anio_acci,nro_acci,fecha,desc_dia,fecha_aprox,hora_aprox,desc_ruta,km,cant_participantes,desc_participante,calle_avenida_km,total,heridos_leves,heridos_graves,heridos_gravisimos,ilesos,fallecidos,sin_datos,posicion_XY,desc_tipo_via,desc_ruta_ori,desc_loc,desc_dpto,desc_tipo_calzada,desc_tipo_banquina,desc_unidad_regional,desc_lugar_calzada,desc_zona,desc_prioridad,desc_estado_semaforo,desc_lugar_via,desc_estado_via,desc_estado_visibilidad,desc_luminosidad,desc_estado_clima,desc_tipo_colision,desc_tipo_atropello,desc_tipo_hecho,desc_pres_calzada,desc_senializacion,desc_separacion_via,desc_restriccion,forma_geocod,calle_lista,numero_calles,calles_osm,lat,lon,index_right,gid,fna,gna,nam,in1,fdc,sag
2012,367,2012-01-13,Viernes,0.0,15:00:00,,0.0,1,Moto/Ciclomotor,ESPAÑA Y MADRE CABRINI,1,1,0,0,0,0,0,,Calle,,ROSARIO,Rosario,S/D,S/D,II,Dentro,Urbana,S/D,S/D,Recta,S/D,S/D,Diurna,S/D,S/D,S/D,Colisión,S/D,S/D,S/D,S/D,POINT (-60.6575269 -33.005268300000004),"['España', 'Madre Cabrini']",2,España; Madre Cabrini,-33.005268300000004,-60.6575269,55.0,538.0,Municipio Rosario,Municipio,Rosario,820210,Servicio de Catastro e Información Territorial,IGN
2012,368,2012-01-10,Martes,0.0,21:25:00,,0.0,2,"Moto/Ciclomotor,Automóvil",alem y rueda,2,1,0,0,1,0,0,,Calle,,ROSARIO,Rosario,Asfalto,No existe,II,Dentro,Urbana,Marca Vial,No existe,Intersección,Bueno,Buena,"Nocturna,Con luz artificial",Buen Tiempo,Lateral,S/D,Colisión,Otro,Vertical,Ninguna,Sin restricción,POINT (-60.63449020000001 -32.9728384),"['Alem', 'Rueda']",2,Leandro N. Alem; Rueda,-32.9728384,-60.63449020000001,55.0,538.0,Municipio Rosario,Municipio,Rosario,820210,Servicio de Catastro e Información Territorial,IGN
2012,369,2012-01-14,Sabado,0.0,19:20:00,,0.0,1,Moto/Ciclomotor,ESPAÑA Y KANTUTA,3,2,0,0,1,0,0,,Calle,,ROSARIO,Rosario,S/D,S/D,II,Dentro,Urbana,S/D,S/D,Recta,S/D,S/D,Atardecer,S/D,S/D,S/D,Colisión,S/D,S/D,S/D,S/D,POINT (-60.6569516 -33.01216000000001),"['España', 'Khantuta']",2,España; Khantuta,-33.01216000000001,-60.6569516,55.0,538.0,Municipio Rosario,Municipio,Rosario,820210,Servicio de Catastro e Información Territorial,IGN
2012,370,2012-01-04,Miercoles,0.0,20:00:00,,0.0,1,Moto/Ciclomotor,AV. MITRE Y URIBURU,1,1,0,0,0,0,0,,Avenida,,ROSARIO,Rosario,Asfalto,No existe,II,Dentro,Urbana,Señal Pare,No existe,Intersección,Bueno,Buena,Atardecer,Buen Tiempo,Lateral,S/D,Colisión,S/D,Vertical,Ninguna,Sin restricción,POINT (-60.65080725 -32.9908231),"['Mitre', 'Uriburu']",2,Bartolomé Mitre; Avenida José Uriburu,-32.9908231,-60.65080725,55.0,538.0,Municipio Rosario,Municipio,Rosario,820210,Servicio de Catastro e Información Territorial,IGN
2012,371,2012-01-09,Lunes,0.0,18:25:00,,0.0,2,"Moto/Ciclomotor,Automóvil",bs. as. y bv. segui,3,2,0,0,1,0,0,,Avenida,,ROSARIO,Rosario,Asfalto,No existe,II,Dentro,Urbana,Marca Vial,No existe,Intersección,Bueno,Buena,Diurna,Buen Tiempo,Lateral,S/D,Colisión,Otro,Vertical,Vegetación,Sin restricción,POINT (-60.640923400000005 -32.98006374999999),"['Buenos Aires', 'Bulevar Juan Francisco Seguí']",2,Buenos Aires; Bulevar Juan Francisco Seguí,-32.98006374999999,-60.640923400000005,55.0,538.0,Municipio Rosario,Municipio,Rosario,820210,Servicio de Catastro e Información Territorial,IGN
2012,372,2012-01-04,Miercoles,0.0,15:10:00,,0.0,1,Moto/Ciclomotor,PTE. QUINTANA Y RODRIGUEZ,1,1,0,0,0,0,0,,Calle,,ROSARIO,Rosario,Asfalto,No existe,II,Dentro,Urbana,Ninguna,No existe,Intersección,Bueno,Buena,Diurna,Buen Tiempo,Lateral,S/D,Colisión,S/D,S/D,Ninguna,Sin restricción,POINT (-60.66784679999999 -32.978851),"['Quintana', 'Rodríguez']",2,"('Presidente Quintana', 'Martín Rodríguez')",-32.978851,-60.66784679999999,55.0,538.0,Municipio Rosario,Municipio,Rosario,820210,Servicio de Catastro e Información Territorial,IGN
2012,373,2012-01-03,Martes,0.0,09:30:00,,0.0,1,Moto/Ciclomotor,CORRIENTES Y GARIBALDI,1,1,0,0,0,0,0,,Calle,,ROSARIO,Rosario,Asfalto,No existe,II,Dentro,Urbana,Señal Pare,No existe,Intersección,Bueno,S/D,Diurna,Buen Tiempo,Lateral,S/D,Colisión,S/D,Vertical,Ninguna,Sin restricción,POINT (-60.6523162 -32.98523470000001),"['Corrientes', 'José Garibaldi']",2,Corrientes; José Garibaldi,-32.98523470000001,-60.6523162,55.0,538.0,Municipio Rosario,Municipio,Rosario,820210,Servicio de Catastro e Información Territorial,IGN
2012,374,2012-01-06,Viernes,0.0,20:30:00,,0.0,2,"Moto/Ciclomotor,Automóvil",garibaldi y ayacucho,2,1,0,0,1,0,0,,Calle,,ROSARIO,Rosario,Asfalto,No existe,II,Dentro,Urbana,Marca Vial,No existe,Intersección,Bueno,Buena,"Nocturna,Con luz artificial",Buen Tiempo,Lateral,S/D,Colisión,Otro,S/D,Ninguna,Sin restricción,POINT (-60.6365408 -32.9880058),"['José Garibaldi', 'Ayacucho']",2,José Garibaldi; Ayacucho,-32.9880058,-60.6365408,55.0,538.0,Municipio Rosario,Municipio,Rosario,820210,Servicio de Catastro e Información Territorial,IGN
2012,375,2012-01-16,Lunes,0.0,16:00:00,,0.0,1,Bicicleta,AV. BATLE Y ORDOÑEZ Y SAADI CARNOT,2,1,0,0,1,0,0,,Avenida,,ROSARIO,Rosario,S/D,S/D,II,Dentro,Urbana,S/D,S/D,Recta,S/D,S/D,S/D,S/D,S/D,S/D,Atropello,S/D,S/D,S/D,S/D,POINT (-60.648497000000006 -33.008926200000005),"['Avenida Battle y Ordoñez', 'Sadi Carnot']",2,Avenida Battle y Ordoñez; Sadi Carnot,-33.008926200000005,-60.648497000000006,55.0,538.0,Municipio Rosario,Municipio,Rosario,820210,Servicio de Catastro e Información Territorial,IGN
2012,376,2012-01-02,Lunes,0.0,00:00:00,,0.0,2,"Moto/Ciclomotor,Pickup/Utilitario",bs. as. y bv. segui,2,1,0,0,1,0,0,,Avenida,,ROSARIO,Rosario,Asfalto,Pavimento,II,Dentro,Urbana,Señal Pare,No existe,Intersección,Bueno,Buena,Diurna,Buen Tiempo,Frontal,S/D,Colisión,Otro,Vertical,Vegetación,Sin restricción,POINT (-60.640923400000005 -32.98006374999999),"['Buenos Aires', 'Bulevar Juan Francisco Seguí']",2,Buenos Aires; Bulevar Juan Francisco Seguí,-32.98006374999999,-60.640923400000005,55.0,538.0,Municipio Rosario,Municipio,Rosario,820210,Servicio de Catastro e Información Territorial,IGN
2012,377,2012-01-21,Sabado,0.0,12:10:00,,0.0,1,Moto/Ciclomotor,entre rios 2400,1,1,0,0,0,0,0,,Calle,,ROSARIO,Rosario,Asfalto,No existe,II,Dentro,Urbana,Ninguna,S/D,Intersección,S/D,S/D,Diurna,S/D,Lateral,S/D,Colisión,S/D,S/D,Ninguna,Sin restricción,"-32.964706, -60.6457384",['Entre Rios 2400'],1,Entre Rios 2400,-32.964706,-60.6457384,55.0,538.0,Municipio Rosario,Municipio,Rosario,820210,Servicio de Catastro e Información Territorial,IGN
2012,378,2012-01-21,Sabado,0.0,11:30:00,,0.0,1,Moto/Ciclomotor,san martin y garay,1,1,0,0,0,0,0,,Avenida,,ROSARIO,Rosario,Asfalto,S/D,II,Dentro,Urbana,S/D,No existe,Intersección,S/D,S/D,Diurna,Buen Tiempo,Lateral,S/D,Colisión,S/D,S/D,S/D,S/D,POINT (-60.6437417 -32.97477079999999),"['San Martin', 'Garay']",2,"('José de San Martín', 'Juan de Garay')",-32.97477079999999,-60.6437417,55.0,538.0,Municipio Rosario,Municipio,Rosario,820210,Servicio de Catastro e Información Territorial,IGN
2012,383,2012-01-07,Sabado,0.0,18:50:00,,0.0,2,"Moto/Ciclomotor,Pickup/Utilitario",Alem y Garay,4,0,0,0,2,2,0,,Calle,,ROSARIO,Rosario,Asfalto,No existe,II,Dentro,Urbana,Semáforo,Funciona,Intersección,Bueno,S/D,Diurna,Buen Tiempo,Lateral,S/D,Colisión,S/D,"Horizontal,Vertical",Ninguna,Sin restricción,POINT (-60.635357000000006 -32.97627119999999),"['Alem', 'Garay']",2,Leandro N. Alem; Juan de Garay,-32.97627119999999,-60.635357000000006,55.0,538.0,Municipio Rosario,Municipio,Rosario,820210,Servicio de Catastro e Información Territorial,IGN
2012,385,2012-01-03,Martes,0.0,21:30:00,,0.0,1,Bicicleta,PJE. DE LA CIERVA Y CALLAO,1,1,0,0,0,0,0,,Calle,,ROSARIO,Rosario,Asfalto,No existe,II,Dentro,Urbana,Ninguna,No existe,Intersección,Bueno,Buena,Diurna,Buen Tiempo,S/D,S/D,Atropello,S/D,S/D,Ninguna,Sin restricción,POINT (-60.67138750000001 -32.98717779999999),"['De La Cierva', 'Callao']",2,De La Cierva; Callao,-32.98717779999999,-60.67138750000001,55.0,538.0,Municipio Rosario,Municipio,Rosario,820210,Servicio de Catastro e Información Territorial,IGN
2012,386,2012-01-03,Martes,0.0,20:30:00,,0.0,1,Moto/Ciclomotor,AV. ROSARIO Y PARAGUAY,1,1,0,0,0,0,0,,Avenida,,ROSARIO,Rosario,Asfalto,No existe,II,Dentro,Urbana,S/D,S/D,Intersección,Bueno,Buena,Atardecer,Buen Tiempo,Lateral,S/D,Colisión,S/D,S/D,Ninguna,Sin restricción,POINT (-60.654827 -33.000033800000004),"['Rosario', 'Paraguay']",2,Puente Nuestra Señora del Rosario; Paraguay,-33.000033800000004,-60.654827,55.0,538.0,Municipio Rosario,Municipio,Rosario,820210,Servicio de Catastro e Información Territorial,IGN
2012,387,2012-01-03,Martes,0.0,19:10:00,,0.0,1,Moto/Ciclomotor,DORREGO Y URUGUAY,1,1,0,0,0,0,0,,Calle,,ROSARIO,Rosario,Asfalto,No existe,II,Dentro,Urbana,S/D,S/D,Intersección,Bueno,Buena,Atardecer,Buen Tiempo,Lateral,S/D,Colisión,S/D,S/D,Ninguna,Sin restricción,POINT (-60.6568802 -32.97483409999999),"['Dorrego', 'Uruguay']",2,Manuel Dorrego; Uruguay,-32.97483409999999,-60.6568802,55.0,538.0,Municipio Rosario,Municipio,Rosario,820210,Servicio de Catastro e Información Territorial,IGN
2012,388,2012-01-03,Martes,0.0,09:10:00,,0.0,1,Automóvil,PTE. ROCA Y MR. ROSS,1,1,0,0,0,0,0,,Calle,,ROSARIO,Rosario,Asfalto,No existe,II,Dentro,Urbana,Ninguna,No existe,Intersección,Bueno,Buena,Diurna,Buen Tiempo,Lateral,S/D,Colisión,S/D,S/D,Ninguna,Sin restricción,POINT (-60.6556614 -32.98702569999999),"['Roca', 'Rodrigo M. Ross']",2,Presidente Roca; Rodrigo M. Ross,-32.98702569999999,-60.6556614,55.0,538.0,Municipio Rosario,Municipio,Rosario,820210,Servicio de Catastro e Información Territorial,IGN
2012,389,2012-01-03,Martes,0.0,21:30:00,,0.0,1,Automóvil,SAN MARTIN 4700,3,2,0,0,1,0,0,,Avenida,,ROSARIO,Rosario,Asfalto,No existe,II,Dentro,Urbana,Ninguna,No existe,Recta,Bueno,Buena,Diurna,Buen Tiempo,Lateral,S/D,Colisión,S/D,S/D,Ninguna,Sin restricción,"-32.9764777, -60.6372639",['San Martin 4700'],1,San Martin 4700,-32.9764777,-60.6372639,55.0,538.0,Municipio Rosario,Municipio,Rosario,820210,Servicio de Catastro e Información Territorial,IGN
2012,390,2012-01-03,Martes,0.0,13:30:00,,0.0,1,Moto/Ciclomotor,SAN MARTIN Y AMEGHINO,1,1,0,0,0,0,0,,Avenida,,ROSARIO,Rosario,Asfalto,No existe,II,Dentro,Urbana,Semáforo,Funciona,Intersección,Bueno,Buena,Diurna,Buen Tiempo,Lateral,S/D,Colisión,S/D,Vertical,Ninguna,Sin restricción,POINT (-60.6460194 -32.987542250000004),"['San Martin', 'Ameghino']",2,José de San Martín; Ameghino,-32.987542250000004,-60.6460194,55.0,538.0,Municipio Rosario,Municipio,Rosario,820210,Servicio de Catastro e Información Territorial,IGN
2012,391,2012-01-02,Lunes,0.0,09:00:00,,0.0,1,Automóvil,AV. URIBURU Y SARMIENTO,1,1,0,0,0,0,0,,Avenida,,ROSARIO,Rosario,Asfalto,No existe,II,S/D,S/D,Señal Pare,No existe,Intersección,Bueno,Buena,Diurna,Buen Tiempo,Otro,S/D,Colisión,S/D,Horizontal,Ninguna,Sin restricción,POINT (-60.64935790000001 -32.990775299999996),"['Uriburu', 'Sarmiento']",2,Avenida José Uriburu; Sarmiento,-32.9907753,-60.64935790000001,55.0,538.0,Municipio Rosario,Municipio,Rosario,820210,Servicio de Catastro e Información Territorial,IGN
2012,392,2012-01-22,Domingo,0.0,14:15:00,,0.0,1,Moto/Ciclomotor,dorrego y viamonte,2,2,0,0,0,0,0,,Calle,,ROSARIO,Rosario,Asfalto,S/D,II,Dentro,Urbana,S/D,S/D,Recta,Bueno,Buena,S/D,S/D,Lateral,S/D,Colisión,S/D,S/D,S/D,S/D,POINT (-60.6539778 -32.963386299999996),"['Dorrego', 'Viamonte']",2,Manuel Dorrego; Viamonte,-32.9633863,-60.6539778,55.0,538.0,Municipio Rosario,Municipio,Rosario,820210,Servicio de Catastro e Información Territorial,IGN
2012,393,2012-01-21,Sabado,0.0,00:00:00,,0.0,1,Pickup/Utilitario,av. 27 de febrero y s. martin,3,3,0,0,0,0,0,,Avenida,,ROSARIO,Rosario,Asfalto,S/D,II,Dentro,Urbana,S/D,S/D,Recta,Bueno,Buena,S/D,S/D,Lateral,S/D,Colisión,S/D,S/D,S/D,S/D,POINT (-60.6640495 -32.963983600000006),"['27 de Febrero', 'Martin']",2,"('Bulevar 27 de Febrero', 'Martín Rodríguez')",-32.963983600000006,-60.6640495,55.0,538.0,Municipio Rosario,Municipio,Rosario,820210,Servicio de Catastro e Información Territorial,IGN
2012,395,2012-01-30,Lunes,0.0,07:45:00,,0.0,1,Moto/Ciclomotor,MORENO Y CENTENO,2,0,0,0,0,0,2,,Calle,,ROSARIO,Rosario,Asfalto,No existe,II,Dentro,Urbana,Ninguna,S/D,Intersección,S/D,S/D,Diurna,S/D,Lateral,S/D,Colisión,S/D,S/D,Ninguna,Sin restricción,POINT (-60.660207 -32.982610499999986),"['Moreno', 'Centeno']",2,Mariano Moreno; Coronel Centeno,-32.982610499999986,-60.660207,55.0,538.0,Municipio Rosario,Municipio,Rosario,820210,Servicio de Catastro e Información Territorial,IGN
2012,396,2012-01-30,Lunes,0.0,04:30:00,,0.0,1,Automóvil,BV. OROÑO Y GARIBALDI,1,1,0,0,0,0,0,,Avenida,,ROSARIO,Rosario,Asfalto,No existe,II,Dentro,Urbana,Ninguna,S/D,Intersección,S/D,S/D,Nocturna,S/D,Lateral,S/D,Colisión,S/D,S/D,Ninguna,Sin restricción,POINT (-60.6632508 -32.983266949999994),"['Bulevar Nicasio Oroño', 'José Garibaldi']",2,Bulevar Nicasio Oroño; José Garibaldi,-32.983266949999994,-60.6632508,55.0,538.0,Municipio Rosario,Municipio,Rosario,820210,Servicio de Catastro e Información Territorial,IGN
2012,397,2012-01-17,Martes,0.0,14:00:00,,0.0,1,,C. BERNARDI Y ALTUGARAY,2,1,0,0,1,0,0,,Calle,,ROSARIO,Rosario,S/D,S/D,II,Dentro,Urbana,S/D,S/D,Recta,S/D,S/D,Diurna,S/D,S/D,S/D,Atropello,S/D,S/D,S/D,S/D,POINT (-60.6458515 -33.012922100000004),"['Bernardi', 'Alzugaray']",2,Avenida Bernardino Rivadavia; Alzugaray,-33.012922100000004,-60.6458515,55.0,538.0,Municipio Rosario,Municipio,Rosario,820210,Servicio de Catastro e Información Territorial,IGN
2012,398,2012-01-17,Martes,0.0,14:00:00,,0.0,1,Peatón,C. BERNARDI Y ALTUGARAY,2,1,0,0,1,0,0,,Calle,,ROSARIO,Rosario,S/D,S/D,II,Dentro,Urbana,S/D,S/D,Recta,S/D,S/D,Diurna,S/D,S/D,S/D,Atropello,S/D,S/D,S/D,S/D,POINT (-60.6458515 -33.012922100000004),"['Bernardi', 'Alzugaray']",2,Avenida Bernardino Rivadavia; Alzugaray,-33.012922100000004,-60.6458515,55.0,538.0,Municipio Rosario,Municipio,Rosario,820210,Servicio de Catastro e Información Territorial,IGN
2012,399,2012-01-18,Miercoles,0.0,16:50:00,,0.0,1,Moto/Ciclomotor,MADRE CABRINI Y PARAGUAY,3,2,0,0,1,0,0,,Calle,,ROSARIO,Rosario,S/D,S/D,II,Dentro,Urbana,S/D,S/D,Recta,S/D,S/D,Diurna,S/D,S/D,S/D,Colisión,S/D,S/D,S/D,S/D,POINT (-60.6546161 -33.005179899999995),"['Madre Cabrini', 'Paraguay']",2,Madre Cabrini; Paraguay,-33.005179899999995,-60.6546161,55.0,538.0,Municipio Rosario,Municipio,Rosario,820210,Servicio de Catastro e Información Territorial,IGN
2012,400,2012-01-18,Miercoles,0.0,13:50:00,,0.0,1,,PATRICIOS Y BUEOS AIRES,2,1,0,0,1,0,0,,Calle,,ROSARIO,Rosario,S/D,S/D,II,Dentro,Urbana,S/D,S/D,Recta,S/D,S/D,Diurna,S/D,Lateral,S/D,Colisión,S/D,S/D,S/D,S/D,POINT (-60.6446116 -33.0108415),"['Patricios', 'Buenos Aires']",2,Patricios; Buenos Aires,-33.0108415,-60.6446116,55.0,538.0,Municipio Rosario,Municipio,Rosario,820210,Servicio de Catastro e Información Territorial,IGN
2012,401,2012-01-18,Miercoles,0.0,13:50:00,,0.0,1,Moto/Ciclomotor,PATRICIOS Y BUEOS AIRES,2,1,0,0,1,0,0,,Calle,,ROSARIO,Rosario,S/D,S/D,II,Dentro,Urbana,S/D,S/D,Recta,S/D,S/D,Diurna,S/D,Lateral,S/D,Colisión,S/D,S/D,S/D,S/D,POINT (-60.6446116 -33.0108415),"['Patricios', 'Buenos Aires']",2,Patricios; Buenos Aires,-33.0108415,-60.6446116,55.0,538.0,Municipio Rosario,Municipio,Rosario,820210,Servicio de Catastro e Información Territorial,IGN
2012,404,2012-01-24,Martes,0.0,07:05:00,,0.0,1,Moto/Ciclomotor,AV. SAN MARTIN Y CABILDO,2,1,0,0,1,0,0,,Calle,,ROSARIO,Rosario,S/D,S/D,II,Fuera,Urbana,S/D,S/D,Recta,S/D,S/D,S/D,S/D,S/D,S/D,Colisión,S/D,S/D,S/D,S/D,POINT (-60.65030445000001 -33.0074006),"['San Martin', 'Cabildo']",2,José de San Martín; Cabildo,-33.0074006,-60.65030445000001,55.0,538.0,Municipio Rosario,Municipio,Rosario,820210,Servicio de Catastro e Información Territorial,IGN
2012,405,2012-01-20,Viernes,0.0,18:00:00,,0.0,1,Moto/Ciclomotor,ESPAÑA Y LA PAZ,2,2,0,0,0,0,0,,Calle,,ROSARIO,Rosario,Asfalto,S/D,II,Dentro,Urbana,S/D,S/D,Recta,Bueno,Buena,Diurna,S/D,Lateral,S/D,Colisión,S/D,S/D,S/D,S/D,POINT (-60.650946700000006 -32.962692399999995),"['España', 'La Paz']",2,España; La Paz,-32.962692399999995,-60.650946700000006,55.0,538.0,Municipio Rosario,Municipio,Rosario,820210,Servicio de Catastro e Información Territorial,IGN
2012,406,2012-01-29,Domingo,0.0,15:00:00,,0.0,1,,CHACABUCO Y LA PAZ,3,2,0,0,1,0,0,,Calle,,ROSARIO,Rosario,Asfalto,No existe,II,Dentro,Urbana,Ninguna,No existe,Intersección,Bueno,Buena,Diurna,Buen Tiempo,Frontal,S/D,Colisión,S/D,S/D,Ninguna,Sin restricción,POINT (-60.62723890000001 -32.96690489999999),"['Chacabuco', 'La Paz']",2,Chacabuco; La Paz,-32.96690489999999,-60.62723890000001,55.0,538.0,Municipio Rosario,Municipio,Rosario,820210,Servicio de Catastro e Información Territorial,IGN
2012,407,2012-01-29,Domingo,0.0,15:00:00,,0.0,2,"Moto/Ciclomotor,Pickup/Utilitario",CHACABUCO Y LA PAZ,3,2,0,0,1,0,0,,Calle,,ROSARIO,Rosario,Asfalto,No existe,II,Dentro,Urbana,Ninguna,No existe,Intersección,Bueno,Buena,Diurna,Buen Tiempo,Frontal,S/D,Colisión,S/D,S/D,Ninguna,Sin restricción,POINT (-60.62723890000001 -32.96690489999999),"['Chacabuco', 'La Paz']",2,Chacabuco; La Paz,-32.96690489999999,-60.62723890000001,55.0,538.0,Municipio Rosario,Municipio,Rosario,820210,Servicio de Catastro e Información Territorial,IGN
2012,408,2012-01-20,Viernes,0.0,09:15:00,,0.0,1,Moto/Ciclomotor,AV. MITRE Y OCAMPO,2,2,0,0,0,0,0,,Avenida,,ROSARIO,Rosario,Asfalto,S/D,II,Dentro,Urbana,S/D,S/D,Recta,Bueno,S/D,Diurna,S/D,De alcance,S/D,Colisión,S/D,S/D,S/D,S/D,POINT (-60.6445716 -32.96621689999999),"['Mitre', 'Ocampo']",2,Bartolomé Mitre; Ocampo,-32.96621689999999,-60.6445716,55.0,538.0,Municipio Rosario,Municipio,Rosario,820210,Servicio de Catastro e Información Territorial,IGN
2012,409,2012-01-29,Domingo,0.0,02:15:00,,0.0,2,"Moto/Ciclomotor,Automóvil",27 DE FEBRERO Y ALEM,3,1,1,0,1,0,0,,Calle,,ROSARIO,Rosario,Asfalto,No existe,II,Dentro,Urbana,Semáforo,No existe,Intersección,Bueno,Buena,Nocturna,Buen Tiempo,Lateral,S/D,Colisión,S/D,S/D,Ninguna,S/D,POINT (-60.63361105 -32.96936275),"['27 de Febrero', 'Alem']",2,Bulevar 27 de Febrero; Leandro N. Alem,-32.96936275,-60.63361105,55.0,538.0,Municipio Rosario,Municipio,Rosario,820210,Servicio de Catastro e Información Territorial,IGN
2012,410,2012-01-19,Jueves,0.0,21:55:00,,0.0,1,Moto/Ciclomotor,RIOBAMBA Y ESPAÑA,2,2,0,0,0,0,0,,Calle,,ROSARIO,Rosario,Asfalto,S/D,II,Dentro,Urbana,S/D,S/D,Recta,Bueno,Buena,S/D,S/D,Lateral,S/D,Colisión,S/D,S/D,S/D,S/D,POINT (-60.6506574 -32.9615418),"['Riobamba', 'España']",2,Riobamba; España,-32.9615418,-60.6506574,55.0,538.0,Municipio Rosario,Municipio,Rosario,820210,Servicio de Catastro e Información Territorial,IGN
2012,411,2012-01-19,Jueves,0.0,15:30:00,,0.0,1,Moto/Ciclomotor,RUEDA Y ALVEAR,1,1,0,0,0,0,0,,Calle,,ROSARIO,Rosario,Asfalto,S/D,II,Dentro,Urbana,S/D,S/D,Recta,Bueno,S/D,S/D,S/D,Lateral,S/D,Colisión,S/D,S/D,S/D,S/D,POINT (-60.66085950000001 -32.96812210000001),"['Rueda', 'Alvear']",2,Rueda; Alvear,-32.96812210000001,-60.66085950000001,55.0,538.0,Municipio Rosario,Municipio,Rosario,820210,Servicio de Catastro e Información Territorial,IGN
2012,412,2012-01-18,Miercoles,0.0,00:00:00,,0.0,1,Moto/Ciclomotor,ENTRE RIOS Y LA PAZ,1,1,0,0,0,0,0,,Calle,,ROSARIO,Rosario,Asfalto,S/D,II,Dentro,Urbana,S/D,S/D,Recta,Bueno,Buena,S/D,S/D,Lateral,S/D,Colisión,S/D,S/D,S/D,S/D,POINT (-60.64540379999999 -32.9636773),"['Entre Ríos', 'La Paz']",2,Entre Ríos; La Paz,-32.9636773,-60.64540379999999,55.0,538.0,Municipio Rosario,Municipio,Rosario,820210,Servicio de Catastro e Información Territorial,IGN
2012,413,2012-01-29,Domingo,0.0,19:10:00,,0.0,2,"Moto/Ciclomotor,Pickup/Utilitario",MOLINA Y SUPERI,2,1,1,0,0,0,0,,Calle,,ROSARIO,Rosario,Hormigón,S/D,II,Dentro,Urbana,Señal Pare,S/D,Intersección,Deteriorada,S/D,Diurna,Buen Tiempo,Lateral,S/D,Colisión,Otro,S/D,S/D,S/D,POINT (-60.704566500000006 -32.8965788),"['Molina', 'Superi']",2,Molina; Comandante José Superí,-32.8965788,-60.704566500000006,55.0,538.0,Municipio Rosario,Municipio,Rosario,820210,Servicio de Catastro e Información Territorial,IGN
2012,415,2012-01-11,Miercoles,0.0,13:00:00,,0.0,2,"Moto/Ciclomotor,Pickup/Utilitario",RIOBAMBA 200,2,1,0,0,1,0,0,,Calle,,ROSARIO,Rosario,Asfalto,No existe,II,Dentro,Urbana,Ninguna,No existe,Recta,Bueno,Buena,Diurna,Buen Tiempo,Lateral,S/D,Colisión,S/D,S/D,Cordón divisorio,Sin restricción,"-32.9652327, -60.6295565",['Riobamba 200'],1,Riobamba 200,-32.9652327,-60.6295565,55.0,538.0,Municipio Rosario,Municipio,Rosario,820210,Servicio de Catastro e Información Territorial,IGN
2012,416,2012-01-20,Viernes,0.0,18:00:00,,0.0,1,Peatón,galvez y españa,1,1,0,0,0,0,0,,Calle,,ROSARIO,Rosario,Asfalto,S/D,II,Dentro,Urbana,S/D,S/D,Recta,Bueno,Buena,S/D,S/D,Otro,S/D,Atropello,S/D,S/D,S/D,S/D,POINT (-60.652104200000004 -32.9672958),"['Galvez', 'España']",2,José Gálvez; España,-32.9672958,-60.6521042,55.0,538.0,Municipio Rosario,Municipio,Rosario,820210,Servicio de Catastro e Información Territorial,IGN
2012,418,2012-01-10,Martes,0.0,02:00:00,,0.0,1,Automóvil,av. 27 de febrero e italia,1,1,0,0,0,0,0,,Avenida,,ROSARIO,Rosario,Asfalto,S/D,II,Dentro,Urbana,S/D,Funciona,Recta,Bueno,Buena,Con luz artificial,S/D,De alcance,S/D,Colisión,S/D,Vertical,S/D,S/D,POINT (-60.65319205 -32.96586075),"['27 de Febrero', 'Italia']",2,Bulevar 27 de Febrero; Italia,-32.96586075,-60.65319205,55.0,538.0,Municipio Rosario,Municipio,Rosario,820210,Servicio de Catastro e Información Territorial,IGN
2012,419,2012-01-12,Jueves,0.0,00:00:00,,0.0,1,Transporte de Pasajeros Urbano (> 8 asientos),MAIPU 1700,1,1,0,0,0,0,0,,Calle,,ROSARIO,Rosario,Asfalto,No existe,II,Dentro,Urbana,S/D,Funciona,Recta,Bueno,Buena,Diurna,Buen Tiempo,S/D,S/D,Caída ocupante,S/D,S/D,Cordón divisorio,S/D,"-32.9576405, -60.6381541",['Maipu 1700'],1,Maipu 1700,-32.9576405,-60.6381541,55.0,538.0,Municipio Rosario,Municipio,Rosario,820210,Servicio de Catastro e Información Territorial,IGN
2012,421,2012-01-09,Lunes,0.0,13:30:00,,0.0,1,Bicicleta,galvez y paraguay,1,1,0,0,0,0,0,,Calle,,ROSARIO,Rosario,Asfalto,S/D,II,Dentro,Urbana,S/D,S/D,Recta,Bueno,Buena,Diurna,S/D,Lateral,S/D,Colisión,S/D,S/D,S/D,S/D,POINT (-60.64936409999999 -32.9677811),"['Galvez', 'Paraguay']",2,José Gálvez; Paraguay,-32.9677811,-60.64936409999999,55.0,538.0,Municipio Rosario,Municipio,Rosario,820210,Servicio de Catastro e Información Territorial,IGN
2012,422,2012-01-09,Lunes,0.0,14:00:00,,0.0,1,Moto/Ciclomotor,bv. oroño y cochabamba,1,1,0,0,0,0,0,,Avenida,,ROSARIO,Rosario,Asfalto,S/D,II,Dentro,Urbana,S/D,S/D,Recta,Bueno,Buena,Diurna,S/D,De alcance,S/D,Colisión,S/D,S/D,S/D,S/D,POINT (-60.656339 -32.9556154),"['Bulevar Nicasio Oroño', 'Cochabamba']",2,Bulevar Nicasio Oroño; Cochabamba,-32.9556154,-60.656339,55.0,538.0,Municipio Rosario,Municipio,Rosario,820210,Servicio de Catastro e Información Territorial,IGN