anio_acci,nro_acci,fecha,desc_dia,fecha_aprox,hora_aprox,desc_ruta,km,cant_participantes,desc_participante,calle_avenida_km,total,heridos_leves,heridos_graves,heridos_gravisimos,ilesos,fallecidos,sin_datos,posicion_XY,desc_tipo_via,desc_ruta_ori,desc_loc,desc_dpto,desc_tipo_calzada,desc_tipo_banquina,desc_unidad_regional,desc_lugar_calzada,desc_zona,desc_prioridad,desc_estado_semaforo,desc_lugar_via,desc_estado_via,desc_estado_visibilidad,desc_luminosidad,desc_estado_clima,desc_tipo_colision,desc_tipo_atropello,desc_tipo_hecho,desc_pres_calzada,desc_senializacion,desc_separacion_via,desc_restriccion,forma_geocod,calle_lista,numero_calles,calles_osm,lat,lon,index_right,gid,fna,gna,nam,in1,fdc,sag
2012,423,2012-01-13,Viernes,0.0,00:00:00,,0.0,1,Moto/Ciclomotor,GALVEZ 300,2,2,0,0,0,0,0,,Calle,,ROSARIO,Rosario,Asfalto,No existe,II,Dentro,Urbana,Ninguna,No existe,Recta,Bueno,Buena,Diurna,Buen Tiempo,S/D,S/D,Despiste,S/D,S/D,Cordón divisorio,S/D,"-32.9707505, -60.6323992",['Galvez 300'],1,Galvez 300,-32.9707505,-60.6323992,55.0,538.0,Municipio Rosario,Municipio,Rosario,820210,Servicio de Catastro e Información Territorial,IGN
2012,424,2012-01-09,Lunes,0.0,20:30:00,,0.0,1,Automóvil,av. 27 de febrero y pte. roca,2,2,0,0,0,0,0,,Avenida,,ROSARIO,Rosario,Asfalto,S/D,II,Dentro,Urbana,S/D,Funciona,Recta,Bueno,Buena,Con luz artificial,Buen Tiempo,Lateral,S/D,Colisión,S/D,Vertical,S/D,S/D,POINT (-60.65043195 -32.966353399999996),"['27 de Febrero', 'Roca']",2,Bulevar 27 de Febrero; Presidente Roca,-32.9663534,-60.65043195,55.0,538.0,Municipio Rosario,Municipio,Rosario,820210,Servicio de Catastro e Información Territorial,IGN
2012,426,2012-01-07,Sabado,0.0,08:45:00,,0.0,1,Moto/Ciclomotor,bv. oroño y virasoro,1,1,0,0,0,0,0,,Avenida,,ROSARIO,Rosario,Asfalto,S/D,II,Dentro,Urbana,S/D,S/D,Recta,Bueno,Buena,Diurna,S/D,Lateral,S/D,Colisión,S/D,S/D,S/D,S/D,POINT (-60.65921435 -32.967215949999996),"['Bulevar Nicasio Oroño', 'Virasoro']",2,Bulevar Nicasio Oroño; Benjamín Virasoro,-32.96721595,-60.65921435,55.0,538.0,Municipio Rosario,Municipio,Rosario,820210,Servicio de Catastro e Información Territorial,IGN
2012,428,2012-01-07,Sabado,0.0,12:15:00,,0.0,1,Bicicleta,entre rios y av. 27 de febrero,1,1,0,0,0,0,0,,Avenida,,ROSARIO,Rosario,Asfalto,S/D,II,Dentro,Urbana,S/D,S/D,Recta,Bueno,Buena,Diurna,Buen Tiempo,De alcance,S/D,Atropello,S/D,S/D,S/D,S/D,POINT (-60.64626885000001 -32.967096450000014),"['Entre Ríos', '27 de Febrero']",2,Entre Ríos; Bulevar 27 de Febrero,-32.967096450000014,-60.64626885000001,55.0,538.0,Municipio Rosario,Municipio,Rosario,820210,Servicio de Catastro e Información Territorial,IGN
2012,429,2012-01-14,Sabado,0.0,07:00:00,,0.0,1,Moto/Ciclomotor,1&#186; DE MAYO Y URIBURU,1,1,0,0,0,0,0,,Calle,,ROSARIO,Rosario,Asfalto,No existe,II,Dentro,Urbana,Ninguna,No existe,Recta,Bueno,S/D,Diurna,Buen Tiempo,Lateral,S/D,Colisión,S/D,S/D,Ninguna,Sin restricción,POINT (-60.640381000000005 -32.9904657),"['Primero de Mayo', 'Uriburu']",2,Primero de Mayo; Avenida José Uriburu,-32.9904657,-60.640381000000005,55.0,538.0,Municipio Rosario,Municipio,Rosario,820210,Servicio de Catastro e Información Territorial,IGN
2012,436,2012-01-07,Sabado,0.0,13:05:00,,0.0,1,Moto/Ciclomotor,entre rios y av. 27 de febrero,1,1,0,0,0,0,0,,Avenida,,ROSARIO,Rosario,Asfalto,S/D,II,Dentro,Urbana,S/D,S/D,Intersección,Bueno,Buena,Diurna,Buen Tiempo,Lateral,S/D,Colisión,S/D,Vertical,S/D,S/D,POINT (-60.64626885000001 -32.967096450000014),"['Entre Ríos', '27 de Febrero']",2,Entre Ríos; Bulevar 27 de Febrero,-32.967096450000014,-60.64626885000001,55.0,538.0,Municipio Rosario,Municipio,Rosario,820210,Servicio de Catastro e Información Territorial,IGN
2012,438,2012-01-10,Martes,0.0,20:10:00,,0.0,2,"Moto/Ciclomotor,Pickup/Utilitario",Balcarce y Batlle y Ordóñez,2,0,0,0,1,1,0,,Calle,,ROSARIO,Rosario,Asfalto,No existe,II,Dentro,Urbana,Semáforo,Funciona,Intersección,Bueno,S/D,Atardecer,Buen Tiempo,Lateral,S/D,Colisión,S/D,S/D,S/D,Sin restricción,POINT (-60.66308240000001 -33.009310600000006),"['Balcarce', 'Avenida Battle y Ordoñez']",2,Balcarce; Avenida Battle y Ordoñez,-33.009310600000006,-60.66308240000001,55.0,538.0,Municipio Rosario,Municipio,Rosario,820210,Servicio de Catastro e Información Territorial,IGN
2012,439,2012-01-06,Viernes,0.0,17:30:00,,0.0,1,Moto/Ciclomotor,rueda y paraguay,1,1,0,0,0,0,0,,Calle,,ROSARIO,Rosario,Asfalto,S/D,II,Dentro,Urbana,S/D,S/D,Recta,Bueno,Buena,Diurna,Buen Tiempo,Lateral,S/D,Colisión,S/D,S/D,S/D,S/D,POINT (-60.6499444 -32.9700779),"['Rueda', 'Paraguay']",2,Rueda; Paraguay,-32.9700779,-60.6499444,55.0,538.0,Municipio Rosario,Municipio,Rosario,820210,Servicio de Catastro e Información Territorial,IGN
2012,440,2012-01-06,Viernes,0.0,12:30:00,,0.0,1,,av. pellegrini y pueyrredon,1,1,0,0,0,0,0,,Avenida,,ROSARIO,Rosario,Asfalto,S/D,II,Dentro,Urbana,S/D,S/D,Recta,Bueno,Buena,Diurna,Buen Tiempo,Lateral,S/D,Colisión,S/D,Vertical,S/D,S/D,POINT (-60.66011240000001 -32.95378149999999),"['Pellegrini', 'Pueyrredón']",2,Avenida Carlos Pellegrini; Pueyrredón,-32.95378149999999,-60.66011240000001,55.0,538.0,Municipio Rosario,Municipio,Rosario,820210,Servicio de Catastro e Información Territorial,IGN
2012,441,2012-01-06,Viernes,0.0,12:30:00,,0.0,1,Moto/Ciclomotor,av. pellegrini y pueyrredon,1,1,0,0,0,0,0,,Avenida,,ROSARIO,Rosario,Asfalto,S/D,II,Dentro,Urbana,S/D,S/D,Recta,Bueno,Buena,Diurna,Buen Tiempo,Lateral,S/D,Colisión,S/D,Vertical,S/D,S/D,POINT (-60.66011240000001 -32.95378149999999),"['Pellegrini', 'Pueyrredón']",2,Avenida Carlos Pellegrini; Pueyrredón,-32.95378149999999,-60.66011240000001,55.0,538.0,Municipio Rosario,Municipio,Rosario,820210,Servicio de Catastro e Información Territorial,IGN
2012,442,2012-01-04,Miercoles,0.0,22:00:00,,0.0,1,Moto/Ciclomotor,corrientes y virasoro,1,1,0,0,0,0,0,,Calle,,ROSARIO,Rosario,Asfalto,S/D,II,Dentro,Urbana,S/D,S/D,Recta,Bueno,Buena,Con luz artificial,Buen Tiempo,Lateral,S/D,Colisión,S/D,S/D,S/D,S/D,POINT (-60.648275299999995 -32.9691923),"['Corrientes', 'Virasoro']",2,Corrientes; Benjamín Virasoro,-32.9691923,-60.6482753,55.0,538.0,Municipio Rosario,Municipio,Rosario,820210,Servicio de Catastro e Información Territorial,IGN
2012,444,2012-01-04,Miercoles,0.0,12:30:00,,0.0,1,Moto/Ciclomotor,callao y av. pellegrini,1,1,0,0,0,0,0,,Avenida,,ROSARIO,Rosario,Asfalto,S/D,II,Dentro,S/D,S/D,S/D,Recta,Bueno,Buena,Diurna,S/D,Lateral,S/D,Colisión,S/D,Vertical,S/D,S/D,POINT (-60.66283325 -32.95334939999999),"['Callao', 'Pellegrini']",2,Callao; Avenida Carlos Pellegrini,-32.95334939999999,-60.66283325,55.0,538.0,Municipio Rosario,Municipio,Rosario,820210,Servicio de Catastro e Información Territorial,IGN
2012,445,2012-01-04,Miercoles,0.0,09:20:00,,0.0,1,Automóvil,mitre y pasco,2,2,0,0,0,0,0,,Calle,,ROSARIO,Rosario,Asfalto,S/D,II,Dentro,Urbana,S/D,S/D,Recta,Bueno,Buena,Diurna,Buen Tiempo,Lateral,S/D,Colisión,S/D,S/D,S/D,S/D,POINT (-60.6428728 -32.95932040000001),"['Mitre', 'Pasco']",2,Bartolomé Mitre; Pasco,-32.95932040000001,-60.6428728,55.0,538.0,Municipio Rosario,Municipio,Rosario,820210,Servicio de Catastro e Información Territorial,IGN
2012,447,2012-01-03,Martes,0.0,14:10:00,,0.0,1,,pte. roca y pasco,1,1,0,0,0,0,0,,Calle,,ROSARIO,Rosario,Asfalto,S/D,II,Dentro,Urbana,S/D,S/D,Recta,Bueno,Buena,Diurna,Buen Tiempo,Lateral,S/D,Colisión,S/D,S/D,S/D,S/D,POINT (-60.6484017 -32.95832659999999),"['Roca', 'Pasco']",2,Presidente Roca; Pasco,-32.95832659999999,-60.6484017,55.0,538.0,Municipio Rosario,Municipio,Rosario,820210,Servicio de Catastro e Información Territorial,IGN
2012,448,2012-01-03,Martes,0.0,14:10:00,,0.0,1,,pte. roca y pasco,1,1,0,0,0,0,0,,Calle,,ROSARIO,Rosario,Asfalto,S/D,II,Dentro,Urbana,S/D,S/D,Recta,Bueno,Buena,Diurna,Buen Tiempo,Lateral,S/D,Colisión,S/D,S/D,S/D,S/D,POINT (-60.6484017 -32.95832659999999),"['Roca', 'Pasco']",2,Presidente Roca; Pasco,-32.95832659999999,-60.6484017,55.0,538.0,Municipio Rosario,Municipio,Rosario,820210,Servicio de Catastro e Información Territorial,IGN
2012,449,2012-01-03,Martes,0.0,14:10:00,,0.0,1,,pte. roca y pasco,1,1,0,0,0,0,0,,Calle,,ROSARIO,Rosario,Asfalto,S/D,II,Dentro,Urbana,S/D,S/D,Recta,Bueno,Buena,Diurna,Buen Tiempo,Lateral,S/D,Colisión,S/D,S/D,S/D,S/D,POINT (-60.6484017 -32.95832659999999),"['Roca', 'Pasco']",2,Presidente Roca; Pasco,-32.95832659999999,-60.6484017,55.0,538.0,Municipio Rosario,Municipio,Rosario,820210,Servicio de Catastro e Información Territorial,IGN
2012,450,2012-01-03,Martes,0.0,14:10:00,,0.0,1,Moto/Ciclomotor,pte. roca y pasco,1,1,0,0,0,0,0,,Calle,,ROSARIO,Rosario,Asfalto,S/D,II,Dentro,Urbana,S/D,S/D,Recta,Bueno,Buena,Diurna,Buen Tiempo,Lateral,S/D,Colisión,S/D,S/D,S/D,S/D,POINT (-60.6484017 -32.95832659999999),"['Roca', 'Pasco']",2,Presidente Roca; Pasco,-32.95832659999999,-60.6484017,55.0,538.0,Municipio Rosario,Municipio,Rosario,820210,Servicio de Catastro e Información Territorial,IGN
2012,451,2012-01-03,Martes,0.0,14:10:00,,0.0,1,,pte. roca y pasco,1,1,0,0,0,0,0,,Calle,,ROSARIO,Rosario,Asfalto,S/D,II,Dentro,Urbana,S/D,S/D,Recta,Bueno,Buena,Diurna,Buen Tiempo,Lateral,S/D,Colisión,S/D,S/D,S/D,S/D,POINT (-60.6484017 -32.95832659999999),"['Roca', 'Pasco']",2,Presidente Roca; Pasco,-32.95832659999999,-60.6484017,55.0,538.0,Municipio Rosario,Municipio,Rosario,820210,Servicio de Catastro e Información Territorial,IGN
2012,452,2012-01-03,Martes,0.0,14:10:00,,0.0,1,,pte. roca y pasco,1,1,0,0,0,0,0,,Calle,,ROSARIO,Rosario,Asfalto,S/D,II,Dentro,Urbana,S/D,S/D,Recta,Bueno,Buena,Diurna,Buen Tiempo,Lateral,S/D,Colisión,S/D,S/D,S/D,S/D,POINT (-60.6484017 -32.95832659999999),"['Roca', 'Pasco']",2,Presidente Roca; Pasco,-32.95832659999999,-60.6484017,55.0,538.0,Municipio Rosario,Municipio,Rosario,820210,Servicio de Catastro e Información Territorial,IGN
2012,453,2012-01-02,Lunes,0.0,15:00:00,,0.0,1,Moto/Ciclomotor,av. pellegrini y rodriguez,2,2,0,0,0,0,0,,Avenida,,ROSARIO,Rosario,Asfalto,S/D,II,Dentro,Urbana,S/D,Funciona,Recta,Bueno,Buena,Diurna,Buen Tiempo,Lateral,S/D,Colisión,S/D,Vertical,S/D,S/D,POINT (-60.661436800000004 -32.95359945),"['Pellegrini', 'Rodríguez']",2,Avenida Carlos Pellegrini; Rodríguez de Escobedo,-32.95359945,-60.6614368,55.0,538.0,Municipio Rosario,Municipio,Rosario,820210,Servicio de Catastro e Información Territorial,IGN
2012,458,2012-01-14,Sabado,0.0,00:00:00,,0.0,2,"Peatón,Transporte de Pasajeros Urbano (> 8 asientos)",Casiano Casas y Baigorria,2,0,0,0,1,1,0,,Avenida,,ROSARIO,Rosario,Hormigón,No existe,II,Dentro,Urbana,Semáforo,No funciona,Intersección,Bueno,Buena,Diurna,S/D,S/D,S/D,Atropello,S/D,Vertical,S/D,S/D,POINT (-60.7162912 -32.893906199999996),"['Avenida Casiano Casas', 'Baigorria']",2,Avenida Casiano Casas; Baigorria,-32.8939062,-60.7162912,55.0,538.0,Municipio Rosario,Municipio,Rosario,820210,Servicio de Catastro e Información Territorial,IGN
2012,461,2012-01-05,Jueves,0.0,21:00:00,,0.0,1,Peatón,FRIAS 481,1,1,0,0,0,0,0,,Calle,,ROSARIO,Rosario,Asfalto,No existe,II,Dentro,Urbana,Ninguna,No existe,Recta,Bueno,Buena,Nocturna,Buen Tiempo,S/D,S/D,Atropello,S/D,S/D,Ninguna,Sin restricción,"-33.0120353, -60.6510054",['Frias 481'],1,Frias 481,-33.0120353,-60.6510054,55.0,538.0,Municipio Rosario,Municipio,Rosario,820210,Servicio de Catastro e Información Territorial,IGN
2012,465,2012-01-02,Lunes,0.0,19:30:00,,0.0,1,Bicicleta,av. 27 de febrero y suipacha,1,1,0,0,0,0,0,,Avenida,,ROSARIO,Rosario,Asfalto,S/D,II,Dentro,Urbana,S/D,S/D,Recta,Bueno,Buena,Atardecer,S/D,Frontal,S/D,Colisión,S/D,S/D,S/D,S/D,POINT (-60.669517549999995 -32.96294309999999),"['27 de Febrero', 'Suipacha']",2,Bulevar 27 de Febrero; Suipacha,-32.96294309999999,-60.66951755,55.0,538.0,Municipio Rosario,Municipio,Rosario,820210,Servicio de Catastro e Información Territorial,IGN
2012,466,2012-01-01,Domingo,0.0,21:20:00,,0.0,1,Moto/Ciclomotor,AYACUCHO Y REG. 11,1,1,0,0,0,0,0,,Calle,,ROSARIO,Rosario,Asfalto,No existe,II,Dentro,Urbana,Ninguna,No existe,Intersección,Bueno,S/D,Nocturna,Buen Tiempo,Lateral,S/D,Colisión,S/D,S/D,Ninguna,Sin restricción,POINT (-60.6364342 -32.9984412),"['Ayacucho', 'Regimiento 11']",2,Ayacucho; Regimiento 11,-32.9984412,-60.6364342,55.0,538.0,Municipio Rosario,Municipio,Rosario,820210,Servicio de Catastro e Información Territorial,IGN
2012,467,2012-01-01,Domingo,0.0,01:45:00,,0.0,1,Moto/Ciclomotor,BATLE Y ORDOÑEZ Y SALVA,2,2,0,0,0,0,0,,Calle,,ROSARIO,Rosario,Asfalto,No existe,II,Dentro,Urbana,Ninguna,No existe,Intersección,Bueno,Buena,Nocturna,Buen Tiempo,Lateral,S/D,Colisión,S/D,S/D,Ninguna,Sin restricción,POINT (-60.639944799999995 -33.00866369999999),"['Avenida Battle y Ordoñez', 'Salva']",2,Avenida Battle y Ordoñez; Salvat,-33.00866369999999,-60.6399448,55.0,538.0,Municipio Rosario,Municipio,Rosario,820210,Servicio de Catastro e Información Territorial,IGN
2012,468,2012-01-01,Domingo,0.0,01:30:00,,0.0,1,Peatón,MARCELO T.  DE ALVEAR Y  JOSE CHAPO,1,1,0,0,0,0,0,,Calle,,ROSARIO,Rosario,Asfalto,No existe,II,Dentro,Urbana,Ninguna,No existe,Recta,Bueno,Buena,Nocturna,Buen Tiempo,S/D,S/D,Atropello,S/D,S/D,Ninguna,Sin restricción,POINT (-60.621815 -32.9990321),"['Marcelo T. de Alvear', 'José Chapo']",2,Marcelo T. de Alvear; José Chapo,-32.9990321,-60.621815,55.0,538.0,Municipio Rosario,Municipio,Rosario,820210,Servicio de Catastro e Información Territorial,IGN
2012,472,2012-01-04,Miercoles,0.0,12:00:00,,0.0,2,"Tracción animal / Carro,Moto/Ciclomotor",AVDA. CASAS Y SUPERI,2,0,1,0,1,0,0,,Avenida,,ROSARIO,Rosario,Asfalto,S/D,II,Dentro,Urbana,S/D,S/D,Recta,Bueno,S/D,S/D,Buen Tiempo,Frontal,S/D,Colisión,S/D,S/D,S/D,S/D,POINT (-60.7146469 -32.89693319999999),"['Casas', 'Superi']",2,Pasaje M. Casas; Comandante José Superí,-32.89693319999999,-60.7146469,55.0,538.0,Municipio Rosario,Municipio,Rosario,820210,Servicio de Catastro e Información Territorial,IGN
2012,474,2012-01-06,Viernes,0.0,15:15:00,,0.0,2,"Peatón,Moto/Ciclomotor",PIZURNO Y HERRERA,1,1,0,0,0,0,0,,Calle,,ROSARIO,Rosario,Hormigón,S/D,II,Dentro,Urbana,S/D,S/D,Intersección,Bueno,S/D,S/D,Buen Tiempo,S/D,S/D,S/D,S/D,S/D,S/D,S/D,POINT (-60.71149700000001 -32.897755499999995),"['Pablo Pizzurno', 'Herrera']",2,Pablo Pizzurno; Franzini Herrera,-32.897755499999995,-60.71149700000001,55.0,538.0,Municipio Rosario,Municipio,Rosario,820210,Servicio de Catastro e Información Territorial,IGN
2012,476,2012-01-11,Miercoles,0.0,15:00:00,,0.0,2,"Moto/Ciclomotor,Automóvil",CAMINO GRANADEROS Y PALESTINA,2,1,0,0,1,0,0,,Calle,,ROSARIO,Rosario,Tierra,S/D,II,S/D,Urbana,S/D,Funciona,Intersección,Bueno,Buena,Diurna,S/D,S/D,S/D,S/D,S/D,Vertical,S/D,S/D,POINT (-60.710063950000006 -32.88599805),"['Camino de los Granaderos', 'Palestina']",2,Camino de los Granaderos; Palestina,-32.88599805,-60.710063950000006,55.0,538.0,Municipio Rosario,Municipio,Rosario,820210,Servicio de Catastro e Información Territorial,IGN
2012,477,2012-01-18,Miercoles,0.0,13:15:00,,0.0,1,Moto/Ciclomotor,entre rios y riobamba,1,1,0,0,0,0,0,,Calle,,ROSARIO,Rosario,Asfalto,S/D,II,Dentro,Urbana,S/D,S/D,Recta,Bueno,Buena,S/D,Buen Tiempo,Lateral,S/D,Colisión,S/D,S/D,S/D,S/D,POINT (-60.6451139 -32.962534399999996),"['Entre Ríos', 'Riobamba']",2,Entre Ríos; Riobamba,-32.9625344,-60.6451139,55.0,538.0,Municipio Rosario,Municipio,Rosario,820210,Servicio de Catastro e Información Territorial,IGN
2012,478,2012-01-26,Jueves,0.0,17:00:00,,0.0,2,"Bicicleta,Moto/Ciclomotor",H. IRIGOYEN Y UNION,3,2,1,0,0,0,0,,Calle,,ROSARIO,Rosario,Asfalto,S/D,II,Dentro,Urbana,S/D,No existe,Intersección,Bueno,Buena,Atardecer,Buen Tiempo,Lateral,S/D,Colisión,S/D,S/D,S/D,S/D,POINT (-60.70473940000001 -32.8847471),"['Avenida Hipólito Irigoyen', 'Unión']",2,Avenida Hipólito Irigoyen; Unión,-32.8847471,-60.70473940000001,55.0,538.0,Municipio Rosario,Municipio,Rosario,820210,Servicio de Catastro e Información Territorial,IGN
2012,479,2012-01-19,Jueves,0.0,10:30:00,,0.0,2,"Bicicleta,Automóvil",AVALOS Y FREYRE,2,2,0,0,0,0,0,,Calle,,ROSARIO,Rosario,Hormigón,S/D,II,S/D,Urbana,S/D,S/D,Intersección,Bueno,S/D,S/D,Buen Tiempo,S/D,S/D,Atropello,S/D,S/D,S/D,S/D,POINT (-60.7078844 -32.8957083),"['Ávalos', 'Freyre']",2,Ávalos; Freyre,-32.8957083,-60.7078844,55.0,538.0,Municipio Rosario,Municipio,Rosario,820210,Servicio de Catastro e Información Territorial,IGN
2012,480,2012-01-14,Sabado,0.0,18:40:00,,0.0,1,Bicicleta,ituzaingo y mitre,1,1,0,0,0,0,0,,Calle,,ROSARIO,Rosario,Asfalto,S/D,II,Dentro,Urbana,S/D,S/D,Recta,Bueno,Buena,S/D,S/D,Lateral,S/D,Colisión,S/D,S/D,S/D,S/D,POINT (-60.64316469999999 -32.96049219999998),"['Ituzaingó', 'Mitre']",2,Ituzaingó; Bartolomé Mitre,-32.96049219999998,-60.64316469999999,55.0,538.0,Municipio Rosario,Municipio,Rosario,820210,Servicio de Catastro e Información Territorial,IGN
2012,481,2012-01-02,Lunes,0.0,18:00:00,,0.0,2,"Bicicleta,Automóvil",SANTA FE Y CAFERATTA,2,1,0,0,1,0,0,,Calle,,ROSARIO,Rosario,Asfalto,No existe,II,Dentro,Urbana,Semáforo,Funciona,Intersección,Bueno,Buena,Diurna,Buen Tiempo,S/D,S/D,Atropello,S/D,S/D,Cordón divisorio,S/D,POINT (-60.67063869999999 -32.939213),"['Santa Fe', 'Cafferata']",2,Santa Fe; Cafferata,-32.939213,-60.67063869999999,55.0,538.0,Municipio Rosario,Municipio,Rosario,820210,Servicio de Catastro e Información Territorial,IGN
2012,482,2012-01-07,Sabado,0.0,03:50:00,,0.0,2,"Moto/Ciclomotor,Automóvil",SAN NICOLAS Y URQUIZA,4,2,0,0,2,0,0,,Calle,,ROSARIO,Rosario,Asfalto,No existe,II,Dentro,Urbana,Ninguna,No existe,Recta,Bueno,Buena,Nocturna,Buen Tiempo,Lateral,S/D,Colisión,S/D,S/D,Ninguna,S/D,POINT (-60.6714596 -32.93685429999999),"['San Nicolás', 'Urquiza']",2,San Nicolás; Justo José de Urquiza,-32.93685429999999,-60.6714596,55.0,538.0,Municipio Rosario,Municipio,Rosario,820210,Servicio de Catastro e Información Territorial,IGN
2012,483,2012-01-23,Lunes,0.0,19:40:00,,0.0,2,"Moto/Ciclomotor,Automóvil",SUPERI Y ANCHORIS,2,0,1,0,1,0,0,,Calle,,ROSARIO,Rosario,Hormigón,S/D,II,Dentro,Urbana,S/D,No existe,Intersección,Bueno,S/D,S/D,Buen Tiempo,S/D,S/D,Colisión,S/D,S/D,S/D,S/D,POINT (-60.70025630000001 -32.89596079999999),"['Superi', 'Anchoris']",2,Comandante José Superí; Anchoris,-32.89596079999999,-60.70025630000001,55.0,538.0,Municipio Rosario,Municipio,Rosario,820210,Servicio de Catastro e Información Territorial,IGN
2012,484,2012-01-14,Sabado,0.0,15:30:00,,0.0,1,Bicicleta,av. gob. caesar y 27 de febrero,1,1,0,0,0,0,0,,Avenida,,ROSARIO,Rosario,Asfalto,S/D,II,Dentro,Urbana,S/D,S/D,Recta,Bueno,Buena,Diurna,Buen Tiempo,Lateral,S/D,Atropello,S/D,S/D,S/D,S/D,POINT (-60.662850425 -32.964128724999995),"['Avenida Gobernador Caesar', '27 de Febrero']",2,Avenida Gobernador Caesar; Bulevar 27 de Febrero,-32.964128724999995,-60.662850425,55.0,538.0,Municipio Rosario,Municipio,Rosario,820210,Servicio de Catastro e Información Territorial,IGN
2012,485,2012-01-13,Viernes,0.0,22:00:00,,0.0,1,Automóvil,sarmiento e ituzaingo,2,2,0,0,0,0,0,,Calle,,ROSARIO,Rosario,Asfalto,S/D,II,Dentro,Urbana,S/D,S/D,Recta,Bueno,Buena,Con luz artificial,S/D,De alcance,S/D,Colisión,S/D,S/D,S/D,S/D,POINT (-60.6417314 -32.96072360000001),"['Sarmiento', 'Ituzaingó']",2,Sarmiento; Ituzaingó,-32.96072360000001,-60.6417314,55.0,538.0,Municipio Rosario,Municipio,Rosario,820210,Servicio de Catastro e Información Territorial,IGN
2012,486,2012-01-27,Viernes,0.0,10:00:00,,0.0,2,"Automóvil,Camión",BAIGORRIA Y CASAS,2,1,0,0,1,0,0,,Avenida,,ROSARIO,Rosario,Asfalto,S/D,II,S/D,Urbana,S/D,Funciona,Recta,Bueno,Buena,S/D,Buen Tiempo,S/D,S/D,S/D,S/D,S/D,S/D,S/D,POINT (-60.7162912 -32.893906199999996),"['Baigorria', 'Casas']",2,Baigorria; Pasaje M. Casas,-32.8939062,-60.7162912,55.0,538.0,Municipio Rosario,Municipio,Rosario,820210,Servicio de Catastro e Información Territorial,IGN
2012,487,2012-01-12,Jueves,0.0,17:45:00,,0.0,2,"Moto/Ciclomotor,Automóvil",JOSE INGENIEROS Y DRAGO,2,0,1,0,1,0,0,,Calle,,ROSARIO,Rosario,Asfalto,S/D,II,Dentro,Urbana,Ninguna,No existe,Intersección,Bueno,Buena,Diurna,Buen Tiempo,Lateral,S/D,Colisión,S/D,Faltante,Ninguna,S/D,POINT (-60.67653500000001 -32.916055899999996),"['José Ingenieros', 'Drago']",2,José Ingenieros; Drago,-32.9160559,-60.67653500000001,55.0,538.0,Municipio Rosario,Municipio,Rosario,820210,Servicio de Catastro e Información Territorial,IGN
2012,488,2012-01-12,Jueves,0.0,21:15:00,,0.0,2,"Bicicleta,Automóvil",CARRASCO Y PJE.ESTARDA,2,1,0,0,1,0,0,,Calle,,ROSARIO,Rosario,Asfalto,S/D,II,S/D,Urbana,S/D,S/D,Intersección,Bueno,S/D,S/D,Buen Tiempo,S/D,S/D,Atropello,S/D,S/D,S/D,S/D,POINT (-60.6770012 -32.919980300000006),"['Carrasco', 'Estrada']",2,Omar Carrasco; Estrada,-32.919980300000006,-60.6770012,55.0,538.0,Municipio Rosario,Municipio,Rosario,820210,Servicio de Catastro e Información Territorial,IGN
2012,489,2012-01-13,Viernes,0.0,21:40:00,,0.0,1,Moto/Ciclomotor,av. san martin al 2900,1,1,0,0,0,0,0,,Avenida,,ROSARIO,Rosario,Asfalto,S/D,II,Dentro,Urbana,S/D,S/D,Recta,Bueno,Buena,Con luz artificial,S/D,Lateral,S/D,Colisión,S/D,S/D,S/D,S/D,"-32.9764777, -60.6372639",['San Martin 2900'],1,San Martin 2900,-32.9764777,-60.6372639,55.0,538.0,Municipio Rosario,Municipio,Rosario,820210,Servicio de Catastro e Información Territorial,IGN
2012,490,2012-01-12,Jueves,0.0,09:00:00,,0.0,1,Moto/Ciclomotor,españa y pasco,2,2,0,0,0,0,0,,Calle,,ROSARIO,Rosario,S/D,S/D,II,Dentro,Urbana,S/D,S/D,Recta,Bueno,Buena,Diurna,S/D,Lateral,S/D,Colisión,S/D,S/D,S/D,S/D,POINT (-60.6498031 -32.958074700000004),"['España', 'Pasco']",2,España; Pasco,-32.958074700000004,-60.6498031,55.0,538.0,Municipio Rosario,Municipio,Rosario,820210,Servicio de Catastro e Información Territorial,IGN
2012,491,2012-01-09,Lunes,0.0,22:40:00,,0.0,2,"Moto/Ciclomotor,Automóvil",OLIVE Y LEGHIZAMON,2,1,0,0,1,0,0,,Calle,,ROSARIO,Rosario,Asfalto,S/D,II,Dentro,Urbana,Ninguna,No existe,Intersección,Bueno,Buena,Nocturna,Buen Tiempo,Frontal,S/D,Colisión,S/D,S/D,Ninguna,S/D,POINT (-60.67791660000001 -32.91283930000001),"['Olive', 'Leguizamón']",2,Olivé; Leguizamón,-32.91283930000001,-60.67791660000001,55.0,538.0,Municipio Rosario,Municipio,Rosario,820210,Servicio de Catastro e Información Territorial,IGN
2012,492,2012-01-12,Jueves,0.0,22:30:00,,0.0,1,Automóvil,av. 27 de febrero  y ov. lagos ,2,2,0,0,0,0,0,,Avenida,,ROSARIO,Rosario,Asfalto,S/D,II,Dentro,Urbana,S/D,S/D,Recta,Bueno,Buena,Con luz artificial,S/D,Contra objeto fijo,S/D,Colisión,S/D,Vertical,S/D,S/D,POINT (-60.66661663333334 -32.963496),"['27 de Febrero', 'Avenida Ovidio Lagos']",2,Bulevar 27 de Febrero; Avenida Ovidio Lagos,-32.963496,-60.66661663333334,55.0,538.0,Municipio Rosario,Municipio,Rosario,820210,Servicio de Catastro e Información Territorial,IGN
2012,493,2012-01-11,Miercoles,0.0,00:00:00,,0.0,1,Moto/Ciclomotor,bv. oroño y galvez,1,1,0,0,0,0,0,,Avenida,,ROSARIO,Rosario,Asfalto,S/D,II,Dentro,Urbana,S/D,S/D,Recta,Bueno,Buena,S/D,Buen Tiempo,Lateral,S/D,Colisión,S/D,S/D,S/D,S/D,POINT (-60.658933899999994 -32.9660708),"['Bulevar Nicasio Oroño', 'Galvez']",2,Bulevar Nicasio Oroño; José Gálvez,-32.9660708,-60.6589339,55.0,538.0,Municipio Rosario,Municipio,Rosario,820210,Servicio de Catastro e Información Territorial,IGN