anio_acci,nro_acci,fecha,desc_dia,fecha_aprox,hora_aprox,desc_ruta,km,cant_participantes,desc_participante,calle_avenida_km,total,heridos_leves,heridos_graves,heridos_gravisimos,ilesos,fallecidos,sin_datos,posicion_XY,desc_tipo_via,desc_ruta_ori,desc_loc,desc_dpto,desc_tipo_calzada,desc_tipo_banquina,desc_unidad_regional,desc_lugar_calzada,desc_zona,desc_prioridad,desc_estado_semaforo,desc_lugar_via,desc_estado_via,desc_estado_visibilidad,desc_luminosidad,desc_estado_clima,desc_tipo_colision,desc_tipo_atropello,desc_tipo_hecho,desc_pres_calzada,desc_senializacion,desc_separacion_via,desc_restriccion,forma_geocod,calle_lista,numero_calles,calles_osm,lat,lon,index_right,gid,fna,gna,nam,in1,fdc,sag
2012,494,2012-01-07,Sabado,0.0,21:00:00,,0.0,2,"Moto/Ciclomotor,Automóvil",ALBERDI Y J. J. PASO 700BIS,2,1,0,0,1,0,0,,Avenida,,ROSARIO,Rosario,Asfalto,Pavimento,II,Dentro,Urbana,Semáforo,Funciona,Recta,Bueno,Buena,Nocturna,Buen Tiempo,Otro,S/D,Colisión,S/D,S/D,S/D,S/D,POINT (-60.682310400000006 -32.919353799999996),"['Alberdi', 'Juan José Paso']",2,Avenida Alberdi; Avenida Juan José Paso,-32.9193538,-60.682310400000006,55.0,538.0,Municipio Rosario,Municipio,Rosario,820210,Servicio de Catastro e Información Territorial,IGN
2012,495,2012-01-11,Miercoles,0.0,16:30:00,,0.0,1,Moto/Ciclomotor,av. 27 de febrero y ov. lagos,1,1,0,0,0,0,0,,Avenida,,ROSARIO,Rosario,Asfalto,S/D,II,Dentro,Urbana,S/D,S/D,Recta,Bueno,Buena,S/D,S/D,Lateral,S/D,Colisión,S/D,Vertical,S/D,S/D,POINT (-60.66661663333334 -32.963496),"['27 de Febrero', 'Avenida Ovidio Lagos']",2,Bulevar 27 de Febrero; Avenida Ovidio Lagos,-32.963496,-60.66661663333334,55.0,538.0,Municipio Rosario,Municipio,Rosario,820210,Servicio de Catastro e Información Territorial,IGN
2012,499,2012-01-16,Lunes,0.0,10:10:00,,0.0,2,"Moto/Ciclomotor,Otros",Mendoza y Ov. Lagos,2,0,0,0,1,1,0,,Calle,,ROSARIO,Rosario,Asfalto,No existe,II,Dentro,Urbana,Semáforo,Funciona,Intersección,Bueno,Buena,Diurna,Buen Tiempo,De alcance,S/D,Colisión,S/D,S/D,Ninguna,S/D,POINT (-60.6627415 -32.947382499999996),"['Mendoza', 'Avenida Ovidio Lagos']",2,Mendoza; Avenida Ovidio Lagos,-32.9473825,-60.6627415,55.0,538.0,Municipio Rosario,Municipio,Rosario,820210,Servicio de Catastro e Información Territorial,IGN
2012,500,2012-01-18,Miercoles,0.0,19:00:00,,0.0,2,"Moto/Ciclomotor,Automóvil",España y Arijón,2,0,0,0,1,1,0,,Calle,,ROSARIO,Rosario,Asfalto,No existe,II,Dentro,Urbana,Ninguna,S/D,Intersección,Bueno,S/D,Atardecer,Buen Tiempo,Lateral,S/D,Colisión,S/D,S/D,S/D,Sin restricción,POINT (-60.657634699999996 -33.003316000000005),"['España', 'Arijón']",2,España; Avenida Manuel Arijón,-33.003316000000005,-60.6576347,55.0,538.0,Municipio Rosario,Municipio,Rosario,820210,Servicio de Catastro e Información Territorial,IGN
2012,502,2012-01-21,Sabado,0.0,00:20:00,,0.0,1,Moto/Ciclomotor,GENOVA Y DRAGO,1,0,1,0,0,0,0,,Calle,,ROSARIO,Rosario,Asfalto,S/D,II,S/D,Urbana,S/D,No existe,Intersección,Bueno,Buena,Nocturna,Buen Tiempo,S/D,S/D,S/D,S/D,S/D,S/D,S/D,POINT (-60.676565800000006 -32.914958799999994),"['Genova', 'Drago']",2,Avenida Génova; Drago,-32.914958799999994,-60.676565800000006,55.0,538.0,Municipio Rosario,Municipio,Rosario,820210,Servicio de Catastro e Información Territorial,IGN
2012,503,2012-01-17,Martes,0.0,01:50:00,,0.0,1,Taxi/Remis,RECONQUISTA AL 900,1,1,0,0,0,0,0,,Calle,,ROSARIO,Rosario,Asfalto,S/D,II,S/D,S/D,Semáforo,Funciona,Recta,Bueno,Buena,Nocturna,Buen Tiempo,Frontal,S/D,Colisión,S/D,S/D,S/D,S/D,"-32.917829, -60.6765713",['Reconquista 900'],1,Reconquista 900,-32.917829,-60.6765713,55.0,538.0,Municipio Rosario,Municipio,Rosario,820210,Servicio de Catastro e Información Territorial,IGN
2012,504,2012-01-22,Domingo,0.0,13:30:00,,0.0,2,"Moto/Ciclomotor,Automóvil",DRAGO Y J. B. JUSTO,2,1,0,0,1,0,0,,Calle,,ROSARIO,Rosario,Asfalto,Pavimento,II,S/D,S/D,Ninguna,No existe,Intersección,Bueno,Buena,Diurna,Buen Tiempo,Lateral,S/D,Colisión,S/D,S/D,S/D,S/D,POINT (-60.6766095 -32.91386270000001),"['Drago', 'Justo']",2,Drago; Justo José de Urquiza,-32.91386270000001,-60.6766095,55.0,538.0,Municipio Rosario,Municipio,Rosario,820210,Servicio de Catastro e Información Territorial,IGN
2012,505,2012-01-27,Viernes,0.0,13:30:00,,0.0,2,"Bicicleta,Automóvil",TRAVESIA Y RUBEN DARIO,2,1,0,0,1,0,0,,Calle,,ROSARIO,Rosario,Asfalto,S/D,II,Dentro,Urbana,Señal Pare,No existe,Intersección,Bueno,Buena,Diurna,Buen Tiempo,Frontal,S/D,Atropello,S/D,S/D,Ninguna,S/D,POINT (-60.686718649999996 -32.92168354999999),"['Avenida Travesía Albert Sabin', 'Ruben Dario']",2,Avenida Travesía Albert Sabin; Rubén Darío,-32.92168354999999,-60.68671865,55.0,538.0,Municipio Rosario,Municipio,Rosario,820210,Servicio de Catastro e Información Territorial,IGN
2012,506,2012-01-07,Sabado,0.0,20:30:00,,0.0,2,"Moto/Ciclomotor,Automóvil",AV. ARISTOBULO DEL VALLE Y CELEDONIO ESCALADA,2,1,0,0,1,0,0,,Avenida,,ROSARIO,Rosario,Asfalto,No existe,II,Dentro,Urbana,S/D,No existe,Curva,Bueno,Buena,Nocturna,Buen Tiempo,S/D,S/D,"Caída ocupante,Colisión",S/D,S/D,Barrera de hormigón,S/D,POINT (-60.6608853 -32.931006499999995),"['Avenida Aristóbulo del Valle', 'Tunel Escalada']",2,Avenida Aristóbulo del Valle; Tunel Escalada,-32.931006499999995,-60.6608853,55.0,538.0,Municipio Rosario,Municipio,Rosario,820210,Servicio de Catastro e Información Territorial,IGN
2012,507,2012-01-13,Viernes,0.0,11:45:00,,0.0,2,"Moto/Ciclomotor,Automóvil",AV. ARISTOBULO DEL VALLE Y OV. LAGOS,3,1,0,0,2,0,0,,Avenida,,ROSARIO,Rosario,Asfalto,No existe,II,Dentro,Urbana,Semáforo,Funciona,S/D,Bueno,Buena,Diurna,Buen Tiempo,Lateral,S/D,Colisión,S/D,S/D,Cordón divisorio,S/D,POINT (-60.65863300000001 -32.9310287),"['Avenida Aristóbulo del Valle', 'Avenida Ovidio Lagos']",2,Avenida Aristóbulo del Valle; Avenida Ovidio Lagos,-32.9310287,-60.65863300000001,55.0,538.0,Municipio Rosario,Municipio,Rosario,820210,Servicio de Catastro e Información Territorial,IGN
2012,508,2012-01-27,Viernes,0.0,16:20:00,,0.0,2,"Moto/Ciclomotor,Otros",GENOVA Y FERREYRA,2,1,0,0,1,0,0,,Calle,,ROSARIO,Rosario,Asfalto,S/D,II,Dentro,Urbana,Ninguna,No existe,Intersección,Bueno,S/D,S/D,Buen Tiempo,Lateral,S/D,Colisión,S/D,Faltante,Ninguna,S/D,POINT (-60.6803736 -32.9150486),"['Genova', 'Ferreyra']",2,Avenida Génova; Ferreyra,-32.9150486,-60.6803736,55.0,538.0,Municipio Rosario,Municipio,Rosario,820210,Servicio de Catastro e Información Territorial,IGN
2012,510,2012-01-17,Martes,0.0,14:15:00,,0.0,2,"Peatón,Moto/Ciclomotor",SANTA FE Y AV. FRANCIA,2,2,0,0,0,0,0,,Avenida,,ROSARIO,Rosario,Asfalto,No existe,II,Dentro,Urbana,Semáforo,Funciona,S/D,Bueno,Buena,Diurna,Buen Tiempo,S/D,S/D,Atropello,S/D,S/D,Cordón divisorio,S/D,POINT (-60.66519785 -32.94019899999999),"['Santa Fe', 'Avenida Francia']",2,Santa Fe; Avenida Francia,-32.94019899999999,-60.66519785,55.0,538.0,Municipio Rosario,Municipio,Rosario,820210,Servicio de Catastro e Información Territorial,IGN
2012,511,2012-01-27,Viernes,0.0,12:00:00,,0.0,2,"Moto/Ciclomotor,Moto/Ciclomotor",GRONDONA Y AVELLANEDA,2,2,0,0,0,0,0,,Avenida,,ROSARIO,Rosario,Asfalto,S/D,II,Dentro,Urbana,Semáforo,Funciona,Intersección,Bueno,Buena,Diurna,Buen Tiempo,Frontal,S/D,Colisión,S/D,S/D,Ninguna,S/D,POINT (-60.67465465000001 -32.9212972),"['Grondona', 'Avellaneda']",2,Grondona; Bulevar Nicolás Avellaneda,-32.9212972,-60.67465465000001,55.0,538.0,Municipio Rosario,Municipio,Rosario,820210,Servicio de Catastro e Información Territorial,IGN
2012,512,2012-01-17,Martes,0.0,10:30:00,,0.0,2,"Peatón,Automóvil",CAFFERATA Y URQUIZA,2,1,0,0,1,0,0,,Calle,,ROSARIO,Rosario,Asfalto,No existe,II,Dentro,Urbana,Semáforo,Funciona,Intersección,Bueno,Buena,Diurna,Buen Tiempo,S/D,S/D,Atropello,S/D,S/D,Cordón divisorio,S/D,POINT (-60.6700925 -32.9371023),"['Cafferata', 'Urquiza']",2,Cafferata; Justo José de Urquiza,-32.9371023,-60.6700925,55.0,538.0,Municipio Rosario,Municipio,Rosario,820210,Servicio de Catastro e Información Territorial,IGN
2012,513,2012-01-18,Miercoles,0.0,13:35:00,,0.0,2,"Automóvil,Automóvil",TUCUMAN Y SANTIAGO,3,3,0,0,0,0,0,,Calle,,ROSARIO,Rosario,Asfalto,S/D,II,Dentro,Urbana,S/D,S/D,Intersección,Bueno,Buena,Diurna,Buen Tiempo,Lateral,S/D,Colisión,S/D,S/D,Cordón divisorio,S/D,POINT (-60.6547977 -32.9386111),"['Tucumán', 'Santiago']",2,Tucumán; Santiago,-32.9386111,-60.6547977,55.0,538.0,Municipio Rosario,Municipio,Rosario,820210,Servicio de Catastro e Información Territorial,IGN
2012,514,2012-01-07,Sabado,0.0,00:00:00,,0.0,2,"Moto/Ciclomotor,Automóvil",RONDEAU Y BAIGORRIA,2,1,0,0,1,0,0,,S/D,,ROSARIO,Rosario,S/D,No existe,II,S/D,Urbana,S/D,S/D,Recta,Otro,Buena,Con luz artificial,Otro,Otro,S/D,Otro,Otro,S/D,Ninguna,S/D,POINT (-60.693283075000004 -32.89152782499999),"['Rondeau', 'Baigorria']",2,Bulevar General José Rondeau; Baigorria,-32.89152782499999,-60.693283075,55.0,538.0,Municipio Rosario,Municipio,Rosario,820210,Servicio de Catastro e Información Territorial,IGN
2012,515,2012-01-19,Jueves,0.0,14:40:00,,0.0,2,"Moto/Ciclomotor,Transporte de Pasajeros Urbano (> 8 asientos)",URQUIZA Y SAN NICOLAS,2,1,0,0,1,0,0,,Calle,,ROSARIO,Rosario,Asfalto,S/D,II,Dentro,Urbana,Ninguna,S/D,Recta,Bueno,Buena,Diurna,Buen Tiempo,Lateral,S/D,Colisión,S/D,Faltante,Ninguna,Sin restricción,POINT (-60.6714596 -32.93685429999999),"['Urquiza', 'San Nicolás']",2,Justo José de Urquiza; San Nicolás,-32.93685429999999,-60.6714596,55.0,538.0,Municipio Rosario,Municipio,Rosario,820210,Servicio de Catastro e Información Territorial,IGN
2012,516,2012-01-06,Viernes,0.0,20:55:00,,0.0,2,"Moto/Ciclomotor,Automóvil",BV. RONDEAU Y GURRUCHAGA,2,1,0,0,1,0,0,,Calle,,ROSARIO,Rosario,S/D,S/D,II,S/D,S/D,S/D,Funciona,Otro,Otro,S/D,S/D,Otro,Otro,S/D,Otro,S/D,S/D,S/D,S/D,POINT (-60.68916395 -32.90512564999999),"['Rondeau', 'Gurruchaga']",2,Bulevar General José Rondeau; Gurruchaga,-32.90512564999999,-60.68916395,55.0,538.0,Municipio Rosario,Municipio,Rosario,820210,Servicio de Catastro e Información Territorial,IGN
2012,517,2012-01-27,Viernes,0.0,21:40:00,,0.0,2,"Automóvil,Automóvil",pcias. unidas y pellegrini,2,2,0,0,0,0,0,,Avenida,,ROSARIO,Rosario,Asfalto,No existe,II,Dentro,Urbana,Semáforo,Funciona,Intersección,Bueno,Buena,Con luz artificial,Buen Tiempo,Lateral,S/D,Colisión,S/D,S/D,Cordón divisorio,Sin restricción,POINT (-60.71226145000001 -32.948578),"['Avenida Provincias Unidas', 'Pellegrini']",2,Avenida Provincias Unidas; Avenida Carlos Pellegrini,-32.948578,-60.71226145000001,55.0,538.0,Municipio Rosario,Municipio,Rosario,820210,Servicio de Catastro e Información Territorial,IGN
2012,518,2012-01-11,Miercoles,0.0,21:40:00,,0.0,2,"Peatón,Moto/Ciclomotor",CASIANO CASAS 1000,2,1,1,0,0,0,0,,S/D,,ROSARIO,Rosario,S/D,No existe,II,S/D,S/D,S/D,No existe,Otro,Otro,S/D,S/D,S/D,S/D,S/D,Atropello,S/D,S/D,Cordón divisorio,S/D,"-32.9065921, -60.6963224",['Casiano Casas 1000'],1,Casiano Casas 1000,-32.9065921,-60.6963224,55.0,538.0,Municipio Rosario,Municipio,Rosario,820210,Servicio de Catastro e Información Territorial,IGN
2012,519,2012-01-19,Jueves,0.0,13:50:00,,0.0,2,"Moto/Ciclomotor,Automóvil",CATAMARCA Y SAN NICOLAS,2,1,0,0,1,0,0,,Calle,,ROSARIO,Rosario,Asfalto,No existe,II,Dentro,Urbana,Semáforo,Funciona,Curva,Bueno,Buena,Diurna,Buen Tiempo,Lateral,S/D,Colisión,Otro,Horizontal,Ninguna,Sin restricción,POINT (-60.6708811 -32.9345119),"['Catamarca', 'San Nicolás']",2,Catamarca; San Nicolás,-32.9345119,-60.6708811,55.0,538.0,Municipio Rosario,Municipio,Rosario,820210,Servicio de Catastro e Información Territorial,IGN
2012,520,2012-01-26,Jueves,0.0,12:20:00,,0.0,2,"Moto/Ciclomotor,Peatón",pasco 5300,3,3,0,0,0,0,0,,Calle,,ROSARIO,Rosario,Asfalto,No existe,II,Dentro,Urbana,Ninguna,No existe,Recta,Bueno,Buena,Diurna,Buen Tiempo,Frontal,S/D,Atropello,S/D,S/D,Línea divisoria pintada,Sin restricción,"-32.9504143, -60.6954384",['Pasco 5300'],1,Pasco 5300,-32.9504143,-60.6954384,55.0,538.0,Municipio Rosario,Municipio,Rosario,820210,Servicio de Catastro e Información Territorial,IGN
2012,521,2012-01-23,Lunes,0.0,21:30:00,,0.0,2,"Automóvil,Automóvil",SALTA Y PUEYRREDON,2,1,0,0,1,0,0,,Calle,,ROSARIO,Rosario,Asfalto,No existe,II,S/D,Urbana,Semáforo,Funciona,Recta,Bueno,Buena,Nocturna,Lluvia,Lateral,S/D,Colisión,Otro,S/D,Ninguna,Sin restricción,POINT (-60.6556216 -32.93601499999999),"['Salta', 'Pueyrredón']",2,"('Salta', 'Pueyrredón')",-32.93601499999999,-60.6556216,55.0,538.0,Municipio Rosario,Municipio,Rosario,820210,Servicio de Catastro e Información Territorial,IGN
2012,522,2012-01-09,Lunes,0.0,16:00:00,,0.0,1,Moto/Ciclomotor,RONDEAU 1000,2,1,0,0,1,0,0,,Calle,,ROSARIO,Rosario,Asfalto,No existe,II,S/D,S/D,S/D,No existe,Recta,Otro,S/D,S/D,Otro,Otro,S/D,Otro,Otro,S/D,S/D,S/D,"-32.9049225, -60.6889433",['Rondeau 1000'],1,Rondeau 1000,-32.9049225,-60.6889433,55.0,538.0,Municipio Rosario,Municipio,Rosario,820210,Servicio de Catastro e Información Territorial,IGN
2012,523,2012-01-21,Sabado,0.0,03:05:00,,0.0,1,Moto/Ciclomotor,pcias. unidas 661,1,1,0,0,0,0,0,,Calle,,ROSARIO,Rosario,Asfalto,No existe,II,Dentro,Urbana,Ninguna,No existe,Recta,Bueno,Buena,Con luz artificial,Buen Tiempo,Contra objeto fijo,S/D,Colisión,S/D,S/D,Línea divisoria pintada,Sin restricción,"-32.92105734285714, -60.71357684081632",['Provincias Unidas 661'],1,Provincias Unidas 661,-32.92105734285714,-60.71357684081632,55.0,538.0,Municipio Rosario,Municipio,Rosario,820210,Servicio de Catastro e Información Territorial,IGN
2012,525,2012-01-20,Viernes,0.0,13:45:00,,0.0,2,"Moto/Ciclomotor,Pickup/Utilitario",urquiza y ecuador,2,1,0,0,1,0,0,,Calle,,ROSARIO,Rosario,Asfalto,No existe,II,Dentro,Urbana,Paso Peatonal,No existe,Intersección,Bueno,Buena,Diurna,Buen Tiempo,Lateral,S/D,Colisión,S/D,S/D,Línea divisoria pintada,Sin restricción,POINT (-60.7153244 -32.933499999999995),"['Urquiza', 'Ecuador']",2,"('Justo José de Urquiza', 'Ecuador')",-32.933499999999995,-60.7153244,55.0,538.0,Municipio Rosario,Municipio,Rosario,820210,Servicio de Catastro e Información Territorial,IGN
2012,526,2012-01-26,Jueves,0.0,09:10:00,,0.0,2,"Moto/Ciclomotor,Pickup/Utilitario",SALTA Y PUEYRREDON,2,1,0,0,1,0,0,,Calle,,ROSARIO,Rosario,Asfalto,No existe,II,Dentro,Urbana,Semáforo,Funciona,Recta,Bueno,Buena,Diurna,Buen Tiempo,Lateral,S/D,Colisión,S/D,S/D,Cordón divisorio,S/D,POINT (-60.6556216 -32.93601499999999),"['Salta', 'Pueyrredón']",2,"('Salta', 'Pueyrredón')",-32.93601499999999,-60.6556216,55.0,538.0,Municipio Rosario,Municipio,Rosario,820210,Servicio de Catastro e Información Territorial,IGN
2012,527,2012-01-26,Jueves,0.0,14:50:00,,0.0,2,"Automóvil,Automóvil",SUIPACHA Y URQUIZA,2,1,0,0,1,0,0,,Calle,,ROSARIO,Rosario,Asfalto,No existe,II,Dentro,Urbana,Señal Pare,No existe,Recta,Bueno,Buena,Diurna,Buen Tiempo,Otro,S/D,Colisión,S/D,S/D,Cordón divisorio,S/D,POINT (-60.6633084 -32.9383186),"['Suipacha', 'Urquiza']",2,Suipacha; Justo José de Urquiza,-32.9383186,-60.6633084,55.0,538.0,Municipio Rosario,Municipio,Rosario,820210,Servicio de Catastro e Información Territorial,IGN
2012,529,2012-01-17,Martes,0.0,07:40:00,,0.0,2,"Automóvil,Moto/Ciclomotor",pellegrini y felipe more,2,1,0,0,1,0,0,,Calle,,ROSARIO,Rosario,Asfalto,No existe,II,Dentro,Urbana,Semáforo,Funciona,Intersección,Bueno,Buena,Diurna,Buen Tiempo,Lateral,S/D,Colisión,S/D,S/D,Línea divisoria pintada,Sin restricción,POINT (-60.69342855000001 -32.94809525),"['Pellegrini', 'Felipe Moré']",2,Avenida Carlos Pellegrini; Felipe Moré,-32.94809525,-60.69342855000001,55.0,538.0,Municipio Rosario,Municipio,Rosario,820210,Servicio de Catastro e Información Territorial,IGN
2012,530,2012-01-12,Jueves,0.0,09:30:00,,0.0,2,"Automóvil,Automóvil",JUNIN Y MONTEAGUDO,2,1,0,0,1,0,0,,Calle,,ROSARIO,Rosario,Asfalto,Pavimento,II,S/D,S/D,Semáforo,Funciona,Intersección,Bueno,Buena,Diurna,Buen Tiempo,Lateral,S/D,Colisión,S/D,S/D,Cordón divisorio,Sin restricción,POINT (-60.66740795 -32.92647035),"['Junín', 'Monteagudo']",2,Junín; Monteagudo,-32.92647035,-60.66740795,55.0,538.0,Municipio Rosario,Municipio,Rosario,820210,Servicio de Catastro e Información Territorial,IGN
2012,533,2012-01-15,Domingo,0.0,23:30:00,,0.0,2,"Moto/Ciclomotor,Peatón",pcias. unidas e ituzaingo,3,3,0,0,0,0,0,,Calle,,ROSARIO,Rosario,Asfalto,No existe,II,Dentro,Urbana,Semáforo,No existe,Intersección,Bueno,Buena,"Nocturna,Con luz artificial",Buen Tiempo,Frontal,S/D,Atropello,S/D,S/D,Cordón divisorio,Sin restricción,POINT (-60.712099249999994 -32.95218625),"['Avenida Provincias Unidas', 'Ituzaingó']",2,Avenida Provincias Unidas; Ituzaingó,-32.95218625,-60.71209925,55.0,538.0,Municipio Rosario,Municipio,Rosario,820210,Servicio de Catastro e Información Territorial,IGN
2012,534,2012-01-15,Domingo,0.0,19:30:00,,0.0,2,"Moto/Ciclomotor,Automóvil",AVELLANEDA 300 BIS,2,1,0,0,1,0,0,,Avenida,,ROSARIO,Rosario,Asfalto,Pavimento,II,S/D,S/D,Semáforo,Funciona,Recta,Bueno,Buena,Diurna,Buen Tiempo,Lateral,S/D,Colisión,S/D,Horizontal,Barrera de hormigón,S/D,"-32.9533844, -60.6827991",['Avellaneda 300 Bis'],1,Avellaneda 300 Bis,-32.9533844,-60.6827991,55.0,538.0,Municipio Rosario,Municipio,Rosario,820210,Servicio de Catastro e Información Territorial,IGN
2012,535,2012-01-14,Sabado,0.0,23:45:00,,0.0,1,Automóvil,pcias. unidas y c. salles,2,2,0,0,0,0,0,,Calle,,ROSARIO,Rosario,Asfalto,No existe,II,Dentro,Urbana,Ninguna,No existe,Recta,Bueno,Buena,Con luz artificial,Buen Tiempo,Contra objeto fijo,S/D,Colisión,S/D,S/D,Cordón divisorio,Sin restricción,POINT (-60.712563450000005 -32.94085050000001),"['Avenida Provincias Unidas', 'Salles']",2,Avenida Provincias Unidas; Campos Salles,-32.94085050000001,-60.712563450000005,55.0,538.0,Municipio Rosario,Municipio,Rosario,820210,Servicio de Catastro e Información Territorial,IGN
2012,538,2012-01-10,Martes,0.0,13:00:00,,0.0,2,"Moto/Ciclomotor,Automóvil",pampa y roullin,2,1,0,0,1,0,0,,Calle,,ROSARIO,Rosario,Asfalto,No existe,II,Dentro,Urbana,Semáforo,Funciona,Intersección,Bueno,Buena,Diurna,Buen Tiempo,Lateral,S/D,Colisión,S/D,S/D,Línea divisoria pintada,Sin restricción,POINT (-60.7020006 -32.9464522),"['Pampa', 'Alfredo Rouillón']",2,Pampa; Alfredo Rouillón,-32.9464522,-60.7020006,55.0,538.0,Municipio Rosario,Municipio,Rosario,820210,Servicio de Catastro e Información Territorial,IGN
2012,539,2012-01-23,Lunes,0.0,13:00:00,,0.0,2,"Peatón,Automóvil",JUNIN Y ALBERDI,2,1,0,0,1,0,0,,Calle,,ROSARIO,Rosario,Asfalto,Pavimento,II,S/D,S/D,Semáforo,Funciona,Intersección,Bueno,Buena,Diurna,Buen Tiempo,Lateral,S/D,Colisión,Agua,Horizontal,Barrera de hormigón,Sin restricción,POINT (-60.67651425 -32.92661249999999),"['Junín', 'Alberdi']",2,Junín; Avenida Alberdi,-32.92661249999999,-60.67651425,55.0,538.0,Municipio Rosario,Municipio,Rosario,820210,Servicio de Catastro e Información Territorial,IGN
2012,541,2012-01-07,Sabado,0.0,23:30:00,,0.0,2,"Moto/Ciclomotor,Automóvil",pasco y magallanes,3,1,0,0,2,0,0,,Calle,,ROSARIO,Rosario,Asfalto,No existe,II,Dentro,Urbana,Señal Ceda el Paso,No existe,Intersección,Bueno,Buena,Con luz artificial,Buen Tiempo,Lateral,S/D,Colisión,S/D,Horizontal,Línea divisoria pintada,Sin restricción,POINT (-60.704047300000006 -32.9507407),"['Pasco', 'Magallanes']",2,Pasco; Magallanes,-32.9507407,-60.704047300000006,55.0,538.0,Municipio Rosario,Municipio,Rosario,820210,Servicio de Catastro e Información Territorial,IGN
2012,542,2012-01-20,Viernes,0.0,18:00:00,,0.0,2,"Moto/Ciclomotor,Pickup/Utilitario",PROVINCIAS UNIDAS Y SORRENTO,2,1,0,0,1,0,0,,Avenida,,ROSARIO,Rosario,Asfalto,No existe,II,Dentro,Urbana,Señal Ceda el Paso,No existe,Intersección,Bueno,Buena,Diurna,Buen Tiempo,Lateral,S/D,Colisión,S/D,Horizontal,Ninguna,Sin restricción,POINT (-60.714102249999996 -32.9083328),"['Avenida Provincias Unidas', 'Sorrento']",2,Avenida Provincias Unidas; Avenida Sorrento,-32.9083328,-60.71410225,55.0,538.0,Municipio Rosario,Municipio,Rosario,820210,Servicio de Catastro e Información Territorial,IGN
2012,543,2012-01-06,Viernes,0.0,18:00:00,,0.0,2,"Automóvil,Peatón",pcias. unidas y cerrito,2,1,0,0,1,0,0,,Calle,,ROSARIO,Rosario,Asfalto,No existe,II,Dentro,Urbana,Semáforo,Funciona,Intersección,Bueno,Buena,Diurna,Buen Tiempo,Frontal,S/D,Atropello,S/D,S/D,Cordón divisorio,Sin restricción,POINT (-60.7120531 -32.95333595),"['Avenida Provincias Unidas', 'Cerrito']",2,Avenida Provincias Unidas; Cerrito,-32.95333595,-60.7120531,55.0,538.0,Municipio Rosario,Municipio,Rosario,820210,Servicio de Catastro e Información Territorial,IGN
2012,544,2012-01-06,Viernes,0.0,18:30:00,,0.0,2,"Moto/Ciclomotor,Automóvil",GENOVA Y CULLEN,2,1,0,0,1,0,0,,Calle,,ROSARIO,Rosario,Asfalto,No existe,II,Dentro,Urbana,Ninguna,No existe,Intersección,Bueno,Buena,Atardecer,Otro,Lateral,S/D,Colisión,S/D,S/D,Ninguna,Sin restricción,POINT (-60.709872700000005 -32.9159084),"['Genova', 'Cullen']",2,Avenida Génova; Cullen,-32.9159084,-60.709872700000005,55.0,538.0,Municipio Rosario,Municipio,Rosario,820210,Servicio de Catastro e Información Territorial,IGN
2012,545,2012-01-06,Viernes,0.0,22:30:00,,0.0,2,"Moto/Ciclomotor,Bicicleta",pcias. unidas y cerrito,2,2,0,0,0,0,0,,Calle,,ROSARIO,Rosario,Asfalto,No existe,II,Dentro,Urbana,Semáforo,Funciona,Intersección,Bueno,Buena,Con luz artificial,Buen Tiempo,Frontal,S/D,Colisión,S/D,S/D,Cordón divisorio,Sin restricción,POINT (-60.7120531 -32.95333595),"['Avenida Provincias Unidas', 'Cerrito']",2,Avenida Provincias Unidas; Cerrito,-32.95333595,-60.7120531,55.0,538.0,Municipio Rosario,Municipio,Rosario,820210,Servicio de Catastro e Información Territorial,IGN
2012,546,2012-01-06,Viernes,0.0,20:15:00,,0.0,2,"Automóvil,Moto/Ciclomotor",pcias. unidas y cochabamba,4,0,1,0,3,0,0,,Calle,,ROSARIO,Rosario,Asfalto,No existe,II,Dentro,Urbana,Semáforo,Funciona,Intersección,Bueno,Buena,Con luz artificial,Buen Tiempo,Frontal,S/D,Colisión,S/D,S/D,Cordón divisorio,Sin restricción,POINT (-60.71220315 -32.949799999999996),"['Avenida Provincias Unidas', 'Cochabamba']",2,Avenida Provincias Unidas; Cochabamba,-32.9498,-60.71220315,55.0,538.0,Municipio Rosario,Municipio,Rosario,820210,Servicio de Catastro e Información Territorial,IGN
2012,548,2012-01-04,Miercoles,0.0,09:55:00,,0.0,2,"Automóvil,Peatón",larrea y san juan ,2,1,0,0,1,0,0,,Calle,,ROSARIO,Rosario,Asfalto,No existe,II,Dentro,Urbana,Semáforo,No existe,Intersección,Bueno,Buena,Diurna,Buen Tiempo,Frontal,S/D,Atropello,S/D,S/D,Línea divisoria pintada,Sin restricción,POINT (-60.6972533 -32.9407014),"['Larrea', 'San Juan']",2,Larrea; San Juan,-32.9407014,-60.6972533,55.0,538.0,Municipio Rosario,Municipio,Rosario,820210,Servicio de Catastro e Información Territorial,IGN