anio_acci,nro_acci,fecha,desc_dia,fecha_aprox,hora_aprox,desc_ruta,km,cant_participantes,desc_participante,calle_avenida_km,total,heridos_leves,heridos_graves,heridos_gravisimos,ilesos,fallecidos,sin_datos,posicion_XY,desc_tipo_via,desc_ruta_ori,desc_loc,desc_dpto,desc_tipo_calzada,desc_tipo_banquina,desc_unidad_regional,desc_lugar_calzada,desc_zona,desc_prioridad,desc_estado_semaforo,desc_lugar_via,desc_estado_via,desc_estado_visibilidad,desc_luminosidad,desc_estado_clima,desc_tipo_colision,desc_tipo_atropello,desc_tipo_hecho,desc_pres_calzada,desc_senializacion,desc_separacion_via,desc_restriccion,forma_geocod,calle_lista,numero_calles,calles_osm,lat,lon,index_right,gid,fna,gna,nam,in1,fdc,sag
2012,549,2012-01-03,Martes,0.0,22:00:00,,0.0,2,"Moto/Ciclomotor,Taxi/Remis",JUAN JOSE PASO Y PASAJE ARIEL,2,1,0,0,1,0,0,,Calle,,ROSARIO,Rosario,Asfalto,No existe,II,Dentro,Urbana,Ninguna,No existe,Intersección,Bueno,Buena,Nocturna,Buen Tiempo,Lateral,S/D,Colisión,S/D,Faltante,Ninguna,Sin restricción,POINT (-60.6999658 -32.91984539999999),"['Juan José Paso', 'Ariel']",2,Avenida Juan José Paso; Ariel,-32.91984539999999,-60.6999658,55.0,538.0,Municipio Rosario,Municipio,Rosario,820210,Servicio de Catastro e Información Territorial,IGN
2012,550,2012-01-03,Martes,0.0,18:40:00,,0.0,1,Moto/Ciclomotor,teniente ogneta y mendoza,3,2,0,0,1,0,0,,Avenida,,ROSARIO,Rosario,Asfalto,No existe,II,Dentro,Urbana,Semáforo,Funciona,Intersección,Bueno,Buena,Diurna,Buen Tiempo,Lateral,S/D,Colisión,S/D,S/D,Cordón divisorio,Sin restricción,POINT (-60.6998065 -32.94075749999999),"['Teniente Agneta', 'Mendoza']",2,Teniente Agneta; Mendoza,-32.94075749999999,-60.6998065,55.0,538.0,Municipio Rosario,Municipio,Rosario,820210,Servicio de Catastro e Información Territorial,IGN
2012,551,2012-01-04,Miercoles,0.0,19:00:00,,0.0,2,"Automóvil,Automóvil",JUAN JOSE PASO Y BARRA,2,1,0,0,1,0,0,,Calle,,ROSARIO,Rosario,Asfalto,No existe,II,Dentro,Urbana,Ninguna,No existe,Intersección,Bueno,Buena,Atardecer,Otro,Lateral,S/D,Colisión,S/D,Faltante,Ninguna,Sin restricción,POINT (-60.7077707 -32.9200795),"['Juan José Paso', 'Barra']",2,Avenida Juan José Paso; Barraco,-32.9200795,-60.7077707,55.0,538.0,Municipio Rosario,Municipio,Rosario,820210,Servicio de Catastro e Información Territorial,IGN
2012,552,2012-01-27,Viernes,0.0,18:00:00,,0.0,2,"Peatón,Moto/Ciclomotor",BOLIVIA Y JOSE INGENIEROS,2,2,0,0,0,0,0,,Calle,,ROSARIO,Rosario,Asfalto,No existe,II,S/D,S/D,Ninguna,No existe,Intersección,Bueno,Buena,Atardecer,S/D,S/D,S/D,Atropello,S/D,Faltante,Ninguna,Sin restricción,POINT (-60.7156839 -32.9171619),"['Bolivia', 'José Ingenieros']",2,Bolivia; José Ingenieros,-32.9171619,-60.7156839,55.0,538.0,Municipio Rosario,Municipio,Rosario,820210,Servicio de Catastro e Información Territorial,IGN
2012,554,2012-01-13,Viernes,0.0,11:30:00,,0.0,1,Moto/Ciclomotor,RONDEAU Y VIEYTE,2,1,0,0,1,0,0,,Calle,,ROSARIO,Rosario,Asfalto,S/D,II,Dentro,Urbana,S/D,S/D,Recta,Bueno,S/D,S/D,S/D,S/D,S/D,S/D,S/D,S/D,S/D,S/D,POINT (-60.69457535 -32.88745725),"['Rondeau', 'Vieytes']",2,Bulevar General José Rondeau; Vieytes,-32.88745725,-60.69457535,55.0,538.0,Municipio Rosario,Municipio,Rosario,820210,Servicio de Catastro e Información Territorial,IGN
2012,555,2012-01-10,Martes,0.0,00:00:00,,0.0,2,"Bicicleta,Automóvil",CAMILO ALDAO Y JUAN JOSE PADO,2,1,0,0,1,0,0,,Calle,,ROSARIO,Rosario,Asfalto,No existe,II,Dentro,Urbana,Ninguna,No existe,Intersección,Bueno,Buena,Diurna,S/D,S/D,S/D,Atropello,S/D,Faltante,Ninguna,Sin restricción,POINT (-60.6967437 -32.91976129999999),"['Camilo Aldao', 'Juan José Paso']",2,Camilo Aldao; Avenida Juan José Paso,-32.91976129999999,-60.6967437,55.0,538.0,Municipio Rosario,Municipio,Rosario,820210,Servicio de Catastro e Información Territorial,IGN
2012,557,2012-01-02,Lunes,0.0,08:45:00,,0.0,1,Moto/Ciclomotor,ecuador y marcos paz,2,1,0,0,1,0,0,,Calle,,ROSARIO,Rosario,Asfalto,No existe,II,Dentro,Urbana,S/D,No existe,Intersección,Bueno,Buena,Diurna,Buen Tiempo,Lateral,S/D,Colisión,S/D,S/D,Línea divisoria pintada,Sin restricción,POINT (-60.7150485 -32.93912310000002),"['Ecuador', 'Marcos Paz']",2,Ecuador; Marcos Paz,-32.93912310000002,-60.7150485,55.0,538.0,Municipio Rosario,Municipio,Rosario,820210,Servicio de Catastro e Información Territorial,IGN
2012,558,2012-01-01,Domingo,0.0,02:00:00,,0.0,2,"Moto/Ciclomotor,Automóvil",rouillon y pampa,2,1,0,0,1,0,0,,Calle,,ROSARIO,Rosario,Asfalto,No existe,II,Dentro,Urbana,Ninguna,S/D,Intersección,Bueno,S/D,Con luz artificial,Buen Tiempo,Lateral,S/D,Colisión,S/D,Faltante,Línea divisoria pintada,Sin restricción,POINT (-60.7020006 -32.9464522),"['Alfredo Rouillón', 'Pampa']",2,Alfredo Rouillón; Pampa,-32.9464522,-60.7020006,55.0,538.0,Municipio Rosario,Municipio,Rosario,820210,Servicio de Catastro e Información Territorial,IGN
2012,559,2012-01-14,Sabado,0.0,12:00:00,,0.0,1,Moto/Ciclomotor,RONDEAU Y MATHEU,1,1,0,0,0,0,0,,S/D,,ROSARIO,Rosario,Asfalto,S/D,II,S/D,Urbana,Ninguna,S/D,Recta,Bueno,S/D,S/D,Buen Tiempo,Otro,S/D,Colisión,S/D,S/D,Ninguna,S/D,POINT (-60.694274275000005 -32.888422175),"['Rondeau', 'Matheu']",2,Bulevar General José Rondeau; Domingo Matheu,-32.888422175,-60.694274275000005,55.0,538.0,Municipio Rosario,Municipio,Rosario,820210,Servicio de Catastro e Información Territorial,IGN
2012,560,2012-01-12,Jueves,0.0,17:00:00,,0.0,2,"Moto/Ciclomotor,Automóvil",sorrento y pcias. unidas,2,1,0,0,1,0,0,,Calle,,ROSARIO,Rosario,Asfalto,No existe,II,Dentro,Urbana,Señal Ceda el Paso,No existe,Intersección,Bueno,Buena,Diurna,Buen Tiempo,Lateral,S/D,Colisión,S/D,Horizontal,Ninguna,Sin restricción,POINT (-60.714102249999996 -32.9083328),"['Sorrento', 'Avenida Provincias Unidas']",2,Avenida Sorrento; Avenida Provincias Unidas,-32.9083328,-60.71410225,55.0,538.0,Municipio Rosario,Municipio,Rosario,820210,Servicio de Catastro e Información Territorial,IGN
2012,561,2012-01-14,Sabado,0.0,02:05:00,,0.0,2,"Moto/Ciclomotor,Automóvil",AV. CARRASCO 2300,2,1,0,0,1,0,0,,Avenida,,ROSARIO,Rosario,Asfalto,S/D,II,S/D,S/D,Otra Señal,S/D,Recta,Bueno,S/D,S/D,Buen Tiempo,Lateral,S/D,Colisión,Agua,S/D,Cordón divisorio,S/D,"-32.9596227, -60.6673187",['Carrasco 2300'],1,Carrasco 2300,-32.9596227,-60.6673187,55.0,538.0,Municipio Rosario,Municipio,Rosario,820210,Servicio de Catastro e Información Territorial,IGN
2012,562,2012-01-22,Domingo,0.0,23:00:00,,0.0,2,"Moto/Ciclomotor,Automóvil",pte. filiol y genova,2,1,0,0,1,0,0,,Calle,,ROSARIO,Rosario,Asfalto,No existe,II,Dentro,Urbana,Ninguna,No existe,Intersección,Bueno,Buena,Con luz artificial,Buen Tiempo,Lateral,S/D,Colisión,S/D,Faltante,Ninguna,Sin restricción,POINT (-60.70719780000001 -32.91582660000001),"['Fillol', 'Genova']",2,Fillol; Avenida Génova,-32.91582660000001,-60.70719780000001,55.0,538.0,Municipio Rosario,Municipio,Rosario,820210,Servicio de Catastro e Información Territorial,IGN
2012,563,2012-01-15,Domingo,0.0,06:20:00,,0.0,2,"Peatón,Moto/Ciclomotor",AV CARRASCO AL 1500,2,2,0,0,0,0,0,,Avenida,,ROSARIO,Rosario,S/D,No existe,II,S/D,S/D,Ninguna,S/D,Recta,Bueno,S/D,S/D,Buen Tiempo,S/D,S/D,Atropello,S/D,Faltante,S/D,S/D,"-32.9201239, -60.684968",['Carrasco 1500'],1,Carrasco 1500,-32.9201239,-60.684968,55.0,538.0,Municipio Rosario,Municipio,Rosario,820210,Servicio de Catastro e Información Territorial,IGN
2012,564,2012-01-21,Sabado,0.0,20:30:00,,0.0,2,"Moto/Ciclomotor,Automóvil",juan jose paso y olavarria,3,1,0,0,2,0,0,,Calle,,ROSARIO,Rosario,Asfalto,No existe,II,Dentro,Urbana,Semáforo,Funciona,Intersección,Bueno,Buena,"Diurna,Con luz artificial",Buen Tiempo,Lateral,S/D,Colisión,S/D,Faltante,Ninguna,Sin restricción,POINT (-60.7043792 -32.9199808),"['Juan José Paso', 'Olavarría']",2,Avenida Juan José Paso; Olavarría,-32.9199808,-60.7043792,55.0,538.0,Municipio Rosario,Municipio,Rosario,820210,Servicio de Catastro e Información Territorial,IGN
2012,566,2012-01-15,Domingo,0.0,06:20:00,,0.0,1,Automóvil,AV. CARRASCO AL 900,2,1,0,0,1,0,0,,Avenida,,ROSARIO,Rosario,Asfalto,No existe,II,S/D,Urbana,Ninguna,No existe,Recta,Bueno,Buena,Nocturna,Buen Tiempo,Lateral,S/D,Colisión,S/D,S/D,Guardarrail,Sin restricción,"-32.9199297, -60.6770872",['Carrasco 900'],1,Carrasco 900,-32.9199297,-60.6770872,55.0,538.0,Municipio Rosario,Municipio,Rosario,820210,Servicio de Catastro e Información Territorial,IGN
2012,569,2012-01-24,Martes,0.0,13:55:00,,0.0,2,"Moto/Ciclomotor,Automóvil",Amenabar y Chacabuco,2,0,0,0,1,1,0,,Calle,,ROSARIO,Rosario,Asfalto,No existe,II,Dentro,Urbana,Ninguna,No existe,Intersección,Bueno,Buena,Diurna,Buen Tiempo,Lateral,S/D,Colisión,S/D,S/D,Ninguna,Sin restricción,POINT (-60.629293800000006 -32.974972099999995),"['Amenabar', 'Chacabuco']",2,José de Amenábar; Chacabuco,-32.974972099999995,-60.629293800000006,55.0,538.0,Municipio Rosario,Municipio,Rosario,820210,Servicio de Catastro e Información Territorial,IGN
2012,572,2012-01-14,Sabado,0.0,21:00:00,,0.0,2,"Moto/Ciclomotor,Automóvil",GENOVA Y GARZON,2,1,0,0,1,0,0,,Calle,,ROSARIO,Rosario,Asfalto,No existe,II,Dentro,Urbana,Ninguna,No existe,Intersección,Bueno,Buena,Con luz artificial,S/D,Lateral,S/D,Colisión,S/D,Faltante,Ninguna,Sin restricción,POINT (-60.7063289 -32.91580020000001),"['Genova', 'Garzón']",2,Avenida Génova; Garzón,-32.91580020000001,-60.7063289,55.0,538.0,Municipio Rosario,Municipio,Rosario,820210,Servicio de Catastro e Información Territorial,IGN
2012,573,2012-01-11,Miercoles,0.0,18:00:00,,0.0,2,"Moto/Ciclomotor,Automóvil",GENOVA Y PCIAS. UNIDAS,2,1,0,0,1,0,0,,Calle,,ROSARIO,Rosario,Asfalto,No existe,II,Dentro,Urbana,Ninguna,No existe,Recta,Bueno,Buena,Atardecer,Buen Tiempo,Lateral,S/D,Colisión,S/D,Faltante,Ninguna,Sin restricción,POINT (-60.713807349999996 -32.916028749999995),"['Genova', 'Avenida Provincias Unidas']",2,Avenida Génova; Avenida Provincias Unidas,-32.916028749999995,-60.71380735,55.0,538.0,Municipio Rosario,Municipio,Rosario,820210,Servicio de Catastro e Información Territorial,IGN
2012,574,2012-01-05,Jueves,0.0,18:30:00,,0.0,2,"Bicicleta,Automóvil",9 DE JULIO,2,1,0,0,1,0,0,,S/D,,ROSARIO,Rosario,S/D,S/D,II,S/D,S/D,S/D,S/D,Cruce,S/D,S/D,Diurna,S/D,S/D,S/D,Atropello,S/D,S/D,S/D,S/D,"-32.9444099, -60.6930361",['9 de Julio'],1,9 de Julio,-32.9444099,-60.6930361,55.0,538.0,Municipio Rosario,Municipio,Rosario,820210,Servicio de Catastro e Información Territorial,IGN
2012,575,2012-01-06,Viernes,0.0,07:05:00,,0.0,2,"Moto/Ciclomotor,Automóvil",PELLEGRINI Y AYACUCHO,2,1,0,0,1,0,0,,Calle,,ROSARIO,Rosario,Asfalto,S/D,II,Dentro,Urbana,S/D,Funciona,Intersección,Bueno,Buena,Diurna,Buen Tiempo,Lateral,S/D,Colisión,S/D,S/D,Cordón divisorio,S/D,POINT (-60.6296377 -32.959329849999996),"['Pellegrini', 'Ayacucho']",2,Avenida Carlos Pellegrini; Ayacucho,-32.95932985,-60.6296377,55.0,538.0,Municipio Rosario,Municipio,Rosario,820210,Servicio de Catastro e Información Territorial,IGN
2012,576,2012-01-07,Sabado,0.0,15:00:00,,0.0,2,"Moto/Ciclomotor,Automóvil",1&#186; DE MAYO Y RIOJA,2,1,0,0,1,0,0,,Calle,,ROSARIO,Rosario,Asfalto,S/D,II,Dentro,Urbana,S/D,No existe,Intersección,Bueno,Buena,Diurna,S/D,Lateral,S/D,Colisión,S/D,Faltante,Cordón divisorio,Sin restricción,POINT (-60.63017589999999 -32.94932690000001),"['Primero de Mayo', 'Rioja']",2,Primero de Mayo; Rioja,-32.94932690000001,-60.63017589999999,55.0,538.0,Municipio Rosario,Municipio,Rosario,820210,Servicio de Catastro e Información Territorial,IGN
2012,577,2012-01-13,Viernes,0.0,14:15:00,,0.0,2,"Moto/Ciclomotor,Automóvil",BUENOS AIRES Y SAN LUIS,2,1,0,0,1,0,0,,Calle,,ROSARIO,Rosario,Asfalto,S/D,II,Dentro,Urbana,S/D,No existe,Intersección,Bueno,Buena,Diurna,Buen Tiempo,Lateral,S/D,Colisión,S/D,Faltante,Cordón divisorio,S/D,POINT (-60.63335 -32.95001940000001),"['Buenos Aires', 'San Luis']",2,Buenos Aires; San Luis,-32.95001940000001,-60.63335,55.0,538.0,Municipio Rosario,Municipio,Rosario,820210,Servicio de Catastro e Información Territorial,IGN
2012,579,2012-01-13,Viernes,0.0,17:30:00,,0.0,2,"Moto/Ciclomotor,Automóvil",NECOCHEA,2,1,0,0,1,0,0,,Calle,,ROSARIO,Rosario,Asfalto,S/D,II,Dentro,Urbana,S/D,S/D,Otro,Bueno,Buena,Diurna,Buen Tiempo,Lateral,S/D,Colisión,S/D,S/D,Cordón divisorio,S/D,"-32.9575508, -60.6263553",['Necochea'],1,Necochea,-32.9575508,-60.6263553,55.0,538.0,Municipio Rosario,Municipio,Rosario,820210,Servicio de Catastro e Información Territorial,IGN
2012,580,2012-01-01,Domingo,0.0,02:20:00,,0.0,2,"Moto/Ciclomotor,Automóvil",interseccion junin y aracauno,3,0,2,0,1,0,0,,Calle,,ROSARIO,Rosario,Asfalto,Natural,II,S/D,Urbana,Ninguna,S/D,Intersección,Bueno,Buena,Nocturna,Buen Tiempo,Lateral,S/D,Colisión,S/D,S/D,Ninguna,Sin restricción,POINT (-60.7010174 -32.9272596),"['Junín', 'Araucano']",2,Junín; Araucano,-32.9272596,-60.7010174,55.0,538.0,Municipio Rosario,Municipio,Rosario,820210,Servicio de Catastro e Información Territorial,IGN
2012,581,2012-01-10,Martes,0.0,08:30:00,,0.0,2,"Automóvil,Automóvil",gorriti 5700,3,1,0,0,2,0,0,,Calle,,ROSARIO,Rosario,Asfalto,Pavimento,II,Dentro,Urbana,Ninguna,S/D,Recta,Bueno,Buena,S/D,Buen Tiempo,Lateral,S/D,Colisión,S/D,S/D,Ninguna,Sin restricción,"-32.9239862, -60.7019481",['Gorriti 5700'],1,Gorriti 5700,-32.9239862,-60.7019481,55.0,538.0,Municipio Rosario,Municipio,Rosario,820210,Servicio de Catastro e Información Territorial,IGN
2012,582,2012-01-14,Sabado,0.0,14:15:00,,0.0,2,"Bicicleta,Automóvil",CORDOBA Y BS. AS.,2,1,0,0,1,0,0,,Calle,,ROSARIO,Rosario,Asfalto,S/D,II,Dentro,Urbana,S/D,S/D,Intersección,Bueno,S/D,Diurna,S/D,Lateral,S/D,Colisión,S/D,S/D,Cordón divisorio,S/D,POINT (-60.632749 -32.9475389),"['Córdoba', 'Buenos Aires']",2,Córdoba; Buenos Aires,-32.9475389,-60.632749,55.0,538.0,Municipio Rosario,Municipio,Rosario,820210,Servicio de Catastro e Información Territorial,IGN
2012,584,2012-01-17,Martes,0.0,17:00:00,,0.0,1,Moto/Ciclomotor,peru y bulsa,2,1,0,0,0,0,1,,Calle,,ROSARIO,Rosario,Hormigón,S/D,II,Fuera,Urbana,Ninguna,S/D,Intersección,Bueno,S/D,S/D,Buen Tiempo,Lateral,S/D,Colisión,S/D,Faltante,S/D,S/D,POINT (-60.7121086 -32.92373330000001),"['Peru', 'Bielsa']",2,Perú; Bielsa,-32.92373330000001,-60.7121086,55.0,538.0,Municipio Rosario,Municipio,Rosario,820210,Servicio de Catastro e Información Territorial,IGN
2012,585,2012-01-17,Martes,0.0,17:00:00,,0.0,1,Moto/Ciclomotor,tte. agneta y gorriti,2,1,0,0,1,0,0,,Calle,,ROSARIO,Rosario,Asfalto,Natural,II,Fuera,Urbana,Ninguna,No existe,Intersección,Bueno,Buena,S/D,Buen Tiempo,Lateral,S/D,Colisión,S/D,Faltante,S/D,S/D,POINT (-60.7004582 -32.92401259999999),"['Teniente Agneta', 'Gorriti']",2,Teniente Agneta; Gorriti,-32.92401259999999,-60.7004582,55.0,538.0,Municipio Rosario,Municipio,Rosario,820210,Servicio de Catastro e Información Territorial,IGN
2012,586,2012-01-16,Lunes,0.0,19:30:00,,0.0,1,Moto/Ciclomotor,larrea y esquiu,1,1,0,0,0,0,0,,Calle,,ROSARIO,Rosario,Asfalto,S/D,II,S/D,Urbana,S/D,S/D,Intersección,Bueno,S/D,S/D,S/D,Lateral,S/D,Colisión,S/D,S/D,S/D,S/D,POINT (-60.6979382 -32.922705799999996),"['Larrea', 'Esquiú']",2,Larrea; Esquiú,-32.9227058,-60.6979382,55.0,538.0,Municipio Rosario,Municipio,Rosario,820210,Servicio de Catastro e Información Territorial,IGN
2012,587,2012-01-16,Lunes,0.0,20:00:00,,0.0,1,Moto/Ciclomotor,j. ingenieros y gallini,2,0,0,0,0,0,2,,Calle,,ROSARIO,Rosario,S/D,S/D,II,Dentro,Urbana,S/D,S/D,S/D,S/D,S/D,S/D,S/D,S/D,S/D,S/D,S/D,S/D,S/D,S/D,POINT (-60.68916800000001 -32.91639390000001),"['José Ingenieros', 'Gallini']",2,José Ingenieros; Gallini,-32.91639390000001,-60.68916800000001,55.0,538.0,Municipio Rosario,Municipio,Rosario,820210,Servicio de Catastro e Información Territorial,IGN
2012,588,2012-01-16,Lunes,0.0,20:00:00,,0.0,1,Moto/Ciclomotor,juan j. paso y antelo,2,0,0,0,1,0,1,,Calle,,ROSARIO,Rosario,S/D,S/D,II,S/D,Rural,S/D,S/D,Intersección,S/D,S/D,S/D,S/D,S/D,S/D,S/D,S/D,S/D,S/D,S/D,POINT (-60.68656570000001 -32.9194636),"['Juan José Paso', 'Antelo']",2,Avenida Juan José Paso; Mario Antelo,-32.9194636,-60.68656570000001,55.0,538.0,Municipio Rosario,Municipio,Rosario,820210,Servicio de Catastro e Información Territorial,IGN
2012,589,2012-01-17,Martes,0.0,19:45:00,,0.0,1,Bicicleta,j. b. justo y gallin,2,0,0,0,0,0,2,,Calle,,ROSARIO,Rosario,S/D,S/D,II,S/D,Urbana,S/D,S/D,S/D,S/D,S/D,S/D,S/D,S/D,S/D,Atropello,S/D,S/D,S/D,S/D,POINT (-60.6892755 -32.914215399999996),"['Justo', 'Gallini']",2,Justo José de Urquiza; Gallini,-32.9142154,-60.6892755,55.0,538.0,Municipio Rosario,Municipio,Rosario,820210,Servicio de Catastro e Información Territorial,IGN
2012,591,2012-01-17,Martes,0.0,09:10:00,,0.0,2,"Moto/Ciclomotor,Pickup/Utilitario",NECOCHEA Y MONTEVIDEO,3,1,0,0,2,0,0,,Calle,,ROSARIO,Rosario,Asfalto,S/D,II,Dentro,Urbana,Ninguna,No existe,Intersección,S/D,Buena,Diurna,S/D,Lateral,S/D,Colisión,S/D,Faltante,Cordón divisorio,S/D,POINT (-60.6266133 -32.9586352),"['Necochea', 'Montevideo']",2,Necochea; Montevideo,-32.9586352,-60.6266133,55.0,538.0,Municipio Rosario,Municipio,Rosario,820210,Servicio de Catastro e Información Territorial,IGN
2012,592,2012-01-25,Miercoles,0.0,19:45:00,,0.0,1,Bicicleta,carrasco e iguazu,2,0,0,0,0,0,2,,Calle,,ROSARIO,Rosario,S/D,S/D,II,Dentro,Urbana,S/D,S/D,S/D,S/D,S/D,S/D,S/D,S/D,S/D,S/D,S/D,S/D,S/D,S/D,POINT (-60.68620810000001 -32.92022129999999),"['Carrasco', 'Iguazu']",2,Omar Carrasco; Iguazú,-32.92022129999999,-60.68620810000001,55.0,538.0,Municipio Rosario,Municipio,Rosario,820210,Servicio de Catastro e Información Territorial,IGN
2012,594,2012-01-05,Jueves,0.0,14:30:00,,0.0,2,"Moto/Ciclomotor,Taxi/Remis",mitre 800,2,1,0,0,1,0,0,,Calle,,ROSARIO,Rosario,Asfalto,No existe,II,Dentro,Urbana,Paso Peatonal,No existe,Recta,Bueno,Buena,Diurna,Buen Tiempo,Lateral,S/D,Colisión,S/D,Horizontal,Ninguna,Sin restricción,"-32.9460844, -60.6396264",['Mitre 800'],1,Mitre 800,-32.9460844,-60.6396264,55.0,538.0,Municipio Rosario,Municipio,Rosario,820210,Servicio de Catastro e Información Territorial,IGN
2012,595,2012-01-19,Jueves,0.0,15:00:00,,0.0,2,"Moto/Ciclomotor,Taxi/Remis",BS. AS. Y 3 DE FEBRERO,2,1,0,0,1,0,0,,Calle,,ROSARIO,Rosario,Asfalto,S/D,II,Dentro,Urbana,S/D,S/D,Intersección,Bueno,Buena,Diurna,Buen Tiempo,Lateral,S/D,Colisión,S/D,S/D,Cordón divisorio,S/D,POINT (-60.63427490000001 -32.9536983),"['Buenos Aires', '3 de Febrero']",2,Buenos Aires; 3 de Febrero,-32.9536983,-60.63427490000001,55.0,538.0,Municipio Rosario,Municipio,Rosario,820210,Servicio de Catastro e Información Territorial,IGN
2012,596,2012-01-05,Jueves,0.0,11:10:00,,0.0,2,"Bicicleta,Automóvil",sarmiento y san juan ,2,1,0,0,0,0,1,,Calle,,ROSARIO,Rosario,Asfalto,No existe,II,Dentro,Urbana,Ninguna,No existe,Intersección,Bueno,Buena,Nocturna,Buen Tiempo,Lateral,S/D,Colisión,S/D,Horizontal,Ninguna,Sin restricción,POINT (-60.6391042 -32.950156699999994),"['Sarmiento', 'San Juan']",2,Sarmiento; San Juan,-32.950156699999994,-60.6391042,55.0,538.0,Municipio Rosario,Municipio,Rosario,820210,Servicio de Catastro e Información Territorial,IGN
2012,598,2012-01-20,Viernes,0.0,07:15:00,,0.0,2,"Moto/Ciclomotor,Transporte de Pasajeros Urbano (> 8 asientos)",1&#186; DE MAYO 1200,2,1,0,0,1,0,0,,Calle,,ROSARIO,Rosario,Asfalto,S/D,II,Dentro,Urbana,S/D,No existe,Recta,Bueno,Buena,Amanecer,Buen Tiempo,De alcance,S/D,Colisión,S/D,S/D,Cordón divisorio,S/D,"-32.9529225, -60.6310277",['Primero De Mayo 1200'],1,Primero De Mayo 1200,-32.9529225,-60.6310277,55.0,538.0,Municipio Rosario,Municipio,Rosario,820210,Servicio de Catastro e Información Territorial,IGN
2012,600,2012-01-21,Sabado,0.0,12:30:00,,0.0,2,"Peatón,Automóvil",LAPRIDA 800,2,1,0,0,1,0,0,,Calle,,ROSARIO,Rosario,Asfalto,S/D,II,Dentro,Urbana,S/D,S/D,Recta,Bueno,Buena,Diurna,S/D,S/D,S/D,Atropello,S/D,S/D,Cordón divisorio,S/D,"-32.9472301, -60.6338633",['Laprida 800'],1,Laprida 800,-32.9472301,-60.6338633,55.0,538.0,Municipio Rosario,Municipio,Rosario,820210,Servicio de Catastro e Información Territorial,IGN
2012,601,2012-01-26,Jueves,0.0,08:15:00,,0.0,2,"Automóvil,Taxi/Remis",BS. AS. Y 9 DE JULIO,4,2,0,0,2,0,0,,Calle,,ROSARIO,Rosario,Asfalto,S/D,II,Dentro,Urbana,S/D,No existe,Intersección,Bueno,Buena,Diurna,S/D,Lateral,S/D,Colisión,S/D,Faltante,Cordón divisorio,S/D,POINT (-60.6345741 -32.9548812),"['Buenos Aires', '9 de Julio']",2,Buenos Aires; 9 de Julio,-32.9548812,-60.6345741,55.0,538.0,Municipio Rosario,Municipio,Rosario,820210,Servicio de Catastro e Información Territorial,IGN
2012,602,2012-01-11,Miercoles,0.0,08:45:00,,0.0,2,"Peatón,Automóvil",san luis 2300,2,1,0,0,0,0,1,,Calle,,ROSARIO,Rosario,S/D,S/D,II,Dentro,Urbana,S/D,S/D,S/D,S/D,S/D,S/D,S/D,S/D,S/D,Atropello,S/D,S/D,S/D,S/D,"-32.9460412, -60.6551425",['San Luis 2300'],1,San Luis 2300,-32.9460412,-60.6551425,55.0,538.0,Municipio Rosario,Municipio,Rosario,820210,Servicio de Catastro e Información Territorial,IGN
2012,603,2012-01-11,Miercoles,0.0,14:40:00,,0.0,3,"Automóvil,Pickup/Utilitario,Automóvil",italia y san juan ,5,5,0,0,0,0,0,,Calle,,ROSARIO,Rosario,Asfalto,S/D,II,Dentro,Urbana,S/D,S/D,Recta,Bueno,Buena,Diurna,S/D,Múltiple,S/D,Colisión,S/D,S/D,S/D,S/D,POINT (-60.64880240000001 -32.948424),"['Italia', 'San Juan']",2,Italia; San Juan,-32.948424,-60.64880240000001,55.0,538.0,Municipio Rosario,Municipio,Rosario,820210,Servicio de Catastro e Información Territorial,IGN
2012,605,2012-01-26,Jueves,0.0,08:55:00,,0.0,2,"Moto/Ciclomotor,Automóvil",pellegrini 200,2,1,0,0,1,0,0,,Calle,,ROSARIO,Rosario,Asfalto,S/D,II,Dentro,Urbana,S/D,Funciona,Intersección,Bueno,Buena,Diurna,S/D,Lateral,S/D,Colisión,S/D,S/D,Cordón divisorio,S/D,"-32.9594663, -60.6281002",['Pellegrini 200'],1,Pellegrini 200,-32.9594663,-60.6281002,55.0,538.0,Municipio Rosario,Municipio,Rosario,820210,Servicio de Catastro e Información Territorial,IGN
2012,606,2012-01-22,Domingo,0.0,01:20:00,,0.0,2,"Automóvil,Automóvil",mendoza y alvear,6,2,0,0,3,0,1,,Calle,,ROSARIO,Rosario,Asfalto,S/D,II,Dentro,Urbana,S/D,S/D,Recta,Bueno,S/D,S/D,S/D,S/D,S/D,Colisión,S/D,S/D,S/D,S/D,POINT (-60.6559491 -32.9485925),"['Mendoza', 'Alvear']",2,Mendoza; Alvear,-32.9485925,-60.6559491,55.0,538.0,Municipio Rosario,Municipio,Rosario,820210,Servicio de Catastro e Información Territorial,IGN
2012,608,2012-01-21,Sabado,0.0,13:30:00,,0.0,2,"Taxi/Remis,Automóvil",montevideo y sarmiento ,2,2,0,0,0,0,0,,Calle,,ROSARIO,Rosario,Asfalto,No existe,II,Dentro,Urbana,Ninguna,No existe,Intersección,Bueno,Buena,Diurna,Buen Tiempo,Lateral,S/D,Colisión,S/D,Horizontal,Ninguna,Sin restricción,POINT (-60.64057540000001 -32.9561286),"['Montevideo', 'Sarmiento']",2,Montevideo; Sarmiento,-32.9561286,-60.64057540000001,55.0,538.0,Municipio Rosario,Municipio,Rosario,820210,Servicio de Catastro e Información Territorial,IGN
2012,609,2012-01-15,Domingo,0.0,16:05:00,,0.0,1,Automóvil,rioja y pte. roca ,4,1,0,0,2,0,1,,Calle,,ROSARIO,Rosario,Asfalto,S/D,II,Dentro,Urbana,S/D,S/D,Recta,Bueno,S/D,Diurna,Buen Tiempo,S/D,S/D,Colisión,S/D,S/D,S/D,S/D,POINT (-60.6453839 -32.94636289999999),"['Rioja', 'Roca']",2,Rioja; Presidente Roca,-32.94636289999999,-60.6453839,55.0,538.0,Municipio Rosario,Municipio,Rosario,820210,Servicio de Catastro e Información Territorial,IGN