anio_acci,nro_acci,fecha,desc_dia,fecha_aprox,hora_aprox,desc_ruta,km,cant_participantes,desc_participante,calle_avenida_km,total,heridos_leves,heridos_graves,heridos_gravisimos,ilesos,fallecidos,sin_datos,posicion_XY,desc_tipo_via,desc_ruta_ori,desc_loc,desc_dpto,desc_tipo_calzada,desc_tipo_banquina,desc_unidad_regional,desc_lugar_calzada,desc_zona,desc_prioridad,desc_estado_semaforo,desc_lugar_via,desc_estado_via,desc_estado_visibilidad,desc_luminosidad,desc_estado_clima,desc_tipo_colision,desc_tipo_atropello,desc_tipo_hecho,desc_pres_calzada,desc_senializacion,desc_separacion_via,desc_restriccion,forma_geocod,calle_lista,numero_calles,calles_osm,lat,lon,index_right,gid,fna,gna,nam,in1,fdc,sag
2012,610,2012-01-17,Martes,0.0,12:20:00,,0.0,1,Peatón,san juan y entre rios ,1,1,0,0,0,0,0,,Calle,,ROSARIO,Rosario,Asfalto,S/D,II,Dentro,Urbana,S/D,S/D,Recta,Bueno,S/D,Diurna,S/D,S/D,S/D,Atropello,S/D,S/D,S/D,S/D,POINT (-60.6418515 -32.9496493),"['San Juan', 'Entre Ríos']",2,San Juan; Entre Ríos,-32.9496493,-60.6418515,55.0,538.0,Municipio Rosario,Municipio,Rosario,820210,Servicio de Catastro e Información Territorial,IGN
2012,611,2012-01-20,Viernes,0.0,16:00:00,,0.0,2,"Peatón,Automóvil",entre rios al 700,2,1,0,0,1,0,0,,Calle,,ROSARIO,Rosario,Asfalto,No existe,II,Dentro,Urbana,S/D,No existe,Recta,Bueno,Buena,Diurna,Buen Tiempo,S/D,S/D,Colisión,S/D,Horizontal,Ninguna,Sin restricción,"-32.9445262, -60.6406617",['Entre Rios 700'],1,Entre Rios 700,-32.9445262,-60.6406617,55.0,538.0,Municipio Rosario,Municipio,Rosario,820210,Servicio de Catastro e Información Territorial,IGN
2012,612,2012-01-26,Jueves,0.0,13:00:00,,0.0,1,Moto/Ciclomotor,pte. roca y 3 de febrero,2,2,0,0,0,0,0,,Avenida,,ROSARIO,Rosario,Asfalto,S/D,II,Dentro,Urbana,S/D,S/D,Recta,Bueno,S/D,S/D,Buen Tiempo,Lateral,S/D,Colisión,Otro,Horizontal,Línea divisoria pintada,S/D,POINT (-60.6466869 -32.9515312),"['Roca', '3 de Febrero']",2,Presidente Roca; 3 de Febrero,-32.9515312,-60.6466869,55.0,538.0,Municipio Rosario,Municipio,Rosario,820210,Servicio de Catastro e Información Territorial,IGN
2012,614,2012-01-23,Lunes,0.0,11:00:00,,0.0,1,Taxi/Remis,9 de julio 1100,2,1,0,0,1,0,0,,Calle,,ROSARIO,Rosario,Asfalto,S/D,II,Dentro,Urbana,S/D,S/D,Recta,Bueno,S/D,S/D,S/D,S/D,S/D,Colisión,S/D,S/D,S/D,S/D,"-32.953846, -60.6399092",['9 De Julio 1100'],1,9 De Julio 1100,-32.953846,-60.6399092,55.0,538.0,Municipio Rosario,Municipio,Rosario,820210,Servicio de Catastro e Información Territorial,IGN
2012,615,2012-01-26,Jueves,0.0,19:55:00,,0.0,1,Transporte de Pasajeros Urbano (> 8 asientos),sarmiento 1500,5,2,0,0,1,0,2,,Calle,,ROSARIO,Rosario,Asfalto,Pavimento,II,Dentro,Urbana,Otra Señal,No existe,Recta,Bueno,Buena,Atardecer,Buen Tiempo,"Frontal,Lateral",S/D,Colisión,S/D,S/D,Línea divisoria pintada,Sin restricción,"-32.9549457, -60.6403388",['Sarmiento 1500'],1,Sarmiento 1500,-32.9549457,-60.6403388,55.0,538.0,Municipio Rosario,Municipio,Rosario,820210,Servicio de Catastro e Información Territorial,IGN
2012,616,2012-01-26,Jueves,0.0,13:00:00,,0.0,1,Taxi/Remis,"pte, roca y 3 de febrero ",1,0,0,0,0,0,1,,Avenida,,ROSARIO,Rosario,Asfalto,S/D,II,Dentro,Urbana,Ninguna,S/D,Recta,Bueno,S/D,S/D,Buen Tiempo,Lateral,S/D,Colisión,Otro,Horizontal,Línea divisoria pintada,S/D,POINT (-60.6466869 -32.9515312),"['Roca', '3 de Febrero']",2,Presidente Roca; 3 de Febrero,-32.9515312,-60.6466869,55.0,538.0,Municipio Rosario,Municipio,Rosario,820210,Servicio de Catastro e Información Territorial,IGN
2012,627,2012-01-26,Jueves,0.0,19:55:00,,0.0,2,"Automóvil,Otros",SARMIENTO 1500,2,2,0,0,0,0,0,,Calle,,ROSARIO,Rosario,Asfalto,S/D,II,Dentro,Urbana,Otra Señal,S/D,Recta,Bueno,S/D,S/D,Buen Tiempo,Lateral,S/D,Colisión,Otro,Horizontal,Línea divisoria pintada,S/D,"-32.9549457, -60.6403388",['Sarmiento 1500'],1,Sarmiento 1500,-32.9549457,-60.6403388,55.0,538.0,Municipio Rosario,Municipio,Rosario,820210,Servicio de Catastro e Información Territorial,IGN
2012,628,2012-01-27,Viernes,0.0,08:50:00,,0.0,2,"Moto/Ciclomotor,Taxi/Remis",MORENO Y CATAMARCA,2,1,0,0,1,0,0,,Calle,,ROSARIO,Rosario,Asfalto,No existe,II,Dentro,Urbana,Paso Peatonal,No existe,Intersección,Bueno,S/D,S/D,Buen Tiempo,Frontal,S/D,Colisión,S/D,Faltante,Ninguna,Sin restricción,POINT (-60.64912919999999 -32.93837429999999),"['Moreno', 'Catamarca']",2,Mariano Moreno; Catamarca,-32.93837429999999,-60.64912919999999,55.0,538.0,Municipio Rosario,Municipio,Rosario,820210,Servicio de Catastro e Información Territorial,IGN
2012,629,2012-01-27,Viernes,0.0,11:30:00,,0.0,2,"Moto/Ciclomotor,Pickup/Utilitario",PARAGUAY Y TUCUMAN,2,1,0,0,1,0,0,,Calle,,ROSARIO,Rosario,Asfalto,No existe,II,Dentro,Urbana,Ninguna,No existe,Intersección,Bueno,Buena,Diurna,Buen Tiempo,Lateral,S/D,Colisión,S/D,S/D,Ninguna,Sin restricción,POINT (-60.6425624 -32.94080369999999),"['Paraguay', 'Tucumán']",2,Paraguay; Tucumán,-32.94080369999999,-60.6425624,55.0,538.0,Municipio Rosario,Municipio,Rosario,820210,Servicio de Catastro e Información Territorial,IGN
2012,630,2012-01-25,Miercoles,0.0,21:15:00,,0.0,2,"Peatón,Transporte de Pasajeros Urbano (> 8 asientos)",SAN LORENZO Y DORREGO,1,1,0,0,0,0,0,,Calle,,ROSARIO,Rosario,Asfalto,S/D,II,Dentro,Urbana,Ninguna,S/D,Recta,Bueno,Buena,Nocturna,Buen Tiempo,S/D,S/D,Atropello,Agua,Faltante,Ninguna,Sin restricción,POINT (-60.6486306 -32.94215729999999),"['San Lorenzo', 'Dorrego']",2,San Lorenzo; Manuel Dorrego,-32.94215729999999,-60.6486306,55.0,538.0,Municipio Rosario,Municipio,Rosario,820210,Servicio de Catastro e Información Territorial,IGN
2012,631,2012-01-23,Lunes,0.0,11:10:00,,0.0,2,"Automóvil,Moto/Ciclomotor",AV. BELGRANO Y BUENOS AIRES,4,1,1,0,2,0,0,,Calle,,ROSARIO,Rosario,Asfalto,No existe,II,Dentro,Urbana,Policía de tránsito,Funciona,Intersección,Bueno,Buena,Diurna,Buen Tiempo,Lateral,S/D,Colisión,S/D,S/D,Ninguna,Sin restricción,POINT (-60.63208483333333 -32.94541773333333),"['Belgrano', 'Buenos Aires']",2,Avenida Manuel Belgrano; Buenos Aires,-32.94541773333333,-60.63208483333333,55.0,538.0,Municipio Rosario,Municipio,Rosario,820210,Servicio de Catastro e Información Territorial,IGN
2012,632,2012-01-23,Lunes,0.0,20:10:00,,0.0,2,"Automóvil,Moto/Ciclomotor",BV. OROÑO Y TUCUMAN,3,1,0,0,2,0,0,,Avenida,,ROSARIO,Rosario,Asfalto,No existe,II,Dentro,Urbana,Policía de tránsito,No existe,Intersección,Bueno,Buena,Nocturna,Buen Tiempo,Lateral,S/D,Colisión,S/D,S/D,Cordón divisorio,Sin restricción,POINT (-60.6521219 -32.9390762),"['Bulevar Nicasio Oroño', 'Tucumán']",2,Bulevar Nicasio Oroño; Tucumán,-32.9390762,-60.6521219,55.0,538.0,Municipio Rosario,Municipio,Rosario,820210,Servicio de Catastro e Información Territorial,IGN
2012,633,2012-01-22,Domingo,0.0,08:20:00,,0.0,2,"Moto/Ciclomotor,Transporte de Pasajeros Urbano (> 8 asientos)",CORRIENTES Y URQUIZA,3,2,0,0,1,0,0,,Calle,,ROSARIO,Rosario,Asfalto,No existe,II,Dentro,Urbana,Semáforo,Funciona,Recta,Bueno,Buena,Diurna,Buen Tiempo,Lateral,S/D,Colisión,S/D,Vertical,Ninguna,Sin restricción,POINT (-60.6414615 -32.9422391),"['Corrientes', 'Urquiza']",2,Corrientes; Justo José de Urquiza,-32.9422391,-60.6414615,55.0,538.0,Municipio Rosario,Municipio,Rosario,820210,Servicio de Catastro e Información Territorial,IGN
2012,634,2012-01-20,Viernes,0.0,15:30:00,,0.0,2,"Transporte de Pasajeros Urbano (> 8 asientos),Peatón",DORREGO Y SALTA,2,1,0,0,1,0,0,,Calle,,ROSARIO,Rosario,Asfalto,No existe,II,Dentro,Urbana,Policía de tránsito,No existe,Intersección,Bueno,Buena,Diurna,Buen Tiempo,S/D,S/D,Atropello,S/D,Faltante,Ninguna,Sin restricción,POINT (-60.647418 -32.937457099999996),"['Dorrego', 'Salta']",2,Manuel Dorrego; Salta,-32.9374571,-60.647418,55.0,538.0,Municipio Rosario,Municipio,Rosario,820210,Servicio de Catastro e Información Territorial,IGN
2012,635,2012-01-18,Miercoles,0.0,08:00:00,,0.0,2,"Automóvil,Moto/Ciclomotor",SAN LORENZO Y PARAGUAY,2,1,0,0,1,0,0,,Calle,,ROSARIO,Rosario,Asfalto,No existe,II,Dentro,Urbana,Policía de tránsito,No existe,Intersección,Bueno,Buena,Diurna,Buen Tiempo,Lateral,S/D,Colisión,S/D,S/D,Ninguna,Sin restricción,POINT (-60.643162000000004 -32.9431566),"['San Lorenzo', 'Paraguay']",2,San Lorenzo; Paraguay,-32.9431566,-60.643162,55.0,538.0,Municipio Rosario,Municipio,Rosario,820210,Servicio de Catastro e Información Territorial,IGN
2012,639,2012-01-14,Sabado,0.0,20:20:00,,0.0,2,"Automóvil,Peatón",WHEELWRIGHT E ITALIA,2,1,0,0,1,0,0,,Calle,,ROSARIO,Rosario,Asfalto,No existe,II,Dentro,Urbana,Policía de tránsito,No existe,Intersección,Bueno,Buena,Atardecer,Buen Tiempo,S/D,S/D,Atropello,S/D,S/D,Ninguna,Sin restricción,POINT (-60.64530140000001 -32.9343899),"['Avenida Guillermo Wheelwright', 'Italia']",2,Avenida Guillermo Wheelwright; Italia,-32.9343899,-60.64530140000001,55.0,538.0,Municipio Rosario,Municipio,Rosario,820210,Servicio de Catastro e Información Territorial,IGN
2012,640,2012-01-06,Viernes,0.0,16:20:00,,0.0,2,"Automóvil,Moto/Ciclomotor",BV.OROÑO Y SAN LORENZO,2,1,0,0,1,0,0,,Avenida,,ROSARIO,Rosario,Asfalto,No existe,II,Dentro,Urbana,Policía de tránsito,No existe,Intersección,Bueno,Buena,Diurna,Buen Tiempo,Lateral,S/D,Colisión,S/D,Faltante,Ninguna,Sin restricción,POINT (-60.652740599999994 -32.9414065),"['Bulevar Nicasio Oroño', 'San Lorenzo']",2,Bulevar Nicasio Oroño; San Lorenzo,-32.9414065,-60.6527406,55.0,538.0,Municipio Rosario,Municipio,Rosario,820210,Servicio de Catastro e Información Territorial,IGN
2012,641,2012-01-06,Viernes,0.0,13:55:00,,0.0,2,"Taxi/Remis,Moto/Ciclomotor",BALCARCE Y JUJUY,2,1,0,0,1,0,0,,S/D,,ROSARIO,Rosario,Asfalto,No existe,II,Dentro,Urbana,Policía de tránsito,No existe,Intersección,Bueno,Buena,Diurna,Buen Tiempo,Lateral,S/D,Colisión,S/D,Faltante,Ninguna,Sin restricción,POINT (-60.6498694 -32.93579820000001),"['Balcarce', 'Jujuy']",2,Balcarce; Jujuy,-32.93579820000001,-60.6498694,55.0,538.0,Municipio Rosario,Municipio,Rosario,820210,Servicio de Catastro e Información Territorial,IGN
2012,642,2012-01-05,Jueves,0.0,17:10:00,,0.0,2,"Automóvil,Moto/Ciclomotor",BROWN Y ESPAÑA,2,1,0,0,1,0,0,,Calle,,ROSARIO,Rosario,Asfalto,No existe,II,Dentro,Urbana,Policía de tránsito,No existe,Intersección,Bueno,Buena,Diurna,Buen Tiempo,Lateral,S/D,Colisión,S/D,Faltante,Ninguna,Sin restricción,POINT (-60.6441389 -32.9356143),"['Brown', 'España']",2,Almirante Brown; España,-32.9356143,-60.6441389,55.0,538.0,Municipio Rosario,Municipio,Rosario,820210,Servicio de Catastro e Información Territorial,IGN
2012,656,2012-01-04,Miercoles,0.0,08:00:00,,0.0,2,"Moto/Ciclomotor,Automóvil",SAN LORENZO Y ENTRE RIOS,2,0,1,0,1,0,0,,Calle,,ROSARIO,Rosario,Asfalto,No existe,II,Dentro,Urbana,Ninguna,No existe,Recta,Bueno,Buena,Diurna,Buen Tiempo,Lateral,S/D,Colisión,S/D,Faltante,Ninguna,S/D,POINT (-60.6403682 -32.94364579999999),"['San Lorenzo', 'Entre Ríos']",2,San Lorenzo; Entre Ríos,-32.94364579999999,-60.6403682,55.0,538.0,Municipio Rosario,Municipio,Rosario,820210,Servicio de Catastro e Información Territorial,IGN
2012,657,2012-01-02,Lunes,0.0,20:00:00,,0.0,2,"Automóvil,Moto/Ciclomotor",SALTA Y ENTRE RIOS,3,2,0,0,1,0,0,,Calle,,ROSARIO,Rosario,Asfalto,No existe,II,Dentro,Urbana,Policía de tránsito,No existe,Intersección,Bueno,Buena,Nocturna,Buen Tiempo,Lateral,S/D,Colisión,Otro,Faltante,Ninguna,Sin restricción,POINT (-60.63918240000001 -32.938972),"['Salta', 'Entre Ríos']",2,Salta; Entre Ríos,-32.938972,-60.63918240000001,55.0,538.0,Municipio Rosario,Municipio,Rosario,820210,Servicio de Catastro e Información Territorial,IGN
2012,658,2012-01-13,Viernes,0.0,13:30:00,,0.0,2,"Moto/Ciclomotor,Automóvil",9 DE JULIO Y CRESPO,3,2,0,0,1,0,0,,Calle,,ROSARIO,Rosario,Asfalto,S/D,II,Dentro,Urbana,S/D,S/D,Intersección,Bueno,Buena,Diurna,S/D,Lateral,S/D,Colisión,S/D,S/D,Cordón divisorio,Sin restricción,POINT (-60.670084200000005 -32.9484788),"['9 de Julio', 'Crespo']",2,9 de Julio; Crespo,-32.9484788,-60.670084200000005,55.0,538.0,Municipio Rosario,Municipio,Rosario,820210,Servicio de Catastro e Información Territorial,IGN
2012,659,2012-01-14,Sabado,0.0,22:00:00,,0.0,2,"Moto/Ciclomotor,Automóvil",SAN LUIS Y VALPARAISO,2,1,0,0,1,0,0,,Calle,,ROSARIO,Rosario,Asfalto,Pavimento,II,Dentro,Urbana,S/D,S/D,Intersección,Bueno,Buena,Nocturna,Buen Tiempo,Lateral,S/D,Colisión,S/D,S/D,Cordón divisorio,S/D,POINT (-60.6824925 -32.9412371),"['San Luis', 'Valparaíso']",2,San Luis; Valparaíso,-32.9412371,-60.6824925,55.0,538.0,Municipio Rosario,Municipio,Rosario,820210,Servicio de Catastro e Información Territorial,IGN
2012,660,2012-01-12,Jueves,0.0,10:30:00,,0.0,2,"Moto/Ciclomotor,Automóvil",3 DE FEBRERO Y CASTELLANOS,2,1,0,0,1,0,0,,Calle,,ROSARIO,Rosario,Asfalto,Pavimento,II,Dentro,Urbana,S/D,S/D,Intersección,S/D,Buena,Diurna,Buen Tiempo,Lateral,S/D,Colisión,S/D,S/D,Cordón divisorio,S/D,POINT (-60.6767004 -32.9461743),"['3 de Febrero', 'Aaron Castellanos']",2,3 de Febrero; Aaron Castellanos,-32.9461743,-60.6767004,55.0,538.0,Municipio Rosario,Municipio,Rosario,820210,Servicio de Catastro e Información Territorial,IGN
2012,661,2012-01-12,Jueves,0.0,18:40:00,,0.0,2,"Taxi/Remis,Pickup/Utilitario",AVELLANEDA Y SANTA FE,2,1,0,0,1,0,0,,Calle,,ROSARIO,Rosario,Asfalto,Pavimento,II,Dentro,Urbana,Semáforo,Funciona,Intersección,S/D,S/D,S/D,Buen Tiempo,Lateral,S/D,Colisión,S/D,S/D,Cordón divisorio,Sin restricción,POINT (-60.678825950000004 -32.937741700000004),"['Avellaneda', 'Santa Fe']",2,Bulevar Nicolás Avellaneda; Santa Fe,-32.937741700000004,-60.67882595,55.0,538.0,Municipio Rosario,Municipio,Rosario,820210,Servicio de Catastro e Información Territorial,IGN
2012,662,2012-01-13,Viernes,0.0,11:20:00,,0.0,2,"Automóvil,Automóvil",ZEBALLOS Y RODRIGUEZ,2,1,0,0,1,0,0,,Calle,,ROSARIO,Rosario,Asfalto,Pavimento,II,Dentro,Urbana,S/D,S/D,Intersección,Bueno,Buena,Diurna,Buen Tiempo,De alcance,S/D,Colisión,S/D,S/D,S/D,S/D,POINT (-60.6608622 -32.9513173),"['Zeballos', 'Rodríguez']",2,Zeballos; Rodríguez de Escobedo,-32.9513173,-60.6608622,55.0,538.0,Municipio Rosario,Municipio,Rosario,820210,Servicio de Catastro e Información Territorial,IGN
2012,663,2012-01-11,Miercoles,0.0,10:00:00,,0.0,2,"Moto/Ciclomotor,Automóvil",PELLEGRINI,2,1,0,0,1,0,0,,Calle,,ROSARIO,Rosario,Asfalto,S/D,II,Dentro,Urbana,S/D,S/D,Intersección,S/D,S/D,S/D,Buen Tiempo,S/D,S/D,S/D,S/D,S/D,Cordón divisorio,S/D,"-32.9533922, -60.6629192",['Pellegrini'],1,Pellegrini,-32.9533922,-60.6629192,55.0,538.0,Municipio Rosario,Municipio,Rosario,820210,Servicio de Catastro e Información Territorial,IGN
2012,664,2012-01-11,Miercoles,0.0,18:20:00,,0.0,2,"Peatón,Automóvil",LAVALLE 1600,2,1,0,0,1,0,0,,Calle,,ROSARIO,Rosario,Asfalto,Pavimento,II,Dentro,Urbana,S/D,S/D,Intersección,Bueno,Buena,Diurna,Buen Tiempo,S/D,S/D,Atropello,S/D,S/D,Cordón divisorio,Sin restricción,"-32.9489414, -60.6802472",['Lavalle 1600'],1,Lavalle 1600,-32.9489414,-60.6802472,55.0,538.0,Municipio Rosario,Municipio,Rosario,820210,Servicio de Catastro e Información Territorial,IGN
2012,666,2012-01-10,Martes,0.0,13:20:00,,0.0,2,"Moto/Ciclomotor,Automóvil",RIOJA 2600,2,1,0,0,1,0,0,,Calle,,ROSARIO,Rosario,Asfalto,Pavimento,II,Dentro,Urbana,S/D,S/D,Intersección,Bueno,Buena,Diurna,S/D,S/D,S/D,Colisión,S/D,S/D,Cordón divisorio,S/D,"-32.9438862, -60.6587887",['Rioja 2600'],1,Rioja 2600,-32.9438862,-60.6587887,55.0,538.0,Municipio Rosario,Municipio,Rosario,820210,Servicio de Catastro e Información Territorial,IGN
2012,667,2012-01-03,Martes,0.0,10:55:00,,0.0,2,"Pickup/Utilitario,Moto/Ciclomotor",9 DE JULIO Y VALPARAISO,3,1,0,0,2,0,0,,Calle,,ROSARIO,Rosario,Asfalto,Natural,II,Dentro,Urbana,S/D,S/D,Intersección,S/D,Buena,Diurna,Buen Tiempo,Lateral,S/D,Colisión,S/D,S/D,Cordón divisorio,Sin restricción,POINT (-60.68368910000001 -32.9460314),"['9 de Julio', 'Valparaíso']",2,9 de Julio; Valparaíso,-32.9460314,-60.68368910000001,55.0,538.0,Municipio Rosario,Municipio,Rosario,820210,Servicio de Catastro e Información Territorial,IGN
2012,668,2012-01-08,Domingo,0.0,00:30:00,,0.0,2,"Automóvil,Otros",OVIDIO LAGOS AL 1300,3,2,0,0,1,0,0,,Calle,,ROSARIO,Rosario,Asfalto,Pavimento,II,Dentro,Urbana,S/D,S/D,Intersección,Bueno,Buena,Nocturna,Buen Tiempo,Lateral,S/D,Colisión,S/D,S/D,Cordón divisorio,Sin restricción,"-32.9485161, -60.6631022",['Ovidio Lagos 1300'],1,Ovidio Lagos 1300,-32.9485161,-60.6631022,55.0,538.0,Municipio Rosario,Municipio,Rosario,820210,Servicio de Catastro e Información Territorial,IGN
2012,669,2012-01-02,Lunes,0.0,20:35:00,,0.0,2,"Peatón,Automóvil",BV. OROÑO Y TUCUMAN,2,1,0,0,1,0,0,,Avenida,,ROSARIO,Rosario,Asfalto,No existe,II,Dentro,Urbana,Paso Peatonal,No existe,Recta,Bueno,Buena,Diurna,Buen Tiempo,S/D,S/D,Atropello,S/D,Faltante,S/D,S/D,POINT (-60.6521219 -32.9390762),"['Bulevar Nicasio Oroño', 'Tucumán']",2,Bulevar Nicasio Oroño; Tucumán,-32.9390762,-60.6521219,55.0,538.0,Municipio Rosario,Municipio,Rosario,820210,Servicio de Catastro e Información Territorial,IGN
2012,670,2012-01-06,Viernes,0.0,08:00:00,,0.0,2,"Moto/Ciclomotor,Automóvil",3 DE FEBRERO Y AVELLANEDA,2,1,0,0,1,0,0,,Calle,,ROSARIO,Rosario,Asfalto,Pavimento,II,Dentro,Urbana,S/D,S/D,Intersección,S/D,S/D,S/D,Buen Tiempo,S/D,S/D,S/D,S/D,S/D,Cordón divisorio,Sin restricción,POINT (-60.6807366 -32.945458),"['3 de Febrero', 'Avellaneda']",2,3 de Febrero; Bulevar Nicolás Avellaneda,-32.945458,-60.6807366,55.0,538.0,Municipio Rosario,Municipio,Rosario,820210,Servicio de Catastro e Información Territorial,IGN
2012,671,2012-02-05,Domingo,0.0,12:00:00,,0.0,2,"Automóvil,Moto/Ciclomotor",RODRIGUEZ Y 3 DE FEBRERO,2,1,0,0,1,0,0,,Calle,,ROSARIO,Rosario,Asfalto,Pavimento,II,Dentro,Urbana,S/D,S/D,Intersección,Bueno,Buena,Diurna,Buen Tiempo,Lateral,S/D,Colisión,S/D,S/D,Cordón divisorio,S/D,POINT (-60.6603081 -32.9491249),"['Rodríguez', '3 de Febrero']",2,Rodríguez de Escobedo; 3 de Febrero,-32.9491249,-60.6603081,55.0,538.0,Municipio Rosario,Municipio,Rosario,820210,Servicio de Catastro e Información Territorial,IGN
2012,672,2012-01-28,Sabado,0.0,03:40:00,,0.0,2,"Automóvil,Automóvil",PELEGRINI Y CRESPO,2,2,0,0,0,0,0,,Calle,,ROSARIO,Rosario,S/D,Pavimento,II,Dentro,Urbana,S/D,S/D,Intersección,S/D,Buena,Nocturna,S/D,Lateral,S/D,Colisión,S/D,S/D,Cordón divisorio,Sin restricción,POINT (-60.670978700000006 -32.951893749999996),"['Pellegrini', 'Crespo']",2,Avenida Carlos Pellegrini; Crespo,-32.95189375,-60.670978700000006,55.0,538.0,Municipio Rosario,Municipio,Rosario,820210,Servicio de Catastro e Información Territorial,IGN
2012,674,2012-01-27,Viernes,0.0,12:50:00,,0.0,2,"Moto/Ciclomotor,Automóvil",AVELLANEDA Y MARCOS PAZ,3,2,0,0,1,0,0,,Calle,,ROSARIO,Rosario,Asfalto,Pavimento,II,Dentro,Urbana,Semáforo,Funciona,Intersección,Bueno,Buena,Diurna,Buen Tiempo,Lateral,S/D,Colisión,S/D,S/D,Cordón divisorio,S/D,POINT (-60.680249 -32.94354319999999),"['Avellaneda', 'Marcos Paz']",2,Bulevar Nicolás Avellaneda; Marcos Paz,-32.94354319999999,-60.680249,55.0,538.0,Municipio Rosario,Municipio,Rosario,820210,Servicio de Catastro e Información Territorial,IGN
2012,675,2012-01-28,Sabado,0.0,10:30:00,,0.0,2,"Bicicleta,Automóvil",MENDOZA Y SANTIAGO,2,0,0,0,1,0,1,,Calle,,ROSARIO,Rosario,S/D,Pavimento,II,Dentro,Urbana,S/D,S/D,Intersección,Bueno,S/D,S/D,S/D,S/D,S/D,Atropello,S/D,S/D,Cordón divisorio,Sin restricción,POINT (-60.6573014 -32.94835160000001),"['Mendoza', 'Santiago']",2,Mendoza; Santiago,-32.94835160000001,-60.6573014,55.0,538.0,Municipio Rosario,Municipio,Rosario,820210,Servicio de Catastro e Información Territorial,IGN
2012,677,2012-01-24,Martes,0.0,15:30:00,,0.0,2,"Moto/Ciclomotor,Automóvil",PASCUAL ROSAS Y 9 DE JULIO,3,2,0,0,0,0,1,,Calle,,ROSARIO,Rosario,Asfalto,Pavimento,II,Dentro,Urbana,S/D,S/D,Intersección,S/D,Buena,Diurna,S/D,Lateral,S/D,Colisión,S/D,S/D,Cordón divisorio,Sin restricción,POINT (-60.68777450000001 -32.94530619999999),"['Pascual Rosas', '9 de Julio']",2,Pascual Rosas; 9 de Julio,-32.94530619999999,-60.68777450000001,55.0,538.0,Municipio Rosario,Municipio,Rosario,820210,Servicio de Catastro e Información Territorial,IGN
2012,678,2012-01-05,Jueves,0.0,13:45:00,,0.0,2,"Automóvil,Pickup/Utilitario",SAN NICOLAS Y MENDOZA,2,1,0,0,1,0,0,,Calle,,ROSARIO,Rosario,Asfalto,S/D,II,Dentro,Urbana,S/D,S/D,Intersección,Bueno,S/D,S/D,Buen Tiempo,De alcance,S/D,Colisión,S/D,S/D,S/D,S/D,POINT (-60.673616 -32.945460800000006),"['San Nicolás', 'Mendoza']",2,San Nicolás; Mendoza,-32.945460800000006,-60.673616,55.0,538.0,Municipio Rosario,Municipio,Rosario,820210,Servicio de Catastro e Información Territorial,IGN
2012,679,2012-01-04,Miercoles,0.0,23:50:00,,0.0,2,"Moto/Ciclomotor,Automóvil",SUCRE Y SAN JUAN,2,0,1,0,1,0,0,,Calle,,ROSARIO,Rosario,Asfalto,S/D,II,Dentro,Urbana,Semáforo,Funciona,Intersección,Bueno,Buena,Nocturna,Buen Tiempo,Lateral,S/D,Colisión,S/D,S/D,Cordón divisorio,Sin restricción,POINT (-60.69097190000001 -32.940911799999995),"['Sucre', 'San Juan']",2,Sucre; San Juan,-32.940911799999995,-60.69097190000001,55.0,538.0,Municipio Rosario,Municipio,Rosario,820210,Servicio de Catastro e Información Territorial,IGN
2012,680,2012-01-04,Miercoles,0.0,10:40:00,,0.0,2,"Taxi/Remis,Automóvil",MONTEVIDEO Y SUIPACHA,2,1,0,0,1,0,0,,Calle,,ROSARIO,Rosario,Asfalto,Pavimento,II,Dentro,Urbana,S/D,No existe,Intersección,Bueno,Buena,Diurna,Buen Tiempo,Lateral,S/D,Colisión,S/D,S/D,Cordón divisorio,Sin restricción,POINT (-60.666596600000005 -32.95149549999999),"['Montevideo', 'Suipacha']",2,Montevideo; Suipacha,-32.95149549999999,-60.666596600000005,55.0,538.0,Municipio Rosario,Municipio,Rosario,820210,Servicio de Catastro e Información Territorial,IGN
2012,681,2012-01-04,Miercoles,0.0,06:45:00,,0.0,2,"Moto/Ciclomotor,Automóvil",3 DE FEBRERO Y FRANCIA,3,1,0,0,2,0,0,,Calle,,ROSARIO,Rosario,Asfalto,Pavimento,II,Dentro,Urbana,Semáforo,Funciona,Intersección,Bueno,Buena,Diurna,Buen Tiempo,De alcance,S/D,Colisión,S/D,S/D,S/D,Sin restricción,POINT (-60.66711794999999 -32.947896799999995),"['3 de Febrero', 'Avenida Francia']",2,3 de Febrero; Avenida Francia,-32.947896799999995,-60.66711794999999,55.0,538.0,Municipio Rosario,Municipio,Rosario,820210,Servicio de Catastro e Información Territorial,IGN
2012,682,2012-01-03,Martes,0.0,02:40:00,,0.0,2,"Automóvil,Automóvil",OV.LAGOS Y MONTEVIDEO,2,0,0,0,1,0,1,,Calle,,ROSARIO,Rosario,Asfalto,Pavimento,II,Dentro,Urbana,S/D,S/D,Intersección,S/D,Buena,Nocturna,S/D,S/D,S/D,S/D,S/D,S/D,Cordón divisorio,Sin restricción,POINT (-60.663899 -32.95198729999999),"['Ovidio Lagos', 'Montevideo']",2,Avenida Ovidio Lagos; Montevideo,-32.95198729999999,-60.663899,55.0,538.0,Municipio Rosario,Municipio,Rosario,820210,Servicio de Catastro e Información Territorial,IGN