anio_acci,nro_acci,fecha,desc_dia,fecha_aprox,hora_aprox,desc_ruta,km,cant_participantes,desc_participante,calle_avenida_km,total,heridos_leves,heridos_graves,heridos_gravisimos,ilesos,fallecidos,sin_datos,posicion_XY,desc_tipo_via,desc_ruta_ori,desc_loc,desc_dpto,desc_tipo_calzada,desc_tipo_banquina,desc_unidad_regional,desc_lugar_calzada,desc_zona,desc_prioridad,desc_estado_semaforo,desc_lugar_via,desc_estado_via,desc_estado_visibilidad,desc_luminosidad,desc_estado_clima,desc_tipo_colision,desc_tipo_atropello,desc_tipo_hecho,desc_pres_calzada,desc_senializacion,desc_separacion_via,desc_restriccion,forma_geocod,calle_lista,numero_calles,calles_osm,lat,lon,index_right,gid,fna,gna,nam,in1,fdc,sag
2012,683,2012-01-28,Sabado,0.0,00:00:00,,0.0,2,"Moto/Ciclomotor,Pickup/Utilitario",SERVANDO BAYO Y RIOBAMBA,3,1,0,0,2,0,0,,Calle,,ROSARIO,Rosario,Asfalto,S/D,II,Dentro,Urbana,S/D,No existe,Intersección,Bueno,Buena,Diurna,Buen Tiempo,Lateral,S/D,Colisión,S/D,S/D,S/D,S/D,POINT (-60.688749200000004 -32.95469920000001),"['Servando Bayo', 'Riobamba']",2,Servando Bayo; Riobamba,-32.95469920000001,-60.6887492,55.0,538.0,Municipio Rosario,Municipio,Rosario,820210,Servicio de Catastro e Información Territorial,IGN
2012,684,2012-01-29,Domingo,0.0,18:45:00,,0.0,2,"Automóvil,Moto/Ciclomotor",RIO DE JANEIRO Y RUEDA,2,0,1,0,1,0,0,,S/D,,ROSARIO,Rosario,Asfalto,Natural,II,S/D,Urbana,S/D,S/D,Intersección,Bueno,Buena,Diurna,Buen Tiempo,Lateral,S/D,Colisión,S/D,S/D,S/D,S/D,POINT (-60.68672370000001 -32.963484),"['Río de Janeiro', 'Rueda']",2,Río de Janeiro; Rueda,-32.963484,-60.68672370000001,55.0,538.0,Municipio Rosario,Municipio,Rosario,820210,Servicio de Catastro e Información Territorial,IGN
2012,685,2012-01-29,Domingo,0.0,13:15:00,,0.0,2,"Automóvil,Moto/Ciclomotor",GODOY Y VERA MUJICA,3,2,0,0,1,0,0,,S/D,,ROSARIO,Rosario,S/D,S/D,II,S/D,Urbana,Semáforo,S/D,Intersección,S/D,Buena,Diurna,Buen Tiempo,Lateral,S/D,Colisión,S/D,S/D,S/D,S/D,POINT (-60.67064605 -32.95608349999999),"['Avenida Presidente Perón', 'Vera Mujíca']",2,Avenida Presidente Perón; Vera Mujíca,-32.95608349999999,-60.67064605,55.0,538.0,Municipio Rosario,Municipio,Rosario,820210,Servicio de Catastro e Información Territorial,IGN
2012,686,2012-01-28,Sabado,0.0,17:30:00,,0.0,2,"Pickup/Utilitario,Automóvil",GODOY Y VALPARAISO,2,2,0,0,0,0,0,,Calle,,ROSARIO,Rosario,Asfalto,S/D,II,S/D,Urbana,S/D,S/D,Intersección,Bueno,Buena,Diurna,Buen Tiempo,Lateral,S/D,Colisión,S/D,S/D,S/D,S/D,POINT (-60.68670785 -32.957959450000004),"['Avenida Presidente Perón', 'Valparaíso']",2,Avenida Presidente Perón; Valparaíso,-32.957959450000004,-60.68670785,55.0,538.0,Municipio Rosario,Municipio,Rosario,820210,Servicio de Catastro e Información Territorial,IGN
2012,687,2012-01-27,Viernes,0.0,14:45:00,,0.0,2,"Automóvil,Moto/Ciclomotor",AVELLANEDA Y GODOY,2,1,0,0,1,0,0,,Avenida,,ROSARIO,Rosario,Asfalto,S/D,II,S/D,S/D,S/D,S/D,Intersección,Bueno,Buena,Diurna,Buen Tiempo,Lateral,S/D,Colisión,S/D,S/D,S/D,S/D,POINT (-60.683816275 -32.957610325),"['Avellaneda', 'Avenida Presidente Perón']",2,Bulevar Nicolás Avellaneda; Avenida Presidente Perón,-32.957610325,-60.683816275,55.0,538.0,Municipio Rosario,Municipio,Rosario,820210,Servicio de Catastro e Información Territorial,IGN
2012,688,2012-01-20,Viernes,0.0,18:30:00,,0.0,1,Moto/Ciclomotor,AVELLANEDA Y COCHABAMBA,1,1,0,0,0,0,0,,Calle,,ROSARIO,Rosario,Asfalto,Pavimento,II,S/D,Urbana,Paso Peatonal,No existe,Intersección,Bueno,Buena,Diurna,Buen Tiempo,Lateral,S/D,Colisión,S/D,S/D,Cordón divisorio,S/D,POINT (-60.68214640000001 -32.95110740000001),"['Avellaneda', 'Cochabamba']",2,Bulevar Nicolás Avellaneda; Cochabamba,-32.95110740000001,-60.68214640000001,55.0,538.0,Municipio Rosario,Municipio,Rosario,820210,Servicio de Catastro e Información Territorial,IGN
2012,689,2012-01-19,Jueves,0.0,11:15:00,,0.0,2,"Bicicleta,Moto/Ciclomotor",FRANCIA AL 2800,1,1,0,0,0,0,0,,Avenida,,ROSARIO,Rosario,Asfalto,S/D,II,S/D,Urbana,S/D,No existe,Recta,Bueno,S/D,Diurna,S/D,S/D,S/D,Atropello,S/D,S/D,S/D,S/D,"-32.9648408, -60.6716413",['Francia 2800'],1,Francia 2800,-32.9648408,-60.6716413,55.0,538.0,Municipio Rosario,Municipio,Rosario,820210,Servicio de Catastro e Información Territorial,IGN
2012,690,2012-01-19,Jueves,0.0,17:30:00,,0.0,1,Automóvil,AVELLANEDA Y 27 DE FEBRERO,1,1,0,0,0,0,0,,Avenida,,ROSARIO,Rosario,Asfalto,No existe,II,Dentro,Urbana,Semáforo,Funciona,Intersección,Bueno,Buena,Diurna,Buen Tiempo,S/D,S/D,Despeñamiento,S/D,S/D,Cordón divisorio,Sin restricción,POINT (-60.68448515 -32.96026405),"['Avellaneda', '27 de Febrero']",2,Bulevar Nicolás Avellaneda; Bulevar 27 de Febrero,-32.96026405,-60.68448515,55.0,538.0,Municipio Rosario,Municipio,Rosario,820210,Servicio de Catastro e Información Territorial,IGN
2012,691,2012-01-16,Lunes,0.0,13:30:00,,0.0,1,Moto/Ciclomotor,COCHABAMBA Y CAFERATTA,1,1,0,0,0,0,0,,Calle,,ROSARIO,Rosario,Asfalto,Pavimento,II,Dentro,Urbana,Ninguna,No existe,Intersección,Bueno,Buena,Diurna,Buen Tiempo,Lateral,S/D,Colisión,S/D,S/D,Cordón divisorio,Sin restricción,POINT (-60.67396980000001 -32.95257620000001),"['Cochabamba', 'Cafferata']",2,Cochabamba; Cafferata,-32.95257620000001,-60.67396980000001,55.0,538.0,Municipio Rosario,Municipio,Rosario,820210,Servicio de Catastro e Información Territorial,IGN
2012,692,2012-01-15,Domingo,0.0,00:00:00,,0.0,2,"Moto/Ciclomotor,Moto/Ciclomotor",RIO DE JANEIRO Y RUEDA,2,0,1,0,1,0,0,,Calle,,ROSARIO,Rosario,S/D,S/D,II,S/D,S/D,S/D,S/D,Intersección,S/D,Buena,Diurna,Buen Tiempo,S/D,S/D,Colisión,S/D,S/D,S/D,Sin restricción,POINT (-60.68672370000001 -32.963484),"['Río de Janeiro', 'Rueda']",2,Río de Janeiro; Rueda,-32.963484,-60.68672370000001,55.0,538.0,Municipio Rosario,Municipio,Rosario,820210,Servicio de Catastro e Información Territorial,IGN
2012,693,2012-01-15,Domingo,0.0,00:00:00,,0.0,2,"Moto/Ciclomotor,Automóvil",ITUZAÍNGO Y LAVALLE,3,2,0,0,1,0,0,,Calle,,ROSARIO,Rosario,Asfalto,No existe,II,Dentro,Urbana,Ninguna,No existe,Intersección,Bueno,Buena,Diurna,Buen Tiempo,S/D,S/D,Colisión,S/D,S/D,Ninguna,Sin restricción,POINT (-60.68137860000001 -32.953637),"['Ituzaingó', 'Lavalle']",2,Ituzaingó; Lavalle,-32.953637,-60.68137860000001,55.0,538.0,Municipio Rosario,Municipio,Rosario,820210,Servicio de Catastro e Información Territorial,IGN
2012,694,2012-01-14,Sabado,0.0,00:00:00,,0.0,2,"Moto/Ciclomotor,Automóvil",AV. GODOY Y BV. AVELLANEDA,2,1,0,0,1,0,0,,Avenida,,ROSARIO,Rosario,Asfalto,No existe,II,Dentro,Urbana,Semáforo,S/D,Intersección,S/D,S/D,Nocturna,S/D,S/D,S/D,Colisión,S/D,S/D,S/D,S/D,POINT (-60.683816275 -32.957610325),"['Avenida Presidente Perón', 'Avellaneda']",2,Avenida Presidente Perón; Bulevar Nicolás Avellaneda,-32.957610325,-60.683816275,55.0,538.0,Municipio Rosario,Municipio,Rosario,820210,Servicio de Catastro e Información Territorial,IGN
2012,695,2012-01-12,Jueves,0.0,00:00:00,,0.0,2,"Automóvil,Moto/Ciclomotor",OCAMPO Y ALSINA,3,1,0,0,2,0,0,,Calle,,ROSARIO,Rosario,S/D,S/D,II,S/D,Urbana,S/D,S/D,Intersección,S/D,Buena,Diurna,Buen Tiempo,S/D,S/D,Colisión,S/D,S/D,S/D,Sin restricción,POINT (-60.6814635 -32.95962599999999),"['Ocampo', 'Alsina']",2,Ocampo; Alsina,-32.95962599999999,-60.6814635,55.0,538.0,Municipio Rosario,Municipio,Rosario,820210,Servicio de Catastro e Información Territorial,IGN
2012,696,2012-01-26,Jueves,0.0,15:15:00,,0.0,2,"Bicicleta,Taxi/Remis",CONSTITUCIÓN Y 9 DE JULIO,2,1,0,0,1,0,0,,Calle,,ROSARIO,Rosario,Asfalto,Pavimento,II,Dentro,Urbana,S/D,S/D,Intersección,Bueno,Buena,Diurna,S/D,S/D,S/D,Atropello,S/D,S/D,Cordón divisorio,Sin restricción,POINT (-60.67555579999999 -32.9474772),"['Constitución', '9 de Julio']",2,Constitución; 9 de Julio,-32.9474772,-60.67555579999999,55.0,538.0,Municipio Rosario,Municipio,Rosario,820210,Servicio de Catastro e Información Territorial,IGN
2012,698,2012-01-25,Miercoles,0.0,12:30:00,,0.0,2,"Pickup/Utilitario,Automóvil",VERA MUJICA Y 9 DE JULIO,2,1,0,0,1,0,0,,Calle,,ROSARIO,Rosario,Asfalto,Pavimento,II,Dentro,Urbana,S/D,S/D,Intersección,S/D,Buena,Diurna,S/D,Lateral,S/D,Colisión,S/D,S/D,Cordón divisorio,Sin restricción,POINT (-60.66877800000001 -32.9487179),"['Vera Mujíca', '9 de Julio']",2,Vera Mujíca; 9 de Julio,-32.9487179,-60.66877800000001,55.0,538.0,Municipio Rosario,Municipio,Rosario,820210,Servicio de Catastro e Información Territorial,IGN
2012,699,2012-01-24,Martes,0.0,20:10:00,,0.0,2,"Moto/Ciclomotor,Pickup/Utilitario",CAFFERATA Y SANTA FE,2,1,0,0,1,0,0,,Calle,,ROSARIO,Rosario,Asfalto,Pavimento,II,Dentro,Urbana,Semáforo,Funciona,Intersección,Bueno,Buena,Con luz artificial,S/D,Lateral,S/D,Colisión,S/D,S/D,Cordón divisorio,Sin restricción,POINT (-60.67063869999999 -32.939213),"['Cafferata', 'Santa Fe']",2,Cafferata; Santa Fe,-32.939213,-60.67063869999999,55.0,538.0,Municipio Rosario,Municipio,Rosario,820210,Servicio de Catastro e Información Territorial,IGN
2012,700,2012-01-24,Martes,0.0,18:50:00,,0.0,2,"Peatón,Moto/Ciclomotor",MENDOZA,2,2,0,0,0,0,0,,Calle,,ROSARIO,Rosario,Asfalto,Pavimento,II,Dentro,Urbana,S/D,S/D,Intersección,Bueno,S/D,S/D,Buen Tiempo,S/D,S/D,Atropello,S/D,S/D,Cordón divisorio,S/D,"-32.9401903, -60.7332648",['Mendoza'],1,Mendoza,-32.9401903,-60.7332648,55.0,538.0,Municipio Rosario,Municipio,Rosario,820210,Servicio de Catastro e Información Territorial,IGN
2012,701,2012-01-24,Martes,0.0,01:00:00,,0.0,2,"Automóvil,Automóvil",SAN LUIS Y CALLAO,3,1,0,0,2,0,0,,Calle,,ROSARIO,Rosario,S/D,Pavimento,II,Dentro,Urbana,S/D,S/D,Intersección,S/D,Buena,Nocturna,Buen Tiempo,S/D,S/D,S/D,S/D,S/D,Cordón divisorio,Sin restricción,POINT (-60.660778500000006 -32.945124199999995),"['San Luis', 'Callao']",2,San Luis; Callao,-32.945124199999995,-60.660778500000006,55.0,538.0,Municipio Rosario,Municipio,Rosario,820210,Servicio de Catastro e Información Territorial,IGN
2012,702,2012-01-24,Martes,0.0,15:15:00,,0.0,2,"Automóvil,Automóvil",PELLEGRINI Y VERA MUJICA,3,1,0,0,2,0,0,,Calle,,ROSARIO,Rosario,Asfalto,Pavimento,II,Dentro,Urbana,Semáforo,Funciona,Intersección,Bueno,Buena,Diurna,Buen Tiempo,Lateral,S/D,Colisión,S/D,S/D,Cordón divisorio,Sin restricción,POINT (-60.6696235 -32.952139450000004),"['Pellegrini', 'Vera Mujíca']",2,Avenida Carlos Pellegrini; Vera Mujíca,-32.952139450000004,-60.6696235,55.0,538.0,Municipio Rosario,Municipio,Rosario,820210,Servicio de Catastro e Información Territorial,IGN
2012,703,2012-01-23,Lunes,0.0,13:00:00,,0.0,2,"Bicicleta,Pickup/Utilitario",LIMA Y 9 DE JULIO,2,1,0,0,1,0,0,,Calle,,ROSARIO,Rosario,S/D,Pavimento,II,Dentro,Urbana,S/D,S/D,Intersección,S/D,Buena,Diurna,S/D,S/D,S/D,Atropello,S/D,S/D,Cordón divisorio,Sin restricción,POINT (-60.6850949 -32.94578189999999),"['Lima', '9 de Julio']",2,Lima; 9 de Julio,-32.94578189999999,-60.6850949,55.0,538.0,Municipio Rosario,Municipio,Rosario,820210,Servicio de Catastro e Información Territorial,IGN
2012,704,2012-01-22,Domingo,0.0,17:30:00,,0.0,2,"Peatón,Automóvil",PUEYRREDON 731,2,0,1,0,1,0,0,,Calle,,ROSARIO,Rosario,Asfalto,Pavimento,II,Dentro,Urbana,S/D,S/D,Recta,S/D,S/D,S/D,S/D,S/D,S/D,Atropello,S/D,S/D,Cordón divisorio,Sin restricción,"-32.9421211877551, -60.65710524897959",['Pueyrredon 731'],1,Pueyrredon 731,-32.9421211877551,-60.65710524897959,55.0,538.0,Municipio Rosario,Municipio,Rosario,820210,Servicio de Catastro e Información Territorial,IGN
2012,714,2012-01-20,Viernes,0.0,14:30:00,,0.0,2,"Moto/Ciclomotor,Automóvil",AVELLEDA Y CORDOBA,3,1,0,0,2,0,0,,Calle,,ROSARIO,Rosario,Asfalto,Pavimento,II,Dentro,Urbana,Semáforo,Funciona,Intersección,S/D,Buena,Diurna,S/D,Lateral,S/D,Colisión,S/D,S/D,Cordón divisorio,Sin restricción,POINT (-60.67916835 -32.939088049999995),"['Avellaneda', 'Córdoba']",2,Bulevar Nicolás Avellaneda; Córdoba,-32.939088049999995,-60.67916835,55.0,538.0,Municipio Rosario,Municipio,Rosario,820210,Servicio de Catastro e Información Territorial,IGN
2012,716,2012-01-20,Viernes,0.0,21:15:00,,0.0,2,"Peatón,Moto/Ciclomotor",MENDOZA Y AVELLANEDA,2,1,0,0,1,0,0,,Calle,,ROSARIO,Rosario,Asfalto,Pavimento,II,Dentro,Urbana,S/D,Funciona,Intersección,S/D,Buena,Nocturna,S/D,S/D,S/D,Atropello,S/D,S/D,Cordón divisorio,Sin restricción,POINT (-60.680421100000004 -32.94423964999999),"['Mendoza', 'Avellaneda']",2,Mendoza; Bulevar Nicolás Avellaneda,-32.94423964999999,-60.6804211,55.0,538.0,Municipio Rosario,Municipio,Rosario,820210,Servicio de Catastro e Información Territorial,IGN
2012,717,2012-01-20,Viernes,0.0,16:00:00,,0.0,2,"Moto/Ciclomotor,Automóvil",CONSTITUCIÓN Y 3 DE FEBRERO,3,2,0,0,1,0,0,,Calle,,ROSARIO,Rosario,Asfalto,Pavimento,II,Dentro,Urbana,S/D,S/D,Intersección,S/D,Buena,Diurna,S/D,S/D,S/D,Colisión,S/D,S/D,Cordón divisorio,S/D,POINT (-60.675293 -32.94642889999999),"['Constitución', '3 de Febrero']",2,Constitución; 3 de Febrero,-32.94642889999999,-60.675293,55.0,538.0,Municipio Rosario,Municipio,Rosario,820210,Servicio de Catastro e Información Territorial,IGN
2012,719,2012-01-01,Domingo,0.0,10:30:00,,0.0,2,"Automóvil,Automóvil",RIOJA Y MORENO,2,2,0,0,0,0,0,,Calle,,ROSARIO,Rosario,Asfalto,No existe,II,Dentro,Urbana,Ninguna,S/D,Recta,Bueno,Buena,Diurna,Buen Tiempo,S/D,S/D,Colisión,S/D,S/D,S/D,S/D,POINT (-60.6508717 -32.9453541),"['Rioja', 'Moreno']",2,Rioja; Mariano Moreno,-32.9453541,-60.6508717,55.0,538.0,Municipio Rosario,Municipio,Rosario,820210,Servicio de Catastro e Información Territorial,IGN
2012,720,2012-01-01,Domingo,0.0,09:00:00,,0.0,2,"Taxi/Remis,Automóvil",SAN LUIS Y MITRE,4,1,0,0,3,0,0,,Calle,,ROSARIO,Rosario,Asfalto,S/D,II,Dentro,Urbana,S/D,S/D,Recta,Bueno,Buena,Diurna,Buen Tiempo,Frontal,S/D,Colisión,S/D,S/D,S/D,S/D,POINT (-60.64024150000001 -32.9487917),"['San Luis', 'Mitre']",2,San Luis; Bartolomé Mitre,-32.9487917,-60.64024150000001,55.0,538.0,Municipio Rosario,Municipio,Rosario,820210,Servicio de Catastro e Información Territorial,IGN
2012,721,2012-01-03,Martes,0.0,10:00:00,,0.0,1,Moto/Ciclomotor,ZEBALLOS Y SARMIENTO ,1,1,0,0,0,0,0,,Calle,,ROSARIO,Rosario,Asfalto,S/D,II,Dentro,Urbana,S/D,S/D,Recta,Bueno,S/D,S/D,S/D,Frontal,S/D,Colisión,S/D,S/D,S/D,S/D,POINT (-60.640305899999994 -32.95503369999999),"['Zeballos', 'Sarmiento']",2,Zeballos; Sarmiento,-32.95503369999999,-60.6403059,55.0,538.0,Municipio Rosario,Municipio,Rosario,820210,Servicio de Catastro e Información Territorial,IGN
2012,723,2012-01-02,Lunes,0.0,00:00:00,,0.0,2,"Taxi/Remis,Automóvil",URQUIZA Y ESPAÑA,2,1,0,0,1,0,0,,Calle,,ROSARIO,Rosario,Asfalto,No existe,II,Dentro,Urbana,Semáforo,Funciona,Recta,Bueno,Buena,Diurna,Buen Tiempo,De alcance,S/D,Colisión,S/D,Vertical,Ninguna,Sin restricción,POINT (-60.6456136 -32.941480599999984),"['Urquiza', 'España']",2,Justo José de Urquiza; España,-32.941480599999984,-60.6456136,55.0,538.0,Municipio Rosario,Municipio,Rosario,820210,Servicio de Catastro e Información Territorial,IGN
2012,724,2012-02-11,Sabado,0.0,00:00:00,,0.0,2,"Moto/Ciclomotor,Automóvil",GODOY Y CRESPO,2,1,0,0,1,0,0,,Calle,,ROSARIO,Rosario,Asfalto,No existe,II,S/D,S/D,S/D,S/D,Intersección,Bueno,S/D,S/D,Buen Tiempo,S/D,S/D,Colisión,S/D,S/D,Ninguna,S/D,POINT (-60.67208864999999 -32.956252649999996),"['Avenida Presidente Perón', 'Crespo']",2,Avenida Presidente Perón; Crespo,-32.95625265,-60.67208864999999,55.0,538.0,Municipio Rosario,Municipio,Rosario,820210,Servicio de Catastro e Información Territorial,IGN
2012,725,2012-01-29,Domingo,0.0,02:05:00,,0.0,2,"Moto/Ciclomotor,Automóvil",AVELLANEDA Y 3 DE FEBRERO,2,1,0,0,1,0,0,,Calle,,ROSARIO,Rosario,S/D,Pavimento,II,Dentro,Urbana,S/D,S/D,Intersección,S/D,Buena,Diurna,S/D,Lateral,S/D,Colisión,S/D,S/D,Cordón divisorio,Sin restricción,POINT (-60.6807366 -32.945458),"['Avellaneda', '3 de Febrero']",2,Bulevar Nicolás Avellaneda; 3 de Febrero,-32.945458,-60.6807366,55.0,538.0,Municipio Rosario,Municipio,Rosario,820210,Servicio de Catastro e Información Territorial,IGN
2012,726,2012-01-28,Sabado,0.0,14:00:00,,0.0,2,"Automóvil,Pickup/Utilitario",SERBANDO BAYO Y MONTEVIDEO,3,3,0,0,0,0,0,,Calle,,ROSARIO,Rosario,S/D,Pavimento,II,Dentro,Urbana,S/D,S/D,Intersección,S/D,Buena,Diurna,S/D,Lateral,S/D,Colisión,S/D,S/D,Cordón divisorio,Sin restricción,POINT (-60.6870051 -32.9478573),"['Servando Bayo', 'Montevideo']",2,Servando Bayo; Montevideo,-32.9478573,-60.6870051,55.0,538.0,Municipio Rosario,Municipio,Rosario,820210,Servicio de Catastro e Información Territorial,IGN
2012,727,2012-01-10,Martes,0.0,00:00:00,,0.0,2,"Automóvil,Pickup/Utilitario",VERA MUJICA Y CERRITO,3,2,0,0,1,0,0,,S/D,,ROSARIO,Rosario,Asfalto,No existe,II,S/D,Urbana,S/D,S/D,Intersección,Bueno,S/D,S/D,S/D,S/D,S/D,S/D,S/D,S/D,S/D,S/D,POINT (-60.6708082 -32.95675429999999),"['Vera Mujíca', 'Cerrito']",2,Vera Mujíca; Cerrito,-32.95675429999999,-60.6708082,55.0,538.0,Municipio Rosario,Municipio,Rosario,820210,Servicio de Catastro e Información Territorial,IGN
2012,728,2012-01-28,Sabado,0.0,11:00:00,,0.0,2,"Automóvil,Automóvil",SAN JUAN Y AVELLANEDA,2,2,0,0,0,0,0,,Calle,,ROSARIO,Rosario,S/D,Pavimento,II,Dentro,Urbana,S/D,S/D,Intersección,S/D,Buena,Diurna,S/D,Lateral,S/D,Colisión,S/D,S/D,Cordón divisorio,Sin restricción,POINT (-60.680076299999996 -32.94284435),"['San Juan', 'Avellaneda']",2,San Juan; Bulevar Nicolás Avellaneda,-32.94284435,-60.6800763,55.0,538.0,Municipio Rosario,Municipio,Rosario,820210,Servicio de Catastro e Información Territorial,IGN
2012,729,2012-01-09,Lunes,0.0,00:00:00,,0.0,2,"Automóvil,Moto/Ciclomotor",ITUZAINGO Y GUTEMBERG,4,2,0,0,2,0,0,,Calle,,ROSARIO,Rosario,S/D,S/D,II,Dentro,Urbana,S/D,S/D,Intersección,S/D,S/D,Nocturna,S/D,S/D,S/D,S/D,S/D,S/D,S/D,S/D,POINT (-60.6909094 -32.9519415),"['Ituzaingó', 'Gutenberg']",2,Ituzaingó; Gutenberg,-32.9519415,-60.6909094,55.0,538.0,Municipio Rosario,Municipio,Rosario,820210,Servicio de Catastro e Información Territorial,IGN
2012,730,2012-01-28,Sabado,0.0,00:00:00,,0.0,2,"Moto/Ciclomotor,Pickup/Utilitario",SANTA FE Y BALCARCE,2,1,0,0,1,0,0,,Calle,,ROSARIO,Rosario,Asfalto,S/D,II,Dentro,Urbana,S/D,S/D,Recta,Bueno,S/D,S/D,S/D,Frontal,S/D,Colisión,S/D,S/D,S/D,S/D,POINT (-60.65159370000001 -32.94261169999999),"['Santa Fe', 'Balcarce']",2,Santa Fe; Balcarce,-32.94261169999999,-60.65159370000001,55.0,538.0,Municipio Rosario,Municipio,Rosario,820210,Servicio de Catastro e Información Territorial,IGN
2012,731,2012-01-03,Martes,0.0,14:15:00,,0.0,2,"Pickup/Utilitario,Pickup/Utilitario",CAFERATTA Y OCAMPO,2,1,0,0,1,0,0,,Calle,,ROSARIO,Rosario,Asfalto,No existe,II,S/D,Urbana,Señal Pare,No existe,Intersección,Bueno,Buena,Diurna,Buen Tiempo,"Contra objeto fijo,Lateral,Múltiple",S/D,Colisión,S/D,Vertical,Ninguna,Sin restricción,POINT (-60.676013600000005 -32.9605977),"['Cafferata', 'Ocampo']",2,Cafferata; Ocampo,-32.9605977,-60.676013600000005,55.0,538.0,Municipio Rosario,Municipio,Rosario,820210,Servicio de Catastro e Información Territorial,IGN
2012,732,2012-01-13,Viernes,0.0,10:10:00,,0.0,2,"Taxi/Remis,Pickup/Utilitario",BV. OROÑO Y BROWN,3,1,0,0,2,0,0,,Avenida,,ROSARIO,Rosario,Asfalto,No existe,II,Dentro,Urbana,Policía de tránsito,No existe,Intersección,Bueno,Buena,Diurna,Buen Tiempo,Frontal,S/D,Colisión,S/D,Faltante,Ninguna,Sin restricción,POINT (-60.650931750000005 -32.934415099999995),"['Bulevar Nicasio Oroño', 'Brown']",2,Bulevar Nicasio Oroño; Almirante Brown,-32.934415099999995,-60.650931750000005,55.0,538.0,Municipio Rosario,Municipio,Rosario,820210,Servicio de Catastro e Información Territorial,IGN
2012,733,2012-01-03,Martes,0.0,08:00:00,,0.0,2,"Moto/Ciclomotor,Taxi/Remis",CAFERATTA Y RUEDA,3,2,0,0,1,0,0,,Calle,,ROSARIO,Rosario,Asfalto,No existe,II,S/D,S/D,Ninguna,No existe,Intersección,Bueno,Buena,Diurna,Buen Tiempo,Lateral,S/D,Colisión,S/D,Faltante,Ninguna,Sin restricción,POINT (-60.6771675 -32.96518460000001),"['Cafferata', 'Rueda']",2,Cafferata; Rueda,-32.96518460000001,-60.6771675,55.0,538.0,Municipio Rosario,Municipio,Rosario,820210,Servicio de Catastro e Información Territorial,IGN
2012,734,2012-01-29,Domingo,0.0,00:00:00,,0.0,2,"Bicicleta,Automóvil",BV. OROÑO Y SAN JUAN,2,1,0,0,1,0,0,,Avenida,,ROSARIO,Rosario,Asfalto,S/D,II,Dentro,Urbana,S/D,S/D,Recta,Bueno,S/D,Diurna,S/D,S/D,S/D,Atropello,S/D,S/D,S/D,S/D,POINT (-60.6542222 -32.947453949999996),"['Bulevar Nicasio Oroño', 'San Juan']",2,Bulevar Nicasio Oroño; San Juan,-32.94745395,-60.6542222,55.0,538.0,Municipio Rosario,Municipio,Rosario,820210,Servicio de Catastro e Información Territorial,IGN
2012,735,2012-01-02,Lunes,0.0,16:50:00,,0.0,2,"Moto/Ciclomotor,Pickup/Utilitario",BV. AVELLANEDA Y LA PAZ,2,1,0,0,1,0,0,,Calle,,ROSARIO,Rosario,Asfalto,S/D,II,Dentro,Urbana,Ninguna,S/D,Intersección,Bueno,Buena,Diurna,Buen Tiempo,Lateral,S/D,Colisión,S/D,S/D,Ninguna,Sin restricción,POINT (-60.683614250000005 -32.95682245),"['Avellaneda', 'La Paz']",2,Bulevar Nicolás Avellaneda; La Paz,-32.95682245,-60.683614250000005,55.0,538.0,Municipio Rosario,Municipio,Rosario,820210,Servicio de Catastro e Información Territorial,IGN
2012,736,2012-01-30,Lunes,0.0,06:15:00,,0.0,2,"Automóvil,Transporte de Pasajeros",PARAGUAY Y SAN JUAN,3,1,0,0,2,0,0,,Calle,,ROSARIO,Rosario,Asfalto,S/D,II,Dentro,Urbana,S/D,S/D,Recta,Bueno,S/D,S/D,S/D,S/D,S/D,Colisión,S/D,S/D,S/D,S/D,POINT (-60.64466079999999 -32.94915720000001),"['Paraguay', 'San Juan']",2,Paraguay; San Juan,-32.94915720000001,-60.64466079999999,55.0,538.0,Municipio Rosario,Municipio,Rosario,820210,Servicio de Catastro e Información Territorial,IGN
2012,737,2012-01-02,Lunes,0.0,09:50:00,,0.0,2,"Moto/Ciclomotor,Camión",AV. PTE. PERON Y CONSTITUCION,2,1,0,0,1,0,0,,Calle,,ROSARIO,Rosario,Asfalto,S/D,II,Dentro,Urbana,Semáforo,Funciona,Intersección,Bueno,Buena,Diurna,Buen Tiempo,Lateral,S/D,Colisión,S/D,Faltante,S/D,Sin restricción,POINT (-60.677956699999996 -32.95693165),"['Avenida Presidente Perón', 'Constitución']",2,Avenida Presidente Perón; Constitución,-32.95693165,-60.6779567,55.0,538.0,Municipio Rosario,Municipio,Rosario,820210,Servicio de Catastro e Información Territorial,IGN
2012,738,2012-01-30,Lunes,0.0,17:35:00,,0.0,2,"Moto/Ciclomotor,Automóvil",CORDOBA Y PARAGUAY,2,1,0,0,1,0,0,,Calle,,ROSARIO,Rosario,Asfalto,S/D,II,Dentro,Urbana,S/D,S/D,Recta,Bueno,S/D,S/D,S/D,Frontal,S/D,Colisión,S/D,S/D,S/D,S/D,POINT (-60.64373909999999 -32.94543639999999),"['Córdoba', 'Paraguay']",2,Córdoba; Paraguay,-32.94543639999999,-60.64373909999999,55.0,538.0,Municipio Rosario,Municipio,Rosario,820210,Servicio de Catastro e Información Territorial,IGN
2012,739,2012-01-17,Martes,0.0,18:15:00,,0.0,2,"Automóvil,Automóvil",IRIONDO Y 3 DE FEBRERO,2,1,0,0,1,0,0,,Calle,,ROSARIO,Rosario,Asfalto,Pavimento,II,S/D,Urbana,S/D,S/D,Intersección,S/D,Buena,Diurna,Buen Tiempo,Lateral,S/D,Colisión,S/D,S/D,Cordón divisorio,Sin restricción,POINT (-60.6712086 -32.947162299999995),"['Iriondo', '3 de Febrero']",2,Iriondo; 3 de Febrero,-32.947162299999995,-60.6712086,55.0,538.0,Municipio Rosario,Municipio,Rosario,820210,Servicio de Catastro e Información Territorial,IGN