anio_acci,nro_acci,fecha,desc_dia,fecha_aprox,hora_aprox,desc_ruta,km,cant_participantes,desc_participante,calle_avenida_km,total,heridos_leves,heridos_graves,heridos_gravisimos,ilesos,fallecidos,sin_datos,posicion_XY,desc_tipo_via,desc_ruta_ori,desc_loc,desc_dpto,desc_tipo_calzada,desc_tipo_banquina,desc_unidad_regional,desc_lugar_calzada,desc_zona,desc_prioridad,desc_estado_semaforo,desc_lugar_via,desc_estado_via,desc_estado_visibilidad,desc_luminosidad,desc_estado_clima,desc_tipo_colision,desc_tipo_atropello,desc_tipo_hecho,desc_pres_calzada,desc_senializacion,desc_separacion_via,desc_restriccion,forma_geocod,calle_lista,numero_calles,calles_osm,lat,lon,index_right,gid,fna,gna,nam,in1,fdc,sag
2012,740,2012-01-16,Lunes,0.0,18:30:00,,0.0,2,"Automóvil,Automóvil",ZEBALLO Y ALSINA,3,2,0,0,1,0,0,,Calle,,ROSARIO,Rosario,Asfalto,Pavimento,II,Dentro,Urbana,S/D,S/D,Intersección,Bueno,Buena,Diurna,S/D,Lateral,S/D,Colisión,S/D,S/D,Cordón divisorio,Sin restricción,POINT (-60.6785567 -32.948147299999995),"['Zeballos', 'Alsina']",2,Zeballos; Alsina,-32.948147299999995,-60.6785567,55.0,538.0,Municipio Rosario,Municipio,Rosario,820210,Servicio de Catastro e Información Territorial,IGN
2012,741,2012-01-26,Jueves,0.0,13:00:00,,0.0,1,Taxi/Remis,PTE. ROCA Y 3 DE FEBRERO,1,1,0,0,0,0,0,,Calle,,ROSARIO,Rosario,Asfalto,S/D,II,Dentro,Urbana,Ninguna,S/D,Recta,Bueno,S/D,S/D,Buen Tiempo,Lateral,S/D,Colisión,Otro,Horizontal,Línea divisoria pintada,S/D,POINT (-60.6466869 -32.9515312),"['Roca', '3 de Febrero']",2,Presidente Roca; 3 de Febrero,-32.9515312,-60.6466869,55.0,538.0,Municipio Rosario,Municipio,Rosario,820210,Servicio de Catastro e Información Territorial,IGN
2012,743,2012-01-27,Viernes,0.0,08:20:00,,0.0,2,"Peatón,Automóvil",BV. RONDEAU Y MARULL,2,1,0,0,1,0,0,,Calle,,ROSARIO,Rosario,Asfalto,Pavimento,II,Dentro,Urbana,Semáforo,Funciona,Recta,Bueno,Buena,Diurna,Buen Tiempo,S/D,S/D,Atropello,S/D,Vertical,S/D,S/D,POINT (-60.68886415000001 -32.9061829),"['Rondeau', 'Marull']",2,Bulevar General José Rondeau; Marull,-32.9061829,-60.68886415000001,55.0,538.0,Municipio Rosario,Municipio,Rosario,820210,Servicio de Catastro e Información Territorial,IGN
2012,744,2012-01-16,Lunes,0.0,12:00:00,,0.0,2,"Moto/Ciclomotor,Automóvil",CONSTITUCION Y MARCOS PAZ,2,1,0,0,1,0,0,,Calle,,ROSARIO,Rosario,Asfalto,Pavimento,II,Dentro,Urbana,S/D,Funciona,Intersección,S/D,Buena,Diurna,S/D,Lateral,S/D,Colisión,S/D,S/D,Cordón divisorio,S/D,POINT (-60.6748128 -32.94451230000001),"['Constitución', 'Marcos Paz']",2,Constitución; Marcos Paz,-32.94451230000001,-60.6748128,55.0,538.0,Municipio Rosario,Municipio,Rosario,820210,Servicio de Catastro e Información Territorial,IGN
2012,745,2012-01-28,Sabado,0.0,21:40:00,,0.0,2,"Moto/Ciclomotor,Pickup/Utilitario",AV. CASIANO CASAS Y COMERCIO,2,2,0,0,0,0,0,,Avenida,,ROSARIO,Rosario,Asfalto,Pavimento,II,S/D,Urbana,Semáforo,S/D,Cruce,S/D,S/D,S/D,Buen Tiempo,S/D,S/D,Colisión,S/D,S/D,Ninguna,S/D,POINT (-60.69773335 -32.90573255),"['Avenida Casiano Casas', 'Comercio']",2,Avenida Casiano Casas; Comercio,-32.90573255,-60.69773335,55.0,538.0,Municipio Rosario,Municipio,Rosario,820210,Servicio de Catastro e Información Territorial,IGN
2012,746,2012-01-14,Sabado,0.0,00:00:00,,0.0,2,"Automóvil,Automóvil",PELLEGRINI 3600,3,2,0,0,0,0,1,,S/D,,ROSARIO,Rosario,Asfalto,Pavimento,II,S/D,S/D,S/D,S/D,Intersección,S/D,Buena,Diurna,Buen Tiempo,Lateral,S/D,Colisión,S/D,S/D,Cordón divisorio,Sin restricción,"-32.9510865, -60.6748576",['Pellegrini 3600'],1,Pellegrini 3600,-32.9510865,-60.6748576,55.0,538.0,Municipio Rosario,Municipio,Rosario,820210,Servicio de Catastro e Información Territorial,IGN
2012,748,2012-01-06,Viernes,0.0,19:30:00,,0.0,2,"Bicicleta,Pickup/Utilitario",MAGALLANES Y FRENCH,2,1,0,0,1,0,0,,Calle,,ROSARIO,Rosario,Asfalto,No existe,II,S/D,Urbana,Ninguna,No existe,Intersección,Otro,Buena,Atardecer,Buen Tiempo,S/D,S/D,Atropello,S/D,Faltante,Ninguna,Sin restricción,POINT (-60.7052971 -32.9215733),"['Magallanes', 'French']",2,Magallanes; Domingo French,-32.9215733,-60.7052971,55.0,538.0,Municipio Rosario,Municipio,Rosario,820210,Servicio de Catastro e Información Territorial,IGN
2012,749,2012-01-14,Sabado,0.0,00:00:00,,0.0,2,"Moto/Ciclomotor,Automóvil",SAN LUIS Y PASAJE ROSAS,2,1,0,0,1,0,0,,Calle,,ROSARIO,Rosario,Asfalto,Pavimento,II,Dentro,Urbana,S/D,S/D,Intersección,Bueno,Buena,Nocturna,Buen Tiempo,S/D,S/D,Colisión,S/D,S/D,Cordón divisorio,Sin restricción,POINT (-60.68658630000001 -32.940494400000006),"['San Luis', 'Rosas']",2,"('San Luis', 'Pascual Rosas')",-32.940494400000006,-60.68658630000001,55.0,538.0,Municipio Rosario,Municipio,Rosario,820210,Servicio de Catastro e Información Territorial,IGN
2012,750,2012-01-23,Lunes,0.0,22:30:00,,0.0,2,"Moto/Ciclomotor,Automóvil",SORRENTO Y BV. RONDEAU,2,2,0,0,0,0,0,,Avenida,,ROSARIO,Rosario,Asfalto,Pavimento,II,S/D,S/D,Semáforo,Funciona,Recta,Bueno,S/D,Nocturna,Buen Tiempo,S/D,S/D,Colisión,S/D,S/D,Ninguna,S/D,POINT (-60.68858005 -32.90707667499999),"['Sorrento', 'Rondeau']",2,Avenida Sorrento; Bulevar General José Rondeau,-32.90707667499999,-60.68858005,55.0,538.0,Municipio Rosario,Municipio,Rosario,820210,Servicio de Catastro e Información Territorial,IGN
2012,751,2012-01-14,Sabado,0.0,20:50:00,,0.0,2,"Pickup/Utilitario,Automóvil",SSAN LUIS Y SAN NICOLAS,4,3,0,0,1,0,0,,Calle,,ROSARIO,Rosario,Asfalto,S/D,II,Dentro,Urbana,S/D,S/D,Intersección,S/D,S/D,S/D,Buen Tiempo,Lateral,S/D,Colisión,S/D,S/D,Cordón divisorio,Sin restricción,POINT (-60.6729863 -32.942945),"['San Luis', 'San Nicolás']",2,San Luis; San Nicolás,-32.942945,-60.6729863,55.0,538.0,Municipio Rosario,Municipio,Rosario,820210,Servicio de Catastro e Información Territorial,IGN
2012,1365,2012-02-22,Miercoles,0.0,07:55:00,,0.0,1,Moto/Ciclomotor,RODO Y TUCUMAN,1,1,0,0,0,0,0,,Calle,,ROSARIO,Rosario,Asfalto,S/D,II,Dentro,Rural,Ninguna,S/D,Intersección,Bueno,S/D,S/D,Buen Tiempo,Otro,S/D,Colisión,S/D,Faltante,Ninguna,Sin restricción,POINT (-60.72610850000001 -32.9329176),"['Rodó', 'Tucumán']",2,Rodó; Tucumán,-32.9329176,-60.72610850000001,55.0,538.0,Municipio Rosario,Municipio,Rosario,820210,Servicio de Catastro e Información Territorial,IGN
2012,1367,2012-02-10,Viernes,0.0,10:40:00,,0.0,1,Moto/Ciclomotor,URQUIZA Y NICARAGUA,2,2,0,0,0,0,0,,Calle,,ROSARIO,Rosario,Asfalto,S/D,II,Dentro,Urbana,Ninguna,S/D,Intersección,Bueno,S/D,S/D,Buen Tiempo,Lateral,S/D,Colisión,S/D,Faltante,S/D,Sin restricción,POINT (-60.7210362 -32.933655),"['Urquiza', 'Nicaragua']",2,Justo José de Urquiza; Nicaragua,-32.933655,-60.7210362,55.0,538.0,Municipio Rosario,Municipio,Rosario,820210,Servicio de Catastro e Información Territorial,IGN
2012,1371,2012-02-21,Martes,0.0,21:15:00,,0.0,1,Otros,COLECTORA Y 25 DE MAYO,2,1,0,0,1,0,0,,Calle,,ROSARIO,Rosario,S/D,S/D,II,S/D,S/D,S/D,S/D,S/D,S/D,S/D,Nocturna,S/D,S/D,S/D,Colisión,S/D,S/D,S/D,S/D,POINT (-60.7048233 -32.876185899999996),"['Colectora', '25 de Mayo']",2,"('Colectora de Circunvalación', 'Juan Pablo II')",-32.8761859,-60.7048233,55.0,538.0,Municipio Rosario,Municipio,Rosario,820210,Servicio de Catastro e Información Territorial,IGN
2012,1382,2012-02-21,Martes,0.0,22:10:00,,0.0,1,Moto/Ciclomotor,J. B. JUSTO Y CA...,1,1,0,0,0,0,0,,S/D,,ROSARIO,Rosario,S/D,S/D,II,S/D,Urbana,S/D,S/D,S/D,S/D,S/D,S/D,S/D,S/D,S/D,S/D,S/D,S/D,S/D,S/D,POINT (-60.652427200000005 -32.940226100000004),"['Justo', 'Ca']",2,"('Justo José de Urquiza', 'Bulevar Nicasio Oroño')",-32.940226100000004,-60.652427200000005,55.0,538.0,Municipio Rosario,Municipio,Rosario,820210,Servicio de Catastro e Información Territorial,IGN
2012,1416,2012-02-13,Lunes,0.0,14:00:00,,0.0,1,Moto/Ciclomotor,OV. LAGOS Y ARIJON,2,1,0,0,0,0,1,,Calle,,ROSARIO,Rosario,Asfalto,No existe,II,Dentro,Urbana,Semáforo,Funciona,Intersección,Deteriorada,Buena,Diurna,Buen Tiempo,Lateral,S/D,Colisión,S/D,Horizontal,Cordón divisorio,Sin restricción,POINT (-60.6761369 -33.0038701),"['Avenida Ovidio Lagos', 'Avenida Manuel Arijón']",2,Avenida Ovidio Lagos; Avenida Manuel Arijón,-33.0038701,-60.6761369,55.0,538.0,Municipio Rosario,Municipio,Rosario,820210,Servicio de Catastro e Información Territorial,IGN
2012,1417,2012-02-13,Lunes,0.0,19:20:00,,0.0,1,Automóvil,OV. LAGOS Y F. RUIZ,1,1,0,0,0,0,0,,Calle,,ROSARIO,Rosario,Asfalto,No existe,II,Dentro,Urbana,Ninguna,No existe,Intersección,Bueno,Buena,Atardecer,Buen Tiempo,Lateral,S/D,Colisión,S/D,Horizontal,Ninguna,Sin restricción,POINT (-60.67828626666667 -33.0138026),"['Avenida Ovidio Lagos', 'Ruiz']",2,Avenida Ovidio Lagos; Doctor Fernando Ruiz,-33.0138026,-60.67828626666667,55.0,538.0,Municipio Rosario,Municipio,Rosario,820210,Servicio de Catastro e Información Territorial,IGN
2012,1421,2012-02-05,Domingo,0.0,19:00:00,,0.0,2,"Moto/Ciclomotor,Automóvil",AV. CIRCUNVALACION Y AV. GODOY,2,2,0,0,0,0,0,,Avenida,,ROSARIO,Rosario,Asfalto,S/D,II,S/D,Urbana,S/D,S/D,Recta,Deteriorada,S/D,S/D,Buen Tiempo,Lateral,S/D,Colisión,S/D,S/D,S/D,S/D,POINT (-60.71697254694366 -32.9707081028425),"['Circunvalacion', 'Avenida Presidente Perón']",2,Avenida de Circunvalación 25 de Mayo; Avenida Presidente Perón,-32.9707081028425,-60.71697254694366,55.0,538.0,Municipio Rosario,Municipio,Rosario,820210,Servicio de Catastro e Información Territorial,IGN
2012,1428,2012-02-13,Lunes,0.0,08:30:00,,0.0,2,"Automóvil,Moto/Ciclomotor",DEAN FUNES Y PJE. 1724,2,2,0,0,0,0,0,,Calle,,ROSARIO,Rosario,Asfalto,No existe,II,S/D,Urbana,S/D,No existe,Intersección,Deteriorada,Buena,Diurna,Buen Tiempo,Lateral,S/D,Colisión,S/D,S/D,S/D,S/D,POINT (-60.7296301 -32.9680125),"['Deán Gregorio Funes', 'Hermana Paula Márquez']",2,Deán Gregorio Funes; Hermana Paula Márquez,-32.9680125,-60.7296301,55.0,538.0,Municipio Rosario,Municipio,Rosario,820210,Servicio de Catastro e Información Territorial,IGN
2012,1429,2012-02-16,Jueves,0.0,19:00:00,,0.0,2,"Automóvil,Moto/Ciclomotor",GARAY Y PERU,2,2,0,0,0,0,0,,Calle,,ROSARIO,Rosario,Asfalto,S/D,II,S/D,Urbana,S/D,S/D,Intersección,Deteriorada,S/D,S/D,Lluvia,Lateral,S/D,Colisión,S/D,S/D,S/D,S/D,POINT (-60.7103641 -32.96628169999999),"['Garay', 'Peru']",2,Juan de Garay; Perú,-32.96628169999999,-60.7103641,55.0,538.0,Municipio Rosario,Municipio,Rosario,820210,Servicio de Catastro e Información Territorial,IGN
2012,1433,2012-02-21,Martes,0.0,16:00:00,,0.0,2,"Peatón,Automóvil",AV. CIRCUNVALACION Y RIVAROLA,2,2,0,0,0,0,0,,Avenida,,ROSARIO,Rosario,Asfalto,S/D,II,S/D,Urbana,S/D,No existe,Intersección,Deteriorada,Buena,Diurna,Buen Tiempo,Otro,S/D,Atropello,S/D,S/D,S/D,S/D,POINT (-60.71916028403352 -32.96601604560884),"['Circunvalacion', 'Rivarola']",2,Avenida de Circunvalación 25 de Mayo; Avenida Doctor Rivarola,-32.96601604560884,-60.71916028403352,55.0,538.0,Municipio Rosario,Municipio,Rosario,820210,Servicio de Catastro e Información Territorial,IGN
2012,1434,2012-02-23,Jueves,0.0,20:00:00,,0.0,2,"Bicicleta,Automóvil",DEAN FUNES Y PJE. 1724,2,1,0,0,1,0,0,,Calle,,ROSARIO,Rosario,Asfalto,No existe,II,S/D,Urbana,S/D,No existe,Intersección,Deteriorada,Buena,Atardecer,Buen Tiempo,Otro,S/D,Atropello,S/D,S/D,S/D,S/D,POINT (-60.7296301 -32.9680125),"['Deán Gregorio Funes', 'Hermana Paula Márquez']",2,Deán Gregorio Funes; Hermana Paula Márquez,-32.9680125,-60.7296301,55.0,538.0,Municipio Rosario,Municipio,Rosario,820210,Servicio de Catastro e Información Territorial,IGN
2012,1436,2012-02-26,Domingo,0.0,13:00:00,,0.0,2,"Moto/Ciclomotor,Automóvil",AV. CIRCUNVALACION Y AV. GODOY,2,2,0,0,0,0,0,,Avenida,,ROSARIO,Rosario,Hormigón,S/D,II,S/D,Urbana,S/D,Intermitente,Intersección,Deteriorada,Buena,Diurna,Buen Tiempo,Lateral,S/D,Colisión,S/D,S/D,S/D,S/D,POINT (-60.71697254694366 -32.9707081028425),"['Circunvalacion', 'Avenida Presidente Perón']",2,Avenida de Circunvalación 25 de Mayo; Avenida Presidente Perón,-32.9707081028425,-60.71697254694366,55.0,538.0,Municipio Rosario,Municipio,Rosario,820210,Servicio de Catastro e Información Territorial,IGN
2012,1440,2012-02-19,Domingo,0.0,00:00:00,,0.0,1,Automóvil,URUGUAY Y C. ALDAO,1,1,0,0,0,0,0,,Calle,,ROSARIO,Rosario,Asfalto,No existe,II,S/D,Urbana,Ninguna,No existe,Intersección,Deteriorada,Buena,Amanecer,S/D,Lateral,S/D,Colisión,Otro,Faltante,Ninguna,Sin restricción,POINT (-60.69490040000001 -32.96818329999999),"['Uruguay', 'Aldao']",2,Uruguay; Camilo Aldao,-32.96818329999999,-60.69490040000001,55.0,538.0,Municipio Rosario,Municipio,Rosario,820210,Servicio de Catastro e Información Territorial,IGN
2012,1441,2012-02-19,Domingo,0.0,00:00:00,,0.0,1,Moto/Ciclomotor,MATIENZO Y GABOTO,1,1,0,0,0,0,0,,Calle,,ROSARIO,Rosario,Hormigón,No existe,II,S/D,Urbana,Ninguna,Intermitente,Intersección,Bueno,Buena,Diurna,S/D,Lateral,S/D,Colisión,Otro,Faltante,Ninguna,Sin restricción,POINT (-60.6937255 -32.964639600000005),"['Matienzo', 'Gaboto']",2,Benjamín Matienzo; Gaboto,-32.964639600000005,-60.6937255,55.0,538.0,Municipio Rosario,Municipio,Rosario,820210,Servicio de Catastro e Información Territorial,IGN
2012,1445,2012-02-13,Lunes,0.0,00:00:00,,0.0,1,Moto/Ciclomotor,LINIERS Y AV. GODOY,1,1,0,0,0,0,0,,Avenida,,ROSARIO,Rosario,Hormigón,No existe,II,S/D,Urbana,Ninguna,No existe,Intersección,Deteriorada,Buena,Diurna,S/D,Lateral,S/D,Colisión,Otro,Faltante,Ninguna,Sin restricción,POINT (-60.69772080000001 -32.961060049999986),"['Liniers', 'Avenida Presidente Perón']",2,Liniers; Avenida Presidente Perón,-32.961060049999986,-60.69772080000001,55.0,538.0,Municipio Rosario,Municipio,Rosario,820210,Servicio de Catastro e Información Territorial,IGN
2012,1447,2012-02-13,Lunes,0.0,00:00:00,,0.0,1,Moto/Ciclomotor,BV. SEGUI Y PCIAS. UNIDAS,1,1,0,0,0,0,0,,Avenida,,ROSARIO,Rosario,Asfalto,No existe,II,S/D,Urbana,Semáforo,Funciona,Intersección,Bueno,Buena,Amanecer,S/D,Lateral,S/D,Colisión,Otro,Vertical,Ninguna,Sin restricción,POINT (-60.71134141428571 -32.971028042857135),"['Bulevar Juan Francisco Seguí', 'Avenida Provincias Unidas']",2,Bulevar Juan Francisco Seguí; Avenida Provincias Unidas,-32.971028042857135,-60.71134141428571,55.0,538.0,Municipio Rosario,Municipio,Rosario,820210,Servicio de Catastro e Información Territorial,IGN
2012,1450,2012-02-13,Lunes,0.0,00:00:00,,0.0,1,Moto/Ciclomotor,F. MORE Y AV. GODOY,1,1,0,0,0,0,0,,Avenida,,ROSARIO,Rosario,Asfalto,No existe,II,S/D,Urbana,Semáforo,Funciona,Intersección,Deteriorada,Buena,Diurna,Otro,Lateral,S/D,Colisión,Otro,Vertical,Ninguna,Sin restricción,POINT (-60.69300505 -32.95869104999999),"['Felipe Moré', 'Avenida Presidente Perón']",2,Felipe Moré; Avenida Presidente Perón,-32.95869104999999,-60.69300505,55.0,538.0,Municipio Rosario,Municipio,Rosario,820210,Servicio de Catastro e Información Territorial,IGN
2012,1461,2012-02-10,Viernes,0.0,00:00:00,,0.0,1,Moto/Ciclomotor,ROUILLON Y DR. RIVAS,1,1,0,0,0,0,0,,Calle,,ROSARIO,Rosario,Asfalto,No existe,II,S/D,Urbana,Ninguna,No existe,Intersección,Deteriorada,Buena,Amanecer,S/D,Lateral,S/D,Colisión,Otro,S/D,Ninguna,Sin restricción,POINT (-60.7008833 -32.975646649999995),"['Alfredo Rouillón', 'Doctor Francisco Riva']",2,Alfredo Rouillón; Doctor Francisco Riva,-32.975646649999995,-60.7008833,55.0,538.0,Municipio Rosario,Municipio,Rosario,820210,Servicio de Catastro e Información Territorial,IGN
2012,1464,2012-02-10,Viernes,0.0,00:00:00,,0.0,1,Automóvil,ROUILLON Y DEAN FUNES,1,1,0,0,0,0,0,,Calle,,ROSARIO,Rosario,Asfalto,No existe,II,S/D,Urbana,Ninguna,No existe,Intersección,Deteriorada,Buena,Nocturna,S/D,Lateral,S/D,Colisión,Otro,Faltante,Ninguna,Sin restricción,POINT (-60.701197300000004 -32.967172850000004),"['Alfredo Rouillón', 'Deán Gregorio Funes']",2,Alfredo Rouillón; Deán Gregorio Funes,-32.967172850000004,-60.7011973,55.0,538.0,Municipio Rosario,Municipio,Rosario,820210,Servicio de Catastro e Información Territorial,IGN
2012,1465,2012-02-07,Martes,0.0,00:00:00,,0.0,1,Moto/Ciclomotor,BV. SEGUI Y ROUILLON,1,1,0,0,0,0,0,,Calle,,ROSARIO,Rosario,Asfalto,No existe,II,Dentro,Urbana,Semáforo,Funciona,Intersección,Deteriorada,Buena,Diurna,Otro,Lateral,S/D,Colisión,Otro,Vertical,Ninguna,Sin restricción,POINT (-60.701049250000004 -32.970761249999995),"['Bulevar Juan Francisco Seguí', 'Alfredo Rouillón']",2,Bulevar Juan Francisco Seguí; Alfredo Rouillón,-32.970761249999995,-60.70104925,55.0,538.0,Municipio Rosario,Municipio,Rosario,820210,Servicio de Catastro e Información Territorial,IGN
2012,1466,2012-02-05,Domingo,0.0,00:00:00,,0.0,1,Moto/Ciclomotor,27 DE FEBRERO Y LARREA,1,1,0,0,0,0,0,,Calle,,ROSARIO,Rosario,Asfalto,No existe,II,Dentro,Urbana,Semáforo,Funciona,Intersección,Deteriorada,Buena,Amanecer,S/D,Lateral,S/D,Colisión,Otro,Vertical,Ninguna,Sin restricción,POINT (-60.69651200000001 -32.95882060000001),"['27 de Febrero', 'Larrea']",2,Bulevar 27 de Febrero; Larrea,-32.95882060000001,-60.69651200000001,55.0,538.0,Municipio Rosario,Municipio,Rosario,820210,Servicio de Catastro e Información Territorial,IGN
2012,1467,2012-02-04,Sabado,0.0,00:00:00,,0.0,1,Automóvil,GABOTO Y LINIERS,1,1,0,0,0,0,0,,Calle,,ROSARIO,Rosario,Asfalto,No existe,II,S/D,Urbana,Ninguna,No existe,Intersección,Deteriorada,Buena,Nocturna,S/D,Lateral,S/D,Colisión,Otro,Faltante,Ninguna,Sin restricción,POINT (-60.697574700000004 -32.9647512),"['Gaboto', 'Liniers']",2,Gaboto; Liniers,-32.9647512,-60.6975747,55.0,538.0,Municipio Rosario,Municipio,Rosario,820210,Servicio de Catastro e Información Territorial,IGN
2012,1468,2012-02-04,Sabado,0.0,00:00:00,,0.0,1,Moto/Ciclomotor,BV. SEGUI Y F. MORE,1,1,0,0,0,0,0,,S/D,,ROSARIO,Rosario,Asfalto,S/D,II,S/D,S/D,Semáforo,S/D,Intersección,Bueno,S/D,S/D,S/D,Lateral,S/D,Colisión,Otro,Vertical,Ninguna,Sin restricción,POINT (-60.6925779 -32.9705265),"['Bulevar Juan Francisco Seguí', 'Felipe Moré']",2,Bulevar Juan Francisco Seguí; Felipe Moré,-32.9705265,-60.6925779,55.0,538.0,Municipio Rosario,Municipio,Rosario,820210,Servicio de Catastro e Información Territorial,IGN
2012,1469,2012-02-04,Sabado,0.0,00:00:00,,0.0,1,Moto/Ciclomotor,BV. SEGUI Y CALCHAQUI,1,1,0,0,0,0,0,,S/D,,ROSARIO,Rosario,Asfalto,No existe,II,S/D,S/D,Ninguna,No existe,Intersección,Deteriorada,Buena,Atardecer,S/D,Lateral,S/D,Colisión,Otro,Faltante,Ninguna,Sin restricción,POINT (-60.69814280000001 -32.9706173),"['Bulevar Juan Francisco Seguí', 'Calchaqui']",2,Bulevar Juan Francisco Seguí; Calchaqui,-32.9706173,-60.69814280000001,55.0,538.0,Municipio Rosario,Municipio,Rosario,820210,Servicio de Catastro e Información Territorial,IGN
2012,1473,2012-01-24,Martes,0.0,20:45:00,,0.0,2,"Moto/Ciclomotor,Automóvil",DR. RIVAS Y FRANCIA,3,2,0,0,1,0,0,,Avenida,,ROSARIO,Rosario,Asfalto,No existe,II,Dentro,Urbana,Ninguna,No existe,Intersección,Bueno,Buena,Nocturna,Buen Tiempo,Lateral,S/D,Colisión,S/D,Faltante,Cordón divisorio,Sin restricción,POINT (-60.674926600000006 -32.978783),"['Doctor Francisco Riva', 'Avenida Francia']",2,Doctor Francisco Riva; Avenida Francia,-32.978783,-60.674926600000006,55.0,538.0,Municipio Rosario,Municipio,Rosario,820210,Servicio de Catastro e Información Territorial,IGN
2012,1475,2012-01-27,Viernes,0.0,19:15:00,,0.0,2,"Moto/Ciclomotor,Automóvil",Bv. Segui y Constitución,2,1,0,0,1,0,0,,Avenida,,ROSARIO,Rosario,Asfalto,No existe,II,Dentro,Urbana,Ninguna,No existe,Intersección,Bueno,Buena,Atardecer,Buen Tiempo,Lateral,S/D,Colisión,S/D,Faltante,Cordón divisorio,Sin restricción,POINT (-60.6819282 -32.97272762499999),"['Bulevar Juan Francisco Seguí', 'Constitución']",2,Bulevar Juan Francisco Seguí; Constitución,-32.97272762499999,-60.6819282,55.0,538.0,Municipio Rosario,Municipio,Rosario,820210,Servicio de Catastro e Información Territorial,IGN
2012,1476,2012-01-20,Viernes,0.0,00:20:00,,0.0,1,Moto/Ciclomotor,BV. SEGUI Y SAN NICOLAS,1,1,0,0,0,0,0,,Avenida,,ROSARIO,Rosario,Asfalto,No existe,II,Dentro,Urbana,Semáforo,No funciona,Recta,Bueno,Buena,Nocturna,Buen Tiempo,Frontal,S/D,Colisión,S/D,Faltante,Cordón divisorio,Sin restricción,POINT (-60.680555149999996 -32.97297304999999),"['Bulevar Juan Francisco Seguí', 'San Nicolás']",2,Bulevar Juan Francisco Seguí; San Nicolás,-32.97297304999999,-60.68055515,55.0,538.0,Municipio Rosario,Municipio,Rosario,820210,Servicio de Catastro e Información Territorial,IGN
2012,1478,2012-01-28,Sabado,0.0,15:00:00,,0.0,1,Moto/Ciclomotor,FRANCIA Y SAAVEDRA,1,1,0,0,0,0,0,,Calle,,ROSARIO,Rosario,Asfalto,No existe,II,Dentro,Urbana,Ninguna,No existe,Intersección,Bueno,Buena,Diurna,Buen Tiempo,Lateral,S/D,Colisión,S/D,Faltante,Cordón divisorio,S/D,POINT (-60.6734792 -32.973049950000004),"['Avenida Francia', 'Saavedra']",2,Avenida Francia; Saavedra,-32.973049950000004,-60.6734792,55.0,538.0,Municipio Rosario,Municipio,Rosario,820210,Servicio de Catastro e Información Territorial,IGN
2012,1479,2012-01-27,Viernes,0.0,11:00:00,,0.0,2,"Bicicleta,Pickup/Utilitario",OV. LAGOS Y ARNOLD,2,1,0,0,1,0,0,,Avenida,,ROSARIO,Rosario,Asfalto,No existe,II,S/D,S/D,Ninguna,No existe,Intersección,Bueno,Buena,Diurna,Buen Tiempo,Otro,S/D,Atropello,S/D,Faltante,Cordón divisorio,Sin restricción,POINT (-60.67327350000001 -32.99105795),"['Avenida Ovidio Lagos', 'Arnold']",2,Avenida Ovidio Lagos; Arnold,-32.99105795,-60.67327350000001,55.0,538.0,Municipio Rosario,Municipio,Rosario,820210,Servicio de Catastro e Información Territorial,IGN
2012,1480,2012-01-27,Viernes,0.0,10:00:00,,0.0,1,Bicicleta,San Nicolás y Centeno,2,2,0,0,0,0,0,,Calle,,ROSARIO,Rosario,Asfalto,No existe,II,Dentro,Urbana,Ninguna,No existe,Recta,Bueno,Buena,Diurna,Buen Tiempo,Atropello animal,S/D,Colisión,S/D,Faltante,Ninguna,Sin restricción,POINT (-60.6820112 -32.9787026),"['San Nicolás', 'Centeno']",2,San Nicolás; Coronel Centeno,-32.9787026,-60.6820112,55.0,538.0,Municipio Rosario,Municipio,Rosario,820210,Servicio de Catastro e Información Territorial,IGN
2012,1482,2012-01-27,Viernes,0.0,03:00:00,,0.0,2,"Moto/Ciclomotor,Moto/Ciclomotor",Ov. Lagos y Garibaldi,4,3,0,0,1,0,0,,Avenida,,ROSARIO,Rosario,Asfalto,Pavimento,II,Dentro,Urbana,Ninguna,No existe,Intersección,Bueno,Buena,"Nocturna,Con luz artificial",Buen Tiempo,Lateral,S/D,Colisión,S/D,S/D,Cordón divisorio,Sin restricción,POINT (-60.671054299999994 -32.981854),"['Avenida Ovidio Lagos', 'José Garibaldi']",2,Avenida Ovidio Lagos; José Garibaldi,-32.981854,-60.6710543,55.0,538.0,Municipio Rosario,Municipio,Rosario,820210,Servicio de Catastro e Información Territorial,IGN
2012,1506,2012-01-23,Lunes,0.0,20:10:00,,0.0,2,"Peatón,Moto/Ciclomotor",CRESPO Y DR. RIVA,2,1,0,0,1,0,0,,Calle,,ROSARIO,Rosario,Asfalto,No existe,II,Dentro,Urbana,Ninguna,No existe,Intersección,Bueno,Buena,Atardecer,Buen Tiempo,Otro,S/D,Atropello,S/D,Vertical,Ninguna,Sin restricción,POINT (-60.6776144 -32.9783008),"['Crespo', 'Doctor Francisco Riva']",2,Crespo; Doctor Francisco Riva,-32.9783008,-60.6776144,55.0,538.0,Municipio Rosario,Municipio,Rosario,820210,Servicio de Catastro e Información Territorial,IGN