anio_acci,nro_acci,fecha,desc_dia,fecha_aprox,hora_aprox,desc_ruta,km,cant_participantes,desc_participante,calle_avenida_km,total,heridos_leves,heridos_graves,heridos_gravisimos,ilesos,fallecidos,sin_datos,posicion_XY,desc_tipo_via,desc_ruta_ori,desc_loc,desc_dpto,desc_tipo_calzada,desc_tipo_banquina,desc_unidad_regional,desc_lugar_calzada,desc_zona,desc_prioridad,desc_estado_semaforo,desc_lugar_via,desc_estado_via,desc_estado_visibilidad,desc_luminosidad,desc_estado_clima,desc_tipo_colision,desc_tipo_atropello,desc_tipo_hecho,desc_pres_calzada,desc_senializacion,desc_separacion_via,desc_restriccion,forma_geocod,calle_lista,numero_calles,calles_osm,lat,lon,index_right,gid,fna,gna,nam,in1,fdc,sag
2012,1507,2012-01-28,Sabado,0.0,18:30:00,,0.0,2,"Automóvil,Automóvil",BV. SEGUI Y SAN NICOLAS,3,2,0,0,1,0,0,,Avenida,,ROSARIO,Rosario,Asfalto,No existe,II,Dentro,Urbana,Semáforo,Funciona,Intersección,Bueno,Buena,Diurna,Buen Tiempo,De alcance,S/D,Colisión,S/D,Vertical,Cordón divisorio,Sin restricción,POINT (-60.680555149999996 -32.97297304999999),"['Bulevar Juan Francisco Seguí', 'San Nicolás']",2,Bulevar Juan Francisco Seguí; San Nicolás,-32.97297304999999,-60.68055515,55.0,538.0,Municipio Rosario,Municipio,Rosario,820210,Servicio de Catastro e Información Territorial,IGN
2012,1508,2012-01-30,Lunes,0.0,11:00:00,,0.0,2,"Moto/Ciclomotor,Automóvil",IRIONDO Y LAS FLORES,2,2,0,0,0,0,0,,Calle,,ROSARIO,Rosario,Asfalto,No existe,II,Dentro,Urbana,Ninguna,No existe,Intersección,Bueno,Buena,Diurna,Buen Tiempo,Lateral,S/D,Colisión,S/D,Vertical,Ninguna,Sin restricción,POINT (-60.68208310000001 -33.0003623),"['Iriondo', 'Las Flores']",2,Iriondo; Las Flores,-33.0003623,-60.68208310000001,55.0,538.0,Municipio Rosario,Municipio,Rosario,820210,Servicio de Catastro e Información Territorial,IGN
2012,1509,2012-01-31,Martes,0.0,20:30:00,,0.0,2,"Peatón,Moto/Ciclomotor",CIPOLETTI Y WINTER,2,2,0,0,0,0,0,,Calle,,ROSARIO,Rosario,Asfalto,No existe,II,Dentro,Urbana,Ninguna,No existe,Intersección,Con baches,Buena,Atardecer,Buen Tiempo,Otro,S/D,Atropello,S/D,Vertical,Ninguna,Sin restricción,POINT (-60.6873804 -32.98506750000001),"['Cipolletti', 'Winter']",2,Cipolletti; Coronel Winter,-32.98506750000001,-60.6873804,55.0,538.0,Municipio Rosario,Municipio,Rosario,820210,Servicio de Catastro e Información Territorial,IGN
2012,1511,2012-01-31,Martes,0.0,12:15:00,,0.0,2,"Moto/Ciclomotor,Pickup/Utilitario",BV. SEGUI 3500,2,1,0,0,1,0,0,,Avenida,,ROSARIO,Rosario,Asfalto,No existe,II,Dentro,Urbana,Ninguna,No existe,Recta,Bueno,Buena,Diurna,Buen Tiempo,Lateral,S/D,Colisión,S/D,Vertical,Cordón divisorio,Sin restricción,"-32.9730865, -60.6790116",['Bulevar Juan Francisco Seguí 3500'],1,Bulevar Juan Francisco Seguí 3500,-32.9730865,-60.6790116,55.0,538.0,Municipio Rosario,Municipio,Rosario,820210,Servicio de Catastro e Información Territorial,IGN
2012,1514,2012-02-01,Miercoles,0.0,07:30:00,,0.0,2,"Moto/Ciclomotor,Automóvil",AVELLANEDA Y MOSCONI,2,1,0,0,1,0,0,,Avenida,,ROSARIO,Rosario,Asfalto,No existe,II,Dentro,Urbana,Ninguna,No existe,Intersección,Bueno,Buena,Diurna,Buen Tiempo,Lateral,S/D,Colisión,S/D,Vertical,Cordón divisorio,Sin restricción,POINT (-60.674045425 -32.994089450000004),"['Avellaneda', 'Mosconi']",2,Bulevar Nicolás Avellaneda; General Mosconi,-32.994089450000004,-60.674045425,55.0,538.0,Municipio Rosario,Municipio,Rosario,820210,Servicio de Catastro e Información Territorial,IGN
2012,1515,2012-02-01,Miercoles,0.0,08:30:00,,0.0,2,"Moto/Ciclomotor,Automóvil",OV. LAGOS Y BV. SEGUI,3,3,0,0,0,0,0,,Avenida,,ROSARIO,Rosario,Asfalto,No existe,II,Dentro,Urbana,Semáforo,Funciona,Intersección,Bueno,Buena,Diurna,Buen Tiempo,Lateral,S/D,Colisión,S/D,Vertical,Cordón divisorio,Sin restricción,POINT (-60.66940506666666 -32.974966166666654),"['Avenida Ovidio Lagos', 'Bulevar Juan Francisco Seguí']",2,Avenida Ovidio Lagos; Bulevar Juan Francisco Seguí,-32.974966166666654,-60.66940506666666,55.0,538.0,Municipio Rosario,Municipio,Rosario,820210,Servicio de Catastro e Información Territorial,IGN
2012,1517,2012-02-02,Jueves,0.0,13:00:00,,0.0,1,Automóvil,AVELLANEDA 4900,2,2,0,0,0,0,0,,Avenida,,ROSARIO,Rosario,Asfalto,No existe,II,Dentro,Urbana,Ninguna,No existe,Recta,Bueno,Buena,Diurna,Buen Tiempo,Contra objeto fijo,S/D,Colisión,S/D,Vertical,Cordón divisorio,Sin restricción,"-32.9533844, -60.6827991",['Avellaneda 4900'],1,Avellaneda 4900,-32.9533844,-60.6827991,55.0,538.0,Municipio Rosario,Municipio,Rosario,820210,Servicio de Catastro e Información Territorial,IGN
2012,1519,2012-02-05,Domingo,0.0,10:00:00,,0.0,2,"Moto/Ciclomotor,Automóvil",BV. SEGUI Y PJE. SANTA ISABEL,3,1,0,0,1,0,1,,Avenida,,ROSARIO,Rosario,Asfalto,No existe,II,Dentro,Urbana,Ninguna,No existe,Intersección,Bueno,Buena,Diurna,Buen Tiempo,Lateral,S/D,Colisión,S/D,Vertical,Cordón divisorio,Sin restricción,POINT (-60.681244850000006 -32.97285065),"['Bulevar Juan Francisco Seguí', 'Pasaje Santa Isabel']",2,Bulevar Juan Francisco Seguí; Pasaje Santa Isabel,-32.97285065,-60.681244850000006,55.0,538.0,Municipio Rosario,Municipio,Rosario,820210,Servicio de Catastro e Información Territorial,IGN
2012,1521,2012-02-08,Miercoles,0.0,05:40:00,,0.0,1,Moto/Ciclomotor,AV. FRANCIA Y CENTENO,1,1,0,0,0,0,0,,Avenida,,ROSARIO,Rosario,Asfalto,No existe,II,Dentro,Urbana,S/D,No existe,Intersección,Bueno,Buena,"Amanecer,Con luz artificial",Buen Tiempo,S/D,S/D,Colisión,S/D,Vertical,Cordón divisorio,Sin restricción,POINT (-60.67521765000001 -32.979911099999995),"['Avenida Francia', 'Centeno']",2,Avenida Francia; Coronel Centeno,-32.979911099999995,-60.67521765000001,55.0,538.0,Municipio Rosario,Municipio,Rosario,820210,Servicio de Catastro e Información Territorial,IGN
2012,1523,2012-02-09,Jueves,0.0,05:45:00,,0.0,2,"Moto/Ciclomotor,Automóvil",FRANCIA Y BV. SEGUI,2,1,0,0,0,0,1,,Avenida,,ROSARIO,Rosario,Asfalto,No existe,II,Dentro,Urbana,Semáforo,Funciona,Intersección,Bueno,Buena,Amanecer,S/D,Lateral,S/D,Colisión,S/D,S/D,Ninguna,Sin restricción,POINT (-60.673763175000005 -32.97418725),"['Avenida Francia', 'Bulevar Juan Francisco Seguí']",2,Avenida Francia; Bulevar Juan Francisco Seguí,-32.97418725,-60.673763175000005,55.0,538.0,Municipio Rosario,Municipio,Rosario,820210,Servicio de Catastro e Información Territorial,IGN
2012,1525,2012-02-10,Viernes,0.0,15:40:00,,0.0,2,"Moto/Ciclomotor,Moto/Ciclomotor",NAHUEL HUAPI Y MOSCONI,3,2,0,0,1,0,0,,Calle,,ROSARIO,Rosario,Asfalto,No existe,II,Dentro,Urbana,S/D,No existe,Intersección,Bueno,Buena,Diurna,Buen Tiempo,Lateral,S/D,Colisión,S/D,Faltante,Ninguna,Sin restricción,POINT (-60.6860451 -32.98367189999998),"['Nahuel Huapi', 'Mosconi']",2,Nahuel Huapi; General Mosconi,-32.98367189999998,-60.6860451,55.0,538.0,Municipio Rosario,Municipio,Rosario,820210,Servicio de Catastro e Información Territorial,IGN
2012,1526,2012-02-05,Domingo,0.0,05:50:00,,0.0,2,"Moto/Ciclomotor,Transporte de Pasajeros Urbano (> 8 asientos)",Sarmiento y 3 de Febrero,2,0,0,0,1,1,0,,Calle,,ROSARIO,Rosario,Asfalto,No existe,II,Dentro,Urbana,S/D,S/D,Intersección,Bueno,Buena,Diurna,S/D,S/D,S/D,Colisión,S/D,S/D,S/D,S/D,POINT (-60.63974480000001 -32.9527553),"['Sarmiento', '3 de Febrero']",2,Sarmiento; 3 de Febrero,-32.9527553,-60.63974480000001,55.0,538.0,Municipio Rosario,Municipio,Rosario,820210,Servicio de Catastro e Información Territorial,IGN
2012,1529,2012-02-11,Sabado,0.0,17:30:00,,0.0,2,"Moto/Ciclomotor,Automóvil",AVELLANEDA Y BV. SEGUI,2,1,0,0,1,0,0,,Avenida,,ROSARIO,Rosario,Asfalto,No existe,II,Dentro,Urbana,Semáforo,Funciona,Intersección,Bueno,Buena,Diurna,Buen Tiempo,Lateral,S/D,Colisión,S/D,Vertical,Ninguna,Sin restricción,POINT (-60.6873526625 -32.9717476875),"['Avellaneda', 'Bulevar Juan Francisco Seguí']",2,Bulevar Nicolás Avellaneda; Bulevar Juan Francisco Seguí,-32.9717476875,-60.6873526625,55.0,538.0,Municipio Rosario,Municipio,Rosario,820210,Servicio de Catastro e Información Territorial,IGN
2012,1530,2012-02-12,Domingo,0.0,21:30:00,,0.0,2,"Moto/Ciclomotor,Moto/Ciclomotor",VERA MUJICA Y BV. SEGUI,3,2,0,0,0,0,1,,Avenida,,ROSARIO,Rosario,Asfalto,No existe,II,Dentro,Urbana,Señal Pare,No existe,Intersección,Bueno,Buena,Nocturna,Buen Tiempo,Lateral,S/D,Colisión,S/D,Vertical,Ninguna,Sin restricción,POINT (-60.6751543 -32.973938649999994),"['Vera Mujíca', 'Bulevar Juan Francisco Seguí']",2,Vera Mujíca; Bulevar Juan Francisco Seguí,-32.973938649999994,-60.6751543,55.0,538.0,Municipio Rosario,Municipio,Rosario,820210,Servicio de Catastro e Información Territorial,IGN
2012,1532,2012-02-08,Miercoles,0.0,19:30:00,,0.0,2,"Moto/Ciclomotor,Automóvil",DR. RIVAS Y FRANCIA,2,1,0,0,1,0,0,,Calle,,ROSARIO,Rosario,Asfalto,No existe,II,Dentro,Urbana,Señal Pare,No existe,Intersección,Bueno,Buena,Atardecer,Buen Tiempo,Lateral,S/D,Colisión,S/D,Vertical,Ninguna,Sin restricción,POINT (-60.674926600000006 -32.978783),"['Doctor Francisco Riva', 'Avenida Francia']",2,Doctor Francisco Riva; Avenida Francia,-32.978783,-60.674926600000006,55.0,538.0,Municipio Rosario,Municipio,Rosario,820210,Servicio de Catastro e Información Territorial,IGN
2012,1533,2012-02-03,Viernes,0.0,13:00:00,,0.0,2,"Moto/Ciclomotor,Automóvil",OV. LAGOS Y B. JUAREZ,3,1,0,0,1,0,1,,Calle,,ROSARIO,Rosario,Asfalto,No existe,II,Dentro,Urbana,Ninguna,No existe,Intersección,Bueno,Buena,Diurna,S/D,Lateral,S/D,Colisión,S/D,S/D,Ninguna,Sin restricción,POINT (-60.67388115 -32.99371054999999),"['Avenida Ovidio Lagos', 'Juarez']",2,Avenida Ovidio Lagos; Benito Juárez,-32.99371054999999,-60.67388115,55.0,538.0,Municipio Rosario,Municipio,Rosario,820210,Servicio de Catastro e Información Territorial,IGN
2012,1535,2012-02-13,Lunes,0.0,19:45:00,,0.0,2,"Moto/Ciclomotor,Automóvil",BV. SEGUI Y LAVALLE,2,1,0,0,1,0,0,,Avenida,,ROSARIO,Rosario,Asfalto,No existe,II,Dentro,Urbana,Ninguna,No existe,Intersección,Bueno,Buena,Diurna,Buen Tiempo,Lateral,S/D,Colisión,S/D,Vertical,Cordón divisorio,Sin restricción,POINT (-60.686004499999996 -32.971991900000006),"['Bulevar Juan Francisco Seguí', 'Lavalle']",2,Bulevar Juan Francisco Seguí; Lavalle,-32.971991900000006,-60.6860045,55.0,538.0,Municipio Rosario,Municipio,Rosario,820210,Servicio de Catastro e Información Territorial,IGN
2012,1536,2012-02-16,Jueves,0.0,11:30:00,,0.0,2,"Peatón,Pickup/Utilitario",OV. LAGOS 3900,2,1,0,0,1,0,0,,Avenida,,ROSARIO,Rosario,Asfalto,No existe,II,Fuera,Urbana,Ninguna,No existe,Otro,Bueno,Buena,Diurna,Buen Tiempo,Frontal,S/D,Atropello,S/D,S/D,Ninguna,Sin restricción,"-33.0259193, -60.6809495",['Ovidio Lagos 3900'],1,Ovidio Lagos 3900,-33.0259193,-60.6809495,55.0,538.0,Municipio Rosario,Municipio,Rosario,820210,Servicio de Catastro e Información Territorial,IGN
2012,1537,2012-02-17,Viernes,0.0,14:00:00,,0.0,2,"Moto/Ciclomotor,Automóvil",24 DE SEPTIEMBRE E IRIRONDO,3,2,0,0,0,0,1,,Calle,,ROSARIO,Rosario,Asfalto,No existe,II,Dentro,Urbana,Ninguna,No existe,Intersección,Bueno,Buena,Diurna,Buen Tiempo,S/D,S/D,Colisión,S/D,Vertical,S/D,Sin restricción,POINT (-60.67813749999999 -32.97461609999999),"['24 de Septiembre', 'Iriondo']",2,24 de Septiembre; Iriondo,-32.97461609999999,-60.67813749999999,55.0,538.0,Municipio Rosario,Municipio,Rosario,820210,Servicio de Catastro e Información Territorial,IGN
2012,1538,2012-02-17,Viernes,0.0,17:00:00,,0.0,2,"Moto/Ciclomotor,Pickup/Utilitario",URIBURU Y AVELLANEDA,4,2,0,0,2,0,0,,Avenida,,ROSARIO,Rosario,Asfalto,No existe,II,Dentro,Urbana,Semáforo,Funciona,Intersección,Bueno,Buena,Diurna,Buen Tiempo,Lateral,S/D,Colisión,S/D,Vertical,Cordón divisorio,Sin restricción,POINT (-60.688810375 -32.991943325),"['Uriburu', 'Avellaneda']",2,Avenida José Uriburu; Bulevar Nicolás Avellaneda,-32.991943325,-60.688810375,55.0,538.0,Municipio Rosario,Municipio,Rosario,820210,Servicio de Catastro e Información Territorial,IGN
2012,1540,2012-02-21,Martes,0.0,12:40:00,,0.0,2,"Moto/Ciclomotor,Automóvil",FRANCIA Y F. SARMIENTO,3,2,0,0,1,0,0,,Avenida,,ROSARIO,Rosario,Asfalto,No existe,II,Dentro,Urbana,Ninguna,No existe,Intersección,Bueno,Buena,Diurna,Buen Tiempo,Frontal,S/D,Colisión,S/D,Faltante,Vegetación,S/D,POINT (-60.677238 -32.98795770000001),"['Avenida Francia', 'Sarmiento']",2,Avenida Francia; Sarmiento,-32.98795770000001,-60.677238,55.0,538.0,Municipio Rosario,Municipio,Rosario,820210,Servicio de Catastro e Información Territorial,IGN
2012,1542,2012-02-22,Miercoles,0.0,18:15:00,,0.0,2,"Bicicleta,Automóvil",FRANCIA Y BV. SEGUI,2,1,0,0,1,0,0,,Avenida,,ROSARIO,Rosario,Asfalto,No existe,II,Dentro,Urbana,Semáforo,Funciona,Intersección,Bueno,Buena,Diurna,Buen Tiempo,Otro,S/D,Atropello,S/D,Vertical,Cordón divisorio,Sin restricción,POINT (-60.673763175000005 -32.97418725),"['Avenida Francia', 'Bulevar Juan Francisco Seguí']",2,Avenida Francia; Bulevar Juan Francisco Seguí,-32.97418725,-60.673763175000005,55.0,538.0,Municipio Rosario,Municipio,Rosario,820210,Servicio de Catastro e Información Territorial,IGN
2012,1545,2012-02-23,Jueves,0.0,05:40:00,,0.0,1,Moto/Ciclomotor,LAVALLE Y BIEDMA,2,1,0,0,0,0,1,,Calle,,ROSARIO,Rosario,Asfalto,No existe,II,Dentro,Urbana,Ninguna,No existe,Intersección,Bueno,Buena,Diurna,Buen Tiempo,Frontal,S/D,Colisión,S/D,Faltante,S/D,Sin restricción,POINT (-60.6865867 -32.974293599999996),"['Lavalle', 'Coronel Biedma']",2,Lavalle; Coronel Biedma,-32.9742936,-60.6865867,55.0,538.0,Municipio Rosario,Municipio,Rosario,820210,Servicio de Catastro e Información Territorial,IGN
2012,1546,2012-02-24,Viernes,0.0,00:10:00,,0.0,2,"Moto/Ciclomotor,Moto/Ciclomotor",QUINTANA Y OV. LAGOS,2,2,0,0,0,0,0,,Avenida,,ROSARIO,Rosario,Asfalto,No existe,II,Dentro,Urbana,Ninguna,No existe,Recta,Bueno,Buena,Nocturna,Buen Tiempo,Lateral,S/D,Colisión,S/D,Faltante,Cordón divisorio,Sin restricción,POINT (-60.673529259999995 -32.99244282),"['Quintana', 'Avenida Ovidio Lagos']",2,Presidente Quintana; Avenida Ovidio Lagos,-32.99244282,-60.67352926,55.0,538.0,Municipio Rosario,Municipio,Rosario,820210,Servicio de Catastro e Información Territorial,IGN
2012,1547,2012-02-24,Viernes,0.0,19:00:00,,0.0,2,"Moto/Ciclomotor,Automóvil",QUINTANA Y OV. LAGOS,2,1,0,0,1,0,0,,Avenida,,ROSARIO,Rosario,Asfalto,No existe,II,Dentro,Urbana,Ninguna,No existe,Recta,Bueno,Buena,Diurna,Buen Tiempo,Frontal,S/D,Colisión,S/D,Faltante,Cordón divisorio,Sin restricción,POINT (-60.673529259999995 -32.99244282),"['Quintana', 'Avenida Ovidio Lagos']",2,Presidente Quintana; Avenida Ovidio Lagos,-32.99244282,-60.67352926,55.0,538.0,Municipio Rosario,Municipio,Rosario,820210,Servicio de Catastro e Información Territorial,IGN
2012,1548,2012-02-24,Viernes,0.0,22:00:00,,0.0,2,"Bicicleta,Automóvil",OV. LAGOS Y GUTIERREZ,2,1,0,0,1,0,0,,Avenida,,ROSARIO,Rosario,Asfalto,No existe,II,Dentro,Urbana,Semáforo,Funciona,Recta,Bueno,Buena,Nocturna,Buen Tiempo,Otro,S/D,Atropello,S/D,Vertical,Cordón divisorio,Sin restricción,POINT (-60.674154 -32.994811549999994),"['Avenida Ovidio Lagos', 'Gutierrez']",2,Avenida Ovidio Lagos; Ricardo Gutierrez,-32.994811549999994,-60.674154,55.0,538.0,Municipio Rosario,Municipio,Rosario,820210,Servicio de Catastro e Información Territorial,IGN
2012,1549,2012-02-25,Sabado,0.0,14:20:00,,0.0,2,"Moto/Ciclomotor,Automóvil",BV. SEGUI Y CONSTITUCION,2,1,0,0,0,0,1,,Avenida,,ROSARIO,Rosario,Asfalto,No existe,II,Dentro,Urbana,Ninguna,No existe,Recta,Bueno,Buena,Diurna,Buen Tiempo,Lateral,S/D,Colisión,S/D,Faltante,Cordón divisorio,Sin restricción,POINT (-60.6819282 -32.97272762499999),"['Bulevar Juan Francisco Seguí', 'Constitución']",2,Bulevar Juan Francisco Seguí; Constitución,-32.97272762499999,-60.6819282,55.0,538.0,Municipio Rosario,Municipio,Rosario,820210,Servicio de Catastro e Información Territorial,IGN
2012,1550,2012-02-25,Sabado,0.0,16:30:00,,0.0,1,Bicicleta,BV. SEGUI Y CAFFERATA,2,1,0,0,0,0,1,,Avenida,,ROSARIO,Rosario,Asfalto,No existe,II,Dentro,Urbana,Semáforo,Funciona,Recta,Bueno,Buena,Diurna,Buen Tiempo,Otro,S/D,Atropello,S/D,Vertical,Cordón divisorio,Sin restricción,POINT (-60.67922995000001 -32.973209649999994),"['Bulevar Juan Francisco Seguí', 'Cafferata']",2,Bulevar Juan Francisco Seguí; Cafferata,-32.973209649999994,-60.67922995000001,55.0,538.0,Municipio Rosario,Municipio,Rosario,820210,Servicio de Catastro e Información Territorial,IGN
2012,1552,2012-02-25,Sabado,0.0,12:00:00,,0.0,1,Bicicleta,OV. LAGOS Y BV. SEGUI,2,1,0,0,0,0,1,,Avenida,,ROSARIO,Rosario,Asfalto,S/D,II,Dentro,Urbana,Semáforo,Funciona,Recta,Bueno,Buena,Diurna,Buen Tiempo,Otro,S/D,Atropello,S/D,Vertical,Cordón divisorio,Sin restricción,POINT (-60.66940506666666 -32.974966166666654),"['Avenida Ovidio Lagos', 'Bulevar Juan Francisco Seguí']",2,Avenida Ovidio Lagos; Bulevar Juan Francisco Seguí,-32.974966166666654,-60.66940506666666,55.0,538.0,Municipio Rosario,Municipio,Rosario,820210,Servicio de Catastro e Información Territorial,IGN
2012,1557,2012-02-26,Domingo,0.0,00:00:00,,0.0,2,"Automóvil,Automóvil",AV. EVA PERON Y CIRCUNVALACION,2,1,0,0,1,0,0,,Avenida,,ROSARIO,Rosario,Asfalto,No existe,II,Dentro,Urbana,Ninguna,Funciona,Recta,Bueno,Buena,Nocturna,Buen Tiempo,Frontal,S/D,Colisión,S/D,Horizontal,Ninguna,Sin restricción,POINT (-60.7231582311677 -32.931126055841574),"['Avenida Eva Perón', 'Circunvalacion']",2,Avenida Eva Perón; Avenida de Circunvalación 25 de Mayo,-32.931126055841574,-60.7231582311677,55.0,538.0,Municipio Rosario,Municipio,Rosario,820210,Servicio de Catastro e Información Territorial,IGN
2012,1563,2012-02-25,Sabado,0.0,20:25:00,,0.0,2,"Bicicleta,Automóvil",SANCHEZ DE LORIA Y LA REPUBLICA,2,1,0,0,1,0,0,,Calle,,ROSARIO,Rosario,Asfalto,No existe,II,Dentro,Urbana,Ninguna,No existe,Recta,Bueno,Buena,Diurna,Buen Tiempo,Otro,S/D,Atropello,S/D,Horizontal,Ninguna,Sin restricción,POINT (-60.73268149999999 -32.919124800000006),"['Sánchez de Loria', 'La República']",2,Sánchez de Loria; La República,-32.919124800000006,-60.73268149999999,55.0,538.0,Municipio Rosario,Municipio,Rosario,820210,Servicio de Catastro e Información Territorial,IGN
2012,1602,2012-02-24,Viernes,0.0,19:15:00,,0.0,2,"Automóvil,Automóvil",NAVARRO Y SANCHEZ DE LORIA,2,1,0,0,1,0,0,,Calle,,ROSARIO,Rosario,Asfalto,No existe,II,Dentro,Urbana,Ninguna,No existe,Recta,Bueno,Buena,Diurna,Buen Tiempo,Lateral,S/D,Colisión,S/D,Horizontal,Ninguna,Sin restricción,POINT (-60.7320207 -32.9320478),"['Navarro', 'Sánchez de Loria']",2,Navarro; Sánchez de Loria,-32.9320478,-60.7320207,55.0,538.0,Municipio Rosario,Municipio,Rosario,820210,Servicio de Catastro e Información Territorial,IGN
2012,1603,2012-02-23,Jueves,0.0,18:20:00,,0.0,2,"Moto/Ciclomotor,Automóvil",EVA PERON 8100,2,1,0,0,1,0,0,,Calle,,ROSARIO,Rosario,Asfalto,No existe,II,Dentro,Urbana,Ninguna,Funciona,Recta,Bueno,Buena,Diurna,Buen Tiempo,Lateral,S/D,Colisión,S/D,Horizontal,Barrera de hormigón,Sin restricción,"-32.9285547, -60.7369879",['Eva Peron 8100'],1,Eva Peron 8100,-32.9285547,-60.7369879,55.0,538.0,Municipio Rosario,Municipio,Rosario,820210,Servicio de Catastro e Información Territorial,IGN
2012,1604,2012-02-22,Miercoles,0.0,15:15:00,,0.0,2,"Moto/Ciclomotor,Pickup/Utilitario",NICARAGUA Y JUAN DEL VALLE,2,1,0,0,1,0,0,,Calle,,ROSARIO,Rosario,Asfalto,No existe,II,Dentro,Urbana,Ninguna,No existe,Recta,Bueno,Buena,Atardecer,Buen Tiempo,Lateral,S/D,Colisión,S/D,Horizontal,Ninguna,Sin restricción,POINT (-60.7214761 -32.9227105),"['Nicaragua', 'De La Salle']",2,Nicaragua; De La Salle,-32.9227105,-60.7214761,55.0,538.0,Municipio Rosario,Municipio,Rosario,820210,Servicio de Catastro e Información Territorial,IGN
2012,1606,2012-02-20,Lunes,0.0,15:10:00,,0.0,2,"Automóvil,Pickup/Utilitario",AV. CIRCUNVALACION Y J. J. PASOS,2,1,0,0,1,0,0,,Avenida,,ROSARIO,Rosario,Asfalto,No existe,II,Dentro,Urbana,Ninguna,No existe,Recta,Bueno,Buena,Atardecer,Otro,Lateral,S/D,Colisión,S/D,Horizontal,Ninguna,Sin restricción,POINT (-60.723727529563504 -32.92055900258326),"['Circunvalacion', 'Juan José Paso']",2,Avenida de Circunvalación 25 de Mayo; Avenida Juan José Paso,-32.92055900258326,-60.723727529563504,55.0,538.0,Municipio Rosario,Municipio,Rosario,820210,Servicio de Catastro e Información Territorial,IGN
2012,1608,2012-02-19,Domingo,0.0,13:00:00,,0.0,2,"Automóvil,Automóvil",CORDOBA 9500,2,1,0,0,1,0,0,,Avenida,,ROSARIO,Rosario,Asfalto,No existe,II,Dentro,Urbana,Ninguna,No existe,Recta,Bueno,Buena,Atardecer,Buen Tiempo,Lateral,S/D,Colisión,S/D,Horizontal,Barrera de hormigón,Sin restricción,"-32.9436077, -60.6540311",['Cordoba 9500'],1,Cordoba 9500,-32.9436077,-60.6540311,55.0,538.0,Municipio Rosario,Municipio,Rosario,820210,Servicio de Catastro e Información Territorial,IGN
2012,1609,2012-02-21,Martes,0.0,03:30:00,,0.0,2,"Peatón,Otros",Bv. Avellaneda al 4400,1,0,0,0,0,1,0,,Avenida,,ROSARIO,Rosario,Asfalto,No existe,II,Dentro,Urbana,Ninguna,No existe,Recta,Bueno,Buena,Nocturna,Buen Tiempo,S/D,S/D,Atropello,S/D,Faltante,Cordón divisorio,S/D,"-32.9533844, -60.6827991",['Avellaneda 4400'],1,Avellaneda 4400,-32.9533844,-60.6827991,55.0,538.0,Municipio Rosario,Municipio,Rosario,820210,Servicio de Catastro e Información Territorial,IGN
2012,1610,2012-02-18,Sabado,0.0,20:30:00,,0.0,2,"Moto/Ciclomotor,Automóvil",LA REPUBLICA Y GARCIA DEL COSSIO,2,1,0,0,1,0,0,,Calle,,ROSARIO,Rosario,Asfalto,No existe,II,Dentro,Urbana,Ninguna,No existe,Recta,Bueno,Buena,Nocturna,Buen Tiempo,Lateral,S/D,Colisión,S/D,Horizontal,Ninguna,Sin restricción,POINT (-60.7466108 -32.9195093),"['La República', 'García del Cossio']",2,La República; García del Cossio,-32.9195093,-60.7466108,55.0,538.0,Municipio Rosario,Municipio,Rosario,820210,Servicio de Catastro e Información Territorial,IGN
2012,1611,2012-02-17,Viernes,0.0,10:00:00,,0.0,2,"Moto/Ciclomotor,Automóvil",AV. PCIAS. UNIDAS Y VELEZ SARSFIELD,2,1,0,0,1,0,0,,Avenida,,ROSARIO,Rosario,Asfalto,No existe,II,S/D,Urbana,Ninguna,No existe,Recta,Bueno,Buena,Diurna,Buen Tiempo,Lateral,S/D,Colisión,S/D,Horizontal,Barrera de hormigón,Sin restricción,POINT (-60.7132322 -32.92604335),"['Avenida Provincias Unidas', 'Vélez Sarsfield']",2,Avenida Provincias Unidas; Vélez Sarsfield,-32.92604335,-60.7132322,55.0,538.0,Municipio Rosario,Municipio,Rosario,820210,Servicio de Catastro e Información Territorial,IGN
2012,1625,2012-02-06,Lunes,0.0,06:50:00,,0.0,2,"Moto/Ciclomotor,Automóvil",AV. SAN MARTIN Y STA. ROSA,2,1,0,0,1,0,0,,Calle,,ROSARIO,Rosario,Asfalto,Natural,II,Dentro,Urbana,Semáforo,Funciona,Recta,Deteriorada,Buena,Diurna,Buen Tiempo,Lateral,S/D,Colisión,S/D,Vertical,Ninguna,S/D,POINT (-60.6523528 -33.01702590000001),"['San Martin', 'José María Rosa']",2,José de San Martín; Colectora José María Rosa,-33.01702590000001,-60.6523528,55.0,538.0,Municipio Rosario,Municipio,Rosario,820210,Servicio de Catastro e Información Territorial,IGN