anio_acci,nro_acci,fecha,desc_dia,fecha_aprox,hora_aprox,desc_ruta,km,cant_participantes,desc_participante,calle_avenida_km,total,heridos_leves,heridos_graves,heridos_gravisimos,ilesos,fallecidos,sin_datos,posicion_XY,desc_tipo_via,desc_ruta_ori,desc_loc,desc_dpto,desc_tipo_calzada,desc_tipo_banquina,desc_unidad_regional,desc_lugar_calzada,desc_zona,desc_prioridad,desc_estado_semaforo,desc_lugar_via,desc_estado_via,desc_estado_visibilidad,desc_luminosidad,desc_estado_clima,desc_tipo_colision,desc_tipo_atropello,desc_tipo_hecho,desc_pres_calzada,desc_senializacion,desc_separacion_via,desc_restriccion,forma_geocod,calle_lista,numero_calles,calles_osm,lat,lon,index_right,gid,fna,gna,nam,in1,fdc,sag
2012,1795,2012-01-26,Jueves,0.0,20:30:00,,0.0,2,"Moto/Ciclomotor,Automóvil",SAN MARTIN Y PTE. QUINTANA,1,1,0,0,0,0,0,,Calle,,ROSARIO,Rosario,Asfalto,No existe,II,Dentro,Urbana,Ninguna,S/D,Intersección,S/D,Buena,Nocturna,S/D,Lateral,S/D,Colisión,S/D,S/D,Ninguna,Sin restricción,POINT (-60.6450385 -32.982916249999995),"['San Martin', 'Quintana']",2,"('José de San Martín', 'Presidente Quintana')",-32.982916249999995,-60.6450385,55.0,538.0,Municipio Rosario,Municipio,Rosario,820210,Servicio de Catastro e Información Territorial,IGN
2012,1798,2012-02-03,Viernes,0.0,15:00:00,,0.0,1,Moto/Ciclomotor,SANTIAGO Y BIEDMA,1,1,0,0,0,0,0,,Calle,,ROSARIO,Rosario,Asfalto,No existe,II,Dentro,Urbana,Ninguna,S/D,Intersección,S/D,S/D,Diurna,S/D,Lateral,S/D,Colisión,S/D,S/D,Ninguna,Sin restricción,POINT (-60.664781299999994 -32.97819239999999),"['Santiago', 'Coronel Biedma']",2,Santiago; Coronel Biedma,-32.97819239999999,-60.6647813,55.0,538.0,Municipio Rosario,Municipio,Rosario,820210,Servicio de Catastro e Información Territorial,IGN
2012,1800,2012-02-03,Viernes,0.0,00:00:00,,0.0,1,Moto/Ciclomotor,AMENABAR Y SANTIAGO,1,1,0,0,0,0,0,,Calle,,ROSARIO,Rosario,Asfalto,No existe,II,Dentro,Urbana,Ninguna,S/D,Intersección,S/D,S/D,S/D,S/D,Lateral,S/D,Colisión,S/D,S/D,"Ninguna,S/D",Sin restricción,POINT (-60.6624407 -32.9689955),"['Amenabar', 'Santiago']",2,José de Amenábar; Santiago,-32.9689955,-60.6624407,55.0,538.0,Municipio Rosario,Municipio,Rosario,820210,Servicio de Catastro e Información Territorial,IGN
2012,1803,2012-02-03,Viernes,0.0,14:00:00,,0.0,1,Moto/Ciclomotor,AV. SAN MARTIN,1,1,0,0,0,0,0,,Avenida,,ROSARIO,Rosario,Asfalto,No existe,II,Dentro,Urbana,Ninguna,S/D,Intersección,S/D,S/D,Diurna,S/D,Lateral,S/D,Colisión,S/D,S/D,Ninguna,Sin restricción,"-32.9764777, -60.6372639",['San Martin'],1,San Martin,-32.9764777,-60.6372639,55.0,538.0,Municipio Rosario,Municipio,Rosario,820210,Servicio de Catastro e Información Territorial,IGN
2012,1807,2012-02-05,Domingo,0.0,03:10:00,,0.0,1,Moto/Ciclomotor,SAN MARTIN Y GARIBALDI,1,1,0,0,0,0,0,,Calle,,ROSARIO,Rosario,Asfalto,No existe,II,Dentro,Urbana,Ninguna,S/D,Intersección,S/D,S/D,Nocturna,S/D,Lateral,S/D,Colisión,S/D,S/D,Ninguna,Sin restricción,POINT (-60.645777800000005 -32.986383249999996),"['San Martin', 'José Garibaldi']",2,José de San Martín; José Garibaldi,-32.98638325,-60.645777800000005,55.0,538.0,Municipio Rosario,Municipio,Rosario,820210,Servicio de Catastro e Información Territorial,IGN
2012,1808,2012-02-06,Lunes,0.0,19:30:00,,0.0,1,Bicicleta,SARMIENTO Y 24 DE SEPTIEMBRE,1,1,0,0,0,0,0,,Calle,,ROSARIO,Rosario,Asfalto,No existe,II,Dentro,Urbana,Ninguna,S/D,Intersección,Bueno,S/D,Atardecer,S/D,Lateral,S/D,Colisión,S/D,S/D,Ninguna,Sin restricción,POINT (-60.6466689 -32.9802135),"['Sarmiento', '24 de Septiembre']",2,Sarmiento; 24 de Septiembre,-32.9802135,-60.6466689,55.0,538.0,Municipio Rosario,Municipio,Rosario,820210,Servicio de Catastro e Información Territorial,IGN
2012,1809,2012-02-07,Martes,0.0,10:50:00,,0.0,1,Automóvil,AV. SAN MARTIN Y DR. RIVA,1,1,0,0,0,0,0,,Calle,,ROSARIO,Rosario,Asfalto,No existe,II,Dentro,Urbana,Ninguna,S/D,Intersección,S/D,S/D,Diurna,S/D,Lateral,S/D,Colisión,S/D,S/D,Ninguna,Sin restricción,POINT (-60.645282200000004 -32.984076599999995),"['San Martin', 'Doctor Francisco Riva']",2,José de San Martín; Doctor Francisco Riva,-32.984076599999995,-60.6452822,55.0,538.0,Municipio Rosario,Municipio,Rosario,820210,Servicio de Catastro e Información Territorial,IGN
2012,1811,2012-02-08,Miercoles,0.0,15:00:00,,0.0,1,Moto/Ciclomotor,SARMIENTO Y 24 DE SEPTIEMBRE,1,1,0,0,0,0,0,,Calle,,ROSARIO,Rosario,Asfalto,No existe,II,Dentro,Urbana,Ninguna,S/D,Intersección,S/D,S/D,Diurna,S/D,Lateral,S/D,Colisión,S/D,S/D,Ninguna,Sin restricción,POINT (-60.6466689 -32.9802135),"['Sarmiento', '24 de Septiembre']",2,Sarmiento; 24 de Septiembre,-32.9802135,-60.6466689,55.0,538.0,Municipio Rosario,Municipio,Rosario,820210,Servicio de Catastro e Información Territorial,IGN
2012,1814,2012-02-08,Miercoles,0.0,10:30:00,,0.0,1,Moto/Ciclomotor,RIVADAVIA Y ALVEAR,1,1,0,0,0,0,0,,Calle,,ROSARIO,Rosario,Asfalto,No existe,II,Dentro,Urbana,Ninguna,S/D,Intersección,S/D,S/D,Diurna,S/D,Lateral,S/D,Colisión,S/D,S/D,Ninguna,Sin restricción,POINT (-60.651756600000006 -32.93184980000001),"['Rivadavia', 'Alvear']",2,"('Avenida Bernardino Rivadavia', 'Alvear')",-32.93184980000001,-60.651756600000006,55.0,538.0,Municipio Rosario,Municipio,Rosario,820210,Servicio de Catastro e Información Territorial,IGN
2012,1816,2012-02-10,Viernes,0.0,09:10:00,,0.0,1,Automóvil,URUGUAY Y MITRE,1,1,0,0,0,0,0,,S/D,,ROSARIO,Rosario,S/D,No existe,II,S/D,S/D,Ninguna,S/D,Intersección,S/D,S/D,Diurna,S/D,Lateral,S/D,Colisión,S/D,S/D,Ninguna,Sin restricción,POINT (-60.64715669999999 -32.97657820000001),"['Uruguay', 'Mitre']",2,Uruguay; Bartolomé Mitre,-32.97657820000001,-60.64715669999999,55.0,538.0,Municipio Rosario,Municipio,Rosario,820210,Servicio de Catastro e Información Territorial,IGN
2012,1838,2012-02-10,Viernes,0.0,21:00:00,,0.0,1,Moto/Ciclomotor,PTE. ROCA Y MR. ROSS,1,1,0,0,0,0,0,,S/D,,ROSARIO,Rosario,Asfalto,No existe,II,S/D,S/D,Ninguna,S/D,Intersección,S/D,S/D,Nocturna,S/D,Lateral,S/D,Colisión,S/D,S/D,Ninguna,Sin restricción,POINT (-60.6556614 -32.98702569999999),"['Roca', 'Rodrigo M. Ross']",2,Presidente Roca; Rodrigo M. Ross,-32.98702569999999,-60.6556614,55.0,538.0,Municipio Rosario,Municipio,Rosario,820210,Servicio de Catastro e Información Territorial,IGN
2012,1839,2012-02-10,Viernes,0.0,09:40:00,,0.0,1,Moto/Ciclomotor,ALVEAR Y PTE. QUINTANA,1,1,0,0,0,0,0,,Calle,,ROSARIO,Rosario,Asfalto,No existe,II,Dentro,Urbana,Ninguna,S/D,Intersección,S/D,S/D,Diurna,S/D,Lateral,S/D,Colisión,S/D,S/D,Ninguna,Sin restricción,POINT (-60.6637239 -32.9795759),"['Alvear', 'Quintana']",2,"('Alvear', 'Presidente Quintana')",-32.9795759,-60.6637239,55.0,538.0,Municipio Rosario,Municipio,Rosario,820210,Servicio de Catastro e Información Territorial,IGN
2012,1840,2012-02-11,Sabado,0.0,18:30:00,,0.0,1,Bicicleta,MORENO Y RUEDA,1,1,0,0,0,0,0,,Calle,,ROSARIO,Rosario,Asfalto,No existe,II,Dentro,Urbana,Ninguna,S/D,Intersección,S/D,S/D,Atardecer,S/D,Otro,S/D,Atropello,S/D,S/D,Ninguna,S/D,POINT (-60.656798 -32.9688543),"['Moreno', 'Rueda']",2,Mariano Moreno; Rueda,-32.9688543,-60.656798,55.0,538.0,Municipio Rosario,Municipio,Rosario,820210,Servicio de Catastro e Información Territorial,IGN
2012,1841,2012-02-13,Lunes,0.0,13:30:00,,0.0,1,Moto/Ciclomotor,BV. SEGUI Y ENTRE RIOS,1,1,0,0,0,0,0,,Avenida,,ROSARIO,Rosario,Asfalto,No existe,II,Dentro,Urbana,Ninguna,S/D,Intersección,S/D,S/D,Diurna,S/D,Lateral,S/D,Colisión,S/D,S/D,Ninguna,Sin restricción,POINT (-60.6491681 -32.97857979999999),"['Bulevar Juan Francisco Seguí', 'Entre Ríos']",2,Bulevar Juan Francisco Seguí; Entre Ríos,-32.97857979999999,-60.6491681,55.0,538.0,Municipio Rosario,Municipio,Rosario,820210,Servicio de Catastro e Información Territorial,IGN
2012,1842,2012-02-13,Lunes,0.0,19:00:00,,0.0,1,Moto/Ciclomotor,DORREGO Y PJE. LORD KELVIN,1,1,0,0,0,0,0,,Calle,,ROSARIO,Rosario,Asfalto,No existe,II,Dentro,Urbana,Ninguna,S/D,Intersección,S/D,S/D,Atardecer,S/D,Lateral,S/D,Colisión,S/D,S/D,Ninguna,Sin restricción,POINT (-60.65644439999999 -32.97311529999999),"['Dorrego', 'Pasaje Lord Kelvin']",2,Manuel Dorrego; Pasaje Lord Kelvin,-32.97311529999999,-60.65644439999999,55.0,538.0,Municipio Rosario,Municipio,Rosario,820210,Servicio de Catastro e Información Territorial,IGN
2012,1843,2012-02-13,Lunes,0.0,11:30:00,,0.0,1,Bicicleta,BALCARCE Y BV. SEGUI,1,1,0,0,0,0,0,,Avenida,,ROSARIO,Rosario,Asfalto,No existe,II,Dentro,Urbana,Ninguna,S/D,Intersección,S/D,S/D,Diurna,S/D,S/D,S/D,Atropello,S/D,S/D,Ninguna,Sin restricción,POINT (-60.66015055 -32.97661384999999),"['Balcarce', 'Bulevar Juan Francisco Seguí']",2,Balcarce; Bulevar Juan Francisco Seguí,-32.97661384999999,-60.66015055,55.0,538.0,Municipio Rosario,Municipio,Rosario,820210,Servicio de Catastro e Información Territorial,IGN
2012,1844,2012-02-14,Martes,0.0,11:10:00,,0.0,1,Moto/Ciclomotor,ENTRE RIOS Y JUAN CANALS,1,1,0,0,0,0,0,,Calle,,ROSARIO,Rosario,Asfalto,No existe,II,Dentro,Urbana,Ninguna,S/D,Intersección,S/D,S/D,Diurna,S/D,Lateral,S/D,Colisión,S/D,S/D,Ninguna,Sin restricción,POINT (-60.651768 -32.988912099999986),"['Entre Ríos', 'Juan Canals']",2,Entre Ríos; Juan Canals,-32.988912099999986,-60.651768,55.0,538.0,Municipio Rosario,Municipio,Rosario,820210,Servicio de Catastro e Información Territorial,IGN
2012,1845,2012-02-14,Martes,0.0,15:30:00,,0.0,1,Moto/Ciclomotor,GARAY Y CORRIENTES,1,1,0,0,0,0,0,,Calle,,ROSARIO,Rosario,Asfalto,No existe,II,Dentro,Urbana,Ninguna,S/D,Intersección,S/D,S/D,Atardecer,S/D,Lateral,S/D,Colisión,S/D,S/D,Ninguna,Sin restricción,POINT (-60.6494391 -32.97375759999999),"['Garay', 'Corrientes']",2,Juan de Garay; Corrientes,-32.97375759999999,-60.6494391,55.0,538.0,Municipio Rosario,Municipio,Rosario,820210,Servicio de Catastro e Información Territorial,IGN
2012,1846,2012-02-14,Martes,0.0,16:50:00,,0.0,1,Peatón,PTE. ROCA Y URUGUAY,1,1,0,0,0,0,0,,Calle,,ROSARIO,Rosario,Asfalto,No existe,II,Dentro,Urbana,Ninguna,S/D,Recta,S/D,S/D,Diurna,S/D,Otro,S/D,Atropello,S/D,S/D,Ninguna,Sin restricción,POINT (-60.652762599999996 -32.97556659999999),"['Roca', 'Uruguay']",2,Presidente Roca; Uruguay,-32.97556659999999,-60.6527626,55.0,538.0,Municipio Rosario,Municipio,Rosario,820210,Servicio de Catastro e Información Territorial,IGN
2012,1848,2012-02-15,Miercoles,0.0,19:35:00,,0.0,1,Moto/Ciclomotor,ESPAÑA Y SAAVEDRA,1,1,0,0,0,0,0,,Calle,,ROSARIO,Rosario,Asfalto,No existe,II,Dentro,Urbana,Ninguna,S/D,Intersección,S/D,S/D,Atardecer,S/D,Lateral,S/D,Colisión,S/D,S/D,Ninguna,Sin restricción,POINT (-60.65441920000001 -32.9764598),"['España', 'Saavedra']",2,España; Saavedra,-32.9764598,-60.65441920000001,55.0,538.0,Municipio Rosario,Municipio,Rosario,820210,Servicio de Catastro e Información Territorial,IGN
2012,1849,2012-02-16,Jueves,0.0,14:00:00,,0.0,1,Moto/Ciclomotor,PTE. QUINTANA Y MITRE,2,1,0,0,0,0,1,,Calle,,ROSARIO,Rosario,Asfalto,No existe,II,Dentro,Urbana,Ninguna,S/D,Intersección,S/D,S/D,Diurna,S/D,Lateral,S/D,Colisión,S/D,S/D,Ninguna,Sin restricción,POINT (-60.648628699999996 -32.9822769),"['Quintana', 'Mitre']",2,"('Presidente Quintana', 'Bartolomé Mitre')",-32.9822769,-60.6486287,55.0,538.0,Municipio Rosario,Municipio,Rosario,820210,Servicio de Catastro e Información Territorial,IGN
2012,1850,2012-02-17,Viernes,0.0,23:30:00,,0.0,1,Moto/Ciclomotor,AV. SAN MARTIN Y BV. SEGUI,1,1,0,0,0,0,0,,Avenida,,ROSARIO,Rosario,Asfalto,No existe,II,Dentro,Urbana,Ninguna,S/D,Intersección,S/D,S/D,Nocturna,S/D,Lateral,S/D,Colisión,S/D,S/D,Ninguna,S/D,POINT (-60.644363766666665 -32.97948086666666),"['San Martin', 'Bulevar Juan Francisco Seguí']",2,José de San Martín; Bulevar Juan Francisco Seguí,-32.97948086666666,-60.644363766666665,55.0,538.0,Municipio Rosario,Municipio,Rosario,820210,Servicio de Catastro e Información Territorial,IGN
2012,1851,2012-02-18,Sabado,0.0,11:10:00,,0.0,1,Moto/Ciclomotor,ENTRE RIOS Y MR. ROSS,1,1,0,0,0,0,0,,Calle,,ROSARIO,Rosario,Asfalto,No existe,II,Dentro,Urbana,Ninguna,S/D,Intersección,S/D,S/D,Diurna,S/D,Lateral,S/D,Colisión,S/D,S/D,Ninguna,Sin restricción,POINT (-60.6514768 -32.98776199999999),"['Entre Ríos', 'Rodrigo M. Ross']",2,Entre Ríos; Rodrigo M. Ross,-32.98776199999999,-60.6514768,55.0,538.0,Municipio Rosario,Municipio,Rosario,820210,Servicio de Catastro e Información Territorial,IGN
2012,1852,2012-02-18,Sabado,0.0,19:30:00,,0.0,1,Automóvil,URIBURU Y ENTRE RIOS,2,1,0,0,0,0,1,,Avenida,,ROSARIO,Rosario,Asfalto,No existe,II,Dentro,Urbana,Ninguna,S/D,Intersección,S/D,S/D,Atardecer,S/D,Lateral,S/D,Colisión,S/D,S/D,Ninguna,Sin restricción,POINT (-60.652262449999995 -32.99087005),"['Uriburu', 'Entre Ríos']",2,Avenida José Uriburu; Entre Ríos,-32.99087005,-60.65226245,55.0,538.0,Municipio Rosario,Municipio,Rosario,820210,Servicio de Catastro e Información Territorial,IGN
2012,1853,2012-02-19,Domingo,0.0,06:30:00,,0.0,1,Moto/Ciclomotor,AV. OROÑO Y BV. SEGUI,1,1,0,0,0,0,0,,Avenida,,ROSARIO,Rosario,Asfalto,No existe,II,Dentro,Urbana,Ninguna,S/D,Intersección,S/D,S/D,Amanecer,S/D,Lateral,S/D,Colisión,S/D,S/D,Ninguna,Sin restricción,POINT (-60.661523700000004 -32.976367025),"['Bulevar Nicasio Oroño', 'Bulevar Juan Francisco Seguí']",2,Bulevar Nicasio Oroño; Bulevar Juan Francisco Seguí,-32.976367025,-60.6615237,55.0,538.0,Municipio Rosario,Municipio,Rosario,820210,Servicio de Catastro e Información Territorial,IGN
2012,1854,2012-02-22,Miercoles,0.0,19:30:00,,0.0,1,Moto/Ciclomotor,AV. URIBURU Y CALLAO,1,1,0,0,0,0,0,,Avenida,,ROSARIO,Rosario,Asfalto,No existe,II,Dentro,Urbana,Ninguna,S/D,Intersección,S/D,S/D,Atardecer,S/D,Lateral,S/D,Colisión,S/D,S/D,Ninguna,Sin restricción,POINT (-60.67243500000001 -32.99150195),"['Uriburu', 'Callao']",2,Avenida José Uriburu; Callao,-32.99150195,-60.67243500000001,55.0,538.0,Municipio Rosario,Municipio,Rosario,820210,Servicio de Catastro e Información Territorial,IGN
2012,1855,2012-02-23,Jueves,0.0,14:30:00,,0.0,1,Moto/Ciclomotor,SAAAVEDRA Y PTE. ROCA,1,1,0,0,0,0,0,,Calle,,ROSARIO,Rosario,Asfalto,No existe,II,Dentro,Urbana,Ninguna,S/D,Intersección,S/D,S/D,Diurna,S/D,Lateral,S/D,Colisión,S/D,S/D,Ninguna,Sin restricción,POINT (-60.6530503 -32.9767046),"['Saavedra', 'Roca']",2,Saavedra; Presidente Roca,-32.9767046,-60.6530503,55.0,538.0,Municipio Rosario,Municipio,Rosario,820210,Servicio de Catastro e Información Territorial,IGN
2012,1856,2012-02-23,Jueves,0.0,00:00:00,,0.0,1,Moto/Ciclomotor,CORRIENTES Y VIAMONTE,1,1,0,0,0,0,0,,Calle,,ROSARIO,Rosario,Asfalto,No existe,II,Dentro,Urbana,Ninguna,S/D,Intersección,S/D,S/D,S/D,S/D,Lateral,S/D,Colisión,S/D,S/D,Ninguna,Sin restricción,POINT (-60.6471065 -32.96460619999999),"['Corrientes', 'Viamonte']",2,Corrientes; Viamonte,-32.96460619999999,-60.6471065,55.0,538.0,Municipio Rosario,Municipio,Rosario,820210,Servicio de Catastro e Información Territorial,IGN
2012,1857,2012-02-24,Viernes,0.0,09:30:00,,0.0,1,Taxi/Remis,AV. SAN MARTIN Y DR. RIVAS,2,1,0,0,0,0,1,,Avenida,,ROSARIO,Rosario,Asfalto,No existe,II,Dentro,Urbana,Ninguna,S/D,Intersección,S/D,S/D,S/D,S/D,Lateral,S/D,Colisión,S/D,S/D,Ninguna,Sin restricción,POINT (-60.645282200000004 -32.984076599999995),"['San Martin', 'Doctor Francisco Riva']",2,José de San Martín; Doctor Francisco Riva,-32.984076599999995,-60.6452822,55.0,538.0,Municipio Rosario,Municipio,Rosario,820210,Servicio de Catastro e Información Territorial,IGN
2012,1858,2012-02-24,Viernes,0.0,13:45:00,,0.0,1,Moto/Ciclomotor,BV. SEGUI 1300,1,1,0,0,0,0,0,,Avenida,,ROSARIO,Rosario,Asfalto,No existe,II,Dentro,Urbana,Ninguna,S/D,Intersección,S/D,S/D,Diurna,S/D,Lateral,S/D,Colisión,S/D,S/D,Ninguna,Sin restricción,"-32.9784439, -60.6489241",['Bulevar Juan Francisco Seguí 1300'],1,Bulevar Juan Francisco Seguí 1300,-32.9784439,-60.6489241,55.0,538.0,Municipio Rosario,Municipio,Rosario,820210,Servicio de Catastro e Información Territorial,IGN
2012,1859,2012-02-24,Viernes,0.0,20:00:00,,0.0,1,Moto/Ciclomotor,AV. URIBURU E ITALIA,1,1,0,0,0,0,0,,Avenida,,ROSARIO,Rosario,Asfalto,No existe,II,Dentro,Urbana,Ninguna,S/D,Intersección,S/D,S/D,Atardecer,S/D,Lateral,S/D,Colisión,S/D,S/D,Ninguna,Sin restricción,POINT (-60.65950819999999 -32.99109555),"['Uriburu', 'Italia']",2,Avenida José Uriburu; Italia,-32.99109555,-60.65950819999999,55.0,538.0,Municipio Rosario,Municipio,Rosario,820210,Servicio de Catastro e Información Territorial,IGN
2012,1860,2012-02-25,Sabado,0.0,06:00:00,,0.0,1,Automóvil,REGIMIENTO 11 Y SAN MARTIN,1,1,0,0,0,0,0,,Avenida,,ROSARIO,Rosario,Asfalto,No existe,II,Dentro,Urbana,Ninguna,S/D,Intersección,S/D,S/D,Amanecer,S/D,Lateral,S/D,Colisión,S/D,S/D,Ninguna,Sin restricción,POINT (-60.64845245 -32.99880900000001),"['Regimiento 11', 'San Martin']",2,Regimiento 11; José de San Martín,-32.99880900000001,-60.64845245,55.0,538.0,Municipio Rosario,Municipio,Rosario,820210,Servicio de Catastro e Información Territorial,IGN
2012,1861,2012-02-27,Lunes,0.0,13:30:00,,0.0,1,Moto/Ciclomotor,AV. SAN MARTIN Y PTE. QUINTANA,1,1,0,0,0,0,0,,Avenida,,ROSARIO,Rosario,Asfalto,No existe,II,Dentro,Urbana,Ninguna,S/D,Intersección,S/D,S/D,Diurna,S/D,Lateral,S/D,Colisión,S/D,S/D,Ninguna,Sin restricción,POINT (-60.6450385 -32.982916249999995),"['San Martin', 'Quintana']",2,"('José de San Martín', 'Presidente Quintana')",-32.982916249999995,-60.6450385,55.0,538.0,Municipio Rosario,Municipio,Rosario,820210,Servicio de Catastro e Información Territorial,IGN
2012,1862,2012-02-01,Miercoles,0.0,09:15:00,,0.0,1,Peatón,BV. SEGUI Y ESPAÑA,1,1,0,0,0,0,0,,Avenida,,ROSARIO,Rosario,Asfalto,No existe,II,Dentro,Urbana,Ninguna,S/D,Intersección,S/D,S/D,Diurna,S/D,Otro,S/D,Atropello,S/D,S/D,Ninguna,Sin restricción,POINT (-60.65470295 -32.977582),"['Bulevar Juan Francisco Seguí', 'España']",2,Bulevar Juan Francisco Seguí; España,-32.977582,-60.65470295,55.0,538.0,Municipio Rosario,Municipio,Rosario,820210,Servicio de Catastro e Información Territorial,IGN
2012,1864,2012-02-04,Sabado,0.0,09:00:00,,0.0,2,"Moto/Ciclomotor,Automóvil",AV. CASIANO CASAS Y CALLE 1345,2,1,0,0,1,0,0,,Avenida,,ROSARIO,Rosario,Asfalto,S/D,II,S/D,Urbana,S/D,S/D,Intersección,Bueno,S/D,S/D,Buen Tiempo,S/D,S/D,Colisión,S/D,Horizontal,S/D,S/D,POINT (-60.715574800000006 -32.895287499999995),"['Avenida Casiano Casas', 'Graciela Lo Tufo']",2,Avenida Casiano Casas; Graciela Lo Tufo,-32.895287499999995,-60.715574800000006,55.0,538.0,Municipio Rosario,Municipio,Rosario,820210,Servicio de Catastro e Información Territorial,IGN
2012,1865,2012-02-07,Martes,0.0,20:30:00,,0.0,2,"Moto/Ciclomotor,Automóvil",AV. CASIANO CASAS Y SUPERI,3,1,1,0,0,0,1,,Avenida,,ROSARIO,Rosario,Asfalto,S/D,II,S/D,Urbana,S/D,S/D,Intersección,Bueno,S/D,S/D,Buen Tiempo,Múltiple,S/D,Colisión,S/D,Horizontal,S/D,S/D,POINT (-60.7146469 -32.89693319999999),"['Avenida Casiano Casas', 'Superi']",2,Avenida Casiano Casas; Comandante José Superí,-32.89693319999999,-60.7146469,55.0,538.0,Municipio Rosario,Municipio,Rosario,820210,Servicio de Catastro e Información Territorial,IGN
2012,1867,2012-02-12,Domingo,0.0,17:00:00,,0.0,2,"Moto/Ciclomotor,Automóvil",LARRECHEA Y AVALOS,2,1,0,0,1,0,0,,Calle,,ROSARIO,Rosario,Hormigón,No existe,II,S/D,Urbana,S/D,No existe,Intersección,Bueno,S/D,S/D,S/D,S/D,S/D,S/D,S/D,S/D,S/D,S/D,POINT (-60.7077438 -32.8984831),"['Larrechea', 'Ávalos']",2,Larrechea; Ávalos,-32.8984831,-60.7077438,55.0,538.0,Municipio Rosario,Municipio,Rosario,820210,Servicio de Catastro e Información Territorial,IGN
2012,1869,2012-02-18,Sabado,0.0,18:30:00,,0.0,2,"Moto/Ciclomotor,Automóvil",MOLINA Y SUPERI,2,1,0,0,0,0,1,,Calle,,ROSARIO,Rosario,Asfalto,S/D,II,S/D,Urbana,S/D,S/D,Intersección,Bueno,S/D,Diurna,S/D,S/D,S/D,S/D,S/D,Vertical,S/D,S/D,POINT (-60.704566500000006 -32.8965788),"['Molina', 'Superi']",2,Molina; Comandante José Superí,-32.8965788,-60.704566500000006,55.0,538.0,Municipio Rosario,Municipio,Rosario,820210,Servicio de Catastro e Información Territorial,IGN
2012,1870,2012-02-20,Lunes,0.0,00:00:00,,0.0,2,"Bicicleta,Automóvil",GHIRALDO 1990,2,1,0,0,1,0,0,,Calle,,ROSARIO,Rosario,Hormigón,S/D,II,S/D,Urbana,S/D,S/D,Recta,Bueno,S/D,S/D,S/D,Otro,S/D,Atropello,S/D,Horizontal,S/D,S/D,"-32.89992844489796, -60.70877245306123",['Ghiraldo 1990'],1,Ghiraldo 1990,-32.89992844489796,-60.70877245306123,55.0,538.0,Municipio Rosario,Municipio,Rosario,820210,Servicio de Catastro e Información Territorial,IGN
2012,1875,2012-02-23,Jueves,0.0,00:00:00,,0.0,1,Moto/Ciclomotor,POLLEDO Y GALILEO,1,1,0,0,0,0,0,,S/D,,ROSARIO,Rosario,Asfalto,S/D,II,S/D,S/D,S/D,S/D,Intersección,S/D,S/D,S/D,S/D,S/D,S/D,S/D,S/D,S/D,S/D,S/D,POINT (-60.7204559 -32.8873247),"['Polledo', 'Galileo']",2,Polledo; Galileo,-32.8873247,-60.7204559,55.0,538.0,Municipio Rosario,Municipio,Rosario,820210,Servicio de Catastro e Información Territorial,IGN
2012,1877,2012-02-23,Jueves,0.0,11:20:00,,0.0,2,"Automóvil,Pickup/Utilitario",J. B. JUSTO  Y MENSAJERIA,2,1,0,0,1,0,0,,Calle,,ROSARIO,Rosario,Asfalto,S/D,II,S/D,Urbana,S/D,S/D,Intersección,Bueno,S/D,S/D,S/D,S/D,S/D,S/D,S/D,S/D,S/D,S/D,POINT (-60.768452800000006 -32.916422),"['Justo', 'Mensajerías']",2,Justo José de Urquiza; Mensajerías,-32.916422,-60.768452800000006,55.0,538.0,Municipio Rosario,Municipio,Rosario,820210,Servicio de Catastro e Información Territorial,IGN
2012,1920,2012-02-24,Viernes,0.0,15:30:00,,0.0,2,"Moto/Ciclomotor,Pickup/Utilitario",SANTIAGO Y JULIO MARC,2,1,0,0,1,0,0,,Calle,,ROSARIO,Rosario,Asfalto,No existe,II,Dentro,Urbana,Ninguna,No existe,Recta,Bueno,Buena,Diurna,Buen Tiempo,Lateral,S/D,Colisión,S/D,S/D,Ninguna,Sin restricción,POINT (-60.6681958 -32.99300399999999),"['Santiago', 'Julio Marc']",2,Santiago; Pasaje Julio Marc,-32.99300399999999,-60.6681958,55.0,538.0,Municipio Rosario,Municipio,Rosario,820210,Servicio de Catastro e Información Territorial,IGN
2012,1921,2012-02-23,Jueves,0.0,16:30:00,,0.0,2,"Camión,Automóvil",CALLAO Y MADRE CABRINI,2,1,0,0,1,0,0,,Calle,,ROSARIO,Rosario,Asfalto,No existe,II,Dentro,Urbana,Ninguna,No existe,Recta,Bueno,Buena,Diurna,Buen Tiempo,Frontal,S/D,Colisión,S/D,S/D,Ninguna,Sin restricción,POINT (-60.6712044 -33.0056883),"['Callao', 'Madre Cabrini']",2,Callao; Madre Cabrini,-33.0056883,-60.6712044,55.0,538.0,Municipio Rosario,Municipio,Rosario,820210,Servicio de Catastro e Información Territorial,IGN
2012,1923,2012-01-09,Lunes,0.0,10:00:00,,0.0,2,"Taxi/Remis,Pickup/Utilitario",SAN MARTIN Y ARIJON,2,1,0,0,0,0,1,,Calle,,ROSARIO,Rosario,Asfalto,S/D,II,Dentro,Urbana,Semáforo,Funciona,Intersección,Bueno,S/D,Diurna,S/D,Otro,S/D,Colisión,S/D,S/D,Cordón divisorio,Sin restricción,POINT (-60.649363550000004 -33.003052149999995),"['San Martin', 'Avenida Manuel Arijón']",2,José de San Martín; Avenida Manuel Arijón,-33.003052149999995,-60.64936355,55.0,538.0,Municipio Rosario,Municipio,Rosario,820210,Servicio de Catastro e Información Territorial,IGN