anio_acci,nro_acci,fecha,desc_dia,fecha_aprox,hora_aprox,desc_ruta,km,cant_participantes,desc_participante,calle_avenida_km,total,heridos_leves,heridos_graves,heridos_gravisimos,ilesos,fallecidos,sin_datos,posicion_XY,desc_tipo_via,desc_ruta_ori,desc_loc,desc_dpto,desc_tipo_calzada,desc_tipo_banquina,desc_unidad_regional,desc_lugar_calzada,desc_zona,desc_prioridad,desc_estado_semaforo,desc_lugar_via,desc_estado_via,desc_estado_visibilidad,desc_luminosidad,desc_estado_clima,desc_tipo_colision,desc_tipo_atropello,desc_tipo_hecho,desc_pres_calzada,desc_senializacion,desc_separacion_via,desc_restriccion,forma_geocod,calle_lista,numero_calles,calles_osm,lat,lon,index_right,gid,fna,gna,nam,in1,fdc,sag
2012,1925,2012-01-29,Domingo,0.0,19:00:00,,0.0,1,Automóvil,SAN MARTIN Y KANTUTA,6,2,0,0,0,0,4,,Calle,,ROSARIO,Rosario,Asfalto,S/D,II,Dentro,Urbana,S/D,S/D,Intersección,S/D,S/D,Atardecer,S/D,S/D,S/D,Colisión,S/D,S/D,S/D,Sin restricción,POINT (-60.6512752 -33.01204444999999),"['San Martin', 'Khantuta']",2,José de San Martín; Khantuta,-33.01204444999999,-60.6512752,55.0,538.0,Municipio Rosario,Municipio,Rosario,820210,Servicio de Catastro e Información Territorial,IGN
2012,1927,2012-01-13,Viernes,0.0,21:30:00,,0.0,2,"Moto/Ciclomotor,Automóvil",PJE. 503 Y PASO DE LOS ARROYOS,2,1,0,0,0,0,1,,Calle,,ROSARIO,Rosario,Asfalto,No existe,II,Dentro,Urbana,Ninguna,No existe,Intersección,Bueno,S/D,Nocturna,S/D,Lateral,S/D,Colisión,S/D,S/D,Ninguna,S/D,POINT (-60.649947 -33.0151872),"['Calle 503', 'Pago de los Arroyos']",2,Calle 503; Pago de los Arroyos,-33.0151872,-60.649947,55.0,538.0,Municipio Rosario,Municipio,Rosario,820210,Servicio de Catastro e Información Territorial,IGN
2012,1929,2012-01-30,Lunes,0.0,13:00:00,,0.0,2,"Peatón,Tracción animal / Carro",ALZUGARAY,2,1,0,0,0,0,1,,Calle,,ROSARIO,Rosario,S/D,S/D,II,Dentro,Urbana,S/D,S/D,Recta,S/D,S/D,S/D,S/D,Otro,S/D,Colisión,S/D,S/D,Ninguna,Sin restricción,"-33.0127718, -60.6407367",['Alzugaray'],1,Alzugaray,-33.0127718,-60.6407367,55.0,538.0,Municipio Rosario,Municipio,Rosario,820210,Servicio de Catastro e Información Territorial,IGN
2012,1931,2012-01-29,Domingo,0.0,00:00:00,,0.0,2,"Moto/Ciclomotor,Automóvil",LAPRIDA Y BATLE Y ORDOÑEZ,2,1,0,0,0,0,1,,Calle,,ROSARIO,Rosario,Asfalto,No existe,II,Dentro,Urbana,S/D,No existe,Intersección,S/D,S/D,S/D,S/D,S/D,S/D,Colisión,S/D,S/D,S/D,S/D,POINT (-60.64674879999999 -33.00887749999998),"['Laprida', 'Avenida Battle y Ordoñez']",2,Francisco Narciso Laprida; Avenida Battle y Ordoñez,-33.00887749999998,-60.64674879999999,55.0,538.0,Municipio Rosario,Municipio,Rosario,820210,Servicio de Catastro e Información Territorial,IGN
2012,1934,2012-02-08,Miercoles,0.0,10:45:00,,0.0,2,"Moto/Ciclomotor,Automóvil",AV. ARIJON Y ENTRE RIOS,3,2,0,0,0,0,1,,Calle,,ROSARIO,Rosario,Asfalto,S/D,II,Dentro,Urbana,Ninguna,S/D,Intersección,S/D,S/D,Diurna,S/D,S/D,S/D,Colisión,S/D,S/D,S/D,Sin restricción,POINT (-60.6517823 -33.00314459999999),"['Avenida Manuel Arijón', 'Entre Ríos']",2,Avenida Manuel Arijón; Entre Ríos,-33.00314459999999,-60.6517823,55.0,538.0,Municipio Rosario,Municipio,Rosario,820210,Servicio de Catastro e Información Territorial,IGN
2012,1936,2012-02-01,Miercoles,0.0,13:15:00,,0.0,2,"Bicicleta,Automóvil",AV. ARIJON,2,1,0,0,0,0,1,,Avenida,,ROSARIO,Rosario,Asfalto,No existe,II,Dentro,Urbana,S/D,S/D,Recta,S/D,S/D,S/D,S/D,Otro,S/D,Atropello,S/D,S/D,S/D,Sin restricción,"-33.0033024, -60.6572523",['Arijon'],1,Arijon,-33.0033024,-60.6572523,55.0,538.0,Municipio Rosario,Municipio,Rosario,820210,Servicio de Catastro e Información Territorial,IGN
2012,1937,2012-02-16,Jueves,0.0,13:00:00,,0.0,2,"Moto/Ciclomotor,Automóvil",PARAGUAY Y PIEDRAS,3,2,0,0,0,0,1,,Calle,,ROSARIO,Rosario,S/D,S/D,II,Dentro,Urbana,S/D,S/D,Intersección,S/D,S/D,Diurna,S/D,Lateral,S/D,Colisión,S/D,S/D,S/D,S/D,POINT (-60.65452870000001 -33.00714799999999),"['Paraguay', 'Piedras']",2,Paraguay; Piedras,-33.00714799999999,-60.65452870000001,55.0,538.0,Municipio Rosario,Municipio,Rosario,820210,Servicio de Catastro e Información Territorial,IGN
2012,1938,2012-02-19,Domingo,0.0,07:35:00,,0.0,2,"Moto/Ciclomotor,Transporte de Pasajeros Urbano (> 8 asientos)",LAPRIDA Y BATLE Y ORDOÑEZ,2,1,0,0,0,0,1,,Calle,,ROSARIO,Rosario,S/D,S/D,II,Dentro,Urbana,S/D,S/D,Intersección,S/D,S/D,Diurna,S/D,S/D,S/D,S/D,S/D,S/D,S/D,Sin restricción,POINT (-60.64674879999999 -33.00887749999998),"['Laprida', 'Avenida Battle y Ordoñez']",2,Francisco Narciso Laprida; Avenida Battle y Ordoñez,-33.00887749999998,-60.64674879999999,55.0,538.0,Municipio Rosario,Municipio,Rosario,820210,Servicio de Catastro e Información Territorial,IGN
2012,1939,2012-02-17,Viernes,0.0,00:00:00,,0.0,2,"Moto/Ciclomotor,Automóvil",AV. ARIJON Y SAN MARTIN,3,2,0,0,0,0,1,,Avenida,,ROSARIO,Rosario,Asfalto,S/D,II,Dentro,Urbana,S/D,S/D,Intersección,S/D,S/D,S/D,S/D,S/D,S/D,Colisión,S/D,S/D,Cordón divisorio,Sin restricción,POINT (-60.649363550000004 -33.003052149999995),"['Avenida Manuel Arijón', 'San Martin']",2,Avenida Manuel Arijón; José de San Martín,-33.003052149999995,-60.64936355,55.0,538.0,Municipio Rosario,Municipio,Rosario,820210,Servicio de Catastro e Información Territorial,IGN
2012,1941,2012-02-14,Martes,0.0,13:45:00,,0.0,2,"Moto/Ciclomotor,Automóvil",SADI CARNOT Y BATLE Y ORDOÑEZ,3,2,0,0,0,0,1,,Calle,,ROSARIO,Rosario,Asfalto,S/D,II,Dentro,Urbana,Ninguna,S/D,Intersección,S/D,S/D,Diurna,S/D,S/D,S/D,Colisión,S/D,S/D,S/D,Sin restricción,POINT (-60.648497000000006 -33.008926200000005),"['Sadi Carnot', 'Avenida Battle y Ordoñez']",2,Sadi Carnot; Avenida Battle y Ordoñez,-33.008926200000005,-60.648497000000006,55.0,538.0,Municipio Rosario,Municipio,Rosario,820210,Servicio de Catastro e Información Territorial,IGN
2012,1942,2012-02-15,Miercoles,0.0,12:20:00,,0.0,2,"Moto/Ciclomotor,Automóvil",BS. AS. Y ARRIETA,3,2,0,0,0,0,1,,Calle,,ROSARIO,Rosario,Asfalto,S/D,II,Dentro,Urbana,Ninguna,S/D,Intersección,S/D,S/D,Diurna,S/D,S/D,S/D,Colisión,S/D,S/D,S/D,Sin restricción,POINT (-60.64467140000001 -33.00934),"['Buenos Aires', 'Arrieta']",2,Buenos Aires; Arrieta,-33.00934,-60.64467140000001,55.0,538.0,Municipio Rosario,Municipio,Rosario,820210,Servicio de Catastro e Información Territorial,IGN
2012,1943,2012-02-06,Lunes,0.0,00:00:00,,0.0,2,"Bicicleta,Pickup/Utilitario",BERMUDEZ Y CABILDO,2,1,0,0,0,0,1,,Calle,,ROSARIO,Rosario,S/D,S/D,II,Dentro,Urbana,S/D,S/D,Recta,S/D,S/D,S/D,S/D,Otro,S/D,Atropello,S/D,S/D,S/D,Sin restricción,POINT (-60.642358 -33.00715879999999),"['Bermudez', 'Cabildo']",2,Avenida José Bermúdez; Cabildo,-33.00715879999999,-60.642358,55.0,538.0,Municipio Rosario,Municipio,Rosario,820210,Servicio de Catastro e Información Territorial,IGN
2012,1944,2012-02-11,Sabado,0.0,22:40:00,,0.0,1,Moto/Ciclomotor,AV. ARIJON Y BS. AS.,2,2,0,0,0,0,0,,Avenida,,ROSARIO,Rosario,Asfalto,S/D,II,Dentro,Urbana,S/D,S/D,Intersección,S/D,S/D,Nocturna,S/D,S/D,S/D,Colisión,S/D,S/D,S/D,Sin restricción,POINT (-60.6449328 -33.0029409),"['Avenida Manuel Arijón', 'Buenos Aires']",2,Avenida Manuel Arijón; Buenos Aires,-33.0029409,-60.6449328,55.0,538.0,Municipio Rosario,Municipio,Rosario,820210,Servicio de Catastro e Información Territorial,IGN
2012,1963,2012-02-02,Jueves,0.0,11:30:00,,0.0,2,"Automóvil,Pickup/Utilitario",AYOLAS Y 1&#186; DE MAYO,3,1,0,0,2,0,0,,Calle,,ROSARIO,Rosario,Asfalto,No existe,II,Dentro,Urbana,Marca Vial,No existe,Intersección,Bueno,Buena,Diurna,Buen Tiempo,Lateral,S/D,Colisión,Otro,Vertical,Ninguna,Sin restricción,POINT (-60.6373079 -32.9783266),"['Ayolas', 'Primero de Mayo']",2,Ayolas; Primero de Mayo,-32.9783266,-60.6373079,55.0,538.0,Municipio Rosario,Municipio,Rosario,820210,Servicio de Catastro e Información Territorial,IGN
2012,1966,2012-02-02,Jueves,0.0,18:15:00,,0.0,2,"Moto/Ciclomotor,Pickup/Utilitario",AYACUCHO Y GARIBALDI,3,2,0,0,1,0,0,,S/D,,ROSARIO,Rosario,Asfalto,No existe,II,S/D,S/D,Marca Vial,No existe,Intersección,Bueno,Buena,Diurna,Buen Tiempo,Lateral,S/D,Colisión,Otro,Vertical,Ninguna,Sin restricción,POINT (-60.6365408 -32.9880058),"['Ayacucho', 'José Garibaldi']",2,Ayacucho; José Garibaldi,-32.9880058,-60.6365408,55.0,538.0,Municipio Rosario,Municipio,Rosario,820210,Servicio de Catastro e Información Territorial,IGN
2012,1967,2012-02-01,Miercoles,0.0,05:00:00,,0.0,2,"Moto/Ciclomotor,Camión",LAPRIDA Y BV. SEGUI,2,1,0,0,1,0,0,,Calle,,ROSARIO,Rosario,Asfalto,No existe,II,Dentro,Urbana,Marca Vial,No existe,Intersección,Bueno,Buena,Amanecer,Buen Tiempo,Otro,S/D,Atropello,Otro,Vertical,Ninguna,Sin restricción,POINT (-60.64243230000001 -32.97979135),"['Laprida', 'Bulevar Juan Francisco Seguí']",2,Francisco Narciso Laprida; Bulevar Juan Francisco Seguí,-32.97979135,-60.64243230000001,55.0,538.0,Municipio Rosario,Municipio,Rosario,820210,Servicio de Catastro e Información Territorial,IGN
2012,1969,2012-02-06,Lunes,0.0,20:15:00,,0.0,2,"Bicicleta,Automóvil",AV. ARIJON Y SANTIAGO,2,1,0,0,1,0,0,,Avenida,,ROSARIO,Rosario,Asfalto,No existe,II,Dentro,Urbana,Ninguna,No existe,Intersección,Bueno,Buena,Nocturna,Buen Tiempo,Otro,S/D,Atropello,S/D,S/D,Ninguna,Sin restricción,POINT (-60.6676718 -33.0035862),"['Avenida Manuel Arijón', 'Santiago']",2,Avenida Manuel Arijón; Santiago,-33.0035862,-60.6676718,55.0,538.0,Municipio Rosario,Municipio,Rosario,820210,Servicio de Catastro e Información Territorial,IGN
2012,1971,2012-02-06,Lunes,0.0,10:45:00,,0.0,2,"Moto/Ciclomotor,Automóvil",CALLAO Y MADRE CABRINI,2,1,0,0,1,0,0,,Calle,,ROSARIO,Rosario,Asfalto,No existe,II,Dentro,Urbana,Ninguna,No existe,Intersección,Bueno,Buena,Diurna,Buen Tiempo,Lateral,S/D,Colisión,S/D,S/D,Ninguna,Sin restricción,POINT (-60.6712044 -33.0056883),"['Callao', 'Madre Cabrini']",2,Callao; Madre Cabrini,-33.0056883,-60.6712044,55.0,538.0,Municipio Rosario,Municipio,Rosario,820210,Servicio de Catastro e Información Territorial,IGN
2012,1972,2012-02-02,Jueves,0.0,11:30:00,,0.0,2,"Moto/Ciclomotor,Automóvil",BV. OROÑO Y BUSTAMANTE,3,2,0,0,1,0,0,,Avenida,,ROSARIO,Rosario,Asfalto,No existe,II,Dentro,Urbana,Semáforo,Funciona,Intersección,Bueno,Buena,Diurna,Buen Tiempo,Lateral,S/D,Colisión,S/D,"Horizontal,Vertical",Barrera de hormigón,Sin restricción,POINT (-60.66506820000001 -33.00250765),"['Bulevar Nicasio Oroño', 'Bustamante']",2,Bulevar Nicasio Oroño; Sánchez de Bustamante,-33.00250765,-60.66506820000001,55.0,538.0,Municipio Rosario,Municipio,Rosario,820210,Servicio de Catastro e Información Territorial,IGN
2012,1974,2012-02-07,Martes,0.0,12:45:00,,0.0,2,"Moto/Ciclomotor,Automóvil",OMBU Y RODRIGUEZ,3,2,0,0,1,0,0,,Calle,,ROSARIO,Rosario,Asfalto,No existe,II,Dentro,Urbana,Ninguna,No existe,Intersección,Bueno,Buena,Diurna,Buen Tiempo,Lateral,S/D,Colisión,S/D,S/D,Ninguna,Sin restricción,POINT (-60.670045 -33.00662989999999),"['Ombú', 'Rodríguez']",2,Ombú; Rodríguez de Escobedo,-33.00662989999999,-60.670045,55.0,538.0,Municipio Rosario,Municipio,Rosario,820210,Servicio de Catastro e Información Territorial,IGN
2012,1977,2012-02-08,Miercoles,0.0,18:45:00,,0.0,2,"Automóvil,Automóvil",AV. ARIJON E ITALIA,2,1,0,0,1,0,0,,Calle,,ROSARIO,Rosario,Asfalto,No existe,II,Dentro,Urbana,Ninguna,No existe,Recta,Bueno,Buena,Diurna,Buen Tiempo,Lateral,S/D,Colisión,S/D,S/D,Ninguna,Sin restricción,POINT (-60.65911609999999 -33.00336659999999),"['Avenida Manuel Arijón', 'Italia']",2,Avenida Manuel Arijón; Italia,-33.00336659999999,-60.65911609999999,55.0,538.0,Municipio Rosario,Municipio,Rosario,820210,Servicio de Catastro e Información Territorial,IGN
2012,1978,2012-02-08,Miercoles,0.0,18:30:00,,0.0,2,"Moto/Ciclomotor,Automóvil",DORREGO Y PJE. PATRIA,3,2,0,0,1,0,0,,Calle,,ROSARIO,Rosario,Asfalto,No existe,II,Dentro,Urbana,Ninguna,No existe,Recta,Bueno,Buena,Diurna,Buen Tiempo,Lateral,S/D,Colisión,S/D,S/D,Ninguna,Sin restricción,POINT (-60.66063510000001 -32.9998119),"['Dorrego', 'Patria']",2,Manuel Dorrego; Patria,-32.9998119,-60.66063510000001,55.0,538.0,Municipio Rosario,Municipio,Rosario,820210,Servicio de Catastro e Información Territorial,IGN
2012,1979,2012-02-13,Lunes,0.0,01:45:00,,0.0,2,"Moto/Ciclomotor,Pickup/Utilitario",ALVEAR Y AV. ROSARIO,2,1,0,0,1,0,0,,Avenida,,ROSARIO,Rosario,Asfalto,No existe,II,Dentro,Urbana,Ninguna,No existe,Recta,Bueno,Buena,Nocturna,Buen Tiempo,Lateral,S/D,Colisión,S/D,S/D,Ninguna,Sin restricción,POINT (-60.6663034 -33.0006201),"['Alvear', 'Rosario']",2,Alvear; Puente Nuestra Señora del Rosario,-33.0006201,-60.6663034,55.0,538.0,Municipio Rosario,Municipio,Rosario,820210,Servicio de Catastro e Información Territorial,IGN
2012,1980,2012-02-17,Viernes,0.0,18:15:00,,0.0,2,"Moto/Ciclomotor,Automóvil",ESTEBAN DE LUCA Y PUEYRREDON,2,1,0,0,1,0,0,,Calle,,ROSARIO,Rosario,Asfalto,No existe,II,Dentro,Urbana,Ninguna,No existe,Recta,Bueno,Buena,Atardecer,Buen Tiempo,Lateral,S/D,Colisión,S/D,S/D,Ninguna,Sin restricción,POINT (-60.6694077 -32.99560209999999),"['Esteban de Luca', 'Pueyrredón']",2,Esteban de Luca; Pueyrredón,-32.99560209999999,-60.6694077,55.0,538.0,Municipio Rosario,Municipio,Rosario,820210,Servicio de Catastro e Información Territorial,IGN
2012,1982,2012-02-17,Viernes,0.0,18:15:00,,0.0,2,"Moto/Ciclomotor,Automóvil",AV. ARIJON Y SANTIAGO,2,1,0,0,1,0,0,,Avenida,,ROSARIO,Rosario,Asfalto,No existe,II,Dentro,Urbana,Ninguna,No existe,Recta,Bueno,Buena,Diurna,Buen Tiempo,Lateral,S/D,Colisión,S/D,S/D,Ninguna,Sin restricción,POINT (-60.6676718 -33.0035862),"['Avenida Manuel Arijón', 'Santiago']",2,Avenida Manuel Arijón; Santiago,-33.0035862,-60.6676718,55.0,538.0,Municipio Rosario,Municipio,Rosario,820210,Servicio de Catastro e Información Territorial,IGN
2012,1983,2012-02-22,Miercoles,0.0,12:00:00,,0.0,2,"Moto/Ciclomotor,Automóvil",CAZADORES Y MORENO,2,1,0,0,1,0,0,,Calle,,ROSARIO,Rosario,Asfalto,No existe,II,Dentro,Urbana,Ninguna,No existe,Recta,Bueno,Buena,Diurna,Buen Tiempo,Lateral,S/D,Colisión,S/D,S/D,Ninguna,Sin restricción,POINT (-60.6618971 -33.00442069999999),"['Cazadores', 'Moreno']",2,Cazadores; Mariano Moreno,-33.00442069999999,-60.6618971,55.0,538.0,Municipio Rosario,Municipio,Rosario,820210,Servicio de Catastro e Información Territorial,IGN
2012,1984,2012-02-24,Viernes,0.0,07:30:00,,0.0,2,"Bicicleta,Automóvil",PUEYRREDON Y AV. ROSARIO,2,1,0,0,1,0,0,,Calle,,ROSARIO,Rosario,Asfalto,No existe,II,Dentro,Urbana,Ninguna,No existe,Recta,Bueno,Buena,Diurna,Buen Tiempo,Otro,S/D,Atropello,S/D,S/D,Ninguna,Sin restricción,POINT (-60.66919180000001 -33.00071),"['Pueyrredón', 'Rosario']",2,Pueyrredón; Puente Nuestra Señora del Rosario,-33.00071,-60.66919180000001,55.0,538.0,Municipio Rosario,Municipio,Rosario,820210,Servicio de Catastro e Información Territorial,IGN
2012,1995,2012-02-24,Viernes,0.0,11:50:00,,0.0,2,"Moto/Ciclomotor,Pickup/Utilitario",B. ORDOÑEZ Y ESPAÑA,2,1,0,0,1,0,0,,Calle,,ROSARIO,Rosario,Asfalto,No existe,II,Dentro,Urbana,Ninguna,No existe,Recta,Bueno,Buena,Diurna,Buen Tiempo,Lateral,S/D,Colisión,S/D,S/D,Ninguna,Sin restricción,POINT (-60.65730380000001 -33.00912425),"['Avenida Battle y Ordoñez', 'España']",2,Avenida Battle y Ordoñez; España,-33.00912425,-60.65730380000001,55.0,538.0,Municipio Rosario,Municipio,Rosario,820210,Servicio de Catastro e Información Territorial,IGN
2012,1997,2012-02-21,Martes,0.0,18:30:00,,0.0,2,"Automóvil,Taxi/Remis",LAPRIDA Y BV. SEGUI,3,3,0,0,0,0,0,,Avenida,,ROSARIO,Rosario,Asfalto,No existe,II,Dentro,Urbana,Marca Vial,No existe,Intersección,Bueno,Buena,Diurna,Buen Tiempo,Lateral,S/D,Colisión,S/D,Vertical,Ninguna,Sin restricción,POINT (-60.64243230000001 -32.97979135),"['Laprida', 'Bulevar Juan Francisco Seguí']",2,Francisco Narciso Laprida; Bulevar Juan Francisco Seguí,-32.97979135,-60.64243230000001,55.0,538.0,Municipio Rosario,Municipio,Rosario,820210,Servicio de Catastro e Información Territorial,IGN
2012,2000,2012-02-20,Lunes,0.0,08:10:00,,0.0,2,"Moto/Ciclomotor,Automóvil",AYACUCHO Y CENTENO,2,1,0,0,1,0,0,,Calle,,ROSARIO,Rosario,Asfalto,No existe,II,Dentro,Urbana,Marca Vial,No existe,Intersección,Bueno,Buena,Diurna,Buen Tiempo,Lateral,S/D,Colisión,S/D,Vertical,Ninguna,Sin restricción,POINT (-60.6363617 -32.9868524),"['Ayacucho', 'Centeno']",2,Ayacucho; Coronel Centeno,-32.9868524,-60.6363617,55.0,538.0,Municipio Rosario,Municipio,Rosario,820210,Servicio de Catastro e Información Territorial,IGN
2012,2001,2012-02-14,Martes,0.0,20:30:00,,0.0,2,"Moto/Ciclomotor,Automóvil",LAPRIDA 3500,2,1,0,0,1,0,0,,Calle,,ROSARIO,Rosario,Asfalto,No existe,II,Dentro,Urbana,Marca Vial,No existe,Recta,Bueno,Buena,Atardecer,Buen Tiempo,Lateral,S/D,Colisión,S/D,Horizontal,Cordón divisorio,Sin restricción,"-32.9784941, -60.6421954",['Laprida 3500'],1,Laprida 3500,-32.9784941,-60.6421954,55.0,538.0,Municipio Rosario,Municipio,Rosario,820210,Servicio de Catastro e Información Territorial,IGN
2012,2003,2012-02-14,Martes,0.0,20:30:00,,0.0,2,"Moto/Ciclomotor,Automóvil",BV. SEGUI Y NECOCHEA,3,2,0,0,1,0,0,,Calle,,ROSARIO,Rosario,Asfalto,No existe,II,Dentro,Urbana,S/D,No existe,Intersección,Bueno,Buena,Diurna,Buen Tiempo,Lateral,S/D,Colisión,S/D,Vertical,Ninguna,Sin restricción,POINT (-60.632387200000004 -32.981576749999995),"['Bulevar Juan Francisco Seguí', 'Necochea']",2,Bulevar Juan Francisco Seguí; Necochea,-32.981576749999995,-60.6323872,55.0,538.0,Municipio Rosario,Municipio,Rosario,820210,Servicio de Catastro e Información Territorial,IGN
2012,2006,2012-02-14,Martes,0.0,04:40:00,,0.0,2,"Bicicleta,Automóvil",CENTENO Y BERUTTI,2,1,0,0,1,0,0,,Calle,,ROSARIO,Rosario,Asfalto,No existe,II,Dentro,Urbana,Marca Vial,No existe,Intersección,Bueno,Buena,"Nocturna,Con luz artificial",Buen Tiempo,Otro,S/D,Atropello,S/D,Vertical,Ninguna,Sin restricción,POINT (-60.629729600000005 -32.98804949999998),"['Centeno', 'Luis Beruti']",2,Coronel Centeno; Luis Beruti,-32.98804949999998,-60.629729600000005,55.0,538.0,Municipio Rosario,Municipio,Rosario,820210,Servicio de Catastro e Información Territorial,IGN
2012,2008,2012-02-13,Lunes,0.0,07:30:00,,0.0,2,"Moto/Ciclomotor,Automóvil",ALEM Y AYOLAS,3,1,0,0,2,0,0,,Calle,,ROSARIO,Rosario,Asfalto,No existe,II,Dentro,Urbana,Semáforo,Funciona,Intersección,Bueno,Buena,Diurna,Buen Tiempo,Otro,S/D,Colisión,S/D,Horizontal,Ninguna,Sin restricción,POINT (-60.635922 -32.9785708),"['Alem', 'Ayolas']",2,Leandro N. Alem; Ayolas,-32.9785708,-60.635922,55.0,538.0,Municipio Rosario,Municipio,Rosario,820210,Servicio de Catastro e Información Territorial,IGN
2012,2009,2012-02-09,Jueves,0.0,13:10:00,,0.0,2,"Bicicleta,Automóvil",BIEDMA Y CHACABUCO,2,1,0,0,1,0,0,,S/D,,ROSARIO,Rosario,Asfalto,No existe,II,S/D,S/D,Ninguna,No existe,Intersección,Bueno,Buena,Diurna,Buen Tiempo,Otro,S/D,Atropello,S/D,Vertical,Ninguna,Sin restricción,POINT (-60.631575500000004 -32.98412449999999),"['Coronel Biedma', 'Chacabuco']",2,Coronel Biedma; Chacabuco,-32.98412449999999,-60.6315755,55.0,538.0,Municipio Rosario,Municipio,Rosario,820210,Servicio de Catastro e Información Territorial,IGN
2012,2010,2012-02-08,Miercoles,0.0,16:00:00,,0.0,2,"Moto/Ciclomotor,Pickup/Utilitario",LAPRIDA Y BV. SEGUI,2,1,0,0,1,0,0,,Avenida,,ROSARIO,Rosario,Asfalto,No existe,II,Dentro,Urbana,Marca Vial,No existe,Intersección,Bueno,Buena,Diurna,Buen Tiempo,Lateral,S/D,Colisión,S/D,Vertical,Vegetación,Sin restricción,POINT (-60.64243230000001 -32.97979135),"['Laprida', 'Bulevar Juan Francisco Seguí']",2,Francisco Narciso Laprida; Bulevar Juan Francisco Seguí,-32.97979135,-60.64243230000001,55.0,538.0,Municipio Rosario,Municipio,Rosario,820210,Servicio de Catastro e Información Territorial,IGN
2012,2011,2012-02-07,Martes,0.0,16:15:00,,0.0,2,"Moto/Ciclomotor,Pickup/Utilitario",BS. AS. Y AMENABAR,2,1,0,0,1,0,0,,S/D,,ROSARIO,Rosario,Asfalto,No existe,II,S/D,S/D,Marca Vial,No existe,Intersección,Bueno,Buena,Diurna,Buen Tiempo,Lateral,S/D,Colisión,S/D,Vertical,Ninguna,Sin restricción,POINT (-60.639182299999995 -32.973197600000006),"['Buenos Aires', 'Amenabar']",2,Buenos Aires; José de Amenábar,-32.973197600000006,-60.6391823,55.0,538.0,Municipio Rosario,Municipio,Rosario,820210,Servicio de Catastro e Información Territorial,IGN
2012,2012,2012-02-07,Martes,0.0,22:00:00,,0.0,2,"Moto/Ciclomotor,Automóvil",COLON Y DEAN FUNES,3,1,0,0,2,0,0,,Calle,,ROSARIO,Rosario,Asfalto,No existe,II,Dentro,Urbana,Marca Vial,No existe,Intersección,Bueno,Buena,"Nocturna,Con luz artificial",Buen Tiempo,Lateral,S/D,Colisión,S/D,Vertical,Ninguna,Sin restricción,POINT (-60.6328745 -32.9779145),"['Colon', 'Deán Gregorio Funes']",2,Cristóbal Colón; Deán Gregorio Funes,-32.9779145,-60.6328745,55.0,538.0,Municipio Rosario,Municipio,Rosario,820210,Servicio de Catastro e Información Territorial,IGN
2012,2013,2012-02-06,Lunes,0.0,22:00:00,,0.0,2,"Moto/Ciclomotor,Automóvil",AMENABAR Y AYACUCHO,3,2,0,0,1,0,0,,Calle,,ROSARIO,Rosario,Asfalto,S/D,II,Dentro,Urbana,Marca Vial,No existe,Intersección,Bueno,Buena,"Nocturna,Con luz artificial",Buen Tiempo,Lateral,S/D,Colisión,S/D,Vertical,Ninguna,Sin restricción,POINT (-60.6333886 -32.9742331),"['Amenabar', 'Ayacucho']",2,José de Amenábar; Ayacucho,-32.9742331,-60.6333886,55.0,538.0,Municipio Rosario,Municipio,Rosario,820210,Servicio de Catastro e Información Territorial,IGN
2012,2014,2012-02-06,Lunes,0.0,17:30:00,,0.0,2,"Moto/Ciclomotor,Automóvil",BS. AS. Y SAAVEDRA,2,1,0,0,1,0,0,,Calle,,ROSARIO,Rosario,Asfalto,No existe,II,Dentro,Urbana,Marca Vial,No existe,Intersección,Bueno,Buena,Diurna,Buen Tiempo,Lateral,S/D,Colisión,S/D,Vertical,Ninguna,Sin restricción,POINT (-60.6406363 -32.97893169999999),"['Buenos Aires', 'Saavedra']",2,Buenos Aires; Saavedra,-32.97893169999999,-60.6406363,55.0,538.0,Municipio Rosario,Municipio,Rosario,820210,Servicio de Catastro e Información Territorial,IGN
2012,2015,2012-02-04,Sabado,0.0,22:15:00,,0.0,2,"Peatón,Moto/Ciclomotor",NECOCHEA Y DR. RIVAS,2,2,0,0,0,0,0,,Calle,,ROSARIO,Rosario,Asfalto,No existe,II,Dentro,Urbana,Marca Vial,No existe,Intersección,Bueno,Buena,Diurna,Buen Tiempo,Otro,S/D,Atropello,S/D,Vertical,Ninguna,Sin restricción,POINT (-60.63355369999999 -32.9861821),"['Necochea', 'Doctor Francisco Riva']",2,Necochea; Doctor Francisco Riva,-32.9861821,-60.63355369999999,55.0,538.0,Municipio Rosario,Municipio,Rosario,820210,Servicio de Catastro e Información Territorial,IGN
2012,2016,2012-02-02,Jueves,0.0,21:40:00,,0.0,2,"Moto/Ciclomotor,Automóvil",LAPRIDA Y DR. RIVAS,3,2,0,0,1,0,0,,Calle,,ROSARIO,Rosario,Asfalto,No existe,II,Dentro,Urbana,Marca Vial,No existe,Intersección,Bueno,Buena,"Nocturna,Con luz artificial",Buen Tiempo,Lateral,S/D,Colisión,S/D,Vertical,Ninguna,Sin restricción,POINT (-60.6435977 -32.984410200000006),"['Laprida', 'Doctor Francisco Riva']",2,Francisco Narciso Laprida; Doctor Francisco Riva,-32.984410200000006,-60.6435977,55.0,538.0,Municipio Rosario,Municipio,Rosario,820210,Servicio de Catastro e Información Territorial,IGN