anio_acci,nro_acci,fecha,desc_dia,fecha_aprox,hora_aprox,desc_ruta,km,cant_participantes,desc_participante,calle_avenida_km,total,heridos_leves,heridos_graves,heridos_gravisimos,ilesos,fallecidos,sin_datos,posicion_XY,desc_tipo_via,desc_ruta_ori,desc_loc,desc_dpto,desc_tipo_calzada,desc_tipo_banquina,desc_unidad_regional,desc_lugar_calzada,desc_zona,desc_prioridad,desc_estado_semaforo,desc_lugar_via,desc_estado_via,desc_estado_visibilidad,desc_luminosidad,desc_estado_clima,desc_tipo_colision,desc_tipo_atropello,desc_tipo_hecho,desc_pres_calzada,desc_senializacion,desc_separacion_via,desc_restriccion,forma_geocod,calle_lista,numero_calles,calles_osm,lat,lon,index_right,gid,fna,gna,nam,in1,fdc,sag
2012,2019,2012-02-08,Miercoles,0.0,01:00:00,,0.0,2,"Moto/Ciclomotor,Automóvil",ROUILLON Y MONTEVIDEO,2,1,0,0,1,0,0,,Calle,,ROSARIO,Rosario,Asfalto,No existe,II,Dentro,Urbana,Ninguna,No existe,Intersección,Bueno,Buena,"Nocturna,Con luz artificial",S/D,Lateral,S/D,Colisión,S/D,Faltante,Ninguna,Sin restricción,POINT (-60.701961499999996 -32.9471749),"['Alfredo Rouillón', 'Montevideo']",2,Alfredo Rouillón; Montevideo,-32.9471749,-60.7019615,55.0,538.0,Municipio Rosario,Municipio,Rosario,820210,Servicio de Catastro e Información Territorial,IGN
2012,2021,2012-02-15,Miercoles,0.0,01:50:00,,0.0,2,"Moto/Ciclomotor,Taxi/Remis",AV. PCIAS. UNIDAS Y URQUIZA,3,2,0,0,1,0,0,,Calle,,ROSARIO,Rosario,Asfalto,No existe,II,Dentro,Urbana,Señal Pare,No existe,Intersección,Bueno,Buena,Con luz artificial,S/D,Frontal,S/D,Colisión,S/D,Vertical,Ninguna,Sin restricción,POINT (-60.71293324999999 -32.93344005),"['Avenida Provincias Unidas', 'Urquiza']",2,Avenida Provincias Unidas; Justo José de Urquiza,-32.93344005,-60.71293324999999,55.0,538.0,Municipio Rosario,Municipio,Rosario,820210,Servicio de Catastro e Información Territorial,IGN
2012,2024,2012-02-15,Miercoles,0.0,13:00:00,,0.0,2,"Pickup/Utilitario,Transporte de Pasajeros Urbano (> 8 asientos)",AV. EVA PERON Y SOLIS,22,1,0,0,21,0,0,,Avenida,,ROSARIO,Rosario,Asfalto,No existe,II,Dentro,Urbana,Semáforo,Funciona,Intersección,Bueno,Buena,Diurna,S/D,Otro,S/D,Colisión,S/D,Vertical,Ninguna,Sin restricción,POINT (-60.70364185 -32.93467735),"['Avenida Eva Perón', 'Solis']",2,Avenida Eva Perón; Juan Díaz de Solís,-32.93467735,-60.70364185,55.0,538.0,Municipio Rosario,Municipio,Rosario,820210,Servicio de Catastro e Información Territorial,IGN
2012,2027,2012-02-18,Sabado,0.0,13:40:00,,0.0,2,"Moto/Ciclomotor,Pickup/Utilitario",PJE. WILDELS Y MENDOZA,3,1,0,0,2,0,0,,Calle,,ROSARIO,Rosario,Asfalto,S/D,II,Dentro,Urbana,Ninguna,No existe,Recta,Bueno,Buena,Diurna,S/D,Otro,S/D,Colisión,S/D,Faltante,Ninguna,Sin restricción,POINT (-60.7004745 -32.94063059999999),"['Windefs', 'Mendoza']",2,Windefs; Mendoza,-32.94063059999999,-60.7004745,55.0,538.0,Municipio Rosario,Municipio,Rosario,820210,Servicio de Catastro e Información Territorial,IGN
2012,2029,2012-02-19,Domingo,0.0,01:40:00,,0.0,2,"Moto/Ciclomotor,Automóvil",EVA PERON 5800,2,1,0,0,1,0,0,,Calle,,ROSARIO,Rosario,Asfalto,S/D,II,Dentro,Urbana,Semáforo,Funciona,Intersección,Bueno,Buena,"Nocturna,Con luz artificial",S/D,Frontal,S/D,Colisión,S/D,Vertical,Cordón divisorio,Sin restricción,"-32.9332358, -60.7119331",['Eva Peron 5800'],1,Eva Peron 5800,-32.9332358,-60.7119331,55.0,538.0,Municipio Rosario,Municipio,Rosario,820210,Servicio de Catastro e Información Territorial,IGN
2012,2033,2012-02-19,Domingo,0.0,22:30:00,,0.0,2,"Moto/Ciclomotor,Automóvil",MENDOZA Y GUATEMALA,2,1,0,0,1,0,0,,Calle,,ROSARIO,Rosario,Asfalto,No existe,II,Dentro,Urbana,Semáforo,Funciona,Recta,Bueno,Buena,"Nocturna,Con luz artificial",S/D,Otro,S/D,Colisión,S/D,Vertical,Ninguna,Sin restricción,POINT (-60.717262000000005 -32.94036265),"['Mendoza', 'Guatemala']",2,Mendoza; Guatemala,-32.94036265,-60.717262000000005,55.0,538.0,Municipio Rosario,Municipio,Rosario,820210,Servicio de Catastro e Información Territorial,IGN
2012,2034,2012-02-20,Lunes,0.0,20:00:00,,0.0,2,"Automóvil,Automóvil",EVA PERON Y CUBA,3,3,0,0,0,0,0,,Calle,,ROSARIO,Rosario,Asfalto,No existe,II,Dentro,Urbana,Ninguna,No existe,Recta,Bueno,Buena,"Nocturna,Con luz artificial",S/D,Otro,S/D,Colisión,S/D,Vertical,Ninguna,Sin restricción,POINT (-60.70115945 -32.9351362),"['Avenida Eva Perón', 'Cuba']",2,Avenida Eva Perón; Cuba,-32.9351362,-60.70115945,55.0,538.0,Municipio Rosario,Municipio,Rosario,820210,Servicio de Catastro e Información Territorial,IGN
2012,2036,2012-02-21,Martes,0.0,18:45:00,,0.0,2,"Automóvil,Automóvil",BOLIVIA Y ZUVIRIA,2,1,0,0,1,0,0,,Calle,,ROSARIO,Rosario,Asfalto,No existe,II,Dentro,Urbana,Ninguna,No existe,Recta,Bueno,Buena,Diurna,S/D,Otro,S/D,Otro,S/D,Faltante,Ninguna,Sin restricción,POINT (-60.7140212 -32.93699300000001),"['Bolivia', 'Zuviría']",2,Bolivia; Juez José María Zuviría,-32.93699300000001,-60.7140212,55.0,538.0,Municipio Rosario,Municipio,Rosario,820210,Servicio de Catastro e Información Territorial,IGN
2012,2039,2012-02-22,Miercoles,0.0,15:30:00,,0.0,2,"Moto/Ciclomotor,Automóvil",AV. PELLEGRINI Y ROUILLON,3,2,0,0,1,0,0,,Avenida,,ROSARIO,Rosario,Asfalto,No existe,II,Dentro,Urbana,Semáforo,Funciona,Recta,Bueno,Buena,Diurna,S/D,Otro,S/D,Colisión,S/D,Vertical,Ninguna,Sin restricción,POINT (-60.70191075 -32.94831669999999),"['Pellegrini', 'Alfredo Rouillón']",2,Avenida Carlos Pellegrini; Alfredo Rouillón,-32.94831669999999,-60.70191075,55.0,538.0,Municipio Rosario,Municipio,Rosario,820210,Servicio de Catastro e Información Territorial,IGN
2012,2041,2012-02-09,Jueves,0.0,20:30:00,,0.0,2,"Bicicleta,Pickup/Utilitario",LARREA Y GORRITI,2,1,0,0,1,0,0,,S/D,,ROSARIO,Rosario,Asfalto,S/D,II,S/D,Urbana,Ninguna,S/D,Intersección,Bueno,S/D,S/D,Buen Tiempo,Otro,S/D,Atropello,S/D,S/D,S/D,S/D,POINT (-60.6978938 -32.9239418),"['Larrea', 'Gorriti']",2,Larrea; Gorriti,-32.9239418,-60.6978938,55.0,538.0,Municipio Rosario,Municipio,Rosario,820210,Servicio de Catastro e Información Territorial,IGN
2012,2042,2012-02-06,Lunes,0.0,19:55:00,,0.0,2,"Bicicleta,Automóvil",TTE. AGNETA Y MARCOS PAZ,2,1,0,0,1,0,0,,Calle,,ROSARIO,Rosario,Asfalto,No existe,II,Dentro,Urbana,Ninguna,No existe,Recta,Bueno,Buena,Atardecer,S/D,Otro,S/D,Atropello,S/D,Vertical,Cordón divisorio,Sin restricción,POINT (-60.69984650000001 -32.9387212),"['Teniente Agneta', 'Marcos Paz']",2,Teniente Agneta; Marcos Paz,-32.9387212,-60.69984650000001,55.0,538.0,Municipio Rosario,Municipio,Rosario,820210,Servicio de Catastro e Información Territorial,IGN
2012,2045,2012-02-04,Sabado,0.0,18:00:00,,0.0,2,"Peatón,Automóvil",LA PAZ Y CAMPBELL,2,1,0,0,1,0,0,,Calle,,ROSARIO,Rosario,Asfalto,No existe,II,Dentro,Urbana,Ninguna,No existe,Recta,Bueno,Buena,Diurna,S/D,Otro,S/D,Atropello,S/D,Faltante,Cordón divisorio,Sin restricción,POINT (-60.7073397 -32.95561450000001),"['La Paz', 'Campbell']",2,La Paz; Campbell,-32.95561450000001,-60.7073397,55.0,538.0,Municipio Rosario,Municipio,Rosario,820210,Servicio de Catastro e Información Territorial,IGN
2012,2046,2012-02-04,Sabado,0.0,10:30:00,,0.0,2,"Automóvil,Pickup/Utilitario",AV. PELLEGRINI Y FELIPE MORE,2,2,0,0,0,0,0,,Avenida,,ROSARIO,Rosario,Asfalto,Pavimento,II,S/D,S/D,Semáforo,Funciona,Intersección,Bueno,Buena,Diurna,S/D,Otro,S/D,Colisión,S/D,Vertical,Cordón divisorio,Sin restricción,POINT (-60.69342855000001 -32.94809525),"['Pellegrini', 'Felipe Moré']",2,Avenida Carlos Pellegrini; Felipe Moré,-32.94809525,-60.69342855000001,55.0,538.0,Municipio Rosario,Municipio,Rosario,820210,Servicio de Catastro e Información Territorial,IGN
2012,2047,2012-02-04,Sabado,0.0,11:00:00,,0.0,2,"Automóvil,Automóvil",EVA PERON Y CAMPBELL,3,3,0,0,0,0,0,,Calle,,ROSARIO,Rosario,Asfalto,S/D,II,Dentro,Urbana,Ninguna,No existe,Intersección,Bueno,Buena,Diurna,S/D,"Contra objeto fijo,Frontal",S/D,Colisión,S/D,Vertical,Cordón divisorio,Sin restricción,POINT (-60.70824665000001 -32.9338452),"['Avenida Eva Perón', 'Campbell']",2,Avenida Eva Perón; Campbell,-32.9338452,-60.70824665000001,55.0,538.0,Municipio Rosario,Municipio,Rosario,820210,Servicio de Catastro e Información Territorial,IGN
2012,2066,2012-02-03,Viernes,0.0,22:00:00,,0.0,2,"Moto/Ciclomotor,Automóvil",MENDOZA Y MEXICO,2,1,0,0,1,0,0,,Calle,,ROSARIO,Rosario,Asfalto,No existe,II,S/D,S/D,Semáforo,Funciona,Intersección,Bueno,Buena,Nocturna,S/D,Lateral,S/D,Colisión,S/D,Vertical,Cordón divisorio,Sin restricción,POINT (-60.7184106 -32.940393699999994),"['Mendoza', 'Mejico']",2,Mendoza; Méjico,-32.940393699999994,-60.7184106,55.0,538.0,Municipio Rosario,Municipio,Rosario,820210,Servicio de Catastro e Información Territorial,IGN
2012,2074,2012-02-17,Viernes,0.0,14:00:00,,0.0,2,"Moto/Ciclomotor,Automóvil",FRAGA 924 BIS,2,1,0,0,1,0,0,,Calle,,ROSARIO,Rosario,Asfalto,No existe,II,Dentro,Urbana,Ninguna,No existe,Recta,Bueno,Buena,Diurna,S/D,Lateral,S/D,Colisión,S/D,Faltante,Línea divisoria pintada,Sin restricción,"-32.9334817, -60.710558",['Fraga 924 Bis'],1,Fraga 924 Bis,-32.9334817,-60.710558,55.0,538.0,Municipio Rosario,Municipio,Rosario,820210,Servicio de Catastro e Información Territorial,IGN
2012,2075,2012-02-14,Martes,0.0,20:45:00,,0.0,3,"Peatón,Peatón,Moto/Ciclomotor",J.J. PASO Y OLAVARRIA,3,2,0,0,1,0,0,,Calle,,ROSARIO,Rosario,Asfalto,No existe,II,Dentro,Urbana,Semáforo,Funciona,Intersección,Bueno,Buena,Atardecer,Buen Tiempo,Otro,S/D,Atropello,S/D,Faltante,Línea divisoria pintada,Sin restricción,POINT (-60.7043792 -32.9199808),"['Paso', 'Olavarría']",2,Avenida Juan José Paso; Olavarría,-32.9199808,-60.7043792,55.0,538.0,Municipio Rosario,Municipio,Rosario,820210,Servicio de Catastro e Información Territorial,IGN
2012,2077,2012-02-11,Sabado,0.0,19:00:00,,0.0,2,"Moto/Ciclomotor,Automóvil",J.J. PASO Y CAMPBELL,3,2,0,0,1,0,0,,Calle,,ROSARIO,Rosario,Asfalto,No existe,II,Dentro,Urbana,Ninguna,No existe,Intersección,Bueno,Buena,Atardecer,S/D,Lateral,S/D,Colisión,S/D,Faltante,Línea divisoria pintada,Sin restricción,POINT (-60.70865715000001 -32.92010505),"['Paso', 'Campbell']",2,Avenida Juan José Paso; Campbell,-32.92010505,-60.70865715000001,55.0,538.0,Municipio Rosario,Municipio,Rosario,820210,Servicio de Catastro e Información Territorial,IGN
2012,2078,2012-02-07,Martes,0.0,19:45:00,,0.0,2,"Bicicleta,Moto/Ciclomotor",J.J. PASO Y LINIERS,2,1,0,0,1,0,0,,Calle,,ROSARIO,Rosario,Asfalto,No existe,II,Dentro,Urbana,Ninguna,No existe,Recta,Bueno,Buena,Atardecer,S/D,Lateral,S/D,Colisión,S/D,Faltante,Línea divisoria pintada,Sin restricción,POINT (-60.69932970000001 -32.919825900000006),"['Paso', 'Liniers']",2,Avenida Juan José Paso; Liniers,-32.919825900000006,-60.69932970000001,55.0,538.0,Municipio Rosario,Municipio,Rosario,820210,Servicio de Catastro e Información Territorial,IGN
2012,2079,2012-02-04,Sabado,0.0,05:00:00,,0.0,1,Moto/Ciclomotor,J.J. PASO 5400,2,2,0,0,0,0,0,,Calle,,ROSARIO,Rosario,Asfalto,No existe,II,Dentro,Urbana,Semáforo,Intermitente,Recta,Bueno,Buena,Nocturna,S/D,Contra objeto fijo,S/D,Colisión,S/D,Faltante,Ninguna,Sin restricción,"-32.9197297, -60.6980624",['Juan José Paso 5400'],1,Juan José Paso 5400,-32.9197297,-60.6980624,55.0,538.0,Municipio Rosario,Municipio,Rosario,820210,Servicio de Catastro e Información Territorial,IGN
2012,2081,2012-02-02,Jueves,0.0,12:00:00,,0.0,2,"Peatón,Pickup/Utilitario",MARIANO CABAL Y PJE. QUITO,2,1,0,0,1,0,0,,Calle,,ROSARIO,Rosario,Asfalto,No existe,II,Dentro,Urbana,Ninguna,No existe,Intersección,Bueno,Buena,Diurna,S/D,Otro,S/D,Atropello,S/D,Faltante,Ninguna,S/D,POINT (-60.70285379999999 -32.9140064),"['Mariano Cabal', 'Quito']",2,Mariano Cabal; Quito,-32.9140064,-60.70285379999999,55.0,538.0,Municipio Rosario,Municipio,Rosario,820210,Servicio de Catastro e Información Territorial,IGN
2012,2083,2012-02-03,Viernes,0.0,15:30:00,,0.0,2,"Moto/Ciclomotor,Automóvil",AV. PCIAS. UNIDAS Y LA REPUBLICA,2,1,0,0,1,0,0,,Avenida,,ROSARIO,Rosario,Asfalto,No existe,II,Dentro,Urbana,Ninguna,No existe,Intersección,Bueno,S/D,S/D,Buen Tiempo,Lateral,S/D,Colisión,S/D,Faltante,S/D,Sin restricción,POINT (-60.713721250000006 -32.9186124),"['Avenida Provincias Unidas', 'La República']",2,Avenida Provincias Unidas; La República,-32.9186124,-60.713721250000006,55.0,538.0,Municipio Rosario,Municipio,Rosario,820210,Servicio de Catastro e Información Territorial,IGN
2012,2087,2012-02-12,Domingo,0.0,20:30:00,,0.0,2,"Moto/Ciclomotor,Automóvil",AV. GENOVA Y GALLINI,2,1,0,0,1,0,0,,Avenida,,ROSARIO,Rosario,Asfalto,S/D,II,Dentro,Urbana,Otra Señal,S/D,Intersección,Bueno,S/D,S/D,Buen Tiempo,Otro,S/D,Colisión,S/D,S/D,S/D,S/D,POINT (-60.68922189999999 -32.91530130000001),"['Genova', 'Gallini']",2,Avenida Génova; Gallini,-32.91530130000001,-60.68922189999999,55.0,538.0,Municipio Rosario,Municipio,Rosario,820210,Servicio de Catastro e Información Territorial,IGN
2012,2089,2012-02-01,Miercoles,0.0,18:00:00,,0.0,2,"Taxi/Remis,Automóvil",SANTA FE Y CONSTITUCION,3,1,0,0,1,0,1,,Calle,,ROSARIO,Rosario,Asfalto,S/D,II,Dentro,Urbana,S/D,S/D,Recta,Bueno,S/D,S/D,S/D,De alcance,S/D,Colisión,S/D,Horizontal,S/D,S/D,POINT (-60.67332640000001 -32.938728899999994),"['Santa Fe', 'Constitución']",2,Santa Fe; Constitución,-32.938728899999994,-60.67332640000001,55.0,538.0,Municipio Rosario,Municipio,Rosario,820210,Servicio de Catastro e Información Territorial,IGN
2012,2111,2012-01-18,Miercoles,0.0,00:00:00,,0.0,2,"Moto/Ciclomotor,Automóvil",DR. RIVAS 3040,2,1,0,0,1,0,0,,Calle,,ROSARIO,Rosario,Asfalto,No existe,II,S/D,Urbana,S/D,No existe,Intersección,Bueno,Buena,Atardecer,S/D,S/D,S/D,S/D,Agua,S/D,S/D,S/D,"-32.9795592, -60.6705626",['Doctor Francisco Riva 3040'],1,Doctor Francisco Riva 3040,-32.9795592,-60.6705626,55.0,538.0,Municipio Rosario,Municipio,Rosario,820210,Servicio de Catastro e Información Territorial,IGN
2012,2118,2012-02-02,Jueves,0.0,19:20:00,,0.0,2,"Transporte de Pasajeros Urbano (> 8 asientos),Camión",URQUIZA Y CASTELLANOS,22,20,0,0,2,0,0,,Calle,,ROSARIO,Rosario,Asfalto,S/D,II,S/D,Urbana,Ninguna,No existe,Intersección,Bueno,Buena,Atardecer,Buen Tiempo,Lateral,S/D,Colisión,S/D,Faltante,S/D,S/D,POINT (-60.6741775 -32.9363611),"['Urquiza', 'Aaron Castellanos']",2,Justo José de Urquiza; Aaron Castellanos,-32.9363611,-60.6741775,55.0,538.0,Municipio Rosario,Municipio,Rosario,820210,Servicio de Catastro e Información Territorial,IGN
2012,2119,2012-02-02,Jueves,0.0,20:30:00,,0.0,2,"Moto/Ciclomotor,Automóvil",JUJUY 2800,2,1,0,0,1,0,0,,Calle,,ROSARIO,Rosario,Asfalto,S/D,II,S/D,Urbana,S/D,S/D,Recta,Bueno,S/D,S/D,S/D,S/D,S/D,S/D,S/D,Horizontal,S/D,S/D,"-32.9340569, -60.6592474",['Jujuy 2800'],1,Jujuy 2800,-32.9340569,-60.6592474,55.0,538.0,Municipio Rosario,Municipio,Rosario,820210,Servicio de Catastro e Información Territorial,IGN
2012,2120,2012-02-03,Viernes,0.0,07:30:00,,0.0,2,"Moto/Ciclomotor,Automóvil",IRIONDO Y URQUIZA,2,1,0,0,1,0,0,,Calle,,ROSARIO,Rosario,Asfalto,S/D,II,S/D,Urbana,S/D,S/D,Intersección,Bueno,S/D,S/D,S/D,S/D,S/D,S/D,S/D,Horizontal,S/D,S/D,POINT (-60.66874130000001 -32.93734760000002),"['Iriondo', 'Urquiza']",2,Iriondo; Justo José de Urquiza,-32.93734760000002,-60.66874130000001,55.0,538.0,Municipio Rosario,Municipio,Rosario,820210,Servicio de Catastro e Información Territorial,IGN
2012,2121,2012-02-04,Sabado,0.0,21:00:00,,0.0,2,"Moto/Ciclomotor,Automóvil",URQUIZA Y CRESPO,2,1,0,0,0,0,1,,Calle,,ROSARIO,Rosario,Asfalto,S/D,II,S/D,Urbana,Ninguna,S/D,Intersección,Bueno,Buena,Nocturna,Buen Tiempo,Lateral,S/D,Colisión,S/D,S/D,S/D,S/D,POINT (-60.6674008 -32.9375907),"['Urquiza', 'Crespo']",2,Justo José de Urquiza; Crespo,-32.9375907,-60.6674008,55.0,538.0,Municipio Rosario,Municipio,Rosario,820210,Servicio de Catastro e Información Territorial,IGN
2012,2122,2012-02-07,Martes,0.0,16:00:00,,0.0,2,"Moto/Ciclomotor,Automóvil",FRANCIA 30 BIS,3,2,0,0,1,0,0,,Avenida,,ROSARIO,Rosario,Asfalto,S/D,II,S/D,Urbana,S/D,Funciona,Recta,Bueno,S/D,Diurna,S/D,S/D,S/D,S/D,S/D,Vertical,S/D,S/D,"-32.9349356, -60.6639852",['Francia 30 Bis'],1,Francia 30 Bis,-32.9349356,-60.6639852,55.0,538.0,Municipio Rosario,Municipio,Rosario,820210,Servicio de Catastro e Información Territorial,IGN
2012,2123,2012-02-09,Jueves,0.0,05:50:00,,0.0,2,"Automóvil,Automóvil",BROWN Y RODRIGUEZ,5,4,0,0,1,0,0,,Calle,,ROSARIO,Rosario,Asfalto,No existe,II,S/D,Urbana,Ninguna,No existe,Recta,Bueno,Buena,Diurna,Buen Tiempo,Frontal,S/D,Colisión,S/D,S/D,Ninguna,Sin restricción,POINT (-60.6563725 -32.9334435),"['Brown', 'Rodríguez']",2,Almirante Brown; Rodríguez de Escobedo,-32.9334435,-60.6563725,55.0,538.0,Municipio Rosario,Municipio,Rosario,820210,Servicio de Catastro e Información Territorial,IGN
2012,2125,2012-02-03,Viernes,0.0,06:45:00,,0.0,2,"Moto/Ciclomotor,Automóvil",SANLORENZO Y ALVEAR,3,1,0,0,2,0,0,,Calle,,ROSARIO,Rosario,Asfalto,S/D,II,Dentro,Urbana,Policía de tránsito,S/D,Intersección,Bueno,Buena,S/D,Buen Tiempo,Frontal,S/D,"Caída ocupante,Colisión",S/D,S/D,S/D,S/D,POINT (-60.6540993 -32.941162199999994),"['San Lorenzo', 'Alvear']",2,San Lorenzo; Alvear,-32.941162199999994,-60.6540993,55.0,538.0,Municipio Rosario,Municipio,Rosario,820210,Servicio de Catastro e Información Territorial,IGN
2012,2126,2012-02-01,Miercoles,0.0,00:00:00,,0.0,2,"Automóvil,Automóvil",SAN LORENZO Y CORRIENTES,2,1,0,0,1,0,0,,Calle,,ROSARIO,Rosario,Asfalto,S/D,II,Dentro,Urbana,Policía de tránsito,S/D,Intersección,Bueno,S/D,S/D,Buen Tiempo,Frontal,S/D,Colisión,S/D,S/D,Ninguna,Sin restricción,POINT (-60.64177480000001 -32.9433995),"['San Lorenzo', 'Corrientes']",2,San Lorenzo; Corrientes,-32.9433995,-60.64177480000001,55.0,538.0,Municipio Rosario,Municipio,Rosario,820210,Servicio de Catastro e Información Territorial,IGN
2012,2127,2012-02-10,Viernes,0.0,12:00:00,,0.0,2,"Automóvil,Automóvil",SAN LORENZO Y ALSINA,4,2,0,0,2,0,0,,Calle,,ROSARIO,Rosario,Asfalto,No existe,II,S/D,Urbana,Ninguna,No existe,Recta,Bueno,Buena,Diurna,Buen Tiempo,Frontal,S/D,Colisión,Otro,S/D,Ninguna,Sin restricción,POINT (-60.675806900000005 -32.9372869),"['San Lorenzo', 'Alsina']",2,San Lorenzo; Alsina,-32.9372869,-60.675806900000005,55.0,538.0,Municipio Rosario,Municipio,Rosario,820210,Servicio de Catastro e Información Territorial,IGN
2012,2128,2012-02-03,Viernes,0.0,15:30:00,,0.0,2,"Moto/Ciclomotor,Automóvil",SAN JUAN Y PUEYRREDÓN,2,1,0,0,1,0,0,,Calle,,ROSARIO,Rosario,Asfalto,Pavimento,II,Dentro,Urbana,S/D,S/D,Intersección,S/D,Buena,Diurna,Buen Tiempo,Lateral,S/D,Colisión,S/D,S/D,Cordón divisorio,Sin restricción,POINT (-60.6583043 -32.94672330000001),"['San Juan', 'Pueyrredón']",2,San Juan; Pueyrredón,-32.94672330000001,-60.6583043,55.0,538.0,Municipio Rosario,Municipio,Rosario,820210,Servicio de Catastro e Información Territorial,IGN
2012,2129,2012-02-11,Sabado,0.0,09:10:00,,0.0,2,"Moto/Ciclomotor,Pickup/Utilitario",SALTA Y PUEYRREDON,2,1,0,0,0,0,1,,Calle,,ROSARIO,Rosario,Asfalto,No existe,II,S/D,Urbana,Semáforo,Funciona,Curva,Bueno,Buena,Diurna,Buen Tiempo,Frontal,S/D,Colisión,S/D,S/D,Ninguna,Sin restricción,POINT (-60.6556216 -32.93601499999999),"['Salta', 'Pueyrredón']",2,"('Salta', 'Pueyrredón')",-32.93601499999999,-60.6556216,55.0,538.0,Municipio Rosario,Municipio,Rosario,820210,Servicio de Catastro e Información Territorial,IGN
2012,2130,2012-02-14,Martes,0.0,11:00:00,,0.0,2,"Moto/Ciclomotor,Pickup/Utilitario",SAN LORENZO Y LAVALLE,2,1,0,0,1,0,0,,Calle,,ROSARIO,Rosario,Asfalto,S/D,II,S/D,Urbana,S/D,S/D,Intersección,Bueno,S/D,S/D,S/D,S/D,S/D,S/D,S/D,Horizontal,S/D,S/D,POINT (-60.6771857 -32.9370405),"['San Lorenzo', 'Lavalle']",2,San Lorenzo; Lavalle,-32.9370405,-60.6771857,55.0,538.0,Municipio Rosario,Municipio,Rosario,820210,Servicio de Catastro e Información Territorial,IGN
2012,2131,2012-02-15,Miercoles,0.0,14:50:00,,0.0,2,"Automóvil,Automóvil",SUIPACHA Y URQUIZA,2,1,0,0,1,0,0,,Calle,,ROSARIO,Rosario,Asfalto,S/D,II,S/D,Urbana,Ninguna,No existe,Recta,Bueno,Buena,Diurna,Buen Tiempo,Frontal,S/D,Colisión,S/D,S/D,Ninguna,Sin restricción,POINT (-60.6633084 -32.9383186),"['Suipacha', 'Urquiza']",2,Suipacha; Justo José de Urquiza,-32.9383186,-60.6633084,55.0,538.0,Municipio Rosario,Municipio,Rosario,820210,Servicio de Catastro e Información Territorial,IGN
2012,2133,2012-02-16,Jueves,0.0,09:10:00,,0.0,2,"Moto/Ciclomotor,Automóvil",SALTA Y CALLAO,2,1,0,0,1,0,0,,Calle,,ROSARIO,Rosario,Asfalto,S/D,II,S/D,Urbana,S/D,S/D,Intersección,Bueno,S/D,S/D,S/D,S/D,S/D,S/D,S/D,S/D,S/D,S/D,POINT (-60.6583919 -32.93552249999999),"['Salta', 'Callao']",2,Salta; Callao,-32.93552249999999,-60.6583919,55.0,538.0,Municipio Rosario,Municipio,Rosario,820210,Servicio de Catastro e Información Territorial,IGN
2012,2134,2012-02-19,Domingo,0.0,17:00:00,,0.0,2,"Automóvil,Pickup/Utilitario",URQUIZA Y OV. LAGOS,2,1,0,0,0,0,1,,Calle,,ROSARIO,Rosario,Asfalto,S/D,II,S/D,Urbana,S/D,S/D,Intersección,Bueno,S/D,S/D,S/D,S/D,S/D,S/D,S/D,Horizontal,S/D,S/D,POINT (-60.660585299999994 -32.938803599999986),"['Urquiza', 'Avenida Ovidio Lagos']",2,Justo José de Urquiza; Avenida Ovidio Lagos,-32.938803599999986,-60.6605853,55.0,538.0,Municipio Rosario,Municipio,Rosario,820210,Servicio de Catastro e Información Territorial,IGN
2012,2136,2012-02-18,Sabado,0.0,07:45:00,,0.0,2,"Bicicleta,Automóvil",TUCUMAN Y SUIPACHA,2,1,0,0,1,0,0,,Calle,,ROSARIO,Rosario,Asfalto,S/D,II,S/D,Urbana,S/D,S/D,Intersección,Bueno,S/D,S/D,S/D,Otro,S/D,Atropello,S/D,S/D,S/D,S/D,POINT (-60.662997 -32.937165199999995),"['Tucumán', 'Suipacha']",2,Tucumán; Suipacha,-32.937165199999995,-60.662997,55.0,538.0,Municipio Rosario,Municipio,Rosario,820210,Servicio de Catastro e Información Territorial,IGN
2012,2137,2012-02-23,Jueves,0.0,13:15:00,,0.0,2,"Peatón,Automóvil",PUEYRREDON Y SANTA FE,2,1,0,0,0,0,1,,S/D,,ROSARIO,Rosario,Asfalto,S/D,II,S/D,Urbana,S/D,Funciona,Intersección,Bueno,S/D,S/D,S/D,Otro,S/D,Atropello,S/D,Vertical,S/D,S/D,POINT (-60.657033000000006 -32.9416413),"['Pueyrredón', 'Santa Fe']",2,Pueyrredón; Santa Fe,-32.9416413,-60.657033000000006,55.0,538.0,Municipio Rosario,Municipio,Rosario,820210,Servicio de Catastro e Información Territorial,IGN
2012,2138,2012-02-04,Sabado,0.0,12:20:00,,0.0,2,"Moto/Ciclomotor,Automóvil",OV. LAGOS Y MONTEVIDEO,2,1,0,0,1,0,0,,Calle,,ROSARIO,Rosario,Asfalto,Pavimento,II,Dentro,Urbana,Semáforo,Funciona,Intersección,S/D,Buena,Diurna,Buen Tiempo,"De alcance,Lateral",S/D,Colisión,S/D,S/D,Cordón divisorio,Sin restricción,POINT (-60.663899 -32.95198729999999),"['Avenida Ovidio Lagos', 'Montevideo']",2,Avenida Ovidio Lagos; Montevideo,-32.95198729999999,-60.663899,55.0,538.0,Municipio Rosario,Municipio,Rosario,820210,Servicio de Catastro e Información Territorial,IGN
2012,2140,2012-02-24,Viernes,0.0,09:30:00,,0.0,2,"Automóvil,Automóvil",SANTA FE Y CALLAO,2,1,0,0,1,0,0,,Calle,,ROSARIO,Rosario,Asfalto,S/D,II,S/D,Urbana,S/D,Funciona,Intersección,Bueno,S/D,S/D,Buen Tiempo,S/D,S/D,S/D,S/D,Vertical,S/D,S/D,POINT (-60.6597746 -32.94115649999999),"['Santa Fe', 'Callao']",2,Santa Fe; Callao,-32.94115649999999,-60.6597746,55.0,538.0,Municipio Rosario,Municipio,Rosario,820210,Servicio de Catastro e Información Territorial,IGN