anio_acci,nro_acci,fecha,desc_dia,fecha_aprox,hora_aprox,desc_ruta,km,cant_participantes,desc_participante,calle_avenida_km,total,heridos_leves,heridos_graves,heridos_gravisimos,ilesos,fallecidos,sin_datos,posicion_XY,desc_tipo_via,desc_ruta_ori,desc_loc,desc_dpto,desc_tipo_calzada,desc_tipo_banquina,desc_unidad_regional,desc_lugar_calzada,desc_zona,desc_prioridad,desc_estado_semaforo,desc_lugar_via,desc_estado_via,desc_estado_visibilidad,desc_luminosidad,desc_estado_clima,desc_tipo_colision,desc_tipo_atropello,desc_tipo_hecho,desc_pres_calzada,desc_senializacion,desc_separacion_via,desc_restriccion,forma_geocod,calle_lista,numero_calles,calles_osm,lat,lon,index_right,gid,fna,gna,nam,in1,fdc,sag
2012,2141,2012-02-24,Viernes,0.0,23:40:00,,0.0,2,"Automóvil,Automóvil",URQUIZA Y OV. LAGOS,4,1,0,0,3,0,0,,Calle,,ROSARIO,Rosario,Asfalto,S/D,II,S/D,Urbana,S/D,S/D,Intersección,Bueno,S/D,S/D,Buen Tiempo,S/D,S/D,S/D,S/D,Vertical,S/D,S/D,POINT (-60.660585299999994 -32.938803599999986),"['Urquiza', 'Avenida Ovidio Lagos']",2,Justo José de Urquiza; Avenida Ovidio Lagos,-32.938803599999986,-60.6605853,55.0,538.0,Municipio Rosario,Municipio,Rosario,820210,Servicio de Catastro e Información Territorial,IGN
2012,2143,2012-02-05,Domingo,0.0,17:00:00,,0.0,2,"Bicicleta,Automóvil",VELEZ SARSFIELD Y ALBERDI,2,1,0,0,1,0,0,,Calle,,ROSARIO,Rosario,Asfalto,Pavimento,II,Dentro,Urbana,Semáforo,Funciona,Cruce,Bueno,Buena,Diurna,Buen Tiempo,Otro,S/D,Atropello,S/D,Horizontal,Cordón divisorio,Sin restricción,POINT (-60.677820800000006 -32.9249456),"['Vélez Sarsfield', 'Alberdi']",2,Vélez Sarsfield; Avenida Alberdi,-32.9249456,-60.677820800000006,55.0,538.0,Municipio Rosario,Municipio,Rosario,820210,Servicio de Catastro e Información Territorial,IGN
2012,2144,2012-02-02,Jueves,0.0,10:00:00,,0.0,2,"Automóvil,Taxi/Remis",JUNIN 300,2,1,0,0,1,0,0,,Calle,,ROSARIO,Rosario,Asfalto,Pavimento,II,Dentro,Urbana,Semáforo,Funciona,Intersección,Bueno,Buena,Diurna,Buen Tiempo,Lateral,S/D,Colisión,S/D,Faltante,Ninguna,Sin restricción,"-32.9263632, -60.6675265",['Junin 300'],1,Junin 300,-32.9263632,-60.6675265,55.0,538.0,Municipio Rosario,Municipio,Rosario,820210,Servicio de Catastro e Información Territorial,IGN
2012,2146,2012-02-28,Martes,0.0,20:00:00,,0.0,2,"Moto/Ciclomotor,Automóvil",URQUIZA Y PUEYRREDON,2,1,0,0,1,0,0,,Calle,,ROSARIO,Rosario,Asfalto,No existe,II,Dentro,Urbana,S/D,S/D,Intersección,Bueno,Buena,Nocturna,Buen Tiempo,Frontal,S/D,Colisión,S/D,S/D,Cordón divisorio,Sin restricción,POINT (-60.6564923 -32.9395203),"['Urquiza', 'Pueyrredón']",2,Justo José de Urquiza; Pueyrredón,-32.9395203,-60.6564923,55.0,538.0,Municipio Rosario,Municipio,Rosario,820210,Servicio de Catastro e Información Territorial,IGN
2012,2152,2012-02-13,Lunes,0.0,13:00:00,,0.0,2,"Peatón,Automóvil",DON BOSCO Y GORRITI,2,1,0,0,1,0,0,,Calle,,ROSARIO,Rosario,Asfalto,Pavimento,II,Dentro,Urbana,Otra Señal,No existe,Intersección,Bueno,Buena,Diurna,Buen Tiempo,Otro,S/D,Atropello,S/D,S/D,Ninguna,Sin restricción,POINT (-60.68060429999999 -32.92346369999999),"['Don Bosco', 'Gorriti']",2,Don Bosco; Gorriti,-32.92346369999999,-60.68060429999999,55.0,538.0,Municipio Rosario,Municipio,Rosario,820210,Servicio de Catastro e Información Territorial,IGN
2012,2154,2012-02-14,Martes,0.0,17:30:00,,0.0,2,"Pickup/Utilitario,Automóvil",AV. 3 VIAS Y AVELLANEDA,2,1,0,0,1,0,0,,Avenida,,ROSARIO,Rosario,Asfalto,Pavimento,II,Dentro,Urbana,Semáforo,Funciona,Intersección,Bueno,Buena,Diurna,Lluvia,Lateral,S/D,Colisión,Agua,Horizontal,Cordón divisorio,Sin restricción,POINT (-60.674817000000004 -32.9219776),"['Avenida Doctor Luis Cándido Carballo', 'Avellaneda']",2,Avenida Doctor Luis Cándido Carballo; Bulevar Nicolás Avellaneda,-32.9219776,-60.674817,55.0,538.0,Municipio Rosario,Municipio,Rosario,820210,Servicio de Catastro e Información Territorial,IGN
2012,2155,2012-02-21,Martes,0.0,21:00:00,,0.0,2,"Pickup/Utilitario,Automóvil",JUNIN 1800,2,1,0,0,1,0,0,,Calle,,ROSARIO,Rosario,Asfalto,Pavimento,II,Dentro,Urbana,Señal Pare,No existe,Intersección,Bueno,Buena,Nocturna,Buen Tiempo,Lateral,S/D,Colisión,S/D,Faltante,Ninguna,Sin restricción,"-32.9268383, -60.6887385",['Junin 1800'],1,Junin 1800,-32.9268383,-60.6887385,55.0,538.0,Municipio Rosario,Municipio,Rosario,820210,Servicio de Catastro e Información Territorial,IGN
2012,2157,2012-02-25,Sabado,0.0,09:45:00,,0.0,2,"Moto/Ciclomotor,Automóvil",VELEZ SARSFIELD Y DIAZ VELEZ,2,1,0,0,1,0,0,,Calle,,ROSARIO,Rosario,Asfalto,Pavimento,II,Dentro,Urbana,Ninguna,No existe,Intersección,Bueno,Buena,Diurna,Buen Tiempo,Lateral,S/D,Colisión,S/D,Horizontal,Cordón divisorio,Sin restricción,POINT (-60.6846919 -32.92511309999999),"['Vélez Sarsfield', 'Díaz Vélez']",2,Vélez Sarsfield; Díaz Vélez,-32.92511309999999,-60.6846919,55.0,538.0,Municipio Rosario,Municipio,Rosario,820210,Servicio de Catastro e Información Territorial,IGN
2012,2159,2012-02-06,Lunes,0.0,17:00:00,,0.0,1,Bicicleta,AV. ALBERDI Y ALMAFUERTE,1,1,0,0,0,0,0,,Avenida,,ROSARIO,Rosario,Asfalto,S/D,II,Dentro,Urbana,Semáforo,S/D,Curva,Bueno,S/D,S/D,Buen Tiempo,Otro,S/D,Caída ocupante,S/D,S/D,Cordón divisorio,S/D,POINT (-60.683913999999994 -32.917345749999996),"['Alberdi', 'Almafuerte']",2,Avenida Alberdi; Almafuerte,-32.91734575,-60.683914,55.0,538.0,Municipio Rosario,Municipio,Rosario,820210,Servicio de Catastro e Información Territorial,IGN
2012,2161,2012-02-25,Sabado,0.0,23:25:00,,0.0,2,"Moto/Ciclomotor,Automóvil",GENOVA Y FERREYRA,2,1,0,0,1,0,0,,Calle,,ROSARIO,Rosario,Asfalto,S/D,II,Dentro,Urbana,Ninguna,No existe,Intersección,Bueno,Buena,"Nocturna,Con luz artificial",Buen Tiempo,"Frontal,Lateral",S/D,Colisión,S/D,S/D,Ninguna,S/D,POINT (-60.6803736 -32.9150486),"['Genova', 'Ferreyra']",2,Avenida Génova; Ferreyra,-32.9150486,-60.6803736,55.0,538.0,Municipio Rosario,Municipio,Rosario,820210,Servicio de Catastro e Información Territorial,IGN
2012,2162,2012-02-21,Martes,0.0,19:30:00,,0.0,2,"Automóvil,Camión",AVELLANEDA Y ALMAFUERTE,2,1,0,0,1,0,0,,Avenida,,ROSARIO,Rosario,Asfalto,S/D,II,Dentro,Urbana,Semáforo,Funciona,Intersección,Bueno,Buena,Diurna,Buen Tiempo,Otro,S/D,Colisión,S/D,Vertical,Cordón divisorio,S/D,POINT (-60.67357185 -32.9170391),"['Avellaneda', 'Almafuerte']",2,Bulevar Nicolás Avellaneda; Almafuerte,-32.9170391,-60.67357185,55.0,538.0,Municipio Rosario,Municipio,Rosario,820210,Servicio de Catastro e Información Territorial,IGN
2012,2167,2012-02-06,Lunes,0.0,16:15:00,,0.0,2,"Vehículo Oficial,Pickup/Utilitario",FRANCIA Y ZEBALLOS,3,2,0,0,1,0,0,,Calle,,ROSARIO,Rosario,Asfalto,Pavimento,II,Dentro,Urbana,Semáforo,S/D,Intersección,Bueno,Buena,Diurna,Buen Tiempo,Lateral,S/D,Colisión,S/D,S/D,Cordón divisorio,Sin restricción,POINT (-60.667674500000004 -32.950099099999996),"['Avenida Francia', 'Zeballos']",2,Avenida Francia; Zeballos,-32.9500991,-60.6676745,55.0,538.0,Municipio Rosario,Municipio,Rosario,820210,Servicio de Catastro e Información Territorial,IGN
2012,2183,2012-02-22,Miercoles,0.0,23:00:00,,0.0,2,"Automóvil,Camión",AVELLANEDA Y GRONDONA,3,2,0,0,1,0,0,,Calle,,ROSARIO,Rosario,Asfalto,S/D,II,Dentro,Urbana,Semáforo,Funciona,Intersección,Bueno,Buena,Nocturna,Buen Tiempo,"Frontal,Otro",S/D,Colisión,S/D,Vertical,Cordón divisorio,S/D,POINT (-60.67465465000001 -32.9212972),"['Avellaneda', 'Grondona']",2,Bulevar Nicolás Avellaneda; Grondona,-32.9212972,-60.67465465000001,55.0,538.0,Municipio Rosario,Municipio,Rosario,820210,Servicio de Catastro e Información Territorial,IGN
2012,2184,2012-02-26,Domingo,0.0,18:50:00,,0.0,2,"Moto/Ciclomotor,Automóvil",AV. ALBERDI Y PORTUGAL,3,2,0,0,1,0,0,,Avenida,,ROSARIO,Rosario,Asfalto,S/D,II,Dentro,Urbana,Semáforo,Funciona,Intersección,Bueno,Buena,Diurna,Buen Tiempo,Lateral,S/D,Colisión,S/D,Vertical,Cordón divisorio,S/D,POINT (-60.68625125 -32.914380200000004),"['Alberdi', 'Portugal']",2,Avenida Alberdi; Avenida Portugal,-32.914380200000004,-60.68625125,55.0,538.0,Municipio Rosario,Municipio,Rosario,820210,Servicio de Catastro e Información Territorial,IGN
2012,2186,2012-02-25,Sabado,0.0,04:40:00,,0.0,1,Moto/Ciclomotor,AV. A. SABIN Y CARBALLO,2,2,0,0,0,0,0,,Avenida,,ROSARIO,Rosario,Asfalto,S/D,II,Dentro,Urbana,Semáforo,Funciona,Rotonda,Bueno,Buena,Nocturna,Buen Tiempo,Otro,S/D,Caída ocupante,S/D,Vertical,Cordón divisorio,S/D,POINT (-60.68568234000001 -32.92234279999999),"['Avenida Travesía Albert Sabin', 'Avenida Doctor Luis Cándido Carballo']",2,Avenida Travesía Albert Sabin; Avenida Doctor Luis Cándido Carballo,-32.92234279999999,-60.68568234000001,55.0,538.0,Municipio Rosario,Municipio,Rosario,820210,Servicio de Catastro e Información Territorial,IGN
2012,2187,2012-02-14,Martes,0.0,17:35:00,,0.0,2,"Moto/Ciclomotor,Automóvil",AV. ALBERDI Y JOSE INGENIEROS,2,1,0,0,1,0,0,,Avenida,,ROSARIO,Rosario,Asfalto,Pavimento,II,Dentro,Urbana,Ninguna,Funciona,Intersección,Bueno,Buena,Diurna,Buen Tiempo,Otro,S/D,Colisión,Otro,Horizontal,Cordón divisorio,Sin restricción,POINT (-60.68477695 -32.916276550000006),"['Alberdi', 'José Ingenieros']",2,Avenida Alberdi; José Ingenieros,-32.916276550000006,-60.68477695,55.0,538.0,Municipio Rosario,Municipio,Rosario,820210,Servicio de Catastro e Información Territorial,IGN
2012,2189,2012-02-13,Lunes,0.0,13:50:00,,0.0,2,"Moto/Ciclomotor,Automóvil",AV. AVELLANEDA Y C. CARBALLO,2,1,0,0,1,0,0,,Avenida,,ROSARIO,Rosario,Asfalto,Pavimento,II,Dentro,Urbana,Semáforo,Funciona,Intersección,Bueno,Buena,Diurna,Buen Tiempo,Lateral,S/D,Colisión,Otro,Vertical,Cordón divisorio,Sin restricción,POINT (-60.674817000000004 -32.9219776),"['Avellaneda', 'Avenida Doctor Luis Cándido Carballo']",2,Bulevar Nicolás Avellaneda; Avenida Doctor Luis Cándido Carballo,-32.9219776,-60.674817,55.0,538.0,Municipio Rosario,Municipio,Rosario,820210,Servicio de Catastro e Información Territorial,IGN
2012,2190,2012-02-13,Lunes,0.0,12:45:00,,0.0,2,"Automóvil,Automóvil",GENOVA Y VICTOR MERCANTE,2,1,0,0,0,0,1,,Calle,,ROSARIO,Rosario,Asfalto,Pavimento,II,Dentro,Urbana,Ninguna,No existe,Recta,Bueno,Buena,Diurna,Buen Tiempo,Otro,S/D,Colisión,Otro,Faltante,Ninguna,Sin restricción,POINT (-60.6841316 -32.9151559),"['Genova', 'Víctor Mercante']",2,Avenida Génova; Víctor Mercante,-32.9151559,-60.6841316,55.0,538.0,Municipio Rosario,Municipio,Rosario,820210,Servicio de Catastro e Información Territorial,IGN
2012,2192,2012-02-19,Domingo,0.0,02:25:00,,0.0,2,"Moto/Ciclomotor,Automóvil",AV. CENTENARIO ROSARIO CENTRAL Y GENOVA,2,1,0,0,0,0,1,,Avenida,,ROSARIO,Rosario,Asfalto,Pavimento,II,Dentro,Urbana,Marca Vial,No existe,Curva,Bueno,S/D,S/D,Buen Tiempo,Lateral,S/D,Colisión,Otro,Horizontal,Cordón divisorio,Sin restricción,POINT (-60.67309159999999 -32.915002199999996),"['Avenida Centenario Rosario Central', 'Genova']",2,Avenida Centenario Rosario Central; Avenida Génova,-32.9150022,-60.67309159999999,55.0,538.0,Municipio Rosario,Municipio,Rosario,820210,Servicio de Catastro e Información Territorial,IGN
2012,2195,2012-02-14,Martes,0.0,17:40:00,,0.0,2,"Moto/Ciclomotor,Moto/Ciclomotor",GENOVA Y VICTOR MERCANTE,2,1,0,0,1,0,0,,Calle,,ROSARIO,Rosario,Asfalto,Pavimento,II,Dentro,Urbana,Ninguna,No existe,Intersección,Bueno,Buena,"Nocturna,Con luz artificial",Buen Tiempo,Otro,S/D,"Caída ocupante,Despiste",S/D,S/D,Ninguna,Sin restricción,POINT (-60.6841316 -32.9151559),"['Genova', 'Víctor Mercante']",2,Avenida Génova; Víctor Mercante,-32.9151559,-60.6841316,55.0,538.0,Municipio Rosario,Municipio,Rosario,820210,Servicio de Catastro e Información Territorial,IGN
2012,2198,2012-02-04,Sabado,0.0,18:30:00,,0.0,2,"Moto/Ciclomotor,Automóvil",AV. CARRASCO 2700,2,1,0,0,1,0,0,,Avenida,,ROSARIO,Rosario,Asfalto,No existe,II,Dentro,Urbana,S/D,No existe,Recta,Bueno,Buena,Diurna,Buen Tiempo,S/D,S/D,Colisión,Otro,S/D,Cordón divisorio,S/D,"-32.9642613, -60.6685484",['Carrasco 2700'],1,Carrasco 2700,-32.9642613,-60.6685484,55.0,538.0,Municipio Rosario,Municipio,Rosario,820210,Servicio de Catastro e Información Territorial,IGN
2012,2201,2012-01-30,Lunes,0.0,10:44:00,,0.0,2,"Automóvil,Pickup/Utilitario",RONDEAU Y NANSEN,2,1,0,0,1,0,0,,Calle,,ROSARIO,Rosario,Asfalto,S/D,II,Dentro,Urbana,Semáforo,S/D,Recta,Bueno,S/D,S/D,Buen Tiempo,Frontal,S/D,Colisión,S/D,Horizontal,Cordón divisorio,Sin restricción,POINT (-60.68788825 -32.909382825),"['Rondeau', 'Nansen']",2,Bulevar General José Rondeau; Avenida Nansen,-32.909382825,-60.68788825,55.0,538.0,Municipio Rosario,Municipio,Rosario,820210,Servicio de Catastro e Información Territorial,IGN
2012,2202,2012-02-01,Miercoles,0.0,20:45:00,,0.0,2,"Peatón,Moto/Ciclomotor",RONDEAU Y VILA,2,2,0,0,0,0,0,,Calle,,ROSARIO,Rosario,Asfalto,No existe,II,Dentro,Urbana,Semáforo,Intermitente,Recta,Bueno,S/D,Nocturna,Lluvia,Otro,S/D,Atropello,Agua,S/D,Cordón divisorio,S/D,POINT (-60.691285475 -32.89816437499999),"['Rondeau', 'Vila']",2,Bulevar General José Rondeau; Carlos Ávila,-32.89816437499999,-60.691285475,55.0,538.0,Municipio Rosario,Municipio,Rosario,820210,Servicio de Catastro e Información Territorial,IGN
2012,2204,2012-02-01,Miercoles,0.0,13:05:00,,0.0,2,"Moto/Ciclomotor,Automóvil",BAIGORRIA Y MAZZA,2,1,0,0,1,0,0,,Calle,,ROSARIO,Rosario,Asfalto,No existe,II,Dentro,Urbana,Ninguna,No existe,Recta,Bueno,Buena,Diurna,Buen Tiempo,Lateral,S/D,Colisión,S/D,S/D,Cordón divisorio,Sin restricción,POINT (-60.689754300000004 -32.89077189999998),"['Baigorria', 'Juan Agustín Maza']",2,Baigorria; Juan Agustín Maza,-32.89077189999998,-60.6897543,55.0,538.0,Municipio Rosario,Municipio,Rosario,820210,Servicio de Catastro e Información Territorial,IGN
2012,2207,2012-02-03,Viernes,0.0,15:00:00,,0.0,1,Automóvil,RONDEAU Y NANSEN,2,1,0,0,1,0,0,,Avenida,,ROSARIO,Rosario,Asfalto,No existe,II,Dentro,Urbana,Semáforo,Funciona,Recta,Bueno,Buena,Diurna,Buen Tiempo,S/D,S/D,Colisión,S/D,S/D,Cordón divisorio,Sin restricción,POINT (-60.68788825 -32.909382825),"['Rondeau', 'Nansen']",2,Bulevar General José Rondeau; Avenida Nansen,-32.909382825,-60.68788825,55.0,538.0,Municipio Rosario,Municipio,Rosario,820210,Servicio de Catastro e Información Territorial,IGN
2012,2209,2012-02-17,Viernes,0.0,04:30:00,,0.0,2,"Moto/Ciclomotor,Automóvil",FOURNIER Y ANTEQUERA,2,1,0,0,1,0,0,,Calle,,ROSARIO,Rosario,Asfalto,No existe,II,S/D,Urbana,S/D,No existe,Curva,Bueno,S/D,Diurna,Buen Tiempo,Lateral,S/D,Colisión,S/D,S/D,S/D,S/D,POINT (-60.69737490000001 -32.9081556),"['Fournier', 'Antequera']",2,Fournier; Antequera,-32.9081556,-60.69737490000001,55.0,538.0,Municipio Rosario,Municipio,Rosario,820210,Servicio de Catastro e Información Territorial,IGN
2012,2212,2012-02-14,Martes,0.0,22:30:00,,0.0,2,"Moto/Ciclomotor,Moto/Ciclomotor",AV. COLOMBRES 1400,3,2,0,0,1,0,0,,Calle,,ROSARIO,Rosario,Asfalto,Pavimento,II,S/D,Urbana,Semáforo,Funciona,Recta,Bueno,Buena,Nocturna,Buen Tiempo,S/D,S/D,Colisión,S/D,S/D,S/D,S/D,"-32.945062, -60.7292233",['Colombres 1400'],1,Colombres 1400,-32.945062,-60.7292233,55.0,538.0,Municipio Rosario,Municipio,Rosario,820210,Servicio de Catastro e Información Territorial,IGN
2012,2215,2012-02-18,Sabado,0.0,06:40:00,,0.0,2,"Moto/Ciclomotor,Automóvil",BV RONDEAU Y MATHEU,2,1,0,0,1,0,0,,Avenida,,ROSARIO,Rosario,Asfalto,Pavimento,II,Dentro,Urbana,Semáforo,Funciona,Intersección,Bueno,Buena,Nocturna,Buen Tiempo,S/D,S/D,Colisión,S/D,S/D,S/D,S/D,POINT (-60.694274275000005 -32.888422175),"['Rondeau', 'Matheu']",2,Bulevar General José Rondeau; Domingo Matheu,-32.888422175,-60.694274275000005,55.0,538.0,Municipio Rosario,Municipio,Rosario,820210,Servicio de Catastro e Información Territorial,IGN
2012,2216,2012-02-18,Sabado,0.0,15:10:00,,0.0,2,"Automóvil,Automóvil",BV. RONDEAU Y MARTIN FIERRO,3,3,0,0,0,0,0,,Calle,,ROSARIO,Rosario,Asfalto,Pavimento,II,Dentro,Urbana,Semáforo,Funciona,Intersección,Bueno,S/D,Diurna,Buen Tiempo,S/D,S/D,S/D,S/D,S/D,S/D,S/D,POINT (-60.69743998 -32.87802498),"['Rondeau', 'Martin Fierro']",2,Bulevar General José Rondeau; Martin Fierro,-32.87802498,-60.69743998,55.0,538.0,Municipio Rosario,Municipio,Rosario,820210,Servicio de Catastro e Información Territorial,IGN
2012,2218,2012-02-19,Domingo,0.0,19:00:00,,0.0,2,"Moto/Ciclomotor,Automóvil",JUAN CARLOS CASAS Y DARRASQUEIRA,2,1,0,0,1,0,0,,S/D,,ROSARIO,Rosario,Asfalto,Pavimento,II,S/D,Urbana,S/D,No existe,Intersección,Bueno,Buena,Diurna,Buen Tiempo,Lateral,S/D,Colisión,S/D,S/D,S/D,S/D,POINT (-60.691158 -32.9091007),"['Juan Carlos Casas', 'José Darragueira']",2,Juan Carlos Casas; José Darragueira,-32.9091007,-60.691158,55.0,538.0,Municipio Rosario,Municipio,Rosario,820210,Servicio de Catastro e Información Territorial,IGN
2012,2219,2012-02-10,Viernes,0.0,12:00:00,,0.0,2,"Moto/Ciclomotor,Camión",UNION Y BLAS PARERA,2,1,0,0,1,0,0,,Calle,,ROSARIO,Rosario,S/D,No existe,II,S/D,S/D,S/D,No existe,Intersección,Bueno,Buena,Diurna,Buen Tiempo,Lateral,S/D,Colisión,S/D,Faltante,Ninguna,S/D,POINT (-60.7005779 -32.9020411),"['Unión', 'Blas Parera']",2,Unión; Blas Parera,-32.9020411,-60.7005779,55.0,538.0,Municipio Rosario,Municipio,Rosario,820210,Servicio de Catastro e Información Territorial,IGN
2012,2225,2012-02-01,Miercoles,1.0,00:00:00,,0.0,2,"Peatón,Automóvil",BV. RONDEAU 1200,2,1,0,0,1,0,0,,Avenida,,ROSARIO,Rosario,Asfalto,S/D,II,S/D,S/D,S/D,S/D,Recta,Otro,S/D,S/D,Buen Tiempo,S/D,S/D,Atropello,Otro,S/D,Cordón divisorio,Sin restricción,"-32.9023531, -60.6897399",['Rondeau 1200'],1,Rondeau 1200,-32.9023531,-60.6897399,55.0,538.0,Municipio Rosario,Municipio,Rosario,820210,Servicio de Catastro e Información Territorial,IGN
2012,2226,2012-02-13,Lunes,0.0,19:30:00,,0.0,2,"Moto/Ciclomotor,Automóvil",BV. RONDEAU Y WASHINGTON,2,1,0,0,1,0,0,,Avenida,,ROSARIO,Rosario,Asfalto,No existe,II,S/D,S/D,Semáforo,Funciona,Intersección,Otro,Buena,"Atardecer,Con luz artificial",Buen Tiempo,Lateral,S/D,Colisión,Otro,S/D,Cordón divisorio,Sin restricción,POINT (-60.6903563 -32.901208475000004),"['Rondeau', 'Washington']",2,Bulevar General José Rondeau; Washington,-32.901208475000004,-60.6903563,55.0,538.0,Municipio Rosario,Municipio,Rosario,820210,Servicio de Catastro e Información Territorial,IGN
2012,2227,2012-02-14,Martes,0.0,13:45:00,,0.0,2,"Moto/Ciclomotor,Peatón",AV. CARRASCO Y GALLO,2,1,0,0,0,0,1,,Avenida,,ROSARIO,Rosario,Asfalto,No existe,II,S/D,S/D,Ninguna,No existe,Recta,S/D,S/D,"Diurna,Con luz artificial",Otro,Otro,S/D,Atropello,S/D,S/D,Ninguna,S/D,POINT (-60.686882950000005 -32.88919039999999),"['Carrasco', 'Gallo']",2,Omar Carrasco; Cangallo,-32.88919039999999,-60.686882950000005,55.0,538.0,Municipio Rosario,Municipio,Rosario,820210,Servicio de Catastro e Información Territorial,IGN
2012,2241,2012-02-11,Sabado,0.0,15:00:00,,0.0,2,"Bicicleta,Pickup/Utilitario",SORRENTO Y C. CASAS,3,2,0,0,0,0,1,,Calle,,ROSARIO,Rosario,Asfalto,No existe,II,Dentro,Urbana,Semáforo,Funciona,Intersección,Otro,Buena,Diurna,Buen Tiempo,Otro,S/D,Atropello,Otro,S/D,Línea divisoria pintada,Sin restricción,POINT (-60.695695025000006 -32.90729415),"['Sorrento', 'Avenida Casiano Casas']",2,Avenida Sorrento; Avenida Casiano Casas,-32.90729415,-60.695695025000006,55.0,538.0,Municipio Rosario,Municipio,Rosario,820210,Servicio de Catastro e Información Territorial,IGN
2012,2242,2012-02-16,Jueves,0.0,00:00:00,,0.0,2,"Moto/Ciclomotor,Pickup/Utilitario",BV. RONDEAU Y MARTIN FIERRO,3,1,0,0,0,0,2,,Avenida,,ROSARIO,Rosario,Asfalto,No existe,II,S/D,Urbana,Semáforo,Funciona,Intersección,Otro,Buena,"Diurna,Con luz artificial",Buen Tiempo,Otro,S/D,Colisión,Otro,S/D,Cordón divisorio,Sin restricción,POINT (-60.69743998 -32.87802498),"['Rondeau', 'Martin Fierro']",2,Bulevar General José Rondeau; Martin Fierro,-32.87802498,-60.69743998,55.0,538.0,Municipio Rosario,Municipio,Rosario,820210,Servicio de Catastro e Información Territorial,IGN
2012,2243,2012-03-03,Sabado,0.0,10:00:00,,0.0,2,"Peatón,Moto/Ciclomotor",FRENCH Y CULLEN,2,1,0,0,0,0,1,,Calle,,ROSARIO,Rosario,Asfalto,S/D,II,Dentro,Urbana,Ninguna,S/D,Intersección,Bueno,S/D,S/D,Buen Tiempo,S/D,S/D,Atropello,Otro,Faltante,Ninguna,S/D,POINT (-60.70976655 -32.9216945),"['French', 'Cullen']",2,Domingo French; Cullen,-32.9216945,-60.70976655,55.0,538.0,Municipio Rosario,Municipio,Rosario,820210,Servicio de Catastro e Información Territorial,IGN
2012,2244,2012-01-15,Domingo,0.0,15:00:00,,0.0,2,"Peatón,Moto/Ciclomotor",PCIAS. UNIDAS Y NAVARRO,2,0,0,0,0,0,2,,Calle,,ROSARIO,Rosario,S/D,S/D,II,S/D,S/D,S/D,S/D,S/D,S/D,S/D,S/D,S/D,Otro,S/D,Atropello,S/D,S/D,S/D,S/D,POINT (-60.713012649999996 -32.931526899999994),"['Avenida Provincias Unidas', 'Navarro']",2,Avenida Provincias Unidas; Navarro,-32.931526899999994,-60.71301265,55.0,538.0,Municipio Rosario,Municipio,Rosario,820210,Servicio de Catastro e Información Territorial,IGN
2012,2245,2012-02-19,Domingo,0.0,00:00:00,,0.0,2,"Moto/Ciclomotor,Automóvil",TTE. AGNETA Y VELEZ SARSFIELD,2,2,0,0,1,0,-1,,Calle,,ROSARIO,Rosario,Asfalto,S/D,II,S/D,S/D,Ninguna,S/D,Recta,Bueno,S/D,S/D,Buen Tiempo,Lateral,S/D,Colisión,Otro,Faltante,Ninguna,S/D,POINT (-60.7003935 -32.9256592),"['Teniente Agneta', 'Vélez Sarsfield']",2,Teniente Agneta; Vélez Sarsfield,-32.9256592,-60.7003935,55.0,538.0,Municipio Rosario,Municipio,Rosario,820210,Servicio de Catastro e Información Territorial,IGN
2012,2246,2012-02-16,Jueves,0.0,00:00:00,,0.0,1,Moto/Ciclomotor,ESQUIU Y LINIERS,2,2,0,0,0,0,0,,Calle,,ROSARIO,Rosario,Asfalto,S/D,II,Dentro,Urbana,Ninguna,S/D,Recta,S/D,S/D,S/D,Buen Tiempo,Lateral,S/D,Colisión,Otro,Faltante,Ninguna,S/D,POINT (-60.6992158 -32.9227385),"['Esquiú', 'Liniers']",2,Esquiú; Liniers,-32.9227385,-60.6992158,55.0,538.0,Municipio Rosario,Municipio,Rosario,820210,Servicio de Catastro e Información Territorial,IGN
2012,2248,2012-02-22,Miercoles,0.0,00:35:00,,0.0,2,"Peatón,Moto/Ciclomotor",CULLEN ,2,1,0,0,0,0,1,,Calle,,ROSARIO,Rosario,Asfalto,S/D,II,S/D,S/D,Ninguna,S/D,Intersección,Bueno,S/D,S/D,S/D,Otro,S/D,Atropello,S/D,S/D,S/D,S/D,"-32.9621671, -60.7081982",['Cullen'],1,Cullen,-32.9621671,-60.7081982,55.0,538.0,Municipio Rosario,Municipio,Rosario,820210,Servicio de Catastro e Información Territorial,IGN
2012,2249,2012-02-18,Sabado,0.0,00:00:00,,0.0,1,Moto/Ciclomotor,ESQUIU Y PERU,1,1,0,0,0,0,0,,S/D,,ROSARIO,Rosario,Asfalto,S/D,II,S/D,S/D,Ninguna,S/D,Recta,Bueno,S/D,S/D,Buen Tiempo,Lateral,S/D,Colisión,Otro,Faltante,Ninguna,S/D,POINT (-60.7121336 -32.923085699999994),"['Esquiú', 'Peru']",2,Esquiú; Perú,-32.923085699999994,-60.7121336,55.0,538.0,Municipio Rosario,Municipio,Rosario,820210,Servicio de Catastro e Información Territorial,IGN