anio_acci,nro_acci,fecha,desc_dia,fecha_aprox,hora_aprox,desc_ruta,km,cant_participantes,desc_participante,calle_avenida_km,total,heridos_leves,heridos_graves,heridos_gravisimos,ilesos,fallecidos,sin_datos,posicion_XY,desc_tipo_via,desc_ruta_ori,desc_loc,desc_dpto,desc_tipo_calzada,desc_tipo_banquina,desc_unidad_regional,desc_lugar_calzada,desc_zona,desc_prioridad,desc_estado_semaforo,desc_lugar_via,desc_estado_via,desc_estado_visibilidad,desc_luminosidad,desc_estado_clima,desc_tipo_colision,desc_tipo_atropello,desc_tipo_hecho,desc_pres_calzada,desc_senializacion,desc_separacion_via,desc_restriccion,forma_geocod,calle_lista,numero_calles,calles_osm,lat,lon,index_right,gid,fna,gna,nam,in1,fdc,sag
2012,2251,2012-02-12,Domingo,0.0,20:30:00,,0.0,2,"Moto/Ciclomotor,Pickup/Utilitario",VELEZ SARSFIELD Y FRAGA,2,1,0,0,1,0,0,,Calle,,ROSARIO,Rosario,Asfalto,S/D,II,S/D,Urbana,Ninguna,S/D,Intersección,Bueno,S/D,S/D,Buen Tiempo,Lateral,S/D,Colisión,S/D,Faltante,S/D,S/D,POINT (-60.710862799999994 -32.9259725),"['Vélez Sarsfield', 'Fraga']",2,Vélez Sarsfield; Rosendo María Fraga,-32.9259725,-60.7108628,55.0,538.0,Municipio Rosario,Municipio,Rosario,820210,Servicio de Catastro e Información Territorial,IGN
2012,2254,2012-02-18,Sabado,0.0,11:00:00,,0.0,1,Transporte de Pasajeros,JUNIN Y FRAGA,2,0,0,0,0,0,2,,Calle,,ROSARIO,Rosario,Asfalto,No existe,II,S/D,S/D,Ninguna,No existe,Recta,Bueno,Buena,Diurna,Buen Tiempo,Otro,S/D,Otro,S/D,S/D,Ninguna,S/D,POINT (-60.710806 -32.927517599999995),"['Junín', 'Fraga']",2,Junín; Rosendo María Fraga,-32.927517599999995,-60.710806,55.0,538.0,Municipio Rosario,Municipio,Rosario,820210,Servicio de Catastro e Información Territorial,IGN
2012,2257,2012-02-09,Jueves,0.0,20:30:00,,0.0,2,"Moto/Ciclomotor,Automóvil",PCIAS. UNIDAS Y RIO NEGRO,3,1,0,0,2,0,0,,Calle,,ROSARIO,Rosario,Asfalto,No existe,II,Dentro,Urbana,Señal Pare,No existe,Recta,Resbaladiza,Buena,"Nocturna,Con luz artificial",S/D,Otro,S/D,Colisión,S/D,Vertical,Ninguna,Sin restricción,POINT (-60.71235555 -32.94607385),"['Avenida Provincias Unidas', 'Rio Negro']",2,Avenida Provincias Unidas; Río Negro,-32.94607385,-60.71235555,55.0,538.0,Municipio Rosario,Municipio,Rosario,820210,Servicio de Catastro e Información Territorial,IGN
2012,2261,2012-02-06,Lunes,0.0,19:30:00,,0.0,2,"Peatón,Pickup/Utilitario",ALSINA Y SAN JUAN,2,1,0,0,1,0,0,,S/D,,ROSARIO,Rosario,Asfalto,Pavimento,II,S/D,S/D,S/D,S/D,Intersección,Bueno,Buena,Diurna,Buen Tiempo,Otro,S/D,Atropello,S/D,S/D,Cordón divisorio,Sin restricción,POINT (-60.6773363 -32.9433276),"['Alsina', 'San Juan']",2,Alsina; San Juan,-32.9433276,-60.6773363,55.0,538.0,Municipio Rosario,Municipio,Rosario,820210,Servicio de Catastro e Información Territorial,IGN
2012,2263,2012-02-07,Martes,0.0,14:30:00,,0.0,2,"Bicicleta,Automóvil",SAN JUAN Y FRANCIA,2,1,0,0,0,0,1,,Calle,,ROSARIO,Rosario,Asfalto,Pavimento,II,Dentro,Urbana,Semáforo,S/D,Intersección,Bueno,Buena,Diurna,Buen Tiempo,Lateral,S/D,Colisión,S/D,S/D,Cordón divisorio,Sin restricción,POINT (-60.6664543 -32.945264599999994),"['San Juan', 'Avenida Francia']",2,San Juan; Avenida Francia,-32.945264599999994,-60.6664543,55.0,538.0,Municipio Rosario,Municipio,Rosario,820210,Servicio de Catastro e Información Territorial,IGN
2012,2264,2012-02-07,Martes,0.0,10:00:00,,0.0,2,"Moto/Ciclomotor,Automóvil",CORDOBA Y VERA MUJICA,2,1,0,0,1,0,0,,Calle,,ROSARIO,Rosario,Asfalto,Pavimento,II,Dentro,Urbana,Policía de tránsito,S/D,Intersección,Bueno,Buena,Diurna,Buen Tiempo,Lateral,S/D,Colisión,Agua,S/D,Cordón divisorio,Sin restricción,POINT (-60.666903 -32.94129629999999),"['Córdoba', 'Vera Mujíca']",2,Córdoba; Vera Mujíca,-32.94129629999999,-60.666903,55.0,538.0,Municipio Rosario,Municipio,Rosario,820210,Servicio de Catastro e Información Territorial,IGN
2012,2265,2012-02-07,Martes,0.0,17:30:00,,0.0,2,"Bicicleta,Pickup/Utilitario",PELLEGRINI 3100,2,1,0,0,1,0,0,,Calle,,ROSARIO,Rosario,Asfalto,Pavimento,II,Dentro,Urbana,S/D,Funciona,Recta,Bueno,Buena,Diurna,Buen Tiempo,Otro,S/D,Atropello,S/D,S/D,Cordón divisorio,Sin restricción,"-32.9523119, -60.668022",['Pellegrini 3100'],1,Pellegrini 3100,-32.9523119,-60.668022,55.0,538.0,Municipio Rosario,Municipio,Rosario,820210,Servicio de Catastro e Información Territorial,IGN
2012,2266,2012-02-07,Martes,0.0,17:10:00,,0.0,2,"Moto/Ciclomotor,Moto/Ciclomotor",PELLEGRINI 3800,2,2,0,0,0,0,0,,Calle,,ROSARIO,Rosario,Asfalto,Pavimento,II,Dentro,Urbana,S/D,S/D,Intersección,S/D,Buena,Diurna,S/D,Lateral,S/D,Colisión,S/D,S/D,Cordón divisorio,Sin restricción,"-32.9505912, -60.6776047",['Pellegrini 3800'],1,Pellegrini 3800,-32.9505912,-60.6776047,55.0,538.0,Municipio Rosario,Municipio,Rosario,820210,Servicio de Catastro e Información Territorial,IGN
2012,2267,2012-02-08,Miercoles,0.0,05:30:00,,0.0,2,"Moto/Ciclomotor,Automóvil",CORDOBA Y CAFFERATA,2,1,0,0,0,0,1,,Calle,,ROSARIO,Rosario,Asfalto,Pavimento,II,Dentro,Urbana,S/D,S/D,Intersección,S/D,Buena,Diurna,Buen Tiempo,Lateral,S/D,Colisión,S/D,S/D,Cordón divisorio,Sin restricción,POINT (-60.6709866 -32.9405587),"['Córdoba', 'Cafferata']",2,Córdoba; Cafferata,-32.9405587,-60.6709866,55.0,538.0,Municipio Rosario,Municipio,Rosario,820210,Servicio de Catastro e Información Territorial,IGN
2012,2268,2012-02-08,Miercoles,0.0,12:00:00,,0.0,2,"Peatón,Pickup/Utilitario",MENDOZA Y GUTEMBERG,2,1,0,0,1,0,0,,Calle,,ROSARIO,Rosario,Asfalto,Pavimento,II,Dentro,Urbana,S/D,S/D,Intersección,Bueno,S/D,Diurna,Buen Tiempo,Lateral,S/D,Colisión,S/D,S/D,Cordón divisorio,Sin restricción,POINT (-60.68857770000001 -32.94277249999998),"['Mendoza', 'Gutenberg']",2,Mendoza; Gutenberg,-32.94277249999998,-60.68857770000001,55.0,538.0,Municipio Rosario,Municipio,Rosario,820210,Servicio de Catastro e Información Territorial,IGN
2012,2269,2012-02-08,Miercoles,0.0,21:30:00,,0.0,2,"Moto/Ciclomotor,Automóvil",SAN LUIS Y ALSINA,3,2,0,0,1,0,0,,Calle,,ROSARIO,Rosario,Asfalto,Pavimento,II,Dentro,Urbana,S/D,S/D,Intersección,S/D,S/D,S/D,Buen Tiempo,Lateral,S/D,Colisión,S/D,S/D,Cordón divisorio,Sin restricción,POINT (-60.67705600000001 -32.9422069),"['San Luis', 'Alsina']",2,San Luis; Alsina,-32.9422069,-60.67705600000001,55.0,538.0,Municipio Rosario,Municipio,Rosario,820210,Servicio de Catastro e Información Territorial,IGN
2012,2271,2012-02-03,Viernes,0.0,18:20:00,,0.0,2,"Moto/Ciclomotor,Automóvil",PELLEGRINI 3500,2,2,0,0,0,0,0,,Calle,,ROSARIO,Rosario,Asfalto,S/D,II,Dentro,Urbana,S/D,S/D,Intersección,S/D,S/D,S/D,Buen Tiempo,Lateral,S/D,Colisión,S/D,S/D,Cordón divisorio,Sin restricción,"-32.9513471, -60.6735013",['Pellegrini 3500'],1,Pellegrini 3500,-32.9513471,-60.6735013,55.0,538.0,Municipio Rosario,Municipio,Rosario,820210,Servicio de Catastro e Información Territorial,IGN
2012,2273,2012-02-10,Viernes,0.0,03:30:00,,0.0,2,"Bicicleta,Automóvil",IRIONDO Y MARCOS PAZ,2,1,0,0,1,0,0,,Calle,,ROSARIO,Rosario,S/D,Pavimento,II,Dentro,Urbana,S/D,No existe,Intersección,S/D,Reducida polvo,Nocturna,Buen Tiempo,Otro,S/D,Atropello,S/D,S/D,Cordón divisorio,Sin restricción,POINT (-60.6707242 -32.945242799999995),"['Iriondo', 'Marcos Paz']",2,Iriondo; Marcos Paz,-32.945242799999995,-60.6707242,55.0,538.0,Municipio Rosario,Municipio,Rosario,820210,Servicio de Catastro e Información Territorial,IGN
2012,2274,2012-02-10,Viernes,0.0,12:00:00,,0.0,2,"Moto/Ciclomotor,Automóvil",ZEBALLOS Y VERA MUJICA,2,1,0,0,1,0,0,,Calle,,ROSARIO,Rosario,S/D,Pavimento,II,Dentro,Urbana,S/D,S/D,Intersección,S/D,Buena,Diurna,S/D,Lateral,S/D,Colisión,S/D,S/D,Cordón divisorio,Sin restricción,POINT (-60.6690626 -32.9498445),"['Zeballos', 'Vera Mujíca']",2,Zeballos; Vera Mujíca,-32.9498445,-60.6690626,55.0,538.0,Municipio Rosario,Municipio,Rosario,820210,Servicio de Catastro e Información Territorial,IGN
2012,2275,2012-02-10,Viernes,0.0,21:00:00,,0.0,2,"Bicicleta,Automóvil",VERA MUJICA Y SAN JUAN,3,2,0,0,1,0,0,,Calle,,ROSARIO,Rosario,S/D,Pavimento,II,Dentro,Urbana,S/D,No existe,Intersección,S/D,Buena,Nocturna,S/D,De alcance,S/D,Colisión,S/D,S/D,Cordón divisorio,Sin restricción,POINT (-60.6678428 -32.94501609999999),"['Vera Mujíca', 'San Juan']",2,Vera Mujíca; San Juan,-32.94501609999999,-60.6678428,55.0,538.0,Municipio Rosario,Municipio,Rosario,820210,Servicio de Catastro e Información Territorial,IGN
2012,2276,2012-02-11,Sabado,0.0,10:00:00,,0.0,2,"Moto/Ciclomotor,Automóvil",SUIPACHA Y RIOJA,2,1,0,0,1,0,0,,Calle,,ROSARIO,Rosario,Asfalto,Pavimento,II,Dentro,Urbana,S/D,S/D,Intersección,S/D,Buena,Diurna,S/D,Lateral,S/D,Colisión,S/D,S/D,Cordón divisorio,Sin restricción,POINT (-60.66447840000001 -32.94294049999999),"['Suipacha', 'Rioja']",2,Suipacha; Rioja,-32.94294049999999,-60.66447840000001,55.0,538.0,Municipio Rosario,Municipio,Rosario,820210,Servicio de Catastro e Información Territorial,IGN
2012,2277,2012-02-13,Lunes,0.0,15:30:00,,0.0,2,"Moto/Ciclomotor,Automóvil",VERA MUJICA Y 9 DE JULIO,3,2,0,0,1,0,0,,Calle,,ROSARIO,Rosario,S/D,Pavimento,II,Dentro,Urbana,S/D,No existe,Intersección,Bueno,Buena,Diurna,S/D,Lateral,S/D,Colisión,S/D,S/D,Cordón divisorio,S/D,POINT (-60.66877800000001 -32.9487179),"['Vera Mujíca', '9 de Julio']",2,Vera Mujíca; 9 de Julio,-32.9487179,-60.66877800000001,55.0,538.0,Municipio Rosario,Municipio,Rosario,820210,Servicio de Catastro e Información Territorial,IGN
2012,2278,2012-02-13,Lunes,0.0,10:00:00,,0.0,2,"Moto/Ciclomotor,Pickup/Utilitario",MENDOZA 3700,2,1,0,0,1,0,0,,Calle,,ROSARIO,Rosario,Asfalto,Pavimento,II,Dentro,Urbana,S/D,S/D,Intersección,S/D,Buena,Diurna,S/D,Lateral,S/D,Colisión,S/D,S/D,Cordón divisorio,Sin restricción,"-32.9451568, -60.6748247",['Mendoza 3700'],1,Mendoza 3700,-32.9451568,-60.6748247,55.0,538.0,Municipio Rosario,Municipio,Rosario,820210,Servicio de Catastro e Información Territorial,IGN
2012,2279,2012-02-14,Martes,0.0,05:30:00,,0.0,2,"Automóvil,Taxi/Remis",PELLEGRINI Y AVELLANEDA,2,1,0,0,0,0,1,,Calle,,ROSARIO,Rosario,Asfalto,Pavimento,II,Dentro,Urbana,S/D,Funciona,Intersección,S/D,Buena,Diurna,S/D,Lateral,S/D,Colisión,S/D,S/D,Cordón divisorio,Sin restricción,POINT (-60.68184480000001 -32.949949249999996),"['Pellegrini', 'Avellaneda']",2,Avenida Carlos Pellegrini; Bulevar Nicolás Avellaneda,-32.94994925,-60.68184480000001,55.0,538.0,Municipio Rosario,Municipio,Rosario,820210,Servicio de Catastro e Información Territorial,IGN
2012,2280,2012-02-14,Martes,0.0,14:10:00,,0.0,2,"Automóvil,Moto/Ciclomotor",MENDOZA Y RIO DE JANEIRO,2,2,0,0,0,0,0,,Calle,,ROSARIO,Rosario,Asfalto,Pavimento,II,Dentro,Urbana,S/D,Funciona,Intersección,S/D,Buena,Diurna,S/D,Lateral,S/D,Colisión,S/D,S/D,Cordón divisorio,Sin restricción,POINT (-60.68179719999999 -32.9439921),"['Mendoza', 'Río de Janeiro']",2,Mendoza; Río de Janeiro,-32.9439921,-60.68179719999999,55.0,538.0,Municipio Rosario,Municipio,Rosario,820210,Servicio de Catastro e Información Territorial,IGN
2012,2281,2012-02-14,Martes,0.0,17:30:00,,0.0,2,"Automóvil,Automóvil",CALLAO Y SAN JUAN,2,1,0,0,1,0,0,,Calle,,ROSARIO,Rosario,Asfalto,Pavimento,II,Dentro,Urbana,S/D,No existe,Intersección,Bueno,Buena,Diurna,Buen Tiempo,Lateral,S/D,Colisión,S/D,S/D,Cordón divisorio,Sin restricción,POINT (-60.661054400000005 -32.9462311),"['Callao', 'San Juan']",2,Callao; San Juan,-32.9462311,-60.661054400000005,55.0,538.0,Municipio Rosario,Municipio,Rosario,820210,Servicio de Catastro e Información Territorial,IGN
2012,2282,2012-02-14,Martes,0.0,21:45:00,,0.0,2,"Automóvil,Taxi/Remis",AVELLANEDA Y SANTA FE,2,1,0,0,0,0,1,,S/D,,ROSARIO,Rosario,Asfalto,Pavimento,II,S/D,S/D,S/D,S/D,Intersección,S/D,S/D,Diurna,S/D,Lateral,S/D,Colisión,S/D,S/D,Cordón divisorio,Sin restricción,POINT (-60.678825950000004 -32.937741700000004),"['Avellaneda', 'Santa Fe']",2,Bulevar Nicolás Avellaneda; Santa Fe,-32.937741700000004,-60.67882595,55.0,538.0,Municipio Rosario,Municipio,Rosario,820210,Servicio de Catastro e Información Territorial,IGN
2012,2283,2012-02-16,Jueves,0.0,12:00:00,,0.0,2,"Automóvil,Automóvil",MENDOZA Y RICHIERI,2,2,0,0,0,0,0,,Calle,,ROSARIO,Rosario,Asfalto,Pavimento,II,Dentro,Urbana,S/D,S/D,Intersección,S/D,Buena,Diurna,S/D,Lateral,S/D,Colisión,S/D,S/D,Cordón divisorio,Sin restricción,POINT (-60.664123800000006 -32.9471363),"['Mendoza', 'Ricchieri']",2,Mendoza; Ricchieri,-32.9471363,-60.664123800000006,55.0,538.0,Municipio Rosario,Municipio,Rosario,820210,Servicio de Catastro e Información Territorial,IGN
2012,2285,2012-02-11,Sabado,0.0,08:25:00,,0.0,2,"Peatón,Automóvil",SAN LUIS 3700,2,2,0,0,0,0,0,,Calle,,ROSARIO,Rosario,Asfalto,Pavimento,II,Dentro,Urbana,S/D,Funciona,Intersección,S/D,Buena,Diurna,S/D,Otro,S/D,Atropello,S/D,S/D,Cordón divisorio,Sin restricción,"-32.942682, -60.6741798",['San Luis 3700'],1,San Luis 3700,-32.942682,-60.6741798,55.0,538.0,Municipio Rosario,Municipio,Rosario,820210,Servicio de Catastro e Información Territorial,IGN
2012,2286,2012-02-17,Viernes,0.0,00:00:00,,0.0,4,"Automóvil,Automóvil,Automóvil,Automóvil",GODOY Y VERA MUJICA,4,1,0,0,0,0,3,,Calle,,ROSARIO,Rosario,S/D,S/D,II,S/D,S/D,S/D,S/D,S/D,S/D,S/D,S/D,S/D,S/D,S/D,S/D,S/D,S/D,S/D,S/D,POINT (-60.67064605 -32.95608349999999),"['Avenida Presidente Perón', 'Vera Mujíca']",2,Avenida Presidente Perón; Vera Mujíca,-32.95608349999999,-60.67064605,55.0,538.0,Municipio Rosario,Municipio,Rosario,820210,Servicio de Catastro e Información Territorial,IGN
2012,2287,2012-02-15,Miercoles,0.0,00:00:00,,0.0,1,Bicicleta,BV. AVELLANEDA Y OCAMPO,1,1,0,0,0,0,0,,Calle,,ROSARIO,Rosario,Asfalto,No existe,II,S/D,S/D,S/D,S/D,Recta,Bueno,S/D,S/D,Buen Tiempo,S/D,S/D,S/D,S/D,S/D,S/D,S/D,POINT (-60.68420075 -32.9591379),"['Avellaneda', 'Ocampo']",2,Bulevar Nicolás Avellaneda; Ocampo,-32.9591379,-60.68420075,55.0,538.0,Municipio Rosario,Municipio,Rosario,820210,Servicio de Catastro e Información Territorial,IGN
2012,2288,2012-02-14,Martes,0.0,00:00:00,,0.0,2,"Moto/Ciclomotor,Pickup/Utilitario",SAN NICOLAS Y VIRASORO,2,1,0,0,1,0,0,,Calle,,ROSARIO,Rosario,Asfalto,No existe,II,S/D,S/D,Ninguna,No existe,Intersección,Bueno,Buena,S/D,Buen Tiempo,S/D,S/D,Colisión,S/D,S/D,Ninguna,S/D,POINT (-60.6782201 -32.96381259999999),"['San Nicolás', 'Virasoro']",2,San Nicolás; Benjamín Virasoro,-32.96381259999999,-60.6782201,55.0,538.0,Municipio Rosario,Municipio,Rosario,820210,Servicio de Catastro e Información Territorial,IGN
2012,2292,2012-02-15,Miercoles,0.0,00:00:00,,0.0,2,"Automóvil,Moto/Ciclomotor",CRESPO Y LA PAZ,4,2,0,0,2,0,0,,Calle,,ROSARIO,Rosario,Asfalto,No existe,II,S/D,S/D,Ninguna,No existe,Intersección,Bueno,Buena,S/D,Buen Tiempo,S/D,S/D,Colisión,S/D,S/D,Ninguna,Sin restricción,POINT (-60.6726951 -32.95875959999999),"['Crespo', 'La Paz']",2,Crespo; La Paz,-32.95875959999999,-60.6726951,55.0,538.0,Municipio Rosario,Municipio,Rosario,820210,Servicio de Catastro e Información Territorial,IGN
2012,2296,2012-02-25,Sabado,0.0,11:30:00,,0.0,2,"Moto/Ciclomotor,Pickup/Utilitario",VIRASORO Y CONSTITUCION,2,1,0,0,1,0,0,,Calle,,ROSARIO,Rosario,Asfalto,No existe,II,S/D,S/D,S/D,S/D,Recta,Bueno,Buena,Diurna,Buen Tiempo,Lateral,S/D,Colisión,S/D,S/D,S/D,Sin restricción,POINT (-60.6795922 -32.96355249999999),"['Virasoro', 'Constitución']",2,Benjamín Virasoro; Constitución,-32.96355249999999,-60.6795922,55.0,538.0,Municipio Rosario,Municipio,Rosario,820210,Servicio de Catastro e Información Territorial,IGN
2012,2297,2012-02-27,Lunes,0.0,08:30:00,,0.0,2,"Taxi/Remis,Pickup/Utilitario",AVELLANEDA Y VIRASORO,2,1,0,0,1,0,0,,Calle,,ROSARIO,Rosario,Asfalto,No existe,II,S/D,S/D,S/D,No existe,Paso a Nivel FFCC,Deteriorada,Buena,Diurna,Buen Tiempo,S/D,S/D,S/D,S/D,S/D,S/D,S/D,POINT (-60.68506785 -32.962598),"['Avellaneda', 'Virasoro']",2,Bulevar Nicolás Avellaneda; Benjamín Virasoro,-32.962598,-60.68506785,55.0,538.0,Municipio Rosario,Municipio,Rosario,820210,Servicio de Catastro e Información Territorial,IGN
2012,2298,2012-02-12,Domingo,0.0,23:30:00,,0.0,2,"Moto/Ciclomotor,Automóvil",RIOBAMBA Y LIMA,2,1,0,0,1,0,0,,Calle,,ROSARIO,Rosario,Asfalto,No existe,II,S/D,S/D,S/D,No existe,Recta,Bueno,Buena,Nocturna,Buen Tiempo,Frontal,S/D,Colisión,S/D,Faltante,S/D,S/D,POINT (-60.6874174 -32.954950999999994),"['Riobamba', 'Lima']",2,Riobamba; Lima,-32.954950999999994,-60.6874174,55.0,538.0,Municipio Rosario,Municipio,Rosario,820210,Servicio de Catastro e Información Territorial,IGN
2012,2299,2012-02-08,Miercoles,0.0,10:20:00,,0.0,2,"Bicicleta,Automóvil",SAN NICOLAS Y GALVEZ,2,1,0,0,1,0,0,,Calle,,ROSARIO,Rosario,Asfalto,No existe,II,Dentro,Urbana,Paso Peatonal,No existe,Recta,Bueno,Buena,Diurna,Buen Tiempo,S/D,S/D,Atropello,S/D,S/D,Vegetación,S/D,POINT (-60.677938999999995 -32.96267999999999),"['San Nicolás', 'Galvez']",2,San Nicolás; José Gálvez,-32.96267999999999,-60.677939,55.0,538.0,Municipio Rosario,Municipio,Rosario,820210,Servicio de Catastro e Información Territorial,IGN
2012,2300,2012-02-10,Viernes,0.0,15:20:00,,0.0,2,"Moto/Ciclomotor,Automóvil",AV. FRANCIA Y VIRASORO,2,2,0,0,0,0,0,,Avenida,,ROSARIO,Rosario,Asfalto,S/D,II,S/D,S/D,Ninguna,No existe,Intersección,Bueno,Buena,Diurna,Buen Tiempo,Lateral,S/D,Colisión,S/D,Faltante,Ninguna,Sin restricción,POINT (-60.6714452 -32.96501755),"['Avenida Francia', 'Virasoro']",2,Avenida Francia; Benjamín Virasoro,-32.96501755,-60.6714452,55.0,538.0,Municipio Rosario,Municipio,Rosario,820210,Servicio de Catastro e Información Territorial,IGN
2012,2301,2012-02-10,Viernes,0.0,19:55:00,,0.0,2,"Moto/Ciclomotor,Automóvil",BV. AVELLANEDA Y COCHABAMBA,3,0,0,0,1,0,2,,Avenida,,ROSARIO,Rosario,Hormigón,No existe,II,S/D,S/D,S/D,Funciona,Intersección,Bueno,Buena,Atardecer,Buen Tiempo,Frontal,S/D,Colisión,S/D,Faltante,Cordón divisorio,S/D,POINT (-60.68214640000001 -32.95110740000001),"['Avellaneda', 'Cochabamba']",2,Bulevar Nicolás Avellaneda; Cochabamba,-32.95110740000001,-60.68214640000001,55.0,538.0,Municipio Rosario,Municipio,Rosario,820210,Servicio de Catastro e Información Territorial,IGN
2012,2302,2012-02-28,Martes,0.0,20:00:00,,0.0,2,"Bicicleta,Moto/Ciclomotor",PTE. PERON Y AVELLANEDA,2,1,0,0,1,0,0,,Avenida,,ROSARIO,Rosario,Asfalto,No existe,II,S/D,S/D,Semáforo,Funciona,Cruce,Bueno,Buena,Atardecer,Buen Tiempo,Otro,S/D,Atropello,S/D,S/D,S/D,S/D,POINT (-60.683816275 -32.957610325),"['Avenida Presidente Perón', 'Avellaneda']",2,Avenida Presidente Perón; Bulevar Nicolás Avellaneda,-32.957610325,-60.683816275,55.0,538.0,Municipio Rosario,Municipio,Rosario,820210,Servicio de Catastro e Información Territorial,IGN
2012,2303,2012-02-29,Miercoles,0.0,02:10:00,,0.0,2,"Moto/Ciclomotor,Moto/Ciclomotor",VERA MUJICA Y RUEDA,3,1,0,0,2,0,0,,Calle,,ROSARIO,Rosario,Asfalto,No existe,II,S/D,S/D,S/D,No existe,Intersección,Bueno,S/D,Nocturna,Lluvia,S/D,S/D,Colisión,S/D,S/D,S/D,S/D,POINT (-60.6731225 -32.965907599999994),"['Vera Mujíca', 'Rueda']",2,Vera Mujíca; Rueda,-32.965907599999994,-60.6731225,55.0,538.0,Municipio Rosario,Municipio,Rosario,820210,Servicio de Catastro e Información Territorial,IGN
2012,2306,2012-02-28,Martes,0.0,12:40:00,,0.0,1,Transporte de Pasajeros Urbano (> 8 asientos),PTE. PERON Y ALSINA,8,8,0,0,0,0,0,,Calle,,ROSARIO,Rosario,Asfalto,No existe,II,S/D,S/D,Semáforo,Funciona,Recta,Bueno,S/D,Diurna,Lluvia,Frontal,S/D,Colisión,Agua,S/D,Cordón divisorio,S/D,POINT (-60.6808657 -32.95726585),"['Avenida Presidente Perón', 'Alsina']",2,Avenida Presidente Perón; Alsina,-32.95726585,-60.6808657,55.0,538.0,Municipio Rosario,Municipio,Rosario,820210,Servicio de Catastro e Información Territorial,IGN
2012,2307,2012-02-23,Jueves,0.0,12:40:00,,0.0,2,"Moto/Ciclomotor,Automóvil",AV. AVELLANEDA Y GALVEZ,2,1,0,0,1,0,0,,Avenida,,ROSARIO,Rosario,Asfalto,S/D,II,S/D,Urbana,Ninguna,S/D,Intersección,Bueno,Buena,Diurna,Buen Tiempo,Lateral,S/D,Colisión,S/D,Faltante,Cordón divisorio,Sin restricción,POINT (-60.68477575 -32.961421),"['Avellaneda', 'Galvez']",2,Bulevar Nicolás Avellaneda; José Gálvez,-32.961421,-60.68477575,55.0,538.0,Municipio Rosario,Municipio,Rosario,820210,Servicio de Catastro e Información Territorial,IGN
2012,2326,2012-02-21,Martes,0.0,00:05:00,,0.0,2,"Moto/Ciclomotor,Automóvil",AV. FRANCIA Y LA PAZ,2,1,0,0,1,0,0,,Avenida,,ROSARIO,Rosario,Asfalto,No existe,II,S/D,Urbana,Ninguna,No existe,Intersección,Bueno,Buena,"Nocturna,Con luz artificial",Buen Tiempo,Lateral,S/D,Colisión,S/D,Faltante,Cordón divisorio,Sin restricción,POINT (-60.6699873 -32.95925095),"['Avenida Francia', 'La Paz']",2,Avenida Francia; La Paz,-32.95925095,-60.6699873,55.0,538.0,Municipio Rosario,Municipio,Rosario,820210,Servicio de Catastro e Información Territorial,IGN
2012,2327,2012-02-23,Jueves,0.0,00:00:00,,0.0,2,"Moto/Ciclomotor,Taxi/Remis",SAN NICOLAS Y OCAMPO,3,2,0,0,1,0,0,,Calle,,ROSARIO,Rosario,Asfalto,No existe,II,S/D,Urbana,Ninguna,No existe,Intersección,Bueno,Buena,Diurna,Buen Tiempo,Lateral,S/D,Colisión,S/D,Faltante,Ninguna,Sin restricción,POINT (-60.67737850000001 -32.96035439999999),"['San Nicolás', 'Ocampo']",2,San Nicolás; Ocampo,-32.96035439999999,-60.67737850000001,55.0,538.0,Municipio Rosario,Municipio,Rosario,820210,Servicio de Catastro e Información Territorial,IGN
2012,2330,2012-02-11,Sabado,0.0,10:20:00,,0.0,2,"Moto/Ciclomotor,Taxi/Remis",LAPRIDA Y 9 DE JULIO,2,1,0,0,1,0,0,,Calle,,ROSARIO,Rosario,S/D,S/D,II,Dentro,Urbana,S/D,S/D,Intersección,Bueno,S/D,Diurna,S/D,Lateral,S/D,Colisión,S/D,S/D,Cordón divisorio,S/D,POINT (-60.6360021 -32.9546257),"['Laprida', '9 de Julio']",2,Francisco Narciso Laprida; 9 de Julio,-32.9546257,-60.6360021,55.0,538.0,Municipio Rosario,Municipio,Rosario,820210,Servicio de Catastro e Información Territorial,IGN
2012,2331,2012-02-13,Lunes,0.0,16:45:00,,0.0,2,"Taxi/Remis,Taxi/Remis",LAPRIDA Y RIOJA,4,2,0,0,2,0,0,,Calle,,ROSARIO,Rosario,Asfalto,S/D,II,Dentro,Urbana,S/D,No existe,Intersección,Bueno,Buena,Diurna,S/D,Lateral,S/D,Colisión,S/D,S/D,Cordón divisorio,S/D,POINT (-60.63424869999999 -32.9485583),"['Laprida', 'Rioja']",2,Francisco Narciso Laprida; Rioja,-32.9485583,-60.63424869999999,55.0,538.0,Municipio Rosario,Municipio,Rosario,820210,Servicio de Catastro e Información Territorial,IGN
2012,2332,2012-02-01,Miercoles,0.0,05:25:00,,0.0,2,"Automóvil,Automóvil",ALEM Y SAN JUAN,5,3,0,0,2,0,0,,Calle,,ROSARIO,Rosario,Asfalto,S/D,II,Dentro,Urbana,S/D,S/D,Intersección,Bueno,Buena,"Nocturna,Con luz artificial",S/D,Lateral,S/D,Colisión,S/D,S/D,Cordón divisorio,S/D,POINT (-60.6292917 -32.9520629),"['Alem', 'San Juan']",2,Leandro N. Alem; San Juan,-32.9520629,-60.6292917,55.0,538.0,Municipio Rosario,Municipio,Rosario,820210,Servicio de Catastro e Información Territorial,IGN
2012,2333,2012-02-04,Sabado,0.0,18:00:00,,0.0,2,"Otros,Automóvil",NECOCHEA Y PJE. CAYARAVILLE,3,2,0,0,1,0,0,,Calle,,ROSARIO,Rosario,S/D,S/D,II,Dentro,Urbana,S/D,No existe,Intersección,Bueno,Buena,Atardecer,S/D,Lateral,S/D,Colisión,S/D,S/D,Cordón divisorio,S/D,POINT (-60.62558560000001 -32.9544375),"['Necochea', 'Cajaraville']",2,Necochea; Cajaraville,-32.9544375,-60.62558560000001,55.0,538.0,Municipio Rosario,Municipio,Rosario,820210,Servicio de Catastro e Información Territorial,IGN