anio_acci,nro_acci,fecha,desc_dia,fecha_aprox,hora_aprox,desc_ruta,km,cant_participantes,desc_participante,calle_avenida_km,total,heridos_leves,heridos_graves,heridos_gravisimos,ilesos,fallecidos,sin_datos,posicion_XY,desc_tipo_via,desc_ruta_ori,desc_loc,desc_dpto,desc_tipo_calzada,desc_tipo_banquina,desc_unidad_regional,desc_lugar_calzada,desc_zona,desc_prioridad,desc_estado_semaforo,desc_lugar_via,desc_estado_via,desc_estado_visibilidad,desc_luminosidad,desc_estado_clima,desc_tipo_colision,desc_tipo_atropello,desc_tipo_hecho,desc_pres_calzada,desc_senializacion,desc_separacion_via,desc_restriccion,forma_geocod,calle_lista,numero_calles,calles_osm,lat,lon,index_right,gid,fna,gna,nam,in1,fdc,sag
2012,2334,2012-02-09,Jueves,0.0,16:00:00,,0.0,2,"Automóvil,Automóvil",BS. AS.,2,1,0,0,1,0,0,,Calle,,ROSARIO,Rosario,Asfalto,S/D,II,Dentro,Urbana,S/D,S/D,Recta,Bueno,Buena,Diurna,S/D,De alcance,S/D,Colisión,S/D,S/D,Cordón divisorio,S/D,"-32.9594532, -60.6357217",['Buenos Aires'],1,Buenos Aires,-32.9594532,-60.6357217,55.0,538.0,Municipio Rosario,Municipio,Rosario,820210,Servicio de Catastro e Información Territorial,IGN
2012,2335,2012-02-18,Sabado,0.0,14:30:00,,0.0,2,"Moto/Ciclomotor,Automóvil",BS. AS. Y 9 DE JULIO,2,1,0,0,1,0,0,,Calle,,ROSARIO,Rosario,Asfalto,S/D,II,Dentro,Urbana,S/D,S/D,Intersección,Bueno,Buena,Diurna,Buen Tiempo,Lateral,S/D,Colisión,S/D,S/D,Cordón divisorio,S/D,POINT (-60.6345741 -32.9548812),"['Buenos Aires', '9 de Julio']",2,Buenos Aires; 9 de Julio,-32.9548812,-60.6345741,55.0,538.0,Municipio Rosario,Municipio,Rosario,820210,Servicio de Catastro e Información Territorial,IGN
2012,2336,2012-02-03,Viernes,0.0,16:30:00,,0.0,2,"Automóvil,Taxi/Remis",MENDOZA Y 1&#186; DE MAYO,4,2,0,0,2,0,0,,Calle,,ROSARIO,Rosario,Asfalto,S/D,II,Dentro,Urbana,S/D,No existe,Intersección,Bueno,Buena,Diurna,S/D,Lateral,S/D,Colisión,S/D,Faltante,Cordón divisorio,S/D,POINT (-60.6309974 -32.95300470000001),"['Mendoza', 'Primero de Mayo']",2,Mendoza; Primero de Mayo,-32.95300470000001,-60.6309974,55.0,538.0,Municipio Rosario,Municipio,Rosario,820210,Servicio de Catastro e Información Territorial,IGN
2012,2337,2012-02-03,Viernes,0.0,17:45:00,,0.0,2,"Moto/Ciclomotor,Automóvil",ALEM 1600,2,1,0,0,0,0,1,,S/D,,ROSARIO,Rosario,S/D,S/D,II,S/D,S/D,S/D,S/D,S/D,S/D,S/D,S/D,S/D,S/D,S/D,S/D,S/D,S/D,S/D,S/D,"-32.9577865, -60.6307362",['Alem 1600'],1,Alem 1600,-32.9577865,-60.6307362,55.0,538.0,Municipio Rosario,Municipio,Rosario,820210,Servicio de Catastro e Información Territorial,IGN
2012,2340,2012-02-15,Miercoles,0.0,13:15:00,,0.0,2,"Moto/Ciclomotor,Automóvil",LAPRIDA 900,2,1,0,0,1,0,0,,Calle,,ROSARIO,Rosario,Asfalto,S/D,II,Dentro,Urbana,S/D,S/D,Recta,Bueno,Buena,Diurna,S/D,Otro,S/D,Colisión,S/D,S/D,Cordón divisorio,S/D,"-32.9484769, -60.6342753",['Laprida 900'],1,Laprida 900,-32.9484769,-60.6342753,55.0,538.0,Municipio Rosario,Municipio,Rosario,820210,Servicio de Catastro e Información Territorial,IGN
2012,2341,2012-02-16,Jueves,0.0,16:30:00,,0.0,2,"Moto/Ciclomotor,Automóvil",LAPRIDA Y RIOJA,2,1,0,0,1,0,0,,Calle,,ROSARIO,Rosario,Asfalto,S/D,II,Dentro,Urbana,S/D,S/D,Intersección,Bueno,Buena,Diurna,S/D,Lateral,S/D,Colisión,S/D,S/D,Cordón divisorio,S/D,POINT (-60.63424869999999 -32.9485583),"['Laprida', 'Rioja']",2,Francisco Narciso Laprida; Rioja,-32.9485583,-60.63424869999999,55.0,538.0,Municipio Rosario,Municipio,Rosario,820210,Servicio de Catastro e Información Territorial,IGN
2012,2342,2012-02-17,Viernes,0.0,11:15:00,,0.0,2,"Peatón,Automóvil",BALCARCE Y 9 DE JULIO,2,1,0,0,1,0,0,,Calle,,ROSARIO,Rosario,Asfalto,S/D,II,Dentro,Urbana,S/D,S/D,Recta,Bueno,Buena,Diurna,S/D,Otro,S/D,Atropello,S/D,S/D,S/D,S/D,POINT (-60.6538105 -32.95138879999999),"['Balcarce', '9 de Julio']",2,Balcarce; 9 de Julio,-32.95138879999999,-60.6538105,55.0,538.0,Municipio Rosario,Municipio,Rosario,820210,Servicio de Catastro e Información Territorial,IGN
2012,2343,2012-02-01,Miercoles,0.0,11:30:00,,0.0,2,"Peatón,Pickup/Utilitario",ENTRE RIOS 1185,2,1,0,0,1,0,0,,Calle,,ROSARIO,Rosario,Asfalto,S/D,II,Dentro,Urbana,S/D,S/D,Recta,Bueno,S/D,S/D,S/D,Otro,S/D,Atropello,S/D,S/D,S/D,S/D,"-32.950785860271786, -60.64209561587551",['Entre Rios 1185'],1,Entre Rios 1185,-32.950785860271786,-60.64209561587551,55.0,538.0,Municipio Rosario,Municipio,Rosario,820210,Servicio de Catastro e Información Territorial,IGN
2012,2344,2012-02-01,Miercoles,0.0,23:30:00,,0.0,2,"Automóvil,Automóvil",3 DE FEBRERO Y PARAGUAY,2,1,0,0,1,0,0,,Calle,,ROSARIO,Rosario,S/D,S/D,II,Dentro,Urbana,S/D,S/D,S/D,S/D,S/D,S/D,S/D,S/D,S/D,S/D,S/D,S/D,S/D,S/D,POINT (-60.6453207 -32.95177),"['3 de Febrero', 'Paraguay']",2,3 de Febrero; Paraguay,-32.95177,-60.6453207,55.0,538.0,Municipio Rosario,Municipio,Rosario,820210,Servicio de Catastro e Información Territorial,IGN
2012,2346,2012-02-03,Viernes,0.0,09:00:00,,0.0,2,"Moto/Ciclomotor,Taxi/Remis",9 DE JULIO E ITALIA,2,1,0,0,1,0,0,,Calle,,ROSARIO,Rosario,Asfalto,S/D,II,Dentro,Urbana,S/D,S/D,Recta,Bueno,Buena,Diurna,S/D,S/D,S/D,Colisión,S/D,S/D,S/D,S/D,POINT (-60.649733700000006 -32.95212239999999),"['9 de Julio', 'Italia']",2,9 de Julio; Italia,-32.95212239999999,-60.649733700000006,55.0,538.0,Municipio Rosario,Municipio,Rosario,820210,Servicio de Catastro e Información Territorial,IGN
2012,2348,2012-02-03,Viernes,0.0,00:50:00,,0.0,3,"Peatón,Automóvil,Automóvil",PTE. ROCA Y PELLEGRINI,3,1,0,0,2,0,0,,Calle,,ROSARIO,Rosario,S/D,S/D,II,Dentro,Urbana,S/D,S/D,S/D,S/D,S/D,S/D,S/D,"Contra objeto fijo,Múltiple,Otro",S/D,"Colisión,Atropello",S/D,S/D,S/D,S/D,POINT (-60.6478283 -32.95605889999999),"['Roca', 'Pellegrini']",2,Presidente Roca; Avenida Carlos Pellegrini,-32.95605889999999,-60.6478283,55.0,538.0,Municipio Rosario,Municipio,Rosario,820210,Servicio de Catastro e Información Territorial,IGN
2012,2349,2012-02-08,Miercoles,0.0,14:45:00,,0.0,2,"Moto/Ciclomotor,Taxi/Remis",BV. OROÑO Y 3 DE FEBRERO,2,1,0,0,1,0,0,,Calle,,ROSARIO,Rosario,Asfalto,S/D,II,Dentro,Urbana,S/D,S/D,Recta,Bueno,Buena,Diurna,S/D,S/D,S/D,Colisión,S/D,S/D,S/D,S/D,POINT (-60.654906749999995 -32.950095049999995),"['Bulevar Nicasio Oroño', '3 de Febrero']",2,Bulevar Nicasio Oroño; 3 de Febrero,-32.950095049999995,-60.65490675,55.0,538.0,Municipio Rosario,Municipio,Rosario,820210,Servicio de Catastro e Información Territorial,IGN
2012,2350,2012-02-09,Jueves,0.0,14:30:00,,0.0,2,"Bicicleta,Automóvil",DORREGO 1142,2,1,0,0,1,0,0,,Calle,,ROSARIO,Rosario,Asfalto,S/D,II,Dentro,Urbana,S/D,S/D,Recta,Bueno,Buena,Diurna,S/D,Contra objeto fijo,S/D,Colisión,S/D,S/D,S/D,S/D,"-32.948784167346936, -60.65034742040816",['Dorrego 1142'],1,Dorrego 1142,-32.948784167346936,-60.65034742040816,55.0,538.0,Municipio Rosario,Municipio,Rosario,820210,Servicio de Catastro e Información Territorial,IGN
2012,2351,2012-02-09,Jueves,0.0,17:00:00,,0.0,2,"Automóvil,Automóvil",MONTEVIDEO Y BV. OROÑO,3,1,0,0,2,0,0,,Calle,,ROSARIO,Rosario,Asfalto,S/D,II,Dentro,Urbana,S/D,S/D,Recta,Bueno,Buena,Diurna,S/D,De alcance,S/D,Colisión,S/D,S/D,S/D,S/D,POINT (-60.65574455 -32.95341725),"['Montevideo', 'Bulevar Nicasio Oroño']",2,Montevideo; Bulevar Nicasio Oroño,-32.95341725,-60.65574455,55.0,538.0,Municipio Rosario,Municipio,Rosario,820210,Servicio de Catastro e Información Territorial,IGN
2012,2352,2012-02-12,Domingo,0.0,00:00:00,,0.0,2,"Moto/Ciclomotor,Automóvil",PELLEGRINI Y CORRIENTES,2,1,0,0,1,0,0,,Calle,,ROSARIO,Rosario,Asfalto,S/D,II,Dentro,Urbana,S/D,S/D,Recta,Bueno,Buena,S/D,S/D,S/D,S/D,Colisión,S/D,S/D,S/D,S/D,POINT (-60.645055850000006 -32.95655624999999),"['Pellegrini', 'Corrientes']",2,Avenida Carlos Pellegrini; Corrientes,-32.95655624999999,-60.645055850000006,55.0,538.0,Municipio Rosario,Municipio,Rosario,820210,Servicio de Catastro e Información Territorial,IGN
2012,2353,2012-02-12,Domingo,0.0,00:00:00,,0.0,2,"Vehículo Oficial,Automóvil",BV. OROÑO Y ZEBALLOS,4,3,0,0,1,0,0,,Calle,,ROSARIO,Rosario,S/D,S/D,II,Dentro,Urbana,S/D,S/D,S/D,S/D,S/D,S/D,S/D,S/D,S/D,S/D,S/D,S/D,S/D,S/D,POINT (-60.65545645 -32.952284000000006),"['Bulevar Nicasio Oroño', 'Zeballos']",2,Bulevar Nicasio Oroño; Zeballos,-32.952284000000006,-60.65545645,55.0,538.0,Municipio Rosario,Municipio,Rosario,820210,Servicio de Catastro e Información Territorial,IGN
2012,2363,2012-02-12,Domingo,0.0,00:00:00,,0.0,2,"Automóvil,Automóvil",9 DE JULIO Y ENTRE RIOS,7,2,0,0,5,0,0,,Calle,,ROSARIO,Rosario,Asfalto,S/D,II,Dentro,Urbana,S/D,S/D,Intersección,Bueno,Buena,S/D,S/D,S/D,S/D,Colisión,S/D,S/D,S/D,S/D,POINT (-60.64278060000001 -32.953352300000006),"['9 de Julio', 'Entre Ríos']",2,9 de Julio; Entre Ríos,-32.953352300000006,-60.64278060000001,55.0,538.0,Municipio Rosario,Municipio,Rosario,820210,Servicio de Catastro e Información Territorial,IGN
2012,2364,2012-02-13,Lunes,0.0,10:40:00,,0.0,2,"Moto/Ciclomotor,Automóvil",BV. OROÑO Y RIOJA,3,2,0,0,1,0,0,,Calle,,ROSARIO,Rosario,Asfalto,S/D,II,Dentro,Urbana,S/D,S/D,Recta,Bueno,Buena,Diurna,S/D,S/D,S/D,Colisión,S/D,S/D,S/D,S/D,POINT (-60.65360565 -32.944843999999996),"['Bulevar Nicasio Oroño', 'Rioja']",2,Bulevar Nicasio Oroño; Rioja,-32.944844,-60.65360565,55.0,538.0,Municipio Rosario,Municipio,Rosario,820210,Servicio de Catastro e Información Territorial,IGN
2012,2367,2012-02-13,Lunes,0.0,10:00:00,,0.0,2,"Moto/Ciclomotor,Automóvil",SAN JUAN 1800,2,1,0,0,1,0,0,,Calle,,ROSARIO,Rosario,Asfalto,S/D,II,Dentro,Urbana,S/D,S/D,Recta,Bueno,Buena,Diurna,S/D,S/D,S/D,Colisión,S/D,S/D,S/D,S/D,"-32.9483965, -60.6486985",['San Juan 1800'],1,San Juan 1800,-32.9483965,-60.6486985,55.0,538.0,Municipio Rosario,Municipio,Rosario,820210,Servicio de Catastro e Información Territorial,IGN
2012,2368,2012-02-11,Sabado,0.0,16:45:00,,0.0,2,"Automóvil,Automóvil",MORENO Y MONTEVIDEO,3,2,0,0,0,0,1,,Calle,,ROSARIO,Rosario,Asfalto,S/D,II,Dentro,Urbana,Señal Pare,S/D,Intersección,Bueno,Buena,Diurna,S/D,Lateral,S/D,Colisión,S/D,S/D,S/D,S/D,POINT (-60.653066 -32.953913799999995),"['Moreno', 'Montevideo']",2,"('Mariano Moreno', 'Montevideo')",-32.953913799999995,-60.653066,55.0,538.0,Municipio Rosario,Municipio,Rosario,820210,Servicio de Catastro e Información Territorial,IGN
2012,2370,2012-02-16,Jueves,0.0,19:25:00,,0.0,2,"Moto/Ciclomotor,Pickup/Utilitario",ITALIA Y RIOJA,2,1,0,0,1,0,0,,Calle,,ROSARIO,Rosario,Asfalto,Pavimento,II,Dentro,Urbana,Semáforo,Funciona,Recta,Bueno,Buena,Atardecer,Buen Tiempo,Lateral,S/D,Colisión,Otro,Horizontal,Línea divisoria pintada,S/D,POINT (-60.6481592 -32.945870500000005),"['Italia', 'Rioja']",2,Italia; Rioja,-32.945870500000005,-60.6481592,55.0,538.0,Municipio Rosario,Municipio,Rosario,820210,Servicio de Catastro e Información Territorial,IGN
2012,2371,2012-02-16,Jueves,0.0,11:30:00,,0.0,3,"Taxi/Remis,Automóvil,Automóvil",ALVEAR Y SAN JUAN,4,3,0,0,1,0,0,,Calle,,ROSARIO,Rosario,Asfalto,Pavimento,II,S/D,Urbana,Ninguna,Funciona,Recta,Bueno,Buena,Diurna,Buen Tiempo,Múltiple,S/D,Colisión,Otro,Horizontal,Línea divisoria pintada,S/D,POINT (-60.6556081 -32.94720589999999),"['Alvear', 'San Juan']",2,Alvear; San Juan,-32.94720589999999,-60.6556081,55.0,538.0,Municipio Rosario,Municipio,Rosario,820210,Servicio de Catastro e Información Territorial,IGN
2012,2372,2012-02-17,Viernes,0.0,00:00:00,,0.0,2,"Moto/Ciclomotor,Automóvil",SAN JUAN Y DORREGO,3,2,0,0,1,0,0,,Calle,,ROSARIO,Rosario,Asfalto,S/D,II,Dentro,Urbana,S/D,S/D,Intersección,Bueno,S/D,S/D,S/D,S/D,S/D,Colisión,S/D,S/D,S/D,S/D,POINT (-60.650125 -32.948187199999985),"['San Juan', 'Dorrego']",2,"('San Juan', 'Manuel Dorrego')",-32.948187199999985,-60.650125,55.0,538.0,Municipio Rosario,Municipio,Rosario,820210,Servicio de Catastro e Información Territorial,IGN
2012,2373,2012-02-17,Viernes,0.0,00:00:00,,0.0,2,"Automóvil,Automóvil",SAN LUIS Y MITRE,3,2,0,0,1,0,0,,Calle,,ROSARIO,Rosario,Asfalto,S/D,II,Dentro,Urbana,S/D,S/D,Intersección,Bueno,Buena,S/D,S/D,Frontal,S/D,Colisión,S/D,S/D,S/D,S/D,POINT (-60.64024150000001 -32.9487917),"['San Luis', 'Mitre']",2,San Luis; Bartolomé Mitre,-32.9487917,-60.64024150000001,55.0,538.0,Municipio Rosario,Municipio,Rosario,820210,Servicio de Catastro e Información Territorial,IGN
2012,2374,2012-02-18,Sabado,0.0,13:40:00,,0.0,2,"Peatón,Moto/Ciclomotor",ENTRE RIOS Y SAN LUIS,2,1,0,0,1,0,0,,Calle,,ROSARIO,Rosario,Asfalto,S/D,II,Dentro,Urbana,S/D,S/D,Intersección,Bueno,Buena,Diurna,S/D,Otro,S/D,Atropello,S/D,S/D,S/D,S/D,POINT (-60.6415602 -32.9485507),"['Entre Ríos', 'San Luis']",2,Entre Ríos; San Luis,-32.9485507,-60.6415602,55.0,538.0,Municipio Rosario,Municipio,Rosario,820210,Servicio de Catastro e Información Territorial,IGN
2012,2377,2012-02-19,Domingo,0.0,08:30:00,,0.0,2,"Moto/Ciclomotor,Automóvil",MORENO Y CORDOBA,4,1,0,0,3,0,0,,Calle,,ROSARIO,Rosario,Asfalto,S/D,II,Dentro,Urbana,S/D,S/D,Recta,Bueno,Buena,Diurna,S/D,S/D,S/D,Colisión,S/D,S/D,S/D,S/D,POINT (-60.650609200000005 -32.944206400000006),"['Moreno', 'Córdoba']",2,Mariano Moreno; Córdoba,-32.944206400000006,-60.650609200000005,55.0,538.0,Municipio Rosario,Municipio,Rosario,820210,Servicio de Catastro e Información Territorial,IGN
2012,2379,2012-02-21,Martes,0.0,22:15:00,,0.0,2,"Moto/Ciclomotor,Automóvil",SAN LUIS Y BALCARCE,2,0,1,0,1,0,0,,Calle,,ROSARIO,Rosario,Asfalto,No existe,II,Dentro,Urbana,Paso Peatonal,No existe,Intersección,Bueno,Buena,"Nocturna,Con luz artificial",Buen Tiempo,Lateral,S/D,Colisión,S/D,Horizontal,Ninguna,Sin restricción,POINT (-60.652571800000004 -32.9465716),"['San Luis', 'Balcarce']",2,San Luis; Balcarce,-32.9465716,-60.6525718,55.0,538.0,Municipio Rosario,Municipio,Rosario,820210,Servicio de Catastro e Información Territorial,IGN
2012,2381,2012-02-22,Miercoles,0.0,13:35:00,,0.0,1,Peatón,CORRIENTES Y RIOJA,2,1,0,0,0,0,1,,Calle,,ROSARIO,Rosario,Asfalto,S/D,II,Dentro,Urbana,S/D,S/D,Recta,Bueno,S/D,S/D,S/D,Otro,S/D,Atropello,S/D,S/D,S/D,S/D,POINT (-60.6426087 -32.94686299999999),"['Corrientes', 'Rioja']",2,Corrientes; Rioja,-32.94686299999999,-60.6426087,55.0,538.0,Municipio Rosario,Municipio,Rosario,820210,Servicio de Catastro e Información Territorial,IGN
2012,2383,2012-02-23,Jueves,0.0,12:20:00,,0.0,2,"Bicicleta,Automóvil",PTE. ROCA 1200,2,1,0,0,1,0,0,,Calle,,ROSARIO,Rosario,Asfalto,S/D,II,Dentro,Urbana,S/D,S/D,Recta,Bueno,S/D,S/D,S/D,Otro,S/D,Atropello,S/D,S/D,S/D,S/D,"-32.9501866, -60.6464082",['Presidente Roca 1200'],1,Presidente Roca 1200,-32.9501866,-60.6464082,55.0,538.0,Municipio Rosario,Municipio,Rosario,820210,Servicio de Catastro e Información Territorial,IGN
2012,2385,2012-02-23,Jueves,0.0,19:50:00,,0.0,2,"Bicicleta,Automóvil",3 DE FEBRERO Y PTE. ROCA,2,1,0,0,1,0,0,,Calle,,ROSARIO,Rosario,Asfalto,S/D,II,Dentro,Urbana,S/D,S/D,Recta,Bueno,Buena,Diurna,S/D,Otro,S/D,Atropello,S/D,S/D,S/D,S/D,POINT (-60.6466869 -32.9515312),"['3 de Febrero', 'Roca']",2,3 de Febrero; Presidente Roca,-32.9515312,-60.6466869,55.0,538.0,Municipio Rosario,Municipio,Rosario,820210,Servicio de Catastro e Información Territorial,IGN
2012,2386,2012-02-24,Viernes,0.0,14:35:00,,0.0,2,"Automóvil,Moto/Ciclomotor",MITRE Y MONTEVIDEO,3,2,0,0,1,0,0,,Calle,,ROSARIO,Rosario,Asfalto,S/D,II,Dentro,Urbana,S/D,S/D,Recta,Bueno,Buena,Diurna,S/D,S/D,S/D,Colisión,S/D,S/D,S/D,S/D,POINT (-60.6420026 -32.95589439999999),"['Mitre', 'Montevideo']",2,Bartolomé Mitre; Montevideo,-32.95589439999999,-60.6420026,55.0,538.0,Municipio Rosario,Municipio,Rosario,820210,Servicio de Catastro e Información Territorial,IGN
2012,2388,2012-02-24,Viernes,0.0,16:50:00,,0.0,2,"Bicicleta,Transporte de Pasajeros Urbano (> 8 asientos)",PARAGUAY Y RIOJA,2,1,0,0,0,0,1,,Calle,,ROSARIO,Rosario,Asfalto,S/D,II,Dentro,Urbana,S/D,S/D,Recta,Bueno,Buena,Diurna,S/D,Otro,S/D,Atropello,S/D,S/D,Ninguna,S/D,POINT (-60.6440183 -32.946608999999995),"['Paraguay', 'Rioja']",2,Paraguay; Rioja,-32.946608999999995,-60.6440183,55.0,538.0,Municipio Rosario,Municipio,Rosario,820210,Servicio de Catastro e Información Territorial,IGN
2012,2391,2012-02-27,Lunes,0.0,05:20:00,,0.0,2,"Moto/Ciclomotor,Automóvil",CORRIENTES Y SAN LUIS,2,0,1,0,1,0,0,,Calle,,ROSARIO,Rosario,Asfalto,Pavimento,II,S/D,Urbana,Otra Señal,S/D,Recta,Bueno,Buena,Diurna,Lluvia,Frontal,S/D,Colisión,Otro,Horizontal,Línea divisoria pintada,S/D,POINT (-60.6429694 -32.948293099999994),"['Corrientes', 'San Luis']",2,Corrientes; San Luis,-32.948293099999994,-60.6429694,55.0,538.0,Municipio Rosario,Municipio,Rosario,820210,Servicio de Catastro e Información Territorial,IGN
2012,2554,2012-03-01,Jueves,0.0,09:20:00,,0.0,2,"Peatón,Automóvil",MITRE Y SAN JUAN,2,1,0,0,1,0,0,,Calle,,ROSARIO,Rosario,Asfalto,S/D,II,Dentro,Urbana,S/D,S/D,Recta,Bueno,Buena,Diurna,S/D,S/D,S/D,Atropello,S/D,S/D,S/D,S/D,POINT (-60.64049610000001 -32.9499007),"['Mitre', 'San Juan']",2,Bartolomé Mitre; San Juan,-32.9499007,-60.64049610000001,55.0,538.0,Municipio Rosario,Municipio,Rosario,820210,Servicio de Catastro e Información Territorial,IGN
2012,2555,2012-03-02,Viernes,0.0,06:40:00,,0.0,2,"Automóvil,Automóvil",ALVEAR Y SAN LUIS,4,3,0,0,1,0,0,,Calle,,ROSARIO,Rosario,Asfalto,S/D,II,Dentro,Urbana,S/D,S/D,Recta,Bueno,Buena,S/D,Buen Tiempo,S/D,S/D,Colisión,Otro,S/D,S/D,S/D,POINT (-60.65533140000001 -32.9460782),"['Alvear', 'San Luis']",2,Alvear; San Luis,-32.9460782,-60.65533140000001,55.0,538.0,Municipio Rosario,Municipio,Rosario,820210,Servicio de Catastro e Información Territorial,IGN
2012,2558,2012-03-03,Sabado,0.0,07:30:00,,0.0,2,"Moto/Ciclomotor,Automóvil",RICARDONE 1300,2,1,0,0,1,0,0,,Calle,,ROSARIO,Rosario,Asfalto,S/D,II,Dentro,Urbana,S/D,S/D,Recta,S/D,S/D,Amanecer,S/D,Lateral,S/D,Colisión,S/D,S/D,S/D,S/D,"-32.9476685, -60.6412781",['Ricardone 1300'],1,Ricardone 1300,-32.9476685,-60.6412781,55.0,538.0,Municipio Rosario,Municipio,Rosario,820210,Servicio de Catastro e Información Territorial,IGN
2012,2563,2012-03-05,Lunes,0.0,07:15:00,,0.0,2,"Moto/Ciclomotor,Automóvil",ESPAÑA Y MENDOZA,3,2,0,0,1,0,0,,Calle,,ROSARIO,Rosario,Asfalto,S/D,II,Dentro,Urbana,S/D,S/D,Recta,Bueno,S/D,Diurna,S/D,S/D,S/D,Colisión,S/D,S/D,S/D,S/D,POINT (-60.64776750000001 -32.950048100000004),"['España', 'Mendoza']",2,España; Mendoza,-32.950048100000004,-60.64776750000001,55.0,538.0,Municipio Rosario,Municipio,Rosario,820210,Servicio de Catastro e Información Territorial,IGN
2012,2567,2012-03-02,Viernes,0.0,00:00:00,,0.0,2,"Peatón,Automóvil",ESQUIU 6365,2,0,1,0,0,0,1,,Calle,,ROSARIO,Rosario,Asfalto,S/D,II,S/D,S/D,Ninguna,S/D,Recta,Bueno,S/D,S/D,Buen Tiempo,Otro,S/D,Atropello,S/D,Faltante,Ninguna,S/D,"-32.92307487959184, -60.709437459183675",['Esquiu 6365'],1,Esquiu 6365,-32.92307487959184,-60.70943745918368,55.0,538.0,Municipio Rosario,Municipio,Rosario,820210,Servicio de Catastro e Información Territorial,IGN
2012,2569,2012-03-01,Jueves,0.0,00:00:00,,0.0,2,"Peatón,Moto/Ciclomotor",ALSINA Y MENDOZA,2,1,0,0,0,0,1,,Calle,,ROSARIO,Rosario,Asfalto,S/D,II,Dentro,Urbana,Semáforo,Funciona,Intersección,Bueno,Buena,S/D,Buen Tiempo,Otro,S/D,Atropello,S/D,S/D,Cordón divisorio,S/D,POINT (-60.67769160000001 -32.94473060000001),"['Alsina', 'Mendoza']",2,Alsina; Mendoza,-32.94473060000001,-60.67769160000001,55.0,538.0,Municipio Rosario,Municipio,Rosario,820210,Servicio de Catastro e Información Territorial,IGN
2012,2570,2012-02-01,Miercoles,0.0,12:45:00,,0.0,2,"Moto/Ciclomotor,Automóvil",SAN JUAN Y PJE. CHILE,3,2,0,0,1,0,0,,Calle,,ROSARIO,Rosario,Asfalto,S/D,II,Dentro,Urbana,S/D,No existe,Intersección,Bueno,Buena,Diurna,Buen Tiempo,Frontal,S/D,Colisión,S/D,S/D,Cordón divisorio,S/D,POINT (-60.69165460000001 -32.940790899999996),"['San Juan', 'Chile']",2,San Juan; Pasaje Chile,-32.9407909,-60.69165460000001,55.0,538.0,Municipio Rosario,Municipio,Rosario,820210,Servicio de Catastro e Información Territorial,IGN
2012,2572,2012-03-03,Sabado,0.0,05:20:00,,0.0,2,"Automóvil,Pickup/Utilitario",OV. LAGOS Y 3 DE FEBRERO,2,1,0,0,1,0,0,,Calle,,ROSARIO,Rosario,Asfalto,S/D,II,Dentro,Urbana,Semáforo,S/D,Intersección,Bueno,Buena,Nocturna,Buen Tiempo,Frontal,S/D,Colisión,S/D,S/D,Cordón divisorio,S/D,POINT (-60.6630574 -32.9486394),"['Avenida Ovidio Lagos', '3 de Febrero']",2,Avenida Ovidio Lagos; 3 de Febrero,-32.9486394,-60.6630574,55.0,538.0,Municipio Rosario,Municipio,Rosario,820210,Servicio de Catastro e Información Territorial,IGN
2012,2573,2012-03-04,Domingo,0.0,08:40:00,,0.0,2,"Moto/Ciclomotor,Automóvil",PELLEGRINI Y AVELLANEDA,3,2,0,0,1,0,0,,Avenida,,ROSARIO,Rosario,Asfalto,S/D,II,Dentro,Urbana,Semáforo,Funciona,Intersección,Bueno,S/D,Diurna,Buen Tiempo,De alcance,S/D,Colisión,S/D,S/D,Cordón divisorio,S/D,POINT (-60.68184480000001 -32.949949249999996),"['Pellegrini', 'Avellaneda']",2,Avenida Carlos Pellegrini; Bulevar Nicolás Avellaneda,-32.94994925,-60.68184480000001,55.0,538.0,Municipio Rosario,Municipio,Rosario,820210,Servicio de Catastro e Información Territorial,IGN
2012,2574,2012-03-25,Domingo,0.0,13:00:00,,0.0,2,"Moto/Ciclomotor,Automóvil",MENDOZA Y RIO DE JANEIRO,2,1,0,0,1,0,0,,Calle,,ROSARIO,Rosario,Asfalto,S/D,II,Dentro,Urbana,S/D,S/D,Intersección,Bueno,Buena,Diurna,Buen Tiempo,De alcance,S/D,Colisión,S/D,S/D,Cordón divisorio,S/D,POINT (-60.68179719999999 -32.9439921),"['Mendoza', 'Río de Janeiro']",2,Mendoza; Río de Janeiro,-32.9439921,-60.68179719999999,55.0,538.0,Municipio Rosario,Municipio,Rosario,820210,Servicio de Catastro e Información Territorial,IGN
2012,2575,2012-03-05,Lunes,0.0,18:00:00,,0.0,2,"Automóvil,Automóvil",AVELLANEDA,2,1,0,0,1,0,0,,Calle,,ROSARIO,Rosario,Asfalto,S/D,II,Dentro,Urbana,S/D,S/D,Intersección,Bueno,S/D,Atardecer,Buen Tiempo,De alcance,S/D,Colisión,S/D,S/D,Cordón divisorio,S/D,"-32.9626088, -60.6850077",['Avellaneda'],1,Avellaneda,-32.9626088,-60.6850077,55.0,538.0,Municipio Rosario,Municipio,Rosario,820210,Servicio de Catastro e Información Territorial,IGN
2012,2577,2012-03-05,Lunes,0.0,12:43:00,,0.0,2,"Automóvil,Automóvil",MENDOZA 4000,2,1,0,0,1,0,0,,Calle,,ROSARIO,Rosario,Asfalto,S/D,II,Dentro,Urbana,S/D,S/D,Intersección,Bueno,Buena,Diurna,Buen Tiempo,Frontal,S/D,Colisión,S/D,S/D,Cordón divisorio,S/D,"-32.9444369, -60.6788832",['Mendoza 4000'],1,Mendoza 4000,-32.9444369,-60.6788832,55.0,538.0,Municipio Rosario,Municipio,Rosario,820210,Servicio de Catastro e Información Territorial,IGN
2012,2579,2012-03-06,Martes,0.0,18:30:00,,0.0,2,"Automóvil,Automóvil",VALPARAISO Y SAN JUAN,2,1,0,0,1,0,0,,Calle,,ROSARIO,Rosario,Asfalto,S/D,II,Dentro,Urbana,Señal Pare,No existe,Intersección,Bueno,Buena,Atardecer,Buen Tiempo,Lateral,S/D,Colisión,S/D,S/D,Cordón divisorio,S/D,POINT (-60.68277400000001 -32.9423643),"['Valparaíso', 'San Juan']",2,Valparaíso; San Juan,-32.9423643,-60.68277400000001,55.0,538.0,Municipio Rosario,Municipio,Rosario,820210,Servicio de Catastro e Información Territorial,IGN