anio_acci,nro_acci,fecha,desc_dia,fecha_aprox,hora_aprox,desc_ruta,km,cant_participantes,desc_participante,calle_avenida_km,total,heridos_leves,heridos_graves,heridos_gravisimos,ilesos,fallecidos,sin_datos,posicion_XY,desc_tipo_via,desc_ruta_ori,desc_loc,desc_dpto,desc_tipo_calzada,desc_tipo_banquina,desc_unidad_regional,desc_lugar_calzada,desc_zona,desc_prioridad,desc_estado_semaforo,desc_lugar_via,desc_estado_via,desc_estado_visibilidad,desc_luminosidad,desc_estado_clima,desc_tipo_colision,desc_tipo_atropello,desc_tipo_hecho,desc_pres_calzada,desc_senializacion,desc_separacion_via,desc_restriccion,forma_geocod,calle_lista,numero_calles,calles_osm,lat,lon,index_right,gid,fna,gna,nam,in1,fdc,sag
2012,2580,2012-03-06,Martes,0.0,00:00:00,,0.0,2,"Moto/Ciclomotor,Taxi/Remis",VERA MUJICA Y MONTEVIDEO,2,1,0,0,1,0,0,,Calle,,ROSARIO,Rosario,Asfalto,S/D,II,Dentro,Urbana,S/D,S/D,Intersección,Bueno,Buena,S/D,Buen Tiempo,Lateral,S/D,Colisión,S/D,S/D,Cordón divisorio,S/D,POINT (-60.6693572 -32.95101059999999),"['Vera Mujíca', 'Montevideo']",2,Vera Mujíca; Montevideo,-32.95101059999999,-60.6693572,55.0,538.0,Municipio Rosario,Municipio,Rosario,820210,Servicio de Catastro e Información Territorial,IGN
2012,2582,2012-03-07,Miercoles,0.0,00:00:00,,0.0,2,"Moto/Ciclomotor,Otros",MENDOZA Y RIO DE JANEIRO,2,1,0,0,0,0,1,,Calle,,ROSARIO,Rosario,Asfalto,S/D,II,Dentro,Urbana,S/D,S/D,Intersección,Bueno,Buena,S/D,Buen Tiempo,Otro,S/D,Colisión,S/D,S/D,Cordón divisorio,S/D,POINT (-60.68179719999999 -32.9439921),"['Mendoza', 'Río de Janeiro']",2,Mendoza; Río de Janeiro,-32.9439921,-60.68179719999999,55.0,538.0,Municipio Rosario,Municipio,Rosario,820210,Servicio de Catastro e Información Territorial,IGN
2012,2583,2012-03-07,Miercoles,0.0,18:45:00,,0.0,2,"Moto/Ciclomotor,Automóvil",SAN LUIS Y PUEYRREDON,2,1,0,0,0,0,1,,Calle,,ROSARIO,Rosario,Asfalto,S/D,II,Dentro,Urbana,S/D,S/D,Intersección,Bueno,Buena,Atardecer,Buen Tiempo,S/D,S/D,Colisión,S/D,S/D,Cordón divisorio,S/D,POINT (-60.6580233 -32.945603899999995),"['San Luis', 'Pueyrredón']",2,San Luis; Pueyrredón,-32.945603899999995,-60.6580233,55.0,538.0,Municipio Rosario,Municipio,Rosario,820210,Servicio de Catastro e Información Territorial,IGN
2012,2584,2012-03-08,Jueves,0.0,18:40:00,,0.0,2,"Automóvil,Moto/Ciclomotor",ZEBALLOS Y RICHIERI,3,1,0,0,2,0,0,,Calle,,ROSARIO,Rosario,Asfalto,S/D,II,Dentro,Urbana,S/D,S/D,Intersección,Bueno,S/D,Atardecer,Buen Tiempo,S/D,S/D,Colisión,S/D,S/D,Cordón divisorio,S/D,POINT (-60.664986799999994 -32.95057959999998),"['Zeballos', 'Ricchieri']",2,Zeballos; Ricchieri,-32.95057959999998,-60.6649868,55.0,538.0,Municipio Rosario,Municipio,Rosario,820210,Servicio de Catastro e Información Territorial,IGN
2012,2586,2012-03-08,Jueves,0.0,20:27:00,,0.0,2,"Peatón,Moto/Ciclomotor",PELLEGRINI Y CARRIEGO,2,3,0,0,-1,0,0,,Calle,,ROSARIO,Rosario,Asfalto,S/D,II,Dentro,Urbana,S/D,S/D,Intersección,Bueno,Buena,Nocturna,Buen Tiempo,Otro,S/D,Atropello,S/D,S/D,Cordón divisorio,S/D,POINT (-60.69138540000001 -32.9482472),"['Pellegrini', 'Carriego']",2,Avenida Carlos Pellegrini; Carriego,-32.9482472,-60.69138540000001,55.0,538.0,Municipio Rosario,Municipio,Rosario,820210,Servicio de Catastro e Información Territorial,IGN
2012,2588,2012-03-07,Miercoles,0.0,12:00:00,,0.0,2,"Automóvil,Automóvil",RIOJA Y CALLAO,3,1,0,0,2,0,0,,Calle,,ROSARIO,Rosario,Asfalto,S/D,II,Dentro,Urbana,Semáforo,Funciona,Intersección,Bueno,S/D,Diurna,Buen Tiempo,De alcance,S/D,Colisión,S/D,S/D,Cordón divisorio,S/D,POINT (-60.6604097 -32.9436475),"['Rioja', 'Callao']",2,Rioja; Callao,-32.9436475,-60.6604097,55.0,538.0,Municipio Rosario,Municipio,Rosario,820210,Servicio de Catastro e Información Territorial,IGN
2012,2590,2012-03-09,Viernes,0.0,12:20:00,,0.0,5,"Automóvil,Automóvil,Automóvil,Automóvil,Pickup/Utilitario",MENDOZA 3000,7,2,1,0,4,0,0,,Calle,,ROSARIO,Rosario,Asfalto,S/D,II,Dentro,Urbana,Semáforo,S/D,Intersección,Bueno,Buena,Diurna,Buen Tiempo,Múltiple,S/D,Colisión,Agua,S/D,Cordón divisorio,S/D,"-32.9468824, -60.6652977",['Mendoza 3000'],1,Mendoza 3000,-32.9468824,-60.6652977,55.0,538.0,Municipio Rosario,Municipio,Rosario,820210,Servicio de Catastro e Información Territorial,IGN
2012,2592,2012-03-09,Viernes,0.0,14:30:00,,0.0,2,"Automóvil,Otros",LAVALLE 1500,3,1,0,0,1,0,1,,Calle,,ROSARIO,Rosario,Asfalto,S/D,II,Dentro,Urbana,Semáforo,S/D,Intersección,Bueno,Buena,Diurna,Buen Tiempo,Lateral,S/D,Colisión,S/D,S/D,Cordón divisorio,S/D,"-32.9477559, -60.6799491",['Lavalle 1500'],1,Lavalle 1500,-32.9477559,-60.6799491,55.0,538.0,Municipio Rosario,Municipio,Rosario,820210,Servicio de Catastro e Información Territorial,IGN
2012,2593,2012-03-10,Sabado,0.0,13:00:00,,0.0,2,"Moto/Ciclomotor,Automóvil",CORDOBA 3200,3,1,0,0,2,0,0,,Calle,,ROSARIO,Rosario,Asfalto,S/D,II,Dentro,Urbana,Semáforo,S/D,Intersección,Bueno,Buena,Diurna,Buen Tiempo,S/D,S/D,Colisión,S/D,S/D,Cordón divisorio,S/D,"-32.9412583, -60.6667662",['Cordoba 3200'],1,Cordoba 3200,-32.9412583,-60.6667662,55.0,538.0,Municipio Rosario,Municipio,Rosario,820210,Servicio de Catastro e Información Territorial,IGN
2012,2595,2012-03-09,Viernes,0.0,17:30:00,,0.0,2,"Taxi/Remis,Automóvil",ENTRE RIOS 700,2,1,0,0,1,0,0,,Calle,,ROSARIO,Rosario,Asfalto,S/D,II,Dentro,Urbana,S/D,S/D,Recta,S/D,S/D,Diurna,S/D,De alcance,S/D,Colisión,S/D,S/D,S/D,S/D,"-32.9445262, -60.6406617",['Entre Rios 700'],1,Entre Rios 700,-32.9445262,-60.6406617,55.0,538.0,Municipio Rosario,Municipio,Rosario,820210,Servicio de Catastro e Información Territorial,IGN
2012,2596,2012-03-09,Viernes,0.0,11:00:00,,0.0,2,"Automóvil,Taxi/Remis",BV OROÑO Y SAN JUAN,3,1,0,0,2,0,0,,Calle,,ROSARIO,Rosario,Asfalto,S/D,II,Dentro,Urbana,S/D,S/D,Recta,Bueno,S/D,Diurna,S/D,De alcance,S/D,Colisión,S/D,S/D,S/D,S/D,POINT (-60.6542222 -32.947453949999996),"['Bulevar Nicasio Oroño', 'San Juan']",2,Bulevar Nicasio Oroño; San Juan,-32.94745395,-60.6542222,55.0,538.0,Municipio Rosario,Municipio,Rosario,820210,Servicio de Catastro e Información Territorial,IGN
2012,2597,2012-03-11,Domingo,0.0,17:00:00,,0.0,2,"Automóvil,Automóvil",PUEYRREDON Y ZEBALLOS,3,1,0,0,2,0,0,,Calle,,ROSARIO,Rosario,Asfalto,S/D,II,Dentro,Urbana,Señal Pare,No existe,Intersección,Bueno,Buena,Diurna,Buen Tiempo,Lateral,S/D,Colisión,S/D,S/D,Cordón divisorio,S/D,POINT (-60.6595219 -32.95155700000002),"['Pueyrredón', 'Zeballos']",2,Pueyrredón; Zeballos,-32.95155700000002,-60.6595219,55.0,538.0,Municipio Rosario,Municipio,Rosario,820210,Servicio de Catastro e Información Territorial,IGN
2012,2598,2012-03-12,Lunes,0.0,10:15:00,,0.0,2,"Taxi/Remis,Tracción animal / Carro",MENDOZA Y VALPARAISO,2,1,0,0,1,0,0,,Calle,,ROSARIO,Rosario,Asfalto,S/D,II,Dentro,Urbana,S/D,S/D,Intersección,Bueno,Buena,Diurna,Buen Tiempo,De alcance,S/D,Colisión,S/D,S/D,Cordón divisorio,S/D,POINT (-60.6831208 -32.9437541),"['Mendoza', 'Valparaíso']",2,Mendoza; Valparaíso,-32.9437541,-60.6831208,55.0,538.0,Municipio Rosario,Municipio,Rosario,820210,Servicio de Catastro e Información Territorial,IGN
2012,2599,2012-03-12,Lunes,0.0,00:00:00,,0.0,2,"Automóvil,Automóvil",PELLEGRINI Y ALSINA,2,1,0,0,1,0,0,,Calle,,ROSARIO,Rosario,Asfalto,S/D,II,Dentro,Urbana,Semáforo,S/D,Intersección,Bueno,S/D,S/D,Buen Tiempo,De alcance,S/D,Colisión,S/D,S/D,Cordón divisorio,S/D,POINT (-60.67913495 -32.950431099999996),"['Pellegrini', 'Alsina']",2,Avenida Carlos Pellegrini; Alsina,-32.9504311,-60.67913495,55.0,538.0,Municipio Rosario,Municipio,Rosario,820210,Servicio de Catastro e Información Territorial,IGN
2012,2600,2012-03-12,Lunes,0.0,15:20:00,,0.0,3,"Moto/Ciclomotor,Automóvil,Automóvil",ZEBALLOS Y SANTIAGO,3,1,0,0,2,0,0,,Calle,,ROSARIO,Rosario,Asfalto,S/D,II,Dentro,Urbana,S/D,S/D,Intersección,Bueno,Buena,Diurna,Buen Tiempo,"De alcance,Múltiple",S/D,Colisión,S/D,S/D,Cordón divisorio,S/D,POINT (-60.6581792 -32.95179709999999),"['Zeballos', 'Santiago']",2,Zeballos; Santiago,-32.95179709999999,-60.6581792,55.0,538.0,Municipio Rosario,Municipio,Rosario,820210,Servicio de Catastro e Información Territorial,IGN
2012,2601,2012-03-12,Lunes,0.0,00:00:00,,0.0,2,"Automóvil,Automóvil",CALLAO Y MENDOZA,2,1,0,0,1,0,0,,Calle,,ROSARIO,Rosario,Asfalto,S/D,II,Dentro,Urbana,Semáforo,Funciona,Intersección,Bueno,Buena,Diurna,Buen Tiempo,Lateral,S/D,Colisión,S/D,S/D,Cordón divisorio,S/D,POINT (-60.6614022 -32.947621100000006),"['Callao', 'Mendoza']",2,Callao; Mendoza,-32.947621100000006,-60.6614022,55.0,538.0,Municipio Rosario,Municipio,Rosario,820210,Servicio de Catastro e Información Territorial,IGN
2012,2602,2012-03-13,Martes,0.0,00:00:00,,0.0,3,"Automóvil,Automóvil,Camión",AVELLANEDA Y SAN LUIS,3,2,0,0,1,0,0,,Calle,,ROSARIO,Rosario,Asfalto,S/D,II,Dentro,Urbana,Semáforo,Funciona,Intersección,Bueno,Buena,Diurna,Buen Tiempo,Frontal,S/D,Colisión,S/D,S/D,Cordón divisorio,S/D,POINT (-60.6798066 -32.9417232),"['Avellaneda', 'San Luis']",2,Bulevar Nicolás Avellaneda; San Luis,-32.9417232,-60.6798066,55.0,538.0,Municipio Rosario,Municipio,Rosario,820210,Servicio de Catastro e Información Territorial,IGN
2012,2603,2012-03-17,Sabado,0.0,19:00:00,,0.0,2,"Moto/Ciclomotor,Moto/Ciclomotor",CORRIENTES Y COCHABAMBA,3,3,0,0,0,0,0,,Calle,,ROSARIO,Rosario,Asfalto,S/D,II,Dentro,Urbana,S/D,S/D,Recta,Bueno,Buena,S/D,Buen Tiempo,Lateral,S/D,Colisión,S/D,S/D,S/D,S/D,POINT (-60.6453441 -32.9576917),"['Corrientes', 'Cochabamba']",2,Corrientes; Cochabamba,-32.9576917,-60.6453441,55.0,538.0,Municipio Rosario,Municipio,Rosario,820210,Servicio de Catastro e Información Territorial,IGN
2012,2604,2012-03-12,Lunes,0.0,12:10:00,,0.0,2,"Moto/Ciclomotor,Pickup/Utilitario",MONTEVIDEO Y CRESPO,2,1,0,0,1,0,0,,Calle,,ROSARIO,Rosario,Asfalto,S/D,II,Dentro,Urbana,S/D,S/D,Intersección,Bueno,Buena,Diurna,Buen Tiempo,Lateral,S/D,Colisión,S/D,S/D,S/D,S/D,POINT (-60.67066460000001 -32.950771199999984),"['Montevideo', 'Crespo']",2,Montevideo; Crespo,-32.950771199999984,-60.67066460000001,55.0,538.0,Municipio Rosario,Municipio,Rosario,820210,Servicio de Catastro e Información Territorial,IGN
2012,2605,2012-03-13,Martes,0.0,20:15:00,,0.0,2,"Moto/Ciclomotor,Automóvil",BV. AVELLANEDA Y MARCOS PAZ,2,1,0,0,1,0,0,,Calle,,ROSARIO,Rosario,Asfalto,S/D,II,Dentro,Urbana,S/D,S/D,Intersección,Bueno,Buena,Nocturna,Buen Tiempo,S/D,S/D,Colisión,S/D,S/D,S/D,S/D,POINT (-60.680249 -32.94354319999999),"['Avellaneda', 'Marcos Paz']",2,Bulevar Nicolás Avellaneda; Marcos Paz,-32.94354319999999,-60.680249,55.0,538.0,Municipio Rosario,Municipio,Rosario,820210,Servicio de Catastro e Información Territorial,IGN
2012,2606,2012-03-10,Sabado,0.0,19:30:00,,0.0,2,"Bicicleta,Otros",SAN NICOLAS Y MARCOS PAZ,2,1,0,0,0,0,1,,Calle,,ROSARIO,Rosario,Asfalto,S/D,II,Dentro,Urbana,S/D,S/D,Intersección,Bueno,Buena,Atardecer,Buen Tiempo,Otro,S/D,Atropello,S/D,S/D,S/D,S/D,POINT (-60.6734384 -32.944757900000006),"['San Nicolás', 'Marcos Paz']",2,San Nicolás; Marcos Paz,-32.944757900000006,-60.6734384,55.0,538.0,Municipio Rosario,Municipio,Rosario,820210,Servicio de Catastro e Información Territorial,IGN
2012,2607,2012-03-14,Miercoles,0.0,16:30:00,,0.0,2,"Moto/Ciclomotor,Automóvil",3 DE FEBRERO Y CASTELLANOS,3,2,0,0,1,0,0,,Calle,,ROSARIO,Rosario,Asfalto,S/D,II,Dentro,Urbana,S/D,S/D,Intersección,Bueno,Buena,Diurna,Buen Tiempo,De alcance,S/D,Colisión,S/D,S/D,S/D,S/D,POINT (-60.6767004 -32.9461743),"['3 de Febrero', 'Aaron Castellanos']",2,3 de Febrero; Aaron Castellanos,-32.9461743,-60.6767004,55.0,538.0,Municipio Rosario,Municipio,Rosario,820210,Servicio de Catastro e Información Territorial,IGN
2012,2608,2012-03-05,Lunes,0.0,09:00:00,,0.0,2,"Moto/Ciclomotor,Camión",MONTEVIDEO Y CRESPO,2,1,0,0,1,0,0,,Calle,,ROSARIO,Rosario,Asfalto,S/D,II,Dentro,Urbana,S/D,S/D,Intersección,Bueno,Buena,Diurna,Buen Tiempo,Lateral,S/D,Colisión,S/D,S/D,S/D,S/D,POINT (-60.67066460000001 -32.950771199999984),"['Montevideo', 'Crespo']",2,Montevideo; Crespo,-32.950771199999984,-60.67066460000001,55.0,538.0,Municipio Rosario,Municipio,Rosario,820210,Servicio de Catastro e Información Territorial,IGN
2012,2609,2012-03-15,Jueves,0.0,11:30:00,,0.0,2,"Automóvil,Automóvil",PUEYRREDON Y 3 DE FEBRERO,2,1,0,0,1,0,0,,Calle,,ROSARIO,Rosario,Asfalto,S/D,II,Dentro,Urbana,S/D,S/D,Intersección,Bueno,Buena,Diurna,Buen Tiempo,Lateral,S/D,Colisión,S/D,S/D,S/D,S/D,POINT (-60.65897040000001 -32.9493667),"['Pueyrredón', '3 de Febrero']",2,Pueyrredón; 3 de Febrero,-32.9493667,-60.65897040000001,55.0,538.0,Municipio Rosario,Municipio,Rosario,820210,Servicio de Catastro e Información Territorial,IGN
2012,2610,2012-03-15,Jueves,0.0,15:30:00,,0.0,2,"Moto/Ciclomotor,Pickup/Utilitario",MENDOZA Y CRESPO,2,1,0,0,1,0,0,,Calle,,ROSARIO,Rosario,Asfalto,S/D,II,Dentro,Urbana,S/D,S/D,Intersección,Bueno,Buena,Diurna,Buen Tiempo,S/D,S/D,Colisión,S/D,S/D,S/D,S/D,POINT (-60.66950320000001 -32.946183),"['Mendoza', 'Crespo']",2,Mendoza; Crespo,-32.946183,-60.66950320000001,55.0,538.0,Municipio Rosario,Municipio,Rosario,820210,Servicio de Catastro e Información Territorial,IGN
2012,2611,2012-03-12,Lunes,0.0,09:00:00,,0.0,2,"Moto/Ciclomotor,Automóvil",AVELLANEDA Y MENDOZA,2,1,0,0,1,0,0,,Calle,,ROSARIO,Rosario,Asfalto,S/D,II,Dentro,Urbana,S/D,S/D,Intersección,Bueno,S/D,Diurna,Buen Tiempo,Frontal,S/D,Colisión,S/D,S/D,Cordón divisorio,S/D,POINT (-60.680421100000004 -32.94423964999999),"['Avellaneda', 'Mendoza']",2,Bulevar Nicolás Avellaneda; Mendoza,-32.94423964999999,-60.6804211,55.0,538.0,Municipio Rosario,Municipio,Rosario,820210,Servicio de Catastro e Información Territorial,IGN
2012,2612,2012-03-14,Miercoles,0.0,09:15:00,,0.0,2,"Moto/Ciclomotor,Automóvil",BV. AVELLANEDA Y MARCOS PAZ,2,1,0,0,1,0,0,,Avenida,,ROSARIO,Rosario,Asfalto,S/D,II,Dentro,Urbana,S/D,S/D,Intersección,Bueno,S/D,Diurna,Buen Tiempo,Lateral,S/D,Colisión,S/D,S/D,S/D,S/D,POINT (-60.680249 -32.94354319999999),"['Avellaneda', 'Marcos Paz']",2,Bulevar Nicolás Avellaneda; Marcos Paz,-32.94354319999999,-60.680249,55.0,538.0,Municipio Rosario,Municipio,Rosario,820210,Servicio de Catastro e Información Territorial,IGN
2012,2614,2012-03-17,Sabado,0.0,09:40:00,,0.0,2,"Moto/Ciclomotor,Automóvil",AVELLANEDA Y MONTEVIDEO,2,1,0,0,1,0,0,,Calle,,ROSARIO,Rosario,Asfalto,S/D,II,Dentro,Urbana,S/D,S/D,Intersección,Bueno,S/D,Diurna,Buen Tiempo,S/D,S/D,Colisión,S/D,S/D,Cordón divisorio,S/D,POINT (-60.68156305 -32.948831999999996),"['Avellaneda', 'Montevideo']",2,Bulevar Nicolás Avellaneda; Montevideo,-32.948832,-60.68156305,55.0,538.0,Municipio Rosario,Municipio,Rosario,820210,Servicio de Catastro e Información Territorial,IGN
2012,2616,2012-03-19,Lunes,0.0,05:40:00,,0.0,1,Otros,PUEYRREDON Y CORDOBA,1,1,0,0,0,0,0,,Calle,,ROSARIO,Rosario,Asfalto,S/D,II,Dentro,Urbana,S/D,S/D,Intersección,Bueno,Buena,Nocturna,Buen Tiempo,S/D,S/D,S/D,S/D,S/D,S/D,S/D,POINT (-60.65737260000001 -32.94301),"['Pueyrredón', 'Córdoba']",2,Pueyrredón; Córdoba,-32.94301,-60.65737260000001,55.0,538.0,Municipio Rosario,Municipio,Rosario,820210,Servicio de Catastro e Información Territorial,IGN
2012,2617,2012-03-19,Lunes,0.0,18:00:00,,0.0,2,"Moto/Ciclomotor,Camión",FRANCIA Y MONTEVIDEO,2,1,0,0,1,0,0,,Calle,,ROSARIO,Rosario,Asfalto,S/D,II,Dentro,Urbana,S/D,S/D,Intersección,Bueno,Buena,Atardecer,Buen Tiempo,S/D,S/D,Colisión,S/D,S/D,S/D,S/D,POINT (-60.66796585 -32.95125175),"['Avenida Francia', 'Montevideo']",2,Avenida Francia; Montevideo,-32.95125175,-60.66796585,55.0,538.0,Municipio Rosario,Municipio,Rosario,820210,Servicio de Catastro e Información Territorial,IGN
2012,2618,2012-03-11,Domingo,0.0,06:40:00,,0.0,1,Moto/Ciclomotor,IRIONDO Y MONTEVIDEO,1,1,0,0,0,0,0,,Calle,,ROSARIO,Rosario,Asfalto,S/D,II,Dentro,Urbana,S/D,S/D,Intersección,Bueno,Buena,Amanecer,Buen Tiempo,De alcance,S/D,Colisión,S/D,S/D,S/D,S/D,POINT (-60.6720567 -32.9505233),"['Iriondo', 'Montevideo']",2,Iriondo; Montevideo,-32.9505233,-60.6720567,55.0,538.0,Municipio Rosario,Municipio,Rosario,820210,Servicio de Catastro e Información Territorial,IGN
2012,2619,2012-03-21,Miercoles,0.0,13:40:00,,0.0,2,"Bicicleta,Automóvil",SAN JUAN Y CRESPO,2,1,0,0,1,0,0,,Calle,,ROSARIO,Rosario,Asfalto,S/D,II,Dentro,Urbana,S/D,S/D,Intersección,Bueno,Buena,Diurna,Buen Tiempo,Otro,S/D,Atropello,S/D,S/D,S/D,S/D,POINT (-60.6691479 -32.944778299999996),"['San Juan', 'Crespo']",2,San Juan; Crespo,-32.9447783,-60.6691479,55.0,538.0,Municipio Rosario,Municipio,Rosario,820210,Servicio de Catastro e Información Territorial,IGN
2012,2621,2012-03-18,Domingo,0.0,18:00:00,,0.0,2,"Moto/Ciclomotor,Automóvil",PELLEGRINI  Y RIO DE JANEIRO,2,1,0,0,1,0,0,,Calle,,ROSARIO,Rosario,Asfalto,S/D,II,Dentro,Urbana,S/D,S/D,Intersección,Bueno,Buena,Atardecer,Buen Tiempo,Frontal,S/D,Colisión,S/D,S/D,S/D,S/D,POINT (-60.6832499 -32.949701950000005),"['Pellegrini', 'Río de Janeiro']",2,Avenida Carlos Pellegrini; Río de Janeiro,-32.949701950000005,-60.6832499,55.0,538.0,Municipio Rosario,Municipio,Rosario,820210,Servicio de Catastro e Información Territorial,IGN
2012,2622,2012-03-22,Jueves,0.0,21:40:00,,0.0,2,"Moto/Ciclomotor,Taxi/Remis",PASCUAL ROSAS Y MARCOS PAZ,2,1,0,0,1,0,0,,Calle,,ROSARIO,Rosario,Asfalto,S/D,II,Dentro,Urbana,S/D,S/D,Intersección,Bueno,Buena,Nocturna,Buen Tiempo,S/D,S/D,Colisión,S/D,S/D,S/D,S/D,POINT (-60.687038300000005 -32.9423235),"['Pascual Rosas', 'Marcos Paz']",2,Pascual Rosas; Marcos Paz,-32.9423235,-60.687038300000005,55.0,538.0,Municipio Rosario,Municipio,Rosario,820210,Servicio de Catastro e Información Territorial,IGN
2012,2623,2012-03-23,Viernes,0.0,11:40:00,,0.0,2,"Moto/Ciclomotor,Automóvil",3 DE FEBRERO Y LAVALLE,2,1,0,0,1,0,0,,Calle,,ROSARIO,Rosario,Asfalto,S/D,II,Dentro,Urbana,S/D,S/D,Intersección,Bueno,Buena,Diurna,Buen Tiempo,S/D,S/D,Colisión,S/D,S/D,S/D,S/D,POINT (-60.6793582 -32.94569909999999),"['3 de Febrero', 'Lavalle']",2,3 de Febrero; Lavalle,-32.94569909999999,-60.6793582,55.0,538.0,Municipio Rosario,Municipio,Rosario,820210,Servicio de Catastro e Información Territorial,IGN
2012,2624,2012-03-19,Lunes,0.0,10:30:00,,0.0,2,"Moto/Ciclomotor,Automóvil",PASCO Y PTE. ROCA,2,1,0,0,1,0,0,,Calle,,ROSARIO,Rosario,Asfalto,S/D,II,Dentro,Urbana,S/D,S/D,Recta,Bueno,Buena,Diurna,Buen Tiempo,Lateral,S/D,Colisión,S/D,S/D,S/D,S/D,POINT (-60.6484017 -32.95832659999999),"['Pasco', 'Roca']",2,Pasco; Presidente Roca,-32.95832659999999,-60.6484017,55.0,538.0,Municipio Rosario,Municipio,Rosario,820210,Servicio de Catastro e Información Territorial,IGN
2012,2625,2012-03-19,Lunes,0.0,22:15:00,,0.0,2,"Moto/Ciclomotor,Automóvil",AV. LAGOS Y PELLEGRINI,2,1,0,0,1,0,0,,Calle,,ROSARIO,Rosario,Asfalto,S/D,II,Dentro,Urbana,S/D,Funciona,Recta,Bueno,Buena,Con luz artificial,Buen Tiempo,Lateral,S/D,Colisión,S/D,Vertical,S/D,S/D,POINT (-60.664182350000004 -32.953107599999996),"['Ovidio Lagos', 'Pellegrini']",2,Avenida Ovidio Lagos; Avenida Carlos Pellegrini,-32.9531076,-60.66418235,55.0,538.0,Municipio Rosario,Municipio,Rosario,820210,Servicio de Catastro e Información Territorial,IGN
2012,2627,2012-03-19,Lunes,0.0,08:00:00,,0.0,2,"Moto/Ciclomotor,Automóvil",MITRE Y OCAMPO,3,2,0,0,1,0,0,,Calle,,ROSARIO,Rosario,Asfalto,S/D,II,S/D,Urbana,S/D,S/D,Recta,Bueno,Buena,Diurna,Buen Tiempo,Lateral,S/D,Colisión,S/D,S/D,S/D,S/D,POINT (-60.6445716 -32.96621689999999),"['Mitre', 'Ocampo']",2,Bartolomé Mitre; Ocampo,-32.96621689999999,-60.6445716,55.0,538.0,Municipio Rosario,Municipio,Rosario,820210,Servicio de Catastro e Información Territorial,IGN
2012,2629,2012-03-23,Viernes,0.0,00:00:00,,0.0,2,"Peatón,Moto/Ciclomotor",MONTEVIDEO Y PUEYRREDON,2,1,0,0,1,0,0,,Calle,,ROSARIO,Rosario,Asfalto,S/D,II,Dentro,Urbana,S/D,S/D,Intersección,Bueno,Buena,S/D,Buen Tiempo,Otro,S/D,Atropello,S/D,S/D,S/D,S/D,POINT (-60.6598108 -32.9527051),"['Montevideo', 'Pueyrredón']",2,Montevideo; Pueyrredón,-32.9527051,-60.6598108,55.0,538.0,Municipio Rosario,Municipio,Rosario,820210,Servicio de Catastro e Información Territorial,IGN
2012,2630,2012-03-24,Sabado,0.0,00:00:00,,0.0,2,"Taxi/Remis,Automóvil",AV. PELLEGRINI Y AV. FRANCIA,2,1,0,0,1,0,0,,Avenida,,ROSARIO,Rosario,Asfalto,S/D,II,Dentro,Urbana,Semáforo,S/D,Intersección,Bueno,Buena,S/D,Buen Tiempo,S/D,S/D,Colisión,S/D,S/D,S/D,S/D,POINT (-60.668265950000006 -32.95238069999999),"['Pellegrini', 'Avenida Francia']",2,Avenida Carlos Pellegrini; Avenida Francia,-32.95238069999999,-60.668265950000006,55.0,538.0,Municipio Rosario,Municipio,Rosario,820210,Servicio de Catastro e Información Territorial,IGN
2012,2631,2012-03-20,Martes,0.0,09:00:00,,0.0,2,"Moto/Ciclomotor,Automóvil",CERRITO Y SARMIENTO,3,2,0,0,1,0,0,,Calle,,ROSARIO,Rosario,Asfalto,S/D,II,Dentro,Urbana,S/D,S/D,Recta,Bueno,Buena,Diurna,Buen Tiempo,Lateral,S/D,Colisión,S/D,S/D,S/D,S/D,POINT (-60.6420226 -32.9618734),"['Cerrito', 'Sarmiento']",2,Cerrito; Sarmiento,-32.9618734,-60.6420226,55.0,538.0,Municipio Rosario,Municipio,Rosario,820210,Servicio de Catastro e Información Territorial,IGN
2012,2632,2012-03-24,Sabado,0.0,09:00:00,,0.0,2,"Moto/Ciclomotor,Taxi/Remis",VERA MUJICA Y SAN JUAN,2,1,0,0,1,0,0,,Calle,,ROSARIO,Rosario,Asfalto,S/D,II,Dentro,Urbana,Señal Pare,S/D,Intersección,Bueno,Buena,Diurna,Buen Tiempo,S/D,S/D,Colisión,S/D,S/D,S/D,S/D,POINT (-60.6678428 -32.94501609999999),"['Vera Mujíca', 'San Juan']",2,Vera Mujíca; San Juan,-32.94501609999999,-60.6678428,55.0,538.0,Municipio Rosario,Municipio,Rosario,820210,Servicio de Catastro e Información Territorial,IGN
2012,2633,2012-03-01,Jueves,1.0,01:50:00,,0.0,2,"Moto/Ciclomotor,Automóvil",AV. PELLEGRINI E IRIONDO,2,1,0,0,1,0,0,,Avenida,,ROSARIO,Rosario,Asfalto,S/D,II,Dentro,Urbana,Semáforo,S/D,Intersección,Bueno,Buena,Diurna,Buen Tiempo,S/D,S/D,Colisión,S/D,S/D,S/D,S/D,POINT (-60.6723408 -32.95164905),"['Pellegrini', 'Iriondo']",2,Avenida Carlos Pellegrini; Iriondo,-32.95164905,-60.6723408,55.0,538.0,Municipio Rosario,Municipio,Rosario,820210,Servicio de Catastro e Información Territorial,IGN
2012,2634,2012-03-26,Lunes,0.0,12:00:00,,0.0,2,"Taxi/Remis,Pickup/Utilitario",ZEBALLOS Y SANTIAGO,3,1,0,0,2,0,0,,Calle,,ROSARIO,Rosario,Asfalto,S/D,II,Dentro,Urbana,S/D,S/D,Intersección,Bueno,Buena,Diurna,Buen Tiempo,Lateral,S/D,Colisión,S/D,S/D,S/D,S/D,POINT (-60.6581792 -32.95179709999999),"['Zeballos', 'Santiago']",2,Zeballos; Santiago,-32.95179709999999,-60.6581792,55.0,538.0,Municipio Rosario,Municipio,Rosario,820210,Servicio de Catastro e Información Territorial,IGN
2012,2635,2012-03-27,Martes,0.0,11:00:00,,0.0,2,"Moto/Ciclomotor,Pickup/Utilitario",SUIPACHA Y RIOJA,2,1,0,0,1,0,0,,Calle,,ROSARIO,Rosario,Asfalto,S/D,II,Dentro,Urbana,Señal Pare,S/D,Intersección,Bueno,Buena,Diurna,Buen Tiempo,S/D,S/D,Colisión,S/D,S/D,S/D,S/D,POINT (-60.66447840000001 -32.94294049999999),"['Suipacha', 'Rioja']",2,Suipacha; Rioja,-32.94294049999999,-60.66447840000001,55.0,538.0,Municipio Rosario,Municipio,Rosario,820210,Servicio de Catastro e Información Territorial,IGN