anio_acci,nro_acci,fecha,desc_dia,fecha_aprox,hora_aprox,desc_ruta,km,cant_participantes,desc_participante,calle_avenida_km,total,heridos_leves,heridos_graves,heridos_gravisimos,ilesos,fallecidos,sin_datos,posicion_XY,desc_tipo_via,desc_ruta_ori,desc_loc,desc_dpto,desc_tipo_calzada,desc_tipo_banquina,desc_unidad_regional,desc_lugar_calzada,desc_zona,desc_prioridad,desc_estado_semaforo,desc_lugar_via,desc_estado_via,desc_estado_visibilidad,desc_luminosidad,desc_estado_clima,desc_tipo_colision,desc_tipo_atropello,desc_tipo_hecho,desc_pres_calzada,desc_senializacion,desc_separacion_via,desc_restriccion,forma_geocod,calle_lista,numero_calles,calles_osm,lat,lon,index_right,gid,fna,gna,nam,in1,fdc,sag
2012,2637,2012-03-20,Martes,0.0,21:15:00,,0.0,2,"Automóvil,Automóvil",BV. OROÑO Y BV. 27 DE FEBRERO,3,1,0,0,2,0,0,,Calle,,ROSARIO,Rosario,Asfalto,S/D,II,S/D,Urbana,S/D,S/D,Recta,Bueno,Buena,S/D,Buen Tiempo,De alcance,S/D,Colisión,S/D,S/D,S/D,S/D,POINT (-60.658642825 -32.964892400000004),"['Bulevar Nicasio Oroño', '27 de Febrero']",2,Bulevar Nicasio Oroño; Bulevar 27 de Febrero,-32.964892400000004,-60.658642825,55.0,538.0,Municipio Rosario,Municipio,Rosario,820210,Servicio de Catastro e Información Territorial,IGN
2012,2638,2012-03-04,Domingo,0.0,00:30:00,,0.0,2,"Moto/Ciclomotor,Automóvil",baigorria y cavia,3,0,0,0,0,0,3,,Calle,,ROSARIO,Rosario,Asfalto,S/D,II,Dentro,Urbana,S/D,S/D,Intersección,Bueno,Buena,"Nocturna,Con luz artificial",Buen Tiempo,Lateral,S/D,Colisión,Otro,Faltante,Ninguna,Sin restricción,POINT (-60.7096106 -32.8937007),"['Baigorria', 'Cavia']",2,Baigorria; Cavia,-32.8937007,-60.7096106,55.0,538.0,Municipio Rosario,Municipio,Rosario,820210,Servicio de Catastro e Información Territorial,IGN
2012,2639,2012-03-26,Lunes,0.0,19:20:00,,0.0,2,"Peatón,Taxi/Remis",CASTELLANOS Y MARCOS PAZ,2,1,0,0,1,0,0,,Calle,,ROSARIO,Rosario,Asfalto,S/D,II,Dentro,Urbana,S/D,S/D,Intersección,Bueno,Buena,Atardecer,Buen Tiempo,Otro,S/D,Atropello,S/D,S/D,S/D,S/D,POINT (-60.676207399999996 -32.94426299999999),"['Aaron Castellanos', 'Marcos Paz']",2,Aaron Castellanos; Marcos Paz,-32.94426299999999,-60.6762074,55.0,538.0,Municipio Rosario,Municipio,Rosario,820210,Servicio de Catastro e Información Territorial,IGN
2012,2640,2012-03-21,Miercoles,0.0,15:15:00,,0.0,2,"Moto/Ciclomotor,Automóvil",ENTRE RIOS Y GALVEZ,2,1,0,0,1,0,0,,Calle,,ROSARIO,Rosario,Asfalto,S/D,II,Dentro,Urbana,S/D,S/D,Recta,Bueno,Buena,Diurna,Buen Tiempo,Lateral,S/D,Colisión,S/D,S/D,S/D,S/D,POINT (-60.6465702 -32.968276),"['Entre Ríos', 'Galvez']",2,Entre Ríos; José Gálvez,-32.968276,-60.6465702,55.0,538.0,Municipio Rosario,Municipio,Rosario,820210,Servicio de Catastro e Información Territorial,IGN
2012,2641,2012-03-26,Lunes,0.0,00:00:00,,0.0,2,"Moto/Ciclomotor,Automóvil",AV. PELLEGRINI 4000,2,1,0,0,1,0,0,,Avenida,,ROSARIO,Rosario,Asfalto,S/D,II,Dentro,Urbana,S/D,S/D,Intersección,Bueno,Buena,S/D,Buen Tiempo,S/D,S/D,Colisión,S/D,S/D,S/D,S/D,"-32.9501291, -60.6802971",['Pellegrini 4000'],1,Pellegrini 4000,-32.9501291,-60.6802971,55.0,538.0,Municipio Rosario,Municipio,Rosario,820210,Servicio de Catastro e Información Territorial,IGN
2012,2642,2012-03-11,Domingo,0.0,14:15:00,,0.0,2,"Moto/Ciclomotor,Automóvil",anchores y gallo,2,1,0,0,1,0,0,,Calle,,ROSARIO,Rosario,Asfalto,S/D,II,S/D,Urbana,S/D,S/D,Intersección,Bueno,Buena,Diurna,Buen Tiempo,S/D,S/D,Colisión,S/D,S/D,S/D,Sin restricción,POINT (-60.7013365 -32.8923665),"['Anchoris', 'Gallo']",2,Anchoris; Cangallo,-32.8923665,-60.7013365,55.0,538.0,Municipio Rosario,Municipio,Rosario,820210,Servicio de Catastro e Información Territorial,IGN
2012,2643,2012-03-21,Miercoles,0.0,10:20:00,,0.0,2,"Bicicleta,Automóvil",AV. PELLEGRINI Y PUEYRREDON,1,1,0,0,0,0,0,,S/D,,ROSARIO,Rosario,Asfalto,S/D,II,S/D,S/D,S/D,S/D,Recta,Bueno,Buena,Diurna,Buen Tiempo,S/D,S/D,Atropello,S/D,S/D,S/D,S/D,POINT (-60.66011240000001 -32.95378149999999),"['Pellegrini', 'Pueyrredón']",2,Avenida Carlos Pellegrini; Pueyrredón,-32.95378149999999,-60.66011240000001,55.0,538.0,Municipio Rosario,Municipio,Rosario,820210,Servicio de Catastro e Información Territorial,IGN
2012,2645,2012-03-21,Miercoles,0.0,06:35:00,,0.0,2,"Bicicleta,Automóvil",ALVERA Y RUEDA,2,1,0,0,1,0,0,,Calle,,ROSARIO,Rosario,Asfalto,S/D,I,Dentro,Urbana,S/D,S/D,Recta,Bueno,Buena,Diurna,Buen Tiempo,S/D,S/D,Atropello,S/D,S/D,S/D,S/D,POINT (-60.66085950000001 -32.96812210000001),"['Alvear', 'Rueda']",2,Alvear; Rueda,-32.96812210000001,-60.66085950000001,55.0,538.0,Municipio Rosario,Municipio,Rosario,820210,Servicio de Catastro e Información Territorial,IGN
2012,2646,2012-03-23,Viernes,0.0,07:50:00,,0.0,2,"Moto/Ciclomotor,Automóvil",OCAMPO Y SAN MARTIN,2,1,0,0,1,0,0,,Calle,,ROSARIO,Rosario,Asfalto,S/D,II,Dentro,Urbana,S/D,S/D,Recta,Bueno,Buena,Diurna,Buen Tiempo,Lateral,S/D,Colisión,S/D,S/D,S/D,S/D,POINT (-60.641734899999996 -32.9667212),"['Ocampo', 'San Martin']",2,Ocampo; José de San Martín,-32.9667212,-60.6417349,55.0,538.0,Municipio Rosario,Municipio,Rosario,820210,Servicio de Catastro e Información Territorial,IGN
2012,2647,2012-03-23,Viernes,0.0,10:00:00,,0.0,1,Moto/Ciclomotor,SUIPACHA Y RIOBAMBA,2,1,0,0,1,0,0,,Calle,,ROSARIO,Rosario,Asfalto,S/D,II,Dentro,Urbana,S/D,S/D,Recta,Bueno,Buena,Diurna,Buen Tiempo,Lateral,S/D,Colisión,S/D,S/D,S/D,S/D,POINT (-60.6683824 -32.95835749999999),"['Suipacha', 'Riobamba']",2,Suipacha; Riobamba,-32.95835749999999,-60.6683824,55.0,538.0,Municipio Rosario,Municipio,Rosario,820210,Servicio de Catastro e Información Territorial,IGN
2012,2648,2012-03-13,Martes,0.0,18:00:00,,0.0,2,"Taxi/Remis,Moto/Ciclomotor",ortiz de guinea y medrano,2,0,0,0,0,0,2,,Calle,,ROSARIO,Rosario,Asfalto,No existe,II,Dentro,Urbana,S/D,No existe,Intersección,Bueno,Buena,Diurna,Buen Tiempo,Lateral,S/D,Colisión,Otro,Faltante,S/D,Sin restricción,POINT (-60.703452500000004 -32.88855840000001),"['Siripo', 'Medrano']",2,Siripo; Medrano,-32.88855840000001,-60.7034525,55.0,538.0,Municipio Rosario,Municipio,Rosario,820210,Servicio de Catastro e Información Territorial,IGN
2012,2649,2012-03-24,Sabado,0.0,23:50:00,,0.0,2,"Automóvil,Automóvil",OROÑO Y ESTANISLAO LOPEZ,2,2,0,0,0,0,0,,Avenida,,ROSARIO,Rosario,Asfalto,S/D,II,Dentro,Urbana,S/D,S/D,Recta,Bueno,Buena,Con luz artificial,Buen Tiempo,Lateral,S/D,Colisión,S/D,S/D,S/D,S/D,POINT (-60.650012866666664 -32.93078893333333),"['Bulevar Nicasio Oroño', 'Estanislao López']",2,Bulevar Nicasio Oroño; Autopista Brigadier Estanislao López,-32.93078893333333,-60.65001286666666,55.0,538.0,Municipio Rosario,Municipio,Rosario,820210,Servicio de Catastro e Información Territorial,IGN
2012,2651,2012-03-14,Miercoles,0.0,00:00:00,,0.0,2,"Bicicleta,Automóvil",cavia y herrera ,3,0,0,0,0,0,3,,Calle,,ROSARIO,Rosario,Asfalto,S/D,II,Dentro,Urbana,S/D,S/D,Intersección,Bueno,S/D,S/D,Buen Tiempo,Lateral,S/D,Atropello,Otro,Faltante,Ninguna,S/D,POINT (-60.70939539999999 -32.897679800000006),"['Cavia', 'Herrera']",2,Cavia; Franzini Herrera,-32.897679800000006,-60.70939539999999,55.0,538.0,Municipio Rosario,Municipio,Rosario,820210,Servicio de Catastro e Información Territorial,IGN
2012,2652,2012-03-24,Sabado,0.0,19:00:00,,0.0,2,"Moto/Ciclomotor,Pickup/Utilitario",ESPAÑA Y LA PAZ,2,1,0,0,1,0,0,,Calle,,ROSARIO,Rosario,Asfalto,S/D,II,Dentro,Urbana,S/D,S/D,Recta,Bueno,Buena,Atardecer,Buen Tiempo,Lateral,S/D,Colisión,S/D,S/D,S/D,S/D,POINT (-60.650946700000006 -32.962692399999995),"['España', 'La Paz']",2,España; La Paz,-32.962692399999995,-60.650946700000006,55.0,538.0,Municipio Rosario,Municipio,Rosario,820210,Servicio de Catastro e Información Territorial,IGN
2012,2653,2012-03-26,Lunes,0.0,12:10:00,,0.0,2,"Moto/Ciclomotor,Automóvil",OCAMPO Y ENTRE RIOS,2,1,0,0,1,0,0,,Calle,,ROSARIO,Rosario,Asfalto,S/D,II,Dentro,Urbana,S/D,S/D,Recta,Bueno,Buena,Diurna,Buen Tiempo,Lateral,S/D,Colisión,S/D,S/D,S/D,S/D,POINT (-60.645984299999995 -32.96596579999999),"['Ocampo', 'Entre Ríos']",2,Ocampo; Entre Ríos,-32.96596579999999,-60.6459843,55.0,538.0,Municipio Rosario,Municipio,Rosario,820210,Servicio de Catastro e Información Territorial,IGN
2012,2656,2012-03-11,Domingo,0.0,04:00:00,,0.0,2,"Peatón,Automóvil",RIOJA 1200,2,1,0,0,1,0,0,,Calle,,ROSARIO,Rosario,Asfalto,S/D,II,Dentro,Urbana,S/D,S/D,Recta,Bueno,S/D,S/D,S/D,S/D,S/D,Atropello,S/D,S/D,S/D,S/D,"-32.947372, -60.6397946",['Rioja 1200'],1,Rioja 1200,-32.947372,-60.6397946,55.0,538.0,Municipio Rosario,Municipio,Rosario,820210,Servicio de Catastro e Información Territorial,IGN
2012,2657,2012-03-11,Domingo,0.0,20:40:00,,0.0,2,"Moto/Ciclomotor,Automóvil",3 DE FEBRERO Y ITALIA,4,1,0,0,3,0,0,,Calle,,ROSARIO,Rosario,Asfalto,S/D,II,Dentro,Urbana,S/D,S/D,Recta,Bueno,S/D,Nocturna,S/D,S/D,S/D,Colisión,S/D,S/D,S/D,S/D,POINT (-60.6494628 -32.95104619999999),"['3 de Febrero', 'Italia']",2,3 de Febrero; Italia,-32.95104619999999,-60.6494628,55.0,538.0,Municipio Rosario,Municipio,Rosario,820210,Servicio de Catastro e Información Territorial,IGN
2012,2660,2012-03-27,Martes,0.0,16:00:00,,0.0,2,"Bicicleta,Transporte de Pasajeros Urbano (> 8 asientos)",DORREGO Y CERRITO,2,1,0,0,0,0,1,,Calle,,ROSARIO,Rosario,Asfalto,S/D,II,Dentro,Urbana,S/D,S/D,Recta,Bueno,Buena,Diurna,Buen Tiempo,S/D,S/D,Atropello,S/D,S/D,S/D,S/D,POINT (-60.653089800000004 -32.9598834),"['Dorrego', 'Cerrito']",2,Manuel Dorrego; Cerrito,-32.9598834,-60.6530898,55.0,538.0,Municipio Rosario,Municipio,Rosario,820210,Servicio de Catastro e Información Territorial,IGN
2012,2662,2012-03-12,Lunes,0.0,13:00:00,,0.0,2,"Automóvil,Moto/Ciclomotor",GENOVA Y ADUANA,3,2,0,0,1,0,0,,Calle,,ROSARIO,Rosario,Asfalto,No existe,II,S/D,Urbana,S/D,No existe,Intersección,Bueno,Buena,Diurna,Buen Tiempo,S/D,S/D,S/D,S/D,S/D,S/D,S/D,POINT (-60.77161520000001 -32.9176272),"['Genova', 'Aduana']",2,Avenida Génova; Aduana,-32.9176272,-60.77161520000001,55.0,538.0,Municipio Rosario,Municipio,Rosario,820210,Servicio de Catastro e Información Territorial,IGN
2012,2663,2012-03-12,Lunes,0.0,18:00:00,,0.0,1,Camión,CONWAY 4200,2,1,0,0,1,0,0,,Calle,,ROSARIO,Rosario,Asfalto,S/D,II,S/D,S/D,S/D,S/D,Recta,S/D,S/D,S/D,S/D,S/D,S/D,S/D,S/D,S/D,S/D,S/D,"-32.8844617, -60.731111",['Conway 4200'],1,Conway 4200,-32.8844617,-60.731111,55.0,538.0,Municipio Rosario,Municipio,Rosario,820210,Servicio de Catastro e Información Territorial,IGN
2012,2664,2012-03-29,Jueves,0.0,15:00:00,,0.0,2,"Automóvil,Moto/Ciclomotor",galvez y necochea,2,1,0,0,1,0,0,,Calle,,ROSARIO,Rosario,Asfalto,No existe,II,Dentro,Urbana,S/D,No existe,Intersección,Bueno,Buena,Diurna,Buen Tiempo,"Frontal,Lateral",S/D,Vuelco,S/D,S/D,S/D,Sin restricción,POINT (-60.6297931 -32.9712582),"['Galvez', 'Necochea']",2,José Gálvez; Necochea,-32.9712582,-60.6297931,55.0,538.0,Municipio Rosario,Municipio,Rosario,820210,Servicio de Catastro e Información Territorial,IGN
2012,2665,2012-03-31,Sabado,0.0,18:00:00,,0.0,2,"Automóvil,Pickup/Utilitario",la paz y laprida,2,2,0,0,0,0,0,,Calle,,ROSARIO,Rosario,Asfalto,No existe,II,Dentro,Urbana,S/D,No existe,Intersección,Bueno,Buena,Diurna,Buen Tiempo,"Frontal,Lateral",S/D,Colisión,S/D,S/D,Ninguna,Sin restricción,POINT (-60.6387109 -32.96486649999999),"['La Paz', 'Laprida']",2,La Paz; Francisco Narciso Laprida,-32.96486649999999,-60.6387109,55.0,538.0,Municipio Rosario,Municipio,Rosario,820210,Servicio de Catastro e Información Territorial,IGN
2012,2666,2012-03-05,Lunes,0.0,08:45:00,,0.0,2,"Automóvil,Moto/Ciclomotor",CIUDADELA Y J. J. PEREZ,2,1,0,0,1,0,0,,Calle,,ROSARIO,Rosario,Asfalto,S/D,II,S/D,Urbana,S/D,S/D,Intersección,S/D,S/D,S/D,S/D,S/D,S/D,S/D,S/D,S/D,S/D,S/D,POINT (-60.7295343 -32.8924983),"['Ciudadela', 'Pérez']",2,Ciudadela; Pérez Bulnes,-32.8924983,-60.7295343,55.0,538.0,Municipio Rosario,Municipio,Rosario,820210,Servicio de Catastro e Información Territorial,IGN
2012,2668,2012-03-01,Jueves,0.0,21:00:00,,0.0,2,"Pickup/Utilitario,Pickup/Utilitario",av. pellegrini y españa ,3,2,0,0,1,0,0,,Avenida,,ROSARIO,Rosario,Asfalto,No existe,II,Dentro,Urbana,S/D,Funciona,Recta,Bueno,Buena,Atardecer,Buen Tiempo,De alcance,S/D,Colisión,S/D,Vertical,S/D,Sin restricción,POINT (-60.6492162 -32.95580995),"['Pellegrini', 'España']",2,Avenida Carlos Pellegrini; España,-32.95580995,-60.6492162,55.0,538.0,Municipio Rosario,Municipio,Rosario,820210,Servicio de Catastro e Información Territorial,IGN
2012,2669,2012-03-01,Jueves,0.0,19:30:00,,0.0,3,"Moto/Ciclomotor,Automóvil,Automóvil",sarmiento y virasoro,3,1,0,0,2,0,0,,Calle,,ROSARIO,Rosario,Asfalto,S/D,II,Dentro,Urbana,S/D,S/D,Recta,Bueno,Buena,Atardecer,Buen Tiempo,Lateral,S/D,Colisión,S/D,S/D,S/D,Sin restricción,POINT (-60.6440624 -32.969927),"['Sarmiento', 'Virasoro']",2,Sarmiento; Benjamín Virasoro,-32.969927,-60.6440624,55.0,538.0,Municipio Rosario,Municipio,Rosario,820210,Servicio de Catastro e Información Territorial,IGN
2012,2670,2012-03-27,Martes,0.0,00:00:00,,0.0,2,"Automóvil,Automóvil",ALVAREZ CAUDARCO Y J. B. JUSTO,2,1,0,0,1,0,0,,Calle,,ROSARIO,Rosario,Asfalto,S/D,II,S/D,S/D,S/D,S/D,Recta,Bueno,S/D,S/D,S/D,S/D,S/D,S/D,S/D,S/D,S/D,S/D,POINT (-60.75561350000001 -32.9160722),"['Álvarez Condarco', 'Justo']",2,Álvarez Condarco; Justo José de Urquiza,-32.9160722,-60.75561350000001,55.0,538.0,Municipio Rosario,Municipio,Rosario,820210,Servicio de Catastro e Información Territorial,IGN
2012,2672,2012-03-03,Sabado,0.0,21:45:00,,0.0,2,"Bicicleta,Moto/Ciclomotor",ov. lagos y rueda,2,2,0,0,0,0,0,,Avenida,,ROSARIO,Rosario,Asfalto,S/D,II,Dentro,Urbana,S/D,S/D,Recta,Bueno,Buena,Con luz artificial,Buen Tiempo,Lateral,S/D,Atropello,S/D,S/D,S/D,Sin restricción,POINT (-60.667435000000005 -32.96692475),"['Avenida Ovidio Lagos', 'Rueda']",2,Avenida Ovidio Lagos; Rueda,-32.96692475,-60.667435000000005,55.0,538.0,Municipio Rosario,Municipio,Rosario,820210,Servicio de Catastro e Información Territorial,IGN
2012,2673,2012-03-04,Domingo,0.0,07:30:00,,0.0,3,"Automóvil,Automóvil,Moto/Ciclomotor",bv. oroño y rueda,4,4,0,0,0,0,0,,Avenida,,ROSARIO,Rosario,Asfalto,S/D,II,Dentro,Urbana,S/D,S/D,Recta,Bueno,Buena,Diurna,Buen Tiempo,S/D,S/D,Colisión,S/D,S/D,S/D,S/D,POINT (-60.65951415 -32.96836919999999),"['Bulevar Nicasio Oroño', 'Rueda']",2,Bulevar Nicasio Oroño; Rueda,-32.96836919999999,-60.65951415,55.0,538.0,Municipio Rosario,Municipio,Rosario,820210,Servicio de Catastro e Información Territorial,IGN
2012,2674,2012-02-25,Sabado,0.0,22:00:00,,0.0,2,"Moto/Ciclomotor,Automóvil",COCHABAMBA Y CHACABUCO,3,2,0,0,1,0,0,,Calle,,ROSARIO,Rosario,Asfalto,No existe,II,Dentro,Urbana,Ninguna,No existe,Intersección,Bueno,Buena,Nocturna,Buen Tiempo,Lateral,S/D,Colisión,S/D,Faltante,Cordón divisorio,Sin restricción,POINT (-60.625802 -32.96118450000001),"['Cochabamba', 'Chacabuco']",2,Cochabamba; Chacabuco,-32.96118450000001,-60.625802,55.0,538.0,Municipio Rosario,Municipio,Rosario,820210,Servicio de Catastro e Información Territorial,IGN
2012,2675,2012-02-05,Domingo,0.0,09:00:00,,0.0,2,"Automóvil,Taxi/Remis",av. 27 de febrero y av. san martin,2,2,0,0,0,0,0,,Avenida,,ROSARIO,Rosario,Asfalto,S/D,II,Dentro,Urbana,S/D,S/D,Recta,Bueno,Buena,Diurna,Buen Tiempo,De alcance,S/D,Colisión,S/D,S/D,S/D,Sin restricción,POINT (-60.642020650000006 -32.96785644999999),"['27 de Febrero', 'San Martin']",2,Bulevar 27 de Febrero; José de San Martín,-32.96785644999999,-60.642020650000006,55.0,538.0,Municipio Rosario,Municipio,Rosario,820210,Servicio de Catastro e Información Territorial,IGN
2012,2676,2012-03-05,Lunes,0.0,08:20:00,,0.0,2,"Moto/Ciclomotor,Automóvil",av. 27 de febrero y av. san martin,2,1,0,0,1,0,0,,Avenida,,ROSARIO,Rosario,Asfalto,S/D,II,Dentro,Urbana,S/D,S/D,Recta,Bueno,Buena,Diurna,Buen Tiempo,Lateral,S/D,Colisión,S/D,S/D,S/D,Sin restricción,POINT (-60.642020650000006 -32.96785644999999),"['27 de Febrero', 'San Martin']",2,Bulevar 27 de Febrero; José de San Martín,-32.96785644999999,-60.642020650000006,55.0,538.0,Municipio Rosario,Municipio,Rosario,820210,Servicio de Catastro e Información Territorial,IGN
2012,2677,2012-03-05,Lunes,0.0,20:20:00,,0.0,2,"Moto/Ciclomotor,Automóvil",corrientes y galvez,3,2,0,0,1,0,0,,Calle,,ROSARIO,Rosario,Asfalto,S/D,II,Dentro,Urbana,S/D,S/D,Recta,Bueno,Buena,Con luz artificial,Buen Tiempo,Lateral,S/D,Colisión,S/D,S/D,S/D,Sin restricción,POINT (-60.64797829999999 -32.968026599999995),"['Corrientes', 'Galvez']",2,Corrientes; José Gálvez,-32.968026599999995,-60.64797829999999,55.0,538.0,Municipio Rosario,Municipio,Rosario,820210,Servicio de Catastro e Información Territorial,IGN
2012,2678,2012-03-01,Jueves,0.0,19:30:00,,0.0,2,"Moto/Ciclomotor,Automóvil",PASEO Y NECOCHEA,3,2,0,0,1,0,0,,Calle,,ROSARIO,Rosario,Asfalto,No existe,II,Dentro,Urbana,Señal Ceda el Paso,No existe,Intersección,Bueno,Buena,Diurna,Buen Tiempo,Lateral,S/D,Colisión,S/D,Horizontal,Cordón divisorio,Sin restricción,POINT (-60.6274676 -32.9620944),"['Pasco', 'Necochea']",2,Pasco; Necochea,-32.9620944,-60.6274676,55.0,538.0,Municipio Rosario,Municipio,Rosario,820210,Servicio de Catastro e Información Territorial,IGN
2012,2679,2012-03-08,Jueves,0.0,09:55:00,,0.0,3,"Moto/Ciclomotor,Automóvil,Automóvil",AV. 27 DE FEBRERO Y VALPARAISO,7,6,0,0,1,0,0,,Avenida,,ROSARIO,Rosario,Asfalto,Natural,II,S/D,S/D,Ninguna,No existe,Intersección,Bueno,Buena,Diurna,Buen Tiempo,Lateral,S/D,Colisión,S/D,Faltante,S/D,S/D,POINT (-60.6871574 -32.959782933333344),"['27 de Febrero', 'Valparaíso']",2,Bulevar 27 de Febrero; Valparaíso,-32.959782933333344,-60.6871574,55.0,538.0,Municipio Rosario,Municipio,Rosario,820210,Servicio de Catastro e Información Territorial,IGN
2012,2680,2012-03-01,Jueves,0.0,14:10:00,,0.0,2,"Vehículo Oficial,Camión",GALVEZ Y VERA MUJICA,4,2,0,0,2,0,0,,Calle,,ROSARIO,Rosario,Asfalto,No existe,II,Dentro,Urbana,Ninguna,No existe,Recta,Bueno,Buena,Diurna,Buen Tiempo,Lateral,S/D,Colisión,S/D,S/D,S/D,Sin restricción,POINT (-60.6725488 -32.96364169999999),"['Galvez', 'Vera Mujíca']",2,José Gálvez; Vera Mujíca,-32.96364169999999,-60.6725488,55.0,538.0,Municipio Rosario,Municipio,Rosario,820210,Servicio de Catastro e Información Territorial,IGN
2012,2681,2012-03-04,Domingo,0.0,17:20:00,,0.0,2,"Moto/Ciclomotor,Moto/Ciclomotor",ALSINA Y GODOY,2,1,0,0,1,0,0,,Calle,,ROSARIO,Rosario,Asfalto,Pavimento,II,Dentro,Urbana,Semáforo,Funciona,Intersección,Bueno,Buena,Atardecer,Buen Tiempo,Lateral,S/D,Colisión,S/D,"Horizontal,Vertical",S/D,Sin restricción,POINT (-60.6808657 -32.95726585),"['Alsina', 'Avenida Presidente Perón']",2,Alsina; Avenida Presidente Perón,-32.95726585,-60.6808657,55.0,538.0,Municipio Rosario,Municipio,Rosario,820210,Servicio de Catastro e Información Territorial,IGN
2012,2683,2012-03-14,Miercoles,0.0,07:15:00,,0.0,2,"Peatón,Transporte de Pasajeros Urbano (> 8 asientos)",ESPAÑA Y MENDOZA,2,1,0,0,1,0,0,,Calle,,ROSARIO,Rosario,Asfalto,S/D,II,Dentro,Urbana,S/D,S/D,Recta,Bueno,S/D,Diurna,Buen Tiempo,S/D,S/D,Atropello,S/D,S/D,S/D,S/D,POINT (-60.64776750000001 -32.950048100000004),"['España', 'Mendoza']",2,España; Mendoza,-32.950048100000004,-60.64776750000001,55.0,538.0,Municipio Rosario,Municipio,Rosario,820210,Servicio de Catastro e Información Territorial,IGN
2012,2685,2012-03-14,Miercoles,0.0,14:15:00,,0.0,2,"Peatón,Automóvil",MORENO Y RIOJA,3,1,0,0,2,0,0,,Calle,,ROSARIO,Rosario,Asfalto,S/D,II,Dentro,Urbana,S/D,S/D,Recta,Bueno,Buena,Diurna,S/D,S/D,S/D,Atropello,S/D,S/D,S/D,S/D,POINT (-60.6508717 -32.9453541),"['Moreno', 'Rioja']",2,Mariano Moreno; Rioja,-32.9453541,-60.6508717,55.0,538.0,Municipio Rosario,Municipio,Rosario,820210,Servicio de Catastro e Información Territorial,IGN
2012,2686,2012-03-14,Miercoles,0.0,21:10:00,,0.0,2,"Taxi/Remis,Automóvil",OROÑO Y MENDOZA,2,1,0,0,1,0,0,,Calle,,ROSARIO,Rosario,Asfalto,No existe,II,Dentro,Urbana,S/D,S/D,Recta,Bueno,Buena,Nocturna,Buen Tiempo,Frontal,S/D,Colisión,S/D,S/D,S/D,S/D,POINT (-60.6545801 -32.948842899999995),"['Bulevar Nicasio Oroño', 'Mendoza']",2,Bulevar Nicasio Oroño; Mendoza,-32.948842899999995,-60.6545801,55.0,538.0,Municipio Rosario,Municipio,Rosario,820210,Servicio de Catastro e Información Territorial,IGN
2012,2687,2012-03-05,Lunes,0.0,00:00:00,,0.0,2,"Bicicleta,Automóvil",AV. 27 DE FEBRERO Y RIO DE JANEIRO,3,2,0,0,1,0,0,,Avenida,,ROSARIO,Rosario,Asfalto,Pavimento,II,S/D,S/D,S/D,No existe,Intersección,S/D,Buena,Diurna,Lluvia,De alcance,S/D,Colisión,Agua,S/D,S/D,S/D,POINT (-60.68583433333333 -32.960022599999995),"['27 de Febrero', 'Río de Janeiro']",2,Bulevar 27 de Febrero; Río de Janeiro,-32.960022599999995,-60.68583433333333,55.0,538.0,Municipio Rosario,Municipio,Rosario,820210,Servicio de Catastro e Información Territorial,IGN
2012,2688,2012-03-14,Miercoles,0.0,14:15:00,,0.0,2,"Peatón,Taxi/Remis",SAN MARTIN Y SAN LUIS,2,1,0,0,1,0,0,,Calle,,ROSARIO,Rosario,Asfalto,S/D,II,Dentro,Urbana,S/D,S/D,Recta,Bueno,Buena,Diurna,Buen Tiempo,S/D,S/D,Atropello,S/D,S/D,S/D,S/D,POINT (-60.6372988 -32.949315),"['San Martin', 'San Luis']",2,José de San Martín; San Luis,-32.949315,-60.6372988,55.0,538.0,Municipio Rosario,Municipio,Rosario,820210,Servicio de Catastro e Información Territorial,IGN
2012,2689,2012-03-15,Jueves,0.0,09:15:00,,0.0,2,"Taxi/Remis,Automóvil",PTE. ROCA 900,2,1,0,0,1,0,0,,Calle,,ROSARIO,Rosario,Asfalto,S/D,II,Dentro,Urbana,S/D,S/D,Recta,Bueno,Buena,Diurna,S/D,S/D,S/D,Colisión,S/D,S/D,S/D,S/D,"-32.9462874, -60.6454024",['Presidente Roca 900'],1,Presidente Roca 900,-32.9462874,-60.6454024,55.0,538.0,Municipio Rosario,Municipio,Rosario,820210,Servicio de Catastro e Información Territorial,IGN
2012,2690,2012-03-15,Jueves,0.0,18:15:00,,0.0,2,"Moto/Ciclomotor,Moto/Ciclomotor",MENDOZA 2200,2,1,0,0,1,0,0,,Calle,,ROSARIO,Rosario,Asfalto,No existe,II,S/D,S/D,S/D,S/D,Recta,Bueno,S/D,S/D,S/D,S/D,S/D,Otro,S/D,S/D,S/D,S/D,"-32.9488374, -60.6542765",['Mendoza 2200'],1,Mendoza 2200,-32.9488374,-60.6542765,55.0,538.0,Municipio Rosario,Municipio,Rosario,820210,Servicio de Catastro e Información Territorial,IGN
2012,2691,2012-03-15,Jueves,0.0,00:00:00,,0.0,2,"Moto/Ciclomotor,Automóvil",MONTEVIDEO Y ALVEAR,2,1,0,0,1,0,0,,Calle,,ROSARIO,Rosario,Asfalto,S/D,II,S/D,S/D,S/D,S/D,Recta,Bueno,Buena,S/D,S/D,S/D,S/D,Colisión,S/D,S/D,S/D,S/D,POINT (-60.65711929999999 -32.95317479999998),"['Montevideo', 'Alvear']",2,Montevideo; Alvear,-32.95317479999998,-60.65711929999999,55.0,538.0,Municipio Rosario,Municipio,Rosario,820210,Servicio de Catastro e Información Territorial,IGN
2012,2692,2012-03-09,Viernes,0.0,15:10:00,,0.0,2,"Bicicleta,Automóvil",LAVALLE Y PASCO,3,2,0,0,1,0,0,,Calle,,ROSARIO,Rosario,Asfalto,No existe,II,Dentro,Urbana,Ninguna,No existe,Intersección,Bueno,Buena,Diurna,Buen Tiempo,Otro,S/D,Atropello,S/D,Faltante,Ninguna,Sin restricción,POINT (-60.6810913 -32.95250769999999),"['Lavalle', 'Pasco']",2,Lavalle; Pasco,-32.95250769999999,-60.6810913,55.0,538.0,Municipio Rosario,Municipio,Rosario,820210,Servicio de Catastro e Información Territorial,IGN