anio_acci,nro_acci,fecha,desc_dia,fecha_aprox,hora_aprox,desc_ruta,km,cant_participantes,desc_participante,calle_avenida_km,total,heridos_leves,heridos_graves,heridos_gravisimos,ilesos,fallecidos,sin_datos,posicion_XY,desc_tipo_via,desc_ruta_ori,desc_loc,desc_dpto,desc_tipo_calzada,desc_tipo_banquina,desc_unidad_regional,desc_lugar_calzada,desc_zona,desc_prioridad,desc_estado_semaforo,desc_lugar_via,desc_estado_via,desc_estado_visibilidad,desc_luminosidad,desc_estado_clima,desc_tipo_colision,desc_tipo_atropello,desc_tipo_hecho,desc_pres_calzada,desc_senializacion,desc_separacion_via,desc_restriccion,forma_geocod,calle_lista,numero_calles,calles_osm,lat,lon,index_right,gid,fna,gna,nam,in1,fdc,sag
2012,2693,2012-03-16,Viernes,0.0,10:30:00,,0.0,2,"Moto/Ciclomotor,Automóvil",RIOJA 2000,3,2,0,0,1,0,0,,Calle,,ROSARIO,Rosario,Asfalto,S/D,II,S/D,S/D,S/D,No existe,Recta,S/D,Buena,Diurna,S/D,S/D,S/D,S/D,S/D,S/D,S/D,S/D,"-32.946609, -60.6440183",['Rioja 2000'],1,Rioja 2000,-32.946609,-60.6440183,55.0,538.0,Municipio Rosario,Municipio,Rosario,820210,Servicio de Catastro e Información Territorial,IGN
2012,2694,2012-03-16,Viernes,0.0,20:30:00,,0.0,2,"Taxi/Remis,Automóvil",CORRIENTES Y SANTA FE,2,1,0,0,1,0,0,,Calle,,ROSARIO,Rosario,Asfalto,S/D,II,Dentro,Urbana,S/D,Funciona,Intersección,Bueno,S/D,Nocturna,S/D,Lateral,S/D,Colisión,S/D,S/D,S/D,S/D,POINT (-60.6420191 -32.9443578),"['Corrientes', 'Santa Fe']",2,Corrientes; Santa Fe,-32.9443578,-60.6420191,55.0,538.0,Municipio Rosario,Municipio,Rosario,820210,Servicio de Catastro e Información Territorial,IGN
2012,2695,2012-03-16,Viernes,0.0,14:00:00,,0.0,2,"Moto/Ciclomotor,Automóvil",CORDOBA Y DORREGO,3,2,0,0,1,0,0,,Calle,,ROSARIO,Rosario,Asfalto,No existe,II,S/D,Urbana,S/D,S/D,Recta,Bueno,Buena,Diurna,S/D,S/D,S/D,S/D,S/D,S/D,S/D,S/D,POINT (-60.64918180000001 -32.94445519999999),"['Córdoba', 'Dorrego']",2,Córdoba; Manuel Dorrego,-32.94445519999999,-60.64918180000001,55.0,538.0,Municipio Rosario,Municipio,Rosario,820210,Servicio de Catastro e Información Territorial,IGN
2012,2696,2012-03-09,Viernes,0.0,14:45:00,,0.0,2,"Moto/Ciclomotor,Automóvil",PTE. PERON Y PASCUAL ROSAS,2,1,0,0,1,0,0,,Avenida,,ROSARIO,Rosario,Hormigón,Pavimento,II,S/D,S/D,S/D,No existe,Intersección,Bueno,Buena,Diurna,Buen Tiempo,De alcance,S/D,Colisión,S/D,Faltante,S/D,Sin restricción,POINT (-60.691128500000005 -32.95845274999999),"['Avenida Presidente Perón', 'Pascual Rosas']",2,Avenida Presidente Perón; Pascual Rosas,-32.95845274999999,-60.691128500000005,55.0,538.0,Municipio Rosario,Municipio,Rosario,820210,Servicio de Catastro e Información Territorial,IGN
2012,2697,2012-03-17,Sabado,0.0,04:45:00,,0.0,2,"Moto/Ciclomotor,Otros",ENTRE RIOS 900,2,1,0,0,1,0,0,,Calle,,ROSARIO,Rosario,Asfalto,S/D,II,S/D,S/D,S/D,S/D,Recta,S/D,Buena,Nocturna,S/D,S/D,S/D,S/D,S/D,S/D,S/D,S/D,"-32.9470507, -60.6412692",['Entre Rios 900'],1,Entre Rios 900,-32.9470507,-60.6412692,55.0,538.0,Municipio Rosario,Municipio,Rosario,820210,Servicio de Catastro e Información Territorial,IGN
2012,2698,2012-03-17,Sabado,0.0,00:00:00,,0.0,2,"Moto/Ciclomotor,Automóvil",3 DE FEBRERO Y PARAGUAY,3,2,0,0,0,0,1,,Calle,,ROSARIO,Rosario,Asfalto,No existe,II,S/D,S/D,S/D,S/D,Recta,S/D,Buena,S/D,S/D,S/D,S/D,S/D,S/D,S/D,S/D,S/D,POINT (-60.6453207 -32.95177),"['3 de Febrero', 'Paraguay']",2,3 de Febrero; Paraguay,-32.95177,-60.6453207,55.0,538.0,Municipio Rosario,Municipio,Rosario,820210,Servicio de Catastro e Información Territorial,IGN
2012,2699,2012-03-18,Domingo,0.0,19:30:00,,0.0,2,"Moto/Ciclomotor,Automóvil",ITALIA Y SAA JUAN,2,1,0,0,1,0,0,,Calle,,ROSARIO,Rosario,Asfalto,No existe,II,S/D,S/D,S/D,No existe,Intersección,Bueno,Buena,Atardecer,Buen Tiempo,S/D,S/D,Colisión,S/D,S/D,S/D,S/D,POINT (-60.64880240000001 -32.948424),"['Italia', 'San Juan']",2,Italia; San Juan,-32.948424,-60.64880240000001,55.0,538.0,Municipio Rosario,Municipio,Rosario,820210,Servicio de Catastro e Información Territorial,IGN
2012,2700,2012-03-21,Miercoles,0.0,12:00:00,,0.0,2,"Taxi/Remis,Otros",SANTA FE Y MORENO,2,1,0,0,0,0,1,,Calle,,ROSARIO,Rosario,Asfalto,No existe,II,S/D,S/D,S/D,S/D,Intersección,Bueno,Buena,Diurna,S/D,S/D,S/D,Colisión,S/D,S/D,S/D,S/D,POINT (-60.65025920000001 -32.942853299999996),"['Santa Fe', 'Moreno']",2,Santa Fe; Mariano Moreno,-32.9428533,-60.65025920000001,55.0,538.0,Municipio Rosario,Municipio,Rosario,820210,Servicio de Catastro e Información Territorial,IGN
2012,2701,2012-03-12,Lunes,0.0,08:10:00,,0.0,1,,BALCARCE 1300,2,1,0,0,1,0,0,,Calle,,ROSARIO,Rosario,Asfalto,S/D,II,Dentro,Urbana,S/D,S/D,Recta,Bueno,S/D,Diurna,S/D,S/D,S/D,Colisión,S/D,S/D,S/D,S/D,"-32.9502238, -60.653676",['Balcarce 1300'],1,Balcarce 1300,-32.9502238,-60.653676,55.0,538.0,Municipio Rosario,Municipio,Rosario,820210,Servicio de Catastro e Información Territorial,IGN
2012,2702,2012-03-12,Lunes,0.0,08:10:00,,0.0,2,"Automóvil,Pickup/Utilitario",BALCARCE 1300,2,1,0,0,1,0,0,,Calle,,ROSARIO,Rosario,Asfalto,S/D,II,Dentro,Urbana,S/D,S/D,Recta,Bueno,S/D,Diurna,S/D,S/D,S/D,Colisión,S/D,S/D,S/D,S/D,"-32.9502238, -60.653676",['Balcarce 1300'],1,Balcarce 1300,-32.9502238,-60.653676,55.0,538.0,Municipio Rosario,Municipio,Rosario,820210,Servicio de Catastro e Información Territorial,IGN
2012,2703,2012-03-22,Jueves,0.0,18:40:00,,0.0,3,"Automóvil,Otros,Otros",BALCARCE 966,4,1,0,0,3,0,0,,Calle,,ROSARIO,Rosario,Asfalto,No existe,II,S/D,Urbana,S/D,No existe,Recta,Bueno,Buena,Atardecer,Buen Tiempo,Múltiple,S/D,Colisión,S/D,Horizontal,S/D,Sin restricción,"-32.94599519183674, -60.65253083673469",['Balcarce 966'],1,Balcarce 966,-32.94599519183674,-60.65253083673469,55.0,538.0,Municipio Rosario,Municipio,Rosario,820210,Servicio de Catastro e Información Territorial,IGN
2012,2704,2012-03-15,Jueves,0.0,11:50:00,,0.0,2,"Peatón,Automóvil",Vera Mujica y San Luis,2,0,0,0,1,1,0,,Calle,,ROSARIO,Rosario,Asfalto,No existe,II,Dentro,Urbana,S/D,No existe,Intersección,Bueno,Buena,Diurna,Buen Tiempo,S/D,S/D,Atropello,S/D,S/D,Ninguna,S/D,POINT (-60.66756749999999 -32.9439264),"['Vera Mujíca', 'San Luis']",2,Vera Mujíca; San Luis,-32.9439264,-60.66756749999999,55.0,538.0,Municipio Rosario,Municipio,Rosario,820210,Servicio de Catastro e Información Territorial,IGN
2012,2705,2012-03-22,Jueves,0.0,18:00:00,,0.0,2,"Moto/Ciclomotor,Automóvil",MONTEVIDEO Y PARAGUAY,2,1,0,0,1,0,0,,Calle,,ROSARIO,Rosario,Asfalto,S/D,II,Dentro,Urbana,S/D,S/D,Intersección,Bueno,Buena,S/D,Buen Tiempo,Lateral,S/D,Colisión,S/D,S/D,S/D,Sin restricción,POINT (-60.6461713 -32.9551386),"['Montevideo', 'Paraguay']",2,Montevideo; Paraguay,-32.9551386,-60.6461713,55.0,538.0,Municipio Rosario,Municipio,Rosario,820210,Servicio de Catastro e Información Territorial,IGN
2012,2706,2012-03-10,Sabado,0.0,16:45:00,,0.0,2,"Moto/Ciclomotor,Automóvil",COCHABAMABA Y ALSINA,3,1,1,0,1,0,0,,Calle,,ROSARIO,Rosario,Hormigón,Pavimento,II,S/D,S/D,Paso Peatonal,No existe,Intersección,Bueno,Buena,Diurna,Buen Tiempo,Lateral,S/D,Colisión,S/D,S/D,S/D,S/D,POINT (-60.67942969999999 -32.9515954),"['Cochabamba', 'Alsina']",2,Cochabamba; Alsina,-32.9515954,-60.67942969999999,55.0,538.0,Municipio Rosario,Municipio,Rosario,820210,Servicio de Catastro e Información Territorial,IGN
2012,2707,2012-03-08,Jueves,0.0,07:45:00,,0.0,2,"Automóvil,Automóvil",BV. AVELLANEDA Y PTE. PERON,2,1,0,0,1,0,0,,Avenida,,ROSARIO,Rosario,S/D,S/D,II,S/D,S/D,S/D,S/D,Recta,S/D,S/D,S/D,S/D,S/D,S/D,S/D,S/D,S/D,S/D,S/D,POINT (-60.683816275 -32.957610325),"['Avellaneda', 'Avenida Presidente Perón']",2,Bulevar Nicolás Avellaneda; Avenida Presidente Perón,-32.957610325,-60.683816275,55.0,538.0,Municipio Rosario,Municipio,Rosario,820210,Servicio de Catastro e Información Territorial,IGN
2012,2708,2012-03-13,Martes,0.0,15:00:00,,0.0,2,"Moto/Ciclomotor,Automóvil",BV. AVELLANEDA Y 27 DE FEBRERO,2,0,0,1,1,0,0,,Avenida,,ROSARIO,Rosario,S/D,S/D,II,S/D,S/D,S/D,S/D,Recta,S/D,S/D,S/D,S/D,S/D,S/D,S/D,S/D,S/D,S/D,S/D,POINT (-60.68448515 -32.96026405),"['Avellaneda', '27 de Febrero']",2,Bulevar Nicolás Avellaneda; Bulevar 27 de Febrero,-32.96026405,-60.68448515,55.0,538.0,Municipio Rosario,Municipio,Rosario,820210,Servicio de Catastro e Información Territorial,IGN
2012,2709,2012-03-16,Viernes,0.0,19:30:00,,0.0,2,"Bicicleta,Camión",AV. AVELLANEDA Y CERRITO,2,1,0,0,1,0,0,,Avenida,,ROSARIO,Rosario,Asfalto,No existe,II,S/D,Urbana,Ninguna,No existe,Intersección,Bueno,Buena,Diurna,Buen Tiempo,Otro,S/D,Atropello,S/D,Faltante,Cordón divisorio,Sin restricción,POINT (-60.68304325 -32.9545521),"['Avellaneda', 'Cerrito']",2,Bulevar Nicolás Avellaneda; Cerrito,-32.9545521,-60.68304325,55.0,538.0,Municipio Rosario,Municipio,Rosario,820210,Servicio de Catastro e Información Territorial,IGN
2012,2711,2012-03-17,Sabado,0.0,09:50:00,,0.0,2,"Moto/Ciclomotor,Pickup/Utilitario",AVELLANEDA 2600,2,1,0,0,1,0,0,,Avenida,,ROSARIO,Rosario,Asfalto,No existe,II,S/D,S/D,Ninguna,No existe,Recta,Bueno,Buena,Diurna,Buen Tiempo,Otro,S/D,Colisión,S/D,Faltante,Cordón divisorio,Sin restricción,"-32.9600079, -60.68464",['Avellaneda 2600'],1,Avellaneda 2600,-32.9600079,-60.68464,55.0,538.0,Municipio Rosario,Municipio,Rosario,820210,Servicio de Catastro e Información Territorial,IGN
2012,2712,2012-03-17,Sabado,0.0,16:00:00,,0.0,2,"Moto/Ciclomotor,Automóvil",ITUZAINGO 3500,3,2,0,0,1,0,0,,Calle,,ROSARIO,Rosario,Asfalto,No existe,II,S/D,Urbana,Ninguna,No existe,Recta,Bueno,Buena,Diurna,Buen Tiempo,Lateral,S/D,"Caída ocupante,Despiste",S/D,Faltante,Ninguna,Sin restricción,"-32.95483, -60.674372",['Ituzaingo 3500'],1,Ituzaingo 3500,-32.95483,-60.674372,55.0,538.0,Municipio Rosario,Municipio,Rosario,820210,Servicio de Catastro e Información Territorial,IGN
2012,2713,2012-03-26,Lunes,0.0,16:40:00,,0.0,2,"Taxi/Remis,Otros",SAN JUAN Y DORREGO,2,1,0,0,0,0,1,,Calle,,ROSARIO,Rosario,Asfalto,S/D,II,Dentro,Urbana,S/D,S/D,Recta,Bueno,S/D,Diurna,Buen Tiempo,S/D,S/D,Colisión,S/D,S/D,S/D,S/D,POINT (-60.650125 -32.948187199999985),"['San Juan', 'Dorrego']",2,"('San Juan', 'Manuel Dorrego')",-32.948187199999985,-60.650125,55.0,538.0,Municipio Rosario,Municipio,Rosario,820210,Servicio de Catastro e Información Territorial,IGN
2012,2714,2012-03-28,Miercoles,0.0,10:00:00,,0.0,2,"Peatón,Transporte de Pasajeros Urbano (> 8 asientos)",MENDOZA Y ENTRE RIOS,2,1,0,0,1,0,0,,Calle,,ROSARIO,Rosario,Asfalto,S/D,II,Dentro,Urbana,S/D,S/D,Recta,Bueno,Buena,Diurna,Buen Tiempo,S/D,S/D,Atropello,S/D,S/D,S/D,S/D,POINT (-60.64219219999999 -32.951012899999995),"['Mendoza', 'Entre Ríos']",2,Mendoza; Entre Ríos,-32.951012899999995,-60.64219219999999,55.0,538.0,Municipio Rosario,Municipio,Rosario,820210,Servicio de Catastro e Información Territorial,IGN
2012,2715,2012-03-01,Jueves,0.0,07:45:00,,0.0,1,,CERRITO Y NECOCHEA,3,2,0,0,1,0,0,,Calle,,ROSARIO,Rosario,Asfalto,No existe,II,Dentro,Urbana,Señal Ceda el Paso,No existe,Intersección,Bueno,Buena,Diurna,Buen Tiempo,Lateral,S/D,Colisión,S/D,Horizontal,Cordón divisorio,Sin restricción,POINT (-60.628048699999994 -32.96436419999999),"['Cerrito', 'Necochea']",2,Cerrito; Necochea,-32.96436419999999,-60.6280487,55.0,538.0,Municipio Rosario,Municipio,Rosario,820210,Servicio de Catastro e Información Territorial,IGN
2012,2716,2012-03-01,Jueves,0.0,07:45:00,,0.0,2,"Moto/Ciclomotor,Taxi/Remis",CERRITO Y NECOCHEA,3,2,0,0,1,0,0,,Calle,,ROSARIO,Rosario,Asfalto,No existe,II,Dentro,Urbana,Señal Ceda el Paso,No existe,Intersección,Bueno,Buena,Diurna,Buen Tiempo,Lateral,S/D,Colisión,S/D,Horizontal,Cordón divisorio,Sin restricción,POINT (-60.628048699999994 -32.96436419999999),"['Cerrito', 'Necochea']",2,Cerrito; Necochea,-32.96436419999999,-60.6280487,55.0,538.0,Municipio Rosario,Municipio,Rosario,820210,Servicio de Catastro e Información Territorial,IGN
2012,2718,2012-03-04,Domingo,0.0,12:00:00,,0.0,2,"Moto/Ciclomotor,Taxi/Remis",1 DE MAYO Y OCAMPO,3,2,0,0,1,0,0,,Calle,,ROSARIO,Rosario,Asfalto,No existe,II,Dentro,Urbana,Ninguna,No existe,Intersección,Bueno,Buena,Diurna,Buen Tiempo,Lateral,S/D,Colisión,S/D,Faltante,Cordón divisorio,Sin restricción,POINT (-60.63469690000001 -32.9679704),"['Primero de Mayo', 'Ocampo']",2,Primero de Mayo; Ocampo,-32.9679704,-60.63469690000001,55.0,538.0,Municipio Rosario,Municipio,Rosario,820210,Servicio de Catastro e Información Territorial,IGN
2012,2719,2012-03-06,Martes,0.0,14:00:00,,0.0,2,"Automóvil,Transporte Escolar",VIAMONTE Y CHACABUCO,2,1,0,0,1,0,0,,Calle,,ROSARIO,Rosario,Asfalto,No existe,II,Dentro,Urbana,Ninguna,No existe,Intersección,Bueno,Buena,Diurna,S/D,Otro,S/D,Colisión,S/D,Faltante,S/D,Sin restricción,POINT (-60.62753089999999 -32.968066900000004),"['Viamonte', 'Chacabuco']",2,Viamonte; Chacabuco,-32.968066900000004,-60.62753089999999,55.0,538.0,Municipio Rosario,Municipio,Rosario,820210,Servicio de Catastro e Información Territorial,IGN
2012,2720,2012-03-17,Sabado,0.0,14:25:00,,0.0,2,"Automóvil,Automóvil",27 DE FEBRERO Y ALEM,5,4,0,0,1,0,0,,Avenida,,ROSARIO,Rosario,Asfalto,No existe,II,Dentro,Urbana,Semáforo,Funciona,Recta,Bueno,Buena,Nocturna,Buen Tiempo,Otro,S/D,Colisión,Agua,Vertical,Cordón divisorio,Sin restricción,POINT (-60.63361105 -32.96936275),"['27 de Febrero', 'Alem']",2,Bulevar 27 de Febrero; Leandro N. Alem,-32.96936275,-60.63361105,55.0,538.0,Municipio Rosario,Municipio,Rosario,820210,Servicio de Catastro e Información Territorial,IGN
2012,2721,2012-03-19,Lunes,0.0,08:45:00,,0.0,2,"Taxi/Remis,Automóvil",COLON Y CERRITO,3,2,0,0,1,0,0,,Calle,,ROSARIO,Rosario,Asfalto,No existe,II,Dentro,Urbana,Ninguna,No existe,Intersección,Bueno,Buena,Diurna,Buen Tiempo,"Frontal,Lateral",S/D,Colisión,S/D,S/D,Ninguna,S/D,POINT (-60.6294042 -32.96412489999999),"['Colon', 'Cerrito']",2,Cristóbal Colón; Cerrito,-32.96412489999999,-60.6294042,55.0,538.0,Municipio Rosario,Municipio,Rosario,820210,Servicio de Catastro e Información Territorial,IGN
2012,2722,2012-03-19,Lunes,0.0,08:50:00,,0.0,2,"Moto/Ciclomotor,Automóvil",CHACABUCO Y CERRITO,3,2,0,0,1,0,0,,Calle,,ROSARIO,Rosario,Asfalto,No existe,II,Dentro,Urbana,Ninguna,No existe,Intersección,Bueno,Buena,Diurna,Buen Tiempo,"Frontal,Lateral",S/D,Colisión,S/D,Faltante,Ninguna,Sin restricción,POINT (-60.6266621 -32.9646086),"['Chacabuco', 'Cerrito']",2,Chacabuco; Cerrito,-32.9646086,-60.6266621,55.0,538.0,Municipio Rosario,Municipio,Rosario,820210,Servicio de Catastro e Información Territorial,IGN
2012,2723,2012-03-19,Lunes,0.0,12:10:00,,0.0,2,"Moto/Ciclomotor,Automóvil",RIOBAMBA Y AYACUCHO,2,1,0,0,1,0,0,,Calle,,ROSARIO,Rosario,Asfalto,No existe,II,Dentro,Urbana,Ninguna,No existe,Intersección,Bueno,Buena,Diurna,Buen Tiempo,"Frontal,Lateral",S/D,Colisión,S/D,Faltante,Ninguna,Sin restricción,POINT (-60.6310742 -32.9650233),"['Riobamba', 'Ayacucho']",2,Riobamba; Ayacucho,-32.9650233,-60.6310742,55.0,538.0,Municipio Rosario,Municipio,Rosario,820210,Servicio de Catastro e Información Territorial,IGN
2012,2724,2012-03-22,Jueves,0.0,00:00:00,,0.0,2,"Moto/Ciclomotor,Moto/Ciclomotor",COLON Y 27 DE FEBRERO,2,1,0,0,1,0,0,,Calle,,ROSARIO,Rosario,Asfalto,No existe,II,Dentro,Urbana,Semáforo,Funciona,Intersección,Bueno,Buena,Diurna,Buen Tiempo,"Frontal,Lateral",S/D,Colisión,S/D,S/D,Ninguna,Sin restricción,POINT (-60.63087325 -32.96985020000001),"['Colon', '27 de Febrero']",2,Cristóbal Colón; Bulevar 27 de Febrero,-32.96985020000001,-60.63087325,55.0,538.0,Municipio Rosario,Municipio,Rosario,820210,Servicio de Catastro e Información Territorial,IGN
2012,2725,2012-03-23,Viernes,0.0,00:00:00,,0.0,2,"Automóvil,Moto/Ciclomotor",27 DE FEBRERO Y ALEM,2,1,0,0,1,0,0,,Calle,,ROSARIO,Rosario,Asfalto,No existe,II,Dentro,Urbana,Semáforo,S/D,Intersección,Bueno,Buena,Con luz artificial,Buen Tiempo,"Frontal,Lateral",S/D,Colisión,S/D,S/D,Ninguna,Sin restricción,POINT (-60.63361105 -32.96936275),"['27 de Febrero', 'Alem']",2,Bulevar 27 de Febrero; Leandro N. Alem,-32.96936275,-60.63361105,55.0,538.0,Municipio Rosario,Municipio,Rosario,820210,Servicio de Catastro e Información Territorial,IGN
2012,2727,2012-03-18,Domingo,0.0,12:00:00,,0.0,2,"Automóvil,Automóvil",AV. AVELLANEDA Y RUEDA,4,3,0,0,1,0,0,,Avenida,,ROSARIO,Rosario,Asfalto,No existe,II,S/D,Urbana,Ninguna,No existe,Intersección,Bueno,Buena,Diurna,Buen Tiempo,Frontal,S/D,Colisión,S/D,Faltante,Cordón divisorio,Sin restricción,POINT (-60.6853512 -32.963739950000004),"['Avellaneda', 'Rueda']",2,Bulevar Nicolás Avellaneda; Rueda,-32.963739950000004,-60.6853512,55.0,538.0,Municipio Rosario,Municipio,Rosario,820210,Servicio de Catastro e Información Territorial,IGN
2012,2729,2012-03-19,Lunes,0.0,20:20:00,,0.0,2,"Moto/Ciclomotor,Automóvil",AV. FRANCIA Y VIAMONTE,2,1,0,0,1,0,0,,Avenida,,ROSARIO,Rosario,Asfalto,No existe,II,Dentro,Urbana,Ninguna,No existe,Intersección,Bueno,Buena,"Nocturna,Con luz artificial",Buen Tiempo,"Frontal,Lateral",S/D,Colisión,S/D,Faltante,Cordón divisorio,Sin restricción,POINT (-60.670278800000006 -32.96040305),"['Avenida Francia', 'Viamonte']",2,Avenida Francia; Viamonte,-32.96040305,-60.670278800000006,55.0,538.0,Municipio Rosario,Municipio,Rosario,820210,Servicio de Catastro e Información Territorial,IGN
2012,2730,2012-03-19,Lunes,0.0,13:45:00,,0.0,2,"Moto/Ciclomotor,Pickup/Utilitario",AV. FRANCIA Y OCAMPO,2,1,0,0,1,0,0,,Avenida,,ROSARIO,Rosario,Asfalto,No existe,II,S/D,Urbana,Ninguna,No existe,Intersección,Bueno,Buena,Diurna,Buen Tiempo,Lateral,S/D,Colisión,S/D,Faltante,Cordón divisorio,Sin restricción,POINT (-60.67057320000001 -32.9615678),"['Avenida Francia', 'Ocampo']",2,Avenida Francia; Ocampo,-32.9615678,-60.67057320000001,55.0,538.0,Municipio Rosario,Municipio,Rosario,820210,Servicio de Catastro e Información Territorial,IGN
2012,2731,2012-03-19,Lunes,0.0,14:15:00,,0.0,2,"Moto/Ciclomotor,Pickup/Utilitario",AV. 27 DE FEBRERO Y VALPARAISO,2,1,0,0,1,0,0,,Avenida,,ROSARIO,Rosario,Asfalto,S/D,II,S/D,Urbana,Ninguna,S/D,Intersección,Bueno,Buena,Diurna,Buen Tiempo,Lateral,S/D,Colisión,S/D,S/D,Cordón divisorio,Sin restricción,POINT (-60.6871574 -32.959782933333344),"['27 de Febrero', 'Valparaíso']",2,Bulevar 27 de Febrero; Valparaíso,-32.959782933333344,-60.6871574,55.0,538.0,Municipio Rosario,Municipio,Rosario,820210,Servicio de Catastro e Información Territorial,IGN
2012,2732,2012-03-20,Martes,0.0,18:00:00,,0.0,2,"Moto/Ciclomotor,Automóvil",CAFFERATA Y AV. 27 DE FEBRERO,2,1,0,0,1,0,0,,Avenida,,ROSARIO,Rosario,Asfalto,Pavimento,II,Dentro,Urbana,Semáforo,Funciona,Intersección,Bueno,Buena,Atardecer,Buen Tiempo,Lateral,S/D,Colisión,S/D,S/D,S/D,Sin restricción,POINT (-60.676298700000004 -32.961732299999994),"['Cafferata', '27 de Febrero']",2,Cafferata; Bulevar 27 de Febrero,-32.961732299999994,-60.6762987,55.0,538.0,Municipio Rosario,Municipio,Rosario,820210,Servicio de Catastro e Información Territorial,IGN
2012,2733,2012-03-21,Miercoles,0.0,17:00:00,,0.0,2,"Moto/Ciclomotor,Automóvil",CRESPO Y GALVEZ,4,2,0,0,2,0,0,,Calle,,ROSARIO,Rosario,Asfalto,No existe,II,Dentro,Urbana,Ninguna,No existe,Intersección,Bueno,Buena,Atardecer,Buen Tiempo,Lateral,S/D,Colisión,S/D,Faltante,S/D,Sin restricción,POINT (-60.673836800000004 -32.9634119),"['Crespo', 'Galvez']",2,Crespo; José Gálvez,-32.9634119,-60.6738368,55.0,538.0,Municipio Rosario,Municipio,Rosario,820210,Servicio de Catastro e Información Territorial,IGN
2012,2735,2012-03-21,Miercoles,0.0,16:45:00,,0.0,2,"Moto/Ciclomotor,Automóvil",VIAMONTE Y CONSTITUCION,2,1,0,0,1,0,0,,Calle,,ROSARIO,Rosario,Asfalto,No existe,II,Dentro,Urbana,Ninguna,No existe,Intersección,Bueno,Buena,Diurna,Buen Tiempo,Lateral,S/D,Colisión,S/D,Faltante,S/D,Sin restricción,POINT (-60.678466900000004 -32.95895099999999),"['Viamonte', 'Constitución']",2,Viamonte; Constitución,-32.95895099999999,-60.6784669,55.0,538.0,Municipio Rosario,Municipio,Rosario,820210,Servicio de Catastro e Información Territorial,IGN
2012,2736,2012-03-21,Miercoles,0.0,13:00:00,,0.0,2,"Peatón,Moto/Ciclomotor",ALSINA Y COCHABAMBA,2,1,0,0,1,0,0,,Calle,,ROSARIO,Rosario,Asfalto,No existe,II,Dentro,Urbana,Ninguna,No existe,Recta,Bueno,Buena,Diurna,Buen Tiempo,Otro,S/D,Atropello,S/D,S/D,S/D,Sin restricción,POINT (-60.67942969999999 -32.9515954),"['Alsina', 'Cochabamba']",2,Alsina; Cochabamba,-32.9515954,-60.67942969999999,55.0,538.0,Municipio Rosario,Municipio,Rosario,820210,Servicio de Catastro e Información Territorial,IGN
2012,2737,2012-03-23,Viernes,0.0,22:15:00,,0.0,2,"Moto/Ciclomotor,Automóvil",IRIONDO E ITUZAINGO,2,1,0,0,1,0,0,,Calle,,ROSARIO,Rosario,Asfalto,No existe,II,Dentro,Urbana,S/D,No existe,Intersección,Bueno,Buena,Nocturna,Buen Tiempo,Frontal,S/D,Colisión,S/D,S/D,S/D,Sin restricción,POINT (-60.6732131 -32.955089599999994),"['Iriondo', 'Ituzaingó']",2,Iriondo; Ituzaingó,-32.955089599999994,-60.6732131,55.0,538.0,Municipio Rosario,Municipio,Rosario,820210,Servicio de Catastro e Información Territorial,IGN
2012,2740,2012-03-23,Viernes,0.0,13:30:00,,0.0,2,"Moto/Ciclomotor,Automóvil",PTE. PERON Y AVELLANEDA,2,1,0,0,1,0,0,,Calle,,ROSARIO,Rosario,Asfalto,Pavimento,II,Dentro,Urbana,Semáforo,Funciona,Intersección,Bueno,Buena,Diurna,Buen Tiempo,Lateral,S/D,Colisión,S/D,S/D,"Barrera de hormigón,Cordón divisorio,Línea divisoria pintada",S/D,POINT (-60.683816275 -32.957610325),"['Avenida Presidente Perón', 'Avellaneda']",2,Avenida Presidente Perón; Bulevar Nicolás Avellaneda,-32.957610325,-60.683816275,55.0,538.0,Municipio Rosario,Municipio,Rosario,820210,Servicio de Catastro e Información Territorial,IGN
2012,2741,2012-03-27,Martes,0.0,00:00:00,,0.0,2,"Bicicleta,Transporte de Pasajeros Urbano (> 8 asientos)",PTE. PERON Y LIMA,2,1,0,0,1,0,0,,Avenida,,ROSARIO,Rosario,S/D,S/D,II,Dentro,Urbana,S/D,S/D,Intersección,S/D,S/D,Nocturna,S/D,Otro,S/D,Atropello,S/D,S/D,S/D,Sin restricción,POINT (-60.6882115 -32.95812889999999),"['Avenida Presidente Perón', 'Lima']",2,Avenida Presidente Perón; Lima,-32.95812889999999,-60.6882115,55.0,538.0,Municipio Rosario,Municipio,Rosario,820210,Servicio de Catastro e Información Territorial,IGN
2012,2750,2012-03-14,Miercoles,0.0,12:30:00,,0.0,2,"Moto/Ciclomotor,Automóvil",COLECTORA Y CIRCUNVALACION,2,1,0,0,1,0,0,,Calle,,ROSARIO,Rosario,Asfalto,No existe,II,S/D,Urbana,Ninguna,No existe,Recta,Bueno,Buena,Diurna,Buen Tiempo,Lateral,S/D,Colisión,S/D,Faltante,Ninguna,Sin restricción,POINT (-60.7048233 -32.876185899999996),"['Colectora', 'Circunvalacion']",2,"('Colectora Juan Pablo II', 'Colectora de Circunvalación')",-32.8761859,-60.7048233,55.0,538.0,Municipio Rosario,Municipio,Rosario,820210,Servicio de Catastro e Información Territorial,IGN
2012,2765,2012-03-28,Miercoles,0.0,12:00:00,,0.0,2,"Bicicleta,Automóvil",27 DE FEBRERO Y AYACUCHO,2,1,0,0,1,0,0,,Calle,,ROSARIO,Rosario,Asfalto,No existe,II,Dentro,Urbana,Semáforo,Funciona,Intersección,Bueno,Buena,Diurna,Buen Tiempo,S/D,S/D,Atropello,S/D,S/D,S/D,Sin restricción,POINT (-60.6322277 -32.96960704999999),"['27 de Febrero', 'Ayacucho']",2,Bulevar 27 de Febrero; Ayacucho,-32.96960704999999,-60.6322277,55.0,538.0,Municipio Rosario,Municipio,Rosario,820210,Servicio de Catastro e Información Territorial,IGN