anio_acci,nro_acci,fecha,desc_dia,fecha_aprox,hora_aprox,desc_ruta,km,cant_participantes,desc_participante,calle_avenida_km,total,heridos_leves,heridos_graves,heridos_gravisimos,ilesos,fallecidos,sin_datos,posicion_XY,desc_tipo_via,desc_ruta_ori,desc_loc,desc_dpto,desc_tipo_calzada,desc_tipo_banquina,desc_unidad_regional,desc_lugar_calzada,desc_zona,desc_prioridad,desc_estado_semaforo,desc_lugar_via,desc_estado_via,desc_estado_visibilidad,desc_luminosidad,desc_estado_clima,desc_tipo_colision,desc_tipo_atropello,desc_tipo_hecho,desc_pres_calzada,desc_senializacion,desc_separacion_via,desc_restriccion,forma_geocod,calle_lista,numero_calles,calles_osm,lat,lon,index_right,gid,fna,gna,nam,in1,fdc,sag
2012,2770,2012-03-05,Lunes,0.0,21:15:00,,0.0,2,"Automóvil,Automóvil",bv. oroño y virasoro,2,0,0,0,1,0,1,,Avenida,,ROSARIO,Rosario,Asfalto,S/D,II,Dentro,Urbana,S/D,S/D,Recta,Bueno,Buena,S/D,Buen Tiempo,De alcance,S/D,Colisión,S/D,S/D,S/D,Sin restricción,POINT (-60.65921435 -32.967215949999996),"['Bulevar Nicasio Oroño', 'Virasoro']",2,Bulevar Nicasio Oroño; Benjamín Virasoro,-32.96721595,-60.65921435,55.0,538.0,Municipio Rosario,Municipio,Rosario,820210,Servicio de Catastro e Información Territorial,IGN
2012,2773,2012-03-06,Martes,0.0,17:30:00,,0.0,2,"Moto/Ciclomotor,Automóvil",italia y galvez,2,1,0,0,1,0,0,,Calle,,ROSARIO,Rosario,Asfalto,S/D,II,Dentro,Urbana,S/D,S/D,Recta,Bueno,Buena,Diurna,Buen Tiempo,Lateral,S/D,Colisión,S/D,S/D,S/D,Sin restricción,POINT (-60.6534929 -32.9670467),"['Italia', 'Galvez']",2,Italia; José Gálvez,-32.9670467,-60.6534929,55.0,538.0,Municipio Rosario,Municipio,Rosario,820210,Servicio de Catastro e Información Territorial,IGN
2012,2774,2012-03-06,Martes,0.0,15:30:00,,0.0,2,"Moto/Ciclomotor,Automóvil",pellegrini y dorrego,2,1,0,0,1,0,0,,Avenida,,ROSARIO,Rosario,Asfalto,S/D,II,Dentro,Urbana,S/D,Funciona,Recta,Bueno,Buena,Diurna,Buen Tiempo,Lateral,S/D,Colisión,S/D,Vertical,S/D,Sin restricción,POINT (-60.6519337 -32.95532245),"['Pellegrini', 'Dorrego']",2,Avenida Carlos Pellegrini; Manuel Dorrego,-32.95532245,-60.6519337,55.0,538.0,Municipio Rosario,Municipio,Rosario,820210,Servicio de Catastro e Información Territorial,IGN
2012,2776,2012-03-19,Lunes,0.0,20:30:00,,0.0,2,"Peatón,Moto/Ciclomotor",PALLIERE Y COLECTORA CIRCUNVALACION,3,3,0,0,0,0,0,,Calle,,ROSARIO,Rosario,Asfalto,No existe,II,Dentro,Urbana,Semáforo,Funciona,Recta,Bueno,Buena,Nocturna,Buen Tiempo,S/D,S/D,Atropello,S/D,S/D,Cordón divisorio,Sin restricción,POINT (-60.7143751 -32.8881482),"['Palliere', 'Colectora de Circunvalación']",2,"('Palliere', 'Juan Pablo II')",-32.8881482,-60.7143751,55.0,538.0,Municipio Rosario,Municipio,Rosario,820210,Servicio de Catastro e Información Territorial,IGN
2012,2778,2012-03-21,Miercoles,0.0,18:00:00,,0.0,2,"Moto/Ciclomotor,Automóvil",H. MANZI Y GABRIELA MISTRAL,2,0,1,0,1,0,0,,Calle,,ROSARIO,Rosario,Asfalto,No existe,II,Dentro,Urbana,S/D,No existe,Recta,Bueno,Buena,Diurna,Buen Tiempo,Lateral,S/D,Colisión,S/D,S/D,S/D,Sin restricción,POINT (-60.717644400000005 -32.8869731),"['Manzi', 'Gabriela Mistral']",2,Homero Manzi; Gabriela Mistral,-32.8869731,-60.717644400000005,55.0,538.0,Municipio Rosario,Municipio,Rosario,820210,Servicio de Catastro e Información Territorial,IGN
2012,2780,2012-03-07,Miercoles,0.0,00:00:00,,0.0,2,"Moto/Ciclomotor,Automóvil",sarmiento al 2600,2,1,0,0,1,0,0,,Calle,,ROSARIO,Rosario,Asfalto,S/D,II,Dentro,Urbana,S/D,S/D,Recta,Bueno,Buena,S/D,Buen Tiempo,Lateral,S/D,Colisión,S/D,S/D,S/D,Sin restricción,"-32.9674348, -60.6434852",['Sarmiento 2600'],1,Sarmiento 2600,-32.9674348,-60.6434852,55.0,538.0,Municipio Rosario,Municipio,Rosario,820210,Servicio de Catastro e Información Territorial,IGN
2012,2781,2012-03-30,Viernes,0.0,20:30:00,,0.0,2,"Bicicleta,Transporte de Pasajeros Urbano (> 8 asientos)",IRMA PEREYRANO Y CASTRO,2,1,0,0,1,0,0,,Calle,,ROSARIO,Rosario,Asfalto,S/D,II,Dentro,Urbana,Semáforo,Funciona,Recta,Bueno,Buena,Nocturna,Buen Tiempo,S/D,S/D,Atropello,S/D,S/D,Cordón divisorio,S/D,POINT (-60.7162678 -32.8874523),"['Irma Peirano', 'Castro']",2,Irma Peirano; Avenida Pedro de Castro Barros,-32.8874523,-60.7162678,55.0,538.0,Municipio Rosario,Municipio,Rosario,820210,Servicio de Catastro e Información Territorial,IGN
2012,2782,2012-03-08,Jueves,0.0,08:30:00,,0.0,2,"Peatón,Automóvil",VIRASORO Y MORENO,2,1,0,0,1,0,0,,Calle,,ROSARIO,Rosario,Asfalto,S/D,II,Dentro,Urbana,S/D,S/D,Recta,Bueno,Buena,Diurna,Buen Tiempo,S/D,S/D,Atropello,S/D,S/D,S/D,S/D,POINT (-60.65651549999999 -32.9677001),"['Virasoro', 'Moreno']",2,Benjamín Virasoro; Mariano Moreno,-32.9677001,-60.65651549999999,55.0,538.0,Municipio Rosario,Municipio,Rosario,820210,Servicio de Catastro e Información Territorial,IGN
2012,2784,2012-03-16,Viernes,0.0,13:00:00,,0.0,2,"Automóvil,Camión",molina y baigorria,2,0,0,0,1,0,1,,Calle,,ROSARIO,Rosario,Asfalto,S/D,II,Dentro,Urbana,S/D,S/D,Intersección,Bueno,Buena,Diurna,Buen Tiempo,Lateral,S/D,Colisión,Otro,Faltante,S/D,Sin restricción,POINT (-60.704748900000006 -32.8937796),"['Molina', 'Baigorria']",2,Molina; Baigorria,-32.8937796,-60.704748900000006,55.0,538.0,Municipio Rosario,Municipio,Rosario,820210,Servicio de Catastro e Información Territorial,IGN
2012,2791,2012-03-08,Jueves,0.0,22:45:00,,0.0,2,"Moto/Ciclomotor,Automóvil",VIAMONTE Y ENTRE RIOS,3,2,0,0,1,0,0,,Calle,,ROSARIO,Rosario,Asfalto,S/D,II,Dentro,Urbana,S/D,S/D,Recta,Bueno,Buena,Con luz artificial,Buen Tiempo,Lateral,S/D,Colisión,S/D,S/D,S/D,S/D,POINT (-60.64570270000001 -32.9648555),"['Viamonte', 'Entre Ríos']",2,Viamonte; Entre Ríos,-32.9648555,-60.64570270000001,55.0,538.0,Municipio Rosario,Municipio,Rosario,820210,Servicio de Catastro e Información Territorial,IGN
2012,2792,2012-03-19,Lunes,0.0,18:45:00,,0.0,1,Automóvil,baigorria y c. casas,2,1,0,0,0,0,1,,Calle,,ROSARIO,Rosario,Asfalto,S/D,II,Dentro,Urbana,S/D,S/D,Intersección,Bueno,S/D,S/D,Buen Tiempo,Frontal,S/D,Colisión,Otro,S/D,S/D,Sin restricción,POINT (-60.7162912 -32.893906199999996),"['Baigorria', 'Avenida Casiano Casas']",2,Baigorria; Avenida Casiano Casas,-32.8939062,-60.7162912,55.0,538.0,Municipio Rosario,Municipio,Rosario,820210,Servicio de Catastro e Información Territorial,IGN
2012,2793,2012-03-08,Jueves,0.0,22:15:00,,0.0,2,"Peatón,Moto/Ciclomotor",ESPAÑA Y COCHABAMBA,2,2,0,0,0,0,0,,Calle,,ROSARIO,Rosario,Asfalto,S/D,II,Dentro,Urbana,S/D,S/D,Recta,Bueno,Buena,Con luz artificial,Buen Tiempo,Lateral,S/D,Atropello,S/D,S/D,S/D,S/D,POINT (-60.649499 -32.9569347),"['España', 'Cochabamba']",2,España; Cochabamba,-32.9569347,-60.649499,55.0,538.0,Municipio Rosario,Municipio,Rosario,820210,Servicio de Catastro e Información Territorial,IGN
2012,2795,2012-03-09,Viernes,0.0,07:00:00,,0.0,1,Moto/Ciclomotor,ITUZAINGO Y ESPAÑA,1,1,0,0,0,0,0,,Calle,,ROSARIO,Rosario,Asfalto,S/D,II,Dentro,Urbana,S/D,S/D,Recta,Bueno,Buena,Diurna,Buen Tiempo,S/D,S/D,Caída ocupante,S/D,S/D,S/D,S/D,POINT (-60.65008399999999 -32.95924599999999),"['Ituzaingó', 'España']",2,Ituzaingó; España,-32.95924599999999,-60.65008399999999,55.0,538.0,Municipio Rosario,Municipio,Rosario,820210,Servicio de Catastro e Información Territorial,IGN
2012,2796,2012-03-09,Viernes,0.0,17:30:00,,0.0,2,"Moto/Ciclomotor,Automóvil",AV. LAS PALMERAS,3,2,0,0,1,0,0,,S/D,,ROSARIO,Rosario,Asfalto,S/D,II,S/D,S/D,S/D,S/D,Curva,Bueno,Buena,Diurna,Buen Tiempo,Lateral,S/D,Colisión,S/D,S/D,S/D,S/D,"-32.9561024, -60.7232914",['Las Palmeras'],1,Las Palmeras,-32.9561024,-60.7232914,55.0,538.0,Municipio Rosario,Municipio,Rosario,820210,Servicio de Catastro e Información Territorial,IGN
2012,2798,2012-03-19,Lunes,0.0,14:45:00,,0.0,2,"Automóvil,Moto/Ciclomotor",superi y anchoris,2,1,0,0,0,0,1,,Calle,,ROSARIO,Rosario,Asfalto,S/D,II,Dentro,Urbana,S/D,S/D,Intersección,Bueno,Buena,Diurna,Buen Tiempo,Lateral,S/D,Colisión,Otro,Faltante,S/D,Sin restricción,POINT (-60.70025630000001 -32.89596079999999),"['Superi', 'Anchoris']",2,Comandante José Superí; Anchoris,-32.89596079999999,-60.70025630000001,55.0,538.0,Municipio Rosario,Municipio,Rosario,820210,Servicio de Catastro e Información Territorial,IGN
2012,2800,2012-03-09,Viernes,0.0,14:00:00,,0.0,1,Bicicleta,SUIPACHA Y AV GODOY,1,1,0,0,0,0,0,,Calle,,ROSARIO,Rosario,Asfalto,S/D,II,Dentro,Urbana,S/D,S/D,Recta,Bueno,Buena,S/D,Buen Tiempo,Contra objeto fijo,S/D,Colisión,S/D,S/D,S/D,S/D,POINT (-60.66772315 -32.955745400000005),"['Suipacha', 'Avenida Presidente Perón']",2,Suipacha; Avenida Presidente Perón,-32.955745400000005,-60.66772315,55.0,538.0,Municipio Rosario,Municipio,Rosario,820210,Servicio de Catastro e Información Territorial,IGN
2012,2803,2012-03-24,Sabado,0.0,09:00:00,,0.0,2,"Moto/Ciclomotor,Peatón",medrano 1600,2,1,0,0,1,0,0,,Calle,,ROSARIO,Rosario,Asfalto,S/D,II,Dentro,Urbana,S/D,S/D,Recta,Bueno,Buena,Diurna,Buen Tiempo,Frontal,S/D,Atropello,Otro,Faltante,S/D,Sin restricción,"-32.899912, -60.7000534",['Medrano 1600'],1,Medrano 1600,-32.899912,-60.7000534,55.0,538.0,Municipio Rosario,Municipio,Rosario,820210,Servicio de Catastro e Información Territorial,IGN
2012,2804,2012-03-02,Viernes,0.0,17:45:00,,0.0,3,"Automóvil,Automóvil,Automóvil",paraguay y rioja,6,1,0,0,5,0,0,,Calle,,ROSARIO,Rosario,Asfalto,S/D,II,Dentro,Urbana,S/D,S/D,Recta,Bueno,S/D,Diurna,Buen Tiempo,Múltiple,S/D,Colisión,S/D,S/D,S/D,Sin restricción,POINT (-60.6440183 -32.946608999999995),"['Paraguay', 'Rioja']",2,Paraguay; Rioja,-32.946608999999995,-60.6440183,55.0,538.0,Municipio Rosario,Municipio,Rosario,820210,Servicio de Catastro e Información Territorial,IGN
2012,2812,2012-03-05,Lunes,0.0,13:45:00,,0.0,2,"Moto/Ciclomotor,Automóvil",9 de julio y mitre,2,1,0,0,1,0,0,,Calle,,ROSARIO,Rosario,Asfalto,No existe,II,Dentro,Urbana,S/D,No existe,Intersección,Bueno,Buena,Diurna,Buen Tiempo,Lateral,S/D,Colisión,S/D,"Horizontal,Vertical",S/D,Sin restricción,POINT (-60.6414341 -32.95360519999999),"['9 de Julio', 'Mitre']",2,"('9 de Julio', 'Bartolomé Mitre')",-32.95360519999999,-60.6414341,55.0,538.0,Municipio Rosario,Municipio,Rosario,820210,Servicio de Catastro e Información Territorial,IGN
2012,2814,2012-03-09,Viernes,0.0,12:00:00,,0.0,2,"Moto/Ciclomotor,Automóvil",COCHABAMBA Y PARAGUAY,2,1,0,0,1,0,0,,Calle,,ROSARIO,Rosario,Asfalto,S/D,II,Dentro,Urbana,S/D,S/D,Recta,Bueno,Buena,S/D,Buen Tiempo,Lateral,S/D,Colisión,S/D,S/D,S/D,S/D,POINT (-60.646751300000005 -32.9574353),"['Cochabamba', 'Paraguay']",2,Cochabamba; Paraguay,-32.9574353,-60.646751300000005,55.0,538.0,Municipio Rosario,Municipio,Rosario,820210,Servicio de Catastro e Información Territorial,IGN
2012,2815,2012-03-09,Viernes,0.0,22:00:00,,0.0,2,"Moto/Ciclomotor,Automóvil",27 DE FEBRERO Y OV. LAGOS,2,1,0,0,1,0,0,,Avenida,,ROSARIO,Rosario,Asfalto,S/D,II,Dentro,Urbana,S/D,Funciona,Recta,Bueno,Buena,Con luz artificial,Buen Tiempo,Lateral,S/D,Colisión,S/D,Vertical,S/D,S/D,POINT (-60.66661663333334 -32.963496),"['27 de Febrero', 'Avenida Ovidio Lagos']",2,Bulevar 27 de Febrero; Avenida Ovidio Lagos,-32.963496,-60.66661663333334,55.0,538.0,Municipio Rosario,Municipio,Rosario,820210,Servicio de Catastro e Información Territorial,IGN
2012,2816,2012-03-05,Lunes,0.0,,,0.0,2,"Moto/Ciclomotor,Automóvil",san martin y zeballos,2,1,0,0,1,0,0,,Calle,,ROSARIO,Rosario,Asfalto,S/D,II,Dentro,Urbana,S/D,S/D,Recta,Bueno,S/D,S/D,Buen Tiempo,Lateral,S/D,Colisión,S/D,S/D,S/D,Sin restricción,POINT (-60.638849300000004 -32.95529809999999),"['San Martin', 'Zeballos']",2,José de San Martín; Zeballos,-32.95529809999999,-60.6388493,55.0,538.0,Municipio Rosario,Municipio,Rosario,820210,Servicio de Catastro e Información Territorial,IGN
2012,2817,2012-03-10,Sabado,0.0,01:00:00,,0.0,2,"Moto/Ciclomotor,Automóvil",MITRE Y LA PAZ,2,1,0,0,1,0,0,,Calle,,ROSARIO,Rosario,Asfalto,S/D,II,Dentro,Urbana,S/D,S/D,Recta,Bueno,Buena,S/D,Buen Tiempo,Lateral,S/D,Colisión,S/D,S/D,S/D,S/D,POINT (-60.6440084 -32.9639253),"['Mitre', 'La Paz']",2,Bartolomé Mitre; La Paz,-32.9639253,-60.6440084,55.0,538.0,Municipio Rosario,Municipio,Rosario,820210,Servicio de Catastro e Información Territorial,IGN
2012,2818,2012-03-06,Martes,0.0,22:20:00,,0.0,2,"Moto/Ciclomotor,Taxi/Remis",Moreno y san Juan ,2,1,0,0,1,0,0,,Calle,,ROSARIO,Rosario,Asfalto,No existe,II,Dentro,Urbana,S/D,No existe,Intersección,Bueno,Buena,"Nocturna,Con luz artificial",Buen Tiempo,Lateral,S/D,Colisión,S/D,Horizontal,S/D,Sin restricción,POINT (-60.651551100000006 -32.94793200000001),"['Moreno', 'San Juan']",2,Mariano Moreno; San Juan,-32.94793200000001,-60.651551100000006,55.0,538.0,Municipio Rosario,Municipio,Rosario,820210,Servicio de Catastro e Información Territorial,IGN
2012,2820,2012-03-13,Martes,0.0,,,0.0,2,"Moto/Ciclomotor,Automóvil",AV. PELLEGRINI Y PARAGUAY,2,1,0,0,1,0,0,,Calle,,ROSARIO,Rosario,Asfalto,S/D,II,Dentro,Urbana,S/D,S/D,Recta,Bueno,Buena,S/D,Buen Tiempo,Lateral,S/D,Colisión,S/D,S/D,S/D,S/D,POINT (-60.64646545 -32.95630334999999),"['Pellegrini', 'Paraguay']",2,Avenida Carlos Pellegrini; Paraguay,-32.95630334999999,-60.64646545,55.0,538.0,Municipio Rosario,Municipio,Rosario,820210,Servicio de Catastro e Información Territorial,IGN
2012,2821,2012-03-07,Miercoles,0.0,10:00:00,,0.0,2,"Peatón,Bicicleta",corrientes y cordoba,2,1,0,0,1,0,0,,Calle,,ROSARIO,Rosario,Asfalto,No existe,II,Dentro,Urbana,S/D,No existe,Intersección,Bueno,Buena,Diurna,Buen Tiempo,Lateral,S/D,Atropello,S/D,"Horizontal,Vertical",S/D,Sin restricción,POINT (-60.64233070000001 -32.94567669999999),"['Corrientes', 'Córdoba']",2,Corrientes; Córdoba,-32.94567669999999,-60.64233070000001,55.0,538.0,Municipio Rosario,Municipio,Rosario,820210,Servicio de Catastro e Información Territorial,IGN
2012,2822,2012-03-04,Domingo,0.0,,,0.0,2,"Moto/Ciclomotor,Automóvil",san juan y bv. oroño,2,1,0,0,1,0,0,,Avenida,,ROSARIO,Rosario,Asfalto,No existe,II,Dentro,Urbana,S/D,No existe,Intersección,Bueno,Buena,"Nocturna,Con luz artificial",Buen Tiempo,Lateral,S/D,Colisión,S/D,Vertical,S/D,Sin restricción,POINT (-60.6542222 -32.947453949999996),"['San Juan', 'Bulevar Nicasio Oroño']",2,San Juan; Bulevar Nicasio Oroño,-32.94745395,-60.6542222,55.0,538.0,Municipio Rosario,Municipio,Rosario,820210,Servicio de Catastro e Información Territorial,IGN
2012,2823,2012-03-08,Jueves,0.0,00:40:00,,0.0,2,"Moto/Ciclomotor,Automóvil",av. pellegrini y paraguay,2,1,0,0,1,0,0,,Avenida,,ROSARIO,Rosario,Asfalto,No existe,II,Dentro,Urbana,S/D,Funciona,Intersección,Bueno,Buena,"Nocturna,Con luz artificial",Buen Tiempo,Frontal,S/D,Colisión,S/D,"Horizontal,Vertical",S/D,Sin restricción,POINT (-60.64646545 -32.95630334999999),"['Pellegrini', 'Paraguay']",2,Avenida Carlos Pellegrini; Paraguay,-32.95630334999999,-60.64646545,55.0,538.0,Municipio Rosario,Municipio,Rosario,820210,Servicio de Catastro e Información Territorial,IGN
2012,2824,2012-03-26,Lunes,0.0,12:30:00,,0.0,1,,brown 2100 ,2,0,1,0,1,0,0,,Calle,,ROSARIO,Rosario,Asfalto,No existe,II,Dentro,Urbana,S/D,S/D,Recta,S/D,Buena,Diurna,Buen Tiempo,Frontal,S/D,Atropello,S/D,S/D,S/D,Sin restricción,"-32.9346205, -60.6494409",['Brown 2100'],1,Brown 2100,-32.9346205,-60.6494409,55.0,538.0,Municipio Rosario,Municipio,Rosario,820210,Servicio de Catastro e Información Territorial,IGN
2012,2826,2012-03-13,Martes,0.0,,,0.0,1,Moto/Ciclomotor,27 DE FEBRERO Y OV. LAGOS,1,1,0,0,0,0,0,,Calle,,ROSARIO,Rosario,Asfalto,S/D,II,Dentro,Urbana,S/D,S/D,Recta,Bueno,Buena,S/D,Buen Tiempo,Contra objeto fijo,S/D,Colisión,S/D,S/D,S/D,S/D,POINT (-60.66661663333334 -32.963496),"['27 de Febrero', 'Avenida Ovidio Lagos']",2,Bulevar 27 de Febrero; Avenida Ovidio Lagos,-32.963496,-60.66661663333334,55.0,538.0,Municipio Rosario,Municipio,Rosario,820210,Servicio de Catastro e Información Territorial,IGN
2012,2827,2012-03-23,Viernes,0.0,16:45:00,,0.0,2,"Taxi/Remis,Automóvil",san lorenzo y mitre,2,1,0,0,1,0,0,,Calle,,ROSARIO,Rosario,Asfalto,No existe,II,Dentro,Urbana,S/D,No existe,Recta,Bueno,Buena,Diurna,Buen Tiempo,De alcance,S/D,Colisión,S/D,Faltante,S/D,Sin restricción,POINT (-60.6390063 -32.9438873),"['San Lorenzo', 'Mitre']",2,"('San Lorenzo', 'Bartolomé Mitre')",-32.9438873,-60.6390063,55.0,538.0,Municipio Rosario,Municipio,Rosario,820210,Servicio de Catastro e Información Territorial,IGN
2012,2829,2012-03-14,Miercoles,0.0,09:15:00,,0.0,2,"Taxi/Remis,Automóvil",DORREGO Y TUCUMAN,2,1,0,0,1,0,0,,Calle,,ROSARIO,Rosario,Asfalto,No existe,II,Dentro,Urbana,Ninguna,No existe,Recta,Bueno,S/D,Diurna,Buen Tiempo,De alcance,S/D,Colisión,Agua,Faltante,Ninguna,Sin restricción,POINT (-60.6479902 -32.939811699999986),"['Dorrego', 'Tucumán']",2,Manuel Dorrego; Tucumán,-32.939811699999986,-60.6479902,55.0,538.0,Municipio Rosario,Municipio,Rosario,820210,Servicio de Catastro e Información Territorial,IGN
2012,2831,2012-03-12,Lunes,0.0,10:45:00,,0.0,2,"Peatón,Pickup/Utilitario",SAN MARTIN Y SAN LORENZO,2,1,0,0,1,0,0,,Calle,,ROSARIO,Rosario,Asfalto,No existe,II,Dentro,Urbana,S/D,No existe,Intersección,Bueno,Buena,Diurna,Buen Tiempo,Otro,S/D,Atropello,S/D,Faltante,Ninguna,Sin restricción,POINT (-60.636237 -32.944804399999995),"['San Martin', 'San Lorenzo']",2,José de San Martín; San Lorenzo,-32.944804399999995,-60.636237,55.0,538.0,Municipio Rosario,Municipio,Rosario,820210,Servicio de Catastro e Información Territorial,IGN
2012,2832,2012-03-12,Lunes,0.0,12:50:00,,0.0,2,"Moto/Ciclomotor,Automóvil",SAN LORENZO Y CORRIENTES,2,1,0,0,1,0,0,,Calle,,ROSARIO,Rosario,Asfalto,No existe,II,Dentro,Urbana,Semáforo,Funciona,Recta,Bueno,Buena,Diurna,Buen Tiempo,Lateral,S/D,Colisión,S/D,Vertical,Ninguna,Sin restricción,POINT (-60.64177480000001 -32.9433995),"['San Lorenzo', 'Corrientes']",2,San Lorenzo; Corrientes,-32.9433995,-60.64177480000001,55.0,538.0,Municipio Rosario,Municipio,Rosario,820210,Servicio de Catastro e Información Territorial,IGN
2012,2833,2012-03-09,Viernes,0.0,17:00:00,,0.0,2,"Moto/Ciclomotor,Automóvil",BELGRANO Y SARGENTO CABRAL ,2,1,0,0,1,0,0,,Avenida,,ROSARIO,Rosario,Ripio,S/D,II,S/D,S/D,S/D,S/D,Intersección,Bueno,Buena,Atardecer,Buen Tiempo,De alcance,S/D,Colisión,S/D,S/D,S/D,Sin restricción,POINT (-60.63405088333334 -32.94321101666666),"['Belgrano', 'Sargento Cabral']",2,Avenida Manuel Belgrano; Sargento Cabral,-32.94321101666666,-60.63405088333334,55.0,538.0,Municipio Rosario,Municipio,Rosario,820210,Servicio de Catastro e Información Territorial,IGN
2012,2834,2012-03-08,Jueves,0.0,20:20:00,,0.0,2,"Automóvil,Automóvil",DORREGO Y SALTA,2,1,0,0,1,0,0,,Calle,,ROSARIO,Rosario,Asfalto,S/D,II,S/D,Urbana,Ninguna,No existe,Recta,Bueno,Buena,Nocturna,Buen Tiempo,Frontal,S/D,Colisión,S/D,Horizontal,Ninguna,Sin restricción,POINT (-60.647418 -32.937457099999996),"['Dorrego', 'Salta']",2,Manuel Dorrego; Salta,-32.9374571,-60.647418,55.0,538.0,Municipio Rosario,Municipio,Rosario,820210,Servicio de Catastro e Información Territorial,IGN
2012,2836,2012-03-05,Lunes,0.0,20:30:00,,0.0,2,"Peatón,Pickup/Utilitario",BV. OROÑO Y TUCUMAN,2,1,0,0,1,0,0,,Avenida,,ROSARIO,Rosario,Asfalto,No existe,II,Dentro,Urbana,Ninguna,No existe,Intersección,Bueno,Buena,Nocturna,Buen Tiempo,Otro,S/D,Atropello,S/D,Faltante,Cordón divisorio,Sin restricción,POINT (-60.6521219 -32.9390762),"['Bulevar Nicasio Oroño', 'Tucumán']",2,Bulevar Nicasio Oroño; Tucumán,-32.9390762,-60.6521219,55.0,538.0,Municipio Rosario,Municipio,Rosario,820210,Servicio de Catastro e Información Territorial,IGN
2012,2838,2012-03-05,Lunes,0.0,20:00:00,,0.0,2,"Moto/Ciclomotor,Automóvil",CORRIENTES Y SANTA FE,2,1,0,0,1,0,0,,Calle,,ROSARIO,Rosario,Asfalto,No existe,II,Dentro,Urbana,Semáforo,Funciona,Recta,Bueno,Buena,Nocturna,Buen Tiempo,De alcance,S/D,Colisión,S/D,Vertical,Ninguna,Sin restricción,POINT (-60.6420191 -32.9443578),"['Corrientes', 'Santa Fe']",2,Corrientes; Santa Fe,-32.9443578,-60.6420191,55.0,538.0,Municipio Rosario,Municipio,Rosario,820210,Servicio de Catastro e Información Territorial,IGN
2012,2839,2012-03-02,Viernes,0.0,06:00:00,,0.0,2,"Automóvil,Pickup/Utilitario",AV. BELGRANO Y LAPRIDA,2,1,0,0,1,0,0,,Avenida,,ROSARIO,Rosario,Asfalto,No existe,II,Dentro,Urbana,Semáforo,Funciona,Intersección,Bueno,Buena,Diurna,Buen Tiempo,De alcance,S/D,Colisión,S/D,Vertical,Cordón divisorio,S/D,POINT (-60.629682700000004 -32.965131725),"['Belgrano', 'Laprida']",2,Avenida Manuel Belgrano; Francisco Narciso Laprida,-32.965131725,-60.6296827,55.0,538.0,Municipio Rosario,Municipio,Rosario,820210,Servicio de Catastro e Información Territorial,IGN
2012,2841,2012-03-01,Jueves,0.0,10:00:00,,0.0,2,"Automóvil,Automóvil",BV. OROÑO Y TUCUMAN,2,2,0,0,0,0,0,,Avenida,,ROSARIO,Rosario,Asfalto,No existe,II,Dentro,Urbana,S/D,No existe,Intersección,Bueno,Buena,Diurna,Buen Tiempo,Frontal,S/D,Colisión,S/D,Faltante,Cordón divisorio,Sin restricción,POINT (-60.6521219 -32.9390762),"['Bulevar Nicasio Oroño', 'Tucumán']",2,Bulevar Nicasio Oroño; Tucumán,-32.9390762,-60.6521219,55.0,538.0,Municipio Rosario,Municipio,Rosario,820210,Servicio de Catastro e Información Territorial,IGN
2012,2849,2012-03-13,Martes,0.0,17:20:00,,0.0,2,"Peatón,Moto/Ciclomotor",AV. PELLEGRINI 1900,2,1,0,0,1,0,0,,Avenida,,ROSARIO,Rosario,Asfalto,S/D,II,Dentro,Urbana,S/D,S/D,Recta,Bueno,Buena,Diurna,Buen Tiempo,S/D,S/D,Atropello,S/D,S/D,S/D,S/D,"-32.9552479, -60.6517134",['Pellegrini 1900'],1,Pellegrini 1900,-32.9552479,-60.6517134,55.0,538.0,Municipio Rosario,Municipio,Rosario,820210,Servicio de Catastro e Información Territorial,IGN
2012,2850,2012-03-02,Viernes,0.0,15:00:00,,0.0,2,"Moto/Ciclomotor,Automóvil",BS. AS. Y URIBURU,3,1,0,0,1,0,1,,Calle,,ROSARIO,Rosario,Asfalto,No existe,II,Dentro,Urbana,Semáforo,Funciona,Intersección,Bueno,Buena,Diurna,Buen Tiempo,Lateral,S/D,Colisión,Otro,S/D,Ninguna,Sin restricción,POINT (-60.6435867 -32.9906069),"['Buenos Aires', 'Uriburu']",2,Buenos Aires; Avenida José Uriburu,-32.9906069,-60.6435867,55.0,538.0,Municipio Rosario,Municipio,Rosario,820210,Servicio de Catastro e Información Territorial,IGN
2012,2851,2012-03-03,Sabado,0.0,09:20:00,,0.0,2,"Automóvil,Automóvil",SALVA Y AV. DEL ROSARIO,2,1,0,0,1,0,0,,Avenida,,ROSARIO,Rosario,Asfalto,S/D,II,Dentro,Urbana,Ninguna,No existe,Recta,Bueno,Buena,Diurna,Buen Tiempo,De alcance,S/D,Colisión,Otro,Horizontal,Ninguna,Sin restricción,POINT (-60.6403663 -32.9996483),"['Salva', 'Rosario']",2,Salvat; Puente Nuestra Señora del Rosario,-32.9996483,-60.6403663,55.0,538.0,Municipio Rosario,Municipio,Rosario,820210,Servicio de Catastro e Información Territorial,IGN
2012,2852,2012-03-07,Miercoles,0.0,,,0.0,2,"Moto/Ciclomotor,Automóvil",H. QUINTANA Y LEIVA,2,1,0,0,1,0,0,,Calle,,ROSARIO,Rosario,Asfalto,No existe,II,Dentro,Urbana,Ninguna,No existe,Intersección,Bueno,Buena,Diurna,Buen Tiempo,Lateral,S/D,Colisión,Otro,S/D,Ninguna,Sin restricción,POINT (-60.6379928 -33.000607099999996),"['Quintana', 'Leiva']",2,Presidente Quintana; Julián de Leiva,-33.0006071,-60.6379928,55.0,538.0,Municipio Rosario,Municipio,Rosario,820210,Servicio de Catastro e Información Territorial,IGN