anio_acci,nro_acci,fecha,desc_dia,fecha_aprox,hora_aprox,desc_ruta,km,cant_participantes,desc_participante,calle_avenida_km,total,heridos_leves,heridos_graves,heridos_gravisimos,ilesos,fallecidos,sin_datos,posicion_XY,desc_tipo_via,desc_ruta_ori,desc_loc,desc_dpto,desc_tipo_calzada,desc_tipo_banquina,desc_unidad_regional,desc_lugar_calzada,desc_zona,desc_prioridad,desc_estado_semaforo,desc_lugar_via,desc_estado_via,desc_estado_visibilidad,desc_luminosidad,desc_estado_clima,desc_tipo_colision,desc_tipo_atropello,desc_tipo_hecho,desc_pres_calzada,desc_senializacion,desc_separacion_via,desc_restriccion,forma_geocod,calle_lista,numero_calles,calles_osm,lat,lon,index_right,gid,fna,gna,nam,in1,fdc,sag
2012,2853,2012-03-07,Miercoles,0.0,13:00:00,,0.0,2,"Bicicleta,Automóvil",URIBURU 200 BIS,2,1,0,0,1,0,0,,Calle,,ROSARIO,Rosario,Asfalto,No existe,II,Dentro,Urbana,Ninguna,No existe,Recta,Bueno,Buena,Diurna,Buen Tiempo,Otro,S/D,Atropello,S/D,S/D,Ninguna,Sin restricción,"-32.9900483, -60.6300201",['Uriburu 200 Bis'],1,Uriburu 200 Bis,-32.9900483,-60.6300201,55.0,538.0,Municipio Rosario,Municipio,Rosario,820210,Servicio de Catastro e Información Territorial,IGN
2012,2854,2012-03-09,Viernes,0.0,19:35:00,,0.0,2,"Peatón,Moto/Ciclomotor",RUY BARBOSA Y LEIVA,2,1,0,0,1,0,0,,Calle,,ROSARIO,Rosario,Asfalto,No existe,II,Dentro,Urbana,Ninguna,No existe,Intersección,Bueno,Buena,Atardecer,Buen Tiempo,Otro,S/D,Atropello,S/D,S/D,S/D,S/D,POINT (-60.637765900000005 -33.006021600000004),"['Rui Barbosa', 'Leiva']",2,Rui Barbosa; Julián de Leiva,-33.006021600000004,-60.637765900000005,55.0,538.0,Municipio Rosario,Municipio,Rosario,820210,Servicio de Catastro e Información Territorial,IGN
2012,2855,2012-03-01,Jueves,0.0,,,0.0,2,"Pickup/Utilitario,Transporte de Pasajeros Urbano (> 8 asientos)",ESTEBAN DE LUCAS Y CUCHA CUCHA,2,1,0,0,1,0,0,,Calle,,ROSARIO,Rosario,Asfalto,No existe,II,Dentro,Urbana,Ninguna,No existe,Recta,Bueno,Buena,Diurna,Buen Tiempo,De alcance,S/D,Colisión,S/D,S/D,Ninguna,Sin restricción,POINT (-60.63071990000001 -32.9943768),"['Esteban de Luca', 'Cucha Cucha']",2,Esteban de Luca; Cucha Cucha,-32.9943768,-60.63071990000001,55.0,538.0,Municipio Rosario,Municipio,Rosario,820210,Servicio de Catastro e Información Territorial,IGN
2012,2856,2012-03-10,Sabado,0.0,,,0.0,2,"Automóvil,Vehículo Oficial",AYACUCHO Y H. QUINTANA,4,2,0,0,2,0,0,,S/D,,ROSARIO,Rosario,Asfalto,No existe,II,S/D,S/D,Ninguna,No existe,Intersección,Bueno,Buena,Diurna,Buen Tiempo,Lateral,S/D,Colisión,S/D,S/D,Ninguna,Sin restricción,POINT (-60.63599090000001 -32.98455119999999),"['Ayacucho', 'Quintana']",2,"('Ayacucho', 'Presidente Quintana')",-32.98455119999999,-60.63599090000001,55.0,538.0,Municipio Rosario,Municipio,Rosario,820210,Servicio de Catastro e Información Territorial,IGN
2012,2857,2012-03-12,Lunes,0.0,13:30:00,,0.0,2,"Moto/Ciclomotor,Automóvil",ACCESO SUR Y AV. ROSARIO,2,1,0,0,1,0,0,,Calle,,ROSARIO,Rosario,Asfalto,Pavimento,II,Dentro,Urbana,Ninguna,No existe,Recta,Bueno,Buena,Diurna,Buen Tiempo,De alcance,S/D,Colisión,Otro,S/D,Ninguna,Sin restricción,POINT (-60.617663975 -32.998938125),"['Belgrano', 'Rosario']",2,Avenida Manuel Belgrano; Puente Nuestra Señora del Rosario,-32.998938125,-60.617663975,55.0,538.0,Municipio Rosario,Municipio,Rosario,820210,Servicio de Catastro e Información Territorial,IGN
2012,2858,2012-03-01,Jueves,1.0,,,0.0,2,"Moto/Ciclomotor,Camión",AV. ROSARIO Y LEIVA,2,1,0,0,1,0,0,,Avenida,,ROSARIO,Rosario,Asfalto,No existe,II,Dentro,Urbana,Ninguna,Funciona,Intersección,Bueno,Buena,Diurna,Buen Tiempo,S/D,S/D,Colisión,S/D,Horizontal,Ninguna,Sin restricción,POINT (-60.6380331 -32.999586),"['Rosario', 'Leiva']",2,Puente Nuestra Señora del Rosario; Julián de Leiva,-32.999586,-60.6380331,55.0,538.0,Municipio Rosario,Municipio,Rosario,820210,Servicio de Catastro e Información Territorial,IGN
2012,2859,2012-03-15,Jueves,0.0,16:15:00,,0.0,3,"Automóvil,Automóvil,Automóvil",PARAGUAY 2000,3,1,0,0,2,0,0,,Calle,,ROSARIO,Rosario,Asfalto,S/D,II,Dentro,Urbana,S/D,S/D,Recta,Bueno,S/D,Diurna,Buen Tiempo,De alcance,S/D,Colisión,S/D,S/D,S/D,S/D,"-32.9528599, -60.645596",['Paraguay 2000'],1,Paraguay 2000,-32.9528599,-60.645596,55.0,538.0,Municipio Rosario,Municipio,Rosario,820210,Servicio de Catastro e Información Territorial,IGN
2012,2860,2012-03-15,Jueves,0.0,09:30:00,,0.0,2,"Moto/Ciclomotor,Automóvil",27 DE FEBRERO Y PARAGUAY,3,2,0,0,1,0,0,,Avenida,,ROSARIO,Rosario,Asfalto,S/D,II,Dentro,Urbana,S/D,S/D,Recta,Bueno,Buena,S/D,Buen Tiempo,Lateral,S/D,Colisión,S/D,Vertical,S/D,S/D,POINT (-60.64906305 -32.966597750000005),"['27 de Febrero', 'Paraguay']",2,Bulevar 27 de Febrero; Paraguay,-32.966597750000005,-60.64906305,55.0,538.0,Municipio Rosario,Municipio,Rosario,820210,Servicio de Catastro e Información Territorial,IGN
2012,2861,2012-03-16,Viernes,0.0,14:00:00,,0.0,2,"Automóvil,Pickup/Utilitario",J. M. ROSAS,4,2,0,0,2,0,0,,Calle,,ROSARIO,Rosario,Asfalto,No existe,II,Dentro,Urbana,Ninguna,No existe,Intersección,Bueno,Buena,Diurna,Buen Tiempo,Lateral,S/D,Colisión,Otro,S/D,Ninguna,Sin restricción,"-32.9791886, -60.6391946",['Juan Manuel de Rosas'],1,Juan Manuel de Rosas,-32.9791886,-60.6391946,55.0,538.0,Municipio Rosario,Municipio,Rosario,820210,Servicio de Catastro e Información Territorial,IGN
2012,2862,2012-03-16,Viernes,0.0,18:10:00,,0.0,2,"Bicicleta,Automóvil",COCHABAMBA Y ENTRE RIOS,2,1,0,0,1,0,0,,Calle,,ROSARIO,Rosario,Asfalto,S/D,II,Dentro,Urbana,S/D,S/D,Recta,Bueno,Buena,S/D,Buen Tiempo,S/D,S/D,Atropello,S/D,S/D,S/D,S/D,POINT (-60.6439501 -32.9579457),"['Cochabamba', 'Entre Ríos']",2,Cochabamba; Entre Ríos,-32.9579457,-60.6439501,55.0,538.0,Municipio Rosario,Municipio,Rosario,820210,Servicio de Catastro e Información Territorial,IGN
2012,2863,2012-03-17,Sabado,0.0,,,0.0,2,"Automóvil,Automóvil",RODRIGUEZ 1500,2,2,0,0,0,0,0,,Calle,,ROSARIO,Rosario,Asfalto,S/D,II,Dentro,Urbana,S/D,S/D,Recta,Bueno,Buena,S/D,Buen Tiempo,De alcance,S/D,Colisión,S/D,S/D,S/D,S/D,"-32.9639163, -60.6640323",['Rodriguez 1500'],1,Rodriguez 1500,-32.9639163,-60.6640323,55.0,538.0,Municipio Rosario,Municipio,Rosario,820210,Servicio de Catastro e Información Territorial,IGN
2012,2864,2012-03-05,Lunes,0.0,15:30:00,,0.0,2,"Moto/Ciclomotor,Automóvil",BS. AS. Y MENDOZA,3,1,0,0,2,0,0,,Calle,,ROSARIO,Rosario,Asfalto,S/D,II,Dentro,Urbana,S/D,No existe,Intersección,Bueno,Buena,Diurna,S/D,Lateral,S/D,Colisión,S/D,S/D,Cordón divisorio,S/D,POINT (-60.6339667 -32.952472600000014),"['Buenos Aires', 'Mendoza']",2,Buenos Aires; Mendoza,-32.952472600000014,-60.6339667,55.0,538.0,Municipio Rosario,Municipio,Rosario,820210,Servicio de Catastro e Información Territorial,IGN
2012,2865,2012-03-17,Sabado,0.0,21:00:00,,0.0,2,"Automóvil,Automóvil",DORREGO E ITUZAINGO,2,1,0,0,1,0,0,,Calle,,ROSARIO,Rosario,Asfalto,S/D,II,Dentro,Urbana,S/D,S/D,Recta,Bueno,Buena,"Nocturna,Con luz artificial",Buen Tiempo,Frontal,S/D,Colisión,S/D,S/D,S/D,S/D,POINT (-60.65280490000001 -32.958759499999985),"['Dorrego', 'Ituzaingó']",2,Manuel Dorrego; Ituzaingó,-32.958759499999985,-60.65280490000001,55.0,538.0,Municipio Rosario,Municipio,Rosario,820210,Servicio de Catastro e Información Territorial,IGN
2012,2866,2012-03-17,Sabado,0.0,03:30:00,,0.0,2,"Moto/Ciclomotor,Automóvil",PELLEGRINI Y OV. LAGOS,3,2,0,0,1,0,0,,S/D,,ROSARIO,Rosario,Asfalto,S/D,II,Dentro,Urbana,S/D,S/D,Recta,Bueno,Buena,"Nocturna,Con luz artificial",Buen Tiempo,S/D,S/D,Colisión,S/D,Vertical,S/D,S/D,POINT (-60.664182350000004 -32.953107599999996),"['Pellegrini', 'Avenida Ovidio Lagos']",2,Avenida Carlos Pellegrini; Avenida Ovidio Lagos,-32.9531076,-60.66418235,55.0,538.0,Municipio Rosario,Municipio,Rosario,820210,Servicio de Catastro e Información Territorial,IGN
2012,2867,2012-01-25,Miercoles,0.0,02:40:00,,0.0,2,"Moto/Ciclomotor,Automóvil",MONTEVIDEO Y ESPAÑA,1,0,1,0,0,0,0,,S/D,,ROSARIO,Rosario,Asfalto,No existe,II,S/D,S/D,Semáforo,Funciona,Intersección,Bueno,Buena,"Nocturna,Con luz artificial",Buen Tiempo,Lateral,S/D,Colisión,S/D,"Horizontal,Vertical",Ninguna,Sin restricción,POINT (-60.648924400000006 -32.9546495),"['Montevideo', 'España']",2,Montevideo; España,-32.9546495,-60.648924400000006,55.0,538.0,Municipio Rosario,Municipio,Rosario,820210,Servicio de Catastro e Información Territorial,IGN
2012,2870,2012-03-08,Jueves,0.0,09:30:00,,0.0,2,"Automóvil,Automóvil",1&#186; DE MAYO Y PELLEGRINI,2,1,0,0,1,0,0,,Avenida,,ROSARIO,Rosario,Asfalto,S/D,II,Dentro,Urbana,S/D,S/D,Intersección,Bueno,Buena,Diurna,S/D,Lateral,S/D,Colisión,S/D,S/D,S/D,S/D,POINT (-60.6324302 -32.95882735),"['Primero de Mayo', 'Pellegrini']",2,Primero de Mayo; Avenida Carlos Pellegrini,-32.95882735,-60.6324302,55.0,538.0,Municipio Rosario,Municipio,Rosario,820210,Servicio de Catastro e Información Territorial,IGN
2012,2871,2012-03-05,Lunes,0.0,12:10:00,,0.0,2,"Moto/Ciclomotor,Automóvil",3 DE FEBRERO 600,2,1,0,0,1,0,0,,Calle,,ROSARIO,Rosario,Asfalto,S/D,II,Dentro,Urbana,Policía de tránsito,S/D,Recta,Bueno,Buena,Diurna,S/D,Otro,S/D,Colisión,S/D,S/D,Cordón divisorio,S/D,"-32.9539151, -60.6326939",['3 De Febrero 600'],1,3 De Febrero 600,-32.9539151,-60.6326939,55.0,538.0,Municipio Rosario,Municipio,Rosario,820210,Servicio de Catastro e Información Territorial,IGN
2012,2873,2012-03-05,Lunes,0.0,19:40:00,,0.0,2,"Moto/Ciclomotor,Automóvil",ALEM Y SAN JUAN,2,1,0,0,1,0,0,,Calle,,ROSARIO,Rosario,Asfalto,S/D,II,Dentro,Urbana,S/D,S/D,Intersección,Bueno,Buena,Atardecer,S/D,Lateral,S/D,Colisión,S/D,S/D,Cordón divisorio,S/D,POINT (-60.6292917 -32.9520629),"['Alem', 'San Juan']",2,Leandro N. Alem; San Juan,-32.9520629,-60.6292917,55.0,538.0,Municipio Rosario,Municipio,Rosario,820210,Servicio de Catastro e Información Territorial,IGN
2012,2874,2012-03-29,Jueves,0.0,08:50:00,,0.0,2,"Automóvil,Automóvil",LAPRIDA Y MONTEVIDEO,2,1,0,0,1,0,0,,Calle,,ROSARIO,Rosario,Asfalto,S/D,II,Dentro,Urbana,S/D,S/D,Intersección,Bueno,S/D,Diurna,S/D,Lateral,S/D,Colisión,S/D,S/D,Cordón divisorio,S/D,POINT (-60.636619800000005 -32.95683329999999),"['Laprida', 'Montevideo']",2,Francisco Narciso Laprida; Montevideo,-32.95683329999999,-60.636619800000005,55.0,538.0,Municipio Rosario,Municipio,Rosario,820210,Servicio de Catastro e Información Territorial,IGN
2012,2875,2012-03-03,Sabado,0.0,17:00:00,,0.0,2,"Peatón,Taxi/Remis",AV. PELLEGRINI 600,2,1,0,0,1,0,0,,Calle,,ROSARIO,Rosario,Asfalto,S/D,II,Dentro,Urbana,S/D,Funciona,Recta,Bueno,Buena,Diurna,S/D,Otro,S/D,Atropello,S/D,S/D,Cordón divisorio,S/D,"-32.9584332, -60.6338523",['Pellegrini 600'],1,Pellegrini 600,-32.9584332,-60.6338523,55.0,538.0,Municipio Rosario,Municipio,Rosario,820210,Servicio de Catastro e Información Territorial,IGN
2012,2876,2012-03-08,Jueves,0.0,07:50:00,,0.0,2,"Automóvil,Automóvil",ALEM Y MENDOZA,2,1,0,0,1,0,0,,Calle,,ROSARIO,Rosario,Asfalto,S/D,II,Dentro,Urbana,S/D,Funciona,Recta,Bueno,Buena,Diurna,S/D,De alcance,S/D,Colisión,S/D,S/D,Cordón divisorio,S/D,POINT (-60.62958810000001 -32.9532653),"['Alem', 'Mendoza']",2,Leandro N. Alem; Mendoza,-32.9532653,-60.62958810000001,55.0,538.0,Municipio Rosario,Municipio,Rosario,820210,Servicio de Catastro e Información Territorial,IGN
2012,2877,2012-03-16,Viernes,0.0,08:00:00,,0.0,2,"Automóvil,Automóvil",ALEM 1000,2,1,0,0,1,0,0,,Calle,,ROSARIO,Rosario,Asfalto,S/D,II,Dentro,Urbana,S/D,S/D,Recta,Bueno,S/D,S/D,S/D,De alcance,S/D,Colisión,S/D,S/D,Cordón divisorio,S/D,"-32.9507165, -60.629032",['Alem 1000'],1,Alem 1000,-32.9507165,-60.629032,55.0,538.0,Municipio Rosario,Municipio,Rosario,820210,Servicio de Catastro e Información Territorial,IGN
2012,2879,2012-03-17,Sabado,0.0,14:20:00,,0.0,2,"Moto/Ciclomotor,Automóvil",BARCALA Y LOLA MORA,2,1,0,0,1,0,0,,Calle,,ROSARIO,Rosario,Asfalto,No existe,II,Dentro,Urbana,Ninguna,No existe,Intersección,Bueno,Buena,Diurna,Buen Tiempo,Lateral,S/D,Colisión,Otro,S/D,Ninguna,Sin restricción,POINT (-60.6335053 -32.991016499999986),"['Barcala', 'Lola Mora']",2,Barcala; Lola Mora,-32.991016499999986,-60.6335053,55.0,538.0,Municipio Rosario,Municipio,Rosario,820210,Servicio de Catastro e Información Territorial,IGN
2012,2880,2012-03-17,Sabado,0.0,,,0.0,2,"Moto/Ciclomotor,Automóvil",AYACUCHO Y EDISON,2,1,0,0,1,0,0,,Calle,,ROSARIO,Rosario,Asfalto,No existe,II,Dentro,Urbana,Ninguna,No existe,Recta,Bueno,Buena,Diurna,Buen Tiempo,Lateral,S/D,Colisión,Agua,S/D,Ninguna,Sin restricción,POINT (-60.6359211 -33.00544109999999),"['Ayacucho', 'Edison']",2,Ayacucho; Edison,-33.00544109999999,-60.6359211,55.0,538.0,Municipio Rosario,Municipio,Rosario,820210,Servicio de Catastro e Información Territorial,IGN
2012,2881,2012-03-27,Martes,0.0,18:15:00,,0.0,2,"Moto/Ciclomotor,Automóvil",TUCUMAN Y E. RIOS,1,1,0,0,0,0,0,,Calle,,ROSARIO,Rosario,Asfalto,No existe,II,Dentro,Urbana,S/D,No existe,Intersección,Bueno,Buena,Diurna,Buen Tiempo,De alcance,S/D,Colisión,S/D,Faltante,S/D,Sin restricción,POINT (-60.63976250000001 -32.94131529999999),"['Tucumán', 'Rios']",2,Tucumán; Entre Ríos,-32.94131529999999,-60.63976250000001,55.0,538.0,Municipio Rosario,Municipio,Rosario,820210,Servicio de Catastro e Información Territorial,IGN
2012,2882,2012-03-01,Jueves,1.0,,,0.0,2,"Bicicleta,Automóvil",ARIJON 148,2,1,0,0,1,0,0,,Calle,,ROSARIO,Rosario,Asfalto,No existe,II,Dentro,Urbana,Ninguna,No existe,Intersección,Bueno,Buena,Diurna,Buen Tiempo,S/D,S/D,Atropello,Otro,S/D,Ninguna,Sin restricción,"-33.0033024, -60.6572523",['Arijon 148'],1,Arijon 148,-33.0033024,-60.6572523,55.0,538.0,Municipio Rosario,Municipio,Rosario,820210,Servicio de Catastro e Información Territorial,IGN
2012,2883,2012-03-19,Lunes,0.0,18:30:00,,0.0,2,"Moto/Ciclomotor,Automóvil",AYACUCHO Y MARCO POLO,2,1,0,0,0,0,1,,Avenida,,ROSARIO,Rosario,Asfalto,No existe,II,Dentro,Urbana,Ninguna,No existe,Intersección,Bueno,Buena,Diurna,Buen Tiempo,Lateral,S/D,Colisión,Otro,S/D,Ninguna,Sin restricción,POINT (-60.6357013 -33.010577),"['Ayacucho', 'Marco Polo']",2,Ayacucho; Marco Polo,-33.010577,-60.6357013,55.0,538.0,Municipio Rosario,Municipio,Rosario,820210,Servicio de Catastro e Información Territorial,IGN
2012,2884,2012-03-01,Jueves,0.0,14:30:00,,0.0,2,"Peatón,Otros",BV. OROÑO Y DR. RIVAS,2,1,0,0,0,0,1,,Calle,,ROSARIO,Rosario,Asfalto,No existe,II,Dentro,Urbana,Ninguna,S/D,Cruce,S/D,S/D,Diurna,Buen Tiempo,S/D,S/D,Atropello,S/D,S/D,Ninguna,Sin restricción,POINT (-60.6626747 -32.9809666),"['Bulevar Nicasio Oroño', 'Doctor Francisco Riva']",2,Bulevar Nicasio Oroño; Doctor Francisco Riva,-32.9809666,-60.6626747,55.0,538.0,Municipio Rosario,Municipio,Rosario,820210,Servicio de Catastro e Información Territorial,IGN
2012,2885,2012-03-22,Jueves,0.0,15:25:00,,0.0,2,"Pickup/Utilitario,Automóvil",balcarce y salta,2,1,0,0,1,0,0,,Calle,,ROSARIO,Rosario,Asfalto,No existe,II,Dentro,Urbana,S/D,No existe,Recta,Bueno,Buena,Diurna,Buen Tiempo,Lateral,S/D,Colisión,S/D,Faltante,S/D,Sin restricción,POINT (-60.6501714 -32.936959299999984),"['Balcarce', 'Salta']",2,Balcarce; Salta,-32.936959299999984,-60.6501714,55.0,538.0,Municipio Rosario,Municipio,Rosario,820210,Servicio de Catastro e Información Territorial,IGN
2012,2886,2012-03-01,Jueves,0.0,10:15:00,,0.0,2,"Moto/Ciclomotor,Otros",CALLAO Y J. CURA,2,1,0,0,0,0,1,,Calle,,ROSARIO,Rosario,Asfalto,No existe,II,Dentro,Urbana,Ninguna,S/D,Intersección,S/D,S/D,Diurna,S/D,Lateral,S/D,Colisión,S/D,S/D,Ninguna,Sin restricción,POINT (-60.66700440000001 -32.96999869999999),"['Callao', 'Avenida Jorge Cura']",2,Callao; Avenida Jorge Cura,-32.96999869999999,-60.66700440000001,55.0,538.0,Municipio Rosario,Municipio,Rosario,820210,Servicio de Catastro e Información Territorial,IGN
2012,2887,2012-03-01,Jueves,0.0,16:25:00,,0.0,1,Taxi/Remis,BV. OROÑO Y GARIBALDI,2,1,0,0,0,0,1,,Avenida,,ROSARIO,Rosario,Asfalto,No existe,II,Dentro,Urbana,Ninguna,S/D,Intersección,S/D,S/D,S/D,S/D,Lateral,S/D,Colisión,S/D,S/D,Ninguna,Sin restricción,POINT (-60.6632508 -32.983266949999994),"['Bulevar Nicasio Oroño', 'José Garibaldi']",2,Bulevar Nicasio Oroño; José Garibaldi,-32.983266949999994,-60.6632508,55.0,538.0,Municipio Rosario,Municipio,Rosario,820210,Servicio de Catastro e Información Territorial,IGN
2012,2888,2012-03-02,Viernes,0.0,01:00:00,,0.0,2,"Moto/Ciclomotor,Otros",CORRIENTES Y ESTEBAN DE LUCA,2,1,0,0,1,0,0,,Calle,,ROSARIO,Rosario,Asfalto,No existe,II,Dentro,Urbana,S/D,S/D,Intersección,S/D,S/D,Nocturna,S/D,Lateral,S/D,Colisión,S/D,S/D,Ninguna,Sin restricción,POINT (-60.6535599 -32.995098),"['Corrientes', 'Esteban de Luca']",2,Corrientes; Esteban de Luca,-32.995098,-60.6535599,55.0,538.0,Municipio Rosario,Municipio,Rosario,820210,Servicio de Catastro e Información Territorial,IGN
2012,2889,2012-03-02,Viernes,0.0,16:30:00,,0.0,2,"Moto/Ciclomotor,Otros",PTE. QUINTANA Y ALVEAR,2,1,0,0,1,0,0,,Calle,,ROSARIO,Rosario,Asfalto,No existe,II,Dentro,Urbana,Ninguna,S/D,Intersección,S/D,S/D,Atardecer,S/D,Lateral,S/D,Colisión,S/D,S/D,Ninguna,Sin restricción,POINT (-60.6637239 -32.9795759),"['Quintana', 'Alvear']",2,"('Presidente Quintana', 'Alvear')",-32.9795759,-60.6637239,55.0,538.0,Municipio Rosario,Municipio,Rosario,820210,Servicio de Catastro e Información Territorial,IGN
2012,2891,2012-03-02,Viernes,0.0,13:20:00,,0.0,2,"Moto/Ciclomotor,Otros",MITRE Y AV. URUBURU,2,1,0,0,0,0,1,,Avenida,,ROSARIO,Rosario,Asfalto,S/D,II,Dentro,Urbana,Ninguna,S/D,Intersección,S/D,S/D,Diurna,Buen Tiempo,Lateral,S/D,Colisión,S/D,S/D,S/D,S/D,POINT (-60.65080725 -32.9908231),"['Mitre', 'Avenida José Uriburu']",2,Bartolomé Mitre; Avenida José Uriburu,-32.9908231,-60.65080725,55.0,538.0,Municipio Rosario,Municipio,Rosario,820210,Servicio de Catastro e Información Territorial,IGN
2012,2892,2012-03-05,Lunes,0.0,07:20:00,,0.0,2,"Automóvil,Otros",PARAGUAY Y SAAVEDRA,2,1,0,0,1,0,0,,Calle,,ROSARIO,Rosario,Asfalto,No existe,II,Dentro,Urbana,S/D,S/D,Intersección,S/D,S/D,Amanecer,S/D,Lateral,S/D,Colisión,S/D,S/D,Línea divisoria pintada,Sin restricción,POINT (-60.6516799 -32.97694959999999),"['Paraguay', 'Saavedra']",2,Paraguay; Saavedra,-32.97694959999999,-60.6516799,55.0,538.0,Municipio Rosario,Municipio,Rosario,820210,Servicio de Catastro e Información Territorial,IGN
2012,2893,2012-03-02,Viernes,0.0,19:30:00,,0.0,2,"Automóvil,Otros",AV. SAN MARTIN Y ANCHORENA,2,1,0,0,1,0,0,,Avenida,,ROSARIO,Rosario,Asfalto,No existe,II,Dentro,Urbana,Ninguna,S/D,Intersección,S/D,S/D,Atardecer,S/D,Lateral,S/D,Colisión,S/D,S/D,Ninguna,Sin restricción,POINT (-60.648236499999996 -32.99777095),"['San Martin', 'Anchorena']",2,José de San Martín; Tomás de Anchorena,-32.99777095,-60.6482365,55.0,538.0,Municipio Rosario,Municipio,Rosario,820210,Servicio de Catastro e Información Territorial,IGN
2012,2894,2012-03-06,Martes,0.0,13:00:00,,0.0,2,"Moto/Ciclomotor,Otros",COMODORO ROVADAVIA Y PJE. SPEZIA,2,1,0,0,1,0,0,,Calle,,ROSARIO,Rosario,Asfalto,No existe,II,Dentro,Urbana,Ninguna,S/D,Intersección,S/D,S/D,Diurna,S/D,Lateral,S/D,Colisión,S/D,S/D,Ninguna,Sin restricción,POINT (-60.670062200000004 -32.9904308),"['Comodoro Rivadavia', 'Spezia']",2,Comodoro Rivadavia; Spezia,-32.9904308,-60.6700622,55.0,538.0,Municipio Rosario,Municipio,Rosario,820210,Servicio de Catastro e Información Territorial,IGN
2012,2895,2012-03-06,Martes,0.0,17:30:00,,0.0,2,"Moto/Ciclomotor,Otros",MITRE Y PTE. QUINTANA,2,0,0,0,1,0,1,,Calle,,ROSARIO,Rosario,Asfalto,No existe,II,Dentro,Urbana,Ninguna,S/D,Intersección,S/D,S/D,Atardecer,S/D,Lateral,S/D,Colisión,S/D,S/D,Ninguna,Sin restricción,POINT (-60.648628699999996 -32.9822769),"['Mitre', 'Quintana']",2,"('Bartolomé Mitre', 'Presidente Quintana')",-32.9822769,-60.6486287,55.0,538.0,Municipio Rosario,Municipio,Rosario,820210,Servicio de Catastro e Información Territorial,IGN
2012,2896,2012-03-07,Miercoles,0.0,17:30:00,,0.0,2,"Moto/Ciclomotor,Otros",SANTIAGO Y AMENABAR,2,1,0,0,1,0,0,,Calle,,ROSARIO,Rosario,Asfalto,S/D,II,Dentro,Urbana,Ninguna,S/D,Intersección,S/D,S/D,S/D,S/D,Lateral,S/D,Colisión,S/D,S/D,Ninguna,Sin restricción,POINT (-60.6624407 -32.9689955),"['Santiago', 'Amenabar']",2,Santiago; José de Amenábar,-32.9689955,-60.6624407,55.0,538.0,Municipio Rosario,Municipio,Rosario,820210,Servicio de Catastro e Información Territorial,IGN
2012,2897,2012-03-08,Jueves,0.0,13:00:00,,0.0,2,"Moto/Ciclomotor,Otros",SAN MARTIN Y 24 DE SEPTIEMBRE,2,1,0,0,1,0,0,,Calle,,ROSARIO,Rosario,Asfalto,No existe,II,Dentro,Urbana,Ninguna,S/D,Intersección,S/D,S/D,Diurna,S/D,Lateral,S/D,Colisión,S/D,S/D,Ninguna,Sin restricción,POINT (-60.64455705 -32.98058454999999),"['San Martin', '24 de Septiembre']",2,José de San Martín; 24 de Septiembre,-32.98058454999999,-60.64455705,55.0,538.0,Municipio Rosario,Municipio,Rosario,820210,Servicio de Catastro e Información Territorial,IGN
2012,2898,2012-03-08,Jueves,0.0,17:15:00,,0.0,2,"Moto/Ciclomotor,Otros",SAN MARTIN Y GARAY,2,1,0,0,1,0,0,,Avenida,,ROSARIO,Rosario,Asfalto,No existe,II,Dentro,Urbana,S/D,S/D,Intersección,S/D,S/D,Atardecer,S/D,Lateral,S/D,Colisión,S/D,S/D,Ninguna,Sin restricción,POINT (-60.6437417 -32.97477079999999),"['San Martin', 'Garay']",2,"('José de San Martín', 'Juan de Garay')",-32.97477079999999,-60.6437417,55.0,538.0,Municipio Rosario,Municipio,Rosario,820210,Servicio de Catastro e Información Territorial,IGN
2012,2899,2012-03-08,Jueves,0.0,10:45:00,,0.0,2,"Moto/Ciclomotor,Otros",AV. URIBURU Y CALLAO,2,1,0,0,1,0,0,,Avenida,,ROSARIO,Rosario,Asfalto,No existe,II,Dentro,Urbana,S/D,S/D,Intersección,S/D,S/D,S/D,S/D,Lateral,S/D,Colisión,S/D,S/D,Ninguna,Sin restricción,POINT (-60.67243500000001 -32.99150195),"['Uriburu', 'Callao']",2,Avenida José Uriburu; Callao,-32.99150195,-60.67243500000001,55.0,538.0,Municipio Rosario,Municipio,Rosario,820210,Servicio de Catastro e Información Territorial,IGN
2012,2900,2012-03-08,Jueves,0.0,14:20:00,,0.0,2,"Moto/Ciclomotor,Otros",BV. SEGUI 1900,2,1,0,0,1,0,0,,Avenida,,ROSARIO,Rosario,Asfalto,No existe,II,Dentro,Urbana,Ninguna,S/D,Intersección,S/D,S/D,Diurna,S/D,Lateral,S/D,Colisión,S/D,S/D,Ninguna,Sin restricción,"-32.9769706, -60.6572019",['Bulevar Juan Francisco Seguí 1900'],1,Bulevar Juan Francisco Seguí 1900,-32.9769706,-60.6572019,55.0,538.0,Municipio Rosario,Municipio,Rosario,820210,Servicio de Catastro e Información Territorial,IGN
2012,2901,2012-03-02,Viernes,0.0,17:15:00,,0.0,2,"Peatón,Otros",BV. OROÑO Y COULIN,2,1,0,0,0,0,1,,Avenida,,ROSARIO,Rosario,Asfalto,No existe,II,Dentro,Urbana,Ninguna,S/D,Intersección,S/D,S/D,Atardecer,S/D,S/D,S/D,Atropello,S/D,S/D,Ninguna,Sin restricción,POINT (-60.6646975 -32.98902485),"['Bulevar Nicasio Oroño', 'Coulin']",2,Bulevar Nicasio Oroño; Coulin,-32.98902485,-60.6646975,55.0,538.0,Municipio Rosario,Municipio,Rosario,820210,Servicio de Catastro e Información Territorial,IGN