anio_acci,nro_acci,fecha,desc_dia,fecha_aprox,hora_aprox,desc_ruta,km,cant_participantes,desc_participante,calle_avenida_km,total,heridos_leves,heridos_graves,heridos_gravisimos,ilesos,fallecidos,sin_datos,posicion_XY,desc_tipo_via,desc_ruta_ori,desc_loc,desc_dpto,desc_tipo_calzada,desc_tipo_banquina,desc_unidad_regional,desc_lugar_calzada,desc_zona,desc_prioridad,desc_estado_semaforo,desc_lugar_via,desc_estado_via,desc_estado_visibilidad,desc_luminosidad,desc_estado_clima,desc_tipo_colision,desc_tipo_atropello,desc_tipo_hecho,desc_pres_calzada,desc_senializacion,desc_separacion_via,desc_restriccion,forma_geocod,calle_lista,numero_calles,calles_osm,lat,lon,index_right,gid,fna,gna,nam,in1,fdc,sag
2012,2902,2012-03-09,Viernes,0.0,,,0.0,2,"Moto/Ciclomotor,Otros",OV. ANDRADES Y AV. SAN MARTIN,2,1,0,0,1,0,0,,Avenida,,ROSARIO,Rosario,Asfalto,No existe,II,Dentro,Urbana,Ninguna,S/D,Intersección,S/D,S/D,S/D,S/D,Lateral,S/D,Colisión,S/D,S/D,Ninguna,Sin restricción,POINT (-60.6478218 -32.9958564),"['Andrade', 'San Martin']",2,Olegario Victor Andrade; José de San Martín,-32.9958564,-60.6478218,55.0,538.0,Municipio Rosario,Municipio,Rosario,820210,Servicio de Catastro e Información Territorial,IGN
2012,2903,2012-03-09,Viernes,0.0,,,0.0,2,"Moto/Ciclomotor,Otros",PTE. ROCA Y BIEDMA,2,1,0,0,1,0,0,,Calle,,ROSARIO,Rosario,Asfalto,No existe,II,Dentro,Urbana,Ninguna,S/D,Intersección,S/D,S/D,S/D,S/D,Lateral,S/D,Colisión,S/D,S/D,Ninguna,Sin restricción,POINT (-60.6539217 -32.9801492),"['Roca', 'Coronel Biedma']",2,Presidente Roca; Coronel Biedma,-32.9801492,-60.6539217,55.0,538.0,Municipio Rosario,Municipio,Rosario,820210,Servicio de Catastro e Información Territorial,IGN
2012,2904,2012-03-10,Sabado,0.0,10:30:00,,0.0,2,"Moto/Ciclomotor,Otros",ENTRE RIOS Y URUGUAY,2,1,0,0,1,0,0,,Calle,,ROSARIO,Rosario,Asfalto,No existe,II,Dentro,Urbana,S/D,S/D,Intersección,S/D,S/D,Diurna,S/D,Lateral,S/D,Colisión,S/D,S/D,Ninguna,Sin restricción,POINT (-60.6486096 -32.97631599999999),"['Entre Ríos', 'Uruguay']",2,Entre Ríos; Uruguay,-32.97631599999999,-60.6486096,55.0,538.0,Municipio Rosario,Municipio,Rosario,820210,Servicio de Catastro e Información Territorial,IGN
2012,2905,2012-03-03,Sabado,0.0,20:25:00,,0.0,2,"Otros,Otros",PARAGUAY Y URUGUAY,2,1,0,0,0,0,1,,Calle,,ROSARIO,Rosario,Asfalto,S/D,II,Dentro,Urbana,S/D,S/D,Intersección,S/D,S/D,Atardecer,S/D,Lateral,S/D,Colisión,S/D,S/D,Ninguna,Sin restricción,POINT (-60.6513931 -32.975813699999996),"['Paraguay', 'Uruguay']",2,Paraguay; Uruguay,-32.9758137,-60.6513931,55.0,538.0,Municipio Rosario,Municipio,Rosario,820210,Servicio de Catastro e Información Territorial,IGN
2012,2906,2012-03-10,Sabado,0.0,12:20:00,,0.0,2,"Moto/Ciclomotor,Otros",BV. SEGUI Y PARAGUAY,2,1,0,0,1,0,0,,Avenida,,ROSARIO,Rosario,Asfalto,No existe,II,Dentro,Urbana,S/D,S/D,Intersección,S/D,S/D,Diurna,Buen Tiempo,Lateral,S/D,Colisión,S/D,S/D,Ninguna,Sin restricción,POINT (-60.6519554 -32.9780774),"['Bulevar Juan Francisco Seguí', 'Paraguay']",2,Bulevar Juan Francisco Seguí; Paraguay,-32.9780774,-60.6519554,55.0,538.0,Municipio Rosario,Municipio,Rosario,820210,Servicio de Catastro e Información Territorial,IGN
2012,2907,2012-03-10,Sabado,0.0,15:00:00,,0.0,2,"Moto/Ciclomotor,Otros",BV. SEGUI Y BALCARCE,2,1,0,0,1,0,0,,Avenida,,ROSARIO,Rosario,Asfalto,No existe,II,Dentro,Urbana,Ninguna,S/D,Intersección,S/D,S/D,S/D,S/D,Lateral,S/D,Colisión,S/D,S/D,Ninguna,Sin restricción,POINT (-60.66015055 -32.97661384999999),"['Bulevar Juan Francisco Seguí', 'Balcarce']",2,Bulevar Juan Francisco Seguí; Balcarce,-32.97661384999999,-60.66015055,55.0,538.0,Municipio Rosario,Municipio,Rosario,820210,Servicio de Catastro e Información Territorial,IGN
2012,2909,2012-03-10,Sabado,0.0,20:30:00,,0.0,2,"Moto/Ciclomotor,Otros",MILAN Y ENTRE RIOS,2,1,0,0,1,0,0,,Calle,,ROSARIO,Rosario,Asfalto,No existe,II,Dentro,Urbana,S/D,S/D,Intersección,S/D,S/D,Atardecer,Otro,Lateral,S/D,Colisión,S/D,S/D,Ninguna,Sin restricción,POINT (-60.6520624 -32.990074799999995),"['Milán', 'Entre Ríos']",2,Milán; Entre Ríos,-32.990074799999995,-60.6520624,55.0,538.0,Municipio Rosario,Municipio,Rosario,820210,Servicio de Catastro e Información Territorial,IGN
2012,2910,2012-03-10,Sabado,0.0,,,0.0,2,"Peatón,Otros",BV. SEGUI Y ALVEAR,2,1,0,0,1,0,0,,Avenida,,ROSARIO,Rosario,Asfalto,No existe,II,Dentro,Urbana,S/D,S/D,Intersección,S/D,S/D,Diurna,Otro,Otro,S/D,Atropello,S/D,S/D,Ninguna,Sin restricción,POINT (-60.662849800000004 -32.97612874999999),"['Bulevar Juan Francisco Seguí', 'Alvear']",2,Bulevar Juan Francisco Seguí; Alvear,-32.97612874999999,-60.6628498,55.0,538.0,Municipio Rosario,Municipio,Rosario,820210,Servicio de Catastro e Información Territorial,IGN
2012,2911,2012-03-12,Lunes,0.0,15:40:00,,0.0,2,"Moto/Ciclomotor,Otros",BIEDMA Y PUEYRREDON,2,1,0,0,1,0,0,,Calle,,ROSARIO,Rosario,Asfalto,No existe,II,Dentro,Urbana,Ninguna,S/D,Recta,S/D,S/D,Diurna,S/D,S/D,S/D,S/D,S/D,S/D,Ninguna,Sin restricción,POINT (-60.66617329999999 -32.977945899999995),"['Coronel Biedma', 'Pueyrredón']",2,Coronel Biedma; Pueyrredón,-32.977945899999995,-60.66617329999999,55.0,538.0,Municipio Rosario,Municipio,Rosario,820210,Servicio de Catastro e Información Territorial,IGN
2012,2912,2012-03-03,Sabado,0.0,13:00:00,,0.0,2,"Moto/Ciclomotor,Otros",MITRE Y PTE. QUINTANA,2,1,0,0,0,0,1,,Calle,,ROSARIO,Rosario,Asfalto,No existe,II,Dentro,Urbana,Ninguna,S/D,Intersección,S/D,S/D,Diurna,S/D,"Frontal,Lateral",S/D,Colisión,S/D,S/D,Ninguna,Sin restricción,POINT (-60.648628699999996 -32.9822769),"['Mitre', 'Quintana']",2,"('Bartolomé Mitre', 'Presidente Quintana')",-32.9822769,-60.6486287,55.0,538.0,Municipio Rosario,Municipio,Rosario,820210,Servicio de Catastro e Información Territorial,IGN
2012,2913,2012-03-03,Sabado,0.0,11:50:00,,0.0,2,"Moto/Ciclomotor,Otros",SAN MARTIN Y SANCHEZ BUSTAMANTE,2,1,0,0,0,0,1,,Calle,,ROSARIO,Rosario,Asfalto,No existe,II,Dentro,Urbana,Ninguna,S/D,Intersección,S/D,S/D,Diurna,S/D,Lateral,S/D,Colisión,S/D,S/D,Ninguna,Sin restricción,POINT (-60.64913584999999 -33.0020069),"['San Martin', 'Sánchez de Bustamante']",2,José de San Martín; Sánchez de Bustamante,-33.0020069,-60.64913584999999,55.0,538.0,Municipio Rosario,Municipio,Rosario,820210,Servicio de Catastro e Información Territorial,IGN
2012,2914,2012-03-22,Jueves,0.0,10:50:00,,0.0,2,"Peatón,Automóvil",san lorenzo y moreno,2,1,0,0,0,0,1,,Calle,,ROSARIO,Rosario,Asfalto,No existe,II,Dentro,Urbana,S/D,No existe,Recta,Bueno,Buena,Diurna,Buen Tiempo,Otro,S/D,Colisión,S/D,Faltante,S/D,Sin restricción,POINT (-60.65002440000001 -32.94190830000001),"['San Lorenzo', 'Moreno']",2,San Lorenzo; Mariano Moreno,-32.94190830000001,-60.65002440000001,55.0,538.0,Municipio Rosario,Municipio,Rosario,820210,Servicio de Catastro e Información Territorial,IGN
2012,2915,2012-03-03,Sabado,0.0,13:00:00,,0.0,2,"Automóvil,Otros",AV. URIBURU Y PTE. ROCA,2,1,0,0,0,0,1,,Avenida,,ROSARIO,Rosario,Asfalto,No existe,II,Dentro,Urbana,Ninguna,S/D,Intersección,S/D,S/D,S/D,S/D,Lateral,S/D,Colisión,S/D,S/D,Ninguna,Sin restricción,POINT (-60.65665205 -32.9910065),"['Uriburu', 'Roca']",2,Avenida José Uriburu; Presidente Roca,-32.9910065,-60.65665205,55.0,538.0,Municipio Rosario,Municipio,Rosario,820210,Servicio de Catastro e Información Territorial,IGN
2012,2916,2012-03-12,Lunes,0.0,22:00:00,,0.0,2,"Moto/Ciclomotor,Otros",AV. URIBURU Y MITRE,2,1,0,0,1,0,0,,Calle,,ROSARIO,Rosario,Asfalto,No existe,II,Dentro,Urbana,Ninguna,S/D,Intersección,S/D,S/D,Nocturna,S/D,Lateral,S/D,Colisión,S/D,S/D,Ninguna,Sin restricción,POINT (-60.65080725 -32.9908231),"['Uriburu', 'Mitre']",2,Avenida José Uriburu; Bartolomé Mitre,-32.9908231,-60.65080725,55.0,538.0,Municipio Rosario,Municipio,Rosario,820210,Servicio de Catastro e Información Territorial,IGN
2012,2917,2012-03-04,Domingo,0.0,11:00:00,,0.0,2,"Moto/Ciclomotor,Otros",SAN MARTIN AL 4300,2,1,0,0,0,0,1,,Avenida,,ROSARIO,Rosario,Asfalto,No existe,II,Dentro,Urbana,S/D,S/D,Recta,S/D,S/D,Diurna,S/D,Lateral,S/D,Colisión,S/D,S/D,Ninguna,Sin restricción,"-32.9764777, -60.6372639",['San Martin 4300'],1,San Martin 4300,-32.9764777,-60.6372639,55.0,538.0,Municipio Rosario,Municipio,Rosario,820210,Servicio de Catastro e Información Territorial,IGN
2012,2919,2012-03-12,Lunes,0.0,09:30:00,,0.0,2,"Automóvil,Otros",GABOTO Y ENTRE RIOS,2,1,0,0,1,0,0,,Calle,,ROSARIO,Rosario,Asfalto,No existe,II,Dentro,Urbana,Ninguna,S/D,Intersección,S/D,S/D,Diurna,S/D,Lateral,S/D,Colisión,S/D,S/D,Ninguna,Sin restricción,POINT (-60.6477294 -32.9728456),"['Gaboto', 'Entre Ríos']",2,Gaboto; Entre Ríos,-32.9728456,-60.6477294,55.0,538.0,Municipio Rosario,Municipio,Rosario,820210,Servicio de Catastro e Información Territorial,IGN
2012,2920,2012-03-20,Martes,0.0,20:00:00,,0.0,2,"Taxi/Remis,Moto/Ciclomotor",catamarca y moreno,2,0,1,0,1,0,0,,Calle,,ROSARIO,Rosario,Asfalto,S/D,II,Dentro,Urbana,S/D,No existe,Intersección,Bueno,Buena,Nocturna,Buen Tiempo,Lateral,S/D,Colisión,S/D,Faltante,S/D,Sin restricción,POINT (-60.64912919999999 -32.93837429999999),"['Catamarca', 'Moreno']",2,Catamarca; Mariano Moreno,-32.93837429999999,-60.64912919999999,55.0,538.0,Municipio Rosario,Municipio,Rosario,820210,Servicio de Catastro e Información Territorial,IGN
2012,2921,2012-03-05,Lunes,0.0,06:30:00,,0.0,2,"Bicicleta,Otros",BV. OROÑO Y JUAN CANALS,2,1,0,0,0,0,1,,Avenida,,ROSARIO,Rosario,Asfalto,No existe,II,Dentro,Urbana,S/D,S/D,Intersección,S/D,S/D,Amanecer,S/D,S/D,S/D,Atropello,S/D,S/D,Ninguna,Sin restricción,POINT (-60.66411445 -32.9867086),"['Bulevar Nicasio Oroño', 'Juan Canals']",2,Bulevar Nicasio Oroño; Juan Canals,-32.9867086,-60.66411445,55.0,538.0,Municipio Rosario,Municipio,Rosario,820210,Servicio de Catastro e Información Territorial,IGN
2012,2922,2012-03-13,Martes,0.0,19:50:00,,0.0,2,"Moto/Ciclomotor,Otros",BV. SEGUI Y MITRE,2,1,0,0,1,0,0,,Avenida,,ROSARIO,Rosario,Asfalto,No existe,II,Dentro,Urbana,Ninguna,S/D,Intersección,S/D,S/D,Atardecer,S/D,Lateral,S/D,Colisión,S/D,S/D,Ninguna,Sin restricción,POINT (-60.6477426 -32.97883275),"['Bulevar Juan Francisco Seguí', 'Mitre']",2,Bulevar Juan Francisco Seguí; Bartolomé Mitre,-32.97883275,-60.6477426,55.0,538.0,Municipio Rosario,Municipio,Rosario,820210,Servicio de Catastro e Información Territorial,IGN
2012,2923,2012-03-05,Lunes,0.0,20:30:00,,0.0,2,"Moto/Ciclomotor,Otros",SARMIENTO Y 24 DE SETIEMBRE,2,1,0,0,0,0,1,,Calle,,ROSARIO,Rosario,Asfalto,No existe,II,Dentro,Urbana,S/D,S/D,Intersección,S/D,S/D,Nocturna,S/D,Lateral,S/D,Colisión,S/D,S/D,Ninguna,S/D,POINT (-60.6466689 -32.9802135),"['Sarmiento', '24 de Septiembre']",2,Sarmiento; 24 de Septiembre,-32.9802135,-60.6466689,55.0,538.0,Municipio Rosario,Municipio,Rosario,820210,Servicio de Catastro e Información Territorial,IGN
2012,2926,2012-03-14,Miercoles,0.0,17:10:00,,0.0,2,"Moto/Ciclomotor,Otros",MITRE Y GARIBALDI,2,1,0,0,1,0,0,,Calle,,ROSARIO,Rosario,Asfalto,No existe,II,Dentro,Urbana,Ninguna,S/D,Intersección,S/D,S/D,Atardecer,S/D,Lateral,S/D,Colisión,S/D,S/D,Ninguna,Sin restricción,POINT (-60.6495149 -32.985726799999995),"['Mitre', 'José Garibaldi']",2,Bartolomé Mitre; José Garibaldi,-32.985726799999995,-60.6495149,55.0,538.0,Municipio Rosario,Municipio,Rosario,820210,Servicio de Catastro e Información Territorial,IGN
2012,2928,2012-03-15,Jueves,0.0,23:00:00,,0.0,2,"Moto/Ciclomotor,Otros",CORRIENTES Y H. QUINTANA,2,1,0,0,1,0,0,,Calle,,ROSARIO,Rosario,Asfalto,No existe,II,Dentro,Urbana,Ninguna,S/D,Intersección,S/D,S/D,Nocturna,S/D,Lateral,S/D,Colisión,S/D,S/D,Ninguna,Sin restricción,POINT (-60.6514813 -32.9817689),"['Corrientes', 'Quintana']",2,"('Corrientes', 'Presidente Quintana')",-32.9817689,-60.6514813,55.0,538.0,Municipio Rosario,Municipio,Rosario,820210,Servicio de Catastro e Información Territorial,IGN
2012,2929,2012-03-21,Miercoles,0.0,14:10:00,,0.0,2,"Otros,Transporte de Pasajeros Urbano (> 8 asientos)",tucuman y entre rios ,2,1,0,0,1,0,0,,Calle,,ROSARIO,Rosario,Asfalto,No existe,II,Dentro,Urbana,S/D,No existe,Recta,Bueno,Buena,Diurna,Buen Tiempo,Otro,S/D,Caída ocupante,S/D,Faltante,S/D,Sin restricción,POINT (-60.63976250000001 -32.94131529999999),"['Tucumán', 'Entre Ríos']",2,Tucumán; Entre Ríos,-32.94131529999999,-60.63976250000001,55.0,538.0,Municipio Rosario,Municipio,Rosario,820210,Servicio de Catastro e Información Territorial,IGN
2012,2938,2012-03-19,Lunes,0.0,16:30:00,,0.0,2,"Automóvil,Pickup/Utilitario",catamarca e italia,2,1,0,0,1,0,0,,Calle,,ROSARIO,Rosario,Asfalto,No existe,II,Dentro,Urbana,S/D,No existe,Recta,Bueno,Buena,Diurna,Buen Tiempo,Lateral,S/D,Colisión,S/D,Vertical,S/D,Sin restricción,POINT (-60.6463986 -32.938878100000004),"['Catamarca', 'Italia']",2,Catamarca; Italia,-32.938878100000004,-60.6463986,55.0,538.0,Municipio Rosario,Municipio,Rosario,820210,Servicio de Catastro e Información Territorial,IGN
2012,2941,2012-03-19,Lunes,0.0,09:00:00,,0.0,2,"Moto/Ciclomotor,Automóvil",urquiza y moreno,3,2,0,0,1,0,0,,Calle,,ROSARIO,Rosario,Asfalto,No existe,II,Dentro,Urbana,S/D,No existe,Recta,Bueno,Buena,Diurna,Buen Tiempo,Lateral,S/D,Colisión,S/D,Faltante,S/D,Sin restricción,POINT (-60.6497256 -32.940729),"['Urquiza', 'Moreno']",2,Justo José de Urquiza; Mariano Moreno,-32.940729,-60.6497256,55.0,538.0,Municipio Rosario,Municipio,Rosario,820210,Servicio de Catastro e Información Territorial,IGN
2012,2945,2012-03-05,Lunes,0.0,16:15:00,,0.0,2,"Bicicleta,Automóvil",bv. oroño y arijon,2,1,0,0,1,0,0,,Avenida,,ROSARIO,Rosario,Asfalto,No existe,II,Dentro,Urbana,S/D,Funciona,Recta,Bueno,Buena,Diurna,Buen Tiempo,Lateral,S/D,Atropello,S/D,Vertical,S/D,Sin restricción,POINT (-60.6650193 -33.003540599999994),"['Bulevar Nicasio Oroño', 'Avenida Manuel Arijón']",2,Bulevar Nicasio Oroño; Avenida Manuel Arijón,-33.003540599999994,-60.6650193,55.0,538.0,Municipio Rosario,Municipio,Rosario,820210,Servicio de Catastro e Información Territorial,IGN
2012,2947,2012-03-05,Lunes,0.0,11:45:00,,0.0,2,"Bicicleta,Automóvil",bv. oroño y gutierrez,2,1,0,0,1,0,0,,Avenida,,ROSARIO,Rosario,Asfalto,No existe,II,Dentro,Urbana,S/D,Funciona,Intersección,Bueno,Buena,Diurna,Buen Tiempo,Lateral,S/D,Colisión,S/D,S/D,S/D,Sin restricción,POINT (-60.6653076 -32.994528599999995),"['Bulevar Nicasio Oroño', 'Gutierrez']",2,Bulevar Nicasio Oroño; Ricardo Gutierrez,-32.994528599999995,-60.6653076,55.0,538.0,Municipio Rosario,Municipio,Rosario,820210,Servicio de Catastro e Información Territorial,IGN
2012,2948,2012-03-06,Martes,0.0,,,0.0,2,"Moto/Ciclomotor,Pickup/Utilitario",COLON Y GABOTO,3,2,0,0,1,0,0,,Calle,,ROSARIO,Rosario,Asfalto,No existe,II,Dentro,Urbana,Marca Vial,No existe,Intersección,Bueno,Buena,Diurna,S/D,Lateral,S/D,Colisión,S/D,Vertical,Ninguna,Sin restricción,POINT (-60.63230000000001 -32.9756052),"['Colon', 'Gaboto']",2,Cristóbal Colón; Gaboto,-32.9756052,-60.63230000000001,55.0,538.0,Municipio Rosario,Municipio,Rosario,820210,Servicio de Catastro e Información Territorial,IGN
2012,2949,2012-03-07,Miercoles,0.0,19:30:00,,0.0,2,"Moto/Ciclomotor,Automóvil",arijon y rodriguez,3,2,0,0,1,0,0,,Calle,,ROSARIO,Rosario,Asfalto,No existe,II,Dentro,Urbana,S/D,No existe,Recta,Bueno,Buena,Nocturna,Buen Tiempo,Lateral,S/D,Colisión,S/D,Faltante,S/D,Sin restricción,POINT (-60.670217300000004 -33.00366629999999),"['Avenida Manuel Arijón', 'Rodríguez']",2,Avenida Manuel Arijón; Rodríguez de Escobedo,-33.00366629999999,-60.6702173,55.0,538.0,Municipio Rosario,Municipio,Rosario,820210,Servicio de Catastro e Información Territorial,IGN
2012,2950,2012-03-09,Viernes,0.0,21:00:00,,0.0,2,"Moto/Ciclomotor,Automóvil",SAN MARTIN Y GABOTO,2,1,0,0,1,0,0,,Avenida,,ROSARIO,Rosario,Asfalto,Pavimento,II,Dentro,Urbana,Marca Vial,Funciona,Intersección,Bueno,Buena,"Nocturna,Con luz artificial",Buen Tiempo,Lateral,S/D,Colisión,S/D,Vertical,Línea divisoria pintada,Sin restricción,POINT (-60.6434439 -32.9736111),"['San Martin', 'Gaboto']",2,José de San Martín; Gaboto,-32.9736111,-60.6434439,55.0,538.0,Municipio Rosario,Municipio,Rosario,820210,Servicio de Catastro e Información Territorial,IGN
2012,2951,2012-03-08,Jueves,0.0,20:30:00,,0.0,2,"Moto/Ciclomotor,Automóvil",av. rosario y bv. oroño,2,1,0,0,1,0,0,,Avenida,,ROSARIO,Rosario,Asfalto,No existe,II,Dentro,Urbana,S/D,Funciona,Intersección,Bueno,Buena,Nocturna,Buen Tiempo,Lateral,S/D,Colisión,S/D,Vertical,S/D,Sin restricción,POINT (-60.665137900000005 -33.000583799999994),"['Rosario', 'Bulevar Nicasio Oroño']",2,Puente Nuestra Señora del Rosario; Bulevar Nicasio Oroño,-33.000583799999994,-60.665137900000005,55.0,538.0,Municipio Rosario,Municipio,Rosario,820210,Servicio de Catastro e Información Territorial,IGN
2012,2954,2012-03-08,Jueves,0.0,14:35:00,,0.0,2,"Moto/Ciclomotor,Pickup/Utilitario",BV. SEGUI Y BUENOS AIRES,2,1,0,0,1,0,0,,Avenida,,ROSARIO,Rosario,Asfalto,Pavimento,II,Dentro,Urbana,Marca Vial,No existe,Intersección,Bueno,Buena,Diurna,Buen Tiempo,Lateral,S/D,Colisión,Agua,Vertical,Vegetación,Sin restricción,POINT (-60.640923400000005 -32.98006374999999),"['Bulevar Juan Francisco Seguí', 'Buenos Aires']",2,Bulevar Juan Francisco Seguí; Buenos Aires,-32.98006374999999,-60.640923400000005,55.0,538.0,Municipio Rosario,Municipio,Rosario,820210,Servicio de Catastro e Información Territorial,IGN
2012,2955,2012-03-09,Viernes,0.0,18:35:00,,0.0,2,"Moto/Ciclomotor,Automóvil",DEAN FUNES Y MAIPU,2,1,0,0,1,0,0,,Calle,,ROSARIO,Rosario,Asfalto,No existe,II,Dentro,Urbana,Marca Vial,No existe,Intersección,Bueno,Buena,Diurna,Buen Tiempo,Lateral,S/D,Colisión,S/D,Vertical,Ninguna,Sin restricción,POINT (-60.6427558 -32.97615029999999),"['Deán Gregorio Funes', 'Maipú']",2,Deán Gregorio Funes; Maipú,-32.97615029999999,-60.6427558,55.0,538.0,Municipio Rosario,Municipio,Rosario,820210,Servicio de Catastro e Información Territorial,IGN
2012,2961,2012-03-17,Sabado,0.0,03:30:00,,0.0,2,"Moto/Ciclomotor,Otros",DEAN FUNES Y SAN MARTIN,2,1,0,0,1,0,0,,Calle,,ROSARIO,Rosario,Asfalto,No existe,II,Dentro,Urbana,S/D,S/D,Intersección,S/D,S/D,Nocturna,S/D,Lateral,S/D,Colisión,S/D,S/D,Ninguna,Sin restricción,POINT (-60.6440372 -32.97592170000001),"['Deán Gregorio Funes', 'San Martin']",2,Deán Gregorio Funes; José de San Martín,-32.97592170000001,-60.6440372,55.0,538.0,Municipio Rosario,Municipio,Rosario,820210,Servicio de Catastro e Información Territorial,IGN
2012,2962,2012-03-17,Sabado,0.0,22:00:00,,0.0,2,"Moto/Ciclomotor,Otros",SAN MARTIN Y GABOTO,2,1,0,0,1,0,0,,Avenida,,ROSARIO,Rosario,Asfalto,No existe,II,Dentro,Urbana,S/D,S/D,Intersección,S/D,S/D,Nocturna,S/D,Lateral,S/D,Colisión,S/D,S/D,Ninguna,Sin restricción,POINT (-60.6434439 -32.9736111),"['San Martin', 'Gaboto']",2,José de San Martín; Gaboto,-32.9736111,-60.6434439,55.0,538.0,Municipio Rosario,Municipio,Rosario,820210,Servicio de Catastro e Información Territorial,IGN
2012,2963,2012-03-19,Lunes,0.0,10:20:00,,0.0,2,"Moto/Ciclomotor,Otros",PTE. ROCA Y GARIBALDI,2,1,0,0,1,0,0,,Calle,,ROSARIO,Rosario,Asfalto,No existe,II,Dentro,Urbana,S/D,S/D,Intersección,S/D,S/D,Diurna,S/D,Lateral,S/D,Colisión,S/D,S/D,Ninguna,Sin restricción,POINT (-60.655083000000005 -32.9847394),"['Roca', 'José Garibaldi']",2,Presidente Roca; José Garibaldi,-32.9847394,-60.655083000000005,55.0,538.0,Municipio Rosario,Municipio,Rosario,820210,Servicio de Catastro e Información Territorial,IGN
2012,2965,2012-03-20,Martes,0.0,08:30:00,,0.0,2,"Moto/Ciclomotor,Otros",CALLAO Y GARAY,2,1,0,0,1,0,0,,S/D,,ROSARIO,Rosario,Asfalto,No existe,II,S/D,S/D,S/D,S/D,Intersección,S/D,S/D,Diurna,S/D,Lateral,S/D,Colisión,S/D,S/D,Ninguna,Sin restricción,POINT (-60.667149 -32.970576200000004),"['Callao', 'Garay']",2,Callao; Juan de Garay,-32.970576200000004,-60.667149,55.0,538.0,Municipio Rosario,Municipio,Rosario,820210,Servicio de Catastro e Información Territorial,IGN
2012,2966,2012-03-20,Martes,0.0,11:30:00,,0.0,2,"Bicicleta,Otros",BV. OROÑO Y 24 DE SEPTIEMBRE,2,1,0,0,1,0,0,,Calle,,ROSARIO,Rosario,Asfalto,No existe,II,Dentro,Urbana,Ninguna,S/D,Intersección,S/D,S/D,Diurna,S/D,Otro,S/D,Atropello,S/D,S/D,Ninguna,Sin restricción,POINT (-60.6618182 -32.9775439),"['Bulevar Nicasio Oroño', '24 de Septiembre']",2,Bulevar Nicasio Oroño; 24 de Septiembre,-32.9775439,-60.6618182,55.0,538.0,Municipio Rosario,Municipio,Rosario,820210,Servicio de Catastro e Información Territorial,IGN
2012,2967,2012-03-21,Miercoles,0.0,18:50:00,,0.0,2,"Taxi/Remis,Otros",AV. JORGE CURA Y BV. OROÑO,2,1,0,0,1,0,0,,Avenida,,ROSARIO,Rosario,Asfalto,No existe,II,Dentro,Urbana,S/D,S/D,Intersección,S/D,S/D,Atardecer,S/D,Lateral,S/D,Colisión,S/D,S/D,Ninguna,Sin restricción,POINT (-60.6603234 -32.971199399999996),"['Avenida Jorge Cura', 'Bulevar Nicasio Oroño']",2,Avenida Jorge Cura; Bulevar Nicasio Oroño,-32.9711994,-60.6603234,55.0,538.0,Municipio Rosario,Municipio,Rosario,820210,Servicio de Catastro e Información Territorial,IGN
2012,2968,2012-03-21,Miercoles,0.0,13:25:00,,0.0,2,"Moto/Ciclomotor,Otros",24 DE SEPTIEMBRE Y ENTRE RIOS,2,1,0,0,1,0,0,,Calle,,ROSARIO,Rosario,Asfalto,No existe,II,Dentro,Urbana,S/D,S/D,Intersección,S/D,S/D,Diurna,S/D,Lateral,S/D,Colisión,S/D,S/D,Ninguna,Sin restricción,POINT (-60.6494421 -32.97972499999999),"['24 de Septiembre', 'Entre Ríos']",2,24 de Septiembre; Entre Ríos,-32.97972499999999,-60.6494421,55.0,538.0,Municipio Rosario,Municipio,Rosario,820210,Servicio de Catastro e Información Territorial,IGN
2012,2969,2012-03-22,Jueves,0.0,08:20:00,,0.0,2,"Bicicleta,Otros",REGIMIENTO 11 Y PARAGUAY,2,1,0,0,1,0,0,,Calle,,ROSARIO,Rosario,Asfalto,No existe,II,Dentro,Urbana,S/D,S/D,Intersección,S/D,S/D,Diurna,S/D,Otro,S/D,Atropello,S/D,S/D,Ninguna,Sin restricción,POINT (-60.65487370000001 -32.998976199999994),"['Regimiento 11', 'Paraguay']",2,Regimiento 11; Paraguay,-32.998976199999994,-60.65487370000001,55.0,538.0,Municipio Rosario,Municipio,Rosario,820210,Servicio de Catastro e Información Territorial,IGN
2012,2970,2012-03-22,Jueves,0.0,17:00:00,,0.0,2,"Moto/Ciclomotor,Otros",CALLAO Y COULIN,2,1,0,0,1,0,0,,Calle,,ROSARIO,Rosario,Asfalto,No existe,II,Dentro,Urbana,S/D,S/D,Intersección,S/D,S/D,Atardecer,S/D,Lateral,S/D,Colisión,S/D,S/D,Ninguna,Sin restricción,POINT (-60.6715397 -32.98774819999999),"['Callao', 'Coulin']",2,Callao; Coulin,-32.98774819999999,-60.6715397,55.0,538.0,Municipio Rosario,Municipio,Rosario,820210,Servicio de Catastro e Información Territorial,IGN
2012,2971,2012-03-22,Jueves,0.0,21:00:00,,0.0,2,"Automóvil,Otros",SAN MARTIN Y ESTADO DE ISRAEL,2,1,0,0,1,0,0,,Calle,,ROSARIO,Rosario,Asfalto,No existe,II,Dentro,Urbana,S/D,S/D,Intersección,S/D,S/D,Nocturna,S/D,Lateral,S/D,Colisión,S/D,S/D,Ninguna,Sin restricción,POINT (-60.64694925 -32.991824199999996),"['San Martin', 'Estado de Israel']",2,José de San Martín; Estado de Israel,-32.9918242,-60.64694925,55.0,538.0,Municipio Rosario,Municipio,Rosario,820210,Servicio de Catastro e Información Territorial,IGN