anio_acci,nro_acci,fecha,desc_dia,fecha_aprox,hora_aprox,desc_ruta,km,cant_participantes,desc_participante,calle_avenida_km,total,heridos_leves,heridos_graves,heridos_gravisimos,ilesos,fallecidos,sin_datos,posicion_XY,desc_tipo_via,desc_ruta_ori,desc_loc,desc_dpto,desc_tipo_calzada,desc_tipo_banquina,desc_unidad_regional,desc_lugar_calzada,desc_zona,desc_prioridad,desc_estado_semaforo,desc_lugar_via,desc_estado_via,desc_estado_visibilidad,desc_luminosidad,desc_estado_clima,desc_tipo_colision,desc_tipo_atropello,desc_tipo_hecho,desc_pres_calzada,desc_senializacion,desc_separacion_via,desc_restriccion,forma_geocod,calle_lista,numero_calles,calles_osm,lat,lon,index_right,gid,fna,gna,nam,in1,fdc,sag
2012,3033,2012-03-31,Sabado,0.0,21:50:00,,0.0,2,"Moto/Ciclomotor,Automóvil",BATLE Y ORDOÑEZ Y PARAGUAY,2,1,0,0,1,0,0,,Calle,,ROSARIO,Rosario,Asfalto,S/D,II,Dentro,Urbana,S/D,No existe,Intersección,S/D,S/D,Nocturna,S/D,S/D,S/D,S/D,S/D,S/D,S/D,S/D,POINT (-60.65444640000001 -33.0090283),"['Avenida Battle y Ordoñez', 'Paraguay']",2,Avenida Battle y Ordoñez; Paraguay,-33.0090283,-60.65444640000001,55.0,538.0,Municipio Rosario,Municipio,Rosario,820210,Servicio de Catastro e Información Territorial,IGN
2012,3035,2012-03-22,Jueves,0.0,09:15:00,,0.0,2,"Automóvil,Automóvil",av. arijon y bv. oroño,2,1,0,0,1,0,0,,Avenida,,ROSARIO,Rosario,Asfalto,No existe,II,Dentro,Urbana,S/D,Funciona,Intersección,Bueno,Buena,Diurna,Buen Tiempo,De alcance,S/D,Colisión,S/D,Vertical,Cordón divisorio,Sin restricción,POINT (-60.6650193 -33.003540599999994),"['Avenida Manuel Arijón', 'Bulevar Nicasio Oroño']",2,Avenida Manuel Arijón; Bulevar Nicasio Oroño,-33.003540599999994,-60.6650193,55.0,538.0,Municipio Rosario,Municipio,Rosario,820210,Servicio de Catastro e Información Territorial,IGN
2012,3036,2012-03-31,Sabado,0.0,23:50:00,,0.0,2,"Bicicleta,Pickup/Utilitario",ARIJON Y FLAMMARION,2,1,0,0,1,0,0,,Calle,,ROSARIO,Rosario,Asfalto,S/D,II,Dentro,Urbana,S/D,S/D,Intersección,Deteriorada,S/D,S/D,S/D,Otro,S/D,Atropello,S/D,S/D,S/D,S/D,POINT (-60.654500199999994 -33.003224200000005),"['Avenida Manuel Arijón', 'Camilo Flammarion']",2,Avenida Manuel Arijón; Camilo Flammarion,-33.003224200000005,-60.6545002,55.0,538.0,Municipio Rosario,Municipio,Rosario,820210,Servicio de Catastro e Información Territorial,IGN
2012,3038,2012-03-23,Viernes,0.0,09:00:00,,0.0,2,"Moto/Ciclomotor,Pickup/Utilitario",bv. ordoñez y moreno,2,1,0,0,1,0,0,,Avenida,,ROSARIO,Rosario,Asfalto,No existe,II,Dentro,Urbana,S/D,No existe,Recta,Bueno,Buena,Diurna,Buen Tiempo,Lateral,S/D,Colisión,S/D,Faltante,S/D,Sin restricción,POINT (-60.661635649999994 -33.0093064),"['Avenida Battle y Ordoñez', 'Moreno']",2,Avenida Battle y Ordoñez; Mariano Moreno,-33.0093064,-60.66163565,55.0,538.0,Municipio Rosario,Municipio,Rosario,820210,Servicio de Catastro e Información Territorial,IGN
2012,3040,2012-03-01,Jueves,0.0,17:00:00,,0.0,2,"Peatón,Automóvil",SANTA FE Y CAFFERATA,3,1,0,0,2,0,0,,Calle,,ROSARIO,Rosario,Asfalto,No existe,II,Dentro,Urbana,Semáforo,Funciona,Recta,Bueno,Buena,Atardecer,Buen Tiempo,Otro,S/D,Atropello,S/D,Horizontal,Ninguna,Sin restricción,POINT (-60.67063869999999 -32.939213),"['Santa Fe', 'Cafferata']",2,Santa Fe; Cafferata,-32.939213,-60.67063869999999,55.0,538.0,Municipio Rosario,Municipio,Rosario,820210,Servicio de Catastro e Información Territorial,IGN
2012,3042,2012-03-11,Domingo,0.0,16:30:00,,0.0,2,"Moto/Ciclomotor,Automóvil",BV. OROÑO Y ARIJON,3,2,0,0,1,0,0,,Avenida,,ROSARIO,Rosario,Asfalto,No existe,II,Dentro,Urbana,Semáforo,Funciona,Intersección,Bueno,Buena,Diurna,Buen Tiempo,Lateral,S/D,Colisión,S/D,Vertical,Cordón divisorio,Sin restricción,POINT (-60.6650193 -33.003540599999994),"['Bulevar Nicasio Oroño', 'Avenida Manuel Arijón']",2,Bulevar Nicasio Oroño; Avenida Manuel Arijón,-33.003540599999994,-60.6650193,55.0,538.0,Municipio Rosario,Municipio,Rosario,820210,Servicio de Catastro e Información Territorial,IGN
2012,3044,2012-03-03,Sabado,0.0,12:30:00,,0.0,2,"Bicicleta,Pickup/Utilitario",BV.OROÑO Y LAMADRID,2,1,0,0,1,0,0,,Avenida,,ROSARIO,Rosario,Asfalto,No existe,II,Dentro,Urbana,Semáforo,Funciona,Intersección,Bueno,Buena,Diurna,Buen Tiempo,S/D,S/D,Atropello,S/D,Vertical,Barrera de hormigón,Sin restricción,POINT (-60.66524270000001 -32.9976152),"['Bulevar Nicasio Oroño', 'Lamadrid']",2,Bulevar Nicasio Oroño; Gregorio Aráoz de Lamadrid,-32.9976152,-60.66524270000001,55.0,538.0,Municipio Rosario,Municipio,Rosario,820210,Servicio de Catastro e Información Territorial,IGN
2012,3045,2012-03-01,Jueves,0.0,,,0.0,1,Moto/Ciclomotor,casilda y m. aguetta,2,1,1,0,0,0,0,,Calle,,ROSARIO,Rosario,Asfalto,No existe,II,Dentro,Urbana,S/D,No existe,S/D,S/D,Buena,Diurna,Buen Tiempo,Frontal,S/D,S/D,Otro,S/D,S/D,Sin restricción,POINT (-60.7002708 -32.928780499999995),"['Casilda', 'Teniente Agneta']",2,Casilda; Teniente Agneta,-32.928780499999995,-60.7002708,55.0,538.0,Municipio Rosario,Municipio,Rosario,820210,Servicio de Catastro e Información Territorial,IGN
2012,3046,2012-03-01,Jueves,0.0,17:40:00,,0.0,2,"Automóvil,Automóvil",SANTA FE Y SUIPACHA,3,2,0,0,1,0,0,,Calle,,ROSARIO,Rosario,Asfalto,No existe,II,S/D,Urbana,Semáforo,Funciona,Recta,Bueno,Buena,Atardecer,Buen Tiempo,Frontal,S/D,Colisión,S/D,S/D,Ninguna,Sin restricción,POINT (-60.6638496 -32.94044770000001),"['Santa Fe', 'Suipacha']",2,Santa Fe; Suipacha,-32.94044770000001,-60.6638496,55.0,538.0,Municipio Rosario,Municipio,Rosario,820210,Servicio de Catastro e Información Territorial,IGN
2012,3047,2012-03-03,Sabado,0.0,18:30:00,,0.0,2,"Moto/Ciclomotor,Automóvil",TUCUMAN Y CALLAO,2,1,0,0,1,0,0,,Calle,,ROSARIO,Rosario,Asfalto,No existe,II,S/D,Urbana,Ninguna,No existe,Recta,Bueno,Buena,Diurna,Buen Tiempo,Frontal,S/D,Colisión,S/D,Horizontal,Ninguna,Sin restricción,POINT (-60.65895690000001 -32.93787960000001),"['Tucumán', 'Callao']",2,Tucumán; Callao,-32.93787960000001,-60.65895690000001,55.0,538.0,Municipio Rosario,Municipio,Rosario,820210,Servicio de Catastro e Información Territorial,IGN
2012,3048,2012-03-03,Sabado,0.0,12:00:00,,0.0,2,"Moto/Ciclomotor,Pickup/Utilitario",BV. OROÑO Y PASAJE PATRIA,2,1,0,0,1,0,0,,Avenida,,ROSARIO,Rosario,Asfalto,No existe,II,Dentro,Urbana,Semáforo,Funciona,Recta,Bueno,Buena,Diurna,Buen Tiempo,Lateral,S/D,Colisión,S/D,Vertical,Barrera de hormigón,Sin restricción,POINT (-60.66515905 -32.99994715),"['Bulevar Nicasio Oroño', 'Patria']",2,Bulevar Nicasio Oroño; Patria,-32.99994715,-60.66515905,55.0,538.0,Municipio Rosario,Municipio,Rosario,820210,Servicio de Catastro e Información Territorial,IGN
2012,3050,2012-03-29,Jueves,0.0,18:00:00,,0.0,2,"Moto/Ciclomotor,Automóvil",PACHECO 400,3,2,0,0,1,0,0,,Calle,,ROSARIO,Rosario,Asfalto,Pavimento,II,S/D,Urbana,Ninguna,No existe,Recta,Bueno,Buena,Diurna,Buen Tiempo,Otro,S/D,Colisión,S/D,S/D,S/D,S/D,"-32.909568, -60.6925287",['Pacheco 400'],1,Pacheco 400,-32.909568,-60.6925287,55.0,538.0,Municipio Rosario,Municipio,Rosario,820210,Servicio de Catastro e Información Territorial,IGN
2012,3051,2012-03-07,Miercoles,0.0,16:30:00,,0.0,2,"Moto/Ciclomotor,Taxi/Remis",FELIPE MORE Y MONTEVIDEO,2,1,0,0,1,0,0,,Calle,,ROSARIO,Rosario,Asfalto,No existe,II,Dentro,Urbana,Ninguna,No existe,Intersección,Bueno,Buena,Diurna,Buen Tiempo,Frontal,S/D,Colisión,S/D,S/D,Línea divisoria pintada,Sin restricción,POINT (-60.69347770000001 -32.94695349999999),"['Felipe Moré', 'Montevideo']",2,Felipe Moré; Montevideo,-32.94695349999999,-60.69347770000001,55.0,538.0,Municipio Rosario,Municipio,Rosario,820210,Servicio de Catastro e Información Territorial,IGN
2012,3053,2012-03-07,Miercoles,0.0,03:50:00,,0.0,2,"Pickup/Utilitario,Automóvil",SANTA FE Y OV. LAGOS,2,2,0,0,0,0,0,,Calle,,ROSARIO,Rosario,Asfalto,No existe,II,S/D,Urbana,Semáforo,Funciona,Recta,Bueno,Buena,Nocturna,Buen Tiempo,Frontal,S/D,Colisión,S/D,S/D,Ninguna,Sin restricción,POINT (-60.661118 -32.94092100000001),"['Santa Fe', 'Avenida Ovidio Lagos']",2,Santa Fe; Avenida Ovidio Lagos,-32.94092100000001,-60.661118,55.0,538.0,Municipio Rosario,Municipio,Rosario,820210,Servicio de Catastro e Información Territorial,IGN
2012,3055,2012-03-15,Jueves,0.0,07:25:00,,0.0,2,"Moto/Ciclomotor,Automóvil",PUEYRREDON Y SANTA FE,2,1,0,0,1,0,0,,Calle,,ROSARIO,Rosario,Asfalto,No existe,II,S/D,Urbana,Semáforo,Funciona,Recta,Bueno,Buena,Amanecer,Buen Tiempo,Frontal,S/D,Colisión,S/D,Horizontal,Ninguna,Sin restricción,POINT (-60.657033000000006 -32.9416413),"['Pueyrredón', 'Santa Fe']",2,Pueyrredón; Santa Fe,-32.9416413,-60.657033000000006,55.0,538.0,Municipio Rosario,Municipio,Rosario,820210,Servicio de Catastro e Información Territorial,IGN
2012,3065,2012-03-08,Jueves,0.0,15:45:00,,0.0,2,"Taxi/Remis,Pickup/Utilitario",COLOMBIA Y PEREZ BULNES,3,2,0,0,1,0,0,,S/D,,ROSARIO,Rosario,Asfalto,No existe,II,Dentro,Urbana,Ninguna,No existe,Intersección,Bueno,Buena,Diurna,Buen Tiempo,Frontal,S/D,Colisión,S/D,S/D,Línea divisoria pintada,Sin restricción,POINT (-60.71601210000001 -32.9425629),"['Colombia', 'Pérez Bulnes']",2,Colombia; Pérez Bulnes,-32.9425629,-60.71601210000001,55.0,538.0,Municipio Rosario,Municipio,Rosario,820210,Servicio de Catastro e Información Territorial,IGN
2012,3066,2012-03-09,Viernes,0.0,,,0.0,1,Taxi/Remis,EVA PERON 6500,2,1,0,0,1,0,0,,Avenida,,ROSARIO,Rosario,Asfalto,No existe,II,Dentro,Urbana,Ninguna,No existe,Recta,Bueno,Buena,S/D,Buen Tiempo,Otro,S/D,Colisión,S/D,S/D,Barrera de hormigón,Sin restricción,"-32.9333424, -60.7104722",['Eva Peron 6500'],1,Eva Peron 6500,-32.9333424,-60.7104722,55.0,538.0,Municipio Rosario,Municipio,Rosario,820210,Servicio de Catastro e Información Territorial,IGN
2012,3067,2012-03-09,Viernes,0.0,19:30:00,,0.0,2,"Taxi/Remis,Pickup/Utilitario",CAMILOALDAO Y MONTEVIDEO,2,1,0,0,1,0,0,,Calle,,ROSARIO,Rosario,Asfalto,No existe,II,Dentro,Urbana,Señal Ceda el Paso,S/D,Intersección,Bueno,S/D,S/D,Buen Tiempo,Frontal,S/D,Colisión,S/D,Faltante,Línea divisoria pintada,Sin restricción,POINT (-60.69569899999999 -32.947011399999994),"['Camilo Aldao', 'Montevideo']",2,Camilo Aldao; Montevideo,-32.947011399999994,-60.69569899999999,55.0,538.0,Municipio Rosario,Municipio,Rosario,820210,Servicio de Catastro e Información Territorial,IGN
2012,3068,2012-03-09,Viernes,0.0,15:45:00,,0.0,2,"Pickup/Utilitario,Automóvil",EVA PERON 5800,2,1,0,0,1,0,0,,Calle,,ROSARIO,Rosario,Asfalto,Pavimento,II,Dentro,Urbana,Ninguna,No existe,Recta,Bueno,Buena,Diurna,Buen Tiempo,Lateral,S/D,Colisión,S/D,S/D,Cordón divisorio,Sin restricción,"-32.9332358, -60.7119331",['Eva Peron 5800'],1,Eva Peron 5800,-32.9332358,-60.7119331,55.0,538.0,Municipio Rosario,Municipio,Rosario,820210,Servicio de Catastro e Información Territorial,IGN
2012,3069,2012-03-09,Viernes,0.0,,,0.0,2,"Moto/Ciclomotor,Moto/Ciclomotor",fraga y gandhi,2,1,0,0,0,0,1,,Calle,,ROSARIO,Rosario,S/D,S/D,II,Dentro,Urbana,S/D,S/D,S/D,S/D,S/D,S/D,S/D,S/D,S/D,S/D,S/D,S/D,S/D,S/D,POINT (-60.7108839 -32.9254086),"['Fraga', 'Gandhi']",2,Rosendo María Fraga; Mahatma Gandhi,-32.9254086,-60.7108839,55.0,538.0,Municipio Rosario,Municipio,Rosario,820210,Servicio de Catastro e Información Territorial,IGN
2012,3070,2012-03-10,Sabado,0.0,,,0.0,1,Automóvil,SAN JUAN Y LINIERS,2,1,0,0,1,0,0,,Calle,,ROSARIO,Rosario,Asfalto,No existe,II,Dentro,Urbana,Semáforo,Funciona,Intersección,Bueno,Buena,S/D,Buen Tiempo,Contra objeto fijo,S/D,Colisión,S/D,S/D,Línea divisoria pintada,Sin restricción,POINT (-60.69850040000001 -32.94073039999999),"['San Juan', 'Liniers']",2,San Juan; Liniers,-32.94073039999999,-60.69850040000001,55.0,538.0,Municipio Rosario,Municipio,Rosario,820210,Servicio de Catastro e Información Territorial,IGN
2012,3071,2012-03-10,Sabado,0.0,19:30:00,,0.0,2,"Automóvil,Moto/Ciclomotor",ECUADOR Y RIOBAMBA,3,1,0,0,2,0,0,,Calle,,ROSARIO,Rosario,Asfalto,No existe,II,Dentro,Urbana,Señal Ceda el Paso,No existe,Intersección,Bueno,Buena,"Diurna,Con luz artificial",Buen Tiempo,Frontal,S/D,Colisión,S/D,S/D,Línea divisoria pintada,Sin restricción,POINT (-60.71438869999999 -32.95459609999999),"['Ecuador', 'Riobamba']",2,Ecuador; Riobamba,-32.95459609999999,-60.71438869999999,55.0,538.0,Municipio Rosario,Municipio,Rosario,820210,Servicio de Catastro e Información Territorial,IGN
2012,3072,2012-03-11,Domingo,0.0,16:00:00,,0.0,2,"Moto/Ciclomotor,Moto/Ciclomotor",MATIENZO Y COCHABAMBA,3,2,0,0,1,0,0,,S/D,,ROSARIO,Rosario,Asfalto,No existe,II,Dentro,Urbana,Ninguna,No existe,Intersección,Bueno,Buena,Diurna,Buen Tiempo,Frontal,S/D,S/D,S/D,S/D,Línea divisoria pintada,Sin restricción,POINT (-60.6943548 -32.949321700000006),"['Matienzo', 'Cochabamba']",2,Benjamín Matienzo; Cochabamba,-32.949321700000006,-60.6943548,55.0,538.0,Municipio Rosario,Municipio,Rosario,820210,Servicio de Catastro e Información Territorial,IGN
2012,3074,2012-03-13,Martes,0.0,05:40:00,,0.0,2,"Automóvil,Automóvil",PROVINCIAS UNIDAS Y PELLEGRINI,2,1,0,0,1,0,0,,Avenida,,ROSARIO,Rosario,Asfalto,No existe,II,Dentro,Urbana,Semáforo,Funciona,Intersección,Bueno,Buena,"Nocturna,Con luz artificial",Buen Tiempo,Lateral,S/D,Colisión,S/D,S/D,Cordón divisorio,Sin restricción,POINT (-60.71226145000001 -32.948578),"['Avenida Provincias Unidas', 'Pellegrini']",2,Avenida Provincias Unidas; Avenida Carlos Pellegrini,-32.948578,-60.71226145000001,55.0,538.0,Municipio Rosario,Municipio,Rosario,820210,Servicio de Catastro e Información Territorial,IGN
2012,3075,2012-03-12,Lunes,0.0,12:00:00,,0.0,1,Moto/Ciclomotor,solis y gorriti,1,1,0,0,0,0,0,,Calle,,ROSARIO,Rosario,Asfalto,S/D,II,Dentro,Urbana,S/D,No existe,Intersección,Bueno,Buena,Diurna,Buen Tiempo,Frontal,S/D,Colisión,S/D,S/D,Cordón divisorio,Sin restricción,POINT (-60.70404950000001 -32.92411169999999),"['Solis', 'Gorriti']",2,Juan Díaz de Solís; Gorriti,-32.92411169999999,-60.70404950000001,55.0,538.0,Municipio Rosario,Municipio,Rosario,820210,Servicio de Catastro e Información Territorial,IGN
2012,3076,2012-03-14,Miercoles,0.0,15:00:00,,0.0,2,"Moto/Ciclomotor,Automóvil",PEDRO LINO FUNES 2100,3,1,0,0,2,0,0,,Calle,,ROSARIO,Rosario,Asfalto,S/D,II,Dentro,Urbana,Ninguna,S/D,Recta,Bueno,Buena,S/D,Buen Tiempo,Frontal,S/D,Colisión,S/D,Faltante,Línea divisoria pintada,Sin restricción,"-32.9528546, -60.7007861",['Pedro Lino Funes 2100'],1,Pedro Lino Funes 2100,-32.9528546,-60.7007861,55.0,538.0,Municipio Rosario,Municipio,Rosario,820210,Servicio de Catastro e Información Territorial,IGN
2012,3077,2012-03-12,Lunes,0.0,19:40:00,,0.0,2,"Automóvil,Moto/Ciclomotor",p. lino funes y junin,2,1,0,0,1,0,0,,Calle,,ROSARIO,Rosario,Asfalto,S/D,II,Dentro,Urbana,S/D,S/D,Intersección,Bueno,S/D,S/D,Buen Tiempo,Lateral,S/D,Colisión,S/D,Faltante,Línea divisoria pintada,Sin restricción,POINT (-60.7017097 -32.9272789),"['Pedro Lino Funes', 'Junín']",2,Pedro Lino Funes; Junín,-32.9272789,-60.7017097,55.0,538.0,Municipio Rosario,Municipio,Rosario,820210,Servicio de Catastro e Información Territorial,IGN
2012,3078,2012-03-14,Miercoles,0.0,14:45:00,,0.0,2,"Camión,Automóvil",MENDOZA 5100,3,1,0,0,2,0,0,,S/D,,ROSARIO,Rosario,Asfalto,No existe,II,Dentro,Urbana,Ninguna,No existe,Recta,Bueno,Buena,Diurna,Buen Tiempo,Frontal,S/D,Colisión,S/D,S/D,Línea divisoria pintada,Sin restricción,"-32.9417783, -60.6935287",['Mendoza 5100'],1,Mendoza 5100,-32.9417783,-60.6935287,55.0,538.0,Municipio Rosario,Municipio,Rosario,820210,Servicio de Catastro e Información Territorial,IGN
2012,3079,2012-03-17,Sabado,0.0,18:30:00,,0.0,2,"Moto/Ciclomotor,Otros",CARDUBA Y BARRA,1,1,0,0,0,0,0,,Calle,,ROSARIO,Rosario,Asfalto,No existe,II,S/D,S/D,Ninguna,No existe,Intersección,Bueno,S/D,Atardecer,Buen Tiempo,Lateral,S/D,Colisión,S/D,S/D,Cordón divisorio,Sin restricción,POINT (-60.70707305 -32.934056049999995),"['Eva Perón', 'Barra']",2,Avenida Eva Perón; Barraco,-32.934056049999995,-60.70707305,55.0,538.0,Municipio Rosario,Municipio,Rosario,820210,Servicio de Catastro e Información Territorial,IGN
2012,3080,2012-03-18,Domingo,0.0,12:00:00,,0.0,2,"Moto/Ciclomotor,Automóvil",PELLEGRINI Y F. MORE,3,2,0,0,1,0,0,,Calle,,ROSARIO,Rosario,Asfalto,No existe,II,Dentro,Urbana,Semáforo,Funciona,Intersección,Bueno,Buena,Diurna,Buen Tiempo,Lateral,S/D,Colisión,S/D,S/D,Cordón divisorio,Sin restricción,POINT (-60.69342855000001 -32.94809525),"['Pellegrini', 'Felipe Moré']",2,Avenida Carlos Pellegrini; Felipe Moré,-32.94809525,-60.69342855000001,55.0,538.0,Municipio Rosario,Municipio,Rosario,820210,Servicio de Catastro e Información Territorial,IGN
2012,3081,2012-03-15,Jueves,0.0,,,0.0,2,"Automóvil,Moto/Ciclomotor",valparaiso y uruguay,2,1,0,0,0,0,1,,Calle,,ROSARIO,Rosario,Asfalto,S/D,II,Dentro,Urbana,S/D,S/D,Intersección,Bueno,S/D,S/D,Buen Tiempo,Lateral,S/D,Colisión,S/D,S/D,S/D,Sin restricción,POINT (-60.689462 -32.9689274),"['Valparaíso', 'Uruguay']",2,Valparaíso; Uruguay,-32.9689274,-60.689462,55.0,538.0,Municipio Rosario,Municipio,Rosario,820210,Servicio de Catastro e Información Territorial,IGN
2012,3082,2012-03-22,Jueves,0.0,21:00:00,,0.0,2,"Moto/Ciclomotor,Automóvil",junin y peru,2,1,0,0,0,0,1,,Calle,,ROSARIO,Rosario,Asfalto,S/D,II,Dentro,Urbana,S/D,S/D,Intersección,Bueno,S/D,S/D,Buen Tiempo,Lateral,S/D,Colisión,S/D,Faltante,S/D,S/D,POINT (-60.711961499999994 -32.927547299999986),"['Junín', 'Peru']",2,Junín; Perú,-32.927547299999986,-60.7119615,55.0,538.0,Municipio Rosario,Municipio,Rosario,820210,Servicio de Catastro e Información Territorial,IGN
2012,3083,2012-03-19,Lunes,0.0,12:00:00,,0.0,2,"Automóvil,Moto/Ciclomotor",BARRA Y SANTA FE,2,1,0,0,1,0,0,,Calle,,ROSARIO,Rosario,Asfalto,No existe,II,Dentro,Urbana,Ninguna,No existe,S/D,Bueno,Buena,Diurna,Buen Tiempo,Lateral,S/D,Colisión,S/D,S/D,S/D,S/D,POINT (-60.7070068 -32.9355509),"['Barra', 'Santa Fe']",2,Barraco; Santa Fe,-32.9355509,-60.7070068,55.0,538.0,Municipio Rosario,Municipio,Rosario,820210,Servicio de Catastro e Información Territorial,IGN
2012,3086,2012-03-19,Lunes,0.0,12:00:00,,0.0,2,"Automóvil,Moto/Ciclomotor",PROVINCIAS UNIDAS E ITUZAINGO,3,2,0,0,1,0,0,,Calle,,ROSARIO,Rosario,Asfalto,No existe,II,Dentro,Urbana,Ninguna,No existe,Intersección,Bueno,Buena,Diurna,Buen Tiempo,Lateral,S/D,Colisión,S/D,S/D,Cordón divisorio,S/D,POINT (-60.712099249999994 -32.95218625),"['Avenida Provincias Unidas', 'Ituzaingó']",2,Avenida Provincias Unidas; Ituzaingó,-32.95218625,-60.71209925,55.0,538.0,Municipio Rosario,Municipio,Rosario,820210,Servicio de Catastro e Información Territorial,IGN
2012,3091,2012-03-21,Miercoles,0.0,12:00:00,,0.0,2,"Automóvil,Bicicleta",CERRITO Y CULLEN,2,1,0,0,1,0,0,,Calle,,ROSARIO,Rosario,Asfalto,No existe,II,Dentro,Urbana,S/D,No existe,Intersección,Bueno,Buena,Diurna,Buen Tiempo,Lateral,S/D,Colisión,S/D,S/D,Ninguna,Sin restricción,POINT (-60.70858260000001 -32.953244399999996),"['Cerrito', 'Cullen']",2,Cerrito; Cullen,-32.9532444,-60.70858260000001,55.0,538.0,Municipio Rosario,Municipio,Rosario,820210,Servicio de Catastro e Información Territorial,IGN
2012,3093,2012-03-22,Jueves,0.0,10:30:00,,0.0,2,"Automóvil,Automóvil",MENDOZA Y MAGALLANES,3,1,0,0,2,0,0,,Calle,,ROSARIO,Rosario,Asfalto,No existe,II,Dentro,Urbana,Semáforo,Funciona,Intersección,Bueno,Buena,Diurna,Buen Tiempo,Lateral,S/D,Colisión,S/D,S/D,Cordón divisorio,Sin restricción,POINT (-60.70449825 -32.940009499999995),"['Mendoza', 'Magallanes']",2,Mendoza; Magallanes,-32.940009499999995,-60.70449825,55.0,538.0,Municipio Rosario,Municipio,Rosario,820210,Servicio de Catastro e Información Territorial,IGN
2012,3094,2012-03-23,Viernes,0.0,09:30:00,,0.0,2,"Moto/Ciclomotor,Pickup/Utilitario",AV. PROVINCIAS UNIDAS Y CERRITO,2,1,0,0,1,0,0,,Avenida,,ROSARIO,Rosario,Asfalto,No existe,II,Dentro,Urbana,Ninguna,Funciona,Intersección,Bueno,Buena,Diurna,Buen Tiempo,Lateral,S/D,Colisión,S/D,S/D,Cordón divisorio,Sin restricción,POINT (-60.7120531 -32.95333595),"['Avenida Provincias Unidas', 'Cerrito']",2,Avenida Provincias Unidas; Cerrito,-32.95333595,-60.7120531,55.0,538.0,Municipio Rosario,Municipio,Rosario,820210,Servicio de Catastro e Información Territorial,IGN
2012,3095,2012-03-23,Viernes,0.0,12:30:00,,0.0,2,"Moto/Ciclomotor,Moto/Ciclomotor",FRAGA Y LA PAZ,3,2,0,0,1,0,0,,Calle,,ROSARIO,Rosario,Asfalto,No existe,II,Dentro,Urbana,Ninguna,No existe,Recta,Bueno,Buena,Diurna,Buen Tiempo,Lateral,S/D,Colisión,S/D,S/D,Ninguna,Sin restricción,POINT (-60.70962200000001 -32.9556724),"['Fraga', 'La Paz']",2,Rosendo María Fraga; La Paz,-32.9556724,-60.70962200000001,55.0,538.0,Municipio Rosario,Municipio,Rosario,820210,Servicio de Catastro e Información Territorial,IGN
2012,3097,2012-03-02,Viernes,0.0,00:00:00,,0.0,2,"Moto/Ciclomotor,Moto/Ciclomotor",cordoba y matienzo,2,1,0,0,1,0,0,,Calle,,ROSARIO,Rosario,Hormigón,No existe,II,Dentro,Urbana,S/D,Funciona,Intersección,Bueno,Buena,Con luz artificial,Buen Tiempo,Lateral,S/D,Colisión,S/D,S/D,S/D,Sin restricción,POINT (-60.693881399999995 -32.96057929999999),"['Córdoba', 'Matienzo']",2,Córdoba; Benjamín Matienzo,-32.96057929999999,-60.6938814,55.0,538.0,Municipio Rosario,Municipio,Rosario,820210,Servicio de Catastro e Información Territorial,IGN
2012,3099,2012-03-04,Domingo,0.0,18:15:00,,0.0,2,"Moto/Ciclomotor,Automóvil",cerrito y barro,3,2,0,0,0,0,1,,Calle,,ROSARIO,Rosario,Asfalto,No existe,II,Dentro,Urbana,S/D,No existe,Intersección,Bueno,Buena,Atardecer,Buen Tiempo,Lateral,S/D,Colisión,S/D,S/D,S/D,Sin restricción,POINT (-60.706286 -32.95318389999999),"['Cerrito', 'Barra']",2,Cerrito; Barraco,-32.95318389999999,-60.706286,55.0,538.0,Municipio Rosario,Municipio,Rosario,820210,Servicio de Catastro e Información Territorial,IGN
2012,3100,2012-04-24,Martes,0.0,20:50:00,,0.0,2,"Bicicleta,Automóvil",FOREST Y BARRA,2,1,0,0,1,0,0,,Calle,,ROSARIO,Rosario,Asfalto,No existe,II,Dentro,Urbana,Ninguna,No existe,Intersección,Bueno,Buena,Nocturna,Buen Tiempo,S/D,S/D,Atropello,S/D,S/D,Ninguna,Sin restricción,POINT (-60.706656599999995 -32.94334589999999),"['Carlos Forest', 'Barra']",2,Carlos Forest; Barraco,-32.94334589999999,-60.7066566,55.0,538.0,Municipio Rosario,Municipio,Rosario,820210,Servicio de Catastro e Información Territorial,IGN
2012,3101,2012-03-22,Jueves,0.0,10:30:00,,0.0,2,"Automóvil,Moto/Ciclomotor",matienzo y cochabamba,2,1,0,0,1,0,0,,Calle,,ROSARIO,Rosario,Asfalto,No existe,II,Dentro,Urbana,S/D,No existe,Intersección,Bueno,Buena,Diurna,Buen Tiempo,Lateral,S/D,Colisión,S/D,S/D,Ninguna,Sin restricción,POINT (-60.6943548 -32.949321700000006),"['Matienzo', 'Cochabamba']",2,Benjamín Matienzo; Cochabamba,-32.949321700000006,-60.6943548,55.0,538.0,Municipio Rosario,Municipio,Rosario,820210,Servicio de Catastro e Información Territorial,IGN
2012,3102,2012-03-25,Domingo,0.0,05:30:00,,0.0,2,"Automóvil,Moto/Ciclomotor",MENDOZA Y F. MORE,2,1,0,0,1,0,0,,Calle,,ROSARIO,Rosario,Asfalto,No existe,II,Dentro,Urbana,Ninguna,No existe,Intersección,Bueno,Buena,Amanecer,Buen Tiempo,Lateral,S/D,Colisión,S/D,S/D,Ninguna,Sin restricción,POINT (-60.69367090000001 -32.941857000000006),"['Mendoza', 'Felipe Moré']",2,Mendoza; Felipe Moré,-32.941857000000006,-60.69367090000001,55.0,538.0,Municipio Rosario,Municipio,Rosario,820210,Servicio de Catastro e Información Territorial,IGN