anio_acci,nro_acci,fecha,desc_dia,fecha_aprox,hora_aprox,desc_ruta,km,cant_participantes,desc_participante,calle_avenida_km,total,heridos_leves,heridos_graves,heridos_gravisimos,ilesos,fallecidos,sin_datos,posicion_XY,desc_tipo_via,desc_ruta_ori,desc_loc,desc_dpto,desc_tipo_calzada,desc_tipo_banquina,desc_unidad_regional,desc_lugar_calzada,desc_zona,desc_prioridad,desc_estado_semaforo,desc_lugar_via,desc_estado_via,desc_estado_visibilidad,desc_luminosidad,desc_estado_clima,desc_tipo_colision,desc_tipo_atropello,desc_tipo_hecho,desc_pres_calzada,desc_senializacion,desc_separacion_via,desc_restriccion,forma_geocod,calle_lista,numero_calles,calles_osm,lat,lon,index_right,gid,fna,gna,nam,in1,fdc,sag
2012,3103,2012-03-18,Domingo,0.0,18:20:00,,0.0,2,"Automóvil,Automóvil",SANTA FE Y VERA MUJICA,2,1,0,0,1,0,0,,Calle,,ROSARIO,Rosario,Asfalto,No existe,II,S/D,Urbana,Semáforo,Funciona,Recta,Bueno,Buena,Atardecer,Buen Tiempo,Frontal,S/D,Colisión,S/D,Horizontal,Ninguna,Sin restricción,POINT (-60.6665625 -32.9399498),"['Santa Fe', 'Vera Mujíca']",2,Santa Fe; Vera Mujíca,-32.9399498,-60.6665625,55.0,538.0,Municipio Rosario,Municipio,Rosario,820210,Servicio de Catastro e Información Territorial,IGN
2012,3104,2012-03-20,Martes,0.0,10:55:00,,0.0,2,"Moto/Ciclomotor,Automóvil",FRANCIA Y JUJUY,2,1,0,0,1,0,0,,Calle,,ROSARIO,Rosario,Asfalto,No existe,II,S/D,Urbana,Ninguna,S/D,Recta,Bueno,Buena,Diurna,Buen Tiempo,Frontal,S/D,Colisión,S/D,Horizontal,Ninguna,Sin restricción,POINT (-60.6634714 -32.93337134999999),"['Avenida Francia', 'Jujuy']",2,Avenida Francia; Jujuy,-32.93337134999999,-60.6634714,55.0,538.0,Municipio Rosario,Municipio,Rosario,820210,Servicio de Catastro e Información Territorial,IGN
2012,3105,2012-03-20,Martes,0.0,12:30:00,,0.0,2,"Moto/Ciclomotor,Pickup/Utilitario",RODRIGUEZ Y SANTA FE,2,1,0,0,1,0,0,,Calle,,ROSARIO,Rosario,Asfalto,No existe,II,S/D,Urbana,Semáforo,Funciona,Recta,Bueno,Buena,S/D,Buen Tiempo,Frontal,S/D,Colisión,S/D,Faltante,Ninguna,Sin restricción,POINT (-60.6583799 -32.9414046),"['Rodríguez', 'Santa Fe']",2,Rodríguez de Escobedo; Santa Fe,-32.9414046,-60.6583799,55.0,538.0,Municipio Rosario,Municipio,Rosario,820210,Servicio de Catastro e Información Territorial,IGN
2012,3106,2012-03-14,Miercoles,0.0,05:15:00,,0.0,2,"Moto/Ciclomotor,Automóvil",URQUIZA Y RODRIGUEZ,3,1,0,0,2,0,0,,Calle,,ROSARIO,Rosario,Asfalto,No existe,II,S/D,Urbana,Ninguna,No existe,Recta,Bueno,Buena,Amanecer,Buen Tiempo,Frontal,S/D,Colisión,S/D,Horizontal,Ninguna,Sin restricción,POINT (-60.65783139999999 -32.939287699999994),"['Urquiza', 'Rodríguez']",2,Justo José de Urquiza; Rodríguez de Escobedo,-32.939287699999994,-60.65783139999999,55.0,538.0,Municipio Rosario,Municipio,Rosario,820210,Servicio de Catastro e Información Territorial,IGN
2012,3107,2012-03-08,Jueves,0.0,12:25:00,,0.0,2,"Automóvil,Automóvil",SAN LORENZO Y CASTELLANOS,3,1,0,0,2,0,0,,Calle,,ROSARIO,Rosario,Asfalto,No existe,II,S/D,Urbana,Ninguna,No existe,Recta,Bueno,Buena,Diurna,Buen Tiempo,Lateral,S/D,Colisión,S/D,Horizontal,Ninguna,Sin restricción,POINT (-60.6744722 -32.9375212),"['San Lorenzo', 'Aaron Castellanos']",2,San Lorenzo; Aaron Castellanos,-32.9375212,-60.6744722,55.0,538.0,Municipio Rosario,Municipio,Rosario,820210,Servicio de Catastro e Información Territorial,IGN
2012,3108,2012-03-26,Lunes,0.0,13:45:00,,0.0,2,"Moto/Ciclomotor,Automóvil",FRANCIA Y BROWN,2,1,0,0,1,0,0,,Calle,,ROSARIO,Rosario,Asfalto,No existe,II,S/D,Urbana,Semáforo,Funciona,Recta,Bueno,Buena,Diurna,Buen Tiempo,Lateral,S/D,Colisión,S/D,Horizontal,Ninguna,Sin restricción,POINT (-60.66318115 -32.93220974999999),"['Avenida Francia', 'Brown']",2,Avenida Francia; Almirante Brown,-32.93220974999999,-60.66318115,55.0,538.0,Municipio Rosario,Municipio,Rosario,820210,Servicio de Catastro e Información Territorial,IGN
2012,3109,2012-03-27,Martes,0.0,10:30:00,,0.0,2,"Moto/Ciclomotor,Automóvil",TUCUMAN Y RODRIGUEZ,2,1,0,0,1,0,0,,Calle,,ROSARIO,Rosario,Asfalto,No existe,II,S/D,Urbana,S/D,No existe,Recta,Bueno,Buena,Diurna,Buen Tiempo,Lateral,S/D,Colisión,S/D,Horizontal,Ninguna,Sin restricción,POINT (-60.657529999999994 -32.938129299999986),"['Tucumán', 'Rodríguez']",2,Tucumán; Rodríguez de Escobedo,-32.938129299999986,-60.65753,55.0,538.0,Municipio Rosario,Municipio,Rosario,820210,Servicio de Catastro e Información Territorial,IGN
2012,3111,2012-03-01,Jueves,0.0,15:00:00,,0.0,2,"Moto/Ciclomotor,Automóvil",JUNIN Y ALBERDI,2,1,0,0,1,0,0,,Calle,,ROSARIO,Rosario,Asfalto,No existe,II,Dentro,Urbana,Semáforo,Funciona,Intersección,Bueno,Buena,Diurna,Buen Tiempo,Lateral,S/D,Colisión,S/D,S/D,Cordón divisorio,Sin restricción,POINT (-60.67651425 -32.92661249999999),"['Junín', 'Alberdi']",2,Junín; Avenida Alberdi,-32.92661249999999,-60.67651425,55.0,538.0,Municipio Rosario,Municipio,Rosario,820210,Servicio de Catastro e Información Territorial,IGN
2012,3112,2012-03-06,Martes,0.0,18:00:00,,0.0,2,"Pickup/Utilitario,Automóvil",JUNIN Y CANNING,2,1,0,0,1,0,0,,Calle,,ROSARIO,Rosario,Asfalto,No existe,II,Dentro,Urbana,Señal Pare,No existe,Intersección,Bueno,Buena,Atardecer,Buen Tiempo,Lateral,S/D,Colisión,S/D,S/D,Cordón divisorio,Sin restricción,POINT (-60.6749456 -32.9265809),"['Junín', 'Canning']",2,Junín; Canning,-32.9265809,-60.6749456,55.0,538.0,Municipio Rosario,Municipio,Rosario,820210,Servicio de Catastro e Información Territorial,IGN
2012,3115,2012-03-12,Lunes,0.0,19:00:00,,0.0,2,"Moto/Ciclomotor,Automóvil",BV. AVELLANEDA Y AV. SABIN,2,1,0,0,1,0,0,,Avenida,,ROSARIO,Rosario,Asfalto,No existe,II,S/D,Urbana,Semáforo,Funciona,Intersección,Bueno,Buena,Diurna,Buen Tiempo,Lateral,S/D,Colisión,S/D,Vertical,Cordón divisorio,Sin restricción,POINT (-60.67658666 -32.928876499999994),"['Avellaneda', 'Avenida Travesía Albert Sabin']",2,Bulevar Nicolás Avellaneda; Avenida Travesía Albert Sabin,-32.928876499999994,-60.67658666,55.0,538.0,Municipio Rosario,Municipio,Rosario,820210,Servicio de Catastro e Información Territorial,IGN
2012,3116,2012-03-19,Lunes,0.0,12:00:00,,0.0,2,"Bicicleta,Automóvil",JUNIN Y MONTEAGUDO,2,1,0,0,1,0,0,,Calle,,ROSARIO,Rosario,Asfalto,Pavimento,II,Dentro,Urbana,Semáforo,Funciona,Intersección,Bueno,Buena,Diurna,Buen Tiempo,Otro,S/D,Atropello,S/D,Vertical,Ninguna,Sin restricción,POINT (-60.66740795 -32.92647035),"['Junín', 'Monteagudo']",2,Junín; Monteagudo,-32.92647035,-60.66740795,55.0,538.0,Municipio Rosario,Municipio,Rosario,820210,Servicio de Catastro e Información Territorial,IGN
2012,3122,2012-03-29,Jueves,0.0,19:00:00,,0.0,2,"Taxi/Remis,Automóvil",JUNIN Y ALBERDI,2,1,0,0,1,0,0,,Calle,,ROSARIO,Rosario,Asfalto,S/D,II,Dentro,Urbana,Semáforo,Funciona,Intersección,Bueno,Buena,Diurna,Buen Tiempo,Lateral,S/D,Colisión,S/D,Horizontal,Ninguna,S/D,POINT (-60.67651425 -32.92661249999999),"['Junín', 'Alberdi']",2,Junín; Avenida Alberdi,-32.92661249999999,-60.67651425,55.0,538.0,Municipio Rosario,Municipio,Rosario,820210,Servicio de Catastro e Información Territorial,IGN
2012,3123,2012-03-03,Sabado,0.0,03:45:00,,0.0,2,"Moto/Ciclomotor,Automóvil",AV. ALBERDI Y J. INGENIEROS,2,1,0,0,1,0,0,,Calle,,ROSARIO,Rosario,S/D,Pavimento,II,S/D,Urbana,Semáforo,Funciona,Intersección,Bueno,Buena,Amanecer,Buen Tiempo,Lateral,S/D,Colisión,S/D,S/D,Cordón divisorio,S/D,POINT (-60.68477695 -32.916276550000006),"['Alberdi', 'José Ingenieros']",2,Avenida Alberdi; José Ingenieros,-32.916276550000006,-60.68477695,55.0,538.0,Municipio Rosario,Municipio,Rosario,820210,Servicio de Catastro e Información Territorial,IGN
2012,3124,2012-03-13,Martes,0.0,19:10:00,,0.0,2,"Moto/Ciclomotor,Automóvil",J. J. PASOS Y BV. AVELLANEDA,2,1,0,0,1,0,0,,Avenida,,ROSARIO,Rosario,Asfalto,Pavimento,II,Dentro,Urbana,Semáforo,Funciona,Recta,Bueno,Buena,"Atardecer,Con luz artificial",Buen Tiempo,Lateral,S/D,Colisión,S/D,S/D,Cordón divisorio,Sin restricción,POINT (-60.674093 -32.9190602),"['Juan José Paso', 'Avellaneda']",2,Avenida Juan José Paso; Bulevar Nicolás Avellaneda,-32.9190602,-60.674093,55.0,538.0,Municipio Rosario,Municipio,Rosario,820210,Servicio de Catastro e Información Territorial,IGN
2012,3126,2012-03-21,Miercoles,0.0,20:23:00,,0.0,2,"Peatón,Automóvil",FRENCH Y ALBERDI,2,1,0,0,1,0,0,,Calle,,ROSARIO,Rosario,Asfalto,No existe,II,S/D,Urbana,Semáforo,Funciona,Intersección,Bueno,Buena,Diurna,Buen Tiempo,Otro,S/D,Atropello,S/D,"Horizontal,Vertical",Cordón divisorio,Sin restricción,POINT (-60.68109575 -32.920867199999996),"['French', 'Alberdi']",2,Domingo French; Avenida Alberdi,-32.9208672,-60.68109575,55.0,538.0,Municipio Rosario,Municipio,Rosario,820210,Servicio de Catastro e Información Territorial,IGN
2012,3128,2012-03-27,Martes,0.0,11:20:00,,0.0,2,"Moto/Ciclomotor,Automóvil",ALBERDI Y RECONQUISTA,2,1,0,0,1,0,0,,Calle,,ROSARIO,Rosario,Asfalto,No existe,II,S/D,Urbana,Semáforo,Funciona,Intersección,Bueno,Buena,Diurna,Buen Tiempo,Lateral,S/D,Colisión,S/D,S/D,Barrera de hormigón,S/D,POINT (-60.68332389999999 -32.91808799999999),"['Alberdi', 'Reconquista']",2,Avenida Alberdi; Reconquista,-32.91808799999999,-60.68332389999999,55.0,538.0,Municipio Rosario,Municipio,Rosario,820210,Servicio de Catastro e Información Territorial,IGN
2012,3130,2012-03-24,Sabado,0.0,11:50:00,,0.0,2,"Moto/Ciclomotor,Automóvil",ROULLION Y COCHABAMBA,3,2,0,0,1,0,0,,Calle,,ROSARIO,Rosario,Asfalto,No existe,II,Dentro,Urbana,Ninguna,No existe,Intersección,Bueno,Buena,Diurna,Buen Tiempo,Lateral,S/D,Colisión,S/D,S/D,Ninguna,Sin restricción,POINT (-60.7018671 -32.9495223),"['Alfredo Rouillón', 'Cochabamba']",2,Alfredo Rouillón; Cochabamba,-32.9495223,-60.7018671,55.0,538.0,Municipio Rosario,Municipio,Rosario,820210,Servicio de Catastro e Información Territorial,IGN
2012,3132,2012-03-26,Lunes,0.0,10:00:00,,0.0,2,"Pickup/Utilitario,Moto/Ciclomotor",VIAMONT Y FRAGA,2,1,0,0,1,0,0,,Calle,,ROSARIO,Rosario,Asfalto,No existe,II,Dentro,Urbana,Ninguna,No existe,Intersección,Bueno,Buena,Diurna,Buen Tiempo,Lateral,S/D,Colisión,S/D,S/D,Ninguna,Sin restricción,POINT (-60.70957700000001 -32.956845599999994),"['Viamonte', 'Fraga']",2,Viamonte; Rosendo María Fraga,-32.956845599999994,-60.70957700000001,55.0,538.0,Municipio Rosario,Municipio,Rosario,820210,Servicio de Catastro e Información Territorial,IGN
2012,3133,2012-03-19,Lunes,0.0,18:40:00,,0.0,2,"Automóvil,Moto/Ciclomotor",reconquista y chaco ,2,1,0,0,0,0,1,,Calle,,ROSARIO,Rosario,Asfalto,S/D,II,Dentro,Urbana,S/D,S/D,Recta,Bueno,S/D,S/D,Buen Tiempo,Lateral,S/D,Colisión,S/D,Faltante,S/D,Sin restricción,POINT (-60.6942874 -32.9184407),"['Reconquista', 'Chaco']",2,Reconquista; Chaco,-32.9184407,-60.6942874,55.0,538.0,Municipio Rosario,Municipio,Rosario,820210,Servicio de Catastro e Información Territorial,IGN
2012,3134,2012-03-22,Jueves,0.0,,,0.0,2,"Automóvil,Moto/Ciclomotor",j. j. paso y antelo,2,1,0,0,1,0,0,,Calle,,ROSARIO,Rosario,S/D,S/D,II,Dentro,Urbana,S/D,S/D,Recta,S/D,S/D,S/D,S/D,Lateral,S/D,Colisión,S/D,S/D,S/D,S/D,POINT (-60.68656570000001 -32.9194636),"['Paso', 'Antelo']",2,Avenida Juan José Paso; Mario Antelo,-32.9194636,-60.68656570000001,55.0,538.0,Municipio Rosario,Municipio,Rosario,820210,Servicio de Catastro e Información Territorial,IGN
2012,3135,2012-03-28,Miercoles,0.0,12:10:00,,0.0,2,"Moto/Ciclomotor,Bicicleta",MENDOZA Y LINIER,2,2,0,0,0,0,0,,Calle,,ROSARIO,Rosario,Asfalto,No existe,II,Dentro,Urbana,Ninguna,No existe,Intersección,Bueno,Buena,Diurna,Buen Tiempo,S/D,S/D,Atropello,S/D,S/D,Ninguna,Sin restricción,POINT (-60.6986281 -32.94096869999999),"['Mendoza', 'Liniers']",2,Mendoza; Liniers,-32.94096869999999,-60.6986281,55.0,538.0,Municipio Rosario,Municipio,Rosario,820210,Servicio de Catastro e Información Territorial,IGN
2012,3136,2012-03-23,Viernes,0.0,,,0.0,2,"Automóvil,Bicicleta",genova al 2200,2,1,0,0,1,0,0,,Calle,,ROSARIO,Rosario,Asfalto,S/D,II,Dentro,Urbana,S/D,S/D,Recta,S/D,S/D,S/D,Buen Tiempo,Frontal,S/D,Atropello,S/D,S/D,S/D,Sin restricción,"-32.9154108, -60.6954",['Genova 2200'],1,Genova 2200,-32.9154108,-60.6954,55.0,538.0,Municipio Rosario,Municipio,Rosario,820210,Servicio de Catastro e Información Territorial,IGN
2012,3137,2012-03-02,Viernes,0.0,14:00:00,,0.0,2,"Moto/Ciclomotor,Automóvil",SORRENTO Y CULLEN,2,1,0,0,1,0,0,,Calle,,ROSARIO,Rosario,Asfalto,No existe,II,Dentro,Urbana,Ninguna,No existe,Intersección,Bueno,Buena,Diurna,S/D,Lateral,S/D,Colisión,S/D,Faltante,Ninguna,Sin restricción,POINT (-60.710239200000004 -32.907910699999995),"['Sorrento', 'Cullen']",2,Avenida Sorrento; Cullen,-32.907910699999995,-60.7102392,55.0,538.0,Municipio Rosario,Municipio,Rosario,820210,Servicio de Catastro e Información Territorial,IGN
2012,3138,2012-03-03,Sabado,0.0,00:30:00,,0.0,2,"Moto/Ciclomotor,Automóvil",JUAN JOSE PASO Y LARREA,3,2,0,0,1,0,0,,Calle,,ROSARIO,Rosario,Asfalto,No existe,II,Dentro,Urbana,Ninguna,No existe,Intersección,Bueno,Buena,Amanecer,S/D,Lateral,S/D,Colisión,S/D,Faltante,Ninguna,Sin restricción,POINT (-60.69799725 -32.91979094999999),"['Juan José Paso', 'Larrea']",2,Avenida Juan José Paso; Larrea,-32.91979094999999,-60.69799725,55.0,538.0,Municipio Rosario,Municipio,Rosario,820210,Servicio de Catastro e Información Territorial,IGN
2012,3139,2012-03-03,Sabado,0.0,,,0.0,1,Moto/Ciclomotor,c. aldao y pje. lesgarza,1,1,0,0,0,0,0,,Calle,,ROSARIO,Rosario,Asfalto,No existe,II,Dentro,Urbana,S/D,No existe,Intersección,Deteriorada,Buena,Nocturna,Buen Tiempo,Lateral,S/D,Colisión,Otro,Faltante,S/D,Sin restricción,POINT (-60.694957300000006 -32.9665032),"['Aldao', 'Joaquín Lejarza']",2,Camilo Aldao; Joaquín Lejarza,-32.9665032,-60.694957300000006,55.0,538.0,Municipio Rosario,Municipio,Rosario,820210,Servicio de Catastro e Información Territorial,IGN
2012,3140,2012-03-03,Sabado,0.0,07:30:00,,0.0,2,"Automóvil,Pickup/Utilitario",E.E.U.U.Y SORRENTO,3,3,0,0,0,0,0,,Calle,,ROSARIO,Rosario,Asfalto,S/D,II,Dentro,Urbana,Semáforo,S/D,Intersección,Bueno,Buena,Diurna,S/D,Lateral,S/D,Colisión,S/D,S/D,Línea divisoria pintada,Sin restricción,POINT (-60.72270983333334 -32.90836276666667),"['25 de Mayo', 'Sorrento']",2,"('Juan Pablo II', 'Avenida Sorrento')",-32.90836276666667,-60.72270983333334,55.0,538.0,Municipio Rosario,Municipio,Rosario,820210,Servicio de Catastro e Información Territorial,IGN
2012,3142,2012-03-03,Sabado,0.0,15:00:00,,0.0,2,"Automóvil,Camión",SORRENTO Y COLECTORA,2,1,0,0,1,0,0,,Avenida,,ROSARIO,Rosario,Asfalto,Natural,II,Dentro,Urbana,Semáforo,Funciona,Intersección,Bueno,Buena,Diurna,S/D,De alcance,S/D,Colisión,S/D,S/D,Línea divisoria pintada,Sin restricción,POINT (-60.72270983333334 -32.90836276666666),"['Sorrento', 'Colectora']",2,Avenida Sorrento; Colectora Juan Pablo II,-32.90836276666666,-60.72270983333334,55.0,538.0,Municipio Rosario,Municipio,Rosario,820210,Servicio de Catastro e Información Territorial,IGN
2012,3144,2012-03-08,Jueves,0.0,07:20:00,,0.0,2,"Bicicleta,Camión",SORRENTO Y CIRCUNVALACION,2,1,0,0,1,0,0,,Avenida,,ROSARIO,Rosario,Asfalto,S/D,II,Dentro,Urbana,Semáforo,Funciona,Intersección,Bueno,Buena,Diurna,S/D,S/D,S/D,Atropello,S/D,Faltante,Línea divisoria pintada,Sin restricción,POINT (-60.72270983333334 -32.90836276666666),"['Sorrento', 'Circunvalacion']",2,"('Avenida Sorrento', 'Juan Pablo II')",-32.90836276666666,-60.72270983333334,55.0,538.0,Municipio Rosario,Municipio,Rosario,820210,Servicio de Catastro e Información Territorial,IGN
2012,3145,2012-03-09,Viernes,0.0,11:00:00,,0.0,2,"Moto/Ciclomotor,Moto/Ciclomotor",CARRASCO Y LINIERS,4,4,0,0,0,0,0,,Calle,,ROSARIO,Rosario,Asfalto,No existe,II,Dentro,Urbana,Ninguna,No existe,Intersección,Bueno,Buena,Diurna,S/D,Lateral,S/D,Colisión,S/D,Faltante,Ninguna,Sin restricción,POINT (-60.69929890000001 -32.920613800000005),"['Carrasco', 'Liniers']",2,Omar Carrasco; Liniers,-32.920613800000005,-60.69929890000001,55.0,538.0,Municipio Rosario,Municipio,Rosario,820210,Servicio de Catastro e Información Territorial,IGN
2012,3147,2012-03-10,Sabado,0.0,19:00:00,,0.0,2,"Moto/Ciclomotor,Automóvil",JUAN JOSE PASO Y OLAVARRIA,1,1,0,0,0,0,0,,Calle,,ROSARIO,Rosario,Asfalto,No existe,II,Dentro,Urbana,Semáforo,Funciona,Intersección,Bueno,Buena,Con luz artificial,S/D,Lateral,S/D,Colisión,S/D,Faltante,Línea divisoria pintada,Sin restricción,POINT (-60.7043792 -32.9199808),"['Juan José Paso', 'Olavarría']",2,Avenida Juan José Paso; Olavarría,-32.9199808,-60.7043792,55.0,538.0,Municipio Rosario,Municipio,Rosario,820210,Servicio de Catastro e Información Territorial,IGN
2012,3148,2012-03-01,Jueves,1.0,,,0.0,1,Moto/Ciclomotor,saavedra y barra,1,1,0,0,0,0,0,,Calle,,ROSARIO,Rosario,Asfalto,No existe,II,Dentro,Urbana,S/D,No existe,Intersección,Deteriorada,Buena,Nocturna,Buen Tiempo,Lateral,S/D,Colisión,S/D,Faltante,S/D,Sin restricción,POINT (-60.707373200000006 -32.9279466),"['Saavedra', 'Barra']",2,Saavedra; Barraco,-32.9279466,-60.707373200000006,55.0,538.0,Municipio Rosario,Municipio,Rosario,820210,Servicio de Catastro e Información Territorial,IGN
2012,3149,2012-03-11,Domingo,0.0,22:45:00,,0.0,3,"Moto/Ciclomotor,Moto/Ciclomotor,Automóvil",E.E.U.U. Y SORRENTO,6,4,0,0,2,0,0,,Avenida,,ROSARIO,Rosario,Asfalto,S/D,II,Dentro,Urbana,Semáforo,Funciona,Intersección,Bueno,Buena,Diurna,S/D,"Lateral,Múltiple",S/D,Colisión,S/D,Faltante,S/D,Sin restricción,POINT (-60.72270983333334 -32.90836276666667),"['25 de Mayo', 'Sorrento']",2,"('Juan Pablo II', 'Avenida Sorrento')",-32.90836276666667,-60.72270983333334,55.0,538.0,Municipio Rosario,Municipio,Rosario,820210,Servicio de Catastro e Información Territorial,IGN
2012,3150,2012-03-04,Domingo,0.0,,,0.0,1,Moto/Ciclomotor,pte. peron y liniers,1,1,0,0,0,0,0,,Calle,,ROSARIO,Rosario,Asfalto,No existe,II,Dentro,Urbana,S/D,No existe,Intersección,Deteriorada,Buena,Atardecer,Buen Tiempo,Lateral,S/D,Colisión,Otro,Faltante,S/D,Sin restricción,POINT (-60.69772080000001 -32.961060049999986),"['Avenida Presidente Perón', 'Liniers']",2,Avenida Presidente Perón; Liniers,-32.961060049999986,-60.69772080000001,55.0,538.0,Municipio Rosario,Municipio,Rosario,820210,Servicio de Catastro e Información Territorial,IGN
2012,3151,2012-03-04,Domingo,0.0,,,0.0,1,Moto/Ciclomotor,pte. peron 5300,1,1,0,0,0,0,0,,Calle,,ROSARIO,Rosario,Asfalto,No existe,II,Dentro,Urbana,S/D,No existe,Recta,Deteriorada,Buena,Nocturna,Buen Tiempo,Lateral,S/D,Colisión,Otro,Faltante,S/D,Sin restricción,"-32.9595659, -60.6950175",['Presidente Peron 5300'],1,Presidente Peron 5300,-32.9595659,-60.6950175,55.0,538.0,Municipio Rosario,Municipio,Rosario,820210,Servicio de Catastro e Información Territorial,IGN
2012,3152,2012-03-17,Sabado,0.0,19:00:00,,0.0,2,"Moto/Ciclomotor,Automóvil",PROVINCIAS UNIDAS Y SORRENTO,3,2,0,0,1,0,0,,Calle,,ROSARIO,Rosario,Asfalto,Pavimento,II,Dentro,Urbana,Señal Ceda el Paso,No existe,Intersección,Bueno,Buena,Atardecer,S/D,Lateral,S/D,Colisión,S/D,Horizontal,Cordón divisorio,Sin restricción,POINT (-60.714102249999996 -32.9083328),"['Avenida Provincias Unidas', 'Sorrento']",2,Avenida Provincias Unidas; Avenida Sorrento,-32.9083328,-60.71410225,55.0,538.0,Municipio Rosario,Municipio,Rosario,820210,Servicio de Catastro e Información Territorial,IGN
2012,3154,2012-03-19,Lunes,0.0,17:30:00,,0.0,2,"Moto/Ciclomotor,Automóvil",GENOVA Y OLAVARRIA,2,1,0,0,1,0,0,,Calle,,ROSARIO,Rosario,Asfalto,No existe,II,Dentro,Urbana,Semáforo,Funciona,Intersección,Bueno,Buena,Diurna,S/D,Lateral,S/D,Colisión,S/D,S/D,Línea divisoria pintada,Sin restricción,POINT (-60.7045378 -32.9157452),"['Genova', 'Olavarría']",2,Avenida Génova; Olavarría,-32.9157452,-60.7045378,55.0,538.0,Municipio Rosario,Municipio,Rosario,820210,Servicio de Catastro e Información Territorial,IGN
2012,3155,2012-03-20,Martes,0.0,14:30:00,,0.0,2,"Moto/Ciclomotor,Camión",SORRENTO Y COLECTORA,2,1,0,0,1,0,0,,Avenida,,ROSARIO,Rosario,Asfalto,S/D,II,Dentro,Urbana,Semáforo,Funciona,Intersección,Bueno,Buena,Diurna,S/D,Lateral,S/D,Colisión,S/D,S/D,Línea divisoria pintada,Sin restricción,POINT (-60.72270983333334 -32.90836276666666),"['Sorrento', 'Colectora']",2,Avenida Sorrento; Colectora Juan Pablo II,-32.90836276666666,-60.72270983333334,55.0,538.0,Municipio Rosario,Municipio,Rosario,820210,Servicio de Catastro e Información Territorial,IGN
2012,3157,2012-03-22,Jueves,0.0,19:00:00,,0.0,2,"Moto/Ciclomotor,Automóvil",CARRASCO Y TENIENTE AGNETA,2,1,0,0,1,0,0,,Calle,,ROSARIO,Rosario,Asfalto,No existe,II,Dentro,Urbana,Ninguna,No existe,Intersección,Bueno,Buena,Atardecer,S/D,Lateral,S/D,Colisión,S/D,Faltante,Ninguna,Sin restricción,POINT (-60.7005905 -32.92064779999999),"['Carrasco', 'Teniente Agneta']",2,Omar Carrasco; Teniente Agneta,-32.92064779999999,-60.7005905,55.0,538.0,Municipio Rosario,Municipio,Rosario,820210,Servicio de Catastro e Información Territorial,IGN
2012,3159,2012-03-24,Sabado,0.0,20:30:00,,0.0,2,"Moto/Ciclomotor,Automóvil",REPUBLICA Y PROVINCIAS UNIDAS,2,1,0,0,1,0,0,,Calle,,ROSARIO,Rosario,Asfalto,No existe,II,Dentro,Urbana,Ninguna,No existe,Intersección,Bueno,Buena,"Nocturna,Con luz artificial",S/D,Lateral,S/D,Colisión,S/D,Faltante,Cordón divisorio,Sin restricción,POINT (-60.713721250000006 -32.9186124),"['La República', 'Avenida Provincias Unidas']",2,La República; Avenida Provincias Unidas,-32.9186124,-60.713721250000006,55.0,538.0,Municipio Rosario,Municipio,Rosario,820210,Servicio de Catastro e Información Territorial,IGN
2012,3160,2012-03-27,Martes,0.0,11:20:00,,0.0,2,"Moto/Ciclomotor,Pickup/Utilitario",JUAN JOSE PASO Y TTE. ABNETA,2,1,0,0,1,0,0,,S/D,,ROSARIO,Rosario,Asfalto,No existe,II,S/D,S/D,Semáforo,Funciona,Intersección,Bueno,Buena,Diurna,S/D,Lateral,S/D,Colisión,S/D,Horizontal,Ninguna,Sin restricción,POINT (-60.7006212 -32.91986549999999),"['Juan José Paso', 'Teniente Agneta']",2,Avenida Juan José Paso; Teniente Agneta,-32.91986549999999,-60.7006212,55.0,538.0,Municipio Rosario,Municipio,Rosario,820210,Servicio de Catastro e Información Territorial,IGN
2012,3161,2012-03-10,Sabado,0.0,,,0.0,1,Moto/Ciclomotor,p. l. funes y amenabar,1,1,0,0,0,0,0,,Calle,,ROSARIO,Rosario,Asfalto,No existe,II,Dentro,Urbana,S/D,No existe,Intersección,Bueno,Buena,S/D,Buen Tiempo,Lateral,S/D,Colisión,Otro,Faltante,S/D,Sin restricción,POINT (-60.70024719999999 -32.963668799999994),"['Funes', 'Amenabar']",2,Deán Gregorio Funes; José de Amenábar,-32.963668799999994,-60.70024719999999,55.0,538.0,Municipio Rosario,Municipio,Rosario,820210,Servicio de Catastro e Información Territorial,IGN