anio_acci,nro_acci,fecha,desc_dia,fecha_aprox,hora_aprox,desc_ruta,km,cant_participantes,desc_participante,calle_avenida_km,total,heridos_leves,heridos_graves,heridos_gravisimos,ilesos,fallecidos,sin_datos,posicion_XY,desc_tipo_via,desc_ruta_ori,desc_loc,desc_dpto,desc_tipo_calzada,desc_tipo_banquina,desc_unidad_regional,desc_lugar_calzada,desc_zona,desc_prioridad,desc_estado_semaforo,desc_lugar_via,desc_estado_via,desc_estado_visibilidad,desc_luminosidad,desc_estado_clima,desc_tipo_colision,desc_tipo_atropello,desc_tipo_hecho,desc_pres_calzada,desc_senializacion,desc_separacion_via,desc_restriccion,forma_geocod,calle_lista,numero_calles,calles_osm,lat,lon,index_right,gid,fna,gna,nam,in1,fdc,sag
2012,3162,2012-03-10,Sabado,0.0,14:00:00,,0.0,2,"Moto/Ciclomotor,Otros",AV. ROSARIO 3300 Y CAFERATTA,1,1,0,0,0,0,0,,Calle,,ROSARIO,Rosario,Asfalto,No existe,II,Dentro,Urbana,Ninguna,No existe,Cruce,Bueno,Buena,Diurna,Buen Tiempo,Lateral,S/D,Colisión,S/D,Horizontal,Ninguna,Sin restricción,POINT (-60.6834823 -33.0011259),"['Rosario', 'Cafferata']",2,Puente Nuestra Señora del Rosario; Cafferata,-33.0011259,-60.6834823,55.0,538.0,Municipio Rosario,Municipio,Rosario,820210,Servicio de Catastro e Información Territorial,IGN
2012,3163,2012-03-11,Domingo,0.0,07:40:00,,0.0,1,Moto/Ciclomotor,pte. peron y campbell,1,1,0,0,0,0,0,,Avenida,,ROSARIO,Rosario,Asfalto,No existe,II,Dentro,Urbana,S/D,No existe,Intersección,Deteriorada,Buena,Diurna,Buen Tiempo,Lateral,S/D,Colisión,Otro,Faltante,S/D,Sin restricción,POINT (-60.70692735 -32.96568669999999),"['Avenida Presidente Perón', 'Campbell']",2,Avenida Presidente Perón; Campbell,-32.96568669999999,-60.70692735,55.0,538.0,Municipio Rosario,Municipio,Rosario,820210,Servicio de Catastro e Información Territorial,IGN
2012,3164,2012-03-04,Domingo,0.0,13:00:00,,0.0,2,"Moto/Ciclomotor,Automóvil",AV. CASIANO CASAS Y NETRI,2,1,0,0,1,0,0,,Avenida,,ROSARIO,Rosario,Asfalto,Pavimento,II,S/D,Urbana,Semáforo,Funciona,Intersección,Bueno,Buena,Diurna,Buen Tiempo,Otro,S/D,Colisión,S/D,S/D,Línea divisoria pintada,S/D,POINT (-60.69916125 -32.9046656),"['Avenida Casiano Casas', 'Netri']",2,Avenida Casiano Casas; Netri,-32.9046656,-60.69916125,55.0,538.0,Municipio Rosario,Municipio,Rosario,820210,Servicio de Catastro e Información Territorial,IGN
2012,3165,2012-03-10,Sabado,0.0,01:00:00,,0.0,1,Moto/Ciclomotor,ESQUIVEL Y,2,2,0,0,0,0,0,,Calle,,ROSARIO,Rosario,S/D,S/D,II,S/D,S/D,S/D,S/D,Cruce,S/D,S/D,S/D,S/D,S/D,S/D,S/D,S/D,S/D,S/D,S/D,"-32.901103, -60.7053031",['Esquivel Y'],1,Esquivel Y,-32.901103,-60.7053031,55.0,538.0,Municipio Rosario,Municipio,Rosario,820210,Servicio de Catastro e Información Territorial,IGN
2012,3167,2012-03-10,Sabado,0.0,22:00:00,,0.0,1,Automóvil,COLOMBRES 1500,2,1,0,0,1,0,0,,Avenida,,ROSARIO,Rosario,Asfalto,S/D,II,S/D,S/D,S/D,S/D,S/D,S/D,S/D,S/D,S/D,S/D,S/D,S/D,S/D,S/D,S/D,S/D,"-32.9461863, -60.7292113",['Colombres 1500'],1,Colombres 1500,-32.9461863,-60.7292113,55.0,538.0,Municipio Rosario,Municipio,Rosario,820210,Servicio de Catastro e Información Territorial,IGN
2012,3168,2012-03-01,Jueves,0.0,05:40:00,,0.0,2,"Moto/Ciclomotor,Otros",OV. LAGOS 7800,1,1,0,0,0,0,0,,Calle,,ROSARIO,Rosario,Asfalto,No existe,II,Dentro,Urbana,Ninguna,No existe,Cruce,Bueno,Buena,Nocturna,Buen Tiempo,Lateral,S/D,Colisión,S/D,Horizontal,Ninguna,Sin restricción,"-33.0259193, -60.6809495",['Ovidio Lagos 7800'],1,Ovidio Lagos 7800,-33.0259193,-60.6809495,55.0,538.0,Municipio Rosario,Municipio,Rosario,820210,Servicio de Catastro e Información Territorial,IGN
2012,3169,2012-03-12,Lunes,0.0,10:30:00,,0.0,2,"Automóvil,Automóvil",RICARDO NUÑEZ 400,2,2,0,0,0,0,0,,Calle,,ROSARIO,Rosario,Asfalto,S/D,II,S/D,S/D,S/D,S/D,Otro,Bueno,Buena,Atardecer,Buen Tiempo,"Contra objeto fijo,Lateral",S/D,Colisión,S/D,S/D,Ninguna,S/D,"-32.8844532, -60.6907709",['Ricardo Nuñez 400'],1,Ricardo Nuñez 400,-32.8844532,-60.6907709,55.0,538.0,Municipio Rosario,Municipio,Rosario,820210,Servicio de Catastro e Información Territorial,IGN
2012,3170,2012-03-11,Domingo,0.0,20:45:00,,0.0,2,"Automóvil,Otros",OV. LAGOS 6200,1,1,0,0,0,0,0,,Ruta,,ROSARIO,Rosario,Asfalto,S/D,II,Dentro,Urbana,Marca Vial,S/D,Recta,Bueno,S/D,S/D,Buen Tiempo,De alcance,S/D,Colisión,Otro,S/D,Cordón divisorio,Sin restricción,"-32.9818631, -60.6709989",['Ovidio Lagos 6200'],1,Ovidio Lagos 6200,-32.9818631,-60.6709989,55.0,538.0,Municipio Rosario,Municipio,Rosario,820210,Servicio de Catastro e Información Territorial,IGN
2012,3171,2012-03-16,Viernes,0.0,05:45:00,,0.0,2,"Moto/Ciclomotor,Automóvil",SORRENTO Y AV. CASIANO CASAS,3,1,0,0,2,0,0,,Avenida,,ROSARIO,Rosario,Asfalto,S/D,II,S/D,S/D,Semáforo,Funciona,Recta,Bueno,S/D,S/D,Buen Tiempo,S/D,S/D,Colisión,S/D,Horizontal,Ninguna,S/D,POINT (-60.695695025000006 -32.90729415),"['Sorrento', 'Avenida Casiano Casas']",2,Avenida Sorrento; Avenida Casiano Casas,-32.90729415,-60.695695025000006,55.0,538.0,Municipio Rosario,Municipio,Rosario,820210,Servicio de Catastro e Información Territorial,IGN
2012,3172,2012-03-18,Domingo,0.0,15:00:00,,0.0,1,Moto/Ciclomotor,campbell y lesgarza,1,1,0,0,0,0,0,,Calle,,ROSARIO,Rosario,Asfalto,No existe,II,Dentro,Urbana,S/D,No existe,Intersección,Deteriorada,Buena,Atardecer,Buen Tiempo,Lateral,S/D,Colisión,Otro,Faltante,S/D,Sin restricción,POINT (-60.7068909 -32.9667417),"['Campbell', 'Joaquín Lejarza']",2,Campbell; Joaquín Lejarza,-32.9667417,-60.7068909,55.0,538.0,Municipio Rosario,Municipio,Rosario,820210,Servicio de Catastro e Información Territorial,IGN
2012,3173,2012-03-16,Viernes,0.0,20:30:00,,0.0,1,Moto/Ciclomotor,pte. peron y rouillon,1,1,0,0,0,0,0,,Calle,,ROSARIO,Rosario,Asfalto,No existe,II,Dentro,Urbana,S/D,Funciona,Intersección,Deteriorada,Buena,Nocturna,Buen Tiempo,Lateral,S/D,Colisión,Otro,Vertical,S/D,Sin restricción,POINT (-60.701373475000004 -32.96289577499999),"['Avenida Presidente Perón', 'Alfredo Rouillón']",2,Avenida Presidente Perón; Alfredo Rouillón,-32.96289577499999,-60.701373475,55.0,538.0,Municipio Rosario,Municipio,Rosario,820210,Servicio de Catastro e Información Territorial,IGN
2012,3176,2012-03-19,Lunes,0.0,19:00:00,,0.0,1,Moto/Ciclomotor,p. l. funes y 27,1,1,0,0,0,0,0,,Avenida,,ROSARIO,Rosario,Asfalto,No existe,II,Dentro,Urbana,S/D,No existe,Intersección,Deteriorada,Buena,Atardecer,Buen Tiempo,Lateral,S/D,Colisión,Otro,Faltante,S/D,Sin restricción,POINT (-60.7004364 -32.95892515),"['Funes', '27 de Febrero']",2,Deán Gregorio Funes; Bulevar 27 de Febrero,-32.95892515,-60.7004364,55.0,538.0,Municipio Rosario,Municipio,Rosario,820210,Servicio de Catastro e Información Territorial,IGN
2012,3177,2012-03-19,Lunes,0.0,12:00:00,,0.0,1,Automóvil,av. 27 de febrero y p. l. funes,1,1,0,0,0,0,0,,Avenida,,ROSARIO,Rosario,Asfalto,No existe,II,Dentro,Urbana,S/D,No existe,Intersección,Deteriorada,Buena,Diurna,Buen Tiempo,Lateral,S/D,Colisión,Otro,Faltante,S/D,Sin restricción,POINT (-60.7004364 -32.95892515),"['27 de Febrero', 'Funes']",2,Bulevar 27 de Febrero; Deán Gregorio Funes,-32.95892515,-60.7004364,55.0,538.0,Municipio Rosario,Municipio,Rosario,820210,Servicio de Catastro e Información Territorial,IGN
2012,3178,2012-03-22,Jueves,0.0,23:00:00,,0.0,1,Automóvil,felipe more 3900,1,1,0,0,0,0,0,,Calle,,ROSARIO,Rosario,Asfalto,No existe,II,Dentro,Urbana,S/D,No existe,Intersección,Deteriorada,Buena,Nocturna,Buen Tiempo,Lateral,S/D,Colisión,Otro,Faltante,S/D,Sin restricción,"-32.9203579, -60.6941299",['Felipe More 3900'],1,Felipe More 3900,-32.9203579,-60.6941299,55.0,538.0,Municipio Rosario,Municipio,Rosario,820210,Servicio de Catastro e Información Territorial,IGN
2012,3179,2012-03-26,Lunes,0.0,12:15:00,,0.0,2,"Peatón,Otros",2126,1,1,0,0,0,0,0,,Calle,,ROSARIO,Rosario,Asfalto,No existe,II,Dentro,Urbana,Ninguna,No existe,Recta,Bueno,Buena,Diurna,Buen Tiempo,S/D,S/D,Atropello,Otro,Faltante,Ninguna,Sin restricción,"-32.9626088, -60.6850077",['Avellaneda'],1,Avellaneda,-32.9626088,-60.6850077,55.0,538.0,Municipio Rosario,Municipio,Rosario,820210,Servicio de Catastro e Información Territorial,IGN
2012,3181,2012-03-09,Viernes,0.0,17:00:00,,0.0,2,"Automóvil,Moto/Ciclomotor",bertole y bianco fioni,2,0,0,0,0,0,2,,Calle,,ROSARIO,Rosario,Asfalto,S/D,II,Dentro,Urbana,S/D,No existe,Intersección,Deteriorada,Buena,Diurna,Buen Tiempo,Lateral,S/D,Colisión,S/D,S/D,S/D,Sin restricción,POINT (-60.71410710000001 -32.965026499999986),"['Bertole', 'Doctor Rafael Biancofiori']",2,Bertole; Doctor Rafael Biancofiori,-32.965026499999986,-60.71410710000001,55.0,538.0,Municipio Rosario,Municipio,Rosario,820210,Servicio de Catastro e Información Territorial,IGN
2012,3182,2012-03-27,Martes,0.0,13:00:00,,0.0,2,"Automóvil,Moto/Ciclomotor",av. 27 de febrero y nicaragua,2,1,0,0,0,0,1,,Avenida,,ROSARIO,Rosario,Asfalto,S/D,II,Dentro,Urbana,S/D,S/D,Intersección,Deteriorada,S/D,S/D,Lluvia,Lateral,S/D,Colisión,Agua,S/D,S/D,Sin restricción,POINT (-60.7198831 -32.959496200000004),"['27 de Febrero', 'Nicaragua']",2,Bulevar 27 de Febrero; Nicaragua,-32.959496200000004,-60.7198831,55.0,538.0,Municipio Rosario,Municipio,Rosario,820210,Servicio de Catastro e Información Territorial,IGN
2012,3184,2012-03-01,Jueves,0.0,08:30:00,,0.0,2,"Moto/Ciclomotor,Otros",AV. JORGE NEWERY Y DONADO,1,1,0,0,0,0,0,,Avenida,,ROSARIO,Rosario,S/D,S/D,II,S/D,S/D,S/D,S/D,S/D,S/D,S/D,S/D,S/D,S/D,S/D,S/D,S/D,S/D,S/D,S/D,POINT (-60.728404966666666 -32.908371466666665),"['Jorge Newbery', 'Donado']",2,Avenida Jorge Newbery; José Agustín Donado,-32.908371466666665,-60.728404966666666,55.0,538.0,Municipio Rosario,Municipio,Rosario,820210,Servicio de Catastro e Información Territorial,IGN
2012,3185,2012-03-16,Viernes,0.0,17:00:00,,0.0,2,"Moto/Ciclomotor,Moto/Ciclomotor",INTENDENTE LUIS LAMAS Y SORRENTO,2,2,0,0,0,0,0,,Avenida,,ROSARIO,Rosario,Asfalto,S/D,II,S/D,S/D,Semáforo,Funciona,Recta,Deteriorada,Buena,Atardecer,Buen Tiempo,De alcance,S/D,Colisión,S/D,Horizontal,Ninguna,S/D,POINT (-60.69378465 -32.90724385),"['Intendente Luis Lamas', 'Sorrento']",2,Intendente Luis Lamas; Avenida Sorrento,-32.90724385,-60.69378465,55.0,538.0,Municipio Rosario,Municipio,Rosario,820210,Servicio de Catastro e Información Territorial,IGN
2012,3186,2012-03-10,Sabado,0.0,18:45:00,,0.0,1,,J. B. JUSTO Y SANCHEZ DE LORIA,1,0,0,0,0,0,1,,Calle,,ROSARIO,Rosario,S/D,S/D,II,S/D,S/D,S/D,S/D,S/D,S/D,S/D,S/D,S/D,S/D,S/D,Atropello,S/D,S/D,S/D,S/D,POINT (-60.7319484 -32.933974199999994),"['Justo', 'Sánchez de Loria']",2,"('Justo José de Urquiza', 'Sánchez de Loria')",-32.933974199999994,-60.7319484,55.0,538.0,Municipio Rosario,Municipio,Rosario,820210,Servicio de Catastro e Información Territorial,IGN
2012,3187,2012-03-10,Sabado,0.0,18:45:00,,0.0,2,"Bicicleta,Otros",J. B. JUSTO Y SANCHEZ DE LORIA,1,0,0,0,0,0,1,,Calle,,ROSARIO,Rosario,S/D,S/D,II,S/D,S/D,S/D,S/D,S/D,S/D,S/D,S/D,S/D,S/D,S/D,Atropello,S/D,S/D,S/D,S/D,POINT (-60.7319484 -32.933974199999994),"['Justo', 'Sánchez de Loria']",2,"('Justo José de Urquiza', 'Sánchez de Loria')",-32.933974199999994,-60.7319484,55.0,538.0,Municipio Rosario,Municipio,Rosario,820210,Servicio de Catastro e Información Territorial,IGN
2012,3188,2012-03-13,Martes,0.0,09:00:00,,0.0,2,"Automóvil,Peatón",rivarola y 25 de mayo ,2,1,0,0,0,0,1,,Calle,,ROSARIO,Rosario,Asfalto,S/D,II,Dentro,Urbana,S/D,No existe,Intersección,Deteriorada,Buena,Diurna,Buen Tiempo,Lateral,S/D,Colisión,S/D,S/D,S/D,Sin restricción,POINT (-60.71916028403352 -32.96601604560884),"['Rivarola', '25 de Mayo']",2,Avenida Doctor Rivarola; Avenida de Circunvalación 25 de Mayo,-32.96601604560884,-60.71916028403352,55.0,538.0,Municipio Rosario,Municipio,Rosario,820210,Servicio de Catastro e Información Territorial,IGN
2012,3189,2012-03-11,Domingo,0.0,18:55:00,,0.0,2,"Moto/Ciclomotor,Otros",MARTINEZ DE ESTRADA AL 3000,1,1,0,0,0,0,0,,Calle,,ROSARIO,Rosario,S/D,S/D,II,S/D,S/D,S/D,S/D,S/D,S/D,S/D,S/D,S/D,S/D,S/D,S/D,S/D,S/D,S/D,S/D,"-32.90961815, -60.7369787200779",['Martinez De Estrada 3000'],1,Martinez De Estrada 3000,-32.90961815,-60.7369787200779,55.0,538.0,Municipio Rosario,Municipio,Rosario,820210,Servicio de Catastro e Información Territorial,IGN
2012,3190,2012-03-17,Sabado,0.0,14:15:00,,0.0,2,"Moto/Ciclomotor,Automóvil",BV RONDEAU Y MATHEU,2,1,0,0,1,0,0,,Avenida,,ROSARIO,Rosario,Asfalto,S/D,II,S/D,S/D,Semáforo,Funciona,Recta,Bueno,Buena,Diurna,Buen Tiempo,Lateral,S/D,Colisión,S/D,Horizontal,Cordón divisorio,S/D,POINT (-60.694274275000005 -32.888422175),"['Rondeau', 'Matheu']",2,Bulevar General José Rondeau; Domingo Matheu,-32.888422175,-60.694274275000005,55.0,538.0,Municipio Rosario,Municipio,Rosario,820210,Servicio de Catastro e Información Territorial,IGN
2012,3192,2012-03-18,Domingo,0.0,18:00:00,,0.0,2,"Automóvil,Moto/Ciclomotor",gaboto y pcias. unidas,2,1,0,0,0,0,1,,Calle,,ROSARIO,Rosario,Asfalto,S/D,II,Dentro,Urbana,S/D,S/D,Intersección,Deteriorada,Buena,Diurna,Buen Tiempo,Lateral,S/D,S/D,S/D,S/D,S/D,Sin restricción,POINT (-60.711592350000004 -32.96514434999999),"['Gaboto', 'Avenida Provincias Unidas']",2,Gaboto; Avenida Provincias Unidas,-32.96514434999999,-60.71159235,55.0,538.0,Municipio Rosario,Municipio,Rosario,820210,Servicio de Catastro e Información Territorial,IGN
2012,3193,2012-03-19,Lunes,0.0,12:00:00,,0.0,2,"Automóvil,Peatón",rivarola y f. diaz,2,2,0,0,0,0,0,,Calle,,ROSARIO,Rosario,Asfalto,S/D,II,Dentro,Urbana,S/D,No existe,Intersección,S/D,Buena,Diurna,Buen Tiempo,Lateral,S/D,Atropello,S/D,S/D,S/D,Sin restricción,POINT (-60.7284914 -32.9663357),"['Rivarola', 'Diaz']",2,Avenida Doctor Rivarola; Juan Díaz de Solís,-32.9663357,-60.7284914,55.0,538.0,Municipio Rosario,Municipio,Rosario,820210,Servicio de Catastro e Información Territorial,IGN
2012,3194,2012-03-17,Sabado,1.0,19:30:00,,0.0,2,"Moto/Ciclomotor,Moto/Ciclomotor",BV. RONDEAU Y SORRENTO,2,1,1,0,0,0,0,,Avenida,,ROSARIO,Rosario,Asfalto,S/D,II,S/D,S/D,Semáforo,No existe,Recta,Bueno,Buena,Atardecer,Buen Tiempo,Lateral,S/D,Colisión,S/D,Horizontal,Vegetación,S/D,POINT (-60.68858005 -32.90707667499999),"['Rondeau', 'Sorrento']",2,Bulevar General José Rondeau; Avenida Sorrento,-32.90707667499999,-60.68858005,55.0,538.0,Municipio Rosario,Municipio,Rosario,820210,Servicio de Catastro e Información Territorial,IGN
2012,3195,2012-03-17,Sabado,0.0,11:55:00,,0.0,2,"Peatón,Moto/Ciclomotor",AV. CASIANO CASAS 1100,2,1,0,0,1,0,0,,Avenida,,ROSARIO,Rosario,Asfalto,S/D,II,Dentro,Urbana,S/D,No existe,Recta,Bueno,Buena,Diurna,Buen Tiempo,Otro,S/D,Atropello,S/D,S/D,S/D,S/D,"-32.905528, -60.6977519",['Casiano Casas 1100'],1,Casiano Casas 1100,-32.905528,-60.6977519,55.0,538.0,Municipio Rosario,Municipio,Rosario,820210,Servicio de Catastro e Información Territorial,IGN
2012,3196,2012-03-18,Domingo,0.0,02:50:00,,0.0,2,"Moto/Ciclomotor,Moto/Ciclomotor",BV. RONDEAU Y HERRERA,2,1,0,0,1,0,0,,Calle,,ROSARIO,Rosario,Asfalto,No existe,II,S/D,S/D,Semáforo,Funciona,Recta,Bueno,Buena,Diurna,Buen Tiempo,S/D,S/D,Colisión,S/D,Horizontal,Vegetación,S/D,POINT (-60.69209 -32.89546034999999),"['Rondeau', 'Herrera']",2,Bulevar General José Rondeau; Franzini Herrera,-32.89546034999999,-60.69209,55.0,538.0,Municipio Rosario,Municipio,Rosario,820210,Servicio de Catastro e Información Territorial,IGN
2012,3197,2012-03-16,Viernes,0.0,09:00:00,,0.0,2,"Peatón,Automóvil",BV. RONDEAU Y WASHINGTON,2,1,0,0,1,0,0,,Avenida,,ROSARIO,Rosario,Asfalto,S/D,II,S/D,S/D,Semáforo,Funciona,Recta,Bueno,Buena,Diurna,Buen Tiempo,Otro,S/D,Atropello,S/D,Horizontal,Vegetación,S/D,POINT (-60.6903563 -32.901208475000004),"['Rondeau', 'Washington']",2,Bulevar General José Rondeau; Washington,-32.901208475000004,-60.6903563,55.0,538.0,Municipio Rosario,Municipio,Rosario,820210,Servicio de Catastro e Información Territorial,IGN
2012,3198,2012-02-18,Sabado,0.0,22:45:00,,0.0,2,"Peatón,Automóvil",VALENTIN GOMEZ Y VIRARO,2,1,0,0,1,0,0,,S/D,,ROSARIO,Rosario,Asfalto,S/D,II,S/D,S/D,S/D,Funciona,S/D,Bueno,S/D,Nocturna,Buen Tiempo,S/D,S/D,Atropello,S/D,S/D,S/D,S/D,POINT (-60.6997438 -32.88177039999999),"['Valentín Gómez', 'Viraro']",2,Valentín Gómez; Viraro,-32.88177039999999,-60.6997438,55.0,538.0,Municipio Rosario,Municipio,Rosario,820210,Servicio de Catastro e Información Territorial,IGN
2012,3199,2012-01-21,Sabado,0.0,05:00:00,,0.0,2,"Moto/Ciclomotor,Automóvil",VALENTIN GOMEZ Y CIUDADELA,2,1,0,0,1,0,0,,Avenida,,ROSARIO,Rosario,Asfalto,No existe,II,S/D,Urbana,Ninguna,No existe,Recta,Bueno,S/D,Amanecer,Buen Tiempo,S/D,S/D,Colisión,S/D,S/D,S/D,S/D,POINT (-60.702882300000006 -32.871175599999994),"['Valentín Gómez', 'Ciudadela']",2,Valentín Gómez; Ciudadela,-32.871175599999994,-60.702882300000006,55.0,538.0,Municipio Rosario,Municipio,Rosario,820210,Servicio de Catastro e Información Territorial,IGN
2012,3202,2012-03-26,Lunes,0.0,,,0.0,2,"Moto/Ciclomotor,Camión",Bv. 27 De Febrero Y Av. Circunvalacion,3,0,0,0,1,1,1,,Avenida,,ROSARIO,Rosario,Hormigón,No existe,II,Dentro,Urbana,S/D,Funciona,Intersección,Bueno,Buena,S/D,Buen Tiempo,Lateral,S/D,Colisión,S/D,S/D,S/D,S/D,POINT (-60.671730569613096 -32.965475411263625),"['27 de Febrero', 'Circunvalacion']",2,Bulevar 27 de Febrero; Avenida de Circunvalación 25 de Mayo,-32.965475411263625,-60.671730569613096,55.0,538.0,Municipio Rosario,Municipio,Rosario,820210,Servicio de Catastro e Información Territorial,IGN
2012,3204,2012-01-23,Lunes,0.0,05:00:00,,0.0,2,"Moto/Ciclomotor,Automóvil",SORRENTO Y AV. CASIANO CASAS,3,2,0,0,1,0,0,,Avenida,,ROSARIO,Rosario,Asfalto,No existe,II,S/D,Urbana,Semáforo,Funciona,Curva,Bueno,S/D,Nocturna,Buen Tiempo,Lateral,S/D,Colisión,S/D,S/D,S/D,S/D,POINT (-60.695695025000006 -32.90729415),"['Sorrento', 'Avenida Casiano Casas']",2,Avenida Sorrento; Avenida Casiano Casas,-32.90729415,-60.695695025000006,55.0,538.0,Municipio Rosario,Municipio,Rosario,820210,Servicio de Catastro e Información Territorial,IGN
2012,3205,2012-03-16,Viernes,0.0,19:30:00,,0.0,2,"Automóvil,Otros",URIZAR Y MAGALDI,2,1,0,0,1,0,0,,Calle,,ROSARIO,Rosario,Asfalto,Natural,II,Dentro,Urbana,Ninguna,No existe,Recta,Bueno,Buena,Diurna,Buen Tiempo,De alcance,S/D,Colisión,S/D,Faltante,Ninguna,Sin restricción,POINT (-60.74408330000001 -32.93676719999999),"['Urizar', 'Magaldi']",2,Urizar; Magaldi,-32.93676719999999,-60.74408330000001,55.0,538.0,Municipio Rosario,Municipio,Rosario,820210,Servicio de Catastro e Información Territorial,IGN
2012,3206,2012-03-19,Lunes,0.0,20:30:00,,0.0,1,Automóvil,BRASIL Y CHUBUT,2,1,0,0,1,0,0,,Calle,,ROSARIO,Rosario,Asfalto,S/D,II,Dentro,Urbana,Ninguna,No existe,Recta,Bueno,Buena,Nocturna,S/D,Otro,S/D,Colisión,S/D,Horizontal,Ninguna,Sin restricción,POINT (-60.71933789999999 -32.9458433),"['Brasil', 'Chubut']",2,Brasil; Chubut,-32.9458433,-60.71933789999999,55.0,538.0,Municipio Rosario,Municipio,Rosario,820210,Servicio de Catastro e Información Territorial,IGN
2012,3207,2012-03-20,Martes,0.0,14:00:00,,0.0,1,Transporte de Pasajeros Urbano (> 8 asientos),MENDOZA Y DONADO,2,1,0,0,1,0,0,,S/D,,ROSARIO,Rosario,Asfalto,No existe,II,S/D,S/D,S/D,No existe,Recta,Bueno,Buena,Diurna,Buen Tiempo,Otro,S/D,Otro,S/D,Horizontal,S/D,S/D,POINT (-60.7269807 -32.94063034999999),"['Mendoza', 'Donado']",2,Mendoza; José Agustín Donado,-32.94063034999999,-60.7269807,55.0,538.0,Municipio Rosario,Municipio,Rosario,820210,Servicio de Catastro e Información Territorial,IGN
2012,3208,2012-03-21,Miercoles,0.0,15:20:00,,0.0,1,Moto/Ciclomotor,DONADO Y MONTEVIDEO,1,1,0,0,0,0,0,,S/D,,ROSARIO,Rosario,Asfalto,No existe,II,S/D,S/D,S/D,No existe,Recta,Bueno,Buena,Diurna,Buen Tiempo,Otro,S/D,Colisión,S/D,Horizontal,Ninguna,Sin restricción,POINT (-60.7267076 -32.947557599999996),"['Donado', 'Montevideo']",2,José Agustín Donado; Montevideo,-32.9475576,-60.7267076,55.0,538.0,Municipio Rosario,Municipio,Rosario,820210,Servicio de Catastro e Información Territorial,IGN
2012,3210,2012-03-17,Sabado,0.0,18:00:00,,0.0,2,"Moto/Ciclomotor,Otros",TARRAGONA Y J. NEWERY,3,3,0,0,0,0,0,,S/D,,ROSARIO,Rosario,S/D,S/D,II,S/D,S/D,S/D,S/D,S/D,S/D,S/D,S/D,S/D,S/D,S/D,S/D,S/D,S/D,S/D,S/D,POINT (-60.7354351 -32.90855883333332),"['Tarragona', 'Newbery']",2,Tarragona; Pasaje Newbery,-32.90855883333332,-60.7354351,55.0,538.0,Municipio Rosario,Municipio,Rosario,820210,Servicio de Catastro e Información Territorial,IGN
2012,3212,2012-03-02,Viernes,0.0,18:40:00,,0.0,2,"Moto/Ciclomotor,Otros",MENDOZA Y COLECTORA,1,1,0,0,0,0,0,,S/D,,ROSARIO,Rosario,Asfalto,No existe,II,S/D,Urbana,Ninguna,Funciona,Recta,Bueno,Buena,Diurna,Buen Tiempo,Lateral,S/D,Colisión,S/D,Horizontal,Ninguna,Sin restricción,POINT (-60.72178340000001 -32.94048439999999),"['Mendoza', 'Colectora']",2,"('Mendoza', 'Colectora Juan Pablo II')",-32.94048439999999,-60.72178340000001,55.0,538.0,Municipio Rosario,Municipio,Rosario,820210,Servicio de Catastro e Información Territorial,IGN
2012,3213,2012-03-06,Martes,0.0,20:30:00,,0.0,2,"Moto/Ciclomotor,Otros",BRASIL Y FREST 1200,1,1,0,0,0,0,0,,Calle,,ROSARIO,Rosario,Asfalto,No existe,II,Dentro,Urbana,Ninguna,No existe,Recta,Bueno,Buena,Nocturna,Buen Tiempo,Lateral,S/D,Colisión,S/D,Faltante,Ninguna,Sin restricción,POINT (-60.719412600000005 -32.943708099999995),"['Brasil', 'Carlos Forest']",2,Brasil; Carlos Forest,-32.943708099999995,-60.719412600000005,55.0,538.0,Municipio Rosario,Municipio,Rosario,820210,Servicio de Catastro e Información Territorial,IGN
2012,3214,2012-02-27,Lunes,0.0,04:00:00,,0.0,2,"Moto/Ciclomotor,Otros",OV. LAGOS Y E. DE LUCAS,2,1,0,0,1,0,0,,Avenida,,ROSARIO,Rosario,Asfalto,S/D,II,S/D,S/D,S/D,S/D,Recta,Bueno,S/D,Nocturna,Buen Tiempo,Lateral,S/D,Otro,Otro,Faltante,S/D,S/D,POINT (-60.674375250000004 -32.9957393),"['Avenida Ovidio Lagos', 'Esteban de Luca']",2,Avenida Ovidio Lagos; Esteban de Luca,-32.9957393,-60.67437525,55.0,538.0,Municipio Rosario,Municipio,Rosario,820210,Servicio de Catastro e Información Territorial,IGN
2012,3215,2012-02-27,Lunes,0.0,20:00:00,,0.0,2,"Moto/Ciclomotor,Otros",OV. LAGOS Y ACEVEDO,2,1,0,0,1,0,0,,Avenida,,ROSARIO,Rosario,Asfalto,S/D,II,Fuera,Urbana,Semáforo,Funciona,Intersección,Bueno,Buena,Atardecer,Buen Tiempo,Lateral,S/D,Colisión,S/D,Horizontal,S/D,S/D,POINT (-60.671599500000006 -32.9840813),"['Avenida Ovidio Lagos', 'Acevedo']",2,Avenida Ovidio Lagos; Manuel Acevedo,-32.9840813,-60.671599500000006,55.0,538.0,Municipio Rosario,Municipio,Rosario,820210,Servicio de Catastro e Información Territorial,IGN
2012,3216,2012-03-27,Martes,0.0,09:45:00,,0.0,2,"Peatón,Automóvil",FRANCIA Y ACEVEDO,2,1,0,0,1,0,0,,Avenida,,ROSARIO,Rosario,Asfalto,S/D,II,S/D,Urbana,Otra Señal,S/D,Recta,Bueno,Buena,Diurna,Buen Tiempo,Otro,S/D,Atropello,S/D,Horizontal,Línea divisoria pintada,S/D,POINT (-60.677015250000004 -32.984204899999995),"['Avenida Francia', 'Acevedo']",2,Avenida Francia; Manuel Acevedo,-32.984204899999995,-60.67701525,55.0,538.0,Municipio Rosario,Municipio,Rosario,820210,Servicio de Catastro e Información Territorial,IGN