anio_acci,nro_acci,fecha,desc_dia,fecha_aprox,hora_aprox,desc_ruta,km,cant_participantes,desc_participante,calle_avenida_km,total,heridos_leves,heridos_graves,heridos_gravisimos,ilesos,fallecidos,sin_datos,posicion_XY,desc_tipo_via,desc_ruta_ori,desc_loc,desc_dpto,desc_tipo_calzada,desc_tipo_banquina,desc_unidad_regional,desc_lugar_calzada,desc_zona,desc_prioridad,desc_estado_semaforo,desc_lugar_via,desc_estado_via,desc_estado_visibilidad,desc_luminosidad,desc_estado_clima,desc_tipo_colision,desc_tipo_atropello,desc_tipo_hecho,desc_pres_calzada,desc_senializacion,desc_separacion_via,desc_restriccion,forma_geocod,calle_lista,numero_calles,calles_osm,lat,lon,index_right,gid,fna,gna,nam,in1,fdc,sag
2012,3217,2012-02-28,Martes,0.0,18:05:00,,0.0,2,"Peatón,Moto/Ciclomotor",CENTENO Y CRESPO,2,1,0,0,1,0,0,,Calle,,ROSARIO,Rosario,S/D,S/D,II,S/D,Urbana,Ninguna,S/D,Recta,Bueno,Buena,Diurna,Buen Tiempo,Otro,S/D,Atropello,S/D,S/D,S/D,S/D,POINT (-60.677914 -32.97942889999999),"['Centeno', 'Crespo']",2,Coronel Centeno; Crespo,-32.97942889999999,-60.677914,55.0,538.0,Municipio Rosario,Municipio,Rosario,820210,Servicio de Catastro e Información Territorial,IGN
2012,3218,2012-02-28,Martes,0.0,21:00:00,,0.0,2,"Bicicleta,Automóvil",BIEDMA Y PJE. SANTA MATILDE,2,1,0,0,1,0,0,,Calle,,ROSARIO,Rosario,Asfalto,S/D,II,S/D,S/D,Ninguna,S/D,Intersección,Bueno,S/D,Nocturna,Buen Tiempo,Otro,S/D,Atropello,S/D,S/D,S/D,S/D,POINT (-60.6845041 -32.97466850000001),"['Coronel Biedma', 'Santa Matilde']",2,Coronel Biedma; Santa Matilde,-32.97466850000001,-60.6845041,55.0,538.0,Municipio Rosario,Municipio,Rosario,820210,Servicio de Catastro e Información Territorial,IGN
2012,3219,2012-03-01,Jueves,0.0,,,0.0,1,Moto/Ciclomotor,BV. PELLEGRINI Y AV. FRANCIA,2,1,0,0,1,0,0,,Avenida,,ROSARIO,Rosario,Asfalto,S/D,II,S/D,Urbana,Semáforo,Funciona,Intersección,Resbaladiza,Buena,Nocturna,Lluvia,Otro,S/D,Caída ocupante,Agua,S/D,S/D,S/D,POINT (-60.668265950000006 -32.95238069999999),"['Pellegrini', 'Avenida Francia']",2,Avenida Carlos Pellegrini; Avenida Francia,-32.95238069999999,-60.668265950000006,55.0,538.0,Municipio Rosario,Municipio,Rosario,820210,Servicio de Catastro e Información Territorial,IGN
2012,3220,2012-03-07,Miercoles,0.0,19:30:00,,0.0,2,"Bicicleta,Otros",SAN LORENZO Y WILDE 8100,1,1,0,0,0,0,0,,Calle,,ROSARIO,Rosario,Asfalto,No existe,II,Dentro,Urbana,Ninguna,No existe,Recta,Bueno,Buena,Diurna,Buen Tiempo,S/D,S/D,Atropello,S/D,Faltante,Ninguna,Sin restricción,POINT (-60.7386827 -32.935282349999994),"['San Lorenzo', 'Bulevar Wilde']",2,San Lorenzo; Bulevar Wilde,-32.935282349999994,-60.7386827,55.0,538.0,Municipio Rosario,Municipio,Rosario,820210,Servicio de Catastro e Información Territorial,IGN
2012,3221,2012-02-29,Miercoles,0.0,22:45:00,,0.0,1,Moto/Ciclomotor,GARAY Y AVELLANEDA,2,1,0,0,1,0,0,,Avenida,,ROSARIO,Rosario,Asfalto,S/D,II,S/D,Urbana,S/D,S/D,Intersección,Bueno,Buena,Nocturna,Lluvia,Otro,S/D,Caída ocupante,Agua,S/D,S/D,S/D,POINT (-60.6862105 -32.9671833),"['Garay', 'Avellaneda']",2,Juan de Garay; Bulevar Nicolás Avellaneda,-32.9671833,-60.6862105,55.0,538.0,Municipio Rosario,Municipio,Rosario,820210,Servicio de Catastro e Información Territorial,IGN
2012,3222,2012-03-09,Viernes,0.0,21:50:00,,0.0,2,"Moto/Ciclomotor,Otros",WILDE 500,1,1,0,0,0,0,0,,S/D,,ROSARIO,Rosario,Asfalto,No existe,II,S/D,S/D,Ninguna,No existe,Recta,Bueno,Buena,Nocturna,Buen Tiempo,Lateral,S/D,Colisión,S/D,Faltante,Barrera de hormigón,Sin restricción,"-32.9342721, -60.7388257",['Wilde 500'],1,Wilde 500,-32.9342721,-60.7388257,55.0,538.0,Municipio Rosario,Municipio,Rosario,820210,Servicio de Catastro e Información Territorial,IGN
2012,3223,2012-03-01,Jueves,0.0,11:45:00,,0.0,2,"Bicicleta,Automóvil",BV. SEGUI Y CONSTITUCION,2,1,0,0,1,0,0,,Avenida,,ROSARIO,Rosario,Asfalto,S/D,II,S/D,S/D,Paso Peatonal,S/D,Recta,Bueno,Buena,Diurna,Buen Tiempo,Otro,S/D,Atropello,S/D,S/D,Cordón divisorio,S/D,POINT (-60.6819282 -32.97272762499999),"['Bulevar Juan Francisco Seguí', 'Constitución']",2,Bulevar Juan Francisco Seguí; Constitución,-32.97272762499999,-60.6819282,55.0,538.0,Municipio Rosario,Municipio,Rosario,820210,Servicio de Catastro e Información Territorial,IGN
2012,3226,2012-03-01,Jueves,0.0,05:30:00,,0.0,2,"Automóvil,Otros",AVELLANEDA Y URIBURU,2,1,0,0,1,0,0,,Avenida,,ROSARIO,Rosario,Asfalto,S/D,II,Dentro,Urbana,Semáforo,Intermitente,Intersección,Resbaladiza,S/D,Nocturna,Lluvia,De alcance,S/D,Colisión,Agua,S/D,Cordón divisorio,S/D,POINT (-60.688810374999996 -32.991943325),"['Avellaneda', 'Uriburu']",2,Bulevar Nicolás Avellaneda; Avenida José Uriburu,-32.991943325,-60.688810375,55.0,538.0,Municipio Rosario,Municipio,Rosario,820210,Servicio de Catastro e Información Territorial,IGN
2012,3232,2012-03-01,Jueves,0.0,20:30:00,,0.0,2,"Peatón,Automóvil",CAFFERATA Y DEAN FUNES,2,1,0,0,1,0,0,,Calle,,ROSARIO,Rosario,Asfalto,S/D,II,S/D,Urbana,S/D,S/D,Intersección,Bueno,Buena,Nocturna,S/D,Otro,S/D,Atropello,S/D,S/D,S/D,S/D,POINT (-60.67833530000001 -32.9697666),"['Cafferata', 'Deán Gregorio Funes']",2,Cafferata; Deán Gregorio Funes,-32.9697666,-60.67833530000001,55.0,538.0,Municipio Rosario,Municipio,Rosario,820210,Servicio de Catastro e Información Territorial,IGN
2012,3235,2012-03-13,Martes,0.0,19:00:00,,0.0,2,"Moto/Ciclomotor,Otros",MEJICO Y SANTA FE,2,2,0,0,0,0,0,,Calle,,ROSARIO,Rosario,Asfalto,No existe,II,Dentro,Urbana,Ninguna,No existe,Recta,Bueno,S/D,S/D,Buen Tiempo,Lateral,S/D,Colisión,S/D,Faltante,Ninguna,Sin restricción,POINT (-60.71864049999999 -32.935872499999995),"['Mejico', 'Santa Fe']",2,Méjico; Santa Fe,-32.935872499999995,-60.71864049999999,55.0,538.0,Municipio Rosario,Municipio,Rosario,820210,Servicio de Catastro e Información Territorial,IGN
2012,3236,2012-03-02,Viernes,0.0,10:45:00,,0.0,1,Moto/Ciclomotor,OV. LAGOS Y SAAVEDRA,2,2,0,0,0,0,0,,Avenida,,ROSARIO,Rosario,Asfalto,S/D,II,S/D,S/D,S/D,S/D,Intersección,Bueno,Buena,Diurna,Buen Tiempo,Otro,S/D,Caída ocupante,Hielo,Faltante,S/D,S/D,POINT (-60.6691044 -32.973831099999984),"['Avenida Ovidio Lagos', 'Saavedra']",2,Avenida Ovidio Lagos; Saavedra,-32.973831099999984,-60.6691044,55.0,538.0,Municipio Rosario,Municipio,Rosario,820210,Servicio de Catastro e Información Territorial,IGN
2012,3237,2012-03-03,Sabado,0.0,15:30:00,,0.0,2,"Moto/Ciclomotor,Automóvil",AVELLANEDA 4800,2,1,0,0,1,0,0,,Calle,,ROSARIO,Rosario,Asfalto,S/D,II,S/D,Urbana,S/D,S/D,Recta,Bueno,Buena,Diurna,Buen Tiempo,Frontal,S/D,Colisión,S/D,S/D,S/D,S/D,"-32.9533844, -60.6827991",['Avellaneda 4800'],1,Avellaneda 4800,-32.9533844,-60.6827991,55.0,538.0,Municipio Rosario,Municipio,Rosario,820210,Servicio de Catastro e Información Territorial,IGN
2012,3241,2012-03-03,Sabado,0.0,15:30:00,,0.0,2,"Moto/Ciclomotor,Automóvil",AVELLANEDA Y URIBURU,2,1,0,0,1,0,0,,Calle,,ROSARIO,Rosario,Asfalto,Pavimento,II,Dentro,Urbana,Semáforo,Funciona,Intersección,Bueno,Buena,Diurna,Buen Tiempo,Otro,S/D,Despiste,S/D,Horizontal,S/D,S/D,POINT (-60.688810374999996 -32.991943325),"['Avellaneda', 'Uriburu']",2,Bulevar Nicolás Avellaneda; Avenida José Uriburu,-32.991943325,-60.688810375,55.0,538.0,Municipio Rosario,Municipio,Rosario,820210,Servicio de Catastro e Información Territorial,IGN
2012,3243,2012-03-21,Miercoles,0.0,16:00:00,,0.0,2,"Peatón,Automóvil",RUEDA Y PROVINCIAS UNIDAS,2,1,0,0,1,0,0,,Calle,,ROSARIO,Rosario,Asfalto,S/D,II,S/D,Urbana,S/D,No existe,Recta,Deteriorada,Buena,Diurna,Buen Tiempo,S/D,S/D,Atropello,S/D,S/D,S/D,S/D,POINT (-60.711669799999996 -32.9627928),"['Rueda', 'Avenida Provincias Unidas']",2,Rueda; Avenida Provincias Unidas,-32.9627928,-60.7116698,55.0,538.0,Municipio Rosario,Municipio,Rosario,820210,Servicio de Catastro e Información Territorial,IGN
2012,3244,2012-03-05,Lunes,0.0,,,0.0,2,"Automóvil,Automóvil",AVELLANEDA Y URIBURU,2,1,0,0,1,0,0,,Avenida,,ROSARIO,Rosario,Asfalto,Pavimento,II,Dentro,S/D,Semáforo,Funciona,Intersección,Bueno,Buena,Con luz artificial,Buen Tiempo,Lateral,S/D,Colisión,S/D,Vertical,Línea divisoria pintada,S/D,POINT (-60.688810374999996 -32.991943325),"['Avellaneda', 'Uriburu']",2,Bulevar Nicolás Avellaneda; Avenida José Uriburu,-32.991943325,-60.688810375,55.0,538.0,Municipio Rosario,Municipio,Rosario,820210,Servicio de Catastro e Información Territorial,IGN
2012,3245,2012-03-21,Miercoles,0.0,13:00:00,,0.0,2,"Automóvil,Pickup/Utilitario",AV. CIRCUNVALACIÓN Y AV. GODOY,2,2,0,0,0,0,0,,Calle,,ROSARIO,Rosario,Asfalto,S/D,II,S/D,Urbana,Semáforo,Funciona,Intersección,Deteriorada,Buena,Diurna,Buen Tiempo,De alcance,S/D,Colisión,S/D,S/D,S/D,S/D,POINT (-60.71697254694366 -32.9707081028425),"['Circunvalación', 'Avenida Presidente Perón']",2,Avenida de Circunvalación 25 de Mayo; Avenida Presidente Perón,-32.9707081028425,-60.71697254694366,55.0,538.0,Municipio Rosario,Municipio,Rosario,820210,Servicio de Catastro e Información Territorial,IGN
2012,3246,2012-03-06,Martes,0.0,17:00:00,,0.0,2,"Moto/Ciclomotor,Automóvil",CRESPO Y DEAN FUNES,2,1,0,0,1,0,0,,Calle,,ROSARIO,Rosario,Asfalto,Natural,II,Dentro,S/D,Ninguna,No existe,Intersección,Bueno,S/D,Atardecer,Buen Tiempo,Lateral,S/D,Colisión,S/D,Faltante,S/D,S/D,POINT (-60.67557540000001 -32.970264700000016),"['Crespo', 'Deán Gregorio Funes']",2,Crespo; Deán Gregorio Funes,-32.970264700000016,-60.67557540000001,55.0,538.0,Municipio Rosario,Municipio,Rosario,820210,Servicio de Catastro e Información Territorial,IGN
2012,3251,2012-03-07,Miercoles,0.0,14:15:00,,0.0,2,"Moto/Ciclomotor,Automóvil",AVELLANEDA Y BV. SEGUI,2,1,0,0,1,0,0,,Avenida,,ROSARIO,Rosario,Asfalto,S/D,II,Dentro,S/D,S/D,Funciona,Recta,Bueno,Buena,Diurna,Buen Tiempo,Lateral,S/D,Colisión,S/D,"Horizontal,Vertical",S/D,S/D,POINT (-60.6873526625 -32.9717476875),"['Avellaneda', 'Bulevar Juan Francisco Seguí']",2,Bulevar Nicolás Avellaneda; Bulevar Juan Francisco Seguí,-32.9717476875,-60.6873526625,55.0,538.0,Municipio Rosario,Municipio,Rosario,820210,Servicio de Catastro e Información Territorial,IGN
2012,3252,2012-03-09,Viernes,0.0,09:30:00,,0.0,2,"Moto/Ciclomotor,Pickup/Utilitario",FRANCIA Y PJE. 1209,2,1,0,0,1,0,0,,Calle,,ROSARIO,Rosario,Asfalto,No existe,II,S/D,Urbana,S/D,S/D,Intersección,Bueno,Buena,Diurna,Buen Tiempo,S/D,S/D,Colisión,S/D,S/D,Cordón divisorio,Sin restricción,POINT (-60.67847275 -32.996535050000006),"['Avenida Francia', 'Calle 1209']",2,Avenida Francia; Calle 1209,-32.996535050000006,-60.67847275,55.0,538.0,Municipio Rosario,Municipio,Rosario,820210,Servicio de Catastro e Información Territorial,IGN
2012,3253,2012-03-08,Jueves,0.0,20:10:00,,0.0,2,"Moto/Ciclomotor,Ambulancia",FRANCIA Y BIEDMA,3,1,0,0,2,0,0,,Calle,,ROSARIO,Rosario,Asfalto,No existe,II,Dentro,Urbana,S/D,No existe,Intersección,Bueno,Buena,Atardecer,Buen Tiempo,Frontal,S/D,Colisión,S/D,S/D,Ninguna,Sin restricción,POINT (-60.6743451 -32.97648615),"['Avenida Francia', 'Coronel Biedma']",2,Avenida Francia; Coronel Biedma,-32.97648615,-60.6743451,55.0,538.0,Municipio Rosario,Municipio,Rosario,820210,Servicio de Catastro e Información Territorial,IGN
2012,3254,2012-03-08,Jueves,0.0,17:30:00,,0.0,2,"Moto/Ciclomotor,Automóvil",AMENABAR E IRIONDO,2,1,0,0,1,0,0,,Calle,,ROSARIO,Rosario,Asfalto,S/D,II,Dentro,S/D,Ninguna,No existe,Intersección,Bueno,Buena,Diurna,Buen Tiempo,Lateral,S/D,Colisión,S/D,Faltante,S/D,S/D,POINT (-60.6761074 -32.96657359999999),"['Amenabar', 'Iriondo']",2,José de Amenábar; Iriondo,-32.96657359999999,-60.6761074,55.0,538.0,Municipio Rosario,Municipio,Rosario,820210,Servicio de Catastro e Información Territorial,IGN
2012,3256,2012-03-29,Jueves,0.0,11:00:00,,0.0,2,"Automóvil,Moto/Ciclomotor",27 DE FEBRERO Y AV. CIRCUNVALACION,2,1,0,0,1,0,0,,Calle,,ROSARIO,Rosario,Hormigón,S/D,II,Dentro,Urbana,Semáforo,Funciona,Intersección,Deteriorada,Buena,Diurna,Buen Tiempo,Lateral,S/D,Colisión,S/D,S/D,S/D,S/D,POINT (-60.671730569613096 -32.965475411263625),"['27 de Febrero', 'Circunvalacion']",2,Bulevar 27 de Febrero; Avenida de Circunvalación 25 de Mayo,-32.965475411263625,-60.671730569613096,55.0,538.0,Municipio Rosario,Municipio,Rosario,820210,Servicio de Catastro e Información Territorial,IGN
2012,3264,2012-03-08,Jueves,0.0,05:40:00,,0.0,2,"Moto/Ciclomotor,Otros",AVELLANEDA Y URIBURU,2,1,0,0,1,0,0,,Avenida,,ROSARIO,Rosario,Asfalto,S/D,II,S/D,Urbana,Ninguna,No existe,Recta,Bueno,S/D,Nocturna,Buen Tiempo,De alcance,S/D,Colisión,S/D,Faltante,S/D,S/D,POINT (-60.688810374999996 -32.991943325),"['Avellaneda', 'Uriburu']",2,Bulevar Nicolás Avellaneda; Avenida José Uriburu,-32.991943325,-60.688810375,55.0,538.0,Municipio Rosario,Municipio,Rosario,820210,Servicio de Catastro e Información Territorial,IGN
2012,3267,2012-03-08,Jueves,0.0,08:30:00,,0.0,1,Moto/Ciclomotor,SAAVEDRA 2900,1,0,1,0,0,0,0,,Calle,,ROSARIO,Rosario,Asfalto,S/D,II,Dentro,S/D,Ninguna,No existe,Recta,Bueno,Buena,Diurna,Buen Tiempo,Contra objeto fijo,S/D,Colisión,S/D,Faltante,S/D,S/D,"-32.9734656, -60.6705828",['Saavedra 2900'],1,Saavedra 2900,-32.9734656,-60.6705828,55.0,538.0,Municipio Rosario,Municipio,Rosario,820210,Servicio de Catastro e Información Territorial,IGN
2012,3269,2012-03-09,Viernes,0.0,17:00:00,,0.0,1,Moto/Ciclomotor,PTE. QUINTANA Y SUIPACHA,1,0,1,0,0,0,0,,Calle,,ROSARIO,Rosario,Asfalto,S/D,II,S/D,S/D,Ninguna,No existe,Recta,Bueno,Buena,Diurna,Buen Tiempo,Otro,S/D,Otro,S/D,Faltante,S/D,S/D,POINT (-60.673272600000004 -32.9778859),"['Quintana', 'Suipacha']",2,Presidente Quintana; Suipacha,-32.9778859,-60.6732726,55.0,538.0,Municipio Rosario,Municipio,Rosario,820210,Servicio de Catastro e Información Territorial,IGN
2012,3272,2012-03-09,Viernes,0.0,16:20:00,,0.0,2,"Pickup/Utilitario,Automóvil",OV. LAGOS 5200,3,2,0,0,1,0,0,,Avenida,,ROSARIO,Rosario,Asfalto,S/D,II,S/D,S/D,Ninguna,Funciona,Recta,Bueno,Buena,Diurna,Buen Tiempo,De alcance,S/D,Colisión,S/D,Vertical,S/D,S/D,"-32.9818631, -60.6709989",['Ovidio Lagos 5200'],1,Ovidio Lagos 5200,-32.9818631,-60.6709989,55.0,538.0,Municipio Rosario,Municipio,Rosario,820210,Servicio de Catastro e Información Territorial,IGN
2012,3275,2012-03-18,Domingo,0.0,09:00:00,,0.0,2,"Moto/Ciclomotor,Moto/Ciclomotor",BIEDMA E IRIONDO,3,2,1,0,0,0,0,,Calle,,ROSARIO,Rosario,Asfalto,S/D,II,S/D,S/D,Ninguna,No existe,Intersección,Bueno,Buena,Diurna,Buen Tiempo,Lateral,S/D,Colisión,S/D,Faltante,S/D,S/D,POINT (-60.6784281 -32.97576719999999),"['Coronel Biedma', 'Iriondo']",2,Coronel Biedma; Iriondo,-32.97576719999999,-60.6784281,55.0,538.0,Municipio Rosario,Municipio,Rosario,820210,Servicio de Catastro e Información Territorial,IGN
2012,3276,2012-03-09,Viernes,0.0,,,0.0,2,"Automóvil,Automóvil",DEAN FUNES 2900,4,3,0,0,1,0,0,,Calle,,ROSARIO,Rosario,Asfalto,S/D,II,Dentro,Urbana,Ninguna,No existe,Intersección,Bueno,S/D,Diurna,Buen Tiempo,De alcance,S/D,Colisión,S/D,Faltante,S/D,S/D,"-32.9789895, -60.6268555",['Dean Funes 2900'],1,Dean Funes 2900,-32.9789895,-60.6268555,55.0,538.0,Municipio Rosario,Municipio,Rosario,820210,Servicio de Catastro e Información Territorial,IGN
2012,3278,2012-03-11,Domingo,0.0,01:50:00,,0.0,2,"Moto/Ciclomotor,Moto/Ciclomotor",24 DE SEPTIEMBRE Y CASTELLANOS,3,3,0,0,0,0,0,,Calle,,ROSARIO,Rosario,Asfalto,S/D,II,S/D,S/D,Ninguna,No existe,Intersección,Bueno,Buena,"Nocturna,Con luz artificial",Buen Tiempo,Lateral,S/D,Colisión,S/D,Faltante,S/D,S/D,POINT (-60.6835824 -32.97364019999999),"['24 de Septiembre', 'Aaron Castellanos']",2,24 de Septiembre; Aaron Castellanos,-32.97364019999999,-60.6835824,55.0,538.0,Municipio Rosario,Municipio,Rosario,820210,Servicio de Catastro e Información Territorial,IGN
2012,3281,2012-03-12,Lunes,0.0,17:00:00,,0.0,2,"Bicicleta,Pickup/Utilitario",OV. LAGOS Y SEGUI,3,2,0,0,1,0,0,,Calle,,ROSARIO,Rosario,Asfalto,S/D,II,S/D,Urbana,Semáforo,Funciona,Intersección,Bueno,Buena,Diurna,Buen Tiempo,Otro,S/D,Atropello,S/D,Vertical,Cordón divisorio,Sin restricción,POINT (-60.66940506666666 -32.974966166666654),"['Avenida Ovidio Lagos', 'Bulevar Juan Francisco Seguí']",2,Avenida Ovidio Lagos; Bulevar Juan Francisco Seguí,-32.974966166666654,-60.66940506666666,55.0,538.0,Municipio Rosario,Municipio,Rosario,820210,Servicio de Catastro e Información Territorial,IGN
2012,3283,2012-03-12,Lunes,0.0,17:30:00,,0.0,2,"Peatón,Moto/Ciclomotor",CASTELLANOS 5200,2,1,0,0,1,0,0,,Calle,,ROSARIO,Rosario,Asfalto,No existe,II,S/D,Urbana,S/D,S/D,Recta,Bueno,Buena,Diurna,Buen Tiempo,Otro,S/D,Atropello,S/D,S/D,Ninguna,Sin restricción,"-32.9390637, -60.6748664",['Castellanos 5200'],1,Castellanos 5200,-32.9390637,-60.6748664,55.0,538.0,Municipio Rosario,Municipio,Rosario,820210,Servicio de Catastro e Información Territorial,IGN
2012,3285,2012-03-13,Martes,0.0,20:10:00,,0.0,2,"Automóvil,Camión",URIBURU Y CIRCUNVALACION,2,1,0,0,1,0,0,,Calle,,ROSARIO,Rosario,Asfalto,No existe,II,Dentro,Urbana,S/D,No existe,Distribuidor,Bueno,Buena,Atardecer,Buen Tiempo,Lateral,S/D,Colisión,S/D,S/D,Ninguna,Sin restricción,POINT (-60.661478219834294 -32.991061565588964),"['Uriburu', 'Circunvalacion']",2,Avenida José Uriburu; Avenida de Circunvalación 25 de Mayo,-32.991061565588964,-60.66147821983429,55.0,538.0,Municipio Rosario,Municipio,Rosario,820210,Servicio de Catastro e Información Territorial,IGN
2012,3289,2012-03-14,Miercoles,0.0,16:00:00,,0.0,2,"Moto/Ciclomotor,Automóvil",FRANCIA Y SEGUI,2,1,0,0,1,0,0,,Avenida,,ROSARIO,Rosario,Asfalto,S/D,II,S/D,Urbana,Semáforo,Funciona,Intersección,Bueno,Buena,Diurna,Buen Tiempo,Lateral,S/D,Colisión,S/D,Vertical,Cordón divisorio,Sin restricción,POINT (-60.673763175000005 -32.97418725),"['Avenida Francia', 'Bulevar Juan Francisco Seguí']",2,Avenida Francia; Bulevar Juan Francisco Seguí,-32.97418725,-60.673763175000005,55.0,538.0,Municipio Rosario,Municipio,Rosario,820210,Servicio de Catastro e Información Territorial,IGN
2012,3291,2012-03-14,Miercoles,0.0,14:30:00,,0.0,2,"Automóvil,Automóvil",AVELLANEDA Y URIBURU,2,1,0,0,1,0,0,,Avenida,,ROSARIO,Rosario,Asfalto,S/D,II,S/D,Urbana,Semáforo,Funciona,Intersección,Bueno,Buena,Diurna,Buen Tiempo,Frontal,S/D,Colisión,S/D,Vertical,Cordón divisorio,Sin restricción,POINT (-60.688810374999996 -32.991943325),"['Avellaneda', 'Uriburu']",2,Bulevar Nicolás Avellaneda; Avenida José Uriburu,-32.991943325,-60.688810375,55.0,538.0,Municipio Rosario,Municipio,Rosario,820210,Servicio de Catastro e Información Territorial,IGN
2012,3292,2012-03-14,Miercoles,0.0,11:30:00,,0.0,2,"Moto/Ciclomotor,Automóvil",OV. LAGOS Y SEGUI,3,2,0,0,1,0,0,,Avenida,,ROSARIO,Rosario,Asfalto,No existe,II,Dentro,Urbana,Semáforo,Funciona,Intersección,Bueno,Buena,Diurna,Buen Tiempo,Lateral,S/D,Colisión,S/D,Vertical,Cordón divisorio,Sin restricción,POINT (-60.66940506666666 -32.974966166666654),"['Avenida Ovidio Lagos', 'Bulevar Juan Francisco Seguí']",2,Avenida Ovidio Lagos; Bulevar Juan Francisco Seguí,-32.974966166666654,-60.66940506666666,55.0,538.0,Municipio Rosario,Municipio,Rosario,820210,Servicio de Catastro e Información Territorial,IGN
2012,3295,2012-03-16,Viernes,0.0,22:30:00,,0.0,2,"Peatón,Moto/Ciclomotor",SAN NICOLAS Y BV. SEGUI,2,2,0,0,0,0,0,,Calle,,ROSARIO,Rosario,Asfalto,S/D,II,S/D,Urbana,Semáforo,Funciona,Intersección,Bueno,Buena,Diurna,Buen Tiempo,Otro,S/D,Atropello,S/D,Vertical,Cordón divisorio,Sin restricción,POINT (-60.680555149999996 -32.97297304999999),"['San Nicolás', 'Bulevar Juan Francisco Seguí']",2,San Nicolás; Bulevar Juan Francisco Seguí,-32.97297304999999,-60.68055515,55.0,538.0,Municipio Rosario,Municipio,Rosario,820210,Servicio de Catastro e Información Territorial,IGN
2012,3300,2012-03-16,Viernes,0.0,15:00:00,,0.0,2,"Moto/Ciclomotor,Pickup/Utilitario",SUIPACHA Y BIEDMA,2,1,0,0,1,0,0,,Calle,,ROSARIO,Rosario,Asfalto,No existe,II,Dentro,Urbana,S/D,S/D,Intersección,Bueno,Buena,Diurna,Buen Tiempo,Lateral,S/D,Colisión,S/D,Faltante,S/D,Sin restricción,POINT (-60.6729792 -32.9767231),"['Suipacha', 'Coronel Biedma']",2,Suipacha; Coronel Biedma,-32.9767231,-60.6729792,55.0,538.0,Municipio Rosario,Municipio,Rosario,820210,Servicio de Catastro e Información Territorial,IGN
2012,3346,2012-03-19,Lunes,0.0,22:00:00,,0.0,2,"Moto/Ciclomotor,Pickup/Utilitario",OV. LAGOS Y DR. RIVAS,6,5,0,0,1,0,0,,Avenida,,ROSARIO,Rosario,Asfalto,No existe,II,Dentro,Urbana,Ninguna,No existe,Intersección,Resbaladiza,Buena,"Nocturna,Con luz artificial",Lluvia,Lateral,S/D,Colisión,Agua,Vertical,Cordón divisorio,Sin restricción,POINT (-60.6705014 -32.979572149999996),"['Avenida Ovidio Lagos', 'Doctor Francisco Riva']",2,Avenida Ovidio Lagos; Doctor Francisco Riva,-32.97957215,-60.6705014,55.0,538.0,Municipio Rosario,Municipio,Rosario,820210,Servicio de Catastro e Información Territorial,IGN
2012,3347,2012-03-19,Lunes,0.0,11:50:00,,0.0,2,"Bicicleta,Automóvil",SAN NICOLAS Y DEAN FUNES,2,1,0,0,1,0,0,,Calle,,ROSARIO,Rosario,Asfalto,No existe,II,Dentro,Urbana,Ninguna,No existe,Intersección,Bueno,Buena,Diurna,Buen Tiempo,Otro,S/D,Atropello,S/D,Vertical,Ninguna,Sin restricción,POINT (-60.67969029999999 -32.9695335),"['San Nicolás', 'Deán Gregorio Funes']",2,San Nicolás; Deán Gregorio Funes,-32.9695335,-60.67969029999999,55.0,538.0,Municipio Rosario,Municipio,Rosario,820210,Servicio de Catastro e Información Territorial,IGN
2012,3348,2012-03-20,Martes,0.0,15:00:00,,0.0,2,"Automóvil,Automóvil",BV. AVELLANEDA Y WINTER,3,1,0,0,2,0,0,,Avenida,,ROSARIO,Rosario,Asfalto,No existe,II,Dentro,Urbana,Ninguna,No existe,Intersección,Bueno,Buena,Diurna,Buen Tiempo,De alcance,S/D,Colisión,S/D,Vertical,Cordón divisorio,Sin restricción,POINT (-60.6886323 -32.985050266666654),"['Avellaneda', 'Winter']",2,Bulevar Nicolás Avellaneda; Coronel Winter,-32.985050266666654,-60.6886323,55.0,538.0,Municipio Rosario,Municipio,Rosario,820210,Servicio de Catastro e Información Territorial,IGN
2012,3349,2012-03-22,Jueves,0.0,20:15:00,,0.0,2,"Peatón,Taxi/Remis",BV. SEGUI Y CASTELLANOS,2,1,0,0,1,0,0,,Avenida,,ROSARIO,Rosario,Asfalto,No existe,II,Dentro,Urbana,Ninguna,No existe,Intersección,Bueno,Buena,"Nocturna,Con luz artificial",Buen Tiempo,Otro,S/D,Atropello,S/D,Vertical,Cordón divisorio,Sin restricción,POINT (-60.6832904 -32.972482649999996),"['Bulevar Juan Francisco Seguí', 'Aaron Castellanos']",2,Bulevar Juan Francisco Seguí; Aaron Castellanos,-32.97248265,-60.6832904,55.0,538.0,Municipio Rosario,Municipio,Rosario,820210,Servicio de Catastro e Información Territorial,IGN
2012,3350,2012-03-23,Viernes,0.0,11:30:00,,0.0,2,"Moto/Ciclomotor,Pickup/Utilitario",AV. FRANCIA Y SAAVEDRA,2,1,0,0,1,0,0,,Avenida,,ROSARIO,Rosario,Asfalto,No existe,II,Dentro,Urbana,Ninguna,No existe,Intersección,Bueno,Buena,Diurna,Buen Tiempo,Lateral,S/D,Colisión,S/D,Vertical,Cordón divisorio,Sin restricción,POINT (-60.6734792 -32.973049950000004),"['Avenida Francia', 'Saavedra']",2,Avenida Francia; Saavedra,-32.973049950000004,-60.6734792,55.0,538.0,Municipio Rosario,Municipio,Rosario,820210,Servicio de Catastro e Información Territorial,IGN