anio_acci,nro_acci,fecha,desc_dia,fecha_aprox,hora_aprox,desc_ruta,km,cant_participantes,desc_participante,calle_avenida_km,total,heridos_leves,heridos_graves,heridos_gravisimos,ilesos,fallecidos,sin_datos,posicion_XY,desc_tipo_via,desc_ruta_ori,desc_loc,desc_dpto,desc_tipo_calzada,desc_tipo_banquina,desc_unidad_regional,desc_lugar_calzada,desc_zona,desc_prioridad,desc_estado_semaforo,desc_lugar_via,desc_estado_via,desc_estado_visibilidad,desc_luminosidad,desc_estado_clima,desc_tipo_colision,desc_tipo_atropello,desc_tipo_hecho,desc_pres_calzada,desc_senializacion,desc_separacion_via,desc_restriccion,forma_geocod,calle_lista,numero_calles,calles_osm,lat,lon,index_right,gid,fna,gna,nam,in1,fdc,sag
2012,3351,2012-03-23,Viernes,0.0,21:00:00,,0.0,2,"Moto/Ciclomotor,Automóvil",BV. SEGUI E IRIONDO,3,2,0,0,1,0,0,,Avenida,,ROSARIO,Rosario,Asfalto,No existe,II,Dentro,Urbana,Ninguna,No existe,Intersección,Bueno,Buena,"Nocturna,Con luz artificial",Buen Tiempo,De alcance,S/D,Colisión,S/D,Vertical,Cordón divisorio,Sin restricción,POINT (-60.67784519999999 -32.973457749999994),"['Bulevar Juan Francisco Seguí', 'Iriondo']",2,Bulevar Juan Francisco Seguí; Iriondo,-32.973457749999994,-60.67784519999999,55.0,538.0,Municipio Rosario,Municipio,Rosario,820210,Servicio de Catastro e Información Territorial,IGN
2012,3352,2012-02-23,Jueves,0.0,16:15:00,,0.0,2,"Peatón,Otros",ALSINA Y DR. RIVAS,2,1,0,0,1,0,0,,S/D,,ROSARIO,Rosario,Asfalto,S/D,II,S/D,Urbana,Ninguna,S/D,Intersección,Bueno,Buena,Diurna,Buen Tiempo,Otro,S/D,Atropello,S/D,S/D,S/D,S/D,POINT (-60.685781799999994 -32.976843899999984),"['Alsina', 'Doctor Francisco Riva']",2,Alsina; Doctor Francisco Riva,-32.976843899999984,-60.6857818,55.0,538.0,Municipio Rosario,Municipio,Rosario,820210,Servicio de Catastro e Información Territorial,IGN
2012,3353,2012-03-24,Sabado,0.0,,,0.0,1,Otros,24 DE SEPTIEMBRE Y SANTA MATILDE,3,2,1,0,0,0,0,,Calle,,ROSARIO,Rosario,Asfalto,No existe,II,Dentro,Urbana,Ninguna,No existe,Intersección,Bueno,Buena,Con luz artificial,Buen Tiempo,S/D,S/D,S/D,S/D,Vertical,Ninguna,Sin restricción,POINT (-60.6842164 -32.9735264),"['24 de Septiembre', 'Santa Matilde']",2,24 de Septiembre; Santa Matilde,-32.9735264,-60.6842164,55.0,538.0,Municipio Rosario,Municipio,Rosario,820210,Servicio de Catastro e Información Territorial,IGN
2012,3354,2012-03-24,Sabado,0.0,16:30:00,,0.0,2,"Moto/Ciclomotor,Automóvil",BV. AVELLANEDA 4400,4,1,1,0,2,0,0,,Avenida,,ROSARIO,Rosario,Asfalto,No existe,II,Dentro,Urbana,Ninguna,No existe,Recta,Bueno,Buena,Diurna,Buen Tiempo,De alcance,S/D,Colisión,S/D,Vertical,Cordón divisorio,Sin restricción,"-32.9533844, -60.6827991",['Avellaneda 4400'],1,Avellaneda 4400,-32.9533844,-60.6827991,55.0,538.0,Municipio Rosario,Municipio,Rosario,820210,Servicio de Catastro e Información Territorial,IGN
2012,3355,2012-03-25,Domingo,0.0,15:45:00,,0.0,2,"Moto/Ciclomotor,Automóvil",OV. LAGOS Y CORONEL ARNOLD,3,1,0,0,2,0,0,,Avenida,,ROSARIO,Rosario,Asfalto,No existe,II,Dentro,Urbana,Ninguna,No existe,Intersección,Bueno,Buena,Diurna,Buen Tiempo,Lateral,S/D,Colisión,S/D,Vertical,Cordón divisorio,Sin restricción,POINT (-60.67327350000001 -32.99105795),"['Avenida Ovidio Lagos', 'Arnold']",2,Avenida Ovidio Lagos; Arnold,-32.99105795,-60.67327350000001,55.0,538.0,Municipio Rosario,Municipio,Rosario,820210,Servicio de Catastro e Información Territorial,IGN
2012,3358,2012-03-02,Viernes,0.0,20:00:00,,0.0,2,"Peatón,Moto/Ciclomotor",JOSE INGENIEROS Y DONADO,2,1,0,0,1,0,0,,Calle,,ROSARIO,Rosario,Asfalto,S/D,II,Dentro,Urbana,S/D,S/D,Recta,Bueno,S/D,S/D,Buen Tiempo,Lateral,S/D,Colisión,S/D,Horizontal,Barrera de hormigón,Sin restricción,POINT (-60.72802910000001 -32.9174865),"['José Ingenieros', 'Donado']",2,José Ingenieros; José Agustín Donado,-32.9174865,-60.72802910000001,55.0,538.0,Municipio Rosario,Municipio,Rosario,820210,Servicio de Catastro e Información Territorial,IGN
2012,3359,2012-03-03,Sabado,0.0,15:30:00,,0.0,2,"Moto/Ciclomotor,Moto/Ciclomotor",PCIAS. UNIDAS Y RUSIA,2,1,0,0,1,0,0,,Avenida,,ROSARIO,Rosario,Asfalto,No existe,II,Dentro,Urbana,S/D,No existe,Recta,Bueno,Buena,Diurna,Buen Tiempo,Lateral,S/D,Colisión,S/D,Horizontal,Barrera de hormigón,Sin restricción,POINT (-60.7128985 -32.935139400000004),"['Avenida Provincias Unidas', 'Prusia']",2,Avenida Provincias Unidas; Prusia,-32.935139400000004,-60.7128985,55.0,538.0,Municipio Rosario,Municipio,Rosario,820210,Servicio de Catastro e Información Territorial,IGN
2012,3361,2012-03-09,Viernes,0.0,08:15:00,,0.0,2,"Moto/Ciclomotor,Otros",J. J. PASOS Y BV. CIRCUNVALACION,2,1,0,0,1,0,0,,Avenida,,ROSARIO,Rosario,Asfalto,No existe,II,Dentro,Urbana,S/D,No existe,Recta,Bueno,Buena,Amanecer,Buen Tiempo,Frontal,S/D,Colisión,S/D,Horizontal,Barrera de hormigón,Sin restricción,POINT (-60.723727529563504 -32.92055900258327),"['Juan José Paso', 'Circunvalacion']",2,Avenida Juan José Paso; Avenida de Circunvalación 25 de Mayo,-32.92055900258327,-60.723727529563504,55.0,538.0,Municipio Rosario,Municipio,Rosario,820210,Servicio de Catastro e Información Territorial,IGN
2012,3367,2012-03-20,Martes,0.0,16:40:00,,0.0,2,"Moto/Ciclomotor,Pickup/Utilitario",AREVALO Y BRASIL,2,1,0,0,1,0,0,,Calle,,ROSARIO,Rosario,Asfalto,No existe,II,Dentro,Urbana,S/D,No existe,Recta,Bueno,Buena,Diurna,Buen Tiempo,Lateral,S/D,Colisión,S/D,Horizontal,Barrera de hormigón,Sin restricción,POINT (-60.72005190000001 -32.93087069999999),"['Arévalo', 'Brasil']",2,Arévalo; Brasil,-32.93087069999999,-60.72005190000001,55.0,538.0,Municipio Rosario,Municipio,Rosario,820210,Servicio de Catastro e Información Territorial,IGN
2012,3368,2012-03-20,Martes,0.0,17:45:00,,0.0,2,"Moto/Ciclomotor,Moto/Ciclomotor",BRASSEY Y TARRAGONA,2,1,0,0,1,0,0,,Calle,,ROSARIO,Rosario,Asfalto,No existe,II,Dentro,Urbana,S/D,No existe,Recta,Bueno,Buena,Atardecer,Buen Tiempo,Lateral,S/D,Colisión,S/D,Horizontal,Barrera de hormigón,Sin restricción,POINT (-60.734729300000005 -32.92308109999998),"['Brassey', 'Tarragona']",2,Brassey; Tarragona,-32.92308109999998,-60.734729300000005,55.0,538.0,Municipio Rosario,Municipio,Rosario,820210,Servicio de Catastro e Información Territorial,IGN
2012,3370,2012-03-24,Sabado,0.0,21:00:00,,0.0,2,"Moto/Ciclomotor,Automóvil",AV. CIRCUNVALACION Y J. J. PASOS,2,1,0,0,1,0,0,,Avenida,,ROSARIO,Rosario,Asfalto,No existe,II,Dentro,Urbana,S/D,No existe,Recta,Bueno,Buena,Nocturna,Buen Tiempo,Lateral,S/D,Colisión,S/D,Horizontal,Barrera de hormigón,Sin restricción,POINT (-60.723727529563504 -32.92055900258326),"['Circunvalacion', 'Juan José Paso']",2,Avenida de Circunvalación 25 de Mayo; Avenida Juan José Paso,-32.92055900258326,-60.723727529563504,55.0,538.0,Municipio Rosario,Municipio,Rosario,820210,Servicio de Catastro e Información Territorial,IGN
2012,3566,2012-04-05,Jueves,0.0,22:15:00,,0.0,2,"Peatón,Automóvil",Bv. Avellaneda y Garay,2,0,0,0,1,1,0,,Avenida,,ROSARIO,Rosario,Asfalto,Pavimento,II,Dentro,Urbana,Paso Peatonal,S/D,Intersección,Bueno,Buena,"Nocturna,Con luz artificial",Buen Tiempo,S/D,S/D,Atropello,S/D,Horizontal,Cordón divisorio,S/D,POINT (-60.6862105 -32.9671833),"['Avellaneda', 'Garay']",2,Bulevar Nicolás Avellaneda; Juan de Garay,-32.9671833,-60.6862105,55.0,538.0,Municipio Rosario,Municipio,Rosario,820210,Servicio de Catastro e Información Territorial,IGN
2012,3631,2012-04-20,Viernes,0.0,21:00:00,,0.0,2,"Moto/Ciclomotor,Pickup/Utilitario",Bv. Segui e Iriondo,2,0,0,0,1,1,0,,Avenida,,ROSARIO,Rosario,Asfalto,Pavimento,II,Dentro,Urbana,Señal Pare,No existe,Intersección,Bueno,Buena,"Nocturna,Con luz artificial",Buen Tiempo,Lateral,S/D,Colisión,S/D,"Horizontal,Vertical","Cordón divisorio,Vegetación",S/D,POINT (-60.67784519999999 -32.973457749999994),"['Bulevar Juan Francisco Seguí', 'Iriondo']",2,Bulevar Juan Francisco Seguí; Iriondo,-32.973457749999994,-60.67784519999999,55.0,538.0,Municipio Rosario,Municipio,Rosario,820210,Servicio de Catastro e Información Territorial,IGN
2012,3700,2012-04-21,Sabado,0.0,19:00:00,,0.0,2,"Automóvil,Moto/Ciclomotor",Liniers y Gorriti,2,1,0,0,0,0,1,,Calle,,ROSARIO,Rosario,Asfalto,S/D,II,Dentro,Urbana,Ninguna,S/D,Intersección,Con baches,S/D,S/D,Otro,Lateral,S/D,Colisión,Otro,Faltante,Ninguna,S/D,POINT (-60.69916739999999 -32.92397690000001),"['Liniers', 'Gorriti']",2,Liniers; Gorriti,-32.92397690000001,-60.69916739999999,55.0,538.0,Municipio Rosario,Municipio,Rosario,820210,Servicio de Catastro e Información Territorial,IGN
2012,4942,2012-04-04,Miercoles,0.0,08:30:00,,0.0,2,"Automóvil,Automóvil",PELLEGRINI 400,2,1,0,0,1,0,0,,Avenida,,ROSARIO,Rosario,Asfalto,S/D,II,Dentro,Urbana,Semáforo,Funciona,Recta,Bueno,Buena,Diurna,S/D,Otro,S/D,Colisión,S/D,S/D,Cordón divisorio,S/D,"-32.958959, -60.6308602",['Pellegrini 400'],1,Pellegrini 400,-32.958959,-60.6308602,55.0,538.0,Municipio Rosario,Municipio,Rosario,820210,Servicio de Catastro e Información Territorial,IGN
2012,4943,2012-04-06,Viernes,0.0,11:00:00,,0.0,2,"Moto/Ciclomotor,Automóvil",BS. AS. Y E DE FEBRERO,2,1,0,0,1,0,0,,Calle,,ROSARIO,Rosario,Asfalto,S/D,II,Dentro,Urbana,Ninguna,No existe,Intersección,Bueno,Buena,Diurna,S/D,Lateral,S/D,Colisión,S/D,S/D,Cordón divisorio,S/D,POINT (-60.63427490000001 -32.9536983),"['Buenos Aires', '3 de Febrero']",2,Buenos Aires; 3 de Febrero,-32.9536983,-60.63427490000001,55.0,538.0,Municipio Rosario,Municipio,Rosario,820210,Servicio de Catastro e Información Territorial,IGN
2012,4946,2012-04-05,Jueves,0.0,17:45:00,,0.0,2,"Automóvil,Pickup/Utilitario",NECOCHEA Y 9 DE JULIO,3,1,0,0,2,0,0,,Calle,,ROSARIO,Rosario,Asfalto,S/D,II,Dentro,Urbana,Ninguna,No existe,Intersección,Bueno,S/D,Diurna,S/D,Lateral,S/D,Colisión,S/D,Faltante,Cordón divisorio,S/D,POINT (-60.6260718 -32.95634779999999),"['Necochea', '9 de Julio']",2,Necochea; 9 de Julio,-32.95634779999999,-60.6260718,55.0,538.0,Municipio Rosario,Municipio,Rosario,820210,Servicio de Catastro e Información Territorial,IGN
2012,4948,2012-04-02,Lunes,0.0,06:45:00,,0.0,2,"Moto/Ciclomotor,Automóvil",LAPRIDA Y  PELLEGRINI,2,1,0,0,1,0,0,,Calle,,ROSARIO,Rosario,Asfalto,S/D,II,Dentro,Urbana,Semáforo,Funciona,Intersección,Bueno,Buena,Amanecer,S/D,Lateral,S/D,Colisión,S/D,S/D,Cordón divisorio,S/D,POINT (-60.63694769999999 -32.958013449999996),"['Laprida', 'Pellegrini']",2,Francisco Narciso Laprida; Avenida Carlos Pellegrini,-32.95801345,-60.63694769999999,55.0,538.0,Municipio Rosario,Municipio,Rosario,820210,Servicio de Catastro e Información Territorial,IGN
2012,4950,2012-04-03,Martes,0.0,12:45:00,,0.0,2,"Automóvil,Taxi/Remis",9 DEJULIO Y MAIPU,2,1,0,0,1,0,0,,Calle,,ROSARIO,Rosario,Asfalto,S/D,II,Dentro,Urbana,Semáforo,Funciona,Intersección,Bueno,Buena,Diurna,Buen Tiempo,Lateral,S/D,Colisión,S/D,S/D,Cordón divisorio,Sin restricción,POINT (-60.637184000000005 -32.95440359999999),"['9 de Julio', 'Maipú']",2,9 de Julio; Maipú,-32.95440359999999,-60.637184000000005,55.0,538.0,Municipio Rosario,Municipio,Rosario,820210,Servicio de Catastro e Información Territorial,IGN
2012,4954,2012-04-04,Miercoles,0.0,16:30:00,,0.0,2,"Bicicleta,Taxi/Remis",LAPRIDA 700,2,1,0,0,1,0,0,,Calle,,ROSARIO,Rosario,Asfalto,S/D,II,Dentro,Urbana,Semáforo,Funciona,Recta,Bueno,Buena,Diurna,S/D,Otro,S/D,Atropello,S/D,S/D,Cordón divisorio,Sin restricción,"-32.946549, -60.6335833",['Laprida 700'],1,Laprida 700,-32.946549,-60.6335833,55.0,538.0,Municipio Rosario,Municipio,Rosario,820210,Servicio de Catastro e Información Territorial,IGN
2012,4955,2012-04-20,Viernes,0.0,08:30:00,,0.0,2,"Moto/Ciclomotor,Automóvil",NECOCHEA Y MONTEVIDEO,2,1,0,0,1,0,0,,Calle,,ROSARIO,Rosario,Asfalto,S/D,II,Dentro,Urbana,Ninguna,No existe,Intersección,Bueno,Buena,Diurna,S/D,Lateral,S/D,Colisión,S/D,Faltante,Cordón divisorio,S/D,POINT (-60.6266133 -32.9586352),"['Necochea', 'Montevideo']",2,Necochea; Montevideo,-32.9586352,-60.6266133,55.0,538.0,Municipio Rosario,Municipio,Rosario,820210,Servicio de Catastro e Información Territorial,IGN
2012,4959,2012-04-19,Jueves,0.0,,,0.0,2,"Tracción animal / Carro,Pickup/Utilitario",GORRITI Y TTE. AGNETA,2,1,0,0,1,0,0,,Calle,,ROSARIO,Rosario,Asfalto,S/D,II,S/D,Urbana,S/D,No existe,Intersección,Bueno,S/D,S/D,S/D,Otro,S/D,Colisión,S/D,S/D,S/D,S/D,POINT (-60.7004582 -32.92401259999999),"['Gorriti', 'Teniente Agneta']",2,Gorriti; Teniente Agneta,-32.92401259999999,-60.7004582,55.0,538.0,Municipio Rosario,Municipio,Rosario,820210,Servicio de Catastro e Información Territorial,IGN
2012,4961,2012-04-19,Jueves,0.0,,,0.0,2,"Peatón,Automóvil",JUNIN Y F. NORIS,2,1,0,0,1,0,0,,Calle,,ROSARIO,Rosario,Asfalto,Pavimento,II,S/D,Urbana,Ninguna,No existe,Recta,Bueno,Buena,Con luz artificial,Buen Tiempo,Otro,S/D,Atropello,S/D,Faltante,Ninguna,Sin restricción,POINT (-60.70393299999999 -32.92734089999999),"['Junín', 'Juan Díaz de Solís']",2,Junín; Juan Díaz de Solís,-32.92734089999999,-60.70393299999999,55.0,538.0,Municipio Rosario,Municipio,Rosario,820210,Servicio de Catastro e Información Territorial,IGN
2012,4971,2012-04-03,Martes,0.0,09:30:00,,0.0,2,"Moto/Ciclomotor,Automóvil",AV. MENDOZA Y COLOMBIA,2,1,0,0,1,0,0,,Calle,,ROSARIO,Rosario,Asfalto,Pavimento,II,Dentro,Urbana,Semáforo,Funciona,Intersección,Bueno,Buena,Diurna,S/D,Lateral,S/D,Colisión,S/D,Faltante,Cordón divisorio,S/D,POINT (-60.71610885 -32.94033145),"['Mendoza', 'Colombia']",2,Mendoza; Colombia,-32.94033145,-60.71610885,55.0,538.0,Municipio Rosario,Municipio,Rosario,820210,Servicio de Catastro e Información Territorial,IGN
2012,4973,2012-04-03,Martes,0.0,16:45:00,,0.0,2,"Automóvil,Pickup/Utilitario",DERQUI Y FRAGA,2,1,0,0,1,0,0,,Calle,,ROSARIO,Rosario,Asfalto,S/D,II,Dentro,Urbana,Ninguna,S/D,Intersección,Bueno,S/D,S/D,S/D,Lateral,S/D,Colisión,S/D,Faltante,Ninguna,Sin restricción,POINT (-60.710338 -32.937963399999994),"['Derqui', 'Fraga']",2,Derqui; Rosendo María Fraga,-32.937963399999994,-60.710338,55.0,538.0,Municipio Rosario,Municipio,Rosario,820210,Servicio de Catastro e Información Territorial,IGN
2012,4974,2012-04-03,Martes,0.0,18:20:00,,0.0,2,"Moto/Ciclomotor,Taxi/Remis",AV. PROVINCIAS UNIDAS Y CERRITO,2,1,0,0,1,0,0,,Calle,,ROSARIO,Rosario,Asfalto,S/D,II,Dentro,Urbana,Ninguna,S/D,Recta,Bueno,S/D,S/D,S/D,Otro,S/D,Colisión,S/D,Vertical,Cordón divisorio,Sin restricción,POINT (-60.7120531 -32.95333595),"['Avenida Provincias Unidas', 'Cerrito']",2,Avenida Provincias Unidas; Cerrito,-32.95333595,-60.7120531,55.0,538.0,Municipio Rosario,Municipio,Rosario,820210,Servicio de Catastro e Información Territorial,IGN
2012,4975,2012-04-04,Miercoles,0.0,10:00:00,,0.0,2,"Peatón,Automóvil",AV. PELLEGRINI Y ROUILLON,2,0,1,0,1,0,0,,Avenida,,ROSARIO,Rosario,Asfalto,S/D,II,Dentro,Urbana,Ninguna,S/D,Recta,Bueno,S/D,S/D,S/D,Otro,S/D,Atropello,S/D,Vertical,Cordón divisorio,Sin restricción,POINT (-60.70191075 -32.94831669999999),"['Pellegrini', 'Alfredo Rouillón']",2,Avenida Carlos Pellegrini; Alfredo Rouillón,-32.94831669999999,-60.70191075,55.0,538.0,Municipio Rosario,Municipio,Rosario,820210,Servicio de Catastro e Información Territorial,IGN
2012,4977,2012-04-05,Jueves,0.0,16:10:00,,0.0,2,"Moto/Ciclomotor,Automóvil",RIOBAMBA Y GUATEMALA,3,2,0,0,1,0,0,,Calle,,ROSARIO,Rosario,Asfalto,Pavimento,II,Dentro,Urbana,Ninguna,S/D,Intersección,Bueno,Buena,Diurna,S/D,Lateral,S/D,Colisión,S/D,Vertical,Cordón divisorio,Sin restricción,POINT (-60.7166814 -32.9546486),"['Riobamba', 'Guatemala']",2,Riobamba; Guatemala,-32.9546486,-60.7166814,55.0,538.0,Municipio Rosario,Municipio,Rosario,820210,Servicio de Catastro e Información Territorial,IGN
2012,4978,2012-04-05,Jueves,0.0,17:50:00,,0.0,2,"Moto/Ciclomotor,Automóvil",AV. PELLEGRINI Y COLOMBIA,3,1,0,0,2,0,0,,Calle,,ROSARIO,Rosario,Asfalto,Pavimento,II,Dentro,Urbana,Ninguna,No existe,Intersección,Bueno,Buena,Diurna,S/D,Lateral,S/D,Colisión,S/D,Vertical,Cordón divisorio,Sin restricción,POINT (-60.71578735 -32.948684150000005),"['Pellegrini', 'Colombia']",2,Avenida Carlos Pellegrini; Colombia,-32.948684150000005,-60.71578735,55.0,538.0,Municipio Rosario,Municipio,Rosario,820210,Servicio de Catastro e Información Territorial,IGN
2012,4980,2012-04-09,Lunes,0.0,21:00:00,,0.0,2,"Automóvil,Automóvil",AV. PROVINCIAS UNIDAS Y MONTEVIDEO,3,1,0,0,2,0,0,,Avenida,,ROSARIO,Rosario,Asfalto,Pavimento,II,Dentro,Urbana,Ninguna,Intermitente,Recta,Bueno,Buena,Nocturna,S/D,Otro,S/D,Colisión,S/D,Vertical,Cordón divisorio,Sin restricción,POINT (-60.71230545 -32.9474568),"['Avenida Provincias Unidas', 'Montevideo']",2,Avenida Provincias Unidas; Montevideo,-32.9474568,-60.71230545,55.0,538.0,Municipio Rosario,Municipio,Rosario,820210,Servicio de Catastro e Información Territorial,IGN
2012,4982,2012-04-10,Martes,0.0,19:35:00,,0.0,2,"Moto/Ciclomotor,Automóvil",AV. PROVINCIAS UNIDAS Y RIO NEGRO,2,1,0,0,1,0,0,,Avenida,,ROSARIO,Rosario,Asfalto,Pavimento,II,Dentro,Urbana,Ninguna,No existe,Intersección,Bueno,Buena,Atardecer,S/D,Otro,S/D,Colisión,S/D,Vertical,Cordón divisorio,Sin restricción,POINT (-60.71235555 -32.94607385),"['Avenida Provincias Unidas', 'Rio Negro']",2,Avenida Provincias Unidas; Río Negro,-32.94607385,-60.71235555,55.0,538.0,Municipio Rosario,Municipio,Rosario,820210,Servicio de Catastro e Información Territorial,IGN
2012,4983,2012-04-10,Martes,0.0,17:10:00,,0.0,2,"Moto/Ciclomotor,Otros",MAGALLANES Y PEREZ BULNES,3,2,0,0,1,0,0,,Calle,,ROSARIO,Rosario,Asfalto,Pavimento,II,Dentro,Urbana,Ninguna,No existe,Recta,Bueno,S/D,S/D,Buen Tiempo,Otro,S/D,Colisión,S/D,Vertical,Ninguna,Sin restricción,POINT (-60.70440419999999 -32.9422183),"['Magallanes', 'Pérez Bulnes']",2,Magallanes; Pérez Bulnes,-32.9422183,-60.70440419999999,55.0,538.0,Municipio Rosario,Municipio,Rosario,820210,Servicio de Catastro e Información Territorial,IGN
2012,4986,2012-04-16,Lunes,0.0,15:00:00,,0.0,2,"Peatón,Moto/Ciclomotor",MENDOZA 6027,2,2,0,0,0,0,0,,Calle,,ROSARIO,Rosario,Asfalto,No existe,II,Dentro,Urbana,Ninguna,No existe,Recta,Bueno,Buena,Diurna,Buen Tiempo,Otro,S/D,Atropello,S/D,S/D,Línea divisoria pintada,Sin restricción,"-32.9401121122449, -60.70482902040816",['Mendoza 6027'],1,Mendoza 6027,-32.9401121122449,-60.70482902040816,55.0,538.0,Municipio Rosario,Municipio,Rosario,820210,Servicio de Catastro e Información Territorial,IGN
2012,4987,2012-04-16,Lunes,0.0,15:00:00,,0.0,2,"Moto/Ciclomotor,Automóvil",LARREA Y SAN JUAN,2,1,0,0,1,0,0,,Calle,,ROSARIO,Rosario,Asfalto,No existe,II,Dentro,Urbana,Semáforo,Funciona,Intersección,Bueno,Buena,Diurna,Buen Tiempo,Lateral,S/D,Colisión,S/D,S/D,Cordón divisorio,Sin restricción,POINT (-60.6972533 -32.9407014),"['Larrea', 'San Juan']",2,Larrea; San Juan,-32.9407014,-60.6972533,55.0,538.0,Municipio Rosario,Municipio,Rosario,820210,Servicio de Catastro e Información Territorial,IGN
2012,4999,2012-01-18,Miercoles,0.0,18:00:00,,0.0,2,"Moto/Ciclomotor,Automóvil",Urquiza y Lima,2,1,0,0,1,0,0,,Calle,,ROSARIO,Rosario,Asfalto,No existe,II,Fuera,Urbana,S/D,No existe,Recta,Bueno,Buena,Diurna,Buen Tiempo,S/D,S/D,Colisión,S/D,Faltante,S/D,S/D,POINT (-60.68234129999999 -32.934874099999995),"['Urquiza', 'Lima']",2,Justo José de Urquiza; Lima,-32.934874099999995,-60.68234129999999,55.0,538.0,Municipio Rosario,Municipio,Rosario,820210,Servicio de Catastro e Información Territorial,IGN
2012,5032,2012-04-17,Martes,0.0,11:25:00,,0.0,2,"Moto/Ciclomotor,Pickup/Utilitario",PELLEGRINI Y CAMBELL,2,1,0,0,1,0,0,,Calle,,ROSARIO,Rosario,Asfalto,S/D,II,Dentro,Urbana,Semáforo,S/D,Intersección,Bueno,Buena,Diurna,Buen Tiempo,S/D,S/D,Colisión,S/D,S/D,Cordón divisorio,Sin restricción,POINT (-60.70760005 -32.9484703),"['Pellegrini', 'Campbell']",2,Avenida Carlos Pellegrini; Campbell,-32.9484703,-60.70760005,55.0,538.0,Municipio Rosario,Municipio,Rosario,820210,Servicio de Catastro e Información Territorial,IGN
2012,5033,2012-04-17,Martes,0.0,10:10:00,,0.0,3,"Automóvil,Automóvil,Automóvil",GUATEMALA Y NEUQUEN,3,1,0,0,2,0,0,,Calle,,ROSARIO,Rosario,Asfalto,No existe,II,Dentro,Urbana,Ninguna,Funciona,Intersección,Bueno,Buena,Diurna,Buen Tiempo,Lateral,S/D,Colisión,S/D,S/D,Línea divisoria pintada,Sin restricción,POINT (-60.717064900000004 -32.944720999999994),"['Guatemala', 'Neuquen']",2,Guatemala; Neuquén,-32.944720999999994,-60.7170649,55.0,538.0,Municipio Rosario,Municipio,Rosario,820210,Servicio de Catastro e Información Territorial,IGN
2012,5034,2012-04-17,Martes,0.0,17:00:00,,0.0,2,"Moto/Ciclomotor,Automóvil",MENDOZA Y CULLEN,2,1,0,0,1,0,0,,Calle,,ROSARIO,Rosario,Asfalto,No existe,II,Dentro,Urbana,Semáforo,Funciona,Intersección,Bueno,Buena,Diurna,Buen Tiempo,Lateral,S/D,Colisión,S/D,S/D,Cordón divisorio,Sin restricción,POINT (-60.70910775 -32.940137499999985),"['Mendoza', 'Cullen']",2,Mendoza; Cullen,-32.940137499999985,-60.70910775,55.0,538.0,Municipio Rosario,Municipio,Rosario,820210,Servicio de Catastro e Información Territorial,IGN
2012,5035,2012-04-17,Martes,0.0,18:00:00,,0.0,2,"Moto/Ciclomotor,Automóvil",ITUZAINGO Y GUATEMALA,2,1,0,0,1,0,0,,Calle,,ROSARIO,Rosario,Asfalto,No existe,II,Dentro,Urbana,Semáforo,Funciona,Intersección,Bueno,Buena,Diurna,Buen Tiempo,Lateral,S/D,Colisión,Agua,S/D,Línea divisoria pintada,Sin restricción,POINT (-60.71677820000001 -32.95230799999999),"['Ituzaingó', 'Guatemala']",2,Ituzaingó; Guatemala,-32.95230799999999,-60.71677820000001,55.0,538.0,Municipio Rosario,Municipio,Rosario,820210,Servicio de Catastro e Información Territorial,IGN
2012,5036,2012-04-18,Miercoles,0.0,18:04:00,,0.0,2,"Bicicleta,Automóvil",AV. PROVINCIAS UNIDAS Y SANTA FE,3,1,0,0,2,0,0,,Avenida,,ROSARIO,Rosario,Asfalto,No existe,II,Dentro,Urbana,Semáforo,Funciona,Intersección,Bueno,Buena,Diurna,Buen Tiempo,Otro,S/D,Atropello,S/D,S/D,Cordón divisorio,Sin restricción,POINT (-60.71282755 -32.93571179999999),"['Avenida Provincias Unidas', 'Santa Fe']",2,Avenida Provincias Unidas; Santa Fe,-32.93571179999999,-60.71282755,55.0,538.0,Municipio Rosario,Municipio,Rosario,820210,Servicio de Catastro e Información Territorial,IGN
2012,5037,2012-04-18,Miercoles,0.0,16:00:00,,0.0,2,"Automóvil,Automóvil",SAN JUAN 5100,3,2,0,0,1,0,0,,Calle,,ROSARIO,Rosario,Asfalto,No existe,II,Dentro,Urbana,Ninguna,No existe,Recta,Bueno,Buena,Diurna,Buen Tiempo,Frontal,S/D,Colisión,S/D,S/D,Línea divisoria pintada,Sin restricción,"-32.9404866, -60.6934294",['San Juan 5100'],1,San Juan 5100,-32.9404866,-60.6934294,55.0,538.0,Municipio Rosario,Municipio,Rosario,820210,Servicio de Catastro e Información Territorial,IGN
2012,5038,2012-04-20,Viernes,0.0,09:30:00,,0.0,2,"Automóvil,Automóvil",MENDOZA Y SOLIS,2,1,0,0,1,0,0,,Calle,,ROSARIO,Rosario,Asfalto,No existe,II,Dentro,Urbana,Semáforo,Funciona,Intersección,Bueno,Buena,Diurna,Buen Tiempo,Frontal,S/D,Colisión,S/D,S/D,Barrera de hormigón,Sin restricción,POINT (-60.7034051 -32.939993799999996),"['Mendoza', 'Solis']",2,Mendoza; Juan Díaz de Solís,-32.9399938,-60.7034051,55.0,538.0,Municipio Rosario,Municipio,Rosario,820210,Servicio de Catastro e Información Territorial,IGN