anio_acci,nro_acci,fecha,desc_dia,fecha_aprox,hora_aprox,desc_ruta,km,cant_participantes,desc_participante,calle_avenida_km,total,heridos_leves,heridos_graves,heridos_gravisimos,ilesos,fallecidos,sin_datos,posicion_XY,desc_tipo_via,desc_ruta_ori,desc_loc,desc_dpto,desc_tipo_calzada,desc_tipo_banquina,desc_unidad_regional,desc_lugar_calzada,desc_zona,desc_prioridad,desc_estado_semaforo,desc_lugar_via,desc_estado_via,desc_estado_visibilidad,desc_luminosidad,desc_estado_clima,desc_tipo_colision,desc_tipo_atropello,desc_tipo_hecho,desc_pres_calzada,desc_senializacion,desc_separacion_via,desc_restriccion,forma_geocod,calle_lista,numero_calles,calles_osm,lat,lon,index_right,gid,fna,gna,nam,in1,fdc,sag
2012,5040,2012-04-09,Lunes,0.0,12:30:00,,0.0,2,"Transporte de Pasajeros Urbano (> 8 asientos),Otros",LARREA Y JUAN JOSE PASO,3,1,0,0,0,0,2,,Calle,,ROSARIO,Rosario,Asfalto,No existe,II,Dentro,Urbana,Ninguna,No existe,Intersección,Bueno,Buena,Diurna,S/D,Lateral,S/D,"Caída ocupante,Colisión",S/D,Faltante,Ninguna,Sin restricción,POINT (-60.69799725 -32.91979094999999),"['Larrea', 'Juan José Paso']",2,Larrea; Avenida Juan José Paso,-32.91979094999999,-60.69799725,55.0,538.0,Municipio Rosario,Municipio,Rosario,820210,Servicio de Catastro e Información Territorial,IGN
2012,5041,2012-04-05,Jueves,0.0,23:30:00,,0.0,2,"Peatón,Automóvil",GENOVA Y GARZON,2,1,0,0,1,0,0,,Calle,,ROSARIO,Rosario,Asfalto,No existe,II,Dentro,Urbana,Ninguna,No existe,Intersección,Bueno,S/D,Con luz artificial,S/D,Otro,S/D,Atropello,S/D,Faltante,Ninguna,Sin restricción,POINT (-60.7063289 -32.91580020000001),"['Genova', 'Garzón']",2,Avenida Génova; Garzón,-32.91580020000001,-60.7063289,55.0,538.0,Municipio Rosario,Municipio,Rosario,820210,Servicio de Catastro e Información Territorial,IGN
2012,5042,2012-04-02,Lunes,0.0,23:20:00,,0.0,2,"Moto/Ciclomotor,Pickup/Utilitario",JUAN JOSE PASO Y GARZON,2,1,0,0,1,0,0,,Calle,,ROSARIO,Rosario,Asfalto,No existe,II,Dentro,Urbana,Ninguna,No existe,Intersección,Bueno,S/D,Con luz artificial,S/D,Lateral,S/D,Colisión,S/D,Faltante,Ninguna,Sin restricción,POINT (-60.7063232 -32.92003734999999),"['Juan José Paso', 'Garzón']",2,Avenida Juan José Paso; Garzón,-32.92003734999999,-60.7063232,55.0,538.0,Municipio Rosario,Municipio,Rosario,820210,Servicio de Catastro e Información Territorial,IGN
2012,5043,2012-04-02,Lunes,0.0,18:00:00,,0.0,2,"Moto/Ciclomotor,Automóvil",SCHWEITZER Y AV. PROVINCIAS UNIDAS,2,1,0,0,0,0,1,,Avenida,,ROSARIO,Rosario,Asfalto,No existe,II,Dentro,Urbana,Ninguna,No existe,Intersección,Bueno,Buena,Diurna,S/D,Lateral,S/D,Colisión,S/D,Faltante,Cordón divisorio,Sin restricción,POINT (-60.713941950000006 -32.913199899999995),"['Albert Schweitzer', 'Avenida Provincias Unidas']",2,Albert Schweitzer; Avenida Provincias Unidas,-32.913199899999995,-60.713941950000006,55.0,538.0,Municipio Rosario,Municipio,Rosario,820210,Servicio de Catastro e Información Territorial,IGN
2012,5044,2012-04-02,Lunes,0.0,23:30:00,,0.0,2,"Moto/Ciclomotor,Moto/Ciclomotor",JUAN JOSE PASO Y MEXICO,3,3,0,0,0,0,0,,Calle,,ROSARIO,Rosario,Asfalto,No existe,II,Dentro,Urbana,Ninguna,No existe,Intersección,Bueno,S/D,Con luz artificial,S/D,Lateral,S/D,Colisión,S/D,Faltante,Cordón divisorio,Sin restricción,POINT (-60.7193214 -32.920441249999996),"['Juan José Paso', 'Mejico']",2,Avenida Juan José Paso; Méjico,-32.92044125,-60.7193214,55.0,538.0,Municipio Rosario,Municipio,Rosario,820210,Servicio de Catastro e Información Territorial,IGN
2012,5045,2012-04-01,Domingo,0.0,05:20:00,,0.0,2,"Moto/Ciclomotor,Automóvil",FRENCH Y PERU,3,2,0,0,1,0,0,,Calle,,ROSARIO,Rosario,Asfalto,No existe,II,Dentro,Urbana,Ninguna,No existe,Intersección,Bueno,S/D,Amanecer,S/D,Lateral,S/D,Colisión,S/D,Faltante,S/D,Sin restricción,POINT (-60.7121846 -32.92176010000001),"['French', 'Peru']",2,Domingo French; Perú,-32.92176010000001,-60.7121846,55.0,538.0,Municipio Rosario,Municipio,Rosario,820210,Servicio de Catastro e Información Territorial,IGN
2012,5046,2012-04-07,Sabado,0.0,20:30:00,,0.0,2,"Moto/Ciclomotor,Moto/Ciclomotor",CULLEN Y JUAN JOSE PASO,2,2,0,0,0,0,0,,Calle,,ROSARIO,Rosario,Asfalto,No existe,II,Dentro,Urbana,Semáforo,Funciona,Intersección,Bueno,S/D,S/D,S/D,Lateral,S/D,Colisión,S/D,S/D,S/D,Sin restricción,POINT (-60.7097063 -32.92013579999998),"['Cullen', 'Juan José Paso']",2,Cullen; Avenida Juan José Paso,-32.92013579999998,-60.7097063,55.0,538.0,Municipio Rosario,Municipio,Rosario,820210,Servicio de Catastro e Información Territorial,IGN
2012,5047,2012-04-07,Sabado,0.0,12:20:00,,0.0,2,"Peatón,Moto/Ciclomotor",VICTOR CUE Y RECONQUISTA,2,1,0,0,1,0,0,,Calle,,ROSARIO,Rosario,Asfalto,No existe,II,Dentro,Urbana,Ninguna,No existe,Intersección,Bueno,Buena,Diurna,S/D,Otro,S/D,Atropello,S/D,Faltante,Ninguna,Sin restricción,POINT (-60.69710369999999 -32.9185193),"['Victor Cue', 'Reconquista']",2,Victor Cue; Reconquista,-32.9185193,-60.69710369999999,55.0,538.0,Municipio Rosario,Municipio,Rosario,820210,Servicio de Catastro e Información Territorial,IGN
2012,5048,2012-04-11,Miercoles,0.0,15:05:00,,0.0,2,"Moto/Ciclomotor,Bicicleta",JUAN JOSE PASO Y FRAGA,3,2,0,0,1,0,0,,Calle,,ROSARIO,Rosario,Asfalto,No existe,II,Dentro,Urbana,Ninguna,No existe,Intersección,Bueno,Buena,Diurna,S/D,Otro,S/D,Atropello,S/D,Faltante,Ninguna,Sin restricción,POINT (-60.7114309 -32.9201859),"['Juan José Paso', 'Fraga']",2,Avenida Juan José Paso; Rosendo María Fraga,-32.9201859,-60.7114309,55.0,538.0,Municipio Rosario,Municipio,Rosario,820210,Servicio de Catastro e Información Territorial,IGN
2012,5050,2012-04-20,Viernes,0.0,16:30:00,,0.0,2,"Moto/Ciclomotor,Automóvil",LA REPUBLICA Y AV. PROVINCIAS UNIDAS,3,2,0,0,1,0,0,,Avenida,,ROSARIO,Rosario,Asfalto,No existe,II,Dentro,Urbana,Ninguna,No existe,Intersección,Bueno,Buena,Diurna,Buen Tiempo,Lateral,S/D,Colisión,S/D,Faltante,Cordón divisorio,Sin restricción,POINT (-60.713721250000006 -32.9186124),"['La República', 'Avenida Provincias Unidas']",2,La República; Avenida Provincias Unidas,-32.9186124,-60.713721250000006,55.0,538.0,Municipio Rosario,Municipio,Rosario,820210,Servicio de Catastro e Información Territorial,IGN
2012,5051,2012-04-22,Domingo,0.0,21:30:00,,0.0,2,"Moto/Ciclomotor,Automóvil",CULLEN Y JUAN JOSE PASO,3,2,0,0,1,0,0,,Calle,,ROSARIO,Rosario,Asfalto,No existe,II,Dentro,Urbana,Ninguna,Funciona,Intersección,S/D,Buena,Nocturna,S/D,Lateral,S/D,Colisión,S/D,Vertical,Ninguna,Sin restricción,POINT (-60.7097063 -32.92013579999998),"['Cullen', 'Juan José Paso']",2,Cullen; Avenida Juan José Paso,-32.92013579999998,-60.7097063,55.0,538.0,Municipio Rosario,Municipio,Rosario,820210,Servicio de Catastro e Información Territorial,IGN
2012,5052,2012-03-28,Miercoles,0.0,19:30:00,,0.0,2,"Bicicleta,Automóvil",IGUAZU Y CARRASCO,3,1,0,0,0,0,2,,Calle,,ROSARIO,Rosario,Asfalto,S/D,II,S/D,S/D,S/D,S/D,Recta,Bueno,S/D,S/D,Buen Tiempo,Otro,S/D,Atropello,S/D,Horizontal,Barrera de hormigón,S/D,POINT (-60.68620810000001 -32.92022129999999),"['Iguazu', 'Carrasco']",2,Iguazú; Omar Carrasco,-32.92022129999999,-60.68620810000001,55.0,538.0,Municipio Rosario,Municipio,Rosario,820210,Servicio de Catastro e Información Territorial,IGN
2012,5053,2012-03-31,Sabado,0.0,05:30:00,,0.0,2,"Moto/Ciclomotor,Automóvil",PELLEGRINI Y CULLEN,2,1,0,0,1,0,0,,Avenida,,ROSARIO,Rosario,Asfalto,S/D,II,S/D,Urbana,Ninguna,Funciona,Recta,Bueno,S/D,S/D,Buen Tiempo,"Frontal,Lateral",S/D,Colisión,S/D,Horizontal,Ninguna,S/D,POINT (-60.7087499 -32.9484991),"['Pellegrini', 'Cullen']",2,Avenida Carlos Pellegrini; Cullen,-32.9484991,-60.7087499,55.0,538.0,Municipio Rosario,Municipio,Rosario,820210,Servicio de Catastro e Información Territorial,IGN
2012,5054,2012-04-03,Martes,0.0,07:10:00,,0.0,2,"Moto/Ciclomotor,Automóvil",GENOVA Y CHACO,3,1,0,0,2,0,0,,Calle,,ROSARIO,Rosario,Asfalto,S/D,II,S/D,Urbana,Ninguna,No existe,Recta,Bueno,Buena,Diurna,Buen Tiempo,Lateral,S/D,Colisión,S/D,Faltante,Barrera de hormigón,Sin restricción,POINT (-60.6964954 -32.9155168),"['Genova', 'Chaco']",2,Avenida Génova; Chaco,-32.9155168,-60.6964954,55.0,538.0,Municipio Rosario,Municipio,Rosario,820210,Servicio de Catastro e Información Territorial,IGN
2012,5055,2012-04-09,Lunes,0.0,22:45:00,,0.0,2,"Moto/Ciclomotor,Automóvil",GENOVA 1900,2,0,0,0,1,0,1,,Calle,,ROSARIO,Rosario,Asfalto,S/D,II,S/D,S/D,Ninguna,S/D,Recta,Bueno,S/D,S/D,Buen Tiempo,Frontal,S/D,Colisión,S/D,Faltante,Barrera de hormigón,S/D,"-32.9152413, -60.6893812",['Genova 1900'],1,Genova 1900,-32.9152413,-60.6893812,55.0,538.0,Municipio Rosario,Municipio,Rosario,820210,Servicio de Catastro e Información Territorial,IGN
2012,5056,2012-04-09,Lunes,0.0,19:30:00,,0.0,2,"Moto/Ciclomotor,Automóvil",GENOVA Y F. FLYNN BIS,2,1,0,0,1,0,0,,Calle,,ROSARIO,Rosario,Asfalto,S/D,II,S/D,S/D,Ninguna,S/D,Recta,Bueno,S/D,S/D,Buen Tiempo,Frontal,S/D,Colisión,S/D,Faltante,Barrera de hormigón,S/D,POINT (-60.6952629 -32.91547799999999),"['Genova', 'Flynn']",2,Avenida Génova; Flynn,-32.91547799999999,-60.6952629,55.0,538.0,Municipio Rosario,Municipio,Rosario,820210,Servicio de Catastro e Información Territorial,IGN
2012,5057,2012-04-13,Viernes,0.0,15:00:00,,0.0,2,"Moto/Ciclomotor,Automóvil",ALMAFUERTE Y TRAVESIA,2,1,0,0,1,0,0,,Calle,,ROSARIO,Rosario,Asfalto,S/D,II,S/D,S/D,Semáforo,S/D,Recta,Bueno,S/D,S/D,Buen Tiempo,Frontal,S/D,Colisión,S/D,Horizontal,Barrera de hormigón,S/D,POINT (-60.690326500000005 -32.9174531),"['Almafuerte', 'Avenida Travesía Albert Sabin']",2,Almafuerte; Avenida Travesía Albert Sabin,-32.9174531,-60.690326500000005,55.0,538.0,Municipio Rosario,Municipio,Rosario,820210,Servicio de Catastro e Información Territorial,IGN
2012,5058,2012-04-20,Viernes,0.0,14:20:00,,0.0,2,"Moto/Ciclomotor,Tracción animal / Carro",TRAVESIA Y GENOVA,2,1,0,0,0,0,1,,Calle,,ROSARIO,Rosario,Asfalto,S/D,II,S/D,Urbana,Semáforo,Funciona,Recta,Bueno,Buena,Diurna,Buen Tiempo,Frontal,S/D,Colisión,S/D,S/D,Cordón divisorio,Sin restricción,POINT (-60.69145555 -32.9153654),"['Avenida Travesía Albert Sabin', 'Genova']",2,Avenida Travesía Albert Sabin; Avenida Génova,-32.9153654,-60.69145555,55.0,538.0,Municipio Rosario,Municipio,Rosario,820210,Servicio de Catastro e Información Territorial,IGN
2012,5061,2012-04-23,Lunes,0.0,09:15:00,,0.0,2,"Moto/Ciclomotor,Automóvil",TRAVESIA Y GENOVA,2,1,0,0,1,0,0,,Calle,,ROSARIO,Rosario,Asfalto,S/D,II,S/D,Urbana,Ninguna,S/D,Intersección,Bueno,S/D,S/D,Buen Tiempo,Lateral,S/D,Colisión,Otro,Vertical,Ninguna,S/D,POINT (-60.69145555 -32.9153654),"['Avenida Travesía Albert Sabin', 'Genova']",2,Avenida Travesía Albert Sabin; Avenida Génova,-32.9153654,-60.69145555,55.0,538.0,Municipio Rosario,Municipio,Rosario,820210,Servicio de Catastro e Información Territorial,IGN
2012,5063,2012-04-23,Lunes,0.0,20:50:00,,0.0,2,"Moto/Ciclomotor,Moto/Ciclomotor",JUAN JOSE PASO 2000,2,1,0,0,1,0,0,,Calle,,ROSARIO,Rosario,Asfalto,S/D,II,S/D,S/D,Ninguna,S/D,Recta,Bueno,S/D,S/D,Buen Tiempo,Lateral,S/D,Colisión,S/D,Faltante,Ninguna,S/D,"-32.9189815, -60.6723573",['Juan Jose Paso 2000'],1,Juan Jose Paso 2000,-32.9189815,-60.6723573,55.0,538.0,Municipio Rosario,Municipio,Rosario,820210,Servicio de Catastro e Información Territorial,IGN
2012,5065,2012-04-25,Miercoles,0.0,17:40:00,,0.0,2,"Moto/Ciclomotor,Moto/Ciclomotor",GENOVA Y CHACO,2,1,0,0,1,0,0,,Calle,,ROSARIO,Rosario,Asfalto,S/D,II,S/D,Urbana,Ninguna,No existe,Intersección,Bueno,Buena,Diurna,Buen Tiempo,Frontal,S/D,Colisión,S/D,Vertical,Ninguna,S/D,POINT (-60.6964954 -32.9155168),"['Genova', 'Chaco']",2,Avenida Génova; Chaco,-32.9155168,-60.6964954,55.0,538.0,Municipio Rosario,Municipio,Rosario,820210,Servicio de Catastro e Información Territorial,IGN
2012,5095,2012-04-02,Lunes,0.0,01:45:00,,0.0,2,"Automóvil,Automóvil",OV. LAGOS Y GÜEMES,4,2,0,0,2,0,0,,Calle,,ROSARIO,Rosario,Asfalto,No existe,II,S/D,Urbana,Semáforo,Funciona,Recta,Bueno,Buena,Nocturna,Buen Tiempo,Frontal,S/D,Colisión,Otro,Horizontal,Ninguna,Sin restricción,POINT (-60.658824900000006 -32.93179409999999),"['Avenida Ovidio Lagos', 'Güemes']",2,Avenida Ovidio Lagos; Güemes,-32.93179409999999,-60.658824900000006,55.0,538.0,Municipio Rosario,Municipio,Rosario,820210,Servicio de Catastro e Información Territorial,IGN
2012,5097,2012-04-04,Miercoles,0.0,14:10:00,,0.0,2,"Automóvil,Automóvil",SALTA Y RODRIGUEZ,2,1,0,0,0,0,1,,Calle,,ROSARIO,Rosario,Asfalto,No existe,II,S/D,Urbana,Semáforo,Funciona,Recta,Bueno,Buena,Diurna,Buen Tiempo,Frontal,S/D,Colisión,Otro,Horizontal,Ninguna,Sin restricción,POINT (-60.656966399999995 -32.935775899999996),"['Salta', 'Rodríguez']",2,Salta; Rodríguez de Escobedo,-32.9357759,-60.6569664,55.0,538.0,Municipio Rosario,Municipio,Rosario,820210,Servicio de Catastro e Información Territorial,IGN
2012,5098,2012-04-04,Miercoles,0.0,12:30:00,,0.0,2,"Moto/Ciclomotor,Automóvil",SAN LORENZO 3433,2,1,0,0,1,0,0,,Calle,,ROSARIO,Rosario,Asfalto,No existe,II,S/D,Urbana,Ninguna,No existe,Recta,Bueno,Buena,Diurna,Buen Tiempo,Frontal,S/D,Colisión,Otro,Horizontal,Ninguna,Sin restricción,"-32.93849938777694, -60.66956851145594",['San Lorenzo 3433'],1,San Lorenzo 3433,-32.93849938777694,-60.66956851145594,55.0,538.0,Municipio Rosario,Municipio,Rosario,820210,Servicio de Catastro e Información Territorial,IGN
2012,5105,2012-04-16,Lunes,0.0,09:10:00,,0.0,2,"Moto/Ciclomotor,Automóvil",FRANCIA Y JUJUY,2,1,0,0,1,0,0,,Calle,,ROSARIO,Rosario,Asfalto,No existe,II,S/D,Urbana,Ninguna,No existe,Recta,Bueno,Buena,Diurna,Buen Tiempo,Frontal,S/D,Colisión,Otro,Horizontal,Ninguna,Sin restricción,POINT (-60.6634714 -32.93337134999999),"['Avenida Francia', 'Jujuy']",2,Avenida Francia; Jujuy,-32.93337134999999,-60.6634714,55.0,538.0,Municipio Rosario,Municipio,Rosario,820210,Servicio de Catastro e Información Territorial,IGN
2012,5114,2012-04-17,Martes,0.0,13:00:00,,0.0,2,"Moto/Ciclomotor,Moto/Ciclomotor",SANTIAGO Y JUJUY,2,2,0,0,0,0,0,,Calle,,ROSARIO,Rosario,Asfalto,No existe,II,S/D,Urbana,Ninguna,No existe,Recta,Bueno,Buena,Diurna,Buen Tiempo,Frontal,S/D,Colisión,Otro,Horizontal,Ninguna,Sin restricción,POINT (-60.65392260000001 -32.9350458),"['Santiago', 'Jujuy']",2,Santiago; Jujuy,-32.9350458,-60.65392260000001,55.0,538.0,Municipio Rosario,Municipio,Rosario,820210,Servicio de Catastro e Información Territorial,IGN
2012,5116,2012-04-21,Sabado,0.0,01:00:00,,0.0,2,"Moto/Ciclomotor,Automóvil",SANTIAGO Y TUCUMAN,3,2,0,0,1,0,0,,Calle,,ROSARIO,Rosario,Asfalto,No existe,II,S/D,Urbana,Ninguna,No existe,Recta,Bueno,Buena,Nocturna,Buen Tiempo,Frontal,S/D,Colisión,S/D,Horizontal,Ninguna,Sin restricción,POINT (-60.6547977 -32.9386111),"['Santiago', 'Tucumán']",2,Santiago; Tucumán,-32.9386111,-60.6547977,55.0,538.0,Municipio Rosario,Municipio,Rosario,820210,Servicio de Catastro e Información Territorial,IGN
2012,5117,2012-04-22,Domingo,0.0,06:50:00,,0.0,2,"Moto/Ciclomotor,Automóvil",AV. FRANCIA Y SALTA,2,1,0,0,1,0,0,,Avenida,,ROSARIO,Rosario,Asfalto,No existe,II,S/D,Urbana,Semáforo,Funciona,Recta,Bueno,S/D,Amanecer,S/D,Frontal,S/D,Colisión,Otro,Horizontal,Ninguna,Sin restricción,POINT (-60.6637821 -32.93456435),"['Avenida Francia', 'Salta']",2,Avenida Francia; Salta,-32.93456435,-60.6637821,55.0,538.0,Municipio Rosario,Municipio,Rosario,820210,Servicio de Catastro e Información Territorial,IGN
2012,5119,2012-04-26,Jueves,0.0,07:30:00,,0.0,2,"Automóvil,Automóvil",RICHIERI Y TUCUMAN,3,1,0,0,1,0,1,,Calle,,ROSARIO,Rosario,Asfalto,No existe,II,S/D,Urbana,Ninguna,No existe,Recta,Bueno,Buena,Diurna,Buen Tiempo,Frontal,S/D,Colisión,S/D,Horizontal,Ninguna,Sin restricción,POINT (-60.661682 -32.937394000000005),"['Ricchieri', 'Tucumán']",2,Ricchieri; Tucumán,-32.937394000000005,-60.661682,55.0,538.0,Municipio Rosario,Municipio,Rosario,820210,Servicio de Catastro e Información Territorial,IGN
2012,5120,2012-04-01,Domingo,0.0,09:20:00,,0.0,2,"Moto/Ciclomotor,Automóvil",juan j. paso y gonzalez solar,2,2,0,0,0,0,0,,Calle,,ROSARIO,Rosario,Asfalto,No existe,II,Dentro,Urbana,S/D,No existe,Recta,Bueno,Buena,Diurna,Buen Tiempo,Frontal,S/D,Colisión,S/D,Vertical,S/D,Sin restricción,POINT (-60.737259800000004 -32.9209048),"['Juan José Paso', 'González del Solar']",2,Avenida Juan José Paso; González del Solar,-32.9209048,-60.7372598,55.0,538.0,Municipio Rosario,Municipio,Rosario,820210,Servicio de Catastro e Información Territorial,IGN
2012,5121,2012-04-27,Viernes,0.0,01:50:00,,0.0,2,"Moto/Ciclomotor,Automóvil",SANTA FE Y CAFFERATA,2,1,0,0,1,0,0,,Calle,,ROSARIO,Rosario,Asfalto,No existe,II,S/D,Urbana,Semáforo,Funciona,Recta,Bueno,Buena,Nocturna,Buen Tiempo,Frontal,S/D,Colisión,S/D,Horizontal,Ninguna,Sin restricción,POINT (-60.67063869999999 -32.939213),"['Santa Fe', 'Cafferata']",2,Santa Fe; Cafferata,-32.939213,-60.67063869999999,55.0,538.0,Municipio Rosario,Municipio,Rosario,820210,Servicio de Catastro e Información Territorial,IGN
2012,5123,2012-04-03,Martes,0.0,07:25:00,,0.0,2,"Moto/Ciclomotor,Automóvil",SANTIAGO Y CATAMARCA,3,1,0,0,2,0,0,,Calle,,ROSARIO,Rosario,Asfalto,No existe,II,S/D,Urbana,Ninguna,No existe,Recta,S/D,Buena,Diurna,Buen Tiempo,Frontal,S/D,Colisión,S/D,Horizontal,Ninguna,Sin restricción,POINT (-60.6545083 -32.9374004),"['Santiago', 'Catamarca']",2,Santiago; Catamarca,-32.9374004,-60.6545083,55.0,538.0,Municipio Rosario,Municipio,Rosario,820210,Servicio de Catastro e Información Territorial,IGN
2012,5124,2012-04-03,Martes,0.0,20:15:00,,0.0,2,"Moto/Ciclomotor,Taxi/Remis",av. pcias. unidas y gorriti,2,1,0,0,1,0,0,,Avenida,,ROSARIO,Rosario,Asfalto,No existe,II,Dentro,Urbana,S/D,No existe,Recta,Bueno,Buena,Nocturna,Buen Tiempo,Frontal,S/D,Colisión,S/D,Horizontal,S/D,Sin restricción,POINT (-60.71330590000001 -32.92438785),"['Avenida Provincias Unidas', 'Gorriti']",2,Avenida Provincias Unidas; Gorriti,-32.92438785,-60.71330590000001,55.0,538.0,Municipio Rosario,Municipio,Rosario,820210,Servicio de Catastro e Información Territorial,IGN
2012,5125,2012-04-07,Sabado,0.0,09:00:00,,0.0,2,"Moto/Ciclomotor,Automóvil",VERA MUJICA Y TUCUMAN,2,1,0,0,1,0,0,,Calle,,ROSARIO,Rosario,Asfalto,No existe,II,S/D,Urbana,Ninguna,No existe,Recta,Bueno,Buena,Diurna,Buen Tiempo,Frontal,S/D,Colisión,S/D,Faltante,Ninguna,Sin restricción,POINT (-60.66572680000001 -32.936646399999994),"['Vera Mujíca', 'Tucumán']",2,Vera Mujíca; Tucumán,-32.936646399999994,-60.66572680000001,55.0,538.0,Municipio Rosario,Municipio,Rosario,820210,Servicio de Catastro e Información Territorial,IGN
2012,5127,2012-04-09,Lunes,0.0,11:00:00,,0.0,2,"Automóvil,Transporte de Pasajeros Urbano (> 8 asientos)",CATAMARCA E IRIONDO,2,1,0,0,1,0,0,,Calle,,ROSARIO,Rosario,Asfalto,No existe,II,S/D,Urbana,Semáforo,Funciona,Recta,Bueno,Buena,Diurna,Buen Tiempo,Frontal,S/D,Colisión,Otro,Horizontal,Ninguna,Sin restricción,POINT (-60.6681604 -32.93499529999999),"['Catamarca', 'Iriondo']",2,Catamarca; Iriondo,-32.93499529999999,-60.6681604,55.0,538.0,Municipio Rosario,Municipio,Rosario,820210,Servicio de Catastro e Información Territorial,IGN
2012,5128,2012-04-12,Jueves,0.0,13:15:00,,0.0,2,"Taxi/Remis,Automóvil",URQUIZA Y RODRIGUEZ,3,1,0,0,2,0,0,,Calle,,ROSARIO,Rosario,Asfalto,No existe,II,S/D,Urbana,Ninguna,No existe,Recta,Bueno,Buena,Diurna,Buen Tiempo,Frontal,S/D,Colisión,S/D,Horizontal,Ninguna,Sin restricción,POINT (-60.65783139999999 -32.939287699999994),"['Urquiza', 'Rodríguez']",2,Justo José de Urquiza; Rodríguez de Escobedo,-32.939287699999994,-60.65783139999999,55.0,538.0,Municipio Rosario,Municipio,Rosario,820210,Servicio de Catastro e Información Territorial,IGN
2012,5129,2012-04-03,Martes,0.0,01:00:00,,0.0,2,"Bicicleta,Automóvil",PEDRIEL Y UNION,3,2,0,0,1,0,0,,Calle,,ROSARIO,Rosario,Asfalto,S/D,II,S/D,Urbana,Ninguna,S/D,Recta,Bueno,S/D,S/D,Buen Tiempo,S/D,S/D,Atropello,Otro,Faltante,Ninguna,Sin restricción,POINT (-60.7028808 -32.8945805),"['Perdriel', 'Unión']",2,Perdriel; Unión,-32.8945805,-60.7028808,55.0,538.0,Municipio Rosario,Municipio,Rosario,820210,Servicio de Catastro e Información Territorial,IGN
2012,5130,2012-04-16,Lunes,0.0,10:25:00,,0.0,2,"Moto/Ciclomotor,Automóvil",RICHIERI Y TUCUMAN,2,1,0,0,1,0,0,,Calle,,ROSARIO,Rosario,Asfalto,No existe,II,S/D,Urbana,Ninguna,No existe,Recta,Bueno,Buena,Diurna,Buen Tiempo,Frontal,S/D,Colisión,S/D,Horizontal,Ninguna,Sin restricción,POINT (-60.661682 -32.937394000000005),"['Ricchieri', 'Tucumán']",2,Ricchieri; Tucumán,-32.937394000000005,-60.661682,55.0,538.0,Municipio Rosario,Municipio,Rosario,820210,Servicio de Catastro e Información Territorial,IGN
2012,5131,2012-04-03,Martes,0.0,16:00:00,,0.0,2,"Moto/Ciclomotor,Automóvil",JUNIN Y FLORIDA,2,1,0,0,1,0,0,,Calle,,ROSARIO,Rosario,Asfalto,Pavimento,II,Dentro,Urbana,Ninguna,No existe,Intersección,Bueno,Buena,Diurna,Buen Tiempo,Lateral,S/D,Colisión,S/D,Faltante,Ninguna,S/D,POINT (-60.6832825 -32.9267754),"['Junín', 'Florida']",2,Junín; Florida,-32.9267754,-60.6832825,55.0,538.0,Municipio Rosario,Municipio,Rosario,820210,Servicio de Catastro e Información Territorial,IGN
2012,5132,2012-04-09,Lunes,0.0,16:00:00,,0.0,2,"Moto/Ciclomotor,Automóvil",LUIS VILA Y PAULON,3,1,0,0,2,0,0,,Calle,,ROSARIO,Rosario,Asfalto,S/D,II,S/D,S/D,Ninguna,S/D,Recta,Bueno,S/D,S/D,Buen Tiempo,Lateral,S/D,Colisión,Otro,Faltante,S/D,Sin restricción,POINT (-60.70426160000001 -32.90095740000001),"['Doctor Vila', 'Pavlov']",2,Doctor Vila; Pavlov,-32.90095740000001,-60.70426160000001,55.0,538.0,Municipio Rosario,Municipio,Rosario,820210,Servicio de Catastro e Información Territorial,IGN
2012,5133,2012-04-10,Martes,0.0,04:00:00,,0.0,1,Moto/Ciclomotor,CASILDA Y AVELLANEDA,1,1,0,0,0,0,0,,Calle,,ROSARIO,Rosario,Asfalto,Pavimento,II,Dentro,Urbana,Semáforo,Funciona,Intersección,Bueno,Buena,Nocturna,Buen Tiempo,Otro,S/D,Caída ocupante,S/D,Horizontal,Barrera de hormigón,Sin restricción,POINT (-60.67635325 -32.928127849999996),"['Casilda', 'Avellaneda']",2,Casilda; Bulevar Nicolás Avellaneda,-32.92812785,-60.67635325,55.0,538.0,Municipio Rosario,Municipio,Rosario,820210,Servicio de Catastro e Información Territorial,IGN
2012,5134,2012-04-12,Jueves,0.0,16:00:00,,0.0,2,"Bicicleta,Automóvil",GORRITI Y MONTEAGUDO,2,1,0,0,1,0,0,,Calle,,ROSARIO,Rosario,Asfalto,S/D,II,Dentro,Urbana,Otra Señal,No existe,Curva,Bueno,Buena,Diurna,Buen Tiempo,Otro,S/D,Atropello,S/D,Vertical,Ninguna,Sin restricción,POINT (-60.667494399999995 -32.923077600000006),"['Gorriti', 'Monteagudo']",2,Gorriti; Monteagudo,-32.923077600000006,-60.6674944,55.0,538.0,Municipio Rosario,Municipio,Rosario,820210,Servicio de Catastro e Información Territorial,IGN
2012,5136,2012-04-07,Sabado,0.0,11:40:00,,0.0,2,"Bicicleta,Pickup/Utilitario",juan j. pasos y venezuela,2,1,0,0,1,0,0,,Calle,,ROSARIO,Rosario,Asfalto,No existe,II,Dentro,Urbana,S/D,No existe,Recta,Bueno,Buena,Diurna,Buen Tiempo,Frontal,S/D,Atropello,S/D,Vertical,S/D,Sin restricción,POINT (-60.7253695 -32.9205891),"['Juan José Paso', 'Venezuela']",2,Avenida Juan José Paso; Venezuela,-32.9205891,-60.7253695,55.0,538.0,Municipio Rosario,Municipio,Rosario,820210,Servicio de Catastro e Información Territorial,IGN