anio_acci,nro_acci,fecha,desc_dia,fecha_aprox,hora_aprox,desc_ruta,km,cant_participantes,desc_participante,calle_avenida_km,total,heridos_leves,heridos_graves,heridos_gravisimos,ilesos,fallecidos,sin_datos,posicion_XY,desc_tipo_via,desc_ruta_ori,desc_loc,desc_dpto,desc_tipo_calzada,desc_tipo_banquina,desc_unidad_regional,desc_lugar_calzada,desc_zona,desc_prioridad,desc_estado_semaforo,desc_lugar_via,desc_estado_via,desc_estado_visibilidad,desc_luminosidad,desc_estado_clima,desc_tipo_colision,desc_tipo_atropello,desc_tipo_hecho,desc_pres_calzada,desc_senializacion,desc_separacion_via,desc_restriccion,forma_geocod,calle_lista,numero_calles,calles_osm,lat,lon,index_right,gid,fna,gna,nam,in1,fdc,sag
2012,5137,2012-04-16,Lunes,0.0,16:30:00,,0.0,2,"Moto/Ciclomotor,Taxi/Remis",JUNIN Y BV. AVELLANEDA,2,1,0,0,1,0,0,,Calle,,ROSARIO,Rosario,Asfalto,S/D,II,Dentro,Urbana,Semáforo,Funciona,Intersección,Bueno,Buena,Diurna,Buen Tiempo,Lateral,S/D,Colisión,S/D,Vertical,Ninguna,Sin restricción,POINT (-60.675987000000006 -32.9266012),"['Junín', 'Avellaneda']",2,Junín; Bulevar Nicolás Avellaneda,-32.9266012,-60.675987000000006,55.0,538.0,Municipio Rosario,Municipio,Rosario,820210,Servicio de Catastro e Información Territorial,IGN
2012,5138,2012-04-24,Martes,0.0,23:00:00,,0.0,2,"Moto/Ciclomotor,Moto/Ciclomotor",FREYRE Y CAVIA,3,2,0,0,1,0,0,,Calle,,ROSARIO,Rosario,Asfalto,S/D,II,S/D,Urbana,Ninguna,S/D,Recta,Bueno,S/D,S/D,Buen Tiempo,Lateral,S/D,Colisión,Otro,Faltante,Ninguna,Sin restricción,POINT (-60.7094988 -32.8957676),"['Freyre', 'Cavia']",2,Freyre; Cavia,-32.8957676,-60.7094988,55.0,538.0,Municipio Rosario,Municipio,Rosario,820210,Servicio de Catastro e Información Territorial,IGN
2012,5139,2012-04-27,Viernes,0.0,20:00:00,,0.0,2,"Automóvil,Automóvil",REPUBLICA IRAK 13000,2,1,0,0,1,0,0,,Calle,,ROSARIO,Rosario,Asfalto,S/D,II,S/D,Urbana,Ninguna,S/D,Recta,Bueno,S/D,S/D,Buen Tiempo,Otro,S/D,Colisión,Otro,Faltante,Ninguna,Sin restricción,"-32.8867939, -60.7035422",['Republica Irak 13000'],1,Republica Irak 13000,-32.8867939,-60.7035422,55.0,538.0,Municipio Rosario,Municipio,Rosario,820210,Servicio de Catastro e Información Territorial,IGN
2012,5141,2012-04-03,Martes,0.0,10:00:00,,0.0,2,"Pickup/Utilitario,Otros",PALLIERE Y COLECTORA,2,1,0,0,1,0,0,,Calle,,ROSARIO,Rosario,Asfalto,S/D,II,Dentro,Urbana,Semáforo,Funciona,Intersección,Bueno,Buena,Diurna,Buen Tiempo,De alcance,S/D,Colisión,S/D,Vertical,S/D,S/D,POINT (-60.7143751 -32.8881482),"['Palliere', 'Colectora']",2,"('Palliere', 'Colectora Juan Pablo II')",-32.8881482,-60.7143751,55.0,538.0,Municipio Rosario,Municipio,Rosario,820210,Servicio de Catastro e Información Territorial,IGN
2012,5142,2012-04-11,Miercoles,0.0,12:45:00,,0.0,2,"Bicicleta,Automóvil",HOMERO MANZI Y TEJEDA,2,1,0,0,1,0,0,,Calle,,ROSARIO,Rosario,Asfalto,No existe,II,Dentro,Urbana,S/D,No existe,Recta,Bueno,Buena,Diurna,Buen Tiempo,S/D,S/D,Atropello,S/D,S/D,S/D,S/D,POINT (-60.7170932 -32.88695059999999),"['Homero Manzi', 'Tejeda']",2,Homero Manzi; Tejeda,-32.88695059999999,-60.7170932,55.0,538.0,Municipio Rosario,Municipio,Rosario,820210,Servicio de Catastro e Información Territorial,IGN
2012,5143,2012-05-03,Jueves,0.0,05:50:00,,0.0,2,"Moto/Ciclomotor,Moto/Ciclomotor",Av. Batlle y Ordóñez al 600,2,0,0,0,0,2,0,,Avenida,,ROSARIO,Rosario,Asfalto,No existe,II,Fuera,Urbana,S/D,No existe,Recta,S/D,S/D,Amanecer,Otro,S/D,S/D,Colisión,S/D,S/D,S/D,S/D,"-33.0084467, -60.6325853",['Avenida Battle y Ordoñez Al 600'],1,Avenida Battle y Ordoñez Al 600,-33.0084467,-60.6325853,55.0,538.0,Municipio Rosario,Municipio,Rosario,820210,Servicio de Catastro e Información Territorial,IGN
2012,5145,2012-05-03,Jueves,0.0,11:35:00,,0.0,2,"Peatón,Pickup/Utilitario",Bv. Rondeau y Washington,2,0,0,0,1,1,0,,Avenida,,ROSARIO,Rosario,Hormigón,No existe,II,Dentro,Urbana,Semáforo,Funciona,Intersección,Bueno,Buena,Diurna,Buen Tiempo,S/D,S/D,Atropello,S/D,Vertical,"Cordón divisorio,Vegetación",Sin restricción,POINT (-60.6903563 -32.901208475000004),"['Rondeau', 'Washington']",2,Bulevar General José Rondeau; Washington,-32.901208475000004,-60.6903563,55.0,538.0,Municipio Rosario,Municipio,Rosario,820210,Servicio de Catastro e Información Territorial,IGN
2012,5148,2012-04-16,Lunes,0.0,,,0.0,2,"Moto/Ciclomotor,Moto/Ciclomotor",SANCHEZ GRANEL Y GAZCON,4,4,0,0,0,0,0,,Avenida,,ROSARIO,Rosario,S/D,S/D,II,S/D,S/D,S/D,S/D,S/D,S/D,S/D,S/D,S/D,S/D,S/D,S/D,S/D,S/D,S/D,S/D,POINT (-60.7273069 -32.88810560000001),"['Granel', 'Gascón']",2,Avenida Joaquín Granel; Gascón,-32.88810560000001,-60.7273069,55.0,538.0,Municipio Rosario,Municipio,Rosario,820210,Servicio de Catastro e Información Territorial,IGN
2012,5151,2012-04-23,Lunes,0.0,11:00:00,,0.0,2,"Moto/Ciclomotor,Moto/Ciclomotor",SOMAZA Y AVALEZ,2,2,0,0,0,0,0,,Calle,,ROSARIO,Rosario,S/D,S/D,II,S/D,S/D,S/D,S/D,S/D,S/D,S/D,S/D,S/D,S/D,S/D,S/D,S/D,S/D,S/D,S/D,POINT (-60.73080000000001 -32.89147019999999),"['Somoza', 'Benito Álvarez']",2,Somoza; Benito Álvarez,-32.89147019999999,-60.73080000000001,55.0,538.0,Municipio Rosario,Municipio,Rosario,820210,Servicio de Catastro e Información Territorial,IGN
2012,5159,2012-04-11,Miercoles,0.0,12:20:00,,0.0,2,"Bicicleta,Automóvil",juan j. pasos y wilde,2,1,0,0,1,0,0,,Calle,,ROSARIO,Rosario,Asfalto,No existe,II,Dentro,Urbana,S/D,No existe,Recta,Bueno,Buena,Diurna,Buen Tiempo,Lateral,S/D,Atropello,S/D,Vertical,S/D,Sin restricción,POINT (-60.739218099999995 -32.920956399999994),"['Juan José Paso', 'Bulevar Wilde']",2,Avenida Juan José Paso; Bulevar Wilde,-32.920956399999994,-60.7392181,55.0,538.0,Municipio Rosario,Municipio,Rosario,820210,Servicio de Catastro e Información Territorial,IGN
2012,5163,2012-04-18,Miercoles,0.0,09:15:00,,0.0,1,,av. circunvalacion y juan j. pasos,2,1,0,0,1,0,0,,Avenida,,ROSARIO,Rosario,Asfalto,No existe,II,Dentro,Urbana,S/D,No existe,Recta,Bueno,Buena,Diurna,Buen Tiempo,Frontal,S/D,Colisión,S/D,Horizontal,S/D,Sin restricción,POINT (-60.723727529563504 -32.92055900258326),"['Circunvalacion', 'Juan José Paso']",2,Avenida de Circunvalación 25 de Mayo; Avenida Juan José Paso,-32.92055900258326,-60.723727529563504,55.0,538.0,Municipio Rosario,Municipio,Rosario,820210,Servicio de Catastro e Información Territorial,IGN
2012,5164,2012-04-18,Miercoles,0.0,09:15:00,,0.0,2,"Pickup/Utilitario,Moto/Ciclomotor",av. circunvalacion y juan j. pasos,2,1,0,0,1,0,0,,Avenida,,ROSARIO,Rosario,Asfalto,No existe,II,Dentro,Urbana,S/D,No existe,Recta,Bueno,Buena,Diurna,Buen Tiempo,Frontal,S/D,Colisión,S/D,Horizontal,S/D,Sin restricción,POINT (-60.723727529563504 -32.92055900258326),"['Circunvalacion', 'Juan José Paso']",2,Avenida de Circunvalación 25 de Mayo; Avenida Juan José Paso,-32.92055900258326,-60.723727529563504,55.0,538.0,Municipio Rosario,Municipio,Rosario,820210,Servicio de Catastro e Información Territorial,IGN
2012,5169,2012-05-09,Miercoles,0.0,01:50:00,,0.0,2,"Pickup/Utilitario,Vehículo Oficial",Ayacucho y Lainez,4,0,0,0,2,2,0,,Calle,,ROSARIO,Rosario,Asfalto,No existe,II,Fuera,Urbana,Ninguna,S/D,Recta,Bueno,Buena,"Nocturna,Con luz artificial",Buen Tiempo,Contra objeto fijo,S/D,"Colisión,Despiste",S/D,S/D,Ninguna,Sin restricción,POINT (-60.63593469999999 -33.0049365),"['Ayacucho', 'Láinez']",2,Ayacucho; Láinez,-33.0049365,-60.63593469999999,55.0,538.0,Municipio Rosario,Municipio,Rosario,820210,Servicio de Catastro e Información Territorial,IGN
2012,5171,2012-04-19,Jueves,0.0,19:00:00,,0.0,2,"Moto/Ciclomotor,Automóvil",AV. ALBERDI Y AV. SABIN,2,1,0,0,1,0,0,,Avenida,,ROSARIO,Rosario,Asfalto,Pavimento,II,Dentro,Urbana,Semáforo,Funciona,Intersección,Bueno,Buena,Diurna,Buen Tiempo,Lateral,S/D,Colisión,S/D,Horizontal,Barrera de hormigón,Sin restricción,POINT (-60.67368635 -32.93013245),"['Alberdi', 'Avenida Travesía Albert Sabin']",2,Avenida Alberdi; Avenida Travesía Albert Sabin,-32.93013245,-60.67368635,55.0,538.0,Municipio Rosario,Municipio,Rosario,820210,Servicio de Catastro e Información Territorial,IGN
2012,5174,2012-04-22,Domingo,0.0,15:00:00,,0.0,1,Moto/Ciclomotor,RAWSON Y CARBALLO,1,1,0,0,0,0,0,,Calle,,ROSARIO,Rosario,Asfalto,Pavimento,II,Dentro,Urbana,Semáforo,Funciona,Intersección,Bueno,Buena,Diurna,Buen Tiempo,Otro,S/D,Caída ocupante,S/D,Horizontal,Barrera de hormigón,S/D,POINT (-60.66940076666666 -32.92182163333333),"['Rawson', 'Avenida Doctor Luis Cándido Carballo']",2,Rawson; Avenida Doctor Luis Cándido Carballo,-32.92182163333333,-60.66940076666666,55.0,538.0,Municipio Rosario,Municipio,Rosario,820210,Servicio de Catastro e Información Territorial,IGN
2012,5177,2012-04-18,Miercoles,0.0,21:45:00,,0.0,2,"Automóvil,Automóvil",juan j. pasos y acevedo ,2,1,0,0,1,0,0,,Calle,,ROSARIO,Rosario,Asfalto,No existe,II,Dentro,Urbana,S/D,No existe,Recta,Bueno,Buena,Nocturna,Buen Tiempo,S/D,S/D,Colisión,S/D,Horizontal,S/D,Sin restricción,POINT (-60.7490704 -32.92121759999999),"['Juan José Paso', 'Acevedo']",2,Avenida Juan José Paso; Manuel Acevedo,-32.92121759999999,-60.7490704,55.0,538.0,Municipio Rosario,Municipio,Rosario,820210,Servicio de Catastro e Información Territorial,IGN
2012,5178,2012-04-26,Jueves,0.0,10:00:00,,0.0,2,"Automóvil,Automóvil",JUNIN Y BAHIA BLANCA,2,1,0,0,1,0,0,,Calle,,ROSARIO,Rosario,Asfalto,Pavimento,II,Dentro,Urbana,Señal Pare,No existe,Intersección,Bueno,Buena,Diurna,Buen Tiempo,Lateral,S/D,Colisión,S/D,Horizontal,Ninguna,Sin restricción,POINT (-60.68862000000001 -32.92689620000001),"['Junín', 'Bahía Blanca']",2,Junín; Bahía Blanca,-32.92689620000001,-60.68862000000001,55.0,538.0,Municipio Rosario,Municipio,Rosario,820210,Servicio de Catastro e Información Territorial,IGN
2012,5180,2012-04-19,Jueves,0.0,18:45:00,,0.0,2,"Bicicleta,Automóvil",av. eva peron y tarragona,2,1,0,0,1,0,0,,Avenida,,ROSARIO,Rosario,Asfalto,No existe,II,Dentro,Urbana,S/D,Funciona,Recta,Bueno,Buena,Atardecer,Buen Tiempo,Frontal,S/D,Atropello,S/D,Horizontal,S/D,Sin restricción,POINT (-60.73447485 -32.9291379),"['Avenida Eva Perón', 'Tarragona']",2,Avenida Eva Perón; Tarragona,-32.9291379,-60.73447485,55.0,538.0,Municipio Rosario,Municipio,Rosario,820210,Servicio de Catastro e Información Territorial,IGN
2012,5183,2012-04-29,Domingo,0.0,13:00:00,,0.0,2,"Moto/Ciclomotor,Automóvil",VELEZ SARSFIELD Y AVELLANEDA,2,2,0,0,0,0,0,,Calle,,ROSARIO,Rosario,Asfalto,S/D,II,Dentro,Urbana,Semáforo,Funciona,Intersección,Bueno,Buena,Diurna,Buen Tiempo,Lateral,S/D,Colisión,S/D,Horizontal,Cordón divisorio,Sin restricción,POINT (-60.67554685 -32.92489504999999),"['Vélez Sarsfield', 'Avellaneda']",2,Vélez Sarsfield; Bulevar Nicolás Avellaneda,-32.92489504999999,-60.67554685,55.0,538.0,Municipio Rosario,Municipio,Rosario,820210,Servicio de Catastro e Información Territorial,IGN
2012,5186,2012-04-21,Sabado,0.0,04:00:00,,0.0,2,"Moto/Ciclomotor,Automóvil",av. eva peron y tarragona,2,1,0,0,1,0,0,,Avenida,,ROSARIO,Rosario,Asfalto,No existe,II,Dentro,Urbana,S/D,No existe,Recta,Bueno,Buena,Nocturna,Buen Tiempo,Frontal,S/D,Colisión,S/D,Horizontal,S/D,Sin restricción,POINT (-60.73447485 -32.9291379),"['Avenida Eva Perón', 'Tarragona']",2,Avenida Eva Perón; Tarragona,-32.9291379,-60.73447485,55.0,538.0,Municipio Rosario,Municipio,Rosario,820210,Servicio de Catastro e Información Territorial,IGN
2012,5188,2012-04-03,Martes,0.0,10:20:00,,0.0,2,"Moto/Ciclomotor,Automóvil",JUAN JOSE PASO Y FLORIDA,2,1,0,0,0,0,1,,Calle,,ROSARIO,Rosario,Asfalto,S/D,II,Dentro,Urbana,Ninguna,No existe,Intersección,Bueno,Buena,Diurna,Buen Tiempo,Frontal,S/D,Colisión,S/D,Faltante,Ninguna,Sin restricción,POINT (-60.683574 -32.9193873),"['Juan José Paso', 'Florida']",2,Avenida Juan José Paso; Florida,-32.9193873,-60.683574,55.0,538.0,Municipio Rosario,Municipio,Rosario,820210,Servicio de Catastro e Información Territorial,IGN
2012,5191,2012-04-05,Jueves,0.0,23:20:00,,0.0,1,Moto/Ciclomotor,CARBALLO Y TRAVESIA,2,2,0,0,0,0,0,,Avenida,,ROSARIO,Rosario,Asfalto,S/D,II,Dentro,Urbana,Semáforo,Funciona,Rotonda,Bueno,Buena,Nocturna,Buen Tiempo,Otro,S/D,Caída ocupante,S/D,Vertical,Cordón divisorio,Sin restricción,POINT (-60.685682340000014 -32.92234279999999),"['Avenida Doctor Luis Cándido Carballo', 'Avenida Travesía Albert Sabin']",2,Avenida Doctor Luis Cándido Carballo; Avenida Travesía Albert Sabin,-32.92234279999999,-60.685682340000014,55.0,538.0,Municipio Rosario,Municipio,Rosario,820210,Servicio de Catastro e Información Territorial,IGN
2012,5195,2012-04-09,Lunes,0.0,13:30:00,,0.0,2,"Moto/Ciclomotor,Pickup/Utilitario",DRAGO Y JUAN JOSE PASO,2,0,1,0,1,0,0,,Calle,,ROSARIO,Rosario,Asfalto,Pavimento,II,Dentro,Urbana,Ninguna,No existe,Intersección,Bueno,Buena,Diurna,Buen Tiempo,"Frontal,Lateral",S/D,Colisión,S/D,Faltante,S/D,Sin restricción,POINT (-60.6764295 -32.919160899999994),"['Drago', 'Juan José Paso']",2,Drago; Avenida Juan José Paso,-32.919160899999994,-60.6764295,55.0,538.0,Municipio Rosario,Municipio,Rosario,820210,Servicio de Catastro e Información Territorial,IGN
2012,5196,2012-04-23,Lunes,0.0,14:00:00,,0.0,2,"Moto/Ciclomotor,Moto/Ciclomotor",nicaragua y casilda,2,2,0,0,0,0,0,,Calle,,ROSARIO,Rosario,Asfalto,S/D,II,Dentro,Urbana,S/D,S/D,Recta,Otro,Buena,Atardecer,Buen Tiempo,Lateral,S/D,Colisión,S/D,S/D,S/D,Sin restricción,POINT (-60.72121330000001 -32.92969800000001),"['Nicaragua', 'Casilda']",2,Nicaragua; Casilda,-32.92969800000001,-60.72121330000001,55.0,538.0,Municipio Rosario,Municipio,Rosario,820210,Servicio de Catastro e Información Territorial,IGN
2012,5197,2012-03-18,Domingo,0.0,,,0.0,2,"Moto/Ciclomotor,Automóvil",RECONQUISTA Y SILVA,3,2,0,0,1,0,0,,Calle,,ROSARIO,Rosario,Asfalto,Pavimento,II,Dentro,Urbana,Ninguna,No existe,Intersección,S/D,Buena,Diurna,Buen Tiempo,"Frontal,Lateral",S/D,Colisión,Otro,Faltante,Ninguna,Sin restricción,POINT (-60.6789839 -32.9179535),"['Reconquista', 'Silva']",2,Reconquista; Cayetano Silva,-32.9179535,-60.6789839,55.0,538.0,Municipio Rosario,Municipio,Rosario,820210,Servicio de Catastro e Información Territorial,IGN
2012,5199,2012-04-08,Domingo,0.0,14:40:00,,0.0,2,"Automóvil,Moto/Ciclomotor",av. avellaneda y mosconi,2,1,0,0,1,0,0,,Avenida,,ROSARIO,Rosario,Asfalto,S/D,II,Dentro,Urbana,S/D,S/D,Intersección,Bueno,Buena,Diurna,Buen Tiempo,Lateral,S/D,Colisión,S/D,Horizontal,S/D,Sin restricción,POINT (-60.674045425 -32.994089450000004),"['Avellaneda', 'Mosconi']",2,Bulevar Nicolás Avellaneda; General Mosconi,-32.994089450000004,-60.674045425,55.0,538.0,Municipio Rosario,Municipio,Rosario,820210,Servicio de Catastro e Información Territorial,IGN
2012,5201,2012-04-07,Sabado,0.0,21:45:00,,0.0,2,"Automóvil,Moto/Ciclomotor",avellaneda y winter,4,0,1,0,2,0,1,,Avenida,,ROSARIO,Rosario,Asfalto,S/D,II,Dentro,Urbana,S/D,S/D,Recta,Bueno,Buena,Nocturna,Buen Tiempo,Lateral,S/D,Colisión,S/D,S/D,S/D,Sin restricción,POINT (-60.6886323 -32.985050266666654),"['Avellaneda', 'Winter']",2,Bulevar Nicolás Avellaneda; Coronel Winter,-32.985050266666654,-60.6886323,55.0,538.0,Municipio Rosario,Municipio,Rosario,820210,Servicio de Catastro e Información Territorial,IGN
2012,5205,2012-04-22,Domingo,0.0,15:00:00,,0.0,2,"Taxi/Remis,Automóvil",ALBERDI Y RUBEN DARIO,3,1,0,0,0,0,2,,Avenida,,ROSARIO,Rosario,Asfalto,S/D,II,Dentro,Urbana,Marca Vial,No existe,Intersección,Bueno,Buena,Diurna,Buen Tiempo,Lateral,S/D,Colisión,S/D,Vertical,Cordón divisorio,Sin restricción,POINT (-60.6806685 -32.92150339999999),"['Alberdi', 'Ruben Dario']",2,Avenida Alberdi; Rubén Darío,-32.92150339999999,-60.6806685,55.0,538.0,Municipio Rosario,Municipio,Rosario,820210,Servicio de Catastro e Información Territorial,IGN
2012,5208,2012-04-27,Viernes,0.0,17:59:00,,0.0,2,"Peatón,Automóvil",GENOVA Y VICTOR MERCANTE,2,1,0,0,1,0,0,,Calle,,ROSARIO,Rosario,Asfalto,S/D,II,Dentro,Urbana,Ninguna,No existe,Intersección,Bueno,Buena,Diurna,Buen Tiempo,Otro,S/D,Atropello,S/D,Faltante,S/D,Sin restricción,POINT (-60.6841316 -32.9151559),"['Genova', 'Víctor Mercante']",2,Avenida Génova; Víctor Mercante,-32.9151559,-60.6841316,55.0,538.0,Municipio Rosario,Municipio,Rosario,820210,Servicio de Catastro e Información Territorial,IGN
2012,5209,2012-04-06,Viernes,0.0,17:00:00,,0.0,2,"Automóvil,Moto/Ciclomotor",RIVAROLA Y MENDEZ,2,2,0,0,0,0,0,,Calle,,ROSARIO,Rosario,Asfalto,No existe,II,S/D,Urbana,S/D,No existe,Intersección,Deteriorada,Buena,Diurna,Buen Tiempo,Lateral,S/D,Colisión,S/D,S/D,S/D,S/D,POINT (-60.716544 -32.965938200000004),"['Rivarola', 'Mendez']",2,Avenida Doctor Rivarola; Gervasio Mendez,-32.965938200000004,-60.716544,55.0,538.0,Municipio Rosario,Municipio,Rosario,820210,Servicio de Catastro e Información Territorial,IGN
2012,5210,2012-04-08,Domingo,0.0,12:00:00,,0.0,2,"Peatón,Automóvil",PROVINCIAS UNIDAS Y RIVAROLA,2,1,0,0,1,0,0,,Calle,,ROSARIO,Rosario,Asfalto,S/D,II,S/D,Urbana,S/D,No existe,Intersección,S/D,Buena,Diurna,Buen Tiempo,S/D,S/D,Colisión,S/D,S/D,S/D,S/D,POINT (-60.71157050000001 -32.965788749999994),"['Avenida Provincias Unidas', 'Rivarola']",2,Avenida Provincias Unidas; Avenida Doctor Rivarola,-32.965788749999994,-60.71157050000001,55.0,538.0,Municipio Rosario,Municipio,Rosario,820210,Servicio de Catastro e Información Territorial,IGN
2012,5212,2012-04-14,Sabado,0.0,08:45:00,,0.0,2,"Moto/Ciclomotor,Automóvil",WARNES Y ARAOZ,2,1,0,0,1,0,0,,Calle,,ROSARIO,Rosario,Asfalto,S/D,II,S/D,Urbana,S/D,S/D,Intersección,Bueno,S/D,S/D,S/D,Lateral,S/D,Colisión,S/D,S/D,S/D,S/D,POINT (-60.6955766 -32.889210299999995),"['Warnes', 'Aráoz']",2,Ignacio Warnes; Gregorio Aráoz de Lamadrid,-32.889210299999995,-60.6955766,55.0,538.0,Municipio Rosario,Municipio,Rosario,820210,Servicio de Catastro e Información Territorial,IGN
2012,5213,2012-04-14,Sabado,0.0,16:00:00,,0.0,2,"Automóvil,Moto/Ciclomotor",FRAGA Y GARAY,2,2,0,0,0,0,0,,Calle,,ROSARIO,Rosario,Asfalto,S/D,II,S/D,Urbana,S/D,No existe,Intersección,Deteriorada,Buena,Diurna,Buen Tiempo,S/D,S/D,Colisión,S/D,S/D,S/D,S/D,POINT (-60.7091919 -32.96624619999999),"['Fraga', 'Garay']",2,Rosendo María Fraga; Juan de Garay,-32.96624619999999,-60.7091919,55.0,538.0,Municipio Rosario,Municipio,Rosario,820210,Servicio de Catastro e Información Territorial,IGN
2012,5214,2012-04-15,Domingo,0.0,11:50:00,,0.0,2,"Peatón,Automóvil",AV. C. CASAS Y WASHINGTON,2,1,0,0,1,0,0,,Avenida,,ROSARIO,Rosario,Asfalto,S/D,II,S/D,S/D,S/D,S/D,Intersección,S/D,S/D,S/D,S/D,Otro,S/D,Atropello,S/D,S/D,S/D,S/D,POINT (-60.7007901 -32.9034752),"['Avenida Casiano Casas', 'Washington']",2,Avenida Casiano Casas; Washington,-32.9034752,-60.7007901,55.0,538.0,Municipio Rosario,Municipio,Rosario,820210,Servicio de Catastro e Información Territorial,IGN
2012,5215,2012-04-04,Miercoles,0.0,17:30:00,,0.0,2,"Bicicleta,Otros",QUINTANA Y CAFERATTA,2,1,0,0,1,0,0,,Calle,,ROSARIO,Rosario,Asfalto,S/D,II,S/D,Urbana,S/D,S/D,Intersección,Bueno,Buena,Diurna,Buen Tiempo,S/D,S/D,Atropello,S/D,S/D,S/D,S/D,POINT (-60.68005479999999 -32.9766645),"['Quintana', 'Cafferata']",2,"('Presidente Quintana', 'Cafferata')",-32.9766645,-60.68005479999999,55.0,538.0,Municipio Rosario,Municipio,Rosario,820210,Servicio de Catastro e Información Territorial,IGN
2012,5222,2012-04-12,Jueves,0.0,14:10:00,,0.0,3,"Moto/Ciclomotor,Moto/Ciclomotor,Vehículo Oficial",BV. RONDEAU Y SUPERI,5,2,0,0,3,0,0,,Avenida,,ROSARIO,Rosario,S/D,S/D,II,Dentro,Urbana,S/D,Funciona,Intersección,S/D,S/D,S/D,S/D,"Lateral,Múltiple",S/D,Colisión,S/D,S/D,S/D,Sin restricción,POINT (-60.692458175000006 -32.894239025),"['Rondeau', 'Superi']",2,Bulevar General José Rondeau; Comandante José Superí,-32.894239025,-60.692458175000006,55.0,538.0,Municipio Rosario,Municipio,Rosario,820210,Servicio de Catastro e Información Territorial,IGN
2012,5223,2012-04-12,Jueves,0.0,11:00:00,,0.0,2,"Moto/Ciclomotor,Automóvil",CAVIA Y WASHINGTON,2,1,0,0,1,0,0,,Calle,,ROSARIO,Rosario,Tierra,No existe,II,S/D,Urbana,S/D,No existe,Intersección,Con baches,S/D,Diurna,S/D,Lateral,S/D,Colisión,S/D,S/D,S/D,S/D,POINT (-60.7074772 -32.90489939999999),"['Cavia', 'Washington']",2,Cavia; Washington,-32.90489939999999,-60.7074772,55.0,538.0,Municipio Rosario,Municipio,Rosario,820210,Servicio de Catastro e Información Territorial,IGN
2012,5224,2012-04-07,Sabado,0.0,11:00:00,,0.0,2,"Automóvil,Moto/Ciclomotor",crespo y aurora,3,2,0,0,1,0,0,,Calle,,ROSARIO,Rosario,Asfalto,S/D,II,Dentro,Urbana,S/D,S/D,Intersección,Bueno,Buena,Diurna,Buen Tiempo,Lateral,S/D,Colisión,S/D,S/D,S/D,S/D,POINT (-60.680679000000005 -32.999559),"['Crespo', 'Aurora']",2,Crespo; Aurora,-32.999559,-60.680679000000005,55.0,538.0,Municipio Rosario,Municipio,Rosario,820210,Servicio de Catastro e Información Territorial,IGN
2012,5226,2012-04-08,Domingo,0.0,10:35:00,,0.0,2,"Bicicleta,Moto/Ciclomotor",AV. CARRASCO Y M. FIERRO,2,2,0,0,0,0,0,,Avenida,,ROSARIO,Rosario,Asfalto,S/D,II,S/D,S/D,S/D,S/D,Intersección,Bueno,S/D,Diurna,S/D,Otro,S/D,Atropello,S/D,S/D,S/D,S/D,POINT (-60.68831165 -32.87608169999999),"['Carrasco', 'Fierro']",2,Omar Carrasco; Martin Fierro,-32.87608169999999,-60.68831165,55.0,538.0,Municipio Rosario,Municipio,Rosario,820210,Servicio de Catastro e Información Territorial,IGN
2012,5227,2012-04-09,Lunes,0.0,13:00:00,,0.0,2,"Moto/Ciclomotor,Automóvil",BV. RONDEAU Y SORRENTO,3,2,0,0,1,0,0,,Avenida,,ROSARIO,Rosario,Asfalto,S/D,II,S/D,S/D,S/D,Funciona,Intersección,S/D,S/D,S/D,S/D,Lateral,S/D,Colisión,S/D,S/D,S/D,S/D,POINT (-60.68858005 -32.90707667499999),"['Rondeau', 'Sorrento']",2,Bulevar General José Rondeau; Avenida Sorrento,-32.90707667499999,-60.68858005,55.0,538.0,Municipio Rosario,Municipio,Rosario,820210,Servicio de Catastro e Información Territorial,IGN
2012,5228,2012-04-04,Miercoles,0.0,17:10:00,,0.0,2,"Pickup/Utilitario,Moto/Ciclomotor",AVELLANEDA Y URUGUAY,3,2,0,0,1,0,0,,Avenida,,ROSARIO,Rosario,Asfalto,S/D,II,S/D,Urbana,Semáforo,Funciona,Recta,Bueno,Buena,Diurna,Buen Tiempo,Lateral,S/D,Colisión,S/D,S/D,Cordón divisorio,S/D,POINT (-60.686775850000004 -32.96944285),"['Avellaneda', 'Uruguay']",2,Bulevar Nicolás Avellaneda; Uruguay,-32.96944285,-60.68677585,55.0,538.0,Municipio Rosario,Municipio,Rosario,820210,Servicio de Catastro e Información Territorial,IGN
2012,5229,2012-04-07,Sabado,0.0,21:35:00,,0.0,2,"Automóvil,Otros",24 de septiembre y alsina,2,0,0,0,1,0,1,,Calle,,ROSARIO,Rosario,Asfalto,S/D,II,Dentro,Urbana,S/D,S/D,Intersección,Bueno,S/D,Nocturna,Buen Tiempo,S/D,S/D,Colisión,S/D,S/D,S/D,S/D,POINT (-60.68491879999999 -32.973400599999984),"['24 de Septiembre', 'Alsina']",2,24 de Septiembre; Alsina,-32.973400599999984,-60.68491879999999,55.0,538.0,Municipio Rosario,Municipio,Rosario,820210,Servicio de Catastro e Información Territorial,IGN