anio_acci,nro_acci,fecha,desc_dia,fecha_aprox,hora_aprox,desc_ruta,km,cant_participantes,desc_participante,calle_avenida_km,total,heridos_leves,heridos_graves,heridos_gravisimos,ilesos,fallecidos,sin_datos,posicion_XY,desc_tipo_via,desc_ruta_ori,desc_loc,desc_dpto,desc_tipo_calzada,desc_tipo_banquina,desc_unidad_regional,desc_lugar_calzada,desc_zona,desc_prioridad,desc_estado_semaforo,desc_lugar_via,desc_estado_via,desc_estado_visibilidad,desc_luminosidad,desc_estado_clima,desc_tipo_colision,desc_tipo_atropello,desc_tipo_hecho,desc_pres_calzada,desc_senializacion,desc_separacion_via,desc_restriccion,forma_geocod,calle_lista,numero_calles,calles_osm,lat,lon,index_right,gid,fna,gna,nam,in1,fdc,sag
2012,5231,2012-04-05,Jueves,0.0,22:00:00,,0.0,2,"Automóvil,Pickup/Utilitario",ameguino y san nicolas,5,5,0,0,0,0,0,,Calle,,ROSARIO,Rosario,Asfalto,S/D,II,Dentro,Urbana,S/D,S/D,Intersección,Deteriorada,Buena,Nocturna,Buen Tiempo,Lateral,S/D,Colisión,S/D,Faltante,S/D,Sin restricción,POINT (-60.68257619999999 -32.98098889999999),"['Ameghino', 'San Nicolás']",2,Ameghino; San Nicolás,-32.98098889999999,-60.68257619999999,55.0,538.0,Municipio Rosario,Municipio,Rosario,820210,Servicio de Catastro e Información Territorial,IGN
2012,5233,2012-04-04,Miercoles,0.0,17:00:00,,0.0,2,"Pickup/Utilitario,Moto/Ciclomotor",AV. LAGOS Y ESTEBAN LUCA,2,1,0,0,1,0,0,,Avenida,,ROSARIO,Rosario,Asfalto,S/D,II,S/D,Urbana,S/D,S/D,Recta,Bueno,Buena,Diurna,Buen Tiempo,Lateral,S/D,Colisión,S/D,S/D,Cordón divisorio,S/D,POINT (-60.674375250000004 -32.9957393),"['Ovidio Lagos', 'Esteban de Luca']",2,Avenida Ovidio Lagos; Esteban de Luca,-32.9957393,-60.67437525,55.0,538.0,Municipio Rosario,Municipio,Rosario,820210,Servicio de Catastro e Información Territorial,IGN
2012,5234,2012-05-20,Domingo,0.0,07:30:00,,0.0,2,"Moto/Ciclomotor,Taxi/Remis",Av. Belgrano y Laprida,2,0,0,0,1,1,0,,Avenida,,ROSARIO,Rosario,Asfalto,No existe,II,Dentro,Urbana,Semáforo,Funciona,Intersección,Bueno,Buena,Diurna,S/D,Otro,S/D,Colisión,Otro,Vertical,"Cordón divisorio,Vegetación",Sin restricción,POINT (-60.629682700000004 -32.965131725),"['Belgrano', 'Laprida']",2,Avenida Manuel Belgrano; Francisco Narciso Laprida,-32.965131725,-60.6296827,55.0,538.0,Municipio Rosario,Municipio,Rosario,820210,Servicio de Catastro e Información Territorial,IGN
2012,5237,2012-04-09,Lunes,0.0,17:00:00,,0.0,2,"Automóvil,Moto/Ciclomotor",av. ovidio lagos y pte. quintana,3,2,0,0,1,0,0,,Avenida,,ROSARIO,Rosario,Asfalto,S/D,II,Dentro,Urbana,S/D,S/D,Intersección,Bueno,Buena,Diurna,Buen Tiempo,Lateral,S/D,Colisión,S/D,S/D,S/D,Sin restricción,POINT (-60.673529259999995 -32.99244282),"['Avenida Ovidio Lagos', 'Quintana']",2,Avenida Ovidio Lagos; Presidente Quintana,-32.99244282,-60.67352926,55.0,538.0,Municipio Rosario,Municipio,Rosario,820210,Servicio de Catastro e Información Territorial,IGN
2012,5238,2012-04-03,Martes,0.0,07:30:00,,0.0,2,"Automóvil,Camión",CIRCUNVALACION Y URIBURU,1,1,0,0,0,0,0,,Avenida,,ROSARIO,Rosario,Asfalto,S/D,II,S/D,Rural,Marca Vial,S/D,Recta,Bueno,S/D,S/D,Buen Tiempo,Lateral,S/D,Colisión,S/D,S/D,S/D,S/D,POINT (-60.70053645 -32.992253950000006),"['Circunvalacion', 'Uriburu']",2,"('Juan Pablo II', 'Avenida José Uriburu')",-32.992253950000006,-60.70053645,55.0,538.0,Municipio Rosario,Municipio,Rosario,820210,Servicio de Catastro e Información Territorial,IGN
2012,5239,2012-04-04,Miercoles,0.0,14:50:00,,0.0,2,"Camión,Otros",AV. URIBURU Y N. HUAPI,4,3,0,0,1,0,0,,Avenida,,ROSARIO,Rosario,Asfalto,Pavimento,II,S/D,Urbana,S/D,S/D,Recta,Bueno,Buena,Diurna,Buen Tiempo,Lateral,S/D,Colisión,S/D,Horizontal,Cordón divisorio,S/D,POINT (-60.68487175 -32.991838599999994),"['Uriburu', 'Huapi']",2,Avenida José Uriburu; Nahuel Huapi,-32.991838599999994,-60.68487175,55.0,538.0,Municipio Rosario,Municipio,Rosario,820210,Servicio de Catastro e Información Territorial,IGN
2012,5241,2012-03-31,Sabado,0.0,,,0.0,2,"Moto/Ciclomotor,Automóvil",SEGUI E IRIONDO,3,2,0,0,1,0,0,,S/D,,ROSARIO,Rosario,Asfalto,No existe,II,S/D,S/D,Señal Pare,No existe,Intersección,Bueno,Buena,Atardecer,Buen Tiempo,Lateral,S/D,Colisión,S/D,Faltante,Cordón divisorio,S/D,POINT (-60.67784519999999 -32.973457749999994),"['Bulevar Juan Francisco Seguí', 'Iriondo']",2,Bulevar Juan Francisco Seguí; Iriondo,-32.973457749999994,-60.67784519999999,55.0,538.0,Municipio Rosario,Municipio,Rosario,820210,Servicio de Catastro e Información Territorial,IGN
2012,5242,2012-04-06,Viernes,0.0,22:40:00,,0.0,2,"Moto/Ciclomotor,Automóvil",WARNES Y SUPERI,2,1,0,0,1,0,0,,Calle,,ROSARIO,Rosario,Asfalto,S/D,II,S/D,S/D,S/D,No existe,Intersección,S/D,S/D,Nocturna,S/D,Frontal,S/D,Colisión,S/D,Faltante,S/D,S/D,POINT (-60.6939113 -32.89455149999999),"['Warnes', 'Superi']",2,Ignacio Warnes; Comandante José Superí,-32.89455149999999,-60.6939113,55.0,538.0,Municipio Rosario,Municipio,Rosario,820210,Servicio de Catastro e Información Territorial,IGN
2012,5243,2012-03-31,Sabado,0.0,17:00:00,,0.0,2,"Moto/Ciclomotor,Automóvil",LAGOS Y PTE. QUINTANA,3,2,0,0,1,0,0,,Avenida,,ROSARIO,Rosario,Asfalto,No existe,II,Dentro,Urbana,Semáforo,Funciona,Recta,Bueno,Buena,Atardecer,Buen Tiempo,Lateral,S/D,Colisión,S/D,Vertical,Cordón divisorio,Sin restricción,POINT (-60.673529259999995 -32.99244282),"['Ovidio Lagos', 'Quintana']",2,Avenida Ovidio Lagos; Presidente Quintana,-32.99244282,-60.67352926,55.0,538.0,Municipio Rosario,Municipio,Rosario,820210,Servicio de Catastro e Información Territorial,IGN
2012,5244,2012-04-04,Miercoles,0.0,20:00:00,,0.0,2,"Moto/Ciclomotor,Automóvil",J. C. PAZ Y PUCCIO,2,1,0,0,1,0,0,,Calle,,ROSARIO,Rosario,Asfalto,S/D,II,S/D,S/D,S/D,No existe,Intersección,Otro,Buena,Nocturna,S/D,Otro,S/D,Colisión,Fluidos,S/D,S/D,S/D,POINT (-60.6898333 -32.8942895),"['Paz', 'Puccio']",2,Marcos Paz; Avenida José Nicolás Puccio,-32.8942895,-60.6898333,55.0,538.0,Municipio Rosario,Municipio,Rosario,820210,Servicio de Catastro e Información Territorial,IGN
2012,5247,2012-04-29,Domingo,0.0,23:30:00,,0.0,2,"Moto/Ciclomotor,Automóvil",BLAS PARERA Y CALVO,2,0,1,0,1,0,0,,Calle,,ROSARIO,Rosario,Asfalto,No existe,II,Dentro,Urbana,Ninguna,No existe,Intersección,Bueno,Buena,"Nocturna,Con luz artificial",Buen Tiempo,Lateral,S/D,Colisión,S/D,S/D,Ninguna,S/D,POINT (-60.70684020000001 -32.903391699999986),"['Blas Parera', 'Calvo']",2,Blas Parera; Calvo,-32.903391699999986,-60.70684020000001,55.0,538.0,Municipio Rosario,Municipio,Rosario,820210,Servicio de Catastro e Información Territorial,IGN
2012,5248,2012-03-31,Sabado,0.0,18:10:00,,0.0,2,"Automóvil,Moto/Ciclomotor",AURORA Y FRANCIA,4,2,0,0,2,0,0,,Avenida,,ROSARIO,Rosario,Asfalto,No existe,I,Dentro,Urbana,Ninguna,No existe,Intersección,Bueno,Buena,Atardecer,Buen Tiempo,Lateral,S/D,Colisión,S/D,Faltante,Vegetación,Sin restricción,POINT (-60.677811649999995 -32.99948385),"['Aurora', 'Avenida Francia']",2,Aurora; Avenida Francia,-32.99948385,-60.67781165,55.0,538.0,Municipio Rosario,Municipio,Rosario,820210,Servicio de Catastro e Información Territorial,IGN
2012,5250,2012-03-30,Viernes,0.0,17:20:00,,0.0,2,"Automóvil,Moto/Ciclomotor",FRANCIA Y QUINTANA,3,2,0,0,1,0,0,,Avenida,,ROSARIO,Rosario,Asfalto,No existe,II,Dentro,Urbana,Ninguna,No existe,Intersección,Bueno,Buena,Atardecer,Buen Tiempo,Frontal,S/D,Colisión,S/D,Faltante,Cordón divisorio,Sin restricción,POINT (-60.674639 -32.977647250000004),"['Avenida Francia', 'Quintana']",2,"('Avenida Francia', 'Presidente Quintana')",-32.977647250000004,-60.674639,55.0,538.0,Municipio Rosario,Municipio,Rosario,820210,Servicio de Catastro e Información Territorial,IGN
2012,5252,2012-04-28,Sabado,0.0,15:50:00,,0.0,2,"Bicicleta,Vehículo Oficial",DARRAGUEIRA Y SUPERI,2,1,0,0,1,0,0,,Calle,,ROSARIO,Rosario,Asfalto,No existe,II,Dentro,Urbana,Ninguna,No existe,Intersección,Bueno,Buena,Diurna,Buen Tiempo,Otro,S/D,Atropello,S/D,S/D,Ninguna,Sin restricción,POINT (-60.695001399999995 -32.8947943),"['José Darragueira', 'Superi']",2,José Darragueira; Comandante José Superí,-32.8947943,-60.6950014,55.0,538.0,Municipio Rosario,Municipio,Rosario,820210,Servicio de Catastro e Información Territorial,IGN
2012,5253,2012-03-29,Jueves,0.0,15:00:00,,0.0,2,"Pickup/Utilitario,Moto/Ciclomotor",URUGUAY Y VENAS,2,1,0,0,1,0,0,,Calle,,ROSARIO,Rosario,Asfalto,No existe,II,Dentro,Urbana,Ninguna,No existe,Intersección,Bueno,Buena,Atardecer,Buen Tiempo,Lateral,S/D,Colisión,S/D,Faltante,Ninguna,Sin restricción,POINT (-60.673928000000004 -32.97175749999999),"['Uruguay', 'Vences']",2,Uruguay; Vences,-32.97175749999999,-60.673928,55.0,538.0,Municipio Rosario,Municipio,Rosario,820210,Servicio de Catastro e Información Territorial,IGN
2012,5254,2012-04-26,Jueves,0.0,19:40:00,,0.0,2,"Moto/Ciclomotor,Automóvil",MACHAIN 1000,3,1,0,0,2,0,0,,Calle,,ROSARIO,Rosario,Asfalto,No existe,II,Dentro,Urbana,Ninguna,No existe,Recta,S/D,Buena,Atardecer,S/D,Lateral,S/D,Colisión,S/D,S/D,Ninguna,Sin restricción,"-32.9064016, -60.6958609",['Machain 1000'],1,Machain 1000,-32.9064016,-60.6958609,55.0,538.0,Municipio Rosario,Municipio,Rosario,820210,Servicio de Catastro e Información Territorial,IGN
2012,5255,2012-03-26,Lunes,0.0,01:00:00,,0.0,2,"Automóvil,Pickup/Utilitario",FRANCIA Y BIEDMA 3800,3,2,0,0,1,0,0,,Calle,,ROSARIO,Rosario,Asfalto,No existe,II,Dentro,Urbana,Ninguna,No existe,Curva,Bueno,Buena,Nocturna,Buen Tiempo,Frontal,S/D,Colisión,S/D,Faltante,Ninguna,Sin restricción,POINT (-60.6743451 -32.97648615),"['Avenida Francia', 'Coronel Biedma']",2,Avenida Francia; Coronel Biedma,-32.97648615,-60.6743451,55.0,538.0,Municipio Rosario,Municipio,Rosario,820210,Servicio de Catastro e Información Territorial,IGN
2012,5256,2012-03-28,Miercoles,0.0,14:30:00,,0.0,2,"Automóvil,Otros",AVELLANEDA Y SEGUI,2,1,0,0,0,0,1,,Avenida,,ROSARIO,Rosario,Asfalto,S/D,II,S/D,S/D,Semáforo,S/D,Recta,Bueno,S/D,S/D,Buen Tiempo,Múltiple,S/D,Colisión,S/D,Horizontal,Cordón divisorio,Sin restricción,POINT (-60.6873526625 -32.9717476875),"['Avellaneda', 'Bulevar Juan Francisco Seguí']",2,Bulevar Nicolás Avellaneda; Bulevar Juan Francisco Seguí,-32.9717476875,-60.6873526625,55.0,538.0,Municipio Rosario,Municipio,Rosario,820210,Servicio de Catastro e Información Territorial,IGN
2012,5257,2012-03-25,Domingo,0.0,15:30:00,,0.0,2,"Peatón,Moto/Ciclomotor",SEGUI Y CAFERATTA,1,1,0,0,0,0,0,,Avenida,,ROSARIO,Rosario,Asfalto,Pavimento,II,Dentro,Urbana,Semáforo,Funciona,Recta,Bueno,Buena,Atardecer,Buen Tiempo,S/D,S/D,Atropello,S/D,Vertical,Cordón divisorio,Sin restricción,POINT (-60.67922995000001 -32.973209649999994),"['Bulevar Juan Francisco Seguí', 'Cafferata']",2,Bulevar Juan Francisco Seguí; Cafferata,-32.973209649999994,-60.67922995000001,55.0,538.0,Municipio Rosario,Municipio,Rosario,820210,Servicio de Catastro e Información Territorial,IGN
2012,5258,2012-04-04,Miercoles,0.0,,,0.0,2,"Moto/Ciclomotor,Automóvil",JUNIN Y PERU,2,1,0,0,0,0,1,,Calle,,ROSARIO,Rosario,Asfalto,S/D,II,S/D,Urbana,Semáforo,S/D,Recta,Bueno,S/D,S/D,Buen Tiempo,"Lateral,Otro",S/D,Colisión,S/D,Horizontal,Cordón divisorio,S/D,POINT (-60.711961499999994 -32.927547299999986),"['Junín', 'Peru']",2,Junín; Perú,-32.927547299999986,-60.7119615,55.0,538.0,Municipio Rosario,Municipio,Rosario,820210,Servicio de Catastro e Información Territorial,IGN
2012,5260,2012-03-27,Martes,0.0,21:30:00,,0.0,2,"Moto/Ciclomotor,Automóvil",GRAL .MOSCONI Y PIEDRA BUENA,3,2,0,0,1,0,0,,Calle,,ROSARIO,Rosario,Asfalto,No existe,II,Dentro,Urbana,Ninguna,No existe,Intersección,Bueno,Buena,Nocturna,Buen Tiempo,Lateral,S/D,Colisión,S/D,Faltante,Ninguna,Sin restricción,POINT (-60.6817482 -32.98379810000001),"['Mosconi', 'Piedra Buena']",2,General Mosconi; Piedra Buena,-32.98379810000001,-60.6817482,55.0,538.0,Municipio Rosario,Municipio,Rosario,820210,Servicio de Catastro e Información Territorial,IGN
2012,5261,2012-03-26,Lunes,0.0,,,0.0,2,"Moto/Ciclomotor,Otros",AURORA Y SAN NICOLAS,1,1,0,0,0,0,0,,Calle,,ROSARIO,Rosario,Asfalto,No existe,II,Dentro,Urbana,Ninguna,No existe,Intersección,Bueno,Buena,Diurna,Buen Tiempo,Lateral,S/D,Colisión,S/D,Faltante,Ninguna,Sin restricción,POINT (-60.6849952 -32.9996959),"['Aurora', 'San Nicolás']",2,Aurora; San Nicolás,-32.9996959,-60.6849952,55.0,538.0,Municipio Rosario,Municipio,Rosario,820210,Servicio de Catastro e Información Territorial,IGN
2012,5262,2012-03-26,Lunes,0.0,08:00:00,,0.0,2,"Moto/Ciclomotor,Automóvil",CRESPO Y FLORES,2,1,0,0,1,0,0,,Calle,,ROSARIO,Rosario,Asfalto,No existe,II,Dentro,Urbana,Ninguna,No existe,Intersección,Bueno,Buena,Diurna,Buen Tiempo,Lateral,S/D,Colisión,S/D,Faltante,Ninguna,S/D,POINT (-60.680643 -33.0003156),"['Crespo', 'Las Flores']",2,Crespo; Las Flores,-33.0003156,-60.680643,55.0,538.0,Municipio Rosario,Municipio,Rosario,820210,Servicio de Catastro e Información Territorial,IGN
2012,5263,2012-05-23,Miercoles,0.0,10:00:00,,0.0,2,"Bicicleta,Moto/Ciclomotor",ALSINA 3000,2,1,0,0,1,0,0,,Calle,,ROSARIO,Rosario,Tierra,S/D,II,S/D,S/D,S/D,S/D,Recta,Bueno,S/D,S/D,Buen Tiempo,S/D,S/D,Atropello,S/D,S/D,S/D,S/D,"-32.9652022, -60.6829529",['Alsina 3000'],1,Alsina 3000,-32.9652022,-60.6829529,55.0,538.0,Municipio Rosario,Municipio,Rosario,820210,Servicio de Catastro e Información Territorial,IGN
2012,5264,2012-04-12,Jueves,0.0,18:00:00,,0.0,2,"Moto/Ciclomotor,Pickup/Utilitario",AVELLANEDA Y LAMADRID,2,1,0,0,1,0,0,,Avenida,,ROSARIO,Rosario,Asfalto,No existe,II,S/D,S/D,S/D,No existe,Intersección,Bueno,Buena,Diurna,Buen Tiempo,De alcance,S/D,Colisión,S/D,Faltante,Cordón divisorio,S/D,POINT (-60.6888668 -32.998344450000005),"['Avellaneda', 'Lamadrid']",2,Bulevar Nicolás Avellaneda; Gregorio Aráoz de Lamadrid,-32.998344450000005,-60.6888668,55.0,538.0,Municipio Rosario,Municipio,Rosario,820210,Servicio de Catastro e Información Territorial,IGN
2012,5265,2012-04-08,Domingo,0.0,08:00:00,,0.0,1,Automóvil,OV. LAGOS Y 24 DE SEPTIEMBRE,1,1,0,0,0,0,0,,Avenida,,ROSARIO,Rosario,Asfalto,No existe,II,S/D,S/D,S/D,No existe,Recta,Bueno,Buena,Diurna,Buen Tiempo,Contra objeto fijo,S/D,Colisión,S/D,Faltante,Cordón divisorio,S/D,POINT (-60.6696692 -32.9761333),"['Avenida Ovidio Lagos', '24 de Septiembre']",2,Avenida Ovidio Lagos; 24 de Septiembre,-32.9761333,-60.6696692,55.0,538.0,Municipio Rosario,Municipio,Rosario,820210,Servicio de Catastro e Información Territorial,IGN
2012,5267,2012-04-30,Lunes,0.0,13:20:00,,0.0,2,"Moto/Ciclomotor,Automóvil",pellegrini 900,4,2,0,0,1,0,1,,Calle,,ROSARIO,Rosario,S/D,No existe,II,Dentro,Urbana,S/D,Funciona,Recta,S/D,Buena,Diurna,Buen Tiempo,Otro,S/D,Colisión,Agua,Horizontal,Barrera de hormigón,Sin restricción,"-32.9577043, -60.6379933",['Pellegrini 900'],1,Pellegrini 900,-32.9577043,-60.6379933,55.0,538.0,Municipio Rosario,Municipio,Rosario,820210,Servicio de Catastro e Información Territorial,IGN
2012,5269,2012-04-29,Domingo,0.0,12:00:00,,0.0,2,"Peatón,Automóvil",av. alem 1300,2,1,0,0,1,0,0,,Calle,,ROSARIO,Rosario,Asfalto,S/D,II,Dentro,Urbana,S/D,S/D,Recta,Bueno,Buena,Diurna,Buen Tiempo,Otro,S/D,Atropello,S/D,S/D,S/D,Sin restricción,"-32.9543722, -60.6299364",['Alem 1300'],1,Alem 1300,-32.9543722,-60.6299364,55.0,538.0,Municipio Rosario,Municipio,Rosario,820210,Servicio de Catastro e Información Territorial,IGN
2012,5281,2012-04-08,Domingo,0.0,18:00:00,,0.0,2,"Automóvil,Pickup/Utilitario",AVELLANEDA Y MOSCONI,3,2,0,0,1,0,0,,S/D,,ROSARIO,Rosario,Asfalto,No existe,II,S/D,Urbana,S/D,No existe,Intersección,Bueno,Buena,Diurna,Buen Tiempo,De alcance,S/D,Colisión,S/D,Faltante,Cordón divisorio,S/D,POINT (-60.674045425 -32.994089450000004),"['Avellaneda', 'Mosconi']",2,Bulevar Nicolás Avellaneda; General Mosconi,-32.994089450000004,-60.674045425,55.0,538.0,Municipio Rosario,Municipio,Rosario,820210,Servicio de Catastro e Información Territorial,IGN
2012,5282,2012-04-10,Martes,0.0,16:50:00,,0.0,2,"Moto/Ciclomotor,Automóvil",OV. LAGOS Y SAAVEDRA,2,1,0,0,1,0,0,,Avenida,,ROSARIO,Rosario,Asfalto,No existe,II,S/D,S/D,S/D,No existe,Intersección,Bueno,Buena,Diurna,Buen Tiempo,Lateral,S/D,Colisión,S/D,Faltante,Cordón divisorio,S/D,POINT (-60.6691044 -32.973831099999984),"['Avenida Ovidio Lagos', 'Saavedra']",2,Avenida Ovidio Lagos; Saavedra,-32.973831099999984,-60.6691044,55.0,538.0,Municipio Rosario,Municipio,Rosario,820210,Servicio de Catastro e Información Territorial,IGN
2012,5283,2012-04-10,Martes,0.0,14:30:00,,0.0,1,Moto/Ciclomotor,FRANCIA Y ACEVEDO,1,1,0,0,0,0,0,,Avenida,,ROSARIO,Rosario,Asfalto,No existe,II,S/D,S/D,S/D,Funciona,Curva,Bueno,Buena,Diurna,Buen Tiempo,Contra objeto fijo,S/D,Colisión,S/D,Vertical,Cordón divisorio,S/D,POINT (-60.677015250000004 -32.984204899999995),"['Avenida Francia', 'Acevedo']",2,Avenida Francia; Manuel Acevedo,-32.984204899999995,-60.67701525,55.0,538.0,Municipio Rosario,Municipio,Rosario,820210,Servicio de Catastro e Información Territorial,IGN
2012,5284,2012-04-10,Martes,0.0,21:00:00,,0.0,2,"Moto/Ciclomotor,Pickup/Utilitario",FRANCIA Y SEGUI,3,2,0,0,1,0,0,,Avenida,,ROSARIO,Rosario,Asfalto,No existe,II,S/D,S/D,S/D,Funciona,Intersección,Bueno,Buena,Nocturna,Buen Tiempo,Lateral,S/D,Colisión,S/D,Vertical,S/D,S/D,POINT (-60.673763175000005 -32.97418725),"['Avenida Francia', 'Bulevar Juan Francisco Seguí']",2,Avenida Francia; Bulevar Juan Francisco Seguí,-32.97418725,-60.673763175000005,55.0,538.0,Municipio Rosario,Municipio,Rosario,820210,Servicio de Catastro e Información Territorial,IGN
2012,5285,2012-04-12,Jueves,0.0,,,0.0,2,"Moto/Ciclomotor,Moto/Ciclomotor",OV. LAGOS Y SAAVEDRA,2,2,0,0,0,0,0,,Avenida,,ROSARIO,Rosario,Asfalto,No existe,II,S/D,S/D,S/D,No existe,Intersección,Bueno,Buena,Diurna,Buen Tiempo,Lateral,S/D,Colisión,S/D,Faltante,S/D,S/D,POINT (-60.6691044 -32.973831099999984),"['Avenida Ovidio Lagos', 'Saavedra']",2,Avenida Ovidio Lagos; Saavedra,-32.973831099999984,-60.6691044,55.0,538.0,Municipio Rosario,Municipio,Rosario,820210,Servicio de Catastro e Información Territorial,IGN
2012,5286,2012-04-12,Jueves,0.0,15:30:00,,0.0,2,"Moto/Ciclomotor,Pickup/Utilitario",FRANCIA Y URIBURU,2,1,0,0,1,0,0,,Avenida,,ROSARIO,Rosario,Asfalto,No existe,II,S/D,S/D,S/D,Funciona,Intersección,Bueno,Buena,Diurna,Buen Tiempo,Lateral,S/D,Colisión,S/D,Vertical,Cordón divisorio,S/D,POINT (-60.678139125 -32.991649800000005),"['Avenida Francia', 'Uriburu']",2,Avenida Francia; Avenida José Uriburu,-32.991649800000005,-60.678139125,55.0,538.0,Municipio Rosario,Municipio,Rosario,820210,Servicio de Catastro e Información Territorial,IGN
2012,5287,2012-04-13,Viernes,0.0,12:55:00,,0.0,2,"Bicicleta,Moto/Ciclomotor",OV. LAGOS Y AMENABAR,2,1,0,0,1,0,0,,Avenida,,ROSARIO,Rosario,Asfalto,No existe,II,S/D,S/D,S/D,No existe,Intersección,Bueno,Buena,Diurna,Buen Tiempo,S/D,S/D,Atropello,S/D,Faltante,Ninguna,S/D,POINT (-60.66772746666666 -32.96808026666666),"['Avenida Ovidio Lagos', 'Amenabar']",2,Avenida Ovidio Lagos; José de Amenábar,-32.96808026666666,-60.66772746666666,55.0,538.0,Municipio Rosario,Municipio,Rosario,820210,Servicio de Catastro e Información Territorial,IGN
2012,5289,2012-04-12,Jueves,0.0,16:00:00,,0.0,2,"Moto/Ciclomotor,Camión",CAFERRATTA Y SAAVEDRA,2,1,0,0,1,0,0,,Calle,,ROSARIO,Rosario,Asfalto,No existe,II,S/D,S/D,S/D,No existe,Intersección,Bueno,Buena,Diurna,Buen Tiempo,Lateral,S/D,Colisión,S/D,Faltante,S/D,S/D,POINT (-60.67893490000001 -32.97204640000001),"['Cafferata', 'Saavedra']",2,Cafferata; Saavedra,-32.97204640000001,-60.67893490000001,55.0,538.0,Municipio Rosario,Municipio,Rosario,820210,Servicio de Catastro e Información Territorial,IGN
2012,5290,2012-05-06,Domingo,0.0,12:55:00,,0.0,2,"Bicicleta,Automóvil",AV. FRANCIA Y ACEVEDO,3,1,0,0,2,0,0,,Avenida,,ROSARIO,Rosario,Asfalto,S/D,II,S/D,S/D,S/D,Funciona,Intersección,Bueno,Buena,Diurna,Buen Tiempo,S/D,S/D,Atropello,S/D,Vertical,Cordón divisorio,S/D,POINT (-60.677015250000004 -32.984204899999995),"['Avenida Francia', 'Acevedo']",2,Avenida Francia; Manuel Acevedo,-32.984204899999995,-60.67701525,55.0,538.0,Municipio Rosario,Municipio,Rosario,820210,Servicio de Catastro e Información Territorial,IGN
2012,5291,2012-04-13,Viernes,0.0,15:00:00,,0.0,2,"Bicicleta,Automóvil",VERA MUJICA Y CENTENO,2,1,0,0,1,0,0,,Calle,,ROSARIO,Rosario,Asfalto,No existe,II,S/D,S/D,S/D,No existe,Intersección,Bueno,Buena,Diurna,Buen Tiempo,S/D,S/D,Atropello,S/D,Faltante,S/D,S/D,POINT (-60.6765879 -32.97966999999999),"['Vera Mujíca', 'Centeno']",2,Vera Mujíca; Coronel Centeno,-32.97966999999999,-60.6765879,55.0,538.0,Municipio Rosario,Municipio,Rosario,820210,Servicio de Catastro e Información Territorial,IGN
2012,5292,2012-04-14,Sabado,0.0,22:00:00,,0.0,2,"Automóvil,Moto/Ciclomotor",AVELLANEDA Y URUGUAY,3,2,0,0,1,0,0,,Avenida,,ROSARIO,Rosario,Asfalto,No existe,II,S/D,S/D,S/D,Funciona,Intersección,Bueno,Buena,Nocturna,Buen Tiempo,Lateral,S/D,Colisión,S/D,Vertical,Ninguna,S/D,POINT (-60.686775850000004 -32.96944285),"['Avellaneda', 'Uruguay']",2,Bulevar Nicolás Avellaneda; Uruguay,-32.96944285,-60.68677585,55.0,538.0,Municipio Rosario,Municipio,Rosario,820210,Servicio de Catastro e Información Territorial,IGN
2012,5293,2012-04-06,Viernes,0.0,11:00:00,,0.0,1,Bicicleta,CIRCUNVALACION Y URIBURU,1,1,0,0,0,0,0,,Avenida,,ROSARIO,Rosario,Asfalto,Natural,II,S/D,S/D,Ninguna,No existe,Recta,Bueno,Buena,Diurna,Buen Tiempo,S/D,S/D,Caída ocupante,S/D,Horizontal,Guardarrail,S/D,POINT (-60.70053645 -32.992253950000006),"['Circunvalacion', 'Uriburu']",2,"('Juan Pablo II', 'Avenida José Uriburu')",-32.992253950000006,-60.70053645,55.0,538.0,Municipio Rosario,Municipio,Rosario,820210,Servicio de Catastro e Información Territorial,IGN
2012,5295,2012-04-23,Lunes,0.0,13:30:00,,0.0,2,"Moto/Ciclomotor,Otros",QUINTANA Y CASTELLANOS,2,1,0,0,1,0,0,,Calle,,ROSARIO,Rosario,Asfalto,No existe,II,Dentro,Urbana,Ninguna,No existe,Intersección,Bueno,Buena,Atardecer,Buen Tiempo,Lateral,S/D,Colisión,S/D,Faltante,Ninguna,S/D,POINT (-60.684157899999995 -32.9759231),"['Quintana', 'Aaron Castellanos']",2,Presidente Quintana; Aaron Castellanos,-32.9759231,-60.6841579,55.0,538.0,Municipio Rosario,Municipio,Rosario,820210,Servicio de Catastro e Información Territorial,IGN
2012,5296,2012-04-23,Lunes,0.0,15:00:00,,0.0,2,"Moto/Ciclomotor,Automóvil",DR. RIVAS Y LAGOS,2,1,0,0,1,0,0,,Calle,,ROSARIO,Rosario,Asfalto,No existe,II,Dentro,Urbana,Ninguna,No existe,Intersección,Bueno,Buena,Atardecer,Buen Tiempo,Lateral,S/D,Colisión,S/D,Faltante,Cordón divisorio,S/D,POINT (-60.6705014 -32.979572149999996),"['Doctor Francisco Riva', 'Ovidio Lagos']",2,Doctor Francisco Riva; Avenida Ovidio Lagos,-32.97957215,-60.6705014,55.0,538.0,Municipio Rosario,Municipio,Rosario,820210,Servicio de Catastro e Información Territorial,IGN
2012,5297,2012-04-28,Sabado,0.0,18:00:00,,0.0,2,"Moto/Ciclomotor,Otros",OV.LAGOS Y 1211,1,1,0,0,0,0,0,,Avenida,,ROSARIO,Rosario,Asfalto,No existe,II,Dentro,Urbana,Ninguna,No existe,Intersección,Bueno,Buena,Nocturna,Buen Tiempo,Lateral,S/D,Colisión,S/D,Faltante,Cordón divisorio,Sin restricción,POINT (-60.67138690000001 -32.9830131),"['Ovidio Lagos', 'Néstor Ferraza']",2,Avenida Ovidio Lagos; Néstor Ferraza,-32.9830131,-60.67138690000001,55.0,538.0,Municipio Rosario,Municipio,Rosario,820210,Servicio de Catastro e Información Territorial,IGN