anio_acci,nro_acci,fecha,desc_dia,fecha_aprox,hora_aprox,desc_ruta,km,cant_participantes,desc_participante,calle_avenida_km,total,heridos_leves,heridos_graves,heridos_gravisimos,ilesos,fallecidos,sin_datos,posicion_XY,desc_tipo_via,desc_ruta_ori,desc_loc,desc_dpto,desc_tipo_calzada,desc_tipo_banquina,desc_unidad_regional,desc_lugar_calzada,desc_zona,desc_prioridad,desc_estado_semaforo,desc_lugar_via,desc_estado_via,desc_estado_visibilidad,desc_luminosidad,desc_estado_clima,desc_tipo_colision,desc_tipo_atropello,desc_tipo_hecho,desc_pres_calzada,desc_senializacion,desc_separacion_via,desc_restriccion,forma_geocod,calle_lista,numero_calles,calles_osm,lat,lon,index_right,gid,fna,gna,nam,in1,fdc,sag
2012,5298,2012-04-25,Miercoles,0.0,17:30:00,,0.0,2,"Moto/Ciclomotor,Automóvil",S. NICOLAS Y 24 DE SEPTIEMBRE,2,1,0,0,1,0,0,,Calle,,ROSARIO,Rosario,Asfalto,No existe,II,Dentro,Urbana,Ninguna,No existe,Intersección,Bueno,Buena,Atardecer,Buen Tiempo,Frontal,S/D,Colisión,S/D,Faltante,Ninguna,Sin restricción,POINT (-60.685382833333335 -32.97331693333334),"['Nicolas', '24 de Septiembre']",2,San Nicolás; 24 de Septiembre,-32.97331693333334,-60.685382833333335,55.0,538.0,Municipio Rosario,Municipio,Rosario,820210,Servicio de Catastro e Información Territorial,IGN
2012,5299,2012-04-06,Viernes,0.0,17:30:00,,0.0,2,"Automóvil,Moto/Ciclomotor",SEGUI E IRIONDO,2,0,1,0,1,0,0,,Avenida,,ROSARIO,Rosario,Asfalto,No existe,II,Dentro,Urbana,Ninguna,No existe,Intersección,Bueno,Buena,"Nocturna,Con luz artificial",Buen Tiempo,Frontal,S/D,Colisión,S/D,Faltante,Cordón divisorio,Sin restricción,POINT (-60.67784519999999 -32.973457749999994),"['Bulevar Juan Francisco Seguí', 'Iriondo']",2,Bulevar Juan Francisco Seguí; Iriondo,-32.973457749999994,-60.67784519999999,55.0,538.0,Municipio Rosario,Municipio,Rosario,820210,Servicio de Catastro e Información Territorial,IGN
2012,5300,2012-04-19,Jueves,0.0,,,0.0,2,"Moto/Ciclomotor,Pickup/Utilitario",AV. OV. LAGOS Y CORONEL ARNOLD,2,1,0,0,1,0,0,,Avenida,,ROSARIO,Rosario,Asfalto,S/D,II,Dentro,Urbana,Ninguna,S/D,Intersección,Bueno,S/D,S/D,Buen Tiempo,Lateral,S/D,Colisión,S/D,Horizontal,Cordón divisorio,Sin restricción,POINT (-60.67327350000001 -32.99105795),"['Avenida Ovidio Lagos', 'Arnold']",2,Avenida Ovidio Lagos; Arnold,-32.99105795,-60.67327350000001,55.0,538.0,Municipio Rosario,Municipio,Rosario,820210,Servicio de Catastro e Información Territorial,IGN
2012,5301,2012-04-05,Jueves,0.0,13:40:00,,0.0,2,"Moto/Ciclomotor,Automóvil",DE LA SALLE Y LINIERS,2,1,0,0,1,0,0,,Calle,,ROSARIO,Rosario,Asfalto,No existe,II,S/D,S/D,Ninguna,No existe,Intersección,Bueno,Buena,Atardecer,Buen Tiempo,S/D,S/D,Colisión,S/D,S/D,Ninguna,S/D,POINT (-60.6992401 -32.92211820000001),"['De La Salle', 'Liniers']",2,De La Salle; Liniers,-32.92211820000001,-60.6992401,55.0,538.0,Municipio Rosario,Municipio,Rosario,820210,Servicio de Catastro e Información Territorial,IGN
2012,5302,2012-04-12,Jueves,0.0,,,0.0,2,"Moto/Ciclomotor,Automóvil",SANTA FE 5000,2,1,0,0,1,0,0,,Calle,,ROSARIO,Rosario,Asfalto,No existe,II,Dentro,Urbana,Semáforo,Funciona,Recta,Bueno,Buena,Diurna,Buen Tiempo,Lateral,S/D,Colisión,S/D,Horizontal,Cordón divisorio,Sin restricción,"-32.935506, -60.6908252",['Santa Fe 5000'],1,Santa Fe 5000,-32.935506,-60.6908252,55.0,538.0,Municipio Rosario,Municipio,Rosario,820210,Servicio de Catastro e Información Territorial,IGN
2012,5303,2012-04-12,Jueves,0.0,05:00:00,,0.0,2,"Automóvil,Automóvil",SANTA FE Y CARRILEGO,3,1,0,0,2,0,0,,Calle,,ROSARIO,Rosario,Asfalto,No existe,II,Dentro,Urbana,Semáforo,Funciona,Intersección,Bueno,Buena,Diurna,Buen Tiempo,Lateral,S/D,Colisión,S/D,Horizontal,Ninguna,Sin restricción,POINT (-60.688340700000005 -32.93603470000001),"['Santa Fe', 'Carriego']",2,Santa Fe; Carriego,-32.93603470000001,-60.688340700000005,55.0,538.0,Municipio Rosario,Municipio,Rosario,820210,Servicio de Catastro e Información Territorial,IGN
2012,5305,2012-04-15,Domingo,0.0,09:40:00,,0.0,2,"Automóvil,Automóvil",LIMA Y URQUIZA,2,2,0,0,0,0,0,,Calle,,ROSARIO,Rosario,Asfalto,No existe,II,S/D,Urbana,Ninguna,No existe,Intersección,Bueno,Buena,Diurna,Buen Tiempo,Frontal,S/D,Colisión,S/D,Horizontal,Ninguna,S/D,POINT (-60.68234129999999 -32.934874099999995),"['Lima', 'Urquiza']",2,Lima; Justo José de Urquiza,-32.934874099999995,-60.68234129999999,55.0,538.0,Municipio Rosario,Municipio,Rosario,820210,Servicio de Catastro e Información Territorial,IGN
2012,5306,2012-04-15,Domingo,0.0,,,0.0,2,"Moto/Ciclomotor,Automóvil",MATIENZO Y SANTA FE,3,1,0,0,1,0,1,,Calle,,ROSARIO,Rosario,Asfalto,No existe,II,S/D,Urbana,Semáforo,Funciona,Intersección,Bueno,Buena,S/D,Buen Tiempo,"Lateral,Otro",S/D,"Colisión,Vuelco",S/D,S/D,Ninguna,Sin restricción,POINT (-60.6948696 -32.93522879999999),"['Matienzo', 'Santa Fe']",2,Benjamín Matienzo; Santa Fe,-32.93522879999999,-60.6948696,55.0,538.0,Municipio Rosario,Municipio,Rosario,820210,Servicio de Catastro e Información Territorial,IGN
2012,5307,2012-04-17,Martes,0.0,09:00:00,,0.0,2,"Moto/Ciclomotor,Peatón",SOLIS Y URQUIZA,2,0,0,0,0,0,2,,Calle,,ROSARIO,Rosario,Asfalto,Pavimento,II,S/D,Urbana,S/D,S/D,Intersección,Deteriorada,S/D,S/D,S/D,S/D,S/D,S/D,S/D,S/D,Ninguna,Sin restricción,POINT (-60.7037076 -32.9331829),"['Solis', 'Urquiza']",2,Juan Díaz de Solís; Justo José de Urquiza,-32.9331829,-60.7037076,55.0,538.0,Municipio Rosario,Municipio,Rosario,820210,Servicio de Catastro e Información Territorial,IGN
2012,5308,2012-04-19,Jueves,0.0,,,0.0,2,"Peatón,Automóvil",CULLEN Y ESQUIU,2,1,0,0,1,0,0,,Calle,,ROSARIO,Rosario,S/D,S/D,II,S/D,Urbana,S/D,S/D,S/D,S/D,S/D,S/D,S/D,Otro,S/D,Atropello,S/D,S/D,S/D,S/D,POINT (-60.7098278 -32.9230189),"['Cullen', 'Esquiú']",2,Cullen; Esquiú,-32.9230189,-60.7098278,55.0,538.0,Municipio Rosario,Municipio,Rosario,820210,Servicio de Catastro e Información Territorial,IGN
2012,5334,2012-04-18,Miercoles,0.0,16:30:00,,0.0,2,"Moto/Ciclomotor,Camión",JUAN PABLO II 5600,2,1,0,0,1,0,0,,Calle,,ROSARIO,Rosario,S/D,S/D,II,S/D,Urbana,S/D,No existe,Distribuidor,S/D,Buena,Diurna,Buen Tiempo,Lateral,S/D,Colisión,S/D,Horizontal,S/D,Sin restricción,"-32.884828, -60.7101666",['Juan Pablo Ii 5600'],1,Juan Pablo Ii 5600,-32.884828,-60.7101666,55.0,538.0,Municipio Rosario,Municipio,Rosario,820210,Servicio de Catastro e Información Territorial,IGN
2012,5335,2012-04-21,Sabado,0.0,13:45:00,,0.0,2,"Moto/Ciclomotor,Otros",GARAY 3500,1,1,0,0,0,0,0,,Calle,,ROSARIO,Rosario,Asfalto,No existe,II,S/D,Urbana,Ninguna,No existe,Recta,Bueno,Buena,Diurna,Buen Tiempo,S/D,S/D,Colisión,S/D,Faltante,Ninguna,S/D,"-32.9685935, -60.6778294",['Garay 3500'],1,Garay 3500,-32.9685935,-60.6778294,55.0,538.0,Municipio Rosario,Municipio,Rosario,820210,Servicio de Catastro e Información Territorial,IGN
2012,5336,2012-04-20,Viernes,0.0,18:15:00,,0.0,2,"Moto/Ciclomotor,Automóvil",AV. FRANCIAY ESTADO DE ISRAEL,2,1,0,0,1,0,0,,Avenida,,ROSARIO,Rosario,Asfalto,S/D,II,S/D,S/D,Ninguna,S/D,Intersección,S/D,S/D,S/D,Buen Tiempo,Lateral,S/D,Colisión,S/D,S/D,Cordón divisorio,Sin restricción,POINT (-60.67809525 -32.99271395000001),"['Francia', 'Estado de Israel']",2,Avenida Francia; Estado de Israel,-32.99271395000001,-60.67809525,55.0,538.0,Municipio Rosario,Municipio,Rosario,820210,Servicio de Catastro e Información Territorial,IGN
2012,5338,2012-04-12,Jueves,0.0,21:30:00,,0.0,2,"Moto/Ciclomotor,Otros",LARREA Y GODOY,1,1,0,0,0,0,0,,Avenida,,ROSARIO,Rosario,Asfalto,No existe,II,S/D,Urbana,Ninguna,No existe,Intersección,Deteriorada,Buena,S/D,S/D,Lateral,S/D,Colisión,Otro,Faltante,Ninguna,Sin restricción,POINT (-60.6964425 -32.960417899999996),"['Larrea', 'Avenida Presidente Perón']",2,Larrea; Avenida Presidente Perón,-32.9604179,-60.6964425,55.0,538.0,Municipio Rosario,Municipio,Rosario,820210,Servicio de Catastro e Información Territorial,IGN
2012,5340,2012-04-14,Sabado,0.0,23:00:00,,0.0,2,"Moto/Ciclomotor,Otros",ROMILLON Y D. FUNES,2,2,0,0,0,0,0,,Calle,,ROSARIO,Rosario,Asfalto,No existe,II,Dentro,Urbana,Ninguna,No existe,Intersección,Deteriorada,Buena,S/D,S/D,Lateral,S/D,Colisión,Otro,Faltante,Ninguna,Sin restricción,POINT (-60.701197300000004 -32.967172850000004),"['Alfredo Rouillón', 'Deán Gregorio Funes']",2,Alfredo Rouillón; Deán Gregorio Funes,-32.967172850000004,-60.7011973,55.0,538.0,Municipio Rosario,Municipio,Rosario,820210,Servicio de Catastro e Información Territorial,IGN
2012,5342,2012-04-13,Viernes,0.0,11:00:00,,0.0,2,"Moto/Ciclomotor,Otros",BV. SEGUI Y C. ALDAO,1,1,0,0,0,0,0,,Avenida,,ROSARIO,Rosario,Asfalto,No existe,II,S/D,Urbana,Ninguna,No existe,Intersección,Deteriorada,Buena,S/D,S/D,Lateral,S/D,Colisión,Otro,Faltante,Ninguna,Sin restricción,POINT (-60.69481865 -32.97059494999999),"['Bulevar Juan Francisco Seguí', 'Aldao']",2,Bulevar Juan Francisco Seguí; Camilo Aldao,-32.97059494999999,-60.69481865,55.0,538.0,Municipio Rosario,Municipio,Rosario,820210,Servicio de Catastro e Información Territorial,IGN
2012,5344,2012-04-10,Martes,0.0,19:00:00,,0.0,2,"Moto/Ciclomotor,Otros",AV. GODOY Y CULLEN,1,1,0,0,0,0,0,,Avenida,,ROSARIO,Rosario,Asfalto,No existe,II,S/D,Urbana,Ninguna,No existe,Intersección,Deteriorada,Buena,S/D,S/D,Lateral,S/D,Colisión,Otro,Faltante,Ninguna,Sin restricción,POINT (-60.70807085 -32.96626105),"['Avenida Presidente Perón', 'Cullen']",2,Avenida Presidente Perón; Cullen,-32.96626105,-60.70807085,55.0,538.0,Municipio Rosario,Municipio,Rosario,820210,Servicio de Catastro e Información Territorial,IGN
2012,5345,2012-04-10,Martes,0.0,18:00:00,,0.0,2,"Moto/Ciclomotor,Otros",D. FUNES Y LINIERS,2,2,0,0,0,0,0,,Calle,,ROSARIO,Rosario,Asfalto,No existe,II,Dentro,Urbana,Ninguna,No existe,Intersección,Deteriorada,Buena,S/D,Otro,Lateral,S/D,Colisión,Otro,Faltante,Ninguna,Sin restricción,POINT (-60.6974822 -32.9670738),"['Deán Gregorio Funes', 'Liniers']",2,Deán Gregorio Funes; Liniers,-32.9670738,-60.6974822,55.0,538.0,Municipio Rosario,Municipio,Rosario,820210,Servicio de Catastro e Información Territorial,IGN
2012,5346,2012-04-10,Martes,0.0,20:00:00,,0.0,2,"Automóvil,Otros",AV. GODOY Y ROVILLON,1,1,0,0,0,0,0,,S/D,,ROSARIO,Rosario,Asfalto,No existe,II,S/D,Urbana,Semáforo,Funciona,Intersección,Deteriorada,Buena,Nocturna,Otro,Lateral,S/D,Colisión,Otro,Vertical,Ninguna,Sin restricción,POINT (-60.701373475000004 -32.96289577499999),"['Avenida Presidente Perón', 'Alfredo Rouillón']",2,Avenida Presidente Perón; Alfredo Rouillón,-32.96289577499999,-60.701373475,55.0,538.0,Municipio Rosario,Municipio,Rosario,820210,Servicio de Catastro e Información Territorial,IGN
2012,5348,2012-04-10,Martes,0.0,10:15:00,,0.0,2,"Bicicleta,Otros",AV. GODOY Y CAMPBELL,1,1,0,0,0,0,0,,Avenida,,ROSARIO,Rosario,Asfalto,No existe,II,S/D,Urbana,Ninguna,No existe,Intersección,Deteriorada,Buena,S/D,Otro,S/D,S/D,Atropello,Otro,Faltante,Ninguna,Sin restricción,POINT (-60.70692735 -32.96568669999999),"['Avenida Presidente Perón', 'Campbell']",2,Avenida Presidente Perón; Campbell,-32.96568669999999,-60.70692735,55.0,538.0,Municipio Rosario,Municipio,Rosario,820210,Servicio de Catastro e Información Territorial,IGN
2012,5349,2012-04-01,Domingo,0.0,15:20:00,,0.0,2,"Moto/Ciclomotor,Otros",PJE. 1878 Y 1849,2,2,0,0,0,0,0,,Calle,,ROSARIO,Rosario,Asfalto,No existe,II,S/D,Urbana,Ninguna,No existe,Intersección,Deteriorada,Buena,"Diurna,Con luz artificial",S/D,Lateral,S/D,Colisión,Otro,Faltante,Ninguna,Sin restricción,POINT (-60.7102825 -32.97238529999999),"['Pasaje 1878', 'Calle 1840']",2,Pasaje 1878; Calle 1840,-32.97238529999999,-60.7102825,55.0,538.0,Municipio Rosario,Municipio,Rosario,820210,Servicio de Catastro e Información Territorial,IGN
2012,5351,2012-04-11,Miercoles,0.0,10:00:00,,0.0,2,"Moto/Ciclomotor,Otros",BV. SEGUI Y F. MORE,1,1,0,0,0,0,0,,S/D,,ROSARIO,Rosario,Asfalto,No existe,II,S/D,Urbana,Semáforo,No existe,Intersección,Deteriorada,Buena,S/D,Otro,Lateral,S/D,Colisión,Otro,Faltante,Ninguna,Sin restricción,POINT (-60.6925779 -32.9705265),"['Bulevar Juan Francisco Seguí', 'Felipe Moré']",2,Bulevar Juan Francisco Seguí; Felipe Moré,-32.9705265,-60.6925779,55.0,538.0,Municipio Rosario,Municipio,Rosario,820210,Servicio de Catastro e Información Territorial,IGN
2012,5353,2012-04-22,Domingo,0.0,10:00:00,,0.0,3,"Peatón,Peatón,Otros",BV.SEGUI Y ROMILLON,2,2,0,0,0,0,0,,S/D,,ROSARIO,Rosario,Asfalto,No existe,II,Dentro,Urbana,Semáforo,Funciona,Intersección,Deteriorada,Buena,S/D,Otro,S/D,S/D,Atropello,Otro,Vertical,Ninguna,Sin restricción,POINT (-60.701049250000004 -32.970761249999995),"['Bulevar Juan Francisco Seguí', 'Alfredo Rouillón']",2,Bulevar Juan Francisco Seguí; Alfredo Rouillón,-32.970761249999995,-60.70104925,55.0,538.0,Municipio Rosario,Municipio,Rosario,820210,Servicio de Catastro e Información Territorial,IGN
2012,5356,2012-04-22,Domingo,0.0,12:00:00,,0.0,2,"Moto/Ciclomotor,Otros",BV. SEGUI Y MATIENZO,1,1,0,0,0,0,0,,S/D,,ROSARIO,Rosario,Asfalto,No existe,II,S/D,Urbana,Semáforo,Funciona,Intersección,Deteriorada,Buena,S/D,Otro,Lateral,S/D,Colisión,Otro,Vertical,Ninguna,Sin restricción,POINT (-60.693519525000006 -32.970552749999996),"['Bulevar Juan Francisco Seguí', 'Matienzo']",2,Bulevar Juan Francisco Seguí; Benjamín Matienzo,-32.97055275,-60.693519525000006,55.0,538.0,Municipio Rosario,Municipio,Rosario,820210,Servicio de Catastro e Información Territorial,IGN
2012,5357,2012-04-25,Miercoles,0.0,17:20:00,,0.0,2,"Bicicleta,Otros",C. ALDAO Y GODOY,1,1,0,0,0,0,0,,S/D,,ROSARIO,Rosario,Asfalto,No existe,II,S/D,Urbana,Ninguna,No existe,Intersección,Deteriorada,Buena,S/D,S/D,Lateral,S/D,Colisión,Otro,Faltante,Ninguna,Sin restricción,POINT (-60.695184749999996 -32.959782),"['Aldao', 'Avenida Presidente Perón']",2,Camilo Aldao; Avenida Presidente Perón,-32.959782,-60.69518475,55.0,538.0,Municipio Rosario,Municipio,Rosario,820210,Servicio de Catastro e Información Territorial,IGN
2012,5358,2012-04-10,Martes,0.0,21:00:00,,0.0,2,"Moto/Ciclomotor,Otros",BV. SEGUI Y RAMILLON,1,1,0,0,0,0,0,,S/D,,ROSARIO,Rosario,Asfalto,No existe,II,S/D,Urbana,Semáforo,Funciona,Intersección,Deteriorada,Buena,Nocturna,S/D,Lateral,S/D,Colisión,Otro,Horizontal,Ninguna,Sin restricción,POINT (-60.701049250000004 -32.970761249999995),"['Bulevar Juan Francisco Seguí', 'Alfredo Rouillón']",2,Bulevar Juan Francisco Seguí; Alfredo Rouillón,-32.970761249999995,-60.70104925,55.0,538.0,Municipio Rosario,Municipio,Rosario,820210,Servicio de Catastro e Información Territorial,IGN
2012,5360,2012-04-11,Miercoles,0.0,17:30:00,,0.0,2,"Moto/Ciclomotor,Otros",BV. SEGUI Y GARZON,1,1,0,0,0,0,0,,Calle,,ROSARIO,Rosario,Asfalto,No existe,II,S/D,Urbana,S/D,No existe,Intersección,Deteriorada,Buena,S/D,Otro,Lateral,S/D,Colisión,Otro,Faltante,Ninguna,Sin restricción,POINT (-60.70447655 -32.97085324999999),"['Bulevar Juan Francisco Seguí', 'Garzón']",2,Bulevar Juan Francisco Seguí; Garzón,-32.97085324999999,-60.70447655,55.0,538.0,Municipio Rosario,Municipio,Rosario,820210,Servicio de Catastro e Información Territorial,IGN
2012,5361,2012-04-18,Miercoles,0.0,09:30:00,,0.0,2,"Automóvil,Otros",BV. SEGUI Y MATIENZO,1,1,0,0,0,0,0,,Avenida,,ROSARIO,Rosario,Asfalto,No existe,II,S/D,Urbana,Semáforo,Funciona,Intersección,Deteriorada,Buena,S/D,Otro,Lateral,S/D,Colisión,Otro,Vertical,Ninguna,Sin restricción,POINT (-60.693519525000006 -32.970552749999996),"['Bulevar Juan Francisco Seguí', 'Matienzo']",2,Bulevar Juan Francisco Seguí; Benjamín Matienzo,-32.97055275,-60.693519525000006,55.0,538.0,Municipio Rosario,Municipio,Rosario,820210,Servicio de Catastro e Información Territorial,IGN
2012,5368,2012-04-21,Sabado,0.0,14:10:00,,0.0,2,"Automóvil,Moto/Ciclomotor",laprida y zaballos,3,2,0,0,1,0,0,,Calle,,ROSARIO,Rosario,Asfalto,S/D,II,Dentro,Urbana,S/D,S/D,Intersección,Bueno,S/D,Diurna,Buen Tiempo,Lateral,S/D,Colisión,S/D,S/D,S/D,Sin restricción,POINT (-60.6363278 -32.9557887),"['Laprida', 'Zeballos']",2,Francisco Narciso Laprida; Zeballos,-32.9557887,-60.6363278,55.0,538.0,Municipio Rosario,Municipio,Rosario,820210,Servicio de Catastro e Información Territorial,IGN
2012,5370,2012-03-24,Sabado,0.0,18:15:00,,0.0,1,Taxi/Remis,LAPRIDA Y RIOJA,2,1,0,0,1,0,0,,Calle,,ROSARIO,Rosario,Asfalto,S/D,II,Dentro,Urbana,S/D,S/D,Intersección,Bueno,Buena,Atardecer,Buen Tiempo,Lateral,S/D,Colisión,S/D,S/D,S/D,Sin restricción,POINT (-60.63424869999999 -32.9485583),"['Laprida', 'Rioja']",2,Francisco Narciso Laprida; Rioja,-32.9485583,-60.63424869999999,55.0,538.0,Municipio Rosario,Municipio,Rosario,820210,Servicio de Catastro e Información Territorial,IGN
2012,5372,2012-04-16,Lunes,0.0,21:30:00,,0.0,2,"Moto/Ciclomotor,Otros",27 DE FEBRERO Y LINIERS,1,1,0,0,0,0,0,,Avenida,,ROSARIO,Rosario,Asfalto,No existe,II,S/D,Urbana,S/D,No existe,Intersección,Deteriorada,Buena,S/D,Otro,Lateral,S/D,Colisión,Otro,Faltante,Ninguna,S/D,POINT (-60.6978255 -32.958853149999996),"['27 de Febrero', 'Liniers']",2,Bulevar 27 de Febrero; Liniers,-32.95885315,-60.6978255,55.0,538.0,Municipio Rosario,Municipio,Rosario,820210,Servicio de Catastro e Información Territorial,IGN
2012,5375,2012-04-08,Domingo,0.0,18:30:00,,0.0,1,Bicicleta,NEWBERY Y SANCHEZ DE LORIA,1,1,0,0,0,0,0,,S/D,,ROSARIO,Rosario,S/D,S/D,II,S/D,Urbana,S/D,S/D,S/D,S/D,S/D,S/D,S/D,S/D,S/D,S/D,S/D,S/D,S/D,S/D,POINT (-60.73309916000001 -32.90848276),"['Newbery', 'Sánchez de Loria']",2,Pasaje Newbery; Sánchez de Loria,-32.90848276,-60.73309916000001,55.0,538.0,Municipio Rosario,Municipio,Rosario,820210,Servicio de Catastro e Información Territorial,IGN
2012,5377,2012-04-13,Viernes,0.0,19:30:00,,0.0,1,Moto/Ciclomotor,TARRAGONA Y SCHWEITZER,2,1,0,0,0,0,1,,Calle,,ROSARIO,Rosario,S/D,S/D,II,S/D,S/D,S/D,S/D,S/D,S/D,S/D,S/D,S/D,S/D,S/D,S/D,S/D,S/D,S/D,S/D,POINT (-60.735244300000005 -32.9137951),"['Tarragona', 'Albert Schweitzer']",2,Tarragona; Albert Schweitzer,-32.9137951,-60.735244300000005,55.0,538.0,Municipio Rosario,Municipio,Rosario,820210,Servicio de Catastro e Información Territorial,IGN
2012,5378,2012-04-16,Lunes,0.0,15:20:00,,0.0,1,Moto/Ciclomotor,J. B. JUSTO Y WILDE,2,2,0,0,0,0,0,,Calle,,ROSARIO,Rosario,Asfalto,S/D,II,S/D,S/D,S/D,S/D,Intersección,S/D,S/D,S/D,S/D,S/D,S/D,S/D,S/D,S/D,S/D,S/D,POINT (-60.7386835 -32.934138000000004),"['Justo', 'Bulevar Wilde']",2,"('Justo José de Urquiza', 'Bulevar Wilde')",-32.934138000000004,-60.7386835,55.0,538.0,Municipio Rosario,Municipio,Rosario,820210,Servicio de Catastro e Información Territorial,IGN
2012,5379,2012-04-18,Miercoles,0.0,17:40:00,,0.0,1,Moto/Ciclomotor,MARTINEZ DE ESTRADA Y SANCHEZ DE LORIA,1,1,0,0,0,0,0,,S/D,,ROSARIO,Rosario,S/D,S/D,II,S/D,S/D,S/D,S/D,S/D,S/D,S/D,S/D,S/D,S/D,S/D,S/D,S/D,S/D,S/D,S/D,POINT (-60.7329862 -32.9112576),"['Martinez Estrada', 'Sánchez de Loria']",2,Martinez Estrada; Sánchez de Loria,-32.9112576,-60.7329862,55.0,538.0,Municipio Rosario,Municipio,Rosario,820210,Servicio de Catastro e Información Territorial,IGN
2012,5380,2012-04-20,Viernes,0.0,23:10:00,,0.0,1,Moto/Ciclomotor,SCHWEITZER Y VENEZUELA,1,1,0,0,0,0,0,,Calle,,ROSARIO,Rosario,S/D,S/D,II,S/D,Urbana,S/D,S/D,Intersección,S/D,S/D,S/D,S/D,S/D,S/D,S/D,S/D,S/D,S/D,S/D,POINT (-60.72562515 -32.91346155),"['Albert Schweitzer', 'Venezuela']",2,Albert Schweitzer; Venezuela,-32.91346155,-60.72562515,55.0,538.0,Municipio Rosario,Municipio,Rosario,820210,Servicio de Catastro e Información Territorial,IGN
2012,5381,2012-02-24,Viernes,0.0,18:10:00,,0.0,2,"Automóvil,Moto/Ciclomotor",9 DE JULIO Y LAPRIDA,2,1,0,0,1,0,0,,Calle,,ROSARIO,Rosario,Asfalto,S/D,II,Dentro,Urbana,Señal Pare,No existe,Intersección,Bueno,Buena,Diurna,S/D,Lateral,S/D,Colisión,S/D,S/D,Cordón divisorio,S/D,POINT (-60.6360021 -32.9546257),"['9 de Julio', 'Laprida']",2,9 de Julio; Francisco Narciso Laprida,-32.9546257,-60.6360021,55.0,538.0,Municipio Rosario,Municipio,Rosario,820210,Servicio de Catastro e Información Territorial,IGN
2012,5382,2012-04-22,Domingo,0.0,19:10:00,,0.0,1,Moto/Ciclomotor,TARRAGONA Y AYALA GAUNA,1,1,0,0,0,0,0,,Calle,,ROSARIO,Rosario,S/D,S/D,II,S/D,S/D,S/D,S/D,S/D,S/D,S/D,S/D,S/D,S/D,S/D,S/D,S/D,S/D,S/D,S/D,POINT (-60.7352862 -32.9125474),"['Tarragona', 'Ayala Gauna']",2,Tarragona; Ayala Gauna,-32.9125474,-60.7352862,55.0,538.0,Municipio Rosario,Municipio,Rosario,820210,Servicio de Catastro e Información Territorial,IGN
2012,5383,2012-03-23,Viernes,0.0,11:50:00,,0.0,1,,bs. as. y 9 de julio,2,1,0,0,1,0,0,,Calle,,ROSARIO,Rosario,Asfalto,S/D,II,Dentro,Urbana,S/D,No existe,Intersección,Bueno,Buena,Diurna,Buen Tiempo,Lateral,S/D,Colisión,S/D,S/D,S/D,Sin restricción,POINT (-60.6345741 -32.9548812),"['Buenos Aires', '9 de Julio']",2,Buenos Aires; 9 de Julio,-32.9548812,-60.6345741,55.0,538.0,Municipio Rosario,Municipio,Rosario,820210,Servicio de Catastro e Información Territorial,IGN
2012,5384,2012-03-23,Viernes,0.0,11:50:00,,0.0,2,"Automóvil,Automóvil",bs. as. y 9 de julio,2,1,0,0,1,0,0,,Calle,,ROSARIO,Rosario,Asfalto,S/D,II,Dentro,Urbana,S/D,No existe,Intersección,Bueno,Buena,Diurna,Buen Tiempo,Lateral,S/D,Colisión,S/D,S/D,S/D,Sin restricción,POINT (-60.6345741 -32.9548812),"['Buenos Aires', '9 de Julio']",2,Buenos Aires; 9 de Julio,-32.9548812,-60.6345741,55.0,538.0,Municipio Rosario,Municipio,Rosario,820210,Servicio de Catastro e Información Territorial,IGN
2012,5385,2012-03-03,Sabado,0.0,11:00:00,,0.0,2,"Pickup/Utilitario,Moto/Ciclomotor",PELLEGRINI Y BUENOS AIRES,2,1,0,0,1,0,0,,Calle,,ROSARIO,Rosario,Asfalto,S/D,II,Dentro,Urbana,S/D,Funciona,Intersección,Bueno,Buena,Diurna,S/D,Lateral,S/D,Colisión,S/D,S/D,Cordón divisorio,S/D,POINT (-60.6354288 -32.95828709999999),"['Pellegrini', 'Buenos Aires']",2,"('Avenida Carlos Pellegrini', 'Buenos Aires')",-32.95828709999999,-60.6354288,55.0,538.0,Municipio Rosario,Municipio,Rosario,820210,Servicio de Catastro e Información Territorial,IGN
2012,5386,2012-03-16,Viernes,0.0,10:00:00,,0.0,1,Transporte de Pasajeros Urbano (> 8 asientos),BUENOS AIRES Y 9 DEJULIO,2,1,0,0,1,0,0,,S/D,,ROSARIO,Rosario,Asfalto,S/D,II,S/D,S/D,S/D,S/D,Recta,S/D,S/D,S/D,S/D,Otro,S/D,Caída ocupante,S/D,S/D,Cordón divisorio,S/D,POINT (-60.6345741 -32.9548812),"['Buenos Aires', '9 de Julio']",2,Buenos Aires; 9 de Julio,-32.9548812,-60.6345741,55.0,538.0,Municipio Rosario,Municipio,Rosario,820210,Servicio de Catastro e Información Territorial,IGN
2012,5387,2012-03-11,Domingo,0.0,18:10:00,,0.0,2,"Moto/Ciclomotor,Automóvil",BUENOS AIRES Y 3 DE FEBRERO,2,1,0,0,1,0,0,,Calle,,ROSARIO,Rosario,Asfalto,S/D,II,Dentro,Urbana,S/D,No existe,Intersección,Bueno,Buena,Diurna,S/D,Lateral,S/D,Colisión,S/D,Vertical,S/D,S/D,POINT (-60.63427490000001 -32.9536983),"['Buenos Aires', '3 de Febrero']",2,Buenos Aires; 3 de Febrero,-32.9536983,-60.63427490000001,55.0,538.0,Municipio Rosario,Municipio,Rosario,820210,Servicio de Catastro e Información Territorial,IGN