anio_acci,nro_acci,fecha,desc_dia,fecha_aprox,hora_aprox,desc_ruta,km,cant_participantes,desc_participante,calle_avenida_km,total,heridos_leves,heridos_graves,heridos_gravisimos,ilesos,fallecidos,sin_datos,posicion_XY,desc_tipo_via,desc_ruta_ori,desc_loc,desc_dpto,desc_tipo_calzada,desc_tipo_banquina,desc_unidad_regional,desc_lugar_calzada,desc_zona,desc_prioridad,desc_estado_semaforo,desc_lugar_via,desc_estado_via,desc_estado_visibilidad,desc_luminosidad,desc_estado_clima,desc_tipo_colision,desc_tipo_atropello,desc_tipo_hecho,desc_pres_calzada,desc_senializacion,desc_separacion_via,desc_restriccion,forma_geocod,calle_lista,numero_calles,calles_osm,lat,lon,index_right,gid,fna,gna,nam,in1,fdc,sag
2012,5388,2012-03-16,Viernes,0.0,09:45:00,,0.0,2,"Moto/Ciclomotor,Automóvil",laprida y rioja,2,1,0,0,1,0,0,,Calle,,ROSARIO,Rosario,Asfalto,S/D,II,Dentro,Urbana,S/D,No existe,Intersección,Bueno,Buena,Diurna,Buen Tiempo,Lateral,S/D,Colisión,S/D,Vertical,S/D,Sin restricción,POINT (-60.63424869999999 -32.9485583),"['Laprida', 'Rioja']",2,Francisco Narciso Laprida; Rioja,-32.9485583,-60.63424869999999,55.0,538.0,Municipio Rosario,Municipio,Rosario,820210,Servicio de Catastro e Información Territorial,IGN
2012,5391,2012-04-15,Domingo,0.0,17:15:00,,0.0,1,Automóvil,MENDOZA Y DONADO,2,1,0,0,0,0,1,,Calle,,ROSARIO,Rosario,Asfalto,No existe,II,Dentro,Urbana,Ninguna,Funciona,Recta,Bueno,Buena,Diurna,Buen Tiempo,Otro,S/D,Colisión,S/D,Horizontal,S/D,Sin restricción,POINT (-60.7269807 -32.94063034999999),"['Mendoza', 'Donado']",2,Mendoza; José Agustín Donado,-32.94063034999999,-60.7269807,55.0,538.0,Municipio Rosario,Municipio,Rosario,820210,Servicio de Catastro e Información Territorial,IGN
2012,5392,2012-03-31,Sabado,0.0,11:00:00,,0.0,2,"Moto/Ciclomotor,Automóvil",mendoza 300,2,1,0,0,1,0,0,,Calle,,ROSARIO,Rosario,Asfalto,S/D,II,Dentro,Urbana,S/D,S/D,Recta,Bueno,Buena,Diurna,Buen Tiempo,De alcance,S/D,Colisión,S/D,S/D,S/D,Sin restricción,"-32.9534488, -60.6281169",['Mendoza 300'],1,Mendoza 300,-32.9534488,-60.6281169,55.0,538.0,Municipio Rosario,Municipio,Rosario,820210,Servicio de Catastro e Información Territorial,IGN
2012,5393,2012-04-15,Domingo,0.0,19:50:00,,0.0,1,Automóvil,MENDOZA Y DONADO,1,1,0,0,0,0,0,,Calle,,ROSARIO,Rosario,Asfalto,S/D,II,Dentro,Urbana,Ninguna,No existe,Recta,Bueno,Buena,Diurna,Buen Tiempo,Otro,S/D,Colisión,S/D,Horizontal,Ninguna,S/D,POINT (-60.7269807 -32.94063034999999),"['Mendoza', 'Donado']",2,Mendoza; José Agustín Donado,-32.94063034999999,-60.7269807,55.0,538.0,Municipio Rosario,Municipio,Rosario,820210,Servicio de Catastro e Información Territorial,IGN
2012,5394,2012-04-14,Sabado,0.0,,,0.0,1,Moto/Ciclomotor,COLOMBIA Y CHUBUT,1,1,0,0,0,0,0,,Calle,,ROSARIO,Rosario,Asfalto,No existe,II,Dentro,Urbana,Ninguna,No existe,Recta,Bueno,Buena,S/D,Buen Tiempo,Otro,S/D,Colisión,S/D,Horizontal,Ninguna,Sin restricción,POINT (-60.7159009 -32.9457453),"['Colombia', 'Chubut']",2,Colombia; Chubut,-32.9457453,-60.7159009,55.0,538.0,Municipio Rosario,Municipio,Rosario,820210,Servicio de Catastro e Información Territorial,IGN
2012,5395,2012-04-19,Jueves,0.0,18:00:00,,0.0,2,"Moto/Ciclomotor,Peatón",GODOY 8200,2,1,0,0,1,0,0,,Calle,,ROSARIO,Rosario,Asfalto,No existe,II,Dentro,Urbana,S/D,No existe,Intersección,Deteriorada,Buena,Diurna,Buen Tiempo,S/D,S/D,Atropello,S/D,S/D,S/D,S/D,"-32.9575124, -60.6824686",['Avenida Presidente Perón 8200'],1,Avenida Presidente Perón 8200,-32.9575124,-60.6824686,55.0,538.0,Municipio Rosario,Municipio,Rosario,820210,Servicio de Catastro e Información Territorial,IGN
2012,5396,2012-03-24,Sabado,0.0,20:00:00,,0.0,2,"Bicicleta,Automóvil",MENDOZA 5500,2,1,0,0,0,0,1,,Calle,,ROSARIO,Rosario,Asfalto,No existe,II,Dentro,S/D,Ninguna,No existe,Recta,Bueno,Buena,Nocturna,Buen Tiempo,Otro,S/D,Atropello,S/D,Horizontal,Ninguna,Sin restricción,"-32.9409161, -60.6983923",['Mendoza 5500'],1,Mendoza 5500,-32.9409161,-60.6983923,55.0,538.0,Municipio Rosario,Municipio,Rosario,820210,Servicio de Catastro e Información Territorial,IGN
2012,5397,2012-04-01,Domingo,0.0,20:10:00,,0.0,1,Automóvil,MENDOZA Y WILDE (8400),1,1,0,0,0,0,0,,Calle,,ROSARIO,Rosario,Asfalto,No existe,II,Dentro,Urbana,Ninguna,No funciona,Recta,Bueno,Buena,Nocturna,Buen Tiempo,Otro,S/D,Colisión,S/D,Horizontal,Ninguna,S/D,POINT (-60.738499825 -32.9402949),"['Mendoza', 'Bulevar Wilde']",2,Mendoza; Bulevar Wilde,-32.9402949,-60.738499825,55.0,538.0,Municipio Rosario,Municipio,Rosario,820210,Servicio de Catastro e Información Territorial,IGN
2012,5398,2012-04-22,Domingo,0.0,09:30:00,,0.0,2,"Moto/Ciclomotor,Moto/Ciclomotor",PJE. 1711 Y DANIERI,2,2,0,0,0,0,0,,Calle,,ROSARIO,Rosario,Asfalto,No existe,II,S/D,Urbana,S/D,No existe,Intersección,Deteriorada,Buena,Diurna,Buen Tiempo,Lateral,S/D,Colisión,S/D,S/D,S/D,S/D,POINT (-60.723890600000004 -32.9624917),"['Carlos Uriarte', 'Danieri']",2,Carlos Uriarte; Danieri,-32.9624917,-60.7238906,55.0,538.0,Municipio Rosario,Municipio,Rosario,820210,Servicio de Catastro e Información Territorial,IGN
2012,5400,2012-04-23,Lunes,0.0,13:45:00,,0.0,1,Moto/Ciclomotor,CIRCUNVALACION Y CERRITO (2100),2,1,0,0,0,0,1,,Calle,,ROSARIO,Rosario,Asfalto,No existe,II,Dentro,Urbana,Ninguna,No existe,Recta,Bueno,Buena,Diurna,Buen Tiempo,Frontal,S/D,Colisión,S/D,Horizontal,S/D,S/D,POINT (-60.721055500000006 -32.95357749999999),"['Circunvalacion', 'Cerrito']",2,"('Juan Pablo II', 'Cerrito')",-32.95357749999999,-60.721055500000006,55.0,538.0,Municipio Rosario,Municipio,Rosario,820210,Servicio de Catastro e Información Territorial,IGN
2012,5401,2012-04-24,Martes,0.0,,,0.0,2,"Moto/Ciclomotor,Pickup/Utilitario",MENDOZA Y SANCHEZ DE LORIA,2,0,0,0,0,0,2,,S/D,,ROSARIO,Rosario,Asfalto,S/D,II,S/D,S/D,S/D,Funciona,Recta,Bueno,Buena,Diurna,Buen Tiempo,Múltiple,S/D,Colisión,S/D,Horizontal,S/D,S/D,POINT (-60.731700550000006 -32.9401276),"['Mendoza', 'Sánchez de Loria']",2,Mendoza; Sánchez de Loria,-32.9401276,-60.731700550000006,55.0,538.0,Municipio Rosario,Municipio,Rosario,820210,Servicio de Catastro e Información Territorial,IGN
2012,5402,2012-04-24,Martes,0.0,16:00:00,,0.0,2,"Automóvil,Moto/Ciclomotor",27 DE FEBRERO Y AV. CIRCUNVALACION,2,1,0,0,1,0,0,,Calle,,ROSARIO,Rosario,Asfalto,No existe,II,S/D,Urbana,S/D,Funciona,Intersección,"Deteriorada,Ahuellamiento",Buena,Diurna,Buen Tiempo,Lateral,S/D,Colisión,S/D,S/D,S/D,S/D,POINT (-60.671730569613096 -32.965475411263625),"['27 de Febrero', 'Circunvalacion']",2,Bulevar 27 de Febrero; Avenida de Circunvalación 25 de Mayo,-32.965475411263625,-60.671730569613096,55.0,538.0,Municipio Rosario,Municipio,Rosario,820210,Servicio de Catastro e Información Territorial,IGN
2012,5403,2012-04-13,Viernes,0.0,12:05:00,,0.0,2,"Taxi/Remis,Pickup/Utilitario",SAN JUAN Y CRESPO,4,2,0,0,0,0,2,,Calle,,ROSARIO,Rosario,Asfalto,S/D,II,Dentro,Urbana,S/D,S/D,Intersección,Bueno,Buena,Diurna,Buen Tiempo,Lateral,S/D,Colisión,S/D,S/D,Cordón divisorio,S/D,POINT (-60.6691479 -32.944778299999996),"['San Juan', 'Crespo']",2,San Juan; Crespo,-32.9447783,-60.6691479,55.0,538.0,Municipio Rosario,Municipio,Rosario,820210,Servicio de Catastro e Información Territorial,IGN
2012,5404,2012-04-28,Sabado,0.0,17:00:00,,0.0,2,"Moto/Ciclomotor,Automóvil",RIVAROLA Y BENITEZ,2,1,0,0,1,0,0,,Calle,,ROSARIO,Rosario,Asfalto,No existe,II,S/D,Urbana,S/D,No existe,Intersección,Deteriorada,Buena,Diurna,Lluvia,Lateral,S/D,Colisión,S/D,S/D,S/D,S/D,POINT (-60.72022135 -32.96605805),"['Rivarola', 'Benitez']",2,Avenida Doctor Rivarola; Benitez,-32.96605805,-60.72022135,55.0,538.0,Municipio Rosario,Municipio,Rosario,820210,Servicio de Catastro e Información Territorial,IGN
2012,5405,2012-04-15,Domingo,0.0,,,0.0,2,"Moto/Ciclomotor,Automóvil",RIOJA Y SUIPACHA,2,2,0,0,0,0,0,,Calle,,ROSARIO,Rosario,Asfalto,S/D,II,Dentro,Urbana,S/D,S/D,Intersección,Bueno,S/D,S/D,Buen Tiempo,Lateral,S/D,Colisión,S/D,S/D,Cordón divisorio,S/D,POINT (-60.66447840000001 -32.94294049999999),"['Rioja', 'Suipacha']",2,Rioja; Suipacha,-32.94294049999999,-60.66447840000001,55.0,538.0,Municipio Rosario,Municipio,Rosario,820210,Servicio de Catastro e Información Territorial,IGN
2012,5406,2012-04-12,Jueves,0.0,19:00:00,,0.0,1,Moto/Ciclomotor,SCHWEITZER Y TARRAGONA,3,3,0,0,0,0,0,,Calle,,ROSARIO,Rosario,S/D,S/D,II,S/D,Urbana,S/D,S/D,S/D,S/D,S/D,S/D,S/D,S/D,S/D,S/D,S/D,S/D,S/D,S/D,POINT (-60.735244300000005 -32.9137951),"['Albert Schweitzer', 'Tarragona']",2,Albert Schweitzer; Tarragona,-32.9137951,-60.735244300000005,55.0,538.0,Municipio Rosario,Municipio,Rosario,820210,Servicio de Catastro e Información Territorial,IGN
2012,5407,2012-04-11,Miercoles,0.0,16:40:00,,0.0,2,"Peatón,Moto/Ciclomotor",BRUCH 5300,1,1,0,0,0,0,0,,Calle,,ROSARIO,Rosario,Asfalto,No existe,II,Dentro,Urbana,Ninguna,No existe,Cruce,Bueno,Buena,Diurna,Buen Tiempo,S/D,S/D,Atropello,S/D,Horizontal,Ninguna,Sin restricción,"-33.0017675, -60.6785041",['Bruch 5300'],1,Bruch 5300,-33.0017675,-60.6785041,55.0,538.0,Municipio Rosario,Municipio,Rosario,820210,Servicio de Catastro e Información Territorial,IGN
2012,5408,2012-04-15,Domingo,0.0,14:30:00,,0.0,2,"Bicicleta,Automóvil",9 DE JULIO Y RICHIERI,3,2,0,0,1,0,0,,Calle,,ROSARIO,Rosario,Asfalto,S/D,II,Dentro,Urbana,S/D,S/D,Intersección,Bueno,S/D,S/D,Buen Tiempo,Otro,S/D,Atropello,S/D,S/D,Cordón divisorio,S/D,POINT (-60.6647054 -32.9494569),"['9 de Julio', 'Ricchieri']",2,9 de Julio; Ricchieri,-32.9494569,-60.6647054,55.0,538.0,Municipio Rosario,Municipio,Rosario,820210,Servicio de Catastro e Información Territorial,IGN
2012,5409,2012-04-15,Domingo,0.0,20:00:00,,0.0,2,"Moto/Ciclomotor,Automóvil",ZEBALLOS Y CAFFERATA,3,2,0,0,0,0,1,,Calle,,ROSARIO,Rosario,Asfalto,S/D,II,Dentro,Urbana,S/D,S/D,Intersección,S/D,S/D,Nocturna,Buen Tiempo,Lateral,S/D,Colisión,S/D,S/D,Cordón divisorio,S/D,POINT (-60.67310489999999 -32.949117799999996),"['Zeballos', 'Cafferata']",2,Zeballos; Cafferata,-32.9491178,-60.67310489999999,55.0,538.0,Municipio Rosario,Municipio,Rosario,820210,Servicio de Catastro e Información Territorial,IGN
2012,5410,2012-04-12,Jueves,0.0,10:30:00,,0.0,2,"Bicicleta,Pickup/Utilitario",OV. LAGOS 5600,1,1,0,0,0,0,0,,Calle,,ROSARIO,Rosario,Asfalto,No existe,II,Dentro,Urbana,Semáforo,Funciona,Intersección,Deteriorada,Buena,Diurna,Buen Tiempo,Lateral,S/D,Colisión,Fluidos,Vertical,Línea divisoria pintada,Sin restricción,"-33.0259193, -60.6809495",['Ovidio Lagos 5600'],1,Ovidio Lagos 5600,-33.0259193,-60.6809495,55.0,538.0,Municipio Rosario,Municipio,Rosario,820210,Servicio de Catastro e Información Territorial,IGN
2012,5411,2012-04-13,Viernes,0.0,13:00:00,,0.0,2,"Moto/Ciclomotor,Otros",AVELLANEDA 5200,1,1,0,0,0,0,0,,Calle,,ROSARIO,Rosario,Asfalto,No existe,II,Dentro,Urbana,Ninguna,No existe,Puente,Bueno,Buena,Diurna,Buen Tiempo,De alcance,S/D,Colisión,S/D,Horizontal,Barrera de hormigón,Sin restricción,"-32.9533844, -60.6827991",['Avellaneda 5200'],1,Avellaneda 5200,-32.9533844,-60.6827991,55.0,538.0,Municipio Rosario,Municipio,Rosario,820210,Servicio de Catastro e Información Territorial,IGN
2012,5412,2012-04-16,Lunes,0.0,14:45:00,,0.0,2,"Moto/Ciclomotor,Automóvil",RIOJA Y PUEYRREDON,2,1,0,0,1,0,0,,S/D,,ROSARIO,Rosario,Asfalto,S/D,II,S/D,S/D,S/D,S/D,Intersección,Bueno,S/D,S/D,Buen Tiempo,S/D,S/D,Colisión,S/D,S/D,Cordón divisorio,S/D,POINT (-60.6576513 -32.944126799999985),"['Rioja', 'Pueyrredón']",2,Rioja; Pueyrredón,-32.944126799999985,-60.6576513,55.0,538.0,Municipio Rosario,Municipio,Rosario,820210,Servicio de Catastro e Información Territorial,IGN
2012,5413,2012-04-16,Lunes,0.0,16:00:00,,0.0,2,"Moto/Ciclomotor,Otros",AV. FRANCIA 5200,1,1,0,0,0,0,0,,Avenida,,ROSARIO,Rosario,Asfalto,S/D,II,Dentro,Urbana,Ninguna,S/D,Cruce,Bueno,S/D,S/D,Buen Tiempo,Lateral,S/D,Colisión,Otro,Horizontal,Cordón divisorio,Sin restricción,"-32.9349356, -60.6639852",['Francia 5200'],1,Francia 5200,-32.9349356,-60.6639852,55.0,538.0,Municipio Rosario,Municipio,Rosario,820210,Servicio de Catastro e Información Territorial,IGN
2012,5414,2012-04-14,Sabado,0.0,14:00:00,,0.0,2,"Automóvil,Automóvil",SAN JUAN Y CAFFERATA,2,1,0,0,1,0,0,,Calle,,ROSARIO,Rosario,Asfalto,S/D,II,Dentro,Urbana,S/D,S/D,Intersección,S/D,S/D,S/D,Buen Tiempo,Frontal,S/D,Colisión,S/D,S/D,Cordón divisorio,S/D,POINT (-60.6719098 -32.94428909999999),"['San Juan', 'Cafferata']",2,San Juan; Cafferata,-32.94428909999999,-60.6719098,55.0,538.0,Municipio Rosario,Municipio,Rosario,820210,Servicio de Catastro e Información Territorial,IGN
2012,5415,2012-04-17,Martes,0.0,08:15:00,,0.0,2,"Moto/Ciclomotor,Otros",OV. LAGOS 6500,1,1,0,0,0,0,0,,Avenida,,ROSARIO,Rosario,Asfalto,No existe,II,Dentro,Urbana,Señal Pare,No existe,Recta,Bueno,Buena,Diurna,Niebla,De alcance,S/D,Colisión,S/D,Vertical,Cordón divisorio,Sin restricción,"-33.0259193, -60.6809495",['Ovidio Lagos 6500'],1,Ovidio Lagos 6500,-33.0259193,-60.6809495,55.0,538.0,Municipio Rosario,Municipio,Rosario,820210,Servicio de Catastro e Información Territorial,IGN
2012,5416,2012-04-16,Lunes,0.0,16:35:00,,0.0,2,"Bicicleta,Otros",AV. FRANCIA 5300,1,1,0,0,0,0,0,,Avenida,,ROSARIO,Rosario,Asfalto,No existe,II,Dentro,Urbana,Ninguna,No existe,Cruce,Bueno,Buena,Diurna,Buen Tiempo,Lateral,S/D,Colisión,S/D,Vertical,Cordón divisorio,Sin restricción,"-32.9349356, -60.6639852",['Francia 5300'],1,Francia 5300,-32.9349356,-60.6639852,55.0,538.0,Municipio Rosario,Municipio,Rosario,820210,Servicio de Catastro e Información Territorial,IGN
2012,5417,2012-04-17,Martes,0.0,18:40:00,,0.0,2,"Moto/Ciclomotor,Automóvil",RIO DE JANEIRO Y SAN LUIS,2,1,0,0,1,0,0,,Calle,,ROSARIO,Rosario,Asfalto,S/D,II,Dentro,Urbana,S/D,S/D,Intersección,Bueno,S/D,S/D,Buen Tiempo,S/D,S/D,Colisión,S/D,S/D,Cordón divisorio,S/D,POINT (-60.6811681 -32.94147730000001),"['Río de Janeiro', 'San Luis']",2,Río de Janeiro; San Luis,-32.94147730000001,-60.6811681,55.0,538.0,Municipio Rosario,Municipio,Rosario,820210,Servicio de Catastro e Información Territorial,IGN
2012,5418,2012-04-13,Viernes,0.0,11:30:00,,0.0,2,"Peatón,Transporte de Pasajeros Urbano (> 8 asientos)",OV. LAGOS 5200,2,1,0,0,1,0,0,,Avenida,,ROSARIO,Rosario,Asfalto,No existe,II,Dentro,Urbana,Semáforo,Funciona,Cruce,Bueno,Buena,Diurna,Buen Tiempo,S/D,S/D,Atropello,S/D,Vertical,Cordón divisorio,Sin restricción,"-32.9818631, -60.6709989",['Ovidio Lagos 5200'],1,Ovidio Lagos 5200,-32.9818631,-60.6709989,55.0,538.0,Municipio Rosario,Municipio,Rosario,820210,Servicio de Catastro e Información Territorial,IGN
2012,5419,2012-04-20,Viernes,0.0,17:00:00,,0.0,2,"Peatón,Automóvil",BIARRITZ 7800,1,1,0,0,0,0,0,,Calle,,ROSARIO,Rosario,Asfalto,No existe,II,Dentro,Urbana,Ninguna,No existe,Curva,Deteriorada,Buena,Diurna,Buen Tiempo,S/D,S/D,Atropello,Otro,Faltante,Ninguna,Sin restricción,"-33.0274909, -60.6845349",['Biarritz 7800'],1,Biarritz 7800,-33.0274909,-60.6845349,55.0,538.0,Municipio Rosario,Municipio,Rosario,820210,Servicio de Catastro e Información Territorial,IGN
2012,5420,2012-04-21,Sabado,0.0,17:05:00,,0.0,2,"Automóvil,Otros",OV. LAGOS 6500,1,1,0,0,0,0,0,,Avenida,,ROSARIO,Rosario,Asfalto,No existe,II,Dentro,Urbana,Ninguna,No existe,Intersección,Bueno,Buena,Diurna,Buen Tiempo,Lateral,S/D,Colisión,S/D,Horizontal,Línea divisoria pintada,Sin restricción,"-33.0259193, -60.6809495",['Ovidio Lagos 6500'],1,Ovidio Lagos 6500,-33.0259193,-60.6809495,55.0,538.0,Municipio Rosario,Municipio,Rosario,820210,Servicio de Catastro e Información Territorial,IGN
2012,5421,2012-03-19,Lunes,0.0,18:30:00,,0.0,1,Transporte de Pasajeros Urbano (> 8 asientos),AV. PELLEGRINI Y NECOCHEA,2,1,0,0,1,0,0,,S/D,,ROSARIO,Rosario,Asfalto,S/D,II,S/D,S/D,S/D,Funciona,Intersección,Bueno,Buena,Atardecer,S/D,S/D,S/D,Otro,S/D,S/D,Cordón divisorio,S/D,POINT (-60.62690115 -32.95982415),"['Pellegrini', 'Necochea']",2,Avenida Carlos Pellegrini; Necochea,-32.95982415,-60.62690115,55.0,538.0,Municipio Rosario,Municipio,Rosario,820210,Servicio de Catastro e Información Territorial,IGN
2012,5422,2012-04-05,Jueves,0.0,08:25:00,,0.0,2,"Taxi/Remis,Peatón",alem y 3 de febrero,2,1,0,0,1,0,0,,Avenida,,ROSARIO,Rosario,Asfalto,S/D,II,Dentro,Urbana,S/D,S/D,Intersección,Bueno,Buena,Diurna,Buen Tiempo,Otro,S/D,Atropello,S/D,S/D,S/D,Sin restricción,POINT (-60.6299037 -32.95446179999999),"['Alem', '3 de Febrero']",2,Leandro N. Alem; 3 de Febrero,-32.95446179999999,-60.6299037,55.0,538.0,Municipio Rosario,Municipio,Rosario,820210,Servicio de Catastro e Información Territorial,IGN
2012,5423,2012-04-18,Miercoles,0.0,16:35:00,,0.0,2,"Moto/Ciclomotor,Automóvil",CORDOBA Y CAFFERATA,2,0,0,0,0,0,2,,Calle,,ROSARIO,Rosario,Asfalto,S/D,II,Dentro,Urbana,S/D,S/D,Intersección,Bueno,S/D,S/D,Buen Tiempo,S/D,S/D,Colisión,S/D,S/D,Cordón divisorio,S/D,POINT (-60.6709866 -32.9405587),"['Córdoba', 'Cafferata']",2,Córdoba; Cafferata,-32.9405587,-60.6709866,55.0,538.0,Municipio Rosario,Municipio,Rosario,820210,Servicio de Catastro e Información Territorial,IGN
2012,5424,2012-03-21,Miercoles,0.0,17:10:00,,0.0,2,"Automóvil,Transporte de Pasajeros Urbano (> 8 asientos)",laprida y montevideo,11,9,0,0,2,0,0,,Calle,,ROSARIO,Rosario,Asfalto,S/D,II,Dentro,Urbana,S/D,S/D,Intersección,Bueno,Buena,Diurna,Buen Tiempo,Frontal,S/D,Colisión,S/D,S/D,S/D,Sin restricción,POINT (-60.636619800000005 -32.95683329999999),"['Laprida', 'Montevideo']",2,Francisco Narciso Laprida; Montevideo,-32.95683329999999,-60.636619800000005,55.0,538.0,Municipio Rosario,Municipio,Rosario,820210,Servicio de Catastro e Información Territorial,IGN
2012,5425,2012-04-19,Jueves,0.0,19:00:00,,0.0,2,"Moto/Ciclomotor,Automóvil",CAFFERATA Y SAN LUIS,3,1,0,0,2,0,0,,Calle,,ROSARIO,Rosario,Asfalto,S/D,II,Dentro,Urbana,S/D,S/D,Intersección,Bueno,S/D,S/D,Buen Tiempo,S/D,S/D,Colisión,S/D,S/D,Cordón divisorio,S/D,POINT (-60.67163970000001 -32.9431978),"['Cafferata', 'San Luis']",2,Cafferata; San Luis,-32.9431978,-60.67163970000001,55.0,538.0,Municipio Rosario,Municipio,Rosario,820210,Servicio de Catastro e Información Territorial,IGN
2012,5426,2012-04-17,Martes,0.0,,,0.0,2,"Moto/Ciclomotor,Automóvil",MENDOZA Y CONSTITUCION,3,1,1,0,1,0,0,,Calle,,ROSARIO,Rosario,Asfalto,S/D,II,Dentro,Urbana,S/D,S/D,Intersección,Bueno,S/D,S/D,Buen Tiempo,S/D,S/D,Colisión,S/D,S/D,Cordón divisorio,S/D,POINT (-60.6749889 -32.945215299999994),"['Mendoza', 'Constitución']",2,Mendoza; Constitución,-32.945215299999994,-60.6749889,55.0,538.0,Municipio Rosario,Municipio,Rosario,820210,Servicio de Catastro e Información Territorial,IGN
2012,5427,2012-04-17,Martes,0.0,11:00:00,,0.0,2,"Automóvil,Pickup/Utilitario",PELLEGRINI Y AVELLANEDA,3,0,0,0,0,0,3,,S/D,,ROSARIO,Rosario,Asfalto,S/D,II,S/D,S/D,S/D,S/D,Intersección,Bueno,S/D,S/D,Buen Tiempo,S/D,S/D,Colisión,S/D,S/D,Cordón divisorio,S/D,POINT (-60.68184480000001 -32.949949249999996),"['Pellegrini', 'Avellaneda']",2,Avenida Carlos Pellegrini; Bulevar Nicolás Avellaneda,-32.94994925,-60.68184480000001,55.0,538.0,Municipio Rosario,Municipio,Rosario,820210,Servicio de Catastro e Información Territorial,IGN
2012,5430,2012-04-28,Sabado,0.0,18:45:00,,0.0,2,"Automóvil,Otros",italia y mendoza ,2,1,0,0,0,0,1,,Calle,,ROSARIO,Rosario,Asfalto,No existe,II,Dentro,Urbana,S/D,S/D,Intersección,Bueno,Buena,Diurna,Buen Tiempo,Lateral,S/D,Colisión,S/D,S/D,S/D,Sin restricción,POINT (-60.6491502 -32.9498054),"['Italia', 'Mendoza']",2,Italia; Mendoza,-32.9498054,-60.6491502,55.0,538.0,Municipio Rosario,Municipio,Rosario,820210,Servicio de Catastro e Información Territorial,IGN
2012,5431,2012-04-24,Martes,0.0,11:20:00,,0.0,2,"Automóvil,Automóvil",zeballos y sarmiento ,4,3,0,0,1,0,0,,Calle,,ROSARIO,Rosario,Asfalto,No existe,II,Dentro,Urbana,S/D,S/D,Intersección,Bueno,Buena,Diurna,Buen Tiempo,S/D,S/D,Colisión,S/D,S/D,S/D,Sin restricción,POINT (-60.640305899999994 -32.95503369999999),"['Zeballos', 'Sarmiento']",2,Zeballos; Sarmiento,-32.95503369999999,-60.6403059,55.0,538.0,Municipio Rosario,Municipio,Rosario,820210,Servicio de Catastro e Información Territorial,IGN
2012,5432,2012-07-10,Martes,0.0,15:45:00,,0.0,2,"Moto/Ciclomotor,Automóvil",SANTA FE Y PTE. ROCA,2,1,0,0,1,0,0,,Calle,,ROSARIO,Rosario,Asfalto,No existe,II,S/D,Urbana,S/D,S/D,Recta,Bueno,Buena,Diurna,Buen Tiempo,S/D,S/D,Colisión,S/D,S/D,S/D,Sin restricción,POINT (-60.644754 -32.9438641),"['Santa Fe', 'Roca']",2,Santa Fe; Presidente Roca,-32.9438641,-60.644754,55.0,538.0,Municipio Rosario,Municipio,Rosario,820210,Servicio de Catastro e Información Territorial,IGN
2012,5433,2012-04-03,Martes,0.0,,,0.0,2,"Automóvil,Automóvil",OROÑO Y MENDOZA,2,1,0,0,1,0,0,,Calle,,ROSARIO,Rosario,Asfalto,S/D,II,S/D,Urbana,S/D,S/D,Intersección,Bueno,S/D,S/D,Buen Tiempo,Otro,S/D,Colisión,S/D,Horizontal,S/D,Sin restricción,POINT (-60.6545801 -32.948842899999995),"['Bulevar Nicasio Oroño', 'Mendoza']",2,Bulevar Nicasio Oroño; Mendoza,-32.948842899999995,-60.6545801,55.0,538.0,Municipio Rosario,Municipio,Rosario,820210,Servicio de Catastro e Información Territorial,IGN
2012,5434,2012-04-29,Domingo,0.0,00:15:00,,0.0,2,"Taxi/Remis,Automóvil",alvear y santa fe,3,3,0,0,0,0,0,,Calle,,ROSARIO,Rosario,Asfalto,S/D,II,Dentro,Urbana,S/D,S/D,Intersección,Bueno,Buena,Nocturna,Buen Tiempo,S/D,S/D,Colisión,S/D,S/D,S/D,Sin restricción,POINT (-60.6543266 -32.94212459999999),"['Alvear', 'Santa Fe']",2,Alvear; Santa Fe,-32.94212459999999,-60.6543266,55.0,538.0,Municipio Rosario,Municipio,Rosario,820210,Servicio de Catastro e Información Territorial,IGN
2012,5435,2012-04-03,Martes,0.0,08:55:00,,0.0,2,"Automóvil,Automóvil",SAN LUIS 1700,2,1,0,0,1,0,0,,Calle,,ROSARIO,Rosario,Asfalto,No existe,II,Dentro,Urbana,S/D,S/D,Recta,Bueno,Buena,Amanecer,Buen Tiempo,Otro,S/D,Colisión,S/D,Horizontal,S/D,Sin restricción,"-32.9475134, -60.6470096",['San Luis 1700'],1,San Luis 1700,-32.9475134,-60.6470096,55.0,538.0,Municipio Rosario,Municipio,Rosario,820210,Servicio de Catastro e Información Territorial,IGN
2012,5436,2012-04-02,Lunes,0.0,22:45:00,,0.0,2,"Moto/Ciclomotor,Moto/Ciclomotor",MENDOZA Y CORRIENTES,2,1,0,0,1,0,0,,Calle,,ROSARIO,Rosario,Asfalto,No existe,II,S/D,Urbana,S/D,S/D,Intersección,Bueno,Buena,Nocturna,Buen Tiempo,Otro,S/D,Colisión,S/D,Horizontal,S/D,Sin restricción,POINT (-60.643583500000005 -32.9507824),"['Mendoza', 'Corrientes']",2,Mendoza; Corrientes,-32.9507824,-60.643583500000005,55.0,538.0,Municipio Rosario,Municipio,Rosario,820210,Servicio de Catastro e Información Territorial,IGN
2012,5437,2012-04-06,Viernes,0.0,09:40:00,,0.0,2,"Moto/Ciclomotor,Taxi/Remis",3 DE FEBRERO Y MORENO,2,1,0,0,1,0,0,,Calle,,ROSARIO,Rosario,Asfalto,No existe,II,S/D,Urbana,S/D,No existe,Intersección,Bueno,Buena,S/D,Buen Tiempo,S/D,S/D,Colisión,S/D,Horizontal,S/D,Sin restricción,POINT (-60.6522175 -32.95056480000001),"['3 de Febrero', 'Moreno']",2,"('3 de Febrero', 'Mariano Moreno')",-32.95056480000001,-60.6522175,55.0,538.0,Municipio Rosario,Municipio,Rosario,820210,Servicio de Catastro e Información Territorial,IGN