anio_acci,nro_acci,fecha,desc_dia,fecha_aprox,hora_aprox,desc_ruta,km,cant_participantes,desc_participante,calle_avenida_km,total,heridos_leves,heridos_graves,heridos_gravisimos,ilesos,fallecidos,sin_datos,posicion_XY,desc_tipo_via,desc_ruta_ori,desc_loc,desc_dpto,desc_tipo_calzada,desc_tipo_banquina,desc_unidad_regional,desc_lugar_calzada,desc_zona,desc_prioridad,desc_estado_semaforo,desc_lugar_via,desc_estado_via,desc_estado_visibilidad,desc_luminosidad,desc_estado_clima,desc_tipo_colision,desc_tipo_atropello,desc_tipo_hecho,desc_pres_calzada,desc_senializacion,desc_separacion_via,desc_restriccion,forma_geocod,calle_lista,numero_calles,calles_osm,lat,lon,index_right,gid,fna,gna,nam,in1,fdc,sag
2012,5438,2012-03-12,Lunes,0.0,00:35:00,,0.0,2,"Automóvil,Automóvil",PELLEGRINI ,2,1,0,0,1,0,0,,Calle,,ROSARIO,Rosario,Asfalto,No existe,II,S/D,Urbana,Semáforo,S/D,Recta,Bueno,Buena,Nocturna,Buen Tiempo,S/D,S/D,Colisión,S/D,Horizontal,S/D,Sin restricción,"-32.9533922, -60.6629192",['Pellegrini'],1,Pellegrini,-32.9533922,-60.6629192,55.0,538.0,Municipio Rosario,Municipio,Rosario,820210,Servicio de Catastro e Información Territorial,IGN
2012,5439,2012-04-05,Jueves,0.0,22:30:00,,0.0,2,"Moto/Ciclomotor,Automóvil",SAN JUAN Y ESPAÑA,2,1,0,0,1,0,0,,Calle,,ROSARIO,Rosario,Asfalto,No existe,II,S/D,Urbana,S/D,S/D,Intersección,Bueno,Buena,Nocturna,Buen Tiempo,Otro,S/D,Colisión,S/D,Horizontal,S/D,Sin restricción,POINT (-60.64742129999999 -32.9486711),"['San Juan', 'España']",2,San Juan; España,-32.9486711,-60.64742129999999,55.0,538.0,Municipio Rosario,Municipio,Rosario,820210,Servicio de Catastro e Información Territorial,IGN
2012,5440,2012-04-06,Viernes,0.0,,,0.0,2,"Automóvil,Pickup/Utilitario",CORDOBA Y MORENO,2,1,0,0,1,0,0,,S/D,,ROSARIO,Rosario,Asfalto,No existe,II,S/D,S/D,S/D,S/D,Intersección,Bueno,Buena,Diurna,Buen Tiempo,Otro,S/D,Colisión,S/D,Horizontal,S/D,Sin restricción,POINT (-60.650609200000005 -32.944206400000006),"['Córdoba', 'Moreno']",2,Córdoba; Mariano Moreno,-32.944206400000006,-60.650609200000005,55.0,538.0,Municipio Rosario,Municipio,Rosario,820210,Servicio de Catastro e Información Territorial,IGN
2012,5441,2012-04-10,Martes,0.0,04:30:00,,0.0,2,"Moto/Ciclomotor,Taxi/Remis",ENTRE RIOS Y 9 DE JULIO,2,1,0,0,1,0,0,,Calle,,ROSARIO,Rosario,Asfalto,S/D,II,S/D,Urbana,S/D,S/D,Intersección,Bueno,Buena,Nocturna,Buen Tiempo,S/D,S/D,Colisión,S/D,Horizontal,S/D,Sin restricción,POINT (-60.64278060000001 -32.953352300000006),"['Entre Ríos', '9 de Julio']",2,Entre Ríos; 9 de Julio,-32.953352300000006,-60.64278060000001,55.0,538.0,Municipio Rosario,Municipio,Rosario,820210,Servicio de Catastro e Información Territorial,IGN
2012,5442,2012-04-29,Domingo,0.0,07:50:00,,0.0,2,"Automóvil,Automóvil",mitre y tucuman,3,1,0,0,2,0,0,,Calle,,ROSARIO,Rosario,Asfalto,No existe,II,Dentro,Urbana,S/D,No existe,Intersección,Bueno,Buena,Diurna,Buen Tiempo,S/D,S/D,Colisión,S/D,S/D,S/D,Sin restricción,POINT (-60.6383947 -32.94156490000001),"['Mitre', 'Tucumán']",2,Bartolomé Mitre; Tucumán,-32.94156490000001,-60.6383947,55.0,538.0,Municipio Rosario,Municipio,Rosario,820210,Servicio de Catastro e Información Territorial,IGN
2012,5443,2012-04-03,Martes,0.0,09:20:00,,0.0,2,"Peatón,Transporte de Pasajeros Urbano (> 8 asientos)",BALCARCE 800,2,1,0,0,1,0,0,,S/D,,ROSARIO,Rosario,Asfalto,No existe,I,S/D,S/D,S/D,S/D,Recta,Bueno,Buena,Diurna,Buen Tiempo,S/D,S/D,Otro,S/D,Horizontal,S/D,Sin restricción,"-32.9438282, -60.6519451",['Balcarce 800'],1,Balcarce 800,-32.9438282,-60.6519451,55.0,538.0,Municipio Rosario,Municipio,Rosario,820210,Servicio de Catastro e Información Territorial,IGN
2012,5444,2012-04-04,Miercoles,0.0,13:10:00,,0.0,2,"Automóvil,Automóvil",DORREGO Y 9 DE JULIO,4,3,0,0,1,0,0,,Calle,,ROSARIO,Rosario,Asfalto,No existe,II,S/D,Urbana,S/D,S/D,Intersección,Bueno,Buena,Diurna,Buen Tiempo,S/D,S/D,Colisión,S/D,Horizontal,S/D,Sin restricción,POINT (-60.65106190000001 -32.95188339999999),"['Dorrego', '9 de Julio']",2,Manuel Dorrego; 9 de Julio,-32.95188339999999,-60.65106190000001,55.0,538.0,Municipio Rosario,Municipio,Rosario,820210,Servicio de Catastro e Información Territorial,IGN
2012,5445,2012-04-11,Miercoles,0.0,07:50:00,,0.0,2,"Moto/Ciclomotor,Automóvil",PELLEGRINI Y SAN MARTIN,4,2,0,0,2,0,0,,Calle,,ROSARIO,Rosario,Asfalto,S/D,II,S/D,Urbana,S/D,S/D,Intersección,Bueno,S/D,S/D,Buen Tiempo,Otro,S/D,Colisión,S/D,Horizontal,S/D,Sin restricción,POINT (-60.68038573333334 -32.9696798),"['Pellegrini', 'San Martin']",2,Avenida Carlos Pellegrini; José de San Martín,-32.9696798,-60.68038573333334,55.0,538.0,Municipio Rosario,Municipio,Rosario,820210,Servicio de Catastro e Información Territorial,IGN
2012,5446,2012-04-13,Viernes,0.0,00:20:00,,0.0,2,"Moto/Ciclomotor,Automóvil",PTE. ROCA Y AV. PELLEGRINI,2,1,0,0,1,0,0,,Calle,,ROSARIO,Rosario,Asfalto,S/D,II,Dentro,Urbana,S/D,S/D,Intersección,Bueno,S/D,S/D,Buen Tiempo,S/D,S/D,Colisión,S/D,Horizontal,S/D,S/D,POINT (-60.6478283 -32.95605889999999),"['Roca', 'Pellegrini']",2,Presidente Roca; Avenida Carlos Pellegrini,-32.95605889999999,-60.6478283,55.0,538.0,Municipio Rosario,Municipio,Rosario,820210,Servicio de Catastro e Información Territorial,IGN
2012,5447,2012-04-20,Viernes,0.0,,,0.0,2,"Moto/Ciclomotor,Pickup/Utilitario",SAN JUAN Y PUEYRREDON,2,1,0,0,1,0,0,,Calle,,ROSARIO,Rosario,Asfalto,S/D,II,Dentro,Urbana,S/D,S/D,Intersección,Bueno,S/D,S/D,Buen Tiempo,S/D,S/D,Colisión,S/D,S/D,Cordón divisorio,S/D,POINT (-60.6583043 -32.94672330000001),"['San Juan', 'Pueyrredón']",2,San Juan; Pueyrredón,-32.94672330000001,-60.6583043,55.0,538.0,Municipio Rosario,Municipio,Rosario,820210,Servicio de Catastro e Información Territorial,IGN
2012,5448,2012-04-12,Jueves,0.0,12:40:00,,0.0,3,"Automóvil,Taxi/Remis,Automóvil",MENDOZA Y SAN JUAN,3,1,0,0,2,0,0,,Calle,,ROSARIO,Rosario,Asfalto,S/D,II,Dentro,Urbana,S/D,S/D,Intersección,Bueno,Buena,Diurna,Buen Tiempo,Múltiple,S/D,Colisión,S/D,Horizontal,S/D,Sin restricción,POINT (-60.6998065 -32.94075749999999),"['Mendoza', 'San Juan']",2,Mendoza; San Juan,-32.94075749999999,-60.6998065,55.0,538.0,Municipio Rosario,Municipio,Rosario,820210,Servicio de Catastro e Información Territorial,IGN
2012,5449,2012-04-12,Jueves,0.0,12:30:00,,0.0,2,"Moto/Ciclomotor,Automóvil",ESPAÑA Y MENDOZA,1,1,0,0,0,0,0,,Calle,,ROSARIO,Rosario,Asfalto,No existe,II,S/D,Urbana,S/D,No existe,Intersección,Bueno,Buena,Diurna,Buen Tiempo,Lateral,S/D,Colisión,S/D,Horizontal,S/D,Sin restricción,POINT (-60.64776750000001 -32.950048100000004),"['España', 'Mendoza']",2,España; Mendoza,-32.950048100000004,-60.64776750000001,55.0,538.0,Municipio Rosario,Municipio,Rosario,820210,Servicio de Catastro e Información Territorial,IGN
2012,5450,2012-04-21,Sabado,0.0,11:00:00,,0.0,2,"Moto/Ciclomotor,Taxi/Remis",SUIPACHA Y SAN LUIS,2,1,0,0,1,0,0,,Calle,,ROSARIO,Rosario,Asfalto,S/D,II,Dentro,Urbana,S/D,S/D,Intersección,Bueno,S/D,S/D,Buen Tiempo,S/D,S/D,Colisión,S/D,S/D,Cordón divisorio,S/D,POINT (-60.664829000000005 -32.94441909999999),"['Suipacha', 'San Luis']",2,Suipacha; San Luis,-32.94441909999999,-60.664829000000005,55.0,538.0,Municipio Rosario,Municipio,Rosario,820210,Servicio de Catastro e Información Territorial,IGN
2012,5451,2012-04-12,Jueves,0.0,12:30:00,,0.0,2,"Automóvil,Pickup/Utilitario",SARMIENTO Y 9 DE JULIO,2,1,0,0,1,0,0,,Calle,,ROSARIO,Rosario,Asfalto,No existe,II,S/D,Urbana,S/D,S/D,Intersección,Bueno,Buena,Diurna,Buen Tiempo,Otro,S/D,Colisión,S/D,Horizontal,S/D,Sin restricción,POINT (-60.6400191 -32.9538711),"['Sarmiento', '9 de Julio']",2,Sarmiento; 9 de Julio,-32.9538711,-60.6400191,55.0,538.0,Municipio Rosario,Municipio,Rosario,820210,Servicio de Catastro e Información Territorial,IGN
2012,5453,2012-04-19,Jueves,0.0,18:00:00,,0.0,2,"Taxi/Remis,Automóvil",MENDOZA Y CORRIENTES,3,1,0,0,2,0,0,,Calle,,ROSARIO,Rosario,Asfalto,No existe,II,S/D,Urbana,S/D,S/D,Intersección,Bueno,Buena,Diurna,Buen Tiempo,Otro,S/D,Colisión,S/D,Horizontal,S/D,Sin restricción,POINT (-60.643583500000005 -32.9507824),"['Mendoza', 'Corrientes']",2,Mendoza; Corrientes,-32.9507824,-60.643583500000005,55.0,538.0,Municipio Rosario,Municipio,Rosario,820210,Servicio de Catastro e Información Territorial,IGN
2012,5454,2012-04-26,Jueves,0.0,11:00:00,,0.0,2,"Taxi/Remis,Automóvil",9 de julio e italia,2,1,0,0,1,0,0,,Calle,,ROSARIO,Rosario,Asfalto,No existe,II,Dentro,Urbana,S/D,S/D,Intersección,Bueno,Buena,Diurna,Buen Tiempo,S/D,S/D,Colisión,S/D,S/D,S/D,Sin restricción,POINT (-60.649733700000006 -32.95212239999999),"['9 de Julio', 'Italia']",2,9 de Julio; Italia,-32.95212239999999,-60.649733700000006,55.0,538.0,Municipio Rosario,Municipio,Rosario,820210,Servicio de Catastro e Información Territorial,IGN
2012,5455,2012-04-18,Miercoles,0.0,16:30:00,,0.0,2,"Automóvil,Automóvil",SANTA FE Y MORENO,2,1,0,0,1,0,0,,Calle,,ROSARIO,Rosario,Asfalto,S/D,II,S/D,Urbana,S/D,S/D,Intersección,Bueno,S/D,S/D,Buen Tiempo,Otro,S/D,Colisión,S/D,Horizontal,S/D,Sin restricción,POINT (-60.65025920000001 -32.942853299999996),"['Santa Fe', 'Moreno']",2,Santa Fe; Mariano Moreno,-32.9428533,-60.65025920000001,55.0,538.0,Municipio Rosario,Municipio,Rosario,820210,Servicio de Catastro e Información Territorial,IGN
2012,5456,2012-04-26,Jueves,0.0,11:00:00,,0.0,2,"Peatón,Moto/Ciclomotor",mitre y san luis,2,1,0,0,1,0,0,,Calle,,ROSARIO,Rosario,Asfalto,No existe,II,Dentro,Urbana,S/D,No existe,Recta,Bueno,Buena,Diurna,S/D,S/D,S/D,Atropello,S/D,S/D,S/D,Sin restricción,POINT (-60.64024150000001 -32.9487917),"['Mitre', 'San Luis']",2,Bartolomé Mitre; San Luis,-32.9487917,-60.64024150000001,55.0,538.0,Municipio Rosario,Municipio,Rosario,820210,Servicio de Catastro e Información Territorial,IGN
2012,5457,2012-04-21,Sabado,0.0,,,0.0,2,"Moto/Ciclomotor,Automóvil",VERA MUJICA Y NOGUERA,3,0,0,0,0,0,3,,Calle,,ROSARIO,Rosario,Asfalto,S/D,II,Dentro,Urbana,S/D,S/D,Intersección,Bueno,S/D,S/D,Buen Tiempo,S/D,S/D,Colisión,S/D,S/D,S/D,S/D,POINT (-60.669224 -32.95048340000001),"['Vera Mujíca', 'Noruega']",2,Vera Mujíca; Noruega,-32.95048340000001,-60.669224,55.0,538.0,Municipio Rosario,Municipio,Rosario,820210,Servicio de Catastro e Información Territorial,IGN
2012,5458,2012-04-22,Domingo,0.0,13:10:00,,0.0,2,"Moto/Ciclomotor,Otros",CORDOBA Y AVELLANEDA,3,1,0,0,1,0,1,,S/D,,ROSARIO,Rosario,Asfalto,S/D,II,S/D,S/D,S/D,S/D,Intersección,Bueno,S/D,S/D,Buen Tiempo,S/D,S/D,Colisión,S/D,S/D,Cordón divisorio,S/D,POINT (-60.67916835 -32.939088049999995),"['Córdoba', 'Avellaneda']",2,Córdoba; Bulevar Nicolás Avellaneda,-32.939088049999995,-60.67916835,55.0,538.0,Municipio Rosario,Municipio,Rosario,820210,Servicio de Catastro e Información Territorial,IGN
2012,5459,2012-04-22,Domingo,0.0,,,0.0,1,Automóvil,SAN JUAN Y OV. LAGOS,2,1,1,0,0,0,0,,Calle,,ROSARIO,Rosario,Asfalto,S/D,II,Dentro,Urbana,S/D,S/D,Intersección,Bueno,S/D,S/D,Buen Tiempo,S/D,S/D,Despiste,S/D,S/D,Cordón divisorio,S/D,POINT (-60.6623913 -32.945991799999994),"['San Juan', 'Avenida Ovidio Lagos']",2,San Juan; Avenida Ovidio Lagos,-32.945991799999994,-60.6623913,55.0,538.0,Municipio Rosario,Municipio,Rosario,820210,Servicio de Catastro e Información Territorial,IGN
2012,5460,2012-04-22,Domingo,0.0,16:30:00,,0.0,2,"Automóvil,Automóvil",MENDOZA Y SUCRE,9,9,0,0,0,0,0,,Calle,,ROSARIO,Rosario,Asfalto,S/D,II,Dentro,Urbana,S/D,S/D,Intersección,Bueno,S/D,S/D,Buen Tiempo,S/D,S/D,S/D,S/D,S/D,Cordón divisorio,S/D,POINT (-60.6913145 -32.94228029999999),"['Mendoza', 'Sucre']",2,Mendoza; Sucre,-32.94228029999999,-60.6913145,55.0,538.0,Municipio Rosario,Municipio,Rosario,820210,Servicio de Catastro e Información Territorial,IGN
2012,5461,2012-04-23,Lunes,0.0,11:40:00,,0.0,2,"Peatón,Automóvil",oroño y 9 de julio,2,1,0,0,1,0,0,,Avenida,,ROSARIO,Rosario,Asfalto,No existe,II,Dentro,Urbana,S/D,S/D,Intersección,Bueno,Buena,Diurna,Buen Tiempo,S/D,S/D,Colisión,S/D,S/D,S/D,Sin restricción,POINT (-60.65516625 -32.95114735),"['Bulevar Nicasio Oroño', '9 de Julio']",2,Bulevar Nicasio Oroño; 9 de Julio,-32.95114735,-60.65516625,55.0,538.0,Municipio Rosario,Municipio,Rosario,820210,Servicio de Catastro e Información Territorial,IGN
2012,5462,2012-04-20,Viernes,0.0,16:40:00,,0.0,2,"Moto/Ciclomotor,Automóvil",RICHIERI Y 3 DE FEBRERO,2,1,0,0,1,0,0,,Calle,,ROSARIO,Rosario,Asfalto,S/D,II,Dentro,Urbana,S/D,S/D,Intersección,Bueno,S/D,S/D,Buen Tiempo,S/D,S/D,Colisión,S/D,S/D,Cordón divisorio,S/D,POINT (-60.6644345 -32.9483761),"['Ricchieri', '3 de Febrero']",2,Ricchieri; 3 de Febrero,-32.9483761,-60.6644345,55.0,538.0,Municipio Rosario,Municipio,Rosario,820210,Servicio de Catastro e Información Territorial,IGN
2012,5463,2012-04-23,Lunes,0.0,13:00:00,,0.0,2,"Automóvil,Transporte de Pasajeros Urbano (> 8 asientos)",alvear 1100,2,1,0,0,1,0,0,,Calle,,ROSARIO,Rosario,Asfalto,No existe,II,Dentro,Urbana,S/D,No existe,Recta,Bueno,Buena,Diurna,Buen Tiempo,S/D,S/D,Colisión,S/D,S/D,S/D,Sin restricción,"-32.9470985, -60.6556612",['Alvear 1100'],1,Alvear 1100,-32.9470985,-60.6556612,55.0,538.0,Municipio Rosario,Municipio,Rosario,820210,Servicio de Catastro e Información Territorial,IGN
2012,5464,2012-04-20,Viernes,0.0,,,0.0,2,"Bicicleta,Transporte de Pasajeros Urbano (> 8 asientos)",3 DE FEBRERO Y CRESPO,2,0,0,0,1,0,1,,Calle,,ROSARIO,Rosario,Asfalto,S/D,II,Dentro,Urbana,S/D,S/D,Intersección,Bueno,S/D,S/D,Buen Tiempo,Otro,S/D,Atropello,S/D,S/D,Cordón divisorio,S/D,POINT (-60.6698141 -32.9474127),"['3 de Febrero', 'Crespo']",2,3 de Febrero; Crespo,-32.9474127,-60.6698141,55.0,538.0,Municipio Rosario,Municipio,Rosario,820210,Servicio de Catastro e Información Territorial,IGN
2012,5465,2012-04-18,Miercoles,0.0,10:20:00,,0.0,2,"Moto/Ciclomotor,Automóvil",BALCARCE Y MENDOZA,2,1,0,0,1,0,0,,Calle,,ROSARIO,Rosario,Asfalto,S/D,II,S/D,Urbana,S/D,S/D,Intersección,Bueno,Buena,Diurna,Buen Tiempo,Otro,S/D,Colisión,S/D,Horizontal,S/D,Sin restricción,POINT (-60.653223600000004 -32.949085),"['Balcarce', 'Mendoza']",2,Balcarce; Mendoza,-32.949085,-60.6532236,55.0,538.0,Municipio Rosario,Municipio,Rosario,820210,Servicio de Catastro e Información Territorial,IGN
2012,5466,2012-04-20,Viernes,0.0,,,0.0,2,"Moto/Ciclomotor,Automóvil",PELLEGRINI Y CASTELLANOS,3,1,0,0,2,0,0,,Calle,,ROSARIO,Rosario,Asfalto,S/D,II,Dentro,Urbana,S/D,S/D,Intersección,Bueno,S/D,S/D,Buen Tiempo,S/D,S/D,Colisión,S/D,S/D,Cordón divisorio,S/D,POINT (-60.677811000000005 -32.950665749999985),"['Pellegrini', 'Aaron Castellanos']",2,Avenida Carlos Pellegrini; Aaron Castellanos,-32.950665749999985,-60.677811000000005,55.0,538.0,Municipio Rosario,Municipio,Rosario,820210,Servicio de Catastro e Información Territorial,IGN
2012,5467,2012-04-23,Lunes,0.0,19:00:00,,0.0,2,"Moto/Ciclomotor,Automóvil",RIOJA Y LIMA,3,0,0,0,0,0,3,,Calle,,ROSARIO,Rosario,Asfalto,S/D,II,Dentro,Urbana,S/D,S/D,Intersección,Bueno,S/D,S/D,Buen Tiempo,S/D,S/D,Colisión,S/D,S/D,Cordón divisorio,S/D,POINT (-60.6835185 -32.939537399999985),"['Rioja', 'Lima']",2,Rioja; Lima,-32.939537399999985,-60.6835185,55.0,538.0,Municipio Rosario,Municipio,Rosario,820210,Servicio de Catastro e Información Territorial,IGN
2012,5468,2012-04-19,Jueves,0.0,12:40:00,,0.0,2,"Automóvil,Pickup/Utilitario",DORREGO Y SANTA FE,3,1,0,0,2,0,0,,S/D,,ROSARIO,Rosario,Asfalto,No existe,II,S/D,S/D,S/D,S/D,Recta,Bueno,Buena,Diurna,Buen Tiempo,Otro,S/D,Colisión,S/D,Horizontal,S/D,Sin restricción,POINT (-60.648860799999994 -32.94310639999999),"['Dorrego', 'Santa Fe']",2,Manuel Dorrego; Santa Fe,-32.94310639999999,-60.6488608,55.0,538.0,Municipio Rosario,Municipio,Rosario,820210,Servicio de Catastro e Información Territorial,IGN
2012,5469,2012-04-24,Martes,0.0,,,0.0,2,"Taxi/Remis,Taxi/Remis",CORDOBA Y CAFFERATA,2,1,0,0,1,0,0,,Calle,,ROSARIO,Rosario,Asfalto,S/D,II,Dentro,Urbana,S/D,S/D,Intersección,Bueno,S/D,S/D,Buen Tiempo,S/D,S/D,Colisión,S/D,S/D,Cordón divisorio,S/D,POINT (-60.6709866 -32.9405587),"['Córdoba', 'Cafferata']",2,Córdoba; Cafferata,-32.9405587,-60.6709866,55.0,538.0,Municipio Rosario,Municipio,Rosario,820210,Servicio de Catastro e Información Territorial,IGN
2012,5470,2012-04-17,Martes,0.0,14:40:00,,0.0,2,"Moto/Ciclomotor,Automóvil",CORDOBA E ITALIA,3,1,0,0,2,0,0,,Calle,,ROSARIO,Rosario,Asfalto,No existe,II,S/D,Urbana,S/D,S/D,Intersección,Bueno,Buena,S/D,Buen Tiempo,S/D,S/D,Colisión,S/D,Horizontal,S/D,Sin restricción,POINT (-60.647863199999996 -32.944685),"['Córdoba', 'Italia']",2,Córdoba; Italia,-32.944685,-60.6478632,55.0,538.0,Municipio Rosario,Municipio,Rosario,820210,Servicio de Catastro e Información Territorial,IGN
2012,5473,2012-04-15,Domingo,0.0,18:30:00,,0.0,2,"Peatón,Vehículo Oficial",MITRE Y RIOJA,4,1,0,0,3,0,0,,Calle,,ROSARIO,Rosario,Asfalto,S/D,II,Dentro,Urbana,S/D,S/D,Intersección,Bueno,Buena,Diurna,Buen Tiempo,S/D,S/D,Atropello,S/D,Horizontal,S/D,Sin restricción,POINT (-60.63989050000001 -32.947396000000005),"['Mitre', 'Rioja']",2,Bartolomé Mitre; Rioja,-32.947396000000005,-60.63989050000001,55.0,538.0,Municipio Rosario,Municipio,Rosario,820210,Servicio de Catastro e Información Territorial,IGN
2012,5474,2012-04-17,Martes,0.0,,,0.0,2,"Peatón,Moto/Ciclomotor",ENTRE RIOS Y SAN LUIS,2,1,0,0,1,0,0,,Calle,,ROSARIO,Rosario,Asfalto,No existe,II,S/D,Urbana,S/D,No existe,Intersección,Bueno,Buena,Diurna,Buen Tiempo,S/D,S/D,Atropello,S/D,Horizontal,S/D,S/D,POINT (-60.6415602 -32.9485507),"['Entre Ríos', 'San Luis']",2,Entre Ríos; San Luis,-32.9485507,-60.6415602,55.0,538.0,Municipio Rosario,Municipio,Rosario,820210,Servicio de Catastro e Información Territorial,IGN
2012,5476,2012-04-25,Miercoles,0.0,,,0.0,2,"Moto/Ciclomotor,Automóvil",ALSINA Y RIOJA,2,1,0,0,1,0,0,,Calle,,ROSARIO,Rosario,Asfalto,S/D,II,Dentro,Urbana,S/D,S/D,Intersección,Bueno,S/D,Diurna,Buen Tiempo,S/D,S/D,Colisión,S/D,S/D,Cordón divisorio,S/D,POINT (-60.6766908 -32.94077829999999),"['Alsina', 'Rioja']",2,Alsina; Rioja,-32.94077829999999,-60.6766908,55.0,538.0,Municipio Rosario,Municipio,Rosario,820210,Servicio de Catastro e Información Territorial,IGN
2012,5477,2012-04-25,Miercoles,0.0,18:00:00,,0.0,2,"Moto/Ciclomotor,Automóvil",SAN LUIS 4400,3,2,0,0,1,0,0,,Calle,,ROSARIO,Rosario,Asfalto,S/D,II,Dentro,Urbana,S/D,S/D,Intersección,Bueno,S/D,S/D,Buen Tiempo,S/D,S/D,Colisión,S/D,S/D,Cordón divisorio,S/D,"-32.9410248, -60.6836213",['San Luis 4400'],1,San Luis 4400,-32.9410248,-60.6836213,55.0,538.0,Municipio Rosario,Municipio,Rosario,820210,Servicio de Catastro e Información Territorial,IGN
2012,5478,2012-04-26,Jueves,0.0,10:30:00,,0.0,2,"Automóvil,Transporte de Pasajeros Urbano (> 8 asientos)",PELLEGRINI Y GUTEMBERG,2,1,0,0,1,0,0,,Calle,,ROSARIO,Rosario,Asfalto,S/D,II,Dentro,Urbana,S/D,S/D,Intersección,Bueno,S/D,S/D,Buen Tiempo,S/D,S/D,Colisión,S/D,S/D,Cordón divisorio,S/D,POINT (-60.690030349999994 -32.94847924999999),"['Pellegrini', 'Gutenberg']",2,Avenida Carlos Pellegrini; Gutenberg,-32.94847924999999,-60.69003035,55.0,538.0,Municipio Rosario,Municipio,Rosario,820210,Servicio de Catastro e Información Territorial,IGN
2012,5479,2012-04-17,Martes,0.0,16:00:00,,0.0,2,"Peatón,Automóvil",ESPAÑA Y RIOJA,2,1,0,0,1,0,0,,Calle,,ROSARIO,Rosario,Asfalto,No existe,II,S/D,Urbana,S/D,No existe,Intersección,Bueno,Buena,Diurna,Buen Tiempo,S/D,S/D,Atropello,S/D,Horizontal,S/D,Sin restricción,POINT (-60.64678310000001 -32.9461326),"['España', 'Rioja']",2,España; Rioja,-32.9461326,-60.64678310000001,55.0,538.0,Municipio Rosario,Municipio,Rosario,820210,Servicio de Catastro e Información Territorial,IGN
2012,5480,2012-04-26,Jueves,0.0,,,0.0,2,"Moto/Ciclomotor,Automóvil",IRIONDO Y 3 DE FEBRERO,3,1,0,0,2,0,0,,Calle,,ROSARIO,Rosario,Asfalto,S/D,II,Dentro,Urbana,S/D,S/D,Intersección,Bueno,S/D,S/D,Buen Tiempo,S/D,S/D,S/D,S/D,S/D,Cordón divisorio,S/D,POINT (-60.6712086 -32.947162299999995),"['Iriondo', '3 de Febrero']",2,Iriondo; 3 de Febrero,-32.947162299999995,-60.6712086,55.0,538.0,Municipio Rosario,Municipio,Rosario,820210,Servicio de Catastro e Información Territorial,IGN
2012,5481,2012-04-27,Viernes,0.0,12:45:00,,0.0,2,"Moto/Ciclomotor,Pickup/Utilitario",VERA MUJICA Y MONTEVIDEO,4,2,0,0,2,0,0,,Calle,,ROSARIO,Rosario,Asfalto,S/D,II,Dentro,Urbana,S/D,S/D,Intersección,Bueno,S/D,S/D,Buen Tiempo,S/D,S/D,Colisión,S/D,S/D,Cordón divisorio,S/D,POINT (-60.6693572 -32.95101059999999),"['Vera Mujíca', 'Montevideo']",2,Vera Mujíca; Montevideo,-32.95101059999999,-60.6693572,55.0,538.0,Municipio Rosario,Municipio,Rosario,820210,Servicio de Catastro e Información Territorial,IGN
2012,5482,2012-04-27,Viernes,0.0,22:10:00,,0.0,2,"Automóvil,Automóvil",SAN JUAN Y FRANCIA,2,1,0,0,1,0,0,,Calle,,ROSARIO,Rosario,Asfalto,S/D,II,Dentro,Urbana,S/D,S/D,Intersección,Bueno,S/D,S/D,Buen Tiempo,S/D,S/D,Colisión,S/D,S/D,Cordón divisorio,S/D,POINT (-60.6664543 -32.945264599999994),"['San Juan', 'Avenida Francia']",2,San Juan; Avenida Francia,-32.945264599999994,-60.6664543,55.0,538.0,Municipio Rosario,Municipio,Rosario,820210,Servicio de Catastro e Información Territorial,IGN
2012,5483,2012-04-03,Martes,0.0,06:10:00,,0.0,2,"Moto/Ciclomotor,Automóvil",SANTA FE Y MAIPU,2,1,0,0,1,0,0,,Calle,,ROSARIO,Rosario,Asfalto,S/D,II,Dentro,Urbana,Semáforo,Funciona,Intersección,Bueno,Buena,Amanecer,Buen Tiempo,Lateral,S/D,Colisión,S/D,S/D,Ninguna,Sin restricción,POINT (-60.634976699999996 -32.9461175),"['Santa Fe', 'Maipú']",2,Santa Fe; Maipú,-32.9461175,-60.6349767,55.0,538.0,Municipio Rosario,Municipio,Rosario,820210,Servicio de Catastro e Información Territorial,IGN
2012,5486,2012-04-10,Martes,0.0,,,0.0,2,"Moto/Ciclomotor,Automóvil",ALVEAR Y MONTEVIDEO,2,1,0,0,1,0,0,,Calle,,ROSARIO,Rosario,Asfalto,No existe,II,S/D,S/D,S/D,S/D,Intersección,Bueno,Buena,Diurna,Buen Tiempo,Otro,S/D,Colisión,S/D,Horizontal,S/D,Sin restricción,POINT (-60.65711929999999 -32.95317479999998),"['Alvear', 'Montevideo']",2,Alvear; Montevideo,-32.95317479999998,-60.65711929999999,55.0,538.0,Municipio Rosario,Municipio,Rosario,820210,Servicio de Catastro e Información Territorial,IGN
2012,5487,2012-04-19,Jueves,0.0,15:55:00,,0.0,2,"Bicicleta,Automóvil",9 DE JULIO Y ALVEAR,1,1,0,0,0,0,0,,Calle,,ROSARIO,Rosario,Asfalto,No existe,II,S/D,Urbana,S/D,No existe,Intersección,Bueno,Buena,Diurna,Buen Tiempo,S/D,S/D,Colisión,S/D,Horizontal,S/D,Sin restricción,POINT (-60.6565193 -32.9509133),"['9 de Julio', 'Alvear']",2,9 de Julio; Alvear,-32.9509133,-60.6565193,55.0,538.0,Municipio Rosario,Municipio,Rosario,820210,Servicio de Catastro e Información Territorial,IGN