anio_acci,nro_acci,fecha,desc_dia,fecha_aprox,hora_aprox,desc_ruta,km,cant_participantes,desc_participante,calle_avenida_km,total,heridos_leves,heridos_graves,heridos_gravisimos,ilesos,fallecidos,sin_datos,posicion_XY,desc_tipo_via,desc_ruta_ori,desc_loc,desc_dpto,desc_tipo_calzada,desc_tipo_banquina,desc_unidad_regional,desc_lugar_calzada,desc_zona,desc_prioridad,desc_estado_semaforo,desc_lugar_via,desc_estado_via,desc_estado_visibilidad,desc_luminosidad,desc_estado_clima,desc_tipo_colision,desc_tipo_atropello,desc_tipo_hecho,desc_pres_calzada,desc_senializacion,desc_separacion_via,desc_restriccion,forma_geocod,calle_lista,numero_calles,calles_osm,lat,lon,index_right,gid,fna,gna,nam,in1,fdc,sag
2012,5488,2012-04-10,Martes,0.0,12:20:00,,0.0,2,"Peatón,Otros",SANTA FE E ITALIA,1,1,0,0,0,0,0,,Calle,,ROSARIO,Rosario,Asfalto,S/D,II,S/D,Urbana,S/D,Funciona,Intersección,Bueno,Buena,Diurna,Buen Tiempo,S/D,S/D,Atropello,S/D,Horizontal,S/D,Sin restricción,POINT (-60.6475241 -32.94334839999999),"['Santa Fe', 'Italia']",2,Santa Fe; Italia,-32.94334839999999,-60.6475241,55.0,538.0,Municipio Rosario,Municipio,Rosario,820210,Servicio de Catastro e Información Territorial,IGN
2012,5491,2012-04-28,Sabado,0.0,,,0.0,2,"Moto/Ciclomotor,Automóvil",MORENO Y PELLEGRINI,3,1,0,0,2,0,0,,S/D,,ROSARIO,Rosario,Asfalto,No existe,II,S/D,S/D,S/D,Intermitente,Intersección,Bueno,Buena,Diurna,Lluvia,S/D,S/D,Colisión,Agua,S/D,S/D,S/D,POINT (-60.65335815 -32.955066949999996),"['Moreno', 'Pellegrini']",2,Mariano Moreno; Avenida Carlos Pellegrini,-32.95506695,-60.65335815,55.0,538.0,Municipio Rosario,Municipio,Rosario,820210,Servicio de Catastro e Información Territorial,IGN
2012,5492,2012-04-02,Lunes,0.0,,,0.0,2,"Taxi/Remis,Moto/Ciclomotor",9 DE JULIO Y SUIPACHA,3,1,0,0,2,0,0,,Calle,,ROSARIO,Rosario,Asfalto,S/D,II,Dentro,Urbana,S/D,No existe,Intersección,Bueno,Buena,S/D,Buen Tiempo,S/D,S/D,S/D,S/D,S/D,Cordón divisorio,S/D,POINT (-60.666029 -32.949221400000006),"['9 de Julio', 'Suipacha']",2,9 de Julio; Suipacha,-32.949221400000006,-60.666029,55.0,538.0,Municipio Rosario,Municipio,Rosario,820210,Servicio de Catastro e Información Territorial,IGN
2012,5493,2012-04-06,Viernes,0.0,02:00:00,,0.0,2,"Moto/Ciclomotor,Automóvil",SAN LORENZO Y MITRE,2,1,0,0,1,0,0,,Calle,,ROSARIO,Rosario,Asfalto,No existe,II,Dentro,Urbana,Ninguna,No existe,Intersección,Bueno,Buena,Diurna,Buen Tiempo,Lateral,S/D,Colisión,S/D,Faltante,Ninguna,Sin restricción,POINT (-60.6390063 -32.9438873),"['San Lorenzo', 'Mitre']",2,"('San Lorenzo', 'Bartolomé Mitre')",-32.9438873,-60.6390063,55.0,538.0,Municipio Rosario,Municipio,Rosario,820210,Servicio de Catastro e Información Territorial,IGN
2012,5494,2012-04-02,Lunes,0.0,,,0.0,2,"Automóvil,Moto/Ciclomotor",3 DE FEBRERO Y SAN NICOLAS,2,1,0,0,1,0,0,,Calle,,ROSARIO,Rosario,Asfalto,S/D,II,Dentro,Urbana,Señal Ceda el Paso,S/D,Intersección,S/D,Buena,S/D,Buen Tiempo,S/D,S/D,Colisión,S/D,S/D,Cordón divisorio,S/D,POINT (-60.6739228 -32.94667499999999),"['3 de Febrero', 'San Nicolás']",2,3 de Febrero; San Nicolás,-32.94667499999999,-60.6739228,55.0,538.0,Municipio Rosario,Municipio,Rosario,820210,Servicio de Catastro e Información Territorial,IGN
2012,5497,2012-04-20,Viernes,0.0,15:45:00,,0.0,2,"Peatón,Automóvil",san luis y corrientes,2,1,0,0,1,0,0,,Calle,,ROSARIO,Rosario,Asfalto,No existe,II,Dentro,Urbana,S/D,S/D,Intersección,Bueno,Buena,Diurna,Buen Tiempo,S/D,S/D,Atropello,S/D,S/D,S/D,Sin restricción,POINT (-60.6429694 -32.948293099999994),"['San Luis', 'Corrientes']",2,San Luis; Corrientes,-32.948293099999994,-60.6429694,55.0,538.0,Municipio Rosario,Municipio,Rosario,820210,Servicio de Catastro e Información Territorial,IGN
2012,5498,2012-04-04,Miercoles,0.0,12:30:00,,0.0,2,"Moto/Ciclomotor,Automóvil",PELLEGRINI 4800,2,1,0,0,1,0,0,,Avenida,,ROSARIO,Rosario,Asfalto,S/D,II,Dentro,Urbana,S/D,S/D,Intersección,Bueno,Buena,Diurna,Buen Tiempo,Lateral,S/D,Colisión,S/D,S/D,Cordón divisorio,S/D,"-32.9481663, -60.6911294",['Pellegrini 4800'],1,Pellegrini 4800,-32.9481663,-60.6911294,55.0,538.0,Municipio Rosario,Municipio,Rosario,820210,Servicio de Catastro e Información Territorial,IGN
2012,5499,2012-04-04,Miercoles,0.0,16:20:00,,0.0,2,"Taxi/Remis,Moto/Ciclomotor",RIOJA Y RODRIGUEZ,3,2,0,0,1,0,0,,Calle,,ROSARIO,Rosario,Asfalto,S/D,II,Dentro,Urbana,Semáforo,S/D,Intersección,Bueno,Buena,Atardecer,Buen Tiempo,S/D,S/D,Colisión,S/D,S/D,Cordón divisorio,S/D,POINT (-60.6733344 -32.94138749999999),"['Rioja', 'Rodríguez']",2,"('Rioja', 'Rodríguez de Escobedo')",-32.94138749999999,-60.6733344,55.0,538.0,Municipio Rosario,Municipio,Rosario,820210,Servicio de Catastro e Información Territorial,IGN
2012,5500,2012-04-01,Domingo,0.0,,,0.0,2,"Automóvil,Automóvil",rioja y lavalle,2,1,0,0,0,0,1,,Calle,,ROSARIO,Rosario,Asfalto,S/D,II,Dentro,Urbana,S/D,S/D,Intersección,Bueno,Buena,S/D,Buen Tiempo,Lateral,S/D,Colisión,S/D,S/D,S/D,Sin restricción,POINT (-60.67807470000001 -32.94053099999999),"['Rioja', 'Lavalle']",2,Rioja; Lavalle,-32.94053099999999,-60.67807470000001,55.0,538.0,Municipio Rosario,Municipio,Rosario,820210,Servicio de Catastro e Información Territorial,IGN
2012,5501,2012-04-05,Jueves,0.0,,,0.0,2,"Moto/Ciclomotor,Otros",ZEBALLOS Y ALSINA,1,1,0,0,0,0,0,,Calle,,ROSARIO,Rosario,S/D,S/D,II,Dentro,Urbana,S/D,S/D,Intersección,Bueno,Buena,S/D,Buen Tiempo,Lateral,S/D,Colisión,S/D,S/D,Cordón divisorio,S/D,POINT (-60.6785567 -32.948147299999995),"['Zeballos', 'Alsina']",2,Zeballos; Alsina,-32.948147299999995,-60.6785567,55.0,538.0,Municipio Rosario,Municipio,Rosario,820210,Servicio de Catastro e Información Territorial,IGN
2012,5502,2012-04-12,Jueves,0.0,12:19:00,,0.0,2,"Moto/Ciclomotor,Moto/Ciclomotor",lima y cerrito,3,2,0,0,0,0,1,,Calle,,ROSARIO,Rosario,Asfalto,S/D,II,Dentro,Urbana,S/D,S/D,Intersección,Bueno,Buena,Diurna,Buen Tiempo,Frontal,S/D,Colisión,S/D,S/D,S/D,Sin restricción,POINT (-60.6871335 -32.953810999999995),"['Lima', 'Cerrito']",2,Lima; Cerrito,-32.953810999999995,-60.6871335,55.0,538.0,Municipio Rosario,Municipio,Rosario,820210,Servicio de Catastro e Información Territorial,IGN
2012,5503,2012-04-08,Domingo,0.0,18:10:00,,0.0,2,"Moto/Ciclomotor,Automóvil",BV. OROÑO Y JUJUY,3,1,0,0,2,0,0,,Calle,,ROSARIO,Rosario,Asfalto,No existe,II,Dentro,Urbana,Ninguna,No existe,Recta,Bueno,Buena,Diurna,Buen Tiempo,Frontal,S/D,Colisión,S/D,Faltante,Vegetación,Sin restricción,POINT (-60.65121175 -32.93554149999999),"['Bulevar Nicasio Oroño', 'Jujuy']",2,Bulevar Nicasio Oroño; Jujuy,-32.93554149999999,-60.65121175,55.0,538.0,Municipio Rosario,Municipio,Rosario,820210,Servicio de Catastro e Información Territorial,IGN
2012,5506,2012-04-03,Martes,0.0,09:40:00,,0.0,2,"Moto/Ciclomotor,Automóvil",ALSINA Y PELLEGRINI,3,1,0,0,2,0,0,,Calle,,ROSARIO,Rosario,Asfalto,S/D,II,Dentro,Urbana,Semáforo,S/D,Intersección,Bueno,Buena,Diurna,Buen Tiempo,Lateral,S/D,Colisión,S/D,S/D,Cordón divisorio,S/D,POINT (-60.67913495 -32.950431099999996),"['Alsina', 'Pellegrini']",2,Alsina; Avenida Carlos Pellegrini,-32.9504311,-60.67913495,55.0,538.0,Municipio Rosario,Municipio,Rosario,820210,Servicio de Catastro e Información Territorial,IGN
2012,5507,2012-04-03,Martes,0.0,11:30:00,,0.0,2,"Moto/Ciclomotor,Automóvil",av. pte. peron y cafferatta,3,2,0,0,1,0,0,,Avenida,,ROSARIO,Rosario,Asfalto,No existe,II,Dentro,Urbana,S/D,Funciona,Intersección,Bueno,Buena,Diurna,Buen Tiempo,Lateral,S/D,Colisión,S/D,"Horizontal,Vertical",S/D,Sin restricción,POINT (-60.674993900000004 -32.9565943),"['Avenida Presidente Perón', 'Cafferata']",2,Avenida Presidente Perón; Cafferata,-32.9565943,-60.6749939,55.0,538.0,Municipio Rosario,Municipio,Rosario,820210,Servicio de Catastro e Información Territorial,IGN
2012,5508,2012-04-06,Viernes,0.0,,,0.0,2,"Moto/Ciclomotor,Automóvil",CALLAO Y SAN LUIS,2,2,0,0,0,0,0,,Calle,,ROSARIO,Rosario,Asfalto,S/D,II,Dentro,Urbana,Semáforo,S/D,Intersección,Bueno,Buena,S/D,Buen Tiempo,Lateral,S/D,Colisión,S/D,S/D,Cordón divisorio,S/D,POINT (-60.660778500000006 -32.945124199999995),"['Callao', 'San Luis']",2,Callao; San Luis,-32.945124199999995,-60.660778500000006,55.0,538.0,Municipio Rosario,Municipio,Rosario,820210,Servicio de Catastro e Información Territorial,IGN
2012,5509,2012-02-09,Jueves,0.0,13:00:00,,0.0,2,"Taxi/Remis,Automóvil",ITALIA Y BROWN,2,1,0,0,1,0,0,,Calle,,ROSARIO,Rosario,Asfalto,S/D,II,S/D,Urbana,Señal Pare,No existe,Intersección,Bueno,Buena,Diurna,Buen Tiempo,Lateral,S/D,Colisión,S/D,Vertical,S/D,Sin restricción,POINT (-60.6455153 -32.93537130000001),"['Italia', 'Brown']",2,Italia; Almirante Brown,-32.93537130000001,-60.6455153,55.0,538.0,Municipio Rosario,Municipio,Rosario,820210,Servicio de Catastro e Información Territorial,IGN
2012,5510,2012-04-07,Sabado,0.0,,,0.0,2,"Automóvil,Automóvil",SAN JUAN Y PASCUAL ROSAS,3,2,0,0,1,0,0,,Calle,,ROSARIO,Rosario,Asfalto,S/D,II,Dentro,Urbana,Señal Pare,S/D,Intersección,Bueno,Buena,S/D,Buen Tiempo,S/D,S/D,Colisión,S/D,S/D,Cordón divisorio,S/D,POINT (-60.6868745 -32.9416378),"['San Juan', 'Pascual Rosas']",2,San Juan; Pascual Rosas,-32.9416378,-60.6868745,55.0,538.0,Municipio Rosario,Municipio,Rosario,820210,Servicio de Catastro e Información Territorial,IGN
2012,5511,2012-04-03,Martes,0.0,20:05:00,,0.0,2,"Moto/Ciclomotor,Moto/Ciclomotor",pte. peron y san nicolas,5,1,0,0,3,0,1,,Calle,,ROSARIO,Rosario,Asfalto,S/D,II,Dentro,Urbana,S/D,S/D,Intersección,Bueno,Buena,Nocturna,Buen Tiempo,S/D,S/D,Colisión,Otro,S/D,S/D,Sin restricción,POINT (-60.6764689 -32.95676415),"['Avenida Presidente Perón', 'San Nicolás']",2,Avenida Presidente Perón; San Nicolás,-32.95676415,-60.6764689,55.0,538.0,Municipio Rosario,Municipio,Rosario,820210,Servicio de Catastro e Información Territorial,IGN
2012,5513,2012-04-08,Domingo,0.0,,,0.0,2,"Automóvil,Moto/Ciclomotor",IRIONDO Y SAN LUIS,3,2,0,0,1,0,0,,Calle,,ROSARIO,Rosario,Asfalto,S/D,II,Dentro,Urbana,Señal Pare,S/D,Intersección,Bueno,Buena,S/D,Buen Tiempo,Lateral,S/D,Colisión,S/D,S/D,Cordón divisorio,S/D,POINT (-60.6702694 -32.9434407),"['Iriondo', 'San Luis']",2,Iriondo; San Luis,-32.9434407,-60.6702694,55.0,538.0,Municipio Rosario,Municipio,Rosario,820210,Servicio de Catastro e Información Territorial,IGN
2012,5514,2012-04-12,Jueves,0.0,09:00:00,,0.0,2,"Peatón,Automóvil",ITALIA Y URQUIZA,2,1,0,0,1,0,0,,Calle,,ROSARIO,Rosario,Asfalto,No existe,II,Dentro,Urbana,Ninguna,No existe,Intersección,Bueno,Buena,Diurna,Buen Tiempo,Otro,S/D,Atropello,S/D,Faltante,Ninguna,Sin restricción,POINT (-60.6469902 -32.94122840000001),"['Italia', 'Urquiza']",2,Italia; Justo José de Urquiza,-32.94122840000001,-60.6469902,55.0,538.0,Municipio Rosario,Municipio,Rosario,820210,Servicio de Catastro e Información Territorial,IGN
2012,5515,2012-04-03,Martes,0.0,02:00:00,,0.0,2,"Moto/Ciclomotor,Otros",riobamba y vera mujica,2,1,0,0,1,0,0,,Calle,,ROSARIO,Rosario,Asfalto,S/D,II,Dentro,Urbana,S/D,S/D,Intersección,Bueno,Buena,S/D,Buen Tiempo,Frontal,S/D,Colisión,Otro,S/D,S/D,Sin restricción,POINT (-60.671089599999995 -32.957869599999995),"['Riobamba', 'Vera Mujíca']",2,Riobamba; Vera Mujíca,-32.957869599999995,-60.6710896,55.0,538.0,Municipio Rosario,Municipio,Rosario,820210,Servicio de Catastro e Información Territorial,IGN
2012,5516,2012-04-08,Domingo,0.0,,,0.0,2,"Automóvil,Moto/Ciclomotor",RODRIGUEZ Y SAN JUAN,3,2,0,0,1,0,0,,Calle,,ROSARIO,Rosario,Asfalto,S/D,II,Dentro,Urbana,Señal Pare,S/D,Intersección,Bueno,S/D,S/D,Buen Tiempo,S/D,S/D,Colisión,S/D,S/D,Cordón divisorio,S/D,POINT (-60.659640800000005 -32.946484099999985),"['Rodríguez', 'San Juan']",2,Rodríguez de Escobedo; San Juan,-32.946484099999985,-60.659640800000005,55.0,538.0,Municipio Rosario,Municipio,Rosario,820210,Servicio de Catastro e Información Territorial,IGN
2012,5517,2012-04-12,Jueves,0.0,12:35:00,,0.0,2,"Peatón,Automóvil",URQUIZA Y PTE. ROCA,2,1,0,0,1,0,0,,Calle,,ROSARIO,Rosario,Asfalto,No existe,II,Dentro,Urbana,Ninguna,No existe,Recta,Bueno,Buena,Diurna,Buen Tiempo,Otro,S/D,Atropello,S/D,Faltante,Ninguna,Sin restricción,POINT (-60.6442177 -32.9417364),"['Urquiza', 'Roca']",2,Justo José de Urquiza; Presidente Roca,-32.9417364,-60.6442177,55.0,538.0,Municipio Rosario,Municipio,Rosario,820210,Servicio de Catastro e Información Territorial,IGN
2012,5518,2012-04-07,Sabado,0.0,09:00:00,,0.0,2,"Moto/Ciclomotor,Automóvil",francia y la paz ,2,1,0,0,1,0,0,,Calle,,ROSARIO,Rosario,Asfalto,S/D,II,Dentro,Urbana,S/D,S/D,Intersección,Bueno,Buena,Diurna,Buen Tiempo,Frontal,S/D,Colisión,S/D,S/D,S/D,S/D,POINT (-60.6699873 -32.95925095),"['Avenida Francia', 'La Paz']",2,Avenida Francia; La Paz,-32.95925095,-60.6699873,55.0,538.0,Municipio Rosario,Municipio,Rosario,820210,Servicio de Catastro e Información Territorial,IGN
2012,5519,2012-04-08,Domingo,0.0,23:30:00,,0.0,2,"Automóvil,Moto/Ciclomotor",RIOJA Y PUEYRREDON,3,2,0,0,1,0,0,,Calle,,ROSARIO,Rosario,Asfalto,S/D,II,Dentro,Urbana,Señal Pare,S/D,Intersección,Bueno,Buena,Nocturna,Buen Tiempo,S/D,S/D,Colisión,S/D,S/D,Cordón divisorio,S/D,POINT (-60.6576513 -32.944126799999985),"['Rioja', 'Pueyrredón']",2,Rioja; Pueyrredón,-32.944126799999985,-60.6576513,55.0,538.0,Municipio Rosario,Municipio,Rosario,820210,Servicio de Catastro e Información Territorial,IGN
2012,5520,2012-04-13,Viernes,1.0,05:30:00,,0.0,2,"Peatón,Otros",pasco y pascual rosas ,2,1,0,0,0,0,1,,Calle,,ROSARIO,Rosario,Asfalto,No existe,II,Dentro,Urbana,S/D,No existe,Intersección,Bueno,Buena,Con luz artificial,Buen Tiempo,Frontal,S/D,Atropello,S/D,S/D,S/D,Sin restricción,POINT (-60.6892666 -32.95102309999999),"['Pasco', 'Pascual Rosas']",2,Pasco; Pascual Rosas,-32.95102309999999,-60.6892666,55.0,538.0,Municipio Rosario,Municipio,Rosario,820210,Servicio de Catastro e Información Territorial,IGN
2012,5521,2012-04-09,Lunes,0.0,11:40:00,,0.0,2,"Automóvil,Moto/Ciclomotor",PASCUAL ROSAS Y 3 DE FEBRERO,3,3,0,0,0,0,0,,Calle,,ROSARIO,Rosario,Asfalto,S/D,II,Dentro,Urbana,Señal Pare,S/D,Intersección,Bueno,Buena,Diurna,Buen Tiempo,S/D,S/D,Colisión,S/D,S/D,Cordón divisorio,S/D,POINT (-60.687509199999994 -32.9442313),"['Pascual Rosas', '3 de Febrero']",2,Pascual Rosas; 3 de Febrero,-32.9442313,-60.6875092,55.0,538.0,Municipio Rosario,Municipio,Rosario,820210,Servicio de Catastro e Información Territorial,IGN
2012,5522,2012-04-09,Lunes,0.0,16:05:00,,0.0,2,"Moto/Ciclomotor,Automóvil",MONTEVIDEO Y LIMA,2,1,0,0,1,0,0,,Calle,,ROSARIO,Rosario,Asfalto,S/D,II,Dentro,Urbana,S/D,S/D,Intersección,Bueno,S/D,Diurna,Buen Tiempo,Lateral,S/D,Colisión,S/D,S/D,Cordón divisorio,S/D,POINT (-60.685678900000006 -32.9480955),"['Montevideo', 'Lima']",2,Montevideo; Lima,-32.9480955,-60.685678900000006,55.0,538.0,Municipio Rosario,Municipio,Rosario,820210,Servicio de Catastro e Información Territorial,IGN
2012,5523,2012-04-09,Lunes,0.0,23:10:00,,0.0,1,Moto/Ciclomotor,av. 27 de febrero y av. francia,1,1,0,0,0,0,0,,Calle,,ROSARIO,Rosario,Asfalto,S/D,II,Dentro,Urbana,S/D,S/D,Intersección,Bueno,Buena,Nocturna,Buen Tiempo,Otro,S/D,Vuelco,Otro,S/D,S/D,Sin restricción,POINT (-60.670860125 -32.962700725000005),"['27 de Febrero', 'Avenida Francia']",2,Bulevar 27 de Febrero; Avenida Francia,-32.962700725000005,-60.670860125,55.0,538.0,Municipio Rosario,Municipio,Rosario,820210,Servicio de Catastro e Información Territorial,IGN
2012,5525,2012-04-11,Miercoles,0.0,23:33:00,,0.0,2,"Peatón,Transporte de Pasajeros Urbano (> 8 asientos)",cafferatta y cerrito,2,1,0,0,1,0,0,,Calle,,ROSARIO,Rosario,Asfalto,S/D,II,Dentro,Urbana,S/D,S/D,Intersección,Bueno,Buena,Nocturna,Buen Tiempo,S/D,S/D,S/D,Otro,S/D,S/D,Sin restricción,POINT (-60.674848600000004 -32.9560255),"['Cafferata', 'Cerrito']",2,Cafferata; Cerrito,-32.9560255,-60.6748486,55.0,538.0,Municipio Rosario,Municipio,Rosario,820210,Servicio de Catastro e Información Territorial,IGN
2012,5526,2012-04-10,Martes,0.0,14:45:00,,0.0,2,"Moto/Ciclomotor,Taxi/Remis",IRIONDO Y MONTEVIDEO,2,1,0,0,1,0,0,,Calle,,ROSARIO,Rosario,Asfalto,S/D,II,Dentro,Urbana,S/D,S/D,Intersección,Bueno,S/D,Diurna,Buen Tiempo,Lateral,S/D,Colisión,S/D,S/D,Cordón divisorio,S/D,POINT (-60.6720567 -32.9505233),"['Iriondo', 'Montevideo']",2,Iriondo; Montevideo,-32.9505233,-60.6720567,55.0,538.0,Municipio Rosario,Municipio,Rosario,820210,Servicio de Catastro e Información Territorial,IGN
2012,5527,2012-04-11,Miercoles,0.0,09:35:00,,0.0,2,"Transporte de Pasajeros Urbano (> 8 asientos),Moto/Ciclomotor",pasco y guatemala,3,2,0,0,1,0,0,,Calle,,ROSARIO,Rosario,Asfalto,No existe,II,Dentro,Urbana,S/D,No existe,Intersección,Bueno,Buena,Diurna,Buen Tiempo,Frontal,S/D,Colisión,Otro,S/D,S/D,Sin restricción,POINT (-60.7168294 -32.951078),"['Pasco', 'Guatemala']",2,Pasco; Guatemala,-32.951078,-60.7168294,55.0,538.0,Municipio Rosario,Municipio,Rosario,820210,Servicio de Catastro e Información Territorial,IGN
2012,5529,2012-04-23,Lunes,0.0,18:10:00,,0.0,2,"Automóvil,Taxi/Remis",CATAMARCA 1616,2,1,0,0,1,0,0,,Calle,,ROSARIO,Rosario,Asfalto,No existe,II,Dentro,Urbana,Ninguna,No existe,Recta,Bueno,Buena,Diurna,Buen Tiempo,De alcance,S/D,Colisión,S/D,Faltante,Ninguna,Sin restricción,"-32.93924678571428, -60.64395424285714",['Catamarca 1616'],1,Catamarca 1616,-32.93924678571428,-60.64395424285714,55.0,538.0,Municipio Rosario,Municipio,Rosario,820210,Servicio de Catastro e Información Territorial,IGN
2012,5531,2012-04-24,Martes,0.0,09:30:00,,0.0,2,"Automóvil,Moto/Ciclomotor",SAN LORENZO Y ENTRE RIOS,3,3,0,0,0,0,0,,Calle,,ROSARIO,Rosario,Asfalto,No existe,II,Dentro,Urbana,Ninguna,No existe,Intersección,Bueno,Buena,Diurna,Buen Tiempo,Lateral,S/D,Colisión,S/D,Faltante,Ninguna,Sin restricción,POINT (-60.6403682 -32.94364579999999),"['San Lorenzo', 'Entre Ríos']",2,San Lorenzo; Entre Ríos,-32.94364579999999,-60.6403682,55.0,538.0,Municipio Rosario,Municipio,Rosario,820210,Servicio de Catastro e Información Territorial,IGN
2012,5532,2012-04-24,Martes,0.0,11:30:00,,0.0,2,"Moto/Ciclomotor,Automóvil",SALTA 2300,2,1,0,0,1,0,0,,Calle,,ROSARIO,Rosario,Asfalto,No existe,II,Dentro,Urbana,Ninguna,No existe,Recta,Bueno,Buena,Diurna,Buen Tiempo,Otro,S/D,Colisión,S/D,Faltante,Ninguna,Sin restricción,"-32.93641, -60.6527213",['Salta 2300'],1,Salta 2300,-32.93641,-60.6527213,55.0,538.0,Municipio Rosario,Municipio,Rosario,820210,Servicio de Catastro e Información Territorial,IGN
2012,5533,2012-04-20,Viernes,0.0,17:50:00,,0.0,2,"Moto/Ciclomotor,Automóvil",SAN LORENZO 1400,2,1,0,0,1,0,0,,Calle,,ROSARIO,Rosario,Asfalto,No existe,II,Dentro,Urbana,Ninguna,No existe,Recta,Bueno,Buena,Diurna,Buen Tiempo,Lateral,S/D,Colisión,S/D,Faltante,Ninguna,Sin restricción,"-32.9433656, -60.6416483",['San Lorenzo 1400'],1,San Lorenzo 1400,-32.9433656,-60.6416483,55.0,538.0,Municipio Rosario,Municipio,Rosario,820210,Servicio de Catastro e Información Territorial,IGN
2012,5534,2012-04-12,Jueves,0.0,12:30:00,,0.0,2,"Bicicleta,Moto/Ciclomotor",pte. peron y pascual rosas,2,2,0,0,0,0,0,,Calle,,ROSARIO,Rosario,Asfalto,Pavimento,II,Dentro,Urbana,S/D,No existe,Intersección,Bueno,Buena,Diurna,Buen Tiempo,Frontal,S/D,Colisión,Otro,S/D,S/D,Sin restricción,POINT (-60.691128500000005 -32.95845274999999),"['Avenida Presidente Perón', 'Pascual Rosas']",2,Avenida Presidente Perón; Pascual Rosas,-32.95845274999999,-60.691128500000005,55.0,538.0,Municipio Rosario,Municipio,Rosario,820210,Servicio de Catastro e Información Territorial,IGN
2012,5535,2012-04-24,Martes,0.0,22:55:00,,0.0,2,"Moto/Ciclomotor,Automóvil",SALTA Y DORREGO,2,1,0,0,1,0,0,,Calle,,ROSARIO,Rosario,Asfalto,No existe,II,Dentro,Urbana,Ninguna,No existe,Intersección,Bueno,Buena,Nocturna,Buen Tiempo,Frontal,S/D,Colisión,S/D,Faltante,Ninguna,Sin restricción,POINT (-60.647418 -32.937457099999996),"['Salta', 'Dorrego']",2,Salta; Manuel Dorrego,-32.9374571,-60.647418,55.0,538.0,Municipio Rosario,Municipio,Rosario,820210,Servicio de Catastro e Información Territorial,IGN
2012,5536,2012-04-25,Miercoles,0.0,09:15:00,,0.0,2,"Moto/Ciclomotor,Automóvil",BV. OROÑO Y SAN LORENZO,2,1,0,0,1,0,0,,Avenida,,ROSARIO,Rosario,Asfalto,No existe,II,Dentro,Urbana,Ninguna,No existe,Recta,Bueno,Buena,Diurna,Buen Tiempo,Lateral,S/D,Colisión,S/D,Faltante,S/D,Sin restricción,POINT (-60.652740599999994 -32.9414065),"['Bulevar Nicasio Oroño', 'San Lorenzo']",2,Bulevar Nicasio Oroño; San Lorenzo,-32.9414065,-60.6527406,55.0,538.0,Municipio Rosario,Municipio,Rosario,820210,Servicio de Catastro e Información Territorial,IGN
2012,5538,2012-04-26,Jueves,0.0,06:30:00,,0.0,2,"Automóvil,Automóvil",CATAMARCA Y BV. OROÑO,2,1,0,0,1,0,0,,Calle,,ROSARIO,Rosario,Asfalto,No existe,II,Dentro,Urbana,Ninguna,No existe,Intersección,Bueno,Buena,Amanecer,Buen Tiempo,Lateral,S/D,Colisión,S/D,Faltante,Ninguna,Sin restricción,POINT (-60.651806750000006 -32.9378818),"['Catamarca', 'Bulevar Nicasio Oroño']",2,Catamarca; Bulevar Nicasio Oroño,-32.9378818,-60.651806750000006,55.0,538.0,Municipio Rosario,Municipio,Rosario,820210,Servicio de Catastro e Información Territorial,IGN
2012,5539,2012-04-28,Sabado,0.0,10:30:00,,0.0,2,"Moto/Ciclomotor,Automóvil",AV. FRANCIA AL 1200,3,1,0,0,2,0,0,,Avenida,,ROSARIO,Rosario,Asfalto,S/D,II,Dentro,Urbana,S/D,S/D,Intersección,Bueno,Buena,Diurna,Buen Tiempo,Lateral,S/D,Colisión,S/D,S/D,Cordón divisorio,S/D,"-32.9349356, -60.6639852",['Francia 1200'],1,Francia 1200,-32.9349356,-60.6639852,55.0,538.0,Municipio Rosario,Municipio,Rosario,820210,Servicio de Catastro e Información Territorial,IGN
2012,5540,2012-04-28,Sabado,0.0,01:25:00,,0.0,2,"Automóvil,Automóvil",ESPAÑA Y SALTA,3,1,0,0,2,0,0,,Calle,,ROSARIO,Rosario,Asfalto,No existe,II,Dentro,Urbana,Ninguna,No existe,Recta,Bueno,Buena,Nocturna,Buen Tiempo,Lateral,S/D,Colisión,S/D,Faltante,Ninguna,Sin restricción,POINT (-60.6447381 -32.937947699999995),"['España', 'Salta']",2,España; Salta,-32.937947699999995,-60.6447381,55.0,538.0,Municipio Rosario,Municipio,Rosario,820210,Servicio de Catastro e Información Territorial,IGN
2012,5541,2012-04-28,Sabado,0.0,02:15:00,,0.0,2,"Automóvil,Taxi/Remis",ENTRE RIOS Y SALTA,3,1,0,0,2,0,0,,Calle,,ROSARIO,Rosario,Ripio,No existe,II,Dentro,Urbana,Ninguna,No existe,Recta,Bueno,Buena,Nocturna,Buen Tiempo,De alcance,S/D,Colisión,S/D,Faltante,Ninguna,Sin restricción,POINT (-60.63918240000001 -32.938972),"['Entre Ríos', 'Salta']",2,Entre Ríos; Salta,-32.938972,-60.63918240000001,55.0,538.0,Municipio Rosario,Municipio,Rosario,820210,Servicio de Catastro e Información Territorial,IGN
2012,5542,2012-04-29,Domingo,0.0,19:30:00,,0.0,2,"Moto/Ciclomotor,Automóvil",JUJUY Y PTE. ROCA,3,2,0,0,1,0,0,,Calle,,ROSARIO,Rosario,Asfalto,No existe,II,Dentro,Urbana,Ninguna,No existe,Recta,Bueno,Buena,Atardecer,Buen Tiempo,Frontal,S/D,Colisión,S/D,Faltante,Ninguna,Sin restricción,POINT (-60.64306650000001 -32.93700309999999),"['Jujuy', 'Roca']",2,Jujuy; Presidente Roca,-32.93700309999999,-60.64306650000001,55.0,538.0,Municipio Rosario,Municipio,Rosario,820210,Servicio de Catastro e Información Territorial,IGN