anio_acci,nro_acci,fecha,desc_dia,fecha_aprox,hora_aprox,desc_ruta,km,cant_participantes,desc_participante,calle_avenida_km,total,heridos_leves,heridos_graves,heridos_gravisimos,ilesos,fallecidos,sin_datos,posicion_XY,desc_tipo_via,desc_ruta_ori,desc_loc,desc_dpto,desc_tipo_calzada,desc_tipo_banquina,desc_unidad_regional,desc_lugar_calzada,desc_zona,desc_prioridad,desc_estado_semaforo,desc_lugar_via,desc_estado_via,desc_estado_visibilidad,desc_luminosidad,desc_estado_clima,desc_tipo_colision,desc_tipo_atropello,desc_tipo_hecho,desc_pres_calzada,desc_senializacion,desc_separacion_via,desc_restriccion,forma_geocod,calle_lista,numero_calles,calles_osm,lat,lon,index_right,gid,fna,gna,nam,in1,fdc,sag
2012,5544,2012-04-12,Jueves,0.0,11:40:00,,0.0,2,"Pickup/Utilitario,Automóvil",av. francia y la paz,2,2,0,0,0,0,0,,Avenida,,ROSARIO,Rosario,Asfalto,S/D,II,Dentro,Urbana,S/D,S/D,Intersección,Bueno,Buena,Diurna,Buen Tiempo,Frontal,S/D,Colisión,S/D,S/D,S/D,S/D,POINT (-60.6699873 -32.95925095),"['Avenida Francia', 'La Paz']",2,Avenida Francia; La Paz,-32.95925095,-60.6699873,55.0,538.0,Municipio Rosario,Municipio,Rosario,820210,Servicio de Catastro e Información Territorial,IGN
2012,5545,2012-04-22,Domingo,0.0,13:15:00,,0.0,2,"Moto/Ciclomotor,Otros",AV. PTE. PERON Y BV. AVELLANEDA,2,0,1,0,1,0,0,,Avenida,,ROSARIO,Rosario,Asfalto,No existe,II,Dentro,Urbana,Semáforo,Funciona,Intersección,Bueno,Buena,Con luz artificial,Buen Tiempo,Lateral,S/D,Colisión,S/D,"Horizontal,Vertical",Barrera de hormigón,Sin restricción,POINT (-60.683816275 -32.957610325),"['Avenida Presidente Perón', 'Avellaneda']",2,Avenida Presidente Perón; Bulevar Nicolás Avellaneda,-32.957610325,-60.683816275,55.0,538.0,Municipio Rosario,Municipio,Rosario,820210,Servicio de Catastro e Información Territorial,IGN
2012,5546,2012-04-23,Lunes,0.0,06:30:00,,0.0,2,"Moto/Ciclomotor,Otros",OCAMPO Y SAN NICOLAS,2,1,0,0,1,0,0,,Calle,,ROSARIO,Rosario,Asfalto,No existe,II,S/D,Urbana,Ninguna,No existe,Intersección,Bueno,Buena,Con luz artificial,Buen Tiempo,Lateral,S/D,Colisión,S/D,Horizontal,Ninguna,Sin restricción,POINT (-60.67737850000001 -32.96035439999999),"['Ocampo', 'San Nicolás']",2,Ocampo; San Nicolás,-32.96035439999999,-60.67737850000001,55.0,538.0,Municipio Rosario,Municipio,Rosario,820210,Servicio de Catastro e Información Territorial,IGN
2012,5547,2012-04-25,Miercoles,0.0,17:30:00,,0.0,2,"Moto/Ciclomotor,Automóvil",CERRITO Y LIMA,2,1,0,0,1,0,0,,Calle,,ROSARIO,Rosario,Asfalto,Pavimento,II,S/D,Urbana,S/D,S/D,Intersección,Bueno,S/D,S/D,Lluvia,Frontal,S/D,Colisión,Agua,S/D,S/D,S/D,POINT (-60.6871335 -32.953810999999995),"['Cerrito', 'Lima']",2,Cerrito; Lima,-32.953810999999995,-60.6871335,55.0,538.0,Municipio Rosario,Municipio,Rosario,820210,Servicio de Catastro e Información Territorial,IGN
2012,5548,2012-04-21,Sabado,0.0,,,0.0,2,"Automóvil,Moto/Ciclomotor",CATAMARCA Y BV. OROÑO,2,2,0,0,0,0,0,,Calle,,ROSARIO,Rosario,Asfalto,S/D,II,S/D,Urbana,Ninguna,S/D,Intersección,Bueno,Buena,S/D,Buen Tiempo,S/D,S/D,Colisión,S/D,S/D,S/D,S/D,POINT (-60.651806750000006 -32.9378818),"['Catamarca', 'Bulevar Nicasio Oroño']",2,Catamarca; Bulevar Nicasio Oroño,-32.9378818,-60.651806750000006,55.0,538.0,Municipio Rosario,Municipio,Rosario,820210,Servicio de Catastro e Información Territorial,IGN
2012,5549,2012-04-26,Jueves,0.0,12:10:00,,0.0,2,"Peatón,Transporte de Pasajeros Urbano (> 8 asientos)",RIO DE JANEIRO Y CERRITO,1,1,0,0,0,0,0,,Calle,,ROSARIO,Rosario,Asfalto,S/D,II,Dentro,Urbana,S/D,S/D,Intersección,Bueno,S/D,S/D,Buen Tiempo,S/D,S/D,Atropello,Otro,S/D,Ninguna,S/D,POINT (-60.684413400000004 -32.954302999999996),"['Río de Janeiro', 'Cerrito']",2,Río de Janeiro; Cerrito,-32.954303,-60.6844134,55.0,538.0,Municipio Rosario,Municipio,Rosario,820210,Servicio de Catastro e Información Territorial,IGN
2012,5550,2012-04-20,Viernes,0.0,,,0.0,2,"Bicicleta,Transporte de Pasajeros",ALVEAR,2,1,0,0,1,0,0,,Calle,,ROSARIO,Rosario,Asfalto,S/D,II,S/D,Urbana,Ninguna,S/D,Intersección,Bueno,Buena,Diurna,Buen Tiempo,S/D,S/D,Atropello,S/D,S/D,Ninguna,S/D,"-32.977462, -60.6785104",['Alvear'],1,Alvear,-32.977462,-60.6785104,55.0,538.0,Municipio Rosario,Municipio,Rosario,820210,Servicio de Catastro e Información Territorial,IGN
2012,5551,2012-04-27,Viernes,0.0,14:10:00,,0.0,2,"Moto/Ciclomotor,Transporte de Pasajeros Urbano (> 8 asientos)",RUEDA Y CAFFERATTA,2,1,0,0,1,0,0,,Calle,,ROSARIO,Rosario,Asfalto,Pavimento,II,Dentro,Urbana,S/D,S/D,Intersección,Bueno,S/D,S/D,Buen Tiempo,Frontal,S/D,Colisión,S/D,S/D,S/D,S/D,POINT (-60.6771675 -32.96518460000001),"['Rueda', 'Cafferata']",2,Rueda; Cafferata,-32.96518460000001,-60.6771675,55.0,538.0,Municipio Rosario,Municipio,Rosario,820210,Servicio de Catastro e Información Territorial,IGN
2012,5554,2012-04-20,Viernes,0.0,19:15:00,,0.0,2,"Automóvil,Automóvil",LAPRIDA Y SANTA FE,3,2,0,0,1,0,0,,Calle,,ROSARIO,Rosario,Asfalto,S/D,II,S/D,Urbana,Semáforo,Funciona,Intersección,Bueno,Buena,Atardecer,Buen Tiempo,De alcance,S/D,Colisión,S/D,S/D,Ninguna,S/D,POINT (-60.6335764 -32.94663129999999),"['Laprida', 'Santa Fe']",2,Francisco Narciso Laprida; Santa Fe,-32.94663129999999,-60.6335764,55.0,538.0,Municipio Rosario,Municipio,Rosario,820210,Servicio de Catastro e Información Territorial,IGN
2012,5555,2012-04-18,Miercoles,0.0,09:30:00,,0.0,2,"Moto/Ciclomotor,Pickup/Utilitario",LA PAZ Y AVELLANEDA,2,1,0,0,1,0,0,,Calle,,ROSARIO,Rosario,Asfalto,S/D,I,Dentro,Urbana,S/D,No existe,Intersección,Bueno,Buena,Diurna,Buen Tiempo,Frontal,S/D,Colisión,Otro,S/D,S/D,S/D,POINT (-60.683614250000005 -32.95682245),"['La Paz', 'Avellaneda']",2,La Paz; Bulevar Nicolás Avellaneda,-32.95682245,-60.683614250000005,55.0,538.0,Municipio Rosario,Municipio,Rosario,820210,Servicio de Catastro e Información Territorial,IGN
2012,5556,2012-04-17,Martes,0.0,,,0.0,2,"Automóvil,Automóvil",ITALIA Y TUCUMAN,2,2,0,0,0,0,0,,Calle,,ROSARIO,Rosario,Asfalto,S/D,II,S/D,Urbana,Ninguna,S/D,Intersección,Bueno,Buena,Nocturna,Buen Tiempo,Frontal,S/D,Colisión,S/D,S/D,Ninguna,Sin restricción,POINT (-60.6466936 -32.9400487),"['Italia', 'Tucumán']",2,Italia; Tucumán,-32.9400487,-60.6466936,55.0,538.0,Municipio Rosario,Municipio,Rosario,820210,Servicio de Catastro e Información Territorial,IGN
2012,5557,2012-04-28,Sabado,0.0,11:20:00,,0.0,2,"Moto/Ciclomotor,Automóvil",CRESPO E ITUZAINGO,2,1,0,0,1,0,0,,Calle,,ROSARIO,Rosario,Asfalto,S/D,II,Dentro,Urbana,Ninguna,No existe,Intersección,Bueno,Buena,Diurna,Lluvia,Lateral,S/D,Colisión,Agua,S/D,Ninguna,S/D,POINT (-60.671847899999996 -32.955332399999996),"['Crespo', 'Ituzaingó']",2,Crespo; Ituzaingó,-32.9553324,-60.6718479,55.0,538.0,Municipio Rosario,Municipio,Rosario,820210,Servicio de Catastro e Información Territorial,IGN
2012,5558,2012-04-17,Martes,0.0,,,0.0,2,"Peatón,Automóvil",PTE. ROCA Y SANTA FE,2,1,0,0,1,0,0,,Calle,,ROSARIO,Rosario,Asfalto,S/D,II,S/D,Urbana,Semáforo,Funciona,Intersección,Bueno,Buena,Diurna,Buen Tiempo,S/D,S/D,Atropello,S/D,S/D,Ninguna,S/D,POINT (-60.644754 -32.9438641),"['Roca', 'Santa Fe']",2,Presidente Roca; Santa Fe,-32.9438641,-60.644754,55.0,538.0,Municipio Rosario,Municipio,Rosario,820210,Servicio de Catastro e Información Territorial,IGN
2012,5559,2012-04-09,Lunes,0.0,15:50:00,,0.0,2,"Moto/Ciclomotor,Camión",ALEM Y RIOBAMBA,2,1,1,0,0,0,0,,Calle,,ROSARIO,Rosario,S/D,S/D,II,S/D,S/D,Señal Pare,S/D,Intersección,S/D,S/D,S/D,Buen Tiempo,Lateral,S/D,Colisión,S/D,S/D,Ninguna,Sin restricción,POINT (-60.6324245 -32.9647893),"['Alem', 'Riobamba']",2,Leandro N. Alem; Riobamba,-32.9647893,-60.6324245,55.0,538.0,Municipio Rosario,Municipio,Rosario,820210,Servicio de Catastro e Información Territorial,IGN
2012,5560,2012-04-10,Martes,0.0,10:30:00,,0.0,2,"Moto/Ciclomotor,Automóvil",J. M. DE ROSAS Y 27 DE FEBRERO,2,1,0,0,1,0,0,,Avenida,,ROSARIO,Rosario,Asfalto,S/D,II,S/D,Urbana,Ninguna,S/D,Recta,Bueno,S/D,S/D,Buen Tiempo,Otro,S/D,Colisión,Otro,Faltante,Vegetación,Sin restricción,POINT (-60.63658995 -32.968827499999996),"['Juan Manuel de Rosas', '27 de Febrero']",2,Juan Manuel de Rosas; Bulevar 27 de Febrero,-32.9688275,-60.63658995,55.0,538.0,Municipio Rosario,Municipio,Rosario,820210,Servicio de Catastro e Información Territorial,IGN
2012,5561,2012-04-16,Lunes,0.0,,,0.0,2,"Moto/Ciclomotor,Automóvil",AV. BELGRANO Y SANTA FE,2,2,0,0,0,0,0,,Avenida,,ROSARIO,Rosario,Asfalto,S/D,II,S/D,Urbana,S/D,S/D,Recta,Bueno,Buena,Diurna,Buen Tiempo,Frontal,S/D,Colisión,S/D,S/D,S/D,S/D,POINT (-60.6299509 -32.9473517),"['Belgrano', 'Santa Fe']",2,Avenida Manuel Belgrano; Santa Fe,-32.9473517,-60.6299509,55.0,538.0,Municipio Rosario,Municipio,Rosario,820210,Servicio de Catastro e Información Territorial,IGN
2012,5562,2012-04-12,Jueves,0.0,19:15:00,,0.0,2,"Automóvil,Automóvil",AYACUCHO E ITUZAINGO,3,1,0,0,2,0,0,,Calle,,ROSARIO,Rosario,Asfalto,S/D,II,S/D,Urbana,Ninguna,S/D,Intersección,Bueno,S/D,S/D,Buen Tiempo,Lateral,S/D,Colisión,Otro,Faltante,S/D,S/D,POINT (-60.63049190000001 -32.96271439999999),"['Ayacucho', 'Ituzaingó']",2,Ayacucho; Ituzaingó,-32.96271439999999,-60.63049190000001,55.0,538.0,Municipio Rosario,Municipio,Rosario,820210,Servicio de Catastro e Información Territorial,IGN
2012,5563,2012-04-12,Jueves,0.0,16:15:00,,0.0,2,"Moto/Ciclomotor,Automóvil",ALEM Y RIOBAMBA,3,2,0,0,1,0,0,,Calle,,ROSARIO,Rosario,Asfalto,S/D,II,S/D,S/D,Ninguna,S/D,Intersección,Bueno,S/D,S/D,Buen Tiempo,S/D,S/D,Colisión,Otro,Vertical,Ninguna,Sin restricción,POINT (-60.6324245 -32.9647893),"['Alem', 'Riobamba']",2,Leandro N. Alem; Riobamba,-32.9647893,-60.6324245,55.0,538.0,Municipio Rosario,Municipio,Rosario,820210,Servicio de Catastro e Información Territorial,IGN
2012,5564,2012-04-01,Domingo,0.0,10:30:00,,0.0,2,"Moto/Ciclomotor,Automóvil",AV. PELLEGRINI Y BV. OROÑO,2,1,0,0,1,0,0,,Calle,,ROSARIO,Rosario,Asfalto,S/D,II,S/D,Urbana,Semáforo,Funciona,Recta,Bueno,Buena,Diurna,Buen Tiempo,Lateral,S/D,Colisión,S/D,Vertical,S/D,S/D,POINT (-60.656023850000004 -32.95457175),"['Pellegrini', 'Bulevar Nicasio Oroño']",2,Avenida Carlos Pellegrini; Bulevar Nicasio Oroño,-32.95457175,-60.65602385,55.0,538.0,Municipio Rosario,Municipio,Rosario,820210,Servicio de Catastro e Información Territorial,IGN
2012,5565,2012-04-12,Jueves,0.0,20:45:00,,0.0,2,"Moto/Ciclomotor,Otros",CORDOBA Y DORREGO,2,1,0,0,1,0,0,,Calle,,ROSARIO,Rosario,Asfalto,S/D,II,Dentro,Urbana,Ninguna,S/D,Intersección,Bueno,S/D,S/D,Buen Tiempo,S/D,S/D,Colisión,Otro,Faltante,Ninguna,Sin restricción,POINT (-60.64918180000001 -32.94445519999999),"['Córdoba', 'Dorrego']",2,Córdoba; Manuel Dorrego,-32.94445519999999,-60.64918180000001,55.0,538.0,Municipio Rosario,Municipio,Rosario,820210,Servicio de Catastro e Información Territorial,IGN
2012,5567,2012-04-01,Domingo,0.0,19:30:00,,0.0,2,"Moto/Ciclomotor,Automóvil",SAN MARTIN Y PASCO,2,1,0,0,1,0,0,,Avenida,,ROSARIO,Rosario,Asfalto,S/D,II,Dentro,Urbana,S/D,S/D,Recta,Bueno,Buena,Atardecer,Buen Tiempo,Lateral,S/D,Colisión,S/D,S/D,S/D,S/D,POINT (-60.64001 -32.959838399999995),"['San Martin', 'Pasco']",2,José de San Martín; Pasco,-32.959838399999995,-60.64001,55.0,538.0,Municipio Rosario,Municipio,Rosario,820210,Servicio de Catastro e Información Territorial,IGN
2012,5568,2012-04-02,Lunes,0.0,16:20:00,,0.0,2,"Moto/Ciclomotor,Pickup/Utilitario",SAN MARTIN Y VIAMONTE,5,5,0,0,0,0,0,,Avenida,,ROSARIO,Rosario,Asfalto,S/D,II,Dentro,Urbana,S/D,S/D,Recta,Bueno,Buena,Diurna,Buen Tiempo,Lateral,S/D,Colisión,S/D,S/D,S/D,S/D,POINT (-60.64145630000001 -32.96560950000001),"['San Martin', 'Viamonte']",2,José de San Martín; Viamonte,-32.96560950000001,-60.64145630000001,55.0,538.0,Municipio Rosario,Municipio,Rosario,820210,Servicio de Catastro e Información Territorial,IGN
2012,5570,2012-04-23,Lunes,0.0,17:30:00,,0.0,2,"Peatón,Automóvil",VIAMONTE E ITALIA,2,1,0,0,1,0,0,,Calle,,ROSARIO,Rosario,Asfalto,S/D,II,Dentro,Urbana,S/D,S/D,Recta,Bueno,Buena,Diurna,Buen Tiempo,S/D,S/D,Atropello,S/D,S/D,S/D,S/D,POINT (-60.6526311 -32.9636254),"['Viamonte', 'Italia']",2,Viamonte; Italia,-32.9636254,-60.6526311,55.0,538.0,Municipio Rosario,Municipio,Rosario,820210,Servicio de Catastro e Información Territorial,IGN
2012,5571,2012-04-24,Martes,0.0,19:00:00,,0.0,2,"Moto/Ciclomotor,Automóvil",LA PAZ Y SARMIENTO,3,1,0,0,2,0,0,,Calle,,ROSARIO,Rosario,Asfalto,S/D,II,Dentro,Urbana,S/D,S/D,Intersección,Bueno,Buena,Atardecer,Buen Tiempo,Lateral,S/D,Colisión,S/D,S/D,S/D,S/D,POINT (-60.64260529999999 -32.96417459999999),"['La Paz', 'Sarmiento']",2,La Paz; Sarmiento,-32.96417459999999,-60.64260529999999,55.0,538.0,Municipio Rosario,Municipio,Rosario,820210,Servicio de Catastro e Información Territorial,IGN
2012,5572,2012-04-24,Martes,0.0,12:30:00,,0.0,2,"Bicicleta,Automóvil",SAN MARTIN Y RIOBAMBA,2,1,0,0,1,0,0,,Avenida,,ROSARIO,Rosario,Asfalto,S/D,II,Dentro,Urbana,S/D,S/D,Intersección,Bueno,Buena,Diurna,Buen Tiempo,Lateral,S/D,Atropello,S/D,S/D,S/D,S/D,POINT (-60.6408758 -32.96329339999999),"['San Martin', 'Riobamba']",2,José de San Martín; Riobamba,-32.96329339999999,-60.6408758,55.0,538.0,Municipio Rosario,Municipio,Rosario,820210,Servicio de Catastro e Información Territorial,IGN
2012,5573,2012-04-25,Miercoles,0.0,05:30:00,,0.0,2,"Automóvil,Automóvil",BV. OROÑO Y LUGONES,2,1,0,0,1,0,0,,Avenida,,ROSARIO,Rosario,Asfalto,S/D,II,Dentro,Urbana,S/D,S/D,Intersección,Bueno,Buena,"Amanecer,Con luz artificial",Buen Tiempo,Lateral,S/D,Colisión,S/D,S/D,S/D,S/D,POINT (-60.65693518333333 -32.95818631666667),"['Bulevar Nicasio Oroño', 'Lugones']",2,Bulevar Nicasio Oroño; Lorenzo Lugones,-32.95818631666667,-60.65693518333333,55.0,538.0,Municipio Rosario,Municipio,Rosario,820210,Servicio de Catastro e Información Territorial,IGN
2012,5574,2012-04-25,Miercoles,0.0,16:00:00,,0.0,2,"Moto/Ciclomotor,Automóvil",CERRITO Y SARMIENTO,3,2,0,0,1,0,0,,Calle,,ROSARIO,Rosario,Asfalto,S/D,II,Dentro,Urbana,S/D,S/D,Intersección,Bueno,Buena,Diurna,Buen Tiempo,Lateral,S/D,Colisión,S/D,S/D,S/D,S/D,POINT (-60.6420226 -32.9618734),"['Cerrito', 'Sarmiento']",2,Cerrito; Sarmiento,-32.9618734,-60.6420226,55.0,538.0,Municipio Rosario,Municipio,Rosario,820210,Servicio de Catastro e Información Territorial,IGN
2012,5575,2012-04-26,Jueves,0.0,17:00:00,,0.0,2,"Moto/Ciclomotor,Automóvil",PELLEGRINI Y ALVEAR,2,1,0,0,1,0,0,,Avenida,,ROSARIO,Rosario,Asfalto,S/D,II,Dentro,Urbana,S/D,S/D,Recta,Bueno,Buena,S/D,Buen Tiempo,De alcance,S/D,Colisión,S/D,S/D,S/D,S/D,POINT (-60.6574268 -32.95433405),"['Pellegrini', 'Alvear']",2,Avenida Carlos Pellegrini; Alvear,-32.95433405,-60.6574268,55.0,538.0,Municipio Rosario,Municipio,Rosario,820210,Servicio de Catastro e Información Territorial,IGN
2012,5576,2012-04-27,Viernes,0.0,22:30:00,,0.0,2,"Moto/Ciclomotor,Automóvil",ITALIA Y CERRITO,2,1,0,0,1,0,0,,Calle,,ROSARIO,Rosario,Asfalto,S/D,II,Dentro,Urbana,S/D,S/D,Intersección,Bueno,Buena,Con luz artificial,Buen Tiempo,Lateral,S/D,Colisión,S/D,S/D,S/D,S/D,POINT (-60.65174940000001 -32.9601244),"['Italia', 'Cerrito']",2,Italia; Cerrito,-32.9601244,-60.65174940000001,55.0,538.0,Municipio Rosario,Municipio,Rosario,820210,Servicio de Catastro e Información Territorial,IGN
2012,5578,2012-04-28,Sabado,0.0,15:45:00,,0.0,2,"Automóvil,Automóvil",VIAMONTE Y PTE. ROCA,2,1,0,0,1,0,0,,Calle,,ROSARIO,Rosario,Asfalto,S/D,II,Dentro,Urbana,S/D,S/D,Intersección,Bueno,Buena,Diurna,Buen Tiempo,Lateral,S/D,Colisión,S/D,S/D,S/D,S/D,POINT (-60.6498661 -32.96411629999999),"['Viamonte', 'Roca']",2,Viamonte; Presidente Roca,-32.96411629999999,-60.6498661,55.0,538.0,Municipio Rosario,Municipio,Rosario,820210,Servicio de Catastro e Información Territorial,IGN
2012,5581,2012-04-02,Lunes,0.0,01:25:00,,0.0,2,"Moto/Ciclomotor,Automóvil",CABILDO Y AYACUCHO,2,1,0,0,1,0,0,,Calle,,ROSARIO,Rosario,Asfalto,No existe,II,Dentro,Urbana,Ninguna,No existe,Intersección,Bueno,Buena,Nocturna,Buen Tiempo,Lateral,S/D,Colisión,S/D,S/D,Ninguna,Sin restricción,POINT (-60.63585260000001 -33.00696889999999),"['Cabildo', 'Ayacucho']",2,Cabildo; Ayacucho,-33.00696889999999,-60.63585260000001,55.0,538.0,Municipio Rosario,Municipio,Rosario,820210,Servicio de Catastro e Información Territorial,IGN
2012,5583,2012-04-02,Lunes,0.0,22:30:00,,0.0,2,"Moto/Ciclomotor,Taxi/Remis",SERRANO Y AV. ROSARIO,2,1,0,0,1,0,0,,Avenida,,ROSARIO,Rosario,Asfalto,No existe,II,Dentro,Urbana,Ninguna,No existe,Intersección,Bueno,Buena,Nocturna,Buen Tiempo,Lateral,S/D,Colisión,S/D,S/D,Ninguna,Sin restricción,POINT (-60.631906099999995 -32.99940519999999),"['Serrano', 'Rosario']",2,José Mariano Serrano; Puente Nuestra Señora del Rosario,-32.99940519999999,-60.6319061,55.0,538.0,Municipio Rosario,Municipio,Rosario,820210,Servicio de Catastro e Información Territorial,IGN
2012,5584,2012-04-03,Martes,0.0,08:20:00,,0.0,2,"Moto/Ciclomotor,Pickup/Utilitario",HOLMERG Y LAPRIDA,2,1,0,0,1,0,0,,Calle,,ROSARIO,Rosario,Asfalto,No existe,II,Dentro,Urbana,Ninguna,No existe,Intersección,Bueno,Buena,Diurna,Buen Tiempo,Lateral,S/D,Colisión,S/D,S/D,Ninguna,Sin restricción,POINT (-60.64607569999999 -32.9942067),"['Holmberg', 'Laprida']",2,Holmberg; Francisco Narciso Laprida,-32.9942067,-60.64607569999999,55.0,538.0,Municipio Rosario,Municipio,Rosario,820210,Servicio de Catastro e Información Territorial,IGN
2012,5585,2012-04-17,Martes,0.0,09:45:00,,0.0,1,Moto/Ciclomotor,av. avellaneda y riobamba,2,1,0,0,1,0,0,,Avenida,,ROSARIO,Rosario,Asfalto,S/D,II,Dentro,Urbana,S/D,S/D,Intersección,Bueno,Buena,Diurna,Buen Tiempo,Frontal,S/D,Colisión,Otro,S/D,S/D,Sin restricción,POINT (-60.6833317 -32.955698850000005),"['Avellaneda', 'Riobamba']",2,Bulevar Nicolás Avellaneda; Riobamba,-32.955698850000005,-60.6833317,55.0,538.0,Municipio Rosario,Municipio,Rosario,820210,Servicio de Catastro e Información Territorial,IGN
2012,5587,2012-04-17,Martes,0.0,07:40:00,,0.0,2,"Moto/Ciclomotor,Peatón",av. 27 de febrero y bv. avellaneda,2,1,0,0,1,0,0,,Avenida,,ROSARIO,Rosario,Asfalto,Pavimento,II,Dentro,Urbana,S/D,S/D,Intersección,Bueno,Buena,S/D,Buen Tiempo,Frontal,S/D,Atropello,Otro,"Horizontal,Vertical",S/D,Sin restricción,POINT (-60.68448515 -32.96026405),"['27 de Febrero', 'Avellaneda']",2,Bulevar 27 de Febrero; Bulevar Nicolás Avellaneda,-32.96026405,-60.68448515,55.0,538.0,Municipio Rosario,Municipio,Rosario,820210,Servicio de Catastro e Información Territorial,IGN
2012,5589,2012-04-05,Jueves,0.0,08:20:00,,0.0,2,"Moto/Ciclomotor,Automóvil",CASTRO BARROS Y ANCHORENA,2,1,0,0,1,0,0,,Calle,,ROSARIO,Rosario,Asfalto,No existe,II,Dentro,Urbana,S/D,No existe,Intersección,Bueno,Buena,Amanecer,Buen Tiempo,Lateral,S/D,Colisión,S/D,S/D,S/D,S/D,POINT (-60.62964120000001 -32.997229000000004),"['Castro Barros', 'Anchorena']",2,Avenida Pedro de Castro Barros; Tomás de Anchorena,-32.997229000000004,-60.62964120000001,55.0,538.0,Municipio Rosario,Municipio,Rosario,820210,Servicio de Catastro e Información Territorial,IGN
2012,5591,2012-04-04,Miercoles,0.0,19:30:00,,0.0,2,"Automóvil,Automóvil",SALVA Y ARIJON,3,2,0,0,1,0,0,,Calle,,ROSARIO,Rosario,Asfalto,No existe,II,Dentro,Urbana,Ninguna,Funciona,Intersección,Bueno,Buena,Atardecer,Buen Tiempo,Lateral,S/D,Colisión,S/D,S/D,Ninguna,Sin restricción,POINT (-60.6402197 -33.0027979),"['Salva', 'Avenida Manuel Arijón']",2,Salvat; Avenida Manuel Arijón,-33.0027979,-60.6402197,55.0,538.0,Municipio Rosario,Municipio,Rosario,820210,Servicio de Catastro e Información Territorial,IGN
2012,5592,2012-04-05,Jueves,0.0,,,0.0,2,"Moto/Ciclomotor,Automóvil",BUENOS AIRES Y BUSTAMANTE,3,2,0,0,1,0,0,,Calle,,ROSARIO,Rosario,Asfalto,No existe,II,Dentro,Urbana,Ninguna,No existe,Intersección,Bueno,Buena,Nocturna,Buen Tiempo,Lateral,S/D,Colisión,S/D,S/D,Ninguna,Sin restricción,POINT (-60.6449658 -33.00187050000001),"['Buenos Aires', 'Bustamante']",2,Buenos Aires; Sánchez de Bustamante,-33.00187050000001,-60.6449658,55.0,538.0,Municipio Rosario,Municipio,Rosario,820210,Servicio de Catastro e Información Territorial,IGN
2012,5593,2012-04-18,Miercoles,0.0,14:45:00,,0.0,2,"Moto/Ciclomotor,Automóvil",la paz y lima,3,1,0,0,2,0,0,,Calle,,ROSARIO,Rosario,Asfalto,S/D,II,Dentro,Urbana,S/D,No existe,Intersección,Bueno,Buena,Diurna,Buen Tiempo,Lateral,S/D,Colisión,Otro,S/D,S/D,Sin restricción,POINT (-60.68769880000001 -32.956081399999995),"['La Paz', 'Lima']",2,La Paz; Lima,-32.956081399999995,-60.68769880000001,55.0,538.0,Municipio Rosario,Municipio,Rosario,820210,Servicio de Catastro e Información Territorial,IGN
2012,5594,2012-04-07,Sabado,0.0,10:00:00,,0.0,2,"Peatón,Automóvil",AYACUCHO Y ANCHORENA,2,1,0,0,1,0,0,,Calle,,ROSARIO,Rosario,Asfalto,No existe,II,Dentro,Urbana,Ninguna,No existe,Intersección,Bueno,S/D,Diurna,Buen Tiempo,Otro,S/D,Atropello,S/D,S/D,Ninguna,Sin restricción,POINT (-60.63653260000001 -32.9974085),"['Ayacucho', 'Anchorena']",2,Ayacucho; Tomás de Anchorena,-32.9974085,-60.63653260000001,55.0,538.0,Municipio Rosario,Municipio,Rosario,820210,Servicio de Catastro e Información Territorial,IGN
2012,5595,2012-04-25,Miercoles,0.0,,,0.0,2,"Moto/Ciclomotor,Automóvil",COCHABAMBA Y AYACUCHO,2,1,0,0,1,0,0,,Calle,,ROSARIO,Rosario,Asfalto,No existe,II,Dentro,Urbana,Ninguna,No existe,Intersección,Bueno,Buena,Diurna,Buen Tiempo,Lateral,S/D,Colisión,S/D,Faltante,Cordón divisorio,S/D,POINT (-60.629923700000006 -32.960460899999994),"['Cochabamba', 'Ayacucho']",2,Cochabamba; Ayacucho,-32.960460899999994,-60.629923700000006,55.0,538.0,Municipio Rosario,Municipio,Rosario,820210,Servicio de Catastro e Información Territorial,IGN
2012,5596,2012-04-09,Lunes,0.0,18:00:00,,0.0,2,"Bicicleta,Moto/Ciclomotor",HUNGRIA,2,2,0,0,0,0,0,,Calle,,ROSARIO,Rosario,Asfalto,No existe,II,Dentro,Urbana,Ninguna,No existe,Recta,Bueno,Buena,Atardecer,Buen Tiempo,Lateral,S/D,Atropello,S/D,S/D,Ninguna,Sin restricción,"-33.0069053, -60.6336759",['Hungría'],1,Hungría,-33.0069053,-60.6336759,55.0,538.0,Municipio Rosario,Municipio,Rosario,820210,Servicio de Catastro e Información Territorial,IGN
2012,5597,2012-04-26,Jueves,0.0,12:00:00,,0.0,2,"Taxi/Remis,Camión",27 DE FEBRERO Y AYACUCHO,2,1,0,0,1,0,0,,Calle,,ROSARIO,Rosario,Asfalto,No existe,II,Dentro,Urbana,Ninguna,No existe,Intersección,Bueno,Buena,Diurna,Buen Tiempo,Lateral,S/D,Colisión,S/D,Faltante,Cordón divisorio,Sin restricción,POINT (-60.6322277 -32.96960704999999),"['27 de Febrero', 'Ayacucho']",2,Bulevar 27 de Febrero; Ayacucho,-32.96960704999999,-60.6322277,55.0,538.0,Municipio Rosario,Municipio,Rosario,820210,Servicio de Catastro e Información Territorial,IGN
2012,5598,2012-04-19,Jueves,0.0,,,0.0,2,"Moto/Ciclomotor,Automóvil",GRAL. PAZ Y AV. ROSARIO,2,1,0,0,1,0,0,,Avenida,,ROSARIO,Rosario,Asfalto,No existe,II,Dentro,Urbana,Ninguna,No existe,Intersección,Bueno,Buena,S/D,Buen Tiempo,Lateral,S/D,Colisión,S/D,S/D,Ninguna,Sin restricción,POINT (-60.6272234 -32.999243),"['Paz', 'Rosario']",2,Marcos Paz; Puente Nuestra Señora del Rosario,-32.999243,-60.6272234,55.0,538.0,Municipio Rosario,Municipio,Rosario,820210,Servicio de Catastro e Información Territorial,IGN