anio_acci,nro_acci,fecha,desc_dia,fecha_aprox,hora_aprox,desc_ruta,km,cant_participantes,desc_participante,calle_avenida_km,total,heridos_leves,heridos_graves,heridos_gravisimos,ilesos,fallecidos,sin_datos,posicion_XY,desc_tipo_via,desc_ruta_ori,desc_loc,desc_dpto,desc_tipo_calzada,desc_tipo_banquina,desc_unidad_regional,desc_lugar_calzada,desc_zona,desc_prioridad,desc_estado_semaforo,desc_lugar_via,desc_estado_via,desc_estado_visibilidad,desc_luminosidad,desc_estado_clima,desc_tipo_colision,desc_tipo_atropello,desc_tipo_hecho,desc_pres_calzada,desc_senializacion,desc_separacion_via,desc_restriccion,forma_geocod,calle_lista,numero_calles,calles_osm,lat,lon,index_right,gid,fna,gna,nam,in1,fdc,sag
2012,5599,2012-04-26,Jueves,0.0,22:15:00,,0.0,2,"Moto/Ciclomotor,Automóvil",CERRITO Y NECOCHEA,3,0,2,0,1,0,0,,Calle,,ROSARIO,Rosario,Asfalto,No existe,II,Dentro,Urbana,Señal Pare,No existe,Intersección,Bueno,Buena,Nocturna,Buen Tiempo,Lateral,S/D,Colisión,S/D,Vertical,Cordón divisorio,Sin restricción,POINT (-60.628048699999994 -32.96436419999999),"['Cerrito', 'Necochea']",2,Cerrito; Necochea,-32.96436419999999,-60.6280487,55.0,538.0,Municipio Rosario,Municipio,Rosario,820210,Servicio de Catastro e Información Territorial,IGN
2012,5600,2012-04-20,Viernes,0.0,15:15:00,,0.0,2,"Vehículo Oficial,Moto/Ciclomotor",AYACUCHO 4340,3,1,0,0,2,0,0,,Calle,,ROSARIO,Rosario,Asfalto,No existe,II,Dentro,Urbana,Ninguna,No existe,Recta,Bueno,S/D,Diurna,Buen Tiempo,Contra objeto fijo,S/D,Colisión,S/D,S/D,Ninguna,Sin restricción,"-32.98963372244898, -60.6369455",['Ayacucho 4340'],1,Ayacucho 4340,-32.98963372244898,-60.6369455,55.0,538.0,Municipio Rosario,Municipio,Rosario,820210,Servicio de Catastro e Información Territorial,IGN
2012,5601,2012-04-27,Viernes,0.0,16:30:00,,0.0,2,"Moto/Ciclomotor,Automóvil",BUENOS AIRES Y LA PAZ,3,2,0,0,1,0,0,,Calle,,ROSARIO,Rosario,Asfalto,No existe,II,Dentro,Urbana,Señal Pare,No existe,Intersección,Bueno,Buena,Diurna,Buen Tiempo,Lateral,S/D,Colisión,S/D,Vertical,Cordón divisorio,Sin restricción,POINT (-60.6371524 -32.96514349999999),"['Buenos Aires', 'La Paz']",2,Buenos Aires; La Paz,-32.96514349999999,-60.6371524,55.0,538.0,Municipio Rosario,Municipio,Rosario,820210,Servicio de Catastro e Información Territorial,IGN
2012,5602,2012-04-29,Domingo,0.0,14:30:00,,0.0,2,"Bicicleta,Automóvil",NECOCHEA 1900,3,2,0,0,1,0,0,,Calle,,ROSARIO,Rosario,Asfalto,No existe,II,Dentro,Urbana,Ninguna,No existe,Recta,Bueno,Buena,Atardecer,Buen Tiempo,S/D,S/D,Atropello,S/D,Faltante,Cordón divisorio,Sin restricción,"-32.9619964, -60.6274987",['Necochea 1900'],1,Necochea 1900,-32.9619964,-60.6274987,55.0,538.0,Municipio Rosario,Municipio,Rosario,820210,Servicio de Catastro e Información Territorial,IGN
2012,5603,2012-04-21,Sabado,0.0,12:00:00,,0.0,2,"Bicicleta,Automóvil",URIBURU Y CHACABUCO,3,2,0,0,1,0,0,,Calle,,ROSARIO,Rosario,Asfalto,No existe,II,Dentro,Urbana,Ninguna,No existe,Intersección,Bueno,Buena,Diurna,Buen Tiempo,Lateral,S/D,Atropello,S/D,S/D,Ninguna,Sin restricción,POINT (-60.63309790000001 -32.99022999999999),"['Uriburu', 'Chacabuco']",2,Avenida José Uriburu; Chacabuco,-32.99022999999999,-60.63309790000001,55.0,538.0,Municipio Rosario,Municipio,Rosario,820210,Servicio de Catastro e Información Territorial,IGN
2012,5604,2012-04-03,Martes,0.0,11:25:00,,0.0,2,"Peatón,Pickup/Utilitario",COCHABAMBA 600,2,0,1,0,1,0,0,,Calle,,ROSARIO,Rosario,Asfalto,S/D,I,Dentro,Urbana,Ninguna,S/D,Recta,Bueno,S/D,S/D,Buen Tiempo,S/D,S/D,Atropello,S/D,Faltante,S/D,Sin restricción,"-32.9596542, -60.6340848",['Cochabamba 600'],1,Cochabamba 600,-32.9596542,-60.6340848,55.0,538.0,Municipio Rosario,Municipio,Rosario,820210,Servicio de Catastro e Información Territorial,IGN
2012,5605,2012-04-05,Jueves,0.0,08:20:00,,0.0,2,"Automóvil,Automóvil",27 DE FEBRERO Y LAPRIDA,2,1,0,0,1,0,0,,Avenida,,ROSARIO,Rosario,Asfalto,S/D,II,Dentro,Urbana,Señal Pare,S/D,Intersección,Bueno,S/D,S/D,Buen Tiempo,Lateral,S/D,Colisión,S/D,Vertical,Cordón divisorio,Sin restricción,POINT (-60.639549849999995 -32.9682981),"['27 de Febrero', 'Laprida']",2,Bulevar 27 de Febrero; Francisco Narciso Laprida,-32.9682981,-60.63954985,55.0,538.0,Municipio Rosario,Municipio,Rosario,820210,Servicio de Catastro e Información Territorial,IGN
2012,5606,2012-04-05,Jueves,0.0,16:10:00,,0.0,2,"Moto/Ciclomotor,Automóvil",AYACUCHO 2000,2,0,1,0,1,0,0,,Calle,,ROSARIO,Rosario,Asfalto,No existe,II,Dentro,Urbana,Ninguna,No existe,Recta,Bueno,Buena,Diurna,Buen Tiempo,Lateral,S/D,Colisión,S/D,Faltante,Cordón divisorio,Sin restricción,"-32.9546685, -60.6285226",['Ayacucho 2000'],1,Ayacucho 2000,-32.9546685,-60.6285226,55.0,538.0,Municipio Rosario,Municipio,Rosario,820210,Servicio de Catastro e Información Territorial,IGN
2012,5607,2012-04-20,Viernes,0.0,06:40:00,,0.0,2,"Bicicleta,Automóvil",bv. avellaneda y av. 27 de febrero ,2,1,0,0,1,0,0,,Avenida,,ROSARIO,Rosario,Asfalto,S/D,II,Dentro,Urbana,S/D,Funciona,Intersección,Bueno,Buena,Diurna,Buen Tiempo,Frontal,S/D,Atropello,S/D,"Horizontal,Vertical",S/D,Sin restricción,POINT (-60.68448515 -32.96026405),"['Avellaneda', '27 de Febrero']",2,Bulevar Nicolás Avellaneda; Bulevar 27 de Febrero,-32.96026405,-60.68448515,55.0,538.0,Municipio Rosario,Municipio,Rosario,820210,Servicio de Catastro e Información Territorial,IGN
2012,5608,2012-04-01,Domingo,0.0,23:15:00,,0.0,2,"Peatón,Otros",BATLE Y ORDOÑEZ Y SAADI CANOT,1,0,1,0,0,0,0,,Calle,,ROSARIO,Rosario,Asfalto,S/D,II,Fuera,Urbana,S/D,S/D,Recta,S/D,S/D,Nocturna,S/D,S/D,S/D,Atropello,S/D,S/D,S/D,S/D,POINT (-60.648497000000006 -33.008926200000005),"['Avenida Battle y Ordoñez', 'Sadi Carnot']",2,Avenida Battle y Ordoñez; Sadi Carnot,-33.008926200000005,-60.648497000000006,55.0,538.0,Municipio Rosario,Municipio,Rosario,820210,Servicio de Catastro e Información Territorial,IGN
2012,5609,2012-04-02,Lunes,0.0,01:40:00,,0.0,2,"Peatón,Transporte de Pasajeros Urbano (> 8 asientos)",LAPRIDA Y PATRICIOS,2,1,0,0,1,0,0,,Calle,,ROSARIO,Rosario,S/D,S/D,II,Fuera,Urbana,S/D,S/D,Recta,S/D,S/D,Nocturna,S/D,S/D,S/D,Atropello,S/D,S/D,S/D,S/D,POINT (-60.6466735 -33.010894900000004),"['Laprida', 'Patricios']",2,Francisco Narciso Laprida; Patricios,-33.010894900000004,-60.6466735,55.0,538.0,Municipio Rosario,Municipio,Rosario,820210,Servicio de Catastro e Información Territorial,IGN
2012,5610,2012-04-20,Viernes,0.0,13:30:00,,0.0,2,"Moto/Ciclomotor,Automóvil",constitucion e ituzaingo ,2,1,0,0,1,0,0,,Calle,,ROSARIO,Rosario,S/D,No existe,II,Dentro,Urbana,S/D,No existe,Intersección,Bueno,Buena,S/D,Buen Tiempo,Lateral,S/D,Colisión,S/D,Horizontal,S/D,Sin restricción,POINT (-60.67729680000001 -32.95436309999999),"['Constitución', 'Ituzaingó']",2,Constitución; Ituzaingó,-32.95436309999999,-60.67729680000001,55.0,538.0,Municipio Rosario,Municipio,Rosario,820210,Servicio de Catastro e Información Territorial,IGN
2012,5611,2012-03-28,Miercoles,0.0,17:00:00,,0.0,2,"Bicicleta,Automóvil",AV. ARIJON 1500,2,1,0,0,1,0,0,,Avenida,,ROSARIO,Rosario,Asfalto,S/D,II,Fuera,Urbana,S/D,S/D,Recta,S/D,S/D,Atardecer,S/D,S/D,S/D,Colisión,S/D,S/D,S/D,S/D,"-33.0033024, -60.6572523",['Arijon 1500'],1,Arijon 1500,-33.0033024,-60.6572523,55.0,538.0,Municipio Rosario,Municipio,Rosario,820210,Servicio de Catastro e Información Territorial,IGN
2012,5612,2012-04-21,Sabado,0.0,18:15:00,,0.0,2,"Automóvil,Automóvil",crespo y av. 27 de febrero,2,1,0,0,1,0,0,,Calle,,ROSARIO,Rosario,Asfalto,No existe,II,Dentro,Urbana,S/D,Funciona,Intersección,Bueno,Buena,Diurna,Buen Tiempo,S/D,S/D,Colisión,S/D,"Horizontal,Vertical",S/D,Sin restricción,POINT (-60.6735604 -32.962220099999996),"['Crespo', '27 de Febrero']",2,Crespo; Bulevar 27 de Febrero,-32.9622201,-60.6735604,55.0,538.0,Municipio Rosario,Municipio,Rosario,820210,Servicio de Catastro e Información Territorial,IGN
2012,5613,2012-04-03,Martes,0.0,17:00:00,,0.0,2,"Moto/Ciclomotor,Pickup/Utilitario",RIOBAMBA Y PARAGUAY,2,1,0,0,1,0,0,,Calle,,ROSARIO,Rosario,Asfalto,S/D,II,Dentro,Urbana,S/D,S/D,Recta,Bueno,Buena,S/D,Buen Tiempo,Lateral,S/D,Colisión,S/D,S/D,S/D,S/D,POINT (-60.6479125 -32.962033299999995),"['Riobamba', 'Paraguay']",2,Riobamba; Paraguay,-32.962033299999995,-60.6479125,55.0,538.0,Municipio Rosario,Municipio,Rosario,820210,Servicio de Catastro e Información Territorial,IGN
2012,5614,2012-04-05,Jueves,0.0,14:15:00,,0.0,2,"Automóvil,Automóvil",COCHABAMBA Y BV. OROÑO,2,1,0,0,1,0,0,,Calle,,ROSARIO,Rosario,Asfalto,S/D,II,Dentro,Urbana,S/D,S/D,Rotonda,Bueno,Buena,Diurna,Buen Tiempo,De alcance,S/D,Colisión,S/D,S/D,S/D,S/D,POINT (-60.656339 -32.9556154),"['Cochabamba', 'Bulevar Nicasio Oroño']",2,Cochabamba; Bulevar Nicasio Oroño,-32.9556154,-60.656339,55.0,538.0,Municipio Rosario,Municipio,Rosario,820210,Servicio de Catastro e Información Territorial,IGN
2012,5615,2012-04-06,Viernes,0.0,16:00:00,,0.0,2,"Moto/Ciclomotor,Taxi/Remis",COCHABAMBA E ITALIA,2,1,0,0,1,0,0,,Calle,,ROSARIO,Rosario,Asfalto,S/D,II,Dentro,Urbana,S/D,S/D,Recta,Bueno,Buena,S/D,Buen Tiempo,Lateral,S/D,Colisión,S/D,S/D,S/D,S/D,POINT (-60.6508824 -32.956682699999995),"['Cochabamba', 'Italia']",2,Cochabamba; Italia,-32.956682699999995,-60.6508824,55.0,538.0,Municipio Rosario,Municipio,Rosario,820210,Servicio de Catastro e Información Territorial,IGN
2012,5616,2012-04-07,Sabado,0.0,15:45:00,,0.0,2,"Moto/Ciclomotor,Pickup/Utilitario",CTES. Y RUEDA,2,1,0,0,1,0,0,,Calle,,ROSARIO,Rosario,Asfalto,S/D,II,Dentro,Urbana,S/D,S/D,Intersección,Bueno,Buena,S/D,Buen Tiempo,Lateral,S/D,Colisión,S/D,S/D,S/D,S/D,POINT (-60.648564 -32.970324399999996),"['Corrientes', 'Rueda']",2,Corrientes; Rueda,-32.9703244,-60.648564,55.0,538.0,Municipio Rosario,Municipio,Rosario,820210,Servicio de Catastro e Información Territorial,IGN
2012,5617,2012-04-07,Sabado,0.0,00:25:00,,0.0,2,"Peatón,Automóvil",AV. PELLEGRINI Y DORREGO,3,1,0,0,2,0,0,,Avenida,,ROSARIO,Rosario,Asfalto,S/D,II,Dentro,Urbana,S/D,S/D,S/D,Bueno,Buena,Con luz artificial,Buen Tiempo,Otro,S/D,Atropello,S/D,S/D,S/D,S/D,POINT (-60.6519337 -32.95532245),"['Pellegrini', 'Dorrego']",2,Avenida Carlos Pellegrini; Manuel Dorrego,-32.95532245,-60.6519337,55.0,538.0,Municipio Rosario,Municipio,Rosario,820210,Servicio de Catastro e Información Territorial,IGN
2012,5618,2012-03-27,Martes,0.0,17:05:00,,0.0,2,"Bicicleta,Automóvil",AV. ARIJON Y CORRIENTES,2,1,0,0,1,0,0,,Calle,,ROSARIO,Rosario,S/D,S/D,II,Fuera,Urbana,S/D,S/D,Recta,S/D,S/D,Atardecer,S/D,S/D,S/D,Atropello,S/D,S/D,S/D,S/D,POINT (-60.6532343 -33.003188200000004),"['Avenida Manuel Arijón', 'Corrientes']",2,Avenida Manuel Arijón; Corrientes,-33.003188200000004,-60.6532343,55.0,538.0,Municipio Rosario,Municipio,Rosario,820210,Servicio de Catastro e Información Territorial,IGN
2012,5619,2012-04-08,Domingo,0.0,22:00:00,,0.0,2,"Automóvil,Pickup/Utilitario",RIOBAMBA Y DORREGO,3,2,0,0,1,0,0,,Calle,,ROSARIO,Rosario,Asfalto,S/D,II,Dentro,Urbana,S/D,S/D,Recta,Bueno,Buena,Con luz artificial,Buen Tiempo,Lateral,S/D,Colisión,S/D,S/D,S/D,S/D,POINT (-60.6533864 -32.961053199999995),"['Riobamba', 'Dorrego']",2,Riobamba; Manuel Dorrego,-32.961053199999995,-60.6533864,55.0,538.0,Municipio Rosario,Municipio,Rosario,820210,Servicio de Catastro e Información Territorial,IGN
2012,5620,2012-04-11,Miercoles,0.0,07:45:00,,0.0,2,"Moto/Ciclomotor,Automóvil",AV. CIRCUNVALACION Y AV. SAN MARTIN,1,1,0,0,0,0,0,,Avenida,,ROSARIO,Rosario,S/D,S/D,II,Fuera,Urbana,S/D,S/D,Recta,S/D,S/D,Amanecer,Otro,S/D,S/D,Colisión,S/D,S/D,S/D,S/D,POINT (-60.652223580418244 -33.0164074304026),"['Circunvalacion', 'San Martin']",2,"('Avenida de Circunvalación 25 de Mayo', 'José de San Martín')",-33.0164074304026,-60.65222358041824,55.0,538.0,Municipio Rosario,Municipio,Rosario,820210,Servicio de Catastro e Información Territorial,IGN
2012,5621,2012-03-28,Miercoles,0.0,10:30:00,,0.0,2,"Moto/Ciclomotor,Automóvil",AV. ARIJON Y PARAGUAY,3,2,0,0,1,0,0,,Avenida,,ROSARIO,Rosario,S/D,S/D,II,Fuera,Urbana,S/D,S/D,Recta,S/D,S/D,Diurna,S/D,S/D,S/D,Colisión,S/D,S/D,S/D,S/D,POINT (-60.65470270000001 -33.003229900000015),"['Avenida Manuel Arijón', 'Paraguay']",2,Avenida Manuel Arijón; Paraguay,-33.003229900000015,-60.65470270000001,55.0,538.0,Municipio Rosario,Municipio,Rosario,820210,Servicio de Catastro e Información Territorial,IGN
2012,5622,2012-04-11,Miercoles,0.0,18:30:00,,0.0,2,"Peatón,Automóvil",ESCALANTE Y AIZUGARAY,2,1,0,0,1,0,0,,Calle,,ROSARIO,Rosario,S/D,S/D,II,Fuera,Urbana,S/D,S/D,Recta,S/D,S/D,Atardecer,Otro,S/D,S/D,Colisión,S/D,S/D,S/D,S/D,POINT (-60.643900800000004 -33.012865899999994),"['Escalante', 'Alzugaray']",2,Escalante; Alzugaray,-33.012865899999994,-60.6439008,55.0,538.0,Municipio Rosario,Municipio,Rosario,820210,Servicio de Catastro e Información Territorial,IGN
2012,5623,2012-04-22,Domingo,0.0,16:00:00,,0.0,1,,rio de janeiro y la paz,8,5,0,0,3,0,0,,Calle,,ROSARIO,Rosario,Asfalto,No existe,II,Dentro,Urbana,S/D,No existe,Intersección,Bueno,Buena,S/D,Buen Tiempo,S/D,S/D,Colisión,Agua,Horizontal,S/D,Sin restricción,POINT (-60.6849727 -32.956576),"['Río de Janeiro', 'La Paz']",2,Río de Janeiro; La Paz,-32.956576,-60.6849727,55.0,538.0,Municipio Rosario,Municipio,Rosario,820210,Servicio de Catastro e Información Territorial,IGN
2012,5624,2012-04-22,Domingo,0.0,16:00:00,,0.0,2,"Automóvil,Automóvil",rio de janeiro y la paz,8,5,0,0,3,0,0,,Calle,,ROSARIO,Rosario,Asfalto,No existe,II,Dentro,Urbana,S/D,No existe,Intersección,Bueno,Buena,S/D,Buen Tiempo,S/D,S/D,Colisión,Agua,Horizontal,S/D,Sin restricción,POINT (-60.6849727 -32.956576),"['Río de Janeiro', 'La Paz']",2,Río de Janeiro; La Paz,-32.956576,-60.6849727,55.0,538.0,Municipio Rosario,Municipio,Rosario,820210,Servicio de Catastro e Información Territorial,IGN
2012,5625,2012-03-15,Jueves,0.0,17:30:00,,0.0,2,"Moto/Ciclomotor,Automóvil",AV. SAN MARTIN Y PLADON,3,1,1,0,1,0,0,,Calle,,ROSARIO,Rosario,S/D,S/D,II,Dentro,Urbana,S/D,S/D,Recta,S/D,S/D,Atardecer,S/D,S/D,S/D,Colisión,S/D,S/D,S/D,S/D,POINT (-60.65303175 -33.020102449999996),"['San Martin', 'Platón']",2,José de San Martín; Platón,-33.02010245,-60.65303175,55.0,538.0,Municipio Rosario,Municipio,Rosario,820210,Servicio de Catastro e Información Territorial,IGN
2012,5626,2012-04-16,Lunes,0.0,14:40:00,,0.0,2,"Bicicleta,Moto/Ciclomotor",AV. SAN MARTIN Y PATRICIOS,2,0,1,0,1,0,0,,Avenida,,ROSARIO,Rosario,S/D,S/D,II,Dentro,Urbana,S/D,S/D,Recta,S/D,S/D,Diurna,S/D,S/D,S/D,Atropello,S/D,S/D,S/D,S/D,POINT (-60.651072799999994 -33.010990250000006),"['San Martin', 'Patricios']",2,José de San Martín; Patricios,-33.010990250000006,-60.6510728,55.0,538.0,Municipio Rosario,Municipio,Rosario,820210,Servicio de Catastro e Información Territorial,IGN
2012,5627,2012-04-18,Miercoles,0.0,14:30:00,,0.0,2,"Moto/Ciclomotor,Automóvil",C.BERNARDI Y PJE. 525,2,1,0,0,1,0,0,,Calle,,ROSARIO,Rosario,S/D,S/D,II,Dentro,Urbana,S/D,S/D,Recta,S/D,S/D,Diurna,S/D,S/D,S/D,Colisión,S/D,S/D,S/D,S/D,POINT (-60.645540600000004 -33.01585239999999),"['Bernardi', 'Pasaje 525']",2,Avenida Bernardino Rivadavia; Pasaje 525,-33.01585239999999,-60.6455406,55.0,538.0,Municipio Rosario,Municipio,Rosario,820210,Servicio de Catastro e Información Territorial,IGN
2012,5630,2012-04-08,Domingo,0.0,,,0.0,2,"Moto/Ciclomotor,Automóvil",PELLEGRINI E ITALIA,2,1,0,0,1,0,0,,Avenida,,ROSARIO,Rosario,Asfalto,S/D,II,Dentro,Urbana,S/D,S/D,Intersección,Bueno,Buena,S/D,S/D,Lateral,S/D,Colisión,S/D,S/D,S/D,S/D,POINT (-60.650600100000005 -32.955561700000004),"['Pellegrini', 'Italia']",2,Avenida Carlos Pellegrini; Italia,-32.955561700000004,-60.650600100000005,55.0,538.0,Municipio Rosario,Municipio,Rosario,820210,Servicio de Catastro e Información Territorial,IGN
2012,5631,2012-04-09,Lunes,0.0,23:00:00,,0.0,2,"Bicicleta,Automóvil",GALVEZ Y PARAGUAY,2,1,0,0,1,0,0,,Calle,,ROSARIO,Rosario,Asfalto,S/D,II,Dentro,Urbana,S/D,S/D,Intersección,Bueno,Buena,Con luz artificial,Buen Tiempo,Otro,S/D,Atropello,S/D,S/D,S/D,S/D,POINT (-60.64936409999999 -32.9677811),"['Galvez', 'Paraguay']",2,José Gálvez; Paraguay,-32.9677811,-60.64936409999999,55.0,538.0,Municipio Rosario,Municipio,Rosario,820210,Servicio de Catastro e Información Territorial,IGN
2012,5633,2012-04-11,Miercoles,0.0,05:15:00,,0.0,2,"Pickup/Utilitario,Automóvil",OV. LAGOS Y PELLEGRINI,3,1,0,0,1,1,0,,Calle,,ROSARIO,Rosario,Asfalto,S/D,II,Dentro,Urbana,S/D,S/D,Intersección,Bueno,Buena,Con luz artificial,Buen Tiempo,Lateral,S/D,Colisión,S/D,Vertical,S/D,S/D,POINT (-60.664182350000004 -32.953107599999996),"['Avenida Ovidio Lagos', 'Pellegrini']",2,Avenida Ovidio Lagos; Avenida Carlos Pellegrini,-32.9531076,-60.66418235,55.0,538.0,Municipio Rosario,Municipio,Rosario,820210,Servicio de Catastro e Información Territorial,IGN
2012,5634,2012-04-21,Sabado,0.0,09:20:00,,0.0,2,"Moto/Ciclomotor,Pickup/Utilitario",FRIAS Y LAPRIDA,1,1,0,0,0,0,0,,Calle,,ROSARIO,Rosario,S/D,S/D,II,Dentro,Urbana,S/D,S/D,Recta,S/D,S/D,Diurna,S/D,S/D,S/D,Colisión,S/D,S/D,S/D,S/D,POINT (-60.6465886 -33.0119204),"['Frias', 'Laprida']",2,Frias; Francisco Narciso Laprida,-33.0119204,-60.6465886,55.0,538.0,Municipio Rosario,Municipio,Rosario,820210,Servicio de Catastro e Información Territorial,IGN
2012,5635,2012-04-11,Miercoles,0.0,14:00:00,,0.0,2,"Moto/Ciclomotor,Automóvil",BALCARCE Y GALVEZ,2,1,0,0,1,0,0,,S/D,,ROSARIO,Rosario,Asfalto,S/D,II,S/D,S/D,S/D,S/D,Intersección,Bueno,Buena,Diurna,Buen Tiempo,Lateral,S/D,Colisión,S/D,S/D,S/D,S/D,POINT (-60.657551600000005 -32.9663187),"['Balcarce', 'Galvez']",2,Balcarce; José Gálvez,-32.9663187,-60.657551600000005,55.0,538.0,Municipio Rosario,Municipio,Rosario,820210,Servicio de Catastro e Información Territorial,IGN
2012,5636,2012-04-21,Sabado,0.0,08:20:00,,0.0,2,"Moto/Ciclomotor,Moto/Ciclomotor",AV. BATLE Y ORDOÑEZ Y SAADI CARNOT,2,1,0,0,1,0,0,,Avenida,,ROSARIO,Rosario,S/D,S/D,II,Dentro,Urbana,S/D,S/D,Recta,S/D,S/D,Diurna,S/D,S/D,S/D,Colisión,S/D,S/D,S/D,S/D,POINT (-60.648497000000006 -33.008926200000005),"['Avenida Battle y Ordoñez', 'Sadi Carnot']",2,Avenida Battle y Ordoñez; Sadi Carnot,-33.008926200000005,-60.648497000000006,55.0,538.0,Municipio Rosario,Municipio,Rosario,820210,Servicio de Catastro e Información Territorial,IGN
2012,5637,2012-04-12,Jueves,0.0,17:00:00,,0.0,2,"Moto/Ciclomotor,Pickup/Utilitario",DORREGO Y GALVEZ,2,1,0,0,1,0,0,,S/D,,ROSARIO,Rosario,Asfalto,S/D,II,S/D,S/D,S/D,S/D,Intersección,S/D,Buena,Diurna,Buen Tiempo,Lateral,S/D,Colisión,S/D,S/D,S/D,S/D,POINT (-60.65484430000001 -32.966804299999986),"['Dorrego', 'Galvez']",2,Manuel Dorrego; José Gálvez,-32.966804299999986,-60.65484430000001,55.0,538.0,Municipio Rosario,Municipio,Rosario,820210,Servicio de Catastro e Información Territorial,IGN
2012,5639,2012-04-16,Lunes,0.0,20:20:00,,0.0,2,"Automóvil,Automóvil",OV. LAGOS Y 27 DE FEBRERO,3,1,0,0,2,0,0,,Avenida,,ROSARIO,Rosario,Asfalto,S/D,II,Dentro,Urbana,S/D,S/D,Intersección,Bueno,Buena,Nocturna,Buen Tiempo,S/D,S/D,Colisión,S/D,S/D,S/D,S/D,POINT (-60.66661663333334 -32.963496),"['Avenida Ovidio Lagos', '27 de Febrero']",2,Avenida Ovidio Lagos; Bulevar 27 de Febrero,-32.963496,-60.66661663333334,55.0,538.0,Municipio Rosario,Municipio,Rosario,820210,Servicio de Catastro e Información Territorial,IGN
2012,5640,2012-04-17,Martes,0.0,12:00:00,,0.0,2,"Automóvil,Automóvil",CORRIENTES Y AV. PELLEGRINI,3,1,0,0,2,0,0,,Calle,,ROSARIO,Rosario,Asfalto,S/D,II,Dentro,S/D,S/D,S/D,S/D,Bueno,Buena,Diurna,Buen Tiempo,S/D,S/D,Colisión,S/D,S/D,S/D,S/D,POINT (-60.645055850000006 -32.95655624999999),"['Corrientes', 'Pellegrini']",2,Corrientes; Avenida Carlos Pellegrini,-32.95655624999999,-60.645055850000006,55.0,538.0,Municipio Rosario,Municipio,Rosario,820210,Servicio de Catastro e Información Territorial,IGN
2012,5641,2012-04-16,Lunes,0.0,17:00:00,,0.0,2,"Moto/Ciclomotor,Pickup/Utilitario",AV. BATLE Y ORDOÑEZ Y PARAGUAY,3,0,1,0,2,0,0,,Avenida,,ROSARIO,Rosario,S/D,S/D,II,Dentro,Urbana,S/D,S/D,Recta,S/D,S/D,S/D,S/D,S/D,S/D,Colisión,S/D,S/D,S/D,S/D,POINT (-60.65444640000001 -33.0090283),"['Avenida Battle y Ordoñez', 'Paraguay']",2,Avenida Battle y Ordoñez; Paraguay,-33.0090283,-60.65444640000001,55.0,538.0,Municipio Rosario,Municipio,Rosario,820210,Servicio de Catastro e Información Territorial,IGN
2012,5643,2012-04-26,Jueves,0.0,12:00:00,,0.0,2,"Bicicleta,Automóvil",AV. SAN MARTIN Y KANTHUTA,2,1,0,0,1,0,0,,Calle,,ROSARIO,Rosario,S/D,S/D,II,Dentro,Urbana,S/D,S/D,Recta,S/D,S/D,Diurna,S/D,S/D,S/D,Atropello,S/D,S/D,S/D,S/D,POINT (-60.6512752 -33.01204444999999),"['San Martin', 'Khantuta']",2,José de San Martín; Khantuta,-33.01204444999999,-60.6512752,55.0,538.0,Municipio Rosario,Municipio,Rosario,820210,Servicio de Catastro e Información Territorial,IGN
2012,5645,2012-04-03,Martes,0.0,23:00:00,,0.0,2,"Automóvil,Automóvil",av. arijon y balcarce,2,1,0,0,1,0,0,,Avenida,,ROSARIO,Rosario,Asfalto,No existe,II,Dentro,Urbana,S/D,No existe,Intersección,Bueno,Buena,Nocturna,Buen Tiempo,Lateral,S/D,Colisión,S/D,Faltante,S/D,Sin restricción,POINT (-60.6633107 -33.00349020000001),"['Avenida Manuel Arijón', 'Balcarce']",2,Avenida Manuel Arijón; Balcarce,-33.00349020000001,-60.6633107,55.0,538.0,Municipio Rosario,Municipio,Rosario,820210,Servicio de Catastro e Información Territorial,IGN
2012,5646,2012-04-18,Miercoles,0.0,09:30:00,,0.0,2,"Moto/Ciclomotor,Automóvil",ESPAÑA E ITUZAINGO,2,1,0,0,1,0,0,,Calle,,ROSARIO,Rosario,Asfalto,S/D,II,Dentro,Urbana,S/D,S/D,Intersección,Bueno,S/D,S/D,Buen Tiempo,Lateral,S/D,Colisión,S/D,S/D,S/D,S/D,POINT (-60.65008399999999 -32.95924599999999),"['España', 'Ituzaingó']",2,España; Ituzaingó,-32.95924599999999,-60.65008399999999,55.0,538.0,Municipio Rosario,Municipio,Rosario,820210,Servicio de Catastro e Información Territorial,IGN
2012,5647,2012-04-18,Miercoles,0.0,22:00:00,,0.0,2,"Moto/Ciclomotor,Automóvil",27 DE FEBRERO Y SANTIAGO,3,1,0,0,2,0,0,,Avenida,,ROSARIO,Rosario,Asfalto,S/D,II,Dentro,Urbana,S/D,S/D,S/D,Bueno,Buena,Diurna,Buen Tiempo,S/D,S/D,Colisión,S/D,S/D,S/D,S/D,POINT (-60.66128945 -32.9644092),"['27 de Febrero', 'Santiago']",2,Bulevar 27 de Febrero; Santiago,-32.9644092,-60.66128945,55.0,538.0,Municipio Rosario,Municipio,Rosario,820210,Servicio de Catastro e Información Territorial,IGN
2012,5648,2012-04-01,Domingo,0.0,13:00:00,,0.0,2,"Peatón,Pickup/Utilitario",ESPAÑA 6400,2,1,0,0,1,0,0,,Calle,,ROSARIO,Rosario,Asfalto,Natural,II,S/D,S/D,Ninguna,No existe,Recta,Bueno,Buena,Diurna,Buen Tiempo,De alcance,S/D,Atropello,S/D,S/D,Ninguna,S/D,"-32.9661661, -60.6518158",['España 6400'],1,España 6400,-32.9661661,-60.6518158,55.0,538.0,Municipio Rosario,Municipio,Rosario,820210,Servicio de Catastro e Información Territorial,IGN