anio_acci,nro_acci,fecha,desc_dia,fecha_aprox,hora_aprox,desc_ruta,km,cant_participantes,desc_participante,calle_avenida_km,total,heridos_leves,heridos_graves,heridos_gravisimos,ilesos,fallecidos,sin_datos,posicion_XY,desc_tipo_via,desc_ruta_ori,desc_loc,desc_dpto,desc_tipo_calzada,desc_tipo_banquina,desc_unidad_regional,desc_lugar_calzada,desc_zona,desc_prioridad,desc_estado_semaforo,desc_lugar_via,desc_estado_via,desc_estado_visibilidad,desc_luminosidad,desc_estado_clima,desc_tipo_colision,desc_tipo_atropello,desc_tipo_hecho,desc_pres_calzada,desc_senializacion,desc_separacion_via,desc_restriccion,forma_geocod,calle_lista,numero_calles,calles_osm,lat,lon,index_right,gid,fna,gna,nam,in1,fdc,sag
2012,5649,2012-04-04,Miercoles,0.0,17:10:00,,0.0,2,"Moto/Ciclomotor,Automóvil",flamarion y s. bustamante,3,2,0,0,1,0,0,,Calle,,ROSARIO,Rosario,Asfalto,No existe,II,Dentro,Urbana,S/D,No existe,Intersección,Bueno,Buena,Diurna,Buen Tiempo,Lateral,S/D,Colisión,S/D,Faltante,S/D,Sin restricción,POINT (-60.6551572 -33.002251799999996),"['Camilo Flammarion', 'Bustamante']",2,Camilo Flammarion; Sánchez de Bustamante,-33.0022518,-60.6551572,55.0,538.0,Municipio Rosario,Municipio,Rosario,820210,Servicio de Catastro e Información Territorial,IGN
2012,5650,2012-04-18,Miercoles,0.0,18:45:00,,0.0,2,"Peatón,Transporte de Pasajeros Urbano (> 8 asientos)",27 DE FEBRERO Y CALLAO,2,1,0,0,1,0,0,,Calle,,ROSARIO,Rosario,Asfalto,S/D,II,Dentro,S/D,S/D,S/D,S/D,Bueno,Buena,Diurna,Buen Tiempo,S/D,S/D,Atropello,S/D,S/D,S/D,S/D,POINT (-60.665375850000004 -32.9636795),"['27 de Febrero', 'Callao']",2,Bulevar 27 de Febrero; Callao,-32.9636795,-60.66537585,55.0,538.0,Municipio Rosario,Municipio,Rosario,820210,Servicio de Catastro e Información Territorial,IGN
2012,5654,2012-04-19,Jueves,0.0,20:30:00,,0.0,2,"Automóvil,Automóvil",PELLEGRINI Y ESPAÑA,2,1,0,0,1,0,0,,Avenida,,ROSARIO,Rosario,Asfalto,S/D,II,S/D,Urbana,S/D,Funciona,Recta,Bueno,Buena,Con luz artificial,Buen Tiempo,De alcance,S/D,Colisión,S/D,Vertical,S/D,S/D,POINT (-60.6492162 -32.95580995),"['Pellegrini', 'España']",2,Avenida Carlos Pellegrini; España,-32.95580995,-60.6492162,55.0,538.0,Municipio Rosario,Municipio,Rosario,820210,Servicio de Catastro e Información Territorial,IGN
2012,5655,2012-04-17,Martes,0.0,11:00:00,,0.0,2,"Peatón,Taxi/Remis",BV. SEGUI E ITALIA,2,1,0,0,1,0,0,,Avenida,,ROSARIO,Rosario,Asfalto,No existe,II,Dentro,Urbana,S/D,S/D,Intersección,S/D,S/D,Diurna,S/D,S/D,S/D,Atropello,S/D,S/D,S/D,Sin restricción,POINT (-60.6560807 -32.977334),"['Bulevar Juan Francisco Seguí', 'Italia']",2,Bulevar Juan Francisco Seguí; Italia,-32.977334,-60.6560807,55.0,538.0,Municipio Rosario,Municipio,Rosario,820210,Servicio de Catastro e Información Territorial,IGN
2012,5656,2012-04-19,Jueves,0.0,11:00:00,,0.0,2,"Automóvil,Automóvil",CTES. E ITUZAINGO,3,1,0,0,2,0,0,,Avenida,,ROSARIO,Rosario,Asfalto,S/D,II,Dentro,Urbana,S/D,S/D,Recta,Bueno,Buena,Diurna,Buen Tiempo,Lateral,S/D,Colisión,S/D,S/D,S/D,S/D,POINT (-60.6459293 -32.959987399999996),"['Corrientes', 'Ituzaingó']",2,Corrientes; Ituzaingó,-32.9599874,-60.6459293,55.0,538.0,Municipio Rosario,Municipio,Rosario,820210,Servicio de Catastro e Información Territorial,IGN
2012,5657,2012-04-17,Martes,0.0,13:00:00,,0.0,2,"Moto/Ciclomotor,Taxi/Remis",AV. URIBURU Y ESPAÑA,2,1,0,0,1,0,0,,Avenida,,ROSARIO,Rosario,Asfalto,No existe,II,Dentro,Urbana,S/D,S/D,Recta,S/D,S/D,Diurna,S/D,Lateral,S/D,Colisión,S/D,S/D,S/D,Sin restricción,POINT (-60.65809949999999 -32.9910482),"['Uriburu', 'España']",2,Avenida José Uriburu; España,-32.9910482,-60.65809949999999,55.0,538.0,Municipio Rosario,Municipio,Rosario,820210,Servicio de Catastro e Información Territorial,IGN
2012,5658,2012-04-19,Jueves,0.0,07:20:00,,0.0,2,"Moto/Ciclomotor,Automóvil",AV. FRANCIA Y OCAMPO,2,1,0,0,0,0,1,,Avenida,,ROSARIO,Rosario,Asfalto,S/D,II,Dentro,Urbana,S/D,S/D,Recta,Bueno,Buena,Con luz artificial,Buen Tiempo,De alcance,S/D,Colisión,S/D,S/D,S/D,S/D,POINT (-60.67057320000001 -32.9615678),"['Avenida Francia', 'Ocampo']",2,Avenida Francia; Ocampo,-32.9615678,-60.67057320000001,55.0,538.0,Municipio Rosario,Municipio,Rosario,820210,Servicio de Catastro e Información Territorial,IGN
2012,5660,2012-04-20,Viernes,0.0,12:00:00,,0.0,2,"Automóvil,Automóvil",OV. LAGOS Y AV. PELLEGRINI,2,1,0,0,1,0,0,,Avenida,,ROSARIO,Rosario,Asfalto,S/D,II,Dentro,Urbana,S/D,Funciona,Intersección,Bueno,S/D,Diurna,Buen Tiempo,Lateral,S/D,Colisión,S/D,Vertical,S/D,S/D,POINT (-60.664182350000004 -32.953107599999996),"['Avenida Ovidio Lagos', 'Pellegrini']",2,Avenida Ovidio Lagos; Avenida Carlos Pellegrini,-32.9531076,-60.66418235,55.0,538.0,Municipio Rosario,Municipio,Rosario,820210,Servicio de Catastro e Información Territorial,IGN
2012,5661,2012-04-17,Martes,0.0,,,0.0,2,"Pickup/Utilitario,Moto/Ciclomotor",BV. SEGUI Y SARMIENTO,3,3,0,0,0,0,0,,Avenida,,ROSARIO,Rosario,Asfalto,No existe,II,Dentro,Urbana,S/D,S/D,Intersección,S/D,S/D,S/D,S/D,Lateral,S/D,Colisión,S/D,S/D,S/D,Sin restricción,POINT (-60.64638135 -32.9790819),"['Bulevar Juan Francisco Seguí', 'Sarmiento']",2,Bulevar Juan Francisco Seguí; Sarmiento,-32.9790819,-60.64638135,55.0,538.0,Municipio Rosario,Municipio,Rosario,820210,Servicio de Catastro e Información Territorial,IGN
2012,5662,2012-04-20,Viernes,0.0,16:30:00,,0.0,2,"Moto/Ciclomotor,Automóvil",COCHABAMBA Y BV. OROÑO,2,1,0,0,1,0,0,,Avenida,,ROSARIO,Rosario,Asfalto,S/D,II,S/D,Urbana,S/D,S/D,Rotonda,Bueno,Buena,S/D,Buen Tiempo,Lateral,S/D,Colisión,S/D,S/D,S/D,S/D,POINT (-60.656339 -32.9556154),"['Cochabamba', 'Bulevar Nicasio Oroño']",2,Cochabamba; Bulevar Nicasio Oroño,-32.9556154,-60.656339,55.0,538.0,Municipio Rosario,Municipio,Rosario,820210,Servicio de Catastro e Información Territorial,IGN
2012,5663,2012-04-20,Viernes,0.0,09:40:00,,0.0,2,"Moto/Ciclomotor,Automóvil",MITRE E ITUZAINGO,2,1,0,0,1,0,0,,Calle,,ROSARIO,Rosario,Asfalto,S/D,II,Dentro,Urbana,S/D,S/D,Recta,Bueno,S/D,Diurna,Buen Tiempo,Lateral,S/D,Colisión,S/D,S/D,S/D,S/D,POINT (-60.64316469999999 -32.96049219999998),"['Mitre', 'Ituzaingó']",2,Bartolomé Mitre; Ituzaingó,-32.96049219999998,-60.64316469999999,55.0,538.0,Municipio Rosario,Municipio,Rosario,820210,Servicio de Catastro e Información Territorial,IGN
2012,5664,2012-04-21,Sabado,0.0,20:15:00,,0.0,2,"Moto/Ciclomotor,Pickup/Utilitario",COCHABAMBA Y BV. OROÑO,2,1,0,0,1,0,0,,Avenida,,ROSARIO,Rosario,Asfalto,S/D,II,Dentro,Urbana,S/D,S/D,S/D,Bueno,Buena,Nocturna,Buen Tiempo,S/D,S/D,Colisión,S/D,S/D,S/D,S/D,POINT (-60.656339 -32.9556154),"['Cochabamba', 'Bulevar Nicasio Oroño']",2,Cochabamba; Bulevar Nicasio Oroño,-32.9556154,-60.656339,55.0,538.0,Municipio Rosario,Municipio,Rosario,820210,Servicio de Catastro e Información Territorial,IGN
2012,5665,2012-04-16,Lunes,0.0,06:00:00,,0.0,1,Automóvil,BV. SEGUI Y BV. OROÑO,2,1,1,0,0,0,0,,Avenida,,ROSARIO,Rosario,Asfalto,No existe,II,Dentro,Urbana,S/D,S/D,Rotonda,S/D,S/D,Amanecer,S/D,Contra objeto fijo,S/D,Colisión,S/D,S/D,Ninguna,Sin restricción,POINT (-60.661523700000004 -32.976367025),"['Bulevar Juan Francisco Seguí', 'Bulevar Nicasio Oroño']",2,Bulevar Juan Francisco Seguí; Bulevar Nicasio Oroño,-32.976367025,-60.6615237,55.0,538.0,Municipio Rosario,Municipio,Rosario,820210,Servicio de Catastro e Información Territorial,IGN
2012,5666,2012-04-21,Sabado,0.0,09:25:00,,0.0,2,"Peatón,Automóvil",MITRE Y COCHABAMBA,2,1,0,0,1,0,0,,Calle,,ROSARIO,Rosario,Asfalto,S/D,II,Dentro,Urbana,S/D,S/D,S/D,Bueno,Buena,Diurna,Buen Tiempo,S/D,S/D,Atropello,S/D,S/D,S/D,S/D,POINT (-60.6425819 -32.958201800000005),"['Mitre', 'Cochabamba']",2,Bartolomé Mitre; Cochabamba,-32.958201800000005,-60.6425819,55.0,538.0,Municipio Rosario,Municipio,Rosario,820210,Servicio de Catastro e Información Territorial,IGN
2012,5667,2012-04-19,Jueves,0.0,,,0.0,2,"Moto/Ciclomotor,Peatón",AV. URIBURU Y YUGOSLAVIA,2,2,0,0,0,0,0,,Avenida,,ROSARIO,Rosario,Asfalto,No existe,II,Dentro,Urbana,S/D,S/D,Intersección,S/D,S/D,S/D,S/D,S/D,S/D,Atropello,S/D,S/D,Ninguna,Sin restricción,POINT (-60.6559382 -32.99098649999999),"['Uriburu', 'Yugoslavia']",2,Avenida José Uriburu; Yugoslavia,-32.99098649999999,-60.6559382,55.0,538.0,Municipio Rosario,Municipio,Rosario,820210,Servicio de Catastro e Información Territorial,IGN
2012,5668,2012-04-21,Sabado,0.0,01:00:00,,0.0,2,"Moto/Ciclomotor,Automóvil",CORRIENTES Y VIRASORO,4,3,0,0,1,0,0,,Calle,,ROSARIO,Rosario,Asfalto,S/D,II,Dentro,Urbana,S/D,S/D,S/D,Bueno,Buena,Nocturna,Buen Tiempo,S/D,S/D,S/D,S/D,S/D,S/D,S/D,POINT (-60.648275299999995 -32.9691923),"['Corrientes', 'Virasoro']",2,Corrientes; Benjamín Virasoro,-32.9691923,-60.6482753,55.0,538.0,Municipio Rosario,Municipio,Rosario,820210,Servicio de Catastro e Información Territorial,IGN
2012,5671,2012-04-04,Miercoles,0.0,16:00:00,,0.0,2,"Moto/Ciclomotor,Automóvil",ALEM Y QUINTANA,3,2,0,0,1,0,0,,Calle,,ROSARIO,Rosario,Asfalto,No existe,II,Dentro,Urbana,Marca Vial,No existe,Intersección,Bueno,Buena,Diurna,Buen Tiempo,Lateral,S/D,Colisión,S/D,Horizontal,Ninguna,Sin restricción,POINT (-60.6373705 -32.9843019),"['Alem', 'Quintana']",2,Leandro N. Alem; Presidente Quintana,-32.9843019,-60.6373705,55.0,538.0,Municipio Rosario,Municipio,Rosario,820210,Servicio de Catastro e Información Territorial,IGN
2012,5672,2012-04-04,Miercoles,0.0,18:00:00,,0.0,2,"Bicicleta,Moto/Ciclomotor",ALEM Y GABOTO,3,2,0,0,1,0,0,,Calle,,ROSARIO,Rosario,Asfalto,No existe,II,Dentro,Urbana,Marca Vial,No existe,Intersección,Bueno,Buena,Diurna,Buen Tiempo,Otro,S/D,Atropello,S/D,Vertical,Ninguna,Sin restricción,POINT (-60.635075900000004 -32.9751272),"['Alem', 'Gaboto']",2,Leandro N. Alem; Gaboto,-32.9751272,-60.6350759,55.0,538.0,Municipio Rosario,Municipio,Rosario,820210,Servicio de Catastro e Información Territorial,IGN
2012,5673,2012-04-20,Viernes,0.0,,,0.0,2,"Moto/Ciclomotor,Pickup/Utilitario",SANTIAGO Y AMENABAR,2,1,0,0,1,0,0,,Calle,,ROSARIO,Rosario,Asfalto,No existe,II,Dentro,Urbana,S/D,S/D,Intersección,S/D,S/D,S/D,S/D,Lateral,S/D,Colisión,S/D,S/D,Ninguna,Sin restricción,POINT (-60.6624407 -32.9689955),"['Santiago', 'Amenabar']",2,Santiago; José de Amenábar,-32.9689955,-60.6624407,55.0,538.0,Municipio Rosario,Municipio,Rosario,820210,Servicio de Catastro e Información Territorial,IGN
2012,5674,2012-04-20,Viernes,0.0,18:20:00,,0.0,2,"Moto/Ciclomotor,Moto/Ciclomotor",AV. SAN MARTIN Y S. BUSTAMANTE,4,4,0,0,0,0,0,,Avenida,,ROSARIO,Rosario,Asfalto,No existe,II,Dentro,Urbana,S/D,S/D,Intersección,S/D,S/D,Atardecer,S/D,Lateral,S/D,Colisión,S/D,S/D,Ninguna,Sin restricción,POINT (-60.64913584999999 -33.0020069),"['San Martin', 'Bustamante']",2,José de San Martín; Sánchez de Bustamante,-33.0020069,-60.64913584999999,55.0,538.0,Municipio Rosario,Municipio,Rosario,820210,Servicio de Catastro e Información Territorial,IGN
2012,5675,2012-05-16,Miercoles,0.0,05:40:00,,0.0,1,Automóvil,ALEM Y VIRASORO,2,1,0,0,1,0,0,,S/D,,ROSARIO,Rosario,Asfalto,No existe,II,S/D,Urbana,Marca Vial,No existe,Intersección,Bueno,Buena,"Amanecer,Con luz artificial",Buen Tiempo,Contra objeto fijo,S/D,Colisión,S/D,Vertical,Ninguna,Sin restricción,POINT (-60.6341943 -32.971707499999994),"['Alem', 'Virasoro']",2,Leandro N. Alem; Benjamín Virasoro,-32.971707499999994,-60.6341943,55.0,538.0,Municipio Rosario,Municipio,Rosario,820210,Servicio de Catastro e Información Territorial,IGN
2012,5676,2012-04-06,Viernes,0.0,17:25:00,,0.0,2,"Moto/Ciclomotor,Automóvil",BERUTI Y DR. RIVAS,2,0,1,0,1,0,0,,S/D,,ROSARIO,Rosario,Asfalto,No existe,II,S/D,S/D,Marca Vial,No existe,Intersección,Bueno,Buena,Diurna,Buen Tiempo,Lateral,S/D,Colisión,S/D,Vertical,Ninguna,Sin restricción,POINT (-60.629453100000006 -32.9869389),"['Luis Beruti', 'Doctor Francisco Riva']",2,Luis Beruti; Doctor Francisco Riva,-32.9869389,-60.629453100000006,55.0,538.0,Municipio Rosario,Municipio,Rosario,820210,Servicio de Catastro e Información Territorial,IGN
2012,5677,2012-04-21,Sabado,0.0,12:45:00,,0.0,2,"Moto/Ciclomotor,Automóvil",24 DE SEPTIEMBRE Y CORRIENTES,2,1,0,0,1,0,0,,S/D,,ROSARIO,Rosario,Asfalto,No existe,II,Dentro,Urbana,S/D,S/D,Intersección,S/D,S/D,Diurna,S/D,Lateral,S/D,Colisión,S/D,S/D,Ninguna,S/D,POINT (-60.65089570000001 -32.9794687),"['24 de Septiembre', 'Corrientes']",2,24 de Septiembre; Corrientes,-32.9794687,-60.65089570000001,55.0,538.0,Municipio Rosario,Municipio,Rosario,820210,Servicio de Catastro e Información Territorial,IGN
2012,5678,2012-04-07,Sabado,0.0,18:00:00,,0.0,2,"Moto/Ciclomotor,Automóvil",PJE. BEQUER Y GRANDOLI,3,2,0,0,1,0,0,,Calle,,ROSARIO,Rosario,Asfalto,No existe,II,S/D,S/D,Marca Vial,No existe,Intersección,Bueno,Buena,Diurna,Buen Tiempo,Lateral,S/D,Colisión,S/D,Vertical,Ninguna,Sin restricción,POINT (-60.6282813 -32.98745970000001),"['Becquer', 'Avenida Abanderado Grandoli']",2,Becquer; Avenida Abanderado Grandoli,-32.98745970000001,-60.6282813,55.0,538.0,Municipio Rosario,Municipio,Rosario,820210,Servicio de Catastro e Información Territorial,IGN
2012,5679,2012-04-22,Domingo,0.0,,,0.0,2,"Moto/Ciclomotor,Automóvil",RODRIGUEZ Y JORGE CURA,2,1,0,0,1,0,0,,Calle,,ROSARIO,Rosario,Asfalto,No existe,II,Dentro,Urbana,S/D,S/D,Intersección,S/D,S/D,S/D,Buen Tiempo,Lateral,S/D,Colisión,S/D,S/D,Ninguna,Sin restricción,POINT (-60.6656507 -32.970242),"['Rodríguez', 'Avenida Jorge Cura']",2,Rodríguez de Escobedo; Avenida Jorge Cura,-32.970242,-60.6656507,55.0,538.0,Municipio Rosario,Municipio,Rosario,820210,Servicio de Catastro e Información Territorial,IGN
2012,5680,2012-04-23,Lunes,0.0,18:00:00,,0.0,2,"Bicicleta,Automóvil",LAPRIDA Y CENTENO,1,1,0,0,0,0,0,,Calle,,ROSARIO,Rosario,Asfalto,No existe,II,Dentro,Urbana,S/D,S/D,Intersección,S/D,S/D,Atardecer,S/D,S/D,S/D,Atropello,S/D,S/D,Ninguna,Sin restricción,POINT (-60.6438778 -32.98552210000001),"['Laprida', 'Centeno']",2,Francisco Narciso Laprida; Coronel Centeno,-32.98552210000001,-60.6438778,55.0,538.0,Municipio Rosario,Municipio,Rosario,820210,Servicio de Catastro e Información Territorial,IGN
2012,5681,2012-04-23,Lunes,0.0,08:00:00,,0.0,2,"Taxi/Remis,Pickup/Utilitario",PARAGUAY Y AMEGHINO,1,1,0,0,0,0,0,,Calle,,ROSARIO,Rosario,Asfalto,No existe,II,Dentro,Urbana,S/D,S/D,Intersección,S/D,S/D,Diurna,S/D,Lateral,S/D,Colisión,S/D,S/D,Ninguna,Sin restricción,POINT (-60.653994 -32.9861103),"['Paraguay', 'Ameghino']",2,Paraguay; Ameghino,-32.9861103,-60.653994,55.0,538.0,Municipio Rosario,Municipio,Rosario,820210,Servicio de Catastro e Información Territorial,IGN
2012,5682,2012-04-23,Lunes,0.0,14:00:00,,0.0,2,"Moto/Ciclomotor,Automóvil",BV. SEGUI Y ESPAÑA,2,1,0,0,1,0,0,,Avenida,,ROSARIO,Rosario,Asfalto,No existe,II,Dentro,Urbana,S/D,S/D,Intersección,S/D,S/D,Atardecer,S/D,Lateral,S/D,Colisión,S/D,S/D,Ninguna,S/D,POINT (-60.65470295 -32.977582),"['Bulevar Juan Francisco Seguí', 'España']",2,Bulevar Juan Francisco Seguí; España,-32.977582,-60.65470295,55.0,538.0,Municipio Rosario,Municipio,Rosario,820210,Servicio de Catastro e Información Territorial,IGN
2012,5683,2012-04-16,Lunes,0.0,05:35:00,,0.0,2,"Moto/Ciclomotor,Automóvil",BV. SEGUI Y BV. OROÑO,2,1,0,0,1,0,0,,Calle,,ROSARIO,Rosario,Asfalto,No existe,II,Dentro,Urbana,S/D,S/D,Intersección,S/D,S/D,Amanecer,S/D,Lateral,S/D,Colisión,S/D,S/D,Ninguna,Sin restricción,POINT (-60.661523700000004 -32.976367025),"['Bulevar Juan Francisco Seguí', 'Bulevar Nicasio Oroño']",2,Bulevar Juan Francisco Seguí; Bulevar Nicasio Oroño,-32.976367025,-60.6615237,55.0,538.0,Municipio Rosario,Municipio,Rosario,820210,Servicio de Catastro e Información Territorial,IGN
2012,5684,2012-04-24,Martes,0.0,15:20:00,,0.0,2,"Moto/Ciclomotor,Automóvil",SAN MARTIN Y JUAN CANALS,2,1,0,0,1,0,0,,Avenida,,ROSARIO,Rosario,Asfalto,No existe,II,Dentro,Urbana,S/D,S/D,Intersección,S/D,S/D,Atardecer,S/D,Lateral,S/D,Colisión,S/D,S/D,Ninguna,S/D,POINT (-60.646518549999996 -32.98985395),"['San Martin', 'Juan Canals']",2,José de San Martín; Juan Canals,-32.98985395,-60.64651855,55.0,538.0,Municipio Rosario,Municipio,Rosario,820210,Servicio de Catastro e Información Territorial,IGN
2012,5689,2012-04-09,Lunes,0.0,23:30:00,,0.0,2,"Moto/Ciclomotor,Automóvil",bv. oroño y predias,3,2,0,0,1,0,0,,Avenida,,ROSARIO,Rosario,Asfalto,No existe,II,Dentro,Urbana,S/D,Funciona,Intersección,Bueno,Buena,Nocturna,Buen Tiempo,Lateral,S/D,Colisión,S/D,Vertical,S/D,Sin restricción,POINT (-60.66469980000001 -33.007432),"['Bulevar Nicasio Oroño', 'Piedras']",2,Bulevar Nicasio Oroño; Piedras,-33.007432,-60.66469980000001,55.0,538.0,Municipio Rosario,Municipio,Rosario,820210,Servicio de Catastro e Información Territorial,IGN
2012,5690,2012-04-11,Miercoles,0.0,10:00:00,,0.0,2,"Automóvil,Automóvil",callao y av. rosario,2,1,0,0,1,0,0,,Avenida,,ROSARIO,Rosario,Asfalto,S/D,II,Dentro,Urbana,S/D,S/D,Intersección,Deteriorada,Buena,S/D,Buen Tiempo,Lateral,S/D,Colisión,S/D,Faltante,S/D,Sin restricción,POINT (-60.6713888 -33.000778399999994),"['Callao', 'Rosario']",2,Callao; Puente Nuestra Señora del Rosario,-33.000778399999994,-60.6713888,55.0,538.0,Municipio Rosario,Municipio,Rosario,820210,Servicio de Catastro e Información Territorial,IGN
2012,5691,2012-04-11,Miercoles,0.0,08:30:00,,0.0,1,,av. arijon 2100,2,1,0,0,1,0,0,,Avenida,,ROSARIO,Rosario,Asfalto,No existe,II,Dentro,Urbana,S/D,S/D,Recta,Bueno,S/D,Diurna,Buen Tiempo,De alcance,S/D,Colisión,S/D,Faltante,S/D,Sin restricción,"-33.0033024, -60.6572523",['Arijon 2100'],1,Arijon 2100,-33.0033024,-60.6572523,55.0,538.0,Municipio Rosario,Municipio,Rosario,820210,Servicio de Catastro e Información Territorial,IGN
2012,5692,2012-04-11,Miercoles,0.0,08:30:00,,0.0,2,"Moto/Ciclomotor,Automóvil",av. arijon 2100,2,1,0,0,1,0,0,,Avenida,,ROSARIO,Rosario,Asfalto,S/D,II,Dentro,Urbana,S/D,S/D,Recta,Bueno,Buena,Diurna,Buen Tiempo,De alcance,S/D,Colisión,S/D,Faltante,S/D,Sin restricción,"-33.0033024, -60.6572523",['Arijon 2100'],1,Arijon 2100,-33.0033024,-60.6572523,55.0,538.0,Municipio Rosario,Municipio,Rosario,820210,Servicio de Catastro e Información Territorial,IGN
2012,5693,2012-04-11,Miercoles,1.0,16:40:00,,0.0,2,"Bicicleta,Pickup/Utilitario",s. bustamante y alvear,3,2,0,0,1,0,0,,Calle,,ROSARIO,Rosario,Asfalto,No existe,II,Dentro,Urbana,S/D,No existe,Recta,Bueno,Buena,Diurna,Buen Tiempo,Lateral,S/D,Atropello,S/D,Faltante,S/D,Sin restricción,POINT (-60.66622000000001 -33.002551600000004),"['Bustamante', 'Alvear']",2,Sánchez de Bustamante; Alvear,-33.002551600000004,-60.66622000000001,55.0,538.0,Municipio Rosario,Municipio,Rosario,820210,Servicio de Catastro e Información Territorial,IGN
2012,5694,2012-04-12,Jueves,0.0,23:30:00,,0.0,2,"Moto/Ciclomotor,Pickup/Utilitario",italia y bv. ordoñez,3,2,0,0,1,0,0,,Avenida,,ROSARIO,Rosario,Asfalto,No existe,II,Dentro,Urbana,S/D,No existe,Intersección,Bueno,Buena,Nocturna,Buen Tiempo,Lateral,S/D,Colisión,S/D,Faltante,S/D,Sin restricción,POINT (-60.65883935 -33.00917509999999),"['Italia', 'Avenida Battle y Ordoñez']",2,Italia; Avenida Battle y Ordoñez,-33.00917509999999,-60.65883935,55.0,538.0,Municipio Rosario,Municipio,Rosario,820210,Servicio de Catastro e Información Territorial,IGN
2012,5695,2012-04-12,Jueves,0.0,15:30:00,,0.0,2,"Pickup/Utilitario,Automóvil",anchorena al 2700,2,1,0,0,1,0,0,,Calle,,ROSARIO,Rosario,Asfalto,No existe,II,Dentro,Urbana,S/D,No existe,Recta,Bueno,Buena,Diurna,Buen Tiempo,Otro,S/D,Colisión,S/D,Faltante,S/D,Sin restricción,"-32.9981666, -60.6564117",['Anchorena 2700'],1,Anchorena 2700,-32.9981666,-60.6564117,55.0,538.0,Municipio Rosario,Municipio,Rosario,820210,Servicio de Catastro e Información Territorial,IGN
2012,5696,2012-04-17,Martes,0.0,18:00:00,,0.0,2,"Automóvil,Moto/Ciclomotor",italia y brandoni,2,1,0,0,1,0,0,,Calle,,ROSARIO,Rosario,Asfalto,No existe,II,Dentro,Urbana,S/D,No existe,Intersección,Bueno,Buena,Diurna,Buen Tiempo,Lateral,S/D,Colisión,S/D,Faltante,S/D,Sin restricción,POINT (-60.65900190000001 -33.006289699999996),"['Italia', 'Brandoni']",2,Italia; Brandoni,-33.0062897,-60.65900190000001,55.0,538.0,Municipio Rosario,Municipio,Rosario,820210,Servicio de Catastro e Información Territorial,IGN
2012,5697,2012-04-17,Martes,0.0,19:30:00,,0.0,2,"Automóvil,Automóvil",bv. ordoñez ,3,2,0,0,1,0,0,,Avenida,,ROSARIO,Rosario,Asfalto,No existe,II,Dentro,Urbana,S/D,No existe,Recta,Bueno,Buena,Diurna,Buen Tiempo,Lateral,S/D,Colisión,S/D,Faltante,S/D,Sin restricción,"-33.009042, -60.6558939",['Ordoñez'],1,Ordoñez,-33.009042,-60.6558939,55.0,538.0,Municipio Rosario,Municipio,Rosario,820210,Servicio de Catastro e Información Territorial,IGN
2012,5699,2012-04-19,Jueves,0.0,12:00:00,,0.0,1,Bicicleta,lamadrid y bv. oroño,2,1,0,0,1,0,0,,Avenida,,ROSARIO,Rosario,Asfalto,No existe,II,Dentro,Urbana,S/D,Funciona,Intersección,Bueno,Buena,Diurna,Buen Tiempo,Lateral,S/D,Vuelco,S/D,Vertical,S/D,Sin restricción,POINT (-60.66524270000001 -32.9976152),"['Lamadrid', 'Bulevar Nicasio Oroño']",2,Gregorio Aráoz de Lamadrid; Bulevar Nicasio Oroño,-32.9976152,-60.66524270000001,55.0,538.0,Municipio Rosario,Municipio,Rosario,820210,Servicio de Catastro e Información Territorial,IGN
2012,5701,2012-04-23,Lunes,0.0,09:10:00,,0.0,2,"Moto/Ciclomotor,Automóvil",reg. 11 y rodriguez,2,1,0,0,1,0,0,,Calle,,ROSARIO,Rosario,Asfalto,S/D,II,Dentro,Urbana,S/D,S/D,Intersección,Bueno,Buena,Diurna,Buen Tiempo,Lateral,S/D,Colisión,S/D,Faltante,S/D,Sin restricción,POINT (-60.6703798 -32.9994496),"['Regimiento 11', 'Rodríguez']",2,Regimiento 11; Rodríguez de Escobedo,-32.9994496,-60.6703798,55.0,538.0,Municipio Rosario,Municipio,Rosario,820210,Servicio de Catastro e Información Territorial,IGN
2012,5702,2012-04-23,Lunes,0.0,02:00:00,,0.0,2,"Taxi/Remis,Peatón","arijon, y bv. oroño",2,1,0,0,1,0,0,,Avenida,,ROSARIO,Rosario,Asfalto,No existe,II,Dentro,Urbana,S/D,Funciona,Intersección,Bueno,Buena,Nocturna,Buen Tiempo,Lateral,S/D,Colisión,S/D,Vertical,S/D,Sin restricción,POINT (-60.6650193 -33.003540599999994),"['Avenida Manuel Arijón', 'Bulevar Nicasio Oroño']",2,Avenida Manuel Arijón; Bulevar Nicasio Oroño,-33.003540599999994,-60.6650193,55.0,538.0,Municipio Rosario,Municipio,Rosario,820210,Servicio de Catastro e Información Territorial,IGN
2012,5709,2012-06-20,Miercoles,0.0,01:15:00,,0.0,2,"Moto/Ciclomotor,Automóvil",Virasoro y Berutti,3,1,0,0,1,1,0,,Calle,,ROSARIO,Rosario,Asfalto,No existe,II,Dentro,Urbana,Marca Vial,No existe,Intersección,Bueno,Buena,"Nocturna,Con luz artificial",Buen Tiempo,Lateral,S/D,Colisión,Otro,Vertical,Ninguna,Sin restricción,POINT (-60.62599920000001 -32.9731564),"['Virasoro', 'Luis Beruti']",2,Benjamín Virasoro; Luis Beruti,-32.9731564,-60.62599920000001,55.0,538.0,Municipio Rosario,Municipio,Rosario,820210,Servicio de Catastro e Información Territorial,IGN
2012,5710,2012-06-21,Jueves,0.0,10:30:00,,0.0,2,"Moto/Ciclomotor,Pickup/Utilitario",Maquinista Gallini y Av. Génova,3,1,0,0,1,1,0,,Avenida,,ROSARIO,Rosario,S/D,S/D,II,Dentro,Urbana,Ninguna,S/D,Intersección,S/D,S/D,Diurna,Buen Tiempo,S/D,S/D,Colisión,S/D,S/D,Ninguna,Sin restricción,POINT (-60.68922189999999 -32.91530130000001),"['Gallini', 'Génova']",2,Gallini; Avenida Génova,-32.91530130000001,-60.68922189999999,55.0,538.0,Municipio Rosario,Municipio,Rosario,820210,Servicio de Catastro e Información Territorial,IGN