anio_acci,nro_acci,fecha,desc_dia,fecha_aprox,hora_aprox,desc_ruta,km,cant_participantes,desc_participante,calle_avenida_km,total,heridos_leves,heridos_graves,heridos_gravisimos,ilesos,fallecidos,sin_datos,posicion_XY,desc_tipo_via,desc_ruta_ori,desc_loc,desc_dpto,desc_tipo_calzada,desc_tipo_banquina,desc_unidad_regional,desc_lugar_calzada,desc_zona,desc_prioridad,desc_estado_semaforo,desc_lugar_via,desc_estado_via,desc_estado_visibilidad,desc_luminosidad,desc_estado_clima,desc_tipo_colision,desc_tipo_atropello,desc_tipo_hecho,desc_pres_calzada,desc_senializacion,desc_separacion_via,desc_restriccion,forma_geocod,calle_lista,numero_calles,calles_osm,lat,lon,index_right,gid,fna,gna,nam,in1,fdc,sag
2012,5719,2012-04-24,Martes,0.0,13:50:00,,0.0,2,"Moto/Ciclomotor,Automóvil",CALLAO Y COMODORO,2,1,0,0,1,0,0,,Calle,,ROSARIO,Rosario,Asfalto,No existe,II,Dentro,Urbana,S/D,S/D,Intersección,S/D,S/D,Diurna,S/D,Lateral,S/D,Colisión,S/D,S/D,S/D,Sin restricción,POINT (-60.6721153 -32.99006659999999),"['Callao', 'Comodoro']",2,Callao; Comodoro Rivadavia,-32.99006659999999,-60.6721153,55.0,538.0,Municipio Rosario,Municipio,Rosario,820210,Servicio de Catastro e Información Territorial,IGN
2012,5720,2012-04-08,Domingo,0.0,18:30:00,,0.0,2,"Moto/Ciclomotor,Automóvil",MAIPU Y DEAN FUNES,3,2,0,0,1,0,0,,Calle,,ROSARIO,Rosario,Asfalto,No existe,II,Dentro,Urbana,Marca Vial,S/D,Intersección,Bueno,Buena,Diurna,Buen Tiempo,Lateral,S/D,Colisión,S/D,Vertical,Ninguna,Sin restricción,POINT (-60.6427558 -32.97615029999999),"['Maipú', 'Deán Gregorio Funes']",2,Maipú; Deán Gregorio Funes,-32.97615029999999,-60.6427558,55.0,538.0,Municipio Rosario,Municipio,Rosario,820210,Servicio de Catastro e Información Territorial,IGN
2012,5721,2012-04-21,Sabado,0.0,10:30:00,,0.0,2,"Peatón,Automóvil",SAN MARTIN AL 5000,2,1,0,0,1,0,0,,S/D,,ROSARIO,Rosario,Asfalto,No existe,II,S/D,S/D,S/D,S/D,Curva,S/D,S/D,Diurna,S/D,Lateral,S/D,Colisión,S/D,S/D,Ninguna,Sin restricción,"-33.0250039, -60.6541178",['San Martin 5000'],1,San Martin 5000,-33.0250039,-60.6541178,55.0,538.0,Municipio Rosario,Municipio,Rosario,820210,Servicio de Catastro e Información Territorial,IGN
2012,5722,2012-04-25,Miercoles,0.0,14:45:00,,0.0,2,"Moto/Ciclomotor,Peatón",SAN MARTIN Y SAAVEDRA,2,2,0,0,0,0,0,,Avenida,,ROSARIO,Rosario,Asfalto,No existe,II,Dentro,Urbana,S/D,S/D,Intersección,S/D,S/D,Atardecer,S/D,S/D,S/D,Atropello,S/D,S/D,Ninguna,S/D,POINT (-60.64439204999999 -32.978251650000004),"['San Martin', 'Saavedra']",2,José de San Martín; Saavedra,-32.978251650000004,-60.64439204999999,55.0,538.0,Municipio Rosario,Municipio,Rosario,820210,Servicio de Catastro e Información Territorial,IGN
2012,5723,2012-04-25,Miercoles,0.0,11:40:00,,0.0,2,"Moto/Ciclomotor,Moto/Ciclomotor",DORREGO Y DR. RIVAS,2,1,0,0,1,0,0,,Calle,,ROSARIO,Rosario,Asfalto,No existe,II,Dentro,Urbana,S/D,S/D,Intersección,S/D,S/D,Diurna,S/D,Lateral,S/D,Colisión,S/D,S/D,S/D,Sin restricción,POINT (-60.6586114 -32.9817002),"['Dorrego', 'Doctor Francisco Riva']",2,Manuel Dorrego; Doctor Francisco Riva,-32.9817002,-60.6586114,55.0,538.0,Municipio Rosario,Municipio,Rosario,820210,Servicio de Catastro e Información Territorial,IGN
2012,5724,2012-04-09,Lunes,0.0,10:15:00,,0.0,2,"Moto/Ciclomotor,Automóvil",COLON Y FALCON,3,1,0,0,2,0,0,,Calle,,ROSARIO,Rosario,Asfalto,No existe,II,Dentro,Urbana,Marca Vial,No existe,Intersección,Bueno,Buena,Diurna,Buen Tiempo,Lateral,S/D,Colisión,S/D,Vertical,Ninguna,Sin restricción,POINT (-60.6318739 -32.9738926),"['Colon', 'Biblioteca Vigil']",2,Cristóbal Colón; Biblioteca Vigil,-32.9738926,-60.6318739,55.0,538.0,Municipio Rosario,Municipio,Rosario,820210,Servicio de Catastro e Información Territorial,IGN
2012,5725,2012-04-26,Jueves,0.0,09:00:00,,0.0,2,"Moto/Ciclomotor,Automóvil",AMENABAR Y PUYRREDON,2,1,0,0,1,0,0,,Calle,,ROSARIO,Rosario,Asfalto,No existe,II,Dentro,Urbana,S/D,S/D,Intersección,S/D,S/D,Diurna,Buen Tiempo,Lateral,S/D,Colisión,S/D,S/D,S/D,S/D,POINT (-60.6638549 -32.96874249999999),"['Amenabar', 'Pueyrredón']",2,José de Amenábar; Pueyrredón,-32.96874249999999,-60.6638549,55.0,538.0,Municipio Rosario,Municipio,Rosario,820210,Servicio de Catastro e Información Territorial,IGN
2012,5726,2012-04-26,Jueves,0.0,17:20:00,,0.0,2,"Moto/Ciclomotor,Automóvil",BV. SEGUI Y CALLAO,2,1,0,0,1,0,0,,Avenida,,ROSARIO,Rosario,Asfalto,No existe,II,Dentro,Urbana,S/D,S/D,Intersección,S/D,S/D,Atardecer,S/D,Lateral,S/D,Colisión,S/D,Vertical,Ninguna,Sin restricción,POINT (-60.6682971 -32.97516315),"['Bulevar Juan Francisco Seguí', 'Callao']",2,Bulevar Juan Francisco Seguí; Callao,-32.97516315,-60.6682971,55.0,538.0,Municipio Rosario,Municipio,Rosario,820210,Servicio de Catastro e Información Territorial,IGN
2012,5728,2012-04-26,Jueves,0.0,16:30:00,,0.0,2,"Moto/Ciclomotor,Automóvil",SAN MARTIN Y AMEGHINO,2,1,0,0,1,0,0,,Avenida,,ROSARIO,Rosario,Asfalto,No existe,II,Dentro,Urbana,S/D,S/D,Intersección,S/D,S/D,Atardecer,S/D,Lateral,S/D,Colisión,S/D,Vertical,Ninguna,S/D,POINT (-60.6460194 -32.987542250000004),"['San Martin', 'Ameghino']",2,José de San Martín; Ameghino,-32.987542250000004,-60.6460194,55.0,538.0,Municipio Rosario,Municipio,Rosario,820210,Servicio de Catastro e Información Territorial,IGN
2012,5729,2012-04-07,Sabado,0.0,23:15:00,,0.0,2,"Moto/Ciclomotor,Automóvil",URIBURU Y OROÑO,3,2,0,0,1,0,0,,Avenida,,ROSARIO,Rosario,Asfalto,No existe,II,Dentro,Urbana,S/D,S/D,Intersección,S/D,S/D,Nocturna,S/D,Lateral,S/D,Colisión,S/D,S/D,Ninguna,Sin restricción,POINT (-60.665160500000006 -32.99123049999999),"['Uriburu', 'Bulevar Nicasio Oroño']",2,Avenida José Uriburu; Bulevar Nicasio Oroño,-32.99123049999999,-60.665160500000006,55.0,538.0,Municipio Rosario,Municipio,Rosario,820210,Servicio de Catastro e Información Territorial,IGN
2012,5730,2012-04-07,Sabado,0.0,08:15:00,,0.0,2,"Moto/Ciclomotor,Automóvil",ENTRE RIOS Y 24 DE SEPTIEMBRE,2,1,0,0,1,0,0,,Calle,,ROSARIO,Rosario,Asfalto,No existe,II,Dentro,Urbana,S/D,S/D,Intersección,S/D,S/D,Diurna,S/D,Lateral,S/D,Colisión,S/D,S/D,S/D,S/D,POINT (-60.6494421 -32.97972499999999),"['Entre Ríos', '24 de Septiembre']",2,Entre Ríos; 24 de Septiembre,-32.97972499999999,-60.6494421,55.0,538.0,Municipio Rosario,Municipio,Rosario,820210,Servicio de Catastro e Información Territorial,IGN
2012,5731,2012-04-11,Miercoles,0.0,12:00:00,,0.0,2,"Peatón,Camión",VIRASORO Y AYACUCHO,2,1,0,0,1,0,0,,Calle,,ROSARIO,Rosario,Asfalto,No existe,II,Dentro,Urbana,Marca Vial,No existe,Intersección,Bueno,Buena,Diurna,Buen Tiempo,Lateral,S/D,Atropello,S/D,Vertical,Ninguna,Sin restricción,POINT (-60.6328196 -32.9719441),"['Virasoro', 'Ayacucho']",2,Benjamín Virasoro; Ayacucho,-32.9719441,-60.6328196,55.0,538.0,Municipio Rosario,Municipio,Rosario,820210,Servicio de Catastro e Información Territorial,IGN
2012,5732,2012-04-08,Domingo,0.0,22:00:00,,0.0,2,"Moto/Ciclomotor,Automóvil",AV. OROÑO Y GARIBALDI,3,2,0,0,1,0,0,,Avenida,,ROSARIO,Rosario,Asfalto,No existe,II,Dentro,Urbana,S/D,S/D,Intersección,S/D,S/D,Nocturna,Otro,Lateral,S/D,Colisión,S/D,S/D,Ninguna,Sin restricción,POINT (-60.6632508 -32.983266949999994),"['Bulevar Nicasio Oroño', 'José Garibaldi']",2,Bulevar Nicasio Oroño; José Garibaldi,-32.983266949999994,-60.6632508,55.0,538.0,Municipio Rosario,Municipio,Rosario,820210,Servicio de Catastro e Información Territorial,IGN
2012,5733,2012-04-17,Martes,0.0,13:00:00,,0.0,2,"Moto/Ciclomotor,Camión",H. DE LA QUINTANA Y FRANCIA,2,1,0,0,1,0,0,,Calle,,ROSARIO,Rosario,Asfalto,No existe,II,Dentro,Urbana,Marca Vial,No existe,Intersección,Bueno,Buena,S/D,Buen Tiempo,Lateral,S/D,Colisión,S/D,Vertical,Ninguna,Sin restricción,POINT (-60.67617165 -32.989696475),"['Quintana', 'Avenida Francia']",2,Presidente Quintana; Avenida Francia,-32.989696475,-60.67617165,55.0,538.0,Municipio Rosario,Municipio,Rosario,820210,Servicio de Catastro e Información Territorial,IGN
2012,5734,2012-04-24,Martes,0.0,20:20:00,,0.0,2,"Moto/Ciclomotor,Moto/Ciclomotor",pte. roca y h. quintana,2,2,0,0,0,0,0,,Calle,,ROSARIO,Rosario,Asfalto,No existe,II,Dentro,Urbana,S/D,No existe,Curva,Bueno,Buena,Nocturna,Buen Tiempo,Lateral,S/D,Colisión,S/D,Faltante,S/D,Sin restricción,POINT (-60.654208600000004 -32.9812831),"['Roca', 'Quintana']",2,"('Presidente Roca', 'Presidente Quintana')",-32.9812831,-60.6542086,55.0,538.0,Municipio Rosario,Municipio,Rosario,820210,Servicio de Catastro e Información Territorial,IGN
2012,5735,2012-04-18,Miercoles,0.0,16:45:00,,0.0,2,"Moto/Ciclomotor,Automóvil",BERRUTI Y CENTENO,2,1,0,0,1,0,0,,Calle,,ROSARIO,Rosario,Asfalto,No existe,II,Dentro,Urbana,Marca Vial,No existe,Intersección,Bueno,Buena,Atardecer,Buen Tiempo,Lateral,S/D,Colisión,S/D,Vertical,Ninguna,Sin restricción,POINT (-60.629729600000005 -32.98804949999998),"['Luis Beruti', 'Centeno']",2,Luis Beruti; Coronel Centeno,-32.98804949999998,-60.629729600000005,55.0,538.0,Municipio Rosario,Municipio,Rosario,820210,Servicio de Catastro e Información Territorial,IGN
2012,5736,2012-04-19,Jueves,0.0,14:00:00,,0.0,2,"Moto/Ciclomotor,Pickup/Utilitario",BUENOS AIRES Y RUEDA,3,2,0,0,1,0,0,,Calle,,ROSARIO,Rosario,Asfalto,No existe,II,Dentro,Urbana,Marca Vial,No existe,Intersección,Bueno,Buena,Diurna,Buen Tiempo,Frontal,S/D,Colisión,S/D,Vertical,Ninguna,Sin restricción,POINT (-60.638891900000004 -32.9720512),"['Buenos Aires', 'Rueda']",2,Buenos Aires; Rueda,-32.9720512,-60.6388919,55.0,538.0,Municipio Rosario,Municipio,Rosario,820210,Servicio de Catastro e Información Territorial,IGN
2012,5737,2012-04-19,Jueves,0.0,07:00:00,,0.0,2,"Moto/Ciclomotor,Automóvil",BV. SEGUI Y BUENOS AIRES,2,1,0,0,1,0,0,,Avenida,,ROSARIO,Rosario,Asfalto,No existe,II,Dentro,Urbana,Marca Vial,No existe,Intersección,Bueno,Buena,Diurna,Buen Tiempo,Lateral,S/D,Colisión,S/D,Vertical,Cordón divisorio,Sin restricción,POINT (-60.640923400000005 -32.98006374999999),"['Bulevar Juan Francisco Seguí', 'Buenos Aires']",2,Bulevar Juan Francisco Seguí; Buenos Aires,-32.98006374999999,-60.640923400000005,55.0,538.0,Municipio Rosario,Municipio,Rosario,820210,Servicio de Catastro e Información Territorial,IGN
2012,5738,2012-04-25,Miercoles,0.0,15:30:00,,0.0,2,"Moto/Ciclomotor,Automóvil",arijon y balcarce,2,1,0,0,1,0,0,,Avenida,,ROSARIO,Rosario,Asfalto,No existe,II,Dentro,Urbana,S/D,No existe,Recta,Bueno,Buena,Diurna,Buen Tiempo,Lateral,S/D,Colisión,S/D,Faltante,S/D,Sin restricción,POINT (-60.6633107 -33.00349020000001),"['Avenida Manuel Arijón', 'Balcarce']",2,Avenida Manuel Arijón; Balcarce,-33.00349020000001,-60.6633107,55.0,538.0,Municipio Rosario,Municipio,Rosario,820210,Servicio de Catastro e Información Territorial,IGN
2012,5739,2012-04-20,Viernes,0.0,18:15:00,,0.0,2,"Bicicleta,Moto/Ciclomotor",GUIRALDE Y GRANDOLI,3,2,0,0,1,0,0,,Calle,,ROSARIO,Rosario,Asfalto,Pavimento,II,Dentro,Urbana,Marca Vial,No existe,Intersección,Bueno,Buena,Atardecer,Buen Tiempo,Lateral,S/D,Atropello,S/D,Vertical,Cordón divisorio,Sin restricción,POINT (-60.62824119999999 -32.986755499999994),"['Güiraldes', 'Avenida Abanderado Grandoli']",2,Güiraldes; Avenida Abanderado Grandoli,-32.986755499999994,-60.62824119999999,55.0,538.0,Municipio Rosario,Municipio,Rosario,820210,Servicio de Catastro e Información Territorial,IGN
2012,5740,2012-04-09,Lunes,0.0,07:20:00,,0.0,3,"Bicicleta,Automóvil,Automóvil",ENTRE RIOS Y AMENABAR,3,2,0,0,1,0,0,,Calle,,ROSARIO,Rosario,Asfalto,No existe,II,Dentro,Urbana,S/D,S/D,Intersección,S/D,S/D,Amanecer,S/D,S/D,S/D,Atropello,S/D,S/D,Ninguna,Sin restricción,POINT (-60.64742470000001 -32.97170549999999),"['Entre Ríos', 'Amenabar']",2,Entre Ríos; José de Amenábar,-32.97170549999999,-60.64742470000001,55.0,538.0,Municipio Rosario,Municipio,Rosario,820210,Servicio de Catastro e Información Territorial,IGN
2012,5741,2012-04-27,Viernes,0.0,11:05:00,,0.0,2,"Moto/Ciclomotor,Automóvil",brandoni y españa,2,1,0,0,1,0,0,,Calle,,ROSARIO,Rosario,Asfalto,No existe,II,Dentro,Urbana,S/D,No existe,Curva,Bueno,Buena,Diurna,Buen Tiempo,Lateral,S/D,Colisión,S/D,Faltante,S/D,Sin restricción,POINT (-60.65747330000001 -33.006239199999996),"['Brandoni', 'España']",2,Brandoni; España,-33.0062392,-60.65747330000001,55.0,538.0,Municipio Rosario,Municipio,Rosario,820210,Servicio de Catastro e Información Territorial,IGN
2012,5743,2012-04-20,Viernes,0.0,09:30:00,,0.0,2,"Automóvil,Pickup/Utilitario",BIEDMA Y J. M. ROSAS,3,2,0,0,1,0,0,,Calle,,ROSARIO,Rosario,Asfalto,No existe,II,Dentro,Urbana,Marca Vial,No existe,Intersección,Bueno,Buena,Diurna,Buen Tiempo,Lateral,S/D,Colisión,S/D,Vertical,Ninguna,Sin restricción,POINT (-60.6400478 -32.98260569999999),"['Coronel Biedma', 'Juan Manuel de Rosas']",2,Coronel Biedma; Juan Manuel de Rosas,-32.98260569999999,-60.6400478,55.0,538.0,Municipio Rosario,Municipio,Rosario,820210,Servicio de Catastro e Información Territorial,IGN
2012,5744,2012-04-30,Lunes,0.0,10:45:00,,0.0,2,"Moto/Ciclomotor,Automóvil",lamadrid y rodriguez,2,1,0,0,1,0,0,,Calle,,ROSARIO,Rosario,Asfalto,No existe,II,Dentro,Urbana,S/D,No existe,Intersección,Bueno,Buena,Diurna,Buen Tiempo,Lateral,S/D,Colisión,S/D,Faltante,S/D,Sin restricción,POINT (-60.6705381 -32.9977782),"['Lamadrid', 'Rodríguez']",2,Gregorio Aráoz de Lamadrid; Rodríguez de Escobedo,-32.9977782,-60.6705381,55.0,538.0,Municipio Rosario,Municipio,Rosario,820210,Servicio de Catastro e Información Territorial,IGN
2012,5745,2012-04-20,Viernes,0.0,17:45:00,,0.0,2,"Moto/Ciclomotor,Automóvil",AYOLAS Y COLON,2,1,0,0,1,0,0,,Calle,,ROSARIO,Rosario,Asfalto,No existe,II,Dentro,Urbana,Semáforo,Funciona,Intersección,Bueno,Buena,Atardecer,Buen Tiempo,Lateral,S/D,Colisión,S/D,Vertical,Ninguna,Sin restricción,POINT (-60.633159899999995 -32.97906139999999),"['Ayolas', 'Colon']",2,Ayolas; Cristóbal Colón,-32.97906139999999,-60.6331599,55.0,538.0,Municipio Rosario,Municipio,Rosario,820210,Servicio de Catastro e Información Territorial,IGN
2012,5746,2012-04-30,Lunes,0.0,06:25:00,,0.0,2,"Moto/Ciclomotor,Pickup/Utilitario",brandoni y bv. oroño,2,1,0,0,1,0,0,,Avenida,,ROSARIO,Rosario,Asfalto,No existe,II,Dentro,Urbana,S/D,No existe,Intersección,Bueno,Buena,Diurna,Buen Tiempo,Lateral,S/D,Colisión,S/D,Faltante,S/D,Sin restricción,POINT (-60.66489745 -33.0064732),"['Brandoni', 'Bulevar Nicasio Oroño']",2,Brandoni; Bulevar Nicasio Oroño,-33.0064732,-60.66489745,55.0,538.0,Municipio Rosario,Municipio,Rosario,820210,Servicio de Catastro e Información Territorial,IGN
2012,5747,2012-04-09,Lunes,0.0,18:30:00,,0.0,2,"Moto/Ciclomotor,Automóvil",AV. SAN MARTIN AL 3700,2,1,0,0,1,0,0,,Avenida,,ROSARIO,Rosario,Asfalto,No existe,II,Dentro,Urbana,S/D,S/D,Intersección,S/D,S/D,Atardecer,S/D,Lateral,S/D,Colisión,S/D,S/D,S/D,Sin restricción,"-32.9764777, -60.6372639",['San Martin 3700'],1,San Martin 3700,-32.9764777,-60.6372639,55.0,538.0,Municipio Rosario,Municipio,Rosario,820210,Servicio de Catastro e Información Territorial,IGN
2012,5749,2012-04-10,Martes,0.0,18:00:00,,0.0,2,"Peatón,Moto/Ciclomotor",ESPAÑA Y DR.RIVAS,2,1,0,0,1,0,0,,Calle,,ROSARIO,Rosario,Asfalto,No existe,II,Dentro,Urbana,S/D,S/D,Intersección,S/D,S/D,Atardecer,S/D,S/D,S/D,Atropello,S/D,S/D,Ninguna,Sin restricción,POINT (-60.6558529 -32.98219199999999),"['España', 'Doctor Francisco Riva']",2,España; Doctor Francisco Riva,-32.98219199999999,-60.6558529,55.0,538.0,Municipio Rosario,Municipio,Rosario,820210,Servicio de Catastro e Información Territorial,IGN
2012,5750,2012-04-01,Domingo,0.0,05:00:00,,0.0,2,"Moto/Ciclomotor,Otros",balcarce al 3500,3,2,0,0,0,0,1,,Calle,,ROSARIO,Rosario,Asfalto,No existe,II,Dentro,Urbana,S/D,No existe,Intersección,S/D,Buena,Amanecer,Buen Tiempo,Lateral,S/D,Colisión,S/D,S/D,S/D,Sin restricción,"-32.9753501, -60.6598963",['Balcarce 3500'],1,Balcarce 3500,-32.9753501,-60.6598963,55.0,538.0,Municipio Rosario,Municipio,Rosario,820210,Servicio de Catastro e Información Territorial,IGN
2012,5751,2012-04-21,Sabado,0.0,18:00:00,,0.0,2,"Bicicleta,Automóvil",1&#186; DE MAYO Y GARIBALDI,3,2,0,0,1,0,0,,Calle,,ROSARIO,Rosario,Asfalto,Pavimento,II,Dentro,Urbana,Marca Vial,No existe,Intersección,Bueno,Buena,Atardecer,Buen Tiempo,Lateral,S/D,Atropello,S/D,Vertical,Ninguna,Sin restricción,POINT (-60.6395995 -32.9874685),"['Primero de Mayo', 'José Garibaldi']",2,Primero de Mayo; José Garibaldi,-32.9874685,-60.6395995,55.0,538.0,Municipio Rosario,Municipio,Rosario,820210,Servicio de Catastro e Información Territorial,IGN
2012,5753,2012-04-01,Domingo,0.0,14:00:00,,0.0,2,"Automóvil,Automóvil",av. uriburu y av. san martin ,3,1,0,0,2,0,0,,Avenida,,ROSARIO,Rosario,Asfalto,No existe,II,Dentro,Urbana,S/D,Funciona,Intersección,S/D,Buena,Atardecer,Buen Tiempo,De alcance,S/D,Colisión,S/D,S/D,S/D,Sin restricción,POINT (-60.646703949999996 -32.99069289999999),"['Uriburu', 'San Martin']",2,Avenida José Uriburu; José de San Martín,-32.99069289999999,-60.64670395,55.0,538.0,Municipio Rosario,Municipio,Rosario,820210,Servicio de Catastro e Información Territorial,IGN
2012,5754,2012-04-22,Domingo,0.0,21:00:00,,0.0,2,"Moto/Ciclomotor,Automóvil",AYOLAS Y PJE. MORALES,3,2,0,0,1,0,0,,S/D,,ROSARIO,Rosario,Asfalto,No existe,II,S/D,S/D,Semáforo,Funciona,Intersección,Bueno,Buena,"Nocturna,Con luz artificial",Buen Tiempo,Lateral,S/D,Colisión,S/D,Horizontal,Ninguna,Sin restricción,POINT (-60.631137300000006 -32.979422899999996),"['Ayolas', 'Morales']",2,Ayolas; Pasaje Morales,-32.9794229,-60.631137300000006,55.0,538.0,Municipio Rosario,Municipio,Rosario,820210,Servicio de Catastro e Información Territorial,IGN
2012,5755,2012-04-01,Domingo,0.0,17:00:00,,0.0,2,"Moto/Ciclomotor,Moto/Ciclomotor",entre rios y dr. rivas ,3,1,0,0,2,0,0,,Calle,,ROSARIO,Rosario,Asfalto,No existe,II,Dentro,Urbana,S/D,S/D,Intersección,S/D,Buena,Atardecer,Buen Tiempo,Lateral,S/D,Colisión,S/D,S/D,S/D,Sin restricción,POINT (-60.650316499999995 -32.9831791),"['Entre Ríos', 'Doctor Francisco Riva']",2,Entre Ríos; Doctor Francisco Riva,-32.9831791,-60.6503165,55.0,538.0,Municipio Rosario,Municipio,Rosario,820210,Servicio de Catastro e Información Territorial,IGN
2012,5756,2012-04-11,Miercoles,0.0,13:55:00,,0.0,2,"Moto/Ciclomotor,Taxi/Remis",AV. SAN MARTIN Y CENTENO,2,1,0,0,1,0,0,,Avenida,,ROSARIO,Rosario,Asfalto,S/D,II,Dentro,Urbana,S/D,S/D,Intersección,S/D,S/D,S/D,S/D,Lateral,S/D,Colisión,S/D,S/D,S/D,S/D,POINT (-60.64552855 -32.98523165),"['San Martin', 'Centeno']",2,José de San Martín; Coronel Centeno,-32.98523165,-60.64552855,55.0,538.0,Municipio Rosario,Municipio,Rosario,820210,Servicio de Catastro e Información Territorial,IGN
2012,5757,2012-04-01,Domingo,0.0,05:50:00,,0.0,2,"Moto/Ciclomotor,Otros",av. uriburu y sarmiento,2,1,0,0,0,0,1,,Avenida,,ROSARIO,Rosario,Asfalto,No existe,II,Dentro,Urbana,S/D,S/D,Intersección,Bueno,Buena,Amanecer,Buen Tiempo,Lateral,S/D,Colisión,S/D,S/D,S/D,Sin restricción,POINT (-60.64935790000001 -32.990775299999996),"['Uriburu', 'Sarmiento']",2,Avenida José Uriburu; Sarmiento,-32.9907753,-60.64935790000001,55.0,538.0,Municipio Rosario,Municipio,Rosario,820210,Servicio de Catastro e Información Territorial,IGN
2012,5758,2012-04-12,Jueves,0.0,11:45:00,,0.0,2,"Moto/Ciclomotor,Automóvil",AV.SAN MARTIN Y AMSTERDAN,3,1,0,0,2,0,0,,Calle,,ROSARIO,Rosario,Asfalto,No existe,II,Dentro,Urbana,S/D,S/D,Intersección,S/D,S/D,Diurna,S/D,Lateral,S/D,Colisión,S/D,S/D,S/D,S/D,POINT (-60.6473074 -32.9934496),"['San Martin', 'Amsterdam']",2,José de San Martín; Amsterdam,-32.9934496,-60.6473074,55.0,538.0,Municipio Rosario,Municipio,Rosario,820210,Servicio de Catastro e Información Territorial,IGN
2012,5759,2012-04-23,Lunes,0.0,16:00:00,,0.0,2,"Moto/Ciclomotor,Automóvil",SEGUI Y 1&#186; DE MAYO,4,1,1,0,2,0,0,,Calle,,ROSARIO,Rosario,Asfalto,No existe,II,Dentro,Urbana,Marca Vial,No existe,Intersección,Bueno,Buena,Diurna,Buen Tiempo,Lateral,S/D,Colisión,S/D,Vertical,Vegetación,Sin restricción,POINT (-60.63787925 -32.98061510000001),"['Bulevar Juan Francisco Seguí', 'Primero de Mayo']",2,Bulevar Juan Francisco Seguí; Primero de Mayo,-32.98061510000001,-60.63787925,55.0,538.0,Municipio Rosario,Municipio,Rosario,820210,Servicio de Catastro e Información Territorial,IGN
2012,5760,2012-04-24,Martes,0.0,19:30:00,,0.0,2,"Moto/Ciclomotor,Automóvil",COLON Y 24 DE SEPTIEMBRE,3,2,0,0,1,0,0,,S/D,,ROSARIO,Rosario,Asfalto,No existe,II,S/D,S/D,Marca Vial,S/D,Intersección,Bueno,Buena,S/D,Buen Tiempo,Lateral,S/D,Colisión,S/D,Vertical,Ninguna,Sin restricción,POINT (-60.634014500000006 -32.982497599999995),"['Colon', '24 de Septiembre']",2,Cristóbal Colón; 24 de Septiembre,-32.982497599999995,-60.634014500000006,55.0,538.0,Municipio Rosario,Municipio,Rosario,820210,Servicio de Catastro e Información Territorial,IGN
2012,5761,2012-04-12,Jueves,0.0,18:45:00,,0.0,2,"Bicicleta,Automóvil",URUGUAY Y MITRE,2,1,0,0,1,0,0,,Calle,,ROSARIO,Rosario,Asfalto,No existe,II,Dentro,Urbana,S/D,S/D,Intersección,S/D,S/D,Atardecer,S/D,S/D,S/D,Atropello,S/D,S/D,S/D,Sin restricción,POINT (-60.64715669999999 -32.97657820000001),"['Uruguay', 'Mitre']",2,Uruguay; Bartolomé Mitre,-32.97657820000001,-60.64715669999999,55.0,538.0,Municipio Rosario,Municipio,Rosario,820210,Servicio de Catastro e Información Territorial,IGN
2012,5762,2012-04-14,Sabado,0.0,20:30:00,,0.0,2,"Taxi/Remis,Automóvil",ARIJON Y ENTRE RIOS ,2,1,0,0,1,0,0,,Avenida,,ROSARIO,Rosario,Asfalto,No existe,II,Dentro,Urbana,S/D,S/D,Intersección,S/D,S/D,Atardecer,S/D,Lateral,S/D,Colisión,S/D,S/D,Ninguna,Sin restricción,POINT (-60.6517823 -33.00314459999999),"['Avenida Manuel Arijón', 'Entre Ríos']",2,Avenida Manuel Arijón; Entre Ríos,-33.00314459999999,-60.6517823,55.0,538.0,Municipio Rosario,Municipio,Rosario,820210,Servicio de Catastro e Información Territorial,IGN
2012,5763,2012-04-01,Domingo,0.0,18:00:00,,0.0,2,"Moto/Ciclomotor,Automóvil",uruguay y paraguay,3,2,0,0,1,0,0,,Calle,,ROSARIO,Rosario,Asfalto,No existe,II,Dentro,Urbana,S/D,S/D,Intersección,S/D,Buena,Atardecer,Buen Tiempo,Lateral,S/D,Colisión,S/D,S/D,S/D,Sin restricción,POINT (-60.6513931 -32.975813699999996),"['Uruguay', 'Paraguay']",2,Uruguay; Paraguay,-32.9758137,-60.6513931,55.0,538.0,Municipio Rosario,Municipio,Rosario,820210,Servicio de Catastro e Información Territorial,IGN
2012,5764,2012-04-26,Jueves,0.0,07:45:00,,0.0,2,"Moto/Ciclomotor,Automóvil",PJE. VILLAR Y COLON,2,1,0,0,1,0,0,,Calle,,ROSARIO,Rosario,Asfalto,S/D,II,Dentro,Urbana,Marca Vial,S/D,Intersección,Bueno,S/D,S/D,Buen Tiempo,Lateral,S/D,Colisión,S/D,Vertical,Ninguna,S/D,POINT (-60.63359940000001 -32.980827899999994),"['Villar', 'Colon']",2,Villar; Cristóbal Colón,-32.980827899999994,-60.63359940000001,55.0,538.0,Municipio Rosario,Municipio,Rosario,820210,Servicio de Catastro e Información Territorial,IGN