anio_acci,nro_acci,fecha,desc_dia,fecha_aprox,hora_aprox,desc_ruta,km,cant_participantes,desc_participante,calle_avenida_km,total,heridos_leves,heridos_graves,heridos_gravisimos,ilesos,fallecidos,sin_datos,posicion_XY,desc_tipo_via,desc_ruta_ori,desc_loc,desc_dpto,desc_tipo_calzada,desc_tipo_banquina,desc_unidad_regional,desc_lugar_calzada,desc_zona,desc_prioridad,desc_estado_semaforo,desc_lugar_via,desc_estado_via,desc_estado_visibilidad,desc_luminosidad,desc_estado_clima,desc_tipo_colision,desc_tipo_atropello,desc_tipo_hecho,desc_pres_calzada,desc_senializacion,desc_separacion_via,desc_restriccion,forma_geocod,calle_lista,numero_calles,calles_osm,lat,lon,index_right,gid,fna,gna,nam,in1,fdc,sag
2012,5765,2012-04-14,Sabado,0.0,20:30:00,,0.0,2,"Bicicleta,Automóvil",BALCARCE Y GABOTO,3,1,0,0,2,0,0,,Avenida,,ROSARIO,Rosario,Asfalto,No existe,II,Dentro,Urbana,S/D,S/D,Intersección,S/D,S/D,S/D,S/D,S/D,S/D,Atropello,S/D,S/D,Ninguna,Sin restricción,POINT (-60.658695300000005 -32.970897900000004),"['Balcarce', 'Gaboto']",2,Balcarce; Gaboto,-32.970897900000004,-60.658695300000005,55.0,538.0,Municipio Rosario,Municipio,Rosario,820210,Servicio de Catastro e Información Territorial,IGN
2012,5766,2012-04-14,Sabado,0.0,,,0.0,2,"Moto/Ciclomotor,Automóvil",MITRE Y PTE. QUINTANA,2,2,0,0,0,0,0,,Calle,,ROSARIO,Rosario,Asfalto,No existe,II,Dentro,Urbana,S/D,S/D,Intersección,S/D,S/D,S/D,S/D,Lateral,S/D,Colisión,S/D,S/D,Ninguna,S/D,POINT (-60.648628699999996 -32.9822769),"['Mitre', 'Quintana']",2,"('Bartolomé Mitre', 'Presidente Quintana')",-32.9822769,-60.6486287,55.0,538.0,Municipio Rosario,Municipio,Rosario,820210,Servicio de Catastro e Información Territorial,IGN
2012,5767,2012-04-01,Domingo,0.0,21:30:00,,0.0,2,"Moto/Ciclomotor,Moto/Ciclomotor",mitre y milan,3,3,0,0,0,0,0,,Calle,,ROSARIO,Rosario,Asfalto,No existe,II,Dentro,Urbana,S/D,S/D,Intersección,S/D,Buena,Nocturna,Buen Tiempo,Lateral,S/D,Colisión,S/D,S/D,S/D,S/D,POINT (-60.65069960000001 -32.99033889999998),"['Mitre', 'Milán']",2,Bartolomé Mitre; Milán,-32.99033889999998,-60.65069960000001,55.0,538.0,Municipio Rosario,Municipio,Rosario,820210,Servicio de Catastro e Información Territorial,IGN
2012,5768,2012-04-26,Jueves,0.0,10:20:00,,0.0,2,"Moto/Ciclomotor,Automóvil",ALEM Y BV. SEGUI,2,1,0,0,1,0,0,,Calle,,ROSARIO,Rosario,Asfalto,S/D,II,Dentro,Urbana,Marca Vial,S/D,Intersección,Bueno,S/D,S/D,Buen Tiempo,Lateral,S/D,Colisión,S/D,Vertical,Vegetación,Sin restricción,POINT (-60.63650380000001 -32.980857400000005),"['Alem', 'Bulevar Juan Francisco Seguí']",2,Leandro N. Alem; Bulevar Juan Francisco Seguí,-32.980857400000005,-60.63650380000001,55.0,538.0,Municipio Rosario,Municipio,Rosario,820210,Servicio de Catastro e Información Territorial,IGN
2012,5769,2012-04-15,Domingo,0.0,12:20:00,,0.0,2,"Moto/Ciclomotor,Automóvil",BV. OROÑO Y GABOTO,2,1,0,0,1,0,0,,Avenida,,ROSARIO,Rosario,Asfalto,No existe,II,Dentro,Urbana,S/D,S/D,Intersección,S/D,S/D,S/D,S/D,Lateral,S/D,Colisión,S/D,S/D,S/D,S/D,POINT (-60.660093950000004 -32.970649650000006),"['Bulevar Nicasio Oroño', 'Gaboto']",2,Bulevar Nicasio Oroño; Gaboto,-32.970649650000006,-60.66009395,55.0,538.0,Municipio Rosario,Municipio,Rosario,820210,Servicio de Catastro e Información Territorial,IGN
2012,5770,2012-04-15,Domingo,0.0,18:00:00,,0.0,2,"Bicicleta,Automóvil",BV. SEGUI AL 2000,3,2,0,0,1,0,0,,Avenida,,ROSARIO,Rosario,Asfalto,No existe,II,Dentro,Urbana,S/D,S/D,Recta,S/D,S/D,Atardecer,S/D,S/D,S/D,Atropello,S/D,S/D,Ninguna,Sin restricción,"-32.9787503, -60.6477202",['Bulevar Juan Francisco Seguí 2000'],1,Bulevar Juan Francisco Seguí 2000,-32.9787503,-60.6477202,55.0,538.0,Municipio Rosario,Municipio,Rosario,820210,Servicio de Catastro e Información Territorial,IGN
2012,5771,2012-04-15,Domingo,0.0,17:15:00,,0.0,2,"Moto/Ciclomotor,Automóvil",CORRIENTES Y REGIMIENTO,2,1,0,0,1,0,0,,Calle,,ROSARIO,Rosario,Asfalto,No existe,II,Dentro,Urbana,S/D,S/D,Intersección,S/D,S/D,Atardecer,S/D,Lateral,S/D,Colisión,S/D,S/D,Ninguna,Sin restricción,POINT (-60.65339740000001 -32.99894449999999),"['Corrientes', 'Regimiento 11']",2,Corrientes; Regimiento 11,-32.99894449999999,-60.65339740000001,55.0,538.0,Municipio Rosario,Municipio,Rosario,820210,Servicio de Catastro e Información Territorial,IGN
2012,5772,2012-04-15,Domingo,0.0,20:30:00,,0.0,2,"Moto/Ciclomotor,Automóvil",CORRIENTES Y LAMADRID,2,1,0,0,1,0,0,,Calle,,ROSARIO,Rosario,Asfalto,No existe,II,Dentro,Urbana,S/D,S/D,Intersección,S/D,S/D,Atardecer,S/D,Lateral,S/D,Colisión,S/D,S/D,Ninguna,Sin restricción,POINT (-60.653511200000004 -32.99723920000001),"['Corrientes', 'Lamadrid']",2,Corrientes; Gregorio Aráoz de Lamadrid,-32.99723920000001,-60.6535112,55.0,538.0,Municipio Rosario,Municipio,Rosario,820210,Servicio de Catastro e Información Territorial,IGN
2012,5773,2012-04-16,Lunes,0.0,,,0.0,2,"Moto/Ciclomotor,Pickup/Utilitario",CALLAO Y GABOTO,2,1,0,0,1,0,0,,Calle,,ROSARIO,Rosario,Asfalto,No existe,II,Dentro,Urbana,S/D,S/D,Intersección,S/D,S/D,S/D,S/D,Lateral,S/D,Colisión,S/D,S/D,Ninguna,Sin restricción,POINT (-60.66685700000001 -32.9694098),"['Callao', 'Gaboto']",2,Callao; Gaboto,-32.9694098,-60.66685700000001,55.0,538.0,Municipio Rosario,Municipio,Rosario,820210,Servicio de Catastro e Información Territorial,IGN
2012,5774,2012-04-02,Lunes,0.0,07:00:00,,0.0,2,"Automóvil,Automóvil",p de quintana y pueyrredon,4,2,0,0,1,0,1,,Calle,,ROSARIO,Rosario,Asfalto,No existe,II,Dentro,Urbana,S/D,S/D,Intersección,S/D,Buena,Amanecer,Buen Tiempo,Lateral,S/D,Colisión,S/D,S/D,S/D,Sin restricción,POINT (-60.6664625 -32.979094399999994),"['Quintana', 'Pueyrredón']",2,"('Presidente Quintana', 'Pueyrredón')",-32.979094399999994,-60.6664625,55.0,538.0,Municipio Rosario,Municipio,Rosario,820210,Servicio de Catastro e Información Territorial,IGN
2012,5775,2012-04-16,Lunes,0.0,,,0.0,2,"Pickup/Utilitario,Taxi/Remis",MORENO Y GARIBALDI,2,1,0,0,1,0,0,,Calle,,ROSARIO,Rosario,Asfalto,No existe,II,Dentro,Urbana,S/D,S/D,Intersección,S/D,S/D,S/D,S/D,Lateral,S/D,Colisión,S/D,S/D,Ninguna,Sin restricción,POINT (-60.6604904 -32.9837713),"['Moreno', 'José Garibaldi']",2,Mariano Moreno; José Garibaldi,-32.9837713,-60.6604904,55.0,538.0,Municipio Rosario,Municipio,Rosario,820210,Servicio de Catastro e Información Territorial,IGN
2012,5776,2012-04-04,Miercoles,0.0,14:00:00,,0.0,2,"Moto/Ciclomotor,Automóvil",bv. segui y mitre,2,1,0,0,1,0,0,,Avenida,,ROSARIO,Rosario,Asfalto,No existe,II,Dentro,Urbana,S/D,S/D,Intersección,S/D,Buena,Atardecer,Buen Tiempo,Lateral,S/D,Colisión,S/D,S/D,S/D,Sin restricción,POINT (-60.6477426 -32.97883275),"['Bulevar Juan Francisco Seguí', 'Mitre']",2,Bulevar Juan Francisco Seguí; Bartolomé Mitre,-32.97883275,-60.6477426,55.0,538.0,Municipio Rosario,Municipio,Rosario,820210,Servicio de Catastro e Información Territorial,IGN
2012,5777,2012-04-07,Sabado,0.0,13:45:00,,0.0,2,"Automóvil,Automóvil",sarmiento y pte. quintana,3,1,0,0,2,0,0,,Calle,,ROSARIO,Rosario,Asfalto,No existe,II,Dentro,Urbana,S/D,S/D,Intersección,S/D,Buena,Diurna,Buen Tiempo,Lateral,S/D,Colisión,S/D,S/D,S/D,Sin restricción,POINT (-60.6472527 -32.9825219),"['Sarmiento', 'Quintana']",2,Sarmiento; Presidente Quintana,-32.9825219,-60.6472527,55.0,538.0,Municipio Rosario,Municipio,Rosario,820210,Servicio de Catastro e Información Territorial,IGN
2012,5778,2012-04-07,Sabado,0.0,14:10:00,,0.0,2,"Moto/Ciclomotor,Automóvil",24 de septiembre y entre rios,2,1,0,0,1,0,0,,Calle,,ROSARIO,Rosario,Asfalto,No existe,II,Dentro,Urbana,S/D,S/D,Intersección,S/D,Buena,Atardecer,Buen Tiempo,Lateral,S/D,Colisión,S/D,S/D,S/D,Sin restricción,POINT (-60.6494421 -32.97972499999999),"['24 de Septiembre', 'Entre Ríos']",2,24 de Septiembre; Entre Ríos,-32.97972499999999,-60.6494421,55.0,538.0,Municipio Rosario,Municipio,Rosario,820210,Servicio de Catastro e Información Territorial,IGN
2012,5779,2012-04-07,Sabado,0.0,15:00:00,,0.0,2,"Bicicleta,Moto/Ciclomotor",av. uriburu y paraguay,2,1,0,0,1,0,0,,Avenida,,ROSARIO,Rosario,Asfalto,No existe,II,Dentro,Urbana,S/D,S/D,Intersección,Bueno,Buena,Diurna,Buen Tiempo,Lateral,S/D,Atropello,S/D,S/D,S/D,Sin restricción,POINT (-60.655215850000005 -32.990962749999994),"['Uriburu', 'Paraguay']",2,Avenida José Uriburu; Paraguay,-32.990962749999994,-60.655215850000005,55.0,538.0,Municipio Rosario,Municipio,Rosario,820210,Servicio de Catastro e Información Territorial,IGN
2012,5780,2012-04-17,Martes,0.0,08:40:00,,0.0,2,"Moto/Ciclomotor,Taxi/Remis",BV. SEGUI Y SARMIENTO,2,1,0,0,1,0,0,,Avenida,,ROSARIO,Rosario,Asfalto,No existe,II,Dentro,Urbana,S/D,S/D,Intersección,S/D,S/D,Diurna,S/D,Lateral,S/D,Colisión,S/D,S/D,Ninguna,Sin restricción,POINT (-60.64638135 -32.9790819),"['Bulevar Juan Francisco Seguí', 'Sarmiento']",2,Bulevar Juan Francisco Seguí; Sarmiento,-32.9790819,-60.64638135,55.0,538.0,Municipio Rosario,Municipio,Rosario,820210,Servicio de Catastro e Información Territorial,IGN
2012,5782,2012-04-15,Domingo,0.0,15:00:00,,0.0,1,Moto/Ciclomotor,urquiza y mitre,1,1,0,0,0,0,0,,Calle,,ROSARIO,Rosario,S/D,S/D,II,Dentro,Urbana,S/D,S/D,Recta,Otro,Buena,Diurna,S/D,S/D,S/D,Vuelco,S/D,Faltante,S/D,S/D,POINT (-60.6386903 -32.94275089999999),"['Urquiza', 'Mitre']",2,"('Justo José de Urquiza', 'Bartolomé Mitre')",-32.94275089999999,-60.6386903,55.0,538.0,Municipio Rosario,Municipio,Rosario,820210,Servicio de Catastro e Información Territorial,IGN
2012,5784,2012-04-09,Lunes,0.0,13:20:00,,0.0,2,"Automóvil,Pickup/Utilitario",iriondo y san luis,2,0,0,0,0,0,2,,Calle,,ROSARIO,Rosario,Asfalto,S/D,II,Dentro,Urbana,S/D,S/D,Intersección,Bueno,Buena,Diurna,Buen Tiempo,De alcance,S/D,Colisión,S/D,S/D,S/D,Sin restricción,POINT (-60.6702694 -32.9434407),"['Iriondo', 'San Luis']",2,Iriondo; San Luis,-32.9434407,-60.6702694,55.0,538.0,Municipio Rosario,Municipio,Rosario,820210,Servicio de Catastro e Información Territorial,IGN
2012,6373,2012-03-06,Martes,0.0,09:20:00,,0.0,2,"Automóvil,Automóvil",San Lorenzo y San Nicolás,2,1,0,0,0,0,1,,Calle,,ROSARIO,Rosario,Asfalto,No existe,II,Dentro,Urbana,Ninguna,No existe,Intersección,Bueno,Buena,Diurna,Buen Tiempo,Lateral,S/D,Colisión,S/D,S/D,Ninguna,Sin restricción,POINT (-60.67174630000001 -32.9380145),"['San Lorenzo', 'San Nicolás']",2,San Lorenzo; San Nicolás,-32.9380145,-60.67174630000001,55.0,538.0,Municipio Rosario,Municipio,Rosario,820210,Servicio de Catastro e Información Territorial,IGN
2012,6421,2012-03-22,Jueves,0.0,08:10:00,,0.0,2,"Automóvil,Automóvil",Vera Mujica y 3 de Febrero,2,1,0,0,1,0,0,,Calle,,ROSARIO,Rosario,Asfalto,No existe,II,Dentro,Urbana,S/D,No existe,Intersección,Bueno,Buena,Diurna,Buen Tiempo,De alcance,S/D,Colisión,S/D,S/D,S/D,Sin restricción,POINT (-60.668509099999994 -32.94765369999999),"['Vera Mujíca', '3 de Febrero']",2,Vera Mujíca; 3 de Febrero,-32.94765369999999,-60.6685091,55.0,538.0,Municipio Rosario,Municipio,Rosario,820210,Servicio de Catastro e Información Territorial,IGN
2012,6598,2012-05-02,Miercoles,0.0,06:25:00,,0.0,2,"Taxi/Remis,Camión",AV. EVA PERON Y ALVAREZ CONDARCO,2,1,0,0,1,0,0,,Avenida,,ROSARIO,Rosario,Asfalto,No existe,II,Dentro,Urbana,Semáforo,Funciona,Recta,Bueno,Buena,Amanecer,Buen Tiempo,Frontal,S/D,Colisión,S/D,Vertical,Línea divisoria pintada,Sin restricción,POINT (-60.7568578 -32.925951999999995),"['Avenida Eva Perón', 'Álvarez Condarco']",2,Avenida Eva Perón; Álvarez Condarco,-32.925951999999995,-60.7568578,55.0,538.0,Municipio Rosario,Municipio,Rosario,820210,Servicio de Catastro e Información Territorial,IGN
2012,6601,2012-05-03,Jueves,0.0,18:00:00,,0.0,2,"Moto/Ciclomotor,Moto/Ciclomotor",PCIAS. UNIDAS Y JUNIN,2,2,0,0,0,0,0,,Avenida,,ROSARIO,Rosario,Asfalto,No existe,II,S/D,S/D,Semáforo,Funciona,Recta,Bueno,Buena,Atardecer,Buen Tiempo,Frontal,S/D,Colisión,S/D,Vertical,Barrera de hormigón,Sin restricción,POINT (-60.71317195 -32.92757884999999),"['Avenida Provincias Unidas', 'Junín']",2,Avenida Provincias Unidas; Junín,-32.92757884999999,-60.71317195,55.0,538.0,Municipio Rosario,Municipio,Rosario,820210,Servicio de Catastro e Información Territorial,IGN
2012,6602,2012-05-04,Viernes,0.0,18:00:00,,0.0,2,"Moto/Ciclomotor,Moto/Ciclomotor",PCIAS. UNIDAS Y AREVALO,2,1,0,0,1,0,0,,Avenida,,ROSARIO,Rosario,Asfalto,No existe,II,Dentro,Urbana,Ninguna,No existe,Recta,Bueno,Buena,Atardecer,Buen Tiempo,Frontal,S/D,Colisión,S/D,Vertical,Barrera de hormigón,Sin restricción,POINT (-60.713046500000004 -32.9306845),"['Avenida Provincias Unidas', 'Arévalo']",2,Avenida Provincias Unidas; Arévalo,-32.9306845,-60.7130465,55.0,538.0,Municipio Rosario,Municipio,Rosario,820210,Servicio de Catastro e Información Territorial,IGN
2012,6605,2012-05-08,Martes,0.0,,,0.0,2,"Pickup/Utilitario,Moto/Ciclomotor",ALVARES CONDARCO Y LOS PODESTA,2,1,0,0,1,0,0,,Calle,,ROSARIO,Rosario,Asfalto,No existe,II,Dentro,Urbana,Ninguna,No existe,Recta,Bueno,Buena,S/D,Buen Tiempo,Frontal,S/D,Colisión,S/D,Horizontal,Barrera de hormigón,Sin restricción,POINT (-60.7569936 -32.92830369999999),"['Álvarez Condarco', 'La Podestá']",2,Álvarez Condarco; La Podestá,-32.92830369999999,-60.7569936,55.0,538.0,Municipio Rosario,Municipio,Rosario,820210,Servicio de Catastro e Información Territorial,IGN
2012,6611,2012-05-15,Martes,0.0,07:50:00,,0.0,2,"Automóvil,Pickup/Utilitario",TARRAGONA Y REPUBLICA,2,1,0,0,1,0,0,,Calle,,ROSARIO,Rosario,Asfalto,No existe,II,Dentro,Urbana,Ninguna,No existe,Recta,Bueno,Buena,Amanecer,Buen Tiempo,Frontal,S/D,Colisión,S/D,Horizontal,Ninguna,Sin restricción,POINT (-60.7350202 -32.919180000000004),"['Tarragona', 'La República']",2,Tarragona; La República,-32.919180000000004,-60.7350202,55.0,538.0,Municipio Rosario,Municipio,Rosario,820210,Servicio de Catastro e Información Territorial,IGN
2012,6616,2012-04-30,Lunes,0.0,06:00:00,,0.0,2,"Vehículo Oficial,Pickup/Utilitario",BV. SEGUI Y VERA MUJICA,2,2,0,0,0,0,0,,Avenida,,ROSARIO,Rosario,Asfalto,No existe,II,Dentro,Urbana,Ninguna,No existe,Intersección,Bueno,Buena,Con luz artificial,Buen Tiempo,Lateral,S/D,Colisión,S/D,Vertical,Cordón divisorio,Sin restricción,POINT (-60.6751543 -32.973938649999994),"['Bulevar Juan Francisco Seguí', 'Vera Mujíca']",2,Bulevar Juan Francisco Seguí; Vera Mujíca,-32.973938649999994,-60.6751543,55.0,538.0,Municipio Rosario,Municipio,Rosario,820210,Servicio de Catastro e Información Territorial,IGN
2012,6618,2012-04-30,Lunes,0.0,11:40:00,,0.0,2,"Moto/Ciclomotor,Automóvil",BV. AVELLANEDA 3900,3,1,1,0,1,0,0,,Avenida,,ROSARIO,Rosario,Asfalto,No existe,II,Dentro,Urbana,Ninguna,No existe,Recta,Bueno,Buena,Diurna,Buen Tiempo,De alcance,S/D,Colisión,S/D,Vertical,Cordón divisorio,Sin restricción,"-32.9533844, -60.6827991",['Avellaneda 3900'],1,Avellaneda 3900,-32.9533844,-60.6827991,55.0,538.0,Municipio Rosario,Municipio,Rosario,820210,Servicio de Catastro e Información Territorial,IGN
2012,6620,2012-05-01,Martes,0.0,11:40:00,,0.0,2,"Moto/Ciclomotor,Transporte de Pasajeros (H/ 8 asientos)",AV. FRANCIA Y AV. URIBURU,3,2,0,0,1,0,0,,Avenida,,ROSARIO,Rosario,Asfalto,No existe,II,Dentro,Urbana,Semáforo,Funciona,Intersección,Bueno,Buena,Diurna,Buen Tiempo,De alcance,S/D,Colisión,S/D,Vertical,Cordón divisorio,Sin restricción,POINT (-60.678139125 -32.991649800000005),"['Avenida Francia', 'Uriburu']",2,Avenida Francia; Avenida José Uriburu,-32.991649800000005,-60.678139125,55.0,538.0,Municipio Rosario,Municipio,Rosario,820210,Servicio de Catastro e Información Territorial,IGN
2012,6624,2012-05-01,Martes,0.0,19:30:00,,0.0,2,"Moto/Ciclomotor,Automóvil",AV. FRANCIA Y BIEDMA,3,2,0,0,1,0,0,,Avenida,,ROSARIO,Rosario,Asfalto,No existe,II,Dentro,Urbana,Ninguna,No existe,Intersección,Bueno,Buena,Con luz artificial,Buen Tiempo,Lateral,S/D,Colisión,S/D,Vertical,Cordón divisorio,Sin restricción,POINT (-60.6743451 -32.97648615),"['Avenida Francia', 'Coronel Biedma']",2,Avenida Francia; Coronel Biedma,-32.97648615,-60.6743451,55.0,538.0,Municipio Rosario,Municipio,Rosario,820210,Servicio de Catastro e Información Territorial,IGN
2012,6626,2012-05-02,Miercoles,0.0,17:00:00,,0.0,2,"Peatón,Automóvil",AV. FRANCIA Y PTE. QUINTANA,2,1,0,0,1,0,0,,Avenida,,ROSARIO,Rosario,Asfalto,No existe,II,Dentro,Urbana,Ninguna,No existe,Intersección,Bueno,Buena,Diurna,Buen Tiempo,S/D,S/D,Atropello,S/D,Vertical,Cordón divisorio,Sin restricción,POINT (-60.674639 -32.977647250000004),"['Avenida Francia', 'Quintana']",2,"('Avenida Francia', 'Presidente Quintana')",-32.977647250000004,-60.674639,55.0,538.0,Municipio Rosario,Municipio,Rosario,820210,Servicio de Catastro e Información Territorial,IGN
2012,6628,2012-05-03,Jueves,0.0,18:05:00,,0.0,2,"Moto/Ciclomotor,Automóvil",BV. AVELLANEDA Y BV.SEGUI,4,1,0,0,3,0,0,,Avenida,,ROSARIO,Rosario,Asfalto,No existe,II,Dentro,Urbana,Semáforo,Funciona,Recta,Bueno,Buena,"Atardecer,Con luz artificial",Buen Tiempo,De alcance,S/D,Colisión,S/D,Vertical,Cordón divisorio,Sin restricción,POINT (-60.6873526625 -32.9717476875),"['Avellaneda', 'Bulevar Juan Francisco Seguí']",2,Bulevar Nicolás Avellaneda; Bulevar Juan Francisco Seguí,-32.9717476875,-60.6873526625,55.0,538.0,Municipio Rosario,Municipio,Rosario,820210,Servicio de Catastro e Información Territorial,IGN
2012,6630,2012-05-04,Viernes,0.0,12:30:00,,0.0,2,"Moto/Ciclomotor,Automóvil",BV. AVELLANEDA Y BV. SEGUI,2,1,0,0,1,0,0,,Avenida,,ROSARIO,Rosario,Asfalto,No existe,II,Dentro,Urbana,Semáforo,Funciona,Recta,Bueno,Buena,Diurna,Buen Tiempo,De alcance,S/D,Colisión,S/D,Vertical,Cordón divisorio,Sin restricción,POINT (-60.6873526625 -32.9717476875),"['Avellaneda', 'Bulevar Juan Francisco Seguí']",2,Bulevar Nicolás Avellaneda; Bulevar Juan Francisco Seguí,-32.9717476875,-60.6873526625,55.0,538.0,Municipio Rosario,Municipio,Rosario,820210,Servicio de Catastro e Información Territorial,IGN
2012,6633,2012-05-04,Viernes,0.0,19:00:00,,0.0,2,"Bicicleta,Pickup/Utilitario",CONSTITUCION Y 24 DE SEPTIEMBRE,2,1,0,0,1,0,0,,Calle,,ROSARIO,Rosario,Asfalto,No existe,II,Dentro,Urbana,Ninguna,No existe,Intersección,Bueno,Buena,Con luz artificial,Buen Tiempo,S/D,S/D,Atropello,S/D,Vertical,Ninguna,Sin restricción,POINT (-60.68221270000001 -32.9738846),"['Constitución', '24 de Septiembre']",2,Constitución; 24 de Septiembre,-32.9738846,-60.68221270000001,55.0,538.0,Municipio Rosario,Municipio,Rosario,820210,Servicio de Catastro e Información Territorial,IGN
2012,6640,2012-05-04,Viernes,0.0,22:00:00,,0.0,2,"Bicicleta,Automóvil",BIEDMA Y PASAJE SANTA MARIA 3700,3,2,0,0,1,0,0,,Calle,,ROSARIO,Rosario,Asfalto,No existe,II,Dentro,Urbana,Ninguna,No existe,Intersección,Bueno,Buena,Con luz artificial,Buen Tiempo,Lateral,S/D,Colisión,Agua,Vertical,Ninguna,Sin restricción,POINT (-60.6831934 -32.97490439999999),"['Coronel Biedma', 'Santa María']",2,Coronel Biedma; Santa María,-32.97490439999999,-60.6831934,55.0,538.0,Municipio Rosario,Municipio,Rosario,820210,Servicio de Catastro e Información Territorial,IGN
2012,6644,2012-05-05,Sabado,0.0,10:00:00,,0.0,2,"Moto/Ciclomotor,Automóvil",GARIBALDI Y PASAJE HUTCHINCON,3,2,0,0,1,0,0,,Calle,,ROSARIO,Rosario,Asfalto,No existe,II,Dentro,Urbana,Ninguna,No existe,Intersección,Bueno,Buena,Diurna,Buen Tiempo,Lateral,S/D,Colisión,S/D,Vertical,Ninguna,S/D,POINT (-60.6775316 -32.980701999999994),"['José Garibaldi', 'Hutchinson']",2,José Garibaldi; Hutchinson,-32.980701999999994,-60.6775316,55.0,538.0,Municipio Rosario,Municipio,Rosario,820210,Servicio de Catastro e Información Territorial,IGN
2012,6646,2012-05-29,Martes,0.0,01:30:00,,0.0,2,"Moto/Ciclomotor,Automóvil",BIEDMA Y CAFERATA,3,1,0,0,2,0,0,,Calle,,ROSARIO,Rosario,Asfalto,No existe,II,Dentro,Urbana,Ninguna,No existe,Intersección,Bueno,Buena,Con luz artificial,Buen Tiempo,Lateral,S/D,Colisión,S/D,Vertical,Ninguna,Sin restricción,POINT (-60.6797569 -32.9755248),"['Coronel Biedma', 'Cafferata']",2,Coronel Biedma; Cafferata,-32.9755248,-60.6797569,55.0,538.0,Municipio Rosario,Municipio,Rosario,820210,Servicio de Catastro e Información Territorial,IGN
2012,6649,2012-05-17,Jueves,0.0,17:10:00,,0.0,2,"Moto/Ciclomotor,Pickup/Utilitario",OVIDIO LAGOS Y 24 DE SEPTIEMBRE,2,1,0,0,1,0,0,,Calle,,ROSARIO,Rosario,Asfalto,No existe,II,Dentro,Urbana,Ninguna,No existe,Intersección,Bueno,Buena,Diurna,Buen Tiempo,Lateral,S/D,Colisión,S/D,Vertical,Cordón divisorio,Sin restricción,POINT (-60.6696692 -32.9761333),"['Avenida Ovidio Lagos', '24 de Septiembre']",2,Avenida Ovidio Lagos; 24 de Septiembre,-32.9761333,-60.6696692,55.0,538.0,Municipio Rosario,Municipio,Rosario,820210,Servicio de Catastro e Información Territorial,IGN
2012,6650,2012-05-29,Martes,0.0,18:20:00,,0.0,2,"Moto/Ciclomotor,Automóvil",OVIDIO Y COULIN,2,1,0,0,1,0,0,,Calle,,ROSARIO,Rosario,Asfalto,No existe,II,Dentro,Urbana,Ninguna,No existe,Intersección,Bueno,Buena,Con luz artificial,Buen Tiempo,Lateral,S/D,Colisión,S/D,Vertical,Cordón divisorio,Sin restricción,POINT (-60.672430150000004 -32.987582149999994),"['Ovidio', 'Coulin']",2,Avenida Ovidio Lagos; Coulin,-32.987582149999994,-60.67243015,55.0,538.0,Municipio Rosario,Municipio,Rosario,820210,Servicio de Catastro e Información Territorial,IGN
2012,6652,2012-05-30,Miercoles,0.0,12:30:00,,0.0,2,"Peatón,Automóvil",CONSTITUCION AL 3400,2,0,1,0,1,0,0,,Calle,,ROSARIO,Rosario,Asfalto,No existe,II,Dentro,Urbana,Ninguna,No existe,Recta,Bueno,Buena,Diurna,Buen Tiempo,S/D,S/D,Atropello,S/D,Vertical,Ninguna,Sin restricción,"-32.9702986, -60.6813865",['Constitucion 3400'],1,Constitucion 3400,-32.9702986,-60.6813865,55.0,538.0,Municipio Rosario,Municipio,Rosario,820210,Servicio de Catastro e Información Territorial,IGN
2012,6656,2012-05-21,Lunes,0.0,20:00:00,,0.0,2,"Moto/Ciclomotor,Automóvil",BV.SEGUI Y VERA MUJICA,2,1,0,0,1,0,0,,Avenida,,ROSARIO,Rosario,Asfalto,No existe,II,Dentro,Urbana,Señal Pare,No existe,Intersección,Bueno,Buena,Nocturna,Lluvia,Frontal,S/D,Colisión,Agua,Vertical,Cordón divisorio,S/D,POINT (-60.6751543 -32.973938649999994),"['Bulevar Juan Francisco Seguí', 'Vera Mujíca']",2,Bulevar Juan Francisco Seguí; Vera Mujíca,-32.973938649999994,-60.6751543,55.0,538.0,Municipio Rosario,Municipio,Rosario,820210,Servicio de Catastro e Información Territorial,IGN
2012,6657,2012-05-22,Martes,0.0,17:45:00,,0.0,2,"Moto/Ciclomotor,Automóvil",BV. SEGUI Y ALSINA,2,1,0,0,1,0,0,,Avenida,,ROSARIO,Rosario,Asfalto,No existe,II,Dentro,Urbana,Ninguna,No existe,Intersección,Bueno,Buena,Diurna,Buen Tiempo,Lateral,S/D,Colisión,S/D,Faltante,Cordón divisorio,Sin restricción,POINT (-60.684628425 -32.97224145),"['Bulevar Juan Francisco Seguí', 'Alsina']",2,Bulevar Juan Francisco Seguí; Alsina,-32.97224145,-60.684628425,55.0,538.0,Municipio Rosario,Municipio,Rosario,820210,Servicio de Catastro e Información Territorial,IGN