anio_acci,nro_acci,fecha,desc_dia,fecha_aprox,hora_aprox,desc_ruta,km,cant_participantes,desc_participante,calle_avenida_km,total,heridos_leves,heridos_graves,heridos_gravisimos,ilesos,fallecidos,sin_datos,posicion_XY,desc_tipo_via,desc_ruta_ori,desc_loc,desc_dpto,desc_tipo_calzada,desc_tipo_banquina,desc_unidad_regional,desc_lugar_calzada,desc_zona,desc_prioridad,desc_estado_semaforo,desc_lugar_via,desc_estado_via,desc_estado_visibilidad,desc_luminosidad,desc_estado_clima,desc_tipo_colision,desc_tipo_atropello,desc_tipo_hecho,desc_pres_calzada,desc_senializacion,desc_separacion_via,desc_restriccion,forma_geocod,calle_lista,numero_calles,calles_osm,lat,lon,index_right,gid,fna,gna,nam,in1,fdc,sag
2012,6659,2012-05-26,Sabado,0.0,20:00:00,,0.0,2,"Automóvil,Moto/Ciclomotor",AV. FRANCIA Y PTE. QUINTANA,2,0,1,0,1,0,0,,Avenida,,ROSARIO,Rosario,Asfalto,No existe,II,Dentro,Urbana,Ninguna,No existe,Intersección,Bueno,Buena,"Nocturna,Con luz artificial",Buen Tiempo,Frontal,S/D,Colisión,S/D,Faltante,Vegetación,Sin restricción,POINT (-60.674639 -32.977647250000004),"['Avenida Francia', 'Quintana']",2,"('Avenida Francia', 'Presidente Quintana')",-32.977647250000004,-60.674639,55.0,538.0,Municipio Rosario,Municipio,Rosario,820210,Servicio de Catastro e Información Territorial,IGN
2012,6662,2012-05-25,Viernes,0.0,21:00:00,,0.0,2,"Peatón,Automóvil",S. NICOLAS Y URUGUAY,2,1,0,0,1,0,0,,Calle,,ROSARIO,Rosario,Asfalto,No existe,II,Dentro,Urbana,Ninguna,No existe,Intersección,Bueno,Buena,Con luz artificial,Lluvia,S/D,S/D,Atropello,S/D,Faltante,Ninguna,Sin restricción,POINT (-60.6799794 -32.9706805),"['Nicolas', 'Uruguay']",2,"('San Nicolás', 'Uruguay')",-32.9706805,-60.6799794,55.0,538.0,Municipio Rosario,Municipio,Rosario,820210,Servicio de Catastro e Información Territorial,IGN
2012,6663,2012-05-24,Jueves,0.0,17:00:00,,0.0,2,"Automóvil,Moto/Ciclomotor",AVELLANEDA Y MOSCONI,3,2,0,0,1,0,0,,Avenida,,ROSARIO,Rosario,Asfalto,No existe,II,Dentro,Urbana,Ninguna,No existe,Intersección,Bueno,Buena,Atardecer,Buen Tiempo,Lateral,S/D,Colisión,S/D,Faltante,Cordón divisorio,Sin restricción,POINT (-60.674045425 -32.994089450000004),"['Avellaneda', 'Mosconi']",2,Bulevar Nicolás Avellaneda; General Mosconi,-32.994089450000004,-60.674045425,55.0,538.0,Municipio Rosario,Municipio,Rosario,820210,Servicio de Catastro e Información Territorial,IGN
2012,6666,2012-05-20,Domingo,0.0,23:00:00,,0.0,2,"Automóvil,Taxi/Remis",URIBURU Y AVELLANEDA,5,2,0,0,3,0,0,,Avenida,,ROSARIO,Rosario,Asfalto,No existe,II,Dentro,Urbana,Semáforo,Intermitente,Intersección,Bueno,Buena,Nocturna,Buen Tiempo,Frontal,S/D,Colisión,S/D,Vertical,Cordón divisorio,S/D,POINT (-60.688810375 -32.991943325),"['Uriburu', 'Avellaneda']",2,Avenida José Uriburu; Bulevar Nicolás Avellaneda,-32.991943325,-60.688810375,55.0,538.0,Municipio Rosario,Municipio,Rosario,820210,Servicio de Catastro e Información Territorial,IGN
2012,6667,2012-05-10,Jueves,0.0,17:30:00,,0.0,2,"Peatón,Moto/Ciclomotor",PUERTO ARGENTINO Y MARADONA,2,1,0,0,1,0,0,,S/D,,ROSARIO,Rosario,Asfalto,No existe,II,S/D,Urbana,Ninguna,No funciona,Intersección,Deteriorada,Buena,S/D,S/D,S/D,S/D,Atropello,Otro,Faltante,Ninguna,Sin restricción,POINT (-60.70235840000001 -32.9796879),"['Puerto Argentino', 'Maradona']",2,Puerto Argentino; Doctor Maradona,-32.9796879,-60.70235840000001,55.0,538.0,Municipio Rosario,Municipio,Rosario,820210,Servicio de Catastro e Información Territorial,IGN
2012,6671,2012-05-03,Jueves,0.0,18:30:00,,0.0,2,"Moto/Ciclomotor,Moto/Ciclomotor",BV. SEGUI Y ESPINILLO,1,1,0,0,0,0,0,,S/D,,ROSARIO,Rosario,Asfalto,No existe,II,S/D,Urbana,Ninguna,No existe,Intersección,Deteriorada,Buena,Atardecer,Otro,Lateral,S/D,Colisión,Otro,Faltante,Ninguna,Sin restricción,POINT (-60.69908875 -32.970709400000004),"['Bulevar Juan Francisco Seguí', 'Espinillo']",2,Bulevar Juan Francisco Seguí; Espinillo,-32.970709400000004,-60.69908875,55.0,538.0,Municipio Rosario,Municipio,Rosario,820210,Servicio de Catastro e Información Territorial,IGN
2012,6674,2012-05-10,Jueves,0.0,16:00:00,,0.0,2,"Automóvil,Automóvil",AV. GODOY 5400 Y MATTENZO,3,1,0,0,2,0,0,,S/D,,ROSARIO,Rosario,Asfalto,No existe,II,S/D,Urbana,Semáforo,Funciona,Intersección,Deteriorada,Buena,S/D,S/D,Lateral,S/D,Colisión,Otro,Vertical,Ninguna,Sin restricción,POINT (-60.69394319999999 -32.95915754999999),"['Avenida Presidente Perón', 'Matienzo']",2,Avenida Presidente Perón; Benjamín Matienzo,-32.95915754999999,-60.69394319999999,55.0,538.0,Municipio Rosario,Municipio,Rosario,820210,Servicio de Catastro e Información Territorial,IGN
2012,6676,2012-05-04,Viernes,0.0,10:20:00,,0.0,2,"Peatón,Moto/Ciclomotor",GARZON Y PJE. 1831,1,1,0,0,0,0,0,,S/D,,ROSARIO,Rosario,Asfalto,No existe,II,S/D,Urbana,Ninguna,No existe,Intersección,Deteriorada,Buena,Diurna,Buen Tiempo,S/D,S/D,Atropello,Otro,Faltante,Ninguna,S/D,POINT (-60.7043405 -32.97431979999999),"['Garzón', 'Calle 1831']",2,Garzón; Calle 1831,-32.97431979999999,-60.7043405,55.0,538.0,Municipio Rosario,Municipio,Rosario,820210,Servicio de Catastro e Información Territorial,IGN
2012,6678,2012-05-05,Sabado,0.0,21:00:00,,0.0,2,"Automóvil,Automóvil",AV. GODOY Y ROVILLON,2,2,0,0,0,0,0,,Avenida,,ROSARIO,Rosario,Asfalto,No existe,II,S/D,Urbana,Semáforo,Funciona,Intersección,Deteriorada,Buena,S/D,Otro,Lateral,S/D,Colisión,Otro,Vertical,Ninguna,S/D,POINT (-60.701373475000004 -32.96289577499999),"['Avenida Presidente Perón', 'Alfredo Rouillón']",2,Avenida Presidente Perón; Alfredo Rouillón,-32.96289577499999,-60.701373475,55.0,538.0,Municipio Rosario,Municipio,Rosario,820210,Servicio de Catastro e Información Territorial,IGN
2012,6680,2012-05-05,Sabado,0.0,16:50:00,,0.0,2,"Moto/Ciclomotor,Moto/Ciclomotor",BARRA Y SAAVEDRA,2,2,0,0,0,0,0,,Calle,,ROSARIO,Rosario,Asfalto,No existe,II,Dentro,Urbana,Ninguna,No existe,Intersección,Deteriorada,Buena,S/D,S/D,Lateral,S/D,Colisión,Otro,Faltante,Ninguna,Sin restricción,POINT (-60.707373200000006 -32.9279466),"['Barra', 'Saavedra']",2,Barraco; Saavedra,-32.9279466,-60.707373200000006,55.0,538.0,Municipio Rosario,Municipio,Rosario,820210,Servicio de Catastro e Información Territorial,IGN
2012,6682,2012-05-03,Jueves,0.0,18:30:00,,0.0,2,"Moto/Ciclomotor,Pickup/Utilitario",BV. SEGUI Y ESPINILLO,3,1,0,0,2,0,0,,S/D,,ROSARIO,Rosario,Asfalto,No existe,II,S/D,Urbana,Ninguna,No existe,Intersección,Deteriorada,Buena,S/D,S/D,Lateral,S/D,Colisión,Otro,Faltante,Ninguna,Sin restricción,POINT (-60.69908875 -32.970709400000004),"['Bulevar Juan Francisco Seguí', 'Espinillo']",2,Bulevar Juan Francisco Seguí; Espinillo,-32.970709400000004,-60.69908875,55.0,538.0,Municipio Rosario,Municipio,Rosario,820210,Servicio de Catastro e Información Territorial,IGN
2012,6688,2012-05-10,Jueves,0.0,10:30:00,,0.0,2,"Moto/Ciclomotor,Pickup/Utilitario",MATIENZO Y OCAMPO,2,1,0,0,1,0,0,,S/D,,ROSARIO,Rosario,Asfalto,No existe,II,S/D,Urbana,Ninguna,No existe,Intersección,Deteriorada,Buena,S/D,Otro,Lateral,S/D,Colisión,S/D,Faltante,Ninguna,Sin restricción,POINT (-60.694012 -32.9575334),"['Matienzo', 'Ocampo']",2,Benjamín Matienzo; Ocampo,-32.9575334,-60.694012,55.0,538.0,Municipio Rosario,Municipio,Rosario,820210,Servicio de Catastro e Información Territorial,IGN
2012,6689,2012-05-09,Miercoles,0.0,22:00:00,,0.0,2,"Moto/Ciclomotor,Otros",RUEDA Y SOLIS,1,1,0,0,0,0,0,,S/D,,ROSARIO,Rosario,Asfalto,No existe,II,S/D,Urbana,Ninguna,No existe,Intersección,Deteriorada,Buena,S/D,Buen Tiempo,Lateral,S/D,Colisión,Otro,Faltante,Ninguna,Sin restricción,POINT (-60.7024604 -32.96254079999999),"['Rueda', 'Solis']",2,Rueda; Juan Díaz de Solís,-32.96254079999999,-60.7024604,55.0,538.0,Municipio Rosario,Municipio,Rosario,820210,Servicio de Catastro e Información Territorial,IGN
2012,6691,2012-05-18,Viernes,0.0,20:30:00,,0.0,2,"Peatón,Automóvil",MATIENZO 2700,2,1,0,0,1,0,0,,Calle,,ROSARIO,Rosario,Asfalto,No existe,II,S/D,Urbana,Ninguna,No existe,Intersección,Deteriorada,Buena,Nocturna,S/D,S/D,S/D,Atropello,Otro,Faltante,Ninguna,Sin restricción,"-32.9598656, -60.6940262",['Matienzo 2700'],1,Matienzo 2700,-32.9598656,-60.6940262,55.0,538.0,Municipio Rosario,Municipio,Rosario,820210,Servicio de Catastro e Información Territorial,IGN
2012,6692,2012-08-18,Sabado,0.0,19:00:00,,0.0,2,"Automóvil,Automóvil",BV. SEGUI Y GARZON,2,1,0,0,1,0,0,,Avenida,,ROSARIO,Rosario,Asfalto,No existe,II,S/D,Urbana,Semáforo,Funciona,Intersección,Deteriorada,Buena,Atardecer,S/D,Lateral,S/D,Colisión,Otro,Vertical,Ninguna,Sin restricción,POINT (-60.70447655 -32.97085324999999),"['Bulevar Juan Francisco Seguí', 'Garzón']",2,Bulevar Juan Francisco Seguí; Garzón,-32.97085324999999,-60.70447655,55.0,538.0,Municipio Rosario,Municipio,Rosario,820210,Servicio de Catastro e Información Territorial,IGN
2012,6695,2012-05-19,Sabado,0.0,17:30:00,,0.0,2,"Pickup/Utilitario,Moto/Ciclomotor",P. PERON Y TTE. AGNETA,2,2,0,0,0,0,0,,Avenida,,ROSARIO,Rosario,Asfalto,No existe,II,S/D,Urbana,Ninguna,No existe,Intersección,Deteriorada,Buena,S/D,S/D,Lateral,S/D,Colisión,S/D,Faltante,Ninguna,Sin restricción,POINT (-60.6989055 -32.96165564999999),"['Avenida Presidente Perón', 'Teniente Agneta']",2,Avenida Presidente Perón; Teniente Agneta,-32.96165564999999,-60.6989055,55.0,538.0,Municipio Rosario,Municipio,Rosario,820210,Servicio de Catastro e Información Territorial,IGN
2012,6697,2012-05-20,Domingo,0.0,22:30:00,,0.0,2,"Moto/Ciclomotor,Taxi/Remis",BV. SEGUI Y CASALS,4,2,0,0,2,0,0,,S/D,,ROSARIO,Rosario,Asfalto,No existe,II,S/D,Urbana,Ninguna,No existe,Intersección,Deteriorada,Buena,S/D,Buen Tiempo,Lateral,S/D,Colisión,S/D,Faltante,Ninguna,Sin restricción,POINT (-60.6976156 -32.9707371),"['Bulevar Juan Francisco Seguí', 'Casals']",2,Bulevar Juan Francisco Seguí; Joaquina de Casals,-32.9707371,-60.6976156,55.0,538.0,Municipio Rosario,Municipio,Rosario,820210,Servicio de Catastro e Información Territorial,IGN
2012,6699,2012-05-20,Domingo,0.0,19:00:00,,0.0,2,"Moto/Ciclomotor,Moto/Ciclomotor",BV. SEGUI Y MATIENZO,3,3,0,0,0,0,0,,S/D,,ROSARIO,Rosario,Asfalto,No existe,II,S/D,Urbana,Semáforo,Funciona,Intersección,Deteriorada,Buena,Atardecer,S/D,Lateral,S/D,Colisión,Otro,Vertical,Ninguna,Sin restricción,POINT (-60.693519525000006 -32.970552749999996),"['Bulevar Juan Francisco Seguí', 'Matienzo']",2,Bulevar Juan Francisco Seguí; Benjamín Matienzo,-32.97055275,-60.693519525000006,55.0,538.0,Municipio Rosario,Municipio,Rosario,820210,Servicio de Catastro e Información Territorial,IGN
2012,6700,2012-05-20,Domingo,0.0,11:00:00,,0.0,2,"Moto/Ciclomotor,Automóvil",27 DE FEBRERO Y MAGALLANES,2,2,0,0,0,0,0,,S/D,,ROSARIO,Rosario,Asfalto,No existe,II,S/D,Urbana,Ninguna,No existe,Intersección,Deteriorada,Buena,S/D,S/D,Lateral,S/D,Colisión,Otro,Faltante,Ninguna,Sin restricción,POINT (-60.70375729999999 -32.9591521),"['27 de Febrero', 'Magallanes']",2,Bulevar 27 de Febrero; Magallanes,-32.9591521,-60.70375729999999,55.0,538.0,Municipio Rosario,Municipio,Rosario,820210,Servicio de Catastro e Información Territorial,IGN
2012,6702,2012-05-22,Martes,0.0,21:00:00,,0.0,2,"Moto/Ciclomotor,Automóvil",OCAMPO Y SOLIS,2,2,0,0,0,0,0,,S/D,,ROSARIO,Rosario,Asfalto,No existe,II,S/D,Urbana,Ninguna,No existe,Intersección,Deteriorada,Buena,S/D,S/D,Lateral,S/D,Colisión,S/D,Faltante,Ninguna,Sin restricción,POINT (-60.7026329 -32.957768599999994),"['Ocampo', 'Solis']",2,Ocampo; Juan Díaz de Solís,-32.957768599999994,-60.7026329,55.0,538.0,Municipio Rosario,Municipio,Rosario,820210,Servicio de Catastro e Información Territorial,IGN
2012,6704,2012-05-22,Martes,0.0,21:00:00,,0.0,2,"Automóvil,Automóvil",LESGARZA Y TTE. AGNETA,2,1,0,0,1,0,0,,S/D,,ROSARIO,Rosario,Asfalto,No existe,II,S/D,Urbana,Ninguna,No existe,Intersección,Deteriorada,Buena,S/D,S/D,Lateral,S/D,Colisión,Otro,Faltante,Ninguna,Sin restricción,POINT (-60.6987972 -32.9666113),"['Joaquín Lejarza', 'Teniente Agneta']",2,Joaquín Lejarza; Teniente Agneta,-32.9666113,-60.6987972,55.0,538.0,Municipio Rosario,Municipio,Rosario,820210,Servicio de Catastro e Información Territorial,IGN
2012,6710,2012-05-22,Martes,0.0,10:00:00,,0.0,2,"Bicicleta,Automóvil",BV. SEGUI Y ESPINILLO,3,3,0,0,0,0,0,,Calle,,ROSARIO,Rosario,Asfalto,No existe,II,S/D,S/D,S/D,S/D,Intersección,Deteriorada,Buena,S/D,S/D,S/D,S/D,Atropello,S/D,S/D,Ninguna,S/D,POINT (-60.69908875 -32.970709400000004),"['Bulevar Juan Francisco Seguí', 'Espinillo']",2,Bulevar Juan Francisco Seguí; Espinillo,-32.970709400000004,-60.69908875,55.0,538.0,Municipio Rosario,Municipio,Rosario,820210,Servicio de Catastro e Información Territorial,IGN
2012,6713,2012-05-23,Miercoles,0.0,15:00:00,,0.0,2,"Bicicleta,Moto/Ciclomotor",ROVILLON Y RUEDA,2,1,0,0,1,0,0,,Calle,,ROSARIO,Rosario,Asfalto,No existe,II,S/D,S/D,Ninguna,No existe,Intersección,Deteriorada,Buena,S/D,S/D,S/D,S/D,Atropello,S/D,Faltante,Ninguna,Sin restricción,POINT (-60.7014466 -32.96251250000001),"['Alfredo Rouillón', 'Rueda']",2,Alfredo Rouillón; Rueda,-32.96251250000001,-60.7014466,55.0,538.0,Municipio Rosario,Municipio,Rosario,820210,Servicio de Catastro e Información Territorial,IGN
2012,6717,2012-05-26,Sabado,0.0,15:20:00,,0.0,2,"Moto/Ciclomotor,Automóvil",ROVILLON Y GARAY,1,1,0,0,0,0,0,,S/D,,ROSARIO,Rosario,Asfalto,No existe,II,S/D,Urbana,Ninguna,No existe,Intersección,Deteriorada,Buena,S/D,S/D,Lateral,S/D,Colisión,S/D,Faltante,Ninguna,Sin restricción,POINT (-60.70124534999999 -32.96601455),"['Alfredo Rouillón', 'Garay']",2,Alfredo Rouillón; Juan de Garay,-32.96601455,-60.70124534999999,55.0,538.0,Municipio Rosario,Municipio,Rosario,820210,Servicio de Catastro e Información Territorial,IGN
2012,6721,2012-05-03,Jueves,0.0,10:00:00,,0.0,3,"Moto/Ciclomotor,Automóvil,Bicicleta",P. UNIDAS Y RUEDA,3,2,0,0,1,0,0,,Calle,,ROSARIO,Rosario,Asfalto,S/D,II,S/D,Urbana,S/D,No existe,Intersección,Deteriorada,Buena,Diurna,Buen Tiempo,Lateral,S/D,Colisión,S/D,S/D,S/D,S/D,POINT (-60.711669799999996 -32.9627928),"['Avenida Provincias Unidas', 'Rueda']",2,Avenida Provincias Unidas; Rueda,-32.9627928,-60.7116698,55.0,538.0,Municipio Rosario,Municipio,Rosario,820210,Servicio de Catastro e Información Territorial,IGN
2012,6722,2012-05-04,Viernes,0.0,12:00:00,,0.0,2,"Automóvil,Moto/Ciclomotor",IRURTIA Y F. DIAZ,2,2,0,0,0,0,0,,Calle,,ROSARIO,Rosario,Asfalto,No existe,II,S/D,Urbana,S/D,No existe,Intersección,Deteriorada,Buena,Diurna,Buen Tiempo,Lateral,S/D,Colisión,S/D,S/D,S/D,S/D,POINT (-60.7284488 -32.9671532),"['Irurtia', 'Diaz']",2,Irurtia; Juan Díaz de Solís,-32.9671532,-60.7284488,55.0,538.0,Municipio Rosario,Municipio,Rosario,820210,Servicio de Catastro e Información Territorial,IGN
2012,6727,2012-05-12,Sabado,0.0,09:00:00,,0.0,2,"Moto/Ciclomotor,Moto/Ciclomotor",AV. CIRCUNVALACION Y PTE. PERON,2,1,0,0,1,0,0,,Calle,,ROSARIO,Rosario,Asfalto,No existe,II,Dentro,Urbana,Semáforo,S/D,Intersección,Deteriorada,Buena,Diurna,Buen Tiempo,S/D,S/D,Colisión,S/D,S/D,S/D,S/D,POINT (-60.71697254694366 -32.9707081028425),"['Circunvalacion', 'Avenida Presidente Perón']",2,Avenida de Circunvalación 25 de Mayo; Avenida Presidente Perón,-32.9707081028425,-60.71697254694366,55.0,538.0,Municipio Rosario,Municipio,Rosario,820210,Servicio de Catastro e Información Territorial,IGN
2012,6730,2012-05-09,Miercoles,0.0,20:30:00,,0.0,2,"Automóvil,Automóvil",baigorria y avalos,3,2,0,0,1,0,0,,Calle,,ROSARIO,Rosario,Asfalto,S/D,II,Dentro,Urbana,S/D,S/D,Intersección,Bueno,Buena,Nocturna,Buen Tiempo,Otro,S/D,Colisión,Otro,Faltante,S/D,Sin restricción,POINT (-60.708003549999994 -32.89377125),"['Baigorria', 'Ávalos']",2,Baigorria; Ávalos,-32.89377125,-60.70800355,55.0,538.0,Municipio Rosario,Municipio,Rosario,820210,Servicio de Catastro e Información Territorial,IGN
2012,6736,2012-05-03,Jueves,0.0,17:15:00,,0.0,2,"Moto/Ciclomotor,Automóvil",superi y union,3,2,0,0,1,0,0,,Calle,,ROSARIO,Rosario,Asfalto,S/D,II,Dentro,Urbana,S/D,S/D,Intersección,Bueno,S/D,S/D,Buen Tiempo,Lateral,S/D,Colisión,Otro,Faltante,S/D,Sin restricción,POINT (-60.7023202 -32.89639519999999),"['Superi', 'Unión']",2,Comandante José Superí; Unión,-32.89639519999999,-60.7023202,55.0,538.0,Municipio Rosario,Municipio,Rosario,820210,Servicio de Catastro e Información Territorial,IGN
2012,6739,2012-05-13,Domingo,0.0,16:00:00,,0.0,2,"Pickup/Utilitario,Bicicleta",AV. P. UNIDAS Y BERTOLO,2,1,0,0,1,0,0,,Calle,,ROSARIO,Rosario,Asfalto,No existe,II,S/D,Urbana,S/D,No existe,Intersección,Deteriorada,Buena,Diurna,Buen Tiempo,S/D,S/D,Atropello,S/D,S/D,S/D,S/D,POINT (-60.7116512 -32.9649455),"['Avenida Provincias Unidas', 'Bertole']",2,Avenida Provincias Unidas; Bertole,-32.9649455,-60.7116512,55.0,538.0,Municipio Rosario,Municipio,Rosario,820210,Servicio de Catastro e Información Territorial,IGN
2012,6741,2012-05-06,Domingo,0.0,10:00:00,,0.0,2,"Moto/Ciclomotor,Automóvil",AV. P. UNIDAS Y OCAMPO,2,2,0,0,0,0,0,,S/D,,ROSARIO,Rosario,Hormigón,S/D,II,S/D,Urbana,S/D,Funciona,Intersección,Deteriorada,Buena,Diurna,Buen Tiempo,Lateral,S/D,Colisión,S/D,S/D,S/D,S/D,POINT (-60.7118703 -32.95801295),"['Avenida Provincias Unidas', 'Ocampo']",2,Avenida Provincias Unidas; Ocampo,-32.95801295,-60.7118703,55.0,538.0,Municipio Rosario,Municipio,Rosario,820210,Servicio de Catastro e Información Territorial,IGN
2012,6743,2012-05-18,Viernes,0.0,17:00:00,,0.0,3,"Moto/Ciclomotor,Peatón,Automóvil",AV. CIRCUNVALACION Y URIBURU,2,2,0,0,0,0,0,,Calle,,ROSARIO,Rosario,Asfalto,S/D,II,S/D,Urbana,S/D,No existe,Intersección,Deteriorada,Buena,Diurna,Buen Tiempo,Múltiple,S/D,"Colisión,Atropello",S/D,S/D,S/D,S/D,POINT (-60.70053645 -32.992253950000006),"['Circunvalacion', 'Uriburu']",2,"('Juan Pablo II', 'Avenida José Uriburu')",-32.992253950000006,-60.70053645,55.0,538.0,Municipio Rosario,Municipio,Rosario,820210,Servicio de Catastro e Información Territorial,IGN
2012,6748,2012-05-25,Viernes,0.0,09:00:00,,0.0,2,"Taxi/Remis,Moto/Ciclomotor",AV. P. UNIDAS Y RUEDA,2,1,0,0,1,0,0,,Calle,,ROSARIO,Rosario,Asfalto,S/D,II,S/D,Urbana,Semáforo,Funciona,Intersección,Deteriorada,Buena,Diurna,Buen Tiempo,"Frontal,Lateral",S/D,Colisión,S/D,S/D,S/D,S/D,POINT (-60.711669799999996 -32.9627928),"['Avenida Provincias Unidas', 'Rueda']",2,Avenida Provincias Unidas; Rueda,-32.9627928,-60.7116698,55.0,538.0,Municipio Rosario,Municipio,Rosario,820210,Servicio de Catastro e Información Territorial,IGN
2012,6750,2012-05-28,Lunes,0.0,08:00:00,,0.0,2,"Automóvil,Peatón",27 DE FEBRERO Y AV. CIRCUNVALACION,2,1,1,0,0,0,0,,Calle,,ROSARIO,Rosario,Hormigón,S/D,II,S/D,Urbana,Semáforo,Funciona,Intersección,Deteriorada,Buena,Diurna,Buen Tiempo,S/D,S/D,Atropello,S/D,S/D,S/D,S/D,POINT (-60.671730569613096 -32.965475411263625),"['27 de Febrero', 'Circunvalacion']",2,Bulevar 27 de Febrero; Avenida de Circunvalación 25 de Mayo,-32.965475411263625,-60.671730569613096,55.0,538.0,Municipio Rosario,Municipio,Rosario,820210,Servicio de Catastro e Información Territorial,IGN
2012,6751,2012-05-08,Martes,0.0,13:30:00,,0.0,2,"Moto/Ciclomotor,Moto/Ciclomotor",araoz y molina ,2,2,0,0,0,0,0,,Calle,,ROSARIO,Rosario,Asfalto,S/D,II,Dentro,Urbana,S/D,S/D,Curva,Bueno,Buena,S/D,Buen Tiempo,Lateral,S/D,Colisión,Otro,Faltante,S/D,Sin restricción,POINT (-60.704887799999995 -32.891090999999996),"['Aráoz', 'Molina']",2,Gregorio Aráoz de Lamadrid; Molina,-32.891091,-60.7048878,55.0,538.0,Municipio Rosario,Municipio,Rosario,820210,Servicio de Catastro e Información Territorial,IGN
2012,6752,2012-05-08,Martes,0.0,06:00:00,,0.0,2,"Moto/Ciclomotor,Automóvil",OV. LAGOS 6300,2,1,0,0,1,0,0,,Avenida,,ROSARIO,Rosario,Asfalto,Pavimento,II,S/D,Urbana,Semáforo,Funciona,Intersección,Bueno,Buena,Nocturna,Buen Tiempo,Lateral,S/D,Colisión,S/D,Horizontal,Cordón divisorio,Sin restricción,"-33.0259193, -60.6809495",['Ovidio Lagos 6300'],1,Ovidio Lagos 6300,-33.0259193,-60.6809495,55.0,538.0,Municipio Rosario,Municipio,Rosario,820210,Servicio de Catastro e Información Territorial,IGN
2012,6754,2012-05-14,Lunes,0.0,06:40:00,,0.0,2,"Moto/Ciclomotor,Moto/Ciclomotor",OV. LAGOS 6800,2,2,0,0,0,0,0,,Avenida,,ROSARIO,Rosario,Asfalto,No existe,II,Dentro,Urbana,Ninguna,No existe,Recta,Bueno,Buena,Nocturna,S/D,De alcance,S/D,Colisión,S/D,Horizontal,Cordón divisorio,Sin restricción,"-33.0259193, -60.6809495",['Ovidio Lagos 6800'],1,Ovidio Lagos 6800,-33.0259193,-60.6809495,55.0,538.0,Municipio Rosario,Municipio,Rosario,820210,Servicio de Catastro e Información Territorial,IGN
2012,6756,2012-05-08,Martes,0.0,16:30:00,,0.0,2,"Moto/Ciclomotor,Automóvil",superi y molina,3,0,1,0,2,0,0,,Calle,,ROSARIO,Rosario,Asfalto,S/D,II,Dentro,Urbana,S/D,S/D,Intersección,Bueno,Buena,S/D,Buen Tiempo,Lateral,S/D,Colisión,Otro,Faltante,Ninguna,Sin restricción,POINT (-60.704566500000006 -32.8965788),"['Superi', 'Molina']",2,Comandante José Superí; Molina,-32.8965788,-60.704566500000006,55.0,538.0,Municipio Rosario,Municipio,Rosario,820210,Servicio de Catastro e Información Territorial,IGN
2012,6757,2012-05-15,Martes,0.0,18:00:00,,0.0,2,"Automóvil,Moto/Ciclomotor",FRANCIA 5400,2,1,0,0,1,0,0,,Avenida,,ROSARIO,Rosario,Asfalto,Pavimento,II,Dentro,Urbana,Ninguna,No existe,Cruce,Bueno,Buena,Diurna,Buen Tiempo,Lateral,S/D,Colisión,S/D,Horizontal,Cordón divisorio,Sin restricción,"-32.9349356, -60.6639852",['Francia 5400'],1,Francia 5400,-32.9349356,-60.6639852,55.0,538.0,Municipio Rosario,Municipio,Rosario,820210,Servicio de Catastro e Información Territorial,IGN
2012,6758,2012-05-21,Lunes,0.0,18:15:00,,0.0,2,"Automóvil,Moto/Ciclomotor",manuel garcia y perdriel,4,0,2,0,2,0,0,,Calle,,ROSARIO,Rosario,Asfalto,S/D,II,Dentro,Urbana,S/D,S/D,Curva,Bueno,S/D,S/D,Buen Tiempo,Lateral,S/D,Colisión,Otro,Faltante,S/D,Sin restricción,POINT (-60.713816 -32.8950279),"['Manuel García', 'Perdriel']",2,Manuel García; Perdriel,-32.8950279,-60.713816,55.0,538.0,Municipio Rosario,Municipio,Rosario,820210,Servicio de Catastro e Información Territorial,IGN
2012,6759,2012-05-16,Miercoles,0.0,00:05:00,,0.0,2,"Automóvil,Moto/Ciclomotor",OV. LAGOS 7200,2,1,0,0,1,0,0,,Calle,,ROSARIO,Rosario,Asfalto,Pavimento,II,Dentro,Urbana,Ninguna,Funciona,Recta,Bueno,Buena,Nocturna,Buen Tiempo,De alcance,S/D,Colisión,S/D,Horizontal,Línea divisoria pintada,Sin restricción,"-32.9818631, -60.6709989",['Ovidio Lagos 7200'],1,Ovidio Lagos 7200,-32.9818631,-60.6709989,55.0,538.0,Municipio Rosario,Municipio,Rosario,820210,Servicio de Catastro e Información Territorial,IGN
2012,6761,2012-05-07,Lunes,0.0,13:55:00,,0.0,2,"Moto/Ciclomotor,Automóvil",bufano y h. manzi,2,1,0,0,1,0,0,,Calle,,ROSARIO,Rosario,Asfalto,No existe,II,Dentro,Urbana,S/D,No existe,Intersección,Bueno,Buena,Diurna,Buen Tiempo,Lateral,S/D,Colisión,S/D,S/D,S/D,Sin restricción,POINT (-60.7182194 -32.8869965),"['Bufano', 'Manzi']",2,Bufano; Homero Manzi,-32.8869965,-60.7182194,55.0,538.0,Municipio Rosario,Municipio,Rosario,820210,Servicio de Catastro e Información Territorial,IGN