anio_acci,nro_acci,fecha,desc_dia,fecha_aprox,hora_aprox,desc_ruta,km,cant_participantes,desc_participante,calle_avenida_km,total,heridos_leves,heridos_graves,heridos_gravisimos,ilesos,fallecidos,sin_datos,posicion_XY,desc_tipo_via,desc_ruta_ori,desc_loc,desc_dpto,desc_tipo_calzada,desc_tipo_banquina,desc_unidad_regional,desc_lugar_calzada,desc_zona,desc_prioridad,desc_estado_semaforo,desc_lugar_via,desc_estado_via,desc_estado_visibilidad,desc_luminosidad,desc_estado_clima,desc_tipo_colision,desc_tipo_atropello,desc_tipo_hecho,desc_pres_calzada,desc_senializacion,desc_separacion_via,desc_restriccion,forma_geocod,calle_lista,numero_calles,calles_osm,lat,lon,index_right,gid,fna,gna,nam,in1,fdc,sag
2012,6765,2012-05-15,Martes,0.0,20:40:00,,0.0,2,"Moto/Ciclomotor,Automóvil",h. irigoyen y los cocos,3,1,0,0,2,0,0,,Calle,,ROSARIO,Rosario,Asfalto,No existe,II,Dentro,Urbana,S/D,No existe,Intersección,Bueno,Buena,Nocturna,Buen Tiempo,Lateral,S/D,Colisión,S/D,Faltante,S/D,Sin restricción,POINT (-60.708027400000006 -32.884862),"['Avenida Hipólito Irigoyen', 'Los Cocos']",2,Avenida Hipólito Irigoyen; Los Cocos,-32.884862,-60.708027400000006,55.0,538.0,Municipio Rosario,Municipio,Rosario,820210,Servicio de Catastro e Información Territorial,IGN
2012,6767,2012-05-16,Miercoles,0.0,19:00:00,,0.0,1,Moto/Ciclomotor,M. DE ESTRADA 7800,1,1,0,0,0,0,0,,Calle,,ROSARIO,Rosario,S/D,S/D,II,S/D,Urbana,S/D,S/D,Recta,S/D,S/D,S/D,S/D,Atropello animal,S/D,Colisión,S/D,S/D,S/D,S/D,"-32.90961815, -60.7369787200779",['Martinez De Estrada 7800'],1,Martinez De Estrada 7800,-32.90961815,-60.7369787200779,55.0,538.0,Municipio Rosario,Municipio,Rosario,820210,Servicio de Catastro e Información Territorial,IGN
2012,6768,2012-04-27,Viernes,0.0,,,0.0,2,"Pickup/Utilitario,Automóvil",av. circunvalacion y baigorria,3,3,0,0,0,0,0,,Avenida,,ROSARIO,Rosario,Asfalto,Pavimento,II,Dentro,Urbana,S/D,S/D,Recta,Bueno,S/D,S/D,Buen Tiempo,Múltiple,S/D,Colisión,S/D,S/D,S/D,Sin restricción,POINT (-60.719770260245994 -32.893468154963045),"['Circunvalacion', 'Baigorria']",2,Avenida de Circunvalación 25 de Mayo; Baigorria,-32.893468154963045,-60.719770260246,55.0,538.0,Municipio Rosario,Municipio,Rosario,820210,Servicio de Catastro e Información Territorial,IGN
2012,6771,2012-05-19,Sabado,0.0,21:15:00,,0.0,2,"Moto/Ciclomotor,Automóvil",TARRAGONA Y J. NEWERY,2,1,0,0,1,0,0,,Calle,,ROSARIO,Rosario,S/D,S/D,II,S/D,Urbana,S/D,S/D,S/D,S/D,S/D,S/D,S/D,S/D,S/D,Colisión,S/D,S/D,S/D,S/D,POINT (-60.7354351 -32.90855883333332),"['Tarragona', 'Newbery']",2,Tarragona; Pasaje Newbery,-32.90855883333332,-60.7354351,55.0,538.0,Municipio Rosario,Municipio,Rosario,820210,Servicio de Catastro e Información Territorial,IGN
2012,6772,2012-05-20,Domingo,0.0,04:40:00,,0.0,1,Moto/Ciclomotor,SORRENTO Y AV. CIRCUNVALACION,2,2,0,0,0,0,0,,Avenida,,ROSARIO,Rosario,S/D,S/D,II,S/D,Urbana,S/D,S/D,S/D,S/D,S/D,S/D,S/D,S/D,S/D,S/D,S/D,S/D,S/D,S/D,POINT (-60.72270983333334 -32.90836276666666),"['Sorrento', 'Circunvalacion']",2,"('Avenida Sorrento', 'Juan Pablo II')",-32.90836276666666,-60.72270983333334,55.0,538.0,Municipio Rosario,Municipio,Rosario,820210,Servicio de Catastro e Información Territorial,IGN
2012,6773,2012-05-25,Viernes,0.0,20:25:00,,0.0,3,"Peatón,Peatón,Moto/Ciclomotor",CALLE 1441 AL 7700,3,1,0,0,2,0,0,,Calle,,ROSARIO,Rosario,Asfalto,S/D,II,Dentro,Urbana,S/D,S/D,Recta,Bueno,Buena,Diurna,Buen Tiempo,S/D,S/D,Atropello,S/D,S/D,S/D,S/D,"-32.908881, -60.7299313",['Calle 1441 7700'],1,Calle 1441 7700,-32.908881,-60.7299313,55.0,538.0,Municipio Rosario,Municipio,Rosario,820210,Servicio de Catastro e Información Territorial,IGN
2012,6775,2012-05-28,Lunes,0.0,16:00:00,,0.0,1,Moto/Ciclomotor,M. ESTRADA Y SANCHEZ DE CORIA,1,1,0,0,0,0,0,,Calle,,ROSARIO,Rosario,Asfalto,S/D,II,S/D,Urbana,S/D,S/D,Intersección,S/D,Buena,Diurna,S/D,S/D,S/D,Caída ocupante,S/D,S/D,Ninguna,S/D,POINT (-60.7329862 -32.9112576),"['Estrada', 'Sánchez de Loria']",2,Estrada; Sánchez de Loria,-32.9112576,-60.7329862,55.0,538.0,Municipio Rosario,Municipio,Rosario,820210,Servicio de Catastro e Información Territorial,IGN
2012,6777,2012-05-05,Sabado,0.0,,,0.0,2,"Pickup/Utilitario,Automóvil",DERQUI Y AMUSCHASTEGUI 1500,2,1,0,0,1,0,0,,S/D,,ROSARIO,Rosario,Asfalto,No existe,II,S/D,S/D,S/D,No existe,Recta,S/D,Buena,Diurna,Buen Tiempo,Otro,S/D,Colisión,S/D,Horizontal,Ninguna,S/D,POINT (-60.73257019999999 -32.93858689999999),"['Derqui', 'Amuchástegui']",2,Derqui; Amuchástegui,-32.93858689999999,-60.73257019999999,55.0,538.0,Municipio Rosario,Municipio,Rosario,820210,Servicio de Catastro e Información Territorial,IGN
2012,6778,2012-05-08,Martes,0.0,19:30:00,,0.0,2,"Automóvil,Moto/Ciclomotor",RAVIGNANI Y MENDOZA 1100,3,2,0,0,1,0,0,,S/D,,ROSARIO,Rosario,Asfalto,No existe,II,S/D,S/D,S/D,No existe,Recta,Bueno,Buena,Atardecer,Buen Tiempo,Otro,S/D,Colisión,S/D,Horizontal,S/D,S/D,POINT (-60.72619850000001 -32.940656999999995),"['Ravignani', 'Mendoza']",2,Ravignani; Mendoza,-32.940656999999995,-60.72619850000001,55.0,538.0,Municipio Rosario,Municipio,Rosario,820210,Servicio de Catastro e Información Territorial,IGN
2012,6780,2012-05-08,Martes,0.0,18:45:00,,0.0,2,"Moto/Ciclomotor,Automóvil",DONADO Y MONTEVIDEO 1500,3,2,0,0,1,0,0,,S/D,,ROSARIO,Rosario,Asfalto,No existe,II,S/D,S/D,Ninguna,No existe,Recta,Bueno,Buena,Atardecer,Buen Tiempo,Otro,S/D,Colisión,S/D,Horizontal,S/D,Sin restricción,POINT (-60.7267076 -32.947557599999996),"['Donado', 'Montevideo']",2,José Agustín Donado; Montevideo,-32.9475576,-60.7267076,55.0,538.0,Municipio Rosario,Municipio,Rosario,820210,Servicio de Catastro e Información Territorial,IGN
2012,6783,2012-05-24,Jueves,0.0,18:40:00,,0.0,2,"Automóvil,Moto/Ciclomotor",av. jorge newbery al 9100,2,1,0,0,0,0,1,,Ruta,,ROSARIO,Rosario,Asfalto,S/D,II,Dentro,Urbana,S/D,S/D,Recta,Bueno,Buena,Atardecer,Buen Tiempo,S/D,S/D,Colisión,S/D,S/D,S/D,Sin restricción,"-32.9091124, -60.7625007",['Jorge Newbery 9100'],1,Jorge Newbery 9100,-32.9091124,-60.7625007,55.0,538.0,Municipio Rosario,Municipio,Rosario,820210,Servicio de Catastro e Información Territorial,IGN
2012,6784,2012-05-21,Lunes,0.0,22:30:00,,0.0,2,"Automóvil,Moto/Ciclomotor",BRASIL Y COCHABAMBA 7300,3,2,0,0,1,0,0,,Calle,,ROSARIO,Rosario,Asfalto,No existe,II,Dentro,Urbana,Ninguna,No existe,Intersección,Deteriorada,Buena,Nocturna,Lluvia,Lateral,S/D,Colisión,Agua,Faltante,Ninguna,Sin restricción,POINT (-60.719126100000004 -32.94999399999999),"['Brasil', 'Cochabamba']",2,Brasil; Cochabamba,-32.94999399999999,-60.7191261,55.0,538.0,Municipio Rosario,Municipio,Rosario,820210,Servicio de Catastro e Información Territorial,IGN
2012,6791,2012-05-09,Miercoles,0.0,08:30:00,,0.0,2,"Automóvil,Peatón",catamarca 1300,2,1,0,0,1,0,0,,Calle,,ROSARIO,Rosario,Asfalto,Pavimento,II,Dentro,Urbana,S/D,No existe,Recta,Bueno,Buena,Diurna,Buen Tiempo,De alcance,S/D,Atropello,S/D,Faltante,S/D,Sin restricción,"-32.9401352, -60.6393877",['Catamarca 1300'],1,Catamarca 1300,-32.9401352,-60.6393877,55.0,538.0,Municipio Rosario,Municipio,Rosario,820210,Servicio de Catastro e Información Territorial,IGN
2012,6792,2012-05-09,Miercoles,0.0,17:00:00,,0.0,2,"Bicicleta,Automóvil",corrientes 300,2,1,0,0,1,0,0,,Calle,,ROSARIO,Rosario,Asfalto,Pavimento,II,Fuera,Urbana,S/D,No existe,Recta,Bueno,Buena,Diurna,Buen Tiempo,Lateral,S/D,Atropello,S/D,Faltante,S/D,Sin restricción,"-32.9397921, -60.6409168",['Corrientes 300'],1,Corrientes 300,-32.9397921,-60.6409168,55.0,538.0,Municipio Rosario,Municipio,Rosario,820210,Servicio de Catastro e Información Territorial,IGN
2012,6793,2012-05-09,Miercoles,0.0,,,0.0,2,"Bicicleta,Otros",paraguay y urquiza,2,1,0,0,0,0,1,,Calle,,ROSARIO,Rosario,Asfalto,Pavimento,II,Dentro,Urbana,S/D,No existe,Intersección,Bueno,S/D,S/D,Buen Tiempo,Lateral,S/D,Atropello,S/D,Faltante,S/D,Sin restricción,POINT (-60.642866000000005 -32.941996),"['Paraguay', 'Urquiza']",2,Paraguay; Justo José de Urquiza,-32.941996,-60.642866000000005,55.0,538.0,Municipio Rosario,Municipio,Rosario,820210,Servicio de Catastro e Información Territorial,IGN
2012,6794,2012-05-12,Sabado,0.0,,,0.0,2,"Transporte de Pasajeros Urbano (> 8 asientos),Automóvil",dorrego y jujuy ,2,1,0,0,1,0,0,,Calle,,ROSARIO,Rosario,Asfalto,Pavimento,II,Dentro,Urbana,S/D,No existe,Intersección,Bueno,S/D,Diurna,Buen Tiempo,Lateral,S/D,Colisión,S/D,Vertical,S/D,Sin restricción,POINT (-60.647131900000005 -32.9362996),"['Dorrego', 'Jujuy']",2,Manuel Dorrego; Jujuy,-32.9362996,-60.647131900000005,55.0,538.0,Municipio Rosario,Municipio,Rosario,820210,Servicio de Catastro e Información Territorial,IGN
2012,6795,2012-05-13,Domingo,0.0,,,0.0,2,"Peatón,Automóvil",pte. roca y urquiza,2,1,0,0,1,0,0,,Calle,,ROSARIO,Rosario,Asfalto,Pavimento,II,Dentro,Urbana,S/D,No existe,Intersección,Bueno,S/D,S/D,Buen Tiempo,Lateral,S/D,Atropello,S/D,Faltante,S/D,Sin restricción,POINT (-60.6442177 -32.9417364),"['Roca', 'Urquiza']",2,Presidente Roca; Justo José de Urquiza,-32.9417364,-60.6442177,55.0,538.0,Municipio Rosario,Municipio,Rosario,820210,Servicio de Catastro e Información Territorial,IGN
2012,6797,2012-05-12,Sabado,0.0,,,0.0,2,"Automóvil,Peatón",paraguay y san lorenzo,2,1,0,0,1,0,0,,Calle,,ROSARIO,Rosario,Asfalto,Pavimento,II,Fuera,Urbana,S/D,No existe,Intersección,Bueno,Buena,S/D,Buen Tiempo,Lateral,S/D,Atropello,S/D,Vertical,S/D,Sin restricción,POINT (-60.643162000000004 -32.9431566),"['Paraguay', 'San Lorenzo']",2,Paraguay; San Lorenzo,-32.9431566,-60.643162,55.0,538.0,Municipio Rosario,Municipio,Rosario,820210,Servicio de Catastro e Información Territorial,IGN
2012,6798,2012-05-26,Sabado,0.0,10:30:00,,0.0,2,"Moto/Ciclomotor,Automóvil",alive y silva 1000,5,2,0,0,3,0,0,,Calle,,ROSARIO,Rosario,Asfalto,S/D,II,Dentro,Urbana,S/D,S/D,Intersección,S/D,Buena,Diurna,Buen Tiempo,Lateral,S/D,Colisión,S/D,Horizontal,S/D,Sin restricción,POINT (-60.6791639 -32.912873499999996),"['Olive', 'Cayetano Silva']",2,Olivé; Cayetano Silva,-32.9128735,-60.6791639,55.0,538.0,Municipio Rosario,Municipio,Rosario,820210,Servicio de Catastro e Información Territorial,IGN
2012,6803,2012-01-17,Martes,0.0,,,0.0,2,"Moto/Ciclomotor,Automóvil",Bv. Segui y San Nicolás,2,0,0,0,1,0,1,,Avenida,,ROSARIO,Rosario,Asfalto,S/D,II,Dentro,Urbana,S/D,No existe,Intersección,Bueno,Buena,Nocturna,Buen Tiempo,Lateral,S/D,Colisión,Otro,S/D,Cordón divisorio,S/D,POINT (-60.680555149999996 -32.97297304999999),"['Bulevar Juan Francisco Seguí', 'San Nicolás']",2,Bulevar Juan Francisco Seguí; San Nicolás,-32.97297304999999,-60.68055515,55.0,538.0,Municipio Rosario,Municipio,Rosario,820210,Servicio de Catastro e Información Territorial,IGN
2012,6852,2012-05-24,Jueves,0.0,20:30:00,,0.0,2,"Moto/Ciclomotor,Automóvil",av. sobia y pje esturel,2,1,0,0,1,0,0,,Calle,,ROSARIO,Rosario,Asfalto,S/D,II,Dentro,Urbana,S/D,S/D,Intersección,Bueno,Buena,Nocturna,Buen Tiempo,Lateral,S/D,Colisión,Agua,Horizontal,S/D,Sin restricción,POINT (-60.686657100000005 -32.9216023),"['Avenida Travesía Albert Sabin', 'Esturel']",2,Avenida Travesía Albert Sabin; Esturel,-32.9216023,-60.686657100000005,55.0,538.0,Municipio Rosario,Municipio,Rosario,820210,Servicio de Catastro e Información Territorial,IGN
2012,6854,2012-05-28,Lunes,0.0,18:30:00,,0.0,2,"Automóvil,Bicicleta",juan jose paso y ferreyra,3,1,0,0,2,0,0,,Calle,,ROSARIO,Rosario,Asfalto,No existe,II,Dentro,Urbana,S/D,No existe,Intersección,Bueno,Buena,Nocturna,Buen Tiempo,Lateral,S/D,Atropello,S/D,S/D,S/D,Sin restricción,POINT (-60.68024090000001 -32.9192793),"['Juan José Paso', 'Ferreyra']",2,Avenida Juan José Paso; Ferreyra,-32.9192793,-60.68024090000001,55.0,538.0,Municipio Rosario,Municipio,Rosario,820210,Servicio de Catastro e Información Territorial,IGN
2012,6856,2012-05-29,Martes,0.0,19:00:00,,0.0,2,"Automóvil,Moto/Ciclomotor",drago y jose ingenieros,2,1,0,0,1,0,0,,Calle,,ROSARIO,Rosario,Asfalto,S/D,II,Dentro,Urbana,S/D,S/D,Intersección,Bueno,Buena,Atardecer,Buen Tiempo,Lateral,S/D,Colisión,S/D,S/D,S/D,Sin restricción,POINT (-60.67653500000001 -32.916055899999996),"['Drago', 'José Ingenieros']",2,Drago; José Ingenieros,-32.9160559,-60.67653500000001,55.0,538.0,Municipio Rosario,Municipio,Rosario,820210,Servicio de Catastro e Información Territorial,IGN
2012,6858,2012-05-23,Miercoles,0.0,10:45:00,,0.0,2,"Moto/Ciclomotor,Peatón",av. alberdi y almafuerte 800 bis ,2,1,0,0,1,0,0,,Avenida,,ROSARIO,Rosario,Asfalto,No existe,II,Dentro,Urbana,S/D,Funciona,Intersección,Bueno,Buena,Diurna,Buen Tiempo,Lateral,S/D,Atropello,S/D,"Horizontal,Vertical",S/D,Sin restricción,POINT (-60.683913999999994 -32.917345749999996),"['Alberdi', 'Almafuerte']",2,Avenida Alberdi; Almafuerte,-32.91734575,-60.683914,55.0,538.0,Municipio Rosario,Municipio,Rosario,820210,Servicio de Catastro e Información Territorial,IGN
2012,6861,2012-05-31,Jueves,0.0,13:00:00,,0.0,2,"Moto/Ciclomotor,Pickup/Utilitario",ALEM Y PTE. QUINTANA,2,1,0,0,1,0,0,,Calle,,ROSARIO,Rosario,Asfalto,No existe,II,Dentro,Urbana,Marca Vial,No existe,Intersección,Bueno,Buena,Diurna,Buen Tiempo,Lateral,S/D,Colisión,S/D,Vertical,Ninguna,Sin restricción,POINT (-60.6373705 -32.9843019),"['Alem', 'Quintana']",2,Leandro N. Alem; Presidente Quintana,-32.9843019,-60.6373705,55.0,538.0,Municipio Rosario,Municipio,Rosario,820210,Servicio de Catastro e Información Territorial,IGN
2012,6862,2012-05-30,Miercoles,0.0,11:30:00,,0.0,2,"Moto/Ciclomotor,Automóvil",GUIRALDES Y PJ. RESISTENCIA,2,1,0,0,1,0,0,,Calle,,ROSARIO,Rosario,Asfalto,No existe,II,Dentro,Urbana,Marca Vial,No existe,Intersección,Bueno,Buena,Diurna,Buen Tiempo,Lateral,S/D,Colisión,S/D,Vertical,Ninguna,Sin restricción,POINT (-60.6277739 -32.986636100000005),"['Güiraldes', 'Resistencia']",2,Güiraldes; Resistencia,-32.986636100000005,-60.6277739,55.0,538.0,Municipio Rosario,Municipio,Rosario,820210,Servicio de Catastro e Información Territorial,IGN
2012,6866,2012-05-29,Martes,0.0,10:30:00,,0.0,2,"Moto/Ciclomotor,Automóvil",LAPRIDA Y GABOTO,2,1,0,0,1,0,0,,Calle,,ROSARIO,Rosario,Asfalto,No existe,II,Dentro,Urbana,Marca Vial,No existe,Intersección,Bueno,Buena,Diurna,Buen Tiempo,Lateral,S/D,Colisión,S/D,Vertical,Ninguna,S/D,POINT (-60.6409907 -32.9740619),"['Laprida', 'Gaboto']",2,Francisco Narciso Laprida; Gaboto,-32.9740619,-60.6409907,55.0,538.0,Municipio Rosario,Municipio,Rosario,820210,Servicio de Catastro e Información Territorial,IGN
2012,6869,2012-05-17,Jueves,0.0,09:00:00,,0.0,2,"Automóvil,Bicicleta",pasco y peru,2,1,0,0,1,0,0,,Calle,,ROSARIO,Rosario,Asfalto,No existe,II,Dentro,Urbana,S/D,No existe,Intersección,Bueno,Buena,Diurna,Buen Tiempo,Lateral,S/D,Atropello,S/D,S/D,S/D,Sin restricción,POINT (-60.7109551 -32.9509195),"['Pasco', 'Peru']",2,Pasco; Perú,-32.9509195,-60.7109551,55.0,538.0,Municipio Rosario,Municipio,Rosario,820210,Servicio de Catastro e Información Territorial,IGN
2012,6871,2012-05-29,Martes,0.0,11:30:00,,0.0,2,"Moto/Ciclomotor,Automóvil",AYACUCHO Y AYOLAS,3,2,0,0,1,0,0,,Calle,,ROSARIO,Rosario,Asfalto,No existe,II,Dentro,Urbana,S/D,No existe,Curva,Bueno,Buena,Diurna,Buen Tiempo,Lateral,S/D,Colisión,S/D,Vertical,S/D,Sin restricción,POINT (-60.634843399999994 -32.978758),"['Ayacucho', 'Ayolas']",2,Ayacucho; Ayolas,-32.978758,-60.6348434,55.0,538.0,Municipio Rosario,Municipio,Rosario,820210,Servicio de Catastro e Información Territorial,IGN
2012,6873,2012-05-28,Lunes,0.0,22:10:00,,0.0,2,"Automóvil,Automóvil",ALEM Y BV. SEGUI,4,4,0,0,0,0,0,,Calle,,ROSARIO,Rosario,Asfalto,No existe,II,Dentro,Urbana,Marca Vial,No existe,Intersección,Bueno,Buena,"Nocturna,Con luz artificial",Buen Tiempo,Lateral,S/D,Colisión,S/D,Vertical,Vegetación,Sin restricción,POINT (-60.63650380000001 -32.980857400000005),"['Alem', 'Bulevar Juan Francisco Seguí']",2,Leandro N. Alem; Bulevar Juan Francisco Seguí,-32.980857400000005,-60.63650380000001,55.0,538.0,Municipio Rosario,Municipio,Rosario,820210,Servicio de Catastro e Información Territorial,IGN
2012,6874,2012-05-12,Sabado,0.0,13:50:00,,0.0,1,,av. circunvalacion 1800,3,2,0,0,1,0,0,,Avenida,,ROSARIO,Rosario,Asfalto,Natural,II,Dentro,Urbana,S/D,S/D,Recta,Bueno,Buena,Diurna,Buen Tiempo,Lateral,S/D,Colisión,S/D,S/D,S/D,Sin restricción,"-32.9405327, -60.7232736",['Circunvalacion 1800'],1,Circunvalacion 1800,-32.9405327,-60.7232736,55.0,538.0,Municipio Rosario,Municipio,Rosario,820210,Servicio de Catastro e Información Territorial,IGN
2012,6875,2012-05-12,Sabado,0.0,13:50:00,,0.0,2,"Camión,Moto/Ciclomotor",av. circunvalacion 1800,3,2,0,0,1,0,0,,Avenida,,ROSARIO,Rosario,Asfalto,Natural,II,Dentro,Urbana,S/D,S/D,Recta,Bueno,Buena,Diurna,Buen Tiempo,Lateral,S/D,Colisión,S/D,S/D,S/D,Sin restricción,"-32.9405327, -60.7232736",['Circunvalacion 1800'],1,Circunvalacion 1800,-32.9405327,-60.7232736,55.0,538.0,Municipio Rosario,Municipio,Rosario,820210,Servicio de Catastro e Información Territorial,IGN
2012,6876,2012-05-27,Domingo,0.0,18:15:00,,0.0,2,"Automóvil,Moto/Ciclomotor",sorrento y colectora,4,2,0,0,2,0,0,,Calle,,ROSARIO,Rosario,Asfalto,No existe,II,Dentro,Urbana,S/D,No existe,Curva,Bueno,Buena,Atardecer,Buen Tiempo,Otro,S/D,Colisión,Otro,Faltante,S/D,Sin restricción,POINT (-60.72270983333334 -32.90836276666666),"['Sorrento', 'Colectora']",2,Avenida Sorrento; Colectora Juan Pablo II,-32.90836276666666,-60.72270983333334,55.0,538.0,Municipio Rosario,Municipio,Rosario,820210,Servicio de Catastro e Información Territorial,IGN
2012,6877,2012-05-04,Viernes,0.0,18:45:00,,0.0,2,"Automóvil,Moto/Ciclomotor",jose ingenieros y colombles,2,1,0,0,1,0,0,,Calle,,ROSARIO,Rosario,Asfalto,No existe,II,Dentro,Urbana,S/D,No existe,Recta,Bueno,Buena,Diurna,Buen Tiempo,Frontal,S/D,Colisión,S/D,"Horizontal,Vertical",S/D,Sin restricción,POINT (-60.7303871 -32.9175521),"['José Ingenieros', 'José Colombres']",2,José Ingenieros; José Colombres,-32.9175521,-60.7303871,55.0,538.0,Municipio Rosario,Municipio,Rosario,820210,Servicio de Catastro e Información Territorial,IGN
2012,6880,2012-05-07,Lunes,0.0,17:20:00,,0.0,2,"Automóvil,Automóvil",av. provincias unidas al 100,2,1,0,0,1,0,0,,Avenida,,ROSARIO,Rosario,Asfalto,No existe,II,Dentro,Urbana,S/D,No existe,Recta,Bueno,Buena,Diurna,Buen Tiempo,Frontal,S/D,Colisión,S/D,Horizontal,S/D,Sin restricción,"-32.9286451, -60.7130243",['Provincias Unidas 100'],1,Provincias Unidas 100,-32.9286451,-60.7130243,55.0,538.0,Municipio Rosario,Municipio,Rosario,820210,Servicio de Catastro e Información Territorial,IGN
2012,6882,2012-05-08,Martes,0.0,05:45:00,,0.0,2,"Moto/Ciclomotor,Camión",sanchez de loria y milton,2,1,0,0,0,0,1,,Calle,,ROSARIO,Rosario,Asfalto,No existe,II,Dentro,Urbana,S/D,No existe,Recta,Bueno,Buena,Nocturna,Buen Tiempo,Frontal,S/D,Colisión,S/D,Horizontal,S/D,Sin restricción,POINT (-60.7322378 -32.92664760000001),"['Sánchez de Loria', 'Dellarole']",2,Sánchez de Loria; Dellarole,-32.92664760000001,-60.7322378,55.0,538.0,Municipio Rosario,Municipio,Rosario,820210,Servicio de Catastro e Información Territorial,IGN
2012,6883,2012-05-28,Lunes,0.0,19:30:00,,0.0,2,"Moto/Ciclomotor,Automóvil",NECOCHEA Y DR. RIVAS,2,1,0,0,1,0,0,,Calle,,ROSARIO,Rosario,Asfalto,No existe,II,Dentro,Urbana,Marca Vial,No existe,Intersección,Bueno,Buena,"Nocturna,Con luz artificial",Buen Tiempo,Lateral,S/D,Colisión,S/D,Vertical,Ninguna,Sin restricción,POINT (-60.63355369999999 -32.9861821),"['Necochea', 'Doctor Francisco Riva']",2,Necochea; Doctor Francisco Riva,-32.9861821,-60.63355369999999,55.0,538.0,Municipio Rosario,Municipio,Rosario,820210,Servicio de Catastro e Información Territorial,IGN
2012,6886,2012-05-21,Lunes,0.0,09:00:00,,0.0,2,"Bicicleta,Automóvil",tarragona y benegas ,2,1,0,0,1,0,0,,Calle,,ROSARIO,Rosario,Asfalto,No existe,II,Dentro,Urbana,S/D,No existe,Recta,Bueno,Buena,Diurna,Buen Tiempo,Frontal,S/D,Atropello,S/D,Horizontal,S/D,Sin restricción,POINT (-60.734421600000005 -32.931017499999996),"['Tarragona', 'Benegas']",2,Tarragona; Benegas,-32.9310175,-60.734421600000005,55.0,538.0,Municipio Rosario,Municipio,Rosario,820210,Servicio de Catastro e Información Territorial,IGN
2012,6887,2012-05-28,Lunes,0.0,17:30:00,,0.0,2,"Moto/Ciclomotor,Automóvil",LAPRIDA Y RUEDA,2,1,0,0,1,0,0,,Calle,,ROSARIO,Rosario,Asfalto,No existe,II,Dentro,Urbana,S/D,No existe,Intersección,Bueno,Buena,Atardecer,Buen Tiempo,Lateral,S/D,Colisión,S/D,S/D,Ninguna,Sin restricción,POINT (-60.6404177 -32.971787199999994),"['Laprida', 'Rueda']",2,Francisco Narciso Laprida; Rueda,-32.971787199999994,-60.6404177,55.0,538.0,Municipio Rosario,Municipio,Rosario,820210,Servicio de Catastro e Información Territorial,IGN
2012,6888,2012-05-21,Lunes,0.0,18:30:00,,0.0,2,"Moto/Ciclomotor,Pickup/Utilitario",tarragona y brasey ,2,1,0,0,0,0,1,,Calle,,ROSARIO,Rosario,Asfalto,No existe,II,Dentro,Urbana,S/D,S/D,Recta,S/D,Buena,Atardecer,Buen Tiempo,Frontal,S/D,Colisión,S/D,Horizontal,S/D,Sin restricción,POINT (-60.734729300000005 -32.92308109999998),"['Tarragona', 'Brassey']",2,Tarragona; Brassey,-32.92308109999998,-60.734729300000005,55.0,538.0,Municipio Rosario,Municipio,Rosario,820210,Servicio de Catastro e Información Territorial,IGN
2012,6891,2012-05-15,Martes,0.0,11:15:00,,0.0,2,"Automóvil,Automóvil",av. pellegrini al 200,2,1,0,0,1,0,0,,Avenida,,ROSARIO,Rosario,Asfalto,S/D,II,Dentro,Urbana,S/D,Funciona,Recta,Bueno,Buena,Diurna,Buen Tiempo,De alcance,S/D,Colisión,S/D,S/D,S/D,Sin restricción,"-32.9594663, -60.6281002",['Pellegrini 200'],1,Pellegrini 200,-32.9594663,-60.6281002,55.0,538.0,Municipio Rosario,Municipio,Rosario,820210,Servicio de Catastro e Información Territorial,IGN
2012,6892,2012-05-27,Domingo,0.0,08:00:00,,0.0,2,"Moto/Ciclomotor,Automóvil",DR. RIVAS Y BERRUTI,3,2,0,0,1,0,0,,Calle,,ROSARIO,Rosario,Asfalto,No existe,II,Dentro,Urbana,Marca Vial,No existe,Intersección,Bueno,Buena,Diurna,Buen Tiempo,Lateral,S/D,Colisión,S/D,Vertical,Ninguna,Sin restricción,POINT (-60.629453100000006 -32.9869389),"['Doctor Francisco Riva', 'Luis Beruti']",2,Doctor Francisco Riva; Luis Beruti,-32.9869389,-60.629453100000006,55.0,538.0,Municipio Rosario,Municipio,Rosario,820210,Servicio de Catastro e Información Territorial,IGN
2012,6893,2012-05-08,Martes,0.0,12:25:00,,0.0,2,"Automóvil,Automóvil",1ero de mayo y 9 de julio,2,1,0,0,1,0,0,,Calle,,ROSARIO,Rosario,Asfalto,S/D,II,Dentro,Urbana,S/D,S/D,Intersección,Bueno,Buena,Diurna,Buen Tiempo,Lateral,S/D,Colisión,S/D,S/D,S/D,Sin restricción,POINT (-60.63159180000001 -32.9553887),"['Primero de Mayo', '9 de Julio']",2,Primero de Mayo; 9 de Julio,-32.9553887,-60.63159180000001,55.0,538.0,Municipio Rosario,Municipio,Rosario,820210,Servicio de Catastro e Información Territorial,IGN
2012,6904,2012-05-02,Miercoles,0.0,18:50:00,,0.0,2,"Pickup/Utilitario,Automóvil",1 de mayo y av. pellegrini ,2,1,0,0,1,0,0,,Avenida,,ROSARIO,Rosario,Asfalto,S/D,II,Dentro,Urbana,S/D,Funciona,Intersección,Bueno,S/D,Diurna,Buen Tiempo,Lateral,S/D,Colisión,S/D,S/D,S/D,Sin restricción,POINT (-60.6324302 -32.95882735),"['Primero de Mayo', 'Pellegrini']",2,Primero de Mayo; Avenida Carlos Pellegrini,-32.95882735,-60.6324302,55.0,538.0,Municipio Rosario,Municipio,Rosario,820210,Servicio de Catastro e Información Territorial,IGN