anio_acci,nro_acci,fecha,desc_dia,fecha_aprox,hora_aprox,desc_ruta,km,cant_participantes,desc_participante,calle_avenida_km,total,heridos_leves,heridos_graves,heridos_gravisimos,ilesos,fallecidos,sin_datos,posicion_XY,desc_tipo_via,desc_ruta_ori,desc_loc,desc_dpto,desc_tipo_calzada,desc_tipo_banquina,desc_unidad_regional,desc_lugar_calzada,desc_zona,desc_prioridad,desc_estado_semaforo,desc_lugar_via,desc_estado_via,desc_estado_visibilidad,desc_luminosidad,desc_estado_clima,desc_tipo_colision,desc_tipo_atropello,desc_tipo_hecho,desc_pres_calzada,desc_senializacion,desc_separacion_via,desc_restriccion,forma_geocod,calle_lista,numero_calles,calles_osm,lat,lon,index_right,gid,fna,gna,nam,in1,fdc,sag
2012,6919,2012-05-27,Domingo,0.0,14:00:00,,0.0,2,"Moto/Ciclomotor,Automóvil",LAPRIDA Y CENTENO,5,2,0,0,3,0,0,,Calle,,ROSARIO,Rosario,Asfalto,No existe,II,Dentro,Urbana,Marca Vial,No existe,Intersección,Bueno,Buena,Diurna,Buen Tiempo,Lateral,S/D,Colisión,S/D,Vertical,S/D,Sin restricción,POINT (-60.6438778 -32.98552210000001),"['Laprida', 'Centeno']",2,Francisco Narciso Laprida; Coronel Centeno,-32.98552210000001,-60.6438778,55.0,538.0,Municipio Rosario,Municipio,Rosario,820210,Servicio de Catastro e Información Territorial,IGN
2012,6920,2012-05-25,Viernes,0.0,01:30:00,,0.0,2,"Bicicleta,Pickup/Utilitario",MORENO Y CORDOBA,2,1,0,0,1,0,0,,Calle,,ROSARIO,Rosario,Asfalto,No existe,II,Dentro,Urbana,Marca Vial,No existe,Intersección,Bueno,Buena,"Nocturna,Con luz artificial",Buen Tiempo,Lateral,S/D,Atropello,S/D,Vertical,Ninguna,Sin restricción,POINT (-60.650609200000005 -32.944206400000006),"['Moreno', 'Córdoba']",2,Mariano Moreno; Córdoba,-32.944206400000006,-60.650609200000005,55.0,538.0,Municipio Rosario,Municipio,Rosario,820210,Servicio de Catastro e Información Territorial,IGN
2012,6921,2012-05-24,Jueves,0.0,22:00:00,,0.0,2,"Moto/Ciclomotor,Automóvil",NECOCHEA 3100,2,1,0,0,1,0,0,,Calle,,ROSARIO,Rosario,Asfalto,No existe,II,Dentro,Urbana,Marca Vial,No existe,Recta,Bueno,Buena,"Nocturna,Con luz artificial",Buen Tiempo,Lateral,S/D,Colisión,S/D,Vertical,Ninguna,Sin restricción,"-32.9757346, -60.6310376",['Necochea 3100'],1,Necochea 3100,-32.9757346,-60.6310376,55.0,538.0,Municipio Rosario,Municipio,Rosario,820210,Servicio de Catastro e Información Territorial,IGN
2012,6925,2012-05-24,Jueves,0.0,18:15:00,,0.0,2,"Peatón,Automóvil",AMENABAR Y AYACUCHO,2,1,0,0,1,0,0,,Calle,,ROSARIO,Rosario,Asfalto,No existe,II,Dentro,Urbana,Marca Vial,No existe,Intersección,Bueno,Buena,Atardecer,Lluvia,Otro,S/D,Atropello,Agua,Vertical,Ninguna,Sin restricción,POINT (-60.6333886 -32.9742331),"['Amenabar', 'Ayacucho']",2,José de Amenábar; Ayacucho,-32.9742331,-60.6333886,55.0,538.0,Municipio Rosario,Municipio,Rosario,820210,Servicio de Catastro e Información Territorial,IGN
2012,6927,2012-05-05,Sabado,0.0,,,0.0,2,"Moto/Ciclomotor,Automóvil",9 de julio y san nicolas ,2,1,0,0,1,0,0,,Calle,,ROSARIO,Rosario,Asfalto,S/D,II,Dentro,Urbana,S/D,S/D,Intersección,Bueno,Buena,S/D,Buen Tiempo,S/D,S/D,Colisión,S/D,S/D,S/D,Sin restricción,POINT (-60.674188699999995 -32.94772739999999),"['9 de Julio', 'San Nicolás']",2,9 de Julio; San Nicolás,-32.94772739999999,-60.6741887,55.0,538.0,Municipio Rosario,Municipio,Rosario,820210,Servicio de Catastro e Información Territorial,IGN
2012,6929,2012-05-24,Jueves,0.0,18:00:00,,0.0,2,"Moto/Ciclomotor,Automóvil",GARAY Y ALEM,3,2,0,0,1,0,0,,Calle,,ROSARIO,Rosario,Asfalto,No existe,II,Dentro,Urbana,Marca Vial,No existe,Intersección,Bueno,Buena,Atardecer,Buen Tiempo,Lateral,S/D,Colisión,S/D,Vertical,Ninguna,Sin restricción,POINT (-60.635357000000006 -32.97627119999999),"['Garay', 'Alem']",2,Juan de Garay; Leandro N. Alem,-32.97627119999999,-60.635357000000006,55.0,538.0,Municipio Rosario,Municipio,Rosario,820210,Servicio de Catastro e Información Territorial,IGN
2012,6930,2012-05-10,Jueves,0.0,,,0.0,2,"Moto/Ciclomotor,Moto/Ciclomotor",lima y mendoza,2,1,0,0,0,0,1,,Calle,,ROSARIO,Rosario,Asfalto,S/D,II,Dentro,Urbana,S/D,S/D,Intersección,S/D,S/D,S/D,Buen Tiempo,S/D,S/D,Colisión,S/D,S/D,S/D,Sin restricción,POINT (-60.6845195 -32.94350250000001),"['Lima', 'Mendoza']",2,Lima; Mendoza,-32.94350250000001,-60.6845195,55.0,538.0,Municipio Rosario,Municipio,Rosario,820210,Servicio de Catastro e Información Territorial,IGN
2012,6932,2012-05-09,Miercoles,0.0,,,0.0,2,"Automóvil,Automóvil",9 de julio y crespo,2,1,0,0,1,0,0,,Calle,,ROSARIO,Rosario,Asfalto,S/D,II,Dentro,Urbana,S/D,S/D,Intersección,Bueno,S/D,S/D,Buen Tiempo,S/D,S/D,Colisión,S/D,S/D,S/D,Sin restricción,POINT (-60.670084200000005 -32.9484788),"['9 de Julio', 'Crespo']",2,9 de Julio; Crespo,-32.9484788,-60.670084200000005,55.0,538.0,Municipio Rosario,Municipio,Rosario,820210,Servicio de Catastro e Información Territorial,IGN
2012,6933,2012-05-24,Jueves,0.0,13:30:00,,0.0,2,"Automóvil,Automóvil",BS. AS. Y CENTENO,3,1,0,0,1,0,1,,Calle,,ROSARIO,Rosario,Asfalto,No existe,II,Dentro,Urbana,Marca Vial,No existe,Intersección,Bueno,Buena,Diurna,Lluvia,Lateral,S/D,Colisión,Agua,Vertical,Ninguna,Sin restricción,POINT (-60.64233725000001 -32.98566005),"['Buenos Aires', 'Centeno']",2,Buenos Aires; Coronel Centeno,-32.98566005,-60.64233725000001,55.0,538.0,Municipio Rosario,Municipio,Rosario,820210,Servicio de Catastro e Información Territorial,IGN
2012,6934,2012-05-24,Jueves,0.0,13:00:00,,0.0,2,"Bicicleta,Automóvil",VIRASORO Y AYACUCHO,3,2,0,0,1,0,0,,Calle,,ROSARIO,Rosario,Asfalto,No existe,II,Dentro,Urbana,Marca Vial,No existe,Intersección,Bueno,Buena,Diurna,Buen Tiempo,Lateral,S/D,Atropello,S/D,Vertical,Ninguna,Sin restricción,POINT (-60.6328196 -32.9719441),"['Virasoro', 'Ayacucho']",2,Benjamín Virasoro; Ayacucho,-32.9719441,-60.6328196,55.0,538.0,Municipio Rosario,Municipio,Rosario,820210,Servicio de Catastro e Información Territorial,IGN
2012,6937,2012-05-23,Miercoles,0.0,18:30:00,,0.0,2,"Moto/Ciclomotor,Automóvil",LAPRIDA Y AV. DEL ROSARIO,3,2,0,0,1,0,0,,Avenida,,ROSARIO,Rosario,Asfalto,No existe,II,Dentro,Urbana,Marca Vial,No existe,Intersección,Bueno,Buena,Atardecer,Lluvia,Lateral,S/D,Colisión,S/D,Vertical,Ninguna,Sin restricción,POINT (-60.647071600000004 -32.9998271),"['Laprida', 'Rosario']",2,Francisco Narciso Laprida; Puente Nuestra Señora del Rosario,-32.9998271,-60.6470716,55.0,538.0,Municipio Rosario,Municipio,Rosario,820210,Servicio de Catastro e Información Territorial,IGN
2012,6938,2012-05-09,Miercoles,0.0,10:30:00,,0.0,2,"Peatón,Moto/Ciclomotor",castellanos y mendoza,2,1,0,0,0,0,1,,Calle,,ROSARIO,Rosario,Asfalto,S/D,II,Dentro,Urbana,S/D,S/D,Intersección,Bueno,Buena,Diurna,Buen Tiempo,S/D,S/D,Colisión,S/D,S/D,S/D,Sin restricción,POINT (-60.6763884 -32.94496500000001),"['Aaron Castellanos', 'Mendoza']",2,Aaron Castellanos; Mendoza,-32.94496500000001,-60.6763884,55.0,538.0,Municipio Rosario,Municipio,Rosario,820210,Servicio de Catastro e Información Territorial,IGN
2012,6940,2012-05-06,Domingo,0.0,,,0.0,2,"Automóvil,Transporte de Pasajeros Urbano (> 8 asientos)",san juan y lavalle ,2,1,0,0,1,0,0,,Calle,,ROSARIO,Rosario,Asfalto,S/D,II,Dentro,Urbana,S/D,S/D,Intersección,Bueno,S/D,S/D,Buen Tiempo,S/D,S/D,Colisión,S/D,S/D,S/D,Sin restricción,POINT (-60.6787301 -32.943084500000005),"['San Juan', 'Lavalle']",2,San Juan; Lavalle,-32.943084500000005,-60.6787301,55.0,538.0,Municipio Rosario,Municipio,Rosario,820210,Servicio de Catastro e Información Territorial,IGN
2012,6941,2012-05-23,Miercoles,0.0,10:30:00,,0.0,2,"Moto/Ciclomotor,Automóvil",ROSS Y LAPRIDA,3,2,0,0,1,0,0,,Calle,,ROSARIO,Rosario,Asfalto,No existe,II,Dentro,Urbana,Marca Vial,No existe,Intersección,Bueno,Buena,Diurna,Lluvia,Lateral,S/D,Colisión,"Agua,Otro",Vertical,Ninguna,Sin restricción,POINT (-60.6447416 -32.98895050000001),"['Rodrigo M. Ross', 'Laprida']",2,Rodrigo M. Ross; Francisco Narciso Laprida,-32.98895050000001,-60.6447416,55.0,538.0,Municipio Rosario,Municipio,Rosario,820210,Servicio de Catastro e Información Territorial,IGN
2012,6943,2012-05-14,Lunes,0.0,,,0.0,2,"Automóvil,Automóvil",pueyrredon y san juan,3,2,0,0,1,0,0,,Calle,,ROSARIO,Rosario,Asfalto,S/D,II,Dentro,Urbana,S/D,S/D,Intersección,S/D,S/D,S/D,Buen Tiempo,S/D,S/D,Colisión,S/D,S/D,S/D,Sin restricción,POINT (-60.6583043 -32.94672330000001),"['Pueyrredón', 'San Juan']",2,Pueyrredón; San Juan,-32.94672330000001,-60.6583043,55.0,538.0,Municipio Rosario,Municipio,Rosario,820210,Servicio de Catastro e Información Territorial,IGN
2012,6944,2012-05-23,Miercoles,0.0,15:00:00,,0.0,2,"Bicicleta,Automóvil",BS. AS. Y RUEDA,2,1,0,0,1,0,0,,Calle,,ROSARIO,Rosario,Asfalto,No existe,II,Dentro,Urbana,Marca Vial,No existe,Intersección,Bueno,Buena,Diurna,Lluvia,Lateral,S/D,Atropello,S/D,Vertical,Ninguna,Sin restricción,POINT (-60.638891900000004 -32.9720512),"['Buenos Aires', 'Rueda']",2,Buenos Aires; Rueda,-32.9720512,-60.6388919,55.0,538.0,Municipio Rosario,Municipio,Rosario,820210,Servicio de Catastro e Información Territorial,IGN
2012,6945,2012-05-01,Martes,1.0,,,0.0,2,"Automóvil,Taxi/Remis",san luis y rodriguez,3,3,0,0,0,0,0,,Calle,,ROSARIO,Rosario,Asfalto,S/D,II,Dentro,Urbana,S/D,S/D,Intersección,Bueno,S/D,S/D,Buen Tiempo,S/D,S/D,Colisión,S/D,S/D,S/D,Sin restricción,POINT (-60.6593596 -32.9453712),"['San Luis', 'Rodríguez']",2,San Luis; Rodríguez de Escobedo,-32.9453712,-60.6593596,55.0,538.0,Municipio Rosario,Municipio,Rosario,820210,Servicio de Catastro e Información Territorial,IGN
2012,6947,2012-05-23,Miercoles,0.0,18:00:00,,0.0,2,"Moto/Ciclomotor,Pickup/Utilitario",LAPRIDA Y RUEDA,3,2,0,0,1,0,0,,Calle,,ROSARIO,Rosario,Asfalto,No existe,II,Dentro,Urbana,Marca Vial,No existe,Intersección,Bueno,Buena,Atardecer,Lluvia,Lateral,S/D,Colisión,S/D,Vertical,Ninguna,Sin restricción,POINT (-60.6404177 -32.971787199999994),"['Laprida', 'Rueda']",2,Francisco Narciso Laprida; Rueda,-32.971787199999994,-60.6404177,55.0,538.0,Municipio Rosario,Municipio,Rosario,820210,Servicio de Catastro e Información Territorial,IGN
2012,6950,2012-05-21,Lunes,0.0,18:00:00,,0.0,2,"Pickup/Utilitario,Automóvil",ALEM Y GABOTO,2,1,0,0,1,0,0,,Calle,,ROSARIO,Rosario,Asfalto,No existe,II,Dentro,Urbana,Semáforo,Funciona,Intersección,Bueno,Buena,Atardecer,Lluvia,Lateral,S/D,Colisión,S/D,Horizontal,Ninguna,Sin restricción,POINT (-60.635075900000004 -32.9751272),"['Alem', 'Gaboto']",2,Leandro N. Alem; Gaboto,-32.9751272,-60.6350759,55.0,538.0,Municipio Rosario,Municipio,Rosario,820210,Servicio de Catastro e Información Territorial,IGN
2012,6952,2012-05-11,Viernes,0.0,,,0.0,2,"Moto/Ciclomotor,Automóvil",callao 1200,2,1,0,0,1,0,0,,Calle,,ROSARIO,Rosario,Asfalto,S/D,II,Dentro,Urbana,S/D,S/D,Recta,Bueno,S/D,S/D,Buen Tiempo,S/D,S/D,Colisión,S/D,S/D,S/D,Sin restricción,"-32.9474803, -60.6614949",['Callao 1200'],1,Callao 1200,-32.9474803,-60.6614949,55.0,538.0,Municipio Rosario,Municipio,Rosario,820210,Servicio de Catastro e Información Territorial,IGN
2012,6954,2012-05-21,Lunes,0.0,13:00:00,,0.0,2,"Automóvil,Pickup/Utilitario",LAPRIDA Y 24 DE SEPTIEMBRE,3,2,0,0,1,0,0,,Calle,,ROSARIO,Rosario,Asfalto,No existe,II,Dentro,Urbana,Marca Vial,No existe,Intersección,Bueno,Buena,Diurna,Buen Tiempo,Lateral,S/D,Colisión,S/D,Vertical,Ninguna,Sin restricción,POINT (-60.6427339 -32.98093849999999),"['Laprida', '24 de Septiembre']",2,Francisco Narciso Laprida; 24 de Septiembre,-32.98093849999999,-60.6427339,55.0,538.0,Municipio Rosario,Municipio,Rosario,820210,Servicio de Catastro e Información Territorial,IGN
2012,6957,2012-05-11,Viernes,0.0,,,0.0,2,"Automóvil,Moto/Ciclomotor",pellegrini y constitución ,2,1,0,0,1,0,0,,Calle,,ROSARIO,Rosario,Asfalto,S/D,II,Dentro,Urbana,S/D,S/D,Intersección,S/D,S/D,S/D,Buen Tiempo,S/D,S/D,Colisión,S/D,S/D,S/D,Sin restricción,POINT (-60.67641675 -32.950913),"['Pellegrini', 'Constitución']",2,Avenida Carlos Pellegrini; Constitución,-32.950913,-60.67641675,55.0,538.0,Municipio Rosario,Municipio,Rosario,820210,Servicio de Catastro e Información Territorial,IGN
2012,6959,2012-05-18,Viernes,0.0,14:30:00,,0.0,2,"Peatón,Automóvil",ALEM Y GABOTO,2,1,0,0,1,0,0,,Calle,,ROSARIO,Rosario,Asfalto,No existe,II,Dentro,Urbana,Semáforo,Funciona,Intersección,Bueno,Buena,S/D,Buen Tiempo,Otro,S/D,Atropello,S/D,Horizontal,Ninguna,Sin restricción,POINT (-60.635075900000004 -32.9751272),"['Alem', 'Gaboto']",2,Leandro N. Alem; Gaboto,-32.9751272,-60.6350759,55.0,538.0,Municipio Rosario,Municipio,Rosario,820210,Servicio de Catastro e Información Territorial,IGN
2012,6960,2012-05-10,Jueves,0.0,,,0.0,2,"Moto/Ciclomotor,Automóvil",san nicolas y pje. marcos paz,3,2,0,0,1,0,0,,Calle,,ROSARIO,Rosario,Asfalto,S/D,II,Dentro,Urbana,S/D,S/D,Intersección,Bueno,S/D,S/D,Buen Tiempo,S/D,S/D,Colisión,S/D,S/D,S/D,Sin restricción,POINT (-60.6734384 -32.944757900000006),"['San Nicolás', 'Marcos Paz']",2,San Nicolás; Marcos Paz,-32.944757900000006,-60.6734384,55.0,538.0,Municipio Rosario,Municipio,Rosario,820210,Servicio de Catastro e Información Territorial,IGN
2012,6961,2012-05-17,Jueves,0.0,20:00:00,,0.0,2,"Bicicleta,Automóvil",AYACUCHO Y GABOTO,3,1,0,0,2,0,0,,Calle,,ROSARIO,Rosario,Asfalto,No existe,II,Dentro,Urbana,Marca Vial,No existe,Intersección,Bueno,Buena,Nocturna,Buen Tiempo,Lateral,S/D,Atropello,S/D,Vertical,Ninguna,Sin restricción,POINT (-60.633682699999994 -32.975366199999996),"['Ayacucho', 'Gaboto']",2,Ayacucho; Gaboto,-32.9753662,-60.6336827,55.0,538.0,Municipio Rosario,Municipio,Rosario,820210,Servicio de Catastro e Información Territorial,IGN
2012,6962,2012-05-15,Martes,0.0,,,0.0,2,"Automóvil,Moto/Ciclomotor",santa fe y callao,2,1,0,0,1,0,0,,Calle,,ROSARIO,Rosario,Asfalto,S/D,II,Dentro,Urbana,S/D,S/D,Intersección,Bueno,S/D,S/D,Buen Tiempo,S/D,S/D,Colisión,S/D,S/D,S/D,Sin restricción,POINT (-60.6597746 -32.94115649999999),"['Santa Fe', 'Callao']",2,Santa Fe; Callao,-32.94115649999999,-60.6597746,55.0,538.0,Municipio Rosario,Municipio,Rosario,820210,Servicio de Catastro e Información Territorial,IGN
2012,6964,2012-05-14,Lunes,0.0,,,0.0,2,"Automóvil,Taxi/Remis",mendoza y pueyrredon ,3,1,0,0,1,0,1,,Calle,,ROSARIO,Rosario,Asfalto,S/D,II,Dentro,Urbana,S/D,S/D,Intersección,Bueno,S/D,S/D,Buen Tiempo,S/D,S/D,Colisión,S/D,S/D,S/D,Sin restricción,POINT (-60.658654199999994 -32.9481107),"['Mendoza', 'Pueyrredón']",2,Mendoza; Pueyrredón,-32.9481107,-60.6586542,55.0,538.0,Municipio Rosario,Municipio,Rosario,820210,Servicio de Catastro e Información Territorial,IGN
2012,6965,2012-05-16,Miercoles,0.0,,,0.0,3,"Automóvil,Automóvil,Moto/Ciclomotor",francia y cordoba,5,4,0,0,1,0,0,,Calle,,ROSARIO,Rosario,Asfalto,S/D,II,Dentro,Urbana,S/D,S/D,Intersección,Bueno,S/D,S/D,S/D,S/D,S/D,Colisión,S/D,S/D,S/D,Sin restricción,POINT (-60.6655272 -32.94154475),"['Avenida Francia', 'Córdoba']",2,Avenida Francia; Córdoba,-32.94154475,-60.6655272,55.0,538.0,Municipio Rosario,Municipio,Rosario,820210,Servicio de Catastro e Información Territorial,IGN
2012,6966,2012-05-17,Jueves,0.0,19:30:00,,0.0,2,"Peatón,Moto/Ciclomotor",GRANDOLI 3800,2,1,0,0,1,0,0,,Calle,,ROSARIO,Rosario,Asfalto,No existe,II,Dentro,Urbana,Marca Vial,No existe,Recta,Bueno,Buena,Atardecer,Buen Tiempo,Otro,S/D,Atropello,S/D,Vertical,Ninguna,Sin restricción,"-32.9845762, -60.6283121",['Grandoli 3800'],1,Grandoli 3800,-32.9845762,-60.6283121,55.0,538.0,Municipio Rosario,Municipio,Rosario,820210,Servicio de Catastro e Información Territorial,IGN
2012,6968,2012-05-18,Viernes,0.0,,,0.0,2,"Moto/Ciclomotor,Automóvil",pellegrini y vera mujica ,2,1,0,0,1,0,0,,Calle,,ROSARIO,Rosario,Asfalto,S/D,II,Dentro,Urbana,S/D,S/D,Intersección,Bueno,S/D,S/D,Buen Tiempo,S/D,S/D,Colisión,S/D,S/D,S/D,Sin restricción,POINT (-60.6696235 -32.952139450000004),"['Pellegrini', 'Vera Mujíca']",2,Avenida Carlos Pellegrini; Vera Mujíca,-32.952139450000004,-60.6696235,55.0,538.0,Municipio Rosario,Municipio,Rosario,820210,Servicio de Catastro e Información Territorial,IGN
2012,6970,2012-05-16,Miercoles,0.0,11:00:00,,0.0,2,"Automóvil,Pickup/Utilitario",SAN MARTIN Y 24 DE SEPTIEMBRE,3,1,0,0,2,0,0,,Calle,,ROSARIO,Rosario,Asfalto,No existe,II,Dentro,Urbana,Marca Vial,No existe,Intersección,Bueno,Buena,Diurna,Buen Tiempo,Lateral,S/D,Colisión,S/D,Vertical,Línea divisoria pintada,Sin restricción,POINT (-60.64455705 -32.98058454999999),"['San Martin', '24 de Septiembre']",2,José de San Martín; 24 de Septiembre,-32.98058454999999,-60.64455705,55.0,538.0,Municipio Rosario,Municipio,Rosario,820210,Servicio de Catastro e Información Territorial,IGN
2012,6972,2012-05-01,Martes,0.0,16:25:00,,0.0,2,"Automóvil,Moto/Ciclomotor",TUCUMAN Y VERA MUJICA,2,1,0,0,1,0,0,,Calle,,ROSARIO,Rosario,Asfalto,No existe,II,Dentro,Urbana,Ninguna,No existe,Recta,Bueno,Buena,Diurna,Buen Tiempo,Lateral,S/D,Colisión,S/D,Horizontal,Ninguna,Sin restricción,POINT (-60.66572680000001 -32.936646399999994),"['Tucumán', 'Vera Mujíca']",2,Tucumán; Vera Mujíca,-32.936646399999994,-60.66572680000001,55.0,538.0,Municipio Rosario,Municipio,Rosario,820210,Servicio de Catastro e Información Territorial,IGN
2012,6973,2012-05-18,Viernes,0.0,11:45:00,,0.0,1,,urquiza 1400,3,1,0,0,1,0,1,,Calle,,ROSARIO,Rosario,Asfalto,No existe,II,Dentro,Urbana,S/D,No existe,Recta,Bueno,Buena,Diurna,Buen Tiempo,Lateral,S/D,Colisión,S/D,Faltante,S/D,Sin restricción,"-32.9422003, -60.6413527",['Urquiza 1400'],1,Urquiza 1400,-32.9422003,-60.6413527,55.0,538.0,Municipio Rosario,Municipio,Rosario,820210,Servicio de Catastro e Información Territorial,IGN
2012,6974,2012-05-18,Viernes,0.0,11:45:00,,0.0,2,"Moto/Ciclomotor,Automóvil",urquiza 1400,3,1,0,0,1,0,1,,Calle,,ROSARIO,Rosario,Asfalto,No existe,II,Dentro,Urbana,S/D,No existe,Recta,Bueno,Buena,Diurna,Buen Tiempo,Lateral,S/D,Colisión,S/D,Faltante,S/D,Sin restricción,"-32.9422003, -60.6413527",['Urquiza 1400'],1,Urquiza 1400,-32.9422003,-60.6413527,55.0,538.0,Municipio Rosario,Municipio,Rosario,820210,Servicio de Catastro e Información Territorial,IGN
2012,6975,2012-05-01,Martes,0.0,17:15:00,,0.0,2,"Automóvil,Bicicleta",RICHIERI Y URQUIZA,2,1,0,0,1,0,0,,Calle,,ROSARIO,Rosario,Asfalto,No existe,II,Dentro,Urbana,Ninguna,No existe,Recta,Bueno,Buena,Diurna,Buen Tiempo,S/D,S/D,Atropello,Otro,Horizontal,Ninguna,Sin restricción,POINT (-60.6619733 -32.9385564),"['Ricchieri', 'Urquiza']",2,Ricchieri; Justo José de Urquiza,-32.9385564,-60.6619733,55.0,538.0,Municipio Rosario,Municipio,Rosario,820210,Servicio de Catastro e Información Territorial,IGN
2012,6980,2012-05-07,Lunes,0.0,19:00:00,,0.0,2,"Bicicleta,Automóvil",laprida 1700,3,2,0,0,1,0,0,,Calle,,ROSARIO,Rosario,Asfalto,No existe,II,Dentro,Urbana,S/D,No existe,Recta,Bueno,Buena,Atardecer,Buen Tiempo,"Frontal,Lateral",S/D,Colisión,S/D,S/D,S/D,Sin restricción,"-32.9578354, -60.6369623",['Laprida 1700'],1,Laprida 1700,-32.9578354,-60.6369623,55.0,538.0,Municipio Rosario,Municipio,Rosario,820210,Servicio de Catastro e Información Territorial,IGN
2012,6981,2012-05-01,Martes,0.0,07:00:00,,0.0,2,"Moto/Ciclomotor,Automóvil",ALEM Y BIEDMA,3,1,0,0,2,0,0,,Calle,,ROSARIO,Rosario,Asfalto,No existe,II,Dentro,Urbana,Ninguna,No existe,Intersección,Bueno,Buena,Diurna,Buen Tiempo,De alcance,S/D,Colisión,S/D,Faltante,Ninguna,S/D,POINT (-60.637076300000004 -32.9831384),"['Alem', 'Coronel Biedma']",2,Leandro N. Alem; Coronel Biedma,-32.9831384,-60.6370763,55.0,538.0,Municipio Rosario,Municipio,Rosario,820210,Servicio de Catastro e Información Territorial,IGN
2012,6983,2012-05-07,Lunes,0.0,15:30:00,,0.0,2,"Automóvil,Moto/Ciclomotor",1&#186; de mayo y la paz,3,2,0,0,1,0,0,,Calle,,ROSARIO,Rosario,Asfalto,No existe,II,Dentro,Urbana,S/D,No existe,Intersección,Bueno,Buena,Diurna,Buen Tiempo,"Frontal,Lateral",S/D,Colisión,S/D,S/D,Ninguna,Sin restricción,POINT (-60.6341292 -32.9656806),"['Primero de Mayo', 'La Paz']",2,Primero de Mayo; La Paz,-32.9656806,-60.6341292,55.0,538.0,Municipio Rosario,Municipio,Rosario,820210,Servicio de Catastro e Información Territorial,IGN
2012,6984,2012-05-09,Miercoles,0.0,,,0.0,2,"Transporte de Pasajeros Urbano (> 8 asientos),Ambulancia",laprida y cochabamba,5,2,0,0,3,0,0,,Calle,,ROSARIO,Rosario,Asfalto,No existe,II,Dentro,Urbana,S/D,No existe,Intersección,Bueno,S/D,S/D,Buen Tiempo,Frontal,S/D,Colisión,S/D,S/D,S/D,Sin restricción,POINT (-60.6372622 -32.9591583),"['Laprida', 'Cochabamba']",2,Francisco Narciso Laprida; Cochabamba,-32.9591583,-60.6372622,55.0,538.0,Municipio Rosario,Municipio,Rosario,820210,Servicio de Catastro e Información Territorial,IGN
2012,6985,2012-05-02,Miercoles,0.0,08:25:00,,0.0,2,"Peatón,Moto/Ciclomotor",24 DE SEPTIEMBRE Y AV. GRANDOLI,2,2,0,0,0,0,0,,Calle,,ROSARIO,Rosario,Asfalto,Pavimento,II,Dentro,Urbana,Ninguna,No existe,Intersección,Deteriorada,Buena,Diurna,S/D,Otro,S/D,Atropello,S/D,Horizontal,Cordón divisorio,S/D,POINT (-60.62809635000001 -32.98357419999999),"['24 de Septiembre', 'Avenida Abanderado Grandoli']",2,24 de Septiembre; Avenida Abanderado Grandoli,-32.98357419999999,-60.62809635000001,55.0,538.0,Municipio Rosario,Municipio,Rosario,820210,Servicio de Catastro e Información Territorial,IGN
2012,6986,2012-05-02,Miercoles,0.0,09:00:00,,0.0,2,"Automóvil,Automóvil",SAN NICOLAS Y URQUIZA,2,2,0,0,0,0,0,,Calle,,ROSARIO,Rosario,Asfalto,No existe,II,Dentro,Urbana,Ninguna,No existe,Recta,Bueno,Buena,Diurna,Buen Tiempo,Frontal,S/D,Colisión,Otro,Horizontal,Ninguna,Sin restricción,POINT (-60.6714596 -32.93685429999999),"['San Nicolás', 'Urquiza']",2,San Nicolás; Justo José de Urquiza,-32.93685429999999,-60.6714596,55.0,538.0,Municipio Rosario,Municipio,Rosario,820210,Servicio de Catastro e Información Territorial,IGN
2012,6987,2012-05-02,Miercoles,0.0,16:30:00,,0.0,2,"Automóvil,Taxi/Remis",SAAVEDRA Y LAPRIDA,2,1,0,0,1,0,0,,Calle,,ROSARIO,Rosario,Asfalto,Pavimento,II,S/D,Urbana,Ninguna,No existe,Intersección,Bueno,Buena,Diurna,Buen Tiempo,Lateral,S/D,Colisión,S/D,Horizontal,Ninguna,S/D,POINT (-60.6421496 -32.978662299999996),"['Saavedra', 'Laprida']",2,Saavedra; Francisco Narciso Laprida,-32.9786623,-60.6421496,55.0,538.0,Municipio Rosario,Municipio,Rosario,820210,Servicio de Catastro e Información Territorial,IGN
2012,6988,2012-05-02,Miercoles,0.0,09:30:00,,0.0,2,"Bicicleta,Pickup/Utilitario",1&#186; DE MAYO Y DR. RIVAS,2,1,0,0,1,0,0,,Calle,,ROSARIO,Rosario,Asfalto,No existe,II,Dentro,Urbana,Ninguna,S/D,Intersección,Con baches,S/D,S/D,S/D,Lateral,S/D,Atropello,S/D,Horizontal,Ninguna,S/D,POINT (-60.6390307 -32.9852327),"['Primero de Mayo', 'Doctor Francisco Riva']",2,Primero de Mayo; Doctor Francisco Riva,-32.9852327,-60.6390307,55.0,538.0,Municipio Rosario,Municipio,Rosario,820210,Servicio de Catastro e Información Territorial,IGN