anio_acci,nro_acci,fecha,desc_dia,fecha_aprox,hora_aprox,desc_ruta,km,cant_participantes,desc_participante,calle_avenida_km,total,heridos_leves,heridos_graves,heridos_gravisimos,ilesos,fallecidos,sin_datos,posicion_XY,desc_tipo_via,desc_ruta_ori,desc_loc,desc_dpto,desc_tipo_calzada,desc_tipo_banquina,desc_unidad_regional,desc_lugar_calzada,desc_zona,desc_prioridad,desc_estado_semaforo,desc_lugar_via,desc_estado_via,desc_estado_visibilidad,desc_luminosidad,desc_estado_clima,desc_tipo_colision,desc_tipo_atropello,desc_tipo_hecho,desc_pres_calzada,desc_senializacion,desc_separacion_via,desc_restriccion,forma_geocod,calle_lista,numero_calles,calles_osm,lat,lon,index_right,gid,fna,gna,nam,in1,fdc,sag
2012,6989,2012-05-11,Viernes,0.0,08:20:00,,0.0,2,"Moto/Ciclomotor,Moto/Ciclomotor",vera mujica,3,2,0,0,1,0,0,,Calle,,ROSARIO,Rosario,Asfalto,No existe,II,Dentro,Urbana,S/D,S/D,Recta,Bueno,Buena,Diurna,Buen Tiempo,"Frontal,Lateral",S/D,Colisión,S/D,S/D,S/D,Sin restricción,"-32.9424565, -60.6672045",['Vera Mujíca'],1,Vera Mujíca,-32.9424565,-60.6672045,55.0,538.0,Municipio Rosario,Municipio,Rosario,820210,Servicio de Catastro e Información Territorial,IGN
2012,6990,2012-05-02,Miercoles,0.0,14:50:00,,0.0,2,"Automóvil,Peatón",SALTA 3000,2,0,1,0,1,0,0,,Calle,,ROSARIO,Rosario,Asfalto,No existe,II,S/D,Urbana,Semáforo,Funciona,Recta,Bueno,Buena,Diurna,Buen Tiempo,S/D,S/D,Atropello,S/D,Horizontal,Ninguna,Sin restricción,"-32.9347061, -60.6622274",['Salta 3000'],1,Salta 3000,-32.9347061,-60.6622274,55.0,538.0,Municipio Rosario,Municipio,Rosario,820210,Servicio de Catastro e Información Territorial,IGN
2012,6991,2012-05-03,Jueves,0.0,10:00:00,,0.0,2,"Moto/Ciclomotor,Pickup/Utilitario",AYOLAS Y COLON,3,2,0,0,1,0,0,,Calle,,ROSARIO,Rosario,Asfalto,S/D,II,Dentro,Urbana,Semáforo,Funciona,Intersección,Con baches,Buena,Diurna,S/D,De alcance,S/D,Colisión,S/D,Vertical,Ninguna,S/D,POINT (-60.633159899999995 -32.97906139999999),"['Ayolas', 'Colon']",2,Ayolas; Cristóbal Colón,-32.97906139999999,-60.6331599,55.0,538.0,Municipio Rosario,Municipio,Rosario,820210,Servicio de Catastro e Información Territorial,IGN
2012,6992,2012-05-14,Lunes,0.0,20:30:00,,0.0,2,"Bicicleta,Automóvil",1&#186; de mayo y cochabamba,2,1,0,0,1,0,0,,Calle,,ROSARIO,Rosario,Asfalto,No existe,II,Dentro,Urbana,S/D,No existe,Intersección,Bueno,Buena,"Nocturna,Con luz artificial",Buen Tiempo,Lateral,S/D,Atropello,S/D,S/D,S/D,S/D,POINT (-60.6327185 -32.95999129999999),"['Primero de Mayo', 'Cochabamba']",2,Primero de Mayo; Cochabamba,-32.95999129999999,-60.6327185,55.0,538.0,Municipio Rosario,Municipio,Rosario,820210,Servicio de Catastro e Información Territorial,IGN
2012,6993,2012-05-03,Jueves,0.0,17:15:00,,0.0,2,"Moto/Ciclomotor,Taxi/Remis",1&#186; DE MAYO Y AYOLAS,2,1,0,0,1,0,0,,Calle,,ROSARIO,Rosario,Asfalto,S/D,II,Dentro,Urbana,Marca Vial,S/D,Recta,Deteriorada,S/D,S/D,S/D,Lateral,S/D,Colisión,S/D,S/D,Ninguna,S/D,POINT (-60.6373079 -32.9783266),"['Primero de Mayo', 'Ayolas']",2,Primero de Mayo; Ayolas,-32.9783266,-60.6373079,55.0,538.0,Municipio Rosario,Municipio,Rosario,820210,Servicio de Catastro e Información Territorial,IGN
2012,6994,2012-05-14,Lunes,0.0,07:55:00,,0.0,2,"Moto/Ciclomotor,Taxi/Remis",buenos aires y ocampo,2,1,0,0,1,0,0,,Calle,,ROSARIO,Rosario,Asfalto,No existe,II,Dentro,Urbana,S/D,No existe,Intersección,Bueno,Buena,Diurna,Buen Tiempo,Lateral,S/D,Colisión,S/D,S/D,S/D,Sin restricción,POINT (-60.637728 -32.9674326),"['Buenos Aires', 'Ocampo']",2,Buenos Aires; Ocampo,-32.9674326,-60.637728,55.0,538.0,Municipio Rosario,Municipio,Rosario,820210,Servicio de Catastro e Información Territorial,IGN
2012,6995,2012-05-04,Viernes,0.0,20:30:00,,0.0,2,"Moto/Ciclomotor,Automóvil",DEAN FUNES Y COLON,3,2,0,0,1,0,0,,Calle,,ROSARIO,Rosario,Asfalto,No existe,II,Dentro,Urbana,Señal Pare,No existe,Recta,Deteriorada,S/D,"Nocturna,Con luz artificial",S/D,Otro,S/D,Colisión,S/D,Faltante,Ninguna,S/D,POINT (-60.6328745 -32.9779145),"['Deán Gregorio Funes', 'Colon']",2,Deán Gregorio Funes; Cristóbal Colón,-32.9779145,-60.6328745,55.0,538.0,Municipio Rosario,Municipio,Rosario,820210,Servicio de Catastro e Información Territorial,IGN
2012,6996,2012-05-04,Viernes,0.0,17:30:00,,0.0,2,"Moto/Ciclomotor,Pickup/Utilitario",BV. SEGUI Y BS. AS.,3,2,0,0,1,0,0,,Calle,,ROSARIO,Rosario,Asfalto,Natural,II,Dentro,Urbana,Ninguna,No existe,Intersección,Con baches,Buena,Diurna,Buen Tiempo,Lateral,S/D,Colisión,S/D,Horizontal,Ninguna,S/D,POINT (-60.640923400000005 -32.98006374999999),"['Bulevar Juan Francisco Seguí', 'Buenos Aires']",2,Bulevar Juan Francisco Seguí; Buenos Aires,-32.98006374999999,-60.640923400000005,55.0,538.0,Municipio Rosario,Municipio,Rosario,820210,Servicio de Catastro e Información Territorial,IGN
2012,6997,2012-05-17,Jueves,0.0,11:15:00,,0.0,2,"Moto/Ciclomotor,Automóvil",alem y pasco,3,2,0,0,1,0,0,,Calle,,ROSARIO,Rosario,Asfalto,No existe,II,Dentro,Urbana,S/D,No existe,Intersección,Bueno,Buena,Diurna,Buen Tiempo,Lateral,S/D,Colisión,S/D,Vertical,S/D,Sin restricción,POINT (-60.6315826 -32.9613524),"['Alem', 'Pasco']",2,Leandro N. Alem; Pasco,-32.9613524,-60.6315826,55.0,538.0,Municipio Rosario,Municipio,Rosario,820210,Servicio de Catastro e Información Territorial,IGN
2012,6998,2012-05-05,Sabado,0.0,19:30:00,,0.0,2,"Moto/Ciclomotor,Moto/Ciclomotor",CHACABUCO Y BIEDMA,3,1,0,0,2,0,0,,Calle,,ROSARIO,Rosario,Asfalto,No existe,II,S/D,Urbana,Ninguna,No existe,Intersección,Deteriorada,S/D,"Atardecer,Con luz artificial",S/D,Lateral,S/D,Colisión,S/D,Faltante,Ninguna,S/D,POINT (-60.631575500000004 -32.98412449999999),"['Chacabuco', 'Coronel Biedma']",2,Chacabuco; Coronel Biedma,-32.98412449999999,-60.6315755,55.0,538.0,Municipio Rosario,Municipio,Rosario,820210,Servicio de Catastro e Información Territorial,IGN
2012,6999,2012-05-04,Viernes,0.0,17:15:00,,0.0,2,"Pickup/Utilitario,Automóvil",OV. LAGOS Y SAN LORENZO,2,1,0,0,1,0,0,,Calle,,ROSARIO,Rosario,Asfalto,No existe,II,S/D,Urbana,Semáforo,Funciona,Recta,Bueno,Buena,Diurna,Buen Tiempo,Frontal,S/D,Colisión,Otro,Horizontal,Ninguna,Sin restricción,POINT (-60.6608722 -32.9399458),"['Avenida Ovidio Lagos', 'San Lorenzo']",2,Avenida Ovidio Lagos; San Lorenzo,-32.9399458,-60.6608722,55.0,538.0,Municipio Rosario,Municipio,Rosario,820210,Servicio de Catastro e Información Territorial,IGN
2012,7000,2012-05-06,Domingo,0.0,16:30:00,,0.0,2,"Moto/Ciclomotor,Automóvil",ALEM Y GABOTO,2,1,0,0,1,0,0,,Calle,,ROSARIO,Rosario,Asfalto,S/D,II,Dentro,Urbana,Semáforo,Funciona,Intersección,Bueno,Buena,Diurna,Buen Tiempo,Otro,S/D,Colisión,S/D,Vertical,Ninguna,S/D,POINT (-60.635075900000004 -32.9751272),"['Alem', 'Gaboto']",2,Leandro N. Alem; Gaboto,-32.9751272,-60.6350759,55.0,538.0,Municipio Rosario,Municipio,Rosario,820210,Servicio de Catastro e Información Territorial,IGN
2012,7001,2012-05-26,Sabado,0.0,19:40:00,,0.0,3,"Automóvil,Automóvil,Automóvil",OV. LAGOS 500,3,1,0,0,2,0,0,,Calle,,ROSARIO,Rosario,Asfalto,No existe,II,Dentro,Urbana,Semáforo,Funciona,Recta,Bueno,Buena,Diurna,Buen Tiempo,"Frontal,Múltiple",S/D,Colisión,S/D,Horizontal,Ninguna,Sin restricción,"-32.9386467, -60.6606073",['Ovidio Lagos 500'],1,Ovidio Lagos 500,-32.9386467,-60.6606073,55.0,538.0,Municipio Rosario,Municipio,Rosario,820210,Servicio de Catastro e Información Territorial,IGN
2012,7002,2012-05-19,Sabado,0.0,11:50:00,,0.0,2,"Moto/Ciclomotor,Automóvil",j. m. rosas al 1700,3,2,0,0,1,0,0,,Calle,,ROSARIO,Rosario,Asfalto,No existe,II,Dentro,Urbana,S/D,No existe,Recta,Bueno,Buena,Diurna,Buen Tiempo,"Frontal,Lateral",S/D,Colisión,S/D,S/D,S/D,Sin restricción,"-32.9583565, -60.6340136",['Juan Manuel De Rosas 1700'],1,Juan Manuel De Rosas 1700,-32.9583565,-60.6340136,55.0,538.0,Municipio Rosario,Municipio,Rosario,820210,Servicio de Catastro e Información Territorial,IGN
2012,7003,2012-05-07,Lunes,0.0,20:30:00,,0.0,2,"Moto/Ciclomotor,Pickup/Utilitario",NECOCHEA Y 24 DE SEPTIEMBRE,3,1,0,0,2,0,0,,Calle,,ROSARIO,Rosario,Asfalto,No existe,II,Dentro,Urbana,Ninguna,No existe,Intersección,Deteriorada,S/D,"Nocturna,Con luz artificial",S/D,Lateral,S/D,Colisión,S/D,Faltante,Ninguna,S/D,POINT (-60.63268289999999 -32.982739900000006),"['Necochea', '24 de Septiembre']",2,Necochea; 24 de Septiembre,-32.982739900000006,-60.63268289999999,55.0,538.0,Municipio Rosario,Municipio,Rosario,820210,Servicio de Catastro e Información Territorial,IGN
2012,7004,2012-05-07,Lunes,0.0,19:35:00,,0.0,2,"Moto/Ciclomotor,Pickup/Utilitario",AYOLAS Y COLON,3,2,0,0,1,0,0,,Calle,,ROSARIO,Rosario,Asfalto,No existe,II,Dentro,Urbana,Ninguna,No existe,Intersección,Deteriorada,S/D,Nocturna,Buen Tiempo,Otro,S/D,Colisión,S/D,Faltante,Ninguna,S/D,POINT (-60.633159899999995 -32.97906139999999),"['Ayolas', 'Colon']",2,Ayolas; Cristóbal Colón,-32.97906139999999,-60.6331599,55.0,538.0,Municipio Rosario,Municipio,Rosario,820210,Servicio de Catastro e Información Territorial,IGN
2012,7005,2012-05-21,Lunes,0.0,,,0.0,1,Moto/Ciclomotor,27 de febrero y ayacucho,3,1,0,0,1,0,1,,Calle,,ROSARIO,Rosario,Asfalto,No existe,II,Dentro,Urbana,S/D,No existe,Intersección,Bueno,Buena,Diurna,Buen Tiempo,Lateral,S/D,Colisión,S/D,Faltante,S/D,Sin restricción,POINT (-60.6322277 -32.96960704999999),"['27 de Febrero', 'Ayacucho']",2,Bulevar 27 de Febrero; Ayacucho,-32.96960704999999,-60.6322277,55.0,538.0,Municipio Rosario,Municipio,Rosario,820210,Servicio de Catastro e Información Territorial,IGN
2012,7006,2012-05-04,Viernes,0.0,22:30:00,,0.0,2,"Automóvil,Pickup/Utilitario",SANTIAGO Y URQUIZA,2,1,0,0,1,0,0,,Calle,,ROSARIO,Rosario,Asfalto,No existe,II,Dentro,Urbana,Ninguna,No existe,Recta,Bueno,Buena,Diurna,Buen Tiempo,Frontal,S/D,Colisión,S/D,Horizontal,Ninguna,Sin restricción,POINT (-60.6551027 -32.939761499999996),"['Santiago', 'Urquiza']",2,Santiago; Justo José de Urquiza,-32.9397615,-60.6551027,55.0,538.0,Municipio Rosario,Municipio,Rosario,820210,Servicio de Catastro e Información Territorial,IGN
2012,7007,2012-05-06,Domingo,0.0,05:00:00,,0.0,2,"Moto/Ciclomotor,Taxi/Remis",LAPRIDA Y BV. SEGUI,2,1,0,0,1,0,0,,Calle,,ROSARIO,Rosario,Asfalto,S/D,II,Dentro,Urbana,Ninguna,S/D,Intersección,Bueno,S/D,S/D,S/D,Lateral,S/D,Colisión,S/D,Horizontal,Cordón divisorio,S/D,POINT (-60.64243230000001 -32.97979135),"['Laprida', 'Bulevar Juan Francisco Seguí']",2,Francisco Narciso Laprida; Bulevar Juan Francisco Seguí,-32.97979135,-60.64243230000001,55.0,538.0,Municipio Rosario,Municipio,Rosario,820210,Servicio de Catastro e Información Territorial,IGN
2012,7008,2012-05-06,Domingo,0.0,15:10:00,,0.0,2,"Automóvil,Moto/Ciclomotor",PUYRREDON Y URQUIZA,3,1,0,0,2,0,0,,Calle,,ROSARIO,Rosario,Asfalto,No existe,II,Dentro,Urbana,Ninguna,No existe,Recta,Bueno,Buena,Diurna,Buen Tiempo,Frontal,S/D,Colisión,Otro,Horizontal,Ninguna,Sin restricción,POINT (-60.6564923 -32.9395203),"['Pueyrredón', 'Urquiza']",2,Pueyrredón; Justo José de Urquiza,-32.9395203,-60.6564923,55.0,538.0,Municipio Rosario,Municipio,Rosario,820210,Servicio de Catastro e Información Territorial,IGN
2012,7010,2012-05-11,Viernes,0.0,20:15:00,,0.0,2,"Moto/Ciclomotor,Automóvil",SANTA FE Y VERA MUJICA,1,1,0,0,0,0,0,,Calle,,ROSARIO,Rosario,Asfalto,No existe,II,Dentro,Urbana,Semáforo,Funciona,Recta,Bueno,Buena,Nocturna,Buen Tiempo,Frontal,S/D,Colisión,Otro,Horizontal,Ninguna,Sin restricción,POINT (-60.6665625 -32.9399498),"['Santa Fe', 'Vera Mujíca']",2,Santa Fe; Vera Mujíca,-32.9399498,-60.6665625,55.0,538.0,Municipio Rosario,Municipio,Rosario,820210,Servicio de Catastro e Información Territorial,IGN
2012,7011,2012-05-23,Miercoles,0.0,,,0.0,2,"Moto/Ciclomotor,Automóvil",ituzaingo y ayacucho,2,1,0,0,1,0,0,,Calle,,ROSARIO,Rosario,Asfalto,No existe,II,Dentro,Urbana,S/D,No existe,Intersección,Bueno,Buena,Nocturna,Buen Tiempo,Lateral,S/D,Colisión,S/D,Faltante,S/D,Sin restricción,POINT (-60.63049190000001 -32.96271439999999),"['Ituzaingó', 'Ayacucho']",2,Ituzaingó; Ayacucho,-32.96271439999999,-60.63049190000001,55.0,538.0,Municipio Rosario,Municipio,Rosario,820210,Servicio de Catastro e Información Territorial,IGN
2012,7012,2012-05-12,Sabado,0.0,16:25:00,,0.0,2,"Automóvil,Moto/Ciclomotor",RIVADAVIA Y PUEYRREDON,2,1,0,0,1,0,0,,Calle,,ROSARIO,Rosario,Asfalto,No existe,II,Dentro,Urbana,Semáforo,Funciona,Recta,Bueno,Buena,Diurna,Buen Tiempo,Lateral,S/D,Colisión,Otro,Horizontal,Ninguna,Sin restricción,POINT (-60.6544373 -32.9313581),"['Rivadavia', 'Pueyrredón']",2,"('Avenida Bernardino Rivadavia', 'Pueyrredón')",-32.9313581,-60.6544373,55.0,538.0,Municipio Rosario,Municipio,Rosario,820210,Servicio de Catastro e Información Territorial,IGN
2012,7013,2012-05-16,Miercoles,0.0,12:30:00,,0.0,2,"Moto/Ciclomotor,Automóvil",RODRIGUEZ Y SALTA,2,1,0,0,1,0,0,,S/D,,ROSARIO,Rosario,Hormigón,S/D,II,S/D,S/D,S/D,Funciona,Intersección,Bueno,Buena,Diurna,Buen Tiempo,S/D,S/D,Colisión,S/D,S/D,S/D,S/D,POINT (-60.656966399999995 -32.935775899999996),"['Rodríguez', 'Salta']",2,Rodríguez de Escobedo; Salta,-32.9357759,-60.6569664,55.0,538.0,Municipio Rosario,Municipio,Rosario,820210,Servicio de Catastro e Información Territorial,IGN
2012,7015,2012-05-24,Jueves,0.0,,,0.0,2,"Moto/Ciclomotor,Automóvil",colon 2300,3,2,0,0,1,0,0,,Calle,,ROSARIO,Rosario,Asfalto,No existe,II,Dentro,Urbana,S/D,No existe,Recta,Bueno,Buena,Diurna,Buen Tiempo,Lateral,S/D,Colisión,S/D,Faltante,S/D,Sin restricción,"-32.9662714, -60.6300679",['Colon 2300'],1,Colon 2300,-32.9662714,-60.6300679,55.0,538.0,Municipio Rosario,Municipio,Rosario,820210,Servicio de Catastro e Información Territorial,IGN
2012,7016,2012-05-10,Jueves,0.0,13:15:00,,0.0,2,"Moto/Ciclomotor,Pickup/Utilitario",AYOLAS Y ALEM,2,1,0,0,1,0,0,,Calle,,ROSARIO,Rosario,Asfalto,No existe,II,Dentro,Urbana,Ninguna,Funciona,Intersección,Bueno,Buena,Diurna,Buen Tiempo,Lateral,S/D,Colisión,S/D,Horizontal,Ninguna,Sin restricción,POINT (-60.635922 -32.9785708),"['Ayolas', 'Alem']",2,Ayolas; Leandro N. Alem,-32.9785708,-60.635922,55.0,538.0,Municipio Rosario,Municipio,Rosario,820210,Servicio de Catastro e Información Territorial,IGN
2012,7017,2012-05-09,Miercoles,0.0,15:00:00,,0.0,2,"Moto/Ciclomotor,Pickup/Utilitario",ALEM Y GALVEZ,3,1,0,0,2,0,0,,Calle,,ROSARIO,Rosario,Asfalto,No existe,II,Dentro,Urbana,Ninguna,No existe,Intersección,Bueno,Buena,Diurna,Buen Tiempo,Lateral,S/D,Colisión,S/D,Vertical,Ninguna,Sin restricción,POINT (-60.63391070000001 -32.97051729999999),"['Alem', 'Galvez']",2,Leandro N. Alem; José Gálvez,-32.97051729999999,-60.63391070000001,55.0,538.0,Municipio Rosario,Municipio,Rosario,820210,Servicio de Catastro e Información Territorial,IGN
2012,7018,2012-05-20,Domingo,0.0,19:30:00,,0.0,2,"Automóvil,Moto/Ciclomotor",SAN NICOLAS Y TUCUMAN,2,1,0,0,1,0,0,,Calle,,ROSARIO,Rosario,Asfalto,S/D,II,Dentro,Urbana,S/D,S/D,Intersección,Resbaladiza,S/D,S/D,Lluvia,S/D,S/D,S/D,Agua,S/D,S/D,S/D,POINT (-60.6711576 -32.93566819999999),"['San Nicolás', 'Tucumán']",2,San Nicolás; Tucumán,-32.93566819999999,-60.6711576,55.0,538.0,Municipio Rosario,Municipio,Rosario,820210,Servicio de Catastro e Información Territorial,IGN
2012,7019,2012-05-01,Martes,0.0,14:00:00,,0.0,2,"Automóvil,Moto/Ciclomotor",dorrego e ituzaingo,3,2,0,0,1,0,0,,Calle,,ROSARIO,Rosario,Asfalto,S/D,II,Dentro,Urbana,S/D,S/D,Intersección,Bueno,Buena,Diurna,Buen Tiempo,Lateral,S/D,Colisión,S/D,S/D,S/D,Sin restricción,POINT (-60.65280490000001 -32.958759499999985),"['Dorrego', 'Ituzaingó']",2,Manuel Dorrego; Ituzaingó,-32.958759499999985,-60.65280490000001,55.0,538.0,Municipio Rosario,Municipio,Rosario,820210,Servicio de Catastro e Información Territorial,IGN
2012,7020,2012-05-13,Domingo,0.0,21:30:00,,0.0,2,"Moto/Ciclomotor,Automóvil",LAPRIDA Y DR. RIVAS,2,1,0,0,1,0,0,,Calle,,ROSARIO,Rosario,Asfalto,No existe,II,Dentro,Urbana,Ninguna,No existe,Intersección,Bueno,Buena,"Nocturna,Con luz artificial",Buen Tiempo,Lateral,S/D,Colisión,S/D,Vertical,Ninguna,Sin restricción,POINT (-60.6435977 -32.984410200000006),"['Laprida', 'Doctor Francisco Riva']",2,Francisco Narciso Laprida; Doctor Francisco Riva,-32.984410200000006,-60.6435977,55.0,538.0,Municipio Rosario,Municipio,Rosario,820210,Servicio de Catastro e Información Territorial,IGN
2012,7021,2012-05-01,Martes,0.0,18:00:00,,0.0,1,,ituzaingo y san martin ,5,3,0,0,1,0,1,,Calle,,ROSARIO,Rosario,Asfalto,S/D,II,Dentro,Urbana,S/D,S/D,Intersección,Bueno,Buena,Atardecer,Buen Tiempo,Lateral,S/D,Colisión,S/D,S/D,S/D,Sin restricción,POINT (-60.6402962 -32.9609805),"['Ituzaingó', 'San Martin']",2,Ituzaingó; José de San Martín,-32.9609805,-60.6402962,55.0,538.0,Municipio Rosario,Municipio,Rosario,820210,Servicio de Catastro e Información Territorial,IGN
2012,7022,2012-05-01,Martes,0.0,18:00:00,,0.0,2,"Automóvil,Automóvil",ituzaingo y san martin ,5,3,0,0,1,0,1,,Calle,,ROSARIO,Rosario,Asfalto,S/D,II,Dentro,Urbana,S/D,S/D,Intersección,Bueno,Buena,Atardecer,Buen Tiempo,Lateral,S/D,Colisión,S/D,S/D,S/D,Sin restricción,POINT (-60.6402962 -32.9609805),"['Ituzaingó', 'San Martin']",2,Ituzaingó; José de San Martín,-32.9609805,-60.6402962,55.0,538.0,Municipio Rosario,Municipio,Rosario,820210,Servicio de Catastro e Información Territorial,IGN
2012,7023,2012-05-25,Viernes,0.0,10:30:00,,0.0,2,"Automóvil,Moto/Ciclomotor",SAN NICOLAS Y SAN LORENZO,3,2,0,0,1,0,0,,Calle,,ROSARIO,Rosario,Asfalto,No existe,II,Dentro,Urbana,Ninguna,No existe,Intersección,Bueno,Buena,Diurna,Buen Tiempo,Otro,S/D,Colisión,Otro,S/D,Ninguna,Sin restricción,POINT (-60.67174630000001 -32.9380145),"['San Nicolás', 'San Lorenzo']",2,San Nicolás; San Lorenzo,-32.9380145,-60.67174630000001,55.0,538.0,Municipio Rosario,Municipio,Rosario,820210,Servicio de Catastro e Información Territorial,IGN
2012,7024,2012-05-02,Miercoles,0.0,11:30:00,,0.0,2,"Automóvil,Moto/Ciclomotor",galvez y paraguay,2,1,0,0,1,0,0,,Calle,,ROSARIO,Rosario,Asfalto,S/D,II,Dentro,Urbana,S/D,S/D,Intersección,Bueno,Buena,S/D,Buen Tiempo,Lateral,S/D,Colisión,S/D,S/D,S/D,Sin restricción,POINT (-60.64936409999999 -32.9677811),"['Galvez', 'Paraguay']",2,José Gálvez; Paraguay,-32.9677811,-60.64936409999999,55.0,538.0,Municipio Rosario,Municipio,Rosario,820210,Servicio de Catastro e Información Territorial,IGN
2012,7025,2012-05-26,Sabado,0.0,19:55:00,,0.0,2,"Bicicleta,Automóvil",RODRIGUEZ Y JUJUY,2,1,0,0,1,0,0,,Calle,,ROSARIO,Rosario,Asfalto,No existe,II,S/D,Urbana,Ninguna,No existe,Recta,Bueno,Buena,Atardecer,Buen Tiempo,S/D,S/D,Atropello,Otro,Horizontal,Ninguna,Sin restricción,POINT (-60.6566516 -32.9345621),"['Rodríguez', 'Jujuy']",2,Rodríguez de Escobedo; Jujuy,-32.9345621,-60.6566516,55.0,538.0,Municipio Rosario,Municipio,Rosario,820210,Servicio de Catastro e Información Territorial,IGN
2012,7026,2012-06-13,Miercoles,0.0,13:30:00,,0.0,2,"Moto/Ciclomotor,Pickup/Utilitario",CORRIENTES Y AV. ROSARIO,3,2,0,0,1,0,0,,Avenida,,ROSARIO,Rosario,Asfalto,No existe,II,Dentro,Urbana,Ninguna,No existe,Intersección,Bueno,Buena,Diurna,Buen Tiempo,Lateral,S/D,Colisión,S/D,Vertical,Ninguna,Sin restricción,POINT (-60.6533567 -33.0000033),"['Corrientes', 'Rosario']",2,Corrientes; Puente Nuestra Señora del Rosario,-33.0000033,-60.6533567,55.0,538.0,Municipio Rosario,Municipio,Rosario,820210,Servicio de Catastro e Información Territorial,IGN
2012,7027,2012-05-26,Sabado,0.0,21:20:00,,0.0,2,"Pickup/Utilitario,Moto/Ciclomotor",SANTA FE Y CASTELLANOS,4,3,0,0,1,0,0,,S/D,,ROSARIO,Rosario,Asfalto,No existe,II,S/D,Urbana,Semáforo,Funciona,Recta,Bueno,Buena,Nocturna,Buen Tiempo,Frontal,S/D,Colisión,Otro,Horizontal,Ninguna,Sin restricción,POINT (-60.6747156 -32.938478899999986),"['Santa Fe', 'Aaron Castellanos']",2,Santa Fe; Aaron Castellanos,-32.938478899999986,-60.6747156,55.0,538.0,Municipio Rosario,Municipio,Rosario,820210,Servicio de Catastro e Información Territorial,IGN
2012,7028,2012-05-27,Domingo,0.0,05:45:00,,0.0,2,"Moto/Ciclomotor,Pickup/Utilitario",BROWN Y RODRIGUEZ,2,1,0,0,1,0,0,,Calle,,ROSARIO,Rosario,Asfalto,No existe,II,Dentro,Urbana,Ninguna,No existe,Recta,Bueno,Buena,Amanecer,Buen Tiempo,Otro,S/D,Colisión,Otro,Faltante,Ninguna,Sin restricción,POINT (-60.6563725 -32.9334435),"['Brown', 'Rodríguez']",2,Almirante Brown; Rodríguez de Escobedo,-32.9334435,-60.6563725,55.0,538.0,Municipio Rosario,Municipio,Rosario,820210,Servicio de Catastro e Información Territorial,IGN
2012,7029,2012-05-30,Miercoles,0.0,09:45:00,,0.0,2,"Moto/Ciclomotor,Automóvil",SAN LORENZO Y ALSINA,2,1,0,0,1,0,0,,Calle,,ROSARIO,Rosario,Asfalto,No existe,II,S/D,Urbana,Ninguna,No existe,Otro,Bueno,Buena,Diurna,Buen Tiempo,Frontal,S/D,Colisión,Otro,Faltante,Ninguna,Sin restricción,POINT (-60.675806900000005 -32.9372869),"['San Lorenzo', 'Alsina']",2,San Lorenzo; Alsina,-32.9372869,-60.675806900000005,55.0,538.0,Municipio Rosario,Municipio,Rosario,820210,Servicio de Catastro e Información Territorial,IGN
2012,7030,2012-05-02,Miercoles,0.0,19:30:00,,0.0,2,"Automóvil,Moto/Ciclomotor",balcarse y galvez,3,2,0,0,1,0,0,,Calle,,ROSARIO,Rosario,Asfalto,S/D,II,Dentro,Urbana,S/D,S/D,Intersección,Bueno,Buena,Con luz artificial,Buen Tiempo,Lateral,S/D,Colisión,S/D,S/D,S/D,Sin restricción,POINT (-60.657551600000005 -32.9663187),"['Balcarce', 'Galvez']",2,Balcarce; José Gálvez,-32.9663187,-60.657551600000005,55.0,538.0,Municipio Rosario,Municipio,Rosario,820210,Servicio de Catastro e Información Territorial,IGN
2012,7031,2012-05-01,Martes,0.0,19:10:00,,0.0,2,"Moto/Ciclomotor,Pickup/Utilitario",BV. OROÑO Y BRANDONI,3,2,0,0,1,0,0,,Avenida,,ROSARIO,Rosario,Asfalto,No existe,II,Dentro,Urbana,Ninguna,No existe,Intersección,Bueno,Buena,Nocturna,Buen Tiempo,Lateral,S/D,Colisión,S/D,Faltante,Cordón divisorio,Sin restricción,POINT (-60.66489745 -33.0064732),"['Bulevar Nicasio Oroño', 'Brandoni']",2,Bulevar Nicasio Oroño; Brandoni,-33.0064732,-60.66489745,55.0,538.0,Municipio Rosario,Municipio,Rosario,820210,Servicio de Catastro e Información Territorial,IGN
2012,7032,2012-05-02,Miercoles,0.0,20:30:00,,0.0,2,"Automóvil,Automóvil",paraguay y virasoro,2,1,0,0,1,0,0,,Calle,,ROSARIO,Rosario,Asfalto,S/D,II,Dentro,Urbana,S/D,S/D,Intersección,Bueno,Buena,"Nocturna,Con luz artificial",Buen Tiempo,De alcance,S/D,Colisión,S/D,S/D,S/D,Sin restricción,POINT (-60.64965960000001 -32.9689509),"['Paraguay', 'Virasoro']",2,Paraguay; Benjamín Virasoro,-32.9689509,-60.64965960000001,55.0,538.0,Municipio Rosario,Municipio,Rosario,820210,Servicio de Catastro e Información Territorial,IGN
2012,7033,2012-05-04,Viernes,0.0,10:30:00,,0.0,2,"Automóvil,Automóvil",AV. ALBERDI 300 Y GORRITI,2,1,0,0,1,0,0,,Avenida,,ROSARIO,Rosario,Asfalto,Pavimento,II,Dentro,Urbana,Semáforo,Funciona,Intersección,Bueno,Buena,Diurna,Buen Tiempo,Lateral,S/D,Colisión,S/D,Horizontal,Cordón divisorio,Sin restricción,POINT (-60.6790462 -32.923453200000004),"['Alberdi', 'Gorriti']",2,Avenida Alberdi; Gorriti,-32.923453200000004,-60.6790462,55.0,538.0,Municipio Rosario,Municipio,Rosario,820210,Servicio de Catastro e Información Territorial,IGN