anio_acci,nro_acci,fecha,desc_dia,fecha_aprox,hora_aprox,desc_ruta,km,cant_participantes,desc_participante,calle_avenida_km,total,heridos_leves,heridos_graves,heridos_gravisimos,ilesos,fallecidos,sin_datos,posicion_XY,desc_tipo_via,desc_ruta_ori,desc_loc,desc_dpto,desc_tipo_calzada,desc_tipo_banquina,desc_unidad_regional,desc_lugar_calzada,desc_zona,desc_prioridad,desc_estado_semaforo,desc_lugar_via,desc_estado_via,desc_estado_visibilidad,desc_luminosidad,desc_estado_clima,desc_tipo_colision,desc_tipo_atropello,desc_tipo_hecho,desc_pres_calzada,desc_senializacion,desc_separacion_via,desc_restriccion,forma_geocod,calle_lista,numero_calles,calles_osm,lat,lon,index_right,gid,fna,gna,nam,in1,fdc,sag
2012,7034,2012-05-03,Jueves,0.0,14:30:00,,0.0,2,"Automóvil,Bicicleta",ov. lagos y riobamba,2,1,0,0,1,0,0,,Avenida,,ROSARIO,Rosario,Asfalto,S/D,II,Dentro,Urbana,S/D,S/D,Intersección,Bueno,Buena,Diurna,Buen Tiempo,Lateral,S/D,Atropello,S/D,S/D,S/D,S/D,POINT (-60.6656246 -32.9588559),"['Avenida Ovidio Lagos', 'Riobamba']",2,Avenida Ovidio Lagos; Riobamba,-32.9588559,-60.6656246,55.0,538.0,Municipio Rosario,Municipio,Rosario,820210,Servicio de Catastro e Información Territorial,IGN
2012,7035,2012-05-04,Viernes,0.0,03:00:00,,0.0,2,"Taxi/Remis,Moto/Ciclomotor",sarmiento y pasco,3,2,0,0,1,0,0,,Calle,,ROSARIO,Rosario,Asfalto,S/D,II,Dentro,Urbana,S/D,S/D,Intersección,Bueno,Buena,"Nocturna,Con luz artificial",Buen Tiempo,Lateral,S/D,Colisión,S/D,S/D,S/D,Sin restricción,POINT (-60.6414543 -32.95957909999999),"['Sarmiento', 'Pasco']",2,Sarmiento; Pasco,-32.95957909999999,-60.6414543,55.0,538.0,Municipio Rosario,Municipio,Rosario,820210,Servicio de Catastro e Información Territorial,IGN
2012,7036,2012-05-05,Sabado,0.0,12:30:00,,0.0,2,"Bicicleta,Automóvil",av. 27 de febrero y santiago ,2,1,0,0,0,0,1,,Avenida,,ROSARIO,Rosario,Asfalto,S/D,II,Dentro,Urbana,S/D,S/D,Intersección,Bueno,Buena,S/D,Buen Tiempo,Lateral,S/D,Atropello,S/D,S/D,S/D,Sin restricción,POINT (-60.66128945 -32.9644092),"['27 de Febrero', 'Santiago']",2,Bulevar 27 de Febrero; Santiago,-32.9644092,-60.66128945,55.0,538.0,Municipio Rosario,Municipio,Rosario,820210,Servicio de Catastro e Información Territorial,IGN
2012,7037,2012-05-06,Domingo,0.0,17:00:00,,0.0,1,Moto/Ciclomotor,JUNIN 500 Y RAWSON,2,2,0,0,0,0,0,,Calle,,ROSARIO,Rosario,Asfalto,Pavimento,II,Dentro,Urbana,Ninguna,No existe,Recta,Bueno,Buena,Diurna,Buen Tiempo,S/D,S/D,Caída ocupante,S/D,Faltante,Ninguna,Sin restricción,POINT (-60.669239899999994 -32.92651864999999),"['Junín', 'Rawson']",2,Junín; Rawson,-32.92651864999999,-60.6692399,55.0,538.0,Municipio Rosario,Municipio,Rosario,820210,Servicio de Catastro e Información Territorial,IGN
2012,7038,2012-05-05,Sabado,0.0,21:30:00,,0.0,2,"Moto/Ciclomotor,Moto/Ciclomotor",bv. oroño y gaboto,2,1,0,0,1,0,0,,Avenida,,ROSARIO,Rosario,Asfalto,S/D,II,Dentro,Urbana,S/D,S/D,Intersección,Bueno,Buena,Con luz artificial,Buen Tiempo,Lateral,S/D,Colisión,S/D,S/D,S/D,Sin restricción,POINT (-60.660093950000004 -32.970649650000006),"['Bulevar Nicasio Oroño', 'Gaboto']",2,Bulevar Nicasio Oroño; Gaboto,-32.970649650000006,-60.66009395,55.0,538.0,Municipio Rosario,Municipio,Rosario,820210,Servicio de Catastro e Información Territorial,IGN
2012,7039,2012-05-07,Lunes,0.0,11:00:00,,0.0,2,"Taxi/Remis,Automóvil",bv. oroño y zeballo,2,1,0,0,1,0,0,,Avenida,,ROSARIO,Rosario,Asfalto,S/D,II,Dentro,Urbana,S/D,S/D,Recta,Bueno,Buena,Diurna,Buen Tiempo,De alcance,S/D,Colisión,S/D,S/D,S/D,Sin restricción,POINT (-60.65545645 -32.952284000000006),"['Bulevar Nicasio Oroño', 'Zeballos']",2,Bulevar Nicasio Oroño; Zeballos,-32.952284000000006,-60.65545645,55.0,538.0,Municipio Rosario,Municipio,Rosario,820210,Servicio de Catastro e Información Territorial,IGN
2012,7040,2012-05-07,Lunes,0.0,19:30:00,,0.0,2,"Bicicleta,Automóvil",GORRITI E IGUAZU 1200,2,2,0,0,0,0,0,,Calle,,ROSARIO,Rosario,Asfalto,Pavimento,II,Dentro,Urbana,Señal Pare,No existe,Intersección,Bueno,Buena,Diurna,Buen Tiempo,S/D,S/D,Atropello,S/D,Horizontal,Ninguna,Sin restricción,POINT (-60.6865399 -32.9236246),"['Gorriti', 'Iguazu']",2,Gorriti; Iguazú,-32.9236246,-60.6865399,55.0,538.0,Municipio Rosario,Municipio,Rosario,820210,Servicio de Catastro e Información Territorial,IGN
2012,7041,2012-05-04,Viernes,0.0,18:30:00,,0.0,2,"Bicicleta,Automóvil",entre rios y riobamba,2,1,0,0,1,0,0,,Calle,,ROSARIO,Rosario,Asfalto,S/D,II,Dentro,Urbana,S/D,S/D,Intersección,Bueno,Buena,Diurna,Buen Tiempo,Lateral,S/D,Colisión,S/D,S/D,S/D,Sin restricción,POINT (-60.6451139 -32.962534399999996),"['Entre Ríos', 'Riobamba']",2,Entre Ríos; Riobamba,-32.9625344,-60.6451139,55.0,538.0,Municipio Rosario,Municipio,Rosario,820210,Servicio de Catastro e Información Territorial,IGN
2012,7042,2012-05-07,Lunes,0.0,21:00:00,,0.0,3,"Automóvil,Automóvil,Automóvil",av. pellegrini y dorrego,3,1,0,0,2,0,0,,Avenida,,ROSARIO,Rosario,Asfalto,No existe,II,Dentro,Urbana,S/D,No existe,Intersección,Bueno,Buena,"Nocturna,Con luz artificial",Buen Tiempo,Múltiple,S/D,Colisión,S/D,Vertical,S/D,Sin restricción,POINT (-60.6519337 -32.95532245),"['Pellegrini', 'Dorrego']",2,Avenida Carlos Pellegrini; Manuel Dorrego,-32.95532245,-60.6519337,55.0,538.0,Municipio Rosario,Municipio,Rosario,820210,Servicio de Catastro e Información Territorial,IGN
2012,7043,2012-05-08,Martes,0.0,13:00:00,,0.0,2,"Moto/Ciclomotor,Automóvil",JUNIN AL 100 Y AV. FRANCIA,2,1,0,0,1,0,0,,Calle,,ROSARIO,Rosario,Asfalto,Pavimento,II,Dentro,Urbana,Ninguna,No existe,Cruce,Bueno,Buena,Diurna,Buen Tiempo,Lateral,S/D,Colisión,S/D,Horizontal,Cordón divisorio,Sin restricción,POINT (-60.66176205 -32.92653675000001),"['Junín', 'Avenida Francia']",2,Junín; Avenida Francia,-32.92653675000001,-60.66176205,55.0,538.0,Municipio Rosario,Municipio,Rosario,820210,Servicio de Catastro e Información Territorial,IGN
2012,7056,2012-05-05,Sabado,0.0,07:20:00,,0.0,2,"Automóvil,Automóvil",AV. ROSARIO Y ALVEAR,2,1,0,0,1,0,0,,Avenida,,ROSARIO,Rosario,Asfalto,No existe,II,Dentro,Urbana,Ninguna,No existe,Intersección,Deteriorada,Buena,Diurna,Buen Tiempo,Lateral,S/D,Colisión,S/D,Faltante,Ninguna,Sin restricción,POINT (-60.6663034 -33.0006201),"['Rosario', 'Alvear']",2,Puente Nuestra Señora del Rosario; Alvear,-33.0006201,-60.6663034,55.0,538.0,Municipio Rosario,Municipio,Rosario,820210,Servicio de Catastro e Información Territorial,IGN
2012,7057,2012-05-05,Sabado,0.0,11:30:00,,0.0,2,"Moto/Ciclomotor,Automóvil",DORREGO Y AV. ARIJON,4,1,0,0,3,0,0,,Avenida,,ROSARIO,Rosario,Asfalto,No existe,II,Dentro,Urbana,Ninguna,No existe,Intersección,Deteriorada,Buena,Diurna,Buen Tiempo,Lateral,S/D,Colisión,S/D,Faltante,Línea divisoria pintada,Sin restricción,POINT (-60.660499800000004 -33.003405999999984),"['Dorrego', 'Avenida Manuel Arijón']",2,Manuel Dorrego; Avenida Manuel Arijón,-33.003405999999984,-60.6604998,55.0,538.0,Municipio Rosario,Municipio,Rosario,820210,Servicio de Catastro e Información Territorial,IGN
2012,7058,2012-05-17,Jueves,0.0,13:00:00,,0.0,2,"Bicicleta,Automóvil",JUNIN 1600 Y B. BLANCA,2,1,0,0,1,0,0,,Calle,,ROSARIO,Rosario,Asfalto,No existe,II,Dentro,Urbana,Señal Pare,No existe,Intersección,Bueno,Buena,Diurna,Buen Tiempo,S/D,S/D,Atropello,S/D,Vertical,Ninguna,Sin restricción,POINT (-60.68862000000001 -32.92689620000001),"['Junín', 'Bahía Blanca']",2,Junín; Bahía Blanca,-32.92689620000001,-60.68862000000001,55.0,538.0,Municipio Rosario,Municipio,Rosario,820210,Servicio de Catastro e Información Territorial,IGN
2012,7059,2012-05-21,Lunes,0.0,11:30:00,,0.0,2,"Automóvil,Moto/Ciclomotor",GORRITI 1000 Y AV. ALBERDI,2,2,0,0,0,0,0,,Calle,,ROSARIO,Rosario,Asfalto,No existe,II,Dentro,Urbana,Semáforo,Funciona,Intersección,Bueno,Buena,Diurna,Buen Tiempo,Lateral,S/D,Colisión,S/D,Horizontal,Ninguna,Sin restricción,POINT (-60.6790462 -32.923453200000004),"['Gorriti', 'Alberdi']",2,Gorriti; Avenida Alberdi,-32.923453200000004,-60.6790462,55.0,538.0,Municipio Rosario,Municipio,Rosario,820210,Servicio de Catastro e Información Territorial,IGN
2012,7062,2012-05-27,Domingo,0.0,14:30:00,,0.0,2,"Taxi/Remis,Moto/Ciclomotor",JUNIN 500 Y ECHEVERRIA,2,1,0,0,1,0,0,,Calle,,ROSARIO,Rosario,Asfalto,No existe,II,Dentro,Urbana,Señal Pare,No existe,Intersección,Bueno,Buena,Diurna,Buen Tiempo,De alcance,S/D,Colisión,S/D,Vertical,Línea divisoria pintada,Sin restricción,POINT (-60.67208925 -32.926587399999995),"['Junín', 'Echeverría']",2,Junín; Echeverría,-32.926587399999995,-60.67208925,55.0,538.0,Municipio Rosario,Municipio,Rosario,820210,Servicio de Catastro e Información Territorial,IGN
2012,7063,2012-05-08,Martes,0.0,09:04:00,,0.0,2,"Vehículo Oficial,Pickup/Utilitario",viamonte y pte. roca,3,2,0,0,1,0,0,,Calle,,ROSARIO,Rosario,Asfalto,S/D,II,Dentro,Urbana,S/D,S/D,Intersección,Bueno,Buena,S/D,Buen Tiempo,Lateral,S/D,Colisión,S/D,S/D,S/D,Sin restricción,POINT (-60.6498661 -32.96411629999999),"['Viamonte', 'Roca']",2,Viamonte; Presidente Roca,-32.96411629999999,-60.6498661,55.0,538.0,Municipio Rosario,Municipio,Rosario,820210,Servicio de Catastro e Información Territorial,IGN
2012,7065,2012-05-07,Lunes,0.0,13:15:00,,0.0,2,"Moto/Ciclomotor,Moto/Ciclomotor",AV. ROSARIO Y OV. LAGOS,2,1,0,0,1,0,0,,Avenida,,ROSARIO,Rosario,Asfalto,No existe,II,Dentro,Urbana,Ninguna,No existe,Intersección,Bueno,Buena,Diurna,Buen Tiempo,Lateral,S/D,Colisión,S/D,Faltante,Cordón divisorio,Sin restricción,POINT (-60.675538599999996 -33.000907549999994),"['Rosario', 'Avenida Ovidio Lagos']",2,Puente Nuestra Señora del Rosario; Avenida Ovidio Lagos,-33.000907549999994,-60.6755386,55.0,538.0,Municipio Rosario,Municipio,Rosario,820210,Servicio de Catastro e Información Territorial,IGN
2012,7066,2012-05-02,Miercoles,0.0,12:00:00,,0.0,4,"Automóvil,Automóvil,Pickup/Utilitario,Otros",ALBERDI Y RECONQUISTA 700 BIS,4,1,0,0,3,0,0,,Avenida,,ROSARIO,Rosario,Asfalto,S/D,II,S/D,Urbana,Semáforo,S/D,Recta,Bueno,S/D,S/D,Buen Tiempo,Múltiple,S/D,Colisión,S/D,Horizontal,Cordón divisorio,Sin restricción,POINT (-60.68332389999999 -32.91808799999999),"['Alberdi', 'Reconquista']",2,Avenida Alberdi; Reconquista,-32.91808799999999,-60.68332389999999,55.0,538.0,Municipio Rosario,Municipio,Rosario,820210,Servicio de Catastro e Información Territorial,IGN
2012,7067,2012-05-09,Miercoles,0.0,08:45:00,,0.0,1,Moto/Ciclomotor,mitre y virasoro,2,1,0,0,1,0,0,,Calle,,ROSARIO,Rosario,Asfalto,S/D,II,Dentro,Urbana,S/D,S/D,Intersección,Bueno,Buena,Diurna,Buen Tiempo,Lateral,S/D,Colisión,S/D,S/D,S/D,Sin restricción,POINT (-60.645445900000006 -32.9696759),"['Mitre', 'Virasoro']",2,Bartolomé Mitre; Benjamín Virasoro,-32.9696759,-60.645445900000006,55.0,538.0,Municipio Rosario,Municipio,Rosario,820210,Servicio de Catastro e Información Territorial,IGN
2012,7068,2012-05-10,Jueves,0.0,13:00:00,,0.0,2,"Bicicleta,Automóvil",av. 27 de febrero y paraguay,2,1,0,0,1,0,0,,Avenida,,ROSARIO,Rosario,Asfalto,No existe,II,Dentro,Urbana,S/D,No existe,S/D,Bueno,Buena,S/D,Buen Tiempo,S/D,S/D,Atropello,S/D,S/D,S/D,Sin restricción,POINT (-60.64906305 -32.966597750000005),"['27 de Febrero', 'Paraguay']",2,Bulevar 27 de Febrero; Paraguay,-32.966597750000005,-60.64906305,55.0,538.0,Municipio Rosario,Municipio,Rosario,820210,Servicio de Catastro e Información Territorial,IGN
2012,7069,2012-05-08,Martes,0.0,18:00:00,,0.0,2,"Automóvil,Automóvil",PJE. SUAREZ 5000,2,1,0,0,1,0,0,,Calle,,ROSARIO,Rosario,Asfalto,No existe,II,Dentro,Urbana,Ninguna,No existe,Recta,Deteriorada,Buena,Atardecer,Buen Tiempo,Lateral,S/D,Colisión,S/D,Faltante,Ninguna,Sin restricción,"-32.9964435, -60.6629808",['Pasaje Suarez 5000'],1,Pasaje Suarez 5000,-32.9964435,-60.6629808,55.0,538.0,Municipio Rosario,Municipio,Rosario,820210,Servicio de Catastro e Información Territorial,IGN
2012,7070,2012-05-10,Jueves,0.0,17:30:00,,0.0,2,"Bicicleta,Automóvil",bv. ovidio lagos y cda. herrera,2,1,0,0,1,0,0,,Avenida,,ROSARIO,Rosario,Asfalto,S/D,II,Dentro,Urbana,S/D,S/D,Recta,S/D,Buena,Diurna,Buen Tiempo,Lateral,S/D,Atropello,S/D,S/D,S/D,Sin restricción,POINT (-60.66572210000001 -32.9595212),"['Avenida Ovidio Lagos', 'Herrera']",2,Avenida Ovidio Lagos; Franzini Herrera,-32.9595212,-60.66572210000001,55.0,538.0,Municipio Rosario,Municipio,Rosario,820210,Servicio de Catastro e Información Territorial,IGN
2012,7071,2012-05-08,Martes,0.0,09:00:00,,0.0,1,Transporte de Pasajeros Urbano (> 8 asientos),ANDRADE Y RODRIGUEZ,2,1,0,0,1,0,0,,Calle,,ROSARIO,Rosario,Asfalto,No existe,II,Dentro,Urbana,Ninguna,No existe,Intersección,Bueno,Buena,Diurna,Buen Tiempo,S/D,S/D,S/D,S/D,Faltante,Ninguna,Sin restricción,POINT (-60.6706497 -32.9965726),"['Andrade', 'Rodríguez']",2,Olegario Victor Andrade; Rodríguez de Escobedo,-32.9965726,-60.6706497,55.0,538.0,Municipio Rosario,Municipio,Rosario,820210,Servicio de Catastro e Información Territorial,IGN
2012,7072,2012-05-04,Viernes,0.0,18:00:00,,0.0,2,"Bicicleta,Automóvil",AV. ALBERDI 500 BIS,2,1,0,0,1,0,0,,Calle,,ROSARIO,Rosario,Asfalto,Pavimento,II,S/D,Urbana,Semáforo,Funciona,Intersección,Bueno,Buena,Diurna,Buen Tiempo,S/D,S/D,Atropello,Otro,Horizontal,Cordón divisorio,Sin restricción,"-32.9219876, -60.6800153",['Alberdi 500 Bis'],1,Alberdi 500 Bis,-32.9219876,-60.6800153,55.0,538.0,Municipio Rosario,Municipio,Rosario,820210,Servicio de Catastro e Información Territorial,IGN
2012,7074,2012-05-11,Viernes,0.0,08:00:00,,0.0,2,"Moto/Ciclomotor,Transporte de Pasajeros Urbano (> 8 asientos)",dorrego y cerrito,2,1,0,0,1,0,0,,Calle,,ROSARIO,Rosario,Asfalto,S/D,II,Dentro,Urbana,S/D,S/D,Intersección,Bueno,Buena,Diurna,Buen Tiempo,Lateral,S/D,Colisión,S/D,S/D,S/D,Sin restricción,POINT (-60.653089800000004 -32.9598834),"['Dorrego', 'Cerrito']",2,Manuel Dorrego; Cerrito,-32.9598834,-60.6530898,55.0,538.0,Municipio Rosario,Municipio,Rosario,820210,Servicio de Catastro e Información Territorial,IGN
2012,7075,2012-05-11,Viernes,0.0,18:30:00,,0.0,2,"Moto/Ciclomotor,Automóvil",av. pellegrini y callao,2,1,0,0,0,0,1,,Avenida,,ROSARIO,Rosario,Asfalto,S/D,II,Dentro,Urbana,S/D,S/D,Intersección,Bueno,S/D,Diurna,Buen Tiempo,Lateral,S/D,Colisión,S/D,S/D,S/D,Sin restricción,POINT (-60.66283325 -32.95334939999999),"['Pellegrini', 'Callao']",2,Avenida Carlos Pellegrini; Callao,-32.95334939999999,-60.66283325,55.0,538.0,Municipio Rosario,Municipio,Rosario,820210,Servicio de Catastro e Información Territorial,IGN
2012,7076,2012-05-10,Jueves,0.0,07:30:00,,0.0,2,"Bicicleta,Automóvil",H. QUINTANA Y BV. OROÑO,2,1,0,0,1,0,0,,Calle,,ROSARIO,Rosario,Asfalto,S/D,II,Dentro,Urbana,Semáforo,Funciona,Intersección,Bueno,Buena,Diurna,Buen Tiempo,Lateral,S/D,Atropello,S/D,Vertical,Cordón divisorio,Sin restricción,POINT (-60.663744075000004 -32.990686375),"['Quintana', 'Bulevar Nicasio Oroño']",2,Presidente Quintana; Bulevar Nicasio Oroño,-32.990686375,-60.663744075,55.0,538.0,Municipio Rosario,Municipio,Rosario,820210,Servicio de Catastro e Información Territorial,IGN
2012,7077,2012-05-05,Sabado,0.0,18:30:00,,0.0,2,"Moto/Ciclomotor,Automóvil",AV. GENOVA Y MACROS LENZONI 1300,2,1,0,0,1,0,0,,Calle,,ROSARIO,Rosario,Asfalto,No existe,II,Dentro,Urbana,Ninguna,No existe,Recta,Bueno,Buena,Diurna,Buen Tiempo,Lateral,S/D,Colisión,S/D,Horizontal,Ninguna,Sin restricción,POINT (-60.6828859 -32.91512470000001),"['Genova', 'Marcos Lenzoni']",2,Avenida Génova; Marcos Lenzoni,-32.91512470000001,-60.6828859,55.0,538.0,Municipio Rosario,Municipio,Rosario,820210,Servicio de Catastro e Información Territorial,IGN
2012,7078,2012-05-13,Domingo,0.0,11:30:00,,0.0,2,"Moto/Ciclomotor,Pickup/Utilitario",DORREGO Y AV. ARIJON,3,2,0,0,1,0,0,,Calle,,ROSARIO,Rosario,Asfalto,No existe,II,Dentro,Urbana,Ninguna,No existe,Recta,Deteriorada,Buena,Diurna,Buen Tiempo,Otro,S/D,Colisión,S/D,Faltante,Línea divisoria pintada,Sin restricción,POINT (-60.660499800000004 -33.003405999999984),"['Dorrego', 'Avenida Manuel Arijón']",2,Manuel Dorrego; Avenida Manuel Arijón,-33.003405999999984,-60.6604998,55.0,538.0,Municipio Rosario,Municipio,Rosario,820210,Servicio de Catastro e Información Territorial,IGN
2012,7079,2012-05-06,Domingo,0.0,11:20:00,,0.0,2,"Automóvil,Moto/Ciclomotor",RUBEN DARIO Y AV. SABINE,2,0,1,0,1,0,0,,Avenida,,ROSARIO,Rosario,Asfalto,S/D,II,S/D,Urbana,Marca Vial,S/D,Intersección,Bueno,S/D,S/D,Buen Tiempo,Frontal,S/D,Colisión,S/D,Horizontal,Barrera de hormigón,S/D,POINT (-60.686718649999996 -32.92168354999999),"['Ruben Dario', 'Avenida Travesía Albert Sabin']",2,Rubén Darío; Avenida Travesía Albert Sabin,-32.92168354999999,-60.68671865,55.0,538.0,Municipio Rosario,Municipio,Rosario,820210,Servicio de Catastro e Información Territorial,IGN
2012,7082,2012-05-17,Jueves,0.0,10:00:00,,0.0,2,"Automóvil,Automóvil",RODRIGUEZ Y AV. ROSARIO,3,2,0,0,1,0,0,,Avenida,,ROSARIO,Rosario,Asfalto,No existe,II,Dentro,Urbana,Ninguna,No existe,Intersección,Bueno,Buena,Diurna,Buen Tiempo,Lateral,S/D,Colisión,S/D,Faltante,Ninguna,Sin restricción,POINT (-60.6703096 -33.00074479999999),"['Rodríguez', 'Rosario']",2,Rodríguez de Escobedo; Puente Nuestra Señora del Rosario,-33.00074479999999,-60.6703096,55.0,538.0,Municipio Rosario,Municipio,Rosario,820210,Servicio de Catastro e Información Territorial,IGN
2012,7083,2012-05-16,Miercoles,0.0,09:30:00,,0.0,2,"Moto/Ciclomotor,Automóvil",av. 27 de febrero y paraguay,2,1,0,0,1,0,0,,Avenida,,ROSARIO,Rosario,Asfalto,S/D,II,Dentro,Urbana,S/D,Funciona,Intersección,Bueno,Buena,Diurna,Buen Tiempo,Lateral,S/D,Colisión,S/D,Vertical,S/D,Sin restricción,POINT (-60.64906305 -32.966597750000005),"['27 de Febrero', 'Paraguay']",2,Bulevar 27 de Febrero; Paraguay,-32.966597750000005,-60.64906305,55.0,538.0,Municipio Rosario,Municipio,Rosario,820210,Servicio de Catastro e Información Territorial,IGN
2012,7084,2012-05-16,Miercoles,0.0,07:00:00,,0.0,2,"Peatón,Transporte de Pasajeros Urbano (> 8 asientos)",paraguay y viamonte,2,1,0,0,0,0,1,,Calle,,ROSARIO,Rosario,Asfalto,S/D,II,Dentro,Urbana,S/D,S/D,Recta,Bueno,Buena,"Amanecer,Con luz artificial",Buen Tiempo,Otro,S/D,Atropello,S/D,S/D,S/D,Sin restricción,POINT (-60.64849989999999 -32.9643589),"['Paraguay', 'Viamonte']",2,Paraguay; Viamonte,-32.9643589,-60.64849989999999,55.0,538.0,Municipio Rosario,Municipio,Rosario,820210,Servicio de Catastro e Información Territorial,IGN
2012,7085,2012-05-16,Miercoles,0.0,19:00:00,,0.0,2,"Moto/Ciclomotor,Automóvil",cerrito y sarmiento ,3,1,0,0,2,0,0,,Calle,,ROSARIO,Rosario,Asfalto,S/D,II,Dentro,Urbana,S/D,S/D,Intersección,Bueno,Buena,Atardecer,Buen Tiempo,Lateral,S/D,Colisión,S/D,S/D,S/D,Sin restricción,POINT (-60.6420226 -32.9618734),"['Cerrito', 'Sarmiento']",2,Cerrito; Sarmiento,-32.9618734,-60.6420226,55.0,538.0,Municipio Rosario,Municipio,Rosario,820210,Servicio de Catastro e Información Territorial,IGN
2012,7086,2012-05-16,Miercoles,0.0,21:00:00,,0.0,2,"Moto/Ciclomotor,Automóvil",cochabamba y dorrego,3,2,0,0,1,0,0,,Calle,,ROSARIO,Rosario,Asfalto,S/D,II,Dentro,Urbana,S/D,S/D,Intersección,Bueno,Buena,"Nocturna,Con luz artificial",Buen Tiempo,De alcance,S/D,Colisión,S/D,S/D,S/D,Sin restricción,POINT (-60.652221 -32.9564558),"['Cochabamba', 'Dorrego']",2,Cochabamba; Manuel Dorrego,-32.9564558,-60.652221,55.0,538.0,Municipio Rosario,Municipio,Rosario,820210,Servicio de Catastro e Información Territorial,IGN
2012,7088,2012-05-17,Jueves,0.0,07:00:00,,0.0,1,,italia y cochabamba,3,2,0,0,1,0,0,,Calle,,ROSARIO,Rosario,Asfalto,S/D,II,Dentro,Urbana,S/D,S/D,Recta,Bueno,Buena,Diurna,Buen Tiempo,De alcance,S/D,Colisión,S/D,S/D,S/D,Sin restricción,POINT (-60.6508824 -32.956682699999995),"['Italia', 'Cochabamba']",2,Italia; Cochabamba,-32.956682699999995,-60.6508824,55.0,538.0,Municipio Rosario,Municipio,Rosario,820210,Servicio de Catastro e Información Territorial,IGN
2012,7089,2012-05-17,Jueves,0.0,07:00:00,,0.0,2,"Moto/Ciclomotor,Automóvil",italia y cochabamba,3,2,0,0,1,0,0,,Calle,,ROSARIO,Rosario,Asfalto,S/D,II,Dentro,Urbana,S/D,S/D,Recta,Bueno,Buena,Diurna,Buen Tiempo,De alcance,S/D,Colisión,S/D,S/D,S/D,Sin restricción,POINT (-60.6508824 -32.956682699999995),"['Italia', 'Cochabamba']",2,Italia; Cochabamba,-32.956682699999995,-60.6508824,55.0,538.0,Municipio Rosario,Municipio,Rosario,820210,Servicio de Catastro e Información Territorial,IGN
2012,7090,2012-05-05,Sabado,0.0,,,0.0,2,"Automóvil,Pickup/Utilitario",PEDRO TUELLA Y AVELLANEDA,3,2,0,0,1,0,0,,Calle,,ROSARIO,Rosario,Asfalto,Pavimento,II,Dentro,Urbana,S/D,No existe,Recta,Bueno,Buena,Diurna,Buen Tiempo,S/D,S/D,Colisión,S/D,"Horizontal,Vertical",Cordón divisorio,S/D,POINT (-60.673091 -32.91535919999999),"['Tuella', 'Avellaneda']",2,Tuella; Bulevar Nicolás Avellaneda,-32.91535919999999,-60.673091,55.0,538.0,Municipio Rosario,Municipio,Rosario,820210,Servicio de Catastro e Información Territorial,IGN
2012,7091,2012-05-17,Jueves,0.0,15:45:00,,0.0,2,"Automóvil,Automóvil",cochabamba y bv. oroño,2,1,0,0,1,0,0,,Avenida,,ROSARIO,Rosario,Asfalto,No existe,II,Dentro,Urbana,S/D,No existe,Recta,Bueno,Buena,Diurna,Buen Tiempo,De alcance,S/D,Colisión,S/D,S/D,S/D,Sin restricción,POINT (-60.656339 -32.9556154),"['Cochabamba', 'Bulevar Nicasio Oroño']",2,Cochabamba; Bulevar Nicasio Oroño,-32.9556154,-60.656339,55.0,538.0,Municipio Rosario,Municipio,Rosario,820210,Servicio de Catastro e Información Territorial,IGN
2012,7092,2012-05-08,Martes,0.0,17:50:00,,0.0,2,"Automóvil,Moto/Ciclomotor",AV. GENOVA Y V. GONZALEZ,3,2,0,0,1,0,0,,Avenida,,ROSARIO,Rosario,Asfalto,Pavimento,II,Dentro,Urbana,S/D,S/D,Intersección,Bueno,Buena,S/D,Buen Tiempo,Lateral,S/D,Colisión,S/D,S/D,S/D,S/D,POINT (-60.6816319 -32.9150901),"['Genova', 'Gonzalez']",2,"('Avenida Génova', 'Joaquín V. González')",-32.9150901,-60.6816319,55.0,538.0,Municipio Rosario,Municipio,Rosario,820210,Servicio de Catastro e Información Territorial,IGN
2012,7093,2012-05-17,Jueves,0.0,09:40:00,,0.0,2,"Moto/Ciclomotor,Automóvil",pte. roca y pasco,3,2,0,0,1,0,0,,Calle,,ROSARIO,Rosario,Asfalto,S/D,II,Dentro,Urbana,S/D,S/D,Recta,Bueno,Buena,Diurna,Buen Tiempo,Lateral,S/D,Colisión,S/D,S/D,S/D,Sin restricción,POINT (-60.6484017 -32.95832659999999),"['Roca', 'Pasco']",2,Presidente Roca; Pasco,-32.95832659999999,-60.6484017,55.0,538.0,Municipio Rosario,Municipio,Rosario,820210,Servicio de Catastro e Información Territorial,IGN
2012,7094,2012-05-17,Jueves,0.0,13:00:00,,0.0,4,"Automóvil,Automóvil,Automóvil,Automóvil",bv. oroño y bv. 27 de febrero ,6,3,0,0,3,0,0,,Avenida,,ROSARIO,Rosario,Asfalto,S/D,II,Dentro,Urbana,S/D,S/D,Recta,Bueno,Buena,Diurna,Buen Tiempo,De alcance,S/D,Colisión,S/D,S/D,S/D,Sin restricción,POINT (-60.658642825 -32.964892400000004),"['Bulevar Nicasio Oroño', '27 de Febrero']",2,Bulevar Nicasio Oroño; Bulevar 27 de Febrero,-32.964892400000004,-60.658642825,55.0,538.0,Municipio Rosario,Municipio,Rosario,820210,Servicio de Catastro e Información Territorial,IGN