anio_acci,nro_acci,fecha,desc_dia,fecha_aprox,hora_aprox,desc_ruta,km,cant_participantes,desc_participante,calle_avenida_km,total,heridos_leves,heridos_graves,heridos_gravisimos,ilesos,fallecidos,sin_datos,posicion_XY,desc_tipo_via,desc_ruta_ori,desc_loc,desc_dpto,desc_tipo_calzada,desc_tipo_banquina,desc_unidad_regional,desc_lugar_calzada,desc_zona,desc_prioridad,desc_estado_semaforo,desc_lugar_via,desc_estado_via,desc_estado_visibilidad,desc_luminosidad,desc_estado_clima,desc_tipo_colision,desc_tipo_atropello,desc_tipo_hecho,desc_pres_calzada,desc_senializacion,desc_separacion_via,desc_restriccion,forma_geocod,calle_lista,numero_calles,calles_osm,lat,lon,index_right,gid,fna,gna,nam,in1,fdc,sag
2012,7095,2012-05-20,Domingo,0.0,18:30:00,,0.0,2,"Automóvil,Bicicleta",J. J. PASO Y DIAZ VELEZ,2,1,0,0,1,0,0,,Calle,,ROSARIO,Rosario,Asfalto,S/D,II,Dentro,Urbana,Señal Ceda el Paso,No existe,Intersección,Bueno,Buena,Nocturna,Buen Tiempo,Lateral,S/D,Colisión,S/D,Vertical,Ninguna,S/D,POINT (-60.684898100000005 -32.919421099999994),"['Paso', 'Díaz Vélez']",2,Avenida Juan José Paso; Díaz Vélez,-32.919421099999994,-60.684898100000005,55.0,538.0,Municipio Rosario,Municipio,Rosario,820210,Servicio de Catastro e Información Territorial,IGN
2012,7096,2012-05-22,Martes,0.0,15:40:00,,0.0,2,"Moto/Ciclomotor,Automóvil",B. ORDOÑEZ 2100,2,1,0,0,1,0,0,,Calle,,ROSARIO,Rosario,Asfalto,No existe,II,Dentro,Urbana,Ninguna,No existe,Recta,Bueno,Buena,Diurna,Buen Tiempo,Lateral,S/D,Colisión,S/D,Faltante,Ninguna,Sin restricción,"-33.009042, -60.6558939",['Avenida Battle Y Ordoñez 2100'],1,Avenida Battle Y Ordoñez 2100,-33.009042,-60.6558939,55.0,538.0,Municipio Rosario,Municipio,Rosario,820210,Servicio de Catastro e Información Territorial,IGN
2012,7097,2012-05-23,Miercoles,0.0,16:00:00,,0.0,2,"Peatón,Moto/Ciclomotor",ESPAÑA 5800,2,1,0,0,1,0,0,,Calle,,ROSARIO,Rosario,Asfalto,No existe,II,Dentro,Urbana,Ninguna,No existe,Recta,Bueno,Buena,Diurna,Buen Tiempo,Otro,S/D,Atropello,S/D,Faltante,Ninguna,Sin restricción,"-32.9661661, -60.6518158",['España 5800'],1,España 5800,-32.9661661,-60.6518158,55.0,538.0,Municipio Rosario,Municipio,Rosario,820210,Servicio de Catastro e Información Territorial,IGN
2012,7098,2012-05-25,Viernes,0.0,19:15:00,,0.0,2,"Moto/Ciclomotor,Pickup/Utilitario",AV. ROSARIO Y ALVEAR,3,2,0,0,1,0,0,,Calle,,ROSARIO,Rosario,Asfalto,No existe,II,Dentro,Urbana,S/D,No existe,Intersección,Bueno,Buena,Atardecer,Buen Tiempo,Lateral,S/D,Colisión,S/D,Faltante,Ninguna,Sin restricción,POINT (-60.6663034 -33.0006201),"['Rosario', 'Alvear']",2,Puente Nuestra Señora del Rosario; Alvear,-33.0006201,-60.6663034,55.0,538.0,Municipio Rosario,Municipio,Rosario,820210,Servicio de Catastro e Información Territorial,IGN
2012,7099,2012-05-25,Viernes,0.0,11:15:00,,0.0,2,"Moto/Ciclomotor,Pickup/Utilitario",AV. ARIJON Y BV. OROÑO,3,2,0,0,1,0,0,,Avenida,,ROSARIO,Rosario,Asfalto,No existe,II,Dentro,Urbana,Semáforo,Funciona,Recta,Bueno,Buena,Diurna,Buen Tiempo,Otro,S/D,Colisión,S/D,Vertical,Línea divisoria pintada,Sin restricción,POINT (-60.6650193 -33.003540599999994),"['Avenida Manuel Arijón', 'Bulevar Nicasio Oroño']",2,Avenida Manuel Arijón; Bulevar Nicasio Oroño,-33.003540599999994,-60.6650193,55.0,538.0,Municipio Rosario,Municipio,Rosario,820210,Servicio de Catastro e Información Territorial,IGN
2012,7100,2012-05-02,Miercoles,0.0,12:55:00,,0.0,2,"Moto/Ciclomotor,Automóvil",C. CASAS Y WASHINGTON,2,1,0,0,1,0,0,,Calle,,ROSARIO,Rosario,Asfalto,S/D,II,Dentro,Urbana,S/D,Funciona,Intersección,Bueno,S/D,Diurna,S/D,S/D,S/D,S/D,S/D,Horizontal,S/D,S/D,POINT (-60.7007901 -32.9034752),"['Avenida Casiano Casas', 'Washington']",2,Avenida Casiano Casas; Washington,-32.9034752,-60.7007901,55.0,538.0,Municipio Rosario,Municipio,Rosario,820210,Servicio de Catastro e Información Territorial,IGN
2012,7101,2012-05-18,Viernes,0.0,13:45:00,,0.0,2,"Peatón,Transporte de Pasajeros Urbano (> 8 asientos)",san martin y rueda,2,1,0,0,1,0,0,,Calle,,ROSARIO,Rosario,Asfalto,S/D,II,Dentro,Urbana,S/D,S/D,Recta,Bueno,Buena,Diurna,Buen Tiempo,Otro,S/D,Atropello,S/D,S/D,S/D,Sin restricción,POINT (-60.642861499999995 -32.9713425),"['San Martin', 'Rueda']",2,José de San Martín; Rueda,-32.9713425,-60.6428615,55.0,538.0,Municipio Rosario,Municipio,Rosario,820210,Servicio de Catastro e Información Territorial,IGN
2012,7102,2012-05-04,Viernes,0.0,19:10:00,,0.0,2,"Moto/Ciclomotor,Automóvil",C. CASAS Y WASHINGTON,3,2,0,0,1,0,0,,Avenida,,ROSARIO,Rosario,Asfalto,S/D,II,Dentro,Urbana,Semáforo,Funciona,Intersección,S/D,Buena,Atardecer,S/D,S/D,S/D,S/D,S/D,Horizontal,S/D,S/D,POINT (-60.7007901 -32.9034752),"['Avenida Casiano Casas', 'Washington']",2,Avenida Casiano Casas; Washington,-32.9034752,-60.7007901,55.0,538.0,Municipio Rosario,Municipio,Rosario,820210,Servicio de Catastro e Información Territorial,IGN
2012,7103,2012-05-25,Viernes,0.0,10:00:00,,0.0,2,"Moto/Ciclomotor,Automóvil",MADRE CABRINI Y BV. OROÑO,2,1,0,0,1,0,0,,Avenida,,ROSARIO,Rosario,Asfalto,No existe,II,Dentro,Urbana,Ninguna,No existe,Curva,Bueno,Buena,Diurna,Buen Tiempo,Lateral,S/D,Colisión,S/D,Faltante,Cordón divisorio,Sin restricción,POINT (-60.66494465000001 -33.00547904999999),"['Madre Cabrini', 'Bulevar Nicasio Oroño']",2,Madre Cabrini; Bulevar Nicasio Oroño,-33.00547904999999,-60.66494465000001,55.0,538.0,Municipio Rosario,Municipio,Rosario,820210,Servicio de Catastro e Información Territorial,IGN
2012,7104,2012-05-18,Viernes,0.0,08:30:00,,0.0,2,"Automóvil,Automóvil",pasco y corrientes,3,1,0,0,2,0,0,,Calle,,ROSARIO,Rosario,Asfalto,S/D,II,Dentro,Urbana,S/D,S/D,Recta,Bueno,Buena,Diurna,Buen Tiempo,Lateral,S/D,Colisión,S/D,S/D,S/D,Sin restricción,POINT (-60.6456329 -32.95882430000001),"['Pasco', 'Corrientes']",2,Pasco; Corrientes,-32.95882430000001,-60.6456329,55.0,538.0,Municipio Rosario,Municipio,Rosario,820210,Servicio de Catastro e Información Territorial,IGN
2012,7105,2012-05-06,Domingo,0.0,19:30:00,,0.0,2,"Moto/Ciclomotor,Moto/Ciclomotor",C. CASAS Y WASHINGTON 1200,1,1,0,0,0,0,0,,Calle,,ROSARIO,Rosario,Asfalto,No existe,II,Dentro,Urbana,S/D,Funciona,Intersección,Bueno,Buena,Diurna,S/D,Lateral,S/D,Colisión,S/D,Horizontal,S/D,S/D,POINT (-60.7007901 -32.9034752),"['Avenida Casiano Casas', 'Washington']",2,Avenida Casiano Casas; Washington,-32.9034752,-60.7007901,55.0,538.0,Municipio Rosario,Municipio,Rosario,820210,Servicio de Catastro e Información Territorial,IGN
2012,7106,2012-05-27,Domingo,0.0,23:10:00,,0.0,2,"Automóvil,Automóvil",COCHABAMBA Y BV. OROÑO,4,3,0,0,1,0,0,,Avenida,,ROSARIO,Rosario,Asfalto,No existe,II,Dentro,Urbana,Semáforo,Funciona,Intersección,Bueno,Buena,Nocturna,Buen Tiempo,Lateral,S/D,Colisión,S/D,Vertical,Cordón divisorio,Sin restricción,POINT (-60.656339 -32.9556154),"['Cochabamba', 'Bulevar Nicasio Oroño']",2,Cochabamba; Bulevar Nicasio Oroño,-32.9556154,-60.656339,55.0,538.0,Municipio Rosario,Municipio,Rosario,820210,Servicio de Catastro e Información Territorial,IGN
2012,7107,2012-05-27,Domingo,0.0,19:15:00,,0.0,2,"Moto/Ciclomotor,Automóvil",BRANDONI Y MORENO,2,1,0,0,1,0,0,,Calle,,ROSARIO,Rosario,Asfalto,No existe,II,Dentro,Urbana,Ninguna,No existe,Intersección,Bueno,Buena,Atardecer,Buen Tiempo,Lateral,S/D,Colisión,S/D,Faltante,Ninguna,Sin restricción,POINT (-60.6617798 -33.0063754),"['Brandoni', 'Moreno']",2,Brandoni; Mariano Moreno,-33.0063754,-60.6617798,55.0,538.0,Municipio Rosario,Municipio,Rosario,820210,Servicio de Catastro e Información Territorial,IGN
2012,7109,2012-05-07,Lunes,0.0,20:35:00,,0.0,2,"Moto/Ciclomotor,Pickup/Utilitario",VALENTIN GOMEZ AL 900,2,1,0,0,1,0,0,,Calle,,ROSARIO,Rosario,Asfalto,Pavimento,II,S/D,Urbana,Ninguna,No existe,Recta,Bueno,Buena,Nocturna,Buen Tiempo,Lateral,S/D,Colisión,S/D,S/D,Ninguna,Sin restricción,"-32.9070275, -60.6930751",['Valentin Gomez 900'],1,Valentin Gomez 900,-32.9070275,-60.6930751,55.0,538.0,Municipio Rosario,Municipio,Rosario,820210,Servicio de Catastro e Información Territorial,IGN
2012,7110,2012-05-01,Martes,0.0,03:00:00,,0.0,2,"Moto/Ciclomotor,Automóvil",AV. SAN MARTIN 6400,4,2,0,0,2,0,0,,Avenida,,ROSARIO,Rosario,S/D,S/D,II,Fuera,Urbana,S/D,S/D,Recta,S/D,S/D,Nocturna,S/D,S/D,S/D,Colisión,S/D,S/D,S/D,S/D,"-32.9764777, -60.6372639",['San Martin 6400'],1,San Martin 6400,-32.9764777,-60.6372639,55.0,538.0,Municipio Rosario,Municipio,Rosario,820210,Servicio de Catastro e Información Territorial,IGN
2012,7112,2012-05-04,Viernes,0.0,18:30:00,,0.0,2,"Moto/Ciclomotor,Otros",AV. ARIJON Y ESPAÑA,3,2,0,0,0,0,1,,Avenida,,ROSARIO,Rosario,S/D,S/D,II,S/D,Urbana,S/D,S/D,Recta,S/D,S/D,Atardecer,S/D,S/D,S/D,Colisión,S/D,S/D,S/D,S/D,POINT (-60.657634699999996 -33.003316000000005),"['Avenida Manuel Arijón', 'España']",2,Avenida Manuel Arijón; España,-33.003316000000005,-60.6576347,55.0,538.0,Municipio Rosario,Municipio,Rosario,820210,Servicio de Catastro e Información Territorial,IGN
2012,7113,2012-05-18,Viernes,0.0,09:30:00,,0.0,2,"Moto/Ciclomotor,Automóvil",av. 27 de febrero y corrientes,2,1,0,0,1,0,0,,Avenida,,ROSARIO,Rosario,Asfalto,S/D,II,Dentro,Urbana,S/D,Funciona,Recta,Bueno,Buena,Diurna,Buen Tiempo,Frontal,S/D,Colisión,S/D,Vertical,S/D,Sin restricción,POINT (-60.64767495000001 -32.9668455),"['27 de Febrero', 'Corrientes']",2,Bulevar 27 de Febrero; Corrientes,-32.9668455,-60.64767495000001,55.0,538.0,Municipio Rosario,Municipio,Rosario,820210,Servicio de Catastro e Información Territorial,IGN
2012,7114,2012-06-08,Viernes,0.0,20:30:00,,0.0,2,"Automóvil,Moto/Ciclomotor",MEDRANO Y MACHAIN,2,1,0,0,1,0,0,,Calle,,ROSARIO,Rosario,Asfalto,S/D,II,S/D,Urbana,Ninguna,S/D,Intersección,Bueno,S/D,S/D,S/D,Lateral,S/D,Colisión,S/D,Faltante,Ninguna,S/D,POINT (-60.6961087 -32.9058431),"['Medrano', 'Machain']",2,Medrano; Machain,-32.9058431,-60.6961087,55.0,538.0,Municipio Rosario,Municipio,Rosario,820210,Servicio de Catastro e Información Territorial,IGN
2012,7115,2012-05-10,Jueves,0.0,14:00:00,,0.0,2,"Moto/Ciclomotor,Automóvil",BLAS PARERA Y MILLEN,3,2,0,0,1,0,0,,Calle,,ROSARIO,Rosario,Asfalto,No existe,II,Dentro,Urbana,S/D,No existe,Intersección,S/D,S/D,S/D,Otro,S/D,S/D,S/D,S/D,S/D,S/D,S/D,POINT (-60.70580090000001 -32.9031716),"['Blas Parera', 'Miller']",2,Blas Parera; Miller,-32.9031716,-60.70580090000001,55.0,538.0,Municipio Rosario,Municipio,Rosario,820210,Servicio de Catastro e Información Territorial,IGN
2012,7116,2012-05-19,Sabado,0.0,08:50:00,,0.0,3,"Automóvil,Automóvil,Automóvil",av. 27 de febrero y bv. oroño,3,1,0,0,2,0,0,,Avenida,,ROSARIO,Rosario,Asfalto,S/D,II,Dentro,Urbana,S/D,Funciona,Recta,Bueno,Buena,Diurna,Buen Tiempo,Múltiple,S/D,Colisión,S/D,Horizontal,S/D,Sin restricción,POINT (-60.658642825 -32.964892400000004),"['27 de Febrero', 'Bulevar Nicasio Oroño']",2,Bulevar 27 de Febrero; Bulevar Nicasio Oroño,-32.964892400000004,-60.658642825,55.0,538.0,Municipio Rosario,Municipio,Rosario,820210,Servicio de Catastro e Información Territorial,IGN
2012,7117,2012-05-19,Sabado,0.0,14:15:00,,0.0,2,"Automóvil,Pickup/Utilitario",pellegrini y bv. oroño,3,1,0,0,1,0,1,,Avenida,,ROSARIO,Rosario,Asfalto,No existe,II,Dentro,Urbana,S/D,Funciona,Recta,Bueno,Buena,Diurna,Buen Tiempo,De alcance,S/D,Colisión,S/D,Vertical,S/D,Sin restricción,POINT (-60.656023850000004 -32.95457175),"['Pellegrini', 'Bulevar Nicasio Oroño']",2,Avenida Carlos Pellegrini; Bulevar Nicasio Oroño,-32.95457175,-60.65602385,55.0,538.0,Municipio Rosario,Municipio,Rosario,820210,Servicio de Catastro e Información Territorial,IGN
2012,7118,2012-05-19,Sabado,0.0,19:40:00,,0.0,1,Automóvil,entre rios 2200,3,1,0,0,2,0,0,,Calle,,ROSARIO,Rosario,Asfalto,S/D,II,Dentro,Urbana,S/D,S/D,Recta,Bueno,Buena,Con luz artificial,Buen Tiempo,Otro,S/D,Otro,S/D,S/D,S/D,Sin restricción,"-32.9623882, -60.645144",['Entre Rios 2200'],1,Entre Rios 2200,-32.9623882,-60.645144,55.0,538.0,Municipio Rosario,Municipio,Rosario,820210,Servicio de Catastro e Información Territorial,IGN
2012,7119,2012-05-07,Lunes,0.0,16:45:00,,0.0,2,"Moto/Ciclomotor,Moto/Ciclomotor",ESPAÑA Y AV. BATLE Y ORDOÑEZ,2,1,0,0,0,0,1,,Avenida,,ROSARIO,Rosario,S/D,S/D,II,S/D,Urbana,S/D,S/D,Recta,S/D,S/D,Diurna,S/D,S/D,S/D,Colisión,S/D,S/D,S/D,S/D,POINT (-60.65730380000001 -33.00912425),"['España', 'Avenida Battle y Ordoñez']",2,España; Avenida Battle y Ordoñez,-33.00912425,-60.65730380000001,55.0,538.0,Municipio Rosario,Municipio,Rosario,820210,Servicio de Catastro e Información Territorial,IGN
2012,7120,2012-05-11,Viernes,0.0,13:00:00,,0.0,2,"Bicicleta,Pickup/Utilitario",SUPERI Y RONDEU,2,1,0,0,1,0,0,,Avenida,,ROSARIO,Rosario,Asfalto,S/D,II,S/D,Urbana,Semáforo,Funciona,Intersección,Bueno,Buena,Diurna,Buen Tiempo,S/D,S/D,Atropello,S/D,Horizontal,S/D,Sin restricción,POINT (-60.69245817500001 -32.894239025),"['Superi', 'Rondeau']",2,Comandante José Superí; Bulevar General José Rondeau,-32.894239025,-60.69245817500001,55.0,538.0,Municipio Rosario,Municipio,Rosario,820210,Servicio de Catastro e Información Territorial,IGN
2012,7122,2012-05-10,Jueves,0.0,12:30:00,,0.0,2,"Bicicleta,Pickup/Utilitario",PTE. ROCA Y CENTENARIO,2,1,0,0,1,0,0,,Calle,,ROSARIO,Rosario,S/D,S/D,II,S/D,Urbana,S/D,S/D,S/D,S/D,S/D,S/D,S/D,Otro,S/D,Atropello,S/D,S/D,S/D,S/D,POINT (-60.65610650000001 -33.004453),"['Roca', 'Centenario']",2,Presidente Roca; Avenida Centenario Rosario Central,-33.004453,-60.65610650000001,55.0,538.0,Municipio Rosario,Municipio,Rosario,820210,Servicio de Catastro e Información Territorial,IGN
2012,7123,2012-05-12,Sabado,0.0,11:40:00,,0.0,2,"Moto/Ciclomotor,Automóvil",MACHAIN Y WASHINGTON,2,1,0,0,1,0,0,,Calle,,ROSARIO,Rosario,Asfalto,S/D,II,S/D,Urbana,Ninguna,S/D,Intersección,Bueno,S/D,S/D,Buen Tiempo,Lateral,S/D,Colisión,S/D,Faltante,Ninguna,Sin restricción,POINT (-60.69705700000001 -32.90266499999999),"['Machain', 'Washington']",2,Machain; Washington,-32.90266499999999,-60.69705700000001,55.0,538.0,Municipio Rosario,Municipio,Rosario,820210,Servicio de Catastro e Información Territorial,IGN
2012,7124,2012-05-12,Sabado,0.0,20:40:00,,0.0,2,"Peatón,Automóvil",BATLE Y ORDOÑEZ Y PTE. ROCA,2,1,0,0,1,0,0,,Calle,,ROSARIO,Rosario,S/D,S/D,II,S/D,Urbana,S/D,S/D,Recta,S/D,S/D,Nocturna,S/D,Otro,S/D,Atropello,S/D,S/D,S/D,S/D,POINT (-60.65589215 -33.0090795),"['Avenida Battle y Ordoñez', 'Roca']",2,Avenida Battle y Ordoñez; Presidente Roca,-33.0090795,-60.65589215,55.0,538.0,Municipio Rosario,Municipio,Rosario,820210,Servicio de Catastro e Información Territorial,IGN
2012,7125,2012-05-17,Jueves,0.0,16:45:00,,0.0,2,"Moto/Ciclomotor,Automóvil",BV. RONDEAU 1300,2,1,0,0,1,0,0,,Avenida,,ROSARIO,Rosario,Asfalto,S/D,II,S/D,S/D,S/D,S/D,Recta,Bueno,S/D,S/D,Buen Tiempo,S/D,S/D,S/D,S/D,S/D,S/D,S/D,"-32.9010086, -60.6901556",['Rondeau 1300'],1,Rondeau 1300,-32.9010086,-60.6901556,55.0,538.0,Municipio Rosario,Municipio,Rosario,820210,Servicio de Catastro e Información Territorial,IGN
2012,7126,2012-05-13,Domingo,0.0,20:50:00,,0.0,2,"Peatón,Moto/Ciclomotor",ESPAÑA Y AV. BATLE Y ORDOÑEZ,3,1,1,0,1,0,0,,Avenida,,ROSARIO,Rosario,S/D,S/D,II,S/D,Urbana,S/D,S/D,Recta,S/D,S/D,Nocturna,S/D,Otro,S/D,Atropello,S/D,S/D,S/D,S/D,POINT (-60.65730380000001 -33.00912425),"['España', 'Avenida Battle y Ordoñez']",2,España; Avenida Battle y Ordoñez,-33.00912425,-60.65730380000001,55.0,538.0,Municipio Rosario,Municipio,Rosario,820210,Servicio de Catastro e Información Territorial,IGN
2012,7127,2012-05-17,Jueves,0.0,14:00:00,,0.0,2,"Moto/Ciclomotor,Taxi/Remis",SORRENTO Y C. CASAS,2,1,0,0,1,0,0,,Avenida,,ROSARIO,Rosario,Asfalto,S/D,II,S/D,S/D,Semáforo,S/D,Curva,Bueno,Buena,Diurna,Buen Tiempo,Lateral,S/D,Colisión,S/D,Vertical,S/D,S/D,POINT (-60.695695025000006 -32.90729415),"['Sorrento', 'Avenida Casiano Casas']",2,Avenida Sorrento; Avenida Casiano Casas,-32.90729415,-60.695695025000006,55.0,538.0,Municipio Rosario,Municipio,Rosario,820210,Servicio de Catastro e Información Territorial,IGN
2012,7128,2012-05-21,Lunes,0.0,19:00:00,,0.0,3,"Automóvil,Automóvil,Automóvil",av. 27 de febrero y bv. oroño,3,1,0,0,2,0,0,,Avenida,,ROSARIO,Rosario,Asfalto,S/D,II,Dentro,Urbana,S/D,S/D,Intersección,Bueno,Buena,Diurna,Buen Tiempo,Múltiple,S/D,Colisión,S/D,Vertical,S/D,Sin restricción,POINT (-60.658642825 -32.964892400000004),"['27 de Febrero', 'Bulevar Nicasio Oroño']",2,Bulevar 27 de Febrero; Bulevar Nicasio Oroño,-32.964892400000004,-60.658642825,55.0,538.0,Municipio Rosario,Municipio,Rosario,820210,Servicio de Catastro e Información Territorial,IGN
2012,7129,2012-05-31,Jueves,0.0,19:00:00,,0.0,2,"Moto/Ciclomotor,Moto/Ciclomotor",BV. RONDEAU Y VILA,2,2,0,0,0,0,0,,Avenida,,ROSARIO,Rosario,Asfalto,S/D,II,Dentro,Urbana,S/D,Funciona,Intersección,Bueno,Buena,Con luz artificial,S/D,S/D,S/D,Colisión,S/D,Horizontal,S/D,S/D,POINT (-60.691285475 -32.89816437499999),"['Rondeau', 'Vila']",2,Bulevar General José Rondeau; Carlos Ávila,-32.89816437499999,-60.691285475,55.0,538.0,Municipio Rosario,Municipio,Rosario,820210,Servicio de Catastro e Información Territorial,IGN
2012,7131,2012-05-22,Martes,0.0,12:00:00,,0.0,2,"Pickup/Utilitario,Moto/Ciclomotor",ZELAYA Y ARAOZ DE LA MADRID,2,1,0,0,1,0,0,,Calle,,ROSARIO,Rosario,Asfalto,S/D,II,S/D,S/D,S/D,S/D,Intersección,Bueno,S/D,S/D,S/D,S/D,S/D,Colisión,S/D,S/D,S/D,S/D,POINT (-60.697704300000005 -32.88967869999999),"['Zelaya', 'Aráoz']",2,Zelaya; Gregorio Aráoz de Lamadrid,-32.88967869999999,-60.697704300000005,55.0,538.0,Municipio Rosario,Municipio,Rosario,820210,Servicio de Catastro e Información Territorial,IGN
2012,7132,2012-05-15,Martes,0.0,13:10:00,,0.0,2,"Vehículo Oficial,Moto/Ciclomotor",AV. BATLE Y ORDOÑEZ Y LAPRIDA,3,2,0,0,1,0,0,,Avenida,,ROSARIO,Rosario,S/D,S/D,II,Dentro,Urbana,S/D,S/D,Recta,S/D,S/D,Diurna,S/D,S/D,S/D,Colisión,S/D,S/D,S/D,S/D,POINT (-60.64674879999999 -33.00887749999998),"['Avenida Battle y Ordoñez', 'Laprida']",2,Avenida Battle y Ordoñez; Francisco Narciso Laprida,-33.00887749999998,-60.64674879999999,55.0,538.0,Municipio Rosario,Municipio,Rosario,820210,Servicio de Catastro e Información Territorial,IGN
2012,7133,2012-05-21,Lunes,0.0,18:15:00,,0.0,2,"Moto/Ciclomotor,Automóvil",entre rios y galvez,3,2,0,0,1,0,0,,Calle,,ROSARIO,Rosario,Asfalto,S/D,II,Dentro,Urbana,S/D,S/D,Intersección,Bueno,Buena,Atardecer,Buen Tiempo,Lateral,S/D,Colisión,S/D,S/D,S/D,Sin restricción,POINT (-60.6465702 -32.968276),"['Entre Ríos', 'Galvez']",2,Entre Ríos; José Gálvez,-32.968276,-60.6465702,55.0,538.0,Municipio Rosario,Municipio,Rosario,820210,Servicio de Catastro e Información Territorial,IGN
2012,7134,2012-05-01,Martes,0.0,13:30:00,,0.0,2,"Moto/Ciclomotor,Automóvil",DE LA SALLE Y P.L. FUNES,2,1,0,0,1,0,0,,Calle,,ROSARIO,Rosario,Asfalto,No existe,II,Dentro,Urbana,Ninguna,No existe,Intersección,Bueno,Buena,Diurna,Buen Tiempo,Lateral,S/D,Colisión,S/D,Faltante,Ninguna,S/D,POINT (-60.7018971 -32.92219049999999),"['De La Salle', 'Funes']",2,De La Salle; Deán Gregorio Funes,-32.92219049999999,-60.7018971,55.0,538.0,Municipio Rosario,Municipio,Rosario,820210,Servicio de Catastro e Información Territorial,IGN
2012,7135,2012-05-15,Martes,0.0,19:00:00,,0.0,2,"Bicicleta,Pickup/Utilitario",AREQUITO Y PAGO DE LOS ARROYOS,2,1,0,0,1,0,0,,Calle,,ROSARIO,Rosario,S/D,S/D,II,Dentro,Urbana,S/D,S/D,Recta,S/D,S/D,Atardecer,S/D,Otro,S/D,Atropello,S/D,S/D,S/D,S/D,POINT (-60.6502659 -33.0174008),"['Arequito', 'Pago de los Arroyos']",2,Arequito; Pago de los Arroyos,-33.0174008,-60.6502659,55.0,538.0,Municipio Rosario,Municipio,Rosario,820210,Servicio de Catastro e Información Territorial,IGN
2012,7136,2012-05-05,Sabado,0.0,01:15:00,,0.0,2,"Moto/Ciclomotor,Automóvil",BIELSA Y CAMBELL,2,0,1,0,1,0,0,,Calle,,ROSARIO,Rosario,S/D,No existe,II,S/D,S/D,S/D,S/D,Recta,S/D,Buena,Nocturna,S/D,S/D,S/D,Colisión,S/D,Vertical,S/D,S/D,POINT (-60.7087622 -32.92364409999999),"['Bielsa', 'Campbell']",2,Bielsa; Campbell,-32.92364409999999,-60.7087622,55.0,538.0,Municipio Rosario,Municipio,Rosario,820210,Servicio de Catastro e Información Territorial,IGN
2012,7137,2012-05-22,Martes,0.0,14:30:00,,0.0,2,"Moto/Ciclomotor,Automóvil",presidente roca y galvez,2,1,0,0,1,0,0,,Calle,,ROSARIO,Rosario,Asfalto,S/D,II,Dentro,Urbana,S/D,S/D,Intersección,Bueno,Buena,Diurna,Buen Tiempo,Lateral,S/D,Colisión,S/D,S/D,S/D,Sin restricción,POINT (-60.6507318 -32.967538899999994),"['Presidente Roca', 'Galvez']",2,Presidente Roca; José Gálvez,-32.967538899999994,-60.6507318,55.0,538.0,Municipio Rosario,Municipio,Rosario,820210,Servicio de Catastro e Información Territorial,IGN
2012,7138,2012-05-03,Jueves,0.0,11:00:00,,0.0,2,"Moto/Ciclomotor,Transporte de Pasajeros Urbano (> 8 asientos)",BIELSA Y CAMILO ALDAO,2,0,1,0,1,0,0,,Calle,,ROSARIO,Rosario,Asfalto,No existe,II,Dentro,Urbana,S/D,S/D,Intersección,S/D,Buena,Diurna,Buen Tiempo,S/D,S/D,Colisión,S/D,Vertical,Ninguna,Sin restricción,POINT (-60.6966091 -32.9233196),"['Bielsa', 'Camilo Aldao']",2,Bielsa; Camilo Aldao,-32.9233196,-60.6966091,55.0,538.0,Municipio Rosario,Municipio,Rosario,820210,Servicio de Catastro e Información Territorial,IGN
2012,7139,2012-05-16,Miercoles,0.0,18:00:00,,0.0,2,"Moto/Ciclomotor,Pickup/Utilitario",AV. SAN MARTIN Y CENTENARIO,3,2,0,0,1,0,0,,Calle,,ROSARIO,Rosario,S/D,S/D,II,Dentro,Urbana,S/D,S/D,Recta,S/D,S/D,Atardecer,S/D,S/D,S/D,Colisión,S/D,S/D,S/D,S/D,POINT (-60.6496342 -33.004278649999996),"['San Martin', 'Centenario']",2,José de San Martín; Avenida Centenario Rosario Central,-33.00427865,-60.6496342,55.0,538.0,Municipio Rosario,Municipio,Rosario,820210,Servicio de Catastro e Información Territorial,IGN
2012,7140,2012-05-23,Miercoles,0.0,20:15:00,,0.0,2,"Moto/Ciclomotor,Pickup/Utilitario",pellegrini y bv. oroño,2,1,0,0,1,0,0,,Avenida,,ROSARIO,Rosario,Asfalto,S/D,II,Dentro,Urbana,S/D,S/D,Rotonda,Bueno,Buena,Con luz artificial,Buen Tiempo,De alcance,S/D,Colisión,S/D,S/D,S/D,Sin restricción,POINT (-60.656023850000004 -32.95457175),"['Pellegrini', 'Bulevar Nicasio Oroño']",2,Avenida Carlos Pellegrini; Bulevar Nicasio Oroño,-32.95457175,-60.65602385,55.0,538.0,Municipio Rosario,Municipio,Rosario,820210,Servicio de Catastro e Información Territorial,IGN
2012,7141,2012-05-17,Jueves,0.0,20:00:00,,0.0,2,"Pickup/Utilitario,Moto/Ciclomotor",MUÑOZ Y MELINCUE,5,3,0,0,2,0,0,,Calle,,ROSARIO,Rosario,S/D,S/D,II,Dentro,Urbana,S/D,S/D,Recta,S/D,S/D,Nocturna,S/D,S/D,S/D,Colisión,S/D,S/D,S/D,S/D,POINT (-60.6476323 -33.0083386),"['Muñoz', 'Melincué']",2,Osella Muñoz; Melincué,-33.0083386,-60.6476323,55.0,538.0,Municipio Rosario,Municipio,Rosario,820210,Servicio de Catastro e Información Territorial,IGN
2012,7142,2012-05-03,Jueves,0.0,17:00:00,,0.0,2,"Moto/Ciclomotor,Automóvil",DE LA SALLE Y MATIENZO,3,2,0,0,1,0,0,,Calle,,ROSARIO,Rosario,Asfalto,No existe,II,Dentro,Urbana,Ninguna,S/D,Intersección,S/D,Buena,Diurna,S/D,S/D,S/D,Colisión,S/D,Vertical,Ninguna,Sin restricción,POINT (-60.69538060000001 -32.922013199999995),"['De La Salle', 'Matienzo']",2,De La Salle; Benjamín Matienzo,-32.922013199999995,-60.69538060000001,55.0,538.0,Municipio Rosario,Municipio,Rosario,820210,Servicio de Catastro e Información Territorial,IGN