anio_acci,nro_acci,fecha,desc_dia,fecha_aprox,hora_aprox,desc_ruta,km,cant_participantes,desc_participante,calle_avenida_km,total,heridos_leves,heridos_graves,heridos_gravisimos,ilesos,fallecidos,sin_datos,posicion_XY,desc_tipo_via,desc_ruta_ori,desc_loc,desc_dpto,desc_tipo_calzada,desc_tipo_banquina,desc_unidad_regional,desc_lugar_calzada,desc_zona,desc_prioridad,desc_estado_semaforo,desc_lugar_via,desc_estado_via,desc_estado_visibilidad,desc_luminosidad,desc_estado_clima,desc_tipo_colision,desc_tipo_atropello,desc_tipo_hecho,desc_pres_calzada,desc_senializacion,desc_separacion_via,desc_restriccion,forma_geocod,calle_lista,numero_calles,calles_osm,lat,lon,index_right,gid,fna,gna,nam,in1,fdc,sag
2012,7143,2012-05-24,Jueves,0.0,,,0.0,2,"Moto/Ciclomotor,Otros",pellegrini y bv. oroño,2,1,0,0,0,0,1,,Avenida,,ROSARIO,Rosario,Asfalto,S/D,II,Dentro,Urbana,S/D,Funciona,Intersección,S/D,Buena,S/D,Buen Tiempo,Lateral,S/D,Colisión,S/D,Vertical,S/D,Sin restricción,POINT (-60.656023850000004 -32.95457175),"['Pellegrini', 'Bulevar Nicasio Oroño']",2,Avenida Carlos Pellegrini; Bulevar Nicasio Oroño,-32.95457175,-60.65602385,55.0,538.0,Municipio Rosario,Municipio,Rosario,820210,Servicio de Catastro e Información Territorial,IGN
2012,7145,2012-05-24,Jueves,0.0,15:00:00,,0.0,2,"Bicicleta,Automóvil",pte. peron y bv. ovidio lagos,2,1,0,0,1,0,0,,Avenida,,ROSARIO,Rosario,Asfalto,S/D,II,Dentro,Urbana,S/D,Funciona,Intersección,Bueno,Buena,Diurna,Buen Tiempo,Lateral,S/D,Atropello,S/D,Vertical,S/D,S/D,POINT (-60.6647377 -32.955408150000004),"['Avenida Presidente Perón', 'Avenida Ovidio Lagos']",2,Avenida Presidente Perón; Avenida Ovidio Lagos,-32.955408150000004,-60.6647377,55.0,538.0,Municipio Rosario,Municipio,Rosario,820210,Servicio de Catastro e Información Territorial,IGN
2012,7146,2012-05-07,Lunes,0.0,,,0.0,2,"Taxi/Remis,Moto/Ciclomotor",JUNIN Y LARREA,2,0,1,0,1,0,0,,Calle,,ROSARIO,Rosario,Asfalto,No existe,II,S/D,Urbana,S/D,No existe,Intersección,Bueno,Buena,S/D,S/D,Lateral,S/D,Colisión,S/D,Faltante,Ninguna,S/D,POINT (-60.6977779 -32.9271693),"['Junín', 'Larrea']",2,Junín; Larrea,-32.9271693,-60.6977779,55.0,538.0,Municipio Rosario,Municipio,Rosario,820210,Servicio de Catastro e Información Territorial,IGN
2012,7147,2012-05-24,Jueves,0.0,21:15:00,,0.0,2,"Automóvil,Automóvil",av. dante alighieri y bv. ov. lagos,3,2,0,0,1,0,0,,Avenida,,ROSARIO,Rosario,Asfalto,S/D,II,Dentro,Urbana,S/D,Funciona,Intersección,Bueno,Buena,"Nocturna,Con luz artificial",Buen Tiempo,Lateral,S/D,Colisión,S/D,Vertical,S/D,Sin restricción,POINT (-60.6657796 -32.95991409999999),"['Dante Alighieri', 'Avenida Ovidio Lagos']",2,Avenida Dante Alighieri; Avenida Ovidio Lagos,-32.95991409999999,-60.6657796,55.0,538.0,Municipio Rosario,Municipio,Rosario,820210,Servicio de Catastro e Información Territorial,IGN
2012,7148,2012-05-17,Jueves,0.0,21:50:00,,0.0,2,"Moto/Ciclomotor,Pickup/Utilitario",AV. BATLE Y ORDOÑEZ Y LAPRIDA,2,1,0,0,1,0,0,,Avenida,,ROSARIO,Rosario,S/D,S/D,II,Dentro,Urbana,S/D,S/D,Recta,S/D,S/D,Nocturna,S/D,S/D,S/D,Colisión,S/D,S/D,S/D,S/D,POINT (-60.64674879999999 -33.00887749999998),"['Avenida Battle y Ordoñez', 'Laprida']",2,Avenida Battle y Ordoñez; Francisco Narciso Laprida,-33.00887749999998,-60.64674879999999,55.0,538.0,Municipio Rosario,Municipio,Rosario,820210,Servicio de Catastro e Información Territorial,IGN
2012,7149,2012-05-09,Miercoles,0.0,14:20:00,,0.0,2,"Automóvil,Automóvil",SANTA FE Y SUCRE,3,1,0,0,2,0,0,,Avenida,,ROSARIO,Rosario,Asfalto,No existe,II,Dentro,Urbana,Ninguna,Funciona,Intersección,Bueno,Buena,Diurna,S/D,Lateral,S/D,Colisión,S/D,Horizontal,Ninguna,Sin restricción,POINT (-60.6896904 -32.9357926),"['Santa Fe', 'Sucre']",2,Santa Fe; Sucre,-32.9357926,-60.6896904,55.0,538.0,Municipio Rosario,Municipio,Rosario,820210,Servicio de Catastro e Información Territorial,IGN
2012,7150,2012-05-21,Lunes,0.0,02:00:00,,0.0,2,"Moto/Ciclomotor,Moto/Ciclomotor",AV. SAN MARTIN Y AV. CIRCUNVALACION,2,1,0,0,0,0,1,,Avenida,,ROSARIO,Rosario,Asfalto,S/D,II,Dentro,Urbana,S/D,S/D,Recta,S/D,S/D,Nocturna,S/D,S/D,S/D,Colisión,S/D,S/D,S/D,S/D,POINT (-60.64178307863883 -33.0158888269654),"['San Martin', 'Circunvalacion']",2,José de San Martín; Avenida de Circunvalación 25 de Mayo,-33.0158888269654,-60.64178307863883,55.0,538.0,Municipio Rosario,Municipio,Rosario,820210,Servicio de Catastro e Información Territorial,IGN
2012,7151,2012-05-23,Miercoles,0.0,18:30:00,,0.0,2,"Moto/Ciclomotor,Automóvil",AV. SAN MARTIN Y FRIAS,3,2,0,0,1,0,0,,Avenida,,ROSARIO,Rosario,S/D,S/D,II,Dentro,Urbana,S/D,S/D,Recta,S/D,S/D,Atardecer,S/D,S/D,S/D,Colisión,S/D,S/D,S/D,S/D,POINT (-60.65123249999999 -33.012044399999986),"['San Martin', 'Frias']",2,José de San Martín; Frias,-33.012044399999986,-60.65123249999999,55.0,538.0,Municipio Rosario,Municipio,Rosario,820210,Servicio de Catastro e Información Territorial,IGN
2012,7152,2012-05-24,Jueves,0.0,12:20:00,,0.0,2,"Moto/Ciclomotor,Camión",AV. SAN MARTIN Y RUI BARBOSA,2,1,0,0,1,0,0,,Avenida,,ROSARIO,Rosario,S/D,S/D,II,Dentro,Urbana,S/D,No existe,Recta,S/D,S/D,Diurna,S/D,S/D,S/D,Colisión,S/D,S/D,S/D,S/D,POINT (-60.65008304999999 -33.0063681),"['San Martin', 'Rui Barbosa']",2,José de San Martín; Rui Barbosa,-33.0063681,-60.65008304999999,55.0,538.0,Municipio Rosario,Municipio,Rosario,820210,Servicio de Catastro e Información Territorial,IGN
2012,7153,2012-05-26,Sabado,0.0,16:00:00,,0.0,2,"Moto/Ciclomotor,Pickup/Utilitario",AV. BATLE Y ORDOÑEZ Y LAPRIDA,2,1,0,0,1,0,0,,Avenida,,ROSARIO,Rosario,S/D,S/D,II,Dentro,Urbana,S/D,S/D,Recta,S/D,S/D,Diurna,S/D,S/D,S/D,Colisión,S/D,S/D,S/D,S/D,POINT (-60.64674879999999 -33.00887749999998),"['Avenida Battle y Ordoñez', 'Laprida']",2,Avenida Battle y Ordoñez; Francisco Narciso Laprida,-33.00887749999998,-60.64674879999999,55.0,538.0,Municipio Rosario,Municipio,Rosario,820210,Servicio de Catastro e Información Territorial,IGN
2012,7154,2012-05-28,Lunes,0.0,12:30:00,,0.0,2,"Moto/Ciclomotor,Pickup/Utilitario",AV. BATLE Y ORDOÑEZ Y LAPRIDA,3,2,0,0,1,0,0,,Avenida,,ROSARIO,Rosario,Asfalto,S/D,II,Dentro,Urbana,S/D,S/D,Recta,S/D,S/D,Diurna,S/D,S/D,S/D,Colisión,S/D,S/D,S/D,S/D,POINT (-60.64674879999999 -33.00887749999998),"['Avenida Battle y Ordoñez', 'Laprida']",2,Avenida Battle y Ordoñez; Francisco Narciso Laprida,-33.00887749999998,-60.64674879999999,55.0,538.0,Municipio Rosario,Municipio,Rosario,820210,Servicio de Catastro e Información Territorial,IGN
2012,7155,2012-05-30,Miercoles,0.0,07:30:00,,0.0,2,"Bicicleta,Automóvil",AV. SAN MARTIN Y CABILDO,2,1,0,0,1,0,0,,Avenida,,ROSARIO,Rosario,Asfalto,S/D,II,Dentro,Urbana,S/D,S/D,Recta,S/D,S/D,Diurna,Niebla,Lateral,S/D,Atropello,S/D,S/D,S/D,S/D,POINT (-60.65030445000001 -33.0074006),"['San Martin', 'Cabildo']",2,José de San Martín; Cabildo,-33.0074006,-60.65030445000001,55.0,538.0,Municipio Rosario,Municipio,Rosario,820210,Servicio de Catastro e Información Territorial,IGN
2012,7156,2012-05-25,Viernes,0.0,15:00:00,,0.0,2,"Moto/Ciclomotor,Automóvil",av. 27 de febrero y sarmiento,2,1,0,0,1,0,0,,Calle,,ROSARIO,Rosario,Asfalto,S/D,II,Dentro,Urbana,S/D,S/D,Intersección,Bueno,Buena,Diurna,Buen Tiempo,Lateral,S/D,Colisión,S/D,S/D,S/D,S/D,POINT (-60.6434697 -32.96759605),"['27 de Febrero', 'Sarmiento']",2,Bulevar 27 de Febrero; Sarmiento,-32.96759605,-60.6434697,55.0,538.0,Municipio Rosario,Municipio,Rosario,820210,Servicio de Catastro e Información Territorial,IGN
2012,7159,2012-05-28,Lunes,0.0,20:15:00,,0.0,2,"Moto/Ciclomotor,Automóvil",bv. oroño y pellegrini,2,1,0,0,1,0,0,,Avenida,,ROSARIO,Rosario,Asfalto,No existe,II,Dentro,Urbana,S/D,No existe,Intersección,Bueno,Buena,Nocturna,Buen Tiempo,Lateral,S/D,Colisión,S/D,S/D,S/D,Sin restricción,POINT (-60.656023850000004 -32.95457175),"['Bulevar Nicasio Oroño', 'Pellegrini']",2,Bulevar Nicasio Oroño; Avenida Carlos Pellegrini,-32.95457175,-60.65602385,55.0,538.0,Municipio Rosario,Municipio,Rosario,820210,Servicio de Catastro e Información Territorial,IGN
2012,7160,2012-05-29,Martes,0.0,12:30:00,,0.0,2,"Moto/Ciclomotor,Taxi/Remis",bv. oroño y av. dante alighieri,3,1,0,0,2,0,0,,Avenida,,ROSARIO,Rosario,Asfalto,S/D,II,Dentro,Urbana,S/D,S/D,Intersección,Bueno,Buena,Diurna,Buen Tiempo,Lateral,S/D,Colisión,S/D,S/D,S/D,Sin restricción,POINT (-60.6579301 -32.961999649999996),"['Bulevar Nicasio Oroño', 'Dante Alighieri']",2,"('Ciclovía Bulevar Nicasio Oroño', 'Avenida Dante Alighieri')",-32.96199965,-60.6579301,55.0,538.0,Municipio Rosario,Municipio,Rosario,820210,Servicio de Catastro e Información Territorial,IGN
2012,7161,2012-05-08,Martes,0.0,19:00:00,,0.0,2,"Automóvil,Moto/Ciclomotor",pellegrini y pcias. unidas,2,1,0,0,1,0,0,,Calle,,ROSARIO,Rosario,Asfalto,No existe,II,Dentro,Urbana,S/D,Funciona,Intersección,Bueno,Buena,Con luz artificial,Buen Tiempo,Frontal,S/D,Colisión,S/D,S/D,S/D,Sin restricción,POINT (-60.71226145 -32.948578),"['Pellegrini', 'Avenida Provincias Unidas']",2,Avenida Carlos Pellegrini; Avenida Provincias Unidas,-32.948578,-60.71226145,55.0,538.0,Municipio Rosario,Municipio,Rosario,820210,Servicio de Catastro e Información Territorial,IGN
2012,7162,2012-05-09,Miercoles,0.0,21:40:00,,0.0,1,Moto/Ciclomotor,barra y riobamba,2,1,0,0,1,0,0,,Calle,,ROSARIO,Rosario,Asfalto,No existe,II,Dentro,Urbana,S/D,No existe,Intersección,Bueno,Buena,Con luz artificial,Buen Tiempo,Otro,S/D,Despiste,Agua,Faltante,S/D,Sin restricción,POINT (-60.70624240000001 -32.9543811),"['Barra', 'Riobamba']",2,Barraco; Riobamba,-32.9543811,-60.70624240000001,55.0,538.0,Municipio Rosario,Municipio,Rosario,820210,Servicio de Catastro e Información Territorial,IGN
2012,7163,2012-05-01,Martes,0.0,,,0.0,2,"Moto/Ciclomotor,Automóvil",URIBURU Y NECOCHEA,2,1,0,0,1,0,0,,Calle,,ROSARIO,Rosario,Asfalto,No existe,II,Dentro,Urbana,Ninguna,No existe,Intersección,Otro,Buena,S/D,Buen Tiempo,Lateral,S/D,Colisión,S/D,S/D,Ninguna,Sin restricción,POINT (-60.63463709999999 -32.9902797),"['Uriburu', 'Necochea']",2,Avenida José Uriburu; Necochea,-32.9902797,-60.63463709999999,55.0,538.0,Municipio Rosario,Municipio,Rosario,820210,Servicio de Catastro e Información Territorial,IGN
2012,7164,2012-05-18,Viernes,0.0,07:30:00,,0.0,2,"Automóvil,Bicicleta",pcias. unidas y zuviria,2,1,0,0,1,0,0,,Calle,,ROSARIO,Rosario,Asfalto,No existe,II,Dentro,Urbana,S/D,No existe,Intersección,Bueno,Buena,Diurna,Buen Tiempo,Frontal,S/D,Atropello,S/D,S/D,Ninguna,Sin restricción,POINT (-60.71276955 -32.93695894999999),"['Avenida Provincias Unidas', 'Zuviría']",2,Avenida Provincias Unidas; Juez José María Zuviría,-32.93695894999999,-60.71276955,55.0,538.0,Municipio Rosario,Municipio,Rosario,820210,Servicio de Catastro e Información Territorial,IGN
2012,7165,2012-05-01,Martes,1.0,,,0.0,2,"Moto/Ciclomotor,Automóvil",cerrito y colombia,3,2,0,0,1,0,0,,Calle,,ROSARIO,Rosario,Asfalto,No existe,II,Dentro,Urbana,S/D,No existe,Intersección,Bueno,Buena,Diurna,Buen Tiempo,Lateral,S/D,Colisión,S/D,S/D,S/D,Sin restricción,POINT (-60.71559119999999 -32.953429199999995),"['Cerrito', 'Colombia']",2,Cerrito; Colombia,-32.953429199999995,-60.71559119999999,55.0,538.0,Municipio Rosario,Municipio,Rosario,820210,Servicio de Catastro e Información Territorial,IGN
2012,7166,2012-05-19,Sabado,0.0,10:30:00,,0.0,2,"Moto/Ciclomotor,Automóvil",av. pellegrini y solis ,2,1,0,0,1,0,0,,Avenida,,ROSARIO,Rosario,Asfalto,S/D,II,Dentro,Urbana,S/D,S/D,Recta,Bueno,S/D,S/D,Buen Tiempo,S/D,S/D,Colisión,S/D,Vertical,S/D,Sin restricción,POINT (-60.702975050000006 -32.948345350000004),"['Pellegrini', 'Solis']",2,Avenida Carlos Pellegrini; Juan Díaz de Solís,-32.948345350000004,-60.702975050000006,55.0,538.0,Municipio Rosario,Municipio,Rosario,820210,Servicio de Catastro e Información Territorial,IGN
2012,7167,2012-05-02,Miercoles,0.0,,,0.0,2,"Automóvil,Automóvil",LAMADRID Y BUENOS AIRES,3,2,0,0,1,0,0,,Calle,,ROSARIO,Rosario,Asfalto,No existe,II,Dentro,Urbana,Ninguna,No existe,Intersección,Bueno,Buena,Diurna,Buen Tiempo,Lateral,S/D,Colisión,S/D,S/D,Ninguna,Sin restricción,POINT (-60.645168 -32.9969969),"['Lamadrid', 'Buenos Aires']",2,Gregorio Aráoz de Lamadrid; Buenos Aires,-32.9969969,-60.645168,55.0,538.0,Municipio Rosario,Municipio,Rosario,820210,Servicio de Catastro e Información Territorial,IGN
2012,7168,2012-05-20,Domingo,0.0,20:00:00,,0.0,2,"Bicicleta,Automóvil",colombia y cerrito,2,1,0,0,1,0,0,,Calle,,ROSARIO,Rosario,Asfalto,No existe,II,Dentro,Urbana,S/D,No existe,Intersección,Bueno,Buena,Nocturna,Buen Tiempo,De alcance,S/D,Atropello,S/D,Horizontal,S/D,Sin restricción,POINT (-60.71559119999999 -32.953429199999995),"['Colombia', 'Cerrito']",2,Colombia; Cerrito,-32.953429199999995,-60.71559119999999,55.0,538.0,Municipio Rosario,Municipio,Rosario,820210,Servicio de Catastro e Información Territorial,IGN
2012,7169,2012-05-20,Domingo,0.0,14:30:00,,0.0,2,"Automóvil,Automóvil",av. pellegrini y cullen ,3,1,0,0,2,0,0,,Avenida,,ROSARIO,Rosario,Asfalto,No existe,II,Dentro,Urbana,S/D,S/D,Recta,Bueno,Buena,Diurna,Buen Tiempo,De alcance,S/D,Colisión,S/D,Horizontal,S/D,Sin restricción,POINT (-60.7087499 -32.9484991),"['Pellegrini', 'Cullen']",2,Avenida Carlos Pellegrini; Cullen,-32.9484991,-60.7087499,55.0,538.0,Municipio Rosario,Municipio,Rosario,820210,Servicio de Catastro e Información Territorial,IGN
2012,7170,2012-05-03,Jueves,0.0,08:20:00,,0.0,2,"Moto/Ciclomotor,Automóvil",BATLE Y ORDOÑEZ 400,2,1,0,0,1,0,0,,Calle,,ROSARIO,Rosario,Asfalto,No existe,II,Dentro,Urbana,Ninguna,No existe,Recta,Bueno,Buena,Amanecer,Buen Tiempo,Lateral,S/D,Colisión,Agua,S/D,Ninguna,Sin restricción,"-33.009042, -60.6558939",['Avenida Battle y Ordoñez 400'],1,Avenida Battle y Ordoñez 400,-33.009042,-60.6558939,55.0,538.0,Municipio Rosario,Municipio,Rosario,820210,Servicio de Catastro e Información Territorial,IGN
2012,7172,2012-05-07,Lunes,0.0,15:50:00,,0.0,2,"Moto/Ciclomotor,Transporte de Pasajeros Urbano (> 8 asientos)",LAPRIDA Y AV. DEL ROSARIO,3,2,0,0,1,0,0,,Avenida,,ROSARIO,Rosario,Asfalto,No existe,II,Dentro,Urbana,Ninguna,No existe,Intersección,Bueno,Buena,Diurna,Buen Tiempo,Lateral,S/D,Colisión,S/D,S/D,Ninguna,Sin restricción,POINT (-60.647071600000004 -32.9998271),"['Laprida', 'Rosario']",2,Francisco Narciso Laprida; Puente Nuestra Señora del Rosario,-32.9998271,-60.6470716,55.0,538.0,Municipio Rosario,Municipio,Rosario,820210,Servicio de Catastro e Información Territorial,IGN
2012,7173,2012-05-21,Lunes,0.0,14:20:00,,0.0,2,"Moto/Ciclomotor,Otros",av. pellegrini y f . more,2,1,0,0,0,0,1,,Calle,,ROSARIO,Rosario,Asfalto,No existe,II,Dentro,Urbana,S/D,Funciona,Recta,Bueno,Buena,Diurna,Buen Tiempo,Lateral,S/D,Colisión,S/D,Vertical,S/D,Sin restricción,POINT (-60.69342855000001 -32.94809525),"['Pellegrini', 'Felipe Moré']",2,Avenida Carlos Pellegrini; Felipe Moré,-32.94809525,-60.69342855000001,55.0,538.0,Municipio Rosario,Municipio,Rosario,820210,Servicio de Catastro e Información Territorial,IGN
2012,7174,2012-05-08,Martes,0.0,17:45:00,,0.0,1,Moto/Ciclomotor,COLECTORA Y AV. DEL ROSARIO,3,2,1,0,0,0,0,,Avenida,,ROSARIO,Rosario,Asfalto,Pavimento,II,Dentro,Urbana,Ninguna,No existe,Pendiente,Bueno,Buena,Diurna,Buen Tiempo,Otro,S/D,Vuelco,S/D,Horizontal,Ninguna,Sin restricción,POINT (-60.6875991 -33.00126339999999),"['Colectora', 'Rosario']",2,Colectora Juan Pablo II; Puente Nuestra Señora del Rosario,-33.00126339999999,-60.6875991,55.0,538.0,Municipio Rosario,Municipio,Rosario,820210,Servicio de Catastro e Información Territorial,IGN
2012,7175,2012-05-22,Martes,0.0,,,0.0,2,"Moto/Ciclomotor,Peatón",av. pcias. unidas y viamont,2,1,0,0,1,0,0,,Avenida,,ROSARIO,Rosario,Asfalto,S/D,II,Dentro,Urbana,S/D,S/D,Cruce,Bueno,S/D,S/D,Buen Tiempo,Otro,S/D,Atropello,S/D,Horizontal,S/D,Sin restricción,POINT (-60.71191390000001 -32.95690404999999),"['Avenida Provincias Unidas', 'Viamonte']",2,Avenida Provincias Unidas; Viamonte,-32.95690404999999,-60.71191390000001,55.0,538.0,Municipio Rosario,Municipio,Rosario,820210,Servicio de Catastro e Información Territorial,IGN
2012,7176,2012-05-11,Viernes,0.0,20:30:00,,0.0,2,"Moto/Ciclomotor,Automóvil",REGIMIENTO 11 Y PAVON,3,2,0,0,1,0,0,,Calle,,ROSARIO,Rosario,Asfalto,No existe,II,Dentro,Urbana,Ninguna,No existe,Intersección,Bueno,Buena,Nocturna,Buen Tiempo,Lateral,S/D,Colisión,S/D,S/D,Ninguna,Sin restricción,POINT (-60.634243600000005 -32.99837819999998),"['Regimiento 11', 'Pavón']",2,Regimiento 11; Pavón,-32.99837819999998,-60.634243600000005,55.0,538.0,Municipio Rosario,Municipio,Rosario,820210,Servicio de Catastro e Información Territorial,IGN
2012,7177,2012-05-16,Miercoles,0.0,08:20:00,,0.0,2,"Moto/Ciclomotor,Moto/Ciclomotor",URIBURU Y ALEM,2,1,0,0,1,0,0,,Calle,,ROSARIO,Rosario,Asfalto,No existe,II,Dentro,Urbana,S/D,No existe,Intersección,Bueno,Buena,Diurna,Buen Tiempo,S/D,S/D,S/D,S/D,S/D,S/D,S/D,POINT (-60.63888225 -32.990411400000006),"['Uriburu', 'Alem']",2,Avenida José Uriburu; Leandro N. Alem,-32.990411400000006,-60.63888225,55.0,538.0,Municipio Rosario,Municipio,Rosario,820210,Servicio de Catastro e Información Territorial,IGN
2012,7178,2012-05-18,Viernes,0.0,18:20:00,,0.0,2,"Moto/Ciclomotor,Pickup/Utilitario",AV. ROSARIO Y BERMUDEZ,2,0,1,0,1,0,0,,Avenida,,ROSARIO,Rosario,Asfalto,No existe,II,Dentro,Urbana,Ninguna,Funciona,Intersección,Bueno,Buena,Diurna,S/D,Lateral,S/D,Colisión,S/D,Horizontal,Ninguna,Sin restricción,POINT (-60.642664 -32.999709599999996),"['Rosario', 'Bermudez']",2,Puente Nuestra Señora del Rosario; Avenida José Bermúdez,-32.9997096,-60.642664,55.0,538.0,Municipio Rosario,Municipio,Rosario,820210,Servicio de Catastro e Información Territorial,IGN
2012,7179,2012-05-18,Viernes,0.0,07:10:00,,0.0,2,"Peatón,Otros",BERMUDEZ 6300,2,1,0,0,0,0,1,,Calle,,ROSARIO,Rosario,Asfalto,No existe,II,Dentro,Urbana,Ninguna,No existe,Recta,Bueno,Buena,Amanecer,Buen Tiempo,Otro,S/D,Atropello,S/D,S/D,Ninguna,Sin restricción,"-33.0097428, -60.6422603",['Bermudez 6300'],1,Bermudez 6300,-33.0097428,-60.6422603,55.0,538.0,Municipio Rosario,Municipio,Rosario,820210,Servicio de Catastro e Información Territorial,IGN
2012,7180,2012-05-02,Miercoles,0.0,16:00:00,,0.0,2,"Automóvil,Moto/Ciclomotor",pellegrini y cullen,2,1,0,0,1,0,0,,Calle,,ROSARIO,Rosario,Asfalto,No existe,II,Dentro,Urbana,S/D,Funciona,Intersección,Bueno,Buena,Diurna,Buen Tiempo,Lateral,S/D,Colisión,S/D,S/D,S/D,Sin restricción,POINT (-60.7087499 -32.9484991),"['Pellegrini', 'Cullen']",2,Avenida Carlos Pellegrini; Cullen,-32.9484991,-60.7087499,55.0,538.0,Municipio Rosario,Municipio,Rosario,820210,Servicio de Catastro e Información Territorial,IGN
2012,7181,2012-05-19,Sabado,0.0,13:05:00,,0.0,2,"Moto/Ciclomotor,Pickup/Utilitario",URIBURU Y LAPRIDA,2,1,0,0,1,0,0,,Calle,,ROSARIO,Rosario,Asfalto,No existe,II,Dentro,Urbana,Ninguna,No existe,Intersección,Bueno,Buena,Diurna,S/D,Lateral,S/D,Colisión,S/D,S/D,Ninguna,Sin restricción,POINT (-60.645184500000006 -32.990651),"['Uriburu', 'Laprida']",2,Avenida José Uriburu; Francisco Narciso Laprida,-32.990651,-60.645184500000006,55.0,538.0,Municipio Rosario,Municipio,Rosario,820210,Servicio de Catastro e Información Territorial,IGN
2012,7182,2012-05-22,Martes,0.0,06:00:00,,0.0,1,Transporte de Pasajeros Urbano (> 8 asientos),AYACUCHO Y LAMADRID,3,3,0,0,0,0,0,,Calle,,ROSARIO,Rosario,Asfalto,No existe,II,Dentro,Urbana,Ninguna,Funciona,Recta,Bueno,S/D,Nocturna,S/D,Contra objeto fijo,S/D,Colisión,S/D,S/D,Ninguna,Sin restricción,POINT (-60.6365709 -32.9967541),"['Ayacucho', 'Lamadrid']",2,Ayacucho; Gregorio Aráoz de Lamadrid,-32.9967541,-60.6365709,55.0,538.0,Municipio Rosario,Municipio,Rosario,820210,Servicio de Catastro e Información Territorial,IGN
2012,7183,2012-05-04,Viernes,0.0,13:30:00,,0.0,2,"Moto/Ciclomotor,Automóvil",BV. SEGUI Y ALVEAR,2,1,0,0,1,0,0,,Avenida,,ROSARIO,Rosario,Asfalto,No existe,II,Dentro,Urbana,S/D,S/D,Intersección,S/D,S/D,Diurna,S/D,Lateral,S/D,Colisión,S/D,S/D,Ninguna,Sin restricción,POINT (-60.662849800000004 -32.97612874999999),"['Bulevar Juan Francisco Seguí', 'Alvear']",2,Bulevar Juan Francisco Seguí; Alvear,-32.97612874999999,-60.6628498,55.0,538.0,Municipio Rosario,Municipio,Rosario,820210,Servicio de Catastro e Información Territorial,IGN
2012,7184,2012-05-07,Lunes,0.0,21:20:00,,0.0,2,"Bicicleta,Taxi/Remis",DR. RIVAS Y SARMIENTO,2,1,0,0,1,0,0,,Calle,,ROSARIO,Rosario,Asfalto,No existe,II,Dentro,Urbana,S/D,S/D,Intersección,Bueno,S/D,Nocturna,S/D,Lateral,S/D,Atropello,S/D,S/D,Ninguna,Sin restricción,POINT (-60.6475442 -32.98367330000001),"['Doctor Francisco Riva', 'Sarmiento']",2,Doctor Francisco Riva; Sarmiento,-32.98367330000001,-60.6475442,55.0,538.0,Municipio Rosario,Municipio,Rosario,820210,Servicio de Catastro e Información Territorial,IGN
2012,7185,2012-05-08,Martes,0.0,21:00:00,,0.0,2,"Moto/Ciclomotor,Moto/Ciclomotor",JUAN CANALS Y CORRIENTES,3,2,0,0,1,0,0,,Calle,,ROSARIO,Rosario,Asfalto,No existe,II,Dentro,Urbana,S/D,S/D,Intersección,S/D,S/D,Nocturna,S/D,Lateral,S/D,Colisión,S/D,S/D,Ninguna,Sin restricción,POINT (-60.6531653 -32.988661500000006),"['Juan Canals', 'Corrientes']",2,Juan Canals; Corrientes,-32.988661500000006,-60.6531653,55.0,538.0,Municipio Rosario,Municipio,Rosario,820210,Servicio de Catastro e Información Territorial,IGN
2012,7186,2012-05-08,Martes,0.0,02:00:00,,0.0,1,Moto/Ciclomotor,CORRIENTES Y DEAN FUNES,2,1,0,0,1,0,0,,Calle,,ROSARIO,Rosario,Asfalto,No existe,II,Dentro,Urbana,S/D,S/D,Intersección,S/D,S/D,Nocturna,S/D,Atropello animal,S/D,Atropello,S/D,S/D,Ninguna,Sin restricción,POINT (-60.649731900000006 -32.97490649999999),"['Corrientes', 'Deán Gregorio Funes']",2,Corrientes; Deán Gregorio Funes,-32.97490649999999,-60.649731900000006,55.0,538.0,Municipio Rosario,Municipio,Rosario,820210,Servicio de Catastro e Información Territorial,IGN
2012,7187,2012-05-08,Martes,0.0,15:15:00,,0.0,2,"Moto/Ciclomotor,Automóvil",GARAY Y PARAGUAY,3,2,0,0,1,0,0,,Calle,,ROSARIO,Rosario,Asfalto,No existe,II,Dentro,Urbana,S/D,S/D,Intersección,S/D,S/D,Diurna,S/D,Lateral,S/D,Colisión,S/D,S/D,Ninguna,Sin restricción,POINT (-60.65081150000001 -32.97351129999999),"['Garay', 'Paraguay']",2,Juan de Garay; Paraguay,-32.97351129999999,-60.65081150000001,55.0,538.0,Municipio Rosario,Municipio,Rosario,820210,Servicio de Catastro e Información Territorial,IGN
2012,7188,2012-05-08,Martes,0.0,14:20:00,,0.0,2,"Moto/Ciclomotor,Pickup/Utilitario",ENTRE RIOS Y DEAN FUNES,2,1,0,0,1,0,0,,Calle,,ROSARIO,Rosario,Asfalto,No existe,II,Dentro,Urbana,S/D,S/D,Intersección,S/D,S/D,Diurna,S/D,Lateral,S/D,Colisión,S/D,S/D,Ninguna,Sin restricción,POINT (-60.6483161 -32.9751589),"['Entre Ríos', 'Deán Gregorio Funes']",2,Entre Ríos; Deán Gregorio Funes,-32.9751589,-60.6483161,55.0,538.0,Municipio Rosario,Municipio,Rosario,820210,Servicio de Catastro e Información Territorial,IGN