anio_acci,nro_acci,fecha,desc_dia,fecha_aprox,hora_aprox,desc_ruta,km,cant_participantes,desc_participante,calle_avenida_km,total,heridos_leves,heridos_graves,heridos_gravisimos,ilesos,fallecidos,sin_datos,posicion_XY,desc_tipo_via,desc_ruta_ori,desc_loc,desc_dpto,desc_tipo_calzada,desc_tipo_banquina,desc_unidad_regional,desc_lugar_calzada,desc_zona,desc_prioridad,desc_estado_semaforo,desc_lugar_via,desc_estado_via,desc_estado_visibilidad,desc_luminosidad,desc_estado_clima,desc_tipo_colision,desc_tipo_atropello,desc_tipo_hecho,desc_pres_calzada,desc_senializacion,desc_separacion_via,desc_restriccion,forma_geocod,calle_lista,numero_calles,calles_osm,lat,lon,index_right,gid,fna,gna,nam,in1,fdc,sag
2012,7189,2012-05-10,Jueves,0.0,18:30:00,,0.0,2,"Automóvil,Transporte de Pasajeros Urbano (> 8 asientos)",BV. OROÑO Y BV. SEGUI,2,1,0,0,1,0,0,,Avenida,,ROSARIO,Rosario,Asfalto,No existe,II,Dentro,Urbana,S/D,S/D,Intersección,S/D,S/D,Atardecer,S/D,Lateral,S/D,Colisión,S/D,S/D,Ninguna,Sin restricción,POINT (-60.661523700000004 -32.976367025),"['Bulevar Nicasio Oroño', 'Bulevar Juan Francisco Seguí']",2,Bulevar Nicasio Oroño; Bulevar Juan Francisco Seguí,-32.976367025,-60.6615237,55.0,538.0,Municipio Rosario,Municipio,Rosario,820210,Servicio de Catastro e Información Territorial,IGN
2012,7190,2012-05-10,Jueves,0.0,09:33:00,,0.0,2,"Moto/Ciclomotor,Automóvil",24 DE SEPTIEMBRE Y SARMIENTO,2,1,0,0,1,0,0,,Calle,,ROSARIO,Rosario,Asfalto,No existe,II,Dentro,Urbana,Ninguna,S/D,Intersección,S/D,S/D,Amanecer,S/D,S/D,S/D,Colisión,S/D,S/D,Ninguna,Sin restricción,POINT (-60.6466689 -32.9802135),"['24 de Septiembre', 'Sarmiento']",2,24 de Septiembre; Sarmiento,-32.9802135,-60.6466689,55.0,538.0,Municipio Rosario,Municipio,Rosario,820210,Servicio de Catastro e Información Territorial,IGN
2012,7191,2012-05-10,Jueves,0.0,,,0.0,2,"Moto/Ciclomotor,Transporte de Pasajeros Urbano (> 8 asientos)",CORRIENTES Y GABOTO,2,1,0,0,1,0,0,,Calle,,ROSARIO,Rosario,Asfalto,No existe,II,S/D,Urbana,S/D,S/D,Intersección,S/D,S/D,S/D,S/D,S/D,S/D,Colisión,S/D,S/D,Ninguna,Sin restricción,POINT (-60.6491421 -32.9725927),"['Corrientes', 'Gaboto']",2,Corrientes; Gaboto,-32.9725927,-60.6491421,55.0,538.0,Municipio Rosario,Municipio,Rosario,820210,Servicio de Catastro e Información Territorial,IGN
2012,7192,2012-05-10,Jueves,0.0,15:00:00,,0.0,2,"Moto/Ciclomotor,Automóvil",CORRIENTES Y GABOTO,3,2,0,0,1,0,0,,Calle,,ROSARIO,Rosario,Asfalto,No existe,II,S/D,Urbana,S/D,S/D,Intersección,S/D,S/D,Diurna,S/D,Frontal,S/D,Colisión,S/D,S/D,Ninguna,Sin restricción,POINT (-60.6491421 -32.9725927),"['Corrientes', 'Gaboto']",2,Corrientes; Gaboto,-32.9725927,-60.6491421,55.0,538.0,Municipio Rosario,Municipio,Rosario,820210,Servicio de Catastro e Información Territorial,IGN
2012,7193,2012-05-10,Jueves,0.0,20:35:00,,0.0,2,"Automóvil,Automóvil",BV. OROÑO Y GABOTO,2,1,0,0,1,0,0,,Avenida,,ROSARIO,Rosario,Asfalto,No existe,II,Dentro,Urbana,S/D,S/D,Intersección,S/D,S/D,Nocturna,S/D,Lateral,S/D,Colisión,S/D,S/D,Ninguna,Sin restricción,POINT (-60.660093950000004 -32.970649650000006),"['Bulevar Nicasio Oroño', 'Gaboto']",2,Bulevar Nicasio Oroño; Gaboto,-32.970649650000006,-60.66009395,55.0,538.0,Municipio Rosario,Municipio,Rosario,820210,Servicio de Catastro e Información Territorial,IGN
2012,7197,2012-05-10,Jueves,0.0,09:45:00,,0.0,2,"Moto/Ciclomotor,Transporte de Pasajeros Urbano (> 8 asientos)",MITRE Y BV. SEGUI,2,1,0,0,1,0,0,,Avenida,,ROSARIO,Rosario,Asfalto,No existe,II,S/D,Urbana,S/D,S/D,Intersección,S/D,S/D,Diurna,S/D,S/D,S/D,Colisión,S/D,S/D,Ninguna,Sin restricción,POINT (-60.6477426 -32.97883275),"['Mitre', 'Bulevar Juan Francisco Seguí']",2,Bartolomé Mitre; Bulevar Juan Francisco Seguí,-32.97883275,-60.6477426,55.0,538.0,Municipio Rosario,Municipio,Rosario,820210,Servicio de Catastro e Información Territorial,IGN
2012,7198,2012-05-11,Viernes,0.0,12:05:00,,0.0,3,"Moto/Ciclomotor,Transporte de Pasajeros Larga Distancia (> 8 asientos),Pickup/Utilitario",SAN MARTIN Y URIBURU,3,1,0,0,2,0,0,,Avenida,,ROSARIO,Rosario,Asfalto,No existe,II,Dentro,Urbana,S/D,Funciona,Recta,S/D,S/D,Diurna,S/D,Lateral,S/D,"Caída ocupante,Colisión",S/D,S/D,Ninguna,Sin restricción,POINT (-60.646703949999996 -32.99069289999999),"['San Martin', 'Uriburu']",2,José de San Martín; Avenida José Uriburu,-32.99069289999999,-60.64670395,55.0,538.0,Municipio Rosario,Municipio,Rosario,820210,Servicio de Catastro e Información Territorial,IGN
2012,7199,2012-05-11,Viernes,0.0,20:00:00,,0.0,2,"Moto/Ciclomotor,Taxi/Remis",BV. OROÑO Y GARIBALDI,3,2,0,0,1,0,0,,Avenida,,ROSARIO,Rosario,Asfalto,No existe,II,Dentro,Urbana,Semáforo,Funciona,Cruce,S/D,S/D,Nocturna,S/D,S/D,S/D,Colisión,S/D,S/D,Ninguna,Sin restricción,POINT (-60.6632508 -32.983266949999994),"['Bulevar Nicasio Oroño', 'José Garibaldi']",2,Bulevar Nicasio Oroño; José Garibaldi,-32.983266949999994,-60.6632508,55.0,538.0,Municipio Rosario,Municipio,Rosario,820210,Servicio de Catastro e Información Territorial,IGN
2012,7200,2012-05-09,Miercoles,0.0,17:00:00,,0.0,3,"Automóvil,Automóvil,Pickup/Utilitario",SANTA FE Y PARANA,3,1,0,0,2,0,0,,Avenida,,ROSARIO,Rosario,Asfalto,No existe,II,Dentro,Urbana,Semáforo,Funciona,Recta,Bueno,Buena,Diurna,S/D,S/D,S/D,Colisión,S/D,Horizontal,Línea divisoria pintada,S/D,POINT (-60.6910365 -32.9355511),"['Santa Fe', 'Paraná']",2,Santa Fe; Paraná,-32.9355511,-60.6910365,55.0,538.0,Municipio Rosario,Municipio,Rosario,820210,Servicio de Catastro e Información Territorial,IGN
2012,7201,2012-05-12,Sabado,0.0,19:10:00,,0.0,2,"Bicicleta,Automóvil",ESPAÑA Y REPUBLICA ARMENIA,2,1,0,0,1,0,0,,Calle,,ROSARIO,Rosario,Asfalto,No existe,II,Dentro,Urbana,S/D,S/D,Intersección,S/D,S/D,Atardecer,S/D,Otro,S/D,Atropello,S/D,S/D,Ninguna,Sin restricción,POINT (-60.657929300000006 -32.9948028),"['España', 'República de Armenia']",2,España; República de Armenia,-32.9948028,-60.657929300000006,55.0,538.0,Municipio Rosario,Municipio,Rosario,820210,Servicio de Catastro e Información Territorial,IGN
2012,7202,2012-05-12,Sabado,0.0,13:30:00,,0.0,2,"Moto/Ciclomotor,Automóvil",AV. SAN MARTIN 3700,3,2,0,0,0,0,1,,Avenida,,ROSARIO,Rosario,Asfalto,No existe,II,Dentro,Urbana,S/D,S/D,Recta,S/D,S/D,Diurna,S/D,S/D,S/D,Colisión,S/D,S/D,Ninguna,Sin restricción,"-32.9764777, -60.6372639",['San Martin 3700'],1,San Martin 3700,-32.9764777,-60.6372639,55.0,538.0,Municipio Rosario,Municipio,Rosario,820210,Servicio de Catastro e Información Territorial,IGN
2012,7204,2012-05-12,Sabado,0.0,15:05:00,,0.0,3,"Taxi/Remis,Automóvil,Pickup/Utilitario",AV. URIBURU Y PJE. MELIAN,5,3,0,0,2,0,0,,Calle,,ROSARIO,Rosario,Asfalto,No existe,II,Dentro,Urbana,S/D,S/D,Intersección,S/D,S/D,Diurna,S/D,Múltiple,S/D,Colisión,S/D,S/D,Ninguna,Sin restricción,POINT (-60.6602507 -32.991119149999996),"['Uriburu', 'José Melian']",2,Avenida José Uriburu; José Melian,-32.99111915,-60.6602507,55.0,538.0,Municipio Rosario,Municipio,Rosario,820210,Servicio de Catastro e Información Territorial,IGN
2012,7205,2012-05-10,Jueves,0.0,20:40:00,,0.0,2,"Automóvil,Moto/Ciclomotor",URQUIZA Y ROULLON,2,1,0,0,1,0,0,,Calle,,ROSARIO,Rosario,Asfalto,No existe,II,Dentro,Urbana,S/D,No existe,Intersección,Bueno,Buena,Nocturna,S/D,Frontal,S/D,Colisión,S/D,Faltante,Ninguna,Sin restricción,POINT (-60.7025541 -32.9331513),"['Urquiza', 'Alfredo Rouillón']",2,Justo José de Urquiza; Alfredo Rouillón,-32.9331513,-60.7025541,55.0,538.0,Municipio Rosario,Municipio,Rosario,820210,Servicio de Catastro e Información Territorial,IGN
2012,7206,2012-05-15,Martes,0.0,22:20:00,,0.0,2,"Automóvil,Moto/Ciclomotor",LARREA Y MINETTI,3,2,0,0,1,0,0,,Calle,,ROSARIO,Rosario,Asfalto,No existe,II,Dentro,Urbana,Ninguna,No existe,Intersección,Bueno,Buena,Nocturna,S/D,Lateral,S/D,Colisión,S/D,Faltante,Ninguna,S/D,POINT (-60.69775 -32.927946),"['Larrea', 'Minetti']",2,Larrea; Minetti,-32.927946,-60.69775,55.0,538.0,Municipio Rosario,Municipio,Rosario,820210,Servicio de Catastro e Información Territorial,IGN
2012,7208,2012-05-14,Lunes,0.0,11:00:00,,0.0,2,"Moto/Ciclomotor,Pickup/Utilitario",BV. SEGUI Y PTE. ROCA,3,2,0,0,1,0,0,,Calle,,ROSARIO,Rosario,Asfalto,No existe,II,Dentro,Urbana,S/D,S/D,Intersección,S/D,S/D,Diurna,S/D,Lateral,S/D,Colisión,S/D,S/D,Ninguna,Sin restricción,POINT (-60.653334750000006 -32.97782885),"['Bulevar Juan Francisco Seguí', 'Roca']",2,Bulevar Juan Francisco Seguí; Presidente Roca,-32.97782885,-60.653334750000006,55.0,538.0,Municipio Rosario,Municipio,Rosario,820210,Servicio de Catastro e Información Territorial,IGN
2012,7209,2012-05-17,Jueves,0.0,07:00:00,,0.0,2,"Automóvil,Camión",SANTA FE 4400,3,0,1,0,2,0,0,,Calle,,ROSARIO,Rosario,Asfalto,No existe,II,S/D,Urbana,Semáforo,Funciona,Recta,Bueno,S/D,S/D,S/D,Frontal,S/D,Colisión,S/D,Faltante,Línea divisoria pintada,S/D,"-32.9369913, -60.6826229",['Santa Fe 4400'],1,Santa Fe 4400,-32.9369913,-60.6826229,55.0,538.0,Municipio Rosario,Municipio,Rosario,820210,Servicio de Catastro e Información Territorial,IGN
2012,7211,2012-05-15,Martes,0.0,09:30:00,,0.0,2,"Pickup/Utilitario,Moto/Ciclomotor",BV. SEGUI Y PTE. ROCA,3,3,0,0,0,0,0,,Avenida,,ROSARIO,Rosario,Asfalto,No existe,II,Dentro,Urbana,S/D,S/D,Intersección,S/D,S/D,Diurna,S/D,Lateral,S/D,Colisión,S/D,S/D,Ninguna,Sin restricción,POINT (-60.653334750000006 -32.97782885),"['Bulevar Juan Francisco Seguí', 'Roca']",2,Bulevar Juan Francisco Seguí; Presidente Roca,-32.97782885,-60.653334750000006,55.0,538.0,Municipio Rosario,Municipio,Rosario,820210,Servicio de Catastro e Información Territorial,IGN
2012,7212,2012-05-17,Jueves,0.0,23:15:00,,0.0,2,"Moto/Ciclomotor,Taxi/Remis",ITALIA Y BV. SEGUI,2,1,0,0,1,0,0,,Avenida,,ROSARIO,Rosario,Asfalto,No existe,II,Dentro,Urbana,S/D,S/D,Intersección,S/D,S/D,Nocturna,S/D,Lateral,S/D,Colisión,S/D,S/D,Ninguna,Sin restricción,POINT (-60.6560807 -32.977334),"['Italia', 'Bulevar Juan Francisco Seguí']",2,Italia; Bulevar Juan Francisco Seguí,-32.977334,-60.6560807,55.0,538.0,Municipio Rosario,Municipio,Rosario,820210,Servicio de Catastro e Información Territorial,IGN
2012,7213,2012-05-19,Sabado,0.0,17:15:00,,0.0,2,"Tren,Peatón",HUMBERTO 1&#186; 2100,2,0,1,0,1,0,0,,S/D,,ROSARIO,Rosario,S/D,No existe,II,Dentro,Urbana,S/D,No existe,Paso a Nivel FFCC,S/D,Buena,Diurna,S/D,S/D,S/D,Atropello,S/D,Horizontal,S/D,S/D,"-32.9293797, -60.6751882",['Humberto 1&#186; 2100'],1,Humberto 1&#186; 2100,-32.9293797,-60.6751882,55.0,538.0,Municipio Rosario,Municipio,Rosario,820210,Servicio de Catastro e Información Territorial,IGN
2012,7214,2012-05-17,Jueves,0.0,16:30:00,,0.0,2,"Moto/Ciclomotor,Automóvil",URUGUAY 2500,2,1,0,0,1,0,0,,Calle,,ROSARIO,Rosario,Asfalto,No existe,II,Dentro,Urbana,S/D,S/D,Intersección,S/D,S/D,Atardecer,S/D,Lateral,S/D,Colisión,S/D,S/D,Ninguna,Sin restricción,"-32.9733101, -60.6647641",['Uruguay 2500'],1,Uruguay 2500,-32.9733101,-60.6647641,55.0,538.0,Municipio Rosario,Municipio,Rosario,820210,Servicio de Catastro e Información Territorial,IGN
2012,7215,2012-05-23,Miercoles,0.0,11:30:00,,0.0,2,"Camión,Automóvil",CASILDA Y FORMOSA,6,2,0,0,4,0,0,,Calle,,ROSARIO,Rosario,Asfalto,Pavimento,II,Dentro,Urbana,Ninguna,No existe,Intersección,Bueno,Buena,Atardecer,Lluvia,Frontal,S/D,Colisión,Agua,Faltante,Cordón divisorio,Sin restricción,POINT (-60.69120740000001 -32.9285251),"['Casilda', 'Formosa']",2,Casilda; Formosa,-32.9285251,-60.69120740000001,55.0,538.0,Municipio Rosario,Municipio,Rosario,820210,Servicio de Catastro e Información Territorial,IGN
2012,7216,2012-05-17,Jueves,0.0,19:30:00,,0.0,2,"Automóvil,Moto/Ciclomotor",LAPRIDA Y RIOBAMBA,2,1,0,0,1,0,0,,Calle,,ROSARIO,Rosario,Asfalto,No existe,II,Dentro,Urbana,S/D,S/D,Intersección,S/D,S/D,Atardecer,S/D,Lateral,S/D,Colisión,S/D,S/D,Ninguna,Sin restricción,POINT (-60.6384293 -32.9637312),"['Laprida', 'Riobamba']",2,Francisco Narciso Laprida; Riobamba,-32.9637312,-60.6384293,55.0,538.0,Municipio Rosario,Municipio,Rosario,820210,Servicio de Catastro e Información Territorial,IGN
2012,7218,2012-05-17,Jueves,0.0,14:30:00,,0.0,2,"Automóvil,Automóvil",DORREGO Y URUGUAY,2,1,0,0,1,0,0,,Calle,,ROSARIO,Rosario,Asfalto,No existe,II,Dentro,Urbana,S/D,S/D,Intersección,S/D,S/D,Diurna,S/D,Lateral,S/D,Colisión,S/D,S/D,Ninguna,Sin restricción,POINT (-60.6568802 -32.97483409999999),"['Dorrego', 'Uruguay']",2,Manuel Dorrego; Uruguay,-32.97483409999999,-60.6568802,55.0,538.0,Municipio Rosario,Municipio,Rosario,820210,Servicio de Catastro e Información Territorial,IGN
2012,7219,2012-05-24,Jueves,0.0,22:00:00,,0.0,2,"Automóvil,Automóvil",URQUIZA Y BERING,2,1,0,0,1,0,0,,Calle,,ROSARIO,Rosario,Asfalto,Pavimento,II,Dentro,S/D,Ninguna,No existe,Intersección,Bueno,Buena,Con luz artificial,S/D,Frontal,S/D,Colisión,S/D,S/D,Cordón divisorio,Sin restricción,POINT (-60.6830135 -32.93475320000001),"['Urquiza', 'Pasaje Behring']",2,Justo José de Urquiza; Pasaje Behring,-32.93475320000001,-60.6830135,55.0,538.0,Municipio Rosario,Municipio,Rosario,820210,Servicio de Catastro e Información Territorial,IGN
2012,7220,2012-05-17,Jueves,0.0,14:50:00,,0.0,2,"Moto/Ciclomotor,Automóvil",PJE. MAIDA Y ESTADO DE ISRAEL,2,1,0,0,0,0,1,,Calle,,ROSARIO,Rosario,Asfalto,No existe,II,Dentro,Urbana,S/D,S/D,Intersección,S/D,S/D,Diurna,S/D,Lateral,S/D,Colisión,S/D,S/D,Ninguna,Sin restricción,POINT (-60.65732119999999 -32.992098799999994),"['Maida', 'Estado de Israel']",2,Maida; Estado de Israel,-32.992098799999994,-60.65732119999999,55.0,538.0,Municipio Rosario,Municipio,Rosario,820210,Servicio de Catastro e Información Territorial,IGN
2012,7221,2012-05-27,Domingo,0.0,16:30:00,,0.0,2,"Automóvil,Moto/Ciclomotor",SOLIS Y TUCUMAN,3,2,0,0,1,0,0,,Calle,,ROSARIO,Rosario,Asfalto,Pavimento,II,Dentro,Urbana,Ninguna,No existe,Intersección,Bueno,Buena,Atardecer,Buen Tiempo,Frontal,S/D,Colisión,Otro,Faltante,Cordón divisorio,S/D,POINT (-60.703743800000005 -32.932303799999985),"['Solis', 'Tucumán']",2,Juan Díaz de Solís; Tucumán,-32.932303799999985,-60.703743800000005,55.0,538.0,Municipio Rosario,Municipio,Rosario,820210,Servicio de Catastro e Información Territorial,IGN
2012,7222,2012-05-03,Jueves,0.0,17:35:00,,0.0,2,"Moto/Ciclomotor,Peatón",pcias. unidas y pasco,2,1,1,0,0,0,0,,Calle,,ROSARIO,Rosario,Asfalto,No existe,II,Dentro,Urbana,S/D,Funciona,Intersección,Bueno,Buena,Diurna,Buen Tiempo,Frontal,S/D,Atropello,S/D,S/D,S/D,Sin restricción,POINT (-60.712149999999994 -32.9509506),"['Avenida Provincias Unidas', 'Pasco']",2,Avenida Provincias Unidas; Pasco,-32.9509506,-60.71215,55.0,538.0,Municipio Rosario,Municipio,Rosario,820210,Servicio de Catastro e Información Territorial,IGN
2012,7223,2012-05-20,Domingo,0.0,,,0.0,2,"Automóvil,Automóvil",SAN JUAN Y VERA MUJICA,4,1,0,0,3,0,0,,Calle,,ROSARIO,Rosario,Asfalto,S/D,II,Dentro,Urbana,S/D,S/D,Intersección,S/D,S/D,S/D,S/D,S/D,S/D,S/D,S/D,S/D,Cordón divisorio,S/D,POINT (-60.6678428 -32.94501609999999),"['San Juan', 'Vera Mujíca']",2,San Juan; Vera Mujíca,-32.94501609999999,-60.6678428,55.0,538.0,Municipio Rosario,Municipio,Rosario,820210,Servicio de Catastro e Información Territorial,IGN
2012,7224,2012-05-03,Jueves,0.0,14:10:00,,0.0,2,"Pickup/Utilitario,Moto/Ciclomotor",riobamba y tte. ogneta,2,2,0,0,0,0,0,,Calle,,ROSARIO,Rosario,Asfalto,No existe,II,Dentro,Urbana,S/D,Funciona,Intersección,Bueno,Buena,Diurna,Buen Tiempo,Frontal,S/D,Colisión,S/D,S/D,S/D,Sin restricción,POINT (-60.699270899999995 -32.954198),"['Riobamba', 'Teniente Agneta']",2,Riobamba; Teniente Agneta,-32.954198,-60.6992709,55.0,538.0,Municipio Rosario,Municipio,Rosario,820210,Servicio de Catastro e Información Territorial,IGN
2012,7225,2012-05-21,Lunes,0.0,,,0.0,2,"Pickup/Utilitario,Automóvil",MENDOZA Y CALLAO,5,4,0,0,1,0,0,,Calle,,ROSARIO,Rosario,Asfalto,S/D,II,Dentro,Urbana,S/D,S/D,Intersección,S/D,S/D,S/D,S/D,S/D,S/D,Colisión,S/D,S/D,Cordón divisorio,S/D,POINT (-60.6614022 -32.947621100000006),"['Mendoza', 'Callao']",2,Mendoza; Callao,-32.947621100000006,-60.6614022,55.0,538.0,Municipio Rosario,Municipio,Rosario,820210,Servicio de Catastro e Información Territorial,IGN
2012,7226,2012-05-04,Viernes,0.0,15:00:00,,0.0,1,,pje. alvarado y forest ,3,2,0,0,1,0,0,,Calle,,ROSARIO,Rosario,Asfalto,No existe,II,Dentro,Urbana,S/D,No existe,Intersección,Bueno,Buena,Diurna,Buen Tiempo,Lateral,S/D,Colisión,S/D,Horizontal,S/D,Sin restricción,POINT (-60.6956915 -32.94304009999998),"['Alvarado', 'Carlos Forest']",2,Alvarado; Carlos Forest,-32.94304009999998,-60.6956915,55.0,538.0,Municipio Rosario,Municipio,Rosario,820210,Servicio de Catastro e Información Territorial,IGN
2012,7227,2012-05-04,Viernes,0.0,16:00:00,,0.0,2,"Vehículo Oficial,Moto/Ciclomotor",Tte.Agneta Y Viamonte,3,1,0,0,2,0,0,,Calle,,ROSARIO,Rosario,Asfalto,No existe,II,Dentro,Urbana,S/D,No existe,Intersección,Bueno,Buena,Diurna,Buen Tiempo,Lateral,S/D,Colisión,S/D,S/D,S/D,Sin restricción,POINT (-60.69918400000001 -32.9565818),"['Teniente Agneta', 'Viamonte']",2,Teniente Agneta; Viamonte,-32.9565818,-60.69918400000001,55.0,538.0,Municipio Rosario,Municipio,Rosario,820210,Servicio de Catastro e Información Territorial,IGN
2012,7228,2012-05-21,Lunes,0.0,,,0.0,2,"Moto/Ciclomotor,Pickup/Utilitario",MONTEVIDEO Y ALSINA,3,1,0,0,2,0,0,,Calle,,ROSARIO,Rosario,Asfalto,S/D,II,Dentro,Urbana,S/D,S/D,Intersección,S/D,S/D,S/D,S/D,S/D,S/D,Colisión,S/D,S/D,Cordón divisorio,S/D,POINT (-60.6788522 -32.949314199999996),"['Montevideo', 'Alsina']",2,Montevideo; Alsina,-32.9493142,-60.6788522,55.0,538.0,Municipio Rosario,Municipio,Rosario,820210,Servicio de Catastro e Información Territorial,IGN
2012,7229,2012-05-04,Viernes,0.0,13:00:00,,0.0,2,"Automóvil,Moto/Ciclomotor",riobamba y larrea,2,1,0,0,1,0,0,,Calle,,ROSARIO,Rosario,Asfalto,No existe,II,Dentro,Urbana,S/D,No existe,Intersección,Bueno,Buena,Diurna,Buen Tiempo,Lateral,S/D,Colisión,S/D,S/D,S/D,Sin restricción,POINT (-60.6967127 -32.954138199999996),"['Riobamba', 'Larrea']",2,Riobamba; Larrea,-32.9541382,-60.6967127,55.0,538.0,Municipio Rosario,Municipio,Rosario,820210,Servicio de Catastro e Información Territorial,IGN
2012,7230,2012-05-21,Lunes,0.0,,,0.0,2,"Moto/Ciclomotor,Pickup/Utilitario",AV. PELLEGRINI Y VERA MUJICA,1,1,0,0,0,0,0,,Avenida,,ROSARIO,Rosario,Asfalto,S/D,II,Dentro,Urbana,S/D,S/D,Intersección,S/D,S/D,S/D,S/D,S/D,S/D,Colisión,S/D,S/D,Cordón divisorio,S/D,POINT (-60.6696235 -32.952139450000004),"['Pellegrini', 'Vera Mujíca']",2,Avenida Carlos Pellegrini; Vera Mujíca,-32.952139450000004,-60.6696235,55.0,538.0,Municipio Rosario,Municipio,Rosario,820210,Servicio de Catastro e Información Territorial,IGN
2012,7231,2012-05-23,Miercoles,0.0,,,0.0,2,"Peatón,Automóvil",RIO DE JANEIRO 1080,2,1,0,0,1,0,0,,Calle,,ROSARIO,Rosario,Asfalto,S/D,II,Dentro,Urbana,S/D,S/D,Intersección,S/D,S/D,S/D,S/D,S/D,S/D,Atropello,S/D,S/D,Cordón divisorio,S/D,"-32.94229642244898, -60.68143084897959",['Rio De Janeiro 1080'],1,Rio De Janeiro 1080,-32.94229642244898,-60.68143084897959,55.0,538.0,Municipio Rosario,Municipio,Rosario,820210,Servicio de Catastro e Información Territorial,IGN
2012,7232,2012-05-07,Lunes,0.0,10:00:00,,0.0,2,"Automóvil,Camión",mendoza y garzon ,2,1,0,0,1,0,0,,Avenida,,ROSARIO,Rosario,Asfalto,No existe,II,Dentro,Urbana,S/D,No existe,Intersección,Bueno,Buena,Diurna,Buen Tiempo,Frontal,S/D,Colisión,S/D,S/D,S/D,Sin restricción,POINT (-60.7056814 -32.94004240000001),"['Mendoza', 'Garzón']",2,Mendoza; Garzón,-32.94004240000001,-60.7056814,55.0,538.0,Municipio Rosario,Municipio,Rosario,820210,Servicio de Catastro e Información Territorial,IGN
2012,7233,2012-05-23,Miercoles,0.0,,,0.0,2,"Taxi/Remis,Moto/Ciclomotor",VERA MUJICA Y 3 DE FEBRERO,2,1,0,0,1,0,0,,Calle,,ROSARIO,Rosario,Asfalto,S/D,II,Dentro,Urbana,S/D,S/D,Intersección,S/D,S/D,S/D,S/D,S/D,S/D,Colisión,S/D,S/D,Cordón divisorio,S/D,POINT (-60.668509099999994 -32.94765369999999),"['Vera Mujíca', '3 de Febrero']",2,Vera Mujíca; 3 de Febrero,-32.94765369999999,-60.6685091,55.0,538.0,Municipio Rosario,Municipio,Rosario,820210,Servicio de Catastro e Información Territorial,IGN
2012,7234,2012-05-22,Martes,0.0,,,0.0,2,"Taxi/Remis,Bicicleta",SUIPACHA Y ZEBALLOS,2,1,0,0,1,0,0,,Calle,,ROSARIO,Rosario,Asfalto,S/D,II,Dentro,Urbana,S/D,S/D,Intersección,S/D,S/D,S/D,S/D,S/D,S/D,Atropello,S/D,S/D,Cordón divisorio,S/D,POINT (-60.66630880000001 -32.9503432),"['Suipacha', 'Zeballos']",2,Suipacha; Zeballos,-32.9503432,-60.66630880000001,55.0,538.0,Municipio Rosario,Municipio,Rosario,820210,Servicio de Catastro e Información Territorial,IGN
2012,7235,2012-05-07,Lunes,0.0,12:30:00,,0.0,2,"Automóvil,Moto/Ciclomotor",pcias. unidas y perez bulnes,3,2,0,0,1,0,0,,Calle,,ROSARIO,Rosario,Asfalto,No existe,II,Dentro,Urbana,S/D,No existe,Intersección,Bueno,Buena,Diurna,Buen Tiempo,Lateral,S/D,Colisión,S/D,S/D,S/D,Sin restricción,POINT (-60.712500750000004 -32.9424588),"['Avenida Provincias Unidas', 'Pérez Bulnes']",2,Avenida Provincias Unidas; Pérez Bulnes,-32.9424588,-60.71250075,55.0,538.0,Municipio Rosario,Municipio,Rosario,820210,Servicio de Catastro e Información Territorial,IGN
2012,7236,2012-05-22,Martes,0.0,,,0.0,2,"Moto/Ciclomotor,Peatón",AV. PELLGRINI Y VALPARAISO,3,2,0,0,0,0,1,,Calle,,ROSARIO,Rosario,Asfalto,S/D,II,Dentro,Urbana,S/D,S/D,Intersección,S/D,S/D,S/D,S/D,S/D,S/D,Atropello,S/D,S/D,Cordón divisorio,S/D,POINT (-60.6845797 -32.94946225),"['Pellegrini', 'Valparaíso']",2,Avenida Carlos Pellegrini; Valparaíso,-32.94946225,-60.6845797,55.0,538.0,Municipio Rosario,Municipio,Rosario,820210,Servicio de Catastro e Información Territorial,IGN
2012,7237,2012-05-08,Martes,0.0,08:00:00,,0.0,2,"Automóvil,Bicicleta",solis y marcos paz,2,1,0,0,1,0,0,,Calle,,ROSARIO,Rosario,Asfalto,No existe,II,Dentro,Urbana,S/D,No existe,Intersección,Bueno,Buena,Diurna,S/D,S/D,S/D,Atropello,S/D,S/D,S/D,S/D,POINT (-60.70345350000001 -32.938812999999996),"['Solis', 'Marcos Paz']",2,Juan Díaz de Solís; Marcos Paz,-32.938813,-60.70345350000001,55.0,538.0,Municipio Rosario,Municipio,Rosario,820210,Servicio de Catastro e Información Territorial,IGN
2012,7238,2012-05-28,Lunes,0.0,,,0.0,2,"Automóvil,Taxi/Remis",ZEBALLOS Y CRESPO,5,4,0,0,1,0,0,,Calle,,ROSARIO,Rosario,Asfalto,S/D,II,Dentro,Urbana,S/D,S/D,Intersección,S/D,S/D,S/D,S/D,S/D,S/D,Colisión,S/D,S/D,Cordón divisorio,S/D,POINT (-60.6703713 -32.94961279999999),"['Zeballos', 'Crespo']",2,Zeballos; Crespo,-32.94961279999999,-60.6703713,55.0,538.0,Municipio Rosario,Municipio,Rosario,820210,Servicio de Catastro e Información Territorial,IGN
2012,7239,2012-05-08,Martes,0.0,15:00:00,,0.0,1,,camilo aldao y pasco,3,1,0,0,2,0,0,,Calle,,ROSARIO,Rosario,Asfalto,No existe,II,Dentro,Urbana,S/D,Funciona,Intersección,Bueno,Buena,Diurna,Buen Tiempo,Lateral,S/D,Colisión,S/D,Faltante,S/D,Sin restricción,POINT (-60.6955377 -32.950518699999996),"['Camilo Aldao', 'Pasco']",2,Camilo Aldao; Pasco,-32.9505187,-60.6955377,55.0,538.0,Municipio Rosario,Municipio,Rosario,820210,Servicio de Catastro e Información Territorial,IGN