anio_acci,nro_acci,fecha,desc_dia,fecha_aprox,hora_aprox,desc_ruta,km,cant_participantes,desc_participante,calle_avenida_km,total,heridos_leves,heridos_graves,heridos_gravisimos,ilesos,fallecidos,sin_datos,posicion_XY,desc_tipo_via,desc_ruta_ori,desc_loc,desc_dpto,desc_tipo_calzada,desc_tipo_banquina,desc_unidad_regional,desc_lugar_calzada,desc_zona,desc_prioridad,desc_estado_semaforo,desc_lugar_via,desc_estado_via,desc_estado_visibilidad,desc_luminosidad,desc_estado_clima,desc_tipo_colision,desc_tipo_atropello,desc_tipo_hecho,desc_pres_calzada,desc_senializacion,desc_separacion_via,desc_restriccion,forma_geocod,calle_lista,numero_calles,calles_osm,lat,lon,index_right,gid,fna,gna,nam,in1,fdc,sag
2012,7240,2012-05-08,Martes,0.0,15:00:00,,0.0,1,,camilo aldao y pasco,3,1,0,0,2,0,0,,Calle,,ROSARIO,Rosario,Asfalto,No existe,II,Dentro,Urbana,S/D,Funciona,Intersección,Bueno,Buena,Diurna,Buen Tiempo,Lateral,S/D,Colisión,S/D,Faltante,S/D,Sin restricción,POINT (-60.6955377 -32.950518699999996),"['Camilo Aldao', 'Pasco']",2,Camilo Aldao; Pasco,-32.9505187,-60.6955377,55.0,538.0,Municipio Rosario,Municipio,Rosario,820210,Servicio de Catastro e Información Territorial,IGN
2012,7241,2012-05-08,Martes,0.0,15:00:00,,0.0,2,"Automóvil,Automóvil",camilo aldao y pasco,3,1,0,0,2,0,0,,Calle,,ROSARIO,Rosario,Asfalto,No existe,II,Dentro,Urbana,S/D,Funciona,Intersección,Bueno,Buena,Diurna,Buen Tiempo,Lateral,S/D,Colisión,S/D,Faltante,S/D,Sin restricción,POINT (-60.6955377 -32.950518699999996),"['Camilo Aldao', 'Pasco']",2,Camilo Aldao; Pasco,-32.9505187,-60.6955377,55.0,538.0,Municipio Rosario,Municipio,Rosario,820210,Servicio de Catastro e Información Territorial,IGN
2012,7242,2012-05-30,Miercoles,0.0,,,0.0,3,"Automóvil,Automóvil,Automóvil",PUYRREDON Y RIOJA,4,1,0,0,2,0,1,,Calle,,ROSARIO,Rosario,Asfalto,S/D,II,Dentro,Urbana,S/D,S/D,Intersección,S/D,S/D,S/D,S/D,S/D,S/D,Colisión,S/D,S/D,Cordón divisorio,S/D,POINT (-60.6576513 -32.944126799999985),"['Pueyrredón', 'Rioja']",2,Pueyrredón; Rioja,-32.944126799999985,-60.6576513,55.0,538.0,Municipio Rosario,Municipio,Rosario,820210,Servicio de Catastro e Información Territorial,IGN
2012,7243,2012-05-30,Miercoles,0.0,,,0.0,2,"Bicicleta,Automóvil",OV. LAGOS 900,2,1,0,0,1,0,0,,Calle,,ROSARIO,Rosario,Asfalto,S/D,II,Dentro,Urbana,S/D,S/D,Intersección,S/D,S/D,S/D,S/D,S/D,S/D,Atropello,S/D,S/D,Cordón divisorio,S/D,"-32.9432748, -60.661768",['Ovidio Lagos 900'],1,Ovidio Lagos 900,-32.9432748,-60.661768,55.0,538.0,Municipio Rosario,Municipio,Rosario,820210,Servicio de Catastro e Información Territorial,IGN
2012,7245,2012-05-23,Miercoles,0.0,10:25:00,,0.0,2,"Moto/Ciclomotor,Automóvil",av. mendoza y solis ,2,1,0,0,1,0,0,,Avenida,,ROSARIO,Rosario,Asfalto,No existe,II,Dentro,Urbana,S/D,No existe,Recta,Bueno,Buena,Diurna,Buen Tiempo,S/D,S/D,Colisión,S/D,Vertical,S/D,Sin restricción,POINT (-60.7034051 -32.939993799999996),"['Mendoza', 'Solis']",2,Mendoza; Juan Díaz de Solís,-32.9399938,-60.7034051,55.0,538.0,Municipio Rosario,Municipio,Rosario,820210,Servicio de Catastro e Información Territorial,IGN
2012,7246,2012-05-23,Miercoles,0.0,19:40:00,,0.0,2,"Moto/Ciclomotor,Automóvil",liniers y forest,2,1,0,0,1,0,0,,Calle,,ROSARIO,Rosario,Asfalto,No existe,II,Dentro,Urbana,S/D,No existe,Recta,Bueno,Buena,Atardecer,Buen Tiempo,S/D,S/D,Colisión,S/D,Horizontal,S/D,Sin restricción,POINT (-60.69864230000001 -32.943123199999995),"['Liniers', 'Carlos Forest']",2,Liniers; Carlos Forest,-32.943123199999995,-60.69864230000001,55.0,538.0,Municipio Rosario,Municipio,Rosario,820210,Servicio de Catastro e Información Territorial,IGN
2012,7247,2012-05-23,Miercoles,0.0,23:00:00,,0.0,2,"Moto/Ciclomotor,Automóvil",riobamba y campbell ,3,2,0,0,1,0,0,,Calle,,ROSARIO,Rosario,Asfalto,No existe,II,Dentro,Urbana,S/D,No existe,Recta,Bueno,Buena,Nocturna,Buen Tiempo,De alcance,S/D,Colisión,S/D,Horizontal,S/D,Sin restricción,POINT (-60.7073847 -32.9544107),"['Riobamba', 'Campbell']",2,Riobamba; Campbell,-32.9544107,-60.7073847,55.0,538.0,Municipio Rosario,Municipio,Rosario,820210,Servicio de Catastro e Información Territorial,IGN
2012,7250,2012-05-30,Miercoles,0.0,18:40:00,,0.0,2,"Peatón,Automóvil",mendoza al 500,2,1,0,0,0,0,1,,Calle,,ROSARIO,Rosario,Asfalto,S/D,II,Dentro,Urbana,S/D,S/D,Recta,Bueno,Buena,Diurna,Buen Tiempo,Otro,S/D,Atropello,S/D,S/D,S/D,Sin restricción,"-32.9529802, -60.6308975",['Mendoza 500'],1,Mendoza 500,-32.9529802,-60.6308975,55.0,538.0,Municipio Rosario,Municipio,Rosario,820210,Servicio de Catastro e Información Territorial,IGN
2012,7251,2012-05-30,Miercoles,0.0,,,0.0,2,"Bicicleta,Moto/Ciclomotor",PUEYRREDON AL 1000,2,1,0,0,0,0,1,,Calle,,ROSARIO,Rosario,Asfalto,S/D,II,Dentro,Urbana,S/D,S/D,Intersección,S/D,S/D,S/D,S/D,S/D,S/D,Atropello,S/D,S/D,S/D,S/D,"-32.9454721, -60.6580556",['Pueyrredon 1000'],1,Pueyrredon 1000,-32.9454721,-60.6580556,55.0,538.0,Municipio Rosario,Municipio,Rosario,820210,Servicio de Catastro e Información Territorial,IGN
2012,7252,2012-05-01,Martes,0.0,05:15:00,,0.0,2,"Taxi/Remis,Moto/Ciclomotor",AV. 27 DE FEBRERO Y BV. AVELLANEDA,3,2,0,0,1,0,0,,Avenida,,ROSARIO,Rosario,Asfalto,No existe,II,Dentro,Urbana,Semáforo,No existe,Intersección,Bueno,S/D,"Nocturna,Con luz artificial",S/D,Lateral,S/D,Colisión,S/D,Vertical,Cordón divisorio,Sin restricción,POINT (-60.68448515 -32.96026405),"['27 de Febrero', 'Avellaneda']",2,Bulevar 27 de Febrero; Bulevar Nicolás Avellaneda,-32.96026405,-60.68448515,55.0,538.0,Municipio Rosario,Municipio,Rosario,820210,Servicio de Catastro e Información Territorial,IGN
2012,7253,2012-05-02,Miercoles,0.0,18:50:00,,0.0,2,"Transporte de Pasajeros Urbano (> 8 asientos),Bicicleta",AV. PTE. PERON Y AV. FRANCIA,1,1,0,0,0,0,0,,Avenida,,ROSARIO,Rosario,Asfalto,No existe,II,Dentro,Urbana,Semáforo,Funciona,Intersección,Bueno,Buena,"Atardecer,Con luz artificial",S/D,S/D,S/D,Caída ocupante,S/D,"Horizontal,Vertical",Cordón divisorio,Sin restricción,POINT (-60.669141599999996 -32.95590709999999),"['Avenida Presidente Perón', 'Avenida Francia']",2,Avenida Presidente Perón; Avenida Francia,-32.95590709999999,-60.6691416,55.0,538.0,Municipio Rosario,Municipio,Rosario,820210,Servicio de Catastro e Información Territorial,IGN
2012,7255,2012-05-02,Miercoles,0.0,13:15:00,,0.0,2,"Automóvil,Peatón",3 de febrero y bs as,2,1,0,0,1,0,0,,Calle,,ROSARIO,Rosario,Asfalto,S/D,II,Dentro,Urbana,S/D,S/D,Intersección,Bueno,Buena,Diurna,Buen Tiempo,Otro,S/D,Atropello,S/D,S/D,S/D,Sin restricción,POINT (-60.63427490000001 -32.9536983),"['3 de Febrero', 'Buenos Aires']",2,3 de Febrero; Buenos Aires,-32.9536983,-60.63427490000001,55.0,538.0,Municipio Rosario,Municipio,Rosario,820210,Servicio de Catastro e Información Territorial,IGN
2012,7256,2012-05-03,Jueves,0.0,18:00:00,,0.0,2,"Automóvil,Automóvil",AV. FRANCIA Y AV. PTE.PERON,2,1,0,0,1,0,0,,Avenida,,ROSARIO,Rosario,Asfalto,No existe,II,Dentro,Urbana,S/D,Funciona,Recta,Bueno,Buena,S/D,S/D,De alcance,S/D,Colisión,S/D,Horizontal,Cordón divisorio,Sin restricción,POINT (-60.669141599999996 -32.95590709999999),"['Avenida Francia', 'Avenida Presidente Perón']",2,Avenida Francia; Avenida Presidente Perón,-32.95590709999999,-60.6691416,55.0,538.0,Municipio Rosario,Municipio,Rosario,820210,Servicio de Catastro e Información Territorial,IGN
2012,7257,2012-05-02,Miercoles,0.0,,,0.0,2,"Automóvil,Automóvil",rioja y vera mujica ,2,1,0,0,1,0,0,,Calle,,ROSARIO,Rosario,Asfalto,S/D,II,Dentro,Urbana,S/D,S/D,Intersección,Bueno,Buena,Diurna,Buen Tiempo,Lateral,S/D,Colisión,S/D,S/D,S/D,Sin restricción,POINT (-60.6672045 -32.94245649999999),"['Rioja', 'Vera Mujíca']",2,Rioja; Vera Mujíca,-32.94245649999999,-60.6672045,55.0,538.0,Municipio Rosario,Municipio,Rosario,820210,Servicio de Catastro e Información Territorial,IGN
2012,7258,2012-05-03,Jueves,0.0,18:00:00,,0.0,2,"Automóvil,Camión",AV. 27 DE FEBRERO Y BV. AVELLANEDA,2,1,0,0,1,0,0,,S/D,,ROSARIO,Rosario,Asfalto,No existe,II,S/D,S/D,Semáforo,Funciona,Intersección,Bueno,Buena,Atardecer,S/D,De alcance,S/D,Colisión,S/D,Horizontal,Cordón divisorio,Sin restricción,POINT (-60.68448515 -32.96026405),"['27 de Febrero', 'Avellaneda']",2,Bulevar 27 de Febrero; Bulevar Nicolás Avellaneda,-32.96026405,-60.68448515,55.0,538.0,Municipio Rosario,Municipio,Rosario,820210,Servicio de Catastro e Información Territorial,IGN
2012,7259,2012-05-02,Miercoles,0.0,16:20:00,,0.0,2,"Taxi/Remis,Moto/Ciclomotor",rioja y pueyrredon ,2,1,0,0,1,0,0,,Calle,,ROSARIO,Rosario,Asfalto,S/D,II,Dentro,Urbana,S/D,S/D,Intersección,Bueno,Buena,Diurna,Buen Tiempo,S/D,S/D,Colisión,S/D,S/D,S/D,Sin restricción,POINT (-60.6576513 -32.944126799999985),"['Rioja', 'Pueyrredón']",2,Rioja; Pueyrredón,-32.944126799999985,-60.6576513,55.0,538.0,Municipio Rosario,Municipio,Rosario,820210,Servicio de Catastro e Información Territorial,IGN
2012,7260,2012-05-05,Sabado,0.0,19:20:00,,0.0,2,"Automóvil,Automóvil",lima y san juan ,3,1,0,0,2,0,0,,Calle,,ROSARIO,Rosario,Asfalto,S/D,II,Dentro,Urbana,S/D,S/D,Intersección,Bueno,Buena,Atardecer,Buen Tiempo,S/D,S/D,Colisión,S/D,S/D,S/D,Sin restricción,POINT (-60.6841697 -32.942117),"['Lima', 'San Juan']",2,Lima; San Juan,-32.942117,-60.6841697,55.0,538.0,Municipio Rosario,Municipio,Rosario,820210,Servicio de Catastro e Información Territorial,IGN
2012,7261,2012-05-06,Domingo,0.0,07:30:00,,0.0,1,Moto/Ciclomotor,BV. AVELLANEDA Y PAICO,2,1,0,0,1,0,0,,Avenida,,ROSARIO,Rosario,Asfalto,No existe,II,Dentro,S/D,Marca Vial,No existe,Intersección,Bueno,Buena,"Diurna,Con luz artificial",Buen Tiempo,S/D,S/D,Despiste,S/D,"Horizontal,Vertical",Cordón divisorio,Sin restricción,POINT (-60.68246960000001 -32.952270733333336),"['Avellaneda', 'Pasco']",2,Bulevar Nicolás Avellaneda; Pasco,-32.952270733333336,-60.68246960000001,55.0,538.0,Municipio Rosario,Municipio,Rosario,820210,Servicio de Catastro e Información Territorial,IGN
2012,7262,2012-05-03,Jueves,0.0,10:40:00,,0.0,2,"Moto/Ciclomotor,Automóvil",SUIPACHA Y RIOJA,3,1,0,0,2,0,0,,Calle,,ROSARIO,Rosario,Asfalto,S/D,II,Dentro,Urbana,S/D,S/D,Intersección,Bueno,Buena,Diurna,Buen Tiempo,S/D,S/D,Colisión,S/D,S/D,S/D,Sin restricción,POINT (-60.66447840000001 -32.94294049999999),"['Suipacha', 'Rioja']",2,Suipacha; Rioja,-32.94294049999999,-60.66447840000001,55.0,538.0,Municipio Rosario,Municipio,Rosario,820210,Servicio de Catastro e Información Territorial,IGN
2012,7263,2012-05-27,Domingo,0.0,08:30:00,,0.0,2,"Camión,Moto/Ciclomotor",AV. FRANCIA 1800,2,1,0,0,1,0,0,,Avenida,,ROSARIO,Rosario,Asfalto,No existe,II,S/D,S/D,Ninguna,No existe,Recta,Bueno,Buena,"Diurna,Con luz artificial",S/D,De alcance,S/D,Colisión,S/D,Vertical,Cordón divisorio,S/D,"-32.953589289932886, -60.668789161073825",['Francia 1800'],1,Francia 1800,-32.953589289932886,-60.66878916107383,55.0,538.0,Municipio Rosario,Municipio,Rosario,820210,Servicio de Catastro e Información Territorial,IGN
2012,7264,2012-05-03,Jueves,0.0,,,0.0,2,"Automóvil,Moto/Ciclomotor",pje. marcos paz y bv. avellaneda ,2,1,0,0,1,0,0,,Calle,,ROSARIO,Rosario,Asfalto,S/D,II,Dentro,Urbana,S/D,S/D,Intersección,Bueno,S/D,S/D,Buen Tiempo,S/D,S/D,Colisión,S/D,S/D,S/D,Sin restricción,POINT (-60.680249 -32.94354319999999),"['Marcos Paz', 'Avellaneda']",2,Marcos Paz; Bulevar Nicolás Avellaneda,-32.94354319999999,-60.680249,55.0,538.0,Municipio Rosario,Municipio,Rosario,820210,Servicio de Catastro e Información Territorial,IGN
2012,7265,2012-05-04,Viernes,0.0,,,0.0,1,Automóvil,bv. ovidio lagos y 3 de febrero ,2,1,0,0,1,0,0,,Avenida,,ROSARIO,Rosario,Asfalto,S/D,II,Dentro,Urbana,S/D,S/D,Intersección,S/D,S/D,S/D,Buen Tiempo,S/D,S/D,Colisión,S/D,S/D,S/D,Sin restricción,POINT (-60.6630574 -32.9486394),"['Avenida Ovidio Lagos', '3 de Febrero']",2,Avenida Ovidio Lagos; 3 de Febrero,-32.9486394,-60.6630574,55.0,538.0,Municipio Rosario,Municipio,Rosario,820210,Servicio de Catastro e Información Territorial,IGN
2012,7266,2012-05-07,Lunes,0.0,08:28:00,,0.0,2,"Peatón,Moto/Ciclomotor",BV. AVELLANEDA Y CALLE RUEDA,2,1,0,0,1,0,0,,Calle,,ROSARIO,Rosario,Asfalto,No existe,II,S/D,Urbana,Ninguna,No existe,Intersección,Bueno,Buena,Diurna,S/D,S/D,S/D,Atropello,S/D,S/D,Cordón divisorio,Sin restricción,POINT (-60.6853512 -32.963739950000004),"['Avellaneda', 'Rueda']",2,Bulevar Nicolás Avellaneda; Rueda,-32.963739950000004,-60.6853512,55.0,538.0,Municipio Rosario,Municipio,Rosario,820210,Servicio de Catastro e Información Territorial,IGN
2012,7267,2012-05-01,Martes,0.0,,,0.0,2,"Automóvil,Automóvil",bv. avellandeda y san juan ,4,2,0,0,2,0,0,,Calle,,ROSARIO,Rosario,Asfalto,S/D,II,Dentro,Urbana,S/D,S/D,Intersección,S/D,S/D,S/D,Buen Tiempo,S/D,S/D,Colisión,S/D,S/D,S/D,S/D,POINT (-60.680076299999996 -32.94284435),"['Avellaneda', 'San Juan']",2,Bulevar Nicolás Avellaneda; San Juan,-32.94284435,-60.6800763,55.0,538.0,Municipio Rosario,Municipio,Rosario,820210,Servicio de Catastro e Información Territorial,IGN
2012,7268,2012-05-08,Martes,0.0,20:00:00,,0.0,2,"Automóvil,Moto/Ciclomotor",CALLE LA PAZ Y CALLE CASTELLANOS,2,1,0,0,1,0,0,,Calle,,ROSARIO,Rosario,Asfalto,No existe,II,S/D,S/D,S/D,S/D,Intersección,Bueno,Buena,"Nocturna,Con luz artificial",S/D,Lateral,S/D,Colisión,S/D,"Horizontal,Vertical",Cordón divisorio,S/D,POINT (-60.67950600000001 -32.9575236),"['La Paz', 'Aaron Castellanos']",2,La Paz; Aaron Castellanos,-32.9575236,-60.67950600000001,55.0,538.0,Municipio Rosario,Municipio,Rosario,820210,Servicio de Catastro e Información Territorial,IGN
2012,7269,2012-05-03,Jueves,0.0,,,0.0,2,"Moto/Ciclomotor,Automóvil",montevideo y s. bayo,3,2,0,0,1,0,0,,Calle,,ROSARIO,Rosario,Asfalto,S/D,II,Dentro,Urbana,S/D,S/D,Intersección,S/D,S/D,S/D,Buen Tiempo,S/D,S/D,Colisión,S/D,S/D,S/D,Sin restricción,POINT (-60.6870051 -32.9478573),"['Montevideo', 'Servando Bayo']",2,Montevideo; Servando Bayo,-32.9478573,-60.6870051,55.0,538.0,Municipio Rosario,Municipio,Rosario,820210,Servicio de Catastro e Información Territorial,IGN
2012,7270,2012-05-09,Miercoles,0.0,08:00:00,,0.0,2,"Automóvil,Moto/Ciclomotor",SAN NICOLAS Y CALLE PASCO,3,2,0,0,1,0,0,,Calle,,ROSARIO,Rosario,Asfalto,No existe,II,Dentro,Urbana,S/D,No existe,Intersección,Bueno,Buena,"Diurna,Con luz artificial",S/D,Frontal,S/D,Colisión,S/D,Horizontal,Cordón divisorio,Sin restricción,POINT (-60.6756436 -32.9534896),"['San Nicolás', 'Pasco']",2,San Nicolás; Pasco,-32.9534896,-60.6756436,55.0,538.0,Municipio Rosario,Municipio,Rosario,820210,Servicio de Catastro e Información Territorial,IGN
2012,7271,2012-05-09,Miercoles,0.0,12:00:00,,0.0,2,"Automóvil,Automóvil",PJE.SUAREZ Y CALLE CAFFERATA 1700,2,2,0,0,0,0,0,,Calle,,ROSARIO,Rosario,Asfalto,No existe,II,Dentro,Urbana,S/D,No existe,Intersección,Bueno,Buena,"Diurna,Con luz artificial",S/D,Lateral,S/D,Colisión,S/D,"Horizontal,Vertical",Cordón divisorio,Sin restricción,POINT (-60.6738406 -32.952068999999995),"['Suarez', 'Cafferata']",2,Manuel Suárez; Cafferata,-32.952068999999995,-60.6738406,55.0,538.0,Municipio Rosario,Municipio,Rosario,820210,Servicio de Catastro e Información Territorial,IGN
2012,7272,2012-05-03,Jueves,0.0,12:55:00,,0.0,2,"Moto/Ciclomotor,Automóvil",avellaneda y 3 de febrero,2,1,0,0,1,0,0,,Calle,,ROSARIO,Rosario,Asfalto,S/D,II,Dentro,Urbana,S/D,S/D,Intersección,S/D,Buena,S/D,Buen Tiempo,S/D,S/D,Colisión,S/D,S/D,S/D,Sin restricción,POINT (-60.6807366 -32.945458),"['Avellaneda', '3 de Febrero']",2,Bulevar Nicolás Avellaneda; 3 de Febrero,-32.945458,-60.6807366,55.0,538.0,Municipio Rosario,Municipio,Rosario,820210,Servicio de Catastro e Información Territorial,IGN
2012,7273,2012-05-09,Miercoles,0.0,13:30:00,,0.0,1,,AV. FRANCIA Y CALLE OCAMPO,2,1,0,0,1,0,0,,Avenida,,ROSARIO,Rosario,Asfalto,No existe,II,S/D,Urbana,Otra Señal,No existe,Intersección,Bueno,Buena,"Diurna,Con luz artificial",S/D,S/D,S/D,Colisión,S/D,"Horizontal,Vertical",Cordón divisorio,Sin restricción,POINT (-60.67057320000001 -32.9615678),"['Avenida Francia', 'Ocampo']",2,Avenida Francia; Ocampo,-32.9615678,-60.67057320000001,55.0,538.0,Municipio Rosario,Municipio,Rosario,820210,Servicio de Catastro e Información Territorial,IGN
2012,7274,2012-05-09,Miercoles,0.0,13:30:00,,0.0,2,"Automóvil,Bicicleta",AV. FRANCIA Y CALLE OCAMPO,2,1,0,0,1,0,0,,Avenida,,ROSARIO,Rosario,Asfalto,No existe,II,S/D,Urbana,Otra Señal,No existe,Intersección,Bueno,Buena,"Diurna,Con luz artificial",S/D,S/D,S/D,Colisión,S/D,"Horizontal,Vertical",Cordón divisorio,Sin restricción,POINT (-60.67057320000001 -32.9615678),"['Avenida Francia', 'Ocampo']",2,Avenida Francia; Ocampo,-32.9615678,-60.67057320000001,55.0,538.0,Municipio Rosario,Municipio,Rosario,820210,Servicio de Catastro e Información Territorial,IGN
2012,7275,2012-05-03,Jueves,0.0,,,0.0,2,"Moto/Ciclomotor,Automóvil",avellaneda y 9 de julio ,2,1,0,0,1,0,0,,Calle,,ROSARIO,Rosario,Asfalto,S/D,II,Dentro,Urbana,S/D,S/D,Intersección,Bueno,S/D,S/D,Buen Tiempo,S/D,S/D,Colisión,S/D,S/D,S/D,Sin restricción,POINT (-60.680971 -32.946485599999995),"['Avellaneda', '9 de Julio']",2,Bulevar Nicolás Avellaneda; 9 de Julio,-32.946485599999995,-60.680971,55.0,538.0,Municipio Rosario,Municipio,Rosario,820210,Servicio de Catastro e Información Territorial,IGN
2012,7276,2012-05-08,Martes,0.0,17:45:00,,0.0,2,"Peatón,Moto/Ciclomotor",sucre y zeballos,2,1,0,0,0,0,1,,Calle,,ROSARIO,Rosario,Asfalto,S/D,II,Dentro,Urbana,S/D,S/D,Intersección,Bueno,Buena,Diurna,Buen Tiempo,S/D,S/D,Atropello,S/D,S/D,S/D,S/D,POINT (-60.69217410000001 -32.9457137),"['Sucre', 'Zeballos']",2,Sucre; Zeballos,-32.9457137,-60.69217410000001,55.0,538.0,Municipio Rosario,Municipio,Rosario,820210,Servicio de Catastro e Información Territorial,IGN
2012,7277,2012-05-07,Lunes,0.0,,,0.0,2,"Moto/Ciclomotor,Tracción animal / Carro",bv. ovidio lagos y rioja,2,1,0,0,0,0,1,,Avenida,,ROSARIO,Rosario,Asfalto,S/D,II,Dentro,Urbana,S/D,S/D,Intersección,Bueno,S/D,S/D,Buen Tiempo,S/D,S/D,Colisión,S/D,S/D,S/D,Sin restricción,POINT (-60.661744600000006 -32.943415499999986),"['Avenida Ovidio Lagos', 'Rioja']",2,Avenida Ovidio Lagos; Rioja,-32.943415499999986,-60.661744600000006,55.0,538.0,Municipio Rosario,Municipio,Rosario,820210,Servicio de Catastro e Información Territorial,IGN
2012,7278,2012-05-09,Miercoles,0.0,,,0.0,2,"Automóvil,Moto/Ciclomotor",av. pellegrini al 3200,2,1,0,0,1,0,0,,Avenida,,ROSARIO,Rosario,Asfalto,S/D,II,Dentro,Urbana,S/D,S/D,Intersección,Bueno,S/D,Diurna,Buen Tiempo,S/D,S/D,Colisión,S/D,S/D,S/D,Sin restricción,"-32.9520637, -60.6694935",['Pellegrini 3200'],1,Pellegrini 3200,-32.9520637,-60.6694935,55.0,538.0,Municipio Rosario,Municipio,Rosario,820210,Servicio de Catastro e Información Territorial,IGN
2012,7279,2012-05-05,Sabado,0.0,,,0.0,2,"Moto/Ciclomotor,Automóvil",san juan al 4600,2,1,0,0,0,0,1,,Calle,,ROSARIO,Rosario,Asfalto,S/D,II,Dentro,Urbana,S/D,S/D,Intersección,Bueno,S/D,S/D,Buen Tiempo,S/D,S/D,Colisión,S/D,S/D,S/D,Sin restricción,"-32.9416314, -60.6866401",['San Juan 4600'],1,San Juan 4600,-32.9416314,-60.6866401,55.0,538.0,Municipio Rosario,Municipio,Rosario,820210,Servicio de Catastro e Información Territorial,IGN
2012,7280,2012-05-03,Jueves,0.0,07:50:00,,0.0,2,"Peatón,Automóvil",CRESPO Y PJE. INDEPENDENCIA,2,1,0,0,1,0,0,,Calle,,ROSARIO,Rosario,Asfalto,No existe,II,S/D,Urbana,S/D,No existe,Intersección,Bueno,Buena,"Diurna,Con luz artificial",Buen Tiempo,S/D,S/D,Atropello,S/D,"Horizontal,Vertical",Cordón divisorio,Sin restricción,POINT (-60.673709099999996 -32.9629028),"['Crespo', 'Independencia']",2,Crespo; Independencia,-32.9629028,-60.6737091,55.0,538.0,Municipio Rosario,Municipio,Rosario,820210,Servicio de Catastro e Información Territorial,IGN
2012,7281,2012-05-14,Lunes,0.0,12:40:00,,0.0,1,Moto/Ciclomotor,AV. PERON E IRIONDO,1,1,0,0,0,0,0,,Avenida,,ROSARIO,Rosario,Asfalto,No existe,II,S/D,S/D,Otra Señal,No existe,Intersección,Bueno,Buena,"Diurna,Con luz artificial",S/D,Atropello animal,S/D,Colisión,S/D,"Horizontal,Vertical",Cordón divisorio,Sin restricción,POINT (-60.6735471 -32.956423000000015),"['Avenida Presidente Perón', 'Iriondo']",2,Avenida Presidente Perón; Iriondo,-32.956423000000015,-60.6735471,55.0,538.0,Municipio Rosario,Municipio,Rosario,820210,Servicio de Catastro e Información Territorial,IGN
2012,7282,2012-05-14,Lunes,0.0,16:50:00,,0.0,2,"Automóvil,Taxi/Remis",BV. AVELLANEDA Y CALLE RUEDA,2,1,0,0,1,0,0,,Calle,,ROSARIO,Rosario,S/D,S/D,II,Dentro,Urbana,S/D,S/D,Intersección,S/D,S/D,S/D,S/D,Lateral,S/D,Colisión,S/D,S/D,S/D,S/D,POINT (-60.6853512 -32.963739950000004),"['Avellaneda', 'Rueda']",2,Bulevar Nicolás Avellaneda; Rueda,-32.963739950000004,-60.6853512,55.0,538.0,Municipio Rosario,Municipio,Rosario,820210,Servicio de Catastro e Información Territorial,IGN
2012,7283,2012-05-14,Lunes,0.0,18:00:00,,0.0,2,"Pickup/Utilitario,Moto/Ciclomotor",COCHABAMBA Y CONSTITUCION,2,1,0,0,1,0,0,,Calle,,ROSARIO,Rosario,Asfalto,No existe,II,Dentro,Urbana,Otra Señal,S/D,Intersección,S/D,Buena,"Diurna,Con luz artificial",S/D,Lateral,S/D,Colisión,S/D,"Horizontal,Vertical",Cordón divisorio,Sin restricción,POINT (-60.6767151 -32.952083),"['Cochabamba', 'Constitución']",2,Cochabamba; Constitución,-32.952083,-60.6767151,55.0,538.0,Municipio Rosario,Municipio,Rosario,820210,Servicio de Catastro e Información Territorial,IGN
2012,7284,2012-05-19,Sabado,0.0,,,0.0,2,"Moto/Ciclomotor,Automóvil",bv. ovidio lagos y san luis,2,1,0,0,1,0,0,,Avenida,,ROSARIO,Rosario,Asfalto,S/D,II,Dentro,Urbana,S/D,S/D,Intersección,Bueno,S/D,S/D,Buen Tiempo,S/D,S/D,Colisión,S/D,S/D,S/D,Sin restricción,POINT (-60.6621155 -32.9448915),"['Avenida Ovidio Lagos', 'San Luis']",2,Avenida Ovidio Lagos; San Luis,-32.9448915,-60.6621155,55.0,538.0,Municipio Rosario,Municipio,Rosario,820210,Servicio de Catastro e Información Territorial,IGN
2012,7285,2012-05-15,Martes,0.0,16:50:00,,0.0,2,"Bicicleta,Automóvil",AV. FRANCIA Y CALLE OCAMPO,2,1,0,0,1,0,0,,S/D,,ROSARIO,Rosario,Asfalto,No existe,II,S/D,S/D,S/D,S/D,Intersección,Bueno,Buena,"Diurna,Con luz artificial",S/D,S/D,S/D,Atropello,S/D,"Horizontal,Vertical",S/D,S/D,POINT (-60.67057320000001 -32.9615678),"['Avenida Francia', 'Ocampo']",2,Avenida Francia; Ocampo,-32.9615678,-60.67057320000001,55.0,538.0,Municipio Rosario,Municipio,Rosario,820210,Servicio de Catastro e Información Territorial,IGN
2012,7286,2012-05-16,Miercoles,0.0,10:00:00,,0.0,2,"Taxi/Remis,Automóvil",AV. PTE. PERON Y BV. AVELLANEDA,2,1,0,0,1,0,0,,Avenida,,ROSARIO,Rosario,Asfalto,No existe,II,Dentro,Urbana,Semáforo,Funciona,Recta,Bueno,Buena,"Diurna,Con luz artificial",S/D,De alcance,S/D,Colisión,S/D,"Horizontal,Vertical",Cordón divisorio,Sin restricción,POINT (-60.683816275 -32.957610325),"['Avenida Presidente Perón', 'Avellaneda']",2,Avenida Presidente Perón; Bulevar Nicolás Avellaneda,-32.957610325,-60.683816275,55.0,538.0,Municipio Rosario,Municipio,Rosario,820210,Servicio de Catastro e Información Territorial,IGN