anio_acci,nro_acci,fecha,desc_dia,fecha_aprox,hora_aprox,desc_ruta,km,cant_participantes,desc_participante,calle_avenida_km,total,heridos_leves,heridos_graves,heridos_gravisimos,ilesos,fallecidos,sin_datos,posicion_XY,desc_tipo_via,desc_ruta_ori,desc_loc,desc_dpto,desc_tipo_calzada,desc_tipo_banquina,desc_unidad_regional,desc_lugar_calzada,desc_zona,desc_prioridad,desc_estado_semaforo,desc_lugar_via,desc_estado_via,desc_estado_visibilidad,desc_luminosidad,desc_estado_clima,desc_tipo_colision,desc_tipo_atropello,desc_tipo_hecho,desc_pres_calzada,desc_senializacion,desc_separacion_via,desc_restriccion,forma_geocod,calle_lista,numero_calles,calles_osm,lat,lon,index_right,gid,fna,gna,nam,in1,fdc,sag
2012,7287,2012-05-19,Sabado,0.0,,,0.0,2,"Moto/Ciclomotor,Pickup/Utilitario",av. pellegrini y lima ,3,1,0,0,1,0,1,,Avenida,,ROSARIO,Rosario,Asfalto,S/D,II,Dentro,Urbana,S/D,S/D,Intersección,Bueno,Buena,S/D,Buen Tiempo,S/D,S/D,Colisión,S/D,S/D,S/D,Sin restricción,POINT (-60.68596305 -32.94921605),"['Pellegrini', 'Lima']",2,Avenida Carlos Pellegrini; Lima,-32.94921605,-60.68596305,55.0,538.0,Municipio Rosario,Municipio,Rosario,820210,Servicio de Catastro e Información Territorial,IGN
2012,7288,2012-05-17,Jueves,0.0,21:30:00,,0.0,2,"Moto/Ciclomotor,Automóvil",AV. FRANCIA Y VIAMONTE,3,2,0,0,1,0,0,,Avenida,,ROSARIO,Rosario,Asfalto,No existe,II,Dentro,Urbana,Semáforo,Funciona,Intersección,Bueno,Buena,"Diurna,Con luz artificial",S/D,Lateral,S/D,Colisión,S/D,"Horizontal,Vertical",Cordón divisorio,Sin restricción,POINT (-60.670278800000006 -32.96040305),"['Avenida Francia', 'Viamonte']",2,Avenida Francia; Viamonte,-32.96040305,-60.670278800000006,55.0,538.0,Municipio Rosario,Municipio,Rosario,820210,Servicio de Catastro e Información Territorial,IGN
2012,7289,2012-05-18,Viernes,0.0,08:30:00,,0.0,2,"Moto/Ciclomotor,Automóvil",AV. FRANCIA Y VIAMONTE,2,1,0,0,1,0,0,,Avenida,,ROSARIO,Rosario,Asfalto,No existe,II,Dentro,Urbana,Otra Señal,No existe,Recta,Bueno,Buena,"Diurna,Con luz artificial",S/D,"De alcance,Lateral",S/D,Colisión,S/D,"Horizontal,Vertical",Cordón divisorio,Sin restricción,POINT (-60.670278800000006 -32.96040305),"['Avenida Francia', 'Viamonte']",2,Avenida Francia; Viamonte,-32.96040305,-60.670278800000006,55.0,538.0,Municipio Rosario,Municipio,Rosario,820210,Servicio de Catastro e Información Territorial,IGN
2012,7290,2012-05-18,Viernes,0.0,18:30:00,,0.0,2,"Moto/Ciclomotor,Automóvil",AV. FRANCIA Y CERRITO,2,1,0,0,1,0,0,,Avenida,,ROSARIO,Rosario,Asfalto,No existe,II,Dentro,Urbana,Otra Señal,No existe,Recta,Bueno,Buena,"Diurna,Con luz artificial",S/D,Lateral,S/D,Colisión,S/D,S/D,Cordón divisorio,Sin restricción,POINT (-60.669415650000005 -32.9569882),"['Avenida Francia', 'Cerrito']",2,Avenida Francia; Cerrito,-32.9569882,-60.669415650000005,55.0,538.0,Municipio Rosario,Municipio,Rosario,820210,Servicio de Catastro e Información Territorial,IGN
2012,7291,2012-05-19,Sabado,0.0,,,0.0,2,"Automóvil,Automóvil",rioja y av. francia,3,0,0,0,1,0,2,,Avenida,,ROSARIO,Rosario,Asfalto,S/D,II,Dentro,Urbana,S/D,S/D,Intersección,Bueno,S/D,S/D,Buen Tiempo,S/D,S/D,Colisión,S/D,S/D,S/D,Sin restricción,POINT (-60.6657994 -32.942712),"['Rioja', 'Avenida Francia']",2,Rioja; Avenida Francia,-32.942712,-60.6657994,55.0,538.0,Municipio Rosario,Municipio,Rosario,820210,Servicio de Catastro e Información Territorial,IGN
2012,7292,2012-05-19,Sabado,0.0,19:50:00,,0.0,2,"Automóvil,Automóvil",AV. PTE. PERON Y ALSINA,3,2,0,0,1,0,0,,Avenida,,ROSARIO,Rosario,Asfalto,No existe,II,S/D,Urbana,Semáforo,Funciona,Intersección,Bueno,Buena,Diurna,S/D,Lateral,S/D,Colisión,S/D,"Horizontal,Vertical",Cordón divisorio,Sin restricción,POINT (-60.6808657 -32.95726585),"['Avenida Presidente Perón', 'Alsina']",2,Avenida Presidente Perón; Alsina,-32.95726585,-60.6808657,55.0,538.0,Municipio Rosario,Municipio,Rosario,820210,Servicio de Catastro e Información Territorial,IGN
2012,7293,2012-05-20,Domingo,0.0,,,0.0,2,"Automóvil,Peatón",richieri y 3 de febrero,2,1,0,0,0,0,1,,Calle,,ROSARIO,Rosario,Asfalto,S/D,II,Dentro,Urbana,S/D,S/D,Intersección,S/D,Buena,S/D,Buen Tiempo,S/D,S/D,Colisión,S/D,S/D,S/D,Sin restricción,POINT (-60.6644345 -32.9483761),"['Ricchieri', '3 de Febrero']",2,Ricchieri; 3 de Febrero,-32.9483761,-60.6644345,55.0,538.0,Municipio Rosario,Municipio,Rosario,820210,Servicio de Catastro e Información Territorial,IGN
2012,7295,2012-05-18,Viernes,0.0,13:15:00,,0.0,2,"Moto/Ciclomotor,Automóvil",24 DE SEPTIEMBRE Y ALCORTA,2,1,0,0,1,0,0,,Calle,,ROSARIO,Rosario,Asfalto,No existe,II,Dentro,Urbana,S/D,S/D,Intersección,S/D,S/D,Diurna,S/D,Lateral,S/D,Colisión,S/D,S/D,Ninguna,Sin restricción,POINT (-60.667947299999994 -32.9764429),"['24 de Septiembre', 'Alcorta']",2,24 de Septiembre; Alcorta,-32.9764429,-60.6679473,55.0,538.0,Municipio Rosario,Municipio,Rosario,820210,Servicio de Catastro e Información Territorial,IGN
2012,7296,2012-05-20,Domingo,0.0,16:00:00,,0.0,2,"Automóvil,Automóvil",AV. 27 DE FEBRERO Y BV. AVELLANEDA,3,1,0,0,2,0,0,,Avenida,,ROSARIO,Rosario,Asfalto,No existe,II,Dentro,Urbana,Ninguna,Funciona,Recta,Con baches,Buena,"Diurna,Con luz artificial",S/D,Lateral,S/D,Colisión,S/D,"Horizontal,Vertical",Cordón divisorio,Sin restricción,POINT (-60.68448515 -32.96026405),"['27 de Febrero', 'Avellaneda']",2,Bulevar 27 de Febrero; Bulevar Nicolás Avellaneda,-32.96026405,-60.68448515,55.0,538.0,Municipio Rosario,Municipio,Rosario,820210,Servicio de Catastro e Información Territorial,IGN
2012,7297,2012-05-19,Sabado,0.0,11:30:00,,0.0,2,"Automóvil,Automóvil",BV. SEGUI Y PARAGUAY,2,1,0,0,1,0,0,,Avenida,,ROSARIO,Rosario,Asfalto,No existe,II,Dentro,Urbana,S/D,S/D,Intersección,S/D,S/D,Diurna,S/D,Lateral,S/D,Colisión,S/D,S/D,Ninguna,Sin restricción,POINT (-60.6519554 -32.9780774),"['Bulevar Juan Francisco Seguí', 'Paraguay']",2,Bulevar Juan Francisco Seguí; Paraguay,-32.9780774,-60.6519554,55.0,538.0,Municipio Rosario,Municipio,Rosario,820210,Servicio de Catastro e Información Territorial,IGN
2012,7298,2012-05-25,Viernes,0.0,11:25:00,,0.0,2,"Moto/Ciclomotor,Automóvil",Cullen Y Cochabamba,2,1,0,0,1,0,0,,Calle,,ROSARIO,Rosario,Asfalto,No existe,II,Dentro,Urbana,S/D,No existe,Recta,Bueno,Buena,Diurna,Buen Tiempo,S/D,S/D,Colisión,S/D,Horizontal,S/D,Sin restricción,POINT (-60.708707100000005 -32.9497056),"['Cullen', 'Cochabamba']",2,Cullen; Cochabamba,-32.9497056,-60.708707100000005,55.0,538.0,Municipio Rosario,Municipio,Rosario,820210,Servicio de Catastro e Información Territorial,IGN
2012,7299,2012-05-18,Viernes,0.0,01:30:00,,0.0,2,"Taxi/Remis,Otros",SAN MARTIN Y DEAN FUNES,3,1,0,0,1,0,1,,Avenida,,ROSARIO,Rosario,Asfalto,No existe,II,Dentro,Urbana,S/D,S/D,Intersección,S/D,S/D,S/D,S/D,Lateral,S/D,Colisión,S/D,S/D,Ninguna,Sin restricción,POINT (-60.6440372 -32.97592170000001),"['San Martin', 'Deán Gregorio Funes']",2,José de San Martín; Deán Gregorio Funes,-32.97592170000001,-60.6440372,55.0,538.0,Municipio Rosario,Municipio,Rosario,820210,Servicio de Catastro e Información Territorial,IGN
2012,7300,2012-05-21,Lunes,0.0,19:00:00,,0.0,2,"Automóvil,Automóvil",AV. PTE. PERON Y ALSINA,5,3,0,0,2,0,0,,Avenida,,ROSARIO,Rosario,Asfalto,No existe,II,Dentro,Urbana,Semáforo,Funciona,Intersección,Bueno,Buena,"Diurna,Con luz artificial",Lluvia,De alcance,S/D,Colisión,Agua,"Horizontal,Vertical",Cordón divisorio,Sin restricción,POINT (-60.6808657 -32.95726585),"['Avenida Presidente Perón', 'Alsina']",2,Avenida Presidente Perón; Alsina,-32.95726585,-60.6808657,55.0,538.0,Municipio Rosario,Municipio,Rosario,820210,Servicio de Catastro e Información Territorial,IGN
2012,7301,2012-05-18,Viernes,0.0,07:15:00,,0.0,2,"Moto/Ciclomotor,Automóvil",MITRE Y GARIBALDI,2,1,0,0,1,0,0,,Calle,,ROSARIO,Rosario,Asfalto,No existe,II,Dentro,Urbana,S/D,S/D,Intersección,S/D,S/D,Diurna,S/D,Lateral,S/D,Colisión,S/D,S/D,Ninguna,Sin restricción,POINT (-60.6495149 -32.985726799999995),"['Mitre', 'José Garibaldi']",2,Bartolomé Mitre; José Garibaldi,-32.985726799999995,-60.6495149,55.0,538.0,Municipio Rosario,Municipio,Rosario,820210,Servicio de Catastro e Información Territorial,IGN
2012,7302,2012-05-21,Lunes,0.0,08:15:00,,0.0,2,"Automóvil,Bicicleta",RIOBAMBA Y LAVALLE,2,1,0,0,1,0,0,,Calle,,ROSARIO,Rosario,Asfalto,No existe,II,Dentro,Urbana,Ninguna,No existe,Intersección,Bueno,Buena,"Diurna,Con luz artificial",S/D,S/D,S/D,Atropello,S/D,Horizontal,Cordón divisorio,Sin restricción,POINT (-60.681963700000004 -32.9559376),"['Riobamba', 'Lavalle']",2,Riobamba; Lavalle,-32.9559376,-60.6819637,55.0,538.0,Municipio Rosario,Municipio,Rosario,820210,Servicio de Catastro e Información Territorial,IGN
2012,7303,2012-05-22,Martes,0.0,20:40:00,,0.0,2,"Automóvil,Moto/Ciclomotor",IRIONDO Y VIAMONTE,3,1,0,0,2,0,0,,Calle,,ROSARIO,Rosario,Asfalto,No existe,II,Dentro,Urbana,Ninguna,No existe,Intersección,Bueno,Buena,"Nocturna,Con luz artificial",Lluvia,De alcance,S/D,Colisión,Agua,S/D,Cordón divisorio,Sin restricción,POINT (-60.67436750000001 -32.9596798),"['Iriondo', 'Viamonte']",2,Iriondo; Viamonte,-32.9596798,-60.67436750000001,55.0,538.0,Municipio Rosario,Municipio,Rosario,820210,Servicio de Catastro e Información Territorial,IGN
2012,7304,2012-05-25,Viernes,0.0,20:00:00,,0.0,2,"Taxi/Remis,Moto/Ciclomotor",BV. AVELLANEDA Y VIRASORO,3,2,0,0,1,0,0,,Calle,,ROSARIO,Rosario,Asfalto,No existe,II,Dentro,Urbana,Ninguna,No existe,Intersección,Bueno,Buena,"Diurna,Con luz artificial",S/D,De alcance,S/D,Colisión,S/D,"Horizontal,Vertical",Cordón divisorio,Sin restricción,POINT (-60.68506785 -32.962598),"['Avellaneda', 'Virasoro']",2,Bulevar Nicolás Avellaneda; Benjamín Virasoro,-32.962598,-60.68506785,55.0,538.0,Municipio Rosario,Municipio,Rosario,820210,Servicio de Catastro e Información Territorial,IGN
2012,7306,2012-05-18,Viernes,0.0,20:40:00,,0.0,2,"Moto/Ciclomotor,Automóvil",URIBURU Y OROÑO,2,1,0,0,1,0,0,,Avenida,,ROSARIO,Rosario,Asfalto,No existe,II,Dentro,Urbana,S/D,S/D,Intersección,S/D,S/D,Nocturna,S/D,Lateral,S/D,Colisión,S/D,S/D,Ninguna,Sin restricción,POINT (-60.665160500000006 -32.99123049999999),"['Uriburu', 'Bulevar Nicasio Oroño']",2,Avenida José Uriburu; Bulevar Nicasio Oroño,-32.99123049999999,-60.665160500000006,55.0,538.0,Municipio Rosario,Municipio,Rosario,820210,Servicio de Catastro e Información Territorial,IGN
2012,7307,2012-05-27,Domingo,0.0,21:00:00,,0.0,2,"Moto/Ciclomotor,Automóvil",Solis Y La Paz,3,1,0,0,2,0,0,,Calle,,ROSARIO,Rosario,Asfalto,No existe,II,Dentro,Urbana,Semáforo,Funciona,Recta,Bueno,Buena,"Nocturna,Con luz artificial",Buen Tiempo,Lateral,S/D,Colisión,S/D,Vertical,"Ninguna,S/D",Sin restricción,POINT (-60.70273360000001 -32.95548349999999),"['Solis', 'La Paz']",2,Juan Díaz de Solís; La Paz,-32.95548349999999,-60.70273360000001,55.0,538.0,Municipio Rosario,Municipio,Rosario,820210,Servicio de Catastro e Información Territorial,IGN
2012,7309,2012-05-30,Miercoles,0.0,,,0.0,2,"Moto/Ciclomotor,Taxi/Remis",3 DE FEBRERO Y CASTELLANOS,3,1,0,0,2,0,0,,Calle,,ROSARIO,Rosario,Asfalto,S/D,II,Dentro,Urbana,S/D,S/D,Intersección,S/D,S/D,S/D,S/D,S/D,S/D,Colisión,S/D,S/D,Cordón divisorio,S/D,POINT (-60.6767004 -32.9461743),"['3 de Febrero', 'Aaron Castellanos']",2,3 de Febrero; Aaron Castellanos,-32.9461743,-60.6767004,55.0,538.0,Municipio Rosario,Municipio,Rosario,820210,Servicio de Catastro e Información Territorial,IGN
2012,7310,2012-05-19,Sabado,0.0,16:15:00,,0.0,2,"Moto/Ciclomotor,Automóvil",JORGE CURA Y RODRIGUEZ,2,1,0,0,1,0,0,,Calle,,ROSARIO,Rosario,Asfalto,No existe,II,Dentro,Urbana,S/D,S/D,Intersección,S/D,S/D,Atardecer,S/D,Lateral,S/D,Colisión,S/D,S/D,Ninguna,Sin restricción,POINT (-60.6656507 -32.970242),"['Avenida Jorge Cura', 'Rodríguez']",2,Avenida Jorge Cura; Rodríguez de Escobedo,-32.970242,-60.6656507,55.0,538.0,Municipio Rosario,Municipio,Rosario,820210,Servicio de Catastro e Información Territorial,IGN
2012,7311,2012-05-20,Domingo,0.0,,,0.0,2,"Moto/Ciclomotor,Taxi/Remis",MITRE Y PJE. MOZART,2,1,0,0,1,0,0,,Calle,,ROSARIO,Rosario,Asfalto,No existe,II,Dentro,Urbana,S/D,S/D,Intersección,S/D,S/D,S/D,S/D,Lateral,S/D,Colisión,S/D,S/D,Ninguna,Sin restricción,POINT (-60.648193 -32.98058149999999),"['Mitre', 'Mozart']",2,Bartolomé Mitre; Pasaje Mozart,-32.98058149999999,-60.648193,55.0,538.0,Municipio Rosario,Municipio,Rosario,820210,Servicio de Catastro e Información Territorial,IGN
2012,7312,2012-05-03,Jueves,0.0,18:30:00,,0.0,3,"Automóvil,Moto/Ciclomotor,Bicicleta",AV. FRANCIA Y RUEDA,3,2,0,0,1,0,0,,Avenida,,ROSARIO,Rosario,Asfalto,No existe,II,Dentro,Urbana,Marca Vial,No existe,Intersección,Bueno,Buena,Con luz artificial,Otro,Múltiple,S/D,"Colisión,Atropello",S/D,Horizontal,Cordón divisorio,Sin restricción,POINT (-60.67173135 -32.966149650000006),"['Avenida Francia', 'Rueda']",2,Avenida Francia; Rueda,-32.966149650000006,-60.67173135,55.0,538.0,Municipio Rosario,Municipio,Rosario,820210,Servicio de Catastro e Información Territorial,IGN
2012,7313,2012-05-20,Domingo,0.0,21:30:00,,0.0,2,"Bicicleta,Pickup/Utilitario",OV. LAGOS Y PJE. ARNOLD,2,1,0,0,1,0,0,,Calle,,ROSARIO,Rosario,Asfalto,No existe,II,Dentro,Urbana,S/D,S/D,Intersección,S/D,S/D,S/D,S/D,Lateral,S/D,Atropello,S/D,S/D,Ninguna,Sin restricción,POINT (-60.67327350000001 -32.99105795),"['Avenida Ovidio Lagos', 'Arnold']",2,Avenida Ovidio Lagos; Arnold,-32.99105795,-60.67327350000001,55.0,538.0,Municipio Rosario,Municipio,Rosario,820210,Servicio de Catastro e Información Territorial,IGN
2012,7314,2012-05-05,Sabado,0.0,11:30:00,,0.0,2,"Pickup/Utilitario,Peatón",LAPRIDA 1200,2,1,0,0,1,0,0,,Calle,,ROSARIO,Rosario,Asfalto,S/D,II,Dentro,Urbana,Paso Peatonal,S/D,Recta,Bueno,Buena,Diurna,S/D,Atropello animal,S/D,Atropello,S/D,S/D,Cordón divisorio,S/D,"-32.9521281, -60.6353365",['Laprida 1200'],1,Laprida 1200,-32.9521281,-60.6353365,55.0,538.0,Municipio Rosario,Municipio,Rosario,820210,Servicio de Catastro e Información Territorial,IGN
2012,7316,2012-05-13,Domingo,0.0,15:15:00,,0.0,2,"Automóvil,Peatón",AV. PELLEGRINI Y ALEM,2,1,0,0,1,0,0,,Calle,,ROSARIO,Rosario,Asfalto,S/D,II,Dentro,Urbana,Semáforo,Funciona,Intersección,Bueno,S/D,Diurna,S/D,S/D,S/D,Atropello,S/D,S/D,Cordón divisorio,S/D,POINT (-60.63099875 -32.95908519999999),"['Pellegrini', 'Alem']",2,Avenida Carlos Pellegrini; Leandro N. Alem,-32.95908519999999,-60.63099875,55.0,538.0,Municipio Rosario,Municipio,Rosario,820210,Servicio de Catastro e Información Territorial,IGN
2012,7317,2012-05-21,Lunes,0.0,,,0.0,2,"Automóvil,Automóvil",DORREGO Y BLANQUE,3,1,0,0,2,0,0,,Calle,,ROSARIO,Rosario,Asfalto,No existe,II,Dentro,Urbana,S/D,S/D,Intersección,S/D,S/D,S/D,S/D,Lateral,S/D,Colisión,S/D,S/D,Ninguna,Sin restricción,POINT (-60.6566894 -32.9740819),"['Dorrego', 'Blanqué']",2,Manuel Dorrego; Blanqué,-32.9740819,-60.6566894,55.0,538.0,Municipio Rosario,Municipio,Rosario,820210,Servicio de Catastro e Información Territorial,IGN
2012,7319,2012-05-04,Viernes,0.0,12:00:00,,0.0,1,Bicicleta,BALCARCE Y SAN LUIS,2,1,0,0,1,0,0,,Calle,,ROSARIO,Rosario,Asfalto,S/D,II,Dentro,Urbana,S/D,S/D,Intersección,Bueno,Buena,Diurna,Buen Tiempo,S/D,S/D,Atropello,S/D,S/D,S/D,Sin restricción,POINT (-60.652571800000004 -32.9465716),"['Balcarce', 'San Luis']",2,Balcarce; San Luis,-32.9465716,-60.6525718,55.0,538.0,Municipio Rosario,Municipio,Rosario,820210,Servicio de Catastro e Información Territorial,IGN
2012,7320,2012-05-04,Viernes,0.0,18:00:00,,0.0,2,"Bicicleta,Automóvil",BV. OROÑO Y PELLEGRINI,2,1,0,0,1,0,0,,Avenida,,ROSARIO,Rosario,Asfalto,S/D,II,S/D,Urbana,S/D,S/D,Intersección,S/D,Buena,Diurna,Buen Tiempo,S/D,S/D,Atropello,S/D,Horizontal,S/D,Sin restricción,POINT (-60.656023850000004 -32.95457175),"['Bulevar Nicasio Oroño', 'Pellegrini']",2,Bulevar Nicasio Oroño; Avenida Carlos Pellegrini,-32.95457175,-60.65602385,55.0,538.0,Municipio Rosario,Municipio,Rosario,820210,Servicio de Catastro e Información Territorial,IGN
2012,7321,2012-05-04,Viernes,0.0,19:00:00,,0.0,2,"Automóvil,Taxi/Remis",SANTA FE E ITALIA,3,1,0,0,2,0,0,,Calle,,ROSARIO,Rosario,Asfalto,S/D,II,S/D,Urbana,S/D,S/D,Intersección,Bueno,Buena,Atardecer,Buen Tiempo,S/D,S/D,S/D,S/D,Horizontal,S/D,Sin restricción,POINT (-60.6475241 -32.94334839999999),"['Santa Fe', 'Italia']",2,Santa Fe; Italia,-32.94334839999999,-60.6475241,55.0,538.0,Municipio Rosario,Municipio,Rosario,820210,Servicio de Catastro e Información Territorial,IGN
2012,7322,2012-05-04,Viernes,0.0,13:30:00,,0.0,2,"Bicicleta,Automóvil",BALCARCE Y ZEBALLOS ,2,1,0,0,1,0,0,,S/D,,ROSARIO,Rosario,Asfalto,S/D,II,S/D,S/D,S/D,S/D,Intersección,Bueno,Buena,Diurna,Buen Tiempo,S/D,S/D,Colisión,S/D,S/D,S/D,Sin restricción,POINT (-60.6541017 -32.9525317),"['Balcarce', 'Zeballos']",2,Balcarce; Zeballos,-32.9525317,-60.6541017,55.0,538.0,Municipio Rosario,Municipio,Rosario,820210,Servicio de Catastro e Información Territorial,IGN
2012,7323,2012-05-04,Viernes,0.0,05:30:00,,0.0,2,"Peatón,Automóvil",RIOJA Y MITRE,2,1,0,0,1,0,0,,S/D,,ROSARIO,Rosario,Asfalto,S/D,I,S/D,S/D,S/D,S/D,Intersección,Bueno,Buena,Amanecer,Buen Tiempo,S/D,S/D,Atropello,S/D,Horizontal,S/D,Sin restricción,POINT (-60.63989050000001 -32.947396000000005),"['Rioja', 'Mitre']",2,Rioja; Bartolomé Mitre,-32.947396000000005,-60.63989050000001,55.0,538.0,Municipio Rosario,Municipio,Rosario,820210,Servicio de Catastro e Información Territorial,IGN
2012,7324,2012-05-05,Sabado,0.0,08:10:00,,0.0,1,Automóvil,ESPAÑA 849,1,1,0,0,0,0,0,,Calle,,ROSARIO,Rosario,Asfalto,No existe,II,Dentro,Urbana,S/D,No existe,Recta,Bueno,Buena,Diurna,Buen Tiempo,Contra objeto fijo,S/D,Colisión,S/D,S/D,S/D,S/D,"-32.945512832653066, -60.646581142857144",['España 849'],1,España 849,-32.945512832653066,-60.64658114285714,55.0,538.0,Municipio Rosario,Municipio,Rosario,820210,Servicio de Catastro e Información Territorial,IGN
2012,7325,2012-05-07,Lunes,0.0,15:40:00,,0.0,3,"Automóvil,Automóvil,Automóvil",PELLEGRINI 1300,3,1,0,0,2,0,0,,Calle,,ROSARIO,Rosario,Asfalto,No existe,II,S/D,S/D,S/D,No existe,Recta,Bueno,Buena,Diurna,Buen Tiempo,S/D,S/D,Colisión,S/D,Horizontal,S/D,Sin restricción,"-32.9567109, -60.6435542",['Pellegrini 1300'],1,Pellegrini 1300,-32.9567109,-60.6435542,55.0,538.0,Municipio Rosario,Municipio,Rosario,820210,Servicio de Catastro e Información Territorial,IGN
2012,7331,2012-05-21,Lunes,0.0,19:00:00,,0.0,2,"Moto/Ciclomotor,Automóvil",JUAN CANALS Y ENTRE RIOS,2,1,0,0,1,0,0,,Calle,,ROSARIO,Rosario,Asfalto,No existe,II,Dentro,Urbana,S/D,S/D,Intersección,S/D,S/D,Diurna,S/D,Lateral,S/D,Colisión,S/D,S/D,Ninguna,Sin restricción,POINT (-60.651768 -32.988912099999986),"['Juan Canals', 'Entre Ríos']",2,Juan Canals; Entre Ríos,-32.988912099999986,-60.651768,55.0,538.0,Municipio Rosario,Municipio,Rosario,820210,Servicio de Catastro e Información Territorial,IGN
2012,7332,2012-05-21,Lunes,0.0,18:00:00,,0.0,2,"Camión,Automóvil",TURIN 4685,2,1,0,0,1,0,0,,Calle,,ROSARIO,Rosario,Asfalto,No existe,II,Dentro,Urbana,S/D,S/D,Recta,S/D,S/D,Atardecer,S/D,De alcance,S/D,Colisión,S/D,S/D,Ninguna,Sin restricción,"-32.989375585714285, -60.66106867142857",['Turin 4685'],1,Turin 4685,-32.989375585714285,-60.66106867142857,55.0,538.0,Municipio Rosario,Municipio,Rosario,820210,Servicio de Catastro e Información Territorial,IGN
2012,7334,2012-05-07,Lunes,0.0,21:00:00,,0.0,2,"Automóvil,Automóvil",MENDOZA Y CORRIENTES,2,1,0,0,1,0,0,,Calle,,ROSARIO,Rosario,Asfalto,S/D,II,Dentro,Urbana,S/D,Funciona,Intersección,Bueno,Buena,Nocturna,Buen Tiempo,Otro,S/D,Colisión,S/D,Horizontal,S/D,Sin restricción,POINT (-60.643583500000005 -32.9507824),"['Mendoza', 'Corrientes']",2,Mendoza; Corrientes,-32.9507824,-60.643583500000005,55.0,538.0,Municipio Rosario,Municipio,Rosario,820210,Servicio de Catastro e Información Territorial,IGN
2012,7335,2012-05-29,Martes,0.0,18:00:00,,0.0,2,"Automóvil,Moto/Ciclomotor",jose ingenieros y burucuya,2,1,0,0,1,0,0,,Calle,,ROSARIO,Rosario,Asfalto,S/D,II,Dentro,Urbana,S/D,S/D,Recta,Bueno,S/D,S/D,Buen Tiempo,S/D,S/D,Colisión,Otro,Faltante,S/D,Sin restricción,POINT (-60.71476119999999 -32.91714760000001),"['José Ingenieros', 'Burucuyá']",2,José Ingenieros; Burucuyá,-32.91714760000001,-60.71476119999999,55.0,538.0,Municipio Rosario,Municipio,Rosario,820210,Servicio de Catastro e Información Territorial,IGN
2012,7336,2012-05-08,Martes,0.0,18:50:00,,0.0,2,"Moto/Ciclomotor,Automóvil",OROÑO Y SAN JUAN,2,1,0,0,1,0,0,,Calle,,ROSARIO,Rosario,Asfalto,No existe,II,S/D,Urbana,S/D,S/D,Intersección,Bueno,Buena,Diurna,Buen Tiempo,S/D,S/D,Colisión,S/D,S/D,S/D,Sin restricción,POINT (-60.6542222 -32.947453949999996),"['Bulevar Nicasio Oroño', 'San Juan']",2,Bulevar Nicasio Oroño; San Juan,-32.94745395,-60.6542222,55.0,538.0,Municipio Rosario,Municipio,Rosario,820210,Servicio de Catastro e Información Territorial,IGN
2012,7337,2012-05-04,Viernes,0.0,18:00:00,,0.0,2,"Bicicleta,Automóvil",j. j. paso y sabino,3,2,0,0,1,0,0,,Calle,,ROSARIO,Rosario,Asfalto,S/D,II,Dentro,Urbana,S/D,S/D,Intersección,Bueno,S/D,S/D,Buen Tiempo,Frontal,S/D,Atropello,S/D,Horizontal,S/D,Sin restricción,POINT (-60.6889194 -32.919526100000006),"['Paso', 'Avenida Travesía Albert Sabin']",2,Avenida Juan José Paso; Avenida Travesía Albert Sabin,-32.919526100000006,-60.6889194,55.0,538.0,Municipio Rosario,Municipio,Rosario,820210,Servicio de Catastro e Información Territorial,IGN
2012,7338,2012-05-05,Sabado,0.0,17:00:00,,0.0,2,"Automóvil,Automóvil",SARMIENTO Y MENDOZA,2,1,0,0,1,0,0,,Calle,,ROSARIO,Rosario,Asfalto,S/D,II,S/D,Urbana,S/D,S/D,Intersección,Bueno,Buena,Diurna,S/D,Otro,S/D,Colisión,S/D,S/D,S/D,Sin restricción,POINT (-60.6394302 -32.9514704),"['Sarmiento', 'Mendoza']",2,Sarmiento; Mendoza,-32.9514704,-60.6394302,55.0,538.0,Municipio Rosario,Municipio,Rosario,820210,Servicio de Catastro e Información Territorial,IGN
2012,7339,2012-05-09,Miercoles,0.0,15:15:00,,0.0,2,"Peatón,Automóvil",PTE. ROCA Y 3 DE FEBRERO,2,1,0,0,1,0,0,,Calle,,ROSARIO,Rosario,Asfalto,S/D,II,S/D,Urbana,S/D,S/D,Intersección,Bueno,Buena,Diurna,Buen Tiempo,S/D,S/D,Atropello,S/D,S/D,S/D,S/D,POINT (-60.6466869 -32.9515312),"['Roca', '3 de Febrero']",2,Presidente Roca; 3 de Febrero,-32.9515312,-60.6466869,55.0,538.0,Municipio Rosario,Municipio,Rosario,820210,Servicio de Catastro e Información Territorial,IGN
2012,7340,2012-05-05,Sabado,0.0,10:00:00,,0.0,2,"Moto/Ciclomotor,Automóvil",juan jose paso y travesia,2,1,0,0,1,0,0,,Calle,,ROSARIO,Rosario,Asfalto,S/D,II,Dentro,Urbana,S/D,Funciona,Recta,Bueno,Buena,Diurna,Buen Tiempo,Lateral,S/D,Colisión,S/D,Vertical,S/D,Sin restricción,POINT (-60.6889194 -32.919526100000006),"['Juan José Paso', 'Avenida Travesía Albert Sabin']",2,Avenida Juan José Paso; Avenida Travesía Albert Sabin,-32.919526100000006,-60.6889194,55.0,538.0,Municipio Rosario,Municipio,Rosario,820210,Servicio de Catastro e Información Territorial,IGN