anio_acci,nro_acci,fecha,desc_dia,fecha_aprox,hora_aprox,desc_ruta,km,cant_participantes,desc_participante,calle_avenida_km,total,heridos_leves,heridos_graves,heridos_gravisimos,ilesos,fallecidos,sin_datos,posicion_XY,desc_tipo_via,desc_ruta_ori,desc_loc,desc_dpto,desc_tipo_calzada,desc_tipo_banquina,desc_unidad_regional,desc_lugar_calzada,desc_zona,desc_prioridad,desc_estado_semaforo,desc_lugar_via,desc_estado_via,desc_estado_visibilidad,desc_luminosidad,desc_estado_clima,desc_tipo_colision,desc_tipo_atropello,desc_tipo_hecho,desc_pres_calzada,desc_senializacion,desc_separacion_via,desc_restriccion,forma_geocod,calle_lista,numero_calles,calles_osm,lat,lon,index_right,gid,fna,gna,nam,in1,fdc,sag
2012,7395,2012-05-30,Miercoles,0.0,20:30:00,,0.0,2,"Taxi/Remis,Automóvil",SAN MARTIN Y GARAY,2,1,0,0,1,0,0,,Calle,,ROSARIO,Rosario,Asfalto,No existe,II,Dentro,Urbana,S/D,S/D,Intersección,S/D,S/D,Nocturna,S/D,De alcance,S/D,Colisión,S/D,S/D,Ninguna,Sin restricción,POINT (-60.6437417 -32.97477079999999),"['San Martin', 'Garay']",2,"('José de San Martín', 'Juan de Garay')",-32.97477079999999,-60.6437417,55.0,538.0,Municipio Rosario,Municipio,Rosario,820210,Servicio de Catastro e Información Territorial,IGN
2012,7396,2012-05-30,Miercoles,0.0,20:15:00,,0.0,2,"Bicicleta,Taxi/Remis",PARAGUAY Y URIBURU,2,1,0,0,1,0,0,,Calle,,ROSARIO,Rosario,Asfalto,No existe,II,Dentro,Urbana,S/D,S/D,Intersección,S/D,S/D,Nocturna,S/D,Lateral,S/D,Atropello,S/D,S/D,Ninguna,Sin restricción,POINT (-60.655215850000005 -32.990962749999994),"['Paraguay', 'Uriburu']",2,Paraguay; Avenida José Uriburu,-32.990962749999994,-60.655215850000005,55.0,538.0,Municipio Rosario,Municipio,Rosario,820210,Servicio de Catastro e Información Territorial,IGN
2012,7397,2012-05-18,Viernes,0.0,10:00:00,,0.0,2,"Moto/Ciclomotor,Automóvil",sorrento y provincias unidas ,2,1,0,0,1,0,0,,Calle,,ROSARIO,Rosario,Asfalto,S/D,II,Dentro,Urbana,S/D,S/D,Curva,Bueno,Buena,Diurna,S/D,De alcance,S/D,Colisión,S/D,Faltante,S/D,S/D,POINT (-60.714102249999996 -32.9083328),"['Sorrento', 'Avenida Provincias Unidas']",2,Avenida Sorrento; Avenida Provincias Unidas,-32.9083328,-60.71410225,55.0,538.0,Municipio Rosario,Municipio,Rosario,820210,Servicio de Catastro e Información Territorial,IGN
2012,7398,2012-05-30,Miercoles,0.0,12:30:00,,0.0,2,"Moto/Ciclomotor,Camión",CORRIENTES Y DEAN FUNES,2,1,0,0,1,0,0,,Calle,,ROSARIO,Rosario,Asfalto,No existe,II,Dentro,Urbana,S/D,S/D,Intersección,S/D,S/D,Diurna,S/D,Lateral,S/D,Colisión,S/D,S/D,Ninguna,Sin restricción,POINT (-60.649731900000006 -32.97490649999999),"['Corrientes', 'Deán Gregorio Funes']",2,Corrientes; Deán Gregorio Funes,-32.97490649999999,-60.649731900000006,55.0,538.0,Municipio Rosario,Municipio,Rosario,820210,Servicio de Catastro e Información Territorial,IGN
2012,7399,2012-05-19,Sabado,0.0,12:20:00,,0.0,2,"Bicicleta,Automóvil",j. j. paso y barra ,2,1,0,0,1,0,0,,Calle,,ROSARIO,Rosario,Asfalto,S/D,II,Dentro,Urbana,S/D,S/D,Recta,Bueno,Buena,Diurna,Buen Tiempo,Lateral,S/D,Colisión,S/D,Faltante,S/D,Sin restricción,POINT (-60.7077707 -32.9200795),"['Paso', 'Barra']",2,Avenida Juan José Paso; Barraco,-32.9200795,-60.7077707,55.0,538.0,Municipio Rosario,Municipio,Rosario,820210,Servicio de Catastro e Información Territorial,IGN
2012,7400,2012-05-19,Sabado,0.0,18:00:00,,0.0,3,"Automóvil,Moto/Ciclomotor,Peatón",barra y j. ingenieros,3,1,0,0,2,0,0,,Calle,,ROSARIO,Rosario,Asfalto,S/D,II,Dentro,Urbana,S/D,S/D,Intersección,Bueno,S/D,S/D,Buen Tiempo,Otro,S/D,Colisión,S/D,Faltante,S/D,Sin restricción,POINT (-60.70805320000001 -32.916948599999984),"['Barra', 'José Ingenieros']",2,Barraco; José Ingenieros,-32.916948599999984,-60.70805320000001,55.0,538.0,Municipio Rosario,Municipio,Rosario,820210,Servicio de Catastro e Información Territorial,IGN
2012,7401,2012-05-30,Miercoles,0.0,14:50:00,,0.0,2,"Moto/Ciclomotor,Taxi/Remis",San Juan y Balcarce,2,1,0,0,1,0,0,,Calle,,ROSARIO,Rosario,Asfalto,No existe,II,Dentro,Urbana,Ninguna,No existe,Intersección,Bueno,Buena,Diurna,Buen Tiempo,Otro,S/D,Colisión,S/D,S/D,Ninguna,S/D,POINT (-60.6528703 -32.947698),"['San Juan', 'Balcarce']",2,San Juan; Balcarce,-32.947698,-60.6528703,55.0,538.0,Municipio Rosario,Municipio,Rosario,820210,Servicio de Catastro e Información Territorial,IGN
2012,7402,2012-05-05,Sabado,1.0,,,0.0,2,"Moto/Ciclomotor,Automóvil",sorrento y provincias unidas ,3,2,0,0,1,0,0,,Calle,,ROSARIO,Rosario,Asfalto,S/D,II,Dentro,Urbana,S/D,S/D,Intersección,Bueno,S/D,S/D,Buen Tiempo,Otro,S/D,Otro,S/D,Faltante,S/D,Sin restricción,POINT (-60.714102249999996 -32.9083328),"['Sorrento', 'Avenida Provincias Unidas']",2,Avenida Sorrento; Avenida Provincias Unidas,-32.9083328,-60.71410225,55.0,538.0,Municipio Rosario,Municipio,Rosario,820210,Servicio de Catastro e Información Territorial,IGN
2012,7403,2012-05-19,Sabado,0.0,20:30:00,,0.0,2,"Moto/Ciclomotor,Otros",olavarria y j. b. justo,2,0,1,0,0,0,1,,Calle,,ROSARIO,Rosario,Asfalto,No existe,II,Dentro,Urbana,S/D,No existe,Intersección,Bueno,Buena,Diurna,Buen Tiempo,Lateral,S/D,Colisión,S/D,Faltante,S/D,Sin restricción,POINT (-60.7046189 -32.9146842),"['Olavarría', 'Justo']",2,Olavarría; Justo José de Urquiza,-32.9146842,-60.7046189,55.0,538.0,Municipio Rosario,Municipio,Rosario,820210,Servicio de Catastro e Información Territorial,IGN
2012,7404,2012-05-31,Jueves,0.0,19:30:00,,0.0,2,"Bicicleta,Otros",San Juan y Bv Oroño,2,1,0,0,1,0,0,,Avenida,,ROSARIO,Rosario,Asfalto,No existe,II,Dentro,Urbana,Semáforo,Funciona,Intersección,Bueno,Buena,Atardecer,Buen Tiempo,S/D,S/D,Atropello,S/D,S/D,Cordón divisorio,S/D,POINT (-60.6542222 -32.947453949999996),"['San Juan', 'Bulevar Nicasio Oroño']",2,San Juan; Bulevar Nicasio Oroño,-32.94745395,-60.6542222,55.0,538.0,Municipio Rosario,Municipio,Rosario,820210,Servicio de Catastro e Información Territorial,IGN
2012,7405,2012-05-01,Martes,0.0,19:00:00,,0.0,2,"Moto/Ciclomotor,Automóvil",Bv. Oroño y Catamarca,2,1,0,0,1,0,0,,Avenida,,ROSARIO,Rosario,Asfalto,No existe,II,Dentro,Urbana,Ninguna,No existe,Intersección,Bueno,Buena,Atardecer,Buen Tiempo,Lateral,S/D,Colisión,S/D,Faltante,"Cordón divisorio,Vegetación",Sin restricción,POINT (-60.651806750000006 -32.9378818),"['Bulevar Nicasio Oroño', 'Catamarca']",2,Bulevar Nicasio Oroño; Catamarca,-32.9378818,-60.651806750000006,55.0,538.0,Municipio Rosario,Municipio,Rosario,820210,Servicio de Catastro e Información Territorial,IGN
2012,7406,2012-05-03,Jueves,0.0,15:30:00,,0.0,2,"Peatón,Automóvil",Urquiza y Paraguay,2,1,0,0,1,0,0,,Calle,,ROSARIO,Rosario,Asfalto,No existe,II,Dentro,Urbana,Ninguna,No existe,Intersección,S/D,Buena,Diurna,Buen Tiempo,S/D,S/D,Atropello,S/D,Faltante,Ninguna,Sin restricción,POINT (-60.642866000000005 -32.941996),"['Urquiza', 'Paraguay']",2,Justo José de Urquiza; Paraguay,-32.941996,-60.642866000000005,55.0,538.0,Municipio Rosario,Municipio,Rosario,820210,Servicio de Catastro e Información Territorial,IGN
2012,7407,2012-05-07,Lunes,0.0,12:15:00,,0.0,2,"Peatón,Camión",Urquiza 2106,2,1,0,0,1,0,0,,Calle,,ROSARIO,Rosario,Asfalto,No existe,II,Fuera,Urbana,S/D,No existe,Recta,Bueno,Buena,Diurna,S/D,S/D,S/D,Atropello,S/D,S/D,Ninguna,S/D,"-32.940383067346936, -60.651212330612246",['Urquiza 2106'],1,Urquiza 2106,-32.940383067346936,-60.651212330612246,55.0,538.0,Municipio Rosario,Municipio,Rosario,820210,Servicio de Catastro e Información Territorial,IGN
2012,7408,2012-05-12,Sabado,0.0,22:40:00,,0.0,2,"Moto/Ciclomotor,Automóvil",Catamarca y Alvear,2,1,0,0,1,0,0,,Calle,,ROSARIO,Rosario,Asfalto,No existe,II,Dentro,Urbana,Ninguna,No existe,Intersección,Bueno,Buena,Nocturna,Buen Tiempo,De alcance,S/D,Colisión,S/D,Faltante,S/D,Sin restricción,POINT (-60.653209 -32.9376317),"['Catamarca', 'Alvear']",2,Catamarca; Alvear,-32.9376317,-60.653209,55.0,538.0,Municipio Rosario,Municipio,Rosario,820210,Servicio de Catastro e Información Territorial,IGN
2012,7409,2012-05-07,Lunes,0.0,06:55:00,,0.0,2,"Peatón,Automóvil",San Lorenzo al 900,2,1,0,0,1,0,0,,Calle,,ROSARIO,Rosario,Asfalto,No existe,II,Dentro,Urbana,Ninguna,No existe,Recta,Bueno,Buena,Diurna,Buen Tiempo,S/D,S/D,Atropello,S/D,Faltante,Ninguna,Sin restricción,"-32.9454155, -60.6345671",['San Lorenzo 900'],1,San Lorenzo 900,-32.9454155,-60.6345671,55.0,538.0,Municipio Rosario,Municipio,Rosario,820210,Servicio de Catastro e Información Territorial,IGN
2012,7410,2012-05-17,Jueves,0.0,08:20:00,,0.0,2,"Peatón,Moto/Ciclomotor",Av. Illia y Sarmiento,2,1,0,0,1,0,0,,Avenida,,ROSARIO,Rosario,Asfalto,No existe,II,Dentro,Urbana,Semáforo,Funciona,Intersección,Bueno,Buena,Diurna,Buen Tiempo,S/D,S/D,Atropello,S/D,Vertical,Ninguna,Sin restricción,POINT (-60.6365283 -32.93969129999999),"['Illia', 'Sarmiento']",2,Avenida Arturo Illia; Sarmiento,-32.93969129999999,-60.6365283,55.0,538.0,Municipio Rosario,Municipio,Rosario,820210,Servicio de Catastro e Información Territorial,IGN
2012,7411,2012-05-17,Jueves,0.0,22:00:00,,0.0,2,"Automóvil,Automóvil",Bv. Oroño y Urquiza,2,1,0,0,1,0,0,,Avenida,,ROSARIO,Rosario,Asfalto,No existe,II,Dentro,Urbana,Señal Pare,No existe,Intersección,Bueno,Buena,Nocturna,Buen Tiempo,Lateral,S/D,Colisión,S/D,Faltante,"Cordón divisorio,Vegetación",Sin restricción,POINT (-60.652427200000005 -32.940226100000004),"['Bulevar Nicasio Oroño', 'Urquiza']",2,Bulevar Nicasio Oroño; Justo José de Urquiza,-32.940226100000004,-60.652427200000005,55.0,538.0,Municipio Rosario,Municipio,Rosario,820210,Servicio de Catastro e Información Territorial,IGN
2012,7412,2012-05-18,Viernes,0.0,22:00:00,,0.0,2,"Moto/Ciclomotor,Automóvil",Catamarca y Pte. Roca,2,1,0,0,1,0,0,,Calle,,ROSARIO,Rosario,Asfalto,No existe,II,Dentro,Urbana,Ninguna,No existe,Intersección,Bueno,Buena,Nocturna,Buen Tiempo,Lateral,S/D,Colisión,S/D,Faltante,Ninguna,Sin restricción,POINT (-60.64362650000001 -32.9393896),"['Catamarca', 'Roca']",2,Catamarca; Presidente Roca,-32.9393896,-60.64362650000001,55.0,538.0,Municipio Rosario,Municipio,Rosario,820210,Servicio de Catastro e Información Territorial,IGN
2012,7413,2012-05-20,Domingo,0.0,23:00:00,,0.0,2,"Moto/Ciclomotor,Transporte de Pasajeros Urbano (> 8 asientos)",Entre Ríos y Tucumán,2,1,0,0,1,0,0,,Calle,,ROSARIO,Rosario,Asfalto,No existe,II,Dentro,Urbana,Ninguna,S/D,Intersección,Resbaladiza,Buena,Nocturna,Lluvia,Lateral,S/D,Colisión,Agua,Faltante,Ninguna,S/D,POINT (-60.63976250000001 -32.94131529999999),"['Entre Ríos', 'Tucumán']",2,Entre Ríos; Tucumán,-32.94131529999999,-60.63976250000001,55.0,538.0,Municipio Rosario,Municipio,Rosario,820210,Servicio de Catastro e Información Territorial,IGN
2012,7414,2012-05-21,Lunes,0.0,10:00:00,,0.0,2,"Moto/Ciclomotor,Automóvil",Av. Belgrano y Laprida,2,1,0,0,1,0,0,,Avenida,,ROSARIO,Rosario,Hormigón,No existe,II,Dentro,Urbana,Semáforo,Funciona,Intersección,Bueno,Buena,Diurna,Lluvia,Lateral,S/D,Colisión,Agua,Vertical,"Cordón divisorio,Línea divisoria pintada",Sin restricción,POINT (-60.629682700000004 -32.965131725),"['Belgrano', 'Laprida']",2,Avenida Manuel Belgrano; Francisco Narciso Laprida,-32.965131725,-60.6296827,55.0,538.0,Municipio Rosario,Municipio,Rosario,820210,Servicio de Catastro e Información Territorial,IGN
2012,7415,2012-05-22,Martes,0.0,18:45:00,,0.0,2,"Bicicleta,Pickup/Utilitario",Bv. Oroño y Jujuy,2,1,0,0,1,0,0,,Avenida,,ROSARIO,Rosario,Asfalto,No existe,II,Dentro,Urbana,Ninguna,No existe,Intersección,Bueno,Buena,Diurna,Lluvia,S/D,S/D,Atropello,S/D,Faltante,"Cordón divisorio,Vegetación",Sin restricción,POINT (-60.65121175 -32.93554149999999),"['Bulevar Nicasio Oroño', 'Jujuy']",2,Bulevar Nicasio Oroño; Jujuy,-32.93554149999999,-60.65121175,55.0,538.0,Municipio Rosario,Municipio,Rosario,820210,Servicio de Catastro e Información Territorial,IGN
2012,7416,2012-05-21,Lunes,0.0,06:30:00,,0.0,1,Automóvil,Urquiza y Sgto Cabral,2,1,0,0,0,0,1,,Calle,,ROSARIO,Rosario,Asfalto,No existe,II,Dentro,Urbana,Ninguna,No existe,Cruce,Bueno,Buena,Amanecer,Otro,Contra objeto fijo,S/D,Despiste,Agua,Faltante,Ninguna,Sin restricción,POINT (-60.634967575000005 -32.9437417),"['Urquiza', 'Sargento Cabral']",2,Justo José de Urquiza; Sargento Cabral,-32.9437417,-60.634967575000005,55.0,538.0,Municipio Rosario,Municipio,Rosario,820210,Servicio de Catastro e Información Territorial,IGN
2012,7417,2012-05-23,Miercoles,0.0,20:30:00,,0.0,2,"Automóvil,Pickup/Utilitario",Bv. Oroño y Urquiza,2,1,0,0,1,0,0,,Avenida,,ROSARIO,Rosario,Asfalto,No existe,II,Dentro,Urbana,Señal Pare,No existe,Intersección,Resbaladiza,S/D,Nocturna,Escarcha,Lateral,S/D,Colisión,Agua,Faltante,"Cordón divisorio,Vegetación",Sin restricción,POINT (-60.652427200000005 -32.940226100000004),"['Bulevar Nicasio Oroño', 'Urquiza']",2,Bulevar Nicasio Oroño; Justo José de Urquiza,-32.940226100000004,-60.652427200000005,55.0,538.0,Municipio Rosario,Municipio,Rosario,820210,Servicio de Catastro e Información Territorial,IGN
2012,7418,2012-05-22,Martes,0.0,16:20:00,,0.0,2,"Moto/Ciclomotor,Automóvil",Italia y Urquiza,2,1,0,0,1,0,0,,Calle,,ROSARIO,Rosario,Asfalto,No existe,II,Dentro,Urbana,Ninguna,No existe,Intersección,Bueno,Buena,Diurna,Buen Tiempo,Lateral,S/D,Colisión,S/D,Faltante,Ninguna,Sin restricción,POINT (-60.6469902 -32.94122840000001),"['Italia', 'Urquiza']",2,Italia; Justo José de Urquiza,-32.94122840000001,-60.6469902,55.0,538.0,Municipio Rosario,Municipio,Rosario,820210,Servicio de Catastro e Información Territorial,IGN
2012,7419,2012-05-23,Miercoles,0.0,16:30:00,,0.0,3,"Automóvil,Automóvil,Pickup/Utilitario",Wheelwright y Paraguay,3,1,0,0,2,0,0,,Calle,,ROSARIO,Rosario,Asfalto,No existe,II,Dentro,Urbana,Semáforo,Funciona,Intersección,Bueno,Buena,Diurna,Otro,De alcance,S/D,Colisión,Agua,Vertical,Ninguna,Sin restricción,POINT (-60.641542300000005 -32.936649899999985),"['Avenida Guillermo Wheelwright', 'Paraguay']",2,Avenida Guillermo Wheelwright; Paraguay,-32.936649899999985,-60.641542300000005,55.0,538.0,Municipio Rosario,Municipio,Rosario,820210,Servicio de Catastro e Información Territorial,IGN
2012,7420,2012-05-26,Sabado,0.0,14:30:00,,0.0,2,"Taxi/Remis,Automóvil",Mitre y Tucumán,5,3,0,0,2,0,0,,Calle,,ROSARIO,Rosario,Asfalto,No existe,II,Dentro,Urbana,Ninguna,No existe,Intersección,Bueno,Buena,Diurna,Buen Tiempo,Lateral,S/D,Colisión,S/D,Faltante,Ninguna,Sin restricción,POINT (-60.6383947 -32.94156490000001),"['Mitre', 'Tucumán']",2,Bartolomé Mitre; Tucumán,-32.94156490000001,-60.6383947,55.0,538.0,Municipio Rosario,Municipio,Rosario,820210,Servicio de Catastro e Información Territorial,IGN
2012,7422,2012-05-30,Miercoles,0.0,,,0.0,2,"Moto/Ciclomotor,Transporte de Pasajeros Urbano (> 8 asientos)",San Lorenzo y Bv. Oroño,2,1,0,0,1,0,0,,Avenida,,ROSARIO,Rosario,Asfalto,No existe,II,Dentro,Urbana,Ninguna,S/D,Intersección,Bueno,S/D,S/D,Buen Tiempo,Lateral,S/D,Colisión,S/D,Faltante,"Cordón divisorio,Vegetación",Sin restricción,POINT (-60.652740599999994 -32.9414065),"['San Lorenzo', 'Bulevar Nicasio Oroño']",2,San Lorenzo; Bulevar Nicasio Oroño,-32.9414065,-60.6527406,55.0,538.0,Municipio Rosario,Municipio,Rosario,820210,Servicio de Catastro e Información Territorial,IGN
2012,7423,2012-05-31,Jueves,0.0,,,0.0,2,"Automóvil,Transporte de Pasajeros Urbano (> 8 asientos)",Paraguay y San Lorenzo,2,1,0,0,1,0,0,,Calle,,ROSARIO,Rosario,Asfalto,No existe,II,Dentro,Urbana,Ninguna,No existe,Intersección,Bueno,Buena,S/D,Buen Tiempo,Lateral,S/D,Colisión,S/D,Faltante,Ninguna,Sin restricción,POINT (-60.643162000000004 -32.9431566),"['Paraguay', 'San Lorenzo']",2,Paraguay; San Lorenzo,-32.9431566,-60.643162,55.0,538.0,Municipio Rosario,Municipio,Rosario,820210,Servicio de Catastro e Información Territorial,IGN
2012,7427,2012-05-21,Lunes,0.0,00:20:00,,0.0,2,"Moto/Ciclomotor,Otros",SARMIENTO Y MONTEVIDEO,3,2,0,0,1,0,0,,Calle,,ROSARIO,Rosario,Asfalto,S/D,II,S/D,Urbana,S/D,No existe,Intersección,Bueno,Buena,Nocturna,Buen Tiempo,Lateral,S/D,Colisión,S/D,S/D,S/D,S/D,POINT (-60.64057540000001 -32.9561286),"['Sarmiento', 'Montevideo']",2,Sarmiento; Montevideo,-32.9561286,-60.64057540000001,55.0,538.0,Municipio Rosario,Municipio,Rosario,820210,Servicio de Catastro e Información Territorial,IGN
2012,7428,2012-06-12,Martes,0.0,17:00:00,,0.0,2,"Peatón,Automóvil",av 27 de febrero y dorrego ,2,1,0,0,1,0,0,,Avenida,,ROSARIO,Rosario,Asfalto,S/D,II,Dentro,Urbana,S/D,S/D,Intersección,Bueno,Buena,Diurna,Buen Tiempo,S/D,S/D,Atropello,S/D,S/D,S/D,Sin restricción,POINT (-60.654544 -32.965619399999994),"['27 de Febrero', 'Dorrego']",2,Bulevar 27 de Febrero; Manuel Dorrego,-32.965619399999994,-60.654544,55.0,538.0,Municipio Rosario,Municipio,Rosario,820210,Servicio de Catastro e Información Territorial,IGN
2012,7429,2012-05-23,Miercoles,0.0,16:30:00,,0.0,2,"Peatón,Otros",9 DE JULIO 1268,2,1,0,0,0,0,1,,S/D,,ROSARIO,Rosario,Asfalto,S/D,II,S/D,Urbana,S/D,No existe,Recta,Bueno,Buena,Diurna,Buen Tiempo,Otro,S/D,Atropello,S/D,S/D,S/D,S/D,"-32.95339809591837, -60.642306985714285",['9 De Julio 1268'],1,9 De Julio 1268,-32.95339809591837,-60.642306985714285,55.0,538.0,Municipio Rosario,Municipio,Rosario,820210,Servicio de Catastro e Información Territorial,IGN
2012,7430,2012-05-23,Miercoles,0.0,22:45:00,,0.0,2,"Automóvil,Automóvil",BALCARCE Y SAN LUIS,5,4,0,0,1,0,0,,Calle,,ROSARIO,Rosario,Asfalto,S/D,II,S/D,Urbana,S/D,S/D,Intersección,Bueno,Buena,Nocturna,Buen Tiempo,Lateral,S/D,Colisión,S/D,S/D,S/D,S/D,POINT (-60.652571800000004 -32.9465716),"['Balcarce', 'San Luis']",2,Balcarce; San Luis,-32.9465716,-60.6525718,55.0,538.0,Municipio Rosario,Municipio,Rosario,820210,Servicio de Catastro e Información Territorial,IGN
2012,7431,2012-05-23,Miercoles,0.0,16:00:00,,0.0,2,"Moto/Ciclomotor,Transporte de Pasajeros Urbano (> 8 asientos)",ESPAÑA Y RIOJA,2,1,0,0,1,0,0,,Calle,,ROSARIO,Rosario,Asfalto,S/D,II,S/D,Urbana,S/D,S/D,Intersección,Bueno,Buena,Diurna,Buen Tiempo,Lateral,S/D,Colisión,S/D,S/D,S/D,S/D,POINT (-60.64678310000001 -32.9461326),"['España', 'Rioja']",2,España; Rioja,-32.9461326,-60.64678310000001,55.0,538.0,Municipio Rosario,Municipio,Rosario,820210,Servicio de Catastro e Información Territorial,IGN
2012,7432,2012-05-23,Miercoles,0.0,05:30:00,,0.0,2,"Taxi/Remis,Taxi/Remis",SANTA FE Y MORENO,2,1,0,0,1,0,0,,Calle,,ROSARIO,Rosario,Asfalto,S/D,II,S/D,Urbana,S/D,S/D,Intersección,Bueno,Buena,Nocturna,Buen Tiempo,Frontal,S/D,Colisión,S/D,S/D,S/D,S/D,POINT (-60.65025920000001 -32.942853299999996),"['Santa Fe', 'Moreno']",2,Santa Fe; Mariano Moreno,-32.9428533,-60.65025920000001,55.0,538.0,Municipio Rosario,Municipio,Rosario,820210,Servicio de Catastro e Información Territorial,IGN
2012,7433,2012-05-23,Miercoles,0.0,08:55:00,,0.0,2,"Taxi/Remis,Automóvil",OROÑO Y CORDOBA,3,1,0,0,2,0,0,,Calle,,ROSARIO,Rosario,Asfalto,No existe,II,S/D,Urbana,S/D,S/D,Intersección,Bueno,Buena,Diurna,Buen Tiempo,Otro,S/D,Colisión,S/D,S/D,S/D,S/D,POINT (-60.653337 -32.943730650000006),"['Bulevar Nicasio Oroño', 'Córdoba']",2,Bulevar Nicasio Oroño; Córdoba,-32.943730650000006,-60.653337,55.0,538.0,Municipio Rosario,Municipio,Rosario,820210,Servicio de Catastro e Información Territorial,IGN
2012,7434,2012-05-23,Miercoles,0.0,08:30:00,,0.0,2,"Peatón,Automóvil",MONTEVIDEO Y SARMIENTO,2,1,0,0,1,0,0,,Calle,,ROSARIO,Rosario,Asfalto,S/D,II,S/D,Urbana,S/D,S/D,Intersección,Bueno,Buena,Diurna,Buen Tiempo,S/D,S/D,Atropello,S/D,S/D,S/D,S/D,POINT (-60.64057540000001 -32.9561286),"['Montevideo', 'Sarmiento']",2,Montevideo; Sarmiento,-32.9561286,-60.64057540000001,55.0,538.0,Municipio Rosario,Municipio,Rosario,820210,Servicio de Catastro e Información Territorial,IGN
2012,7435,2012-05-25,Viernes,0.0,23:30:00,,0.0,2,"Automóvil,Automóvil",BALCARCE Y 3 DE FEBRERO,2,1,0,0,1,0,0,,Calle,,ROSARIO,Rosario,Asfalto,S/D,II,Dentro,Urbana,S/D,S/D,Intersección,Bueno,Buena,Nocturna,Buen Tiempo,S/D,S/D,Colisión,S/D,S/D,S/D,S/D,POINT (-60.6535421 -32.95033519999999),"['Balcarce', '3 de Febrero']",2,Balcarce; 3 de Febrero,-32.95033519999999,-60.6535421,55.0,538.0,Municipio Rosario,Municipio,Rosario,820210,Servicio de Catastro e Información Territorial,IGN
2012,7436,2012-05-28,Lunes,0.0,,,0.0,2,"Automóvil,Automóvil",OROÑO Y 3 DE FEBRERO ,2,1,0,0,1,0,0,,Calle,,ROSARIO,Rosario,Asfalto,S/D,II,Dentro,Urbana,S/D,S/D,Intersección,Bueno,Buena,S/D,Buen Tiempo,Contra objeto fijo,S/D,Colisión,S/D,S/D,S/D,S/D,POINT (-60.654906749999995 -32.950095049999995),"['Bulevar Nicasio Oroño', '3 de Febrero']",2,Bulevar Nicasio Oroño; 3 de Febrero,-32.950095049999995,-60.65490675,55.0,538.0,Municipio Rosario,Municipio,Rosario,820210,Servicio de Catastro e Información Territorial,IGN
2012,7437,2012-05-30,Miercoles,0.0,08:55:00,,0.0,2,"Moto/Ciclomotor,Transporte de Pasajeros Urbano (> 8 asientos)",MENDOZA Y ENTRE RIOS,2,1,0,0,1,0,0,,S/D,,ROSARIO,Rosario,Asfalto,S/D,II,S/D,Urbana,S/D,S/D,Intersección,Bueno,Buena,Diurna,Buen Tiempo,S/D,S/D,Colisión,S/D,S/D,S/D,S/D,POINT (-60.64219219999999 -32.951012899999995),"['Mendoza', 'Entre Ríos']",2,Mendoza; Entre Ríos,-32.951012899999995,-60.64219219999999,55.0,538.0,Municipio Rosario,Municipio,Rosario,820210,Servicio de Catastro e Información Territorial,IGN
2012,8275,2012-06-12,Martes,0.0,06:30:00,,0.0,2,"Bicicleta,Otros",Bv. 27 De Febrero Y Bv. Oroño,2,1,0,0,1,0,0,,Avenida,,ROSARIO,Rosario,Asfalto,S/D,II,Dentro,Urbana,S/D,Funciona,Cruce,Bueno,Buena,Diurna,Buen Tiempo,S/D,S/D,Atropello,S/D,Vertical,S/D,S/D,POINT (-60.658642825 -32.964892400000004),"['27 de Febrero', 'Bulevar Nicasio Oroño']",2,Bulevar 27 de Febrero; Bulevar Nicasio Oroño,-32.964892400000004,-60.658642825,55.0,538.0,Municipio Rosario,Municipio,Rosario,820210,Servicio de Catastro e Información Territorial,IGN
2012,8276,2012-06-11,Lunes,0.0,09:50:00,,0.0,2,"Moto/Ciclomotor,Automóvil",Ituzaingo ,2,1,0,0,1,0,0,,Calle,,ROSARIO,Rosario,Asfalto,S/D,II,Dentro,Urbana,S/D,S/D,Recta,Bueno,Buena,Diurna,Buen Tiempo,Lateral,S/D,Colisión,S/D,S/D,S/D,S/D,"-32.956319, -60.6664214",['Ituzaingó'],1,Ituzaingó,-32.956319,-60.6664214,55.0,538.0,Municipio Rosario,Municipio,Rosario,820210,Servicio de Catastro e Información Territorial,IGN
2012,8277,2012-06-11,Lunes,0.0,09:30:00,,0.0,2,"Moto/Ciclomotor,Automóvil",España Y Virasoro,2,1,0,0,1,0,0,,Calle,,ROSARIO,Rosario,Asfalto,S/D,II,Dentro,Urbana,S/D,S/D,Intersección,Bueno,Buena,Diurna,Buen Tiempo,Lateral,S/D,Colisión,S/D,S/D,S/D,S/D,POINT (-60.6523926 -32.96844250000001),"['España', 'Virasoro']",2,España; Benjamín Virasoro,-32.96844250000001,-60.6523926,55.0,538.0,Municipio Rosario,Municipio,Rosario,820210,Servicio de Catastro e Información Territorial,IGN