anio_acci,nro_acci,fecha,desc_dia,fecha_aprox,hora_aprox,desc_ruta,km,cant_participantes,desc_participante,calle_avenida_km,total,heridos_leves,heridos_graves,heridos_gravisimos,ilesos,fallecidos,sin_datos,posicion_XY,desc_tipo_via,desc_ruta_ori,desc_loc,desc_dpto,desc_tipo_calzada,desc_tipo_banquina,desc_unidad_regional,desc_lugar_calzada,desc_zona,desc_prioridad,desc_estado_semaforo,desc_lugar_via,desc_estado_via,desc_estado_visibilidad,desc_luminosidad,desc_estado_clima,desc_tipo_colision,desc_tipo_atropello,desc_tipo_hecho,desc_pres_calzada,desc_senializacion,desc_separacion_via,desc_restriccion,forma_geocod,calle_lista,numero_calles,calles_osm,lat,lon,index_right,gid,fna,gna,nam,in1,fdc,sag
2012,8281,2012-06-08,Viernes,0.0,,,0.0,2,"Moto/Ciclomotor,Automóvil",Galvez Y Bv. Oroño,3,1,0,0,2,0,0,,Avenida,,ROSARIO,Rosario,Asfalto,S/D,II,Dentro,Urbana,Semáforo,Funciona,Intersección,Bueno,Buena,S/D,Buen Tiempo,Lateral,S/D,Colisión,S/D,Vertical,S/D,S/D,POINT (-60.658933899999994 -32.9660708),"['Galvez', 'Bulevar Nicasio Oroño']",2,José Gálvez; Bulevar Nicasio Oroño,-32.9660708,-60.6589339,55.0,538.0,Municipio Rosario,Municipio,Rosario,820210,Servicio de Catastro e Información Territorial,IGN
2012,8282,2012-06-08,Viernes,0.0,10:45:00,,0.0,2,"Moto/Ciclomotor,Automóvil",Pasco Y Mitre,3,1,0,0,2,0,0,,S/D,,ROSARIO,Rosario,Asfalto,S/D,II,S/D,S/D,S/D,S/D,Intersección,Bueno,Buena,Diurna,Buen Tiempo,De alcance,S/D,Colisión,S/D,S/D,S/D,S/D,POINT (-60.6428728 -32.95932040000001),"['Pasco', 'Mitre']",2,Pasco; Bartolomé Mitre,-32.95932040000001,-60.6428728,55.0,538.0,Municipio Rosario,Municipio,Rosario,820210,Servicio de Catastro e Información Territorial,IGN
2012,8283,2012-06-07,Jueves,0.0,12:30:00,,0.0,2,"Automóvil,Taxi/Remis",Bv. 27 De Febrero Y Mariano Moreno,2,1,0,0,1,0,0,,Avenida,,ROSARIO,Rosario,Asfalto,S/D,II,Dentro,Urbana,S/D,Funciona,Intersección,Bueno,Buena,Diurna,Buen Tiempo,De alcance,S/D,Colisión,S/D,Vertical,S/D,S/D,POINT (-60.655918650000004 -32.96538055),"['27 de Febrero', 'Mariano Moreno']",2,Bulevar 27 de Febrero; Mariano Moreno,-32.96538055,-60.65591865,55.0,538.0,Municipio Rosario,Municipio,Rosario,820210,Servicio de Catastro e Información Territorial,IGN
2012,8284,2012-06-07,Jueves,0.0,07:30:00,,0.0,2,"Automóvil,Automóvil",La Paz Y Sarmiento,3,2,0,0,1,0,0,,Calle,,ROSARIO,Rosario,Asfalto,S/D,II,Dentro,Urbana,S/D,S/D,Intersección,Bueno,Buena,Diurna,Buen Tiempo,De alcance,S/D,Colisión,S/D,S/D,S/D,S/D,POINT (-60.64260529999999 -32.96417459999999),"['La Paz', 'Sarmiento']",2,La Paz; Sarmiento,-32.96417459999999,-60.64260529999999,55.0,538.0,Municipio Rosario,Municipio,Rosario,820210,Servicio de Catastro e Información Territorial,IGN
2012,8286,2012-06-06,Miercoles,0.0,06:30:00,,0.0,2,"Automóvil,Transporte de Pasajeros Larga Distancia (> 8 asientos)",Bv. Oroño Y Galvez,2,1,0,0,1,0,0,,Avenida,,ROSARIO,Rosario,Asfalto,S/D,II,Dentro,Urbana,S/D,S/D,Recta,Bueno,Buena,"Amanecer,Con luz artificial",Buen Tiempo,Lateral,S/D,Colisión,S/D,S/D,S/D,S/D,POINT (-60.658933899999994 -32.9660708),"['Bulevar Nicasio Oroño', 'Galvez']",2,Bulevar Nicasio Oroño; José Gálvez,-32.9660708,-60.6589339,55.0,538.0,Municipio Rosario,Municipio,Rosario,820210,Servicio de Catastro e Información Territorial,IGN
2012,8287,2012-06-23,Sabado,0.0,20:20:00,,0.0,2,"Moto/Ciclomotor,Automóvil",Bv. Rondeau Y Superi,3,1,0,0,2,0,0,,Avenida,,ROSARIO,Rosario,Asfalto,No existe,II,Dentro,Urbana,Semáforo,Funciona,Recta,Bueno,Buena,Con luz artificial,Buen Tiempo,Frontal,S/D,Colisión,S/D,Vertical,S/D,S/D,POINT (-60.692458175000006 -32.894239025),"['Rondeau', 'Superi']",2,Bulevar General José Rondeau; Comandante José Superí,-32.894239025,-60.692458175000006,55.0,538.0,Municipio Rosario,Municipio,Rosario,820210,Servicio de Catastro e Información Territorial,IGN
2012,8288,2012-06-30,Sabado,0.0,07:55:00,,0.0,2,"Moto/Ciclomotor,Pickup/Utilitario",Gurruchaga Y Warnes,2,0,1,0,1,0,0,,Calle,,ROSARIO,Rosario,Asfalto,No existe,II,S/D,Urbana,Ninguna,No existe,Intersección,Bueno,Buena,Diurna,Buen Tiempo,S/D,S/D,Colisión,S/D,S/D,Ninguna,S/D,POINT (-60.69060960000001 -32.905440000000006),"['Gurruchaga', 'Warnes']",2,Gurruchaga; Ignacio Warnes,-32.905440000000006,-60.69060960000001,55.0,538.0,Municipio Rosario,Municipio,Rosario,820210,Servicio de Catastro e Información Territorial,IGN
2012,8289,2012-06-18,Lunes,0.0,18:30:00,,0.0,2,"Automóvil,Pickup/Utilitario",Bv. Rondeau Y Herrera,4,3,0,0,1,0,0,,Avenida,,ROSARIO,Rosario,Asfalto,No existe,II,Dentro,Urbana,Semáforo,Funciona,Recta,Bueno,Buena,Atardecer,Buen Tiempo,Frontal,S/D,Colisión,S/D,Vertical,S/D,S/D,POINT (-60.69209 -32.89546034999999),"['Rondeau', 'Herrera']",2,Bulevar General José Rondeau; Franzini Herrera,-32.89546034999999,-60.69209,55.0,538.0,Municipio Rosario,Municipio,Rosario,820210,Servicio de Catastro e Información Territorial,IGN
2012,8290,2012-06-26,Martes,0.0,20:00:00,,0.0,2,"Automóvil,Moto/Ciclomotor",Casiano Casas Y Washington,2,1,0,0,1,0,0,,Calle,,ROSARIO,Rosario,Asfalto,Pavimento,II,Dentro,Urbana,Semáforo,Funciona,Intersección,S/D,Buena,Nocturna,Buen Tiempo,S/D,S/D,Colisión,S/D,S/D,Ninguna,S/D,POINT (-60.7007901 -32.9034752),"['Avenida Casiano Casas', 'Washington']",2,Avenida Casiano Casas; Washington,-32.9034752,-60.7007901,55.0,538.0,Municipio Rosario,Municipio,Rosario,820210,Servicio de Catastro e Información Territorial,IGN
2012,8291,2012-06-28,Jueves,0.0,12:55:00,,0.0,1,Moto/Ciclomotor,Bv. Rondeau 3700,1,1,0,0,0,0,0,,Avenida,,ROSARIO,Rosario,Asfalto,Pavimento,II,S/D,S/D,Semáforo,Funciona,Recta,Bueno,Buena,Diurna,Buen Tiempo,S/D,S/D,Caída ocupante,S/D,S/D,Cordón divisorio,S/D,"-32.8813013, -60.6961343",['Rondeau 3700'],1,Rondeau 3700,-32.8813013,-60.6961343,55.0,538.0,Municipio Rosario,Municipio,Rosario,820210,Servicio de Catastro e Información Territorial,IGN
2012,8292,2012-06-30,Sabado,0.0,10:30:00,,0.0,2,"Moto/Ciclomotor,Peatón",Bv. Rondeau Y Maciel,2,2,0,0,0,0,0,,Avenida,,ROSARIO,Rosario,Asfalto,No existe,II,Dentro,Urbana,S/D,No existe,Intersección,Bueno,Buena,Diurna,Buen Tiempo,S/D,S/D,Atropello,S/D,S/D,Cordón divisorio,S/D,POINT (-60.689565099999996 -32.90381935),"['Rondeau', 'Maciel']",2,Bulevar General José Rondeau; Maciel,-32.90381935,-60.6895651,55.0,538.0,Municipio Rosario,Municipio,Rosario,820210,Servicio de Catastro e Información Territorial,IGN
2012,8293,2012-06-18,Lunes,0.0,18:20:00,,0.0,2,"Automóvil,Peatón",Matheu Y Bv. Rondeau,2,1,0,0,1,0,0,,Avenida,,ROSARIO,Rosario,Asfalto,No existe,II,Dentro,Urbana,S/D,S/D,Recta,Bueno,Buena,Atardecer,Buen Tiempo,S/D,S/D,Atropello,S/D,S/D,S/D,S/D,POINT (-60.694274275000005 -32.888422175),"['Matheu', 'Rondeau']",2,Domingo Matheu; Bulevar General José Rondeau,-32.888422175,-60.694274275000005,55.0,538.0,Municipio Rosario,Municipio,Rosario,820210,Servicio de Catastro e Información Territorial,IGN
2012,8295,2012-06-09,Sabado,0.0,09:00:00,,0.0,2,"Moto/Ciclomotor,Automóvil",San Lorenzo Y Matienzo,2,1,0,0,1,0,0,,S/D,,ROSARIO,Rosario,Asfalto,S/D,II,S/D,S/D,S/D,S/D,Intersección,Bueno,S/D,S/D,Buen Tiempo,S/D,S/D,Colisión,S/D,S/D,Barrera de hormigón,S/D,POINT (-60.6948999 -32.9340297),"['San Lorenzo', 'Matienzo']",2,San Lorenzo; Benjamín Matienzo,-32.9340297,-60.6948999,55.0,538.0,Municipio Rosario,Municipio,Rosario,820210,Servicio de Catastro e Información Territorial,IGN
2012,8296,2012-08-03,Viernes,0.0,04:10:00,,0.0,2,"Moto/Ciclomotor,Automóvil",Av. Arijon 170,2,0,0,0,1,1,0,,Avenida,,ROSARIO,Rosario,Asfalto,S/D,II,Dentro,Urbana,Ninguna,No existe,Recta,Bueno,S/D,Nocturna,S/D,S/D,S/D,Caída ocupante,Otro,S/D,Ninguna,Sin restricción,"-33.0033024, -60.6572523",['Arijon 170'],1,Arijon 170,-33.0033024,-60.6572523,55.0,538.0,Municipio Rosario,Municipio,Rosario,820210,Servicio de Catastro e Información Territorial,IGN
2012,8302,2012-06-24,Domingo,0.0,10:30:00,,0.0,2,"Pickup/Utilitario,Moto/Ciclomotor",AVELLANEDA  Y SAN LORENZO,4,2,0,0,2,0,0,,S/D,,ROSARIO,Rosario,Asfalto,No existe,II,S/D,Urbana,Semáforo,Funciona,Intersección,Bueno,S/D,Diurna,S/D,Frontal,S/D,Colisión,S/D,Horizontal,S/D,Sin restricción,POINT (-60.67856895 -32.936793300000005),"['Avellaneda', 'San Lorenzo']",2,Bulevar Nicolás Avellaneda; San Lorenzo,-32.936793300000005,-60.67856895,55.0,538.0,Municipio Rosario,Municipio,Rosario,820210,Servicio de Catastro e Información Territorial,IGN
2012,8304,2012-06-25,Lunes,0.0,22:00:00,,0.0,2,"Automóvil,Moto/Ciclomotor",Peru Y French,3,1,0,0,2,0,0,,Calle,,ROSARIO,Rosario,Asfalto,S/D,II,S/D,S/D,Ninguna,S/D,Intersección,Bueno,S/D,S/D,S/D,S/D,S/D,Colisión,S/D,S/D,S/D,S/D,POINT (-60.7121846 -32.92176010000001),"['Peru', 'French']",2,Perú; Domingo French,-32.92176010000001,-60.7121846,55.0,538.0,Municipio Rosario,Municipio,Rosario,820210,Servicio de Catastro e Información Territorial,IGN
2012,8305,2012-06-08,Viernes,0.0,,,0.0,2,"Moto/Ciclomotor,Automóvil",Necochea Y Cerrito,2,1,0,0,1,0,0,,Calle,,ROSARIO,Rosario,Asfalto,Pavimento,II,S/D,S/D,Señal Pare,No existe,Intersección,Bueno,Buena,Diurna,Buen Tiempo,Frontal,S/D,Colisión,S/D,Vertical,S/D,Sin restricción,POINT (-60.628048699999994 -32.96436419999999),"['Necochea', 'Cerrito']",2,Necochea; Cerrito,-32.96436419999999,-60.6280487,55.0,538.0,Municipio Rosario,Municipio,Rosario,820210,Servicio de Catastro e Información Territorial,IGN
2012,8306,2012-06-05,Martes,0.0,19:00:00,,0.0,2,"Moto/Ciclomotor,Taxi/Remis",Colon Y Ituzaingo,2,1,0,0,1,0,0,,Calle,,ROSARIO,Rosario,Asfalto,Pavimento,II,S/D,Urbana,Señal Pare,No existe,Cruce,Bueno,Buena,Atardecer,Buen Tiempo,Frontal,S/D,Colisión,S/D,Vertical,Ninguna,Sin restricción,POINT (-60.62911900000001 -32.962965600000004),"['Colon', 'Ituzaingó']",2,Cristóbal Colón; Ituzaingó,-32.962965600000004,-60.62911900000001,55.0,538.0,Municipio Rosario,Municipio,Rosario,820210,Servicio de Catastro e Información Territorial,IGN
2012,8307,2012-06-05,Martes,0.0,14:00:00,,0.0,2,"Moto/Ciclomotor,Automóvil",Colon Y Cochabamba,2,0,1,0,1,0,0,,Calle,,ROSARIO,Rosario,Asfalto,Pavimento,II,S/D,Urbana,Señal Pare,No existe,Cruce,Bueno,Buena,Diurna,Buen Tiempo,Frontal,S/D,Colisión,S/D,Horizontal,S/D,Sin restricción,POINT (-60.62856320000001 -32.9607063),"['Colon', 'Cochabamba']",2,Cristóbal Colón; Cochabamba,-32.9607063,-60.62856320000001,55.0,538.0,Municipio Rosario,Municipio,Rosario,820210,Servicio de Catastro e Información Territorial,IGN
2012,8308,2012-06-26,Martes,0.0,22:15:00,,0.0,2,"Automóvil,Moto/Ciclomotor",Cerrito Y Necochea,3,2,0,0,1,0,0,,Calle,,ROSARIO,Rosario,Asfalto,S/D,II,S/D,Urbana,Señal Pare,No existe,Intersección,Bueno,Buena,Con luz artificial,Buen Tiempo,Lateral,S/D,Colisión,S/D,Vertical,S/D,Sin restricción,POINT (-60.628048699999994 -32.96436419999999),"['Cerrito', 'Necochea']",2,Cerrito; Necochea,-32.96436419999999,-60.6280487,55.0,538.0,Municipio Rosario,Municipio,Rosario,820210,Servicio de Catastro e Información Territorial,IGN
2012,8309,2012-06-02,Sabado,0.0,23:10:00,,0.0,1,Moto/Ciclomotor,J.J.PASO Y CHACO,2,1,0,0,1,0,0,,Calle,,ROSARIO,Rosario,Asfalto,S/D,II,Dentro,Urbana,Ninguna,S/D,Recta,Bueno,S/D,S/D,Buen Tiempo,S/D,S/D,Caída ocupante,S/D,Faltante,Ninguna,S/D,POINT (-60.69382300000001 -32.9196659),"['Paso', 'Chaco']",2,Avenida Juan José Paso; Chaco,-32.9196659,-60.69382300000001,55.0,538.0,Municipio Rosario,Municipio,Rosario,820210,Servicio de Catastro e Información Territorial,IGN
2012,8310,2012-06-05,Martes,0.0,19:00:00,,0.0,2,"Bicicleta,Automóvil",J.J.PASO Y CHACO,3,2,0,0,1,0,0,,Calle,,ROSARIO,Rosario,Asfalto,S/D,II,S/D,S/D,S/D,S/D,Intersección,Deteriorada,S/D,S/D,Buen Tiempo,S/D,S/D,Atropello,S/D,Faltante,S/D,Sin restricción,POINT (-60.69382300000001 -32.9196659),"['Paso', 'Chaco']",2,Avenida Juan José Paso; Chaco,-32.9196659,-60.69382300000001,55.0,538.0,Municipio Rosario,Municipio,Rosario,820210,Servicio de Catastro e Información Territorial,IGN
2012,8312,2012-06-05,Martes,0.0,14:30:00,,0.0,2,"Taxi/Remis,Moto/Ciclomotor",Av. Circunvalacion A Y J.J.Paso,2,1,0,0,1,0,0,,Avenida,,ROSARIO,Rosario,Asfalto,Pavimento,II,Dentro,Urbana,Ninguna,No existe,Recta,Bueno,Buena,Atardecer,Buen Tiempo,Frontal,S/D,Colisión,S/D,Horizontal,Barrera de hormigón,Sin restricción,POINT (-60.723727529563504 -32.92055900258326),"['Circunvalacion', 'Paso']",2,Avenida de Circunvalación 25 de Mayo; Avenida Juan José Paso,-32.92055900258326,-60.723727529563504,55.0,538.0,Municipio Rosario,Municipio,Rosario,820210,Servicio de Catastro e Información Territorial,IGN
2012,8313,2012-06-05,Martes,0.0,22:40:00,,0.0,2,"Pickup/Utilitario,Moto/Ciclomotor",COLECTORA  Y 25 DE MAYO,2,1,0,0,1,0,0,,Calle,,ROSARIO,Rosario,Asfalto,No existe,II,Dentro,Urbana,Ninguna,No existe,Recta,Bueno,Buena,Nocturna,Buen Tiempo,Frontal,S/D,Colisión,S/D,Horizontal,Ninguna,Sin restricción,POINT (-60.7048233 -32.876185899999996),"['Colectora', '25 de Mayo']",2,"('Colectora de Circunvalación', 'Juan Pablo II')",-32.8761859,-60.7048233,55.0,538.0,Municipio Rosario,Municipio,Rosario,820210,Servicio de Catastro e Información Territorial,IGN
2012,8314,2012-06-07,Jueves,0.0,18:30:00,,0.0,2,"Pickup/Utilitario,Moto/Ciclomotor",Gorriti Y Nicaragua,2,1,0,0,1,0,0,,Calle,,ROSARIO,Rosario,Asfalto,No existe,II,Dentro,Urbana,Ninguna,No existe,Recta,Bueno,Buena,Nocturna,Buen Tiempo,Lateral,S/D,Colisión,S/D,Horizontal,Ninguna,Sin restricción,POINT (-60.72141229999999 -32.9245796),"['Gorriti', 'Nicaragua']",2,Gorriti; Nicaragua,-32.9245796,-60.72141229999999,55.0,538.0,Municipio Rosario,Municipio,Rosario,820210,Servicio de Catastro e Información Territorial,IGN
2012,8316,2012-06-10,Domingo,0.0,22:00:00,,0.0,2,"Automóvil,Moto/Ciclomotor",ACEVEDO Y AV EVA PERON,3,2,0,0,1,0,0,,Avenida,,ROSARIO,Rosario,Asfalto,No existe,II,Dentro,Urbana,Ninguna,No existe,Recta,Bueno,Buena,Nocturna,Buen Tiempo,Frontal,S/D,Colisión,S/D,Horizontal,Barrera de hormigón,Sin restricción,POINT (-60.7498153 -32.926681499999994),"['Acevedo', 'Avenida Eva Perón']",2,Manuel Acevedo; Avenida Eva Perón,-32.926681499999994,-60.7498153,55.0,538.0,Municipio Rosario,Municipio,Rosario,820210,Servicio de Catastro e Información Territorial,IGN
2012,8318,2012-06-14,Jueves,0.0,17:00:00,,0.0,2,"Moto/Ciclomotor,Automóvil",BRASSEY Y DONADO,2,1,0,0,1,0,0,,Calle,,ROSARIO,Rosario,Asfalto,S/D,II,Dentro,Urbana,Ninguna,S/D,Recta,Bueno,S/D,S/D,Buen Tiempo,Frontal,S/D,Colisión,S/D,Horizontal,Barrera de hormigón,Sin restricción,POINT (-60.7276771 -32.92290909999999),"['Brassey', 'Donado']",2,Brassey; José Agustín Donado,-32.92290909999999,-60.7276771,55.0,538.0,Municipio Rosario,Municipio,Rosario,820210,Servicio de Catastro e Información Territorial,IGN
2012,8320,2012-06-20,Miercoles,0.0,22:30:00,,0.0,2,"Moto/Ciclomotor,Automóvil",Av. Eva Peron Y Muniagurria,2,1,0,0,1,0,0,,Avenida,,ROSARIO,Rosario,Asfalto,S/D,II,Dentro,Urbana,Ninguna,S/D,Recta,Bueno,S/D,S/D,Buen Tiempo,Frontal,S/D,Colisión,S/D,Vertical,Barrera de hormigón,Sin restricción,POINT (-60.733305349999995 -32.9293465),"['Avenida Eva Perón', 'Muniagurría']",2,Avenida Eva Perón; Muniagurría,-32.9293465,-60.73330535,55.0,538.0,Municipio Rosario,Municipio,Rosario,820210,Servicio de Catastro e Información Territorial,IGN
2012,8321,2012-06-22,Viernes,0.0,10:20:00,,0.0,2,"Automóvil,Moto/Ciclomotor",ACEVEDO Y LA REPUBLICA,2,1,0,0,1,0,0,,Calle,,ROSARIO,Rosario,Asfalto,No existe,II,Dentro,Urbana,Ninguna,No existe,Recta,Bueno,Buena,Amanecer,Buen Tiempo,Frontal,S/D,Colisión,S/D,Horizontal,Ninguna,Sin restricción,POINT (-60.748973400000004 -32.9195719),"['Acevedo', 'La República']",2,Manuel Acevedo; La República,-32.9195719,-60.7489734,55.0,538.0,Municipio Rosario,Municipio,Rosario,820210,Servicio de Catastro e Información Territorial,IGN
2012,8328,2012-08-14,Martes,0.0,00:30:00,,0.0,2,"Moto/Ciclomotor,Automóvil",Santa Fe Y Ricchieri,2,0,0,0,1,1,0,,Calle,,ROSARIO,Rosario,Asfalto,No existe,II,Dentro,Urbana,Semáforo,Funciona,Intersección,Bueno,Buena,Nocturna,Buen Tiempo,Lateral,S/D,Colisión,S/D,Horizontal,Ninguna,Sin restricción,POINT (-60.6625073 -32.94067769999999),"['Santa Fe', 'Ricchieri']",2,Santa Fe; Ricchieri,-32.94067769999999,-60.6625073,55.0,538.0,Municipio Rosario,Municipio,Rosario,820210,Servicio de Catastro e Información Territorial,IGN
2012,8330,2012-08-14,Martes,0.0,15:45:00,,0.0,5,"Moto/Ciclomotor,Automóvil,Automóvil,Automóvil,Automóvil",San Martin Y Rueda,5,0,0,0,4,1,0,,Avenida,,ROSARIO,Rosario,Asfalto,No existe,II,Dentro,Urbana,Semáforo,Funciona,Intersección,"Bueno,Resbaladiza",Buena,Nocturna,Lluvia,Múltiple,S/D,Colisión,Agua,Vertical,Línea divisoria pintada,S/D,POINT (-60.642861499999995 -32.9713425),"['San Martin', 'Rueda']",2,José de San Martín; Rueda,-32.9713425,-60.6428615,55.0,538.0,Municipio Rosario,Municipio,Rosario,820210,Servicio de Catastro e Información Territorial,IGN
2012,8332,2012-06-15,Viernes,0.0,01:40:00,,0.0,1,Automóvil,Bv. 27 De Febrero 400,1,1,0,0,0,0,0,,Avenida,,ROSARIO,Rosario,Asfalto,No existe,II,Dentro,Urbana,Ninguna,No existe,Recta,Bueno,Buena,Nocturna,Buen Tiempo,S/D,S/D,Despiste,S/D,S/D,Ninguna,Sin restricción,"-32.9692417, -60.6334073",['27 De Febrero 400'],1,27 De Febrero 400,-32.9692417,-60.6334073,55.0,538.0,Municipio Rosario,Municipio,Rosario,820210,Servicio de Catastro e Información Territorial,IGN
2012,8334,2012-06-25,Lunes,0.0,14:30:00,,0.0,2,"Automóvil,Automóvil",Bv. 27 De Febrero Y Ayacucho,2,1,0,0,1,0,0,,Avenida,,ROSARIO,Rosario,Asfalto,S/D,II,Dentro,Urbana,S/D,S/D,S/D,Bueno,S/D,S/D,Buen Tiempo,Lateral,S/D,Colisión,S/D,S/D,S/D,S/D,POINT (-60.6322277 -32.96960704999999),"['27 de Febrero', 'Ayacucho']",2,Bulevar 27 de Febrero; Ayacucho,-32.96960704999999,-60.6322277,55.0,538.0,Municipio Rosario,Municipio,Rosario,820210,Servicio de Catastro e Información Territorial,IGN
2012,8335,2012-06-20,Miercoles,0.0,12:45:00,,0.0,2,"Automóvil,Automóvil",Bv. Oroño Y Sanchez de Bustamante,3,1,0,0,2,0,0,,Avenida,,ROSARIO,Rosario,Asfalto,Pavimento,II,Dentro,Urbana,Semáforo,Funciona,Recta,Bueno,Buena,Diurna,Buen Tiempo,Lateral,S/D,Colisión,S/D,Vertical,Cordón divisorio,Sin restricción,POINT (-60.66506820000001 -33.00250765),"['Bulevar Nicasio Oroño', 'Sánchez de Bustamante']",2,Bulevar Nicasio Oroño; Sánchez de Bustamante,-33.00250765,-60.66506820000001,55.0,538.0,Municipio Rosario,Municipio,Rosario,820210,Servicio de Catastro e Información Territorial,IGN
2012,8336,2012-06-22,Viernes,0.0,21:00:00,,0.0,2,"Moto/Ciclomotor,Ambulancia",Bv. Oroño Y Av. Ntra.Sra.del Rosario,3,2,0,0,1,0,0,,Avenida,,ROSARIO,Rosario,Asfalto,Pavimento,II,Dentro,Urbana,Ninguna,Funciona,Cruce,Bueno,Buena,Nocturna,Buen Tiempo,Frontal,S/D,Colisión,S/D,Vertical,Ninguna,Sin restricción,POINT (-60.665137900000005 -33.000583799999994),"['Bulevar Nicasio Oroño', 'Nuestra Señora del Rosario']",2,Bulevar Nicasio Oroño; Puente Nuestra Señora del Rosario,-33.000583799999994,-60.665137900000005,55.0,538.0,Municipio Rosario,Municipio,Rosario,820210,Servicio de Catastro e Información Territorial,IGN
2012,8338,2012-06-26,Martes,0.0,12:30:00,,0.0,2,"Moto/Ciclomotor,Taxi/Remis",Maipu Y Gaboto,2,1,0,0,1,0,0,,Calle,,ROSARIO,Rosario,Asfalto,No existe,II,Dentro,Urbana,Marca Vial,No existe,Intersección,Bueno,Buena,Diurna,Buen Tiempo,Lateral,S/D,Colisión,S/D,Vertical,Ninguna,Sin restricción,POINT (-60.642193 -32.97384099999999),"['Maipú', 'Gaboto']",2,Maipú; Gaboto,-32.97384099999999,-60.642193,55.0,538.0,Municipio Rosario,Municipio,Rosario,820210,Servicio de Catastro e Información Territorial,IGN
2012,8339,2012-06-25,Lunes,0.0,18:00:00,,0.0,2,"Peatón,Automóvil",Ituzaingo Y L.N.Alem,2,1,0,0,1,0,0,,Calle,,ROSARIO,Rosario,Asfalto,S/D,II,S/D,Urbana,S/D,S/D,S/D,Bueno,S/D,Atardecer,Buen Tiempo,S/D,S/D,Atropello,S/D,S/D,S/D,S/D,POINT (-60.6318472 -32.9624805),"['Ituzaingó', 'Alem']",2,Ituzaingó; Leandro N. Alem,-32.9624805,-60.6318472,55.0,538.0,Municipio Rosario,Municipio,Rosario,820210,Servicio de Catastro e Información Territorial,IGN
2012,8341,2012-06-24,Domingo,0.0,21:00:00,,0.0,2,"Pickup/Utilitario,Moto/Ciclomotor",Rivadavia Y Av. Ovidio Lagos,2,1,0,0,1,0,0,,Avenida,,ROSARIO,Rosario,Asfalto,No existe,II,Dentro,Urbana,Ninguna,No existe,Intersección,Bueno,Buena,Nocturna,Buen Tiempo,Frontal,S/D,Colisión,S/D,Faltante,Cordón divisorio,Sin restricción,POINT (-60.672997499999994 -32.989899199999996),"['Rivadavia', 'Avenida Ovidio Lagos']",2,Avenida Bernardino Rivadavia; Avenida Ovidio Lagos,-32.9898992,-60.6729975,55.0,538.0,Municipio Rosario,Municipio,Rosario,820210,Servicio de Catastro e Información Territorial,IGN
2012,8343,2012-06-27,Miercoles,0.0,16:30:00,,0.0,2,"Moto/Ciclomotor,Automóvil",La Paz Y Buenos Aires,3,1,0,0,2,0,0,,Calle,,ROSARIO,Rosario,Asfalto,S/D,II,S/D,Urbana,Ninguna,S/D,S/D,Bueno,S/D,S/D,Buen Tiempo,Frontal,S/D,Colisión,S/D,Horizontal,Ninguna,S/D,POINT (-60.6371524 -32.96514349999999),"['La Paz', 'Buenos Aires']",2,La Paz; Buenos Aires,-32.96514349999999,-60.6371524,55.0,538.0,Municipio Rosario,Municipio,Rosario,820210,Servicio de Catastro e Información Territorial,IGN
2012,8344,2012-06-26,Martes,0.0,17:20:00,,0.0,2,"Moto/Ciclomotor,Moto/Ciclomotor",Av. Ovidio Lagos Y Bv. Segui,2,1,0,0,1,0,0,,Avenida,,ROSARIO,Rosario,Asfalto,No existe,II,Dentro,Urbana,Semáforo,Funciona,Intersección,Bueno,Buena,Atardecer,Buen Tiempo,Frontal,S/D,Colisión,S/D,Vertical,Cordón divisorio,S/D,POINT (-60.66940506666666 -32.974966166666654),"['Avenida Ovidio Lagos', 'Bulevar Juan Francisco Seguí']",2,Avenida Ovidio Lagos; Bulevar Juan Francisco Seguí,-32.974966166666654,-60.66940506666666,55.0,538.0,Municipio Rosario,Municipio,Rosario,820210,Servicio de Catastro e Información Territorial,IGN
2012,8346,2012-06-26,Martes,0.0,17:20:00,,0.0,2,"Taxi/Remis,Otros",Bv. Segui ,3,2,0,0,1,0,0,,Avenida,,ROSARIO,Rosario,Asfalto,No existe,II,Dentro,Urbana,Semáforo,No existe,Recta,Bueno,Buena,Atardecer,Buen Tiempo,Frontal,S/D,Colisión,S/D,Vertical,Cordón divisorio,Sin restricción,"-32.9705861, -60.692576",['Bulevar Juan Francisco Seguí'],1,Bulevar Juan Francisco Seguí,-32.9705861,-60.692576,55.0,538.0,Municipio Rosario,Municipio,Rosario,820210,Servicio de Catastro e Información Territorial,IGN
2012,8347,2012-06-27,Miercoles,0.0,22:00:00,,0.0,2,"Automóvil,Automóvil",Bv. Segui Y Francia F,3,2,0,0,1,0,0,,Avenida,,ROSARIO,Rosario,Asfalto,No existe,II,Dentro,Urbana,Semáforo,Funciona,Intersección,Bueno,Buena,"Nocturna,Con luz artificial",Buen Tiempo,Frontal,S/D,Colisión,S/D,Vertical,Cordón divisorio,Sin restricción,POINT (-60.673763175 -32.97418725),"['Bulevar Juan Francisco Seguí', 'Avenida Francia']",2,Bulevar Juan Francisco Seguí; Avenida Francia,-32.97418725,-60.673763175,55.0,538.0,Municipio Rosario,Municipio,Rosario,820210,Servicio de Catastro e Información Territorial,IGN
2012,8349,2012-06-27,Miercoles,0.0,12:30:00,,0.0,2,"Moto/Ciclomotor,Automóvil",Necochea Y Cerrito,4,1,0,0,3,0,0,,Calle,,ROSARIO,Rosario,Asfalto,S/D,II,Dentro,Urbana,S/D,S/D,S/D,Bueno,S/D,S/D,Buen Tiempo,Otro,S/D,Colisión,S/D,S/D,Ninguna,S/D,POINT (-60.628048699999994 -32.96436419999999),"['Necochea', 'Cerrito']",2,Necochea; Cerrito,-32.96436419999999,-60.6280487,55.0,538.0,Municipio Rosario,Municipio,Rosario,820210,Servicio de Catastro e Información Territorial,IGN