anio_acci,nro_acci,fecha,desc_dia,fecha_aprox,hora_aprox,desc_ruta,km,cant_participantes,desc_participante,calle_avenida_km,total,heridos_leves,heridos_graves,heridos_gravisimos,ilesos,fallecidos,sin_datos,posicion_XY,desc_tipo_via,desc_ruta_ori,desc_loc,desc_dpto,desc_tipo_calzada,desc_tipo_banquina,desc_unidad_regional,desc_lugar_calzada,desc_zona,desc_prioridad,desc_estado_semaforo,desc_lugar_via,desc_estado_via,desc_estado_visibilidad,desc_luminosidad,desc_estado_clima,desc_tipo_colision,desc_tipo_atropello,desc_tipo_hecho,desc_pres_calzada,desc_senializacion,desc_separacion_via,desc_restriccion,forma_geocod,calle_lista,numero_calles,calles_osm,lat,lon,index_right,gid,fna,gna,nam,in1,fdc,sag
2012,8350,2012-06-29,Viernes,0.0,12:30:00,,0.0,2,"Moto/Ciclomotor,Otros",Gaboto Y Av. Francia,3,2,0,0,1,0,0,,Calle,,ROSARIO,Rosario,Asfalto,No existe,II,Dentro,Urbana,Ninguna,No existe,Curva,Bueno,Buena,Diurna,Buen Tiempo,Lateral,S/D,Colisión,S/D,Faltante,Vegetación,Sin restricción,POINT (-60.67231915 -32.9684749),"['Gaboto', 'Avenida Francia']",2,Gaboto; Avenida Francia,-32.9684749,-60.67231915,55.0,538.0,Municipio Rosario,Municipio,Rosario,820210,Servicio de Catastro e Información Territorial,IGN
2012,8353,2012-06-28,Jueves,0.0,15:00:00,,0.0,2,"Automóvil,Moto/Ciclomotor",Av. Francia 5200,2,1,0,0,1,0,0,,Avenida,,ROSARIO,Rosario,Asfalto,No existe,II,Dentro,Urbana,Ninguna,No existe,Recta,Bueno,Buena,Atardecer,Buen Tiempo,S/D,S/D,Despiste,S/D,Faltante,Cordón divisorio,Sin restricción,"-32.9349356, -60.6639852",['Francia 5200'],1,Francia 5200,-32.9349356,-60.6639852,55.0,538.0,Municipio Rosario,Municipio,Rosario,820210,Servicio de Catastro e Información Territorial,IGN
2012,8354,2012-06-24,Domingo,0.0,20:00:00,,0.0,2,"Bicicleta,Automóvil",Saavedra Y Av. Ovidio Lagos,2,1,0,0,1,0,0,,Avenida,,ROSARIO,Rosario,Asfalto,No existe,II,Dentro,Urbana,Ninguna,No existe,Intersección,Bueno,Buena,Nocturna,Buen Tiempo,Frontal,S/D,Colisión,S/D,Faltante,Cordón divisorio,Sin restricción,POINT (-60.6691044 -32.973831099999984),"['Saavedra', 'Avenida Ovidio Lagos']",2,Saavedra; Avenida Ovidio Lagos,-32.973831099999984,-60.6691044,55.0,538.0,Municipio Rosario,Municipio,Rosario,820210,Servicio de Catastro e Información Territorial,IGN
2012,8356,2012-06-24,Domingo,0.0,21:10:00,,0.0,2,"Pickup/Utilitario,Pickup/Utilitario",Av. Ovidio Lagos Y Benito Juarez,3,0,1,0,2,0,0,,Avenida,,ROSARIO,Rosario,Asfalto,No existe,II,Dentro,Urbana,Ninguna,No existe,Curva,Bueno,Buena,Nocturna,Buen Tiempo,Frontal,S/D,Colisión,S/D,Faltante,Cordón divisorio,Sin restricción,POINT (-60.67388115 -32.99371054999999),"['Avenida Ovidio Lagos', 'Benito Juárez']",2,Avenida Ovidio Lagos; Benito Juárez,-32.99371054999999,-60.67388115,55.0,538.0,Municipio Rosario,Municipio,Rosario,820210,Servicio de Catastro e Información Territorial,IGN
2012,8359,2012-06-27,Miercoles,0.0,15:40:00,,0.0,2,"Moto/Ciclomotor,Automóvil",Bv. 27 De Febrero Y Maipu,2,1,0,0,1,0,0,,Avenida,,ROSARIO,Rosario,Asfalto,No existe,II,S/D,Urbana,Semáforo,S/D,S/D,Bueno,Buena,Diurna,Buen Tiempo,De alcance,S/D,Colisión,S/D,Vertical,Cordón divisorio,S/D,POINT (-60.640725849999995 -32.9680891),"['27 de Febrero', 'Maipú']",2,Bulevar 27 de Febrero; Maipú,-32.9680891,-60.64072585,55.0,538.0,Municipio Rosario,Municipio,Rosario,820210,Servicio de Catastro e Información Territorial,IGN
2012,8360,2012-06-06,Miercoles,0.0,17:20:00,,0.0,2,"Moto/Ciclomotor,Automóvil",Bv. 27 De Febrero Y Av. Corrientes,3,1,0,0,2,0,0,,Avenida,,ROSARIO,Rosario,Asfalto,S/D,II,Dentro,Urbana,S/D,Funciona,Intersección,Bueno,Buena,Diurna,Buen Tiempo,Lateral,S/D,Colisión,S/D,Vertical,S/D,S/D,POINT (-60.64767495000001 -32.9668455),"['27 de Febrero', 'Corrientes']",2,Bulevar 27 de Febrero; Corrientes,-32.9668455,-60.64767495000001,55.0,538.0,Municipio Rosario,Municipio,Rosario,820210,Servicio de Catastro e Información Territorial,IGN
2012,8361,2012-06-01,Viernes,0.0,13:20:00,,0.0,2,"Moto/Ciclomotor,Automóvil",Godoy Cruz Y Larrea,2,1,0,0,1,0,0,,S/D,,ROSARIO,Rosario,Asfalto,No existe,II,S/D,Urbana,Semáforo,Funciona,Intersección,Deteriorada,Buena,Diurna,Buen Tiempo,Lateral,S/D,Colisión,Otro,Vertical,Ninguna,Sin restricción,POINT (-60.6964425 -32.960417899999996),"['Avenida Presidente Perón', 'Larrea']",2,Avenida Presidente Perón; Larrea,-32.9604179,-60.6964425,55.0,538.0,Municipio Rosario,Municipio,Rosario,820210,Servicio de Catastro e Información Territorial,IGN
2012,8362,2012-06-04,Lunes,0.0,10:00:00,,0.0,2,"Moto/Ciclomotor,Automóvil",P.L.Funes Y Amenabar,2,1,0,0,1,0,0,,Calle,,ROSARIO,Rosario,Asfalto,No existe,II,Dentro,Urbana,Ninguna,No existe,Intersección,Deteriorada,Buena,S/D,S/D,Lateral,S/D,Colisión,Otro,Faltante,Ninguna,Sin restricción,POINT (-60.70024719999999 -32.963668799999994),"['Funes', 'Amenabar']",2,Deán Gregorio Funes; José de Amenábar,-32.963668799999994,-60.70024719999999,55.0,538.0,Municipio Rosario,Municipio,Rosario,820210,Servicio de Catastro e Información Territorial,IGN
2012,8363,2012-06-06,Miercoles,0.0,21:00:00,,0.0,2,"Moto/Ciclomotor,Transporte de Pasajeros Urbano (> 8 asientos)",Gaboto Y P.L.Funes,2,1,0,0,1,0,0,,Calle,,ROSARIO,Rosario,Asfalto,No existe,II,Dentro,Urbana,Ninguna,No existe,Intersección,Deteriorada,Buena,S/D,S/D,Lateral,S/D,Colisión,Otro,Faltante,Ninguna,S/D,POINT (-60.7002007 -32.96482920000001),"['Gaboto', 'Funes']",2,Gaboto; Deán Gregorio Funes,-32.96482920000001,-60.7002007,55.0,538.0,Municipio Rosario,Municipio,Rosario,820210,Servicio de Catastro e Información Territorial,IGN
2012,8364,2012-06-06,Miercoles,0.0,20:00:00,,0.0,2,"Moto/Ciclomotor,Automóvil",Dean Funes Y Matienzo,2,1,0,0,1,0,0,,S/D,,ROSARIO,Rosario,Asfalto,No existe,II,S/D,Urbana,S/D,No existe,Intersección,Deteriorada,Buena,S/D,S/D,Lateral,S/D,Colisión,Otro,Faltante,Ninguna,Sin restricción,POINT (-60.69364360000001 -32.9669714),"['Deán Gregorio Funes', 'Matienzo']",2,Deán Gregorio Funes; Benjamín Matienzo,-32.9669714,-60.69364360000001,55.0,538.0,Municipio Rosario,Municipio,Rosario,820210,Servicio de Catastro e Información Territorial,IGN
2012,8365,2012-06-06,Miercoles,0.0,10:30:00,,0.0,2,"Moto/Ciclomotor,Taxi/Remis",Bv. Oroño Y Cochabamba,3,1,0,0,2,0,0,,Avenida,,ROSARIO,Rosario,Asfalto,S/D,II,Dentro,Urbana,S/D,S/D,Intersección,Bueno,Buena,Diurna,Buen Tiempo,Lateral,S/D,Colisión,S/D,S/D,S/D,S/D,POINT (-60.656339 -32.9556154),"['Bulevar Nicasio Oroño', 'Cochabamba']",2,Bulevar Nicasio Oroño; Cochabamba,-32.9556154,-60.656339,55.0,538.0,Municipio Rosario,Municipio,Rosario,820210,Servicio de Catastro e Información Territorial,IGN
2012,8366,2012-06-06,Miercoles,0.0,12:00:00,,0.0,2,"Moto/Ciclomotor,Automóvil",Bv. 27 De Febrero Y Magallanes,2,1,0,0,1,0,0,,S/D,,ROSARIO,Rosario,Asfalto,No existe,II,S/D,Urbana,S/D,S/D,Intersección,Deteriorada,Buena,S/D,Otro,Lateral,S/D,Colisión,Otro,S/D,Ninguna,Sin restricción,POINT (-60.70375729999999 -32.9591521),"['27 de Febrero', 'Magallanes']",2,Bulevar 27 de Febrero; Magallanes,-32.9591521,-60.70375729999999,55.0,538.0,Municipio Rosario,Municipio,Rosario,820210,Servicio de Catastro e Información Territorial,IGN
2012,8367,2012-06-06,Miercoles,0.0,11:00:00,,0.0,2,"Automóvil,Automóvil",Bv. 27 De Febrero Y Mariano Moreno,2,1,0,0,1,0,0,,Avenida,,ROSARIO,Rosario,Asfalto,S/D,II,Dentro,Urbana,S/D,Funciona,Recta,S/D,Buena,Diurna,Buen Tiempo,De alcance,S/D,Colisión,S/D,Vertical,S/D,S/D,POINT (-60.655918650000004 -32.96538055),"['27 de Febrero', 'Mariano Moreno']",2,Bulevar 27 de Febrero; Mariano Moreno,-32.96538055,-60.65591865,55.0,538.0,Municipio Rosario,Municipio,Rosario,820210,Servicio de Catastro e Información Territorial,IGN
2012,8368,2012-06-25,Lunes,0.0,18:30:00,,0.0,2,"Peatón,Moto/Ciclomotor",24 De Setiembre Y Constitucion,2,1,0,0,1,0,0,,Calle,,ROSARIO,Rosario,Tierra,No existe,II,Dentro,Urbana,Ninguna,No existe,Otro,Bueno,Buena,Atardecer,Buen Tiempo,S/D,S/D,Atropello,S/D,Faltante,Ninguna,Sin restricción,POINT (-60.68221270000001 -32.9738846),"['24 de Septiembre', 'Constitución']",2,24 de Septiembre; Constitución,-32.9738846,-60.68221270000001,55.0,538.0,Municipio Rosario,Municipio,Rosario,820210,Servicio de Catastro e Información Territorial,IGN
2012,8369,2012-06-09,Sabado,0.0,12:30:00,,0.0,2,"Moto/Ciclomotor,Taxi/Remis",Virasoro Y Garzon,2,1,0,0,1,0,0,,Calle,,ROSARIO,Rosario,Asfalto,No existe,II,Dentro,Urbana,S/D,No existe,Intersección,Deteriorada,Buena,S/D,S/D,Lateral,S/D,Colisión,Otro,Faltante,Ninguna,Sin restricción,POINT (-60.704829600000004 -32.9614203),"['Virasoro', 'Garzón']",2,Benjamín Virasoro; Garzón,-32.9614203,-60.7048296,55.0,538.0,Municipio Rosario,Municipio,Rosario,820210,Servicio de Catastro e Información Territorial,IGN
2012,8370,2012-06-05,Martes,0.0,18:10:00,,0.0,4,"Taxi/Remis,Automóvil,Automóvil,Automóvil",Mitre Y Riobamba,6,1,0,0,5,0,0,,Calle,,ROSARIO,Rosario,Asfalto,S/D,II,Dentro,Urbana,S/D,S/D,Intersección,Bueno,Buena,Atardecer,Buen Tiempo,Múltiple,S/D,Colisión,S/D,S/D,S/D,S/D,POINT (-60.6437275 -32.96278260000001),"['Mitre', 'Riobamba']",2,Bartolomé Mitre; Riobamba,-32.96278260000001,-60.6437275,55.0,538.0,Municipio Rosario,Municipio,Rosario,820210,Servicio de Catastro e Información Territorial,IGN
2012,8371,2012-06-11,Lunes,0.0,19:00:00,,0.0,2,"Automóvil,Automóvil",Liniers Y Bv. 27 De Febrero,2,1,0,0,1,0,0,,Avenida,,ROSARIO,Rosario,Asfalto,No existe,II,Dentro,Urbana,Ninguna,No existe,Intersección,Deteriorada,Buena,S/D,Otro,Lateral,S/D,Colisión,Otro,Faltante,Ninguna,Sin restricción,POINT (-60.6978255 -32.958853149999996),"['Liniers', '27 de Febrero']",2,Liniers; Bulevar 27 de Febrero,-32.95885315,-60.6978255,55.0,538.0,Municipio Rosario,Municipio,Rosario,820210,Servicio de Catastro e Información Territorial,IGN
2012,8372,2012-06-11,Lunes,0.0,14:00:00,,0.0,2,"Moto/Ciclomotor,Automóvil",Ituzaingo Y Matienzo,2,1,0,0,1,0,0,,Calle,,ROSARIO,Rosario,Asfalto,No existe,II,Dentro,Urbana,S/D,No existe,Intersección,Deteriorada,Buena,S/D,S/D,Lateral,S/D,Colisión,Otro,Faltante,Ninguna,Sin restricción,POINT (-60.694264 -32.95171129999999),"['Ituzaingó', 'Matienzo']",2,Ituzaingó; Benjamín Matienzo,-32.95171129999999,-60.694264,55.0,538.0,Municipio Rosario,Municipio,Rosario,820210,Servicio de Catastro e Información Territorial,IGN
2012,8373,2012-06-12,Martes,0.0,08:00:00,,0.0,2,"Moto/Ciclomotor,Automóvil",Bv. 27 De Febrero Y Camilo Aldao,2,1,0,0,1,0,0,,S/D,,ROSARIO,Rosario,Asfalto,No existe,II,S/D,Urbana,Ninguna,No existe,Intersección,Deteriorada,Buena,S/D,S/D,Lateral,S/D,Colisión,Otro,Faltante,Ninguna,Sin restricción,POINT (-60.6952232 -32.95878234999999),"['27 de Febrero', 'Camilo Aldao']",2,Bulevar 27 de Febrero; Camilo Aldao,-32.95878234999999,-60.6952232,55.0,538.0,Municipio Rosario,Municipio,Rosario,820210,Servicio de Catastro e Información Territorial,IGN
2012,8374,2012-06-05,Martes,0.0,17:30:00,,0.0,2,"Automóvil,Automóvil",Paraguay Y Ocampo,2,2,0,0,0,0,0,,Calle,,ROSARIO,Rosario,Asfalto,S/D,II,Dentro,Urbana,S/D,S/D,Intersección,Bueno,Buena,Diurna,Buen Tiempo,Lateral,S/D,Colisión,S/D,S/D,S/D,S/D,POINT (-60.6487815 -32.965473599999996),"['Paraguay', 'Ocampo']",2,Paraguay; Ocampo,-32.9654736,-60.6487815,55.0,538.0,Municipio Rosario,Municipio,Rosario,820210,Servicio de Catastro e Información Territorial,IGN
2012,8375,2012-06-05,Martes,0.0,17:10:00,,0.0,2,"Moto/Ciclomotor,Automóvil",Bv. Oroño Y Rueda,2,1,0,0,1,0,0,,Avenida,,ROSARIO,Rosario,Asfalto,S/D,II,Dentro,Urbana,S/D,Funciona,Intersección,S/D,Buena,Diurna,Buen Tiempo,Lateral,S/D,Colisión,S/D,Vertical,S/D,S/D,POINT (-60.65951415 -32.96836919999999),"['Bulevar Nicasio Oroño', 'Rueda']",2,Bulevar Nicasio Oroño; Rueda,-32.96836919999999,-60.65951415,55.0,538.0,Municipio Rosario,Municipio,Rosario,820210,Servicio de Catastro e Información Territorial,IGN
2012,8376,2012-06-04,Lunes,0.0,12:30:00,,0.0,2,"Moto/Ciclomotor,Automóvil",Santiago Y Galvez,2,1,0,0,1,0,0,,Calle,,ROSARIO,Rosario,Asfalto,S/D,II,Dentro,Urbana,S/D,S/D,Intersección,Bueno,Buena,Diurna,Buen Tiempo,Lateral,S/D,Colisión,S/D,S/D,S/D,S/D,POINT (-60.661587 -32.9655974),"['Santiago', 'Galvez']",2,Santiago; José Gálvez,-32.9655974,-60.661587,55.0,538.0,Municipio Rosario,Municipio,Rosario,820210,Servicio de Catastro e Información Territorial,IGN
2012,8377,2012-06-04,Lunes,0.0,14:00:00,,0.0,2,"Moto/Ciclomotor,Automóvil",Av. Ovidio Lagos Y Bv. 27 De Febrero,3,1,0,0,2,0,0,,Avenida,,ROSARIO,Rosario,Asfalto,S/D,II,Dentro,Urbana,S/D,Funciona,Intersección,Bueno,Buena,Diurna,Buen Tiempo,Lateral,S/D,Colisión,S/D,Vertical,S/D,S/D,POINT (-60.66661663333334 -32.963496),"['Avenida Ovidio Lagos', '27 de Febrero']",2,Avenida Ovidio Lagos; Bulevar 27 de Febrero,-32.963496,-60.66661663333334,55.0,538.0,Municipio Rosario,Municipio,Rosario,820210,Servicio de Catastro e Información Territorial,IGN
2012,8378,2012-06-04,Lunes,0.0,13:20:00,,0.0,1,Moto/Ciclomotor,Ituzaingo Y Av. Corrientes,2,1,0,0,1,0,0,,Avenida,,ROSARIO,Rosario,Asfalto,S/D,II,Dentro,Urbana,S/D,S/D,Intersección,Bueno,S/D,Diurna,Buen Tiempo,Lateral,S/D,Colisión,S/D,S/D,S/D,S/D,POINT (-60.6459293 -32.959987399999996),"['Ituzaingó', 'Corrientes']",2,Ituzaingó; Corrientes,-32.9599874,-60.6459293,55.0,538.0,Municipio Rosario,Municipio,Rosario,820210,Servicio de Catastro e Información Territorial,IGN
2012,8393,2012-06-01,Viernes,0.0,14:00:00,,0.0,2,"Moto/Ciclomotor,Automóvil",Pueyrredon Y Jujuy,3,1,0,0,2,0,0,,Calle,,ROSARIO,Rosario,Asfalto,No existe,II,S/D,Urbana,Ninguna,No existe,Recta,Bueno,Buena,Diurna,Buen Tiempo,Otro,S/D,Colisión,Otro,Horizontal,Ninguna,Sin restricción,POINT (-60.655304 -32.93480099999999),"['Pueyrredón', 'Jujuy']",2,Pueyrredón; Jujuy,-32.93480099999999,-60.655304,55.0,538.0,Municipio Rosario,Municipio,Rosario,820210,Servicio de Catastro e Información Territorial,IGN
2012,8394,2012-06-02,Sabado,0.0,10:20:00,,0.0,2,"Moto/Ciclomotor,Automóvil",Pueyrredon Y Tucuman,2,1,0,0,1,0,0,,Calle,,ROSARIO,Rosario,Asfalto,No existe,II,S/D,Urbana,Ninguna,No existe,Recta,Bueno,Buena,Diurna,Buen Tiempo,Frontal,S/D,Colisión,S/D,Horizontal,Ninguna,Sin restricción,POINT (-60.65618919999999 -32.9383657),"['Pueyrredón', 'Tucumán']",2,Pueyrredón; Tucumán,-32.9383657,-60.65618919999999,55.0,538.0,Municipio Rosario,Municipio,Rosario,820210,Servicio de Catastro e Información Territorial,IGN
2012,8395,2012-06-13,Miercoles,0.0,06:00:00,,0.0,2,"Moto/Ciclomotor,Otros",Matienzo Y Uruguay,2,1,0,0,1,0,0,,S/D,,ROSARIO,Rosario,Asfalto,No existe,II,S/D,Urbana,Ninguna,No existe,Intersección,Deteriorada,Buena,S/D,Otro,Lateral,S/D,Colisión,Otro,Faltante,Ninguna,Sin restricción,POINT (-60.6936023 -32.9681451),"['Matienzo', 'Uruguay']",2,Benjamín Matienzo; Uruguay,-32.9681451,-60.6936023,55.0,538.0,Municipio Rosario,Municipio,Rosario,820210,Servicio de Catastro e Información Territorial,IGN
2012,8396,2012-06-13,Miercoles,0.0,18:30:00,,0.0,2,"Moto/Ciclomotor,Otros",Tte.Agneta Y Dean Funes,2,1,0,0,1,0,0,,S/D,,ROSARIO,Rosario,Asfalto,No existe,II,S/D,Urbana,Ninguna,No existe,Intersección,Deteriorada,Buena,S/D,S/D,Lateral,S/D,Colisión,Otro,Faltante,Ninguna,Sin restricción,POINT (-60.6987794 -32.9671084),"['Teniente Agneta', 'Deán Gregorio Funes']",2,Teniente Agneta; Deán Gregorio Funes,-32.9671084,-60.6987794,55.0,538.0,Municipio Rosario,Municipio,Rosario,820210,Servicio de Catastro e Información Territorial,IGN
2012,8397,2012-06-03,Domingo,0.0,07:15:00,,0.0,2,"Moto/Ciclomotor,Pickup/Utilitario",Santa Fe 3600,2,1,0,0,1,0,0,,Calle,,ROSARIO,Rosario,Asfalto,No existe,II,S/D,Urbana,Semáforo,Funciona,Recta,Bueno,Buena,Diurna,Buen Tiempo,Frontal,S/D,Colisión,S/D,Horizontal,Ninguna,Sin restricción,"-32.9389313, -60.6717798",['Santa Fe 3600'],1,Santa Fe 3600,-32.9389313,-60.6717798,55.0,538.0,Municipio Rosario,Municipio,Rosario,820210,Servicio de Catastro e Información Territorial,IGN
2012,8399,2012-06-13,Miercoles,0.0,09:00:00,,0.0,3,"Peatón,Peatón,Moto/Ciclomotor",MATIENZO Y LESGARZA,3,2,0,0,1,0,0,,S/D,,ROSARIO,Rosario,Asfalto,No existe,II,S/D,Urbana,Ninguna,No existe,Intersección,Deteriorada,Buena,S/D,Otro,S/D,S/D,Atropello,Otro,Faltante,Ninguna,Sin restricción,POINT (-60.69366130000001 -32.96646679999999),"['Matienzo', 'Joaquín Lejarza']",2,Benjamín Matienzo; Joaquín Lejarza,-32.96646679999999,-60.69366130000001,55.0,538.0,Municipio Rosario,Municipio,Rosario,820210,Servicio de Catastro e Información Territorial,IGN
2012,8402,2012-06-27,Miercoles,0.0,16:50:00,,0.0,2,"Automóvil,Moto/Ciclomotor",Rivadavia Y Av. Ovidio Lagos,3,2,0,0,1,0,0,,Avenida,,ROSARIO,Rosario,Asfalto,No existe,II,S/D,Urbana,Ninguna,No existe,Intersección,Bueno,Buena,Atardecer,Buen Tiempo,Lateral,S/D,Colisión,S/D,S/D,Cordón divisorio,Sin restricción,POINT (-60.672997499999994 -32.989899199999996),"['Rivadavia', 'Avenida Ovidio Lagos']",2,Avenida Bernardino Rivadavia; Avenida Ovidio Lagos,-32.9898992,-60.6729975,55.0,538.0,Municipio Rosario,Municipio,Rosario,820210,Servicio de Catastro e Información Territorial,IGN
2012,8403,2012-06-06,Miercoles,0.0,08:50:00,,0.0,2,"Bicicleta,Automóvil",Jujuy Y Av. Francia,2,1,0,0,1,0,0,,Calle,,ROSARIO,Rosario,Asfalto,No existe,II,Dentro,Urbana,Ninguna,No existe,Recta,Bueno,Buena,Diurna,Buen Tiempo,S/D,S/D,Atropello,S/D,Horizontal,Ninguna,Sin restricción,POINT (-60.6634714 -32.93337134999999),"['Jujuy', 'Avenida Francia']",2,Jujuy; Avenida Francia,-32.93337134999999,-60.6634714,55.0,538.0,Municipio Rosario,Municipio,Rosario,820210,Servicio de Catastro e Información Territorial,IGN
2012,8407,2012-06-14,Jueves,0.0,22:00:00,,0.0,2,"Moto/Ciclomotor,Automóvil",Camilo Aldao Y Saavedra,2,1,0,0,1,0,0,,S/D,,ROSARIO,Rosario,Asfalto,No existe,II,S/D,Urbana,Ninguna,No existe,Intersección,Deteriorada,Buena,S/D,Otro,Lateral,S/D,Colisión,Otro,Faltante,Ninguna,Sin restricción,POINT (-60.6948612 -32.9693382),"['Camilo Aldao', 'Saavedra']",2,Camilo Aldao; Saavedra,-32.9693382,-60.6948612,55.0,538.0,Municipio Rosario,Municipio,Rosario,820210,Servicio de Catastro e Información Territorial,IGN
2012,8408,2012-06-14,Jueves,0.0,01:00:00,,0.0,2,"Moto/Ciclomotor,Pickup/Utilitario",Av. Pte.Peron Y Camilo Aldao,3,2,0,0,1,0,0,,S/D,,ROSARIO,Rosario,Asfalto,No existe,II,S/D,Urbana,Ninguna,No existe,Intersección,Deteriorada,Buena,Nocturna,Otro,Lateral,S/D,Colisión,Otro,Faltante,Ninguna,Sin restricción,POINT (-60.695184749999996 -32.959782),"['Avenida Presidente Perón', 'Camilo Aldao']",2,Avenida Presidente Perón; Camilo Aldao,-32.959782,-60.69518475,55.0,538.0,Municipio Rosario,Municipio,Rosario,820210,Servicio de Catastro e Información Territorial,IGN
2012,8409,2012-06-08,Viernes,0.0,13:30:00,,0.0,2,"Moto/Ciclomotor,Pickup/Utilitario",Jujuy Y Rodriguez,2,1,0,0,1,0,0,,Calle,,ROSARIO,Rosario,Asfalto,No existe,II,S/D,Urbana,Semáforo,Funciona,Recta,Bueno,Buena,Diurna,Buen Tiempo,Frontal,S/D,Colisión,S/D,Horizontal,Ninguna,Sin restricción,POINT (-60.6566516 -32.9345621),"['Jujuy', 'Rodríguez']",2,Jujuy; Rodríguez de Escobedo,-32.9345621,-60.6566516,55.0,538.0,Municipio Rosario,Municipio,Rosario,820210,Servicio de Catastro e Información Territorial,IGN
2012,8411,2012-06-15,Viernes,0.0,12:15:00,,0.0,2,"Moto/Ciclomotor,Automóvil",BV SEGUI Y ESPINILLO,2,1,0,0,1,0,0,,S/D,,ROSARIO,Rosario,Asfalto,No existe,II,S/D,Urbana,Ninguna,No existe,Intersección,Deteriorada,Buena,Diurna,S/D,Lateral,S/D,Colisión,Otro,Faltante,Ninguna,Sin restricción,POINT (-60.69908875 -32.970709400000004),"['Bulevar Juan Francisco Seguí', 'Espinillo']",2,Bulevar Juan Francisco Seguí; Espinillo,-32.970709400000004,-60.69908875,55.0,538.0,Municipio Rosario,Municipio,Rosario,820210,Servicio de Catastro e Información Territorial,IGN
2012,8413,2012-06-09,Sabado,0.0,04:00:00,,0.0,2,"Moto/Ciclomotor,Moto/Ciclomotor",Callao Y Salta,2,1,0,0,1,0,0,,Calle,,ROSARIO,Rosario,Asfalto,S/D,II,S/D,Urbana,Semáforo,Funciona,Recta,Bueno,Buena,Nocturna,Buen Tiempo,Frontal,S/D,Colisión,S/D,S/D,Ninguna,Sin restricción,POINT (-60.6583919 -32.93552249999999),"['Callao', 'Salta']",2,Callao; Salta,-32.93552249999999,-60.6583919,55.0,538.0,Municipio Rosario,Municipio,Rosario,820210,Servicio de Catastro e Información Territorial,IGN
2012,8414,2012-06-15,Viernes,0.0,13:00:00,,0.0,2,"Moto/Ciclomotor,Automóvil",Roullon Y Pje. Lejarza,2,1,0,0,1,0,0,,S/D,,ROSARIO,Rosario,Asfalto,No existe,II,S/D,Urbana,Ninguna,No existe,Intersección,Deteriorada,Buena,Diurna,Otro,Lateral,S/D,Colisión,Otro,Faltante,Ninguna,Sin restricción,POINT (-60.70121775 -32.9666637),"['Alfredo Rouillón', 'Lejarza']",2,Alfredo Rouillón; Joaquín Lejarza,-32.9666637,-60.70121775,55.0,538.0,Municipio Rosario,Municipio,Rosario,820210,Servicio de Catastro e Información Territorial,IGN
2012,8415,2012-06-10,Domingo,0.0,06:05:00,,0.0,1,Moto/Ciclomotor,Pueyrredon Y Urquiza,2,2,0,0,0,0,0,,Calle,,ROSARIO,Rosario,Asfalto,No existe,II,S/D,Urbana,Ninguna,No existe,Otro,Bueno,Buena,Amanecer,Buen Tiempo,S/D,S/D,Caída ocupante,Otro,Horizontal,Ninguna,Sin restricción,POINT (-60.6564923 -32.9395203),"['Pueyrredón', 'Urquiza']",2,Pueyrredón; Justo José de Urquiza,-32.9395203,-60.6564923,55.0,538.0,Municipio Rosario,Municipio,Rosario,820210,Servicio de Catastro e Información Territorial,IGN
2012,8416,2012-06-16,Sabado,0.0,23:00:00,,0.0,2,"Peatón,Moto/Ciclomotor",Pje. 1845 Y Roullon,2,2,0,0,0,0,0,,S/D,,ROSARIO,Rosario,Asfalto,No existe,II,S/D,Urbana,Ninguna,No existe,Intersección,Deteriorada,Buena,S/D,Otro,S/D,S/D,Atropello,Otro,Faltante,Ninguna,Sin restricción,POINT (-60.70081025 -32.97759695),"['Alfredo Jorge Vázquez', 'Alfredo Rouillón']",2,Alfredo Jorge Vázquez; Alfredo Rouillón,-32.97759695,-60.70081025,55.0,538.0,Municipio Rosario,Municipio,Rosario,820210,Servicio de Catastro e Información Territorial,IGN
2012,8417,2012-06-16,Sabado,0.0,17:00:00,,0.0,2,"Moto/Ciclomotor,Automóvil",Roullon Y Pje. 1845,2,1,0,0,1,0,0,,S/D,,ROSARIO,Rosario,Asfalto,No existe,II,S/D,Urbana,Ninguna,No existe,Intersección,Deteriorada,Buena,S/D,Otro,Lateral,S/D,Colisión,S/D,Faltante,Ninguna,Sin restricción,POINT (-60.70081025 -32.97759695),"['Alfredo Rouillón', 'Alfredo Jorge Vázquez']",2,Alfredo Rouillón; Alfredo Jorge Vázquez,-32.97759695,-60.70081025,55.0,538.0,Municipio Rosario,Municipio,Rosario,820210,Servicio de Catastro e Información Territorial,IGN
2012,8418,2012-06-18,Lunes,0.0,13:30:00,,0.0,2,"Peatón,Moto/Ciclomotor",Fraga Y Av. Pte.Peron,1,1,0,0,0,0,0,,Avenida,,ROSARIO,Rosario,Asfalto,No existe,II,S/D,Urbana,Ninguna,No existe,Intersección,Deteriorada,Buena,S/D,Otro,S/D,S/D,Atropello,Otro,Faltante,Ninguna,S/D,POINT (-60.709166700000004 -32.96681155),"['Fraga', 'Avenida Presidente Perón']",2,Rosendo María Fraga; Avenida Presidente Perón,-32.96681155,-60.7091667,55.0,538.0,Municipio Rosario,Municipio,Rosario,820210,Servicio de Catastro e Información Territorial,IGN