anio_acci,nro_acci,fecha,desc_dia,fecha_aprox,hora_aprox,desc_ruta,km,cant_participantes,desc_participante,calle_avenida_km,total,heridos_leves,heridos_graves,heridos_gravisimos,ilesos,fallecidos,sin_datos,posicion_XY,desc_tipo_via,desc_ruta_ori,desc_loc,desc_dpto,desc_tipo_calzada,desc_tipo_banquina,desc_unidad_regional,desc_lugar_calzada,desc_zona,desc_prioridad,desc_estado_semaforo,desc_lugar_via,desc_estado_via,desc_estado_visibilidad,desc_luminosidad,desc_estado_clima,desc_tipo_colision,desc_tipo_atropello,desc_tipo_hecho,desc_pres_calzada,desc_senializacion,desc_separacion_via,desc_restriccion,forma_geocod,calle_lista,numero_calles,calles_osm,lat,lon,index_right,gid,fna,gna,nam,in1,fdc,sag
2012,8423,2012-06-13,Miercoles,0.0,07:00:00,,0.0,2,"Moto/Ciclomotor,Automóvil",Crespo Y Salta,2,1,0,0,1,0,0,,Calle,,ROSARIO,Rosario,Asfalto,No existe,II,S/D,Urbana,Ninguna,Funciona,Recta,Bueno,Buena,Amanecer,Buen Tiempo,Frontal,S/D,Colisión,S/D,S/D,Ninguna,Sin restricción,POINT (-60.6665068 -32.93408000000001),"['Crespo', 'Salta']",2,Crespo; Salta,-32.93408000000001,-60.6665068,55.0,538.0,Municipio Rosario,Municipio,Rosario,820210,Servicio de Catastro e Información Territorial,IGN
2012,8424,2012-06-27,Miercoles,0.0,21:00:00,,0.0,2,"Moto/Ciclomotor,Automóvil",Roullon Y Pje. 1829,2,1,0,0,1,0,0,,S/D,,ROSARIO,Rosario,Asfalto,No existe,II,S/D,Urbana,Ninguna,No existe,Intersección,Deteriorada,Buena,S/D,S/D,Lateral,S/D,Colisión,Otro,Faltante,Ninguna,Sin restricción,POINT (-60.70095635 -32.973696450000006),"['Alfredo Rouillón', 'Pierina Pasotti']",2,Alfredo Rouillón; Pierina Pasotti,-32.973696450000006,-60.70095635,55.0,538.0,Municipio Rosario,Municipio,Rosario,820210,Servicio de Catastro e Información Territorial,IGN
2012,8425,2012-06-17,Domingo,0.0,09:30:00,,0.0,2,"Automóvil,Pickup/Utilitario",Callao Y Brown,2,1,0,0,1,0,0,,Calle,,ROSARIO,Rosario,Asfalto,No existe,II,S/D,Urbana,Semáforo,Funciona,Recta,Otro,Buena,Diurna,Buen Tiempo,Frontal,S/D,Colisión,Agua,Horizontal,Ninguna,Sin restricción,POINT (-60.6577969 -32.9331877),"['Callao', 'Brown']",2,Callao; Almirante Brown,-32.9331877,-60.6577969,55.0,538.0,Municipio Rosario,Municipio,Rosario,820210,Servicio de Catastro e Información Territorial,IGN
2012,8427,2012-06-27,Miercoles,0.0,11:00:00,,0.0,2,"Peatón,Automóvil",Saavedra Y Solis,2,1,0,0,1,0,0,,Calle,,ROSARIO,Rosario,Asfalto,No existe,II,S/D,Urbana,S/D,No existe,Intersección,Deteriorada,Buena,S/D,S/D,S/D,S/D,Atropello,Otro,Faltante,Ninguna,Sin restricción,POINT (-60.702066200000004 -32.9695545),"['Saavedra', 'Solis']",2,Saavedra; Juan Díaz de Solís,-32.9695545,-60.7020662,55.0,538.0,Municipio Rosario,Municipio,Rosario,820210,Servicio de Catastro e Información Territorial,IGN
2012,8428,2012-06-17,Domingo,0.0,18:45:00,,0.0,2,"Moto/Ciclomotor,Automóvil",Callao Y Brown,2,1,0,0,1,0,0,,Calle,,ROSARIO,Rosario,Asfalto,No existe,II,S/D,Urbana,Semáforo,Funciona,Recta,Bueno,Buena,Diurna,Buen Tiempo,Frontal,S/D,Colisión,S/D,Horizontal,Ninguna,Sin restricción,POINT (-60.6577969 -32.9331877),"['Callao', 'Brown']",2,Callao; Almirante Brown,-32.9331877,-60.6577969,55.0,538.0,Municipio Rosario,Municipio,Rosario,820210,Servicio de Catastro e Información Territorial,IGN
2012,8429,2012-06-19,Martes,0.0,10:00:00,,0.0,2,"Bicicleta,Moto/Ciclomotor",Guemes Y Av. Francia,2,1,0,0,0,0,1,,Avenida,,ROSARIO,Rosario,Asfalto,No existe,I,S/D,Urbana,Ninguna,No existe,Recta,Bueno,Buena,Diurna,Buen Tiempo,S/D,S/D,Atropello,S/D,Horizontal,Ninguna,Sin restricción,POINT (-60.66227093333333 -32.93117146666666),"['Güemes', 'Avenida Francia']",2,Güemes; Avenida Francia,-32.93117146666666,-60.66227093333333,55.0,538.0,Municipio Rosario,Municipio,Rosario,820210,Servicio de Catastro e Información Territorial,IGN
2012,8431,2012-06-21,Jueves,0.0,17:20:00,,0.0,2,"Moto/Ciclomotor,Automóvil",Salta Y Av. Ovidio Lagos,2,1,0,0,1,0,0,,Calle,,ROSARIO,Rosario,Asfalto,No existe,II,S/D,Urbana,Ninguna,Funciona,Recta,Bueno,Buena,Diurna,Buen Tiempo,Frontal,S/D,Colisión,Otro,Horizontal,Ninguna,Sin restricción,POINT (-60.6597135 -32.93528760000001),"['Salta', 'Avenida Ovidio Lagos']",2,Salta; Avenida Ovidio Lagos,-32.93528760000001,-60.6597135,55.0,538.0,Municipio Rosario,Municipio,Rosario,820210,Servicio de Catastro e Información Territorial,IGN
2012,8432,2012-06-05,Martes,0.0,17:00:00,,0.0,2,"Moto/Ciclomotor,Automóvil",Irurtia 7900,2,1,0,0,1,0,0,,Calle,,ROSARIO,Rosario,Asfalto,No existe,II,S/D,Urbana,S/D,No existe,Intersección,Deteriorada,Buena,Diurna,Buen Tiempo,S/D,S/D,Colisión,S/D,S/D,S/D,S/D,"-32.9670634, -60.7259962",['Irurtia 7900'],1,Irurtia 7900,-32.9670634,-60.7259962,55.0,538.0,Municipio Rosario,Municipio,Rosario,820210,Servicio de Catastro e Información Territorial,IGN
2012,8433,2012-06-08,Viernes,0.0,08:30:00,,0.0,2,"Automóvil,Moto/Ciclomotor",Mendez Y Rivarola,2,1,0,0,1,0,0,,Calle,,ROSARIO,Rosario,Asfalto,No existe,II,S/D,Urbana,Ninguna,No existe,Intersección,Deteriorada,Buena,Diurna,Buen Tiempo,Lateral,S/D,Colisión,S/D,S/D,S/D,S/D,POINT (-60.716544 -32.965938200000004),"['Mendez', 'Rivarola']",2,Gervasio Mendez; Avenida Doctor Rivarola,-32.965938200000004,-60.716544,55.0,538.0,Municipio Rosario,Municipio,Rosario,820210,Servicio de Catastro e Información Territorial,IGN
2012,8435,2012-06-21,Jueves,0.0,20:00:00,,0.0,2,"Moto/Ciclomotor,Automóvil",Urquiza Y Av. Ovidio Lagos,2,1,0,0,1,0,0,,Calle,,ROSARIO,Rosario,Asfalto,No existe,II,S/D,Urbana,Semáforo,Funciona,Recta,Bueno,Buena,Diurna,Buen Tiempo,Lateral,S/D,Colisión,S/D,Horizontal,Ninguna,Sin restricción,POINT (-60.660585299999994 -32.938803599999986),"['Urquiza', 'Avenida Ovidio Lagos']",2,Justo José de Urquiza; Avenida Ovidio Lagos,-32.938803599999986,-60.6605853,55.0,538.0,Municipio Rosario,Municipio,Rosario,820210,Servicio de Catastro e Información Territorial,IGN
2012,8437,2012-06-28,Jueves,0.0,18:30:00,,0.0,2,"Peatón,Automóvil",Catamarca 2666,2,0,1,0,0,0,1,,Calle,,ROSARIO,Rosario,Asfalto,No existe,II,S/D,Urbana,Ninguna,No existe,Recta,Bueno,Buena,Atardecer,Buen Tiempo,S/D,S/D,Atropello,S/D,Horizontal,Ninguna,Sin restricción,"-32.93669941632653, -60.65809941836735",['Catamarca 2666'],1,Catamarca 2666,-32.93669941632653,-60.65809941836735,55.0,538.0,Municipio Rosario,Municipio,Rosario,820210,Servicio de Catastro e Información Territorial,IGN
2012,8447,2012-08-19,Domingo,0.0,20:00:00,,0.0,2,"Moto/Ciclomotor,Pickup/Utilitario",Dean Funes Y L.N.Alem,2,0,0,0,1,1,0,,Calle,,ROSARIO,Rosario,Asfalto,No existe,II,Dentro,Urbana,Marca Vial,No existe,Intersección,Bueno,Buena,"Nocturna,Con luz artificial",Buen Tiempo,Lateral,S/D,Colisión,Otro,Vertical,S/D,Sin restricción,POINT (-60.6356395 -32.97742120000001),"['Deán Gregorio Funes', 'Alem']",2,Deán Gregorio Funes; Leandro N. Alem,-32.97742120000001,-60.6356395,55.0,538.0,Municipio Rosario,Municipio,Rosario,820210,Servicio de Catastro e Información Territorial,IGN
2012,8450,2012-06-29,Viernes,0.0,09:55:00,,0.0,2,"Automóvil,Automóvil",Av. Ovidio Lagos Y Santa Fe,2,2,0,0,0,0,0,,Calle,,ROSARIO,Rosario,Asfalto,No existe,II,S/D,Urbana,Semáforo,Funciona,Recta,Bueno,Buena,Diurna,Buen Tiempo,Frontal,S/D,Colisión,S/D,Horizontal,Ninguna,Sin restricción,POINT (-60.661118 -32.94092100000001),"['Avenida Ovidio Lagos', 'Santa Fe']",2,Avenida Ovidio Lagos; Santa Fe,-32.94092100000001,-60.661118,55.0,538.0,Municipio Rosario,Municipio,Rosario,820210,Servicio de Catastro e Información Territorial,IGN
2012,8451,2012-06-30,Sabado,0.0,21:10:00,,0.0,2,"Automóvil,Camión",Catamarca Y Rodriguez,3,1,0,0,2,0,0,,Calle,,ROSARIO,Rosario,Asfalto,No existe,II,S/D,Urbana,Ninguna,No existe,Recta,S/D,Buena,Nocturna,Buen Tiempo,Frontal,S/D,Colisión,Agua,Horizontal,Ninguna,Sin restricción,POINT (-60.6572387 -32.9369145),"['Catamarca', 'Rodríguez']",2,Catamarca; Rodríguez de Escobedo,-32.9369145,-60.6572387,55.0,538.0,Municipio Rosario,Municipio,Rosario,820210,Servicio de Catastro e Información Territorial,IGN
2012,8452,2012-06-03,Domingo,0.0,14:00:00,,0.0,2,"Moto/Ciclomotor,Automóvil",Humberto I Y Iguazu,4,2,0,0,2,0,0,,Calle,,ROSARIO,Rosario,Asfalto,Pavimento,II,Dentro,Urbana,Ninguna,No existe,Intersección,Bueno,Buena,Diurna,Buen Tiempo,Lateral,S/D,Colisión,S/D,Faltante,Ninguna,Sin restricción,POINT (-60.685702600000006 -32.9297417),"['Humberto', 'Iguazu']",2,Humberto Primero; Iguazú,-32.9297417,-60.685702600000006,55.0,538.0,Municipio Rosario,Municipio,Rosario,820210,Servicio de Catastro e Información Territorial,IGN
2012,8453,2012-06-07,Jueves,0.0,12:30:00,,0.0,2,"Moto/Ciclomotor,Automóvil",Casilda Y Florida,2,1,0,0,1,0,0,,Calle,,ROSARIO,Rosario,Asfalto,Pavimento,II,Dentro,Urbana,Ninguna,No existe,Intersección,Bueno,Buena,Diurna,Buen Tiempo,Lateral,S/D,Colisión,Agua,Faltante,Ninguna,Sin restricción,POINT (-60.6832337 -32.9283094),"['Casilda', 'Florida']",2,Casilda; Florida,-32.9283094,-60.6832337,55.0,538.0,Municipio Rosario,Municipio,Rosario,820210,Servicio de Catastro e Información Territorial,IGN
2012,8454,2012-06-25,Lunes,0.0,13:00:00,,0.0,2,"Moto/Ciclomotor,Taxi/Remis",EL SALVADOR Y IRRUTIA,2,1,0,0,1,0,0,,Calle,,ROSARIO,Rosario,Asfalto,No existe,II,S/D,Urbana,Ninguna,No existe,Intersección,Bueno,Buena,Diurna,Buen Tiempo,Lateral,S/D,Colisión,S/D,S/D,S/D,S/D,POINT (-60.7128196 -32.9666265),"['República del Salvador', 'Irurtia']",2,República del Salvador; Irurtia,-32.9666265,-60.7128196,55.0,538.0,Municipio Rosario,Municipio,Rosario,820210,Servicio de Catastro e Información Territorial,IGN
2012,8455,2012-06-21,Jueves,0.0,18:00:00,,0.0,2,"Camión,Moto/Ciclomotor",Av. Circunvalacion A Y Av. Uriburu,2,1,0,0,1,0,0,,Avenida,,ROSARIO,Rosario,Hormigón,S/D,II,S/D,Urbana,Señal Ceda el Paso,S/D,Intersección,Bueno,S/D,S/D,Buen Tiempo,S/D,S/D,Colisión,S/D,S/D,S/D,S/D,POINT (-60.70053645 -32.992253950000006),"['Circunvalacion', 'Uriburu']",2,"('Juan Pablo II', 'Avenida José Uriburu')",-32.992253950000006,-60.70053645,55.0,538.0,Municipio Rosario,Municipio,Rosario,820210,Servicio de Catastro e Información Territorial,IGN
2012,8456,2012-06-12,Martes,0.0,20:00:00,,0.0,2,"Moto/Ciclomotor,Moto/Ciclomotor",Junin Y Stephenson,2,1,0,0,1,0,0,,Calle,,ROSARIO,Rosario,Asfalto,Pavimento,II,Dentro,Urbana,Señal Pare,No existe,Intersección,Bueno,Buena,Nocturna,Buen Tiempo,Lateral,S/D,Colisión,S/D,Faltante,Ninguna,Sin restricción,POINT (-60.679068900000004 -32.92668009999999),"['Junín', 'Stephenson']",2,Junín; Stephenson,-32.92668009999999,-60.6790689,55.0,538.0,Municipio Rosario,Municipio,Rosario,820210,Servicio de Catastro e Información Territorial,IGN
2012,8457,2012-06-13,Miercoles,0.0,12:00:00,,0.0,2,"Camión,Camión",Av. Circunvalacion A Y Rivarola,2,2,0,0,0,0,0,,Calle,,ROSARIO,Rosario,Asfalto,S/D,II,S/D,Urbana,Ninguna,S/D,Intersección,Deteriorada,S/D,S/D,Buen Tiempo,Lateral,S/D,Colisión,S/D,S/D,S/D,S/D,POINT (-60.71916028403352 -32.96601604560884),"['Circunvalacion', 'Rivarola']",2,Avenida de Circunvalación 25 de Mayo; Avenida Doctor Rivarola,-32.96601604560884,-60.71916028403352,55.0,538.0,Municipio Rosario,Municipio,Rosario,820210,Servicio de Catastro e Información Territorial,IGN
2012,8459,2012-06-14,Jueves,0.0,10:00:00,,0.0,2,"Automóvil,Automóvil",Velez Sarsfield Y Pje. Nueva York Bis,2,1,0,0,1,0,0,,Calle,,ROSARIO,Rosario,Asfalto,Pavimento,II,Dentro,Urbana,Ninguna,No existe,Intersección,Bueno,Buena,Diurna,Buen Tiempo,Lateral,S/D,Colisión,S/D,Faltante,Ninguna,Sin restricción,POINT (-60.6900646 -32.92524679999999),"['Vélez Sarsfield', 'Nueva York']",2,Vélez Sarsfield; Nueva York,-32.92524679999999,-60.6900646,55.0,538.0,Municipio Rosario,Municipio,Rosario,820210,Servicio de Catastro e Información Territorial,IGN
2012,8460,2012-06-28,Jueves,0.0,11:00:00,,0.0,2,"Moto/Ciclomotor,Peatón",AV GODOY Y CULLON,2,2,0,0,0,0,0,,Calle,,ROSARIO,Rosario,Asfalto,No existe,II,S/D,Urbana,Ninguna,No existe,Intersección,Bueno,Buena,Diurna,Buen Tiempo,S/D,S/D,Atropello,S/D,S/D,S/D,S/D,POINT (-60.70807085 -32.96626105),"['Avenida Presidente Perón', 'Cullen']",2,Avenida Presidente Perón; Cullen,-32.96626105,-60.70807085,55.0,538.0,Municipio Rosario,Municipio,Rosario,820210,Servicio de Catastro e Información Territorial,IGN
2012,8461,2012-06-05,Martes,0.0,17:00:00,,0.0,2,"Moto/Ciclomotor,Automóvil",Rawson Bis Y Av. Luis Carballo,2,1,0,0,1,0,0,,Avenida,,ROSARIO,Rosario,Asfalto,Pavimento,II,Dentro,Urbana,Semáforo,Funciona,Intersección,Bueno,Buena,Diurna,Buen Tiempo,Lateral,S/D,Colisión,S/D,Vertical,Guardarrail,Sin restricción,POINT (-60.66940076666666 -32.92182163333333),"['Rawson', 'Avenida Doctor Luis Cándido Carballo']",2,Rawson; Avenida Doctor Luis Cándido Carballo,-32.92182163333333,-60.66940076666666,55.0,538.0,Municipio Rosario,Municipio,Rosario,820210,Servicio de Catastro e Información Territorial,IGN
2012,8462,2012-06-17,Domingo,0.0,10:00:00,,0.0,2,"Bicicleta,Automóvil",Velez Sarsfield Y Bahia Blanca Bis,2,1,0,0,1,0,0,,Calle,,ROSARIO,Rosario,Asfalto,S/D,II,Dentro,Urbana,Ninguna,No existe,Intersección,Bueno,Buena,Diurna,Buen Tiempo,S/D,S/D,Atropello,S/D,Faltante,Ninguna,Sin restricción,POINT (-60.6887143 -32.92521080000001),"['Vélez Sarsfield', 'Bahía Blanca']",2,Vélez Sarsfield; Bahía Blanca,-32.92521080000001,-60.6887143,55.0,538.0,Municipio Rosario,Municipio,Rosario,820210,Servicio de Catastro e Información Territorial,IGN
2012,8463,2012-06-15,Viernes,0.0,08:25:00,,0.0,2,"Automóvil,Moto/Ciclomotor",Bv. Wilde Y Av. Jorge Newbery,2,1,0,0,1,0,0,,S/D,,ROSARIO,Rosario,Asfalto,S/D,II,S/D,Urbana,S/D,S/D,Intersección,S/D,Buena,Diurna,S/D,S/D,S/D,Colisión,S/D,S/D,S/D,S/D,POINT (-60.73985405 -32.90873845),"['Bulevar Wilde', 'Jorge Newbery']",2,Bulevar Wilde; Avenida Jorge Newbery,-32.90873845,-60.73985405,55.0,538.0,Municipio Rosario,Municipio,Rosario,820210,Servicio de Catastro e Información Territorial,IGN
2012,8464,2012-06-19,Martes,0.0,13:00:00,,0.0,2,"Automóvil,Moto/Ciclomotor",Av. Francia Y Junin,3,1,0,0,2,0,0,,Avenida,,ROSARIO,Rosario,Asfalto,S/D,II,Dentro,Urbana,Señal Pare,No existe,Intersección,Bueno,Buena,Diurna,Buen Tiempo,Lateral,S/D,Colisión,S/D,Faltante,Cordón divisorio,Sin restricción,POINT (-60.66176205 -32.92653675000001),"['Avenida Francia', 'Junín']",2,Avenida Francia; Junín,-32.92653675000001,-60.66176205,55.0,538.0,Municipio Rosario,Municipio,Rosario,820210,Servicio de Catastro e Información Territorial,IGN
2012,8465,2012-06-16,Sabado,0.0,17:00:00,,0.0,1,Moto/Ciclomotor,Schweitzer Y Sanchez de Loria,2,2,0,0,0,0,0,,Calle,,ROSARIO,Rosario,Asfalto,S/D,II,S/D,Urbana,Ninguna,S/D,Intersección,Bueno,Buena,Diurna,Otro,Lateral,S/D,Colisión,S/D,S/D,Ninguna,S/D,POINT (-60.732890600000005 -32.9137264),"['Albert Schweitzer', 'Sánchez de Loria']",2,Albert Schweitzer; Sánchez de Loria,-32.9137264,-60.732890600000005,55.0,538.0,Municipio Rosario,Municipio,Rosario,820210,Servicio de Catastro e Información Territorial,IGN
2012,8466,2012-06-20,Miercoles,0.0,18:15:00,,0.0,2,"Automóvil,Moto/Ciclomotor",Bv. Wilde Y J.B.Justo,2,1,0,0,1,0,0,,Avenida,,ROSARIO,Rosario,Asfalto,Pavimento,II,S/D,Urbana,Ninguna,S/D,Intersección,S/D,Buena,Atardecer,Otro,Lateral,S/D,Colisión,S/D,S/D,Ninguna,Sin restricción,POINT (-60.7386835 -32.934138000000004),"['Bulevar Wilde', 'Justo']",2,"('Bulevar Wilde', 'Justo José de Urquiza')",-32.934138000000004,-60.7386835,55.0,538.0,Municipio Rosario,Municipio,Rosario,820210,Servicio de Catastro e Información Territorial,IGN
2012,8467,2012-06-21,Jueves,0.0,17:30:00,,0.0,2,"Automóvil,Automóvil",Casilda Y Florida,2,1,0,0,1,0,0,,Calle,,ROSARIO,Rosario,S/D,S/D,II,Dentro,Urbana,Ninguna,No existe,Intersección,Bueno,Buena,Diurna,Buen Tiempo,Lateral,S/D,Colisión,S/D,Faltante,Ninguna,Sin restricción,POINT (-60.6832337 -32.9283094),"['Casilda', 'Florida']",2,Casilda; Florida,-32.9283094,-60.6832337,55.0,538.0,Municipio Rosario,Municipio,Rosario,820210,Servicio de Catastro e Información Territorial,IGN
2012,8468,2012-06-22,Viernes,0.0,12:30:00,,0.0,2,"Peatón,Moto/Ciclomotor",Schweitzer 8130,2,1,0,0,1,0,0,,S/D,,ROSARIO,Rosario,Asfalto,Pavimento,II,S/D,Urbana,Ninguna,No existe,Recta,Bueno,Buena,Diurna,Otro,S/D,S/D,Atropello,S/D,S/D,S/D,S/D,"-32.91379456022006, -60.73823586643192",['Schweitzer 8130'],1,Schweitzer 8130,-32.91379456022006,-60.73823586643192,55.0,538.0,Municipio Rosario,Municipio,Rosario,820210,Servicio de Catastro e Información Territorial,IGN
2012,8470,2012-06-26,Martes,0.0,19:30:00,,0.0,2,"Moto/Ciclomotor,Automóvil",Humberto I Y Don Bosco,2,1,0,0,1,0,0,,Calle,,ROSARIO,Rosario,S/D,No existe,II,Dentro,Urbana,Señal Pare,No existe,Intersección,Bueno,Buena,Diurna,Buen Tiempo,Lateral,S/D,Colisión,S/D,Faltante,Ninguna,Sin restricción,POINT (-60.6803163 -32.929575899999996),"['Humberto', 'Don Bosco']",2,Humberto Primero; Don Bosco,-32.9295759,-60.6803163,55.0,538.0,Municipio Rosario,Municipio,Rosario,820210,Servicio de Catastro e Información Territorial,IGN
2012,8472,2012-06-16,Sabado,0.0,17:00:00,,0.0,1,Moto/Ciclomotor,Mendoza Y Av. Circunvalacion A,2,1,0,0,1,0,0,,Avenida,,ROSARIO,Rosario,Asfalto,Pavimento,II,Dentro,Urbana,Ninguna,Funciona,Recta,Deteriorada,Buena,Diurna,Buen Tiempo,S/D,S/D,Caída ocupante,Otro,Horizontal,Guardarrail,Obra en Construcción,POINT (-60.72253500134355 -32.94050844672854),"['Mendoza', 'Circunvalacion']",2,Mendoza; Avenida de Circunvalación 25 de Mayo,-32.94050844672854,-60.72253500134355,55.0,538.0,Municipio Rosario,Municipio,Rosario,820210,Servicio de Catastro e Información Territorial,IGN
2012,8473,2012-06-18,Lunes,0.0,05:50:00,,0.0,1,Moto/Ciclomotor,Av. Circunvalacion A Y Mendoza,1,1,0,0,0,0,0,,Avenida,,ROSARIO,Rosario,Asfalto,Pavimento,II,Dentro,Urbana,Ninguna,Funciona,Intersección,Bueno,Buena,Nocturna,Buen Tiempo,S/D,S/D,Caída ocupante,S/D,Horizontal,Guardarrail,Obra en Construcción,POINT (-60.72253500134355 -32.94050844672854),"['Circunvalacion', 'Mendoza']",2,Avenida de Circunvalación 25 de Mayo; Mendoza,-32.94050844672854,-60.72253500134355,55.0,538.0,Municipio Rosario,Municipio,Rosario,820210,Servicio de Catastro e Información Territorial,IGN
2012,8474,2012-06-28,Jueves,0.0,21:00:00,,0.0,2,"Automóvil,Transporte de Pasajeros Urbano (> 8 asientos)",Junin Y Monteagudo Bis,2,1,0,0,1,0,0,,Calle,,ROSARIO,Rosario,S/D,S/D,II,Dentro,Urbana,Semáforo,Funciona,Intersección,Bueno,Buena,Nocturna,Buen Tiempo,Lateral,S/D,Colisión,S/D,Vertical,S/D,Sin restricción,POINT (-60.66740795 -32.92647035),"['Junín', 'Monteagudo']",2,Junín; Monteagudo,-32.92647035,-60.66740795,55.0,538.0,Municipio Rosario,Municipio,Rosario,820210,Servicio de Catastro e Información Territorial,IGN
2012,8475,2012-06-20,Miercoles,0.0,15:40:00,,0.0,2,"Automóvil,Moto/Ciclomotor",Brasil Y Pampa,2,1,0,0,1,0,0,,Calle,,ROSARIO,Rosario,Asfalto,No existe,II,S/D,Urbana,Ninguna,No existe,Intersección,Deteriorada,Buena,Diurna,Buen Tiempo,Lateral,S/D,Colisión,S/D,Faltante,Ninguna,Sin restricción,POINT (-60.7192916 -32.94691929999999),"['Brasil', 'Pampa']",2,Brasil; Pampa,-32.94691929999999,-60.7192916,55.0,538.0,Municipio Rosario,Municipio,Rosario,820210,Servicio de Catastro e Información Territorial,IGN
2012,8476,2012-06-07,Jueves,0.0,19:30:00,,0.0,2,"Automóvil,Pickup/Utilitario",Av. Alberdi Bis Y J.J.Paso,2,1,0,0,1,0,0,,Avenida,,ROSARIO,Rosario,Asfalto,Pavimento,II,Dentro,Urbana,Ninguna,Funciona,Intersección,Bueno,Buena,Nocturna,Buen Tiempo,Frontal,S/D,Colisión,S/D,Vertical,Cordón divisorio,Sin restricción,POINT (-60.682310400000006 -32.919353799999996),"['Alberdi', 'Paso']",2,Avenida Alberdi; Avenida Juan José Paso,-32.9193538,-60.682310400000006,55.0,538.0,Municipio Rosario,Municipio,Rosario,820210,Servicio de Catastro e Información Territorial,IGN
2012,8478,2012-05-31,Jueves,0.0,04:30:00,,0.0,1,Camión,Av. Circunvalacion A Y Av. Ovidio Lagos,1,1,0,0,0,0,0,,Avenida,,ROSARIO,Rosario,Asfalto,No existe,II,S/D,Urbana,Semáforo,Funciona,Intersección,Bueno,Buena,Nocturna,Niebla,Contra objeto fijo,S/D,Colisión,S/D,Vertical,Cordón divisorio,Sin restricción,POINT (-60.67699098957188 -33.00797177001669),"['Circunvalacion', 'Avenida Ovidio Lagos']",2,Avenida de Circunvalación 25 de Mayo; Avenida Ovidio Lagos,-33.00797177001669,-60.67699098957188,55.0,538.0,Municipio Rosario,Municipio,Rosario,820210,Servicio de Catastro e Información Territorial,IGN
2012,8479,2012-06-06,Miercoles,0.0,13:30:00,,0.0,2,"Moto/Ciclomotor,Peatón",Av. Genova 1400,2,2,0,0,0,0,0,,Avenida,,ROSARIO,Rosario,Asfalto,No existe,II,Dentro,Urbana,Ninguna,No existe,Recta,Bueno,Buena,Diurna,Buen Tiempo,S/D,S/D,Atropello,S/D,Faltante,Ninguna,Sin restricción,"-32.9150625, -60.6830276",['Genova 1400'],1,Genova 1400,-32.9150625,-60.6830276,55.0,538.0,Municipio Rosario,Municipio,Rosario,820210,Servicio de Catastro e Información Territorial,IGN
2012,8480,2012-06-20,Miercoles,0.0,15:30:00,,0.0,2,"Moto/Ciclomotor,Peatón",Hilarion de la Quintana 5200,2,1,0,0,1,0,0,,Calle,,ROSARIO,Rosario,Asfalto,No existe,II,S/D,Urbana,Ninguna,No existe,Cruce,Bueno,Buena,Diurna,Buen Tiempo,S/D,S/D,Atropello,Otro,Vertical,Cordón divisorio,Sin restricción,"-33.0012919, -60.6564237",['Hilarion De La Quintana 5200'],1,Hilarion De La Quintana 5200,-33.0012919,-60.6564237,55.0,538.0,Municipio Rosario,Municipio,Rosario,820210,Servicio de Catastro e Información Territorial,IGN
2012,8481,2012-06-04,Lunes,0.0,19:00:00,,0.0,2,"Moto/Ciclomotor,Automóvil",Almafuerte 1100,3,2,0,0,1,0,0,,Calle,,ROSARIO,Rosario,Asfalto,Pavimento,II,Dentro,Urbana,Ninguna,No existe,Recta,Bueno,Buena,Nocturna,Buen Tiempo,Lateral,S/D,Colisión,S/D,Faltante,Ninguna,Sin restricción,"-32.9171434, -60.6791516",['Almafuerte 1100'],1,Almafuerte 1100,-32.9171434,-60.6791516,55.0,538.0,Municipio Rosario,Municipio,Rosario,820210,Servicio de Catastro e Información Territorial,IGN
2012,8482,2012-06-14,Jueves,0.0,17:00:00,,0.0,2,"Pickup/Utilitario,Moto/Ciclomotor",Av. Ovidio Lagos 6800,2,1,0,0,1,0,0,,Ruta,,ROSARIO,Rosario,Asfalto,Ripio,II,Dentro,Urbana,Ninguna,No existe,Recta,Bueno,Buena,Diurna,Buen Tiempo,Lateral,S/D,Colisión,S/D,Vertical,Ninguna,Sin restricción,"-33.0259193, -60.6809495",['Ovidio Lagos 6800'],1,Ovidio Lagos 6800,-33.0259193,-60.6809495,55.0,538.0,Municipio Rosario,Municipio,Rosario,820210,Servicio de Catastro e Información Territorial,IGN
2012,8483,2012-06-18,Lunes,0.0,05:30:00,,0.0,2,"Moto/Ciclomotor,Moto/Ciclomotor",AV OV LAGOS Y BV ORDOÑEZ,2,1,0,0,1,0,0,,Ruta,,ROSARIO,Rosario,Asfalto,Natural,II,S/D,S/D,Ninguna,No existe,Recta,Bueno,Buena,Nocturna,Buen Tiempo,De alcance,S/D,Colisión,Otro,Horizontal,Ninguna,Sin restricción,POINT (-60.677360275 -33.009728399999986),"['Avenida Ovidio Lagos', 'Avenida Battle y Ordoñez']",2,Avenida Ovidio Lagos; Avenida Battle y Ordoñez,-33.009728399999986,-60.677360275,55.0,538.0,Municipio Rosario,Municipio,Rosario,820210,Servicio de Catastro e Información Territorial,IGN