anio_acci,nro_acci,fecha,desc_dia,fecha_aprox,hora_aprox,desc_ruta,km,cant_participantes,desc_participante,calle_avenida_km,total,heridos_leves,heridos_graves,heridos_gravisimos,ilesos,fallecidos,sin_datos,posicion_XY,desc_tipo_via,desc_ruta_ori,desc_loc,desc_dpto,desc_tipo_calzada,desc_tipo_banquina,desc_unidad_regional,desc_lugar_calzada,desc_zona,desc_prioridad,desc_estado_semaforo,desc_lugar_via,desc_estado_via,desc_estado_visibilidad,desc_luminosidad,desc_estado_clima,desc_tipo_colision,desc_tipo_atropello,desc_tipo_hecho,desc_pres_calzada,desc_senializacion,desc_separacion_via,desc_restriccion,forma_geocod,calle_lista,numero_calles,calles_osm,lat,lon,index_right,gid,fna,gna,nam,in1,fdc,sag
2012,8484,2012-06-13,Miercoles,0.0,19:15:00,,0.0,2,"Automóvil,Moto/Ciclomotor",Av. Ovidio Lagos Y Camino Viejo Soldini,2,1,0,0,1,0,0,,Ruta,,ROSARIO,Rosario,Asfalto,No existe,II,Dentro,Urbana,Ninguna,No existe,Cruce,Bueno,Buena,Nocturna,Buen Tiempo,Lateral,S/D,Colisión,S/D,Vertical,Ninguna,Sin restricción,POINT (-60.68099246666667 -33.025825966666666),"['Avenida Ovidio Lagos', 'Camino viejo a Soldini']",2,Avenida Ovidio Lagos; Camino viejo a Soldini,-33.025825966666666,-60.68099246666667,55.0,538.0,Municipio Rosario,Municipio,Rosario,820210,Servicio de Catastro e Información Territorial,IGN
2012,8485,2012-06-04,Lunes,0.0,17:45:00,,0.0,2,"Pickup/Utilitario,Automóvil",G.Carrasco Y Florida,2,1,0,0,1,0,0,,Calle,,ROSARIO,Rosario,Asfalto,No existe,II,Dentro,Urbana,Ninguna,No existe,Intersección,Bueno,Buena,Diurna,Buen Tiempo,Lateral,S/D,Colisión,S/D,Faltante,Ninguna,Sin restricción,POINT (-60.6835393 -32.92014850000001),"['Carrasco', 'Florida']",2,Omar Carrasco; Florida,-32.92014850000001,-60.6835393,55.0,538.0,Municipio Rosario,Municipio,Rosario,820210,Servicio de Catastro e Información Territorial,IGN
2012,8486,2012-06-01,Viernes,0.0,11:30:00,,0.0,2,"Automóvil,Taxi/Remis",Buenos Aires 1200,3,1,0,0,2,0,0,,Calle,,ROSARIO,Rosario,Asfalto,S/D,II,Dentro,Urbana,Otra Señal,S/D,Recta,Bueno,Buena,Diurna,S/D,De alcance,S/D,Colisión,S/D,S/D,Cordón divisorio,S/D,"-32.9523918, -60.6339983",['Buenos Aires 1200'],1,Buenos Aires 1200,-32.9523918,-60.6339983,55.0,538.0,Municipio Rosario,Municipio,Rosario,820210,Servicio de Catastro e Información Territorial,IGN
2012,8487,2012-06-01,Viernes,0.0,,,0.0,2,"Peatón,Moto/Ciclomotor",Paraguay Y Mendoza,2,2,0,0,0,0,0,,Calle,,ROSARIO,Rosario,Asfalto,S/D,II,S/D,S/D,S/D,S/D,Intersección,Bueno,Buena,Diurna,Buen Tiempo,Otro,S/D,Atropello,S/D,S/D,S/D,S/D,POINT (-60.6450108 -32.950543200000006),"['Paraguay', 'Mendoza']",2,Paraguay; Mendoza,-32.950543200000006,-60.6450108,55.0,538.0,Municipio Rosario,Municipio,Rosario,820210,Servicio de Catastro e Información Territorial,IGN
2012,8491,2012-06-19,Martes,0.0,22:05:00,,0.0,2,"Moto/Ciclomotor,Camión",Av. Frondizi A 1200,3,2,0,0,1,0,0,,Avenida,,ROSARIO,Rosario,Asfalto,S/D,II,Dentro,Urbana,Semáforo,S/D,Recta,Bueno,S/D,S/D,Buen Tiempo,Frontal,S/D,Colisión,S/D,Horizontal,Cordón divisorio,S/D,"-32.9120237, -60.675422",['Frondizi A 1200'],1,Frondizi A 1200,-32.9120237,-60.675422,55.0,538.0,Municipio Rosario,Municipio,Rosario,820210,Servicio de Catastro e Información Territorial,IGN
2012,8492,2012-05-21,Lunes,0.0,08:00:00,,0.0,3,"Peatón,Peatón,Taxi/Remis",Laprida Y Montevideo,3,2,0,0,1,0,0,,Calle,,ROSARIO,Rosario,S/D,S/D,II,Dentro,Urbana,Ninguna,No existe,Intersección,S/D,S/D,S/D,S/D,S/D,S/D,Atropello,S/D,S/D,S/D,S/D,POINT (-60.636619800000005 -32.95683329999999),"['Laprida', 'Montevideo']",2,Francisco Narciso Laprida; Montevideo,-32.95683329999999,-60.636619800000005,55.0,538.0,Municipio Rosario,Municipio,Rosario,820210,Servicio de Catastro e Información Territorial,IGN
2012,8493,2012-06-29,Viernes,0.0,11:40:00,,0.0,2,"Peatón,Automóvil",Bv Avellaneda Y Tuella,2,1,0,0,1,0,0,,Calle,,ROSARIO,Rosario,Asfalto,S/D,II,Dentro,Urbana,Semáforo,Funciona,Intersección,Bueno,Buena,Diurna,Buen Tiempo,S/D,S/D,Atropello,S/D,Vertical,Ninguna,Sin restricción,POINT (-60.673091 -32.91535919999999),"['Avellaneda', 'Tuella']",2,Bulevar Nicolás Avellaneda; Tuella,-32.91535919999999,-60.673091,55.0,538.0,Municipio Rosario,Municipio,Rosario,820210,Servicio de Catastro e Información Territorial,IGN
2012,8494,2012-06-29,Viernes,0.0,10:30:00,,0.0,2,"Peatón,Automóvil",Florida 600,2,0,1,0,1,0,0,,Calle,,ROSARIO,Rosario,Hormigón,No existe,II,Dentro,Urbana,Ninguna,No existe,Recta,Bueno,Buena,Diurna,Buen Tiempo,S/D,S/D,Atropello,S/D,Faltante,Ninguna,Sin restricción,"-32.9208315, -60.6834432",['Florida 600'],1,Florida 600,-32.9208315,-60.6834432,55.0,538.0,Municipio Rosario,Municipio,Rosario,820210,Servicio de Catastro e Información Territorial,IGN
2012,8496,2012-05-23,Miercoles,0.0,08:20:00,,0.0,3,"Automóvil,Transporte de Pasajeros (H/ 8 asientos),Automóvil",Laprida 700,4,2,0,0,2,0,0,,Calle,,ROSARIO,Rosario,Asfalto,S/D,II,S/D,Urbana,S/D,Funciona,Recta,Bueno,Buena,Diurna,S/D,Otro,S/D,Colisión,S/D,S/D,Cordón divisorio,S/D,"-32.946549, -60.6335833",['Laprida 700'],1,Laprida 700,-32.946549,-60.6335833,55.0,538.0,Municipio Rosario,Municipio,Rosario,820210,Servicio de Catastro e Información Territorial,IGN
2012,8497,2012-05-25,Viernes,0.0,09:45:00,,0.0,2,"Automóvil,Moto/Ciclomotor",Av. Pellegrini 515,2,1,0,0,1,0,0,,Calle,,ROSARIO,Rosario,Asfalto,S/D,II,S/D,Urbana,S/D,S/D,Recta,Bueno,S/D,Diurna,S/D,Otro,S/D,Colisión,S/D,S/D,Cordón divisorio,S/D,"-32.95889618088473, -60.63277918735367",['Pellegrini 515'],1,Pellegrini 515,-32.95889618088473,-60.63277918735367,55.0,538.0,Municipio Rosario,Municipio,Rosario,820210,Servicio de Catastro e Información Territorial,IGN
2012,8498,2012-06-28,Jueves,0.0,07:15:00,,0.0,2,"Bicicleta,Taxi/Remis",Av. Luis Carballo Y Mar del Plata,2,1,0,0,1,0,0,,Avenida,,ROSARIO,Rosario,Asfalto,S/D,II,Dentro,Urbana,Ninguna,No existe,Intersección,Bueno,Buena,Diurna,Buen Tiempo,S/D,S/D,Atropello,S/D,Faltante,Barrera de hormigón,Sin restricción,POINT (-60.68210305000001 -32.92223235),"['Avenida Doctor Luis Cándido Carballo', 'Mar del Plata']",2,Avenida Doctor Luis Cándido Carballo; Mar del Plata,-32.92223235,-60.68210305000001,55.0,538.0,Municipio Rosario,Municipio,Rosario,820210,Servicio de Catastro e Información Territorial,IGN
2012,8499,2012-05-26,Sabado,0.0,17:30:00,,0.0,2,"Moto/Ciclomotor,Taxi/Remis",Laprida Y Mendoza,3,2,0,0,1,0,0,,Calle,,ROSARIO,Rosario,Asfalto,S/D,II,Dentro,Urbana,Marca Vial,No existe,Intersección,Bueno,S/D,Diurna,S/D,Lateral,S/D,Colisión,S/D,S/D,Barrera de alto impacto,S/D,POINT (-60.63531510000001 -32.95222530000001),"['Laprida', 'Mendoza']",2,Francisco Narciso Laprida; Mendoza,-32.95222530000001,-60.63531510000001,55.0,538.0,Municipio Rosario,Municipio,Rosario,820210,Servicio de Catastro e Información Territorial,IGN
2012,8500,2012-05-27,Domingo,0.0,17:30:00,,0.0,2,"Moto/Ciclomotor,Pickup/Utilitario",Av. De La Libertad Y Colon,2,1,0,0,1,0,0,,Avenida,,ROSARIO,Rosario,Asfalto,S/D,II,S/D,Urbana,S/D,S/D,Intersección,Otro,Buena,Diurna,S/D,Otro,S/D,Colisión,S/D,S/D,Cordón divisorio,S/D,POINT (-60.626631 -32.95311829999999),"['De La Libertad', 'Colon']",2,Avenida de la Libertad; Cristóbal Colón,-32.95311829999999,-60.626631,55.0,538.0,Municipio Rosario,Municipio,Rosario,820210,Servicio de Catastro e Información Territorial,IGN
2012,8501,2012-06-10,Domingo,0.0,18:30:00,,0.0,2,"Automóvil,Moto/Ciclomotor",Baigorria Y Zelaya,4,2,0,0,2,0,0,,Calle,,ROSARIO,Rosario,Asfalto,S/D,II,S/D,S/D,S/D,S/D,Intersección,Bueno,S/D,S/D,S/D,Lateral,S/D,Colisión,S/D,"Horizontal,Vertical",S/D,S/D,POINT (-60.69689309999999 -32.8923404),"['Baigorria', 'Zelaya']",2,Baigorria; Zelaya,-32.8923404,-60.69689309999999,55.0,538.0,Municipio Rosario,Municipio,Rosario,820210,Servicio de Catastro e Información Territorial,IGN
2012,8502,2012-05-27,Domingo,0.0,18:30:00,,0.0,2,"Transporte de Pasajeros Urbano (> 8 asientos),Moto/Ciclomotor",ALEM Y MONTEVIDEO,3,2,0,0,1,0,0,,Calle,,ROSARIO,Rosario,Asfalto,S/D,II,S/D,Urbana,Ninguna,No existe,Intersección,Bueno,Buena,Diurna,S/D,Lateral,S/D,Colisión,S/D,S/D,Cordón divisorio,S/D,POINT (-60.6306989 -32.95788709999999),"['Alem', 'Montevideo']",2,Leandro N. Alem; Montevideo,-32.95788709999999,-60.6306989,55.0,538.0,Municipio Rosario,Municipio,Rosario,820210,Servicio de Catastro e Información Territorial,IGN
2012,8503,2012-05-28,Lunes,0.0,10:45:00,,0.0,2,"Peatón,Taxi/Remis",Buenos Aires 700,2,1,0,0,1,0,0,,Calle,,ROSARIO,Rosario,Asfalto,S/D,II,Dentro,Urbana,S/D,S/D,Recta,Bueno,Buena,Diurna,S/D,S/D,S/D,Atropello,S/D,S/D,Cordón divisorio,S/D,"-32.946778, -60.6326109",['Buenos Aires 700'],1,Buenos Aires 700,-32.946778,-60.6326109,55.0,538.0,Municipio Rosario,Municipio,Rosario,820210,Servicio de Catastro e Información Territorial,IGN
2012,8504,2012-05-28,Lunes,0.0,18:30:00,,0.0,2,"Automóvil,Automóvil",9 De Julio Y Laprida,2,1,0,0,1,0,0,,Calle,,ROSARIO,Rosario,S/D,S/D,II,Dentro,Urbana,S/D,S/D,Intersección,S/D,Buena,Diurna,S/D,Lateral,S/D,Colisión,S/D,S/D,S/D,S/D,POINT (-60.6360021 -32.9546257),"['9 de Julio', 'Laprida']",2,9 de Julio; Francisco Narciso Laprida,-32.9546257,-60.6360021,55.0,538.0,Municipio Rosario,Municipio,Rosario,820210,Servicio de Catastro e Información Territorial,IGN
2012,8506,2012-05-31,Jueves,0.0,12:00:00,,0.0,2,"Automóvil,Automóvil",San Juan 400,2,1,0,0,1,0,0,,Calle,,ROSARIO,Rosario,Asfalto,S/D,II,Dentro,Urbana,S/D,S/D,Recta,Bueno,S/D,Diurna,S/D,Otro,S/D,Colisión,S/D,S/D,Cordón divisorio,S/D,"-32.9520374, -60.6291704",['San Juan 400'],1,San Juan 400,-32.9520374,-60.6291704,55.0,538.0,Municipio Rosario,Municipio,Rosario,820210,Servicio de Catastro e Información Territorial,IGN
2012,8507,2012-06-02,Sabado,0.0,07:30:00,,0.0,2,"Taxi/Remis,Taxi/Remis",ZEBALLOS Y ESPAÑA,2,1,0,0,1,0,0,,S/D,,ROSARIO,Rosario,Asfalto,S/D,II,S/D,Urbana,Semáforo,Funciona,Intersección,Bueno,Buena,Diurna,Buen Tiempo,Otro,S/D,Colisión,S/D,S/D,S/D,S/D,POINT (-60.6486408 -32.953520899999994),"['Zeballos', 'España']",2,Zeballos; España,-32.953520899999994,-60.6486408,55.0,538.0,Municipio Rosario,Municipio,Rosario,820210,Servicio de Catastro e Información Territorial,IGN
2012,8508,2012-06-04,Lunes,0.0,04:10:00,,0.0,2,"Automóvil,Automóvil",Bv Rondeau Y Vila,3,2,0,0,1,0,0,,Avenida,,ROSARIO,Rosario,Asfalto,S/D,II,S/D,Urbana,S/D,Funciona,Intersección,Bueno,Buena,Nocturna,Buen Tiempo,Otro,S/D,Colisión,S/D,Horizontal,S/D,S/D,POINT (-60.691285475 -32.89816437499999),"['Rondeau', 'Vila']",2,Bulevar General José Rondeau; Carlos Ávila,-32.89816437499999,-60.691285475,55.0,538.0,Municipio Rosario,Municipio,Rosario,820210,Servicio de Catastro e Información Territorial,IGN
2012,8509,2012-06-02,Sabado,0.0,20:00:00,,0.0,2,"Bicicleta,Automóvil",Rioja Y Mitre,2,1,0,0,1,0,0,,Calle,,ROSARIO,Rosario,Asfalto,S/D,II,Dentro,Urbana,S/D,S/D,Intersección,S/D,Buena,Nocturna,Buen Tiempo,Otro,S/D,Atropello,S/D,S/D,S/D,S/D,POINT (-60.63989050000001 -32.947396000000005),"['Rioja', 'Mitre']",2,Rioja; Bartolomé Mitre,-32.947396000000005,-60.63989050000001,55.0,538.0,Municipio Rosario,Municipio,Rosario,820210,Servicio de Catastro e Información Territorial,IGN
2012,8510,2012-06-05,Martes,0.0,15:00:00,,0.0,2,"Moto/Ciclomotor,Automóvil",Punta Lara Y J.C.Paz,3,2,0,0,1,0,0,,Calle,,ROSARIO,Rosario,S/D,S/D,II,S/D,Urbana,S/D,No existe,Intersección,Bueno,Buena,S/D,S/D,S/D,S/D,S/D,S/D,S/D,S/D,S/D,POINT (-60.691666500000004 -32.8861146),"['Punta Lara', 'Paz']",2,Punta Lara; Marcos Paz,-32.8861146,-60.6916665,55.0,538.0,Municipio Rosario,Municipio,Rosario,820210,Servicio de Catastro e Información Territorial,IGN
2012,8511,2012-06-10,Domingo,0.0,22:30:00,,0.0,2,"Automóvil,Automóvil",Bv. Rondeau Y Superi,2,1,0,0,1,0,0,,Avenida,,ROSARIO,Rosario,S/D,S/D,II,Dentro,Urbana,S/D,Funciona,Recta,S/D,Buena,Nocturna,S/D,Otro,S/D,Colisión,S/D,S/D,S/D,S/D,POINT (-60.692458175000006 -32.894239025),"['Rondeau', 'Superi']",2,Bulevar General José Rondeau; Comandante José Superí,-32.894239025,-60.692458175000006,55.0,538.0,Municipio Rosario,Municipio,Rosario,820210,Servicio de Catastro e Información Territorial,IGN
2012,8512,2012-06-04,Lunes,0.0,18:30:00,,0.0,2,"Automóvil,Automóvil",Bv. Rondeau 600,2,1,0,0,1,0,0,,Avenida,,ROSARIO,Rosario,Asfalto,S/D,II,S/D,S/D,S/D,S/D,Recta,Bueno,S/D,Diurna,S/D,S/D,S/D,S/D,S/D,S/D,S/D,S/D,"-32.9099757, -60.6874037",['Rondeau 600'],1,Rondeau 600,-32.9099757,-60.6874037,55.0,538.0,Municipio Rosario,Municipio,Rosario,820210,Servicio de Catastro e Información Territorial,IGN
2012,8513,2012-06-02,Sabado,0.0,,,0.0,2,"Taxi/Remis,Automóvil",Santa Fe Y Bv. Oroño,2,1,0,0,1,0,0,,Avenida,,ROSARIO,Rosario,Asfalto,S/D,II,S/D,Urbana,S/D,S/D,Intersección,Bueno,Buena,Diurna,Buen Tiempo,Frontal,S/D,Colisión,S/D,S/D,S/D,S/D,POINT (-60.65298555 -32.94236794999999),"['Santa Fe', 'Bulevar Nicasio Oroño']",2,Santa Fe; Bulevar Nicasio Oroño,-32.94236794999999,-60.65298555,55.0,538.0,Municipio Rosario,Municipio,Rosario,820210,Servicio de Catastro e Información Territorial,IGN
2012,8514,2012-06-02,Sabado,0.0,13:30:00,,0.0,2,"Automóvil,Automóvil",Balcarce Y 3 De Febrero,3,1,0,0,2,0,0,,Calle,,ROSARIO,Rosario,Asfalto,S/D,II,Dentro,Urbana,S/D,S/D,Intersección,Bueno,Buena,Diurna,Buen Tiempo,Otro,S/D,Colisión,S/D,S/D,S/D,S/D,POINT (-60.6535421 -32.95033519999999),"['Balcarce', '3 de Febrero']",2,Balcarce; 3 de Febrero,-32.95033519999999,-60.6535421,55.0,538.0,Municipio Rosario,Municipio,Rosario,820210,Servicio de Catastro e Información Territorial,IGN
2012,8515,2012-06-02,Sabado,0.0,16:25:00,,0.0,2,"Taxi/Remis,Automóvil",San Juan Y Sarmiento,3,2,0,0,1,0,0,,S/D,,ROSARIO,Rosario,S/D,S/D,II,S/D,Urbana,S/D,S/D,Intersección,Bueno,Buena,Diurna,Buen Tiempo,S/D,S/D,Colisión,S/D,S/D,S/D,S/D,POINT (-60.6391042 -32.950156699999994),"['San Juan', 'Sarmiento']",2,San Juan; Sarmiento,-32.950156699999994,-60.6391042,55.0,538.0,Municipio Rosario,Municipio,Rosario,820210,Servicio de Catastro e Información Territorial,IGN
2012,8516,2012-06-04,Lunes,0.0,17:00:00,,0.0,2,"Moto/Ciclomotor,Automóvil",Dorrego Y Montevideo,2,1,0,0,1,0,0,,S/D,,ROSARIO,Rosario,Asfalto,S/D,II,S/D,Urbana,S/D,S/D,Intersección,Bueno,Buena,Diurna,Buen Tiempo,Otro,S/D,Colisión,S/D,S/D,S/D,S/D,POINT (-60.651640799999996 -32.95416689999999),"['Dorrego', 'Montevideo']",2,Manuel Dorrego; Montevideo,-32.95416689999999,-60.6516408,55.0,538.0,Municipio Rosario,Municipio,Rosario,820210,Servicio de Catastro e Información Territorial,IGN
2012,8517,2012-06-04,Lunes,0.0,11:50:00,,0.0,2,"Automóvil,Automóvil",Alvear Y 9 De Julio,2,1,0,0,1,0,0,,S/D,,ROSARIO,Rosario,Asfalto,S/D,II,S/D,Urbana,S/D,S/D,Intersección,Bueno,Buena,Diurna,Buen Tiempo,Otro,S/D,Colisión,S/D,S/D,S/D,S/D,POINT (-60.6565193 -32.9509133),"['Alvear', '9 de Julio']",2,Alvear; 9 de Julio,-32.9509133,-60.6565193,55.0,538.0,Municipio Rosario,Municipio,Rosario,820210,Servicio de Catastro e Información Territorial,IGN
2012,8519,2012-06-05,Martes,0.0,16:40:00,,0.0,2,"Moto/Ciclomotor,Automóvil",Mendoza Y Dorrego,2,1,0,0,1,0,0,,S/D,,ROSARIO,Rosario,Asfalto,S/D,II,S/D,Urbana,S/D,S/D,Intersección,Bueno,Buena,Diurna,Buen Tiempo,Lateral,S/D,Colisión,S/D,S/D,S/D,S/D,POINT (-60.6504762 -32.949572799999984),"['Mendoza', 'Dorrego']",2,Mendoza; Manuel Dorrego,-32.949572799999984,-60.6504762,55.0,538.0,Municipio Rosario,Municipio,Rosario,820210,Servicio de Catastro e Información Territorial,IGN
2012,8520,2012-06-05,Martes,0.0,16:50:00,,0.0,2,"Automóvil,Moto/Ciclomotor",Buenos Aires 5341,2,1,0,0,1,0,0,,S/D,,ROSARIO,Rosario,Asfalto,S/D,II,S/D,Urbana,S/D,S/D,Recta,Bueno,S/D,Diurna,Buen Tiempo,S/D,S/D,Atropello,S/D,S/D,S/D,S/D,"-32.9455116, -60.6321604",['Buenos Aires 5341'],1,Buenos Aires 5341,-32.9455116,-60.6321604,55.0,538.0,Municipio Rosario,Municipio,Rosario,820210,Servicio de Catastro e Información Territorial,IGN
2012,8521,2012-06-06,Miercoles,0.0,,,0.0,2,"Moto/Ciclomotor,Otros",Santa Fe Y Bv. Oroño,1,1,0,0,0,0,0,,S/D,,ROSARIO,Rosario,Asfalto,S/D,II,S/D,S/D,S/D,S/D,Intersección,Bueno,S/D,Diurna,Buen Tiempo,S/D,S/D,Colisión,S/D,S/D,S/D,S/D,POINT (-60.65298555 -32.94236794999999),"['Santa Fe', 'Bulevar Nicasio Oroño']",2,Santa Fe; Bulevar Nicasio Oroño,-32.94236794999999,-60.65298555,55.0,538.0,Municipio Rosario,Municipio,Rosario,820210,Servicio de Catastro e Información Territorial,IGN
2012,8522,2012-06-06,Miercoles,0.0,14:00:00,,0.0,2,"Moto/Ciclomotor,Automóvil",Santa Fe Y Mariano Moreno,3,2,0,0,1,0,0,,Calle,,ROSARIO,Rosario,Asfalto,S/D,II,Dentro,Urbana,S/D,S/D,Intersección,S/D,Buena,Diurna,Buen Tiempo,Lateral,S/D,Colisión,S/D,S/D,S/D,S/D,POINT (-60.65025920000001 -32.942853299999996),"['Santa Fe', 'Mariano Moreno']",2,Santa Fe; Mariano Moreno,-32.9428533,-60.65025920000001,55.0,538.0,Municipio Rosario,Municipio,Rosario,820210,Servicio de Catastro e Información Territorial,IGN
2012,8523,2012-06-06,Miercoles,0.0,14:30:00,,0.0,2,"Automóvil,Otros",Alvear Y San Luis,3,2,0,0,1,0,0,,Calle,,ROSARIO,Rosario,Asfalto,S/D,II,Dentro,Urbana,S/D,Funciona,Intersección,Bueno,Buena,Diurna,Buen Tiempo,S/D,S/D,Colisión,S/D,S/D,S/D,S/D,POINT (-60.65533140000001 -32.9460782),"['Alvear', 'San Luis']",2,Alvear; San Luis,-32.9460782,-60.65533140000001,55.0,538.0,Municipio Rosario,Municipio,Rosario,820210,Servicio de Catastro e Información Territorial,IGN
2012,8524,2012-06-07,Jueves,0.0,20:50:00,,0.0,2,"Moto/Ciclomotor,Automóvil",Balcarce Y Mendoza,2,1,0,0,1,0,0,,S/D,,ROSARIO,Rosario,Asfalto,S/D,II,S/D,Urbana,S/D,S/D,Intersección,Bueno,Buena,Nocturna,Buen Tiempo,Lateral,S/D,Colisión,S/D,S/D,S/D,S/D,POINT (-60.653223600000004 -32.949085),"['Balcarce', 'Mendoza']",2,Balcarce; Mendoza,-32.949085,-60.6532236,55.0,538.0,Municipio Rosario,Municipio,Rosario,820210,Servicio de Catastro e Información Territorial,IGN
2012,8525,2012-06-07,Jueves,0.0,16:00:00,,0.0,1,Automóvil,San Luis 1900,2,2,0,0,0,0,0,,Calle,,ROSARIO,Rosario,Asfalto,S/D,II,S/D,Urbana,S/D,No existe,Recta,Bueno,Buena,Diurna,Buen Tiempo,Contra objeto fijo,S/D,Colisión,S/D,S/D,S/D,S/D,"-32.9470206, -60.6496915",['San Luis 1900'],1,San Luis 1900,-32.9470206,-60.6496915,55.0,538.0,Municipio Rosario,Municipio,Rosario,820210,Servicio de Catastro e Información Territorial,IGN
2012,8526,2012-06-07,Jueves,0.0,13:00:00,,0.0,2,"Automóvil,Automóvil",Mariano Moreno Y Mendoza,3,1,0,0,2,0,0,,Calle,,ROSARIO,Rosario,Asfalto,S/D,II,S/D,Urbana,S/D,S/D,Intersección,Bueno,Buena,Diurna,S/D,Lateral,S/D,Colisión,S/D,S/D,S/D,S/D,POINT (-60.6519029 -32.949323199999995),"['Mariano Moreno', 'Mendoza']",2,Mariano Moreno; Mendoza,-32.949323199999995,-60.6519029,55.0,538.0,Municipio Rosario,Municipio,Rosario,820210,Servicio de Catastro e Información Territorial,IGN
2012,8527,2012-06-08,Viernes,0.0,14:00:00,,0.0,2,"Moto/Ciclomotor,Automóvil",Sarmiento Y San Luis,2,1,0,0,1,0,0,,Calle,,ROSARIO,Rosario,Asfalto,S/D,II,S/D,Urbana,S/D,S/D,Intersección,S/D,S/D,Diurna,Buen Tiempo,Otro,S/D,Colisión,S/D,S/D,S/D,S/D,POINT (-60.6388307 -32.949042999999996),"['Sarmiento', 'San Luis']",2,Sarmiento; San Luis,-32.949043,-60.6388307,55.0,538.0,Municipio Rosario,Municipio,Rosario,820210,Servicio de Catastro e Información Territorial,IGN
2012,8528,2012-06-09,Sabado,0.0,17:40:00,,0.0,2,"Bicicleta,Taxi/Remis",Bv. Oroño Y 3 De Febrero,2,1,0,0,1,0,0,,S/D,,ROSARIO,Rosario,Asfalto,S/D,II,S/D,Urbana,S/D,S/D,Intersección,Bueno,Buena,Diurna,S/D,S/D,S/D,Atropello,S/D,S/D,S/D,S/D,POINT (-60.654906749999995 -32.950095049999995),"['Bulevar Nicasio Oroño', '3 de Febrero']",2,Bulevar Nicasio Oroño; 3 de Febrero,-32.950095049999995,-60.65490675,55.0,538.0,Municipio Rosario,Municipio,Rosario,820210,Servicio de Catastro e Información Territorial,IGN
2012,8529,2012-06-10,Domingo,0.0,08:00:00,,0.0,2,"Moto/Ciclomotor,Taxi/Remis",San Luis Y Mariano Moreno,3,1,0,0,2,0,0,,S/D,,ROSARIO,Rosario,Asfalto,S/D,II,S/D,Urbana,S/D,S/D,Intersección,Bueno,Buena,Diurna,Buen Tiempo,Otro,S/D,Colisión,S/D,S/D,S/D,S/D,POINT (-60.6512659 -32.94680389999999),"['San Luis', 'Mariano Moreno']",2,San Luis; Mariano Moreno,-32.94680389999999,-60.6512659,55.0,538.0,Municipio Rosario,Municipio,Rosario,820210,Servicio de Catastro e Información Territorial,IGN
2012,8530,2012-06-12,Martes,0.0,10:30:00,,0.0,2,"Transporte de Pasajeros Urbano (> 8 asientos),Transporte de Pasajeros Urbano (> 8 asientos)",Av. Pellegrini Y Mitre,4,2,0,0,2,0,0,,Calle,,ROSARIO,Rosario,Asfalto,S/D,II,Dentro,Urbana,S/D,S/D,Intersección,Bueno,Buena,Diurna,Buen Tiempo,Otro,S/D,Colisión,S/D,S/D,S/D,S/D,POINT (-60.642289899999994 -32.9570524),"['Pellegrini', 'Mitre']",2,Avenida Carlos Pellegrini; Bartolomé Mitre,-32.9570524,-60.6422899,55.0,538.0,Municipio Rosario,Municipio,Rosario,820210,Servicio de Catastro e Información Territorial,IGN
2012,8531,2012-06-12,Martes,0.0,09:35:00,,0.0,2,"Moto/Ciclomotor,Taxi/Remis",Sarmiento Y 3 De Febrero,3,2,0,0,1,0,0,,S/D,,ROSARIO,Rosario,Asfalto,S/D,II,S/D,S/D,S/D,S/D,Intersección,Bueno,Buena,Diurna,Buen Tiempo,Otro,S/D,Colisión,S/D,S/D,S/D,S/D,POINT (-60.63974480000001 -32.9527553),"['Sarmiento', '3 de Febrero']",2,Sarmiento; 3 de Febrero,-32.9527553,-60.63974480000001,55.0,538.0,Municipio Rosario,Municipio,Rosario,820210,Servicio de Catastro e Información Territorial,IGN
2012,8540,2012-06-03,Domingo,0.0,22:30:00,,0.0,2,"Moto/Ciclomotor,Automóvil",Washington Y Esquivel,2,1,0,0,1,0,0,,Calle,,ROSARIO,Rosario,S/D,S/D,II,S/D,S/D,S/D,No existe,Intersección,S/D,Buena,Nocturna,S/D,Lateral,S/D,Colisión,S/D,S/D,S/D,S/D,POINT (-60.70434029999999 -32.904214499999995),"['Washington', 'Esquivel']",2,Washington; Esquivel,-32.904214499999995,-60.70434029999999,55.0,538.0,Municipio Rosario,Municipio,Rosario,820210,Servicio de Catastro e Información Territorial,IGN
2012,8541,2012-06-05,Martes,0.0,20:15:00,,0.0,2,"Automóvil,Tren",Humberto I Y Formosa,2,1,0,0,1,0,0,,S/D,,ROSARIO,Rosario,Asfalto,Pavimento,II,S/D,S/D,Marca Vial,S/D,Paso a Nivel FFCC,Bueno,Buena,Nocturna,Buen Tiempo,Lateral,S/D,Colisión,S/D,S/D,S/D,S/D,POINT (-60.6911593 -32.92990720000001),"['Humberto', 'Formosa']",2,Humberto Primero; Formosa,-32.92990720000001,-60.6911593,55.0,538.0,Municipio Rosario,Municipio,Rosario,820210,Servicio de Catastro e Información Territorial,IGN
2012,8542,2012-06-06,Miercoles,0.0,,,0.0,2,"Automóvil,Taxi/Remis",Santa Fe Y Liniers,2,1,0,0,1,0,0,,Avenida,,ROSARIO,Rosario,Asfalto,Pavimento,II,S/D,S/D,Semáforo,Funciona,Intersección,Bueno,Buena,Nocturna,Buen Tiempo,De alcance,S/D,Colisión,S/D,S/D,Barrera de hormigón,Sin restricción,POINT (-60.69874070000001 -32.9353252),"['Santa Fe', 'Liniers']",2,Santa Fe; Liniers,-32.9353252,-60.69874070000001,55.0,538.0,Municipio Rosario,Municipio,Rosario,820210,Servicio de Catastro e Información Territorial,IGN
2012,8543,2012-06-21,Jueves,0.0,,,0.0,2,"Automóvil,Taxi/Remis",Carriego 500,3,1,0,0,2,0,0,,Calle,,ROSARIO,Rosario,Asfalto,No existe,II,Dentro,Urbana,Ninguna,No existe,Recta,Bueno,Buena,S/D,S/D,De alcance,S/D,Colisión,Otro,Faltante,Ninguna,Sin restricción,"-32.9367144, -60.6885058",['Carriego 500'],1,Carriego 500,-32.9367144,-60.6885058,55.0,538.0,Municipio Rosario,Municipio,Rosario,820210,Servicio de Catastro e Información Territorial,IGN