anio_acci,nro_acci,fecha,desc_dia,fecha_aprox,hora_aprox,desc_ruta,km,cant_participantes,desc_participante,calle_avenida_km,total,heridos_leves,heridos_graves,heridos_gravisimos,ilesos,fallecidos,sin_datos,posicion_XY,desc_tipo_via,desc_ruta_ori,desc_loc,desc_dpto,desc_tipo_calzada,desc_tipo_banquina,desc_unidad_regional,desc_lugar_calzada,desc_zona,desc_prioridad,desc_estado_semaforo,desc_lugar_via,desc_estado_via,desc_estado_visibilidad,desc_luminosidad,desc_estado_clima,desc_tipo_colision,desc_tipo_atropello,desc_tipo_hecho,desc_pres_calzada,desc_senializacion,desc_separacion_via,desc_restriccion,forma_geocod,calle_lista,numero_calles,calles_osm,lat,lon,index_right,gid,fna,gna,nam,in1,fdc,sag
2012,8544,2012-06-23,Sabado,0.0,,,0.0,2,"Moto/Ciclomotor,Automóvil",Larrea Y F.M.Esquiu,2,1,0,0,1,0,0,,Calle,,ROSARIO,Rosario,Asfalto,No existe,II,Dentro,Urbana,Ninguna,No existe,Intersección,Bueno,S/D,S/D,S/D,Lateral,S/D,Colisión,S/D,Faltante,S/D,Sin restricción,POINT (-60.6979382 -32.922705799999996),"['Larrea', 'Esquiú']",2,Larrea; Esquiú,-32.9227058,-60.6979382,55.0,538.0,Municipio Rosario,Municipio,Rosario,820210,Servicio de Catastro e Información Territorial,IGN
2012,8545,2012-06-24,Domingo,0.0,07:35:00,,0.0,2,"Moto/Ciclomotor,Pickup/Utilitario",Junin Y C. Aldao,2,1,0,0,1,0,0,,Calle,,ROSARIO,Rosario,Asfalto,No existe,II,S/D,S/D,Semáforo,Funciona,Intersección,Bueno,Buena,Diurna,S/D,Lateral,S/D,Colisión,S/D,Horizontal,Línea divisoria pintada,Sin restricción,POINT (-60.6964648 -32.9271327),"['Junín', 'Aldao']",2,Junín; Camilo Aldao,-32.9271327,-60.6964648,55.0,538.0,Municipio Rosario,Municipio,Rosario,820210,Servicio de Catastro e Información Territorial,IGN
2012,8546,2012-06-16,Sabado,0.0,19:50:00,,0.0,2,"Moto/Ciclomotor,Automóvil",F.M.Esquiu Y Larrea,2,1,0,0,1,0,0,,Calle,,ROSARIO,Rosario,Asfalto,No existe,II,S/D,Urbana,Ninguna,No existe,Intersección,Bueno,Buena,Nocturna,Buen Tiempo,S/D,S/D,Colisión,S/D,S/D,S/D,Sin restricción,POINT (-60.6979382 -32.922705799999996),"['Esquiú', 'Larrea']",2,Esquiú; Larrea,-32.9227058,-60.6979382,55.0,538.0,Municipio Rosario,Municipio,Rosario,820210,Servicio de Catastro e Información Territorial,IGN
2012,8547,2012-06-16,Sabado,0.0,16:40:00,,0.0,2,"Moto/Ciclomotor,Automóvil",Tte.Agneta Y Casilda,3,1,0,0,2,0,0,,Calle,,ROSARIO,Rosario,Asfalto,No existe,II,S/D,Urbana,Ninguna,No existe,Intersección,Bueno,Buena,Diurna,S/D,Lateral,S/D,Colisión,S/D,Faltante,Ninguna,Sin restricción,POINT (-60.7002708 -32.928780499999995),"['Teniente Agneta', 'Casilda']",2,Teniente Agneta; Casilda,-32.928780499999995,-60.7002708,55.0,538.0,Municipio Rosario,Municipio,Rosario,820210,Servicio de Catastro e Información Territorial,IGN
2012,8548,2012-06-01,Viernes,0.0,17:30:00,,0.0,2,"Moto/Ciclomotor,Pickup/Utilitario",Pampa Y Cullen,3,1,0,0,2,0,0,,Calle,,ROSARIO,Rosario,Asfalto,No existe,II,Dentro,Urbana,Ninguna,No existe,Recta,Bueno,Buena,Diurna,S/D,Lateral,S/D,Colisión,S/D,Horizontal,Ninguna,Sin restricción,POINT (-60.70882170000001 -32.9466588),"['Pampa', 'Cullen']",2,Pampa; Cullen,-32.9466588,-60.70882170000001,55.0,538.0,Municipio Rosario,Municipio,Rosario,820210,Servicio de Catastro e Información Territorial,IGN
2012,8549,2012-06-10,Domingo,0.0,,,0.0,2,"Moto/Ciclomotor,Moto/Ciclomotor",Mendoza Y Garzon,3,1,0,0,2,0,0,,Avenida,,ROSARIO,Rosario,Asfalto,S/D,II,Dentro,Urbana,Ninguna,S/D,Recta,Bueno,S/D,S/D,S/D,Otro,S/D,Colisión,S/D,S/D,Ninguna,Sin restricción,POINT (-60.7056814 -32.94004240000001),"['Mendoza', 'Garzón']",2,Mendoza; Garzón,-32.94004240000001,-60.7056814,55.0,538.0,Municipio Rosario,Municipio,Rosario,820210,Servicio de Catastro e Información Territorial,IGN
2012,8551,2012-06-15,Viernes,0.0,15:15:00,,0.0,2,"Moto/Ciclomotor,Automóvil",Av. Provincias Unidas Y Derqui,2,1,0,0,1,0,0,,Avenida,,ROSARIO,Rosario,Asfalto,No existe,II,Dentro,Urbana,Ninguna,No existe,Recta,Bueno,Buena,Diurna,Buen Tiempo,S/D,S/D,Colisión,S/D,Horizontal,Ninguna,Sin restricción,POINT (-60.71271935 -32.93803875),"['Avenida Provincias Unidas', 'Derqui']",2,Avenida Provincias Unidas; Derqui,-32.93803875,-60.71271935,55.0,538.0,Municipio Rosario,Municipio,Rosario,820210,Servicio de Catastro e Información Territorial,IGN
2012,8553,2012-06-01,Viernes,0.0,16:40:00,,0.0,2,"Moto/Ciclomotor,Moto/Ciclomotor",Colombia Y La Paz,3,2,0,0,1,0,0,,Calle,,ROSARIO,Rosario,Asfalto,S/D,II,Dentro,Urbana,Ninguna,S/D,Recta,Bueno,S/D,Diurna,S/D,Otro,S/D,Colisión,S/D,S/D,Ninguna,Sin restricción,POINT (-60.715492 -32.955828499999996),"['Colombia', 'La Paz']",2,Colombia; La Paz,-32.9558285,-60.715492,55.0,538.0,Municipio Rosario,Municipio,Rosario,820210,Servicio de Catastro e Información Territorial,IGN
2012,8554,2012-06-02,Sabado,0.0,18:15:00,,0.0,2,"Moto/Ciclomotor,Automóvil",Roullon Y Cochabamba,2,1,0,0,1,0,0,,Calle,,ROSARIO,Rosario,Asfalto,No existe,II,Dentro,Urbana,Ninguna,No existe,Recta,Bueno,Buena,S/D,S/D,Lateral,S/D,Colisión,S/D,Horizontal,Ninguna,Sin restricción,POINT (-60.7018671 -32.9495223),"['Alfredo Rouillón', 'Cochabamba']",2,Alfredo Rouillón; Cochabamba,-32.9495223,-60.7018671,55.0,538.0,Municipio Rosario,Municipio,Rosario,820210,Servicio de Catastro e Información Territorial,IGN
2012,8557,2012-06-09,Sabado,0.0,10:00:00,,0.0,2,"Bicicleta,Moto/Ciclomotor",Mendoza Y Campbell,2,1,0,0,1,0,0,,Avenida,,ROSARIO,Rosario,Asfalto,S/D,II,Dentro,Urbana,Semáforo,Funciona,Intersección,Bueno,S/D,S/D,S/D,S/D,S/D,Atropello,S/D,Vertical,Ninguna,Sin restricción,POINT (-60.707938850000005 -32.940105),"['Mendoza', 'Campbell']",2,Mendoza; Campbell,-32.940105,-60.707938850000005,55.0,538.0,Municipio Rosario,Municipio,Rosario,820210,Servicio de Catastro e Información Territorial,IGN
2012,8558,2012-06-10,Domingo,0.0,,,0.0,2,"Automóvil,Automóvil",Av. Pellegrini Y Liniers,3,1,0,0,2,0,0,,Avenida,,ROSARIO,Rosario,Asfalto,Pavimento,II,Dentro,Urbana,Semáforo,Funciona,Recta,Bueno,Buena,S/D,S/D,Otro,S/D,Colisión,S/D,Vertical,Ninguna,Sin restricción,POINT (-60.69824345 -32.9482175),"['Pellegrini', 'Liniers']",2,"('Avenida Carlos Pellegrini', 'Liniers')",-32.9482175,-60.69824345,55.0,538.0,Municipio Rosario,Municipio,Rosario,820210,Servicio de Catastro e Información Territorial,IGN
2012,8559,2012-06-02,Sabado,0.0,19:45:00,,0.0,2,"Peatón,Moto/Ciclomotor",Av. Pellegrini Y Solis,2,2,0,0,0,0,0,,Avenida,,ROSARIO,Rosario,Asfalto,No existe,II,Dentro,Urbana,Semáforo,Funciona,Recta,Bueno,Buena,Atardecer,S/D,S/D,S/D,Atropello,S/D,Vertical,Barrera de hormigón,Sin restricción,POINT (-60.702975050000006 -32.948345350000004),"['Pellegrini', 'Solis']",2,Avenida Carlos Pellegrini; Juan Díaz de Solís,-32.948345350000004,-60.702975050000006,55.0,538.0,Municipio Rosario,Municipio,Rosario,820210,Servicio de Catastro e Información Territorial,IGN
2012,8561,2012-06-16,Sabado,0.0,17:20:00,,0.0,2,"Peatón,Automóvil",Mendoza Y Solis,2,1,0,0,1,0,0,,Avenida,,ROSARIO,Rosario,Asfalto,S/D,II,Dentro,Urbana,Semáforo,S/D,Intersección,Bueno,Buena,Atardecer,S/D,S/D,S/D,Atropello,S/D,Faltante,Ninguna,Sin restricción,POINT (-60.7034051 -32.939993799999996),"['Mendoza', 'Solis']",2,Mendoza; Juan Díaz de Solís,-32.9399938,-60.7034051,55.0,538.0,Municipio Rosario,Municipio,Rosario,820210,Servicio de Catastro e Información Territorial,IGN
2012,8562,2012-06-16,Sabado,0.0,18:45:00,,0.0,2,"Automóvil,Pickup/Utilitario",Mendoza Y Campbell,3,1,0,0,1,0,1,,Calle,,ROSARIO,Rosario,Asfalto,No existe,II,Dentro,Urbana,Ninguna,Funciona,Intersección,Bueno,Buena,Atardecer,S/D,Otro,S/D,Colisión,S/D,S/D,Ninguna,Sin restricción,POINT (-60.707938850000005 -32.940105),"['Mendoza', 'Campbell']",2,Mendoza; Campbell,-32.940105,-60.707938850000005,55.0,538.0,Municipio Rosario,Municipio,Rosario,820210,Servicio de Catastro e Información Territorial,IGN
2012,8563,2012-06-17,Domingo,0.0,22:50:00,,0.0,2,"Automóvil,Automóvil",Av. Pellegrini Y Roullon,2,1,0,0,1,0,0,,Avenida,,ROSARIO,Rosario,Asfalto,S/D,II,S/D,Urbana,Semáforo,S/D,Intersección,Bueno,Buena,Nocturna,S/D,Otro,S/D,Colisión,S/D,S/D,Ninguna,Sin restricción,POINT (-60.70191075 -32.94831669999999),"['Pellegrini', 'Alfredo Rouillón']",2,Avenida Carlos Pellegrini; Alfredo Rouillón,-32.94831669999999,-60.70191075,55.0,538.0,Municipio Rosario,Municipio,Rosario,820210,Servicio de Catastro e Información Territorial,IGN
2012,8569,2012-06-18,Lunes,0.0,18:50:00,,0.0,2,"Moto/Ciclomotor,Automóvil",Marcos Paz Y Matienzo,3,2,0,0,1,0,0,,Calle,,ROSARIO,Rosario,Asfalto,No existe,II,S/D,Urbana,Ninguna,No existe,Intersección,Bueno,Buena,Atardecer,S/D,Otro,S/D,Colisión,S/D,Faltante,Ninguna,Sin restricción,POINT (-60.694738 -32.9385691),"['Marcos Paz', 'Matienzo']",2,Marcos Paz; Benjamín Matienzo,-32.9385691,-60.694738,55.0,538.0,Municipio Rosario,Municipio,Rosario,820210,Servicio de Catastro e Información Territorial,IGN
2012,8570,2012-06-19,Martes,0.0,16:00:00,,0.0,2,"Moto/Ciclomotor,Automóvil",Av. Provincias Unidas Y Riobamba,2,1,0,0,1,0,0,,Avenida,,ROSARIO,Rosario,Asfalto,S/D,II,Dentro,Urbana,Semáforo,S/D,Intersección,Bueno,S/D,Diurna,S/D,S/D,S/D,Colisión,S/D,Faltante,Ninguna,Sin restricción,POINT (-60.712006800000005 -32.954541049999996),"['Avenida Provincias Unidas', 'Riobamba']",2,Avenida Provincias Unidas; Riobamba,-32.95454105,-60.712006800000005,55.0,538.0,Municipio Rosario,Municipio,Rosario,820210,Servicio de Catastro e Información Territorial,IGN
2012,8571,2012-06-20,Miercoles,0.0,18:10:00,,0.0,1,Moto/Ciclomotor,Av. Provincias Unidas Y Derqui,3,2,0,0,1,0,0,,Avenida,,ROSARIO,Rosario,Asfalto,S/D,II,S/D,Urbana,Ninguna,S/D,Intersección,Bueno,Buena,Atardecer,S/D,Otro,S/D,Colisión,S/D,Faltante,Ninguna,Sin restricción,POINT (-60.71271935 -32.93803875),"['Avenida Provincias Unidas', 'Derqui']",2,Avenida Provincias Unidas; Derqui,-32.93803875,-60.71271935,55.0,538.0,Municipio Rosario,Municipio,Rosario,820210,Servicio de Catastro e Información Territorial,IGN
2012,8572,2012-06-20,Miercoles,0.0,10:05:00,,0.0,2,"Moto/Ciclomotor,Taxi/Remis",Av. Provincias Unidas Y Pampa,3,2,0,0,0,0,1,,Avenida,,ROSARIO,Rosario,Asfalto,S/D,II,S/D,Urbana,Ninguna,S/D,Intersección,Bueno,S/D,Diurna,S/D,Otro,S/D,Colisión,S/D,Faltante,Ninguna,Sin restricción,POINT (-60.7123341 -32.94672514999999),"['Avenida Provincias Unidas', 'Pampa']",2,Avenida Provincias Unidas; Pampa,-32.94672514999999,-60.7123341,55.0,538.0,Municipio Rosario,Municipio,Rosario,820210,Servicio de Catastro e Información Territorial,IGN
2012,8573,2012-06-21,Jueves,0.0,,,0.0,2,"Pickup/Utilitario,Pickup/Utilitario",Av. Provincias Unidas Y Pasco,2,1,0,0,1,0,0,,Avenida,,ROSARIO,Rosario,Asfalto,S/D,II,S/D,Urbana,Ninguna,S/D,Intersección,Bueno,S/D,S/D,S/D,Otro,S/D,Colisión,S/D,Faltante,Ninguna,Sin restricción,POINT (-60.712149999999994 -32.9509506),"['Avenida Provincias Unidas', 'Pasco']",2,Avenida Provincias Unidas; Pasco,-32.9509506,-60.71215,55.0,538.0,Municipio Rosario,Municipio,Rosario,820210,Servicio de Catastro e Información Territorial,IGN
2012,8574,2012-06-21,Jueves,0.0,17:00:00,,0.0,2,"Automóvil,Pickup/Utilitario",Av. Eva Peron Y Campbell,2,1,0,0,1,0,0,,Avenida,,ROSARIO,Rosario,Asfalto,S/D,II,S/D,Urbana,Semáforo,S/D,Intersección,Bueno,S/D,Atardecer,S/D,Otro,S/D,Colisión,S/D,Faltante,Ninguna,Sin restricción,POINT (-60.70824665000001 -32.9338452),"['Avenida Eva Perón', 'Campbell']",2,Avenida Eva Perón; Campbell,-32.9338452,-60.70824665000001,55.0,538.0,Municipio Rosario,Municipio,Rosario,820210,Servicio de Catastro e Información Territorial,IGN
2012,8575,2012-06-25,Lunes,0.0,13:55:00,,0.0,2,"Moto/Ciclomotor,Pickup/Utilitario",Cerrito Y Guatemala,2,1,0,0,1,0,0,,Calle,,ROSARIO,Rosario,Asfalto,No existe,II,S/D,Urbana,Ninguna,No existe,Intersección,Bueno,Buena,Diurna,S/D,S/D,S/D,Colisión,S/D,S/D,Ninguna,Sin restricción,POINT (-60.71673069999999 -32.9534592),"['Cerrito', 'Guatemala']",2,Cerrito; Guatemala,-32.9534592,-60.71673069999999,55.0,538.0,Municipio Rosario,Municipio,Rosario,820210,Servicio de Catastro e Información Territorial,IGN
2012,8576,2012-06-25,Lunes,0.0,13:00:00,,0.0,2,"Automóvil,Automóvil",Av. Pellegrini Y Av. Provincias Unidas,3,1,0,0,2,0,0,,Avenida,,ROSARIO,Rosario,Asfalto,No existe,II,S/D,Urbana,Semáforo,Funciona,Intersección,Bueno,Buena,Diurna,S/D,Otro,S/D,Colisión,S/D,S/D,S/D,Sin restricción,POINT (-60.71226145 -32.948578),"['Pellegrini', 'Avenida Provincias Unidas']",2,Avenida Carlos Pellegrini; Avenida Provincias Unidas,-32.948578,-60.71226145,55.0,538.0,Municipio Rosario,Municipio,Rosario,820210,Servicio de Catastro e Información Territorial,IGN
2012,8577,2012-06-12,Martes,0.0,15:10:00,,0.0,2,"Moto/Ciclomotor,Automóvil",Av. Pellegrini 1100,2,1,0,0,1,0,0,,S/D,,ROSARIO,Rosario,Asfalto,S/D,II,S/D,S/D,S/D,S/D,Recta,S/D,Buena,Diurna,Buen Tiempo,Otro,S/D,Colisión,S/D,S/D,S/D,S/D,"-32.9572111, -60.6407657",['Pellegrini 1100'],1,Pellegrini 1100,-32.9572111,-60.6407657,55.0,538.0,Municipio Rosario,Municipio,Rosario,820210,Servicio de Catastro e Información Territorial,IGN
2012,8578,2012-06-27,Miercoles,0.0,19:50:00,,0.0,2,"Peatón,Automóvil",Av. Eva Peron Y Solis,2,1,0,0,1,0,0,,Avenida,,ROSARIO,Rosario,Asfalto,No existe,II,S/D,Urbana,Semáforo,Funciona,Intersección,Bueno,Buena,Nocturna,S/D,Otro,S/D,Atropello,S/D,Faltante,Ninguna,Sin restricción,POINT (-60.70364185 -32.93467735),"['Avenida Eva Perón', 'Solis']",2,Avenida Eva Perón; Juan Díaz de Solís,-32.93467735,-60.70364185,55.0,538.0,Municipio Rosario,Municipio,Rosario,820210,Servicio de Catastro e Información Territorial,IGN
2012,8579,2012-06-12,Martes,0.0,14:35:00,,0.0,2,"Vehículo Oficial,Automóvil",Dorrego Y 3 De Febrero,2,1,0,0,1,0,0,,S/D,,ROSARIO,Rosario,Asfalto,S/D,II,S/D,Urbana,S/D,S/D,Intersección,Bueno,Buena,Diurna,Buen Tiempo,S/D,S/D,Colisión,S/D,S/D,S/D,S/D,POINT (-60.65079089999999 -32.9508141),"['Dorrego', '3 de Febrero']",2,Manuel Dorrego; 3 de Febrero,-32.9508141,-60.65079089999999,55.0,538.0,Municipio Rosario,Municipio,Rosario,820210,Servicio de Catastro e Información Territorial,IGN
2012,8580,2012-06-28,Jueves,0.0,12:00:00,,0.0,2,"Moto/Ciclomotor,Automóvil",Mendoza Y Roullon,2,1,0,0,1,0,0,,Calle,,ROSARIO,Rosario,Asfalto,No existe,II,S/D,Urbana,Semáforo,Funciona,Intersección,Bueno,Buena,Diurna,S/D,Otro,S/D,Colisión,S/D,S/D,Ninguna,Sin restricción,POINT (-60.7022742 -32.94027259999999),"['Mendoza', 'Alfredo Rouillón']",2,Mendoza; Alfredo Rouillón,-32.94027259999999,-60.7022742,55.0,538.0,Municipio Rosario,Municipio,Rosario,820210,Servicio de Catastro e Información Territorial,IGN
2012,8581,2012-06-29,Viernes,0.0,13:00:00,,0.0,2,"Automóvil,Transporte de Pasajeros Urbano (> 8 asientos)",Peru Y Viamonte,2,1,0,0,1,0,0,,Calle,,ROSARIO,Rosario,Asfalto,No existe,II,S/D,Urbana,Ninguna,No existe,Intersección,Bueno,Buena,Diurna,Lluvia,Lateral,S/D,Colisión,Agua,S/D,Ninguna,Sin restricción,POINT (-60.7107194 -32.9568746),"['Peru', 'Viamonte']",2,Perú; Viamonte,-32.9568746,-60.7107194,55.0,538.0,Municipio Rosario,Municipio,Rosario,820210,Servicio de Catastro e Información Territorial,IGN
2012,8582,2012-06-13,Miercoles,0.0,16:30:00,,0.0,2,"Automóvil,Automóvil",Av. Pellegrini Y Alvear,2,1,0,0,1,0,0,,Calle,,ROSARIO,Rosario,S/D,S/D,II,S/D,Urbana,S/D,S/D,Intersección,Bueno,Buena,Diurna,Buen Tiempo,S/D,S/D,S/D,S/D,S/D,S/D,S/D,POINT (-60.6574268 -32.95433405),"['Pellegrini', 'Alvear']",2,Avenida Carlos Pellegrini; Alvear,-32.95433405,-60.6574268,55.0,538.0,Municipio Rosario,Municipio,Rosario,820210,Servicio de Catastro e Información Territorial,IGN
2012,8583,2012-06-30,Sabado,0.0,16:10:00,,0.0,2,"Automóvil,Pickup/Utilitario",Camilo Aldao Y Riobamba,3,1,0,0,2,0,0,,Calle,,ROSARIO,Rosario,Asfalto,S/D,II,Dentro,Urbana,Ninguna,S/D,Intersección,Bueno,S/D,S/D,S/D,S/D,S/D,Colisión,S/D,S/D,Ninguna,Sin restricción,POINT (-60.6954056 -32.9541046),"['Camilo Aldao', 'Riobamba']",2,Camilo Aldao; Riobamba,-32.9541046,-60.6954056,55.0,538.0,Municipio Rosario,Municipio,Rosario,820210,Servicio de Catastro e Información Territorial,IGN
2012,8585,2012-06-11,Lunes,0.0,20:00:00,,0.0,2,"Moto/Ciclomotor,Camión",J.J.Paso Y Cullen,2,1,0,0,1,0,0,,Calle,,ROSARIO,Rosario,Asfalto,Pavimento,II,Dentro,Urbana,Ninguna,Funciona,Intersección,Bueno,Buena,Diurna,Buen Tiempo,Lateral,S/D,Colisión,Otro,Faltante,Ninguna,S/D,POINT (-60.7097063 -32.92013579999998),"['Paso', 'Cullen']",2,Avenida Juan José Paso; Cullen,-32.92013579999998,-60.7097063,55.0,538.0,Municipio Rosario,Municipio,Rosario,820210,Servicio de Catastro e Información Territorial,IGN
2012,8586,2012-06-08,Viernes,0.0,11:20:00,,0.0,2,"Moto/Ciclomotor,Automóvil",Av. Provincias Unidas Y Av. Sorrento,3,2,0,0,1,0,0,,Avenida,,ROSARIO,Rosario,Asfalto,No existe,II,Dentro,Urbana,Señal Pare,No existe,Rotonda,Bueno,Buena,Diurna,Buen Tiempo,Lateral,S/D,Colisión,Otro,Faltante,Ninguna,S/D,POINT (-60.714102249999996 -32.9083328),"['Avenida Provincias Unidas', 'Sorrento']",2,Avenida Provincias Unidas; Avenida Sorrento,-32.9083328,-60.71410225,55.0,538.0,Municipio Rosario,Municipio,Rosario,820210,Servicio de Catastro e Información Territorial,IGN
2012,8587,2012-06-13,Miercoles,0.0,14:00:00,,0.0,2,"Automóvil,Automóvil",Mariano Moreno Y Rioja,3,2,0,0,1,0,0,,Calle,,ROSARIO,Rosario,Asfalto,S/D,II,S/D,Urbana,S/D,S/D,Intersección,Bueno,Buena,Diurna,Buen Tiempo,Lateral,S/D,Colisión,S/D,S/D,S/D,S/D,POINT (-60.6508717 -32.9453541),"['Mariano Moreno', 'Rioja']",2,Mariano Moreno; Rioja,-32.9453541,-60.6508717,55.0,538.0,Municipio Rosario,Municipio,Rosario,820210,Servicio de Catastro e Información Territorial,IGN
2012,8588,2012-06-13,Miercoles,0.0,14:00:00,,0.0,2,"Automóvil,Automóvil",Sarmiento ,2,1,0,0,1,0,0,,Calle,,ROSARIO,Rosario,Asfalto,S/D,II,S/D,S/D,S/D,S/D,Recta,Bueno,Buena,Diurna,Buen Tiempo,Lateral,S/D,Colisión,S/D,S/D,S/D,S/D,"-32.9064347, -60.68773",['Sarmiento'],1,Sarmiento,-32.9064347,-60.68773,55.0,538.0,Municipio Rosario,Municipio,Rosario,820210,Servicio de Catastro e Información Territorial,IGN
2012,8589,2012-06-16,Sabado,0.0,12:00:00,,0.0,2,"Pickup/Utilitario,Automóvil",9 De Julio Y Dorrego,2,1,0,0,1,0,0,,S/D,,ROSARIO,Rosario,Asfalto,S/D,II,S/D,S/D,S/D,S/D,Intersección,Bueno,Buena,Diurna,Buen Tiempo,S/D,S/D,Atropello,S/D,S/D,S/D,S/D,POINT (-60.65106190000001 -32.95188339999999),"['9 de Julio', 'Dorrego']",2,9 de Julio; Manuel Dorrego,-32.95188339999999,-60.65106190000001,55.0,538.0,Municipio Rosario,Municipio,Rosario,820210,Servicio de Catastro e Información Territorial,IGN
2012,8590,2012-06-09,Sabado,0.0,19:00:00,,0.0,2,"Moto/Ciclomotor,Automóvil",G.Carrasco Y P.L.Funes,3,2,0,0,1,0,0,,Calle,,ROSARIO,Rosario,Asfalto,No existe,II,Dentro,Urbana,Ninguna,No existe,Intersección,Bueno,Buena,Nocturna,Buen Tiempo,Frontal,S/D,Colisión,S/D,Faltante,Ninguna,S/D,POINT (-60.7019525 -32.92068359999999),"['Carrasco', 'Funes']",2,Omar Carrasco; Deán Gregorio Funes,-32.92068359999999,-60.7019525,55.0,538.0,Municipio Rosario,Municipio,Rosario,820210,Servicio de Catastro e Información Territorial,IGN
2012,8592,2012-06-18,Lunes,0.0,17:00:00,,0.0,2,"Moto/Ciclomotor,Automóvil",Av. Corrientes Y 3 De Febrero,3,2,0,0,1,0,0,,Avenida,,ROSARIO,Rosario,Asfalto,S/D,II,S/D,Urbana,S/D,S/D,Intersección,Bueno,Buena,Nocturna,Buen Tiempo,Otro,S/D,S/D,S/D,S/D,S/D,S/D,POINT (-60.6438985 -32.952018499999994),"['Corrientes', '3 de Febrero']",2,Corrientes; 3 de Febrero,-32.952018499999994,-60.6438985,55.0,538.0,Municipio Rosario,Municipio,Rosario,820210,Servicio de Catastro e Información Territorial,IGN
2012,8593,2012-06-08,Viernes,0.0,23:00:00,,0.0,2,"Moto/Ciclomotor,Automóvil",J.J.Paso Y Larrea,2,1,0,0,1,0,0,,Calle,,ROSARIO,Rosario,Asfalto,No existe,II,Dentro,Urbana,Ninguna,No existe,Recta,Deteriorada,Buena,Nocturna,Buen Tiempo,Frontal,S/D,Colisión,S/D,Faltante,Ninguna,S/D,POINT (-60.69799725 -32.91979094999999),"['Paso', 'Larrea']",2,Avenida Juan José Paso; Larrea,-32.91979094999999,-60.69799725,55.0,538.0,Municipio Rosario,Municipio,Rosario,820210,Servicio de Catastro e Información Territorial,IGN
2012,8594,2012-06-20,Miercoles,0.0,07:50:00,,0.0,2,"Taxi/Remis,Otros",Pte.Roca Y Santa Fe,3,1,0,0,2,0,0,,S/D,,ROSARIO,Rosario,Asfalto,S/D,II,S/D,Urbana,S/D,S/D,Intersección,Bueno,Buena,Diurna,S/D,Otro,S/D,Colisión,S/D,S/D,S/D,S/D,POINT (-60.644754 -32.9438641),"['Roca', 'Santa Fe']",2,Presidente Roca; Santa Fe,-32.9438641,-60.644754,55.0,538.0,Municipio Rosario,Municipio,Rosario,820210,Servicio de Catastro e Información Territorial,IGN
2012,8595,2012-06-06,Miercoles,0.0,18:00:00,,0.0,2,"Moto/Ciclomotor,Automóvil",J.J.Paso Y Ecuador,3,2,0,0,1,0,0,,Calle,,ROSARIO,Rosario,Asfalto,Pavimento,II,Dentro,Urbana,Ninguna,No existe,Intersección,Bueno,Buena,Diurna,Buen Tiempo,Otro,S/D,Colisión,S/D,Faltante,Ninguna,S/D,POINT (-60.71582385 -32.92035055000001),"['Paso', 'Ecuador']",2,Avenida Juan José Paso; Ecuador,-32.92035055000001,-60.71582385,55.0,538.0,Municipio Rosario,Municipio,Rosario,820210,Servicio de Catastro e Información Territorial,IGN
2012,8596,2012-06-20,Miercoles,0.0,14:15:00,,0.0,2,"Moto/Ciclomotor,Automóvil",Av. Pellegrini Y Paraguay,3,2,0,0,1,0,0,,Avenida,,ROSARIO,Rosario,Asfalto,S/D,II,S/D,Urbana,S/D,S/D,Intersección,S/D,Buena,Diurna,Buen Tiempo,Otro,S/D,Colisión,S/D,S/D,S/D,S/D,POINT (-60.64646545 -32.95630334999999),"['Pellegrini', 'Paraguay']",2,Avenida Carlos Pellegrini; Paraguay,-32.95630334999999,-60.64646545,55.0,538.0,Municipio Rosario,Municipio,Rosario,820210,Servicio de Catastro e Información Territorial,IGN
2012,8597,2012-06-22,Viernes,0.0,13:00:00,,0.0,2,"Moto/Ciclomotor,Taxi/Remis",Av. Corrientes Y Santa Fe,2,1,0,0,1,0,0,,S/D,,ROSARIO,Rosario,Asfalto,S/D,II,S/D,Urbana,S/D,S/D,Intersección,S/D,Buena,Diurna,S/D,Otro,S/D,Colisión,S/D,S/D,S/D,S/D,POINT (-60.6420191 -32.9443578),"['Corrientes', 'Santa Fe']",2,Corrientes; Santa Fe,-32.9443578,-60.6420191,55.0,538.0,Municipio Rosario,Municipio,Rosario,820210,Servicio de Catastro e Información Territorial,IGN
2012,8598,2012-06-03,Domingo,0.0,15:30:00,,0.0,2,"Automóvil,Pickup/Utilitario",Av. Provincias Unidas Y Av. Sorrento,3,2,0,0,1,0,0,,Avenida,,ROSARIO,Rosario,Asfalto,No existe,II,Dentro,Urbana,Otra Señal,No existe,Curva,Con baches,Buena,Diurna,Buen Tiempo,De alcance,S/D,Colisión,S/D,Faltante,Ninguna,S/D,POINT (-60.714102249999996 -32.9083328),"['Avenida Provincias Unidas', 'Sorrento']",2,Avenida Provincias Unidas; Avenida Sorrento,-32.9083328,-60.71410225,55.0,538.0,Municipio Rosario,Municipio,Rosario,820210,Servicio de Catastro e Información Territorial,IGN