anio_acci,nro_acci,fecha,desc_dia,fecha_aprox,hora_aprox,desc_ruta,km,cant_participantes,desc_participante,calle_avenida_km,total,heridos_leves,heridos_graves,heridos_gravisimos,ilesos,fallecidos,sin_datos,posicion_XY,desc_tipo_via,desc_ruta_ori,desc_loc,desc_dpto,desc_tipo_calzada,desc_tipo_banquina,desc_unidad_regional,desc_lugar_calzada,desc_zona,desc_prioridad,desc_estado_semaforo,desc_lugar_via,desc_estado_via,desc_estado_visibilidad,desc_luminosidad,desc_estado_clima,desc_tipo_colision,desc_tipo_atropello,desc_tipo_hecho,desc_pres_calzada,desc_senializacion,desc_separacion_via,desc_restriccion,forma_geocod,calle_lista,numero_calles,calles_osm,lat,lon,index_right,gid,fna,gna,nam,in1,fdc,sag
2012,8599,2012-06-23,Sabado,0.0,,,0.0,2,"Automóvil,Automóvil",Pte.Roca Y 3 De Febrero,5,5,0,0,0,0,0,,Calle,,ROSARIO,Rosario,Asfalto,S/D,II,S/D,Urbana,S/D,S/D,Intersección,Bueno,Buena,Diurna,Buen Tiempo,Otro,S/D,Colisión,S/D,S/D,S/D,S/D,POINT (-60.6466869 -32.9515312),"['Roca', '3 de Febrero']",2,Presidente Roca; 3 de Febrero,-32.9515312,-60.6466869,55.0,538.0,Municipio Rosario,Municipio,Rosario,820210,Servicio de Catastro e Información Territorial,IGN
2012,8600,2012-06-03,Domingo,0.0,16:45:00,,0.0,2,"Automóvil,Automóvil",Av. Sorrento Y Av. Provincias Unidas,3,2,0,0,1,0,0,,Avenida,,ROSARIO,Rosario,Asfalto,No existe,II,Dentro,Urbana,S/D,No existe,Rotonda,Con baches,Buena,Diurna,Buen Tiempo,Lateral,S/D,Colisión,S/D,Faltante,Ninguna,S/D,POINT (-60.714102249999996 -32.9083328),"['Sorrento', 'Avenida Provincias Unidas']",2,Avenida Sorrento; Avenida Provincias Unidas,-32.9083328,-60.71410225,55.0,538.0,Municipio Rosario,Municipio,Rosario,820210,Servicio de Catastro e Información Territorial,IGN
2012,8601,2012-06-03,Domingo,0.0,15:00:00,,0.0,2,"Bicicleta,Automóvil",J. J. Passo Y Circunvalación Av. 25 de Mayo,2,1,0,0,1,0,0,,Avenida,,ROSARIO,Rosario,Asfalto,No existe,II,Dentro,Urbana,Ninguna,Funciona,Intersección,Bueno,Buena,Diurna,Buen Tiempo,Otro,S/D,Atropello,S/D,Horizontal,Ninguna,S/D,POINT (-60.723727529563504 -32.92055900258327),"['Juan José Paso', 'Avenida de Circunvalación 25 de Mayo']",2,Avenida Juan José Paso; Avenida de Circunvalación 25 de Mayo,-32.92055900258327,-60.723727529563504,55.0,538.0,Municipio Rosario,Municipio,Rosario,820210,Servicio de Catastro e Información Territorial,IGN
2012,8602,2012-06-01,Viernes,0.0,16:00:00,,0.0,2,"Moto/Ciclomotor,Pickup/Utilitario",Av. Genova Y Mariano Cabal Bis,2,1,0,0,1,0,0,,Calle,,ROSARIO,Rosario,Asfalto,Pavimento,II,Dentro,Urbana,Ninguna,Funciona,Intersección,Bueno,Buena,Diurna,Buen Tiempo,Lateral,S/D,Colisión,S/D,S/D,Ninguna,S/D,POINT (-60.7027895 -32.9156955),"['Genova', 'Mariano Cabal']",2,Avenida Génova; Mariano Cabal,-32.9156955,-60.7027895,55.0,538.0,Municipio Rosario,Municipio,Rosario,820210,Servicio de Catastro e Información Territorial,IGN
2012,8603,2012-06-19,Martes,0.0,06:10:00,,0.0,2,"Automóvil,Automóvil",Av. Sorrento Y Colectora,2,1,0,0,1,0,0,,Avenida,,ROSARIO,Rosario,Asfalto,No existe,II,Dentro,Urbana,Señal Pare,No existe,Rotonda,Bueno,Buena,Amanecer,Buen Tiempo,De alcance,S/D,Colisión,S/D,Vertical,Ninguna,Sin restricción,POINT (-60.72270983333334 -32.90836276666666),"['Sorrento', 'Colectora']",2,Avenida Sorrento; Colectora Juan Pablo II,-32.90836276666666,-60.72270983333334,55.0,538.0,Municipio Rosario,Municipio,Rosario,820210,Servicio de Catastro e Información Territorial,IGN
2012,8604,2012-06-23,Sabado,0.0,09:00:00,,0.0,2,"Taxi/Remis,Automóvil",ZEBALLOS Y MARIANO MORENO,3,2,0,0,1,0,0,,Calle,,ROSARIO,Rosario,Asfalto,S/D,II,S/D,Urbana,S/D,S/D,Intersección,S/D,Buena,Diurna,Buen Tiempo,S/D,S/D,Colisión,S/D,S/D,S/D,S/D,POINT (-60.65277640000001 -32.952770199999996),"['Zeballos', 'Mariano Moreno']",2,Zeballos; Mariano Moreno,-32.9527702,-60.65277640000001,55.0,538.0,Municipio Rosario,Municipio,Rosario,820210,Servicio de Catastro e Información Territorial,IGN
2012,8605,2012-06-26,Martes,0.0,18:30:00,,0.0,2,"Automóvil,Taxi/Remis",Av. Corrientes 700,2,1,0,0,1,0,0,,S/D,,ROSARIO,Rosario,Asfalto,S/D,II,S/D,Urbana,S/D,S/D,Recta,Bueno,Buena,Diurna,Buen Tiempo,Otro,S/D,Colisión,S/D,S/D,S/D,S/D,"-32.9442624, -60.6420603",['Corrientes 700'],1,Corrientes 700,-32.9442624,-60.6420603,55.0,538.0,Municipio Rosario,Municipio,Rosario,820210,Servicio de Catastro e Información Territorial,IGN
2012,8619,2012-06-20,Miercoles,0.0,18:15:00,,0.0,2,"Moto/Ciclomotor,Automóvil",J. J. Passo Y Colectora,2,1,0,0,1,0,0,,Avenida,,ROSARIO,Rosario,Asfalto,Pavimento,II,Dentro,Urbana,Semáforo,Funciona,Rotonda,Bueno,Buena,Diurna,Buen Tiempo,Lateral,S/D,Colisión,S/D,Vertical,Ninguna,Sin restricción,POINT (-60.723018499999995 -32.920540349999996),"['Juan José Paso', 'Colectora']",2,"('Avenida Juan José Paso', 'Colectora Juan Pablo II')",-32.92054035,-60.7230185,55.0,538.0,Municipio Rosario,Municipio,Rosario,820210,Servicio de Catastro e Información Territorial,IGN
2012,8620,2012-06-21,Jueves,0.0,18:45:00,,0.0,2,"Bicicleta,Pickup/Utilitario",Mejico Y J.J.Paso,2,1,0,0,1,0,0,,Calle,,ROSARIO,Rosario,Asfalto,Pavimento,II,Dentro,Urbana,Ninguna,No existe,Intersección,Deteriorada,Buena,Atardecer,Buen Tiempo,S/D,S/D,Atropello,S/D,Faltante,Ninguna,Sin restricción,POINT (-60.7193214 -32.920441249999996),"['Mejico', 'Paso']",2,Méjico; Avenida Juan José Paso,-32.92044125,-60.7193214,55.0,538.0,Municipio Rosario,Municipio,Rosario,820210,Servicio de Catastro e Información Territorial,IGN
2012,8621,2012-06-02,Sabado,0.0,19:45:00,,0.0,2,"Moto/Ciclomotor,Moto/Ciclomotor",J.J.Paso Y Formosa,3,3,0,0,0,0,0,,Calle,,ROSARIO,Rosario,Asfalto,No existe,II,Dentro,Urbana,Ninguna,No existe,Recta,Bueno,Buena,Nocturna,Buen Tiempo,Frontal,S/D,Colisión,S/D,Faltante,Barrera de hormigón,Sin restricción,POINT (-60.6916034 -32.9196017),"['Paso', 'Formosa']",2,Avenida Juan José Paso; Formosa,-32.9196017,-60.6916034,55.0,538.0,Municipio Rosario,Municipio,Rosario,820210,Servicio de Catastro e Información Territorial,IGN
2012,8622,2012-06-01,Viernes,0.0,,,0.0,2,"Moto/Ciclomotor,Automóvil",Alsina Y 3 De Febrero,3,1,0,0,2,0,0,,Calle,,ROSARIO,Rosario,Asfalto,S/D,II,Dentro,Urbana,S/D,S/D,Intersección,S/D,S/D,S/D,S/D,S/D,S/D,Colisión,S/D,S/D,Cordón divisorio,S/D,POINT (-60.6779986 -32.94594320000001),"['Alsina', '3 de Febrero']",2,Alsina; 3 de Febrero,-32.94594320000001,-60.6779986,55.0,538.0,Municipio Rosario,Municipio,Rosario,820210,Servicio de Catastro e Información Territorial,IGN
2012,8623,2012-06-01,Viernes,0.0,,,0.0,2,"Moto/Ciclomotor,Automóvil",Gutenberg Y San Juan,2,1,0,0,1,0,0,,Calle,,ROSARIO,Rosario,Asfalto,S/D,II,Dentro,Urbana,S/D,S/D,Intersección,S/D,S/D,S/D,S/D,S/D,S/D,Colisión,S/D,S/D,Cordón divisorio,S/D,POINT (-60.6882278 -32.941398),"['Gutenberg', 'San Juan']",2,Gutenberg; San Juan,-32.941398,-60.6882278,55.0,538.0,Municipio Rosario,Municipio,Rosario,820210,Servicio de Catastro e Información Territorial,IGN
2012,8624,2012-06-01,Viernes,0.0,,,0.0,2,"Moto/Ciclomotor,Moto/Ciclomotor",Rioja Y Ricchieri,2,1,0,0,1,0,0,,Calle,,ROSARIO,Rosario,Asfalto,S/D,II,Dentro,Urbana,S/D,S/D,Intersección,S/D,S/D,S/D,S/D,S/D,S/D,Colisión,S/D,S/D,Cordón divisorio,S/D,POINT (-60.6631309 -32.943174600000006),"['Rioja', 'Ricchieri']",2,Rioja; Ricchieri,-32.943174600000006,-60.6631309,55.0,538.0,Municipio Rosario,Municipio,Rosario,820210,Servicio de Catastro e Información Territorial,IGN
2012,8625,2012-06-02,Sabado,0.0,,,0.0,2,"Automóvil,Automóvil",Pueyrredon 900,2,1,0,0,1,0,0,,Calle,,ROSARIO,Rosario,Asfalto,S/D,II,Dentro,Urbana,S/D,S/D,Intersección,S/D,S/D,S/D,S/D,S/D,S/D,Colisión,S/D,S/D,Cordón divisorio,S/D,"-32.9439906, -60.657675",['Pueyrredon 900'],1,Pueyrredon 900,-32.9439906,-60.657675,55.0,538.0,Municipio Rosario,Municipio,Rosario,820210,Servicio de Catastro e Información Territorial,IGN
2012,8626,2012-06-02,Sabado,0.0,,,0.0,2,"Moto/Ciclomotor,Automóvil",Santiago Y Rioja,2,1,0,0,1,0,0,,Calle,,ROSARIO,Rosario,Asfalto,S/D,II,Dentro,Urbana,S/D,S/D,Intersección,S/D,S/D,S/D,S/D,S/D,S/D,Colisión,S/D,S/D,Cordón divisorio,S/D,POINT (-60.656289699999995 -32.9443719),"['Santiago', 'Rioja']",2,Santiago; Rioja,-32.9443719,-60.6562897,55.0,538.0,Municipio Rosario,Municipio,Rosario,820210,Servicio de Catastro e Información Territorial,IGN
2012,8627,2012-06-02,Sabado,0.0,,,0.0,2,"Automóvil,Automóvil",E.Zeballos Y Lima,3,1,0,0,2,0,0,,Calle,,ROSARIO,Rosario,Asfalto,S/D,II,Dentro,Urbana,S/D,S/D,Intersección,S/D,S/D,S/D,S/D,S/D,S/D,Colisión,S/D,S/D,Cordón divisorio,S/D,POINT (-60.6853927 -32.9469522),"['Zeballos', 'Lima']",2,Zeballos; Lima,-32.9469522,-60.6853927,55.0,538.0,Municipio Rosario,Municipio,Rosario,820210,Servicio de Catastro e Información Territorial,IGN
2012,8629,2012-06-26,Martes,0.0,13:15:00,,0.0,2,"Peatón,Automóvil",Av. Corrientes Y Santa Fe,2,1,0,0,1,0,0,,Calle,,ROSARIO,Rosario,Asfalto,S/D,II,S/D,Urbana,S/D,S/D,Intersección,S/D,Buena,Diurna,S/D,S/D,S/D,Atropello,S/D,S/D,S/D,S/D,POINT (-60.6420191 -32.9443578),"['Corrientes', 'Santa Fe']",2,Corrientes; Santa Fe,-32.9443578,-60.6420191,55.0,538.0,Municipio Rosario,Municipio,Rosario,820210,Servicio de Catastro e Información Territorial,IGN
2012,8630,2012-06-02,Sabado,0.0,,,0.0,2,"Moto/Ciclomotor,Automóvil",Servando Bayo 1500,2,1,0,0,1,0,0,,Calle,,ROSARIO,Rosario,Asfalto,S/D,II,Dentro,Urbana,S/D,S/D,Intersección,S/D,S/D,S/D,S/D,S/D,S/D,Colisión,S/D,S/D,Cordón divisorio,S/D,"-32.9465551, -60.6867465",['Servando Bayo 1500'],1,Servando Bayo 1500,-32.9465551,-60.6867465,55.0,538.0,Municipio Rosario,Municipio,Rosario,820210,Servicio de Catastro e Información Territorial,IGN
2012,8631,2012-06-03,Domingo,0.0,,,0.0,2,"Moto/Ciclomotor,Taxi/Remis",9 De Julio Y Av. Ovidio Lagos,2,1,0,0,1,0,0,,Avenida,,ROSARIO,Rosario,Asfalto,S/D,II,Dentro,Urbana,S/D,S/D,Intersección,S/D,S/D,S/D,S/D,S/D,S/D,Colisión,S/D,S/D,Cordón divisorio,S/D,POINT (-60.663324700000004 -32.9497026),"['9 de Julio', 'Avenida Ovidio Lagos']",2,9 de Julio; Avenida Ovidio Lagos,-32.9497026,-60.6633247,55.0,538.0,Municipio Rosario,Municipio,Rosario,820210,Servicio de Catastro e Información Territorial,IGN
2012,8632,2012-06-28,Jueves,0.0,12:00:00,,0.0,2,"Peatón,Automóvil",Balcarce 1400,2,1,0,0,1,0,0,,S/D,,ROSARIO,Rosario,Asfalto,S/D,II,S/D,Urbana,S/D,S/D,Recta,Bueno,S/D,Diurna,Buen Tiempo,Otro,S/D,Atropello,S/D,S/D,S/D,S/D,"-32.9512824, -60.6539333",['Balcarce 1400'],1,Balcarce 1400,-32.9512824,-60.6539333,55.0,538.0,Municipio Rosario,Municipio,Rosario,820210,Servicio de Catastro e Información Territorial,IGN
2012,8633,2012-06-04,Lunes,0.0,12:40:00,,0.0,2,"Automóvil,Automóvil",Constitucion Y Cordoba,7,3,0,0,3,0,1,,Calle,,ROSARIO,Rosario,Asfalto,S/D,II,Dentro,Urbana,S/D,S/D,Intersección,S/D,S/D,Diurna,S/D,S/D,S/D,Colisión,S/D,S/D,Cordón divisorio,S/D,POINT (-60.6736949 -32.9400567),"['Constitución', 'Córdoba']",2,Constitución; Córdoba,-32.9400567,-60.6736949,55.0,538.0,Municipio Rosario,Municipio,Rosario,820210,Servicio de Catastro e Información Territorial,IGN
2012,8634,2012-06-04,Lunes,0.0,16:45:00,,0.0,2,"Moto/Ciclomotor,Transporte de Pasajeros Urbano (> 8 asientos)",Rioja Y Suipacha,2,1,0,0,1,0,0,,Calle,,ROSARIO,Rosario,Asfalto,S/D,II,Dentro,Urbana,S/D,S/D,Intersección,S/D,S/D,Diurna,S/D,S/D,S/D,Colisión,S/D,S/D,Cordón divisorio,S/D,POINT (-60.66447840000001 -32.94294049999999),"['Rioja', 'Suipacha']",2,Rioja; Suipacha,-32.94294049999999,-60.66447840000001,55.0,538.0,Municipio Rosario,Municipio,Rosario,820210,Servicio de Catastro e Información Territorial,IGN
2012,8635,2012-06-05,Martes,0.0,12:55:00,,0.0,2,"Peatón,Automóvil",Pueyrredon Y 9 De Julio,2,1,0,0,1,0,0,,Calle,,ROSARIO,Rosario,Asfalto,S/D,II,Dentro,Urbana,S/D,S/D,Intersección,S/D,S/D,Diurna,S/D,S/D,S/D,Atropello,S/D,S/D,Cordón divisorio,S/D,POINT (-60.65923800000001 -32.95042960000001),"['Pueyrredón', '9 de Julio']",2,Pueyrredón; 9 de Julio,-32.95042960000001,-60.65923800000001,55.0,538.0,Municipio Rosario,Municipio,Rosario,820210,Servicio de Catastro e Información Territorial,IGN
2012,8636,2012-06-05,Martes,0.0,,,0.0,2,"Automóvil,Automóvil",3 De Febrero 4700,2,1,0,0,1,0,0,,Calle,,ROSARIO,Rosario,Asfalto,S/D,II,Dentro,Urbana,S/D,S/D,Intersección,S/D,S/D,S/D,S/D,S/D,S/D,Colisión,S/D,S/D,S/D,S/D,"-32.943982, -60.6886399",['3 De Febrero 4700'],1,3 De Febrero 4700,-32.943982,-60.6886399,55.0,538.0,Municipio Rosario,Municipio,Rosario,820210,Servicio de Catastro e Información Territorial,IGN
2012,8637,2012-06-06,Miercoles,0.0,,,0.0,2,"Peatón,Moto/Ciclomotor",Pascual Rosas Y Pje. Roldan,2,1,0,0,1,0,0,,Calle,,ROSARIO,Rosario,Asfalto,S/D,II,Dentro,Urbana,S/D,S/D,Intersección,S/D,S/D,Nocturna,S/D,S/D,S/D,Atropello,S/D,S/D,Cordón divisorio,S/D,POINT (-60.6882362 -32.947022699999984),"['Pascual Rosas', 'Roldán']",2,Pascual Rosas; Roldán,-32.947022699999984,-60.6882362,55.0,538.0,Municipio Rosario,Municipio,Rosario,820210,Servicio de Catastro e Información Territorial,IGN
2012,8638,2012-06-08,Viernes,0.0,13:25:00,,0.0,2,"Moto/Ciclomotor,Automóvil",San Luis Y Ricchieri,2,1,0,0,1,0,0,,Calle,,ROSARIO,Rosario,Asfalto,S/D,II,Dentro,Urbana,S/D,S/D,Intersección,S/D,S/D,Diurna,S/D,S/D,S/D,Colisión,S/D,S/D,Cordón divisorio,S/D,POINT (-60.6635007 -32.944650300000006),"['San Luis', 'Ricchieri']",2,San Luis; Ricchieri,-32.944650300000006,-60.6635007,55.0,538.0,Municipio Rosario,Municipio,Rosario,820210,Servicio de Catastro e Información Territorial,IGN
2012,8639,2012-06-04,Lunes,0.0,12:25:00,,0.0,2,"Peatón,Moto/Ciclomotor",Catamarca Y Av. Corrientes,2,1,0,0,1,0,0,,Avenida,,ROSARIO,Rosario,Asfalto,No existe,II,Dentro,Urbana,Semáforo,Funciona,Intersección,Bueno,Buena,Diurna,Buen Tiempo,S/D,S/D,Atropello,S/D,Vertical,Ninguna,Sin restricción,POINT (-60.64088370000001 -32.939895699999994),"['Catamarca', 'Corrientes']",2,Catamarca; Corrientes,-32.939895699999994,-60.64088370000001,55.0,538.0,Municipio Rosario,Municipio,Rosario,820210,Servicio de Catastro e Información Territorial,IGN
2012,8640,2012-06-09,Sabado,0.0,,,0.0,2,"Taxi/Remis,Taxi/Remis",9 De Julio Y Av. Francia,2,1,0,0,1,0,0,,Avenida,,ROSARIO,Rosario,Asfalto,S/D,II,Dentro,Urbana,S/D,S/D,Intersección,S/D,S/D,S/D,S/D,S/D,S/D,Colisión,S/D,S/D,Cordón divisorio,S/D,POINT (-60.667391450000004 -32.948979),"['9 de Julio', 'Avenida Francia']",2,9 de Julio; Avenida Francia,-32.948979,-60.66739145,55.0,538.0,Municipio Rosario,Municipio,Rosario,820210,Servicio de Catastro e Información Territorial,IGN
2012,8641,2012-06-10,Domingo,0.0,11:10:00,,0.0,2,"Moto/Ciclomotor,Taxi/Remis",Valparaiso Y Pje. Isabel La Catolica,2,1,0,0,1,0,0,,Calle,,ROSARIO,Rosario,Asfalto,S/D,II,Dentro,Urbana,S/D,S/D,Intersección,S/D,S/D,Diurna,S/D,S/D,S/D,Colisión,S/D,S/D,Cordón divisorio,S/D,POINT (-60.68225410000001 -32.94028099999999),"['Valparaíso', 'Isabel La Católica']",2,Valparaíso; Isabel La Católica,-32.94028099999999,-60.68225410000001,55.0,538.0,Municipio Rosario,Municipio,Rosario,820210,Servicio de Catastro e Información Territorial,IGN
2012,8642,2012-06-04,Lunes,0.0,12:56:00,,0.0,2,"Peatón,Transporte de Pasajeros Urbano (> 8 asientos)",Urquiza Y Paraguay,2,1,0,0,1,0,0,,Calle,,ROSARIO,Rosario,Asfalto,No existe,II,Dentro,Urbana,Ninguna,No existe,Intersección,Bueno,Buena,Diurna,Buen Tiempo,Otro,S/D,Caída ocupante,S/D,Faltante,Ninguna,Sin restricción,POINT (-60.642866000000005 -32.941996),"['Urquiza', 'Paraguay']",2,Justo José de Urquiza; Paraguay,-32.941996,-60.642866000000005,55.0,538.0,Municipio Rosario,Municipio,Rosario,820210,Servicio de Catastro e Información Territorial,IGN
2012,8643,2012-06-05,Martes,0.0,17:45:00,,0.0,2,"Bicicleta,Automóvil",Salta Y España,2,1,0,0,1,0,0,,Calle,,ROSARIO,Rosario,Asfalto,No existe,II,Dentro,Urbana,Ninguna,No existe,Recta,Bueno,Buena,Diurna,Buen Tiempo,S/D,S/D,Atropello,S/D,Faltante,Ninguna,Sin restricción,POINT (-60.6447381 -32.937947699999995),"['Salta', 'España']",2,Salta; España,-32.937947699999995,-60.6447381,55.0,538.0,Municipio Rosario,Municipio,Rosario,820210,Servicio de Catastro e Información Territorial,IGN
2012,8644,2012-06-06,Miercoles,0.0,19:19:00,,0.0,2,"Peatón,Taxi/Remis",Mitre Y Catamarca,2,1,0,0,1,0,0,,Calle,,ROSARIO,Rosario,S/D,No existe,II,S/D,Urbana,Ninguna,No existe,Intersección,Bueno,Buena,Atardecer,Buen Tiempo,Otro,S/D,Atropello,S/D,Faltante,S/D,Sin restricción,POINT (-60.6381128 -32.94043400000001),"['Mitre', 'Catamarca']",2,Bartolomé Mitre; Catamarca,-32.94043400000001,-60.6381128,55.0,538.0,Municipio Rosario,Municipio,Rosario,820210,Servicio de Catastro e Información Territorial,IGN
2012,8646,2012-06-07,Jueves,0.0,13:30:00,,0.0,2,"Moto/Ciclomotor,Automóvil",San Lorenzo 1890,2,1,0,0,1,0,0,,Calle,,ROSARIO,Rosario,Asfalto,No existe,II,S/D,Urbana,S/D,No existe,Recta,Bueno,Buena,Diurna,Buen Tiempo,De alcance,S/D,Colisión,S/D,Faltante,Barrera de hormigón,Sin restricción,"-32.94216675714285, -60.648292653061226",['San Lorenzo 1890'],1,San Lorenzo 1890,-32.94216675714285,-60.648292653061226,55.0,538.0,Municipio Rosario,Municipio,Rosario,820210,Servicio de Catastro e Información Territorial,IGN
2012,8647,2012-06-05,Martes,0.0,,,0.0,2,"Automóvil,Taxi/Remis",Av. Pellegrini Y Francia F,2,1,0,0,1,0,0,,Avenida,,ROSARIO,Rosario,S/D,S/D,II,Dentro,Urbana,S/D,S/D,Intersección,S/D,S/D,S/D,S/D,S/D,S/D,Colisión,S/D,S/D,Cordón divisorio,S/D,POINT (-60.668265950000006 -32.95238069999999),"['Pellegrini', 'Avenida Francia']",2,Avenida Carlos Pellegrini; Avenida Francia,-32.95238069999999,-60.668265950000006,55.0,538.0,Municipio Rosario,Municipio,Rosario,820210,Servicio de Catastro e Información Territorial,IGN
2012,8648,2012-06-07,Jueves,0.0,16:20:00,,0.0,2,"Moto/Ciclomotor,Automóvil",Urquiza Y Entre Rios,2,1,0,0,1,0,0,,Calle,,ROSARIO,Rosario,Asfalto,Pavimento,II,S/D,Urbana,Semáforo,Funciona,Intersección,Bueno,Buena,Diurna,S/D,De alcance,S/D,Colisión,S/D,Vertical,Ninguna,Sin restricción,POINT (-60.64007050000001 -32.9424732),"['Urquiza', 'Entre Ríos']",2,Justo José de Urquiza; Entre Ríos,-32.9424732,-60.64007050000001,55.0,538.0,Municipio Rosario,Municipio,Rosario,820210,Servicio de Catastro e Información Territorial,IGN
2012,8649,2012-06-08,Viernes,0.0,06:40:00,,0.0,2,"Automóvil,Automóvil",Catamarca Y Pte.Roca,2,1,0,0,1,0,0,,Calle,,ROSARIO,Rosario,Asfalto,S/D,II,Dentro,Urbana,Ninguna,S/D,Intersección,Bueno,Buena,Diurna,Buen Tiempo,Frontal,S/D,Colisión,S/D,S/D,S/D,Sin restricción,POINT (-60.64362650000001 -32.9393896),"['Catamarca', 'Roca']",2,Catamarca; Presidente Roca,-32.9393896,-60.64362650000001,55.0,538.0,Municipio Rosario,Municipio,Rosario,820210,Servicio de Catastro e Información Territorial,IGN
2012,8650,2012-06-06,Miercoles,0.0,,,0.0,2,"Automóvil,Automóvil",Av. Ovidio Lagos Y San Luis,2,1,0,0,1,0,0,,Avenida,,ROSARIO,Rosario,Asfalto,S/D,II,Dentro,Urbana,S/D,S/D,Intersección,S/D,S/D,S/D,S/D,S/D,S/D,Colisión,S/D,S/D,Cordón divisorio,S/D,POINT (-60.6621155 -32.9448915),"['Avenida Ovidio Lagos', 'San Luis']",2,Avenida Ovidio Lagos; San Luis,-32.9448915,-60.6621155,55.0,538.0,Municipio Rosario,Municipio,Rosario,820210,Servicio de Catastro e Información Territorial,IGN
2012,8651,2012-06-29,Viernes,0.0,17:45:00,,0.0,2,"Moto/Ciclomotor,Automóvil",Bv. Oroño Y San Lorenzo,2,1,0,0,1,0,0,,Avenida,,ROSARIO,Rosario,Asfalto,S/D,II,Dentro,Urbana,Señal Pare,S/D,Intersección,Bueno,Buena,Diurna,Buen Tiempo,Lateral,S/D,Colisión,S/D,S/D,Cordón divisorio,Sin restricción,POINT (-60.652740599999994 -32.9414065),"['Bulevar Nicasio Oroño', 'San Lorenzo']",2,Bulevar Nicasio Oroño; San Lorenzo,-32.9414065,-60.6527406,55.0,538.0,Municipio Rosario,Municipio,Rosario,820210,Servicio de Catastro e Información Territorial,IGN
2012,8652,2012-06-15,Viernes,0.0,19:00:00,,0.0,2,"Automóvil,Automóvil",Urquiza 2100,3,1,0,0,2,0,0,,Calle,,ROSARIO,Rosario,Asfalto,S/D,II,S/D,Urbana,Ninguna,No existe,Recta,Bueno,S/D,Nocturna,Buen Tiempo,De alcance,S/D,Colisión,S/D,S/D,S/D,S/D,"-32.9404597, -60.6508419",['Urquiza 2100'],1,Urquiza 2100,-32.9404597,-60.6508419,55.0,538.0,Municipio Rosario,Municipio,Rosario,820210,Servicio de Catastro e Información Territorial,IGN
2012,8653,2012-06-07,Jueves,0.0,10:00:00,,0.0,2,"Moto/Ciclomotor,Automóvil",Cordoba Y Alsina,2,1,0,0,1,0,0,,Calle,,ROSARIO,Rosario,Asfalto,S/D,II,Dentro,Urbana,S/D,S/D,Intersección,S/D,S/D,S/D,S/D,S/D,S/D,Colisión,S/D,S/D,Cordón divisorio,S/D,POINT (-60.676385200000006 -32.9395798),"['Córdoba', 'Alsina']",2,Córdoba; Alsina,-32.9395798,-60.676385200000006,55.0,538.0,Municipio Rosario,Municipio,Rosario,820210,Servicio de Catastro e Información Territorial,IGN
2012,8654,2012-06-15,Viernes,0.0,19:30:00,,0.0,2,"Taxi/Remis,Automóvil",Urquiza Y Av. Corrientes,2,1,0,0,1,0,0,,Avenida,,ROSARIO,Rosario,Asfalto,S/D,II,Dentro,Urbana,Semáforo,Funciona,Recta,Bueno,Buena,Atardecer,Buen Tiempo,S/D,S/D,Atropello,S/D,S/D,S/D,Sin restricción,POINT (-60.6414615 -32.9422391),"['Urquiza', 'Corrientes']",2,Justo José de Urquiza; Corrientes,-32.9422391,-60.6414615,55.0,538.0,Municipio Rosario,Municipio,Rosario,820210,Servicio de Catastro e Información Territorial,IGN
2012,8655,2012-06-16,Sabado,0.0,16:40:00,,0.0,2,"Automóvil,Automóvil",San Martin Y Av. Belgrano,4,1,0,0,3,0,0,,Avenida,,ROSARIO,Rosario,Asfalto,S/D,II,S/D,Urbana,Semáforo,Funciona,Cruce,Bueno,Buena,Diurna,Buen Tiempo,De alcance,S/D,Colisión,S/D,S/D,S/D,Sin restricción,POINT (-60.6351258 -32.9409549),"['San Martin', 'Belgrano']",2,"('José de San Martín', 'Avenida Manuel Belgrano')",-32.9409549,-60.6351258,55.0,538.0,Municipio Rosario,Municipio,Rosario,820210,Servicio de Catastro e Información Territorial,IGN
2012,8656,2012-06-07,Jueves,0.0,,,0.0,2,"Peatón,Automóvil",Av. Ovidio Lagos Y Pje. Monroe,2,1,0,0,0,0,1,,Calle,,ROSARIO,Rosario,Asfalto,S/D,II,Dentro,Urbana,S/D,S/D,Intersección,S/D,S/D,S/D,S/D,S/D,S/D,Colisión,S/D,S/D,Cordón divisorio,S/D,POINT (-60.663464 -32.9502568),"['Avenida Ovidio Lagos', 'Monroe']",2,Avenida Ovidio Lagos; Monroe,-32.9502568,-60.663464,55.0,538.0,Municipio Rosario,Municipio,Rosario,820210,Servicio de Catastro e Información Territorial,IGN
2012,8658,2012-06-09,Sabado,0.0,,,0.0,2,"Automóvil,Otros",Francia F Y 9 De Julio,3,1,0,0,1,0,1,,Calle,,ROSARIO,Rosario,Asfalto,S/D,II,Dentro,Urbana,S/D,S/D,Intersección,S/D,S/D,S/D,S/D,S/D,S/D,Colisión,S/D,S/D,Cordón divisorio,S/D,POINT (-60.667391450000004 -32.948979),"['Avenida Francia', '9 de Julio']",2,Avenida Francia; 9 de Julio,-32.948979,-60.66739145,55.0,538.0,Municipio Rosario,Municipio,Rosario,820210,Servicio de Catastro e Información Territorial,IGN
2012,8659,2012-06-10,Domingo,0.0,18:50:00,,0.0,2,"Taxi/Remis,Automóvil",San Luis Y Vera Mujica,4,2,0,0,2,0,0,,Calle,,ROSARIO,Rosario,Asfalto,S/D,II,Dentro,Urbana,S/D,S/D,Intersección,S/D,S/D,S/D,S/D,S/D,S/D,Colisión,S/D,S/D,Cordón divisorio,S/D,POINT (-60.66756749999999 -32.9439264),"['San Luis', 'Vera Mujíca']",2,San Luis; Vera Mujíca,-32.9439264,-60.66756749999999,55.0,538.0,Municipio Rosario,Municipio,Rosario,820210,Servicio de Catastro e Información Territorial,IGN