anio_acci,nro_acci,fecha,desc_dia,fecha_aprox,hora_aprox,desc_ruta,km,cant_participantes,desc_participante,calle_avenida_km,total,heridos_leves,heridos_graves,heridos_gravisimos,ilesos,fallecidos,sin_datos,posicion_XY,desc_tipo_via,desc_ruta_ori,desc_loc,desc_dpto,desc_tipo_calzada,desc_tipo_banquina,desc_unidad_regional,desc_lugar_calzada,desc_zona,desc_prioridad,desc_estado_semaforo,desc_lugar_via,desc_estado_via,desc_estado_visibilidad,desc_luminosidad,desc_estado_clima,desc_tipo_colision,desc_tipo_atropello,desc_tipo_hecho,desc_pres_calzada,desc_senializacion,desc_separacion_via,desc_restriccion,forma_geocod,calle_lista,numero_calles,calles_osm,lat,lon,index_right,gid,fna,gna,nam,in1,fdc,sag
2012,8660,2012-06-19,Martes,0.0,16:30:00,,0.0,2,"Automóvil,Automóvil",Tucuman Y Bv. Oroño,2,1,0,0,1,0,0,,Calle,,ROSARIO,Rosario,Asfalto,Pavimento,II,Dentro,Urbana,Señal Pare,S/D,Intersección,Bueno,Buena,Diurna,S/D,S/D,S/D,Atropello,S/D,Vertical,S/D,S/D,POINT (-60.6521219 -32.9390762),"['Tucumán', 'Bulevar Nicasio Oroño']",2,Tucumán; Bulevar Nicasio Oroño,-32.9390762,-60.6521219,55.0,538.0,Municipio Rosario,Municipio,Rosario,820210,Servicio de Catastro e Información Territorial,IGN
2012,8661,2012-06-19,Martes,0.0,08:00:00,,0.0,2,"Taxi/Remis,Moto/Ciclomotor",San Lorenzo Y Entre Rios,2,1,0,0,1,0,0,,Calle,,ROSARIO,Rosario,Asfalto,Pavimento,II,Dentro,Urbana,S/D,S/D,Recta,Bueno,Buena,Diurna,Buen Tiempo,Lateral,S/D,Colisión,S/D,S/D,Ninguna,Sin restricción,POINT (-60.6403682 -32.94364579999999),"['San Lorenzo', 'Entre Ríos']",2,San Lorenzo; Entre Ríos,-32.94364579999999,-60.6403682,55.0,538.0,Municipio Rosario,Municipio,Rosario,820210,Servicio de Catastro e Información Territorial,IGN
2012,8662,2012-06-25,Lunes,0.0,14:00:00,,0.0,2,"Automóvil,Automóvil",Catamarca ,2,2,0,0,0,0,0,,Calle,,ROSARIO,Rosario,Asfalto,S/D,II,Dentro,Urbana,S/D,S/D,Recta,Bueno,Buena,Diurna,Buen Tiempo,S/D,S/D,Colisión,S/D,S/D,S/D,Sin restricción,"-32.9401635, -60.6394932",['Catamarca'],1,Catamarca,-32.9401635,-60.6394932,55.0,538.0,Municipio Rosario,Municipio,Rosario,820210,Servicio de Catastro e Información Territorial,IGN
2012,8673,2012-06-26,Martes,0.0,14:40:00,,0.0,1,Automóvil,España Y Jujuy,3,1,0,0,2,0,0,,Calle,,ROSARIO,Rosario,Asfalto,S/D,II,Dentro,Urbana,S/D,S/D,Recta,Bueno,Buena,Diurna,Buen Tiempo,De alcance,S/D,Colisión,S/D,S/D,S/D,Sin restricción,POINT (-60.64443049999999 -32.93677459999999),"['España', 'Jujuy']",2,España; Jujuy,-32.93677459999999,-60.64443049999999,55.0,538.0,Municipio Rosario,Municipio,Rosario,820210,Servicio de Catastro e Información Territorial,IGN
2012,8674,2012-06-19,Martes,0.0,19:00:00,,0.0,2,"Automóvil,Automóvil",Urquiza Y España,3,1,0,0,2,0,0,,Calle,,ROSARIO,Rosario,Asfalto,Pavimento,II,Dentro,Urbana,Semáforo,Funciona,Intersección,Bueno,Buena,Atardecer,S/D,De alcance,S/D,Colisión,S/D,Vertical,Ninguna,Sin restricción,POINT (-60.6456136 -32.941480599999984),"['Urquiza', 'España']",2,Justo José de Urquiza; España,-32.941480599999984,-60.6456136,55.0,538.0,Municipio Rosario,Municipio,Rosario,820210,Servicio de Catastro e Información Territorial,IGN
2012,8683,2012-06-04,Lunes,0.0,19:30:00,,0.0,2,"Peatón,Automóvil",Baigorria 1900,2,1,0,0,1,0,0,,Calle,,ROSARIO,Rosario,Asfalto,No existe,II,Dentro,Urbana,Ninguna,No existe,Recta,Bueno,Buena,Nocturna,Buen Tiempo,S/D,S/D,Atropello,Otro,Faltante,Ninguna,S/D,"-32.8935548, -60.7082183",['Baigorria 1900'],1,Baigorria 1900,-32.8935548,-60.7082183,55.0,538.0,Municipio Rosario,Municipio,Rosario,820210,Servicio de Catastro e Información Territorial,IGN
2012,8684,2012-06-06,Miercoles,0.0,11:30:00,,0.0,2,"Peatón,Automóvil",Larrechea 1800,2,1,0,0,1,0,0,,Calle,,ROSARIO,Rosario,Asfalto,No existe,II,Dentro,Urbana,Ninguna,No existe,Recta,Bueno,Buena,Diurna,Buen Tiempo,S/D,S/D,Atropello,Otro,Faltante,Ninguna,Sin restricción,"-32.8983641, -60.7062948",['Larrechea 1800'],1,Larrechea 1800,-32.8983641,-60.7062948,55.0,538.0,Municipio Rosario,Municipio,Rosario,820210,Servicio de Catastro e Información Territorial,IGN
2012,8685,2012-06-06,Miercoles,0.0,12:45:00,,0.0,2,"Moto/Ciclomotor,Automóvil",Manuel Garcia Y Larrechea,1,1,0,0,0,0,0,,Calle,,ROSARIO,Rosario,Asfalto,No existe,II,Dentro,Urbana,Ninguna,No existe,Recta,Bueno,Buena,Diurna,Buen Tiempo,Lateral,S/D,Colisión,S/D,Faltante,Ninguna,S/D,POINT (-60.71182259999999 -32.8986412),"['Manuel García', 'Larrechea']",2,Manuel García; Larrechea,-32.8986412,-60.71182259999999,55.0,538.0,Municipio Rosario,Municipio,Rosario,820210,Servicio de Catastro e Información Territorial,IGN
2012,8693,2012-06-10,Domingo,0.0,17:00:00,,0.0,2,"Moto/Ciclomotor,Automóvil",Gutenberg Y Marcos Paz,4,3,0,0,1,0,0,,Calle,,ROSARIO,Rosario,Asfalto,S/D,II,Dentro,Urbana,S/D,S/D,Intersección,S/D,S/D,S/D,S/D,S/D,S/D,Colisión,S/D,S/D,Cordón divisorio,S/D,POINT (-60.6884012 -32.942079099999994),"['Gutenberg', 'Marcos Paz']",2,Gutenberg; Marcos Paz,-32.942079099999994,-60.6884012,55.0,538.0,Municipio Rosario,Municipio,Rosario,820210,Servicio de Catastro e Información Territorial,IGN
2012,8694,2012-06-06,Miercoles,0.0,,,0.0,2,"Moto/Ciclomotor,Automóvil",Mendoza Y Parana,2,1,0,0,1,0,0,,Calle,,ROSARIO,Rosario,Asfalto,S/D,II,Dentro,Urbana,S/D,S/D,Intersección,S/D,S/D,S/D,S/D,S/D,S/D,Colisión,S/D,S/D,Cordón divisorio,S/D,POINT (-60.69255820000001 -32.94205654999999),"['Mendoza', 'Paraná']",2,Mendoza; Paraná,-32.94205654999999,-60.69255820000001,55.0,538.0,Municipio Rosario,Municipio,Rosario,820210,Servicio de Catastro e Información Territorial,IGN
2012,8695,2012-06-12,Martes,0.0,,,0.0,3,"Automóvil,Automóvil,Automóvil",3 De Febrero Y Ricchieri,3,1,0,0,1,0,1,,Calle,,ROSARIO,Rosario,Asfalto,S/D,II,Dentro,Urbana,S/D,S/D,Intersección,S/D,S/D,S/D,S/D,"Contra objeto fijo,Múltiple",S/D,Colisión,S/D,S/D,Cordón divisorio,S/D,POINT (-60.6644345 -32.9483761),"['3 de Febrero', 'Ricchieri']",2,3 de Febrero; Ricchieri,-32.9483761,-60.6644345,55.0,538.0,Municipio Rosario,Municipio,Rosario,820210,Servicio de Catastro e Información Territorial,IGN
2012,8696,2012-06-12,Martes,0.0,,,0.0,2,"Moto/Ciclomotor,Automóvil",Mendoza 3600,2,1,0,0,0,0,1,,Calle,,ROSARIO,Rosario,Asfalto,S/D,II,Dentro,Urbana,S/D,S/D,Intersección,S/D,S/D,S/D,S/D,S/D,S/D,Colisión,S/D,S/D,Cordón divisorio,S/D,"-32.9454041, -60.6734312",['Mendoza 3600'],1,Mendoza 3600,-32.9454041,-60.6734312,55.0,538.0,Municipio Rosario,Municipio,Rosario,820210,Servicio de Catastro e Información Territorial,IGN
2012,8697,2012-06-12,Martes,0.0,,,0.0,2,"Moto/Ciclomotor,Automóvil",Montevideo Y Gutenberg,2,0,1,0,1,0,0,,Calle,,ROSARIO,Rosario,Asfalto,S/D,II,Dentro,Urbana,S/D,S/D,Intersección,S/D,S/D,S/D,S/D,S/D,S/D,Colisión,S/D,S/D,Cordón divisorio,S/D,POINT (-60.6897468 -32.947364699999994),"['Montevideo', 'Gutenberg']",2,Montevideo; Gutenberg,-32.947364699999994,-60.6897468,55.0,538.0,Municipio Rosario,Municipio,Rosario,820210,Servicio de Catastro e Información Territorial,IGN
2012,8698,2012-06-10,Domingo,0.0,18:45:00,,0.0,2,"Moto/Ciclomotor,Automóvil",Camino de los Granaderos Y Palestina,2,1,0,0,1,0,0,,Calle,,ROSARIO,Rosario,Asfalto,No existe,II,Dentro,Urbana,Semáforo,Funciona,Recta,Bueno,Buena,Diurna,Buen Tiempo,Lateral,S/D,Colisión,S/D,Vertical,Vegetación,S/D,POINT (-60.710063950000006 -32.88599805),"['Camino de los Granaderos', 'Palestina']",2,Camino de los Granaderos; Palestina,-32.88599805,-60.710063950000006,55.0,538.0,Municipio Rosario,Municipio,Rosario,820210,Servicio de Catastro e Información Territorial,IGN
2012,8699,2012-06-12,Martes,0.0,,,0.0,2,"Automóvil,Automóvil",Cordoba Y Vera Mujica,3,1,0,0,2,0,0,,Calle,,ROSARIO,Rosario,Asfalto,S/D,II,Dentro,Urbana,S/D,S/D,Intersección,S/D,S/D,S/D,S/D,S/D,S/D,Colisión,S/D,S/D,Cordón divisorio,S/D,POINT (-60.666903 -32.94129629999999),"['Córdoba', 'Vera Mujíca']",2,Córdoba; Vera Mujíca,-32.94129629999999,-60.666903,55.0,538.0,Municipio Rosario,Municipio,Rosario,820210,Servicio de Catastro e Información Territorial,IGN
2012,8700,2012-06-21,Jueves,0.0,22:40:00,,0.0,2,"Moto/Ciclomotor,Automóvil",Castagnino Y Laplace,3,2,0,0,1,0,0,,Calle,,ROSARIO,Rosario,Asfalto,No existe,II,Dentro,Urbana,Ninguna,No existe,Recta,Bueno,Buena,Nocturna,Buen Tiempo,Lateral,S/D,Colisión,Otro,Faltante,Ninguna,Sin restricción,POINT (-60.702454599999996 -32.89963500000001),"['Castagnino', 'Laplace']",2,Castagnino; Laplace,-32.89963500000001,-60.7024546,55.0,538.0,Municipio Rosario,Municipio,Rosario,820210,Servicio de Catastro e Información Territorial,IGN
2012,8701,2012-06-12,Martes,0.0,,,0.0,2,"Taxi/Remis,Automóvil",3 De Febrero Y Suipacha,3,1,0,0,2,0,0,,Calle,,ROSARIO,Rosario,Asfalto,S/D,II,Dentro,Urbana,S/D,S/D,Intersección,S/D,S/D,S/D,S/D,S/D,S/D,Colisión,S/D,S/D,Cordón divisorio,S/D,POINT (-60.6657584 -32.94813949999999),"['3 de Febrero', 'Suipacha']",2,3 de Febrero; Suipacha,-32.94813949999999,-60.6657584,55.0,538.0,Municipio Rosario,Municipio,Rosario,820210,Servicio de Catastro e Información Territorial,IGN
2012,8702,2012-06-28,Jueves,0.0,19:30:00,,0.0,2,"Moto/Ciclomotor,Moto/Ciclomotor",Luis Vila Y Medrano,2,2,0,0,0,0,0,,Calle,,ROSARIO,Rosario,Asfalto,No existe,II,S/D,Urbana,Ninguna,No existe,Recta,Bueno,Buena,Atardecer,Buen Tiempo,Lateral,S/D,Colisión,Otro,Faltante,Ninguna,Sin restricción,POINT (-60.7000863 -32.90006380000001),"['Doctor Vila', 'Medrano']",2,Doctor Vila; Medrano,-32.90006380000001,-60.7000863,55.0,538.0,Municipio Rosario,Municipio,Rosario,820210,Servicio de Catastro e Información Territorial,IGN
2012,8703,2012-06-12,Martes,0.0,,,0.0,3,"Automóvil,Automóvil,Automóvil",Av. Pellegrini 3700,3,1,0,0,2,0,0,,Avenida,,ROSARIO,Rosario,Asfalto,S/D,II,Dentro,Urbana,S/D,S/D,Intersección,S/D,S/D,S/D,S/D,Múltiple,S/D,Colisión,S/D,S/D,Cordón divisorio,S/D,"-32.9508498, -60.676236",['Pellegrini 3700'],1,Pellegrini 3700,-32.9508498,-60.676236,55.0,538.0,Municipio Rosario,Municipio,Rosario,820210,Servicio de Catastro e Información Territorial,IGN
2012,8704,2012-06-29,Viernes,0.0,19:00:00,,0.0,2,"Moto/Ciclomotor,Automóvil",PJE BOEDO Y PERDRIEC,3,2,0,0,1,0,0,,Calle,,ROSARIO,Rosario,Asfalto,No existe,II,Dentro,Urbana,Ninguna,No existe,Recta,Bueno,Buena,Diurna,Buen Tiempo,Otro,S/D,Colisión,Otro,Faltante,Ninguna,Sin restricción,POINT (-60.7063406 -32.8947371),"['Boedo', 'Perdriel']",2,Boedo; Perdriel,-32.8947371,-60.7063406,55.0,538.0,Municipio Rosario,Municipio,Rosario,820210,Servicio de Catastro e Información Territorial,IGN
2012,8705,2012-06-06,Miercoles,0.0,17:45:00,,0.0,2,"Moto/Ciclomotor,Automóvil",SALVAT Y COLECTORA,2,1,0,0,1,0,0,,Calle,,ROSARIO,Rosario,Asfalto,No existe,II,Dentro,Rural,Otra Señal,No existe,Recta,Deteriorada,Buena,Diurna,Buen Tiempo,Lateral,S/D,Colisión,S/D,Vertical,S/D,Obra en Construcción,POINT (-60.70937570000001 -32.8828069),"['Salvat', 'Colectora']",2,"('Salvat', 'Colectora Juan Pablo II')",-32.8828069,-60.70937570000001,55.0,538.0,Municipio Rosario,Municipio,Rosario,820210,Servicio de Catastro e Información Territorial,IGN
2012,8706,2012-06-08,Viernes,0.0,16:10:00,,0.0,3,"Automóvil,Camión,Camión",Av. Circunvalacion A ,3,1,0,0,2,0,0,,Calle,,ROSARIO,Rosario,Asfalto,Natural,II,Dentro,Urbana,Semáforo,Funciona,Otro,Bueno,Buena,Diurna,Buen Tiempo,Múltiple,S/D,Colisión,S/D,Vertical,S/D,Desvío Provisorio,"-32.9458698, -60.7227284",['Circunvalacion A'],1,Circunvalacion A,-32.9458698,-60.7227284,55.0,538.0,Municipio Rosario,Municipio,Rosario,820210,Servicio de Catastro e Información Territorial,IGN
2012,8709,2012-06-05,Martes,0.0,,,0.0,2,"Automóvil,Bicicleta",AV CIRCUNVALACION Y BAIGORRIA,2,1,0,0,1,0,0,,S/D,,ROSARIO,Rosario,Asfalto,S/D,II,S/D,S/D,S/D,Funciona,Recta,Bueno,S/D,Diurna,S/D,S/D,S/D,Atropello,S/D,S/D,S/D,S/D,POINT (-60.719770260245994 -32.893468154963045),"['Circunvalacion', 'Baigorria']",2,Avenida de Circunvalación 25 de Mayo; Baigorria,-32.893468154963045,-60.719770260246,55.0,538.0,Municipio Rosario,Municipio,Rosario,820210,Servicio de Catastro e Información Territorial,IGN
2012,8710,2012-06-07,Jueves,0.0,15:00:00,,0.0,2,"Moto/Ciclomotor,Moto/Ciclomotor",Pje. Caracas Y Bv. Bouchard,2,1,0,0,1,0,0,,Calle,,ROSARIO,Rosario,Asfalto,S/D,II,S/D,S/D,S/D,S/D,Recta,Bueno,S/D,Diurna,S/D,Lateral,S/D,Colisión,S/D,Faltante,S/D,S/D,POINT (-60.7330612 -32.890382),"['Caracas', 'Bouchard']",2,Caracas; Bulevar Bouchard,-32.890382,-60.7330612,55.0,538.0,Municipio Rosario,Municipio,Rosario,820210,Servicio de Catastro e Información Territorial,IGN
2012,8711,2012-06-11,Lunes,0.0,07:30:00,,0.0,2,"Moto/Ciclomotor,Moto/Ciclomotor",Av. Jorge Newbery Y Malabia Bis,2,2,0,0,0,0,0,,S/D,,ROSARIO,Rosario,Asfalto,S/D,II,S/D,Urbana,S/D,No existe,Recta,Bueno,Buena,Diurna,Buen Tiempo,S/D,S/D,S/D,S/D,S/D,S/D,S/D,POINT (-60.7601833 -32.90919),"['Jorge Newbery', 'Malabia']",2,Avenida Jorge Newbery; Malabia,-32.90919,-60.7601833,55.0,538.0,Municipio Rosario,Municipio,Rosario,820210,Servicio de Catastro e Información Territorial,IGN
2012,8712,2012-06-26,Martes,0.0,09:50:00,,0.0,1,Moto/Ciclomotor,25 DE MAYO 2200,1,1,0,0,0,0,0,,Calle,,ROSARIO,Rosario,Asfalto,S/D,II,S/D,S/D,S/D,S/D,Recta,S/D,S/D,S/D,S/D,S/D,S/D,Caída ocupante,S/D,S/D,S/D,S/D,"-32.8713305, -60.6995918",['25 De Mayo 2200'],1,25 De Mayo 2200,-32.8713305,-60.6995918,55.0,538.0,Municipio Rosario,Municipio,Rosario,820210,Servicio de Catastro e Información Territorial,IGN
2012,8714,2012-06-13,Miercoles,0.0,,,0.0,2,"Taxi/Remis,Automóvil",Castellanos Y San Luis,2,1,0,0,1,0,0,,Calle,,ROSARIO,Rosario,Asfalto,S/D,II,Dentro,Urbana,S/D,S/D,Intersección,S/D,S/D,S/D,S/D,S/D,S/D,Colisión,S/D,S/D,Cordón divisorio,S/D,POINT (-60.675738800000005 -32.942445799999994),"['Aaron Castellanos', 'San Luis']",2,Aaron Castellanos; San Luis,-32.942445799999994,-60.675738800000005,55.0,538.0,Municipio Rosario,Municipio,Rosario,820210,Servicio de Catastro e Información Territorial,IGN
2012,8716,2012-06-17,Domingo,0.0,16:30:00,,0.0,2,"Moto/Ciclomotor,Automóvil",Robles Y Calderon,3,2,0,0,1,0,0,,Calle,,ROSARIO,Rosario,Asfalto,S/D,II,S/D,Urbana,S/D,S/D,Recta,Bueno,S/D,S/D,S/D,S/D,S/D,S/D,S/D,S/D,S/D,S/D,POINT (-60.73134775000001 -32.88015804999999),"['Robles', 'Calderon']",2,Robles; Calderon,-32.88015804999999,-60.73134775000001,55.0,538.0,Municipio Rosario,Municipio,Rosario,820210,Servicio de Catastro e Información Territorial,IGN
2012,8717,2012-06-13,Miercoles,0.0,08:45:00,,0.0,2,"Moto/Ciclomotor,Pickup/Utilitario",Pascual Rosas 900,2,1,0,0,1,0,0,,Calle,,ROSARIO,Rosario,Asfalto,S/D,II,Dentro,Urbana,S/D,S/D,Intersección,S/D,S/D,S/D,S/D,S/D,S/D,Colisión,S/D,S/D,Cordón divisorio,S/D,"-32.9388654, -60.686245",['Pascual Rosas 900'],1,Pascual Rosas 900,-32.9388654,-60.686245,55.0,538.0,Municipio Rosario,Municipio,Rosario,820210,Servicio de Catastro e Información Territorial,IGN
2012,8718,2012-06-14,Jueves,0.0,,,0.0,2,"Automóvil,Automóvil",Mendoza 3300,2,1,0,0,1,0,0,,Calle,,ROSARIO,Rosario,Asfalto,S/D,II,Dentro,Urbana,S/D,S/D,Intersección,S/D,S/D,S/D,S/D,S/D,S/D,Colisión,S/D,S/D,Cordón divisorio,S/D,"-32.9461621, -60.6693305",['Mendoza 3300'],1,Mendoza 3300,-32.9461621,-60.6693305,55.0,538.0,Municipio Rosario,Municipio,Rosario,820210,Servicio de Catastro e Información Territorial,IGN
2012,8722,2012-06-10,Domingo,0.0,09:10:00,,0.0,2,"Automóvil,Taxi/Remis",San Juan Y Ricchieri,3,1,0,0,2,0,0,,Calle,,ROSARIO,Rosario,Asfalto,S/D,II,Dentro,Urbana,S/D,S/D,Intersección,S/D,S/D,S/D,S/D,S/D,S/D,Colisión,S/D,S/D,Cordón divisorio,S/D,POINT (-60.6637743 -32.9457443),"['San Juan', 'Ricchieri']",2,San Juan; Ricchieri,-32.9457443,-60.6637743,55.0,538.0,Municipio Rosario,Municipio,Rosario,820210,Servicio de Catastro e Información Territorial,IGN
2012,8723,2012-06-14,Jueves,0.0,11:30:00,,0.0,2,"Automóvil,Automóvil",GENOVA  Y CHACO,2,1,0,0,1,0,0,,Calle,,ROSARIO,Rosario,Asfalto,S/D,II,S/D,Urbana,Ninguna,No existe,Curva,Bueno,Buena,Diurna,Buen Tiempo,Lateral,S/D,Colisión,S/D,Faltante,Barrera de hormigón,Sin restricción,POINT (-60.6964954 -32.9155168),"['Genova', 'Chaco']",2,Avenida Génova; Chaco,-32.9155168,-60.6964954,55.0,538.0,Municipio Rosario,Municipio,Rosario,820210,Servicio de Catastro e Información Territorial,IGN
2012,8724,2012-06-23,Sabado,0.0,07:00:00,,0.0,1,Automóvil,Iriondo 2711,1,1,0,0,0,0,0,,Calle,,ROSARIO,Rosario,Asfalto,No existe,II,Fuera,Urbana,Ninguna,No existe,Recta,Bueno,Buena,Amanecer,S/D,S/D,S/D,Despiste,S/D,S/D,Ninguna,Sin restricción,"-32.9634076122449, -60.67523440612245",['Iriondo 2711'],1,Iriondo 2711,-32.9634076122449,-60.67523440612245,55.0,538.0,Municipio Rosario,Municipio,Rosario,820210,Servicio de Catastro e Información Territorial,IGN
2012,8730,2012-06-13,Miercoles,0.0,,,0.0,2,"Automóvil,Automóvil",Bv. Avellaneda Y San Luis,2,2,0,0,0,0,0,,Avenida,,ROSARIO,Rosario,Asfalto,S/D,II,Dentro,Urbana,S/D,S/D,Intersección,S/D,S/D,S/D,S/D,S/D,S/D,Colisión,S/D,S/D,Cordón divisorio,S/D,POINT (-60.6798066 -32.9417232),"['Avellaneda', 'San Luis']",2,Bulevar Nicolás Avellaneda; San Luis,-32.9417232,-60.6798066,55.0,538.0,Municipio Rosario,Municipio,Rosario,820210,Servicio de Catastro e Información Territorial,IGN
2012,8731,2012-06-14,Jueves,0.0,,,0.0,3,"Pickup/Utilitario,Automóvil,Automóvil",Gutenberg 1400,6,5,0,0,1,0,0,,Calle,,ROSARIO,Rosario,Asfalto,S/D,II,Dentro,Urbana,S/D,S/D,Intersección,S/D,S/D,S/D,S/D,S/D,S/D,Colisión,S/D,S/D,Cordón divisorio,S/D,"-32.9449615, -60.6892004",['Gutenberg 1400'],1,Gutenberg 1400,-32.9449615,-60.6892004,55.0,538.0,Municipio Rosario,Municipio,Rosario,820210,Servicio de Catastro e Información Territorial,IGN
2012,8732,2012-06-14,Jueves,0.0,,,0.0,2,"Bicicleta,Automóvil",Rioja Y Carriego,2,1,0,0,1,0,0,,Calle,,ROSARIO,Rosario,Asfalto,S/D,II,Dentro,Urbana,S/D,S/D,Intersección,S/D,S/D,S/D,S/D,S/D,S/D,Atropello,S/D,S/D,Cordón divisorio,S/D,POINT (-60.688956499999996 -32.93854830000001),"['Rioja', 'Carriego']",2,Rioja; Carriego,-32.93854830000001,-60.6889565,55.0,538.0,Municipio Rosario,Municipio,Rosario,820210,Servicio de Catastro e Información Territorial,IGN
2012,8733,2012-06-14,Jueves,0.0,16:00:00,,0.0,2,"Moto/Ciclomotor,Automóvil",3 De Febrero Y Rodriguez,2,1,0,0,1,0,0,,Calle,,ROSARIO,Rosario,Asfalto,S/D,II,Dentro,Urbana,S/D,S/D,Intersección,S/D,S/D,S/D,S/D,S/D,S/D,Colisión,S/D,S/D,Cordón divisorio,S/D,POINT (-60.6603081 -32.9491249),"['3 de Febrero', 'Rodríguez']",2,3 de Febrero; Rodríguez de Escobedo,-32.9491249,-60.6603081,55.0,538.0,Municipio Rosario,Municipio,Rosario,820210,Servicio de Catastro e Información Territorial,IGN
2012,8734,2012-06-14,Jueves,0.0,12:55:00,,0.0,3,"Automóvil,Automóvil,Automóvil",Av. Pellegrini 4700,4,1,0,0,2,0,1,,Avenida,,ROSARIO,Rosario,Asfalto,S/D,II,Dentro,Urbana,S/D,S/D,Intersección,S/D,S/D,Diurna,S/D,Múltiple,S/D,Colisión,S/D,S/D,Cordón divisorio,S/D,"-32.9484019, -60.6897907",['Pellegrini 4700'],1,Pellegrini 4700,-32.9484019,-60.6897907,55.0,538.0,Municipio Rosario,Municipio,Rosario,820210,Servicio de Catastro e Información Territorial,IGN
2012,8735,2012-06-15,Viernes,0.0,08:50:00,,0.0,2,"Automóvil,Pickup/Utilitario",3 De Febrero Y Rodriguez,3,1,0,0,2,0,0,,Calle,,ROSARIO,Rosario,Asfalto,S/D,II,Dentro,Urbana,S/D,S/D,Intersección,S/D,S/D,Diurna,S/D,S/D,S/D,Colisión,S/D,S/D,Cordón divisorio,S/D,POINT (-60.6603081 -32.9491249),"['3 de Febrero', 'Rodríguez']",2,3 de Febrero; Rodríguez de Escobedo,-32.9491249,-60.6603081,55.0,538.0,Municipio Rosario,Municipio,Rosario,820210,Servicio de Catastro e Información Territorial,IGN
2012,8736,2012-06-15,Viernes,0.0,15:50:00,,0.0,2,"Moto/Ciclomotor,Automóvil",Bv. Avellaneda 1300,2,1,0,0,1,0,0,,Avenida,,ROSARIO,Rosario,Asfalto,S/D,II,Dentro,Urbana,S/D,S/D,Intersección,S/D,S/D,Diurna,S/D,S/D,S/D,Colisión,S/D,S/D,Cordón divisorio,S/D,"-32.9453228, -60.6808134",['Avellaneda 1300'],1,Avellaneda 1300,-32.9453228,-60.6808134,55.0,538.0,Municipio Rosario,Municipio,Rosario,820210,Servicio de Catastro e Información Territorial,IGN
2012,8737,2012-06-16,Sabado,0.0,15:10:00,,0.0,2,"Moto/Ciclomotor,Automóvil",Bv. Avellaneda Y E.Zeballos,2,1,0,0,0,0,1,,Avenida,,ROSARIO,Rosario,Asfalto,S/D,II,Dentro,Urbana,S/D,S/D,Intersección,S/D,S/D,S/D,S/D,S/D,S/D,Colisión,S/D,S/D,Cordón divisorio,S/D,POINT (-60.68126855 -32.94766455),"['Avellaneda', 'Zeballos']",2,Bulevar Nicolás Avellaneda; Zeballos,-32.94766455,-60.68126855,55.0,538.0,Municipio Rosario,Municipio,Rosario,820210,Servicio de Catastro e Información Territorial,IGN
2012,8738,2012-06-16,Sabado,0.0,,,0.0,2,"Moto/Ciclomotor,Automóvil",Montevideo Y Carriego,3,2,0,0,1,0,0,,Calle,,ROSARIO,Rosario,Asfalto,S/D,II,Dentro,Urbana,S/D,S/D,Intersección,S/D,S/D,S/D,S/D,S/D,S/D,Colisión,S/D,S/D,Cordón divisorio,S/D,POINT (-60.6911076 -32.94711439999999),"['Montevideo', 'Carriego']",2,Montevideo; Carriego,-32.94711439999999,-60.6911076,55.0,538.0,Municipio Rosario,Municipio,Rosario,820210,Servicio de Catastro e Información Territorial,IGN
2012,8739,2012-06-06,Miercoles,0.0,10:30:00,,0.0,2,"Moto/Ciclomotor,Automóvil",Francia F Y Av. Pellegrini,3,1,0,0,2,0,0,,Avenida,,ROSARIO,Rosario,Asfalto,S/D,II,Dentro,Urbana,S/D,S/D,Intersección,S/D,S/D,Diurna,S/D,S/D,S/D,Colisión,S/D,S/D,Cordón divisorio,S/D,POINT (-60.668265950000006 -32.95238069999999),"['Avenida Francia', 'Pellegrini']",2,Avenida Francia; Avenida Carlos Pellegrini,-32.95238069999999,-60.668265950000006,55.0,538.0,Municipio Rosario,Municipio,Rosario,820210,Servicio de Catastro e Información Territorial,IGN
2012,8740,2012-06-16,Sabado,0.0,,,0.0,2,"Moto/Ciclomotor,Automóvil",9 De Julio Y Iriondo,3,1,0,0,2,0,0,,Calle,,ROSARIO,Rosario,Asfalto,S/D,II,Dentro,Urbana,S/D,S/D,Intersección,S/D,S/D,Diurna,S/D,S/D,S/D,Colisión,S/D,S/D,Cordón divisorio,S/D,POINT (-60.6714766 -32.9482239),"['9 de Julio', 'Iriondo']",2,9 de Julio; Iriondo,-32.9482239,-60.6714766,55.0,538.0,Municipio Rosario,Municipio,Rosario,820210,Servicio de Catastro e Información Territorial,IGN
2012,8741,2012-06-16,Sabado,0.0,,,0.0,2,"Bicicleta,Automóvil",Santiago Y 3 De Febrero,2,1,0,0,1,0,0,,Calle,,ROSARIO,Rosario,Asfalto,S/D,II,Dentro,Urbana,S/D,S/D,Intersección,S/D,S/D,S/D,S/D,S/D,S/D,Atropello,S/D,S/D,Cordón divisorio,S/D,POINT (-60.6576192 -32.9496077),"['Santiago', '3 de Febrero']",2,Santiago; 3 de Febrero,-32.9496077,-60.6576192,55.0,538.0,Municipio Rosario,Municipio,Rosario,820210,Servicio de Catastro e Información Territorial,IGN
2012,8742,2012-06-17,Domingo,0.0,,,0.0,2,"Automóvil,Automóvil",Valparaiso Y Montevideo,2,1,0,0,1,0,0,,Calle,,ROSARIO,Rosario,Asfalto,S/D,II,Dentro,Urbana,S/D,S/D,Intersección,S/D,S/D,S/D,S/D,S/D,S/D,Colisión,S/D,S/D,Cordón divisorio,S/D,POINT (-60.6842986 -32.9483258),"['Valparaíso', 'Montevideo']",2,Valparaíso; Montevideo,-32.9483258,-60.6842986,55.0,538.0,Municipio Rosario,Municipio,Rosario,820210,Servicio de Catastro e Información Territorial,IGN