anio_acci,nro_acci,fecha,desc_dia,fecha_aprox,hora_aprox,desc_ruta,km,cant_participantes,desc_participante,calle_avenida_km,total,heridos_leves,heridos_graves,heridos_gravisimos,ilesos,fallecidos,sin_datos,posicion_XY,desc_tipo_via,desc_ruta_ori,desc_loc,desc_dpto,desc_tipo_calzada,desc_tipo_banquina,desc_unidad_regional,desc_lugar_calzada,desc_zona,desc_prioridad,desc_estado_semaforo,desc_lugar_via,desc_estado_via,desc_estado_visibilidad,desc_luminosidad,desc_estado_clima,desc_tipo_colision,desc_tipo_atropello,desc_tipo_hecho,desc_pres_calzada,desc_senializacion,desc_separacion_via,desc_restriccion,forma_geocod,calle_lista,numero_calles,calles_osm,lat,lon,index_right,gid,fna,gna,nam,in1,fdc,sag
2012,8743,2012-06-19,Martes,0.0,,,0.0,2,"Taxi/Remis,Automóvil",9 De Julio Y Pueyrredon,4,2,0,0,2,0,0,,Calle,,ROSARIO,Rosario,Asfalto,S/D,II,Dentro,Urbana,S/D,S/D,Intersección,S/D,S/D,S/D,S/D,S/D,S/D,Colisión,S/D,S/D,Cordón divisorio,S/D,POINT (-60.65923800000001 -32.95042960000001),"['9 de Julio', 'Pueyrredón']",2,9 de Julio; Pueyrredón,-32.95042960000001,-60.65923800000001,55.0,538.0,Municipio Rosario,Municipio,Rosario,820210,Servicio de Catastro e Información Territorial,IGN
2012,8744,2012-06-19,Martes,0.0,09:20:00,,0.0,2,"Moto/Ciclomotor,Automóvil",Bv. Avellaneda Y San Juan,2,1,0,0,1,0,0,,Calle,,ROSARIO,Rosario,Asfalto,S/D,II,Dentro,Urbana,S/D,S/D,Intersección,S/D,S/D,Diurna,S/D,S/D,S/D,Colisión,S/D,S/D,Cordón divisorio,S/D,POINT (-60.680076299999996 -32.94284435),"['Avellaneda', 'San Juan']",2,Bulevar Nicolás Avellaneda; San Juan,-32.94284435,-60.6800763,55.0,538.0,Municipio Rosario,Municipio,Rosario,820210,Servicio de Catastro e Información Territorial,IGN
2012,8747,2012-06-06,Miercoles,0.0,22:45:00,,0.0,2,"Moto/Ciclomotor,Pickup/Utilitario",Castellanos Y E.Zeballos,3,1,0,0,2,0,0,,Calle,,ROSARIO,Rosario,Asfalto,S/D,II,Dentro,Urbana,S/D,S/D,Intersección,S/D,S/D,S/D,S/D,S/D,S/D,Colisión,S/D,S/D,Cordón divisorio,S/D,POINT (-60.67724419999999 -32.94837350000001),"['Aaron Castellanos', 'Zeballos']",2,Aaron Castellanos; Zeballos,-32.94837350000001,-60.67724419999999,55.0,538.0,Municipio Rosario,Municipio,Rosario,820210,Servicio de Catastro e Información Territorial,IGN
2012,8749,2012-06-22,Viernes,0.0,,,0.0,2,"Automóvil,Moto/Ciclomotor",Lavalle 1300,2,2,0,0,0,0,0,,Calle,,ROSARIO,Rosario,Asfalto,S/D,II,Dentro,Urbana,S/D,S/D,Intersección,S/D,S/D,S/D,S/D,S/D,S/D,Colisión,S/D,S/D,Cordón divisorio,S/D,"-32.9455793, -60.6793803",['Lavalle 1300'],1,Lavalle 1300,-32.9455793,-60.6793803,55.0,538.0,Municipio Rosario,Municipio,Rosario,820210,Servicio de Catastro e Información Territorial,IGN
2012,8757,2012-06-21,Jueves,0.0,22:45:00,,0.0,2,"Moto/Ciclomotor,Automóvil",3 De Febrero Y Lavalle,3,2,0,0,1,0,0,,Calle,,ROSARIO,Rosario,Asfalto,S/D,II,Dentro,Urbana,S/D,S/D,Intersección,S/D,S/D,S/D,S/D,S/D,S/D,Colisión,S/D,S/D,Cordón divisorio,S/D,POINT (-60.6793582 -32.94569909999999),"['3 de Febrero', 'Lavalle']",2,3 de Febrero; Lavalle,-32.94569909999999,-60.6793582,55.0,538.0,Municipio Rosario,Municipio,Rosario,820210,Servicio de Catastro e Información Territorial,IGN
2012,8761,2012-06-21,Jueves,0.0,,,0.0,2,"Bicicleta,Automóvil",Rioja Y Castellanos,2,1,0,0,1,0,0,,Calle,,ROSARIO,Rosario,S/D,S/D,II,Dentro,Urbana,S/D,S/D,Intersección,S/D,S/D,S/D,S/D,S/D,S/D,Atropello,S/D,S/D,Cordón divisorio,S/D,POINT (-60.6753704 -32.941017900000006),"['Rioja', 'Aaron Castellanos']",2,Rioja; Aaron Castellanos,-32.941017900000006,-60.6753704,55.0,538.0,Municipio Rosario,Municipio,Rosario,820210,Servicio de Catastro e Información Territorial,IGN
2012,8764,2012-06-24,Domingo,0.0,02:02:00,,0.0,2,"Peatón,Automóvil",Cordoba Y Av. Ovidio Lagos,2,1,0,0,1,0,0,,Calle,,ROSARIO,Rosario,Asfalto,S/D,II,Dentro,Urbana,S/D,S/D,Intersección,S/D,S/D,S/D,S/D,S/D,S/D,Atropello,S/D,S/D,Cordón divisorio,S/D,POINT (-60.6614607 -32.9422773),"['Córdoba', 'Avenida Ovidio Lagos']",2,Córdoba; Avenida Ovidio Lagos,-32.9422773,-60.6614607,55.0,538.0,Municipio Rosario,Municipio,Rosario,820210,Servicio de Catastro e Información Territorial,IGN
2012,8765,2012-06-24,Domingo,0.0,,,0.0,2,"Automóvil,Automóvil",Vera Mujica Y Montevideo,2,2,0,0,0,0,0,,Calle,,ROSARIO,Rosario,Asfalto,S/D,II,Dentro,Urbana,S/D,S/D,Intersección,S/D,S/D,S/D,S/D,S/D,S/D,Colisión,S/D,S/D,Cordón divisorio,S/D,POINT (-60.6693572 -32.95101059999999),"['Vera Mujíca', 'Montevideo']",2,Vera Mujíca; Montevideo,-32.95101059999999,-60.6693572,55.0,538.0,Municipio Rosario,Municipio,Rosario,820210,Servicio de Catastro e Información Territorial,IGN
2012,8766,2012-06-25,Lunes,0.0,,,0.0,2,"Moto/Ciclomotor,Automóvil",Iriondo Y Montevideo,1,1,0,0,0,0,0,,Calle,,ROSARIO,Rosario,Asfalto,S/D,II,Dentro,Urbana,S/D,S/D,Intersección,S/D,S/D,S/D,S/D,S/D,S/D,Colisión,S/D,S/D,Cordón divisorio,S/D,POINT (-60.6720567 -32.9505233),"['Iriondo', 'Montevideo']",2,Iriondo; Montevideo,-32.9505233,-60.6720567,55.0,538.0,Municipio Rosario,Municipio,Rosario,820210,Servicio de Catastro e Información Territorial,IGN
2012,8767,2012-06-25,Lunes,0.0,,,0.0,2,"Taxi/Remis,Automóvil",San Juan Y Ricchieri,3,1,0,0,2,0,0,,Calle,,ROSARIO,Rosario,Asfalto,S/D,II,Dentro,Urbana,S/D,S/D,Intersección,S/D,S/D,S/D,S/D,S/D,S/D,Colisión,S/D,S/D,Cordón divisorio,S/D,POINT (-60.6637743 -32.9457443),"['San Juan', 'Ricchieri']",2,San Juan; Ricchieri,-32.9457443,-60.6637743,55.0,538.0,Municipio Rosario,Municipio,Rosario,820210,Servicio de Catastro e Información Territorial,IGN
2012,8769,2012-06-26,Martes,0.0,13:30:00,,0.0,2,"Moto/Ciclomotor,Pickup/Utilitario",Alsina Y E.Zeballos,2,1,0,0,1,0,0,,Calle,,ROSARIO,Rosario,Asfalto,S/D,II,Dentro,Urbana,S/D,S/D,Intersección,S/D,S/D,S/D,S/D,S/D,S/D,Colisión,S/D,S/D,Cordón divisorio,S/D,POINT (-60.6785567 -32.948147299999995),"['Alsina', 'Zeballos']",2,Alsina; Zeballos,-32.948147299999995,-60.6785567,55.0,538.0,Municipio Rosario,Municipio,Rosario,820210,Servicio de Catastro e Información Territorial,IGN
2012,8770,2012-06-09,Sabado,0.0,14:30:00,,0.0,2,"Moto/Ciclomotor,Automóvil",San Martin Y 24 De Setiembre,2,1,0,0,1,0,0,,Avenida,,ROSARIO,Rosario,Asfalto,No existe,II,Dentro,Urbana,S/D,S/D,Intersección,Bueno,Buena,Diurna,S/D,Lateral,S/D,Colisión,S/D,S/D,Ninguna,Sin restricción,POINT (-60.64455705 -32.98058454999999),"['San Martin', '24 de Septiembre']",2,José de San Martín; 24 de Septiembre,-32.98058454999999,-60.64455705,55.0,538.0,Municipio Rosario,Municipio,Rosario,820210,Servicio de Catastro e Información Territorial,IGN
2012,8771,2012-06-06,Miercoles,0.0,10:40:00,,0.0,2,"Pickup/Utilitario,Peatón",Mendoza 3445,2,1,0,0,1,0,0,,Calle,,ROSARIO,Rosario,Asfalto,S/D,II,Dentro,Urbana,S/D,S/D,Intersección,S/D,S/D,S/D,S/D,S/D,S/D,Atropello,S/D,S/D,Cordón divisorio,S/D,"-32.945877548979595, -60.671526787755106",['Mendoza 3445'],1,Mendoza 3445,-32.945877548979595,-60.67152678775511,55.0,538.0,Municipio Rosario,Municipio,Rosario,820210,Servicio de Catastro e Información Territorial,IGN
2012,8772,2012-06-11,Lunes,0.0,19:50:00,,0.0,2,"Moto/Ciclomotor,Pickup/Utilitario",España 4000,2,1,0,0,1,0,0,,Calle,,ROSARIO,Rosario,Asfalto,No existe,II,Dentro,Urbana,S/D,S/D,Intersección,Bueno,S/D,Atardecer,S/D,Lateral,S/D,Colisión,S/D,S/D,Ninguna,Sin restricción,"-32.9823345, -60.6559707",['España 4000'],1,España 4000,-32.9823345,-60.6559707,55.0,538.0,Municipio Rosario,Municipio,Rosario,820210,Servicio de Catastro e Información Territorial,IGN
2012,8773,2012-06-11,Lunes,0.0,18:00:00,,0.0,2,"Moto/Ciclomotor,Automóvil",Esteban de Luca Y Av. Corrientes,3,2,0,0,1,0,0,,Avenida,,ROSARIO,Rosario,Asfalto,No existe,II,Dentro,Urbana,S/D,S/D,Intersección,S/D,S/D,Atardecer,S/D,Lateral,S/D,Colisión,S/D,S/D,Ninguna,Sin restricción,POINT (-60.6535599 -32.995098),"['Esteban de Luca', 'Corrientes']",2,Esteban de Luca; Corrientes,-32.995098,-60.6535599,55.0,538.0,Municipio Rosario,Municipio,Rosario,820210,Servicio de Catastro e Información Territorial,IGN
2012,8774,2012-06-11,Lunes,0.0,16:30:00,,0.0,2,"Peatón,Pickup/Utilitario",Alvear 3400,2,1,0,0,1,0,0,,Calle,,ROSARIO,Rosario,Asfalto,No existe,II,Dentro,Urbana,S/D,S/D,Intersección,S/D,S/D,Atardecer,S/D,S/D,S/D,Atropello,S/D,S/D,Ninguna,Sin restricción,"-32.977462, -60.6785104",['Alvear 3400'],1,Alvear 3400,-32.977462,-60.6785104,55.0,538.0,Municipio Rosario,Municipio,Rosario,820210,Servicio de Catastro e Información Territorial,IGN
2012,8775,2012-05-17,Jueves,0.0,18:15:00,,0.0,2,"Moto/Ciclomotor,Taxi/Remis",Av. Francia Y Galvez,2,1,0,0,1,0,0,,Avenida,,ROSARIO,Rosario,Asfalto,No existe,II,Dentro,Urbana,Ninguna,Funciona,Intersección,Bueno,Buena,Atardecer,S/D,Lateral,S/D,Colisión,S/D,"Horizontal,Vertical","Cordón divisorio,Vegetación",Sin restricción,POINT (-60.671160050000005 -32.963889449999996),"['Avenida Francia', 'Galvez']",2,Avenida Francia; José Gálvez,-32.96388945,-60.671160050000005,55.0,538.0,Municipio Rosario,Municipio,Rosario,820210,Servicio de Catastro e Información Territorial,IGN
2012,8776,2012-05-31,Jueves,0.0,17:30:00,,0.0,2,"Automóvil,Automóvil",Av. Pte.Peron Y San Nicolas,2,1,0,0,1,0,0,,Avenida,,ROSARIO,Rosario,Asfalto,No existe,II,Dentro,Urbana,Ninguna,Funciona,Intersección,Bueno,Buena,Diurna,S/D,De alcance,S/D,Colisión,S/D,Vertical,Cordón divisorio,Sin restricción,POINT (-60.6764689 -32.95676415),"['Avenida Presidente Perón', 'San Nicolás']",2,Avenida Presidente Perón; San Nicolás,-32.95676415,-60.6764689,55.0,538.0,Municipio Rosario,Municipio,Rosario,820210,Servicio de Catastro e Información Territorial,IGN
2012,8777,2012-06-29,Viernes,0.0,10:30:00,,0.0,2,"Automóvil,Pickup/Utilitario",Bv. 27 De Febrero Y Castellanos,2,1,0,0,1,0,0,,Avenida,,ROSARIO,Rosario,Asfalto,No existe,II,Dentro,Urbana,Semáforo,Funciona,Recta,Bueno,Buena,Diurna,Lluvia,De alcance,S/D,Colisión,Agua,"Horizontal,Vertical",Cordón divisorio,Sin restricción,POINT (-60.680369799999994 -32.96100625),"['27 de Febrero', 'Aaron Castellanos']",2,Bulevar 27 de Febrero; Aaron Castellanos,-32.96100625,-60.6803698,55.0,538.0,Municipio Rosario,Municipio,Rosario,820210,Servicio de Catastro e Información Territorial,IGN
2012,8778,2012-06-30,Sabado,0.0,11:00:00,,0.0,2,"Moto/Ciclomotor,Taxi/Remis",Bv. 27 De Febrero Y Rio De Janeiro,3,2,0,0,1,0,0,,Avenida,,ROSARIO,Rosario,Asfalto,No existe,II,Dentro,Urbana,Ninguna,No existe,Intersección,Bueno,Buena,Diurna,Lluvia,Lateral,S/D,Colisión,Agua,"Horizontal,Vertical",Cordón divisorio,Sin restricción,POINT (-60.68583433333333 -32.960022599999995),"['27 de Febrero', 'Río de Janeiro']",2,Bulevar 27 de Febrero; Río de Janeiro,-32.960022599999995,-60.68583433333333,55.0,538.0,Municipio Rosario,Municipio,Rosario,820210,Servicio de Catastro e Información Territorial,IGN
2012,8779,2012-06-10,Domingo,0.0,00:05:00,,0.0,1,Taxi/Remis,Av. Pellegrini Y Cafferata,2,1,0,0,1,0,0,,Avenida,,ROSARIO,Rosario,Asfalto,No existe,II,Dentro,Urbana,Semáforo,Funciona,Intersección,Bueno,Buena,"Nocturna,Con luz artificial",Buen Tiempo,S/D,S/D,Caída ocupante,S/D,"Horizontal,Vertical",Cordón divisorio,Sin restricción,POINT (-60.66279733333334 -32.9781999),"['Pellegrini', 'Cafferata']",2,Avenida Carlos Pellegrini; Cafferata,-32.9781999,-60.66279733333334,55.0,538.0,Municipio Rosario,Municipio,Rosario,820210,Servicio de Catastro e Información Territorial,IGN
2012,8781,2012-06-03,Domingo,0.0,16:05:00,,0.0,2,"Automóvil,Automóvil",Av. Pte.Peron Y Pascual Rosas,6,1,0,0,5,0,0,,Avenida,,ROSARIO,Rosario,Asfalto,S/D,II,Dentro,Urbana,Ninguna,No existe,Intersección,Bueno,Buena,Diurna,S/D,Lateral,S/D,Colisión,S/D,Faltante,Cordón divisorio,Sin restricción,POINT (-60.691128500000005 -32.95845274999999),"['Avenida Presidente Perón', 'Pascual Rosas']",2,Avenida Presidente Perón; Pascual Rosas,-32.95845274999999,-60.691128500000005,55.0,538.0,Municipio Rosario,Municipio,Rosario,820210,Servicio de Catastro e Información Territorial,IGN
2012,8782,2012-06-05,Martes,0.0,19:55:00,,0.0,2,"Pickup/Utilitario,Camión",Constitucion Y Ocampo,2,2,0,0,0,0,0,,Calle,,ROSARIO,Rosario,Asfalto,No existe,II,Dentro,Urbana,Ninguna,S/D,Intersección,Bueno,Buena,Diurna,S/D,Múltiple,S/D,Colisión,S/D,Faltante,Cordón divisorio,Sin restricción,POINT (-60.67876199999999 -32.96010770000001),"['Constitución', 'Ocampo']",2,Constitución; Ocampo,-32.96010770000001,-60.67876199999999,55.0,538.0,Municipio Rosario,Municipio,Rosario,820210,Servicio de Catastro e Información Territorial,IGN
2012,8783,2012-06-16,Sabado,0.0,17:00:00,,0.0,2,"Automóvil,Automóvil",Av. Pte.Peron Y Iriondo,2,1,0,0,1,0,0,,Avenida,,ROSARIO,Rosario,Asfalto,S/D,II,Dentro,Urbana,Semáforo,Funciona,Intersección,Bueno,Buena,Diurna,S/D,De alcance,S/D,Colisión,S/D,"Horizontal,Vertical",Cordón divisorio,Sin restricción,POINT (-60.6735471 -32.956423000000015),"['Avenida Presidente Perón', 'Iriondo']",2,Avenida Presidente Perón; Iriondo,-32.956423000000015,-60.6735471,55.0,538.0,Municipio Rosario,Municipio,Rosario,820210,Servicio de Catastro e Información Territorial,IGN
2012,8785,2012-06-05,Martes,0.0,16:05:00,,0.0,2,"Moto/Ciclomotor,Automóvil",Av. Francia Y Riobamba,2,1,0,0,1,0,0,,Avenida,,ROSARIO,Rosario,Asfalto,S/D,II,Dentro,Urbana,Ninguna,No existe,Intersección,Bueno,Buena,Diurna,S/D,Lateral,S/D,Colisión,S/D,Faltante,Cordón divisorio,Sin restricción,POINT (-60.669701450000005 -32.958119749999994),"['Avenida Francia', 'Riobamba']",2,Avenida Francia; Riobamba,-32.958119749999994,-60.669701450000005,55.0,538.0,Municipio Rosario,Municipio,Rosario,820210,Servicio de Catastro e Información Territorial,IGN
2012,8786,2012-06-06,Miercoles,0.0,08:45:00,,0.0,2,"Moto/Ciclomotor,Automóvil",Av. Francia Y Av. Pte.Peron,2,1,0,0,1,0,0,,Avenida,,ROSARIO,Rosario,Asfalto,S/D,II,Dentro,Urbana,Ninguna,Funciona,Intersección,Bueno,Buena,Diurna,S/D,Lateral,S/D,Colisión,S/D,"Horizontal,Vertical",Cordón divisorio,Sin restricción,POINT (-60.669141599999996 -32.95590709999999),"['Avenida Francia', 'Avenida Presidente Perón']",2,Avenida Francia; Avenida Presidente Perón,-32.95590709999999,-60.6691416,55.0,538.0,Municipio Rosario,Municipio,Rosario,820210,Servicio de Catastro e Información Territorial,IGN
2012,8787,2012-06-07,Jueves,0.0,09:30:00,,0.0,2,"Moto/Ciclomotor,Moto/Ciclomotor",Gutenberg Y Ituzaingo,3,3,0,0,0,0,0,,Calle,,ROSARIO,Rosario,Asfalto,No existe,II,Dentro,Urbana,Ninguna,No existe,Intersección,Bueno,Buena,Diurna,S/D,Lateral,S/D,Colisión,S/D,Horizontal,Ninguna,Sin restricción,POINT (-60.6909094 -32.9519415),"['Gutenberg', 'Ituzaingó']",2,Gutenberg; Ituzaingó,-32.9519415,-60.6909094,55.0,538.0,Municipio Rosario,Municipio,Rosario,820210,Servicio de Catastro e Información Territorial,IGN
2012,8788,2012-06-07,Jueves,0.0,08:00:00,,0.0,2,"Automóvil,Moto/Ciclomotor",Cerrito Y Lavalle,3,2,0,0,1,0,0,,Calle,,ROSARIO,Rosario,Asfalto,S/D,II,Dentro,Urbana,Ninguna,No existe,Intersección,Bueno,Buena,Diurna,S/D,Lateral,S/D,Colisión,S/D,"Horizontal,Vertical",Cordón divisorio,Sin restricción,POINT (-60.6816736 -32.95479719999999),"['Cerrito', 'Lavalle']",2,Cerrito; Lavalle,-32.95479719999999,-60.6816736,55.0,538.0,Municipio Rosario,Municipio,Rosario,820210,Servicio de Catastro e Información Territorial,IGN
2012,8789,2012-06-07,Jueves,0.0,14:30:00,,0.0,2,"Moto/Ciclomotor,Automóvil",Av. Pte.Peron Y Rio De Janeiro,3,1,0,0,2,0,0,,Avenida,,ROSARIO,Rosario,Asfalto,S/D,II,Dentro,Urbana,Otra Señal,No existe,Recta,Bueno,Buena,Diurna,S/D,De alcance,S/D,Colisión,S/D,S/D,Cordón divisorio,Sin restricción,POINT (-60.685269950000006 -32.95777994999999),"['Avenida Presidente Perón', 'Río de Janeiro']",2,Avenida Presidente Perón; Río de Janeiro,-32.95777994999999,-60.685269950000006,55.0,538.0,Municipio Rosario,Municipio,Rosario,820210,Servicio de Catastro e Información Territorial,IGN
2012,8790,2012-06-08,Viernes,0.0,13:00:00,,0.0,2,"Moto/Ciclomotor,Automóvil",Cerrito Y Av. Francia,3,2,0,0,1,0,0,,Avenida,,ROSARIO,Rosario,Asfalto,No existe,II,Dentro,Urbana,Ninguna,S/D,Intersección,Bueno,Buena,Diurna,S/D,Lateral,S/D,Colisión,S/D,Horizontal,Cordón divisorio,Sin restricción,POINT (-60.669415650000005 -32.9569882),"['Cerrito', 'Avenida Francia']",2,Cerrito; Avenida Francia,-32.9569882,-60.669415650000005,55.0,538.0,Municipio Rosario,Municipio,Rosario,820210,Servicio de Catastro e Información Territorial,IGN
2012,8791,2012-06-09,Sabado,0.0,20:30:00,,0.0,2,"Peatón,Otros",Bv. 27 De Febrero ,1,1,0,0,0,0,0,,Avenida,,ROSARIO,Rosario,Asfalto,S/D,II,Dentro,Urbana,Ninguna,No existe,Recta,Bueno,Buena,Nocturna,Otro,S/D,S/D,Atropello,S/D,"Horizontal,Vertical",Cordón divisorio,Sin restricción,"-32.9612285, -60.6788841",['27 de Febrero'],1,27 de Febrero,-32.9612285,-60.6788841,55.0,538.0,Municipio Rosario,Municipio,Rosario,820210,Servicio de Catastro e Información Territorial,IGN
2012,8792,2012-10-09,Martes,0.0,14:00:00,,0.0,2,"Automóvil,Pickup/Utilitario",Av. Pellegrini Y Gutenberg,2,1,0,0,1,0,0,,Avenida,,ROSARIO,Rosario,Asfalto,S/D,II,Dentro,Urbana,Semáforo,Funciona,Recta,Bueno,Buena,Diurna,S/D,De alcance,S/D,Colisión,S/D,"Horizontal,Vertical",Cordón divisorio,Sin restricción,POINT (-60.690030349999994 -32.94847924999999),"['Pellegrini', 'Gutenberg']",2,Avenida Carlos Pellegrini; Gutenberg,-32.94847924999999,-60.69003035,55.0,538.0,Municipio Rosario,Municipio,Rosario,820210,Servicio de Catastro e Información Territorial,IGN
2012,8793,2012-06-10,Domingo,0.0,,,0.0,2,"Moto/Ciclomotor,Automóvil",Crespo Y Ituzaingo,2,1,0,0,1,0,0,,Calle,,ROSARIO,Rosario,Asfalto,S/D,II,Dentro,Urbana,Ninguna,No existe,Intersección,Bueno,Buena,S/D,S/D,Lateral,S/D,Colisión,S/D,Faltante,Cordón divisorio,S/D,POINT (-60.671847899999996 -32.955332399999996),"['Crespo', 'Ituzaingó']",2,Crespo; Ituzaingó,-32.9553324,-60.6718479,55.0,538.0,Municipio Rosario,Municipio,Rosario,820210,Servicio de Catastro e Información Territorial,IGN
2012,8794,2012-06-11,Lunes,0.0,14:45:00,,0.0,2,"Automóvil,Automóvil",Constitucion Y Ocampo,2,2,0,0,0,0,0,,Calle,,ROSARIO,Rosario,Asfalto,S/D,II,Dentro,Urbana,Ninguna,No existe,Intersección,Bueno,Buena,Diurna,S/D,Lateral,S/D,Colisión,S/D,Faltante,Cordón divisorio,Sin restricción,POINT (-60.67876199999999 -32.96010770000001),"['Constitución', 'Ocampo']",2,Constitución; Ocampo,-32.96010770000001,-60.67876199999999,55.0,538.0,Municipio Rosario,Municipio,Rosario,820210,Servicio de Catastro e Información Territorial,IGN
2012,8795,2012-06-14,Jueves,0.0,21:00:00,,0.0,2,"Automóvil,Bicicleta",Rueda Y Valparaiso,2,1,0,0,1,0,0,,Calle,,ROSARIO,Rosario,Asfalto,S/D,II,Dentro,Urbana,Ninguna,No existe,Intersección,Bueno,Buena,Nocturna,S/D,S/D,S/D,Atropello,S/D,S/D,Cordón divisorio,Sin restricción,POINT (-60.6880757 -32.963231900000004),"['Rueda', 'Valparaíso']",2,Rueda; Valparaíso,-32.963231900000004,-60.6880757,55.0,538.0,Municipio Rosario,Municipio,Rosario,820210,Servicio de Catastro e Información Territorial,IGN
2012,8796,2012-06-27,Miercoles,0.0,18:50:00,,0.0,2,"Peatón,Moto/Ciclomotor",Av. Pte.Peron Y Lima,2,2,0,0,0,0,0,,Avenida,,ROSARIO,Rosario,Asfalto,No existe,II,Dentro,Urbana,Ninguna,No existe,Intersección,Bueno,Buena,Atardecer,Buen Tiempo,S/D,S/D,"Caída ocupante,Atropello",S/D,"Horizontal,Vertical",Cordón divisorio,Sin restricción,POINT (-60.6882115 -32.95812889999999),"['Avenida Presidente Perón', 'Lima']",2,Avenida Presidente Perón; Lima,-32.95812889999999,-60.6882115,55.0,538.0,Municipio Rosario,Municipio,Rosario,820210,Servicio de Catastro e Información Territorial,IGN
2012,8797,2012-06-20,Miercoles,0.0,13:40:00,,0.0,2,"Automóvil,Automóvil",Crespo Y Ituzaingo,2,1,0,0,1,0,0,,Calle,,ROSARIO,Rosario,Asfalto,No existe,II,Dentro,Urbana,Ninguna,No existe,Intersección,Bueno,Buena,Diurna,Lluvia,Frontal,S/D,Colisión,Agua,"Horizontal,Vertical",Cordón divisorio,Sin restricción,POINT (-60.671847899999996 -32.955332399999996),"['Crespo', 'Ituzaingó']",2,Crespo; Ituzaingó,-32.9553324,-60.6718479,55.0,538.0,Municipio Rosario,Municipio,Rosario,820210,Servicio de Catastro e Información Territorial,IGN
2012,8798,2012-11-24,Sabado,0.0,22:40:00,,0.0,2,"Moto/Ciclomotor,Automóvil",Virasoro Y Pje. Ancon,2,1,0,0,1,0,0,,Calle,,ROSARIO,Rosario,Asfalto,No existe,II,Dentro,Urbana,Ninguna,No existe,Intersección,Bueno,Buena,"Nocturna,Con luz artificial",Buen Tiempo,Lateral,S/D,Colisión,S/D,Horizontal,Ninguna,Sin restricción,POINT (-60.6870479 -32.9622109),"['Virasoro', 'Ancon']",2,Benjamín Virasoro; Pasaje Ancon,-32.9622109,-60.6870479,55.0,538.0,Municipio Rosario,Municipio,Rosario,820210,Servicio de Catastro e Información Territorial,IGN
2012,8809,2012-06-14,Jueves,0.0,14:00:00,,0.0,2,"Moto/Ciclomotor,Automóvil",Bv. Avellaneda Y Cerrito,3,2,0,0,1,0,0,,Calle,,ROSARIO,Rosario,Asfalto,No existe,II,Dentro,Urbana,S/D,Funciona,Recta,Bueno,Buena,Diurna,S/D,De alcance,S/D,Colisión,S/D,"Horizontal,Vertical",Cordón divisorio,S/D,POINT (-60.68304325 -32.9545521),"['Avellaneda', 'Cerrito']",2,Bulevar Nicolás Avellaneda; Cerrito,-32.9545521,-60.68304325,55.0,538.0,Municipio Rosario,Municipio,Rosario,820210,Servicio de Catastro e Información Territorial,IGN
2012,8810,2012-06-21,Jueves,0.0,07:00:00,,0.0,2,"Automóvil,Moto/Ciclomotor",Av. Francia Y Cerrito,2,1,0,0,1,0,0,,Avenida,,ROSARIO,Rosario,Asfalto,No existe,II,Dentro,Urbana,Semáforo,Funciona,Intersección,Bueno,Buena,Diurna,Buen Tiempo,Lateral,S/D,Colisión,S/D,"Horizontal,Vertical",Cordón divisorio,Sin restricción,POINT (-60.669415650000005 -32.9569882),"['Avenida Francia', 'Cerrito']",2,Avenida Francia; Cerrito,-32.9569882,-60.669415650000005,55.0,538.0,Municipio Rosario,Municipio,Rosario,820210,Servicio de Catastro e Información Territorial,IGN
2012,8811,2012-06-23,Sabado,0.0,07:00:00,,0.0,1,Automóvil,Iriondo Y Galvez,1,1,0,0,0,0,0,,Calle,,ROSARIO,Rosario,Asfalto,No existe,II,S/D,S/D,Otra Señal,No existe,Paso a Nivel FFCC,Bueno,S/D,Amanecer,Buen Tiempo,Contra objeto fijo,S/D,"Colisión,Despiste",S/D,Horizontal,S/D,Sin restricción,POINT (-60.675245999999994 -32.9631605),"['Iriondo', 'Galvez']",2,Iriondo; José Gálvez,-32.9631605,-60.675246,55.0,538.0,Municipio Rosario,Municipio,Rosario,820210,Servicio de Catastro e Información Territorial,IGN
2012,8812,2012-06-25,Lunes,0.0,17:00:00,,0.0,2,"Moto/Ciclomotor,Automóvil",Av. Pte.Peron Y Lavalle,2,1,0,0,1,0,0,,Avenida,,ROSARIO,Rosario,Asfalto,No existe,II,S/D,S/D,Semáforo,Funciona,Intersección,Bueno,Buena,Diurna,Buen Tiempo,Lateral,S/D,Colisión,S/D,"Horizontal,Vertical",Cordón divisorio,Sin restricción,POINT (-60.682345749999996 -32.95743954999999),"['Avenida Presidente Perón', 'Lavalle']",2,Avenida Presidente Perón; Lavalle,-32.95743954999999,-60.68234575,55.0,538.0,Municipio Rosario,Municipio,Rosario,820210,Servicio de Catastro e Información Territorial,IGN
2012,8813,2012-06-24,Domingo,0.0,00:15:00,,0.0,1,Moto/Ciclomotor,Av. Pte.Peron Y Bv. Avellaneda,2,1,0,0,1,0,0,,S/D,,ROSARIO,Rosario,Asfalto,No existe,II,Dentro,Urbana,Semáforo,Intermitente,Intersección,S/D,Buena,"Nocturna,Con luz artificial",S/D,Contra objeto fijo,S/D,"Colisión,Despiste",S/D,"Horizontal,Vertical",Cordón divisorio,Sin restricción,POINT (-60.683816275 -32.957610325),"['Avenida Presidente Perón', 'Avellaneda']",2,Avenida Presidente Perón; Bulevar Nicolás Avellaneda,-32.957610325,-60.683816275,55.0,538.0,Municipio Rosario,Municipio,Rosario,820210,Servicio de Catastro e Información Territorial,IGN