anio_acci,nro_acci,fecha,desc_dia,fecha_aprox,hora_aprox,desc_ruta,km,cant_participantes,desc_participante,calle_avenida_km,total,heridos_leves,heridos_graves,heridos_gravisimos,ilesos,fallecidos,sin_datos,posicion_XY,desc_tipo_via,desc_ruta_ori,desc_loc,desc_dpto,desc_tipo_calzada,desc_tipo_banquina,desc_unidad_regional,desc_lugar_calzada,desc_zona,desc_prioridad,desc_estado_semaforo,desc_lugar_via,desc_estado_via,desc_estado_visibilidad,desc_luminosidad,desc_estado_clima,desc_tipo_colision,desc_tipo_atropello,desc_tipo_hecho,desc_pres_calzada,desc_senializacion,desc_separacion_via,desc_restriccion,forma_geocod,calle_lista,numero_calles,calles_osm,lat,lon,index_right,gid,fna,gna,nam,in1,fdc,sag
2012,8814,2012-06-24,Domingo,0.0,18:30:00,,0.0,2,"Automóvil,Automóvil",AV GODOY Y IRIONDO,3,2,0,0,1,0,0,,Avenida,,ROSARIO,Rosario,Asfalto,No existe,II,S/D,S/D,Semáforo,Funciona,Intersección,Bueno,S/D,Atardecer,S/D,De alcance,S/D,Colisión,S/D,Horizontal,Cordón divisorio,Sin restricción,POINT (-60.6735471 -32.956423000000015),"['Avenida Presidente Perón', 'Iriondo']",2,Avenida Presidente Perón; Iriondo,-32.956423000000015,-60.6735471,55.0,538.0,Municipio Rosario,Municipio,Rosario,820210,Servicio de Catastro e Información Territorial,IGN
2012,8815,2012-06-26,Martes,0.0,16:10:00,,0.0,2,"Bicicleta,Automóvil",Pasco Y Castellanos,2,1,0,0,1,0,0,,Calle,,ROSARIO,Rosario,Asfalto,No existe,II,S/D,S/D,Ninguna,No existe,Intersección,Bueno,Buena,Diurna,Buen Tiempo,De alcance,S/D,Atropello,S/D,Faltante,Cordón divisorio,Sin restricción,POINT (-60.6783875 -32.9529951),"['Pasco', 'Aaron Castellanos']",2,Pasco; Aaron Castellanos,-32.9529951,-60.6783875,55.0,538.0,Municipio Rosario,Municipio,Rosario,820210,Servicio de Catastro e Información Territorial,IGN
2012,8816,2012-06-25,Lunes,0.0,22:45:00,,0.0,2,"Moto/Ciclomotor,Automóvil",AV GODOY Y ALSINA,2,1,0,0,1,0,0,,Calle,,ROSARIO,Rosario,Asfalto,No existe,II,Dentro,Urbana,Semáforo,Funciona,Intersección,Bueno,S/D,Nocturna,S/D,Lateral,S/D,Colisión,S/D,Horizontal,Cordón divisorio,Sin restricción,POINT (-60.6808657 -32.95726585),"['Avenida Presidente Perón', 'Alsina']",2,Avenida Presidente Perón; Alsina,-32.95726585,-60.6808657,55.0,538.0,Municipio Rosario,Municipio,Rosario,820210,Servicio de Catastro e Información Territorial,IGN
2012,8817,2012-06-18,Lunes,0.0,12:30:00,,0.0,2,"Moto/Ciclomotor,Camión",Cerrito Y Rio De Janeiro,2,1,0,0,1,0,0,,Calle,,ROSARIO,Rosario,Asfalto,No existe,II,Dentro,Urbana,Ninguna,No existe,Intersección,Bueno,Buena,Diurna,S/D,Lateral,S/D,Colisión,S/D,Faltante,Cordón divisorio,Sin restricción,POINT (-60.684413400000004 -32.954302999999996),"['Cerrito', 'Río de Janeiro']",2,Cerrito; Río de Janeiro,-32.954303,-60.6844134,55.0,538.0,Municipio Rosario,Municipio,Rosario,820210,Servicio de Catastro e Información Territorial,IGN
2012,8818,2012-06-16,Sabado,0.0,17:00:00,,0.0,2,"Automóvil,Automóvil",Bv. Avellaneda Y Rueda,2,1,0,0,1,0,0,,Avenida,,ROSARIO,Rosario,Asfalto,S/D,II,Dentro,Urbana,Ninguna,No existe,Intersección,Bueno,Buena,Diurna,S/D,Lateral,S/D,Colisión,S/D,S/D,Cordón divisorio,Sin restricción,POINT (-60.6853512 -32.963739950000004),"['Avellaneda', 'Rueda']",2,Bulevar Nicolás Avellaneda; Rueda,-32.963739950000004,-60.6853512,55.0,538.0,Municipio Rosario,Municipio,Rosario,820210,Servicio de Catastro e Información Territorial,IGN
2012,8819,2012-06-14,Jueves,0.0,09:40:00,,0.0,2,"Moto/Ciclomotor,Otros",Pasco Y Gutenberg,2,1,0,0,1,0,0,,Calle,,ROSARIO,Rosario,Asfalto,S/D,II,Dentro,Urbana,Ninguna,No existe,Intersección,Bueno,Buena,Diurna,S/D,Lateral,S/D,Colisión,S/D,Faltante,Cordón divisorio,Sin restricción,POINT (-60.6906164 -32.9507873),"['Pasco', 'Gutenberg']",2,Pasco; Gutenberg,-32.9507873,-60.6906164,55.0,538.0,Municipio Rosario,Municipio,Rosario,820210,Servicio de Catastro e Información Territorial,IGN
2012,8820,2012-06-18,Lunes,0.0,15:30:00,,0.0,2,"Moto/Ciclomotor,Automóvil",Pje. Parker Y Viamonte,2,1,0,0,1,0,0,,Calle,,ROSARIO,Rosario,Asfalto,No existe,II,Dentro,Urbana,Ninguna,S/D,Intersección,Bueno,Buena,Diurna,Buen Tiempo,De alcance,S/D,Colisión,S/D,S/D,Cordón divisorio,Sin restricción,POINT (-60.6723363 -32.96003779999999),"['Parker', 'Viamonte']",2,Parker; Viamonte,-32.96003779999999,-60.6723363,55.0,538.0,Municipio Rosario,Municipio,Rosario,820210,Servicio de Catastro e Información Territorial,IGN
2012,8821,2012-06-27,Miercoles,0.0,17:45:00,,0.0,2,"Moto/Ciclomotor,Automóvil",Av. Pte.Peron Y Viamonte,2,1,0,0,1,0,0,,Avenida,,ROSARIO,Rosario,Asfalto,No existe,II,Dentro,Urbana,S/D,No existe,Intersección,Bueno,Buena,Atardecer,Buen Tiempo,Lateral,S/D,Colisión,S/D,Horizontal,Ninguna,S/D,POINT (-60.6850982 -32.95776095),"['Avenida Presidente Perón', 'Viamonte']",2,Avenida Presidente Perón; Viamonte,-32.95776095,-60.6850982,55.0,538.0,Municipio Rosario,Municipio,Rosario,820210,Servicio de Catastro e Información Territorial,IGN
2012,8822,2012-06-13,Miercoles,0.0,08:20:00,,0.0,2,"Moto/Ciclomotor,Automóvil",Colon Y Ituzaingo,3,2,0,0,1,0,0,,S/D,,ROSARIO,Rosario,Asfalto,No existe,II,S/D,S/D,Ninguna,No existe,Intersección,Bueno,Buena,Diurna,Buen Tiempo,Lateral,S/D,Colisión,S/D,S/D,Ninguna,Sin restricción,POINT (-60.62911900000001 -32.962965600000004),"['Colon', 'Ituzaingó']",2,Cristóbal Colón; Ituzaingó,-32.962965600000004,-60.62911900000001,55.0,538.0,Municipio Rosario,Municipio,Rosario,820210,Servicio de Catastro e Información Territorial,IGN
2012,8824,2012-06-12,Martes,0.0,20:00:00,,0.0,3,"Automóvil,Automóvil,Taxi/Remis",ALEM Y BV 27 DE FEBRERO,3,3,0,0,0,0,0,,Avenida,,ROSARIO,Rosario,Asfalto,No existe,II,Dentro,Urbana,Semáforo,Funciona,Intersección,Bueno,Buena,Nocturna,Buen Tiempo,Frontal,S/D,Colisión,S/D,Vertical,Ninguna,Sin restricción,POINT (-60.63361105 -32.96936275),"['Alem', '27 de Febrero']",2,Leandro N. Alem; Bulevar 27 de Febrero,-32.96936275,-60.63361105,55.0,538.0,Municipio Rosario,Municipio,Rosario,820210,Servicio de Catastro e Información Territorial,IGN
2012,8828,2012-06-08,Viernes,0.0,14:00:00,,0.0,2,"Moto/Ciclomotor,Automóvil",Benito Juarez Y España,2,1,0,0,1,0,0,,Calle,,ROSARIO,Rosario,Asfalto,No existe,II,Dentro,Urbana,S/D,S/D,Intersección,S/D,S/D,Diurna,S/D,Lateral,S/D,Colisión,S/D,S/D,Ninguna,Sin restricción,POINT (-60.6580006 -32.993194900000006),"['Benito Juárez', 'España']",2,Benito Juárez; España,-32.993194900000006,-60.6580006,55.0,538.0,Municipio Rosario,Municipio,Rosario,820210,Servicio de Catastro e Información Territorial,IGN
2012,8829,2012-06-08,Viernes,0.0,14:50:00,,0.0,2,"Moto/Ciclomotor,Automóvil",Bv. Oroño Y Biedma,2,1,0,0,1,0,0,,Avenida,,ROSARIO,Rosario,Asfalto,No existe,II,Dentro,Urbana,S/D,S/D,Intersección,Bueno,Buena,Diurna,S/D,Lateral,S/D,Colisión,S/D,S/D,"Cordón divisorio,Vegetación",Sin restricción,POINT (-60.66209965000001 -32.97866725),"['Bulevar Nicasio Oroño', 'Coronel Biedma']",2,Bulevar Nicasio Oroño; Coronel Biedma,-32.97866725,-60.66209965000001,55.0,538.0,Municipio Rosario,Municipio,Rosario,820210,Servicio de Catastro e Información Territorial,IGN
2012,8830,2012-06-07,Jueves,0.0,12:30:00,,0.0,2,"Bicicleta,Automóvil",San Martin Y Ameghino,2,1,0,0,1,0,0,,Avenida,,ROSARIO,Rosario,Asfalto,No existe,II,Dentro,Urbana,S/D,S/D,Intersección,Bueno,S/D,Diurna,S/D,S/D,S/D,Atropello,S/D,S/D,Ninguna,Sin restricción,POINT (-60.6460194 -32.987542250000004),"['San Martin', 'Ameghino']",2,José de San Martín; Ameghino,-32.987542250000004,-60.6460194,55.0,538.0,Municipio Rosario,Municipio,Rosario,820210,Servicio de Catastro e Información Territorial,IGN
2012,8831,2012-06-07,Jueves,0.0,12:20:00,,0.0,2,"Moto/Ciclomotor,Otros",Santiago Y Dr.Rivas,2,1,0,0,1,0,0,,Calle,,ROSARIO,Rosario,Asfalto,No existe,II,Dentro,Urbana,S/D,S/D,Intersección,Bueno,S/D,Diurna,S/D,Lateral,S/D,Colisión,S/D,S/D,Ninguna,Sin restricción,POINT (-60.66534680000001 -32.980489),"['Santiago', 'Doctor Francisco Riva']",2,Santiago; Doctor Francisco Riva,-32.980489,-60.66534680000001,55.0,538.0,Municipio Rosario,Municipio,Rosario,820210,Servicio de Catastro e Información Territorial,IGN
2012,8832,2012-06-07,Jueves,0.0,13:30:00,,0.0,2,"Moto/Ciclomotor,Automóvil",Dr.Rivas Y San Martin,3,2,0,0,1,0,0,,Avenida,,ROSARIO,Rosario,Asfalto,No existe,II,Dentro,Urbana,S/D,S/D,Recta,Bueno,S/D,Diurna,S/D,Lateral,S/D,Colisión,S/D,S/D,Ninguna,Sin restricción,POINT (-60.645282200000004 -32.984076599999995),"['Doctor Francisco Riva', 'San Martin']",2,Doctor Francisco Riva; José de San Martín,-32.984076599999995,-60.6452822,55.0,538.0,Municipio Rosario,Municipio,Rosario,820210,Servicio de Catastro e Información Territorial,IGN
2012,8833,2012-06-06,Miercoles,0.0,14:00:00,,0.0,2,"Automóvil,Camión",Sarmiento Y Callao,2,1,0,0,1,0,0,,Calle,,ROSARIO,Rosario,Asfalto,No existe,II,Dentro,Urbana,S/D,No existe,Intersección,S/D,Buena,Diurna,S/D,Lateral,S/D,Colisión,S/D,S/D,Ninguna,Sin restricción,POINT (-60.6718211 -32.98890930000001),"['Sarmiento', 'Callao']",2,Sarmiento; Callao,-32.98890930000001,-60.6718211,55.0,538.0,Municipio Rosario,Municipio,Rosario,820210,Servicio de Catastro e Información Territorial,IGN
2012,8834,2012-06-05,Martes,0.0,11:25:00,,0.0,2,"Automóvil,Automóvil",San Martin Y Av. Uriburu,2,1,0,0,0,0,1,,Avenida,,ROSARIO,Rosario,Asfalto,No existe,II,Dentro,Urbana,Semáforo,Funciona,Intersección,Bueno,Buena,Diurna,S/D,De alcance,S/D,Colisión,S/D,S/D,Ninguna,Sin restricción,POINT (-60.646703949999996 -32.99069289999999),"['San Martin', 'Uriburu']",2,José de San Martín; Avenida José Uriburu,-32.99069289999999,-60.64670395,55.0,538.0,Municipio Rosario,Municipio,Rosario,820210,Servicio de Catastro e Información Territorial,IGN
2012,8835,2012-06-05,Martes,0.0,13:00:00,,0.0,2,"Peatón,Moto/Ciclomotor",Dean Funes Y Av. Corrientes,2,1,0,0,1,0,0,,Avenida,,ROSARIO,Rosario,Asfalto,No existe,II,Dentro,Urbana,S/D,No existe,Intersección,Bueno,Buena,Diurna,Otro,S/D,S/D,Atropello,S/D,S/D,Ninguna,Sin restricción,POINT (-60.649731900000006 -32.97490649999999),"['Deán Gregorio Funes', 'Corrientes']",2,Deán Gregorio Funes; Corrientes,-32.97490649999999,-60.649731900000006,55.0,538.0,Municipio Rosario,Municipio,Rosario,820210,Servicio de Catastro e Información Territorial,IGN
2012,8836,2012-06-05,Martes,0.0,10:40:00,,0.0,2,"Pickup/Utilitario,Automóvil",Bv. Segui Y Av. Corrientes,2,1,0,0,1,0,0,,Avenida,,ROSARIO,Rosario,Asfalto,No existe,II,Dentro,Urbana,S/D,No existe,Intersección,Bueno,Buena,Diurna,S/D,Lateral,S/D,Colisión,S/D,S/D,"Cordón divisorio,Vegetación",Sin restricción,POINT (-60.65060229999999 -32.97832124999999),"['Bulevar Juan Francisco Seguí', 'Corrientes']",2,Bulevar Juan Francisco Seguí; Corrientes,-32.97832124999999,-60.65060229999999,55.0,538.0,Municipio Rosario,Municipio,Rosario,820210,Servicio de Catastro e Información Territorial,IGN
2012,8837,2012-06-02,Sabado,0.0,19:30:00,,0.0,2,"Moto/Ciclomotor,Automóvil",Bv. Segui Y Mitre,3,1,0,0,2,0,0,,Calle,,ROSARIO,Rosario,S/D,S/D,II,Dentro,Urbana,S/D,S/D,Intersección,Bueno,Buena,Atardecer,Buen Tiempo,Lateral,S/D,Colisión,S/D,S/D,S/D,S/D,POINT (-60.6477426 -32.97883275),"['Bulevar Juan Francisco Seguí', 'Mitre']",2,Bulevar Juan Francisco Seguí; Bartolomé Mitre,-32.97883275,-60.6477426,55.0,538.0,Municipio Rosario,Municipio,Rosario,820210,Servicio de Catastro e Información Territorial,IGN
2012,8838,2012-06-02,Sabado,0.0,12:50:00,,0.0,2,"Automóvil,Moto/Ciclomotor",Uruguay 2200,3,1,0,0,2,0,0,,Calle,,ROSARIO,Rosario,Asfalto,No existe,II,Dentro,Urbana,S/D,S/D,Intersección,Bueno,Buena,Diurna,Buen Tiempo,Lateral,S/D,Colisión,S/D,S/D,S/D,S/D,"-32.9690956, -60.730768",['Uruguay 2200'],1,Uruguay 2200,-32.9690956,-60.730768,55.0,538.0,Municipio Rosario,Municipio,Rosario,820210,Servicio de Catastro e Información Territorial,IGN
2012,8839,2012-06-03,Domingo,0.0,19:00:00,,0.0,2,"Peatón,Transporte de Pasajeros Urbano (> 8 asientos)",Av. Corrientes Y Pasco,1,1,0,0,0,0,0,,Calle,,ROSARIO,Rosario,Asfalto,S/D,II,Dentro,Urbana,S/D,S/D,Intersección,Bueno,Buena,Diurna,Buen Tiempo,S/D,S/D,Atropello,S/D,S/D,S/D,S/D,POINT (-60.6456329 -32.95882430000001),"['Corrientes', 'Pasco']",2,Corrientes; Pasco,-32.95882430000001,-60.6456329,55.0,538.0,Municipio Rosario,Municipio,Rosario,820210,Servicio de Catastro e Información Territorial,IGN
2012,8840,2012-06-12,Martes,0.0,19:00:00,,0.0,2,"Automóvil,Automóvil",Av. Ntra.Sra.del Rosario Y Pavon,2,1,0,0,1,0,0,,Avenida,,ROSARIO,Rosario,Asfalto,No existe,II,Dentro,Urbana,Ninguna,No existe,Intersección,Bueno,Buena,Nocturna,Buen Tiempo,Contra objeto fijo,S/D,Colisión,S/D,S/D,S/D,Sin restricción,POINT (-60.6341893 -32.9994749),"['Nuestra Señora del Rosario', 'Pavón']",2,Puente Nuestra Señora del Rosario; Pavón,-32.9994749,-60.6341893,55.0,538.0,Municipio Rosario,Municipio,Rosario,820210,Servicio de Catastro e Información Territorial,IGN
2012,8841,2012-06-12,Martes,0.0,15:40:00,,0.0,2,"Moto/Ciclomotor,Pickup/Utilitario",Av. Arijon Y Castro,2,1,0,0,1,0,0,,Calle,,ROSARIO,Rosario,Asfalto,No existe,II,Dentro,Urbana,Ninguna,No existe,Intersección,Bueno,Buena,Diurna,Buen Tiempo,Lateral,S/D,Colisión,S/D,S/D,Ninguna,Sin restricción,POINT (-60.6294302 -33.00246689999999),"['Avenida Manuel Arijón', 'Castro']",2,Avenida Manuel Arijón; Avenida Pedro de Castro Barros,-33.00246689999999,-60.6294302,55.0,538.0,Municipio Rosario,Municipio,Rosario,820210,Servicio de Catastro e Información Territorial,IGN
2012,8842,2012-06-01,Viernes,0.0,17:45:00,,0.0,2,"Moto/Ciclomotor,Automóvil",Bv. Segui Y Sarmiento,2,1,0,0,1,0,0,,Avenida,,ROSARIO,Rosario,S/D,S/D,II,Dentro,Urbana,S/D,S/D,Intersección,Bueno,Buena,Diurna,Buen Tiempo,Lateral,S/D,Colisión,S/D,S/D,S/D,S/D,POINT (-60.64638135 -32.9790819),"['Bulevar Juan Francisco Seguí', 'Sarmiento']",2,Bulevar Juan Francisco Seguí; Sarmiento,-32.9790819,-60.64638135,55.0,538.0,Municipio Rosario,Municipio,Rosario,820210,Servicio de Catastro e Información Territorial,IGN
2012,8843,2012-06-09,Sabado,0.0,15:35:00,,0.0,2,"Automóvil,Moto/Ciclomotor",Pje. Edison Y Ayacucho,3,2,0,0,1,0,0,,Calle,,ROSARIO,Rosario,Asfalto,No existe,II,Dentro,Urbana,Ninguna,No existe,Intersección,Bueno,Buena,Diurna,Buen Tiempo,Lateral,S/D,Colisión,S/D,S/D,S/D,Sin restricción,POINT (-60.6359211 -33.00544109999999),"['Edison', 'Ayacucho']",2,Edison; Ayacucho,-33.00544109999999,-60.6359211,55.0,538.0,Municipio Rosario,Municipio,Rosario,820210,Servicio de Catastro e Información Territorial,IGN
2012,8844,2012-06-08,Viernes,0.0,,,0.0,1,Automóvil,AV. NTRA. SRA. DEL ROSARIO Y COLECTORA,1,1,0,0,0,0,0,,Calle,,ROSARIO,Rosario,Asfalto,No existe,II,Dentro,Urbana,Ninguna,No existe,Intersección,Bueno,Buena,Diurna,Buen Tiempo,S/D,S/D,Vuelco,S/D,S/D,Ninguna,S/D,POINT (-60.6875991 -33.00126339999999),"['Nuestra Señora del Rosario', 'Colectora']",2,Puente Nuestra Señora del Rosario; Colectora Juan Pablo II,-33.00126339999999,-60.6875991,55.0,538.0,Municipio Rosario,Municipio,Rosario,820210,Servicio de Catastro e Información Territorial,IGN
2012,8845,2012-06-08,Viernes,0.0,13:30:00,,0.0,2,"Moto/Ciclomotor,Automóvil",Reg.11 de Infanteria Y Av. Bermudez,2,2,0,0,0,0,0,,Calle,,ROSARIO,Rosario,Asfalto,No existe,II,S/D,Urbana,Ninguna,No existe,Intersección,Bueno,Buena,Diurna,Buen Tiempo,Lateral,S/D,Colisión,S/D,S/D,Ninguna,S/D,POINT (-60.6427126 -32.9986296),"['Regimiento 11', 'Bermudez']",2,Regimiento 11; Avenida José Bermúdez,-32.9986296,-60.6427126,55.0,538.0,Municipio Rosario,Municipio,Rosario,820210,Servicio de Catastro e Información Territorial,IGN
2012,8846,2012-06-03,Domingo,0.0,08:30:00,,0.0,2,"Automóvil,Automóvil",Mr.Ross Y Paraguay,2,2,0,0,0,0,0,,Calle,,ROSARIO,Rosario,Asfalto,No existe,II,Dentro,Urbana,S/D,No existe,Intersección,Bueno,Buena,Diurna,S/D,Lateral,S/D,Colisión,S/D,S/D,Ninguna,Sin restricción,POINT (-60.6542864 -32.9872673),"['Rodrigo M. Ross', 'Paraguay']",2,Rodrigo M. Ross; Paraguay,-32.9872673,-60.6542864,55.0,538.0,Municipio Rosario,Municipio,Rosario,820210,Servicio de Catastro e Información Territorial,IGN
2012,8847,2012-06-04,Lunes,0.0,11:30:00,,0.0,2,"Moto/Ciclomotor,Automóvil",COLECTORA Y AV. NTRA. SRA. DEL ROSARIO,2,1,0,0,1,0,0,,Avenida,,ROSARIO,Rosario,Asfalto,S/D,II,Dentro,Urbana,Ninguna,S/D,Intersección,Bueno,Buena,Diurna,Buen Tiempo,Lateral,S/D,Colisión,S/D,S/D,Ninguna,Sin restricción,POINT (-60.6875991 -33.00126339999999),"['Colectora', 'Nuestra Señora del Rosario']",2,Colectora Juan Pablo II; Puente Nuestra Señora del Rosario,-33.00126339999999,-60.6875991,55.0,538.0,Municipio Rosario,Municipio,Rosario,820210,Servicio de Catastro e Información Territorial,IGN
2012,8848,2012-06-04,Lunes,0.0,09:30:00,,0.0,2,"Automóvil,Automóvil",Muñoz Y Salva,2,2,0,0,0,0,0,,Calle,,ROSARIO,Rosario,Asfalto,No existe,II,Dentro,Urbana,Ninguna,No existe,Intersección,Bueno,Buena,Diurna,Buen Tiempo,Lateral,S/D,Colisión,S/D,S/D,Ninguna,Sin restricción,POINT (-60.63997090000001 -33.0081069),"['Muñoz', 'Salva']",2,Osella Muñoz; Salvat,-33.0081069,-60.63997090000001,55.0,538.0,Municipio Rosario,Municipio,Rosario,820210,Servicio de Catastro e Información Territorial,IGN
2012,8849,2012-06-02,Sabado,0.0,,,0.0,2,"Moto/Ciclomotor,Automóvil",Av. Arijon 500,2,1,0,0,1,0,0,,Avenida,,ROSARIO,Rosario,Asfalto,No existe,II,Dentro,Urbana,Semáforo,Funciona,Recta,Bueno,Buena,S/D,Buen Tiempo,Lateral,S/D,Colisión,S/D,S/D,Ninguna,Sin restricción,"-33.0033024, -60.6572523",['Arijon 500'],1,Arijon 500,-33.0033024,-60.6572523,55.0,538.0,Municipio Rosario,Municipio,Rosario,820210,Servicio de Catastro e Información Territorial,IGN
2012,8850,2012-06-01,Viernes,0.0,17:40:00,,0.0,2,"Taxi/Remis,Moto/Ciclomotor",Av. Arijon Y Ayacucho,2,1,0,0,1,0,0,,Avenida,,ROSARIO,Rosario,Asfalto,No existe,II,Dentro,Urbana,Semáforo,Funciona,Intersección,Bueno,Buena,Atardecer,Buen Tiempo,S/D,S/D,Atropello,S/D,S/D,Línea divisoria pintada,Sin restricción,POINT (-60.6360487 -33.00266679999999),"['Avenida Manuel Arijón', 'Ayacucho']",2,Avenida Manuel Arijón; Ayacucho,-33.00266679999999,-60.6360487,55.0,538.0,Municipio Rosario,Municipio,Rosario,820210,Servicio de Catastro e Información Territorial,IGN
2012,8852,2012-06-01,Viernes,0.0,17:00:00,,0.0,2,"Moto/Ciclomotor,Automóvil",Saavedra Y Rodriguez,2,1,0,0,1,0,0,,Calle,,ROSARIO,Rosario,Asfalto,No existe,II,Dentro,Urbana,S/D,S/D,Intersección,Bueno,Buena,Diurna,Buen Tiempo,Lateral,S/D,Colisión,S/D,S/D,S/D,Sin restricción,POINT (-60.6666773 -32.97426459999999),"['Saavedra', 'Rodríguez']",2,Saavedra; Rodríguez de Escobedo,-32.97426459999999,-60.6666773,55.0,538.0,Municipio Rosario,Municipio,Rosario,820210,Servicio de Catastro e Información Territorial,IGN
2012,8853,2012-06-14,Jueves,0.0,15:30:00,,0.0,2,"Moto/Ciclomotor,Automóvil",Garibaldi Y J.M.de Rosas,2,1,0,0,1,0,0,,Calle,,ROSARIO,Rosario,Asfalto,No existe,II,Dentro,Urbana,S/D,No existe,Intersección,Bueno,Buena,Diurna,Buen Tiempo,Lateral,S/D,Colisión,S/D,S/D,S/D,Sin restricción,POINT (-60.641200100000006 -32.9871873),"['José Garibaldi', 'De Rosas']",2,José Garibaldi; Juan Manuel de Rosas,-32.9871873,-60.641200100000006,55.0,538.0,Municipio Rosario,Municipio,Rosario,820210,Servicio de Catastro e Información Territorial,IGN
2012,8854,2012-06-06,Miercoles,0.0,07:50:00,,0.0,2,"Moto/Ciclomotor,Automóvil",España Y Sanchez de Bustamante,3,2,0,0,1,0,0,,Calle,,ROSARIO,Rosario,Asfalto,No existe,II,Dentro,Urbana,Ninguna,No existe,Intersección,Bueno,Buena,Diurna,Buen Tiempo,Lateral,S/D,Colisión,S/D,Faltante,Ninguna,Sin restricción,POINT (-60.6576739 -33.0023214),"['España', 'Sánchez de Bustamante']",2,España; Sánchez de Bustamante,-33.0023214,-60.6576739,55.0,538.0,Municipio Rosario,Municipio,Rosario,820210,Servicio de Catastro e Información Territorial,IGN
2012,8855,2012-06-02,Sabado,0.0,20:00:00,,0.0,2,"Moto/Ciclomotor,Moto/Ciclomotor",Av. Uriburu Y Dorrego,2,1,0,0,1,0,0,,Avenida,,ROSARIO,Rosario,Asfalto,No existe,II,Dentro,Urbana,S/D,S/D,Intersección,Bueno,S/D,Nocturna,S/D,Lateral,S/D,Colisión,S/D,S/D,Ninguna,Sin restricción,POINT (-60.660994099999996 -32.99114285),"['Uriburu', 'Dorrego']",2,Avenida José Uriburu; Manuel Dorrego,-32.99114285,-60.6609941,55.0,538.0,Municipio Rosario,Municipio,Rosario,820210,Servicio de Catastro e Información Territorial,IGN
2012,8856,2012-06-01,Viernes,0.0,17:00:00,,0.0,2,"Moto/Ciclomotor,Automóvil",Av. Battle y Ordoñez Y España,2,1,0,0,1,0,0,,Calle,,ROSARIO,Rosario,Asfalto,No existe,II,Dentro,Urbana,Ninguna,No existe,Intersección,Deteriorada,Buena,Diurna,Buen Tiempo,Lateral,S/D,Colisión,S/D,Faltante,Ninguna,Sin restricción,POINT (-60.65730380000001 -33.00912425),"['Avenida Battle y Ordoñez', 'España']",2,Avenida Battle y Ordoñez; España,-33.00912425,-60.65730380000001,55.0,538.0,Municipio Rosario,Municipio,Rosario,820210,Servicio de Catastro e Información Territorial,IGN
2012,8857,2012-06-13,Miercoles,0.0,15:00:00,,0.0,2,"Moto/Ciclomotor,Automóvil",Dorrego Y Av. Arijon,2,1,0,0,1,0,0,,Avenida,,ROSARIO,Rosario,Asfalto,No existe,II,Dentro,Urbana,Otra Señal,Intermitente,Intersección,Deteriorada,Buena,Diurna,Buen Tiempo,Lateral,S/D,Colisión,S/D,Vertical,Línea divisoria pintada,Sin restricción,POINT (-60.660499800000004 -33.003405999999984),"['Dorrego', 'Avenida Manuel Arijón']",2,Manuel Dorrego; Avenida Manuel Arijón,-33.003405999999984,-60.6604998,55.0,538.0,Municipio Rosario,Municipio,Rosario,820210,Servicio de Catastro e Información Territorial,IGN
2012,8858,2012-06-14,Jueves,0.0,13:35:00,,0.0,2,"Moto/Ciclomotor,Taxi/Remis",Uriburu  Y Ayacucho,2,1,0,0,1,0,0,,Calle,,ROSARIO,Rosario,Asfalto,S/D,II,Dentro,Urbana,S/D,S/D,Intersección,Bueno,Buena,Diurna,Buen Tiempo,Lateral,S/D,Colisión,S/D,S/D,S/D,Sin restricción,POINT (-60.63691935000001 -32.990357849999995),"['Uriburu', 'Ayacucho']",2,Avenida José Uriburu; Ayacucho,-32.990357849999995,-60.63691935000001,55.0,538.0,Municipio Rosario,Municipio,Rosario,820210,Servicio de Catastro e Información Territorial,IGN
2012,8859,2012-06-14,Jueves,0.0,14:10:00,,0.0,2,"Moto/Ciclomotor,Pickup/Utilitario",Av. Battle y Ordoñez Y Italia,2,1,0,0,1,0,0,,Calle,,ROSARIO,Rosario,Asfalto,No existe,II,Dentro,Urbana,Ninguna,No existe,Intersección,Bueno,Buena,Diurna,Buen Tiempo,Lateral,S/D,Colisión,S/D,Faltante,Ninguna,Sin restricción,POINT (-60.65883935 -33.00917509999999),"['Avenida Battle y Ordoñez', 'Italia']",2,Avenida Battle y Ordoñez; Italia,-33.00917509999999,-60.65883935,55.0,538.0,Municipio Rosario,Municipio,Rosario,820210,Servicio de Catastro e Información Territorial,IGN