anio_acci,nro_acci,fecha,desc_dia,fecha_aprox,hora_aprox,desc_ruta,km,cant_participantes,desc_participante,calle_avenida_km,total,heridos_leves,heridos_graves,heridos_gravisimos,ilesos,fallecidos,sin_datos,posicion_XY,desc_tipo_via,desc_ruta_ori,desc_loc,desc_dpto,desc_tipo_calzada,desc_tipo_banquina,desc_unidad_regional,desc_lugar_calzada,desc_zona,desc_prioridad,desc_estado_semaforo,desc_lugar_via,desc_estado_via,desc_estado_visibilidad,desc_luminosidad,desc_estado_clima,desc_tipo_colision,desc_tipo_atropello,desc_tipo_hecho,desc_pres_calzada,desc_senializacion,desc_separacion_via,desc_restriccion,forma_geocod,calle_lista,numero_calles,calles_osm,lat,lon,index_right,gid,fna,gna,nam,in1,fdc,sag
2012,8860,2012-06-11,Lunes,0.0,21:40:00,,0.0,2,"Automóvil,Automóvil",Av. Arijon Y Pte.Roca,4,3,0,0,1,0,0,,Calle,,ROSARIO,Rosario,Asfalto,S/D,II,Dentro,Urbana,S/D,S/D,Recta,Bueno,Buena,Nocturna,Buen Tiempo,S/D,S/D,Colisión,S/D,S/D,S/D,Sin restricción,POINT (-60.65627085 -33.003274499999996),"['Avenida Manuel Arijón', 'Roca']",2,Avenida Manuel Arijón; Presidente Roca,-33.0032745,-60.65627085,55.0,538.0,Municipio Rosario,Municipio,Rosario,820210,Servicio de Catastro e Información Territorial,IGN
2012,8861,2012-06-10,Domingo,0.0,07:30:00,,0.0,2,"Moto/Ciclomotor,Automóvil",Av. Ntra.Sra.del Rosario Y Italia,3,2,0,0,1,0,0,,Avenida,,ROSARIO,Rosario,Asfalto,No existe,II,Dentro,Urbana,S/D,No existe,Intersección,Deteriorada,Buena,Diurna,Buen Tiempo,Lateral,S/D,Colisión,S/D,Faltante,Ninguna,Sin restricción,POINT (-60.6592342 -33.00039999999999),"['Nuestra Señora del Rosario', 'Italia']",2,Puente Nuestra Señora del Rosario; Italia,-33.00039999999999,-60.6592342,55.0,538.0,Municipio Rosario,Municipio,Rosario,820210,Servicio de Catastro e Información Territorial,IGN
2012,8862,2012-06-05,Martes,0.0,16:50:00,,0.0,2,"Moto/Ciclomotor,Automóvil",Av. Ntra.Sra.del Rosario Y Italia,2,1,0,0,1,0,0,,Calle,,ROSARIO,Rosario,Asfalto,No existe,II,Dentro,Urbana,Ninguna,No existe,Intersección,Bueno,Buena,Diurna,Buen Tiempo,Lateral,S/D,Colisión,S/D,Faltante,Ninguna,Sin restricción,POINT (-60.6592342 -33.00039999999999),"['Nuestra Señora del Rosario', 'Italia']",2,Puente Nuestra Señora del Rosario; Italia,-33.00039999999999,-60.6592342,55.0,538.0,Municipio Rosario,Municipio,Rosario,820210,Servicio de Catastro e Información Territorial,IGN
2012,8863,2012-06-08,Viernes,0.0,17:30:00,,0.0,2,"Automóvil,Pickup/Utilitario",Av. Battle y Ordoñez Y Buenos Aires,2,1,0,0,1,0,0,,Calle,,ROSARIO,Rosario,S/D,S/D,II,Dentro,Urbana,S/D,S/D,Recta,Bueno,Buena,Diurna,Buen Tiempo,S/D,S/D,Despiste,S/D,S/D,S/D,S/D,POINT (-60.6446941 -33.00881379999999),"['Avenida Battle y Ordoñez', 'Buenos Aires']",2,Avenida Battle y Ordoñez; Buenos Aires,-33.00881379999999,-60.6446941,55.0,538.0,Municipio Rosario,Municipio,Rosario,820210,Servicio de Catastro e Información Territorial,IGN
2012,8864,2012-06-14,Jueves,0.0,06:35:00,,0.0,2,"Moto/Ciclomotor,Automóvil",Av. Battle y Ordoñez Y Laprida,3,1,0,0,2,0,0,,Avenida,,ROSARIO,Rosario,Asfalto,S/D,II,Dentro,Urbana,S/D,S/D,Recta,Bueno,Buena,S/D,Buen Tiempo,De alcance,S/D,Colisión,S/D,S/D,S/D,Sin restricción,POINT (-60.64674879999999 -33.00887749999998),"['Avenida Battle y Ordoñez', 'Laprida']",2,Avenida Battle y Ordoñez; Francisco Narciso Laprida,-33.00887749999998,-60.64674879999999,55.0,538.0,Municipio Rosario,Municipio,Rosario,820210,Servicio de Catastro e Información Territorial,IGN
2012,8865,2012-06-11,Lunes,0.0,15:30:00,,0.0,2,"Automóvil,Moto/Ciclomotor",Av. Arijon Y Entre Rios,2,2,0,0,0,0,0,,Avenida,,ROSARIO,Rosario,S/D,S/D,II,Dentro,Urbana,S/D,S/D,Recta,Bueno,Buena,Diurna,Buen Tiempo,S/D,S/D,Colisión,S/D,S/D,S/D,S/D,POINT (-60.6517823 -33.00314459999999),"['Avenida Manuel Arijón', 'Entre Ríos']",2,Avenida Manuel Arijón; Entre Ríos,-33.00314459999999,-60.6517823,55.0,538.0,Municipio Rosario,Municipio,Rosario,820210,Servicio de Catastro e Información Territorial,IGN
2012,8866,2012-06-11,Lunes,0.0,15:20:00,,0.0,2,"Moto/Ciclomotor,Pickup/Utilitario",Av. Battle y Ordoñez Y Buenos Aires,2,1,0,0,1,0,0,,Avenida,,ROSARIO,Rosario,Asfalto,S/D,II,Dentro,Urbana,S/D,S/D,Intersección,Bueno,Buena,Diurna,Buen Tiempo,S/D,S/D,Colisión,S/D,S/D,S/D,Sin restricción,POINT (-60.6446941 -33.00881379999999),"['Avenida Battle y Ordoñez', 'Buenos Aires']",2,Avenida Battle y Ordoñez; Buenos Aires,-33.00881379999999,-60.6446941,55.0,538.0,Municipio Rosario,Municipio,Rosario,820210,Servicio de Catastro e Información Territorial,IGN
2012,8867,2012-06-03,Domingo,0.0,19:10:00,,0.0,2,"Moto/Ciclomotor,Automóvil",Av. Arijon Y Italia,2,1,0,0,1,0,0,,Avenida,,ROSARIO,Rosario,Asfalto,No existe,II,Dentro,Urbana,Semáforo,Intermitente,Intersección,Bueno,Buena,Nocturna,Buen Tiempo,Lateral,S/D,Colisión,S/D,Vertical,Ninguna,Sin restricción,POINT (-60.65911609999999 -33.00336659999999),"['Avenida Manuel Arijón', 'Italia']",2,Avenida Manuel Arijón; Italia,-33.00336659999999,-60.65911609999999,55.0,538.0,Municipio Rosario,Municipio,Rosario,820210,Servicio de Catastro e Información Territorial,IGN
2012,8868,2012-06-10,Domingo,0.0,15:30:00,,0.0,2,"Automóvil,Moto/Ciclomotor",AV. arijon  Y corrientes,2,1,0,0,1,0,0,,Avenida,,ROSARIO,Rosario,Asfalto,S/D,II,Dentro,Urbana,S/D,S/D,Recta,Bueno,Buena,Diurna,Buen Tiempo,S/D,S/D,Colisión,S/D,S/D,S/D,S/D,POINT (-60.6532343 -33.003188200000004),"['Avenida Manuel Arijón', 'Corrientes']",2,Avenida Manuel Arijón; Corrientes,-33.003188200000004,-60.6532343,55.0,538.0,Municipio Rosario,Municipio,Rosario,820210,Servicio de Catastro e Información Territorial,IGN
2012,8869,2012-06-13,Miercoles,0.0,20:00:00,,0.0,2,"Automóvil,Automóvil",Esmeralda Y Dr.Rivas,2,2,0,0,0,0,0,,Calle,,ROSARIO,Rosario,Asfalto,No existe,II,Dentro,Urbana,Marca Vial,No existe,Intersección,Bueno,Buena,"Nocturna,Con luz artificial",Buen Tiempo,Lateral,S/D,Colisión,S/D,Vertical,Ninguna,Sin restricción,POINT (-60.63082229999999 -32.9866911),"['Esmeralda', 'Doctor Francisco Riva']",2,Esmeralda; Doctor Francisco Riva,-32.9866911,-60.63082229999999,55.0,538.0,Municipio Rosario,Municipio,Rosario,820210,Servicio de Catastro e Información Territorial,IGN
2012,8870,2012-06-13,Miercoles,0.0,00:30:00,,0.0,2,"Moto/Ciclomotor,Automóvil",Amenabar Y Buenos Aires,2,1,0,0,1,0,0,,Calle,,ROSARIO,Rosario,Asfalto,No existe,II,Dentro,Urbana,Marca Vial,No existe,Intersección,Bueno,Buena,"Nocturna,Con luz artificial",Buen Tiempo,Lateral,S/D,Colisión,S/D,Vertical,Ninguna,Sin restricción,POINT (-60.639182299999995 -32.973197600000006),"['Amenabar', 'Buenos Aires']",2,José de Amenábar; Buenos Aires,-32.973197600000006,-60.6391823,55.0,538.0,Municipio Rosario,Municipio,Rosario,820210,Servicio de Catastro e Información Territorial,IGN
2012,8871,2012-06-10,Domingo,0.0,02:30:00,,0.0,2,"Moto/Ciclomotor,Automóvil",Ayolas Y J.M.de Rosas,3,2,0,0,1,0,0,,Calle,,ROSARIO,Rosario,Asfalto,No existe,II,Dentro,Urbana,Marca Vial,No existe,Intersección,Bueno,Buena,"Nocturna,Con luz artificial",Buen Tiempo,Lateral,S/D,Colisión,S/D,Vertical,Ninguna,Sin restricción,POINT (-60.6389095 -32.9780403),"['Ayolas', 'De Rosas']",2,Ayolas; Juan Manuel de Rosas,-32.9780403,-60.6389095,55.0,538.0,Municipio Rosario,Municipio,Rosario,820210,Servicio de Catastro e Información Territorial,IGN
2012,8872,2012-06-09,Sabado,0.0,15:55:00,,0.0,2,"Transporte de Pasajeros (H/ 8 asientos),Automóvil",lainez Y laprida,9,8,0,0,1,0,0,,Calle,,ROSARIO,Rosario,S/D,S/D,II,Dentro,Urbana,S/D,S/D,Recta,Bueno,Buena,Diurna,Buen Tiempo,S/D,S/D,Colisión,S/D,S/D,S/D,Sin restricción,POINT (-60.6468915 -33.00524060000001),"['Láinez', 'Laprida']",2,Láinez; Francisco Narciso Laprida,-33.00524060000001,-60.6468915,55.0,538.0,Municipio Rosario,Municipio,Rosario,820210,Servicio de Catastro e Información Territorial,IGN
2012,8873,2012-06-03,Domingo,0.0,22:35:00,,0.0,2,"Taxi/Remis,Automóvil",San Martin Y Khantuta,2,1,0,0,1,0,0,,Avenida,,ROSARIO,Rosario,S/D,S/D,II,Dentro,Urbana,S/D,S/D,Recta,Bueno,Buena,Nocturna,Buen Tiempo,S/D,S/D,Colisión,S/D,S/D,S/D,S/D,POINT (-60.6512752 -33.01204444999999),"['San Martin', 'Khantuta']",2,José de San Martín; Khantuta,-33.01204444999999,-60.6512752,55.0,538.0,Municipio Rosario,Municipio,Rosario,820210,Servicio de Catastro e Información Territorial,IGN
2012,8874,2012-06-01,Viernes,0.0,00:30:00,,0.0,2,"Moto/Ciclomotor,Taxi/Remis",Virasoro Y Necochea,3,2,0,0,1,0,0,,Calle,,ROSARIO,Rosario,Asfalto,No existe,II,Dentro,Urbana,Marca Vial,No existe,Intersección,Bueno,Buena,"Nocturna,Con luz artificial",Buen Tiempo,Lateral,S/D,Colisión,S/D,Vertical,Ninguna,Sin restricción,POINT (-60.63008000000001 -32.97240299999999),"['Virasoro', 'Necochea']",2,Benjamín Virasoro; Necochea,-32.97240299999999,-60.63008000000001,55.0,538.0,Municipio Rosario,Municipio,Rosario,820210,Servicio de Catastro e Información Territorial,IGN
2012,8875,2012-06-15,Viernes,0.0,19:30:00,,0.0,2,"Automóvil,Moto/Ciclomotor",San Martin Y Biedma,2,1,0,0,1,0,0,,Calle,,ROSARIO,Rosario,Asfalto,No existe,II,Dentro,Urbana,S/D,S/D,Intersección,S/D,S/D,S/D,S/D,Lateral,S/D,Colisión,S/D,S/D,Ninguna,Sin restricción,POINT (-60.64478916666667 -32.981649),"['San Martin', 'Coronel Biedma']",2,José de San Martín; Coronel Biedma,-32.981649,-60.64478916666667,55.0,538.0,Municipio Rosario,Municipio,Rosario,820210,Servicio de Catastro e Información Territorial,IGN
2012,8876,2012-05-25,Viernes,0.0,20:15:00,,0.0,2,"Moto/Ciclomotor,Automóvil",San Martin Y Saavedra,2,1,0,0,1,0,0,,Avenida,,ROSARIO,Rosario,S/D,S/D,II,Dentro,Urbana,S/D,S/D,Recta,S/D,Buena,Nocturna,Buen Tiempo,S/D,S/D,Colisión,S/D,S/D,S/D,S/D,POINT (-60.64439204999999 -32.978251650000004),"['San Martin', 'Saavedra']",2,José de San Martín; Saavedra,-32.978251650000004,-60.64439204999999,55.0,538.0,Municipio Rosario,Municipio,Rosario,820210,Servicio de Catastro e Información Territorial,IGN
2012,8877,2012-06-15,Viernes,0.0,19:15:00,,0.0,2,"Bicicleta,Automóvil",Uruguay 1100,2,1,0,0,1,0,0,,Calle,,ROSARIO,Rosario,Asfalto,No existe,II,S/D,Urbana,S/D,S/D,Intersección,S/D,S/D,Atardecer,S/D,S/D,S/D,Atropello,S/D,S/D,Ninguna,Sin restricción,"-32.9767282, -60.6455538",['Uruguay 1100'],1,Uruguay 1100,-32.9767282,-60.6455538,55.0,538.0,Municipio Rosario,Municipio,Rosario,820210,Servicio de Catastro e Información Territorial,IGN
2012,8878,2012-06-01,Viernes,0.0,19:30:00,,0.0,2,"Peatón,Moto/Ciclomotor",Alzugaray Y Laprida,2,1,0,0,1,0,0,,Calle,,ROSARIO,Rosario,Asfalto,S/D,II,Dentro,Urbana,S/D,S/D,Intersección,Bueno,Buena,Nocturna,Buen Tiempo,S/D,S/D,Colisión,S/D,S/D,S/D,Sin restricción,POINT (-60.6465591 -33.0129427),"['Alzugaray', 'Laprida']",2,Alzugaray; Francisco Narciso Laprida,-33.0129427,-60.6465591,55.0,538.0,Municipio Rosario,Municipio,Rosario,820210,Servicio de Catastro e Información Territorial,IGN
2012,8879,2012-06-15,Viernes,0.0,09:30:00,,0.0,2,"Automóvil,Moto/Ciclomotor",Bv. Segui Y Italia,2,1,0,0,1,0,0,,Avenida,,ROSARIO,Rosario,Asfalto,No existe,II,Dentro,Urbana,S/D,S/D,Intersección,S/D,S/D,Diurna,S/D,Lateral,S/D,Colisión,S/D,S/D,Ninguna,Sin restricción,POINT (-60.6560807 -32.977334),"['Bulevar Juan Francisco Seguí', 'Italia']",2,Bulevar Juan Francisco Seguí; Italia,-32.977334,-60.6560807,55.0,538.0,Municipio Rosario,Municipio,Rosario,820210,Servicio de Catastro e Información Territorial,IGN
2012,8880,2012-06-14,Jueves,0.0,13:30:00,,0.0,2,"Bicicleta,Automóvil",Bv. Segui Y Mitre,2,1,0,0,1,0,0,,Avenida,,ROSARIO,Rosario,Asfalto,No existe,II,Dentro,Urbana,S/D,S/D,Intersección,S/D,S/D,Diurna,S/D,Lateral,S/D,Colisión,S/D,S/D,Ninguna,Sin restricción,POINT (-60.6477426 -32.97883275),"['Bulevar Juan Francisco Seguí', 'Mitre']",2,Bulevar Juan Francisco Seguí; Bartolomé Mitre,-32.97883275,-60.6477426,55.0,538.0,Municipio Rosario,Municipio,Rosario,820210,Servicio de Catastro e Información Territorial,IGN
2012,8881,2012-06-14,Jueves,0.0,11:00:00,,0.0,2,"Moto/Ciclomotor,Automóvil",Bv. Segui Y Bv. Oroño,2,1,0,0,1,0,0,,Avenida,,ROSARIO,Rosario,Asfalto,No existe,I,Dentro,Urbana,S/D,S/D,Intersección,S/D,S/D,Diurna,S/D,Lateral,S/D,Colisión,S/D,S/D,Ninguna,Sin restricción,POINT (-60.661523700000004 -32.976367025),"['Bulevar Juan Francisco Seguí', 'Bulevar Nicasio Oroño']",2,Bulevar Juan Francisco Seguí; Bulevar Nicasio Oroño,-32.976367025,-60.6615237,55.0,538.0,Municipio Rosario,Municipio,Rosario,820210,Servicio de Catastro e Información Territorial,IGN
2012,8882,2012-06-01,Viernes,0.0,16:20:00,,0.0,2,"Moto/Ciclomotor,Automóvil",Av. Arijon Y Corrientes,4,2,1,0,1,0,0,,Avenida,,ROSARIO,Rosario,Asfalto,S/D,II,Dentro,Urbana,S/D,S/D,Intersección,Bueno,Buena,Diurna,Buen Tiempo,S/D,S/D,Colisión,S/D,S/D,S/D,S/D,POINT (-60.6532343 -33.003188200000004),"['Avenida Manuel Arijón', 'Corrientes']",2,Avenida Manuel Arijón; Corrientes,-33.003188200000004,-60.6532343,55.0,538.0,Municipio Rosario,Municipio,Rosario,820210,Servicio de Catastro e Información Territorial,IGN
2012,8883,2012-06-13,Miercoles,0.0,14:30:00,,0.0,2,"Moto/Ciclomotor,Taxi/Remis",San Martin Y Amenabar,2,1,0,0,1,0,0,,Avenida,,ROSARIO,Rosario,Asfalto,No existe,II,Dentro,Urbana,S/D,S/D,Intersección,Bueno,Buena,Diurna,Buen Tiempo,Lateral,S/D,Colisión,S/D,S/D,S/D,S/D,POINT (-60.6431535 -32.972471699999986),"['San Martin', 'Amenabar']",2,"('José de San Martín', 'José de Amenábar')",-32.972471699999986,-60.6431535,55.0,538.0,Municipio Rosario,Municipio,Rosario,820210,Servicio de Catastro e Información Territorial,IGN
2012,8884,2012-06-13,Miercoles,0.0,19:00:00,,0.0,2,"Peatón,Taxi/Remis",San Martin Y Reg.11 de Infanteria,2,1,0,0,1,0,0,,Avenida,,ROSARIO,Rosario,Asfalto,S/D,II,Dentro,Urbana,S/D,S/D,Intersección,Bueno,Buena,Atardecer,Buen Tiempo,Lateral,S/D,Atropello,S/D,S/D,S/D,Sin restricción,POINT (-60.64845245 -32.99880900000001),"['San Martin', 'Regimiento 11']",2,José de San Martín; Regimiento 11,-32.99880900000001,-60.64845245,55.0,538.0,Municipio Rosario,Municipio,Rosario,820210,Servicio de Catastro e Información Territorial,IGN
2012,8885,2012-06-12,Martes,0.0,16:40:00,,0.0,2,"Moto/Ciclomotor,Automóvil",av. san martin  Y av. del rosario,2,1,0,0,1,0,0,,Avenida,,ROSARIO,Rosario,Asfalto,No existe,II,Dentro,Urbana,S/D,S/D,Intersección,Bueno,Buena,Atardecer,Buen Tiempo,Lateral,S/D,Colisión,S/D,S/D,S/D,Sin restricción,POINT (-60.64865950000001 -32.999877549999994),"['San Martin', 'Rosario']",2,José de San Martín; Puente Nuestra Señora del Rosario,-32.999877549999994,-60.64865950000001,55.0,538.0,Municipio Rosario,Municipio,Rosario,820210,Servicio de Catastro e Información Territorial,IGN
2012,8886,2012-06-14,Jueves,0.0,14:40:00,,0.0,2,"Automóvil,Moto/Ciclomotor",Saavedra Y Bv. Oroño,2,1,0,0,1,0,0,,Avenida,,ROSARIO,Rosario,Asfalto,No existe,II,Dentro,Urbana,S/D,S/D,Intersección,S/D,S/D,Atardecer,S/D,Lateral,S/D,Colisión,S/D,S/D,Ninguna,Sin restricción,POINT (-60.6612381 -32.975227399999994),"['Saavedra', 'Bulevar Nicasio Oroño']",2,Saavedra; Bulevar Nicasio Oroño,-32.975227399999994,-60.6612381,55.0,538.0,Municipio Rosario,Municipio,Rosario,820210,Servicio de Catastro e Información Territorial,IGN
2012,8887,2012-06-12,Martes,0.0,10:00:00,,0.0,2,"Moto/Ciclomotor,Automóvil",Cortada Raffo  5100,2,1,0,0,1,0,0,,Calle,,ROSARIO,Rosario,Asfalto,No existe,II,Dentro,Urbana,S/D,S/D,Intersección,Bueno,Buena,Diurna,Buen Tiempo,Lateral,S/D,Colisión,S/D,S/D,S/D,S/D,"-32.9988516, -60.6499411",['Raffo 5100'],1,Raffo 5100,-32.9988516,-60.6499411,55.0,538.0,Municipio Rosario,Municipio,Rosario,820210,Servicio de Catastro e Información Territorial,IGN
2012,8888,2012-06-13,Miercoles,0.0,19:00:00,,0.0,2,"Bicicleta,Automóvil",Entre Rios Y Sanchez de Bustamante,3,1,0,0,2,0,0,,Calle,,ROSARIO,Rosario,Asfalto,No existe,II,Dentro,Urbana,S/D,S/D,Intersección,S/D,S/D,Atardecer,S/D,S/D,S/D,Atropello,S/D,S/D,Ninguna,Sin restricción,POINT (-60.6518161 -33.002103999999996),"['Entre Ríos', 'Sánchez de Bustamante']",2,Entre Ríos; Sánchez de Bustamante,-33.002104,-60.6518161,55.0,538.0,Municipio Rosario,Municipio,Rosario,820210,Servicio de Catastro e Información Territorial,IGN
2012,8889,2012-06-12,Martes,0.0,08:15:00,,0.0,2,"Moto/Ciclomotor,Automóvil",Mitre Y Bv. Segui,3,2,0,0,1,0,0,,Avenida,,ROSARIO,Rosario,Asfalto,No existe,II,Dentro,Urbana,S/D,S/D,Intersección,Bueno,Buena,Diurna,Buen Tiempo,Lateral,S/D,Colisión,S/D,S/D,S/D,Sin restricción,POINT (-60.6477426 -32.97883275),"['Mitre', 'Bulevar Juan Francisco Seguí']",2,Bartolomé Mitre; Bulevar Juan Francisco Seguí,-32.97883275,-60.6477426,55.0,538.0,Municipio Rosario,Municipio,Rosario,820210,Servicio de Catastro e Información Territorial,IGN
2012,8890,2012-06-13,Miercoles,0.0,19:30:00,,0.0,2,"Moto/Ciclomotor,Automóvil",Av. Uriburu Y Av. Corrientes,2,1,0,0,1,0,0,,Avenida,,ROSARIO,Rosario,Asfalto,No existe,II,Dentro,Urbana,S/D,S/D,Intersección,S/D,S/D,Atardecer,S/D,Lateral,S/D,Colisión,S/D,S/D,Ninguna,Sin restricción,POINT (-60.653706549999995 -32.99091685),"['Uriburu', 'Corrientes']",2,Avenida José Uriburu; Corrientes,-32.99091685,-60.65370655,55.0,538.0,Municipio Rosario,Municipio,Rosario,820210,Servicio de Catastro e Información Territorial,IGN
2012,8891,2012-06-13,Miercoles,0.0,16:50:00,,0.0,2,"Automóvil,Moto/Ciclomotor",Av. Corrientes 5500,2,1,0,0,1,0,0,,Avenida,,ROSARIO,Rosario,Asfalto,No existe,II,Dentro,Urbana,S/D,S/D,Intersección,S/D,S/D,Atardecer,S/D,Lateral,S/D,Colisión,S/D,S/D,Ninguna,S/D,"-32.990913, -60.6537067",['Corrientes 5500'],1,Corrientes 5500,-32.990913,-60.6537067,55.0,538.0,Municipio Rosario,Municipio,Rosario,820210,Servicio de Catastro e Información Territorial,IGN
2012,8892,2012-06-09,Sabado,0.0,19:30:00,,0.0,2,"Moto/Ciclomotor,Automóvil",24 De Setiembre Y Necochea,2,1,0,0,1,0,0,,Calle,,ROSARIO,Rosario,Asfalto,No existe,II,Dentro,Urbana,S/D,No existe,Intersección,Bueno,Buena,"Nocturna,Con luz artificial",Buen Tiempo,Frontal,S/D,Colisión,S/D,Vertical,S/D,Sin restricción,POINT (-60.63268289999999 -32.982739900000006),"['24 de Septiembre', 'Necochea']",2,24 de Septiembre; Necochea,-32.982739900000006,-60.63268289999999,55.0,538.0,Municipio Rosario,Municipio,Rosario,820210,Servicio de Catastro e Información Territorial,IGN
2012,8893,2012-06-09,Sabado,0.0,19:50:00,,0.0,2,"Moto/Ciclomotor,Automóvil",Garay Y J.M.de Rosas,4,2,0,0,2,0,0,,Calle,,ROSARIO,Rosario,Asfalto,No existe,II,Dentro,Urbana,Marca Vial,No existe,Intersección,Bueno,Buena,"Nocturna,Con luz artificial",Buen Tiempo,Lateral,S/D,Colisión,Otro,Vertical,Ninguna,Sin restricción,POINT (-60.638328 -32.975739499999996),"['Garay', 'De Rosas']",2,Juan de Garay; Juan Manuel de Rosas,-32.9757395,-60.638328,55.0,538.0,Municipio Rosario,Municipio,Rosario,820210,Servicio de Catastro e Información Territorial,IGN
2012,8894,2012-06-09,Sabado,0.0,16:35:00,,0.0,2,"Moto/Ciclomotor,Automóvil",Ayacucho Y Virasoro,3,2,0,0,1,0,0,,Calle,,ROSARIO,Rosario,Asfalto,No existe,II,Dentro,Urbana,Marca Vial,No existe,Intersección,Bueno,Buena,Atardecer,Buen Tiempo,Lateral,S/D,Colisión,S/D,Vertical,Ninguna,Sin restricción,POINT (-60.6328196 -32.9719441),"['Ayacucho', 'Virasoro']",2,Ayacucho; Benjamín Virasoro,-32.9719441,-60.6328196,55.0,538.0,Municipio Rosario,Municipio,Rosario,820210,Servicio de Catastro e Información Territorial,IGN
2012,8895,2012-06-09,Sabado,0.0,14:00:00,,0.0,2,"Moto/Ciclomotor,Automóvil",Buenos Aires Y Dr.Rivas,3,1,0,0,2,0,0,,Calle,,ROSARIO,Rosario,Asfalto,No existe,II,Dentro,Urbana,S/D,No existe,Intersección,Bueno,Buena,Diurna,Buen Tiempo,Lateral,S/D,Colisión,S/D,Vertical,S/D,Sin restricción,POINT (-60.64209 -32.9846811),"['Buenos Aires', 'Doctor Francisco Riva']",2,Buenos Aires; Doctor Francisco Riva,-32.9846811,-60.64209,55.0,538.0,Municipio Rosario,Municipio,Rosario,820210,Servicio de Catastro e Información Territorial,IGN
2012,8896,2012-06-08,Viernes,0.0,18:00:00,,0.0,2,"Moto/Ciclomotor,Automóvil",25 de diciembre  Y bv. segui ,3,2,0,0,1,0,0,,Calle,,ROSARIO,Rosario,Asfalto,No existe,II,Dentro,Urbana,S/D,No existe,Intersección,Bueno,Buena,"Atardecer,Con luz artificial",Buen Tiempo,Lateral,S/D,Colisión,S/D,Vertical,S/D,Sin restricción,POINT (-60.63947580000001 -32.98032074999999),"['Juan Manuel de Rosas', 'Bulevar Juan Francisco Seguí']",2,Juan Manuel de Rosas; Bulevar Juan Francisco Seguí,-32.98032074999999,-60.63947580000001,55.0,538.0,Municipio Rosario,Municipio,Rosario,820210,Servicio de Catastro e Información Territorial,IGN
2012,8897,2012-06-06,Miercoles,0.0,11:40:00,,0.0,2,"Moto/Ciclomotor,Automóvil",Ayacucho Y Amenabar,3,2,0,0,1,0,0,,Calle,,ROSARIO,Rosario,Asfalto,No existe,II,Dentro,Urbana,S/D,No existe,Intersección,Bueno,Buena,Diurna,Buen Tiempo,Lateral,S/D,Colisión,Otro,Vertical,S/D,S/D,POINT (-60.6333886 -32.9742331),"['Ayacucho', 'Amenabar']",2,Ayacucho; José de Amenábar,-32.9742331,-60.6333886,55.0,538.0,Municipio Rosario,Municipio,Rosario,820210,Servicio de Catastro e Información Territorial,IGN
2012,8898,2012-06-04,Lunes,0.0,18:55:00,,0.0,2,"Moto/Ciclomotor,Automóvil",Laprida 3400,3,2,0,0,1,0,0,,Calle,,ROSARIO,Rosario,Asfalto,No existe,II,Dentro,Urbana,S/D,No existe,Recta,Bueno,Buena,"Atardecer,Con luz artificial",Buen Tiempo,Lateral,S/D,Colisión,S/D,Vertical,S/D,Sin restricción,"-32.9773652, -60.6418932",['Laprida 3400'],1,Laprida 3400,-32.9773652,-60.6418932,55.0,538.0,Municipio Rosario,Municipio,Rosario,820210,Servicio de Catastro e Información Territorial,IGN
2012,8899,2012-06-04,Lunes,0.0,10:20:00,,0.0,2,"Automóvil,Transporte de Pasajeros Urbano (> 8 asientos)",Saavedra Y Buenos Aires,2,1,0,0,1,0,0,,Calle,,ROSARIO,Rosario,Asfalto,No existe,II,Dentro,Urbana,S/D,No existe,Intersección,Bueno,Buena,Diurna,Buen Tiempo,Lateral,S/D,Colisión,S/D,Vertical,S/D,Sin restricción,POINT (-60.6406363 -32.97893169999999),"['Saavedra', 'Buenos Aires']",2,Saavedra; Buenos Aires,-32.97893169999999,-60.6406363,55.0,538.0,Municipio Rosario,Municipio,Rosario,820210,Servicio de Catastro e Información Territorial,IGN
2012,8900,2012-06-01,Viernes,0.0,17:00:00,,0.0,2,"Moto/Ciclomotor,Automóvil",Maipu Y Garay,2,1,0,0,1,0,0,,Calle,,ROSARIO,Rosario,Asfalto,No existe,II,Dentro,Urbana,S/D,No existe,Intersección,Bueno,Buena,Diurna,Buen Tiempo,Lateral,S/D,Colisión,S/D,Vertical,S/D,Sin restricción,POINT (-60.64248510000001 -32.974995799999995),"['Maipú', 'Garay']",2,Maipú; Juan de Garay,-32.974995799999995,-60.64248510000001,55.0,538.0,Municipio Rosario,Municipio,Rosario,820210,Servicio de Catastro e Información Territorial,IGN
2012,8901,2012-06-01,Viernes,0.0,16:30:00,,0.0,2,"Pickup/Utilitario,Camión",Pte. Quintana Y alem,2,1,0,0,1,0,0,,Calle,,ROSARIO,Rosario,Asfalto,S/D,II,Dentro,Urbana,S/D,S/D,Intersección,Bueno,Buena,Diurna,Buen Tiempo,Lateral,S/D,Colisión,S/D,Vertical,S/D,Sin restricción,POINT (-60.6373705 -32.9843019),"['Quintana', 'Alem']",2,Presidente Quintana; Leandro N. Alem,-32.9843019,-60.6373705,55.0,538.0,Municipio Rosario,Municipio,Rosario,820210,Servicio de Catastro e Información Territorial,IGN