anio_acci,nro_acci,fecha,desc_dia,fecha_aprox,hora_aprox,desc_ruta,km,cant_participantes,desc_participante,calle_avenida_km,total,heridos_leves,heridos_graves,heridos_gravisimos,ilesos,fallecidos,sin_datos,posicion_XY,desc_tipo_via,desc_ruta_ori,desc_loc,desc_dpto,desc_tipo_calzada,desc_tipo_banquina,desc_unidad_regional,desc_lugar_calzada,desc_zona,desc_prioridad,desc_estado_semaforo,desc_lugar_via,desc_estado_via,desc_estado_visibilidad,desc_luminosidad,desc_estado_clima,desc_tipo_colision,desc_tipo_atropello,desc_tipo_hecho,desc_pres_calzada,desc_senializacion,desc_separacion_via,desc_restriccion,forma_geocod,calle_lista,numero_calles,calles_osm,lat,lon,index_right,gid,fna,gna,nam,in1,fdc,sag
2012,9018,2012-07-01,Domingo,0.0,18:40:00,,0.0,2,"Automóvil,Automóvil",Paraguay Y San Lorenzo,3,2,0,0,1,0,0,,Calle,,ROSARIO,Rosario,Asfalto,No existe,II,Dentro,Urbana,S/D,No existe,Intersección,Bueno,Buena,Atardecer,Buen Tiempo,Lateral,S/D,Colisión,S/D,Vertical,S/D,S/D,POINT (-60.643162000000004 -32.9431566),"['Paraguay', 'San Lorenzo']",2,Paraguay; San Lorenzo,-32.9431566,-60.643162,55.0,538.0,Municipio Rosario,Municipio,Rosario,820210,Servicio de Catastro e Información Territorial,IGN
2012,9019,2012-07-02,Lunes,0.0,13:30:00,,0.0,6,"Automóvil,Automóvil,Automóvil,Automóvil,Automóvil,Automóvil",Av. Wheelwright Y Dorrego,6,1,0,0,5,0,0,,Avenida,,ROSARIO,Rosario,Asfalto,No existe,II,Dentro,Urbana,S/D,No existe,Intersección,Bueno,Buena,Diurna,Buen Tiempo,"Contra objeto fijo,Múltiple",S/D,Colisión,S/D,Vertical,S/D,Sin restricción,POINT (-60.64646990000001 -32.93362040000001),"['Avenida Guillermo Wheelwright', 'Dorrego']",2,Avenida Guillermo Wheelwright; Manuel Dorrego,-32.93362040000001,-60.64646990000001,55.0,538.0,Municipio Rosario,Municipio,Rosario,820210,Servicio de Catastro e Información Territorial,IGN
2012,9020,2012-07-03,Martes,0.0,12:00:00,,0.0,2,"Moto/Ciclomotor,Automóvil",Jujuy Y Bv. Oroño,3,1,0,0,1,0,1,,Avenida,,ROSARIO,Rosario,Asfalto,No existe,II,Dentro,Urbana,S/D,No existe,Recta,Bueno,Buena,Diurna,Buen Tiempo,Lateral,S/D,Colisión,S/D,Faltante,S/D,Sin restricción,POINT (-60.65121175 -32.93554149999999),"['Jujuy', 'Bulevar Nicasio Oroño']",2,Jujuy; Bulevar Nicasio Oroño,-32.93554149999999,-60.65121175,55.0,538.0,Municipio Rosario,Municipio,Rosario,820210,Servicio de Catastro e Información Territorial,IGN
2012,9021,2012-07-05,Jueves,0.0,15:00:00,,0.0,1,,Sarmiento Y Santa Fe,2,1,0,0,1,0,0,,Calle,,ROSARIO,Rosario,Asfalto,No existe,II,Dentro,Urbana,S/D,Funciona,Intersección,Bueno,Buena,Diurna,Buen Tiempo,De alcance,S/D,Colisión,S/D,Vertical,S/D,Sin restricción,POINT (-60.6378673 -32.94513020000001),"['Sarmiento', 'Santa Fe']",2,Sarmiento; Santa Fe,-32.94513020000001,-60.6378673,55.0,538.0,Municipio Rosario,Municipio,Rosario,820210,Servicio de Catastro e Información Territorial,IGN
2012,9022,2012-07-05,Jueves,0.0,15:00:00,,0.0,2,"Taxi/Remis,Automóvil",Sarmiento Y Santa Fe,2,1,0,0,1,0,0,,Calle,,ROSARIO,Rosario,Asfalto,No existe,II,Dentro,Urbana,S/D,Funciona,Intersección,Bueno,Buena,Diurna,Buen Tiempo,De alcance,S/D,Colisión,S/D,Vertical,S/D,Sin restricción,POINT (-60.6378673 -32.94513020000001),"['Sarmiento', 'Santa Fe']",2,Sarmiento; Santa Fe,-32.94513020000001,-60.6378673,55.0,538.0,Municipio Rosario,Municipio,Rosario,820210,Servicio de Catastro e Información Territorial,IGN
2012,9024,2012-07-06,Viernes,0.0,08:20:00,,0.0,2,"Automóvil,Automóvil",Av. belgrano Y sgto. cabral,5,5,0,0,0,0,0,,Avenida,,ROSARIO,Rosario,Asfalto,No existe,II,Dentro,Urbana,S/D,Funciona,Intersección,Bueno,Buena,Diurna,Buen Tiempo,Lateral,S/D,Colisión,S/D,Vertical,S/D,S/D,POINT (-60.63405088333334 -32.94321101666666),"['Belgrano', 'Sargento Cabral']",2,Avenida Manuel Belgrano; Sargento Cabral,-32.94321101666666,-60.63405088333334,55.0,538.0,Municipio Rosario,Municipio,Rosario,820210,Servicio de Catastro e Información Territorial,IGN
2012,9032,2012-07-10,Martes,0.0,19:10:00,,0.0,2,"Automóvil,Automóvil",Av. Belgrano Y Laprida,3,0,0,0,2,0,1,,Avenida,,ROSARIO,Rosario,Asfalto,No existe,II,Dentro,Urbana,S/D,S/D,Intersección,Bueno,Buena,Atardecer,Buen Tiempo,Lateral,S/D,Colisión,S/D,Vertical,S/D,Sin restricción,POINT (-60.629682700000004 -32.965131725),"['Belgrano', 'Laprida']",2,Avenida Manuel Belgrano; Francisco Narciso Laprida,-32.965131725,-60.6296827,55.0,538.0,Municipio Rosario,Municipio,Rosario,820210,Servicio de Catastro e Información Territorial,IGN
2012,9034,2012-07-11,Miercoles,0.0,11:15:00,,0.0,2,"Peatón,Transporte de Pasajeros Urbano (> 8 asientos)",Sarmiento 600,2,1,0,0,1,0,0,,Calle,,ROSARIO,Rosario,Asfalto,No existe,II,Dentro,Urbana,S/D,Funciona,Recta,Bueno,Buena,Diurna,Buen Tiempo,Otro,S/D,Atropello,S/D,Vertical,S/D,Sin restricción,"-32.944068, -60.6376773",['Sarmiento 600'],1,Sarmiento 600,-32.944068,-60.6376773,55.0,538.0,Municipio Rosario,Municipio,Rosario,820210,Servicio de Catastro e Información Territorial,IGN
2012,9036,2012-07-11,Miercoles,0.0,14:40:00,,0.0,2,"Automóvil,Moto/Ciclomotor",Jujuy Y España,2,1,0,0,0,0,1,,Calle,,ROSARIO,Rosario,Asfalto,No existe,II,Dentro,Urbana,S/D,No existe,Intersección,Bueno,Buena,Diurna,Buen Tiempo,Lateral,S/D,Colisión,S/D,Faltante,S/D,Sin restricción,POINT (-60.64443049999999 -32.93677459999999),"['Jujuy', 'España']",2,Jujuy; España,-32.93677459999999,-60.64443049999999,55.0,538.0,Municipio Rosario,Municipio,Rosario,820210,Servicio de Catastro e Información Territorial,IGN
2012,9038,2012-07-13,Viernes,0.0,19:50:00,,0.0,3,"Automóvil,Automóvil,Automóvil",Santa Fe Y Av. Corrientes,4,1,0,0,2,0,1,,Avenida,,ROSARIO,Rosario,Asfalto,No existe,II,Dentro,Urbana,S/D,No existe,Intersección,Bueno,Buena,Nocturna,Buen Tiempo,De alcance,S/D,Colisión,S/D,Vertical,S/D,Sin restricción,POINT (-60.6420191 -32.9443578),"['Santa Fe', 'Corrientes']",2,Santa Fe; Corrientes,-32.9443578,-60.6420191,55.0,538.0,Municipio Rosario,Municipio,Rosario,820210,Servicio de Catastro e Información Territorial,IGN
2012,9040,2012-07-10,Martes,0.0,08:00:00,,0.0,2,"Automóvil,Automóvil",Av. Belgrano Y Buenos Aires,2,1,0,0,1,0,0,,Avenida,,ROSARIO,Rosario,Asfalto,No existe,II,Dentro,Urbana,S/D,Funciona,Intersección,Bueno,Buena,Diurna,Buen Tiempo,De alcance,S/D,Colisión,S/D,Vertical,S/D,Sin restricción,POINT (-60.63208483333333 -32.94541773333333),"['Belgrano', 'Buenos Aires']",2,Avenida Manuel Belgrano; Buenos Aires,-32.94541773333333,-60.63208483333333,55.0,538.0,Municipio Rosario,Municipio,Rosario,820210,Servicio de Catastro e Información Territorial,IGN
2012,9046,2012-07-17,Martes,0.0,05:30:00,,0.0,2,"Peatón,Automóvil",Italia Y Tucuman,2,1,0,0,1,0,0,,Calle,,ROSARIO,Rosario,Asfalto,No existe,II,Dentro,Urbana,S/D,No existe,Intersección,Bueno,Buena,"Nocturna,Con luz artificial",Buen Tiempo,Otro,S/D,Atropello,S/D,Faltante,S/D,Sin restricción,POINT (-60.6466936 -32.9400487),"['Italia', 'Tucumán']",2,Italia; Tucumán,-32.9400487,-60.6466936,55.0,538.0,Municipio Rosario,Municipio,Rosario,820210,Servicio de Catastro e Información Territorial,IGN
2012,9047,2012-07-17,Martes,0.0,14:40:00,,0.0,2,"Peatón,Transporte de Pasajeros Urbano (> 8 asientos)",San Lorenzo Y San Martin,2,1,0,0,1,0,0,,Calle,,ROSARIO,Rosario,Asfalto,No existe,II,Dentro,Urbana,S/D,No existe,Recta,Bueno,Buena,Diurna,Buen Tiempo,S/D,S/D,Atropello,S/D,Faltante,S/D,Sin restricción,POINT (-60.636237 -32.944804399999995),"['San Lorenzo', 'San Martin']",2,San Lorenzo; José de San Martín,-32.944804399999995,-60.636237,55.0,538.0,Municipio Rosario,Municipio,Rosario,820210,Servicio de Catastro e Información Territorial,IGN
2012,9050,2012-07-18,Miercoles,0.0,08:45:00,,0.0,2,"Taxi/Remis,Pickup/Utilitario",Italia Y Catamarca,2,1,0,0,1,0,0,,Calle,,ROSARIO,Rosario,Asfalto,No existe,II,Dentro,Urbana,S/D,No existe,Intersección,Bueno,Buena,Diurna,Buen Tiempo,De alcance,S/D,Colisión,S/D,Vertical,S/D,Sin restricción,POINT (-60.6463986 -32.938878100000004),"['Italia', 'Catamarca']",2,Italia; Catamarca,-32.938878100000004,-60.6463986,55.0,538.0,Municipio Rosario,Municipio,Rosario,820210,Servicio de Catastro e Información Territorial,IGN
2012,9052,2012-07-19,Jueves,0.0,20:00:00,,0.0,2,"Moto/Ciclomotor,Automóvil",Jujuy Y Alvear,2,1,0,0,1,0,0,,Calle,,ROSARIO,Rosario,Asfalto,No existe,II,Dentro,Urbana,S/D,No existe,Recta,Bueno,Buena,Nocturna,Buen Tiempo,De alcance,S/D,Colisión,S/D,Faltante,S/D,Sin restricción,POINT (-60.652614400000004 -32.935274099999994),"['Jujuy', 'Alvear']",2,Jujuy; Alvear,-32.935274099999994,-60.6526144,55.0,538.0,Municipio Rosario,Municipio,Rosario,820210,Servicio de Catastro e Información Territorial,IGN
2012,9053,2012-07-19,Jueves,0.0,11:00:00,,0.0,2,"Peatón,Transporte de Pasajeros Urbano (> 8 asientos)",Santa Fe Y Entre Rios,2,1,0,0,1,0,0,,Calle,,ROSARIO,Rosario,Asfalto,No existe,II,Dentro,Urbana,S/D,Funciona,Intersección,Bueno,Buena,Diurna,Buen Tiempo,Otro,S/D,Atropello,S/D,Vertical,S/D,Sin restricción,POINT (-60.6406208 -32.944621000000005),"['Santa Fe', 'Entre Ríos']",2,Santa Fe; Entre Ríos,-32.944621000000005,-60.6406208,55.0,538.0,Municipio Rosario,Municipio,Rosario,820210,Servicio de Catastro e Información Territorial,IGN
2012,9055,2012-07-19,Jueves,0.0,10:00:00,,0.0,2,"Automóvil,Automóvil",Tucuman Y Sarmiento,2,1,0,0,1,0,0,,Calle,,ROSARIO,Rosario,Asfalto,No existe,II,Dentro,Urbana,S/D,No existe,Recta,Bueno,Buena,Diurna,Buen Tiempo,De alcance,S/D,Colisión,S/D,Faltante,S/D,Sin restricción,POINT (-60.6370593 -32.9418483),"['Tucumán', 'Sarmiento']",2,Tucumán; Sarmiento,-32.9418483,-60.6370593,55.0,538.0,Municipio Rosario,Municipio,Rosario,820210,Servicio de Catastro e Información Territorial,IGN
2012,9058,2012-07-19,Jueves,0.0,09:00:00,,0.0,2,"Automóvil,Taxi/Remis",Urquiza Y Bv. Oroño,2,0,0,0,0,0,2,,Avenida,,ROSARIO,Rosario,Asfalto,S/D,II,Dentro,Urbana,S/D,S/D,Intersección,Bueno,S/D,S/D,Buen Tiempo,De alcance,S/D,Colisión,S/D,Vertical,S/D,Sin restricción,POINT (-60.652427200000005 -32.940226100000004),"['Urquiza', 'Bulevar Nicasio Oroño']",2,Justo José de Urquiza; Bulevar Nicasio Oroño,-32.940226100000004,-60.652427200000005,55.0,538.0,Municipio Rosario,Municipio,Rosario,820210,Servicio de Catastro e Información Territorial,IGN
2012,9060,2012-07-19,Jueves,0.0,20:30:00,,0.0,2,"Bicicleta,Automóvil",Jujuy Y Dorrego,2,1,0,0,0,0,1,,Calle,,ROSARIO,Rosario,Asfalto,No existe,II,Dentro,Urbana,S/D,No existe,Recta,Bueno,Buena,Diurna,Buen Tiempo,De alcance,S/D,Atropello,S/D,Faltante,S/D,S/D,POINT (-60.647131900000005 -32.9362996),"['Jujuy', 'Dorrego']",2,Jujuy; Manuel Dorrego,-32.9362996,-60.647131900000005,55.0,538.0,Municipio Rosario,Municipio,Rosario,820210,Servicio de Catastro e Información Territorial,IGN
2012,9065,2012-07-19,Jueves,0.0,21:15:00,,0.0,2,"Moto/Ciclomotor,Automóvil",Catamarca Y Paraguay,3,2,0,0,1,0,0,,Calle,,ROSARIO,Rosario,Asfalto,No existe,II,Dentro,Urbana,S/D,No existe,Intersección,Bueno,Buena,"Nocturna,Con luz artificial",Buen Tiempo,Frontal,S/D,Colisión,S/D,S/D,S/D,Sin restricción,POINT (-60.6422711 -32.93963970000001),"['Catamarca', 'Paraguay']",2,Catamarca; Paraguay,-32.93963970000001,-60.6422711,55.0,538.0,Municipio Rosario,Municipio,Rosario,820210,Servicio de Catastro e Información Territorial,IGN
2012,9071,2012-09-07,Viernes,0.0,17:00:00,,0.0,2,"Bicicleta,Moto/Ciclomotor",Mendoza Y Matienzo,3,0,0,0,2,1,0,,Avenida,,ROSARIO,Rosario,Hormigón,No existe,II,Dentro,Urbana,Semáforo,Funciona,Intersección,Bueno,Buena,Diurna,S/D,S/D,S/D,Atropello,S/D,Vertical,Ninguna,S/D,POINT (-60.69463329999999 -32.9416846),"['Mendoza', 'Matienzo']",2,Mendoza; Benjamín Matienzo,-32.9416846,-60.69463329999999,55.0,538.0,Municipio Rosario,Municipio,Rosario,820210,Servicio de Catastro e Información Territorial,IGN
2012,9077,2012-07-20,Viernes,0.0,02:50:00,,0.0,2,"Automóvil,Automóvil",Salta Y Pte.Roca,2,1,0,0,1,0,0,,Calle,,ROSARIO,Rosario,Asfalto,No existe,II,Dentro,Urbana,S/D,Funciona,Intersección,Bueno,Buena,Nocturna,Buen Tiempo,Lateral,S/D,Colisión,S/D,Vertical,S/D,Sin restricción,POINT (-60.6433407 -32.938203599999994),"['Salta', 'Roca']",2,Salta; Presidente Roca,-32.938203599999994,-60.6433407,55.0,538.0,Municipio Rosario,Municipio,Rosario,820210,Servicio de Catastro e Información Territorial,IGN
2012,9079,2012-07-20,Viernes,0.0,12:20:00,,0.0,2,"Peatón,Taxi/Remis",San Martin Y San Lorenzo,2,1,0,0,1,0,0,,Calle,,ROSARIO,Rosario,Asfalto,No existe,II,Dentro,Urbana,S/D,No existe,Recta,Bueno,Buena,Diurna,Buen Tiempo,Otro,S/D,Atropello,S/D,Horizontal,S/D,Sin restricción,POINT (-60.636237 -32.944804399999995),"['San Martin', 'San Lorenzo']",2,José de San Martín; San Lorenzo,-32.944804399999995,-60.636237,55.0,538.0,Municipio Rosario,Municipio,Rosario,820210,Servicio de Catastro e Información Territorial,IGN
2012,9084,2012-07-20,Viernes,0.0,17:30:00,,0.0,2,"Automóvil,Moto/Ciclomotor",Sgto Cabral Y Av. Belgrano,2,1,0,0,1,0,0,,Avenida,,ROSARIO,Rosario,Asfalto,No existe,II,Dentro,Urbana,S/D,No existe,Intersección,Bueno,Buena,Diurna,Buen Tiempo,De alcance,S/D,Colisión,S/D,Vertical,S/D,Sin restricción,POINT (-60.63405088333334 -32.94321101666666),"['Sargento Cabral', 'Belgrano']",2,Sargento Cabral; Avenida Manuel Belgrano,-32.94321101666666,-60.63405088333334,55.0,538.0,Municipio Rosario,Municipio,Rosario,820210,Servicio de Catastro e Información Territorial,IGN
2012,9087,2012-07-20,Viernes,0.0,18:10:00,,0.0,2,"Automóvil,Moto/Ciclomotor",Santa Fe Y Entre Rios,2,1,0,0,1,0,0,,Calle,,ROSARIO,Rosario,Asfalto,No existe,II,Dentro,Urbana,S/D,Funciona,Intersección,Bueno,Buena,Atardecer,Buen Tiempo,Lateral,S/D,Colisión,S/D,Vertical,S/D,Sin restricción,POINT (-60.6406208 -32.944621000000005),"['Santa Fe', 'Entre Ríos']",2,Santa Fe; Entre Ríos,-32.944621000000005,-60.6406208,55.0,538.0,Municipio Rosario,Municipio,Rosario,820210,Servicio de Catastro e Información Territorial,IGN
2012,9090,2012-07-21,Sabado,0.0,18:00:00,,0.0,2,"Automóvil,Moto/Ciclomotor",Av. Belgrano Y Buenos Aires,2,1,0,0,1,0,0,,Avenida,,ROSARIO,Rosario,Asfalto,No existe,II,Dentro,Urbana,S/D,Funciona,Intersección,Bueno,Buena,Atardecer,Buen Tiempo,Lateral,S/D,Colisión,S/D,Vertical,S/D,Sin restricción,POINT (-60.63208483333333 -32.94541773333333),"['Belgrano', 'Buenos Aires']",2,Avenida Manuel Belgrano; Buenos Aires,-32.94541773333333,-60.63208483333333,55.0,538.0,Municipio Rosario,Municipio,Rosario,820210,Servicio de Catastro e Información Territorial,IGN
2012,9094,2012-07-23,Lunes,0.0,02:00:00,,0.0,2,"Automóvil,Transporte de Pasajeros Urbano (> 8 asientos)",Tucuman Y Mitre,3,1,0,0,2,0,0,,Calle,,ROSARIO,Rosario,Asfalto,No existe,II,Dentro,Urbana,S/D,No existe,Intersección,Bueno,Buena,Nocturna,Buen Tiempo,Lateral,S/D,Colisión,S/D,Faltante,S/D,Sin restricción,POINT (-60.6383947 -32.94156490000001),"['Tucumán', 'Mitre']",2,Tucumán; Bartolomé Mitre,-32.94156490000001,-60.6383947,55.0,538.0,Municipio Rosario,Municipio,Rosario,820210,Servicio de Catastro e Información Territorial,IGN
2012,9100,2012-07-23,Lunes,0.0,10:30:00,,0.0,2,"Automóvil,Automóvil",Bv. Oroño Y Urquiza,3,2,0,0,1,0,0,,Avenida,,ROSARIO,Rosario,Asfalto,No existe,II,Dentro,Urbana,S/D,No existe,Intersección,Bueno,Buena,Diurna,Buen Tiempo,Frontal,S/D,Colisión,S/D,Vertical,S/D,Sin restricción,POINT (-60.652427200000005 -32.940226100000004),"['Bulevar Nicasio Oroño', 'Urquiza']",2,Bulevar Nicasio Oroño; Justo José de Urquiza,-32.940226100000004,-60.652427200000005,55.0,538.0,Municipio Rosario,Municipio,Rosario,820210,Servicio de Catastro e Información Territorial,IGN
2012,9102,2012-07-23,Lunes,0.0,12:30:00,,0.0,1,Transporte de Pasajeros Urbano (> 8 asientos),San Lorenzo Y Italia,2,1,0,0,0,0,1,,Calle,,ROSARIO,Rosario,Asfalto,No existe,II,Dentro,Urbana,S/D,No existe,Recta,Bueno,Buena,Diurna,Buen Tiempo,Otro,S/D,Caída ocupante,S/D,Faltante,S/D,Sin restricción,POINT (-60.647285499999995 -32.94240099999999),"['San Lorenzo', 'Italia']",2,San Lorenzo; Italia,-32.94240099999999,-60.6472855,55.0,538.0,Municipio Rosario,Municipio,Rosario,820210,Servicio de Catastro e Información Territorial,IGN
2012,9103,2012-07-23,Lunes,0.0,10:30:00,,0.0,3,"Automóvil,Automóvil,Taxi/Remis",España Y Urquiza,3,1,0,0,2,0,0,,Calle,,ROSARIO,Rosario,Asfalto,No existe,II,Dentro,Urbana,S/D,Funciona,Intersección,Bueno,Buena,Diurna,Buen Tiempo,Múltiple,S/D,Colisión,S/D,Vertical,S/D,Sin restricción,POINT (-60.6456136 -32.941480599999984),"['España', 'Urquiza']",2,España; Justo José de Urquiza,-32.941480599999984,-60.6456136,55.0,538.0,Municipio Rosario,Municipio,Rosario,820210,Servicio de Catastro e Información Territorial,IGN
2012,9105,2012-07-23,Lunes,0.0,10:30:00,,0.0,1,Automóvil,España Y Urquiza,3,1,0,0,2,0,0,,Calle,,ROSARIO,Rosario,Asfalto,No existe,II,Dentro,Urbana,S/D,Funciona,Intersección,Bueno,Buena,Diurna,Buen Tiempo,Múltiple,S/D,Colisión,S/D,Vertical,S/D,Sin restricción,POINT (-60.6456136 -32.941480599999984),"['España', 'Urquiza']",2,España; Justo José de Urquiza,-32.941480599999984,-60.6456136,55.0,538.0,Municipio Rosario,Municipio,Rosario,820210,Servicio de Catastro e Información Territorial,IGN
2012,9106,2012-07-25,Miercoles,0.0,13:00:00,,0.0,2,"Transporte de Pasajeros (H/ 8 asientos),Bicicleta",Santa Fe Y Paraguay,2,1,0,0,1,0,0,,Calle,,ROSARIO,Rosario,Asfalto,No existe,II,Dentro,Urbana,S/D,Funciona,Intersección,Bueno,Buena,Diurna,Buen Tiempo,De alcance,S/D,Colisión,Otro,Vertical,S/D,Sin restricción,POINT (-60.643403199999995 -32.9441108),"['Santa Fe', 'Paraguay']",2,Santa Fe; Paraguay,-32.9441108,-60.6434032,55.0,538.0,Municipio Rosario,Municipio,Rosario,820210,Servicio de Catastro e Información Territorial,IGN
2012,9111,2012-07-30,Lunes,0.0,19:20:00,,0.0,2,"Moto/Ciclomotor,Automóvil",Mitre 600,2,1,0,0,1,0,0,,Calle,,ROSARIO,Rosario,Asfalto,No existe,II,Dentro,Urbana,S/D,No existe,Intersección,Bueno,Buena,Atardecer,Buen Tiempo,Lateral,S/D,Colisión,S/D,S/D,S/D,Sin restricción,"-32.9437802, -60.6390408",['Mitre 600'],1,Mitre 600,-32.9437802,-60.6390408,55.0,538.0,Municipio Rosario,Municipio,Rosario,820210,Servicio de Catastro e Información Territorial,IGN
2012,9113,2012-07-02,Lunes,0.0,06:40:00,,0.0,2,"Peatón,Automóvil",Laprida Y Rioja,2,1,0,0,1,0,0,,Calle,,ROSARIO,Rosario,Asfalto,S/D,II,Dentro,Urbana,S/D,No existe,Intersección,Bueno,Buena,Diurna,Buen Tiempo,Otro,S/D,Atropello,S/D,S/D,S/D,Sin restricción,POINT (-60.63424869999999 -32.9485583),"['Laprida', 'Rioja']",2,Francisco Narciso Laprida; Rioja,-32.9485583,-60.63424869999999,55.0,538.0,Municipio Rosario,Municipio,Rosario,820210,Servicio de Catastro e Información Territorial,IGN
2012,9115,2012-07-01,Domingo,0.0,16:15:00,,0.0,1,Moto/Ciclomotor,Av. Corrientes Y San Luis,2,1,0,0,1,0,0,,Avenida,,ROSARIO,Rosario,Asfalto,S/D,II,Dentro,Urbana,S/D,S/D,Intersección,Bueno,Buena,Diurna,Buen Tiempo,Otro,S/D,Colisión,S/D,S/D,S/D,S/D,POINT (-60.6429694 -32.948293099999994),"['Corrientes', 'San Luis']",2,Corrientes; San Luis,-32.948293099999994,-60.6429694,55.0,538.0,Municipio Rosario,Municipio,Rosario,820210,Servicio de Catastro e Información Territorial,IGN
2012,9118,2012-07-02,Lunes,0.0,11:00:00,,0.0,2,"Moto/Ciclomotor,Automóvil",Mitre  Y ricardone,2,1,0,0,0,0,1,,Calle,,ROSARIO,Rosario,Asfalto,S/D,II,Dentro,Urbana,S/D,S/D,Intersección,Bueno,Buena,Diurna,Buen Tiempo,S/D,S/D,Colisión,S/D,S/D,S/D,Sin restricción,POINT (-60.640027599999996 -32.947941199999995),"['Mitre', 'Ricardone']",2,Bartolomé Mitre; Ricardone,-32.947941199999995,-60.6400276,55.0,538.0,Municipio Rosario,Municipio,Rosario,820210,Servicio de Catastro e Información Territorial,IGN
2012,9121,2012-07-03,Martes,0.0,15:25:00,,0.0,2,"Moto/Ciclomotor,Automóvil",Av. Corrientes Y Av. Pellegrini,3,2,0,0,1,0,0,,Avenida,,ROSARIO,Rosario,Asfalto,No existe,II,Dentro,Urbana,S/D,No existe,Intersección,Bueno,Buena,Diurna,Buen Tiempo,Otro,S/D,Colisión,S/D,S/D,S/D,Sin restricción,POINT (-60.645055850000006 -32.95655624999999),"['Corrientes', 'Pellegrini']",2,Corrientes; Avenida Carlos Pellegrini,-32.95655624999999,-60.645055850000006,55.0,538.0,Municipio Rosario,Municipio,Rosario,820210,Servicio de Catastro e Información Territorial,IGN
2012,9123,2012-07-03,Martes,0.0,,,0.0,2,"Moto/Ciclomotor,Automóvil",Balcarce Y Rioja,3,1,0,0,1,0,1,,Calle,,ROSARIO,Rosario,Asfalto,S/D,II,Dentro,Urbana,S/D,S/D,Intersección,Bueno,Buena,Diurna,Buen Tiempo,Otro,S/D,Colisión,S/D,S/D,S/D,Sin restricción,POINT (-60.6522012 -32.9451043),"['Balcarce', 'Rioja']",2,Balcarce; Rioja,-32.9451043,-60.6522012,55.0,538.0,Municipio Rosario,Municipio,Rosario,820210,Servicio de Catastro e Información Territorial,IGN
2012,9126,2012-07-04,Miercoles,0.0,18:05:00,,0.0,1,Peatón,Balcarce Y 3 De Febrero,2,1,0,0,0,0,1,,Calle,,ROSARIO,Rosario,Asfalto,S/D,II,Dentro,Urbana,S/D,S/D,Intersección,Bueno,Buena,Atardecer,Buen Tiempo,S/D,S/D,Atropello,S/D,S/D,S/D,Sin restricción,POINT (-60.6535421 -32.95033519999999),"['Balcarce', '3 de Febrero']",2,Balcarce; 3 de Febrero,-32.95033519999999,-60.6535421,55.0,538.0,Municipio Rosario,Municipio,Rosario,820210,Servicio de Catastro e Información Territorial,IGN
2012,9129,2012-07-04,Miercoles,0.0,17:30:00,,0.0,2,"Moto/Ciclomotor,Automóvil",Mariano Moreno Y San Juan,2,1,0,0,1,0,0,,Calle,,ROSARIO,Rosario,Asfalto,S/D,II,Dentro,Urbana,S/D,S/D,Intersección,Bueno,Buena,Diurna,Buen Tiempo,Otro,S/D,Colisión,S/D,S/D,S/D,Sin restricción,POINT (-60.651551100000006 -32.94793200000001),"['Mariano Moreno', 'San Juan']",2,Mariano Moreno; San Juan,-32.94793200000001,-60.651551100000006,55.0,538.0,Municipio Rosario,Municipio,Rosario,820210,Servicio de Catastro e Información Territorial,IGN
2012,9133,2012-07-05,Jueves,0.0,05:45:00,,0.0,2,"Moto/Ciclomotor,Ambulancia",Av. Pellegrini Y Av. Corrientes,2,1,0,0,0,0,1,,Avenida,,ROSARIO,Rosario,Asfalto,S/D,II,Dentro,Urbana,S/D,S/D,Intersección,Bueno,S/D,S/D,Buen Tiempo,Otro,S/D,Colisión,S/D,S/D,S/D,Sin restricción,POINT (-60.645055850000006 -32.95655624999999),"['Pellegrini', 'Corrientes']",2,Avenida Carlos Pellegrini; Corrientes,-32.95655624999999,-60.645055850000006,55.0,538.0,Municipio Rosario,Municipio,Rosario,820210,Servicio de Catastro e Información Territorial,IGN
2012,9135,2012-07-06,Viernes,0.0,09:50:00,,0.0,2,"Bicicleta,Automóvil",Av. Corrientes Y 3 De Febrero,2,1,0,0,1,0,0,,Avenida,,ROSARIO,Rosario,Asfalto,S/D,II,Dentro,Urbana,S/D,S/D,Intersección,Bueno,Buena,Diurna,Buen Tiempo,Otro,S/D,Atropello,S/D,S/D,S/D,Sin restricción,POINT (-60.6438985 -32.952018499999994),"['Corrientes', '3 de Febrero']",2,Corrientes; 3 de Febrero,-32.952018499999994,-60.6438985,55.0,538.0,Municipio Rosario,Municipio,Rosario,820210,Servicio de Catastro e Información Territorial,IGN
2012,9136,2012-07-07,Sabado,0.0,,,0.0,2,"Automóvil,Taxi/Remis",Dorrego 1300,2,1,0,0,1,0,0,,Calle,,ROSARIO,Rosario,Asfalto,S/D,II,Dentro,Urbana,S/D,S/D,Recta,Bueno,S/D,S/D,Buen Tiempo,Otro,S/D,Colisión,S/D,S/D,S/D,Sin restricción,"-32.9507142, -60.6508229",['Dorrego 1300'],1,Dorrego 1300,-32.9507142,-60.6508229,55.0,538.0,Municipio Rosario,Municipio,Rosario,820210,Servicio de Catastro e Información Territorial,IGN