anio_acci,nro_acci,fecha,desc_dia,fecha_aprox,hora_aprox,desc_ruta,km,cant_participantes,desc_participante,calle_avenida_km,total,heridos_leves,heridos_graves,heridos_gravisimos,ilesos,fallecidos,sin_datos,posicion_XY,desc_tipo_via,desc_ruta_ori,desc_loc,desc_dpto,desc_tipo_calzada,desc_tipo_banquina,desc_unidad_regional,desc_lugar_calzada,desc_zona,desc_prioridad,desc_estado_semaforo,desc_lugar_via,desc_estado_via,desc_estado_visibilidad,desc_luminosidad,desc_estado_clima,desc_tipo_colision,desc_tipo_atropello,desc_tipo_hecho,desc_pres_calzada,desc_senializacion,desc_separacion_via,desc_restriccion,forma_geocod,calle_lista,numero_calles,calles_osm,lat,lon,index_right,gid,fna,gna,nam,in1,fdc,sag
2012,9137,2012-07-08,Domingo,0.0,,,0.0,2,"Automóvil,Automóvil",Santa Fe Y Entre Rios,2,1,0,0,1,0,0,,Calle,,ROSARIO,Rosario,Asfalto,S/D,II,Dentro,Urbana,S/D,S/D,Intersección,Bueno,S/D,S/D,Buen Tiempo,S/D,S/D,Colisión,S/D,S/D,S/D,Sin restricción,POINT (-60.6406208 -32.944621000000005),"['Santa Fe', 'Entre Ríos']",2,Santa Fe; Entre Ríos,-32.944621000000005,-60.6406208,55.0,538.0,Municipio Rosario,Municipio,Rosario,820210,Servicio de Catastro e Información Territorial,IGN
2012,9140,2012-07-09,Lunes,0.0,15:00:00,,0.0,2,"Peatón,Moto/Ciclomotor",Av. Corrientes 1500,2,0,0,0,1,0,1,,Avenida,,ROSARIO,Rosario,Asfalto,S/D,II,Dentro,Urbana,S/D,S/D,Recta,Bueno,Buena,Diurna,Buen Tiempo,Otro,S/D,Atropello,S/D,S/D,S/D,Sin restricción,"-32.9541737, -60.6444998",['Corrientes 1500'],1,Corrientes 1500,-32.9541737,-60.6444998,55.0,538.0,Municipio Rosario,Municipio,Rosario,820210,Servicio de Catastro e Información Territorial,IGN
2012,9141,2012-07-10,Martes,0.0,20:50:00,,0.0,2,"Moto/Ciclomotor,Otros",E.Zeballos Y Av. Corrientes,2,1,0,0,0,0,1,,Avenida,,ROSARIO,Rosario,Asfalto,S/D,II,Dentro,Urbana,S/D,S/D,Intersección,Bueno,Buena,Nocturna,Buen Tiempo,Otro,S/D,Colisión,S/D,S/D,S/D,S/D,POINT (-60.6444742 -32.95427719999999),"['Zeballos', 'Corrientes']",2,Zeballos; Corrientes,-32.95427719999999,-60.6444742,55.0,538.0,Municipio Rosario,Municipio,Rosario,820210,Servicio de Catastro e Información Territorial,IGN
2012,9143,2012-07-11,Miercoles,0.0,,,0.0,2,"Moto/Ciclomotor,Automóvil",Av. Pellegrini Y Balcarce,2,1,0,0,1,0,0,,Avenida,,ROSARIO,Rosario,Asfalto,S/D,II,Dentro,Urbana,S/D,S/D,Intersección,Bueno,S/D,S/D,Buen Tiempo,S/D,S/D,Colisión,S/D,S/D,S/D,Sin restricción,POINT (-60.6546869 -32.954829399999994),"['Pellegrini', 'Balcarce']",2,Avenida Carlos Pellegrini; Balcarce,-32.954829399999994,-60.6546869,55.0,538.0,Municipio Rosario,Municipio,Rosario,820210,Servicio de Catastro e Información Territorial,IGN
2012,9145,2012-07-12,Jueves,0.0,17:00:00,,0.0,2,"Peatón,Moto/Ciclomotor",San Martin Y Av. Pellegrini,2,1,0,0,1,0,0,,Avenida,,ROSARIO,Rosario,Asfalto,S/D,II,Dentro,Urbana,S/D,S/D,Intersección,S/D,Buena,Diurna,Buen Tiempo,Otro,S/D,Atropello,S/D,S/D,S/D,Sin restricción,POINT (-60.68038573333334 -32.9696798),"['San Martin', 'Pellegrini']",2,José de San Martín; Avenida Carlos Pellegrini,-32.9696798,-60.68038573333334,55.0,538.0,Municipio Rosario,Municipio,Rosario,820210,Servicio de Catastro e Información Territorial,IGN
2012,9146,2012-07-12,Jueves,0.0,10:30:00,,0.0,2,"Peatón,Automóvil",Santa Fe Y Alvear,2,1,0,0,1,0,0,,Calle,,ROSARIO,Rosario,Asfalto,S/D,II,Dentro,Urbana,S/D,S/D,Intersección,Bueno,Buena,Diurna,Buen Tiempo,Otro,S/D,Atropello,S/D,S/D,S/D,S/D,POINT (-60.6543266 -32.94212459999999),"['Santa Fe', 'Alvear']",2,Santa Fe; Alvear,-32.94212459999999,-60.6543266,55.0,538.0,Municipio Rosario,Municipio,Rosario,820210,Servicio de Catastro e Información Territorial,IGN
2012,9149,2012-07-13,Viernes,0.0,18:45:00,,0.0,2,"Moto/Ciclomotor,Automóvil",Rioja Y Av. Corrientes,3,1,0,0,2,0,0,,Avenida,,ROSARIO,Rosario,Asfalto,S/D,II,Dentro,Urbana,S/D,S/D,Intersección,Bueno,Buena,Atardecer,Buen Tiempo,Otro,S/D,Colisión,S/D,S/D,S/D,Sin restricción,POINT (-60.6426087 -32.94686299999999),"['Rioja', 'Corrientes']",2,Rioja; Corrientes,-32.94686299999999,-60.6426087,55.0,538.0,Municipio Rosario,Municipio,Rosario,820210,Servicio de Catastro e Información Territorial,IGN
2012,9150,2012-07-13,Viernes,0.0,,,0.0,2,"Moto/Ciclomotor,Taxi/Remis",Av. Corrientes Y 3 De Febrero,2,1,0,0,1,0,0,,Avenida,,ROSARIO,Rosario,Asfalto,S/D,II,Dentro,Urbana,S/D,S/D,Intersección,Bueno,S/D,S/D,Buen Tiempo,Otro,S/D,Colisión,S/D,S/D,S/D,S/D,POINT (-60.6438985 -32.952018499999994),"['Corrientes', '3 de Febrero']",2,Corrientes; 3 de Febrero,-32.952018499999994,-60.6438985,55.0,538.0,Municipio Rosario,Municipio,Rosario,820210,Servicio de Catastro e Información Territorial,IGN
2012,9154,2012-07-14,Sabado,0.0,17:00:00,,0.0,2,"Moto/Ciclomotor,Automóvil",Alvear 1300,2,1,0,0,1,0,0,,Calle,,ROSARIO,Rosario,Asfalto,S/D,II,Dentro,Urbana,S/D,S/D,Recta,Bueno,Buena,Diurna,Buen Tiempo,Otro,S/D,Colisión,S/D,S/D,S/D,Sin restricción,"-32.9497478, -60.6563185",['Alvear 1300'],1,Alvear 1300,-32.9497478,-60.6563185,55.0,538.0,Municipio Rosario,Municipio,Rosario,820210,Servicio de Catastro e Información Territorial,IGN
2012,9157,2012-07-18,Miercoles,0.0,,,0.0,2,"Peatón,Automóvil",España Y Santa Fe,2,1,0,0,0,0,1,,Calle,,ROSARIO,Rosario,Asfalto,S/D,II,Dentro,Urbana,S/D,S/D,Intersección,Bueno,S/D,S/D,Buen Tiempo,Otro,S/D,Atropello,S/D,S/D,S/D,Sin restricción,POINT (-60.6461476 -32.943604900000004),"['España', 'Santa Fe']",2,España; Santa Fe,-32.943604900000004,-60.6461476,55.0,538.0,Municipio Rosario,Municipio,Rosario,820210,Servicio de Catastro e Información Territorial,IGN
2012,9160,2012-07-17,Martes,0.0,12:40:00,,0.0,2,"Bicicleta,Automóvil",Mitre Y San Juan,2,1,0,0,1,0,0,,Calle,,ROSARIO,Rosario,Asfalto,S/D,II,Dentro,Urbana,S/D,S/D,Intersección,Bueno,Buena,Diurna,Buen Tiempo,Otro,S/D,Atropello,S/D,S/D,S/D,Sin restricción,POINT (-60.64049610000001 -32.9499007),"['Mitre', 'San Juan']",2,Bartolomé Mitre; San Juan,-32.9499007,-60.64049610000001,55.0,538.0,Municipio Rosario,Municipio,Rosario,820210,Servicio de Catastro e Información Territorial,IGN
2012,9162,2012-07-17,Martes,0.0,20:10:00,,0.0,2,"Automóvil,Automóvil",Santa Fe Y Dorrego,4,2,0,0,2,0,0,,Calle,,ROSARIO,Rosario,Asfalto,S/D,II,Dentro,Urbana,S/D,Funciona,Intersección,Bueno,Buena,Nocturna,Buen Tiempo,Otro,S/D,Colisión,S/D,S/D,S/D,Sin restricción,POINT (-60.648860799999994 -32.94310639999999),"['Santa Fe', 'Dorrego']",2,Santa Fe; Manuel Dorrego,-32.94310639999999,-60.6488608,55.0,538.0,Municipio Rosario,Municipio,Rosario,820210,Servicio de Catastro e Información Territorial,IGN
2012,9164,2012-07-17,Martes,0.0,11:50:00,,0.0,2,"Bicicleta,Automóvil",Mendoza 1700,2,1,0,0,1,0,0,,Calle,,ROSARIO,Rosario,Asfalto,S/D,II,Dentro,Urbana,S/D,S/D,Recta,Bueno,Buena,Diurna,Buen Tiempo,S/D,S/D,Despiste,S/D,S/D,S/D,Sin restricción,"-32.9500215, -60.6476421",['Mendoza 1700'],1,Mendoza 1700,-32.9500215,-60.6476421,55.0,538.0,Municipio Rosario,Municipio,Rosario,820210,Servicio de Catastro e Información Territorial,IGN
2012,9168,2012-07-17,Martes,0.0,19:45:00,,0.0,2,"Taxi/Remis,Automóvil",San Juan Y Mariano Moreno,2,1,0,0,1,0,0,,Calle,,ROSARIO,Rosario,Asfalto,S/D,II,Dentro,Urbana,S/D,S/D,Intersección,Bueno,Buena,Atardecer,Buen Tiempo,Otro,S/D,Colisión,S/D,S/D,S/D,S/D,POINT (-60.651551100000006 -32.94793200000001),"['San Juan', 'Mariano Moreno']",2,San Juan; Mariano Moreno,-32.94793200000001,-60.651551100000006,55.0,538.0,Municipio Rosario,Municipio,Rosario,820210,Servicio de Catastro e Información Territorial,IGN
2012,9171,2012-07-17,Martes,0.0,17:45:00,,0.0,2,"Bicicleta,Moto/Ciclomotor",Bv. Oroño Y Santa Fe,2,2,0,0,0,0,0,,Calle,,ROSARIO,Rosario,Asfalto,S/D,II,Dentro,Urbana,S/D,S/D,Intersección,Bueno,Buena,Diurna,Buen Tiempo,Otro,S/D,Colisión,S/D,S/D,S/D,Sin restricción,POINT (-60.65298555 -32.94236794999999),"['Bulevar Nicasio Oroño', 'Santa Fe']",2,Bulevar Nicasio Oroño; Santa Fe,-32.94236794999999,-60.65298555,55.0,538.0,Municipio Rosario,Municipio,Rosario,820210,Servicio de Catastro e Información Territorial,IGN
2012,9172,2012-07-16,Lunes,0.0,10:40:00,,0.0,2,"Taxi/Remis,Transporte de Pasajeros Urbano (> 8 asientos)",Entre Rios Y 3 De Febrero,2,1,0,0,1,0,0,,Calle,,ROSARIO,Rosario,Asfalto,S/D,II,Dentro,Urbana,S/D,Funciona,Intersección,S/D,Buena,Diurna,Buen Tiempo,Otro,S/D,Colisión,S/D,S/D,S/D,Sin restricción,POINT (-60.6425086 -32.952261299999996),"['Entre Ríos', '3 de Febrero']",2,Entre Ríos; 3 de Febrero,-32.9522613,-60.6425086,55.0,538.0,Municipio Rosario,Municipio,Rosario,820210,Servicio de Catastro e Información Territorial,IGN
2012,9176,2012-07-16,Lunes,0.0,13:00:00,,0.0,2,"Bicicleta,Otros",San Juan Y Mariano Moreno,2,1,0,0,0,0,1,,Calle,,ROSARIO,Rosario,Asfalto,S/D,II,Dentro,Urbana,S/D,S/D,Intersección,Bueno,Buena,Diurna,Buen Tiempo,Lateral,S/D,Atropello,S/D,S/D,S/D,S/D,POINT (-60.651551100000006 -32.94793200000001),"['San Juan', 'Mariano Moreno']",2,San Juan; Mariano Moreno,-32.94793200000001,-60.651551100000006,55.0,538.0,Municipio Rosario,Municipio,Rosario,820210,Servicio de Catastro e Información Territorial,IGN
2012,9179,2012-07-16,Lunes,0.0,19:00:00,,0.0,3,"Peatón,Peatón,Automóvil",Av. Pellegrini Y Sarmiento,3,2,0,0,1,0,0,,Avenida,,ROSARIO,Rosario,Asfalto,S/D,II,Dentro,Urbana,S/D,S/D,Intersección,Bueno,Buena,Atardecer,Buen Tiempo,Otro,S/D,"Colisión,Atropello",S/D,S/D,S/D,Sin restricción,POINT (-60.6408663 -32.95730775),"['Pellegrini', 'Sarmiento']",2,Avenida Carlos Pellegrini; Sarmiento,-32.95730775,-60.6408663,55.0,538.0,Municipio Rosario,Municipio,Rosario,820210,Servicio de Catastro e Información Territorial,IGN
2012,9180,2012-07-16,Lunes,0.0,10:00:00,,0.0,2,"Taxi/Remis,Automóvil",Mitre Y Mendoza,3,1,0,0,2,0,0,,Calle,,ROSARIO,Rosario,Asfalto,S/D,II,Dentro,Urbana,S/D,S/D,Intersección,Bueno,Buena,Diurna,Buen Tiempo,Otro,S/D,Colisión,S/D,S/D,S/D,Sin restricción,POINT (-60.640847900000004 -32.95123559999999),"['Mitre', 'Mendoza']",2,Bartolomé Mitre; Mendoza,-32.95123559999999,-60.6408479,55.0,538.0,Municipio Rosario,Municipio,Rosario,820210,Servicio de Catastro e Información Territorial,IGN
2012,9182,2012-07-16,Lunes,0.0,11:30:00,,0.0,2,"Peatón,Otros",Cordoba Y Mitre,2,1,0,0,0,0,1,,Calle,,ROSARIO,Rosario,Asfalto,S/D,II,Dentro,Urbana,S/D,S/D,Intersección,Bueno,Buena,Diurna,Buen Tiempo,Otro,S/D,Atropello,S/D,S/D,S/D,Sin restricción,POINT (-60.639588999999994 -32.9461704),"['Córdoba', 'Mitre']",2,Córdoba; Bartolomé Mitre,-32.9461704,-60.639589,55.0,538.0,Municipio Rosario,Municipio,Rosario,820210,Servicio de Catastro e Información Territorial,IGN
2012,9185,2012-07-16,Lunes,0.0,10:00:00,,0.0,2,"Peatón,Taxi/Remis",San Juan Y Paraguay,2,1,0,0,1,0,0,,Calle,,ROSARIO,Rosario,Asfalto,S/D,II,Dentro,Urbana,S/D,S/D,Intersección,Bueno,Buena,Diurna,Buen Tiempo,Otro,S/D,Atropello,S/D,S/D,S/D,S/D,POINT (-60.64466079999999 -32.94915720000001),"['San Juan', 'Paraguay']",2,San Juan; Paraguay,-32.94915720000001,-60.64466079999999,55.0,538.0,Municipio Rosario,Municipio,Rosario,820210,Servicio de Catastro e Información Territorial,IGN
2012,9188,2012-07-19,Jueves,0.0,18:50:00,,0.0,2,"Moto/Ciclomotor,Taxi/Remis",Mariano Moreno Y San Juan,2,1,0,0,1,0,0,,Calle,,ROSARIO,Rosario,Asfalto,S/D,II,Dentro,Urbana,S/D,S/D,Intersección,Bueno,Buena,Diurna,Buen Tiempo,Otro,S/D,Colisión,S/D,S/D,S/D,Sin restricción,POINT (-60.651551100000006 -32.94793200000001),"['Mariano Moreno', 'San Juan']",2,Mariano Moreno; San Juan,-32.94793200000001,-60.651551100000006,55.0,538.0,Municipio Rosario,Municipio,Rosario,820210,Servicio de Catastro e Información Territorial,IGN
2012,9190,2012-07-20,Viernes,0.0,00:10:00,,0.0,2,"Peatón,Automóvil",Dorrego 1054,2,1,0,0,1,0,0,,Calle,,ROSARIO,Rosario,Asfalto,S/D,II,Dentro,Urbana,S/D,S/D,Recta,Bueno,S/D,S/D,Buen Tiempo,Otro,S/D,Atropello,S/D,S/D,S/D,Sin restricción,"-32.94767075, -60.65020592323009",['Dorrego 1054'],1,Dorrego 1054,-32.94767075,-60.65020592323009,55.0,538.0,Municipio Rosario,Municipio,Rosario,820210,Servicio de Catastro e Información Territorial,IGN
2012,9193,2012-07-20,Viernes,0.0,00:10:00,,0.0,2,"Automóvil,Automóvil",Dorrego 1054,2,1,0,0,1,0,0,,Calle,,ROSARIO,Rosario,Asfalto,S/D,II,Dentro,Urbana,S/D,S/D,Recta,Bueno,Buena,Nocturna,Buen Tiempo,Otro,S/D,Colisión,S/D,S/D,S/D,Sin restricción,"-32.94767075, -60.65020592323009",['Dorrego 1054'],1,Dorrego 1054,-32.94767075,-60.65020592323009,55.0,538.0,Municipio Rosario,Municipio,Rosario,820210,Servicio de Catastro e Información Territorial,IGN
2012,9199,2012-07-21,Sabado,0.0,05:30:00,,0.0,2,"Taxi/Remis,Otros",Sarmiento Y Mendoza,3,2,0,0,1,0,0,,Calle,,ROSARIO,Rosario,Asfalto,S/D,II,Dentro,Urbana,S/D,S/D,Intersección,Bueno,Buena,Diurna,Buen Tiempo,Otro,S/D,Colisión,S/D,S/D,S/D,Sin restricción,POINT (-60.6394302 -32.9514704),"['Sarmiento', 'Mendoza']",2,Sarmiento; Mendoza,-32.9514704,-60.6394302,55.0,538.0,Municipio Rosario,Municipio,Rosario,820210,Servicio de Catastro e Información Territorial,IGN
2012,9201,2012-07-22,Domingo,0.0,05:50:00,,0.0,2,"Moto/Ciclomotor,Moto/Ciclomotor",Av. Corrientes Y San Juan,2,2,0,0,0,0,0,,Calle,,ROSARIO,Rosario,Asfalto,S/D,II,Dentro,Urbana,S/D,S/D,Intersección,Bueno,S/D,S/D,Buen Tiempo,Otro,S/D,Colisión,S/D,S/D,S/D,Sin restricción,POINT (-60.63122440000001 -32.96948693333332),"['Corrientes', 'San Juan']",2,Corrientes; San Juan,-32.96948693333332,-60.63122440000001,55.0,538.0,Municipio Rosario,Municipio,Rosario,820210,Servicio de Catastro e Información Territorial,IGN
2012,9202,2012-07-23,Lunes,0.0,16:00:00,,0.0,2,"Automóvil,Automóvil",Cordoba 2200,3,1,0,0,2,0,0,,Calle,,ROSARIO,Rosario,Asfalto,S/D,II,Dentro,Urbana,S/D,S/D,Recta,Bueno,Buena,Diurna,Buen Tiempo,Otro,S/D,Colisión,S/D,S/D,S/D,Sin restricción,"-32.943637, -60.6534861",['Cordoba 2200'],1,Cordoba 2200,-32.943637,-60.6534861,55.0,538.0,Municipio Rosario,Municipio,Rosario,820210,Servicio de Catastro e Información Territorial,IGN
2012,9203,2012-07-27,Viernes,0.0,12:00:00,,0.0,2,"Peatón,Otros",Av. Pellegrini Y Entre Rios,2,1,0,0,0,0,1,,Avenida,,ROSARIO,Rosario,Asfalto,S/D,II,Dentro,Urbana,S/D,S/D,Intersección,Bueno,Buena,Diurna,Buen Tiempo,Otro,S/D,Atropello,S/D,S/D,S/D,Sin restricción,POINT (-60.6436612 -32.95680645),"['Pellegrini', 'Entre Ríos']",2,Avenida Carlos Pellegrini; Entre Ríos,-32.95680645,-60.6436612,55.0,538.0,Municipio Rosario,Municipio,Rosario,820210,Servicio de Catastro e Información Territorial,IGN
2012,9205,2012-07-02,Lunes,0.0,15:40:00,,0.0,3,"Camión,Automóvil,Automóvil",Mendoza Y Magallanes,4,1,0,0,3,0,0,,Calle,,ROSARIO,Rosario,Asfalto,No existe,II,Dentro,Urbana,S/D,Funciona,Intersección,Bueno,Buena,Diurna,Buen Tiempo,De alcance,S/D,Colisión,S/D,Vertical,S/D,Sin restricción,POINT (-60.70449825 -32.940009499999995),"['Mendoza', 'Magallanes']",2,Mendoza; Magallanes,-32.940009499999995,-60.70449825,55.0,538.0,Municipio Rosario,Municipio,Rosario,820210,Servicio de Catastro e Información Territorial,IGN
2012,9208,2012-06-22,Viernes,0.0,16:20:00,,0.0,2,"Moto/Ciclomotor,Otros",Mendoza Y Roullon,2,0,1,0,0,0,1,,Calle,,ROSARIO,Rosario,Asfalto,No existe,II,Dentro,Urbana,S/D,Funciona,Intersección,Bueno,Buena,Diurna,Buen Tiempo,S/D,S/D,Colisión,S/D,Vertical,S/D,Sin restricción,POINT (-60.7022742 -32.94027259999999),"['Mendoza', 'Alfredo Rouillón']",2,Mendoza; Alfredo Rouillón,-32.94027259999999,-60.7022742,55.0,538.0,Municipio Rosario,Municipio,Rosario,820210,Servicio de Catastro e Información Territorial,IGN
2012,9209,2012-07-03,Martes,0.0,06:50:00,,0.0,2,"Moto/Ciclomotor,Transporte de Pasajeros Urbano (> 8 asientos)",Mendoza Y Magallanes,2,1,0,0,1,0,0,,Calle,,ROSARIO,Rosario,Asfalto,No existe,II,Dentro,Urbana,S/D,Funciona,Intersección,Bueno,Buena,Diurna,Buen Tiempo,S/D,S/D,Colisión,S/D,Vertical,S/D,Sin restricción,POINT (-60.70449825 -32.940009499999995),"['Mendoza', 'Magallanes']",2,Mendoza; Magallanes,-32.940009499999995,-60.70449825,55.0,538.0,Municipio Rosario,Municipio,Rosario,820210,Servicio de Catastro e Información Territorial,IGN
2012,9211,2012-07-03,Martes,0.0,19:00:00,,0.0,2,"Moto/Ciclomotor,Automóvil",Gutenberg Y Montevideo,2,1,0,0,1,0,0,,Calle,,ROSARIO,Rosario,Asfalto,No existe,II,Dentro,Urbana,S/D,No existe,Intersección,Bueno,Buena,Atardecer,Buen Tiempo,S/D,S/D,Colisión,S/D,S/D,S/D,S/D,POINT (-60.6897468 -32.947364699999994),"['Gutenberg', 'Montevideo']",2,Gutenberg; Montevideo,-32.947364699999994,-60.6897468,55.0,538.0,Municipio Rosario,Municipio,Rosario,820210,Servicio de Catastro e Información Territorial,IGN
2012,9212,2012-07-06,Viernes,0.0,11:45:00,,0.0,3,"Automóvil,Automóvil,Automóvil",Av. Pellegrini 4900,3,1,0,0,2,0,0,,Avenida,,ROSARIO,Rosario,Asfalto,S/D,II,Dentro,Urbana,S/D,No existe,Recta,S/D,S/D,Diurna,Buen Tiempo,S/D,S/D,Colisión,S/D,Horizontal,S/D,Sin restricción,"-32.9479395, -60.6924736",['Pellegrini 4900'],1,Pellegrini 4900,-32.9479395,-60.6924736,55.0,538.0,Municipio Rosario,Municipio,Rosario,820210,Servicio de Catastro e Información Territorial,IGN
2012,9213,2012-07-07,Sabado,0.0,10:00:00,,0.0,2,"Automóvil,Pickup/Utilitario",Av. Pellegrini Y Fraga,3,1,0,0,2,0,0,,Calle,,ROSARIO,Rosario,Asfalto,No existe,II,Dentro,Urbana,S/D,Funciona,Intersección,Bueno,Buena,Diurna,Buen Tiempo,S/D,S/D,Colisión,S/D,Vertical,S/D,Sin restricción,POINT (-60.709896549999996 -32.94852544999999),"['Pellegrini', 'Fraga']",2,Avenida Carlos Pellegrini; Rosendo María Fraga,-32.94852544999999,-60.70989655,55.0,538.0,Municipio Rosario,Municipio,Rosario,820210,Servicio de Catastro e Información Territorial,IGN
2012,9214,2012-07-10,Martes,0.0,19:00:00,,0.0,2,"Automóvil,Moto/Ciclomotor",Av. Pellegrini Y Av. Provincias Unidas,3,2,0,0,1,0,0,,Avenida,,ROSARIO,Rosario,Asfalto,S/D,II,Dentro,Urbana,S/D,S/D,Intersección,Bueno,Buena,Atardecer,Buen Tiempo,S/D,S/D,Colisión,S/D,Vertical,S/D,Sin restricción,POINT (-60.71226145 -32.948578),"['Pellegrini', 'Avenida Provincias Unidas']",2,Avenida Carlos Pellegrini; Avenida Provincias Unidas,-32.948578,-60.71226145,55.0,538.0,Municipio Rosario,Municipio,Rosario,820210,Servicio de Catastro e Información Territorial,IGN
2012,9216,2012-07-07,Sabado,0.0,23:30:00,,0.0,2,"Moto/Ciclomotor,Automóvil",Derqui Y Ecuador,2,2,0,0,0,0,0,,Calle,,ROSARIO,Rosario,Asfalto,No existe,II,Dentro,Urbana,S/D,No existe,Intersección,Bueno,Buena,Nocturna,Buen Tiempo,S/D,S/D,Colisión,S/D,Horizontal,S/D,Sin restricción,POINT (-60.715098700000006 -32.93810200000001),"['Derqui', 'Ecuador']",2,Derqui; Ecuador,-32.93810200000001,-60.715098700000006,55.0,538.0,Municipio Rosario,Municipio,Rosario,820210,Servicio de Catastro e Información Territorial,IGN
2012,9217,2012-07-12,Jueves,0.0,20:30:00,,0.0,2,"Automóvil,Moto/Ciclomotor",Cordoba 5900,2,1,0,0,1,0,0,,Avenida,,ROSARIO,Rosario,Asfalto,No existe,II,Dentro,Urbana,S/D,Funciona,Recta,Bueno,Buena,Nocturna,Buen Tiempo,S/D,S/D,Colisión,S/D,Vertical,S/D,Sin restricción,"-32.9436077, -60.6540311",['Cordoba 5900'],1,Cordoba 5900,-32.9436077,-60.6540311,55.0,538.0,Municipio Rosario,Municipio,Rosario,820210,Servicio de Catastro e Información Territorial,IGN
2012,9219,2012-07-10,Martes,0.0,19:30:00,,0.0,2,"Moto/Ciclomotor,Pickup/Utilitario",Av. Provincias Unidas Y Santa Fe,2,1,0,0,1,0,0,,Avenida,,ROSARIO,Rosario,Asfalto,No existe,II,Dentro,Urbana,S/D,No existe,Intersección,Bueno,Buena,Nocturna,Buen Tiempo,De alcance,S/D,Colisión,S/D,Horizontal,S/D,Sin restricción,POINT (-60.71282755 -32.93571179999999),"['Avenida Provincias Unidas', 'Santa Fe']",2,Avenida Provincias Unidas; Santa Fe,-32.93571179999999,-60.71282755,55.0,538.0,Municipio Rosario,Municipio,Rosario,820210,Servicio de Catastro e Información Territorial,IGN
2012,9221,2012-07-10,Martes,0.0,15:00:00,,0.0,2,"Moto/Ciclomotor,Pickup/Utilitario",Av. Pellegrini Y Fraga,2,1,0,0,1,0,0,,Avenida,,ROSARIO,Rosario,Asfalto,No existe,II,Dentro,Urbana,S/D,Funciona,Intersección,Bueno,Buena,Diurna,Buen Tiempo,Otro,S/D,Colisión,S/D,Vertical,S/D,Sin restricción,POINT (-60.709896549999996 -32.94852544999999),"['Pellegrini', 'Fraga']",2,Avenida Carlos Pellegrini; Rosendo María Fraga,-32.94852544999999,-60.70989655,55.0,538.0,Municipio Rosario,Municipio,Rosario,820210,Servicio de Catastro e Información Territorial,IGN
2012,9224,2012-07-14,Sabado,0.0,09:50:00,,0.0,2,"Automóvil,Moto/Ciclomotor",Av. Provincias Unidas Y Montevideo,2,1,0,0,1,0,0,,Avenida,,ROSARIO,Rosario,Asfalto,No existe,II,Dentro,Urbana,S/D,Funciona,Intersección,Bueno,Buena,Diurna,Buen Tiempo,S/D,S/D,Colisión,S/D,Vertical,S/D,Sin restricción,POINT (-60.71230545 -32.9474568),"['Avenida Provincias Unidas', 'Montevideo']",2,Avenida Provincias Unidas; Montevideo,-32.9474568,-60.71230545,55.0,538.0,Municipio Rosario,Municipio,Rosario,820210,Servicio de Catastro e Información Territorial,IGN
2012,9225,2012-07-15,Domingo,0.0,17:20:00,,0.0,2,"Moto/Ciclomotor,Automóvil",Mendoza Y Liniers,2,1,0,0,1,0,0,,Calle,,ROSARIO,Rosario,Asfalto,No existe,II,Dentro,Urbana,S/D,No existe,Intersección,Bueno,Buena,Diurna,Buen Tiempo,S/D,S/D,Colisión,S/D,Horizontal,S/D,Sin restricción,POINT (-60.6986281 -32.94096869999999),"['Mendoza', 'Liniers']",2,Mendoza; Liniers,-32.94096869999999,-60.6986281,55.0,538.0,Municipio Rosario,Municipio,Rosario,820210,Servicio de Catastro e Información Territorial,IGN
2012,9226,2012-07-16,Lunes,0.0,19:00:00,,0.0,2,"Automóvil,Moto/Ciclomotor",Av. Eva Peron Y Solis,3,1,0,0,2,0,0,,Avenida,,ROSARIO,Rosario,Asfalto,No existe,II,Dentro,Urbana,S/D,Funciona,Intersección,Bueno,Buena,Atardecer,Buen Tiempo,Otro,S/D,Colisión,S/D,Faltante,S/D,Sin restricción,POINT (-60.70364185 -32.93467735),"['Avenida Eva Perón', 'Solis']",2,Avenida Eva Perón; Juan Díaz de Solís,-32.93467735,-60.70364185,55.0,538.0,Municipio Rosario,Municipio,Rosario,820210,Servicio de Catastro e Información Territorial,IGN
2012,9227,2012-07-17,Martes,0.0,11:00:00,,0.0,2,"Automóvil,Automóvil",Bolivia Y White,2,1,0,0,1,0,0,,Calle,,ROSARIO,Rosario,Asfalto,No existe,II,Dentro,Urbana,S/D,No existe,Intersección,Bueno,Buena,Diurna,Buen Tiempo,Otro,S/D,Colisión,S/D,Faltante,S/D,Sin restricción,POINT (-60.71379550000001 -32.94141059999998),"['Bolivia', 'White']",2,Bolivia; Ingeniero White,-32.94141059999998,-60.71379550000001,55.0,538.0,Municipio Rosario,Municipio,Rosario,820210,Servicio de Catastro e Información Territorial,IGN
2012,9229,2012-07-17,Martes,0.0,12:00:00,,0.0,2,"Moto/Ciclomotor,Bicicleta",Av. Provincias Unidas Y Pje. Dabat,2,1,0,0,0,0,1,,Avenida,,ROSARIO,Rosario,Asfalto,No existe,II,Dentro,Urbana,S/D,No existe,Intersección,Bueno,Buena,Diurna,Buen Tiempo,Otro,S/D,Atropello,S/D,Faltante,S/D,Sin restricción,POINT (-60.71250150000001 -32.944089),"['Avenida Provincias Unidas', 'Dabat']",2,Avenida Provincias Unidas; Dabat,-32.944089,-60.71250150000001,55.0,538.0,Municipio Rosario,Municipio,Rosario,820210,Servicio de Catastro e Información Territorial,IGN