anio_acci,nro_acci,fecha,desc_dia,fecha_aprox,hora_aprox,desc_ruta,km,cant_participantes,desc_participante,calle_avenida_km,total,heridos_leves,heridos_graves,heridos_gravisimos,ilesos,fallecidos,sin_datos,posicion_XY,desc_tipo_via,desc_ruta_ori,desc_loc,desc_dpto,desc_tipo_calzada,desc_tipo_banquina,desc_unidad_regional,desc_lugar_calzada,desc_zona,desc_prioridad,desc_estado_semaforo,desc_lugar_via,desc_estado_via,desc_estado_visibilidad,desc_luminosidad,desc_estado_clima,desc_tipo_colision,desc_tipo_atropello,desc_tipo_hecho,desc_pres_calzada,desc_senializacion,desc_separacion_via,desc_restriccion,forma_geocod,calle_lista,numero_calles,calles_osm,lat,lon,index_right,gid,fna,gna,nam,in1,fdc,sag
2012,9230,2012-07-19,Jueves,0.0,15:40:00,,0.0,2,"Moto/Ciclomotor,Automóvil",Montevideo 6400,2,1,0,0,1,0,0,,Calle,,ROSARIO,Rosario,Asfalto,No existe,II,Dentro,Urbana,S/D,No existe,Recta,Bueno,Buena,Diurna,Buen Tiempo,Otro,S/D,Otro,S/D,Faltante,S/D,Sin restricción,"-32.9472989, -60.7086267",['Montevideo 6400'],1,Montevideo 6400,-32.9472989,-60.7086267,55.0,538.0,Municipio Rosario,Municipio,Rosario,820210,Servicio de Catastro e Información Territorial,IGN
2012,9232,2012-07-20,Viernes,0.0,14:30:00,,0.0,2,"Automóvil,Moto/Ciclomotor",Bolivia Y Urquiza,2,1,0,0,1,0,0,,Calle,,ROSARIO,Rosario,Asfalto,No existe,II,Dentro,Urbana,S/D,No existe,Recta,Bueno,Buena,Diurna,Buen Tiempo,Otro,S/D,Colisión,S/D,Faltante,S/D,Sin restricción,POINT (-60.71417160000001 -32.93347289999999),"['Bolivia', 'Urquiza']",2,Bolivia; Justo José de Urquiza,-32.93347289999999,-60.71417160000001,55.0,538.0,Municipio Rosario,Municipio,Rosario,820210,Servicio de Catastro e Información Territorial,IGN
2012,9233,2012-07-21,Sabado,0.0,01:00:00,,0.0,2,"Taxi/Remis,Moto/Ciclomotor",Liniers Y Pasco,2,1,0,0,1,0,0,,Calle,,ROSARIO,Rosario,Asfalto,No existe,II,Dentro,Urbana,S/D,No existe,Intersección,Bueno,Buena,Nocturna,Buen Tiempo,Otro,S/D,Colisión,S/D,Faltante,S/D,Sin restricción,POINT (-60.698149400000005 -32.950586599999994),"['Liniers', 'Pasco']",2,Liniers; Pasco,-32.950586599999994,-60.698149400000005,55.0,538.0,Municipio Rosario,Municipio,Rosario,820210,Servicio de Catastro e Información Territorial,IGN
2012,9235,2012-07-21,Sabado,0.0,15:45:00,,0.0,2,"Automóvil,Moto/Ciclomotor",Rioja  Y Pedro Lino funes,2,1,0,0,1,0,0,,Calle,,ROSARIO,Rosario,Asfalto,No existe,II,Dentro,Urbana,S/D,No existe,Intersección,Bueno,Buena,Diurna,Buen Tiempo,Otro,S/D,Colisión,S/D,Faltante,S/D,Sin restricción,POINT (-60.7012846 -32.9379186),"['Rioja', 'Pedro Lino Funes']",2,Rioja; Pedro Lino Funes,-32.9379186,-60.7012846,55.0,538.0,Municipio Rosario,Municipio,Rosario,820210,Servicio de Catastro e Información Territorial,IGN
2012,9236,2012-07-21,Sabado,0.0,21:30:00,,0.0,2,"Moto/Ciclomotor,Pickup/Utilitario",Pje. Español Y Matienzo,3,2,0,0,1,0,0,,Calle,,ROSARIO,Rosario,Asfalto,No existe,II,Dentro,Urbana,S/D,No existe,Intersección,Bueno,Buena,Nocturna,Buen Tiempo,Otro,S/D,Colisión,S/D,Faltante,S/D,Sin restricción,POINT (-60.694423 -32.94750990000001),"['Español', 'Matienzo']",2,Español; Benjamín Matienzo,-32.94750990000001,-60.694423,55.0,538.0,Municipio Rosario,Municipio,Rosario,820210,Servicio de Catastro e Información Territorial,IGN
2012,9237,2012-07-22,Domingo,0.0,10:10:00,,0.0,2,"Automóvil,Moto/Ciclomotor",Magallanes Y La Paz,2,1,0,0,1,0,0,,Calle,,ROSARIO,Rosario,Asfalto,No existe,II,Dentro,Urbana,S/D,No existe,Intersección,Bueno,Buena,Diurna,Buen Tiempo,Otro,S/D,Colisión,S/D,Faltante,S/D,Sin restricción,POINT (-60.7039038 -32.955514),"['Magallanes', 'La Paz']",2,Magallanes; La Paz,-32.955514,-60.7039038,55.0,538.0,Municipio Rosario,Municipio,Rosario,820210,Servicio de Catastro e Información Territorial,IGN
2012,9278,2012-07-22,Domingo,0.0,11:10:00,,0.0,2,"Automóvil,Moto/Ciclomotor",Av. Provincias Unidas Y Av. Pellegrini,2,1,0,0,1,0,0,,Avenida,,ROSARIO,Rosario,Asfalto,No existe,II,Dentro,Urbana,S/D,Funciona,Intersección,Bueno,Buena,Diurna,Buen Tiempo,Otro,S/D,Colisión,Agua,Vertical,S/D,Sin restricción,POINT (-60.71226145000001 -32.948578),"['Avenida Provincias Unidas', 'Pellegrini']",2,Avenida Provincias Unidas; Avenida Carlos Pellegrini,-32.948578,-60.71226145000001,55.0,538.0,Municipio Rosario,Municipio,Rosario,820210,Servicio de Catastro e Información Territorial,IGN
2012,9281,2012-07-22,Domingo,0.0,17:00:00,,0.0,2,"Automóvil,Moto/Ciclomotor",F.More Y San Luis,3,2,0,0,1,0,0,,Calle,,ROSARIO,Rosario,Asfalto,No existe,II,Dentro,Urbana,S/D,Funciona,Intersección,Bueno,Buena,Atardecer,Buen Tiempo,Otro,S/D,Colisión,S/D,Faltante,S/D,Sin restricción,POINT (-60.6934571 -32.9394038),"['Felipe Moré', 'San Luis']",2,Felipe Moré; San Luis,-32.9394038,-60.6934571,55.0,538.0,Municipio Rosario,Municipio,Rosario,820210,Servicio de Catastro e Información Territorial,IGN
2012,9283,2012-07-28,Sabado,0.0,08:15:00,,0.0,2,"Automóvil,Moto/Ciclomotor",Av. Pellegrini Y Liniers,2,1,0,0,1,0,0,,Avenida,,ROSARIO,Rosario,Asfalto,No existe,II,Dentro,Urbana,S/D,No existe,Intersección,Bueno,Buena,Diurna,Buen Tiempo,Lateral,S/D,Colisión,S/D,Faltante,S/D,Sin restricción,POINT (-60.69824345 -32.9482175),"['Pellegrini', 'Liniers']",2,"('Avenida Carlos Pellegrini', 'Liniers')",-32.9482175,-60.69824345,55.0,538.0,Municipio Rosario,Municipio,Rosario,820210,Servicio de Catastro e Información Territorial,IGN
2012,9286,2012-07-01,Domingo,0.0,12:40:00,,0.0,2,"Automóvil,Moto/Ciclomotor",Av. Provincias Unidas Y Av. Sorrento,2,1,0,0,1,0,0,,Avenida,,ROSARIO,Rosario,Asfalto,No existe,II,Dentro,Urbana,S/D,No existe,Rotonda,Bueno,Buena,Diurna,Buen Tiempo,Otro,S/D,Colisión,S/D,Vertical,S/D,Sin restricción,POINT (-60.714102249999996 -32.9083328),"['Avenida Provincias Unidas', 'Sorrento']",2,Avenida Provincias Unidas; Avenida Sorrento,-32.9083328,-60.71410225,55.0,538.0,Municipio Rosario,Municipio,Rosario,820210,Servicio de Catastro e Información Territorial,IGN
2012,9288,2012-07-01,Domingo,0.0,18:15:00,,0.0,2,"Automóvil,Moto/Ciclomotor",Av. Genova Y Cabal,4,3,0,0,1,0,0,,Avenida,,ROSARIO,Rosario,Asfalto,No existe,II,Dentro,Urbana,S/D,No existe,Intersección,Bueno,Buena,Atardecer,Buen Tiempo,Lateral,S/D,Colisión,S/D,Vertical,S/D,Sin restricción,POINT (-60.7027895 -32.9156955),"['Genova', 'Cabal']",2,Avenida Génova; Caballito Criollo,-32.9156955,-60.7027895,55.0,538.0,Municipio Rosario,Municipio,Rosario,820210,Servicio de Catastro e Información Territorial,IGN
2012,9290,2012-07-05,Jueves,0.0,16:00:00,,0.0,2,"Moto/Ciclomotor,Peatón",J.J.Paso 5400,2,2,0,0,0,0,0,,Calle,,ROSARIO,Rosario,Asfalto,S/D,II,Dentro,Urbana,S/D,S/D,Recta,Bueno,Buena,Diurna,Buen Tiempo,De alcance,S/D,Atropello,S/D,Vertical,S/D,Sin restricción,"-32.9197297, -60.6980624",['Juan José Paso 5400'],1,Juan José Paso 5400,-32.9197297,-60.6980624,55.0,538.0,Municipio Rosario,Municipio,Rosario,820210,Servicio de Catastro e Información Territorial,IGN
2012,9292,2012-07-07,Sabado,0.0,14:30:00,,0.0,2,"Moto/Ciclomotor,Automóvil",Jose Ingenieros Y Barra,2,1,0,0,1,0,0,,Calle,,ROSARIO,Rosario,Asfalto,Pavimento,II,Dentro,Urbana,S/D,No existe,Intersección,Bueno,Buena,Diurna,Buen Tiempo,Lateral,S/D,Colisión,S/D,Faltante,S/D,Sin restricción,POINT (-60.70805320000001 -32.916948599999984),"['José Ingenieros', 'Barra']",2,José Ingenieros; Barraco,-32.916948599999984,-60.70805320000001,55.0,538.0,Municipio Rosario,Municipio,Rosario,820210,Servicio de Catastro e Información Territorial,IGN
2012,9293,2012-07-12,Jueves,0.0,21:00:00,,0.0,2,"Automóvil,Pickup/Utilitario",Av. Sorrento Y Av. Circunvalacion,2,1,0,0,1,0,0,,Avenida,,ROSARIO,Rosario,Asfalto,No existe,II,Dentro,Urbana,S/D,No existe,Intersección,Bueno,Buena,Nocturna,Buen Tiempo,Lateral,S/D,Colisión,S/D,Faltante,S/D,Sin restricción,POINT (-60.72270983333334 -32.90836276666666),"['Sorrento', 'Circunvalacion']",2,"('Avenida Sorrento', 'Juan Pablo II')",-32.90836276666666,-60.72270983333334,55.0,538.0,Municipio Rosario,Municipio,Rosario,820210,Servicio de Catastro e Información Territorial,IGN
2012,9297,2012-07-18,Miercoles,0.0,13:00:00,,0.0,2,"Automóvil,Moto/Ciclomotor",Av. Genova 2300,2,1,0,0,1,0,0,,Avenida,,ROSARIO,Rosario,Asfalto,No existe,II,Dentro,Urbana,S/D,No existe,Recta,Bueno,Buena,Diurna,Buen Tiempo,Frontal,S/D,Colisión,S/D,Faltante,S/D,Sin restricción,"-32.9152648, -60.6879424",['Genova 2300'],1,Genova 2300,-32.9152648,-60.6879424,55.0,538.0,Municipio Rosario,Municipio,Rosario,820210,Servicio de Catastro e Información Territorial,IGN
2012,9298,2012-07-21,Sabado,0.0,17:30:00,,0.0,2,"Automóvil,Moto/Ciclomotor",Nicaragua Y J.J.Paso,2,1,0,0,1,0,0,,Calle,,ROSARIO,Rosario,Asfalto,S/D,II,Dentro,Urbana,S/D,S/D,Intersección,Bueno,Buena,Diurna,Buen Tiempo,De alcance,S/D,Colisión,S/D,Faltante,S/D,Sin restricción,POINT (-60.721380025 -32.9204958),"['Nicaragua', 'Paso']",2,Nicaragua; Avenida Juan José Paso,-32.9204958,-60.721380025,55.0,538.0,Municipio Rosario,Municipio,Rosario,820210,Servicio de Catastro e Información Territorial,IGN
2012,9301,2012-07-25,Miercoles,0.0,17:50:00,,0.0,1,,French Y Garzon,3,2,0,0,1,0,0,,Calle,,ROSARIO,Rosario,Asfalto,No existe,II,Dentro,Urbana,S/D,No existe,Intersección,Bueno,Buena,Diurna,Buen Tiempo,Lateral,S/D,Colisión,S/D,Faltante,S/D,Sin restricción,POINT (-60.706438500000004 -32.92160419999999),"['French', 'Garzón']",2,Domingo French; Garzón,-32.92160419999999,-60.7064385,55.0,538.0,Municipio Rosario,Municipio,Rosario,820210,Servicio de Catastro e Información Territorial,IGN
2012,9302,2012-08-18,Sabado,0.0,23:45:00,,0.0,1,Moto/Ciclomotor,Fraga Y Derqui,2,0,1,0,0,1,0,,Calle,,ROSARIO,Rosario,Asfalto,No existe,II,Dentro,Urbana,Ninguna,No existe,Intersección,Bueno,Buena,Diurna,S/D,S/D,S/D,Caída ocupante,S/D,Horizontal,S/D,Sin restricción,POINT (-60.710338 -32.937963399999994),"['Fraga', 'Derqui']",2,Rosendo María Fraga; Derqui,-32.937963399999994,-60.710338,55.0,538.0,Municipio Rosario,Municipio,Rosario,820210,Servicio de Catastro e Información Territorial,IGN
2012,9303,2012-07-25,Miercoles,0.0,17:50:00,,0.0,2,"Automóvil,Moto/Ciclomotor",French Y Garzon,3,2,0,0,1,0,0,,Calle,,ROSARIO,Rosario,Asfalto,No existe,II,Dentro,Urbana,S/D,No existe,Intersección,Bueno,Buena,Diurna,Buen Tiempo,Lateral,S/D,Colisión,S/D,Faltante,Ninguna,Sin restricción,POINT (-60.706438500000004 -32.92160419999999),"['French', 'Garzón']",2,Domingo French; Garzón,-32.92160419999999,-60.7064385,55.0,538.0,Municipio Rosario,Municipio,Rosario,820210,Servicio de Catastro e Información Territorial,IGN
2012,9306,2012-07-28,Sabado,0.0,14:00:00,,0.0,2,"Automóvil,Moto/Ciclomotor",J.J.Paso Y Cullen,2,1,0,0,1,0,0,,Calle,,ROSARIO,Rosario,Asfalto,No existe,II,Dentro,Urbana,S/D,No existe,Intersección,Bueno,Buena,Diurna,Buen Tiempo,Lateral,S/D,Colisión,S/D,Faltante,S/D,Sin restricción,POINT (-60.7097063 -32.92013579999998),"['Paso', 'Cullen']",2,Avenida Juan José Paso; Cullen,-32.92013579999998,-60.7097063,55.0,538.0,Municipio Rosario,Municipio,Rosario,820210,Servicio de Catastro e Información Territorial,IGN
2012,9308,2012-07-27,Viernes,0.0,15:10:00,,0.0,2,"Moto/Ciclomotor,Automóvil",Italia Y 3 De Febrero,2,2,0,0,0,0,0,,Calle,,ROSARIO,Rosario,Asfalto,S/D,II,Dentro,Urbana,S/D,S/D,Intersección,Bueno,Buena,Diurna,Buen Tiempo,Otro,S/D,Colisión,S/D,S/D,S/D,Sin restricción,POINT (-60.6494628 -32.95104619999999),"['Italia', '3 de Febrero']",2,Italia; 3 de Febrero,-32.95104619999999,-60.6494628,55.0,538.0,Municipio Rosario,Municipio,Rosario,820210,Servicio de Catastro e Información Territorial,IGN
2012,9309,2012-08-20,Lunes,0.0,00:10:00,,0.0,2,"Moto/Ciclomotor,Pickup/Utilitario",Donado Y Derqui,2,0,0,0,1,1,0,,Calle,,ROSARIO,Rosario,Asfalto,No existe,II,Dentro,Urbana,Ninguna,No existe,Intersección,Con baches,Buena,Nocturna,Buen Tiempo,Lateral,S/D,Colisión,Agua,Faltante,Ninguna,Sin restricción,POINT (-60.72706819999999 -32.93843),"['Donado', 'Derqui']",2,José Agustín Donado; Derqui,-32.93843,-60.72706819999999,55.0,538.0,Municipio Rosario,Municipio,Rosario,820210,Servicio de Catastro e Información Territorial,IGN
2012,9327,2012-07-28,Sabado,0.0,,,0.0,2,"Moto/Ciclomotor,Automóvil",Av. Pellegrini Y San Martin,2,1,0,0,1,0,0,,Avenida,,ROSARIO,Rosario,Asfalto,S/D,II,Dentro,Urbana,S/D,S/D,Intersección,Bueno,Buena,S/D,Buen Tiempo,Otro,S/D,Colisión,S/D,S/D,S/D,Sin restricción,POINT (-60.68038573333334 -32.9696798),"['Pellegrini', 'San Martin']",2,Avenida Carlos Pellegrini; José de San Martín,-32.9696798,-60.68038573333334,55.0,538.0,Municipio Rosario,Municipio,Rosario,820210,Servicio de Catastro e Información Territorial,IGN
2012,9329,2012-07-28,Sabado,0.0,09:15:00,,0.0,2,"Moto/Ciclomotor,Automóvil",Mendoza Y Mitre,2,1,0,0,1,0,0,,Calle,,ROSARIO,Rosario,Asfalto,S/D,II,Dentro,Urbana,S/D,S/D,Intersección,Bueno,Buena,Diurna,Buen Tiempo,Otro,S/D,Colisión,S/D,S/D,S/D,Sin restricción,POINT (-60.640847900000004 -32.95123559999999),"['Mendoza', 'Mitre']",2,Mendoza; Bartolomé Mitre,-32.95123559999999,-60.6408479,55.0,538.0,Municipio Rosario,Municipio,Rosario,820210,Servicio de Catastro e Información Territorial,IGN
2012,9331,2012-07-30,Lunes,0.0,13:00:00,,0.0,2,"Automóvil,Camión",San Luis Y Entre Rios,2,1,0,0,1,0,0,,Calle,,ROSARIO,Rosario,Asfalto,S/D,II,Dentro,Urbana,S/D,S/D,Intersección,Bueno,Buena,Diurna,Buen Tiempo,Otro,S/D,Colisión,S/D,S/D,S/D,Sin restricción,POINT (-60.6415602 -32.9485507),"['San Luis', 'Entre Ríos']",2,San Luis; Entre Ríos,-32.9485507,-60.6415602,55.0,538.0,Municipio Rosario,Municipio,Rosario,820210,Servicio de Catastro e Información Territorial,IGN
2012,9334,2012-07-19,Jueves,0.0,17:45:00,,0.0,2,"Moto/Ciclomotor,Moto/Ciclomotor",Av. Genova ,2,1,0,0,1,0,0,,Avenida,,ROSARIO,Rosario,Asfalto,No existe,II,Dentro,Urbana,S/D,Funciona,Intersección,Bueno,Buena,Diurna,Buen Tiempo,Frontal,S/D,Colisión,S/D,Vertical,S/D,Sin restricción,"-32.9440455, -60.6432457",['Genova'],1,Genova,-32.9440455,-60.6432457,55.0,538.0,Municipio Rosario,Municipio,Rosario,820210,Servicio de Catastro e Información Territorial,IGN
2012,9606,2012-07-01,Domingo,0.0,18:20:00,,0.0,1,Automóvil,Bv. Avellaneda Y Montevideo,1,1,0,0,0,0,0,,Calle,,ROSARIO,Rosario,Asfalto,S/D,II,Dentro,Urbana,S/D,S/D,Cruce,Otro,S/D,S/D,S/D,S/D,S/D,Colisión,S/D,S/D,Cordón divisorio,S/D,POINT (-60.68156305 -32.948831999999996),"['Avellaneda', 'Montevideo']",2,Bulevar Nicolás Avellaneda; Montevideo,-32.948832,-60.68156305,55.0,538.0,Municipio Rosario,Municipio,Rosario,820210,Servicio de Catastro e Información Territorial,IGN
2012,9611,2012-07-01,Domingo,0.0,18:20:00,,0.0,2,"Moto/Ciclomotor,Automóvil",Bv. Avellaneda Y Montevideo,2,1,0,0,1,0,0,,Calle,,ROSARIO,Rosario,Asfalto,S/D,II,Dentro,Urbana,S/D,S/D,Cruce,Otro,S/D,S/D,S/D,S/D,S/D,Colisión,S/D,S/D,Cordón divisorio,S/D,POINT (-60.68156305 -32.948831999999996),"['Avellaneda', 'Montevideo']",2,Bulevar Nicolás Avellaneda; Montevideo,-32.948832,-60.68156305,55.0,538.0,Municipio Rosario,Municipio,Rosario,820210,Servicio de Catastro e Información Territorial,IGN
2012,9616,2012-07-02,Lunes,0.0,10:30:00,,0.0,2,"Automóvil,Taxi/Remis",Alsina Y San Luis,2,1,0,0,1,0,0,,Calle,,ROSARIO,Rosario,Asfalto,S/D,II,Dentro,Urbana,S/D,S/D,Intersección,S/D,S/D,S/D,S/D,S/D,S/D,Colisión,S/D,S/D,Cordón divisorio,S/D,POINT (-60.67705600000001 -32.9422069),"['Alsina', 'San Luis']",2,Alsina; San Luis,-32.9422069,-60.67705600000001,55.0,538.0,Municipio Rosario,Municipio,Rosario,820210,Servicio de Catastro e Información Territorial,IGN
2012,9617,2012-07-02,Lunes,0.0,02:30:00,,0.0,2,"Automóvil,Automóvil",Urquiza Y Pueyrredon,2,1,0,0,1,0,0,,Calle,,ROSARIO,Rosario,Asfalto,No existe,II,S/D,Urbana,Ninguna,No existe,Recta,Bueno,Buena,Nocturna,Buen Tiempo,Frontal,S/D,Colisión,Otro,Horizontal,Ninguna,Sin restricción,POINT (-60.6564923 -32.9395203),"['Urquiza', 'Pueyrredón']",2,Justo José de Urquiza; Pueyrredón,-32.9395203,-60.6564923,55.0,538.0,Municipio Rosario,Municipio,Rosario,820210,Servicio de Catastro e Información Territorial,IGN
2012,9619,2012-07-03,Martes,0.0,,,0.0,2,"Automóvil,Taxi/Remis",San Luis Y Callao,2,1,0,0,1,0,0,,Calle,,ROSARIO,Rosario,Asfalto,S/D,II,Dentro,Urbana,S/D,S/D,Intersección,S/D,S/D,S/D,S/D,S/D,S/D,Colisión,S/D,S/D,Cordón divisorio,S/D,POINT (-60.660778500000006 -32.945124199999995),"['San Luis', 'Callao']",2,San Luis; Callao,-32.945124199999995,-60.660778500000006,55.0,538.0,Municipio Rosario,Municipio,Rosario,820210,Servicio de Catastro e Información Territorial,IGN
2012,9620,2012-07-10,Martes,0.0,08:00:00,,0.0,2,"Automóvil,Automóvil",Callao Y Urquiza,2,1,0,0,1,0,0,,Calle,,ROSARIO,Rosario,Asfalto,No existe,II,S/D,Urbana,Ninguna,No existe,Recta,Bueno,Buena,Diurna,Otro,Otro,S/D,Colisión,Otro,Horizontal,Ninguna,Sin restricción,POINT (-60.65924820000001 -32.93904169999998),"['Callao', 'Urquiza']",2,Callao; Justo José de Urquiza,-32.93904169999998,-60.65924820000001,55.0,538.0,Municipio Rosario,Municipio,Rosario,820210,Servicio de Catastro e Información Territorial,IGN
2012,9622,2012-07-11,Miercoles,0.0,14:15:00,,0.0,2,"Automóvil,Automóvil",Av. Francia Y Tucuman,2,1,0,0,0,0,1,,Calle,,ROSARIO,Rosario,Asfalto,No existe,II,S/D,Urbana,Ninguna,No existe,Recta,Bueno,Buena,Diurna,Buen Tiempo,Frontal,S/D,Colisión,Otro,Horizontal,Ninguna,Sin restricción,POINT (-60.66436195 -32.9369176),"['Avenida Francia', 'Tucumán']",2,Avenida Francia; Tucumán,-32.9369176,-60.66436195,55.0,538.0,Municipio Rosario,Municipio,Rosario,820210,Servicio de Catastro e Información Territorial,IGN
2012,9624,2012-07-14,Sabado,0.0,13:00:00,,0.0,2,"Automóvil,Automóvil",AV DEL VALLE Y PICHINCHA,3,1,0,0,2,0,0,,Calle,,ROSARIO,Rosario,Asfalto,No existe,II,Fuera,Urbana,Ninguna,No existe,Recta,Bueno,Buena,Diurna,Buen Tiempo,Frontal,S/D,Colisión,Otro,Horizontal,Ninguna,Sin restricción,POINT (-60.6600702 -32.93107569999999),"['Del Valle', 'Pichincha']",2,Avenida Aristóbulo del Valle; Pichincha,-32.93107569999999,-60.6600702,55.0,538.0,Municipio Rosario,Municipio,Rosario,820210,Servicio de Catastro e Información Territorial,IGN
2012,9629,2012-07-24,Martes,0.0,16:45:00,,0.0,2,"Automóvil,Automóvil",San Lorenzo Y Crespo,2,2,0,0,0,0,0,,Calle,,ROSARIO,Rosario,Asfalto,S/D,II,S/D,Urbana,S/D,No existe,Intersección,Bueno,Buena,Nocturna,S/D,Frontal,S/D,Colisión,S/D,Faltante,S/D,S/D,POINT (-60.66769409999999 -32.938742999999995),"['San Lorenzo', 'Crespo']",2,San Lorenzo; Crespo,-32.938742999999995,-60.66769409999999,55.0,538.0,Municipio Rosario,Municipio,Rosario,820210,Servicio de Catastro e Información Territorial,IGN
2012,9630,2012-07-04,Miercoles,0.0,,,0.0,2,"Moto/Ciclomotor,Taxi/Remis",San Juan Y Vera Mujica,2,1,0,0,1,0,0,,Calle,,ROSARIO,Rosario,Asfalto,S/D,II,Dentro,Urbana,S/D,S/D,Intersección,S/D,S/D,S/D,S/D,S/D,S/D,Colisión,S/D,S/D,Cordón divisorio,S/D,POINT (-60.6678428 -32.94501609999999),"['San Juan', 'Vera Mujíca']",2,San Juan; Vera Mujíca,-32.94501609999999,-60.6678428,55.0,538.0,Municipio Rosario,Municipio,Rosario,820210,Servicio de Catastro e Información Territorial,IGN
2012,9631,2012-07-04,Miercoles,0.0,11:00:00,,0.0,2,"Automóvil,Bicicleta",Iriondo Y San Juan,2,1,0,0,1,0,0,,Calle,,ROSARIO,Rosario,Asfalto,S/D,II,Dentro,Urbana,S/D,S/D,Intersección,S/D,S/D,S/D,S/D,S/D,S/D,Colisión,S/D,S/D,Cordón divisorio,S/D,POINT (-60.6705496 -32.94453),"['Iriondo', 'San Juan']",2,Iriondo; San Juan,-32.94453,-60.6705496,55.0,538.0,Municipio Rosario,Municipio,Rosario,820210,Servicio de Catastro e Información Territorial,IGN
2012,9632,2012-07-24,Martes,0.0,05:45:00,,0.0,2,"Automóvil,Moto/Ciclomotor",Francia F Y Catamarca,2,1,0,0,0,0,1,,Calle,,ROSARIO,Rosario,S/D,S/D,II,S/D,Urbana,S/D,S/D,S/D,Otro,S/D,S/D,S/D,Frontal,S/D,Colisión,S/D,S/D,S/D,S/D,POINT (-60.66406215000001 -32.93570015),"['Avenida Francia', 'Catamarca']",2,Avenida Francia; Catamarca,-32.93570015,-60.66406215000001,55.0,538.0,Municipio Rosario,Municipio,Rosario,820210,Servicio de Catastro e Información Territorial,IGN
2012,9633,2012-07-24,Martes,0.0,02:45:00,,0.0,2,"Taxi/Remis,Automóvil",Rivadavia Y Pueyrredon,3,2,0,0,1,0,0,,Calle,,ROSARIO,Rosario,Asfalto,S/D,II,Dentro,Urbana,S/D,S/D,Intersección,Bueno,Buena,Nocturna,Buen Tiempo,Lateral,S/D,Colisión,S/D,S/D,S/D,S/D,POINT (-60.6544373 -32.9313581),"['Rivadavia', 'Pueyrredón']",2,"('Avenida Bernardino Rivadavia', 'Pueyrredón')",-32.9313581,-60.6544373,55.0,538.0,Municipio Rosario,Municipio,Rosario,820210,Servicio de Catastro e Información Territorial,IGN
2012,9634,2012-07-04,Miercoles,0.0,,,0.0,2,"Automóvil,Bicicleta",San Luis Y Iriondo,2,1,0,0,1,0,0,,Calle,,ROSARIO,Rosario,Asfalto,S/D,II,Dentro,Urbana,S/D,S/D,Intersección,S/D,S/D,S/D,S/D,S/D,S/D,Colisión,S/D,S/D,Cordón divisorio,S/D,POINT (-60.6702694 -32.9434407),"['San Luis', 'Iriondo']",2,San Luis; Iriondo,-32.9434407,-60.6702694,55.0,538.0,Municipio Rosario,Municipio,Rosario,820210,Servicio de Catastro e Información Territorial,IGN
2012,9635,2012-07-26,Jueves,0.0,09:45:00,,0.0,2,"Moto/Ciclomotor,Automóvil",Iriondo Y Urquiza,2,1,0,0,1,0,0,,Calle,,ROSARIO,Rosario,Asfalto,No existe,II,S/D,Urbana,Otra Señal,No existe,Recta,Bueno,Buena,Diurna,Buen Tiempo,Lateral,S/D,Colisión,S/D,Faltante,S/D,S/D,POINT (-60.66874130000001 -32.93734760000002),"['Iriondo', 'Urquiza']",2,Iriondo; Justo José de Urquiza,-32.93734760000002,-60.66874130000001,55.0,538.0,Municipio Rosario,Municipio,Rosario,820210,Servicio de Catastro e Información Territorial,IGN
2012,9636,2012-07-28,Sabado,0.0,19:30:00,,0.0,2,"Moto/Ciclomotor,Taxi/Remis",Catamarca Y Pueyrredon,3,2,0,0,1,0,0,,Calle,,ROSARIO,Rosario,Asfalto,S/D,II,S/D,Urbana,S/D,No existe,Recta,Bueno,S/D,Atardecer,Buen Tiempo,Lateral,S/D,Colisión,S/D,Faltante,S/D,S/D,POINT (-60.6558961 -32.93715339999999),"['Catamarca', 'Pueyrredón']",2,Catamarca; Pueyrredón,-32.93715339999999,-60.6558961,55.0,538.0,Municipio Rosario,Municipio,Rosario,820210,Servicio de Catastro e Información Territorial,IGN
2012,9637,2012-07-05,Jueves,0.0,08:30:00,,0.0,2,"Automóvil,Moto/Ciclomotor",9 De Julio Y Bv. Avellaneda,2,1,0,0,1,0,0,,Calle,,ROSARIO,Rosario,Asfalto,S/D,II,Dentro,Urbana,S/D,S/D,Intersección,S/D,S/D,S/D,S/D,S/D,S/D,Colisión,S/D,S/D,Cordón divisorio,S/D,POINT (-60.680971 -32.946485599999995),"['9 de Julio', 'Avellaneda']",2,9 de Julio; Bulevar Nicolás Avellaneda,-32.946485599999995,-60.680971,55.0,538.0,Municipio Rosario,Municipio,Rosario,820210,Servicio de Catastro e Información Territorial,IGN
2012,9639,2012-07-06,Viernes,0.0,14:30:00,,0.0,1,Moto/Ciclomotor,CASILDA Y AVENIDA SABIN,1,0,1,0,0,0,0,,Calle,,ROSARIO,Rosario,Asfalto,No existe,II,S/D,Urbana,Semáforo,Funciona,Intersección,Bueno,Buena,Diurna,Buen Tiempo,S/D,S/D,Despiste,S/D,Horizontal,Cordón divisorio,S/D,POINT (-60.6778142 -32.9281639),"['Casilda', 'Avenida Travesía Albert Sabin']",2,Casilda; Avenida Travesía Albert Sabin,-32.9281639,-60.6778142,55.0,538.0,Municipio Rosario,Municipio,Rosario,820210,Servicio de Catastro e Información Territorial,IGN