anio_acci,nro_acci,fecha,desc_dia,fecha_aprox,hora_aprox,desc_ruta,km,cant_participantes,desc_participante,calle_avenida_km,total,heridos_leves,heridos_graves,heridos_gravisimos,ilesos,fallecidos,sin_datos,posicion_XY,desc_tipo_via,desc_ruta_ori,desc_loc,desc_dpto,desc_tipo_calzada,desc_tipo_banquina,desc_unidad_regional,desc_lugar_calzada,desc_zona,desc_prioridad,desc_estado_semaforo,desc_lugar_via,desc_estado_via,desc_estado_visibilidad,desc_luminosidad,desc_estado_clima,desc_tipo_colision,desc_tipo_atropello,desc_tipo_hecho,desc_pres_calzada,desc_senializacion,desc_separacion_via,desc_restriccion,forma_geocod,calle_lista,numero_calles,calles_osm,lat,lon,index_right,gid,fna,gna,nam,in1,fdc,sag
2012,9641,2012-07-10,Martes,0.0,10:00:00,,0.0,2,"Automóvil,Moto/Ciclomotor",Humberto I Y Florida,2,1,0,0,1,0,0,,Calle,,ROSARIO,Rosario,Asfalto,Pavimento,II,Dentro,Urbana,Ninguna,No existe,Intersección,Bueno,Buena,Diurna,Buen Tiempo,Lateral,S/D,Colisión,S/D,Horizontal,Cordón divisorio,Sin restricción,POINT (-60.6831907 -32.92966049999999),"['Humberto', 'Florida']",2,Humberto Primero; Florida,-32.92966049999999,-60.6831907,55.0,538.0,Municipio Rosario,Municipio,Rosario,820210,Servicio de Catastro e Información Territorial,IGN
2012,9642,2012-07-13,Viernes,0.0,09:00:00,,0.0,2,"Automóvil,Camión",Junin Y Echeverria Bis,3,1,0,0,2,0,0,,Calle,,ROSARIO,Rosario,Asfalto,Pavimento,II,Dentro,Urbana,Señal Pare,No existe,Intersección,Bueno,Buena,Diurna,Buen Tiempo,Lateral,S/D,Colisión,S/D,Horizontal,Cordón divisorio,Sin restricción,POINT (-60.67208925 -32.926587399999995),"['Junín', 'Echeverría']",2,Junín; Echeverría,-32.926587399999995,-60.67208925,55.0,538.0,Municipio Rosario,Municipio,Rosario,820210,Servicio de Catastro e Información Territorial,IGN
2012,9643,2012-07-06,Viernes,0.0,,,0.0,2,"Automóvil,Automóvil",3 De Febrero Y Iriondo,2,1,0,0,1,0,0,,S/D,,ROSARIO,Rosario,Asfalto,S/D,II,S/D,S/D,S/D,S/D,Intersección,S/D,S/D,S/D,S/D,S/D,S/D,Colisión,S/D,S/D,Cordón divisorio,S/D,POINT (-60.6712086 -32.947162299999995),"['3 de Febrero', 'Iriondo']",2,3 de Febrero; Iriondo,-32.947162299999995,-60.6712086,55.0,538.0,Municipio Rosario,Municipio,Rosario,820210,Servicio de Catastro e Información Territorial,IGN
2012,9644,2012-07-05,Jueves,0.0,19:00:00,,0.0,2,"Automóvil,Bicicleta",Av. Alberdi Bis Y Bv. Avellaneda,2,1,0,0,1,0,0,,Avenida,,ROSARIO,Rosario,Asfalto,Pavimento,II,Dentro,Urbana,Semáforo,Funciona,Intersección,Bueno,Buena,Diurna,Buen Tiempo,Lateral,S/D,Colisión,S/D,Horizontal,Cordón divisorio,Sin restricción,POINT (-60.676114299999995 -32.92712292499999),"['Alberdi', 'Avellaneda']",2,Avenida Alberdi; Bulevar Nicolás Avellaneda,-32.92712292499999,-60.6761143,55.0,538.0,Municipio Rosario,Municipio,Rosario,820210,Servicio de Catastro e Información Territorial,IGN
2012,9645,2012-07-06,Viernes,0.0,,,0.0,2,"Moto/Ciclomotor,Automóvil",Alsina Y Av. Pellegrini,2,1,0,0,1,0,0,,Calle,,ROSARIO,Rosario,Asfalto,S/D,II,Dentro,Urbana,S/D,S/D,Intersección,S/D,S/D,S/D,S/D,S/D,S/D,S/D,S/D,S/D,Cordón divisorio,S/D,POINT (-60.67913495 -32.950431099999996),"['Alsina', 'Pellegrini']",2,Alsina; Avenida Carlos Pellegrini,-32.9504311,-60.67913495,55.0,538.0,Municipio Rosario,Municipio,Rosario,820210,Servicio de Catastro e Información Territorial,IGN
2012,9646,2012-07-04,Miercoles,0.0,22:40:00,,0.0,2,"Moto/Ciclomotor,Automóvil",Almafuerte Y Ferreyra,3,1,0,0,2,0,0,,Calle,,ROSARIO,Rosario,S/D,S/D,II,S/D,S/D,S/D,S/D,Intersección,Otro,S/D,S/D,S/D,S/D,S/D,Colisión,S/D,S/D,S/D,S/D,POINT (-60.6803136 -32.917233100000004),"['Almafuerte', 'Ferreyra']",2,Almafuerte; Ferreyra,-32.917233100000004,-60.6803136,55.0,538.0,Municipio Rosario,Municipio,Rosario,820210,Servicio de Catastro e Información Territorial,IGN
2012,9647,2012-07-06,Viernes,0.0,12:00:00,,0.0,2,"Moto/Ciclomotor,Automóvil",Alberdi Y Bv. Avellaneda,3,2,0,0,1,0,0,,Avenida,,ROSARIO,Rosario,Asfalto,S/D,II,S/D,S/D,S/D,S/D,Recta,Otro,Buena,S/D,S/D,S/D,S/D,S/D,S/D,S/D,S/D,S/D,POINT (-60.676114299999995 -32.92712292499999),"['Alberdi', 'Avellaneda']",2,Avenida Alberdi; Bulevar Nicolás Avellaneda,-32.92712292499999,-60.6761143,55.0,538.0,Municipio Rosario,Municipio,Rosario,820210,Servicio de Catastro e Información Territorial,IGN
2012,9649,2012-07-06,Viernes,0.0,,,0.0,2,"Automóvil,Moto/Ciclomotor",Valparaiso Y Pasaje Marcos Paz,3,2,0,0,1,0,0,,S/D,,ROSARIO,Rosario,Asfalto,S/D,II,S/D,S/D,S/D,S/D,Intersección,Otro,S/D,S/D,S/D,S/D,S/D,Colisión,S/D,S/D,Cordón divisorio,S/D,POINT (-60.68294689999999 -32.94305709999999),"['Valparaíso', 'Marcos Paz']",2,Valparaíso; Marcos Paz,-32.94305709999999,-60.68294689999999,55.0,538.0,Municipio Rosario,Municipio,Rosario,820210,Servicio de Catastro e Información Territorial,IGN
2012,9650,2012-07-08,Domingo,0.0,22:15:00,,0.0,2,"Automóvil,Moto/Ciclomotor",San Juan 4700,2,1,0,0,1,0,0,,Calle,,ROSARIO,Rosario,Asfalto,S/D,II,Dentro,Urbana,S/D,S/D,Intersección,Otro,S/D,S/D,S/D,S/D,S/D,S/D,S/D,S/D,Cordón divisorio,S/D,"-32.9413656, -60.6880213",['San Juan 4700'],1,San Juan 4700,-32.9413656,-60.6880213,55.0,538.0,Municipio Rosario,Municipio,Rosario,820210,Servicio de Catastro e Información Territorial,IGN
2012,9652,2012-07-09,Lunes,0.0,,,0.0,2,"Bicicleta,Automóvil",San Juan Y Gutenberg,2,1,0,0,1,0,0,,Calle,,ROSARIO,Rosario,Asfalto,S/D,II,Dentro,Urbana,S/D,S/D,Intersección,Otro,S/D,S/D,S/D,S/D,S/D,Atropello,S/D,S/D,Cordón divisorio,S/D,POINT (-60.6882278 -32.941398),"['San Juan', 'Gutenberg']",2,San Juan; Gutenberg,-32.941398,-60.6882278,55.0,538.0,Municipio Rosario,Municipio,Rosario,820210,Servicio de Catastro e Información Territorial,IGN
2012,9653,2012-07-04,Miercoles,0.0,10:30:00,,0.0,2,"Automóvil,Camión",SORRENTO Y ING. LAMAS,4,3,0,0,1,0,0,,Calle,,ROSARIO,Rosario,Hormigón,No existe,II,S/D,S/D,Semáforo,Funciona,Intersección,Bueno,Buena,Diurna,Buen Tiempo,De alcance,S/D,Colisión,S/D,Horizontal,Cordón divisorio,Sin restricción,POINT (-60.69378465 -32.90724385),"['Sorrento', 'Intendente Luis Lamas']",2,Avenida Sorrento; Intendente Luis Lamas,-32.90724385,-60.69378465,55.0,538.0,Municipio Rosario,Municipio,Rosario,820210,Servicio de Catastro e Información Territorial,IGN
2012,9655,2012-07-04,Miercoles,0.0,,,0.0,2,"Automóvil,Pickup/Utilitario",casiano casas  Y netri,2,1,0,0,1,0,0,,Calle,,ROSARIO,Rosario,Asfalto,No existe,II,S/D,S/D,Semáforo,Funciona,Recta,Bueno,S/D,Diurna,Buen Tiempo,De alcance,S/D,Colisión,S/D,Horizontal,S/D,Sin restricción,POINT (-60.69916125 -32.9046656),"['Avenida Casiano Casas', 'Netri']",2,Avenida Casiano Casas; Netri,-32.9046656,-60.69916125,55.0,538.0,Municipio Rosario,Municipio,Rosario,820210,Servicio de Catastro e Información Territorial,IGN
2012,9656,2012-07-06,Viernes,0.0,10:15:00,,0.0,2,"Automóvil,Moto/Ciclomotor",BV. RONDEAU Y MARTIN FIERRO,2,1,0,0,1,0,0,,Avenida,,ROSARIO,Rosario,Hormigón,No existe,II,S/D,S/D,Semáforo,Funciona,Intersección,Bueno,Buena,Diurna,Buen Tiempo,Lateral,S/D,Colisión,S/D,Horizontal,Cordón divisorio,Sin restricción,POINT (-60.69743998 -32.87802498),"['Rondeau', 'Martin Fierro']",2,Bulevar General José Rondeau; Martin Fierro,-32.87802498,-60.69743998,55.0,538.0,Municipio Rosario,Municipio,Rosario,820210,Servicio de Catastro e Información Territorial,IGN
2012,9657,2012-07-07,Sabado,0.0,17:00:00,,0.0,2,"Automóvil,Moto/Ciclomotor",casiano casas Y COMERCIO,3,2,0,0,1,0,0,,Calle,,ROSARIO,Rosario,Asfalto,No existe,II,S/D,S/D,Ninguna,No existe,Intersección,Bueno,Buena,Diurna,Buen Tiempo,Lateral,S/D,Colisión,S/D,Faltante,Cordón divisorio,Sin restricción,POINT (-60.69773335 -32.90573255),"['Avenida Casiano Casas', 'Comercio']",2,Avenida Casiano Casas; Comercio,-32.90573255,-60.69773335,55.0,538.0,Municipio Rosario,Municipio,Rosario,820210,Servicio de Catastro e Información Territorial,IGN
2012,9658,2012-07-07,Sabado,0.0,17:50:00,,0.0,2,"Automóvil,Peatón",SORRENTO 700,2,0,1,0,1,0,0,,Calle,,ROSARIO,Rosario,Hormigón,No existe,II,S/D,S/D,Ninguna,No existe,Recta,Bueno,Buena,Diurna,Buen Tiempo,S/D,S/D,Atropello,S/D,Faltante,Ninguna,Sin restricción,"-32.9070484, -60.6890247",['Sorrento 700'],1,Sorrento 700,-32.9070484,-60.6890247,55.0,538.0,Municipio Rosario,Municipio,Rosario,820210,Servicio de Catastro e Información Territorial,IGN
2012,9662,2012-07-09,Lunes,0.0,14:00:00,,0.0,2,"Automóvil,Moto/Ciclomotor",Av. Avellaneda B Y Marcos Paz,3,2,0,0,1,0,0,,Calle,,ROSARIO,Rosario,Asfalto,S/D,II,Dentro,Urbana,S/D,S/D,Intersección,S/D,S/D,S/D,S/D,S/D,S/D,Colisión,S/D,S/D,Cordón divisorio,S/D,POINT (-60.680249 -32.94354319999999),"['Avellaneda', 'Marcos Paz']",2,Bulevar Nicolás Avellaneda; Marcos Paz,-32.94354319999999,-60.680249,55.0,538.0,Municipio Rosario,Municipio,Rosario,820210,Servicio de Catastro e Información Territorial,IGN
2012,9663,2012-07-10,Martes,0.0,13:30:00,,0.0,2,"Pickup/Utilitario,Moto/Ciclomotor",Ricchieri Y 3 De Febrero,3,2,0,0,1,0,0,,S/D,,ROSARIO,Rosario,Asfalto,S/D,II,S/D,S/D,S/D,S/D,Intersección,S/D,S/D,S/D,S/D,S/D,S/D,S/D,S/D,S/D,Cordón divisorio,S/D,POINT (-60.6644345 -32.9483761),"['Ricchieri', '3 de Febrero']",2,Ricchieri; 3 de Febrero,-32.9483761,-60.6644345,55.0,538.0,Municipio Rosario,Municipio,Rosario,820210,Servicio de Catastro e Información Territorial,IGN
2012,9665,2012-07-09,Lunes,0.0,09:15:00,,0.0,2,"Automóvil,Peatón",Valentin Gomez 3100,2,1,0,0,1,0,0,,Calle,,ROSARIO,Rosario,Asfalto,S/D,II,S/D,S/D,Ninguna,No existe,Recta,Bueno,Buena,Diurna,Buen Tiempo,S/D,S/D,Atropello,S/D,Faltante,Ninguna,Sin restricción,"-32.885553, -60.6991754",['Valentin Gomez 3100'],1,Valentin Gomez 3100,-32.885553,-60.6991754,55.0,538.0,Municipio Rosario,Municipio,Rosario,820210,Servicio de Catastro e Información Territorial,IGN
2012,9666,2012-07-10,Martes,0.0,17:10:00,,0.0,2,"Automóvil,Moto/Ciclomotor",Rio De Janeiro Y Rioja,2,1,0,0,1,0,0,,Calle,,ROSARIO,Rosario,Asfalto,S/D,II,Dentro,Urbana,S/D,S/D,Intersección,S/D,S/D,S/D,S/D,S/D,S/D,Colisión,S/D,S/D,Cordón divisorio,S/D,POINT (-60.6808066 -32.9400306),"['Río de Janeiro', 'Rioja']",2,Río de Janeiro; Rioja,-32.9400306,-60.6808066,55.0,538.0,Municipio Rosario,Municipio,Rosario,820210,Servicio de Catastro e Información Territorial,IGN
2012,9668,2012-07-11,Miercoles,0.0,09:40:00,,0.0,2,"Automóvil,Automóvil",Av. Francia Y 3 De Febrero,3,2,0,0,1,0,0,,Avenida,,ROSARIO,Rosario,Asfalto,S/D,II,Dentro,Urbana,S/D,S/D,Intersección,S/D,S/D,S/D,S/D,S/D,S/D,Colisión,S/D,S/D,Cordón divisorio,S/D,POINT (-60.66711794999999 -32.947896799999995),"['Avenida Francia', '3 de Febrero']",2,Avenida Francia; 3 de Febrero,-32.947896799999995,-60.66711794999999,55.0,538.0,Municipio Rosario,Municipio,Rosario,820210,Servicio de Catastro e Información Territorial,IGN
2012,9671,2012-07-22,Domingo,0.0,21:10:00,,0.0,1,,Rioja Y Lavalle,3,1,0,0,2,0,0,,Calle,,ROSARIO,Rosario,Asfalto,S/D,II,Dentro,Urbana,S/D,S/D,Intersección,Otro,S/D,S/D,S/D,S/D,S/D,Colisión,S/D,S/D,Cordón divisorio,S/D,POINT (-60.67807470000001 -32.94053099999999),"['Rioja', 'Lavalle']",2,Rioja; Lavalle,-32.94053099999999,-60.67807470000001,55.0,538.0,Municipio Rosario,Municipio,Rosario,820210,Servicio de Catastro e Información Territorial,IGN
2012,9673,2012-07-22,Domingo,1.0,21:10:00,,0.0,2,"Automóvil,Automóvil",Rioja Y Lavalle,4,2,0,0,2,0,0,,Calle,,ROSARIO,Rosario,Asfalto,S/D,II,Dentro,Urbana,S/D,S/D,Intersección,S/D,S/D,S/D,S/D,S/D,S/D,Colisión,S/D,S/D,Cordón divisorio,S/D,POINT (-60.67807470000001 -32.94053099999999),"['Rioja', 'Lavalle']",2,Rioja; Lavalle,-32.94053099999999,-60.67807470000001,55.0,538.0,Municipio Rosario,Municipio,Rosario,820210,Servicio de Catastro e Información Territorial,IGN
2012,9674,2012-07-11,Miercoles,0.0,10:50:00,,0.0,2,"Automóvil,Moto/Ciclomotor",Castellanos Y 3 De Febrero,3,2,0,0,1,0,0,,Calle,,ROSARIO,Rosario,Asfalto,S/D,II,Dentro,Urbana,S/D,S/D,Intersección,S/D,S/D,S/D,S/D,S/D,S/D,Colisión,S/D,S/D,Cordón divisorio,S/D,POINT (-60.6767004 -32.9461743),"['Aaron Castellanos', '3 de Febrero']",2,Aaron Castellanos; 3 de Febrero,-32.9461743,-60.6767004,55.0,538.0,Municipio Rosario,Municipio,Rosario,820210,Servicio de Catastro e Información Territorial,IGN
2012,9679,2012-07-12,Jueves,0.0,13:30:00,,0.0,2,"Taxi/Remis,Automóvil",Mendoza Y Alsina,2,1,0,0,1,0,0,,Calle,,ROSARIO,Rosario,Asfalto,S/D,II,Dentro,Urbana,S/D,S/D,Intersección,S/D,S/D,Diurna,S/D,S/D,S/D,Colisión,S/D,S/D,Cordón divisorio,S/D,POINT (-60.67769160000001 -32.94473060000001),"['Mendoza', 'Alsina']",2,Mendoza; Alsina,-32.94473060000001,-60.67769160000001,55.0,538.0,Municipio Rosario,Municipio,Rosario,820210,Servicio de Catastro e Información Territorial,IGN
2012,9681,2012-07-12,Jueves,0.0,,,0.0,2,"Automóvil,Automóvil",Montevideo Y Suipacha,4,1,0,0,3,0,0,,Calle,,ROSARIO,Rosario,Asfalto,S/D,II,Dentro,Urbana,S/D,S/D,Intersección,S/D,S/D,S/D,S/D,S/D,S/D,Colisión,S/D,S/D,Cordón divisorio,S/D,POINT (-60.666596600000005 -32.95149549999999),"['Montevideo', 'Suipacha']",2,Montevideo; Suipacha,-32.95149549999999,-60.666596600000005,55.0,538.0,Municipio Rosario,Municipio,Rosario,820210,Servicio de Catastro e Información Territorial,IGN
2012,9686,2012-07-23,Lunes,0.0,,,0.0,3,"Automóvil,Pickup/Utilitario,Automóvil",Av. Pellegrini Y Bv. Avellaneda,3,1,0,0,2,0,0,,Avenida,,ROSARIO,Rosario,Asfalto,S/D,II,Dentro,Urbana,S/D,S/D,Intersección,S/D,S/D,S/D,S/D,S/D,S/D,Colisión,S/D,S/D,Cordón divisorio,S/D,POINT (-60.68184480000001 -32.949949249999996),"['Pellegrini', 'Avellaneda']",2,Avenida Carlos Pellegrini; Bulevar Nicolás Avellaneda,-32.94994925,-60.68184480000001,55.0,538.0,Municipio Rosario,Municipio,Rosario,820210,Servicio de Catastro e Información Territorial,IGN
2012,9696,2012-07-13,Viernes,0.0,,,0.0,2,"Moto/Ciclomotor,Automóvil",Vera Mujica Y San Juan,2,1,0,0,1,0,0,,Calle,,ROSARIO,Rosario,Asfalto,S/D,II,Dentro,Urbana,S/D,S/D,Intersección,S/D,S/D,S/D,S/D,S/D,S/D,Colisión,S/D,S/D,Cordón divisorio,S/D,POINT (-60.6678428 -32.94501609999999),"['Vera Mujíca', 'San Juan']",2,Vera Mujíca; San Juan,-32.94501609999999,-60.6678428,55.0,538.0,Municipio Rosario,Municipio,Rosario,820210,Servicio de Catastro e Información Territorial,IGN
2012,9699,2012-07-11,Miercoles,0.0,,,0.0,2,"Moto/Ciclomotor,Automóvil",Mendoza Y Constitucion,2,1,0,0,1,0,0,,Calle,,ROSARIO,Rosario,Asfalto,S/D,II,Dentro,Urbana,S/D,S/D,Intersección,S/D,S/D,S/D,S/D,S/D,S/D,Colisión,S/D,S/D,Cordón divisorio,S/D,POINT (-60.6749889 -32.945215299999994),"['Mendoza', 'Constitución']",2,Mendoza; Constitución,-32.945215299999994,-60.6749889,55.0,538.0,Municipio Rosario,Municipio,Rosario,820210,Servicio de Catastro e Información Territorial,IGN
2012,9708,2012-07-24,Martes,0.0,,,0.0,2,"Taxi/Remis,Moto/Ciclomotor",Castellanos Y Rioja,2,1,0,0,1,0,0,,Calle,,ROSARIO,Rosario,Asfalto,S/D,II,Dentro,Urbana,S/D,S/D,Intersección,S/D,S/D,S/D,S/D,S/D,S/D,Colisión,S/D,S/D,Cordón divisorio,S/D,POINT (-60.6753704 -32.941017900000006),"['Aaron Castellanos', 'Rioja']",2,Aaron Castellanos; Rioja,-32.941017900000006,-60.6753704,55.0,538.0,Municipio Rosario,Municipio,Rosario,820210,Servicio de Catastro e Información Territorial,IGN
2012,9709,2012-07-12,Jueves,0.0,12:40:00,,0.0,2,"Automóvil,Automóvil",San Luis Y Alsina,2,1,0,0,1,0,0,,Calle,,ROSARIO,Rosario,Asfalto,S/D,II,Dentro,Urbana,S/D,S/D,Intersección,S/D,S/D,Diurna,S/D,S/D,S/D,Colisión,S/D,S/D,Cordón divisorio,S/D,POINT (-60.67705600000001 -32.9422069),"['San Luis', 'Alsina']",2,San Luis; Alsina,-32.9422069,-60.67705600000001,55.0,538.0,Municipio Rosario,Municipio,Rosario,820210,Servicio de Catastro e Información Territorial,IGN
2012,9711,2012-07-25,Miercoles,0.0,,,0.0,2,"Moto/Ciclomotor,Automóvil",Montevideo 3600,2,1,0,0,1,0,0,,Calle,,ROSARIO,Rosario,Asfalto,S/D,II,Dentro,Urbana,S/D,S/D,Intersección,S/D,S/D,S/D,S/D,S/D,S/D,Colisión,S/D,S/D,Cordón divisorio,S/D,"-32.9500224, -60.6745658",['Montevideo 3600'],1,Montevideo 3600,-32.9500224,-60.6745658,55.0,538.0,Municipio Rosario,Municipio,Rosario,820210,Servicio de Catastro e Información Territorial,IGN
2012,9714,2012-07-25,Miercoles,0.0,00:30:00,,0.0,2,"Taxi/Remis,Moto/Ciclomotor",3 De Febrero Y Lavalle,3,2,0,0,1,0,0,,Calle,,ROSARIO,Rosario,Asfalto,S/D,II,Dentro,Urbana,S/D,S/D,Intersección,S/D,S/D,S/D,S/D,S/D,S/D,Colisión,S/D,S/D,Cordón divisorio,S/D,POINT (-60.6793582 -32.94569909999999),"['3 de Febrero', 'Lavalle']",2,3 de Febrero; Lavalle,-32.94569909999999,-60.6793582,55.0,538.0,Municipio Rosario,Municipio,Rosario,820210,Servicio de Catastro e Información Territorial,IGN
2012,9717,2012-07-13,Viernes,0.0,19:30:00,,0.0,2,"Pickup/Utilitario,Taxi/Remis",CORDOBA Y CAFFERATA,2,1,0,0,1,0,0,,Calle,,ROSARIO,Rosario,Asfalto,S/D,II,S/D,Urbana,Ninguna,S/D,Intersección,S/D,S/D,Diurna,S/D,S/D,S/D,Colisión,S/D,S/D,Cordón divisorio,S/D,POINT (-60.6709866 -32.9405587),"['Córdoba', 'Cafferata']",2,Córdoba; Cafferata,-32.9405587,-60.6709866,55.0,538.0,Municipio Rosario,Municipio,Rosario,820210,Servicio de Catastro e Información Territorial,IGN
2012,9718,2012-07-25,Miercoles,0.0,,,0.0,2,"Automóvil,Automóvil",Mendoza Y Ricchieri,2,1,0,0,1,0,0,,Calle,,ROSARIO,Rosario,Asfalto,S/D,II,Dentro,Urbana,S/D,S/D,Intersección,S/D,S/D,S/D,Otro,S/D,S/D,Colisión,S/D,S/D,Cordón divisorio,S/D,POINT (-60.664123800000006 -32.9471363),"['Mendoza', 'Ricchieri']",2,Mendoza; Ricchieri,-32.9471363,-60.664123800000006,55.0,538.0,Municipio Rosario,Municipio,Rosario,820210,Servicio de Catastro e Información Territorial,IGN
2012,9719,2012-07-25,Miercoles,0.0,18:05:00,,0.0,2,"Moto/Ciclomotor,Pickup/Utilitario",ZEBALLOS Y CASTELLANOS,2,1,0,0,1,0,0,,Calle,,ROSARIO,Rosario,Asfalto,S/D,II,Dentro,Urbana,S/D,S/D,Intersección,S/D,S/D,S/D,S/D,S/D,S/D,Colisión,S/D,S/D,Cordón divisorio,S/D,POINT (-60.67724419999999 -32.94837350000001),"['Zeballos', 'Aaron Castellanos']",2,Zeballos; Aaron Castellanos,-32.94837350000001,-60.67724419999999,55.0,538.0,Municipio Rosario,Municipio,Rosario,820210,Servicio de Catastro e Información Territorial,IGN
2012,9722,2012-07-26,Jueves,0.0,,,0.0,2,"Moto/Ciclomotor,Automóvil",San Luis Y Alsina,3,2,0,0,1,0,0,,Calle,,ROSARIO,Rosario,Asfalto,S/D,II,Dentro,Urbana,S/D,S/D,Intersección,S/D,S/D,S/D,S/D,S/D,S/D,Colisión,S/D,S/D,Cordón divisorio,S/D,POINT (-60.67705600000001 -32.9422069),"['San Luis', 'Alsina']",2,San Luis; Alsina,-32.9422069,-60.67705600000001,55.0,538.0,Municipio Rosario,Municipio,Rosario,820210,Servicio de Catastro e Información Territorial,IGN
2012,9723,2012-07-14,Sabado,0.0,,,0.0,2,"Pickup/Utilitario,Taxi/Remis",Mendoza Y Ricchieri,3,2,0,0,1,0,0,,Avenida,,ROSARIO,Rosario,Asfalto,S/D,VII,Dentro,Urbana,S/D,S/D,S/D,S/D,S/D,S/D,S/D,S/D,S/D,Colisión,S/D,S/D,Cordón divisorio,S/D,POINT (-60.664123800000006 -32.9471363),"['Mendoza', 'Ricchieri']",2,Mendoza; Ricchieri,-32.9471363,-60.664123800000006,55.0,538.0,Municipio Rosario,Municipio,Rosario,820210,Servicio de Catastro e Información Territorial,IGN
2012,9724,2012-07-26,Jueves,0.0,,,0.0,2,"Moto/Ciclomotor,Automóvil",Lavalle 1300,2,1,0,0,1,0,0,,Calle,,ROSARIO,Rosario,Asfalto,S/D,II,S/D,S/D,S/D,S/D,Intersección,S/D,S/D,S/D,S/D,S/D,S/D,Colisión,S/D,S/D,Cordón divisorio,S/D,"-32.9455793, -60.6793803",['Lavalle 1300'],1,Lavalle 1300,-32.9455793,-60.6793803,55.0,538.0,Municipio Rosario,Municipio,Rosario,820210,Servicio de Catastro e Información Territorial,IGN
2012,9728,2012-07-14,Sabado,0.0,,,0.0,2,"Automóvil,Automóvil",Cafferata Y Montevideo,2,1,0,0,0,0,1,,Calle,,ROSARIO,Rosario,Asfalto,S/D,II,Dentro,Urbana,S/D,S/D,Intersección,S/D,S/D,S/D,S/D,S/D,S/D,Colisión,S/D,S/D,Cordón divisorio,S/D,POINT (-60.67339379999999 -32.950285199999996),"['Cafferata', 'Montevideo']",2,Cafferata; Montevideo,-32.9502852,-60.67339379999999,55.0,538.0,Municipio Rosario,Municipio,Rosario,820210,Servicio de Catastro e Información Territorial,IGN
2012,9730,2012-07-16,Lunes,0.0,01:35:00,,0.0,2,"Automóvil,Automóvil",Cordoba Y Av. Francia,2,1,0,0,1,0,0,,Calle,,ROSARIO,Rosario,Asfalto,S/D,II,Dentro,Urbana,S/D,S/D,Intersección,S/D,S/D,S/D,S/D,S/D,S/D,Colisión,S/D,S/D,Cordón divisorio,S/D,POINT (-60.6655272 -32.94154475),"['Córdoba', 'Avenida Francia']",2,Córdoba; Avenida Francia,-32.94154475,-60.6655272,55.0,538.0,Municipio Rosario,Municipio,Rosario,820210,Servicio de Catastro e Información Territorial,IGN
2012,9732,2012-07-07,Sabado,0.0,19:15:00,,0.0,2,"Automóvil,Moto/Ciclomotor",Av. Alberdi Bis Y Jose Ingenieros,2,1,0,0,1,0,0,,Avenida,,ROSARIO,Rosario,Asfalto,S/D,II,S/D,S/D,S/D,Funciona,Intersección,S/D,S/D,Nocturna,S/D,Lateral,S/D,Colisión,S/D,S/D,S/D,S/D,POINT (-60.68477695 -32.916276550000006),"['Alberdi', 'José Ingenieros']",2,Avenida Alberdi; José Ingenieros,-32.916276550000006,-60.68477695,55.0,538.0,Municipio Rosario,Municipio,Rosario,820210,Servicio de Catastro e Información Territorial,IGN
2012,9734,2012-07-17,Martes,0.0,09:26:00,,0.0,2,"Transporte de Pasajeros Urbano (> 8 asientos),Peatón",Av. Alberdi Bis Y Av. Genova,2,1,0,0,0,0,1,,Avenida,,ROSARIO,Rosario,Asfalto,S/D,II,S/D,S/D,S/D,S/D,Intersección,Bueno,S/D,Diurna,S/D,S/D,S/D,Atropello,S/D,S/D,S/D,S/D,POINT (-60.685641200000006 -32.91519955000001),"['Alberdi', 'Genova']",2,Avenida Alberdi; Avenida Génova,-32.91519955000001,-60.685641200000006,55.0,538.0,Municipio Rosario,Municipio,Rosario,820210,Servicio de Catastro e Información Territorial,IGN
2012,9737,2012-07-16,Lunes,0.0,13:00:00,,0.0,2,"Automóvil,Moto/Ciclomotor",San Nicolas Y Marcos Paz,2,1,0,0,1,0,0,,Calle,,ROSARIO,Rosario,S/D,S/D,II,Dentro,Urbana,S/D,S/D,Intersección,S/D,S/D,Diurna,S/D,S/D,S/D,Colisión,S/D,S/D,Cordón divisorio,S/D,POINT (-60.6734384 -32.944757900000006),"['San Nicolás', 'Marcos Paz']",2,San Nicolás; Marcos Paz,-32.944757900000006,-60.6734384,55.0,538.0,Municipio Rosario,Municipio,Rosario,820210,Servicio de Catastro e Información Territorial,IGN
2012,9740,2012-07-17,Martes,0.0,17:15:00,,0.0,2,"Automóvil,Moto/Ciclomotor",Av. Alberdi Bis Y J.B.Justo,2,1,0,0,1,0,0,,Avenida,,ROSARIO,Rosario,Asfalto,No existe,II,S/D,S/D,S/D,Funciona,Intersección,Bueno,S/D,Con luz artificial,Buen Tiempo,S/D,S/D,S/D,S/D,S/D,S/D,S/D,POINT (-60.6864914 -32.91414039999999),"['Alberdi', 'Justo']",2,"('Avenida Alberdi', 'Juan Bautista Justo')",-32.91414039999999,-60.6864914,55.0,538.0,Municipio Rosario,Municipio,Rosario,820210,Servicio de Catastro e Información Territorial,IGN
2012,9743,2012-07-20,Viernes,0.0,08:45:00,,0.0,2,"Peatón,Transporte de Pasajeros Urbano (> 8 asientos)",Av. Alberdi Bis Y Almafuerte,2,1,0,0,0,0,1,,Avenida,,ROSARIO,Rosario,Asfalto,S/D,II,S/D,Urbana,S/D,S/D,Intersección,Bueno,Buena,S/D,S/D,S/D,S/D,Atropello,S/D,S/D,S/D,S/D,POINT (-60.683913999999994 -32.917345749999996),"['Alberdi', 'Almafuerte']",2,Avenida Alberdi; Almafuerte,-32.91734575,-60.683914,55.0,538.0,Municipio Rosario,Municipio,Rosario,820210,Servicio de Catastro e Información Territorial,IGN