anio_acci,nro_acci,fecha,desc_dia,fecha_aprox,hora_aprox,desc_ruta,km,cant_participantes,desc_participante,calle_avenida_km,total,heridos_leves,heridos_graves,heridos_gravisimos,ilesos,fallecidos,sin_datos,posicion_XY,desc_tipo_via,desc_ruta_ori,desc_loc,desc_dpto,desc_tipo_calzada,desc_tipo_banquina,desc_unidad_regional,desc_lugar_calzada,desc_zona,desc_prioridad,desc_estado_semaforo,desc_lugar_via,desc_estado_via,desc_estado_visibilidad,desc_luminosidad,desc_estado_clima,desc_tipo_colision,desc_tipo_atropello,desc_tipo_hecho,desc_pres_calzada,desc_senializacion,desc_separacion_via,desc_restriccion,forma_geocod,calle_lista,numero_calles,calles_osm,lat,lon,index_right,gid,fna,gna,nam,in1,fdc,sag
2012,9749,2012-07-21,Sabado,0.0,00:10:00,,0.0,2,"Moto/Ciclomotor,Automóvil",AV. ALBERDI BIS Y CARRASCO,2,1,0,0,1,0,0,,Avenida,,ROSARIO,Rosario,Asfalto,No existe,II,S/D,S/D,S/D,Funciona,Intersección,Bueno,S/D,Con luz artificial,S/D,S/D,S/D,Colisión,S/D,S/D,S/D,S/D,POINT (-60.68170235 -32.920125299999995),"['Alberdi', 'Carrasco']",2,Avenida Alberdi; Omar Carrasco,-32.920125299999995,-60.68170235,55.0,538.0,Municipio Rosario,Municipio,Rosario,820210,Servicio de Catastro e Información Territorial,IGN
2012,9752,2012-07-11,Miercoles,0.0,,,0.0,2,"Moto/Ciclomotor,Pickup/Utilitario",Gutenberg Y Montevideo,2,1,0,0,1,0,0,,Calle,,ROSARIO,Rosario,Asfalto,S/D,II,Dentro,Urbana,S/D,S/D,Intersección,S/D,S/D,S/D,S/D,S/D,S/D,Colisión,S/D,S/D,Cordón divisorio,S/D,POINT (-60.6897468 -32.947364699999994),"['Gutenberg', 'Montevideo']",2,Gutenberg; Montevideo,-32.947364699999994,-60.6897468,55.0,538.0,Municipio Rosario,Municipio,Rosario,820210,Servicio de Catastro e Información Territorial,IGN
2012,9756,2012-07-17,Martes,0.0,11:15:00,,0.0,2,"Automóvil,Moto/Ciclomotor",Rioja Y Pueyrredon,2,1,0,0,1,0,0,,Calle,,ROSARIO,Rosario,Asfalto,S/D,II,Dentro,Urbana,Ninguna,S/D,Intersección,S/D,S/D,S/D,S/D,S/D,S/D,Colisión,S/D,S/D,Cordón divisorio,S/D,POINT (-60.6576513 -32.944126799999985),"['Rioja', 'Pueyrredón']",2,Rioja; Pueyrredón,-32.944126799999985,-60.6576513,55.0,538.0,Municipio Rosario,Municipio,Rosario,820210,Servicio de Catastro e Información Territorial,IGN
2012,9758,2012-07-11,Miercoles,0.0,19:20:00,,0.0,2,"Automóvil,Bicicleta",HIPOLITO IRYGOYEN Y DARRAGUCIRA,3,1,0,0,1,0,1,,Calle,,ROSARIO,Rosario,Hormigón,No existe,II,S/D,Urbana,Ninguna,No existe,Intersección,Bueno,Buena,Nocturna,Buen Tiempo,Lateral,S/D,Atropello,Otro,Faltante,Ninguna,Sin restricción,POINT (-60.6970208 -32.88451679999999),"['Avenida Hipólito Irigoyen', 'José Darragueira']",2,Avenida Hipólito Irigoyen; José Darragueira,-32.88451679999999,-60.6970208,55.0,538.0,Municipio Rosario,Municipio,Rosario,820210,Servicio de Catastro e Información Territorial,IGN
2012,9760,2012-07-18,Miercoles,0.0,06:45:00,,0.0,2,"Moto/Ciclomotor,Moto/Ciclomotor",Cafferata Y 3 De Febrero,2,1,0,0,0,0,1,,Calle,,ROSARIO,Rosario,Asfalto,S/D,II,Dentro,Urbana,S/D,S/D,Intersección,S/D,S/D,S/D,S/D,S/D,S/D,Colisión,S/D,S/D,Cordón divisorio,S/D,POINT (-60.6725593 -32.946913499999994),"['Cafferata', '3 de Febrero']",2,Cafferata; 3 de Febrero,-32.946913499999994,-60.6725593,55.0,538.0,Municipio Rosario,Municipio,Rosario,820210,Servicio de Catastro e Información Territorial,IGN
2012,9761,2012-07-12,Jueves,0.0,17:30:00,,0.0,3,"Moto/Ciclomotor,Peatón,Peatón",Bv. Rondeau Y Martin Fierro,3,3,0,0,0,0,0,,Avenida,,ROSARIO,Rosario,Hormigón,S/D,II,Dentro,Urbana,Semáforo,Funciona,Recta,Bueno,Buena,Diurna,Buen Tiempo,Frontal,S/D,Atropello,S/D,S/D,Cordón divisorio,Sin restricción,POINT (-60.69743998 -32.87802498),"['Rondeau', 'Martin Fierro']",2,Bulevar General José Rondeau; Martin Fierro,-32.87802498,-60.69743998,55.0,538.0,Municipio Rosario,Municipio,Rosario,820210,Servicio de Catastro e Información Territorial,IGN
2012,9762,2012-07-18,Miercoles,0.0,17:50:00,,0.0,2,"Automóvil,Moto/Ciclomotor",Av. Pellegrini Y Constitucion,2,1,0,0,1,0,0,,Avenida,,ROSARIO,Rosario,S/D,S/D,II,Dentro,Urbana,S/D,S/D,Intersección,S/D,S/D,S/D,S/D,S/D,S/D,S/D,S/D,S/D,Cordón divisorio,S/D,POINT (-60.67641675 -32.950913),"['Pellegrini', 'Constitución']",2,Avenida Carlos Pellegrini; Constitución,-32.950913,-60.67641675,55.0,538.0,Municipio Rosario,Municipio,Rosario,820210,Servicio de Catastro e Información Territorial,IGN
2012,9765,2012-07-16,Lunes,0.0,16:15:00,,0.0,2,"Pickup/Utilitario,Moto/Ciclomotor",Aguero Y Maestro Massa,3,0,1,0,2,0,0,,Calle,,ROSARIO,Rosario,Asfalto,No existe,II,S/D,Urbana,Ninguna,No existe,Intersección,Bueno,Buena,Diurna,Buen Tiempo,Lateral,S/D,Colisión,Otro,Vertical,Ninguna,Sin restricción,POINT (-60.69683450000001 -32.8743288),"['Aguero', 'Maestro Massa']",2,Julián Segundo de Agüero; Maestro Massa,-32.8743288,-60.69683450000001,55.0,538.0,Municipio Rosario,Municipio,Rosario,820210,Servicio de Catastro e Información Territorial,IGN
2012,9766,2012-07-19,Jueves,0.0,10:00:00,,0.0,2,"Moto/Ciclomotor,Automóvil",Montevideo Y Pueyrredon,2,1,0,0,1,0,0,,Calle,,ROSARIO,Rosario,Asfalto,S/D,II,Dentro,Urbana,S/D,S/D,Intersección,S/D,S/D,Diurna,S/D,S/D,S/D,Colisión,S/D,S/D,Cordón divisorio,S/D,POINT (-60.6598108 -32.9527051),"['Montevideo', 'Pueyrredón']",2,Montevideo; Pueyrredón,-32.9527051,-60.6598108,55.0,538.0,Municipio Rosario,Municipio,Rosario,820210,Servicio de Catastro e Información Territorial,IGN
2012,9767,2012-07-19,Jueves,0.0,,,0.0,2,"Automóvil,Automóvil",Av. Pellegrini 3700,2,1,0,0,1,0,0,,Avenida,,ROSARIO,Rosario,Asfalto,S/D,II,Dentro,Urbana,S/D,S/D,Intersección,S/D,S/D,S/D,S/D,S/D,S/D,Colisión,S/D,S/D,Cordón divisorio,S/D,"-32.9508498, -60.676236",['Pellegrini 3700'],1,Pellegrini 3700,-32.9508498,-60.676236,55.0,538.0,Municipio Rosario,Municipio,Rosario,820210,Servicio de Catastro e Información Territorial,IGN
2012,9768,2012-07-20,Viernes,0.0,11:00:00,,0.0,2,"Automóvil,Automóvil",Pueyrredon Y E.Zeballos,2,2,0,0,0,0,0,,Calle,,ROSARIO,Rosario,Asfalto,S/D,II,Dentro,Urbana,S/D,S/D,Intersección,S/D,S/D,Diurna,S/D,S/D,S/D,Colisión,S/D,S/D,Cordón divisorio,S/D,POINT (-60.6595219 -32.95155700000002),"['Pueyrredón', 'Zeballos']",2,Pueyrredón; Zeballos,-32.95155700000002,-60.6595219,55.0,538.0,Municipio Rosario,Municipio,Rosario,820210,Servicio de Catastro e Información Territorial,IGN
2012,9775,2012-07-19,Jueves,0.0,03:00:00,,0.0,2,"Automóvil,Automóvil",Baigorria Y Zelaya,3,1,0,0,2,0,0,,Calle,,ROSARIO,Rosario,Hormigón,No existe,II,S/D,Urbana,Señal Pare,No existe,Intersección,Bueno,Buena,Nocturna,Buen Tiempo,Otro,S/D,Colisión,Otro,Vertical,Ninguna,Sin restricción,POINT (-60.69689309999999 -32.8923404),"['Baigorria', 'Zelaya']",2,Baigorria; Zelaya,-32.8923404,-60.69689309999999,55.0,538.0,Municipio Rosario,Municipio,Rosario,820210,Servicio de Catastro e Información Territorial,IGN
2012,9777,2012-07-21,Sabado,0.0,21:10:00,,0.0,2,"Moto/Ciclomotor,Moto/Ciclomotor",Casiano Casas Y Washington,3,1,0,0,0,0,2,,Avenida,,ROSARIO,Rosario,Hormigón,No existe,II,S/D,Urbana,Ninguna,No existe,Recta,Bueno,Buena,Nocturna,Buen Tiempo,"Contra objeto fijo,De alcance",S/D,Colisión,Otro,Vertical,Cordón divisorio,Sin restricción,POINT (-60.7007901 -32.9034752),"['Avenida Casiano Casas', 'Washington']",2,Avenida Casiano Casas; Washington,-32.9034752,-60.7007901,55.0,538.0,Municipio Rosario,Municipio,Rosario,820210,Servicio de Catastro e Información Territorial,IGN
2012,9779,2012-07-23,Lunes,0.0,07:00:00,,0.0,2,"Automóvil,Moto/Ciclomotor",Valentin Gomez Y Ciudadela,2,1,0,0,1,0,0,,Calle,,ROSARIO,Rosario,Asfalto,S/D,II,S/D,Urbana,S/D,S/D,Intersección,Bueno,S/D,S/D,S/D,Frontal,S/D,Colisión,S/D,S/D,S/D,S/D,POINT (-60.702882300000006 -32.871175599999994),"['Valentín Gómez', 'Ciudadela']",2,Valentín Gómez; Ciudadela,-32.871175599999994,-60.702882300000006,55.0,538.0,Municipio Rosario,Municipio,Rosario,820210,Servicio de Catastro e Información Territorial,IGN
2012,9780,2012-07-24,Martes,0.0,21:00:00,,0.0,2,"Automóvil,Moto/Ciclomotor",Herrera 900,2,1,0,0,1,0,0,,Calle,,ROSARIO,Rosario,Asfalto,S/D,II,S/D,Urbana,S/D,S/D,Recta,Bueno,Buena,Nocturna,S/D,De alcance,S/D,Colisión,S/D,S/D,S/D,S/D,"-32.8959553, -60.6947772",['Herrera 900'],1,Herrera 900,-32.8959553,-60.6947772,55.0,538.0,Municipio Rosario,Municipio,Rosario,820210,Servicio de Catastro e Información Territorial,IGN
2012,9781,2012-07-01,Domingo,0.0,20:00:00,,0.0,2,"Moto/Ciclomotor,Peatón",Valparaiso Y Virasoro,2,1,0,0,1,0,0,,Calle,,ROSARIO,Rosario,Asfalto,No existe,II,Dentro,Urbana,Ninguna,No existe,Recta,Bueno,Buena,Nocturna,Buen Tiempo,Otro,S/D,Atropello,S/D,Horizontal,Ninguna,Sin restricción,POINT (-60.68777740000001 -32.962068099999996),"['Valparaíso', 'Virasoro']",2,Valparaíso; Benjamín Virasoro,-32.9620681,-60.68777740000001,55.0,538.0,Municipio Rosario,Municipio,Rosario,820210,Servicio de Catastro e Información Territorial,IGN
2012,9782,2012-07-26,Jueves,0.0,09:25:00,,0.0,2,"Automóvil,Transporte de Pasajeros Urbano (> 8 asientos)",Valentin Gomez Y Goyena,3,1,0,0,2,0,0,,Calle,,ROSARIO,Rosario,Asfalto,S/D,II,S/D,Urbana,S/D,S/D,Intersección,Bueno,S/D,S/D,Buen Tiempo,Otro,S/D,Colisión,S/D,S/D,S/D,S/D,POINT (-60.701143800000004 -32.8770416),"['Valentín Gómez', 'Goyena']",2,Valentín Gómez; Pedro Goyena,-32.8770416,-60.7011438,55.0,538.0,Municipio Rosario,Municipio,Rosario,820210,Servicio de Catastro e Información Territorial,IGN
2012,9783,2012-07-01,Domingo,0.0,17:00:00,,0.0,2,"Moto/Ciclomotor,Pickup/Utilitario",Cerrito Y Lima,2,1,0,0,1,0,0,,Calle,,ROSARIO,Rosario,Asfalto,No existe,II,Dentro,Urbana,Ninguna,No existe,Intersección,Bueno,Buena,Atardecer,Buen Tiempo,Lateral,S/D,Colisión,S/D,"Horizontal,Vertical",Cordón divisorio,Sin restricción,POINT (-60.6871335 -32.953810999999995),"['Cerrito', 'Lima']",2,Cerrito; Lima,-32.953810999999995,-60.6871335,55.0,538.0,Municipio Rosario,Municipio,Rosario,820210,Servicio de Catastro e Información Territorial,IGN
2012,9784,2012-07-27,Viernes,0.0,08:35:00,,0.0,2,"Automóvil,Moto/Ciclomotor",Darragueira Y Superi,2,1,0,0,1,0,0,,Calle,,ROSARIO,Rosario,Asfalto,No existe,II,S/D,Urbana,Ninguna,No existe,Intersección,Bueno,Buena,Diurna,Buen Tiempo,Lateral,S/D,Colisión,Otro,Vertical,Ninguna,S/D,POINT (-60.695001399999995 -32.8947943),"['José Darragueira', 'Superi']",2,José Darragueira; Comandante José Superí,-32.8947943,-60.6950014,55.0,538.0,Municipio Rosario,Municipio,Rosario,820210,Servicio de Catastro e Información Territorial,IGN
2012,9785,2012-07-28,Sabado,0.0,20:20:00,,0.0,2,"Bicicleta,Automóvil",Bv. Rondeau 2800,2,1,0,0,1,0,0,,Avenida,,ROSARIO,Rosario,Asfalto,S/D,II,S/D,Urbana,S/D,S/D,Recta,Bueno,S/D,Nocturna,Buen Tiempo,Contra objeto fijo,S/D,Atropello,S/D,S/D,S/D,S/D,"-32.8873086, -60.6943318",['Rondeau 2800'],1,Rondeau 2800,-32.8873086,-60.6943318,55.0,538.0,Municipio Rosario,Municipio,Rosario,820210,Servicio de Catastro e Información Territorial,IGN
2012,9786,2012-07-28,Sabado,0.0,19:40:00,,0.0,2,"Moto/Ciclomotor,Moto/Ciclomotor",BV. RONDEAU Y VILA,2,2,0,0,0,0,0,,Avenida,,ROSARIO,Rosario,Asfalto,S/D,II,S/D,Urbana,S/D,Funciona,Intersección,Bueno,S/D,Nocturna,S/D,Frontal,S/D,Colisión,S/D,S/D,S/D,S/D,POINT (-60.691285475 -32.89816437499999),"['Rondeau', 'Vila']",2,Bulevar General José Rondeau; Carlos Ávila,-32.89816437499999,-60.691285475,55.0,538.0,Municipio Rosario,Municipio,Rosario,820210,Servicio de Catastro e Información Territorial,IGN
2012,9789,2012-07-29,Domingo,0.0,06:30:00,,0.0,2,"Taxi/Remis,Automóvil",Bv. Rondeau Y Matheu,2,1,0,0,1,0,0,,Avenida,,ROSARIO,Rosario,Asfalto,S/D,II,S/D,Urbana,S/D,Funciona,Intersección,Bueno,S/D,S/D,Buen Tiempo,De alcance,S/D,Colisión,S/D,S/D,S/D,Sin restricción,POINT (-60.694274275000005 -32.888422175),"['Rondeau', 'Matheu']",2,Bulevar General José Rondeau; Domingo Matheu,-32.888422175,-60.694274275000005,55.0,538.0,Municipio Rosario,Municipio,Rosario,820210,Servicio de Catastro e Información Territorial,IGN
2012,9790,2012-07-01,Domingo,0.0,21:30:00,,0.0,2,"Taxi/Remis,Peatón",Av. Pte.Peron Y Lima,3,1,0,0,1,0,1,,Avenida,,ROSARIO,Rosario,Asfalto,No existe,II,Dentro,Urbana,Ninguna,No existe,Recta,Bueno,Buena,"Nocturna,Con luz artificial",Buen Tiempo,Otro,S/D,Atropello,S/D,"Horizontal,Vertical",Cordón divisorio,Sin restricción,POINT (-60.6882115 -32.95812889999999),"['Avenida Presidente Perón', 'Lima']",2,Avenida Presidente Perón; Lima,-32.95812889999999,-60.6882115,55.0,538.0,Municipio Rosario,Municipio,Rosario,820210,Servicio de Catastro e Información Territorial,IGN
2012,9791,2012-07-02,Lunes,0.0,06:20:00,,0.0,2,"Taxi/Remis,Automóvil",Santa Fe Y Liniers,2,1,0,0,1,0,0,,Calle,,ROSARIO,Rosario,Asfalto,No existe,II,S/D,Urbana,Semáforo,Funciona,Intersección,Bueno,S/D,Diurna,S/D,Otro,S/D,Colisión,S/D,Horizontal,Línea divisoria pintada,Sin restricción,POINT (-60.69874070000001 -32.9353252),"['Santa Fe', 'Liniers']",2,Santa Fe; Liniers,-32.9353252,-60.69874070000001,55.0,538.0,Municipio Rosario,Municipio,Rosario,820210,Servicio de Catastro e Información Territorial,IGN
2012,9792,2012-07-04,Miercoles,0.0,12:00:00,,0.0,2,"Automóvil,Pickup/Utilitario",Cullen Y Bielsa,2,1,0,0,1,0,0,,Calle,,ROSARIO,Rosario,Asfalto,No existe,II,S/D,Urbana,Ninguna,No existe,Intersección,Bueno,S/D,Diurna,S/D,Lateral,S/D,Colisión,S/D,Faltante,Ninguna,Sin restricción,POINT (-60.7098029 -32.923671800000015),"['Cullen', 'Bielsa']",2,Cullen; Bielsa,-32.923671800000015,-60.7098029,55.0,538.0,Municipio Rosario,Municipio,Rosario,820210,Servicio de Catastro e Información Territorial,IGN
2012,9801,2012-07-10,Martes,0.0,12:45:00,,0.0,2,"Moto/Ciclomotor,Automóvil",San Lorenzo Y Matienzo,2,0,1,0,1,0,0,,Calle,,ROSARIO,Rosario,Asfalto,No existe,II,S/D,Urbana,Ninguna,No existe,Intersección,Bueno,Buena,Diurna,S/D,Lateral,S/D,Colisión,S/D,Faltante,Ninguna,Sin restricción,POINT (-60.6948999 -32.9340297),"['San Lorenzo', 'Matienzo']",2,San Lorenzo; Benjamín Matienzo,-32.9340297,-60.6948999,55.0,538.0,Municipio Rosario,Municipio,Rosario,820210,Servicio de Catastro e Información Territorial,IGN
2012,9802,2012-07-01,Domingo,0.0,18:45:00,,0.0,2,"Moto/Ciclomotor,Automóvil",Chacabuco 3100,3,2,0,0,1,0,0,,Calle,,ROSARIO,Rosario,Asfalto,S/D,II,S/D,S/D,Otra Señal,S/D,Recta,Bueno,S/D,Atardecer,Buen Tiempo,Lateral,S/D,Colisión,S/D,Horizontal,Ninguna,S/D,"-32.9759632, -60.6295938",['Chacabuco 3100'],1,Chacabuco 3100,-32.9759632,-60.6295938,55.0,538.0,Municipio Rosario,Municipio,Rosario,820210,Servicio de Catastro e Información Territorial,IGN
2012,9803,2012-07-03,Martes,0.0,07:00:00,,0.0,2,"Automóvil,Automóvil",Ayacucho Y Garay,2,1,0,0,1,0,0,,Calle,,ROSARIO,Rosario,Asfalto,No existe,II,Dentro,Urbana,Marca Vial,No existe,Intersección,Bueno,Buena,Diurna,Buen Tiempo,Lateral,S/D,Colisión,Otro,Vertical,Ninguna,Sin restricción,POINT (-60.6339717 -32.9765122),"['Ayacucho', 'Garay']",2,Ayacucho; Juan de Garay,-32.9765122,-60.6339717,55.0,538.0,Municipio Rosario,Municipio,Rosario,820210,Servicio de Catastro e Información Territorial,IGN
2012,9807,2012-07-16,Lunes,0.0,20:00:00,,0.0,2,"Tracción animal / Carro,Moto/Ciclomotor",Solis Y Pje. 1511,2,1,0,0,1,0,0,,Calle,,ROSARIO,Rosario,S/D,S/D,II,S/D,Urbana,S/D,S/D,Intersección,S/D,Buena,Nocturna,S/D,Lateral,S/D,Colisión,S/D,S/D,S/D,S/D,POINT (-60.7038091 -32.930721500000004),"['Solis', 'Pasaje 1511']",2,Juan Díaz de Solís; Pasaje 1511,-32.930721500000004,-60.7038091,55.0,538.0,Municipio Rosario,Municipio,Rosario,820210,Servicio de Catastro e Información Territorial,IGN
2012,9809,2012-07-03,Martes,0.0,22:30:00,,0.0,2,"Moto/Ciclomotor,Automóvil",L.N.Alem Y Biedma,2,1,0,0,1,0,0,,Calle,,ROSARIO,Rosario,Asfalto,No existe,II,S/D,S/D,Marca Vial,No existe,Intersección,Bueno,Buena,"Nocturna,Con luz artificial",Buen Tiempo,Lateral,S/D,Colisión,Otro,Vertical,Ninguna,Sin restricción,POINT (-60.637076300000004 -32.9831384),"['Alem', 'Coronel Biedma']",2,Leandro N. Alem; Coronel Biedma,-32.9831384,-60.6370763,55.0,538.0,Municipio Rosario,Municipio,Rosario,820210,Servicio de Catastro e Información Territorial,IGN
2012,9815,2012-07-16,Lunes,0.0,13:45:00,,0.0,2,"Automóvil,Moto/Ciclomotor",Velez Sarsfield 2400,2,1,0,0,1,0,0,,Calle,,ROSARIO,Rosario,S/D,S/D,II,S/D,Urbana,S/D,S/D,Recta,S/D,S/D,S/D,S/D,S/D,S/D,Colisión,S/D,S/D,S/D,S/D,"-32.9255427, -60.696525",['Velez Sarsfield 2400'],1,Velez Sarsfield 2400,-32.9255427,-60.696525,55.0,538.0,Municipio Rosario,Municipio,Rosario,820210,Servicio de Catastro e Información Territorial,IGN
2012,9819,2012-07-18,Miercoles,0.0,18:00:00,,0.0,2,"Bicicleta,Moto/Ciclomotor",Junin Y Roullon,2,1,0,0,1,0,0,,Calle,,ROSARIO,Rosario,Asfalto,S/D,II,S/D,Urbana,S/D,No existe,Intersección,S/D,S/D,S/D,S/D,S/D,S/D,Atropello,S/D,S/D,S/D,S/D,POINT (-60.7027733 -32.92730860000001),"['Junín', 'Alfredo Rouillón']",2,Junín; Alfredo Rouillón,-32.92730860000001,-60.7027733,55.0,538.0,Municipio Rosario,Municipio,Rosario,820210,Servicio de Catastro e Información Territorial,IGN
2012,9820,2012-07-05,Jueves,0.0,17:00:00,,0.0,2,"Moto/Ciclomotor,Automóvil",Necochea Y Ayolas,3,1,0,0,2,0,0,,Calle,,ROSARIO,Rosario,Asfalto,No existe,I,S/D,S/D,Ninguna,No existe,Intersección,Bueno,Buena,Diurna,Buen Tiempo,Lateral,S/D,Colisión,S/D,Horizontal,Ninguna,Sin restricción,POINT (-60.631812499999995 -32.97929800000001),"['Necochea', 'Ayolas']",2,Necochea; Ayolas,-32.97929800000001,-60.6318125,55.0,538.0,Municipio Rosario,Municipio,Rosario,820210,Servicio de Catastro e Información Territorial,IGN
2012,9824,2012-07-06,Viernes,0.0,18:00:00,,0.0,2,"Bicicleta,Pickup/Utilitario",Av. Pte.Peron Y Servando Bayo,2,1,0,0,1,0,0,,Avenida,,ROSARIO,Rosario,Asfalto,No existe,II,Dentro,Urbana,Ninguna,S/D,Intersección,Bueno,Buena,Atardecer,Buen Tiempo,S/D,S/D,Atropello,S/D,"Horizontal,Vertical",S/D,Sin restricción,POINT (-60.689665000000005 -32.95828664999999),"['Avenida Presidente Perón', 'Servando Bayo']",2,Avenida Presidente Perón; Servando Bayo,-32.95828664999999,-60.689665000000005,55.0,538.0,Municipio Rosario,Municipio,Rosario,820210,Servicio de Catastro e Información Territorial,IGN
2012,9827,2012-07-07,Sabado,0.0,11:45:00,,0.0,2,"Automóvil,Automóvil",Bv. Avellaneda Y Riobamba,3,1,0,0,1,0,1,,Avenida,,ROSARIO,Rosario,Asfalto,No existe,II,Dentro,Urbana,Ninguna,No existe,Recta,Bueno,Buena,Diurna,Buen Tiempo,De alcance,S/D,Colisión,S/D,"Horizontal,Vertical",Cordón divisorio,Sin restricción,POINT (-60.6833317 -32.955698850000005),"['Avellaneda', 'Riobamba']",2,Bulevar Nicolás Avellaneda; Riobamba,-32.955698850000005,-60.6833317,55.0,538.0,Municipio Rosario,Municipio,Rosario,820210,Servicio de Catastro e Información Territorial,IGN
2012,9829,2012-07-06,Viernes,0.0,01:30:00,,0.0,2,"Moto/Ciclomotor,Pickup/Utilitario",L.N.Alem Y Garay,3,2,0,0,1,0,0,,Calle,,ROSARIO,Rosario,Asfalto,No existe,II,S/D,S/D,Ninguna,No existe,Intersección,Bueno,Buena,Nocturna,Buen Tiempo,De alcance,S/D,Colisión,S/D,Horizontal,Ninguna,Sin restricción,POINT (-60.635357000000006 -32.97627119999999),"['Alem', 'Garay']",2,Leandro N. Alem; Juan de Garay,-32.97627119999999,-60.635357000000006,55.0,538.0,Municipio Rosario,Municipio,Rosario,820210,Servicio de Catastro e Información Territorial,IGN
2012,9832,2012-07-07,Sabado,0.0,11:20:00,,0.0,2,"Moto/Ciclomotor,Automóvil",Alsina Y Cerrito,2,1,0,0,1,0,0,,Calle,,ROSARIO,Rosario,Asfalto,No existe,II,Dentro,Urbana,Ninguna,No existe,Intersección,Bueno,Buena,Diurna,Lluvia,Lateral,S/D,Colisión,Agua,"Horizontal,Vertical",Cordón divisorio,Sin restricción,POINT (-60.6803033 -32.9550449),"['Alsina', 'Cerrito']",2,Alsina; Cerrito,-32.9550449,-60.6803033,55.0,538.0,Municipio Rosario,Municipio,Rosario,820210,Servicio de Catastro e Información Territorial,IGN
2012,9833,2012-07-06,Viernes,0.0,12:00:00,,0.0,2,"Bicicleta,Automóvil",Dr.Rivas Y Buenos Aires,2,1,0,0,1,0,0,,Calle,,ROSARIO,Rosario,Asfalto,No existe,II,S/D,S/D,Ninguna,No existe,Curva,Deteriorada,Buena,Diurna,Buen Tiempo,De alcance,S/D,Atropello,S/D,Horizontal,Ninguna,S/D,POINT (-60.64209 -32.9846811),"['Doctor Francisco Riva', 'Buenos Aires']",2,Doctor Francisco Riva; Buenos Aires,-32.9846811,-60.64209,55.0,538.0,Municipio Rosario,Municipio,Rosario,820210,Servicio de Catastro e Información Territorial,IGN
2012,9838,2012-07-06,Viernes,0.0,15:55:00,,0.0,2,"Moto/Ciclomotor,Moto/Ciclomotor",Buenos Aires Y Pte.Quintana,5,5,0,0,0,0,0,,S/D,,ROSARIO,Rosario,Asfalto,S/D,II,S/D,S/D,Ninguna,S/D,Intersección,Deteriorada,S/D,Diurna,Buen Tiempo,Lateral,S/D,Colisión,S/D,Horizontal,Ninguna,Sin restricción,POINT (-60.64179190000001 -32.98350279999999),"['Buenos Aires', 'Quintana']",2,"('Buenos Aires', 'Presidente Quintana')",-32.98350279999999,-60.64179190000001,55.0,538.0,Municipio Rosario,Municipio,Rosario,820210,Servicio de Catastro e Información Territorial,IGN
2012,9840,2012-07-09,Lunes,0.0,15:00:00,,0.0,2,"Automóvil,Moto/Ciclomotor",Cafferata Y Av. Pte.Peron,2,1,0,0,1,0,0,,Avenida,,ROSARIO,Rosario,Asfalto,No existe,II,Dentro,Urbana,Semáforo,Funciona,Intersección,Bueno,Buena,Diurna,S/D,Lateral,S/D,Colisión,S/D,"Horizontal,Vertical",Cordón divisorio,Sin restricción,POINT (-60.674993900000004 -32.9565943),"['Cafferata', 'Avenida Presidente Perón']",2,Cafferata; Avenida Presidente Perón,-32.9565943,-60.6749939,55.0,538.0,Municipio Rosario,Municipio,Rosario,820210,Servicio de Catastro e Información Territorial,IGN
2012,9845,2012-07-10,Martes,0.0,13:15:00,,0.0,1,Moto/Ciclomotor,Bv. 27 De Febrero 4500,1,1,0,0,0,0,0,,Avenida,,ROSARIO,Rosario,Asfalto,S/D,II,Dentro,Urbana,Semáforo,Funciona,Recta,Bueno,Buena,Diurna,Buen Tiempo,Atropello animal,S/D,Atropello,S/D,"Horizontal,Vertical",Cordón divisorio,Sin restricción,"-32.9591945, -60.689717",['27 De Febrero 4500'],1,27 De Febrero 4500,-32.9591945,-60.689717,55.0,538.0,Municipio Rosario,Municipio,Rosario,820210,Servicio de Catastro e Información Territorial,IGN
2012,9846,2012-07-07,Sabado,0.0,01:05:00,,0.0,2,"Automóvil,Automóvil",Chacabuco Y Pje. Falcon,2,1,0,0,1,0,0,,Calle,,ROSARIO,Rosario,Asfalto,No existe,II,S/D,S/D,Ninguna,No existe,Cruce,Bueno,S/D,Nocturna,Buen Tiempo,Lateral,S/D,Colisión,S/D,Horizontal,Ninguna,Sin restricción,POINT (-60.629147999999994 -32.974374899999994),"['Chacabuco', 'Biblioteca Vigil']",2,Chacabuco; Biblioteca Vigil,-32.974374899999994,-60.629148,55.0,538.0,Municipio Rosario,Municipio,Rosario,820210,Servicio de Catastro e Información Territorial,IGN
2012,9847,2012-07-10,Martes,0.0,10:00:00,,0.0,2,"Moto/Ciclomotor,Automóvil",Bv. 27 De Febrero Y Lavalle,2,1,0,0,1,0,0,,Avenida,,ROSARIO,Rosario,Asfalto,No existe,II,Dentro,Urbana,Semáforo,Funciona,Intersección,Bueno,Buena,Diurna,Buen Tiempo,Lateral,S/D,Colisión,S/D,"Horizontal,Vertical",Cordón divisorio,Sin restricción,POINT (-60.68312645 -32.960508399999995),"['27 de Febrero', 'Lavalle']",2,Bulevar 27 de Febrero; Lavalle,-32.960508399999995,-60.68312645,55.0,538.0,Municipio Rosario,Municipio,Rosario,820210,Servicio de Catastro e Información Territorial,IGN