anio_acci,nro_acci,fecha,desc_dia,fecha_aprox,hora_aprox,desc_ruta,km,cant_participantes,desc_participante,calle_avenida_km,total,heridos_leves,heridos_graves,heridos_gravisimos,ilesos,fallecidos,sin_datos,posicion_XY,desc_tipo_via,desc_ruta_ori,desc_loc,desc_dpto,desc_tipo_calzada,desc_tipo_banquina,desc_unidad_regional,desc_lugar_calzada,desc_zona,desc_prioridad,desc_estado_semaforo,desc_lugar_via,desc_estado_via,desc_estado_visibilidad,desc_luminosidad,desc_estado_clima,desc_tipo_colision,desc_tipo_atropello,desc_tipo_hecho,desc_pres_calzada,desc_senializacion,desc_separacion_via,desc_restriccion,forma_geocod,calle_lista,numero_calles,calles_osm,lat,lon,index_right,gid,fna,gna,nam,in1,fdc,sag
2012,9849,2012-07-07,Sabado,0.0,00:25:00,,0.0,2,"Moto/Ciclomotor,Automóvil",Ayacucho Y Virasoro,3,2,0,0,1,0,0,,Calle,,ROSARIO,Rosario,Asfalto,Pavimento,II,S/D,S/D,Ninguna,No existe,Intersección,Bueno,Buena,Nocturna,Buen Tiempo,Lateral,S/D,Colisión,S/D,Vertical,Ninguna,Sin restricción,POINT (-60.6328196 -32.9719441),"['Ayacucho', 'Virasoro']",2,Ayacucho; Benjamín Virasoro,-32.9719441,-60.6328196,55.0,538.0,Municipio Rosario,Municipio,Rosario,820210,Servicio de Catastro e Información Territorial,IGN
2012,9851,2012-07-11,Miercoles,0.0,19:30:00,,0.0,2,"Automóvil,Pickup/Utilitario",Av. Pte.Peron Y Lavalle,2,1,0,0,0,0,1,,Avenida,,ROSARIO,Rosario,Asfalto,No existe,II,S/D,Urbana,Semáforo,S/D,Recta,Bueno,Buena,Nocturna,Buen Tiempo,De alcance,S/D,Colisión,S/D,Vertical,S/D,Sin restricción,POINT (-60.682345749999996 -32.95743954999999),"['Avenida Presidente Perón', 'Lavalle']",2,Avenida Presidente Perón; Lavalle,-32.95743954999999,-60.68234575,55.0,538.0,Municipio Rosario,Municipio,Rosario,820210,Servicio de Catastro e Información Territorial,IGN
2012,9853,2012-07-11,Miercoles,0.0,16:00:00,,0.0,2,"Moto/Ciclomotor,Automóvil",Virasoro Y San Nicolas,3,2,0,0,1,0,0,,Calle,,ROSARIO,Rosario,Asfalto,No existe,II,Dentro,Urbana,Ninguna,S/D,Intersección,Bueno,Buena,Atardecer,Buen Tiempo,De alcance,S/D,Colisión,S/D,"Horizontal,Vertical",Cordón divisorio,Sin restricción,POINT (-60.6782201 -32.96381259999999),"['Virasoro', 'San Nicolás']",2,Benjamín Virasoro; San Nicolás,-32.96381259999999,-60.6782201,55.0,538.0,Municipio Rosario,Municipio,Rosario,820210,Servicio de Catastro e Información Territorial,IGN
2012,9854,2012-07-08,Domingo,0.0,19:30:00,,0.0,2,"Moto/Ciclomotor,Automóvil",Laprida Y Centeno,3,2,0,0,1,0,0,,Calle,,ROSARIO,Rosario,Asfalto,Pavimento,II,S/D,S/D,S/D,No existe,Intersección,Bueno,Buena,Atardecer,Buen Tiempo,Lateral,S/D,Colisión,S/D,Horizontal,S/D,Sin restricción,POINT (-60.6438778 -32.98552210000001),"['Laprida', 'Centeno']",2,Francisco Narciso Laprida; Coronel Centeno,-32.98552210000001,-60.6438778,55.0,538.0,Municipio Rosario,Municipio,Rosario,820210,Servicio de Catastro e Información Territorial,IGN
2012,9857,2012-07-10,Martes,0.0,11:40:00,,0.0,2,"Moto/Ciclomotor,Automóvil",Buenos Aires Y Bv. Segui,2,1,0,0,1,0,0,,Avenida,,ROSARIO,Rosario,Asfalto,No existe,II,S/D,S/D,Ninguna,No existe,Intersección,Bueno,Buena,Diurna,Buen Tiempo,Lateral,S/D,Colisión,S/D,Horizontal,Ninguna,Sin restricción,POINT (-60.640923400000005 -32.98006374999999),"['Buenos Aires', 'Bulevar Juan Francisco Seguí']",2,Buenos Aires; Bulevar Juan Francisco Seguí,-32.98006374999999,-60.640923400000005,55.0,538.0,Municipio Rosario,Municipio,Rosario,820210,Servicio de Catastro e Información Territorial,IGN
2012,9858,2012-07-11,Miercoles,0.0,21:15:00,,0.0,2,"Moto/Ciclomotor,Automóvil",Rueda Y Bv. Avellaneda,2,1,0,0,1,0,0,,Calle,,ROSARIO,Rosario,Asfalto,No existe,II,S/D,Urbana,Otra Señal,S/D,Intersección,Bueno,Buena,"Nocturna,Con luz artificial",Buen Tiempo,De alcance,S/D,Colisión,S/D,"Horizontal,Vertical",Cordón divisorio,Sin restricción,POINT (-60.6853512 -32.963739950000004),"['Rueda', 'Avellaneda']",2,Rueda; Bulevar Nicolás Avellaneda,-32.963739950000004,-60.6853512,55.0,538.0,Municipio Rosario,Municipio,Rosario,820210,Servicio de Catastro e Información Territorial,IGN
2012,9861,2012-07-13,Viernes,0.0,07:30:00,,0.0,2,"Automóvil,Moto/Ciclomotor",Viamonte Y San Nicolas,2,1,0,0,1,0,0,,Calle,,ROSARIO,Rosario,Asfalto,No existe,II,S/D,Urbana,Otra Señal,No existe,Intersección,Bueno,Buena,Diurna,Buen Tiempo,Lateral,S/D,Colisión,S/D,"Horizontal,Vertical",Cordón divisorio,Sin restricción,POINT (-60.677083800000005 -32.9592011),"['Viamonte', 'San Nicolás']",2,Viamonte; San Nicolás,-32.9592011,-60.677083800000005,55.0,538.0,Municipio Rosario,Municipio,Rosario,820210,Servicio de Catastro e Información Territorial,IGN
2012,9865,2012-07-11,Miercoles,0.0,17:45:00,,0.0,2,"Taxi/Remis,Moto/Ciclomotor",L.N.Alem Y Centeno,2,1,0,0,1,0,0,,Calle,,ROSARIO,Rosario,Asfalto,Pavimento,II,S/D,S/D,Ninguna,No existe,Intersección,Bueno,Buena,Atardecer,Buen Tiempo,Lateral,S/D,Colisión,S/D,Horizontal,Ninguna,Sin restricción,POINT (-60.63794570000001 -32.98657800000001),"['Alem', 'Centeno']",2,Leandro N. Alem; Coronel Centeno,-32.98657800000001,-60.63794570000001,55.0,538.0,Municipio Rosario,Municipio,Rosario,820210,Servicio de Catastro e Información Territorial,IGN
2012,9866,2012-07-13,Viernes,0.0,08:45:00,,0.0,2,"Automóvil,Moto/Ciclomotor",Av. Pte.Peron Y Pascual Rosas,2,1,0,0,1,0,0,,Avenida,,ROSARIO,Rosario,Asfalto,No existe,VI,Dentro,Urbana,Otra Señal,S/D,Intersección,Bueno,Buena,Diurna,Buen Tiempo,De alcance,S/D,Colisión,S/D,"Horizontal,Vertical",Cordón divisorio,Sin restricción,POINT (-60.691128500000005 -32.95845274999999),"['Avenida Presidente Perón', 'Pascual Rosas']",2,Avenida Presidente Perón; Pascual Rosas,-32.95845274999999,-60.691128500000005,55.0,538.0,Municipio Rosario,Municipio,Rosario,820210,Servicio de Catastro e Información Territorial,IGN
2012,9867,2012-07-12,Jueves,0.0,20:30:00,,0.0,2,"Automóvil,Peatón",Ayolas Y Esmeralda,2,1,0,0,1,0,0,,Calle,,ROSARIO,Rosario,Asfalto,Pavimento,II,S/D,S/D,Ninguna,No existe,Recta,Bueno,Buena,Nocturna,Buen Tiempo,Frontal,S/D,Atropello,S/D,Horizontal,Ninguna,Sin restricción,POINT (-60.629082600000004 -32.9797835),"['Ayolas', 'Esmeralda']",2,Ayolas; Esmeralda,-32.9797835,-60.6290826,55.0,538.0,Municipio Rosario,Municipio,Rosario,820210,Servicio de Catastro e Información Territorial,IGN
2012,9869,2012-07-16,Lunes,0.0,16:30:00,,0.0,2,"Moto/Ciclomotor,Automóvil",Av. Battle y Ordoñez Y Mariano Moreno,2,1,0,0,1,0,0,,Avenida,,ROSARIO,Rosario,Asfalto,No existe,II,Dentro,Urbana,Marca Vial,No existe,Intersección,Bueno,Buena,Diurna,Buen Tiempo,Lateral,S/D,Colisión,Otro,Vertical,Ninguna,Sin restricción,POINT (-60.661635649999994 -33.0093064),"['Avenida Battle y Ordoñez', 'Mariano Moreno']",2,Avenida Battle y Ordoñez; Mariano Moreno,-33.0093064,-60.66163565,55.0,538.0,Municipio Rosario,Municipio,Rosario,820210,Servicio de Catastro e Información Territorial,IGN
2012,9872,2012-07-16,Lunes,0.0,13:30:00,,0.0,2,"Moto/Ciclomotor,Automóvil",Cafferata Y Biedma,3,1,0,0,2,0,0,,Calle,,ROSARIO,Rosario,Asfalto,No existe,II,Dentro,Urbana,Marca Vial,No existe,Intersección,Bueno,Buena,Diurna,Buen Tiempo,Lateral,S/D,Colisión,Otro,Vertical,Ninguna,Sin restricción,POINT (-60.6797569 -32.9755248),"['Cafferata', 'Coronel Biedma']",2,Cafferata; Coronel Biedma,-32.9755248,-60.6797569,55.0,538.0,Municipio Rosario,Municipio,Rosario,820210,Servicio de Catastro e Información Territorial,IGN
2012,9873,2012-07-15,Domingo,0.0,21:30:00,,0.0,2,"Vehículo Oficial,Moto/Ciclomotor",Alsina Y Virasoro,4,2,0,0,2,0,0,,Calle,,ROSARIO,Rosario,Asfalto,No existe,II,S/D,S/D,Ninguna,No existe,Intersección,Bueno,Buena,"Nocturna,Con luz artificial",S/D,Lateral,S/D,Colisión,S/D,"Horizontal,Vertical",Cordón divisorio,Sin restricción,POINT (-60.68233300000001 -32.963083),"['Alsina', 'Virasoro']",2,Alsina; Benjamín Virasoro,-32.963083,-60.68233300000001,55.0,538.0,Municipio Rosario,Municipio,Rosario,820210,Servicio de Catastro e Información Territorial,IGN
2012,9883,2012-07-17,Martes,0.0,08:45:00,,0.0,2,"Moto/Ciclomotor,Automóvil",Beruti Y Dr.Rivas,2,1,0,0,1,0,0,,Calle,,ROSARIO,Rosario,Asfalto,No existe,II,Dentro,Urbana,Marca Vial,No existe,Intersección,Bueno,Buena,Diurna,Buen Tiempo,Lateral,S/D,Colisión,Otro,Vertical,Cordón divisorio,Sin restricción,POINT (-60.629453100000006 -32.9869389),"['Luis Beruti', 'Doctor Francisco Riva']",2,Luis Beruti; Doctor Francisco Riva,-32.9869389,-60.629453100000006,55.0,538.0,Municipio Rosario,Municipio,Rosario,820210,Servicio de Catastro e Información Territorial,IGN
2012,9884,2012-07-17,Martes,0.0,09:00:00,,0.0,2,"Moto/Ciclomotor,Otros",Ayolas Y Beruti,3,2,0,0,1,0,0,,Calle,,ROSARIO,Rosario,Asfalto,No existe,II,Dentro,Urbana,Semáforo,Funciona,Intersección,Bueno,Buena,Diurna,Buen Tiempo,Lateral,S/D,Colisión,Otro,Vertical,Ninguna,Sin restricción,POINT (-60.6277139 -32.9800263),"['Ayolas', 'Luis Beruti']",2,Ayolas; Luis Beruti,-32.9800263,-60.6277139,55.0,538.0,Municipio Rosario,Municipio,Rosario,820210,Servicio de Catastro e Información Territorial,IGN
2012,9887,2012-07-18,Miercoles,0.0,18:00:00,,0.0,2,"Moto/Ciclomotor,Automóvil",1 de Mayo Y Centeno,3,2,0,0,1,0,0,,Calle,,ROSARIO,Rosario,Asfalto,No existe,II,Dentro,Urbana,Marca Vial,No existe,Intersección,Bueno,Buena,Atardecer,Buen Tiempo,Lateral,S/D,Colisión,Otro,Vertical,Ninguna,Sin restricción,POINT (-60.63931089999999 -32.9863345),"['Primero de Mayo', 'Centeno']",2,Primero de Mayo; Coronel Centeno,-32.9863345,-60.63931089999999,55.0,538.0,Municipio Rosario,Municipio,Rosario,820210,Servicio de Catastro e Información Territorial,IGN
2012,9888,2012-07-24,Martes,0.0,16:30:00,,0.0,2,"Moto/Ciclomotor,Automóvil",Pte.Quintana Y L.N.Alem,3,2,0,0,1,0,0,,Calle,,ROSARIO,Rosario,Asfalto,No existe,II,Dentro,Urbana,Marca Vial,No existe,Intersección,Bueno,Buena,Diurna,Buen Tiempo,Lateral,S/D,Colisión,Otro,Vertical,Ninguna,Sin restricción,POINT (-60.6373705 -32.9843019),"['Quintana', 'Alem']",2,Presidente Quintana; Leandro N. Alem,-32.9843019,-60.6373705,55.0,538.0,Municipio Rosario,Municipio,Rosario,820210,Servicio de Catastro e Información Territorial,IGN
2012,9891,2012-07-18,Miercoles,0.0,17:00:00,,0.0,2,"Moto/Ciclomotor,Automóvil",Chacabuco Y Ayolas,3,2,0,0,1,0,0,,Calle,,ROSARIO,Rosario,Asfalto,No existe,II,Dentro,Urbana,Marca Vial,No existe,Intersección,Bueno,Buena,Diurna,Buen Tiempo,Lateral,S/D,Colisión,Otro,Vertical,Ninguna,Sin restricción,POINT (-60.63043389999999 -32.9795449),"['Chacabuco', 'Ayolas']",2,Chacabuco; Ayolas,-32.9795449,-60.63043389999999,55.0,538.0,Municipio Rosario,Municipio,Rosario,820210,Servicio de Catastro e Información Territorial,IGN
2012,9897,2012-07-25,Miercoles,0.0,13:10:00,,0.0,2,"Moto/Ciclomotor,Automóvil",Esmeralda Y Centeno,2,1,0,0,1,0,0,,Calle,,ROSARIO,Rosario,Asfalto,No existe,II,Dentro,Urbana,Marca Vial,No existe,Intersección,Bueno,Buena,Diurna,Buen Tiempo,Lateral,S/D,Colisión,Otro,Vertical,Ninguna,Sin restricción,POINT (-60.631104300000004 -32.9877987),"['Esmeralda', 'Centeno']",2,Esmeralda; Coronel Centeno,-32.9877987,-60.6311043,55.0,538.0,Municipio Rosario,Municipio,Rosario,820210,Servicio de Catastro e Información Territorial,IGN
2012,9899,2012-07-25,Miercoles,0.0,17:30:00,,0.0,2,"Moto/Ciclomotor,Automóvil",Laprida Y Gaboto,2,1,0,0,1,0,0,,Calle,,ROSARIO,Rosario,Asfalto,No existe,II,Dentro,Urbana,Marca Vial,No existe,Intersección,Bueno,Buena,Diurna,Buen Tiempo,Lateral,S/D,Colisión,S/D,Vertical,Ninguna,Sin restricción,POINT (-60.6409907 -32.9740619),"['Laprida', 'Gaboto']",2,Francisco Narciso Laprida; Gaboto,-32.9740619,-60.6409907,55.0,538.0,Municipio Rosario,Municipio,Rosario,820210,Servicio de Catastro e Información Territorial,IGN
2012,9907,2012-07-19,Jueves,0.0,09:40:00,,0.0,2,"Taxi/Remis,Automóvil",Maipu Y Pje. Casablanca,3,1,0,0,2,0,0,,Calle,,ROSARIO,Rosario,Asfalto,No existe,II,Dentro,Urbana,Marca Vial,No existe,Intersección,Bueno,Buena,Diurna,Buen Tiempo,Lateral,S/D,Colisión,Otro,Vertical,Ninguna,Sin restricción,POINT (-60.64379459999999 -32.98020779999999),"['Maipú', 'Casablanca']",2,Maipú; Casablanca,-32.98020779999999,-60.64379459999999,55.0,538.0,Municipio Rosario,Municipio,Rosario,820210,Servicio de Catastro e Información Territorial,IGN
2012,9913,2012-07-19,Jueves,0.0,12:00:00,,0.0,2,"Peatón,Automóvil",Beruti Y Gaboto,2,1,0,0,1,0,0,,Calle,,ROSARIO,Rosario,Asfalto,No existe,II,Dentro,Urbana,Marca Vial,No existe,Intersección,Bueno,Buena,Diurna,Buen Tiempo,Lateral,S/D,Atropello,Otro,Vertical,Ninguna,Sin restricción,POINT (-60.6268401 -32.97655939999999),"['Luis Beruti', 'Gaboto']",2,Luis Beruti; Gaboto,-32.97655939999999,-60.6268401,55.0,538.0,Municipio Rosario,Municipio,Rosario,820210,Servicio de Catastro e Información Territorial,IGN
2012,9918,2012-07-19,Jueves,0.0,12:00:00,,0.0,2,"Moto/Ciclomotor,Automóvil",L.N.Alem Y Gaboto,2,1,0,0,1,0,0,,Calle,,ROSARIO,Rosario,Asfalto,No existe,II,Dentro,Urbana,Marca Vial,No existe,Intersección,Bueno,Buena,Diurna,Buen Tiempo,Lateral,S/D,Colisión,Otro,Vertical,Ninguna,Sin restricción,POINT (-60.635075900000004 -32.9751272),"['Alem', 'Gaboto']",2,Leandro N. Alem; Gaboto,-32.9751272,-60.6350759,55.0,538.0,Municipio Rosario,Municipio,Rosario,820210,Servicio de Catastro e Información Territorial,IGN
2012,9921,2012-07-27,Viernes,0.0,17:30:00,,0.0,2,"Moto/Ciclomotor,Automóvil",Grandoli Y Biedma,2,1,0,0,1,0,0,,Calle,,ROSARIO,Rosario,Asfalto,No existe,II,Dentro,Urbana,Marca Vial,No existe,Intersección,Bueno,Buena,Diurna,Buen Tiempo,Lateral,S/D,Colisión,Otro,Vertical,Ninguna,Sin restricción,POINT (-60.62816415 -32.984736049999995),"['Avenida Abanderado Grandoli', 'Coronel Biedma']",2,Avenida Abanderado Grandoli; Coronel Biedma,-32.984736049999995,-60.62816415,55.0,538.0,Municipio Rosario,Municipio,Rosario,820210,Servicio de Catastro e Información Territorial,IGN
2012,9922,2012-07-28,Sabado,0.0,15:40:00,,0.0,2,"Moto/Ciclomotor,Automóvil",L.N.Alem Y Pte.Quintana,2,1,0,0,1,0,0,,Calle,,ROSARIO,Rosario,Asfalto,No existe,II,Dentro,Urbana,Marca Vial,No existe,Intersección,Bueno,Buena,Diurna,Buen Tiempo,Lateral,S/D,Colisión,Otro,S/D,Ninguna,Sin restricción,POINT (-60.6373705 -32.9843019),"['Alem', 'Quintana']",2,Leandro N. Alem; Presidente Quintana,-32.9843019,-60.6373705,55.0,538.0,Municipio Rosario,Municipio,Rosario,820210,Servicio de Catastro e Información Territorial,IGN
2012,9923,2012-10-15,Lunes,0.0,08:30:00,,0.0,2,"Pickup/Utilitario,Automóvil",Av. San Martín Y Colectora,5,4,0,0,0,1,0,,Avenida,,ROSARIO,Rosario,Asfalto,No existe,II,Dentro,Urbana,Semáforo,Funciona,Intersección,Otro,Reducida,Diurna,Lluvia,Otro,S/D,Colisión,Otro,Faltante,Cordón divisorio,Sin restricción,POINT (-60.652083950000005 -33.015736849999996),"['San Martín', 'Colectora']",2,"('José de San Martín', 'Colectora Juan Pablo II')",-33.01573685,-60.652083950000005,55.0,538.0,Municipio Rosario,Municipio,Rosario,820210,Servicio de Catastro e Información Territorial,IGN
2012,9929,2012-07-28,Sabado,0.0,20:00:00,,0.0,2,"Peatón,Moto/Ciclomotor",Ayacucho Y 24 De Setiembre,2,1,0,0,1,0,0,,Calle,,ROSARIO,Rosario,Asfalto,No existe,II,Dentro,Urbana,Marca Vial,No existe,Intersección,Bueno,Buena,Nocturna,Buen Tiempo,Lateral,S/D,Atropello,Otro,Horizontal,Ninguna,Sin restricción,POINT (-60.6356427 -32.98220140000001),"['Ayacucho', '24 de Septiembre']",2,Ayacucho; 24 de Septiembre,-32.98220140000001,-60.6356427,55.0,538.0,Municipio Rosario,Municipio,Rosario,820210,Servicio de Catastro e Información Territorial,IGN
2012,9933,2012-07-29,Domingo,0.0,15:15:00,,0.0,2,"Moto/Ciclomotor,Automóvil",Beruti Y Pte.Quintana,2,1,0,0,1,0,0,,Calle,,ROSARIO,Rosario,Asfalto,No existe,II,Dentro,Urbana,Marca Vial,No existe,Intersección,Bueno,Buena,Diurna,Buen Tiempo,Lateral,S/D,Colisión,Otro,Vertical,Ninguna,Sin restricción,POINT (-60.6291512 -32.9857388),"['Luis Beruti', 'Quintana']",2,Luis Beruti; Presidente Quintana,-32.9857388,-60.6291512,55.0,538.0,Municipio Rosario,Municipio,Rosario,820210,Servicio de Catastro e Información Territorial,IGN
2012,9936,2012-07-30,Lunes,0.0,19:00:00,,0.0,2,"Bicicleta,Automóvil",Esmeralda Y Biedma,2,1,0,0,1,0,0,,Calle,,ROSARIO,Rosario,Asfalto,No existe,II,Dentro,Urbana,Marca Vial,No existe,Intersección,Bueno,Buena,"Atardecer,Con luz artificial",Buen Tiempo,Lateral,S/D,Atropello,Otro,Vertical,Ninguna,Sin restricción,POINT (-60.630243 -32.9843634),"['Esmeralda', 'Coronel Biedma']",2,Esmeralda; Coronel Biedma,-32.9843634,-60.630243,55.0,538.0,Municipio Rosario,Municipio,Rosario,820210,Servicio de Catastro e Información Territorial,IGN
2012,9938,2012-07-14,Sabado,0.0,08:20:00,,0.0,2,"Moto/Ciclomotor,Automóvil",Bv. Oroño Y Hilarion de la Quintana,3,2,0,0,1,0,0,,Avenida,,ROSARIO,Rosario,Asfalto,No existe,II,Dentro,Urbana,Semáforo,Funciona,Intersección,Bueno,Buena,Diurna,Buen Tiempo,Lateral,S/D,Vuelco,S/D,Vertical,Cordón divisorio,Sin restricción,POINT (-60.66510195000001 -33.00156164999999),"['Bulevar Nicasio Oroño', 'Hilarión de la Quintana']",2,Bulevar Nicasio Oroño; Hilarión de la Quintana,-33.00156164999999,-60.66510195000001,55.0,538.0,Municipio Rosario,Municipio,Rosario,820210,Servicio de Catastro e Información Territorial,IGN
2012,9941,2012-07-14,Sabado,0.0,11:50:00,,0.0,2,"Moto/Ciclomotor,Automóvil",Bv. Oroño Y Av. Uriburu,2,1,0,0,1,0,0,,Avenida,,ROSARIO,Rosario,Asfalto,No existe,II,Dentro,Urbana,Semáforo,Funciona,Intersección,Bueno,Buena,Diurna,Buen Tiempo,Lateral,S/D,Colisión,S/D,Vertical,Cordón divisorio,Sin restricción,POINT (-60.665160500000006 -32.99123049999999),"['Bulevar Nicasio Oroño', 'Uriburu']",2,Bulevar Nicasio Oroño; Avenida José Uriburu,-32.99123049999999,-60.665160500000006,55.0,538.0,Municipio Rosario,Municipio,Rosario,820210,Servicio de Catastro e Información Territorial,IGN
2012,9944,2012-07-02,Lunes,0.0,21:15:00,,0.0,2,"Moto/Ciclomotor,Automóvil",gutierrez 1944,2,1,0,0,1,0,0,,Calle,,ROSARIO,Rosario,Asfalto,No existe,II,Dentro,Urbana,Ninguna,S/D,Recta,Deteriorada,Buena,S/D,S/D,Lateral,S/D,Colisión,S/D,Faltante,Ninguna,S/D,"-32.8798071, -60.6887123",['Gutierrez 1944'],1,Gutierrez 1944,-32.8798071,-60.6887123,55.0,538.0,Municipio Rosario,Municipio,Rosario,820210,Servicio de Catastro e Información Territorial,IGN
2012,9946,2012-07-17,Martes,0.0,15:40:00,,0.0,2,"Moto/Ciclomotor,Pickup/Utilitario",PASAJE PATRIA Y CERECITO,2,1,0,0,1,0,0,,Calle,,ROSARIO,Rosario,Asfalto,No existe,II,Dentro,Urbana,Ninguna,No existe,Intersección,Deteriorada,Buena,Diurna,Buen Tiempo,Lateral,S/D,Colisión,S/D,Faltante,Ninguna,Sin restricción,POINT (-60.674002 -33.0002074),"['Patria', 'Cereseto']",2,Patria; Cereseto,-33.0002074,-60.674002,55.0,538.0,Municipio Rosario,Municipio,Rosario,820210,Servicio de Catastro e Información Territorial,IGN
2012,9947,2012-07-03,Martes,0.0,14:00:00,,0.0,2,"Automóvil,Automóvil",MORENO Y ARIJON,3,1,0,0,2,0,0,,Avenida,,ROSARIO,Rosario,Asfalto,No existe,II,Dentro,Urbana,Semáforo,Intermitente,Recta,Bueno,Buena,Diurna,Buen Tiempo,Otro,S/D,Colisión,S/D,Vertical,Línea divisoria pintada,Sin restricción,POINT (-60.6618893 -33.003447599999994),"['Moreno', 'Avenida Manuel Arijón']",2,Mariano Moreno; Avenida Manuel Arijón,-33.003447599999994,-60.6618893,55.0,538.0,Municipio Rosario,Municipio,Rosario,820210,Servicio de Catastro e Información Territorial,IGN
2012,9950,2012-07-04,Miercoles,0.0,16:00:00,,0.0,2,"Moto/Ciclomotor,Automóvil",Balcarce Y Padre R. Giaccone,2,1,0,0,0,0,1,,Calle,,ROSARIO,Rosario,Asfalto,No existe,II,Dentro,Urbana,Ninguna,No existe,Recta,Bueno,Buena,Diurna,Buen Tiempo,Lateral,S/D,Colisión,S/D,Faltante,Ninguna,Sin restricción,POINT (-60.66312090000001 -33.0083544),"['Balcarce', 'Padre R. Giaccone']",2,Balcarce; Padre R. Giaccone,-33.0083544,-60.66312090000001,55.0,538.0,Municipio Rosario,Municipio,Rosario,820210,Servicio de Catastro e Información Territorial,IGN
2012,9952,2012-07-20,Viernes,0.0,11:00:00,,0.0,2,"Automóvil,Pickup/Utilitario",L.N.Alem Y Dean Funes,3,2,0,0,1,0,0,,Calle,,ROSARIO,Rosario,Asfalto,No existe,II,Dentro,Urbana,Marca Vial,No existe,Intersección,Bueno,Buena,Diurna,Buen Tiempo,Lateral,S/D,Colisión,Otro,Vertical,Ninguna,Sin restricción,POINT (-60.6356395 -32.97742120000001),"['Alem', 'Deán Gregorio Funes']",2,Leandro N. Alem; Deán Gregorio Funes,-32.97742120000001,-60.6356395,55.0,538.0,Municipio Rosario,Municipio,Rosario,820210,Servicio de Catastro e Información Territorial,IGN
2012,9956,2012-07-24,Martes,0.0,07:00:00,,0.0,2,"Moto/Ciclomotor,Taxi/Remis",Bv. Segui Y Buenos Aires,2,1,0,0,1,0,0,,Avenida,,ROSARIO,Rosario,Asfalto,No existe,II,Dentro,Urbana,Marca Vial,No existe,Intersección,Bueno,Buena,Diurna,Buen Tiempo,Lateral,S/D,Colisión,Otro,Vertical,Vegetación,Sin restricción,POINT (-60.640923400000005 -32.98006374999999),"['Bulevar Juan Francisco Seguí', 'Buenos Aires']",2,Bulevar Juan Francisco Seguí; Buenos Aires,-32.98006374999999,-60.640923400000005,55.0,538.0,Municipio Rosario,Municipio,Rosario,820210,Servicio de Catastro e Información Territorial,IGN
2012,9957,2012-07-20,Viernes,0.0,21:40:00,,0.0,2,"Moto/Ciclomotor,Pickup/Utilitario",Pueyrredon 4800,2,1,0,0,1,0,0,,Calle,,ROSARIO,Rosario,Asfalto,No existe,II,Dentro,Urbana,Ninguna,No existe,Recta,Bueno,Buena,Nocturna,Buen Tiempo,Lateral,S/D,Colisión,S/D,Faltante,Ninguna,Sin restricción,"-32.9371534, -60.6558961",['Pueyrredon 4800'],1,Pueyrredon 4800,-32.9371534,-60.6558961,55.0,538.0,Municipio Rosario,Municipio,Rosario,820210,Servicio de Catastro e Información Territorial,IGN
2012,9958,2012-07-06,Viernes,0.0,19:30:00,,0.0,2,"Moto/Ciclomotor,Automóvil",Rodriguez Y Av. Arijon,2,1,0,0,1,0,0,,Avenida,,ROSARIO,Rosario,Asfalto,No existe,II,Dentro,Urbana,Ninguna,No existe,Intersección,Bueno,Buena,Atardecer,Buen Tiempo,Lateral,S/D,Colisión,S/D,Faltante,Línea divisoria pintada,Sin restricción,POINT (-60.670217300000004 -33.00366629999999),"['Rodríguez', 'Avenida Manuel Arijón']",2,Rodríguez de Escobedo; Avenida Manuel Arijón,-33.00366629999999,-60.6702173,55.0,538.0,Municipio Rosario,Municipio,Rosario,820210,Servicio de Catastro e Información Territorial,IGN
2012,9961,2012-07-21,Sabado,0.0,13:30:00,,0.0,2,"Moto/Ciclomotor,Automóvil",AV ARIJON Y TURIN,2,1,0,0,1,0,0,,Avenida,,ROSARIO,Rosario,Asfalto,No existe,II,Dentro,Urbana,Ninguna,No existe,Recta,Bueno,Buena,Diurna,Buen Tiempo,Lateral,S/D,Colisión,S/D,Faltante,Ninguna,Sin restricción,POINT (-60.6612346 -33.003428000000014),"['Avenida Manuel Arijón', 'Turín']",2,Avenida Manuel Arijón; Pasaje Turín,-33.003428000000014,-60.6612346,55.0,538.0,Municipio Rosario,Municipio,Rosario,820210,Servicio de Catastro e Información Territorial,IGN
2012,9965,2012-07-08,Domingo,0.0,19:00:00,,0.0,2,"Moto/Ciclomotor,Automóvil",BRANDONI Y ITALIA,3,2,0,0,1,0,0,,Calle,,ROSARIO,Rosario,Asfalto,No existe,II,Dentro,Urbana,Ninguna,No existe,Intersección,Bueno,Buena,Atardecer,Buen Tiempo,Lateral,S/D,Colisión,S/D,Faltante,Ninguna,Sin restricción,POINT (-60.65900190000001 -33.006289699999996),"['Brandoni', 'Italia']",2,Brandoni; Italia,-33.0062897,-60.65900190000001,55.0,538.0,Municipio Rosario,Municipio,Rosario,820210,Servicio de Catastro e Información Territorial,IGN