anio_acci,nro_acci,fecha,desc_dia,fecha_aprox,hora_aprox,desc_ruta,km,cant_participantes,desc_participante,calle_avenida_km,total,heridos_leves,heridos_graves,heridos_gravisimos,ilesos,fallecidos,sin_datos,posicion_XY,desc_tipo_via,desc_ruta_ori,desc_loc,desc_dpto,desc_tipo_calzada,desc_tipo_banquina,desc_unidad_regional,desc_lugar_calzada,desc_zona,desc_prioridad,desc_estado_semaforo,desc_lugar_via,desc_estado_via,desc_estado_visibilidad,desc_luminosidad,desc_estado_clima,desc_tipo_colision,desc_tipo_atropello,desc_tipo_hecho,desc_pres_calzada,desc_senializacion,desc_separacion_via,desc_restriccion,forma_geocod,calle_lista,numero_calles,calles_osm,lat,lon,index_right,gid,fna,gna,nam,in1,fdc,sag
2012,10111,2012-07-11,Miercoles,0.0,17:44:00,,0.0,2,"Moto/Ciclomotor,Pickup/Utilitario",Av. Uriburu Y 1 de Mayo,2,1,0,0,1,0,0,,Avenida,,ROSARIO,Rosario,Asfalto,No existe,II,Dentro,Urbana,Ninguna,No existe,Intersección,Otro,Buena,Atardecer,Otro,Lateral,S/D,Colisión,Otro,S/D,Ninguna,Sin restricción,POINT (-60.640381000000005 -32.9904657),"['Uriburu', 'Primero de Mayo']",2,Avenida José Uriburu; Primero de Mayo,-32.9904657,-60.640381000000005,55.0,538.0,Municipio Rosario,Municipio,Rosario,820210,Servicio de Catastro e Información Territorial,IGN
2012,10115,2012-07-12,Jueves,0.0,22:00:00,,0.0,2,"Moto/Ciclomotor,Taxi/Remis",Ayacucho Y Sanchez de Bustamante,2,1,0,0,1,0,0,,Avenida,,ROSARIO,Rosario,Asfalto,No existe,II,Dentro,Urbana,Ninguna,Funciona,Intersección,Bueno,Buena,Nocturna,Buen Tiempo,Lateral,S/D,Colisión,S/D,S/D,Ninguna,Sin restricción,POINT (-60.6361192 -33.00159320000001),"['Ayacucho', 'Sánchez de Bustamante']",2,Ayacucho; Sánchez de Bustamante,-33.00159320000001,-60.6361192,55.0,538.0,Municipio Rosario,Municipio,Rosario,820210,Servicio de Catastro e Información Territorial,IGN
2012,10117,2012-07-28,Sabado,0.0,,,0.0,2,"Moto/Ciclomotor,Automóvil",Anchorena Y Buenos Aires,2,1,0,0,1,0,0,,Calle,,ROSARIO,Rosario,Asfalto,No existe,II,S/D,S/D,Ninguna,No existe,Intersección,Bueno,Buena,S/D,S/D,Lateral,S/D,Colisión,S/D,S/D,Ninguna,Sin restricción,POINT (-60.64514079999999 -32.99767690000001),"['Anchorena', 'Buenos Aires']",2,Tomás de Anchorena; Buenos Aires,-32.99767690000001,-60.64514079999999,55.0,538.0,Municipio Rosario,Municipio,Rosario,820210,Servicio de Catastro e Información Territorial,IGN
2012,10163,2012-07-21,Sabado,0.0,18:20:00,,0.0,2,"Moto/Ciclomotor,Automóvil",GUTIERREZ Y HIPOCRATES,2,1,0,0,1,0,0,,Calle,,ROSARIO,Rosario,Asfalto,No existe,II,Dentro,Urbana,Ninguna,No existe,Intersección,Bueno,Buena,Atardecer,S/D,Lateral,S/D,Colisión,S/D,S/D,Ninguna,Sin restricción,POINT (-60.6327347 -32.99350640000001),"['Gutierrez', 'Hipócrates']",2,Ricardo Gutierrez; Hipócrates,-32.99350640000001,-60.6327347,55.0,538.0,Municipio Rosario,Municipio,Rosario,820210,Servicio de Catastro e Información Territorial,IGN
2012,10171,2012-07-22,Domingo,0.0,18:00:00,,0.0,2,"Moto/Ciclomotor,Automóvil",1 de Mayo Y Mr.Ross,2,1,0,0,1,0,0,,Calle,,ROSARIO,Rosario,Asfalto,No existe,II,Dentro,Urbana,Ninguna,No existe,Intersección,Bueno,Buena,Atardecer,S/D,Lateral,S/D,Colisión,S/D,S/D,Ninguna,Sin restricción,POINT (-60.640181 -32.98975519999999),"['Primero de Mayo', 'Rodrigo M. Ross']",2,Primero de Mayo; Rodrigo M. Ross,-32.98975519999999,-60.640181,55.0,538.0,Municipio Rosario,Municipio,Rosario,820210,Servicio de Catastro e Información Territorial,IGN
2012,10175,2012-07-26,Jueves,0.0,,,0.0,2,"Moto/Ciclomotor,Taxi/Remis",Ayacucho Y Esteban de Luca,6,2,0,0,4,0,0,,Calle,,ROSARIO,Rosario,Asfalto,No existe,II,Dentro,Urbana,Ninguna,No existe,Intersección,Bueno,S/D,S/D,S/D,Lateral,S/D,Colisión,S/D,S/D,Ninguna,Sin restricción,POINT (-60.6367093 -32.99455210000001),"['Ayacucho', 'Esteban de Luca']",2,Ayacucho; Esteban de Luca,-32.99455210000001,-60.6367093,55.0,538.0,Municipio Rosario,Municipio,Rosario,820210,Servicio de Catastro e Información Territorial,IGN
2012,10181,2012-07-27,Viernes,0.0,,,0.0,2,"Moto/Ciclomotor,Automóvil",Necochea Y Av. Uriburu,3,2,0,0,1,0,0,,Calle,,ROSARIO,Rosario,Asfalto,No existe,II,S/D,S/D,Ninguna,No existe,Intersección,Bueno,S/D,S/D,S/D,Lateral,S/D,Colisión,S/D,S/D,Ninguna,Sin restricción,POINT (-60.63463709999999 -32.9902797),"['Necochea', 'Uriburu']",2,Necochea; Avenida José Uriburu,-32.9902797,-60.63463709999999,55.0,538.0,Municipio Rosario,Municipio,Rosario,820210,Servicio de Catastro e Información Territorial,IGN
2012,10204,2012-07-13,Viernes,0.0,13:40:00,,0.0,2,"Moto/Ciclomotor,Automóvil",Garibaldi Y Laprida,5,4,0,0,1,0,0,,Calle,,ROSARIO,Rosario,Asfalto,No existe,II,Dentro,Urbana,Ninguna,No existe,Intersección,Bueno,Buena,Diurna,Buen Tiempo,Lateral,S/D,Colisión,S/D,S/D,Ninguna,Sin restricción,POINT (-60.6441661 -32.9866663),"['José Garibaldi', 'Laprida']",2,José Garibaldi; Francisco Narciso Laprida,-32.9866663,-60.6441661,55.0,538.0,Municipio Rosario,Municipio,Rosario,820210,Servicio de Catastro e Información Territorial,IGN
2012,10205,2012-07-13,Viernes,0.0,16:05:00,,0.0,2,"Moto/Ciclomotor,Automóvil",Ayacucho Y Sanchez de Bustamante,3,2,0,0,1,0,0,,Calle,,ROSARIO,Rosario,Asfalto,No existe,II,Dentro,Urbana,Ninguna,Funciona,Intersección,Bueno,Buena,Diurna,Buen Tiempo,Lateral,S/D,Colisión,S/D,S/D,Ninguna,Sin restricción,POINT (-60.6361192 -33.00159320000001),"['Ayacucho', 'Sánchez de Bustamante']",2,Ayacucho; Sánchez de Bustamante,-33.00159320000001,-60.6361192,55.0,538.0,Municipio Rosario,Municipio,Rosario,820210,Servicio de Catastro e Información Territorial,IGN
2012,10208,2012-07-23,Lunes,0.0,09:15:00,,0.0,2,"Automóvil,Automóvil",Bv. Oroño Y Av. Pellegrini,3,2,0,0,1,0,0,,Avenida,,ROSARIO,Rosario,S/D,S/D,II,Dentro,Urbana,Semáforo,Funciona,Rotonda,Bueno,Buena,Diurna,S/D,De alcance,S/D,Colisión,S/D,Horizontal,S/D,S/D,POINT (-60.656023850000004 -32.95457175),"['Bulevar Nicasio Oroño', 'Pellegrini']",2,Bulevar Nicasio Oroño; Avenida Carlos Pellegrini,-32.95457175,-60.65602385,55.0,538.0,Municipio Rosario,Municipio,Rosario,820210,Servicio de Catastro e Información Territorial,IGN
2012,10210,2012-07-23,Lunes,0.0,15:00:00,,0.0,2,"Automóvil,Moto/Ciclomotor",Bv. Oroño Y Av. Lugones,3,2,0,0,1,0,0,,Avenida,,ROSARIO,Rosario,Asfalto,S/D,II,Dentro,Urbana,S/D,S/D,Cruce,Bueno,Buena,Diurna,Buen Tiempo,Lateral,S/D,Colisión,S/D,Horizontal,S/D,S/D,POINT (-60.65693518333333 -32.95818631666667),"['Bulevar Nicasio Oroño', 'Lugones']",2,Bulevar Nicasio Oroño; Lorenzo Lugones,-32.95818631666667,-60.65693518333333,55.0,538.0,Municipio Rosario,Municipio,Rosario,820210,Servicio de Catastro e Información Territorial,IGN
2012,10211,2012-07-24,Martes,0.0,14:00:00,,0.0,2,"Automóvil,Moto/Ciclomotor",Bv. Oroño Y Av. Pellegrini,2,2,0,0,0,0,0,,Avenida,,ROSARIO,Rosario,S/D,S/D,II,Dentro,Urbana,Ninguna,Funciona,Rotonda,Bueno,S/D,Diurna,S/D,S/D,S/D,Colisión,S/D,S/D,S/D,S/D,POINT (-60.656023850000004 -32.95457175),"['Bulevar Nicasio Oroño', 'Pellegrini']",2,Bulevar Nicasio Oroño; Avenida Carlos Pellegrini,-32.95457175,-60.65602385,55.0,538.0,Municipio Rosario,Municipio,Rosario,820210,Servicio de Catastro e Información Territorial,IGN
2012,10213,2012-07-24,Martes,0.0,09:35:00,,0.0,2,"Automóvil,Automóvil",España Y La Paz,3,2,0,0,1,0,0,,Calle,,ROSARIO,Rosario,Asfalto,No existe,II,Dentro,Urbana,S/D,No existe,Intersección,Bueno,Buena,Diurna,Buen Tiempo,Lateral,S/D,Colisión,S/D,S/D,S/D,S/D,POINT (-60.650946700000006 -32.962692399999995),"['España', 'La Paz']",2,España; La Paz,-32.962692399999995,-60.650946700000006,55.0,538.0,Municipio Rosario,Municipio,Rosario,820210,Servicio de Catastro e Información Territorial,IGN
2012,10214,2012-07-27,Viernes,0.0,11:30:00,,0.0,2,"Taxi/Remis,Automóvil",San Martin Y Riobamba,2,1,0,0,1,0,0,,Calle,,ROSARIO,Rosario,Asfalto,S/D,II,Dentro,Urbana,S/D,S/D,Intersección,Bueno,Buena,Diurna,Buen Tiempo,De alcance,S/D,Colisión,S/D,S/D,S/D,S/D,POINT (-60.6408758 -32.96329339999999),"['San Martin', 'Riobamba']",2,José de San Martín; Riobamba,-32.96329339999999,-60.6408758,55.0,538.0,Municipio Rosario,Municipio,Rosario,820210,Servicio de Catastro e Información Territorial,IGN
2012,10215,2012-07-27,Viernes,0.0,10:00:00,,0.0,2,"Automóvil,Moto/Ciclomotor",Entre Rios Y Galvez,2,1,0,0,1,0,0,,Calle,,ROSARIO,Rosario,Asfalto,S/D,II,Dentro,Urbana,S/D,S/D,Recta,Bueno,Buena,Diurna,Buen Tiempo,De alcance,S/D,Colisión,S/D,S/D,S/D,S/D,POINT (-60.6465702 -32.968276),"['Entre Ríos', 'Galvez']",2,Entre Ríos; José Gálvez,-32.968276,-60.6465702,55.0,538.0,Municipio Rosario,Municipio,Rosario,820210,Servicio de Catastro e Información Territorial,IGN
2012,10216,2012-07-07,Sabado,0.0,03:00:00,,0.0,2,"Moto/Ciclomotor,Automóvil",Ayacucho Y Av. Arijon,2,1,0,0,1,0,0,,Avenida,,ROSARIO,Rosario,Asfalto,No existe,II,Dentro,Urbana,Ninguna,Intermitente,Intersección,Bueno,Buena,Nocturna,Buen Tiempo,S/D,S/D,Colisión,S/D,S/D,Línea divisoria pintada,S/D,POINT (-60.6360487 -33.00266679999999),"['Ayacucho', 'Avenida Manuel Arijón']",2,Ayacucho; Avenida Manuel Arijón,-33.00266679999999,-60.6360487,55.0,538.0,Municipio Rosario,Municipio,Rosario,820210,Servicio de Catastro e Información Territorial,IGN
2012,10218,2012-07-09,Lunes,0.0,13:45:00,,0.0,2,"Bicicleta,Automóvil",Laprida Y Pje. Moussy,2,1,0,0,1,0,0,,Calle,,ROSARIO,Rosario,Asfalto,No existe,II,Dentro,Urbana,Ninguna,No existe,Intersección,Bueno,Buena,Diurna,Buen Tiempo,S/D,S/D,Atropello,S/D,S/D,Ninguna,Sin restricción,POINT (-60.6456335 -32.9924381),"['Laprida', 'Moussy']",2,Francisco Narciso Laprida; Moussy,-32.9924381,-60.6456335,55.0,538.0,Municipio Rosario,Municipio,Rosario,820210,Servicio de Catastro e Información Territorial,IGN
2012,10219,2012-07-09,Lunes,0.0,09:30:00,,0.0,2,"Bicicleta,Automóvil",Ayacucho Y Hilarion de la Quintana,2,1,0,0,1,0,0,,Calle,,ROSARIO,Rosario,Asfalto,No existe,II,Dentro,Urbana,S/D,Funciona,Intersección,Bueno,Buena,Diurna,Buen Tiempo,S/D,S/D,Atropello,S/D,S/D,Ninguna,Sin restricción,POINT (-60.6362352 -33.0005716),"['Ayacucho', 'Hilarión de la Quintana']",2,Ayacucho; Hilarión de la Quintana,-33.0005716,-60.6362352,55.0,538.0,Municipio Rosario,Municipio,Rosario,820210,Servicio de Catastro e Información Territorial,IGN
2012,10220,2012-07-14,Sabado,0.0,13:00:00,,0.0,2,"Moto/Ciclomotor,Automóvil",LAPRIDA Y ANDRADE,2,1,0,0,1,0,0,,Calle,,ROSARIO,Rosario,Asfalto,No existe,II,Dentro,Urbana,Ninguna,No existe,Intersección,Bueno,S/D,Diurna,Buen Tiempo,Lateral,S/D,Colisión,S/D,S/D,Ninguna,Sin restricción,POINT (-60.6464752 -32.9958048),"['Laprida', 'Andrade']",2,Francisco Narciso Laprida; Olegario Victor Andrade,-32.9958048,-60.6464752,55.0,538.0,Municipio Rosario,Municipio,Rosario,820210,Servicio de Catastro e Información Territorial,IGN
2012,10223,2012-07-20,Viernes,0.0,18:30:00,,0.0,2,"Moto/Ciclomotor,Moto/Ciclomotor",Serrano Y Lamadrid,3,2,0,0,1,0,0,,Calle,,ROSARIO,Rosario,S/D,No existe,II,S/D,S/D,Ninguna,S/D,Intersección,S/D,S/D,Atardecer,S/D,Lateral,S/D,Colisión,S/D,S/D,S/D,S/D,POINT (-60.6320302 -32.9966089),"['Serrano', 'Lamadrid']",2,José Mariano Serrano; Gregorio Aráoz de Lamadrid,-32.9966089,-60.6320302,55.0,538.0,Municipio Rosario,Municipio,Rosario,820210,Servicio de Catastro e Información Territorial,IGN
2012,10224,2012-07-20,Viernes,0.0,21:35:00,,0.0,2,"Moto/Ciclomotor,Automóvil",Lamadrid Y Pje. Directorio,2,1,0,0,1,0,0,,Calle,,ROSARIO,Rosario,Asfalto,No existe,II,Dentro,Urbana,Ninguna,No existe,Intersección,Bueno,Buena,Nocturna,S/D,Lateral,S/D,Colisión,S/D,S/D,Ninguna,Sin restricción,POINT (-60.6467953 -32.9970349),"['Lamadrid', 'Directorio']",2,Gregorio Aráoz de Lamadrid; Directorio,-32.9970349,-60.6467953,55.0,538.0,Municipio Rosario,Municipio,Rosario,820210,Servicio de Catastro e Información Territorial,IGN
2012,10225,2012-07-21,Sabado,0.0,04:25:00,,0.0,2,"Automóvil,Vehículo Oficial",Sanchez de Bustamante Y Laprida,5,5,0,0,0,0,0,,Calle,,ROSARIO,Rosario,Asfalto,No existe,II,Dentro,Urbana,Ninguna,No existe,Intersección,Bueno,Buena,Nocturna,S/D,Lateral,S/D,Colisión,S/D,S/D,Ninguna,Sin restricción,POINT (-60.6470109 -33.00193699999999),"['Sánchez de Bustamante', 'Laprida']",2,Sánchez de Bustamante; Francisco Narciso Laprida,-33.00193699999999,-60.6470109,55.0,538.0,Municipio Rosario,Municipio,Rosario,820210,Servicio de Catastro e Información Territorial,IGN
2012,10227,2012-07-24,Martes,0.0,17:20:00,,0.0,2,"Peatón,Automóvil",Rio Negro 2400,2,1,0,0,1,0,0,,Calle,,ROSARIO,Rosario,Asfalto,Natural,II,Dentro,Urbana,S/D,No existe,Recta,Bueno,Buena,Diurna,Buen Tiempo,Frontal,S/D,Atropello,S/D,Horizontal,Ninguna,S/D,"-32.9413454, -60.7067557",['Rio Negro 2400'],1,Rio Negro 2400,-32.9413454,-60.7067557,55.0,538.0,Municipio Rosario,Municipio,Rosario,820210,Servicio de Catastro e Información Territorial,IGN
2012,10244,2012-07-04,Miercoles,0.0,12:55:00,,0.0,2,"Moto/Ciclomotor,Automóvil",CEPEDA Y Pasaje Befer,3,1,0,0,2,0,0,,Calle,,ROSARIO,Rosario,Asfalto,No existe,II,S/D,S/D,Semáforo,No existe,Intersección,Deteriorada,Buena,Diurna,Buen Tiempo,Lateral,S/D,Colisión,S/D,Horizontal,Ninguna,S/D,POINT (-60.625351300000005 -32.986760199999985),"['Cepeda', 'Becquer']",2,Cepeda; Becquer,-32.986760199999985,-60.625351300000005,55.0,538.0,Municipio Rosario,Municipio,Rosario,820210,Servicio de Catastro e Información Territorial,IGN
2012,10247,2012-07-15,Domingo,0.0,19:20:00,,0.0,2,"Automóvil,Moto/Ciclomotor",Alvear Y Coulin,2,1,0,0,1,0,0,,Calle,,ROSARIO,Rosario,Asfalto,No existe,II,Dentro,Urbana,S/D,S/D,Intersección,S/D,S/D,Atardecer,S/D,Lateral,S/D,Colisión,S/D,S/D,Ninguna,Sin restricción,POINT (-60.66605710000001 -32.988771099999994),"['Alvear', 'Coulin']",2,Alvear; Coulin,-32.988771099999994,-60.66605710000001,55.0,538.0,Municipio Rosario,Municipio,Rosario,820210,Servicio de Catastro e Información Territorial,IGN
2012,10252,2012-07-12,Jueves,0.0,18:00:00,,0.0,2,"Peatón,Automóvil",Dr.Rivas Y Rodriguez,2,1,0,0,1,0,0,,Calle,,ROSARIO,Rosario,Asfalto,Pavimento,II,Dentro,Urbana,S/D,No existe,Intersección,Bueno,Buena,Atardecer,S/D,S/D,S/D,Atropello,S/D,S/D,Ninguna,Sin restricción,POINT (-60.66813750000001 -32.97999129999999),"['Doctor Francisco Riva', 'Rodríguez']",2,Doctor Francisco Riva; Rodríguez de Escobedo,-32.97999129999999,-60.66813750000001,55.0,538.0,Municipio Rosario,Municipio,Rosario,820210,Servicio de Catastro e Información Territorial,IGN
2012,10255,2012-07-09,Lunes,0.0,20:45:00,,0.0,2,"Moto/Ciclomotor,Automóvil",Av. Uriburu Y Dorrego,3,2,0,0,1,0,0,,Calle,,ROSARIO,Rosario,Asfalto,Pavimento,II,Dentro,Urbana,Ninguna,No existe,Recta,Bueno,Buena,Atardecer,S/D,Frontal,S/D,Colisión,S/D,Faltante,Cordón divisorio,Sin restricción,POINT (-60.660994099999996 -32.99114285),"['Uriburu', 'Dorrego']",2,Avenida José Uriburu; Manuel Dorrego,-32.99114285,-60.6609941,55.0,538.0,Municipio Rosario,Municipio,Rosario,820210,Servicio de Catastro e Información Territorial,IGN
2012,10282,2012-07-08,Domingo,0.0,02:00:00,,0.0,2,"Moto/Ciclomotor,Pickup/Utilitario",Superi Y Medrano,3,2,0,0,1,0,0,,Calle,,ROSARIO,Rosario,Asfalto,No existe,II,Dentro,Urbana,Ninguna,No existe,Intersección,Bueno,Buena,Nocturna,Buen Tiempo,Lateral,S/D,Colisión,Otro,Faltante,Ninguna,Sin restricción,POINT (-60.70128499999999 -32.8961773),"['Superi', 'Medrano']",2,Comandante José Superí; Medrano,-32.8961773,-60.70128499999999,55.0,538.0,Municipio Rosario,Municipio,Rosario,820210,Servicio de Catastro e Información Territorial,IGN
2012,10287,2012-07-08,Domingo,0.0,19:00:00,,0.0,2,"Automóvil,Automóvil",Molina Y Baigorria,3,1,0,0,2,0,0,,Calle,,ROSARIO,Rosario,Asfalto,No existe,II,Dentro,Urbana,Ninguna,No existe,Intersección,Bueno,Buena,Diurna,Otro,Lateral,S/D,Colisión,Otro,Faltante,Ninguna,Sin restricción,POINT (-60.704748900000006 -32.8937796),"['Molina', 'Baigorria']",2,Molina; Baigorria,-32.8937796,-60.704748900000006,55.0,538.0,Municipio Rosario,Municipio,Rosario,820210,Servicio de Catastro e Información Territorial,IGN
2012,10295,2012-07-05,Jueves,0.0,15:45:00,,0.0,2,"Moto/Ciclomotor,Automóvil",Baigorria 2277,2,1,0,0,1,0,0,,Calle,,ROSARIO,Rosario,Asfalto,No existe,II,Dentro,Urbana,Ninguna,No existe,Recta,Bueno,Buena,Diurna,Buen Tiempo,Lateral,S/D,Colisión,Otro,Faltante,Ninguna,Sin restricción,"-32.893876134693876, -60.71244676938775",['Baigorria 2277'],1,Baigorria 2277,-32.89387613469388,-60.71244676938775,55.0,538.0,Municipio Rosario,Municipio,Rosario,820210,Servicio de Catastro e Información Territorial,IGN
2012,10298,2012-07-11,Miercoles,0.0,20:00:00,,0.0,2,"Moto/Ciclomotor,Automóvil",Palestina Y Medrano,2,1,0,0,1,0,0,,Calle,,ROSARIO,Rosario,Asfalto,No existe,II,Dentro,Urbana,Ninguna,No existe,Intersección,Bueno,Buena,Nocturna,Buen Tiempo,Lateral,S/D,Colisión,Otro,Faltante,Ninguna,Sin restricción,POINT (-60.7035924 -32.8858055),"['Palestina', 'Medrano']",2,Palestina; Medrano,-32.8858055,-60.7035924,55.0,538.0,Municipio Rosario,Municipio,Rosario,820210,Servicio de Catastro e Información Territorial,IGN
2012,10301,2012-07-23,Lunes,0.0,13:30:00,,0.0,2,"Peatón,Automóvil",PEYRANO  2700,2,1,0,0,1,0,0,,Calle,,ROSARIO,Rosario,Asfalto,S/D,II,Dentro,Urbana,S/D,No existe,Recta,Bueno,Buena,Diurna,Buen Tiempo,Otro,S/D,Atropello,S/D,Faltante,S/D,S/D,"-32.9328104, -60.6903755",['Peyrano 2700'],1,Peyrano 2700,-32.9328104,-60.6903755,55.0,538.0,Municipio Rosario,Municipio,Rosario,820210,Servicio de Catastro e Información Territorial,IGN
2012,10303,2012-07-21,Sabado,0.0,00:20:00,,0.0,2,"Moto/Ciclomotor,Moto/Ciclomotor",ANCHORIS Y HERRERA,3,3,0,0,0,0,0,,Calle,,ROSARIO,Rosario,Asfalto,No existe,II,Dentro,Urbana,Ninguna,No existe,Intersección,Bueno,Buena,Nocturna,Buen Tiempo,Lateral,S/D,Colisión,Otro,Faltante,Ninguna,Sin restricción,POINT (-60.69984120000001 -32.897172399999995),"['Anchoris', 'Herrera']",2,Anchoris; Franzini Herrera,-32.897172399999995,-60.69984120000001,55.0,538.0,Municipio Rosario,Municipio,Rosario,820210,Servicio de Catastro e Información Territorial,IGN
2012,10305,2012-07-25,Miercoles,0.0,15:45:00,,0.0,2,"Pickup/Utilitario,Moto/Ciclomotor",Medrano Y Castagnino,2,1,0,0,1,0,0,,Calle,,ROSARIO,Rosario,Asfalto,No existe,II,S/D,Urbana,Ninguna,No existe,Intersección,Bueno,Buena,Diurna,Buen Tiempo,Lateral,S/D,Colisión,Otro,Faltante,Ninguna,Sin restricción,POINT (-60.700350699999994 -32.8992068),"['Medrano', 'Castagnino']",2,Medrano; Castagnino,-32.8992068,-60.7003507,55.0,538.0,Municipio Rosario,Municipio,Rosario,820210,Servicio de Catastro e Información Territorial,IGN
2012,10307,2012-07-26,Jueves,0.0,14:45:00,,0.0,2,"Automóvil,Automóvil",Castagnino Y Laplace,4,1,0,0,3,0,0,,Calle,,ROSARIO,Rosario,Asfalto,No existe,II,S/D,Urbana,Ninguna,No existe,Intersección,Bueno,Buena,Diurna,Buen Tiempo,Otro,S/D,Colisión,Otro,Faltante,Ninguna,Sin restricción,POINT (-60.702454599999996 -32.89963500000001),"['Castagnino', 'Laplace']",2,Castagnino; Laplace,-32.89963500000001,-60.7024546,55.0,538.0,Municipio Rosario,Municipio,Rosario,820210,Servicio de Catastro e Información Territorial,IGN
2012,10311,2012-07-06,Viernes,0.0,10:30:00,,0.0,2,"Moto/Ciclomotor,Automóvil",sarmiento Y PJE. SAVIO,2,1,0,0,1,0,0,,Calle,,ROSARIO,Rosario,Asfalto,Pavimento,II,Dentro,Urbana,Ninguna,No existe,Intersección,Bueno,Buena,Diurna,S/D,Lateral,S/D,Colisión,S/D,S/D,Cordón divisorio,Sin restricción,POINT (-60.64915220000001 -32.99650659999999),"['Sarmiento', 'Savio']",2,Sarmiento; General Manuel Savio,-32.99650659999999,-60.64915220000001,55.0,538.0,Municipio Rosario,Municipio,Rosario,820210,Servicio de Catastro e Información Territorial,IGN
2012,10313,2012-07-12,Jueves,0.0,20:00:00,,0.0,2,"Moto/Ciclomotor,Automóvil",Av. Corrientes 2700,3,2,0,0,1,0,0,,Calle,,ROSARIO,Rosario,S/D,S/D,II,Dentro,Urbana,S/D,Funciona,Recta,Bueno,S/D,Nocturna,Buen Tiempo,Lateral,S/D,Colisión,S/D,Horizontal,S/D,S/D,"-32.9679117, -60.6480016",['Corrientes 2700'],1,Corrientes 2700,-32.9679117,-60.6480016,55.0,538.0,Municipio Rosario,Municipio,Rosario,820210,Servicio de Catastro e Información Territorial,IGN
2012,10316,2012-07-31,Martes,0.0,21:00:00,,0.0,2,"Moto/Ciclomotor,Pickup/Utilitario",Rio De Janeiro Y Garay,2,1,0,0,0,0,1,,Calle,,ROSARIO,Rosario,Asfalto,No existe,II,Dentro,Urbana,Ninguna,S/D,Intersección,Bueno,Buena,"Nocturna,Con luz artificial",Buen Tiempo,Lateral,S/D,Colisión,S/D,Faltante,Ninguna,Sin restricción,POINT (-60.687577299999994 -32.96692759999999),"['Río de Janeiro', 'Garay']",2,Río de Janeiro; Juan de Garay,-32.96692759999999,-60.6875773,55.0,538.0,Municipio Rosario,Municipio,Rosario,820210,Servicio de Catastro e Información Territorial,IGN
2012,10325,2012-07-30,Lunes,0.0,13:00:00,,0.0,2,"Pickup/Utilitario,Moto/Ciclomotor",Bv. Segui Y Cafferata,3,2,0,0,1,0,0,,Avenida,,ROSARIO,Rosario,Asfalto,No existe,II,Dentro,Urbana,Ninguna,Funciona,Recta,Bueno,Buena,Diurna,Buen Tiempo,De alcance,S/D,Colisión,S/D,"Horizontal,Vertical",Ninguna,Sin restricción,POINT (-60.67922995000001 -32.973209649999994),"['Bulevar Juan Francisco Seguí', 'Cafferata']",2,Bulevar Juan Francisco Seguí; Cafferata,-32.973209649999994,-60.67922995000001,55.0,538.0,Municipio Rosario,Municipio,Rosario,820210,Servicio de Catastro e Información Territorial,IGN
2012,10326,2012-07-30,Lunes,0.0,,,0.0,2,"Moto/Ciclomotor,Automóvil",Pasco Y L.N.Alem,3,2,0,0,1,0,0,,Calle,,ROSARIO,Rosario,Asfalto,Pavimento,II,Dentro,Urbana,Señal Pare,No existe,Intersección,Bueno,Buena,S/D,Buen Tiempo,S/D,S/D,Colisión,Otro,Vertical,Ninguna,Sin restricción,POINT (-60.6315826 -32.9613524),"['Pasco', 'Alem']",2,Pasco; Leandro N. Alem,-32.9613524,-60.6315826,55.0,538.0,Municipio Rosario,Municipio,Rosario,820210,Servicio de Catastro e Información Territorial,IGN
2012,10328,2012-07-30,Lunes,0.0,18:10:00,,0.0,2,"Taxi/Remis,Automóvil",La Paz Y Buenos Aires,3,1,0,0,1,0,1,,Calle,,ROSARIO,Rosario,Asfalto,S/D,II,Dentro,Urbana,Señal Pare,No existe,Intersección,Bueno,Buena,Atardecer,Buen Tiempo,S/D,S/D,Colisión,Otro,Vertical,Ninguna,Sin restricción,POINT (-60.6371524 -32.96514349999999),"['La Paz', 'Buenos Aires']",2,La Paz; Buenos Aires,-32.96514349999999,-60.6371524,55.0,538.0,Municipio Rosario,Municipio,Rosario,820210,Servicio de Catastro e Información Territorial,IGN
2012,10330,2012-07-01,Domingo,0.0,14:40:00,,0.0,2,"Moto/Ciclomotor,Automóvil",Av. Pellegrini Y L.N.Alem,2,1,0,0,1,0,0,,Avenida,,ROSARIO,Rosario,Asfalto,S/D,II,Dentro,Urbana,S/D,Funciona,Intersección,Bueno,S/D,Diurna,Buen Tiempo,Lateral,S/D,Colisión,S/D,S/D,Cordón divisorio,S/D,POINT (-60.63099875 -32.95908519999999),"['Pellegrini', 'Alem']",2,Avenida Carlos Pellegrini; Leandro N. Alem,-32.95908519999999,-60.63099875,55.0,538.0,Municipio Rosario,Municipio,Rosario,820210,Servicio de Catastro e Información Territorial,IGN
2012,10333,2012-07-14,Sabado,0.0,14:40:00,,0.0,2,"Automóvil,Automóvil",Av. Pellegrini Y San Martin,2,1,0,0,1,0,0,,Avenida,,ROSARIO,Rosario,Asfalto,S/D,II,Dentro,Urbana,S/D,S/D,S/D,Bueno,Buena,Diurna,S/D,Lateral,S/D,Colisión,S/D,S/D,Cordón divisorio,Sin restricción,POINT (-60.68038573333334 -32.9696798),"['Pellegrini', 'San Martin']",2,Avenida Carlos Pellegrini; José de San Martín,-32.9696798,-60.68038573333334,55.0,538.0,Municipio Rosario,Municipio,Rosario,820210,Servicio de Catastro e Información Territorial,IGN