anio_acci,nro_acci,fecha,desc_dia,fecha_aprox,hora_aprox,desc_ruta,km,cant_participantes,desc_participante,calle_avenida_km,total,heridos_leves,heridos_graves,heridos_gravisimos,ilesos,fallecidos,sin_datos,posicion_XY,desc_tipo_via,desc_ruta_ori,desc_loc,desc_dpto,desc_tipo_calzada,desc_tipo_banquina,desc_unidad_regional,desc_lugar_calzada,desc_zona,desc_prioridad,desc_estado_semaforo,desc_lugar_via,desc_estado_via,desc_estado_visibilidad,desc_luminosidad,desc_estado_clima,desc_tipo_colision,desc_tipo_atropello,desc_tipo_hecho,desc_pres_calzada,desc_senializacion,desc_separacion_via,desc_restriccion,forma_geocod,calle_lista,numero_calles,calles_osm,lat,lon,index_right,gid,fna,gna,nam,in1,fdc,sag
2012,10375,2012-07-16,Lunes,0.0,19:00:00,,0.0,2,"Peatón,Automóvil",Av. Pellegrini 600,2,1,0,0,1,0,0,,Avenida,,ROSARIO,Rosario,Asfalto,S/D,II,Dentro,Urbana,S/D,No funciona,Recta,Otro,Buena,Diurna,S/D,Otro,S/D,Colisión,S/D,S/D,Cordón divisorio,S/D,"-32.9584332, -60.6338523",['Pellegrini 600'],1,Pellegrini 600,-32.9584332,-60.6338523,55.0,538.0,Municipio Rosario,Municipio,Rosario,820210,Servicio de Catastro e Información Territorial,IGN
2012,10401,2012-07-17,Martes,0.0,19:30:00,,0.0,2,"Automóvil,Moto/Ciclomotor",Necochea Y 3 De Febrero,3,2,0,0,1,0,0,,Calle,,ROSARIO,Rosario,Asfalto,S/D,II,Dentro,Urbana,Ninguna,No existe,Intersección,Bueno,Buena,Diurna,S/D,Lateral,S/D,Colisión,S/D,Faltante,Cordón divisorio,S/D,POINT (-60.6257698 -32.955148699999995),"['Necochea', '3 de Febrero']",2,Necochea; 3 de Febrero,-32.955148699999995,-60.6257698,55.0,538.0,Municipio Rosario,Municipio,Rosario,820210,Servicio de Catastro e Información Territorial,IGN
2012,10413,2012-07-23,Lunes,0.0,14:50:00,,0.0,2,"Moto/Ciclomotor,Automóvil",Buenos Aires Y Montevideo,2,1,0,0,0,0,1,,Calle,,ROSARIO,Rosario,Asfalto,S/D,II,Dentro,Urbana,Ninguna,No existe,Intersección,Bueno,Buena,Diurna,Buen Tiempo,Lateral,S/D,Colisión,S/D,Faltante,S/D,S/D,POINT (-60.63512970000001 -32.9570983),"['Buenos Aires', 'Montevideo']",2,Buenos Aires; Montevideo,-32.9570983,-60.63512970000001,55.0,538.0,Municipio Rosario,Municipio,Rosario,820210,Servicio de Catastro e Información Territorial,IGN
2012,10417,2012-07-28,Sabado,0.0,20:30:00,,0.0,2,"Automóvil,Automóvil",3 De Febrero 900,2,1,0,0,1,0,0,,Calle,,ROSARIO,Rosario,Asfalto,S/D,II,Dentro,Urbana,S/D,S/D,Recta,Bueno,Buena,Nocturna,S/D,Otro,S/D,Colisión,S/D,S/D,Cordón divisorio,S/D,"-32.9532408, -60.6367651",['3 De Febrero 900'],1,3 De Febrero 900,-32.9532408,-60.6367651,55.0,538.0,Municipio Rosario,Municipio,Rosario,820210,Servicio de Catastro e Información Territorial,IGN
2012,10422,2012-07-29,Domingo,0.0,16:30:00,,0.0,2,"Automóvil,Moto/Ciclomotor",Montevideo Y Necochea,2,1,0,0,1,0,0,,Calle,,ROSARIO,Rosario,Asfalto,S/D,II,Dentro,Urbana,S/D,No existe,Intersección,Bueno,Buena,Diurna,S/D,Lateral,S/D,Colisión,S/D,S/D,Cordón divisorio,S/D,POINT (-60.6266133 -32.9586352),"['Montevideo', 'Necochea']",2,Montevideo; Necochea,-32.9586352,-60.6266133,55.0,538.0,Municipio Rosario,Municipio,Rosario,820210,Servicio de Catastro e Información Territorial,IGN
2012,10431,2012-07-24,Martes,0.0,23:35:00,,0.0,2,"Automóvil,Pickup/Utilitario",Riobamba Y Mitre,4,4,0,0,0,0,0,,Calle,,ROSARIO,Rosario,Asfalto,No existe,II,Dentro,Urbana,S/D,S/D,Intersección,Bueno,Buena,Nocturna,Buen Tiempo,Lateral,S/D,Colisión,S/D,S/D,S/D,Sin restricción,POINT (-60.6437275 -32.96278260000001),"['Riobamba', 'Mitre']",2,Riobamba; Bartolomé Mitre,-32.96278260000001,-60.6437275,55.0,538.0,Municipio Rosario,Municipio,Rosario,820210,Servicio de Catastro e Información Territorial,IGN
2012,10433,2012-07-27,Viernes,0.0,16:00:00,,0.0,2,"Automóvil,Automóvil",aV. cIRCUNVALACIÓN Y GRANADEROS,3,2,0,0,1,0,0,,Avenida,,ROSARIO,Rosario,Asfalto,S/D,II,S/D,Urbana,Semáforo,Funciona,Pendiente,Bueno,Buena,Diurna,Buen Tiempo,De alcance,S/D,Colisión,S/D,Vertical,S/D,S/D,POINT (-60.71050785 -32.8849847),"['Circunvalación', 'Granaderos']",2,"('Juan Pablo II', 'Camino de los Granaderos')",-32.8849847,-60.71050785,55.0,538.0,Municipio Rosario,Municipio,Rosario,820210,Servicio de Catastro e Información Territorial,IGN
2012,10446,2012-07-29,Domingo,0.0,20:00:00,,0.0,3,"Automóvil,Automóvil,Automóvil",CIRCUNVALACION Y juan jose paso,4,1,0,0,3,0,0,,Calle,,ROSARIO,Rosario,Asfalto,Natural,II,Dentro,Urbana,Ninguna,No existe,Recta,Bueno,Buena,Nocturna,S/D,S/D,S/D,Colisión,S/D,Horizontal,Barrera de hormigón,Sin restricción,POINT (-60.723727529563504 -32.92055900258326),"['Circunvalacion', 'Juan José Paso']",2,Avenida de Circunvalación 25 de Mayo; Avenida Juan José Paso,-32.92055900258326,-60.723727529563504,55.0,538.0,Municipio Rosario,Municipio,Rosario,820210,Servicio de Catastro e Información Territorial,IGN
2012,10452,2012-07-23,Lunes,0.0,16:05:00,,0.0,2,"Automóvil,Taxi/Remis",ovidios lagos Y av. del valle,3,1,0,0,2,0,0,,Avenida,,ROSARIO,Rosario,Asfalto,S/D,II,S/D,Urbana,S/D,Funciona,Intersección,Bueno,Buena,Atardecer,Buen Tiempo,S/D,S/D,Colisión,S/D,Horizontal,S/D,S/D,POINT (-60.65863300000001 -32.9310287),"['Avenida Ovidio Lagos', 'Del Valle']",2,Avenida Ovidio Lagos; Avenida Aristóbulo del Valle,-32.9310287,-60.65863300000001,55.0,538.0,Municipio Rosario,Municipio,Rosario,820210,Servicio de Catastro e Información Territorial,IGN
2012,10462,2012-07-07,Sabado,0.0,07:30:00,,0.0,2,"Automóvil,Moto/Ciclomotor",Villa del Parque Y Calle 1366,3,1,0,0,2,0,0,,Calle,,ROSARIO,Rosario,Asfalto,S/D,II,Dentro,Urbana,S/D,S/D,Recta,S/D,S/D,S/D,S/D,S/D,S/D,S/D,S/D,S/D,S/D,S/D,POINT (-60.7280976 -32.88574040000001),"['Villa del Parque', 'Calle 1367']",2,Villa del Parque; Calle 1367,-32.88574040000001,-60.7280976,55.0,538.0,Municipio Rosario,Municipio,Rosario,820210,Servicio de Catastro e Información Territorial,IGN
2012,10464,2012-07-07,Sabado,0.0,,,0.0,2,"Automóvil,Automóvil",J NEWBERY 8600,4,2,0,0,2,0,0,,Calle,,ROSARIO,Rosario,Asfalto,S/D,II,Dentro,Urbana,S/D,S/D,Recta,S/D,S/D,S/D,S/D,S/D,S/D,S/D,S/D,S/D,S/D,S/D,"-32.9086167, -60.747251",['Jorge Newbery 8600'],1,Jorge Newbery 8600,-32.9086167,-60.747251,55.0,538.0,Municipio Rosario,Municipio,Rosario,820210,Servicio de Catastro e Información Territorial,IGN
2012,10465,2012-07-21,Sabado,0.0,09:20:00,,0.0,1,Moto/Ciclomotor,Irala 2800,1,1,0,0,0,0,0,,Calle,,ROSARIO,Rosario,S/D,S/D,II,Dentro,Urbana,S/D,S/D,Recta,S/D,S/D,S/D,Buen Tiempo,Frontal,S/D,Despiste,S/D,S/D,Cordón divisorio,S/D,"-32.8858123, -60.7296185",['Irala 2800'],1,Irala 2800,-32.8858123,-60.7296185,55.0,538.0,Municipio Rosario,Municipio,Rosario,820210,Servicio de Catastro e Información Territorial,IGN
2012,10466,2012-07-08,Domingo,0.0,10:15:00,,0.0,2,"Automóvil,Moto/Ciclomotor",Alberdi Y Portugal,3,1,0,0,2,0,0,,Avenida,,ROSARIO,Rosario,Asfalto,S/D,II,S/D,S/D,S/D,S/D,Cruce,Otro,S/D,S/D,S/D,Lateral,S/D,Colisión,S/D,S/D,S/D,S/D,POINT (-60.68625125 -32.914380200000004),"['Alberdi', 'Portugal']",2,Avenida Alberdi; Avenida Portugal,-32.914380200000004,-60.68625125,55.0,538.0,Municipio Rosario,Municipio,Rosario,820210,Servicio de Catastro e Información Territorial,IGN
2012,10467,2012-07-20,Viernes,0.0,,,0.0,2,"Moto/Ciclomotor,Automóvil",Av. Circunvalacion Y Baigorria,2,1,0,0,1,0,0,,Avenida,,ROSARIO,Rosario,S/D,S/D,II,Dentro,Urbana,S/D,S/D,Intersección,S/D,S/D,S/D,S/D,S/D,S/D,S/D,S/D,S/D,Cordón divisorio,S/D,POINT (-60.719770260245994 -32.893468154963045),"['Circunvalacion', 'Baigorria']",2,Avenida de Circunvalación 25 de Mayo; Baigorria,-32.893468154963045,-60.719770260246,55.0,538.0,Municipio Rosario,Municipio,Rosario,820210,Servicio de Catastro e Información Territorial,IGN
2012,10469,2012-07-28,Sabado,0.0,04:25:00,,0.0,1,Automóvil,AV. FRONDIZZI Y NANSEN,4,3,1,0,0,0,0,,Avenida,,ROSARIO,Rosario,Asfalto,Pavimento,II,Dentro,Urbana,Ninguna,Funciona,Recta,Bueno,Buena,Nocturna,Buen Tiempo,"Frontal,Lateral",S/D,Despiste,S/D,"Horizontal,Vertical",Cordón divisorio,Sin restricción,POINT (-60.67832765 -32.9089258),"['Avenida Arturo Frondizi', 'Nansen']",2,Avenida Arturo Frondizi; Avenida Nansen,-32.9089258,-60.67832765,55.0,538.0,Municipio Rosario,Municipio,Rosario,820210,Servicio de Catastro e Información Territorial,IGN
2012,10472,2012-07-11,Miercoles,0.0,23:50:00,,0.0,2,"Moto/Ciclomotor,Automóvil",España Y Pje. Gomensoro,3,2,0,0,0,0,1,,Calle,,ROSARIO,Rosario,Asfalto,S/D,II,Dentro,Urbana,S/D,S/D,Recta,Bueno,Buena,Nocturna,Buen Tiempo,S/D,S/D,Colisión,S/D,Horizontal,S/D,S/D,POINT (-60.6528209 -32.9701424),"['España', 'Gomensoro']",2,España; Gomensoro,-32.9701424,-60.6528209,55.0,538.0,Municipio Rosario,Municipio,Rosario,820210,Servicio de Catastro e Información Territorial,IGN
2012,10474,2012-07-17,Martes,0.0,09:00:00,,0.0,1,Automóvil,ASAMBLEA 600,2,1,0,0,1,0,0,,Calle,,ROSARIO,Rosario,Hormigón,No existe,II,S/D,S/D,Ninguna,No existe,Recta,Bueno,Buena,Nocturna,Buen Tiempo,Otro,S/D,Colisión,Otro,Vertical,Ninguna,Sin restricción,"-32.9114361, -60.6857117",['Asamblea 600'],1,Asamblea 600,-32.9114361,-60.6857117,55.0,538.0,Municipio Rosario,Municipio,Rosario,820210,Servicio de Catastro e Información Territorial,IGN
2012,10479,2012-07-24,Martes,0.0,18:30:00,,0.0,2,"Moto/Ciclomotor,Automóvil",PAGO DE LOS ARROYOS Y FRIAS,2,1,0,0,1,0,0,,Calle,,ROSARIO,Rosario,S/D,S/D,II,Dentro,Urbana,S/D,S/D,Recta,S/D,S/D,Atardecer,S/D,S/D,S/D,Colisión,S/D,S/D,S/D,S/D,POINT (-60.650088800000006 -33.01199859999999),"['Pago de los Arroyos', 'Frias']",2,Pago de los Arroyos; Frias,-33.01199859999999,-60.650088800000006,55.0,538.0,Municipio Rosario,Municipio,Rosario,820210,Servicio de Catastro e Información Territorial,IGN
2012,10481,2012-07-26,Jueves,0.0,13:00:00,,0.0,2,"Moto/Ciclomotor,Automóvil",LAINEZ Y SAADI CARNOT,2,1,0,0,1,0,0,,Calle,,ROSARIO,Rosario,S/D,S/D,II,Dentro,Urbana,S/D,S/D,Recta,S/D,S/D,Diurna,S/D,S/D,S/D,Colisión,S/D,S/D,S/D,S/D,POINT (-60.6486591 -33.0052924),"['Láinez', 'Sadi Carnot']",2,Láinez; Sadi Carnot,-33.0052924,-60.6486591,55.0,538.0,Municipio Rosario,Municipio,Rosario,820210,Servicio de Catastro e Información Territorial,IGN
2012,10482,2012-07-27,Viernes,0.0,19:20:00,,0.0,2,"Moto/Ciclomotor,Automóvil",C BERNARDI Y CHAVEZ,2,0,1,0,0,0,1,,Calle,,ROSARIO,Rosario,S/D,S/D,II,Dentro,Urbana,S/D,S/D,S/D,S/D,S/D,Atardecer,S/D,S/D,S/D,S/D,S/D,S/D,S/D,S/D,POINT (-60.645577900000006 -33.0149736),"['Bernardi', 'Chávez']",2,Avenida Bernardino Rivadavia; Chávez,-33.0149736,-60.645577900000006,55.0,538.0,Municipio Rosario,Municipio,Rosario,820210,Servicio de Catastro e Información Territorial,IGN
2012,10483,2012-07-30,Lunes,0.0,15:30:00,,0.0,2,"Moto/Ciclomotor,Automóvil",Melincue Y Patricios,2,1,0,0,1,0,0,,Calle,,ROSARIO,Rosario,S/D,S/D,II,Dentro,Urbana,S/D,S/D,Recta,S/D,S/D,Diurna,Buen Tiempo,S/D,S/D,Colisión,S/D,S/D,S/D,S/D,POINT (-60.6475346 -33.010924599999996),"['Melincué', 'Patricios']",2,Melincué; Patricios,-33.0109246,-60.6475346,55.0,538.0,Municipio Rosario,Municipio,Rosario,820210,Servicio de Catastro e Información Territorial,IGN
2012,10485,2012-07-30,Lunes,0.0,00:30:00,,0.0,1,Automóvil,SAN MARTIN Y 25 DE MAYO,2,2,0,0,0,0,0,,Calle,,ROSARIO,Rosario,S/D,S/D,II,Dentro,Urbana,S/D,S/D,Intersección,S/D,S/D,Nocturna,S/D,S/D,S/D,Vuelco,S/D,S/D,S/D,S/D,POINT (-60.652223580418244 -33.0164074304026),"['San Martin', '25 de Mayo']",2,"('José de San Martín', 'Avenida de Circunvalación 25 de Mayo')",-33.0164074304026,-60.65222358041824,55.0,538.0,Municipio Rosario,Municipio,Rosario,820210,Servicio de Catastro e Información Territorial,IGN
2012,10487,2012-07-13,Viernes,0.0,17:20:00,,0.0,2,"Bicicleta,Automóvil",Ombu Y Callao,2,1,0,0,1,0,0,,Calle,,ROSARIO,Rosario,Asfalto,No existe,II,Dentro,Urbana,Ninguna,No existe,Intersección,Bueno,Buena,Atardecer,Buen Tiempo,Lateral,S/D,Atropello,S/D,Faltante,Ninguna,Sin restricción,POINT (-60.6711432 -33.006649),"['Ombú', 'Callao']",2,Ombú; Callao,-33.006649,-60.6711432,55.0,538.0,Municipio Rosario,Municipio,Rosario,820210,Servicio de Catastro e Información Territorial,IGN
2012,10498,2012-07-23,Lunes,0.0,19:30:00,,0.0,2,"Automóvil,Moto/Ciclomotor",Velez Sarsfield Y F.More,2,0,1,0,1,0,0,,Calle,,ROSARIO,Rosario,Asfalto,No existe,II,Dentro,Urbana,Ninguna,No existe,Intersección,Bueno,Reducida,Nocturna,Buen Tiempo,Frontal,S/D,Colisión,S/D,Faltante,Ninguna,Sin restricción,POINT (-60.6940057 -32.92539119999999),"['Vélez Sarsfield', 'Felipe Moré']",2,Vélez Sarsfield; Felipe Moré,-32.92539119999999,-60.6940057,55.0,538.0,Municipio Rosario,Municipio,Rosario,820210,Servicio de Catastro e Información Territorial,IGN
2012,10503,2012-07-09,Lunes,0.0,16:00:00,,0.0,2,"Moto/Ciclomotor,Automóvil",SORRENTO Y PROVINCIAS UNIDAS,2,1,0,0,1,0,0,,Avenida,,ROSARIO,Rosario,Asfalto,Pavimento,II,Dentro,Urbana,Señal Pare,Funciona,Rotonda,Bueno,S/D,Diurna,Buen Tiempo,Lateral,S/D,Colisión,S/D,Vertical,Ninguna,S/D,POINT (-60.714102249999996 -32.9083328),"['Sorrento', 'Avenida Provincias Unidas']",2,Avenida Sorrento; Avenida Provincias Unidas,-32.9083328,-60.71410225,55.0,538.0,Municipio Rosario,Municipio,Rosario,820210,Servicio de Catastro e Información Territorial,IGN
2012,10505,2012-07-03,Martes,0.0,11:00:00,,0.0,2,"Automóvil,Moto/Ciclomotor",Paraguay ,2,1,0,0,1,0,0,,Calle,,ROSARIO,Rosario,Asfalto,No existe,II,Dentro,Urbana,Ninguna,No existe,Intersección,Bueno,Buena,Diurna,Buen Tiempo,Lateral,S/D,Colisión,S/D,S/D,Ninguna,Sin restricción,"-32.9910237, -60.6552287",['Paraguay'],1,Paraguay,-32.9910237,-60.6552287,55.0,538.0,Municipio Rosario,Municipio,Rosario,820210,Servicio de Catastro e Información Territorial,IGN
2012,10507,2012-07-22,Domingo,0.0,15:00:00,,0.0,2,"Moto/Ciclomotor,Automóvil",Cerrito Y Sarmiento,3,1,0,0,2,0,0,,Calle,,ROSARIO,Rosario,Asfalto,Pavimento,II,Dentro,Urbana,S/D,S/D,Intersección,Bueno,Buena,Diurna,Buen Tiempo,Lateral,S/D,Colisión,S/D,S/D,Ninguna,S/D,POINT (-60.6420226 -32.9618734),"['Cerrito', 'Sarmiento']",2,Cerrito; Sarmiento,-32.9618734,-60.6420226,55.0,538.0,Municipio Rosario,Municipio,Rosario,820210,Servicio de Catastro e Información Territorial,IGN
2012,10508,2012-07-07,Sabado,0.0,07:40:00,,0.0,2,"Automóvil,Peatón",Uruguay Y Bv. Avellaneda,2,1,0,0,1,0,0,,Avenida,,ROSARIO,Rosario,Asfalto,Pavimento,II,S/D,Urbana,Ninguna,No existe,Recta,Bueno,S/D,Diurna,S/D,S/D,S/D,Atropello,Otro,Faltante,Cordón divisorio,S/D,POINT (-60.686775850000004 -32.96944285),"['Uruguay', 'Avellaneda']",2,Uruguay; Bulevar Nicolás Avellaneda,-32.96944285,-60.68677585,55.0,538.0,Municipio Rosario,Municipio,Rosario,820210,Servicio de Catastro e Información Territorial,IGN
2012,10510,2012-07-10,Martes,0.0,18:00:00,,0.0,2,"Moto/Ciclomotor,Automóvil",Bv. Segui Y Mitre,3,2,0,0,1,0,0,,Avenida,,ROSARIO,Rosario,Asfalto,Pavimento,II,Dentro,Urbana,Ninguna,No existe,Intersección,Bueno,Buena,Atardecer,S/D,Lateral,S/D,Colisión,S/D,Faltante,Cordón divisorio,Sin restricción,POINT (-60.6477426 -32.97883275),"['Bulevar Juan Francisco Seguí', 'Mitre']",2,Bulevar Juan Francisco Seguí; Bartolomé Mitre,-32.97883275,-60.6477426,55.0,538.0,Municipio Rosario,Municipio,Rosario,820210,Servicio de Catastro e Información Territorial,IGN
2012,10512,2012-07-22,Domingo,0.0,13:00:00,,0.0,2,"Moto/Ciclomotor,Peatón",PIAMONTE ,2,1,0,0,1,0,0,,Calle,,ROSARIO,Rosario,Asfalto,No existe,II,Dentro,Urbana,Ninguna,No existe,Recta,Bueno,Buena,Diurna,Buen Tiempo,Lateral,S/D,Atropello,S/D,Faltante,Ninguna,Sin restricción,"-33.0264747, -60.6812325",['Piamonte'],1,Piamonte,-33.0264747,-60.6812325,55.0,538.0,Municipio Rosario,Municipio,Rosario,820210,Servicio de Catastro e Información Territorial,IGN
2012,10513,2012-07-13,Viernes,0.0,18:00:00,,0.0,2,"Automóvil,Moto/Ciclomotor",Av. Circunvalacion 5300,2,0,1,0,1,0,0,,Avenida,,ROSARIO,Rosario,Asfalto,No existe,II,Dentro,Urbana,Ninguna,No existe,Rotonda,Bueno,Buena,Diurna,Buen Tiempo,Lateral,S/D,Colisión,S/D,Horizontal,Cordón divisorio,Sin restricción,"-32.933771, -60.7235887",['Circunvalacion 5300'],1,Circunvalacion 5300,-32.933771,-60.7235887,55.0,538.0,Municipio Rosario,Municipio,Rosario,820210,Servicio de Catastro e Información Territorial,IGN
2012,10514,2012-07-17,Martes,0.0,17:25:00,,0.0,2,"Camión,Moto/Ciclomotor",Bv. Avellaneda 5200,2,1,0,0,1,0,0,,Avenida,,ROSARIO,Rosario,Asfalto,No existe,II,Dentro,Urbana,Ninguna,No existe,Recta,Bueno,Buena,Diurna,Buen Tiempo,Lateral,S/D,Colisión,Otro,Faltante,Cordón divisorio,Sin restricción,"-32.9533844, -60.6827991",['Avellaneda 5200'],1,Avellaneda 5200,-32.9533844,-60.6827991,55.0,538.0,Municipio Rosario,Municipio,Rosario,820210,Servicio de Catastro e Información Territorial,IGN
2012,10520,2012-07-15,Domingo,0.0,13:30:00,,0.0,3,"Peatón,Peatón,Moto/Ciclomotor",Valparaiso 2000,4,0,1,0,1,0,2,,Calle,,ROSARIO,Rosario,Asfalto,No existe,II,Dentro,Urbana,Ninguna,No existe,Recta,Bueno,Buena,Diurna,Buen Tiempo,Otro,S/D,Atropello,S/D,Faltante,Cordón divisorio,Sin restricción,"-32.9423643, -60.682774",['Valparaiso 2000'],1,Valparaiso 2000,-32.9423643,-60.682774,55.0,538.0,Municipio Rosario,Municipio,Rosario,820210,Servicio de Catastro e Información Territorial,IGN
2012,10523,2012-07-15,Domingo,0.0,23:00:00,,0.0,2,"Moto/Ciclomotor,Automóvil",San Nicolas Y Cochabamba,2,1,0,0,1,0,0,,Calle,,ROSARIO,Rosario,Asfalto,No existe,II,Dentro,Urbana,Ninguna,No existe,Intersección,Bueno,Buena,"Nocturna,Con luz artificial",S/D,Lateral,S/D,Colisión,S/D,Horizontal,Cordón divisorio,Sin restricción,POINT (-60.6753507 -32.952328099999995),"['San Nicolás', 'Cochabamba']",2,San Nicolás; Cochabamba,-32.952328099999995,-60.6753507,55.0,538.0,Municipio Rosario,Municipio,Rosario,820210,Servicio de Catastro e Información Territorial,IGN
2012,10527,2012-07-22,Domingo,0.0,23:00:00,,0.0,2,"Moto/Ciclomotor,Automóvil",Bv. Avellaneda Y Virasoro,2,1,0,0,1,0,0,,Avenida,,ROSARIO,Rosario,Asfalto,No existe,II,Dentro,Urbana,Ninguna,No existe,Intersección,Bueno,Buena,"Nocturna,Con luz artificial",S/D,Lateral,S/D,Colisión,S/D,"Horizontal,Vertical",S/D,Sin restricción,POINT (-60.68506785 -32.962598),"['Avellaneda', 'Virasoro']",2,Bulevar Nicolás Avellaneda; Benjamín Virasoro,-32.962598,-60.68506785,55.0,538.0,Municipio Rosario,Municipio,Rosario,820210,Servicio de Catastro e Información Territorial,IGN
2012,10528,2012-07-23,Lunes,0.0,17:50:00,,0.0,2,"Moto/Ciclomotor,Automóvil",Bv. Avellaneda Y La Paz,2,1,0,0,1,0,0,,Avenida,,ROSARIO,Rosario,Asfalto,No existe,II,Dentro,Urbana,Otra Señal,No existe,Intersección,Bueno,Buena,Atardecer,Buen Tiempo,Lateral,S/D,Colisión,S/D,Horizontal,Cordón divisorio,Sin restricción,POINT (-60.683614250000005 -32.95682245),"['Avellaneda', 'La Paz']",2,Bulevar Nicolás Avellaneda; La Paz,-32.95682245,-60.683614250000005,55.0,538.0,Municipio Rosario,Municipio,Rosario,820210,Servicio de Catastro e Información Territorial,IGN
2012,10530,2012-07-24,Martes,0.0,09:00:00,,0.0,2,"Automóvil,Pickup/Utilitario",Rueda Y San Nicolas,3,1,0,0,2,0,0,,Calle,,ROSARIO,Rosario,Asfalto,No existe,II,Dentro,Urbana,Otra Señal,No existe,Intersección,Bueno,Buena,Diurna,Buen Tiempo,Lateral,S/D,Colisión,S/D,Horizontal,Cordón divisorio,Sin restricción,POINT (-60.6785025 -32.96495049999999),"['Rueda', 'San Nicolás']",2,Rueda; San Nicolás,-32.96495049999999,-60.6785025,55.0,538.0,Municipio Rosario,Municipio,Rosario,820210,Servicio de Catastro e Información Territorial,IGN
2012,10531,2012-07-27,Viernes,0.0,19:30:00,,0.0,2,"Automóvil,Taxi/Remis",Av. Pte.Peron Y Constitucion,3,2,0,0,1,0,0,,Avenida,,ROSARIO,Rosario,Asfalto,No existe,II,Dentro,Urbana,Semáforo,Funciona,Recta,Bueno,Buena,"Nocturna,Con luz artificial",Buen Tiempo,De alcance,S/D,Colisión,S/D,Horizontal,Cordón divisorio,Sin restricción,POINT (-60.677956699999996 -32.95693165),"['Avenida Presidente Perón', 'Constitución']",2,Avenida Presidente Perón; Constitución,-32.95693165,-60.6779567,55.0,538.0,Municipio Rosario,Municipio,Rosario,820210,Servicio de Catastro e Información Territorial,IGN
2012,10532,2012-07-26,Jueves,0.0,15:00:00,,0.0,2,"Automóvil,Moto/Ciclomotor",Av. Pte.Peron Y Constitucion,2,1,0,0,1,0,0,,Avenida,,ROSARIO,Rosario,Asfalto,No existe,II,Dentro,Urbana,Semáforo,Funciona,Recta,Bueno,Buena,Diurna,Buen Tiempo,De alcance,S/D,Colisión,S/D,Horizontal,Cordón divisorio,Sin restricción,POINT (-60.677956699999996 -32.95693165),"['Avenida Presidente Perón', 'Constitución']",2,Avenida Presidente Perón; Constitución,-32.95693165,-60.6779567,55.0,538.0,Municipio Rosario,Municipio,Rosario,820210,Servicio de Catastro e Información Territorial,IGN
2012,10533,2012-07-01,Domingo,0.0,15:30:00,,0.0,2,"Moto/Ciclomotor,Automóvil",Gaboto 1655,2,1,0,0,1,0,0,,Calle,,ROSARIO,Rosario,Asfalto,No existe,II,Dentro,Urbana,Ninguna,S/D,Intersección,Bueno,S/D,Diurna,S/D,Lateral,S/D,Colisión,S/D,S/D,S/D,Sin restricción,"-32.97204024897959, -60.65266939591837",['Gaboto 1655'],1,Gaboto 1655,-32.97204024897959,-60.65266939591837,55.0,538.0,Municipio Rosario,Municipio,Rosario,820210,Servicio de Catastro e Información Territorial,IGN
2012,10534,2012-07-02,Lunes,0.0,,,0.0,2,"Automóvil,Moto/Ciclomotor",Uruguay Y Av. Corrientes,2,1,0,0,1,0,0,,Avenida,,ROSARIO,Rosario,Asfalto,No existe,II,Dentro,Urbana,Ninguna,S/D,Intersección,S/D,S/D,S/D,S/D,Lateral,S/D,Colisión,S/D,S/D,Ninguna,Sin restricción,POINT (-60.650026 -32.976060399999994),"['Uruguay', 'Corrientes']",2,Uruguay; Corrientes,-32.976060399999994,-60.650026,55.0,538.0,Municipio Rosario,Municipio,Rosario,820210,Servicio de Catastro e Información Territorial,IGN
2012,10535,2012-07-02,Lunes,0.0,15:00:00,,0.0,2,"Moto/Ciclomotor,Pickup/Utilitario",Saavedra Y Mariano Moreno,2,1,0,0,1,0,0,,Calle,,ROSARIO,Rosario,Asfalto,No existe,II,Dentro,Urbana,Ninguna,S/D,Intersección,S/D,S/D,Diurna,S/D,Lateral,S/D,Colisión,S/D,S/D,Ninguna,Sin restricción,POINT (-60.6584801 -32.9757272),"['Saavedra', 'Mariano Moreno']",2,Saavedra; Mariano Moreno,-32.9757272,-60.6584801,55.0,538.0,Municipio Rosario,Municipio,Rosario,820210,Servicio de Catastro e Información Territorial,IGN
2012,10536,2012-07-02,Lunes,0.0,23:00:00,,0.0,2,"Moto/Ciclomotor,Automóvil",Juan Canals Y Sarmiento,2,1,0,0,1,0,0,,Calle,,ROSARIO,Rosario,Asfalto,No existe,II,Dentro,Urbana,Ninguna,S/D,Intersección,S/D,S/D,Nocturna,S/D,Lateral,S/D,Colisión,S/D,S/D,Ninguna,S/D,POINT (-60.64899719999999 -32.98940929999999),"['Juan Canals', 'Sarmiento']",2,Juan Canals; Sarmiento,-32.98940929999999,-60.64899719999999,55.0,538.0,Municipio Rosario,Municipio,Rosario,820210,Servicio de Catastro e Información Territorial,IGN
2012,10621,2012-07-03,Martes,0.0,09:30:00,,0.0,2,"Moto/Ciclomotor,Automóvil",Bv. Segui Y Mitre,2,1,0,0,1,0,0,,Avenida,,ROSARIO,Rosario,Asfalto,No existe,II,Dentro,Urbana,Ninguna,S/D,Intersección,S/D,S/D,Diurna,S/D,Lateral,S/D,Colisión,S/D,S/D,Ninguna,Sin restricción,POINT (-60.6477426 -32.97883275),"['Bulevar Juan Francisco Seguí', 'Mitre']",2,Bulevar Juan Francisco Seguí; Bartolomé Mitre,-32.97883275,-60.6477426,55.0,538.0,Municipio Rosario,Municipio,Rosario,820210,Servicio de Catastro e Información Territorial,IGN