anio_acci,nro_acci,fecha,desc_dia,fecha_aprox,hora_aprox,desc_ruta,km,cant_participantes,desc_participante,calle_avenida_km,total,heridos_leves,heridos_graves,heridos_gravisimos,ilesos,fallecidos,sin_datos,posicion_XY,desc_tipo_via,desc_ruta_ori,desc_loc,desc_dpto,desc_tipo_calzada,desc_tipo_banquina,desc_unidad_regional,desc_lugar_calzada,desc_zona,desc_prioridad,desc_estado_semaforo,desc_lugar_via,desc_estado_via,desc_estado_visibilidad,desc_luminosidad,desc_estado_clima,desc_tipo_colision,desc_tipo_atropello,desc_tipo_hecho,desc_pres_calzada,desc_senializacion,desc_separacion_via,desc_restriccion,forma_geocod,calle_lista,numero_calles,calles_osm,lat,lon,index_right,gid,fna,gna,nam,in1,fdc,sag
2012,10625,2012-07-04,Miercoles,0.0,14:00:00,,0.0,2,"Moto/Ciclomotor,Automóvil",Paraguay Y Uruguay,3,1,0,0,2,0,0,,Calle,,ROSARIO,Rosario,Asfalto,No existe,II,Dentro,Urbana,S/D,S/D,Intersección,S/D,S/D,Diurna,S/D,Lateral,S/D,Colisión,S/D,S/D,Ninguna,Sin restricción,POINT (-60.6513931 -32.975813699999996),"['Paraguay', 'Uruguay']",2,Paraguay; Uruguay,-32.9758137,-60.6513931,55.0,538.0,Municipio Rosario,Municipio,Rosario,820210,Servicio de Catastro e Información Territorial,IGN
2012,10628,2012-07-05,Jueves,0.0,19:30:00,,0.0,2,"Automóvil,Automóvil",Lamadrid Y San Martin,2,1,0,0,1,0,0,,Calle,,ROSARIO,Rosario,Asfalto,Pavimento,II,Dentro,Urbana,Semáforo,Funciona,Otro,Bueno,Buena,Atardecer,S/D,Frontal,S/D,Colisión,Otro,Faltante,Cordón divisorio,Sin restricción,POINT (-60.64808370000001 -32.997063899999986),"['Lamadrid', 'San Martin']",2,Gregorio Aráoz de Lamadrid; José de San Martín,-32.997063899999986,-60.64808370000001,55.0,538.0,Municipio Rosario,Municipio,Rosario,820210,Servicio de Catastro e Información Territorial,IGN
2012,10631,2012-07-06,Viernes,0.0,20:50:00,,0.0,2,"Moto/Ciclomotor,Automóvil",Av. Corrientes Y Lamadrid,2,1,0,0,1,0,0,,Calle,,ROSARIO,Rosario,Asfalto,Pavimento,II,Dentro,Urbana,Ninguna,No existe,Intersección,Bueno,Buena,Nocturna,S/D,Frontal,S/D,Colisión,S/D,S/D,Cordón divisorio,Sin restricción,POINT (-60.653511200000004 -32.99723920000001),"['Corrientes', 'Lamadrid']",2,Corrientes; Gregorio Aráoz de Lamadrid,-32.99723920000001,-60.6535112,55.0,538.0,Municipio Rosario,Municipio,Rosario,820210,Servicio de Catastro e Información Territorial,IGN
2012,10634,2012-07-06,Viernes,0.0,05:30:00,,0.0,2,"Moto/Ciclomotor,Automóvil",San Martin Y Ameghino,2,1,0,0,1,0,0,,Calle,,ROSARIO,Rosario,Asfalto,Pavimento,II,S/D,Urbana,Semáforo,Funciona,Recta,Otro,Buena,Amanecer,S/D,Lateral,S/D,Colisión,S/D,Faltante,Cordón divisorio,Sin restricción,POINT (-60.6460194 -32.987542250000004),"['San Martin', 'Ameghino']",2,José de San Martín; Ameghino,-32.987542250000004,-60.6460194,55.0,538.0,Municipio Rosario,Municipio,Rosario,820210,Servicio de Catastro e Información Territorial,IGN
2012,10638,2012-07-09,Lunes,0.0,10:20:00,,0.0,2,"Moto/Ciclomotor,Automóvil",San Martin Y Bv. Segui,3,2,0,0,1,0,0,,Avenida,,ROSARIO,Rosario,Asfalto,Pavimento,II,Dentro,Urbana,Semáforo,Funciona,Recta,Bueno,Buena,Diurna,S/D,Lateral,S/D,Colisión,S/D,Faltante,Cordón divisorio,S/D,POINT (-60.644363766666665 -32.97948086666666),"['San Martin', 'Bulevar Juan Francisco Seguí']",2,José de San Martín; Bulevar Juan Francisco Seguí,-32.97948086666666,-60.644363766666665,55.0,538.0,Municipio Rosario,Municipio,Rosario,820210,Servicio de Catastro e Información Territorial,IGN
2012,10641,2012-07-09,Lunes,0.0,18:00:00,,0.0,2,"Peatón,Automóvil",Pueyrredon 3900,2,1,0,0,0,0,1,,Calle,,ROSARIO,Rosario,Asfalto,Pavimento,II,Dentro,Urbana,Ninguna,No existe,Recta,Bueno,Buena,Atardecer,S/D,S/D,S/D,Atropello,S/D,Faltante,Cordón divisorio,Sin restricción,"-32.9789633, -60.6664883",['Pueyrredon 3900'],1,Pueyrredon 3900,-32.9789633,-60.6664883,55.0,538.0,Municipio Rosario,Municipio,Rosario,820210,Servicio de Catastro e Información Territorial,IGN
2012,10644,2012-07-10,Martes,0.0,15:00:00,,0.0,2,"Moto/Ciclomotor,Automóvil",Dr.Rivas Y España,2,1,0,0,1,0,0,,Calle,,ROSARIO,Rosario,Asfalto,Pavimento,II,Dentro,Urbana,Ninguna,S/D,Recta,Bueno,Buena,Diurna,S/D,Lateral,S/D,Colisión,S/D,Faltante,Cordón divisorio,Sin restricción,POINT (-60.6558529 -32.98219199999999),"['Doctor Francisco Riva', 'España']",2,Doctor Francisco Riva; España,-32.98219199999999,-60.6558529,55.0,538.0,Municipio Rosario,Municipio,Rosario,820210,Servicio de Catastro e Información Territorial,IGN
2012,10678,2012-07-11,Miercoles,0.0,11:30:00,,0.0,2,"Moto/Ciclomotor,Automóvil",Pje. Blanque Y Av. Corrientes,2,1,0,0,1,0,0,,Calle,,ROSARIO,Rosario,Asfalto,Pavimento,II,Dentro,Urbana,Ninguna,No existe,Intersección,Bueno,Buena,Diurna,S/D,Lateral,S/D,Colisión,S/D,S/D,Cordón divisorio,Sin restricción,POINT (-60.6498777 -32.9754785),"['Blanqué', 'Corrientes']",2,Blanqué; Corrientes,-32.9754785,-60.6498777,55.0,538.0,Municipio Rosario,Municipio,Rosario,820210,Servicio de Catastro e Información Territorial,IGN
2012,10684,2012-07-11,Miercoles,0.0,16:45:00,,0.0,2,"Moto/Ciclomotor,Automóvil",Juan Canals Y España,2,1,0,0,0,0,1,,Calle,,ROSARIO,Rosario,Asfalto,Pavimento,II,Dentro,S/D,Ninguna,No existe,Intersección,Bueno,Buena,Diurna,S/D,Lateral,S/D,Colisión,S/D,S/D,Cordón divisorio,Sin restricción,POINT (-60.6572841 -32.9879308),"['Juan Canals', 'España']",2,Juan Canals; España,-32.9879308,-60.6572841,55.0,538.0,Municipio Rosario,Municipio,Rosario,820210,Servicio de Catastro e Información Territorial,IGN
2012,10690,2012-07-11,Miercoles,0.0,23:50:00,,0.0,2,"Moto/Ciclomotor,Peatón",Bv. Oroño Y Pje. Dorado,3,1,0,0,2,0,0,,Avenida,,ROSARIO,Rosario,Asfalto,Pavimento,II,Dentro,Urbana,Semáforo,Funciona,Intersección,Bueno,Buena,Nocturna,S/D,Otro,S/D,"Colisión,Atropello",S/D,S/D,Cordón divisorio,Sin restricción,POINT (-60.659949749999996 -32.970073499999984),"['Bulevar Nicasio Oroño', 'Dorado']",2,Bulevar Nicasio Oroño; Pasaje Dorado,-32.970073499999984,-60.65994975,55.0,538.0,Municipio Rosario,Municipio,Rosario,820210,Servicio de Catastro e Información Territorial,IGN
2012,10699,2012-07-12,Jueves,0.0,07:10:00,,0.0,2,"Moto/Ciclomotor,Automóvil",Mitre Y Garibaldi,2,1,0,0,1,0,0,,Calle,,ROSARIO,Rosario,Asfalto,Pavimento,II,Dentro,Urbana,Ninguna,S/D,Intersección,Bueno,S/D,S/D,Buen Tiempo,Lateral,S/D,Colisión,S/D,S/D,Cordón divisorio,Sin restricción,POINT (-60.6495149 -32.985726799999995),"['Mitre', 'José Garibaldi']",2,Bartolomé Mitre; José Garibaldi,-32.985726799999995,-60.6495149,55.0,538.0,Municipio Rosario,Municipio,Rosario,820210,Servicio de Catastro e Información Territorial,IGN
2012,10721,2012-07-13,Viernes,0.0,07:00:00,,0.0,2,"Moto/Ciclomotor,Bicicleta",San Martin Y Av. Uriburu,2,1,0,0,0,0,1,,Avenida,,ROSARIO,Rosario,Asfalto,No existe,II,Dentro,Urbana,Ninguna,Funciona,Intersección,Bueno,S/D,Diurna,S/D,S/D,S/D,Atropello,S/D,S/D,Ninguna,Sin restricción,POINT (-60.646703949999996 -32.99069289999999),"['San Martin', 'Uriburu']",2,José de San Martín; Avenida José Uriburu,-32.99069289999999,-60.64670395,55.0,538.0,Municipio Rosario,Municipio,Rosario,820210,Servicio de Catastro e Información Territorial,IGN
2012,10723,2012-07-14,Sabado,0.0,02:30:00,,0.0,2,"Taxi/Remis,Automóvil",Entre Rios Y Pje. Casablanca,2,1,0,0,1,0,0,,Calle,,ROSARIO,Rosario,Asfalto,No existe,II,Dentro,Urbana,S/D,S/D,Intersección,Otro,S/D,Nocturna,S/D,Lateral,S/D,Colisión,S/D,S/D,Ninguna,Sin restricción,POINT (-60.64931380000001 -32.9792182),"['Entre Ríos', 'Casablanca']",2,Entre Ríos; Casablanca,-32.9792182,-60.64931380000001,55.0,538.0,Municipio Rosario,Municipio,Rosario,820210,Servicio de Catastro e Información Territorial,IGN
2012,10727,2012-07-14,Sabado,0.0,23:00:00,,0.0,2,"Moto/Ciclomotor,Automóvil",Av. Corrientes Y Ameghino,3,2,0,0,1,0,0,,Calle,,ROSARIO,Rosario,Asfalto,No existe,II,Dentro,Urbana,S/D,S/D,Intersección,Otro,S/D,Nocturna,S/D,Lateral,S/D,Colisión,S/D,S/D,Ninguna,Sin restricción,POINT (-60.6525951 -32.98636059999999),"['Corrientes', 'Ameghino']",2,Corrientes; Ameghino,-32.98636059999999,-60.6525951,55.0,538.0,Municipio Rosario,Municipio,Rosario,820210,Servicio de Catastro e Información Territorial,IGN
2012,10737,2012-07-15,Domingo,0.0,,,0.0,2,"Moto/Ciclomotor,Automóvil",Mitre Y Garibaldi,3,1,0,0,2,0,0,,Calle,,ROSARIO,Rosario,Asfalto,No existe,II,Dentro,Urbana,S/D,S/D,Intersección,Otro,S/D,S/D,S/D,Lateral,S/D,Colisión,S/D,S/D,Ninguna,Sin restricción,POINT (-60.6495149 -32.985726799999995),"['Mitre', 'José Garibaldi']",2,Bartolomé Mitre; José Garibaldi,-32.985726799999995,-60.6495149,55.0,538.0,Municipio Rosario,Municipio,Rosario,820210,Servicio de Catastro e Información Territorial,IGN
2012,10748,2012-07-16,Lunes,0.0,,,0.0,2,"Automóvil,Automóvil",Bv. Segui Y Paraguay,3,1,0,0,2,0,0,,Avenida,,ROSARIO,Rosario,Asfalto,No existe,II,Dentro,Urbana,Ninguna,S/D,Intersección,Otro,S/D,S/D,S/D,Lateral,S/D,Colisión,S/D,S/D,Ninguna,Sin restricción,POINT (-60.6519554 -32.9780774),"['Bulevar Juan Francisco Seguí', 'Paraguay']",2,Bulevar Juan Francisco Seguí; Paraguay,-32.9780774,-60.6519554,55.0,538.0,Municipio Rosario,Municipio,Rosario,820210,Servicio de Catastro e Información Territorial,IGN
2012,10765,2012-08-09,Jueves,0.0,,,0.0,2,"Moto/Ciclomotor,Automóvil",Gorriti Y P.L.Funes,5,2,0,0,2,0,1,,Calle,,ROSARIO,Rosario,Asfalto,No existe,II,Dentro,Urbana,S/D,No existe,Intersección,Bueno,S/D,S/D,Buen Tiempo,Lateral,S/D,Colisión,S/D,Faltante,S/D,Sin restricción,POINT (-60.701830400000006 -32.92405050000001),"['Gorriti', 'Funes']",2,Gorriti; Deán Gregorio Funes,-32.92405050000001,-60.701830400000006,55.0,538.0,Municipio Rosario,Municipio,Rosario,820210,Servicio de Catastro e Información Territorial,IGN
2012,10767,2012-08-09,Jueves,0.0,19:00:00,,0.0,2,"Moto/Ciclomotor,Automóvil",hc. agneta  Y casilda,2,1,0,0,1,0,0,,Calle,,ROSARIO,Rosario,Asfalto,No existe,II,Dentro,Urbana,S/D,No existe,Intersección,Bueno,Buena,Atardecer,Buen Tiempo,Frontal,S/D,Colisión,S/D,Faltante,S/D,Sin restricción,POINT (-60.7002708 -32.928780499999995),"['Teniente Agneta', 'Casilda']",2,Teniente Agneta; Casilda,-32.928780499999995,-60.7002708,55.0,538.0,Municipio Rosario,Municipio,Rosario,820210,Servicio de Catastro e Información Territorial,IGN
2012,10769,2012-08-11,Sabado,0.0,19:20:00,,0.0,2,"Automóvil,Automóvil",Av. Avellaneda B Y Santa Fe,2,1,0,0,1,0,0,,Avenida,,ROSARIO,Rosario,Asfalto,No existe,II,Dentro,Urbana,S/D,Funciona,Intersección,Bueno,Buena,Atardecer,Buen Tiempo,Frontal,S/D,Colisión,S/D,Horizontal,S/D,Sin restricción,POINT (-60.678825950000004 -32.937741700000004),"['Avellaneda', 'Santa Fe']",2,Bulevar Nicolás Avellaneda; Santa Fe,-32.937741700000004,-60.67882595,55.0,538.0,Municipio Rosario,Municipio,Rosario,820210,Servicio de Catastro e Información Territorial,IGN
2012,10771,2012-08-13,Lunes,0.0,09:40:00,,0.0,2,"Moto/Ciclomotor,Automóvil",Larrea Y San Lorenzo,2,1,0,0,1,0,0,,Calle,,ROSARIO,Rosario,Asfalto,S/D,II,Dentro,Urbana,S/D,S/D,Intersección,Bueno,Buena,Diurna,Buen Tiempo,S/D,S/D,Colisión,S/D,Faltante,S/D,S/D,POINT (-60.6974971 -32.9341067),"['Larrea', 'San Lorenzo']",2,Larrea; San Lorenzo,-32.9341067,-60.6974971,55.0,538.0,Municipio Rosario,Municipio,Rosario,820210,Servicio de Catastro e Información Territorial,IGN
2012,10773,2012-08-14,Martes,0.0,22:00:00,,0.0,2,"Moto/Ciclomotor,Automóvil",Magallanes Y Tucuman,4,3,0,0,1,0,0,,Calle,,ROSARIO,Rosario,Asfalto,S/D,II,Dentro,Urbana,S/D,S/D,Intersección,Bueno,Buena,Nocturna,Buen Tiempo,S/D,S/D,Colisión,S/D,S/D,S/D,Sin restricción,POINT (-60.704876 -32.93233349999999),"['Magallanes', 'Tucumán']",2,Magallanes; Tucumán,-32.93233349999999,-60.704876,55.0,538.0,Municipio Rosario,Municipio,Rosario,820210,Servicio de Catastro e Información Territorial,IGN
2012,10776,2012-08-15,Miercoles,0.0,16:00:00,,0.0,1,,Matienzo Y Velez Sarsfield,2,1,0,0,1,0,0,,Calle,,ROSARIO,Rosario,Asfalto,No existe,II,Dentro,Urbana,S/D,No existe,Intersección,Bueno,Buena,Diurna,Buen Tiempo,Lateral,S/D,Colisión,S/D,Faltante,S/D,Sin restricción,POINT (-60.6952469 -32.925486),"['Matienzo', 'Vélez Sarsfield']",2,Benjamín Matienzo; Vélez Sarsfield,-32.925486,-60.6952469,55.0,538.0,Municipio Rosario,Municipio,Rosario,820210,Servicio de Catastro e Información Territorial,IGN
2012,10777,2012-08-15,Miercoles,0.0,16:00:00,,0.0,2,"Moto/Ciclomotor,Moto/Ciclomotor",Matienzo Y Velez Sarsfield,2,1,0,0,1,0,0,,Calle,,ROSARIO,Rosario,Asfalto,No existe,II,Dentro,Urbana,S/D,No existe,Intersección,Bueno,Buena,Diurna,Buen Tiempo,Lateral,S/D,Colisión,S/D,Faltante,S/D,Sin restricción,POINT (-60.6952469 -32.925486),"['Matienzo', 'Vélez Sarsfield']",2,Benjamín Matienzo; Vélez Sarsfield,-32.925486,-60.6952469,55.0,538.0,Municipio Rosario,Municipio,Rosario,820210,Servicio de Catastro e Información Territorial,IGN
2012,10778,2012-08-17,Viernes,0.0,23:30:00,,0.0,2,"Automóvil,Moto/Ciclomotor",Mendoza Y Larrea,3,0,1,0,2,0,0,,Avenida,,ROSARIO,Rosario,Asfalto,No existe,II,Dentro,Urbana,S/D,Funciona,Intersección,Bueno,Buena,Nocturna,Buen Tiempo,S/D,S/D,Colisión,S/D,S/D,S/D,Sin restricción,POINT (-60.6972409 -32.94121729999999),"['Mendoza', 'Larrea']",2,Mendoza; Larrea,-32.94121729999999,-60.6972409,55.0,538.0,Municipio Rosario,Municipio,Rosario,820210,Servicio de Catastro e Información Territorial,IGN
2012,10781,2012-08-24,Viernes,0.0,17:50:00,,0.0,2,"Automóvil,Moto/Ciclomotor",Ecuador Y Zuviria,4,2,0,0,2,0,0,,Calle,,ROSARIO,Rosario,Asfalto,No existe,II,Dentro,Urbana,S/D,No existe,Intersección,Bueno,Buena,Diurna,Buen Tiempo,S/D,S/D,Colisión,S/D,Horizontal,S/D,Sin restricción,POINT (-60.715151799999994 -32.9370237),"['Ecuador', 'Zuviría']",2,Ecuador; Juez José María Zuviría,-32.9370237,-60.7151518,55.0,538.0,Municipio Rosario,Municipio,Rosario,820210,Servicio de Catastro e Información Territorial,IGN
2012,10782,2012-08-25,Sabado,0.0,16:30:00,,0.0,2,"Automóvil,Bicicleta",Barra Y Zuviria,3,2,0,0,0,0,1,,Calle,,ROSARIO,Rosario,Asfalto,S/D,II,Dentro,Urbana,S/D,S/D,Intersección,Bueno,Buena,Diurna,Buen Tiempo,Lateral,S/D,Colisión,S/D,S/D,S/D,Sin restricción,POINT (-60.7069519 -32.9367895),"['Barra', 'Zuviría']",2,Barraco; Juez José María Zuviría,-32.9367895,-60.7069519,55.0,538.0,Municipio Rosario,Municipio,Rosario,820210,Servicio de Catastro e Información Territorial,IGN
2012,10784,2012-08-26,Domingo,0.0,02:00:00,,0.0,1,Automóvil,Av. Provincias Unidas 970,2,1,1,0,0,0,0,,Avenida,,ROSARIO,Rosario,Asfalto,No existe,II,Dentro,Urbana,S/D,No existe,Intersección,Bueno,Buena,Nocturna,Buen Tiempo,Frontal,S/D,Caída ocupante,S/D,S/D,S/D,Sin restricción,"-32.91759327142857, -60.71361388571428",['Provincias Unidas 970'],1,Provincias Unidas 970,-32.91759327142857,-60.71361388571428,55.0,538.0,Municipio Rosario,Municipio,Rosario,820210,Servicio de Catastro e Información Territorial,IGN
2012,10785,2012-08-11,Sabado,0.0,18:20:00,,0.0,2,"Automóvil,Bicicleta",Francia F Y Galvez,2,1,0,0,1,0,0,,Calle,,ROSARIO,Rosario,Asfalto,S/D,II,Dentro,Urbana,S/D,No existe,Intersección,Bueno,Buena,Atardecer,Buen Tiempo,Lateral,S/D,Atropello,S/D,S/D,S/D,Sin restricción,POINT (-60.671160050000005 -32.963889449999996),"['Avenida Francia', 'Galvez']",2,Avenida Francia; José Gálvez,-32.96388945,-60.671160050000005,55.0,538.0,Municipio Rosario,Municipio,Rosario,820210,Servicio de Catastro e Información Territorial,IGN
2012,10793,2012-08-13,Lunes,0.0,15:30:00,,0.0,2,"Automóvil,Moto/Ciclomotor",Av. Avellaneda B Y Ituzaingo,2,1,0,0,1,0,0,,Calle,,ROSARIO,Rosario,Asfalto,Pavimento,II,Dentro,Urbana,S/D,S/D,Intersección,Bueno,Buena,Diurna,Buen Tiempo,Lateral,S/D,Colisión,S/D,Horizontal,S/D,Sin restricción,POINT (-60.682741199999995 -32.95339464999999),"['Avellaneda', 'Ituzaingó']",2,Bulevar Nicolás Avellaneda; Ituzaingó,-32.95339464999999,-60.6827412,55.0,538.0,Municipio Rosario,Municipio,Rosario,820210,Servicio de Catastro e Información Territorial,IGN
2012,10800,2012-08-21,Martes,0.0,07:50:00,,0.0,2,"Pickup/Utilitario,Moto/Ciclomotor",Bv. 27 De Febrero Y Maipu,2,1,0,0,1,0,0,,Calle,,ROSARIO,Rosario,Asfalto,No existe,II,Dentro,Urbana,S/D,Funciona,Intersección,Bueno,Buena,Diurna,Buen Tiempo,S/D,S/D,Colisión,S/D,S/D,S/D,Sin restricción,POINT (-60.640725849999995 -32.9680891),"['27 de Febrero', 'Maipú']",2,Bulevar 27 de Febrero; Maipú,-32.9680891,-60.64072585,55.0,538.0,Municipio Rosario,Municipio,Rosario,820210,Servicio de Catastro e Información Territorial,IGN
2012,10804,2012-08-24,Viernes,0.0,15:00:00,,0.0,1,Automóvil,Colon Y Viamonte,3,1,0,0,2,0,0,,Calle,,ROSARIO,Rosario,Asfalto,S/D,II,Dentro,Urbana,S/D,S/D,Intersección,Bueno,Buena,Diurna,Buen Tiempo,S/D,S/D,Colisión,S/D,Faltante,S/D,Sin restricción,POINT (-60.6302946 -32.967576599999994),"['Colon', 'Viamonte']",2,Cristóbal Colón; Viamonte,-32.967576599999994,-60.6302946,55.0,538.0,Municipio Rosario,Municipio,Rosario,820210,Servicio de Catastro e Información Territorial,IGN
2012,10807,2012-08-01,Miercoles,0.0,,,0.0,2,"Automóvil,Automóvil",Pte.Roca Y Virasoro,2,2,0,0,0,0,0,,Calle,,ROSARIO,Rosario,Asfalto,S/D,II,Dentro,Urbana,S/D,No existe,Intersección,Bueno,S/D,S/D,Buen Tiempo,Lateral,S/D,Colisión,S/D,S/D,S/D,Sin restricción,POINT (-60.6510234 -32.9686915),"['Roca', 'Virasoro']",2,Presidente Roca; Benjamín Virasoro,-32.9686915,-60.6510234,55.0,538.0,Municipio Rosario,Municipio,Rosario,820210,Servicio de Catastro e Información Territorial,IGN
2012,10808,2012-07-21,Sabado,0.0,08:20:00,,0.0,2,"Automóvil,Automóvil",Sarmiento Y Garibaldi,2,1,0,0,1,0,0,,Calle,,ROSARIO,Rosario,Asfalto,No existe,II,Dentro,Urbana,Ninguna,No existe,Intersección,Bueno,S/D,Amanecer,S/D,Lateral,S/D,Colisión,S/D,S/D,Ninguna,Sin restricción,POINT (-60.6481261 -32.9859707),"['Sarmiento', 'José Garibaldi']",2,Sarmiento; José Garibaldi,-32.9859707,-60.6481261,55.0,538.0,Municipio Rosario,Municipio,Rosario,820210,Servicio de Catastro e Información Territorial,IGN
2012,10811,2012-08-01,Miercoles,0.0,08:20:00,,0.0,2,"Taxi/Remis,Pickup/Utilitario",Av. Pellegrini Y Bv. Oroño,2,1,0,0,1,0,0,,Avenida,,ROSARIO,Rosario,Asfalto,S/D,II,Dentro,Urbana,S/D,Funciona,Intersección,Bueno,Buena,Diurna,Buen Tiempo,Lateral,S/D,Colisión,S/D,Vertical,S/D,Sin restricción,POINT (-60.656023850000004 -32.95457175),"['Pellegrini', 'Bulevar Nicasio Oroño']",2,Avenida Carlos Pellegrini; Bulevar Nicasio Oroño,-32.95457175,-60.65602385,55.0,538.0,Municipio Rosario,Municipio,Rosario,820210,Servicio de Catastro e Información Territorial,IGN
2012,10812,2012-07-21,Sabado,0.0,11:35:00,,0.0,2,"Automóvil,Automóvil",Ameghino Y Mitre,2,1,0,0,1,0,0,,Calle,,ROSARIO,Rosario,Asfalto,No existe,II,Dentro,Urbana,Ninguna,No existe,Intersección,S/D,S/D,Diurna,S/D,Lateral,S/D,Colisión,S/D,S/D,Ninguna,Sin restricción,POINT (-60.649806600000005 -32.9868629),"['Ameghino', 'Mitre']",2,Ameghino; Bartolomé Mitre,-32.9868629,-60.649806600000005,55.0,538.0,Municipio Rosario,Municipio,Rosario,820210,Servicio de Catastro e Información Territorial,IGN
2012,10815,2012-08-01,Miercoles,0.0,21:00:00,,0.0,2,"Moto/Ciclomotor,Pickup/Utilitario",Dorrego Y Viamonte,3,2,0,0,1,0,0,,Calle,,ROSARIO,Rosario,Asfalto,No existe,II,Dentro,Urbana,S/D,No existe,Intersección,Bueno,Buena,Nocturna,Buen Tiempo,Lateral,S/D,Colisión,S/D,Faltante,S/D,Sin restricción,POINT (-60.6539778 -32.963386299999996),"['Dorrego', 'Viamonte']",2,Manuel Dorrego; Viamonte,-32.9633863,-60.6539778,55.0,538.0,Municipio Rosario,Municipio,Rosario,820210,Servicio de Catastro e Información Territorial,IGN
2012,10818,2012-08-02,Jueves,0.0,15:00:00,,0.0,2,"Automóvil,Moto/Ciclomotor",Mitre Y Cerrito,2,1,0,0,1,0,0,,Calle,,ROSARIO,Rosario,Asfalto,S/D,II,Dentro,Urbana,S/D,S/D,Intersección,Bueno,Buena,Diurna,Buen Tiempo,Lateral,S/D,Colisión,S/D,S/D,S/D,Sin restricción,POINT (-60.6434414 -32.96161829999999),"['Mitre', 'Cerrito']",2,Bartolomé Mitre; Cerrito,-32.96161829999999,-60.6434414,55.0,538.0,Municipio Rosario,Municipio,Rosario,820210,Servicio de Catastro e Información Territorial,IGN
2012,10822,2012-07-21,Sabado,0.0,14:50:00,,0.0,2,"Moto/Ciclomotor,Peatón",Av. Uriburu Y Av. Corrientes,2,1,0,0,1,0,0,,Avenida,,ROSARIO,Rosario,Asfalto,No existe,II,Dentro,Urbana,Ninguna,S/D,Intersección,S/D,S/D,Diurna,S/D,S/D,S/D,Atropello,S/D,S/D,Ninguna,Sin restricción,POINT (-60.653706549999995 -32.99091685),"['Uriburu', 'Corrientes']",2,Avenida José Uriburu; Corrientes,-32.99091685,-60.65370655,55.0,538.0,Municipio Rosario,Municipio,Rosario,820210,Servicio de Catastro e Información Territorial,IGN
2012,10823,2012-08-02,Jueves,0.0,15:00:00,,0.0,2,"Automóvil,Automóvil",Bv. 27 De Febrero Y Bv. Oroño,7,6,0,0,1,0,0,,Avenida,,ROSARIO,Rosario,Asfalto,S/D,II,Dentro,Urbana,S/D,Funciona,Intersección,Bueno,Buena,Diurna,Buen Tiempo,Lateral,S/D,Colisión,S/D,Vertical,S/D,Sin restricción,POINT (-60.658642825 -32.964892400000004),"['27 de Febrero', 'Bulevar Nicasio Oroño']",2,Bulevar 27 de Febrero; Bulevar Nicasio Oroño,-32.964892400000004,-60.658642825,55.0,538.0,Municipio Rosario,Municipio,Rosario,820210,Servicio de Catastro e Información Territorial,IGN
2012,10826,2012-07-21,Sabado,0.0,17:30:00,,0.0,2,"Moto/Ciclomotor,Automóvil",Ameghino Y Entre Rios,3,2,0,0,1,0,0,,Calle,,ROSARIO,Rosario,Asfalto,No existe,II,Dentro,Urbana,S/D,No existe,Intersección,S/D,S/D,Diurna,S/D,Lateral,S/D,Colisión,S/D,S/D,Ninguna,Sin restricción,POINT (-60.6511862 -32.98661430000001),"['Ameghino', 'Entre Ríos']",2,Ameghino; Entre Ríos,-32.98661430000001,-60.6511862,55.0,538.0,Municipio Rosario,Municipio,Rosario,820210,Servicio de Catastro e Información Territorial,IGN
2012,10827,2012-08-03,Viernes,0.0,17:00:00,,0.0,2,"Bicicleta,Automóvil",Bv. 27 De Febrero Y Pte.Roca,2,1,0,0,1,0,0,,Avenida,,ROSARIO,Rosario,Asfalto,S/D,II,Dentro,Urbana,S/D,Funciona,Intersección,Bueno,Buena,Atardecer,Buen Tiempo,De alcance,S/D,Atropello,S/D,Vertical,S/D,S/D,POINT (-60.65043195 -32.966353399999996),"['27 de Febrero', 'Roca']",2,Bulevar 27 de Febrero; Presidente Roca,-32.9663534,-60.65043195,55.0,538.0,Municipio Rosario,Municipio,Rosario,820210,Servicio de Catastro e Información Territorial,IGN
2012,10829,2012-08-03,Viernes,0.0,09:30:00,,0.0,2,"Moto/Ciclomotor,Automóvil",San Martin Y Rueda,3,2,0,0,1,0,0,,Calle,,ROSARIO,Rosario,Asfalto,No existe,II,Dentro,Urbana,S/D,Funciona,Intersección,Bueno,Buena,Diurna,Buen Tiempo,Otro,S/D,Colisión,S/D,Vertical,S/D,Sin restricción,POINT (-60.642861499999995 -32.9713425),"['San Martin', 'Rueda']",2,José de San Martín; Rueda,-32.9713425,-60.6428615,55.0,538.0,Municipio Rosario,Municipio,Rosario,820210,Servicio de Catastro e Información Territorial,IGN