anio_acci,nro_acci,fecha,desc_dia,fecha_aprox,hora_aprox,desc_ruta,km,cant_participantes,desc_participante,calle_avenida_km,total,heridos_leves,heridos_graves,heridos_gravisimos,ilesos,fallecidos,sin_datos,posicion_XY,desc_tipo_via,desc_ruta_ori,desc_loc,desc_dpto,desc_tipo_calzada,desc_tipo_banquina,desc_unidad_regional,desc_lugar_calzada,desc_zona,desc_prioridad,desc_estado_semaforo,desc_lugar_via,desc_estado_via,desc_estado_visibilidad,desc_luminosidad,desc_estado_clima,desc_tipo_colision,desc_tipo_atropello,desc_tipo_hecho,desc_pres_calzada,desc_senializacion,desc_separacion_via,desc_restriccion,forma_geocod,calle_lista,numero_calles,calles_osm,lat,lon,index_right,gid,fna,gna,nam,in1,fdc,sag
2012,10831,2012-08-03,Viernes,0.0,,,0.0,1,Moto/Ciclomotor,Av. Francia Y Godoy Cruz,3,1,0,0,2,0,0,,Avenida,,ROSARIO,Rosario,Asfalto,S/D,II,Dentro,Urbana,S/D,Funciona,Intersección,Bueno,S/D,S/D,Buen Tiempo,S/D,S/D,Colisión,S/D,Vertical,S/D,Sin restricción,POINT (-60.669141599999996 -32.95590709999999),"['Avenida Francia', 'Avenida Presidente Perón']",2,Avenida Francia; Avenida Presidente Perón,-32.95590709999999,-60.6691416,55.0,538.0,Municipio Rosario,Municipio,Rosario,820210,Servicio de Catastro e Información Territorial,IGN
2012,10839,2012-07-22,Domingo,0.0,13:15:00,,0.0,2,"Moto/Ciclomotor,Automóvil",San Martin Y Reg.11 de Infanteria,2,1,0,0,1,0,0,,Calle,,ROSARIO,Rosario,Asfalto,No existe,II,Dentro,Urbana,Ninguna,No existe,Intersección,S/D,S/D,Diurna,S/D,Lateral,S/D,Colisión,S/D,S/D,Ninguna,Sin restricción,POINT (-60.64845245 -32.99880900000001),"['San Martin', 'Regimiento 11']",2,José de San Martín; Regimiento 11,-32.99880900000001,-60.64845245,55.0,538.0,Municipio Rosario,Municipio,Rosario,820210,Servicio de Catastro e Información Territorial,IGN
2012,10842,2012-08-06,Lunes,0.0,16:50:00,,0.0,1,Taxi/Remis,Av. Corrientes Y Rueda,2,1,0,0,1,0,0,,Avenida,,ROSARIO,Rosario,Asfalto,S/D,II,Dentro,Urbana,S/D,No existe,Intersección,Bueno,Buena,Diurna,Buen Tiempo,Lateral,S/D,Colisión,S/D,Faltante,S/D,Sin restricción,POINT (-60.648564 -32.970324399999996),"['Corrientes', 'Rueda']",2,Corrientes; Rueda,-32.9703244,-60.648564,55.0,538.0,Municipio Rosario,Municipio,Rosario,820210,Servicio de Catastro e Información Territorial,IGN
2012,10849,2012-08-07,Martes,0.0,08:00:00,,0.0,2,"Moto/Ciclomotor,Pickup/Utilitario",Galvez Y Pueyrredon,3,2,0,0,1,0,0,,Calle,,ROSARIO,Rosario,Asfalto,No existe,II,Dentro,Urbana,S/D,No existe,Intersección,Bueno,Buena,Amanecer,Buen Tiempo,Lateral,S/D,Colisión,S/D,S/D,S/D,Sin restricción,POINT (-60.66299490000001 -32.96534619999999),"['Galvez', 'Pueyrredón']",2,José Gálvez; Pueyrredón,-32.96534619999999,-60.66299490000001,55.0,538.0,Municipio Rosario,Municipio,Rosario,820210,Servicio de Catastro e Información Territorial,IGN
2012,10851,2012-07-22,Domingo,0.0,19:30:00,,0.0,2,"Automóvil,Moto/Ciclomotor",SAN MARTIN Y pje. 503,2,1,0,0,1,0,0,,Avenida,,ROSARIO,Rosario,Asfalto,No existe,II,Dentro,Urbana,Ninguna,S/D,Intersección,Otro,S/D,Diurna,S/D,Lateral,S/D,Colisión,S/D,S/D,Ninguna,Sin restricción,POINT (-60.6518811 -33.015022200000004),"['San Martin', 'Calle 503']",2,José de San Martín; Calle 503,-33.015022200000004,-60.6518811,55.0,538.0,Municipio Rosario,Municipio,Rosario,820210,Servicio de Catastro e Información Territorial,IGN
2012,10852,2012-08-07,Martes,0.0,07:45:00,,0.0,2,"Automóvil,Automóvil",Italia Y Av. Pellegrini,3,1,0,0,2,0,0,,Avenida,,ROSARIO,Rosario,Asfalto,S/D,II,Dentro,Urbana,S/D,Funciona,Intersección,Bueno,Buena,Amanecer,Buen Tiempo,Lateral,S/D,Colisión,S/D,Vertical,S/D,Sin restricción,POINT (-60.650600100000005 -32.955561700000004),"['Italia', 'Pellegrini']",2,Italia; Avenida Carlos Pellegrini,-32.955561700000004,-60.650600100000005,55.0,538.0,Municipio Rosario,Municipio,Rosario,820210,Servicio de Catastro e Información Territorial,IGN
2012,10854,2012-08-08,Miercoles,0.0,15:10:00,,0.0,2,"Moto/Ciclomotor,Automóvil",Bv. 27 De Febrero 1050,3,2,0,0,1,0,0,,Avenida,,ROSARIO,Rosario,Asfalto,S/D,II,Dentro,Urbana,S/D,Funciona,Intersección,Bueno,Buena,Diurna,Buen Tiempo,Lateral,S/D,Colisión,S/D,Vertical,S/D,Sin restricción,"-32.96760136530612, -60.64269959387755",['27 De Febrero 1050'],1,27 De Febrero 1050,-32.96760136530612,-60.64269959387755,55.0,538.0,Municipio Rosario,Municipio,Rosario,820210,Servicio de Catastro e Información Territorial,IGN
2012,10856,2012-07-23,Lunes,0.0,18:30:00,,0.0,2,"Moto/Ciclomotor,Automóvil",Alvear Y Gaboto,2,1,0,0,1,0,0,,Calle,,ROSARIO,Rosario,Asfalto,Pavimento,II,Dentro,Urbana,Ninguna,No existe,Intersección,Bueno,Buena,Atardecer,S/D,Lateral,S/D,Colisión,S/D,S/D,Cordón divisorio,Sin restricción,POINT (-60.6614422 -32.970403299999994),"['Alvear', 'Gaboto']",2,Alvear; Gaboto,-32.970403299999994,-60.6614422,55.0,538.0,Municipio Rosario,Municipio,Rosario,820210,Servicio de Catastro e Información Territorial,IGN
2012,10859,2012-07-23,Lunes,0.0,22:30:00,,0.0,2,"Moto/Ciclomotor,Automóvil",Av. Uriburu Y Entre Rios,2,1,0,0,0,0,1,,Avenida,,ROSARIO,Rosario,Asfalto,Pavimento,II,Dentro,Urbana,Semáforo,Funciona,Recta,Bueno,Buena,Nocturna,S/D,Lateral,S/D,Colisión,S/D,S/D,Cordón divisorio,Sin restricción,POINT (-60.652262449999995 -32.99087005),"['Uriburu', 'Entre Ríos']",2,Avenida José Uriburu; Entre Ríos,-32.99087005,-60.65226245,55.0,538.0,Municipio Rosario,Municipio,Rosario,820210,Servicio de Catastro e Información Territorial,IGN
2012,10860,2012-08-09,Jueves,0.0,18:30:00,,0.0,2,"Automóvil,Automóvil",Pte.Roca Y Cerrito,2,1,0,0,1,0,0,,Calle,,ROSARIO,Rosario,Asfalto,S/D,II,Dentro,Urbana,S/D,Funciona,Intersección,Bueno,Buena,Atardecer,Buen Tiempo,Lateral,S/D,Colisión,S/D,S/D,S/D,Sin restricción,POINT (-60.64898230000001 -32.96062199999999),"['Roca', 'Cerrito']",2,Presidente Roca; Cerrito,-32.96062199999999,-60.64898230000001,55.0,538.0,Municipio Rosario,Municipio,Rosario,820210,Servicio de Catastro e Información Territorial,IGN
2012,10861,2012-08-10,Viernes,0.0,17:10:00,,0.0,2,"Automóvil,Automóvil",Av. Pellegrini Y Bv. Oroño,3,1,0,0,2,0,0,,Avenida,,ROSARIO,Rosario,Asfalto,No existe,II,Dentro,Urbana,S/D,Funciona,Intersección,Bueno,Buena,Diurna,Buen Tiempo,Lateral,S/D,Colisión,S/D,Vertical,S/D,Sin restricción,POINT (-60.656023850000004 -32.95457175),"['Pellegrini', 'Bulevar Nicasio Oroño']",2,Avenida Carlos Pellegrini; Bulevar Nicasio Oroño,-32.95457175,-60.65602385,55.0,538.0,Municipio Rosario,Municipio,Rosario,820210,Servicio de Catastro e Información Territorial,IGN
2012,10866,2012-08-12,Domingo,0.0,19:00:00,,0.0,2,"Bicicleta,Automóvil",Bv. Oroño Y Bv. 27 De Febrero,2,1,0,0,1,0,0,,Avenida,,ROSARIO,Rosario,Asfalto,S/D,II,Dentro,Urbana,S/D,S/D,Intersección,Bueno,Buena,Atardecer,Buen Tiempo,S/D,S/D,Atropello,S/D,S/D,S/D,Sin restricción,POINT (-60.658642825 -32.964892400000004),"['Bulevar Nicasio Oroño', '27 de Febrero']",2,Bulevar Nicasio Oroño; Bulevar 27 de Febrero,-32.964892400000004,-60.658642825,55.0,538.0,Municipio Rosario,Municipio,Rosario,820210,Servicio de Catastro e Información Territorial,IGN
2012,10867,2012-08-12,Domingo,0.0,19:15:00,,0.0,2,"Moto/Ciclomotor,Automóvil",Virasoro Y Mitre,3,2,0,0,0,0,1,,Calle,,ROSARIO,Rosario,Asfalto,S/D,II,Dentro,Urbana,S/D,Funciona,Intersección,Bueno,Buena,Diurna,Buen Tiempo,S/D,S/D,Colisión,S/D,S/D,S/D,Sin restricción,POINT (-60.645445900000006 -32.9696759),"['Virasoro', 'Mitre']",2,Benjamín Virasoro; Bartolomé Mitre,-32.9696759,-60.645445900000006,55.0,538.0,Municipio Rosario,Municipio,Rosario,820210,Servicio de Catastro e Información Territorial,IGN
2012,10868,2012-08-17,Viernes,0.0,21:45:00,,0.0,2,"Moto/Ciclomotor,Automóvil",La Paz Y Pte.Roca,2,1,0,0,1,0,0,,Calle,,ROSARIO,Rosario,Asfalto,S/D,II,Dentro,Urbana,S/D,S/D,Intersección,Bueno,Buena,Nocturna,Buen Tiempo,S/D,S/D,Colisión,S/D,S/D,S/D,Sin restricción,POINT (-60.64956790000001 -32.96293739999999),"['La Paz', 'Roca']",2,La Paz; Presidente Roca,-32.96293739999999,-60.64956790000001,55.0,538.0,Municipio Rosario,Municipio,Rosario,820210,Servicio de Catastro e Información Territorial,IGN
2012,10869,2012-08-17,Viernes,0.0,18:50:00,,0.0,2,"Automóvil,Moto/Ciclomotor",España Y Bv. 27 De Febrero,3,2,0,0,1,0,0,,Avenida,,ROSARIO,Rosario,Asfalto,No existe,II,Dentro,Urbana,S/D,No existe,Intersección,Bueno,Buena,Diurna,Buen Tiempo,S/D,S/D,Colisión,S/D,S/D,S/D,Sin restricción,POINT (-60.6518035 -32.966108549999994),"['España', '27 de Febrero']",2,España; Bulevar 27 de Febrero,-32.966108549999994,-60.6518035,55.0,538.0,Municipio Rosario,Municipio,Rosario,820210,Servicio de Catastro e Información Territorial,IGN
2012,10870,2012-08-17,Viernes,0.0,17:00:00,,0.0,2,"Peatón,Moto/Ciclomotor",Riobamba 1975,2,1,0,0,1,0,0,,Calle,,ROSARIO,Rosario,Asfalto,S/D,II,Dentro,Urbana,S/D,S/D,Recta,Bueno,Buena,Atardecer,Buen Tiempo,S/D,S/D,Atropello,S/D,S/D,S/D,Sin restricción,"-32.96098922448979, -60.65438933061225",['Riobamba 1975'],1,Riobamba 1975,-32.96098922448979,-60.65438933061225,55.0,538.0,Municipio Rosario,Municipio,Rosario,820210,Servicio de Catastro e Información Territorial,IGN
2012,10873,2012-08-18,Sabado,0.0,15:00:00,,0.0,2,"Bicicleta,Automóvil",Galvez Y Bv. Oroño,2,1,0,0,1,0,0,,Calle,,ROSARIO,Rosario,Asfalto,S/D,II,Dentro,Urbana,S/D,S/D,Intersección,Bueno,S/D,Diurna,Buen Tiempo,S/D,S/D,Colisión,S/D,S/D,S/D,S/D,POINT (-60.658933899999994 -32.9660708),"['Galvez', 'Bulevar Nicasio Oroño']",2,José Gálvez; Bulevar Nicasio Oroño,-32.9660708,-60.6589339,55.0,538.0,Municipio Rosario,Municipio,Rosario,820210,Servicio de Catastro e Información Territorial,IGN
2012,10876,2012-08-20,Lunes,0.0,22:00:00,,0.0,2,"Bicicleta,Bicicleta",Av. Pellegrini Y Rodriguez,2,1,0,0,1,0,0,,Avenida,,ROSARIO,Rosario,Asfalto,S/D,II,Dentro,Urbana,S/D,S/D,Intersección,Bueno,Buena,Nocturna,Buen Tiempo,S/D,S/D,Atropello,S/D,S/D,S/D,Sin restricción,POINT (-60.661436800000004 -32.95359945),"['Pellegrini', 'Rodríguez']",2,Avenida Carlos Pellegrini; Rodríguez de Escobedo,-32.95359945,-60.6614368,55.0,538.0,Municipio Rosario,Municipio,Rosario,820210,Servicio de Catastro e Información Territorial,IGN
2012,10878,2012-08-20,Lunes,0.0,07:25:00,,0.0,2,"Pickup/Utilitario,Camión",Cochabamba Y Pte.Roca,4,2,0,0,2,0,0,,Calle,,ROSARIO,Rosario,Asfalto,No existe,II,Dentro,Urbana,S/D,S/D,Intersección,Bueno,Buena,Diurna,Buen Tiempo,S/D,S/D,Vuelco,Otro,S/D,S/D,Sin restricción,POINT (-60.6481136 -32.957187099999985),"['Cochabamba', 'Roca']",2,Cochabamba; Presidente Roca,-32.957187099999985,-60.6481136,55.0,538.0,Municipio Rosario,Municipio,Rosario,820210,Servicio de Catastro e Información Territorial,IGN
2012,10882,2012-08-21,Martes,0.0,16:30:00,,0.0,2,"Bicicleta,Automóvil",Bv. Oroño Y Galvez,2,1,0,0,1,0,0,,Avenida,,ROSARIO,Rosario,Asfalto,S/D,II,Dentro,Urbana,S/D,Funciona,Intersección,Bueno,Buena,Diurna,Buen Tiempo,S/D,S/D,Atropello,S/D,S/D,S/D,Sin restricción,POINT (-60.658933899999994 -32.9660708),"['Bulevar Nicasio Oroño', 'Galvez']",2,Bulevar Nicasio Oroño; José Gálvez,-32.9660708,-60.6589339,55.0,538.0,Municipio Rosario,Municipio,Rosario,820210,Servicio de Catastro e Información Territorial,IGN
2012,10883,2012-08-25,Sabado,0.0,16:00:00,,0.0,2,"Moto/Ciclomotor,Pickup/Utilitario",Bv. Oroño Y Av. Dante Alighieri,2,1,0,0,1,0,0,,Avenida,,ROSARIO,Rosario,Asfalto,S/D,II,Dentro,Urbana,S/D,S/D,Intersección,Bueno,Buena,Atardecer,Buen Tiempo,Lateral,S/D,Colisión,S/D,S/D,S/D,Sin restricción,POINT (-60.6579301 -32.961999649999996),"['Bulevar Nicasio Oroño', 'Dante Alighieri']",2,"('Ciclovía Bulevar Nicasio Oroño', 'Avenida Dante Alighieri')",-32.96199965,-60.6579301,55.0,538.0,Municipio Rosario,Municipio,Rosario,820210,Servicio de Catastro e Información Territorial,IGN
2012,10887,2012-08-25,Sabado,0.0,04:00:00,,0.0,2,"Taxi/Remis,Moto/Ciclomotor",Sarmiento Y Ituzaingo,2,1,0,0,1,0,0,,Calle,,ROSARIO,Rosario,Asfalto,S/D,II,Dentro,Urbana,S/D,S/D,Intersección,Bueno,Buena,Nocturna,Buen Tiempo,Lateral,S/D,Colisión,S/D,S/D,S/D,Sin restricción,POINT (-60.6417314 -32.96072360000001),"['Sarmiento', 'Ituzaingó']",2,Sarmiento; Ituzaingó,-32.96072360000001,-60.6417314,55.0,538.0,Municipio Rosario,Municipio,Rosario,820210,Servicio de Catastro e Información Territorial,IGN
2012,10888,2012-08-25,Sabado,0.0,10:50:00,,0.0,2,"Bicicleta,Automóvil",1 de Mayo Y Rueda,2,1,0,0,1,0,0,,Calle,,ROSARIO,Rosario,Asfalto,No existe,II,Dentro,Urbana,S/D,No existe,Intersección,Bueno,Buena,Diurna,Buen Tiempo,Lateral,S/D,Atropello,S/D,Vertical,S/D,Sin restricción,POINT (-60.6358789 -32.97259549999999),"['Primero de Mayo', 'Rueda']",2,Primero de Mayo; Rueda,-32.97259549999999,-60.6358789,55.0,538.0,Municipio Rosario,Municipio,Rosario,820210,Servicio de Catastro e Información Territorial,IGN
2012,10889,2012-08-19,Domingo,0.0,19:00:00,,0.0,2,"Moto/Ciclomotor,Automóvil",Av. Battle y Ordoñez Y Balcarce,3,1,0,0,2,0,0,,Avenida,,ROSARIO,Rosario,Asfalto,No existe,II,Dentro,Urbana,S/D,No existe,Intersección,Bueno,Buena,Atardecer,Buen Tiempo,Lateral,S/D,Colisión,S/D,Faltante,S/D,Sin restricción,POINT (-60.66308240000001 -33.009310600000006),"['Avenida Battle y Ordoñez', 'Balcarce']",2,Avenida Battle y Ordoñez; Balcarce,-33.009310600000006,-60.66308240000001,55.0,538.0,Municipio Rosario,Municipio,Rosario,820210,Servicio de Catastro e Información Territorial,IGN
2012,10899,2012-08-17,Viernes,0.0,19:30:00,,0.0,2,"Bicicleta,Automóvil",Mariano Moreno Y Av. Battle y Ordoñez,3,2,0,0,1,0,0,,Avenida,,ROSARIO,Rosario,Asfalto,No existe,II,Dentro,Urbana,S/D,No existe,Intersección,Bueno,Buena,Atardecer,Buen Tiempo,Lateral,S/D,Atropello,S/D,Vertical,S/D,Sin restricción,POINT (-60.661635649999994 -33.0093064),"['Mariano Moreno', 'Avenida Battle y Ordoñez']",2,Mariano Moreno; Avenida Battle y Ordoñez,-33.0093064,-60.66163565,55.0,538.0,Municipio Rosario,Municipio,Rosario,820210,Servicio de Catastro e Información Territorial,IGN
2012,10901,2012-08-19,Domingo,0.0,23:00:00,,0.0,1,Moto/Ciclomotor,Bv. Oroño Y Lamadrid,2,1,0,0,1,0,0,,Avenida,,ROSARIO,Rosario,Asfalto,No existe,II,Dentro,Urbana,S/D,Funciona,Intersección,Bueno,Buena,Nocturna,Buen Tiempo,Lateral,S/D,Caída ocupante,S/D,Vertical,S/D,Sin restricción,POINT (-60.66524270000001 -32.9976152),"['Bulevar Nicasio Oroño', 'Lamadrid']",2,Bulevar Nicasio Oroño; Gregorio Aráoz de Lamadrid,-32.9976152,-60.66524270000001,55.0,538.0,Municipio Rosario,Municipio,Rosario,820210,Servicio de Catastro e Información Territorial,IGN
2012,10904,2012-08-19,Domingo,0.0,11:30:00,,0.0,2,"Moto/Ciclomotor,Moto/Ciclomotor",Av. Battle y Ordoñez Y Dorrego,3,3,0,0,0,0,0,,Avenida,,ROSARIO,Rosario,Asfalto,No existe,II,Dentro,Urbana,S/D,No existe,Intersección,Bueno,Buena,Diurna,Buen Tiempo,Lateral,S/D,Colisión,S/D,Vertical,S/D,Sin restricción,POINT (-60.66027295000001 -33.0092228),"['Avenida Battle y Ordoñez', 'Dorrego']",2,Avenida Battle y Ordoñez; Manuel Dorrego,-33.0092228,-60.66027295000001,55.0,538.0,Municipio Rosario,Municipio,Rosario,820210,Servicio de Catastro e Información Territorial,IGN
2012,10910,2012-08-19,Domingo,0.0,14:00:00,,0.0,2,"Moto/Ciclomotor,Automóvil",Bv. Oroño Y Av. Arijon,3,2,0,0,1,0,0,,Avenida,,ROSARIO,Rosario,Asfalto,No existe,II,Dentro,Urbana,S/D,Funciona,Intersección,Bueno,Buena,Diurna,Buen Tiempo,Otro,S/D,Colisión,S/D,Vertical,S/D,Sin restricción,POINT (-60.6650193 -33.003540599999994),"['Bulevar Nicasio Oroño', 'Avenida Manuel Arijón']",2,Bulevar Nicasio Oroño; Avenida Manuel Arijón,-33.003540599999994,-60.6650193,55.0,538.0,Municipio Rosario,Municipio,Rosario,820210,Servicio de Catastro e Información Territorial,IGN
2012,10912,2012-08-18,Sabado,0.0,18:40:00,,0.0,2,"Moto/Ciclomotor,Taxi/Remis",Balcarce Y Pte.Quintana,2,1,0,0,1,0,0,,Calle,,ROSARIO,Rosario,Asfalto,No existe,II,Dentro,Urbana,S/D,No existe,Intersección,Bueno,Buena,Diurna,Buen Tiempo,Lateral,S/D,Colisión,S/D,Faltante,S/D,Sin restricción,POINT (-60.66103 -32.9800504),"['Balcarce', 'Quintana']",2,"('Balcarce', 'Presidente Quintana')",-32.9800504,-60.66103,55.0,538.0,Municipio Rosario,Municipio,Rosario,820210,Servicio de Catastro e Información Territorial,IGN
2012,10916,2012-08-27,Lunes,0.0,11:00:00,,0.0,2,"Moto/Ciclomotor,Pickup/Utilitario",Bv. Oroño Y Av. Arijon,3,1,0,0,2,0,0,,Avenida,,ROSARIO,Rosario,Asfalto,No existe,II,Dentro,Urbana,S/D,No existe,Intersección,Bueno,Buena,Diurna,Buen Tiempo,Otro,S/D,Colisión,Otro,Vertical,S/D,Sin restricción,POINT (-60.6650193 -33.003540599999994),"['Bulevar Nicasio Oroño', 'Avenida Manuel Arijón']",2,Bulevar Nicasio Oroño; Avenida Manuel Arijón,-33.003540599999994,-60.6650193,55.0,538.0,Municipio Rosario,Municipio,Rosario,820210,Servicio de Catastro e Información Territorial,IGN
2012,10921,2012-08-27,Lunes,0.0,10:30:00,,0.0,2,"Moto/Ciclomotor,Automóvil",Alvear Y Av. Ntra.Sra.del Rosario,3,2,0,0,1,0,0,,Avenida,,ROSARIO,Rosario,Asfalto,No existe,II,Dentro,Urbana,S/D,No existe,Intersección,Bueno,Buena,Diurna,Buen Tiempo,Lateral,S/D,Colisión,S/D,Faltante,S/D,Sin restricción,POINT (-60.6663034 -33.0006201),"['Alvear', 'Nuestra Señora del Rosario']",2,Alvear; Puente Nuestra Señora del Rosario,-33.0006201,-60.6663034,55.0,538.0,Municipio Rosario,Municipio,Rosario,820210,Servicio de Catastro e Información Territorial,IGN
2012,10924,2012-08-26,Domingo,0.0,12:00:00,,0.0,2,"Moto/Ciclomotor,Automóvil",Av. Arijon Y Balcarce,3,2,0,0,1,0,0,,Avenida,,ROSARIO,Rosario,Asfalto,No existe,II,Dentro,Urbana,S/D,No existe,Intersección,Bueno,Buena,Diurna,Buen Tiempo,Otro,S/D,Colisión,S/D,Faltante,S/D,S/D,POINT (-60.6633107 -33.00349020000001),"['Avenida Manuel Arijón', 'Balcarce']",2,Avenida Manuel Arijón; Balcarce,-33.00349020000001,-60.6633107,55.0,538.0,Municipio Rosario,Municipio,Rosario,820210,Servicio de Catastro e Información Territorial,IGN
2012,10925,2012-08-26,Domingo,0.0,07:30:00,,0.0,2,"Moto/Ciclomotor,Automóvil",Av. Battle y Ordoñez 1700,2,1,0,0,1,0,0,,Avenida,,ROSARIO,Rosario,Asfalto,No existe,II,Dentro,Urbana,S/D,No existe,Recta,Bueno,Buena,Diurna,Buen Tiempo,Lateral,S/D,Colisión,S/D,Faltante,S/D,Sin restricción,"-33.0092584, -60.6602705",['Avenida Battle y Ordoñez 1700'],1,Avenida Battle y Ordoñez 1700,-33.0092584,-60.6602705,55.0,538.0,Municipio Rosario,Municipio,Rosario,820210,Servicio de Catastro e Información Territorial,IGN
2012,10926,2012-08-25,Sabado,0.0,20:45:00,,0.0,2,"Moto/Ciclomotor,Automóvil",Lamadrid Y Balcarce,2,1,0,0,1,0,0,,Calle,,ROSARIO,Rosario,Asfalto,No existe,II,Dentro,Urbana,S/D,No existe,Intersección,Bueno,Buena,Nocturna,Buen Tiempo,Lateral,S/D,Colisión,S/D,Faltante,S/D,S/D,POINT (-60.663541 -32.997564),"['Lamadrid', 'Balcarce']",2,Gregorio Aráoz de Lamadrid; Balcarce,-32.997564,-60.663541,55.0,538.0,Municipio Rosario,Municipio,Rosario,820210,Servicio de Catastro e Información Territorial,IGN
2012,10931,2012-08-24,Viernes,0.0,19:30:00,,0.0,2,"Bicicleta,Moto/Ciclomotor",Mariano Moreno Y Av. Ntra.Sra.del Rosario,2,1,0,0,1,0,0,,Avenida,,ROSARIO,Rosario,Asfalto,No existe,II,Dentro,Urbana,S/D,No existe,Intersección,Bueno,Buena,Atardecer,Buen Tiempo,Lateral,S/D,Colisión,S/D,Faltante,S/D,Sin restricción,POINT (-60.66205469999999 -33.0004878),"['Mariano Moreno', 'Nuestra Señora del Rosario']",2,Mariano Moreno; Puente Nuestra Señora del Rosario,-33.0004878,-60.66205469999999,55.0,538.0,Municipio Rosario,Municipio,Rosario,820210,Servicio de Catastro e Información Territorial,IGN
2012,10939,2012-08-11,Sabado,0.0,10:30:00,,0.0,2,"Automóvil,Automóvil",España Y Madre Cabrini,3,1,0,0,2,0,0,,Calle,,ROSARIO,Rosario,Asfalto,No existe,II,Dentro,Urbana,S/D,No existe,Intersección,Bueno,Buena,Diurna,Buen Tiempo,Lateral,S/D,Colisión,S/D,Faltante,S/D,Sin restricción,POINT (-60.6575269 -33.005268300000004),"['España', 'Madre Cabrini']",2,España; Madre Cabrini,-33.005268300000004,-60.6575269,55.0,538.0,Municipio Rosario,Municipio,Rosario,820210,Servicio de Catastro e Información Territorial,IGN
2012,10942,2012-08-18,Sabado,0.0,19:30:00,,0.0,2,"Moto/Ciclomotor,Automóvil",Hilarion de la Quintana Y Flamarion,3,2,0,0,0,0,1,,Calle,,ROSARIO,Rosario,Asfalto,No existe,II,Dentro,Urbana,S/D,No existe,Intersección,Bueno,Buena,Atardecer,Buen Tiempo,Otro,S/D,Colisión,S/D,Faltante,S/D,Sin restricción,POINT (-60.65580099999999 -33.001272599999986),"['Hilarión de la Quintana', 'Camilo Flammarion']",2,Hilarión de la Quintana; Camilo Flammarion,-33.001272599999986,-60.65580099999999,55.0,538.0,Municipio Rosario,Municipio,Rosario,820210,Servicio de Catastro e Información Territorial,IGN
2012,10945,2012-08-05,Domingo,0.0,14:10:00,,0.0,2,"Automóvil,Automóvil",Santiago Y Hilarion de la Quintana,2,2,0,0,0,0,0,,Calle,,ROSARIO,Rosario,Asfalto,No existe,II,Dentro,Urbana,S/D,No existe,Curva,Bueno,Buena,Diurna,Buen Tiempo,Lateral,S/D,Colisión,S/D,Faltante,S/D,Sin restricción,POINT (-60.66769810000001 -33.001636099999985),"['Santiago', 'Hilarión de la Quintana']",2,Santiago; Hilarión de la Quintana,-33.001636099999985,-60.66769810000001,55.0,538.0,Municipio Rosario,Municipio,Rosario,820210,Servicio de Catastro e Información Territorial,IGN
2012,10956,2012-08-24,Viernes,0.0,13:30:00,,0.0,2,"Moto/Ciclomotor,Automóvil",24 De Setiembre Y Grandoli,3,2,0,0,1,0,0,,Calle,,ROSARIO,Rosario,Asfalto,No existe,II,Dentro,Urbana,S/D,No existe,Intersección,Bueno,Buena,Diurna,Buen Tiempo,Lateral,S/D,Colisión,S/D,Vertical,S/D,Sin restricción,POINT (-60.62809635000001 -32.98357419999999),"['24 de Septiembre', 'Avenida Abanderado Grandoli']",2,24 de Septiembre; Avenida Abanderado Grandoli,-32.98357419999999,-60.62809635000001,55.0,538.0,Municipio Rosario,Municipio,Rosario,820210,Servicio de Catastro e Información Territorial,IGN
2012,10959,2012-08-23,Jueves,0.0,16:15:00,,0.0,2,"Moto/Ciclomotor,Transporte de Pasajeros Urbano (> 8 asientos)",Centeno Y Esmeralda,2,1,0,0,1,0,0,,Calle,,ROSARIO,Rosario,Asfalto,No existe,II,Dentro,Urbana,S/D,No existe,Intersección,Bueno,Buena,Diurna,Buen Tiempo,Lateral,S/D,Colisión,S/D,Horizontal,S/D,Sin restricción,POINT (-60.631104300000004 -32.9877987),"['Centeno', 'Esmeralda']",2,Coronel Centeno; Esmeralda,-32.9877987,-60.6311043,55.0,538.0,Municipio Rosario,Municipio,Rosario,820210,Servicio de Catastro e Información Territorial,IGN
2012,10961,2012-08-22,Miercoles,0.0,09:30:00,,0.0,2,"Moto/Ciclomotor,Automóvil",Centeno Y Esmeralda,2,1,0,0,1,0,0,,Calle,,ROSARIO,Rosario,Asfalto,No existe,II,Dentro,Urbana,S/D,No existe,Intersección,Bueno,Buena,Diurna,Buen Tiempo,Lateral,S/D,Colisión,S/D,Vertical,S/D,Sin restricción,POINT (-60.631104300000004 -32.9877987),"['Centeno', 'Esmeralda']",2,Coronel Centeno; Esmeralda,-32.9877987,-60.6311043,55.0,538.0,Municipio Rosario,Municipio,Rosario,820210,Servicio de Catastro e Información Territorial,IGN
2012,10962,2012-08-19,Domingo,0.0,10:00:00,,0.0,2,"Moto/Ciclomotor,Automóvil",Ayolas Y Beruti,3,2,0,0,1,0,0,,Calle,,ROSARIO,Rosario,Asfalto,No existe,II,Dentro,Urbana,S/D,Funciona,Intersección,Bueno,Buena,Diurna,Buen Tiempo,Lateral,S/D,Colisión,S/D,Vertical,S/D,Sin restricción,POINT (-60.6277139 -32.9800263),"['Ayolas', 'Luis Beruti']",2,Ayolas; Luis Beruti,-32.9800263,-60.6277139,55.0,538.0,Municipio Rosario,Municipio,Rosario,820210,Servicio de Catastro e Información Territorial,IGN