anio_acci,nro_acci,fecha,desc_dia,fecha_aprox,hora_aprox,desc_ruta,km,cant_participantes,desc_participante,calle_avenida_km,total,heridos_leves,heridos_graves,heridos_gravisimos,ilesos,fallecidos,sin_datos,posicion_XY,desc_tipo_via,desc_ruta_ori,desc_loc,desc_dpto,desc_tipo_calzada,desc_tipo_banquina,desc_unidad_regional,desc_lugar_calzada,desc_zona,desc_prioridad,desc_estado_semaforo,desc_lugar_via,desc_estado_via,desc_estado_visibilidad,desc_luminosidad,desc_estado_clima,desc_tipo_colision,desc_tipo_atropello,desc_tipo_hecho,desc_pres_calzada,desc_senializacion,desc_separacion_via,desc_restriccion,forma_geocod,calle_lista,numero_calles,calles_osm,lat,lon,index_right,gid,fna,gna,nam,in1,fdc,sag
2012,10965,2012-08-19,Domingo,0.0,08:00:00,,0.0,2,"Moto/Ciclomotor,Automóvil",Ayolas Y Buenos Aires,3,2,0,0,1,0,0,,Calle,,ROSARIO,Rosario,Asfalto,No existe,II,Dentro,Urbana,S/D,No existe,Intersección,Bueno,Buena,Diurna,Buen Tiempo,Lateral,S/D,Colisión,S/D,Vertical,S/D,Sin restricción,POINT (-60.64034620000001 -32.9777879),"['Ayolas', 'Buenos Aires']",2,Ayolas; Buenos Aires,-32.9777879,-60.64034620000001,55.0,538.0,Municipio Rosario,Municipio,Rosario,820210,Servicio de Catastro e Información Territorial,IGN
2012,10968,2012-08-16,Jueves,0.0,18:00:00,,0.0,2,"Moto/Ciclomotor,Taxi/Remis",Beruti Y Dean Funes,2,1,0,0,1,0,0,,Calle,,ROSARIO,Rosario,Asfalto,No existe,II,Dentro,Urbana,S/D,No existe,Intersección,Bueno,Buena,Atardecer,Buen Tiempo,Lateral,S/D,Colisión,S/D,Vertical,S/D,Sin restricción,POINT (-60.627421500000004 -32.9788895),"['Luis Beruti', 'Deán Gregorio Funes']",2,Luis Beruti; Deán Gregorio Funes,-32.9788895,-60.6274215,55.0,538.0,Municipio Rosario,Municipio,Rosario,820210,Servicio de Catastro e Información Territorial,IGN
2012,10972,2012-08-16,Jueves,0.0,17:30:00,,0.0,2,"Moto/Ciclomotor,Automóvil",Bv. Segui Y Grandoli,2,1,0,0,1,0,0,,Calle,,ROSARIO,Rosario,Asfalto,Pavimento,II,Dentro,Urbana,S/D,No existe,Intersección,Bueno,Buena,Atardecer,Buen Tiempo,Lateral,S/D,Colisión,S/D,Vertical,S/D,Sin restricción,POINT (-60.62803015 -32.98236034999999),"['Bulevar Juan Francisco Seguí', 'Avenida Abanderado Grandoli']",2,Bulevar Juan Francisco Seguí; Avenida Abanderado Grandoli,-32.98236034999999,-60.62803015,55.0,538.0,Municipio Rosario,Municipio,Rosario,820210,Servicio de Catastro e Información Territorial,IGN
2012,10980,2012-08-01,Miercoles,0.0,11:30:00,,0.0,2,"Moto/Ciclomotor,Pickup/Utilitario",brandoni Y presidente roca ,2,1,0,0,1,0,0,,Calle,,ROSARIO,Rosario,Asfalto,No existe,II,Dentro,Urbana,S/D,No existe,Intersección,Bueno,Buena,Diurna,Buen Tiempo,Otro,S/D,Colisión,S/D,Faltante,S/D,Sin restricción,POINT (-60.6560259 -33.00619299999999),"['Brandoni', 'Presidente Roca']",2,Brandoni; Presidente Roca,-33.00619299999999,-60.6560259,55.0,538.0,Municipio Rosario,Municipio,Rosario,820210,Servicio de Catastro e Información Territorial,IGN
2012,10985,2012-08-02,Jueves,0.0,09:20:00,,0.0,2,"Moto/Ciclomotor,Camión",Pago de los Arroyos Y F.Frias,3,1,0,0,2,0,0,,Calle,,ROSARIO,Rosario,Asfalto,No existe,II,Dentro,Urbana,S/D,No existe,Recta,Bueno,Buena,Diurna,Buen Tiempo,Otro,S/D,Colisión,S/D,Faltante,S/D,Sin restricción,POINT (-60.650088800000006 -33.01199859999999),"['Pago de los Arroyos', 'Frias']",2,Pago de los Arroyos; Frias,-33.01199859999999,-60.650088800000006,55.0,538.0,Municipio Rosario,Municipio,Rosario,820210,Servicio de Catastro e Información Territorial,IGN
2012,10992,2012-08-04,Sabado,0.0,05:50:00,,0.0,2,"Moto/Ciclomotor,Moto/Ciclomotor",Av. Circunvalacion Y San Martin,2,1,0,0,0,0,1,,Avenida,,ROSARIO,Rosario,Asfalto,Natural,II,Dentro,Urbana,S/D,No existe,Intersección,Bueno,Buena,Diurna,Buen Tiempo,Otro,S/D,Colisión,S/D,Faltante,S/D,Sin restricción,POINT (-60.652223580418244 -33.0164074304026),"['Circunvalacion', 'San Martin']",2,"('Avenida de Circunvalación 25 de Mayo', 'José de San Martín')",-33.0164074304026,-60.65222358041824,55.0,538.0,Municipio Rosario,Municipio,Rosario,820210,Servicio de Catastro e Información Territorial,IGN
2012,10998,2012-08-09,Jueves,0.0,18:10:00,,0.0,2,"Moto/Ciclomotor,Automóvil",arteaga Y arrieta,3,2,0,0,1,0,0,,Calle,,ROSARIO,Rosario,Asfalto,No existe,II,Dentro,Urbana,S/D,No existe,Intersección,Bueno,Buena,Diurna,Buen Tiempo,Otro,S/D,Colisión,S/D,Faltante,S/D,Sin restricción,POINT (-60.643487 -33.0093098),"['Arteaga', 'Arrieta']",2,Alfredo de Arteaga; Arrieta,-33.0093098,-60.643487,55.0,538.0,Municipio Rosario,Municipio,Rosario,820210,Servicio de Catastro e Información Territorial,IGN
2012,11001,2012-08-10,Viernes,0.0,13:45:00,,0.0,2,"Moto/Ciclomotor,Automóvil",Av. Battle y Ordoñez Y Pte.Roca,2,0,1,0,0,0,1,,Avenida,,ROSARIO,Rosario,Asfalto,No existe,II,Dentro,Urbana,S/D,No existe,Intersección,Bueno,Buena,Diurna,Buen Tiempo,Otro,S/D,Colisión,S/D,Faltante,S/D,Sin restricción,POINT (-60.65589215 -33.0090795),"['Avenida Battle y Ordoñez', 'Roca']",2,Avenida Battle y Ordoñez; Presidente Roca,-33.0090795,-60.65589215,55.0,538.0,Municipio Rosario,Municipio,Rosario,820210,Servicio de Catastro e Información Territorial,IGN
2012,11002,2012-08-10,Viernes,0.0,18:05:00,,0.0,2,"Moto/Ciclomotor,Automóvil",Buenos Aires Y Alzugaray,2,1,0,0,1,0,0,,Calle,,ROSARIO,Rosario,Asfalto,No existe,II,Dentro,Urbana,S/D,No existe,Intersección,Bueno,Buena,Diurna,Buen Tiempo,Otro,S/D,Colisión,S/D,Faltante,S/D,Sin restricción,POINT (-60.644529500000004 -33.0128842),"['Buenos Aires', 'Alzugaray']",2,Buenos Aires; Alzugaray,-33.0128842,-60.6445295,55.0,538.0,Municipio Rosario,Municipio,Rosario,820210,Servicio de Catastro e Información Territorial,IGN
2012,11008,2012-08-14,Martes,0.0,05:25:00,,0.0,2,"Automóvil,Automóvil",Av. Arijon 600,2,1,0,0,1,0,0,,Avenida,,ROSARIO,Rosario,Asfalto,No existe,II,Dentro,Urbana,S/D,No existe,Intersección,Bueno,Buena,Amanecer,Buen Tiempo,Otro,S/D,Colisión,S/D,Faltante,S/D,Sin restricción,"-33.0033024, -60.6572523",['Arijon 600'],1,Arijon 600,-33.0033024,-60.6572523,55.0,538.0,Municipio Rosario,Municipio,Rosario,820210,Servicio de Catastro e Información Territorial,IGN
2012,11011,2012-08-21,Martes,0.0,21:00:00,,0.0,2,"Automóvil,Moto/Ciclomotor",Av. Bermudez Y Alzugaray,2,1,0,0,1,0,0,,Avenida,,ROSARIO,Rosario,Asfalto,No existe,II,Dentro,Urbana,S/D,No existe,Intersección,Bueno,Buena,Nocturna,Buen Tiempo,Lateral,S/D,Colisión,S/D,Faltante,S/D,Sin restricción,POINT (-60.64217020000001 -33.0128136),"['Bermudez', 'Alzugaray']",2,Avenida José Bermúdez; Alzugaray,-33.0128136,-60.64217020000001,55.0,538.0,Municipio Rosario,Municipio,Rosario,820210,Servicio de Catastro e Información Territorial,IGN
2012,11014,2012-08-23,Jueves,0.0,10:30:00,,0.0,2,"Automóvil,Moto/Ciclomotor",Pte.Roca Y Av. Arijon,3,1,1,0,1,0,0,,Avenida,,ROSARIO,Rosario,Asfalto,No existe,II,Dentro,Urbana,S/D,Intermitente,Intersección,Bueno,Buena,Diurna,Buen Tiempo,Lateral,S/D,Colisión,S/D,Vertical,S/D,S/D,POINT (-60.65627085 -33.003274499999996),"['Roca', 'Avenida Manuel Arijón']",2,Presidente Roca; Avenida Manuel Arijón,-33.0032745,-60.65627085,55.0,538.0,Municipio Rosario,Municipio,Rosario,820210,Servicio de Catastro e Información Territorial,IGN
2012,11016,2012-08-23,Jueves,0.0,14:00:00,,0.0,2,"Bicicleta,Pickup/Utilitario",Caña De Ambar 1500,2,1,0,0,1,0,0,,Calle,,ROSARIO,Rosario,Asfalto,No existe,II,Dentro,Urbana,S/D,No existe,Recta,Bueno,Buena,Diurna,Buen Tiempo,S/D,S/D,Atropello,S/D,Faltante,S/D,S/D,"-33.0147733, -60.6575701",['Caña De Ambar 1500'],1,Caña De Ambar 1500,-33.0147733,-60.6575701,55.0,538.0,Municipio Rosario,Municipio,Rosario,820210,Servicio de Catastro e Información Territorial,IGN
2012,11017,2012-08-24,Viernes,0.0,18:10:00,,0.0,2,"Moto/Ciclomotor,Automóvil",San Martin Y Khantuta,3,2,0,0,1,0,0,,Avenida,,ROSARIO,Rosario,Asfalto,No existe,II,Dentro,Urbana,S/D,No existe,Intersección,Bueno,Buena,Diurna,Buen Tiempo,Lateral,S/D,Colisión,S/D,Faltante,S/D,Sin restricción,POINT (-60.6512752 -33.01204444999999),"['San Martin', 'Khantuta']",2,José de San Martín; Khantuta,-33.01204444999999,-60.6512752,55.0,538.0,Municipio Rosario,Municipio,Rosario,820210,Servicio de Catastro e Información Territorial,IGN
2012,11023,2012-08-25,Sabado,0.0,21:00:00,,0.0,2,"Peatón,Moto/Ciclomotor",San Martin Y Av. Circunvalacion,2,0,1,0,0,0,1,,Avenida,,ROSARIO,Rosario,Asfalto,No existe,II,Dentro,Urbana,S/D,Funciona,Intersección,Bueno,Buena,Nocturna,Buen Tiempo,Otro,S/D,Atropello,S/D,Faltante,S/D,Sin restricción,POINT (-60.64178307863883 -33.0158888269654),"['San Martin', 'Circunvalacion']",2,José de San Martín; Avenida de Circunvalación 25 de Mayo,-33.0158888269654,-60.64178307863883,55.0,538.0,Municipio Rosario,Municipio,Rosario,820210,Servicio de Catastro e Información Territorial,IGN
2012,11027,2012-08-26,Domingo,0.0,12:30:00,,0.0,2,"Moto/Ciclomotor,Peatón",Paraguay 2500,3,1,0,0,2,0,0,,Calle,,ROSARIO,Rosario,Asfalto,No existe,II,Dentro,Urbana,S/D,S/D,Intersección,Bueno,Buena,Diurna,Buen Tiempo,Lateral,S/D,Atropello,S/D,Faltante,S/D,Sin restricción,"-32.9653649, -60.6487988",['Paraguay 2500'],1,Paraguay 2500,-32.9653649,-60.6487988,55.0,538.0,Municipio Rosario,Municipio,Rosario,820210,Servicio de Catastro e Información Territorial,IGN
2012,11030,2012-08-26,Domingo,0.0,05:00:00,,0.0,1,Automóvil,Virasoro Y Pueyrredon,5,5,0,0,0,0,0,,Calle,,ROSARIO,Rosario,Asfalto,No existe,II,Dentro,Urbana,S/D,No existe,Intersección,Bueno,Buena,Amanecer,Buen Tiempo,Contra objeto fijo,S/D,Colisión,Agua,Horizontal,S/D,S/D,POINT (-60.66328310000001 -32.96647199999999),"['Virasoro', 'Pueyrredón']",2,Benjamín Virasoro; Pueyrredón,-32.96647199999999,-60.66328310000001,55.0,538.0,Municipio Rosario,Municipio,Rosario,820210,Servicio de Catastro e Información Territorial,IGN
2012,11032,2012-08-26,Domingo,0.0,06:30:00,,0.0,2,"Automóvil,Automóvil",Godoy Cruz Y Av. Ovidio Lagos,5,5,0,0,0,0,0,,Avenida,,ROSARIO,Rosario,Asfalto,No existe,II,Dentro,Urbana,S/D,No existe,Intersección,Bueno,Buena,Amanecer,Buen Tiempo,De alcance,S/D,Colisión,S/D,S/D,S/D,Sin restricción,POINT (-60.6647377 -32.955408150000004),"['Avenida Presidente Perón', 'Avenida Ovidio Lagos']",2,Avenida Presidente Perón; Avenida Ovidio Lagos,-32.955408150000004,-60.6647377,55.0,538.0,Municipio Rosario,Municipio,Rosario,820210,Servicio de Catastro e Información Territorial,IGN
2012,11035,2012-08-28,Martes,0.0,08:15:00,,0.0,2,"Automóvil,Automóvil",Riobamba Y San Martin,3,1,0,0,1,0,1,,Calle,,ROSARIO,Rosario,Asfalto,No existe,II,Dentro,Urbana,S/D,Funciona,Intersección,Bueno,Buena,Diurna,Buen Tiempo,De alcance,S/D,Colisión,S/D,S/D,S/D,Sin restricción,POINT (-60.6408758 -32.96329339999999),"['Riobamba', 'San Martin']",2,Riobamba; José de San Martín,-32.96329339999999,-60.6408758,55.0,538.0,Municipio Rosario,Municipio,Rosario,820210,Servicio de Catastro e Información Territorial,IGN
2012,11037,2012-08-05,Domingo,0.0,18:25:00,,0.0,2,"Moto/Ciclomotor,Automóvil",Av. Uriburu Y Laprida,2,1,0,0,1,0,0,,Avenida,,ROSARIO,Rosario,Asfalto,No existe,II,Dentro,Urbana,S/D,No existe,Intersección,Bueno,Buena,Diurna,Buen Tiempo,Lateral,S/D,Colisión,S/D,S/D,S/D,Sin restricción,POINT (-60.645184500000006 -32.990651),"['Uriburu', 'Laprida']",2,Avenida José Uriburu; Francisco Narciso Laprida,-32.990651,-60.645184500000006,55.0,538.0,Municipio Rosario,Municipio,Rosario,820210,Servicio de Catastro e Información Territorial,IGN
2012,11039,2012-07-07,Sabado,0.0,06:30:00,,0.0,2,"Moto/Ciclomotor,Automóvil",9 De Julio Y Laprida,2,1,0,0,1,0,0,,Calle,,ROSARIO,Rosario,Asfalto,No existe,II,Dentro,Urbana,Ninguna,No existe,Recta,Bueno,Buena,"Amanecer,Con luz artificial",Buen Tiempo,Lateral,S/D,Colisión,S/D,S/D,Ninguna,S/D,POINT (-60.6360021 -32.9546257),"['9 de Julio', 'Laprida']",2,9 de Julio; Francisco Narciso Laprida,-32.9546257,-60.6360021,55.0,538.0,Municipio Rosario,Municipio,Rosario,820210,Servicio de Catastro e Información Territorial,IGN
2012,11040,2012-08-13,Lunes,0.0,13:00:00,,0.0,2,"Moto/Ciclomotor,Automóvil",av. rosario Y salva,2,1,0,0,1,0,0,,Calle,,ROSARIO,Rosario,Asfalto,No existe,II,Dentro,Urbana,S/D,No existe,Intersección,Bueno,Buena,Diurna,Buen Tiempo,Lateral,S/D,Colisión,S/D,S/D,S/D,Sin restricción,POINT (-60.6403663 -32.9996483),"['Rosario', 'Salva']",2,Puente Nuestra Señora del Rosario; Salvat,-32.9996483,-60.6403663,55.0,538.0,Municipio Rosario,Municipio,Rosario,820210,Servicio de Catastro e Información Territorial,IGN
2012,11041,2012-08-23,Jueves,0.0,09:10:00,,0.0,2,"Moto/Ciclomotor,Automóvil",Salva Y Pje. 525,3,1,0,0,2,0,0,,Calle,,ROSARIO,Rosario,Asfalto,No existe,II,Dentro,Urbana,S/D,No existe,Intersección,Bueno,Buena,Diurna,Buen Tiempo,Lateral,S/D,Colisión,S/D,S/D,S/D,Sin restricción,POINT (-60.639777 -33.0131166),"['Salva', 'Pasaje 525']",2,Salvat; Pasaje 525,-33.0131166,-60.639777,55.0,538.0,Municipio Rosario,Municipio,Rosario,820210,Servicio de Catastro e Información Territorial,IGN
2012,11044,2012-08-20,Lunes,0.0,19:30:00,,0.0,2,"Moto/Ciclomotor,Automóvil",Centeno Y Esmeralda,3,2,0,0,0,0,1,,Calle,,ROSARIO,Rosario,Asfalto,No existe,II,Dentro,Urbana,S/D,No existe,Intersección,Bueno,Buena,Diurna,Buen Tiempo,Lateral,S/D,Colisión,S/D,Vertical,S/D,Sin restricción,POINT (-60.631104300000004 -32.9877987),"['Centeno', 'Esmeralda']",2,Coronel Centeno; Esmeralda,-32.9877987,-60.6311043,55.0,538.0,Municipio Rosario,Municipio,Rosario,820210,Servicio de Catastro e Información Territorial,IGN
2012,11138,2012-07-24,Martes,0.0,20:45:00,,0.0,2,"Moto/Ciclomotor,Automóvil",Alvear Y Coulin,2,1,0,0,1,0,0,,Calle,,ROSARIO,Rosario,Asfalto,Pavimento,II,Dentro,Urbana,Ninguna,No existe,Intersección,Bueno,Buena,Atardecer,S/D,Lateral,S/D,Colisión,S/D,S/D,Cordón divisorio,Sin restricción,POINT (-60.66605710000001 -32.988771099999994),"['Alvear', 'Coulin']",2,Alvear; Coulin,-32.988771099999994,-60.66605710000001,55.0,538.0,Municipio Rosario,Municipio,Rosario,820210,Servicio de Catastro e Información Territorial,IGN
2012,11139,2012-07-25,Miercoles,0.0,11:15:00,,0.0,2,"Automóvil,Automóvil",Dorrego Y Saavedra,3,2,0,0,1,0,0,,Calle,,ROSARIO,Rosario,Asfalto,Pavimento,II,Dentro,Urbana,Ninguna,No existe,Intersección,Bueno,Buena,Diurna,S/D,Lateral,S/D,Colisión,S/D,S/D,Cordón divisorio,Sin restricción,POINT (-60.657167 -32.9759652),"['Dorrego', 'Saavedra']",2,Manuel Dorrego; Saavedra,-32.9759652,-60.657167,55.0,538.0,Municipio Rosario,Municipio,Rosario,820210,Servicio de Catastro e Información Territorial,IGN
2012,11141,2012-08-22,Miercoles,0.0,20:00:00,,0.0,2,"Moto/Ciclomotor,Moto/Ciclomotor",Colon Y Dean Funes,3,2,0,0,1,0,0,,Calle,,ROSARIO,Rosario,Asfalto,No existe,II,Dentro,Urbana,S/D,No existe,Intersección,Bueno,Buena,Nocturna,Buen Tiempo,Lateral,S/D,Colisión,S/D,Vertical,S/D,Sin restricción,POINT (-60.6328745 -32.9779145),"['Colon', 'Deán Gregorio Funes']",2,Cristóbal Colón; Deán Gregorio Funes,-32.9779145,-60.6328745,55.0,538.0,Municipio Rosario,Municipio,Rosario,820210,Servicio de Catastro e Información Territorial,IGN
2012,11143,2012-08-13,Lunes,0.0,11:35:00,,0.0,2,"Automóvil,Automóvil",1 de Mayo Y Bv. Segui,3,2,0,0,1,0,0,,Avenida,,ROSARIO,Rosario,Asfalto,No existe,II,Dentro,Urbana,S/D,No existe,Intersección,Bueno,Buena,Diurna,Buen Tiempo,Lateral,S/D,Colisión,S/D,Vertical,S/D,Sin restricción,POINT (-60.63787925 -32.98061510000001),"['Primero de Mayo', 'Bulevar Juan Francisco Seguí']",2,Primero de Mayo; Bulevar Juan Francisco Seguí,-32.98061510000001,-60.63787925,55.0,538.0,Municipio Rosario,Municipio,Rosario,820210,Servicio de Catastro e Información Territorial,IGN
2012,11144,2012-07-25,Miercoles,0.0,15:30:00,,0.0,2,"Moto/Ciclomotor,Automóvil",Entre Rios Y 24 De Setiembre,3,2,0,0,1,0,0,,Calle,,ROSARIO,Rosario,Asfalto,Pavimento,II,Dentro,Urbana,Ninguna,No existe,Intersección,Bueno,Buena,Diurna,S/D,Lateral,S/D,Colisión,S/D,S/D,Cordón divisorio,Sin restricción,POINT (-60.6494421 -32.97972499999999),"['Entre Ríos', '24 de Septiembre']",2,Entre Ríos; 24 de Septiembre,-32.97972499999999,-60.6494421,55.0,538.0,Municipio Rosario,Municipio,Rosario,820210,Servicio de Catastro e Información Territorial,IGN
2012,11149,2012-07-25,Miercoles,0.0,18:00:00,,0.0,2,"Moto/Ciclomotor,Automóvil",Gaboto Y Sarmiento,2,1,0,0,1,0,0,,Calle,,ROSARIO,Rosario,Asfalto,Pavimento,II,Dentro,Urbana,Ninguna,No existe,Intersección,Bueno,Buena,Atardecer,S/D,Lateral,S/D,Colisión,S/D,S/D,Cordón divisorio,Sin restricción,POINT (-60.64492839999999 -32.973346899999996),"['Gaboto', 'Sarmiento']",2,Gaboto; Sarmiento,-32.9733469,-60.64492839999999,55.0,538.0,Municipio Rosario,Municipio,Rosario,820210,Servicio de Catastro e Información Territorial,IGN
2012,11151,2012-08-03,Viernes,0.0,12:10:00,,0.0,2,"Peatón,Automóvil",Pje. Becquer Bis Y Grandoli,2,1,0,0,0,0,1,,Calle,,ROSARIO,Rosario,Asfalto,No existe,II,Dentro,Urbana,S/D,No existe,Intersección,Bueno,Buena,Nocturna,Buen Tiempo,Lateral,S/D,Colisión,S/D,Vertical,S/D,Sin restricción,POINT (-60.6282813 -32.98745970000001),"['Becquer', 'Avenida Abanderado Grandoli']",2,Becquer; Avenida Abanderado Grandoli,-32.98745970000001,-60.6282813,55.0,538.0,Municipio Rosario,Municipio,Rosario,820210,Servicio de Catastro e Información Territorial,IGN
2012,11152,2012-07-27,Viernes,0.0,14:30:00,,0.0,2,"Moto/Ciclomotor,Automóvil",Mariano Moreno Y Bv. Segui,2,1,0,0,1,0,0,,Calle,,ROSARIO,Rosario,Asfalto,No existe,II,Dentro,Urbana,Ninguna,S/D,Intersección,S/D,S/D,Diurna,S/D,Lateral,S/D,Colisión,S/D,S/D,Ninguna,Sin restricción,POINT (-60.658756600000004 -32.97685955),"['Mariano Moreno', 'Bulevar Juan Francisco Seguí']",2,Mariano Moreno; Bulevar Juan Francisco Seguí,-32.97685955,-60.6587566,55.0,538.0,Municipio Rosario,Municipio,Rosario,820210,Servicio de Catastro e Información Territorial,IGN
2012,11154,2012-08-01,Miercoles,0.0,19:50:00,,0.0,2,"Moto/Ciclomotor,Automóvil",L.N.Alem Y Dr.Rivas,3,2,0,0,1,0,0,,Calle,,ROSARIO,Rosario,Asfalto,No existe,II,Dentro,Urbana,S/D,No existe,Intersección,Bueno,Buena,"Atardecer,Con luz artificial",Buen Tiempo,Lateral,S/D,Colisión,S/D,Vertical,S/D,Sin restricción,POINT (-60.63760940000001 -32.98524750000001),"['Alem', 'Doctor Francisco Riva']",2,Leandro N. Alem; Doctor Francisco Riva,-32.98524750000001,-60.63760940000001,55.0,538.0,Municipio Rosario,Municipio,Rosario,820210,Servicio de Catastro e Información Territorial,IGN
2012,11160,2012-08-25,Sabado,0.0,10:00:00,,0.0,2,"Moto/Ciclomotor,Automóvil",Laprida Y Av. Uriburu,2,1,0,0,1,0,0,,Avenida,,ROSARIO,Rosario,Asfalto,No existe,II,Dentro,Urbana,S/D,Funciona,Intersección,Bueno,Buena,Diurna,Buen Tiempo,Lateral,S/D,Colisión,S/D,S/D,S/D,Sin restricción,POINT (-60.645184500000006 -32.990651),"['Laprida', 'Uriburu']",2,Francisco Narciso Laprida; Avenida José Uriburu,-32.990651,-60.645184500000006,55.0,538.0,Municipio Rosario,Municipio,Rosario,820210,Servicio de Catastro e Información Territorial,IGN
2012,11166,2012-07-27,Viernes,0.0,14:30:00,,0.0,2,"Automóvil,Automóvil",Bv. Oroño Y Uruguay,3,2,0,0,1,0,0,,Avenida,,ROSARIO,Rosario,Asfalto,No existe,II,Dentro,Urbana,Ninguna,Funciona,Intersección,Bueno,S/D,Diurna,S/D,Lateral,S/D,Colisión,S/D,S/D,Ninguna,Sin restricción,POINT (-60.66093935000001 -32.97406425),"['Bulevar Nicasio Oroño', 'Uruguay']",2,Bulevar Nicasio Oroño; Uruguay,-32.97406425,-60.66093935000001,55.0,538.0,Municipio Rosario,Municipio,Rosario,820210,Servicio de Catastro e Información Territorial,IGN
2012,11168,2012-08-28,Martes,0.0,09:40:00,,0.0,2,"Automóvil,Pickup/Utilitario",Gral. J.M.Paz Y Reg.11 de Infanteria,2,2,0,0,0,0,0,,Calle,,ROSARIO,Rosario,Asfalto,No existe,II,Dentro,Urbana,S/D,No existe,Intersección,Bueno,Buena,Diurna,Buen Tiempo,Lateral,S/D,Colisión,S/D,S/D,S/D,Sin restricción,POINT (-60.62728090000001 -32.9981525),"['Paz', 'Regimiento 11']",2,Marcos Paz; Regimiento 11,-32.9981525,-60.62728090000001,55.0,538.0,Municipio Rosario,Municipio,Rosario,820210,Servicio de Catastro e Información Territorial,IGN
2012,11171,2012-07-27,Viernes,0.0,18:55:00,,0.0,2,"Automóvil,Moto/Ciclomotor",Av. Uriburu Y Pueyrredon,3,2,0,0,1,0,0,,Avenida,,ROSARIO,Rosario,Asfalto,No existe,II,Dentro,Urbana,Ninguna,S/D,Intersección,S/D,S/D,Diurna,S/D,Lateral,S/D,Colisión,S/D,S/D,Ninguna,Sin restricción,POINT (-60.66954815 -32.991416199999996),"['Uriburu', 'Pueyrredón']",2,Avenida José Uriburu; Pueyrredón,-32.9914162,-60.66954815,55.0,538.0,Municipio Rosario,Municipio,Rosario,820210,Servicio de Catastro e Información Territorial,IGN
2012,11173,2012-07-28,Sabado,0.0,20:15:00,,0.0,2,"Moto/Ciclomotor,Automóvil",Av. Corrientes Y Uruguay,3,1,0,0,2,0,0,,Avenida,,ROSARIO,Rosario,Asfalto,No existe,II,Dentro,Urbana,Ninguna,S/D,Intersección,S/D,S/D,Nocturna,S/D,Lateral,S/D,Colisión,S/D,S/D,Ninguna,Sin restricción,POINT (-60.650026 -32.976060399999994),"['Corrientes', 'Uruguay']",2,Corrientes; Uruguay,-32.976060399999994,-60.650026,55.0,538.0,Municipio Rosario,Municipio,Rosario,820210,Servicio de Catastro e Información Territorial,IGN
2012,11174,2012-08-24,Viernes,0.0,18:30:00,,0.0,2,"Moto/Ciclomotor,Moto/Ciclomotor",Ayacucho 5335,2,1,0,0,1,0,0,,Calle,,ROSARIO,Rosario,Asfalto,S/D,II,Dentro,Urbana,S/D,Funciona,Recta,Bueno,Buena,Atardecer,Buen Tiempo,Lateral,S/D,Colisión,S/D,S/D,S/D,Sin restricción,"-32.9627144, -60.6304919",['Ayacucho 5335'],1,Ayacucho 5335,-32.9627144,-60.6304919,55.0,538.0,Municipio Rosario,Municipio,Rosario,820210,Servicio de Catastro e Información Territorial,IGN
2012,11177,2012-08-24,Viernes,0.0,19:05:00,,0.0,2,"Peatón,Moto/Ciclomotor",Ayacucho 5800,1,1,0,0,0,0,0,,Calle,,ROSARIO,Rosario,Asfalto,S/D,II,S/D,Urbana,Ninguna,Funciona,Intersección,Bueno,S/D,Atardecer,S/D,S/D,S/D,Atropello,S/D,S/D,Barrera de hormigón,S/D,"-32.9627144, -60.6304919",['Ayacucho 5800'],1,Ayacucho 5800,-32.9627144,-60.6304919,55.0,538.0,Municipio Rosario,Municipio,Rosario,820210,Servicio de Catastro e Información Territorial,IGN
2012,11178,2012-08-24,Viernes,0.0,17:00:00,,0.0,2,"Moto/Ciclomotor,Automóvil",COLECTORA ,2,1,0,0,1,0,0,,Calle,,ROSARIO,Rosario,Asfalto,Pavimento,II,S/D,Urbana,Ninguna,No existe,Intersección,Bueno,Buena,Diurna,S/D,Lateral,S/D,Colisión,S/D,S/D,Barrera de hormigón,S/D,"-32.9487991, -60.7647793",['Colectora'],1,Colectora,-32.9487991,-60.7647793,55.0,538.0,Municipio Rosario,Municipio,Rosario,820210,Servicio de Catastro e Información Territorial,IGN
2012,11179,2012-08-23,Jueves,0.0,18:30:00,,0.0,2,"Moto/Ciclomotor,Automóvil",Laprida ,2,1,0,0,1,0,0,,Calle,,ROSARIO,Rosario,Asfalto,S/D,II,Dentro,Urbana,Ninguna,No existe,Recta,Bueno,S/D,S/D,Buen Tiempo,Lateral,S/D,Colisión,S/D,S/D,Barrera de hormigón,Sin restricción,"-33.0052406, -60.6468915",['Laprida'],1,Laprida,-33.0052406,-60.6468915,55.0,538.0,Municipio Rosario,Municipio,Rosario,820210,Servicio de Catastro e Información Territorial,IGN