anio_acci,nro_acci,fecha,desc_dia,fecha_aprox,hora_aprox,desc_ruta,km,cant_participantes,desc_participante,calle_avenida_km,total,heridos_leves,heridos_graves,heridos_gravisimos,ilesos,fallecidos,sin_datos,posicion_XY,desc_tipo_via,desc_ruta_ori,desc_loc,desc_dpto,desc_tipo_calzada,desc_tipo_banquina,desc_unidad_regional,desc_lugar_calzada,desc_zona,desc_prioridad,desc_estado_semaforo,desc_lugar_via,desc_estado_via,desc_estado_visibilidad,desc_luminosidad,desc_estado_clima,desc_tipo_colision,desc_tipo_atropello,desc_tipo_hecho,desc_pres_calzada,desc_senializacion,desc_separacion_via,desc_restriccion,forma_geocod,calle_lista,numero_calles,calles_osm,lat,lon,index_right,gid,fna,gna,nam,in1,fdc,sag
2012,11314,2012-08-17,Viernes,0.0,13:00:00,,0.0,2,"Peatón,Automóvil",Saavedra Y Alvear,2,1,0,0,1,0,0,,S/D,,ROSARIO,Rosario,Asfalto,No existe,II,S/D,S/D,S/D,S/D,Intersección,S/D,Buena,Diurna,S/D,Lateral,S/D,Colisión,S/D,S/D,Ninguna,Sin restricción,POINT (-60.662570099999996 -32.97499080000001),"['Saavedra', 'Alvear']",2,Saavedra; Alvear,-32.97499080000001,-60.6625701,55.0,538.0,Municipio Rosario,Municipio,Rosario,820210,Servicio de Catastro e Información Territorial,IGN
2012,11315,2012-08-25,Sabado,0.0,16:00:00,,0.0,2,"Moto/Ciclomotor,Automóvil",Av. Corrientes Y Lamadrid,2,1,0,0,1,0,0,,Avenida,,ROSARIO,Rosario,Asfalto,No existe,II,Dentro,Urbana,S/D,S/D,Intersección,Bueno,Buena,Diurna,Buen Tiempo,Lateral,S/D,Colisión,S/D,S/D,S/D,Sin restricción,POINT (-60.653511200000004 -32.99723920000001),"['Corrientes', 'Lamadrid']",2,Corrientes; Gregorio Aráoz de Lamadrid,-32.99723920000001,-60.6535112,55.0,538.0,Municipio Rosario,Municipio,Rosario,820210,Servicio de Catastro e Información Territorial,IGN
2012,11317,2012-08-26,Domingo,0.0,11:40:00,,0.0,2,"Automóvil,Moto/Ciclomotor",Garibaldi Y Mitre,3,2,0,0,1,0,0,,Calle,,ROSARIO,Rosario,Asfalto,No existe,II,Dentro,Urbana,S/D,No existe,Intersección,Bueno,Buena,Diurna,Buen Tiempo,Lateral,S/D,Colisión,S/D,S/D,S/D,Sin restricción,POINT (-60.6495149 -32.985726799999995),"['José Garibaldi', 'Mitre']",2,José Garibaldi; Bartolomé Mitre,-32.985726799999995,-60.6495149,55.0,538.0,Municipio Rosario,Municipio,Rosario,820210,Servicio de Catastro e Información Territorial,IGN
2012,11318,2012-08-28,Martes,0.0,13:10:00,,0.0,2,"Automóvil,Moto/Ciclomotor",Bv. Segui Y Paraguay,2,1,0,0,1,0,0,,Avenida,,ROSARIO,Rosario,Asfalto,No existe,II,Dentro,Urbana,S/D,No existe,Intersección,Bueno,Buena,Diurna,Buen Tiempo,Lateral,S/D,Colisión,S/D,S/D,S/D,Sin restricción,POINT (-60.6519554 -32.9780774),"['Bulevar Juan Francisco Seguí', 'Paraguay']",2,Bulevar Juan Francisco Seguí; Paraguay,-32.9780774,-60.6519554,55.0,538.0,Municipio Rosario,Municipio,Rosario,820210,Servicio de Catastro e Información Territorial,IGN
2012,11319,2012-08-21,Martes,0.0,19:30:00,,0.0,2,"Automóvil,Moto/Ciclomotor",Marcos Paz Y Roullon,3,1,0,0,2,0,0,,Calle,,ROSARIO,Rosario,Asfalto,No existe,II,Dentro,Urbana,Ninguna,No existe,Intersección,Bueno,Buena,Atardecer,Buen Tiempo,S/D,S/D,Colisión,S/D,Horizontal,Ninguna,Sin restricción,POINT (-60.7023089 -32.9387945),"['Marcos Paz', 'Alfredo Rouillón']",2,Marcos Paz; Alfredo Rouillón,-32.9387945,-60.7023089,55.0,538.0,Municipio Rosario,Municipio,Rosario,820210,Servicio de Catastro e Información Territorial,IGN
2012,11320,2012-08-19,Domingo,0.0,12:15:00,,0.0,2,"Automóvil,Automóvil",Av. Pte.Peron Y Solis,2,1,0,0,1,0,0,,Avenida,,ROSARIO,Rosario,Asfalto,No existe,II,Dentro,Urbana,Semáforo,Funciona,Intersección,Bueno,Buena,Diurna,Otro,Lateral,S/D,Colisión,S/D,Vertical,Barrera de hormigón,Sin restricción,POINT (-60.702429949999996 -32.96342739999999),"['Avenida Presidente Perón', 'Solis']",2,Avenida Presidente Perón; Juan Díaz de Solís,-32.96342739999999,-60.70242995,55.0,538.0,Municipio Rosario,Municipio,Rosario,820210,Servicio de Catastro e Información Territorial,IGN
2012,11321,2012-08-19,Domingo,0.0,07:50:00,,0.0,2,"Automóvil,Automóvil",Av. Provincias Unidas Y Av. Pellegrini,3,1,0,0,2,0,0,,Avenida,,ROSARIO,Rosario,Asfalto,No existe,II,Dentro,Urbana,Semáforo,Funciona,Intersección,Bueno,Buena,Amanecer,S/D,De alcance,S/D,Colisión,S/D,Vertical,Barrera de hormigón,Sin restricción,POINT (-60.71226145000001 -32.948578),"['Avenida Provincias Unidas', 'Pellegrini']",2,Avenida Provincias Unidas; Avenida Carlos Pellegrini,-32.948578,-60.71226145000001,55.0,538.0,Municipio Rosario,Municipio,Rosario,820210,Servicio de Catastro e Información Territorial,IGN
2012,11323,2012-08-13,Lunes,0.0,18:00:00,,0.0,2,"Automóvil,Moto/Ciclomotor",Bv. Segui Y Crespo,2,1,0,0,1,0,0,,Avenida,,ROSARIO,Rosario,Asfalto,No existe,II,Dentro,Urbana,S/D,No existe,Intersección,Bueno,Buena,Diurna,Buen Tiempo,Lateral,S/D,Colisión,S/D,S/D,S/D,Sin restricción,POINT (-60.676448699999995 -32.973707299999994),"['Bulevar Juan Francisco Seguí', 'Crespo']",2,Bulevar Juan Francisco Seguí; Crespo,-32.973707299999994,-60.6764487,55.0,538.0,Municipio Rosario,Municipio,Rosario,820210,Servicio de Catastro e Información Territorial,IGN
2012,11324,2012-08-13,Lunes,0.0,17:00:00,,0.0,2,"Moto/Ciclomotor,Bicicleta",Derqui Y Ecuador,3,3,0,0,0,0,0,,Calle,,ROSARIO,Rosario,Asfalto,No existe,II,Dentro,Urbana,Ninguna,No existe,Recta,Bueno,Buena,Diurna,S/D,Lateral,S/D,Colisión,S/D,Horizontal,Ninguna,Sin restricción,POINT (-60.715098700000006 -32.93810200000001),"['Derqui', 'Ecuador']",2,Derqui; Ecuador,-32.93810200000001,-60.715098700000006,55.0,538.0,Municipio Rosario,Municipio,Rosario,820210,Servicio de Catastro e Información Territorial,IGN
2012,11325,2012-08-16,Jueves,0.0,16:00:00,,0.0,2,"Moto/Ciclomotor,Automóvil",J.J.Paso Y Fraga,2,1,0,0,1,0,0,,Calle,,ROSARIO,Rosario,Asfalto,Pavimento,II,Dentro,Urbana,Ninguna,No existe,Intersección,Bueno,Buena,Diurna,Buen Tiempo,De alcance,S/D,Colisión,S/D,Faltante,Ninguna,Sin restricción,POINT (-60.7114309 -32.9201859),"['Paso', 'Fraga']",2,Avenida Juan José Paso; Rosendo María Fraga,-32.9201859,-60.7114309,55.0,538.0,Municipio Rosario,Municipio,Rosario,820210,Servicio de Catastro e Información Territorial,IGN
2012,11326,2012-08-15,Miercoles,0.0,07:15:00,,0.0,2,"Automóvil,Bicicleta",Av. Ovidio Lagos Y Comodoro Rivadavia,2,1,0,0,1,0,0,,Avenida,,ROSARIO,Rosario,Asfalto,No existe,II,Dentro,Urbana,S/D,No existe,Intersección,Bueno,Buena,Amanecer,Buen Tiempo,Frontal,S/D,Atropello,Agua,Horizontal,S/D,Sin restricción,POINT (-60.672997499999994 -32.989899199999996),"['Avenida Ovidio Lagos', 'Comodoro Rivadavia']",2,Avenida Ovidio Lagos; Comodoro Rivadavia,-32.9898992,-60.6729975,55.0,538.0,Municipio Rosario,Municipio,Rosario,820210,Servicio de Catastro e Información Territorial,IGN
2012,11327,2012-08-15,Miercoles,0.0,20:30:00,,0.0,2,"Automóvil,Automóvil",Av. Pellegrini Y Garzon,2,1,0,0,1,0,0,,Avenida,,ROSARIO,Rosario,Hormigón,No existe,II,Dentro,Urbana,Semáforo,Funciona,Recta,Bueno,Buena,Nocturna,Otro,S/D,S/D,Colisión,S/D,Vertical,Barrera de hormigón,Sin restricción,POINT (-60.705300650000005 -32.9484086),"['Pellegrini', 'Garzón']",2,Avenida Carlos Pellegrini; Garzón,-32.9484086,-60.705300650000005,55.0,538.0,Municipio Rosario,Municipio,Rosario,820210,Servicio de Catastro e Información Territorial,IGN
2012,11328,2012-08-18,Sabado,0.0,19:00:00,,0.0,2,"Moto/Ciclomotor,Automóvil",Guatemala Y Zuviria,3,1,0,0,2,0,0,,Calle,,ROSARIO,Rosario,Asfalto,No existe,II,Dentro,Urbana,Ninguna,No existe,Intersección,Bueno,Buena,Atardecer,S/D,Lateral,S/D,Colisión,S/D,Horizontal,Ninguna,Sin restricción,POINT (-60.7174207 -32.93708530000001),"['Guatemala', 'Zuviría']",2,Guatemala; Juez José María Zuviría,-32.93708530000001,-60.7174207,55.0,538.0,Municipio Rosario,Municipio,Rosario,820210,Servicio de Catastro e Información Territorial,IGN
2012,11330,2012-08-16,Jueves,0.0,10:00:00,,0.0,2,"Moto/Ciclomotor,Automóvil",conscripto carrasco  Y bv. segui ,2,1,0,0,1,0,0,,Avenida,,ROSARIO,Rosario,Asfalto,Natural,II,Dentro,Urbana,S/D,No existe,Intersección,Bueno,Buena,Diurna,Buen Tiempo,Lateral,S/D,Colisión,S/D,S/D,S/D,Sin restricción,POINT (-60.6710571 -32.9746713),"['Carrasco', 'Bulevar Juan Francisco Seguí']",2,Omar Carrasco; Bulevar Juan Francisco Seguí,-32.9746713,-60.6710571,55.0,538.0,Municipio Rosario,Municipio,Rosario,820210,Servicio de Catastro e Información Territorial,IGN
2012,11331,2012-08-11,Sabado,0.0,17:00:00,,0.0,2,"Automóvil,Moto/Ciclomotor",Av. Pellegrini Y Av. Provincias Unidas,3,1,0,0,2,0,0,,Avenida,,ROSARIO,Rosario,Asfalto,No existe,II,Dentro,Urbana,Semáforo,Funciona,Intersección,Bueno,Buena,Diurna,Otro,S/D,S/D,Colisión,S/D,Vertical,Barrera de hormigón,Sin restricción,POINT (-60.71226145 -32.948578),"['Pellegrini', 'Avenida Provincias Unidas']",2,Avenida Carlos Pellegrini; Avenida Provincias Unidas,-32.948578,-60.71226145,55.0,538.0,Municipio Rosario,Municipio,Rosario,820210,Servicio de Catastro e Información Territorial,IGN
2012,11332,2012-08-21,Martes,0.0,19:45:00,,0.0,2,"Automóvil,Moto/Ciclomotor",Cochabamba Y Cullen,2,1,0,0,1,0,0,,Calle,,ROSARIO,Rosario,Asfalto,No existe,II,Dentro,Urbana,Ninguna,No existe,Intersección,Bueno,Buena,Diurna,S/D,S/D,S/D,Colisión,S/D,Horizontal,Ninguna,Sin restricción,POINT (-60.708707100000005 -32.9497056),"['Cochabamba', 'Cullen']",2,Cochabamba; Cullen,-32.9497056,-60.708707100000005,55.0,538.0,Municipio Rosario,Municipio,Rosario,820210,Servicio de Catastro e Información Territorial,IGN
2012,11333,2012-08-17,Viernes,0.0,07:30:00,,0.0,2,"Pickup/Utilitario,Peatón",Campbell Y Cochabamba,2,1,0,0,1,0,0,,Calle,,ROSARIO,Rosario,Asfalto,No existe,II,Dentro,Urbana,Ninguna,No existe,Recta,Bueno,Buena,Amanecer,S/D,S/D,S/D,Atropello,S/D,Horizontal,Ninguna,Sin restricción,POINT (-60.7075617 -32.94967489999999),"['Campbell', 'Cochabamba']",2,Campbell; Cochabamba,-32.94967489999999,-60.7075617,55.0,538.0,Municipio Rosario,Municipio,Rosario,820210,Servicio de Catastro e Información Territorial,IGN
2012,11334,2012-08-17,Viernes,0.0,02:45:00,,0.0,2,"Taxi/Remis,Transporte de Pasajeros Urbano (> 8 asientos)",Av. Eva Peron Y Magallanes,3,1,0,0,2,0,0,,Avenida,,ROSARIO,Rosario,Hormigón,No existe,II,Dentro,Urbana,S/D,No existe,Intersección,Bueno,Buena,Nocturna,Otro,S/D,S/D,Colisión,S/D,Vertical,Barrera de hormigón,Sin restricción,POINT (-60.70479300000001 -32.93446655000001),"['Avenida Eva Perón', 'Magallanes']",2,Avenida Eva Perón; Magallanes,-32.93446655000001,-60.70479300000001,55.0,538.0,Municipio Rosario,Municipio,Rosario,820210,Servicio de Catastro e Información Territorial,IGN
2012,11335,2012-08-19,Domingo,0.0,06:00:00,,0.0,2,"Transporte de Pasajeros Urbano (> 8 asientos),Moto/Ciclomotor",Av. Avellaneda B Y Bv. Segui,2,0,1,0,1,0,0,,Avenida,,ROSARIO,Rosario,Asfalto,No existe,II,Dentro,Urbana,Semáforo,Intermitente,Intersección,Bueno,Reducida,"Amanecer,Con luz artificial",Buen Tiempo,"Frontal,Lateral",S/D,Colisión,S/D,S/D,Cordón divisorio,Sin restricción,POINT (-60.6873526625 -32.9717476875),"['Avellaneda', 'Bulevar Juan Francisco Seguí']",2,Bulevar Nicolás Avellaneda; Bulevar Juan Francisco Seguí,-32.9717476875,-60.6873526625,55.0,538.0,Municipio Rosario,Municipio,Rosario,820210,Servicio de Catastro e Información Territorial,IGN
2012,11337,2012-07-21,Sabado,0.0,01:00:00,,0.0,1,Moto/Ciclomotor,Av. Eva Peron Y Nicaragua,1,1,0,0,0,0,0,,Avenida,,ROSARIO,Rosario,Asfalto,No existe,II,Dentro,Urbana,Ninguna,No existe,Recta,S/D,Buena,Nocturna,Buen Tiempo,S/D,S/D,Despiste,S/D,Horizontal,Barrera de hormigón,Sin restricción,POINT (-60.721159400000005 -32.93152214999999),"['Avenida Eva Perón', 'Nicaragua']",2,Avenida Eva Perón; Nicaragua,-32.93152214999999,-60.721159400000005,55.0,538.0,Municipio Rosario,Municipio,Rosario,820210,Servicio de Catastro e Información Territorial,IGN
2012,11338,2012-07-31,Martes,0.0,06:30:00,,0.0,2,"Camión,Moto/Ciclomotor",San Martin 3700,2,2,0,0,0,0,0,,Avenida,,ROSARIO,Rosario,Asfalto,Pavimento,II,Dentro,Urbana,Semáforo,Funciona,Recta,Bueno,Buena,Amanecer,S/D,S/D,S/D,Colisión,S/D,S/D,Cordón divisorio,Sin restricción,"-32.9764777, -60.6372639",['San Martin 3700'],1,San Martin 3700,-32.9764777,-60.6372639,55.0,538.0,Municipio Rosario,Municipio,Rosario,820210,Servicio de Catastro e Información Territorial,IGN
2012,11339,2012-08-25,Sabado,0.0,13:20:00,,0.0,2,"Automóvil,Automóvil",Montevideo Y Matienzo,3,2,0,0,1,0,0,,Calle,,ROSARIO,Rosario,Asfalto,No existe,II,Dentro,Urbana,Ninguna,No existe,Intersección,Bueno,Buena,Diurna,Otro,S/D,S/D,Colisión,S/D,Horizontal,Ninguna,S/D,POINT (-60.6944425 -32.9469794),"['Montevideo', 'Matienzo']",2,Montevideo; Benjamín Matienzo,-32.9469794,-60.6944425,55.0,538.0,Municipio Rosario,Municipio,Rosario,820210,Servicio de Catastro e Información Territorial,IGN
2012,11340,2012-08-09,Jueves,0.0,15:25:00,,0.0,1,,Saavedra 3500,3,2,0,0,1,0,0,,Calle,,ROSARIO,Rosario,Asfalto,No existe,II,Dentro,Urbana,S/D,No existe,Intersección,Bueno,Buena,Diurna,Buen Tiempo,Lateral,S/D,Colisión,S/D,Faltante,S/D,Sin restricción,"-32.9720511, -60.678675",['Saavedra 3500'],1,Saavedra 3500,-32.9720511,-60.678675,55.0,538.0,Municipio Rosario,Municipio,Rosario,820210,Servicio de Catastro e Información Territorial,IGN
2012,11341,2012-08-09,Jueves,0.0,15:25:00,,0.0,2,"Moto/Ciclomotor,Camión",Saavedra 3500,3,2,0,0,1,0,0,,Calle,,ROSARIO,Rosario,Asfalto,No existe,II,Dentro,Urbana,S/D,No existe,Intersección,Bueno,Buena,Diurna,Buen Tiempo,Lateral,S/D,Colisión,S/D,Faltante,S/D,Sin restricción,"-32.9720511, -60.678675",['Saavedra 3500'],1,Saavedra 3500,-32.9720511,-60.678675,55.0,538.0,Municipio Rosario,Municipio,Rosario,820210,Servicio de Catastro e Información Territorial,IGN
2012,11342,2012-07-31,Martes,0.0,07:55:00,,0.0,2,"Automóvil,Automóvil",Sarmiento Y Lamadrid,3,2,0,0,1,0,0,,Calle,,ROSARIO,Rosario,Asfalto,Pavimento,II,Dentro,Urbana,Ninguna,No existe,Intersección,Bueno,Buena,Amanecer,S/D,Lateral,S/D,Colisión,S/D,S/D,Cordón divisorio,Sin restricción,POINT (-60.6491277 -32.9970986),"['Sarmiento', 'Lamadrid']",2,"('Sarmiento', 'Gregorio Aráoz de Lamadrid')",-32.9970986,-60.6491277,55.0,538.0,Municipio Rosario,Municipio,Rosario,820210,Servicio de Catastro e Información Territorial,IGN
2012,11343,2012-08-19,Domingo,0.0,20:10:00,,0.0,2,"Pickup/Utilitario,Taxi/Remis",Av. Uriburu Y Av. Francia,2,1,0,0,1,0,0,,Avenida,,ROSARIO,Rosario,Asfalto,No existe,II,Dentro,Urbana,Semáforo,Funciona,Intersección,Bueno,Buena,"Nocturna,Con luz artificial",Buen Tiempo,De alcance,S/D,Colisión,S/D,S/D,Cordón divisorio,Sin restricción,POINT (-60.678139124999994 -32.991649800000005),"['Uriburu', 'Avenida Francia']",2,Avenida José Uriburu; Avenida Francia,-32.991649800000005,-60.678139125,55.0,538.0,Municipio Rosario,Municipio,Rosario,820210,Servicio de Catastro e Información Territorial,IGN
2012,11344,2012-07-03,Martes,0.0,17:20:00,,0.0,2,"Moto/Ciclomotor,Automóvil",Av. Francia Y Uruguay,2,1,0,0,1,0,0,,Avenida,,ROSARIO,Rosario,Asfalto,S/D,II,Dentro,Urbana,Ninguna,S/D,Intersección,Bueno,Buena,Diurna,Buen Tiempo,Lateral,S/D,Colisión,S/D,S/D,Cordón divisorio,S/D,POINT (-60.6731853 -32.97189865),"['Avenida Francia', 'Uruguay']",2,Avenida Francia; Uruguay,-32.97189865,-60.6731853,55.0,538.0,Municipio Rosario,Municipio,Rosario,820210,Servicio de Catastro e Información Territorial,IGN
2012,11345,2012-08-25,Sabado,0.0,19:50:00,,0.0,2,"Moto/Ciclomotor,Automóvil",Av. Eva Peron Y Pje. Cuba,2,1,0,0,1,0,0,,Avenida,,ROSARIO,Rosario,Asfalto,No existe,II,Dentro,Urbana,Ninguna,S/D,Intersección,S/D,Buena,Nocturna,S/D,Lateral,S/D,Colisión,S/D,S/D,Barrera de hormigón,Sin restricción,POINT (-60.70115945 -32.9351362),"['Avenida Eva Perón', 'Cuba']",2,Avenida Eva Perón; Cuba,-32.9351362,-60.70115945,55.0,538.0,Municipio Rosario,Municipio,Rosario,820210,Servicio de Catastro e Información Territorial,IGN
2012,11346,2012-08-21,Martes,0.0,18:50:00,,0.0,2,"Moto/Ciclomotor,Peatón",Bv. Avellaneda Y Uruguay,2,1,0,0,1,0,0,,Avenida,,ROSARIO,Rosario,Asfalto,No existe,II,Dentro,Urbana,Semáforo,Funciona,Intersección,Bueno,Buena,Nocturna,Buen Tiempo,S/D,S/D,Atropello,S/D,Vertical,Cordón divisorio,Sin restricción,POINT (-60.686775850000004 -32.96944285),"['Avellaneda', 'Uruguay']",2,Bulevar Nicolás Avellaneda; Uruguay,-32.96944285,-60.68677585,55.0,538.0,Municipio Rosario,Municipio,Rosario,820210,Servicio de Catastro e Información Territorial,IGN
2012,11347,2012-08-25,Sabado,0.0,10:15:00,,0.0,2,"Automóvil,Automóvil",Zuviria Y Pje. Travella,2,2,0,0,0,0,0,,Calle,,ROSARIO,Rosario,Asfalto,No existe,II,Dentro,Urbana,Ninguna,No existe,Intersección,Bueno,Buena,Diurna,Buen Tiempo,S/D,S/D,Colisión,S/D,Horizontal,Ninguna,Sin restricción,POINT (-60.7109722 -32.9369067),"['Zuviría', 'Travella']",2,Juez José María Zuviría; Travella,-32.9369067,-60.7109722,55.0,538.0,Municipio Rosario,Municipio,Rosario,820210,Servicio de Catastro e Información Territorial,IGN
2012,11349,2012-08-25,Sabado,0.0,16:45:00,,0.0,2,"Automóvil,Moto/Ciclomotor",Solis Y Neuquen,6,3,0,0,3,0,0,,Calle,,ROSARIO,Rosario,Asfalto,No existe,II,Dentro,Urbana,Ninguna,No existe,Intersección,Bueno,Buena,Diurna,Otro,S/D,S/D,Colisión,S/D,S/D,Ninguna,Sin restricción,POINT (-60.7031665 -32.94435579999999),"['Solis', 'Neuquen']",2,Juan Díaz de Solís; Neuquén,-32.94435579999999,-60.7031665,55.0,538.0,Municipio Rosario,Municipio,Rosario,820210,Servicio de Catastro e Información Territorial,IGN
2012,11351,2012-08-24,Viernes,0.0,11:15:00,,0.0,2,"Pickup/Utilitario,Automóvil",Av. Provincias Unidas Y San Lorenzo,6,1,0,0,5,0,0,,Avenida,,ROSARIO,Rosario,Asfalto,No existe,II,Dentro,Urbana,Semáforo,Funciona,Intersección,Bueno,Buena,Diurna,S/D,S/D,S/D,Colisión,S/D,Vertical,Barrera de hormigón,Sin restricción,POINT (-60.71288325 -32.934510450000005),"['Avenida Provincias Unidas', 'San Lorenzo']",2,Avenida Provincias Unidas; San Lorenzo,-32.934510450000005,-60.71288325,55.0,538.0,Municipio Rosario,Municipio,Rosario,820210,Servicio de Catastro e Información Territorial,IGN
2012,11352,2012-08-22,Miercoles,0.0,20:00:00,,0.0,2,"Moto/Ciclomotor,Automóvil",Bv. Avellaneda Y Cnel.Winter,2,1,0,0,1,0,0,,Avenida,,ROSARIO,Rosario,Asfalto,No existe,II,Dentro,Urbana,Ninguna,No existe,Recta,Bueno,Buena,Nocturna,Buen Tiempo,Lateral,S/D,Colisión,S/D,Faltante,Cordón divisorio,Sin restricción,POINT (-60.6886323 -32.985050266666654),"['Avellaneda', 'Coronel Winter']",2,Bulevar Nicolás Avellaneda; Coronel Winter,-32.985050266666654,-60.6886323,55.0,538.0,Municipio Rosario,Municipio,Rosario,820210,Servicio de Catastro e Información Territorial,IGN
2012,11353,2012-08-25,Sabado,0.0,21:50:00,,0.0,2,"Moto/Ciclomotor,Automóvil",Junin Y Larrea,2,1,0,0,1,0,0,,Calle,,ROSARIO,Rosario,Asfalto,S/D,II,Dentro,Urbana,Ninguna,S/D,Intersección,Bueno,Buena,Nocturna,Buen Tiempo,S/D,S/D,Colisión,S/D,S/D,Ninguna,S/D,POINT (-60.6977779 -32.9271693),"['Junín', 'Larrea']",2,Junín; Larrea,-32.9271693,-60.6977779,55.0,538.0,Municipio Rosario,Municipio,Rosario,820210,Servicio de Catastro e Información Territorial,IGN
2012,11355,2012-08-27,Lunes,0.0,,,0.0,2,"Automóvil,Moto/Ciclomotor",Ricardo Nuñez Y Bv. Rondeau,2,1,0,0,1,0,0,,Avenida,,ROSARIO,Rosario,Asfalto,S/D,II,S/D,Urbana,S/D,Funciona,Intersección,Bueno,S/D,S/D,S/D,S/D,S/D,S/D,S/D,S/D,S/D,S/D,POINT (-60.69541701428572 -32.88466172857143),"['Ricardo Nuñez', 'Rondeau']",2,Ricardo Nuñez; Bulevar General José Rondeau,-32.88466172857143,-60.69541701428572,55.0,538.0,Municipio Rosario,Municipio,Rosario,820210,Servicio de Catastro e Información Territorial,IGN
2012,11356,2012-08-22,Miercoles,0.0,20:00:00,,0.0,2,"Moto/Ciclomotor,Peatón",Av. Ovidio Lagos 5100,2,1,1,0,0,0,0,,Avenida,,ROSARIO,Rosario,Asfalto,S/D,II,Dentro,Urbana,Ninguna,S/D,Recta,Bueno,Buena,Nocturna,Buen Tiempo,Frontal,S/D,Colisión,S/D,S/D,Cordón divisorio,Sin restricción,"-33.0259193, -60.6809495",['Ovidio Lagos 5100'],1,Ovidio Lagos 5100,-33.0259193,-60.6809495,55.0,538.0,Municipio Rosario,Municipio,Rosario,820210,Servicio de Catastro e Información Territorial,IGN
2012,11360,2012-08-23,Jueves,0.0,19:25:00,,0.0,2,"Moto/Ciclomotor,Peatón",Bv. Avellaneda Y Uruguay,3,1,2,0,0,0,0,,Avenida,,ROSARIO,Rosario,Asfalto,S/D,II,Dentro,Urbana,Semáforo,S/D,Intersección,Bueno,Buena,Nocturna,Buen Tiempo,S/D,S/D,Atropello,S/D,S/D,Cordón divisorio,S/D,POINT (-60.686775850000004 -32.96944285),"['Avellaneda', 'Uruguay']",2,Bulevar Nicolás Avellaneda; Uruguay,-32.96944285,-60.68677585,55.0,538.0,Municipio Rosario,Municipio,Rosario,820210,Servicio de Catastro e Información Territorial,IGN
2012,11361,2012-08-28,Martes,0.0,11:00:00,,0.0,2,"Moto/Ciclomotor,Automóvil",Bv. Segui Y Iriondo,2,1,0,0,1,0,0,,Avenida,,ROSARIO,Rosario,Asfalto,S/D,II,Dentro,Urbana,S/D,No existe,Intersección,Bueno,Buena,Diurna,S/D,Lateral,S/D,Colisión,S/D,S/D,S/D,S/D,POINT (-60.67784519999999 -32.973457749999994),"['Bulevar Juan Francisco Seguí', 'Iriondo']",2,Bulevar Juan Francisco Seguí; Iriondo,-32.973457749999994,-60.67784519999999,55.0,538.0,Municipio Rosario,Municipio,Rosario,820210,Servicio de Catastro e Información Territorial,IGN
2012,11364,2012-08-28,Martes,0.0,19:40:00,,0.0,2,"Moto/Ciclomotor,Pickup/Utilitario",Alsina Y Uruguay,3,1,0,0,2,0,0,,Calle,,ROSARIO,Rosario,Asfalto,S/D,II,Dentro,Urbana,S/D,S/D,Intersección,Bueno,S/D,Atardecer,S/D,Lateral,S/D,Colisión,S/D,S/D,S/D,S/D,POINT (-60.6840513 -32.96993909999998),"['Alsina', 'Uruguay']",2,Alsina; Uruguay,-32.96993909999998,-60.6840513,55.0,538.0,Municipio Rosario,Municipio,Rosario,820210,Servicio de Catastro e Información Territorial,IGN
2012,11365,2012-07-03,Martes,0.0,14:00:00,,0.0,2,"Moto/Ciclomotor,Automóvil",Valparaiso Y Garay,3,2,0,0,1,0,0,,Calle,,ROSARIO,Rosario,Asfalto,S/D,II,Dentro,Urbana,Ninguna,S/D,Intersección,Deteriorada,S/D,Diurna,Buen Tiempo,Lateral,S/D,Colisión,S/D,S/D,S/D,S/D,POINT (-60.6888807 -32.9666832),"['Valparaíso', 'Garay']",2,Valparaíso; Juan de Garay,-32.9666832,-60.6888807,55.0,538.0,Municipio Rosario,Municipio,Rosario,820210,Servicio de Catastro e Información Territorial,IGN
2012,11369,2012-07-07,Sabado,0.0,13:00:00,,0.0,2,"Automóvil,Pickup/Utilitario",Saavedra Y San Nicolas,2,2,0,0,0,0,0,,Calle,,ROSARIO,Rosario,Asfalto,S/D,II,Dentro,Urbana,Ninguna,S/D,Intersección,Bueno,Buena,Diurna,Buen Tiempo,Lateral,S/D,Colisión,S/D,S/D,S/D,S/D,POINT (-60.680273500000006 -32.9718476),"['Saavedra', 'San Nicolás']",2,Saavedra; San Nicolás,-32.9718476,-60.680273500000006,55.0,538.0,Municipio Rosario,Municipio,Rosario,820210,Servicio de Catastro e Información Territorial,IGN
2012,11372,2012-07-20,Viernes,0.0,19:30:00,,0.0,2,"Automóvil,Moto/Ciclomotor",Av. Ovidio Lagos 6300,2,1,0,0,1,0,0,,Calle,,ROSARIO,Rosario,Asfalto,Natural,II,Dentro,Urbana,Ninguna,No existe,Recta,Bueno,Buena,Nocturna,Buen Tiempo,De alcance,S/D,Colisión,S/D,Horizontal,Cordón divisorio,Sin restricción,"-33.0259193, -60.6809495",['Ovidio Lagos 6300'],1,Ovidio Lagos 6300,-33.0259193,-60.6809495,55.0,538.0,Municipio Rosario,Municipio,Rosario,820210,Servicio de Catastro e Información Territorial,IGN