anio_acci,nro_acci,fecha,desc_dia,fecha_aprox,hora_aprox,desc_ruta,km,cant_participantes,desc_participante,calle_avenida_km,total,heridos_leves,heridos_graves,heridos_gravisimos,ilesos,fallecidos,sin_datos,posicion_XY,desc_tipo_via,desc_ruta_ori,desc_loc,desc_dpto,desc_tipo_calzada,desc_tipo_banquina,desc_unidad_regional,desc_lugar_calzada,desc_zona,desc_prioridad,desc_estado_semaforo,desc_lugar_via,desc_estado_via,desc_estado_visibilidad,desc_luminosidad,desc_estado_clima,desc_tipo_colision,desc_tipo_atropello,desc_tipo_hecho,desc_pres_calzada,desc_senializacion,desc_separacion_via,desc_restriccion,forma_geocod,calle_lista,numero_calles,calles_osm,lat,lon,index_right,gid,fna,gna,nam,in1,fdc,sag
2012,11373,2012-08-27,Lunes,0.0,18:15:00,,0.0,2,"Automóvil,Bicicleta",Zelaya Y Washington,2,1,0,0,1,0,0,,Calle,,ROSARIO,Rosario,Asfalto,No existe,II,Dentro,Urbana,Ninguna,No existe,Intersección,Bueno,Buena,Atardecer,Buen Tiempo,S/D,S/D,Atropello,Otro,Vertical,Ninguna,Sin restricción,POINT (-60.693950400000006 -32.90199580000001),"['Zelaya', 'Washington']",2,Zelaya; Washington,-32.90199580000001,-60.693950400000006,55.0,538.0,Municipio Rosario,Municipio,Rosario,820210,Servicio de Catastro e Información Territorial,IGN
2012,11374,2012-07-09,Lunes,0.0,12:50:00,,0.0,2,"Bicicleta,Transporte de Pasajeros Urbano (> 8 asientos)",PTE QUINTANA  Y CASTELLANOS ,2,1,0,0,1,0,0,,Calle,,ROSARIO,Rosario,Asfalto,S/D,II,Dentro,Urbana,Ninguna,S/D,Intersección,Bueno,Buena,Diurna,Buen Tiempo,Otro,S/D,Atropello,S/D,S/D,Ninguna,S/D,POINT (-60.684157899999995 -32.9759231),"['Quintana', 'Aaron Castellanos']",2,Presidente Quintana; Aaron Castellanos,-32.9759231,-60.6841579,55.0,538.0,Municipio Rosario,Municipio,Rosario,820210,Servicio de Catastro e Información Territorial,IGN
2012,11375,2012-07-09,Lunes,0.0,13:20:00,,0.0,2,"Automóvil,Moto/Ciclomotor",Av. Ovidio Lagos 6700,2,1,0,0,1,0,0,,Calle,,ROSARIO,Rosario,Asfalto,Natural,II,S/D,S/D,Ninguna,No existe,Recta,Bueno,Buena,Diurna,Buen Tiempo,De alcance,S/D,Colisión,S/D,Horizontal,Línea divisoria pintada,Sin restricción,"-33.0259193, -60.6809495",['Ovidio Lagos 6700'],1,Ovidio Lagos 6700,-33.0259193,-60.6809495,55.0,538.0,Municipio Rosario,Municipio,Rosario,820210,Servicio de Catastro e Información Territorial,IGN
2012,11376,2012-07-05,Jueves,0.0,12:50:00,,0.0,2,"Automóvil,Pickup/Utilitario",Av. Ovidio Lagos 7700,3,1,0,0,1,0,1,,Calle,,ROSARIO,Rosario,Asfalto,Pavimento,II,Dentro,Urbana,Ninguna,Funciona,Recta,Bueno,Buena,Diurna,Buen Tiempo,De alcance,S/D,Colisión,S/D,Horizontal,Línea divisoria pintada,Sin restricción,"-33.0259193, -60.6809495",['Ovidio Lagos 7700'],1,Ovidio Lagos 7700,-33.0259193,-60.6809495,55.0,538.0,Municipio Rosario,Municipio,Rosario,820210,Servicio de Catastro e Información Territorial,IGN
2012,11377,2012-07-07,Sabado,0.0,18:30:00,,0.0,2,"Automóvil,Bicicleta",Av. Ovidio Lagos Y Saavedra,2,1,0,0,1,0,0,,Avenida,,ROSARIO,Rosario,Asfalto,S/D,II,Dentro,Urbana,S/D,S/D,Intersección,Bueno,Buena,Diurna,Buen Tiempo,S/D,S/D,"Colisión,Atropello",S/D,Horizontal,Cordón divisorio,S/D,POINT (-60.6691044 -32.973831099999984),"['Avenida Ovidio Lagos', 'Saavedra']",2,Avenida Ovidio Lagos; Saavedra,-32.973831099999984,-60.6691044,55.0,538.0,Municipio Rosario,Municipio,Rosario,820210,Servicio de Catastro e Información Territorial,IGN
2012,11378,2012-06-30,Sabado,0.0,23:50:00,,0.0,2,"Automóvil,Moto/Ciclomotor",Av. Ovidio Lagos 6000,2,1,0,0,1,0,0,,Calle,,ROSARIO,Rosario,Asfalto,No existe,II,Dentro,Urbana,Ninguna,No funciona,Cruce,Bueno,Buena,Nocturna,Buen Tiempo,Lateral,S/D,Colisión,S/D,Vertical,Cordón divisorio,Sin restricción,"-33.0259193, -60.6809495",['Ovidio Lagos 6000'],1,Ovidio Lagos 6000,-33.0259193,-60.6809495,55.0,538.0,Municipio Rosario,Municipio,Rosario,820210,Servicio de Catastro e Información Territorial,IGN
2012,11379,2012-08-26,Domingo,0.0,12:10:00,,0.0,1,Moto/Ciclomotor,Bv. Rondeau 1000,1,1,0,0,0,0,0,,Avenida,,ROSARIO,Rosario,Asfalto,S/D,II,Dentro,Urbana,S/D,S/D,Recta,S/D,S/D,S/D,S/D,S/D,S/D,Caída ocupante,S/D,S/D,S/D,S/D,"-32.9049225, -60.6889433",['Rondeau 1000'],1,Rondeau 1000,-32.9049225,-60.6889433,55.0,538.0,Municipio Rosario,Municipio,Rosario,820210,Servicio de Catastro e Información Territorial,IGN
2012,11381,2012-07-25,Miercoles,0.0,12:25:00,,0.0,2,"Moto/Ciclomotor,Bicicleta",Bv. Segui Y Valparaiso,3,3,0,0,0,0,0,,Calle,,ROSARIO,Rosario,Asfalto,No existe,II,Dentro,Urbana,Ninguna,No existe,Recta,Bueno,Buena,Diurna,Buen Tiempo,S/D,S/D,Atropello,S/D,Faltante,Ninguna,Sin restricción,POINT (-60.690188750000004 -32.97123487499999),"['Bulevar Juan Francisco Seguí', 'Valparaíso']",2,Bulevar Juan Francisco Seguí; Valparaíso,-32.97123487499999,-60.69018875,55.0,538.0,Municipio Rosario,Municipio,Rosario,820210,Servicio de Catastro e Información Territorial,IGN
2012,11383,2012-07-04,Miercoles,0.0,20:50:00,,0.0,2,"Taxi/Remis,Moto/Ciclomotor",Av. Ovidio Lagos 5400,2,1,0,0,1,0,0,,Calle,,ROSARIO,Rosario,Asfalto,No existe,II,Dentro,Urbana,Ninguna,No existe,Cruce,Bueno,Buena,Nocturna,Niebla,Lateral,S/D,Colisión,Otro,Vertical,Cordón divisorio,Sin restricción,"-32.9818631, -60.6709989",['Ovidio Lagos 5400'],1,Ovidio Lagos 5400,-32.9818631,-60.6709989,55.0,538.0,Municipio Rosario,Municipio,Rosario,820210,Servicio de Catastro e Información Territorial,IGN
2012,11384,2012-07-28,Sabado,0.0,15:30:00,,0.0,2,"Automóvil,Moto/Ciclomotor",AVELLANEDA  Y MOSCONI ,3,2,0,0,1,0,0,,Avenida,,ROSARIO,Rosario,Asfalto,No existe,II,Dentro,Urbana,Ninguna,No existe,Intersección,Bueno,Buena,Diurna,Buen Tiempo,Lateral,S/D,Colisión,S/D,Faltante,Cordón divisorio,Sin restricción,POINT (-60.674045425 -32.994089450000004),"['Avellaneda', 'Mosconi']",2,Bulevar Nicolás Avellaneda; General Mosconi,-32.994089450000004,-60.674045425,55.0,538.0,Municipio Rosario,Municipio,Rosario,820210,Servicio de Catastro e Información Territorial,IGN
2012,11385,2012-08-25,Sabado,0.0,16:25:00,,0.0,2,"Moto/Ciclomotor,Automóvil",Baigorria Y Bv. Rondeau,2,1,0,0,1,0,0,,S/D,,ROSARIO,Rosario,Asfalto,Pavimento,II,S/D,Urbana,S/D,Funciona,Intersección,S/D,Buena,Diurna,S/D,S/D,S/D,S/D,S/D,S/D,S/D,S/D,POINT (-60.693283075000004 -32.89152782499999),"['Baigorria', 'Rondeau']",2,Baigorria; Bulevar General José Rondeau,-32.89152782499999,-60.693283075,55.0,538.0,Municipio Rosario,Municipio,Rosario,820210,Servicio de Catastro e Información Territorial,IGN
2012,11387,2012-08-24,Viernes,0.0,17:30:00,,0.0,2,"Automóvil,Automóvil",Pte.Quintana Y Iriondo,3,1,0,0,2,0,0,,Calle,,ROSARIO,Rosario,Asfalto,S/D,II,Dentro,Urbana,S/D,S/D,Intersección,Bueno,S/D,S/D,S/D,Lateral,S/D,Colisión,S/D,S/D,S/D,S/D,POINT (-60.67871530000001 -32.97690539999999),"['Quintana', 'Iriondo']",2,"('Presidente Quintana', 'Iriondo')",-32.97690539999999,-60.67871530000001,55.0,538.0,Municipio Rosario,Municipio,Rosario,820210,Servicio de Catastro e Información Territorial,IGN
2012,11390,2012-08-08,Miercoles,0.0,16:00:00,,0.0,2,"Moto/Ciclomotor,Automóvil",Bv. Avellaneda Y Bv. Segui,3,2,0,0,1,0,0,,Avenida,,ROSARIO,Rosario,Asfalto,No existe,II,S/D,S/D,Semáforo,Funciona,Intersección,Bueno,Buena,Diurna,Buen Tiempo,Lateral,S/D,Colisión,S/D,Vertical,Ninguna,Sin restricción,POINT (-60.6873526625 -32.9717476875),"['Avellaneda', 'Bulevar Juan Francisco Seguí']",2,Bulevar Nicolás Avellaneda; Bulevar Juan Francisco Seguí,-32.9717476875,-60.6873526625,55.0,538.0,Municipio Rosario,Municipio,Rosario,820210,Servicio de Catastro e Información Territorial,IGN
2012,11391,2012-08-28,Martes,0.0,17:45:00,,0.0,2,"Automóvil,Moto/Ciclomotor",Darragueira Y Gurruchaga,3,1,1,0,1,0,0,,S/D,,ROSARIO,Rosario,Asfalto,S/D,II,S/D,Urbana,S/D,No existe,Intersección,S/D,S/D,Diurna,S/D,S/D,S/D,S/D,S/D,S/D,S/D,S/D,POINT (-60.6916606 -32.90566849999999),"['José Darragueira', 'Gurruchaga']",2,José Darragueira; Gurruchaga,-32.90566849999999,-60.6916606,55.0,538.0,Municipio Rosario,Municipio,Rosario,820210,Servicio de Catastro e Información Territorial,IGN
2012,11392,2012-08-04,Sabado,0.0,12:40:00,,0.0,2,"Moto/Ciclomotor,Automóvil",Centeno 2900,2,1,0,0,1,0,0,,Calle,,ROSARIO,Rosario,Asfalto,S/D,II,S/D,Urbana,S/D,S/D,Recta,Bueno,Buena,Diurna,Buen Tiempo,Otro,S/D,Colisión,S/D,S/D,S/D,S/D,"-32.9855924, -60.6434611",['Centeno 2900'],1,Centeno 2900,-32.9855924,-60.6434611,55.0,538.0,Municipio Rosario,Municipio,Rosario,820210,Servicio de Catastro e Información Territorial,IGN
2012,11393,2012-08-27,Lunes,0.0,18:40:00,,0.0,2,"Moto/Ciclomotor,Moto/Ciclomotor",Bv. Rondeau 700,2,1,0,0,1,0,0,,S/D,,ROSARIO,Rosario,Asfalto,S/D,II,Dentro,Urbana,S/D,S/D,Recta,Bueno,S/D,Diurna,S/D,S/D,S/D,S/D,S/D,S/D,S/D,S/D,"-32.9084827, -60.6878302",['Rondeau 700'],1,Rondeau 700,-32.9084827,-60.6878302,55.0,538.0,Municipio Rosario,Municipio,Rosario,820210,Servicio de Catastro e Información Territorial,IGN
2012,11394,2012-08-05,Domingo,0.0,14:25:00,,0.0,2,"Moto/Ciclomotor,Moto/Ciclomotor",Av. Ovidio Lagos Y Lamadrid,3,3,0,0,0,0,0,,Avenida,,ROSARIO,Rosario,Asfalto,S/D,II,Dentro,Urbana,S/D,S/D,Intersección,Bueno,Buena,Diurna,Buen Tiempo,Lateral,S/D,Colisión,S/D,S/D,S/D,S/D,POINT (-60.67487495 -32.997913600000004),"['Avenida Ovidio Lagos', 'Lamadrid']",2,Avenida Ovidio Lagos; Gregorio Aráoz de Lamadrid,-32.997913600000004,-60.67487495,55.0,538.0,Municipio Rosario,Municipio,Rosario,820210,Servicio de Catastro e Información Territorial,IGN
2012,11396,2012-08-08,Miercoles,0.0,14:30:00,,0.0,2,"Peatón,Otros",Acevedo Bis Y Av. Genova,2,1,0,0,0,0,1,,Avenida,,ROSARIO,Rosario,Asfalto,No existe,II,Dentro,Urbana,S/D,No existe,Recta,Bueno,Buena,Diurna,S/D,S/D,S/D,Atropello,S/D,Horizontal,Barrera de hormigón,S/D,POINT (-60.7490725 -32.91698929999999),"['Acevedo', 'Genova']",2,Manuel Acevedo; Avenida Génova,-32.91698929999999,-60.7490725,55.0,538.0,Municipio Rosario,Municipio,Rosario,820210,Servicio de Catastro e Información Territorial,IGN
2012,11397,2012-08-20,Lunes,0.0,00:35:00,,0.0,2,"Automóvil,Moto/Ciclomotor",Superi Y Molina,2,1,0,0,1,0,0,,Calle,,ROSARIO,Rosario,Asfalto,No existe,II,Dentro,Urbana,S/D,No existe,Intersección,Bueno,Buena,Nocturna,Buen Tiempo,De alcance,S/D,Colisión,Otro,Faltante,S/D,Sin restricción,POINT (-60.704566500000006 -32.8965788),"['Superi', 'Molina']",2,Comandante José Superí; Molina,-32.8965788,-60.704566500000006,55.0,538.0,Municipio Rosario,Municipio,Rosario,820210,Servicio de Catastro e Información Territorial,IGN
2012,11398,2012-08-10,Viernes,0.0,10:40:00,,0.0,2,"Moto/Ciclomotor,Automóvil",Av. Eva Peron Y Sanchez de Loria,2,1,0,0,1,0,0,,Avenida,,ROSARIO,Rosario,Asfalto,No existe,II,Dentro,Urbana,Ninguna,Funciona,Recta,Bueno,Buena,Diurna,Buen Tiempo,Frontal,S/D,Colisión,S/D,Horizontal,Barrera de hormigón,S/D,POINT (-60.73211405 -32.9295609),"['Avenida Eva Perón', 'Sánchez de Loria']",2,Avenida Eva Perón; Sánchez de Loria,-32.9295609,-60.73211405,55.0,538.0,Municipio Rosario,Municipio,Rosario,820210,Servicio de Catastro e Información Territorial,IGN
2012,11399,2012-08-21,Martes,0.0,15:00:00,,0.0,2,"Camión,Bicicleta",Colectora Y Darwin,2,1,0,0,1,0,0,,Calle,,ROSARIO,Rosario,Asfalto,No existe,II,S/D,S/D,S/D,No existe,Recta,Bueno,Buena,Atardecer,Buen Tiempo,S/D,S/D,Atropello,S/D,Horizontal,Barrera de hormigón,S/D,POINT (-60.72231 -32.93217219999999),"['Colectora', 'Darwin']",2,"('Colectora Juan Pablo II', 'Darwin')",-32.93217219999999,-60.72231,55.0,538.0,Municipio Rosario,Municipio,Rosario,820210,Servicio de Catastro e Información Territorial,IGN
2012,11400,2012-08-03,Viernes,0.0,10:00:00,,0.0,2,"Moto/Ciclomotor,Automóvil",Blas Parera Y Esquivel,2,1,0,0,1,0,0,,S/D,,ROSARIO,Rosario,Asfalto,S/D,II,Dentro,Urbana,S/D,No existe,Intersección,S/D,S/D,Diurna,S/D,Frontal,S/D,Colisión,S/D,S/D,S/D,S/D,POINT (-60.7047482 -32.902942799999984),"['Blas Parera', 'Esquivel']",2,Blas Parera; Esquivel,-32.902942799999984,-60.7047482,55.0,538.0,Municipio Rosario,Municipio,Rosario,820210,Servicio de Catastro e Información Territorial,IGN
2012,11401,2012-08-21,Martes,0.0,14:00:00,,0.0,2,"Moto/Ciclomotor,Moto/Ciclomotor",Velez Sarsfield Y Colombia,3,3,0,0,0,0,0,,Calle,,ROSARIO,Rosario,Asfalto,No existe,II,Dentro,Urbana,S/D,No existe,Recta,Bueno,Buena,Atardecer,Buen Tiempo,Frontal,S/D,Colisión,S/D,Horizontal,Barrera de hormigón,Sin restricción,POINT (-60.7167677 -32.9261401),"['Vélez Sarsfield', 'Colombia']",2,Vélez Sarsfield; Colombia,-32.9261401,-60.7167677,55.0,538.0,Municipio Rosario,Municipio,Rosario,820210,Servicio de Catastro e Información Territorial,IGN
2012,11402,2012-08-23,Jueves,0.0,02:20:00,,0.0,1,Otros,COLOMBRES 1600,3,3,0,0,0,0,0,,S/D,,ROSARIO,Rosario,S/D,S/D,II,S/D,Urbana,S/D,S/D,S/D,S/D,S/D,S/D,S/D,S/D,S/D,S/D,S/D,S/D,S/D,S/D,"-32.9477619, -60.7291469",['Colombres 1600'],1,Colombres 1600,-32.9477619,-60.7291469,55.0,538.0,Municipio Rosario,Municipio,Rosario,820210,Servicio de Catastro e Información Territorial,IGN
2012,11403,2012-08-22,Miercoles,0.0,10:00:00,,0.0,2,"Automóvil,Automóvil",Washington 700,3,2,0,0,1,0,0,,Calle,,ROSARIO,Rosario,Asfalto,S/D,II,S/D,Urbana,S/D,Funciona,Recta,Bueno,S/D,Diurna,S/D,Contra objeto fijo,S/D,Colisión,S/D,S/D,S/D,S/D,"-32.9012007, -60.6907467",['Washington 700'],1,Washington 700,-32.9012007,-60.6907467,55.0,538.0,Municipio Rosario,Municipio,Rosario,820210,Servicio de Catastro e Información Territorial,IGN
2012,11404,2012-08-14,Martes,0.0,18:15:00,,0.0,2,"Automóvil,Automóvil",Av. Eva Peron Y Rodo,2,1,0,0,1,0,0,,Avenida,,ROSARIO,Rosario,Asfalto,No existe,II,Dentro,Urbana,S/D,No existe,Recta,S/D,Buena,Atardecer,Buen Tiempo,Frontal,S/D,Colisión,S/D,Horizontal,Barrera de hormigón,Sin restricción,POINT (-60.72619725 -32.930618249999995),"['Avenida Eva Perón', 'Rodó']",2,Avenida Eva Perón; Rodó,-32.930618249999995,-60.72619725,55.0,538.0,Municipio Rosario,Municipio,Rosario,820210,Servicio de Catastro e Información Territorial,IGN
2012,11405,2012-08-18,Sabado,0.0,15:30:00,,0.0,2,"Automóvil,Moto/Ciclomotor",Blas Parera ,2,1,0,0,1,0,0,,Calle,,ROSARIO,Rosario,Asfalto,S/D,II,S/D,Urbana,S/D,No existe,Intersección,Bueno,S/D,Diurna,S/D,S/D,S/D,S/D,S/D,S/D,S/D,S/D,"-32.9004768, -60.6932578",['Blas Parera'],1,Blas Parera,-32.9004768,-60.6932578,55.0,538.0,Municipio Rosario,Municipio,Rosario,820210,Servicio de Catastro e Información Territorial,IGN
2012,11406,2012-08-25,Sabado,0.0,22:20:00,,0.0,2,"Automóvil,Moto/Ciclomotor",Manuel Garcia Y Baigorria,2,1,0,0,1,0,0,,Calle,,ROSARIO,Rosario,Asfalto,No existe,II,Dentro,Urbana,S/D,No existe,Intersección,Bueno,Buena,Nocturna,Buen Tiempo,Lateral,S/D,Colisión,S/D,Faltante,S/D,Sin restricción,POINT (-60.7144162 -32.89385119999999),"['Manuel García', 'Baigorria']",2,Manuel García; Baigorria,-32.89385119999999,-60.7144162,55.0,538.0,Municipio Rosario,Municipio,Rosario,820210,Servicio de Catastro e Información Territorial,IGN
2012,11407,2012-08-14,Martes,0.0,21:30:00,,0.0,2,"Taxi/Remis,Automóvil",Bv. Rondeau ,2,1,0,0,1,0,0,,Calle,,ROSARIO,Rosario,Asfalto,S/D,II,Dentro,Urbana,S/D,S/D,Intersección,Bueno,S/D,S/D,S/D,S/D,S/D,Colisión,S/D,S/D,S/D,S/D,"-32.8943105, -60.6921945",['Rondeau'],1,Rondeau,-32.8943105,-60.6921945,55.0,538.0,Municipio Rosario,Municipio,Rosario,820210,Servicio de Catastro e Información Territorial,IGN
2012,11408,2012-08-14,Martes,0.0,15:15:00,,0.0,2,"Peatón,Automóvil",Marull Y Warnes,2,1,0,0,1,0,0,,S/D,,ROSARIO,Rosario,Asfalto,S/D,II,Dentro,Urbana,S/D,No existe,Intersección,Bueno,Buena,Diurna,Otro,S/D,S/D,Atropello,S/D,Faltante,S/D,S/D,POINT (-60.690285900000006 -32.906502399999994),"['Marull', 'Warnes']",2,Marull; Ignacio Warnes,-32.906502399999994,-60.690285900000006,55.0,538.0,Municipio Rosario,Municipio,Rosario,820210,Servicio de Catastro e Información Territorial,IGN
2012,11409,2012-08-05,Domingo,0.0,21:00:00,,0.0,2,"Moto/Ciclomotor,Automóvil",Pavlov Y Castagnino,2,1,0,0,1,0,0,,Calle,,ROSARIO,Rosario,Asfalto,No existe,II,Dentro,Urbana,S/D,No existe,Intersección,Bueno,Buena,Nocturna,Buen Tiempo,Lateral,S/D,Colisión,Otro,Faltante,S/D,Sin restricción,POINT (-60.70454440000001 -32.900075699999995),"['Pavlov', 'Castagnino']",2,Pavlov; Castagnino,-32.900075699999995,-60.70454440000001,55.0,538.0,Municipio Rosario,Municipio,Rosario,820210,Servicio de Catastro e Información Territorial,IGN
2012,11411,2012-08-01,Miercoles,0.0,11:00:00,,0.0,2,"Bicicleta,Moto/Ciclomotor",Avalos Y Herrera,3,2,0,0,0,0,1,,Calle,,ROSARIO,Rosario,Asfalto,No existe,II,Dentro,Urbana,S/D,No existe,Intersección,Bueno,Buena,Diurna,Buen Tiempo,Lateral,S/D,Atropello,S/D,Faltante,S/D,Sin restricción,POINT (-60.70778630000001 -32.8976178),"['Ávalos', 'Herrera']",2,Ávalos; Franzini Herrera,-32.8976178,-60.70778630000001,55.0,538.0,Municipio Rosario,Municipio,Rosario,820210,Servicio de Catastro e Información Territorial,IGN
2012,11413,2012-08-02,Jueves,0.0,15:00:00,,0.0,2,"Moto/Ciclomotor,Automóvil",Molina Y Pje. Rivera,2,1,0,0,1,0,0,,Calle,,ROSARIO,Rosario,Asfalto,No existe,II,Dentro,Urbana,S/D,No existe,Intersección,Bueno,Buena,Diurna,Buen Tiempo,Lateral,S/D,Colisión,S/D,Faltante,S/D,Sin restricción,POINT (-60.70493539999999 -32.8902003),"['Molina', 'Rivera']",2,Molina; Rivera Indarte,-32.8902003,-60.70493539999999,55.0,538.0,Municipio Rosario,Municipio,Rosario,820210,Servicio de Catastro e Información Territorial,IGN
2012,11414,2012-07-27,Viernes,0.0,15:00:00,,0.0,2,"Pickup/Utilitario,Moto/Ciclomotor",Av. Francia Y Bv. Segui,2,1,0,0,1,0,0,,Avenida,,ROSARIO,Rosario,Asfalto,No existe,II,Dentro,Urbana,Semáforo,Funciona,Intersección,Bueno,Buena,Diurna,Buen Tiempo,Frontal,S/D,Colisión,S/D,Vertical,Cordón divisorio,S/D,POINT (-60.673763175000005 -32.97418725),"['Avenida Francia', 'Bulevar Juan Francisco Seguí']",2,Avenida Francia; Bulevar Juan Francisco Seguí,-32.97418725,-60.673763175000005,55.0,538.0,Municipio Rosario,Municipio,Rosario,820210,Servicio de Catastro e Información Territorial,IGN
2012,11415,2012-08-25,Sabado,0.0,13:30:00,,0.0,2,"Moto/Ciclomotor,Transporte de Pasajeros Urbano (> 8 asientos)",Av. Eva Peron Y Av. Carlos Colombres,2,1,0,0,1,0,0,,Avenida,,ROSARIO,Rosario,Asfalto,No existe,II,Dentro,Urbana,S/D,Funciona,Recta,Bueno,Buena,Con luz artificial,Buen Tiempo,Frontal,S/D,Colisión,S/D,Vertical,Barrera de hormigón,Sin restricción,POINT (-60.72975095 -32.929982849999995),"['Avenida Eva Perón', 'José Colombres']",2,Avenida Eva Perón; José Colombres,-32.929982849999995,-60.72975095,55.0,538.0,Municipio Rosario,Municipio,Rosario,820210,Servicio de Catastro e Información Territorial,IGN
2012,11416,2012-08-05,Domingo,0.0,19:00:00,,0.0,2,"Moto/Ciclomotor,Automóvil",Medrano ,3,1,1,0,1,0,0,,Calle,,ROSARIO,Rosario,Asfalto,No existe,II,Dentro,Urbana,S/D,No existe,Intersección,Bueno,Buena,Atardecer,Buen Tiempo,Lateral,S/D,Colisión,S/D,Faltante,S/D,Sin restricción,"-32.8831347, -60.703733",['Medrano'],1,Medrano,-32.8831347,-60.703733,55.0,538.0,Municipio Rosario,Municipio,Rosario,820210,Servicio de Catastro e Información Territorial,IGN
2012,11417,2012-07-27,Viernes,0.0,23:39:00,,0.0,2,"Automóvil,Moto/Ciclomotor",Av. Francia Y 24 De Setiembre,2,1,0,0,1,0,0,,Avenida,,ROSARIO,Rosario,Asfalto,No existe,II,Dentro,Urbana,Ninguna,No existe,Intersección,Bueno,Buena,Con luz artificial,Buen Tiempo,Frontal,S/D,Colisión,S/D,Faltante,Cordón divisorio,Sin restricción,POINT (-60.6740576 -32.9753504),"['Avenida Francia', '24 de Septiembre']",2,Avenida Francia; 24 de Septiembre,-32.9753504,-60.6740576,55.0,538.0,Municipio Rosario,Municipio,Rosario,820210,Servicio de Catastro e Información Territorial,IGN
2012,11419,2012-08-23,Jueves,0.0,15:00:00,,0.0,2,"Moto/Ciclomotor,Automóvil",Almafuerte Y Ferreyra,3,2,0,0,1,0,0,,Calle,,ROSARIO,Rosario,Asfalto,No existe,II,Dentro,Urbana,Señal Pare,No existe,Intersección,Bueno,S/D,Diurna,Buen Tiempo,Frontal,S/D,Colisión,S/D,S/D,S/D,Sin restricción,POINT (-60.6803136 -32.917233100000004),"['Almafuerte', 'Ferreyra']",2,Almafuerte; Ferreyra,-32.917233100000004,-60.6803136,55.0,538.0,Municipio Rosario,Municipio,Rosario,820210,Servicio de Catastro e Información Territorial,IGN
2012,11421,2012-08-03,Viernes,0.0,20:00:00,,0.0,2,"Moto/Ciclomotor,Automóvil",Matienzo Y Rueda,3,1,0,0,2,0,0,,Calle,,ROSARIO,Rosario,Asfalto,No existe,II,Dentro,Urbana,Ninguna,No existe,Intersección,Deteriorada,Buena,Diurna,S/D,Lateral,S/D,Colisión,S/D,Faltante,Ninguna,Sin restricción,POINT (-60.69380760000001 -32.9623039),"['Matienzo', 'Rueda']",2,Benjamín Matienzo; Rueda,-32.9623039,-60.69380760000001,55.0,538.0,Municipio Rosario,Municipio,Rosario,820210,Servicio de Catastro e Información Territorial,IGN
2012,11424,2012-08-02,Jueves,0.0,13:30:00,,0.0,2,"Moto/Ciclomotor,Automóvil",Bv. Segui Y Cullen,2,1,0,0,1,0,0,,Avenida,,ROSARIO,Rosario,Asfalto,No existe,II,Dentro,Urbana,Ninguna,No existe,Intersección,Deteriorada,Buena,Diurna,S/D,Lateral,S/D,Colisión,S/D,Faltante,Ninguna,Sin restricción,POINT (-60.707920099999996 -32.970945150000006),"['Bulevar Juan Francisco Seguí', 'Cullen']",2,Bulevar Juan Francisco Seguí; Cullen,-32.970945150000006,-60.7079201,55.0,538.0,Municipio Rosario,Municipio,Rosario,820210,Servicio de Catastro e Información Territorial,IGN
2012,11425,2012-08-17,Viernes,0.0,09:00:00,,0.0,2,"Moto/Ciclomotor,Automóvil",Jose Ingenieros Y Gallini,3,2,0,0,1,0,0,,Calle,,ROSARIO,Rosario,Asfalto,No existe,II,Dentro,Urbana,Ninguna,No existe,Intersección,Bueno,Buena,Diurna,Buen Tiempo,Lateral,S/D,Colisión,S/D,Faltante,Ninguna,Sin restricción,POINT (-60.68916800000001 -32.91639390000001),"['José Ingenieros', 'Gallini']",2,José Ingenieros; Gallini,-32.91639390000001,-60.68916800000001,55.0,538.0,Municipio Rosario,Municipio,Rosario,820210,Servicio de Catastro e Información Territorial,IGN
2012,11427,2012-08-24,Viernes,0.0,15:20:00,,0.0,2,"Automóvil,Moto/Ciclomotor",Pje. Newbery Y Bello,2,1,0,0,1,0,0,,Calle,,ROSARIO,Rosario,Asfalto,S/D,II,Dentro,Urbana,S/D,S/D,Intersección,Bueno,Buena,S/D,Buen Tiempo,S/D,S/D,Colisión,S/D,S/D,S/D,Sin restricción,POINT (-60.747421 -32.9088366),"['Newbery', 'Bello']",2,Pasaje Newbery; Bello,-32.9088366,-60.747421,55.0,538.0,Municipio Rosario,Municipio,Rosario,820210,Servicio de Catastro e Información Territorial,IGN
2012,11428,2012-08-17,Viernes,0.0,13:00:00,,0.0,2,"Automóvil,Moto/Ciclomotor",Av. Avellaneda B Y Gorriti,2,1,0,0,1,0,0,,Calle,,ROSARIO,Rosario,Asfalto,Pavimento,II,Dentro,Urbana,Semáforo,Funciona,Intersección,Bueno,Buena,Diurna,Buen Tiempo,Lateral,S/D,Colisión,S/D,Horizontal,Ninguna,Sin restricción,POINT (-60.675163999999995 -32.92336300000001),"['Avellaneda', 'Gorriti']",2,Bulevar Nicolás Avellaneda; Gorriti,-32.92336300000001,-60.675164,55.0,538.0,Municipio Rosario,Municipio,Rosario,820210,Servicio de Catastro e Información Territorial,IGN