anio_acci,nro_acci,fecha,desc_dia,fecha_aprox,hora_aprox,desc_ruta,km,cant_participantes,desc_participante,calle_avenida_km,total,heridos_leves,heridos_graves,heridos_gravisimos,ilesos,fallecidos,sin_datos,posicion_XY,desc_tipo_via,desc_ruta_ori,desc_loc,desc_dpto,desc_tipo_calzada,desc_tipo_banquina,desc_unidad_regional,desc_lugar_calzada,desc_zona,desc_prioridad,desc_estado_semaforo,desc_lugar_via,desc_estado_via,desc_estado_visibilidad,desc_luminosidad,desc_estado_clima,desc_tipo_colision,desc_tipo_atropello,desc_tipo_hecho,desc_pres_calzada,desc_senializacion,desc_separacion_via,desc_restriccion,forma_geocod,calle_lista,numero_calles,calles_osm,lat,lon,index_right,gid,fna,gna,nam,in1,fdc,sag
2012,11429,2012-08-23,Jueves,0.0,10:00:00,,0.0,1,Bicicleta,Brasil Y Pampa,2,1,0,0,0,0,1,,Calle,,ROSARIO,Rosario,Asfalto,No existe,II,Dentro,Urbana,S/D,No existe,Intersección,Bueno,Buena,Diurna,Buen Tiempo,Otro,S/D,Caída ocupante,S/D,Faltante,S/D,Sin restricción,POINT (-60.7192916 -32.94691929999999),"['Brasil', 'Pampa']",2,Brasil; Pampa,-32.94691929999999,-60.7192916,55.0,538.0,Municipio Rosario,Municipio,Rosario,820210,Servicio de Catastro e Información Territorial,IGN
2012,11430,2012-08-04,Sabado,0.0,19:20:00,,0.0,2,"Moto/Ciclomotor,Automóvil",P L Funes Y 27 de Febrero,2,1,0,0,1,0,0,,S/D,,ROSARIO,Rosario,Asfalto,No existe,II,S/D,Urbana,Ninguna,No existe,Intersección,Deteriorada,Buena,Atardecer,S/D,Lateral,S/D,Colisión,Otro,Faltante,Ninguna,Sin restricción,POINT (-60.7004364 -32.95892515),"['Funes', '27 de Febrero']",2,Deán Gregorio Funes; Bulevar 27 de Febrero,-32.95892515,-60.7004364,55.0,538.0,Municipio Rosario,Municipio,Rosario,820210,Servicio de Catastro e Información Territorial,IGN
2012,11432,2012-08-09,Jueves,0.0,20:00:00,,0.0,2,"Moto/Ciclomotor,Automóvil",Cullen Y Dean Funes,2,1,0,0,1,0,0,,Calle,,ROSARIO,Rosario,Asfalto,No existe,II,Dentro,Urbana,Ninguna,No existe,Intersección,Deteriorada,Buena,Nocturna,S/D,Lateral,S/D,Colisión,Otro,Faltante,Ninguna,Sin restricción,POINT (-60.7080348 -32.9673552),"['Cullen', 'Deán Gregorio Funes']",2,Cullen; Deán Gregorio Funes,-32.9673552,-60.7080348,55.0,538.0,Municipio Rosario,Municipio,Rosario,820210,Servicio de Catastro e Información Territorial,IGN
2012,11433,2012-08-13,Lunes,0.0,16:30:00,,0.0,2,"Automóvil,Otros",Rueda Y Larrea,2,1,0,0,0,0,1,,Calle,,ROSARIO,Rosario,Asfalto,No existe,II,Dentro,Urbana,Ninguna,No existe,Intersección,Deteriorada,Reducida,Atardecer,S/D,Lateral,S/D,Colisión,S/D,Faltante,Ninguna,Sin restricción,POINT (-60.6963595 -32.9623773),"['Rueda', 'Larrea']",2,Rueda; Larrea,-32.9623773,-60.6963595,55.0,538.0,Municipio Rosario,Municipio,Rosario,820210,Servicio de Catastro e Información Territorial,IGN
2012,11434,2012-07-26,Jueves,0.0,19:15:00,,0.0,2,"Automóvil,Moto/Ciclomotor",Av. Ovidio Lagos Y Centeno,3,2,0,0,1,0,0,,Avenida,,ROSARIO,Rosario,Asfalto,No existe,II,Dentro,Urbana,Semáforo,Funciona,Recta,Bueno,Buena,Diurna,Buen Tiempo,Frontal,S/D,Colisión,S/D,Vertical,Cordón divisorio,S/D,POINT (-60.670775449999994 -32.98070095),"['Avenida Ovidio Lagos', 'Centeno']",2,Avenida Ovidio Lagos; Coronel Centeno,-32.98070095,-60.67077545,55.0,538.0,Municipio Rosario,Municipio,Rosario,820210,Servicio de Catastro e Información Territorial,IGN
2012,11435,2012-08-21,Martes,0.0,16:00:00,,0.0,2,"Automóvil,Moto/Ciclomotor",Junin 500,2,1,0,0,1,0,0,,Calle,,ROSARIO,Rosario,Asfalto,Pavimento,II,Dentro,Urbana,Señal Pare,No existe,Intersección,Bueno,Buena,Diurna,Buen Tiempo,Lateral,S/D,Colisión,S/D,Horizontal,Ninguna,Sin restricción,"-32.9264465, -60.670784",['Junin 500'],1,Junin 500,-32.9264465,-60.670784,55.0,538.0,Municipio Rosario,Municipio,Rosario,820210,Servicio de Catastro e Información Territorial,IGN
2012,11437,2012-08-13,Lunes,0.0,14:00:00,,0.0,2,"Peatón,Moto/Ciclomotor",Bv. Segui Y Roullon,2,1,0,0,1,0,0,,Avenida,,ROSARIO,Rosario,Asfalto,No existe,II,Dentro,Urbana,Semáforo,Funciona,Intersección,Deteriorada,Reducida,Diurna,S/D,S/D,S/D,Atropello,S/D,Vertical,Ninguna,Sin restricción,POINT (-60.701049250000004 -32.970761249999995),"['Bulevar Juan Francisco Seguí', 'Alfredo Rouillón']",2,Bulevar Juan Francisco Seguí; Alfredo Rouillón,-32.970761249999995,-60.70104925,55.0,538.0,Municipio Rosario,Municipio,Rosario,820210,Servicio de Catastro e Información Territorial,IGN
2012,11439,2012-08-25,Sabado,0.0,17:00:00,,0.0,2,"Pickup/Utilitario,Automóvil",Velez Sarsfield Y Bahia Blanca Bis,2,1,0,0,1,0,0,,Calle,,ROSARIO,Rosario,Asfalto,Pavimento,II,Dentro,Urbana,Señal Pare,No existe,Intersección,Bueno,Buena,Diurna,Buen Tiempo,Lateral,S/D,Colisión,S/D,Faltante,S/D,Sin restricción,POINT (-60.6887143 -32.92521080000001),"['Vélez Sarsfield', 'Bahía Blanca']",2,Vélez Sarsfield; Bahía Blanca,-32.92521080000001,-60.6887143,55.0,538.0,Municipio Rosario,Municipio,Rosario,820210,Servicio de Catastro e Información Territorial,IGN
2012,11440,2012-08-19,Domingo,0.0,18:00:00,,0.0,2,"Peatón,Automóvil",Dr.Maradona Y Roullon,2,1,0,0,1,0,0,,Calle,,ROSARIO,Rosario,Asfalto,No existe,II,Dentro,Urbana,Ninguna,No existe,Intersección,Deteriorada,S/D,Atardecer,S/D,S/D,S/D,Atropello,S/D,Faltante,Ninguna,Sin restricción,POINT (-60.700734100000005 -32.9796357),"['Doctor Maradona', 'Alfredo Rouillón']",2,Doctor Maradona; Alfredo Rouillón,-32.9796357,-60.700734100000005,55.0,538.0,Municipio Rosario,Municipio,Rosario,820210,Servicio de Catastro e Información Territorial,IGN
2012,11442,2012-07-23,Lunes,0.0,18:59:00,,0.0,2,"Bicicleta,Automóvil",Av. Francia Y Dean Funes,2,1,0,0,1,0,0,,Avenida,,ROSARIO,Rosario,Asfalto,No existe,II,Dentro,Urbana,Ninguna,No existe,Intersección,Bueno,Buena,"Nocturna,Con luz artificial",Buen Tiempo,Lateral,S/D,Atropello,S/D,Faltante,Cordón divisorio,Sin restricción,POINT (-60.672891 -32.9707371),"['Avenida Francia', 'Deán Gregorio Funes']",2,Avenida Francia; Deán Gregorio Funes,-32.9707371,-60.672891,55.0,538.0,Municipio Rosario,Municipio,Rosario,820210,Servicio de Catastro e Información Territorial,IGN
2012,11444,2012-08-28,Martes,0.0,18:00:00,,0.0,2,"Automóvil,Moto/Ciclomotor",H. PRIMO Y IGUAZO,3,1,0,0,2,0,0,,Calle,,ROSARIO,Rosario,Asfalto,Pavimento,II,Dentro,Urbana,Señal Pare,No existe,Intersección,Bueno,Buena,Diurna,Buen Tiempo,Lateral,S/D,Colisión,S/D,Faltante,S/D,Sin restricción,POINT (-60.685702600000006 -32.9297417),"['Primero', 'Iguazú']",2,Primero de Mayo; Iguazú,-32.9297417,-60.685702600000006,55.0,538.0,Municipio Rosario,Municipio,Rosario,820210,Servicio de Catastro e Información Territorial,IGN
2012,11446,2012-08-28,Martes,0.0,19:30:00,,0.0,2,"Automóvil,Automóvil",Catamarca Y Iriondo,1,1,0,0,0,0,0,,Calle,,ROSARIO,Rosario,Asfalto,S/D,II,Dentro,Urbana,Semáforo,Funciona,Recta,Bueno,Buena,Diurna,Buen Tiempo,S/D,S/D,Colisión,S/D,S/D,S/D,S/D,POINT (-60.6681604 -32.93499529999999),"['Catamarca', 'Iriondo']",2,Catamarca; Iriondo,-32.93499529999999,-60.6681604,55.0,538.0,Municipio Rosario,Municipio,Rosario,820210,Servicio de Catastro e Información Territorial,IGN
2012,11447,2012-08-27,Lunes,0.0,15:55:00,,0.0,2,"Moto/Ciclomotor,Automóvil",Ricchieri Y Urquiza,2,1,0,0,1,0,0,,Calle,,ROSARIO,Rosario,Asfalto,S/D,II,S/D,Urbana,S/D,S/D,Recta,Bueno,Buena,Diurna,Buen Tiempo,S/D,S/D,S/D,S/D,Faltante,S/D,S/D,POINT (-60.6619733 -32.9385564),"['Ricchieri', 'Urquiza']",2,Ricchieri; Justo José de Urquiza,-32.9385564,-60.6619733,55.0,538.0,Municipio Rosario,Municipio,Rosario,820210,Servicio de Catastro e Información Territorial,IGN
2012,11448,2012-08-26,Domingo,0.0,17:45:00,,0.0,2,"Automóvil,Moto/Ciclomotor",Iriondo Y Urquiza,2,1,0,0,1,0,0,,S/D,,ROSARIO,Rosario,Asfalto,No existe,II,Dentro,Urbana,Ninguna,No existe,Recta,Bueno,Buena,Atardecer,Buen Tiempo,Otro,S/D,Colisión,S/D,Horizontal,Ninguna,Sin restricción,POINT (-60.66874130000001 -32.93734760000002),"['Iriondo', 'Urquiza']",2,Iriondo; Justo José de Urquiza,-32.93734760000002,-60.66874130000001,55.0,538.0,Municipio Rosario,Municipio,Rosario,820210,Servicio de Catastro e Información Territorial,IGN
2012,11450,2012-08-19,Domingo,0.0,09:30:00,,0.0,2,"Moto/Ciclomotor,Automóvil",Garzon Y Rueda,2,1,0,0,1,0,0,,Calle,,ROSARIO,Rosario,Asfalto,No existe,II,Dentro,Urbana,Ninguna,No existe,Intersección,Deteriorada,Reducida,Amanecer,Otro,Lateral,S/D,Colisión,Otro,Faltante,Ninguna,Sin restricción,POINT (-60.7047812 -32.96260430000001),"['Garzón', 'Rueda']",2,Garzón; Rueda,-32.96260430000001,-60.7047812,55.0,538.0,Municipio Rosario,Municipio,Rosario,820210,Servicio de Catastro e Información Territorial,IGN
2012,11451,2012-08-24,Viernes,0.0,11:50:00,,0.0,2,"Automóvil,Automóvil",P.L.Funes Y Av. Pte.Peron,2,1,0,0,1,0,0,,Calle,,ROSARIO,Rosario,Asfalto,No existe,II,Dentro,Urbana,Ninguna,No existe,Intersección,Deteriorada,Reducida,Amanecer,Otro,Otro,S/D,Colisión,Otro,Faltante,Ninguna,Sin restricción,POINT (-60.703717000000005 -32.9640592),"['Funes', 'Avenida Presidente Perón']",2,Deán Gregorio Funes; Avenida Presidente Perón,-32.9640592,-60.703717000000005,55.0,538.0,Municipio Rosario,Municipio,Rosario,820210,Servicio de Catastro e Información Territorial,IGN
2012,11453,2012-08-24,Viernes,0.0,23:00:00,,0.0,2,"Moto/Ciclomotor,Automóvil",Av. Pte.Peron Y Camilo Aldao,2,1,0,0,1,0,0,,Calle,,ROSARIO,Rosario,Asfalto,No existe,II,Dentro,Urbana,Ninguna,No existe,Intersección,Deteriorada,Reducida,"Nocturna,Con luz artificial",Otro,Otro,S/D,Colisión,Otro,Faltante,Ninguna,Sin restricción,POINT (-60.695184749999996 -32.959782),"['Avenida Presidente Perón', 'Camilo Aldao']",2,Avenida Presidente Perón; Camilo Aldao,-32.959782,-60.69518475,55.0,538.0,Municipio Rosario,Municipio,Rosario,820210,Servicio de Catastro e Información Territorial,IGN
2012,11454,2012-08-02,Jueves,0.0,10:00:00,,0.0,2,"Automóvil,Automóvil",Dean Funes Y El Salvador,2,1,0,0,1,0,0,,Calle,,ROSARIO,Rosario,Asfalto,No existe,II,Dentro,Urbana,S/D,No existe,Intersección,Deteriorada,Buena,Diurna,Buen Tiempo,S/D,S/D,Colisión,S/D,S/D,S/D,S/D,POINT (-60.7127835 -32.967501399999996),"['Deán Gregorio Funes', 'República del Salvador']",2,Deán Gregorio Funes; República del Salvador,-32.9675014,-60.7127835,55.0,538.0,Municipio Rosario,Municipio,Rosario,820210,Servicio de Catastro e Información Territorial,IGN
2012,11455,2012-08-06,Lunes,0.0,17:00:00,,0.0,2,"Automóvil,Automóvil",Av. Carlos Colombres ,2,2,0,0,0,0,0,,Avenida,,ROSARIO,Rosario,Asfalto,No existe,II,Dentro,Urbana,S/D,No existe,Intersección,Deteriorada,Buena,Diurna,Buen Tiempo,S/D,S/D,Colisión,S/D,S/D,S/D,S/D,"-32.9406906, -60.7293359",['José Colombres'],1,José Colombres,-32.9406906,-60.7293359,55.0,538.0,Municipio Rosario,Municipio,Rosario,820210,Servicio de Catastro e Información Territorial,IGN
2012,11456,2012-08-08,Miercoles,0.0,15:00:00,,0.0,2,"Moto/Ciclomotor,Automóvil",Bv. 27 De Febrero 7300,2,2,0,0,0,0,0,,Avenida,,ROSARIO,Rosario,Asfalto,No existe,II,Dentro,Urbana,S/D,No existe,Intersección,Deteriorada,Buena,Diurna,Buen Tiempo,S/D,S/D,Colisión,S/D,S/D,S/D,S/D,"-32.9593627, -60.7186655",['27 De Febrero 7300'],1,27 De Febrero 7300,-32.9593627,-60.7186655,55.0,538.0,Municipio Rosario,Municipio,Rosario,820210,Servicio de Catastro e Información Territorial,IGN
2012,11457,2012-08-11,Sabado,0.0,08:00:00,,0.0,2,"Taxi/Remis,Automóvil",Bv. 27 De Febrero Y Av. Circunvalacion,2,1,0,0,1,0,0,,Avenida,,ROSARIO,Rosario,Hormigón,Pavimento,II,Dentro,Urbana,S/D,Funciona,Intersección,Bueno,Buena,Diurna,Buen Tiempo,S/D,S/D,Colisión,S/D,S/D,S/D,S/D,POINT (-60.671730569613096 -32.965475411263625),"['27 de Febrero', 'Circunvalacion']",2,Bulevar 27 de Febrero; Avenida de Circunvalación 25 de Mayo,-32.965475411263625,-60.671730569613096,55.0,538.0,Municipio Rosario,Municipio,Rosario,820210,Servicio de Catastro e Información Territorial,IGN
2012,11458,2012-08-14,Martes,0.0,20:00:00,,0.0,2,"Pickup/Utilitario,Moto/Ciclomotor",Bertole Y Danieri,2,2,0,0,0,0,0,,Calle,,ROSARIO,Rosario,Asfalto,No existe,II,Dentro,Urbana,S/D,No existe,Intersección,Deteriorada,Buena,Nocturna,Buen Tiempo,S/D,S/D,Colisión,S/D,S/D,S/D,S/D,POINT (-60.7235992 -32.965347900000005),"['Bertole', 'Danieri']",2,Bertole; Danieri,-32.965347900000005,-60.7235992,55.0,538.0,Municipio Rosario,Municipio,Rosario,820210,Servicio de Catastro e Información Territorial,IGN
2012,11461,2012-08-18,Sabado,0.0,17:15:00,,0.0,2,"Automóvil,Moto/Ciclomotor",Campodonico Y Irurtia,3,3,0,0,0,0,0,,Calle,,ROSARIO,Rosario,Asfalto,No existe,II,Dentro,Urbana,Ninguna,No existe,Intersección,Bueno,Buena,Diurna,S/D,S/D,S/D,S/D,S/D,Faltante,Ninguna,Sin restricción,POINT (-60.72720090000001 -32.96710809999998),"['Campodonico', 'Irurtia']",2,Campodonico; Irurtia,-32.96710809999998,-60.72720090000001,55.0,538.0,Municipio Rosario,Municipio,Rosario,820210,Servicio de Catastro e Información Territorial,IGN
2012,11462,2012-08-22,Miercoles,0.0,14:30:00,,0.0,2,"Automóvil,Pickup/Utilitario",Av. Uriburu Y Colectora Juan Pablo II,2,1,0,0,1,0,0,,Avenida,,ROSARIO,Rosario,Hormigón,Natural,II,Dentro,Urbana,Ninguna,No existe,Intersección,Bueno,Buena,Diurna,S/D,S/D,S/D,Colisión,S/D,S/D,S/D,Obra en Construcción,POINT (-60.70053645 -32.992253950000006),"['Uriburu', 'Colectora Juan Pablo II']",2,Avenida José Uriburu; Colectora Juan Pablo II,-32.992253950000006,-60.70053645,55.0,538.0,Municipio Rosario,Municipio,Rosario,820210,Servicio de Catastro e Información Territorial,IGN
2012,11463,2012-08-23,Jueves,0.0,18:00:00,,0.0,2,"Automóvil,Moto/Ciclomotor",Amenabar Y Av. Ovidio Lagos,2,1,0,0,1,0,0,,Avenida,,ROSARIO,Rosario,Asfalto,No existe,II,Dentro,Urbana,Ninguna,No existe,Intersección,Bueno,Buena,Diurna,Buen Tiempo,S/D,S/D,Colisión,S/D,Faltante,Ninguna,Sin restricción,POINT (-60.66772746666666 -32.96808026666666),"['Amenabar', 'Avenida Ovidio Lagos']",2,José de Amenábar; Avenida Ovidio Lagos,-32.96808026666666,-60.66772746666666,55.0,538.0,Municipio Rosario,Municipio,Rosario,820210,Servicio de Catastro e Información Territorial,IGN
2012,11464,2012-08-22,Miercoles,0.0,07:40:00,,0.0,2,"Moto/Ciclomotor,Automóvil",Tucuman Y San Nicolas,2,1,0,0,1,0,0,,Calle,,ROSARIO,Rosario,Asfalto,No existe,II,S/D,Urbana,Ninguna,No existe,Otro,Bueno,Buena,Amanecer,Buen Tiempo,Otro,S/D,Colisión,S/D,Horizontal,Ninguna,Sin restricción,POINT (-60.6711576 -32.93566819999999),"['Tucumán', 'San Nicolás']",2,Tucumán; San Nicolás,-32.93566819999999,-60.6711576,55.0,538.0,Municipio Rosario,Municipio,Rosario,820210,Servicio de Catastro e Información Territorial,IGN
2012,11465,2012-08-26,Domingo,0.0,08:30:00,,0.0,2,"Pickup/Utilitario,Automóvil",Av. Pte.Peron Y Av. Provincias Unidas,2,1,0,0,0,0,1,,Avenida,,ROSARIO,Rosario,Asfalto,No existe,II,Dentro,Urbana,Semáforo,Funciona,Intersección,Deteriorada,Buena,Diurna,Buen Tiempo,S/D,S/D,Colisión,S/D,Horizontal,Cordón divisorio,Sin restricción,POINT (-60.71146635 -32.9679676),"['Avenida Presidente Perón', 'Avenida Provincias Unidas']",2,Avenida Presidente Perón; Avenida Provincias Unidas,-32.9679676,-60.71146635,55.0,538.0,Municipio Rosario,Municipio,Rosario,820210,Servicio de Catastro e Información Territorial,IGN
2012,11466,2012-08-21,Martes,0.0,15:20:00,,0.0,2,"Moto/Ciclomotor,Pickup/Utilitario",Urquiza Y Crespo,2,1,0,0,1,0,0,,Calle,,ROSARIO,Rosario,Asfalto,No existe,II,S/D,Urbana,Ninguna,No existe,Otro,Bueno,Buena,Diurna,Buen Tiempo,S/D,S/D,Colisión,Otro,Faltante,Ninguna,Sin restricción,POINT (-60.6674008 -32.9375907),"['Urquiza', 'Crespo']",2,Justo José de Urquiza; Crespo,-32.9375907,-60.6674008,55.0,538.0,Municipio Rosario,Municipio,Rosario,820210,Servicio de Catastro e Información Territorial,IGN
2012,11467,2012-08-26,Domingo,0.0,13:15:00,,0.0,2,"Automóvil,Moto/Ciclomotor",Monte Flores Y Ecuador,2,1,0,0,1,0,0,,Calle,,ROSARIO,Rosario,Asfalto,No existe,II,Dentro,Urbana,Ninguna,No existe,Intersección,Bueno,Buena,Diurna,Buen Tiempo,S/D,S/D,Colisión,S/D,Faltante,Ninguna,Sin restricción,POINT (-60.71426089999999 -32.9577222),"['Monte Flores', 'Ecuador']",2,Monte Flores; Ecuador,-32.9577222,-60.71426089999999,55.0,538.0,Municipio Rosario,Municipio,Rosario,820210,Servicio de Catastro e Información Territorial,IGN
2012,11468,2012-08-04,Sabado,0.0,18:45:00,,0.0,2,"Moto/Ciclomotor,Moto/Ciclomotor",Sanchez de Loria 1367,3,2,0,0,1,0,0,,Calle,,ROSARIO,Rosario,Asfalto,S/D,II,Dentro,Urbana,S/D,S/D,Recta,S/D,Buena,Atardecer,S/D,S/D,S/D,Colisión,S/D,S/D,S/D,S/D,"-32.9266476, -60.7322378",['Sanchez De Loria 1367'],1,Sanchez De Loria 1367,-32.9266476,-60.7322378,55.0,538.0,Municipio Rosario,Municipio,Rosario,820210,Servicio de Catastro e Información Territorial,IGN
2012,11469,2012-08-19,Domingo,0.0,00:15:00,,0.0,2,"Moto/Ciclomotor,Taxi/Remis",Cafferata Y San Lorenzo,2,1,0,0,1,0,0,,Calle,,ROSARIO,Rosario,Asfalto,No existe,II,S/D,Urbana,Semáforo,Funciona,Otro,Bueno,Buena,Nocturna,Buen Tiempo,S/D,S/D,Colisión,S/D,Horizontal,Ninguna,Sin restricción,POINT (-60.6703896 -32.938265699999995),"['Cafferata', 'San Lorenzo']",2,Cafferata; San Lorenzo,-32.938265699999995,-60.6703896,55.0,538.0,Municipio Rosario,Municipio,Rosario,820210,Servicio de Catastro e Información Territorial,IGN
2012,11473,2012-08-26,Domingo,0.0,19:00:00,,0.0,2,"Peatón,Transporte de Pasajeros Urbano (> 8 asientos)",Av. Carlos Colombres Y Schweitzer,2,1,0,0,1,0,0,,Calle,,ROSARIO,Rosario,S/D,S/D,II,Dentro,Urbana,S/D,S/D,S/D,S/D,S/D,Atardecer,S/D,S/D,S/D,Atropello,S/D,S/D,S/D,S/D,POINT (-60.73053970000001 -32.913658500000004),"['José Colombres', 'Albert Schweitzer']",2,José Colombres; Albert Schweitzer,-32.913658500000004,-60.73053970000001,55.0,538.0,Municipio Rosario,Municipio,Rosario,820210,Servicio de Catastro e Información Territorial,IGN
2012,11475,2012-08-15,Miercoles,0.0,22:00:00,,0.0,2,"Automóvil,Automóvil",Pueyrredon Y Urquiza,3,1,0,0,2,0,0,,Calle,,ROSARIO,Rosario,S/D,No existe,II,S/D,Urbana,Ninguna,No existe,Recta,Bueno,Buena,Nocturna,Buen Tiempo,Otro,S/D,Colisión,Otro,Faltante,Ninguna,Sin restricción,POINT (-60.6564923 -32.9395203),"['Pueyrredón', 'Urquiza']",2,Pueyrredón; Justo José de Urquiza,-32.9395203,-60.6564923,55.0,538.0,Municipio Rosario,Municipio,Rosario,820210,Servicio de Catastro e Información Territorial,IGN
2012,11476,2012-08-25,Sabado,0.0,17:00:00,,0.0,2,"Peatón,Automóvil",Av. Santa Coloma Y Calle 1406,2,1,0,0,1,0,0,,Calle,,ROSARIO,Rosario,Asfalto,S/D,II,Dentro,Urbana,S/D,S/D,Intersección,S/D,S/D,S/D,S/D,S/D,S/D,Atropello,S/D,S/D,S/D,S/D,POINT (-60.7340603 -32.90470989999999),"['Avenida Santa Coloma', 'Pilcomayo']",2,Avenida Santa Coloma; Pilcomayo,-32.90470989999999,-60.7340603,55.0,538.0,Municipio Rosario,Municipio,Rosario,820210,Servicio de Catastro e Información Territorial,IGN
2012,11477,2012-08-01,Miercoles,0.0,05:30:00,,0.0,2,"Automóvil,Moto/Ciclomotor",Mendoza Y Av. Carlos Colombres,2,1,0,0,1,0,0,,Calle,,ROSARIO,Rosario,Asfalto,No existe,II,Dentro,Urbana,Ninguna,Funciona,Recta,Bueno,Buena,Nocturna,Buen Tiempo,Lateral,S/D,Colisión,S/D,Faltante,Barrera de hormigón,Sin restricción,POINT (-60.729335899999995 -32.940691099999995),"['Mendoza', 'José Colombres']",2,Mendoza; José Colombres,-32.940691099999995,-60.7293359,55.0,538.0,Municipio Rosario,Municipio,Rosario,820210,Servicio de Catastro e Información Territorial,IGN
2012,11478,2012-07-25,Miercoles,0.0,17:10:00,,0.0,2,"Automóvil,Moto/Ciclomotor",Av. Ovidio Lagos Y Acevedo Bis,2,1,0,0,1,0,0,,Avenida,,ROSARIO,Rosario,Asfalto,No existe,II,Dentro,Urbana,Ninguna,No existe,Intersección,Bueno,Buena,"Nocturna,Con luz artificial",Buen Tiempo,Frontal,S/D,Colisión,S/D,Faltante,Cordón divisorio,Sin restricción,POINT (-60.671599500000006 -32.9840813),"['Avenida Ovidio Lagos', 'Acevedo']",2,Avenida Ovidio Lagos; Manuel Acevedo,-32.9840813,-60.671599500000006,55.0,538.0,Municipio Rosario,Municipio,Rosario,820210,Servicio de Catastro e Información Territorial,IGN
2012,11482,2012-07-24,Martes,0.0,15:50:00,,0.0,2,"Peatón,Automóvil",Av. Francia Y Bv. Segui,2,1,0,0,0,0,1,,Avenida,,ROSARIO,Rosario,Asfalto,No existe,II,Dentro,Urbana,Ninguna,Funciona,Intersección,Bueno,Buena,Diurna,Buen Tiempo,Frontal,S/D,Atropello,S/D,Vertical,Cordón divisorio,Sin restricción,POINT (-60.673763175000005 -32.97418725),"['Avenida Francia', 'Bulevar Juan Francisco Seguí']",2,Avenida Francia; Bulevar Juan Francisco Seguí,-32.97418725,-60.673763175000005,55.0,538.0,Municipio Rosario,Municipio,Rosario,820210,Servicio de Catastro e Información Territorial,IGN
2012,11485,2012-08-11,Sabado,0.0,14:40:00,,0.0,2,"Bicicleta,Automóvil",Av. de la Costa Y Bv. Oroño,2,1,0,0,1,0,0,,Avenida,,ROSARIO,Rosario,Asfalto,No existe,II,Dentro,Urbana,S/D,No existe,Intersección,Bueno,Buena,Diurna,Buen Tiempo,Lateral,S/D,Colisión,S/D,S/D,S/D,Sin restricción,POINT (-60.650012866666664 -32.93078893333333),"['De La Costa', 'Bulevar Nicasio Oroño']",2,Avenida de la Costa Estanislao López; Bulevar Nicasio Oroño,-32.93078893333333,-60.65001286666666,55.0,538.0,Municipio Rosario,Municipio,Rosario,820210,Servicio de Catastro e Información Territorial,IGN
2012,11486,2012-07-24,Martes,0.0,14:00:00,,0.0,2,"Moto/Ciclomotor,Automóvil",Crespo Y Saavedra,2,1,0,0,1,0,0,,Calle,,ROSARIO,Rosario,Asfalto,No existe,II,Dentro,Urbana,Ninguna,No existe,Intersección,Bueno,Buena,Diurna,Buen Tiempo,Lateral,S/D,Colisión,S/D,Faltante,Ninguna,S/D,POINT (-60.6761818 -32.9725556),"['Crespo', 'Saavedra']",2,Crespo; Saavedra,-32.9725556,-60.6761818,55.0,538.0,Municipio Rosario,Municipio,Rosario,820210,Servicio de Catastro e Información Territorial,IGN
2012,11487,2012-08-02,Jueves,0.0,19:30:00,,0.0,1,Moto/Ciclomotor,Av. Circunvalacion Y Mendoza,2,2,0,0,0,0,0,,Avenida,,ROSARIO,Rosario,Asfalto,Pavimento,II,Dentro,Urbana,Ninguna,No existe,Recta,Deteriorada,Buena,Atardecer,Buen Tiempo,S/D,S/D,Caída ocupante,S/D,Horizontal,Guardarrail,Obra en Construcción,POINT (-60.72253500134355 -32.94050844672854),"['Circunvalacion', 'Mendoza']",2,Avenida de Circunvalación 25 de Mayo; Mendoza,-32.94050844672854,-60.72253500134355,55.0,538.0,Municipio Rosario,Municipio,Rosario,820210,Servicio de Catastro e Información Territorial,IGN
2012,11488,2012-08-03,Viernes,0.0,20:30:00,,0.0,2,"Moto/Ciclomotor,Bicicleta",Mitre Y Ituzaingo,2,1,0,0,1,0,0,,Calle,,ROSARIO,Rosario,Asfalto,No existe,II,S/D,Urbana,Ninguna,No existe,Intersección,Bueno,Buena,Nocturna,Buen Tiempo,S/D,S/D,Atropello,S/D,Faltante,Cordón divisorio,Sin restricción,POINT (-60.64316469999999 -32.96049219999998),"['Mitre', 'Ituzaingó']",2,Bartolomé Mitre; Ituzaingó,-32.96049219999998,-60.64316469999999,55.0,538.0,Municipio Rosario,Municipio,Rosario,820210,Servicio de Catastro e Información Territorial,IGN
2012,11492,2012-08-15,Miercoles,0.0,07:10:00,,0.0,2,"Moto/Ciclomotor,Automóvil",Torres Y Mendoza,2,0,1,0,1,0,0,,Calle,,ROSARIO,Rosario,Asfalto,Natural,II,Dentro,Urbana,Ninguna,Funciona,Recta,Con baches,Buena,Nocturna,Buen Tiempo,Lateral,S/D,Colisión,S/D,Faltante,Barrera de hormigón,Sin restricción,POINT (-60.733266400000005 -32.9401497),"['Torre Revello', 'Mendoza']",2,Torre Revello; Mendoza,-32.9401497,-60.733266400000005,55.0,538.0,Municipio Rosario,Municipio,Rosario,820210,Servicio de Catastro e Información Territorial,IGN