anio_acci,nro_acci,fecha,desc_dia,fecha_aprox,hora_aprox,desc_ruta,km,cant_participantes,desc_participante,calle_avenida_km,total,heridos_leves,heridos_graves,heridos_gravisimos,ilesos,fallecidos,sin_datos,posicion_XY,desc_tipo_via,desc_ruta_ori,desc_loc,desc_dpto,desc_tipo_calzada,desc_tipo_banquina,desc_unidad_regional,desc_lugar_calzada,desc_zona,desc_prioridad,desc_estado_semaforo,desc_lugar_via,desc_estado_via,desc_estado_visibilidad,desc_luminosidad,desc_estado_clima,desc_tipo_colision,desc_tipo_atropello,desc_tipo_hecho,desc_pres_calzada,desc_senializacion,desc_separacion_via,desc_restriccion,forma_geocod,calle_lista,numero_calles,calles_osm,lat,lon,index_right,gid,fna,gna,nam,in1,fdc,sag
2012,11493,2012-08-18,Sabado,0.0,06:45:00,,0.0,1,Moto/Ciclomotor,Mendoza Y Av. Circunvalacion,1,1,0,0,0,0,0,,Avenida,,ROSARIO,Rosario,Asfalto,Pavimento,II,Dentro,Urbana,Otra Señal,No existe,Recta,Deteriorada,Buena,Nocturna,Buen Tiempo,S/D,S/D,Caída ocupante,S/D,Horizontal,Barrera de hormigón,Obra en Construcción,POINT (-60.72253500134355 -32.94050844672854),"['Mendoza', 'Circunvalacion']",2,Mendoza; Avenida de Circunvalación 25 de Mayo,-32.94050844672854,-60.72253500134355,55.0,538.0,Municipio Rosario,Municipio,Rosario,820210,Servicio de Catastro e Información Territorial,IGN
2012,11503,2012-08-04,Sabado,0.0,08:30:00,,0.0,2,"Automóvil,Automóvil",España 441,2,1,0,0,0,0,1,,Calle,,ROSARIO,Rosario,Asfalto,Pavimento,II,Fuera,Urbana,Ninguna,No existe,Recta,Bueno,Buena,Diurna,Buen Tiempo,Frontal,S/D,Colisión,S/D,Faltante,Ninguna,Sin restricción,"-32.94078648979592, -60.64537425510204",['España 441'],1,España 441,-32.94078648979592,-60.64537425510204,55.0,538.0,Municipio Rosario,Municipio,Rosario,820210,Servicio de Catastro e Información Territorial,IGN
2012,11504,2012-08-07,Martes,0.0,07:20:00,,0.0,2,"Peatón,Camión",Salta Y Mariano Moreno,2,1,0,0,1,0,0,,Calle,,ROSARIO,Rosario,Asfalto,S/D,II,Dentro,Urbana,Ninguna,No existe,Intersección,Bueno,Buena,Diurna,Buen Tiempo,S/D,S/D,Atropello,S/D,Faltante,Ninguna,Sin restricción,POINT (-60.648842800000004 -32.937196199999995),"['Salta', 'Mariano Moreno']",2,Salta; Mariano Moreno,-32.937196199999995,-60.6488428,55.0,538.0,Municipio Rosario,Municipio,Rosario,820210,Servicio de Catastro e Información Territorial,IGN
2012,11508,2012-08-09,Jueves,0.0,16:30:00,,0.0,2,"Moto/Ciclomotor,Automóvil",Laprida 900,2,1,0,0,1,0,0,,Calle,,ROSARIO,Rosario,Asfalto,S/D,II,Dentro,Urbana,S/D,S/D,Recta,Bueno,Buena,Atardecer,S/D,Lateral,S/D,Colisión,Agua,S/D,Cordón divisorio,S/D,"-32.9484769, -60.6342753",['Laprida 900'],1,Laprida 900,-32.9484769,-60.6342753,55.0,538.0,Municipio Rosario,Municipio,Rosario,820210,Servicio de Catastro e Información Territorial,IGN
2012,11516,2012-07-16,Lunes,0.0,17:30:00,,0.0,2,"Moto/Ciclomotor,Automóvil",Biedma 1200,3,2,0,0,1,0,0,,Calle,,ROSARIO,Rosario,Asfalto,No existe,II,Dentro,Urbana,Ninguna,S/D,Intersección,S/D,S/D,Diurna,S/D,Lateral,S/D,Colisión,S/D,S/D,Ninguna,Sin restricción,"-32.9810288, -60.6485082",['Biedma 1200'],1,Biedma 1200,-32.9810288,-60.6485082,55.0,538.0,Municipio Rosario,Municipio,Rosario,820210,Servicio de Catastro e Información Territorial,IGN
2012,11517,2012-08-21,Martes,0.0,22:00:00,,0.0,2,"Automóvil,Bicicleta",Union Y Palestina,2,1,0,0,1,0,0,,Calle,,ROSARIO,Rosario,Asfalto,No existe,II,Dentro,Urbana,S/D,No existe,Intersección,Bueno,Buena,Nocturna,Buen Tiempo,Lateral,S/D,Atropello,S/D,Faltante,S/D,Sin restricción,POINT (-60.704689200000004 -32.885838299999996),"['Unión', 'Palestina']",2,Unión; Palestina,-32.8858383,-60.7046892,55.0,538.0,Municipio Rosario,Municipio,Rosario,820210,Servicio de Catastro e Información Territorial,IGN
2012,11519,2012-07-16,Lunes,0.0,16:00:00,,0.0,2,"Moto/Ciclomotor,Automóvil",Italia Y Uruguay,2,1,0,0,1,0,0,,Calle,,ROSARIO,Rosario,Asfalto,No existe,II,Dentro,Urbana,Ninguna,S/D,Intersección,S/D,S/D,Diurna,S/D,Lateral,S/D,Colisión,S/D,S/D,Ninguna,Sin restricción,POINT (-60.6555142 -32.975070099999996),"['Italia', 'Uruguay']",2,Italia; Uruguay,-32.9750701,-60.6555142,55.0,538.0,Municipio Rosario,Municipio,Rosario,820210,Servicio de Catastro e Información Territorial,IGN
2012,11520,2012-08-22,Miercoles,0.0,18:00:00,,0.0,2,"Automóvil,Transporte de Pasajeros Urbano (> 8 asientos)",Baigorria Y Pizurno,3,1,0,0,1,0,1,,Calle,,ROSARIO,Rosario,Asfalto,No existe,II,Dentro,Urbana,S/D,No existe,Intersección,Bueno,Buena,Diurna,Buen Tiempo,Lateral,S/D,Colisión,Agua,Faltante,S/D,Sin restricción,POINT (-60.7117247 -32.893769999999996),"['Baigorria', 'Pablo Pizzurno']",2,Baigorria; Pablo Pizzurno,-32.89377,-60.7117247,55.0,538.0,Municipio Rosario,Municipio,Rosario,820210,Servicio de Catastro e Información Territorial,IGN
2012,11525,2012-07-07,Sabado,0.0,19:00:00,,0.0,2,"Taxi/Remis,Transporte de Pasajeros Urbano (> 8 asientos)",Matienzo Y Amenabar,2,1,0,0,1,0,0,,Calle,,ROSARIO,Rosario,Asfalto,No existe,II,Dentro,Urbana,Ninguna,No existe,Intersección,Deteriorada,Buena,S/D,S/D,Lateral,S/D,Colisión,Otro,Faltante,Ninguna,Sin restricción,POINT (-60.6937652 -32.963511600000004),"['Matienzo', 'Amenabar']",2,Benjamín Matienzo; José de Amenábar,-32.963511600000004,-60.6937652,55.0,538.0,Municipio Rosario,Municipio,Rosario,820210,Servicio de Catastro e Información Territorial,IGN
2012,11528,2012-07-07,Sabado,0.0,10:00:00,,0.0,2,"Moto/Ciclomotor,Automóvil",Dean Funes Y Matienzo,2,1,0,0,1,0,0,,Calle,,ROSARIO,Rosario,Asfalto,No existe,II,Dentro,Urbana,Ninguna,No existe,Intersección,Deteriorada,Buena,S/D,S/D,Lateral,S/D,Colisión,Otro,Faltante,Ninguna,Sin restricción,POINT (-60.69364360000001 -32.9669714),"['Deán Gregorio Funes', 'Matienzo']",2,Deán Gregorio Funes; Benjamín Matienzo,-32.9669714,-60.69364360000001,55.0,538.0,Municipio Rosario,Municipio,Rosario,820210,Servicio de Catastro e Información Territorial,IGN
2012,11532,2012-07-16,Lunes,0.0,07:30:00,,0.0,2,"Moto/Ciclomotor,Automóvil",Bv. Segui Y Pte.Roca,2,1,0,0,0,0,1,,Avenida,,ROSARIO,Rosario,Asfalto,No existe,II,Dentro,Urbana,Ninguna,S/D,Intersección,S/D,S/D,Diurna,S/D,Lateral,S/D,Colisión,S/D,S/D,Ninguna,Sin restricción,POINT (-60.653334750000006 -32.97782885),"['Bulevar Juan Francisco Seguí', 'Roca']",2,Bulevar Juan Francisco Seguí; Presidente Roca,-32.97782885,-60.653334750000006,55.0,538.0,Municipio Rosario,Municipio,Rosario,820210,Servicio de Catastro e Información Territorial,IGN
2012,11533,2012-07-07,Sabado,0.0,19:30:00,,0.0,2,"Moto/Ciclomotor,Moto/Ciclomotor",Roullon 4200,2,1,0,0,1,0,0,,Calle,,ROSARIO,Rosario,Asfalto,No existe,II,Dentro,Urbana,Ninguna,No existe,Intersección,Deteriorada,Buena,S/D,S/D,Lateral,S/D,Colisión,Otro,Faltante,Ninguna,Sin restricción,"-32.9246209, -60.7028801",['Alfredo Rouillón 4200'],1,Alfredo Rouillón 4200,-32.9246209,-60.7028801,55.0,538.0,Municipio Rosario,Municipio,Rosario,820210,Servicio de Catastro e Información Territorial,IGN
2012,11537,2012-07-17,Martes,0.0,16:30:00,,0.0,2,"Moto/Ciclomotor,Automóvil",Bv. Segui Y Mitre,2,1,0,0,1,0,0,,Avenida,,ROSARIO,Rosario,Asfalto,No existe,II,Dentro,Urbana,Ninguna,S/D,Intersección,S/D,S/D,Atardecer,S/D,Lateral,S/D,Colisión,S/D,S/D,Ninguna,Sin restricción,POINT (-60.6477426 -32.97883275),"['Bulevar Juan Francisco Seguí', 'Mitre']",2,Bulevar Juan Francisco Seguí; Bartolomé Mitre,-32.97883275,-60.6477426,55.0,538.0,Municipio Rosario,Municipio,Rosario,820210,Servicio de Catastro e Información Territorial,IGN
2012,11541,2012-07-17,Martes,0.0,,,0.0,2,"Bicicleta,Moto/Ciclomotor",Italia Y Pte.Quintana,2,1,0,0,0,0,1,,Calle,,ROSARIO,Rosario,Asfalto,No existe,II,Dentro,Urbana,Ninguna,S/D,Intersección,S/D,S/D,S/D,S/D,S/D,S/D,Atropello,S/D,S/D,Ninguna,Sin restricción,POINT (-60.65696839999999 -32.98078629999999),"['Italia', 'Quintana']",2,"('Italia', 'Presidente Quintana')",-32.98078629999999,-60.65696839999999,55.0,538.0,Municipio Rosario,Municipio,Rosario,820210,Servicio de Catastro e Información Territorial,IGN
2012,11543,2012-07-17,Martes,0.0,13:30:00,,0.0,2,"Moto/Ciclomotor,Automóvil",Gaboto 1200,2,1,0,0,1,0,0,,Calle,,ROSARIO,Rosario,Asfalto,No existe,II,Dentro,Urbana,S/D,S/D,Intersección,S/D,S/D,Diurna,S/D,Lateral,S/D,Colisión,S/D,S/D,Ninguna,Sin restricción,"-32.9730774, -60.6461497",['Gaboto 1200'],1,Gaboto 1200,-32.9730774,-60.6461497,55.0,538.0,Municipio Rosario,Municipio,Rosario,820210,Servicio de Catastro e Información Territorial,IGN
2012,11556,2012-07-08,Domingo,0.0,16:00:00,,0.0,2,"Peatón,Moto/Ciclomotor",Dean Funes Y Tte.Agneta,2,1,0,0,1,0,0,,Calle,,ROSARIO,Rosario,Asfalto,No existe,II,Dentro,Urbana,Ninguna,No existe,Intersección,Deteriorada,Buena,S/D,S/D,Lateral,S/D,"Colisión,Atropello",Otro,Faltante,Ninguna,Sin restricción,POINT (-60.6987794 -32.9671084),"['Deán Gregorio Funes', 'Teniente Agneta']",2,Deán Gregorio Funes; Teniente Agneta,-32.9671084,-60.6987794,55.0,538.0,Municipio Rosario,Municipio,Rosario,820210,Servicio de Catastro e Información Territorial,IGN
2012,11559,2012-07-17,Martes,0.0,13:00:00,,0.0,1,Camión,Av. Uriburu Y San Martin,2,1,0,0,1,0,0,,Avenida,,ROSARIO,Rosario,Asfalto,No existe,II,Dentro,Urbana,Ninguna,Funciona,Intersección,Bueno,S/D,Diurna,S/D,S/D,S/D,Atropello,S/D,S/D,Ninguna,Sin restricción,POINT (-60.646703949999996 -32.99069289999999),"['Uriburu', 'San Martin']",2,Avenida José Uriburu; José de San Martín,-32.99069289999999,-60.64670395,55.0,538.0,Municipio Rosario,Municipio,Rosario,820210,Servicio de Catastro e Información Territorial,IGN
2012,11560,2012-07-09,Lunes,0.0,11:00:00,,0.0,2,"Automóvil,Pickup/Utilitario",Roullon Y Garay,2,1,0,0,1,0,0,,Calle,,ROSARIO,Rosario,Asfalto,No existe,II,Dentro,Urbana,Ninguna,No existe,Intersección,Deteriorada,Buena,S/D,S/D,Lateral,S/D,Colisión,Otro,Faltante,Ninguna,Sin restricción,POINT (-60.70124534999999 -32.96601455),"['Alfredo Rouillón', 'Garay']",2,Alfredo Rouillón; Juan de Garay,-32.96601455,-60.70124534999999,55.0,538.0,Municipio Rosario,Municipio,Rosario,820210,Servicio de Catastro e Información Territorial,IGN
2012,11563,2012-07-18,Miercoles,0.0,14:20:00,,0.0,2,"Moto/Ciclomotor,Taxi/Remis",Bv. Oroño Y Av. Uriburu,3,2,0,0,1,0,0,,Avenida,,ROSARIO,Rosario,Asfalto,Pavimento,II,Dentro,Urbana,Semáforo,Funciona,Intersección,Bueno,Buena,Diurna,S/D,Lateral,S/D,Colisión,S/D,S/D,Cordón divisorio,Sin restricción,POINT (-60.665160500000006 -32.99123049999999),"['Bulevar Nicasio Oroño', 'Uriburu']",2,Bulevar Nicasio Oroño; Avenida José Uriburu,-32.99123049999999,-60.665160500000006,55.0,538.0,Municipio Rosario,Municipio,Rosario,820210,Servicio de Catastro e Información Territorial,IGN
2012,11574,2012-02-05,Domingo,0.0,,,0.0,2,"Peatón,Automóvil",Av. Francia Y Montevideo,2,0,0,0,1,1,0,,Avenida,,ROSARIO,Rosario,Asfalto,Pavimento,II,Dentro,Urbana,Semáforo,Funciona,Intersección,Bueno,Buena,Diurna,Buen Tiempo,S/D,S/D,Atropello,S/D,S/D,Ninguna,Sin restricción,POINT (-60.66796585 -32.95125175),"['Avenida Francia', 'Montevideo']",2,Avenida Francia; Montevideo,-32.95125175,-60.66796585,55.0,538.0,Municipio Rosario,Municipio,Rosario,820210,Servicio de Catastro e Información Territorial,IGN
2012,11575,2012-02-09,Jueves,0.0,13:00:00,,0.0,2,"Moto/Ciclomotor,Automóvil",Italia Y Pte.Quintana,3,2,0,0,0,1,0,,Calle,,ROSARIO,Rosario,Asfalto,No existe,II,Dentro,Urbana,S/D,No existe,Intersección,S/D,Buena,Diurna,S/D,Lateral,S/D,Colisión,S/D,S/D,Ninguna,Sin restricción,POINT (-60.65696839999999 -32.98078629999999),"['Italia', 'Quintana']",2,"('Italia', 'Presidente Quintana')",-32.98078629999999,-60.65696839999999,55.0,538.0,Municipio Rosario,Municipio,Rosario,820210,Servicio de Catastro e Información Territorial,IGN
2012,11576,2012-02-11,Sabado,0.0,23:00:00,,0.0,2,"Moto/Ciclomotor,Automóvil",Mitre 600,2,0,0,0,0,1,1,,Calle,,ROSARIO,Rosario,Asfalto,No existe,II,Dentro,Urbana,Semáforo,Funciona,Intersección,Bueno,Buena,"Nocturna,Con luz artificial",Buen Tiempo,Lateral,S/D,Colisión,S/D,S/D,Ninguna,Sin restricción,"-32.9437802, -60.6390408",['Mitre 600'],1,Mitre 600,-32.9437802,-60.6390408,55.0,538.0,Municipio Rosario,Municipio,Rosario,820210,Servicio de Catastro e Información Territorial,IGN
2012,11594,2012-06-21,Jueves,0.0,15:30:00,,0.0,1,,Amenabar Y 1 de Mayo,3,2,0,0,1,0,0,,Calle,,ROSARIO,Rosario,Asfalto,No existe,II,Dentro,Urbana,Marca Vial,No existe,Intersección,Bueno,Buena,Diurna,Buen Tiempo,Frontal,S/D,Colisión,Otro,Vertical,Ninguna,Sin restricción,POINT (-60.636153699999994 -32.9737473),"['Amenabar', 'Primero de Mayo']",2,José de Amenábar; Primero de Mayo,-32.9737473,-60.6361537,55.0,538.0,Municipio Rosario,Municipio,Rosario,820210,Servicio de Catastro e Información Territorial,IGN
2012,11596,2012-07-16,Lunes,0.0,23:30:00,,0.0,3,"Automóvil,Automóvil,Automóvil",Bv. Segui Y F.More,3,2,0,0,1,0,0,,Avenida,,ROSARIO,Rosario,Asfalto,No existe,II,Dentro,Urbana,Semáforo,Funciona,Intersección,Deteriorada,Buena,S/D,S/D,Lateral,S/D,Colisión,S/D,Vertical,Ninguna,Sin restricción,POINT (-60.6925779 -32.9705265),"['Bulevar Juan Francisco Seguí', 'Felipe Moré']",2,Bulevar Juan Francisco Seguí; Felipe Moré,-32.9705265,-60.6925779,55.0,538.0,Municipio Rosario,Municipio,Rosario,820210,Servicio de Catastro e Información Territorial,IGN
2012,11598,2012-06-21,Jueves,0.0,15:30:00,,0.0,2,"Moto/Ciclomotor,Automóvil",Amenabar Y 1 de Mayo,3,2,0,0,1,0,0,,Calle,,ROSARIO,Rosario,Asfalto,No existe,II,Dentro,Urbana,Marca Vial,No existe,Intersección,Bueno,Buena,Diurna,Buen Tiempo,Frontal,S/D,Colisión,Otro,Vertical,Ninguna,Sin restricción,POINT (-60.636153699999994 -32.9737473),"['Amenabar', 'Primero de Mayo']",2,José de Amenábar; Primero de Mayo,-32.9737473,-60.6361537,55.0,538.0,Municipio Rosario,Municipio,Rosario,820210,Servicio de Catastro e Información Territorial,IGN
2012,11600,2012-07-16,Lunes,0.0,23:30:00,,0.0,1,Automóvil,Bv. Segui Y F.More,3,2,0,0,1,0,0,,Avenida,,ROSARIO,Rosario,Asfalto,No existe,II,Dentro,Urbana,Semáforo,Funciona,Intersección,Deteriorada,Buena,S/D,S/D,Lateral,S/D,Colisión,S/D,Vertical,Ninguna,Sin restricción,POINT (-60.6925779 -32.9705265),"['Bulevar Juan Francisco Seguí', 'Felipe Moré']",2,Bulevar Juan Francisco Seguí; Felipe Moré,-32.9705265,-60.6925779,55.0,538.0,Municipio Rosario,Municipio,Rosario,820210,Servicio de Catastro e Información Territorial,IGN
2012,11601,2012-06-20,Miercoles,0.0,15:30:00,,0.0,2,"Automóvil,Pickup/Utilitario",Biedma Y L.N.Alem,3,2,0,0,1,0,0,,Calle,,ROSARIO,Rosario,Asfalto,No existe,II,Dentro,Urbana,Marca Vial,No existe,Intersección,Bueno,Buena,Diurna,Buen Tiempo,Otro,S/D,Colisión,S/D,Vertical,Ninguna,Sin restricción,POINT (-60.637076300000004 -32.9831384),"['Coronel Biedma', 'Alem']",2,Coronel Biedma; Leandro N. Alem,-32.9831384,-60.6370763,55.0,538.0,Municipio Rosario,Municipio,Rosario,820210,Servicio de Catastro e Información Territorial,IGN
2012,11603,2012-07-23,Lunes,0.0,17:30:00,,0.0,2,"Automóvil,Camión",Gaboto Y Camilo Aldao,4,2,0,0,2,0,0,,Calle,,ROSARIO,Rosario,Asfalto,No existe,II,Dentro,Urbana,Ninguna,No existe,Intersección,Deteriorada,Buena,S/D,S/D,Lateral,S/D,Colisión,Otro,Faltante,Ninguna,Sin restricción,POINT (-60.6950192 -32.9646765),"['Gaboto', 'Camilo Aldao']",2,Gaboto; Camilo Aldao,-32.9646765,-60.6950192,55.0,538.0,Municipio Rosario,Municipio,Rosario,820210,Servicio de Catastro e Información Territorial,IGN
2012,11606,2012-07-07,Sabado,0.0,15:00:00,,0.0,2,"Automóvil,Moto/Ciclomotor",JAURECHE  Y BENITEZ,2,1,0,0,1,0,0,,Calle,,ROSARIO,Rosario,Asfalto,Natural,II,Dentro,Urbana,S/D,S/D,Intersección,Deteriorada,Buena,Diurna,S/D,Lateral,S/D,Colisión,S/D,Faltante,S/D,S/D,POINT (-60.7201314 -32.9682423),"['Arturo Jauretche', 'Benitez']",2,Arturo Jauretche; Benitez,-32.9682423,-60.7201314,55.0,538.0,Municipio Rosario,Municipio,Rosario,820210,Servicio de Catastro e Información Territorial,IGN
2012,11607,2012-06-19,Martes,0.0,13:15:00,,0.0,2,"Moto/Ciclomotor,Pickup/Utilitario",Dean Funes Y San Martin,3,2,0,0,1,0,0,,Calle,,ROSARIO,Rosario,Asfalto,No existe,II,Dentro,Urbana,S/D,No existe,Intersección,Bueno,Buena,Diurna,Buen Tiempo,Otro,S/D,Colisión,Otro,Vertical,Línea divisoria pintada,Sin restricción,POINT (-60.6440372 -32.97592170000001),"['Deán Gregorio Funes', 'San Martin']",2,Deán Gregorio Funes; José de San Martín,-32.97592170000001,-60.6440372,55.0,538.0,Municipio Rosario,Municipio,Rosario,820210,Servicio de Catastro e Información Territorial,IGN
2012,11609,2012-07-02,Lunes,0.0,06:00:00,,0.0,2,"Moto/Ciclomotor,Automóvil",Donado Y Martinez Estrada,2,1,0,0,1,0,0,,Calle,,ROSARIO,Rosario,Asfalto,S/D,II,Dentro,Urbana,S/D,S/D,Recta,Resbaladiza,Buena,S/D,S/D,S/D,S/D,Colisión,Otro,S/D,Ninguna,S/D,POINT (-60.72830845 -32.91112455),"['Donado', 'Martinez Estrada']",2,José Agustín Donado; Martinez Estrada,-32.91112455,-60.72830845,55.0,538.0,Municipio Rosario,Municipio,Rosario,820210,Servicio de Catastro e Información Territorial,IGN
2012,11612,2012-07-20,Viernes,0.0,22:50:00,,0.0,2,"Taxi/Remis,Taxi/Remis",Bv. Segui Y Sarmiento,4,2,0,0,1,0,1,,Avenida,,ROSARIO,Rosario,Asfalto,Pavimento,II,Dentro,Urbana,Ninguna,No existe,Intersección,Bueno,Buena,Nocturna,S/D,Lateral,S/D,Colisión,S/D,S/D,Cordón divisorio,Sin restricción,POINT (-60.64638135 -32.9790819),"['Bulevar Juan Francisco Seguí', 'Sarmiento']",2,Bulevar Juan Francisco Seguí; Sarmiento,-32.9790819,-60.64638135,55.0,538.0,Municipio Rosario,Municipio,Rosario,820210,Servicio de Catastro e Información Territorial,IGN
2012,11615,2012-07-04,Miercoles,0.0,02:45:00,,0.0,2,"Pickup/Utilitario,Automóvil",25 DE MAYO  Y AV. JORGE NEWBERY ,4,2,0,0,2,0,0,,Avenida,,ROSARIO,Rosario,Asfalto,S/D,II,Dentro,Urbana,S/D,S/D,Intersección,Bueno,Buena,S/D,S/D,S/D,S/D,Colisión,S/D,S/D,Ninguna,S/D,POINT (-60.72420769617581 -32.90836527388017),"['25 de Mayo', 'Jorge Newbery']",2,Avenida de Circunvalación 25 de Mayo; Avenida Jorge Newbery,-32.90836527388017,-60.72420769617581,55.0,538.0,Municipio Rosario,Municipio,Rosario,820210,Servicio de Catastro e Información Territorial,IGN
2012,11617,2012-06-18,Lunes,0.0,14:30:00,,0.0,2,"Moto/Ciclomotor,Automóvil",Laprida Y Centeno,2,1,0,0,1,0,0,,Calle,,ROSARIO,Rosario,Asfalto,No existe,II,Dentro,Urbana,Marca Vial,No existe,Intersección,Bueno,Buena,Diurna,Buen Tiempo,Lateral,S/D,Colisión,Otro,Vertical,Ninguna,Sin restricción,POINT (-60.6438778 -32.98552210000001),"['Laprida', 'Centeno']",2,Francisco Narciso Laprida; Coronel Centeno,-32.98552210000001,-60.6438778,55.0,538.0,Municipio Rosario,Municipio,Rosario,820210,Servicio de Catastro e Información Territorial,IGN
2012,11618,2012-06-19,Martes,0.0,20:30:00,,0.0,2,"Moto/Ciclomotor,Automóvil",Paraguay Y Centeno,3,2,0,0,1,0,0,,Calle,,ROSARIO,Rosario,Asfalto,No existe,II,Dentro,Urbana,Ninguna,S/D,Intersección,S/D,S/D,Nocturna,S/D,Lateral,S/D,Colisión,S/D,S/D,Ninguna,Sin restricción,POINT (-60.6534082 -32.9838189),"['Paraguay', 'Centeno']",2,Paraguay; Coronel Centeno,-32.9838189,-60.6534082,55.0,538.0,Municipio Rosario,Municipio,Rosario,820210,Servicio de Catastro e Información Territorial,IGN
2012,11620,2012-06-18,Lunes,0.0,09:30:00,,0.0,2,"Automóvil,Moto/Ciclomotor",San Martin 5200,2,1,0,0,1,0,0,,Avenida,,ROSARIO,Rosario,Asfalto,No existe,II,Dentro,Urbana,Ninguna,S/D,Intersección,S/D,S/D,Diurna,S/D,Lateral,S/D,Colisión,S/D,S/D,Ninguna,Sin restricción,"-32.9764777, -60.6372639",['San Martin 5200'],1,San Martin 5200,-32.9764777,-60.6372639,55.0,538.0,Municipio Rosario,Municipio,Rosario,820210,Servicio de Catastro e Información Territorial,IGN
2012,11621,2012-07-19,Jueves,0.0,16:45:00,,0.0,2,"Moto/Ciclomotor,Automóvil",WILDE Y J.B JUSTO ,4,1,1,0,2,0,0,,Calle,,ROSARIO,Rosario,Asfalto,S/D,II,Dentro,Urbana,S/D,S/D,Intersección,S/D,Buena,Diurna,S/D,S/D,S/D,Colisión,S/D,S/D,S/D,S/D,POINT (-60.7386835 -32.934138000000004),"['Bulevar Wilde', 'Justo']",2,"('Bulevar Wilde', 'Justo José de Urquiza')",-32.934138000000004,-60.7386835,55.0,538.0,Municipio Rosario,Municipio,Rosario,820210,Servicio de Catastro e Información Territorial,IGN
2012,11624,2012-06-21,Jueves,0.0,12:40:00,,0.0,2,"Automóvil,Moto/Ciclomotor",Paraguay Y Av. Uriburu,3,2,0,0,1,0,0,,Avenida,,ROSARIO,Rosario,Asfalto,No existe,II,Dentro,Urbana,Ninguna,S/D,Intersección,S/D,S/D,S/D,S/D,Lateral,S/D,Colisión,S/D,S/D,Ninguna,Sin restricción,POINT (-60.655215850000005 -32.990962749999994),"['Paraguay', 'Uriburu']",2,Paraguay; Avenida José Uriburu,-32.990962749999994,-60.655215850000005,55.0,538.0,Municipio Rosario,Municipio,Rosario,820210,Servicio de Catastro e Información Territorial,IGN
2012,11625,2012-07-20,Viernes,0.0,14:00:00,,0.0,2,"Bicicleta,Automóvil",J.B. JUSTO  Y 25 DE MAYO ,2,1,0,0,1,0,0,,Calle,,ROSARIO,Rosario,S/D,S/D,II,Dentro,Urbana,S/D,S/D,S/D,S/D,S/D,Diurna,S/D,S/D,S/D,Atropello,S/D,S/D,S/D,S/D,POINT (-60.72395654453496 -32.91522030000024),"['Justo', '25 de Mayo']",2,Justo José de Urquiza; Avenida de Circunvalación 25 de Mayo,-32.91522030000024,-60.72395654453496,55.0,538.0,Municipio Rosario,Municipio,Rosario,820210,Servicio de Catastro e Información Territorial,IGN
2012,11626,2012-07-16,Lunes,0.0,10:20:00,,0.0,2,"Peatón,Automóvil",Roullon Y Dr.Maradona,2,2,0,0,0,0,0,,Calle,,ROSARIO,Rosario,Asfalto,No existe,II,Dentro,Urbana,Ninguna,No existe,Intersección,Deteriorada,Buena,S/D,S/D,Lateral,S/D,"Colisión,Atropello",S/D,Faltante,Ninguna,S/D,POINT (-60.700734100000005 -32.9796357),"['Alfredo Rouillón', 'Doctor Maradona']",2,Alfredo Rouillón; Doctor Maradona,-32.9796357,-60.700734100000005,55.0,538.0,Municipio Rosario,Municipio,Rosario,820210,Servicio de Catastro e Información Territorial,IGN
2012,11628,2012-06-22,Viernes,0.0,18:30:00,,0.0,2,"Peatón,Automóvil",Av. Corrientes Y Pte.Quintana,2,1,0,0,1,0,0,,Calle,,ROSARIO,Rosario,Asfalto,No existe,II,Dentro,Urbana,Ninguna,S/D,Intersección,S/D,S/D,Atardecer,S/D,S/D,S/D,Atropello,S/D,S/D,Ninguna,Sin restricción,POINT (-60.6514813 -32.9817689),"['Corrientes', 'Quintana']",2,"('Corrientes', 'Presidente Quintana')",-32.9817689,-60.6514813,55.0,538.0,Municipio Rosario,Municipio,Rosario,820210,Servicio de Catastro e Información Territorial,IGN
2012,11631,2012-06-22,Viernes,0.0,09:25:00,,0.0,2,"Moto/Ciclomotor,Automóvil",Bv. Segui Y Entre Rios,3,1,0,0,1,0,1,,Avenida,,ROSARIO,Rosario,Asfalto,No existe,II,Dentro,Urbana,Ninguna,S/D,Intersección,S/D,S/D,Diurna,S/D,Lateral,S/D,Colisión,S/D,S/D,Ninguna,Sin restricción,POINT (-60.6491681 -32.97857979999999),"['Bulevar Juan Francisco Seguí', 'Entre Ríos']",2,Bulevar Juan Francisco Seguí; Entre Ríos,-32.97857979999999,-60.6491681,55.0,538.0,Municipio Rosario,Municipio,Rosario,820210,Servicio de Catastro e Información Territorial,IGN