anio_acci,nro_acci,fecha,desc_dia,fecha_aprox,hora_aprox,desc_ruta,km,cant_participantes,desc_participante,calle_avenida_km,total,heridos_leves,heridos_graves,heridos_gravisimos,ilesos,fallecidos,sin_datos,posicion_XY,desc_tipo_via,desc_ruta_ori,desc_loc,desc_dpto,desc_tipo_calzada,desc_tipo_banquina,desc_unidad_regional,desc_lugar_calzada,desc_zona,desc_prioridad,desc_estado_semaforo,desc_lugar_via,desc_estado_via,desc_estado_visibilidad,desc_luminosidad,desc_estado_clima,desc_tipo_colision,desc_tipo_atropello,desc_tipo_hecho,desc_pres_calzada,desc_senializacion,desc_separacion_via,desc_restriccion,forma_geocod,calle_lista,numero_calles,calles_osm,lat,lon,index_right,gid,fna,gna,nam,in1,fdc,sag
2012,11632,2012-07-17,Martes,0.0,10:50:00,,0.0,2,"Peatón,Moto/Ciclomotor",Matienzo Y Uruguay,2,1,0,0,1,0,0,,Calle,,ROSARIO,Rosario,Asfalto,No existe,II,Dentro,Urbana,Ninguna,No existe,Intersección,Deteriorada,Buena,S/D,S/D,Lateral,S/D,Atropello,Otro,Faltante,Ninguna,Sin restricción,POINT (-60.6936023 -32.9681451),"['Matienzo', 'Uruguay']",2,Benjamín Matienzo; Uruguay,-32.9681451,-60.6936023,55.0,538.0,Municipio Rosario,Municipio,Rosario,820210,Servicio de Catastro e Información Territorial,IGN
2012,11638,2012-06-22,Viernes,0.0,,,0.0,2,"Automóvil,Automóvil",24 De Setiembre Y Sarmiento,2,1,0,0,1,0,0,,Calle,,ROSARIO,Rosario,Asfalto,No existe,II,Dentro,Urbana,Ninguna,S/D,Intersección,S/D,S/D,S/D,S/D,Lateral,S/D,Colisión,S/D,S/D,Ninguna,Sin restricción,POINT (-60.6466689 -32.9802135),"['24 de Septiembre', 'Sarmiento']",2,24 de Septiembre; Sarmiento,-32.9802135,-60.6466689,55.0,538.0,Municipio Rosario,Municipio,Rosario,820210,Servicio de Catastro e Información Territorial,IGN
2012,11639,2012-06-16,Sabado,0.0,00:35:00,,0.0,2,"Moto/Ciclomotor,Automóvil",Lamadrid Y Dorrego,2,1,0,0,1,0,0,,Calle,,ROSARIO,Rosario,Asfalto,Pavimento,II,Dentro,Urbana,S/D,S/D,Recta,Bueno,Buena,Nocturna,Buen Tiempo,Frontal,S/D,Colisión,S/D,S/D,Ninguna,S/D,POINT (-60.6607229 -32.9974771),"['Lamadrid', 'Dorrego']",2,Gregorio Aráoz de Lamadrid; Manuel Dorrego,-32.9974771,-60.6607229,55.0,538.0,Municipio Rosario,Municipio,Rosario,820210,Servicio de Catastro e Información Territorial,IGN
2012,11641,2012-06-24,Domingo,0.0,03:45:00,,0.0,2,"Automóvil,Moto/Ciclomotor",Bv. Oroño Y Coulin,2,1,0,0,1,0,0,,Calle,,ROSARIO,Rosario,Asfalto,No existe,II,Dentro,Urbana,Ninguna,S/D,Intersección,S/D,S/D,Nocturna,S/D,Lateral,S/D,Colisión,S/D,S/D,Ninguna,Sin restricción,POINT (-60.6646975 -32.98902485),"['Bulevar Nicasio Oroño', 'Coulin']",2,Bulevar Nicasio Oroño; Coulin,-32.98902485,-60.6646975,55.0,538.0,Municipio Rosario,Municipio,Rosario,820210,Servicio de Catastro e Información Territorial,IGN
2012,11643,2012-07-26,Jueves,0.0,14:05:00,,0.0,2,"Automóvil,Moto/Ciclomotor",MENDOZA  Y REVIGÑANI ,2,1,0,0,1,0,0,,Calle,,ROSARIO,Rosario,Asfalto,No existe,II,Dentro,Urbana,Ninguna,Funciona,Recta,Bueno,Buena,Diurna,Buen Tiempo,Otro,S/D,Colisión,S/D,S/D,Línea divisoria pintada,Sin restricción,POINT (-60.72619850000001 -32.940656999999995),"['Mendoza', 'Ravignani']",2,Mendoza; Ravignani,-32.940656999999995,-60.72619850000001,55.0,538.0,Municipio Rosario,Municipio,Rosario,820210,Servicio de Catastro e Información Territorial,IGN
2012,11644,2012-07-19,Jueves,0.0,23:00:00,,0.0,2,"Moto/Ciclomotor,Automóvil",Gaboto Y Camilo Aldao,2,1,0,0,1,0,0,,Calle,,ROSARIO,Rosario,Asfalto,No existe,II,Dentro,Urbana,Ninguna,No existe,Intersección,Deteriorada,Buena,S/D,S/D,Lateral,S/D,Colisión,Otro,Faltante,Ninguna,Sin restricción,POINT (-60.6950192 -32.9646765),"['Gaboto', 'Camilo Aldao']",2,Gaboto; Camilo Aldao,-32.9646765,-60.6950192,55.0,538.0,Municipio Rosario,Municipio,Rosario,820210,Servicio de Catastro e Información Territorial,IGN
2012,11645,2012-07-22,Domingo,0.0,20:00:00,,0.0,1,,Godoy Cruz Y Roullon,2,1,0,0,1,0,0,,Calle,,ROSARIO,Rosario,Asfalto,No existe,II,Dentro,Urbana,Semáforo,No existe,Intersección,Deteriorada,S/D,S/D,S/D,Lateral,S/D,Colisión,S/D,S/D,Ninguna,Sin restricción,POINT (-60.701373475000004 -32.96289577499999),"['Avenida Presidente Perón', 'Alfredo Rouillón']",2,Avenida Presidente Perón; Alfredo Rouillón,-32.96289577499999,-60.701373475,55.0,538.0,Municipio Rosario,Municipio,Rosario,820210,Servicio de Catastro e Información Territorial,IGN
2012,11661,2012-03-18,Domingo,0.0,,,0.0,2,"Moto/Ciclomotor,Otros",Av. Provincias Unidas Y Riobamba,2,0,0,0,1,1,0,,Avenida,,ROSARIO,Rosario,Asfalto,No existe,II,Dentro,Urbana,S/D,S/D,Intersección,Bueno,S/D,S/D,S/D,S/D,S/D,Colisión,S/D,S/D,Cordón divisorio,S/D,POINT (-60.712006800000005 -32.954541049999996),"['Avenida Provincias Unidas', 'Riobamba']",2,Avenida Provincias Unidas; Riobamba,-32.95454105,-60.712006800000005,55.0,538.0,Municipio Rosario,Municipio,Rosario,820210,Servicio de Catastro e Información Territorial,IGN
2012,11662,2012-03-19,Lunes,0.0,07:30:00,,0.0,2,"Moto/Ciclomotor,Automóvil",Sarratea Bis Y Jose Ingenieros,2,0,0,0,1,1,0,,Calle,,ROSARIO,Rosario,Asfalto,No existe,II,Dentro,Urbana,Ninguna,No existe,Recta,Bueno,Buena,Diurna,Buen Tiempo,Frontal,S/D,Colisión,S/D,Horizontal,Ninguna,Sin restricción,POINT (-60.741484500000006 -32.91786100000001),"['Sarratea', 'José Ingenieros']",2,Sarratea; José Ingenieros,-32.91786100000001,-60.741484500000006,55.0,538.0,Municipio Rosario,Municipio,Rosario,820210,Servicio de Catastro e Información Territorial,IGN
2012,11663,2012-07-22,Domingo,0.0,12:30:00,,0.0,2,"Moto/Ciclomotor,Moto/Ciclomotor",BV. SEGUI Y ESPINILLO,2,2,0,0,0,0,0,,Avenida,,ROSARIO,Rosario,Asfalto,No existe,II,Dentro,Urbana,Ninguna,No existe,Intersección,Deteriorada,Buena,S/D,S/D,Lateral,S/D,Colisión,Otro,Faltante,Ninguna,Sin restricción,POINT (-60.69908875 -32.970709400000004),"['Bulevar Juan Francisco Seguí', 'Espinillo']",2,Bulevar Juan Francisco Seguí; Espinillo,-32.970709400000004,-60.69908875,55.0,538.0,Municipio Rosario,Municipio,Rosario,820210,Servicio de Catastro e Información Territorial,IGN
2012,11664,2012-06-25,Lunes,0.0,16:10:00,,0.0,2,"Automóvil,Automóvil",Italia Y Garibaldi,2,1,0,0,1,0,0,,Calle,,ROSARIO,Rosario,Asfalto,No existe,II,Dentro,Urbana,Ninguna,S/D,Intersección,S/D,S/D,Diurna,S/D,Lateral,S/D,Colisión,S/D,S/D,Ninguna,Sin restricción,POINT (-60.6578124 -32.9842508),"['Italia', 'José Garibaldi']",2,Italia; José Garibaldi,-32.9842508,-60.6578124,55.0,538.0,Municipio Rosario,Municipio,Rosario,820210,Servicio de Catastro e Información Territorial,IGN
2012,11669,2012-06-29,Viernes,0.0,11:00:00,,0.0,2,"Bicicleta,Moto/Ciclomotor",Av. Uriburu Y Pueyrredon,2,1,0,0,1,0,0,,Avenida,,ROSARIO,Rosario,Asfalto,No existe,II,Dentro,Urbana,Ninguna,S/D,Intersección,S/D,S/D,Diurna,S/D,Lateral,S/D,Colisión,S/D,S/D,Ninguna,Sin restricción,POINT (-60.66954815 -32.991416199999996),"['Uriburu', 'Pueyrredón']",2,Avenida José Uriburu; Pueyrredón,-32.9914162,-60.66954815,55.0,538.0,Municipio Rosario,Municipio,Rosario,820210,Servicio de Catastro e Información Territorial,IGN
2012,11670,2012-06-16,Sabado,0.0,13:30:00,,0.0,2,"Moto/Ciclomotor,Cuatriciclo",Av. Arijon Y Pueyrredon,3,1,0,0,2,0,0,,Calle,,ROSARIO,Rosario,Asfalto,S/D,II,Dentro,Urbana,S/D,S/D,Recta,Bueno,Buena,Diurna,Buen Tiempo,Frontal,S/D,Colisión,S/D,S/D,S/D,S/D,POINT (-60.6690932 -33.0036395),"['Avenida Manuel Arijón', 'Pueyrredón']",2,Avenida Manuel Arijón; Pueyrredón,-33.0036395,-60.6690932,55.0,538.0,Municipio Rosario,Municipio,Rosario,820210,Servicio de Catastro e Información Territorial,IGN
2012,11671,2012-06-29,Viernes,0.0,12:30:00,,0.0,2,"Automóvil,Automóvil",Av. Uriburu Y Pte.Roca,3,1,0,0,2,0,0,,Avenida,,ROSARIO,Rosario,Asfalto,No existe,II,Dentro,Urbana,Ninguna,S/D,Intersección,S/D,S/D,Diurna,S/D,Lateral,S/D,Colisión,S/D,S/D,Ninguna,Sin restricción,POINT (-60.65665205 -32.9910065),"['Uriburu', 'Roca']",2,Avenida José Uriburu; Presidente Roca,-32.9910065,-60.65665205,55.0,538.0,Municipio Rosario,Municipio,Rosario,820210,Servicio de Catastro e Información Territorial,IGN
2012,11676,2012-06-29,Viernes,1.0,05:30:00,,0.0,2,"Bicicleta,Taxi/Remis",Bv. Segui Y Mitre,2,1,0,0,1,0,0,,Calle,,ROSARIO,Rosario,Asfalto,No existe,II,Dentro,Urbana,Ninguna,S/D,Intersección,S/D,S/D,Amanecer,S/D,S/D,S/D,Atropello,S/D,S/D,Ninguna,Sin restricción,POINT (-60.6477426 -32.97883275),"['Bulevar Juan Francisco Seguí', 'Mitre']",2,Bulevar Juan Francisco Seguí; Bartolomé Mitre,-32.97883275,-60.6477426,55.0,538.0,Municipio Rosario,Municipio,Rosario,820210,Servicio de Catastro e Información Territorial,IGN
2012,11677,2012-06-29,Viernes,0.0,19:10:00,,0.0,2,"Automóvil,Moto/Ciclomotor",Mariano Moreno Y Biedma,3,2,0,0,1,0,0,,Calle,,ROSARIO,Rosario,Asfalto,No existe,II,Dentro,Urbana,Ninguna,S/D,Intersección,S/D,S/D,Atardecer,S/D,Lateral,S/D,Colisión,S/D,S/D,Ninguna,Sin restricción,POINT (-60.659336 -32.9791724),"['Mariano Moreno', 'Coronel Biedma']",2,Mariano Moreno; Coronel Biedma,-32.9791724,-60.659336,55.0,538.0,Municipio Rosario,Municipio,Rosario,820210,Servicio de Catastro e Información Territorial,IGN
2012,11678,2012-09-03,Lunes,0.0,21:15:00,,0.0,1,Automóvil,Laprida Y Av. Pellegrini,3,1,0,0,2,0,0,,Avenida,,ROSARIO,Rosario,Asfalto,S/D,II,Dentro,Urbana,S/D,Funciona,Intersección,Bueno,Buena,Nocturna,Buen Tiempo,Lateral,S/D,Colisión,S/D,S/D,S/D,Sin restricción,POINT (-60.63694769999999 -32.958013449999996),"['Laprida', 'Pellegrini']",2,Francisco Narciso Laprida; Avenida Carlos Pellegrini,-32.95801345,-60.63694769999999,55.0,538.0,Municipio Rosario,Municipio,Rosario,820210,Servicio de Catastro e Información Territorial,IGN
2012,11679,2012-07-22,Domingo,0.0,20:00:00,,0.0,2,"Automóvil,Automóvil",Godoy Cruz Y Roullon,2,1,0,0,1,0,0,,Calle,,ROSARIO,Rosario,Asfalto,No existe,II,Dentro,Urbana,Semáforo,Funciona,Intersección,Deteriorada,Buena,S/D,S/D,Lateral,S/D,Colisión,Otro,Vertical,Ninguna,Sin restricción,POINT (-60.701373475000004 -32.96289577499999),"['Avenida Presidente Perón', 'Alfredo Rouillón']",2,Avenida Presidente Perón; Alfredo Rouillón,-32.96289577499999,-60.701373475,55.0,538.0,Municipio Rosario,Municipio,Rosario,820210,Servicio de Catastro e Información Territorial,IGN
2012,11681,2012-06-30,Sabado,0.0,09:40:00,,0.0,2,"Automóvil,Vehículo Oficial",Bv. Segui Y Paraguay,3,2,0,0,1,0,0,,Avenida,,ROSARIO,Rosario,Asfalto,No existe,II,Dentro,Urbana,Ninguna,S/D,Intersección,S/D,S/D,Diurna,S/D,Lateral,S/D,Colisión,S/D,S/D,Ninguna,Sin restricción,POINT (-60.6519554 -32.9780774),"['Bulevar Juan Francisco Seguí', 'Paraguay']",2,Bulevar Juan Francisco Seguí; Paraguay,-32.9780774,-60.6519554,55.0,538.0,Municipio Rosario,Municipio,Rosario,820210,Servicio de Catastro e Información Territorial,IGN
2012,11690,2012-06-29,Viernes,0.0,17:00:00,,0.0,2,"Moto/Ciclomotor,Automóvil",Dean Funes Y L.N.Alem,2,1,0,0,1,0,0,,Calle,,ROSARIO,Rosario,Asfalto,S/D,II,Dentro,Urbana,Semáforo,Funciona,Intersección,Bueno,Buena,Atardecer,Buen Tiempo,Lateral,S/D,Colisión,Otro,Vertical,Ninguna,Sin restricción,POINT (-60.6356395 -32.97742120000001),"['Deán Gregorio Funes', 'Alem']",2,Deán Gregorio Funes; Leandro N. Alem,-32.97742120000001,-60.6356395,55.0,538.0,Municipio Rosario,Municipio,Rosario,820210,Servicio de Catastro e Información Territorial,IGN
2012,11693,2012-06-25,Lunes,0.0,09:15:00,,0.0,2,"Moto/Ciclomotor,Automóvil",J.M.de Rosas Y Amenabar,2,1,0,0,1,0,0,,Calle,,ROSARIO,Rosario,Asfalto,No existe,II,Dentro,Urbana,Marca Vial,No existe,Intersección,Bueno,Buena,Diurna,Buen Tiempo,Lateral,S/D,Colisión,Otro,Vertical,Ninguna,Sin restricción,POINT (-60.6377304 -32.973460999999986),"['De Rosas', 'Amenabar']",2,Juan Manuel de Rosas; José de Amenábar,-32.973460999999986,-60.6377304,55.0,538.0,Municipio Rosario,Municipio,Rosario,820210,Servicio de Catastro e Información Territorial,IGN
2012,11695,2012-06-22,Viernes,0.0,11:00:00,,0.0,2,"Moto/Ciclomotor,Automóvil",Beruti Y Dr.Rivas,2,1,0,0,1,0,0,,Calle,,ROSARIO,Rosario,Asfalto,No existe,II,Dentro,Urbana,Marca Vial,No existe,Intersección,Bueno,Buena,Diurna,Buen Tiempo,Lateral,S/D,Colisión,Otro,Vertical,Ninguna,Sin restricción,POINT (-60.629453100000006 -32.9869389),"['Luis Beruti', 'Doctor Francisco Riva']",2,Luis Beruti; Doctor Francisco Riva,-32.9869389,-60.629453100000006,55.0,538.0,Municipio Rosario,Municipio,Rosario,820210,Servicio de Catastro e Información Territorial,IGN
2012,11698,2012-06-21,Jueves,0.0,18:10:00,,0.0,2,"Moto/Ciclomotor,Automóvil",Ayacucho Y Pte.Quintana,3,2,0,0,1,0,0,,Calle,,ROSARIO,Rosario,Asfalto,No existe,II,Dentro,Urbana,Marca Vial,No existe,Intersección,Bueno,Buena,Atardecer,Buen Tiempo,Lateral,S/D,Colisión,Otro,Vertical,Ninguna,Sin restricción,POINT (-60.63599090000001 -32.98455119999999),"['Ayacucho', 'Quintana']",2,"('Ayacucho', 'Presidente Quintana')",-32.98455119999999,-60.63599090000001,55.0,538.0,Municipio Rosario,Municipio,Rosario,820210,Servicio de Catastro e Información Territorial,IGN
2012,11703,2012-06-21,Jueves,0.0,13:10:00,,0.0,2,"Automóvil,Pickup/Utilitario",Dr.Rivas Y Laprida,2,1,0,0,1,0,0,,Calle,,ROSARIO,Rosario,Asfalto,No existe,II,Dentro,Urbana,Marca Vial,No existe,Intersección,Bueno,Buena,Diurna,Buen Tiempo,Lateral,S/D,Colisión,Otro,Vertical,Ninguna,Sin restricción,POINT (-60.6435977 -32.984410200000006),"['Doctor Francisco Riva', 'Laprida']",2,Doctor Francisco Riva; Francisco Narciso Laprida,-32.984410200000006,-60.6435977,55.0,538.0,Municipio Rosario,Municipio,Rosario,820210,Servicio de Catastro e Información Territorial,IGN
2012,11710,2012-06-21,Jueves,0.0,11:20:00,,0.0,2,"Moto/Ciclomotor,Automóvil",Laprida Y Gaboto,3,1,0,0,2,0,0,,Calle,,ROSARIO,Rosario,Asfalto,No existe,II,Dentro,Urbana,Marca Vial,No existe,Intersección,Bueno,Buena,Diurna,Buen Tiempo,Lateral,S/D,Colisión,Otro,Vertical,Ninguna,Sin restricción,POINT (-60.6409907 -32.9740619),"['Laprida', 'Gaboto']",2,Francisco Narciso Laprida; Gaboto,-32.9740619,-60.6409907,55.0,538.0,Municipio Rosario,Municipio,Rosario,820210,Servicio de Catastro e Información Territorial,IGN
2012,11713,2012-06-19,Martes,0.0,,,0.0,2,"Moto/Ciclomotor,Automóvil",Ocampo 600,2,1,0,0,1,0,0,,Calle,,ROSARIO,Rosario,Asfalto,No existe,II,Dentro,Urbana,Ninguna,No existe,Recta,Bueno,Buena,Diurna,Buen Tiempo,Lateral,S/D,Colisión,S/D,Faltante,Cordón divisorio,Sin restricción,"-32.9676606, -60.6361151",['Ocampo 600'],1,Ocampo 600,-32.9676606,-60.6361151,55.0,538.0,Municipio Rosario,Municipio,Rosario,820210,Servicio de Catastro e Información Territorial,IGN
2012,11717,2012-06-23,Sabado,0.0,18:40:00,,0.0,2,"Automóvil,Automóvil",Laprida Y La Paz,7,2,0,0,5,0,0,,Calle,,ROSARIO,Rosario,Asfalto,No existe,II,Dentro,Urbana,Ninguna,No existe,Intersección,Bueno,Buena,Diurna,Buen Tiempo,Otro,S/D,Colisión,S/D,Faltante,Cordón divisorio,S/D,POINT (-60.6387109 -32.96486649999999),"['Laprida', 'La Paz']",2,Francisco Narciso Laprida; La Paz,-32.96486649999999,-60.6387109,55.0,538.0,Municipio Rosario,Municipio,Rosario,820210,Servicio de Catastro e Información Territorial,IGN
2012,11747,2012-05-10,Jueves,0.0,20:00:00,,0.0,2,"Moto/Ciclomotor,Camión",Av. Provincias Unidas Y Rueda,2,0,0,0,1,1,0,,Avenida,,ROSARIO,Rosario,Asfalto,No existe,II,Dentro,Urbana,S/D,No existe,Intersección,Deteriorada,Buena,"Nocturna,Con luz artificial",Buen Tiempo,Frontal,S/D,Colisión,S/D,S/D,Cordón divisorio,S/D,POINT (-60.711669799999996 -32.9627928),"['Avenida Provincias Unidas', 'Rueda']",2,Avenida Provincias Unidas; Rueda,-32.9627928,-60.7116698,55.0,538.0,Municipio Rosario,Municipio,Rosario,820210,Servicio de Catastro e Información Territorial,IGN
2012,11752,2012-03-31,Sabado,0.0,07:30:00,,0.0,2,"Moto/Ciclomotor,Pickup/Utilitario",Paraguay Y Galvez,4,0,0,0,3,1,0,,Calle,,ROSARIO,Rosario,Asfalto,No existe,II,Dentro,Urbana,S/D,S/D,Intersección,Bueno,Buena,Diurna,Buen Tiempo,Lateral,S/D,Colisión,S/D,S/D,S/D,S/D,POINT (-60.64936409999999 -32.9677811),"['Paraguay', 'Galvez']",2,Paraguay; José Gálvez,-32.9677811,-60.64936409999999,55.0,538.0,Municipio Rosario,Municipio,Rosario,820210,Servicio de Catastro e Información Territorial,IGN
2012,11755,2012-06-12,Martes,0.0,16:20:00,,0.0,2,"Peatón,Camión",Ayacucho 5600,2,1,0,0,1,0,0,,Calle,,ROSARIO,Rosario,Asfalto,No existe,II,Dentro,Urbana,Ninguna,S/D,Recta,Bueno,S/D,Diurna,S/D,Frontal,S/D,Atropello,S/D,S/D,Ninguna,Sin restricción,"-32.9627144, -60.6304919",['Ayacucho 5600'],1,Ayacucho 5600,-32.9627144,-60.6304919,55.0,538.0,Municipio Rosario,Municipio,Rosario,820210,Servicio de Catastro e Información Territorial,IGN
2012,11758,2012-06-17,Domingo,0.0,13:15:00,,0.0,2,"Peatón,Moto/Ciclomotor",Anchorena Y Pedernera,2,1,0,0,0,0,1,,Calle,,ROSARIO,Rosario,Asfalto,No existe,II,Dentro,Urbana,Ninguna,No existe,Intersección,Bueno,Buena,Diurna,Buen Tiempo,Lateral,S/D,Atropello,S/D,S/D,Ninguna,S/D,POINT (-60.6234728 -32.99701069999999),"['Anchorena', 'Pedernera']",2,Tomás de Anchorena; Pedernera,-32.99701069999999,-60.6234728,55.0,538.0,Municipio Rosario,Municipio,Rosario,820210,Servicio de Catastro e Información Territorial,IGN
2012,11759,2012-06-23,Sabado,0.0,08:30:00,,0.0,1,Moto/Ciclomotor,Av. Uriburu 800,2,2,0,0,0,0,0,,Avenida,,ROSARIO,Rosario,Asfalto,No existe,II,Dentro,Urbana,Ninguna,S/D,Recta,Bueno,Buena,Amanecer,S/D,Contra objeto fijo,S/D,Colisión,Agua,S/D,Ninguna,Sin restricción,"-32.9905157, -60.6453601",['Uriburu 800'],1,Uriburu 800,-32.9905157,-60.6453601,55.0,538.0,Municipio Rosario,Municipio,Rosario,820210,Servicio de Catastro e Información Territorial,IGN
2012,11760,2012-06-17,Domingo,0.0,,,0.0,2,"Automóvil,Automóvil",BV. OROÑO Y JORGE CURA,3,2,0,0,1,0,0,,Avenida,,ROSARIO,Rosario,Asfalto,No existe,II,Dentro,Urbana,S/D,S/D,Intersección,S/D,S/D,S/D,S/D,Lateral,S/D,Colisión,S/D,S/D,Ninguna,Sin restricción,POINT (-60.6603234 -32.971199399999996),"['Bulevar Nicasio Oroño', 'Avenida Jorge Cura']",2,Bulevar Nicasio Oroño; Avenida Jorge Cura,-32.9711994,-60.6603234,55.0,538.0,Municipio Rosario,Municipio,Rosario,820210,Servicio de Catastro e Información Territorial,IGN
2012,11762,2012-06-25,Lunes,0.0,17:30:00,,0.0,2,"Automóvil,Moto/Ciclomotor",Sarmiento Y 24 De Setiembre,2,1,0,0,1,0,0,,Calle,,ROSARIO,Rosario,Asfalto,No existe,II,Dentro,Urbana,S/D,No existe,Intersección,S/D,S/D,Atardecer,S/D,Lateral,S/D,Colisión,S/D,S/D,Ninguna,Sin restricción,POINT (-60.6466689 -32.9802135),"['Sarmiento', '24 de Septiembre']",2,Sarmiento; 24 de Septiembre,-32.9802135,-60.6466689,55.0,538.0,Municipio Rosario,Municipio,Rosario,820210,Servicio de Catastro e Información Territorial,IGN
2012,11763,2012-06-26,Martes,0.0,12:20:00,,0.0,2,"Moto/Ciclomotor,Automóvil",San Martin Y Ameghino,2,1,0,0,1,0,0,,Calle,,ROSARIO,Rosario,Asfalto,No existe,II,Dentro,Urbana,Ninguna,No existe,Intersección,S/D,S/D,Diurna,S/D,Lateral,S/D,Colisión,S/D,S/D,Ninguna,Sin restricción,POINT (-60.6460194 -32.987542250000004),"['San Martin', 'Ameghino']",2,José de San Martín; Ameghino,-32.987542250000004,-60.6460194,55.0,538.0,Municipio Rosario,Municipio,Rosario,820210,Servicio de Catastro e Información Territorial,IGN
2012,11764,2012-06-25,Lunes,0.0,02:00:00,,0.0,2,"Moto/Ciclomotor,Automóvil",Bv. Oroño Y Bv. Segui,2,1,0,0,0,0,1,,Avenida,,ROSARIO,Rosario,Asfalto,No existe,II,Dentro,Urbana,S/D,S/D,Intersección,S/D,S/D,Nocturna,S/D,Lateral,S/D,Colisión,S/D,S/D,Ninguna,Sin restricción,POINT (-60.661523700000004 -32.976367025),"['Bulevar Nicasio Oroño', 'Bulevar Juan Francisco Seguí']",2,Bulevar Nicasio Oroño; Bulevar Juan Francisco Seguí,-32.976367025,-60.6615237,55.0,538.0,Municipio Rosario,Municipio,Rosario,820210,Servicio de Catastro e Información Territorial,IGN
2012,11765,2012-06-25,Lunes,0.0,10:40:00,,0.0,2,"Moto/Ciclomotor,Automóvil",Bv. Segui Y Pueyrredon,2,1,0,0,1,0,0,,Avenida,,ROSARIO,Rosario,Asfalto,No existe,II,Dentro,Urbana,S/D,S/D,Intersección,S/D,S/D,Diurna,S/D,Lateral,S/D,Colisión,S/D,S/D,Ninguna,Sin restricción,POINT (-60.66559335 -32.97564369999999),"['Bulevar Juan Francisco Seguí', 'Pueyrredón']",2,Bulevar Juan Francisco Seguí; Pueyrredón,-32.97564369999999,-60.66559335,55.0,538.0,Municipio Rosario,Municipio,Rosario,820210,Servicio de Catastro e Información Territorial,IGN
2012,11767,2012-06-25,Lunes,0.0,08:10:00,,0.0,2,"Peatón,Automóvil",Av. Uriburu Y Sarmiento,2,1,0,0,0,0,1,,Avenida,,ROSARIO,Rosario,Asfalto,No existe,II,Dentro,Urbana,S/D,S/D,Intersección,S/D,S/D,Diurna,S/D,Lateral,S/D,Atropello,S/D,S/D,Ninguna,Sin restricción,POINT (-60.64935790000001 -32.990775299999996),"['Uriburu', 'Sarmiento']",2,Avenida José Uriburu; Sarmiento,-32.9907753,-60.64935790000001,55.0,538.0,Municipio Rosario,Municipio,Rosario,820210,Servicio de Catastro e Información Territorial,IGN
2012,11768,2012-06-16,Sabado,0.0,12:44:00,,0.0,2,"Automóvil,Moto/Ciclomotor",Bv. Segui Y Balcarce,2,1,0,0,1,0,0,,Avenida,,ROSARIO,Rosario,Asfalto,No existe,II,Dentro,Urbana,S/D,S/D,Intersección,S/D,S/D,S/D,S/D,Lateral,S/D,Colisión,S/D,S/D,Ninguna,Sin restricción,POINT (-60.66015055 -32.97661384999999),"['Bulevar Juan Francisco Seguí', 'Balcarce']",2,Bulevar Juan Francisco Seguí; Balcarce,-32.97661384999999,-60.66015055,55.0,538.0,Municipio Rosario,Municipio,Rosario,820210,Servicio de Catastro e Información Territorial,IGN
2012,11769,2012-06-16,Sabado,0.0,10:30:00,,0.0,2,"Moto/Ciclomotor,Automóvil",SAN MARTIN Y CASABLANCA,2,1,0,0,1,0,0,,Calle,,ROSARIO,Rosario,Asfalto,No existe,II,Dentro,Urbana,S/D,S/D,Intersección,S/D,S/D,S/D,S/D,Lateral,S/D,Colisión,S/D,S/D,Ninguna,Sin restricción,POINT (-60.644470850000005 -32.98009214999999),"['San Martin', 'Casablanca']",2,José de San Martín; Casablanca,-32.98009214999999,-60.644470850000005,55.0,538.0,Municipio Rosario,Municipio,Rosario,820210,Servicio de Catastro e Información Territorial,IGN
2012,11770,2012-06-16,Sabado,0.0,17:20:00,,0.0,2,"Automóvil,Moto/Ciclomotor",Bv. Segui Y Mitre,3,2,0,0,1,0,0,,Calle,,ROSARIO,Rosario,Asfalto,No existe,II,Dentro,Urbana,Ninguna,S/D,Intersección,S/D,S/D,S/D,S/D,Lateral,S/D,Colisión,S/D,S/D,Ninguna,Sin restricción,POINT (-60.6477426 -32.97883275),"['Bulevar Juan Francisco Seguí', 'Mitre']",2,Bulevar Juan Francisco Seguí; Bartolomé Mitre,-32.97883275,-60.6477426,55.0,538.0,Municipio Rosario,Municipio,Rosario,820210,Servicio de Catastro e Información Territorial,IGN
2012,11772,2012-06-25,Lunes,0.0,18:00:00,,0.0,2,"Moto/Ciclomotor,Automóvil",San Martin Y Ameghino,2,1,0,0,1,0,0,,Calle,,ROSARIO,Rosario,Asfalto,No existe,II,Dentro,Urbana,Ninguna,Funciona,Intersección,S/D,S/D,Atardecer,S/D,Lateral,S/D,Colisión,S/D,S/D,Ninguna,Sin restricción,POINT (-60.6460194 -32.987542250000004),"['San Martin', 'Ameghino']",2,José de San Martín; Ameghino,-32.987542250000004,-60.6460194,55.0,538.0,Municipio Rosario,Municipio,Rosario,820210,Servicio de Catastro e Información Territorial,IGN
2012,11774,2012-06-17,Domingo,0.0,,,0.0,2,"Automóvil,Taxi/Remis",Bv. Oroño Y Gaboto,4,2,0,0,2,0,0,,Avenida,,ROSARIO,Rosario,Asfalto,No existe,II,Dentro,Urbana,S/D,S/D,Intersección,S/D,S/D,S/D,S/D,Lateral,S/D,Colisión,S/D,S/D,Ninguna,Sin restricción,POINT (-60.660093950000004 -32.970649650000006),"['Bulevar Nicasio Oroño', 'Gaboto']",2,Bulevar Nicasio Oroño; Gaboto,-32.970649650000006,-60.66009395,55.0,538.0,Municipio Rosario,Municipio,Rosario,820210,Servicio de Catastro e Información Territorial,IGN