anio_acci,nro_acci,fecha,desc_dia,fecha_aprox,hora_aprox,desc_ruta,km,cant_participantes,desc_participante,calle_avenida_km,total,heridos_leves,heridos_graves,heridos_gravisimos,ilesos,fallecidos,sin_datos,posicion_XY,desc_tipo_via,desc_ruta_ori,desc_loc,desc_dpto,desc_tipo_calzada,desc_tipo_banquina,desc_unidad_regional,desc_lugar_calzada,desc_zona,desc_prioridad,desc_estado_semaforo,desc_lugar_via,desc_estado_via,desc_estado_visibilidad,desc_luminosidad,desc_estado_clima,desc_tipo_colision,desc_tipo_atropello,desc_tipo_hecho,desc_pres_calzada,desc_senializacion,desc_separacion_via,desc_restriccion,forma_geocod,calle_lista,numero_calles,calles_osm,lat,lon,index_right,gid,fna,gna,nam,in1,fdc,sag
2012,11924,2012-06-26,Martes,0.0,12:00:00,,0.0,2,"Peatón,Automóvil",Av. Pellegrini Y España,2,1,0,0,1,0,0,,Avenida,,ROSARIO,Rosario,Asfalto,S/D,II,Dentro,Urbana,Semáforo,Funciona,Intersección,Bueno,Buena,Diurna,Buen Tiempo,S/D,S/D,Atropello,S/D,Vertical,Ninguna,S/D,POINT (-60.6492162 -32.95580995),"['Pellegrini', 'España']",2,Avenida Carlos Pellegrini; España,-32.95580995,-60.6492162,55.0,538.0,Municipio Rosario,Municipio,Rosario,820210,Servicio de Catastro e Información Territorial,IGN
2012,11931,2012-06-16,Sabado,0.0,20:40:00,,0.0,2,"Automóvil,Moto/Ciclomotor",Italia Y Av. Arijon,2,1,0,0,1,0,0,,Avenida,,ROSARIO,Rosario,Asfalto,S/D,II,Dentro,Urbana,S/D,S/D,Recta,Bueno,S/D,Nocturna,Buen Tiempo,Frontal,S/D,Colisión,S/D,S/D,S/D,S/D,POINT (-60.65911609999999 -33.00336659999999),"['Italia', 'Avenida Manuel Arijón']",2,Italia; Avenida Manuel Arijón,-33.00336659999999,-60.65911609999999,55.0,538.0,Municipio Rosario,Municipio,Rosario,820210,Servicio de Catastro e Información Territorial,IGN
2012,11947,2012-06-26,Martes,0.0,11:30:00,,0.0,2,"Moto/Ciclomotor,Automóvil",Pte.Roca Y Riobamba,2,1,0,0,1,0,0,,Calle,,ROSARIO,Rosario,Asfalto,S/D,II,Dentro,Urbana,S/D,S/D,Intersección,Bueno,Buena,Diurna,Buen Tiempo,Lateral,S/D,Colisión,S/D,S/D,S/D,S/D,POINT (-60.6492775 -32.961788899999995),"['Roca', 'Riobamba']",2,Presidente Roca; Riobamba,-32.961788899999995,-60.6492775,55.0,538.0,Municipio Rosario,Municipio,Rosario,820210,Servicio de Catastro e Información Territorial,IGN
2012,11951,2012-06-21,Jueves,0.0,,,0.0,2,"Automóvil,Moto/Ciclomotor",Av. Arijon Y Rodriguez,2,1,0,0,1,0,0,,Calle,,ROSARIO,Rosario,Asfalto,S/D,II,Dentro,Urbana,S/D,S/D,Recta,Bueno,Buena,S/D,Buen Tiempo,S/D,S/D,Colisión,S/D,S/D,S/D,S/D,POINT (-60.670217300000004 -33.00366629999999),"['Avenida Manuel Arijón', 'Rodríguez']",2,Avenida Manuel Arijón; Rodríguez de Escobedo,-33.00366629999999,-60.6702173,55.0,538.0,Municipio Rosario,Municipio,Rosario,820210,Servicio de Catastro e Información Territorial,IGN
2012,11958,2012-06-23,Sabado,0.0,17:40:00,,0.0,2,"Moto/Ciclomotor,Automóvil",Av. Ovidio Lagos Y Lamadrid,2,1,0,0,1,0,0,,Calle,,ROSARIO,Rosario,Asfalto,S/D,II,Dentro,Urbana,S/D,S/D,Recta,Bueno,Buena,Diurna,Buen Tiempo,Lateral,S/D,Colisión,S/D,S/D,Barrera de hormigón,S/D,POINT (-60.67487495 -32.997913600000004),"['Avenida Ovidio Lagos', 'Lamadrid']",2,Avenida Ovidio Lagos; Gregorio Aráoz de Lamadrid,-32.997913600000004,-60.67487495,55.0,538.0,Municipio Rosario,Municipio,Rosario,820210,Servicio de Catastro e Información Territorial,IGN
2012,11988,2012-06-23,Sabado,0.0,21:00:00,,0.0,2,"Moto/Ciclomotor,Automóvil",Rodriguez Y Benito Juarez,2,0,1,0,1,0,0,,Calle,,ROSARIO,Rosario,Asfalto,Pavimento,II,Dentro,Urbana,S/D,S/D,Recta,Bueno,Buena,Nocturna,Buen Tiempo,S/D,S/D,Colisión,S/D,S/D,S/D,S/D,POINT (-60.67082870000001 -32.99360949999999),"['Rodríguez', 'Benito Juárez']",2,Rodríguez de Escobedo; Benito Juárez,-32.99360949999999,-60.67082870000001,55.0,538.0,Municipio Rosario,Municipio,Rosario,820210,Servicio de Catastro e Información Territorial,IGN
2012,11991,2012-06-17,Domingo,0.0,16:00:00,,0.0,2,"Automóvil,Automóvil",Sanchez de Bustamante Y Bv. Oroño,9,1,0,0,8,0,0,,Calle,,ROSARIO,Rosario,S/D,Pavimento,II,Dentro,Urbana,S/D,S/D,Intersección,Bueno,Buena,Diurna,Buen Tiempo,Lateral,S/D,Colisión,S/D,S/D,Barrera de hormigón,S/D,POINT (-60.66506820000001 -33.00250765),"['Sánchez de Bustamante', 'Bulevar Nicasio Oroño']",2,Sánchez de Bustamante; Bulevar Nicasio Oroño,-33.00250765,-60.66506820000001,55.0,538.0,Municipio Rosario,Municipio,Rosario,820210,Servicio de Catastro e Información Territorial,IGN
2012,11995,2012-06-27,Miercoles,0.0,12:00:00,,0.0,2,"Moto/Ciclomotor,Automóvil",Bv. 27 De Febrero Y Santiago,2,1,0,0,1,0,0,,Calle,,ROSARIO,Rosario,Asfalto,S/D,II,S/D,Urbana,S/D,S/D,Intersección,Bueno,S/D,Diurna,Buen Tiempo,Lateral,S/D,Colisión,S/D,S/D,S/D,S/D,POINT (-60.66128945 -32.9644092),"['27 de Febrero', 'Santiago']",2,Bulevar 27 de Febrero; Santiago,-32.9644092,-60.66128945,55.0,538.0,Municipio Rosario,Municipio,Rosario,820210,Servicio de Catastro e Información Territorial,IGN
2012,11996,2012-06-18,Lunes,0.0,09:30:00,,0.0,2,"Moto/Ciclomotor,Automóvil",Sarmiento Y Cochabamba,2,1,0,0,1,0,0,,Calle,,ROSARIO,Rosario,Asfalto,S/D,II,Dentro,Urbana,S/D,S/D,Intersección,Bueno,Buena,Diurna,Buen Tiempo,Lateral,S/D,Colisión,S/D,S/D,S/D,S/D,POINT (-60.6411528 -32.958439),"['Sarmiento', 'Cochabamba']",2,Sarmiento; Cochabamba,-32.958439,-60.6411528,55.0,538.0,Municipio Rosario,Municipio,Rosario,820210,Servicio de Catastro e Información Territorial,IGN
2012,11998,2012-06-28,Jueves,0.0,08:00:00,,0.0,2,"Automóvil,Automóvil",Pte.Roca Y Virasoro,2,1,0,0,1,0,0,,Calle,,ROSARIO,Rosario,Asfalto,S/D,II,Dentro,Urbana,S/D,S/D,Intersección,S/D,Buena,Diurna,Buen Tiempo,Lateral,S/D,Colisión,S/D,S/D,S/D,S/D,POINT (-60.6510234 -32.9686915),"['Roca', 'Virasoro']",2,Presidente Roca; Benjamín Virasoro,-32.9686915,-60.6510234,55.0,538.0,Municipio Rosario,Municipio,Rosario,820210,Servicio de Catastro e Información Territorial,IGN
2012,12032,2012-08-01,Miercoles,0.0,18:15:00,,0.0,2,"Bicicleta,Automóvil",Santa Fe Y Iriondo,2,1,0,0,0,0,1,,Calle,,ROSARIO,Rosario,Asfalto,S/D,II,Dentro,Urbana,Ninguna,S/D,Recta,Bueno,Buena,Atardecer,Buen Tiempo,S/D,S/D,Atropello,Otro,Horizontal,Ninguna,Sin restricción,POINT (-60.6692634 -32.9394616),"['Santa Fe', 'Iriondo']",2,Santa Fe; Iriondo,-32.9394616,-60.6692634,55.0,538.0,Municipio Rosario,Municipio,Rosario,820210,Servicio de Catastro e Información Territorial,IGN
2012,12066,2012-08-06,Lunes,0.0,07:50:00,,0.0,2,"Peatón,Automóvil",Av. Ovidio Lagos Y Tucuman,2,1,0,0,1,0,0,,Avenida,,ROSARIO,Rosario,Asfalto,No existe,II,Dentro,Urbana,Semáforo,Funciona,Recta,Otro,Buena,Diurna,Buen Tiempo,Frontal,S/D,Atropello,Otro,Horizontal,Ninguna,Sin restricción,POINT (-60.660284499999996 -32.93765479999999),"['Avenida Ovidio Lagos', 'Tucumán']",2,Avenida Ovidio Lagos; Tucumán,-32.93765479999999,-60.6602845,55.0,538.0,Municipio Rosario,Municipio,Rosario,820210,Servicio de Catastro e Información Territorial,IGN
2012,12067,2012-08-09,Jueves,0.0,01:40:00,,0.0,2,"Automóvil,Automóvil",Pueyrredon Y Salta,2,1,0,0,1,0,0,,Calle,,ROSARIO,Rosario,Asfalto,No existe,II,Dentro,Urbana,Semáforo,Funciona,Recta,Bueno,Buena,Nocturna,Buen Tiempo,Frontal,S/D,Colisión,Otro,Horizontal,Ninguna,Sin restricción,POINT (-60.6556216 -32.93601499999999),"['Pueyrredón', 'Salta']",2,"('Pueyrredón', 'Salta')",-32.93601499999999,-60.6556216,55.0,538.0,Municipio Rosario,Municipio,Rosario,820210,Servicio de Catastro e Información Territorial,IGN
2012,12068,2012-08-09,Jueves,0.0,02:15:00,,0.0,2,"Moto/Ciclomotor,Automóvil",Santa Fe Y Av. Ovidio Lagos,2,1,0,0,0,0,1,,Calle,,ROSARIO,Rosario,Asfalto,No existe,II,Dentro,Urbana,Semáforo,Funciona,Recta,Bueno,Buena,Nocturna,Buen Tiempo,Otro,S/D,Colisión,Otro,Horizontal,Ninguna,Sin restricción,POINT (-60.661118 -32.94092100000001),"['Santa Fe', 'Avenida Ovidio Lagos']",2,Santa Fe; Avenida Ovidio Lagos,-32.94092100000001,-60.661118,55.0,538.0,Municipio Rosario,Municipio,Rosario,820210,Servicio de Catastro e Información Territorial,IGN
2012,12069,2012-08-10,Viernes,0.0,15:15:00,,0.0,2,"Automóvil,Camión",Tucuman Y San Nicolas,3,2,0,0,1,0,0,,Calle,,ROSARIO,Rosario,Asfalto,No existe,II,Dentro,Urbana,Ninguna,No existe,Recta,Bueno,Buena,Diurna,Buen Tiempo,Otro,S/D,Colisión,Otro,Horizontal,Ninguna,Sin restricción,POINT (-60.6711576 -32.93566819999999),"['Tucumán', 'San Nicolás']",2,Tucumán; San Nicolás,-32.93566819999999,-60.6711576,55.0,538.0,Municipio Rosario,Municipio,Rosario,820210,Servicio de Catastro e Información Territorial,IGN
2012,12070,2012-08-05,Domingo,0.0,15:00:00,,0.0,2,"Moto/Ciclomotor,Automóvil",Bv. Avellaneda Y Av. Genova,2,1,0,0,1,0,0,,Avenida,,ROSARIO,Rosario,Asfalto,No existe,II,Dentro,Urbana,Semáforo,Funciona,Intersección,Bueno,Buena,Diurna,Buen Tiempo,Frontal,S/D,Colisión,S/D,S/D,S/D,Sin restricción,POINT (-60.67309454999999 -32.91510614999999),"['Avellaneda', 'Genova']",2,Bulevar Nicolás Avellaneda; Avenida Génova,-32.91510614999999,-60.67309454999999,55.0,538.0,Municipio Rosario,Municipio,Rosario,820210,Servicio de Catastro e Información Territorial,IGN
2012,12071,2012-08-12,Domingo,0.0,01:10:00,,0.0,2,"Automóvil,Automóvil",Rodriguez Y Urquiza,3,1,0,0,2,0,0,,Calle,,ROSARIO,Rosario,Asfalto,No existe,II,Dentro,Urbana,Ninguna,No existe,Recta,Bueno,Buena,Nocturna,Buen Tiempo,Frontal,S/D,Colisión,Otro,Horizontal,Ninguna,Sin restricción,POINT (-60.65783139999999 -32.939287699999994),"['Rodríguez', 'Urquiza']",2,Rodríguez de Escobedo; Justo José de Urquiza,-32.939287699999994,-60.65783139999999,55.0,538.0,Municipio Rosario,Municipio,Rosario,820210,Servicio de Catastro e Información Territorial,IGN
2012,12075,2012-07-31,Martes,0.0,07:30:00,,0.0,2,"Moto/Ciclomotor,Automóvil",SABIN  Y IGUAZU ,2,1,0,0,1,0,0,,Avenida,,ROSARIO,Rosario,Asfalto,No existe,II,Dentro,Urbana,Ninguna,No existe,Intersección,Bueno,Buena,Diurna,Buen Tiempo,Lateral,S/D,Colisión,S/D,S/D,S/D,S/D,POINT (-60.6866138 -32.9219038),"['Avenida Travesía Albert Sabin', 'Iguazu']",2,Avenida Travesía Albert Sabin; Iguazú,-32.9219038,-60.6866138,55.0,538.0,Municipio Rosario,Municipio,Rosario,820210,Servicio de Catastro e Información Territorial,IGN
2012,12077,2012-08-09,Jueves,0.0,18:00:00,,0.0,2,"Taxi/Remis,Automóvil",CENTRAL ARGENTINO Y ALBERDI,2,2,0,0,0,0,0,,Calle,,ROSARIO,Rosario,Asfalto,Pavimento,II,Dentro,Urbana,Semáforo,Funciona,Intersección,Bueno,Buena,Diurna,Buen Tiempo,Lateral,S/D,Colisión,S/D,Horizontal,Cordón divisorio,Sin restricción,POINT (-60.674275949999995 -32.92937969999999),"['Central Argentino', 'Alberdi']",2,Avenida Central Argentino; Avenida Alberdi,-32.92937969999999,-60.67427595,55.0,538.0,Municipio Rosario,Municipio,Rosario,820210,Servicio de Catastro e Información Territorial,IGN
2012,12079,2012-08-13,Lunes,0.0,09:00:00,,0.0,2,"Automóvil,Moto/Ciclomotor",Junin Y Iguazu,2,2,0,0,0,0,0,,Calle,,ROSARIO,Rosario,Asfalto,Pavimento,II,Dentro,Urbana,Semáforo,Funciona,Intersección,Bueno,Buena,Diurna,Buen Tiempo,Lateral,S/D,Colisión,S/D,Horizontal,Ninguna,Sin restricción,POINT (-60.685792899999996 -32.926834199999995),"['Junín', 'Iguazu']",2,Junín; Iguazú,-32.926834199999995,-60.6857929,55.0,538.0,Municipio Rosario,Municipio,Rosario,820210,Servicio de Catastro e Información Territorial,IGN
2012,12081,2012-08-12,Domingo,0.0,21:00:00,,0.0,2,"Automóvil,Automóvil",Av. Alberdi Bis Y J.J.Paso,6,6,0,0,0,0,0,,Avenida,,ROSARIO,Rosario,Asfalto,S/D,II,Dentro,Urbana,Semáforo,S/D,Recta,Bueno,S/D,S/D,Buen Tiempo,Lateral,S/D,Colisión,S/D,Horizontal,Cordón divisorio,Sin restricción,POINT (-60.682310400000006 -32.919353799999996),"['Alberdi', 'Paso']",2,Avenida Alberdi; Avenida Juan José Paso,-32.9193538,-60.682310400000006,55.0,538.0,Municipio Rosario,Municipio,Rosario,820210,Servicio de Catastro e Información Territorial,IGN
2012,12083,2012-08-14,Martes,0.0,17:00:00,,0.0,2,"Automóvil,Bicicleta",Junin Y Av. Francia,2,1,0,0,1,0,0,,Calle,,ROSARIO,Rosario,Asfalto,Pavimento,II,Dentro,Urbana,Señal Pare,No existe,Intersección,Bueno,Buena,Diurna,Buen Tiempo,Frontal,S/D,Colisión,S/D,Horizontal,Cordón divisorio,Sin restricción,POINT (-60.66176205 -32.92653675000001),"['Junín', 'Avenida Francia']",2,Junín; Avenida Francia,-32.92653675000001,-60.66176205,55.0,538.0,Municipio Rosario,Municipio,Rosario,820210,Servicio de Catastro e Información Territorial,IGN
2012,12087,2012-08-12,Domingo,0.0,12:00:00,,0.0,2,"Automóvil,Automóvil",Av. Genova Y Ugarteche,2,1,0,0,0,0,1,,Calle,,ROSARIO,Rosario,Asfalto,S/D,II,Dentro,Urbana,Ninguna,S/D,Recta,Bueno,S/D,S/D,Buen Tiempo,Frontal,S/D,Colisión,S/D,S/D,Ninguna,Sin restricción,POINT (-60.7577201 -32.9172376),"['Genova', 'Ugarteche']",2,Avenida Génova; Ugarteche,-32.9172376,-60.7577201,55.0,538.0,Municipio Rosario,Municipio,Rosario,820210,Servicio de Catastro e Información Territorial,IGN
2012,12090,2012-08-01,Miercoles,0.0,08:30:00,,0.0,2,"Moto/Ciclomotor,Taxi/Remis",Av. Provincias Unidas Y Marcos Paz,2,1,0,0,1,0,0,,Avenida,,ROSARIO,Rosario,Asfalto,No existe,II,Dentro,Urbana,Semáforo,Funciona,Recta,Bueno,Buena,Diurna,S/D,S/D,S/D,Colisión,S/D,Vertical,Barrera de hormigón,Sin restricción,POINT (-60.71267265 -32.93906135),"['Avenida Provincias Unidas', 'Marcos Paz']",2,Avenida Provincias Unidas; Marcos Paz,-32.93906135,-60.71267265,55.0,538.0,Municipio Rosario,Municipio,Rosario,820210,Servicio de Catastro e Información Territorial,IGN
2012,12091,2012-08-19,Domingo,0.0,18:30:00,,0.0,2,"Bicicleta,Automóvil",Av. Alberti Y J.J.Paso,2,1,0,0,0,0,1,,Avenida,,ROSARIO,Rosario,Asfalto,S/D,II,Dentro,Urbana,Semáforo,S/D,Recta,Bueno,S/D,Atardecer,Buen Tiempo,Frontal,S/D,Atropello,S/D,Vertical,Cordón divisorio,Sin restricción,POINT (-60.682310400000006 -32.919353799999996),"['Alberdi', 'Paso']",2,Avenida Alberdi; Avenida Juan José Paso,-32.9193538,-60.682310400000006,55.0,538.0,Municipio Rosario,Municipio,Rosario,820210,Servicio de Catastro e Información Territorial,IGN
2012,12096,2012-08-04,Sabado,0.0,10:00:00,,0.0,2,"Moto/Ciclomotor,Automóvil",Av. Provincias Unidas 1341,2,1,0,0,1,0,0,,Avenida,,ROSARIO,Rosario,Asfalto,No existe,II,Dentro,Urbana,S/D,No existe,Recta,Bueno,Buena,Diurna,S/D,Otro,S/D,Colisión,S/D,Vertical,Barrera de hormigón,Sin restricción,"-32.91266586734694, -60.71409324285714",['Provincias Unidas 1341'],1,Provincias Unidas 1341,-32.91266586734694,-60.71409324285714,55.0,538.0,Municipio Rosario,Municipio,Rosario,820210,Servicio de Catastro e Información Territorial,IGN
2012,12099,2012-08-03,Viernes,0.0,09:20:00,,0.0,2,"Automóvil,Moto/Ciclomotor",Roullon Y Chubut,2,1,0,0,1,0,0,,Calle,,ROSARIO,Rosario,Asfalto,No existe,II,Dentro,Urbana,Ninguna,No existe,Intersección,Bueno,Buena,Diurna,S/D,S/D,S/D,Colisión,S/D,Horizontal,Ninguna,Sin restricción,POINT (-60.70204340000001 -32.945359499999995),"['Alfredo Rouillón', 'Chubut']",2,Alfredo Rouillón; Chubut,-32.945359499999995,-60.70204340000001,55.0,538.0,Municipio Rosario,Municipio,Rosario,820210,Servicio de Catastro e Información Territorial,IGN
2012,12104,2012-08-02,Jueves,0.0,19:30:00,,0.0,2,"Automóvil,Moto/Ciclomotor",Mendoza Y Solis,2,1,0,0,1,0,0,,Calle,,ROSARIO,Rosario,Asfalto,No existe,II,Dentro,Urbana,Semáforo,Funciona,Intersección,Bueno,Buena,Atardecer,S/D,Otro,S/D,Colisión,S/D,Vertical,Barrera de hormigón,Sin restricción,POINT (-60.7034051 -32.939993799999996),"['Mendoza', 'Solis']",2,Mendoza; Juan Díaz de Solís,-32.9399938,-60.7034051,55.0,538.0,Municipio Rosario,Municipio,Rosario,820210,Servicio de Catastro e Información Territorial,IGN
2012,12106,2012-08-07,Martes,0.0,22:55:00,,0.0,2,"Taxi/Remis,Moto/Ciclomotor",Av. Provincias Unidas Y Cerrito,3,2,0,0,1,0,0,,Avenida,,ROSARIO,Rosario,S/D,S/D,II,Dentro,Urbana,S/D,S/D,S/D,S/D,S/D,S/D,S/D,S/D,S/D,S/D,S/D,S/D,S/D,S/D,POINT (-60.7120531 -32.95333595),"['Avenida Provincias Unidas', 'Cerrito']",2,Avenida Provincias Unidas; Cerrito,-32.95333595,-60.7120531,55.0,538.0,Municipio Rosario,Municipio,Rosario,820210,Servicio de Catastro e Información Territorial,IGN
2012,12108,2012-08-19,Domingo,0.0,,,0.0,2,"Taxi/Remis,Automóvil",Av. Avellaneda B Y J.J.Paso,2,1,0,0,1,0,0,,Avenida,,ROSARIO,Rosario,Asfalto,S/D,II,Dentro,Urbana,Semáforo,S/D,Recta,Bueno,S/D,Nocturna,Buen Tiempo,Frontal,S/D,Colisión,S/D,Horizontal,Cordón divisorio,Sin restricción,POINT (-60.674093 -32.9190602),"['Avellaneda', 'Paso']",2,Bulevar Nicolás Avellaneda; Avenida Juan José Paso,-32.9190602,-60.674093,55.0,538.0,Municipio Rosario,Municipio,Rosario,820210,Servicio de Catastro e Información Territorial,IGN
2012,12109,2012-08-08,Miercoles,0.0,13:50:00,,0.0,3,"Pickup/Utilitario,Camión,Automóvil",Av. Provincias Unidas Y Cerrito,3,1,0,0,2,0,0,,Avenida,,ROSARIO,Rosario,Asfalto,No existe,II,Dentro,Urbana,S/D,No existe,Recta,Bueno,Buena,Diurna,S/D,S/D,S/D,Colisión,S/D,Horizontal,Barrera de hormigón,Sin restricción,POINT (-60.7120531 -32.95333595),"['Avenida Provincias Unidas', 'Cerrito']",2,Avenida Provincias Unidas; Cerrito,-32.95333595,-60.7120531,55.0,538.0,Municipio Rosario,Municipio,Rosario,820210,Servicio de Catastro e Información Territorial,IGN
2012,12110,2012-08-01,Miercoles,0.0,12:15:00,,0.0,2,"Moto/Ciclomotor,Otros",Mariano Moreno Y Cordoba,2,1,0,0,1,0,0,,Calle,,ROSARIO,Rosario,Asfalto,S/D,II,S/D,Urbana,S/D,S/D,Intersección,Bueno,Buena,Diurna,Buen Tiempo,Otro,S/D,Colisión,S/D,S/D,S/D,S/D,POINT (-60.650609200000005 -32.944206400000006),"['Mariano Moreno', 'Córdoba']",2,Mariano Moreno; Córdoba,-32.944206400000006,-60.650609200000005,55.0,538.0,Municipio Rosario,Municipio,Rosario,820210,Servicio de Catastro e Información Territorial,IGN
2012,12113,2012-08-04,Sabado,0.0,10:45:00,,0.0,2,"Automóvil,Moto/Ciclomotor",Valentin Gomez 5000,2,1,0,0,1,0,0,,Calle,,ROSARIO,Rosario,Asfalto,S/D,II,Dentro,Urbana,Ninguna,No existe,Recta,Bueno,Buena,Diurna,Buen Tiempo,Lateral,S/D,Colisión,S/D,Faltante,Ninguna,Sin restricción,"-32.9034676, -60.6944117",['Valentin Gomez 5000'],1,Valentin Gomez 5000,-32.9034676,-60.6944117,55.0,538.0,Municipio Rosario,Municipio,Rosario,820210,Servicio de Catastro e Información Territorial,IGN
2012,12114,2012-08-01,Miercoles,0.0,13:30:00,,0.0,2,"Peatón,Automóvil",9 De Julio Y Mariano Moreno,2,1,0,0,1,0,0,,Calle,,ROSARIO,Rosario,Asfalto,S/D,II,S/D,Urbana,S/D,S/D,Intersección,Bueno,Buena,Diurna,Buen Tiempo,S/D,S/D,Atropello,S/D,S/D,S/D,S/D,POINT (-60.6524866 -32.951627),"['9 de Julio', 'Mariano Moreno']",2,9 de Julio; Mariano Moreno,-32.951627,-60.6524866,55.0,538.0,Municipio Rosario,Municipio,Rosario,820210,Servicio de Catastro e Información Territorial,IGN
2012,12116,2012-08-09,Jueves,0.0,15:00:00,,0.0,2,"Moto/Ciclomotor,Automóvil",Av. Provincias Unidas Y Santa Fe,2,1,0,0,1,0,0,,Calle,,ROSARIO,Rosario,Asfalto,No existe,II,Dentro,Urbana,Ninguna,No existe,Recta,Bueno,Buena,Diurna,Buen Tiempo,S/D,S/D,Colisión,S/D,Horizontal,Barrera de hormigón,Sin restricción,POINT (-60.71282755 -32.93571179999999),"['Avenida Provincias Unidas', 'Santa Fe']",2,Avenida Provincias Unidas; Santa Fe,-32.93571179999999,-60.71282755,55.0,538.0,Municipio Rosario,Municipio,Rosario,820210,Servicio de Catastro e Información Territorial,IGN
2012,12117,2012-08-02,Jueves,0.0,16:00:00,,0.0,2,"Moto/Ciclomotor,Automóvil",Bv. Oroño Y San Juan,2,1,0,0,1,0,0,,Avenida,,ROSARIO,Rosario,S/D,S/D,II,S/D,Urbana,S/D,Funciona,Recta,Bueno,S/D,Diurna,Buen Tiempo,Otro,S/D,Colisión,S/D,S/D,S/D,S/D,POINT (-60.6542222 -32.947453949999996),"['Bulevar Nicasio Oroño', 'San Juan']",2,Bulevar Nicasio Oroño; San Juan,-32.94745395,-60.6542222,55.0,538.0,Municipio Rosario,Municipio,Rosario,820210,Servicio de Catastro e Información Territorial,IGN
2012,12125,2012-08-02,Jueves,0.0,20:40:00,,0.0,1,,Balcarce Y E.Zeballos,2,1,0,0,1,0,0,,Calle,,ROSARIO,Rosario,Asfalto,S/D,II,S/D,Urbana,S/D,S/D,Intersección,Bueno,Buena,"Nocturna,Con luz artificial",Buen Tiempo,S/D,S/D,S/D,S/D,S/D,S/D,S/D,POINT (-60.6541017 -32.9525317),"['Balcarce', 'Zeballos']",2,Balcarce; Zeballos,-32.9525317,-60.6541017,55.0,538.0,Municipio Rosario,Municipio,Rosario,820210,Servicio de Catastro e Información Territorial,IGN
2012,12143,2012-08-09,Jueves,0.0,20:00:00,,0.0,2,"Pickup/Utilitario,Moto/Ciclomotor",Riobamba Y Tte.Agneta,3,1,0,0,2,0,0,,Avenida,,ROSARIO,Rosario,Asfalto,No existe,II,Dentro,Urbana,Ninguna,No existe,Recta,Bueno,Buena,Diurna,Buen Tiempo,S/D,S/D,Colisión,S/D,Horizontal,Ninguna,Sin restricción,POINT (-60.699270899999995 -32.954198),"['Riobamba', 'Teniente Agneta']",2,Riobamba; Teniente Agneta,-32.954198,-60.6992709,55.0,538.0,Municipio Rosario,Municipio,Rosario,820210,Servicio de Catastro e Información Territorial,IGN
2012,12144,2012-08-02,Jueves,0.0,20:40:00,,0.0,2,"Bicicleta,Automóvil",BALCARCE Y ZEBALLOS,2,1,0,0,1,0,0,,Calle,,ROSARIO,Rosario,Asfalto,S/D,II,Dentro,Urbana,S/D,S/D,Intersección,Bueno,Buena,Nocturna,Buen Tiempo,S/D,S/D,Atropello,S/D,S/D,S/D,S/D,POINT (-60.6541017 -32.9525317),"['Balcarce', 'Zeballos']",2,Balcarce; Zeballos,-32.9525317,-60.6541017,55.0,538.0,Municipio Rosario,Municipio,Rosario,820210,Servicio de Catastro e Información Territorial,IGN
2012,12146,2012-08-22,Miercoles,0.0,,,0.0,2,"Bicicleta,Moto/Ciclomotor",Pascual Rosas Y Montevideo,2,1,0,0,1,0,0,,Calle,,ROSARIO,Rosario,Asfalto,S/D,II,Dentro,Urbana,S/D,S/D,Intersección,S/D,S/D,S/D,S/D,S/D,S/D,Atropello,S/D,S/D,Cordón divisorio,S/D,POINT (-60.6884023 -32.94760229999999),"['Pascual Rosas', 'Montevideo']",2,Pascual Rosas; Montevideo,-32.94760229999999,-60.6884023,55.0,538.0,Municipio Rosario,Municipio,Rosario,820210,Servicio de Catastro e Información Territorial,IGN
2012,12147,2012-08-22,Miercoles,0.0,,,0.0,1,,Pascual Rosas Y Montevideo,2,1,0,0,1,0,0,,Calle,,ROSARIO,Rosario,Asfalto,S/D,II,Dentro,Urbana,S/D,S/D,Intersección,S/D,S/D,S/D,S/D,S/D,S/D,Colisión,S/D,S/D,Cordón divisorio,S/D,POINT (-60.6884023 -32.94760229999999),"['Pascual Rosas', 'Montevideo']",2,Pascual Rosas; Montevideo,-32.94760229999999,-60.6884023,55.0,538.0,Municipio Rosario,Municipio,Rosario,820210,Servicio de Catastro e Información Territorial,IGN
2012,12149,2012-08-10,Viernes,0.0,18:50:00,,0.0,2,"Automóvil,Moto/Ciclomotor",Roullon Y La Paz,3,2,0,0,1,0,0,,Calle,,ROSARIO,Rosario,Asfalto,No existe,II,Dentro,Urbana,S/D,No existe,Recta,Bueno,Buena,Atardecer,S/D,S/D,S/D,Colisión,S/D,Horizontal,Ninguna,Sin restricción,POINT (-60.701635700000004 -32.9554535),"['Alfredo Rouillón', 'La Paz']",2,Alfredo Rouillón; La Paz,-32.9554535,-60.7016357,55.0,538.0,Municipio Rosario,Municipio,Rosario,820210,Servicio de Catastro e Información Territorial,IGN
2012,12150,2012-08-03,Viernes,0.0,13:00:00,,0.0,2,"Automóvil,Automóvil",Av. Corrientes Y Mendoza,2,1,0,0,1,0,0,,Avenida,,ROSARIO,Rosario,Asfalto,S/D,II,Dentro,Urbana,S/D,S/D,Recta,Bueno,Buena,Diurna,Buen Tiempo,Lateral,S/D,Colisión,S/D,S/D,S/D,S/D,POINT (-60.643583500000005 -32.9507824),"['Corrientes', 'Mendoza']",2,Corrientes; Mendoza,-32.9507824,-60.643583500000005,55.0,538.0,Municipio Rosario,Municipio,Rosario,820210,Servicio de Catastro e Información Territorial,IGN