anio_acci,nro_acci,fecha,desc_dia,fecha_aprox,hora_aprox,desc_ruta,km,cant_participantes,desc_participante,calle_avenida_km,total,heridos_leves,heridos_graves,heridos_gravisimos,ilesos,fallecidos,sin_datos,posicion_XY,desc_tipo_via,desc_ruta_ori,desc_loc,desc_dpto,desc_tipo_calzada,desc_tipo_banquina,desc_unidad_regional,desc_lugar_calzada,desc_zona,desc_prioridad,desc_estado_semaforo,desc_lugar_via,desc_estado_via,desc_estado_visibilidad,desc_luminosidad,desc_estado_clima,desc_tipo_colision,desc_tipo_atropello,desc_tipo_hecho,desc_pres_calzada,desc_senializacion,desc_separacion_via,desc_restriccion,forma_geocod,calle_lista,numero_calles,calles_osm,lat,lon,index_right,gid,fna,gna,nam,in1,fdc,sag
2012,12152,2012-08-11,Sabado,0.0,,,0.0,2,"Automóvil,Automóvil",Fraga Y Av. Pellegrini,3,1,0,0,2,0,0,,Calle,,ROSARIO,Rosario,Asfalto,No existe,II,Dentro,Urbana,Semáforo,Funciona,Recta,Bueno,Buena,S/D,S/D,S/D,S/D,Colisión,S/D,Vertical,Barrera de hormigón,Sin restricción,POINT (-60.709896549999996 -32.94852544999999),"['Fraga', 'Pellegrini']",2,Rosendo María Fraga; Avenida Carlos Pellegrini,-32.94852544999999,-60.70989655,55.0,538.0,Municipio Rosario,Municipio,Rosario,820210,Servicio de Catastro e Información Territorial,IGN
2012,12154,2012-08-03,Viernes,0.0,08:00:00,,0.0,2,"Automóvil,Automóvil",Cordoba Y Santiago,3,1,0,0,2,0,0,,Calle,,ROSARIO,Rosario,S/D,S/D,II,Dentro,Urbana,S/D,S/D,S/D,S/D,Buena,Diurna,Buen Tiempo,Otro,S/D,Colisión,S/D,S/D,S/D,S/D,POINT (-60.6560118 -32.94325390000001),"['Córdoba', 'Santiago']",2,Córdoba; Santiago,-32.94325390000001,-60.6560118,55.0,538.0,Municipio Rosario,Municipio,Rosario,820210,Servicio de Catastro e Información Territorial,IGN
2012,12155,2012-08-11,Sabado,0.0,11:20:00,,0.0,2,"Automóvil,Automóvil",Zapiola Y Alvarado,3,1,0,0,2,0,0,,Calle,,ROSARIO,Rosario,Asfalto,No existe,II,Dentro,Urbana,Ninguna,No existe,Intersección,Bueno,Buena,Diurna,S/D,S/D,S/D,Colisión,S/D,Horizontal,Ninguna,Sin restricción,POINT (-60.69559660000001 -32.9449778),"['Zapiola', 'Alvarado']",2,Zapiola; Alvarado,-32.9449778,-60.69559660000001,55.0,538.0,Municipio Rosario,Municipio,Rosario,820210,Servicio de Catastro e Información Territorial,IGN
2012,12156,2012-08-06,Lunes,0.0,,,0.0,2,"Peatón,Automóvil",Cordoba 1600,2,1,0,0,1,0,0,,Calle,,ROSARIO,Rosario,Asfalto,S/D,II,Dentro,Urbana,S/D,S/D,Recta,Bueno,Buena,S/D,Buen Tiempo,Otro,S/D,Atropello,S/D,S/D,S/D,S/D,"-32.9451281, -60.6451324",['Cordoba 1600'],1,Cordoba 1600,-32.9451281,-60.6451324,55.0,538.0,Municipio Rosario,Municipio,Rosario,820210,Servicio de Catastro e Información Territorial,IGN
2012,12157,2012-08-06,Lunes,0.0,11:55:00,,0.0,2,"Moto/Ciclomotor,Automóvil",Cordoba Y Bv. Oroño,2,1,0,0,1,0,0,,Calle,,ROSARIO,Rosario,Asfalto,S/D,II,Dentro,Urbana,S/D,S/D,Intersección,Bueno,Buena,Diurna,Buen Tiempo,Otro,S/D,Colisión,S/D,S/D,S/D,S/D,POINT (-60.653337 -32.943730650000006),"['Córdoba', 'Bulevar Nicasio Oroño']",2,Córdoba; Bulevar Nicasio Oroño,-32.943730650000006,-60.653337,55.0,538.0,Municipio Rosario,Municipio,Rosario,820210,Servicio de Catastro e Información Territorial,IGN
2012,12158,2012-08-07,Martes,0.0,13:00:00,,0.0,2,"Peatón,Automóvil",Bv. Oroño Y 9 De Julio,2,1,0,0,1,0,0,,Avenida,,ROSARIO,Rosario,Asfalto,S/D,II,Dentro,Urbana,S/D,S/D,Recta,Bueno,Buena,Diurna,S/D,Otro,S/D,Atropello,S/D,S/D,S/D,S/D,POINT (-60.65516625 -32.95114735),"['Bulevar Nicasio Oroño', '9 de Julio']",2,Bulevar Nicasio Oroño; 9 de Julio,-32.95114735,-60.65516625,55.0,538.0,Municipio Rosario,Municipio,Rosario,820210,Servicio de Catastro e Información Territorial,IGN
2012,12159,2012-08-03,Viernes,0.0,13:00:00,,0.0,2,"Bicicleta,Moto/Ciclomotor",Av. Genova ,2,1,0,0,1,0,0,,Calle,,ROSARIO,Rosario,Asfalto,Pavimento,II,Dentro,Urbana,Ninguna,No existe,Intersección,Bueno,Buena,Diurna,Buen Tiempo,S/D,S/D,Atropello,S/D,Faltante,Ninguna,Sin restricción,"-32.9440455, -60.6432457",['Genova'],1,Genova,-32.9440455,-60.6432457,55.0,538.0,Municipio Rosario,Municipio,Rosario,820210,Servicio de Catastro e Información Territorial,IGN
2012,12161,2012-08-07,Martes,0.0,10:30:00,,0.0,2,"Taxi/Remis,Automóvil",Sarmiento Y Santa Fe,2,1,0,0,1,0,0,,Calle,,ROSARIO,Rosario,Asfalto,S/D,II,Dentro,Urbana,S/D,S/D,Recta,Bueno,Buena,Diurna,S/D,Otro,S/D,Colisión,S/D,S/D,S/D,S/D,POINT (-60.6378673 -32.94513020000001),"['Sarmiento', 'Santa Fe']",2,Sarmiento; Santa Fe,-32.94513020000001,-60.6378673,55.0,538.0,Municipio Rosario,Municipio,Rosario,820210,Servicio de Catastro e Información Territorial,IGN
2012,12162,2012-08-04,Sabado,0.0,15:10:00,,0.0,2,"Moto/Ciclomotor,Camión",J.B.JUSTO Y COLECTORA,2,1,0,0,1,0,0,,Calle,,ROSARIO,Rosario,Asfalto,No existe,II,Dentro,Urbana,Ninguna,No existe,Curva,Bueno,Buena,Diurna,Buen Tiempo,Lateral,S/D,Colisión,S/D,Faltante,Ninguna,Sin restricción,POINT (-60.72222620000001 -32.9336861),"['Justo', 'Colectora']",2,"('Justo José de Urquiza', 'Colectora Juan Pablo II')",-32.9336861,-60.72222620000001,55.0,538.0,Municipio Rosario,Municipio,Rosario,820210,Servicio de Catastro e Información Territorial,IGN
2012,12163,2012-08-22,Miercoles,0.0,,,0.0,2,"Automóvil,Automóvil",Carriego Y San Juan,2,1,0,0,1,0,0,,Calle,,ROSARIO,Rosario,Asfalto,S/D,II,Dentro,Urbana,S/D,S/D,Intersección,S/D,S/D,S/D,S/D,S/D,S/D,Colisión,S/D,S/D,Cordón divisorio,S/D,POINT (-60.68959670000001 -32.94115550000001),"['Carriego', 'San Juan']",2,Carriego; San Juan,-32.94115550000001,-60.68959670000001,55.0,538.0,Municipio Rosario,Municipio,Rosario,820210,Servicio de Catastro e Información Territorial,IGN
2012,12164,2012-08-08,Miercoles,0.0,13:45:00,,0.0,2,"Peatón,Automóvil",Cordoba Y Mitre,2,1,0,0,1,0,0,,Calle,,ROSARIO,Rosario,Asfalto,S/D,II,Dentro,Urbana,S/D,S/D,Intersección,Bueno,S/D,Diurna,S/D,Otro,S/D,Atropello,S/D,S/D,S/D,S/D,POINT (-60.639588999999994 -32.9461704),"['Córdoba', 'Mitre']",2,Córdoba; Bartolomé Mitre,-32.9461704,-60.639589,55.0,538.0,Municipio Rosario,Municipio,Rosario,820210,Servicio de Catastro e Información Territorial,IGN
2012,12165,2012-08-04,Sabado,0.0,19:45:00,,0.0,2,"Moto/Ciclomotor,Automóvil",J.J.Paso Y Olavarria Bis,3,2,0,0,1,0,0,,Calle,,ROSARIO,Rosario,Asfalto,No existe,II,Dentro,Urbana,Ninguna,No existe,Intersección,Bueno,Buena,Nocturna,Buen Tiempo,Lateral,S/D,Colisión,S/D,Faltante,Ninguna,Sin restricción,POINT (-60.7043792 -32.9199808),"['Paso', 'Olavarría']",2,Avenida Juan José Paso; Olavarría,-32.9199808,-60.7043792,55.0,538.0,Municipio Rosario,Municipio,Rosario,820210,Servicio de Catastro e Información Territorial,IGN
2012,12166,2012-08-10,Viernes,0.0,,,0.0,3,"Moto/Ciclomotor,Automóvil,Taxi/Remis",Santa Fe Y Bv. Oroño,3,1,0,0,2,0,0,,Calle,,ROSARIO,Rosario,Asfalto,S/D,II,Dentro,Urbana,S/D,Funciona,Intersección,Bueno,S/D,S/D,S/D,Otro,S/D,Colisión,S/D,S/D,S/D,S/D,POINT (-60.65298555 -32.94236794999999),"['Santa Fe', 'Bulevar Nicasio Oroño']",2,Santa Fe; Bulevar Nicasio Oroño,-32.94236794999999,-60.65298555,55.0,538.0,Municipio Rosario,Municipio,Rosario,820210,Servicio de Catastro e Información Territorial,IGN
2012,12167,2012-08-10,Viernes,0.0,,,0.0,2,"Moto/Ciclomotor,Taxi/Remis",Italia Y Rioja,2,1,0,0,1,0,0,,Calle,,ROSARIO,Rosario,Asfalto,S/D,II,Dentro,Urbana,S/D,S/D,Intersección,Bueno,Buena,S/D,S/D,Otro,S/D,Colisión,S/D,S/D,S/D,S/D,POINT (-60.6481592 -32.945870500000005),"['Italia', 'Rioja']",2,Italia; Rioja,-32.945870500000005,-60.6481592,55.0,538.0,Municipio Rosario,Municipio,Rosario,820210,Servicio de Catastro e Información Territorial,IGN
2012,12168,2012-08-21,Martes,0.0,,,0.0,3,"Taxi/Remis,Automóvil,Automóvil",Cafferata Y Marcos Paz,4,1,0,0,2,0,1,,Calle,,ROSARIO,Rosario,Asfalto,S/D,II,Dentro,Urbana,S/D,S/D,Intersección,S/D,S/D,S/D,S/D,S/D,S/D,Colisión,S/D,S/D,Cordón divisorio,S/D,POINT (-60.672085700000004 -32.94499969999999),"['Cafferata', 'Marcos Paz']",2,Cafferata; Marcos Paz,-32.94499969999999,-60.6720857,55.0,538.0,Municipio Rosario,Municipio,Rosario,820210,Servicio de Catastro e Información Territorial,IGN
2012,12169,2012-03-07,Miercoles,0.0,15:00:00,,0.0,2,"Peatón,Automóvil",Barra Y Av. Genova,2,1,0,0,0,0,1,,Calle,,ROSARIO,Rosario,Asfalto,No existe,II,Dentro,Urbana,Ninguna,No existe,Intersección,Bueno,Buena,Diurna,Buen Tiempo,S/D,S/D,Atropello,S/D,Faltante,Ninguna,Sin restricción,POINT (-60.7080879 -32.9158538),"['Barra', 'Genova']",2,Barraco; Avenida Génova,-32.9158538,-60.7080879,55.0,538.0,Municipio Rosario,Municipio,Rosario,820210,Servicio de Catastro e Información Territorial,IGN
2012,12170,2012-08-12,Domingo,0.0,,,0.0,2,"Automóvil,Automóvil",Mendoza Y Mariano Moreno,3,2,0,0,1,0,0,,Calle,,ROSARIO,Rosario,Asfalto,S/D,II,Dentro,Urbana,S/D,S/D,Intersección,S/D,Buena,S/D,S/D,Otro,S/D,Colisión,S/D,S/D,S/D,S/D,POINT (-60.6519029 -32.949323199999995),"['Mendoza', 'Mariano Moreno']",2,Mendoza; Mariano Moreno,-32.949323199999995,-60.6519029,55.0,538.0,Municipio Rosario,Municipio,Rosario,820210,Servicio de Catastro e Información Territorial,IGN
2012,12171,2012-08-21,Martes,0.0,,,0.0,1,Pickup/Utilitario,Rioja Y Ricchieri,3,1,0,0,2,0,0,,Calle,,ROSARIO,Rosario,Asfalto,S/D,II,Dentro,Urbana,S/D,S/D,Intersección,S/D,S/D,S/D,S/D,S/D,S/D,Colisión,S/D,S/D,Cordón divisorio,S/D,POINT (-60.6631309 -32.943174600000006),"['Rioja', 'Ricchieri']",2,Rioja; Ricchieri,-32.943174600000006,-60.6631309,55.0,538.0,Municipio Rosario,Municipio,Rosario,820210,Servicio de Catastro e Información Territorial,IGN
2012,12172,2012-08-13,Lunes,0.0,,,0.0,3,"Peatón,Peatón,Automóvil",Sarmiento Y San Juan,3,2,0,0,1,0,0,,Calle,,ROSARIO,Rosario,Asfalto,S/D,II,Dentro,Urbana,S/D,S/D,Intersección,Bueno,Buena,S/D,S/D,Otro,S/D,Atropello,S/D,S/D,S/D,S/D,POINT (-60.6391042 -32.950156699999994),"['Sarmiento', 'San Juan']",2,Sarmiento; San Juan,-32.950156699999994,-60.6391042,55.0,538.0,Municipio Rosario,Municipio,Rosario,820210,Servicio de Catastro e Información Territorial,IGN
2012,12173,2012-08-14,Martes,0.0,20:10:00,,0.0,2,"Moto/Ciclomotor,Automóvil",Bv. Oroño Y 9 De Julio,2,1,0,0,1,0,0,,Avenida,,ROSARIO,Rosario,Asfalto,S/D,II,S/D,Urbana,S/D,S/D,Intersección,Bueno,S/D,Nocturna,S/D,Otro,S/D,Colisión,S/D,S/D,S/D,S/D,POINT (-60.65516625 -32.95114735),"['Bulevar Nicasio Oroño', '9 de Julio']",2,Bulevar Nicasio Oroño; 9 de Julio,-32.95114735,-60.65516625,55.0,538.0,Municipio Rosario,Municipio,Rosario,820210,Servicio de Catastro e Información Territorial,IGN
2012,12174,2012-08-07,Martes,0.0,03:25:00,,0.0,2,"Moto/Ciclomotor,Automóvil",De Angelis Bis Y Av. Genova,3,2,0,0,0,0,1,,Calle,,ROSARIO,Rosario,Asfalto,No existe,II,Dentro,Urbana,S/D,No existe,Intersección,Bueno,Buena,Diurna,Buen Tiempo,Lateral,S/D,Colisión,S/D,Faltante,Ninguna,Sin restricción,POINT (-60.6990246 -32.915588699999994),"['De Ángelis', 'Genova']",2,De Ángelis; Avenida Génova,-32.915588699999994,-60.6990246,55.0,538.0,Municipio Rosario,Municipio,Rosario,820210,Servicio de Catastro e Información Territorial,IGN
2012,12175,2012-08-21,Martes,0.0,10:40:00,,0.0,2,"Automóvil,Moto/Ciclomotor",Montevideo Y Vera Mujica,2,1,0,0,1,0,0,,Calle,,ROSARIO,Rosario,Asfalto,S/D,II,Dentro,Urbana,S/D,S/D,Intersección,S/D,S/D,Diurna,S/D,S/D,S/D,Colisión,S/D,S/D,Cordón divisorio,S/D,POINT (-60.6693572 -32.95101059999999),"['Montevideo', 'Vera Mujíca']",2,Montevideo; Vera Mujíca,-32.95101059999999,-60.6693572,55.0,538.0,Municipio Rosario,Municipio,Rosario,820210,Servicio de Catastro e Información Territorial,IGN
2012,12176,2012-08-20,Lunes,0.0,18:30:00,,0.0,2,"Moto/Ciclomotor,Automóvil",Lavalle Y 3 De Febrero,3,2,0,0,1,0,0,,Calle,,ROSARIO,Rosario,Asfalto,S/D,II,Dentro,Urbana,S/D,S/D,Intersección,S/D,S/D,Atardecer,S/D,S/D,S/D,S/D,S/D,S/D,Cordón divisorio,S/D,POINT (-60.6793582 -32.94569909999999),"['Lavalle', '3 de Febrero']",2,Lavalle; 3 de Febrero,-32.94569909999999,-60.6793582,55.0,538.0,Municipio Rosario,Municipio,Rosario,820210,Servicio de Catastro e Información Territorial,IGN
2012,12177,2012-08-01,Miercoles,0.0,18:00:00,,0.0,2,"Bicicleta,Automóvil",J.J.Paso Y Antelo Bis,3,2,0,0,1,0,0,,Calle,,ROSARIO,Rosario,Asfalto,S/D,II,Dentro,Urbana,S/D,S/D,Recta,Bueno,S/D,S/D,Buen Tiempo,S/D,S/D,Atropello,S/D,Faltante,Barrera de hormigón,Sin restricción,POINT (-60.68656570000001 -32.9194636),"['Paso', 'Antelo']",2,Avenida Juan José Paso; Mario Antelo,-32.9194636,-60.68656570000001,55.0,538.0,Municipio Rosario,Municipio,Rosario,820210,Servicio de Catastro e Información Territorial,IGN
2012,12179,2012-08-14,Martes,0.0,06:45:00,,0.0,2,"Automóvil,Automóvil",Cordoba Y Dorrego,3,1,0,0,2,0,0,,Calle,,ROSARIO,Rosario,Asfalto,S/D,II,Dentro,Urbana,S/D,S/D,Intersección,Bueno,S/D,Amanecer,S/D,S/D,S/D,Colisión,S/D,S/D,S/D,S/D,POINT (-60.64918180000001 -32.94445519999999),"['Córdoba', 'Dorrego']",2,Córdoba; Manuel Dorrego,-32.94445519999999,-60.64918180000001,55.0,538.0,Municipio Rosario,Municipio,Rosario,820210,Servicio de Catastro e Información Territorial,IGN
2012,12181,2012-08-18,Sabado,0.0,,,0.0,2,"Camión,Automóvil",Italia Y 3 De Febrero,3,1,0,0,2,0,0,,Calle,,ROSARIO,Rosario,Asfalto,S/D,II,Dentro,Urbana,S/D,S/D,Intersección,Bueno,Buena,S/D,Buen Tiempo,Frontal,S/D,Colisión,S/D,S/D,S/D,S/D,POINT (-60.6494628 -32.95104619999999),"['Italia', '3 de Febrero']",2,Italia; 3 de Febrero,-32.95104619999999,-60.6494628,55.0,538.0,Municipio Rosario,Municipio,Rosario,820210,Servicio de Catastro e Información Territorial,IGN
2012,12182,2012-08-19,Domingo,0.0,21:30:00,,0.0,2,"Transporte de Pasajeros Urbano (> 8 asientos),Automóvil",Av. Avellaneda B Y San Juan,2,1,0,0,1,0,0,,Avenida,,ROSARIO,Rosario,Asfalto,S/D,II,Dentro,Urbana,S/D,S/D,Intersección,S/D,S/D,Nocturna,S/D,S/D,S/D,Colisión,S/D,S/D,Cordón divisorio,Sin restricción,POINT (-60.680076299999996 -32.94284435),"['Avellaneda', 'San Juan']",2,Bulevar Nicolás Avellaneda; San Juan,-32.94284435,-60.6800763,55.0,538.0,Municipio Rosario,Municipio,Rosario,820210,Servicio de Catastro e Información Territorial,IGN
2012,12184,2012-08-16,Jueves,0.0,,,0.0,2,"Peatón,Moto/Ciclomotor",Av. Francia Y Mendoza,2,2,0,0,0,0,0,,Avenida,,ROSARIO,Rosario,Asfalto,S/D,II,Dentro,Urbana,S/D,S/D,Intersección,S/D,S/D,S/D,S/D,S/D,S/D,Atropello,S/D,S/D,Cordón divisorio,S/D,POINT (-60.6668048 -32.946657849999994),"['Avenida Francia', 'Mendoza']",2,Avenida Francia; Mendoza,-32.946657849999994,-60.6668048,55.0,538.0,Municipio Rosario,Municipio,Rosario,820210,Servicio de Catastro e Información Territorial,IGN
2012,12185,2012-08-16,Jueves,0.0,22:40:00,,0.0,2,"Automóvil,Moto/Ciclomotor",3 De Febrero Y Santiago,4,1,0,0,3,0,0,,Calle,,ROSARIO,Rosario,Asfalto,S/D,II,Dentro,Urbana,S/D,S/D,Intersección,S/D,S/D,Nocturna,S/D,S/D,S/D,Colisión,S/D,S/D,Cordón divisorio,S/D,POINT (-60.6576192 -32.9496077),"['3 de Febrero', 'Santiago']",2,3 de Febrero; Santiago,-32.9496077,-60.6576192,55.0,538.0,Municipio Rosario,Municipio,Rosario,820210,Servicio de Catastro e Información Territorial,IGN
2012,12218,2012-08-15,Miercoles,0.0,,,0.0,2,"Moto/Ciclomotor,Automóvil",Santa Fe Y Italia,2,1,0,0,1,0,0,,S/D,,ROSARIO,Rosario,Asfalto,S/D,II,S/D,Urbana,S/D,S/D,Intersección,S/D,S/D,S/D,Buen Tiempo,S/D,S/D,Colisión,S/D,S/D,S/D,S/D,POINT (-60.6475241 -32.94334839999999),"['Santa Fe', 'Italia']",2,Santa Fe; Italia,-32.94334839999999,-60.6475241,55.0,538.0,Municipio Rosario,Municipio,Rosario,820210,Servicio de Catastro e Información Territorial,IGN
2012,12219,2012-08-16,Jueves,0.0,,,0.0,2,"Peatón,Moto/Ciclomotor",San Martin Y Av. Pellegrini,2,1,0,0,1,0,0,,S/D,,ROSARIO,Rosario,Asfalto,S/D,II,S/D,Urbana,S/D,S/D,Intersección,S/D,Buena,Diurna,Buen Tiempo,S/D,S/D,Atropello,S/D,S/D,S/D,S/D,POINT (-60.68038573333334 -32.9696798),"['San Martin', 'Pellegrini']",2,José de San Martín; Avenida Carlos Pellegrini,-32.9696798,-60.68038573333334,55.0,538.0,Municipio Rosario,Municipio,Rosario,820210,Servicio de Catastro e Información Territorial,IGN
2012,12220,2012-08-16,Jueves,0.0,07:50:00,,0.0,2,"Moto/Ciclomotor,Automóvil",zeballos Y mitre,2,1,0,0,1,0,0,,S/D,,ROSARIO,Rosario,Asfalto,S/D,II,S/D,Urbana,S/D,S/D,Intersección,Bueno,S/D,Diurna,Buen Tiempo,S/D,S/D,Colisión,S/D,S/D,S/D,S/D,POINT (-60.641725300000004 -32.95477609999999),"['Zeballos', 'Mitre']",2,Zeballos; Bartolomé Mitre,-32.95477609999999,-60.6417253,55.0,538.0,Municipio Rosario,Municipio,Rosario,820210,Servicio de Catastro e Información Territorial,IGN
2012,12223,2012-08-16,Jueves,0.0,,,0.0,1,Peatón,San Martin Y Av. Pellegrini,2,1,0,0,1,0,0,,S/D,,ROSARIO,Rosario,Asfalto,S/D,II,S/D,Urbana,S/D,S/D,Intersección,Bueno,Buena,S/D,Buen Tiempo,S/D,S/D,Atropello,S/D,S/D,S/D,S/D,POINT (-60.68038573333334 -32.9696798),"['San Martin', 'Pellegrini']",2,José de San Martín; Avenida Carlos Pellegrini,-32.9696798,-60.68038573333334,55.0,538.0,Municipio Rosario,Municipio,Rosario,820210,Servicio de Catastro e Información Territorial,IGN
2012,12225,2012-08-17,Viernes,0.0,,,0.0,2,"Moto/Ciclomotor,Moto/Ciclomotor",Mitre Y Av. Pellegrini,2,2,0,0,0,0,0,,S/D,,ROSARIO,Rosario,Asfalto,S/D,II,S/D,Urbana,S/D,S/D,Intersección,Bueno,Buena,Diurna,Buen Tiempo,Otro,S/D,Colisión,S/D,S/D,S/D,S/D,POINT (-60.642289899999994 -32.9570524),"['Mitre', 'Pellegrini']",2,Bartolomé Mitre; Avenida Carlos Pellegrini,-32.9570524,-60.6422899,55.0,538.0,Municipio Rosario,Municipio,Rosario,820210,Servicio de Catastro e Información Territorial,IGN
2012,12232,2012-08-17,Viernes,0.0,,,0.0,1,,Mitre Y Av. Pellegrini,2,2,0,0,0,0,0,,S/D,,ROSARIO,Rosario,Asfalto,S/D,II,S/D,Urbana,S/D,S/D,Intersección,S/D,Buena,S/D,Buen Tiempo,Otro,S/D,Colisión,S/D,S/D,S/D,S/D,POINT (-60.642289899999994 -32.9570524),"['Mitre', 'Pellegrini']",2,Bartolomé Mitre; Avenida Carlos Pellegrini,-32.9570524,-60.6422899,55.0,538.0,Municipio Rosario,Municipio,Rosario,820210,Servicio de Catastro e Información Territorial,IGN
2012,12233,2012-08-27,Lunes,0.0,11:45:00,,0.0,2,"Moto/Ciclomotor,Taxi/Remis",Dorrego Y Cordoba,2,1,0,0,1,0,0,,S/D,,ROSARIO,Rosario,Asfalto,S/D,II,S/D,Urbana,S/D,S/D,Intersección,Bueno,S/D,Diurna,Buen Tiempo,Otro,S/D,Colisión,S/D,S/D,S/D,S/D,POINT (-60.64918180000001 -32.94445519999999),"['Dorrego', 'Córdoba']",2,Manuel Dorrego; Córdoba,-32.94445519999999,-60.64918180000001,55.0,538.0,Municipio Rosario,Municipio,Rosario,820210,Servicio de Catastro e Información Territorial,IGN
2012,12235,2012-08-27,Lunes,0.0,12:35:00,,0.0,2,"Moto/Ciclomotor,Pickup/Utilitario",Rioja Y Sarmiento,2,1,0,0,1,0,0,,Calle,,ROSARIO,Rosario,Asfalto,S/D,II,Dentro,Urbana,S/D,S/D,Intersección,Bueno,Buena,Diurna,Buen Tiempo,Otro,S/D,Colisión,S/D,S/D,S/D,S/D,POINT (-60.63849449999999 -32.947679599999994),"['Rioja', 'Sarmiento']",2,Rioja; Sarmiento,-32.947679599999994,-60.63849449999999,55.0,538.0,Municipio Rosario,Municipio,Rosario,820210,Servicio de Catastro e Información Territorial,IGN
2012,12236,2012-08-25,Sabado,0.0,12:20:00,,0.0,2,"Peatón,Pickup/Utilitario",3 De Febrero Y Av. Corrientes,2,1,0,0,1,0,0,,Avenida,,ROSARIO,Rosario,Asfalto,S/D,II,Dentro,Urbana,S/D,S/D,Intersección,S/D,Buena,Diurna,S/D,Otro,S/D,Atropello,S/D,S/D,S/D,S/D,POINT (-60.6438985 -32.952018499999994),"['3 de Febrero', 'Corrientes']",2,3 de Febrero; Corrientes,-32.952018499999994,-60.6438985,55.0,538.0,Municipio Rosario,Municipio,Rosario,820210,Servicio de Catastro e Información Territorial,IGN
2012,12238,2012-08-25,Sabado,0.0,13:50:00,,0.0,2,"Automóvil,Automóvil",San Juan Y Paraguay,2,1,0,0,1,0,0,,Calle,,ROSARIO,Rosario,Asfalto,S/D,II,Dentro,Urbana,S/D,S/D,Recta,Bueno,S/D,Diurna,S/D,Otro,S/D,Colisión,S/D,S/D,S/D,S/D,POINT (-60.64466079999999 -32.94915720000001),"['San Juan', 'Paraguay']",2,San Juan; Paraguay,-32.94915720000001,-60.64466079999999,55.0,538.0,Municipio Rosario,Municipio,Rosario,820210,Servicio de Catastro e Información Territorial,IGN
2012,12239,2012-08-28,Martes,0.0,08:30:00,,0.0,2,"Moto/Ciclomotor,Automóvil",ZEBALLOS Y BALCARCE,2,1,0,0,1,0,0,,S/D,,ROSARIO,Rosario,Asfalto,S/D,II,S/D,Urbana,S/D,S/D,Intersección,Bueno,S/D,Diurna,S/D,Otro,S/D,Colisión,S/D,S/D,S/D,S/D,POINT (-60.6541017 -32.9525317),"['Zeballos', 'Balcarce']",2,Zeballos; Balcarce,-32.9525317,-60.6541017,55.0,538.0,Municipio Rosario,Municipio,Rosario,820210,Servicio de Catastro e Información Territorial,IGN
2012,12241,2012-08-08,Miercoles,0.0,12:30:00,,0.0,2,"Peatón,Automóvil",Dorrego Y E.Zeballos,2,1,0,0,1,0,0,,Calle,,ROSARIO,Rosario,Asfalto,S/D,II,Dentro,Urbana,S/D,S/D,Intersección,S/D,S/D,Diurna,S/D,Otro,S/D,Colisión,S/D,S/D,S/D,S/D,POINT (-60.6513524 -32.95302869999999),"['Dorrego', 'Zeballos']",2,Manuel Dorrego; Zeballos,-32.95302869999999,-60.6513524,55.0,538.0,Municipio Rosario,Municipio,Rosario,820210,Servicio de Catastro e Información Territorial,IGN
2012,12243,2012-08-24,Viernes,0.0,12:30:00,,0.0,2,"Automóvil,Transporte Escolar",Mariano Moreno 1500,2,1,0,0,1,0,0,,Calle,,ROSARIO,Rosario,Asfalto,S/D,II,Dentro,Urbana,S/D,S/D,Recta,S/D,S/D,Diurna,Buen Tiempo,Otro,S/D,Colisión,S/D,S/D,Barrera de hormigón,S/D,"-32.9526065, -60.6527923",['Mariano Moreno 1500'],1,Mariano Moreno 1500,-32.9526065,-60.6527923,55.0,538.0,Municipio Rosario,Municipio,Rosario,820210,Servicio de Catastro e Información Territorial,IGN
2012,12244,2012-07-31,Martes,0.0,10:45:00,,0.0,2,"Bicicleta,Automóvil",Jujuy 1500,2,1,0,0,1,0,0,,Calle,,ROSARIO,Rosario,Asfalto,No existe,II,Dentro,Urbana,Ninguna,No existe,Recta,Bueno,Buena,Diurna,Buen Tiempo,Contra objeto fijo,S/D,Atropello,S/D,Faltante,Ninguna,Sin restricción,"-32.9372411, -60.6415747",['Jujuy 1500'],1,Jujuy 1500,-32.9372411,-60.6415747,55.0,538.0,Municipio Rosario,Municipio,Rosario,820210,Servicio de Catastro e Información Territorial,IGN
2012,12245,2012-08-24,Viernes,0.0,08:55:00,,0.0,2,"Moto/Ciclomotor,Automóvil",Alvear Y E.Zeballos,2,1,0,0,1,0,0,,Calle,,ROSARIO,Rosario,Asfalto,S/D,II,Dentro,Urbana,S/D,S/D,Intersección,Bueno,Buena,Diurna,S/D,Otro,S/D,Colisión,S/D,S/D,S/D,S/D,POINT (-60.6568183 -32.9520403),"['Alvear', 'Zeballos']",2,Alvear; Zeballos,-32.9520403,-60.6568183,55.0,538.0,Municipio Rosario,Municipio,Rosario,820210,Servicio de Catastro e Información Territorial,IGN
2012,12247,2012-08-22,Miercoles,0.0,13:15:00,,0.0,2,"Bicicleta,Automóvil",Mitre Y Montevideo,2,1,0,0,1,0,0,,Calle,,ROSARIO,Rosario,Asfalto,S/D,II,Dentro,Urbana,S/D,S/D,Intersección,Bueno,S/D,Diurna,S/D,Otro,S/D,Atropello,S/D,S/D,S/D,S/D,POINT (-60.6420026 -32.95589439999999),"['Mitre', 'Montevideo']",2,Bartolomé Mitre; Montevideo,-32.95589439999999,-60.6420026,55.0,538.0,Municipio Rosario,Municipio,Rosario,820210,Servicio de Catastro e Información Territorial,IGN