anio_acci,nro_acci,fecha,desc_dia,fecha_aprox,hora_aprox,desc_ruta,km,cant_participantes,desc_participante,calle_avenida_km,total,heridos_leves,heridos_graves,heridos_gravisimos,ilesos,fallecidos,sin_datos,posicion_XY,desc_tipo_via,desc_ruta_ori,desc_loc,desc_dpto,desc_tipo_calzada,desc_tipo_banquina,desc_unidad_regional,desc_lugar_calzada,desc_zona,desc_prioridad,desc_estado_semaforo,desc_lugar_via,desc_estado_via,desc_estado_visibilidad,desc_luminosidad,desc_estado_clima,desc_tipo_colision,desc_tipo_atropello,desc_tipo_hecho,desc_pres_calzada,desc_senializacion,desc_separacion_via,desc_restriccion,forma_geocod,calle_lista,numero_calles,calles_osm,lat,lon,index_right,gid,fna,gna,nam,in1,fdc,sag
2012,12249,2012-08-22,Miercoles,0.0,,,0.0,2,"Moto/Ciclomotor,Automóvil",Italia Y Santa Fe,3,1,0,0,2,0,0,,Calle,,ROSARIO,Rosario,Asfalto,S/D,II,Dentro,Urbana,S/D,S/D,Intersección,Bueno,S/D,S/D,Buen Tiempo,S/D,S/D,Colisión,S/D,S/D,S/D,S/D,POINT (-60.6475241 -32.94334839999999),"['Italia', 'Santa Fe']",2,Italia; Santa Fe,-32.94334839999999,-60.6475241,55.0,538.0,Municipio Rosario,Municipio,Rosario,820210,Servicio de Catastro e Información Territorial,IGN
2012,12250,2012-08-04,Sabado,0.0,05:30:00,,0.0,2,"Automóvil,Transporte de Pasajeros Urbano (> 8 asientos)",Catamarca Y Pte.Roca,6,4,1,0,1,0,0,,Calle,,ROSARIO,Rosario,Asfalto,No existe,II,Dentro,Urbana,Ninguna,No existe,Intersección,Bueno,Buena,Diurna,Buen Tiempo,Frontal,S/D,Colisión,S/D,Faltante,Ninguna,Sin restricción,POINT (-60.64362650000001 -32.9393896),"['Catamarca', 'Roca']",2,Catamarca; Presidente Roca,-32.9393896,-60.64362650000001,55.0,538.0,Municipio Rosario,Municipio,Rosario,820210,Servicio de Catastro e Información Territorial,IGN
2012,12251,2012-08-22,Miercoles,0.0,,,0.0,2,"Automóvil,Automóvil",San Juan Y Alvear,3,2,0,0,1,0,0,,Calle,,ROSARIO,Rosario,Asfalto,S/D,II,Dentro,Urbana,S/D,S/D,Intersección,S/D,S/D,S/D,Buen Tiempo,Otro,S/D,Colisión,S/D,S/D,S/D,S/D,POINT (-60.6556081 -32.94720589999999),"['San Juan', 'Alvear']",2,San Juan; Alvear,-32.94720589999999,-60.6556081,55.0,538.0,Municipio Rosario,Municipio,Rosario,820210,Servicio de Catastro e Información Territorial,IGN
2012,12280,2012-08-23,Jueves,0.0,14:30:00,,0.0,2,"Taxi/Remis,Automóvil",San Juan Y Dorrego,4,1,0,0,3,0,0,,Calle,,ROSARIO,Rosario,Asfalto,S/D,II,Dentro,Urbana,S/D,S/D,Intersección,Bueno,S/D,Diurna,Buen Tiempo,Otro,S/D,Colisión,S/D,S/D,S/D,S/D,POINT (-60.650125 -32.948187199999985),"['San Juan', 'Dorrego']",2,"('San Juan', 'Manuel Dorrego')",-32.948187199999985,-60.650125,55.0,538.0,Municipio Rosario,Municipio,Rosario,820210,Servicio de Catastro e Información Territorial,IGN
2012,12281,2012-08-09,Jueves,0.0,,,0.0,2,"Taxi/Remis,Taxi/Remis",San Lorenzo Y Rio De Janeiro,3,1,0,0,2,0,0,,Calle,,ROSARIO,Rosario,Asfalto,No existe,II,Dentro,Urbana,Semáforo,No existe,Recta,Bueno,S/D,S/D,S/D,Otro,S/D,Colisión,S/D,Faltante,Línea divisoria pintada,Sin restricción,POINT (-60.67993599999999 -32.93654899999999),"['San Lorenzo', 'Río de Janeiro']",2,San Lorenzo; Río de Janeiro,-32.93654899999999,-60.67993599999999,55.0,538.0,Municipio Rosario,Municipio,Rosario,820210,Servicio de Catastro e Información Territorial,IGN
2012,12282,2012-08-06,Lunes,0.0,11:00:00,,0.0,2,"Automóvil,Moto/Ciclomotor",French Y Peru,2,1,0,0,1,0,0,,Calle,,ROSARIO,Rosario,Asfalto,No existe,II,Dentro,Urbana,Ninguna,No existe,Intersección,Bueno,Buena,Diurna,S/D,Lateral,S/D,Colisión,S/D,S/D,Ninguna,Sin restricción,POINT (-60.7121846 -32.92176010000001),"['French', 'Peru']",2,Domingo French; Perú,-32.92176010000001,-60.7121846,55.0,538.0,Municipio Rosario,Municipio,Rosario,820210,Servicio de Catastro e Información Territorial,IGN
2012,12291,2012-08-06,Lunes,0.0,09:20:00,,0.0,2,"Moto/Ciclomotor,Automóvil",Urquiza Y Camilo Aldao,2,1,0,0,1,0,0,,Calle,,ROSARIO,Rosario,Asfalto,No existe,II,Dentro,Urbana,Ninguna,No existe,Intersección,Bueno,Buena,Diurna,S/D,Lateral,S/D,Colisión,S/D,Faltante,Ninguna,Sin restricción,POINT (-60.696281600000006 -32.93297689999999),"['Urquiza', 'Camilo Aldao']",2,Justo José de Urquiza; Camilo Aldao,-32.93297689999999,-60.696281600000006,55.0,538.0,Municipio Rosario,Municipio,Rosario,820210,Servicio de Catastro e Información Territorial,IGN
2012,12293,2012-08-09,Jueves,0.0,09:20:00,,0.0,2,"Automóvil,Automóvil",Solis Y Calle 1507,3,1,0,0,2,0,0,,Calle,,ROSARIO,Rosario,Asfalto,No existe,II,Dentro,Urbana,Ninguna,No existe,Intersección,Bueno,Buena,Diurna,S/D,Lateral,S/D,Colisión,S/D,Faltante,Ninguna,Sin restricción,POINT (-60.703762700000006 -32.9318448),"['Solis', 'Pasaje 1517']",2,Juan Díaz de Solís; Pasaje 1517,-32.9318448,-60.703762700000006,55.0,538.0,Municipio Rosario,Municipio,Rosario,820210,Servicio de Catastro e Información Territorial,IGN
2012,12294,2012-09-15,Sabado,0.0,10:20:00,,0.0,2,"Bicicleta,Automóvil",Bv. Segui Y Santiago,2,1,0,0,1,0,0,,Avenida,,ROSARIO,Rosario,Asfalto,No existe,II,Dentro,Urbana,Ninguna,No existe,Intersección,S/D,S/D,Diurna,S/D,Lateral,S/D,Atropello,S/D,S/D,Ninguna,Sin restricción,POINT (-60.66421355000001 -32.97588705),"['Bulevar Juan Francisco Seguí', 'Santiago']",2,Bulevar Juan Francisco Seguí; Santiago,-32.97588705,-60.66421355000001,55.0,538.0,Municipio Rosario,Municipio,Rosario,820210,Servicio de Catastro e Información Territorial,IGN
2012,12296,2012-01-07,Sabado,0.0,20:00:00,,0.0,1,Moto/Ciclomotor,Bv. Avellaneda 6400,1,0,0,0,0,1,0,,Avenida,,ROSARIO,Rosario,Asfalto,No existe,II,Dentro,Urbana,Ninguna,No existe,Recta,Bueno,Buena,Atardecer,Buen Tiempo,S/D,S/D,Caída ocupante,S/D,Horizontal,Cordón divisorio,Sin restricción,"-32.9499307, -60.6819034",['Avellaneda 6400'],1,Avellaneda 6400,-32.9499307,-60.6819034,55.0,538.0,Municipio Rosario,Municipio,Rosario,820210,Servicio de Catastro e Información Territorial,IGN
2012,12297,2012-01-27,Viernes,0.0,20:40:00,,0.0,1,Moto/Ciclomotor,Bv. 27 De Febrero Y Santiago,1,0,0,0,0,1,0,,Avenida,,ROSARIO,Rosario,Asfalto,No existe,II,Dentro,Urbana,S/D,No existe,Intersección,Bueno,Buena,"Nocturna,Con luz artificial",Buen Tiempo,S/D,S/D,Caída ocupante,S/D,Horizontal,Cordón divisorio,S/D,POINT (-60.66128945 -32.9644092),"['27 de Febrero', 'Santiago']",2,Bulevar 27 de Febrero; Santiago,-32.9644092,-60.66128945,55.0,538.0,Municipio Rosario,Municipio,Rosario,820210,Servicio de Catastro e Información Territorial,IGN
2012,12298,2012-01-31,Martes,0.0,11:45:00,,0.0,1,Automóvil,Mitre 3100,1,0,0,0,0,1,0,,Calle,,ROSARIO,Rosario,Asfalto,No existe,II,Fuera,Urbana,S/D,No existe,Recta,Bueno,Buena,Diurna,Buen Tiempo,Contra objeto fijo,S/D,"Colisión,Despiste",S/D,S/D,Ninguna,Sin restricción,"-32.9729663, -60.646447",['Mitre 3100'],1,Mitre 3100,-32.9729663,-60.646447,55.0,538.0,Municipio Rosario,Municipio,Rosario,820210,Servicio de Catastro e Información Territorial,IGN
2012,12300,2012-08-07,Martes,0.0,12:40:00,,0.0,2,"Transporte de Pasajeros Urbano (> 8 asientos),Otros",Urquiza Y Av. Corrientes,3,1,0,0,2,0,0,,Calle,,ROSARIO,Rosario,Asfalto,No existe,II,Dentro,Urbana,Ninguna,No existe,Intersección,Bueno,Buena,Diurna,Buen Tiempo,Lateral,S/D,Colisión,S/D,Faltante,Ninguna,Sin restricción,POINT (-60.6414615 -32.9422391),"['Urquiza', 'Corrientes']",2,Justo José de Urquiza; Corrientes,-32.9422391,-60.6414615,55.0,538.0,Municipio Rosario,Municipio,Rosario,820210,Servicio de Catastro e Información Territorial,IGN
2012,12301,2012-08-29,Miercoles,0.0,19:50:00,,0.0,2,"Automóvil,Moto/Ciclomotor",Sarmiento Y Garibaldi,2,1,0,0,1,0,0,,Calle,,ROSARIO,Rosario,Asfalto,No existe,II,Dentro,Urbana,Ninguna,No existe,Recta,Con baches,Buena,Con luz artificial,Buen Tiempo,Lateral,S/D,Colisión,S/D,S/D,Ninguna,S/D,POINT (-60.6481261 -32.9859707),"['Sarmiento', 'José Garibaldi']",2,Sarmiento; José Garibaldi,-32.9859707,-60.6481261,55.0,538.0,Municipio Rosario,Municipio,Rosario,820210,Servicio de Catastro e Información Territorial,IGN
2012,12302,2012-08-07,Martes,0.0,21:15:00,,0.0,2,"Automóvil,Automóvil",Alvear Y Urquiza,2,1,0,0,1,0,0,,Calle,,ROSARIO,Rosario,Asfalto,No existe,II,Dentro,Urbana,Ninguna,No existe,Intersección,Bueno,Buena,Nocturna,Buen Tiempo,Lateral,S/D,Colisión,S/D,Faltante,Ninguna,Sin restricción,POINT (-60.653803100000005 -32.9399875),"['Alvear', 'Urquiza']",2,Alvear; Justo José de Urquiza,-32.9399875,-60.653803100000005,55.0,538.0,Municipio Rosario,Municipio,Rosario,820210,Servicio de Catastro e Información Territorial,IGN
2012,12304,2012-08-09,Jueves,0.0,08:00:00,,0.0,1,Moto/Ciclomotor,Italia Y Tucuman,2,0,1,0,1,0,0,,Calle,,ROSARIO,Rosario,Asfalto,No existe,II,Dentro,Urbana,Ninguna,No existe,Intersección,Bueno,Buena,Diurna,Buen Tiempo,Lateral,S/D,Colisión,S/D,Faltante,Ninguna,Sin restricción,POINT (-60.6466936 -32.9400487),"['Italia', 'Tucumán']",2,Italia; Tucumán,-32.9400487,-60.6466936,55.0,538.0,Municipio Rosario,Municipio,Rosario,820210,Servicio de Catastro e Información Territorial,IGN
2012,12307,2012-08-09,Jueves,0.0,08:00:00,,0.0,2,"Moto/Ciclomotor,Taxi/Remis",Italia Y Tucuman,2,0,1,0,1,0,0,,Calle,,ROSARIO,Rosario,Asfalto,No existe,II,Dentro,Urbana,Ninguna,No existe,Intersección,Bueno,Buena,Diurna,Buen Tiempo,Lateral,S/D,Colisión,S/D,Faltante,Ninguna,Sin restricción,POINT (-60.6466936 -32.9400487),"['Italia', 'Tucumán']",2,Italia; Tucumán,-32.9400487,-60.6466936,55.0,538.0,Municipio Rosario,Municipio,Rosario,820210,Servicio de Catastro e Información Territorial,IGN
2012,12310,2012-08-12,Domingo,0.0,02:05:00,,0.0,2,"Pickup/Utilitario,Automóvil",Salta Y Mariano Moreno,3,1,0,0,2,0,0,,Calle,,ROSARIO,Rosario,Asfalto,No existe,II,Dentro,Urbana,Ninguna,No existe,Intersección,Bueno,Buena,Nocturna,Buen Tiempo,Lateral,S/D,Colisión,S/D,Faltante,Ninguna,Sin restricción,POINT (-60.648842800000004 -32.937196199999995),"['Salta', 'Mariano Moreno']",2,Salta; Mariano Moreno,-32.937196199999995,-60.6488428,55.0,538.0,Municipio Rosario,Municipio,Rosario,820210,Servicio de Catastro e Información Territorial,IGN
2012,12316,2012-08-12,Domingo,0.0,13:45:00,,0.0,2,"Automóvil,Peatón",Av. Belgrano 2671,2,1,0,0,1,0,0,,Calle,,ROSARIO,Rosario,Asfalto,No existe,II,Dentro,Urbana,Ninguna,No existe,Recta,Con baches,Buena,Diurna,Buen Tiempo,S/D,S/D,Atropello,S/D,S/D,Ninguna,S/D,"-32.9475871, -60.6294594",['Belgrano 2671'],1,Belgrano 2671,-32.9475871,-60.6294594,55.0,538.0,Municipio Rosario,Municipio,Rosario,820210,Servicio de Catastro e Información Territorial,IGN
2012,12320,2012-08-13,Lunes,0.0,12:15:00,,0.0,2,"Peatón,Automóvil",Av. Corrientes 400,2,0,1,0,1,0,0,,Avenida,,ROSARIO,Rosario,Asfalto,No existe,II,Dentro,Urbana,Ninguna,No existe,Recta,Bueno,Buena,Diurna,Buen Tiempo,De alcance,S/D,Atropello,S/D,Faltante,Ninguna,Sin restricción,"-32.9409739, -60.6412072",['Corrientes 400'],1,Corrientes 400,-32.9409739,-60.6412072,55.0,538.0,Municipio Rosario,Municipio,Rosario,820210,Servicio de Catastro e Información Territorial,IGN
2012,12323,2012-08-13,Lunes,0.0,03:00:00,,0.0,2,"Automóvil,Automóvil",Bv. Oroño Y Catamarca,2,1,0,0,1,0,0,,Avenida,,ROSARIO,Rosario,Asfalto,No existe,II,S/D,Urbana,Señal Pare,No existe,Intersección,Bueno,Buena,Nocturna,Buen Tiempo,Lateral,S/D,Colisión,S/D,Vertical,Cordón divisorio,Sin restricción,POINT (-60.651806750000006 -32.9378818),"['Bulevar Nicasio Oroño', 'Catamarca']",2,Bulevar Nicasio Oroño; Catamarca,-32.9378818,-60.651806750000006,55.0,538.0,Municipio Rosario,Municipio,Rosario,820210,Servicio de Catastro e Información Territorial,IGN
2012,12325,2012-08-13,Lunes,0.0,12:00:00,,0.0,2,"Moto/Ciclomotor,Taxi/Remis",Santa Fe Y Sarmiento,2,1,0,0,1,0,0,,Calle,,ROSARIO,Rosario,Asfalto,No existe,II,Dentro,Urbana,Semáforo,Funciona,Intersección,Bueno,Buena,Diurna,Buen Tiempo,S/D,S/D,Colisión,S/D,Vertical,Ninguna,Sin restricción,POINT (-60.6378673 -32.94513020000001),"['Santa Fe', 'Sarmiento']",2,Santa Fe; Sarmiento,-32.94513020000001,-60.6378673,55.0,538.0,Municipio Rosario,Municipio,Rosario,820210,Servicio de Catastro e Información Territorial,IGN
2012,12333,2012-08-15,Miercoles,0.0,20:15:00,,0.0,2,"Moto/Ciclomotor,Automóvil",Alvear Y Brown,3,1,0,0,2,0,0,,Calle,,ROSARIO,Rosario,Asfalto,No existe,II,Dentro,Urbana,Ninguna,No existe,Intersección,Bueno,Buena,Diurna,Buen Tiempo,Lateral,S/D,Colisión,S/D,Faltante,Ninguna,Sin restricción,POINT (-60.6523455 -32.9341688),"['Alvear', 'Brown']",2,Alvear; Almirante Brown,-32.9341688,-60.6523455,55.0,538.0,Municipio Rosario,Municipio,Rosario,820210,Servicio de Catastro e Información Territorial,IGN
2012,12334,2012-08-15,Miercoles,0.0,13:50:00,,0.0,2,"Peatón,Automóvil",Santa Fe Y Pte.Roca,2,1,0,0,1,0,0,,Calle,,ROSARIO,Rosario,Asfalto,No existe,II,Dentro,Urbana,Semáforo,Funciona,Intersección,Bueno,Buena,Diurna,Buen Tiempo,Otro,S/D,Atropello,S/D,Vertical,Ninguna,Sin restricción,POINT (-60.644754 -32.9438641),"['Santa Fe', 'Roca']",2,Santa Fe; Presidente Roca,-32.9438641,-60.644754,55.0,538.0,Municipio Rosario,Municipio,Rosario,820210,Servicio de Catastro e Información Territorial,IGN
2012,12336,2012-08-15,Miercoles,0.0,15:30:00,,0.0,2,"Peatón,Automóvil",Urquiza Y Italia,2,1,0,0,1,0,0,,Calle,,ROSARIO,Rosario,Asfalto,No existe,II,S/D,Urbana,Ninguna,No existe,Intersección,Bueno,Buena,Diurna,Buen Tiempo,Otro,S/D,Atropello,S/D,Faltante,Ninguna,Sin restricción,POINT (-60.6469902 -32.94122840000001),"['Urquiza', 'Italia']",2,Justo José de Urquiza; Italia,-32.94122840000001,-60.6469902,55.0,538.0,Municipio Rosario,Municipio,Rosario,820210,Servicio de Catastro e Información Territorial,IGN
2012,12338,2012-08-16,Jueves,0.0,11:00:00,,0.0,2,"Peatón,Automóvil",San Lorenzo Y Entre Rios,2,1,0,0,1,0,0,,Calle,,ROSARIO,Rosario,Asfalto,No existe,II,Dentro,Urbana,Ninguna,No existe,Intersección,Bueno,Buena,Diurna,Buen Tiempo,Otro,S/D,Atropello,S/D,Faltante,Ninguna,Sin restricción,POINT (-60.6403682 -32.94364579999999),"['San Lorenzo', 'Entre Ríos']",2,San Lorenzo; Entre Ríos,-32.94364579999999,-60.6403682,55.0,538.0,Municipio Rosario,Municipio,Rosario,820210,Servicio de Catastro e Información Territorial,IGN
2012,12368,2012-08-17,Viernes,0.0,10:20:00,,0.0,2,"Moto/Ciclomotor,Automóvil",Bv. Oroño Y Tucuman,2,1,0,0,1,0,0,,Avenida,,ROSARIO,Rosario,Asfalto,No existe,II,Dentro,Urbana,Señal Pare,No existe,Intersección,Bueno,Buena,Diurna,Lluvia,Lateral,S/D,Colisión,Agua,Vertical,Ninguna,Sin restricción,POINT (-60.6521219 -32.9390762),"['Bulevar Nicasio Oroño', 'Tucumán']",2,Bulevar Nicasio Oroño; Tucumán,-32.9390762,-60.6521219,55.0,538.0,Municipio Rosario,Municipio,Rosario,820210,Servicio de Catastro e Información Territorial,IGN
2012,12374,2012-08-18,Sabado,0.0,17:50:00,,0.0,2,"Moto/Ciclomotor,Automóvil",San Martin ,2,1,0,0,1,0,0,,Calle,,ROSARIO,Rosario,Asfalto,No existe,II,Dentro,Urbana,Ninguna,No existe,Recta,Bueno,Buena,Diurna,Buen Tiempo,Lateral,S/D,Colisión,Otro,Vertical,Ninguna,Sin restricción,"-32.9764777, -60.6372639",['San Martin'],1,San Martin,-32.9764777,-60.6372639,55.0,538.0,Municipio Rosario,Municipio,Rosario,820210,Servicio de Catastro e Información Territorial,IGN
2012,12375,2012-08-18,Sabado,0.0,05:35:00,,0.0,2,"Taxi/Remis,Moto/Ciclomotor",Paraguay Y Jujuy,3,2,0,0,1,0,0,,Calle,,ROSARIO,Rosario,Asfalto,No existe,II,Dentro,Urbana,Ninguna,No existe,Intersección,Resbaladiza,Buena,Nocturna,Lluvia,Lateral,S/D,Colisión,Agua,Faltante,Ninguna,Sin restricción,POINT (-60.6416826 -32.9372578),"['Paraguay', 'Jujuy']",2,Paraguay; Jujuy,-32.9372578,-60.6416826,55.0,538.0,Municipio Rosario,Municipio,Rosario,820210,Servicio de Catastro e Información Territorial,IGN
2012,12378,2012-08-21,Martes,0.0,17:00:00,,0.0,2,"Automóvil,Moto/Ciclomotor",San Lorenzo Y Bv. Oroño,2,1,0,0,1,0,0,,Calle,,ROSARIO,Rosario,Asfalto,Pavimento,II,Dentro,Urbana,Señal Pare,No existe,Intersección,Bueno,Buena,Diurna,Buen Tiempo,Lateral,S/D,Colisión,S/D,Vertical,Ninguna,Sin restricción,POINT (-60.652740599999994 -32.9414065),"['San Lorenzo', 'Bulevar Nicasio Oroño']",2,San Lorenzo; Bulevar Nicasio Oroño,-32.9414065,-60.6527406,55.0,538.0,Municipio Rosario,Municipio,Rosario,820210,Servicio de Catastro e Información Territorial,IGN
2012,12382,2012-09-30,Domingo,0.0,03:30:00,,0.0,2,"Moto/Ciclomotor,Automóvil",Dorrego Y Bv. Segui,2,1,0,0,1,0,0,,Avenida,,ROSARIO,Rosario,Asfalto,No existe,II,Dentro,Urbana,Ninguna,No existe,Intersección,S/D,S/D,Nocturna,S/D,Lateral,S/D,Colisión,S/D,S/D,Ninguna,Sin restricción,POINT (-60.657444850000005 -32.97709334999999),"['Dorrego', 'Bulevar Juan Francisco Seguí']",2,Manuel Dorrego; Bulevar Juan Francisco Seguí,-32.97709334999999,-60.657444850000005,55.0,538.0,Municipio Rosario,Municipio,Rosario,820210,Servicio de Catastro e Información Territorial,IGN
2012,12384,2012-09-29,Sabado,0.0,21:00:00,,0.0,2,"Moto/Ciclomotor,Automóvil",Mitre Y Rueda,3,2,0,0,1,0,0,,Calle,,ROSARIO,Rosario,Asfalto,No existe,II,Dentro,Urbana,Ninguna,No existe,Intersección,S/D,S/D,Nocturna,S/D,Lateral,S/D,Colisión,S/D,S/D,Ninguna,Sin restricción,POINT (-60.64574650000001 -32.97082739999999),"['Mitre', 'Rueda']",2,Bartolomé Mitre; Rueda,-32.97082739999999,-60.64574650000001,55.0,538.0,Municipio Rosario,Municipio,Rosario,820210,Servicio de Catastro e Información Territorial,IGN
2012,12385,2012-09-29,Sabado,0.0,00:00:00,,0.0,2,"Automóvil,Automóvil",Sarmiento Y Dean Funes,3,2,0,0,1,0,0,,Calle,,ROSARIO,Rosario,Asfalto,No existe,II,Dentro,Urbana,Ninguna,No existe,Intersección,S/D,S/D,Nocturna,S/D,Lateral,S/D,Colisión,S/D,S/D,Ninguna,Sin restricción,POINT (-60.645514000000006 -32.97565850000001),"['Sarmiento', 'Deán Gregorio Funes']",2,Sarmiento; Deán Gregorio Funes,-32.97565850000001,-60.645514000000006,55.0,538.0,Municipio Rosario,Municipio,Rosario,820210,Servicio de Catastro e Información Territorial,IGN
2012,12386,2012-09-01,Sabado,0.0,13:45:00,,0.0,2,"Automóvil,Automóvil",Bv. Segui Y Mitre,2,1,0,0,1,0,0,,Avenida,,ROSARIO,Rosario,Asfalto,No existe,II,Dentro,Urbana,Ninguna,S/D,Intersección,S/D,S/D,Diurna,S/D,Lateral,S/D,Colisión,S/D,S/D,S/D,Sin restricción,POINT (-60.6477426 -32.97883275),"['Bulevar Juan Francisco Seguí', 'Mitre']",2,Bulevar Juan Francisco Seguí; Bartolomé Mitre,-32.97883275,-60.6477426,55.0,538.0,Municipio Rosario,Municipio,Rosario,820210,Servicio de Catastro e Información Territorial,IGN
2012,12387,2012-09-04,Martes,0.0,17:20:00,,0.0,2,"Peatón,Automóvil",San Martin Y Garay,2,1,0,0,1,0,0,,Avenida,,ROSARIO,Rosario,Asfalto,S/D,II,Dentro,Urbana,Ninguna,S/D,Intersección,S/D,S/D,Diurna,S/D,Lateral,S/D,Atropello,S/D,S/D,Ninguna,Sin restricción,POINT (-60.6437417 -32.97477079999999),"['San Martin', 'Garay']",2,"('José de San Martín', 'Juan de Garay')",-32.97477079999999,-60.6437417,55.0,538.0,Municipio Rosario,Municipio,Rosario,820210,Servicio de Catastro e Información Territorial,IGN
2012,12388,2012-09-04,Martes,0.0,12:10:00,,0.0,2,"Moto/Ciclomotor,Taxi/Remis",San Martin Y Av. Uriburu,3,2,0,0,1,0,0,,Avenida,,ROSARIO,Rosario,Asfalto,No existe,II,Dentro,Urbana,Semáforo,Funciona,Intersección,S/D,S/D,Diurna,S/D,Lateral,S/D,Colisión,S/D,S/D,Ninguna,Sin restricción,POINT (-60.646703949999996 -32.99069289999999),"['San Martin', 'Uriburu']",2,José de San Martín; Avenida José Uriburu,-32.99069289999999,-60.64670395,55.0,538.0,Municipio Rosario,Municipio,Rosario,820210,Servicio de Catastro e Información Territorial,IGN
2012,12389,2012-09-04,Martes,0.0,16:30:00,,0.0,2,"Bicicleta,Automóvil",Entre Rios Y Pje. Casablanca,2,1,0,0,1,0,0,,Calle,,ROSARIO,Rosario,Asfalto,No existe,II,Dentro,Urbana,Ninguna,S/D,Intersección,S/D,S/D,Diurna,S/D,Lateral,S/D,Atropello,S/D,S/D,Ninguna,Sin restricción,POINT (-60.64931380000001 -32.9792182),"['Entre Ríos', 'Casablanca']",2,Entre Ríos; Casablanca,-32.9792182,-60.64931380000001,55.0,538.0,Municipio Rosario,Municipio,Rosario,820210,Servicio de Catastro e Información Territorial,IGN
2012,12390,2012-09-04,Martes,0.0,21:00:00,,0.0,2,"Automóvil,Automóvil",Bv. Oroño Y Ameghino,3,2,0,0,1,0,0,,Avenida,,ROSARIO,Rosario,Asfalto,No existe,II,Dentro,Urbana,Ninguna,S/D,Intersección,S/D,S/D,Nocturna,S/D,Lateral,S/D,Colisión,S/D,S/D,Ninguna,Sin restricción,POINT (-60.6635405 -32.9844018),"['Bulevar Nicasio Oroño', 'Ameghino']",2,Bulevar Nicasio Oroño; Ameghino,-32.9844018,-60.6635405,55.0,538.0,Municipio Rosario,Municipio,Rosario,820210,Servicio de Catastro e Información Territorial,IGN
2012,12391,2012-09-05,Miercoles,0.0,01:00:00,,0.0,2,"Automóvil,Automóvil",Bv. Segui Y Av. Corrientes,2,1,0,0,1,0,0,,Avenida,,ROSARIO,Rosario,Asfalto,No existe,II,Dentro,Urbana,Ninguna,S/D,Intersección,S/D,S/D,Nocturna,S/D,Lateral,S/D,Colisión,S/D,S/D,Ninguna,Sin restricción,POINT (-60.65060229999999 -32.97832124999999),"['Bulevar Juan Francisco Seguí', 'Corrientes']",2,Bulevar Juan Francisco Seguí; Corrientes,-32.97832124999999,-60.65060229999999,55.0,538.0,Municipio Rosario,Municipio,Rosario,820210,Servicio de Catastro e Información Territorial,IGN
2012,12392,2012-09-06,Jueves,0.0,01:00:00,,0.0,2,"Bicicleta,Automóvil",Dean Funes Y Av. Corrientes,2,1,0,0,1,0,0,,Avenida,,ROSARIO,Rosario,Asfalto,No existe,II,Dentro,Urbana,Ninguna,No existe,Intersección,S/D,S/D,Nocturna,S/D,Lateral,S/D,Atropello,S/D,S/D,Ninguna,Sin restricción,POINT (-60.649731900000006 -32.97490649999999),"['Deán Gregorio Funes', 'Corrientes']",2,Deán Gregorio Funes; Corrientes,-32.97490649999999,-60.649731900000006,55.0,538.0,Municipio Rosario,Municipio,Rosario,820210,Servicio de Catastro e Información Territorial,IGN
2012,12404,2012-08-25,Sabado,0.0,07:00:00,,0.0,2,"Automóvil,Moto/Ciclomotor",Tucuman 1800,3,2,0,0,1,0,0,,Calle,,ROSARIO,Rosario,Asfalto,Pavimento,II,Dentro,Urbana,Ninguna,No existe,Recta,Bueno,Buena,Amanecer,Buen Tiempo,Frontal,S/D,Colisión,S/D,Faltante,Ninguna,Sin restricción,"-32.9400015, -60.6465459",['Tucuman 1800'],1,Tucuman 1800,-32.9400015,-60.6465459,55.0,538.0,Municipio Rosario,Municipio,Rosario,820210,Servicio de Catastro e Información Territorial,IGN
2012,12438,2012-09-07,Viernes,0.0,07:40:00,,0.0,2,"Automóvil,Moto/Ciclomotor",Bv. Segui Y Entre Rios,2,1,0,0,1,0,0,,Avenida,,ROSARIO,Rosario,Asfalto,No existe,II,Dentro,Urbana,Ninguna,No existe,Intersección,S/D,S/D,Amanecer,S/D,Lateral,S/D,Colisión,S/D,S/D,Ninguna,Sin restricción,POINT (-60.6491681 -32.97857979999999),"['Bulevar Juan Francisco Seguí', 'Entre Ríos']",2,Bulevar Juan Francisco Seguí; Entre Ríos,-32.97857979999999,-60.6491681,55.0,538.0,Municipio Rosario,Municipio,Rosario,820210,Servicio de Catastro e Información Territorial,IGN
2012,12439,2012-09-07,Viernes,0.0,14:30:00,,0.0,2,"Bicicleta,Automóvil",Ameghino Y Mariano Moreno,3,2,0,0,1,0,0,,Calle,,ROSARIO,Rosario,Asfalto,No existe,II,Dentro,Urbana,Ninguna,No existe,Intersección,S/D,S/D,Diurna,S/D,Lateral,S/D,Atropello,S/D,S/D,Ninguna,Sin restricción,POINT (-60.6607729 -32.9848971),"['Ameghino', 'Mariano Moreno']",2,Ameghino; Mariano Moreno,-32.9848971,-60.6607729,55.0,538.0,Municipio Rosario,Municipio,Rosario,820210,Servicio de Catastro e Información Territorial,IGN