anio_acci,nro_acci,fecha,desc_dia,fecha_aprox,hora_aprox,desc_ruta,km,cant_participantes,desc_participante,calle_avenida_km,total,heridos_leves,heridos_graves,heridos_gravisimos,ilesos,fallecidos,sin_datos,posicion_XY,desc_tipo_via,desc_ruta_ori,desc_loc,desc_dpto,desc_tipo_calzada,desc_tipo_banquina,desc_unidad_regional,desc_lugar_calzada,desc_zona,desc_prioridad,desc_estado_semaforo,desc_lugar_via,desc_estado_via,desc_estado_visibilidad,desc_luminosidad,desc_estado_clima,desc_tipo_colision,desc_tipo_atropello,desc_tipo_hecho,desc_pres_calzada,desc_senializacion,desc_separacion_via,desc_restriccion,forma_geocod,calle_lista,numero_calles,calles_osm,lat,lon,index_right,gid,fna,gna,nam,in1,fdc,sag
2012,12440,2012-08-25,Sabado,0.0,14:00:00,,0.0,1,Moto/Ciclomotor,Av. Del Huerto 1300,2,2,0,0,0,0,0,,Avenida,,ROSARIO,Rosario,Asfalto,Pavimento,II,Dentro,Urbana,Ninguna,No existe,Recta,Bueno,Buena,Diurna,Buen Tiempo,Contra objeto fijo,S/D,Colisión,S/D,Faltante,Ninguna,Sin restricción,"-32.9397558, -60.6366277",['Del Huerto 1300'],1,Del Huerto 1300,-32.9397558,-60.6366277,55.0,538.0,Municipio Rosario,Municipio,Rosario,820210,Servicio de Catastro e Información Territorial,IGN
2012,12441,2012-09-07,Viernes,0.0,,,0.0,2,"Automóvil,Moto/Ciclomotor",Bv. Segui Y Italia,2,1,0,0,1,0,0,,Avenida,,ROSARIO,Rosario,Asfalto,No existe,II,Dentro,Urbana,Ninguna,No existe,Intersección,S/D,S/D,S/D,S/D,Lateral,S/D,Colisión,S/D,S/D,Ninguna,Sin restricción,POINT (-60.6560807 -32.977334),"['Bulevar Juan Francisco Seguí', 'Italia']",2,Bulevar Juan Francisco Seguí; Italia,-32.977334,-60.6560807,55.0,538.0,Municipio Rosario,Municipio,Rosario,820210,Servicio de Catastro e Información Territorial,IGN
2012,12442,2012-09-08,Sabado,0.0,20:30:00,,0.0,2,"Automóvil,Automóvil",Bv. Oroño Y Coulin,3,1,0,0,2,0,0,,Avenida,,ROSARIO,Rosario,Asfalto,No existe,II,Dentro,Urbana,Ninguna,No existe,Intersección,S/D,S/D,Nocturna,S/D,Lateral,S/D,Colisión,S/D,S/D,Ninguna,Sin restricción,POINT (-60.6646975 -32.98902485),"['Bulevar Nicasio Oroño', 'Coulin']",2,Bulevar Nicasio Oroño; Coulin,-32.98902485,-60.6646975,55.0,538.0,Municipio Rosario,Municipio,Rosario,820210,Servicio de Catastro e Información Territorial,IGN
2012,12443,2012-08-27,Lunes,0.0,00:45:00,,0.0,2,"Moto/Ciclomotor,Automóvil",Jujuy Y Alvear,2,1,0,0,1,0,0,,Calle,,ROSARIO,Rosario,Asfalto,No existe,II,Dentro,Urbana,Ninguna,No existe,Intersección,Bueno,Buena,Nocturna,Buen Tiempo,Lateral,S/D,Colisión,S/D,Faltante,Ninguna,Sin restricción,POINT (-60.652614400000004 -32.935274099999994),"['Jujuy', 'Alvear']",2,Jujuy; Alvear,-32.935274099999994,-60.6526144,55.0,538.0,Municipio Rosario,Municipio,Rosario,820210,Servicio de Catastro e Información Territorial,IGN
2012,12447,2012-08-29,Miercoles,0.0,22:00:00,,0.0,2,"Taxi/Remis,Taxi/Remis",San Lorenzo Y Av. Corrientes,3,1,1,0,1,0,0,,Calle,,ROSARIO,Rosario,Asfalto,No existe,II,Dentro,Urbana,Semáforo,Funciona,Intersección,Bueno,Buena,Nocturna,Buen Tiempo,Lateral,S/D,Colisión,S/D,Vertical,Ninguna,Sin restricción,POINT (-60.64177480000001 -32.9433995),"['San Lorenzo', 'Corrientes']",2,San Lorenzo; Corrientes,-32.9433995,-60.64177480000001,55.0,538.0,Municipio Rosario,Municipio,Rosario,820210,Servicio de Catastro e Información Territorial,IGN
2012,12448,2012-09-08,Sabado,0.0,18:15:00,,0.0,2,"Moto/Ciclomotor,Automóvil",Rodriguez Y Pje. Curie,2,1,0,0,1,0,0,,Calle,,ROSARIO,Rosario,Asfalto,No existe,II,Dentro,Urbana,Ninguna,No existe,Intersección,S/D,S/D,Atardecer,S/D,Lateral,S/D,Colisión,S/D,S/D,Ninguna,S/D,POINT (-60.6653607 -32.96910859999999),"['Rodríguez', 'Pasaje Madame Curie']",2,Rodríguez de Escobedo; Pasaje Madame Curie,-32.96910859999999,-60.6653607,55.0,538.0,Municipio Rosario,Municipio,Rosario,820210,Servicio de Catastro e Información Territorial,IGN
2012,12449,2012-08-28,Martes,0.0,,,0.0,2,"Automóvil,Moto/Ciclomotor",Av. Pellegrini 3700,3,2,0,0,1,0,0,,Avenida,,ROSARIO,Rosario,Asfalto,S/D,II,S/D,Urbana,S/D,S/D,Intersección,S/D,S/D,S/D,S/D,S/D,S/D,Colisión,S/D,S/D,Cordón divisorio,S/D,"-32.9508498, -60.676236",['Pellegrini 3700'],1,Pellegrini 3700,-32.9508498,-60.676236,55.0,538.0,Municipio Rosario,Municipio,Rosario,820210,Servicio de Catastro e Información Territorial,IGN
2012,12461,2012-09-08,Sabado,0.0,12:10:00,,0.0,2,"Bicicleta,Automóvil",Bv. Segui Y San Martin,2,1,0,0,1,0,0,,Avenida,,ROSARIO,Rosario,Asfalto,No existe,II,Dentro,Urbana,Semáforo,Funciona,Intersección,S/D,S/D,Diurna,S/D,Lateral,S/D,Atropello,S/D,S/D,Ninguna,Sin restricción,POINT (-60.644363766666665 -32.979480866666655),"['Bulevar Juan Francisco Seguí', 'San Martin']",2,Bulevar Juan Francisco Seguí; José de San Martín,-32.979480866666655,-60.644363766666665,55.0,538.0,Municipio Rosario,Municipio,Rosario,820210,Servicio de Catastro e Información Territorial,IGN
2012,12466,2012-09-10,Lunes,0.0,08:15:00,,0.0,2,"Moto/Ciclomotor,Automóvil",Bv. Segui Y Santiago,2,1,0,0,1,0,0,,Avenida,,ROSARIO,Rosario,Asfalto,No existe,II,Dentro,Urbana,Ninguna,No existe,Intersección,S/D,S/D,Diurna,S/D,Lateral,S/D,Colisión,S/D,S/D,Ninguna,Sin restricción,POINT (-60.66421355000001 -32.97588705),"['Bulevar Juan Francisco Seguí', 'Santiago']",2,Bulevar Juan Francisco Seguí; Santiago,-32.97588705,-60.66421355000001,55.0,538.0,Municipio Rosario,Municipio,Rosario,820210,Servicio de Catastro e Información Territorial,IGN
2012,12467,2012-09-12,Miercoles,0.0,18:00:00,,0.0,2,"Moto/Ciclomotor,Automóvil",Reg.11 de Infanteria Y Pte.Roca,2,1,0,0,1,0,0,,Calle,,ROSARIO,Rosario,Asfalto,Pavimento,II,Dentro,Urbana,S/D,No existe,Intersección,Bueno,Buena,Atardecer,S/D,Lateral,S/D,Colisión,S/D,S/D,Cordón divisorio,Sin restricción,POINT (-60.65637920000001 -32.9990169),"['Regimiento 11', 'Roca']",2,Regimiento 11; Presidente Roca,-32.9990169,-60.65637920000001,55.0,538.0,Municipio Rosario,Municipio,Rosario,820210,Servicio de Catastro e Información Territorial,IGN
2012,12468,2012-09-12,Miercoles,0.0,17:30:00,,0.0,2,"Automóvil,Moto/Ciclomotor",Bv. Segui Y Paraguay,2,1,0,0,1,0,0,,Calle,,ROSARIO,Rosario,Asfalto,Pavimento,II,Dentro,Urbana,Ninguna,No existe,Intersección,Bueno,Buena,Atardecer,S/D,Lateral,S/D,Colisión,S/D,S/D,Cordón divisorio,Sin restricción,POINT (-60.6519554 -32.9780774),"['Bulevar Juan Francisco Seguí', 'Paraguay']",2,Bulevar Juan Francisco Seguí; Paraguay,-32.9780774,-60.6519554,55.0,538.0,Municipio Rosario,Municipio,Rosario,820210,Servicio de Catastro e Información Territorial,IGN
2012,12469,2012-09-12,Miercoles,0.0,19:00:00,,0.0,2,"Taxi/Remis,Moto/Ciclomotor",Dr.Rivas Y Av. Corrientes,3,2,0,0,1,0,0,,Avenida,,ROSARIO,Rosario,Asfalto,Pavimento,II,Dentro,Urbana,Ninguna,No existe,Intersección,Bueno,Buena,Atardecer,S/D,Lateral,S/D,Colisión,S/D,S/D,Cordón divisorio,Sin restricción,POINT (-60.6517384 -32.98292569999999),"['Doctor Francisco Riva', 'Corrientes']",2,Doctor Francisco Riva; Corrientes,-32.98292569999999,-60.6517384,55.0,538.0,Municipio Rosario,Municipio,Rosario,820210,Servicio de Catastro e Información Territorial,IGN
2012,12472,2012-07-30,Lunes,0.0,16:00:00,,0.0,2,"Automóvil,Peatón",Alvear Y Urquiza,2,1,0,0,1,0,0,,Calle,,ROSARIO,Rosario,Asfalto,Pavimento,II,Dentro,Urbana,S/D,S/D,Intersección,Bueno,Buena,Diurna,Buen Tiempo,Frontal,S/D,Atropello,S/D,Faltante,Ninguna,Sin restricción,POINT (-60.653803100000005 -32.9399875),"['Alvear', 'Urquiza']",2,Alvear; Justo José de Urquiza,-32.9399875,-60.653803100000005,55.0,538.0,Municipio Rosario,Municipio,Rosario,820210,Servicio de Catastro e Información Territorial,IGN
2012,12476,2012-08-02,Jueves,0.0,07:30:00,,0.0,1,Moto/Ciclomotor,Salta 2100,2,1,0,0,0,0,1,,Calle,,ROSARIO,Rosario,Asfalto,Pavimento,II,Dentro,Urbana,Ninguna,No existe,Recta,Bueno,Buena,Amanecer,Buen Tiempo,Frontal,S/D,Colisión,S/D,Faltante,Ninguna,Sin restricción,"-32.9369399, -60.649962",['Salta 2100'],1,Salta 2100,-32.9369399,-60.649962,55.0,538.0,Municipio Rosario,Municipio,Rosario,820210,Servicio de Catastro e Información Territorial,IGN
2012,12479,2012-08-03,Viernes,0.0,12:30:00,,0.0,2,"Peatón,Automóvil",Catamarca Y Pte.Roca,2,1,0,0,1,0,0,,Calle,,ROSARIO,Rosario,Asfalto,Pavimento,II,Dentro,Urbana,Ninguna,No existe,Intersección,Bueno,Buena,Diurna,Buen Tiempo,Frontal,S/D,Atropello,S/D,Faltante,Ninguna,Sin restricción,POINT (-60.64362650000001 -32.9393896),"['Catamarca', 'Roca']",2,Catamarca; Presidente Roca,-32.9393896,-60.64362650000001,55.0,538.0,Municipio Rosario,Municipio,Rosario,820210,Servicio de Catastro e Información Territorial,IGN
2012,12498,2012-08-28,Martes,0.0,16:00:00,,0.0,3,"Pickup/Utilitario,Automóvil,Taxi/Remis",Av. Pellegrini Y Valparaiso,3,1,0,0,2,0,0,,Avenida,,ROSARIO,Rosario,Asfalto,S/D,II,Dentro,Urbana,S/D,S/D,Intersección,S/D,S/D,S/D,S/D,Múltiple,S/D,Colisión,S/D,S/D,Cordón divisorio,S/D,POINT (-60.6845797 -32.94946225),"['Pellegrini', 'Valparaíso']",2,Avenida Carlos Pellegrini; Valparaíso,-32.94946225,-60.6845797,55.0,538.0,Municipio Rosario,Municipio,Rosario,820210,Servicio de Catastro e Información Territorial,IGN
2012,12499,2012-09-29,Sabado,0.0,09:10:00,,0.0,2,"Moto/Ciclomotor,Automóvil",MAGNANO  Y CAUPOLICAN,3,2,0,0,1,0,0,,Calle,,ROSARIO,Rosario,Asfalto,S/D,II,Dentro,Urbana,Ninguna,No existe,Intersección,Bueno,Buena,Diurna,Buen Tiempo,Lateral,S/D,Colisión,S/D,S/D,Barrera de hormigón,Sin restricción,POINT (-60.6390858 -33.0096371),"['Magnano', 'Caupolicán']",2,Magnano; Caupolicán,-33.0096371,-60.6390858,55.0,538.0,Municipio Rosario,Municipio,Rosario,820210,Servicio de Catastro e Información Territorial,IGN
2012,12500,2012-09-13,Jueves,0.0,16:40:00,,0.0,2,"Pickup/Utilitario,Moto/Ciclomotor",Bv. Segui Y Bv. Oroño,3,2,0,0,1,0,0,,Avenida,,ROSARIO,Rosario,Asfalto,No existe,II,Dentro,Urbana,Semáforo,Funciona,Intersección,S/D,S/D,Diurna,S/D,Lateral,S/D,Colisión,S/D,S/D,Ninguna,Sin restricción,POINT (-60.661523700000004 -32.976367025),"['Bulevar Juan Francisco Seguí', 'Bulevar Nicasio Oroño']",2,Bulevar Juan Francisco Seguí; Bulevar Nicasio Oroño,-32.976367025,-60.6615237,55.0,538.0,Municipio Rosario,Municipio,Rosario,820210,Servicio de Catastro e Información Territorial,IGN
2012,12501,2012-08-27,Lunes,0.0,08:30:00,,0.0,2,"Pickup/Utilitario,Moto/Ciclomotor",Cordoba Y Vera Mujica,2,1,0,0,1,0,0,,Calle,,ROSARIO,Rosario,Asfalto,S/D,II,Dentro,Urbana,Ninguna,S/D,Intersección,S/D,S/D,S/D,S/D,S/D,S/D,Colisión,S/D,S/D,Cordón divisorio,S/D,POINT (-60.666903 -32.94129629999999),"['Córdoba', 'Vera Mujíca']",2,Córdoba; Vera Mujíca,-32.94129629999999,-60.666903,55.0,538.0,Municipio Rosario,Municipio,Rosario,820210,Servicio de Catastro e Información Territorial,IGN
2012,12502,2012-09-14,Viernes,0.0,06:40:00,,0.0,2,"Bicicleta,Automóvil",San Martin Y Bv. Segui,2,1,0,0,0,0,1,,Calle,,ROSARIO,Rosario,Asfalto,No existe,II,Dentro,Urbana,Ninguna,S/D,Intersección,S/D,S/D,Amanecer,S/D,Lateral,S/D,Atropello,S/D,S/D,Ninguna,Sin restricción,POINT (-60.644363766666665 -32.97948086666666),"['San Martin', 'Bulevar Juan Francisco Seguí']",2,José de San Martín; Bulevar Juan Francisco Seguí,-32.97948086666666,-60.644363766666665,55.0,538.0,Municipio Rosario,Municipio,Rosario,820210,Servicio de Catastro e Información Territorial,IGN
2012,12504,2012-09-01,Sabado,0.0,08:00:00,,0.0,3,"Automóvil,Automóvil,Automóvil",Virasoro Y Italia,3,1,0,0,2,0,0,,Calle,,ROSARIO,Rosario,Asfalto,No existe,II,Dentro,Urbana,Semáforo,Funciona,Intersección,Bueno,Buena,Amanecer,Buen Tiempo,Múltiple,S/D,Colisión,S/D,Horizontal,Ninguna,Sin restricción,POINT (-60.65378160000001 -32.9681924),"['Virasoro', 'Italia']",2,Benjamín Virasoro; Italia,-32.9681924,-60.65378160000001,55.0,538.0,Municipio Rosario,Municipio,Rosario,820210,Servicio de Catastro e Información Territorial,IGN
2012,12505,2012-08-27,Lunes,0.0,21:00:00,,0.0,2,"Taxi/Remis,Moto/Ciclomotor",Av. Pellegrini Y Bv. Avellaneda,2,1,0,0,1,0,0,,Avenida,,ROSARIO,Rosario,Asfalto,S/D,II,Dentro,Urbana,S/D,S/D,Intersección,S/D,S/D,S/D,S/D,S/D,S/D,Colisión,S/D,S/D,Cordón divisorio,S/D,POINT (-60.68184480000001 -32.949949249999996),"['Pellegrini', 'Avellaneda']",2,Avenida Carlos Pellegrini; Bulevar Nicolás Avellaneda,-32.94994925,-60.68184480000001,55.0,538.0,Municipio Rosario,Municipio,Rosario,820210,Servicio de Catastro e Información Territorial,IGN
2012,12507,2012-08-27,Lunes,0.0,20:30:00,,0.0,2,"Taxi/Remis,Bicicleta",San Juan Y Ricchieri,2,1,0,0,1,0,0,,Calle,,ROSARIO,Rosario,Asfalto,S/D,II,Dentro,Urbana,S/D,S/D,Intersección,S/D,S/D,S/D,S/D,S/D,S/D,Atropello,S/D,S/D,Cordón divisorio,S/D,POINT (-60.6637743 -32.9457443),"['San Juan', 'Ricchieri']",2,San Juan; Ricchieri,-32.9457443,-60.6637743,55.0,538.0,Municipio Rosario,Municipio,Rosario,820210,Servicio de Catastro e Información Territorial,IGN
2012,12508,2012-09-03,Lunes,0.0,00:36:00,,0.0,2,"Automóvil,Automóvil",Av. Pellegrini Y Av. Corrientes,2,1,0,0,1,0,0,,Avenida,,ROSARIO,Rosario,Asfalto,No existe,II,Dentro,Urbana,Semáforo,Funciona,Intersección,Bueno,S/D,Nocturna,Buen Tiempo,Frontal,S/D,Colisión,S/D,Vertical,Vegetación,Sin restricción,POINT (-60.645055850000006 -32.95655624999999),"['Pellegrini', 'Corrientes']",2,Avenida Carlos Pellegrini; Corrientes,-32.95655624999999,-60.645055850000006,55.0,538.0,Municipio Rosario,Municipio,Rosario,820210,Servicio de Catastro e Información Territorial,IGN
2012,12514,2012-09-08,Sabado,0.0,17:00:00,,0.0,2,"Moto/Ciclomotor,Automóvil",Av. Uriburu Y Laprida,2,1,0,0,1,0,0,,Avenida,,ROSARIO,Rosario,Asfalto,S/D,II,Dentro,Urbana,Ninguna,S/D,Recta,Bueno,S/D,"Diurna,Con luz artificial",S/D,Frontal,S/D,Colisión,S/D,Faltante,Barrera de hormigón,Sin restricción,POINT (-60.645184500000006 -32.990651),"['Uriburu', 'Laprida']",2,Avenida José Uriburu; Francisco Narciso Laprida,-32.990651,-60.645184500000006,55.0,538.0,Municipio Rosario,Municipio,Rosario,820210,Servicio de Catastro e Información Territorial,IGN
2012,12515,2012-09-10,Lunes,0.0,08:40:00,,0.0,2,"Moto/Ciclomotor,Transporte de Pasajeros Urbano (> 8 asientos)",Serrano Y Av. Arijon,2,1,0,0,1,0,0,,Avenida,,ROSARIO,Rosario,Asfalto,S/D,II,Dentro,Urbana,Ninguna,No existe,Recta,Bueno,Buena,Diurna,S/D,Lateral,S/D,Colisión,S/D,S/D,Barrera de hormigón,Sin restricción,POINT (-60.6317677 -33.002526399999994),"['Serrano', 'Avenida Manuel Arijón']",2,José Mariano Serrano; Avenida Manuel Arijón,-33.002526399999994,-60.6317677,55.0,538.0,Municipio Rosario,Municipio,Rosario,820210,Servicio de Catastro e Información Territorial,IGN
2012,12517,2012-09-10,Lunes,0.0,13:00:00,,0.0,2,"Automóvil,Automóvil",Laprida Y Av. Uriburu,2,1,0,0,1,0,0,,Calle,,ROSARIO,Rosario,Asfalto,No existe,II,Dentro,Urbana,Ninguna,No existe,Recta,Bueno,Buena,Diurna,S/D,Lateral,S/D,Colisión,S/D,S/D,Barrera de hormigón,Sin restricción,POINT (-60.645184500000006 -32.990651),"['Laprida', 'Uriburu']",2,Francisco Narciso Laprida; Avenida José Uriburu,-32.990651,-60.645184500000006,55.0,538.0,Municipio Rosario,Municipio,Rosario,820210,Servicio de Catastro e Información Territorial,IGN
2012,12525,2012-09-12,Miercoles,0.0,12:00:00,,0.0,2,"Bicicleta,Automóvil",L.N.Alem Y Ameghino,2,1,0,0,1,0,0,,Calle,,ROSARIO,Rosario,Asfalto,Pavimento,II,Dentro,Urbana,Ninguna,S/D,Recta,Bueno,Buena,Diurna,S/D,Lateral,S/D,Atropello,S/D,S/D,Barrera de hormigón,Sin restricción,POINT (-60.63852820000001 -32.98888290000001),"['Alem', 'Ameghino']",2,Leandro N. Alem; Ameghino,-32.98888290000001,-60.63852820000001,55.0,538.0,Municipio Rosario,Municipio,Rosario,820210,Servicio de Catastro e Información Territorial,IGN
2012,12527,2012-09-30,Domingo,0.0,08:00:00,,0.0,2,"Automóvil,Automóvil",AV. ROSARIO Y CASTRO BARROS,3,1,0,0,2,0,0,,Calle,,ROSARIO,Rosario,Asfalto,S/D,II,Dentro,Urbana,Ninguna,S/D,Intersección,Bueno,S/D,Diurna,Buen Tiempo,Lateral,S/D,Colisión,S/D,Vertical,Barrera de hormigón,S/D,POINT (-60.6295565 -32.9993333),"['Rosario', 'Castro Barros']",2,Puente Nuestra Señora del Rosario; Avenida Pedro de Castro Barros,-32.9993333,-60.6295565,55.0,538.0,Municipio Rosario,Municipio,Rosario,820210,Servicio de Catastro e Información Territorial,IGN
2012,12530,2012-09-30,Domingo,0.0,10:30:00,,0.0,2,"Moto/Ciclomotor,Pickup/Utilitario",Av. Corrientes Y Galvez,2,1,0,0,1,0,0,,Calle,,ROSARIO,Rosario,Asfalto,No existe,II,Dentro,Urbana,Ninguna,No existe,Recta,Bueno,Buena,Diurna,Buen Tiempo,Lateral,S/D,Colisión,S/D,Faltante,Ninguna,Sin restricción,POINT (-60.64797829999999 -32.968026599999995),"['Corrientes', 'Galvez']",2,Corrientes; José Gálvez,-32.968026599999995,-60.64797829999999,55.0,538.0,Municipio Rosario,Municipio,Rosario,820210,Servicio de Catastro e Información Territorial,IGN
2012,12531,2012-09-01,Sabado,0.0,,,0.0,2,"Automóvil,Moto/Ciclomotor",Milan Y Entre Rios,2,1,0,0,1,0,0,,Calle,,ROSARIO,Rosario,Asfalto,No existe,II,Dentro,Urbana,Ninguna,S/D,Intersección,S/D,S/D,S/D,S/D,Lateral,S/D,Colisión,S/D,S/D,Ninguna,S/D,POINT (-60.6520624 -32.990074799999995),"['Milán', 'Entre Ríos']",2,Milán; Entre Ríos,-32.990074799999995,-60.6520624,55.0,538.0,Municipio Rosario,Municipio,Rosario,820210,Servicio de Catastro e Información Territorial,IGN
2012,12533,2012-09-01,Sabado,0.0,11:00:00,,0.0,2,"Bicicleta,Automóvil",Entre Rios Y 24 De Setiembre,3,2,0,0,1,0,0,,Calle,,ROSARIO,Rosario,Asfalto,No existe,II,Dentro,Urbana,S/D,S/D,Intersección,S/D,S/D,Diurna,S/D,Lateral,S/D,Colisión,S/D,S/D,Ninguna,Sin restricción,POINT (-60.6494421 -32.97972499999999),"['Entre Ríos', '24 de Septiembre']",2,Entre Ríos; 24 de Septiembre,-32.97972499999999,-60.6494421,55.0,538.0,Municipio Rosario,Municipio,Rosario,820210,Servicio de Catastro e Información Territorial,IGN
2012,12537,2012-09-14,Viernes,0.0,20:50:00,,0.0,2,"Moto/Ciclomotor,Automóvil",Marco Polo Y Lozzia,2,1,0,0,1,0,0,,Calle,,ROSARIO,Rosario,Asfalto,Pavimento,II,Dentro,Urbana,S/D,No existe,Recta,S/D,S/D,Nocturna,S/D,Lateral,S/D,Colisión,S/D,Faltante,Barrera de hormigón,Sin restricción,POINT (-60.638308200000004 -33.0106592),"['Marco Polo', 'Lozzia']",2,Marco Polo; Lozzia,-33.0106592,-60.6383082,55.0,538.0,Municipio Rosario,Municipio,Rosario,820210,Servicio de Catastro e Información Territorial,IGN
2012,12538,2012-09-18,Martes,0.0,13:30:00,,0.0,2,"Automóvil,Automóvil",GUTIERREZ Y H.E. SANCHEZ,2,1,0,0,1,0,0,,Calle,,ROSARIO,Rosario,Asfalto,Pavimento,II,Dentro,Urbana,S/D,No existe,Intersección,Bueno,Buena,Diurna,Buen Tiempo,Lateral,S/D,Colisión,S/D,Faltante,Barrera de hormigón,Sin restricción,POINT (-60.621286299999994 -32.993201099999986),"['Gutierrez', 'Sanchez']",2,Ricardo Gutierrez; Sánchez de Bustamante,-32.993201099999986,-60.6212863,55.0,538.0,Municipio Rosario,Municipio,Rosario,820210,Servicio de Catastro e Información Territorial,IGN
2012,12539,2012-09-30,Domingo,0.0,20:30:00,,0.0,2,"Moto/Ciclomotor,Automóvil",Paraguay Y Viamonte,3,2,0,0,1,0,0,,Calle,,ROSARIO,Rosario,Asfalto,No existe,II,Dentro,Urbana,Ninguna,No existe,Intersección,Bueno,Buena,Diurna,Buen Tiempo,De alcance,S/D,Colisión,S/D,Faltante,Línea divisoria pintada,Sin restricción,POINT (-60.64849989999999 -32.9643589),"['Paraguay', 'Viamonte']",2,Paraguay; Viamonte,-32.9643589,-60.64849989999999,55.0,538.0,Municipio Rosario,Municipio,Rosario,820210,Servicio de Catastro e Información Territorial,IGN
2012,12540,2012-09-02,Domingo,0.0,23:00:00,,0.0,2,"Bicicleta,Automóvil",Av. Corrientes Y Cochabamba,3,2,0,0,1,0,0,,Avenida,,ROSARIO,Rosario,Asfalto,No existe,II,Dentro,Urbana,Ninguna,Funciona,Intersección,Bueno,Buena,Nocturna,Lluvia,De alcance,S/D,Atropello,S/D,Faltante,Ninguna,Sin restricción,POINT (-60.6453441 -32.9576917),"['Corrientes', 'Cochabamba']",2,Corrientes; Cochabamba,-32.9576917,-60.6453441,55.0,538.0,Municipio Rosario,Municipio,Rosario,820210,Servicio de Catastro e Información Territorial,IGN
2012,12541,2012-09-19,Miercoles,0.0,,,0.0,2,"Peatón,Moto/Ciclomotor",Laprida Y Pje. Azara,2,1,0,0,1,0,0,,Calle,,ROSARIO,Rosario,Asfalto,Pavimento,II,Dentro,Urbana,Ninguna,No existe,Intersección,S/D,Buena,Diurna,Buen Tiempo,Lateral,S/D,Atropello,S/D,Faltante,Barrera de hormigón,Sin restricción,POINT (-60.6457918 -32.99307149999999),"['Laprida', 'Azara']",2,Francisco Narciso Laprida; Azara,-32.99307149999999,-60.6457918,55.0,538.0,Municipio Rosario,Municipio,Rosario,820210,Servicio de Catastro e Información Territorial,IGN
2012,12542,2012-09-22,Sabado,0.0,21:00:00,,0.0,2,"Moto/Ciclomotor,Pickup/Utilitario",Anchorena Y Cepeda,2,1,0,0,1,0,0,,Calle,,ROSARIO,Rosario,Asfalto,Pavimento,II,Dentro,Urbana,Ninguna,No existe,Intersección,Bueno,Reducida,Nocturna,S/D,Lateral,S/D,Colisión,S/D,Faltante,Barrera de hormigón,Sin restricción,POINT (-60.625054299999995 -32.9970667),"['Anchorena', 'Cepeda']",2,Tomás de Anchorena; Cepeda,-32.9970667,-60.6250543,55.0,538.0,Municipio Rosario,Municipio,Rosario,820210,Servicio de Catastro e Información Territorial,IGN
2012,12543,2012-09-14,Viernes,0.0,19:15:00,,0.0,2,"Moto/Ciclomotor,Automóvil",Av. Irigoyen Y Cruz Chica,3,1,0,0,2,0,0,,Avenida,,ROSARIO,Rosario,Asfalto,No existe,II,Dentro,Urbana,Ninguna,No existe,Intersección,Deteriorada,Buena,Atardecer,S/D,Lateral,S/D,Colisión,S/D,Faltante,Ninguna,Sin restricción,POINT (-60.705854499999994 -32.884796099999996),"['Avenida Hipólito Irigoyen', 'Cruz Chica']",2,Avenida Hipólito Irigoyen; Cruz Chica,-32.8847961,-60.7058545,55.0,538.0,Municipio Rosario,Municipio,Rosario,820210,Servicio de Catastro e Información Territorial,IGN
2012,12544,2012-09-25,Martes,0.0,10:00:00,,0.0,2,"Automóvil,Automóvil",Laprida Y Pje. Moussy,2,1,0,0,1,0,0,,Calle,,ROSARIO,Rosario,Asfalto,Pavimento,II,Dentro,Urbana,Ninguna,No existe,Intersección,Bueno,Buena,Diurna,Buen Tiempo,Lateral,S/D,Colisión,S/D,Faltante,Barrera de hormigón,Sin restricción,POINT (-60.6456335 -32.9924381),"['Laprida', 'Moussy']",2,Francisco Narciso Laprida; Moussy,-32.9924381,-60.6456335,55.0,538.0,Municipio Rosario,Municipio,Rosario,820210,Servicio de Catastro e Información Territorial,IGN
2012,12567,2012-09-12,Miercoles,0.0,18:50:00,,0.0,3,"Taxi/Remis,Pickup/Utilitario,Automóvil",Camino de los Granaderos 3200,4,1,0,0,3,0,0,,Calle,,ROSARIO,Rosario,Asfalto,S/D,II,Dentro,Urbana,Semáforo,Funciona,Recta,Con baches,Buena,Atardecer,Buen Tiempo,Múltiple,S/D,Colisión,S/D,Vertical,Barrera de hormigón,Sin restricción,"-32.8929016, -60.7058168",['Camino De Los Granaderos 3200'],1,Camino De Los Granaderos 3200,-32.8929016,-60.7058168,55.0,538.0,Municipio Rosario,Municipio,Rosario,820210,Servicio de Catastro e Información Territorial,IGN
2012,12572,2012-09-17,Lunes,0.0,13:00:00,,0.0,2,"Moto/Ciclomotor,Moto/Ciclomotor",Pje. Amazonas Y Castellanos,4,4,0,0,0,0,0,,Calle,,ROSARIO,Rosario,Asfalto,No existe,II,Dentro,Urbana,Ninguna,No existe,Intersección,Bueno,Buena,Diurna,Buen Tiempo,Lateral,S/D,Colisión,S/D,Faltante,Ninguna,Sin restricción,POINT (-60.6822645 -32.9684516),"['Amazonas', 'Aaron Castellanos']",2,Amazonas; Aaron Castellanos,-32.9684516,-60.6822645,55.0,538.0,Municipio Rosario,Municipio,Rosario,820210,Servicio de Catastro e Información Territorial,IGN