anio_acci,nro_acci,fecha,desc_dia,fecha_aprox,hora_aprox,desc_ruta,km,cant_participantes,desc_participante,calle_avenida_km,total,heridos_leves,heridos_graves,heridos_gravisimos,ilesos,fallecidos,sin_datos,posicion_XY,desc_tipo_via,desc_ruta_ori,desc_loc,desc_dpto,desc_tipo_calzada,desc_tipo_banquina,desc_unidad_regional,desc_lugar_calzada,desc_zona,desc_prioridad,desc_estado_semaforo,desc_lugar_via,desc_estado_via,desc_estado_visibilidad,desc_luminosidad,desc_estado_clima,desc_tipo_colision,desc_tipo_atropello,desc_tipo_hecho,desc_pres_calzada,desc_senializacion,desc_separacion_via,desc_restriccion,forma_geocod,calle_lista,numero_calles,calles_osm,lat,lon,index_right,gid,fna,gna,nam,in1,fdc,sag
2012,12573,2012-08-26,Domingo,0.0,01:50:00,,0.0,2,"Automóvil,Moto/Ciclomotor",Bv. Avellaneda Y Rioja,2,1,0,0,1,0,0,,Avenida,,ROSARIO,Rosario,Asfalto,S/D,II,Dentro,Urbana,S/D,S/D,Intersección,S/D,S/D,S/D,S/D,S/D,S/D,Colisión,S/D,S/D,Cordón divisorio,S/D,POINT (-60.679463549999994 -32.940277300000005),"['Avellaneda', 'Rioja']",2,Bulevar Nicolás Avellaneda; Rioja,-32.940277300000005,-60.67946355,55.0,538.0,Municipio Rosario,Municipio,Rosario,820210,Servicio de Catastro e Información Territorial,IGN
2012,12574,2012-08-25,Sabado,0.0,,,0.0,2,"Automóvil,Moto/Ciclomotor",Montevideo Y Rodriguez,2,1,0,0,1,0,0,,Calle,,ROSARIO,Rosario,Asfalto,S/D,II,Dentro,Urbana,S/D,S/D,Intersección,S/D,S/D,S/D,S/D,S/D,S/D,Colisión,S/D,S/D,Cordón divisorio,S/D,POINT (-60.6611618 -32.9524613),"['Montevideo', 'Rodríguez']",2,Montevideo; Rodríguez de Escobedo,-32.9524613,-60.6611618,55.0,538.0,Municipio Rosario,Municipio,Rosario,820210,Servicio de Catastro e Información Territorial,IGN
2012,12575,2012-08-25,Sabado,0.0,12:10:00,,0.0,2,"Taxi/Remis,Moto/Ciclomotor",Montevideo Y Rodriguez,2,1,0,0,1,0,0,,Calle,,ROSARIO,Rosario,Asfalto,S/D,II,Dentro,Urbana,S/D,S/D,Intersección,S/D,S/D,S/D,S/D,S/D,S/D,Colisión,S/D,S/D,Cordón divisorio,S/D,POINT (-60.6611618 -32.9524613),"['Montevideo', 'Rodríguez']",2,Montevideo; Rodríguez de Escobedo,-32.9524613,-60.6611618,55.0,538.0,Municipio Rosario,Municipio,Rosario,820210,Servicio de Catastro e Información Territorial,IGN
2012,12576,2012-09-17,Lunes,0.0,13:30:00,,0.0,2,"Automóvil,Automóvil",Cnel.Arnold Y Av. Francia,2,1,0,0,1,0,0,,Avenida,,ROSARIO,Rosario,Asfalto,No existe,II,Dentro,Urbana,Ninguna,No existe,Intersección,Bueno,Buena,Diurna,Buen Tiempo,Frontal,S/D,Colisión,S/D,Faltante,Cordón divisorio,Sin restricción,POINT (-60.67780125 -32.990225849999995),"['Arnold', 'Avenida Francia']",2,Arnold; Avenida Francia,-32.990225849999995,-60.67780125,55.0,538.0,Municipio Rosario,Municipio,Rosario,820210,Servicio de Catastro e Información Territorial,IGN
2012,12577,2012-08-26,Domingo,0.0,06:15:00,,0.0,2,"Taxi/Remis,Moto/Ciclomotor",Suipacha Y Rioja,4,3,0,0,1,0,0,,Calle,,ROSARIO,Rosario,Asfalto,S/D,II,Dentro,Urbana,S/D,S/D,Intersección,S/D,S/D,S/D,S/D,S/D,S/D,Colisión,S/D,S/D,Cordón divisorio,S/D,POINT (-60.66447840000001 -32.94294049999999),"['Suipacha', 'Rioja']",2,Suipacha; Rioja,-32.94294049999999,-60.66447840000001,55.0,538.0,Municipio Rosario,Municipio,Rosario,820210,Servicio de Catastro e Información Territorial,IGN
2012,12578,2012-08-24,Viernes,0.0,,,0.0,2,"Automóvil,Automóvil",Suipacha Y E.Zeballos,2,1,0,0,1,0,0,,Calle,,ROSARIO,Rosario,Asfalto,S/D,II,Dentro,Urbana,S/D,S/D,Intersección,S/D,S/D,S/D,S/D,S/D,S/D,Colisión,S/D,S/D,Cordón divisorio,S/D,POINT (-60.66630880000001 -32.9503432),"['Suipacha', 'Zeballos']",2,Suipacha; Zeballos,-32.9503432,-60.66630880000001,55.0,538.0,Municipio Rosario,Municipio,Rosario,820210,Servicio de Catastro e Información Territorial,IGN
2012,12580,2012-09-18,Martes,0.0,20:05:00,,0.0,2,"Moto/Ciclomotor,Automóvil",Bv. Avellaneda Y Gral.Mosconi,3,2,0,0,1,0,0,,Avenida,,ROSARIO,Rosario,Asfalto,No existe,II,Dentro,Urbana,Ninguna,No existe,Intersección,Bueno,S/D,"Nocturna,Con luz artificial",Lluvia,Frontal,S/D,Colisión,S/D,Faltante,Cordón divisorio,Sin restricción,POINT (-60.674045425 -32.994089450000004),"['Avellaneda', 'Mosconi']",2,Bulevar Nicolás Avellaneda; General Mosconi,-32.994089450000004,-60.674045425,55.0,538.0,Municipio Rosario,Municipio,Rosario,820210,Servicio de Catastro e Información Territorial,IGN
2012,12582,2012-08-22,Miercoles,0.0,,,0.0,1,Moto/Ciclomotor,Lavalle Y Marcos Paz,3,1,0,0,2,0,0,,Calle,,ROSARIO,Rosario,Asfalto,S/D,II,S/D,S/D,S/D,S/D,Intersección,S/D,S/D,S/D,S/D,S/D,S/D,Colisión,S/D,S/D,Cordón divisorio,S/D,POINT (-60.6789033 -32.943785299999995),"['Lavalle', 'Marcos Paz']",2,Lavalle; Marcos Paz,-32.943785299999995,-60.6789033,55.0,538.0,Municipio Rosario,Municipio,Rosario,820210,Servicio de Catastro e Información Territorial,IGN
2012,12585,2012-08-21,Martes,0.0,19:40:00,,0.0,2,"Moto/Ciclomotor,Automóvil",Montevideo Y Suipacha,2,1,0,0,0,0,1,,Calle,,ROSARIO,Rosario,Asfalto,S/D,II,Dentro,Urbana,S/D,S/D,Intersección,S/D,S/D,S/D,S/D,S/D,S/D,Colisión,S/D,S/D,Cordón divisorio,S/D,POINT (-60.666596600000005 -32.95149549999999),"['Montevideo', 'Suipacha']",2,Montevideo; Suipacha,-32.95149549999999,-60.666596600000005,55.0,538.0,Municipio Rosario,Municipio,Rosario,820210,Servicio de Catastro e Información Territorial,IGN
2012,12588,2012-09-18,Martes,0.0,10:30:00,,0.0,2,"Automóvil,Automóvil",Av. Ovidio Lagos Y Bv. Segui,3,2,0,0,1,0,0,,Avenida,,ROSARIO,Rosario,Asfalto,No existe,II,Dentro,Urbana,Semáforo,Funciona,Intersección,Bueno,Buena,Diurna,Buen Tiempo,Frontal,S/D,Colisión,S/D,Vertical,Cordón divisorio,Sin restricción,POINT (-60.66940506666666 -32.974966166666654),"['Avenida Ovidio Lagos', 'Bulevar Juan Francisco Seguí']",2,Avenida Ovidio Lagos; Bulevar Juan Francisco Seguí,-32.974966166666654,-60.66940506666666,55.0,538.0,Municipio Rosario,Municipio,Rosario,820210,Servicio de Catastro e Información Territorial,IGN
2012,12591,2012-09-19,Miercoles,0.0,19:50:00,,0.0,2,"Peatón,Moto/Ciclomotor",Bv. Avellaneda 4200,2,2,0,0,0,0,0,,Avenida,,ROSARIO,Rosario,Asfalto,No existe,II,Dentro,Urbana,Ninguna,No existe,Recta,Bueno,Buena,"Nocturna,Con luz artificial",Buen Tiempo,Frontal,S/D,Colisión,S/D,Faltante,Cordón divisorio,Sin restricción,"-32.9499307, -60.6819034",['Avellaneda 4200'],1,Avellaneda 4200,-32.9499307,-60.6819034,55.0,538.0,Municipio Rosario,Municipio,Rosario,820210,Servicio de Catastro e Información Territorial,IGN
2012,12592,2012-08-17,Viernes,0.0,08:30:00,,0.0,2,"Automóvil,Bicicleta",9 De Julio ,2,1,0,0,1,0,0,,Calle,,ROSARIO,Rosario,Asfalto,S/D,II,Dentro,Urbana,S/D,S/D,Recta,S/D,S/D,S/D,S/D,S/D,S/D,Colisión,S/D,S/D,Cordón divisorio,S/D,"-32.9561097, -60.6274336",['9 de Julio'],1,9 de Julio,-32.9561097,-60.6274336,55.0,538.0,Municipio Rosario,Municipio,Rosario,820210,Servicio de Catastro e Información Territorial,IGN
2012,12594,2012-09-14,Viernes,0.0,22:30:00,,0.0,1,Moto/Ciclomotor,Av. Francia Y Centeno,2,1,0,0,1,0,0,,Avenida,,ROSARIO,Rosario,Asfalto,No existe,II,Dentro,Urbana,Ninguna,No existe,Intersección,Bueno,Buena,Nocturna,Buen Tiempo,Lateral,S/D,Colisión,S/D,Faltante,Vegetación,Sin restricción,POINT (-60.67521765000001 -32.979911099999995),"['Avenida Francia', 'Centeno']",2,Avenida Francia; Coronel Centeno,-32.979911099999995,-60.67521765000001,55.0,538.0,Municipio Rosario,Municipio,Rosario,820210,Servicio de Catastro e Información Territorial,IGN
2012,12595,2012-05-02,Miercoles,0.0,04:30:00,,0.0,2,"Pickup/Utilitario,Automóvil",Av. Uriburu Y Ayacucho,2,0,0,0,0,1,1,,Avenida,,ROSARIO,Rosario,Asfalto,Pavimento,II,Dentro,Urbana,S/D,S/D,Intersección,Bueno,Buena,"Nocturna,Con luz artificial",Buen Tiempo,Lateral,S/D,Colisión,S/D,S/D,S/D,S/D,POINT (-60.63691935000001 -32.990357849999995),"['Uriburu', 'Ayacucho']",2,Avenida José Uriburu; Ayacucho,-32.990357849999995,-60.63691935000001,55.0,538.0,Municipio Rosario,Municipio,Rosario,820210,Servicio de Catastro e Información Territorial,IGN
2012,12596,2012-09-03,Lunes,0.0,12:00:00,,0.0,2,"Automóvil,Automóvil",Godoy Cruz Y San Nicolas,2,1,0,0,1,0,0,,Calle,,ROSARIO,Rosario,Asfalto,S/D,II,Dentro,Urbana,Semáforo,S/D,Intersección,Bueno,S/D,S/D,Buen Tiempo,Lateral,S/D,Colisión,S/D,Horizontal,Cordón divisorio,Sin restricción,POINT (-60.6764689 -32.95676415),"['Avenida Presidente Perón', 'San Nicolás']",2,Avenida Presidente Perón; San Nicolás,-32.95676415,-60.6764689,55.0,538.0,Municipio Rosario,Municipio,Rosario,820210,Servicio de Catastro e Información Territorial,IGN
2012,12597,2012-09-14,Viernes,0.0,09:50:00,,0.0,2,"Moto/Ciclomotor,Automóvil",PJE LISBOA  Y LATZENA ,2,1,0,0,1,0,0,,Calle,,ROSARIO,Rosario,Asfalto,No existe,II,Dentro,Urbana,Ninguna,No existe,Intersección,Bueno,Buena,Diurna,Buen Tiempo,Lateral,S/D,Colisión,S/D,Faltante,Ninguna,Sin restricción,POINT (-60.6699745 -32.96765649999999),"['Lisboa', 'Latzina']",2,Lisboa; Latzina,-32.96765649999999,-60.6699745,55.0,538.0,Municipio Rosario,Municipio,Rosario,820210,Servicio de Catastro e Información Territorial,IGN
2012,12598,2012-09-06,Jueves,0.0,22:20:00,,0.0,2,"Moto/Ciclomotor,Moto/Ciclomotor",Cafferata Y Viamonte,2,1,0,0,1,0,0,,Calle,,ROSARIO,Rosario,Asfalto,S/D,II,Dentro,Urbana,Ninguna,S/D,Intersección,Bueno,S/D,S/D,Buen Tiempo,Lateral,S/D,Colisión,S/D,Faltante,S/D,Sin restricción,POINT (-60.675715800000006 -32.959442200000005),"['Cafferata', 'Viamonte']",2,Cafferata; Viamonte,-32.959442200000005,-60.675715800000006,55.0,538.0,Municipio Rosario,Municipio,Rosario,820210,Servicio de Catastro e Información Territorial,IGN
2012,12599,2012-09-21,Viernes,0.0,05:35:00,,0.0,2,"Automóvil,Moto/Ciclomotor",Av. Ovidio Lagos Y Uruguay,2,1,0,0,1,0,0,,Calle,,ROSARIO,Rosario,Asfalto,S/D,II,Dentro,Urbana,Ninguna,S/D,Intersección,Bueno,Buena,Diurna,Buen Tiempo,Lateral,S/D,Colisión,S/D,S/D,Cordón divisorio,Sin restricción,POINT (-60.6688156 -32.972676699999994),"['Avenida Ovidio Lagos', 'Uruguay']",2,Avenida Ovidio Lagos; Uruguay,-32.972676699999994,-60.6688156,55.0,538.0,Municipio Rosario,Municipio,Rosario,820210,Servicio de Catastro e Información Territorial,IGN
2012,12600,2012-09-08,Sabado,0.0,08:15:00,,0.0,2,"Automóvil,Peatón",Av. Pte.Peron Y Lima,2,1,0,0,0,0,1,,Avenida,,ROSARIO,Rosario,Asfalto,S/D,II,Dentro,Urbana,Semáforo,Funciona,Recta,Bueno,Buena,Diurna,Buen Tiempo,S/D,S/D,Atropello,S/D,Horizontal,Cordón divisorio,Sin restricción,POINT (-60.6882115 -32.95812889999999),"['Avenida Presidente Perón', 'Lima']",2,Avenida Presidente Perón; Lima,-32.95812889999999,-60.6882115,55.0,538.0,Municipio Rosario,Municipio,Rosario,820210,Servicio de Catastro e Información Territorial,IGN
2012,12606,2012-05-17,Jueves,0.0,19:00:00,,0.0,2,"Bicicleta,Camión",Bv. 27 de Febrero Y Colectora de Circunvalación,2,0,0,0,1,1,0,,Avenida,,ROSARIO,Rosario,Asfalto,S/D,II,Dentro,Urbana,S/D,S/D,Intersección,Bueno,Reducida,Atardecer,Buen Tiempo,S/D,S/D,Atropello,S/D,S/D,S/D,S/D,POINT (-60.7203755 -32.95957229999999),"['27 de Febrero', 'Colectora de Circunvalación']",2,"('Bulevar 27 de Febrero', 'Juan Pablo II')",-32.95957229999999,-60.7203755,55.0,538.0,Municipio Rosario,Municipio,Rosario,820210,Servicio de Catastro e Información Territorial,IGN
2012,12611,2012-06-02,Sabado,0.0,,,0.0,2,"Peatón,Pickup/Utilitario",Bv. 27 De Febrero Y Av. Circunvalacion,2,0,0,0,1,1,0,,Avenida,,ROSARIO,Rosario,Asfalto,Pavimento,II,Dentro,Urbana,S/D,S/D,Recta,Bueno,Buena,Diurna,Buen Tiempo,S/D,S/D,Atropello,S/D,S/D,Cordón divisorio,S/D,POINT (-60.671730569613096 -32.965475411263625),"['27 de Febrero', 'Circunvalacion']",2,Bulevar 27 de Febrero; Avenida de Circunvalación 25 de Mayo,-32.965475411263625,-60.671730569613096,55.0,538.0,Municipio Rosario,Municipio,Rosario,820210,Servicio de Catastro e Información Territorial,IGN
2012,12637,2012-08-16,Jueves,0.0,,,0.0,2,"Automóvil,Moto/Ciclomotor",E.Zeballos Y Santiago,3,1,0,0,2,0,0,,Calle,,ROSARIO,Rosario,Asfalto,S/D,II,Dentro,Urbana,S/D,S/D,Intersección,S/D,S/D,S/D,S/D,S/D,S/D,Colisión,S/D,S/D,Cordón divisorio,S/D,POINT (-60.6581792 -32.95179709999999),"['Zeballos', 'Santiago']",2,Zeballos; Santiago,-32.95179709999999,-60.6581792,55.0,538.0,Municipio Rosario,Municipio,Rosario,820210,Servicio de Catastro e Información Territorial,IGN
2012,12638,2012-09-15,Sabado,0.0,00:20:00,,0.0,2,"Automóvil,Automóvil",Av. Pellegrini Y 1 de Mayo,3,2,0,0,1,0,0,,Avenida,,ROSARIO,Rosario,Asfalto,S/D,II,Dentro,Urbana,Semáforo,Funciona,Intersección,Bueno,Buena,Nocturna,S/D,Lateral,S/D,Colisión,S/D,S/D,Cordón divisorio,S/D,POINT (-60.6324302 -32.95882735),"['Pellegrini', 'Primero de Mayo']",2,Avenida Carlos Pellegrini; Primero de Mayo,-32.95882735,-60.6324302,55.0,538.0,Municipio Rosario,Municipio,Rosario,820210,Servicio de Catastro e Información Territorial,IGN
2012,12639,2012-08-22,Miercoles,0.0,10:15:00,,0.0,2,"Automóvil,Automóvil",San Luis Y Av. Ovidio Lagos,4,1,0,0,3,0,0,,Calle,,ROSARIO,Rosario,Asfalto,S/D,II,Dentro,Urbana,S/D,S/D,Intersección,S/D,S/D,S/D,S/D,S/D,S/D,Colisión,S/D,S/D,Cordón divisorio,S/D,POINT (-60.6621155 -32.9448915),"['San Luis', 'Avenida Ovidio Lagos']",2,San Luis; Avenida Ovidio Lagos,-32.9448915,-60.6621155,55.0,538.0,Municipio Rosario,Municipio,Rosario,820210,Servicio de Catastro e Información Territorial,IGN
2012,12640,2012-08-08,Miercoles,0.0,09:45:00,,0.0,2,"Bicicleta,Automóvil",Mendoza Y Alsina,2,1,0,0,1,0,0,,Calle,,ROSARIO,Rosario,Asfalto,S/D,II,Dentro,Urbana,S/D,S/D,Intersección,S/D,S/D,S/D,S/D,S/D,S/D,Atropello,S/D,S/D,Cordón divisorio,S/D,POINT (-60.67769160000001 -32.94473060000001),"['Mendoza', 'Alsina']",2,Mendoza; Alsina,-32.94473060000001,-60.67769160000001,55.0,538.0,Municipio Rosario,Municipio,Rosario,820210,Servicio de Catastro e Información Territorial,IGN
2012,12642,2012-08-14,Martes,0.0,,,0.0,2,"Automóvil,Moto/Ciclomotor",San Luis Y Vera Mujica,2,1,0,0,1,0,0,,Calle,,ROSARIO,Rosario,Asfalto,S/D,II,Dentro,Urbana,S/D,S/D,Intersección,S/D,S/D,S/D,S/D,S/D,S/D,Colisión,S/D,S/D,Cordón divisorio,S/D,POINT (-60.66756749999999 -32.9439264),"['San Luis', 'Vera Mujíca']",2,San Luis; Vera Mujíca,-32.9439264,-60.66756749999999,55.0,538.0,Municipio Rosario,Municipio,Rosario,820210,Servicio de Catastro e Información Territorial,IGN
2012,12643,2012-09-06,Jueves,0.0,05:50:00,,0.0,2,"Pickup/Utilitario,Camión",Av. Pellegrini 400,2,1,0,0,1,0,0,,S/D,,ROSARIO,Rosario,Asfalto,S/D,II,S/D,S/D,Semáforo,Funciona,Recta,Bueno,Buena,Nocturna,S/D,Lateral,S/D,Colisión,S/D,S/D,Cordón divisorio,S/D,"-32.958959, -60.6308602",['Pellegrini 400'],1,Pellegrini 400,-32.958959,-60.6308602,55.0,538.0,Municipio Rosario,Municipio,Rosario,820210,Servicio de Catastro e Información Territorial,IGN
2012,12645,2012-08-13,Lunes,0.0,10:30:00,,0.0,2,"Peatón,Automóvil",Santiago Y San Luis,2,1,0,0,1,0,0,,Calle,,ROSARIO,Rosario,Asfalto,S/D,II,Dentro,Urbana,S/D,S/D,Intersección,S/D,S/D,S/D,S/D,S/D,S/D,Atropello,S/D,S/D,Cordón divisorio,S/D,POINT (-60.656666 -32.945839899999996),"['Santiago', 'San Luis']",2,Santiago; San Luis,-32.9458399,-60.656666,55.0,538.0,Municipio Rosario,Municipio,Rosario,820210,Servicio de Catastro e Información Territorial,IGN
2012,12647,2012-09-13,Jueves,0.0,18:00:00,,0.0,3,"Automóvil,Bicicleta,Automóvil",Buenos Aires Y 3 De Febrero,3,1,0,0,2,0,0,,Calle,,ROSARIO,Rosario,Asfalto,S/D,II,Dentro,Urbana,S/D,S/D,Intersección,Bueno,Buena,Diurna,S/D,S/D,S/D,Atropello,S/D,S/D,Cordón divisorio,S/D,POINT (-60.63427490000001 -32.9536983),"['Buenos Aires', '3 de Febrero']",2,Buenos Aires; 3 de Febrero,-32.9536983,-60.63427490000001,55.0,538.0,Municipio Rosario,Municipio,Rosario,820210,Servicio de Catastro e Información Territorial,IGN
2012,12648,2012-08-12,Domingo,0.0,06:50:00,,0.0,2,"Automóvil,Moto/Ciclomotor",Castellanos Y Cordoba,2,1,0,0,1,0,0,,Calle,,ROSARIO,Rosario,Asfalto,S/D,II,Dentro,Urbana,S/D,S/D,Intersección,S/D,S/D,S/D,S/D,S/D,S/D,Colisión,S/D,S/D,Cordón divisorio,S/D,POINT (-60.675064000000006 -32.939814),"['Aaron Castellanos', 'Córdoba']",2,Aaron Castellanos; Córdoba,-32.939814,-60.675064000000006,55.0,538.0,Municipio Rosario,Municipio,Rosario,820210,Servicio de Catastro e Información Territorial,IGN
2012,12651,2012-08-11,Sabado,0.0,09:15:00,,0.0,1,Moto/Ciclomotor,Lavalle Y San Luis,2,2,0,0,0,0,0,,Calle,,ROSARIO,Rosario,Asfalto,S/D,II,Dentro,Urbana,S/D,S/D,Intersección,S/D,S/D,S/D,S/D,S/D,S/D,Colisión,S/D,S/D,Cordón divisorio,S/D,POINT (-60.6784407 -32.94196689999999),"['Lavalle', 'San Luis']",2,Lavalle; San Luis,-32.94196689999999,-60.6784407,55.0,538.0,Municipio Rosario,Municipio,Rosario,820210,Servicio de Catastro e Información Territorial,IGN
2012,12652,2012-09-02,Domingo,0.0,03:00:00,,0.0,2,"Automóvil,Automóvil",L.N.Alem Y San Juan,2,1,0,0,0,0,1,,Calle,,ROSARIO,Rosario,Asfalto,S/D,II,Dentro,Urbana,Ninguna,S/D,Intersección,Bueno,Buena,Nocturna,S/D,Lateral,S/D,Colisión,S/D,S/D,Cordón divisorio,S/D,POINT (-60.6292917 -32.9520629),"['Alem', 'San Juan']",2,Leandro N. Alem; San Juan,-32.9520629,-60.6292917,55.0,538.0,Municipio Rosario,Municipio,Rosario,820210,Servicio de Catastro e Información Territorial,IGN
2012,12653,2012-09-16,Domingo,0.0,21:45:00,,0.0,2,"Moto/Ciclomotor,Automóvil",1 de Mayo Y San Juan,2,1,0,0,1,0,0,,Calle,,ROSARIO,Rosario,Asfalto,S/D,II,Dentro,Urbana,S/D,S/D,Intersección,Bueno,Buena,Nocturna,Buen Tiempo,Lateral,S/D,Colisión,S/D,S/D,Cordón divisorio,S/D,POINT (-60.63071339999999 -32.951778999999995),"['Primero de Mayo', 'San Juan']",2,Primero de Mayo; San Juan,-32.951778999999995,-60.63071339999999,55.0,538.0,Municipio Rosario,Municipio,Rosario,820210,Servicio de Catastro e Información Territorial,IGN
2012,12654,2012-08-11,Sabado,0.0,19:40:00,,0.0,2,"Automóvil,Moto/Ciclomotor",E.Zeballos Y Valparaiso,4,1,1,0,2,0,0,,Calle,,ROSARIO,Rosario,Asfalto,S/D,II,Dentro,Urbana,S/D,S/D,Intersección,S/D,S/D,S/D,S/D,S/D,S/D,Colisión,S/D,S/D,Cordón divisorio,S/D,POINT (-60.6840021 -32.94719609999999),"['Zeballos', 'Valparaíso']",2,Zeballos; Valparaíso,-32.94719609999999,-60.6840021,55.0,538.0,Municipio Rosario,Municipio,Rosario,820210,Servicio de Catastro e Información Territorial,IGN
2012,12655,2012-08-10,Viernes,0.0,14:20:00,,0.0,2,"Moto/Ciclomotor,Automóvil",Bv. Avellaneda Y San Luis,3,2,0,0,1,0,0,,Avenida,,ROSARIO,Rosario,Asfalto,S/D,II,Dentro,Urbana,S/D,S/D,Intersección,S/D,S/D,S/D,S/D,S/D,S/D,Colisión,S/D,S/D,Cordón divisorio,S/D,POINT (-60.6798066 -32.9417232),"['Avellaneda', 'San Luis']",2,Bulevar Nicolás Avellaneda; San Luis,-32.9417232,-60.6798066,55.0,538.0,Municipio Rosario,Municipio,Rosario,820210,Servicio de Catastro e Información Territorial,IGN
2012,12656,2012-09-03,Lunes,0.0,22:00:00,,0.0,2,"Automóvil,Moto/Ciclomotor",Av. Pellegrini 900,2,1,0,0,1,0,0,,Calle,,ROSARIO,Rosario,Asfalto,S/D,II,Dentro,Urbana,S/D,S/D,Recta,Bueno,Buena,Con luz artificial,S/D,Otro,S/D,Colisión,S/D,S/D,Cordón divisorio,S/D,"-32.9577043, -60.6379933",['Pellegrini 900'],1,Pellegrini 900,-32.9577043,-60.6379933,55.0,538.0,Municipio Rosario,Municipio,Rosario,820210,Servicio de Catastro e Información Territorial,IGN
2012,12658,2012-09-06,Jueves,0.0,15:30:00,,0.0,2,"Automóvil,Automóvil",Maipu 900,2,1,0,0,0,0,1,,S/D,,ROSARIO,Rosario,Asfalto,S/D,II,S/D,S/D,Paso Peatonal,S/D,Recta,Bueno,Buena,Diurna,S/D,Otro,S/D,Colisión,S/D,S/D,Cordón divisorio,S/D,"-32.9481831, -60.6355696",['Maipu 900'],1,Maipu 900,-32.9481831,-60.6355696,55.0,538.0,Municipio Rosario,Municipio,Rosario,820210,Servicio de Catastro e Información Territorial,IGN
2012,12663,2012-09-18,Martes,0.0,19:50:00,,0.0,2,"Automóvil,Automóvil",Ayacucho 1200,5,4,0,0,1,0,0,,Calle,,ROSARIO,Rosario,Asfalto,S/D,II,Dentro,Urbana,S/D,S/D,Recta,Bueno,Buena,Diurna,Buen Tiempo,Otro,S/D,Colisión,S/D,S/D,Cordón divisorio,S/D,"-32.9533833, -60.6282758",['Ayacucho 1200'],1,Ayacucho 1200,-32.9533833,-60.6282758,55.0,538.0,Municipio Rosario,Municipio,Rosario,820210,Servicio de Catastro e Información Territorial,IGN
2012,12668,2012-09-21,Viernes,1.0,,,0.0,2,"Moto/Ciclomotor,Peatón",Iriondo Y Bv. Segui,3,3,0,0,0,0,0,,Avenida,,ROSARIO,Rosario,Asfalto,S/D,II,Dentro,Urbana,Ninguna,S/D,Intersección,Bueno,Buena,Con luz artificial,Buen Tiempo,S/D,S/D,Atropello,S/D,S/D,Cordón divisorio,S/D,POINT (-60.67784519999999 -32.973457749999994),"['Iriondo', 'Bulevar Juan Francisco Seguí']",2,Iriondo; Bulevar Juan Francisco Seguí,-32.973457749999994,-60.67784519999999,55.0,538.0,Municipio Rosario,Municipio,Rosario,820210,Servicio de Catastro e Información Territorial,IGN
2012,12669,2012-09-08,Sabado,0.0,14:30:00,,0.0,2,"Automóvil,Automóvil",Av. Pte.Peron Y Constitucion,2,1,0,0,1,0,0,,Avenida,,ROSARIO,Rosario,Asfalto,S/D,II,Dentro,Urbana,Semáforo,Funciona,Recta,Bueno,Buena,Diurna,Buen Tiempo,Otro,S/D,S/D,S/D,S/D,Cordón divisorio,Sin restricción,POINT (-60.677956699999996 -32.95693165),"['Avenida Presidente Perón', 'Constitución']",2,Avenida Presidente Perón; Constitución,-32.95693165,-60.6779567,55.0,538.0,Municipio Rosario,Municipio,Rosario,820210,Servicio de Catastro e Información Territorial,IGN
2012,12670,2012-09-09,Domingo,0.0,13:30:00,,0.0,2,"Moto/Ciclomotor,Peatón",GODOY Y PASCUAL ROSAS,2,1,0,0,1,0,0,,Avenida,,ROSARIO,Rosario,Asfalto,S/D,II,Dentro,Urbana,Semáforo,S/D,Intersección,Bueno,S/D,S/D,Buen Tiempo,S/D,S/D,Atropello,S/D,Horizontal,Cordón divisorio,S/D,POINT (-60.691128500000005 -32.95845274999999),"['Avenida Presidente Perón', 'Pascual Rosas']",2,Avenida Presidente Perón; Pascual Rosas,-32.95845274999999,-60.691128500000005,55.0,538.0,Municipio Rosario,Municipio,Rosario,820210,Servicio de Catastro e Información Territorial,IGN
2012,12672,2012-08-02,Jueves,0.0,02:00:00,,0.0,2,"Moto/Ciclomotor,Transporte de Pasajeros Urbano (> 8 asientos)",Av. Provincias Unidas Y Rueda,3,0,0,0,0,2,1,,Avenida,,ROSARIO,Rosario,Asfalto,No existe,II,Dentro,Urbana,S/D,S/D,Intersección,Bueno,Reducida,"Nocturna,Con luz artificial",S/D,Lateral,S/D,Colisión,S/D,S/D,Cordón divisorio,S/D,POINT (-60.711669799999996 -32.9627928),"['Avenida Provincias Unidas', 'Rueda']",2,Avenida Provincias Unidas; Rueda,-32.9627928,-60.7116698,55.0,538.0,Municipio Rosario,Municipio,Rosario,820210,Servicio de Catastro e Información Territorial,IGN
2012,12674,2012-08-05,Domingo,0.0,07:20:00,,0.0,1,Moto/Ciclomotor,Av. Luis Carballo Y Albert Sabin,2,0,0,0,0,1,1,,Avenida,,ROSARIO,Rosario,Asfalto,No existe,II,Dentro,Urbana,S/D,S/D,Intersección,Bueno,S/D,Diurna,S/D,S/D,S/D,Caída ocupante,S/D,S/D,S/D,S/D,POINT (-60.685682340000014 -32.92234279999999),"['Avenida Doctor Luis Cándido Carballo', 'Avenida Travesía Albert Sabin']",2,Avenida Doctor Luis Cándido Carballo; Avenida Travesía Albert Sabin,-32.92234279999999,-60.685682340000014,55.0,538.0,Municipio Rosario,Municipio,Rosario,820210,Servicio de Catastro e Información Territorial,IGN