anio_acci,nro_acci,fecha,desc_dia,fecha_aprox,hora_aprox,desc_ruta,km,cant_participantes,desc_participante,calle_avenida_km,total,heridos_leves,heridos_graves,heridos_gravisimos,ilesos,fallecidos,sin_datos,posicion_XY,desc_tipo_via,desc_ruta_ori,desc_loc,desc_dpto,desc_tipo_calzada,desc_tipo_banquina,desc_unidad_regional,desc_lugar_calzada,desc_zona,desc_prioridad,desc_estado_semaforo,desc_lugar_via,desc_estado_via,desc_estado_visibilidad,desc_luminosidad,desc_estado_clima,desc_tipo_colision,desc_tipo_atropello,desc_tipo_hecho,desc_pres_calzada,desc_senializacion,desc_separacion_via,desc_restriccion,forma_geocod,calle_lista,numero_calles,calles_osm,lat,lon,index_right,gid,fna,gna,nam,in1,fdc,sag
2012,12686,2012-09-10,Lunes,0.0,17:30:00,,0.0,1,Moto/Ciclomotor,27 DE FEBRERO Y avellaneda,1,1,0,0,0,0,0,,Avenida,,ROSARIO,Rosario,Asfalto,Pavimento,II,S/D,Urbana,S/D,Funciona,Recta,Bueno,Buena,Diurna,Buen Tiempo,S/D,S/D,Despiste,S/D,S/D,S/D,S/D,POINT (-60.68448515 -32.96026405),"['27 de Febrero', 'Avellaneda']",2,Bulevar 27 de Febrero; Bulevar Nicolás Avellaneda,-32.96026405,-60.68448515,55.0,538.0,Municipio Rosario,Municipio,Rosario,820210,Servicio de Catastro e Información Territorial,IGN
2012,12687,2012-08-08,Miercoles,0.0,16:15:00,,0.0,2,"Bicicleta,Automóvil",Laprida Y E.Zeballos,2,1,0,0,1,0,0,,Calle,,ROSARIO,Rosario,Asfalto,S/D,II,Dentro,Urbana,S/D,S/D,Intersección,S/D,S/D,S/D,S/D,S/D,S/D,Atropello,S/D,S/D,Cordón divisorio,S/D,POINT (-60.6363278 -32.9557887),"['Laprida', 'Zeballos']",2,Francisco Narciso Laprida; Zeballos,-32.9557887,-60.6363278,55.0,538.0,Municipio Rosario,Municipio,Rosario,820210,Servicio de Catastro e Información Territorial,IGN
2012,12688,2012-08-09,Jueves,0.0,,,0.0,2,"Automóvil,Moto/Ciclomotor",Mendoza Y Santiago,2,1,0,0,1,0,0,,Calle,,ROSARIO,Rosario,Asfalto,S/D,II,Dentro,Urbana,S/D,S/D,Intersección,S/D,S/D,S/D,S/D,S/D,S/D,Colisión,S/D,S/D,Cordón divisorio,S/D,POINT (-60.6573014 -32.94835160000001),"['Mendoza', 'Santiago']",2,Mendoza; Santiago,-32.94835160000001,-60.6573014,55.0,538.0,Municipio Rosario,Municipio,Rosario,820210,Servicio de Catastro e Información Territorial,IGN
2012,12690,2012-08-10,Viernes,0.0,13:00:00,,0.0,2,"Automóvil,Automóvil",Laprida Y E.Zeballos,5,2,0,0,3,0,0,,Calle,,ROSARIO,Rosario,S/D,S/D,II,Dentro,Urbana,Marca Vial,S/D,Intersección,Bueno,S/D,Diurna,S/D,Lateral,S/D,Colisión,S/D,S/D,Cordón divisorio,S/D,POINT (-60.6363278 -32.9557887),"['Laprida', 'Zeballos']",2,Francisco Narciso Laprida; Zeballos,-32.9557887,-60.6363278,55.0,538.0,Municipio Rosario,Municipio,Rosario,820210,Servicio de Catastro e Información Territorial,IGN
2012,12691,2012-08-09,Jueves,0.0,,,0.0,2,"Automóvil,Automóvil",Bv. Avellaneda Y San Juan,3,2,0,0,1,0,0,,Avenida,,ROSARIO,Rosario,Asfalto,S/D,II,Dentro,Urbana,S/D,S/D,Intersección,S/D,S/D,S/D,S/D,S/D,S/D,Colisión,S/D,S/D,Cordón divisorio,S/D,POINT (-60.680076299999996 -32.94284435),"['Avellaneda', 'San Juan']",2,Bulevar Nicolás Avellaneda; San Juan,-32.94284435,-60.6800763,55.0,538.0,Municipio Rosario,Municipio,Rosario,820210,Servicio de Catastro e Información Territorial,IGN
2012,12693,2012-08-06,Lunes,0.0,,,0.0,2,"Taxi/Remis,Automóvil",Av. Francia Y Rioja,3,1,0,0,0,0,2,,Avenida,,ROSARIO,Rosario,Asfalto,S/D,II,Dentro,Urbana,S/D,S/D,Intersección,S/D,S/D,S/D,S/D,S/D,S/D,Colisión,S/D,S/D,Cordón divisorio,S/D,POINT (-60.6657994 -32.942712),"['Avenida Francia', 'Rioja']",2,Avenida Francia; Rioja,-32.942712,-60.6657994,55.0,538.0,Municipio Rosario,Municipio,Rosario,820210,Servicio de Catastro e Información Territorial,IGN
2012,12696,2012-08-12,Domingo,0.0,19:30:00,,0.0,2,"Automóvil,Pickup/Utilitario",Rioja Y Maipu,6,3,0,0,3,0,0,,Calle,,ROSARIO,Rosario,Asfalto,S/D,II,Dentro,Urbana,Semáforo,Funciona,Intersección,S/D,S/D,Atardecer,S/D,Lateral,S/D,Colisión,S/D,S/D,Ninguna,S/D,POINT (-60.6355516 -32.948277499999996),"['Rioja', 'Maipú']",2,Rioja; Maipú,-32.9482775,-60.6355516,55.0,538.0,Municipio Rosario,Municipio,Rosario,820210,Servicio de Catastro e Información Territorial,IGN
2012,12697,2012-08-14,Martes,0.0,12:05:00,,0.0,2,"Automóvil,Automóvil",Av. Pellegrini 900,2,1,0,0,1,0,0,,Avenida,,ROSARIO,Rosario,Asfalto,S/D,II,Dentro,Urbana,Semáforo,Funciona,Recta,Bueno,S/D,Diurna,S/D,De alcance,S/D,Colisión,S/D,S/D,Cordón divisorio,S/D,"-32.9577043, -60.6379933",['Pellegrini 900'],1,Pellegrini 900,-32.9577043,-60.6379933,55.0,538.0,Municipio Rosario,Municipio,Rosario,820210,Servicio de Catastro e Información Territorial,IGN
2012,12698,2012-08-06,Lunes,0.0,13:40:00,,0.0,2,"Automóvil,Automóvil",Cordoba Y Santiago,4,1,0,0,3,0,0,,Calle,,ROSARIO,Rosario,Asfalto,S/D,II,Dentro,Urbana,S/D,S/D,Intersección,S/D,S/D,S/D,S/D,S/D,S/D,Colisión,S/D,S/D,Cordón divisorio,S/D,POINT (-60.6560118 -32.94325390000001),"['Córdoba', 'Santiago']",2,Córdoba; Santiago,-32.94325390000001,-60.6560118,55.0,538.0,Municipio Rosario,Municipio,Rosario,820210,Servicio de Catastro e Información Territorial,IGN
2012,12700,2012-08-21,Martes,0.0,10:30:00,,0.0,2,"Peatón,Automóvil",Buenos Aires 1400,2,1,0,0,1,0,0,,Calle,,ROSARIO,Rosario,Asfalto,S/D,II,Dentro,Urbana,S/D,S/D,Recta,Bueno,Buena,S/D,S/D,Otro,S/D,Atropello,S/D,S/D,Cordón divisorio,S/D,"-32.9547884, -60.6346076",['Buenos Aires 1400'],1,Buenos Aires 1400,-32.9547884,-60.6346076,55.0,538.0,Municipio Rosario,Municipio,Rosario,820210,Servicio de Catastro e Información Territorial,IGN
2012,12702,2012-08-22,Miercoles,0.0,08:30:00,,0.0,3,"Automóvil,Automóvil,Automóvil",San Luis 900,3,1,0,0,2,0,0,,Calle,,ROSARIO,Rosario,Asfalto,S/D,II,Dentro,Urbana,Semáforo,Funciona,Recta,Bueno,Buena,Diurna,S/D,Múltiple,S/D,Colisión,S/D,Vertical,Cordón divisorio,S/D,"-32.9495339, -60.6358057",['San Luis 900'],1,San Luis 900,-32.9495339,-60.6358057,55.0,538.0,Municipio Rosario,Municipio,Rosario,820210,Servicio de Catastro e Información Territorial,IGN
2012,12707,2012-08-25,Sabado,0.0,19:30:00,,0.0,2,"Automóvil,Automóvil",Necochea Y 9 De Julio,2,1,0,0,1,0,0,,Calle,,ROSARIO,Rosario,Asfalto,S/D,II,Dentro,Urbana,S/D,S/D,Intersección,Bueno,Buena,Diurna,Buen Tiempo,Lateral,S/D,Colisión,S/D,S/D,Ninguna,S/D,POINT (-60.6260718 -32.95634779999999),"['Necochea', '9 de Julio']",2,Necochea; 9 de Julio,-32.95634779999999,-60.6260718,55.0,538.0,Municipio Rosario,Municipio,Rosario,820210,Servicio de Catastro e Información Territorial,IGN
2012,12710,2012-08-28,Martes,0.0,18:00:00,,0.0,3,"Automóvil,Automóvil,Automóvil",Laprida 1600,3,2,0,0,1,0,0,,Calle,,ROSARIO,Rosario,Asfalto,S/D,II,Dentro,Urbana,S/D,S/D,Recta,Bueno,Buena,Diurna,S/D,Múltiple,S/D,Colisión,S/D,S/D,Ninguna,S/D,"-32.9567197, -60.6366631",['Laprida 1600'],1,Laprida 1600,-32.9567197,-60.6366631,55.0,538.0,Municipio Rosario,Municipio,Rosario,820210,Servicio de Catastro e Información Territorial,IGN
2012,12714,2012-08-28,Martes,0.0,18:00:00,,0.0,2,"Automóvil,Moto/Ciclomotor",J.M.de Rosas Y Av. Pellegrini,2,1,0,0,1,0,0,,Calle,,ROSARIO,Rosario,Asfalto,S/D,II,Dentro,Urbana,Semáforo,Funciona,Intersección,Bueno,S/D,Diurna,Buen Tiempo,Lateral,S/D,Colisión,S/D,S/D,Ninguna,S/D,POINT (-60.63399975 -32.95854455),"['De Rosas', 'Pellegrini']",2,Juan Manuel de Rosas; Avenida Carlos Pellegrini,-32.95854455,-60.63399975,55.0,538.0,Municipio Rosario,Municipio,Rosario,820210,Servicio de Catastro e Información Territorial,IGN
2012,12718,2012-08-06,Lunes,0.0,13:40:00,,0.0,2,"Moto/Ciclomotor,Automóvil",Rioja Y Suipacha,3,1,0,0,2,0,0,,Calle,,ROSARIO,Rosario,Asfalto,S/D,II,Dentro,Urbana,S/D,S/D,Intersección,S/D,S/D,S/D,S/D,S/D,S/D,Colisión,S/D,S/D,Cordón divisorio,S/D,POINT (-60.66447840000001 -32.94294049999999),"['Rioja', 'Suipacha']",2,Rioja; Suipacha,-32.94294049999999,-60.66447840000001,55.0,538.0,Municipio Rosario,Municipio,Rosario,820210,Servicio de Catastro e Información Territorial,IGN
2012,12719,2012-08-05,Domingo,0.0,,,0.0,2,"Moto/Ciclomotor,Automóvil",Alsina Y Rioja,2,1,0,0,1,0,0,,Calle,,ROSARIO,Rosario,Asfalto,S/D,II,Dentro,Urbana,S/D,S/D,Intersección,S/D,S/D,S/D,S/D,S/D,S/D,Colisión,S/D,S/D,Cordón divisorio,S/D,POINT (-60.6766908 -32.94077829999999),"['Alsina', 'Rioja']",2,Alsina; Rioja,-32.94077829999999,-60.6766908,55.0,538.0,Municipio Rosario,Municipio,Rosario,820210,Servicio de Catastro e Información Territorial,IGN
2012,12741,2012-08-04,Sabado,0.0,,,0.0,2,"Automóvil,Automóvil",Mendoza Y Carriego,3,1,0,0,2,0,0,,Calle,,ROSARIO,Rosario,Asfalto,S/D,II,Dentro,Urbana,S/D,S/D,Intersección,S/D,S/D,S/D,S/D,S/D,S/D,Colisión,S/D,S/D,Cordón divisorio,S/D,POINT (-60.6899344 -32.9425285),"['Mendoza', 'Carriego']",2,Mendoza; Carriego,-32.9425285,-60.6899344,55.0,538.0,Municipio Rosario,Municipio,Rosario,820210,Servicio de Catastro e Información Territorial,IGN
2012,12742,2012-07-30,Lunes,0.0,12:30:00,,0.0,2,"Automóvil,Pickup/Utilitario",Mendoza Y Av. Ovidio Lagos,3,2,0,0,0,0,1,,Avenida,,ROSARIO,Rosario,S/D,S/D,II,Dentro,Urbana,S/D,S/D,Intersección,S/D,S/D,Diurna,S/D,S/D,S/D,Colisión,S/D,S/D,Cordón divisorio,S/D,POINT (-60.6627415 -32.947382499999996),"['Mendoza', 'Avenida Ovidio Lagos']",2,Mendoza; Avenida Ovidio Lagos,-32.9473825,-60.6627415,55.0,538.0,Municipio Rosario,Municipio,Rosario,820210,Servicio de Catastro e Información Territorial,IGN
2012,12743,2012-08-28,Martes,0.0,12:00:00,,0.0,2,"Automóvil,Automóvil",J.M.de Rosas Y San Juan,3,2,0,0,1,0,0,,Calle,,ROSARIO,Rosario,Asfalto,S/D,II,Dentro,Urbana,Ninguna,S/D,Intersección,Bueno,Buena,Diurna,S/D,Lateral,S/D,Colisión,S/D,S/D,Cordón divisorio,S/D,POINT (-60.6321884 -32.951492),"['De Rosas', 'San Juan']",2,Juan Manuel de Rosas; San Juan,-32.951492,-60.6321884,55.0,538.0,Municipio Rosario,Municipio,Rosario,820210,Servicio de Catastro e Información Territorial,IGN
2012,12744,2012-08-01,Miercoles,0.0,14:30:00,,0.0,2,"Moto/Ciclomotor,Automóvil",Sucre Y San Luis,2,1,0,0,1,0,0,,Calle,,ROSARIO,Rosario,Asfalto,S/D,II,Dentro,Urbana,S/D,S/D,Intersección,S/D,S/D,Diurna,S/D,S/D,S/D,Colisión,S/D,S/D,Cordón divisorio,S/D,POINT (-60.69068600000001 -32.9397698),"['Sucre', 'San Luis']",2,Sucre; San Luis,-32.9397698,-60.69068600000001,55.0,538.0,Municipio Rosario,Municipio,Rosario,820210,Servicio de Catastro e Información Territorial,IGN
2012,12745,2012-08-04,Sabado,0.0,08:00:00,,0.0,2,"Automóvil,Automóvil",Montevideo Y Pueyrredon,3,3,0,0,0,0,0,,Calle,,ROSARIO,Rosario,Asfalto,S/D,II,Dentro,Urbana,S/D,S/D,Intersección,S/D,S/D,S/D,S/D,S/D,S/D,Colisión,S/D,S/D,Cordón divisorio,S/D,POINT (-60.6598108 -32.9527051),"['Montevideo', 'Pueyrredón']",2,Montevideo; Pueyrredón,-32.9527051,-60.6598108,55.0,538.0,Municipio Rosario,Municipio,Rosario,820210,Servicio de Catastro e Información Territorial,IGN
2012,12746,2012-08-02,Jueves,0.0,08:40:00,,0.0,2,"Moto/Ciclomotor,Automóvil",Av. Pellegrini Y Vera Mujica,2,1,0,0,1,0,0,,Avenida,,ROSARIO,Rosario,Asfalto,S/D,II,Dentro,Urbana,S/D,S/D,Intersección,S/D,S/D,Diurna,S/D,S/D,S/D,Colisión,S/D,S/D,Cordón divisorio,S/D,POINT (-60.6696235 -32.952139450000004),"['Pellegrini', 'Vera Mujíca']",2,Avenida Carlos Pellegrini; Vera Mujíca,-32.952139450000004,-60.6696235,55.0,538.0,Municipio Rosario,Municipio,Rosario,820210,Servicio de Catastro e Información Territorial,IGN
2012,12747,2012-08-15,Miercoles,0.0,12:30:00,,0.0,2,"Peatón,Pickup/Utilitario",Bv. Avellaneda Y Godoy Cruz,3,0,1,0,2,0,0,,Avenida,,ROSARIO,Rosario,Asfalto,Pavimento,II,Dentro,Urbana,Semáforo,Funciona,Intersección,Bueno,Buena,Diurna,S/D,Frontal,S/D,Atropello,S/D,Vertical,Cordón divisorio,Sin restricción,POINT (-60.683816275 -32.957610325),"['Avellaneda', 'Avenida Presidente Perón']",2,Bulevar Nicolás Avellaneda; Avenida Presidente Perón,-32.957610325,-60.683816275,55.0,538.0,Municipio Rosario,Municipio,Rosario,820210,Servicio de Catastro e Información Territorial,IGN
2012,12748,2012-08-02,Jueves,0.0,05:00:00,,0.0,2,"Moto/Ciclomotor,Automóvil",Av. Ovidio Lagos Y Mendoza,2,1,0,0,0,0,1,,Avenida,,ROSARIO,Rosario,Asfalto,S/D,II,Dentro,Urbana,S/D,S/D,Intersección,S/D,S/D,Nocturna,S/D,S/D,S/D,Colisión,S/D,S/D,Cordón divisorio,S/D,POINT (-60.6627415 -32.947382499999996),"['Avenida Ovidio Lagos', 'Mendoza']",2,Avenida Ovidio Lagos; Mendoza,-32.9473825,-60.6627415,55.0,538.0,Municipio Rosario,Municipio,Rosario,820210,Servicio de Catastro e Información Territorial,IGN
2012,12749,2012-08-28,Martes,0.0,12:00:00,,0.0,2,"Moto/Ciclomotor,Automóvil",Buenos Aires 1000,2,1,0,0,1,0,0,,Calle,,ROSARIO,Rosario,Asfalto,S/D,II,Dentro,Urbana,S/D,No existe,Recta,Bueno,Buena,Diurna,Buen Tiempo,De alcance,S/D,Colisión,S/D,S/D,S/D,S/D,"-32.9499227, -60.6333832",['Buenos Aires 1000'],1,Buenos Aires 1000,-32.9499227,-60.6333832,55.0,538.0,Municipio Rosario,Municipio,Rosario,820210,Servicio de Catastro e Información Territorial,IGN
2012,12750,2012-08-04,Sabado,0.0,18:20:00,,0.0,2,"Moto/Ciclomotor,Automóvil",Av. Pellegrini Y Carriego,3,2,0,0,1,0,0,,Calle,,ROSARIO,Rosario,Asfalto,S/D,II,Dentro,Urbana,S/D,S/D,Intersección,S/D,S/D,S/D,S/D,S/D,S/D,Colisión,S/D,S/D,Cordón divisorio,S/D,POINT (-60.69138540000001 -32.9482472),"['Pellegrini', 'Carriego']",2,Avenida Carlos Pellegrini; Carriego,-32.9482472,-60.69138540000001,55.0,538.0,Municipio Rosario,Municipio,Rosario,820210,Servicio de Catastro e Información Territorial,IGN
2012,12751,2012-08-02,Jueves,0.0,06:15:00,,0.0,2,"Automóvil,Automóvil",Cordoba Y Vera Mujica,3,3,0,0,0,0,0,,Calle,,ROSARIO,Rosario,Asfalto,S/D,II,Dentro,Urbana,S/D,S/D,Intersección,S/D,S/D,Amanecer,S/D,S/D,S/D,Colisión,S/D,S/D,Cordón divisorio,S/D,POINT (-60.666903 -32.94129629999999),"['Córdoba', 'Vera Mujíca']",2,Córdoba; Vera Mujíca,-32.94129629999999,-60.666903,55.0,538.0,Municipio Rosario,Municipio,Rosario,820210,Servicio de Catastro e Información Territorial,IGN
2012,12752,2012-08-04,Sabado,0.0,,,0.0,2,"Moto/Ciclomotor,Automóvil",Av. Pellegrini Y Carriego,2,1,0,0,1,0,0,,Calle,,ROSARIO,Rosario,Asfalto,S/D,II,Dentro,Urbana,S/D,S/D,Intersección,S/D,S/D,S/D,S/D,S/D,S/D,Colisión,S/D,S/D,Cordón divisorio,S/D,POINT (-60.69138540000001 -32.9482472),"['Pellegrini', 'Carriego']",2,Avenida Carlos Pellegrini; Carriego,-32.9482472,-60.69138540000001,55.0,538.0,Municipio Rosario,Municipio,Rosario,820210,Servicio de Catastro e Información Territorial,IGN
2012,12753,2012-08-20,Lunes,0.0,17:50:00,,0.0,2,"Moto/Ciclomotor,Automóvil",Bv. 27 De Febrero Y Bv. Avellaneda,2,1,0,0,1,0,0,,Avenida,,ROSARIO,Rosario,Asfalto,Pavimento,II,S/D,S/D,Semáforo,Funciona,Intersección,Bueno,Buena,Amanecer,Buen Tiempo,Lateral,S/D,Colisión,S/D,Horizontal,Cordón divisorio,Sin restricción,POINT (-60.68448515 -32.96026405),"['27 de Febrero', 'Avellaneda']",2,Bulevar 27 de Febrero; Bulevar Nicolás Avellaneda,-32.96026405,-60.68448515,55.0,538.0,Municipio Rosario,Municipio,Rosario,820210,Servicio de Catastro e Información Territorial,IGN
2012,12754,2012-08-24,Viernes,0.0,08:30:00,,0.0,2,"Automóvil,Moto/Ciclomotor",Cafferata Y Viamonte,2,1,0,0,1,0,0,,Calle,,ROSARIO,Rosario,Asfalto,No existe,II,Dentro,Urbana,Ninguna,No existe,Intersección,Bueno,S/D,Amanecer,S/D,Otro,S/D,Colisión,S/D,Faltante,Barrera de hormigón,Sin restricción,POINT (-60.675715800000006 -32.959442200000005),"['Cafferata', 'Viamonte']",2,Cafferata; Viamonte,-32.959442200000005,-60.675715800000006,55.0,538.0,Municipio Rosario,Municipio,Rosario,820210,Servicio de Catastro e Información Territorial,IGN
2012,12755,2012-08-03,Viernes,0.0,16:30:00,,0.0,2,"Automóvil,Bicicleta",San Juan 3450,2,1,0,0,1,0,0,,Calle,,ROSARIO,Rosario,Asfalto,S/D,II,Dentro,Urbana,S/D,S/D,Otro,S/D,S/D,S/D,S/D,S/D,S/D,Atropello,S/D,S/D,Cordón divisorio,S/D,"-32.944374812244895, -60.67117323877551",['San Juan 3450'],1,San Juan 3450,-32.944374812244895,-60.67117323877551,55.0,538.0,Municipio Rosario,Municipio,Rosario,820210,Servicio de Catastro e Información Territorial,IGN
2012,12756,2012-08-28,Martes,0.0,12:30:00,,0.0,2,"Peatón,Automóvil",Laprida Y 9 De Julio,2,1,0,0,1,0,0,,Calle,,ROSARIO,Rosario,Asfalto,S/D,II,Dentro,Urbana,Paso Peatonal,No existe,Intersección,Bueno,Buena,Diurna,S/D,Otro,S/D,Atropello,S/D,S/D,Ninguna,S/D,POINT (-60.6360021 -32.9546257),"['Laprida', '9 de Julio']",2,Francisco Narciso Laprida; 9 de Julio,-32.9546257,-60.6360021,55.0,538.0,Municipio Rosario,Municipio,Rosario,820210,Servicio de Catastro e Información Territorial,IGN
2012,12758,2012-08-23,Jueves,0.0,08:30:00,,0.0,1,,Av. Francia 1800,2,1,0,0,1,0,0,,Avenida,,ROSARIO,Rosario,Asfalto,Pavimento,II,Dentro,Urbana,Semáforo,Funciona,Curva,Bueno,Buena,Nocturna,Buen Tiempo,Lateral,S/D,Colisión,S/D,Vertical,Cordón divisorio,Sin restricción,"-32.953589289932886, -60.668789161073825",['Francia 1800'],1,Francia 1800,-32.953589289932886,-60.66878916107383,55.0,538.0,Municipio Rosario,Municipio,Rosario,820210,Servicio de Catastro e Información Territorial,IGN
2012,12759,2012-08-23,Jueves,0.0,08:30:00,,0.0,2,"Camión,Moto/Ciclomotor",Av. Francia 1800,2,1,0,0,1,0,0,,Avenida,,ROSARIO,Rosario,Asfalto,Pavimento,II,Dentro,Urbana,Semáforo,Funciona,Curva,Bueno,Buena,Nocturna,Buen Tiempo,Lateral,S/D,Colisión,S/D,Vertical,Cordón divisorio,Sin restricción,"-32.953589289932886, -60.668789161073825",['Francia 1800'],1,Francia 1800,-32.953589289932886,-60.66878916107383,55.0,538.0,Municipio Rosario,Municipio,Rosario,820210,Servicio de Catastro e Información Territorial,IGN
2012,12760,2012-08-28,Martes,0.0,11:30:00,,0.0,2,"Automóvil,Peatón",Buenos Aires Y 9 De Julio,2,1,0,0,1,0,0,,Calle,,ROSARIO,Rosario,Asfalto,S/D,II,Dentro,Urbana,Paso Peatonal,No existe,Recta,Bueno,Buena,Diurna,S/D,Otro,S/D,Atropello,S/D,S/D,Barrera de alto impacto,S/D,POINT (-60.6345741 -32.9548812),"['Buenos Aires', '9 de Julio']",2,Buenos Aires; 9 de Julio,-32.9548812,-60.6345741,55.0,538.0,Municipio Rosario,Municipio,Rosario,820210,Servicio de Catastro e Información Territorial,IGN
2012,12761,2012-09-10,Lunes,0.0,,,0.0,2,"Automóvil,Automóvil",Godoy Cruz Y Bv. Avellaneda,2,1,0,0,1,0,0,,Avenida,,ROSARIO,Rosario,Asfalto,S/D,II,Dentro,Urbana,S/D,S/D,Intersección,Bueno,S/D,S/D,S/D,Lateral,S/D,Colisión,S/D,S/D,S/D,S/D,POINT (-60.683816275 -32.957610325),"['Avenida Presidente Perón', 'Avellaneda']",2,Avenida Presidente Perón; Bulevar Nicolás Avellaneda,-32.957610325,-60.683816275,55.0,538.0,Municipio Rosario,Municipio,Rosario,820210,Servicio de Catastro e Información Territorial,IGN
2012,12762,2012-09-10,Lunes,0.0,16:05:00,,0.0,2,"Moto/Ciclomotor,Moto/Ciclomotor",Ituzaingo Y Alsina,2,1,0,0,1,0,0,,Calle,,ROSARIO,Rosario,Asfalto,Pavimento,II,S/D,Urbana,Ninguna,No existe,Intersección,Bueno,Buena,Diurna,Buen Tiempo,Lateral,S/D,Colisión,S/D,Faltante,Ninguna,S/D,POINT (-60.6800085 -32.9538808),"['Ituzaingó', 'Alsina']",2,Ituzaingó; Alsina,-32.9538808,-60.6800085,55.0,538.0,Municipio Rosario,Municipio,Rosario,820210,Servicio de Catastro e Información Territorial,IGN
2012,12763,2012-08-23,Jueves,0.0,08:00:00,,0.0,2,"Moto/Ciclomotor,Automóvil",Av. Francia Y Galvez,2,2,0,0,0,0,0,,Avenida,,ROSARIO,Rosario,Asfalto,Pavimento,II,Dentro,Urbana,Semáforo,Funciona,Intersección,Bueno,Buena,Nocturna,Buen Tiempo,Lateral,S/D,Colisión,S/D,Horizontal,Cordón divisorio,Sin restricción,POINT (-60.671160050000005 -32.963889449999996),"['Avenida Francia', 'Galvez']",2,Avenida Francia; José Gálvez,-32.96388945,-60.671160050000005,55.0,538.0,Municipio Rosario,Municipio,Rosario,820210,Servicio de Catastro e Información Territorial,IGN
2012,12764,2012-08-29,Miercoles,0.0,17:30:00,,0.0,2,"Automóvil,Moto/Ciclomotor",Buenos Aires 1300,2,1,0,0,1,0,0,,Calle,,ROSARIO,Rosario,Asfalto,S/D,II,Dentro,Urbana,S/D,S/D,Recta,Bueno,Buena,Diurna,S/D,Frontal,S/D,Colisión,S/D,S/D,Ninguna,S/D,"-32.95362, -60.6343135",['Buenos Aires 1300'],1,Buenos Aires 1300,-32.95362,-60.6343135,55.0,538.0,Municipio Rosario,Municipio,Rosario,820210,Servicio de Catastro e Información Territorial,IGN
2012,12765,2012-09-16,Domingo,0.0,16:30:00,,0.0,2,"Peatón,Automóvil",Garay 5200,2,1,0,0,1,0,0,,Calle,,ROSARIO,Rosario,Asfalto,No existe,II,Dentro,Urbana,Ninguna,No existe,Recta,Deteriorada,Reducida,"Diurna,Con luz artificial",Otro,Otro,S/D,Atropello,Otro,Faltante,Ninguna,Sin restricción,"-32.965722, -60.693527",['Garay 5200'],1,Garay 5200,-32.965722,-60.693527,55.0,538.0,Municipio Rosario,Municipio,Rosario,820210,Servicio de Catastro e Información Territorial,IGN
2012,12768,2012-08-31,Viernes,0.0,09:00:00,,0.0,1,Transporte de Pasajeros Urbano (> 8 asientos),J.M.de Rosas 1000,1,1,0,0,0,0,0,,Calle,,ROSARIO,Rosario,Asfalto,S/D,II,Dentro,Urbana,S/D,S/D,Recta,Bueno,S/D,Diurna,S/D,Otro,S/D,Caída ocupante,S/D,S/D,Ninguna,S/D,"-32.9917606, -60.641953",['J M De Rosas 1000'],1,J M De Rosas 1000,-32.9917606,-60.641953,55.0,538.0,Municipio Rosario,Municipio,Rosario,820210,Servicio de Catastro e Información Territorial,IGN
2012,12772,2012-09-04,Martes,0.0,07:40:00,,0.0,2,"Peatón,Automóvil",Laprida Y San Juan,2,1,0,0,0,0,1,,Calle,,ROSARIO,Rosario,Asfalto,S/D,II,S/D,Urbana,Paso Peatonal,S/D,Intersección,Bueno,Buena,Diurna,S/D,Otro,S/D,Atropello,S/D,S/D,S/D,S/D,POINT (-60.634941600000005 -32.950983599999994),"['Laprida', 'San Juan']",2,Francisco Narciso Laprida; San Juan,-32.950983599999994,-60.634941600000005,55.0,538.0,Municipio Rosario,Municipio,Rosario,820210,Servicio de Catastro e Información Territorial,IGN
2012,12776,2012-09-01,Sabado,0.0,,,0.0,2,"Taxi/Remis,Automóvil",Balcarce Y 3 De Febrero,3,1,0,0,2,0,0,,Calle,,ROSARIO,Rosario,Asfalto,S/D,II,S/D,Urbana,S/D,S/D,Intersección,S/D,S/D,S/D,S/D,Otro,S/D,Colisión,S/D,S/D,S/D,S/D,POINT (-60.6535421 -32.95033519999999),"['Balcarce', '3 de Febrero']",2,Balcarce; 3 de Febrero,-32.95033519999999,-60.6535421,55.0,538.0,Municipio Rosario,Municipio,Rosario,820210,Servicio de Catastro e Información Territorial,IGN
2012,12787,2012-09-15,Sabado,0.0,08:00:00,,0.0,2,"Moto/Ciclomotor,Automóvil",JUAN XXIII 1700,2,1,0,0,0,0,1,,Calle,,ROSARIO,Rosario,Tierra,No existe,II,Dentro,Urbana,Ninguna,No existe,Recta,Otro,Buena,Amanecer,Otro,Lateral,S/D,Colisión,Otro,Faltante,Ninguna,Sin restricción,"-32.9730818, -60.6988304",['Juan Xxiii 1700'],1,Juan Xxiii 1700,-32.9730818,-60.6988304,55.0,538.0,Municipio Rosario,Municipio,Rosario,820210,Servicio de Catastro e Información Territorial,IGN
2012,12793,2012-09-11,Martes,0.0,16:15:00,,0.0,2,"Moto/Ciclomotor,Moto/Ciclomotor",Bertole Y Calle 1724,2,1,0,0,1,0,0,,Calle,,ROSARIO,Rosario,Asfalto,No existe,II,Dentro,Urbana,Ninguna,No existe,Intersección,Bueno,Buena,Diurna,Buen Tiempo,Lateral,S/D,Colisión,S/D,S/D,Ninguna,Sin restricción,POINT (-60.7297455 -32.96555529999999),"['Bertole', 'Hermana Paula Márquez']",2,Bertole; Hermana Paula Márquez,-32.96555529999999,-60.7297455,55.0,538.0,Municipio Rosario,Municipio,Rosario,820210,Servicio de Catastro e Información Territorial,IGN
2012,12796,2012-09-28,Viernes,0.0,07:35:00,,0.0,2,"Pickup/Utilitario,Moto/Ciclomotor",CIRCUNVALACION Y uriburu,2,1,0,0,1,0,0,,Avenida,,ROSARIO,Rosario,Asfalto,Natural,II,Dentro,Urbana,S/D,No existe,Recta,Bueno,Buena,Diurna,Buen Tiempo,De alcance,S/D,Colisión,Otro,Faltante,Guardarrail,Obra en Construcción,POINT (-60.70053645 -32.992253950000006),"['Circunvalacion', 'Uriburu']",2,"('Juan Pablo II', 'Avenida José Uriburu')",-32.992253950000006,-60.70053645,55.0,538.0,Municipio Rosario,Municipio,Rosario,820210,Servicio de Catastro e Información Territorial,IGN