anio_acci,nro_acci,fecha,desc_dia,fecha_aprox,hora_aprox,desc_ruta,km,cant_participantes,desc_participante,calle_avenida_km,total,heridos_leves,heridos_graves,heridos_gravisimos,ilesos,fallecidos,sin_datos,posicion_XY,desc_tipo_via,desc_ruta_ori,desc_loc,desc_dpto,desc_tipo_calzada,desc_tipo_banquina,desc_unidad_regional,desc_lugar_calzada,desc_zona,desc_prioridad,desc_estado_semaforo,desc_lugar_via,desc_estado_via,desc_estado_visibilidad,desc_luminosidad,desc_estado_clima,desc_tipo_colision,desc_tipo_atropello,desc_tipo_hecho,desc_pres_calzada,desc_senializacion,desc_separacion_via,desc_restriccion,forma_geocod,calle_lista,numero_calles,calles_osm,lat,lon,index_right,gid,fna,gna,nam,in1,fdc,sag
2012,12800,2012-09-01,Sabado,0.0,18:00:00,,0.0,2,"Peatón,Automóvil",BATLE Y ORDOÑEZ Y DORREGO,2,0,1,0,0,0,1,,Avenida,,ROSARIO,Rosario,Asfalto,No existe,II,Dentro,Urbana,Ninguna,No existe,Intersección,Bueno,Buena,Diurna,Buen Tiempo,S/D,S/D,Atropello,S/D,Horizontal,Cordón divisorio,Sin restricción,POINT (-60.66027295000001 -33.0092228),"['Avenida Battle y Ordoñez', 'Dorrego']",2,Avenida Battle y Ordoñez; Manuel Dorrego,-33.0092228,-60.66027295000001,55.0,538.0,Municipio Rosario,Municipio,Rosario,820210,Servicio de Catastro e Información Territorial,IGN
2012,12801,2012-09-10,Lunes,0.0,07:00:00,,0.0,2,"Automóvil,Automóvil",Av. Arijon Y Santiago,3,3,0,0,0,0,0,,Avenida,,ROSARIO,Rosario,Asfalto,No existe,II,Dentro,Urbana,Ninguna,No existe,Intersección,Bueno,Buena,"Nocturna,Con luz artificial",Buen Tiempo,De alcance,S/D,Colisión,S/D,Horizontal,Línea divisoria pintada,Sin restricción,POINT (-60.6676718 -33.0035862),"['Avenida Manuel Arijón', 'Santiago']",2,Avenida Manuel Arijón; Santiago,-33.0035862,-60.6676718,55.0,538.0,Municipio Rosario,Municipio,Rosario,820210,Servicio de Catastro e Información Territorial,IGN
2012,12802,2012-09-10,Lunes,0.0,12:00:00,,0.0,2,"Automóvil,Camión",Av. Arijon Y Santiago,4,1,0,0,3,0,0,,Avenida,,ROSARIO,Rosario,Asfalto,No existe,II,Dentro,Urbana,Ninguna,No existe,Intersección,Bueno,Buena,Diurna,Buen Tiempo,Lateral,S/D,Colisión,S/D,Horizontal,Línea divisoria pintada,Sin restricción,POINT (-60.6676718 -33.0035862),"['Avenida Manuel Arijón', 'Santiago']",2,Avenida Manuel Arijón; Santiago,-33.0035862,-60.6676718,55.0,538.0,Municipio Rosario,Municipio,Rosario,820210,Servicio de Catastro e Información Territorial,IGN
2012,12803,2012-09-10,Lunes,0.0,02:30:00,,0.0,2,"Moto/Ciclomotor,Taxi/Remis",Av. Arijon Y Santiago,3,1,1,0,1,0,0,,Avenida,,ROSARIO,Rosario,Asfalto,No existe,II,Dentro,Urbana,Ninguna,No existe,Intersección,Bueno,Buena,Diurna,Buen Tiempo,Lateral,S/D,Colisión,S/D,Horizontal,Línea divisoria pintada,Sin restricción,POINT (-60.6676718 -33.0035862),"['Avenida Manuel Arijón', 'Santiago']",2,Avenida Manuel Arijón; Santiago,-33.0035862,-60.6676718,55.0,538.0,Municipio Rosario,Municipio,Rosario,820210,Servicio de Catastro e Información Territorial,IGN
2012,12804,2012-09-02,Domingo,0.0,20:15:00,,0.0,2,"Automóvil,Pickup/Utilitario",España Y Cochabamba,4,1,0,0,3,0,0,,Calle,,ROSARIO,Rosario,Asfalto,S/D,II,Dentro,Urbana,Ninguna,S/D,Intersección,Bueno,Buena,Nocturna,Buen Tiempo,De alcance,S/D,Colisión,S/D,Faltante,Ninguna,Sin restricción,POINT (-60.649499 -32.9569347),"['España', 'Cochabamba']",2,España; Cochabamba,-32.9569347,-60.649499,55.0,538.0,Municipio Rosario,Municipio,Rosario,820210,Servicio de Catastro e Información Territorial,IGN
2012,12805,2012-09-12,Miercoles,0.0,16:00:00,,0.0,2,"Automóvil,Moto/Ciclomotor",Av. Arijon Y Callao,2,1,0,0,1,0,0,,Avenida,,ROSARIO,Rosario,Asfalto,No existe,II,Dentro,Urbana,Ninguna,No existe,Intersección,Bueno,Buena,Diurna,Buen Tiempo,Lateral,S/D,Colisión,S/D,Horizontal,Línea divisoria pintada,Sin restricción,POINT (-60.67125310000001 -33.00370230000001),"['Avenida Manuel Arijón', 'Callao']",2,Avenida Manuel Arijón; Callao,-33.00370230000001,-60.67125310000001,55.0,538.0,Municipio Rosario,Municipio,Rosario,820210,Servicio de Catastro e Información Territorial,IGN
2012,12806,2012-09-10,Lunes,0.0,10:15:00,,0.0,2,"Pickup/Utilitario,Moto/Ciclomotor",Paraguay Y Bv. 27 De Febrero,2,1,0,0,1,0,0,,Calle,,ROSARIO,Rosario,Asfalto,No existe,II,Dentro,Urbana,Semáforo,Funciona,Intersección,Bueno,Buena,Diurna,Buen Tiempo,Lateral,S/D,Colisión,S/D,Horizontal,Ninguna,Sin restricción,POINT (-60.64906305 -32.966597750000005),"['Paraguay', '27 de Febrero']",2,Paraguay; Bulevar 27 de Febrero,-32.966597750000005,-60.64906305,55.0,538.0,Municipio Rosario,Municipio,Rosario,820210,Servicio de Catastro e Información Territorial,IGN
2012,12807,2012-09-12,Miercoles,0.0,00:00:00,,0.0,2,"Peatón,Automóvil",BV OROÑO Y GUTIERREZ,2,1,0,0,0,0,1,,Calle,,ROSARIO,Rosario,Asfalto,No existe,II,Dentro,Urbana,Ninguna,Funciona,Intersección,Bueno,Buena,"Nocturna,Con luz artificial",Buen Tiempo,S/D,S/D,Atropello,S/D,Horizontal,Cordón divisorio,Sin restricción,POINT (-60.6653076 -32.994528599999995),"['Bulevar Nicasio Oroño', 'Gutierrez']",2,Bulevar Nicasio Oroño; Ricardo Gutierrez,-32.994528599999995,-60.6653076,55.0,538.0,Municipio Rosario,Municipio,Rosario,820210,Servicio de Catastro e Información Territorial,IGN
2012,12808,2012-09-13,Jueves,0.0,11:00:00,,0.0,2,"Peatón,Automóvil",Balcarce Y Av. Arijon,2,1,0,0,1,0,0,,Calle,,ROSARIO,Rosario,Asfalto,No existe,II,Dentro,Urbana,Ninguna,No existe,Recta,Bueno,Buena,Diurna,Buen Tiempo,S/D,S/D,Atropello,S/D,Faltante,Línea divisoria pintada,Sin restricción,POINT (-60.6633107 -33.00349020000001),"['Balcarce', 'Avenida Manuel Arijón']",2,Balcarce; Avenida Manuel Arijón,-33.00349020000001,-60.6633107,55.0,538.0,Municipio Rosario,Municipio,Rosario,820210,Servicio de Catastro e Información Territorial,IGN
2012,12810,2012-09-15,Sabado,0.0,23:20:00,,0.0,2,"Moto/Ciclomotor,Pickup/Utilitario",Av. Belgrano 2900,3,2,0,0,0,0,1,,Avenida,,ROSARIO,Rosario,Asfalto,Pavimento,II,Dentro,Urbana,Ninguna,No existe,Recta,Bueno,Buena,Nocturna,Otro,Lateral,S/D,Colisión,Otro,Faltante,Línea divisoria pintada,Sin restricción,"-32.9409711, -60.7133596",['Belgrano 2900'],1,Belgrano 2900,-32.9409711,-60.7133596,55.0,538.0,Municipio Rosario,Municipio,Rosario,820210,Servicio de Catastro e Información Territorial,IGN
2012,12811,2012-09-13,Jueves,0.0,07:15:00,,0.0,2,"Moto/Ciclomotor,Automóvil",Av. Arijon Y Bv. Oroño,2,1,0,0,1,0,0,,Calle,,ROSARIO,Rosario,Asfalto,S/D,II,Dentro,Urbana,Semáforo,S/D,Recta,Bueno,S/D,S/D,Buen Tiempo,Lateral,S/D,Colisión,S/D,Vertical,Cordón divisorio,Sin restricción,POINT (-60.6650193 -33.003540599999994),"['Avenida Manuel Arijón', 'Bulevar Nicasio Oroño']",2,Avenida Manuel Arijón; Bulevar Nicasio Oroño,-33.003540599999994,-60.6650193,55.0,538.0,Municipio Rosario,Municipio,Rosario,820210,Servicio de Catastro e Información Territorial,IGN
2012,12812,2012-09-08,Sabado,0.0,13:50:00,,0.0,2,"Camión,Moto/Ciclomotor",Av. Provincias Unidas Y Amenabar,3,2,0,0,1,0,0,,Avenida,,ROSARIO,Rosario,Asfalto,S/D,II,Dentro,Urbana,Ninguna,S/D,Intersección,Deteriorada,S/D,S/D,Buen Tiempo,Lateral,S/D,Colisión,S/D,Faltante,Cordón divisorio,Sin restricción,POINT (-60.71163094999999 -32.96397379999999),"['Avenida Provincias Unidas', 'Amenabar']",2,Avenida Provincias Unidas; José de Amenábar,-32.96397379999999,-60.71163094999999,55.0,538.0,Municipio Rosario,Municipio,Rosario,820210,Servicio de Catastro e Información Territorial,IGN
2012,12814,2012-09-03,Lunes,0.0,02:20:00,,0.0,2,"Moto/Ciclomotor,Automóvil",Santiago Y Guemes,2,1,0,0,1,0,0,,Calle,,ROSARIO,Rosario,Asfalto,S/D,II,Dentro,Urbana,Ninguna,No existe,Intersección,Bueno,Buena,"Nocturna,Con luz artificial",Buen Tiempo,Otro,S/D,Colisión,S/D,Horizontal,Ninguna,Sin restricción,POINT (-60.653357400000004 -32.9327745),"['Santiago', 'Güemes']",2,Santiago; Güemes,-32.9327745,-60.6533574,55.0,538.0,Municipio Rosario,Municipio,Rosario,820210,Servicio de Catastro e Información Territorial,IGN
2012,12815,2012-09-09,Domingo,0.0,05:00:00,,0.0,2,"Automóvil,Moto/Ciclomotor",España Y Galvez,3,1,0,0,2,0,0,,Calle,,ROSARIO,Rosario,Asfalto,No existe,II,Dentro,Urbana,Ninguna,No existe,Intersección,Bueno,Buena,Nocturna,Buen Tiempo,De alcance,S/D,Colisión,S/D,Faltante,Ninguna,S/D,POINT (-60.652104200000004 -32.9672958),"['España', 'Galvez']",2,España; José Gálvez,-32.9672958,-60.6521042,55.0,538.0,Municipio Rosario,Municipio,Rosario,820210,Servicio de Catastro e Información Territorial,IGN
2012,12816,2012-09-03,Lunes,0.0,05:30:00,,0.0,2,"Automóvil,Automóvil",Av. Ovidio Lagos Y Brown,2,1,0,0,0,0,1,,Avenida,,ROSARIO,Rosario,Asfalto,S/D,II,Dentro,Urbana,Semáforo,Funciona,Intersección,Bueno,Buena,Amanecer,Buen Tiempo,Otro,S/D,Colisión,S/D,Horizontal,Ninguna,Sin restricción,POINT (-60.65911680000001 -32.93295820000001),"['Avenida Ovidio Lagos', 'Brown']",2,Avenida Ovidio Lagos; Almirante Brown,-32.93295820000001,-60.65911680000001,55.0,538.0,Municipio Rosario,Municipio,Rosario,820210,Servicio de Catastro e Información Territorial,IGN
2012,12817,2012-09-14,Viernes,0.0,19:00:00,,0.0,2,"Automóvil,Automóvil",Lamadrid 1900,2,1,0,0,0,0,1,,Calle,,ROSARIO,Rosario,Asfalto,No existe,II,Dentro,Urbana,S/D,S/D,Recta,Bueno,S/D,S/D,S/D,S/D,S/D,Colisión,S/D,Faltante,Línea divisoria pintada,S/D,"-32.9964408, -60.6268465",['Lamadrid 1900'],1,Lamadrid 1900,-32.9964408,-60.6268465,55.0,538.0,Municipio Rosario,Municipio,Rosario,820210,Servicio de Catastro e Información Territorial,IGN
2012,12818,2012-09-05,Miercoles,0.0,14:00:00,,0.0,2,"Moto/Ciclomotor,Automóvil",Cafferata 200 ,2,1,0,0,1,0,0,,Calle,,ROSARIO,Rosario,Asfalto,S/D,II,Dentro,Urbana,Semáforo,Funciona,Recta,Bueno,Buena,Diurna,Buen Tiempo,Otro,S/D,Colisión,S/D,Horizontal,Ninguna,Sin restricción,"-32.952069, -60.6738406",['Cafferata 200'],1,Cafferata 200,-32.952069,-60.6738406,55.0,538.0,Municipio Rosario,Municipio,Rosario,820210,Servicio de Catastro e Información Territorial,IGN
2012,12819,2012-09-05,Miercoles,0.0,15:40:00,,0.0,2,"Moto/Ciclomotor,Taxi/Remis",Catamarca Y Santiago,2,1,0,0,1,0,0,,Calle,,ROSARIO,Rosario,Asfalto,No existe,II,Dentro,Urbana,Ninguna,No existe,Intersección,Bueno,Buena,Diurna,Buen Tiempo,Otro,S/D,Colisión,Otro,Horizontal,Ninguna,Sin restricción,POINT (-60.6545083 -32.9374004),"['Catamarca', 'Santiago']",2,Catamarca; Santiago,-32.9374004,-60.6545083,55.0,538.0,Municipio Rosario,Municipio,Rosario,820210,Servicio de Catastro e Información Territorial,IGN
2012,12820,2012-09-05,Miercoles,0.0,17:00:00,,0.0,1,Automóvil,Urquiza Y Rodriguez,2,1,0,0,1,0,0,,Calle,,ROSARIO,Rosario,Asfalto,S/D,II,Dentro,Urbana,Ninguna,No existe,Intersección,Bueno,S/D,Diurna,Buen Tiempo,Otro,S/D,Colisión,S/D,S/D,Ninguna,Sin restricción,POINT (-60.65783139999999 -32.939287699999994),"['Urquiza', 'Rodríguez']",2,Justo José de Urquiza; Rodríguez de Escobedo,-32.939287699999994,-60.65783139999999,55.0,538.0,Municipio Rosario,Municipio,Rosario,820210,Servicio de Catastro e Información Territorial,IGN
2012,12821,2012-09-03,Lunes,1.0,13:30:00,,0.0,2,"Automóvil,Pickup/Utilitario",Bv. Oroño Y Lugones,2,1,0,0,1,0,0,,Avenida,,ROSARIO,Rosario,Asfalto,No existe,II,Dentro,Urbana,Ninguna,No existe,Curva,Bueno,Reducida polvo,Diurna,Buen Tiempo,De alcance,S/D,Colisión,S/D,Faltante,Ninguna,Sin restricción,POINT (-60.65693518333333 -32.95818631666667),"['Bulevar Nicasio Oroño', 'Lugones']",2,Bulevar Nicasio Oroño; Lorenzo Lugones,-32.95818631666667,-60.65693518333333,55.0,538.0,Municipio Rosario,Municipio,Rosario,820210,Servicio de Catastro e Información Territorial,IGN
2012,12823,2012-09-01,Sabado,0.0,05:15:00,,0.0,2,"Moto/Ciclomotor,Automóvil",Av. Ovidio Lagos 5300,2,1,0,0,0,0,1,,Calle,,ROSARIO,Rosario,Asfalto,No existe,II,Dentro,Urbana,Ninguna,No existe,Cruce,Bueno,Buena,Nocturna,Buen Tiempo,Lateral,S/D,Colisión,S/D,Faltante,Ninguna,Sin restricción,"-33.0000176, -60.6749952",['Ovidio Lagos 5300'],1,Ovidio Lagos 5300,-33.0000176,-60.6749952,55.0,538.0,Municipio Rosario,Municipio,Rosario,820210,Servicio de Catastro e Información Territorial,IGN
2012,12824,2012-09-12,Miercoles,0.0,09:55:00,,0.0,2,"Automóvil,Moto/Ciclomotor",Tucuman Y Crespo,2,0,1,0,1,0,0,,Calle,,ROSARIO,Rosario,Asfalto,S/D,II,Dentro,Urbana,Ninguna,No existe,Intersección,Bueno,Buena,Diurna,Buen Tiempo,Otro,S/D,Colisión,S/D,S/D,Ninguna,Sin restricción,POINT (-60.6670974 -32.936399599999994),"['Tucumán', 'Crespo']",2,Tucumán; Crespo,-32.936399599999994,-60.6670974,55.0,538.0,Municipio Rosario,Municipio,Rosario,820210,Servicio de Catastro e Información Territorial,IGN
2012,12825,2012-09-04,Martes,0.0,18:10:00,,0.0,2,"Pickup/Utilitario,Moto/Ciclomotor",Cochabamba Y Bv. Oroño,2,1,0,0,1,0,0,,Calle,,ROSARIO,Rosario,Asfalto,No existe,II,Dentro,Urbana,S/D,No existe,Rotonda,Bueno,Buena,Atardecer,Buen Tiempo,Lateral,S/D,Colisión,S/D,Faltante,Vegetación,Sin restricción,POINT (-60.656339 -32.9556154),"['Cochabamba', 'Bulevar Nicasio Oroño']",2,Cochabamba; Bulevar Nicasio Oroño,-32.9556154,-60.656339,55.0,538.0,Municipio Rosario,Municipio,Rosario,820210,Servicio de Catastro e Información Territorial,IGN
2012,12826,2012-09-07,Viernes,0.0,12:30:00,,0.0,2,"Moto/Ciclomotor,Automóvil",Bv. 27 De Febrero Y Pueyrredon,3,1,0,0,1,0,1,,Avenida,,ROSARIO,Rosario,Asfalto,No existe,II,Dentro,Urbana,Ninguna,No existe,Recta,Bueno,Buena,Diurna,Buen Tiempo,Lateral,S/D,Colisión,S/D,Faltante,Barrera de hormigón,Sin restricción,POINT (-60.6627028 -32.964221200000004),"['27 de Febrero', 'Pueyrredón']",2,Bulevar 27 de Febrero; Pueyrredón,-32.964221200000004,-60.6627028,55.0,538.0,Municipio Rosario,Municipio,Rosario,820210,Servicio de Catastro e Información Territorial,IGN
2012,12827,2012-09-07,Viernes,0.0,14:30:00,,0.0,2,"Moto/Ciclomotor,Automóvil",Virasoro Y Mitre,3,2,0,0,1,0,0,,Calle,,ROSARIO,Rosario,Asfalto,S/D,II,S/D,Urbana,S/D,S/D,Intersección,Bueno,Buena,Diurna,Buen Tiempo,De alcance,S/D,Colisión,S/D,Faltante,S/D,Sin restricción,POINT (-60.645445900000006 -32.9696759),"['Virasoro', 'Mitre']",2,Benjamín Virasoro; Bartolomé Mitre,-32.9696759,-60.645445900000006,55.0,538.0,Municipio Rosario,Municipio,Rosario,820210,Servicio de Catastro e Información Territorial,IGN
2012,12828,2012-09-01,Sabado,0.0,13:00:00,,0.0,2,"Automóvil,Moto/Ciclomotor",Lugones Y Bv. Oroño,2,1,0,0,1,0,0,,Calle,,ROSARIO,Rosario,Asfalto,No existe,II,Dentro,Urbana,Ninguna,No existe,Cruce,Bueno,Buena,Diurna,Buen Tiempo,De alcance,S/D,Colisión,S/D,Faltante,Línea divisoria pintada,Sin restricción,POINT (-60.65693518333333 -32.95818631666667),"['Lugones', 'Bulevar Nicasio Oroño']",2,Lorenzo Lugones; Bulevar Nicasio Oroño,-32.95818631666667,-60.65693518333333,55.0,538.0,Municipio Rosario,Municipio,Rosario,820210,Servicio de Catastro e Información Territorial,IGN
2012,12831,2012-09-03,Lunes,0.0,19:45:00,,0.0,2,"Automóvil,Automóvil",Entre Rios Y La Paz,2,1,0,0,1,0,0,,Calle,,ROSARIO,Rosario,Asfalto,No existe,II,Dentro,Urbana,Semáforo,Funciona,Recta,Bueno,Buena,Atardecer,Buen Tiempo,De alcance,S/D,Colisión,S/D,Horizontal,Ninguna,Sin restricción,POINT (-60.64540379999999 -32.9636773),"['Entre Ríos', 'La Paz']",2,Entre Ríos; La Paz,-32.9636773,-60.64540379999999,55.0,538.0,Municipio Rosario,Municipio,Rosario,820210,Servicio de Catastro e Información Territorial,IGN
2012,12833,2012-09-03,Lunes,0.0,13:30:00,,0.0,2,"Pickup/Utilitario,Pickup/Utilitario",Virasoro Y Pte.Roca,3,2,0,0,1,0,0,,Calle,,ROSARIO,Rosario,Asfalto,No existe,II,Dentro,Urbana,Ninguna,No existe,Intersección,Bueno,Buena,Diurna,Buen Tiempo,De alcance,S/D,Colisión,S/D,Faltante,Ninguna,Sin restricción,POINT (-60.6510234 -32.9686915),"['Virasoro', 'Roca']",2,Benjamín Virasoro; Presidente Roca,-32.9686915,-60.6510234,55.0,538.0,Municipio Rosario,Municipio,Rosario,820210,Servicio de Catastro e Información Territorial,IGN
2012,12834,2012-09-04,Martes,0.0,12:30:00,,0.0,2,"Automóvil,Automóvil",Av. Dante Alighieri Y Mariano Moreno,2,1,0,0,1,0,0,,Calle,,ROSARIO,Rosario,Asfalto,Natural,II,Dentro,Urbana,Semáforo,Funciona,Curva,Bueno,Reducida polvo,Diurna,Buen Tiempo,Lateral,S/D,Colisión,S/D,Vertical,Vegetación,Sin restricción,POINT (-60.65477235 -32.96076545),"['Dante Alighieri', 'Mariano Moreno']",2,Avenida Dante Alighieri; Mariano Moreno,-32.96076545,-60.65477235,55.0,538.0,Municipio Rosario,Municipio,Rosario,820210,Servicio de Catastro e Información Territorial,IGN
2012,12854,2012-09-02,Domingo,0.0,06:30:00,,0.0,1,Pickup/Utilitario,Av. Circunvalacion 4000,3,1,1,0,1,0,0,,Avenida,,ROSARIO,Rosario,Asfalto,No existe,II,Dentro,Urbana,Marca Vial,No existe,Recta,Bueno,Buena,Nocturna,Buen Tiempo,S/D,S/D,Vuelco,S/D,Horizontal,Guardarrail,Sin restricción,"-32.9341145, -60.7229919",['Circunvalacion 4000'],1,Circunvalacion 4000,-32.9341145,-60.7229919,55.0,538.0,Municipio Rosario,Municipio,Rosario,820210,Servicio de Catastro e Información Territorial,IGN
2012,12856,2012-09-05,Miercoles,0.0,08:00:00,,0.0,1,Moto/Ciclomotor,Riobamba Y Mariano Moreno,2,2,0,0,0,0,0,,Calle,,ROSARIO,Rosario,Asfalto,No existe,II,Dentro,Urbana,Ninguna,No existe,Intersección,Bueno,Buena,Amanecer,Buen Tiempo,Otro,S/D,Caída ocupante,S/D,Faltante,Ninguna,Sin restricción,POINT (-60.65477235 -32.96076545),"['Riobamba', 'Mariano Moreno']",2,Riobamba; Mariano Moreno,-32.96076545,-60.65477235,55.0,538.0,Municipio Rosario,Municipio,Rosario,820210,Servicio de Catastro e Información Territorial,IGN
2012,12857,2012-09-09,Domingo,0.0,09:00:00,,0.0,2,"Moto/Ciclomotor,Automóvil",San Martin Y La Paz,2,1,0,0,1,0,0,,Avenida,,ROSARIO,Rosario,Asfalto,No existe,II,Dentro,Urbana,Semáforo,Funciona,Intersección,Bueno,Buena,Amanecer,Buen Tiempo,Lateral,S/D,Colisión,S/D,Horizontal,Línea divisoria pintada,Sin restricción,POINT (-60.64116099999999 -32.964431299999994),"['San Martin', 'La Paz']",2,José de San Martín; La Paz,-32.964431299999994,-60.64116099999999,55.0,538.0,Municipio Rosario,Municipio,Rosario,820210,Servicio de Catastro e Información Territorial,IGN
2012,12858,2012-09-11,Martes,0.0,11:15:00,,0.0,1,Moto/Ciclomotor,Bv. 27 De Febrero Y Av. Francia,2,1,0,0,0,0,1,,Avenida,,ROSARIO,Rosario,Asfalto,No existe,II,Dentro,Urbana,Semáforo,Funciona,Intersección,Bueno,Buena,Diurna,Buen Tiempo,Frontal,S/D,Colisión,S/D,Horizontal,Barrera de hormigón,Sin restricción,POINT (-60.670860125 -32.962700725000005),"['27 de Febrero', 'Avenida Francia']",2,Bulevar 27 de Febrero; Avenida Francia,-32.962700725000005,-60.670860125,55.0,538.0,Municipio Rosario,Municipio,Rosario,820210,Servicio de Catastro e Información Territorial,IGN
2012,12860,2012-09-17,Lunes,0.0,18:25:00,,0.0,2,"Automóvil,Bicicleta",Av. Corrientes Y Ituzaingo,2,1,0,0,1,0,0,,Avenida,,ROSARIO,Rosario,Asfalto,No existe,II,Dentro,Urbana,Semáforo,Funciona,Intersección,Bueno,Buena,Diurna,Buen Tiempo,Lateral,S/D,Atropello,S/D,Horizontal,Ninguna,Sin restricción,POINT (-60.6459293 -32.959987399999996),"['Corrientes', 'Ituzaingó']",2,Corrientes; Ituzaingó,-32.9599874,-60.6459293,55.0,538.0,Municipio Rosario,Municipio,Rosario,820210,Servicio de Catastro e Información Territorial,IGN
2012,12861,2012-09-17,Lunes,0.0,18:25:00,,0.0,1,,Av. Corrientes Y Ituzaingo,2,1,0,0,1,0,0,,Avenida,,ROSARIO,Rosario,Asfalto,No existe,II,Dentro,Urbana,Semáforo,Funciona,Intersección,Bueno,Buena,Diurna,Buen Tiempo,Lateral,S/D,Atropello,S/D,Horizontal,Ninguna,Sin restricción,POINT (-60.6459293 -32.959987399999996),"['Corrientes', 'Ituzaingó']",2,Corrientes; Ituzaingó,-32.9599874,-60.6459293,55.0,538.0,Municipio Rosario,Municipio,Rosario,820210,Servicio de Catastro e Información Territorial,IGN
2012,12862,2012-09-18,Martes,0.0,09:15:00,,0.0,2,"Moto/Ciclomotor,Automóvil",Dorrego Y Viamonte,2,1,0,0,1,0,0,,Calle,,ROSARIO,Rosario,Asfalto,No existe,II,Dentro,Urbana,Ninguna,No existe,Intersección,Bueno,Buena,Diurna,Buen Tiempo,De alcance,S/D,Colisión,S/D,Faltante,Ninguna,Sin restricción,POINT (-60.6539778 -32.963386299999996),"['Dorrego', 'Viamonte']",2,Manuel Dorrego; Viamonte,-32.9633863,-60.6539778,55.0,538.0,Municipio Rosario,Municipio,Rosario,820210,Servicio de Catastro e Información Territorial,IGN
2012,12865,2012-09-19,Miercoles,0.0,15:30:00,,0.0,2,"Bicicleta,Automóvil",Bv. 27 De Febrero Y Pueyrredon,2,1,0,0,1,0,0,,Avenida,,ROSARIO,Rosario,Asfalto,No existe,II,Dentro,Urbana,Ninguna,No existe,Intersección,Bueno,Buena,Diurna,Buen Tiempo,S/D,S/D,Atropello,S/D,Vertical,Cordón divisorio,Sin restricción,POINT (-60.6627028 -32.964221200000004),"['27 de Febrero', 'Pueyrredón']",2,Bulevar 27 de Febrero; Pueyrredón,-32.964221200000004,-60.6627028,55.0,538.0,Municipio Rosario,Municipio,Rosario,820210,Servicio de Catastro e Información Territorial,IGN
2012,12867,2012-09-20,Jueves,0.0,21:20:00,,0.0,3,"Automóvil,Peatón,Peatón",San Martin Y Rueda,3,2,0,0,1,0,0,,Avenida,,ROSARIO,Rosario,Asfalto,No existe,II,Dentro,Urbana,Semáforo,Funciona,Intersección,Bueno,Buena,Nocturna,Buen Tiempo,S/D,S/D,Atropello,S/D,Horizontal,Línea divisoria pintada,Sin restricción,POINT (-60.642861499999995 -32.9713425),"['San Martin', 'Rueda']",2,José de San Martín; Rueda,-32.9713425,-60.6428615,55.0,538.0,Municipio Rosario,Municipio,Rosario,820210,Servicio de Catastro e Información Territorial,IGN
2012,12869,2012-09-15,Sabado,0.0,21:45:00,,0.0,2,"Automóvil,Moto/Ciclomotor",Av. Ovidio Lagos 6300,3,1,0,0,2,0,0,,Avenida,,ROSARIO,Rosario,Asfalto,No existe,II,Dentro,Urbana,Ninguna,No existe,Cruce,Bueno,Buena,Nocturna,Buen Tiempo,Lateral,S/D,Colisión,S/D,Vertical,Ninguna,Sin restricción,"-32.9700442, -60.668095",['Ovidio Lagos 6300'],1,Ovidio Lagos 6300,-32.9700442,-60.668095,55.0,538.0,Municipio Rosario,Municipio,Rosario,820210,Servicio de Catastro e Información Territorial,IGN
2012,12875,2012-09-21,Viernes,0.0,15:00:00,,0.0,2,"Automóvil,Moto/Ciclomotor",Av. Ovidio Lagos 6300,2,1,0,0,1,0,0,,Avenida,,ROSARIO,Rosario,Asfalto,No existe,II,Dentro,Urbana,Ninguna,No existe,Recta,Bueno,Buena,Diurna,Buen Tiempo,De alcance,S/D,Colisión,S/D,Vertical,Ninguna,Sin restricción,"-32.9700442, -60.668095",['Ovidio Lagos 6300'],1,Ovidio Lagos 6300,-32.9700442,-60.668095,55.0,538.0,Municipio Rosario,Municipio,Rosario,820210,Servicio de Catastro e Información Territorial,IGN
2012,12879,2012-09-20,Jueves,0.0,21:15:00,,0.0,2,"Moto/Ciclomotor,Automóvil",Av. Pellegrini Y Entre Rios,3,2,0,0,1,0,0,,Avenida,,ROSARIO,Rosario,Asfalto,No existe,II,Dentro,Urbana,Semáforo,Funciona,Intersección,Bueno,Buena,Nocturna,Buen Tiempo,Lateral,S/D,Colisión,S/D,Horizontal,Ninguna,Sin restricción,POINT (-60.6436612 -32.95680645),"['Pellegrini', 'Entre Ríos']",2,Avenida Carlos Pellegrini; Entre Ríos,-32.95680645,-60.6436612,55.0,538.0,Municipio Rosario,Municipio,Rosario,820210,Servicio de Catastro e Información Territorial,IGN