anio_acci,nro_acci,fecha,desc_dia,fecha_aprox,hora_aprox,desc_ruta,km,cant_participantes,desc_participante,calle_avenida_km,total,heridos_leves,heridos_graves,heridos_gravisimos,ilesos,fallecidos,sin_datos,posicion_XY,desc_tipo_via,desc_ruta_ori,desc_loc,desc_dpto,desc_tipo_calzada,desc_tipo_banquina,desc_unidad_regional,desc_lugar_calzada,desc_zona,desc_prioridad,desc_estado_semaforo,desc_lugar_via,desc_estado_via,desc_estado_visibilidad,desc_luminosidad,desc_estado_clima,desc_tipo_colision,desc_tipo_atropello,desc_tipo_hecho,desc_pres_calzada,desc_senializacion,desc_separacion_via,desc_restriccion,forma_geocod,calle_lista,numero_calles,calles_osm,lat,lon,index_right,gid,fna,gna,nam,in1,fdc,sag
2012,13021,2012-09-23,Domingo,0.0,10:00:00,,0.0,2,"Automóvil,Moto/Ciclomotor",Av. Alberdi Bis Y Humberto I,2,1,0,0,1,0,0,,Avenida,,ROSARIO,Rosario,Asfalto,No existe,II,Dentro,Urbana,Semáforo,Funciona,Intersección,Bueno,Buena,Diurna,Buen Tiempo,Lateral,S/D,Colisión,S/D,Horizontal,Ninguna,Sin restricción,POINT (-60.6743646 -32.92936929999999),"['Alberdi', 'Humberto']",2,Avenida Alberdi; Humberto Primero,-32.92936929999999,-60.6743646,55.0,538.0,Municipio Rosario,Municipio,Rosario,820210,Servicio de Catastro e Información Territorial,IGN
2012,13022,2012-09-28,Viernes,0.0,18:00:00,,0.0,2,"Automóvil,Automóvil",Gorriti Y Santa Maria De Oro Bis,3,1,0,0,2,0,0,,Calle,,ROSARIO,Rosario,Asfalto,No existe,II,Dentro,Urbana,Señal Pare,No existe,Intersección,Bueno,Buena,Diurna,Buen Tiempo,Lateral,S/D,Colisión,S/D,Faltante,Ninguna,Sin restricción,POINT (-60.67359090000001 -32.923323599999996),"['Gorriti', 'Santa María de Oro']",2,Gorriti; Santa María de Oro,-32.9233236,-60.67359090000001,55.0,538.0,Municipio Rosario,Municipio,Rosario,820210,Servicio de Catastro e Información Territorial,IGN
2012,13024,2012-08-24,Viernes,0.0,19:00:00,,0.0,2,"Moto/Ciclomotor,Automóvil",Almafuerte Y Ferreyra,3,2,0,0,0,0,1,,Calle,,ROSARIO,Rosario,Hormigón,No existe,II,Dentro,Urbana,S/D,No existe,Recta,Bueno,Buena,Diurna,Buen Tiempo,S/D,S/D,Colisión,S/D,Faltante,Ninguna,Sin restricción,POINT (-60.6803136 -32.917233100000004),"['Almafuerte', 'Ferreyra']",2,Almafuerte; Ferreyra,-32.917233100000004,-60.6803136,55.0,538.0,Municipio Rosario,Municipio,Rosario,820210,Servicio de Catastro e Información Territorial,IGN
2012,13026,2012-09-22,Sabado,0.0,05:20:00,,0.0,2,"Moto/Ciclomotor,Automóvil",Uruguay Y España,2,1,0,0,1,0,0,,Calle,,ROSARIO,Rosario,Asfalto,No existe,II,Dentro,Urbana,Ninguna,No existe,Intersección,S/D,S/D,Nocturna,S/D,Lateral,S/D,Colisión,S/D,S/D,Ninguna,Sin restricción,POINT (-60.654130699999996 -32.975319799999994),"['Uruguay', 'España']",2,Uruguay; España,-32.975319799999994,-60.6541307,55.0,538.0,Municipio Rosario,Municipio,Rosario,820210,Servicio de Catastro e Información Territorial,IGN
2012,13027,2012-09-05,Miercoles,0.0,13:45:00,,0.0,2,"Taxi/Remis,Automóvil",AV. CAMBALLO Y AV AVELLANEDA,2,1,0,0,1,0,0,,Avenida,,ROSARIO,Rosario,Asfalto,S/D,II,Dentro,Urbana,S/D,S/D,Recta,Bueno,S/D,S/D,Buen Tiempo,Lateral,S/D,Colisión,S/D,Horizontal,Cordón divisorio,Sin restricción,POINT (-60.674817000000004 -32.9219776),"['Avenida Doctor Luis Cándido Carballo', 'Avellaneda']",2,Avenida Doctor Luis Cándido Carballo; Bulevar Nicolás Avellaneda,-32.9219776,-60.674817,55.0,538.0,Municipio Rosario,Municipio,Rosario,820210,Servicio de Catastro e Información Territorial,IGN
2012,13033,2012-09-21,Viernes,0.0,19:10:00,,0.0,2,"Moto/Ciclomotor,Automóvil",Sarmiento Y Pje. Gral.Savio,2,1,0,0,1,0,0,,Calle,,ROSARIO,Rosario,Asfalto,No existe,II,Dentro,Urbana,Ninguna,No existe,Intersección,S/D,S/D,Atardecer,S/D,Lateral,S/D,Colisión,S/D,S/D,Ninguna,Sin restricción,POINT (-60.64915220000001 -32.99650659999999),"['Sarmiento', 'Savio']",2,Sarmiento; General Manuel Savio,-32.99650659999999,-60.64915220000001,55.0,538.0,Municipio Rosario,Municipio,Rosario,820210,Servicio de Catastro e Información Territorial,IGN
2012,13036,2012-09-21,Viernes,0.0,13:45:00,,0.0,2,"Automóvil,Automóvil",Fragata Sarmiento Y Pje. Bolonia,3,1,0,0,2,0,0,,Calle,,ROSARIO,Rosario,Asfalto,No existe,II,Dentro,Urbana,Ninguna,No existe,Intersección,S/D,S/D,Diurna,S/D,Lateral,S/D,Colisión,S/D,S/D,Ninguna,Sin restricción,POINT (-60.6684145 -32.98952079999999),"['Fragata Sarmiento', 'Bolonia']",2,Fragata Sarmiento; Bolonia,-32.98952079999999,-60.6684145,55.0,538.0,Municipio Rosario,Municipio,Rosario,820210,Servicio de Catastro e Información Territorial,IGN
2012,13052,2012-09-16,Domingo,0.0,18:15:00,,0.0,2,"Automóvil,Automóvil",Av. Genova Y Ferreyra,3,2,0,0,1,0,0,,Calle,,ROSARIO,Rosario,Asfalto,No existe,II,Dentro,Urbana,Ninguna,No existe,Intersección,Bueno,Buena,Diurna,Buen Tiempo,Frontal,S/D,Colisión,S/D,Faltante,S/D,Sin restricción,POINT (-60.6803736 -32.9150486),"['Genova', 'Ferreyra']",2,Avenida Génova; Ferreyra,-32.9150486,-60.6803736,55.0,538.0,Municipio Rosario,Municipio,Rosario,820210,Servicio de Catastro e Información Territorial,IGN
2012,13058,2012-09-12,Miercoles,0.0,21:30:00,,0.0,2,"Automóvil,Moto/Ciclomotor",Casiano Casas Y Av. Sorrento,2,1,0,0,1,0,0,,Avenida,,ROSARIO,Rosario,Asfalto,No existe,II,Dentro,Urbana,Semáforo,Funciona,Recta,Con baches,Buena,Nocturna,Buen Tiempo,Otro,S/D,Colisión,Otro,Vertical,Cordón divisorio,Sin restricción,POINT (-60.695695025 -32.90729415),"['Avenida Casiano Casas', 'Sorrento']",2,Avenida Casiano Casas; Avenida Sorrento,-32.90729415,-60.695695025,55.0,538.0,Municipio Rosario,Municipio,Rosario,820210,Servicio de Catastro e Información Territorial,IGN
2012,13059,2012-09-18,Martes,0.0,14:20:00,,0.0,2,"Moto/Ciclomotor,Automóvil",Martin Fierro Y Yapeyu,3,2,0,0,1,0,0,,Calle,,ROSARIO,Rosario,Hormigón,No existe,II,Dentro,Urbana,Ninguna,No existe,Intersección,Bueno,Buena,Diurna,Buen Tiempo,Otro,S/D,Colisión,Otro,Faltante,Ninguna,Sin restricción,POINT (-60.69974220000001 -32.87823509999999),"['Martin Fierro', 'Yapeyu']",2,Martin Fierro; Yapeyú,-32.87823509999999,-60.69974220000001,55.0,538.0,Municipio Rosario,Municipio,Rosario,820210,Servicio de Catastro e Información Territorial,IGN
2012,13060,2012-09-07,Viernes,0.0,21:15:00,,0.0,2,"Moto/Ciclomotor,Automóvil",Casiano Casas Y Washington,2,1,0,0,1,0,0,,Calle,,ROSARIO,Rosario,Asfalto,No existe,II,Dentro,Urbana,Ninguna,No existe,Recta,Con baches,Reducida,Nocturna,Buen Tiempo,Lateral,S/D,Colisión,Otro,Faltante,Ninguna,Sin restricción,POINT (-60.7007901 -32.9034752),"['Avenida Casiano Casas', 'Washington']",2,Avenida Casiano Casas; Washington,-32.9034752,-60.7007901,55.0,538.0,Municipio Rosario,Municipio,Rosario,820210,Servicio de Catastro e Información Territorial,IGN
2012,13062,2012-09-04,Martes,0.0,18:30:00,,0.0,3,"Automóvil,Automóvil,Automóvil",Bv. Rondeau Y Martin Fierro,4,1,0,0,3,0,0,,Avenida,,ROSARIO,Rosario,Asfalto,No existe,II,Dentro,Urbana,Semáforo,Funciona,Recta,Bueno,Buena,Atardecer,Buen Tiempo,Múltiple,S/D,Colisión,Otro,Vertical,Cordón divisorio,Sin restricción,POINT (-60.69743998 -32.87802498),"['Rondeau', 'Martin Fierro']",2,Bulevar General José Rondeau; Martin Fierro,-32.87802498,-60.69743998,55.0,538.0,Municipio Rosario,Municipio,Rosario,820210,Servicio de Catastro e Información Territorial,IGN
2012,13065,2012-09-21,Viernes,0.0,,,0.0,2,"Moto/Ciclomotor,Pickup/Utilitario",Bv. Rondeau Y Martin Fierro,3,2,0,0,1,0,0,,Avenida,,ROSARIO,Rosario,Hormigón,No existe,II,Dentro,Urbana,Semáforo,Funciona,Intersección,Bueno,Buena,Diurna,Buen Tiempo,Lateral,S/D,Colisión,S/D,Faltante,Cordón divisorio,Sin restricción,POINT (-60.69743998 -32.87802498),"['Rondeau', 'Martin Fierro']",2,Bulevar General José Rondeau; Martin Fierro,-32.87802498,-60.69743998,55.0,538.0,Municipio Rosario,Municipio,Rosario,820210,Servicio de Catastro e Información Territorial,IGN
2012,13071,2012-09-08,Sabado,0.0,08:20:00,,0.0,2,"Automóvil,Automóvil",Av. Sorrento 1300,2,1,0,0,1,0,0,,Avenida,,ROSARIO,Rosario,Asfalto,No existe,II,Dentro,Urbana,Semáforo,Funciona,Recta,Bueno,Buena,Diurna,Buen Tiempo,S/D,S/D,Colisión,Otro,Vertical,Ninguna,Sin restricción,"-32.9071833, -60.6966928",['Sorrento 1300'],1,Sorrento 1300,-32.9071833,-60.6966928,55.0,538.0,Municipio Rosario,Municipio,Rosario,820210,Servicio de Catastro e Información Territorial,IGN
2012,13073,2012-09-08,Sabado,0.0,17:30:00,,0.0,2,"Moto/Ciclomotor,Automóvil",Darragueira Y Washington,2,1,0,0,1,0,0,,Calle,,ROSARIO,Rosario,Asfalto,No existe,II,Dentro,Urbana,Ninguna,No existe,Intersección,Bueno,Buena,Atardecer,Buen Tiempo,Lateral,S/D,Colisión,Otro,Vertical,Ninguna,Sin restricción,POINT (-60.69286400000001 -32.9017565),"['José Darragueira', 'Washington']",2,José Darragueira; Washington,-32.9017565,-60.69286400000001,55.0,538.0,Municipio Rosario,Municipio,Rosario,820210,Servicio de Catastro e Información Territorial,IGN
2012,13074,2012-09-30,Domingo,0.0,18:30:00,,0.0,2,"Bicicleta,Automóvil",Bv. Rondeau Y Luis Vila,2,1,0,0,1,0,0,,Avenida,,ROSARIO,Rosario,Hormigón,No existe,II,Dentro,Urbana,Semáforo,Funciona,Intersección,Bueno,Buena,Atardecer,Buen Tiempo,Otro,S/D,Atropello,Otro,S/D,Cordón divisorio,Sin restricción,POINT (-60.691285475 -32.89816437499999),"['Rondeau', 'Doctor Vila']",2,Bulevar General José Rondeau; Doctor Vila,-32.89816437499999,-60.691285475,55.0,538.0,Municipio Rosario,Municipio,Rosario,820210,Servicio de Catastro e Información Territorial,IGN
2012,13075,2012-09-01,Sabado,0.0,13:00:00,,0.0,2,"Moto/Ciclomotor,Automóvil",Uriarte 600,2,1,0,0,1,0,0,,Calle,,ROSARIO,Rosario,Asfalto,No existe,II,Dentro,Urbana,Ninguna,No existe,Recta,Bueno,Buena,Diurna,Buen Tiempo,S/D,S/D,Colisión,Otro,Faltante,Ninguna,Sin restricción,"-32.8987012, -60.6897903",['Uriarte 600'],1,Uriarte 600,-32.8987012,-60.6897903,55.0,538.0,Municipio Rosario,Municipio,Rosario,820210,Servicio de Catastro e Información Territorial,IGN
2012,13089,2012-09-20,Jueves,0.0,20:10:00,,0.0,2,"Automóvil,Moto/Ciclomotor",Casiano Casas Y Blas Parera,2,1,0,0,1,0,0,,Calle,,ROSARIO,Rosario,Asfalto,No existe,II,Dentro,Urbana,Ninguna,No existe,Recta,Bueno,Buena,Nocturna,Otro,Lateral,S/D,Colisión,Otro,Faltante,Cordón divisorio,Sin restricción,POINT (-60.70271820000001 -32.9024826),"['Avenida Casiano Casas', 'Blas Parera']",2,Avenida Casiano Casas; Blas Parera,-32.9024826,-60.70271820000001,55.0,538.0,Municipio Rosario,Municipio,Rosario,820210,Servicio de Catastro e Información Territorial,IGN
2012,13098,2012-09-09,Domingo,0.0,11:00:00,,0.0,2,"Peatón,Pickup/Utilitario",Colombia Y Jose Ingenieros,2,1,0,0,1,0,0,,Calle,,ROSARIO,Rosario,Asfalto,No existe,II,Dentro,Urbana,Ninguna,No existe,Recta,Bueno,Buena,Diurna,Buen Tiempo,Otro,S/D,Atropello,S/D,Faltante,Ninguna,Sin restricción,POINT (-60.71755949999999 -32.91721139999999),"['Colombia', 'José Ingenieros']",2,Colombia; José Ingenieros,-32.91721139999999,-60.71755949999999,55.0,538.0,Municipio Rosario,Municipio,Rosario,820210,Servicio de Catastro e Información Territorial,IGN
2012,13119,2012-09-18,Martes,0.0,15:30:00,,0.0,2,"Moto/Ciclomotor,Moto/Ciclomotor",genova  Y ottone,2,1,0,0,0,0,1,,Calle,,ROSARIO,Rosario,Asfalto,S/D,II,Dentro,Urbana,Ninguna,No funciona,Intersección,Bueno,Buena,Diurna,Otro,Lateral,S/D,Colisión,S/D,Faltante,Ninguna,S/D,POINT (-60.70101400000001 -32.9156454),"['Genova', 'Ottone']",2,Avenida Génova; Ottone,-32.9156454,-60.70101400000001,55.0,538.0,Municipio Rosario,Municipio,Rosario,820210,Servicio de Catastro e Información Territorial,IGN
2012,13124,2012-09-18,Martes,0.0,18:30:00,,0.0,2,"Automóvil,Pickup/Utilitario",Italia Y Garibaldi,2,1,0,0,1,0,0,,Calle,,ROSARIO,Rosario,Asfalto,No existe,II,Dentro,Urbana,Ninguna,No existe,Intersección,S/D,S/D,S/D,S/D,Lateral,S/D,Colisión,S/D,S/D,Ninguna,Sin restricción,POINT (-60.6578124 -32.9842508),"['Italia', 'José Garibaldi']",2,Italia; José Garibaldi,-32.9842508,-60.6578124,55.0,538.0,Municipio Rosario,Municipio,Rosario,820210,Servicio de Catastro e Información Territorial,IGN
2012,13127,2012-09-15,Sabado,0.0,17:20:00,,0.0,2,"Bicicleta,Transporte de Pasajeros Urbano (> 8 asientos)",J.B.Justo Y Nicaragua,2,1,0,0,0,0,1,,Calle,,ROSARIO,Rosario,Asfalto,No existe,II,Dentro,Urbana,Ninguna,No existe,Intersección,Bueno,Buena,Diurna,Buen Tiempo,S/D,S/D,Atropello,S/D,Faltante,Ninguna,S/D,POINT (-60.7210362 -32.933655),"['Justo', 'Nicaragua']",2,"('Justo José de Urquiza', 'Nicaragua')",-32.933655,-60.7210362,55.0,538.0,Municipio Rosario,Municipio,Rosario,820210,Servicio de Catastro e Información Territorial,IGN
2012,13128,2012-09-17,Lunes,0.0,21:00:00,,0.0,2,"Automóvil,Moto/Ciclomotor",Amenabar Y Av. Corrientes,4,2,0,0,2,0,0,,Calle,,ROSARIO,Rosario,Asfalto,No existe,II,Dentro,Urbana,Ninguna,No existe,Intersección,S/D,S/D,Nocturna,S/D,Lateral,S/D,Colisión,S/D,S/D,Ninguna,Sin restricción,POINT (-60.64885220000001 -32.9714548),"['Amenabar', 'Corrientes']",2,José de Amenábar; Corrientes,-32.9714548,-60.64885220000001,55.0,538.0,Municipio Rosario,Municipio,Rosario,820210,Servicio de Catastro e Información Territorial,IGN
2012,13130,2012-09-13,Jueves,0.0,11:00:00,,0.0,1,Moto/Ciclomotor,GENOVA  Y CHACO ,2,1,0,0,1,0,0,,Calle,,ROSARIO,Rosario,Asfalto,Pavimento,II,Dentro,Urbana,S/D,No existe,Intersección,Bueno,Buena,Diurna,Buen Tiempo,S/D,S/D,Despiste,S/D,S/D,S/D,S/D,POINT (-60.6964954 -32.9155168),"['Genova', 'Chaco']",2,Avenida Génova; Chaco,-32.9155168,-60.6964954,55.0,538.0,Municipio Rosario,Municipio,Rosario,820210,Servicio de Catastro e Información Territorial,IGN
2012,13133,2012-09-23,Domingo,0.0,20:00:00,,0.0,3,"Peatón,Peatón,Moto/Ciclomotor",Garibaldi Y Pueyrredon,3,1,0,0,2,0,0,,Calle,,ROSARIO,Rosario,Asfalto,No existe,II,Dentro,Urbana,Ninguna,No existe,Intersección,S/D,S/D,Nocturna,S/D,Otro,S/D,Atropello,S/D,S/D,Ninguna,Sin restricción,POINT (-60.6673291 -32.9825342),"['José Garibaldi', 'Pueyrredón']",2,José Garibaldi; Pueyrredón,-32.9825342,-60.6673291,55.0,538.0,Municipio Rosario,Municipio,Rosario,820210,Servicio de Catastro e Información Territorial,IGN
2012,13141,2012-09-22,Sabado,0.0,16:00:00,,0.0,2,"Automóvil,Automóvil",Milan Y Pueyrredon,2,1,0,0,1,0,0,,Calle,,ROSARIO,Rosario,Asfalto,No existe,II,Dentro,Urbana,Ninguna,No existe,Intersección,S/D,S/D,Diurna,S/D,Lateral,S/D,Colisión,S/D,S/D,Ninguna,Sin restricción,POINT (-60.6685165 -32.9871052),"['Milán', 'Pueyrredón']",2,Milán; Pueyrredón,-32.9871052,-60.6685165,55.0,538.0,Municipio Rosario,Municipio,Rosario,820210,Servicio de Catastro e Información Territorial,IGN
2012,13144,2012-09-22,Sabado,0.0,13:10:00,,0.0,2,"Moto/Ciclomotor,Automóvil",Av. Corrientes Y Mr.Ross,2,1,0,0,1,0,0,,Avenida,,ROSARIO,Rosario,Asfalto,No existe,II,Dentro,Urbana,Ninguna,No existe,Intersección,S/D,S/D,Diurna,Otro,Lateral,S/D,Colisión,S/D,S/D,Ninguna,Sin restricción,POINT (-60.65288110000001 -32.9875142),"['Corrientes', 'Rodrigo M. Ross']",2,Corrientes; Rodrigo M. Ross,-32.9875142,-60.65288110000001,55.0,538.0,Municipio Rosario,Municipio,Rosario,820210,Servicio de Catastro e Información Territorial,IGN
2012,13164,2012-09-02,Domingo,0.0,21:25:00,,0.0,1,Automóvil,GENOVA Y chaco,2,1,0,0,1,0,0,,Calle,,ROSARIO,Rosario,Asfalto,No existe,II,Dentro,Urbana,Ninguna,No existe,Intersección,Bueno,S/D,"Nocturna,Con luz artificial",Buen Tiempo,Atropello animal,S/D,Atropello,S/D,Faltante,Cordón divisorio,Sin restricción,POINT (-60.6964954 -32.9155168),"['Genova', 'Chaco']",2,Avenida Génova; Chaco,-32.9155168,-60.6964954,55.0,538.0,Municipio Rosario,Municipio,Rosario,820210,Servicio de Catastro e Información Territorial,IGN
2012,13166,2012-07-30,Lunes,0.0,19:00:00,,0.0,2,"Automóvil,Bicicleta",French Y Iguazu,2,1,0,0,1,0,0,,Calle,,ROSARIO,Rosario,Asfalto,S/D,II,Dentro,Urbana,Ninguna,S/D,Recta,Bueno,S/D,Nocturna,Buen Tiempo,S/D,S/D,Otro,S/D,Faltante,Barrera de hormigón,Sin restricción,POINT (-60.6861871 -32.9209941),"['French', 'Iguazu']",2,Domingo French; Iguazú,-32.9209941,-60.6861871,55.0,538.0,Municipio Rosario,Municipio,Rosario,820210,Servicio de Catastro e Información Territorial,IGN
2012,13173,2012-08-06,Lunes,1.0,08:45:00,,0.0,2,"Automóvil,Moto/Ciclomotor",ALMAFUERTE  Y TRAVESIA ,3,2,0,0,1,0,0,,Calle,,ROSARIO,Rosario,Asfalto,S/D,II,Dentro,Urbana,Semáforo,S/D,Recta,Bueno,S/D,Diurna,Buen Tiempo,De alcance,S/D,Colisión,S/D,Vertical,Barrera de hormigón,Sin restricción,POINT (-60.690326500000005 -32.9174531),"['Almafuerte', 'Avenida Travesía Albert Sabin']",2,Almafuerte; Avenida Travesía Albert Sabin,-32.9174531,-60.690326500000005,55.0,538.0,Municipio Rosario,Municipio,Rosario,820210,Servicio de Catastro e Información Territorial,IGN
2012,13200,2012-09-17,Lunes,0.0,21:00:00,,0.0,2,"Automóvil,Moto/Ciclomotor",España Y Gaboto,2,1,0,0,1,0,0,,Calle,,ROSARIO,Rosario,Asfalto,No existe,II,Dentro,Urbana,Ninguna,No existe,Intersección,S/D,S/D,Nocturna,S/D,Lateral,S/D,Colisión,S/D,S/D,Ninguna,Sin restricción,POINT (-60.6532559 -32.9718629),"['España', 'Gaboto']",2,España; Gaboto,-32.9718629,-60.6532559,55.0,538.0,Municipio Rosario,Municipio,Rosario,820210,Servicio de Catastro e Información Territorial,IGN
2012,13202,2012-09-26,Miercoles,0.0,11:00:00,,0.0,2,"Automóvil,Bicicleta",San Martin Y Garibaldi,2,1,0,0,1,0,0,,Avenida,,ROSARIO,Rosario,Asfalto,No existe,II,Dentro,Urbana,Ninguna,No existe,Intersección,S/D,S/D,Diurna,S/D,S/D,S/D,Atropello,S/D,S/D,Ninguna,Sin restricción,POINT (-60.645777800000005 -32.986383249999996),"['San Martin', 'José Garibaldi']",2,José de San Martín; José Garibaldi,-32.98638325,-60.645777800000005,55.0,538.0,Municipio Rosario,Municipio,Rosario,820210,Servicio de Catastro e Información Territorial,IGN
2012,13218,2012-10-03,Miercoles,0.0,17:55:00,,0.0,2,"Moto/Ciclomotor,Camión",Bv. Segui Y Bv. Avellaneda,3,0,0,0,0,2,1,,Avenida,,ROSARIO,Rosario,Asfalto,No existe,II,Dentro,Urbana,S/D,S/D,Intersección,Bueno,Buena,Diurna,Buen Tiempo,Lateral,S/D,Colisión,S/D,S/D,"Cordón divisorio,Vegetación",S/D,POINT (-60.68735266249999 -32.9717476875),"['Bulevar Juan Francisco Seguí', 'Avellaneda']",2,Bulevar Juan Francisco Seguí; Bulevar Nicolás Avellaneda,-32.9717476875,-60.68735266249999,55.0,538.0,Municipio Rosario,Municipio,Rosario,820210,Servicio de Catastro e Información Territorial,IGN
2012,13223,2012-10-07,Domingo,0.0,04:00:00,,0.0,1,Automóvil,Mendoza Y Av. Circunvalacion,2,1,0,0,0,1,0,,Avenida,,ROSARIO,Rosario,Asfalto,S/D,II,Fuera,Urbana,S/D,S/D,Distribuidor,Resbaladiza,Reducida,Nocturna,Lluvia,Contra objeto fijo,S/D,Colisión,Agua,S/D,Cordón divisorio,S/D,POINT (-60.72253500134355 -32.94050844672854),"['Mendoza', 'Circunvalacion']",2,Mendoza; Avenida de Circunvalación 25 de Mayo,-32.94050844672854,-60.72253500134355,55.0,538.0,Municipio Rosario,Municipio,Rosario,820210,Servicio de Catastro e Información Territorial,IGN
2012,13225,2012-10-17,Miercoles,0.0,21:30:00,,0.0,2,"Peatón,Pickup/Utilitario",Bv. Rondeau Y Castagnino,2,0,0,0,1,1,0,,Avenida,,ROSARIO,Rosario,Asfalto,No existe,II,Dentro,Urbana,S/D,S/D,Intersección,Bueno,S/D,Nocturna,Buen Tiempo,S/D,S/D,Atropello,S/D,S/D,Cordón divisorio,S/D,POINT (-60.69153045 -32.897260900000006),"['Rondeau', 'Castagnino']",2,Bulevar General José Rondeau; Castagnino,-32.897260900000006,-60.69153045,55.0,538.0,Municipio Rosario,Municipio,Rosario,820210,Servicio de Catastro e Información Territorial,IGN
2012,13235,2012-09-06,Jueves,0.0,18:00:00,,0.0,2,"Automóvil,Moto/Ciclomotor",Av. Provincias Unidas Y Montevideo,2,1,0,0,1,0,0,,Calle,,ROSARIO,Rosario,Asfalto,No existe,II,Dentro,Urbana,Semáforo,Funciona,Intersección,Bueno,Buena,Diurna,Buen Tiempo,S/D,S/D,Colisión,S/D,S/D,Barrera de hormigón,Sin restricción,POINT (-60.71230545 -32.9474568),"['Avenida Provincias Unidas', 'Montevideo']",2,Avenida Provincias Unidas; Montevideo,-32.9474568,-60.71230545,55.0,538.0,Municipio Rosario,Municipio,Rosario,820210,Servicio de Catastro e Información Territorial,IGN
2012,13237,2012-09-06,Jueves,0.0,16:10:00,,0.0,2,"Automóvil,Moto/Ciclomotor",Pje. Asuncion Y Camilo Aldao,2,1,0,0,1,0,0,,Calle,,ROSARIO,Rosario,Hormigón,No existe,II,Dentro,Urbana,Ninguna,No existe,Intersección,Bueno,Buena,Diurna,Buen Tiempo,S/D,S/D,Colisión,S/D,Horizontal,Ninguna,Sin restricción,POINT (-60.695384100000005 -32.9546569),"['Asunción', 'Camilo Aldao']",2,Asunción; Camilo Aldao,-32.9546569,-60.695384100000005,55.0,538.0,Municipio Rosario,Municipio,Rosario,820210,Servicio de Catastro e Información Territorial,IGN
2012,13238,2012-09-07,Viernes,0.0,20:00:00,,0.0,3,"Automóvil,Automóvil,Automóvil",San Juan Y Matienzo,3,2,0,0,1,0,0,,Calle,,ROSARIO,Rosario,Asfalto,No existe,II,Dentro,Urbana,Semáforo,Funciona,Intersección,Bueno,Buena,Nocturna,Buen Tiempo,S/D,S/D,Colisión,S/D,Vertical,Ninguna,Sin restricción,POINT (-60.694659 -32.94064099999999),"['San Juan', 'Matienzo']",2,San Juan; Benjamín Matienzo,-32.94064099999999,-60.694659,55.0,538.0,Municipio Rosario,Municipio,Rosario,820210,Servicio de Catastro e Información Territorial,IGN
2012,13253,2012-09-07,Viernes,0.0,23:30:00,,0.0,2,"Pickup/Utilitario,Moto/Ciclomotor",Av. Pellegrini Y Matienzo,2,1,0,0,0,0,1,,Avenida,,ROSARIO,Rosario,Asfalto,No existe,II,Dentro,Urbana,Semáforo,Funciona,Intersección,Bueno,Buena,Nocturna,S/D,S/D,S/D,Colisión,S/D,Vertical,Barrera de hormigón,Sin restricción,POINT (-60.69440075 -32.94811425),"['Pellegrini', 'Matienzo']",2,Avenida Carlos Pellegrini; Benjamín Matienzo,-32.94811425,-60.69440075,55.0,538.0,Municipio Rosario,Municipio,Rosario,820210,Servicio de Catastro e Información Territorial,IGN
2012,13256,2012-09-08,Sabado,0.0,08:10:00,,0.0,2,"Automóvil,Moto/Ciclomotor",Liniers Y Riobamba,2,1,0,0,1,0,0,,Calle,,ROSARIO,Rosario,Asfalto,No existe,II,Dentro,Urbana,Ninguna,No existe,Intersección,Bueno,Buena,Diurna,S/D,S/D,S/D,Colisión,S/D,Horizontal,Ninguna,Sin restricción,POINT (-60.6980073 -32.95416989999999),"['Liniers', 'Riobamba']",2,Liniers; Riobamba,-32.95416989999999,-60.6980073,55.0,538.0,Municipio Rosario,Municipio,Rosario,820210,Servicio de Catastro e Información Territorial,IGN
2012,13259,2012-09-08,Sabado,0.0,01:40:00,,0.0,2,"Moto/Ciclomotor,Taxi/Remis",Av. Pellegrini Y Liniers,2,1,0,0,1,0,0,,Avenida,,ROSARIO,Rosario,Asfalto,No existe,II,Dentro,Urbana,Semáforo,Funciona,Intersección,Bueno,Buena,Nocturna,Buen Tiempo,S/D,S/D,Colisión,S/D,Vertical,Barrera de hormigón,Sin restricción,POINT (-60.69824345 -32.9482175),"['Pellegrini', 'Liniers']",2,"('Avenida Carlos Pellegrini', 'Liniers')",-32.9482175,-60.69824345,55.0,538.0,Municipio Rosario,Municipio,Rosario,820210,Servicio de Catastro e Información Territorial,IGN