anio_acci,nro_acci,fecha,desc_dia,fecha_aprox,hora_aprox,desc_ruta,km,cant_participantes,desc_participante,calle_avenida_km,total,heridos_leves,heridos_graves,heridos_gravisimos,ilesos,fallecidos,sin_datos,posicion_XY,desc_tipo_via,desc_ruta_ori,desc_loc,desc_dpto,desc_tipo_calzada,desc_tipo_banquina,desc_unidad_regional,desc_lugar_calzada,desc_zona,desc_prioridad,desc_estado_semaforo,desc_lugar_via,desc_estado_via,desc_estado_visibilidad,desc_luminosidad,desc_estado_clima,desc_tipo_colision,desc_tipo_atropello,desc_tipo_hecho,desc_pres_calzada,desc_senializacion,desc_separacion_via,desc_restriccion,forma_geocod,calle_lista,numero_calles,calles_osm,lat,lon,index_right,gid,fna,gna,nam,in1,fdc,sag
2012,13261,2012-09-09,Domingo,0.0,07:00:00,,0.0,2,"Automóvil,Moto/Ciclomotor",Av. Eva Peron Y Cullen,2,1,0,0,1,0,0,,Avenida,,ROSARIO,Rosario,Asfalto,No existe,II,Dentro,Urbana,Semáforo,Funciona,Intersección,S/D,Buena,Diurna,S/D,S/D,S/D,Colisión,S/D,Vertical,Barrera de hormigón,Sin restricción,POINT (-60.709416950000005 -32.93363715),"['Avenida Eva Perón', 'Cullen']",2,Avenida Eva Perón; Cullen,-32.93363715,-60.709416950000005,55.0,538.0,Municipio Rosario,Municipio,Rosario,820210,Servicio de Catastro e Información Territorial,IGN
2012,13262,2012-09-09,Domingo,0.0,,,0.0,2,"Automóvil,Moto/Ciclomotor",La Paz Y Fraga,2,1,0,0,1,0,0,,Calle,,ROSARIO,Rosario,Hormigón,No existe,II,Dentro,Urbana,Ninguna,No existe,Intersección,Bueno,Buena,S/D,Buen Tiempo,S/D,S/D,Colisión,S/D,Horizontal,Ninguna,Sin restricción,POINT (-60.70962200000001 -32.9556724),"['La Paz', 'Fraga']",2,La Paz; Rosendo María Fraga,-32.9556724,-60.70962200000001,55.0,538.0,Municipio Rosario,Municipio,Rosario,820210,Servicio de Catastro e Información Territorial,IGN
2012,13265,2012-09-10,Lunes,0.0,05:45:00,,0.0,2,"Moto/Ciclomotor,Taxi/Remis",Mendoza Y Tte.Agneta,2,1,0,0,1,0,0,,Calle,,ROSARIO,Rosario,Hormigón,No existe,II,Dentro,Urbana,Semáforo,Funciona,Intersección,Bueno,Buena,Nocturna,Buen Tiempo,S/D,S/D,Colisión,S/D,Vertical,Barrera de hormigón,Sin restricción,POINT (-60.6998065 -32.94075749999999),"['Mendoza', 'Teniente Agneta']",2,Mendoza; Teniente Agneta,-32.94075749999999,-60.6998065,55.0,538.0,Municipio Rosario,Municipio,Rosario,820210,Servicio de Catastro e Información Territorial,IGN
2012,13269,2012-09-08,Sabado,0.0,05:00:00,,0.0,2,"Automóvil,Camión",Av. Provincias Unidas Y Montevideo,2,1,0,0,1,0,0,,Avenida,,ROSARIO,Rosario,Asfalto,No existe,II,Dentro,Urbana,Semáforo,Funciona,Intersección,Bueno,Buena,Nocturna,Buen Tiempo,S/D,S/D,Colisión,S/D,Vertical,Barrera de hormigón,Sin restricción,POINT (-60.71230545 -32.9474568),"['Avenida Provincias Unidas', 'Montevideo']",2,Avenida Provincias Unidas; Montevideo,-32.9474568,-60.71230545,55.0,538.0,Municipio Rosario,Municipio,Rosario,820210,Servicio de Catastro e Información Territorial,IGN
2012,13270,2012-09-11,Martes,0.0,15:40:00,,0.0,2,"Automóvil,Moto/Ciclomotor",Av. Provincias Unidas Y Santa Fe,2,1,0,0,1,0,0,,Avenida,,ROSARIO,Rosario,Asfalto,No existe,II,Dentro,Urbana,S/D,No existe,Intersección,Bueno,Buena,Diurna,Buen Tiempo,S/D,S/D,Colisión,S/D,Vertical,Barrera de hormigón,Sin restricción,POINT (-60.71282755 -32.93571179999999),"['Avenida Provincias Unidas', 'Santa Fe']",2,Avenida Provincias Unidas; Santa Fe,-32.93571179999999,-60.71282755,55.0,538.0,Municipio Rosario,Municipio,Rosario,820210,Servicio de Catastro e Información Territorial,IGN
2012,13274,2012-09-09,Domingo,0.0,16:30:00,,0.0,2,"Automóvil,Automóvil",Cordoba 6301,2,1,0,0,1,0,0,,S/D,,ROSARIO,Rosario,Asfalto,S/D,II,S/D,S/D,Semáforo,Funciona,Intersección,Bueno,Buena,Diurna,Buen Tiempo,S/D,S/D,Colisión,S/D,Vertical,Barrera de hormigón,S/D,"-32.94301, -60.6573726",['Cordoba 6301'],1,Cordoba 6301,-32.94301,-60.6573726,55.0,538.0,Municipio Rosario,Municipio,Rosario,820210,Servicio de Catastro e Información Territorial,IGN
2012,13275,2012-07-30,Lunes,0.0,12:00:00,,0.0,2,"Moto/Ciclomotor,Automóvil",Santa Fe Y Rio De Janeiro,2,1,0,0,0,0,1,,Calle,,ROSARIO,Rosario,Asfalto,No existe,II,Dentro,Urbana,Semáforo,Funciona,Intersección,Bueno,Buena,Diurna,S/D,Lateral,S/D,Colisión,S/D,Horizontal,Línea divisoria pintada,Sin restricción,POINT (-60.68017389999999 -32.9374999),"['Santa Fe', 'Río de Janeiro']",2,Santa Fe; Río de Janeiro,-32.9374999,-60.68017389999999,55.0,538.0,Municipio Rosario,Municipio,Rosario,820210,Servicio de Catastro e Información Territorial,IGN
2012,13276,2012-09-03,Lunes,0.0,14:20:00,,0.0,2,"Moto/Ciclomotor,Automóvil",Santa Fe Y Parana,2,1,0,0,1,0,0,,Calle,,ROSARIO,Rosario,Asfalto,No existe,II,Dentro,Urbana,Semáforo,Funciona,Recta,Bueno,Buena,Diurna,S/D,Contra objeto fijo,S/D,Colisión,Otro,Vertical,Cordón divisorio,Sin restricción,POINT (-60.6910365 -32.9355511),"['Santa Fe', 'Paraná']",2,Santa Fe; Paraná,-32.9355511,-60.6910365,55.0,538.0,Municipio Rosario,Municipio,Rosario,820210,Servicio de Catastro e Información Territorial,IGN
2012,13278,2012-09-10,Lunes,0.0,08:30:00,,0.0,2,"Peatón,Moto/Ciclomotor",Mendoza Y Magallanes,2,1,0,0,1,0,0,,Calle,,ROSARIO,Rosario,Asfalto,No existe,II,Dentro,Urbana,Semáforo,Funciona,Intersección,Bueno,Buena,Diurna,Buen Tiempo,S/D,S/D,Atropello,S/D,Vertical,Barrera de hormigón,Sin restricción,POINT (-60.70449825 -32.940009499999995),"['Mendoza', 'Magallanes']",2,Mendoza; Magallanes,-32.940009499999995,-60.70449825,55.0,538.0,Municipio Rosario,Municipio,Rosario,820210,Servicio de Catastro e Información Territorial,IGN
2012,13279,2012-09-13,Jueves,0.0,14:20:00,,0.0,2,"Automóvil,Moto/Ciclomotor",Pje. Hudson Y Ecuador,3,2,0,0,1,0,0,,Calle,,ROSARIO,Rosario,S/D,S/D,II,Dentro,Urbana,S/D,S/D,S/D,S/D,S/D,Diurna,S/D,S/D,S/D,Colisión,S/D,S/D,S/D,S/D,POINT (-60.71474889999999 -32.94626619999999),"['Hudson', 'Ecuador']",2,Hudson; Ecuador,-32.94626619999999,-60.71474889999999,55.0,538.0,Municipio Rosario,Municipio,Rosario,820210,Servicio de Catastro e Información Territorial,IGN
2012,13281,2012-09-15,Sabado,0.0,20:40:00,,0.0,2,"Moto/Ciclomotor,Automóvil",Av. Pellegrini Y Garzon,3,2,0,0,0,0,1,,Avenida,,ROSARIO,Rosario,Asfalto,No existe,II,Dentro,Urbana,S/D,S/D,Intersección,Bueno,Buena,Nocturna,Buen Tiempo,S/D,S/D,Colisión,S/D,S/D,Barrera de hormigón,Sin restricción,POINT (-60.705300650000005 -32.9484086),"['Pellegrini', 'Garzón']",2,Avenida Carlos Pellegrini; Garzón,-32.9484086,-60.705300650000005,55.0,538.0,Municipio Rosario,Municipio,Rosario,820210,Servicio de Catastro e Información Territorial,IGN
2012,13283,2012-09-17,Lunes,0.0,10:50:00,,0.0,2,"Moto/Ciclomotor,Automóvil",Bv. Oroño Y Dean Funes,2,1,0,0,1,0,0,,Avenida,,ROSARIO,Rosario,Asfalto,No existe,II,Dentro,Urbana,Ninguna,No existe,Intersección,S/D,S/D,Diurna,S/D,Lateral,S/D,Colisión,S/D,S/D,Ninguna,Sin restricción,POINT (-60.660666600000006 -32.972956899999986),"['Bulevar Nicasio Oroño', 'Deán Gregorio Funes']",2,Bulevar Nicasio Oroño; Deán Gregorio Funes,-32.972956899999986,-60.660666600000006,55.0,538.0,Municipio Rosario,Municipio,Rosario,820210,Servicio de Catastro e Información Territorial,IGN
2012,13284,2012-09-04,Martes,0.0,21:00:00,,0.0,2,"Moto/Ciclomotor,Camión",Junin Y Matienzo,2,1,0,0,1,0,0,,Calle,,ROSARIO,Rosario,Asfalto,No existe,II,Dentro,Urbana,Ninguna,No existe,Intersección,Bueno,Buena,Nocturna,Buen Tiempo,Otro,S/D,Colisión,S/D,S/D,Línea divisoria pintada,Sin restricción,POINT (-60.6951903 -32.9271049),"['Junín', 'Matienzo']",2,Junín; Benjamín Matienzo,-32.9271049,-60.6951903,55.0,538.0,Municipio Rosario,Municipio,Rosario,820210,Servicio de Catastro e Información Territorial,IGN
2012,13287,2012-09-08,Sabado,0.0,13:40:00,,0.0,2,"Pickup/Utilitario,Moto/Ciclomotor",F.More Y Velez Sarsfield,2,1,0,0,1,0,0,,Calle,,ROSARIO,Rosario,Asfalto,No existe,II,Dentro,Urbana,S/D,No existe,Intersección,Bueno,Buena,Diurna,S/D,Lateral,S/D,Colisión,S/D,Faltante,Ninguna,Sin restricción,POINT (-60.6940057 -32.92539119999999),"['Felipe Moré', 'Vélez Sarsfield']",2,Felipe Moré; Vélez Sarsfield,-32.92539119999999,-60.6940057,55.0,538.0,Municipio Rosario,Municipio,Rosario,820210,Servicio de Catastro e Información Territorial,IGN
2012,13291,2012-09-16,Domingo,0.0,22:45:00,,0.0,2,"Moto/Ciclomotor,Automóvil",Bv. Segui Y Italia,2,1,0,0,1,0,0,,Avenida,,ROSARIO,Rosario,Asfalto,No existe,II,Dentro,Urbana,Ninguna,No existe,Intersección,S/D,S/D,Nocturna,S/D,Lateral,S/D,Colisión,S/D,S/D,Ninguna,Sin restricción,POINT (-60.6560807 -32.977334),"['Bulevar Juan Francisco Seguí', 'Italia']",2,Bulevar Juan Francisco Seguí; Italia,-32.977334,-60.6560807,55.0,538.0,Municipio Rosario,Municipio,Rosario,820210,Servicio de Catastro e Información Territorial,IGN
2012,13293,2012-09-15,Sabado,0.0,,,0.0,2,"Automóvil,Moto/Ciclomotor",Rio Negro Y Av. Provincias Unidas,2,1,0,0,1,0,0,,Avenida,,ROSARIO,Rosario,Asfalto,No existe,II,Dentro,Urbana,Ninguna,No existe,Intersección,Bueno,Buena,S/D,Buen Tiempo,S/D,S/D,Colisión,S/D,Horizontal,Ninguna,Sin restricción,POINT (-60.71235555 -32.94607385),"['Rio Negro', 'Avenida Provincias Unidas']",2,Río Negro; Avenida Provincias Unidas,-32.94607385,-60.71235555,55.0,538.0,Municipio Rosario,Municipio,Rosario,820210,Servicio de Catastro e Información Territorial,IGN
2012,13294,2012-09-15,Sabado,0.0,23:30:00,,0.0,2,"Moto/Ciclomotor,Automóvil",Montevideo Y F.More,2,2,0,0,0,0,0,,Calle,,ROSARIO,Rosario,Asfalto,No existe,II,Dentro,Urbana,Señal Ceda el Paso,No existe,Intersección,Bueno,Buena,Nocturna,Buen Tiempo,S/D,S/D,Colisión,S/D,Horizontal,S/D,Sin restricción,POINT (-60.69347770000001 -32.94695349999999),"['Montevideo', 'Felipe Moré']",2,Montevideo; Felipe Moré,-32.94695349999999,-60.69347770000001,55.0,538.0,Municipio Rosario,Municipio,Rosario,820210,Servicio de Catastro e Información Territorial,IGN
2012,13303,2012-09-15,Sabado,0.0,05:30:00,,0.0,2,"Moto/Ciclomotor,Transporte de Pasajeros Larga Distancia (> 8 asientos)",Av. Eva Peron Y Pje. Cuba,2,1,0,0,1,0,0,,S/D,,ROSARIO,Rosario,Asfalto,No existe,II,S/D,S/D,Semáforo,Funciona,Intersección,Bueno,Buena,Nocturna,Buen Tiempo,S/D,S/D,Colisión,S/D,Vertical,Barrera de hormigón,Sin restricción,POINT (-60.70115945 -32.9351362),"['Avenida Eva Perón', 'Cuba']",2,Avenida Eva Perón; Cuba,-32.9351362,-60.70115945,55.0,538.0,Municipio Rosario,Municipio,Rosario,820210,Servicio de Catastro e Información Territorial,IGN
2012,13308,2012-09-10,Lunes,0.0,20:00:00,,0.0,2,"Moto/Ciclomotor,Automóvil",Santa Fe Y Larrea,3,2,0,0,0,0,1,,Calle,,ROSARIO,Rosario,Asfalto,No existe,II,Dentro,Urbana,Ninguna,No existe,Recta,Bueno,Buena,Atardecer,S/D,Frontal,S/D,Colisión,S/D,Faltante,Cordón divisorio,Sin restricción,POINT (-60.697453200000005 -32.935293099999996),"['Santa Fe', 'Larrea']",2,Santa Fe; Larrea,-32.9352931,-60.697453200000005,55.0,538.0,Municipio Rosario,Municipio,Rosario,820210,Servicio de Catastro e Información Territorial,IGN
2012,13309,2012-09-17,Lunes,0.0,12:20:00,,0.0,2,"Automóvil,Moto/Ciclomotor",Av. Provincias Unidas Y Marcos Paz,3,1,0,0,1,0,1,,Avenida,,ROSARIO,Rosario,Asfalto,No existe,II,Dentro,Urbana,Semáforo,Funciona,Intersección,Bueno,Buena,Diurna,Buen Tiempo,S/D,S/D,Colisión,S/D,Vertical,Barrera de hormigón,Sin restricción,POINT (-60.71267265 -32.93906135),"['Avenida Provincias Unidas', 'Marcos Paz']",2,Avenida Provincias Unidas; Marcos Paz,-32.93906135,-60.71267265,55.0,538.0,Municipio Rosario,Municipio,Rosario,820210,Servicio de Catastro e Información Territorial,IGN
2012,13310,2012-09-15,Sabado,0.0,14:30:00,,0.0,1,Automóvil,San Lorenzo Y Lima,2,1,0,0,1,0,0,,Calle,,ROSARIO,Rosario,Asfalto,No existe,II,Dentro,Urbana,Ninguna,No existe,Recta,Bueno,Buena,Diurna,S/D,Lateral,S/D,Colisión,S/D,Faltante,Ninguna,Sin restricción,POINT (-60.6826421 -32.93606539999999),"['San Lorenzo', 'Lima']",2,San Lorenzo; Lima,-32.93606539999999,-60.6826421,55.0,538.0,Municipio Rosario,Municipio,Rosario,820210,Servicio de Catastro e Información Territorial,IGN
2012,13311,2012-09-17,Lunes,0.0,15:45:00,,0.0,2,"Pickup/Utilitario,Moto/Ciclomotor",Av. Provincias Unidas Y Ituzaingo,3,1,0,0,2,0,0,,Avenida,,ROSARIO,Rosario,Asfalto,No existe,II,Dentro,Urbana,Ninguna,No existe,Intersección,Bueno,Buena,Diurna,Buen Tiempo,S/D,S/D,Colisión,S/D,Horizontal,Barrera de hormigón,Sin restricción,POINT (-60.712099249999994 -32.95218625),"['Avenida Provincias Unidas', 'Ituzaingó']",2,Avenida Provincias Unidas; Ituzaingó,-32.95218625,-60.71209925,55.0,538.0,Municipio Rosario,Municipio,Rosario,820210,Servicio de Catastro e Información Territorial,IGN
2012,13314,2012-09-15,Sabado,0.0,12:30:00,,0.0,2,"Pickup/Utilitario,Pickup/Utilitario",Av. Provincias Unidas Y White,2,1,0,0,1,0,0,,Avenida,,ROSARIO,Rosario,Asfalto,No existe,II,Dentro,Urbana,Semáforo,Funciona,Intersección,Bueno,Buena,Diurna,Buen Tiempo,S/D,S/D,Colisión,S/D,Vertical,Barrera de hormigón,Sin restricción,POINT (-60.7125441 -32.94137124999999),"['Avenida Provincias Unidas', 'White']",2,Avenida Provincias Unidas; Ingeniero White,-32.94137124999999,-60.7125441,55.0,538.0,Municipio Rosario,Municipio,Rosario,820210,Servicio de Catastro e Información Territorial,IGN
2012,13317,2012-09-19,Miercoles,0.0,08:00:00,,0.0,2,"Automóvil,Moto/Ciclomotor",Av. Pellegrini Y Av. Provincias Unidas,2,1,0,0,1,0,0,,Avenida,,ROSARIO,Rosario,Asfalto,No existe,II,Dentro,Urbana,Semáforo,Funciona,Intersección,Deteriorada,Buena,Diurna,Buen Tiempo,S/D,S/D,Colisión,S/D,Vertical,Barrera de hormigón,Sin restricción,POINT (-60.71226145 -32.948578),"['Pellegrini', 'Avenida Provincias Unidas']",2,Avenida Carlos Pellegrini; Avenida Provincias Unidas,-32.948578,-60.71226145,55.0,538.0,Municipio Rosario,Municipio,Rosario,820210,Servicio de Catastro e Información Territorial,IGN
2012,13320,2012-09-16,Domingo,0.0,09:00:00,,0.0,2,"Automóvil,Camión",Centeno Y Entre Rios,3,2,0,0,1,0,0,,Calle,,ROSARIO,Rosario,Asfalto,No existe,II,Dentro,Urbana,Ninguna,No existe,Intersección,S/D,S/D,Diurna,S/D,Lateral,S/D,Colisión,S/D,S/D,Ninguna,Sin restricción,POINT (-60.650610400000005 -32.9843397),"['Centeno', 'Entre Ríos']",2,Coronel Centeno; Entre Ríos,-32.9843397,-60.650610400000005,55.0,538.0,Municipio Rosario,Municipio,Rosario,820210,Servicio de Catastro e Información Territorial,IGN
2012,13322,2012-09-16,Domingo,0.0,18:30:00,,0.0,2,"Moto/Ciclomotor,Moto/Ciclomotor",Bv. Oroño Y Av. Uriburu,4,4,0,0,0,0,0,,Avenida,,ROSARIO,Rosario,Asfalto,No existe,II,Dentro,Urbana,Semáforo,Funciona,Intersección,S/D,S/D,Atardecer,S/D,Lateral,S/D,Colisión,S/D,S/D,Ninguna,Sin restricción,POINT (-60.665160500000006 -32.99123049999999),"['Bulevar Nicasio Oroño', 'Uriburu']",2,Bulevar Nicasio Oroño; Avenida José Uriburu,-32.99123049999999,-60.665160500000006,55.0,538.0,Municipio Rosario,Municipio,Rosario,820210,Servicio de Catastro e Información Territorial,IGN
2012,13325,2012-09-16,Domingo,0.0,09:40:00,,0.0,2,"Moto/Ciclomotor,Automóvil",Bv. Oroño Y Av. Uriburu,2,1,0,0,1,0,0,,Avenida,,ROSARIO,Rosario,Asfalto,No existe,II,Dentro,Urbana,Semáforo,Funciona,Intersección,Bueno,S/D,Diurna,S/D,Lateral,S/D,Colisión,S/D,Vertical,Ninguna,Sin restricción,POINT (-60.665160500000006 -32.99123049999999),"['Bulevar Nicasio Oroño', 'Uriburu']",2,Bulevar Nicasio Oroño; Avenida José Uriburu,-32.99123049999999,-60.665160500000006,55.0,538.0,Municipio Rosario,Municipio,Rosario,820210,Servicio de Catastro e Información Territorial,IGN
2012,13326,2012-09-03,Lunes,0.0,12:30:00,,0.0,2,"Moto/Ciclomotor,Pickup/Utilitario",L.N.Alem Y Dean Funes,2,1,0,0,1,0,0,,Calle,,ROSARIO,Rosario,Asfalto,No existe,II,Dentro,Urbana,Marca Vial,No existe,Intersección,Bueno,Buena,Diurna,Buen Tiempo,Lateral,S/D,Colisión,S/D,Vertical,Ninguna,Sin restricción,POINT (-60.6356395 -32.97742120000001),"['Alem', 'Deán Gregorio Funes']",2,Leandro N. Alem; Deán Gregorio Funes,-32.97742120000001,-60.6356395,55.0,538.0,Municipio Rosario,Municipio,Rosario,820210,Servicio de Catastro e Información Territorial,IGN
2012,13329,2012-09-19,Miercoles,0.0,21:00:00,,0.0,2,"Moto/Ciclomotor,Automóvil",San Lorenzo Y Servando Bayo,2,1,0,0,0,0,1,,Calle,,ROSARIO,Rosario,Asfalto,No existe,II,Dentro,Urbana,Semáforo,Intermitente,Intersección,Bueno,Reducida,Nocturna,S/D,Lateral,S/D,Colisión,S/D,Faltante,Ninguna,Sin restricción,POINT (-60.6839949 -32.9358236),"['San Lorenzo', 'Servando Bayo']",2,San Lorenzo; Servando Bayo,-32.9358236,-60.6839949,55.0,538.0,Municipio Rosario,Municipio,Rosario,820210,Servicio de Catastro e Información Territorial,IGN
2012,13333,2012-09-04,Martes,0.0,17:00:00,,0.0,2,"Automóvil,Moto/Ciclomotor",Dean Funes Y Anderson,2,1,0,0,1,0,0,,Calle,,ROSARIO,Rosario,Asfalto,Natural,II,Dentro,Urbana,Ninguna,No existe,Intersección,Bueno,Buena,Diurna,Buen Tiempo,Lateral,S/D,Colisión,S/D,S/D,S/D,Sin restricción,POINT (-60.72139099999999 -32.96776669999999),"['Deán Gregorio Funes', 'Anderson']",2,Deán Gregorio Funes; Anderson,-32.96776669999999,-60.72139099999999,55.0,538.0,Municipio Rosario,Municipio,Rosario,820210,Servicio de Catastro e Información Territorial,IGN
2012,13334,2012-09-04,Martes,0.0,12:45:00,,0.0,2,"Bicicleta,Automóvil",L.N.Alem Y Gaboto,2,1,0,0,0,0,1,,Calle,,ROSARIO,Rosario,Asfalto,No existe,II,S/D,Urbana,Semáforo,Funciona,Intersección,Bueno,Buena,Diurna,Buen Tiempo,Otro,S/D,Atropello,S/D,Vertical,Ninguna,Sin restricción,POINT (-60.635075900000004 -32.9751272),"['Alem', 'Gaboto']",2,Leandro N. Alem; Gaboto,-32.9751272,-60.6350759,55.0,538.0,Municipio Rosario,Municipio,Rosario,820210,Servicio de Catastro e Información Territorial,IGN
2012,13338,2012-09-20,Jueves,0.0,16:50:00,,0.0,2,"Automóvil,Moto/Ciclomotor",Roullon Y Pje. Cane,3,1,0,0,2,0,0,,Calle,,ROSARIO,Rosario,Asfalto,No existe,II,Dentro,Urbana,Ninguna,No existe,Intersección,Bueno,Buena,Diurna,Buen Tiempo,S/D,S/D,Colisión,S/D,Horizontal,Ninguna,Sin restricción,POINT (-60.7021159 -32.943759199999995),"['Alfredo Rouillón', 'Cané']",2,Alfredo Rouillón; Cané,-32.943759199999995,-60.7021159,55.0,538.0,Municipio Rosario,Municipio,Rosario,820210,Servicio de Catastro e Información Territorial,IGN
2012,13340,2012-09-20,Jueves,0.0,21:10:00,,0.0,2,"Automóvil,Moto/Ciclomotor",Montevideo Y Roullon,2,1,0,0,1,0,0,,Calle,,ROSARIO,Rosario,Asfalto,No existe,II,Dentro,Urbana,Señal Ceda el Paso,No existe,Intersección,Bueno,Buena,Nocturna,Buen Tiempo,S/D,S/D,Colisión,S/D,Horizontal,S/D,Sin restricción,POINT (-60.701961499999996 -32.9471749),"['Montevideo', 'Alfredo Rouillón']",2,Montevideo; Alfredo Rouillón,-32.9471749,-60.7019615,55.0,538.0,Municipio Rosario,Municipio,Rosario,820210,Servicio de Catastro e Información Territorial,IGN
2012,13341,2012-09-04,Martes,0.0,17:00:00,,0.0,2,"Automóvil,Moto/Ciclomotor",Campbell Y Gaboto,2,1,0,0,1,0,0,,Calle,,ROSARIO,Rosario,Asfalto,No existe,II,Dentro,Urbana,Ninguna,No existe,Intersección,Con baches,Buena,Diurna,Buen Tiempo,S/D,S/D,Colisión,S/D,S/D,S/D,Sin restricción,POINT (-60.7069578 -32.96501529999999),"['Campbell', 'Gaboto']",2,Campbell; Gaboto,-32.96501529999999,-60.7069578,55.0,538.0,Municipio Rosario,Municipio,Rosario,820210,Servicio de Catastro e Información Territorial,IGN
2012,13343,2012-09-20,Jueves,0.0,22:10:00,,0.0,2,"Automóvil,Moto/Ciclomotor",Mendoza Y Solis,2,1,0,0,1,0,0,,Calle,,ROSARIO,Rosario,Asfalto,No existe,II,Dentro,Urbana,Semáforo,Funciona,Intersección,Bueno,Buena,Nocturna,Buen Tiempo,S/D,S/D,Colisión,S/D,Vertical,Barrera de hormigón,Sin restricción,POINT (-60.7034051 -32.939993799999996),"['Mendoza', 'Solis']",2,Mendoza; Juan Díaz de Solís,-32.9399938,-60.7034051,55.0,538.0,Municipio Rosario,Municipio,Rosario,820210,Servicio de Catastro e Información Territorial,IGN
2012,13346,2012-09-05,Miercoles,0.0,13:30:00,,0.0,2,"Automóvil,Moto/Ciclomotor",Av. Provincias Unidas Y Bv. Segui,2,1,0,0,1,0,0,,Calle,,ROSARIO,Rosario,Hormigón,No existe,II,Dentro,Urbana,S/D,Funciona,Recta,Bueno,Buena,Diurna,Lluvia,S/D,S/D,Colisión,Material Suelto,Horizontal,Barrera de hormigón,Sin restricción,POINT (-60.71134141428571 -32.97102804285714),"['Avenida Provincias Unidas', 'Bulevar Juan Francisco Seguí']",2,Avenida Provincias Unidas; Bulevar Juan Francisco Seguí,-32.97102804285714,-60.71134141428571,55.0,538.0,Municipio Rosario,Municipio,Rosario,820210,Servicio de Catastro e Información Territorial,IGN
2012,13347,2012-09-21,Viernes,0.0,15:00:00,,0.0,2,"Bicicleta,Transporte de Pasajeros Urbano (> 8 asientos)",Av. Eva Peron Y Liniers,2,1,0,0,1,0,0,,Avenida,,ROSARIO,Rosario,S/D,S/D,II,Dentro,Urbana,S/D,S/D,S/D,S/D,S/D,Diurna,S/D,S/D,S/D,Atropello,S/D,S/D,S/D,S/D,POINT (-60.6987284 -32.935604899999994),"['Avenida Eva Perón', 'Liniers']",2,Avenida Eva Perón; Liniers,-32.935604899999994,-60.6987284,55.0,538.0,Municipio Rosario,Municipio,Rosario,820210,Servicio de Catastro e Información Territorial,IGN
2012,13351,2012-09-21,Viernes,0.0,17:00:00,,0.0,2,"Moto/Ciclomotor,Automóvil",Guatemala Y Ituzaingo,2,1,0,0,0,0,1,,Calle,,ROSARIO,Rosario,Asfalto,No existe,II,Dentro,Urbana,Ninguna,No existe,Intersección,Bueno,Buena,Diurna,Buen Tiempo,S/D,S/D,Colisión,S/D,Horizontal,Ninguna,Sin restricción,POINT (-60.71677820000001 -32.95230799999999),"['Guatemala', 'Ituzaingó']",2,Guatemala; Ituzaingó,-32.95230799999999,-60.71677820000001,55.0,538.0,Municipio Rosario,Municipio,Rosario,820210,Servicio de Catastro e Información Territorial,IGN
2012,13352,2012-09-22,Sabado,0.0,09:30:00,,0.0,2,"Pickup/Utilitario,Moto/Ciclomotor",Av. Provincias Unidas Y Derqui,3,1,0,0,2,0,0,,Avenida,,ROSARIO,Rosario,S/D,No existe,II,Dentro,Urbana,Ninguna,No existe,Intersección,Bueno,Buena,Diurna,Buen Tiempo,S/D,S/D,Colisión,S/D,Horizontal,Barrera de hormigón,Sin restricción,POINT (-60.71271935 -32.93803875),"['Avenida Provincias Unidas', 'Derqui']",2,Avenida Provincias Unidas; Derqui,-32.93803875,-60.71271935,55.0,538.0,Municipio Rosario,Municipio,Rosario,820210,Servicio de Catastro e Información Territorial,IGN
2012,13356,2012-09-22,Sabado,0.0,07:05:00,,0.0,2,"Peatón,Automóvil",Mendoza Y Guatemala,2,1,0,0,1,0,0,,Calle,,ROSARIO,Rosario,Asfalto,No existe,II,Dentro,Urbana,Ninguna,No existe,Intersección,Bueno,Buena,Diurna,Buen Tiempo,S/D,S/D,Atropello,S/D,Horizontal,Barrera de hormigón,Sin restricción,POINT (-60.717262000000005 -32.94036265),"['Mendoza', 'Guatemala']",2,Mendoza; Guatemala,-32.94036265,-60.717262000000005,55.0,538.0,Municipio Rosario,Municipio,Rosario,820210,Servicio de Catastro e Información Territorial,IGN
2012,13357,2012-09-24,Lunes,0.0,04:40:00,,0.0,2,"Moto/Ciclomotor,Pickup/Utilitario",San Lorenzo Y Av. Avellaneda B,2,1,0,0,0,0,1,,Avenida,,ROSARIO,Rosario,Asfalto,No existe,II,Dentro,Urbana,Semáforo,Funciona,Intersección,Bueno,Buena,"Nocturna,Con luz artificial",S/D,De alcance,S/D,Colisión,S/D,Horizontal,Guardarrail,Sin restricción,POINT (-60.67856895 -32.936793300000005),"['San Lorenzo', 'Avellaneda']",2,San Lorenzo; Bulevar Nicolás Avellaneda,-32.936793300000005,-60.67856895,55.0,538.0,Municipio Rosario,Municipio,Rosario,820210,Servicio de Catastro e Información Territorial,IGN