anio_acci,nro_acci,fecha,desc_dia,fecha_aprox,hora_aprox,desc_ruta,km,cant_participantes,desc_participante,calle_avenida_km,total,heridos_leves,heridos_graves,heridos_gravisimos,ilesos,fallecidos,sin_datos,posicion_XY,desc_tipo_via,desc_ruta_ori,desc_loc,desc_dpto,desc_tipo_calzada,desc_tipo_banquina,desc_unidad_regional,desc_lugar_calzada,desc_zona,desc_prioridad,desc_estado_semaforo,desc_lugar_via,desc_estado_via,desc_estado_visibilidad,desc_luminosidad,desc_estado_clima,desc_tipo_colision,desc_tipo_atropello,desc_tipo_hecho,desc_pres_calzada,desc_senializacion,desc_separacion_via,desc_restriccion,forma_geocod,calle_lista,numero_calles,calles_osm,lat,lon,index_right,gid,fna,gna,nam,in1,fdc,sag
2012,13360,2012-09-10,Lunes,0.0,13:45:00,,0.0,2,"Automóvil,Moto/Ciclomotor",Av. Circunvalacion Y Av. Pte.Peron,2,1,0,0,1,0,0,,Calle,,ROSARIO,Rosario,Asfalto,Natural,II,Dentro,Urbana,S/D,S/D,Recta,Bueno,Buena,Diurna,Buen Tiempo,Lateral,S/D,Colisión,S/D,S/D,Guardarrail,Obra en Construcción,POINT (-60.71697254694366 -32.9707081028425),"['Circunvalacion', 'Avenida Presidente Perón']",2,Avenida de Circunvalación 25 de Mayo; Avenida Presidente Perón,-32.9707081028425,-60.71697254694366,55.0,538.0,Municipio Rosario,Municipio,Rosario,820210,Servicio de Catastro e Información Territorial,IGN
2012,13361,2012-09-28,Viernes,0.0,08:05:00,,0.0,2,"Moto/Ciclomotor,Pickup/Utilitario",Matienzo Y Pje. Timbues,2,1,0,0,1,0,0,,Calle,,ROSARIO,Rosario,Asfalto,No existe,II,Dentro,Urbana,Ninguna,No existe,Intersección,Bueno,Buena,Diurna,S/D,Lateral,S/D,Colisión,S/D,Faltante,Ninguna,Sin restricción,POINT (-60.6952199 -32.92631359999999),"['Matienzo', 'Timbúes']",2,Benjamín Matienzo; Timbúes,-32.92631359999999,-60.6952199,55.0,538.0,Municipio Rosario,Municipio,Rosario,820210,Servicio de Catastro e Información Territorial,IGN
2012,13362,2012-09-13,Jueves,0.0,05:30:00,,0.0,2,"Vehículo Oficial,Moto/Ciclomotor",Av. Circunvalacion Y Av. Uriburu,2,1,0,0,1,0,0,,Calle,,ROSARIO,Rosario,Asfalto,Natural,II,Dentro,Urbana,S/D,No existe,Recta,Bueno,Buena,Amanecer,Buen Tiempo,Frontal,S/D,Colisión,S/D,S/D,Guardarrail,Obra en Construcción,POINT (-60.70053645 -32.992253950000006),"['Circunvalacion', 'Uriburu']",2,"('Juan Pablo II', 'Avenida José Uriburu')",-32.992253950000006,-60.70053645,55.0,538.0,Municipio Rosario,Municipio,Rosario,820210,Servicio de Catastro e Información Territorial,IGN
2012,13363,2012-09-03,Lunes,0.0,08:10:00,,0.0,1,Automóvil,SARRATEA Y AZCUENAGA ,1,1,0,0,0,0,0,,Calle,,ROSARIO,Rosario,Asfalto,No existe,II,Dentro,Urbana,Policía de tránsito,No existe,Recta,Deteriorada,Buena,S/D,Buen Tiempo,Contra objeto fijo,S/D,Colisión,S/D,Horizontal,Barrera de hormigón,Sin restricción,POINT (-60.7411041 -32.926282399999984),"['Sarratea', 'Azcuénaga']",2,Sarratea; Azcuénaga,-32.926282399999984,-60.7411041,55.0,538.0,Municipio Rosario,Municipio,Rosario,820210,Servicio de Catastro e Información Territorial,IGN
2012,13364,2012-09-13,Jueves,0.0,13:00:00,,0.0,1,Moto/Ciclomotor,Av. Circunvalacion Y Av. Pte.Peron,1,1,0,0,0,0,0,,Calle,,ROSARIO,Rosario,Asfalto,Natural,II,Dentro,Urbana,Ninguna,No existe,Recta,Bueno,Buena,Diurna,Buen Tiempo,Otro,S/D,Despiste,S/D,S/D,Guardarrail,Sin restricción,POINT (-60.71697254694366 -32.9707081028425),"['Circunvalacion', 'Avenida Presidente Perón']",2,Avenida de Circunvalación 25 de Mayo; Avenida Presidente Perón,-32.9707081028425,-60.71697254694366,55.0,538.0,Municipio Rosario,Municipio,Rosario,820210,Servicio de Catastro e Información Territorial,IGN
2012,13366,2012-09-13,Jueves,0.0,16:25:00,,0.0,1,Moto/Ciclomotor,Av. Circunvalacion Y Av. Uriburu,1,1,0,0,0,0,0,,Avenida,,ROSARIO,Rosario,Asfalto,Natural,II,Dentro,Urbana,S/D,No existe,Recta,Bueno,S/D,Diurna,Buen Tiempo,Otro,S/D,Despiste,S/D,S/D,Guardarrail,Obra en Construcción,POINT (-60.70053645 -32.992253950000006),"['Circunvalacion', 'Uriburu']",2,"('Juan Pablo II', 'Avenida José Uriburu')",-32.992253950000006,-60.70053645,55.0,538.0,Municipio Rosario,Municipio,Rosario,820210,Servicio de Catastro e Información Territorial,IGN
2012,13372,2012-09-13,Jueves,0.0,16:50:00,,0.0,2,"Automóvil,Moto/Ciclomotor",Av. Provincias Unidas Y Rueda,2,1,0,0,1,0,0,,Calle,,ROSARIO,Rosario,Asfalto,S/D,II,Dentro,Urbana,Ninguna,No existe,Intersección,Deteriorada,Buena,Diurna,Buen Tiempo,Lateral,S/D,Colisión,S/D,S/D,Cordón divisorio,Sin restricción,POINT (-60.711669799999996 -32.9627928),"['Avenida Provincias Unidas', 'Rueda']",2,Avenida Provincias Unidas; Rueda,-32.9627928,-60.7116698,55.0,538.0,Municipio Rosario,Municipio,Rosario,820210,Servicio de Catastro e Información Territorial,IGN
2012,13375,2012-09-04,Martes,0.0,20:45:00,,0.0,2,"Automóvil,Automóvil",Ameghino Y Pte.Roca,2,1,0,0,1,0,0,,Calle,,ROSARIO,Rosario,Asfalto,No existe,II,Dentro,Urbana,Marca Vial,No existe,Intersección,Bueno,Buena,"Nocturna,Con luz artificial",Buen Tiempo,Lateral,S/D,Colisión,Otro,Vertical,Ninguna,Sin restricción,POINT (-60.6553675 -32.98586439999998),"['Ameghino', 'Roca']",2,Ameghino; Presidente Roca,-32.98586439999998,-60.6553675,55.0,538.0,Municipio Rosario,Municipio,Rosario,820210,Servicio de Catastro e Información Territorial,IGN
2012,13376,2012-09-06,Jueves,0.0,13:30:00,,0.0,2,"Moto/Ciclomotor,Transporte de Pasajeros Urbano (> 8 asientos)",Grandoli Y Bv. Segui,3,2,0,0,1,0,0,,Avenida,,ROSARIO,Rosario,Asfalto,Pavimento,II,Dentro,Urbana,Marca Vial,No existe,Intersección,Bueno,Buena,S/D,Buen Tiempo,Lateral,S/D,Colisión,S/D,Vertical,Cordón divisorio,Sin restricción,POINT (-60.62803015 -32.98236034999999),"['Avenida Abanderado Grandoli', 'Bulevar Juan Francisco Seguí']",2,Avenida Abanderado Grandoli; Bulevar Juan Francisco Seguí,-32.98236034999999,-60.62803015,55.0,538.0,Municipio Rosario,Municipio,Rosario,820210,Servicio de Catastro e Información Territorial,IGN
2012,13377,2012-09-18,Martes,0.0,21:00:00,,0.0,2,"Automóvil,Moto/Ciclomotor",Peru Y Gaboto,3,2,0,0,1,0,0,,Calle,,ROSARIO,Rosario,Asfalto,No existe,II,Dentro,Urbana,Ninguna,No existe,Intersección,Bueno,Buena,Nocturna,Lluvia,Lateral,S/D,Colisión,Agua,Faltante,Ninguna,Sin restricción,POINT (-60.7103884 -32.9651107),"['Peru', 'Gaboto']",2,Perú; Gaboto,-32.9651107,-60.7103884,55.0,538.0,Municipio Rosario,Municipio,Rosario,820210,Servicio de Catastro e Información Territorial,IGN
2012,13378,2012-09-19,Miercoles,0.0,20:30:00,,0.0,2,"Camión,Moto/Ciclomotor",Av. Provincias Unidas Y Monte Flores,2,0,1,0,1,0,0,,Avenida,,ROSARIO,Rosario,Asfalto,Natural,II,Dentro,Urbana,S/D,S/D,Intersección,Con baches,Buena,Nocturna,S/D,Otro,S/D,S/D,S/D,S/D,Ninguna,Sin restricción,POINT (-60.71194499999999 -32.957650099999995),"['Avenida Provincias Unidas', 'Monte Flores']",2,Avenida Provincias Unidas; Monte Flores,-32.957650099999995,-60.71194499999999,55.0,538.0,Municipio Rosario,Municipio,Rosario,820210,Servicio de Catastro e Información Territorial,IGN
2012,13379,2012-09-07,Viernes,0.0,19:40:00,,0.0,2,"Moto/Ciclomotor,Automóvil",Grandoli Y Dr.Rivas,3,2,0,0,1,0,0,,Avenida,,ROSARIO,Rosario,Asfalto,Pavimento,II,Dentro,Urbana,Marca Vial,No existe,Intersección,Bueno,Buena,"Atardecer,Con luz artificial",Buen Tiempo,Otro,S/D,Otro,S/D,Vertical,Cordón divisorio,Sin restricción,POINT (-60.62830819999999 -32.98712985),"['Avenida Abanderado Grandoli', 'Doctor Francisco Riva']",2,Avenida Abanderado Grandoli; Doctor Francisco Riva,-32.98712985,-60.62830819999999,55.0,538.0,Municipio Rosario,Municipio,Rosario,820210,Servicio de Catastro e Información Territorial,IGN
2012,13380,2012-09-21,Viernes,0.0,18:40:00,,0.0,2,"Taxi/Remis,Moto/Ciclomotor",rivarola Y colectora,2,1,0,0,1,0,0,,Calle,,ROSARIO,Rosario,Asfalto,Natural,II,Dentro,Urbana,S/D,No existe,Intersección,Bueno,S/D,Atardecer,Buen Tiempo,Lateral,S/D,Colisión,Material Suelto,Faltante,Ninguna,Sin restricción,POINT (-60.71841440000001 -32.96598899999999),"['Rivarola', 'Colectora']",2,"('Avenida Doctor Rivarola', 'Colectora Juan Pablo II')",-32.96598899999999,-60.71841440000001,55.0,538.0,Municipio Rosario,Municipio,Rosario,820210,Servicio de Catastro e Información Territorial,IGN
2012,13382,2012-09-08,Sabado,0.0,09:10:00,,0.0,2,"Peatón,Camión",Grandoli 4000,2,0,0,0,1,1,0,,Avenida,,ROSARIO,Rosario,Asfalto,No existe,II,Dentro,Urbana,Marca Vial,No existe,Recta,Bueno,Buena,Diurna,Buen Tiempo,S/D,S/D,Atropello,S/D,Vertical,Cordón divisorio,Sin restricción,"-32.9869604, -60.6284509",['Grandoli 4000'],1,Grandoli 4000,-32.9869604,-60.6284509,55.0,538.0,Municipio Rosario,Municipio,Rosario,820210,Servicio de Catastro e Información Territorial,IGN
2012,13383,2012-09-09,Domingo,0.0,18:30:00,,0.0,2,"Taxi/Remis,Automóvil",Rueda Y L.N.Alem,3,1,0,0,2,0,0,,Calle,,ROSARIO,Rosario,Asfalto,No existe,II,Dentro,Urbana,Semáforo,Funciona,Intersección,Bueno,Buena,Atardecer,Buen Tiempo,Lateral,S/D,Colisión,S/D,Vertical,Línea divisoria pintada,Sin restricción,POINT (-60.63449020000001 -32.9728384),"['Rueda', 'Alem']",2,Rueda; Leandro N. Alem,-32.9728384,-60.63449020000001,55.0,538.0,Municipio Rosario,Municipio,Rosario,820210,Servicio de Catastro e Información Territorial,IGN
2012,13384,2012-09-09,Domingo,0.0,19:45:00,,0.0,2,"Automóvil,Automóvil",Ayacucho Y Biedma,4,2,0,0,2,0,0,,Calle,,ROSARIO,Rosario,Asfalto,No existe,II,Dentro,Urbana,Marca Vial,Funciona,Intersección,Bueno,Buena,"Atardecer,Con luz artificial",Buen Tiempo,Lateral,S/D,Colisión,S/D,Vertical,Ninguna,Sin restricción,POINT (-60.6358146 -32.9833646),"['Ayacucho', 'Coronel Biedma']",2,Ayacucho; Coronel Biedma,-32.9833646,-60.6358146,55.0,538.0,Municipio Rosario,Municipio,Rosario,820210,Servicio de Catastro e Información Territorial,IGN
2012,13388,2012-09-22,Sabado,0.0,21:40:00,,0.0,3,"Automóvil,Automóvil,Automóvil",Av. Circunvalacion Y Rivarola,7,1,0,0,6,0,0,,Avenida,,ROSARIO,Rosario,Asfalto,Natural,II,Dentro,Urbana,Ninguna,No existe,Recta,S/D,Reducida,Nocturna,S/D,Contra objeto fijo,S/D,Colisión,Otro,Faltante,Guardarrail,Obra en Construcción,POINT (-60.71916028403352 -32.96601604560884),"['Circunvalacion', 'Rivarola']",2,Avenida de Circunvalación 25 de Mayo; Avenida Doctor Rivarola,-32.96601604560884,-60.71916028403352,55.0,538.0,Municipio Rosario,Municipio,Rosario,820210,Servicio de Catastro e Información Territorial,IGN
2012,13400,2012-09-22,Sabado,0.0,,,0.0,2,"Automóvil,Moto/Ciclomotor",Mendoza Y Tte.Agneta,2,1,0,0,1,0,0,,Calle,,ROSARIO,Rosario,Asfalto,No existe,II,Dentro,Urbana,Policía de tránsito,Intermitente,Intersección,Bueno,Buena,Con luz artificial,Buen Tiempo,S/D,S/D,Colisión,S/D,Vertical,Barrera de hormigón,Sin restricción,POINT (-60.6998065 -32.94075749999999),"['Mendoza', 'Teniente Agneta']",2,Mendoza; Teniente Agneta,-32.94075749999999,-60.6998065,55.0,538.0,Municipio Rosario,Municipio,Rosario,820210,Servicio de Catastro e Información Territorial,IGN
2012,13403,2012-09-23,Domingo,0.0,14:55:00,,0.0,2,"Camión,Automóvil",Mendoza Y Garzon,5,3,0,0,2,0,0,,Calle,,ROSARIO,Rosario,Asfalto,No existe,II,Dentro,Urbana,Semáforo,Funciona,Intersección,Bueno,Buena,Diurna,Buen Tiempo,S/D,S/D,Colisión,S/D,Vertical,Barrera de hormigón,Sin restricción,POINT (-60.7056814 -32.94004240000001),"['Mendoza', 'Garzón']",2,Mendoza; Garzón,-32.94004240000001,-60.7056814,55.0,538.0,Municipio Rosario,Municipio,Rosario,820210,Servicio de Catastro e Información Territorial,IGN
2012,13407,2012-09-02,Domingo,0.0,10:30:00,,0.0,2,"Moto/Ciclomotor,Automóvil",Larrechea Y Oriente,2,1,0,0,1,0,0,,Calle,,ROSARIO,Rosario,Asfalto,No existe,II,Dentro,Urbana,Ninguna,No existe,Intersección,Bueno,Buena,Diurna,Buen Tiempo,Lateral,S/D,Colisión,Otro,Vertical,Ninguna,Sin restricción,POINT (-60.71014235 -32.89857545),"['Larrechea', 'Oriente']",2,Larrechea; Oriente,-32.89857545,-60.71014235,55.0,538.0,Municipio Rosario,Municipio,Rosario,820210,Servicio de Catastro e Información Territorial,IGN
2012,13410,2012-09-24,Lunes,0.0,17:00:00,,0.0,2,"Moto/Ciclomotor,Automóvil",Guatemala Y Cerrito,3,1,1,0,0,0,1,,Calle,,ROSARIO,Rosario,Asfalto,No existe,II,Dentro,Urbana,Ninguna,No existe,Intersección,Bueno,Buena,Diurna,Buen Tiempo,S/D,S/D,Colisión,S/D,Horizontal,Ninguna,Sin restricción,POINT (-60.71673069999999 -32.9534592),"['Guatemala', 'Cerrito']",2,Guatemala; Cerrito,-32.9534592,-60.71673069999999,55.0,538.0,Municipio Rosario,Municipio,Rosario,820210,Servicio de Catastro e Información Territorial,IGN
2012,13413,2012-09-24,Lunes,0.0,16:00:00,,0.0,2,"Automóvil,Moto/Ciclomotor",Bolivia Y 6 De Diciembre,2,0,1,0,1,0,0,,Calle,,ROSARIO,Rosario,Asfalto,No existe,II,Dentro,Urbana,Ninguna,No existe,Intersección,Bueno,Buena,Diurna,Buen Tiempo,S/D,S/D,Colisión,S/D,Horizontal,Vegetación,Sin restricción,POINT (-60.7132595 -32.9539483),"['Bolivia', '6 de Diciembre']",2,Bolivia; 6 de Diciembre,-32.9539483,-60.7132595,55.0,538.0,Municipio Rosario,Municipio,Rosario,820210,Servicio de Catastro e Información Territorial,IGN
2012,13417,2012-09-11,Martes,0.0,19:00:00,,0.0,2,"Bicicleta,Moto/Ciclomotor",Superi Y Medrano,2,2,0,0,0,0,0,,Calle,,ROSARIO,Rosario,Asfalto,No existe,II,Dentro,Urbana,Ninguna,No existe,Recta,Otro,Buena,Diurna,Buen Tiempo,Lateral,S/D,Atropello,Otro,Faltante,Ninguna,Sin restricción,POINT (-60.70128499999999 -32.8961773),"['Superi', 'Medrano']",2,Comandante José Superí; Medrano,-32.8961773,-60.70128499999999,55.0,538.0,Municipio Rosario,Municipio,Rosario,820210,Servicio de Catastro e Información Territorial,IGN
2012,13418,2012-09-24,Lunes,0.0,13:30:00,,0.0,2,"Automóvil,Transporte de Pasajeros Urbano (> 8 asientos)",Av. Provincias Unidas Y Marcos Paz,2,1,0,0,1,0,0,,Calle,,ROSARIO,Rosario,Asfalto,No existe,II,Dentro,Urbana,Semáforo,Funciona,Intersección,Bueno,Buena,Diurna,Buen Tiempo,De alcance,S/D,Colisión,S/D,Vertical,Barrera de hormigón,Sin restricción,POINT (-60.71267265 -32.93906135),"['Avenida Provincias Unidas', 'Marcos Paz']",2,Avenida Provincias Unidas; Marcos Paz,-32.93906135,-60.71267265,55.0,538.0,Municipio Rosario,Municipio,Rosario,820210,Servicio de Catastro e Información Territorial,IGN
2012,13419,2012-09-24,Lunes,0.0,02:10:00,,0.0,1,,Guatemala ,2,1,0,0,1,0,0,,Calle,,ROSARIO,Rosario,S/D,No existe,II,Dentro,Urbana,Marca Vial,No existe,Paso a Nivel FFCC,S/D,Buena,Nocturna,Buen Tiempo,S/D,S/D,Colisión,S/D,S/D,S/D,Sin restricción,"-32.9403043, -60.7172648",['Guatemala'],1,Guatemala,-32.9403043,-60.7172648,55.0,538.0,Municipio Rosario,Municipio,Rosario,820210,Servicio de Catastro e Información Territorial,IGN
2012,13423,2012-09-16,Domingo,0.0,11:00:00,,0.0,2,"Moto/Ciclomotor,Automóvil",Laplace Y Castagnino,2,1,0,0,1,0,0,,Calle,,ROSARIO,Rosario,Asfalto,No existe,II,Dentro,Urbana,Ninguna,No existe,Intersección,Bueno,Buena,Diurna,Buen Tiempo,Lateral,S/D,Colisión,Otro,Faltante,Ninguna,Sin restricción,POINT (-60.702454599999996 -32.89963500000001),"['Laplace', 'Castagnino']",2,Laplace; Castagnino,-32.89963500000001,-60.7024546,55.0,538.0,Municipio Rosario,Municipio,Rosario,820210,Servicio de Catastro e Información Territorial,IGN
2012,13425,2012-09-25,Martes,0.0,,,0.0,2,"Moto/Ciclomotor,Moto/Ciclomotor",Av. Provincias Unidas Y Montevideo,3,2,0,0,1,0,0,,Calle,,ROSARIO,Rosario,Asfalto,No existe,II,Dentro,Urbana,Semáforo,Funciona,Intersección,Bueno,Buena,S/D,Buen Tiempo,De alcance,S/D,Colisión,S/D,Vertical,Barrera de hormigón,Sin restricción,POINT (-60.71230545 -32.9474568),"['Avenida Provincias Unidas', 'Montevideo']",2,Avenida Provincias Unidas; Montevideo,-32.9474568,-60.71230545,55.0,538.0,Municipio Rosario,Municipio,Rosario,820210,Servicio de Catastro e Información Territorial,IGN
2012,13426,2012-09-23,Domingo,0.0,15:10:00,,0.0,2,"Moto/Ciclomotor,Automóvil",M.Perdriel Y Medrano,3,2,0,0,1,0,0,,Calle,,ROSARIO,Rosario,Asfalto,No existe,II,Dentro,Urbana,Ninguna,No existe,Intersección,Bueno,Buena,Diurna,Buen Tiempo,Lateral,S/D,Colisión,Otro,Faltante,Ninguna,Sin restricción,POINT (-60.7018464 -32.8943579),"['Perdriel', 'Medrano']",2,Perdriel; Medrano,-32.8943579,-60.7018464,55.0,538.0,Municipio Rosario,Municipio,Rosario,820210,Servicio de Catastro e Información Territorial,IGN
2012,13427,2012-09-26,Miercoles,0.0,13:30:00,,0.0,2,"Transporte Escolar,Moto/Ciclomotor",Campbell Y Derqui,2,1,0,0,1,0,0,,Calle,,ROSARIO,Rosario,Asfalto,No existe,II,Dentro,Urbana,Ninguna,No existe,Intersección,Bueno,Buena,Diurna,Buen Tiempo,S/D,S/D,Colisión,S/D,Horizontal,Ninguna,Sin restricción,POINT (-60.708047199999996 -32.937890599999996),"['Campbell', 'Derqui']",2,Campbell; Derqui,-32.9378906,-60.7080472,55.0,538.0,Municipio Rosario,Municipio,Rosario,820210,Servicio de Catastro e Información Territorial,IGN
2012,13441,2012-09-26,Miercoles,0.0,17:00:00,,0.0,2,"Automóvil,Automóvil",Mendoza Y Matienzo,2,1,0,0,1,0,0,,Calle,,ROSARIO,Rosario,Asfalto,No existe,II,Dentro,Urbana,Semáforo,Funciona,Intersección,Bueno,Buena,Diurna,Buen Tiempo,S/D,S/D,Colisión,S/D,Vertical,Barrera de hormigón,Sin restricción,POINT (-60.69463329999999 -32.9416846),"['Mendoza', 'Matienzo']",2,Mendoza; Benjamín Matienzo,-32.9416846,-60.69463329999999,55.0,538.0,Municipio Rosario,Municipio,Rosario,820210,Servicio de Catastro e Información Territorial,IGN
2012,13442,2012-09-17,Lunes,0.0,,,0.0,2,"Moto/Ciclomotor,Automóvil",de la salle  Y ecuador ,2,1,0,0,1,0,0,,Calle,,ROSARIO,Rosario,Asfalto,No existe,II,Dentro,Urbana,Ninguna,No existe,Recta,Bueno,Buena,S/D,Buen Tiempo,Frontal,S/D,Colisión,S/D,Horizontal,Barrera de hormigón,Sin restricción,POINT (-60.71575579999999 -32.9225625),"['De La Salle', 'Ecuador']",2,De La Salle; Ecuador,-32.9225625,-60.71575579999999,55.0,538.0,Municipio Rosario,Municipio,Rosario,820210,Servicio de Catastro e Información Territorial,IGN
2012,13443,2012-09-29,Sabado,0.0,05:45:00,,0.0,2,"Automóvil,Moto/Ciclomotor",Viamonte Y Barra,2,1,0,0,1,0,0,,Calle,,ROSARIO,Rosario,Asfalto,No existe,II,Dentro,Urbana,Ninguna,No existe,Intersección,Bueno,Buena,Con luz artificial,Buen Tiempo,S/D,S/D,Colisión,S/D,Horizontal,Ninguna,Sin restricción,POINT (-60.7061558 -32.9567583),"['Viamonte', 'Barra']",2,Viamonte; Barraco,-32.9567583,-60.7061558,55.0,538.0,Municipio Rosario,Municipio,Rosario,820210,Servicio de Catastro e Información Territorial,IGN
2012,13444,2012-09-18,Martes,0.0,,,0.0,2,"Bicicleta,Moto/Ciclomotor",Zuviria Y Benegas,2,1,0,0,0,0,1,,Calle,,ROSARIO,Rosario,Asfalto,No existe,II,Dentro,Urbana,S/D,No existe,Recta,Bueno,Buena,S/D,Buen Tiempo,S/D,S/D,Atropello,S/D,Horizontal,Barrera de hormigón,Sin restricción,POINT (-60.7285644 -32.93084009999998),"['Zuviría', 'Benegas']",2,Juez José María Zuviría; Benegas,-32.93084009999998,-60.7285644,55.0,538.0,Municipio Rosario,Municipio,Rosario,820210,Servicio de Catastro e Información Territorial,IGN
2012,13445,2012-09-23,Domingo,0.0,07:30:00,,0.0,2,"Moto/Ciclomotor,Ambulancia",Baigorria Y Avalos,3,1,0,0,2,0,0,,Calle,,ROSARIO,Rosario,Asfalto,No existe,II,Dentro,Urbana,Ninguna,No existe,Intersección,Bueno,Buena,Diurna,Buen Tiempo,Lateral,S/D,Colisión,Otro,S/D,Ninguna,Sin restricción,POINT (-60.708003549999994 -32.89377125),"['Baigorria', 'Ávalos']",2,Baigorria; Ávalos,-32.89377125,-60.70800355,55.0,538.0,Municipio Rosario,Municipio,Rosario,820210,Servicio de Catastro e Información Territorial,IGN
2012,13450,2012-09-05,Miercoles,0.0,18:00:00,,0.0,2,"Automóvil,Automóvil",Camino de los Granaderos 3000,4,2,1,0,1,0,0,,Calle,,ROSARIO,Rosario,Asfalto,S/D,II,Dentro,Urbana,Semáforo,Funciona,Cruce,Deteriorada,Buena,Atardecer,Buen Tiempo,Lateral,S/D,Colisión,S/D,Vertical,Barrera de hormigón,Sin restricción,"-32.8919864, -60.7065571",['Camino De Los Granaderos 3000'],1,Camino De Los Granaderos 3000,-32.8919864,-60.7065571,55.0,538.0,Municipio Rosario,Municipio,Rosario,820210,Servicio de Catastro e Información Territorial,IGN
2012,13459,2012-09-30,Domingo,0.0,03:50:00,,0.0,2,"Automóvil,Moto/Ciclomotor",Matienzo Y San Juan,3,1,0,0,2,0,0,,Calle,,ROSARIO,Rosario,Asfalto,No existe,II,Dentro,Urbana,Semáforo,Funciona,Intersección,Bueno,Buena,Diurna,Buen Tiempo,S/D,S/D,Colisión,S/D,Vertical,Ninguna,Sin restricción,POINT (-60.694659 -32.94064099999999),"['Matienzo', 'San Juan']",2,Benjamín Matienzo; San Juan,-32.94064099999999,-60.694659,55.0,538.0,Municipio Rosario,Municipio,Rosario,820210,Servicio de Catastro e Información Territorial,IGN
2012,13462,2012-09-20,Jueves,0.0,20:15:00,,0.0,2,"Bicicleta,Automóvil",junin  Y juan pablo segundo,2,1,0,0,1,0,0,,Calle,,ROSARIO,Rosario,Asfalto,No existe,II,Dentro,Urbana,S/D,No existe,Recta,Bueno,Buena,Diurna,Buen Tiempo,Frontal,S/D,Atropello,S/D,Horizontal,Barrera de hormigón,Sin restricción,POINT (-60.72282095 -32.927659399999996),"['Junín', 'Juan Pablo II']",2,Junín; Colectora Juan Pablo II,-32.9276594,-60.72282095,55.0,538.0,Municipio Rosario,Municipio,Rosario,820210,Servicio de Catastro e Información Territorial,IGN
2012,13464,2012-09-20,Jueves,0.0,08:30:00,,0.0,1,Bicicleta,J.J.Paso Y Venezuela,1,1,0,0,0,0,0,,Calle,,ROSARIO,Rosario,Asfalto,No existe,II,Dentro,Urbana,Ninguna,No existe,Recta,Bueno,Buena,Amanecer,Buen Tiempo,Contra objeto fijo,S/D,Colisión,S/D,Horizontal,Barrera de hormigón,Sin restricción,POINT (-60.7253695 -32.9205891),"['Paso', 'Venezuela']",2,Avenida Juan José Paso; Venezuela,-32.9205891,-60.7253695,55.0,538.0,Municipio Rosario,Municipio,Rosario,820210,Servicio de Catastro e Información Territorial,IGN
2012,13465,2012-09-23,Domingo,0.0,15:55:00,,0.0,2,"Moto/Ciclomotor,Moto/Ciclomotor",Av. Provincias Unidas Y Navarro,2,2,0,0,0,0,0,,Avenida,,ROSARIO,Rosario,Asfalto,No existe,II,Dentro,Urbana,S/D,Funciona,Recta,Bueno,Buena,Atardecer,Buen Tiempo,Frontal,S/D,Colisión,S/D,Vertical,Barrera de hormigón,Sin restricción,POINT (-60.713012649999996 -32.931526899999994),"['Avenida Provincias Unidas', 'Navarro']",2,Avenida Provincias Unidas; Navarro,-32.931526899999994,-60.71301265,55.0,538.0,Municipio Rosario,Municipio,Rosario,820210,Servicio de Catastro e Información Territorial,IGN
2012,13467,2012-09-30,Domingo,0.0,07:30:00,,0.0,2,"Automóvil,Automóvil",Av. Pellegrini Y Liniers,2,1,0,0,1,0,0,,Calle,,ROSARIO,Rosario,Asfalto,No existe,II,Dentro,Urbana,Semáforo,Funciona,Intersección,Bueno,Buena,Diurna,Buen Tiempo,Frontal,S/D,Colisión,S/D,Vertical,Guardarrail,Sin restricción,POINT (-60.69824345 -32.9482175),"['Pellegrini', 'Liniers']",2,"('Avenida Carlos Pellegrini', 'Liniers')",-32.9482175,-60.69824345,55.0,538.0,Municipio Rosario,Municipio,Rosario,820210,Servicio de Catastro e Información Territorial,IGN
2012,13470,2012-09-01,Sabado,0.0,20:30:00,,0.0,2,"Moto/Ciclomotor,Automóvil",Bv. 27 De Febrero Y Roullon,2,1,0,0,1,0,0,,Calle,,ROSARIO,Rosario,Asfalto,No existe,II,Dentro,Urbana,Ninguna,No existe,Intersección,Deteriorada,Reducida,Nocturna,Otro,Lateral,S/D,Colisión,Otro,Faltante,Ninguna,Sin restricción,POINT (-60.701486975 -32.959091599999994),"['27 de Febrero', 'Alfredo Rouillón']",2,Bulevar 27 de Febrero; Alfredo Rouillón,-32.959091599999994,-60.701486975,55.0,538.0,Municipio Rosario,Municipio,Rosario,820210,Servicio de Catastro e Información Territorial,IGN