anio_acci,nro_acci,fecha,desc_dia,fecha_aprox,hora_aprox,desc_ruta,km,cant_participantes,desc_participante,calle_avenida_km,total,heridos_leves,heridos_graves,heridos_gravisimos,ilesos,fallecidos,sin_datos,posicion_XY,desc_tipo_via,desc_ruta_ori,desc_loc,desc_dpto,desc_tipo_calzada,desc_tipo_banquina,desc_unidad_regional,desc_lugar_calzada,desc_zona,desc_prioridad,desc_estado_semaforo,desc_lugar_via,desc_estado_via,desc_estado_visibilidad,desc_luminosidad,desc_estado_clima,desc_tipo_colision,desc_tipo_atropello,desc_tipo_hecho,desc_pres_calzada,desc_senializacion,desc_separacion_via,desc_restriccion,forma_geocod,calle_lista,numero_calles,calles_osm,lat,lon,index_right,gid,fna,gna,nam,in1,fdc,sag
2012,13473,2012-09-05,Miercoles,0.0,12:30:00,,0.0,2,"Taxi/Remis,Moto/Ciclomotor",Casiano Casas 2021,2,1,0,0,1,0,0,,Calle,,ROSARIO,Rosario,Asfalto,S/D,II,Dentro,Urbana,S/D,S/D,Recta,Bueno,S/D,Diurna,Buen Tiempo,S/D,S/D,Colisión,S/D,S/D,S/D,S/D,"-32.896671551020404, -60.714865114285715",['Casiano Casas 2021'],1,Casiano Casas 2021,-32.896671551020404,-60.71486511428572,55.0,538.0,Municipio Rosario,Municipio,Rosario,820210,Servicio de Catastro e Información Territorial,IGN
2012,13474,2012-09-03,Lunes,0.0,19:30:00,,0.0,2,"Moto/Ciclomotor,Automóvil",Av. Pte.Peron Y F.More,2,1,0,0,1,0,0,,Calle,,ROSARIO,Rosario,Asfalto,S/D,II,Dentro,Urbana,Semáforo,Funciona,Intersección,Deteriorada,S/D,S/D,Otro,Lateral,S/D,Colisión,Otro,Vertical,Ninguna,Sin restricción,POINT (-60.69300505 -32.95869104999999),"['Avenida Presidente Perón', 'Felipe Moré']",2,Avenida Presidente Perón; Felipe Moré,-32.95869104999999,-60.69300505,55.0,538.0,Municipio Rosario,Municipio,Rosario,820210,Servicio de Catastro e Información Territorial,IGN
2012,13477,2012-09-04,Martes,0.0,18:50:00,,0.0,2,"Moto/Ciclomotor,Automóvil",Bv. Segui Y Barra,2,1,0,0,1,0,0,,Calle,,ROSARIO,Rosario,Asfalto,No existe,II,Dentro,Urbana,Ninguna,No existe,Intersección,Deteriorada,S/D,Atardecer,Otro,Lateral,S/D,Colisión,Otro,Faltante,Ninguna,Sin restricción,POINT (-60.70560545000001 -32.9708833),"['Bulevar Juan Francisco Seguí', 'Barra']",2,Bulevar Juan Francisco Seguí; Barraco,-32.9708833,-60.70560545000001,55.0,538.0,Municipio Rosario,Municipio,Rosario,820210,Servicio de Catastro e Información Territorial,IGN
2012,13478,2012-09-03,Lunes,0.0,,,0.0,3,"Automóvil,Automóvil,Automóvil",Mariano Moreno Y Santa Fe,4,2,0,0,2,0,0,,Calle,,ROSARIO,Rosario,S/D,S/D,II,Dentro,Urbana,S/D,S/D,Intersección,S/D,S/D,S/D,S/D,S/D,S/D,Colisión,S/D,S/D,S/D,S/D,POINT (-60.65025920000001 -32.942853299999996),"['Mariano Moreno', 'Santa Fe']",2,Mariano Moreno; Santa Fe,-32.9428533,-60.65025920000001,55.0,538.0,Municipio Rosario,Municipio,Rosario,820210,Servicio de Catastro e Información Territorial,IGN
2012,13480,2012-09-03,Lunes,0.0,20:30:00,,0.0,2,"Moto/Ciclomotor,Automóvil",Montevideo Y Entre Rios,3,1,0,0,1,0,1,,Calle,,ROSARIO,Rosario,Asfalto,S/D,II,Dentro,Urbana,S/D,S/D,Intersección,S/D,S/D,S/D,S/D,S/D,S/D,S/D,S/D,S/D,S/D,S/D,POINT (-60.6433635 -32.95563219999999),"['Montevideo', 'Entre Ríos']",2,Montevideo; Entre Ríos,-32.95563219999999,-60.6433635,55.0,538.0,Municipio Rosario,Municipio,Rosario,820210,Servicio de Catastro e Información Territorial,IGN
2012,13482,2012-09-03,Lunes,0.0,,,0.0,2,"Moto/Ciclomotor,Automóvil",Av. Pellegrini Y Mitre,2,1,0,0,1,0,0,,Calle,,ROSARIO,Rosario,Asfalto,S/D,II,Dentro,Urbana,S/D,S/D,Intersección,S/D,S/D,S/D,Buen Tiempo,Otro,S/D,Colisión,S/D,S/D,S/D,S/D,POINT (-60.642289899999994 -32.9570524),"['Pellegrini', 'Mitre']",2,Avenida Carlos Pellegrini; Bartolomé Mitre,-32.9570524,-60.6422899,55.0,538.0,Municipio Rosario,Municipio,Rosario,820210,Servicio de Catastro e Información Territorial,IGN
2012,13486,2012-09-09,Domingo,0.0,20:30:00,,0.0,2,"Moto/Ciclomotor,Automóvil",Ocampo Y Camilo Aldao,2,1,0,0,1,0,0,,Calle,,ROSARIO,Rosario,Asfalto,No existe,II,Dentro,Urbana,Ninguna,No existe,S/D,Deteriorada,S/D,Nocturna,Otro,Otro,S/D,Colisión,Otro,Faltante,Ninguna,Sin restricción,POINT (-60.6952706 -32.95756709999999),"['Ocampo', 'Camilo Aldao']",2,Ocampo; Camilo Aldao,-32.95756709999999,-60.6952706,55.0,538.0,Municipio Rosario,Municipio,Rosario,820210,Servicio de Catastro e Información Territorial,IGN
2012,13488,2012-09-10,Lunes,0.0,18:00:00,,0.0,2,"Moto/Ciclomotor,Automóvil",Roullon Y Dean Funes,2,1,0,0,1,0,0,,Calle,,ROSARIO,Rosario,Asfalto,No existe,II,Dentro,Urbana,Ninguna,No existe,Intersección,Deteriorada,S/D,Nocturna,Otro,Otro,S/D,Colisión,Otro,Faltante,Ninguna,Sin restricción,POINT (-60.701197300000004 -32.967172850000004),"['Alfredo Rouillón', 'Deán Gregorio Funes']",2,Alfredo Rouillón; Deán Gregorio Funes,-32.967172850000004,-60.7011973,55.0,538.0,Municipio Rosario,Municipio,Rosario,820210,Servicio de Catastro e Información Territorial,IGN
2012,13490,2012-09-17,Lunes,0.0,20:30:00,,0.0,2,"Bicicleta,Automóvil",Gaboto 5500,2,1,0,0,1,0,0,,S/D,,ROSARIO,Rosario,Asfalto,No existe,II,S/D,S/D,Ninguna,No existe,Intersección,Deteriorada,S/D,Nocturna,Otro,S/D,S/D,Atropello,Otro,Faltante,Ninguna,Sin restricción,"-32.964675, -60.6974774",['Gaboto 5500'],1,Gaboto 5500,-32.964675,-60.6974774,55.0,538.0,Municipio Rosario,Municipio,Rosario,820210,Servicio de Catastro e Información Territorial,IGN
2012,13491,2012-09-18,Martes,0.0,08:00:00,,0.0,2,"Automóvil,Automóvil",Garzon Y Av. Pte.Peron,3,2,0,0,0,0,1,,Calle,,ROSARIO,Rosario,Asfalto,No existe,II,Dentro,Urbana,Ninguna,No existe,S/D,Deteriorada,Buena,Con luz artificial,Otro,Contra objeto fijo,S/D,Colisión,Otro,Faltante,Ninguna,Sin restricción,POINT (-60.704697700000004 -32.96456135),"['Garzón', 'Avenida Presidente Perón']",2,Garzón; Avenida Presidente Perón,-32.96456135,-60.7046977,55.0,538.0,Municipio Rosario,Municipio,Rosario,820210,Servicio de Catastro e Información Territorial,IGN
2012,13494,2012-09-04,Martes,0.0,20:00:00,,0.0,2,"Taxi/Remis,Automóvil",Rioja Y Av. Corrientes,2,1,0,0,1,0,0,,Avenida,,ROSARIO,Rosario,S/D,S/D,II,Dentro,Urbana,S/D,S/D,Recta,S/D,S/D,Nocturna,S/D,Otro,S/D,Colisión,S/D,S/D,S/D,S/D,POINT (-60.6426087 -32.94686299999999),"['Rioja', 'Corrientes']",2,Rioja; Corrientes,-32.94686299999999,-60.6426087,55.0,538.0,Municipio Rosario,Municipio,Rosario,820210,Servicio de Catastro e Información Territorial,IGN
2012,13496,2012-09-19,Miercoles,0.0,19:20:00,,0.0,2,"Moto/Ciclomotor,Automóvil",Bv. 27 De Febrero Y Garzon,2,1,0,0,1,0,0,,S/D,,ROSARIO,Rosario,Asfalto,S/D,II,S/D,S/D,Ninguna,S/D,S/D,Deteriorada,S/D,S/D,S/D,Lateral,S/D,Colisión,Otro,S/D,Ninguna,Sin restricción,POINT (-60.70492065 -32.95918209999999),"['27 de Febrero', 'Garzón']",2,Bulevar 27 de Febrero; Garzón,-32.95918209999999,-60.70492065,55.0,538.0,Municipio Rosario,Municipio,Rosario,820210,Servicio de Catastro e Información Territorial,IGN
2012,13498,2012-09-03,Lunes,0.0,,,0.0,2,"Automóvil,Automóvil",Donado 1300,2,1,0,0,1,0,0,,Calle,,ROSARIO,Rosario,Asfalto,No existe,II,Dentro,Urbana,Ninguna,No existe,Intersección,Bueno,Buena,Diurna,Lluvia,Lateral,S/D,Colisión,Agua,Faltante,Vegetación,Sin restricción,"-32.9440526, -60.7269137",['Donado 1300'],1,Donado 1300,-32.9440526,-60.7269137,55.0,538.0,Municipio Rosario,Municipio,Rosario,820210,Servicio de Catastro e Información Territorial,IGN
2012,13499,2012-08-30,Jueves,0.0,21:00:00,,0.0,1,Moto/Ciclomotor,Martinez Estrada Y Donado,3,2,0,0,1,0,0,,Calle,,ROSARIO,Rosario,S/D,S/D,II,Dentro,Urbana,S/D,S/D,S/D,S/D,S/D,S/D,S/D,S/D,S/D,Colisión,S/D,S/D,S/D,S/D,POINT (-60.72830845 -32.91112455),"['Martinez Estrada', 'Donado']",2,Martinez Estrada; José Agustín Donado,-32.91112455,-60.72830845,55.0,538.0,Municipio Rosario,Municipio,Rosario,820210,Servicio de Catastro e Información Territorial,IGN
2012,13500,2012-09-05,Miercoles,0.0,16:30:00,,0.0,2,"Taxi/Remis,Automóvil",NN ,2,1,0,0,1,0,0,,S/D,,ROSARIO,Rosario,S/D,S/D,II,S/D,Urbana,S/D,S/D,Recta,Bueno,S/D,Diurna,S/D,S/D,S/D,Colisión,S/D,S/D,S/D,S/D,"-32.9593609, -60.6617024",['Nn'],1,Nn,-32.9593609,-60.6617024,55.0,538.0,Municipio Rosario,Municipio,Rosario,820210,Servicio de Catastro e Información Territorial,IGN
2012,13501,2012-09-01,Sabado,0.0,20:00:00,,0.0,2,"Moto/Ciclomotor,Automóvil",Pje. Newbery Y Donado,2,0,1,0,1,0,0,,Calle,,ROSARIO,Rosario,S/D,S/D,II,Dentro,Urbana,S/D,S/D,Intersección,S/D,S/D,Nocturna,S/D,S/D,S/D,Colisión,S/D,S/D,S/D,S/D,POINT (-60.728404966666666 -32.908371466666665),"['Newbery', 'Donado']",2,Pasaje Newbery; José Agustín Donado,-32.908371466666665,-60.728404966666666,55.0,538.0,Municipio Rosario,Municipio,Rosario,820210,Servicio de Catastro e Información Territorial,IGN
2012,13502,2012-09-06,Jueves,0.0,12:30:00,,0.0,2,"Peatón,Taxi/Remis",E.Zeballos Y Mitre,2,0,1,0,1,0,0,,Calle,,ROSARIO,Rosario,Asfalto,S/D,II,Dentro,Urbana,S/D,S/D,Intersección,S/D,S/D,Diurna,S/D,S/D,S/D,Atropello,S/D,S/D,S/D,S/D,POINT (-60.641725300000004 -32.95477609999999),"['Zeballos', 'Mitre']",2,Zeballos; Bartolomé Mitre,-32.95477609999999,-60.6417253,55.0,538.0,Municipio Rosario,Municipio,Rosario,820210,Servicio de Catastro e Información Territorial,IGN
2012,13504,2012-09-06,Jueves,0.0,09:00:00,,0.0,2,"Moto/Ciclomotor,Taxi/Remis",Rioja Y Bv. Oroño,2,1,0,0,1,0,0,,Avenida,,ROSARIO,Rosario,Asfalto,S/D,II,Dentro,Urbana,Semáforo,Funciona,Intersección,S/D,S/D,Diurna,S/D,Otro,S/D,Colisión,S/D,Vertical,S/D,Sin restricción,POINT (-60.65360565 -32.944843999999996),"['Rioja', 'Bulevar Nicasio Oroño']",2,Rioja; Bulevar Nicasio Oroño,-32.944844,-60.65360565,55.0,538.0,Municipio Rosario,Municipio,Rosario,820210,Servicio de Catastro e Información Territorial,IGN
2012,13505,2012-09-07,Viernes,0.0,13:30:00,,0.0,2,"Automóvil,Taxi/Remis",Bv. Oroño Y Av. Pellegrini,2,1,0,0,1,0,0,,Avenida,,ROSARIO,Rosario,Asfalto,S/D,II,Dentro,Urbana,S/D,S/D,Intersección,S/D,S/D,Diurna,S/D,Otro,S/D,Colisión,S/D,S/D,S/D,S/D,POINT (-60.656023850000004 -32.95457175),"['Bulevar Nicasio Oroño', 'Pellegrini']",2,Bulevar Nicasio Oroño; Avenida Carlos Pellegrini,-32.95457175,-60.65602385,55.0,538.0,Municipio Rosario,Municipio,Rosario,820210,Servicio de Catastro e Información Territorial,IGN
2012,13507,2012-09-08,Sabado,0.0,02:00:00,,0.0,2,"Automóvil,Automóvil",España Y 9 De Julio,4,1,0,0,3,0,0,,Calle,,ROSARIO,Rosario,Asfalto,S/D,II,Dentro,Urbana,S/D,S/D,Intersección,Bueno,S/D,Nocturna,S/D,Múltiple,S/D,Colisión,S/D,S/D,S/D,S/D,POINT (-60.6483514 -32.95237109999999),"['España', '9 de Julio']",2,España; 9 de Julio,-32.95237109999999,-60.6483514,55.0,538.0,Municipio Rosario,Municipio,Rosario,820210,Servicio de Catastro e Información Territorial,IGN
2012,13509,2012-09-06,Jueves,0.0,08:05:00,,0.0,2,"Automóvil,Automóvil",San Lorenzo Y Brasil,2,1,0,0,1,0,0,,Calle,,ROSARIO,Rosario,Asfalto,No existe,II,Dentro,Urbana,Ninguna,No existe,Recta,Deteriorada,Buena,Diurna,Buen Tiempo,Lateral,S/D,Colisión,S/D,Faltante,Cordón divisorio,Sin restricción,POINT (-60.719861300000005 -32.9347141),"['San Lorenzo', 'Brasil']",2,San Lorenzo; Brasil,-32.9347141,-60.719861300000005,55.0,538.0,Municipio Rosario,Municipio,Rosario,820210,Servicio de Catastro e Información Territorial,IGN
2012,13510,2012-09-09,Domingo,0.0,22:30:00,,0.0,2,"Moto/Ciclomotor,Automóvil",Brasil Y Urquiza,3,2,0,0,1,0,0,,Calle,,ROSARIO,Rosario,Asfalto,No existe,II,Dentro,Urbana,Ninguna,No existe,Intersección,Bueno,Buena,Nocturna,Buen Tiempo,Lateral,S/D,Colisión,S/D,Faltante,Cordón divisorio,Sin restricción,POINT (-60.71991859999999 -32.9336253),"['Brasil', 'Urquiza']",2,Brasil; Justo José de Urquiza,-32.9336253,-60.71991859999999,55.0,538.0,Municipio Rosario,Municipio,Rosario,820210,Servicio de Catastro e Información Territorial,IGN
2012,13512,2012-09-10,Lunes,0.0,12:10:00,,0.0,2,"Moto/Ciclomotor,Automóvil",España Y Santa Fe,2,1,0,0,0,0,1,,Calle,,ROSARIO,Rosario,Asfalto,S/D,II,Dentro,Urbana,Semáforo,Funciona,Intersección,S/D,S/D,Diurna,S/D,Otro,S/D,Colisión,S/D,Vertical,S/D,S/D,POINT (-60.6461476 -32.943604900000004),"['España', 'Santa Fe']",2,España; Santa Fe,-32.943604900000004,-60.6461476,55.0,538.0,Municipio Rosario,Municipio,Rosario,820210,Servicio de Catastro e Información Territorial,IGN
2012,13513,2012-09-10,Lunes,0.0,14:00:00,,0.0,2,"Moto/Ciclomotor,Automóvil",L.N.Alem Y Gaboto,2,1,0,0,1,0,0,,Calle,,ROSARIO,Rosario,Asfalto,No existe,II,Dentro,Urbana,Semáforo,Funciona,Intersección,Bueno,Buena,Diurna,Buen Tiempo,Lateral,S/D,Colisión,S/D,"Horizontal,Vertical",Ninguna,Sin restricción,POINT (-60.635075900000004 -32.9751272),"['Alem', 'Gaboto']",2,Leandro N. Alem; Gaboto,-32.9751272,-60.6350759,55.0,538.0,Municipio Rosario,Municipio,Rosario,820210,Servicio de Catastro e Información Territorial,IGN
2012,13515,2012-09-11,Martes,0.0,10:25:00,,0.0,2,"Automóvil,Pickup/Utilitario",Av. Pellegrini Y Bv. Oroño,3,1,0,0,2,0,0,,Avenida,,ROSARIO,Rosario,Asfalto,S/D,II,Dentro,Urbana,Semáforo,Funciona,Intersección,S/D,S/D,Diurna,S/D,Otro,S/D,Colisión,S/D,Vertical,S/D,S/D,POINT (-60.656023850000004 -32.95457175),"['Pellegrini', 'Bulevar Nicasio Oroño']",2,Avenida Carlos Pellegrini; Bulevar Nicasio Oroño,-32.95457175,-60.65602385,55.0,538.0,Municipio Rosario,Municipio,Rosario,820210,Servicio de Catastro e Información Territorial,IGN
2012,13517,2012-09-11,Martes,0.0,19:00:00,,0.0,2,"Automóvil,Automóvil",Paraguay Y San Luis,3,2,0,0,1,0,0,,Calle,,ROSARIO,Rosario,S/D,S/D,II,Dentro,Urbana,Semáforo,Funciona,Intersección,S/D,S/D,Atardecer,S/D,Otro,S/D,Colisión,S/D,S/D,S/D,S/D,POINT (-60.6443776 -32.94803569999999),"['Paraguay', 'San Luis']",2,Paraguay; San Luis,-32.94803569999999,-60.6443776,55.0,538.0,Municipio Rosario,Municipio,Rosario,820210,Servicio de Catastro e Información Territorial,IGN
2012,13519,2012-09-12,Miercoles,0.0,18:45:00,,0.0,2,"Automóvil,Taxi/Remis",Mitre 1200,5,3,0,0,2,0,0,,Calle,,ROSARIO,Rosario,Asfalto,S/D,II,Dentro,Urbana,S/D,S/D,Recta,S/D,Buena,Diurna,S/D,Otro,S/D,Colisión,S/D,S/D,S/D,S/D,"-32.9511689, -60.6408718",['Mitre 1200'],1,Mitre 1200,-32.9511689,-60.6408718,55.0,538.0,Municipio Rosario,Municipio,Rosario,820210,Servicio de Catastro e Información Territorial,IGN
2012,13520,2012-09-10,Lunes,0.0,12:00:00,,0.0,2,"Automóvil,Pickup/Utilitario",Buenos Aires Y Amenabar,2,1,0,0,1,0,0,,Calle,,ROSARIO,Rosario,Asfalto,No existe,II,Dentro,Urbana,Señal Pare,No existe,Intersección,Bueno,Buena,Diurna,Buen Tiempo,Lateral,S/D,Colisión,S/D,Vertical,Ninguna,Sin restricción,POINT (-60.639182299999995 -32.973197600000006),"['Buenos Aires', 'Amenabar']",2,Buenos Aires; José de Amenábar,-32.973197600000006,-60.6391823,55.0,538.0,Municipio Rosario,Municipio,Rosario,820210,Servicio de Catastro e Información Territorial,IGN
2012,13521,2012-09-12,Miercoles,0.0,16:40:00,,0.0,2,"Moto/Ciclomotor,Automóvil",Av. Pellegrini Y San Martin,2,1,0,0,1,0,0,,Avenida,,ROSARIO,Rosario,Asfalto,S/D,II,Dentro,Urbana,S/D,S/D,Intersección,S/D,S/D,Diurna,S/D,Otro,S/D,Colisión,S/D,S/D,S/D,S/D,POINT (-60.68038573333334 -32.9696798),"['Pellegrini', 'San Martin']",2,Avenida Carlos Pellegrini; José de San Martín,-32.9696798,-60.68038573333334,55.0,538.0,Municipio Rosario,Municipio,Rosario,820210,Servicio de Catastro e Información Territorial,IGN
2012,13522,2012-09-13,Jueves,0.0,16:15:00,,0.0,2,"Peatón,Automóvil",3 De Febrero Y Dorrego,2,0,1,0,1,0,0,,Calle,,ROSARIO,Rosario,Asfalto,S/D,II,Dentro,Urbana,S/D,S/D,Intersección,S/D,S/D,Diurna,S/D,Otro,S/D,Atropello,S/D,S/D,S/D,S/D,POINT (-60.65079089999999 -32.9508141),"['3 de Febrero', 'Dorrego']",2,3 de Febrero; Manuel Dorrego,-32.9508141,-60.65079089999999,55.0,538.0,Municipio Rosario,Municipio,Rosario,820210,Servicio de Catastro e Información Territorial,IGN
2012,13523,2012-09-11,Martes,0.0,20:00:00,,0.0,2,"Moto/Ciclomotor,Moto/Ciclomotor",Necochea Y 24 De Setiembre,3,1,0,0,0,0,2,,Calle,,ROSARIO,Rosario,Asfalto,No existe,II,Dentro,Urbana,Marca Vial,No existe,Intersección,Bueno,Buena,"Nocturna,Con luz artificial",Buen Tiempo,Lateral,S/D,Colisión,S/D,Vertical,Línea divisoria pintada,Sin restricción,POINT (-60.63268289999999 -32.982739900000006),"['Necochea', '24 de Septiembre']",2,Necochea; 24 de Septiembre,-32.982739900000006,-60.63268289999999,55.0,538.0,Municipio Rosario,Municipio,Rosario,820210,Servicio de Catastro e Información Territorial,IGN
2012,13524,2012-09-11,Martes,0.0,12:10:00,,0.0,4,"Peatón,Peatón,Peatón,Automóvil",Centeno Y Beruti,4,3,0,0,1,0,0,,Calle,,ROSARIO,Rosario,Asfalto,No existe,II,Dentro,Urbana,Marca Vial,No existe,Recta,Bueno,Buena,Diurna,Buen Tiempo,Otro,S/D,Atropello,S/D,Vertical,Ninguna,Sin restricción,POINT (-60.629729600000005 -32.98804949999998),"['Centeno', 'Luis Beruti']",2,Coronel Centeno; Luis Beruti,-32.98804949999998,-60.629729600000005,55.0,538.0,Municipio Rosario,Municipio,Rosario,820210,Servicio de Catastro e Información Territorial,IGN
2012,13526,2012-09-11,Martes,0.0,22:45:00,,0.0,2,"Moto/Ciclomotor,Automóvil",Ayolas Y Colon,3,0,1,0,1,0,1,,Calle,,ROSARIO,Rosario,Asfalto,No existe,II,S/D,Urbana,Semáforo,Funciona,Intersección,Bueno,Buena,"Nocturna,Con luz artificial",Buen Tiempo,Lateral,S/D,Colisión,S/D,Horizontal,Ninguna,Sin restricción,POINT (-60.633159899999995 -32.97906139999999),"['Ayolas', 'Colon']",2,Ayolas; Cristóbal Colón,-32.97906139999999,-60.6331599,55.0,538.0,Municipio Rosario,Municipio,Rosario,820210,Servicio de Catastro e Información Territorial,IGN
2012,13527,2012-09-11,Martes,0.0,07:15:00,,0.0,2,"Moto/Ciclomotor,Otros",Grandoli 4000,2,1,0,0,0,0,1,,Calle,,ROSARIO,Rosario,Asfalto,No existe,II,Dentro,Urbana,Marca Vial,No existe,Recta,Bueno,Buena,Diurna,Buen Tiempo,Lateral,S/D,Colisión,S/D,Vertical,Cordón divisorio,Sin restricción,"-32.9869604, -60.6284509",['Grandoli 4000'],1,Grandoli 4000,-32.9869604,-60.6284509,55.0,538.0,Municipio Rosario,Municipio,Rosario,820210,Servicio de Catastro e Información Territorial,IGN
2012,13529,2012-09-13,Jueves,0.0,07:40:00,,0.0,2,"Automóvil,Pickup/Utilitario",Virasoro Y Chacabuco,4,2,0,0,2,0,0,,Calle,,ROSARIO,Rosario,Asfalto,No existe,II,Dentro,Urbana,Marca Vial,No existe,Intersección,Bueno,Buena,Diurna,Buen Tiempo,Lateral,S/D,Colisión,S/D,Vertical,Ninguna,Sin restricción,POINT (-60.6287142 -32.97265610000001),"['Virasoro', 'Chacabuco']",2,Benjamín Virasoro; Chacabuco,-32.97265610000001,-60.6287142,55.0,538.0,Municipio Rosario,Municipio,Rosario,820210,Servicio de Catastro e Información Territorial,IGN
2012,13551,2012-09-13,Jueves,0.0,13:10:00,,0.0,2,"Bicicleta,Automóvil",Dorrego 1300,2,1,0,0,1,0,0,,Calle,,ROSARIO,Rosario,S/D,S/D,II,Dentro,Urbana,S/D,S/D,Recta,S/D,S/D,Diurna,S/D,S/D,S/D,Atropello,S/D,S/D,S/D,S/D,"-32.9507142, -60.6508229",['Dorrego 1300'],1,Dorrego 1300,-32.9507142,-60.6508229,55.0,538.0,Municipio Rosario,Municipio,Rosario,820210,Servicio de Catastro e Información Territorial,IGN
2012,13555,2012-09-13,Jueves,0.0,09:30:00,,0.0,3,"Taxi/Remis,Automóvil,Automóvil",Av. Pellegrini Y Pte.Roca,3,0,1,0,2,0,0,,Avenida,,ROSARIO,Rosario,Asfalto,S/D,II,Dentro,Urbana,S/D,S/D,Intersección,S/D,S/D,Diurna,S/D,S/D,S/D,Colisión,S/D,S/D,S/D,S/D,POINT (-60.6478283 -32.95605889999999),"['Pellegrini', 'Roca']",2,Avenida Carlos Pellegrini; Presidente Roca,-32.95605889999999,-60.6478283,55.0,538.0,Municipio Rosario,Municipio,Rosario,820210,Servicio de Catastro e Información Territorial,IGN
2012,13557,2012-09-13,Jueves,0.0,10:15:00,,0.0,2,"Moto/Ciclomotor,Automóvil",Italia Y Montevideo,2,1,0,0,1,0,0,,Calle,,ROSARIO,Rosario,Asfalto,S/D,II,Dentro,Urbana,S/D,S/D,Intersección,Bueno,S/D,Diurna,S/D,S/D,S/D,Colisión,S/D,S/D,S/D,S/D,POINT (-60.6503083 -32.954403599999985),"['Italia', 'Montevideo']",2,Italia; Montevideo,-32.954403599999985,-60.6503083,55.0,538.0,Municipio Rosario,Municipio,Rosario,820210,Servicio de Catastro e Información Territorial,IGN
2012,13558,2012-09-14,Viernes,0.0,,,0.0,2,"Moto/Ciclomotor,Automóvil",3 De Febrero Y Italia,2,1,0,0,1,0,0,,Calle,,ROSARIO,Rosario,Asfalto,S/D,II,Dentro,Urbana,S/D,S/D,Intersección,S/D,S/D,S/D,S/D,S/D,S/D,Colisión,S/D,S/D,S/D,S/D,POINT (-60.6494628 -32.95104619999999),"['3 de Febrero', 'Italia']",2,3 de Febrero; Italia,-32.95104619999999,-60.6494628,55.0,538.0,Municipio Rosario,Municipio,Rosario,820210,Servicio de Catastro e Información Territorial,IGN
2012,13559,2012-09-14,Viernes,0.0,19:40:00,,0.0,2,"Moto/Ciclomotor,Automóvil",9 De Julio Y Italia,2,1,0,0,1,0,0,,Calle,,ROSARIO,Rosario,Asfalto,S/D,II,Dentro,Urbana,S/D,S/D,Intersección,S/D,S/D,Atardecer,S/D,S/D,S/D,Colisión,S/D,S/D,S/D,S/D,POINT (-60.649733700000006 -32.95212239999999),"['9 de Julio', 'Italia']",2,9 de Julio; Italia,-32.95212239999999,-60.649733700000006,55.0,538.0,Municipio Rosario,Municipio,Rosario,820210,Servicio de Catastro e Información Territorial,IGN
2012,13562,2012-09-16,Domingo,0.0,13:00:00,,0.0,2,"Moto/Ciclomotor,Pickup/Utilitario",Garay Y Colon,3,2,0,0,1,0,0,,Calle,,ROSARIO,Rosario,Asfalto,No existe,II,Dentro,Urbana,Marca Vial,No existe,Intersección,Bueno,Buena,Diurna,Buen Tiempo,Lateral,S/D,Colisión,S/D,Vertical,Ninguna,Sin restricción,POINT (-60.6325871 -32.9767591),"['Garay', 'Colon']",2,Juan de Garay; Cristóbal Colón,-32.9767591,-60.6325871,55.0,538.0,Municipio Rosario,Municipio,Rosario,820210,Servicio de Catastro e Información Territorial,IGN
2012,13564,2012-09-17,Lunes,0.0,11:00:00,,0.0,2,"Bicicleta,Automóvil",Necochea Y Gaboto,2,1,0,0,0,0,1,,Calle,,ROSARIO,Rosario,Asfalto,No existe,II,Dentro,Urbana,Marca Vial,No existe,Intersección,Bueno,Buena,Diurna,Buen Tiempo,Otro,S/D,Atropello,S/D,Vertical,Ninguna,Sin restricción,POINT (-60.630944 -32.97584009999999),"['Necochea', 'Gaboto']",2,Necochea; Gaboto,-32.97584009999999,-60.630944,55.0,538.0,Municipio Rosario,Municipio,Rosario,820210,Servicio de Catastro e Información Territorial,IGN
2012,13565,2012-09-22,Sabado,0.0,18:30:00,,0.0,2,"Moto/Ciclomotor,Automóvil",Chacabuco Y Gaboto,4,4,0,0,0,0,0,,Calle,,ROSARIO,Rosario,Asfalto,No existe,II,S/D,Urbana,Marca Vial,No existe,Intersección,Bueno,Buena,Atardecer,Buen Tiempo,Lateral,S/D,Colisión,S/D,Vertical,Línea divisoria pintada,Sin restricción,POINT (-60.6295639 -32.976079299999995),"['Chacabuco', 'Gaboto']",2,Chacabuco; Gaboto,-32.976079299999995,-60.6295639,55.0,538.0,Municipio Rosario,Municipio,Rosario,820210,Servicio de Catastro e Información Territorial,IGN
2012,13566,2012-09-22,Sabado,0.0,17:00:00,,0.0,2,"Moto/Ciclomotor,Automóvil",Centeno Y Beruti,3,2,0,0,1,0,0,,Calle,,ROSARIO,Rosario,Asfalto,No existe,II,Dentro,Urbana,Marca Vial,No existe,Intersección,Bueno,Buena,Diurna,Buen Tiempo,Lateral,S/D,Colisión,S/D,Vertical,Línea divisoria pintada,Sin restricción,POINT (-60.629729600000005 -32.98804949999998),"['Centeno', 'Luis Beruti']",2,Coronel Centeno; Luis Beruti,-32.98804949999998,-60.629729600000005,55.0,538.0,Municipio Rosario,Municipio,Rosario,820210,Servicio de Catastro e Información Territorial,IGN