anio_acci,nro_acci,fecha,desc_dia,fecha_aprox,hora_aprox,desc_ruta,km,cant_participantes,desc_participante,calle_avenida_km,total,heridos_leves,heridos_graves,heridos_gravisimos,ilesos,fallecidos,sin_datos,posicion_XY,desc_tipo_via,desc_ruta_ori,desc_loc,desc_dpto,desc_tipo_calzada,desc_tipo_banquina,desc_unidad_regional,desc_lugar_calzada,desc_zona,desc_prioridad,desc_estado_semaforo,desc_lugar_via,desc_estado_via,desc_estado_visibilidad,desc_luminosidad,desc_estado_clima,desc_tipo_colision,desc_tipo_atropello,desc_tipo_hecho,desc_pres_calzada,desc_senializacion,desc_separacion_via,desc_restriccion,forma_geocod,calle_lista,numero_calles,calles_osm,lat,lon,index_right,gid,fna,gna,nam,in1,fdc,sag
2012,13569,2012-09-22,Sabado,0.0,08:30:00,,0.0,2,"Moto/Ciclomotor,Automóvil",Ayacucho Y Rueda,3,2,0,0,1,0,0,,Calle,,ROSARIO,Rosario,Asfalto,No existe,II,Dentro,Urbana,Marca Vial,No existe,Intersección,Bueno,Buena,Diurna,Buen Tiempo,Lateral,S/D,Colisión,S/D,Vertical,Línea divisoria pintada,Sin restricción,POINT (-60.6331082 -32.9730883),"['Ayacucho', 'Rueda']",2,Ayacucho; Rueda,-32.9730883,-60.6331082,55.0,538.0,Municipio Rosario,Municipio,Rosario,820210,Servicio de Catastro e Información Territorial,IGN
2012,13571,2012-09-17,Lunes,0.0,05:30:00,,0.0,2,"Automóvil,Automóvil",Italia Y Rioja,3,1,0,0,2,0,0,,Calle,,ROSARIO,Rosario,Asfalto,S/D,II,Dentro,Urbana,S/D,S/D,Intersección,S/D,S/D,Nocturna,S/D,Otro,S/D,Colisión,S/D,S/D,S/D,S/D,POINT (-60.6481592 -32.945870500000005),"['Italia', 'Rioja']",2,Italia; Rioja,-32.945870500000005,-60.6481592,55.0,538.0,Municipio Rosario,Municipio,Rosario,820210,Servicio de Catastro e Información Territorial,IGN
2012,13575,2012-09-23,Domingo,0.0,00:15:00,,0.0,2,"Moto/Ciclomotor,Automóvil",Grandoli Y Centeno,3,2,0,0,1,0,0,,Calle,,ROSARIO,Rosario,Asfalto,No existe,II,Dentro,Urbana,Marca Vial,No existe,Intersección,Bueno,Buena,"Nocturna,Con luz artificial",Buen Tiempo,Lateral,S/D,Colisión,S/D,Vertical,Cordón divisorio,Sin restricción,POINT (-60.62837625 -32.98829645000001),"['Avenida Abanderado Grandoli', 'Centeno']",2,Avenida Abanderado Grandoli; Coronel Centeno,-32.98829645000001,-60.62837625,55.0,538.0,Municipio Rosario,Municipio,Rosario,820210,Servicio de Catastro e Información Territorial,IGN
2012,13576,2012-09-18,Martes,0.0,13:00:00,,0.0,2,"Automóvil,Automóvil",San Luis Y Mariano Moreno,3,1,0,0,2,0,0,,Calle,,ROSARIO,Rosario,Asfalto,S/D,II,Dentro,Urbana,S/D,S/D,Intersección,Bueno,Buena,Diurna,S/D,S/D,S/D,Colisión,S/D,S/D,S/D,S/D,POINT (-60.6512659 -32.94680389999999),"['San Luis', 'Mariano Moreno']",2,San Luis; Mariano Moreno,-32.94680389999999,-60.6512659,55.0,538.0,Municipio Rosario,Municipio,Rosario,820210,Servicio de Catastro e Información Territorial,IGN
2012,13583,2012-09-23,Domingo,0.0,12:15:00,,0.0,2,"Otros,Automóvil",Bv. Segui Y Laprida,3,1,0,0,2,0,0,,Avenida,,ROSARIO,Rosario,Asfalto,No existe,II,S/D,Urbana,Marca Vial,No existe,Intersección,Bueno,Buena,Diurna,Buen Tiempo,Lateral,S/D,Colisión,S/D,Vertical,Vegetación,Sin restricción,POINT (-60.64243230000001 -32.97979135),"['Bulevar Juan Francisco Seguí', 'Laprida']",2,Bulevar Juan Francisco Seguí; Francisco Narciso Laprida,-32.97979135,-60.64243230000001,55.0,538.0,Municipio Rosario,Municipio,Rosario,820210,Servicio de Catastro e Información Territorial,IGN
2012,13584,2012-09-20,Jueves,0.0,12:45:00,,0.0,2,"Automóvil,Automóvil",Av. Pellegrini Y Av. Corrientes,2,1,0,0,1,0,0,,Avenida,,ROSARIO,Rosario,Asfalto,S/D,II,Dentro,Urbana,S/D,S/D,Intersección,S/D,S/D,Diurna,S/D,Otro,S/D,Colisión,S/D,S/D,S/D,S/D,POINT (-60.645055850000006 -32.95655624999999),"['Pellegrini', 'Corrientes']",2,Avenida Carlos Pellegrini; Corrientes,-32.95655624999999,-60.645055850000006,55.0,538.0,Municipio Rosario,Municipio,Rosario,820210,Servicio de Catastro e Información Territorial,IGN
2012,13585,2012-09-21,Viernes,0.0,09:30:00,,0.0,2,"Bicicleta,Automóvil",España Y Montevideo,2,0,1,0,1,0,0,,Calle,,ROSARIO,Rosario,Asfalto,S/D,II,Dentro,Urbana,S/D,S/D,Intersección,Bueno,S/D,Diurna,Buen Tiempo,Otro,S/D,Atropello,S/D,S/D,S/D,S/D,POINT (-60.648924400000006 -32.9546495),"['España', 'Montevideo']",2,España; Montevideo,-32.9546495,-60.648924400000006,55.0,538.0,Municipio Rosario,Municipio,Rosario,820210,Servicio de Catastro e Información Territorial,IGN
2012,13588,2012-09-29,Sabado,0.0,15:30:00,,0.0,2,"Automóvil,Moto/Ciclomotor",Av. Provincias Unidas Y Derqui,3,2,0,0,0,1,0,,Avenida,,ROSARIO,Rosario,Hormigón,No existe,II,Dentro,Urbana,Ninguna,No existe,Intersección,Bueno,Buena,Diurna,Buen Tiempo,S/D,S/D,Colisión,S/D,Vertical,Barrera de hormigón,Sin restricción,POINT (-60.71271935 -32.93803875),"['Avenida Provincias Unidas', 'Derqui']",2,Avenida Provincias Unidas; Derqui,-32.93803875,-60.71271935,55.0,538.0,Municipio Rosario,Municipio,Rosario,820210,Servicio de Catastro e Información Territorial,IGN
2012,13591,2012-09-26,Miercoles,0.0,,,0.0,2,"Moto/Ciclomotor,Automóvil",Italia Y Cordoba,3,2,0,0,0,0,1,,S/D,,ROSARIO,Rosario,Asfalto,S/D,II,S/D,S/D,S/D,S/D,Intersección,S/D,S/D,S/D,S/D,S/D,S/D,Colisión,S/D,S/D,S/D,S/D,POINT (-60.647863199999996 -32.944685),"['Italia', 'Córdoba']",2,Italia; Córdoba,-32.944685,-60.6478632,55.0,538.0,Municipio Rosario,Municipio,Rosario,820210,Servicio de Catastro e Información Territorial,IGN
2012,13630,2012-09-26,Miercoles,0.0,,,0.0,2,"Taxi/Remis,Automóvil",San Juan Y Bv. Oroño,2,1,0,0,1,0,0,,S/D,,ROSARIO,Rosario,S/D,S/D,II,S/D,Urbana,S/D,S/D,Intersección,S/D,S/D,Diurna,Buen Tiempo,Otro,S/D,Colisión,S/D,S/D,S/D,S/D,POINT (-60.6542222 -32.947453949999996),"['San Juan', 'Bulevar Nicasio Oroño']",2,San Juan; Bulevar Nicasio Oroño,-32.94745395,-60.6542222,55.0,538.0,Municipio Rosario,Municipio,Rosario,820210,Servicio de Catastro e Información Territorial,IGN
2012,13632,2012-09-26,Miercoles,0.0,18:10:00,,0.0,3,"Moto/Ciclomotor,Automóvil,Automóvil",Entre Rios Y Rioja,3,1,0,0,2,0,0,,S/D,,ROSARIO,Rosario,Asfalto,S/D,II,S/D,Urbana,S/D,S/D,Recta,S/D,S/D,Diurna,Buen Tiempo,Otro,S/D,Colisión,S/D,S/D,S/D,S/D,POINT (-60.6412382 -32.947131699999986),"['Entre Ríos', 'Rioja']",2,Entre Ríos; Rioja,-32.947131699999986,-60.6412382,55.0,538.0,Municipio Rosario,Municipio,Rosario,820210,Servicio de Catastro e Información Territorial,IGN
2012,13640,2012-09-26,Miercoles,0.0,,,0.0,2,"Moto/Ciclomotor,Automóvil",Bv. Oroño Y E.Zeballos,3,1,0,0,2,0,0,,S/D,,ROSARIO,Rosario,Asfalto,S/D,II,S/D,S/D,S/D,S/D,Intersección,Bueno,S/D,Diurna,S/D,S/D,S/D,Colisión,S/D,S/D,S/D,S/D,POINT (-60.65545645 -32.952284000000006),"['Bulevar Nicasio Oroño', 'Zeballos']",2,Bulevar Nicasio Oroño; Zeballos,-32.952284000000006,-60.65545645,55.0,538.0,Municipio Rosario,Municipio,Rosario,820210,Servicio de Catastro e Información Territorial,IGN
2012,13641,2012-09-28,Viernes,0.0,18:05:00,,0.0,2,"Automóvil,Automóvil",Sarmiento Y Av. Pellegrini,3,2,0,0,1,0,0,,S/D,,ROSARIO,Rosario,Asfalto,Pavimento,II,S/D,Urbana,S/D,S/D,Intersección,Bueno,Buena,Diurna,Buen Tiempo,Otro,S/D,Colisión,S/D,S/D,S/D,S/D,POINT (-60.6408663 -32.95730775),"['Sarmiento', 'Pellegrini']",2,Sarmiento; Avenida Carlos Pellegrini,-32.95730775,-60.6408663,55.0,538.0,Municipio Rosario,Municipio,Rosario,820210,Servicio de Catastro e Información Territorial,IGN
2012,13642,2012-09-28,Viernes,0.0,16:40:00,,0.0,2,"Moto/Ciclomotor,Automóvil",Bv. Oroño Y 9 De Julio,2,1,0,0,0,0,1,,S/D,,ROSARIO,Rosario,Asfalto,S/D,II,S/D,Urbana,S/D,S/D,Recta,Bueno,S/D,Diurna,S/D,Otro,S/D,Colisión,S/D,S/D,S/D,S/D,POINT (-60.65516625 -32.95114735),"['Bulevar Nicasio Oroño', '9 de Julio']",2,Bulevar Nicasio Oroño; 9 de Julio,-32.95114735,-60.65516625,55.0,538.0,Municipio Rosario,Municipio,Rosario,820210,Servicio de Catastro e Información Territorial,IGN
2012,13645,2012-09-19,Miercoles,0.0,,,0.0,2,"Moto/Ciclomotor,Automóvil",Bv. Oroño Y E.Zeballos,3,2,0,0,1,0,0,,S/D,,ROSARIO,Rosario,Asfalto,S/D,II,S/D,Urbana,S/D,S/D,Intersección,Bueno,S/D,Diurna,S/D,Otro,S/D,Colisión,S/D,S/D,S/D,S/D,POINT (-60.65545645 -32.952284000000006),"['Bulevar Nicasio Oroño', 'Zeballos']",2,Bulevar Nicasio Oroño; Zeballos,-32.952284000000006,-60.65545645,55.0,538.0,Municipio Rosario,Municipio,Rosario,820210,Servicio de Catastro e Información Territorial,IGN
2012,13648,2012-09-29,Sabado,0.0,21:15:00,,0.0,2,"Automóvil,Automóvil",San Juan Y Dorrego,3,1,0,0,2,0,0,,S/D,,ROSARIO,Rosario,Asfalto,S/D,II,S/D,Urbana,S/D,S/D,Intersección,S/D,Buena,Nocturna,S/D,S/D,S/D,Colisión,S/D,S/D,S/D,S/D,POINT (-60.650125 -32.948187199999985),"['San Juan', 'Dorrego']",2,"('San Juan', 'Manuel Dorrego')",-32.948187199999985,-60.650125,55.0,538.0,Municipio Rosario,Municipio,Rosario,820210,Servicio de Catastro e Información Territorial,IGN
2012,13651,2012-09-24,Lunes,0.0,19:00:00,,0.0,2,"Bicicleta,Automóvil",Buenos Aires Y 24 De Setiembre,2,1,0,0,1,0,0,,Calle,,ROSARIO,Rosario,Asfalto,No existe,II,S/D,Urbana,Marca Vial,No existe,Intersección,Bueno,Buena,"Atardecer,Con luz artificial",Buen Tiempo,Otro,S/D,Atropello,S/D,Vertical,Línea divisoria pintada,Sin restricción,POINT (-60.6411925 -32.98113024999999),"['Buenos Aires', '24 de Septiembre']",2,Buenos Aires; 24 de Septiembre,-32.98113024999999,-60.6411925,55.0,538.0,Municipio Rosario,Municipio,Rosario,820210,Servicio de Catastro e Información Territorial,IGN
2012,13653,2012-09-21,Viernes,0.0,17:00:00,,0.0,3,"Automóvil,Automóvil,Automóvil",Bv. Oroño Y Tucuman,4,1,0,0,3,0,0,,Avenida,,ROSARIO,Rosario,Asfalto,No existe,II,Dentro,Urbana,Ninguna,No existe,Intersección,Bueno,Buena,Diurna,Buen Tiempo,Múltiple,S/D,Colisión,S/D,Faltante,Ninguna,Sin restricción,POINT (-60.6521219 -32.9390762),"['Bulevar Nicasio Oroño', 'Tucumán']",2,Bulevar Nicasio Oroño; Tucumán,-32.9390762,-60.6521219,55.0,538.0,Municipio Rosario,Municipio,Rosario,820210,Servicio de Catastro e Información Territorial,IGN
2012,13654,2012-09-25,Martes,0.0,17:30:00,,0.0,2,"Moto/Ciclomotor,Automóvil",J.M.de Rosas Y Bv. Segui,4,3,0,0,0,0,1,,Calle,,ROSARIO,Rosario,Asfalto,No existe,II,Dentro,Urbana,Marca Vial,No existe,Intersección,Bueno,Buena,Atardecer,Buen Tiempo,Lateral,S/D,Colisión,S/D,Vertical,Vegetación,Sin restricción,POINT (-60.63947580000001 -32.98032074999999),"['De Rosas', 'Bulevar Juan Francisco Seguí']",2,Juan Manuel de Rosas; Bulevar Juan Francisco Seguí,-32.98032074999999,-60.63947580000001,55.0,538.0,Municipio Rosario,Municipio,Rosario,820210,Servicio de Catastro e Información Territorial,IGN
2012,13657,2012-09-25,Martes,0.0,07:10:00,,0.0,2,"Automóvil,Automóvil",Laprida Y Saavedra,2,1,0,0,1,0,0,,Calle,,ROSARIO,Rosario,Asfalto,No existe,II,Dentro,Urbana,Marca Vial,No existe,Intersección,Bueno,Buena,Diurna,Buen Tiempo,Lateral,S/D,Colisión,S/D,Vertical,Línea divisoria pintada,Sin restricción,POINT (-60.6421496 -32.978662299999996),"['Laprida', 'Saavedra']",2,Francisco Narciso Laprida; Saavedra,-32.9786623,-60.6421496,55.0,538.0,Municipio Rosario,Municipio,Rosario,820210,Servicio de Catastro e Información Territorial,IGN
2012,13659,2012-09-03,Lunes,0.0,05:15:00,,0.0,1,Automóvil,Brown 2100,4,3,1,0,0,0,0,,Calle,,ROSARIO,Rosario,Asfalto,No existe,II,Dentro,Urbana,Ninguna,No existe,Recta,Bueno,Buena,Nocturna,Buen Tiempo,Contra objeto fijo,S/D,Colisión,S/D,Faltante,S/D,Sin restricción,"-32.9346205, -60.6494409",['Brown 2100'],1,Brown 2100,-32.9346205,-60.6494409,55.0,538.0,Municipio Rosario,Municipio,Rosario,820210,Servicio de Catastro e Información Territorial,IGN
2012,13660,2012-09-16,Domingo,0.0,20:00:00,,0.0,2,"Automóvil,Moto/Ciclomotor",Av. Pellegrini Y Gutenberg,3,1,0,0,2,0,0,,Avenida,,ROSARIO,Rosario,Asfalto,S/D,II,Dentro,Urbana,S/D,S/D,Intersección,S/D,S/D,Nocturna,S/D,S/D,S/D,Colisión,S/D,S/D,Cordón divisorio,S/D,POINT (-60.690030349999994 -32.94847924999999),"['Pellegrini', 'Gutenberg']",2,Avenida Carlos Pellegrini; Gutenberg,-32.94847924999999,-60.69003035,55.0,538.0,Municipio Rosario,Municipio,Rosario,820210,Servicio de Catastro e Información Territorial,IGN
2012,13661,2012-09-25,Martes,0.0,21:15:00,,0.0,2,"Moto/Ciclomotor,Automóvil",1 de Mayo Y Amenabar,2,1,0,0,1,0,0,,Calle,,ROSARIO,Rosario,Asfalto,No existe,II,Dentro,Urbana,Marca Vial,No existe,Intersección,Bueno,Buena,"Nocturna,Con luz artificial",Buen Tiempo,Lateral,S/D,Colisión,S/D,Vertical,Línea divisoria pintada,Sin restricción,POINT (-60.636153699999994 -32.9737473),"['Primero de Mayo', 'Amenabar']",2,Primero de Mayo; José de Amenábar,-32.9737473,-60.6361537,55.0,538.0,Municipio Rosario,Municipio,Rosario,820210,Servicio de Catastro e Información Territorial,IGN
2012,13663,2012-09-01,Sabado,0.0,05:10:00,,0.0,2,"Automóvil,Moto/Ciclomotor",9 De Julio Y Av. Francia,3,1,1,0,0,0,1,,Avenida,,ROSARIO,Rosario,Asfalto,S/D,II,Dentro,Urbana,S/D,S/D,Intersección,S/D,S/D,S/D,S/D,S/D,S/D,S/D,S/D,S/D,Cordón divisorio,S/D,POINT (-60.667391450000004 -32.948979),"['9 de Julio', 'Avenida Francia']",2,9 de Julio; Avenida Francia,-32.948979,-60.66739145,55.0,538.0,Municipio Rosario,Municipio,Rosario,820210,Servicio de Catastro e Información Territorial,IGN
2012,13667,2012-09-17,Lunes,0.0,,,0.0,2,"Automóvil,Moto/Ciclomotor",E.Zeballos Y Lavalle,3,3,0,0,0,0,0,,Calle,,ROSARIO,Rosario,Asfalto,S/D,II,Dentro,Urbana,S/D,S/D,Intersección,S/D,S/D,S/D,S/D,S/D,S/D,Colisión,S/D,S/D,Cordón divisorio,S/D,POINT (-60.6799243 -32.94792209999999),"['Zeballos', 'Lavalle']",2,Zeballos; Lavalle,-32.94792209999999,-60.6799243,55.0,538.0,Municipio Rosario,Municipio,Rosario,820210,Servicio de Catastro e Información Territorial,IGN
2012,13668,2012-09-01,Sabado,0.0,10:30:00,,0.0,2,"Automóvil,Moto/Ciclomotor",Pueyrredon Y Mendoza,2,1,0,0,1,0,0,,Calle,,ROSARIO,Rosario,Asfalto,S/D,II,Dentro,Urbana,S/D,S/D,Intersección,S/D,S/D,Diurna,S/D,S/D,S/D,Colisión,S/D,S/D,Cordón divisorio,S/D,POINT (-60.658654199999994 -32.9481107),"['Pueyrredón', 'Mendoza']",2,Pueyrredón; Mendoza,-32.9481107,-60.6586542,55.0,538.0,Municipio Rosario,Municipio,Rosario,820210,Servicio de Catastro e Información Territorial,IGN
2012,13670,2012-09-03,Lunes,0.0,07:45:00,,0.0,2,"Moto/Ciclomotor,Automóvil",Urquiza Y Paraguay,2,1,0,0,1,0,0,,Calle,,ROSARIO,Rosario,Asfalto,S/D,II,Dentro,Urbana,Ninguna,No existe,Intersección,Bueno,Buena,Diurna,Buen Tiempo,Lateral,S/D,Colisión,S/D,Faltante,S/D,Sin restricción,POINT (-60.642866000000005 -32.941996),"['Urquiza', 'Paraguay']",2,Justo José de Urquiza; Paraguay,-32.941996,-60.642866000000005,55.0,538.0,Municipio Rosario,Municipio,Rosario,820210,Servicio de Catastro e Información Territorial,IGN
2012,13671,2012-09-25,Martes,0.0,20:30:00,,0.0,2,"Bicicleta,Moto/Ciclomotor",J.M.de Rosas Y 24 De Setiembre,2,1,0,0,1,0,0,,Calle,,ROSARIO,Rosario,Asfalto,No existe,II,Dentro,Urbana,Marca Vial,No existe,Intersección,Bueno,Buena,"Nocturna,Con luz artificial",Buen Tiempo,Otro,S/D,Atropello,S/D,Vertical,Línea divisoria pintada,Sin restricción,POINT (-60.6397671 -32.981489700000004),"['De Rosas', '24 de Septiembre']",2,Juan Manuel de Rosas; 24 de Septiembre,-32.981489700000004,-60.6397671,55.0,538.0,Municipio Rosario,Municipio,Rosario,820210,Servicio de Catastro e Información Territorial,IGN
2012,13672,2012-09-19,Miercoles,0.0,,,0.0,2,"Automóvil,Automóvil",Bv. Avellaneda Y Santa Fe,2,1,0,0,1,0,0,,Avenida,,ROSARIO,Rosario,Asfalto,S/D,II,Dentro,Urbana,S/D,S/D,Intersección,S/D,S/D,S/D,S/D,S/D,S/D,Colisión,S/D,S/D,Cordón divisorio,S/D,POINT (-60.678825950000004 -32.937741700000004),"['Avellaneda', 'Santa Fe']",2,Bulevar Nicolás Avellaneda; Santa Fe,-32.937741700000004,-60.67882595,55.0,538.0,Municipio Rosario,Municipio,Rosario,820210,Servicio de Catastro e Información Territorial,IGN
2012,13673,2012-09-04,Martes,0.0,19:10:00,,0.0,2,"Automóvil,Peatón",Tucuman Y Av. Corrientes,2,1,0,0,1,0,0,,Calle,,ROSARIO,Rosario,Asfalto,No existe,II,S/D,S/D,Semáforo,Funciona,Intersección,Bueno,Buena,Atardecer,Buen Tiempo,Otro,S/D,Atropello,S/D,Vertical,Ninguna,Sin restricción,POINT (-60.64117209999999 -32.9410577),"['Tucumán', 'Corrientes']",2,Tucumán; Corrientes,-32.9410577,-60.64117209999999,55.0,538.0,Municipio Rosario,Municipio,Rosario,820210,Servicio de Catastro e Información Territorial,IGN
2012,13674,2012-09-26,Miercoles,0.0,08:00:00,,0.0,2,"Automóvil,Automóvil",Bv. Segui Y 1 de Mayo,2,1,0,0,1,0,0,,Avenida,,ROSARIO,Rosario,Asfalto,No existe,II,Dentro,Urbana,Marca Vial,No existe,Intersección,Bueno,Buena,Diurna,Buen Tiempo,Lateral,S/D,Colisión,S/D,Vertical,Vegetación,Sin restricción,POINT (-60.63787925 -32.98061510000001),"['Bulevar Juan Francisco Seguí', 'Primero de Mayo']",2,Bulevar Juan Francisco Seguí; Primero de Mayo,-32.98061510000001,-60.63787925,55.0,538.0,Municipio Rosario,Municipio,Rosario,820210,Servicio de Catastro e Información Territorial,IGN
2012,13675,2012-09-19,Miercoles,0.0,,,0.0,3,"Automóvil,Automóvil,Automóvil",Av. Pellegrini Y Castellanos,3,1,0,0,2,0,0,,Avenida,,ROSARIO,Rosario,Asfalto,S/D,II,Dentro,Urbana,S/D,S/D,Intersección,S/D,S/D,S/D,S/D,S/D,S/D,Colisión,S/D,S/D,Cordón divisorio,S/D,POINT (-60.677811000000005 -32.950665749999985),"['Pellegrini', 'Aaron Castellanos']",2,Avenida Carlos Pellegrini; Aaron Castellanos,-32.950665749999985,-60.677811000000005,55.0,538.0,Municipio Rosario,Municipio,Rosario,820210,Servicio de Catastro e Información Territorial,IGN
2012,13676,2012-09-06,Jueves,0.0,13:40:00,,0.0,2,"Peatón,Automóvil",Urquiza Y Italia,2,1,0,0,0,0,1,,Calle,,ROSARIO,Rosario,Asfalto,No existe,II,Dentro,Urbana,Ninguna,No existe,Intersección,Bueno,Buena,Diurna,Lluvia,Otro,S/D,Atropello,Agua,Faltante,Ninguna,Sin restricción,POINT (-60.6469902 -32.94122840000001),"['Urquiza', 'Italia']",2,Justo José de Urquiza; Italia,-32.94122840000001,-60.6469902,55.0,538.0,Municipio Rosario,Municipio,Rosario,820210,Servicio de Catastro e Información Territorial,IGN
2012,13678,2012-09-19,Miercoles,0.0,,,0.0,2,"Moto/Ciclomotor,Automóvil",San Juan Y Bv. Avellaneda,2,1,0,0,1,0,0,,Avenida,,ROSARIO,Rosario,Asfalto,S/D,II,Dentro,Urbana,S/D,S/D,Intersección,S/D,S/D,S/D,S/D,S/D,S/D,Colisión,S/D,S/D,Cordón divisorio,S/D,POINT (-60.680076299999996 -32.94284435),"['San Juan', 'Avellaneda']",2,San Juan; Bulevar Nicolás Avellaneda,-32.94284435,-60.6800763,55.0,538.0,Municipio Rosario,Municipio,Rosario,820210,Servicio de Catastro e Información Territorial,IGN
2012,13679,2012-09-02,Domingo,0.0,,,0.0,2,"Bicicleta,Automóvil",E.Zeballos Y Bv. Avellaneda,2,1,0,0,1,0,0,,Avenida,,ROSARIO,Rosario,Asfalto,S/D,II,Dentro,Urbana,S/D,S/D,Intersección,S/D,S/D,S/D,S/D,S/D,S/D,Atropello,S/D,S/D,Cordón divisorio,S/D,POINT (-60.68126855 -32.94766455),"['Zeballos', 'Avellaneda']",2,Zeballos; Bulevar Nicolás Avellaneda,-32.94766455,-60.68126855,55.0,538.0,Municipio Rosario,Municipio,Rosario,820210,Servicio de Catastro e Información Territorial,IGN
2012,13680,2012-09-09,Domingo,0.0,16:30:00,,0.0,2,"Automóvil,Automóvil",Mariano Moreno Y Catamarca,5,3,0,0,2,0,0,,Calle,,ROSARIO,Rosario,Asfalto,No existe,II,Dentro,Urbana,Ninguna,No existe,Intersección,Bueno,Buena,Diurna,Buen Tiempo,Lateral,S/D,Colisión,S/D,Faltante,Ninguna,Sin restricción,POINT (-60.64912919999999 -32.93837429999999),"['Mariano Moreno', 'Catamarca']",2,Mariano Moreno; Catamarca,-32.93837429999999,-60.64912919999999,55.0,538.0,Municipio Rosario,Municipio,Rosario,820210,Servicio de Catastro e Información Territorial,IGN
2012,13681,2012-09-03,Lunes,0.0,20:00:00,,0.0,2,"Automóvil,Automóvil",Buenos Aires Y Bv. 27 De Febrero,2,0,1,0,1,0,0,,Calle,,ROSARIO,Rosario,Asfalto,Pavimento,II,Dentro,Urbana,Semáforo,Funciona,Intersección,Bueno,Buena,Nocturna,Buen Tiempo,Lateral,S/D,Colisión,S/D,Vertical,S/D,Sin restricción,POINT (-60.638013349999994 -32.9685675),"['Buenos Aires', '27 de Febrero']",2,Buenos Aires; Bulevar 27 de Febrero,-32.9685675,-60.63801335,55.0,538.0,Municipio Rosario,Municipio,Rosario,820210,Servicio de Catastro e Información Territorial,IGN
2012,13682,2012-09-21,Viernes,0.0,,,0.0,2,"Automóvil,Automóvil",Callao 755,2,1,0,0,1,0,0,,Calle,,ROSARIO,Rosario,Asfalto,S/D,II,Dentro,Urbana,S/D,S/D,Intersección,S/D,S/D,S/D,S/D,S/D,S/D,Colisión,S/D,S/D,Cordón divisorio,S/D,"-32.94188939795919, -60.65990250816326",['Callao 755'],1,Callao 755,-32.94188939795919,-60.65990250816326,55.0,538.0,Municipio Rosario,Municipio,Rosario,820210,Servicio de Catastro e Información Territorial,IGN
2012,13687,2012-09-06,Jueves,0.0,,,0.0,2,"Automóvil,Peatón",Beruti Y Ituzaingo,2,1,0,0,1,0,0,,Calle,,ROSARIO,Rosario,Asfalto,Pavimento,II,Fuera,Urbana,Ninguna,No existe,Recta,Bueno,Buena,Nocturna,S/D,Otro,S/D,Atropello,Otro,Faltante,S/D,S/D,POINT (-60.6237016 -32.96393079999999),"['Luis Beruti', 'Ituzaingó']",2,Luis Beruti; Ituzaingó,-32.96393079999999,-60.6237016,55.0,538.0,Municipio Rosario,Municipio,Rosario,820210,Servicio de Catastro e Información Territorial,IGN
2012,13694,2012-09-06,Jueves,0.0,18:50:00,,0.0,3,"Peatón,Peatón,Taxi/Remis",Colon 2300,3,2,0,0,1,0,0,,Calle,,ROSARIO,Rosario,Asfalto,Pavimento,II,Dentro,Urbana,Ninguna,No existe,Recta,Bueno,Buena,Diurna,Lluvia,Otro,S/D,Atropello,Agua,Horizontal,Barrera de hormigón,S/D,"-32.9662714, -60.6300679",['Colon 2300'],1,Colon 2300,-32.9662714,-60.6300679,55.0,538.0,Municipio Rosario,Municipio,Rosario,820210,Servicio de Catastro e Información Territorial,IGN
2012,13715,2012-09-21,Viernes,0.0,,,0.0,2,"Taxi/Remis,Automóvil",Suipacha Y Cordoba,3,2,0,0,1,0,0,,Calle,,ROSARIO,Rosario,Asfalto,S/D,II,Dentro,Urbana,S/D,S/D,Intersección,S/D,S/D,S/D,S/D,S/D,S/D,Colisión,S/D,S/D,Cordón divisorio,S/D,POINT (-60.6642044 -32.9417837),"['Suipacha', 'Córdoba']",2,Suipacha; Córdoba,-32.9417837,-60.6642044,55.0,538.0,Municipio Rosario,Municipio,Rosario,820210,Servicio de Catastro e Información Territorial,IGN
2012,13718,2012-09-23,Domingo,0.0,17:50:00,,0.0,2,"Automóvil,Moto/Ciclomotor",Av. Pellegrini Y Pascual Rosas,4,2,0,0,2,0,0,,Avenida,,ROSARIO,Rosario,Asfalto,S/D,II,Dentro,Urbana,S/D,S/D,Intersección,S/D,S/D,S/D,S/D,S/D,S/D,Colisión,S/D,S/D,Cordón divisorio,S/D,POINT (-60.688683100000006 -32.948717099999996),"['Pellegrini', 'Pascual Rosas']",2,Avenida Carlos Pellegrini; Pascual Rosas,-32.9487171,-60.688683100000006,55.0,538.0,Municipio Rosario,Municipio,Rosario,820210,Servicio de Catastro e Información Territorial,IGN
2012,13723,2012-09-13,Jueves,0.0,18:00:00,,0.0,2,"Peatón,Automóvil",Bv. Oroño Y Jujuy,2,1,0,0,0,0,1,,Calle,,ROSARIO,Rosario,Asfalto,Pavimento,II,Dentro,Urbana,Ninguna,No existe,Intersección,Bueno,Buena,Atardecer,Buen Tiempo,S/D,S/D,Atropello,S/D,Faltante,Ninguna,Sin restricción,POINT (-60.65121175 -32.93554149999999),"['Bulevar Nicasio Oroño', 'Jujuy']",2,Bulevar Nicasio Oroño; Jujuy,-32.93554149999999,-60.65121175,55.0,538.0,Municipio Rosario,Municipio,Rosario,820210,Servicio de Catastro e Información Territorial,IGN