anio_acci,nro_acci,fecha,desc_dia,fecha_aprox,hora_aprox,desc_ruta,km,cant_participantes,desc_participante,calle_avenida_km,total,heridos_leves,heridos_graves,heridos_gravisimos,ilesos,fallecidos,sin_datos,posicion_XY,desc_tipo_via,desc_ruta_ori,desc_loc,desc_dpto,desc_tipo_calzada,desc_tipo_banquina,desc_unidad_regional,desc_lugar_calzada,desc_zona,desc_prioridad,desc_estado_semaforo,desc_lugar_via,desc_estado_via,desc_estado_visibilidad,desc_luminosidad,desc_estado_clima,desc_tipo_colision,desc_tipo_atropello,desc_tipo_hecho,desc_pres_calzada,desc_senializacion,desc_separacion_via,desc_restriccion,forma_geocod,calle_lista,numero_calles,calles_osm,lat,lon,index_right,gid,fna,gna,nam,in1,fdc,sag
2012,13726,2012-09-14,Viernes,0.0,15:00:00,,0.0,2,"Peatón,Automóvil",Tucuman Y Mitre,2,1,0,0,1,0,0,,Calle,,ROSARIO,Rosario,Asfalto,Pavimento,II,Dentro,Urbana,Ninguna,No existe,Intersección,Bueno,Buena,Diurna,Buen Tiempo,S/D,S/D,Atropello,S/D,Faltante,Ninguna,Sin restricción,POINT (-60.6383947 -32.94156490000001),"['Tucumán', 'Mitre']",2,Tucumán; Bartolomé Mitre,-32.94156490000001,-60.6383947,55.0,538.0,Municipio Rosario,Municipio,Rosario,820210,Servicio de Catastro e Información Territorial,IGN
2012,13728,2012-09-10,Lunes,0.0,03:30:00,,0.0,1,Taxi/Remis,Bv. 27 De Febrero Y Buenos Aires,2,2,0,0,0,0,0,,Avenida,,ROSARIO,Rosario,Asfalto,No existe,II,Fuera,Urbana,Semáforo,Funciona,Recta,Bueno,Buena,Con luz artificial,Buen Tiempo,Contra objeto fijo,S/D,Colisión,S/D,S/D,Cordón divisorio,Sin restricción,POINT (-60.638013349999994 -32.9685675),"['27 de Febrero', 'Buenos Aires']",2,Bulevar 27 de Febrero; Buenos Aires,-32.9685675,-60.63801335,55.0,538.0,Municipio Rosario,Municipio,Rosario,820210,Servicio de Catastro e Información Territorial,IGN
2012,13729,2012-09-14,Viernes,0.0,21:30:00,,0.0,2,"Moto/Ciclomotor,Automóvil",Sarmiento 500,2,1,0,0,1,0,0,,Calle,,ROSARIO,Rosario,Asfalto,No existe,II,Dentro,Urbana,Ninguna,No existe,Recta,Bueno,S/D,Nocturna,Buen Tiempo,Frontal,S/D,Colisión,S/D,Faltante,Ninguna,Sin restricción,"-32.942877, -60.6373671",['Sarmiento 500'],1,Sarmiento 500,-32.942877,-60.6373671,55.0,538.0,Municipio Rosario,Municipio,Rosario,820210,Servicio de Catastro e Información Territorial,IGN
2012,13732,2012-09-10,Lunes,0.0,,,0.0,2,"Moto/Ciclomotor,Automóvil",Laprida Y Viamonte,3,2,0,0,1,0,0,,Calle,,ROSARIO,Rosario,Asfalto,No existe,II,Dentro,Urbana,Ninguna,No existe,Intersección,Bueno,Buena,Diurna,S/D,Lateral,S/D,Colisión,S/D,Faltante,Cordón divisorio,Sin restricción,POINT (-60.6390034 -32.96604490000001),"['Laprida', 'Viamonte']",2,Francisco Narciso Laprida; Viamonte,-32.96604490000001,-60.6390034,55.0,538.0,Municipio Rosario,Municipio,Rosario,820210,Servicio de Catastro e Información Territorial,IGN
2012,13733,2012-09-16,Domingo,0.0,19:00:00,,0.0,2,"Moto/Ciclomotor,Automóvil",Bv. Oroño Y Urquiza,3,2,0,0,1,0,0,,Calle,,ROSARIO,Rosario,Asfalto,Pavimento,II,Dentro,Urbana,Señal Pare,No existe,Intersección,Bueno,Buena,Atardecer,Buen Tiempo,Lateral,S/D,Colisión,S/D,Vertical,Ninguna,Sin restricción,POINT (-60.652427200000005 -32.940226100000004),"['Bulevar Nicasio Oroño', 'Urquiza']",2,Bulevar Nicasio Oroño; Justo José de Urquiza,-32.940226100000004,-60.652427200000005,55.0,538.0,Municipio Rosario,Municipio,Rosario,820210,Servicio de Catastro e Información Territorial,IGN
2012,13735,2012-09-23,Domingo,0.0,09:25:00,,0.0,2,"Automóvil,Automóvil",Bv. Avellaneda Y Mendoza,3,2,0,0,1,0,0,,Avenida,,ROSARIO,Rosario,Asfalto,S/D,II,Dentro,Urbana,S/D,S/D,Intersección,S/D,S/D,Diurna,S/D,S/D,S/D,Colisión,S/D,S/D,Cordón divisorio,S/D,POINT (-60.680421100000004 -32.94423964999999),"['Avellaneda', 'Mendoza']",2,Bulevar Nicolás Avellaneda; Mendoza,-32.94423964999999,-60.6804211,55.0,538.0,Municipio Rosario,Municipio,Rosario,820210,Servicio de Catastro e Información Territorial,IGN
2012,13738,2012-09-25,Martes,0.0,,,0.0,2,"Moto/Ciclomotor,Taxi/Remis",3 De Febrero Y Cafferata,2,1,0,0,1,0,0,,Calle,,ROSARIO,Rosario,Asfalto,S/D,II,Dentro,Urbana,S/D,S/D,Intersección,S/D,S/D,S/D,S/D,S/D,S/D,Colisión,S/D,S/D,Cordón divisorio,S/D,POINT (-60.6725593 -32.946913499999994),"['3 de Febrero', 'Cafferata']",2,3 de Febrero; Cafferata,-32.946913499999994,-60.6725593,55.0,538.0,Municipio Rosario,Municipio,Rosario,820210,Servicio de Catastro e Información Territorial,IGN
2012,13739,2012-09-11,Martes,0.0,11:45:00,,0.0,2,"Taxi/Remis,Automóvil",L.N.Alem Y Riobamba,5,3,0,0,2,0,0,,Calle,,ROSARIO,Rosario,Asfalto,S/D,II,Dentro,Urbana,Señal Pare,S/D,Intersección,Bueno,S/D,Diurna,Buen Tiempo,Lateral,S/D,Colisión,S/D,Horizontal,Cordón divisorio,Sin restricción,POINT (-60.6324245 -32.9647893),"['Alem', 'Riobamba']",2,Leandro N. Alem; Riobamba,-32.9647893,-60.6324245,55.0,538.0,Municipio Rosario,Municipio,Rosario,820210,Servicio de Catastro e Información Territorial,IGN
2012,13741,2012-09-26,Miercoles,0.0,17:10:00,,0.0,2,"Automóvil,Bicicleta",Av. Avellaneda B Y Av. Pellegrini,2,1,0,0,1,0,0,,Calle,,ROSARIO,Rosario,Asfalto,S/D,II,Dentro,Urbana,S/D,S/D,Intersección,S/D,S/D,S/D,S/D,S/D,S/D,"Colisión,Atropello",S/D,S/D,Cordón divisorio,S/D,POINT (-60.68184480000001 -32.949949249999996),"['Avellaneda', 'Pellegrini']",2,Bulevar Nicolás Avellaneda; Avenida Carlos Pellegrini,-32.94994925,-60.68184480000001,55.0,538.0,Municipio Rosario,Municipio,Rosario,820210,Servicio de Catastro e Información Territorial,IGN
2012,13742,2012-09-27,Jueves,0.0,,,0.0,2,"Taxi/Remis,Taxi/Remis",Av. Ovidio Lagos Y Cordoba,3,1,0,0,2,0,0,,Calle,,ROSARIO,Rosario,Asfalto,S/D,II,Dentro,Urbana,S/D,S/D,Intersección,S/D,S/D,S/D,S/D,S/D,S/D,Colisión,S/D,S/D,Cordón divisorio,S/D,POINT (-60.6614607 -32.9422773),"['Avenida Ovidio Lagos', 'Córdoba']",2,Avenida Ovidio Lagos; Córdoba,-32.9422773,-60.6614607,55.0,538.0,Municipio Rosario,Municipio,Rosario,820210,Servicio de Catastro e Información Territorial,IGN
2012,13743,2012-09-12,Miercoles,0.0,19:40:00,,0.0,2,"Transporte de Pasajeros Urbano (> 8 asientos),Otros",Laprida 2600,2,1,0,0,0,0,1,,Calle,,ROSARIO,Rosario,Asfalto,No existe,II,Dentro,Urbana,Ninguna,No existe,Recta,Bueno,Buena,Diurna,Buen Tiempo,Otro,S/D,Caída ocupante,S/D,Faltante,Ninguna,Sin restricción,"-32.9681389, -60.6395817",['Laprida 2600'],1,Laprida 2600,-32.9681389,-60.6395817,55.0,538.0,Municipio Rosario,Municipio,Rosario,820210,Servicio de Catastro e Información Territorial,IGN
2012,13745,2012-09-28,Viernes,0.0,,,0.0,2,"Bicicleta,Automóvil",Pueyrredon 700,2,1,0,0,1,0,0,,Calle,,ROSARIO,Rosario,Asfalto,S/D,II,Dentro,Urbana,S/D,S/D,Intersección,S/D,S/D,S/D,S/D,S/D,S/D,Atropello,S/D,S/D,S/D,S/D,"-32.9414881, -60.6570474",['Pueyrredon 700'],1,Pueyrredon 700,-32.9414881,-60.6570474,55.0,538.0,Municipio Rosario,Municipio,Rosario,820210,Servicio de Catastro e Información Territorial,IGN
2012,13746,2012-09-15,Sabado,0.0,11:20:00,,0.0,2,"Automóvil,Automóvil",Ayacucho Y Cerrito,4,1,0,0,2,0,1,,Calle,,ROSARIO,Rosario,Asfalto,No existe,II,Dentro,Urbana,Ninguna,No existe,Intersección,Bueno,Buena,Diurna,Buen Tiempo,Lateral,S/D,Colisión,S/D,Faltante,Ninguna,Sin restricción,POINT (-60.630783 -32.963868500000004),"['Ayacucho', 'Cerrito']",2,Ayacucho; Cerrito,-32.963868500000004,-60.630783,55.0,538.0,Municipio Rosario,Municipio,Rosario,820210,Servicio de Catastro e Información Territorial,IGN
2012,13747,2012-09-17,Lunes,0.0,05:45:00,,0.0,2,"Automóvil,Automóvil",Bv. Oroño Y San Lorenzo,2,1,0,0,0,0,1,,Avenida,,ROSARIO,Rosario,Asfalto,No existe,II,Dentro,Urbana,Señal Pare,No existe,Intersección,Bueno,Buena,Nocturna,Buen Tiempo,Lateral,S/D,Colisión,S/D,Vertical,Cordón divisorio,Sin restricción,POINT (-60.652740599999994 -32.9414065),"['Bulevar Nicasio Oroño', 'San Lorenzo']",2,Bulevar Nicasio Oroño; San Lorenzo,-32.9414065,-60.6527406,55.0,538.0,Municipio Rosario,Municipio,Rosario,820210,Servicio de Catastro e Información Territorial,IGN
2012,13749,2012-09-15,Sabado,0.0,,,0.0,1,Automóvil,Cerrito Y Ayacucho,2,1,0,0,1,0,0,,Calle,,ROSARIO,Rosario,Asfalto,S/D,II,Dentro,Urbana,S/D,S/D,Intersección,S/D,S/D,S/D,S/D,S/D,S/D,S/D,S/D,S/D,S/D,S/D,POINT (-60.630783 -32.963868500000004),"['Cerrito', 'Ayacucho']",2,Cerrito; Ayacucho,-32.963868500000004,-60.630783,55.0,538.0,Municipio Rosario,Municipio,Rosario,820210,Servicio de Catastro e Información Territorial,IGN
2012,13750,2012-09-03,Lunes,0.0,10:20:00,,0.0,2,"Automóvil,Taxi/Remis",Montevideo Y Crespo,3,2,0,0,1,0,0,,Calle,,ROSARIO,Rosario,Asfalto,S/D,II,Dentro,Urbana,S/D,S/D,Intersección,S/D,S/D,Diurna,S/D,S/D,S/D,Colisión,S/D,S/D,S/D,S/D,POINT (-60.67066460000001 -32.950771199999984),"['Montevideo', 'Crespo']",2,Montevideo; Crespo,-32.950771199999984,-60.67066460000001,55.0,538.0,Municipio Rosario,Municipio,Rosario,820210,Servicio de Catastro e Información Territorial,IGN
2012,13751,2012-09-29,Sabado,0.0,11:30:00,,0.0,2,"Automóvil,Moto/Ciclomotor",Pascual Rosas Y San Juan,2,1,0,0,1,0,0,,Calle,,ROSARIO,Rosario,Asfalto,S/D,II,Dentro,Urbana,S/D,S/D,Intersección,S/D,S/D,S/D,S/D,S/D,S/D,S/D,S/D,S/D,Cordón divisorio,S/D,POINT (-60.6868745 -32.9416378),"['Pascual Rosas', 'San Juan']",2,Pascual Rosas; San Juan,-32.9416378,-60.6868745,55.0,538.0,Municipio Rosario,Municipio,Rosario,820210,Servicio de Catastro e Información Territorial,IGN
2012,13753,2012-09-20,Jueves,0.0,09:00:00,,0.0,2,"Automóvil,Automóvil",Salta 1900,2,1,0,0,0,0,1,,Calle,,ROSARIO,Rosario,Asfalto,No existe,II,Dentro,Urbana,Ninguna,No existe,Recta,Bueno,Buena,Diurna,Buen Tiempo,Lateral,S/D,Colisión,Otro,Faltante,Ninguna,Sin restricción,"-32.9374339, -60.6471848",['Salta 1900'],1,Salta 1900,-32.9374339,-60.6471848,55.0,538.0,Municipio Rosario,Municipio,Rosario,820210,Servicio de Catastro e Información Territorial,IGN
2012,13754,2012-09-03,Lunes,0.0,10:20:00,,0.0,1,Automóvil,Montevideo Y Crespo,3,2,0,0,1,0,0,,Calle,,ROSARIO,Rosario,Asfalto,S/D,II,Dentro,Urbana,S/D,S/D,Intersección,S/D,S/D,S/D,S/D,S/D,S/D,Colisión,S/D,S/D,Cordón divisorio,S/D,POINT (-60.67066460000001 -32.950771199999984),"['Montevideo', 'Crespo']",2,Montevideo; Crespo,-32.950771199999984,-60.67066460000001,55.0,538.0,Municipio Rosario,Municipio,Rosario,820210,Servicio de Catastro e Información Territorial,IGN
2012,13755,2012-09-04,Martes,0.0,08:40:00,,0.0,2,"Automóvil,Moto/Ciclomotor",Av. Pellegrini Y Alsina,2,1,0,0,1,0,0,,Avenida,,ROSARIO,Rosario,Asfalto,S/D,II,Dentro,Urbana,S/D,S/D,Intersección,S/D,S/D,Diurna,S/D,S/D,S/D,Colisión,S/D,S/D,S/D,S/D,POINT (-60.67913495 -32.950431099999996),"['Pellegrini', 'Alsina']",2,Avenida Carlos Pellegrini; Alsina,-32.9504311,-60.67913495,55.0,538.0,Municipio Rosario,Municipio,Rosario,820210,Servicio de Catastro e Información Territorial,IGN
2012,13756,2012-09-01,Sabado,0.0,,,0.0,2,"Automóvil,Taxi/Remis",Callao Y San Luis,2,1,0,0,1,0,0,,Calle,,ROSARIO,Rosario,Asfalto,S/D,II,Dentro,Urbana,S/D,S/D,Intersección,S/D,S/D,S/D,S/D,S/D,S/D,Colisión,S/D,S/D,Cordón divisorio,S/D,POINT (-60.660778500000006 -32.945124199999995),"['Callao', 'San Luis']",2,Callao; San Luis,-32.945124199999995,-60.660778500000006,55.0,538.0,Municipio Rosario,Municipio,Rosario,820210,Servicio de Catastro e Información Territorial,IGN
2012,13757,2012-09-17,Lunes,0.0,19:30:00,,0.0,2,"Bicicleta,Automóvil",Bv. 27 De Febrero Y Ayacucho,2,1,0,0,1,0,0,,Calle,,ROSARIO,Rosario,Asfalto,No existe,II,S/D,Urbana,S/D,No existe,Recta,Bueno,S/D,S/D,S/D,S/D,S/D,Atropello,S/D,S/D,Ninguna,S/D,POINT (-60.6322277 -32.96960704999999),"['27 de Febrero', 'Ayacucho']",2,Bulevar 27 de Febrero; Ayacucho,-32.96960704999999,-60.6322277,55.0,538.0,Municipio Rosario,Municipio,Rosario,820210,Servicio de Catastro e Información Territorial,IGN
2012,13758,2012-09-18,Martes,0.0,13:45:00,,0.0,2,"Peatón,Pickup/Utilitario",J.M.de Rosas Y La Paz,2,1,0,0,1,0,0,,Calle,,ROSARIO,Rosario,S/D,S/D,II,S/D,Urbana,S/D,S/D,S/D,S/D,S/D,S/D,S/D,S/D,S/D,Atropello,S/D,S/D,S/D,S/D,POINT (-60.63572580000001 -32.9653969),"['De Rosas', 'La Paz']",2,Juan Manuel de Rosas; La Paz,-32.9653969,-60.63572580000001,55.0,538.0,Municipio Rosario,Municipio,Rosario,820210,Servicio de Catastro e Información Territorial,IGN
2012,13759,2012-09-18,Martes,0.0,18:55:00,,0.0,2,"Automóvil,Automóvil",Colon Y Riobamba,3,1,0,0,2,0,0,,Calle,,ROSARIO,Rosario,Asfalto,No existe,II,S/D,Urbana,S/D,No existe,Intersección,Bueno,S/D,S/D,S/D,S/D,S/D,S/D,S/D,S/D,S/D,S/D,POINT (-60.629713 -32.96527269999999),"['Colon', 'Riobamba']",2,Cristóbal Colón; Riobamba,-32.96527269999999,-60.629713,55.0,538.0,Municipio Rosario,Municipio,Rosario,820210,Servicio de Catastro e Información Territorial,IGN
2012,13761,2012-09-21,Viernes,0.0,18:30:00,,0.0,1,Moto/Ciclomotor,L.N.Alem Y Ocampo,3,1,0,0,2,0,0,,Calle,,ROSARIO,Rosario,Asfalto,No existe,II,S/D,Urbana,S/D,No existe,Recta,Bueno,S/D,S/D,S/D,S/D,S/D,Colisión,S/D,S/D,S/D,S/D,POINT (-60.6333137 -32.9682159),"['Alem', 'Ocampo']",2,Leandro N. Alem; Ocampo,-32.9682159,-60.6333137,55.0,538.0,Municipio Rosario,Municipio,Rosario,820210,Servicio de Catastro e Información Territorial,IGN
2012,13762,2012-09-21,Viernes,0.0,14:50:00,,0.0,2,"Moto/Ciclomotor,Automóvil",Esmeralda Y La Paz,3,1,0,0,2,0,0,,Calle,,ROSARIO,Rosario,Asfalto,No existe,II,S/D,Urbana,S/D,S/D,Recta,Bueno,Buena,S/D,S/D,S/D,S/D,Colisión,S/D,S/D,S/D,S/D,POINT (-60.625933200000006 -32.9671369),"['Esmeralda', 'La Paz']",2,Esmeralda; La Paz,-32.9671369,-60.625933200000006,55.0,538.0,Municipio Rosario,Municipio,Rosario,820210,Servicio de Catastro e Información Territorial,IGN
2012,13763,2012-09-22,Sabado,0.0,19:00:00,,0.0,2,"Moto/Ciclomotor,Automóvil",1 de Mayo 2100,3,1,0,0,2,0,0,,Calle,,ROSARIO,Rosario,S/D,S/D,II,S/D,Urbana,S/D,S/D,S/D,S/D,S/D,S/D,S/D,S/D,S/D,Colisión,S/D,S/D,S/D,S/D,"-32.9632432, -60.6335942",['Primero De Mayo 2100'],1,Primero De Mayo 2100,-32.9632432,-60.6335942,55.0,538.0,Municipio Rosario,Municipio,Rosario,820210,Servicio de Catastro e Información Territorial,IGN
2012,13765,2012-09-25,Martes,0.0,17:00:00,,0.0,2,"Automóvil,Transporte de Pasajeros Urbano (> 8 asientos)",Ocampo Y Colon,2,2,0,0,0,0,0,,Calle,,ROSARIO,Rosario,Asfalto,S/D,II,S/D,Urbana,S/D,S/D,Intersección,Bueno,S/D,S/D,S/D,S/D,S/D,S/D,S/D,Faltante,S/D,S/D,POINT (-60.6305784 -32.96870069999999),"['Ocampo', 'Colon']",2,Ocampo; Cristóbal Colón,-32.96870069999999,-60.6305784,55.0,538.0,Municipio Rosario,Municipio,Rosario,820210,Servicio de Catastro e Información Territorial,IGN
2012,13769,2012-09-25,Martes,0.0,15:15:00,,0.0,2,"Automóvil,Automóvil",Bv. 27 De Febrero Y Maipu,2,1,0,0,0,0,1,,Avenida,,ROSARIO,Rosario,Asfalto,S/D,II,S/D,Urbana,S/D,Funciona,Recta,Bueno,S/D,Diurna,S/D,S/D,S/D,S/D,S/D,S/D,Cordón divisorio,S/D,POINT (-60.640725849999995 -32.9680891),"['27 de Febrero', 'Maipú']",2,Bulevar 27 de Febrero; Maipú,-32.9680891,-60.64072585,55.0,538.0,Municipio Rosario,Municipio,Rosario,820210,Servicio de Catastro e Información Territorial,IGN
2012,13785,2012-09-13,Jueves,0.0,,,0.0,2,"Automóvil,Automóvil",E.Zeballos Y Rio De Janeiro,3,2,0,0,1,0,0,,Calle,,ROSARIO,Rosario,Asfalto,S/D,II,Dentro,Urbana,S/D,S/D,Intersección,S/D,S/D,S/D,S/D,S/D,S/D,Colisión,S/D,S/D,Cordón divisorio,S/D,POINT (-60.6826714 -32.9474392),"['Zeballos', 'Río de Janeiro']",2,Zeballos; Río de Janeiro,-32.9474392,-60.6826714,55.0,538.0,Municipio Rosario,Municipio,Rosario,820210,Servicio de Catastro e Información Territorial,IGN
2012,13786,2012-09-05,Miercoles,0.0,,,0.0,2,"Automóvil,Automóvil",3 De Febrero Y San Nicolas,4,1,0,0,2,0,1,,Calle,,ROSARIO,Rosario,Asfalto,S/D,II,S/D,Urbana,S/D,S/D,Intersección,S/D,S/D,S/D,S/D,S/D,S/D,Colisión,S/D,S/D,Cordón divisorio,S/D,POINT (-60.6739228 -32.94667499999999),"['3 de Febrero', 'San Nicolás']",2,3 de Febrero; San Nicolás,-32.94667499999999,-60.6739228,55.0,538.0,Municipio Rosario,Municipio,Rosario,820210,Servicio de Catastro e Información Territorial,IGN
2012,13794,2012-09-14,Viernes,0.0,16:45:00,,0.0,2,"Moto/Ciclomotor,Automóvil",Av. Francia Y Rioja,2,1,0,0,1,0,0,,Avenida,,ROSARIO,Rosario,Asfalto,S/D,II,Dentro,Urbana,S/D,S/D,Intersección,S/D,S/D,S/D,S/D,S/D,S/D,Colisión,S/D,S/D,S/D,S/D,POINT (-60.6657994 -32.942712),"['Avenida Francia', 'Rioja']",2,Avenida Francia; Rioja,-32.942712,-60.6657994,55.0,538.0,Municipio Rosario,Municipio,Rosario,820210,Servicio de Catastro e Información Territorial,IGN
2012,13795,2012-09-29,Sabado,0.0,,,0.0,2,"Bicicleta,Automóvil",Montevideo Y Crespo,3,2,0,0,1,0,0,,Calle,,ROSARIO,Rosario,Asfalto,S/D,II,Dentro,Urbana,S/D,S/D,Intersección,S/D,S/D,S/D,S/D,S/D,S/D,Atropello,S/D,S/D,Cordón divisorio,S/D,POINT (-60.67066460000001 -32.950771199999984),"['Montevideo', 'Crespo']",2,Montevideo; Crespo,-32.950771199999984,-60.67066460000001,55.0,538.0,Municipio Rosario,Municipio,Rosario,820210,Servicio de Catastro e Información Territorial,IGN
2012,13797,2012-09-16,Domingo,0.0,01:00:00,,0.0,2,"Automóvil,Automóvil",E.Zeballos Y Av. Francia,3,1,0,0,2,0,0,,Avenida,,ROSARIO,Rosario,Asfalto,S/D,II,S/D,S/D,S/D,S/D,Intersección,S/D,S/D,S/D,S/D,S/D,S/D,S/D,S/D,S/D,S/D,S/D,POINT (-60.667674500000004 -32.950099099999996),"['Zeballos', 'Avenida Francia']",2,Zeballos; Avenida Francia,-32.9500991,-60.6676745,55.0,538.0,Municipio Rosario,Municipio,Rosario,820210,Servicio de Catastro e Información Territorial,IGN
2012,13798,2012-09-06,Jueves,0.0,08:20:00,,0.0,2,"Automóvil,Automóvil",Cordoba Y Callao,2,1,0,0,1,0,0,,Calle,,ROSARIO,Rosario,Asfalto,S/D,II,Dentro,Urbana,S/D,S/D,Intersección,S/D,S/D,S/D,S/D,S/D,S/D,S/D,S/D,S/D,Cordón divisorio,S/D,POINT (-60.6601292 -32.94251589999998),"['Córdoba', 'Callao']",2,Córdoba; Callao,-32.94251589999998,-60.6601292,55.0,538.0,Municipio Rosario,Municipio,Rosario,820210,Servicio de Catastro e Información Territorial,IGN
2012,13800,2012-09-10,Lunes,0.0,18:30:00,,0.0,2,"Bicicleta,Automóvil",Mendoza Y Av. Francia,3,2,0,0,1,0,0,,Avenida,,ROSARIO,Rosario,Asfalto,S/D,II,Dentro,Urbana,S/D,S/D,Intersección,S/D,S/D,S/D,S/D,S/D,S/D,Atropello,S/D,S/D,S/D,S/D,POINT (-60.6668048 -32.946657849999994),"['Mendoza', 'Avenida Francia']",2,Mendoza; Avenida Francia,-32.946657849999994,-60.6668048,55.0,538.0,Municipio Rosario,Municipio,Rosario,820210,Servicio de Catastro e Información Territorial,IGN
2012,13801,2012-09-16,Domingo,0.0,21:15:00,,0.0,2,"Taxi/Remis,Moto/Ciclomotor",Constitucion Y 9 De Julio,2,1,0,0,1,0,0,,Calle,,ROSARIO,Rosario,Asfalto,S/D,II,Dentro,Urbana,S/D,S/D,Intersección,S/D,S/D,S/D,S/D,S/D,S/D,Colisión,S/D,S/D,S/D,S/D,POINT (-60.67555579999999 -32.9474772),"['Constitución', '9 de Julio']",2,Constitución; 9 de Julio,-32.9474772,-60.67555579999999,55.0,538.0,Municipio Rosario,Municipio,Rosario,820210,Servicio de Catastro e Información Territorial,IGN
2012,13802,2012-09-21,Viernes,0.0,01:25:00,,0.0,2,"Moto/Ciclomotor,Automóvil",Bv. Oroño Y Salta,2,1,0,0,1,0,0,,Avenida,,ROSARIO,Rosario,Asfalto,No existe,II,Dentro,Urbana,Semáforo,Funciona,Intersección,Bueno,Buena,Diurna,Buen Tiempo,S/D,S/D,Colisión,S/D,Vertical,Ninguna,Sin restricción,POINT (-60.6515116 -32.93672015),"['Bulevar Nicasio Oroño', 'Salta']",2,Bulevar Nicasio Oroño; Salta,-32.93672015,-60.6515116,55.0,538.0,Municipio Rosario,Municipio,Rosario,820210,Servicio de Catastro e Información Territorial,IGN
2012,13804,2012-09-10,Lunes,0.0,17:15:00,,0.0,2,"Bicicleta,Automóvil",Pascual Rosas 900,2,1,0,0,1,0,0,,Calle,,ROSARIO,Rosario,Asfalto,S/D,II,Dentro,Urbana,S/D,S/D,Intersección,S/D,S/D,S/D,S/D,S/D,S/D,Atropello,S/D,S/D,S/D,S/D,"-32.9388654, -60.686245",['Pascual Rosas 900'],1,Pascual Rosas 900,-32.9388654,-60.686245,55.0,538.0,Municipio Rosario,Municipio,Rosario,820210,Servicio de Catastro e Información Territorial,IGN
2012,13808,2012-09-11,Martes,0.0,18:00:00,,0.0,2,"Automóvil,Peatón",Av. Francia Y Mendoza,2,1,0,0,1,0,0,,Avenida,,ROSARIO,Rosario,Asfalto,S/D,II,Dentro,Urbana,S/D,S/D,Intersección,S/D,S/D,Diurna,S/D,S/D,S/D,Atropello,S/D,S/D,S/D,S/D,POINT (-60.6668048 -32.946657849999994),"['Avenida Francia', 'Mendoza']",2,Avenida Francia; Mendoza,-32.946657849999994,-60.6668048,55.0,538.0,Municipio Rosario,Municipio,Rosario,820210,Servicio de Catastro e Información Territorial,IGN
2012,13809,2012-09-12,Miercoles,0.0,13:00:00,,0.0,2,"Pickup/Utilitario,Moto/Ciclomotor",9 De Julio Y Rodriguez,3,2,0,0,1,0,0,,Calle,,ROSARIO,Rosario,Asfalto,S/D,II,Dentro,Urbana,S/D,S/D,Intersección,S/D,S/D,Diurna,S/D,S/D,S/D,Colisión,S/D,S/D,S/D,S/D,POINT (-60.66057760000001 -32.9501913),"['9 de Julio', 'Rodríguez']",2,9 de Julio; Rodríguez de Escobedo,-32.9501913,-60.66057760000001,55.0,538.0,Municipio Rosario,Municipio,Rosario,820210,Servicio de Catastro e Información Territorial,IGN
2012,13810,2012-09-09,Domingo,0.0,20:50:00,,0.0,2,"Automóvil,Peatón",Cafferata Y San Luis,2,1,0,0,1,0,0,,Calle,,ROSARIO,Rosario,Asfalto,S/D,II,Dentro,Urbana,S/D,S/D,Intersección,S/D,S/D,Nocturna,S/D,S/D,S/D,Atropello,S/D,S/D,Cordón divisorio,S/D,POINT (-60.67163970000001 -32.9431978),"['Cafferata', 'San Luis']",2,Cafferata; San Luis,-32.9431978,-60.67163970000001,55.0,538.0,Municipio Rosario,Municipio,Rosario,820210,Servicio de Catastro e Información Territorial,IGN
2012,13812,2012-08-24,Viernes,0.0,23:15:00,,0.0,2,"Moto/Ciclomotor,Automóvil",9 De Julio Y Rodriguez,2,1,0,0,1,0,0,,Calle,,ROSARIO,Rosario,Asfalto,S/D,II,Dentro,Urbana,S/D,S/D,Intersección,S/D,S/D,S/D,S/D,S/D,S/D,Colisión,S/D,S/D,Cordón divisorio,S/D,POINT (-60.66057760000001 -32.9501913),"['9 de Julio', 'Rodríguez']",2,9 de Julio; Rodríguez de Escobedo,-32.9501913,-60.66057760000001,55.0,538.0,Municipio Rosario,Municipio,Rosario,820210,Servicio de Catastro e Información Territorial,IGN
2012,13813,2012-09-10,Lunes,0.0,,,0.0,2,"Peatón,Automóvil",Av. Ovidio Lagos Y San Luis,2,1,0,0,1,0,0,,Avenida,,ROSARIO,Rosario,Asfalto,S/D,II,Dentro,Urbana,S/D,S/D,Intersección,S/D,S/D,Diurna,S/D,S/D,S/D,Colisión,S/D,S/D,Cordón divisorio,S/D,POINT (-60.6621155 -32.9448915),"['Avenida Ovidio Lagos', 'San Luis']",2,Avenida Ovidio Lagos; San Luis,-32.9448915,-60.6621155,55.0,538.0,Municipio Rosario,Municipio,Rosario,820210,Servicio de Catastro e Información Territorial,IGN
2012,13814,2012-09-08,Sabado,0.0,14:30:00,,0.0,2,"Bicicleta,Automóvil",Bv. Avellaneda Y 9 De Julio,2,1,0,0,1,0,0,,Avenida,,ROSARIO,Rosario,S/D,S/D,II,Dentro,Urbana,S/D,S/D,Intersección,S/D,S/D,Diurna,S/D,S/D,S/D,Atropello,S/D,S/D,S/D,S/D,POINT (-60.680971 -32.946485599999995),"['Avellaneda', '9 de Julio']",2,Bulevar Nicolás Avellaneda; 9 de Julio,-32.946485599999995,-60.680971,55.0,538.0,Municipio Rosario,Municipio,Rosario,820210,Servicio de Catastro e Información Territorial,IGN
2012,13815,2012-09-07,Viernes,0.0,,,0.0,2,"Moto/Ciclomotor,Automóvil",Mendoza Y Valparaiso,2,1,0,0,1,0,0,,Calle,,ROSARIO,Rosario,Asfalto,S/D,II,S/D,Urbana,S/D,S/D,Intersección,S/D,S/D,S/D,S/D,S/D,S/D,Colisión,S/D,S/D,S/D,S/D,POINT (-60.6831208 -32.9437541),"['Mendoza', 'Valparaíso']",2,Mendoza; Valparaíso,-32.9437541,-60.6831208,55.0,538.0,Municipio Rosario,Municipio,Rosario,820210,Servicio de Catastro e Información Territorial,IGN