anio_acci,nro_acci,fecha,desc_dia,fecha_aprox,hora_aprox,desc_ruta,km,cant_participantes,desc_participante,calle_avenida_km,total,heridos_leves,heridos_graves,heridos_gravisimos,ilesos,fallecidos,sin_datos,posicion_XY,desc_tipo_via,desc_ruta_ori,desc_loc,desc_dpto,desc_tipo_calzada,desc_tipo_banquina,desc_unidad_regional,desc_lugar_calzada,desc_zona,desc_prioridad,desc_estado_semaforo,desc_lugar_via,desc_estado_via,desc_estado_visibilidad,desc_luminosidad,desc_estado_clima,desc_tipo_colision,desc_tipo_atropello,desc_tipo_hecho,desc_pres_calzada,desc_senializacion,desc_separacion_via,desc_restriccion,forma_geocod,calle_lista,numero_calles,calles_osm,lat,lon,index_right,gid,fna,gna,nam,in1,fdc,sag
2012,13816,2012-09-13,Jueves,0.0,14:20:00,,0.0,2,"Automóvil,Moto/Ciclomotor",Av. Pellegrini Y San Nicolas,2,1,0,0,1,0,0,,Avenida,,ROSARIO,Rosario,Asfalto,S/D,II,Dentro,Urbana,S/D,S/D,Intersección,S/D,S/D,Diurna,S/D,S/D,S/D,Colisión,S/D,S/D,S/D,S/D,POINT (-60.663254 -32.97802039999999),"['Pellegrini', 'San Nicolás']",2,Avenida Carlos Pellegrini; San Nicolás,-32.97802039999999,-60.663254,55.0,538.0,Municipio Rosario,Municipio,Rosario,820210,Servicio de Catastro e Información Territorial,IGN
2012,13817,2012-09-10,Lunes,0.0,14:00:00,,0.0,2,"Automóvil,Moto/Ciclomotor",Av. Francia Y San Luis,2,1,0,0,1,0,0,,Calle,,ROSARIO,Rosario,Asfalto,S/D,II,Dentro,Urbana,S/D,S/D,Intersección,S/D,S/D,Diurna,S/D,S/D,S/D,Colisión,S/D,S/D,Cordón divisorio,S/D,POINT (-60.66618015 -32.9441667),"['Avenida Francia', 'San Luis']",2,Avenida Francia; San Luis,-32.9441667,-60.66618015,55.0,538.0,Municipio Rosario,Municipio,Rosario,820210,Servicio de Catastro e Información Territorial,IGN
2012,13818,2012-09-25,Martes,0.0,13:00:00,,0.0,2,"Automóvil,Peatón",Urquiza Y Pte.Roca,2,1,0,0,1,0,0,,Calle,,ROSARIO,Rosario,Asfalto,No existe,II,Dentro,Urbana,Ninguna,No existe,Intersección,Bueno,Buena,Diurna,Buen Tiempo,Otro,S/D,Atropello,S/D,Faltante,Ninguna,Sin restricción,POINT (-60.6442177 -32.9417364),"['Urquiza', 'Roca']",2,Justo José de Urquiza; Presidente Roca,-32.9417364,-60.6442177,55.0,538.0,Municipio Rosario,Municipio,Rosario,820210,Servicio de Catastro e Información Territorial,IGN
2012,13819,2012-09-13,Jueves,0.0,08:40:00,,0.0,2,"Moto/Ciclomotor,Bicicleta",Servando Bayo Y Av. Pellegrini,2,2,0,0,0,0,0,,Avenida,,ROSARIO,Rosario,Asfalto,S/D,II,Dentro,Urbana,S/D,S/D,Intersección,S/D,S/D,Diurna,S/D,S/D,S/D,Atropello,S/D,S/D,S/D,S/D,POINT (-60.687304350000005 -32.9489686),"['Servando Bayo', 'Pellegrini']",2,Servando Bayo; Avenida Carlos Pellegrini,-32.9489686,-60.687304350000005,55.0,538.0,Municipio Rosario,Municipio,Rosario,820210,Servicio de Catastro e Información Territorial,IGN
2012,13820,2012-09-26,Miercoles,0.0,,,0.0,2,"Moto/Ciclomotor,Automóvil",Galvez Y Buenos Aires,3,2,0,0,1,0,0,,Calle,,ROSARIO,Rosario,S/D,S/D,II,Dentro,Urbana,S/D,S/D,S/D,S/D,S/D,S/D,S/D,S/D,S/D,S/D,S/D,S/D,S/D,S/D,POINT (-60.63830140000001 -32.9697412),"['Galvez', 'Buenos Aires']",2,José Gálvez; Buenos Aires,-32.9697412,-60.63830140000001,55.0,538.0,Municipio Rosario,Municipio,Rosario,820210,Servicio de Catastro e Información Territorial,IGN
2012,13821,2012-09-11,Martes,0.0,11:30:00,,0.0,2,"Automóvil,Peatón",Suipacha Y San Luis,2,1,0,0,1,0,0,,Calle,,ROSARIO,Rosario,Asfalto,S/D,II,Dentro,Urbana,S/D,S/D,Intersección,S/D,S/D,S/D,S/D,Otro,S/D,Atropello,S/D,S/D,Ninguna,S/D,POINT (-60.664829000000005 -32.94441909999999),"['Suipacha', 'San Luis']",2,Suipacha; San Luis,-32.94441909999999,-60.664829000000005,55.0,538.0,Municipio Rosario,Municipio,Rosario,820210,Servicio de Catastro e Información Territorial,IGN
2012,13822,2012-09-10,Lunes,0.0,17:15:00,,0.0,2,"Moto/Ciclomotor,Automóvil",Montevideo Y Pueyrredon,2,1,0,0,1,0,0,,Calle,,ROSARIO,Rosario,Asfalto,S/D,II,Dentro,Urbana,S/D,S/D,Intersección,S/D,S/D,S/D,S/D,S/D,S/D,Colisión,S/D,S/D,Cordón divisorio,S/D,POINT (-60.6598108 -32.9527051),"['Montevideo', 'Pueyrredón']",2,Montevideo; Pueyrredón,-32.9527051,-60.6598108,55.0,538.0,Municipio Rosario,Municipio,Rosario,820210,Servicio de Catastro e Información Territorial,IGN
2012,13823,2012-09-26,Miercoles,0.0,,,0.0,1,Automóvil,Mitre Y Urquiza,2,1,0,0,1,0,0,,Calle,,ROSARIO,Rosario,Asfalto,No existe,II,Dentro,Urbana,Ninguna,No existe,Recta,Resbaladiza,Buena,Nocturna,Lluvia,De alcance,S/D,Colisión,S/D,Faltante,Ninguna,Sin restricción,POINT (-60.6386903 -32.94275089999999),"['Mitre', 'Urquiza']",2,"('Bartolomé Mitre', 'Justo José de Urquiza')",-32.94275089999999,-60.6386903,55.0,538.0,Municipio Rosario,Municipio,Rosario,820210,Servicio de Catastro e Información Territorial,IGN
2012,13824,2012-08-28,Martes,0.0,,,0.0,2,"Moto/Ciclomotor,Pickup/Utilitario",Iriondo Y Montevideo,3,1,0,0,2,0,0,,Calle,,ROSARIO,Rosario,Asfalto,S/D,II,Dentro,Urbana,S/D,S/D,Intersección,S/D,S/D,S/D,S/D,S/D,S/D,Colisión,S/D,S/D,S/D,S/D,POINT (-60.6720567 -32.9505233),"['Iriondo', 'Montevideo']",2,Iriondo; Montevideo,-32.9505233,-60.6720567,55.0,538.0,Municipio Rosario,Municipio,Rosario,820210,Servicio de Catastro e Información Territorial,IGN
2012,13825,2012-09-28,Viernes,0.0,14:00:00,,0.0,3,"Automóvil,Taxi/Remis,Taxi/Remis",Bv. 27 De Febrero Y Maipu,5,5,0,0,0,0,0,,Calle,,ROSARIO,Rosario,Asfalto,No existe,II,Dentro,Urbana,S/D,Funciona,Recta,Bueno,Buena,Diurna,S/D,S/D,S/D,S/D,S/D,S/D,S/D,S/D,POINT (-60.640725849999995 -32.9680891),"['27 de Febrero', 'Maipú']",2,Bulevar 27 de Febrero; Maipú,-32.9680891,-60.64072585,55.0,538.0,Municipio Rosario,Municipio,Rosario,820210,Servicio de Catastro e Información Territorial,IGN
2012,13827,2012-09-28,Viernes,0.0,17:05:00,,0.0,2,"Moto/Ciclomotor,Automóvil",Necochea Y Pasco,2,1,0,0,1,0,0,,Calle,,ROSARIO,Rosario,Asfalto,No existe,II,S/D,Urbana,S/D,No existe,Intersección,Bueno,S/D,S/D,S/D,S/D,S/D,S/D,S/D,Vertical,S/D,S/D,POINT (-60.6274676 -32.9620944),"['Necochea', 'Pasco']",2,Necochea; Pasco,-32.9620944,-60.6274676,55.0,538.0,Municipio Rosario,Municipio,Rosario,820210,Servicio de Catastro e Información Territorial,IGN
2012,13940,2012-10-01,Lunes,0.0,11:30:00,,0.0,2,"Bicicleta,Automóvil",Salta Y Crespo,2,1,0,0,0,0,1,,Calle,,ROSARIO,Rosario,Asfalto,S/D,II,Dentro,Urbana,S/D,Funciona,Recta,Resbaladiza,S/D,Diurna,Lluvia,De alcance,S/D,Atropello,S/D,S/D,S/D,S/D,POINT (-60.6665068 -32.93408000000001),"['Salta', 'Crespo']",2,Salta; Crespo,-32.93408000000001,-60.6665068,55.0,538.0,Municipio Rosario,Municipio,Rosario,820210,Servicio de Catastro e Información Territorial,IGN
2012,13942,2012-10-03,Miercoles,0.0,12:15:00,,0.0,2,"Bicicleta,Automóvil",Tucuman Y Av. Francia,2,1,0,0,0,0,1,,Avenida,,ROSARIO,Rosario,Asfalto,S/D,II,Dentro,Urbana,S/D,No existe,Recta,Resbaladiza,S/D,Diurna,Lluvia,S/D,S/D,Atropello,S/D,S/D,S/D,S/D,POINT (-60.66436195 -32.9369176),"['Tucumán', 'Avenida Francia']",2,Tucumán; Avenida Francia,-32.9369176,-60.66436195,55.0,538.0,Municipio Rosario,Municipio,Rosario,820210,Servicio de Catastro e Información Territorial,IGN
2012,13945,2012-10-23,Martes,0.0,15:00:00,,0.0,2,"Moto/Ciclomotor,Automóvil",Urquiza Y Bv. Avellaneda,2,1,0,0,1,0,0,,Avenida,,ROSARIO,Rosario,Hormigón,No existe,II,Dentro,Urbana,Ninguna,No existe,Puente,Bueno,Buena,Diurna,Buen Tiempo,Lateral,S/D,Colisión,S/D,S/D,Línea divisoria pintada,S/D,POINT (-60.67825875 -32.935613599999996),"['Urquiza', 'Avellaneda']",2,Justo José de Urquiza; Bulevar Nicolás Avellaneda,-32.9356136,-60.67825875,55.0,538.0,Municipio Rosario,Municipio,Rosario,820210,Servicio de Catastro e Información Territorial,IGN
2012,13947,2012-10-06,Sabado,0.0,00:00:00,,0.0,2,"Moto/Ciclomotor,Automóvil",Av. Francia Y Brown,3,2,0,0,1,0,0,,Avenida,,ROSARIO,Rosario,Asfalto,S/D,II,Dentro,Urbana,S/D,Funciona,Intersección,Resbaladiza,S/D,"Nocturna,Con luz artificial",Lluvia,Lateral,S/D,Colisión,S/D,Vertical,S/D,S/D,POINT (-60.66318115 -32.93220974999999),"['Avenida Francia', 'Brown']",2,Avenida Francia; Almirante Brown,-32.93220974999999,-60.66318115,55.0,538.0,Municipio Rosario,Municipio,Rosario,820210,Servicio de Catastro e Información Territorial,IGN
2012,13948,2012-10-24,Miercoles,0.0,17:15:00,,0.0,2,"Automóvil,Automóvil",Urquiza Y Santiago,2,1,0,0,1,0,0,,Calle,,ROSARIO,Rosario,Asfalto,S/D,II,Dentro,Urbana,S/D,No existe,Recta,Bueno,Buena,Diurna,Buen Tiempo,De alcance,S/D,Colisión,S/D,Horizontal,S/D,S/D,POINT (-60.6551027 -32.939761499999996),"['Urquiza', 'Santiago']",2,Justo José de Urquiza; Santiago,-32.9397615,-60.6551027,55.0,538.0,Municipio Rosario,Municipio,Rosario,820210,Servicio de Catastro e Información Territorial,IGN
2012,13950,2012-10-09,Martes,0.0,07:45:00,,0.0,2,"Peatón,Automóvil",Santiago Y Jujuy,2,1,0,0,1,0,0,,Calle,,ROSARIO,Rosario,Asfalto,S/D,II,Dentro,Urbana,S/D,No existe,Recta,Bueno,Buena,Diurna,Buen Tiempo,S/D,S/D,Atropello,S/D,Horizontal,S/D,S/D,POINT (-60.65392260000001 -32.9350458),"['Santiago', 'Jujuy']",2,Santiago; Jujuy,-32.9350458,-60.65392260000001,55.0,538.0,Municipio Rosario,Municipio,Rosario,820210,Servicio de Catastro e Información Territorial,IGN
2012,13959,2012-10-10,Miercoles,0.0,12:15:00,,0.0,2,"Moto/Ciclomotor,Pickup/Utilitario",Bv. Rondeau Y Olive,3,2,0,0,1,0,0,,Avenida,,ROSARIO,Rosario,Asfalto,No existe,II,Dentro,Urbana,Semáforo,Funciona,Recta,Bueno,Buena,Diurna,Lluvia,De alcance,S/D,Colisión,Otro,Vertical,Cordón divisorio,Sin restricción,POINT (-60.68672205 -32.9130919),"['Rondeau', 'Olive']",2,Bulevar General José Rondeau; Olivé,-32.9130919,-60.68672205,55.0,538.0,Municipio Rosario,Municipio,Rosario,820210,Servicio de Catastro e Información Territorial,IGN
2012,13986,2012-10-09,Martes,0.0,16:45:00,,0.0,2,"Moto/Ciclomotor,Automóvil",Ricchieri Y Urquiza,2,1,0,0,1,0,0,,Calle,,ROSARIO,Rosario,Asfalto,S/D,II,Dentro,Urbana,Señal Ceda el Paso,No existe,Intersección,Bueno,Buena,Diurna,Buen Tiempo,Frontal,S/D,Colisión,S/D,Horizontal,S/D,S/D,POINT (-60.6619733 -32.9385564),"['Ricchieri', 'Urquiza']",2,Ricchieri; Justo José de Urquiza,-32.9385564,-60.6619733,55.0,538.0,Municipio Rosario,Municipio,Rosario,820210,Servicio de Catastro e Información Territorial,IGN
2012,13989,2012-10-05,Viernes,0.0,14:30:00,,0.0,2,"Moto/Ciclomotor,Moto/Ciclomotor",Chubut Y Fraga,2,1,0,0,1,0,0,,Calle,,ROSARIO,Rosario,Asfalto,No existe,II,Dentro,Urbana,Ninguna,No existe,Intersección,Bueno,Buena,Diurna,Buen Tiempo,S/D,S/D,Colisión,S/D,Horizontal,Ninguna,Sin restricción,POINT (-60.71000050000001 -32.945570399999994),"['Chubut', 'Fraga']",2,Chubut; Rosendo María Fraga,-32.945570399999994,-60.71000050000001,55.0,538.0,Municipio Rosario,Municipio,Rosario,820210,Servicio de Catastro e Información Territorial,IGN
2012,13991,2012-10-06,Sabado,0.0,12:00:00,,0.0,2,"Peatón,Taxi/Remis",La Paz Y P.L.Funes,2,1,0,0,1,0,0,,Calle,,ROSARIO,Rosario,Asfalto,No existe,II,Dentro,Urbana,Ninguna,No existe,Recta,Bueno,Buena,Diurna,Buen Tiempo,S/D,S/D,Atropello,S/D,Horizontal,Ninguna,Sin restricción,POINT (-60.70055920000001 -32.95542410000001),"['La Paz', 'Funes']",2,La Paz; Deán Gregorio Funes,-32.95542410000001,-60.70055920000001,55.0,538.0,Municipio Rosario,Municipio,Rosario,820210,Servicio de Catastro e Información Territorial,IGN
2012,13995,2012-10-11,Jueves,0.0,,,0.0,2,"Automóvil,Moto/Ciclomotor",Cerrito Y Ecuador,3,2,0,0,1,0,0,,Calle,,ROSARIO,Rosario,Asfalto,No existe,II,Dentro,Urbana,Ninguna,No existe,Curva,Bueno,Buena,S/D,Buen Tiempo,S/D,S/D,Colisión,S/D,Horizontal,Ninguna,Sin restricción,POINT (-60.71443800000001 -32.953398899999996),"['Cerrito', 'Ecuador']",2,Cerrito; Ecuador,-32.9533989,-60.71443800000001,55.0,538.0,Municipio Rosario,Municipio,Rosario,820210,Servicio de Catastro e Información Territorial,IGN
2012,13996,2012-10-13,Sabado,0.0,21:30:00,,0.0,2,"Bicicleta,Moto/Ciclomotor",Bv. Rondeau Y Superi,2,1,0,0,1,0,0,,Avenida,,ROSARIO,Rosario,Asfalto,No existe,II,Dentro,Urbana,Semáforo,Funciona,Recta,Bueno,Buena,Nocturna,Buen Tiempo,Otro,S/D,Atropello,Otro,Horizontal,Cordón divisorio,Sin restricción,POINT (-60.692458175000006 -32.894239025),"['Rondeau', 'Superi']",2,Bulevar General José Rondeau; Comandante José Superí,-32.894239025,-60.692458175000006,55.0,538.0,Municipio Rosario,Municipio,Rosario,820210,Servicio de Catastro e Información Territorial,IGN
2012,13998,2012-10-11,Jueves,0.0,17:30:00,,0.0,2,"Moto/Ciclomotor,Automóvil",Av. Provincias Unidas Y Montevideo,3,2,0,0,1,0,0,,Calle,,ROSARIO,Rosario,Asfalto,No existe,II,Dentro,Urbana,Semáforo,Funciona,Recta,Bueno,S/D,Diurna,Buen Tiempo,S/D,S/D,Colisión,S/D,Horizontal,Barrera de hormigón,Sin restricción,POINT (-60.71230545 -32.9474568),"['Avenida Provincias Unidas', 'Montevideo']",2,Avenida Provincias Unidas; Montevideo,-32.9474568,-60.71230545,55.0,538.0,Municipio Rosario,Municipio,Rosario,820210,Servicio de Catastro e Información Territorial,IGN
2012,13999,2012-10-13,Sabado,0.0,14:30:00,,0.0,2,"Transporte de Pasajeros Urbano (> 8 asientos),Moto/Ciclomotor",RICARDO GUTIERREZ Y MAZZA,2,1,0,0,1,0,0,,Calle,,ROSARIO,Rosario,Asfalto,No existe,II,Dentro,Urbana,Ninguna,No existe,Recta,Bueno,Buena,Diurna,Buen Tiempo,De alcance,S/D,Colisión,Otro,S/D,Ninguna,Sin restricción,POINT (-60.6907258 -32.880244),"['Ricardo Gutierrez', 'Juan Agustín Maza']",2,Ricardo Gutierrez; Juan Agustín Maza,-32.880244,-60.6907258,55.0,538.0,Municipio Rosario,Municipio,Rosario,820210,Servicio de Catastro e Información Territorial,IGN
2012,14000,2012-10-14,Domingo,0.0,07:00:00,,0.0,2,"Automóvil,Moto/Ciclomotor",J.Colombres 1600,2,1,0,0,1,0,0,,Avenida,,ROSARIO,Rosario,Asfalto,No existe,II,Dentro,Urbana,Semáforo,Funciona,Recta,Bueno,Buena,Diurna,Buen Tiempo,Lateral,S/D,Colisión,Otro,S/D,Cordón divisorio,Sin restricción,"-32.8936678, -60.6855208",['J Colombres 1600'],1,J Colombres 1600,-32.8936678,-60.6855208,55.0,538.0,Municipio Rosario,Municipio,Rosario,820210,Servicio de Catastro e Información Territorial,IGN
2012,14001,2012-10-03,Miercoles,0.0,09:00:00,,0.0,2,"Moto/Ciclomotor,Automóvil",P.L.Funes Y J.J.Paso,2,1,0,0,1,0,0,,Calle,,ROSARIO,Rosario,Asfalto,No existe,II,Dentro,Urbana,Semáforo,Funciona,Intersección,Bueno,Buena,Diurna,Buen Tiempo,De alcance,S/D,Colisión,S/D,Vertical,Ninguna,Sin restricción,POINT (-60.7019811 -32.9199072),"['Funes', 'Paso']",2,Deán Gregorio Funes; Avenida Juan José Paso,-32.9199072,-60.7019811,55.0,538.0,Municipio Rosario,Municipio,Rosario,820210,Servicio de Catastro e Información Territorial,IGN
2012,14003,2012-10-11,Jueves,0.0,17:30:00,,0.0,2,"Moto/Ciclomotor,Automóvil",Guatemala Y Montevideo,3,2,0,0,0,0,1,,Calle,,ROSARIO,Rosario,Asfalto,No existe,II,Dentro,Urbana,Ninguna,No existe,Intersección,Bueno,Buena,Diurna,Buen Tiempo,S/D,S/D,Colisión,S/D,Horizontal,Ninguna,Sin restricción,POINT (-60.71697470000001 -32.947572199999996),"['Guatemala', 'Montevideo']",2,Guatemala; Montevideo,-32.9475722,-60.71697470000001,55.0,538.0,Municipio Rosario,Municipio,Rosario,820210,Servicio de Catastro e Información Territorial,IGN
2012,14007,2012-10-07,Domingo,0.0,12:30:00,,0.0,2,"Moto/Ciclomotor,Automóvil",Av. Genova Y Av. Provincias Unidas,2,1,0,0,1,0,0,,Avenida,,ROSARIO,Rosario,Asfalto,No existe,II,Dentro,Urbana,Ninguna,No existe,Intersección,Bueno,Buena,Diurna,Buen Tiempo,Lateral,S/D,Colisión,S/D,Faltante,S/D,Sin restricción,POINT (-60.713807349999996 -32.916028749999995),"['Genova', 'Avenida Provincias Unidas']",2,Avenida Génova; Avenida Provincias Unidas,-32.916028749999995,-60.71380735,55.0,538.0,Municipio Rosario,Municipio,Rosario,820210,Servicio de Catastro e Información Territorial,IGN
2012,14009,2012-10-11,Jueves,0.0,23:35:00,,0.0,2,"Automóvil,Moto/Ciclomotor",Derqui Y Fraga,2,1,0,0,1,0,0,,Calle,,ROSARIO,Rosario,Asfalto,No existe,II,Dentro,Urbana,Ninguna,No existe,Intersección,Bueno,Buena,Nocturna,Buen Tiempo,S/D,S/D,Colisión,S/D,Horizontal,Ninguna,Sin restricción,POINT (-60.710338 -32.937963399999994),"['Derqui', 'Fraga']",2,Derqui; Rosendo María Fraga,-32.937963399999994,-60.710338,55.0,538.0,Municipio Rosario,Municipio,Rosario,820210,Servicio de Catastro e Información Territorial,IGN
2012,14011,2012-10-10,Miercoles,0.0,14:00:00,,0.0,2,"Automóvil,Moto/Ciclomotor",JUAN PABLO II 1340 ,2,1,0,0,1,0,0,,Avenida,,ROSARIO,Rosario,Asfalto,No existe,II,Dentro,Urbana,Semáforo,Funciona,Recta,Bueno,Buena,Diurna,Buen Tiempo,Lateral,S/D,Colisión,S/D,Vertical,Ninguna,Sin restricción,"-33.01566212513763, -60.652690876468355",['Juan Pablo Ii 1340'],1,Juan Pablo Ii 1340,-33.01566212513763,-60.65269087646836,55.0,538.0,Municipio Rosario,Municipio,Rosario,820210,Servicio de Catastro e Información Territorial,IGN
2012,14012,2012-10-12,Viernes,0.0,08:45:00,,0.0,2,"Automóvil,Automóvil",Av. Eva Peron Y Peru,2,1,0,0,1,0,0,,Calle,,ROSARIO,Rosario,Asfalto,No existe,II,Dentro,Urbana,Semáforo,Funciona,Recta,Bueno,Buena,Diurna,Buen Tiempo,De alcance,S/D,Colisión,S/D,Vertical,Barrera de hormigón,Sin restricción,POINT (-60.711748099999994 -32.933223649999995),"['Avenida Eva Perón', 'Peru']",2,Avenida Eva Perón; Perú,-32.933223649999995,-60.7117481,55.0,538.0,Municipio Rosario,Municipio,Rosario,820210,Servicio de Catastro e Información Territorial,IGN
2012,14014,2012-10-04,Jueves,0.0,11:00:00,,0.0,2,"Pickup/Utilitario,Automóvil",F.More Y 9 De Julio,4,1,0,0,3,0,0,,Calle,,ROSARIO,Rosario,Asfalto,No existe,II,Dentro,Urbana,S/D,No existe,Recta,Bueno,Buena,Diurna,Otro,S/D,S/D,Colisión,S/D,Horizontal,Barrera de alto impacto,S/D,POINT (-60.6935865 -32.9444262),"['Felipe Moré', '9 de Julio']",2,Felipe Moré; 9 de Julio,-32.9444262,-60.6935865,55.0,538.0,Municipio Rosario,Municipio,Rosario,820210,Servicio de Catastro e Información Territorial,IGN
2012,14016,2012-10-14,Domingo,0.0,04:45:00,,0.0,1,Peatón,Av. Genova 2300,2,1,0,0,0,0,1,,Calle,,ROSARIO,Rosario,Asfalto,No existe,II,Dentro,Urbana,Ninguna,No existe,Recta,Bueno,Buena,Nocturna,Buen Tiempo,Otro,S/D,Atropello,S/D,Faltante,Ninguna,Sin restricción,"-32.9151878, -60.6852461",['Genova 2300'],1,Genova 2300,-32.9151878,-60.6852461,55.0,538.0,Municipio Rosario,Municipio,Rosario,820210,Servicio de Catastro e Información Territorial,IGN
2012,14019,2012-10-01,Lunes,0.0,15:30:00,,0.0,2,"Automóvil,Moto/Ciclomotor",Cerrito Y Alsina,2,1,0,0,1,0,0,,Calle,,ROSARIO,Rosario,Asfalto,No existe,II,Dentro,Urbana,Ninguna,No existe,Intersección,Bueno,Buena,Diurna,Buen Tiempo,Lateral,S/D,Colisión,S/D,S/D,Ninguna,S/D,POINT (-60.6803033 -32.9550449),"['Cerrito', 'Alsina']",2,Cerrito; Alsina,-32.9550449,-60.6803033,55.0,538.0,Municipio Rosario,Municipio,Rosario,820210,Servicio de Catastro e Información Territorial,IGN
2012,14023,2012-10-04,Jueves,0.0,12:30:00,,0.0,2,"Peatón,Automóvil",Bolivia Y Derqui,2,1,0,0,0,0,1,,Calle,,ROSARIO,Rosario,Asfalto,No existe,II,Dentro,Urbana,Ninguna,No existe,Intersección,Bueno,Buena,Diurna,Buen Tiempo,S/D,S/D,Atropello,S/D,Horizontal,Ninguna,Sin restricción,POINT (-60.7139654 -32.938073800000005),"['Bolivia', 'Derqui']",2,Bolivia; Derqui,-32.938073800000005,-60.7139654,55.0,538.0,Municipio Rosario,Municipio,Rosario,820210,Servicio de Catastro e Información Territorial,IGN
2012,14024,2012-10-06,Sabado,0.0,14:10:00,,0.0,2,"Automóvil,Moto/Ciclomotor",Av. Francia Y Cerrito,2,1,0,0,1,0,0,,Avenida,,ROSARIO,Rosario,Asfalto,S/D,II,Dentro,Urbana,Ninguna,S/D,Recta,Bueno,S/D,S/D,Buen Tiempo,Lateral,S/D,Colisión,S/D,S/D,Cordón divisorio,Sin restricción,POINT (-60.669415650000005 -32.9569882),"['Avenida Francia', 'Cerrito']",2,Avenida Francia; Cerrito,-32.9569882,-60.669415650000005,55.0,538.0,Municipio Rosario,Municipio,Rosario,820210,Servicio de Catastro e Información Territorial,IGN
2012,14026,2012-10-04,Jueves,0.0,,,0.0,2,"Moto/Ciclomotor,Automóvil",Rioja Y Camilo Aldao,3,2,0,0,1,0,0,,Calle,,ROSARIO,Rosario,Asfalto,No existe,II,Dentro,Urbana,Ninguna,No existe,Intersección,Bueno,Buena,S/D,Buen Tiempo,S/D,S/D,Colisión,S/D,Horizontal,Ninguna,Sin restricción,POINT (-60.696079 -32.93777509999999),"['Rioja', 'Camilo Aldao']",2,Rioja; Camilo Aldao,-32.93777509999999,-60.696079,55.0,538.0,Municipio Rosario,Municipio,Rosario,820210,Servicio de Catastro e Información Territorial,IGN
2012,14027,2012-10-07,Domingo,0.0,11:20:00,,0.0,1,Moto/Ciclomotor,Bv. 27 De Febrero Y Castellanos,2,1,0,0,0,0,1,,Avenida,,ROSARIO,Rosario,Asfalto,S/D,II,Dentro,Urbana,Semáforo,S/D,Recta,Bueno,S/D,S/D,Buen Tiempo,Lateral,S/D,Colisión,S/D,S/D,Ninguna,S/D,POINT (-60.680369799999994 -32.96100625),"['27 de Febrero', 'Aaron Castellanos']",2,Bulevar 27 de Febrero; Aaron Castellanos,-32.96100625,-60.6803698,55.0,538.0,Municipio Rosario,Municipio,Rosario,820210,Servicio de Catastro e Información Territorial,IGN
2012,14030,2012-10-20,Sabado,0.0,09:30:00,,0.0,3,"Moto/Ciclomotor,Bicicleta,Moto/Ciclomotor",LESGARZA Y P.L.FUNES,4,2,1,0,0,0,1,,S/D,,ROSARIO,Rosario,Asfalto,No existe,II,S/D,S/D,Ninguna,No existe,S/D,Deteriorada,S/D,S/D,Otro,Lateral,S/D,Colisión,S/D,Faltante,Ninguna,Sin restricción,POINT (-60.7001289 -32.96664870000001),"['Joaquín Lejarza', 'Funes']",2,Joaquín Lejarza; Deán Gregorio Funes,-32.96664870000001,-60.7001289,55.0,538.0,Municipio Rosario,Municipio,Rosario,820210,Servicio de Catastro e Información Territorial,IGN
2012,14031,2012-10-10,Miercoles,0.0,11:15:00,,0.0,2,"Automóvil,Moto/Ciclomotor",Bv. Avellaneda Y Virasoro,2,1,0,0,1,0,0,,Avenida,,ROSARIO,Rosario,Asfalto,S/D,II,Dentro,Urbana,S/D,S/D,Intersección,Bueno,S/D,S/D,Buen Tiempo,Lateral,S/D,Colisión,S/D,S/D,Cordón divisorio,S/D,POINT (-60.68506785 -32.962598),"['Avellaneda', 'Virasoro']",2,Bulevar Nicolás Avellaneda; Benjamín Virasoro,-32.962598,-60.68506785,55.0,538.0,Municipio Rosario,Municipio,Rosario,820210,Servicio de Catastro e Información Territorial,IGN
2012,14036,2012-10-03,Miercoles,0.0,12:10:00,,0.0,2,"Moto/Ciclomotor,Automóvil",San Juan Y Matienzo,4,3,0,0,0,0,1,,S/D,,ROSARIO,Rosario,Asfalto,No existe,II,S/D,S/D,Ninguna,Funciona,Intersección,Bueno,Buena,Diurna,Buen Tiempo,S/D,S/D,Colisión,S/D,Vertical,Ninguna,Sin restricción,POINT (-60.694659 -32.94064099999999),"['San Juan', 'Matienzo']",2,San Juan; Benjamín Matienzo,-32.94064099999999,-60.694659,55.0,538.0,Municipio Rosario,Municipio,Rosario,820210,Servicio de Catastro e Información Territorial,IGN
2012,14044,2012-10-14,Domingo,0.0,18:45:00,,0.0,2,"Automóvil,Bicicleta",Lavalle 2042,2,1,0,0,1,0,0,,Calle,,ROSARIO,Rosario,Asfalto,No existe,II,Dentro,Urbana,Ninguna,No existe,Recta,Bueno,Buena,Atardecer,Buen Tiempo,Otro,S/D,Atropello,S/D,Horizontal,Ninguna,Sin restricción,"-32.95411233673469, -60.681606275510205",['Lavalle 2042'],1,Lavalle 2042,-32.95411233673469,-60.681606275510205,55.0,538.0,Municipio Rosario,Municipio,Rosario,820210,Servicio de Catastro e Información Territorial,IGN
2012,14101,2012-10-01,Lunes,0.0,03:00:00,,0.0,2,"Moto/Ciclomotor,Automóvil",Av. Provincias Unidas Y San Lorenzo,2,1,0,0,1,0,0,,Calle,,ROSARIO,Rosario,Asfalto,No existe,II,Dentro,Urbana,Semáforo,Intermitente,Recta,Bueno,Buena,Nocturna,Buen Tiempo,S/D,S/D,Colisión,S/D,Vertical,Barrera de hormigón,Sin restricción,POINT (-60.71288325 -32.934510450000005),"['Avenida Provincias Unidas', 'San Lorenzo']",2,Avenida Provincias Unidas; San Lorenzo,-32.934510450000005,-60.71288325,55.0,538.0,Municipio Rosario,Municipio,Rosario,820210,Servicio de Catastro e Información Territorial,IGN