anio_acci,nro_acci,fecha,desc_dia,fecha_aprox,hora_aprox,desc_ruta,km,cant_participantes,desc_participante,calle_avenida_km,total,heridos_leves,heridos_graves,heridos_gravisimos,ilesos,fallecidos,sin_datos,posicion_XY,desc_tipo_via,desc_ruta_ori,desc_loc,desc_dpto,desc_tipo_calzada,desc_tipo_banquina,desc_unidad_regional,desc_lugar_calzada,desc_zona,desc_prioridad,desc_estado_semaforo,desc_lugar_via,desc_estado_via,desc_estado_visibilidad,desc_luminosidad,desc_estado_clima,desc_tipo_colision,desc_tipo_atropello,desc_tipo_hecho,desc_pres_calzada,desc_senializacion,desc_separacion_via,desc_restriccion,forma_geocod,calle_lista,numero_calles,calles_osm,lat,lon,index_right,gid,fna,gna,nam,in1,fdc,sag
2012,14107,2012-10-26,Viernes,0.0,15:15:00,,0.0,2,"Moto/Ciclomotor,Moto/Ciclomotor",Urquiza Y Santiago,2,1,0,0,1,0,0,,Calle,,ROSARIO,Rosario,Asfalto,S/D,II,Dentro,Urbana,S/D,No existe,Recta,S/D,Buena,Diurna,Buen Tiempo,Lateral,S/D,Colisión,S/D,S/D,S/D,S/D,POINT (-60.6551027 -32.939761499999996),"['Urquiza', 'Santiago']",2,Justo José de Urquiza; Santiago,-32.9397615,-60.6551027,55.0,538.0,Municipio Rosario,Municipio,Rosario,820210,Servicio de Catastro e Información Territorial,IGN
2012,14109,2012-10-12,Viernes,0.0,14:30:00,,0.0,2,"Moto/Ciclomotor,Automóvil",Chubut Y Ecuador,2,1,0,0,1,0,0,,S/D,,ROSARIO,Rosario,Asfalto,No existe,II,S/D,S/D,Ninguna,No existe,Intersección,Bueno,Buena,Diurna,Buen Tiempo,S/D,S/D,Colisión,S/D,Horizontal,Ninguna,Sin restricción,POINT (-60.714769100000005 -32.9457133),"['Chubut', 'Ecuador']",2,Chubut; Ecuador,-32.9457133,-60.714769100000005,55.0,538.0,Municipio Rosario,Municipio,Rosario,820210,Servicio de Catastro e Información Territorial,IGN
2012,14114,2012-10-14,Domingo,0.0,17:00:00,,0.0,2,"Pickup/Utilitario,Automóvil",Garzon Y Montevideo,5,4,0,0,1,0,0,,Calle,,ROSARIO,Rosario,Asfalto,No existe,II,Dentro,Urbana,Ninguna,No existe,Intersección,Bueno,Buena,Diurna,Buen Tiempo,S/D,S/D,Colisión,S/D,Horizontal,Ninguna,Sin restricción,POINT (-60.7053528 -32.94726349999999),"['Garzón', 'Montevideo']",2,Garzón; Montevideo,-32.94726349999999,-60.7053528,55.0,538.0,Municipio Rosario,Municipio,Rosario,820210,Servicio de Catastro e Información Territorial,IGN
2012,14115,2012-10-15,Lunes,0.0,17:15:00,,0.0,2,"Automóvil,Automóvil",Av. Provincias Unidas Y Cochabamba,2,1,0,0,1,0,0,,Calle,,ROSARIO,Rosario,Asfalto,No existe,II,Dentro,Urbana,Semáforo,Intermitente,Intersección,Bueno,Buena,Diurna,Buen Tiempo,S/D,S/D,Colisión,S/D,Vertical,Barrera de hormigón,Sin restricción,POINT (-60.71220315 -32.949799999999996),"['Avenida Provincias Unidas', 'Cochabamba']",2,Avenida Provincias Unidas; Cochabamba,-32.9498,-60.71220315,55.0,538.0,Municipio Rosario,Municipio,Rosario,820210,Servicio de Catastro e Información Territorial,IGN
2012,14118,2012-10-15,Lunes,0.0,20:50:00,,0.0,2,"Automóvil,Moto/Ciclomotor",Av. Eva Peron Y Roullon,2,1,0,0,1,0,0,,Calle,,ROSARIO,Rosario,Asfalto,No existe,II,Dentro,Urbana,Semáforo,Funciona,Intersección,Bueno,Buena,Nocturna,Buen Tiempo,S/D,S/D,Colisión,S/D,Vertical,Barrera de hormigón,Sin restricción,POINT (-60.702488200000005 -32.93484190000001),"['Avenida Eva Perón', 'Alfredo Rouillón']",2,Avenida Eva Perón; Alfredo Rouillón,-32.93484190000001,-60.702488200000005,55.0,538.0,Municipio Rosario,Municipio,Rosario,820210,Servicio de Catastro e Información Territorial,IGN
2012,14120,2012-10-16,Martes,0.0,01:15:00,,0.0,2,"Pickup/Utilitario,Automóvil",Av. Pellegrini Y Av. Provincias Unidas,2,2,0,0,0,0,0,,Avenida,,ROSARIO,Rosario,Asfalto,No existe,II,Dentro,Urbana,Semáforo,Intermitente,Recta,Bueno,Buena,"Nocturna,Con luz artificial",Buen Tiempo,S/D,S/D,Colisión,S/D,Vertical,Barrera de hormigón,Sin restricción,POINT (-60.71226145 -32.948578),"['Pellegrini', 'Avenida Provincias Unidas']",2,Avenida Carlos Pellegrini; Avenida Provincias Unidas,-32.948578,-60.71226145,55.0,538.0,Municipio Rosario,Municipio,Rosario,820210,Servicio de Catastro e Información Territorial,IGN
2012,14123,2012-10-10,Miercoles,0.0,22:40:00,,0.0,2,"Moto/Ciclomotor,Automóvil",Santa Fe Y Suipacha,2,1,0,0,1,0,0,,Calle,,ROSARIO,Rosario,Asfalto,S/D,II,Dentro,Urbana,Policía de tránsito,Funciona,Intersección,Bueno,Buena,"Nocturna,Con luz artificial",Buen Tiempo,Lateral,S/D,Colisión,S/D,Vertical,S/D,Sin restricción,POINT (-60.6638496 -32.94044770000001),"['Santa Fe', 'Suipacha']",2,Santa Fe; Suipacha,-32.94044770000001,-60.6638496,55.0,538.0,Municipio Rosario,Municipio,Rosario,820210,Servicio de Catastro e Información Territorial,IGN
2012,14125,2012-10-11,Jueves,0.0,10:30:00,,0.0,2,"Automóvil,Automóvil",Santa Fe Y Ricchieri,2,1,0,0,1,0,0,,Calle,,ROSARIO,Rosario,Asfalto,S/D,II,Dentro,Urbana,S/D,Funciona,Recta,Bueno,Buena,Diurna,Buen Tiempo,De alcance,S/D,Colisión,S/D,Vertical,S/D,S/D,POINT (-60.6625073 -32.94067769999999),"['Santa Fe', 'Ricchieri']",2,Santa Fe; Ricchieri,-32.94067769999999,-60.6625073,55.0,538.0,Municipio Rosario,Municipio,Rosario,820210,Servicio de Catastro e Información Territorial,IGN
2012,14129,2012-10-12,Viernes,0.0,08:10:00,,0.0,2,"Automóvil,Automóvil",Av. Del Valle Y Av. Ovidio Lagos,3,1,0,0,2,0,0,,Avenida,,ROSARIO,Rosario,Asfalto,S/D,II,Dentro,Urbana,S/D,No existe,Recta,Bueno,Buena,"Atardecer,Con luz artificial",Buen Tiempo,De alcance,S/D,Colisión,S/D,Vertical,S/D,S/D,POINT (-60.65863300000001 -32.9310287),"['Del Valle', 'Avenida Ovidio Lagos']",2,Avenida Aristóbulo del Valle; Avenida Ovidio Lagos,-32.9310287,-60.65863300000001,55.0,538.0,Municipio Rosario,Municipio,Rosario,820210,Servicio de Catastro e Información Territorial,IGN
2012,14132,2012-10-16,Martes,0.0,15:45:00,,0.0,2,"Automóvil,Moto/Ciclomotor",Cordoba Y Matienzo,2,1,0,0,1,0,0,,Calle,,ROSARIO,Rosario,Asfalto,No existe,II,Dentro,Urbana,Semáforo,Funciona,Recta,Bueno,Buena,Diurna,Buen Tiempo,S/D,S/D,S/D,S/D,Vertical,Ninguna,Sin restricción,POINT (-60.693881399999995 -32.96057929999999),"['Córdoba', 'Matienzo']",2,Córdoba; Benjamín Matienzo,-32.96057929999999,-60.6938814,55.0,538.0,Municipio Rosario,Municipio,Rosario,820210,Servicio de Catastro e Información Territorial,IGN
2012,14136,2012-10-14,Domingo,0.0,13:50:00,,0.0,2,"Moto/Ciclomotor,Moto/Ciclomotor",Santa Fe Y Alsina,2,2,0,0,0,0,0,,Calle,,ROSARIO,Rosario,Asfalto,S/D,II,Dentro,Urbana,S/D,Funciona,Intersección,Bueno,Buena,Diurna,Buen Tiempo,Frontal,S/D,Colisión,S/D,Vertical,S/D,S/D,POINT (-60.676048 -32.9382392),"['Santa Fe', 'Alsina']",2,Santa Fe; Alsina,-32.9382392,-60.676048,55.0,538.0,Municipio Rosario,Municipio,Rosario,820210,Servicio de Catastro e Información Territorial,IGN
2012,14137,2012-10-15,Lunes,0.0,00:10:00,,0.0,2,"Peatón,Automóvil",Cafferata Y Urquiza,2,1,0,0,1,0,0,,Calle,,ROSARIO,Rosario,Asfalto,No existe,II,Dentro,Urbana,Semáforo,Funciona,Recta,S/D,Buena,"Nocturna,Con luz artificial",Buen Tiempo,Otro,S/D,Atropello,Otro,S/D,Ninguna,Sin restricción,POINT (-60.6700925 -32.9371023),"['Cafferata', 'Urquiza']",2,Cafferata; Justo José de Urquiza,-32.9371023,-60.6700925,55.0,538.0,Municipio Rosario,Municipio,Rosario,820210,Servicio de Catastro e Información Territorial,IGN
2012,14138,2012-10-25,Jueves,0.0,05:00:00,,0.0,2,"Moto/Ciclomotor,Automóvil",Av. Pellegrini Y Peru,2,1,0,0,1,0,0,,Calle,,ROSARIO,Rosario,Asfalto,No existe,II,Dentro,Urbana,Ninguna,No existe,Recta,Bueno,Buena,"Amanecer,Con luz artificial",Buen Tiempo,S/D,S/D,Colisión,S/D,Horizontal,Barrera de hormigón,Sin restricción,POINT (-60.7110387 -32.948551050000006),"['Pellegrini', 'Peru']",2,Avenida Carlos Pellegrini; Perú,-32.948551050000006,-60.7110387,55.0,538.0,Municipio Rosario,Municipio,Rosario,820210,Servicio de Catastro e Información Territorial,IGN
2012,14139,2012-10-16,Martes,0.0,11:30:00,,0.0,2,"Moto/Ciclomotor,Automóvil",Catamarca Y Pueyrredon,2,1,0,0,1,0,0,,Calle,,ROSARIO,Rosario,Asfalto,No existe,II,Dentro,Urbana,Ninguna,No existe,Recta,Bueno,Buena,Diurna,Buen Tiempo,Otro,S/D,Colisión,Otro,Faltante,Ninguna,Sin restricción,POINT (-60.6558961 -32.93715339999999),"['Catamarca', 'Pueyrredón']",2,Catamarca; Pueyrredón,-32.93715339999999,-60.6558961,55.0,538.0,Municipio Rosario,Municipio,Rosario,820210,Servicio de Catastro e Información Territorial,IGN
2012,14141,2012-10-18,Jueves,0.0,18:00:00,,0.0,2,"Moto/Ciclomotor,Automóvil",Rivadavia Y Av. Ovidio Lagos,2,1,0,0,0,0,1,,Avenida,,ROSARIO,Rosario,Asfalto,No existe,II,Dentro,Urbana,Semáforo,Funciona,Otro,Otro,Buena,Diurna,Buen Tiempo,Otro,S/D,Colisión,Otro,Faltante,Ninguna,Sin restricción,POINT (-60.672997499999994 -32.989899199999996),"['Rivadavia', 'Avenida Ovidio Lagos']",2,Avenida Bernardino Rivadavia; Avenida Ovidio Lagos,-32.9898992,-60.6729975,55.0,538.0,Municipio Rosario,Municipio,Rosario,820210,Servicio de Catastro e Información Territorial,IGN
2012,14142,2012-10-25,Jueves,0.0,16:30:00,,0.0,2,"Moto/Ciclomotor,Automóvil",Fraga Y Derqui,2,1,0,0,1,0,0,,Calle,,ROSARIO,Rosario,Asfalto,No existe,II,Dentro,Urbana,Semáforo,No existe,Intersección,Bueno,Buena,Diurna,Buen Tiempo,Frontal,S/D,Colisión,S/D,Horizontal,Ninguna,Sin restricción,POINT (-60.710338 -32.937963399999994),"['Fraga', 'Derqui']",2,Rosendo María Fraga; Derqui,-32.937963399999994,-60.710338,55.0,538.0,Municipio Rosario,Municipio,Rosario,820210,Servicio de Catastro e Información Territorial,IGN
2012,14143,2012-10-19,Viernes,0.0,10:30:00,,0.0,2,"Moto/Ciclomotor,Automóvil",Salta Y Suipacha,2,1,0,0,0,0,1,,Calle,,ROSARIO,Rosario,Asfalto,No existe,II,Dentro,Urbana,Semáforo,Funciona,Otro,Bueno,Buena,Diurna,Buen Tiempo,Otro,S/D,Colisión,Otro,Horizontal,Ninguna,Sin restricción,POINT (-60.6624133 -32.9348077),"['Salta', 'Suipacha']",2,Salta; Suipacha,-32.9348077,-60.6624133,55.0,538.0,Municipio Rosario,Municipio,Rosario,820210,Servicio de Catastro e Información Territorial,IGN
2012,14175,2012-10-15,Lunes,0.0,20:00:00,,0.0,2,"Automóvil,Bicicleta",Av. Francia Y Ocampo,2,1,0,0,1,0,0,,Avenida,,ROSARIO,Rosario,Asfalto,No existe,II,S/D,Urbana,Semáforo,Funciona,Recta,Bueno,Buena,Atardecer,Buen Tiempo,Otro,S/D,Atropello,S/D,Horizontal,Ninguna,Sin restricción,POINT (-60.67057320000001 -32.9615678),"['Avenida Francia', 'Ocampo']",2,Avenida Francia; Ocampo,-32.9615678,-60.67057320000001,55.0,538.0,Municipio Rosario,Municipio,Rosario,820210,Servicio de Catastro e Información Territorial,IGN
2012,14176,2012-10-01,Lunes,0.0,12:00:00,,0.0,2,"Bicicleta,Automóvil",Solis Y Av. Pte.Peron,2,1,0,0,1,0,0,,Calle,,ROSARIO,Rosario,Asfalto,No existe,II,Dentro,Urbana,Ninguna,No existe,Intersección,Deteriorada,Buena,S/D,Otro,S/D,S/D,Atropello,Otro,Faltante,Ninguna,Sin restricción,POINT (-60.702429949999996 -32.96342739999999),"['Solis', 'Avenida Presidente Perón']",2,Juan Díaz de Solís; Avenida Presidente Perón,-32.96342739999999,-60.70242995,55.0,538.0,Municipio Rosario,Municipio,Rosario,820210,Servicio de Catastro e Información Territorial,IGN
2012,14177,2012-10-17,Miercoles,0.0,15:30:00,,0.0,2,"Automóvil,Moto/Ciclomotor",Av. Pte.Peron Y San Nicolas,2,1,0,0,1,0,0,,Avenida,,ROSARIO,Rosario,Asfalto,Pavimento,II,S/D,Urbana,Semáforo,Funciona,Intersección,Bueno,Buena,Diurna,Buen Tiempo,Otro,S/D,Colisión,S/D,Vertical,S/D,Sin restricción,POINT (-60.6764689 -32.95676415),"['Avenida Presidente Perón', 'San Nicolás']",2,Avenida Presidente Perón; San Nicolás,-32.95676415,-60.6764689,55.0,538.0,Municipio Rosario,Municipio,Rosario,820210,Servicio de Catastro e Información Territorial,IGN
2012,14178,2012-10-27,Sabado,0.0,17:50:00,,0.0,2,"Moto/Ciclomotor,Automóvil",Av. Ovidio Lagos Y Santa Fe,2,1,0,0,1,0,0,,Avenida,,ROSARIO,Rosario,Hormigón,S/D,II,Dentro,Urbana,S/D,Funciona,Intersección,Bueno,S/D,Diurna,Buen Tiempo,Frontal,S/D,Colisión,S/D,Vertical,S/D,S/D,POINT (-60.661118 -32.94092100000001),"['Avenida Ovidio Lagos', 'Santa Fe']",2,Avenida Ovidio Lagos; Santa Fe,-32.94092100000001,-60.661118,55.0,538.0,Municipio Rosario,Municipio,Rosario,820210,Servicio de Catastro e Información Territorial,IGN
2012,14180,2012-10-03,Miercoles,0.0,20:30:00,,0.0,2,"Automóvil,Automóvil",Bv. 27 De Febrero Y Liniers,3,1,0,0,2,0,0,,Calle,,ROSARIO,Rosario,Asfalto,No existe,II,Dentro,Urbana,Ninguna,No existe,S/D,Deteriorada,Buena,S/D,Otro,Lateral,S/D,Colisión,Otro,Faltante,Ninguna,Sin restricción,POINT (-60.6978255 -32.958853149999996),"['27 de Febrero', 'Liniers']",2,Bulevar 27 de Febrero; Liniers,-32.95885315,-60.6978255,55.0,538.0,Municipio Rosario,Municipio,Rosario,820210,Servicio de Catastro e Información Territorial,IGN
2012,14182,2012-10-04,Jueves,0.0,06:45:00,,0.0,2,"Automóvil,Automóvil",Roullon Y Av. Pte.Peron,2,1,0,0,0,0,1,,S/D,,ROSARIO,Rosario,Asfalto,No existe,II,S/D,Urbana,Semáforo,Funciona,Intersección,Deteriorada,Reducida,S/D,Otro,Lateral,S/D,Colisión,Otro,Vertical,Ninguna,Sin restricción,POINT (-60.701373475000004 -32.96289577499999),"['Alfredo Rouillón', 'Avenida Presidente Perón']",2,Alfredo Rouillón; Avenida Presidente Perón,-32.96289577499999,-60.701373475,55.0,538.0,Municipio Rosario,Municipio,Rosario,820210,Servicio de Catastro e Información Territorial,IGN
2012,14185,2012-10-11,Jueves,0.0,00:25:00,,0.0,2,"Moto/Ciclomotor,Automóvil",Larrea Y Av. Pte.Peron,4,2,0,0,2,0,0,,Calle,,ROSARIO,Rosario,Asfalto,No existe,II,Dentro,Urbana,Ninguna,No existe,Intersección,Deteriorada,Reducida,Con luz artificial,Otro,Lateral,S/D,Colisión,Otro,Faltante,Ninguna,Sin restricción,POINT (-60.6964425 -32.960417899999996),"['Larrea', 'Avenida Presidente Perón']",2,Larrea; Avenida Presidente Perón,-32.9604179,-60.6964425,55.0,538.0,Municipio Rosario,Municipio,Rosario,820210,Servicio de Catastro e Información Territorial,IGN
2012,14186,2012-10-12,Viernes,0.0,12:30:00,,0.0,2,"Moto/Ciclomotor,Automóvil",GODOY Y MATIENZO,2,1,0,0,1,0,0,,Calle,,ROSARIO,Rosario,Asfalto,No existe,II,Dentro,Urbana,Semáforo,Funciona,Intersección,Deteriorada,Buena,Con luz artificial,Otro,Lateral,S/D,Colisión,Otro,Vertical,Ninguna,Sin restricción,POINT (-60.69394319999999 -32.95915754999999),"['Avenida Presidente Perón', 'Matienzo']",2,Avenida Presidente Perón; Benjamín Matienzo,-32.95915754999999,-60.69394319999999,55.0,538.0,Municipio Rosario,Municipio,Rosario,820210,Servicio de Catastro e Información Territorial,IGN
2012,14188,2012-10-03,Miercoles,0.0,18:00:00,,0.0,2,"Moto/Ciclomotor,Moto/Ciclomotor",Velez Sarsfield Y Florida,2,1,0,0,1,0,0,,Calle,,ROSARIO,Rosario,Asfalto,No existe,II,Dentro,Urbana,Ninguna,No existe,Intersección,Bueno,Buena,Atardecer,Buen Tiempo,Lateral,S/D,Colisión,S/D,Faltante,Ninguna,Sin restricción,POINT (-60.683336600000004 -32.92507620000001),"['Vélez Sarsfield', 'Florida']",2,Vélez Sarsfield; Florida,-32.92507620000001,-60.6833366,55.0,538.0,Municipio Rosario,Municipio,Rosario,820210,Servicio de Catastro e Información Territorial,IGN
2012,14189,2012-10-12,Viernes,0.0,17:00:00,,0.0,3,"Moto/Ciclomotor,Moto/Ciclomotor,Automóvil",Roullon Y Galvez,4,3,0,0,1,0,0,,Calle,,ROSARIO,Rosario,Asfalto,No existe,II,Dentro,Urbana,Ninguna,No existe,Intersección,Deteriorada,S/D,Atardecer,Otro,Lateral,S/D,Colisión,Otro,Faltante,Ninguna,Sin restricción,POINT (-60.70145345 -32.96021354999999),"['Alfredo Rouillón', 'Galvez']",2,Alfredo Rouillón; José Gálvez,-32.96021354999999,-60.70145345,55.0,538.0,Municipio Rosario,Municipio,Rosario,820210,Servicio de Catastro e Información Territorial,IGN
2012,14197,2012-10-17,Miercoles,0.0,12:13:00,,0.0,1,Transporte de Pasajeros Urbano (> 8 asientos),Av. Pte.Peron Y Iriondo,2,1,0,0,0,0,1,,Avenida,,ROSARIO,Rosario,Asfalto,Pavimento,II,S/D,Urbana,Semáforo,Funciona,Intersección,Bueno,Buena,Diurna,Buen Tiempo,Otro,S/D,Otro,S/D,Vertical,S/D,Sin restricción,POINT (-60.6735471 -32.956423000000015),"['Avenida Presidente Perón', 'Iriondo']",2,Avenida Presidente Perón; Iriondo,-32.956423000000015,-60.6735471,55.0,538.0,Municipio Rosario,Municipio,Rosario,820210,Servicio de Catastro e Información Territorial,IGN
2012,14202,2012-10-17,Miercoles,0.0,18:00:00,,0.0,2,"Automóvil,Bicicleta",Cafferata Y Galvez,3,2,0,0,0,0,1,,Calle,,ROSARIO,Rosario,Asfalto,S/D,II,S/D,Urbana,S/D,No existe,Intersección,S/D,Buena,Atardecer,Buen Tiempo,Otro,S/D,Atropello,S/D,S/D,Ninguna,Sin restricción,POINT (-60.6766073 -32.9629176),"['Cafferata', 'Galvez']",2,Cafferata; José Gálvez,-32.9629176,-60.6766073,55.0,538.0,Municipio Rosario,Municipio,Rosario,820210,Servicio de Catastro e Información Territorial,IGN
2012,14203,2012-10-26,Viernes,0.0,17:00:00,,0.0,2,"Peatón,Pickup/Utilitario",Bv. Avellaneda Y Av. Pte.Peron,2,1,0,0,1,0,0,,Calle,,ROSARIO,Rosario,Asfalto,Pavimento,II,S/D,Urbana,Semáforo,Funciona,Intersección,Bueno,Buena,Diurna,Buen Tiempo,Otro,S/D,Atropello,S/D,"Horizontal,Vertical",Cordón divisorio,S/D,POINT (-60.683816275 -32.957610325),"['Avellaneda', 'Avenida Presidente Perón']",2,Bulevar Nicolás Avellaneda; Avenida Presidente Perón,-32.957610325,-60.683816275,55.0,538.0,Municipio Rosario,Municipio,Rosario,820210,Servicio de Catastro e Información Territorial,IGN
2012,14205,2012-10-27,Sabado,0.0,22:20:00,,0.0,2,"Moto/Ciclomotor,Peatón",Pasco Y Gutenberg,2,1,0,0,1,0,0,,Calle,,ROSARIO,Rosario,Asfalto,Pavimento,II,S/D,Urbana,Ninguna,No existe,Intersección,Bueno,Buena,Nocturna,Buen Tiempo,S/D,S/D,Atropello,S/D,Faltante,S/D,Sin restricción,POINT (-60.6906164 -32.9507873),"['Pasco', 'Gutenberg']",2,Pasco; Gutenberg,-32.9507873,-60.6906164,55.0,538.0,Municipio Rosario,Municipio,Rosario,820210,Servicio de Catastro e Información Territorial,IGN
2012,14208,2012-10-12,Viernes,0.0,06:15:00,,0.0,2,"Moto/Ciclomotor,Automóvil",Liniers Y Ocampo,2,1,0,0,1,0,0,,Calle,,ROSARIO,Rosario,Asfalto,No existe,II,Dentro,Urbana,Ninguna,No existe,Intersección,Deteriorada,S/D,S/D,Otro,Lateral,S/D,Colisión,Otro,Faltante,Ninguna,Sin restricción,POINT (-60.6978677 -32.957637),"['Liniers', 'Ocampo']",2,Liniers; Ocampo,-32.957637,-60.6978677,55.0,538.0,Municipio Rosario,Municipio,Rosario,820210,Servicio de Catastro e Información Territorial,IGN
2012,14209,2012-10-07,Domingo,0.0,13:00:00,,0.0,2,"Automóvil,Automóvil",Junin Y Don Bosco,2,1,0,0,1,0,0,,Calle,,ROSARIO,Rosario,Asfalto,No existe,II,Dentro,Urbana,Señal Ceda el Paso,No existe,Intersección,Bueno,Buena,Diurna,Buen Tiempo,Lateral,S/D,Colisión,Otro,Faltante,Ninguna,Sin restricción,POINT (-60.6804323 -32.9267154),"['Junín', 'Don Bosco']",2,Junín; Don Bosco,-32.9267154,-60.6804323,55.0,538.0,Municipio Rosario,Municipio,Rosario,820210,Servicio de Catastro e Información Territorial,IGN
2012,14210,2012-10-10,Miercoles,0.0,14:00:00,,0.0,2,"Automóvil,Automóvil",Gorriti Y Bahia Blanca Bis,2,1,0,0,1,0,0,,Calle,,ROSARIO,Rosario,Asfalto,No existe,II,Dentro,Urbana,Señal Pare,No existe,Intersección,Bueno,Buena,Diurna,Buen Tiempo,Lateral,S/D,Colisión,S/D,Faltante,Ninguna,Sin restricción,POINT (-60.6887778 -32.9237031),"['Gorriti', 'Bahía Blanca']",2,Gorriti; Bahía Blanca,-32.9237031,-60.6887778,55.0,538.0,Municipio Rosario,Municipio,Rosario,820210,Servicio de Catastro e Información Territorial,IGN
2012,14237,2012-11-09,Viernes,0.0,21:35:00,,0.0,2,"Bicicleta,Camión",San Martin Y Av. Uriburu,2,0,0,0,1,1,0,,Avenida,,ROSARIO,Rosario,Asfalto,No existe,II,Dentro,Urbana,Semáforo,Funciona,Intersección,S/D,S/D,Nocturna,S/D,S/D,S/D,Atropello,S/D,S/D,Ninguna,Sin restricción,POINT (-60.646703949999996 -32.99069289999999),"['San Martin', 'Uriburu']",2,José de San Martín; Avenida José Uriburu,-32.99069289999999,-60.64670395,55.0,538.0,Municipio Rosario,Municipio,Rosario,820210,Servicio de Catastro e Información Territorial,IGN
2012,14247,2012-10-19,Viernes,0.0,18:25:00,,0.0,2,"Automóvil,Automóvil",Urquiza Y Suipacha,3,1,0,0,2,0,0,,Calle,,ROSARIO,Rosario,Asfalto,No existe,II,Dentro,Urbana,Ninguna,No existe,Otro,Bueno,Buena,Atardecer,Buen Tiempo,Otro,S/D,Colisión,Otro,Faltante,Ninguna,Sin restricción,POINT (-60.6633084 -32.9383186),"['Urquiza', 'Suipacha']",2,Justo José de Urquiza; Suipacha,-32.9383186,-60.6633084,55.0,538.0,Municipio Rosario,Municipio,Rosario,820210,Servicio de Catastro e Información Territorial,IGN
2012,14249,2012-10-12,Viernes,0.0,22:00:00,,0.0,2,"Moto/Ciclomotor,Automóvil",Bv. Segui Y Garzon,2,1,0,0,0,0,1,,Calle,,ROSARIO,Rosario,Asfalto,No existe,II,Dentro,Urbana,Semáforo,Funciona,Intersección,Deteriorada,Reducida,S/D,Otro,S/D,S/D,Colisión,Otro,Vertical,Ninguna,Sin restricción,POINT (-60.70447655 -32.97085324999999),"['Bulevar Juan Francisco Seguí', 'Garzón']",2,Bulevar Juan Francisco Seguí; Garzón,-32.97085324999999,-60.70447655,55.0,538.0,Municipio Rosario,Municipio,Rosario,820210,Servicio de Catastro e Información Territorial,IGN
2012,14250,2012-10-13,Sabado,0.0,08:00:00,,0.0,2,"Automóvil,Taxi/Remis",Camilo Aldao Y Saavedra,5,3,0,0,2,0,0,,Calle,,ROSARIO,Rosario,Asfalto,No existe,II,Dentro,Urbana,Ninguna,No existe,Intersección,Deteriorada,S/D,S/D,Otro,Lateral,S/D,Colisión,Otro,Faltante,Ninguna,Sin restricción,POINT (-60.6948612 -32.9693382),"['Camilo Aldao', 'Saavedra']",2,Camilo Aldao; Saavedra,-32.9693382,-60.6948612,55.0,538.0,Municipio Rosario,Municipio,Rosario,820210,Servicio de Catastro e Información Territorial,IGN
2012,14252,2012-10-21,Domingo,0.0,08:10:00,,0.0,2,"Moto/Ciclomotor,Automóvil",Cafferata Y Catamarca,2,1,0,0,1,0,0,,Calle,,ROSARIO,Rosario,Asfalto,No existe,II,Dentro,Urbana,Semáforo,Funciona,Otro,Bueno,Buena,Diurna,Buen Tiempo,Otro,S/D,Colisión,Otro,Vertical,Ninguna,Sin restricción,POINT (-60.6694858 -32.9347574),"['Cafferata', 'Catamarca']",2,Cafferata; Catamarca,-32.9347574,-60.6694858,55.0,538.0,Municipio Rosario,Municipio,Rosario,820210,Servicio de Catastro e Información Territorial,IGN
2012,14254,2012-10-17,Miercoles,0.0,11:30:00,,0.0,2,"Automóvil,Automóvil",Av. Pte.Peron Y P.L.Funes,2,1,0,0,0,0,1,,Calle,,ROSARIO,Rosario,Asfalto,No existe,II,Dentro,Urbana,Ninguna,No existe,Intersección,Deteriorada,Reducida,S/D,Otro,Frontal,S/D,Colisión,Otro,Faltante,Ninguna,Sin restricción,POINT (-60.710553 -32.9674633),"['Avenida Presidente Perón', 'Funes']",2,"('Avenida Presidente Perón', 'Deán Gregorio Funes')",-32.9674633,-60.710553,55.0,538.0,Municipio Rosario,Municipio,Rosario,820210,Servicio de Catastro e Información Territorial,IGN
2012,14257,2012-10-03,Miercoles,0.0,18:00:00,,0.0,2,"Moto/Ciclomotor,Automóvil",Velez Sarsfield Y Florida,2,1,0,0,1,0,0,,Calle,,ROSARIO,Rosario,Asfalto,No existe,II,Dentro,Urbana,Ninguna,No existe,Intersección,Bueno,Buena,S/D,Buen Tiempo,Lateral,S/D,Colisión,S/D,Faltante,Ninguna,Sin restricción,POINT (-60.683336600000004 -32.92507620000001),"['Vélez Sarsfield', 'Florida']",2,Vélez Sarsfield; Florida,-32.92507620000001,-60.6833366,55.0,538.0,Municipio Rosario,Municipio,Rosario,820210,Servicio de Catastro e Información Territorial,IGN