anio_acci,nro_acci,fecha,desc_dia,fecha_aprox,hora_aprox,desc_ruta,km,cant_participantes,desc_participante,calle_avenida_km,total,heridos_leves,heridos_graves,heridos_gravisimos,ilesos,fallecidos,sin_datos,posicion_XY,desc_tipo_via,desc_ruta_ori,desc_loc,desc_dpto,desc_tipo_calzada,desc_tipo_banquina,desc_unidad_regional,desc_lugar_calzada,desc_zona,desc_prioridad,desc_estado_semaforo,desc_lugar_via,desc_estado_via,desc_estado_visibilidad,desc_luminosidad,desc_estado_clima,desc_tipo_colision,desc_tipo_atropello,desc_tipo_hecho,desc_pres_calzada,desc_senializacion,desc_separacion_via,desc_restriccion,forma_geocod,calle_lista,numero_calles,calles_osm,lat,lon,index_right,gid,fna,gna,nam,in1,fdc,sag
2012,14259,2012-10-27,Sabado,0.0,17:45:00,,0.0,2,"Moto/Ciclomotor,Otros",Av. Pte.Peron Y Servando Bayo,2,1,0,0,0,0,1,,Avenida,,ROSARIO,Rosario,Asfalto,S/D,II,S/D,Urbana,Semáforo,Funciona,Intersección,Bueno,Buena,Diurna,Buen Tiempo,S/D,S/D,Colisión,S/D,Vertical,Cordón divisorio,Sin restricción,POINT (-60.689665000000005 -32.95828664999999),"['Avenida Presidente Perón', 'Servando Bayo']",2,Avenida Presidente Perón; Servando Bayo,-32.95828664999999,-60.689665000000005,55.0,538.0,Municipio Rosario,Municipio,Rosario,820210,Servicio de Catastro e Información Territorial,IGN
2012,14260,2012-10-20,Sabado,0.0,19:25:00,,0.0,2,"Moto/Ciclomotor,Automóvil",Campbell Y Bv. 27 De Febrero,3,2,0,0,1,0,0,,Calle,,ROSARIO,Rosario,Asfalto,No existe,II,Dentro,Urbana,Ninguna,No existe,Intersección,Deteriorada,Reducida,Atardecer,Otro,Lateral,S/D,Colisión,Otro,Faltante,Ninguna,Sin restricción,POINT (-60.70720419999999 -32.9592378),"['Campbell', '27 de Febrero']",2,Campbell; Bulevar 27 de Febrero,-32.9592378,-60.70720419999999,55.0,538.0,Municipio Rosario,Municipio,Rosario,820210,Servicio de Catastro e Información Territorial,IGN
2012,14261,2012-10-03,Miercoles,0.0,05:35:00,,0.0,2,"Moto/Ciclomotor,Automóvil",AV. GODOY Y CIRCUNVALACION,3,2,0,0,0,0,1,,Avenida,,ROSARIO,Rosario,Asfalto,Natural,II,Dentro,Urbana,S/D,No existe,Recta,Bueno,Buena,"Nocturna,Con luz artificial",Buen Tiempo,Otro,S/D,Colisión,Otro,S/D,Barrera de hormigón,Obra en Construcción,POINT (-60.71697254694366 -32.970708102842494),"['Avenida Presidente Perón', 'Circunvalacion']",2,Avenida Presidente Perón; Avenida de Circunvalación 25 de Mayo,-32.970708102842494,-60.71697254694366,55.0,538.0,Municipio Rosario,Municipio,Rosario,820210,Servicio de Catastro e Información Territorial,IGN
2012,14265,2012-10-29,Lunes,0.0,09:00:00,,0.0,2,"Camión,Moto/Ciclomotor",Cafferata Y Riobamba,2,1,0,0,1,0,0,,Calle,,ROSARIO,Rosario,Asfalto,S/D,II,S/D,Urbana,Ninguna,S/D,Intersección,Bueno,S/D,Diurna,Buen Tiempo,Lateral,S/D,Colisión,S/D,S/D,S/D,S/D,POINT (-60.6751328 -32.957140899999985),"['Cafferata', 'Riobamba']",2,Cafferata; Riobamba,-32.957140899999985,-60.6751328,55.0,538.0,Municipio Rosario,Municipio,Rosario,820210,Servicio de Catastro e Información Territorial,IGN
2012,14266,2012-10-21,Domingo,0.0,20:30:00,,0.0,2,"Moto/Ciclomotor,Automóvil",Bv. 27 De Febrero Y Magallanes,2,1,0,0,1,0,0,,Calle,,ROSARIO,Rosario,Asfalto,No existe,II,Dentro,Urbana,Ninguna,No existe,Intersección,Deteriorada,Reducida,Nocturna,Otro,Lateral,S/D,Colisión,Otro,Faltante,Ninguna,Sin restricción,POINT (-60.70375729999999 -32.9591521),"['27 de Febrero', 'Magallanes']",2,Bulevar 27 de Febrero; Magallanes,-32.9591521,-60.70375729999999,55.0,538.0,Municipio Rosario,Municipio,Rosario,820210,Servicio de Catastro e Información Territorial,IGN
2012,14269,2012-10-03,Miercoles,0.0,23:35:00,,0.0,2,"Moto/Ciclomotor,Moto/Ciclomotor",Biancofiori Y Bertole,3,3,0,0,0,0,0,,Calle,,ROSARIO,Rosario,Asfalto,Natural,II,Dentro,Urbana,Ninguna,No existe,Intersección,Bueno,Reducida,Nocturna,Buen Tiempo,Lateral,S/D,Colisión,S/D,S/D,Ninguna,Sin restricción,POINT (-60.71410710000001 -32.965026499999986),"['Biancofiori', 'Bertole']",2,Doctor Rafael Biancofiori; Bertole,-32.965026499999986,-60.71410710000001,55.0,538.0,Municipio Rosario,Municipio,Rosario,820210,Servicio de Catastro e Información Territorial,IGN
2012,14271,2012-10-29,Lunes,0.0,18:15:00,,0.0,2,"Automóvil,Moto/Ciclomotor",Alsina Y Virasoro,2,1,0,0,1,0,0,,Calle,,ROSARIO,Rosario,Asfalto,S/D,II,S/D,Urbana,Ninguna,No existe,Intersección,Bueno,Buena,Diurna,Buen Tiempo,S/D,S/D,Colisión,S/D,S/D,S/D,Sin restricción,POINT (-60.68233300000001 -32.963083),"['Alsina', 'Virasoro']",2,Alsina; Benjamín Virasoro,-32.963083,-60.68233300000001,55.0,538.0,Municipio Rosario,Municipio,Rosario,820210,Servicio de Catastro e Información Territorial,IGN
2012,14272,2012-10-11,Jueves,0.0,09:30:00,,0.0,2,"Automóvil,Moto/Ciclomotor",Av. Alberdi Bis Y Pje. Nelson,2,1,0,0,1,0,0,,Avenida,,ROSARIO,Rosario,Asfalto,No existe,II,Dentro,Urbana,Ninguna,No existe,Intersección,Bueno,Buena,Diurna,Buen Tiempo,Lateral,S/D,Colisión,Otro,Faltante,Ninguna,Sin restricción,POINT (-60.6794664 -32.922926499999996),"['Alberdi', 'Pasaje Don Orione']",2,Avenida Alberdi; Pasaje Don Orione,-32.9229265,-60.6794664,55.0,538.0,Municipio Rosario,Municipio,Rosario,820210,Servicio de Catastro e Información Territorial,IGN
2012,14273,2012-10-15,Lunes,0.0,20:20:00,,0.0,2,"Moto/Ciclomotor,Automóvil",Av. Uriburu Y Av. Circunvalacion,2,1,0,0,1,0,0,,Calle,,ROSARIO,Rosario,Asfalto,Ripio,II,Dentro,Urbana,Ninguna,No existe,Recta,Bueno,Reducida,Nocturna,Buen Tiempo,Otro,S/D,Colisión,S/D,Faltante,Guardarrail,Sin restricción,POINT (-60.661478219834294 -32.991061565588964),"['Uriburu', 'Circunvalacion']",2,Avenida José Uriburu; Avenida de Circunvalación 25 de Mayo,-32.991061565588964,-60.66147821983429,55.0,538.0,Municipio Rosario,Municipio,Rosario,820210,Servicio de Catastro e Información Territorial,IGN
2012,14274,2012-10-16,Martes,0.0,16:20:00,,0.0,2,"Moto/Ciclomotor,Automóvil",Av. Provincias Unidas Y Bertole,2,1,0,0,1,0,0,,Calle,,ROSARIO,Rosario,Asfalto,No existe,II,Dentro,Urbana,Ninguna,No existe,Intersección,Bueno,Buena,Diurna,Buen Tiempo,Lateral,S/D,Colisión,S/D,Faltante,Cordón divisorio,Sin restricción,POINT (-60.7116512 -32.9649455),"['Avenida Provincias Unidas', 'Bertole']",2,Avenida Provincias Unidas; Bertole,-32.9649455,-60.7116512,55.0,538.0,Municipio Rosario,Municipio,Rosario,820210,Servicio de Catastro e Información Territorial,IGN
2012,14276,2012-10-29,Lunes,0.0,14:30:00,,0.0,2,"Automóvil,Bicicleta",Av. Francia Y Riobamba,2,1,0,0,1,0,0,,Avenida,,ROSARIO,Rosario,Asfalto,Pavimento,II,S/D,Urbana,S/D,S/D,Intersección,Bueno,Buena,Diurna,S/D,Otro,S/D,Atropello,S/D,S/D,S/D,S/D,POINT (-60.669701450000005 -32.958119749999994),"['Avenida Francia', 'Riobamba']",2,Avenida Francia; Riobamba,-32.958119749999994,-60.669701450000005,55.0,538.0,Municipio Rosario,Municipio,Rosario,820210,Servicio de Catastro e Información Territorial,IGN
2012,14281,2012-10-24,Miercoles,0.0,13:15:00,,0.0,2,"Moto/Ciclomotor,Camión",Av. Pte.Peron Y Bv. Segui,3,2,0,0,1,0,0,,Avenida,,ROSARIO,Rosario,Asfalto,No existe,II,Dentro,Urbana,Ninguna,Funciona,Rotonda,Bueno,Buena,Diurna,Buen Tiempo,Lateral,S/D,Colisión,S/D,S/D,Barrera de hormigón,Sin restricción,POINT (-60.7187126 -32.97153005),"['Avenida Presidente Perón', 'Bulevar Juan Francisco Seguí']",2,Avenida Presidente Perón; Bulevar Juan Francisco Seguí,-32.97153005,-60.7187126,55.0,538.0,Municipio Rosario,Municipio,Rosario,820210,Servicio de Catastro e Información Territorial,IGN
2012,14282,2012-10-24,Miercoles,0.0,14:00:00,,0.0,2,"Moto/Ciclomotor,Taxi/Remis",Av. Provincias Unidas Y Bv. 27 De Febrero,2,1,0,0,1,0,0,,Calle,,ROSARIO,Rosario,Asfalto,No existe,II,Dentro,Urbana,Ninguna,Funciona,Intersección,Con baches,Buena,Diurna,Buen Tiempo,S/D,S/D,Caída ocupante,S/D,S/D,Cordón divisorio,Sin restricción,POINT (-60.711817525 -32.959359825),"['Avenida Provincias Unidas', '27 de Febrero']",2,Avenida Provincias Unidas; Bulevar 27 de Febrero,-32.959359825,-60.711817525,55.0,538.0,Municipio Rosario,Municipio,Rosario,820210,Servicio de Catastro e Información Territorial,IGN
2012,14286,2012-10-25,Jueves,0.0,21:10:00,,0.0,2,"Automóvil,Automóvil",Bv. 27 De Febrero Y Av. Provincias Unidas,3,2,0,0,0,0,1,,Calle,,ROSARIO,Rosario,Asfalto,No existe,II,Dentro,Urbana,Ninguna,No funciona,Intersección,Bueno,Buena,Nocturna,Buen Tiempo,De alcance,S/D,Colisión,S/D,S/D,Cordón divisorio,Sin restricción,POINT (-60.711817525 -32.959359825),"['27 de Febrero', 'Avenida Provincias Unidas']",2,Bulevar 27 de Febrero; Avenida Provincias Unidas,-32.959359825,-60.711817525,55.0,538.0,Municipio Rosario,Municipio,Rosario,820210,Servicio de Catastro e Información Territorial,IGN
2012,14326,2012-10-25,Jueves,0.0,17:30:00,,0.0,2,"Automóvil,Moto/Ciclomotor",Rivarola Y Anderson,2,1,0,0,1,0,0,,Calle,,ROSARIO,Rosario,Asfalto,No existe,II,Dentro,Urbana,Ninguna,No existe,Intersección,Bueno,Buena,Diurna,Buen Tiempo,Lateral,S/D,Colisión,S/D,Faltante,Ninguna,Sin restricción,POINT (-60.72145329999999 -32.966099400000004),"['Rivarola', 'Anderson']",2,Avenida Doctor Rivarola; Anderson,-32.966099400000004,-60.72145329999999,55.0,538.0,Municipio Rosario,Municipio,Rosario,820210,Servicio de Catastro e Información Territorial,IGN
2012,14359,2012-11-17,Sabado,0.0,23:55:00,,0.0,2,"Moto/Ciclomotor,Moto/Ciclomotor",Bv. Avellaneda Y Gaboto,2,1,0,0,0,1,0,,Avenida,,ROSARIO,Rosario,Asfalto,No existe,II,Dentro,Urbana,Ninguna,No existe,Intersección,Bueno,Buena,"Nocturna,Con luz artificial",Buen Tiempo,Frontal,S/D,Colisión,S/D,Faltante,Ninguna,Sin restricción,POINT (-60.685925600000004 -32.96604479999999),"['Avellaneda', 'Gaboto']",2,Bulevar Nicolás Avellaneda; Gaboto,-32.96604479999999,-60.6859256,55.0,538.0,Municipio Rosario,Municipio,Rosario,820210,Servicio de Catastro e Información Territorial,IGN
2012,14407,2012-10-04,Jueves,0.0,15:00:00,,0.0,2,"Bicicleta,Automóvil",Av. Provincias Unidas Y Rueda,2,1,0,0,1,0,0,,Avenida,,ROSARIO,Rosario,Asfalto,No existe,II,Dentro,Urbana,Ninguna,No existe,Intersección,Bueno,Buena,Diurna,Buen Tiempo,Frontal,S/D,Atropello,S/D,Faltante,S/D,Sin restricción,POINT (-60.711669799999996 -32.9627928),"['Avenida Provincias Unidas', 'Rueda']",2,Avenida Provincias Unidas; Rueda,-32.9627928,-60.7116698,55.0,538.0,Municipio Rosario,Municipio,Rosario,820210,Servicio de Catastro e Información Territorial,IGN
2012,14414,2012-10-05,Viernes,0.0,18:30:00,,0.0,2,"Automóvil,Moto/Ciclomotor",Bv. 27 De Febrero Y Colombia,2,1,0,0,1,0,0,,Avenida,,ROSARIO,Rosario,Asfalto,No existe,II,Dentro,Urbana,S/D,No existe,Intersección,Bueno,Buena,Diurna,Buen Tiempo,Lateral,S/D,Colisión,S/D,Faltante,Ninguna,Sin restricción,POINT (-60.7151382 -32.95944779999999),"['27 de Febrero', 'Colombia']",2,Bulevar 27 de Febrero; Colombia,-32.95944779999999,-60.7151382,55.0,538.0,Municipio Rosario,Municipio,Rosario,820210,Servicio de Catastro e Información Territorial,IGN
2012,14416,2012-10-12,Viernes,0.0,18:00:00,,0.0,2,"Automóvil,Bicicleta",Humberto I Y Av. Avellaneda B,2,1,0,0,1,0,0,,Avenida,,ROSARIO,Rosario,Asfalto,No existe,II,Dentro,Urbana,Semáforo,No existe,Cruce,Bueno,Buena,Diurna,Buen Tiempo,Lateral,S/D,Atropello,S/D,Horizontal,Cordón divisorio,Sin restricción,POINT (-60.67669935000001 -32.92944324999999),"['Humberto', 'Avellaneda']",2,Humberto Primero; Bulevar Nicolás Avellaneda,-32.92944324999999,-60.67669935000001,55.0,538.0,Municipio Rosario,Municipio,Rosario,820210,Servicio de Catastro e Información Territorial,IGN
2012,14417,2012-10-06,Sabado,0.0,21:10:00,,0.0,2,"Automóvil,Automóvil",Av. Provincias Unidas Y Rueda,4,3,0,0,1,0,0,,Avenida,,ROSARIO,Rosario,Asfalto,No existe,II,Dentro,Urbana,Ninguna,No existe,Intersección,Bueno,Buena,"Nocturna,Con luz artificial",Buen Tiempo,Lateral,S/D,Colisión,S/D,Faltante,S/D,Sin restricción,POINT (-60.711669799999996 -32.9627928),"['Avenida Provincias Unidas', 'Rueda']",2,Avenida Provincias Unidas; Rueda,-32.9627928,-60.7116698,55.0,538.0,Municipio Rosario,Municipio,Rosario,820210,Servicio de Catastro e Información Territorial,IGN
2012,14420,2012-10-06,Sabado,0.0,22:40:00,,0.0,2,"Automóvil,Taxi/Remis",Rivarola Y Anderson,2,1,0,0,1,0,0,,Calle,,ROSARIO,Rosario,Asfalto,Natural,II,Dentro,Urbana,Ninguna,No existe,Recta,Deteriorada,Buena,"Nocturna,Con luz artificial",Buen Tiempo,Frontal,S/D,Colisión,S/D,S/D,Ninguna,Sin restricción,POINT (-60.72145329999999 -32.966099400000004),"['Rivarola', 'Anderson']",2,Avenida Doctor Rivarola; Anderson,-32.966099400000004,-60.72145329999999,55.0,538.0,Municipio Rosario,Municipio,Rosario,820210,Servicio de Catastro e Información Territorial,IGN
2012,14423,2012-10-10,Miercoles,0.0,16:25:00,,0.0,2,"Peatón,Moto/Ciclomotor",Av. Alberti Y Av. Genova,2,1,1,0,0,0,0,,Avenida,,ROSARIO,Rosario,Asfalto,No existe,II,Dentro,Urbana,Semáforo,Funciona,Intersección,Bueno,Buena,Diurna,Buen Tiempo,Frontal,S/D,Atropello,S/D,S/D,Ninguna,Sin restricción,POINT (-60.685641200000006 -32.91519955000001),"['Alberdi', 'Genova']",2,Avenida Alberdi; Avenida Génova,-32.91519955000001,-60.685641200000006,55.0,538.0,Municipio Rosario,Municipio,Rosario,820210,Servicio de Catastro e Información Territorial,IGN
2012,14427,2012-10-09,Martes,0.0,06:00:00,,0.0,2,"Automóvil,Moto/Ciclomotor",Godoy Cruz 8000,2,0,0,0,1,0,1,,Calle,,ROSARIO,Rosario,Asfalto,Natural,II,Dentro,Urbana,Ninguna,S/D,Recta,Bueno,Buena,Amanecer,Lluvia,De alcance,S/D,Colisión,S/D,Faltante,Cordón divisorio,Sin restricción,"-32.8920533, -60.7065149",['Godoy Cruz 8000'],1,Godoy Cruz 8000,-32.8920533,-60.7065149,55.0,538.0,Municipio Rosario,Municipio,Rosario,820210,Servicio de Catastro e Información Territorial,IGN
2012,14431,2012-10-12,Viernes,0.0,01:45:00,,0.0,2,"Automóvil,Automóvil",Av. Genova Y Cayetano Silva,2,1,1,0,0,0,0,,Avenida,,ROSARIO,Rosario,Asfalto,No existe,II,Dentro,Urbana,Semáforo,Intermitente,Intersección,Bueno,Buena,"Nocturna,Con luz artificial",Buen Tiempo,Frontal,S/D,Colisión,S/D,S/D,Ninguna,S/D,POINT (-60.679087800000005 -32.9150183),"['Genova', 'Cayetano Silva']",2,Avenida Génova; Cayetano Silva,-32.9150183,-60.679087800000005,55.0,538.0,Municipio Rosario,Municipio,Rosario,820210,Servicio de Catastro e Información Territorial,IGN
2012,14432,2012-10-28,Domingo,0.0,08:15:00,,0.0,2,"Moto/Ciclomotor,Automóvil",Junin Y Av. Provincias Unidas,4,3,0,0,1,0,0,,Avenida,,ROSARIO,Rosario,Asfalto,No existe,II,Dentro,Urbana,Semáforo,Funciona,Intersección,Bueno,Buena,Diurna,S/D,Frontal,S/D,Colisión,S/D,Horizontal,Barrera de hormigón,Sin restricción,POINT (-60.71317195 -32.92757884999999),"['Junín', 'Avenida Provincias Unidas']",2,Junín; Avenida Provincias Unidas,-32.92757884999999,-60.71317195,55.0,538.0,Municipio Rosario,Municipio,Rosario,820210,Servicio de Catastro e Información Territorial,IGN
2012,14434,2012-10-01,Lunes,0.0,16:50:00,,0.0,2,"Automóvil,Moto/Ciclomotor",Washington 1400,3,2,0,0,1,0,0,,Calle,,ROSARIO,Rosario,Asfalto,No existe,II,Dentro,Urbana,Ninguna,No existe,Recta,Bueno,Buena,Diurna,Buen Tiempo,Otro,S/D,Colisión,Otro,Faltante,Ninguna,Sin restricción,"-32.9028643, -60.698274",['Washington 1400'],1,Washington 1400,-32.9028643,-60.698274,55.0,538.0,Municipio Rosario,Municipio,Rosario,820210,Servicio de Catastro e Información Territorial,IGN
2012,14441,2012-10-04,Jueves,0.0,18:30:00,,0.0,2,"Automóvil,Moto/Ciclomotor",FELIPE MORE Y HUMBERTO PRIMO,3,1,0,0,2,0,0,,Calle,,ROSARIO,Rosario,Asfalto,No existe,II,Dentro,Urbana,Ninguna,No existe,Intersección,Bueno,Buena,Diurna,S/D,Lateral,S/D,Colisión,S/D,Faltante,Ninguna,Sin restricción,POINT (-60.6938539 -32.929966199999996),"['Felipe Moré', 'Humberto Primero']",2,Felipe Moré; Humberto Primero,-32.9299662,-60.6938539,55.0,538.0,Municipio Rosario,Municipio,Rosario,820210,Servicio de Catastro e Información Territorial,IGN
2012,14490,2012-10-10,Miercoles,0.0,10:20:00,,0.0,2,"Moto/Ciclomotor,Peatón",Carriego Y Ludueña,2,2,0,0,0,0,0,,Calle,,ROSARIO,Rosario,Asfalto,No existe,II,Dentro,Urbana,Ninguna,No existe,Intersección,Bueno,Buena,Diurna,S/D,Frontal,S/D,Atropello,S/D,Faltante,Ninguna,Sin restricción,POINT (-60.6874269 -32.9304056),"['Carriego', 'Ludueña']",2,Carriego; Ludueña,-32.9304056,-60.6874269,55.0,538.0,Municipio Rosario,Municipio,Rosario,820210,Servicio de Catastro e Información Territorial,IGN
2012,14492,2012-10-03,Miercoles,0.0,17:00:00,,0.0,2,"Automóvil,Moto/Ciclomotor",Av. Provincias Unidas Y Velez Sarsfield,2,1,0,0,1,0,0,,Avenida,,ROSARIO,Rosario,Asfalto,No existe,II,Dentro,Urbana,Ninguna,No existe,Recta,Bueno,Buena,Diurna,Buen Tiempo,Lateral,S/D,Colisión,S/D,Horizontal,Barrera de hormigón,Sin restricción,POINT (-60.7132322 -32.92604335),"['Avenida Provincias Unidas', 'Vélez Sarsfield']",2,Avenida Provincias Unidas; Vélez Sarsfield,-32.92604335,-60.7132322,55.0,538.0,Municipio Rosario,Municipio,Rosario,820210,Servicio de Catastro e Información Territorial,IGN
2012,14493,2012-10-16,Martes,0.0,13:00:00,,0.0,2,"Pickup/Utilitario,Moto/Ciclomotor",Santa Fe Y Sucre,2,1,0,0,1,0,0,,Calle,,ROSARIO,Rosario,Asfalto,No existe,II,Dentro,Urbana,Semáforo,Funciona,Intersección,Bueno,Buena,Diurna,S/D,Lateral,S/D,Colisión,S/D,Vertical,Cordón divisorio,Sin restricción,POINT (-60.6896904 -32.9357926),"['Santa Fe', 'Sucre']",2,Santa Fe; Sucre,-32.9357926,-60.6896904,55.0,538.0,Municipio Rosario,Municipio,Rosario,820210,Servicio de Catastro e Información Territorial,IGN
2012,14496,2012-10-17,Miercoles,0.0,18:30:00,,0.0,2,"Moto/Ciclomotor,Peatón",Bielsa Y Barra,2,1,0,0,1,0,0,,Calle,,ROSARIO,Rosario,Asfalto,No existe,II,Dentro,Urbana,Ninguna,No existe,Intersección,Bueno,Buena,Diurna,S/D,Frontal,S/D,Atropello,S/D,Faltante,Ninguna,Sin restricción,POINT (-60.7075113 -32.92361060000001),"['Bielsa', 'Barra']",2,Bielsa; Barraco,-32.92361060000001,-60.7075113,55.0,538.0,Municipio Rosario,Municipio,Rosario,820210,Servicio de Catastro e Información Territorial,IGN
2012,14497,2012-10-07,Domingo,0.0,16:00:00,,0.0,2,"Moto/Ciclomotor,Automóvil",Av. Eva Peron Y Donado,2,1,0,0,1,0,0,,Avenida,,ROSARIO,Rosario,Asfalto,No existe,II,Dentro,Urbana,Ninguna,Funciona,Recta,Bueno,Buena,Atardecer,Buen Tiempo,Frontal,S/D,Colisión,S/D,Horizontal,Barrera de hormigón,Sin restricción,POINT (-60.727380600000004 -32.93040499999999),"['Avenida Eva Perón', 'Donado']",2,Avenida Eva Perón; José Agustín Donado,-32.93040499999999,-60.7273806,55.0,538.0,Municipio Rosario,Municipio,Rosario,820210,Servicio de Catastro e Información Territorial,IGN
2012,14502,2012-10-05,Viernes,0.0,17:20:00,,0.0,2,"Moto/Ciclomotor,Automóvil",Camino de los Granaderos Y Palestina,3,1,0,0,1,0,1,,Calle,,ROSARIO,Rosario,Asfalto,No existe,II,Dentro,Urbana,Ninguna,Funciona,Intersección,Bueno,Buena,Diurna,Buen Tiempo,Lateral,S/D,Colisión,Otro,Vertical,Ninguna,Sin restricción,POINT (-60.710063950000006 -32.88599805),"['Camino de los Granaderos', 'Palestina']",2,Camino de los Granaderos; Palestina,-32.88599805,-60.710063950000006,55.0,538.0,Municipio Rosario,Municipio,Rosario,820210,Servicio de Catastro e Información Territorial,IGN
2012,14503,2012-10-17,Miercoles,0.0,21:30:00,,0.0,2,"Moto/Ciclomotor,Automóvil",Av. Eva Peron Y F.More,2,1,0,0,1,0,0,,Calle,,ROSARIO,Rosario,Asfalto,No existe,II,Dentro,Urbana,Semáforo,Funciona,Intersección,Bueno,Buena,Nocturna,Otro,Lateral,S/D,Colisión,S/D,Vertical,Ninguna,Sin restricción,POINT (-60.693572700000004 -32.93650279999999),"['Avenida Eva Perón', 'Felipe Moré']",2,Avenida Eva Perón; Felipe Moré,-32.93650279999999,-60.6935727,55.0,538.0,Municipio Rosario,Municipio,Rosario,820210,Servicio de Catastro e Información Territorial,IGN
2012,14505,2012-10-10,Miercoles,0.0,15:25:00,,0.0,2,"Automóvil,Moto/Ciclomotor",Av. Eva Peron Y J.Colombres,2,1,0,0,1,0,0,,Avenida,,ROSARIO,Rosario,Asfalto,No existe,II,Dentro,Urbana,Ninguna,Funciona,Recta,Bueno,Buena,Atardecer,Buen Tiempo,Frontal,S/D,Colisión,S/D,Vertical,Barrera de hormigón,Sin restricción,POINT (-60.72975095 -32.929982849999995),"['Avenida Eva Perón', 'José Colombres']",2,Avenida Eva Perón; José Colombres,-32.929982849999995,-60.72975095,55.0,538.0,Municipio Rosario,Municipio,Rosario,820210,Servicio de Catastro e Información Territorial,IGN
2012,14506,2012-10-11,Jueves,0.0,23:30:00,,0.0,2,"Automóvil,Moto/Ciclomotor",Calle 1345 2400,2,1,0,0,1,0,0,,Calle,,ROSARIO,Rosario,Asfalto,No existe,II,Dentro,Urbana,Ninguna,No existe,Recta,Bueno,Buena,"Nocturna,Con luz artificial",S/D,Lateral,S/D,Colisión,S/D,Faltante,Ninguna,Sin restricción,"-32.8946286, -60.7140906",['Calle 1345 2400'],1,Calle 1345 2400,-32.8946286,-60.7140906,55.0,538.0,Municipio Rosario,Municipio,Rosario,820210,Servicio de Catastro e Información Territorial,IGN
2012,14507,2012-10-20,Sabado,0.0,15:50:00,,0.0,2,"Automóvil,Moto/Ciclomotor",Gorriti Y Guatemala,2,1,0,0,1,0,0,,Calle,,ROSARIO,Rosario,Asfalto,No existe,II,Dentro,Urbana,Ninguna,No existe,Recta,Bueno,Buena,Atardecer,Buen Tiempo,Frontal,S/D,Colisión,S/D,Horizontal,S/D,Sin restricción,POINT (-60.717983000000004 -32.924489799999996),"['Gorriti', 'Guatemala']",2,Gorriti; Guatemala,-32.9244898,-60.717983,55.0,538.0,Municipio Rosario,Municipio,Rosario,820210,Servicio de Catastro e Información Territorial,IGN
2012,14509,2012-10-28,Domingo,0.0,04:50:00,,0.0,2,"Automóvil,Moto/Ciclomotor",Av. Eva Peron Y Alvarez Condarco,2,1,0,0,1,0,0,,Avenida,,ROSARIO,Rosario,Asfalto,No existe,II,Dentro,Urbana,Ninguna,Funciona,Recta,Bueno,Buena,Nocturna,Buen Tiempo,Frontal,S/D,Colisión,S/D,Horizontal,Barrera de hormigón,Sin restricción,POINT (-60.7568578 -32.925951999999995),"['Avenida Eva Perón', 'Álvarez Condarco']",2,Avenida Eva Perón; Álvarez Condarco,-32.925951999999995,-60.7568578,55.0,538.0,Municipio Rosario,Municipio,Rosario,820210,Servicio de Catastro e Información Territorial,IGN
2012,14511,2012-10-25,Jueves,0.0,04:30:00,,0.0,2,"Moto/Ciclomotor,Moto/Ciclomotor",Matienzo Y Junin,2,1,0,0,0,0,1,,Calle,,ROSARIO,Rosario,Asfalto,S/D,II,Dentro,Urbana,S/D,S/D,Intersección,Bueno,S/D,S/D,S/D,Frontal,S/D,Colisión,S/D,Faltante,S/D,Sin restricción,POINT (-60.6951903 -32.9271049),"['Matienzo', 'Junín']",2,Benjamín Matienzo; Junín,-32.9271049,-60.6951903,55.0,538.0,Municipio Rosario,Municipio,Rosario,820210,Servicio de Catastro e Información Territorial,IGN
2012,14512,2012-10-25,Jueves,0.0,19:39:00,,0.0,2,"Peatón,Moto/Ciclomotor",Solis Y F.M.Esquiu,2,2,0,0,0,0,0,,Calle,,ROSARIO,Rosario,Asfalto,No existe,II,Dentro,Urbana,Ninguna,No existe,Recta,Bueno,Buena,Atardecer,S/D,Frontal,S/D,Atropello,S/D,Faltante,Ninguna,Sin restricción,POINT (-60.7040945 -32.922862899999984),"['Solis', 'Esquiú']",2,Juan Díaz de Solís; Esquiú,-32.922862899999984,-60.7040945,55.0,538.0,Municipio Rosario,Municipio,Rosario,820210,Servicio de Catastro e Información Territorial,IGN