anio_acci,nro_acci,fecha,desc_dia,fecha_aprox,hora_aprox,desc_ruta,km,cant_participantes,desc_participante,calle_avenida_km,total,heridos_leves,heridos_graves,heridos_gravisimos,ilesos,fallecidos,sin_datos,posicion_XY,desc_tipo_via,desc_ruta_ori,desc_loc,desc_dpto,desc_tipo_calzada,desc_tipo_banquina,desc_unidad_regional,desc_lugar_calzada,desc_zona,desc_prioridad,desc_estado_semaforo,desc_lugar_via,desc_estado_via,desc_estado_visibilidad,desc_luminosidad,desc_estado_clima,desc_tipo_colision,desc_tipo_atropello,desc_tipo_hecho,desc_pres_calzada,desc_senializacion,desc_separacion_via,desc_restriccion,forma_geocod,calle_lista,numero_calles,calles_osm,lat,lon,index_right,gid,fna,gna,nam,in1,fdc,sag
2012,14514,2012-10-17,Miercoles,0.0,07:50:00,,0.0,2,"Moto/Ciclomotor,Automóvil",Superi Y Pizurno,3,3,0,0,0,0,0,,Calle,,ROSARIO,Rosario,Asfalto,No existe,II,Dentro,Urbana,Ninguna,No existe,Intersección,Bueno,Buena,Diurna,Buen Tiempo,Lateral,S/D,Colisión,Otro,Faltante,Ninguna,Sin restricción,POINT (-60.7115547 -32.8968368),"['Superi', 'Pablo Pizzurno']",2,Comandante José Superí; Pablo Pizzurno,-32.8968368,-60.7115547,55.0,538.0,Municipio Rosario,Municipio,Rosario,820210,Servicio de Catastro e Información Territorial,IGN
2012,14518,2012-10-18,Jueves,0.0,19:15:00,,0.0,3,"Bicicleta,Bicicleta,Pickup/Utilitario",CAVIA Y PEDRIEL,3,2,0,0,1,0,0,,Calle,,ROSARIO,Rosario,Asfalto,No existe,II,S/D,Urbana,Ninguna,No existe,Intersección,Bueno,Buena,Atardecer,Buen Tiempo,Múltiple,S/D,Atropello,Otro,Faltante,Ninguna,Sin restricción,POINT (-60.70954940000001 -32.894861399999996),"['Cavia', 'Perdriel']",2,Cavia; Perdriel,-32.8948614,-60.70954940000001,55.0,538.0,Municipio Rosario,Municipio,Rosario,820210,Servicio de Catastro e Información Territorial,IGN
2012,14546,2012-10-24,Miercoles,0.0,14:00:00,,0.0,2,"Moto/Ciclomotor,Taxi/Remis",Av. Provincias Unidas Y Bv. 27 De Febrero,2,1,0,0,1,0,0,,Avenida,,ROSARIO,Rosario,Asfalto,No existe,II,Dentro,Urbana,Ninguna,Funciona,Intersección,Con baches,Buena,Diurna,Buen Tiempo,Lateral,S/D,"Caída ocupante,Colisión",S/D,S/D,Cordón divisorio,Sin restricción,POINT (-60.711817525 -32.959359825),"['Avenida Provincias Unidas', '27 de Febrero']",2,Avenida Provincias Unidas; Bulevar 27 de Febrero,-32.959359825,-60.711817525,55.0,538.0,Municipio Rosario,Municipio,Rosario,820210,Servicio de Catastro e Información Territorial,IGN
2012,14548,2012-10-24,Miercoles,0.0,19:00:00,,0.0,2,"Moto/Ciclomotor,Automóvil",Esquivel Y Castagnino,2,1,0,0,1,0,0,,Calle,,ROSARIO,Rosario,Asfalto,No existe,II,Dentro,Urbana,Ninguna,No existe,Intersección,Bueno,Buena,Atardecer,Buen Tiempo,Lateral,S/D,Colisión,Otro,Faltante,Ninguna,Sin restricción,POINT (-60.705685900000006 -32.900319749999994),"['Esquivel', 'Castagnino']",2,Esquivel; Castagnino,-32.900319749999994,-60.705685900000006,55.0,538.0,Municipio Rosario,Municipio,Rosario,820210,Servicio de Catastro e Información Territorial,IGN
2012,14549,2012-10-29,Lunes,0.0,,,0.0,2,"Automóvil,Automóvil",J.B.Justo Y J.Colombres,3,2,0,0,1,0,0,,Calle,,ROSARIO,Rosario,S/D,S/D,II,Dentro,Urbana,S/D,S/D,Intersección,S/D,S/D,S/D,S/D,S/D,S/D,Colisión,S/D,S/D,S/D,S/D,POINT (-60.72959840000001 -32.933917099999995),"['Justo', 'José Colombres']",2,"('Justo José de Urquiza', 'José Colombres')",-32.933917099999995,-60.72959840000001,55.0,538.0,Municipio Rosario,Municipio,Rosario,820210,Servicio de Catastro e Información Territorial,IGN
2012,14550,2012-10-18,Jueves,0.0,20:20:00,,0.0,2,"Automóvil,Moto/Ciclomotor",J.Colombres Y Montevideo,2,1,0,0,1,0,0,,Calle,,ROSARIO,Rosario,Asfalto,No existe,II,Dentro,Urbana,Ninguna,No existe,Recta,Con baches,Buena,Nocturna,Buen Tiempo,Lateral,S/D,Colisión,S/D,Faltante,Ninguna,Sin restricción,POINT (-60.72906270000001 -32.947622799999984),"['José Colombres', 'Montevideo']",2,José Colombres; Montevideo,-32.947622799999984,-60.72906270000001,55.0,538.0,Municipio Rosario,Municipio,Rosario,820210,Servicio de Catastro e Información Territorial,IGN
2012,14551,2012-10-10,Miercoles,0.0,09:30:00,,0.0,2,"Automóvil,Transporte de Pasajeros Urbano (> 8 asientos)",Colon Y Mendoza,2,1,0,0,1,0,0,,Calle,,ROSARIO,Rosario,Asfalto,Natural,II,Dentro,Urbana,Ninguna,No existe,Recta,Deteriorada,Buena,Diurna,Buen Tiempo,Lateral,S/D,Colisión,S/D,Faltante,Ninguna,Sin restricción,POINT (-60.6268367 -32.953701200000005),"['Colon', 'Mendoza']",2,Cristóbal Colón; Mendoza,-32.953701200000005,-60.6268367,55.0,538.0,Municipio Rosario,Municipio,Rosario,820210,Servicio de Catastro e Información Territorial,IGN
2012,14552,2012-10-19,Viernes,0.0,13:30:00,,0.0,2,"Moto/Ciclomotor,Automóvil",Salvat Y Medrano,2,1,0,0,1,0,0,,Calle,,ROSARIO,Rosario,Asfalto,No existe,II,Fuera,Urbana,S/D,No existe,Intersección,Con baches,Buena,Diurna,Buen Tiempo,De alcance,S/D,Colisión,S/D,S/D,S/D,Sin restricción,POINT (-60.7037568 -32.882572),"['Salvat', 'Medrano']",2,Salvat; Medrano,-32.882572,-60.7037568,55.0,538.0,Municipio Rosario,Municipio,Rosario,820210,Servicio de Catastro e Información Territorial,IGN
2012,14554,2012-06-19,Martes,0.0,21:50:00,,0.0,2,"Moto/Ciclomotor,Automóvil",Gomez Cornet Y Panizza,2,1,0,0,0,0,1,,Calle,,ROSARIO,Rosario,Asfalto,No existe,II,Dentro,Urbana,S/D,No existe,Intersección,Bueno,Buena,"Nocturna,Con luz artificial",S/D,De alcance,S/D,Colisión,S/D,Faltante,S/D,S/D,POINT (-60.711517900000004 -32.88910090000001),"['Ramón Gómez Cornet', 'Panizza']",2,Ramón Gómez Cornet; Panizza,-32.88910090000001,-60.7115179,55.0,538.0,Municipio Rosario,Municipio,Rosario,820210,Servicio de Catastro e Información Territorial,IGN
2012,14556,2012-10-02,Martes,0.0,14:20:00,,0.0,1,Peatón,Calderon Y Cullen Y Ugarte,1,1,0,0,0,0,0,,Calle,,ROSARIO,Rosario,Asfalto,S/D,II,S/D,Urbana,S/D,S/D,Intersección,Bueno,S/D,S/D,S/D,Otro,S/D,Caída ocupante,S/D,S/D,S/D,S/D,POINT (-60.731420299999996 -32.8780419),"['Cullen y Ugarte', 'Calderon']",2,Cullen y Ugarte; Calderon,-32.8780419,-60.7314203,55.0,538.0,Municipio Rosario,Municipio,Rosario,820210,Servicio de Catastro e Información Territorial,IGN
2012,14575,2012-10-03,Miercoles,0.0,11:45:00,,0.0,2,"Automóvil,Moto/Ciclomotor",SANCHEZ GRANEL Y BOUCHAR,3,1,0,0,2,0,0,,Calle,,ROSARIO,Rosario,S/D,S/D,II,S/D,Urbana,S/D,S/D,S/D,S/D,S/D,S/D,S/D,S/D,S/D,S/D,S/D,S/D,S/D,S/D,POINT (-60.724244666666664 -32.890160433333335),"['Granel', 'Bouchar']",2,Avenida Joaquín Granel; Bulevar Bouchard,-32.890160433333335,-60.72424466666666,55.0,538.0,Municipio Rosario,Municipio,Rosario,820210,Servicio de Catastro e Información Territorial,IGN
2012,14576,2012-10-12,Viernes,0.0,08:45:00,,0.0,2,"Moto/Ciclomotor,Automóvil",PJE 1422 Y NEWBERY,3,2,0,0,1,0,0,,Calle,,ROSARIO,Rosario,Asfalto,S/D,II,S/D,Urbana,S/D,S/D,Intersección,Bueno,S/D,S/D,S/D,S/D,S/D,S/D,S/D,S/D,S/D,S/D,POINT (-60.76549030000001 -32.90932259999999),"['Saladillo', 'Newbery']",2,Puente Saladillo; Pasaje Newbery,-32.90932259999999,-60.76549030000001,55.0,538.0,Municipio Rosario,Municipio,Rosario,820210,Servicio de Catastro e Información Territorial,IGN
2012,14582,2012-10-18,Jueves,0.0,16:00:00,,0.0,2,"Automóvil,Moto/Ciclomotor",Av. Circunvalacion Y Baigorria,2,1,0,0,1,0,0,,Avenida,,ROSARIO,Rosario,Asfalto,S/D,II,S/D,Urbana,S/D,Intermitente,Intersección,Bueno,Buena,Diurna,S/D,S/D,S/D,S/D,S/D,S/D,S/D,S/D,POINT (-60.719770260245994 -32.893468154963045),"['Circunvalacion', 'Baigorria']",2,Avenida de Circunvalación 25 de Mayo; Baigorria,-32.893468154963045,-60.719770260246,55.0,538.0,Municipio Rosario,Municipio,Rosario,820210,Servicio de Catastro e Información Territorial,IGN
2012,14645,2012-10-26,Viernes,0.0,19:50:00,,0.0,2,"Automóvil,Automóvil",Villa del Parque Y Cullen Y Ugarte,3,2,0,0,1,0,0,,Calle,,ROSARIO,Rosario,Asfalto,S/D,II,S/D,Urbana,S/D,S/D,Intersección,Bueno,Buena,Atardecer,S/D,S/D,S/D,S/D,S/D,S/D,S/D,S/D,POINT (-60.7285571 -32.8779543),"['Cullen y Ugarte', 'Villa del Parque']",2,Cullen y Ugarte; Villa del Parque,-32.8779543,-60.7285571,55.0,538.0,Municipio Rosario,Municipio,Rosario,820210,Servicio de Catastro e Información Territorial,IGN
2012,14689,2012-10-04,Jueves,0.0,11:00:00,,0.0,2,"Moto/Ciclomotor,Automóvil",L.N.Alem Y Riobamba,3,2,0,0,1,0,0,,Calle,,ROSARIO,Rosario,Asfalto,No existe,II,Dentro,Urbana,S/D,No existe,Intersección,Bueno,Buena,Diurna,Buen Tiempo,Lateral,S/D,S/D,S/D,S/D,S/D,S/D,POINT (-60.6324245 -32.9647893),"['Alem', 'Riobamba']",2,Leandro N. Alem; Riobamba,-32.9647893,-60.6324245,55.0,538.0,Municipio Rosario,Municipio,Rosario,820210,Servicio de Catastro e Información Territorial,IGN
2012,14694,2012-10-08,Lunes,0.0,15:40:00,,0.0,2,"Automóvil,Otros",Bv. 27 De Febrero Y Chacabuco,3,2,0,0,0,0,1,,Avenida,,ROSARIO,Rosario,Asfalto,S/D,II,S/D,Urbana,Ninguna,No existe,Intersección,S/D,Buena,Diurna,Buen Tiempo,Frontal,S/D,Colisión,S/D,S/D,Ninguna,Sin restricción,POINT (-60.6281393 -32.97034194999999),"['27 de Febrero', 'Chacabuco']",2,Bulevar 27 de Febrero; Chacabuco,-32.97034194999999,-60.6281393,55.0,538.0,Municipio Rosario,Municipio,Rosario,820210,Servicio de Catastro e Información Territorial,IGN
2012,14702,2012-10-10,Miercoles,0.0,10:00:00,,0.0,2,"Automóvil,Bicicleta",La Paz Y Esmeralda,3,2,0,0,1,0,0,,Calle,,ROSARIO,Rosario,Asfalto,No existe,II,Dentro,Urbana,Ninguna,No existe,Recta,Bueno,Buena,Diurna,Buen Tiempo,Lateral,S/D,Colisión,S/D,Faltante,Ninguna,Sin restricción,POINT (-60.625933200000006 -32.9671369),"['La Paz', 'Esmeralda']",2,La Paz; Esmeralda,-32.9671369,-60.625933200000006,55.0,538.0,Municipio Rosario,Municipio,Rosario,820210,Servicio de Catastro e Información Territorial,IGN
2012,14705,2012-10-11,Jueves,0.0,21:00:00,,0.0,2,"Pickup/Utilitario,Automóvil",Bv. 27 De Febrero Y Maipu,6,2,0,0,4,0,0,,Avenida,,ROSARIO,Rosario,Asfalto,S/D,II,S/D,Urbana,S/D,S/D,Recta,Bueno,S/D,S/D,Buen Tiempo,Lateral,S/D,Colisión,S/D,S/D,Barrera de hormigón,Sin restricción,POINT (-60.640725849999995 -32.9680891),"['27 de Febrero', 'Maipú']",2,Bulevar 27 de Febrero; Maipú,-32.9680891,-60.64072585,55.0,538.0,Municipio Rosario,Municipio,Rosario,820210,Servicio de Catastro e Información Territorial,IGN
2012,14712,2012-10-23,Martes,0.0,18:00:00,,0.0,2,"Automóvil,Moto/Ciclomotor",Ituzaingo Y Laprida,2,1,0,0,1,0,0,,Calle,,ROSARIO,Rosario,Asfalto,S/D,II,S/D,Urbana,Ninguna,S/D,Recta,Bueno,S/D,S/D,Buen Tiempo,Lateral,S/D,Colisión,S/D,S/D,S/D,Sin restricción,POINT (-60.6378573 -32.961426),"['Ituzaingó', 'Laprida']",2,Ituzaingó; Francisco Narciso Laprida,-32.961426,-60.6378573,55.0,538.0,Municipio Rosario,Municipio,Rosario,820210,Servicio de Catastro e Información Territorial,IGN
2012,14716,2012-10-15,Lunes,0.0,09:30:00,,0.0,2,"Automóvil,Bicicleta",Necochea Y Viamonte,3,2,0,0,1,0,0,,Calle,,ROSARIO,Rosario,Asfalto,No existe,II,S/D,Urbana,S/D,No existe,Intersección,Bueno,Buena,Diurna,Buen Tiempo,Lateral,S/D,Colisión,S/D,S/D,S/D,S/D,POINT (-60.6288834 -32.967826999999986),"['Necochea', 'Viamonte']",2,Necochea; Viamonte,-32.967826999999986,-60.6288834,55.0,538.0,Municipio Rosario,Municipio,Rosario,820210,Servicio de Catastro e Información Territorial,IGN
2012,14718,2012-10-17,Miercoles,0.0,11:00:00,,0.0,2,"Automóvil,Pickup/Utilitario",Buenos Aires Y Ituzaingo,2,1,0,0,1,0,0,,Calle,,ROSARIO,Rosario,Asfalto,S/D,II,S/D,Urbana,Ninguna,S/D,Intersección,Bueno,S/D,S/D,Buen Tiempo,Lateral,S/D,Colisión,S/D,S/D,Ninguna,S/D,POINT (-60.636284800000006 -32.9616928),"['Buenos Aires', 'Ituzaingó']",2,Buenos Aires; Ituzaingó,-32.9616928,-60.636284800000006,55.0,538.0,Municipio Rosario,Municipio,Rosario,820210,Servicio de Catastro e Información Territorial,IGN
2012,14720,2012-10-19,Viernes,0.0,14:30:00,,0.0,1,Moto/Ciclomotor,Colon 2700,1,1,0,0,0,0,0,,Calle,,ROSARIO,Rosario,Asfalto,No existe,II,S/D,Urbana,Ninguna,No existe,Paso a Nivel FFCC,Bueno,Buena,Diurna,Buen Tiempo,Contra objeto fijo,S/D,Colisión,Agua,Faltante,Ninguna,Sin restricción,"-32.970868, -60.6312571",['Colon 2700'],1,Colon 2700,-32.970868,-60.6312571,55.0,538.0,Municipio Rosario,Municipio,Rosario,820210,Servicio de Catastro e Información Territorial,IGN
2012,14722,2012-10-19,Viernes,0.0,21:00:00,,0.0,2,"Bicicleta,Moto/Ciclomotor",J.M.de Rosas Y Riobamba,3,2,0,0,1,0,0,,Calle,,ROSARIO,Rosario,Asfalto,S/D,II,S/D,Urbana,S/D,S/D,Intersección,Bueno,S/D,S/D,S/D,Lateral,S/D,Colisión,S/D,S/D,S/D,S/D,POINT (-60.635437700000004 -32.964253500000005),"['De Rosas', 'Riobamba']",2,Juan Manuel de Rosas; Riobamba,-32.964253500000005,-60.6354377,55.0,538.0,Municipio Rosario,Municipio,Rosario,820210,Servicio de Catastro e Información Territorial,IGN
2012,14724,2012-10-22,Lunes,0.0,21:00:00,,0.0,2,"Automóvil,Peatón",Pje. Alfonsina Storni Y Buenos Aires,2,1,0,0,1,0,0,,Calle,,ROSARIO,Rosario,Asfalto,No existe,II,Dentro,Urbana,Ninguna,No existe,Recta,Bueno,Buena,Con luz artificial,Buen Tiempo,Otro,S/D,Colisión,S/D,S/D,Ninguna,Sin restricción,POINT (-60.63584360000001 -32.959937700000005),"['Alfonsina Storni', 'Buenos Aires']",2,Alfonsina Storni; Buenos Aires,-32.959937700000005,-60.63584360000001,55.0,538.0,Municipio Rosario,Municipio,Rosario,820210,Servicio de Catastro e Información Territorial,IGN
2012,14726,2012-10-22,Lunes,0.0,14:20:00,,0.0,2,"Moto/Ciclomotor,Automóvil",Colon Y Cochabamba,2,1,0,0,1,0,0,,Calle,,ROSARIO,Rosario,Asfalto,S/D,II,S/D,Urbana,S/D,S/D,Intersección,Bueno,S/D,Diurna,Buen Tiempo,Lateral,S/D,Colisión,S/D,S/D,S/D,S/D,POINT (-60.62856320000001 -32.9607063),"['Colon', 'Cochabamba']",2,Cristóbal Colón; Cochabamba,-32.9607063,-60.62856320000001,55.0,538.0,Municipio Rosario,Municipio,Rosario,820210,Servicio de Catastro e Información Territorial,IGN
2012,14754,2012-10-24,Miercoles,0.0,19:50:00,,0.0,2,"Bicicleta,Automóvil",Colon Y Viamonte,3,2,0,0,0,0,1,,Calle,,ROSARIO,Rosario,Asfalto,S/D,II,Dentro,Urbana,Ninguna,S/D,Intersección,Bueno,S/D,S/D,Buen Tiempo,S/D,S/D,Atropello,S/D,S/D,Ninguna,S/D,POINT (-60.6302946 -32.967576599999994),"['Colon', 'Viamonte']",2,Cristóbal Colón; Viamonte,-32.967576599999994,-60.6302946,55.0,538.0,Municipio Rosario,Municipio,Rosario,820210,Servicio de Catastro e Información Territorial,IGN
2012,14764,2012-10-06,Sabado,0.0,09:05:00,,0.0,3,"Automóvil,Automóvil,Moto/Ciclomotor",San Martin Y Garay,3,1,0,0,2,0,0,,Calle,,ROSARIO,Rosario,Asfalto,No existe,II,Dentro,Urbana,Semáforo,No existe,Intersección,S/D,S/D,Diurna,S/D,Lateral,S/D,Colisión,S/D,S/D,Ninguna,Sin restricción,POINT (-60.6437417 -32.97477079999999),"['San Martin', 'Garay']",2,"('José de San Martín', 'Juan de Garay')",-32.97477079999999,-60.6437417,55.0,538.0,Municipio Rosario,Municipio,Rosario,820210,Servicio de Catastro e Información Territorial,IGN
2012,14767,2012-10-06,Sabado,0.0,16:00:00,,0.0,2,"Peatón,Taxi/Remis",Santiago Y Av. Uriburu,2,1,0,0,1,0,0,,Avenida,,ROSARIO,Rosario,Asfalto,S/D,II,Dentro,Urbana,Ninguna,No existe,Intersección,S/D,S/D,Diurna,S/D,S/D,S/D,Atropello,S/D,S/D,Ninguna,Sin restricción,POINT (-60.66820034999999 -32.991376699999996),"['Santiago', 'Uriburu']",2,Santiago; Avenida José Uriburu,-32.9913767,-60.66820034999999,55.0,538.0,Municipio Rosario,Municipio,Rosario,820210,Servicio de Catastro e Información Territorial,IGN
2012,14768,2012-10-08,Lunes,0.0,13:00:00,,0.0,2,"Moto/Ciclomotor,Moto/Ciclomotor",España Y Saavedra,2,1,0,0,1,0,0,,Calle,,ROSARIO,Rosario,Asfalto,No existe,II,Dentro,Urbana,Ninguna,No existe,Intersección,S/D,S/D,Diurna,S/D,Lateral,S/D,Colisión,S/D,S/D,Ninguna,Sin restricción,POINT (-60.65441920000001 -32.9764598),"['España', 'Saavedra']",2,España; Saavedra,-32.9764598,-60.65441920000001,55.0,538.0,Municipio Rosario,Municipio,Rosario,820210,Servicio de Catastro e Información Territorial,IGN
2012,14770,2012-10-27,Sabado,0.0,17:30:00,,0.0,2,"Automóvil,Moto/Ciclomotor",Cerrito Y 1 de Mayo,2,1,0,0,1,0,0,,Calle,,ROSARIO,Rosario,Asfalto,No existe,II,S/D,Urbana,Ninguna,No existe,Intersección,Bueno,Buena,Atardecer,Buen Tiempo,Lateral,S/D,Colisión,S/D,S/D,Ninguna,Sin restricción,POINT (-60.6335613 -32.9633903),"['Cerrito', 'Primero de Mayo']",2,Cerrito; Primero de Mayo,-32.9633903,-60.6335613,55.0,538.0,Municipio Rosario,Municipio,Rosario,820210,Servicio de Catastro e Información Territorial,IGN
2012,14772,2012-10-31,Miercoles,0.0,16:35:00,,0.0,2,"Automóvil,Taxi/Remis",Pasco Y Colon,2,1,0,0,1,0,0,,Calle,,ROSARIO,Rosario,Asfalto,S/D,II,S/D,Urbana,S/D,S/D,Intersección,Bueno,S/D,S/D,Buen Tiempo,Lateral,S/D,S/D,S/D,S/D,S/D,S/D,POINT (-60.628843599999996 -32.961846099999995),"['Pasco', 'Colon']",2,Pasco; Cristóbal Colón,-32.961846099999995,-60.6288436,55.0,538.0,Municipio Rosario,Municipio,Rosario,820210,Servicio de Catastro e Información Territorial,IGN
2012,14773,2012-10-08,Lunes,0.0,17:30:00,,0.0,2,"Bicicleta,Automóvil",Bv. Oroño Y Pte.Quintana,2,1,0,0,1,0,0,,Avenida,,ROSARIO,Rosario,Asfalto,No existe,II,Dentro,Urbana,Ninguna,No existe,Intersección,S/D,S/D,Diurna,S/D,Lateral,S/D,Atropello,S/D,S/D,Ninguna,Sin restricción,POINT (-60.6623862 -32.979811100000006),"['Bulevar Nicasio Oroño', 'Quintana']",2,"('Bulevar Nicasio Oroño', 'Presidente Quintana')",-32.979811100000006,-60.6623862,55.0,538.0,Municipio Rosario,Municipio,Rosario,820210,Servicio de Catastro e Información Territorial,IGN
2012,14774,2012-10-22,Lunes,0.0,,,0.0,2,"Moto/Ciclomotor,Pickup/Utilitario",Junin Y Pje. Calandria,3,1,0,0,2,0,0,,Calle,,ROSARIO,Rosario,Asfalto,No existe,II,Dentro,Urbana,Ninguna,No existe,Intersección,Bueno,Buena,S/D,S/D,Lateral,S/D,Colisión,S/D,Faltante,Barrera de hormigón,Sin restricción,POINT (-60.6918583 -32.927007200000006),"['Junín', 'Calandria']",2,Junín; Las Calandrias,-32.927007200000006,-60.6918583,55.0,538.0,Municipio Rosario,Municipio,Rosario,820210,Servicio de Catastro e Información Territorial,IGN
2012,14775,2012-10-08,Lunes,0.0,17:20:00,,0.0,1,Moto/Ciclomotor,Av. Corrientes Y Milan,2,2,0,0,0,0,0,,Avenida,,ROSARIO,Rosario,Asfalto,No existe,II,Dentro,Urbana,S/D,No existe,Intersección,S/D,S/D,Diurna,S/D,S/D,S/D,Colisión,S/D,S/D,Ninguna,S/D,POINT (-60.6534523 -32.9898194),"['Corrientes', 'Milán']",2,Corrientes; Milán,-32.9898194,-60.6534523,55.0,538.0,Municipio Rosario,Municipio,Rosario,820210,Servicio de Catastro e Información Territorial,IGN
2012,14776,2012-10-02,Martes,0.0,15:45:00,,0.0,1,Automóvil,Dorrego Y Riobamba,3,1,0,0,2,0,0,,Calle,,ROSARIO,Rosario,Asfalto,No existe,II,Dentro,Urbana,Ninguna,No existe,Intersección,Bueno,Buena,Diurna,Buen Tiempo,De alcance,S/D,Colisión,S/D,Faltante,Ninguna,Sin restricción,POINT (-60.6533864 -32.961053199999995),"['Dorrego', 'Riobamba']",2,Manuel Dorrego; Riobamba,-32.961053199999995,-60.6533864,55.0,538.0,Municipio Rosario,Municipio,Rosario,820210,Servicio de Catastro e Información Territorial,IGN
2012,14777,2012-10-08,Lunes,0.0,19:40:00,,0.0,2,"Moto/Ciclomotor,Automóvil",Mitre Y Pje. Gral.Savio,2,1,0,0,1,0,0,,Calle,,ROSARIO,Rosario,Asfalto,No existe,II,Dentro,Urbana,Ninguna,No existe,Intersección,Bueno,S/D,Atardecer,S/D,Lateral,S/D,Colisión,S/D,S/D,Ninguna,Sin restricción,POINT (-60.6505536 -32.99657099999999),"['Mitre', 'Savio']",2,Bartolomé Mitre; General Manuel Savio,-32.99657099999999,-60.6505536,55.0,538.0,Municipio Rosario,Municipio,Rosario,820210,Servicio de Catastro e Información Territorial,IGN
2012,14778,2012-10-09,Martes,0.0,10:30:00,,0.0,2,"Peatón,Moto/Ciclomotor",San Martin Y Mr.Ross,2,1,0,0,1,0,0,,Calle,,ROSARIO,Rosario,Asfalto,No existe,II,Dentro,Urbana,Ninguna,No existe,Intersección,S/D,S/D,Diurna,S/D,S/D,S/D,Atropello,S/D,S/D,Ninguna,S/D,POINT (-60.646259300000004 -32.98868269999999),"['San Martin', 'Rodrigo M. Ross']",2,José de San Martín; Rodrigo M. Ross,-32.98868269999999,-60.6462593,55.0,538.0,Municipio Rosario,Municipio,Rosario,820210,Servicio de Catastro e Información Territorial,IGN
2012,14779,2012-10-02,Martes,0.0,16:00:00,,0.0,2,"Moto/Ciclomotor,Automóvil",España Y La Paz,3,1,0,0,2,0,0,,Calle,,ROSARIO,Rosario,Asfalto,No existe,II,Dentro,Urbana,Ninguna,No existe,Intersección,Bueno,Reducida,Nocturna,Buen Tiempo,Lateral,S/D,Colisión,S/D,Faltante,Ninguna,Sin restricción,POINT (-60.650946700000006 -32.962692399999995),"['España', 'La Paz']",2,España; La Paz,-32.962692399999995,-60.650946700000006,55.0,538.0,Municipio Rosario,Municipio,Rosario,820210,Servicio de Catastro e Información Territorial,IGN
2012,14780,2012-10-10,Miercoles,0.0,05:50:00,,0.0,2,"Moto/Ciclomotor,Automóvil",San Martin Y Centeno,3,2,0,0,0,0,1,,Calle,,ROSARIO,Rosario,Asfalto,No existe,II,Dentro,Urbana,Semáforo,Funciona,Intersección,S/D,S/D,Amanecer,S/D,Lateral,S/D,Colisión,S/D,S/D,Ninguna,Sin restricción,POINT (-60.64552855 -32.98523165),"['San Martin', 'Centeno']",2,José de San Martín; Coronel Centeno,-32.98523165,-60.64552855,55.0,538.0,Municipio Rosario,Municipio,Rosario,820210,Servicio de Catastro e Información Territorial,IGN
2012,14781,2012-10-10,Miercoles,0.0,15:40:00,,0.0,2,"Automóvil,Automóvil",Juan Canals Y Av. Corrientes,2,1,0,0,1,0,0,,Avenida,,ROSARIO,Rosario,Asfalto,No existe,II,Dentro,Urbana,Ninguna,No existe,Intersección,S/D,S/D,Diurna,S/D,Lateral,S/D,Colisión,S/D,S/D,Ninguna,Sin restricción,POINT (-60.6531653 -32.988661500000006),"['Juan Canals', 'Corrientes']",2,Juan Canals; Corrientes,-32.988661500000006,-60.6531653,55.0,538.0,Municipio Rosario,Municipio,Rosario,820210,Servicio de Catastro e Información Territorial,IGN
2012,14782,2012-10-02,Martes,0.0,08:10:00,,0.0,2,"Moto/Ciclomotor,Automóvil",Bv. 27 De Febrero Y Mitre,2,1,0,0,1,0,0,,Avenida,,ROSARIO,Rosario,Asfalto,No existe,II,Dentro,Urbana,Semáforo,Funciona,Intersección,Bueno,Buena,Diurna,Buen Tiempo,De alcance,S/D,Colisión,S/D,Horizontal,Ninguna,Sin restricción,POINT (-60.6448502 -32.96734965),"['27 de Febrero', 'Mitre']",2,Bulevar 27 de Febrero; Bartolomé Mitre,-32.96734965,-60.6448502,55.0,538.0,Municipio Rosario,Municipio,Rosario,820210,Servicio de Catastro e Información Territorial,IGN
2012,14783,2012-10-03,Miercoles,0.0,22:00:00,,0.0,2,"Moto/Ciclomotor,Automóvil",Rueda Y Mitre,3,1,0,0,2,0,0,,Calle,,ROSARIO,Rosario,Asfalto,No existe,II,Dentro,Urbana,Ninguna,No existe,Intersección,Bueno,Buena,Nocturna,Buen Tiempo,De alcance,S/D,Colisión,S/D,Faltante,Ninguna,Sin restricción,POINT (-60.64574650000001 -32.97082739999999),"['Rueda', 'Mitre']",2,Rueda; Bartolomé Mitre,-32.97082739999999,-60.64574650000001,55.0,538.0,Municipio Rosario,Municipio,Rosario,820210,Servicio de Catastro e Información Territorial,IGN
2012,14785,2012-10-03,Miercoles,0.0,12:00:00,,0.0,2,"Automóvil,Automóvil",Bv. Oroño Y Lugones,2,1,0,0,1,0,0,,Avenida,,ROSARIO,Rosario,Asfalto,No existe,II,Dentro,Urbana,Ninguna,No existe,Curva,Bueno,Buena,Diurna,Buen Tiempo,Lateral,S/D,Colisión,S/D,Faltante,Cordón divisorio,Sin restricción,POINT (-60.65693518333333 -32.95818631666667),"['Bulevar Nicasio Oroño', 'Lugones']",2,Bulevar Nicasio Oroño; Lorenzo Lugones,-32.95818631666667,-60.65693518333333,55.0,538.0,Municipio Rosario,Municipio,Rosario,820210,Servicio de Catastro e Información Territorial,IGN