anio_acci,nro_acci,fecha,desc_dia,fecha_aprox,hora_aprox,desc_ruta,km,cant_participantes,desc_participante,calle_avenida_km,total,heridos_leves,heridos_graves,heridos_gravisimos,ilesos,fallecidos,sin_datos,posicion_XY,desc_tipo_via,desc_ruta_ori,desc_loc,desc_dpto,desc_tipo_calzada,desc_tipo_banquina,desc_unidad_regional,desc_lugar_calzada,desc_zona,desc_prioridad,desc_estado_semaforo,desc_lugar_via,desc_estado_via,desc_estado_visibilidad,desc_luminosidad,desc_estado_clima,desc_tipo_colision,desc_tipo_atropello,desc_tipo_hecho,desc_pres_calzada,desc_senializacion,desc_separacion_via,desc_restriccion,forma_geocod,calle_lista,numero_calles,calles_osm,lat,lon,index_right,gid,fna,gna,nam,in1,fdc,sag
2012,14932,2012-10-17,Miercoles,0.0,15:00:00,,0.0,2,"Moto/Ciclomotor,Automóvil",Uruguay Y Mitre,3,2,0,0,1,0,0,,Calle,,ROSARIO,Rosario,Asfalto,No existe,II,Dentro,Urbana,Ninguna,No existe,Intersección,S/D,S/D,Diurna,S/D,Lateral,S/D,Colisión,S/D,S/D,Ninguna,Sin restricción,POINT (-60.64715669999999 -32.97657820000001),"['Uruguay', 'Mitre']",2,Uruguay; Bartolomé Mitre,-32.97657820000001,-60.64715669999999,55.0,538.0,Municipio Rosario,Municipio,Rosario,820210,Servicio de Catastro e Información Territorial,IGN
2012,14934,2012-10-10,Miercoles,0.0,05:30:00,,0.0,3,"Automóvil,Automóvil,Pickup/Utilitario",San Martin Y Bv. 27 De Febrero,4,1,0,0,3,0,0,,Avenida,,ROSARIO,Rosario,Asfalto,No existe,II,Dentro,Urbana,Semáforo,Funciona,Intersección,Bueno,Buena,Nocturna,Buen Tiempo,Múltiple,S/D,Colisión,S/D,Vertical,Ninguna,Sin restricción,POINT (-60.642020650000006 -32.96785644999999),"['San Martin', '27 de Febrero']",2,José de San Martín; Bulevar 27 de Febrero,-32.96785644999999,-60.642020650000006,55.0,538.0,Municipio Rosario,Municipio,Rosario,820210,Servicio de Catastro e Información Territorial,IGN
2012,14935,2012-10-22,Lunes,0.0,14:00:00,,0.0,2,"Moto/Ciclomotor,Automóvil",España Y Bv. Segui,2,1,0,0,1,0,0,,Calle,,ROSARIO,Rosario,Asfalto,No existe,II,Dentro,Urbana,Semáforo,Funciona,Intersección,S/D,S/D,Diurna,S/D,Lateral,S/D,Colisión,S/D,S/D,Ninguna,Sin restricción,POINT (-60.65470295 -32.977582),"['España', 'Bulevar Juan Francisco Seguí']",2,España; Bulevar Juan Francisco Seguí,-32.977582,-60.65470295,55.0,538.0,Municipio Rosario,Municipio,Rosario,820210,Servicio de Catastro e Información Territorial,IGN
2012,14936,2012-10-22,Lunes,0.0,06:45:00,,0.0,2,"Moto/Ciclomotor,Automóvil",Pte.Roca Y Juan Canals,2,1,0,0,1,0,0,,Calle,,ROSARIO,Rosario,Asfalto,No existe,II,Dentro,Urbana,Ninguna,No existe,Intersección,S/D,S/D,Diurna,S/D,Lateral,S/D,Colisión,S/D,S/D,Ninguna,Sin restricción,POINT (-60.6559503 -32.9881674),"['Roca', 'Juan Canals']",2,Presidente Roca; Juan Canals,-32.9881674,-60.6559503,55.0,538.0,Municipio Rosario,Municipio,Rosario,820210,Servicio de Catastro e Información Territorial,IGN
2012,14937,2012-10-05,Viernes,0.0,10:00:00,,0.0,1,Transporte de Pasajeros Urbano (> 8 asientos),San Lorenzo Y San Martin,1,1,0,0,0,0,0,,Calle,,ROSARIO,Rosario,Asfalto,No existe,II,Dentro,Urbana,Otra Señal,No existe,Intersección,Bueno,Buena,Diurna,Buen Tiempo,S/D,S/D,Caída ocupante,S/D,Faltante,Ninguna,Sin restricción,POINT (-60.636237 -32.944804399999995),"['San Lorenzo', 'San Martin']",2,San Lorenzo; José de San Martín,-32.944804399999995,-60.636237,55.0,538.0,Municipio Rosario,Municipio,Rosario,820210,Servicio de Catastro e Información Territorial,IGN
2012,14938,2012-10-22,Lunes,0.0,13:00:00,,0.0,2,"Moto/Ciclomotor,Automóvil",Entre Rios Y Dean Funes,2,1,0,0,0,0,1,,Calle,,ROSARIO,Rosario,Asfalto,No existe,II,Dentro,Urbana,Ninguna,No existe,Intersección,S/D,S/D,Diurna,S/D,Lateral,S/D,Colisión,S/D,S/D,Ninguna,Sin restricción,POINT (-60.6483161 -32.9751589),"['Entre Ríos', 'Deán Gregorio Funes']",2,Entre Ríos; Deán Gregorio Funes,-32.9751589,-60.6483161,55.0,538.0,Municipio Rosario,Municipio,Rosario,820210,Servicio de Catastro e Información Territorial,IGN
2012,14939,2012-10-06,Sabado,0.0,03:00:00,,0.0,2,"Automóvil,Automóvil",Mariano Moreno Y Salta,4,2,0,0,2,0,0,,Calle,,ROSARIO,Rosario,Asfalto,No existe,II,Dentro,Urbana,Ninguna,No existe,Intersección,Bueno,Buena,Nocturna,Lluvia,S/D,S/D,Colisión,Agua,Faltante,Ninguna,Sin restricción,POINT (-60.648842800000004 -32.937196199999995),"['Mariano Moreno', 'Salta']",2,Mariano Moreno; Salta,-32.937196199999995,-60.6488428,55.0,538.0,Municipio Rosario,Municipio,Rosario,820210,Servicio de Catastro e Información Territorial,IGN
2012,14940,2012-10-07,Domingo,0.0,17:00:00,,0.0,2,"Moto/Ciclomotor,Pickup/Utilitario",Ayacucho Y Amenabar,3,2,0,0,1,0,0,,S/D,,ROSARIO,Rosario,Asfalto,No existe,II,S/D,S/D,Marca Vial,No existe,Intersección,Bueno,Buena,Atardecer,Lluvia,Lateral,S/D,Colisión,Agua,Vertical,Ninguna,Sin restricción,POINT (-60.6333886 -32.9742331),"['Ayacucho', 'Amenabar']",2,Ayacucho; José de Amenábar,-32.9742331,-60.6333886,55.0,538.0,Municipio Rosario,Municipio,Rosario,820210,Servicio de Catastro e Información Territorial,IGN
2012,14941,2012-10-08,Lunes,0.0,22:00:00,,0.0,2,"Automóvil,Moto/Ciclomotor",Rio De Janeiro Y Marcos Paz,2,1,0,0,1,0,0,,Calle,,ROSARIO,Rosario,Asfalto,S/D,II,Dentro,Urbana,S/D,S/D,Intersección,S/D,S/D,Nocturna,S/D,S/D,S/D,Colisión,S/D,S/D,Cordón divisorio,Sin restricción,POINT (-60.6816228 -32.94329449999999),"['Río de Janeiro', 'Marcos Paz']",2,Río de Janeiro; Marcos Paz,-32.94329449999999,-60.6816228,55.0,538.0,Municipio Rosario,Municipio,Rosario,820210,Servicio de Catastro e Información Territorial,IGN
2012,14942,2012-10-08,Lunes,0.0,21:00:00,,0.0,2,"Moto/Ciclomotor,Automóvil",Italia Y Jujuy,2,1,0,0,1,0,0,,Calle,,ROSARIO,Rosario,Asfalto,No existe,II,Dentro,Urbana,Ninguna,No existe,Intersección,Bueno,Buena,Nocturna,Lluvia,Lateral,S/D,Colisión,Agua,Faltante,Ninguna,S/D,POINT (-60.645819 -32.936530499999996),"['Italia', 'Jujuy']",2,Italia; Jujuy,-32.9365305,-60.645819,55.0,538.0,Municipio Rosario,Municipio,Rosario,820210,Servicio de Catastro e Información Territorial,IGN
2012,14943,2012-10-07,Domingo,0.0,08:00:00,,0.0,2,"Automóvil,Automóvil",Ayolas Y Buenos Aires,3,2,0,0,1,0,0,,Calle,,ROSARIO,Rosario,Asfalto,No existe,II,Dentro,Urbana,Semáforo,Funciona,Intersección,Bueno,Buena,Diurna,Lluvia,De alcance,S/D,Colisión,Agua,Vertical,Línea divisoria pintada,Sin restricción,POINT (-60.64034620000001 -32.9777879),"['Ayolas', 'Buenos Aires']",2,Ayolas; Buenos Aires,-32.9777879,-60.64034620000001,55.0,538.0,Municipio Rosario,Municipio,Rosario,820210,Servicio de Catastro e Información Territorial,IGN
2012,14945,2012-09-10,Lunes,0.0,19:00:00,,0.0,2,"Moto/Ciclomotor,Moto/Ciclomotor",9 De Julio Y Crespo,3,2,0,0,1,0,0,,Calle,,ROSARIO,Rosario,Asfalto,S/D,II,Dentro,Urbana,S/D,S/D,Intersección,S/D,S/D,Atardecer,S/D,S/D,S/D,Colisión,S/D,S/D,Cordón divisorio,S/D,POINT (-60.670084200000005 -32.9484788),"['9 de Julio', 'Crespo']",2,9 de Julio; Crespo,-32.9484788,-60.670084200000005,55.0,538.0,Municipio Rosario,Municipio,Rosario,820210,Servicio de Catastro e Información Territorial,IGN
2012,14946,2012-10-10,Miercoles,0.0,20:20:00,,0.0,2,"Pickup/Utilitario,Moto/Ciclomotor",Iriondo Y Montevideo,2,1,0,0,1,0,0,,Calle,,ROSARIO,Rosario,Asfalto,S/D,II,Dentro,Urbana,S/D,S/D,Intersección,S/D,S/D,Nocturna,S/D,S/D,S/D,Colisión,S/D,S/D,Cordón divisorio,S/D,POINT (-60.6720567 -32.9505233),"['Iriondo', 'Montevideo']",2,Iriondo; Montevideo,-32.9505233,-60.6720567,55.0,538.0,Municipio Rosario,Municipio,Rosario,820210,Servicio de Catastro e Información Territorial,IGN
2012,14947,2012-10-07,Domingo,0.0,10:20:00,,0.0,2,"Moto/Ciclomotor,Automóvil",Buenos Aires Y Amenabar,3,1,0,0,2,0,0,,Calle,,ROSARIO,Rosario,Asfalto,No existe,II,Dentro,Urbana,Marca Vial,No existe,Intersección,Bueno,Buena,Diurna,Lluvia,Lateral,S/D,Colisión,Agua,Vertical,Línea divisoria pintada,Sin restricción,POINT (-60.639182299999995 -32.973197600000006),"['Buenos Aires', 'Amenabar']",2,Buenos Aires; José de Amenábar,-32.973197600000006,-60.6391823,55.0,538.0,Municipio Rosario,Municipio,Rosario,820210,Servicio de Catastro e Información Territorial,IGN
2012,14948,2012-10-08,Lunes,0.0,06:20:00,,0.0,2,"Moto/Ciclomotor,Automóvil",Buenos Aires Y Av. Belgrano,2,1,0,0,0,0,1,,Calle,,ROSARIO,Rosario,S/D,No existe,II,Dentro,Urbana,Semáforo,Funciona,Intersección,Bueno,Buena,Diurna,Lluvia,De alcance,S/D,Colisión,Agua,Vertical,Ninguna,Sin restricción,POINT (-60.63208483333333 -32.94541773333333),"['Buenos Aires', 'Belgrano']",2,Buenos Aires; Avenida Manuel Belgrano,-32.94541773333333,-60.63208483333333,55.0,538.0,Municipio Rosario,Municipio,Rosario,820210,Servicio de Catastro e Información Territorial,IGN
2012,14949,2012-10-11,Jueves,0.0,11:20:00,,0.0,2,"Bicicleta,Moto/Ciclomotor",Italia Y Pasco,2,1,0,0,1,0,0,,Calle,,ROSARIO,Rosario,Asfalto,No existe,II,S/D,S/D,Ninguna,No existe,Intersección,Bueno,Buena,Diurna,Buen Tiempo,Lateral,S/D,Atropello,S/D,Faltante,Ninguna,Sin restricción,POINT (-60.6511878 -32.9578258),"['Italia', 'Pasco']",2,Italia; Pasco,-32.9578258,-60.6511878,55.0,538.0,Municipio Rosario,Municipio,Rosario,820210,Servicio de Catastro e Información Territorial,IGN
2012,14950,2012-09-24,Lunes,0.0,14:30:00,,0.0,2,"Automóvil,Automóvil",San Luis Y Pueyrredon,3,1,0,0,2,0,0,,Calle,,ROSARIO,Rosario,Asfalto,S/D,II,Dentro,Urbana,S/D,S/D,Intersección,S/D,S/D,Diurna,S/D,S/D,S/D,Colisión,S/D,S/D,S/D,S/D,POINT (-60.6580233 -32.945603899999995),"['San Luis', 'Pueyrredón']",2,San Luis; Pueyrredón,-32.945603899999995,-60.6580233,55.0,538.0,Municipio Rosario,Municipio,Rosario,820210,Servicio de Catastro e Información Territorial,IGN
2012,14951,2012-10-09,Martes,0.0,12:00:00,,0.0,2,"Automóvil,Automóvil",Bv. Oroño Y Tucuman,2,1,0,0,1,0,0,,Calle,,ROSARIO,Rosario,Asfalto,No existe,II,Dentro,Urbana,Ninguna,No existe,Intersección,Bueno,Buena,Diurna,Buen Tiempo,Lateral,S/D,Colisión,S/D,Faltante,Cordón divisorio,Sin restricción,POINT (-60.6521219 -32.9390762),"['Bulevar Nicasio Oroño', 'Tucumán']",2,Bulevar Nicasio Oroño; Tucumán,-32.9390762,-60.6521219,55.0,538.0,Municipio Rosario,Municipio,Rosario,820210,Servicio de Catastro e Información Territorial,IGN
2012,14952,2012-10-10,Miercoles,0.0,11:30:00,,0.0,2,"Peatón,Automóvil",Vera Mujica 3200,2,1,0,0,0,0,1,,Calle,,ROSARIO,Rosario,Asfalto,S/D,II,Dentro,Urbana,S/D,S/D,Recta,S/D,S/D,Diurna,S/D,S/D,S/D,Atropello,S/D,S/D,S/D,S/D,"-32.9692176, -60.6740336",['Vera Mujica 3200'],1,Vera Mujica 3200,-32.9692176,-60.6740336,55.0,538.0,Municipio Rosario,Municipio,Rosario,820210,Servicio de Catastro e Información Territorial,IGN
2012,14953,2012-10-11,Jueves,0.0,16:00:00,,0.0,2,"Moto/Ciclomotor,Automóvil",Bv. 27 De Febrero 1900,3,1,0,0,2,0,0,,Avenida,,ROSARIO,Rosario,Asfalto,No existe,II,Dentro,Urbana,Semáforo,Funciona,Recta,Bueno,Buena,Diurna,Buen Tiempo,De alcance,S/D,Colisión,S/D,Horizontal,Barrera de hormigón,Sin restricción,"-32.9655204, -60.6543544",['27 De Febrero 1900'],1,27 De Febrero 1900,-32.9655204,-60.6543544,55.0,538.0,Municipio Rosario,Municipio,Rosario,820210,Servicio de Catastro e Información Territorial,IGN
2012,14986,2012-10-12,Viernes,0.0,13:03:00,,0.0,2,"Moto/Ciclomotor,Automóvil",Av. Pellegrini 1600,2,1,0,0,1,0,0,,Avenida,,ROSARIO,Rosario,Asfalto,No existe,II,Dentro,Urbana,Señal Pare,Funciona,Recta,Bueno,Buena,Diurna,Buen Tiempo,Lateral,S/D,Colisión,S/D,Horizontal,Ninguna,Sin restricción,"-32.9559648, -60.6476727",['Pellegrini 1600'],1,Pellegrini 1600,-32.9559648,-60.6476727,55.0,538.0,Municipio Rosario,Municipio,Rosario,820210,Servicio de Catastro e Información Territorial,IGN
2012,14989,2012-10-15,Lunes,0.0,,,0.0,2,"Moto/Ciclomotor,Automóvil",Parana Y Rioja,2,0,0,1,1,0,0,,Calle,,ROSARIO,Rosario,Asfalto,S/D,II,Dentro,Urbana,S/D,S/D,Intersección,S/D,S/D,S/D,S/D,S/D,S/D,Colisión,S/D,S/D,Cordón divisorio,S/D,POINT (-60.69165910000001 -32.9380567),"['Paraná', 'Rioja']",2,Paraná; Rioja,-32.9380567,-60.69165910000001,55.0,538.0,Municipio Rosario,Municipio,Rosario,820210,Servicio de Catastro e Información Territorial,IGN
2012,14990,2012-10-12,Viernes,0.0,13:30:00,,0.0,2,"Automóvil,Moto/Ciclomotor",Italia Y Pasco,3,2,0,0,1,0,0,,Calle,,ROSARIO,Rosario,Asfalto,No existe,II,Dentro,Urbana,Ninguna,No existe,Intersección,Bueno,Buena,Diurna,Buen Tiempo,Lateral,S/D,Colisión,S/D,Faltante,Ninguna,S/D,POINT (-60.6511878 -32.9578258),"['Italia', 'Pasco']",2,Italia; Pasco,-32.9578258,-60.6511878,55.0,538.0,Municipio Rosario,Municipio,Rosario,820210,Servicio de Catastro e Información Territorial,IGN
2012,14994,2012-10-15,Lunes,0.0,13:25:00,,0.0,2,"Pickup/Utilitario,Moto/Ciclomotor",Bv. Avellaneda Y 3 De Febrero,3,1,1,0,1,0,0,,Avenida,,ROSARIO,Rosario,Asfalto,S/D,II,Dentro,Urbana,S/D,S/D,Intersección,S/D,S/D,Diurna,S/D,S/D,S/D,Colisión,S/D,S/D,Cordón divisorio,S/D,POINT (-60.6807366 -32.945458),"['Avellaneda', '3 de Febrero']",2,Bulevar Nicolás Avellaneda; 3 de Febrero,-32.945458,-60.6807366,55.0,538.0,Municipio Rosario,Municipio,Rosario,820210,Servicio de Catastro e Información Territorial,IGN
2012,14995,2012-10-09,Martes,0.0,18:00:00,,0.0,2,"Bicicleta,Automóvil",Centeno Y Esmeralda,2,1,0,0,1,0,0,,Calle,,ROSARIO,Rosario,Asfalto,No existe,II,Dentro,Urbana,Marca Vial,No existe,Intersección,Bueno,Buena,Atardecer,Lluvia,Lateral,S/D,Atropello,S/D,S/D,Línea divisoria pintada,Sin restricción,POINT (-60.631104300000004 -32.9877987),"['Centeno', 'Esmeralda']",2,Coronel Centeno; Esmeralda,-32.9877987,-60.6311043,55.0,538.0,Municipio Rosario,Municipio,Rosario,820210,Servicio de Catastro e Información Territorial,IGN
2012,15008,2012-10-26,Viernes,0.0,16:30:00,,0.0,1,Transporte de Pasajeros Urbano (> 8 asientos),Tarragona Y Ayala Gauna,3,1,0,0,2,0,0,,S/D,,ROSARIO,Rosario,S/D,S/D,II,S/D,S/D,S/D,S/D,S/D,S/D,S/D,S/D,S/D,S/D,S/D,Caída ocupante,S/D,S/D,S/D,S/D,POINT (-60.7352862 -32.9125474),"['Tarragona', 'Ayala Gauna']",2,Tarragona; Ayala Gauna,-32.9125474,-60.7352862,55.0,538.0,Municipio Rosario,Municipio,Rosario,820210,Servicio de Catastro e Información Territorial,IGN
2012,15009,2012-10-10,Miercoles,0.0,11:20:00,,0.0,2,"Moto/Ciclomotor,Automóvil",Ayacucho Y Garay,2,1,0,0,1,0,0,,Calle,,ROSARIO,Rosario,Asfalto,No existe,II,Dentro,Urbana,Marca Vial,No existe,Intersección,Bueno,Buena,Diurna,Buen Tiempo,Lateral,S/D,Colisión,Otro,Vertical,Línea divisoria pintada,Sin restricción,POINT (-60.6339717 -32.9765122),"['Ayacucho', 'Garay']",2,Ayacucho; Juan de Garay,-32.9765122,-60.6339717,55.0,538.0,Municipio Rosario,Municipio,Rosario,820210,Servicio de Catastro e Información Territorial,IGN
2012,15011,2012-10-10,Miercoles,0.0,19:00:00,,0.0,2,"Moto/Ciclomotor,Automóvil",Ayacucho Y Virasoro,3,2,0,0,1,0,0,,Calle,,ROSARIO,Rosario,Asfalto,No existe,II,Dentro,Urbana,Marca Vial,No existe,Intersección,Bueno,Buena,Atardecer,Buen Tiempo,Lateral,S/D,Colisión,Otro,Vertical,Línea divisoria pintada,Sin restricción,POINT (-60.6328196 -32.9719441),"['Ayacucho', 'Virasoro']",2,Ayacucho; Benjamín Virasoro,-32.9719441,-60.6328196,55.0,538.0,Municipio Rosario,Municipio,Rosario,820210,Servicio de Catastro e Información Territorial,IGN
2012,15012,2012-10-22,Lunes,0.0,09:15:00,,0.0,2,"Automóvil,Automóvil",Bv. 27 De Febrero Y Paraguay,2,1,0,0,1,0,0,,Avenida,,ROSARIO,Rosario,Asfalto,No existe,II,Dentro,Urbana,Semáforo,Funciona,Intersección,Bueno,Buena,Diurna,Buen Tiempo,De alcance,S/D,Colisión,S/D,Horizontal,Ninguna,Sin restricción,POINT (-60.64906305 -32.966597750000005),"['27 de Febrero', 'Paraguay']",2,Bulevar 27 de Febrero; Paraguay,-32.966597750000005,-60.64906305,55.0,538.0,Municipio Rosario,Municipio,Rosario,820210,Servicio de Catastro e Información Territorial,IGN
2012,15013,2012-10-11,Jueves,0.0,16:00:00,,0.0,2,"Bicicleta,Automóvil",Buenos Aires Y Dr.Rivas,2,1,0,0,1,0,0,,Calle,,ROSARIO,Rosario,Asfalto,No existe,II,Dentro,Urbana,Marca Vial,No existe,Intersección,Bueno,Buena,Atardecer,Buen Tiempo,Lateral,S/D,Atropello,S/D,Vertical,Ninguna,Sin restricción,POINT (-60.64209 -32.9846811),"['Buenos Aires', 'Doctor Francisco Riva']",2,Buenos Aires; Doctor Francisco Riva,-32.9846811,-60.64209,55.0,538.0,Municipio Rosario,Municipio,Rosario,820210,Servicio de Catastro e Información Territorial,IGN
2012,15014,2012-10-17,Miercoles,0.0,22:10:00,,0.0,2,"Automóvil,Automóvil",Montevideo Y Gutenberg,2,1,0,0,1,0,0,,Calle,,ROSARIO,Rosario,Asfalto,S/D,II,Dentro,Urbana,S/D,S/D,Intersección,S/D,S/D,Nocturna,S/D,S/D,S/D,Colisión,S/D,S/D,Cordón divisorio,S/D,POINT (-60.6897468 -32.947364699999994),"['Montevideo', 'Gutenberg']",2,Montevideo; Gutenberg,-32.947364699999994,-60.6897468,55.0,538.0,Municipio Rosario,Municipio,Rosario,820210,Servicio de Catastro e Información Territorial,IGN
2012,15015,2012-10-15,Lunes,0.0,23:00:00,,0.0,2,"Bicicleta,Automóvil",Ayacucho Y Garay,3,2,0,0,1,0,0,,Calle,,ROSARIO,Rosario,Asfalto,No existe,II,Dentro,Urbana,Marca Vial,No existe,Intersección,Bueno,Buena,"Nocturna,Con luz artificial",Lluvia,Lateral,S/D,Atropello,Agua,Vertical,Línea divisoria pintada,Sin restricción,POINT (-60.6339717 -32.9765122),"['Ayacucho', 'Garay']",2,Ayacucho; Juan de Garay,-32.9765122,-60.6339717,55.0,538.0,Municipio Rosario,Municipio,Rosario,820210,Servicio de Catastro e Información Territorial,IGN
2012,15016,2012-10-23,Martes,0.0,15:00:00,,0.0,2,"Bicicleta,Moto/Ciclomotor",La Paz Y España,2,1,0,0,1,0,0,,Calle,,ROSARIO,Rosario,Asfalto,No existe,II,Dentro,Urbana,Ninguna,No existe,Intersección,Bueno,Buena,Diurna,Buen Tiempo,S/D,S/D,Atropello,S/D,Faltante,Ninguna,Sin restricción,POINT (-60.650946700000006 -32.962692399999995),"['La Paz', 'España']",2,La Paz; España,-32.962692399999995,-60.650946700000006,55.0,538.0,Municipio Rosario,Municipio,Rosario,820210,Servicio de Catastro e Información Territorial,IGN
2012,15017,2012-10-23,Martes,0.0,04:15:00,,0.0,1,Taxi/Remis,Av. Corrientes Y Ituzaingo,1,1,0,0,0,0,0,,Calle,,ROSARIO,Rosario,Asfalto,No existe,II,Dentro,Rural,Semáforo,Funciona,Intersección,Bueno,Reducida,Nocturna,Buen Tiempo,Contra objeto fijo,S/D,Colisión,S/D,Horizontal,Ninguna,Sin restricción,POINT (-60.6459293 -32.959987399999996),"['Corrientes', 'Ituzaingó']",2,Corrientes; Ituzaingó,-32.9599874,-60.6459293,55.0,538.0,Municipio Rosario,Municipio,Rosario,820210,Servicio de Catastro e Información Territorial,IGN
2012,15018,2012-10-16,Martes,0.0,20:30:00,,0.0,2,"Automóvil,Vehículo Oficial",Pje. Guerrico Y 24 De Setiembre,5,4,1,0,0,0,0,,Calle,,ROSARIO,Rosario,Asfalto,No existe,II,Dentro,Urbana,Marca Vial,No existe,Intersección,Bueno,Buena,"Nocturna,Con luz artificial",Buen Tiempo,Lateral,S/D,Colisión,Otro,Vertical,S/D,Sin restricción,POINT (-60.63196839999999 -32.9828698),"['Guerrico', '24 de Septiembre']",2,Pasaje Guerrico; 24 de Septiembre,-32.9828698,-60.63196839999999,55.0,538.0,Municipio Rosario,Municipio,Rosario,820210,Servicio de Catastro e Información Territorial,IGN
2012,15020,2012-10-17,Miercoles,0.0,12:00:00,,0.0,2,"Moto/Ciclomotor,Pickup/Utilitario",Ayacucho Y Virasoro,2,1,0,0,1,0,0,,Calle,,ROSARIO,Rosario,Asfalto,No existe,II,Dentro,Urbana,Marca Vial,No existe,Intersección,Bueno,Buena,Diurna,Buen Tiempo,Lateral,S/D,Colisión,S/D,Vertical,Línea divisoria pintada,Sin restricción,POINT (-60.6328196 -32.9719441),"['Ayacucho', 'Virasoro']",2,Ayacucho; Benjamín Virasoro,-32.9719441,-60.6328196,55.0,538.0,Municipio Rosario,Municipio,Rosario,820210,Servicio de Catastro e Información Territorial,IGN
2012,15021,2012-10-17,Miercoles,0.0,,,0.0,3,"Moto/Ciclomotor,Automóvil,Automóvil",San Juan 4800,3,1,0,0,2,0,0,,Calle,,ROSARIO,Rosario,Asfalto,S/D,II,Dentro,Urbana,S/D,S/D,Intersección,S/D,S/D,S/D,S/D,S/D,S/D,Colisión,S/D,S/D,Cordón divisorio,S/D,"-32.9411299, -60.6894156",['San Juan 4800'],1,San Juan 4800,-32.9411299,-60.6894156,55.0,538.0,Municipio Rosario,Municipio,Rosario,820210,Servicio de Catastro e Información Territorial,IGN
2012,15022,2012-10-24,Miercoles,0.0,02:00:00,,0.0,2,"Automóvil,Bicicleta",Av. Pellegrini Y Av. Ovidio Lagos,2,1,0,0,1,0,0,,Avenida,,ROSARIO,Rosario,Asfalto,No existe,II,Dentro,Urbana,Ninguna,Funciona,Intersección,Bueno,Reducida,Diurna,Buen Tiempo,S/D,S/D,Atropello,S/D,Horizontal,Ninguna,Sin restricción,POINT (-60.664182350000004 -32.953107599999996),"['Pellegrini', 'Avenida Ovidio Lagos']",2,Avenida Carlos Pellegrini; Avenida Ovidio Lagos,-32.9531076,-60.66418235,55.0,538.0,Municipio Rosario,Municipio,Rosario,820210,Servicio de Catastro e Información Territorial,IGN
2012,15023,2012-10-18,Jueves,0.0,20:10:00,,0.0,2,"Moto/Ciclomotor,Pickup/Utilitario",Bv. Segui Y Buenos Aires,2,1,0,0,1,0,0,,Avenida,,ROSARIO,Rosario,Asfalto,No existe,II,Dentro,Urbana,Marca Vial,No existe,Intersección,Bueno,Buena,"Nocturna,Con luz artificial",Buen Tiempo,Lateral,S/D,Colisión,S/D,Vertical,Vegetación,Sin restricción,POINT (-60.640923400000005 -32.98006374999999),"['Bulevar Juan Francisco Seguí', 'Buenos Aires']",2,Bulevar Juan Francisco Seguí; Buenos Aires,-32.98006374999999,-60.640923400000005,55.0,538.0,Municipio Rosario,Municipio,Rosario,820210,Servicio de Catastro e Información Territorial,IGN
2012,15026,2012-10-24,Miercoles,0.0,18:00:00,,0.0,2,"Moto/Ciclomotor,Automóvil",San Martin 1839,3,2,0,0,1,0,0,,S/D,,ROSARIO,Rosario,Asfalto,No existe,II,S/D,S/D,Ninguna,No existe,Recta,Bueno,Buena,Diurna,Buen Tiempo,De alcance,S/D,Colisión,S/D,S/D,Ninguna,Sin restricción,"-32.959206040816326, -60.639678077551025",['San Martin 1839'],1,San Martin 1839,-32.959206040816326,-60.63967807755103,55.0,538.0,Municipio Rosario,Municipio,Rosario,820210,Servicio de Catastro e Información Territorial,IGN
2012,15027,2012-10-21,Domingo,0.0,12:50:00,,0.0,2,"Bicicleta,Automóvil",Maipu Y Ayolas,2,1,0,0,1,0,0,,Calle,,ROSARIO,Rosario,Asfalto,No existe,II,Dentro,Urbana,Señal Pare,No existe,Intersección,Bueno,Buena,Diurna,Buen Tiempo,Lateral,S/D,Atropello,S/D,Vertical,Línea divisoria pintada,Sin restricción,POINT (-60.64305350000001 -32.977283299999996),"['Maipú', 'Ayolas']",2,Maipú; Ayolas,-32.9772833,-60.64305350000001,55.0,538.0,Municipio Rosario,Municipio,Rosario,820210,Servicio de Catastro e Información Territorial,IGN
2012,15028,2012-10-19,Viernes,0.0,,,0.0,2,"Automóvil,Pickup/Utilitario",Av. Pellegrini 4800,2,1,0,0,1,0,0,,Avenida,,ROSARIO,Rosario,Asfalto,S/D,II,Dentro,Urbana,S/D,S/D,Intersección,S/D,S/D,S/D,S/D,S/D,S/D,Colisión,S/D,S/D,Cordón divisorio,S/D,"-32.9481663, -60.6911294",['Pellegrini 4800'],1,Pellegrini 4800,-32.9481663,-60.6911294,55.0,538.0,Municipio Rosario,Municipio,Rosario,820210,Servicio de Catastro e Información Territorial,IGN
2012,15030,2012-10-21,Domingo,0.0,12:30:00,,0.0,2,"Moto/Ciclomotor,Automóvil",J.M.de Rosas Y Bv. Segui,3,2,0,0,1,0,0,,Avenida,,ROSARIO,Rosario,Asfalto,No existe,II,Dentro,Urbana,Marca Vial,No existe,Intersección,Bueno,Buena,Diurna,Buen Tiempo,Lateral,S/D,Colisión,Otro,Vertical,Vegetación,Sin restricción,POINT (-60.63947580000001 -32.98032074999999),"['De Rosas', 'Bulevar Juan Francisco Seguí']",2,Juan Manuel de Rosas; Bulevar Juan Francisco Seguí,-32.98032074999999,-60.63947580000001,55.0,538.0,Municipio Rosario,Municipio,Rosario,820210,Servicio de Catastro e Información Territorial,IGN