anio_acci,nro_acci,fecha,desc_dia,fecha_aprox,hora_aprox,desc_ruta,km,cant_participantes,desc_participante,calle_avenida_km,total,heridos_leves,heridos_graves,heridos_gravisimos,ilesos,fallecidos,sin_datos,posicion_XY,desc_tipo_via,desc_ruta_ori,desc_loc,desc_dpto,desc_tipo_calzada,desc_tipo_banquina,desc_unidad_regional,desc_lugar_calzada,desc_zona,desc_prioridad,desc_estado_semaforo,desc_lugar_via,desc_estado_via,desc_estado_visibilidad,desc_luminosidad,desc_estado_clima,desc_tipo_colision,desc_tipo_atropello,desc_tipo_hecho,desc_pres_calzada,desc_senializacion,desc_separacion_via,desc_restriccion,forma_geocod,calle_lista,numero_calles,calles_osm,lat,lon,index_right,gid,fna,gna,nam,in1,fdc,sag
2012,15130,2012-10-15,Lunes,0.0,16:30:00,,0.0,2,"Automóvil,Automóvil",Av. Arijon Y Pueyrredon,4,2,0,0,2,0,0,,Calle,,ROSARIO,Rosario,Asfalto,No existe,II,Dentro,Urbana,Semáforo,Funciona,Intersección,Bueno,Buena,Diurna,Buen Tiempo,Frontal,S/D,Colisión,S/D,S/D,Línea divisoria pintada,Sin restricción,POINT (-60.6690932 -33.0036395),"['Avenida Manuel Arijón', 'Pueyrredón']",2,Avenida Manuel Arijón; Pueyrredón,-33.0036395,-60.6690932,55.0,538.0,Municipio Rosario,Municipio,Rosario,820210,Servicio de Catastro e Información Territorial,IGN
2012,15131,2012-10-13,Sabado,0.0,09:15:00,,0.0,2,"Moto/Ciclomotor,Pickup/Utilitario",Maipu Y 9 De Julio,3,2,0,0,1,0,0,,Calle,,ROSARIO,Rosario,Asfalto,S/D,II,Dentro,Urbana,S/D,S/D,Intersección,Bueno,S/D,Diurna,S/D,Lateral,S/D,Colisión,S/D,S/D,Cordón divisorio,S/D,POINT (-60.637184000000005 -32.95440359999999),"['Maipú', '9 de Julio']",2,Maipú; 9 de Julio,-32.95440359999999,-60.637184000000005,55.0,538.0,Municipio Rosario,Municipio,Rosario,820210,Servicio de Catastro e Información Territorial,IGN
2012,15132,2012-10-16,Martes,0.0,18:30:00,,0.0,2,"Bicicleta,Moto/Ciclomotor",Bv. Oroño Y Lamadrid,3,1,0,0,2,0,0,,Avenida,,ROSARIO,Rosario,Asfalto,No existe,II,Dentro,Urbana,Semáforo,Funciona,Intersección,Bueno,Buena,Atardecer,Buen Tiempo,Lateral,S/D,Atropello,S/D,S/D,Cordón divisorio,Sin restricción,POINT (-60.66524270000001 -32.9976152),"['Bulevar Nicasio Oroño', 'Lamadrid']",2,Bulevar Nicasio Oroño; Gregorio Aráoz de Lamadrid,-32.9976152,-60.66524270000001,55.0,538.0,Municipio Rosario,Municipio,Rosario,820210,Servicio de Catastro e Información Territorial,IGN
2012,15133,2012-10-30,Martes,0.0,12:45:00,,0.0,2,"Camión,Moto/Ciclomotor",Santiago Y 9 De Julio,2,1,0,0,1,0,0,,Calle,,ROSARIO,Rosario,Asfalto,S/D,II,Dentro,Urbana,S/D,S/D,Intersección,S/D,S/D,Diurna,S/D,S/D,S/D,Colisión,S/D,S/D,Cordón divisorio,S/D,POINT (-60.6578907 -32.950669299999994),"['Santiago', '9 de Julio']",2,Santiago; 9 de Julio,-32.950669299999994,-60.6578907,55.0,538.0,Municipio Rosario,Municipio,Rosario,820210,Servicio de Catastro e Información Territorial,IGN
2012,15134,2012-10-13,Sabado,0.0,14:00:00,,0.0,2,"Moto/Ciclomotor,Pickup/Utilitario",Punta Del Indio 7900,2,1,0,0,1,0,0,,Calle,,ROSARIO,Rosario,Asfalto,No existe,II,Dentro,Urbana,Ninguna,No existe,Cruce,Bueno,Buena,Diurna,Buen Tiempo,Lateral,S/D,Colisión,Otro,Faltante,Ninguna,Sin restricción,"-33.0306869, -60.6876124",['Punta Del Indio 7900'],1,Punta Del Indio 7900,-33.0306869,-60.6876124,55.0,538.0,Municipio Rosario,Municipio,Rosario,820210,Servicio de Catastro e Información Territorial,IGN
2012,15135,2012-10-11,Jueves,0.0,10:30:00,,0.0,2,"Taxi/Remis,Automóvil",Pte.Roca Y Av. Wheelwright,3,1,0,0,0,0,2,,Calle,,ROSARIO,Rosario,Asfalto,No existe,II,Dentro,Urbana,Semáforo,Funciona,Intersección,Bueno,Buena,Diurna,Lluvia,De alcance,S/D,Colisión,Agua,Vertical,Ninguna,Sin restricción,POINT (-60.6427887 -32.9358766),"['Roca', 'Avenida Guillermo Wheelwright']",2,Presidente Roca; Avenida Guillermo Wheelwright,-32.9358766,-60.6427887,55.0,538.0,Municipio Rosario,Municipio,Rosario,820210,Servicio de Catastro e Información Territorial,IGN
2012,15136,2012-10-31,Miercoles,0.0,,,0.0,2,"Automóvil,Automóvil",Iriondo Y Montevideo,2,1,0,0,1,0,0,,Calle,,ROSARIO,Rosario,Asfalto,S/D,II,Dentro,Urbana,S/D,S/D,Intersección,S/D,S/D,S/D,S/D,S/D,S/D,Colisión,S/D,S/D,Cordón divisorio,S/D,POINT (-60.6720567 -32.9505233),"['Iriondo', 'Montevideo']",2,Iriondo; Montevideo,-32.9505233,-60.6720567,55.0,538.0,Municipio Rosario,Municipio,Rosario,820210,Servicio de Catastro e Información Territorial,IGN
2012,15137,2012-10-15,Lunes,0.0,09:20:00,,0.0,2,"Automóvil,Camión",Av. Ovidio Lagos 5300,2,1,0,0,1,0,0,,Avenida,,ROSARIO,Rosario,Asfalto,No existe,II,Dentro,Urbana,S/D,No existe,Intersección,Bueno,Buena,Diurna,Buen Tiempo,Lateral,S/D,Colisión,S/D,Vertical,Cordón divisorio,Sin restricción,"-33.0000176, -60.6749952",['Ovidio Lagos 5300'],1,Ovidio Lagos 5300,-33.0000176,-60.6749952,55.0,538.0,Municipio Rosario,Municipio,Rosario,820210,Servicio de Catastro e Información Territorial,IGN
2012,15138,2012-10-12,Viernes,0.0,23:00:00,,0.0,2,"Moto/Ciclomotor,Automóvil",Salta Y España,2,0,1,0,1,0,0,,Calle,,ROSARIO,Rosario,Asfalto,No existe,II,Dentro,Urbana,Semáforo,Funciona,Intersección,Bueno,Buena,S/D,Buen Tiempo,Lateral,S/D,Atropello,S/D,Vertical,Ninguna,Sin restricción,POINT (-60.6447381 -32.937947699999995),"['Salta', 'España']",2,Salta; España,-32.937947699999995,-60.6447381,55.0,538.0,Municipio Rosario,Municipio,Rosario,820210,Servicio de Catastro e Información Territorial,IGN
2012,15139,2012-10-26,Viernes,0.0,19:10:00,,0.0,2,"Moto/Ciclomotor,Automóvil",Av. Francia 5400,2,1,0,0,1,0,0,,Avenida,,ROSARIO,Rosario,Asfalto,No existe,II,Dentro,Urbana,Ninguna,Funciona,Intersección,Bueno,Buena,Atardecer,Buen Tiempo,Lateral,S/D,Colisión,S/D,Vertical,Cordón divisorio,Sin restricción,"-32.9466403, -60.6668992",['Francia 5400'],1,Francia 5400,-32.9466403,-60.6668992,55.0,538.0,Municipio Rosario,Municipio,Rosario,820210,Servicio de Catastro e Información Territorial,IGN
2012,15140,2012-10-26,Viernes,0.0,14:30:00,,0.0,2,"Moto/Ciclomotor,Automóvil",San Juan Y Dorrego,3,1,0,0,2,0,0,,Calle,,ROSARIO,Rosario,Asfalto,S/D,II,Dentro,Urbana,S/D,S/D,Intersección,S/D,S/D,Diurna,S/D,Lateral,S/D,Colisión,S/D,S/D,S/D,S/D,POINT (-60.650125 -32.948187199999985),"['San Juan', 'Dorrego']",2,"('San Juan', 'Manuel Dorrego')",-32.948187199999985,-60.650125,55.0,538.0,Municipio Rosario,Municipio,Rosario,820210,Servicio de Catastro e Información Territorial,IGN
2012,15141,2012-10-03,Miercoles,0.0,15:45:00,,0.0,2,"Peatón,Moto/Ciclomotor",Caupolican 800,2,1,0,0,0,0,1,,Calle,,ROSARIO,Rosario,Asfalto,S/D,II,Dentro,Urbana,S/D,S/D,Recta,Bueno,Buena,Diurna,Buen Tiempo,S/D,S/D,Atropello,Otro,S/D,S/D,Sin restricción,"-33.00961, -60.6383464",['Caupolican 800'],1,Caupolican 800,-33.00961,-60.6383464,55.0,538.0,Municipio Rosario,Municipio,Rosario,820210,Servicio de Catastro e Información Territorial,IGN
2012,15143,2012-10-27,Sabado,0.0,21:30:00,,0.0,2,"Moto/Ciclomotor,Automóvil",Entre Rios Y Rioja,3,2,0,0,1,0,0,,Calle,,ROSARIO,Rosario,Asfalto,S/D,II,Dentro,Urbana,S/D,S/D,Intersección,S/D,S/D,Nocturna,S/D,Frontal,S/D,Colisión,S/D,S/D,S/D,S/D,POINT (-60.6412382 -32.947131699999986),"['Entre Ríos', 'Rioja']",2,Entre Ríos; Rioja,-32.947131699999986,-60.6412382,55.0,538.0,Municipio Rosario,Municipio,Rosario,820210,Servicio de Catastro e Información Territorial,IGN
2012,15144,2012-10-12,Viernes,0.0,16:00:00,,0.0,2,"Moto/Ciclomotor,Taxi/Remis",Urquiza Y Italia,2,1,0,0,1,0,0,,Calle,,ROSARIO,Rosario,Asfalto,No existe,II,Dentro,Urbana,Ninguna,No existe,Intersección,Bueno,Buena,Diurna,Buen Tiempo,Lateral,S/D,Colisión,S/D,Faltante,Ninguna,Sin restricción,POINT (-60.6469902 -32.94122840000001),"['Urquiza', 'Italia']",2,Justo José de Urquiza; Italia,-32.94122840000001,-60.6469902,55.0,538.0,Municipio Rosario,Municipio,Rosario,820210,Servicio de Catastro e Información Territorial,IGN
2012,15145,2012-10-02,Martes,0.0,16:30:00,,0.0,2,"Automóvil,Moto/Ciclomotor",Av. Uriburu Y Italia,2,1,0,0,1,0,0,,Avenida,,ROSARIO,Rosario,Asfalto,No existe,II,Dentro,Urbana,Semáforo,Funciona,Intersección,S/D,S/D,Diurna,S/D,Lateral,S/D,Colisión,S/D,S/D,Ninguna,S/D,POINT (-60.65950819999999 -32.99109555),"['Uriburu', 'Italia']",2,Avenida José Uriburu; Italia,-32.99109555,-60.65950819999999,55.0,538.0,Municipio Rosario,Municipio,Rosario,820210,Servicio de Catastro e Información Territorial,IGN
2012,15146,2012-10-28,Domingo,0.0,18:30:00,,0.0,2,"Bicicleta,Automóvil",Montevideo Y Pte.Roca,2,1,0,0,1,0,0,,Calle,,ROSARIO,Rosario,Asfalto,S/D,II,S/D,Urbana,S/D,S/D,Intersección,S/D,S/D,Diurna,S/D,Otro,S/D,Atropello,S/D,S/D,S/D,S/D,POINT (-60.6475352 -32.954896299999994),"['Montevideo', 'Roca']",2,Montevideo; Presidente Roca,-32.954896299999994,-60.6475352,55.0,538.0,Municipio Rosario,Municipio,Rosario,820210,Servicio de Catastro e Información Territorial,IGN
2012,15147,2012-10-05,Viernes,0.0,23:30:00,,0.0,2,"Moto/Ciclomotor,Bicicleta",Comodoro Rivadavia Y Santiago,3,3,0,0,0,0,0,,Calle,,ROSARIO,Rosario,Asfalto,No existe,II,Dentro,Urbana,S/D,No existe,Intersección,S/D,S/D,Nocturna,S/D,Lateral,S/D,Atropello,S/D,S/D,Ninguna,Sin restricción,POINT (-60.6680318 -32.99079780000001),"['Comodoro Rivadavia', 'Santiago']",2,Comodoro Rivadavia; Santiago,-32.99079780000001,-60.6680318,55.0,538.0,Municipio Rosario,Municipio,Rosario,820210,Servicio de Catastro e Información Territorial,IGN
2012,15148,2012-10-28,Domingo,0.0,07:00:00,,0.0,2,"Automóvil,Automóvil",Bv. Oroño Y 9 De Julio,2,1,0,0,1,0,0,,Avenida,,ROSARIO,Rosario,Asfalto,S/D,II,Dentro,Urbana,S/D,S/D,Intersección,S/D,S/D,Diurna,S/D,Otro,S/D,Colisión,S/D,S/D,S/D,S/D,POINT (-60.65516625 -32.95114735),"['Bulevar Nicasio Oroño', '9 de Julio']",2,Bulevar Nicasio Oroño; 9 de Julio,-32.95114735,-60.65516625,55.0,538.0,Municipio Rosario,Municipio,Rosario,820210,Servicio de Catastro e Información Territorial,IGN
2012,15150,2012-10-13,Sabado,0.0,13:00:00,,0.0,3,"Automóvil,Automóvil,Automóvil",Av. Belgrano Y Laprida,3,1,0,0,2,0,0,,S/D,,ROSARIO,Rosario,Asfalto,No existe,II,S/D,S/D,Ninguna,No existe,Intersección,Bueno,Buena,Diurna,Buen Tiempo,Múltiple,S/D,Colisión,S/D,Faltante,Ninguna,Sin restricción,POINT (-60.629682700000004 -32.965131725),"['Belgrano', 'Laprida']",2,Avenida Manuel Belgrano; Francisco Narciso Laprida,-32.965131725,-60.6296827,55.0,538.0,Municipio Rosario,Municipio,Rosario,820210,Servicio de Catastro e Información Territorial,IGN
2012,15151,2012-10-05,Viernes,0.0,23:30:00,,0.0,2,"Automóvil,Moto/Ciclomotor",San Martin Y Gaboto,2,1,0,0,1,0,0,,Calle,,ROSARIO,Rosario,Asfalto,No existe,II,Dentro,Urbana,Semáforo,Funciona,Intersección,S/D,S/D,Nocturna,S/D,Lateral,S/D,Colisión,S/D,S/D,Ninguna,Sin restricción,POINT (-60.6434439 -32.9736111),"['San Martin', 'Gaboto']",2,José de San Martín; Gaboto,-32.9736111,-60.6434439,55.0,538.0,Municipio Rosario,Municipio,Rosario,820210,Servicio de Catastro e Información Territorial,IGN
2012,15152,2012-10-06,Sabado,0.0,09:30:00,,0.0,2,"Bicicleta,Automóvil",Bv. Segui Y Mariano Moreno,2,1,0,0,1,0,0,,Avenida,,ROSARIO,Rosario,Asfalto,No existe,II,Dentro,Urbana,Ninguna,No existe,Intersección,S/D,S/D,Diurna,S/D,S/D,S/D,Atropello,S/D,S/D,Ninguna,Sin restricción,POINT (-60.658756600000004 -32.97685955),"['Bulevar Juan Francisco Seguí', 'Mariano Moreno']",2,Bulevar Juan Francisco Seguí; Mariano Moreno,-32.97685955,-60.6587566,55.0,538.0,Municipio Rosario,Municipio,Rosario,820210,Servicio de Catastro e Información Territorial,IGN
2012,15154,2012-10-13,Sabado,0.0,02:45:00,,0.0,3,"Automóvil,Automóvil,Automóvil",Av. Illia Y Pte.Roca,3,1,0,0,1,0,1,,Calle,,ROSARIO,Rosario,Asfalto,No existe,II,Dentro,Urbana,Ninguna,No existe,Recta,Bueno,Buena,Nocturna,Buen Tiempo,Múltiple,S/D,Colisión,S/D,Faltante,Ninguna,Sin restricción,POINT (-60.6427291 -32.935635),"['Illia', 'Roca']",2,Avenida Arturo Illia; Presidente Roca,-32.935635,-60.6427291,55.0,538.0,Municipio Rosario,Municipio,Rosario,820210,Servicio de Catastro e Información Territorial,IGN
2012,15157,2012-10-17,Miercoles,0.0,21:30:00,,0.0,2,"Automóvil,Automóvil",San Lorenzo Y Dorrego,2,1,0,0,1,0,0,,Calle,,ROSARIO,Rosario,Asfalto,No existe,II,Dentro,Urbana,Señal Pare,No existe,Intersección,Bueno,Buena,Nocturna,Buen Tiempo,Lateral,S/D,Colisión,Otro,Vertical,Ninguna,Sin restricción,POINT (-60.6486306 -32.94215729999999),"['San Lorenzo', 'Dorrego']",2,San Lorenzo; Manuel Dorrego,-32.94215729999999,-60.6486306,55.0,538.0,Municipio Rosario,Municipio,Rosario,820210,Servicio de Catastro e Información Territorial,IGN
2012,15160,2012-10-19,Viernes,0.0,10:15:00,,0.0,2,"Moto/Ciclomotor,Taxi/Remis",Salta Y Italia,2,1,0,0,1,0,0,,Calle,,ROSARIO,Rosario,Asfalto,No existe,II,Dentro,Urbana,Señal Pare,No existe,Intersección,Bueno,Buena,Diurna,Buen Tiempo,Frontal,S/D,Colisión,S/D,Vertical,Ninguna,Sin restricción,POINT (-60.6461132 -32.937695999999995),"['Salta', 'Italia']",2,Salta; Italia,-32.937695999999995,-60.6461132,55.0,538.0,Municipio Rosario,Municipio,Rosario,820210,Servicio de Catastro e Información Territorial,IGN
2012,15162,2012-10-20,Sabado,0.0,19:10:00,,0.0,3,"Peatón,Peatón,Automóvil",Esmeralda Y Dean Funes,3,1,0,0,1,0,1,,Calle,,ROSARIO,Rosario,Asfalto,No existe,II,Dentro,Urbana,S/D,No existe,Recta,Bueno,S/D,Atardecer,S/D,S/D,S/D,Atropello,S/D,Faltante,S/D,S/D,POINT (-60.6287831 -32.9786453),"['Esmeralda', 'Deán Gregorio Funes']",2,Esmeralda; Deán Gregorio Funes,-32.9786453,-60.6287831,55.0,538.0,Municipio Rosario,Municipio,Rosario,820210,Servicio de Catastro e Información Territorial,IGN
2012,15163,2012-10-19,Viernes,0.0,21:25:00,,0.0,2,"Automóvil,Automóvil",Rivadavia Y Bv. Oroño,2,1,0,0,1,0,0,,Avenida,,ROSARIO,Rosario,Asfalto,No existe,II,Dentro,Urbana,Semáforo,Funciona,Intersección,Bueno,Buena,Nocturna,Buen Tiempo,S/D,S/D,Colisión,S/D,Vertical,Ninguna,Sin restricción,POINT (-60.65036005 -32.93210415),"['Rivadavia', 'Bulevar Nicasio Oroño']",2,Avenida Bernardino Rivadavia; Bulevar Nicasio Oroño,-32.93210415,-60.65036005,55.0,538.0,Municipio Rosario,Municipio,Rosario,820210,Servicio de Catastro e Información Territorial,IGN
2012,15166,2012-10-19,Viernes,0.0,11:00:00,,0.0,2,"Automóvil,Automóvil",Bv. Oroño Y Tucuman,2,1,0,0,1,0,0,,Avenida,,ROSARIO,Rosario,Asfalto,No existe,II,Dentro,Urbana,Señal Pare,No existe,Intersección,Bueno,Buena,Diurna,Buen Tiempo,S/D,S/D,Colisión,S/D,Faltante,Ninguna,Sin restricción,POINT (-60.6521219 -32.9390762),"['Bulevar Nicasio Oroño', 'Tucumán']",2,Bulevar Nicasio Oroño; Tucumán,-32.9390762,-60.6521219,55.0,538.0,Municipio Rosario,Municipio,Rosario,820210,Servicio de Catastro e Información Territorial,IGN
2012,15168,2012-10-22,Lunes,0.0,14:20:00,,0.0,2,"Pickup/Utilitario,Moto/Ciclomotor",Mitre 3700,2,1,0,0,1,0,0,,Calle,,ROSARIO,Rosario,Asfalto,No existe,II,Dentro,Urbana,Ninguna,No existe,Intersección,S/D,S/D,Diurna,S/D,Lateral,S/D,Colisión,S/D,S/D,Ninguna,Sin restricción,"-32.9801366, -60.6482249",['Mitre 3700'],1,Mitre 3700,-32.9801366,-60.6482249,55.0,538.0,Municipio Rosario,Municipio,Rosario,820210,Servicio de Catastro e Información Territorial,IGN
2012,15170,2012-10-19,Viernes,0.0,22:10:00,,0.0,2,"Automóvil,Automóvil",Bv. Oroño Y Salta,4,2,0,0,2,0,0,,Calle,,ROSARIO,Rosario,Asfalto,No existe,II,Dentro,Urbana,Semáforo,Funciona,Intersección,Bueno,Buena,Nocturna,Buen Tiempo,Lateral,S/D,Colisión,S/D,Vertical,Ninguna,Sin restricción,POINT (-60.6515116 -32.93672015),"['Bulevar Nicasio Oroño', 'Salta']",2,Bulevar Nicasio Oroño; Salta,-32.93672015,-60.6515116,55.0,538.0,Municipio Rosario,Municipio,Rosario,820210,Servicio de Catastro e Información Territorial,IGN
2012,15171,2012-10-22,Lunes,0.0,09:40:00,,0.0,2,"Automóvil,Moto/Ciclomotor",Bv. Segui Y Entre Rios,3,2,0,0,1,0,0,,Avenida,,ROSARIO,Rosario,Asfalto,No existe,II,Dentro,Urbana,Semáforo,Funciona,Intersección,S/D,S/D,Diurna,S/D,Lateral,S/D,Colisión,S/D,S/D,Ninguna,S/D,POINT (-60.6491681 -32.97857979999999),"['Bulevar Juan Francisco Seguí', 'Entre Ríos']",2,Bulevar Juan Francisco Seguí; Entre Ríos,-32.97857979999999,-60.6491681,55.0,538.0,Municipio Rosario,Municipio,Rosario,820210,Servicio de Catastro e Información Territorial,IGN
2012,15172,2012-10-22,Lunes,0.0,13:30:00,,0.0,2,"Taxi/Remis,Transporte de Pasajeros Urbano (> 8 asientos)",Mariano Moreno Y Uruguay,2,1,0,0,1,0,0,,Calle,,ROSARIO,Rosario,Asfalto,No existe,II,Dentro,Urbana,Ninguna,No existe,Intersección,S/D,S/D,Diurna,S/D,Lateral,S/D,Colisión,S/D,S/D,Ninguna,Sin restricción,POINT (-60.65820020000001 -32.97458339999999),"['Mariano Moreno', 'Uruguay']",2,Mariano Moreno; Uruguay,-32.97458339999999,-60.65820020000001,55.0,538.0,Municipio Rosario,Municipio,Rosario,820210,Servicio de Catastro e Información Territorial,IGN
2012,15173,2012-10-20,Sabado,0.0,09:30:00,,0.0,2,"Automóvil,Moto/Ciclomotor",Balcarce Y Salta,2,1,0,0,1,0,0,,Calle,,ROSARIO,Rosario,Asfalto,No existe,II,Dentro,Urbana,Ninguna,No existe,Intersección,S/D,Buena,Diurna,Lluvia,Frontal,S/D,Colisión,S/D,Faltante,Ninguna,Sin restricción,POINT (-60.6501714 -32.936959299999984),"['Balcarce', 'Salta']",2,Balcarce; Salta,-32.936959299999984,-60.6501714,55.0,538.0,Municipio Rosario,Municipio,Rosario,820210,Servicio de Catastro e Información Territorial,IGN
2012,15211,2012-10-23,Martes,0.0,21:00:00,,0.0,2,"Moto/Ciclomotor,Peatón",Dorrego Y Av. Illia,2,2,0,0,0,0,0,,Avenida,,ROSARIO,Rosario,Asfalto,No existe,II,Dentro,Urbana,Ninguna,No existe,Intersección,Bueno,Buena,Nocturna,Buen Tiempo,S/D,S/D,Atropello,Otro,Faltante,Ninguna,S/D,POINT (-60.64637869999999 -32.933465999999996),"['Dorrego', 'Illia']",2,Manuel Dorrego; Avenida Arturo Illia,-32.933466,-60.64637869999999,55.0,538.0,Municipio Rosario,Municipio,Rosario,820210,Servicio de Catastro e Información Territorial,IGN
2012,15212,2012-10-24,Miercoles,0.0,13:50:00,,0.0,2,"Automóvil,Pickup/Utilitario",Bv. Oroño Y Tucuman,3,2,0,0,1,0,0,,Avenida,,ROSARIO,Rosario,Asfalto,No existe,II,Dentro,Urbana,Ninguna,No existe,Intersección,Bueno,Buena,Diurna,Buen Tiempo,Lateral,S/D,Colisión,S/D,Faltante,Ninguna,Sin restricción,POINT (-60.6521219 -32.9390762),"['Bulevar Nicasio Oroño', 'Tucumán']",2,Bulevar Nicasio Oroño; Tucumán,-32.9390762,-60.6521219,55.0,538.0,Municipio Rosario,Municipio,Rosario,820210,Servicio de Catastro e Información Territorial,IGN
2012,15213,2012-10-30,Martes,0.0,16:30:00,,0.0,2,"Bicicleta,Automóvil",Italia Y Mendoza,2,1,0,0,1,0,0,,Calle,,ROSARIO,Rosario,Asfalto,S/D,II,Dentro,Urbana,S/D,S/D,Intersección,S/D,S/D,S/D,S/D,S/D,S/D,Atropello,S/D,S/D,S/D,S/D,POINT (-60.6491502 -32.9498054),"['Italia', 'Mendoza']",2,Italia; Mendoza,-32.9498054,-60.6491502,55.0,538.0,Municipio Rosario,Municipio,Rosario,820210,Servicio de Catastro e Información Territorial,IGN
2012,15214,2012-10-22,Lunes,0.0,07:45:00,,0.0,2,"Automóvil,Moto/Ciclomotor",Av. Corrientes Y Biedma,2,1,0,0,1,0,0,,Avenida,,ROSARIO,Rosario,Asfalto,No existe,II,Dentro,Urbana,Ninguna,No existe,Intersección,Bueno,S/D,Diurna,S/D,Frontal,S/D,Colisión,S/D,S/D,Ninguna,Sin restricción,POINT (-60.6511938 -32.9806414),"['Corrientes', 'Coronel Biedma']",2,Corrientes; Coronel Biedma,-32.9806414,-60.6511938,55.0,538.0,Municipio Rosario,Municipio,Rosario,820210,Servicio de Catastro e Información Territorial,IGN
2012,15215,2012-10-26,Viernes,0.0,07:45:00,,0.0,2,"Moto/Ciclomotor,Automóvil",Bv. Oroño Y Catamarca,2,1,0,0,1,0,0,,Avenida,,ROSARIO,Rosario,Asfalto,No existe,II,Dentro,Urbana,Ninguna,No existe,Intersección,Bueno,Buena,Diurna,Buen Tiempo,Frontal,S/D,Colisión,S/D,Faltante,Ninguna,Sin restricción,POINT (-60.651806750000006 -32.9378818),"['Bulevar Nicasio Oroño', 'Catamarca']",2,Bulevar Nicasio Oroño; Catamarca,-32.9378818,-60.651806750000006,55.0,538.0,Municipio Rosario,Municipio,Rosario,820210,Servicio de Catastro e Información Territorial,IGN
2012,15216,2012-10-30,Martes,0.0,,,0.0,2,"Moto/Ciclomotor,Moto/Ciclomotor",Mendoza Y Mariano Moreno,2,2,0,0,0,0,0,,Calle,,ROSARIO,Rosario,Asfalto,S/D,II,Dentro,Urbana,S/D,S/D,Intersección,S/D,S/D,S/D,S/D,Otro,S/D,Colisión,S/D,S/D,S/D,S/D,POINT (-60.6519029 -32.949323199999995),"['Mendoza', 'Mariano Moreno']",2,Mendoza; Mariano Moreno,-32.949323199999995,-60.6519029,55.0,538.0,Municipio Rosario,Municipio,Rosario,820210,Servicio de Catastro e Información Territorial,IGN
2012,15217,2012-10-30,Martes,0.0,14:20:00,,0.0,2,"Bicicleta,Automóvil",Italia Y Montevideo,2,1,0,0,0,0,1,,Calle,,ROSARIO,Rosario,Asfalto,S/D,II,Dentro,Urbana,S/D,S/D,Intersección,S/D,S/D,S/D,S/D,S/D,S/D,Atropello,S/D,S/D,S/D,S/D,POINT (-60.6503083 -32.954403599999985),"['Italia', 'Montevideo']",2,Italia; Montevideo,-32.954403599999985,-60.6503083,55.0,538.0,Municipio Rosario,Municipio,Rosario,820210,Servicio de Catastro e Información Territorial,IGN
2012,15218,2012-10-31,Miercoles,0.0,,,0.0,2,"Moto/Ciclomotor,Automóvil",Santa Fe Y Balcarce,2,1,0,0,1,0,0,,Calle,,ROSARIO,Rosario,S/D,S/D,II,Dentro,Urbana,S/D,S/D,Intersección,S/D,S/D,S/D,S/D,S/D,S/D,Colisión,S/D,S/D,S/D,S/D,POINT (-60.65159370000001 -32.94261169999999),"['Santa Fe', 'Balcarce']",2,Santa Fe; Balcarce,-32.94261169999999,-60.65159370000001,55.0,538.0,Municipio Rosario,Municipio,Rosario,820210,Servicio de Catastro e Información Territorial,IGN
2012,15219,2012-10-22,Lunes,0.0,22:30:00,,0.0,2,"Automóvil,Moto/Ciclomotor",Reg.11 de Infanteria Y Av. Corrientes,2,1,0,0,1,0,0,,Avenida,,ROSARIO,Rosario,Asfalto,No existe,II,Dentro,Urbana,Ninguna,No existe,Intersección,S/D,S/D,Nocturna,S/D,Frontal,S/D,Colisión,S/D,S/D,Ninguna,Sin restricción,POINT (-60.65339740000001 -32.99894449999999),"['Regimiento 11', 'Corrientes']",2,Regimiento 11; Corrientes,-32.99894449999999,-60.65339740000001,55.0,538.0,Municipio Rosario,Municipio,Rosario,820210,Servicio de Catastro e Información Territorial,IGN
2012,15221,2012-10-27,Sabado,0.0,04:00:00,,0.0,2,"Automóvil,Automóvil",Brown Y Italia,2,1,0,0,1,0,0,,Calle,,ROSARIO,Rosario,Asfalto,No existe,II,Dentro,Urbana,Señal Pare,No existe,Intersección,Bueno,Buena,Nocturna,Buen Tiempo,Lateral,S/D,Colisión,S/D,Vertical,Ninguna,Sin restricción,POINT (-60.6455153 -32.93537130000001),"['Brown', 'Italia']",2,Almirante Brown; Italia,-32.93537130000001,-60.6455153,55.0,538.0,Municipio Rosario,Municipio,Rosario,820210,Servicio de Catastro e Información Territorial,IGN
2012,15222,2012-10-23,Martes,0.0,23:00:00,,0.0,2,"Automóvil,Automóvil",Bv. Oroño Y Biedma,3,1,0,0,2,0,0,,Avenida,,ROSARIO,Rosario,Asfalto,No existe,II,Dentro,Urbana,Semáforo,Funciona,Intersección,S/D,S/D,Nocturna,S/D,Lateral,S/D,Colisión,S/D,S/D,Ninguna,Sin restricción,POINT (-60.66209965000001 -32.97866725),"['Bulevar Nicasio Oroño', 'Coronel Biedma']",2,Bulevar Nicasio Oroño; Coronel Biedma,-32.97866725,-60.66209965000001,55.0,538.0,Municipio Rosario,Municipio,Rosario,820210,Servicio de Catastro e Información Territorial,IGN
2012,15223,2012-10-01,Lunes,0.0,08:50:00,,0.0,2,"Automóvil,Automóvil",Balcarce Y Salta,2,1,0,0,1,0,0,,Calle,,ROSARIO,Rosario,Asfalto,No existe,II,Dentro,Urbana,Ninguna,S/D,Intersección,Bueno,S/D,S/D,S/D,De alcance,S/D,Colisión,S/D,Faltante,S/D,Sin restricción,POINT (-60.6501714 -32.936959299999984),"['Balcarce', 'Salta']",2,Balcarce; Salta,-32.936959299999984,-60.6501714,55.0,538.0,Municipio Rosario,Municipio,Rosario,820210,Servicio de Catastro e Información Territorial,IGN