anio_acci,nro_acci,fecha,desc_dia,fecha_aprox,hora_aprox,desc_ruta,km,cant_participantes,desc_participante,calle_avenida_km,total,heridos_leves,heridos_graves,heridos_gravisimos,ilesos,fallecidos,sin_datos,posicion_XY,desc_tipo_via,desc_ruta_ori,desc_loc,desc_dpto,desc_tipo_calzada,desc_tipo_banquina,desc_unidad_regional,desc_lugar_calzada,desc_zona,desc_prioridad,desc_estado_semaforo,desc_lugar_via,desc_estado_via,desc_estado_visibilidad,desc_luminosidad,desc_estado_clima,desc_tipo_colision,desc_tipo_atropello,desc_tipo_hecho,desc_pres_calzada,desc_senializacion,desc_separacion_via,desc_restriccion,forma_geocod,calle_lista,numero_calles,calles_osm,lat,lon,index_right,gid,fna,gna,nam,in1,fdc,sag
2012,15224,2012-10-23,Martes,0.0,07:00:00,,0.0,2,"Bicicleta,Automóvil",Callao Y Bv. Segui,2,1,0,0,0,0,1,,Avenida,,ROSARIO,Rosario,Asfalto,No existe,II,Dentro,Urbana,Ninguna,No existe,Intersección,S/D,S/D,Diurna,S/D,Lateral,S/D,Atropello,S/D,S/D,Ninguna,Sin restricción,POINT (-60.6682971 -32.97516315),"['Callao', 'Bulevar Juan Francisco Seguí']",2,Callao; Bulevar Juan Francisco Seguí,-32.97516315,-60.6682971,55.0,538.0,Municipio Rosario,Municipio,Rosario,820210,Servicio de Catastro e Información Territorial,IGN
2012,15225,2012-10-28,Domingo,0.0,21:30:00,,0.0,2,"Moto/Ciclomotor,Automóvil",San Lorenzo Y Alvear,2,1,0,0,1,0,0,,Calle,,ROSARIO,Rosario,Asfalto,No existe,II,Dentro,Urbana,Ninguna,No existe,Intersección,Bueno,Buena,Nocturna,Buen Tiempo,Lateral,S/D,Colisión,S/D,Faltante,Ninguna,Sin restricción,POINT (-60.6540993 -32.941162199999994),"['San Lorenzo', 'Alvear']",2,San Lorenzo; Alvear,-32.941162199999994,-60.6540993,55.0,538.0,Municipio Rosario,Municipio,Rosario,820210,Servicio de Catastro e Información Territorial,IGN
2012,15227,2012-10-24,Miercoles,0.0,10:00:00,,0.0,2,"Camión,Peatón",Bv. Oroño Y Saavedra,2,1,0,0,1,0,0,,Avenida,,ROSARIO,Rosario,Asfalto,No existe,II,Dentro,Urbana,Semáforo,Funciona,Intersección,S/D,S/D,Diurna,S/D,Lateral,S/D,Colisión,Otro,S/D,Ninguna,Sin restricción,POINT (-60.6612381 -32.975227399999994),"['Bulevar Nicasio Oroño', 'Saavedra']",2,Bulevar Nicasio Oroño; Saavedra,-32.975227399999994,-60.6612381,55.0,538.0,Municipio Rosario,Municipio,Rosario,820210,Servicio de Catastro e Información Territorial,IGN
2012,15228,2012-10-29,Lunes,0.0,06:20:00,,0.0,2,"Automóvil,Automóvil",Italia Y Brown,4,1,1,0,2,0,0,,Calle,,ROSARIO,Rosario,Asfalto,No existe,II,Dentro,Urbana,Ninguna,No existe,Intersección,Bueno,Buena,Amanecer,Buen Tiempo,Lateral,S/D,Colisión,S/D,Faltante,Ninguna,Sin restricción,POINT (-60.6455153 -32.93537130000001),"['Italia', 'Brown']",2,Italia; Almirante Brown,-32.93537130000001,-60.6455153,55.0,538.0,Municipio Rosario,Municipio,Rosario,820210,Servicio de Catastro e Información Territorial,IGN
2012,15229,2012-10-24,Miercoles,0.0,16:00:00,,0.0,2,"Bicicleta,Pickup/Utilitario",Chacabuco 3500,2,1,0,0,1,0,0,,Calle,,ROSARIO,Rosario,Asfalto,No existe,II,Dentro,Urbana,Marca Vial,S/D,Recta,Bueno,Buena,Diurna,Buen Tiempo,Lateral,S/D,Colisión,S/D,Vertical,Ninguna,Sin restricción,"-32.980372, -60.6306785",['Chacabuco 3500'],1,Chacabuco 3500,-32.980372,-60.6306785,55.0,538.0,Municipio Rosario,Municipio,Rosario,820210,Servicio de Catastro e Información Territorial,IGN
2012,15231,2012-10-24,Miercoles,0.0,19:30:00,,0.0,3,"Peatón,Peatón,Moto/Ciclomotor",Garibaldi Y Rodriguez,3,2,0,0,1,0,0,,Calle,,ROSARIO,Rosario,Asfalto,No existe,II,Dentro,Urbana,Ninguna,No existe,Recta,S/D,S/D,Atardecer,S/D,Lateral,S/D,Atropello,S/D,S/D,Ninguna,Sin restricción,POINT (-60.66872120000001 -32.9822805),"['José Garibaldi', 'Rodríguez']",2,José Garibaldi; Rodríguez de Escobedo,-32.9822805,-60.66872120000001,55.0,538.0,Municipio Rosario,Municipio,Rosario,820210,Servicio de Catastro e Información Territorial,IGN
2012,15235,2012-10-24,Miercoles,0.0,16:40:00,,0.0,2,"Moto/Ciclomotor,Moto/Ciclomotor",Dr.Rivas Y Pueyrredon,2,2,0,0,0,0,0,,Calle,,ROSARIO,Rosario,Asfalto,No existe,II,Dentro,Urbana,Ninguna,No existe,Intersección,S/D,S/D,S/D,S/D,Lateral,S/D,Colisión,S/D,S/D,Ninguna,Sin restricción,POINT (-60.6667508 -32.9802387),"['Doctor Francisco Riva', 'Pueyrredón']",2,Doctor Francisco Riva; Pueyrredón,-32.9802387,-60.6667508,55.0,538.0,Municipio Rosario,Municipio,Rosario,820210,Servicio de Catastro e Información Territorial,IGN
2012,15236,2012-10-24,Miercoles,0.0,12:40:00,,0.0,2,"Automóvil,Moto/Ciclomotor",Bv. Segui Y Dorrego,3,2,0,0,1,0,0,,Avenida,,ROSARIO,Rosario,Asfalto,No existe,II,Dentro,Urbana,Ninguna,No existe,Intersección,S/D,S/D,Diurna,S/D,Lateral,S/D,Colisión,S/D,S/D,Ninguna,Sin restricción,POINT (-60.657444850000005 -32.97709334999999),"['Bulevar Juan Francisco Seguí', 'Dorrego']",2,Bulevar Juan Francisco Seguí; Manuel Dorrego,-32.97709334999999,-60.657444850000005,55.0,538.0,Municipio Rosario,Municipio,Rosario,820210,Servicio de Catastro e Información Territorial,IGN
2012,15237,2012-10-25,Jueves,0.0,20:30:00,,0.0,2,"Moto/Ciclomotor,Automóvil",Ayacucho Y Bv. Segui,3,2,0,0,1,0,0,,Avenida,,ROSARIO,Rosario,Asfalto,No existe,II,Dentro,Urbana,Marca Vial,No existe,Intersección,Bueno,Buena,Nocturna,Buen Tiempo,Lateral,S/D,Colisión,S/D,Vertical,Línea divisoria pintada,Sin restricción,POINT (-60.63548025 -32.9810463),"['Ayacucho', 'Bulevar Juan Francisco Seguí']",2,Ayacucho; Bulevar Juan Francisco Seguí,-32.9810463,-60.63548025,55.0,538.0,Municipio Rosario,Municipio,Rosario,820210,Servicio de Catastro e Información Territorial,IGN
2012,15239,2012-10-14,Domingo,0.0,07:30:00,,0.0,2,"Automóvil,Automóvil",Mitre Y Virasoro,2,1,0,0,0,0,1,,Calle,,ROSARIO,Rosario,Asfalto,Pavimento,II,Dentro,Urbana,Ninguna,No existe,Intersección,Bueno,Buena,Diurna,Buen Tiempo,Otro,S/D,Colisión,S/D,Faltante,Ninguna,Sin restricción,POINT (-60.645445900000006 -32.9696759),"['Mitre', 'Virasoro']",2,Bartolomé Mitre; Benjamín Virasoro,-32.9696759,-60.645445900000006,55.0,538.0,Municipio Rosario,Municipio,Rosario,820210,Servicio de Catastro e Información Territorial,IGN
2012,15240,2012-10-25,Jueves,0.0,08:15:00,,0.0,2,"Moto/Ciclomotor,Taxi/Remis",Bv. Oroño Y Coulin,2,1,0,0,1,0,0,,Avenida,,ROSARIO,Rosario,Asfalto,No existe,II,Dentro,Urbana,Ninguna,No existe,Intersección,S/D,Buena,Diurna,S/D,Lateral,S/D,Colisión,S/D,S/D,Ninguna,Sin restricción,POINT (-60.6646975 -32.98902485),"['Bulevar Nicasio Oroño', 'Coulin']",2,Bulevar Nicasio Oroño; Coulin,-32.98902485,-60.6646975,55.0,538.0,Municipio Rosario,Municipio,Rosario,820210,Servicio de Catastro e Información Territorial,IGN
2012,15241,2012-10-25,Jueves,0.0,15:45:00,,0.0,2,"Moto/Ciclomotor,Automóvil",Buenos Aires Y 24 De Setiembre,2,1,0,0,1,0,0,,Calle,,ROSARIO,Rosario,Asfalto,No existe,II,Dentro,Urbana,Marca Vial,No existe,Intersección,Bueno,Buena,Diurna,Buen Tiempo,Lateral,S/D,Colisión,S/D,Vertical,Línea divisoria pintada,Sin restricción,POINT (-60.6411925 -32.98113024999999),"['Buenos Aires', '24 de Septiembre']",2,Buenos Aires; 24 de Septiembre,-32.98113024999999,-60.6411925,55.0,538.0,Municipio Rosario,Municipio,Rosario,820210,Servicio de Catastro e Información Territorial,IGN
2012,15242,2012-10-15,Lunes,0.0,13:30:00,,0.0,3,"Automóvil,Automóvil,Automóvil",Bv. Oroño Y Rueda,4,2,0,0,2,0,0,,Avenida,,ROSARIO,Rosario,Asfalto,No existe,II,Dentro,Urbana,Semáforo,Funciona,Intersección,Bueno,Buena,Diurna,Buen Tiempo,Múltiple,S/D,Colisión,S/D,Horizontal,Barrera de hormigón,Sin restricción,POINT (-60.65951415 -32.96836919999999),"['Bulevar Nicasio Oroño', 'Rueda']",2,Bulevar Nicasio Oroño; Rueda,-32.96836919999999,-60.65951415,55.0,538.0,Municipio Rosario,Municipio,Rosario,820210,Servicio de Catastro e Información Territorial,IGN
2012,15243,2012-10-25,Jueves,0.0,18:30:00,,0.0,2,"Moto/Ciclomotor,Automóvil",Garibaldi Y Dorrego,3,2,0,0,1,0,0,,Calle,,ROSARIO,Rosario,Asfalto,No existe,II,Dentro,Urbana,Ninguna,No existe,Intersección,S/D,S/D,Atardecer,S/D,Lateral,S/D,Colisión,S/D,S/D,Ninguna,Sin restricción,POINT (-60.6592046 -32.984001500000005),"['José Garibaldi', 'Dorrego']",2,José Garibaldi; Manuel Dorrego,-32.984001500000005,-60.6592046,55.0,538.0,Municipio Rosario,Municipio,Rosario,820210,Servicio de Catastro e Información Territorial,IGN
2012,15245,2012-10-26,Viernes,0.0,13:00:00,,0.0,2,"Moto/Ciclomotor,Automóvil",Necochea Y Dean Funes,2,1,0,0,1,0,0,,Calle,,ROSARIO,Rosario,Asfalto,No existe,II,Dentro,Urbana,Marca Vial,No existe,Intersección,Bueno,Buena,Diurna,Buen Tiempo,Lateral,S/D,Colisión,Otro,Vertical,Línea divisoria pintada,Sin restricción,POINT (-60.6315256 -32.978155799999996),"['Necochea', 'Deán Gregorio Funes']",2,Necochea; Deán Gregorio Funes,-32.9781558,-60.6315256,55.0,538.0,Municipio Rosario,Municipio,Rosario,820210,Servicio de Catastro e Información Territorial,IGN
2012,15246,2012-10-25,Jueves,0.0,14:30:00,,0.0,2,"Moto/Ciclomotor,Automóvil",Balcarce Y Bv. Segui,2,1,0,0,1,0,0,,Avenida,,ROSARIO,Rosario,Asfalto,No existe,II,Dentro,Urbana,S/D,No existe,Intersección,S/D,Buena,Diurna,Otro,Lateral,S/D,Colisión,S/D,S/D,S/D,Sin restricción,POINT (-60.66015055 -32.97661384999999),"['Balcarce', 'Bulevar Juan Francisco Seguí']",2,Balcarce; Bulevar Juan Francisco Seguí,-32.97661384999999,-60.66015055,55.0,538.0,Municipio Rosario,Municipio,Rosario,820210,Servicio de Catastro e Información Territorial,IGN
2012,15247,2012-10-16,Martes,0.0,16:00:00,,0.0,2,"Taxi/Remis,Moto/Ciclomotor",Bv. 27 De Febrero Y Santiago,2,1,0,0,1,0,0,,Calle,,ROSARIO,Rosario,Asfalto,No existe,II,Dentro,Urbana,Ninguna,No existe,Recta,Bueno,Buena,Diurna,Buen Tiempo,Lateral,S/D,Colisión,S/D,S/D,Barrera de hormigón,Sin restricción,POINT (-60.66128945 -32.9644092),"['27 de Febrero', 'Santiago']",2,Bulevar 27 de Febrero; Santiago,-32.9644092,-60.66128945,55.0,538.0,Municipio Rosario,Municipio,Rosario,820210,Servicio de Catastro e Información Territorial,IGN
2012,15249,2012-10-26,Viernes,0.0,14:00:00,,0.0,2,"Moto/Ciclomotor,Automóvil",Paraguay Y Reg.11 de Infanteria,3,2,0,0,1,0,0,,Calle,,ROSARIO,Rosario,Asfalto,No existe,II,Dentro,Urbana,Ninguna,No existe,Intersección,S/D,S/D,Diurna,Otro,Lateral,S/D,Colisión,S/D,S/D,Ninguna,Sin restricción,POINT (-60.65487370000001 -32.998976199999994),"['Paraguay', 'Regimiento 11']",2,Paraguay; Regimiento 11,-32.998976199999994,-60.65487370000001,55.0,538.0,Municipio Rosario,Municipio,Rosario,820210,Servicio de Catastro e Información Territorial,IGN
2012,15250,2012-10-16,Martes,0.0,13:20:00,,0.0,2,"Automóvil,Automóvil",Bv. 27 De Febrero 2900,4,2,0,0,2,0,0,,Avenida,,ROSARIO,Rosario,Asfalto,No existe,II,Dentro,Urbana,Ninguna,No existe,Recta,Bueno,Buena,Diurna,Buen Tiempo,Lateral,S/D,Colisión,S/D,Faltante,Cordón divisorio,Sin restricción,"-32.9630792, -60.6679745",['27 De Febrero 2900'],1,27 De Febrero 2900,-32.9630792,-60.6679745,55.0,538.0,Municipio Rosario,Municipio,Rosario,820210,Servicio de Catastro e Información Territorial,IGN
2012,15252,2012-10-26,Viernes,0.0,17:40:00,,0.0,2,"Moto/Ciclomotor,Automóvil",San Martin 4800,3,2,0,0,1,0,0,,Calle,,ROSARIO,Rosario,Asfalto,Pavimento,II,Dentro,Urbana,Semáforo,Funciona,Intersección,Bueno,Buena,Atardecer,Buen Tiempo,Lateral,S/D,Colisión,S/D,Horizontal,Línea divisoria pintada,Sin restricción,"-32.9621322, -60.6405848",['San Martin 4800'],1,San Martin 4800,-32.9621322,-60.6405848,55.0,538.0,Municipio Rosario,Municipio,Rosario,820210,Servicio de Catastro e Información Territorial,IGN
2012,15253,2012-10-26,Viernes,0.0,17:10:00,,0.0,2,"Automóvil,Moto/Ciclomotor",Bv. Segui Y Mitre,2,1,0,0,1,0,0,,Avenida,,ROSARIO,Rosario,Asfalto,No existe,II,Dentro,Urbana,Ninguna,No existe,Intersección,S/D,S/D,Atardecer,S/D,Lateral,S/D,Colisión,S/D,S/D,Ninguna,Sin restricción,POINT (-60.6477426 -32.97883275),"['Bulevar Juan Francisco Seguí', 'Mitre']",2,Bulevar Juan Francisco Seguí; Bartolomé Mitre,-32.97883275,-60.6477426,55.0,538.0,Municipio Rosario,Municipio,Rosario,820210,Servicio de Catastro e Información Territorial,IGN
2012,15255,2012-10-17,Miercoles,0.0,17:30:00,,0.0,2,"Moto/Ciclomotor,Pickup/Utilitario",Mitre Y Pasco,3,2,0,0,1,0,0,,Calle,,ROSARIO,Rosario,Asfalto,No existe,II,Dentro,Urbana,Ninguna,No existe,Recta,Bueno,Buena,Diurna,Buen Tiempo,Lateral,S/D,Colisión,S/D,Faltante,Ninguna,Sin restricción,POINT (-60.6428728 -32.95932040000001),"['Mitre', 'Pasco']",2,Bartolomé Mitre; Pasco,-32.95932040000001,-60.6428728,55.0,538.0,Municipio Rosario,Municipio,Rosario,820210,Servicio de Catastro e Información Territorial,IGN
2012,15256,2012-10-26,Viernes,0.0,01:00:00,,0.0,2,"Automóvil,Automóvil",San Martin Y Garay,2,2,0,0,0,0,0,,Calle,,ROSARIO,Rosario,Asfalto,No existe,II,Dentro,Urbana,Semáforo,Funciona,Intersección,S/D,S/D,Nocturna,S/D,Lateral,S/D,Colisión,S/D,S/D,Ninguna,Sin restricción,POINT (-60.6437417 -32.97477079999999),"['San Martin', 'Garay']",2,"('José de San Martín', 'Juan de Garay')",-32.97477079999999,-60.6437417,55.0,538.0,Municipio Rosario,Municipio,Rosario,820210,Servicio de Catastro e Información Territorial,IGN
2012,15259,2012-10-18,Jueves,0.0,13:00:00,,0.0,2,"Moto/Ciclomotor,Moto/Ciclomotor",San Martin 2045,3,1,0,0,2,0,0,,Avenida,,ROSARIO,Rosario,Asfalto,No existe,II,Dentro,Urbana,Ninguna,No existe,Recta,Bueno,Buena,Diurna,Buen Tiempo,Lateral,S/D,Colisión,S/D,Faltante,Ninguna,Sin restricción,"-32.96152941836735, -60.64027499591837",['San Martin 2045'],1,San Martin 2045,-32.96152941836735,-60.64027499591837,55.0,538.0,Municipio Rosario,Municipio,Rosario,820210,Servicio de Catastro e Información Territorial,IGN
2012,15260,2012-10-27,Sabado,0.0,19:00:00,,0.0,2,"Automóvil,Automóvil",Alvear Y Pte.Quintana,3,2,0,0,1,0,0,,Calle,,ROSARIO,Rosario,Asfalto,No existe,II,Dentro,Urbana,Ninguna,No existe,Intersección,S/D,S/D,Atardecer,S/D,Lateral,S/D,Colisión,S/D,S/D,Ninguna,Sin restricción,POINT (-60.6637239 -32.9795759),"['Alvear', 'Quintana']",2,"('Alvear', 'Presidente Quintana')",-32.9795759,-60.6637239,55.0,538.0,Municipio Rosario,Municipio,Rosario,820210,Servicio de Catastro e Información Territorial,IGN
2012,15261,2012-10-27,Sabado,0.0,10:50:00,,0.0,2,"Automóvil,Automóvil",Buenos Aires Y Rueda,2,1,0,0,1,0,0,,Calle,,ROSARIO,Rosario,Asfalto,No existe,II,Dentro,Urbana,Marca Vial,No existe,Intersección,Bueno,Buena,Diurna,Buen Tiempo,Lateral,S/D,Colisión,S/D,Vertical,Línea divisoria pintada,Sin restricción,POINT (-60.638891900000004 -32.9720512),"['Buenos Aires', 'Rueda']",2,Buenos Aires; Rueda,-32.9720512,-60.6388919,55.0,538.0,Municipio Rosario,Municipio,Rosario,820210,Servicio de Catastro e Información Territorial,IGN
2012,15262,2012-10-18,Jueves,0.0,00:45:00,,0.0,2,"Automóvil,Moto/Ciclomotor",Bv. 27 De Febrero Y San Martin,3,0,1,0,2,0,0,,Calle,,ROSARIO,Rosario,Asfalto,No existe,II,Dentro,Urbana,Semáforo,Funciona,Intersección,Bueno,Reducida,Nocturna,Buen Tiempo,De alcance,S/D,Colisión,S/D,Horizontal,Ninguna,Sin restricción,POINT (-60.642020650000006 -32.96785644999999),"['27 de Febrero', 'San Martin']",2,Bulevar 27 de Febrero; José de San Martín,-32.96785644999999,-60.642020650000006,55.0,538.0,Municipio Rosario,Municipio,Rosario,820210,Servicio de Catastro e Información Territorial,IGN
2012,15263,2012-10-28,Domingo,0.0,15:40:00,,0.0,2,"Bicicleta,Automóvil",San Martin Y 24 De Setiembre,2,1,0,0,1,0,0,,Calle,,ROSARIO,Rosario,Asfalto,No existe,II,Dentro,Urbana,Ninguna,No existe,Intersección,S/D,S/D,Diurna,S/D,Lateral,S/D,Atropello,S/D,S/D,Ninguna,Sin restricción,POINT (-60.64455705 -32.98058454999999),"['San Martin', '24 de Septiembre']",2,José de San Martín; 24 de Septiembre,-32.98058454999999,-60.64455705,55.0,538.0,Municipio Rosario,Municipio,Rosario,820210,Servicio de Catastro e Información Territorial,IGN
2012,15264,2012-10-27,Sabado,0.0,19:45:00,,0.0,1,Moto/Ciclomotor,Buenos Aires Y Dr.Rivas,3,2,0,0,1,0,0,,Calle,,ROSARIO,Rosario,Asfalto,No existe,II,Dentro,Urbana,Marca Vial,No existe,Intersección,Bueno,Buena,Nocturna,Buen Tiempo,Lateral,S/D,Colisión,Otro,Vertical,Línea divisoria pintada,Sin restricción,POINT (-60.64209 -32.9846811),"['Buenos Aires', 'Doctor Francisco Riva']",2,Buenos Aires; Doctor Francisco Riva,-32.9846811,-60.64209,55.0,538.0,Municipio Rosario,Municipio,Rosario,820210,Servicio de Catastro e Información Territorial,IGN
2012,15265,2012-10-29,Lunes,0.0,18:50:00,,0.0,2,"Automóvil,Moto/Ciclomotor",Bv. Segui Y Entre Rios,2,1,0,0,1,0,0,,Avenida,,ROSARIO,Rosario,Asfalto,No existe,II,Dentro,Urbana,Ninguna,No existe,Intersección,S/D,S/D,Atardecer,S/D,Lateral,S/D,Colisión,S/D,S/D,Ninguna,Sin restricción,POINT (-60.6491681 -32.97857979999999),"['Bulevar Juan Francisco Seguí', 'Entre Ríos']",2,Bulevar Juan Francisco Seguí; Entre Ríos,-32.97857979999999,-60.6491681,55.0,538.0,Municipio Rosario,Municipio,Rosario,820210,Servicio de Catastro e Información Territorial,IGN
2012,15267,2012-10-29,Lunes,0.0,08:10:00,,0.0,2,"Moto/Ciclomotor,Automóvil",Buenos Aires Y Bv. Segui,2,1,0,0,1,0,0,,Calle,,ROSARIO,Rosario,Asfalto,S/D,II,Dentro,Urbana,Marca Vial,No existe,Intersección,Bueno,Buena,S/D,Buen Tiempo,Lateral,S/D,Colisión,S/D,Vertical,Línea divisoria pintada,Sin restricción,POINT (-60.640923400000005 -32.98006374999999),"['Buenos Aires', 'Bulevar Juan Francisco Seguí']",2,Buenos Aires; Bulevar Juan Francisco Seguí,-32.98006374999999,-60.640923400000005,55.0,538.0,Municipio Rosario,Municipio,Rosario,820210,Servicio de Catastro e Información Territorial,IGN
2012,15268,2012-10-30,Martes,0.0,06:00:00,,0.0,2,"Moto/Ciclomotor,Peatón",San Martin Y Mr.Ross,2,1,0,0,1,0,0,,Calle,,ROSARIO,Rosario,Asfalto,No existe,II,Dentro,Urbana,Ninguna,No existe,Intersección,S/D,S/D,Amanecer,S/D,Lateral,S/D,Atropello,S/D,S/D,Ninguna,Sin restricción,POINT (-60.646259300000004 -32.98868269999999),"['San Martin', 'Rodrigo M. Ross']",2,José de San Martín; Rodrigo M. Ross,-32.98868269999999,-60.6462593,55.0,538.0,Municipio Rosario,Municipio,Rosario,820210,Servicio de Catastro e Información Territorial,IGN
2012,15269,2012-10-10,Miercoles,0.0,15:50:00,,0.0,2,"Pickup/Utilitario,Moto/Ciclomotor",Bv. Segui Y Crespo,2,0,1,0,1,0,0,,Avenida,,ROSARIO,Rosario,Asfalto,No existe,II,Dentro,Urbana,Ninguna,No existe,Intersección,Bueno,Buena,Diurna,Buen Tiempo,Frontal,S/D,Colisión,S/D,Faltante,Cordón divisorio,Sin restricción,POINT (-60.676448699999995 -32.973707299999994),"['Bulevar Juan Francisco Seguí', 'Crespo']",2,Bulevar Juan Francisco Seguí; Crespo,-32.973707299999994,-60.6764487,55.0,538.0,Municipio Rosario,Municipio,Rosario,820210,Servicio de Catastro e Información Territorial,IGN
2012,15270,2012-10-18,Jueves,0.0,12:00:00,,0.0,2,"Moto/Ciclomotor,Automóvil",Av. Uriburu Y España,3,2,0,0,1,0,0,,Calle,,ROSARIO,Rosario,Asfalto,No existe,II,Dentro,Urbana,Ninguna,No existe,Intersección,Bueno,Buena,Diurna,Buen Tiempo,Lateral,S/D,Colisión,S/D,Faltante,Ninguna,Sin restricción,POINT (-60.65809949999999 -32.9910482),"['Uriburu', 'España']",2,Avenida José Uriburu; España,-32.9910482,-60.65809949999999,55.0,538.0,Municipio Rosario,Municipio,Rosario,820210,Servicio de Catastro e Información Territorial,IGN
2012,15272,2012-10-30,Martes,0.0,12:30:00,,0.0,2,"Automóvil,Camión",Av. Uriburu Y Pte.Roca,3,1,0,0,2,0,0,,Avenida,,ROSARIO,Rosario,Asfalto,No existe,II,Dentro,Urbana,Semáforo,Funciona,Intersección,S/D,S/D,Diurna,S/D,Lateral,S/D,Colisión,S/D,S/D,Ninguna,Sin restricción,POINT (-60.65665205 -32.9910065),"['Uriburu', 'Roca']",2,Avenida José Uriburu; Presidente Roca,-32.9910065,-60.65665205,55.0,538.0,Municipio Rosario,Municipio,Rosario,820210,Servicio de Catastro e Información Territorial,IGN
2012,15276,2012-10-30,Martes,0.0,15:00:00,,0.0,2,"Bicicleta,Automóvil",Av. Uriburu Y San Martin,2,1,0,0,1,0,0,,Avenida,,ROSARIO,Rosario,Asfalto,No existe,II,Dentro,Urbana,Semáforo,Funciona,Intersección,S/D,S/D,Diurna,S/D,Lateral,S/D,Atropello,S/D,S/D,S/D,Sin restricción,POINT (-60.646703949999996 -32.99069289999999),"['Uriburu', 'San Martin']",2,Avenida José Uriburu; José de San Martín,-32.99069289999999,-60.64670395,55.0,538.0,Municipio Rosario,Municipio,Rosario,820210,Servicio de Catastro e Información Territorial,IGN
2012,15277,2012-10-30,Martes,0.0,13:00:00,,0.0,2,"Automóvil,Pickup/Utilitario",Bv. Segui Y L.N.Alem,2,1,0,0,1,0,0,,Calle,,ROSARIO,Rosario,Asfalto,No existe,II,Dentro,Urbana,Ninguna,No existe,Intersección,Bueno,Buena,Diurna,Buen Tiempo,Lateral,S/D,Colisión,S/D,Horizontal,Línea divisoria pintada,Sin restricción,POINT (-60.63650380000001 -32.980857400000005),"['Bulevar Juan Francisco Seguí', 'Alem']",2,Bulevar Juan Francisco Seguí; Leandro N. Alem,-32.980857400000005,-60.63650380000001,55.0,538.0,Municipio Rosario,Municipio,Rosario,820210,Servicio de Catastro e Información Territorial,IGN
2012,15278,2012-10-15,Lunes,0.0,23:05:00,,0.0,2,"Automóvil,Peatón",Av. Uriburu Y Av. Ovidio Lagos,2,1,0,0,1,0,0,,Avenida,,ROSARIO,Rosario,Asfalto,No existe,II,Dentro,Urbana,Ninguna,Funciona,Intersección,Bueno,Buena,"Nocturna,Con luz artificial",Buen Tiempo,Otro,S/D,Atropello,S/D,Vertical,Cordón divisorio,Sin restricción,POINT (-60.67337785 -32.991524999999996),"['Uriburu', 'Avenida Ovidio Lagos']",2,Avenida José Uriburu; Avenida Ovidio Lagos,-32.991525,-60.67337785,55.0,538.0,Municipio Rosario,Municipio,Rosario,820210,Servicio de Catastro e Información Territorial,IGN
2012,15279,2012-10-30,Martes,0.0,18:55:00,,0.0,2,"Automóvil,Moto/Ciclomotor",Bv. Segui 1800,2,1,0,0,1,0,0,,Avenida,,ROSARIO,Rosario,Asfalto,No existe,II,Dentro,Urbana,Ninguna,No existe,Recta,S/D,S/D,Atardecer,Buen Tiempo,Lateral,S/D,Colisión,S/D,S/D,Ninguna,Sin restricción,"-32.9772123, -60.6558436",['Bulevar Juan Francisco Seguí 1800'],1,Bulevar Juan Francisco Seguí 1800,-32.9772123,-60.6558436,55.0,538.0,Municipio Rosario,Municipio,Rosario,820210,Servicio de Catastro e Información Territorial,IGN
2012,15281,2012-10-01,Lunes,0.0,16:30:00,,0.0,2,"Moto/Ciclomotor,Automóvil",Dean Funes Y 1 de Mayo,3,2,0,0,1,0,0,,Calle,,ROSARIO,Rosario,Asfalto,No existe,II,Dentro,Urbana,Marca Vial,No existe,Intersección,Bueno,Buena,Atardecer,Buen Tiempo,Lateral,S/D,Colisión,S/D,Vertical,Línea divisoria pintada,Sin restricción,POINT (-60.6370174 -32.9771752),"['Deán Gregorio Funes', 'Primero de Mayo']",2,Deán Gregorio Funes; Primero de Mayo,-32.9771752,-60.6370174,55.0,538.0,Municipio Rosario,Municipio,Rosario,820210,Servicio de Catastro e Información Territorial,IGN
2012,15282,2012-10-30,Martes,0.0,17:00:00,,0.0,2,"Bicicleta,Automóvil",Ayolas Y Necochea,2,1,0,0,1,0,0,,Calle,,ROSARIO,Rosario,Asfalto,No existe,II,Dentro,Urbana,S/D,No existe,Intersección,Bueno,Buena,Atardecer,Buen Tiempo,Lateral,S/D,Atropello,S/D,Vertical,Línea divisoria pintada,Sin restricción,POINT (-60.631812499999995 -32.97929800000001),"['Ayolas', 'Necochea']",2,Ayolas; Necochea,-32.97929800000001,-60.6318125,55.0,538.0,Municipio Rosario,Municipio,Rosario,820210,Servicio de Catastro e Información Territorial,IGN