anio_acci,nro_acci,fecha,desc_dia,fecha_aprox,hora_aprox,desc_ruta,km,cant_participantes,desc_participante,calle_avenida_km,total,heridos_leves,heridos_graves,heridos_gravisimos,ilesos,fallecidos,sin_datos,posicion_XY,desc_tipo_via,desc_ruta_ori,desc_loc,desc_dpto,desc_tipo_calzada,desc_tipo_banquina,desc_unidad_regional,desc_lugar_calzada,desc_zona,desc_prioridad,desc_estado_semaforo,desc_lugar_via,desc_estado_via,desc_estado_visibilidad,desc_luminosidad,desc_estado_clima,desc_tipo_colision,desc_tipo_atropello,desc_tipo_hecho,desc_pres_calzada,desc_senializacion,desc_separacion_via,desc_restriccion,forma_geocod,calle_lista,numero_calles,calles_osm,lat,lon,index_right,gid,fna,gna,nam,in1,fdc,sag
2012,15283,2012-10-19,Viernes,0.0,05:45:00,,0.0,2,"Moto/Ciclomotor,Automóvil",Cochabamba Y Entre Rios,2,1,0,0,1,0,0,,Calle,,ROSARIO,Rosario,Asfalto,No existe,II,Dentro,Urbana,Ninguna,Funciona,Intersección,Bueno,Buena,Nocturna,Buen Tiempo,De alcance,S/D,Colisión,S/D,Horizontal,Ninguna,Sin restricción,POINT (-60.6439501 -32.9579457),"['Cochabamba', 'Entre Ríos']",2,Cochabamba; Entre Ríos,-32.9579457,-60.6439501,55.0,538.0,Municipio Rosario,Municipio,Rosario,820210,Servicio de Catastro e Información Territorial,IGN
2012,15284,2012-10-02,Martes,0.0,19:00:00,,0.0,2,"Moto/Ciclomotor,Pickup/Utilitario",Buenos Aires Y Rueda,3,2,0,0,1,0,0,,Calle,,ROSARIO,Rosario,Asfalto,No existe,II,Dentro,Urbana,Marca Vial,No existe,Intersección,Bueno,Buena,"Atardecer,Con luz artificial",Buen Tiempo,Lateral,S/D,Colisión,S/D,Vertical,Línea divisoria pintada,Sin restricción,POINT (-60.638891900000004 -32.9720512),"['Buenos Aires', 'Rueda']",2,Buenos Aires; Rueda,-32.9720512,-60.6388919,55.0,538.0,Municipio Rosario,Municipio,Rosario,820210,Servicio de Catastro e Información Territorial,IGN
2012,15285,2012-10-17,Miercoles,0.0,09:30:00,,0.0,2,"Automóvil,Moto/Ciclomotor",Bv. Segui Y Constitucion,2,1,0,0,1,0,0,,Avenida,,ROSARIO,Rosario,Asfalto,No existe,II,Dentro,Urbana,Ninguna,No existe,Recta,Bueno,Buena,Diurna,Buen Tiempo,Frontal,S/D,Colisión,S/D,Faltante,Ninguna,Sin restricción,POINT (-60.6819282 -32.97272762499999),"['Bulevar Juan Francisco Seguí', 'Constitución']",2,Bulevar Juan Francisco Seguí; Constitución,-32.97272762499999,-60.6819282,55.0,538.0,Municipio Rosario,Municipio,Rosario,820210,Servicio de Catastro e Información Territorial,IGN
2012,15286,2012-10-02,Martes,0.0,03:45:00,,0.0,2,"Taxi/Remis,Automóvil",Cordoba Y Dorrego,3,1,0,0,2,0,0,,S/D,,ROSARIO,Rosario,Asfalto,S/D,II,S/D,S/D,S/D,S/D,Intersección,S/D,S/D,Nocturna,S/D,Otro,S/D,Colisión,S/D,S/D,S/D,S/D,POINT (-60.64918180000001 -32.94445519999999),"['Córdoba', 'Dorrego']",2,Córdoba; Manuel Dorrego,-32.94445519999999,-60.64918180000001,55.0,538.0,Municipio Rosario,Municipio,Rosario,820210,Servicio de Catastro e Información Territorial,IGN
2012,15287,2012-10-02,Martes,0.0,12:00:00,,0.0,2,"Moto/Ciclomotor,Automóvil",Amenabar Y Laprida,3,1,0,0,2,0,0,,Calle,,ROSARIO,Rosario,Asfalto,No existe,II,Dentro,Urbana,Marca Vial,No existe,Intersección,Bueno,Buena,Diurna,Buen Tiempo,Lateral,S/D,Colisión,S/D,S/D,Línea divisoria pintada,Sin restricción,POINT (-60.640707500000005 -32.97290979999999),"['Amenabar', 'Laprida']",2,José de Amenábar; Francisco Narciso Laprida,-32.97290979999999,-60.640707500000005,55.0,538.0,Municipio Rosario,Municipio,Rosario,820210,Servicio de Catastro e Información Territorial,IGN
2012,15288,2012-10-02,Martes,0.0,07:55:00,,0.0,2,"Bicicleta,Transporte de Pasajeros Urbano (> 8 asientos)",Ayacucho Y Ayolas,2,1,0,0,0,0,1,,Calle,,ROSARIO,Rosario,Asfalto,No existe,II,Dentro,Urbana,Marca Vial,No existe,Intersección,Bueno,Buena,Diurna,Buen Tiempo,Lateral,S/D,Atropello,S/D,Vertical,Barrera de hormigón,Sin restricción,POINT (-60.634843399999994 -32.978758),"['Ayacucho', 'Ayolas']",2,Ayacucho; Ayolas,-32.978758,-60.6348434,55.0,538.0,Municipio Rosario,Municipio,Rosario,820210,Servicio de Catastro e Información Territorial,IGN
2012,15289,2012-10-04,Jueves,0.0,11:00:00,,0.0,2,"Automóvil,Automóvil",9 De Julio Y Paraguay,7,2,0,0,5,0,0,,Calle,,ROSARIO,Rosario,Asfalto,S/D,II,Dentro,Urbana,S/D,S/D,Intersección,S/D,S/D,S/D,S/D,S/D,S/D,Colisión,S/D,S/D,S/D,S/D,POINT (-60.645596 -32.952859899999986),"['9 de Julio', 'Paraguay']",2,9 de Julio; Paraguay,-32.952859899999986,-60.645596,55.0,538.0,Municipio Rosario,Municipio,Rosario,820210,Servicio de Catastro e Información Territorial,IGN
2012,15290,2012-10-12,Viernes,0.0,,,0.0,2,"Peatón,Automóvil",Rioja Y Sarmiento,2,1,0,0,1,0,0,,S/D,,ROSARIO,Rosario,Asfalto,S/D,II,S/D,Urbana,S/D,S/D,Intersección,S/D,S/D,S/D,S/D,S/D,S/D,Atropello,S/D,S/D,S/D,S/D,POINT (-60.63849449999999 -32.947679599999994),"['Rioja', 'Sarmiento']",2,Rioja; Sarmiento,-32.947679599999994,-60.63849449999999,55.0,538.0,Municipio Rosario,Municipio,Rosario,820210,Servicio de Catastro e Información Territorial,IGN
2012,15291,2012-10-02,Martes,0.0,18:45:00,,0.0,2,"Moto/Ciclomotor,Automóvil",Buenos Aires Y Biedma,2,1,0,0,1,0,0,,Calle,,ROSARIO,Rosario,Asfalto,No existe,II,Dentro,Urbana,Marca Vial,No existe,Intersección,Bueno,Buena,"Atardecer,Con luz artificial",Buen Tiempo,Lateral,S/D,Colisión,S/D,Vertical,Línea divisoria pintada,Sin restricción,POINT (-60.6414998 -32.9823454),"['Buenos Aires', 'Coronel Biedma']",2,Buenos Aires; Coronel Biedma,-32.9823454,-60.6414998,55.0,538.0,Municipio Rosario,Municipio,Rosario,820210,Servicio de Catastro e Información Territorial,IGN
2012,15292,2012-10-12,Viernes,0.0,,,0.0,2,"Moto/Ciclomotor,Automóvil",Rioja Y San Martin,3,2,0,0,1,0,0,,S/D,,ROSARIO,Rosario,Asfalto,S/D,II,S/D,Urbana,S/D,S/D,Intersección,S/D,S/D,S/D,S/D,Otro,S/D,Colisión,S/D,S/D,S/D,S/D,POINT (-60.63700219999999 -32.94798279999999),"['Rioja', 'San Martin']",2,Rioja; José de San Martín,-32.94798279999999,-60.63700219999999,55.0,538.0,Municipio Rosario,Municipio,Rosario,820210,Servicio de Catastro e Información Territorial,IGN
2012,15293,2012-10-05,Viernes,0.0,11:00:00,,0.0,2,"Automóvil,Automóvil",Bv. Oroño Y Mendoza,3,1,0,0,2,0,0,,Avenida,,ROSARIO,Rosario,Asfalto,S/D,II,Dentro,Urbana,S/D,S/D,Cruce,S/D,S/D,Diurna,S/D,Otro,S/D,Colisión,S/D,S/D,S/D,Sin restricción,POINT (-60.6545801 -32.948842899999995),"['Bulevar Nicasio Oroño', 'Mendoza']",2,Bulevar Nicasio Oroño; Mendoza,-32.948842899999995,-60.6545801,55.0,538.0,Municipio Rosario,Municipio,Rosario,820210,Servicio de Catastro e Información Territorial,IGN
2012,15294,2012-10-03,Miercoles,0.0,18:00:00,,0.0,2,"Moto/Ciclomotor,Automóvil",L.N.Alem Y 24 De Setiembre,3,2,0,0,1,0,0,,Calle,,ROSARIO,Rosario,Asfalto,No existe,II,Dentro,Urbana,Marca Vial,No existe,Intersección,Bueno,Buena,Atardecer,Buen Tiempo,Lateral,S/D,Colisión,S/D,Vertical,Línea divisoria pintada,Sin restricción,POINT (-60.6367922 -32.9820138),"['Alem', '24 de Septiembre']",2,Leandro N. Alem; 24 de Septiembre,-32.9820138,-60.6367922,55.0,538.0,Municipio Rosario,Municipio,Rosario,820210,Servicio de Catastro e Información Territorial,IGN
2012,15295,2012-10-19,Viernes,0.0,13:50:00,,0.0,1,Moto/Ciclomotor,Bv. Segui Y Av. Francia,1,1,0,0,0,0,0,,Avenida,,ROSARIO,Rosario,Asfalto,No existe,II,Dentro,Urbana,Semáforo,Funciona,Intersección,Bueno,Buena,Atardecer,Buen Tiempo,Lateral,S/D,Colisión,S/D,Vertical,Ninguna,Sin restricción,POINT (-60.673763175 -32.97418725),"['Bulevar Juan Francisco Seguí', 'Avenida Francia']",2,Bulevar Juan Francisco Seguí; Avenida Francia,-32.97418725,-60.673763175,55.0,538.0,Municipio Rosario,Municipio,Rosario,820210,Servicio de Catastro e Información Territorial,IGN
2012,15296,2012-10-04,Jueves,0.0,12:00:00,,0.0,2,"Peatón,Automóvil",Ayacucho Y Dean Funes,2,1,0,0,1,0,0,,Calle,,ROSARIO,Rosario,Asfalto,No existe,II,Dentro,Urbana,Marca Vial,No existe,Intersección,Bueno,Buena,Diurna,Buen Tiempo,S/D,S/D,Atropello,S/D,Vertical,Línea divisoria pintada,Sin restricción,POINT (-60.6342614 -32.97766059999999),"['Ayacucho', 'Deán Gregorio Funes']",2,Ayacucho; Deán Gregorio Funes,-32.97766059999999,-60.6342614,55.0,538.0,Municipio Rosario,Municipio,Rosario,820210,Servicio de Catastro e Información Territorial,IGN
2012,15297,2012-10-13,Sabado,0.0,,,0.0,2,"Automóvil,Automóvil",Rioja Y Balcarce,3,2,0,0,1,0,0,,S/D,,ROSARIO,Rosario,Asfalto,S/D,II,S/D,Urbana,S/D,S/D,Intersección,S/D,S/D,S/D,S/D,S/D,S/D,Colisión,S/D,S/D,S/D,S/D,POINT (-60.6522012 -32.9451043),"['Rioja', 'Balcarce']",2,Rioja; Balcarce,-32.9451043,-60.6522012,55.0,538.0,Municipio Rosario,Municipio,Rosario,820210,Servicio de Catastro e Información Territorial,IGN
2012,15298,2012-10-19,Viernes,0.0,18:30:00,,0.0,2,"Bicicleta,Pickup/Utilitario",Bv. Avellaneda Y Garay,2,1,0,0,1,0,0,,Avenida,,ROSARIO,Rosario,Asfalto,No existe,II,Dentro,Urbana,Semáforo,Funciona,Intersección,Bueno,Buena,Diurna,Buen Tiempo,S/D,S/D,Atropello,Agua,Vertical,Cordón divisorio,Sin restricción,POINT (-60.6862105 -32.9671833),"['Avellaneda', 'Garay']",2,Bulevar Nicolás Avellaneda; Juan de Garay,-32.9671833,-60.6862105,55.0,538.0,Municipio Rosario,Municipio,Rosario,820210,Servicio de Catastro e Información Territorial,IGN
2012,15299,2012-10-05,Viernes,0.0,12:00:00,,0.0,2,"Taxi/Remis,Automóvil",E.Zeballos Y Sarmiento,2,1,0,0,1,0,0,,Calle,,ROSARIO,Rosario,Asfalto,S/D,II,Dentro,Urbana,S/D,S/D,Intersección,Bueno,S/D,Diurna,S/D,Otro,S/D,Colisión,S/D,S/D,S/D,S/D,POINT (-60.640305899999994 -32.95503369999999),"['Zeballos', 'Sarmiento']",2,Zeballos; Sarmiento,-32.95503369999999,-60.6403059,55.0,538.0,Municipio Rosario,Municipio,Rosario,820210,Servicio de Catastro e Información Territorial,IGN
2012,15300,2012-10-05,Viernes,0.0,08:45:00,,0.0,2,"Bicicleta,Automóvil",Ayacucho Y Biedma,2,1,0,0,0,0,1,,Calle,,ROSARIO,Rosario,Asfalto,No existe,II,Dentro,Urbana,Marca Vial,No existe,Intersección,Bueno,Buena,Diurna,Buen Tiempo,S/D,S/D,Atropello,S/D,Vertical,S/D,Sin restricción,POINT (-60.6358146 -32.9833646),"['Ayacucho', 'Coronel Biedma']",2,Ayacucho; Coronel Biedma,-32.9833646,-60.6358146,55.0,538.0,Municipio Rosario,Municipio,Rosario,820210,Servicio de Catastro e Información Territorial,IGN
2012,15301,2012-10-13,Sabado,0.0,,,0.0,2,"Moto/Ciclomotor,Taxi/Remis",Av. Pellegrini Y Entre Rios,3,1,0,0,2,0,0,,S/D,,ROSARIO,Rosario,Asfalto,S/D,II,S/D,Urbana,S/D,S/D,Intersección,S/D,S/D,Nocturna,S/D,S/D,S/D,Colisión,S/D,S/D,S/D,S/D,POINT (-60.6436612 -32.95680645),"['Pellegrini', 'Entre Ríos']",2,Avenida Carlos Pellegrini; Entre Ríos,-32.95680645,-60.6436612,55.0,538.0,Municipio Rosario,Municipio,Rosario,820210,Servicio de Catastro e Información Territorial,IGN
2012,15302,2012-10-06,Sabado,0.0,16:30:00,,0.0,2,"Moto/Ciclomotor,Automóvil",Gaboto Y 1 de Mayo,3,1,0,0,1,0,1,,Calle,,ROSARIO,Rosario,Asfalto,No existe,II,Dentro,Urbana,Marca Vial,No existe,Intersección,Bueno,Buena,Atardecer,Lluvia,De alcance,S/D,Colisión,Agua,Vertical,Línea divisoria pintada,Sin restricción,POINT (-60.63643799999999 -32.97487859999999),"['Gaboto', 'Primero de Mayo']",2,Gaboto; Primero de Mayo,-32.97487859999999,-60.63643799999999,55.0,538.0,Municipio Rosario,Municipio,Rosario,820210,Servicio de Catastro e Información Territorial,IGN
2012,15303,2012-10-06,Sabado,0.0,19:00:00,,0.0,2,"Bicicleta,Automóvil",Italia Y Mendoza,2,1,0,0,1,0,0,,Calle,,ROSARIO,Rosario,Asfalto,S/D,II,Dentro,Urbana,S/D,S/D,Intersección,S/D,S/D,Atardecer,S/D,Otro,S/D,Colisión,S/D,S/D,S/D,S/D,POINT (-60.6491502 -32.9498054),"['Italia', 'Mendoza']",2,Italia; Mendoza,-32.9498054,-60.6491502,55.0,538.0,Municipio Rosario,Municipio,Rosario,820210,Servicio de Catastro e Información Territorial,IGN
2012,15304,2012-10-06,Sabado,0.0,,,0.0,2,"Automóvil,Automóvil",Santa Fe Y Entre Rios,6,6,0,0,0,0,0,,Calle,,ROSARIO,Rosario,Asfalto,S/D,II,Dentro,Urbana,S/D,S/D,Intersección,Bueno,S/D,S/D,S/D,Otro,S/D,Colisión,S/D,S/D,S/D,S/D,POINT (-60.6406208 -32.944621000000005),"['Santa Fe', 'Entre Ríos']",2,Santa Fe; Entre Ríos,-32.944621000000005,-60.6406208,55.0,538.0,Municipio Rosario,Municipio,Rosario,820210,Servicio de Catastro e Información Territorial,IGN
2012,15305,2012-10-06,Sabado,0.0,15:45:00,,0.0,2,"Moto/Ciclomotor,Automóvil",Laprida Y Bv. Segui,2,1,0,0,1,0,0,,Avenida,,ROSARIO,Rosario,Asfalto,No existe,II,Dentro,Urbana,Marca Vial,No existe,Intersección,Bueno,Buena,Diurna,Lluvia,Lateral,S/D,Colisión,Agua,Vertical,Vegetación,Sin restricción,POINT (-60.64243230000001 -32.97979135),"['Laprida', 'Bulevar Juan Francisco Seguí']",2,Francisco Narciso Laprida; Bulevar Juan Francisco Seguí,-32.97979135,-60.64243230000001,55.0,538.0,Municipio Rosario,Municipio,Rosario,820210,Servicio de Catastro e Información Territorial,IGN
2012,15306,2012-10-13,Sabado,0.0,,,0.0,2,"Peatón,Transporte de Pasajeros Urbano (> 8 asientos)",San Luis S/D,2,1,0,0,0,0,1,,S/D,,ROSARIO,Rosario,Asfalto,S/D,II,S/D,Urbana,S/D,S/D,Recta,S/D,S/D,Amanecer,S/D,S/D,S/D,Atropello,S/D,S/D,S/D,S/D,"-32.9408629, -60.6845553",['San Luis S/d'],1,San Luis S/d,-32.9408629,-60.6845553,55.0,538.0,Municipio Rosario,Municipio,Rosario,820210,Servicio de Catastro e Información Territorial,IGN
2012,15308,2012-10-09,Martes,0.0,12:50:00,,0.0,2,"Peatón,Automóvil",Mitre Y E.Zeballos,2,1,0,0,1,0,0,,Calle,,ROSARIO,Rosario,Asfalto,S/D,II,Dentro,Urbana,S/D,S/D,Intersección,S/D,S/D,Diurna,S/D,Otro,S/D,Atropello,S/D,S/D,S/D,S/D,POINT (-60.641725300000004 -32.95477609999999),"['Mitre', 'Zeballos']",2,Bartolomé Mitre; Zeballos,-32.95477609999999,-60.6417253,55.0,538.0,Municipio Rosario,Municipio,Rosario,820210,Servicio de Catastro e Información Territorial,IGN
2012,15309,2012-10-13,Sabado,0.0,,,0.0,2,"Peatón,Automóvil",Rioja Y Pte.Roca,2,1,0,0,0,0,1,,S/D,,ROSARIO,Rosario,Asfalto,S/D,II,S/D,Urbana,S/D,S/D,Intersección,S/D,S/D,Diurna,S/D,S/D,S/D,Atropello,S/D,S/D,S/D,S/D,POINT (-60.6453839 -32.94636289999999),"['Rioja', 'Roca']",2,Rioja; Presidente Roca,-32.94636289999999,-60.6453839,55.0,538.0,Municipio Rosario,Municipio,Rosario,820210,Servicio de Catastro e Información Territorial,IGN
2012,15310,2012-10-21,Domingo,0.0,16:10:00,,0.0,2,"Automóvil,Moto/Ciclomotor",Av. Ovidio Lagos Y Pje. J.Marc,2,1,0,0,1,0,0,,Avenida,,ROSARIO,Rosario,Asfalto,No existe,II,Dentro,Urbana,Ninguna,No existe,Intersección,Bueno,Buena,Atardecer,Buen Tiempo,Frontal,S/D,Colisión,S/D,Faltante,Cordón divisorio,Sin restricción,POINT (-60.65998750000001 -32.9364253),"['Avenida Ovidio Lagos', 'Marc']",2,"('Avenida Ovidio Lagos', 'Catamarca')",-32.9364253,-60.65998750000001,55.0,538.0,Municipio Rosario,Municipio,Rosario,820210,Servicio de Catastro e Información Territorial,IGN
2012,15311,2012-10-17,Miercoles,0.0,,,0.0,2,"Moto/Ciclomotor,Automóvil",Av. Bermudez Y Lamadrid,2,1,0,0,1,0,0,,Avenida,,ROSARIO,Rosario,Asfalto,No existe,II,Dentro,Urbana,Ninguna,No existe,Intersección,Bueno,S/D,S/D,Otro,Lateral,S/D,Colisión,S/D,S/D,Ninguna,Sin restricción,POINT (-60.6427886 -32.9969413),"['Bermudez', 'Lamadrid']",2,Avenida José Bermúdez; Gregorio Aráoz de Lamadrid,-32.9969413,-60.6427886,55.0,538.0,Municipio Rosario,Municipio,Rosario,820210,Servicio de Catastro e Información Territorial,IGN
2012,15312,2012-10-10,Miercoles,0.0,13:55:00,,0.0,2,"Peatón,Automóvil",Montevideo Y San Martin,2,1,0,0,1,0,0,,Calle,,ROSARIO,Rosario,Asfalto,S/D,II,Dentro,Urbana,S/D,S/D,Intersección,S/D,Buena,Diurna,S/D,S/D,S/D,Atropello,S/D,S/D,S/D,S/D,POINT (-60.6391327 -32.956385),"['Montevideo', 'San Martin']",2,Montevideo; José de San Martín,-32.956385,-60.6391327,55.0,538.0,Municipio Rosario,Municipio,Rosario,820210,Servicio de Catastro e Información Territorial,IGN
2012,15313,2012-10-14,Domingo,0.0,03:30:00,,0.0,2,"Automóvil,Automóvil",3 De Febrero Y Bv. Oroño,2,1,0,0,1,0,0,,S/D,,ROSARIO,Rosario,Asfalto,S/D,II,S/D,Urbana,S/D,Funciona,Intersección,S/D,S/D,Nocturna,S/D,Otro,S/D,Colisión,S/D,S/D,S/D,S/D,POINT (-60.654906749999995 -32.950095049999995),"['3 de Febrero', 'Bulevar Nicasio Oroño']",2,3 de Febrero; Bulevar Nicasio Oroño,-32.950095049999995,-60.65490675,55.0,538.0,Municipio Rosario,Municipio,Rosario,820210,Servicio de Catastro e Información Territorial,IGN
2012,15314,2012-10-10,Miercoles,0.0,12:00:00,,0.0,4,"Taxi/Remis,Automóvil,Automóvil,Automóvil",Sarmiento Y Montevideo,4,1,0,0,3,0,0,,Calle,,ROSARIO,Rosario,Asfalto,S/D,II,Dentro,Urbana,S/D,S/D,Intersección,Bueno,S/D,Diurna,S/D,Otro,S/D,Colisión,S/D,S/D,S/D,S/D,POINT (-60.64057540000001 -32.9561286),"['Sarmiento', 'Montevideo']",2,Sarmiento; Montevideo,-32.9561286,-60.64057540000001,55.0,538.0,Municipio Rosario,Municipio,Rosario,820210,Servicio de Catastro e Información Territorial,IGN
2012,15316,2012-10-10,Miercoles,0.0,12:00:00,,0.0,2,"Moto/Ciclomotor,Automóvil",San Luis Y Paraguay,2,1,0,0,1,0,0,,Calle,,ROSARIO,Rosario,S/D,S/D,II,S/D,Urbana,S/D,S/D,Intersección,S/D,S/D,Diurna,S/D,Otro,S/D,Colisión,S/D,S/D,S/D,S/D,POINT (-60.6443776 -32.94803569999999),"['San Luis', 'Paraguay']",2,San Luis; Paraguay,-32.94803569999999,-60.6443776,55.0,538.0,Municipio Rosario,Municipio,Rosario,820210,Servicio de Catastro e Información Territorial,IGN
2012,15317,2012-10-10,Miercoles,0.0,13:00:00,,0.0,2,"Moto/Ciclomotor,Automóvil",España Y 3 De Febrero,2,1,0,0,1,0,0,,Calle,,ROSARIO,Rosario,Asfalto,S/D,II,Dentro,Urbana,Semáforo,S/D,Intersección,S/D,S/D,Diurna,S/D,Otro,S/D,Colisión,S/D,S/D,S/D,S/D,POINT (-60.6480793 -32.95128789999999),"['España', '3 de Febrero']",2,España; 3 de Febrero,-32.95128789999999,-60.6480793,55.0,538.0,Municipio Rosario,Municipio,Rosario,820210,Servicio de Catastro e Información Territorial,IGN
2012,15320,2012-10-10,Miercoles,0.0,13:00:00,,0.0,2,"Moto/Ciclomotor,Taxi/Remis",Mendoza Y Mariano Moreno,2,1,0,0,1,0,0,,Calle,,ROSARIO,Rosario,Asfalto,S/D,II,Dentro,Urbana,S/D,S/D,Intersección,S/D,S/D,Diurna,S/D,S/D,S/D,Colisión,S/D,S/D,S/D,S/D,POINT (-60.6519029 -32.949323199999995),"['Mendoza', 'Mariano Moreno']",2,Mendoza; Mariano Moreno,-32.949323199999995,-60.6519029,55.0,538.0,Municipio Rosario,Municipio,Rosario,820210,Servicio de Catastro e Información Territorial,IGN
2012,15322,2012-10-11,Jueves,0.0,11:45:00,,0.0,2,"Peatón,Automóvil",Bv. Oroño Y 3 De Febrero,2,1,0,0,1,0,0,,Avenida,,ROSARIO,Rosario,Asfalto,S/D,II,Dentro,Urbana,S/D,S/D,Intersección,S/D,S/D,Diurna,S/D,Otro,S/D,Atropello,S/D,S/D,S/D,S/D,POINT (-60.654906749999995 -32.950095049999995),"['Bulevar Nicasio Oroño', '3 de Febrero']",2,Bulevar Nicasio Oroño; 3 de Febrero,-32.950095049999995,-60.65490675,55.0,538.0,Municipio Rosario,Municipio,Rosario,820210,Servicio de Catastro e Información Territorial,IGN
2012,15324,2012-10-05,Viernes,0.0,09:30:00,,0.0,2,"Peatón,Pickup/Utilitario",Rui Barbosa Y Melincue,2,1,0,0,1,0,0,,Calle,,ROSARIO,Rosario,Asfalto,No existe,II,Dentro,Urbana,Ninguna,No existe,Intersección,Bueno,Buena,Diurna,S/D,S/D,S/D,"Colisión,Atropello",S/D,Faltante,Ninguna,Sin restricción,POINT (-60.64774210000001 -33.0062949),"['Rui Barbosa', 'Melincué']",2,Rui Barbosa; Melincué,-33.0062949,-60.64774210000001,55.0,538.0,Municipio Rosario,Municipio,Rosario,820210,Servicio de Catastro e Información Territorial,IGN
2012,15327,2012-10-12,Viernes,0.0,13:30:00,,0.0,2,"Automóvil,Automóvil",Entre Rios 1647,2,1,0,0,1,0,0,,Calle,,ROSARIO,Rosario,Asfalto,S/D,II,Dentro,Urbana,S/D,S/D,Recta,S/D,S/D,Diurna,S/D,S/D,S/D,Colisión,S/D,S/D,S/D,S/D,"-32.956151, -60.6433435",['Entre Rios 1647'],1,Entre Rios 1647,-32.956151,-60.6433435,55.0,538.0,Municipio Rosario,Municipio,Rosario,820210,Servicio de Catastro e Información Territorial,IGN
2012,15329,2012-10-10,Miercoles,0.0,21:40:00,,0.0,2,"Automóvil,Moto/Ciclomotor",Av. Ovidio Lagos F Y Av. Ntra.Sra.del Rosario A,3,1,0,1,1,0,0,,Avenida,,ROSARIO,Rosario,Asfalto,Pavimento,II,Dentro,Urbana,S/D,No existe,Otro,Bueno,Reducida,Nocturna,S/D,S/D,S/D,Colisión,S/D,S/D,Guardarrail,S/D,POINT (-60.675538599999996 -33.000907549999994),"['Avenida Ovidio Lagos', 'Nuestra Señora del Rosario']",2,Avenida Ovidio Lagos; Puente Nuestra Señora del Rosario,-33.000907549999994,-60.6755386,55.0,538.0,Municipio Rosario,Municipio,Rosario,820210,Servicio de Catastro e Información Territorial,IGN
2012,15333,2012-10-08,Lunes,0.0,22:30:00,,0.0,2,"Moto/Ciclomotor,Pickup/Utilitario",Av. Battle y Ordoñez Y Laprida,2,1,0,0,1,0,0,,Avenida,,ROSARIO,Rosario,Asfalto,No existe,II,Dentro,Urbana,Semáforo,Funciona,Recta,Bueno,Reducida,Nocturna,Otro,Otro,S/D,Colisión,Otro,Vertical,Cordón divisorio,Sin restricción,POINT (-60.64674879999999 -33.00887749999998),"['Avenida Battle y Ordoñez', 'Laprida']",2,Avenida Battle y Ordoñez; Francisco Narciso Laprida,-33.00887749999998,-60.64674879999999,55.0,538.0,Municipio Rosario,Municipio,Rosario,820210,Servicio de Catastro e Información Territorial,IGN
2012,15335,2012-10-10,Miercoles,0.0,14:40:00,,0.0,2,"Moto/Ciclomotor,Automóvil",San Martin 6300,2,1,0,0,1,0,0,,Avenida,,ROSARIO,Rosario,Asfalto,No existe,II,Dentro,Urbana,Ninguna,No existe,Recta,Deteriorada,Buena,Diurna,S/D,Otro,S/D,Colisión,Otro,Faltante,Cordón divisorio,Sin restricción,"-32.9764777, -60.6372639",['San Martin 6300'],1,San Martin 6300,-32.9764777,-60.6372639,55.0,538.0,Municipio Rosario,Municipio,Rosario,820210,Servicio de Catastro e Información Territorial,IGN
2012,15336,2012-10-10,Miercoles,0.0,15:25:00,,0.0,2,"Moto/Ciclomotor,Automóvil",Av. Arijon Y Entre Rios,2,1,0,0,1,0,0,,Avenida,,ROSARIO,Rosario,Asfalto,No existe,II,Dentro,Urbana,Semáforo,Funciona,Intersección,Bueno,Buena,Diurna,S/D,Otro,S/D,Colisión,Otro,Vertical,Línea divisoria pintada,Sin restricción,POINT (-60.6517823 -33.00314459999999),"['Avenida Manuel Arijón', 'Entre Ríos']",2,Avenida Manuel Arijón; Entre Ríos,-33.00314459999999,-60.6517823,55.0,538.0,Municipio Rosario,Municipio,Rosario,820210,Servicio de Catastro e Información Territorial,IGN
2012,15341,2012-10-11,Jueves,0.0,05:00:00,,0.0,1,Moto/Ciclomotor,San Martin 6200,1,1,0,0,0,0,0,,Avenida,,ROSARIO,Rosario,Asfalto,No existe,II,Dentro,Urbana,Ninguna,No existe,Recta,"Con baches,Deteriorada",Reducida,Amanecer,S/D,Otro,S/D,Caída ocupante,Otro,Faltante,Cordón divisorio,Sin restricción,"-32.9764777, -60.6372639",['San Martin 6200'],1,San Martin 6200,-32.9764777,-60.6372639,55.0,538.0,Municipio Rosario,Municipio,Rosario,820210,Servicio de Catastro e Información Territorial,IGN
2012,15342,2012-10-12,Viernes,0.0,20:55:00,,0.0,2,"Moto/Ciclomotor,Automóvil",San Martin 6200,2,1,0,0,1,0,0,,Avenida,,ROSARIO,Rosario,Asfalto,No existe,II,Dentro,Urbana,Ninguna,No existe,Recta,"Con baches,Deteriorada",Reducida,Nocturna,S/D,Otro,S/D,Colisión,Otro,Faltante,Cordón divisorio,Sin restricción,"-32.9764777, -60.6372639",['San Martin 6200'],1,San Martin 6200,-32.9764777,-60.6372639,55.0,538.0,Municipio Rosario,Municipio,Rosario,820210,Servicio de Catastro e Información Territorial,IGN