anio_acci,nro_acci,fecha,desc_dia,fecha_aprox,hora_aprox,desc_ruta,km,cant_participantes,desc_participante,calle_avenida_km,total,heridos_leves,heridos_graves,heridos_gravisimos,ilesos,fallecidos,sin_datos,posicion_XY,desc_tipo_via,desc_ruta_ori,desc_loc,desc_dpto,desc_tipo_calzada,desc_tipo_banquina,desc_unidad_regional,desc_lugar_calzada,desc_zona,desc_prioridad,desc_estado_semaforo,desc_lugar_via,desc_estado_via,desc_estado_visibilidad,desc_luminosidad,desc_estado_clima,desc_tipo_colision,desc_tipo_atropello,desc_tipo_hecho,desc_pres_calzada,desc_senializacion,desc_separacion_via,desc_restriccion,forma_geocod,calle_lista,numero_calles,calles_osm,lat,lon,index_right,gid,fna,gna,nam,in1,fdc,sag
2012,15345,2012-10-14,Domingo,0.0,09:40:00,,0.0,2,"Moto/Ciclomotor,Automóvil",Av. Battle y Ordoñez Y Melincue,3,2,0,0,1,0,0,,Avenida,,ROSARIO,Rosario,Asfalto,No existe,II,Dentro,Urbana,Ninguna,No existe,Intersección,Deteriorada,Buena,Diurna,S/D,Otro,S/D,Colisión,Otro,Faltante,Línea divisoria pintada,Sin restricción,POINT (-60.647600700000005 -33.00889619999998),"['Avenida Battle y Ordoñez', 'Melincué']",2,Avenida Battle y Ordoñez; Melincué,-33.00889619999998,-60.647600700000005,55.0,538.0,Municipio Rosario,Municipio,Rosario,820210,Servicio de Catastro e Información Territorial,IGN
2012,15353,2012-10-21,Domingo,0.0,06:00:00,,0.0,2,"Taxi/Remis,Automóvil",9 De Julio Y Dorrego,2,1,0,0,1,0,0,,Calle,,ROSARIO,Rosario,Asfalto,S/D,II,Dentro,Urbana,S/D,S/D,Intersección,Bueno,S/D,Diurna,S/D,S/D,S/D,Colisión,S/D,S/D,S/D,S/D,POINT (-60.65106190000001 -32.95188339999999),"['9 de Julio', 'Dorrego']",2,9 de Julio; Manuel Dorrego,-32.95188339999999,-60.65106190000001,55.0,538.0,Municipio Rosario,Municipio,Rosario,820210,Servicio de Catastro e Información Territorial,IGN
2012,15354,2012-10-15,Lunes,0.0,16:00:00,,0.0,2,"Automóvil,Automóvil",Mendoza Y Pte.Roca,2,1,0,0,1,0,0,,S/D,,ROSARIO,Rosario,Asfalto,S/D,II,S/D,Urbana,S/D,S/D,Intersección,S/D,S/D,Diurna,S/D,S/D,S/D,Colisión,S/D,S/D,S/D,S/D,POINT (-60.64637449999999 -32.95029259999999),"['Mendoza', 'Roca']",2,Mendoza; Presidente Roca,-32.95029259999999,-60.64637449999999,55.0,538.0,Municipio Rosario,Municipio,Rosario,820210,Servicio de Catastro e Información Territorial,IGN
2012,15355,2012-10-15,Lunes,0.0,10:30:00,,0.0,2,"Peatón,Automóvil",Baron De Maua ,2,1,0,0,1,0,0,,S/D,,ROSARIO,Rosario,Asfalto,S/D,II,S/D,S/D,S/D,S/D,Recta,S/D,S/D,Diurna,S/D,S/D,S/D,Atropello,S/D,S/D,S/D,S/D,"-32.9498288, -60.6382941",['Barón de Mauá'],1,Barón de Mauá,-32.9498288,-60.6382941,55.0,538.0,Municipio Rosario,Municipio,Rosario,820210,Servicio de Catastro e Información Territorial,IGN
2012,15356,2012-10-15,Lunes,0.0,23:30:00,,0.0,2,"Moto/Ciclomotor,Automóvil",San Martin 6300,2,1,0,0,1,0,0,,Calle,,ROSARIO,Rosario,Asfalto,No existe,II,Dentro,Urbana,Ninguna,No existe,Recta,Deteriorada,Reducida,Nocturna,S/D,Otro,S/D,Colisión,Otro,Faltante,Cordón divisorio,Sin restricción,"-32.9764777, -60.6372639",['San Martin 6300'],1,San Martin 6300,-32.9764777,-60.6372639,55.0,538.0,Municipio Rosario,Municipio,Rosario,820210,Servicio de Catastro e Información Territorial,IGN
2012,15357,2012-10-15,Lunes,0.0,09:00:00,,0.0,3,"Automóvil,Automóvil,Automóvil",Av. Corrientes Y 9 De Julio,3,1,0,0,2,0,0,,S/D,,ROSARIO,Rosario,Asfalto,S/D,II,S/D,Urbana,S/D,S/D,Intersección,S/D,S/D,Diurna,S/D,Lateral,S/D,Colisión,S/D,S/D,S/D,S/D,POINT (-60.64417650000001 -32.95310819999999),"['Corrientes', '9 de Julio']",2,Corrientes; 9 de Julio,-32.95310819999999,-60.64417650000001,55.0,538.0,Municipio Rosario,Municipio,Rosario,820210,Servicio de Catastro e Información Territorial,IGN
2012,15358,2012-10-22,Lunes,0.0,07:20:00,,0.0,2,"Moto/Ciclomotor,Transporte de Pasajeros Urbano (> 8 asientos)",9 De Julio Y Balcarce,2,0,1,0,1,0,0,,Calle,,ROSARIO,Rosario,Asfalto,S/D,II,Dentro,Urbana,S/D,S/D,Intersección,S/D,S/D,Diurna,S/D,S/D,S/D,Colisión,S/D,S/D,S/D,S/D,POINT (-60.6538105 -32.95138879999999),"['9 de Julio', 'Balcarce']",2,9 de Julio; Balcarce,-32.95138879999999,-60.6538105,55.0,538.0,Municipio Rosario,Municipio,Rosario,820210,Servicio de Catastro e Información Territorial,IGN
2012,15359,2012-10-16,Martes,0.0,07:20:00,,0.0,2,"Moto/Ciclomotor,Automóvil",Bv. Oroño Y Cordoba,3,1,1,0,0,0,1,,S/D,,ROSARIO,Rosario,Asfalto,S/D,II,S/D,Urbana,S/D,Funciona,Intersección,Bueno,S/D,Diurna,S/D,Otro,S/D,Colisión,S/D,S/D,S/D,S/D,POINT (-60.653337 -32.943730650000006),"['Bulevar Nicasio Oroño', 'Córdoba']",2,Bulevar Nicasio Oroño; Córdoba,-32.943730650000006,-60.653337,55.0,538.0,Municipio Rosario,Municipio,Rosario,820210,Servicio de Catastro e Información Territorial,IGN
2012,15360,2012-10-16,Martes,0.0,06:30:00,,0.0,2,"Moto/Ciclomotor,Automóvil",San Martin Y Pje. Leticia,2,1,0,0,1,0,0,,Calle,,ROSARIO,Rosario,Asfalto,No existe,II,Dentro,Urbana,Ninguna,No existe,Intersección,Bueno,Buena,Amanecer,S/D,Otro,S/D,Colisión,Otro,Faltante,Cordón divisorio,Sin restricción,POINT (-60.65177285 -33.0143018),"['San Martin', 'Leticia']",2,José de San Martín; Leticia,-33.0143018,-60.65177285,55.0,538.0,Municipio Rosario,Municipio,Rosario,820210,Servicio de Catastro e Información Territorial,IGN
2012,15361,2012-10-16,Martes,0.0,14:00:00,,0.0,2,"Moto/Ciclomotor,Automóvil",E.Zeballos Y Alvear,2,1,0,0,1,0,0,,S/D,,ROSARIO,Rosario,Asfalto,S/D,II,S/D,Urbana,S/D,S/D,Intersección,S/D,S/D,Diurna,S/D,Lateral,S/D,Colisión,S/D,S/D,S/D,S/D,POINT (-60.6568183 -32.9520403),"['Zeballos', 'Alvear']",2,Zeballos; Alvear,-32.9520403,-60.6568183,55.0,538.0,Municipio Rosario,Municipio,Rosario,820210,Servicio de Catastro e Información Territorial,IGN
2012,15362,2012-10-22,Lunes,0.0,10:45:00,,0.0,2,"Moto/Ciclomotor,Automóvil",Mendoza Y Mariano Moreno,2,1,0,0,1,0,0,,Calle,,ROSARIO,Rosario,Asfalto,S/D,II,Dentro,Urbana,S/D,S/D,Intersección,Bueno,S/D,Diurna,S/D,S/D,S/D,Colisión,S/D,S/D,S/D,S/D,POINT (-60.6519029 -32.949323199999995),"['Mendoza', 'Mariano Moreno']",2,Mendoza; Mariano Moreno,-32.949323199999995,-60.6519029,55.0,538.0,Municipio Rosario,Municipio,Rosario,820210,Servicio de Catastro e Información Territorial,IGN
2012,15363,2012-10-16,Martes,0.0,18:30:00,,0.0,2,"Moto/Ciclomotor,Automóvil",Laprida Y Alzugaray,3,2,0,0,1,0,0,,Calle,,ROSARIO,Rosario,Asfalto,No existe,II,Dentro,Urbana,Ninguna,No existe,Recta,Deteriorada,Buena,Atardecer,S/D,S/D,S/D,Colisión,S/D,Faltante,Ninguna,Sin restricción,POINT (-60.6465591 -33.0129427),"['Laprida', 'Alzugaray']",2,Francisco Narciso Laprida; Alzugaray,-33.0129427,-60.6465591,55.0,538.0,Municipio Rosario,Municipio,Rosario,820210,Servicio de Catastro e Información Territorial,IGN
2012,15364,2012-10-17,Miercoles,0.0,12:30:00,,0.0,2,"Automóvil,Transporte de Pasajeros Urbano (> 8 asientos)",Balcarce Y E.Zeballos,2,1,0,0,1,0,0,,S/D,,ROSARIO,Rosario,S/D,S/D,II,S/D,Urbana,S/D,S/D,Intersección,S/D,S/D,Diurna,S/D,Otro,S/D,Colisión,S/D,S/D,S/D,S/D,POINT (-60.6541017 -32.9525317),"['Balcarce', 'Zeballos']",2,Balcarce; Zeballos,-32.9525317,-60.6541017,55.0,538.0,Municipio Rosario,Municipio,Rosario,820210,Servicio de Catastro e Información Territorial,IGN
2012,15365,2012-10-22,Lunes,0.0,17:00:00,,0.0,2,"Peatón,Transporte de Pasajeros Larga Distancia (> 8 asientos)",Mariano Moreno Y Mendoza,2,1,0,0,1,0,0,,Calle,,ROSARIO,Rosario,Asfalto,S/D,II,Dentro,Urbana,S/D,S/D,Intersección,S/D,S/D,Diurna,S/D,S/D,S/D,Atropello,S/D,S/D,S/D,S/D,POINT (-60.6519029 -32.949323199999995),"['Mariano Moreno', 'Mendoza']",2,Mariano Moreno; Mendoza,-32.949323199999995,-60.6519029,55.0,538.0,Municipio Rosario,Municipio,Rosario,820210,Servicio de Catastro e Información Territorial,IGN
2012,15366,2012-10-22,Lunes,0.0,17:30:00,,0.0,2,"Peatón,Automóvil",Italia Y San Juan,2,1,0,0,1,0,0,,Calle,,ROSARIO,Rosario,Asfalto,S/D,II,Dentro,Urbana,S/D,S/D,Intersección,Bueno,S/D,Diurna,S/D,S/D,S/D,Atropello,S/D,S/D,S/D,S/D,POINT (-60.64880240000001 -32.948424),"['Italia', 'San Juan']",2,Italia; San Juan,-32.948424,-60.64880240000001,55.0,538.0,Municipio Rosario,Municipio,Rosario,820210,Servicio de Catastro e Información Territorial,IGN
2012,15367,2012-10-17,Miercoles,0.0,,,0.0,2,"Bicicleta,Automóvil",3 De Febrero Y Entre Rios,2,1,0,0,1,0,0,,S/D,,ROSARIO,Rosario,Asfalto,S/D,II,S/D,Urbana,S/D,S/D,Recta,S/D,S/D,S/D,S/D,Otro,S/D,Atropello,S/D,S/D,S/D,S/D,POINT (-60.6425086 -32.952261299999996),"['3 de Febrero', 'Entre Ríos']",2,3 de Febrero; Entre Ríos,-32.9522613,-60.6425086,55.0,538.0,Municipio Rosario,Municipio,Rosario,820210,Servicio de Catastro e Información Territorial,IGN
2012,15368,2012-10-23,Martes,0.0,12:00:00,,0.0,2,"Automóvil,Automóvil",San Luis Y Paraguay,3,2,0,0,1,0,0,,Calle,,ROSARIO,Rosario,Asfalto,S/D,II,Dentro,Urbana,S/D,Funciona,Intersección,S/D,S/D,Diurna,S/D,Otro,S/D,Colisión,S/D,Vertical,S/D,S/D,POINT (-60.6443776 -32.94803569999999),"['San Luis', 'Paraguay']",2,San Luis; Paraguay,-32.94803569999999,-60.6443776,55.0,538.0,Municipio Rosario,Municipio,Rosario,820210,Servicio de Catastro e Información Territorial,IGN
2012,15369,2012-10-17,Miercoles,0.0,16:00:00,,0.0,2,"Moto/Ciclomotor,Automóvil",Av. Battle y Ordoñez 900,2,1,0,0,1,0,0,,Avenida,,ROSARIO,Rosario,Asfalto,No existe,II,Dentro,Urbana,Ninguna,No existe,Recta,Bueno,Buena,Atardecer,S/D,Otro,S/D,Colisión,Otro,Faltante,Ninguna,Sin restricción,"-33.0084731, -60.6332815",['Avenida Battle y Ordoñez 900'],1,Avenida Battle y Ordoñez 900,-33.0084731,-60.6332815,55.0,538.0,Municipio Rosario,Municipio,Rosario,820210,Servicio de Catastro e Información Territorial,IGN
2012,15371,2012-10-18,Jueves,0.0,16:30:00,,0.0,2,"Automóvil,Automóvil",Mariano Moreno Y Rioja,4,3,0,0,1,0,0,,S/D,,ROSARIO,Rosario,S/D,S/D,II,S/D,Urbana,S/D,S/D,Intersección,S/D,S/D,Diurna,S/D,Otro,S/D,Colisión,S/D,S/D,S/D,S/D,POINT (-60.6508717 -32.9453541),"['Mariano Moreno', 'Rioja']",2,Mariano Moreno; Rioja,-32.9453541,-60.6508717,55.0,538.0,Municipio Rosario,Municipio,Rosario,820210,Servicio de Catastro e Información Territorial,IGN
2012,15372,2012-10-23,Martes,0.0,16:40:00,,0.0,3,"Peatón,Automóvil,Automóvil",San Luis Y Balcarce,3,2,0,0,1,0,0,,Calle,,ROSARIO,Rosario,Asfalto,S/D,II,Dentro,Urbana,S/D,S/D,Intersección,S/D,S/D,Diurna,S/D,S/D,S/D,Atropello,S/D,S/D,S/D,S/D,POINT (-60.652571800000004 -32.9465716),"['San Luis', 'Balcarce']",2,San Luis; Balcarce,-32.9465716,-60.6525718,55.0,538.0,Municipio Rosario,Municipio,Rosario,820210,Servicio de Catastro e Información Territorial,IGN
2012,15374,2012-10-23,Martes,0.0,18:30:00,,0.0,2,"Automóvil,Automóvil",9 De Julio Y España,3,1,0,0,1,0,1,,Calle,,ROSARIO,Rosario,Asfalto,S/D,II,Dentro,Urbana,S/D,Funciona,Recta,S/D,S/D,Diurna,S/D,Otro,S/D,Colisión,S/D,S/D,S/D,S/D,POINT (-60.6483514 -32.95237109999999),"['9 de Julio', 'España']",2,9 de Julio; España,-32.95237109999999,-60.6483514,55.0,538.0,Municipio Rosario,Municipio,Rosario,820210,Servicio de Catastro e Información Territorial,IGN
2012,15375,2012-10-18,Jueves,0.0,13:20:00,,0.0,2,"Moto/Ciclomotor,Automóvil",Av. Pellegrini Y Av. Corrientes,2,1,0,0,1,0,0,,S/D,,ROSARIO,Rosario,S/D,S/D,II,S/D,Urbana,S/D,S/D,Intersección,S/D,S/D,Diurna,S/D,Otro,S/D,Colisión,S/D,S/D,S/D,S/D,POINT (-60.645055850000006 -32.95655624999999),"['Pellegrini', 'Corrientes']",2,Avenida Carlos Pellegrini; Corrientes,-32.95655624999999,-60.645055850000006,55.0,538.0,Municipio Rosario,Municipio,Rosario,820210,Servicio de Catastro e Información Territorial,IGN
2012,15376,2012-10-23,Martes,0.0,,,0.0,2,"Automóvil,Automóvil",9 De Julio Y Balcarce,2,1,0,0,1,0,0,,Calle,,ROSARIO,Rosario,Asfalto,S/D,II,Dentro,Urbana,S/D,S/D,Intersección,S/D,S/D,S/D,S/D,Otro,S/D,Colisión,S/D,S/D,S/D,S/D,POINT (-60.6538105 -32.95138879999999),"['9 de Julio', 'Balcarce']",2,9 de Julio; Balcarce,-32.95138879999999,-60.6538105,55.0,538.0,Municipio Rosario,Municipio,Rosario,820210,Servicio de Catastro e Información Territorial,IGN
2012,15378,2012-10-24,Miercoles,0.0,11:20:00,,0.0,2,"Moto/Ciclomotor,Automóvil",Mitre Y 9 De Julio,2,1,0,0,1,0,0,,Calle,,ROSARIO,Rosario,Asfalto,S/D,II,Dentro,Urbana,S/D,S/D,Intersección,S/D,S/D,Diurna,S/D,Lateral,S/D,Colisión,S/D,S/D,Barrera de hormigón,S/D,POINT (-60.6414341 -32.95360519999999),"['Mitre', '9 de Julio']",2,"('Bartolomé Mitre', '9 de Julio')",-32.95360519999999,-60.6414341,55.0,538.0,Municipio Rosario,Municipio,Rosario,820210,Servicio de Catastro e Información Territorial,IGN
2012,15379,2012-10-19,Viernes,0.0,11:40:00,,0.0,2,"Peatón,Automóvil",Paraguay Y Cordoba,2,1,0,0,1,0,0,,S/D,,ROSARIO,Rosario,Asfalto,S/D,II,S/D,Urbana,S/D,S/D,Intersección,S/D,S/D,Diurna,S/D,Otro,S/D,Atropello,S/D,S/D,S/D,S/D,POINT (-60.64373909999999 -32.94543639999999),"['Paraguay', 'Córdoba']",2,Paraguay; Córdoba,-32.94543639999999,-60.64373909999999,55.0,538.0,Municipio Rosario,Municipio,Rosario,820210,Servicio de Catastro e Información Territorial,IGN
2012,15380,2012-10-24,Miercoles,0.0,15:30:00,,0.0,2,"Moto/Ciclomotor,Taxi/Remis",9 De Julio Y Paraguay,2,1,0,0,1,0,0,,Calle,,ROSARIO,Rosario,Asfalto,S/D,II,Dentro,Urbana,S/D,S/D,Intersección,S/D,S/D,S/D,S/D,Otro,S/D,Colisión,S/D,S/D,S/D,S/D,POINT (-60.645596 -32.952859899999986),"['9 de Julio', 'Paraguay']",2,9 de Julio; Paraguay,-32.952859899999986,-60.645596,55.0,538.0,Municipio Rosario,Municipio,Rosario,820210,Servicio de Catastro e Información Territorial,IGN
2012,15381,2012-10-24,Miercoles,0.0,15:30:00,,0.0,2,"Automóvil,Automóvil",Laprida Y Av. Uriburu,2,1,0,0,1,0,0,,S/D,,ROSARIO,Rosario,Asfalto,No existe,II,S/D,Urbana,S/D,No existe,Intersección,Bueno,Buena,Diurna,Buen Tiempo,S/D,S/D,Colisión,S/D,S/D,Cordón divisorio,S/D,POINT (-60.645184500000006 -32.990651),"['Laprida', 'Uriburu']",2,Francisco Narciso Laprida; Avenida José Uriburu,-32.990651,-60.645184500000006,55.0,538.0,Municipio Rosario,Municipio,Rosario,820210,Servicio de Catastro e Información Territorial,IGN
2012,15382,2012-10-24,Miercoles,0.0,15:40:00,,0.0,3,"Taxi/Remis,Automóvil,Taxi/Remis",Mitre Y 3 De Febrero,3,1,0,0,2,0,0,,Calle,,ROSARIO,Rosario,Asfalto,S/D,II,Dentro,Urbana,S/D,Funciona,Intersección,S/D,S/D,Diurna,S/D,Otro,S/D,Colisión,S/D,S/D,S/D,S/D,POINT (-60.64116020000001 -32.952497),"['Mitre', '3 de Febrero']",2,Bartolomé Mitre; 3 de Febrero,-32.952497,-60.64116020000001,55.0,538.0,Municipio Rosario,Municipio,Rosario,820210,Servicio de Catastro e Información Territorial,IGN
2012,15383,2012-10-26,Viernes,0.0,16:45:00,,0.0,2,"Moto/Ciclomotor,Pickup/Utilitario",San Martin Y Khantuta,2,1,0,0,1,0,0,,Calle,,ROSARIO,Rosario,Asfalto,No existe,II,Dentro,Urbana,Ninguna,No existe,Intersección,Otro,Buena,Diurna,Buen Tiempo,Otro,S/D,Colisión,Otro,Faltante,Cordón divisorio,Sin restricción,POINT (-60.6512752 -33.01204444999999),"['San Martin', 'Khantuta']",2,José de San Martín; Khantuta,-33.01204444999999,-60.6512752,55.0,538.0,Municipio Rosario,Municipio,Rosario,820210,Servicio de Catastro e Información Territorial,IGN
2012,15384,2012-10-24,Miercoles,0.0,16:25:00,,0.0,2,"Moto/Ciclomotor,Moto/Ciclomotor",Ayacucho Y Hilarion de la Quintana,3,2,0,0,1,0,0,,Calle,,ROSARIO,Rosario,Asfalto,No existe,II,Dentro,Urbana,Semáforo,Funciona,Intersección,Bueno,Buena,Diurna,Buen Tiempo,Lateral,S/D,Colisión,S/D,S/D,Línea divisoria pintada,S/D,POINT (-60.6362352 -33.0005716),"['Ayacucho', 'Hilarión de la Quintana']",2,Ayacucho; Hilarión de la Quintana,-33.0005716,-60.6362352,55.0,538.0,Municipio Rosario,Municipio,Rosario,820210,Servicio de Catastro e Información Territorial,IGN
2012,15385,2012-10-24,Miercoles,0.0,21:15:00,,0.0,2,"Automóvil,Automóvil",Dorrego Y E.Zeballos,2,1,0,0,1,0,0,,Calle,,ROSARIO,Rosario,Asfalto,S/D,II,Dentro,Urbana,S/D,S/D,Intersección,Bueno,S/D,"Nocturna,Con luz artificial",S/D,Otro,S/D,Colisión,S/D,S/D,S/D,S/D,POINT (-60.6513524 -32.95302869999999),"['Dorrego', 'Zeballos']",2,Manuel Dorrego; Zeballos,-32.95302869999999,-60.6513524,55.0,538.0,Municipio Rosario,Municipio,Rosario,820210,Servicio de Catastro e Información Territorial,IGN
2012,15386,2012-10-28,Domingo,0.0,00:40:00,,0.0,1,Moto/Ciclomotor,Av. Arijon 1400,1,1,0,0,0,0,0,,Avenida,,ROSARIO,Rosario,Asfalto,No existe,II,Dentro,Urbana,Otra Señal,S/D,Recta,Bueno,Reducida,S/D,S/D,Contra objeto fijo,S/D,Otro,Otro,S/D,Línea divisoria pintada,Sin restricción,"-33.0023231, -60.6252459",['Arijon 1400'],1,Arijon 1400,-33.0023231,-60.6252459,55.0,538.0,Municipio Rosario,Municipio,Rosario,820210,Servicio de Catastro e Información Territorial,IGN
2012,15387,2012-10-01,Lunes,0.0,11:30:00,,0.0,2,"Automóvil,Automóvil",Italia Y E.Zeballos,2,1,0,0,1,0,0,,Calle,,ROSARIO,Rosario,Asfalto,S/D,II,Dentro,Urbana,S/D,S/D,Intersección,S/D,Buena,Diurna,S/D,Otro,S/D,Colisión,S/D,S/D,S/D,S/D,POINT (-60.650023 -32.95327000000001),"['Italia', 'Zeballos']",2,Italia; Zeballos,-32.95327000000001,-60.650023,55.0,538.0,Municipio Rosario,Municipio,Rosario,820210,Servicio de Catastro e Información Territorial,IGN
2012,15388,2012-10-24,Miercoles,0.0,17:00:00,,0.0,2,"Moto/Ciclomotor,Automóvil",Reg.11 de Infanteria Y Laprida,3,1,0,0,1,0,1,,Calle,,ROSARIO,Rosario,Asfalto,No existe,II,Dentro,Urbana,S/D,No existe,Intersección,Bueno,Buena,Diurna,S/D,S/D,S/D,Colisión,Otro,S/D,S/D,S/D,POINT (-60.64713890000001 -32.998761),"['Regimiento 11', 'Laprida']",2,Regimiento 11; Francisco Narciso Laprida,-32.998761,-60.64713890000001,55.0,538.0,Municipio Rosario,Municipio,Rosario,820210,Servicio de Catastro e Información Territorial,IGN
2012,15389,2012-10-19,Viernes,0.0,15:00:00,,0.0,2,"Pickup/Utilitario,Automóvil",Mariano Moreno Y Galvez,3,2,0,0,1,0,0,,Calle,,ROSARIO,Rosario,Asfalto,No existe,II,Dentro,Urbana,Ninguna,No existe,Intersección,Bueno,Buena,Diurna,Buen Tiempo,Frontal,S/D,Colisión,S/D,Faltante,Ninguna,Sin restricción,POINT (-60.6562351 -32.96655489999999),"['Mariano Moreno', 'Galvez']",2,Mariano Moreno; José Gálvez,-32.96655489999999,-60.6562351,55.0,538.0,Municipio Rosario,Municipio,Rosario,820210,Servicio de Catastro e Información Territorial,IGN
2012,15390,2012-10-23,Martes,0.0,12:00:00,,0.0,2,"Automóvil,Automóvil",1 de Mayo Y Av. Pellegrini,4,3,0,0,1,0,0,,Avenida,,ROSARIO,Rosario,Asfalto,S/D,II,Dentro,Urbana,Semáforo,Funciona,Intersección,S/D,S/D,Diurna,S/D,Lateral,S/D,Colisión,S/D,S/D,S/D,Sin restricción,POINT (-60.6324302 -32.95882735),"['Primero de Mayo', 'Pellegrini']",2,Primero de Mayo; Avenida Carlos Pellegrini,-32.95882735,-60.6324302,55.0,538.0,Municipio Rosario,Municipio,Rosario,820210,Servicio de Catastro e Información Territorial,IGN
2012,15391,2012-10-19,Viernes,0.0,15:30:00,,0.0,2,"Automóvil,Automóvil",Pasco Y San Martin,3,2,0,0,1,0,0,,Calle,,ROSARIO,Rosario,Asfalto,No existe,II,Dentro,Urbana,Ninguna,No existe,Rotonda,Bueno,Buena,Diurna,Buen Tiempo,Lateral,S/D,Colisión,S/D,Faltante,Ninguna,Sin restricción,POINT (-60.64001 -32.959838399999995),"['Pasco', 'San Martin']",2,Pasco; José de San Martín,-32.959838399999995,-60.64001,55.0,538.0,Municipio Rosario,Municipio,Rosario,820210,Servicio de Catastro e Información Territorial,IGN
2012,15392,2012-10-24,Miercoles,0.0,22:30:00,,0.0,2,"Moto/Ciclomotor,Automóvil",Hilarion de la Quintana Y Buenos Aires,2,1,0,0,1,0,0,,Calle,,ROSARIO,Rosario,Asfalto,No existe,II,Dentro,Urbana,Ninguna,No existe,Intersección,Bueno,Reducida,Nocturna,S/D,S/D,S/D,Colisión,S/D,S/D,Ninguna,S/D,POINT (-60.6450122 -33.0008389),"['Hilarión de la Quintana', 'Buenos Aires']",2,Hilarión de la Quintana; Buenos Aires,-33.0008389,-60.6450122,55.0,538.0,Municipio Rosario,Municipio,Rosario,820210,Servicio de Catastro e Información Territorial,IGN
2012,15394,2012-10-22,Lunes,0.0,11:40:00,,0.0,2,"Automóvil,Automóvil",Laprida 1300,3,2,0,0,0,0,1,,Calle,,ROSARIO,Rosario,Asfalto,S/D,II,Dentro,Urbana,S/D,S/D,Recta,Bueno,Buena,Diurna,S/D,S/D,S/D,Colisión,S/D,S/D,Barrera de hormigón,S/D,"-32.9533775, -60.6357232",['Laprida 1300'],1,Laprida 1300,-32.9533775,-60.6357232,55.0,538.0,Municipio Rosario,Municipio,Rosario,820210,Servicio de Catastro e Información Territorial,IGN
2012,15395,2012-10-19,Viernes,0.0,11:50:00,,0.0,2,"Bicicleta,Automóvil",Viamonte Y Pte.Roca,2,1,0,0,1,0,0,,Calle,,ROSARIO,Rosario,Asfalto,No existe,II,Dentro,Urbana,Ninguna,No existe,Intersección,Bueno,Buena,Diurna,Buen Tiempo,Lateral,S/D,Colisión,S/D,S/D,Ninguna,Sin restricción,POINT (-60.6498661 -32.96411629999999),"['Viamonte', 'Roca']",2,Viamonte; Presidente Roca,-32.96411629999999,-60.6498661,55.0,538.0,Municipio Rosario,Municipio,Rosario,820210,Servicio de Catastro e Información Territorial,IGN
2012,15396,2012-10-20,Sabado,0.0,11:10:00,,0.0,2,"Automóvil,Automóvil",E.Zeballos Y Alvear,2,1,0,0,1,0,0,,S/D,,ROSARIO,Rosario,Asfalto,S/D,II,S/D,Urbana,S/D,S/D,Intersección,S/D,S/D,Diurna,S/D,Otro,S/D,Colisión,S/D,S/D,S/D,S/D,POINT (-60.6568183 -32.9520403),"['Zeballos', 'Alvear']",2,Zeballos; Alvear,-32.9520403,-60.6568183,55.0,538.0,Municipio Rosario,Municipio,Rosario,820210,Servicio de Catastro e Información Territorial,IGN
2012,15398,2012-10-20,Sabado,0.0,14:00:00,,0.0,2,"Moto/Ciclomotor,Automóvil",Bv. Oroño Y Av. Dante Alighieri,2,1,0,0,1,0,0,,Avenida,,ROSARIO,Rosario,Asfalto,No existe,II,Dentro,Urbana,Ninguna,No existe,Cruce,Bueno,Buena,Diurna,Buen Tiempo,Lateral,S/D,Colisión,S/D,Vertical,Ninguna,Sin restricción,POINT (-60.6579301 -32.961999649999996),"['Bulevar Nicasio Oroño', 'Dante Alighieri']",2,"('Ciclovía Bulevar Nicasio Oroño', 'Avenida Dante Alighieri')",-32.96199965,-60.6579301,55.0,538.0,Municipio Rosario,Municipio,Rosario,820210,Servicio de Catastro e Información Territorial,IGN
2012,15400,2012-10-20,Sabado,0.0,23:15:00,,0.0,2,"Moto/Ciclomotor,Automóvil",España Y 9 De Julio,3,2,0,0,1,0,0,,Calle,,ROSARIO,Rosario,Asfalto,S/D,II,S/D,Urbana,S/D,S/D,Intersección,S/D,S/D,Nocturna,S/D,Otro,S/D,Colisión,S/D,S/D,S/D,S/D,POINT (-60.6483514 -32.95237109999999),"['España', '9 de Julio']",2,España; 9 de Julio,-32.95237109999999,-60.6483514,55.0,538.0,Municipio Rosario,Municipio,Rosario,820210,Servicio de Catastro e Información Territorial,IGN
2012,15401,2012-10-16,Martes,0.0,15:40:00,,0.0,2,"Moto/Ciclomotor,Automóvil",Buenos Aires Y San Juan,3,2,0,0,0,0,1,,Calle,,ROSARIO,Rosario,Asfalto,No existe,II,Dentro,Urbana,S/D,No existe,Intersección,Bueno,S/D,Diurna,Buen Tiempo,Lateral,S/D,Colisión,S/D,S/D,Cordón divisorio,S/D,POINT (-60.633651799999996 -32.951220600000006),"['Buenos Aires', 'San Juan']",2,Buenos Aires; San Juan,-32.951220600000006,-60.6336518,55.0,538.0,Municipio Rosario,Municipio,Rosario,820210,Servicio de Catastro e Información Territorial,IGN
2012,15402,2012-10-21,Domingo,0.0,17:00:00,,0.0,2,"Moto/Ciclomotor,Automóvil",Cerrito Y Sarmiento,2,1,0,0,1,0,0,,Calle,,ROSARIO,Rosario,Asfalto,No existe,II,Dentro,Urbana,Ninguna,No existe,Intersección,Bueno,Buena,Diurna,Lluvia,Lateral,S/D,Colisión,S/D,Faltante,Ninguna,Sin restricción,POINT (-60.6420226 -32.9618734),"['Cerrito', 'Sarmiento']",2,Cerrito; Sarmiento,-32.9618734,-60.6420226,55.0,538.0,Municipio Rosario,Municipio,Rosario,820210,Servicio de Catastro e Información Territorial,IGN