anio_acci,nro_acci,fecha,desc_dia,fecha_aprox,hora_aprox,desc_ruta,km,cant_participantes,desc_participante,calle_avenida_km,total,heridos_leves,heridos_graves,heridos_gravisimos,ilesos,fallecidos,sin_datos,posicion_XY,desc_tipo_via,desc_ruta_ori,desc_loc,desc_dpto,desc_tipo_calzada,desc_tipo_banquina,desc_unidad_regional,desc_lugar_calzada,desc_zona,desc_prioridad,desc_estado_semaforo,desc_lugar_via,desc_estado_via,desc_estado_visibilidad,desc_luminosidad,desc_estado_clima,desc_tipo_colision,desc_tipo_atropello,desc_tipo_hecho,desc_pres_calzada,desc_senializacion,desc_separacion_via,desc_restriccion,forma_geocod,calle_lista,numero_calles,calles_osm,lat,lon,index_right,gid,fna,gna,nam,in1,fdc,sag
2012,15404,2012-10-16,Martes,0.0,13:50:00,,0.0,2,"Moto/Ciclomotor,Automóvil",Necochea Y Av. Pellegrini,2,1,0,0,1,0,0,,S/D,,ROSARIO,Rosario,Asfalto,S/D,II,S/D,S/D,S/D,Funciona,Intersección,Bueno,Buena,Diurna,S/D,Lateral,S/D,Colisión,S/D,S/D,Barrera de hormigón,S/D,POINT (-60.62690115 -32.95982415),"['Necochea', 'Pellegrini']",2,Necochea; Avenida Carlos Pellegrini,-32.95982415,-60.62690115,55.0,538.0,Municipio Rosario,Municipio,Rosario,820210,Servicio de Catastro e Información Territorial,IGN
2012,15405,2012-10-20,Sabado,0.0,06:45:00,,0.0,2,"Taxi/Remis,Automóvil",9 De Julio Y Alvear,2,1,0,0,1,0,0,,S/D,,ROSARIO,Rosario,Asfalto,S/D,II,S/D,Urbana,S/D,S/D,Intersección,S/D,S/D,Diurna,S/D,S/D,S/D,Colisión,S/D,S/D,S/D,S/D,POINT (-60.6565193 -32.9509133),"['9 de Julio', 'Alvear']",2,9 de Julio; Alvear,-32.9509133,-60.6565193,55.0,538.0,Municipio Rosario,Municipio,Rosario,820210,Servicio de Catastro e Información Territorial,IGN
2012,15406,2012-10-01,Lunes,0.0,08:00:00,,0.0,2,"Automóvil,Moto/Ciclomotor",Bv. Segui Bis Y Av. Corrientes,2,1,0,0,1,0,0,,Avenida,,ROSARIO,Rosario,Asfalto,No existe,II,Dentro,Urbana,Ninguna,No existe,Intersección,Otro,S/D,Diurna,S/D,Lateral,S/D,Colisión,S/D,S/D,Ninguna,Sin restricción,POINT (-60.65060229999999 -32.97832124999999),"['Bulevar Juan Francisco Seguí', 'Corrientes']",2,Bulevar Juan Francisco Seguí; Corrientes,-32.97832124999999,-60.65060229999999,55.0,538.0,Municipio Rosario,Municipio,Rosario,820210,Servicio de Catastro e Información Territorial,IGN
2012,15407,2012-10-01,Lunes,0.0,10:00:00,,0.0,2,"Transporte de Pasajeros Larga Distancia (> 8 asientos),Moto/Ciclomotor",Bv. Oroño Y Dr.Rivas,2,1,0,0,1,0,0,,Avenida,,ROSARIO,Rosario,Asfalto,No existe,II,Dentro,Urbana,Ninguna,No existe,Intersección,Bueno,S/D,Diurna,S/D,Lateral,S/D,Colisión,S/D,S/D,Ninguna,Sin restricción,POINT (-60.6626747 -32.9809666),"['Bulevar Nicasio Oroño', 'Doctor Francisco Riva']",2,Bulevar Nicasio Oroño; Doctor Francisco Riva,-32.9809666,-60.6626747,55.0,538.0,Municipio Rosario,Municipio,Rosario,820210,Servicio de Catastro e Información Territorial,IGN
2012,15408,2012-10-14,Domingo,0.0,17:30:00,,0.0,2,"Automóvil,Taxi/Remis",Montevideo Y Buenos Aires,3,2,0,0,1,0,0,,S/D,,ROSARIO,Rosario,Asfalto,S/D,II,S/D,S/D,S/D,S/D,Intersección,Bueno,S/D,Diurna,S/D,Lateral,S/D,Colisión,S/D,S/D,Cordón divisorio,S/D,POINT (-60.63512970000001 -32.9570983),"['Montevideo', 'Buenos Aires']",2,Montevideo; Buenos Aires,-32.9570983,-60.63512970000001,55.0,538.0,Municipio Rosario,Municipio,Rosario,820210,Servicio de Catastro e Información Territorial,IGN
2012,15409,2012-10-01,Lunes,0.0,17:30:00,,0.0,2,"Peatón,Automóvil",Balcarce Y Av. Pellegrini,2,1,0,0,0,0,1,,S/D,,ROSARIO,Rosario,Asfalto,S/D,II,S/D,Urbana,S/D,S/D,Recta,S/D,Buena,Diurna,S/D,Otro,S/D,Atropello,S/D,S/D,S/D,S/D,POINT (-60.6546869 -32.954829399999994),"['Balcarce', 'Pellegrini']",2,Balcarce; Avenida Carlos Pellegrini,-32.954829399999994,-60.6546869,55.0,538.0,Municipio Rosario,Municipio,Rosario,820210,Servicio de Catastro e Información Territorial,IGN
2012,15410,2012-10-01,Lunes,0.0,09:00:00,,0.0,2,"Automóvil,Pickup/Utilitario",Garay Y Italia,2,1,0,0,1,0,0,,Calle,,ROSARIO,Rosario,Asfalto,No existe,II,Dentro,Urbana,Ninguna,No existe,Intersección,S/D,S/D,Diurna,S/D,Lateral,S/D,Colisión,S/D,S/D,Ninguna,Sin restricción,POINT (-60.65493490000001 -32.972771099999996),"['Garay', 'Italia']",2,Juan de Garay; Italia,-32.9727711,-60.65493490000001,55.0,538.0,Municipio Rosario,Municipio,Rosario,820210,Servicio de Catastro e Información Territorial,IGN
2012,15411,2012-10-01,Lunes,0.0,10:30:00,,0.0,2,"Automóvil,Automóvil",Dorrego Y Centeno,3,2,0,0,1,0,0,,Calle,,ROSARIO,Rosario,Asfalto,No existe,II,Dentro,Urbana,Ninguna,No existe,Intersección,S/D,S/D,Diurna,S/D,Lateral,S/D,Colisión,S/D,S/D,Ninguna,Sin restricción,POINT (-60.658907400000004 -32.98284469999999),"['Dorrego', 'Centeno']",2,Manuel Dorrego; Coronel Centeno,-32.98284469999999,-60.6589074,55.0,538.0,Municipio Rosario,Municipio,Rosario,820210,Servicio de Catastro e Información Territorial,IGN
2012,15413,2012-10-01,Lunes,0.0,,,0.0,2,"Automóvil,Taxi/Remis",Av. Pellegrini Y Av. Corrientes,2,1,0,0,1,0,0,,S/D,,ROSARIO,Rosario,S/D,S/D,II,S/D,Urbana,S/D,S/D,Intersección,S/D,S/D,Nocturna,S/D,S/D,S/D,Colisión,S/D,S/D,S/D,S/D,POINT (-60.645055850000006 -32.95655624999999),"['Pellegrini', 'Corrientes']",2,Avenida Carlos Pellegrini; Corrientes,-32.95655624999999,-60.645055850000006,55.0,538.0,Municipio Rosario,Municipio,Rosario,820210,Servicio de Catastro e Información Territorial,IGN
2012,15414,2012-10-01,Lunes,0.0,20:00:00,,0.0,2,"Bicicleta,Automóvil",San Juan 1400,2,1,0,0,1,0,0,,S/D,,ROSARIO,Rosario,S/D,S/D,II,S/D,Urbana,S/D,S/D,Recta,S/D,S/D,Nocturna,S/D,Otro,S/D,Atropello,S/D,S/D,S/D,S/D,"-32.9493702, -60.6431594",['San Juan 1400'],1,San Juan 1400,-32.9493702,-60.6431594,55.0,538.0,Municipio Rosario,Municipio,Rosario,820210,Servicio de Catastro e Información Territorial,IGN
2012,15415,2012-10-01,Lunes,0.0,17:56:00,,0.0,2,"Peatón,Transporte de Pasajeros (H/ 8 asientos)",Santa Fe Y Pte.Roca,2,1,0,0,0,0,1,,S/D,,ROSARIO,Rosario,Asfalto,S/D,II,S/D,Urbana,S/D,S/D,Intersección,Bueno,S/D,Diurna,S/D,S/D,S/D,Atropello,S/D,S/D,S/D,S/D,POINT (-60.644754 -32.9438641),"['Santa Fe', 'Roca']",2,Santa Fe; Presidente Roca,-32.9438641,-60.644754,55.0,538.0,Municipio Rosario,Municipio,Rosario,820210,Servicio de Catastro e Información Territorial,IGN
2012,15417,2012-10-02,Martes,0.0,10:00:00,,0.0,2,"Automóvil,Automóvil",San Juan Y España,3,1,0,0,2,0,0,,S/D,,ROSARIO,Rosario,Asfalto,S/D,II,S/D,Urbana,S/D,S/D,Intersección,Bueno,S/D,Diurna,S/D,S/D,S/D,Colisión,S/D,S/D,S/D,S/D,POINT (-60.64742129999999 -32.9486711),"['San Juan', 'España']",2,San Juan; España,-32.9486711,-60.64742129999999,55.0,538.0,Municipio Rosario,Municipio,Rosario,820210,Servicio de Catastro e Información Territorial,IGN
2012,15462,2012-11-05,Lunes,0.0,20:30:00,,0.0,2,"Peatón,Moto/Ciclomotor",Playa Chica 7924,2,1,0,0,1,0,0,,Calle,,ROSARIO,Rosario,Asfalto,Pavimento,II,Dentro,Urbana,S/D,S/D,Recta,Bueno,Buena,"Nocturna,Con luz artificial",Buen Tiempo,Lateral,S/D,Colisión,S/D,S/D,Barrera de hormigón,S/D,"-33.0291214, -60.6880506",['Playa Chica 7924'],1,Playa Chica 7924,-33.0291214,-60.6880506,55.0,538.0,Municipio Rosario,Municipio,Rosario,820210,Servicio de Catastro e Información Territorial,IGN
2012,15464,2012-11-28,Miercoles,0.0,20:40:00,,0.0,2,"Moto/Ciclomotor,Automóvil",Bv. Oroño Y Mendoza,3,1,0,0,2,0,0,,Avenida,,ROSARIO,Rosario,Asfalto,S/D,II,S/D,Urbana,S/D,Funciona,Intersección,S/D,S/D,Nocturna,S/D,Otro,S/D,Colisión,S/D,Vertical,S/D,S/D,POINT (-60.6545801 -32.948842899999995),"['Bulevar Nicasio Oroño', 'Mendoza']",2,Bulevar Nicasio Oroño; Mendoza,-32.948842899999995,-60.6545801,55.0,538.0,Municipio Rosario,Municipio,Rosario,820210,Servicio de Catastro e Información Territorial,IGN
2012,15467,2012-11-06,Martes,0.0,,,0.0,2,"Peatón,Automóvil",Av. Avellaneda B Y Av. Circunvalacion,2,1,0,0,0,0,1,,Avenida,,ROSARIO,Rosario,Asfalto,No existe,II,Dentro,Urbana,Ninguna,No existe,Recta,Bueno,Buena,Atardecer,Buen Tiempo,S/D,S/D,Atropello,S/D,Vertical,Barrera de hormigón,Sin restricción,POINT (-60.68941966610684 -33.00080705152485),"['Avellaneda', 'Circunvalacion']",2,Bulevar Nicolás Avellaneda; Avenida de Circunvalación 25 de Mayo,-33.00080705152485,-60.68941966610684,55.0,538.0,Municipio Rosario,Municipio,Rosario,820210,Servicio de Catastro e Información Territorial,IGN
2012,15468,2012-12-02,Domingo,0.0,07:15:00,,0.0,2,"Taxi/Remis,Automóvil",Santa Fe Y Callao,5,3,0,0,1,1,0,,Calle,,ROSARIO,Rosario,Asfalto,No existe,II,Dentro,Urbana,Semáforo,S/D,Recta,Bueno,Buena,Diurna,Buen Tiempo,Otro,S/D,Colisión,Otro,Vertical,Ninguna,Sin restricción,POINT (-60.6597746 -32.94115649999999),"['Santa Fe', 'Callao']",2,Santa Fe; Callao,-32.94115649999999,-60.6597746,55.0,538.0,Municipio Rosario,Municipio,Rosario,820210,Servicio de Catastro e Información Territorial,IGN
2012,15477,2012-12-04,Martes,0.0,19:20:00,,0.0,2,"Moto/Ciclomotor,Moto/Ciclomotor",Valparaiso Y Amenabar,3,2,0,0,0,1,0,,Calle,,ROSARIO,Rosario,Asfalto,No existe,II,Dentro,Urbana,Ninguna,No existe,Intersección,Bueno,Buena,"Atardecer,Con luz artificial",Buen Tiempo,Lateral,S/D,Colisión,S/D,Faltante,Ninguna,Sin restricción,POINT (-60.68836240000001 -32.96435089999999),"['Valparaíso', 'Amenabar']",2,Valparaíso; José de Amenábar,-32.96435089999999,-60.68836240000001,55.0,538.0,Municipio Rosario,Municipio,Rosario,820210,Servicio de Catastro e Información Territorial,IGN
2012,15479,2012-11-28,Miercoles,0.0,17:45:00,,0.0,2,"Taxi/Remis,Bicicleta",Italia Y San Luis,2,1,0,0,1,0,0,,Calle,,ROSARIO,Rosario,Asfalto,S/D,II,S/D,Urbana,S/D,S/D,Recta,S/D,S/D,Diurna,S/D,Otro,S/D,Atropello,S/D,S/D,S/D,S/D,POINT (-60.648517399999996 -32.9472927),"['Italia', 'San Luis']",2,Italia; San Luis,-32.9472927,-60.6485174,55.0,538.0,Municipio Rosario,Municipio,Rosario,820210,Servicio de Catastro e Información Territorial,IGN
2012,15481,2012-11-27,Martes,0.0,22:00:00,,0.0,3,"Automóvil,Automóvil,Automóvil",Montevideo Y España,4,3,0,0,1,0,0,,Calle,,ROSARIO,Rosario,Asfalto,S/D,II,S/D,Urbana,S/D,Funciona,Intersección,S/D,S/D,Nocturna,S/D,Otro,S/D,Colisión,S/D,Vertical,S/D,S/D,POINT (-60.648924400000006 -32.9546495),"['Montevideo', 'España']",2,Montevideo; España,-32.9546495,-60.648924400000006,55.0,538.0,Municipio Rosario,Municipio,Rosario,820210,Servicio de Catastro e Información Territorial,IGN
2012,15482,2012-11-27,Martes,0.0,17:00:00,,0.0,2,"Bicicleta,Transporte de Pasajeros Urbano (> 8 asientos)",Dorrego Y San Luis,2,1,0,0,1,0,0,,Calle,,ROSARIO,Rosario,Asfalto,S/D,II,S/D,Urbana,S/D,S/D,Intersección,S/D,S/D,Diurna,S/D,Otro,S/D,Atropello,S/D,S/D,S/D,S/D,POINT (-60.6498398 -32.9470618),"['Dorrego', 'San Luis']",2,Manuel Dorrego; San Luis,-32.9470618,-60.6498398,55.0,538.0,Municipio Rosario,Municipio,Rosario,820210,Servicio de Catastro e Información Territorial,IGN
2012,15483,2012-11-30,Viernes,0.0,,,0.0,3,"Automóvil,Taxi/Remis,Automóvil",Alvear Y San Juan,4,4,0,0,0,0,0,,Calle,,ROSARIO,Rosario,Asfalto,S/D,II,S/D,Urbana,S/D,S/D,Intersección,S/D,S/D,S/D,S/D,Otro,S/D,Colisión,S/D,S/D,S/D,S/D,POINT (-60.6556081 -32.94720589999999),"['Alvear', 'San Juan']",2,Alvear; San Juan,-32.94720589999999,-60.6556081,55.0,538.0,Municipio Rosario,Municipio,Rosario,820210,Servicio de Catastro e Información Territorial,IGN
2012,15534,2012-11-05,Lunes,0.0,06:30:00,,0.0,2,"Automóvil,Transporte de Pasajeros Urbano (> 8 asientos)",Av. Pellegrini Y Laprida,3,2,0,0,1,0,0,,Avenida,,ROSARIO,Rosario,Asfalto,S/D,II,S/D,Urbana,Semáforo,S/D,Intersección,Bueno,S/D,Diurna,S/D,Lateral,S/D,Colisión,S/D,S/D,Cordón divisorio,S/D,POINT (-60.63694769999999 -32.958013449999996),"['Pellegrini', 'Laprida']",2,Avenida Carlos Pellegrini; Francisco Narciso Laprida,-32.95801345,-60.63694769999999,55.0,538.0,Municipio Rosario,Municipio,Rosario,820210,Servicio de Catastro e Información Territorial,IGN
2012,15541,2012-11-10,Sabado,0.0,13:30:00,,0.0,2,"Automóvil,Moto/Ciclomotor",Montevideo Y Colon,3,1,0,0,2,0,0,,Calle,,ROSARIO,Rosario,Asfalto,S/D,II,Dentro,Urbana,S/D,S/D,Intersección,Bueno,S/D,Diurna,S/D,Lateral,S/D,Colisión,S/D,Horizontal,Cordón divisorio,S/D,POINT (-60.6279935 -32.95836839999999),"['Montevideo', 'Colon']",2,Montevideo; Cristóbal Colón,-32.95836839999999,-60.6279935,55.0,538.0,Municipio Rosario,Municipio,Rosario,820210,Servicio de Catastro e Información Territorial,IGN
2012,15545,2012-11-30,Viernes,0.0,11:45:00,,0.0,2,"Peatón,Automóvil",Cordoba Y Pte.Roca,2,1,0,0,1,0,0,,Calle,,ROSARIO,Rosario,Asfalto,S/D,II,S/D,Urbana,S/D,S/D,Intersección,S/D,S/D,Diurna,S/D,Otro,S/D,Atropello,S/D,S/D,S/D,S/D,POINT (-60.6450798 -32.94517329999999),"['Córdoba', 'Roca']",2,Córdoba; Presidente Roca,-32.94517329999999,-60.6450798,55.0,538.0,Municipio Rosario,Municipio,Rosario,820210,Servicio de Catastro e Información Territorial,IGN
2012,15548,2012-12-09,Domingo,0.0,14:00:00,,0.0,2,"Moto/Ciclomotor,Automóvil",Bv. Rondeau Y Luis Vila,3,1,1,0,0,1,0,,Avenida,,ROSARIO,Rosario,Hormigón,No existe,II,Dentro,Urbana,Semáforo,Funciona,Intersección,Bueno,Buena,Diurna,Buen Tiempo,Lateral,S/D,Colisión,Otro,Horizontal,"Cordón divisorio,Vegetación",Sin restricción,POINT (-60.691285475 -32.89816437499999),"['Rondeau', 'Doctor Vila']",2,Bulevar General José Rondeau; Doctor Vila,-32.89816437499999,-60.691285475,55.0,538.0,Municipio Rosario,Municipio,Rosario,820210,Servicio de Catastro e Información Territorial,IGN
2012,15555,2012-11-30,Viernes,0.0,16:30:00,,0.0,1,Peatón,Bv. Oroño Y Mendoza,2,1,0,0,1,0,0,,Avenida,,ROSARIO,Rosario,Asfalto,S/D,II,S/D,Urbana,S/D,S/D,Intersección,S/D,S/D,Diurna,S/D,Otro,S/D,Atropello,S/D,S/D,S/D,S/D,POINT (-60.6545801 -32.948842899999995),"['Bulevar Nicasio Oroño', 'Mendoza']",2,Bulevar Nicasio Oroño; Mendoza,-32.948842899999995,-60.6545801,55.0,538.0,Municipio Rosario,Municipio,Rosario,820210,Servicio de Catastro e Información Territorial,IGN
2012,15560,2012-11-29,Jueves,0.0,09:15:00,,0.0,2,"Automóvil,Automóvil",Paraguay Y Av. Pellegrini,2,1,0,0,1,0,0,,Calle,,ROSARIO,Rosario,Asfalto,S/D,II,S/D,Urbana,S/D,Funciona,Intersección,S/D,S/D,Diurna,S/D,Otro,S/D,Colisión,S/D,S/D,S/D,S/D,POINT (-60.64646545 -32.95630334999999),"['Paraguay', 'Pellegrini']",2,Paraguay; Avenida Carlos Pellegrini,-32.95630334999999,-60.64646545,55.0,538.0,Municipio Rosario,Municipio,Rosario,820210,Servicio de Catastro e Información Territorial,IGN
2012,15564,2012-11-14,Miercoles,0.0,10:00:00,,0.0,2,"Moto/Ciclomotor,Taxi/Remis",Tucuman Y Bv. Oroño,2,1,0,0,1,0,0,,Calle,,ROSARIO,Rosario,Asfalto,Pavimento,II,Dentro,Urbana,Ninguna,No existe,Intersección,Bueno,Buena,Diurna,Buen Tiempo,Lateral,S/D,Colisión,S/D,Vertical,Cordón divisorio,Sin restricción,POINT (-60.6521219 -32.9390762),"['Tucumán', 'Bulevar Nicasio Oroño']",2,Tucumán; Bulevar Nicasio Oroño,-32.9390762,-60.6521219,55.0,538.0,Municipio Rosario,Municipio,Rosario,820210,Servicio de Catastro e Información Territorial,IGN
2012,15566,2012-11-16,Viernes,0.0,16:00:00,,0.0,2,"Automóvil,Pickup/Utilitario",Brown Y Bv. Oroño,3,1,0,0,2,0,0,,Calle,,ROSARIO,Rosario,Asfalto,No existe,II,Dentro,Urbana,Señal Pare,No existe,Intersección,Bueno,Buena,Diurna,Buen Tiempo,Lateral,S/D,Colisión,S/D,Vertical,Ninguna,Sin restricción,POINT (-60.650931750000005 -32.934415099999995),"['Brown', 'Bulevar Nicasio Oroño']",2,Almirante Brown; Bulevar Nicasio Oroño,-32.934415099999995,-60.650931750000005,55.0,538.0,Municipio Rosario,Municipio,Rosario,820210,Servicio de Catastro e Información Territorial,IGN
2012,15569,2012-12-12,Miercoles,0.0,19:00:00,,0.0,1,Moto/Ciclomotor,Av. Ovidio Lagos 6200,1,0,0,0,0,1,0,,Avenida,,ROSARIO,Rosario,Asfalto,No existe,II,Dentro,Urbana,Ninguna,No existe,Recta,Bueno,Buena,Atardecer,Buen Tiempo,S/D,S/D,Caída ocupante,Otro,Faltante,Ninguna,Sin restricción,"-32.9700442, -60.668095",['Ovidio Lagos 6200'],1,Ovidio Lagos 6200,-32.9700442,-60.668095,55.0,538.0,Municipio Rosario,Municipio,Rosario,820210,Servicio de Catastro e Información Territorial,IGN
2012,15588,2012-12-15,Sabado,0.0,22:10:00,,0.0,2,"Moto/Ciclomotor,Camión",Bv. Avellaneda Y Gral.Mosconi,5,3,0,0,1,1,0,,Avenida,,ROSARIO,Rosario,Asfalto,No existe,II,Dentro,Urbana,Ninguna,No existe,Intersección,Bueno,Buena,"Nocturna,Con luz artificial",Buen Tiempo,Lateral,S/D,Colisión,Otro,Faltante,Cordón divisorio,Sin restricción,POINT (-60.674045425 -32.994089450000004),"['Avellaneda', 'Mosconi']",2,Bulevar Nicolás Avellaneda; General Mosconi,-32.994089450000004,-60.674045425,55.0,538.0,Municipio Rosario,Municipio,Rosario,820210,Servicio de Catastro e Información Territorial,IGN
2012,15604,2012-11-13,Martes,0.0,08:00:00,,0.0,2,"Automóvil,Moto/Ciclomotor",San Luis Y Buenos Aires,2,1,0,0,1,0,0,,Calle,,ROSARIO,Rosario,Asfalto,S/D,II,Dentro,Urbana,S/D,S/D,Intersección,Bueno,Buena,Diurna,S/D,Lateral,S/D,Colisión,S/D,S/D,Cordón divisorio,S/D,POINT (-60.63335 -32.95001940000001),"['San Luis', 'Buenos Aires']",2,San Luis; Buenos Aires,-32.95001940000001,-60.63335,55.0,538.0,Municipio Rosario,Municipio,Rosario,820210,Servicio de Catastro e Información Territorial,IGN
2012,15609,2012-11-10,Sabado,0.0,10:45:00,,0.0,1,Transporte de Pasajeros Urbano (> 8 asientos),Av. Ovidio Lagos Y Viamonte,2,1,0,0,0,0,1,,Avenida,,ROSARIO,Rosario,Asfalto,Pavimento,II,S/D,Urbana,S/D,S/D,Recta,Bueno,Buena,Diurna,Buen Tiempo,S/D,S/D,Caída ocupante,S/D,S/D,S/D,S/D,POINT (-60.6660596 -32.96114449999999),"['Avenida Ovidio Lagos', 'Viamonte']",2,Avenida Ovidio Lagos; Viamonte,-32.96114449999999,-60.6660596,55.0,538.0,Municipio Rosario,Municipio,Rosario,820210,Servicio de Catastro e Información Territorial,IGN
2012,15612,2012-11-18,Domingo,0.0,00:40:00,,0.0,2,"Automóvil,Moto/Ciclomotor",Brown Y España,2,1,0,0,1,0,0,,Calle,,ROSARIO,Rosario,Asfalto,No existe,II,Dentro,Urbana,Ninguna,No existe,Intersección,Bueno,Buena,Nocturna,Buen Tiempo,Frontal,S/D,Colisión,S/D,Faltante,Ninguna,Sin restricción,POINT (-60.6441389 -32.9356143),"['Brown', 'España']",2,Almirante Brown; España,-32.9356143,-60.6441389,55.0,538.0,Municipio Rosario,Municipio,Rosario,820210,Servicio de Catastro e Información Territorial,IGN
2012,15613,2012-11-12,Lunes,0.0,,,0.0,2,"Peatón,Automóvil",CAMINO VIEJO A SOLDINI 3900,2,1,0,0,1,0,0,,Calle,,ROSARIO,Rosario,Asfalto,Pavimento,II,S/D,Urbana,S/D,No existe,Recta,Deteriorada,Buena,Diurna,Buen Tiempo,S/D,S/D,Atropello,S/D,S/D,S/D,S/D,"-33.0259058, -60.6810778",['Camino Viejo A Soldini 3900'],1,Camino Viejo A Soldini 3900,-33.0259058,-60.6810778,55.0,538.0,Municipio Rosario,Municipio,Rosario,820210,Servicio de Catastro e Información Territorial,IGN
2012,15616,2012-11-13,Martes,0.0,22:45:00,,0.0,2,"Moto/Ciclomotor,Moto/Ciclomotor",Av. Avellaneda B Y Av. Battle y Ordoñez,2,2,0,0,0,0,0,,Calle,,ROSARIO,Rosario,Asfalto,Pavimento,III,Dentro,Urbana,S/D,S/D,Recta,Bueno,Buena,"Nocturna,Con luz artificial",Buen Tiempo,Lateral,S/D,Colisión,S/D,S/D,S/D,S/D,POINT (-60.6894455 -33.010092),"['Avellaneda', 'Avenida Battle y Ordoñez']",2,Bulevar Nicolás Avellaneda; Avenida Battle y Ordoñez,-33.010092,-60.6894455,55.0,538.0,Municipio Rosario,Municipio,Rosario,820210,Servicio de Catastro e Información Territorial,IGN
2012,15620,2012-11-08,Jueves,0.0,09:30:00,,0.0,2,"Moto/Ciclomotor,Pickup/Utilitario",España Y Jujuy,2,1,0,0,1,0,0,,Calle,,ROSARIO,Rosario,Asfalto,No existe,II,Dentro,Urbana,Ninguna,No existe,Intersección,Bueno,Buena,Diurna,Buen Tiempo,Lateral,S/D,Colisión,Otro,Faltante,Ninguna,Sin restricción,POINT (-60.64443049999999 -32.93677459999999),"['España', 'Jujuy']",2,España; Jujuy,-32.93677459999999,-60.64443049999999,55.0,538.0,Municipio Rosario,Municipio,Rosario,820210,Servicio de Catastro e Información Territorial,IGN
2012,15631,2012-11-22,Jueves,0.0,11:00:00,,0.0,2,"Automóvil,Automóvil",Urquiza 900,2,1,0,0,1,0,0,,Calle,,ROSARIO,Rosario,Asfalto,No existe,II,S/D,S/D,Ninguna,No existe,Recta,Bueno,Buena,Diurna,Buen Tiempo,De alcance,S/D,Colisión,S/D,Faltante,Ninguna,Sin restricción,"-32.9443114, -60.6342299",['Urquiza 900'],1,Urquiza 900,-32.9443114,-60.6342299,55.0,538.0,Municipio Rosario,Municipio,Rosario,820210,Servicio de Catastro e Información Territorial,IGN
2012,15633,2012-11-20,Martes,0.0,21:30:00,,0.0,2,"Moto/Ciclomotor,Automóvil",Av. Ovidio Lagos 7500,3,1,0,0,1,0,1,,Avenida,,ROSARIO,Rosario,Asfalto,Pavimento,II,Dentro,Urbana,S/D,S/D,Recta,Bueno,Buena,"Nocturna,Con luz artificial",Buen Tiempo,Otro,S/D,Colisión,S/D,S/D,S/D,S/D,"-32.9700442, -60.668095",['Ovidio Lagos 7500'],1,Ovidio Lagos 7500,-32.9700442,-60.668095,55.0,538.0,Municipio Rosario,Municipio,Rosario,820210,Servicio de Catastro e Información Territorial,IGN
2012,15637,2012-11-20,Martes,0.0,18:00:00,,0.0,2,"Moto/Ciclomotor,Automóvil",Salta Y Av. Del Huerto,2,1,0,0,1,0,0,,Avenida,,ROSARIO,Rosario,Asfalto,No existe,II,Dentro,Urbana,Semáforo,Funciona,Recta,Bueno,Buena,Diurna,Buen Tiempo,Lateral,S/D,Colisión,S/D,Vertical,Ninguna,Sin restricción,POINT (-60.6368822 -32.9393922),"['Salta', 'Del Huerto']",2,Salta; Avenida del Huerto,-32.9393922,-60.6368822,55.0,538.0,Municipio Rosario,Municipio,Rosario,820210,Servicio de Catastro e Información Territorial,IGN
2012,15638,2012-11-29,Jueves,0.0,15:00:00,,0.0,2,"Taxi/Remis,Moto/Ciclomotor",Paraguay Y San Lorenzo,2,1,0,0,1,0,0,,Calle,,ROSARIO,Rosario,Asfalto,S/D,II,Dentro,Urbana,Señal Pare,No existe,Intersección,Bueno,Buena,Diurna,Buen Tiempo,Lateral,S/D,Colisión,S/D,Faltante,Ninguna,Sin restricción,POINT (-60.643162000000004 -32.9431566),"['Paraguay', 'San Lorenzo']",2,Paraguay; San Lorenzo,-32.9431566,-60.643162,55.0,538.0,Municipio Rosario,Municipio,Rosario,820210,Servicio de Catastro e Información Territorial,IGN
2012,15641,2012-11-29,Jueves,0.0,21:00:00,,0.0,2,"Moto/Ciclomotor,Peatón",Sarmiento Y Av. Illia,2,2,0,0,0,0,0,,Avenida,,ROSARIO,Rosario,Asfalto,No existe,II,Dentro,Urbana,Semáforo,S/D,Intersección,Bueno,Buena,Nocturna,Buen Tiempo,Otro,S/D,Atropello,S/D,S/D,S/D,Sin restricción,POINT (-60.6365283 -32.93969129999999),"['Sarmiento', 'Illia']",2,Sarmiento; Avenida Arturo Illia,-32.93969129999999,-60.6365283,55.0,538.0,Municipio Rosario,Municipio,Rosario,820210,Servicio de Catastro e Información Territorial,IGN
2012,15643,2012-11-29,Jueves,0.0,17:20:00,,0.0,2,"Moto/Ciclomotor,Automóvil",3 De Febrero Y Rodriguez,2,1,0,0,1,0,0,,Calle,,ROSARIO,Rosario,Asfalto,S/D,II,Dentro,Urbana,S/D,S/D,Intersección,S/D,S/D,S/D,S/D,S/D,S/D,Colisión,S/D,S/D,S/D,S/D,POINT (-60.6603081 -32.9491249),"['3 de Febrero', 'Rodríguez']",2,3 de Febrero; Rodríguez de Escobedo,-32.9491249,-60.6603081,55.0,538.0,Municipio Rosario,Municipio,Rosario,820210,Servicio de Catastro e Información Territorial,IGN
2012,15661,2012-12-25,Martes,0.0,01:50:00,,0.0,2,"Moto/Ciclomotor,Moto/Ciclomotor",Arteaga Y Alzugaray,2,0,0,0,0,1,1,,Calle,,ROSARIO,Rosario,Asfalto,No existe,II,Dentro,Urbana,Ninguna,No existe,Intersección,Deteriorada,Reducida,Nocturna,S/D,S/D,S/D,Colisión,Otro,Faltante,Ninguna,Sin restricción,POINT (-60.643332 -33.01284839999999),"['Arteaga', 'Alzugaray']",2,Alfredo de Arteaga; Alzugaray,-33.01284839999999,-60.643332,55.0,538.0,Municipio Rosario,Municipio,Rosario,820210,Servicio de Catastro e Información Territorial,IGN