anio_acci,nro_acci,fecha,desc_dia,fecha_aprox,hora_aprox,desc_ruta,km,cant_participantes,desc_participante,calle_avenida_km,total,heridos_leves,heridos_graves,heridos_gravisimos,ilesos,fallecidos,sin_datos,posicion_XY,desc_tipo_via,desc_ruta_ori,desc_loc,desc_dpto,desc_tipo_calzada,desc_tipo_banquina,desc_unidad_regional,desc_lugar_calzada,desc_zona,desc_prioridad,desc_estado_semaforo,desc_lugar_via,desc_estado_via,desc_estado_visibilidad,desc_luminosidad,desc_estado_clima,desc_tipo_colision,desc_tipo_atropello,desc_tipo_hecho,desc_pres_calzada,desc_senializacion,desc_separacion_via,desc_restriccion,forma_geocod,calle_lista,numero_calles,calles_osm,lat,lon,index_right,gid,fna,gna,nam,in1,fdc,sag
2012,15687,2012-11-01,Jueves,0.0,13:15:00,,0.0,2,"Moto/Ciclomotor,Pickup/Utilitario",Paraguay Y Centenario,3,2,0,0,1,0,0,,Calle,,ROSARIO,Rosario,Asfalto,No existe,II,Dentro,Urbana,Ninguna,No existe,Recta,Bueno,Buena,Diurna,S/D,Lateral,S/D,Colisión,Otro,Faltante,Ninguna,Sin restricción,POINT (-60.6546503 -33.00440909999999),"['Paraguay', 'Centenario']",2,Paraguay; Avenida Centenario Rosario Central,-33.00440909999999,-60.6546503,55.0,538.0,Municipio Rosario,Municipio,Rosario,820210,Servicio de Catastro e Información Territorial,IGN
2012,15690,2012-11-07,Miercoles,0.0,18:50:00,,0.0,2,"Moto/Ciclomotor,Automóvil",Av. Arijon 1300,2,1,0,0,1,0,0,,Calle,,ROSARIO,Rosario,Asfalto,No existe,II,Dentro,Urbana,Ninguna,No existe,Recta,Bueno,Buena,Diurna,Buen Tiempo,Otro,S/D,Colisión,Otro,Faltante,Cordón divisorio,Sin restricción,"-33.0023231, -60.6252459",['Arijon 1300'],1,Arijon 1300,-33.0023231,-60.6252459,55.0,538.0,Municipio Rosario,Municipio,Rosario,820210,Servicio de Catastro e Información Territorial,IGN
2012,15695,2012-11-09,Viernes,0.0,17:00:00,,0.0,2,"Bicicleta,Automóvil",Laprida Y Sanchez de Bustamante,3,2,0,0,1,0,0,,Calle,,ROSARIO,Rosario,Asfalto,No existe,II,Dentro,Urbana,Ninguna,No existe,Intersección,Bueno,Buena,Atardecer,S/D,Lateral,S/D,Colisión,Otro,Faltante,Ninguna,Sin restricción,POINT (-60.6470109 -33.00193699999999),"['Laprida', 'Sánchez de Bustamante']",2,Francisco Narciso Laprida; Sánchez de Bustamante,-33.00193699999999,-60.6470109,55.0,538.0,Municipio Rosario,Municipio,Rosario,820210,Servicio de Catastro e Información Territorial,IGN
2012,15704,2012-11-29,Jueves,0.0,13:25:00,,0.0,2,"Automóvil,Moto/Ciclomotor",Alsina Y Cordoba,2,1,0,0,1,0,0,,Calle,,ROSARIO,Rosario,Asfalto,S/D,II,Dentro,Urbana,S/D,S/D,Intersección,S/D,S/D,Diurna,S/D,S/D,S/D,Colisión,S/D,S/D,Cordón divisorio,S/D,POINT (-60.676385200000006 -32.9395798),"['Alsina', 'Córdoba']",2,Alsina; Córdoba,-32.9395798,-60.676385200000006,55.0,538.0,Municipio Rosario,Municipio,Rosario,820210,Servicio de Catastro e Información Territorial,IGN
2012,15706,2012-11-25,Domingo,0.0,18:00:00,,0.0,2,"Moto/Ciclomotor,Automóvil",Constitucion 800,2,1,0,0,1,0,0,,Calle,,ROSARIO,Rosario,Asfalto,S/D,II,S/D,S/D,S/D,S/D,Intersección,S/D,S/D,S/D,S/D,S/D,S/D,Colisión,S/D,S/D,Cordón divisorio,S/D,"-32.968692, -60.6809171",['Constitucion 800'],1,Constitucion 800,-32.968692,-60.6809171,55.0,538.0,Municipio Rosario,Municipio,Rosario,820210,Servicio de Catastro e Información Territorial,IGN
2012,15710,2012-11-12,Lunes,0.0,20:28:00,,0.0,2,"Bicicleta,Pickup/Utilitario",San Martin Y Av. Arijon,2,1,0,0,1,0,0,,Avenida,,ROSARIO,Rosario,Asfalto,No existe,II,Dentro,Urbana,Semáforo,No existe,Intersección,Bueno,Buena,Nocturna,S/D,S/D,S/D,Colisión,Otro,Faltante,Cordón divisorio,Sin restricción,POINT (-60.649363550000004 -33.003052149999995),"['San Martin', 'Avenida Manuel Arijón']",2,José de San Martín; Avenida Manuel Arijón,-33.003052149999995,-60.64936355,55.0,538.0,Municipio Rosario,Municipio,Rosario,820210,Servicio de Catastro e Información Territorial,IGN
2012,15718,2012-11-03,Sabado,0.0,16:00:00,,0.0,2,"Bicicleta,Otros",Brasil Y Riobamba,2,0,0,0,0,1,1,,Calle,,ROSARIO,Rosario,Asfalto,No existe,II,Dentro,Urbana,S/D,S/D,Intersección,Bueno,Buena,Diurna,Buen Tiempo,S/D,S/D,Atropello,S/D,S/D,Ninguna,S/D,POINT (-60.71897270000001 -32.95470110000001),"['Brasil', 'Riobamba']",2,Brasil; Riobamba,-32.95470110000001,-60.71897270000001,55.0,538.0,Municipio Rosario,Municipio,Rosario,820210,Servicio de Catastro e Información Territorial,IGN
2012,15721,2012-11-12,Lunes,0.0,19:00:00,,0.0,2,"Peatón,Camión",Luzurriaga 2600,2,0,0,0,1,1,0,,Calle,,ROSARIO,Rosario,Asfalto,No existe,II,Dentro,Urbana,Ninguna,S/D,Recta,Bueno,Buena,Atardecer,Buen Tiempo,S/D,S/D,Atropello,S/D,S/D,Ninguna,Sin restricción,"-32.8903605, -60.7321721",['Luzurriaga 2600'],1,Luzurriaga 2600,-32.8903605,-60.7321721,55.0,538.0,Municipio Rosario,Municipio,Rosario,820210,Servicio de Catastro e Información Territorial,IGN
2012,15726,2012-11-23,Viernes,0.0,18:00:00,,0.0,1,Camión,Amenabar 280,1,0,0,0,0,1,0,,Calle,,ROSARIO,Rosario,Asfalto,No existe,II,Fuera,Urbana,S/D,No existe,Recta,Bueno,Buena,Diurna,Buen Tiempo,Contra objeto fijo,S/D,"Colisión,Despiste",S/D,S/D,Ninguna,S/D,"-32.9755499122449, -60.62551161836735",['Amenabar 280'],1,Amenabar 280,-32.9755499122449,-60.62551161836735,55.0,538.0,Municipio Rosario,Municipio,Rosario,820210,Servicio de Catastro e Información Territorial,IGN
2012,15750,2012-10-16,Martes,0.0,21:30:00,,0.0,2,"Automóvil,Automóvil",Laprida 1300,2,1,0,0,1,0,0,,Calle,,ROSARIO,Rosario,Asfalto,S/D,II,Dentro,Urbana,S/D,S/D,Recta,Bueno,Buena,Nocturna,Buen Tiempo,De alcance,S/D,Colisión,S/D,S/D,Cordón divisorio,S/D,"-32.9533775, -60.6357232",['Laprida 1300'],1,Laprida 1300,-32.9533775,-60.6357232,55.0,538.0,Municipio Rosario,Municipio,Rosario,820210,Servicio de Catastro e Información Territorial,IGN
2012,15752,2012-10-16,Martes,0.0,11:20:00,,0.0,2,"Taxi/Remis,Taxi/Remis",Laprida 1000,3,1,0,0,2,0,0,,Calle,,ROSARIO,Rosario,Asfalto,S/D,II,Dentro,Urbana,S/D,S/D,Recta,Bueno,S/D,Diurna,Lluvia,De alcance,S/D,Colisión,S/D,S/D,Cordón divisorio,S/D,"-32.9496969, -60.6346322",['Laprida 1000'],1,Laprida 1000,-32.9496969,-60.6346322,55.0,538.0,Municipio Rosario,Municipio,Rosario,820210,Servicio de Catastro e Información Territorial,IGN
2012,15753,2012-11-15,Jueves,0.0,18:30:00,,0.0,2,"Bicicleta,Automóvil",Paraguay Y Madre Cabrini,2,1,0,0,1,0,0,,Calle,,ROSARIO,Rosario,Asfalto,No existe,II,Dentro,Urbana,Ninguna,No existe,Intersección,Bueno,Buena,Atardecer,S/D,Otro,S/D,Atropello,Otro,Faltante,Ninguna,Sin restricción,POINT (-60.6546161 -33.005179899999995),"['Paraguay', 'Madre Cabrini']",2,Paraguay; Madre Cabrini,-33.005179899999995,-60.6546161,55.0,538.0,Municipio Rosario,Municipio,Rosario,820210,Servicio de Catastro e Información Territorial,IGN
2012,15773,2012-11-19,Lunes,0.0,20:00:00,,0.0,2,"Moto/Ciclomotor,Automóvil",San Martin Y Lainez,3,2,0,0,1,0,0,,Calle,,ROSARIO,Rosario,Asfalto,No existe,II,Dentro,Urbana,Ninguna,No existe,Intersección,Bueno,Reducida,Nocturna,Buen Tiempo,Otro,S/D,Colisión,Otro,Faltante,Ninguna,Sin restricción,POINT (-60.649860849999996 -33.00533775),"['San Martin', 'Láinez']",2,José de San Martín; Láinez,-33.00533775,-60.64986085,55.0,538.0,Municipio Rosario,Municipio,Rosario,820210,Servicio de Catastro e Información Territorial,IGN
2012,15775,2012-11-21,Miercoles,0.0,09:00:00,,0.0,2,"Moto/Ciclomotor,Pickup/Utilitario",Bv. Avellaneda Y Montevideo,3,2,0,0,1,0,0,,Avenida,,ROSARIO,Rosario,Asfalto,S/D,II,Dentro,Urbana,S/D,S/D,Intersección,S/D,S/D,S/D,S/D,S/D,S/D,Colisión,S/D,S/D,Cordón divisorio,S/D,POINT (-60.68156305 -32.948831999999996),"['Avellaneda', 'Montevideo']",2,Bulevar Nicolás Avellaneda; Montevideo,-32.948832,-60.68156305,55.0,538.0,Municipio Rosario,Municipio,Rosario,820210,Servicio de Catastro e Información Territorial,IGN
2012,15777,2012-11-20,Martes,0.0,11:25:00,,0.0,1,Automóvil,Av. Battle y Ordoñez 1285,1,0,0,0,0,1,0,,Avenida,,ROSARIO,Rosario,Asfalto,No existe,II,Dentro,Urbana,Ninguna,No existe,Recta,Bueno,Buena,Diurna,Buen Tiempo,Contra objeto fijo,S/D,Colisión,S/D,Faltante,Barrera de hormigón,Sin restricción,"-33.0084731, -60.6332815",['Avenida Battle y Ordoñez 1285'],1,Avenida Battle y Ordoñez 1285,-33.0084731,-60.6332815,55.0,538.0,Municipio Rosario,Municipio,Rosario,820210,Servicio de Catastro e Información Territorial,IGN
2012,15778,2012-11-21,Miercoles,0.0,,,0.0,2,"Automóvil,Automóvil",Av. Ovidio Lagos Y 3 De Febrero,2,1,0,0,1,0,0,,Avenida,,ROSARIO,Rosario,Asfalto,S/D,II,S/D,S/D,S/D,S/D,Intersección,S/D,S/D,S/D,S/D,S/D,S/D,Colisión,S/D,S/D,Cordón divisorio,S/D,POINT (-60.6630574 -32.9486394),"['Avenida Ovidio Lagos', '3 de Febrero']",2,Avenida Ovidio Lagos; 3 de Febrero,-32.9486394,-60.6630574,55.0,538.0,Municipio Rosario,Municipio,Rosario,820210,Servicio de Catastro e Información Territorial,IGN
2012,15780,2012-11-23,Viernes,0.0,21:15:00,,0.0,2,"Moto/Ciclomotor,Automóvil",Buenos Aires 5800,2,1,0,0,1,0,0,,Calle,,ROSARIO,Rosario,Asfalto,No existe,II,Dentro,Urbana,Ninguna,No existe,Recta,Bueno,Reducida,Nocturna,Buen Tiempo,Otro,S/D,Colisión,Otro,Faltante,Ninguna,Sin restricción,"-32.9518857, -60.6338191",['Buenos Aires 5800'],1,Buenos Aires 5800,-32.9518857,-60.6338191,55.0,538.0,Municipio Rosario,Municipio,Rosario,820210,Servicio de Catastro e Información Territorial,IGN
2012,15782,2012-11-21,Miercoles,0.0,11:30:00,,0.0,2,"Moto/Ciclomotor,Taxi/Remis",Cordoba Y Ricchieri,2,1,0,0,1,0,0,,Calle,,ROSARIO,Rosario,Asfalto,S/D,II,Dentro,Urbana,S/D,S/D,Intersección,S/D,S/D,Diurna,S/D,S/D,S/D,Colisión,S/D,S/D,S/D,S/D,POINT (-60.662846 -32.94202899999999),"['Córdoba', 'Ricchieri']",2,Córdoba; Ricchieri,-32.94202899999999,-60.662846,55.0,538.0,Municipio Rosario,Municipio,Rosario,820210,Servicio de Catastro e Información Territorial,IGN
2012,15811,2012-11-24,Sabado,0.0,12:45:00,,0.0,2,"Moto/Ciclomotor,Automóvil",Av. Arijon Y Av. Corrientes,2,1,0,0,1,0,0,,Calle,,ROSARIO,Rosario,Asfalto,No existe,II,Dentro,Urbana,Ninguna,No existe,Intersección,Bueno,Buena,Diurna,Buen Tiempo,S/D,S/D,Colisión,Otro,Faltante,Cordón divisorio,Sin restricción,POINT (-60.6532343 -33.003188200000004),"['Avenida Manuel Arijón', 'Corrientes']",2,Avenida Manuel Arijón; Corrientes,-33.003188200000004,-60.6532343,55.0,538.0,Municipio Rosario,Municipio,Rosario,820210,Servicio de Catastro e Información Territorial,IGN
2012,15812,2012-11-25,Domingo,0.0,09:30:00,,0.0,2,"Moto/Ciclomotor,Taxi/Remis",Av. Arijon Y Laprida,2,1,0,0,1,0,0,,Avenida,,ROSARIO,Rosario,Asfalto,No existe,II,Dentro,Urbana,Ninguna,No existe,Intersección,Bueno,Buena,Diurna,Buen Tiempo,S/D,S/D,Colisión,Otro,Faltante,Cordón divisorio,Sin restricción,POINT (-60.6469781 -33.00299270000001),"['Avenida Manuel Arijón', 'Laprida']",2,Avenida Manuel Arijón; Francisco Narciso Laprida,-33.00299270000001,-60.6469781,55.0,538.0,Municipio Rosario,Municipio,Rosario,820210,Servicio de Catastro e Información Territorial,IGN
2012,15815,2012-11-28,Miercoles,0.0,07:50:00,,0.0,2,"Moto/Ciclomotor,Automóvil",San Martin Y Caupolican,3,2,0,0,1,0,0,,Avenida,,ROSARIO,Rosario,Asfalto,No existe,II,Dentro,Urbana,Ninguna,No existe,Intersección,Bueno,Buena,Diurna,Buen Tiempo,S/D,S/D,Colisión,Otro,Faltante,Cordón divisorio,Sin restricción,POINT (-60.650831800000006 -33.00995605),"['San Martin', 'Caupolicán']",2,José de San Martín; Caupolicán,-33.00995605,-60.650831800000006,55.0,538.0,Municipio Rosario,Municipio,Rosario,820210,Servicio de Catastro e Información Territorial,IGN
2012,15848,2012-11-07,Miercoles,0.0,12:30:00,,0.0,2,"Moto/Ciclomotor,Pickup/Utilitario",Roullon Y Velez Sarsfield,2,1,0,0,1,0,0,,Calle,,ROSARIO,Rosario,Asfalto,No existe,II,Dentro,Urbana,Ninguna,No existe,Intersección,Bueno,Buena,Diurna,S/D,Frontal,S/D,Colisión,S/D,Faltante,Ninguna,Sin restricción,POINT (-60.7028359 -32.92573229999999),"['Alfredo Rouillón', 'Vélez Sarsfield']",2,Alfredo Rouillón; Vélez Sarsfield,-32.92573229999999,-60.7028359,55.0,538.0,Municipio Rosario,Municipio,Rosario,820210,Servicio de Catastro e Información Territorial,IGN
2012,15856,2012-11-08,Jueves,0.0,22:25:00,,0.0,2,"Moto/Ciclomotor,Automóvil",Gorriti Y Matienzo,3,1,0,0,2,0,0,,Calle,,ROSARIO,Rosario,Asfalto,No existe,II,Dentro,Urbana,Ninguna,No existe,Intersección,Bueno,Reducida,Nocturna,S/D,Lateral,S/D,Colisión,S/D,S/D,Ninguna,Sin restricción,POINT (-60.69531130000001 -32.9238706),"['Gorriti', 'Matienzo']",2,Gorriti; Benjamín Matienzo,-32.9238706,-60.69531130000001,55.0,538.0,Municipio Rosario,Municipio,Rosario,820210,Servicio de Catastro e Información Territorial,IGN
2012,15861,2012-11-16,Viernes,0.0,17:00:00,,0.0,2,"Moto/Ciclomotor,Automóvil",Velez Sarsfield Y Camilo Aldao,5,4,0,0,1,0,0,,Calle,,ROSARIO,Rosario,Asfalto,No existe,II,Dentro,Urbana,Ninguna,No existe,Intersección,Bueno,Buena,Diurna,S/D,Lateral,S/D,Colisión,S/D,Faltante,Ninguna,Sin restricción,POINT (-60.696525 -32.9255427),"['Vélez Sarsfield', 'Camilo Aldao']",2,Vélez Sarsfield; Camilo Aldao,-32.9255427,-60.696525,55.0,538.0,Municipio Rosario,Municipio,Rosario,820210,Servicio de Catastro e Información Territorial,IGN
2012,15863,2012-11-22,Jueves,0.0,13:00:00,,0.0,2,"Automóvil,Moto/Ciclomotor",Camilo Aldao Y Velez Sarsfield,2,1,0,0,1,0,0,,Calle,,ROSARIO,Rosario,Asfalto,No existe,II,Dentro,Urbana,Ninguna,No existe,Intersección,Bueno,Buena,Diurna,S/D,Lateral,S/D,Colisión,S/D,Faltante,Ninguna,Sin restricción,POINT (-60.696525 -32.9255427),"['Camilo Aldao', 'Vélez Sarsfield']",2,Camilo Aldao; Vélez Sarsfield,-32.9255427,-60.696525,55.0,538.0,Municipio Rosario,Municipio,Rosario,820210,Servicio de Catastro e Información Territorial,IGN
2012,15865,2012-11-22,Jueves,0.0,10:45:00,,0.0,2,"Automóvil,Moto/Ciclomotor",Barra Y Tucuman,2,1,0,0,1,0,0,,Calle,,ROSARIO,Rosario,Asfalto,No existe,II,Dentro,Urbana,Ninguna,No existe,Intersección,Bueno,Buena,Diurna,S/D,Lateral,S/D,Colisión,S/D,Faltante,Ninguna,Sin restricción,POINT (-60.707146400000006 -32.9323929),"['Barra', 'Tucumán']",2,Barraco; Tucumán,-32.9323929,-60.707146400000006,55.0,538.0,Municipio Rosario,Municipio,Rosario,820210,Servicio de Catastro e Información Territorial,IGN
2012,15928,2012-11-22,Jueves,0.0,14:30:00,,0.0,1,Transporte de Pasajeros Urbano (> 8 asientos),Colon 1400,11,10,0,0,1,0,0,,Calle,,ROSARIO,Rosario,Asfalto,S/D,II,Dentro,Urbana,S/D,S/D,Recta,Bueno,S/D,S/D,S/D,"Contra objeto fijo,Otro",S/D,Colisión,S/D,S/D,S/D,S/D,"-32.9559527, -60.6275236",['Colon 1400'],1,Colon 1400,-32.9559527,-60.6275236,55.0,538.0,Municipio Rosario,Municipio,Rosario,820210,Servicio de Catastro e Información Territorial,IGN
2012,15937,2012-11-22,Jueves,0.0,16:10:00,,0.0,2,"Automóvil,Automóvil",Junin Y Tte.Agneta,2,1,0,0,1,0,0,,Calle,,ROSARIO,Rosario,Asfalto,No existe,II,Dentro,Urbana,Ninguna,No existe,Intersección,Bueno,Buena,Diurna,S/D,Lateral,S/D,Colisión,S/D,Faltante,Ninguna,Sin restricción,POINT (-60.70033130000001 -32.9272405),"['Junín', 'Teniente Agneta']",2,Junín; Teniente Agneta,-32.9272405,-60.70033130000001,55.0,538.0,Municipio Rosario,Municipio,Rosario,820210,Servicio de Catastro e Información Territorial,IGN
2012,15941,2012-11-23,Viernes,0.0,13:00:00,,0.0,2,"Bicicleta,Pickup/Utilitario",Junin Y Formosa,2,1,0,0,1,0,0,,Calle,,ROSARIO,Rosario,Asfalto,No existe,II,Dentro,Urbana,Semáforo,Funciona,Intersección,S/D,Buena,Diurna,S/D,De alcance,S/D,Atropello,S/D,Horizontal,Ninguna,Sin restricción,POINT (-60.691256499999994 -32.9269887),"['Junín', 'Formosa']",2,Junín; Formosa,-32.9269887,-60.6912565,55.0,538.0,Municipio Rosario,Municipio,Rosario,820210,Servicio de Catastro e Información Territorial,IGN
2012,15944,2012-11-03,Sabado,0.0,07:50:00,,0.0,2,"Moto/Ciclomotor,Automóvil",J.J.Paso Y Av. Circunvalacion,2,1,0,0,0,0,1,,Avenida,,ROSARIO,Rosario,Asfalto,No existe,II,Dentro,Urbana,Ninguna,Funciona,Recta,Bueno,Buena,Amanecer,Buen Tiempo,Frontal,S/D,Colisión,S/D,Vertical,Barrera de hormigón,Sin restricción,POINT (-60.723727529563504 -32.92055900258327),"['Paso', 'Circunvalacion']",2,Avenida Juan José Paso; Avenida de Circunvalación 25 de Mayo,-32.92055900258327,-60.723727529563504,55.0,538.0,Municipio Rosario,Municipio,Rosario,820210,Servicio de Catastro e Información Territorial,IGN
2012,15945,2012-11-24,Sabado,0.0,00:15:00,,0.0,2,"Moto/Ciclomotor,Automóvil",Maipu Y Rioja,2,1,0,0,1,0,0,,Calle,,ROSARIO,Rosario,Asfalto,S/D,II,Dentro,Urbana,S/D,S/D,Intersección,Bueno,S/D,S/D,S/D,Lateral,S/D,Colisión,S/D,S/D,Cordón divisorio,S/D,POINT (-60.6355516 -32.948277499999996),"['Maipú', 'Rioja']",2,Maipú; Rioja,-32.9482775,-60.6355516,55.0,538.0,Municipio Rosario,Municipio,Rosario,820210,Servicio de Catastro e Información Territorial,IGN
2012,15946,2012-11-16,Viernes,0.0,19:00:00,,0.0,2,"Moto/Ciclomotor,Taxi/Remis",3 De Febrero Y Paraguay,3,2,0,0,1,0,0,,Calle,,ROSARIO,Rosario,Asfalto,S/D,II,Dentro,Urbana,S/D,S/D,Intersección,S/D,S/D,S/D,S/D,Otro,S/D,Colisión,S/D,S/D,S/D,S/D,POINT (-60.6453207 -32.95177),"['3 de Febrero', 'Paraguay']",2,3 de Febrero; Paraguay,-32.95177,-60.6453207,55.0,538.0,Municipio Rosario,Municipio,Rosario,820210,Servicio de Catastro e Información Territorial,IGN
2012,15948,2012-11-18,Domingo,0.0,03:40:00,,0.0,2,"Automóvil,Automóvil",Santa Fe Y Dorrego,2,1,0,0,1,0,0,,Calle,,ROSARIO,Rosario,Asfalto,S/D,II,Dentro,Urbana,S/D,S/D,Intersección,S/D,S/D,S/D,S/D,Otro,S/D,Colisión,S/D,S/D,S/D,S/D,POINT (-60.648860799999994 -32.94310639999999),"['Santa Fe', 'Dorrego']",2,Santa Fe; Manuel Dorrego,-32.94310639999999,-60.6488608,55.0,538.0,Municipio Rosario,Municipio,Rosario,820210,Servicio de Catastro e Información Territorial,IGN
2012,15950,2012-11-16,Viernes,0.0,09:00:00,,0.0,4,"Taxi/Remis,Camión,Automóvil,Taxi/Remis",E.Zeballos Y Av. Corrientes,4,1,0,0,3,0,0,,Avenida,,ROSARIO,Rosario,S/D,S/D,II,Dentro,Urbana,S/D,S/D,Intersección,S/D,S/D,S/D,S/D,Otro,S/D,Colisión,S/D,S/D,S/D,S/D,POINT (-60.6444742 -32.95427719999999),"['Zeballos', 'Corrientes']",2,Zeballos; Corrientes,-32.95427719999999,-60.6444742,55.0,538.0,Municipio Rosario,Municipio,Rosario,820210,Servicio de Catastro e Información Territorial,IGN
2012,15951,2012-11-05,Lunes,0.0,02:00:00,,0.0,2,"Moto/Ciclomotor,Moto/Ciclomotor",Av. Eva Peron Y Donado,3,3,0,0,0,0,0,,Avenida,,ROSARIO,Rosario,Asfalto,Pavimento,II,Dentro,Urbana,Ninguna,Funciona,Recta,Bueno,Buena,Nocturna,Buen Tiempo,Frontal,S/D,Colisión,S/D,Vertical,Barrera de hormigón,Sin restricción,POINT (-60.727380600000004 -32.93040499999999),"['Avenida Eva Perón', 'Donado']",2,Avenida Eva Perón; José Agustín Donado,-32.93040499999999,-60.7273806,55.0,538.0,Municipio Rosario,Municipio,Rosario,820210,Servicio de Catastro e Información Territorial,IGN
2012,15954,2012-11-21,Miercoles,0.0,15:20:00,,0.0,2,"Automóvil,Pickup/Utilitario",Mitre Y E.Zeballos,3,2,0,0,1,0,0,,Calle,,ROSARIO,Rosario,Asfalto,S/D,II,Dentro,Urbana,S/D,S/D,Intersección,Bueno,S/D,S/D,S/D,Otro,S/D,Colisión,S/D,S/D,S/D,S/D,POINT (-60.641725300000004 -32.95477609999999),"['Mitre', 'Zeballos']",2,Bartolomé Mitre; Zeballos,-32.95477609999999,-60.6417253,55.0,538.0,Municipio Rosario,Municipio,Rosario,820210,Servicio de Catastro e Información Territorial,IGN
2012,15955,2012-11-21,Miercoles,0.0,,,0.0,1,,España Y Cordoba,3,1,0,0,2,0,0,,Calle,,ROSARIO,Rosario,Asfalto,S/D,II,Dentro,Urbana,S/D,S/D,Intersección,S/D,S/D,S/D,S/D,S/D,S/D,Colisión,S/D,S/D,S/D,S/D,POINT (-60.6464797 -32.944926099999996),"['España', 'Córdoba']",2,España; Córdoba,-32.9449261,-60.6464797,55.0,538.0,Municipio Rosario,Municipio,Rosario,820210,Servicio de Catastro e Información Territorial,IGN
2012,15956,2012-11-07,Miercoles,0.0,21:00:00,,0.0,2,"Moto/Ciclomotor,Automóvil",Donado Y Bv. Argentino,3,1,0,0,2,0,0,,Avenida,,ROSARIO,Rosario,Asfalto,No existe,II,Dentro,Urbana,Ninguna,No existe,Recta,Bueno,Buena,Nocturna,Buen Tiempo,Frontal,S/D,Colisión,S/D,Horizontal,Barrera de hormigón,Sin restricción,POINT (-60.7275987 -32.9241759),"['Donado', 'Argentino']",2,José Agustín Donado; Avenida Central Argentino,-32.9241759,-60.7275987,55.0,538.0,Municipio Rosario,Municipio,Rosario,820210,Servicio de Catastro e Información Territorial,IGN
2012,15960,2012-11-21,Miercoles,0.0,,,0.0,2,"Moto/Ciclomotor,Automóvil",España Y Cordoba,3,1,0,0,2,0,0,,Calle,,ROSARIO,Rosario,Asfalto,S/D,II,Dentro,Urbana,S/D,S/D,Intersección,S/D,S/D,S/D,S/D,S/D,S/D,Colisión,S/D,S/D,S/D,S/D,POINT (-60.6464797 -32.944926099999996),"['España', 'Córdoba']",2,España; Córdoba,-32.9449261,-60.6464797,55.0,538.0,Municipio Rosario,Municipio,Rosario,820210,Servicio de Catastro e Información Territorial,IGN
2012,15961,2012-11-12,Lunes,0.0,18:30:00,,0.0,2,"Pickup/Utilitario,Automóvil",J.Colombres Y Av. Brassey,4,1,0,0,3,0,0,,Avenida,,ROSARIO,Rosario,Asfalto,No existe,II,Dentro,Urbana,Ninguna,No existe,Recta,Bueno,Buena,Atardecer,Buen Tiempo,Frontal,S/D,Colisión,S/D,Horizontal,S/D,Sin restricción,POINT (-60.730032400000006 -32.9229721),"['José Colombres', 'Brassey']",2,José Colombres; Brassey,-32.9229721,-60.730032400000006,55.0,538.0,Municipio Rosario,Municipio,Rosario,820210,Servicio de Catastro e Información Territorial,IGN
2012,15966,2012-11-15,Jueves,0.0,02:00:00,,0.0,2,"Moto/Ciclomotor,Automóvil",J.J.Paso Y Av. Circunvalacion,2,1,0,0,1,0,0,,Avenida,,ROSARIO,Rosario,Asfalto,No existe,II,Dentro,Urbana,Ninguna,Funciona,Recta,Bueno,Buena,Nocturna,Buen Tiempo,Frontal,S/D,Colisión,S/D,Vertical,Barrera de hormigón,Sin restricción,POINT (-60.723727529563504 -32.92055900258327),"['Paso', 'Circunvalacion']",2,Avenida Juan José Paso; Avenida de Circunvalación 25 de Mayo,-32.92055900258327,-60.723727529563504,55.0,538.0,Municipio Rosario,Municipio,Rosario,820210,Servicio de Catastro e Información Territorial,IGN
2012,15968,2012-11-15,Jueves,0.0,17:00:00,,0.0,2,"Moto/Ciclomotor,Moto/Ciclomotor",Jose Ingenieros Y Gonzalez del Solar,3,3,0,0,0,0,0,,Calle,,ROSARIO,Rosario,Asfalto,No existe,II,Dentro,Urbana,Ninguna,No existe,Recta,Bueno,Buena,Atardecer,Buen Tiempo,Frontal,S/D,Colisión,S/D,Horizontal,Ninguna,Sin restricción,POINT (-60.73744820000001 -32.9177486),"['José Ingenieros', 'González del Solar']",2,José Ingenieros; González del Solar,-32.9177486,-60.73744820000001,55.0,538.0,Municipio Rosario,Municipio,Rosario,820210,Servicio de Catastro e Información Territorial,IGN
2012,15971,2012-11-27,Martes,0.0,22:00:00,,0.0,2,"Moto/Ciclomotor,Automóvil",Bv. Avellaneda Y Cordoba,3,2,0,0,1,0,0,,Avenida,,ROSARIO,Rosario,Asfalto,S/D,II,Dentro,Urbana,S/D,S/D,Intersección,S/D,S/D,Nocturna,S/D,S/D,S/D,Colisión,S/D,S/D,Cordón divisorio,S/D,POINT (-60.67916835 -32.939088049999995),"['Avellaneda', 'Córdoba']",2,Bulevar Nicolás Avellaneda; Córdoba,-32.939088049999995,-60.67916835,55.0,538.0,Municipio Rosario,Municipio,Rosario,820210,Servicio de Catastro e Información Territorial,IGN