anio_acci,nro_acci,fecha,desc_dia,fecha_aprox,hora_aprox,desc_ruta,km,cant_participantes,desc_participante,calle_avenida_km,total,heridos_leves,heridos_graves,heridos_gravisimos,ilesos,fallecidos,sin_datos,posicion_XY,desc_tipo_via,desc_ruta_ori,desc_loc,desc_dpto,desc_tipo_calzada,desc_tipo_banquina,desc_unidad_regional,desc_lugar_calzada,desc_zona,desc_prioridad,desc_estado_semaforo,desc_lugar_via,desc_estado_via,desc_estado_visibilidad,desc_luminosidad,desc_estado_clima,desc_tipo_colision,desc_tipo_atropello,desc_tipo_hecho,desc_pres_calzada,desc_senializacion,desc_separacion_via,desc_restriccion,forma_geocod,calle_lista,numero_calles,calles_osm,lat,lon,index_right,gid,fna,gna,nam,in1,fdc,sag
2012,15975,2012-11-22,Jueves,0.0,11:00:00,,0.0,2,"Moto/Ciclomotor,Automóvil",9 De Julio Y Cafferata,3,1,0,0,2,0,0,,Calle,,ROSARIO,Rosario,Asfalto,S/D,II,Dentro,Urbana,S/D,S/D,Otro,S/D,S/D,S/D,S/D,S/D,S/D,Colisión,S/D,S/D,S/D,S/D,POINT (-60.672821500000005 -32.9479728),"['9 de Julio', 'Cafferata']",2,9 de Julio; Cafferata,-32.9479728,-60.672821500000005,55.0,538.0,Municipio Rosario,Municipio,Rosario,820210,Servicio de Catastro e Información Territorial,IGN
2012,15976,2012-11-13,Martes,0.0,10:45:00,,0.0,2,"Bicicleta,Automóvil",Mendoza Y Ricchieri,2,1,0,0,1,0,0,,Calle,,ROSARIO,Rosario,Asfalto,S/D,II,Dentro,Urbana,S/D,S/D,Intersección,S/D,S/D,Diurna,S/D,S/D,S/D,Atropello,S/D,S/D,S/D,S/D,POINT (-60.664123800000006 -32.9471363),"['Mendoza', 'Ricchieri']",2,Mendoza; Ricchieri,-32.9471363,-60.664123800000006,55.0,538.0,Municipio Rosario,Municipio,Rosario,820210,Servicio de Catastro e Información Territorial,IGN
2012,15978,2012-11-15,Jueves,0.0,09:00:00,,0.0,2,"Moto/Ciclomotor,Automóvil",E.Zeballos Y Lavalle,3,1,0,0,1,0,1,,Calle,,ROSARIO,Rosario,Asfalto,S/D,II,Dentro,Urbana,S/D,S/D,Intersección,S/D,S/D,Diurna,S/D,S/D,S/D,Colisión,S/D,S/D,S/D,S/D,POINT (-60.6799243 -32.94792209999999),"['Zeballos', 'Lavalle']",2,Zeballos; Lavalle,-32.94792209999999,-60.6799243,55.0,538.0,Municipio Rosario,Municipio,Rosario,820210,Servicio de Catastro e Información Territorial,IGN
2012,15982,2012-11-24,Sabado,0.0,11:20:00,,0.0,2,"Automóvil,Moto/Ciclomotor",3 De Febrero Y Av. Ovidio Lagos,2,1,0,0,1,0,0,,Calle,,ROSARIO,Rosario,Asfalto,S/D,II,S/D,Urbana,S/D,S/D,Intersección,S/D,S/D,Diurna,S/D,S/D,S/D,Colisión,S/D,S/D,S/D,S/D,POINT (-60.6630574 -32.9486394),"['3 de Febrero', 'Avenida Ovidio Lagos']",2,3 de Febrero; Avenida Ovidio Lagos,-32.9486394,-60.6630574,55.0,538.0,Municipio Rosario,Municipio,Rosario,820210,Servicio de Catastro e Información Territorial,IGN
2012,15987,2012-11-25,Domingo,0.0,21:30:00,,0.0,2,"Taxi/Remis,Moto/Ciclomotor",Ricchieri Y San Juan,2,1,0,0,1,0,0,,Calle,,ROSARIO,Rosario,Asfalto,S/D,II,Dentro,Urbana,S/D,S/D,Intersección,S/D,S/D,Nocturna,S/D,S/D,S/D,S/D,S/D,S/D,S/D,S/D,POINT (-60.6637743 -32.9457443),"['Ricchieri', 'San Juan']",2,Ricchieri; San Juan,-32.9457443,-60.6637743,55.0,538.0,Municipio Rosario,Municipio,Rosario,820210,Servicio de Catastro e Información Territorial,IGN
2012,15991,2012-11-19,Lunes,0.0,09:30:00,,0.0,2,"Moto/Ciclomotor,Automóvil",San Luis Y Av. Francia,2,1,0,0,0,0,1,,Avenida,,ROSARIO,Rosario,Asfalto,S/D,II,Dentro,Urbana,S/D,S/D,Intersección,S/D,S/D,Diurna,S/D,S/D,S/D,Colisión,S/D,S/D,S/D,S/D,POINT (-60.66618015 -32.9441667),"['San Luis', 'Avenida Francia']",2,San Luis; Avenida Francia,-32.9441667,-60.66618015,55.0,538.0,Municipio Rosario,Municipio,Rosario,820210,Servicio de Catastro e Información Territorial,IGN
2012,15995,2012-11-20,Martes,0.0,,,0.0,1,Peatón,San Nicolas Y Rioja,2,1,0,0,0,0,1,,Calle,,ROSARIO,Rosario,Asfalto,S/D,II,Dentro,Urbana,S/D,S/D,Intersección,S/D,S/D,S/D,S/D,S/D,S/D,Atropello,S/D,S/D,S/D,S/D,POINT (-60.6726199 -32.94151719999999),"['San Nicolás', 'Rioja']",2,San Nicolás; Rioja,-32.94151719999999,-60.6726199,55.0,538.0,Municipio Rosario,Municipio,Rosario,820210,Servicio de Catastro e Información Territorial,IGN
2012,15997,2012-11-20,Martes,0.0,08:40:00,,0.0,2,"Peatón,Automóvil",Pascual Rosas Y Marcos Paz,2,1,0,0,1,0,0,,Calle,,ROSARIO,Rosario,Asfalto,S/D,II,Dentro,Urbana,S/D,S/D,Intersección,S/D,S/D,Diurna,S/D,S/D,S/D,Atropello,S/D,S/D,S/D,S/D,POINT (-60.687038300000005 -32.9423235),"['Pascual Rosas', 'Marcos Paz']",2,Pascual Rosas; Marcos Paz,-32.9423235,-60.687038300000005,55.0,538.0,Municipio Rosario,Municipio,Rosario,820210,Servicio de Catastro e Información Territorial,IGN
2012,15999,2012-11-19,Lunes,0.0,,,0.0,2,"Moto/Ciclomotor,Automóvil",Mendoza Y Vera Mujica,2,1,0,0,0,0,1,,Calle,,ROSARIO,Rosario,Asfalto,S/D,II,Dentro,Urbana,S/D,S/D,Intersección,S/D,S/D,S/D,S/D,S/D,S/D,Colisión,S/D,S/D,S/D,S/D,POINT (-60.66819559999999 -32.946412599999995),"['Mendoza', 'Vera Mujíca']",2,Mendoza; Vera Mujíca,-32.946412599999995,-60.66819559999999,55.0,538.0,Municipio Rosario,Municipio,Rosario,820210,Servicio de Catastro e Información Territorial,IGN
2012,16000,2012-11-15,Jueves,0.0,13:35:00,,0.0,2,"Taxi/Remis,Moto/Ciclomotor",9 De Julio Y Santiago,2,1,0,0,1,0,0,,Calle,,ROSARIO,Rosario,Asfalto,S/D,II,Dentro,Urbana,S/D,S/D,Intersección,S/D,S/D,Diurna,S/D,S/D,S/D,Colisión,S/D,S/D,S/D,S/D,POINT (-60.6578907 -32.950669299999994),"['9 de Julio', 'Santiago']",2,9 de Julio; Santiago,-32.950669299999994,-60.6578907,55.0,538.0,Municipio Rosario,Municipio,Rosario,820210,Servicio de Catastro e Información Territorial,IGN
2012,16023,2012-11-20,Martes,0.0,22:45:00,,0.0,2,"Automóvil,Pickup/Utilitario",Av. Eva Peron Y Av. Circunvalacion,2,1,0,0,1,0,0,,Avenida,,ROSARIO,Rosario,Asfalto,No existe,II,Dentro,Urbana,Ninguna,No existe,Recta,Bueno,Buena,Atardecer,Buen Tiempo,Frontal,S/D,Colisión,S/D,Horizontal,Barrera de hormigón,Sin restricción,POINT (-60.7231582311677 -32.931126055841574),"['Avenida Eva Perón', 'Circunvalacion']",2,Avenida Eva Perón; Avenida de Circunvalación 25 de Mayo,-32.931126055841574,-60.7231582311677,55.0,538.0,Municipio Rosario,Municipio,Rosario,820210,Servicio de Catastro e Información Territorial,IGN
2012,16025,2012-11-27,Martes,0.0,15:30:00,,0.0,2,"Automóvil,Automóvil",J.J.Paso Y Acevedo Bis,2,1,0,0,1,0,0,,Calle,,ROSARIO,Rosario,Asfalto,No existe,II,Dentro,Urbana,Ninguna,No existe,Recta,Bueno,Buena,Atardecer,Buen Tiempo,Frontal,S/D,Colisión,S/D,Horizontal,Ninguna,Sin restricción,POINT (-60.7490704 -32.92121759999999),"['Paso', 'Acevedo']",2,Avenida Juan José Paso; Manuel Acevedo,-32.92121759999999,-60.7490704,55.0,538.0,Municipio Rosario,Municipio,Rosario,820210,Servicio de Catastro e Información Territorial,IGN
2012,16065,2012-11-03,Sabado,0.0,04:45:00,,0.0,2,"Moto/Ciclomotor,Automóvil",Bv. Avellaneda Y Rueda,2,1,0,0,1,0,0,,Avenida,,ROSARIO,Rosario,Asfalto,S/D,II,S/D,Urbana,Semáforo,Funciona,Intersección,Bueno,Buena,"Nocturna,Con luz artificial",Buen Tiempo,Otro,S/D,Colisión,S/D,S/D,Ninguna,Sin restricción,POINT (-60.6853512 -32.963739950000004),"['Avellaneda', 'Rueda']",2,Bulevar Nicolás Avellaneda; Rueda,-32.963739950000004,-60.6853512,55.0,538.0,Municipio Rosario,Municipio,Rosario,820210,Servicio de Catastro e Información Territorial,IGN
2012,16068,2012-11-07,Miercoles,0.0,12:45:00,,0.0,1,Moto/Ciclomotor,Av. Pte.Peron Y Crespo,3,3,0,0,0,0,0,,Avenida,,ROSARIO,Rosario,Asfalto,S/D,II,S/D,Urbana,Semáforo,Funciona,Intersección,Bueno,Buena,Diurna,Buen Tiempo,Otro,S/D,Otro,S/D,S/D,Ninguna,Sin restricción,POINT (-60.67208864999999 -32.956252649999996),"['Avenida Presidente Perón', 'Crespo']",2,Avenida Presidente Perón; Crespo,-32.95625265,-60.67208864999999,55.0,538.0,Municipio Rosario,Municipio,Rosario,820210,Servicio de Catastro e Información Territorial,IGN
2012,16070,2012-11-07,Miercoles,0.0,19:10:00,,0.0,2,"Automóvil,Moto/Ciclomotor",Cafferata Y Cerrito,2,1,0,0,1,0,0,,Calle,,ROSARIO,Rosario,Asfalto,S/D,II,Dentro,Urbana,Otra Señal,No existe,Intersección,Bueno,Buena,Atardecer,Buen Tiempo,Otro,S/D,Colisión,S/D,S/D,Línea divisoria pintada,Sin restricción,POINT (-60.674848600000004 -32.9560255),"['Cafferata', 'Cerrito']",2,Cafferata; Cerrito,-32.9560255,-60.6748486,55.0,538.0,Municipio Rosario,Municipio,Rosario,820210,Servicio de Catastro e Información Territorial,IGN
2012,16071,2012-11-15,Jueves,0.0,16:00:00,,0.0,2,"Moto/Ciclomotor,Bicicleta",Av. Francia Y Bv. 27 De Febrero,2,1,0,0,1,0,0,,Avenida,,ROSARIO,Rosario,Asfalto,Pavimento,II,Dentro,Urbana,Semáforo,Funciona,Intersección,Bueno,Buena,Diurna,Buen Tiempo,S/D,S/D,Atropello,S/D,Vertical,Cordón divisorio,Sin restricción,POINT (-60.670860125000004 -32.962700725),"['Avenida Francia', '27 de Febrero']",2,Avenida Francia; Bulevar 27 de Febrero,-32.962700725,-60.670860125,55.0,538.0,Municipio Rosario,Municipio,Rosario,820210,Servicio de Catastro e Información Territorial,IGN
2012,16073,2012-11-16,Viernes,0.0,17:00:00,,0.0,2,"Camión,Automóvil",AV PELLEGRINI ,2,1,0,0,1,0,0,,Avenida,,ROSARIO,Rosario,Asfalto,S/D,II,Dentro,Urbana,Semáforo,Funciona,Recta,Bueno,Buena,Diurna,Buen Tiempo,Otro,S/D,Colisión,S/D,Horizontal,S/D,Sin restricción,"-32.9484613, -60.7054148",['Pellegrini'],1,Pellegrini,-32.9484613,-60.7054148,55.0,538.0,Municipio Rosario,Municipio,Rosario,820210,Servicio de Catastro e Información Territorial,IGN
2012,16075,2012-11-17,Sabado,0.0,21:15:00,,0.0,2,"Automóvil,Moto/Ciclomotor",Av. Francia Y Bv. 27 De Febrero,2,1,0,0,1,0,0,,Avenida,,ROSARIO,Rosario,Asfalto,S/D,II,Dentro,Urbana,Semáforo,Funciona,Intersección,Bueno,Buena,"Nocturna,Con luz artificial",Buen Tiempo,Otro,S/D,Colisión,S/D,Vertical,Cordón divisorio,Sin restricción,POINT (-60.670860125000004 -32.962700725),"['Avenida Francia', '27 de Febrero']",2,Avenida Francia; Bulevar 27 de Febrero,-32.962700725,-60.670860125,55.0,538.0,Municipio Rosario,Municipio,Rosario,820210,Servicio de Catastro e Información Territorial,IGN
2012,16077,2012-11-17,Sabado,0.0,12:50:00,,0.0,2,"Automóvil,Automóvil",Ituzaingo Y Cafferata,2,1,0,0,1,0,0,,Calle,,ROSARIO,Rosario,Asfalto,S/D,II,Dentro,Urbana,S/D,No existe,Intersección,Bueno,Buena,Diurna,Buen Tiempo,S/D,S/D,Colisión,S/D,Horizontal,Ninguna,Sin restricción,POINT (-60.6745497 -32.9548518),"['Ituzaingó', 'Cafferata']",2,Ituzaingó; Cafferata,-32.9548518,-60.6745497,55.0,538.0,Municipio Rosario,Municipio,Rosario,820210,Servicio de Catastro e Información Territorial,IGN
2012,16079,2012-11-17,Sabado,0.0,08:30:00,,0.0,2,"Automóvil,Moto/Ciclomotor",Cerrito 4200,2,1,0,0,1,0,0,,Calle,,ROSARIO,Rosario,Asfalto,No existe,II,S/D,Urbana,Otra Señal,No existe,Recta,Bueno,Buena,Diurna,Buen Tiempo,S/D,S/D,Colisión,S/D,Horizontal,S/D,S/D,"-32.9542467, -60.6841824",['Cerrito 4200'],1,Cerrito 4200,-32.9542467,-60.6841824,55.0,538.0,Municipio Rosario,Municipio,Rosario,820210,Servicio de Catastro e Información Territorial,IGN
2012,16109,2012-11-03,Sabado,0.0,18:00:00,,0.0,4,"Automóvil,Automóvil,Automóvil,Pickup/Utilitario",Av. Jorge Newbery Y Av. Circunvalacion,4,1,0,0,3,0,0,,Avenida,,ROSARIO,Rosario,S/D,S/D,II,Dentro,Urbana,S/D,S/D,S/D,S/D,S/D,Diurna,S/D,Múltiple,S/D,Colisión,S/D,S/D,S/D,S/D,POINT (-60.72420769617581 -32.90836527388018),"['Jorge Newbery', 'Circunvalacion']",2,Avenida Jorge Newbery; Avenida de Circunvalación 25 de Mayo,-32.90836527388018,-60.72420769617581,55.0,538.0,Municipio Rosario,Municipio,Rosario,820210,Servicio de Catastro e Información Territorial,IGN
2012,16111,2012-11-11,Domingo,0.0,13:30:00,,0.0,2,"Moto/Ciclomotor,Transporte de Pasajeros Urbano (> 8 asientos)",Tarragona Y Ayala Gauna,3,2,0,0,1,0,0,,Calle,,ROSARIO,Rosario,S/D,S/D,II,Dentro,Urbana,S/D,S/D,Intersección,S/D,S/D,Diurna,S/D,S/D,S/D,Colisión,S/D,S/D,S/D,S/D,POINT (-60.7352862 -32.9125474),"['Tarragona', 'Ayala Gauna']",2,Tarragona; Ayala Gauna,-32.9125474,-60.7352862,55.0,538.0,Municipio Rosario,Municipio,Rosario,820210,Servicio de Catastro e Información Territorial,IGN
2012,16116,2012-10-20,Sabado,0.0,00:05:00,,0.0,2,"Automóvil,Automóvil",Bv. Segui Y Av. Avellaneda B,4,2,0,0,2,0,0,,Avenida,,ROSARIO,Rosario,Asfalto,No existe,II,Dentro,Urbana,Semáforo,Intermitente,Intersección,Bueno,Buena,Nocturna,S/D,Lateral,S/D,Colisión,S/D,Vertical,Cordón divisorio,Sin restricción,POINT (-60.68735266249999 -32.9717476875),"['Bulevar Juan Francisco Seguí', 'Avellaneda']",2,Bulevar Juan Francisco Seguí; Bulevar Nicolás Avellaneda,-32.9717476875,-60.68735266249999,55.0,538.0,Municipio Rosario,Municipio,Rosario,820210,Servicio de Catastro e Información Territorial,IGN
2012,16117,2012-10-20,Sabado,0.0,09:15:00,,0.0,1,Automóvil,Av. Ovidio Lagos 5200,2,2,0,0,0,0,0,,Avenida,,ROSARIO,Rosario,Asfalto,No existe,II,Dentro,Urbana,Ninguna,No funciona,Recta,Resbaladiza,Buena,Diurna,Lluvia,Lateral,S/D,Despiste,Agua,S/D,Cordón divisorio,Sin restricción,"-32.9700442, -60.668095",['Ovidio Lagos 5200'],1,Ovidio Lagos 5200,-32.9700442,-60.668095,55.0,538.0,Municipio Rosario,Municipio,Rosario,820210,Servicio de Catastro e Información Territorial,IGN
2012,16120,2012-10-13,Sabado,0.0,21:00:00,,0.0,2,"Moto/Ciclomotor,Automóvil",Av. Arijon Y Santiago,3,1,0,0,2,0,0,,Avenida,,ROSARIO,Rosario,Asfalto,Pavimento,II,Dentro,Urbana,Ninguna,No existe,Recta,Bueno,Buena,Nocturna,Buen Tiempo,Frontal,S/D,Colisión,S/D,Faltante,Cordón divisorio,Sin restricción,POINT (-60.6676718 -33.0035862),"['Avenida Manuel Arijón', 'Santiago']",2,Avenida Manuel Arijón; Santiago,-33.0035862,-60.6676718,55.0,538.0,Municipio Rosario,Municipio,Rosario,820210,Servicio de Catastro e Información Territorial,IGN
2012,16123,2012-10-13,Sabado,0.0,17:30:00,,0.0,2,"Bicicleta,Automóvil",Av. Battle y Ordoñez Y Italia,2,0,1,0,1,0,0,,Avenida,,ROSARIO,Rosario,Asfalto,S/D,II,Dentro,Urbana,Ninguna,No existe,Recta,Bueno,Buena,Atardecer,Buen Tiempo,Otro,S/D,Atropello,S/D,S/D,Ninguna,S/D,POINT (-60.65883935 -33.00917509999999),"['Avenida Battle y Ordoñez', 'Italia']",2,Avenida Battle y Ordoñez; Italia,-33.00917509999999,-60.65883935,55.0,538.0,Municipio Rosario,Municipio,Rosario,820210,Servicio de Catastro e Información Territorial,IGN
2012,16125,2012-10-17,Miercoles,0.0,20:20:00,,0.0,2,"Automóvil,Peatón",Italia Y Av. Pellegrini,2,1,0,0,1,0,0,,Avenida,,ROSARIO,Rosario,Asfalto,No existe,II,Dentro,Urbana,Semáforo,Funciona,Cruce,Bueno,Buena,Atardecer,S/D,S/D,S/D,Atropello,S/D,Horizontal,Ninguna,Sin restricción,POINT (-60.650600100000005 -32.955561700000004),"['Italia', 'Pellegrini']",2,Italia; Avenida Carlos Pellegrini,-32.955561700000004,-60.650600100000005,55.0,538.0,Municipio Rosario,Municipio,Rosario,820210,Servicio de Catastro e Información Territorial,IGN
2012,16134,2012-11-13,Martes,0.0,00:30:00,,0.0,2,"Taxi/Remis,Moto/Ciclomotor",J.J.Paso Y Colombia,3,2,0,0,1,0,0,,Calle,,ROSARIO,Rosario,Asfalto,No existe,II,Dentro,Urbana,Ninguna,No existe,Intersección,Bueno,Buena,Con luz artificial,Buen Tiempo,Frontal,S/D,Colisión,S/D,Faltante,Ninguna,Sin restricción,POINT (-60.7172427 -32.920386975),"['Paso', 'Colombia']",2,Avenida Juan José Paso; Colombia,-32.920386975,-60.7172427,55.0,538.0,Municipio Rosario,Municipio,Rosario,820210,Servicio de Catastro e Información Territorial,IGN
2012,16135,2012-10-30,Martes,0.0,,,0.0,2,"Moto/Ciclomotor,Transporte de Pasajeros Urbano (> 8 asientos)",Gonzalez del Solar Y J.B.Justo,2,1,0,0,0,0,1,,Calle,,ROSARIO,Rosario,S/D,S/D,II,Dentro,Urbana,S/D,S/D,S/D,S/D,S/D,S/D,S/D,S/D,S/D,S/D,S/D,S/D,S/D,S/D,POINT (-60.736657 -32.9340887),"['González del Solar', 'Justo']",2,"('González del Solar', 'Justo José de Urquiza')",-32.9340887,-60.736657,55.0,538.0,Municipio Rosario,Municipio,Rosario,820210,Servicio de Catastro e Información Territorial,IGN
2012,16138,2012-11-19,Lunes,0.0,10:00:00,,0.0,1,Automóvil,Av. Jorge Newbery Y Bv. Wilde,2,1,0,0,0,0,1,,S/D,,ROSARIO,Rosario,S/D,S/D,II,S/D,S/D,S/D,S/D,Intersección,S/D,S/D,S/D,S/D,S/D,S/D,Colisión,S/D,S/D,S/D,S/D,POINT (-60.73985405 -32.90873845),"['Jorge Newbery', 'Bulevar Wilde']",2,Avenida Jorge Newbery; Bulevar Wilde,-32.90873845,-60.73985405,55.0,538.0,Municipio Rosario,Municipio,Rosario,820210,Servicio de Catastro e Información Territorial,IGN
2012,16145,2012-11-07,Miercoles,0.0,13:40:00,,0.0,2,"Automóvil,Moto/Ciclomotor",PELAYO Y M. CABAL ,2,1,0,0,1,0,0,,Calle,,ROSARIO,Rosario,Asfalto,S/D,II,Dentro,Urbana,Ninguna,No existe,Intersección,Bueno,Buena,Diurna,Buen Tiempo,Lateral,S/D,Colisión,S/D,Faltante,Ninguna,Sin restricción,POINT (-60.7026499 -32.9193593),"['Pelayo', 'Cabal']",2,Pelayo; Caballito Criollo,-32.9193593,-60.7026499,55.0,538.0,Municipio Rosario,Municipio,Rosario,820210,Servicio de Catastro e Información Territorial,IGN
2012,16166,2012-10-17,Miercoles,0.0,12:00:00,,0.0,2,"Automóvil,Automóvil",J.J.Paso Y Barra,2,1,0,0,1,0,0,,Calle,,ROSARIO,Rosario,Asfalto,No existe,II,Dentro,Urbana,Ninguna,No existe,Recta,Bueno,Buena,Diurna,Buen Tiempo,Lateral,S/D,Colisión,S/D,Faltante,Ninguna,Sin restricción,POINT (-60.7077707 -32.9200795),"['Paso', 'Barra']",2,Avenida Juan José Paso; Barraco,-32.9200795,-60.7077707,55.0,538.0,Municipio Rosario,Municipio,Rosario,820210,Servicio de Catastro e Información Territorial,IGN
2012,16172,2012-10-16,Martes,0.0,16:00:00,,0.0,2,"Bicicleta,Moto/Ciclomotor",Tte.Agneta Y French,2,1,0,0,1,0,0,,Calle,,ROSARIO,Rosario,Asfalto,No existe,II,Dentro,Urbana,Ninguna,No existe,Recta,Bueno,Buena,Diurna,Buen Tiempo,De alcance,S/D,Atropello,S/D,Faltante,Ninguna,Sin restricción,POINT (-60.7005591 -32.92144480000001),"['Teniente Agneta', 'French']",2,Teniente Agneta; Domingo French,-32.92144480000001,-60.7005591,55.0,538.0,Municipio Rosario,Municipio,Rosario,820210,Servicio de Catastro e Información Territorial,IGN
2012,16174,2012-11-12,Lunes,0.0,17:10:00,,0.0,2,"Automóvil,Peatón",Suipacha 1000,2,1,0,0,1,0,0,,Calle,,ROSARIO,Rosario,Asfalto,S/D,II,Dentro,Urbana,Ninguna,S/D,Recta,Bueno,S/D,S/D,Otro,S/D,S/D,Atropello,S/D,S/D,S/D,S/D,"-32.9442772, -60.6648665",['Suipacha 1000'],1,Suipacha 1000,-32.9442772,-60.6648665,55.0,538.0,Municipio Rosario,Municipio,Rosario,820210,Servicio de Catastro e Información Territorial,IGN
2012,16175,2012-11-12,Lunes,0.0,16:10:00,,0.0,2,"Vehículo Oficial,Moto/Ciclomotor",Zelaya 1100,3,1,0,0,2,0,0,,Calle,,ROSARIO,Rosario,Asfalto,S/D,II,Dentro,Urbana,Ninguna,S/D,Recta,Bueno,S/D,S/D,Buen Tiempo,S/D,S/D,Colisión,S/D,S/D,Ninguna,S/D,"-32.9044339, -60.6931147",['Zelaya 1100'],1,Zelaya 1100,-32.9044339,-60.6931147,55.0,538.0,Municipio Rosario,Municipio,Rosario,820210,Servicio de Catastro e Información Territorial,IGN
2012,16179,2012-11-11,Domingo,0.0,21:10:00,,0.0,2,"Automóvil,Moto/Ciclomotor",Av. Corrientes 1700,3,2,0,0,1,0,0,,Calle,,ROSARIO,Rosario,Asfalto,S/D,II,Dentro,Urbana,Ninguna,S/D,Recta,Bueno,S/D,S/D,S/D,Lateral,S/D,Otro,S/D,S/D,Ninguna,S/D,"-32.9564075, -60.6450773",['Corrientes 1700'],1,Corrientes 1700,-32.9564075,-60.6450773,55.0,538.0,Municipio Rosario,Municipio,Rosario,820210,Servicio de Catastro e Información Territorial,IGN
2012,16181,2012-11-10,Sabado,0.0,18:30:00,,0.0,2,"Pickup/Utilitario,Moto/Ciclomotor",Miller Y Blas Parera,2,1,0,0,1,0,0,,Calle,,ROSARIO,Rosario,Asfalto,S/D,II,Dentro,Urbana,Ninguna,S/D,Intersección,Otro,S/D,S/D,Otro,S/D,S/D,Colisión,S/D,S/D,Ninguna,S/D,POINT (-60.70580090000001 -32.9031716),"['Miller', 'Blas Parera']",2,Miller; Blas Parera,-32.9031716,-60.70580090000001,55.0,538.0,Municipio Rosario,Municipio,Rosario,820210,Servicio de Catastro e Información Territorial,IGN
2012,16182,2012-11-19,Lunes,0.0,10:00:00,,0.0,2,"Moto/Ciclomotor,Automóvil",Av. Jorge Newbery Y Bv. Wilde,2,1,0,0,0,0,1,,Calle,,ROSARIO,Rosario,S/D,S/D,II,S/D,Urbana,S/D,S/D,Intersección,S/D,S/D,S/D,S/D,S/D,S/D,S/D,S/D,S/D,S/D,S/D,POINT (-60.73985405 -32.90873845),"['Jorge Newbery', 'Bulevar Wilde']",2,Avenida Jorge Newbery; Bulevar Wilde,-32.90873845,-60.73985405,55.0,538.0,Municipio Rosario,Municipio,Rosario,820210,Servicio de Catastro e Información Territorial,IGN
2012,16187,2012-11-24,Sabado,0.0,,,0.0,2,"Automóvil,Automóvil",Av. Jorge Newbery Y Bv. Wilde,2,2,0,0,0,0,0,,Avenida,,ROSARIO,Rosario,S/D,S/D,II,Dentro,Urbana,S/D,S/D,S/D,S/D,S/D,S/D,S/D,S/D,S/D,Colisión,S/D,S/D,S/D,S/D,POINT (-60.73985405 -32.90873845),"['Jorge Newbery', 'Bulevar Wilde']",2,Avenida Jorge Newbery; Bulevar Wilde,-32.90873845,-60.73985405,55.0,538.0,Municipio Rosario,Municipio,Rosario,820210,Servicio de Catastro e Información Territorial,IGN
2012,16190,2012-11-07,Miercoles,0.0,15:30:00,,0.0,2,"Bicicleta,Automóvil",San Martin 1200,2,1,0,0,1,0,0,,Calle,,ROSARIO,Rosario,Asfalto,S/D,II,Dentro,Urbana,S/D,S/D,Recta,S/D,S/D,Diurna,S/D,S/D,S/D,Atropello,S/D,S/D,S/D,S/D,"-32.9516557, -60.6379447",['San Martin 1200'],1,San Martin 1200,-32.9516557,-60.6379447,55.0,538.0,Municipio Rosario,Municipio,Rosario,820210,Servicio de Catastro e Información Territorial,IGN
2012,16191,2012-11-08,Jueves,0.0,11:00:00,,0.0,2,"Peatón,Automóvil",Mitre Y San Luis,2,1,0,0,1,0,0,,Calle,,ROSARIO,Rosario,Asfalto,S/D,II,Dentro,Urbana,S/D,S/D,Intersección,S/D,S/D,Diurna,S/D,S/D,S/D,Atropello,S/D,S/D,S/D,S/D,POINT (-60.64024150000001 -32.9487917),"['Mitre', 'San Luis']",2,Bartolomé Mitre; San Luis,-32.9487917,-60.64024150000001,55.0,538.0,Municipio Rosario,Municipio,Rosario,820210,Servicio de Catastro e Información Territorial,IGN
2012,16192,2012-11-09,Viernes,0.0,08:30:00,,0.0,3,"Automóvil,Automóvil,Automóvil",Bv. Rondeau Y Av. Sorrento,4,1,0,0,3,0,0,,Avenida,,ROSARIO,Rosario,S/D,S/D,II,Dentro,Urbana,S/D,Funciona,Recta,Bueno,Buena,Diurna,Buen Tiempo,S/D,S/D,Colisión,S/D,S/D,Cordón divisorio,S/D,POINT (-60.68858005 -32.90707667499999),"['Rondeau', 'Sorrento']",2,Bulevar General José Rondeau; Avenida Sorrento,-32.90707667499999,-60.68858005,55.0,538.0,Municipio Rosario,Municipio,Rosario,820210,Servicio de Catastro e Información Territorial,IGN
2012,16193,2012-11-08,Jueves,0.0,13:30:00,,0.0,2,"Bicicleta,Automóvil",Mendoza Y Mitre,2,1,0,0,1,0,0,,Calle,,ROSARIO,Rosario,Asfalto,S/D,II,Dentro,Urbana,S/D,S/D,Intersección,Bueno,S/D,Diurna,S/D,S/D,S/D,Atropello,S/D,S/D,S/D,S/D,POINT (-60.640847900000004 -32.95123559999999),"['Mendoza', 'Mitre']",2,Mendoza; Bartolomé Mitre,-32.95123559999999,-60.6408479,55.0,538.0,Municipio Rosario,Municipio,Rosario,820210,Servicio de Catastro e Información Territorial,IGN
2012,16194,2012-11-10,Sabado,0.0,00:30:00,,0.0,2,"Moto/Ciclomotor,Automóvil",Sarmiento Y 9 De Julio,2,1,0,0,1,0,0,,Calle,,ROSARIO,Rosario,Asfalto,S/D,II,Dentro,Urbana,S/D,S/D,Intersección,S/D,S/D,Nocturna,S/D,Lateral,S/D,Colisión,S/D,S/D,S/D,S/D,POINT (-60.6400191 -32.9538711),"['Sarmiento', '9 de Julio']",2,Sarmiento; 9 de Julio,-32.9538711,-60.6400191,55.0,538.0,Municipio Rosario,Municipio,Rosario,820210,Servicio de Catastro e Información Territorial,IGN
2012,16195,2012-11-01,Jueves,0.0,,,0.0,2,"Moto/Ciclomotor,Automóvil",Sarmiento Y E.Zeballos,2,1,0,0,1,0,0,,Calle,,ROSARIO,Rosario,Asfalto,S/D,II,Dentro,Urbana,S/D,S/D,Intersección,Bueno,S/D,S/D,S/D,S/D,S/D,Colisión,S/D,S/D,S/D,S/D,POINT (-60.640305899999994 -32.95503369999999),"['Sarmiento', 'Zeballos']",2,Sarmiento; Zeballos,-32.95503369999999,-60.6403059,55.0,538.0,Municipio Rosario,Municipio,Rosario,820210,Servicio de Catastro e Información Territorial,IGN