anio_acci,nro_acci,fecha,desc_dia,fecha_aprox,hora_aprox,desc_ruta,km,cant_participantes,desc_participante,calle_avenida_km,total,heridos_leves,heridos_graves,heridos_gravisimos,ilesos,fallecidos,sin_datos,posicion_XY,desc_tipo_via,desc_ruta_ori,desc_loc,desc_dpto,desc_tipo_calzada,desc_tipo_banquina,desc_unidad_regional,desc_lugar_calzada,desc_zona,desc_prioridad,desc_estado_semaforo,desc_lugar_via,desc_estado_via,desc_estado_visibilidad,desc_luminosidad,desc_estado_clima,desc_tipo_colision,desc_tipo_atropello,desc_tipo_hecho,desc_pres_calzada,desc_senializacion,desc_separacion_via,desc_restriccion,forma_geocod,calle_lista,numero_calles,calles_osm,lat,lon,index_right,gid,fna,gna,nam,in1,fdc,sag
2012,16322,2012-01-16,Lunes,0.0,19:15:00,,0.0,2,"Bicicleta,Automóvil",Machain Y Pje. Rivera,3,2,0,0,1,0,0,,Calle,,ROSARIO,Rosario,Asfalto,No existe,II,Dentro,Urbana,Ninguna,No existe,Intersección,Bueno,Buena,Atardecer,Buen Tiempo,Lateral,S/D,Atropello,Otro,Faltante,Ninguna,Sin restricción,POINT (-60.7011298 -32.8895196),"['Machain', 'Rivera']",2,Machain; Rivera Indarte,-32.8895196,-60.7011298,55.0,538.0,Municipio Rosario,Municipio,Rosario,820210,Servicio de Catastro e Información Territorial,IGN
2012,16324,2012-11-17,Sabado,0.0,00:05:00,,0.0,2,"Moto/Ciclomotor,Moto/Ciclomotor",Cruz Chica Y Valle Hermoso,3,3,0,0,0,0,0,,Calle,,ROSARIO,Rosario,Asfalto,No existe,II,Dentro,Urbana,Ninguna,No existe,Intersección,Bueno,Buena,Nocturna,Buen Tiempo,Lateral,S/D,Colisión,Otro,Faltante,Ninguna,Sin restricción,POINT (-60.705783700000005 -32.88636439999999),"['Cruz Chica', 'Valle Hermoso']",2,Cruz Chica; Valle Hermoso,-32.88636439999999,-60.705783700000005,55.0,538.0,Municipio Rosario,Municipio,Rosario,820210,Servicio de Catastro e Información Territorial,IGN
2012,16325,2012-11-17,Sabado,0.0,00:10:00,,0.0,2,"Moto/Ciclomotor,Moto/Ciclomotor",Ongamira Y Valle Hermoso,3,0,1,0,1,0,1,,Calle,,ROSARIO,Rosario,Asfalto,No existe,II,Dentro,Urbana,Ninguna,No existe,Intersección,Deteriorada,Buena,Con luz artificial,Buen Tiempo,Frontal,S/D,Colisión,S/D,Faltante,Ninguna,S/D,POINT (-60.70681969999999 -32.8864105),"['Ongamira', 'Valle Hermoso']",2,Ongamira; Valle Hermoso,-32.8864105,-60.70681969999999,55.0,538.0,Municipio Rosario,Municipio,Rosario,820210,Servicio de Catastro e Información Territorial,IGN
2012,16326,2012-11-02,Viernes,0.0,20:45:00,,0.0,2,"Bicicleta,Automóvil",Italia Y Catamarca,3,1,0,0,2,0,0,,Calle,,ROSARIO,Rosario,Asfalto,No existe,II,Dentro,Urbana,Semáforo,No existe,Intersección,Bueno,Buena,Nocturna,Buen Tiempo,Frontal,S/D,Atropello,S/D,Vertical,Ninguna,Sin restricción,POINT (-60.6463986 -32.938878100000004),"['Italia', 'Catamarca']",2,Italia; Catamarca,-32.938878100000004,-60.6463986,55.0,538.0,Municipio Rosario,Municipio,Rosario,820210,Servicio de Catastro e Información Territorial,IGN
2012,16328,2012-10-25,Jueves,0.0,19:45:00,,0.0,2,"Moto/Ciclomotor,Automóvil",Fraga Y Derqui,3,2,0,0,1,0,0,,Calle,,ROSARIO,Rosario,Asfalto,No existe,II,S/D,S/D,Ninguna,No existe,Intersección,Bueno,Buena,Diurna,Buen Tiempo,Otro,S/D,Colisión,S/D,Horizontal,Ninguna,Sin restricción,POINT (-60.710338 -32.937963399999994),"['Fraga', 'Derqui']",2,Rosendo María Fraga; Derqui,-32.937963399999994,-60.710338,55.0,538.0,Municipio Rosario,Municipio,Rosario,820210,Servicio de Catastro e Información Territorial,IGN
2012,16330,2012-11-04,Domingo,0.0,13:00:00,,0.0,2,"Moto/Ciclomotor,Automóvil",San Lorenzo Y Dorrego,2,1,0,0,1,0,0,,Calle,,ROSARIO,Rosario,Asfalto,No existe,II,Dentro,Urbana,Señal Pare,No existe,Intersección,Bueno,Buena,Diurna,Buen Tiempo,Lateral,S/D,Colisión,S/D,Vertical,Ninguna,Sin restricción,POINT (-60.6486306 -32.94215729999999),"['San Lorenzo', 'Dorrego']",2,San Lorenzo; Manuel Dorrego,-32.94215729999999,-60.6486306,55.0,538.0,Municipio Rosario,Municipio,Rosario,820210,Servicio de Catastro e Información Territorial,IGN
2012,16332,2012-11-02,Viernes,0.0,10:00:00,,0.0,2,"Automóvil,Moto/Ciclomotor",San Lorenzo 1700,2,1,0,0,1,0,0,,Calle,,ROSARIO,Rosario,Asfalto,Pavimento,II,Dentro,Urbana,Semáforo,Funciona,Recta,Bueno,Buena,Diurna,Buen Tiempo,De alcance,S/D,Colisión,S/D,Faltante,Línea divisoria pintada,Sin restricción,"-32.9426441, -60.6456408",['San Lorenzo 1700'],1,San Lorenzo 1700,-32.9426441,-60.6456408,55.0,538.0,Municipio Rosario,Municipio,Rosario,820210,Servicio de Catastro e Información Territorial,IGN
2012,16333,2012-11-25,Domingo,0.0,01:20:00,,0.0,2,"Moto/Ciclomotor,Automóvil",Roullon Y Virasoro,2,1,0,0,1,0,0,,Calle,,ROSARIO,Rosario,Asfalto,No existe,II,Dentro,Urbana,Ninguna,No existe,Intersección,Deteriorada,S/D,"Nocturna,Con luz artificial",Otro,Lateral,S/D,Colisión,Otro,Faltante,Ninguna,Sin restricción,POINT (-60.70142030000001 -32.9613253),"['Alfredo Rouillón', 'Virasoro']",2,Alfredo Rouillón; Benjamín Virasoro,-32.9613253,-60.70142030000001,55.0,538.0,Municipio Rosario,Municipio,Rosario,820210,Servicio de Catastro e Información Territorial,IGN
2012,16336,2012-11-06,Martes,0.0,10:00:00,,0.0,2,"Peatón,Automóvil",Santa Fe Y Av. Corrientes,2,1,0,0,0,0,1,,Calle,,ROSARIO,Rosario,Asfalto,No existe,II,Dentro,Urbana,Semáforo,Funciona,Intersección,Bueno,Buena,Diurna,Buen Tiempo,Otro,S/D,Atropello,S/D,Vertical,Ninguna,Sin restricción,POINT (-60.6420191 -32.9443578),"['Santa Fe', 'Corrientes']",2,Santa Fe; Corrientes,-32.9443578,-60.6420191,55.0,538.0,Municipio Rosario,Municipio,Rosario,820210,Servicio de Catastro e Información Territorial,IGN
2012,16339,2012-11-02,Viernes,0.0,16:30:00,,0.0,2,"Automóvil,Camión",Av. Illia Y Italia,3,1,0,0,2,0,0,,Avenida,,ROSARIO,Rosario,Asfalto,No existe,II,Dentro,Urbana,Semáforo,Funciona,Intersección,Bueno,Buena,Diurna,Buen Tiempo,De alcance,S/D,Colisión,S/D,Vertical,Ninguna,Sin restricción,POINT (-60.6452573 -32.9341844),"['Illia', 'Italia']",2,Avenida Arturo Illia; Italia,-32.9341844,-60.6452573,55.0,538.0,Municipio Rosario,Municipio,Rosario,820210,Servicio de Catastro e Información Territorial,IGN
2012,16340,2012-11-13,Martes,0.0,18:50:00,,0.0,2,"Automóvil,Automóvil",San Lorenzo Y Castellanos,3,1,0,0,2,0,0,,Calle,,ROSARIO,Rosario,S/D,S/D,II,Dentro,Urbana,S/D,S/D,S/D,S/D,S/D,S/D,S/D,S/D,S/D,S/D,S/D,S/D,S/D,S/D,POINT (-60.6744722 -32.9375212),"['San Lorenzo', 'Aaron Castellanos']",2,San Lorenzo; Aaron Castellanos,-32.9375212,-60.6744722,55.0,538.0,Municipio Rosario,Municipio,Rosario,820210,Servicio de Catastro e Información Territorial,IGN
2012,16342,2012-11-25,Domingo,0.0,19:10:00,,0.0,2,"Moto/Ciclomotor,Automóvil",Liniers 5500,2,1,0,0,1,0,0,,Calle,,ROSARIO,Rosario,Asfalto,No existe,II,Dentro,Urbana,Ninguna,No existe,Intersección,Deteriorada,S/D,"Atardecer,Con luz artificial",Otro,Lateral,S/D,Colisión,Otro,Faltante,Ninguna,Sin restricción,"-32.9250622, -60.6991249",['Liniers 5500'],1,Liniers 5500,-32.9250622,-60.6991249,55.0,538.0,Municipio Rosario,Municipio,Rosario,820210,Servicio de Catastro e Información Territorial,IGN
2012,16343,2012-10-16,Martes,0.0,07:30:00,,0.0,2,"Moto/Ciclomotor,Automóvil",Gorriti 300,2,1,0,0,1,0,0,,Calle,,ROSARIO,Rosario,Asfalto,S/D,II,Dentro,Urbana,S/D,S/D,Cruce,S/D,S/D,S/D,S/D,S/D,S/D,S/D,S/D,S/D,S/D,S/D,"-32.9230193, -60.6675882",['Gorriti 300'],1,Gorriti 300,-32.9230193,-60.6675882,55.0,538.0,Municipio Rosario,Municipio,Rosario,820210,Servicio de Catastro e Información Territorial,IGN
2012,16344,2012-10-18,Jueves,0.0,15:30:00,,0.0,1,,Casilda 1300,2,1,0,0,1,0,0,,Calle,,ROSARIO,Rosario,S/D,S/D,II,Dentro,Urbana,S/D,S/D,Recta,S/D,S/D,S/D,S/D,S/D,S/D,Atropello,S/D,S/D,S/D,S/D,"-32.9282204, -60.6820063",['Casilda 1300'],1,Casilda 1300,-32.9282204,-60.6820063,55.0,538.0,Municipio Rosario,Municipio,Rosario,820210,Servicio de Catastro e Información Territorial,IGN
2012,16346,2012-11-23,Viernes,0.0,17:15:00,,0.0,2,"Moto/Ciclomotor,Automóvil",Pje. Curupayti Y Solis,2,1,0,0,1,0,0,,Calle,,ROSARIO,Rosario,Asfalto,No existe,II,Dentro,Urbana,Ninguna,No existe,Intersección,Deteriorada,Reducida,Diurna,Otro,Lateral,S/D,Colisión,Otro,Faltante,Ninguna,Sin restricción,POINT (-60.70220810000001 -32.9689308),"['Curupayti', 'Solis']",2,Curupayti; Juan Díaz de Solís,-32.9689308,-60.70220810000001,55.0,538.0,Municipio Rosario,Municipio,Rosario,820210,Servicio de Catastro e Información Territorial,IGN
2012,16347,2012-11-06,Martes,0.0,17:00:00,,0.0,2,"Automóvil,Automóvil",Av. Belgrano Y Buenos Aires,4,2,0,0,2,0,0,,Avenida,,ROSARIO,Rosario,Asfalto,No existe,II,Dentro,Urbana,Semáforo,Funciona,Intersección,Bueno,Buena,Diurna,Buen Tiempo,Lateral,S/D,Colisión,S/D,Vertical,Ninguna,Sin restricción,POINT (-60.63208483333333 -32.94541773333333),"['Belgrano', 'Buenos Aires']",2,Avenida Manuel Belgrano; Buenos Aires,-32.94541773333333,-60.63208483333333,55.0,538.0,Municipio Rosario,Municipio,Rosario,820210,Servicio de Catastro e Información Territorial,IGN
2012,16348,2012-10-18,Jueves,0.0,15:30:00,,0.0,2,"Bicicleta,Transporte de Pasajeros Urbano (> 8 asientos)",Casilda 1300,2,1,0,0,1,0,0,,Calle,,ROSARIO,Rosario,S/D,S/D,II,Dentro,Urbana,S/D,S/D,Recta,S/D,S/D,S/D,S/D,S/D,S/D,Atropello,S/D,S/D,S/D,S/D,"-32.9282204, -60.6820063",['Casilda 1300'],1,Casilda 1300,-32.9282204,-60.6820063,55.0,538.0,Municipio Rosario,Municipio,Rosario,820210,Servicio de Catastro e Información Territorial,IGN
2012,16349,2012-10-21,Domingo,0.0,13:30:00,,0.0,2,"Moto/Ciclomotor,Automóvil",Av. Francia 200,2,1,0,0,1,0,0,,Avenida,,ROSARIO,Rosario,S/D,S/D,II,Dentro,Urbana,S/D,S/D,S/D,S/D,S/D,S/D,S/D,S/D,S/D,S/D,S/D,S/D,S/D,S/D,"-32.9344262, -60.6639338",['Francia 200'],1,Francia 200,-32.9344262,-60.6639338,55.0,538.0,Municipio Rosario,Municipio,Rosario,820210,Servicio de Catastro e Información Territorial,IGN
2012,16351,2012-10-18,Jueves,0.0,08:20:00,,0.0,2,"Automóvil,Moto/Ciclomotor",Junin 500,2,1,0,0,1,0,0,,Calle,,ROSARIO,Rosario,Asfalto,S/D,II,Dentro,Urbana,S/D,S/D,S/D,S/D,S/D,S/D,S/D,S/D,S/D,Colisión,S/D,S/D,S/D,S/D,"-32.9264465, -60.670784",['Junin 500'],1,Junin 500,-32.9264465,-60.670784,55.0,538.0,Municipio Rosario,Municipio,Rosario,820210,Servicio de Catastro e Información Territorial,IGN
2012,16352,2012-11-01,Jueves,0.0,11:50:00,,0.0,2,"Moto/Ciclomotor,Automóvil",Tte.Agneta Y Ocampo,2,1,0,0,1,0,0,,Calle,,ROSARIO,Rosario,Asfalto,No existe,II,S/D,Urbana,Ninguna,No existe,Intersección,Deteriorada,Buena,Diurna,Otro,Lateral,S/D,Colisión,Otro,Faltante,Ninguna,Sin restricción,POINT (-60.69914429999999 -32.957673),"['Teniente Agneta', 'Ocampo']",2,Teniente Agneta; Ocampo,-32.957673,-60.69914429999999,55.0,538.0,Municipio Rosario,Municipio,Rosario,820210,Servicio de Catastro e Información Territorial,IGN
2012,16354,2012-10-18,Jueves,0.0,10:45:00,,0.0,2,"Peatón,Moto/Ciclomotor",Montes Carballo 1500,2,1,0,0,1,0,0,,Calle,,ROSARIO,Rosario,S/D,S/D,II,Dentro,Urbana,S/D,S/D,S/D,S/D,S/D,S/D,S/D,S/D,S/D,Atropello,S/D,S/D,S/D,S/D,"-32.9644251, -60.7322909",['Montes Carballo 1500'],1,Montes Carballo 1500,-32.9644251,-60.7322909,55.0,538.0,Municipio Rosario,Municipio,Rosario,820210,Servicio de Catastro e Información Territorial,IGN
2012,16355,2012-11-09,Viernes,0.0,08:30:00,,0.0,2,"Automóvil,Moto/Ciclomotor",Mitre Y Urquiza,3,2,0,0,1,0,0,,Calle,,ROSARIO,Rosario,Asfalto,No existe,II,Dentro,Urbana,Ninguna,No existe,Intersección,Bueno,Buena,Diurna,Buen Tiempo,Frontal,S/D,Colisión,Agua,Faltante,Ninguna,Sin restricción,POINT (-60.6386903 -32.94275089999999),"['Mitre', 'Urquiza']",2,"('Bartolomé Mitre', 'Justo José de Urquiza')",-32.94275089999999,-60.6386903,55.0,538.0,Municipio Rosario,Municipio,Rosario,820210,Servicio de Catastro e Información Territorial,IGN
2012,16357,2012-11-09,Viernes,0.0,16:00:00,,0.0,2,"Automóvil,Automóvil",Av. Pte.Peron Y Roullon,2,1,0,0,1,0,0,,Avenida,,ROSARIO,Rosario,Asfalto,No existe,II,Dentro,Urbana,Semáforo,Funciona,S/D,Deteriorada,Buena,S/D,Otro,Lateral,S/D,Colisión,Otro,Vertical,Ninguna,Sin restricción,POINT (-60.701373475000004 -32.96289577499999),"['Avenida Presidente Perón', 'Alfredo Rouillón']",2,Avenida Presidente Perón; Alfredo Rouillón,-32.96289577499999,-60.701373475,55.0,538.0,Municipio Rosario,Municipio,Rosario,820210,Servicio de Catastro e Información Territorial,IGN
2012,16359,2012-11-08,Jueves,0.0,16:30:00,,0.0,2,"Moto/Ciclomotor,Transporte de Pasajeros Urbano (> 8 asientos)",Bv. 27 De Febrero Y Camilo Aldao,2,1,0,0,1,0,0,,Avenida,,ROSARIO,Rosario,Asfalto,No existe,II,Dentro,Urbana,Semáforo,No existe,Intersección,Deteriorada,S/D,Diurna,Otro,Lateral,S/D,Colisión,Otro,Faltante,Ninguna,Sin restricción,POINT (-60.6952232 -32.95878234999999),"['27 de Febrero', 'Camilo Aldao']",2,Bulevar 27 de Febrero; Camilo Aldao,-32.95878234999999,-60.6952232,55.0,538.0,Municipio Rosario,Municipio,Rosario,820210,Servicio de Catastro e Información Territorial,IGN
2012,16361,2012-11-17,Sabado,0.0,01:00:00,,0.0,1,,Santa Fe 1645,2,1,0,0,1,0,0,,Calle,,ROSARIO,Rosario,Asfalto,Ripio,II,Fuera,Urbana,Ninguna,No existe,Puente,Bueno,Buena,Nocturna,Buen Tiempo,S/D,S/D,Atropello,S/D,S/D,Cordón divisorio,Sin restricción,"-32.94379613061224, -60.64540351632653",['Santa Fe 1645'],1,Santa Fe 1645,-32.94379613061224,-60.64540351632653,55.0,538.0,Municipio Rosario,Municipio,Rosario,820210,Servicio de Catastro e Información Territorial,IGN
2012,16362,2012-11-17,Sabado,0.0,01:00:00,,0.0,2,"Peatón,Automóvil",Santa Fe 1645,2,1,0,0,1,0,0,,Calle,,ROSARIO,Rosario,Asfalto,Ripio,II,Fuera,Urbana,Ninguna,No existe,Puente,Bueno,Buena,Nocturna,Buen Tiempo,S/D,S/D,Atropello,S/D,S/D,Cordón divisorio,Sin restricción,"-32.94379613061224, -60.64540351632653",['Santa Fe 1645'],1,Santa Fe 1645,-32.94379613061224,-60.64540351632653,55.0,538.0,Municipio Rosario,Municipio,Rosario,820210,Servicio de Catastro e Información Territorial,IGN
2012,16365,2012-11-08,Jueves,0.0,19:30:00,,0.0,2,"Moto/Ciclomotor,Automóvil",Solis Y Galvez,2,1,0,0,1,0,0,,Calle,,ROSARIO,Rosario,Asfalto,No existe,II,Dentro,Urbana,Ninguna,No existe,Intersección,Deteriorada,S/D,S/D,Otro,Lateral,S/D,Colisión,Otro,Faltante,Ninguna,Sin restricción,POINT (-60.7025363 -32.9602417),"['Solis', 'Galvez']",2,Juan Díaz de Solís; José Gálvez,-32.9602417,-60.7025363,55.0,538.0,Municipio Rosario,Municipio,Rosario,820210,Servicio de Catastro e Información Territorial,IGN
2012,16368,2012-11-27,Martes,0.0,15:30:00,,0.0,3,"Automóvil,Pickup/Utilitario,Automóvil",San Juan Y Pje. Solezzi,6,1,0,0,5,0,0,,Calle,,ROSARIO,Rosario,Asfalto,No existe,II,Dentro,Urbana,Ninguna,No existe,Intersección,Bueno,Buena,Diurna,Buen Tiempo,Otro,S/D,Colisión,S/D,Horizontal,Ninguna,Sin restricción,POINT (-60.6978646 -32.9407156),"['San Juan', 'Zolessi']",2,San Juan; Zolessi,-32.9407156,-60.6978646,55.0,538.0,Municipio Rosario,Municipio,Rosario,820210,Servicio de Catastro e Información Territorial,IGN
2012,16371,2012-11-06,Martes,0.0,11:00:00,,0.0,2,"Moto/Ciclomotor,Automóvil",Velez Sarsfield 200,5,1,0,0,4,0,0,,Calle,,ROSARIO,Rosario,Asfalto,S/D,II,Dentro,Urbana,S/D,S/D,Recta,S/D,S/D,Diurna,S/D,S/D,S/D,Colisión,S/D,S/D,S/D,S/D,"-32.9246088, -60.6655993",['Velez Sarsfield 200'],1,Velez Sarsfield 200,-32.9246088,-60.6655993,55.0,538.0,Municipio Rosario,Municipio,Rosario,820210,Servicio de Catastro e Información Territorial,IGN
2012,16373,2012-11-22,Jueves,0.0,14:20:00,,0.0,2,"Moto/Ciclomotor,Automóvil",Mejico Y Santa Fe,2,1,0,0,1,0,0,,Calle,,ROSARIO,Rosario,Asfalto,No existe,II,Dentro,Urbana,Ninguna,No existe,Recta,Bueno,Buena,Diurna,Lluvia,Otro,S/D,Colisión,S/D,Horizontal,Ninguna,Sin restricción,POINT (-60.71864049999999 -32.935872499999995),"['Mejico', 'Santa Fe']",2,Méjico; Santa Fe,-32.935872499999995,-60.71864049999999,55.0,538.0,Municipio Rosario,Municipio,Rosario,820210,Servicio de Catastro e Información Territorial,IGN
2012,16374,2012-11-08,Jueves,0.0,11:25:00,,0.0,2,"Moto/Ciclomotor,Moto/Ciclomotor",Mendoza 4000,3,1,0,0,2,0,0,,Calle,,ROSARIO,Rosario,Asfalto,S/D,II,Dentro,Urbana,S/D,S/D,Intersección,S/D,S/D,S/D,S/D,S/D,S/D,Colisión,S/D,S/D,Cordón divisorio,S/D,"-32.9444369, -60.6788832",['Mendoza 4000'],1,Mendoza 4000,-32.9444369,-60.6788832,55.0,538.0,Municipio Rosario,Municipio,Rosario,820210,Servicio de Catastro e Información Territorial,IGN
2012,16376,2012-11-02,Viernes,0.0,19:30:00,,0.0,2,"Bicicleta,Automóvil",Bv. 27 De Febrero Y Av. Circunvalacion,2,1,0,0,1,0,0,,Avenida,,ROSARIO,Rosario,Asfalto,Pavimento,II,Dentro,Urbana,Semáforo,Funciona,Recta,Bueno,Buena,"Atardecer,Con luz artificial",Buen Tiempo,S/D,S/D,Atropello,S/D,Faltante,Barrera de hormigón,Sin restricción,POINT (-60.671730569613096 -32.965475411263625),"['27 de Febrero', 'Circunvalacion']",2,Bulevar 27 de Febrero; Avenida de Circunvalación 25 de Mayo,-32.965475411263625,-60.671730569613096,55.0,538.0,Municipio Rosario,Municipio,Rosario,820210,Servicio de Catastro e Información Territorial,IGN
2012,16377,2012-11-21,Miercoles,0.0,16:45:00,,0.0,3,"Pickup/Utilitario,Bicicleta,Automóvil",San Lorenzo Y J.Colombres,3,1,0,0,2,0,0,,Calle,,ROSARIO,Rosario,Asfalto,No existe,II,Dentro,Urbana,Ninguna,No existe,Intersección,Bueno,Buena,Diurna,Buen Tiempo,S/D,S/D,Colisión,S/D,Horizontal,Ninguna,Sin restricción,POINT (-60.72955629999999 -32.935004699999986),"['San Lorenzo', 'José Colombres']",2,San Lorenzo; José Colombres,-32.935004699999986,-60.72955629999999,55.0,538.0,Municipio Rosario,Municipio,Rosario,820210,Servicio de Catastro e Información Territorial,IGN
2012,16378,2012-11-07,Miercoles,0.0,18:30:00,,0.0,2,"Automóvil,Automóvil",Velez Sarsfield 1200,2,1,0,0,1,0,0,,Calle,,ROSARIO,Rosario,Asfalto,S/D,II,Dentro,Urbana,S/D,S/D,Intersección,S/D,S/D,Atardecer,S/D,Otro,S/D,Colisión,S/D,S/D,S/D,S/D,"-32.9249482, -60.6806653",['Velez Sarsfield 1200'],1,Velez Sarsfield 1200,-32.9249482,-60.6806653,55.0,538.0,Municipio Rosario,Municipio,Rosario,820210,Servicio de Catastro e Información Territorial,IGN
2012,16379,2012-11-18,Domingo,0.0,01:30:00,,0.0,2,"Automóvil,Bicicleta",Cordoba 5800,2,1,0,0,1,0,0,,Calle,,ROSARIO,Rosario,Asfalto,No existe,II,Dentro,Urbana,Ninguna,Intermitente,Recta,Bueno,Buena,Nocturna,Buen Tiempo,S/D,S/D,Atropello,S/D,Vertical,Ninguna,Sin restricción,"-32.9278875, -60.7405743",['Cordoba 5800'],1,Cordoba 5800,-32.9278875,-60.7405743,55.0,538.0,Municipio Rosario,Municipio,Rosario,820210,Servicio de Catastro e Información Territorial,IGN
2012,16381,2012-10-29,Lunes,0.0,08:00:00,,0.0,2,"Automóvil,Camión",Av. Provincias Unidas Y Av. Pte.Peron,4,2,0,0,2,0,0,,Avenida,,ROSARIO,Rosario,Asfalto,Pavimento,II,S/D,Urbana,Semáforo,Funciona,Intersección,Bueno,Buena,Diurna,Buen Tiempo,Otro,S/D,Colisión,S/D,Faltante,Barrera de hormigón,Sin restricción,POINT (-60.711466349999995 -32.9679676),"['Avenida Provincias Unidas', 'Avenida Presidente Perón']",2,Avenida Provincias Unidas; Avenida Presidente Perón,-32.9679676,-60.71146635,55.0,538.0,Municipio Rosario,Municipio,Rosario,820210,Servicio de Catastro e Información Territorial,IGN
2012,16384,2012-11-01,Jueves,0.0,20:30:00,,0.0,1,Automóvil,Av. Circunvalacion ,2,1,0,0,1,0,0,,Ruta,,ROSARIO,Rosario,Asfalto,Pavimento,II,S/D,Urbana,Otra Señal,No existe,Recta,Bueno,S/D,Diurna,Buen Tiempo,Contra objeto fijo,S/D,Otro,Otro,S/D,Guardarrail,Reparación de Vía,"-32.9954148, -60.6940772",['Circunvalacion'],1,Circunvalacion,-32.9954148,-60.6940772,55.0,538.0,Municipio Rosario,Municipio,Rosario,820210,Servicio de Catastro e Información Territorial,IGN
2012,16385,2012-11-03,Sabado,0.0,14:00:00,,0.0,2,"Automóvil,Moto/Ciclomotor",C.Larralde Y Bertole,2,1,0,0,1,0,0,,Calle,,ROSARIO,Rosario,Asfalto,Pavimento,II,S/D,Urbana,Ninguna,No existe,Intersección,Bueno,Buena,Diurna,Buen Tiempo,Frontal,S/D,Colisión,S/D,Faltante,Ninguna,Sin restricción,POINT (-60.72605120000001 -32.9654251),"['Larralde', 'Bertole']",2,Crisologo Larralde; Bertole,-32.9654251,-60.72605120000001,55.0,538.0,Municipio Rosario,Municipio,Rosario,820210,Servicio de Catastro e Información Territorial,IGN
2012,16386,2012-11-03,Sabado,0.0,,,0.0,2,"Automóvil,Automóvil",Garay Y Fraga,3,1,0,0,2,0,0,,Calle,,ROSARIO,Rosario,Asfalto,Pavimento,II,S/D,Urbana,Ninguna,No existe,Intersección,Bueno,S/D,"Diurna,Con luz artificial",Buen Tiempo,Lateral,S/D,Colisión,S/D,S/D,Cordón divisorio,Sin restricción,POINT (-60.7091919 -32.96624619999999),"['Garay', 'Fraga']",2,Juan de Garay; Rosendo María Fraga,-32.96624619999999,-60.7091919,55.0,538.0,Municipio Rosario,Municipio,Rosario,820210,Servicio de Catastro e Información Territorial,IGN
2012,16387,2012-10-22,Lunes,0.0,17:15:00,,0.0,2,"Moto/Ciclomotor,Automóvil",Derqui Y Peru,3,2,0,0,1,0,0,,Calle,,ROSARIO,Rosario,Asfalto,No existe,II,Dentro,Urbana,Ninguna,No existe,Intersección,Bueno,Buena,Diurna,Buen Tiempo,Otro,S/D,Colisión,S/D,Horizontal,Ninguna,Sin restricción,POINT (-60.711510399999995 -32.9380006),"['Derqui', 'Peru']",2,Derqui; Perú,-32.9380006,-60.7115104,55.0,538.0,Municipio Rosario,Municipio,Rosario,820210,Servicio de Catastro e Información Territorial,IGN
2012,16388,2012-11-25,Domingo,0.0,15:30:00,,0.0,2,"Moto/Ciclomotor,Automóvil",Av. Pellegrini 6100,2,1,0,0,1,0,0,,Avenida,,ROSARIO,Rosario,Asfalto,No existe,II,Dentro,Urbana,Ninguna,Funciona,Recta,Bueno,Buena,Diurna,Buen Tiempo,Otro,S/D,Colisión,S/D,Horizontal,Barrera de hormigón,Sin restricción,"-32.9483043, -60.7051314",['Pellegrini 6100'],1,Pellegrini 6100,-32.9483043,-60.7051314,55.0,538.0,Municipio Rosario,Municipio,Rosario,820210,Servicio de Catastro e Información Territorial,IGN
2012,16390,2012-11-11,Domingo,0.0,23:30:00,,0.0,3,"Automóvil,Automóvil,Automóvil",Montes Carballo 1500,7,5,0,0,2,0,0,,Calle,,ROSARIO,Rosario,S/D,S/D,II,Dentro,Urbana,S/D,S/D,Cruce,S/D,S/D,Nocturna,S/D,Múltiple,S/D,Colisión,S/D,S/D,S/D,S/D,"-32.9644251, -60.7322909",['Montes Carballo 1500'],1,Montes Carballo 1500,-32.9644251,-60.7322909,55.0,538.0,Municipio Rosario,Municipio,Rosario,820210,Servicio de Catastro e Información Territorial,IGN
2012,16392,2012-11-23,Viernes,0.0,19:30:00,,0.0,1,Transporte de Pasajeros Urbano (> 8 asientos),Viamonte Y Liniers,2,1,0,0,1,0,0,,Calle,,ROSARIO,Rosario,Asfalto,No existe,II,Dentro,Urbana,Ninguna,No existe,Rotonda,Bueno,Buena,Diurna,Buen Tiempo,Otro,S/D,Caída ocupante,S/D,Horizontal,Ninguna,Sin restricción,POINT (-60.6979116 -32.956548299999994),"['Viamonte', 'Liniers']",2,Viamonte; Liniers,-32.956548299999994,-60.6979116,55.0,538.0,Municipio Rosario,Municipio,Rosario,820210,Servicio de Catastro e Información Territorial,IGN
2012,16393,2012-11-01,Jueves,0.0,18:00:00,,0.0,2,"Bicicleta,Automóvil",Guatemala Y Montevideo,3,2,0,0,1,0,0,,Calle,,ROSARIO,Rosario,Asfalto,No existe,II,Dentro,Urbana,Ninguna,No existe,Intersección,Bueno,Buena,Nocturna,Buen Tiempo,Otro,S/D,Atropello,S/D,Horizontal,Ninguna,Sin restricción,POINT (-60.71697470000001 -32.947572199999996),"['Guatemala', 'Montevideo']",2,Guatemala; Montevideo,-32.9475722,-60.71697470000001,55.0,538.0,Municipio Rosario,Municipio,Rosario,820210,Servicio de Catastro e Información Territorial,IGN