anio_acci,nro_acci,fecha,desc_dia,fecha_aprox,hora_aprox,desc_ruta,km,cant_participantes,desc_participante,calle_avenida_km,total,heridos_leves,heridos_graves,heridos_gravisimos,ilesos,fallecidos,sin_datos,posicion_XY,desc_tipo_via,desc_ruta_ori,desc_loc,desc_dpto,desc_tipo_calzada,desc_tipo_banquina,desc_unidad_regional,desc_lugar_calzada,desc_zona,desc_prioridad,desc_estado_semaforo,desc_lugar_via,desc_estado_via,desc_estado_visibilidad,desc_luminosidad,desc_estado_clima,desc_tipo_colision,desc_tipo_atropello,desc_tipo_hecho,desc_pres_calzada,desc_senializacion,desc_separacion_via,desc_restriccion,forma_geocod,calle_lista,numero_calles,calles_osm,lat,lon,index_right,gid,fna,gna,nam,in1,fdc,sag
2012,16478,2012-11-04,Domingo,0.0,11:30:00,,0.0,2,"Automóvil,Automóvil",Bv. Oroño Y Virasoro,2,2,0,0,0,0,0,,Avenida,,ROSARIO,Rosario,Asfalto,No existe,II,Dentro,Urbana,Semáforo,Funciona,Recta,Bueno,Buena,Diurna,Buen Tiempo,Lateral,S/D,Colisión,S/D,Horizontal,Ninguna,Sin restricción,POINT (-60.65921435 -32.967215949999996),"['Bulevar Nicasio Oroño', 'Virasoro']",2,Bulevar Nicasio Oroño; Benjamín Virasoro,-32.96721595,-60.65921435,55.0,538.0,Municipio Rosario,Municipio,Rosario,820210,Servicio de Catastro e Información Territorial,IGN
2012,16480,2012-11-09,Viernes,0.0,11:30:00,,0.0,2,"Pickup/Utilitario,Automóvil",Ferreyra Y Del Valle Iberlucea,3,1,0,0,2,0,0,,Calle,,ROSARIO,Rosario,Asfalto,S/D,II,Dentro,Urbana,Ninguna,S/D,Recta,Bueno,S/D,S/D,Buen Tiempo,Frontal,S/D,Colisión,S/D,Faltante,Ninguna,Sin restricción,POINT (-60.6802629 -32.91865820000001),"['Ferreyra', 'Del Valle Iberlucea']",2,Ferreyra; Del Valle Iberlucea,-32.91865820000001,-60.6802629,55.0,538.0,Municipio Rosario,Municipio,Rosario,820210,Servicio de Catastro e Información Territorial,IGN
2012,16482,2012-11-07,Miercoles,0.0,10:00:00,,0.0,2,"Bicicleta,Automóvil",Cochabamba Y Pte.Roca,2,1,0,0,0,0,1,,Calle,,ROSARIO,Rosario,Asfalto,No existe,II,Dentro,Urbana,Ninguna,No existe,Intersección,Bueno,Buena,Diurna,Buen Tiempo,Lateral,S/D,Atropello,S/D,Faltante,Ninguna,Sin restricción,POINT (-60.6481136 -32.957187099999985),"['Cochabamba', 'Roca']",2,Cochabamba; Presidente Roca,-32.957187099999985,-60.6481136,55.0,538.0,Municipio Rosario,Municipio,Rosario,820210,Servicio de Catastro e Información Territorial,IGN
2012,16483,2012-11-11,Domingo,0.0,17:30:00,,0.0,3,"Vehículo Oficial,Peatón,Transporte de Pasajeros Urbano (> 8 asientos)",Entre Rios Y 3 De Febrero,3,2,0,0,1,0,0,,Calle,,ROSARIO,Rosario,Asfalto,S/D,II,Dentro,Urbana,S/D,S/D,Intersección,S/D,S/D,Diurna,S/D,S/D,S/D,Atropello,S/D,S/D,S/D,S/D,POINT (-60.6425086 -32.952261299999996),"['Entre Ríos', '3 de Febrero']",2,Entre Ríos; 3 de Febrero,-32.9522613,-60.6425086,55.0,538.0,Municipio Rosario,Municipio,Rosario,820210,Servicio de Catastro e Información Territorial,IGN
2012,16486,2012-11-25,Domingo,0.0,14:00:00,,0.0,2,"Moto/Ciclomotor,Automóvil",Laprida Y Bv. Segui,3,2,0,0,1,0,0,,Calle,,ROSARIO,Rosario,Asfalto,No existe,II,Dentro,Urbana,Marca Vial,No existe,Intersección,Bueno,Buena,Diurna,Buen Tiempo,Lateral,S/D,Colisión,S/D,Vertical,Línea divisoria pintada,Sin restricción,POINT (-60.64243230000001 -32.97979135),"['Laprida', 'Bulevar Juan Francisco Seguí']",2,Francisco Narciso Laprida; Bulevar Juan Francisco Seguí,-32.97979135,-60.64243230000001,55.0,538.0,Municipio Rosario,Municipio,Rosario,820210,Servicio de Catastro e Información Territorial,IGN
2012,16487,2012-11-24,Sabado,0.0,09:15:00,,0.0,2,"Automóvil,Automóvil",Gaboto Y J.M.de Rosas,3,2,0,0,1,0,0,,Calle,,ROSARIO,Rosario,Asfalto,No existe,II,Dentro,Urbana,Marca Vial,No existe,Intersección,Bueno,Buena,Diurna,Buen Tiempo,Lateral,S/D,Colisión,S/D,Vertical,Línea divisoria pintada,Sin restricción,POINT (-60.6380379 -32.9745911),"['Gaboto', 'De Rosas']",2,Gaboto; Juan Manuel de Rosas,-32.9745911,-60.6380379,55.0,538.0,Municipio Rosario,Municipio,Rosario,820210,Servicio de Catastro e Información Territorial,IGN
2012,16488,2012-11-23,Viernes,0.0,23:10:00,,0.0,2,"Moto/Ciclomotor,Moto/Ciclomotor",Colon Y Dean Funes,3,3,0,0,0,0,0,,Calle,,ROSARIO,Rosario,Asfalto,No existe,II,Dentro,Urbana,Señal Pare,No existe,Intersección,Bueno,Buena,"Nocturna,Con luz artificial",Buen Tiempo,Lateral,S/D,Colisión,S/D,Vertical,Línea divisoria pintada,Sin restricción,POINT (-60.6328745 -32.9779145),"['Colon', 'Deán Gregorio Funes']",2,Cristóbal Colón; Deán Gregorio Funes,-32.9779145,-60.6328745,55.0,538.0,Municipio Rosario,Municipio,Rosario,820210,Servicio de Catastro e Información Territorial,IGN
2012,16489,2012-11-22,Jueves,0.0,16:15:00,,0.0,2,"Moto/Ciclomotor,Automóvil",L.N.Alem Y Bv. Segui,3,2,0,0,1,0,0,,Calle,,ROSARIO,Rosario,Asfalto,No existe,II,Dentro,Urbana,Marca Vial,No existe,Intersección,Bueno,Buena,Diurna,Buen Tiempo,Lateral,S/D,Colisión,S/D,Vertical,Vegetación,Sin restricción,POINT (-60.63650380000001 -32.980857400000005),"['Alem', 'Bulevar Juan Francisco Seguí']",2,Leandro N. Alem; Bulevar Juan Francisco Seguí,-32.980857400000005,-60.63650380000001,55.0,538.0,Municipio Rosario,Municipio,Rosario,820210,Servicio de Catastro e Información Territorial,IGN
2012,16490,2012-11-17,Sabado,0.0,22:40:00,,0.0,2,"Peatón,Transporte de Pasajeros Urbano (> 8 asientos)",Chacabuco Y Dean Funes,2,0,0,1,1,0,0,,Calle,,ROSARIO,Rosario,Asfalto,No existe,II,Dentro,Urbana,Marca Vial,No existe,Intersección,Bueno,Buena,"Nocturna,Con luz artificial",Buen Tiempo,Lateral,S/D,Atropello,S/D,Vertical,Línea divisoria pintada,Sin restricción,POINT (-60.6301335 -32.978413499999995),"['Chacabuco', 'Deán Gregorio Funes']",2,Chacabuco; Deán Gregorio Funes,-32.978413499999995,-60.6301335,55.0,538.0,Municipio Rosario,Municipio,Rosario,820210,Servicio de Catastro e Información Territorial,IGN
2012,16491,2012-11-17,Sabado,0.0,09:00:00,,0.0,2,"Moto/Ciclomotor,Automóvil",Av. Circunvalacion Y Ayolas,2,1,0,0,1,0,0,,Avenida,,ROSARIO,Rosario,Asfalto,No existe,II,Dentro,Urbana,Marca Vial,No existe,Intersección,Bueno,Buena,Diurna,Buen Tiempo,Lateral,S/D,Colisión,S/D,Vertical,Línea divisoria pintada,Sin restricción,POINT (-60.624988288707996 -32.98051623752373),"['Circunvalacion', 'Ayolas']",2,Avenida de Circunvalación 25 de Mayo; Ayolas,-32.98051623752373,-60.624988288708,55.0,538.0,Municipio Rosario,Municipio,Rosario,820210,Servicio de Catastro e Información Territorial,IGN
2012,16492,2012-11-16,Viernes,0.0,18:05:00,,0.0,2,"Moto/Ciclomotor,Automóvil",Ayolas Y Av. Circunvalacion,2,1,0,0,1,0,0,,Calle,,ROSARIO,Rosario,Asfalto,No existe,II,Dentro,Urbana,Marca Vial,No existe,Intersección,Bueno,Buena,Atardecer,Buen Tiempo,Lateral,S/D,Colisión,S/D,Vertical,Línea divisoria pintada,Sin restricción,POINT (-60.624988288707996 -32.98051623752373),"['Ayolas', 'Circunvalacion']",2,Ayolas; Avenida de Circunvalación 25 de Mayo,-32.98051623752373,-60.624988288708,55.0,538.0,Municipio Rosario,Municipio,Rosario,820210,Servicio de Catastro e Información Territorial,IGN
2012,16493,2012-11-11,Domingo,0.0,21:00:00,,0.0,1,,San Luis Y Balcarce,2,1,0,0,0,0,1,,Calle,,ROSARIO,Rosario,Asfalto,S/D,II,Dentro,Urbana,S/D,S/D,Intersección,S/D,S/D,Nocturna,S/D,Otro,S/D,Colisión,S/D,S/D,S/D,S/D,POINT (-60.652571800000004 -32.9465716),"['San Luis', 'Balcarce']",2,San Luis; Balcarce,-32.9465716,-60.6525718,55.0,538.0,Municipio Rosario,Municipio,Rosario,820210,Servicio de Catastro e Información Territorial,IGN
2012,16494,2012-11-11,Domingo,0.0,21:00:00,,0.0,2,"Moto/Ciclomotor,Automóvil",San Luis Y Balcarce,2,1,0,0,0,0,1,,Calle,,ROSARIO,Rosario,Asfalto,S/D,II,Dentro,Urbana,S/D,S/D,Intersección,S/D,S/D,Nocturna,S/D,Otro,S/D,Colisión,S/D,S/D,S/D,S/D,POINT (-60.652571800000004 -32.9465716),"['San Luis', 'Balcarce']",2,San Luis; Balcarce,-32.9465716,-60.6525718,55.0,538.0,Municipio Rosario,Municipio,Rosario,820210,Servicio de Catastro e Información Territorial,IGN
2012,16495,2012-11-10,Sabado,0.0,,,0.0,2,"Taxi/Remis,Automóvil",Montevideo Y Mitre,2,1,0,0,1,0,0,,Calle,,ROSARIO,Rosario,Asfalto,S/D,II,Dentro,Urbana,S/D,S/D,Intersección,S/D,S/D,S/D,S/D,Otro,S/D,Colisión,S/D,S/D,S/D,S/D,POINT (-60.6420026 -32.95589439999999),"['Montevideo', 'Mitre']",2,Montevideo; Bartolomé Mitre,-32.95589439999999,-60.6420026,55.0,538.0,Municipio Rosario,Municipio,Rosario,820210,Servicio de Catastro e Información Territorial,IGN
2012,16496,2012-11-05,Lunes,0.0,15:20:00,,0.0,1,,Bv. Oroño Y Av. Pellegrini,2,1,0,0,0,0,1,,Avenida,,ROSARIO,Rosario,Asfalto,No existe,II,Dentro,Urbana,Semáforo,Funciona,Rotonda,Bueno,Buena,Diurna,Buen Tiempo,De alcance,S/D,Colisión,S/D,Horizontal,Ninguna,Sin restricción,POINT (-60.656023850000004 -32.95457175),"['Bulevar Nicasio Oroño', 'Pellegrini']",2,Bulevar Nicasio Oroño; Avenida Carlos Pellegrini,-32.95457175,-60.65602385,55.0,538.0,Municipio Rosario,Municipio,Rosario,820210,Servicio de Catastro e Información Territorial,IGN
2012,16497,2012-11-05,Lunes,0.0,15:20:00,,0.0,2,"Taxi/Remis,Automóvil",Bv. Oroño Y Av. Pellegrini,2,1,0,0,0,0,1,,Avenida,,ROSARIO,Rosario,Asfalto,No existe,II,Dentro,Urbana,Semáforo,Funciona,Rotonda,Bueno,Buena,Diurna,Buen Tiempo,De alcance,S/D,Colisión,S/D,Horizontal,Ninguna,Sin restricción,POINT (-60.656023850000004 -32.95457175),"['Bulevar Nicasio Oroño', 'Pellegrini']",2,Bulevar Nicasio Oroño; Avenida Carlos Pellegrini,-32.95457175,-60.65602385,55.0,538.0,Municipio Rosario,Municipio,Rosario,820210,Servicio de Catastro e Información Territorial,IGN
2012,16498,2012-11-05,Lunes,0.0,21:00:00,,0.0,2,"Automóvil,Automóvil",Bv. Oroño Y 3 De Febrero,2,2,0,0,0,0,0,,Avenida,,ROSARIO,Rosario,Asfalto,S/D,II,Dentro,Urbana,S/D,S/D,Intersección,S/D,S/D,Nocturna,S/D,Otro,S/D,Colisión,S/D,S/D,S/D,S/D,POINT (-60.654906749999995 -32.950095049999995),"['Bulevar Nicasio Oroño', '3 de Febrero']",2,Bulevar Nicasio Oroño; 3 de Febrero,-32.950095049999995,-60.65490675,55.0,538.0,Municipio Rosario,Municipio,Rosario,820210,Servicio de Catastro e Información Territorial,IGN
2012,16500,2012-11-03,Sabado,0.0,13:50:00,,0.0,2,"Moto/Ciclomotor,Automóvil",Av. Pellegrini ,2,1,0,0,0,0,1,,Avenida,,ROSARIO,Rosario,Asfalto,S/D,II,Dentro,Urbana,S/D,S/D,Recta,S/D,S/D,Diurna,S/D,Otro,S/D,Colisión,S/D,S/D,S/D,S/D,"-32.9484613, -60.7054148",['Pellegrini'],1,Pellegrini,-32.9484613,-60.7054148,55.0,538.0,Municipio Rosario,Municipio,Rosario,820210,Servicio de Catastro e Información Territorial,IGN
2012,16502,2012-11-03,Sabado,0.0,14:30:00,,0.0,2,"Automóvil,Automóvil",3 De Febrero Y Bv. Oroño,2,1,0,0,1,0,0,,Avenida,,ROSARIO,Rosario,S/D,S/D,II,Dentro,Urbana,S/D,S/D,Intersección,S/D,S/D,Diurna,S/D,Otro,S/D,Colisión,S/D,S/D,S/D,Sin restricción,POINT (-60.654906749999995 -32.950095049999995),"['3 de Febrero', 'Bulevar Nicasio Oroño']",2,3 de Febrero; Bulevar Nicasio Oroño,-32.950095049999995,-60.65490675,55.0,538.0,Municipio Rosario,Municipio,Rosario,820210,Servicio de Catastro e Información Territorial,IGN
2012,16503,2012-11-03,Sabado,0.0,13:00:00,,0.0,2,"Bicicleta,Automóvil",Mitre Y Montevideo,2,1,0,0,1,0,0,,Calle,,ROSARIO,Rosario,Asfalto,S/D,II,Dentro,Urbana,S/D,S/D,Intersección,S/D,S/D,Diurna,S/D,S/D,S/D,Atropello,S/D,S/D,S/D,S/D,POINT (-60.6420026 -32.95589439999999),"['Mitre', 'Montevideo']",2,Bartolomé Mitre; Montevideo,-32.95589439999999,-60.6420026,55.0,538.0,Municipio Rosario,Municipio,Rosario,820210,Servicio de Catastro e Información Territorial,IGN
2012,16504,2012-11-01,Jueves,0.0,18:30:00,,0.0,2,"Automóvil,Automóvil",Dorrego 1800,3,2,0,0,1,0,0,,Calle,,ROSARIO,Rosario,Asfalto,No existe,II,Dentro,Urbana,Ninguna,No existe,Recta,Bueno,Buena,Diurna,Buen Tiempo,Lateral,S/D,Colisión,S/D,Faltante,Ninguna,Sin restricción,"-32.956321, -60.6522347",['Dorrego 1800'],1,Dorrego 1800,-32.956321,-60.6522347,55.0,538.0,Municipio Rosario,Municipio,Rosario,820210,Servicio de Catastro e Información Territorial,IGN
2012,16508,2012-11-02,Viernes,0.0,15:00:00,,0.0,2,"Automóvil,Moto/Ciclomotor",Av. Ovidio Lagos Y Galvez,3,2,0,0,1,0,0,,Avenida,,ROSARIO,Rosario,Asfalto,No existe,II,Dentro,Urbana,Semáforo,Funciona,Intersección,Bueno,Buena,Diurna,Buen Tiempo,Lateral,S/D,Colisión,S/D,Horizontal,Ninguna,Sin restricción,POINT (-60.666903 -32.96464895),"['Avenida Ovidio Lagos', 'Galvez']",2,Avenida Ovidio Lagos; José Gálvez,-32.96464895,-60.666903,55.0,538.0,Municipio Rosario,Municipio,Rosario,820210,Servicio de Catastro e Información Territorial,IGN
2012,16509,2012-09-16,Domingo,0.0,11:30:00,,0.0,2,"Automóvil,Automóvil",Chiclana Y Zelaya,3,1,0,0,2,0,0,,Calle,,ROSARIO,Rosario,Asfalto,S/D,II,Dentro,Urbana,S/D,No existe,Intersección,Bueno,S/D,Diurna,S/D,S/D,S/D,S/D,S/D,S/D,S/D,S/D,POINT (-60.69355649999999 -32.90328699999999),"['Chiclana', 'Zelaya']",2,Chiclana; Zelaya,-32.90328699999999,-60.69355649999999,55.0,538.0,Municipio Rosario,Municipio,Rosario,820210,Servicio de Catastro e Información Territorial,IGN
2012,16512,2012-11-03,Sabado,0.0,12:10:00,,0.0,2,"Bicicleta,Taxi/Remis",Av. Pellegrini Y Sarmiento,2,1,0,0,1,0,0,,Avenida,,ROSARIO,Rosario,Asfalto,S/D,II,Dentro,Urbana,S/D,S/D,Intersección,S/D,S/D,Diurna,S/D,S/D,S/D,Atropello,S/D,S/D,S/D,S/D,POINT (-60.6408663 -32.95730775),"['Pellegrini', 'Sarmiento']",2,Avenida Carlos Pellegrini; Sarmiento,-32.95730775,-60.6408663,55.0,538.0,Municipio Rosario,Municipio,Rosario,820210,Servicio de Catastro e Información Territorial,IGN
2012,16513,2012-11-02,Viernes,0.0,06:50:00,,0.0,2,"Bicicleta,Automóvil",Mitre Y La Paz,2,1,0,0,0,0,1,,Calle,,ROSARIO,Rosario,Asfalto,No existe,II,Dentro,Urbana,Ninguna,No existe,Intersección,Bueno,Reducida,Amanecer,Buen Tiempo,Lateral,S/D,Atropello,S/D,Faltante,Ninguna,Sin restricción,POINT (-60.6440084 -32.9639253),"['Mitre', 'La Paz']",2,Bartolomé Mitre; La Paz,-32.9639253,-60.6440084,55.0,538.0,Municipio Rosario,Municipio,Rosario,820210,Servicio de Catastro e Información Territorial,IGN
2012,16514,2012-11-06,Martes,0.0,13:40:00,,0.0,2,"Automóvil,Moto/Ciclomotor",Pasco Y Sarmiento,2,1,0,0,1,0,0,,Calle,,ROSARIO,Rosario,Asfalto,No existe,II,Dentro,Urbana,Ninguna,No existe,Intersección,Bueno,Buena,Diurna,Buen Tiempo,De alcance,S/D,Colisión,S/D,Faltante,Ninguna,Sin restricción,POINT (-60.6414543 -32.95957909999999),"['Pasco', 'Sarmiento']",2,Pasco; Sarmiento,-32.95957909999999,-60.6414543,55.0,538.0,Municipio Rosario,Municipio,Rosario,820210,Servicio de Catastro e Información Territorial,IGN
2012,16515,2012-11-01,Jueves,0.0,10:00:00,,0.0,2,"Moto/Ciclomotor,Automóvil",Av. Uriburu Y Laprida,2,1,0,0,1,0,0,,Avenida,,ROSARIO,Rosario,Asfalto,Pavimento,II,Dentro,Urbana,Ninguna,No existe,Recta,Bueno,Buena,Diurna,Buen Tiempo,Lateral,S/D,Colisión,S/D,Faltante,Cordón divisorio,Sin restricción,POINT (-60.645184500000006 -32.990651),"['Uriburu', 'Laprida']",2,Avenida José Uriburu; Francisco Narciso Laprida,-32.990651,-60.645184500000006,55.0,538.0,Municipio Rosario,Municipio,Rosario,820210,Servicio de Catastro e Información Territorial,IGN
2012,16518,2012-11-02,Viernes,0.0,14:15:00,,0.0,2,"Moto/Ciclomotor,Transporte de Pasajeros Urbano (> 8 asientos)",Ayacucho Y J.M.Gutierrez,4,1,0,0,1,0,2,,Calle,,ROSARIO,Rosario,Asfalto,No existe,II,Dentro,Urbana,Ninguna,No existe,Recta,Bueno,Buena,Diurna,Buen Tiempo,S/D,S/D,S/D,S/D,Faltante,Cordón divisorio,Sin restricción,POINT (-60.6367712 -32.99364169999999),"['Ayacucho', 'Gutierrez']",2,Ayacucho; Ricardo Gutierrez,-32.99364169999999,-60.6367712,55.0,538.0,Municipio Rosario,Municipio,Rosario,820210,Servicio de Catastro e Información Territorial,IGN
2012,16520,2012-11-06,Martes,0.0,21:00:00,,0.0,2,"Bicicleta,Automóvil",Av. Pellegrini Y Pte.Roca,2,1,0,0,1,0,0,,Calle,,ROSARIO,Rosario,Asfalto,No existe,II,Dentro,Urbana,Semáforo,Funciona,Intersección,Bueno,Reducida,Nocturna,Buen Tiempo,S/D,S/D,Atropello,S/D,Horizontal,Ninguna,Sin restricción,POINT (-60.6478283 -32.95605889999999),"['Pellegrini', 'Roca']",2,Avenida Carlos Pellegrini; Presidente Roca,-32.95605889999999,-60.6478283,55.0,538.0,Municipio Rosario,Municipio,Rosario,820210,Servicio de Catastro e Información Territorial,IGN
2012,16521,2012-11-10,Sabado,0.0,18:45:00,,0.0,2,"Moto/Ciclomotor,Otros",MARCO POLO Y SALVA,2,1,0,0,1,0,0,,Calle,,ROSARIO,Rosario,Asfalto,Pavimento,II,Dentro,Urbana,Ninguna,No existe,Recta,Bueno,Buena,Diurna,Buen Tiempo,Lateral,S/D,Colisión,S/D,Faltante,Cordón divisorio,Sin restricción,POINT (-60.639853300000006 -33.0107079),"['Marco Polo', 'Salva']",2,Marco Polo; Salvat,-33.0107079,-60.639853300000006,55.0,538.0,Municipio Rosario,Municipio,Rosario,820210,Servicio de Catastro e Información Territorial,IGN
2012,16522,2012-11-06,Martes,0.0,21:00:00,,0.0,2,"Bicicleta,Automóvil",La Paz Y San Martin,2,1,0,0,0,0,1,,Calle,,ROSARIO,Rosario,Asfalto,No existe,II,Dentro,Urbana,Ninguna,No existe,Intersección,Bueno,Reducida,Nocturna,Buen Tiempo,S/D,S/D,Atropello,S/D,Faltante,Ninguna,Sin restricción,POINT (-60.64116099999999 -32.964431299999994),"['La Paz', 'San Martin']",2,La Paz; José de San Martín,-32.964431299999994,-60.64116099999999,55.0,538.0,Municipio Rosario,Municipio,Rosario,820210,Servicio de Catastro e Información Territorial,IGN
2012,16523,2012-11-04,Domingo,0.0,11:30:00,,0.0,2,"Automóvil,Automóvil",Bv. Oroño Y Virasoro,2,1,0,0,0,0,1,,Avenida,,ROSARIO,Rosario,Asfalto,No existe,II,S/D,Urbana,Semáforo,Funciona,Recta,Bueno,Buena,Diurna,S/D,S/D,S/D,Colisión,S/D,Horizontal,Ninguna,Sin restricción,POINT (-60.65921435 -32.967215949999996),"['Bulevar Nicasio Oroño', 'Virasoro']",2,Bulevar Nicasio Oroño; Benjamín Virasoro,-32.96721595,-60.65921435,55.0,538.0,Municipio Rosario,Municipio,Rosario,820210,Servicio de Catastro e Información Territorial,IGN
2012,16525,2012-11-16,Viernes,0.0,12:40:00,,0.0,2,"Moto/Ciclomotor,Automóvil",Av. Castro Barros Y Reg.11 de Infanteria,4,2,0,0,2,0,0,,Avenida,,ROSARIO,Rosario,Asfalto,No existe,II,Dentro,Urbana,Ninguna,No existe,Intersección,Bueno,Buena,Diurna,S/D,Lateral,S/D,Colisión,S/D,S/D,Ninguna,Sin restricción,POINT (-60.629608499999996 -32.99822009999998),"['Castro Barros', 'Regimiento 11']",2,Avenida Pedro de Castro Barros; Regimiento 11,-32.99822009999998,-60.6296085,55.0,538.0,Municipio Rosario,Municipio,Rosario,820210,Servicio de Catastro e Información Territorial,IGN
2012,16527,2012-11-05,Lunes,0.0,18:00:00,,0.0,2,"Moto/Ciclomotor,Automóvil",Bv. 27 De Febrero Y España,2,2,0,0,0,0,0,,Avenida,,ROSARIO,Rosario,Asfalto,No existe,II,S/D,Urbana,Semáforo,Funciona,Recta,Bueno,Buena,Atardecer,S/D,Lateral,S/D,Colisión,S/D,Horizontal,Ninguna,Sin restricción,POINT (-60.6518035 -32.966108549999994),"['27 de Febrero', 'España']",2,Bulevar 27 de Febrero; España,-32.966108549999994,-60.6518035,55.0,538.0,Municipio Rosario,Municipio,Rosario,820210,Servicio de Catastro e Información Territorial,IGN
2012,16528,2012-11-17,Sabado,0.0,12:40:00,,0.0,1,Moto/Ciclomotor,Sanchez de Bustamante Y Ayacucho,2,1,0,0,1,0,0,,Calle,,ROSARIO,Rosario,Asfalto,No existe,II,Dentro,Urbana,Ninguna,Funciona,Intersección,Bueno,Buena,Diurna,S/D,Lateral,S/D,Colisión,S/D,S/D,Ninguna,Sin restricción,POINT (-60.6361192 -33.00159320000001),"['Sánchez de Bustamante', 'Ayacucho']",2,Sánchez de Bustamante; Ayacucho,-33.00159320000001,-60.6361192,55.0,538.0,Municipio Rosario,Municipio,Rosario,820210,Servicio de Catastro e Información Territorial,IGN
2012,16536,2012-11-04,Domingo,0.0,08:20:00,,0.0,1,Moto/Ciclomotor,Av. Pellegrini Y Pte.Roca,2,1,0,0,0,0,1,,Avenida,,ROSARIO,Rosario,Asfalto,No existe,II,S/D,Urbana,Semáforo,Funciona,Intersección,Bueno,Buena,Diurna,Buen Tiempo,Contra objeto fijo,S/D,Colisión,S/D,Horizontal,Vegetación,Sin restricción,POINT (-60.6478283 -32.95605889999999),"['Pellegrini', 'Roca']",2,Avenida Carlos Pellegrini; Presidente Roca,-32.95605889999999,-60.6478283,55.0,538.0,Municipio Rosario,Municipio,Rosario,820210,Servicio de Catastro e Información Territorial,IGN
2012,16537,2012-11-17,Sabado,0.0,22:00:00,,0.0,2,"Moto/Ciclomotor,Automóvil",Av. Arijon Y Ayacucho,2,1,0,0,1,0,0,,Avenida,,ROSARIO,Rosario,Asfalto,No existe,II,Dentro,Urbana,Ninguna,Intermitente,Intersección,Bueno,Buena,Nocturna,Buen Tiempo,Lateral,S/D,Colisión,S/D,S/D,Ninguna,S/D,POINT (-60.6360487 -33.00266679999999),"['Avenida Manuel Arijón', 'Ayacucho']",2,Avenida Manuel Arijón; Ayacucho,-33.00266679999999,-60.6360487,55.0,538.0,Municipio Rosario,Municipio,Rosario,820210,Servicio de Catastro e Información Territorial,IGN
2012,16538,2012-11-16,Viernes,0.0,13:15:00,,0.0,2,"Moto/Ciclomotor,Automóvil",Urquiza 3131,2,1,0,0,1,0,0,,Calle,,ROSARIO,Rosario,Asfalto,No existe,II,Dentro,Urbana,Ninguna,No existe,Otro,Bueno,Buena,Diurna,Buen Tiempo,Otro,S/D,Otro,Otro,Faltante,Ninguna,Sin restricción,"-32.9380384244898, -60.66523183061224",['Urquiza 3131'],1,Urquiza 3131,-32.9380384244898,-60.66523183061224,55.0,538.0,Municipio Rosario,Municipio,Rosario,820210,Servicio de Catastro e Información Territorial,IGN
2012,16540,2012-11-18,Domingo,0.0,19:45:00,,0.0,2,"Peatón,Automóvil",Bv. Rondeau Y Martin Fierro,2,1,0,0,0,0,1,,Calle,,ROSARIO,Rosario,Asfalto,No existe,II,Dentro,Urbana,S/D,Funciona,Otro,Bueno,Buena,Nocturna,Lluvia,Otro,S/D,Atropello,Agua,Horizontal,S/D,S/D,POINT (-60.69743998 -32.87802498),"['Rondeau', 'Martin Fierro']",2,Bulevar General José Rondeau; Martin Fierro,-32.87802498,-60.69743998,55.0,538.0,Municipio Rosario,Municipio,Rosario,820210,Servicio de Catastro e Información Territorial,IGN
2012,16541,2012-11-03,Sabado,0.0,13:30:00,,0.0,2,"Automóvil,Automóvil",Cochabamba Y Sarmiento,2,2,0,0,0,0,0,,Calle,,ROSARIO,Rosario,Asfalto,No existe,II,S/D,Urbana,S/D,No existe,Recta,Bueno,Buena,Nocturna,Buen Tiempo,Lateral,S/D,Colisión,S/D,Faltante,Ninguna,Sin restricción,POINT (-60.6411528 -32.958439),"['Cochabamba', 'Sarmiento']",2,Cochabamba; Sarmiento,-32.958439,-60.6411528,55.0,538.0,Municipio Rosario,Municipio,Rosario,820210,Servicio de Catastro e Información Territorial,IGN
2012,16543,2012-11-17,Sabado,0.0,06:00:00,,0.0,2,"Peatón,Automóvil",Vera Mujica Y Santa Fe,2,1,0,0,0,0,1,,Calle,,ROSARIO,Rosario,Asfalto,No existe,II,Dentro,Urbana,Semáforo,Funciona,Otro,Bueno,Buena,Amanecer,Buen Tiempo,Otro,S/D,Atropello,Otro,Vertical,Ninguna,Sin restricción,POINT (-60.6665625 -32.9399498),"['Vera Mujíca', 'Santa Fe']",2,Vera Mujíca; Santa Fe,-32.9399498,-60.6665625,55.0,538.0,Municipio Rosario,Municipio,Rosario,820210,Servicio de Catastro e Información Territorial,IGN
2012,16547,2012-11-18,Domingo,0.0,,,0.0,2,"Bicicleta,Pickup/Utilitario",Av. Uriburu Y San Martin,2,1,0,0,1,0,0,,Avenida,,ROSARIO,Rosario,Asfalto,No existe,II,S/D,S/D,Semáforo,Funciona,Intersección,Bueno,S/D,S/D,Buen Tiempo,Lateral,S/D,Atropello,S/D,S/D,Ninguna,S/D,POINT (-60.646703949999996 -32.99069289999999),"['Uriburu', 'San Martin']",2,Avenida José Uriburu; José de San Martín,-32.99069289999999,-60.64670395,55.0,538.0,Municipio Rosario,Municipio,Rosario,820210,Servicio de Catastro e Información Territorial,IGN