anio_acci,nro_acci,fecha,desc_dia,fecha_aprox,hora_aprox,desc_ruta,km,cant_participantes,desc_participante,calle_avenida_km,total,heridos_leves,heridos_graves,heridos_gravisimos,ilesos,fallecidos,sin_datos,posicion_XY,desc_tipo_via,desc_ruta_ori,desc_loc,desc_dpto,desc_tipo_calzada,desc_tipo_banquina,desc_unidad_regional,desc_lugar_calzada,desc_zona,desc_prioridad,desc_estado_semaforo,desc_lugar_via,desc_estado_via,desc_estado_visibilidad,desc_luminosidad,desc_estado_clima,desc_tipo_colision,desc_tipo_atropello,desc_tipo_hecho,desc_pres_calzada,desc_senializacion,desc_separacion_via,desc_restriccion,forma_geocod,calle_lista,numero_calles,calles_osm,lat,lon,index_right,gid,fna,gna,nam,in1,fdc,sag
2012,16551,2012-11-18,Domingo,0.0,09:30:00,,0.0,3,"Pickup/Utilitario,Automóvil,Automóvil",Ayacucho 5300,9,5,0,0,4,0,0,,Calle,,ROSARIO,Rosario,Asfalto,No existe,II,Dentro,Urbana,Ninguna,No existe,Recta,Bueno,Buena,Diurna,Buen Tiempo,Múltiple,S/D,Colisión,S/D,S/D,Ninguna,Sin restricción,"-32.9810423, -60.6354799",['Ayacucho 5300'],1,Ayacucho 5300,-32.9810423,-60.6354799,55.0,538.0,Municipio Rosario,Municipio,Rosario,820210,Servicio de Catastro e Información Territorial,IGN
2012,16552,2012-11-20,Martes,0.0,15:00:00,,0.0,2,"Automóvil,Automóvil",Benito Juarez Y Ayacucho,3,2,0,0,1,0,0,,Calle,,ROSARIO,Rosario,Asfalto,No existe,II,Dentro,Urbana,Ninguna,No existe,Intersección,Bueno,Buena,Diurna,Buen Tiempo,Lateral,S/D,Colisión,S/D,S/D,Ninguna,Sin restricción,POINT (-60.63683645 -32.9926023),"['Benito Juárez', 'Ayacucho']",2,Benito Juárez; Ayacucho,-32.9926023,-60.63683645,55.0,538.0,Municipio Rosario,Municipio,Rosario,820210,Servicio de Catastro e Información Territorial,IGN
2012,16553,2012-11-24,Sabado,0.0,13:30:00,,0.0,2,"Automóvil,Automóvil",AV URIBURU Y ACCESO SUR,5,4,0,0,1,0,0,,Avenida,,ROSARIO,Rosario,Asfalto,No existe,II,Dentro,Urbana,Ninguna,No existe,Intersección,Bueno,Buena,Diurna,Buen Tiempo,Lateral,S/D,Colisión,S/D,S/D,Ninguna,Sin restricción,POINT (-60.624043500000006 -32.989954000000004),"['Uriburu', 'Belgrano']",2,Avenida José Uriburu; Avenida Manuel Belgrano,-32.989954000000004,-60.624043500000006,55.0,538.0,Municipio Rosario,Municipio,Rosario,820210,Servicio de Catastro e Información Territorial,IGN
2012,16554,2012-11-23,Viernes,0.0,16:00:00,,0.0,2,"Moto/Ciclomotor,Camión",Buenos Aires Y Sanchez de Bustamante,2,1,0,0,1,0,0,,Calle,,ROSARIO,Rosario,Asfalto,No existe,II,Dentro,Urbana,Ninguna,No existe,Intersección,Bueno,Buena,Diurna,Buen Tiempo,Lateral,S/D,Colisión,S/D,S/D,Ninguna,Sin restricción,POINT (-60.6449658 -33.00187050000001),"['Buenos Aires', 'Sánchez de Bustamante']",2,Buenos Aires; Sánchez de Bustamante,-33.00187050000001,-60.6449658,55.0,538.0,Municipio Rosario,Municipio,Rosario,820210,Servicio de Catastro e Información Territorial,IGN
2012,16555,2012-10-22,Lunes,0.0,12:40:00,,0.0,2,"Moto/Ciclomotor,Pickup/Utilitario",J.C.Casas Y F.Netri,2,1,0,0,1,0,0,,Calle,,ROSARIO,Rosario,Asfalto,S/D,II,Dentro,Urbana,S/D,Funciona,Cruce,Bueno,Buena,Diurna,S/D,De alcance,S/D,Colisión,S/D,Horizontal,S/D,S/D,POINT (-60.69916125 -32.9046656),"['Casas', 'Netri']",2,Pasaje M. Casas; Netri,-32.9046656,-60.69916125,55.0,538.0,Municipio Rosario,Municipio,Rosario,820210,Servicio de Catastro e Información Territorial,IGN
2012,16556,2012-11-01,Jueves,0.0,15:30:00,,0.0,2,"Automóvil,Moto/Ciclomotor",San Martin Y Virasoro,3,3,0,0,0,0,0,,Calle,,ROSARIO,Rosario,Asfalto,S/D,II,Dentro,Urbana,Semáforo,No existe,Recta,Bueno,Buena,Atardecer,S/D,Frontal,S/D,Colisión,S/D,Horizontal,Ninguna,Sin restricción,POINT (-60.6425689 -32.9701874),"['San Martin', 'Virasoro']",2,José de San Martín; Benjamín Virasoro,-32.9701874,-60.6425689,55.0,538.0,Municipio Rosario,Municipio,Rosario,820210,Servicio de Catastro e Información Territorial,IGN
2012,16557,2012-11-12,Lunes,0.0,12:10:00,,0.0,2,"Moto/Ciclomotor,Automóvil",Ituzaingo Y Mariano Moreno,2,1,0,0,1,0,0,,Calle,,ROSARIO,Rosario,Asfalto,No existe,II,Dentro,Urbana,Ninguna,No existe,Intersección,Bueno,Buena,Diurna,Buen Tiempo,Otro,S/D,Colisión,S/D,Faltante,Ninguna,Sin restricción,POINT (-60.6541927 -32.9585103),"['Ituzaingó', 'Mariano Moreno']",2,Ituzaingó; Mariano Moreno,-32.9585103,-60.6541927,55.0,538.0,Municipio Rosario,Municipio,Rosario,820210,Servicio de Catastro e Información Territorial,IGN
2012,16558,2012-11-16,Viernes,0.0,18:40:00,,0.0,2,"Moto/Ciclomotor,Peatón",San Martin Y Rueda,2,1,0,0,1,0,0,,Calle,,ROSARIO,Rosario,Asfalto,No existe,II,Dentro,Urbana,Semáforo,Funciona,Intersección,Bueno,Buena,Diurna,Buen Tiempo,S/D,S/D,Atropello,S/D,Horizontal,Línea divisoria pintada,S/D,POINT (-60.642861499999995 -32.9713425),"['San Martin', 'Rueda']",2,José de San Martín; Rueda,-32.9713425,-60.6428615,55.0,538.0,Municipio Rosario,Municipio,Rosario,820210,Servicio de Catastro e Información Territorial,IGN
2012,16559,2012-11-16,Viernes,0.0,13:30:00,,0.0,2,"Pickup/Utilitario,Transporte de Pasajeros (H/ 8 asientos)",Av. Pellegrini Y Dorrego,3,2,0,0,1,0,0,,Avenida,,ROSARIO,Rosario,Asfalto,No existe,II,Dentro,Urbana,Semáforo,Funciona,Intersección,Bueno,Buena,Diurna,Buen Tiempo,Lateral,S/D,Colisión,S/D,Horizontal,Ninguna,Sin restricción,POINT (-60.6519337 -32.95532245),"['Pellegrini', 'Dorrego']",2,Avenida Carlos Pellegrini; Manuel Dorrego,-32.95532245,-60.6519337,55.0,538.0,Municipio Rosario,Municipio,Rosario,820210,Servicio de Catastro e Información Territorial,IGN
2012,16560,2012-11-16,Viernes,0.0,10:00:00,,0.0,2,"Moto/Ciclomotor,Pickup/Utilitario",Italia Y Cochabamba,3,1,0,0,2,0,0,,Calle,,ROSARIO,Rosario,Asfalto,No existe,II,Dentro,Urbana,Ninguna,No existe,Intersección,Bueno,Buena,Diurna,Buen Tiempo,Lateral,S/D,Colisión,S/D,Faltante,Ninguna,Sin restricción,POINT (-60.6508824 -32.956682699999995),"['Italia', 'Cochabamba']",2,Italia; Cochabamba,-32.956682699999995,-60.6508824,55.0,538.0,Municipio Rosario,Municipio,Rosario,820210,Servicio de Catastro e Información Territorial,IGN
2012,16561,2012-11-27,Martes,0.0,09:00:00,,0.0,2,"Moto/Ciclomotor,Automóvil",Av. Ntra.Sra.del Rosario Y Av. Circunvalacion,2,1,0,0,1,0,0,,Avenida,,ROSARIO,Rosario,Asfalto,No existe,II,Dentro,Urbana,Ninguna,No existe,Intersección,Bueno,Buena,Diurna,Buen Tiempo,Lateral,S/D,Colisión,S/D,S/D,Ninguna,Sin restricción,POINT (-60.7004962 -32.87286534999999),"['Nuestra Señora del Rosario', 'Circunvalacion']",2,"('Puente Nuestra Señora del Rosario', 'Avenida de Circunvalación 25 de Mayo')",-32.87286534999999,-60.7004962,55.0,538.0,Municipio Rosario,Municipio,Rosario,820210,Servicio de Catastro e Información Territorial,IGN
2012,16562,2012-11-18,Domingo,0.0,08:45:00,,0.0,2,"Automóvil,Taxi/Remis",Constitucion Y San Lorenzo,3,1,0,0,2,0,0,,Calle,,ROSARIO,Rosario,Asfalto,No existe,II,Dentro,Urbana,Ninguna,No existe,Otro,Bueno,Buena,Diurna,Buen Tiempo,Otro,S/D,Otro,Otro,Faltante,Ninguna,Sin restricción,POINT (-60.6730946 -32.9377649),"['Constitución', 'San Lorenzo']",2,Constitución; San Lorenzo,-32.9377649,-60.6730946,55.0,538.0,Municipio Rosario,Municipio,Rosario,820210,Servicio de Catastro e Información Territorial,IGN
2012,16563,2012-11-22,Jueves,0.0,14:15:00,,0.0,2,"Moto/Ciclomotor,Automóvil",Salta Y Suipacha,2,1,0,0,1,0,0,,Calle,,ROSARIO,Rosario,Asfalto,No existe,II,Dentro,Urbana,Semáforo,Funciona,Intersección,Bueno,Buena,Diurna,Buen Tiempo,Frontal,S/D,Colisión,S/D,Vertical,Ninguna,Sin restricción,POINT (-60.6624133 -32.9348077),"['Salta', 'Suipacha']",2,Salta; Suipacha,-32.9348077,-60.6624133,55.0,538.0,Municipio Rosario,Municipio,Rosario,820210,Servicio de Catastro e Información Territorial,IGN
2012,16564,2012-11-22,Jueves,0.0,18:30:00,,0.0,2,"Automóvil,Automóvil",Santa Fe Y Castellanos,2,1,0,0,1,0,0,,Calle,,ROSARIO,Rosario,Asfalto,S/D,II,Dentro,Urbana,S/D,Funciona,Recta,Bueno,Buena,Atardecer,Buen Tiempo,De alcance,S/D,Colisión,S/D,Vertical,S/D,S/D,POINT (-60.6747156 -32.938478899999986),"['Santa Fe', 'Aaron Castellanos']",2,Santa Fe; Aaron Castellanos,-32.938478899999986,-60.6747156,55.0,538.0,Municipio Rosario,Municipio,Rosario,820210,Servicio de Catastro e Información Territorial,IGN
2012,16567,2012-11-18,Domingo,0.0,07:15:00,,0.0,1,Automóvil,Montes Carballo 300 B,2,2,0,0,0,0,0,,Calle,,ROSARIO,Rosario,Asfalto,S/D,II,Dentro,Urbana,S/D,Funciona,Intersección,S/D,S/D,Diurna,S/D,Contra objeto fijo,S/D,Colisión,S/D,S/D,S/D,S/D,"-32.9644251, -60.7322909",['Montes Carballo 300 B'],1,Montes Carballo 300 B,-32.9644251,-60.7322909,55.0,538.0,Municipio Rosario,Municipio,Rosario,820210,Servicio de Catastro e Información Territorial,IGN
2012,16568,2012-10-22,Lunes,0.0,18:30:00,,0.0,2,"Automóvil,Automóvil",Darragueira Y Castagnino,3,1,0,0,2,0,0,,Calle,,ROSARIO,Rosario,Asfalto,S/D,II,Dentro,Urbana,S/D,No existe,Intersección,Bueno,S/D,S/D,S/D,Frontal,S/D,Colisión,S/D,S/D,S/D,S/D,POINT (-60.6940766 -32.89780819999999),"['José Darragueira', 'Castagnino']",2,José Darragueira; Castagnino,-32.89780819999999,-60.6940766,55.0,538.0,Municipio Rosario,Municipio,Rosario,820210,Servicio de Catastro e Información Territorial,IGN
2012,16570,2012-11-29,Jueves,0.0,08:40:00,,0.0,2,"Automóvil,Automóvil",Montes Carballo 400,3,1,0,0,2,0,0,,Calle,,ROSARIO,Rosario,Asfalto,S/D,II,Dentro,Urbana,S/D,S/D,Intersección,S/D,S/D,Diurna,S/D,S/D,S/D,Colisión,S/D,S/D,S/D,S/D,"-32.9644251, -60.7322909",['Montes Carballo 400'],1,Montes Carballo 400,-32.9644251,-60.7322909,55.0,538.0,Municipio Rosario,Municipio,Rosario,820210,Servicio de Catastro e Información Territorial,IGN
2012,16571,2012-11-30,Viernes,0.0,07:40:00,,0.0,2,"Moto/Ciclomotor,Peatón",Av. Alberdi Bis Y Almafuerte,3,1,0,0,2,0,0,,Avenida,,ROSARIO,Rosario,Asfalto,S/D,II,Dentro,Urbana,Policía de tránsito,S/D,Recta,Bueno,S/D,S/D,Buen Tiempo,S/D,S/D,Atropello,S/D,Horizontal,Cordón divisorio,Sin restricción,POINT (-60.683913999999994 -32.917345749999996),"['Alberdi', 'Almafuerte']",2,Avenida Alberdi; Almafuerte,-32.91734575,-60.683914,55.0,538.0,Municipio Rosario,Municipio,Rosario,820210,Servicio de Catastro e Información Territorial,IGN
2012,16572,2012-10-23,Martes,0.0,16:50:00,,0.0,2,"Automóvil,Automóvil",Bv. Rondeau 2500,2,1,0,0,1,0,0,,Avenida,,ROSARIO,Rosario,Asfalto,No existe,II,Dentro,Urbana,S/D,Funciona,Recta,S/D,S/D,S/D,S/D,De alcance,S/D,Colisión,S/D,S/D,S/D,S/D,"-32.8895947, -60.693495",['Rondeau 2500'],1,Rondeau 2500,-32.8895947,-60.693495,55.0,538.0,Municipio Rosario,Municipio,Rosario,820210,Servicio de Catastro e Información Territorial,IGN
2012,16573,2012-11-16,Viernes,0.0,10:00:00,,0.0,2,"Automóvil,Moto/Ciclomotor",Bv. Oroño Y Virasoro,3,2,0,0,1,0,0,,Avenida,,ROSARIO,Rosario,Asfalto,S/D,II,Dentro,Urbana,Semáforo,S/D,Intersección,Bueno,Buena,Diurna,S/D,Múltiple,S/D,Colisión,S/D,S/D,S/D,S/D,POINT (-60.65921435 -32.967215949999996),"['Bulevar Nicasio Oroño', 'Virasoro']",2,Bulevar Nicasio Oroño; Benjamín Virasoro,-32.96721595,-60.65921435,55.0,538.0,Municipio Rosario,Municipio,Rosario,820210,Servicio de Catastro e Información Territorial,IGN
2012,16576,2012-11-17,Sabado,0.0,21:45:00,,0.0,1,Moto/Ciclomotor,Bv. 27 De Febrero Y Italia,2,1,0,0,1,0,0,,S/D,,ROSARIO,Rosario,Asfalto,No existe,II,S/D,S/D,Semáforo,Funciona,Intersección,Bueno,Buena,Nocturna,Buen Tiempo,Lateral,S/D,Colisión,S/D,Horizontal,Ninguna,Sin restricción,POINT (-60.65319205 -32.96586075),"['27 de Febrero', 'Italia']",2,Bulevar 27 de Febrero; Italia,-32.96586075,-60.65319205,55.0,538.0,Municipio Rosario,Municipio,Rosario,820210,Servicio de Catastro e Información Territorial,IGN
2012,16577,2012-11-19,Lunes,0.0,,,0.0,4,"Transporte de Pasajeros Urbano (> 8 asientos),Automóvil,Pickup/Utilitario,Moto/Ciclomotor",Av. Circunvalacion Y Baigorria,4,1,0,0,3,0,0,,Avenida,,ROSARIO,Rosario,Asfalto,S/D,II,S/D,Urbana,S/D,S/D,Recta,S/D,S/D,S/D,S/D,Múltiple,S/D,Colisión,S/D,"Horizontal,Vertical","Guardarrail,Cordón divisorio,Vegetación",S/D,POINT (-60.719770260245994 -32.893468154963045),"['Circunvalacion', 'Baigorria']",2,Avenida de Circunvalación 25 de Mayo; Baigorria,-32.893468154963045,-60.719770260246,55.0,538.0,Municipio Rosario,Municipio,Rosario,820210,Servicio de Catastro e Información Territorial,IGN
2012,16579,2012-11-18,Domingo,0.0,13:00:00,,0.0,2,"Automóvil,Moto/Ciclomotor",Italia Y Galvez,2,1,0,0,1,0,0,,Calle,,ROSARIO,Rosario,Asfalto,No existe,II,Dentro,Urbana,Policía de tránsito,No existe,Intersección,Bueno,Buena,Diurna,Buen Tiempo,Lateral,S/D,Colisión,S/D,Faltante,Ninguna,Sin restricción,POINT (-60.6534929 -32.9670467),"['Italia', 'Galvez']",2,Italia; José Gálvez,-32.9670467,-60.6534929,55.0,538.0,Municipio Rosario,Municipio,Rosario,820210,Servicio de Catastro e Información Territorial,IGN
2012,16581,2012-10-24,Miercoles,0.0,08:30:00,,0.0,2,"Automóvil,Moto/Ciclomotor",Av. Sorrento 700,2,1,0,0,1,0,0,,Avenida,,ROSARIO,Rosario,Asfalto,No existe,II,Dentro,Urbana,S/D,Funciona,Recta,Bueno,Buena,Diurna,Buen Tiempo,S/D,S/D,S/D,S/D,S/D,S/D,S/D,"-32.9070484, -60.6890247",['Sorrento 700'],1,Sorrento 700,-32.9070484,-60.6890247,55.0,538.0,Municipio Rosario,Municipio,Rosario,820210,Servicio de Catastro e Información Territorial,IGN
2012,16582,2012-11-27,Martes,0.0,17:15:00,,0.0,2,"Automóvil,Moto/Ciclomotor",Av. Jorge Newbery Y Galvez,2,1,0,0,1,0,0,,Avenida,,ROSARIO,Rosario,Asfalto,S/D,II,S/D,S/D,S/D,S/D,Recta,Bueno,S/D,S/D,S/D,S/D,S/D,Colisión,S/D,"Horizontal,Vertical",S/D,S/D,POINT (-60.7526527 -32.9089953),"['Jorge Newbery', 'Galvez']",2,Avenida Jorge Newbery; José Gálvez,-32.9089953,-60.7526527,55.0,538.0,Municipio Rosario,Municipio,Rosario,820210,Servicio de Catastro e Información Territorial,IGN
2012,16585,2012-10-24,Miercoles,0.0,,,0.0,2,"Moto/Ciclomotor,Camión",Bv. Rondeau Y Superi,2,1,0,0,1,0,0,,Avenida,,ROSARIO,Rosario,Asfalto,No existe,II,Dentro,Urbana,S/D,Funciona,Recta,Bueno,Buena,Diurna,Buen Tiempo,S/D,S/D,Colisión,S/D,Horizontal,Cordón divisorio,S/D,POINT (-60.692458175000006 -32.894239025),"['Rondeau', 'Superi']",2,Bulevar General José Rondeau; Comandante José Superí,-32.894239025,-60.692458175000006,55.0,538.0,Municipio Rosario,Municipio,Rosario,820210,Servicio de Catastro e Información Territorial,IGN
2012,16588,2012-10-25,Jueves,0.0,08:00:00,,0.0,2,"Automóvil,Moto/Ciclomotor",Bv. Rondeau 3600,2,1,0,0,1,0,0,,Avenida,,ROSARIO,Rosario,Asfalto,S/D,II,Dentro,Urbana,S/D,S/D,Recta,S/D,S/D,Diurna,S/D,S/D,S/D,Colisión,S/D,S/D,S/D,S/D,"-32.8819219, -60.6959573",['Rondeau 3600'],1,Rondeau 3600,-32.8819219,-60.6959573,55.0,538.0,Municipio Rosario,Municipio,Rosario,820210,Servicio de Catastro e Información Territorial,IGN
2012,16589,2012-11-09,Viernes,0.0,20:30:00,,0.0,2,"Automóvil,Automóvil",Bv. Avellaneda Y Av. Pte.Peron,2,1,0,0,1,0,0,,Avenida,,ROSARIO,Rosario,Asfalto,S/D,II,Dentro,Urbana,Semáforo,Funciona,Intersección,Bueno,Buena,Nocturna,Buen Tiempo,Otro,S/D,Colisión,S/D,S/D,S/D,Sin restricción,POINT (-60.683816275 -32.957610325),"['Avellaneda', 'Avenida Presidente Perón']",2,Bulevar Nicolás Avellaneda; Avenida Presidente Perón,-32.957610325,-60.683816275,55.0,538.0,Municipio Rosario,Municipio,Rosario,820210,Servicio de Catastro e Información Territorial,IGN
2012,16590,2012-11-27,Martes,0.0,02:25:00,,0.0,2,"Moto/Ciclomotor,Automóvil",Bv. Rondeau Y Martin Fierro,2,1,0,0,0,0,1,,Avenida,,ROSARIO,Rosario,Asfalto,S/D,II,Dentro,Urbana,Semáforo,Intermitente,Recta,Bueno,Buena,Diurna,Buen Tiempo,Lateral,S/D,Colisión,Otro,Horizontal,Cordón divisorio,Sin restricción,POINT (-60.69743998 -32.87802498),"['Rondeau', 'Martin Fierro']",2,Bulevar General José Rondeau; Martin Fierro,-32.87802498,-60.69743998,55.0,538.0,Municipio Rosario,Municipio,Rosario,820210,Servicio de Catastro e Información Territorial,IGN
2012,16591,2012-10-26,Viernes,0.0,08:00:00,,0.0,2,"Automóvil,Automóvil",Darragueira Y Blas Parera,4,4,0,0,0,0,0,,Calle,,ROSARIO,Rosario,Asfalto,No existe,II,Dentro,Urbana,S/D,No existe,Intersección,S/D,S/D,Diurna,Buen Tiempo,Otro,S/D,S/D,S/D,S/D,S/D,S/D,POINT (-60.693257800000005 -32.9004768),"['José Darragueira', 'Blas Parera']",2,José Darragueira; Blas Parera,-32.9004768,-60.693257800000005,55.0,538.0,Municipio Rosario,Municipio,Rosario,820210,Servicio de Catastro e Información Territorial,IGN
2012,16594,2012-10-28,Domingo,0.0,09:20:00,,0.0,2,"Automóvil,Moto/Ciclomotor",Washington Y Darragueira,4,2,1,0,1,0,0,,Calle,,ROSARIO,Rosario,Asfalto,S/D,II,Dentro,Urbana,S/D,No existe,Intersección,Bueno,S/D,S/D,S/D,Lateral,S/D,S/D,S/D,S/D,S/D,S/D,POINT (-60.69286400000001 -32.9017565),"['Washington', 'José Darragueira']",2,Washington; José Darragueira,-32.9017565,-60.69286400000001,55.0,538.0,Municipio Rosario,Municipio,Rosario,820210,Servicio de Catastro e Información Territorial,IGN
2012,16595,2012-11-27,Martes,0.0,21:30:00,,0.0,2,"Moto/Ciclomotor,Moto/Ciclomotor",Superi Y Bv. Rondeau,3,2,0,0,0,0,1,,Avenida,,ROSARIO,Rosario,Asfalto,No existe,II,Dentro,Urbana,Semáforo,Funciona,Recta,Bueno,Buena,Nocturna,Buen Tiempo,De alcance,S/D,Colisión,Otro,Horizontal,Ninguna,Sin restricción,POINT (-60.69245817500001 -32.894239025),"['Superi', 'Rondeau']",2,Comandante José Superí; Bulevar General José Rondeau,-32.894239025,-60.69245817500001,55.0,538.0,Municipio Rosario,Municipio,Rosario,820210,Servicio de Catastro e Información Territorial,IGN
2012,16596,2012-11-23,Viernes,0.0,19:00:00,,0.0,2,"Moto/Ciclomotor,Automóvil",Luis Vila Y Darragueira,2,1,0,0,1,0,0,,Calle,,ROSARIO,Rosario,Asfalto,No existe,II,Dentro,Urbana,Ninguna,No existe,Recta,Bueno,Buena,Amanecer,Buen Tiempo,De alcance,S/D,Colisión,Otro,Faltante,Ninguna,Sin restricción,POINT (-60.69379920000001 -32.8987125),"['Doctor Vila', 'José Darragueira']",2,Doctor Vila; José Darragueira,-32.8987125,-60.69379920000001,55.0,538.0,Municipio Rosario,Municipio,Rosario,820210,Servicio de Catastro e Información Territorial,IGN
2012,16598,2012-11-25,Domingo,0.0,23:00:00,,0.0,2,"Automóvil,Transporte de Pasajeros Urbano (> 8 asientos)",Iriarte Y Darragueira,3,1,0,0,1,0,1,,Calle,,ROSARIO,Rosario,Asfalto,No existe,II,Dentro,Urbana,Ninguna,No existe,Recta,Bueno,Buena,Nocturna,Buen Tiempo,Otro,S/D,Colisión,Otro,Faltante,Ninguna,Sin restricción,POINT (-60.6935278 -32.89959669999999),"['Uriarte', 'José Darragueira']",2,Uriarte; José Darragueira,-32.89959669999999,-60.6935278,55.0,538.0,Municipio Rosario,Municipio,Rosario,820210,Servicio de Catastro e Información Territorial,IGN
2012,16601,2012-11-26,Lunes,0.0,15:00:00,,0.0,2,"Automóvil,Moto/Ciclomotor",Rueda Y Pueyrredon,3,2,0,0,1,0,0,,Calle,,ROSARIO,Rosario,Asfalto,No existe,II,Dentro,Urbana,Ninguna,No existe,Intersección,Bueno,Buena,Diurna,Buen Tiempo,Lateral,S/D,Colisión,S/D,Faltante,Ninguna,Sin restricción,POINT (-60.6635663 -32.96762390000001),"['Rueda', 'Pueyrredón']",2,Rueda; Pueyrredón,-32.96762390000001,-60.6635663,55.0,538.0,Municipio Rosario,Municipio,Rosario,820210,Servicio de Catastro e Información Territorial,IGN
2012,16602,2012-11-14,Miercoles,0.0,18:30:00,,0.0,2,"Peatón,Automóvil",Av. Cabassa 2100,2,1,0,0,1,0,0,,Avenida,,ROSARIO,Rosario,Asfalto,No existe,II,Dentro,Urbana,Ninguna,No existe,Recta,Bueno,Buena,Diurna,Buen Tiempo,Otro,S/D,Atropello,Otro,Faltante,Ninguna,Sin restricción,"-32.9048432, -60.7022122",['Cabassa 2100'],1,Cabassa 2100,-32.9048432,-60.7022122,55.0,538.0,Municipio Rosario,Municipio,Rosario,820210,Servicio de Catastro e Información Territorial,IGN
2012,16604,2012-11-18,Domingo,0.0,07:30:00,,0.0,2,"Moto/Ciclomotor,Automóvil",Av. Ovidio Lagos Y Av. Pellegrini,2,1,0,0,1,0,0,,Calle,,ROSARIO,Rosario,Asfalto,No existe,II,Dentro,Urbana,Policía de tránsito,Funciona,Intersección,Bueno,Buena,Diurna,Buen Tiempo,Lateral,S/D,Colisión,S/D,Horizontal,Ninguna,Sin restricción,POINT (-60.664182350000004 -32.953107599999996),"['Avenida Ovidio Lagos', 'Pellegrini']",2,Avenida Ovidio Lagos; Avenida Carlos Pellegrini,-32.9531076,-60.66418235,55.0,538.0,Municipio Rosario,Municipio,Rosario,820210,Servicio de Catastro e Información Territorial,IGN
2012,16605,2012-11-18,Domingo,0.0,08:10:00,,0.0,2,"Moto/Ciclomotor,Automóvil",Zelaya Y Herrera,2,1,0,0,1,0,0,,Calle,,ROSARIO,Rosario,Asfalto,No existe,II,Dentro,Urbana,Ninguna,No funciona,Intersección,Bueno,Buena,Diurna,Buen Tiempo,Lateral,S/D,Colisión,Otro,Faltante,Ninguna,Sin restricción,POINT (-60.69570139999999 -32.896250999999985),"['Zelaya', 'Herrera']",2,Zelaya; Franzini Herrera,-32.896250999999985,-60.69570139999999,55.0,538.0,Municipio Rosario,Municipio,Rosario,820210,Servicio de Catastro e Información Territorial,IGN
2012,16606,2012-11-21,Miercoles,0.0,19:00:00,,0.0,2,"Moto/Ciclomotor,Automóvil",Av. Puccio Y J.C.Paz,3,2,0,0,1,0,0,,Avenida,,ROSARIO,Rosario,Hormigón,No existe,II,Dentro,Urbana,Ninguna,No existe,Intersección,Bueno,Buena,Atardecer,Buen Tiempo,Lateral,S/D,Colisión,Otro,Faltante,Ninguna,Sin restricción,POINT (-60.6898333 -32.8942895),"['Puccio', 'Paz']",2,Avenida José Nicolás Puccio; Marcos Paz,-32.8942895,-60.6898333,55.0,538.0,Municipio Rosario,Municipio,Rosario,820210,Servicio de Catastro e Información Territorial,IGN
2012,16609,2012-10-24,Miercoles,0.0,23:00:00,,0.0,2,"Moto/Ciclomotor,Automóvil",Bv. Rondeau Y Pago Largo,2,1,0,0,1,0,0,,Avenida,,ROSARIO,Rosario,Asfalto,No existe,II,Dentro,Urbana,Ninguna,No existe,Recta,Bueno,Buena,Nocturna,Buen Tiempo,Lateral,S/D,Colisión,Otro,Horizontal,Barrera de hormigón,Sin restricción,POINT (-60.6965411 -32.88027679999999),"['Rondeau', 'Pago Largo']",2,Bulevar General José Rondeau; Pago Largo,-32.88027679999999,-60.6965411,55.0,538.0,Municipio Rosario,Municipio,Rosario,820210,Servicio de Catastro e Información Territorial,IGN
2012,16610,2012-11-26,Lunes,0.0,21:05:00,,0.0,2,"Otros,Transporte de Pasajeros Urbano (> 8 asientos)",Ameghino Y España,2,1,0,0,0,0,1,,Calle,,ROSARIO,Rosario,Asfalto,No existe,II,Dentro,Urbana,Ninguna,No existe,Intersección,S/D,S/D,Nocturna,S/D,Otro,S/D,Otro,S/D,S/D,Ninguna,Sin restricción,POINT (-60.6567088 -32.9856244),"['Ameghino', 'España']",2,Ameghino; España,-32.9856244,-60.6567088,55.0,538.0,Municipio Rosario,Municipio,Rosario,820210,Servicio de Catastro e Información Territorial,IGN
2012,16612,2012-11-19,Lunes,0.0,07:50:00,,0.0,2,"Camión,Moto/Ciclomotor",España Y Rueda,2,1,0,0,1,0,0,,Calle,,ROSARIO,Rosario,Asfalto,No existe,II,Dentro,Urbana,Ninguna,No existe,Intersección,Bueno,Buena,Diurna,Buen Tiempo,Lateral,S/D,Colisión,S/D,Faltante,Ninguna,Sin restricción,POINT (-60.652680999999994 -32.9695893),"['España', 'Rueda']",2,España; Rueda,-32.9695893,-60.652681,55.0,538.0,Municipio Rosario,Municipio,Rosario,820210,Servicio de Catastro e Información Territorial,IGN