anio_acci,nro_acci,fecha,desc_dia,fecha_aprox,hora_aprox,desc_ruta,km,cant_participantes,desc_participante,calle_avenida_km,total,heridos_leves,heridos_graves,heridos_gravisimos,ilesos,fallecidos,sin_datos,posicion_XY,desc_tipo_via,desc_ruta_ori,desc_loc,desc_dpto,desc_tipo_calzada,desc_tipo_banquina,desc_unidad_regional,desc_lugar_calzada,desc_zona,desc_prioridad,desc_estado_semaforo,desc_lugar_via,desc_estado_via,desc_estado_visibilidad,desc_luminosidad,desc_estado_clima,desc_tipo_colision,desc_tipo_atropello,desc_tipo_hecho,desc_pres_calzada,desc_senializacion,desc_separacion_via,desc_restriccion,forma_geocod,calle_lista,numero_calles,calles_osm,lat,lon,index_right,gid,fna,gna,nam,in1,fdc,sag
2012,16668,2012-11-22,Jueves,0.0,18:00:00,,0.0,2,"Moto/Ciclomotor,Transporte de Pasajeros Urbano (> 8 asientos)",Av. Francia Y Pje. J.Marc,2,1,0,0,1,0,0,,Avenida,,ROSARIO,Rosario,Asfalto,No existe,II,Dentro,Urbana,Ninguna,S/D,Intersección,Bueno,Buena,"Diurna,Con luz artificial",Buen Tiempo,Lateral,S/D,Colisión,S/D,Vertical,Ninguna,Sin restricción,POINT (-60.6667223 -32.94593909999999),"['Avenida Francia', 'Marc']",2,"('Avenida Francia', 'Marcos Paz')",-32.94593909999999,-60.6667223,55.0,538.0,Municipio Rosario,Municipio,Rosario,820210,Servicio de Catastro e Información Territorial,IGN
2012,16669,2012-11-23,Viernes,0.0,16:30:00,,0.0,2,"Moto/Ciclomotor,Pickup/Utilitario",Av. Francia Y Pje. Amazonas,2,1,0,0,0,0,1,,Avenida,,ROSARIO,Rosario,Asfalto,No existe,II,Dentro,Urbana,Ninguna,No existe,Intersección,Bueno,Buena,Diurna,Buen Tiempo,Frontal,S/D,Colisión,S/D,Faltante,Ninguna,Sin restricción,POINT (-60.67278830000001 -32.969986599999984),"['Avenida Francia', 'Amazonas']",2,Avenida Francia; Amazonas,-32.969986599999984,-60.67278830000001,55.0,538.0,Municipio Rosario,Municipio,Rosario,820210,Servicio de Catastro e Información Territorial,IGN
2012,16670,2012-11-06,Martes,0.0,08:15:00,,0.0,2,"Automóvil,Bicicleta",Alvear Y Uruguay,2,1,0,0,1,0,0,,Calle,,ROSARIO,Rosario,Asfalto,No existe,II,Dentro,Urbana,Ninguna,No existe,Intersección,S/D,S/D,Diurna,S/D,S/D,S/D,Atropello,S/D,S/D,Ninguna,Sin restricción,POINT (-60.66228580000001 -32.973828600000004),"['Alvear', 'Uruguay']",2,Alvear; Uruguay,-32.973828600000004,-60.66228580000001,55.0,538.0,Municipio Rosario,Municipio,Rosario,820210,Servicio de Catastro e Información Territorial,IGN
2012,16671,2012-11-06,Martes,0.0,10:00:00,,0.0,2,"Moto/Ciclomotor,Automóvil",Bv. 27 De Febrero Y L.N.Alem,2,0,1,0,1,0,0,,Avenida,,ROSARIO,Rosario,Asfalto,No existe,II,Dentro,Urbana,Semáforo,Funciona,Intersección,Bueno,Buena,Diurna,Buen Tiempo,Lateral,S/D,Colisión,S/D,S/D,Ninguna,Sin restricción,POINT (-60.63361105 -32.96936275),"['27 de Febrero', 'Alem']",2,Bulevar 27 de Febrero; Leandro N. Alem,-32.96936275,-60.63361105,55.0,538.0,Municipio Rosario,Municipio,Rosario,820210,Servicio de Catastro e Información Territorial,IGN
2012,16672,2012-11-24,Sabado,0.0,00:30:00,,0.0,2,"Peatón,Automóvil",Bv. Avellaneda 4500,2,1,0,0,0,0,1,,Avenida,,ROSARIO,Rosario,Asfalto,No existe,II,Dentro,Urbana,Ninguna,No existe,Recta,Bueno,Buena,Diurna,Buen Tiempo,Lateral,S/D,Atropello,S/D,Faltante,Ninguna,Sin restricción,"-32.9499307, -60.6819034",['Avellaneda 4500'],1,Avellaneda 4500,-32.9499307,-60.6819034,55.0,538.0,Municipio Rosario,Municipio,Rosario,820210,Servicio de Catastro e Información Territorial,IGN
2012,16673,2012-11-24,Sabado,0.0,21:30:00,,0.0,2,"Moto/Ciclomotor,Automóvil",Av. Ovidio Lagos 3600,2,1,0,0,0,0,1,,Avenida,,ROSARIO,Rosario,Asfalto,No existe,II,Dentro,Urbana,Ninguna,No existe,Recta,Bueno,Buena,Diurna,Buen Tiempo,Lateral,S/D,Colisión,S/D,Faltante,Ninguna,Sin restricción,"-32.9747226, -60.6695589",['Ovidio Lagos 3600'],1,Ovidio Lagos 3600,-32.9747226,-60.6695589,55.0,538.0,Municipio Rosario,Municipio,Rosario,820210,Servicio de Catastro e Información Territorial,IGN
2012,16674,2012-11-30,Viernes,0.0,18:30:00,,0.0,2,"Moto/Ciclomotor,Automóvil",Av. Ovidio Lagos Y Aurora,2,1,0,0,0,0,1,,Avenida,,ROSARIO,Rosario,Asfalto,No existe,II,Dentro,Urbana,Ninguna,No existe,Intersección,Bueno,Buena,"Diurna,Con luz artificial",Buen Tiempo,Lateral,S/D,Colisión,S/D,Faltante,S/D,S/D,POINT (-60.67519395 -32.9994072),"['Avenida Ovidio Lagos', 'Aurora']",2,Avenida Ovidio Lagos; Aurora,-32.9994072,-60.67519395,55.0,538.0,Municipio Rosario,Municipio,Rosario,820210,Servicio de Catastro e Información Territorial,IGN
2012,16675,2012-11-24,Sabado,0.0,21:30:00,,0.0,3,"Automóvil,Automóvil,Automóvil",Bv. Oroño Y Bv. 27 De Febrero,4,2,0,0,2,0,0,,Avenida,,ROSARIO,Rosario,Asfalto,No existe,II,Dentro,Urbana,Semáforo,Funciona,Intersección,Bueno,Reducida,Nocturna,Buen Tiempo,Múltiple,S/D,Colisión,S/D,Horizontal,Ninguna,Sin restricción,POINT (-60.658642825 -32.964892400000004),"['Bulevar Nicasio Oroño', '27 de Febrero']",2,Bulevar Nicasio Oroño; Bulevar 27 de Febrero,-32.964892400000004,-60.658642825,55.0,538.0,Municipio Rosario,Municipio,Rosario,820210,Servicio de Catastro e Información Territorial,IGN
2012,16676,2012-11-22,Jueves,0.0,07:45:00,,0.0,2,"Bicicleta,Automóvil",Av. Corrientes Y Centeno,2,1,0,0,1,0,0,,Avenida,,ROSARIO,Rosario,Asfalto,No existe,II,Dentro,Urbana,Ninguna,No existe,Intersección,S/D,S/D,Diurna,S/D,S/D,S/D,Atropello,S/D,S/D,Ninguna,Sin restricción,POINT (-60.6520326 -32.98407649999999),"['Corrientes', 'Centeno']",2,Corrientes; Coronel Centeno,-32.98407649999999,-60.6520326,55.0,538.0,Municipio Rosario,Municipio,Rosario,820210,Servicio de Catastro e Información Territorial,IGN
2012,16677,2012-11-23,Viernes,0.0,09:10:00,,0.0,2,"Taxi/Remis,Pickup/Utilitario",Bv. Segui Y Entre Rios,3,1,0,0,2,0,0,,Avenida,,ROSARIO,Rosario,Asfalto,No existe,II,Dentro,Urbana,Semáforo,Funciona,Intersección,S/D,S/D,Diurna,S/D,Lateral,S/D,Colisión,S/D,S/D,Ninguna,Sin restricción,POINT (-60.6491681 -32.97857979999999),"['Bulevar Juan Francisco Seguí', 'Entre Ríos']",2,Bulevar Juan Francisco Seguí; Entre Ríos,-32.97857979999999,-60.6491681,55.0,538.0,Municipio Rosario,Municipio,Rosario,820210,Servicio de Catastro e Información Territorial,IGN
2012,16678,2012-11-22,Jueves,0.0,10:15:00,,0.0,2,"Peatón,Automóvil",Pasco Y Av. Corrientes,2,1,0,0,1,0,0,,Calle,,ROSARIO,Rosario,Asfalto,No existe,II,S/D,S/D,Semáforo,Funciona,Recta,Bueno,S/D,Diurna,Otro,Lateral,S/D,Atropello,S/D,Horizontal,Ninguna,Sin restricción,POINT (-60.6456329 -32.95882430000001),"['Pasco', 'Corrientes']",2,Pasco; Corrientes,-32.95882430000001,-60.6456329,55.0,538.0,Municipio Rosario,Municipio,Rosario,820210,Servicio de Catastro e Información Territorial,IGN
2012,16680,2012-11-19,Lunes,0.0,20:00:00,,0.0,1,Moto/Ciclomotor,Av. Sorrento Y Av. Provincias Unidas,1,1,0,0,0,0,0,,Avenida,,ROSARIO,Rosario,Asfalto,Natural,II,Dentro,Urbana,Ninguna,No existe,Recta,Bueno,Buena,Diurna,Buen Tiempo,Otro,S/D,Colisión,Otro,Faltante,Ninguna,Sin restricción,POINT (-60.714102249999996 -32.9083328),"['Sorrento', 'Avenida Provincias Unidas']",2,Avenida Sorrento; Avenida Provincias Unidas,-32.9083328,-60.71410225,55.0,538.0,Municipio Rosario,Municipio,Rosario,820210,Servicio de Catastro e Información Territorial,IGN
2012,16681,2012-11-06,Martes,0.0,19:30:00,,0.0,2,"Moto/Ciclomotor,Otros",Pte.Quintana Y Santiago,2,1,0,0,0,0,1,,Calle,,ROSARIO,Rosario,Asfalto,No existe,II,Dentro,Urbana,Ninguna,No existe,Intersección,S/D,S/D,Atardecer,S/D,Lateral,S/D,Colisión,S/D,S/D,Ninguna,Sin restricción,POINT (-60.665064 -32.97934030000001),"['Quintana', 'Santiago']",2,"('Presidente Quintana', 'Santiago')",-32.97934030000001,-60.665064,55.0,538.0,Municipio Rosario,Municipio,Rosario,820210,Servicio de Catastro e Información Territorial,IGN
2012,16682,2012-11-06,Martes,0.0,13:05:00,,0.0,2,"Moto/Ciclomotor,Transporte de Pasajeros Urbano (> 8 asientos)",Av. Uriburu Y San Martin,3,1,0,0,1,0,1,,Avenida,,ROSARIO,Rosario,Asfalto,No existe,II,Dentro,Urbana,Semáforo,Funciona,Intersección,S/D,S/D,Diurna,S/D,Lateral,S/D,Colisión,S/D,S/D,Ninguna,Sin restricción,POINT (-60.646703949999996 -32.99069289999999),"['Uriburu', 'San Martin']",2,Avenida José Uriburu; José de San Martín,-32.99069289999999,-60.64670395,55.0,538.0,Municipio Rosario,Municipio,Rosario,820210,Servicio de Catastro e Información Territorial,IGN
2012,16683,2012-11-23,Viernes,0.0,05:00:00,,0.0,2,"Moto/Ciclomotor,Automóvil",España Y Cochabamba,3,2,0,0,0,0,1,,Calle,,ROSARIO,Rosario,Asfalto,No existe,II,S/D,S/D,Ninguna,No existe,Recta,Bueno,Buena,Diurna,Buen Tiempo,Lateral,S/D,Colisión,S/D,Faltante,Ninguna,Sin restricción,POINT (-60.649499 -32.9569347),"['España', 'Cochabamba']",2,España; Cochabamba,-32.9569347,-60.649499,55.0,538.0,Municipio Rosario,Municipio,Rosario,820210,Servicio de Catastro e Información Territorial,IGN
2012,16684,2012-11-24,Sabado,0.0,07:45:00,,0.0,2,"Automóvil,Automóvil",Callao Y Av. Pellegrini,2,1,0,0,1,0,0,,Calle,,ROSARIO,Rosario,Asfalto,No existe,II,Dentro,Urbana,Semáforo,Funciona,Intersección,Bueno,Buena,Diurna,Buen Tiempo,Lateral,S/D,Colisión,S/D,Horizontal,Ninguna,Sin restricción,POINT (-60.66283325 -32.95334939999999),"['Callao', 'Pellegrini']",2,Callao; Avenida Carlos Pellegrini,-32.95334939999999,-60.66283325,55.0,538.0,Municipio Rosario,Municipio,Rosario,820210,Servicio de Catastro e Información Territorial,IGN
2012,16685,2012-11-06,Martes,0.0,20:00:00,,0.0,2,"Moto/Ciclomotor,Automóvil",Bv. Segui Y Entre Rios,3,2,0,0,1,0,0,,Avenida,,ROSARIO,Rosario,Asfalto,No existe,II,Dentro,Urbana,Ninguna,No existe,Intersección,S/D,S/D,Nocturna,S/D,Lateral,S/D,Colisión,S/D,S/D,Ninguna,Sin restricción,POINT (-60.6491681 -32.97857979999999),"['Bulevar Juan Francisco Seguí', 'Entre Ríos']",2,Bulevar Juan Francisco Seguí; Entre Ríos,-32.97857979999999,-60.6491681,55.0,538.0,Municipio Rosario,Municipio,Rosario,820210,Servicio de Catastro e Información Territorial,IGN
2012,16686,2012-11-07,Miercoles,0.0,13:30:00,,0.0,2,"Moto/Ciclomotor,Automóvil",Bv. Oroño Y Av. Jorge Cura,2,1,0,0,0,0,1,,Avenida,,ROSARIO,Rosario,Asfalto,No existe,II,Dentro,Urbana,Ninguna,No existe,Otro,S/D,S/D,Diurna,S/D,De alcance,S/D,Colisión,S/D,Faltante,Ninguna,Sin restricción,POINT (-60.6603234 -32.971199399999996),"['Bulevar Nicasio Oroño', 'Avenida Jorge Cura']",2,Bulevar Nicasio Oroño; Avenida Jorge Cura,-32.9711994,-60.6603234,55.0,538.0,Municipio Rosario,Municipio,Rosario,820210,Servicio de Catastro e Información Territorial,IGN
2012,16687,2012-11-08,Jueves,0.0,18:30:00,,0.0,2,"Automóvil,Automóvil",Mr.Ross Y Entre Rios,2,1,0,0,1,0,0,,Calle,,ROSARIO,Rosario,Asfalto,No existe,II,Dentro,Urbana,Ninguna,No existe,Intersección,S/D,S/D,Atardecer,S/D,Lateral,S/D,Colisión,S/D,S/D,Ninguna,Sin restricción,POINT (-60.6514768 -32.98776199999999),"['Rodrigo M. Ross', 'Entre Ríos']",2,Rodrigo M. Ross; Entre Ríos,-32.98776199999999,-60.6514768,55.0,538.0,Municipio Rosario,Municipio,Rosario,820210,Servicio de Catastro e Información Territorial,IGN
2012,16691,2012-11-08,Jueves,0.0,17:30:00,,0.0,1,Bicicleta,Mr.Ross Y Pje. Humboldt,1,1,0,0,0,0,0,,Calle,,ROSARIO,Rosario,Asfalto,No existe,II,Dentro,Urbana,Ninguna,No existe,Intersección,S/D,S/D,Atardecer,S/D,S/D,S/D,Atropello,S/D,S/D,Ninguna,Sin restricción,POINT (-60.6474814 -32.988467),"['Rodrigo M. Ross', 'Humboldt']",2,Rodrigo M. Ross; Federico Humboldt,-32.988467,-60.6474814,55.0,538.0,Municipio Rosario,Municipio,Rosario,820210,Servicio de Catastro e Información Territorial,IGN
2012,16726,2012-11-23,Viernes,0.0,19:50:00,,0.0,2,"Automóvil,Moto/Ciclomotor",Av. Corrientes Y Hilarion de la Quintana,3,1,0,0,2,0,0,,Avenida,,ROSARIO,Rosario,Asfalto,No existe,II,Dentro,Urbana,Ninguna,No existe,Intersección,S/D,S/D,Atardecer,S/D,Lateral,S/D,Colisión,S/D,S/D,Ninguna,Sin restricción,POINT (-60.65331510000001 -33.0010946),"['Corrientes', 'Hilarión de la Quintana']",2,Corrientes; Hilarión de la Quintana,-33.0010946,-60.65331510000001,55.0,538.0,Municipio Rosario,Municipio,Rosario,820210,Servicio de Catastro e Información Territorial,IGN
2012,16728,2012-11-25,Domingo,0.0,13:00:00,,0.0,2,"Automóvil,Moto/Ciclomotor",España Y Av. Pellegrini,2,2,0,0,0,0,0,,Calle,,ROSARIO,Rosario,Asfalto,No existe,II,Dentro,Urbana,Semáforo,No existe,Intersección,Bueno,Buena,Diurna,Buen Tiempo,Lateral,S/D,Colisión,S/D,Horizontal,Ninguna,Sin restricción,POINT (-60.6492162 -32.95580995),"['España', 'Pellegrini']",2,España; Avenida Carlos Pellegrini,-32.95580995,-60.6492162,55.0,538.0,Municipio Rosario,Municipio,Rosario,820210,Servicio de Catastro e Información Territorial,IGN
2012,16729,2012-11-23,Viernes,0.0,20:00:00,,0.0,2,"Pickup/Utilitario,Moto/Ciclomotor",Alvear Y Saavedra,3,2,0,0,1,0,0,,Calle,,ROSARIO,Rosario,Asfalto,No existe,II,Dentro,Urbana,Ninguna,No existe,Intersección,S/D,S/D,Nocturna,S/D,Lateral,S/D,Colisión,S/D,S/D,Ninguna,Sin restricción,POINT (-60.662570099999996 -32.97499080000001),"['Alvear', 'Saavedra']",2,Alvear; Saavedra,-32.97499080000001,-60.6625701,55.0,538.0,Municipio Rosario,Municipio,Rosario,820210,Servicio de Catastro e Información Territorial,IGN
2012,16732,2012-11-27,Martes,0.0,05:30:00,,0.0,1,Moto/Ciclomotor,Av. Pellegrini Y Av. Ovidio Lagos,1,1,0,0,0,0,0,,Avenida,,ROSARIO,Rosario,Asfalto,No existe,II,Dentro,Urbana,Semáforo,Funciona,Intersección,Bueno,Reducida,Amanecer,Buen Tiempo,Lateral,S/D,Colisión,S/D,Horizontal,Ninguna,S/D,POINT (-60.664182350000004 -32.953107599999996),"['Pellegrini', 'Avenida Ovidio Lagos']",2,Avenida Carlos Pellegrini; Avenida Ovidio Lagos,-32.9531076,-60.66418235,55.0,538.0,Municipio Rosario,Municipio,Rosario,820210,Servicio de Catastro e Información Territorial,IGN
2012,16733,2012-11-28,Miercoles,0.0,06:14:00,,0.0,2,"Bicicleta,Automóvil",Av. Pellegrini Y Entre Rios,2,1,0,0,0,0,1,,Avenida,,ROSARIO,Rosario,Asfalto,No existe,II,Dentro,Urbana,Semáforo,Funciona,Intersección,Bueno,Buena,Amanecer,Buen Tiempo,Lateral,S/D,Atropello,S/D,Horizontal,Ninguna,Sin restricción,POINT (-60.6436612 -32.95680645),"['Pellegrini', 'Entre Ríos']",2,Avenida Carlos Pellegrini; Entre Ríos,-32.95680645,-60.6436612,55.0,538.0,Municipio Rosario,Municipio,Rosario,820210,Servicio de Catastro e Información Territorial,IGN
2012,16735,2012-11-23,Viernes,0.0,17:20:00,,0.0,2,"Moto/Ciclomotor,Peatón",J.J.Paso Y Larrea,3,3,0,0,0,0,0,,Calle,,ROSARIO,Rosario,Asfalto,No existe,II,Dentro,Urbana,Ninguna,No existe,Recta,Bueno,Buena,Diurna,Buen Tiempo,S/D,S/D,Colisión,S/D,Faltante,Ninguna,Sin restricción,POINT (-60.69799725 -32.91979094999999),"['Paso', 'Larrea']",2,Avenida Juan José Paso; Larrea,-32.91979094999999,-60.69799725,55.0,538.0,Municipio Rosario,Municipio,Rosario,820210,Servicio de Catastro e Información Territorial,IGN
2012,16736,2012-11-29,Jueves,0.0,15:00:00,,0.0,2,"Moto/Ciclomotor,Peatón",Av. Pellegrini Y Mariano Moreno,2,1,0,0,1,0,0,,Calle,,ROSARIO,Rosario,Asfalto,No existe,II,Dentro,Urbana,Semáforo,Funciona,Intersección,Bueno,Buena,Diurna,Buen Tiempo,S/D,S/D,Atropello,S/D,Horizontal,Ninguna,Sin restricción,POINT (-60.65335815 -32.955066949999996),"['Pellegrini', 'Mariano Moreno']",2,Avenida Carlos Pellegrini; Mariano Moreno,-32.95506695,-60.65335815,55.0,538.0,Municipio Rosario,Municipio,Rosario,820210,Servicio de Catastro e Información Territorial,IGN
2012,16737,2012-11-13,Martes,0.0,12:40:00,,0.0,2,"Peatón,Transporte de Pasajeros Urbano (> 8 asientos)",Bv. Oroño Y Urquiza,2,1,0,0,1,0,0,,Avenida,,ROSARIO,Rosario,Asfalto,No existe,II,Dentro,Urbana,Ninguna,No existe,Intersección,Bueno,Buena,Diurna,Buen Tiempo,Otro,S/D,Caída ocupante,S/D,Faltante,Ninguna,Sin restricción,POINT (-60.652427200000005 -32.940226100000004),"['Bulevar Nicasio Oroño', 'Urquiza']",2,Bulevar Nicasio Oroño; Justo José de Urquiza,-32.940226100000004,-60.652427200000005,55.0,538.0,Municipio Rosario,Municipio,Rosario,820210,Servicio de Catastro e Información Territorial,IGN
2012,16739,2012-11-29,Jueves,0.0,08:45:00,,0.0,1,Moto/Ciclomotor,Av. Pellegrini Y Alvear,2,1,0,0,0,0,1,,Calle,,ROSARIO,Rosario,Asfalto,No existe,II,Dentro,Urbana,Semáforo,Funciona,Intersección,Bueno,Buena,Diurna,Buen Tiempo,Lateral,S/D,Colisión,S/D,Horizontal,Ninguna,Sin restricción,POINT (-60.6574268 -32.95433405),"['Pellegrini', 'Alvear']",2,Avenida Carlos Pellegrini; Alvear,-32.95433405,-60.6574268,55.0,538.0,Municipio Rosario,Municipio,Rosario,820210,Servicio de Catastro e Información Territorial,IGN
2012,16740,2012-11-22,Jueves,0.0,,,0.0,2,"Bicicleta,Taxi/Remis",Ricchieri Y San Luis,3,1,0,0,1,0,1,,Calle,,ROSARIO,Rosario,Asfalto,S/D,II,Dentro,Urbana,S/D,S/D,Intersección,S/D,S/D,S/D,S/D,S/D,S/D,Colisión,S/D,S/D,Cordón divisorio,S/D,POINT (-60.6635007 -32.944650300000006),"['Ricchieri', 'San Luis']",2,Ricchieri; San Luis,-32.944650300000006,-60.6635007,55.0,538.0,Municipio Rosario,Municipio,Rosario,820210,Servicio de Catastro e Información Territorial,IGN
2012,16741,2012-11-30,Viernes,0.0,07:40:00,,0.0,2,"Automóvil,Moto/Ciclomotor",Cerrito Y Mitre,2,1,0,0,1,0,0,,Calle,,ROSARIO,Rosario,Asfalto,No existe,II,Dentro,Urbana,Ninguna,No existe,Intersección,Bueno,Buena,Diurna,Buen Tiempo,Lateral,S/D,Colisión,S/D,Faltante,Ninguna,Sin restricción,POINT (-60.6434414 -32.96161829999999),"['Cerrito', 'Mitre']",2,Cerrito; Bartolomé Mitre,-32.96161829999999,-60.6434414,55.0,538.0,Municipio Rosario,Municipio,Rosario,820210,Servicio de Catastro e Información Territorial,IGN
2012,16742,2012-11-22,Jueves,0.0,10:45:00,,0.0,2,"Pickup/Utilitario,Automóvil",Callao Y San Luis,2,1,0,0,1,0,0,,Calle,,ROSARIO,Rosario,Asfalto,S/D,II,Dentro,Urbana,S/D,S/D,Intersección,S/D,S/D,S/D,Otro,S/D,S/D,Colisión,S/D,S/D,Cordón divisorio,S/D,POINT (-60.660778500000006 -32.945124199999995),"['Callao', 'San Luis']",2,Callao; San Luis,-32.945124199999995,-60.660778500000006,55.0,538.0,Municipio Rosario,Municipio,Rosario,820210,Servicio de Catastro e Información Territorial,IGN
2012,16747,2012-11-24,Sabado,0.0,20:35:00,,0.0,2,"Automóvil,Moto/Ciclomotor",Crespo Y 24 De Setiembre,2,1,0,0,1,0,0,,Calle,,ROSARIO,Rosario,Asfalto,No existe,II,Dentro,Urbana,Ninguna,No existe,Intersección,Bueno,Buena,"Nocturna,Con luz artificial",Buen Tiempo,S/D,S/D,Colisión,S/D,Faltante,Ninguna,Sin restricción,POINT (-60.6767429 -32.974866100000014),"['Crespo', '24 de Septiembre']",2,Crespo; 24 de Septiembre,-32.974866100000014,-60.6767429,55.0,538.0,Municipio Rosario,Municipio,Rosario,820210,Servicio de Catastro e Información Territorial,IGN
2012,16748,2012-11-23,Viernes,0.0,08:15:00,,0.0,2,"Automóvil,Moto/Ciclomotor",Bv. Segui Y Paraguay,3,2,0,0,1,0,0,,Avenida,,ROSARIO,Rosario,Asfalto,No existe,II,Dentro,Urbana,S/D,No existe,Intersección,S/D,S/D,Diurna,S/D,Lateral,S/D,Colisión,S/D,S/D,S/D,Sin restricción,POINT (-60.6519554 -32.9780774),"['Bulevar Juan Francisco Seguí', 'Paraguay']",2,Bulevar Juan Francisco Seguí; Paraguay,-32.9780774,-60.6519554,55.0,538.0,Municipio Rosario,Municipio,Rosario,820210,Servicio de Catastro e Información Territorial,IGN
2012,16749,2012-11-24,Sabado,0.0,11:45:00,,0.0,2,"Moto/Ciclomotor,Transporte de Pasajeros Urbano (> 8 asientos)",Bv. Avellaneda Y Biedma,2,2,0,0,0,0,0,,Avenida,,ROSARIO,Rosario,Asfalto,No existe,II,Dentro,Urbana,Ninguna,No existe,Intersección,Bueno,Buena,Diurna,Buen Tiempo,Frontal,S/D,Colisión,S/D,Faltante,Barrera de hormigón,Sin restricción,POINT (-60.6879304 -32.97405175),"['Avellaneda', 'Coronel Biedma']",2,Bulevar Nicolás Avellaneda; Coronel Biedma,-32.97405175,-60.6879304,55.0,538.0,Municipio Rosario,Municipio,Rosario,820210,Servicio de Catastro e Información Territorial,IGN
2012,16751,2012-11-24,Sabado,0.0,08:20:00,,0.0,2,"Moto/Ciclomotor,Taxi/Remis",Benito Juarez Y Mitre,2,1,0,0,1,0,0,,Calle,,ROSARIO,Rosario,Asfalto,No existe,II,Dentro,Urbana,Ninguna,No existe,Intersección,S/D,S/D,Diurna,S/D,Lateral,S/D,Colisión,S/D,S/D,Ninguna,Sin restricción,POINT (-60.6507125 -32.99297109999999),"['Benito Juárez', 'Mitre']",2,Benito Juárez; Bartolomé Mitre,-32.99297109999999,-60.6507125,55.0,538.0,Municipio Rosario,Municipio,Rosario,820210,Servicio de Catastro e Información Territorial,IGN
2012,16754,2012-11-28,Miercoles,0.0,18:00:00,,0.0,2,"Automóvil,Automóvil",Bv. Segui Y Bv. Avellaneda,3,1,0,0,2,0,0,,Avenida,,ROSARIO,Rosario,Asfalto,No existe,II,Dentro,Urbana,Semáforo,Funciona,Intersección,Bueno,Buena,Con luz artificial,Buen Tiempo,Frontal,S/D,Colisión,S/D,Vertical,Cordón divisorio,Sin restricción,POINT (-60.68735266249999 -32.9717476875),"['Bulevar Juan Francisco Seguí', 'Avellaneda']",2,Bulevar Juan Francisco Seguí; Bulevar Nicolás Avellaneda,-32.9717476875,-60.68735266249999,55.0,538.0,Municipio Rosario,Municipio,Rosario,820210,Servicio de Catastro e Información Territorial,IGN
2012,16755,2012-11-24,Sabado,0.0,22:15:00,,0.0,2,"Moto/Ciclomotor,Automóvil",Bv. Segui Y 1 de Mayo,2,1,0,0,0,0,1,,Calle,,ROSARIO,Rosario,Asfalto,No existe,II,Dentro,Urbana,Ninguna,No existe,Intersección,S/D,S/D,Nocturna,S/D,Lateral,S/D,Colisión,S/D,S/D,Ninguna,Sin restricción,POINT (-60.63787925 -32.98061510000001),"['Bulevar Juan Francisco Seguí', 'Primero de Mayo']",2,Bulevar Juan Francisco Seguí; Primero de Mayo,-32.98061510000001,-60.63787925,55.0,538.0,Municipio Rosario,Municipio,Rosario,820210,Servicio de Catastro e Información Territorial,IGN
2012,16756,2012-11-25,Domingo,0.0,06:30:00,,0.0,2,"Moto/Ciclomotor,Automóvil",Garay Y Pte.Roca,2,1,0,0,1,0,0,,Calle,,ROSARIO,Rosario,Asfalto,No existe,II,Dentro,Urbana,Ninguna,No existe,Intersección,S/D,S/D,Amanecer,S/D,Lateral,S/D,Colisión,S/D,S/D,Ninguna,Sin restricción,POINT (-60.652180400000006 -32.9732656),"['Garay', 'Roca']",2,Juan de Garay; Presidente Roca,-32.9732656,-60.652180400000006,55.0,538.0,Municipio Rosario,Municipio,Rosario,820210,Servicio de Catastro e Información Territorial,IGN
2012,16758,2012-12-28,Viernes,0.0,18:00:00,,0.0,2,"Automóvil,Automóvil",Callao Y Urquiza,2,1,0,0,1,0,0,,Calle,,ROSARIO,Rosario,Asfalto,No existe,II,Dentro,Urbana,Semáforo,Funciona,Otro,Bueno,Buena,Diurna,S/D,Otro,S/D,Otro,Otro,Vertical,Ninguna,Sin restricción,POINT (-60.65924820000001 -32.93904169999998),"['Callao', 'Urquiza']",2,Callao; Justo José de Urquiza,-32.93904169999998,-60.65924820000001,55.0,538.0,Municipio Rosario,Municipio,Rosario,820210,Servicio de Catastro e Información Territorial,IGN
2012,16759,2012-11-26,Lunes,0.0,23:00:00,,0.0,2,"Peatón,Moto/Ciclomotor",Gaboto Y Paraguay,2,1,0,0,0,0,1,,Calle,,ROSARIO,Rosario,Asfalto,No existe,II,Dentro,Urbana,Ninguna,No existe,Intersección,S/D,S/D,Nocturna,Buen Tiempo,S/D,S/D,Atropello,S/D,S/D,Ninguna,Sin restricción,POINT (-60.65051780000001 -32.972348700000005),"['Gaboto', 'Paraguay']",2,Gaboto; Paraguay,-32.972348700000005,-60.65051780000001,55.0,538.0,Municipio Rosario,Municipio,Rosario,820210,Servicio de Catastro e Información Territorial,IGN
2012,16762,2012-12-27,Jueves,0.0,19:40:00,,0.0,1,Moto/Ciclomotor,Alsina Y Urquiza,1,1,0,0,0,0,0,,Calle,,ROSARIO,Rosario,S/D,Ripio,II,Dentro,Urbana,Ninguna,No existe,Recta,Bueno,Buena,Atardecer,Buen Tiempo,Otro,S/D,Otro,Otro,Faltante,Ninguna,Sin restricción,POINT (-60.675512999999995 -32.9361188),"['Alsina', 'Urquiza']",2,Alsina; Justo José de Urquiza,-32.9361188,-60.675513,55.0,538.0,Municipio Rosario,Municipio,Rosario,820210,Servicio de Catastro e Información Territorial,IGN