anio_acci,nro_acci,fecha,desc_dia,fecha_aprox,hora_aprox,desc_ruta,km,cant_participantes,desc_participante,calle_avenida_km,total,heridos_leves,heridos_graves,heridos_gravisimos,ilesos,fallecidos,sin_datos,posicion_XY,desc_tipo_via,desc_ruta_ori,desc_loc,desc_dpto,desc_tipo_calzada,desc_tipo_banquina,desc_unidad_regional,desc_lugar_calzada,desc_zona,desc_prioridad,desc_estado_semaforo,desc_lugar_via,desc_estado_via,desc_estado_visibilidad,desc_luminosidad,desc_estado_clima,desc_tipo_colision,desc_tipo_atropello,desc_tipo_hecho,desc_pres_calzada,desc_senializacion,desc_separacion_via,desc_restriccion,forma_geocod,calle_lista,numero_calles,calles_osm,lat,lon,index_right,gid,fna,gna,nam,in1,fdc,sag
2012,16764,2012-11-17,Sabado,0.0,13:30:00,,0.0,2,"Moto/Ciclomotor,Automóvil",Av. Ovidio Lagos Y Pte.Quintana,2,1,0,0,1,0,0,,Avenida,,ROSARIO,Rosario,Asfalto,S/D,II,Dentro,Urbana,Ninguna,S/D,Intersección,Bueno,Buena,Diurna,Buen Tiempo,Frontal,S/D,Colisión,S/D,S/D,Cordón divisorio,Sin restricción,POINT (-60.673529259999995 -32.99244282),"['Avenida Ovidio Lagos', 'Quintana']",2,Avenida Ovidio Lagos; Presidente Quintana,-32.99244282,-60.67352926,55.0,538.0,Municipio Rosario,Municipio,Rosario,820210,Servicio de Catastro e Información Territorial,IGN
2012,16765,2012-11-27,Martes,0.0,09:00:00,,0.0,2,"Automóvil,Automóvil",Gaboto Y Alvear,2,2,0,0,0,0,0,,Calle,,ROSARIO,Rosario,Asfalto,No existe,II,Dentro,Urbana,Ninguna,No existe,Intersección,S/D,S/D,Diurna,S/D,Lateral,S/D,Colisión,S/D,S/D,Ninguna,Sin restricción,POINT (-60.6614422 -32.970403299999994),"['Gaboto', 'Alvear']",2,Gaboto; Alvear,-32.970403299999994,-60.6614422,55.0,538.0,Municipio Rosario,Municipio,Rosario,820210,Servicio de Catastro e Información Territorial,IGN
2012,16767,2012-12-24,Lunes,0.0,05:30:00,,0.0,2,"Moto/Ciclomotor,Automóvil",San Nicolas Y San Lorenzo,2,1,0,0,1,0,0,,Calle,,ROSARIO,Rosario,Asfalto,S/D,II,Dentro,Urbana,Ninguna,S/D,Otro,Bueno,Buena,Amanecer,Buen Tiempo,Otro,S/D,Otro,Otro,Faltante,Ninguna,Sin restricción,POINT (-60.67174630000001 -32.9380145),"['San Nicolás', 'San Lorenzo']",2,San Nicolás; San Lorenzo,-32.9380145,-60.67174630000001,55.0,538.0,Municipio Rosario,Municipio,Rosario,820210,Servicio de Catastro e Información Territorial,IGN
2012,16769,2012-11-27,Martes,0.0,13:40:00,,0.0,2,"Moto/Ciclomotor,Automóvil",Vera Mujica Y Bv. Segui,2,1,0,0,1,0,0,,Avenida,,ROSARIO,Rosario,Asfalto,No existe,II,Dentro,Urbana,Ninguna,No existe,Intersección,Bueno,Buena,Diurna,Buen Tiempo,Frontal,S/D,Colisión,S/D,Faltante,Cordón divisorio,Sin restricción,POINT (-60.6751543 -32.973938649999994),"['Vera Mujíca', 'Bulevar Juan Francisco Seguí']",2,Vera Mujíca; Bulevar Juan Francisco Seguí,-32.973938649999994,-60.6751543,55.0,538.0,Municipio Rosario,Municipio,Rosario,820210,Servicio de Catastro e Información Territorial,IGN
2012,16771,2012-12-23,Domingo,0.0,13:00:00,,0.0,2,"Bicicleta,Pickup/Utilitario",Salta 2900,2,1,0,0,1,0,0,,Calle,,ROSARIO,Rosario,S/D,No existe,II,Dentro,Urbana,Semáforo,Funciona,Recta,Bueno,Buena,Diurna,Buen Tiempo,Otro,S/D,Atropello,Otro,S/D,Ninguna,Sin restricción,"-32.9349736, -60.6608855",['Salta 2900'],1,Salta 2900,-32.9349736,-60.6608855,55.0,538.0,Municipio Rosario,Municipio,Rosario,820210,Servicio de Catastro e Información Territorial,IGN
2012,16772,2012-11-27,Martes,0.0,18:25:00,,0.0,2,"Moto/Ciclomotor,Automóvil",San Martin 5000,2,1,0,0,1,0,0,,Calle,,ROSARIO,Rosario,Asfalto,No existe,II,Dentro,Urbana,Ninguna,No existe,Intersección,S/D,S/D,Atardecer,S/D,Frontal,S/D,Colisión,S/D,S/D,Ninguna,Sin restricción,"-32.9621322, -60.6405848",['San Martin 5000'],1,San Martin 5000,-32.9621322,-60.6405848,55.0,538.0,Municipio Rosario,Municipio,Rosario,820210,Servicio de Catastro e Información Territorial,IGN
2012,16774,2012-11-27,Martes,0.0,21:10:00,,0.0,2,"Automóvil,Automóvil",Bv. Segui Y Mitre,2,1,0,0,1,0,0,,Avenida,,ROSARIO,Rosario,Asfalto,No existe,II,Dentro,Urbana,Ninguna,No existe,Intersección,Bueno,S/D,Nocturna,S/D,Lateral,S/D,Colisión,S/D,S/D,Ninguna,Sin restricción,POINT (-60.6477426 -32.97883275),"['Bulevar Juan Francisco Seguí', 'Mitre']",2,Bulevar Juan Francisco Seguí; Bartolomé Mitre,-32.97883275,-60.6477426,55.0,538.0,Municipio Rosario,Municipio,Rosario,820210,Servicio de Catastro e Información Territorial,IGN
2012,16775,2012-11-28,Miercoles,0.0,07:40:00,,0.0,2,"Moto/Ciclomotor,Moto/Ciclomotor",Bv. Segui Y Av. Corrientes,2,2,0,0,0,0,0,,Avenida,,ROSARIO,Rosario,Asfalto,No existe,II,Dentro,Urbana,Ninguna,No existe,Intersección,Bueno,S/D,Diurna,S/D,Lateral,S/D,Colisión,S/D,S/D,Ninguna,Sin restricción,POINT (-60.65060229999999 -32.97832124999999),"['Bulevar Juan Francisco Seguí', 'Corrientes']",2,Bulevar Juan Francisco Seguí; Corrientes,-32.97832124999999,-60.65060229999999,55.0,538.0,Municipio Rosario,Municipio,Rosario,820210,Servicio de Catastro e Información Territorial,IGN
2012,16776,2012-12-22,Sabado,0.0,11:00:00,,0.0,2,"Automóvil,Moto/Ciclomotor",San Lorenzo Y Crespo,2,1,0,0,0,0,1,,Calle,,ROSARIO,Rosario,Asfalto,No existe,II,Dentro,Urbana,Ninguna,No existe,Recta,Bueno,Buena,Diurna,Buen Tiempo,Otro,S/D,Otro,S/D,Vertical,Ninguna,Sin restricción,POINT (-60.66769409999999 -32.938742999999995),"['San Lorenzo', 'Crespo']",2,San Lorenzo; Crespo,-32.938742999999995,-60.66769409999999,55.0,538.0,Municipio Rosario,Municipio,Rosario,820210,Servicio de Catastro e Información Territorial,IGN
2012,16778,2012-11-29,Jueves,0.0,09:00:00,,0.0,2,"Moto/Ciclomotor,Pickup/Utilitario",Mr.Ross Y San Martin,2,1,0,0,1,0,0,,Calle,,ROSARIO,Rosario,Asfalto,No existe,II,Dentro,Urbana,Ninguna,No existe,Intersección,S/D,S/D,S/D,S/D,Frontal,S/D,Colisión,S/D,S/D,Ninguna,Sin restricción,POINT (-60.646259300000004 -32.98868269999999),"['Rodrigo M. Ross', 'San Martin']",2,Rodrigo M. Ross; José de San Martín,-32.98868269999999,-60.6462593,55.0,538.0,Municipio Rosario,Municipio,Rosario,820210,Servicio de Catastro e Información Territorial,IGN
2012,16779,2012-12-21,Viernes,0.0,15:30:00,,0.0,2,"Bicicleta,Pickup/Utilitario",Ricchieri Y Santa Fe,2,1,0,0,1,0,0,,Calle,,ROSARIO,Rosario,Asfalto,No existe,II,Dentro,Urbana,Semáforo,Funciona,Recta,Bueno,Buena,Diurna,Buen Tiempo,Otro,S/D,Atropello,Otro,Vertical,Ninguna,Sin restricción,POINT (-60.6625073 -32.94067769999999),"['Ricchieri', 'Santa Fe']",2,Ricchieri; Santa Fe,-32.94067769999999,-60.6625073,55.0,538.0,Municipio Rosario,Municipio,Rosario,820210,Servicio de Catastro e Información Territorial,IGN
2012,16780,2012-11-29,Jueves,0.0,08:20:00,,0.0,2,"Moto/Ciclomotor,Automóvil",Bv. Segui Y Italia,3,2,0,0,1,0,0,,Avenida,,ROSARIO,Rosario,Asfalto,No existe,II,Dentro,Urbana,Ninguna,No existe,Intersección,S/D,S/D,Diurna,S/D,Lateral,S/D,Colisión,S/D,S/D,Ninguna,Sin restricción,POINT (-60.6560807 -32.977334),"['Bulevar Juan Francisco Seguí', 'Italia']",2,Bulevar Juan Francisco Seguí; Italia,-32.977334,-60.6560807,55.0,538.0,Municipio Rosario,Municipio,Rosario,820210,Servicio de Catastro e Información Territorial,IGN
2012,16781,2012-12-20,Jueves,0.0,01:50:00,,0.0,2,"Moto/Ciclomotor,Automóvil",Suipacha Y Tucuman,2,1,0,0,1,0,0,,Calle,,ROSARIO,Rosario,Asfalto,No existe,II,Dentro,Urbana,Ninguna,Funciona,Recta,Otro,Buena,Diurna,Buen Tiempo,Otro,S/D,Otro,Otro,Faltante,Ninguna,Sin restricción,POINT (-60.662997 -32.937165199999995),"['Suipacha', 'Tucumán']",2,Suipacha; Tucumán,-32.937165199999995,-60.662997,55.0,538.0,Municipio Rosario,Municipio,Rosario,820210,Servicio de Catastro e Información Territorial,IGN
2012,16782,2012-11-27,Martes,0.0,12:30:00,,0.0,1,Moto/Ciclomotor,Av. Ovidio Lagos Y Garibaldi,2,1,0,0,0,0,1,,Avenida,,ROSARIO,Rosario,Asfalto,No existe,II,Dentro,Urbana,Ninguna,Funciona,Intersección,Bueno,Buena,Diurna,Buen Tiempo,Frontal,S/D,Colisión,S/D,Vertical,Cordón divisorio,Sin restricción,POINT (-60.671054299999994 -32.981854),"['Avenida Ovidio Lagos', 'José Garibaldi']",2,Avenida Ovidio Lagos; José Garibaldi,-32.981854,-60.6710543,55.0,538.0,Municipio Rosario,Municipio,Rosario,820210,Servicio de Catastro e Información Territorial,IGN
2012,16783,2012-11-28,Miercoles,0.0,22:30:00,,0.0,2,"Automóvil,Bicicleta",Av. Ovidio Lagos Y J.M.Gutierrez,2,1,0,0,1,0,0,,Avenida,,ROSARIO,Rosario,Asfalto,No existe,II,Dentro,Urbana,Semáforo,Funciona,Recta,Bueno,Buena,Con luz artificial,Buen Tiempo,Frontal,S/D,Colisión,S/D,Vertical,Cordón divisorio,Sin restricción,POINT (-60.674154 -32.994811549999994),"['Avenida Ovidio Lagos', 'Gutierrez']",2,Avenida Ovidio Lagos; Ricardo Gutierrez,-32.994811549999994,-60.674154,55.0,538.0,Municipio Rosario,Municipio,Rosario,820210,Servicio de Catastro e Información Territorial,IGN
2012,16784,2012-11-29,Jueves,0.0,09:50:00,,0.0,2,"Moto/Ciclomotor,Bicicleta",Biedma Y Crespo,2,1,1,0,0,0,0,,Calle,,ROSARIO,Rosario,Asfalto,No existe,II,Dentro,Urbana,Ninguna,No existe,Intersección,Bueno,Buena,Diurna,Buen Tiempo,S/D,S/D,Atropello,S/D,Faltante,Ninguna,Sin restricción,POINT (-60.6770336 -32.976011799999995),"['Coronel Biedma', 'Crespo']",2,Coronel Biedma; Crespo,-32.976011799999995,-60.6770336,55.0,538.0,Municipio Rosario,Municipio,Rosario,820210,Servicio de Catastro e Información Territorial,IGN
2012,16785,2012-11-29,Jueves,0.0,13:30:00,,0.0,2,"Automóvil,Moto/Ciclomotor",Garibaldi Y Dorrego,3,2,0,0,1,0,0,,Calle,,ROSARIO,Rosario,Asfalto,No existe,II,Dentro,Urbana,Ninguna,No existe,Intersección,S/D,S/D,Diurna,S/D,Lateral,S/D,Colisión,S/D,S/D,Ninguna,Sin restricción,POINT (-60.6592046 -32.984001500000005),"['José Garibaldi', 'Dorrego']",2,José Garibaldi; Manuel Dorrego,-32.984001500000005,-60.6592046,55.0,538.0,Municipio Rosario,Municipio,Rosario,820210,Servicio de Catastro e Información Territorial,IGN
2012,16786,2012-12-20,Jueves,0.0,17:40:00,,0.0,2,"Pickup/Utilitario,Automóvil",San Lorenzo Y San Nicolas,3,2,0,0,1,0,0,,Calle,,ROSARIO,Rosario,Asfalto,No existe,II,Dentro,Urbana,Ninguna,No existe,Recta,Bueno,Buena,Diurna,Buen Tiempo,Otro,S/D,Otro,Otro,Faltante,Ninguna,Sin restricción,POINT (-60.67174630000001 -32.9380145),"['San Lorenzo', 'San Nicolás']",2,San Lorenzo; San Nicolás,-32.9380145,-60.67174630000001,55.0,538.0,Municipio Rosario,Municipio,Rosario,820210,Servicio de Catastro e Información Territorial,IGN
2012,16787,2012-11-29,Jueves,0.0,17:30:00,,0.0,2,"Bicicleta,Pickup/Utilitario",Fragata Sarmiento Y Callao,2,1,0,0,1,0,0,,Calle,,ROSARIO,Rosario,Asfalto,No existe,II,Dentro,Urbana,Ninguna,No existe,Intersección,S/D,S/D,Amanecer,S/D,Lateral,S/D,Atropello,S/D,S/D,Ninguna,Sin restricción,POINT (-60.6718211 -32.98890930000001),"['Fragata Sarmiento', 'Callao']",2,Fragata Sarmiento; Callao,-32.98890930000001,-60.6718211,55.0,538.0,Municipio Rosario,Municipio,Rosario,820210,Servicio de Catastro e Información Territorial,IGN
2012,16788,2012-12-19,Miercoles,0.0,09:30:00,,0.0,2,"Automóvil,Automóvil",Av. Ovidio Lagos Y Urquiza,3,2,0,0,1,0,0,,Avenida,,ROSARIO,Rosario,Asfalto,No existe,II,Dentro,Urbana,Semáforo,Funciona,Otro,Otro,Buena,Diurna,Buen Tiempo,Otro,S/D,Otro,Otro,Vertical,Ninguna,Sin restricción,POINT (-60.660585299999994 -32.938803599999986),"['Avenida Ovidio Lagos', 'Urquiza']",2,Avenida Ovidio Lagos; Justo José de Urquiza,-32.938803599999986,-60.6605853,55.0,538.0,Municipio Rosario,Municipio,Rosario,820210,Servicio de Catastro e Información Territorial,IGN
2012,16789,2012-11-29,Jueves,0.0,22:25:00,,0.0,2,"Automóvil,Moto/Ciclomotor",Mr.Ross Y San Martin,2,1,0,0,1,0,0,,Calle,,ROSARIO,Rosario,Asfalto,No existe,II,Dentro,Urbana,Ninguna,No existe,Intersección,S/D,S/D,Nocturna,S/D,Lateral,S/D,Colisión,S/D,S/D,Ninguna,Sin restricción,POINT (-60.646259300000004 -32.98868269999999),"['Rodrigo M. Ross', 'San Martin']",2,Rodrigo M. Ross; José de San Martín,-32.98868269999999,-60.6462593,55.0,538.0,Municipio Rosario,Municipio,Rosario,820210,Servicio de Catastro e Información Territorial,IGN
2012,16790,2012-12-17,Lunes,0.0,18:20:00,,0.0,2,"Automóvil,Moto/Ciclomotor",Constitucion Y Tucuman,2,1,0,0,0,0,1,,Calle,,ROSARIO,Rosario,Asfalto,No existe,II,Dentro,Urbana,Ninguna,No existe,Recta,Bueno,Buena,Diurna,Buen Tiempo,Otro,S/D,Colisión,Otro,Faltante,Ninguna,Sin restricción,POINT (-60.6725235 -32.93542209999999),"['Constitución', 'Tucumán']",2,Constitución; Tucumán,-32.93542209999999,-60.6725235,55.0,538.0,Municipio Rosario,Municipio,Rosario,820210,Servicio de Catastro e Información Territorial,IGN
2012,16791,2012-11-30,Viernes,0.0,21:55:00,,0.0,2,"Automóvil,Moto/Ciclomotor",Mitre Y Pje. Casablanca,3,2,0,0,1,0,0,,Calle,,ROSARIO,Rosario,Asfalto,No existe,II,Dentro,Urbana,Ninguna,No existe,Intersección,S/D,S/D,Nocturna,S/D,Lateral,S/D,Colisión,S/D,S/D,Ninguna,Sin restricción,POINT (-60.647907599999996 -32.97947049999999),"['Mitre', 'Casablanca']",2,Bartolomé Mitre; Casablanca,-32.97947049999999,-60.6479076,55.0,538.0,Municipio Rosario,Municipio,Rosario,820210,Servicio de Catastro e Información Territorial,IGN
2012,16792,2012-11-30,Viernes,0.0,16:00:00,,0.0,2,"Moto/Ciclomotor,Moto/Ciclomotor",Paraguay Y Av. Ntra.Sra.del Rosario,3,2,0,0,1,0,0,,Avenida,,ROSARIO,Rosario,Asfalto,No existe,II,Dentro,Urbana,Ninguna,No existe,Intersección,S/D,S/D,Diurna,S/D,Lateral,S/D,Colisión,S/D,S/D,Ninguna,Sin restricción,POINT (-60.654827 -33.000033800000004),"['Paraguay', 'Nuestra Señora del Rosario']",2,Paraguay; Puente Nuestra Señora del Rosario,-33.000033800000004,-60.654827,55.0,538.0,Municipio Rosario,Municipio,Rosario,820210,Servicio de Catastro e Información Territorial,IGN
2012,16794,2012-12-22,Sabado,0.0,,,0.0,2,"Automóvil,Pickup/Utilitario",Av. Jorge Newbery Y Bv. Wilde,3,2,0,0,0,0,1,,Avenida,,ROSARIO,Rosario,S/D,S/D,II,Dentro,Urbana,S/D,S/D,S/D,S/D,S/D,S/D,S/D,S/D,S/D,S/D,S/D,S/D,S/D,S/D,POINT (-60.73985405 -32.90873845),"['Jorge Newbery', 'Bulevar Wilde']",2,Avenida Jorge Newbery; Bulevar Wilde,-32.90873845,-60.73985405,55.0,538.0,Municipio Rosario,Municipio,Rosario,820210,Servicio de Catastro e Información Territorial,IGN
2012,16795,2012-12-29,Sabado,0.0,09:30:00,,0.0,2,"Moto/Ciclomotor,Automóvil",travesia  Y rossini ,2,1,0,0,1,0,0,,Calle,,ROSARIO,Rosario,S/D,S/D,II,Dentro,Urbana,S/D,S/D,S/D,S/D,S/D,S/D,S/D,S/D,S/D,S/D,S/D,S/D,S/D,S/D,POINT (-60.685213399999995 -32.92290599999999),"['Avenida Travesía Albert Sabin', 'Rossini']",2,Avenida Travesía Albert Sabin; Pasaje Rossini,-32.92290599999999,-60.6852134,55.0,538.0,Municipio Rosario,Municipio,Rosario,820210,Servicio de Catastro e Información Territorial,IGN
2012,16797,2012-12-27,Jueves,0.0,07:00:00,,0.0,2,"Moto/Ciclomotor,Automóvil",J.B.Justo Y Tarragona,2,1,0,0,1,0,0,,Calle,,ROSARIO,Rosario,S/D,S/D,II,Dentro,Urbana,S/D,S/D,S/D,S/D,S/D,S/D,S/D,S/D,S/D,Colisión,S/D,S/D,S/D,S/D,POINT (-60.7343068 -32.934028),"['Justo', 'Tarragona']",2,"('Justo José de Urquiza', 'Tarragona')",-32.934028,-60.7343068,55.0,538.0,Municipio Rosario,Municipio,Rosario,820210,Servicio de Catastro e Información Territorial,IGN
2012,16799,2012-12-29,Sabado,0.0,,,0.0,1,Moto/Ciclomotor,Av. Circunvalacion 1977,1,1,0,0,0,0,0,,Avenida,,ROSARIO,Rosario,S/D,S/D,II,Dentro,Urbana,S/D,S/D,S/D,S/D,S/D,S/D,S/D,Contra objeto fijo,S/D,Colisión,S/D,S/D,S/D,S/D,"-32.9341145, -60.7229919",['Circunvalacion 1977'],1,Circunvalacion 1977,-32.9341145,-60.7229919,55.0,538.0,Municipio Rosario,Municipio,Rosario,820210,Servicio de Catastro e Información Territorial,IGN
2012,16848,2012-11-01,Jueves,0.0,13:48:00,,0.0,2,"Moto/Ciclomotor,Automóvil",Buenos Aires 2100,3,2,0,0,0,0,1,,Calle,,ROSARIO,Rosario,Asfalto,No existe,II,Dentro,Urbana,Ninguna,No existe,Recta,Bueno,Buena,Diurna,Buen Tiempo,Lateral,S/D,Colisión,S/D,S/D,Cordón divisorio,Sin restricción,"-32.9626812, -60.6365891",['Buenos Aires 2100'],1,Buenos Aires 2100,-32.9626812,-60.6365891,55.0,538.0,Municipio Rosario,Municipio,Rosario,820210,Servicio de Catastro e Información Territorial,IGN
2012,16851,2012-11-03,Sabado,0.0,10:45:00,,0.0,2,"Moto/Ciclomotor,Automóvil",L.N.Alem Y Cerrito,3,2,0,0,0,0,1,,Calle,,ROSARIO,Rosario,Asfalto,No existe,II,Dentro,Urbana,Señal Pare,No existe,Intersección,Bueno,Buena,Atardecer,Buen Tiempo,Lateral,S/D,Colisión,S/D,Vertical,Cordón divisorio,Sin restricción,POINT (-60.63213530000001 -32.96363290000001),"['Alem', 'Cerrito']",2,Leandro N. Alem; Cerrito,-32.96363290000001,-60.63213530000001,55.0,538.0,Municipio Rosario,Municipio,Rosario,820210,Servicio de Catastro e Información Territorial,IGN
2012,16875,2012-12-29,Sabado,0.0,12:00:00,,0.0,2,"Moto/Ciclomotor,Automóvil",bv. Avellaneda  Y travesia ,2,1,0,0,1,0,0,,Avenida,,ROSARIO,Rosario,Asfalto,S/D,II,Dentro,Urbana,S/D,Funciona,S/D,Bueno,Buena,Diurna,S/D,S/D,S/D,S/D,S/D,S/D,S/D,S/D,POINT (-60.67658666 -32.928876499999994),"['Avellaneda', 'Avenida Travesía Albert Sabin']",2,Bulevar Nicolás Avellaneda; Avenida Travesía Albert Sabin,-32.928876499999994,-60.67658666,55.0,538.0,Municipio Rosario,Municipio,Rosario,820210,Servicio de Catastro e Información Territorial,IGN
2012,16877,2012-12-03,Lunes,0.0,08:00:00,,0.0,2,"Automóvil,Moto/Ciclomotor",Tucuman Y Garzon,2,1,0,0,1,0,0,,Calle,,ROSARIO,Rosario,Asfalto,No existe,II,Dentro,Urbana,Ninguna,No existe,Intersección,Bueno,S/D,Diurna,Buen Tiempo,Frontal,S/D,Colisión,S/D,Faltante,Cordón divisorio,Sin restricción,POINT (-60.70603160000001 -32.932363699999996),"['Tucumán', 'Garzón']",2,Tucumán; Garzón,-32.9323637,-60.70603160000001,55.0,538.0,Municipio Rosario,Municipio,Rosario,820210,Servicio de Catastro e Información Territorial,IGN
2012,16881,2012-12-17,Lunes,0.0,15:50:00,,0.0,2,"Automóvil,Automóvil",Av. Francia 100,4,2,0,0,2,0,0,,Avenida,,ROSARIO,Rosario,S/D,S/D,II,Dentro,Urbana,S/D,S/D,S/D,S/D,Buena,S/D,S/D,S/D,S/D,Colisión,S/D,S/D,S/D,S/D,"-32.9332411, -60.6636129",['Francia 100'],1,Francia 100,-32.9332411,-60.6636129,55.0,538.0,Municipio Rosario,Municipio,Rosario,820210,Servicio de Catastro e Información Territorial,IGN
2012,16882,2012-12-22,Sabado,0.0,16:00:00,,0.0,2,"Moto/Ciclomotor,Automóvil",Valparaiso Y San Lorenzo,3,2,0,0,1,0,0,,Calle,,ROSARIO,Rosario,Asfalto,No existe,II,Dentro,Urbana,Ninguna,No existe,Intersección,Bueno,Buena,Diurna,S/D,Lateral,S/D,Colisión,S/D,Faltante,Ninguna,Sin restricción,POINT (-60.68124529999999 -32.93631500000001),"['Valparaíso', 'San Lorenzo']",2,Valparaíso; San Lorenzo,-32.93631500000001,-60.68124529999999,55.0,538.0,Municipio Rosario,Municipio,Rosario,820210,Servicio de Catastro e Información Territorial,IGN
2012,16883,2012-12-24,Lunes,0.0,,,0.0,2,"Automóvil,Bicicleta",Av. Alberdi Bis Y French,2,1,0,0,1,0,0,,Avenida,,ROSARIO,Rosario,Asfalto,S/D,II,Dentro,Urbana,Semáforo,S/D,Recta,Bueno,S/D,S/D,Buen Tiempo,Frontal,S/D,Colisión,Otro,Horizontal,Cordón divisorio,Sin restricción,POINT (-60.68109575 -32.920867199999996),"['Alberdi', 'French']",2,Avenida Alberdi; Domingo French,-32.9208672,-60.68109575,55.0,538.0,Municipio Rosario,Municipio,Rosario,820210,Servicio de Catastro e Información Territorial,IGN
2012,16884,2012-11-05,Lunes,0.0,10:40:00,,0.0,2,"Moto/Ciclomotor,Automóvil",Bv. 27 De Febrero 828,2,1,0,0,1,0,0,,Avenida,,ROSARIO,Rosario,Asfalto,S/D,II,S/D,Urbana,Ninguna,S/D,Recta,Bueno,S/D,S/D,Buen Tiempo,Frontal,S/D,Colisión,S/D,Faltante,Ninguna,Sin restricción,"-32.96807796326531, -60.639913193877554",['27 De Febrero 828'],1,27 De Febrero 828,-32.96807796326531,-60.639913193877554,55.0,538.0,Municipio Rosario,Municipio,Rosario,820210,Servicio de Catastro e Información Territorial,IGN
2012,16885,2012-11-06,Martes,0.0,18:30:00,,0.0,2,"Automóvil,Moto/Ciclomotor",Ocampo Y Ayacucho,4,4,0,0,0,0,0,,Calle,,ROSARIO,Rosario,Asfalto,No existe,II,Dentro,Urbana,Ninguna,No existe,Intersección,Bueno,Buena,Atardecer,Buen Tiempo,Lateral,S/D,Colisión,S/D,S/D,Ninguna,Sin restricción,POINT (-60.6319408 -32.9684595),"['Ocampo', 'Ayacucho']",2,Ocampo; Ayacucho,-32.9684595,-60.6319408,55.0,538.0,Municipio Rosario,Municipio,Rosario,820210,Servicio de Catastro e Información Territorial,IGN
2012,16886,2012-11-09,Viernes,0.0,19:50:00,,0.0,2,"Automóvil,Moto/Ciclomotor",Bv. 27 De Febrero Y Buenos Aires,2,0,1,0,1,0,0,,Avenida,,ROSARIO,Rosario,Asfalto,No existe,II,Dentro,Urbana,Semáforo,Funciona,Intersección,Bueno,Buena,Atardecer,Buen Tiempo,Lateral,S/D,Colisión,S/D,Vertical,Ninguna,Sin restricción,POINT (-60.638013349999994 -32.9685675),"['27 de Febrero', 'Buenos Aires']",2,Bulevar 27 de Febrero; Buenos Aires,-32.9685675,-60.63801335,55.0,538.0,Municipio Rosario,Municipio,Rosario,820210,Servicio de Catastro e Información Territorial,IGN
2012,16887,2012-11-12,Lunes,0.0,,,0.0,2,"Automóvil,Automóvil",Maipu Y Ituzaingo,2,2,0,0,0,0,0,,Calle,,ROSARIO,Rosario,Asfalto,No existe,II,Dentro,Urbana,Semáforo,Funciona,Intersección,Bueno,Buena,Diurna,Buen Tiempo,De alcance,S/D,Colisión,S/D,Vertical,Ninguna,Sin restricción,POINT (-60.6390085 -32.961221599999995),"['Maipú', 'Ituzaingó']",2,Maipú; Ituzaingó,-32.961221599999995,-60.6390085,55.0,538.0,Municipio Rosario,Municipio,Rosario,820210,Servicio de Catastro e Información Territorial,IGN
2012,16890,2012-11-30,Viernes,0.0,21:55:00,,0.0,2,"Moto/Ciclomotor,Automóvil",Sanchez de Loria Y Av. Jorge Newbery,4,1,0,0,0,0,3,,Avenida,,ROSARIO,Rosario,S/D,S/D,II,S/D,Urbana,S/D,S/D,S/D,S/D,S/D,S/D,S/D,S/D,S/D,Colisión,S/D,S/D,S/D,S/D,POINT (-60.733099159999995 -32.90848276),"['Sánchez de Loria', 'Jorge Newbery']",2,Sánchez de Loria; Avenida Jorge Newbery,-32.90848276,-60.73309916,55.0,538.0,Municipio Rosario,Municipio,Rosario,820210,Servicio de Catastro e Información Territorial,IGN
2012,16891,2012-12-02,Domingo,0.0,21:15:00,,0.0,2,"Moto/Ciclomotor,Moto/Ciclomotor",Av. Genova Y Gonzalez del Solar,2,1,0,0,1,0,0,,Avenida,,ROSARIO,Rosario,Asfalto,No existe,II,Dentro,Urbana,Ninguna,No existe,Recta,S/D,Buena,Nocturna,Buen Tiempo,Frontal,S/D,Colisión,S/D,Horizontal,Barrera de hormigón,Sin restricción,POINT (-60.7374882 -32.91666469999999),"['Genova', 'González del Solar']",2,Avenida Génova; González del Solar,-32.91666469999999,-60.7374882,55.0,538.0,Municipio Rosario,Municipio,Rosario,820210,Servicio de Catastro e Información Territorial,IGN
2012,16892,2012-12-27,Jueves,0.0,,,0.0,2,"Moto/Ciclomotor,Automóvil",Av. Genova Y L.M.Drago Bis,3,1,0,0,2,0,0,,Avenida,,ROSARIO,Rosario,Asfalto,S/D,II,Dentro,Urbana,Ninguna,S/D,Recta,Bueno,S/D,S/D,Buen Tiempo,S/D,S/D,Colisión,S/D,Faltante,Ninguna,Sin restricción,POINT (-60.676565800000006 -32.914958799999994),"['Genova', 'Drago']",2,Avenida Génova; Drago,-32.914958799999994,-60.676565800000006,55.0,538.0,Municipio Rosario,Municipio,Rosario,820210,Servicio de Catastro e Información Territorial,IGN