anio_acci,nro_acci,fecha,desc_dia,fecha_aprox,hora_aprox,desc_ruta,km,cant_participantes,desc_participante,calle_avenida_km,total,heridos_leves,heridos_graves,heridos_gravisimos,ilesos,fallecidos,sin_datos,posicion_XY,desc_tipo_via,desc_ruta_ori,desc_loc,desc_dpto,desc_tipo_calzada,desc_tipo_banquina,desc_unidad_regional,desc_lugar_calzada,desc_zona,desc_prioridad,desc_estado_semaforo,desc_lugar_via,desc_estado_via,desc_estado_visibilidad,desc_luminosidad,desc_estado_clima,desc_tipo_colision,desc_tipo_atropello,desc_tipo_hecho,desc_pres_calzada,desc_senializacion,desc_separacion_via,desc_restriccion,forma_geocod,calle_lista,numero_calles,calles_osm,lat,lon,index_right,gid,fna,gna,nam,in1,fdc,sag
2012,16895,2012-10-24,Miercoles,0.0,17:15:00,,0.0,2,"Bicicleta,Automóvil",Almafuerte Y Ferreyra,3,2,0,0,1,0,0,,Calle,,ROSARIO,Rosario,Asfalto,No existe,II,Dentro,Urbana,Señal Pare,No existe,Intersección,Bueno,Buena,Diurna,Buen Tiempo,Lateral,S/D,Atropello,S/D,Horizontal,Ninguna,Sin restricción,POINT (-60.6803136 -32.917233100000004),"['Almafuerte', 'Ferreyra']",2,Almafuerte; Ferreyra,-32.917233100000004,-60.6803136,55.0,538.0,Municipio Rosario,Municipio,Rosario,820210,Servicio de Catastro e Información Territorial,IGN
2012,16897,2012-12-28,Viernes,0.0,13:50:00,,0.0,2,"Automóvil,Moto/Ciclomotor",Warnes Y Superi,2,1,0,0,1,0,0,,Calle,,ROSARIO,Rosario,Asfalto,No existe,II,Dentro,Urbana,Ninguna,No existe,Recta,Bueno,Buena,Diurna,Buen Tiempo,De alcance,S/D,Colisión,Otro,Faltante,Ninguna,Sin restricción,POINT (-60.6939113 -32.89455149999999),"['Warnes', 'Superi']",2,Ignacio Warnes; Comandante José Superí,-32.89455149999999,-60.6939113,55.0,538.0,Municipio Rosario,Municipio,Rosario,820210,Servicio de Catastro e Información Territorial,IGN
2012,16898,2012-12-07,Viernes,0.0,18:00:00,,0.0,2,"Automóvil,Moto/Ciclomotor",Jose Ingenieros Y Sanchez de Loria,2,1,0,0,1,0,0,,Calle,,ROSARIO,Rosario,Asfalto,No existe,II,Dentro,Urbana,Ninguna,No existe,Recta,Bueno,Buena,Atardecer,Buen Tiempo,Frontal,S/D,Colisión,S/D,Horizontal,Barrera de hormigón,Sin restricción,POINT (-60.7327403 -32.9176176),"['José Ingenieros', 'Sánchez de Loria']",2,José Ingenieros; Sánchez de Loria,-32.9176176,-60.7327403,55.0,538.0,Municipio Rosario,Municipio,Rosario,820210,Servicio de Catastro e Información Territorial,IGN
2012,16899,2012-12-27,Jueves,0.0,13:30:00,,0.0,2,"Automóvil,Moto/Ciclomotor",Calvo Y Av. Sorrento,2,1,0,0,1,0,0,,Avenida,,ROSARIO,Rosario,Asfalto,No existe,II,Dentro,Urbana,Ninguna,No existe,Recta,Bueno,Buena,Nocturna,Buen Tiempo,Lateral,S/D,Colisión,Otro,Faltante,Cordón divisorio,Sin restricción,POINT (-60.70268475 -32.90744885),"['Calvo', 'Sorrento']",2,Calvo; Avenida Sorrento,-32.90744885,-60.70268475,55.0,538.0,Municipio Rosario,Municipio,Rosario,820210,Servicio de Catastro e Información Territorial,IGN
2012,16900,2012-12-01,Sabado,0.0,10:00:00,,0.0,4,"Moto/Ciclomotor,Automóvil,Taxi/Remis,Automóvil",Av. Jorge Newbery Y Av. Circunvalacion,4,1,0,0,3,0,0,,Avenida,,ROSARIO,Rosario,S/D,S/D,II,S/D,Urbana,S/D,S/D,S/D,S/D,S/D,S/D,S/D,S/D,S/D,Colisión,S/D,S/D,S/D,S/D,POINT (-60.72420769617581 -32.90836527388018),"['Jorge Newbery', 'Circunvalacion']",2,Avenida Jorge Newbery; Avenida de Circunvalación 25 de Mayo,-32.90836527388018,-60.72420769617581,55.0,538.0,Municipio Rosario,Municipio,Rosario,820210,Servicio de Catastro e Información Territorial,IGN
2012,16902,2012-12-25,Martes,0.0,21:10:00,,0.0,2,"Moto/Ciclomotor,Automóvil",J.C.Casas Y Washington,3,2,0,0,1,0,0,,Calle,,ROSARIO,Rosario,Asfalto,Pavimento,II,Dentro,Urbana,Ninguna,No existe,Recta,Bueno,Buena,Nocturna,Buen Tiempo,Otro,S/D,Colisión,Otro,Faltante,Cordón divisorio,Sin restricción,POINT (-60.7007901 -32.9034752),"['Casas', 'Washington']",2,Pasaje M. Casas; Washington,-32.9034752,-60.7007901,55.0,538.0,Municipio Rosario,Municipio,Rosario,820210,Servicio de Catastro e Información Territorial,IGN
2012,16903,2012-12-24,Lunes,0.0,08:00:00,,0.0,1,Automóvil,Casiano Casas 140,2,2,0,0,0,0,0,,Calle,,ROSARIO,Rosario,Asfalto,No existe,II,Dentro,Urbana,Semáforo,Funciona,Recta,Bueno,Buena,Diurna,Buen Tiempo,Contra objeto fijo,S/D,Colisión,Otro,Horizontal,Cordón divisorio,Sin restricción,"-32.8980472, -60.7130456",['Casiano Casas 140'],1,Casiano Casas 140,-32.8980472,-60.7130456,55.0,538.0,Municipio Rosario,Municipio,Rosario,820210,Servicio de Catastro e Información Territorial,IGN
2012,16904,2012-12-01,Sabado,0.0,,,0.0,1,Moto/Ciclomotor,Sanchez de Loria Y J.B.Justo,1,1,0,0,0,0,0,,Calle,,ROSARIO,Rosario,S/D,S/D,II,S/D,Urbana,S/D,S/D,S/D,S/D,S/D,S/D,S/D,S/D,S/D,Caída ocupante,S/D,S/D,S/D,S/D,POINT (-60.7319484 -32.933974199999994),"['Sánchez de Loria', 'Justo']",2,"('Sánchez de Loria', 'Justo José de Urquiza')",-32.933974199999994,-60.7319484,55.0,538.0,Municipio Rosario,Municipio,Rosario,820210,Servicio de Catastro e Información Territorial,IGN
2012,16906,2012-12-02,Domingo,0.0,19:40:00,,0.0,2,"Moto/Ciclomotor,Automóvil",Av. Jorge Newbery Y Donado,2,1,0,0,1,0,0,,Avenida,,ROSARIO,Rosario,Asfalto,S/D,II,S/D,Urbana,S/D,S/D,Intersección,S/D,S/D,S/D,S/D,Frontal,S/D,Colisión,S/D,S/D,S/D,S/D,POINT (-60.728404966666666 -32.908371466666665),"['Jorge Newbery', 'Donado']",2,Avenida Jorge Newbery; José Agustín Donado,-32.908371466666665,-60.728404966666666,55.0,538.0,Municipio Rosario,Municipio,Rosario,820210,Servicio de Catastro e Información Territorial,IGN
2012,16907,2012-12-20,Jueves,0.0,16:30:00,,0.0,2,"Moto/Ciclomotor,Automóvil",Av. Sorrento Y Donizetti,2,1,0,0,1,0,0,,Avenida,,ROSARIO,Rosario,Asfalto,No existe,II,Dentro,Urbana,Ninguna,No existe,Recta,Bueno,Buena,Atardecer,Buen Tiempo,De alcance,S/D,Colisión,Otro,Faltante,Cordón divisorio,Sin restricción,POINT (-60.69459945 -32.90726469999999),"['Sorrento', 'Donizetti']",2,Avenida Sorrento; Donizetti,-32.90726469999999,-60.69459945,55.0,538.0,Municipio Rosario,Municipio,Rosario,820210,Servicio de Catastro e Información Territorial,IGN
2012,16908,2012-12-25,Martes,0.0,18:30:00,,0.0,1,Moto/Ciclomotor,Pacheco 2000,2,2,0,0,0,0,0,,Calle,,ROSARIO,Rosario,Asfalto,No existe,II,Dentro,Urbana,Ninguna,No existe,Recta,Bueno,Buena,Diurna,Buen Tiempo,Atropello animal,S/D,Caída ocupante,Otro,Faltante,Ninguna,Sin restricción,"-32.9096702, -60.6925977",['Pacheco 2000'],1,Pacheco 2000,-32.9096702,-60.6925977,55.0,538.0,Municipio Rosario,Municipio,Rosario,820210,Servicio de Catastro e Información Territorial,IGN
2012,16909,2012-12-28,Viernes,0.0,07:45:00,,0.0,2,"Moto/Ciclomotor,Automóvil",Av. Casiano Casas Y Av. Sorrento,2,1,0,0,1,0,0,,Avenida,,ROSARIO,Rosario,Asfalto,No existe,II,Dentro,Urbana,Semáforo,Funciona,Recta,Bueno,Buena,Diurna,Buen Tiempo,De alcance,S/D,Colisión,Otro,Horizontal,Cordón divisorio,Sin restricción,POINT (-60.695695025 -32.90729415),"['Avenida Casiano Casas', 'Sorrento']",2,Avenida Casiano Casas; Avenida Sorrento,-32.90729415,-60.695695025,55.0,538.0,Municipio Rosario,Municipio,Rosario,820210,Servicio de Catastro e Información Territorial,IGN
2012,16945,2012-12-18,Martes,0.0,13:50:00,,0.0,2,"Peatón,Automóvil",Av. Eva Peron Y Av. Provincias Unidas,2,1,0,0,0,0,1,,Avenida,,ROSARIO,Rosario,Asfalto,No existe,II,Dentro,Urbana,Ninguna,Funciona,Recta,Bueno,Buena,Atardecer,Buen Tiempo,S/D,S/D,Atropello,S/D,Vertical,Barrera de hormigón,Sin restricción,POINT (-60.712952900000005 -32.933009625),"['Avenida Eva Perón', 'Avenida Provincias Unidas']",2,Avenida Eva Perón; Avenida Provincias Unidas,-32.933009625,-60.712952900000005,55.0,538.0,Municipio Rosario,Municipio,Rosario,820210,Servicio de Catastro e Información Territorial,IGN
2012,16946,2012-12-23,Domingo,0.0,13:45:00,,0.0,2,"Moto/Ciclomotor,Automóvil",Av. Provincias Unidas Y Arevalo,2,1,0,0,1,0,0,,Avenida,,ROSARIO,Rosario,Asfalto,No existe,II,Dentro,Urbana,Ninguna,No existe,Recta,Bueno,Buena,Atardecer,Buen Tiempo,Frontal,S/D,Colisión,S/D,Horizontal,Barrera de hormigón,Sin restricción,POINT (-60.713046500000004 -32.9306845),"['Avenida Provincias Unidas', 'Arévalo']",2,Avenida Provincias Unidas; Arévalo,-32.9306845,-60.7130465,55.0,538.0,Municipio Rosario,Municipio,Rosario,820210,Servicio de Catastro e Información Territorial,IGN
2012,16947,2012-12-28,Viernes,0.0,16:00:00,,0.0,2,"Automóvil,Automóvil",Av. Eva Peron Y Colombia,3,1,0,0,2,0,0,,Calle,,ROSARIO,Rosario,Asfalto,No existe,II,Dentro,Urbana,Ninguna,No existe,Recta,Bueno,Buena,Diurna,Buen Tiempo,Frontal,S/D,Colisión,S/D,Horizontal,Barrera de hormigón,Sin restricción,POINT (-60.71654285000001 -32.9323615),"['Avenida Eva Perón', 'Colombia']",2,Avenida Eva Perón; Colombia,-32.9323615,-60.71654285000001,55.0,538.0,Municipio Rosario,Municipio,Rosario,820210,Servicio de Catastro e Información Territorial,IGN
2012,16958,2012-12-26,Miercoles,0.0,19:05:00,,0.0,2,"Moto/Ciclomotor,Peatón",J.J.Paso Y Solis,2,1,0,0,1,0,0,,Calle,,ROSARIO,Rosario,Asfalto,No existe,II,Dentro,Urbana,Semáforo,Funciona,Recta,Bueno,Buena,Diurna,Buen Tiempo,Frontal,S/D,Atropello,Otro,Faltante,Ninguna,Sin restricción,POINT (-60.7041987 -32.91997529999999),"['Paso', 'Solis']",2,Avenida Juan José Paso; Juan Díaz de Solís,-32.91997529999999,-60.7041987,55.0,538.0,Municipio Rosario,Municipio,Rosario,820210,Servicio de Catastro e Información Territorial,IGN
2012,16961,2012-12-26,Miercoles,0.0,19:30:00,,0.0,2,"Automóvil,Bicicleta",Mejico Y J.B.Justo,2,1,0,0,1,0,0,,Calle,,ROSARIO,Rosario,Asfalto,No existe,II,Dentro,Urbana,Ninguna,No existe,Intersección,Bueno,Buena,Diurna,Buen Tiempo,Lateral,S/D,Atropello,S/D,Faltante,Ninguna,Sin restricción,POINT (-60.7187564 -32.9335947),"['Mejico', 'Justo']",2,"('Méjico', 'Justo José de Urquiza')",-32.9335947,-60.7187564,55.0,538.0,Municipio Rosario,Municipio,Rosario,820210,Servicio de Catastro e Información Territorial,IGN
2012,16963,2012-12-27,Jueves,0.0,20:30:00,,0.0,2,"Moto/Ciclomotor,Peatón",Fraga 1293,3,1,0,0,2,0,0,,Calle,,ROSARIO,Rosario,Asfalto,No existe,II,Dentro,Urbana,Ninguna,No existe,Recta,Bueno,Buena,Nocturna,Buen Tiempo,De alcance,S/D,Atropello,S/D,S/D,Ninguna,Sin restricción,"-32.94290815102041, -60.71005564693878",['Fraga 1293'],1,Fraga 1293,-32.94290815102041,-60.71005564693878,55.0,538.0,Municipio Rosario,Municipio,Rosario,820210,Servicio de Catastro e Información Territorial,IGN
2012,16966,2012-12-28,Viernes,0.0,19:00:00,,0.0,2,"Moto/Ciclomotor,Moto/Ciclomotor",Fraga Y J.J.Paso,3,2,0,0,1,0,0,,Calle,,ROSARIO,Rosario,Asfalto,No existe,II,Dentro,Urbana,Ninguna,No existe,Intersección,Bueno,Buena,Diurna,Buen Tiempo,Lateral,S/D,Colisión,S/D,S/D,Ninguna,Sin restricción,POINT (-60.7114309 -32.9201859),"['Fraga', 'Paso']",2,Rosendo María Fraga; Avenida Juan José Paso,-32.9201859,-60.7114309,55.0,538.0,Municipio Rosario,Municipio,Rosario,820210,Servicio de Catastro e Información Territorial,IGN
2012,16967,2012-12-01,Sabado,0.0,15:20:00,,0.0,2,"Automóvil,Automóvil",Av. Francia Y La Paz,5,2,0,0,3,0,0,,Avenida,,ROSARIO,Rosario,Asfalto,S/D,II,Dentro,Urbana,Semáforo,S/D,Intersección,Bueno,Buena,Diurna,Buen Tiempo,Otro,S/D,Colisión,S/D,S/D,S/D,Sin restricción,POINT (-60.6699873 -32.95925095),"['Avenida Francia', 'La Paz']",2,Avenida Francia; La Paz,-32.95925095,-60.6699873,55.0,538.0,Municipio Rosario,Municipio,Rosario,820210,Servicio de Catastro e Información Territorial,IGN
2012,16968,2012-12-28,Viernes,0.0,14:00:00,,0.0,3,"Automóvil,Automóvil,Automóvil",AV. SORRENTO  Y CIRCUNVALACION ,3,1,0,0,2,0,0,,Avenida,,ROSARIO,Rosario,Asfalto,No existe,II,Dentro,Urbana,Semáforo,Funciona,Recta,Bueno,S/D,S/D,Buen Tiempo,De alcance,S/D,Colisión,S/D,S/D,Ninguna,Sin restricción,POINT (-60.72270983333334 -32.90836276666666),"['Sorrento', 'Circunvalacion']",2,"('Avenida Sorrento', 'Juan Pablo II')",-32.90836276666666,-60.72270983333334,55.0,538.0,Municipio Rosario,Municipio,Rosario,820210,Servicio de Catastro e Información Territorial,IGN
2012,16969,2012-12-07,Viernes,0.0,23:15:00,,0.0,2,"Camión,Moto/Ciclomotor",Maipu Y San Luis,3,2,0,0,1,0,0,,Calle,,ROSARIO,Rosario,Asfalto,No existe,II,Dentro,Urbana,Semáforo,Funciona,Intersección,Bueno,S/D,Nocturna,S/D,Lateral,S/D,Colisión,S/D,S/D,Cordón divisorio,S/D,POINT (-60.63589509999999 -32.949566),"['Maipú', 'San Luis']",2,Maipú; San Luis,-32.949566,-60.63589509999999,55.0,538.0,Municipio Rosario,Municipio,Rosario,820210,Servicio de Catastro e Información Territorial,IGN
2012,16970,2012-12-01,Sabado,0.0,02:20:00,,0.0,2,"Automóvil,Automóvil",Av. Pte.Peron Y Constitucion,3,3,0,0,0,0,0,,Avenida,,ROSARIO,Rosario,Asfalto,S/D,II,Dentro,Urbana,Semáforo,Funciona,Intersección,S/D,Buena,Nocturna,Buen Tiempo,Frontal,S/D,Colisión,S/D,S/D,S/D,Sin restricción,POINT (-60.677956699999996 -32.95693165),"['Avenida Presidente Perón', 'Constitución']",2,Avenida Presidente Perón; Constitución,-32.95693165,-60.6779567,55.0,538.0,Municipio Rosario,Municipio,Rosario,820210,Servicio de Catastro e Información Territorial,IGN
2012,16973,2012-12-03,Lunes,0.0,15:00:00,,0.0,2,"Automóvil,Moto/Ciclomotor",Av. Pte.Peron Y Pascual Rosas,2,1,0,0,1,0,0,,Avenida,,ROSARIO,Rosario,Asfalto,Pavimento,II,Dentro,Urbana,Semáforo,Funciona,Intersección,Bueno,Buena,Diurna,Buen Tiempo,Otro,S/D,Colisión,S/D,S/D,Barrera de hormigón,Sin restricción,POINT (-60.691128500000005 -32.95845274999999),"['Avenida Presidente Perón', 'Pascual Rosas']",2,Avenida Presidente Perón; Pascual Rosas,-32.95845274999999,-60.691128500000005,55.0,538.0,Municipio Rosario,Municipio,Rosario,820210,Servicio de Catastro e Información Territorial,IGN
2012,16974,2012-12-03,Lunes,0.0,17:00:00,,0.0,2,"Automóvil,Moto/Ciclomotor",Bv. Avellaneda Y Bv. 27 De Febrero,3,2,0,0,1,0,0,,Avenida,,ROSARIO,Rosario,Asfalto,Pavimento,II,Dentro,Urbana,Semáforo,Funciona,Intersección,Bueno,Buena,Diurna,Buen Tiempo,Otro,S/D,Colisión,S/D,S/D,S/D,Sin restricción,POINT (-60.68448515 -32.96026405),"['Avellaneda', '27 de Febrero']",2,Bulevar Nicolás Avellaneda; Bulevar 27 de Febrero,-32.96026405,-60.68448515,55.0,538.0,Municipio Rosario,Municipio,Rosario,820210,Servicio de Catastro e Información Territorial,IGN
2012,16976,2012-12-11,Martes,0.0,19:55:00,,0.0,2,"Peatón,Moto/Ciclomotor",Buenos Aires 1300,2,1,0,0,1,0,0,,Calle,,ROSARIO,Rosario,Asfalto,S/D,II,Dentro,Urbana,Paso Peatonal,S/D,Recta,Bueno,Buena,Diurna,S/D,Otro,S/D,Atropello,S/D,S/D,Cordón divisorio,S/D,"-32.95362, -60.6343135",['Buenos Aires 1300'],1,Buenos Aires 1300,-32.95362,-60.6343135,55.0,538.0,Municipio Rosario,Municipio,Rosario,820210,Servicio de Catastro e Información Territorial,IGN
2012,16978,2012-12-22,Sabado,0.0,08:05:00,,0.0,2,"Transporte de Pasajeros Urbano (> 8 asientos),Moto/Ciclomotor",9 De Julio Y Laprida,3,1,0,0,2,0,0,,Calle,,ROSARIO,Rosario,Asfalto,S/D,II,Dentro,Urbana,Señal Pare,S/D,Intersección,Bueno,S/D,Diurna,S/D,Lateral,S/D,Colisión,S/D,S/D,Cordón divisorio,S/D,POINT (-60.6360021 -32.9546257),"['9 de Julio', 'Laprida']",2,9 de Julio; Francisco Narciso Laprida,-32.9546257,-60.6360021,55.0,538.0,Municipio Rosario,Municipio,Rosario,820210,Servicio de Catastro e Información Territorial,IGN
2012,16981,2012-12-04,Martes,0.0,16:00:00,,0.0,2,"Automóvil,Moto/Ciclomotor",Iriondo Y Ituzaingo,2,1,0,0,1,0,0,,Calle,,ROSARIO,Rosario,Asfalto,S/D,II,Dentro,Urbana,Otra Señal,No existe,Intersección,Bueno,S/D,Diurna,Buen Tiempo,S/D,S/D,Colisión,S/D,Horizontal,S/D,Sin restricción,POINT (-60.6732131 -32.955089599999994),"['Iriondo', 'Ituzaingó']",2,Iriondo; Ituzaingó,-32.955089599999994,-60.6732131,55.0,538.0,Municipio Rosario,Municipio,Rosario,820210,Servicio de Catastro e Información Territorial,IGN
2012,16982,2012-12-24,Lunes,0.0,04:30:00,,0.0,2,"Automóvil,Moto/Ciclomotor",Montevideo Y Buenos Aires,2,1,0,0,1,0,0,,Calle,,ROSARIO,Rosario,Asfalto,S/D,II,Dentro,Urbana,Ninguna,S/D,Intersección,Bueno,S/D,"Nocturna,Con luz artificial",S/D,Lateral,S/D,Colisión,S/D,S/D,Cordón divisorio,S/D,POINT (-60.63512970000001 -32.9570983),"['Montevideo', 'Buenos Aires']",2,Montevideo; Buenos Aires,-32.9570983,-60.63512970000001,55.0,538.0,Municipio Rosario,Municipio,Rosario,820210,Servicio de Catastro e Información Territorial,IGN
2012,16985,2012-12-28,Viernes,0.0,13:35:00,,0.0,2,"Moto/Ciclomotor,Pickup/Utilitario",J.M.de Rosas Y E.Zeballos,2,1,0,0,1,0,0,,Calle,,ROSARIO,Rosario,Asfalto,S/D,II,Dentro,Urbana,S/D,S/D,Intersección,Bueno,S/D,Diurna,S/D,Lateral,S/D,Colisión,S/D,S/D,Cordón divisorio,S/D,POINT (-60.6334392 -32.95639589999999),"['De Rosas', 'Zeballos']",2,Juan Manuel de Rosas; Zeballos,-32.95639589999999,-60.6334392,55.0,538.0,Municipio Rosario,Municipio,Rosario,820210,Servicio de Catastro e Información Territorial,IGN
2012,16987,2012-12-05,Miercoles,0.0,18:30:00,,0.0,2,"Automóvil,Moto/Ciclomotor",Av. Francia Y Godoy Cruz,2,1,0,0,1,0,0,,Avenida,,ROSARIO,Rosario,Asfalto,S/D,II,Dentro,Urbana,Semáforo,Funciona,Intersección,Bueno,Buena,Diurna,Buen Tiempo,Otro,S/D,Colisión,S/D,S/D,S/D,Sin restricción,POINT (-60.669141599999996 -32.95590709999999),"['Avenida Francia', 'Avenida Presidente Perón']",2,Avenida Francia; Avenida Presidente Perón,-32.95590709999999,-60.6691416,55.0,538.0,Municipio Rosario,Municipio,Rosario,820210,Servicio de Catastro e Información Territorial,IGN
2012,16988,2012-12-25,Martes,0.0,09:55:00,,0.0,2,"Moto/Ciclomotor,Taxi/Remis",Pte.Roca Y Rioja,4,2,0,0,2,0,0,,Calle,,ROSARIO,Rosario,Asfalto,S/D,II,Dentro,Urbana,S/D,S/D,Intersección,S/D,S/D,Diurna,S/D,Otro,S/D,Colisión,S/D,S/D,S/D,S/D,POINT (-60.6453839 -32.94636289999999),"['Roca', 'Rioja']",2,Presidente Roca; Rioja,-32.94636289999999,-60.6453839,55.0,538.0,Municipio Rosario,Municipio,Rosario,820210,Servicio de Catastro e Información Territorial,IGN
2012,16991,2012-12-09,Domingo,0.0,15:00:00,,0.0,2,"Automóvil,Peatón",Godoy Cruz Y Cafferata,2,1,0,0,1,0,0,,Calle,,ROSARIO,Rosario,Asfalto,Pavimento,II,Dentro,Urbana,Semáforo,Funciona,Intersección,Bueno,Buena,Diurna,Buen Tiempo,Otro,S/D,"Colisión,Atropello",S/D,S/D,S/D,Sin restricción,POINT (-60.674993900000004 -32.9565943),"['Avenida Presidente Perón', 'Cafferata']",2,Avenida Presidente Perón; Cafferata,-32.9565943,-60.6749939,55.0,538.0,Municipio Rosario,Municipio,Rosario,820210,Servicio de Catastro e Información Territorial,IGN
2012,16992,2012-12-25,Martes,0.0,16:30:00,,0.0,2,"Automóvil,Transporte de Pasajeros Urbano (> 8 asientos)",Mitre Y Rioja,3,1,0,0,2,0,0,,Calle,,ROSARIO,Rosario,Asfalto,S/D,II,Dentro,Urbana,S/D,S/D,Intersección,S/D,S/D,S/D,S/D,Otro,S/D,Colisión,S/D,S/D,S/D,S/D,POINT (-60.63989050000001 -32.947396000000005),"['Mitre', 'Rioja']",2,Bartolomé Mitre; Rioja,-32.947396000000005,-60.63989050000001,55.0,538.0,Municipio Rosario,Municipio,Rosario,820210,Servicio de Catastro e Información Territorial,IGN
2012,16994,2012-12-24,Lunes,0.0,14:30:00,,0.0,2,"Moto/Ciclomotor,Automóvil",Sarmiento Y E.Zeballos,3,1,0,0,2,0,0,,Calle,,ROSARIO,Rosario,Asfalto,S/D,II,Dentro,Urbana,S/D,S/D,Intersección,S/D,S/D,Diurna,S/D,Otro,S/D,Colisión,S/D,S/D,Ninguna,S/D,POINT (-60.640305899999994 -32.95503369999999),"['Sarmiento', 'Zeballos']",2,Sarmiento; Zeballos,-32.95503369999999,-60.6403059,55.0,538.0,Municipio Rosario,Municipio,Rosario,820210,Servicio de Catastro e Información Territorial,IGN
2012,16996,2012-12-22,Sabado,0.0,21:50:00,,0.0,2,"Bicicleta,Transporte de Pasajeros Urbano (> 8 asientos)",Av. Corrientes Y 9 De Julio,2,1,0,0,1,0,0,,Calle,,ROSARIO,Rosario,Asfalto,S/D,II,Dentro,Urbana,S/D,S/D,Intersección,S/D,S/D,Nocturna,S/D,Otro,S/D,Atropello,S/D,S/D,S/D,S/D,POINT (-60.64417650000001 -32.95310819999999),"['Corrientes', '9 de Julio']",2,Corrientes; 9 de Julio,-32.95310819999999,-60.64417650000001,55.0,538.0,Municipio Rosario,Municipio,Rosario,820210,Servicio de Catastro e Información Territorial,IGN
2012,16997,2012-12-14,Viernes,0.0,10:30:00,,0.0,2,"Automóvil,Automóvil",Bv. 27 De Febrero Y Vera Mujica,2,1,0,0,1,0,0,,Avenida,,ROSARIO,Rosario,Asfalto,S/D,II,Dentro,Urbana,Semáforo,S/D,Intersección,Bueno,Buena,Diurna,S/D,Otro,S/D,Colisión,S/D,S/D,S/D,Sin restricción,POINT (-60.67224804999999 -32.96245619999999),"['27 de Febrero', 'Vera Mujíca']",2,Bulevar 27 de Febrero; Vera Mujíca,-32.96245619999999,-60.67224804999999,55.0,538.0,Municipio Rosario,Municipio,Rosario,820210,Servicio de Catastro e Información Territorial,IGN
2012,16998,2012-12-21,Viernes,0.0,11:30:00,,0.0,2,"Moto/Ciclomotor,Automóvil",Entre Rios Y Rioja,2,1,0,0,1,0,0,,Calle,,ROSARIO,Rosario,Asfalto,S/D,II,Dentro,Urbana,S/D,S/D,Intersección,S/D,S/D,Diurna,S/D,Otro,S/D,Colisión,S/D,S/D,S/D,S/D,POINT (-60.6412382 -32.947131699999986),"['Entre Ríos', 'Rioja']",2,Entre Ríos; Rioja,-32.947131699999986,-60.6412382,55.0,538.0,Municipio Rosario,Municipio,Rosario,820210,Servicio de Catastro e Información Territorial,IGN
2012,17002,2012-12-24,Lunes,0.0,20:45:00,,0.0,2,"Automóvil,Moto/Ciclomotor",Zuviria Y Solis,2,1,0,0,1,0,0,,Calle,,ROSARIO,Rosario,Asfalto,No existe,II,Dentro,Urbana,Ninguna,No existe,Intersección,Bueno,Buena,Nocturna,Buen Tiempo,Otro,S/D,Colisión,S/D,Horizontal,Ninguna,Sin restricción,POINT (-60.7035474 -32.9366897),"['Zuviría', 'Solis']",2,Juez José María Zuviría; Juan Díaz de Solís,-32.9366897,-60.7035474,55.0,538.0,Municipio Rosario,Municipio,Rosario,820210,Servicio de Catastro e Información Territorial,IGN
2012,17003,2012-12-20,Jueves,0.0,16:30:00,,0.0,2,"Automóvil,Pickup/Utilitario",E.Zeballos Y Italia,2,1,0,0,1,0,0,,Calle,,ROSARIO,Rosario,Asfalto,S/D,II,Dentro,Urbana,S/D,S/D,Recta,S/D,S/D,Diurna,S/D,Otro,S/D,Colisión,S/D,S/D,S/D,S/D,POINT (-60.650023 -32.95327000000001),"['Zeballos', 'Italia']",2,Zeballos; Italia,-32.95327000000001,-60.650023,55.0,538.0,Municipio Rosario,Municipio,Rosario,820210,Servicio de Catastro e Información Territorial,IGN
2012,17004,2012-12-20,Jueves,0.0,14:00:00,,0.0,2,"Automóvil,Moto/Ciclomotor",Av. Provincias Unidas Y Rio Negro,2,1,0,0,1,0,0,,Avenida,,ROSARIO,Rosario,Asfalto,No existe,II,Dentro,Urbana,Ninguna,No existe,Recta,Bueno,Buena,Diurna,Buen Tiempo,Otro,S/D,Colisión,Otro,Horizontal,Barrera de hormigón,Sin restricción,POINT (-60.71235555 -32.94607385),"['Avenida Provincias Unidas', 'Rio Negro']",2,Avenida Provincias Unidas; Río Negro,-32.94607385,-60.71235555,55.0,538.0,Municipio Rosario,Municipio,Rosario,820210,Servicio de Catastro e Información Territorial,IGN
2012,17005,2012-12-20,Jueves,0.0,07:50:00,,0.0,2,"Peatón,Bicicleta",San Luis Y Mitre,2,1,0,0,1,0,0,,Calle,,ROSARIO,Rosario,Asfalto,S/D,II,Dentro,Urbana,S/D,S/D,Intersección,S/D,S/D,Diurna,S/D,Otro,S/D,Atropello,S/D,S/D,S/D,S/D,POINT (-60.64024150000001 -32.9487917),"['San Luis', 'Mitre']",2,San Luis; Bartolomé Mitre,-32.9487917,-60.64024150000001,55.0,538.0,Municipio Rosario,Municipio,Rosario,820210,Servicio de Catastro e Información Territorial,IGN
2012,17007,2012-12-19,Miercoles,0.0,13:30:00,,0.0,2,"Moto/Ciclomotor,Automóvil",Mendoza Y Dorrego,2,1,0,0,1,0,0,,Calle,,ROSARIO,Rosario,Asfalto,S/D,II,Dentro,Urbana,S/D,S/D,Intersección,S/D,S/D,Diurna,S/D,Otro,S/D,Colisión,S/D,S/D,S/D,S/D,POINT (-60.6504762 -32.949572799999984),"['Mendoza', 'Dorrego']",2,Mendoza; Manuel Dorrego,-32.949572799999984,-60.6504762,55.0,538.0,Municipio Rosario,Municipio,Rosario,820210,Servicio de Catastro e Información Territorial,IGN