anio_acci,nro_acci,fecha,desc_dia,fecha_aprox,hora_aprox,desc_ruta,km,cant_participantes,desc_participante,calle_avenida_km,total,heridos_leves,heridos_graves,heridos_gravisimos,ilesos,fallecidos,sin_datos,posicion_XY,desc_tipo_via,desc_ruta_ori,desc_loc,desc_dpto,desc_tipo_calzada,desc_tipo_banquina,desc_unidad_regional,desc_lugar_calzada,desc_zona,desc_prioridad,desc_estado_semaforo,desc_lugar_via,desc_estado_via,desc_estado_visibilidad,desc_luminosidad,desc_estado_clima,desc_tipo_colision,desc_tipo_atropello,desc_tipo_hecho,desc_pres_calzada,desc_senializacion,desc_separacion_via,desc_restriccion,forma_geocod,calle_lista,numero_calles,calles_osm,lat,lon,index_right,gid,fna,gna,nam,in1,fdc,sag
2012,17009,2012-12-15,Sabado,0.0,17:30:00,,0.0,2,"Automóvil,Pickup/Utilitario",Av. Pellegrini Y F.More,7,6,0,0,1,0,0,,Avenida,,ROSARIO,Rosario,Asfalto,No existe,II,Dentro,Urbana,Semáforo,Funciona,Intersección,Bueno,Buena,Diurna,Buen Tiempo,Otro,S/D,Colisión,S/D,Vertical,Barrera de hormigón,Sin restricción,POINT (-60.69342855000001 -32.94809525),"['Pellegrini', 'Felipe Moré']",2,Avenida Carlos Pellegrini; Felipe Moré,-32.94809525,-60.69342855000001,55.0,538.0,Municipio Rosario,Municipio,Rosario,820210,Servicio de Catastro e Información Territorial,IGN
2012,17043,2012-12-07,Viernes,0.0,11:30:00,,0.0,2,"Moto/Ciclomotor,Automóvil",Barra Y Derqui,2,1,0,0,1,0,0,,Calle,,ROSARIO,Rosario,Asfalto,No existe,II,Dentro,Urbana,Ninguna,No existe,Intersección,Bueno,Buena,Diurna,Buen Tiempo,Frontal,S/D,Colisión,Otro,Horizontal,Ninguna,Sin restricción,POINT (-60.706903800000006 -32.93785429999999),"['Barra', 'Derqui']",2,Barraco; Derqui,-32.93785429999999,-60.706903800000006,55.0,538.0,Municipio Rosario,Municipio,Rosario,820210,Servicio de Catastro e Información Territorial,IGN
2012,17044,2012-12-14,Viernes,0.0,10:25:00,,0.0,2,"Automóvil,Moto/Ciclomotor",Av. Eva Peron Y Fraga,2,1,0,0,1,0,0,,Avenida,,ROSARIO,Rosario,Asfalto,No existe,II,Dentro,Urbana,Semáforo,Funciona,Recta,Bueno,Buena,Diurna,Buen Tiempo,Lateral,S/D,Colisión,Otro,Vertical,Barrera de hormigón,Sin restricción,POINT (-60.7105603 -32.9334348),"['Avenida Eva Perón', 'Fraga']",2,Avenida Eva Perón; Rosendo María Fraga,-32.9334348,-60.7105603,55.0,538.0,Municipio Rosario,Municipio,Rosario,820210,Servicio de Catastro e Información Territorial,IGN
2012,17046,2012-12-14,Viernes,0.0,14:15:00,,0.0,2,"Moto/Ciclomotor,Automóvil",Av. Pellegrini Y Liniers,2,1,0,0,1,0,0,,Avenida,,ROSARIO,Rosario,Asfalto,No existe,II,Dentro,Urbana,Semáforo,Funciona,Recta,Bueno,Buena,Diurna,Buen Tiempo,Otro,S/D,Colisión,Otro,Vertical,Barrera de hormigón,Sin restricción,POINT (-60.69824345 -32.9482175),"['Pellegrini', 'Liniers']",2,"('Avenida Carlos Pellegrini', 'Liniers')",-32.9482175,-60.69824345,55.0,538.0,Municipio Rosario,Municipio,Rosario,820210,Servicio de Catastro e Información Territorial,IGN
2012,17047,2012-12-12,Miercoles,0.0,14:00:00,,0.0,2,"Automóvil,Moto/Ciclomotor",Mendoza Y Magallanes,2,1,0,0,1,0,0,,Calle,,ROSARIO,Rosario,Asfalto,No existe,II,Dentro,Urbana,Semáforo,Funciona,Recta,Bueno,Buena,Diurna,Otro,Otro,S/D,Colisión,S/D,Vertical,Barrera de hormigón,Sin restricción,POINT (-60.70449825 -32.940009499999995),"['Mendoza', 'Magallanes']",2,Mendoza; Magallanes,-32.940009499999995,-60.70449825,55.0,538.0,Municipio Rosario,Municipio,Rosario,820210,Servicio de Catastro e Información Territorial,IGN
2012,17048,2012-12-19,Miercoles,0.0,10:10:00,,0.0,1,Automóvil,Av. Corrientes Y Cordoba,2,1,0,0,1,0,0,,Calle,,ROSARIO,Rosario,S/D,S/D,II,Dentro,Urbana,S/D,Funciona,Intersección,S/D,S/D,Diurna,S/D,Otro,S/D,Colisión,S/D,S/D,S/D,S/D,POINT (-60.64233070000001 -32.94567669999999),"['Corrientes', 'Córdoba']",2,Corrientes; Córdoba,-32.94567669999999,-60.64233070000001,55.0,538.0,Municipio Rosario,Municipio,Rosario,820210,Servicio de Catastro e Información Territorial,IGN
2012,17049,2012-12-12,Miercoles,0.0,11:10:00,,0.0,2,"Pickup/Utilitario,Moto/Ciclomotor",Montevideo Y Larrea,2,1,0,0,1,0,0,,Calle,,ROSARIO,Rosario,Asfalto,No existe,II,Dentro,Urbana,Ninguna,No existe,Intersección,Bueno,Buena,Diurna,Buen Tiempo,Otro,S/D,Colisión,Otro,Horizontal,Ninguna,Sin restricción,POINT (-60.69698540000001 -32.947038899999995),"['Montevideo', 'Larrea']",2,Montevideo; Larrea,-32.947038899999995,-60.69698540000001,55.0,538.0,Municipio Rosario,Municipio,Rosario,820210,Servicio de Catastro e Información Territorial,IGN
2012,17051,2012-12-11,Martes,0.0,16:35:00,,0.0,2,"Automóvil,Automóvil",Av. Pellegrini Y Cullen,5,4,0,0,1,0,0,,Avenida,,ROSARIO,Rosario,Asfalto,No existe,II,Dentro,Urbana,Ninguna,Funciona,Intersección,Bueno,Buena,Diurna,Buen Tiempo,Otro,S/D,Colisión,Otro,Vertical,Barrera de hormigón,Sin restricción,POINT (-60.7087499 -32.9484991),"['Pellegrini', 'Cullen']",2,Avenida Carlos Pellegrini; Cullen,-32.9484991,-60.7087499,55.0,538.0,Municipio Rosario,Municipio,Rosario,820210,Servicio de Catastro e Información Territorial,IGN
2012,17053,2012-12-19,Miercoles,0.0,17:00:00,,0.0,2,"Moto/Ciclomotor,Automóvil",Sarmiento Y 9 De Julio,3,1,0,0,2,0,0,,Calle,,ROSARIO,Rosario,Asfalto,S/D,II,Dentro,Urbana,S/D,S/D,Intersección,S/D,S/D,Diurna,S/D,Otro,S/D,Colisión,S/D,S/D,S/D,S/D,POINT (-60.6400191 -32.9538711),"['Sarmiento', '9 de Julio']",2,Sarmiento; 9 de Julio,-32.9538711,-60.6400191,55.0,538.0,Municipio Rosario,Municipio,Rosario,820210,Servicio de Catastro e Información Territorial,IGN
2012,17081,2012-12-10,Lunes,0.0,10:15:00,,0.0,2,"Pickup/Utilitario,Moto/Ciclomotor",Ecuador Y Zuviria,2,1,0,0,1,0,0,,Calle,,ROSARIO,Rosario,Asfalto,No existe,II,Dentro,Urbana,Ninguna,No existe,Intersección,Bueno,Buena,Diurna,Buen Tiempo,Otro,S/D,Colisión,Otro,Horizontal,Ninguna,Sin restricción,POINT (-60.715151799999994 -32.9370237),"['Ecuador', 'Zuviría']",2,Ecuador; Juez José María Zuviría,-32.9370237,-60.7151518,55.0,538.0,Municipio Rosario,Municipio,Rosario,820210,Servicio de Catastro e Información Territorial,IGN
2012,17082,2012-12-17,Lunes,0.0,14:30:00,,0.0,2,"Peatón,Taxi/Remis",Mitre Y 3 De Febrero,2,1,0,0,1,0,0,,Calle,,ROSARIO,Rosario,S/D,S/D,II,Dentro,Urbana,S/D,S/D,Recta,S/D,S/D,Diurna,S/D,Otro,S/D,Colisión,S/D,S/D,S/D,S/D,POINT (-60.64116020000001 -32.952497),"['Mitre', '3 de Febrero']",2,Bartolomé Mitre; 3 de Febrero,-32.952497,-60.64116020000001,55.0,538.0,Municipio Rosario,Municipio,Rosario,820210,Servicio de Catastro e Información Territorial,IGN
2012,17084,2012-12-02,Domingo,0.0,15:10:00,,0.0,2,"Bicicleta,Automóvil",Av. Provincias Unidas Y Riobamba,2,1,0,0,1,0,0,,Avenida,,ROSARIO,Rosario,Asfalto,No existe,II,Dentro,Urbana,Ninguna,Funciona,Recta,Bueno,Buena,Diurna,Buen Tiempo,Otro,S/D,Atropello,Otro,Faltante,Barrera de hormigón,Sin restricción,POINT (-60.712006800000005 -32.954541049999996),"['Avenida Provincias Unidas', 'Riobamba']",2,Avenida Provincias Unidas; Riobamba,-32.95454105,-60.712006800000005,55.0,538.0,Municipio Rosario,Municipio,Rosario,820210,Servicio de Catastro e Información Territorial,IGN
2012,17085,2012-12-08,Sabado,0.0,13:35:00,,0.0,2,"Automóvil,Taxi/Remis",Tucuman Y Dorrego,2,1,0,0,1,0,0,,Calle,,ROSARIO,Rosario,Asfalto,S/D,II,Dentro,Urbana,Paso Peatonal,S/D,Intersección,Bueno,Buena,Diurna,S/D,Otro,S/D,Colisión,S/D,S/D,S/D,Sin restricción,POINT (-60.6479902 -32.939811699999986),"['Tucumán', 'Dorrego']",2,Tucumán; Manuel Dorrego,-32.939811699999986,-60.6479902,55.0,538.0,Municipio Rosario,Municipio,Rosario,820210,Servicio de Catastro e Información Territorial,IGN
2012,17086,2012-12-03,Lunes,0.0,21:20:00,,0.0,2,"Moto/Ciclomotor,Automóvil",Av. Circunvalacion Y Bv. 27 De Febrero,2,1,0,0,0,0,1,,Avenida,,ROSARIO,Rosario,Asfalto,Pavimento,II,Dentro,Urbana,Ninguna,No existe,Recta,Bueno,Buena,Nocturna,Buen Tiempo,Otro,S/D,Colisión,S/D,Vertical,Guardarrail,Sin restricción,POINT (-60.7203755 -32.95957229999999),"['Circunvalacion', '27 de Febrero']",2,"('Juan Pablo II', 'Bulevar 27 de Febrero')",-32.95957229999999,-60.7203755,55.0,538.0,Municipio Rosario,Municipio,Rosario,820210,Servicio de Catastro e Información Territorial,IGN
2012,17087,2012-12-24,Lunes,0.0,19:00:00,,0.0,2,"Automóvil,Peatón",España Y Urquiza,2,1,0,0,1,0,0,,Calle,,ROSARIO,Rosario,Asfalto,No existe,II,Dentro,Urbana,Semáforo,Funciona,Intersección,Bueno,Buena,Diurna,Buen Tiempo,Otro,S/D,Atropello,S/D,S/D,S/D,Sin restricción,POINT (-60.6456136 -32.941480599999984),"['España', 'Urquiza']",2,España; Justo José de Urquiza,-32.941480599999984,-60.6456136,55.0,538.0,Municipio Rosario,Municipio,Rosario,820210,Servicio de Catastro e Información Territorial,IGN
2012,17089,2012-12-13,Jueves,0.0,20:00:00,,0.0,2,"Peatón,Automóvil",Dorrego Y Salta,2,1,0,0,1,0,0,,Calle,,ROSARIO,Rosario,Asfalto,No existe,II,Dentro,Urbana,Ninguna,No existe,Intersección,Bueno,Buena,Diurna,Buen Tiempo,Otro,S/D,Atropello,Otro,Faltante,Ninguna,Sin restricción,POINT (-60.647418 -32.937457099999996),"['Dorrego', 'Salta']",2,Manuel Dorrego; Salta,-32.9374571,-60.647418,55.0,538.0,Municipio Rosario,Municipio,Rosario,820210,Servicio de Catastro e Información Territorial,IGN
2012,17091,2012-12-26,Miercoles,0.0,14:40:00,,0.0,2,"Automóvil,Automóvil",Dorrego Y Santa Fe,4,2,0,0,2,0,0,,Calle,,ROSARIO,Rosario,Asfalto,No existe,II,Dentro,Urbana,Semáforo,Funciona,Recta,Bueno,Buena,Diurna,Buen Tiempo,Lateral,S/D,Colisión,S/D,Vertical,Ninguna,Sin restricción,POINT (-60.648860799999994 -32.94310639999999),"['Dorrego', 'Santa Fe']",2,Manuel Dorrego; Santa Fe,-32.94310639999999,-60.6488608,55.0,538.0,Municipio Rosario,Municipio,Rosario,820210,Servicio de Catastro e Información Territorial,IGN
2012,17092,2012-12-04,Martes,0.0,16:00:00,,0.0,2,"Moto/Ciclomotor,Automóvil",Bv. 27 De Febrero Y Ecuador,2,0,0,0,0,0,2,,Avenida,,ROSARIO,Rosario,Asfalto,Natural,II,Dentro,Urbana,S/D,No existe,Intersección,Bueno,Buena,Diurna,Buen Tiempo,S/D,S/D,Colisión,S/D,S/D,S/D,S/D,POINT (-60.7141912 -32.959422700000005),"['27 de Febrero', 'Ecuador']",2,Bulevar 27 de Febrero; Ecuador,-32.959422700000005,-60.7141912,55.0,538.0,Municipio Rosario,Municipio,Rosario,820210,Servicio de Catastro e Información Territorial,IGN
2012,17093,2012-12-17,Lunes,0.0,15:30:00,,0.0,2,"Automóvil,Taxi/Remis",Bv. Oroño Y Salta,2,1,0,0,1,0,0,,Avenida,,ROSARIO,Rosario,Asfalto,No existe,II,Dentro,Urbana,Semáforo,Funciona,Intersección,Bueno,Buena,Diurna,Buen Tiempo,De alcance,S/D,Colisión,S/D,Vertical,Cordón divisorio,Sin restricción,POINT (-60.6515116 -32.93672015),"['Bulevar Nicasio Oroño', 'Salta']",2,Bulevar Nicasio Oroño; Salta,-32.93672015,-60.6515116,55.0,538.0,Municipio Rosario,Municipio,Rosario,820210,Servicio de Catastro e Información Territorial,IGN
2012,17094,2012-12-17,Lunes,0.0,15:00:00,,0.0,2,"Moto/Ciclomotor,Pickup/Utilitario",Av. Corrientes 500,2,1,0,0,1,0,0,,Avenida,,ROSARIO,Rosario,Asfalto,No existe,II,Dentro,Urbana,Semáforo,Funciona,Recta,Bueno,Buena,Diurna,Buen Tiempo,Lateral,S/D,Colisión,S/D,Vertical,Ninguna,Sin restricción,"-32.9421358, -60.6414874",['Corrientes 500'],1,Corrientes 500,-32.9421358,-60.6414874,55.0,538.0,Municipio Rosario,Municipio,Rosario,820210,Servicio de Catastro e Información Territorial,IGN
2012,17095,2012-12-05,Miercoles,0.0,11:00:00,,0.0,2,"Automóvil,Moto/Ciclomotor",Godoy Cruz 7700,2,2,0,0,0,0,0,,Calle,,ROSARIO,Rosario,Asfalto,No existe,II,Dentro,Urbana,S/D,No existe,Intersección,Con baches,Buena,Diurna,Buen Tiempo,S/D,S/D,Colisión,S/D,S/D,S/D,S/D,"-32.8892426, -60.6913573",['Godoy Cruz 7700'],1,Godoy Cruz 7700,-32.8892426,-60.6913573,55.0,538.0,Municipio Rosario,Municipio,Rosario,820210,Servicio de Catastro e Información Territorial,IGN
2012,17097,2012-12-17,Lunes,0.0,16:50:00,,0.0,2,"Automóvil,Automóvil",Dorrego Y Salta,2,1,0,0,1,0,0,,Calle,,ROSARIO,Rosario,Asfalto,No existe,II,Dentro,Urbana,Ninguna,No existe,Intersección,Bueno,Buena,Diurna,Buen Tiempo,De alcance,S/D,Colisión,S/D,Faltante,Ninguna,Sin restricción,POINT (-60.647418 -32.937457099999996),"['Dorrego', 'Salta']",2,Manuel Dorrego; Salta,-32.9374571,-60.647418,55.0,538.0,Municipio Rosario,Municipio,Rosario,820210,Servicio de Catastro e Información Territorial,IGN
2012,17099,2012-12-10,Lunes,0.0,20:00:00,,0.0,2,"Automóvil,Moto/Ciclomotor",Av. Provincias Unidas Y Amenabar,2,2,0,0,0,0,0,,Avenida,,ROSARIO,Rosario,Asfalto,No existe,II,Dentro,Urbana,S/D,No existe,Intersección,Bueno,Buena,Nocturna,Buen Tiempo,S/D,S/D,Colisión,S/D,S/D,S/D,S/D,POINT (-60.71163094999999 -32.96397379999999),"['Avenida Provincias Unidas', 'Amenabar']",2,Avenida Provincias Unidas; José de Amenábar,-32.96397379999999,-60.71163094999999,55.0,538.0,Municipio Rosario,Municipio,Rosario,820210,Servicio de Catastro e Información Territorial,IGN
2012,17100,2012-12-12,Miercoles,0.0,10:00:00,,0.0,2,"Automóvil,Automóvil",Av. Circunvalacion Y Godoy Cruz,2,1,0,0,1,0,0,,Calle,,ROSARIO,Rosario,Hormigón,Natural,II,Dentro,Urbana,S/D,Funciona,Intersección,Con baches,Buena,Diurna,Buen Tiempo,S/D,S/D,Colisión,S/D,S/D,S/D,S/D,POINT (-60.71697254694366 -32.9707081028425),"['Circunvalacion', 'Avenida Presidente Perón']",2,Avenida de Circunvalación 25 de Mayo; Avenida Presidente Perón,-32.9707081028425,-60.71697254694366,55.0,538.0,Municipio Rosario,Municipio,Rosario,820210,Servicio de Catastro e Información Territorial,IGN
2012,17102,2012-12-18,Martes,0.0,11:00:00,,0.0,2,"Taxi/Remis,Automóvil",Alvear Y Urquiza,5,4,0,0,1,0,0,,Calle,,ROSARIO,Rosario,Asfalto,No existe,II,Dentro,Urbana,Ninguna,No existe,Intersección,Bueno,Buena,Diurna,Buen Tiempo,Frontal,S/D,Colisión,S/D,Faltante,Ninguna,Sin restricción,POINT (-60.653803100000005 -32.9399875),"['Alvear', 'Urquiza']",2,Alvear; Justo José de Urquiza,-32.9399875,-60.653803100000005,55.0,538.0,Municipio Rosario,Municipio,Rosario,820210,Servicio de Catastro e Información Territorial,IGN
2012,17103,2012-12-14,Viernes,0.0,09:00:00,,0.0,2,"Automóvil,Moto/Ciclomotor",Gaboto Y Fraga,2,2,0,0,0,0,0,,Calle,,ROSARIO,Rosario,Asfalto,No existe,II,Dentro,Urbana,Ninguna,No existe,Intersección,Bueno,Buena,Diurna,Buen Tiempo,De alcance,S/D,Colisión,S/D,S/D,S/D,S/D,POINT (-60.709241000000006 -32.96507890000001),"['Gaboto', 'Fraga']",2,Gaboto; Rosendo María Fraga,-32.96507890000001,-60.709241000000006,55.0,538.0,Municipio Rosario,Municipio,Rosario,820210,Servicio de Catastro e Información Territorial,IGN
2012,17105,2012-12-17,Lunes,0.0,21:00:00,,0.0,2,"Moto/Ciclomotor,Moto/Ciclomotor",Bv. 27 De Febrero Y Cullen,2,2,0,0,0,0,0,,Avenida,,ROSARIO,Rosario,Asfalto,S/D,II,Dentro,Urbana,Ninguna,No existe,Intersección,Bueno,Buena,S/D,Buen Tiempo,De alcance,S/D,Colisión,S/D,S/D,S/D,S/D,POINT (-60.7083417 -32.95927025),"['27 de Febrero', 'Cullen']",2,Bulevar 27 de Febrero; Cullen,-32.95927025,-60.7083417,55.0,538.0,Municipio Rosario,Municipio,Rosario,820210,Servicio de Catastro e Información Territorial,IGN
2012,17106,2012-12-19,Miercoles,0.0,10:00:00,,0.0,2,"Camión,Moto/Ciclomotor",Av. Uriburu Y J.M.de Rosas,2,0,1,0,1,0,0,,Avenida,,ROSARIO,Rosario,Asfalto,Natural,II,Dentro,Urbana,S/D,No existe,Intersección,Con baches,Buena,Diurna,Lluvia,De alcance,S/D,Colisión,Agua,S/D,S/D,S/D,POINT (-60.642023800000004 -32.9905456),"['Uriburu', 'De Rosas']",2,Avenida José Uriburu; Juan Manuel de Rosas,-32.9905456,-60.6420238,55.0,538.0,Municipio Rosario,Municipio,Rosario,820210,Servicio de Catastro e Información Territorial,IGN
2012,17109,2012-12-30,Domingo,0.0,17:45:00,,0.0,3,"Automóvil,Automóvil,Peatón",Pueyrredon Y Cordoba,4,2,0,0,2,0,0,,Calle,,ROSARIO,Rosario,Asfalto,S/D,II,Dentro,Urbana,S/D,S/D,Intersección,S/D,S/D,S/D,S/D,S/D,S/D,Colisión,S/D,S/D,Cordón divisorio,S/D,POINT (-60.65737260000001 -32.94301),"['Pueyrredón', 'Córdoba']",2,Pueyrredón; Córdoba,-32.94301,-60.65737260000001,55.0,538.0,Municipio Rosario,Municipio,Rosario,820210,Servicio de Catastro e Información Territorial,IGN
2012,17110,2012-12-21,Viernes,0.0,17:00:00,,0.0,2,"Automóvil,Moto/Ciclomotor",Rivarola Y Rep.del Salvador,2,1,0,0,1,0,0,,Calle,,ROSARIO,Rosario,Asfalto,No existe,II,Dentro,Urbana,Ninguna,No existe,Intersección,Bueno,Buena,Diurna,Buen Tiempo,Frontal,S/D,Colisión,S/D,S/D,S/D,Sin restricción,POINT (-60.71285225 -32.9658273),"['Rivarola', 'República del Salvador']",2,Avenida Doctor Rivarola; República del Salvador,-32.9658273,-60.71285225,55.0,538.0,Municipio Rosario,Municipio,Rosario,820210,Servicio de Catastro e Información Territorial,IGN
2012,17111,2012-12-22,Sabado,0.0,09:30:00,,0.0,2,"Transporte de Pasajeros Urbano (> 8 asientos),Moto/Ciclomotor",Av. Provincias Unidas Y Viamonte,2,1,0,0,1,0,0,,Avenida,,ROSARIO,Rosario,Asfalto,Pavimento,II,Dentro,Urbana,S/D,No funciona,Intersección,Bueno,Buena,Diurna,Buen Tiempo,De alcance,S/D,Colisión,S/D,S/D,S/D,S/D,POINT (-60.71191390000001 -32.95690404999999),"['Avenida Provincias Unidas', 'Viamonte']",2,Avenida Provincias Unidas; Viamonte,-32.95690404999999,-60.71191390000001,55.0,538.0,Municipio Rosario,Municipio,Rosario,820210,Servicio de Catastro e Información Territorial,IGN
2012,17112,2012-12-23,Domingo,0.0,07:00:00,,0.0,2,"Automóvil,Moto/Ciclomotor",Av. Provincias Unidas 3200,2,0,0,0,1,0,1,,Avenida,,ROSARIO,Rosario,Asfalto,Pavimento,II,Dentro,Urbana,S/D,No existe,Recta,Bueno,Buena,Diurna,Lluvia,De alcance,S/D,Colisión,Agua,S/D,S/D,S/D,"-32.9664298, -60.7117249",['Provincias Unidas 3200'],1,Provincias Unidas 3200,-32.9664298,-60.7117249,55.0,538.0,Municipio Rosario,Municipio,Rosario,820210,Servicio de Catastro e Información Territorial,IGN
2012,17115,2012-12-27,Jueves,0.0,12:00:00,,0.0,2,"Pickup/Utilitario,Moto/Ciclomotor",Dean Funes Y M.Gonzalez,2,1,0,0,1,0,0,,Calle,,ROSARIO,Rosario,Asfalto,No existe,II,Dentro,Urbana,S/D,No existe,Intersección,Bueno,Buena,Diurna,Buen Tiempo,Frontal,S/D,Colisión,S/D,S/D,S/D,Sin restricción,POINT (-60.73087399999999 -32.96807199999999),"['Deán Gregorio Funes', 'Gonzalez']",2,Deán Gregorio Funes; Joaquín V. González,-32.96807199999999,-60.73087399999999,55.0,538.0,Municipio Rosario,Municipio,Rosario,820210,Servicio de Catastro e Información Territorial,IGN
2012,17118,2012-12-24,Lunes,0.0,23:25:00,,0.0,2,"Automóvil,Taxi/Remis",Matienzo Y Av. Pte.Peron,3,1,0,0,1,0,1,,Avenida,,ROSARIO,Rosario,Asfalto,No existe,II,Dentro,Urbana,Semáforo,Funciona,Intersección,Deteriorada,S/D,S/D,Otro,Lateral,S/D,Colisión,Otro,Vertical,Ninguna,Sin restricción,POINT (-60.69394319999999 -32.95915754999999),"['Matienzo', 'Avenida Presidente Perón']",2,Benjamín Matienzo; Avenida Presidente Perón,-32.95915754999999,-60.69394319999999,55.0,538.0,Municipio Rosario,Municipio,Rosario,820210,Servicio de Catastro e Información Territorial,IGN
2012,17120,2012-12-29,Sabado,0.0,,,0.0,4,"Automóvil,Automóvil,Moto/Ciclomotor,Moto/Ciclomotor",E.Zeballos Y Cafferata,4,2,0,0,2,0,0,,Calle,,ROSARIO,Rosario,Asfalto,S/D,II,Dentro,Urbana,S/D,S/D,Intersección,S/D,S/D,S/D,S/D,S/D,S/D,Colisión,S/D,S/D,Cordón divisorio,S/D,POINT (-60.67310489999999 -32.949117799999996),"['Zeballos', 'Cafferata']",2,Zeballos; Cafferata,-32.9491178,-60.67310489999999,55.0,538.0,Municipio Rosario,Municipio,Rosario,820210,Servicio de Catastro e Información Territorial,IGN
2012,17122,2012-12-22,Sabado,0.0,20:50:00,,0.0,2,"Moto/Ciclomotor,Automóvil",Pje. Espinillo Y Bv. Segui,3,1,0,0,1,0,1,,Avenida,,ROSARIO,Rosario,Asfalto,No existe,II,Dentro,Urbana,Ninguna,No existe,Intersección,Deteriorada,Buena,S/D,Otro,Lateral,S/D,Colisión,Otro,Faltante,Ninguna,Sin restricción,POINT (-60.69908875 -32.970709400000004),"['Espinillo', 'Bulevar Juan Francisco Seguí']",2,Espinillo; Bulevar Juan Francisco Seguí,-32.970709400000004,-60.69908875,55.0,538.0,Municipio Rosario,Municipio,Rosario,820210,Servicio de Catastro e Información Territorial,IGN
2012,17124,2012-12-29,Sabado,0.0,17:45:00,,0.0,2,"Automóvil,Pickup/Utilitario",Mendoza 2700,4,1,0,0,3,0,0,,Calle,,ROSARIO,Rosario,Asfalto,S/D,II,Dentro,Urbana,S/D,S/D,Intersección,S/D,S/D,S/D,S/D,S/D,S/D,Colisión,S/D,S/D,S/D,S/D,"-32.9476102, -60.6611875",['Mendoza 2700'],1,Mendoza 2700,-32.9476102,-60.6611875,55.0,538.0,Municipio Rosario,Municipio,Rosario,820210,Servicio de Catastro e Información Territorial,IGN
2012,17125,2012-12-22,Sabado,0.0,08:45:00,,0.0,2,"Automóvil,Moto/Ciclomotor",Garzon Y Amenabar,3,2,0,0,1,0,0,,Calle,,ROSARIO,Rosario,Asfalto,No existe,II,Dentro,Urbana,Ninguna,No existe,Intersección,Deteriorada,S/D,S/D,S/D,Lateral,S/D,Colisión,S/D,Faltante,Ninguna,Sin restricción,POINT (-60.70473340000001 -32.9637739),"['Garzón', 'Amenabar']",2,Garzón; José de Amenábar,-32.9637739,-60.70473340000001,55.0,538.0,Municipio Rosario,Municipio,Rosario,820210,Servicio de Catastro e Información Territorial,IGN
2012,17127,2012-12-28,Viernes,0.0,07:45:00,,0.0,2,"Automóvil,Moto/Ciclomotor",Av. Ovidio Lagos Y 9 De Julio,2,1,0,0,1,0,0,,Calle,,ROSARIO,Rosario,Asfalto,S/D,II,Dentro,Urbana,S/D,S/D,Intersección,S/D,S/D,S/D,S/D,S/D,S/D,Colisión,S/D,S/D,Cordón divisorio,S/D,POINT (-60.663324700000004 -32.9497026),"['Avenida Ovidio Lagos', '9 de Julio']",2,Avenida Ovidio Lagos; 9 de Julio,-32.9497026,-60.6633247,55.0,538.0,Municipio Rosario,Municipio,Rosario,820210,Servicio de Catastro e Información Territorial,IGN
2012,17131,2012-12-27,Jueves,0.0,07:30:00,,0.0,2,"Automóvil,Automóvil",Montevideo Y Cafferata,2,1,0,0,1,0,0,,Calle,,ROSARIO,Rosario,Asfalto,S/D,II,Dentro,Urbana,S/D,S/D,Intersección,S/D,S/D,S/D,S/D,S/D,S/D,Colisión,S/D,S/D,Cordón divisorio,S/D,POINT (-60.67339379999999 -32.950285199999996),"['Montevideo', 'Cafferata']",2,Montevideo; Cafferata,-32.9502852,-60.67339379999999,55.0,538.0,Municipio Rosario,Municipio,Rosario,820210,Servicio de Catastro e Información Territorial,IGN
2012,17134,2012-12-27,Jueves,0.0,,,0.0,2,"Moto/Ciclomotor,Pickup/Utilitario",Cordoba 4300,2,1,0,0,1,0,0,,Calle,,ROSARIO,Rosario,Asfalto,S/D,II,Dentro,Urbana,S/D,S/D,Intersección,S/D,S/D,S/D,S/D,S/D,S/D,Colisión,S/D,S/D,S/D,S/D,"-32.9278875, -60.7405743",['Cordoba 4300'],1,Cordoba 4300,-32.9278875,-60.7405743,55.0,538.0,Municipio Rosario,Municipio,Rosario,820210,Servicio de Catastro e Información Territorial,IGN
2012,17135,2012-12-09,Domingo,0.0,22:00:00,,0.0,2,"Peatón,Automóvil",Dean Funes Y Liniers,2,1,0,0,1,0,0,,Calle,,ROSARIO,Rosario,Asfalto,No existe,II,Dentro,Urbana,Ninguna,No existe,Intersección,Deteriorada,Reducida,"Nocturna,Con luz artificial",Otro,S/D,S/D,Atropello,Otro,Faltante,Ninguna,Sin restricción,POINT (-60.6974822 -32.9670738),"['Deán Gregorio Funes', 'Liniers']",2,Deán Gregorio Funes; Liniers,-32.9670738,-60.6974822,55.0,538.0,Municipio Rosario,Municipio,Rosario,820210,Servicio de Catastro e Información Territorial,IGN