anio_acci,nro_acci,fecha,desc_dia,fecha_aprox,hora_aprox,desc_ruta,km,cant_participantes,desc_participante,calle_avenida_km,total,heridos_leves,heridos_graves,heridos_gravisimos,ilesos,fallecidos,sin_datos,posicion_XY,desc_tipo_via,desc_ruta_ori,desc_loc,desc_dpto,desc_tipo_calzada,desc_tipo_banquina,desc_unidad_regional,desc_lugar_calzada,desc_zona,desc_prioridad,desc_estado_semaforo,desc_lugar_via,desc_estado_via,desc_estado_visibilidad,desc_luminosidad,desc_estado_clima,desc_tipo_colision,desc_tipo_atropello,desc_tipo_hecho,desc_pres_calzada,desc_senializacion,desc_separacion_via,desc_restriccion,forma_geocod,calle_lista,numero_calles,calles_osm,lat,lon,index_right,gid,fna,gna,nam,in1,fdc,sag
2012,17136,2012-12-27,Jueves,0.0,,,0.0,2,"Automóvil,Automóvil",Av. Ovidio Lagos 700,3,2,0,0,1,0,0,,Avenida,,ROSARIO,Rosario,Asfalto,S/D,II,Dentro,Urbana,S/D,S/D,Intersección,S/D,S/D,S/D,S/D,S/D,S/D,Colisión,S/D,S/D,Cordón divisorio,S/D,"-32.9407559, -60.6611469",['Ovidio Lagos 700'],1,Ovidio Lagos 700,-32.9407559,-60.6611469,55.0,538.0,Municipio Rosario,Municipio,Rosario,820210,Servicio de Catastro e Información Territorial,IGN
2012,17137,2012-12-09,Domingo,0.0,23:26:00,,0.0,1,Automóvil,Av. Ovidio Lagos 6100,2,1,0,0,0,0,1,,S/D,,ROSARIO,Rosario,Asfalto,No existe,II,S/D,S/D,Semáforo,No existe,Recta,Bueno,Buena,Nocturna,Buen Tiempo,De alcance,S/D,Colisión,S/D,Faltante,Línea divisoria pintada,Sin restricción,"-32.9700442, -60.668095",['Ovidio Lagos 6100'],1,Ovidio Lagos 6100,-32.9700442,-60.668095,55.0,538.0,Municipio Rosario,Municipio,Rosario,820210,Servicio de Catastro e Información Territorial,IGN
2012,17138,2012-12-08,Sabado,0.0,04:45:00,,0.0,2,"Moto/Ciclomotor,Automóvil",Av. Pte.Peron Y Tte.Agneta,2,1,0,0,0,0,1,,Avenida,,ROSARIO,Rosario,Asfalto,No existe,II,Dentro,Urbana,Ninguna,No existe,Intersección,Deteriorada,Reducida,S/D,Otro,Lateral,S/D,Colisión,Otro,Faltante,Ninguna,Sin restricción,POINT (-60.6989055 -32.96165564999999),"['Avenida Presidente Perón', 'Teniente Agneta']",2,Avenida Presidente Perón; Teniente Agneta,-32.96165564999999,-60.6989055,55.0,538.0,Municipio Rosario,Municipio,Rosario,820210,Servicio de Catastro e Información Territorial,IGN
2012,17139,2012-12-27,Jueves,0.0,,,0.0,2,"Automóvil,Moto/Ciclomotor",9 De Julio Y Av. Ovidio Lagos,2,1,0,0,1,0,0,,Avenida,,ROSARIO,Rosario,Asfalto,S/D,II,Dentro,Urbana,Ninguna,S/D,Intersección,S/D,S/D,S/D,S/D,S/D,S/D,Colisión,S/D,S/D,Cordón divisorio,S/D,POINT (-60.663324700000004 -32.9497026),"['9 de Julio', 'Avenida Ovidio Lagos']",2,9 de Julio; Avenida Ovidio Lagos,-32.9497026,-60.6633247,55.0,538.0,Municipio Rosario,Municipio,Rosario,820210,Servicio de Catastro e Información Territorial,IGN
2012,17140,2012-12-08,Sabado,0.0,18:10:00,,0.0,2,"Automóvil,Moto/Ciclomotor",Av. Battle y Ordoñez Y Av. Ovidio Lagos,2,1,0,0,1,0,0,,Avenida,,ROSARIO,Rosario,Asfalto,S/D,II,S/D,Urbana,Ninguna,S/D,Intersección,Bueno,S/D,S/D,Buen Tiempo,Lateral,S/D,Colisión,S/D,Vertical,Ninguna,Sin restricción,POINT (-60.677360275 -33.009728399999986),"['Avenida Battle y Ordoñez', 'Avenida Ovidio Lagos']",2,Avenida Battle y Ordoñez; Avenida Ovidio Lagos,-33.009728399999986,-60.677360275,55.0,538.0,Municipio Rosario,Municipio,Rosario,820210,Servicio de Catastro e Información Territorial,IGN
2012,17166,2012-12-08,Sabado,0.0,10:30:00,,0.0,2,"Moto/Ciclomotor,Transporte de Pasajeros Urbano (> 8 asientos)",Matienzo Y Gaboto,2,0,0,0,1,0,1,,Calle,,ROSARIO,Rosario,Asfalto,No existe,II,Dentro,Urbana,Ninguna,No existe,Intersección,Deteriorada,Reducida,S/D,Otro,Lateral,S/D,Colisión,Otro,Faltante,Ninguna,Sin restricción,POINT (-60.6937255 -32.964639600000005),"['Matienzo', 'Gaboto']",2,Benjamín Matienzo; Gaboto,-32.964639600000005,-60.6937255,55.0,538.0,Municipio Rosario,Municipio,Rosario,820210,Servicio de Catastro e Información Territorial,IGN
2012,17167,2012-12-04,Martes,0.0,20:30:00,,0.0,2,"Moto/Ciclomotor,Automóvil",Matienzo Y Av. Pte.Peron,3,2,0,0,1,0,0,,Calle,,ROSARIO,Rosario,Asfalto,S/D,II,Dentro,Urbana,Semáforo,S/D,Intersección,Deteriorada,S/D,S/D,Otro,Lateral,S/D,Colisión,Otro,Vertical,Ninguna,Sin restricción,POINT (-60.69394319999999 -32.95915754999999),"['Matienzo', 'Avenida Presidente Perón']",2,Benjamín Matienzo; Avenida Presidente Perón,-32.95915754999999,-60.69394319999999,55.0,538.0,Municipio Rosario,Municipio,Rosario,820210,Servicio de Catastro e Información Territorial,IGN
2012,17171,2012-12-02,Domingo,0.0,19:30:00,,0.0,2,"Moto/Ciclomotor,Automóvil",Bv. Segui Y Pje. Espinillo,3,1,0,0,0,0,2,,Avenida,,ROSARIO,Rosario,Asfalto,S/D,II,Dentro,Urbana,Ninguna,S/D,Intersección,Deteriorada,S/D,S/D,Otro,Lateral,S/D,Colisión,Otro,Vertical,Ninguna,Sin restricción,POINT (-60.69908875 -32.970709400000004),"['Bulevar Juan Francisco Seguí', 'Espinillo']",2,Bulevar Juan Francisco Seguí; Espinillo,-32.970709400000004,-60.69908875,55.0,538.0,Municipio Rosario,Municipio,Rosario,820210,Servicio de Catastro e Información Territorial,IGN
2012,17173,2012-12-26,Miercoles,0.0,18:00:00,,0.0,2,"Pickup/Utilitario,Moto/Ciclomotor",San Luis Y Bv. Avellaneda,2,1,0,0,1,0,0,,Avenida,,ROSARIO,Rosario,Asfalto,S/D,II,Dentro,Urbana,S/D,S/D,Curva,S/D,S/D,S/D,S/D,S/D,S/D,Colisión,S/D,S/D,Cordón divisorio,S/D,POINT (-60.6798066 -32.9417232),"['San Luis', 'Avellaneda']",2,San Luis; Bulevar Nicolás Avellaneda,-32.9417232,-60.6798066,55.0,538.0,Municipio Rosario,Municipio,Rosario,820210,Servicio de Catastro e Información Territorial,IGN
2012,17176,2012-12-26,Miercoles,0.0,,,0.0,2,"Moto/Ciclomotor,Automóvil",Santiago Y E.Zeballos,2,1,0,0,1,0,0,,Calle,,ROSARIO,Rosario,Asfalto,S/D,II,Dentro,Urbana,S/D,S/D,Rotonda,Otro,S/D,S/D,S/D,Otro,S/D,Colisión,S/D,S/D,Cordón divisorio,S/D,POINT (-60.6581792 -32.95179709999999),"['Santiago', 'Zeballos']",2,Santiago; Zeballos,-32.95179709999999,-60.6581792,55.0,538.0,Municipio Rosario,Municipio,Rosario,820210,Servicio de Catastro e Información Territorial,IGN
2012,17178,2012-12-07,Viernes,0.0,08:20:00,,0.0,2,"Moto/Ciclomotor,Automóvil",España Y Caña De Ambar,2,1,0,0,1,0,0,,Calle,,ROSARIO,Rosario,Asfalto,No existe,II,Dentro,Urbana,Ninguna,No existe,Recta,Bueno,Buena,Diurna,S/D,Otro,S/D,Colisión,Otro,Faltante,Ninguna,Sin restricción,POINT (-60.65684159999999 -33.0150738),"['España', 'Caña de Ambar']",2,España; Caña de Ambar,-33.0150738,-60.65684159999999,55.0,538.0,Municipio Rosario,Municipio,Rosario,820210,Servicio de Catastro e Información Territorial,IGN
2012,17181,2012-12-24,Lunes,0.0,,,0.0,2,"Moto/Ciclomotor,Automóvil",Mendoza Y Lima,2,1,0,0,1,0,0,,Calle,,ROSARIO,Rosario,Asfalto,S/D,II,Dentro,Urbana,S/D,S/D,Intersección,S/D,S/D,S/D,S/D,S/D,S/D,Colisión,S/D,S/D,Cordón divisorio,S/D,POINT (-60.6845195 -32.94350250000001),"['Mendoza', 'Lima']",2,Mendoza; Lima,-32.94350250000001,-60.6845195,55.0,538.0,Municipio Rosario,Municipio,Rosario,820210,Servicio de Catastro e Información Territorial,IGN
2012,17182,2012-12-11,Martes,0.0,22:45:00,,0.0,2,"Moto/Ciclomotor,Moto/Ciclomotor",Laprida Y Alzugaray,2,1,0,0,1,0,0,,Calle,,ROSARIO,Rosario,Asfalto,No existe,II,Dentro,Urbana,Ninguna,No existe,Intersección,Bueno,Reducida,Nocturna,S/D,Otro,S/D,Colisión,Otro,Faltante,Ninguna,Sin restricción,POINT (-60.6465591 -33.0129427),"['Laprida', 'Alzugaray']",2,Francisco Narciso Laprida; Alzugaray,-33.0129427,-60.6465591,55.0,538.0,Municipio Rosario,Municipio,Rosario,820210,Servicio de Catastro e Información Territorial,IGN
2012,17188,2012-12-11,Martes,0.0,07:25:00,,0.0,2,"Moto/Ciclomotor,Automóvil",Av. Arijon Y España,2,1,0,0,1,0,0,,Calle,,ROSARIO,Rosario,Asfalto,No existe,II,Dentro,Urbana,Ninguna,Funciona,Intersección,Bueno,Buena,Diurna,S/D,Otro,S/D,Colisión,Otro,Faltante,Cordón divisorio,Sin restricción,POINT (-60.657634699999996 -33.003316000000005),"['Avenida Manuel Arijón', 'España']",2,Avenida Manuel Arijón; España,-33.003316000000005,-60.6576347,55.0,538.0,Municipio Rosario,Municipio,Rosario,820210,Servicio de Catastro e Información Territorial,IGN
2012,17190,2012-12-11,Martes,0.0,11:25:00,,0.0,2,"Bicicleta,Automóvil",San Martin 6000,2,1,0,0,1,0,0,,Avenida,,ROSARIO,Rosario,Ripio,No existe,II,Dentro,Urbana,Ninguna,No existe,Recta,Deteriorada,Buena,Diurna,S/D,S/D,S/D,Atropello,Otro,Faltante,Cordón divisorio,Sin restricción,"-32.9764777, -60.6372639",['San Martin 6000'],1,San Martin 6000,-32.9764777,-60.6372639,55.0,538.0,Municipio Rosario,Municipio,Rosario,820210,Servicio de Catastro e Información Territorial,IGN
2012,17194,2012-12-13,Jueves,0.0,12:40:00,,0.0,2,"Moto/Ciclomotor,Moto/Ciclomotor",Av. Battle y Ordoñez Y Buenos Aires,3,2,0,0,1,0,0,,Avenida,,ROSARIO,Rosario,Asfalto,No existe,II,Dentro,Urbana,Ninguna,No existe,Intersección,Bueno,Buena,Diurna,S/D,S/D,S/D,Colisión,S/D,Faltante,Línea divisoria pintada,Sin restricción,POINT (-60.6446941 -33.00881379999999),"['Avenida Battle y Ordoñez', 'Buenos Aires']",2,Avenida Battle y Ordoñez; Buenos Aires,-33.00881379999999,-60.6446941,55.0,538.0,Municipio Rosario,Municipio,Rosario,820210,Servicio de Catastro e Información Territorial,IGN
2012,17207,2012-12-17,Lunes,0.0,13:50:00,,0.0,2,"Automóvil,Moto/Ciclomotor",Esquivel Y Castagnino,2,1,0,0,1,0,0,,Calle,,ROSARIO,Rosario,Asfalto,No existe,II,Dentro,Urbana,Semáforo,Funciona,Intersección,Bueno,Buena,Diurna,Buen Tiempo,Lateral,S/D,Colisión,Otro,Vertical,Ninguna,Sin restricción,POINT (-60.705685900000006 -32.900319749999994),"['Esquivel', 'Castagnino']",2,Esquivel; Castagnino,-32.900319749999994,-60.705685900000006,55.0,538.0,Municipio Rosario,Municipio,Rosario,820210,Servicio de Catastro e Información Territorial,IGN
2012,17210,2012-12-20,Jueves,0.0,22:30:00,,0.0,2,"Moto/Ciclomotor,Automóvil",PEDRIEL Y ORIENTE,3,2,0,0,0,0,1,,Calle,,ROSARIO,Rosario,Asfalto,No existe,II,Dentro,Urbana,Ninguna,No existe,Intersección,Bueno,Buena,Nocturna,Buen Tiempo,De alcance,S/D,Colisión,Otro,Faltante,Ninguna,Sin restricción,POINT (-60.7105991 -32.894904700000005),"['Perdriel', 'Oriente']",2,Perdriel; Oriente,-32.894904700000005,-60.7105991,55.0,538.0,Municipio Rosario,Municipio,Rosario,820210,Servicio de Catastro e Información Territorial,IGN
2012,17211,2012-12-22,Sabado,0.0,09:15:00,,0.0,2,"Automóvil,Moto/Ciclomotor",Baigorria 2200,2,1,0,0,1,0,0,,Calle,,ROSARIO,Rosario,Asfalto,No existe,II,Dentro,Urbana,Ninguna,No existe,Recta,Bueno,Buena,Diurna,Buen Tiempo,Lateral,S/D,Colisión,Otro,Faltante,Ninguna,Sin restricción,"-32.8931687, -60.7200076",['Baigorria 2200'],1,Baigorria 2200,-32.8931687,-60.7200076,55.0,538.0,Municipio Rosario,Municipio,Rosario,820210,Servicio de Catastro e Información Territorial,IGN
2012,17213,2012-12-24,Lunes,0.0,15:30:00,,0.0,2,"Bicicleta,Automóvil",CHUZCHICA Y MINACLAVERO,3,1,0,0,2,0,0,,Calle,,ROSARIO,Rosario,Asfalto,No existe,II,S/D,Urbana,Ninguna,No existe,Intersección,Con baches,Buena,Diurna,Buen Tiempo,S/D,S/D,Atropello,S/D,Faltante,Ninguna,S/D,POINT (-60.705878799999994 -32.88425929999999),"['Cruz Chica', 'Mina Clavero']",2,Cruz Chica; Mina Clavero,-32.88425929999999,-60.7058788,55.0,538.0,Municipio Rosario,Municipio,Rosario,820210,Servicio de Catastro e Información Territorial,IGN
2012,17220,2012-12-12,Miercoles,0.0,,,0.0,2,"Peatón,Otros",Av. Ovidio Lagos Y Rioja,2,1,0,0,0,0,1,,Avenida,,ROSARIO,Rosario,Asfalto,S/D,II,Dentro,Urbana,S/D,S/D,Intersección,S/D,S/D,S/D,S/D,S/D,S/D,Atropello,S/D,S/D,Cordón divisorio,S/D,POINT (-60.661744600000006 -32.943415499999986),"['Avenida Ovidio Lagos', 'Rioja']",2,Avenida Ovidio Lagos; Rioja,-32.943415499999986,-60.661744600000006,55.0,538.0,Municipio Rosario,Municipio,Rosario,820210,Servicio de Catastro e Información Territorial,IGN
2012,17228,2012-12-07,Viernes,0.0,00:30:00,,0.0,2,"Automóvil,Pickup/Utilitario",Alberdi 300,4,1,0,0,3,0,0,,Calle,,ROSARIO,Rosario,S/D,S/D,II,Dentro,Urbana,S/D,S/D,S/D,S/D,S/D,Nocturna,S/D,S/D,S/D,Colisión,S/D,S/D,S/D,S/D,"-32.8972624, -60.6982029",['Alberdi'],1,Alberdi,-32.8972624,-60.6982029,55.0,538.0,Municipio Rosario,Municipio,Rosario,820210,Servicio de Catastro e Información Territorial,IGN
2012,17229,2012-12-07,Viernes,0.0,20:55:00,,0.0,2,"Automóvil,Automóvil",Gorriti 600,5,4,0,0,1,0,0,,S/D,,ROSARIO,Rosario,S/D,S/D,II,S/D,Urbana,S/D,S/D,S/D,S/D,S/D,Nocturna,S/D,S/D,S/D,Colisión,S/D,S/D,S/D,S/D,"-32.9232309, -60.6723169",['Gorriti 600'],1,Gorriti 600,-32.9232309,-60.6723169,55.0,538.0,Municipio Rosario,Municipio,Rosario,820210,Servicio de Catastro e Información Territorial,IGN
2012,17234,2012-12-18,Martes,0.0,18:40:00,,0.0,1,Moto/Ciclomotor,Av. Battle y Ordoñez 1399,1,1,0,0,0,0,0,,Avenida,,ROSARIO,Rosario,Asfalto,No existe,II,Dentro,Urbana,Ninguna,No existe,Recta,Bueno,Buena,Atardecer,S/D,Contra objeto fijo,S/D,Colisión,Otro,Faltante,Cordón divisorio,Sin restricción,"-33.0084731, -60.6332815",['Avenida Battle y Ordoñez 1399'],1,Avenida Battle y Ordoñez 1399,-33.0084731,-60.6332815,55.0,538.0,Municipio Rosario,Municipio,Rosario,820210,Servicio de Catastro e Información Territorial,IGN
2012,17236,2012-12-22,Sabado,0.0,12:55:00,,0.0,2,"Moto/Ciclomotor,Automóvil",Boqueron Y Pje. Escalante,3,1,1,0,1,0,0,,Calle,,ROSARIO,Rosario,S/D,No existe,II,Dentro,Urbana,Ninguna,No existe,Intersección,Otro,Buena,Diurna,S/D,S/D,S/D,Colisión,Otro,Faltante,Ninguna,Sin restricción,POINT (-60.64384690000001 -33.0141778),"['Boquerón', 'Escalante']",2,Boquerón; Escalante,-33.0141778,-60.64384690000001,55.0,538.0,Municipio Rosario,Municipio,Rosario,820210,Servicio de Catastro e Información Territorial,IGN
2012,17238,2012-12-11,Martes,0.0,16:00:00,,0.0,1,Moto/Ciclomotor,Rodriguez Y Av. Ntra.Sra.del Rosario,3,1,0,1,1,0,0,,S/D,,ROSARIO,Rosario,Asfalto,S/D,II,S/D,Urbana,S/D,S/D,Recta,Bueno,S/D,S/D,Buen Tiempo,S/D,S/D,Colisión,S/D,S/D,S/D,S/D,POINT (-60.6703096 -33.00074479999999),"['Rodríguez', 'Nuestra Señora del Rosario']",2,Rodríguez de Escobedo; Puente Nuestra Señora del Rosario,-33.00074479999999,-60.6703096,55.0,538.0,Municipio Rosario,Municipio,Rosario,820210,Servicio de Catastro e Información Territorial,IGN
2012,17242,2012-12-24,Lunes,0.0,16:00:00,,0.0,2,"Automóvil,Automóvil",Mendoza Y Santiago,2,1,0,0,1,0,0,,Calle,,ROSARIO,Rosario,Asfalto,S/D,II,Dentro,Urbana,S/D,S/D,Intersección,S/D,S/D,S/D,S/D,S/D,S/D,Colisión,S/D,S/D,Cordón divisorio,S/D,POINT (-60.6573014 -32.94835160000001),"['Mendoza', 'Santiago']",2,Mendoza; Santiago,-32.94835160000001,-60.6573014,55.0,538.0,Municipio Rosario,Municipio,Rosario,820210,Servicio de Catastro e Información Territorial,IGN
2012,17243,2012-12-11,Martes,0.0,09:00:00,,0.0,2,"Automóvil,Moto/Ciclomotor",Bv. Oroño Y Lamadrid,2,1,0,0,1,0,0,,S/D,,ROSARIO,Rosario,Asfalto,S/D,II,Dentro,Urbana,S/D,S/D,Recta,Bueno,S/D,S/D,Buen Tiempo,S/D,S/D,Colisión,S/D,S/D,S/D,S/D,POINT (-60.66524270000001 -32.9976152),"['Bulevar Nicasio Oroño', 'Lamadrid']",2,Bulevar Nicasio Oroño; Gregorio Aráoz de Lamadrid,-32.9976152,-60.66524270000001,55.0,538.0,Municipio Rosario,Municipio,Rosario,820210,Servicio de Catastro e Información Territorial,IGN
2012,17247,2012-12-22,Sabado,0.0,13:40:00,,0.0,2,"Automóvil,Automóvil",Urquiza Y Nicaragua,3,1,0,0,0,0,2,,Calle,,ROSARIO,Rosario,Asfalto,Natural,II,Dentro,Urbana,S/D,No existe,Intersección,Resbaladiza,Reducida humo,Amanecer,Lluvia,S/D,S/D,Colisión,Agua,Horizontal,S/D,Sin restricción,POINT (-60.7210362 -32.933655),"['Urquiza', 'Nicaragua']",2,Justo José de Urquiza; Nicaragua,-32.933655,-60.7210362,55.0,538.0,Municipio Rosario,Municipio,Rosario,820210,Servicio de Catastro e Información Territorial,IGN
2012,17248,2012-12-24,Lunes,0.0,05:40:00,,0.0,2,"Moto/Ciclomotor,Automóvil",San Luis Y Cafferata,3,2,0,0,1,0,0,,Calle,,ROSARIO,Rosario,Asfalto,S/D,II,Dentro,Urbana,S/D,S/D,Intersección,S/D,S/D,Diurna,S/D,S/D,S/D,Colisión,S/D,S/D,Cordón divisorio,S/D,POINT (-60.67163970000001 -32.9431978),"['San Luis', 'Cafferata']",2,San Luis; Cafferata,-32.9431978,-60.67163970000001,55.0,538.0,Municipio Rosario,Municipio,Rosario,820210,Servicio de Catastro e Información Territorial,IGN
2012,17250,2012-12-17,Lunes,0.0,,,0.0,2,"Automóvil,Moto/Ciclomotor",San Juan Y Bv. Avellaneda,3,2,0,0,1,0,0,,Avenida,,ROSARIO,Rosario,Asfalto,S/D,II,Dentro,Urbana,S/D,S/D,Intersección,S/D,S/D,S/D,S/D,S/D,S/D,Colisión,S/D,S/D,Cordón divisorio,S/D,POINT (-60.680076299999996 -32.94284435),"['San Juan', 'Avellaneda']",2,San Juan; Bulevar Nicolás Avellaneda,-32.94284435,-60.6800763,55.0,538.0,Municipio Rosario,Municipio,Rosario,820210,Servicio de Catastro e Información Territorial,IGN
2012,17252,2012-12-04,Martes,0.0,21:35:00,,0.0,1,Moto/Ciclomotor,Mendoza 7700,2,1,0,0,0,0,1,,Calle,,ROSARIO,Rosario,Asfalto,No existe,II,Dentro,Urbana,S/D,Funciona,Recta,Bueno,Buena,Nocturna,Buen Tiempo,Otro,S/D,Caída ocupante,Otro,Horizontal,Ninguna,Desvío Provisorio,"-32.9405332, -60.7271727",['Mendoza 7700'],1,Mendoza 7700,-32.9405332,-60.7271727,55.0,538.0,Municipio Rosario,Municipio,Rosario,820210,Servicio de Catastro e Información Territorial,IGN
2012,17253,2012-12-30,Domingo,0.0,13:25:00,,0.0,2,"Moto/Ciclomotor,Automóvil",Necochea Y Av. Uriburu,2,1,0,0,1,0,0,,Avenida,,ROSARIO,Rosario,Asfalto,Pavimento,II,Dentro,Urbana,Ninguna,No existe,Intersección,Bueno,Buena,Diurna,Buen Tiempo,Lateral,S/D,Colisión,S/D,Faltante,Barrera de hormigón,Sin restricción,POINT (-60.63463709999999 -32.9902797),"['Necochea', 'Uriburu']",2,Necochea; Avenida José Uriburu,-32.9902797,-60.63463709999999,55.0,538.0,Municipio Rosario,Municipio,Rosario,820210,Servicio de Catastro e Información Territorial,IGN
2012,17254,2012-12-10,Lunes,0.0,11:00:00,,0.0,2,"Automóvil,Tracción animal / Carro",Callao Y Estado de Israel,5,3,0,0,1,0,1,,Calle,,ROSARIO,Rosario,Asfalto,Pavimento,II,Dentro,Urbana,S/D,No existe,Recta,Bueno,Buena,Diurna,Buen Tiempo,S/D,S/D,Colisión,S/D,S/D,S/D,S/D,POINT (-60.6723403 -32.9926098),"['Callao', 'Estado de Israel']",2,Callao; Estado de Israel,-32.9926098,-60.6723403,55.0,538.0,Municipio Rosario,Municipio,Rosario,820210,Servicio de Catastro e Información Territorial,IGN
2012,17255,2012-12-15,Sabado,0.0,,,0.0,2,"Taxi/Remis,Moto/Ciclomotor",Montevideo Y Bv. Avellaneda,2,1,0,0,1,0,0,,Avenida,,ROSARIO,Rosario,Asfalto,S/D,II,Dentro,Urbana,S/D,S/D,Intersección,Otro,S/D,S/D,S/D,S/D,S/D,Colisión,S/D,S/D,S/D,S/D,POINT (-60.68156305 -32.948831999999996),"['Montevideo', 'Avellaneda']",2,Montevideo; Bulevar Nicolás Avellaneda,-32.948832,-60.68156305,55.0,538.0,Municipio Rosario,Municipio,Rosario,820210,Servicio de Catastro e Información Territorial,IGN
2012,17256,2012-12-26,Miercoles,0.0,19:55:00,,0.0,1,Moto/Ciclomotor,Esteban de Luca Y Cucha Cucha,1,1,0,0,0,0,0,,Calle,,ROSARIO,Rosario,Asfalto,Pavimento,II,Dentro,Urbana,Ninguna,No existe,Intersección,Bueno,Buena,Atardecer,Buen Tiempo,Atropello animal,S/D,Atropello,S/D,Faltante,Ninguna,Sin restricción,POINT (-60.63071990000001 -32.9943768),"['Esteban de Luca', 'Cucha Cucha']",2,Esteban de Luca; Cucha Cucha,-32.9943768,-60.63071990000001,55.0,538.0,Municipio Rosario,Municipio,Rosario,820210,Servicio de Catastro e Información Territorial,IGN
2012,17258,2012-12-25,Martes,0.0,19:00:00,,0.0,2,"Moto/Ciclomotor,Moto/Ciclomotor",Salva Y F.Frias,2,1,0,0,0,0,1,,Calle,,ROSARIO,Rosario,Asfalto,Pavimento,II,Dentro,Urbana,Ninguna,No existe,Intersección,Bueno,Reducida,Atardecer,Buen Tiempo,Lateral,S/D,Colisión,S/D,Faltante,Ninguna,Sin restricción,POINT (-60.63980810000001 -33.011730299999996),"['Salva', 'Frias']",2,Salvat; Frias,-33.0117303,-60.63980810000001,55.0,538.0,Municipio Rosario,Municipio,Rosario,820210,Servicio de Catastro e Información Territorial,IGN
2012,17261,2012-12-23,Domingo,0.0,02:00:00,,0.0,2,"Moto/Ciclomotor,Pickup/Utilitario",Ayacucho 4300,2,1,0,0,1,0,0,,Calle,,ROSARIO,Rosario,Asfalto,Pavimento,II,Dentro,Urbana,Ninguna,No existe,Recta,Bueno,Buena,Nocturna,Buen Tiempo,Lateral,S/D,Colisión,S/D,Vertical,Barrera de hormigón,Sin restricción,"-32.9890491, -60.6367907",['Ayacucho 4300'],1,Ayacucho 4300,-32.9890491,-60.6367907,55.0,538.0,Municipio Rosario,Municipio,Rosario,820210,Servicio de Catastro e Información Territorial,IGN
2012,17263,2012-12-23,Domingo,0.0,09:10:00,,0.0,2,"Moto/Ciclomotor,Automóvil",Ayacucho Y Estado de Israel,2,1,0,0,1,0,0,,Calle,,ROSARIO,Rosario,Asfalto,No existe,II,Dentro,Urbana,Ninguna,No existe,Intersección,Bueno,Buena,Diurna,Buen Tiempo,Lateral,S/D,Colisión,S/D,Faltante,Barrera de hormigón,Sin restricción,POINT (-60.63690499999999 -32.99147149999999),"['Ayacucho', 'Estado de Israel']",2,Ayacucho; Estado de Israel,-32.99147149999999,-60.63690499999999,55.0,538.0,Municipio Rosario,Municipio,Rosario,820210,Servicio de Catastro e Información Territorial,IGN
2012,17265,2012-12-23,Domingo,0.0,11:00:00,,0.0,2,"Bicicleta,Automóvil",Laprida Y Ameghino,2,1,0,0,1,0,0,,Calle,,ROSARIO,Rosario,Asfalto,No existe,II,Dentro,Urbana,Ninguna,No existe,Intersección,Bueno,Buena,Diurna,Buen Tiempo,S/D,S/D,Atropello,S/D,Faltante,Ninguna,Sin restricción,POINT (-60.644456700000006 -32.98781970000001),"['Laprida', 'Ameghino']",2,Francisco Narciso Laprida; Ameghino,-32.98781970000001,-60.644456700000006,55.0,538.0,Municipio Rosario,Municipio,Rosario,820210,Servicio de Catastro e Información Territorial,IGN
2012,17268,2012-12-23,Domingo,0.0,13:35:00,,0.0,2,"Automóvil,Moto/Ciclomotor",ESTACIONAMIENTO LIBERTAD ,3,2,0,0,1,0,0,,S/D,,ROSARIO,Rosario,Asfalto,S/D,II,S/D,Urbana,S/D,No existe,Recta,Bueno,Buena,Diurna,Buen Tiempo,Otro,S/D,Colisión,S/D,S/D,S/D,S/D,"-33.00770585, -60.66575646128231",['Estacionamiento Libertad'],1,Estacionamiento Libertad,-33.00770585,-60.66575646128231,55.0,538.0,Municipio Rosario,Municipio,Rosario,820210,Servicio de Catastro e Información Territorial,IGN
2012,17270,2012-12-22,Sabado,0.0,21:20:00,,0.0,2,"Moto/Ciclomotor,Automóvil",Sanchez de Thompson Y Pje. Hipocrates,2,1,0,0,1,0,0,,Calle,,ROSARIO,Rosario,Asfalto,No existe,II,Dentro,Urbana,Ninguna,No existe,Recta,S/D,Reducida,Nocturna,Buen Tiempo,Lateral,S/D,Colisión,S/D,S/D,Barrera de hormigón,Sin restricción,POINT (-60.6327714 -32.992652099999994),"['Sánchez de Thomson', 'Hipócrates']",2,Sánchez de Thomson; Hipócrates,-32.992652099999994,-60.6327714,55.0,538.0,Municipio Rosario,Municipio,Rosario,820210,Servicio de Catastro e Información Territorial,IGN
2012,17275,2012-12-29,Sabado,0.0,,,0.0,2,"Moto/Ciclomotor,Moto/Ciclomotor",Ocampo Y L.N.Alem,3,2,0,0,0,0,1,,Calle,,ROSARIO,Rosario,Asfalto,No existe,II,Dentro,Urbana,Señal Pare,No existe,Intersección,Bueno,Buena,Diurna,Buen Tiempo,Lateral,S/D,Colisión,S/D,Horizontal,Cordón divisorio,Sin restricción,POINT (-60.6333137 -32.9682159),"['Ocampo', 'Alem']",2,Ocampo; Leandro N. Alem,-32.9682159,-60.6333137,55.0,538.0,Municipio Rosario,Municipio,Rosario,820210,Servicio de Catastro e Información Territorial,IGN