anio_acci,nro_acci,fecha,desc_dia,fecha_aprox,hora_aprox,desc_ruta,km,cant_participantes,desc_participante,calle_avenida_km,total,heridos_leves,heridos_graves,heridos_gravisimos,ilesos,fallecidos,sin_datos,posicion_XY,desc_tipo_via,desc_ruta_ori,desc_loc,desc_dpto,desc_tipo_calzada,desc_tipo_banquina,desc_unidad_regional,desc_lugar_calzada,desc_zona,desc_prioridad,desc_estado_semaforo,desc_lugar_via,desc_estado_via,desc_estado_visibilidad,desc_luminosidad,desc_estado_clima,desc_tipo_colision,desc_tipo_atropello,desc_tipo_hecho,desc_pres_calzada,desc_senializacion,desc_separacion_via,desc_restriccion,forma_geocod,calle_lista,numero_calles,calles_osm,lat,lon,index_right,gid,fna,gna,nam,in1,fdc,sag
2012,17276,2012-12-19,Miercoles,0.0,23:00:00,,0.0,2,"Moto/Ciclomotor,Moto/Ciclomotor",Laprida Y Av. Uriburu,2,1,0,0,1,0,0,,Avenida,,ROSARIO,Rosario,Asfalto,Pavimento,II,Dentro,Urbana,Ninguna,Intermitente,Intersección,Bueno,Reducida,Nocturna,Buen Tiempo,Lateral,S/D,Colisión,S/D,Vertical,Barrera de hormigón,Sin restricción,POINT (-60.645184500000006 -32.990651),"['Laprida', 'Uriburu']",2,Francisco Narciso Laprida; Avenida José Uriburu,-32.990651,-60.645184500000006,55.0,538.0,Municipio Rosario,Municipio,Rosario,820210,Servicio de Catastro e Información Territorial,IGN
2012,17278,2012-12-22,Sabado,0.0,11:20:00,,0.0,2,"Pickup/Utilitario,Moto/Ciclomotor",Av. Battle y Ordoñez A 5300,2,1,0,0,1,0,0,,Calle,,ROSARIO,Rosario,Asfalto,No existe,II,Dentro,Urbana,Ninguna,No existe,Cruce,Bueno,Buena,Diurna,Buen Tiempo,Lateral,S/D,Colisión,Otro,Vertical,Línea divisoria pintada,Sin restricción,"-33.0084731, -60.6332815",['Avenida Battle y Ordoñez 5300'],1,Avenida Battle y Ordoñez 5300,-33.0084731,-60.6332815,55.0,538.0,Municipio Rosario,Municipio,Rosario,820210,Servicio de Catastro e Información Territorial,IGN
2012,17280,2012-12-16,Domingo,0.0,07:30:00,,0.0,2,"Moto/Ciclomotor,Automóvil",Salva Y Cabildo,2,1,0,0,1,0,0,,Calle,,ROSARIO,Rosario,Asfalto,Pavimento,II,Dentro,Urbana,Ninguna,No existe,Intersección,Bueno,Buena,Diurna,Buen Tiempo,Lateral,S/D,Colisión,S/D,Faltante,Barrera de hormigón,Sin restricción,POINT (-60.640018500000004 -33.0070905),"['Salva', 'Cabildo']",2,Salvat; Cabildo,-33.0070905,-60.6400185,55.0,538.0,Municipio Rosario,Municipio,Rosario,820210,Servicio de Catastro e Información Territorial,IGN
2012,17282,2012-12-26,Miercoles,0.0,18:30:00,,0.0,2,"Bicicleta,Moto/Ciclomotor",Bv. 27 De Febrero 500,2,2,0,0,0,0,0,,Avenida,,ROSARIO,Rosario,Asfalto,No existe,II,Dentro,Urbana,Ninguna,No existe,Recta,Bueno,Buena,Diurna,Buen Tiempo,De alcance,S/D,Colisión,S/D,Faltante,Cordón divisorio,Sin restricción,"-32.9690111, -60.6347689",['27 De Febrero 500'],1,27 De Febrero 500,-32.9690111,-60.6347689,55.0,538.0,Municipio Rosario,Municipio,Rosario,820210,Servicio de Catastro e Información Territorial,IGN
2012,17285,2012-12-26,Miercoles,0.0,14:00:00,,0.0,2,"Moto/Ciclomotor,Automóvil",Ayacucho Y Ituzaingo,2,1,0,0,1,0,0,,Calle,,ROSARIO,Rosario,Asfalto,No existe,II,Dentro,Urbana,Señal Pare,No existe,Intersección,Bueno,Buena,Diurna,Buen Tiempo,Lateral,S/D,Colisión,S/D,Vertical,Cordón divisorio,Sin restricción,POINT (-60.63049190000001 -32.96271439999999),"['Ayacucho', 'Ituzaingó']",2,Ayacucho; Ituzaingó,-32.96271439999999,-60.63049190000001,55.0,538.0,Municipio Rosario,Municipio,Rosario,820210,Servicio de Catastro e Información Territorial,IGN
2012,17286,2012-12-25,Martes,0.0,13:00:00,,0.0,2,"Moto/Ciclomotor,Automóvil",Viamonte Y Laprida,6,3,0,0,3,0,0,,Calle,,ROSARIO,Rosario,Asfalto,No existe,II,Dentro,Urbana,Ninguna,No existe,Intersección,Bueno,Buena,Diurna,Buen Tiempo,Lateral,S/D,Colisión,S/D,Faltante,Cordón divisorio,Sin restricción,POINT (-60.6390034 -32.96604490000001),"['Viamonte', 'Laprida']",2,Viamonte; Francisco Narciso Laprida,-32.96604490000001,-60.6390034,55.0,538.0,Municipio Rosario,Municipio,Rosario,820210,Servicio de Catastro e Información Territorial,IGN
2012,17288,2012-12-24,Lunes,0.0,20:30:00,,0.0,2,"Moto/Ciclomotor,Automóvil",1 de Mayo Y Cerrito,2,1,0,0,1,0,0,,Calle,,ROSARIO,Rosario,Asfalto,No existe,II,Dentro,Urbana,Ninguna,No existe,Intersección,Bueno,Buena,Atardecer,Buen Tiempo,Lateral,S/D,Colisión,S/D,Faltante,Cordón divisorio,Sin restricción,POINT (-60.6335613 -32.9633903),"['Primero de Mayo', 'Cerrito']",2,Primero de Mayo; Cerrito,-32.9633903,-60.6335613,55.0,538.0,Municipio Rosario,Municipio,Rosario,820210,Servicio de Catastro e Información Territorial,IGN
2012,17289,2012-12-04,Martes,0.0,22:30:00,,0.0,2,"Moto/Ciclomotor,Automóvil",Av. Ovidio Lagos Y Cnel.Arnold,3,2,0,0,1,0,0,,Avenida,,ROSARIO,Rosario,Asfalto,No existe,II,Dentro,Urbana,Ninguna,No existe,Intersección,Bueno,Buena,"Nocturna,Con luz artificial",Buen Tiempo,Lateral,S/D,Colisión,S/D,Vertical,Ninguna,Sin restricción,POINT (-60.67327350000001 -32.99105795),"['Avenida Ovidio Lagos', 'Arnold']",2,Avenida Ovidio Lagos; Arnold,-32.99105795,-60.67327350000001,55.0,538.0,Municipio Rosario,Municipio,Rosario,820210,Servicio de Catastro e Información Territorial,IGN
2012,17290,2012-12-24,Lunes,0.0,,,0.0,2,"Bicicleta,Automóvil",1 de Mayo Y Cerrito,3,2,0,0,0,0,1,,Calle,,ROSARIO,Rosario,Asfalto,No existe,II,Dentro,Urbana,Ninguna,No existe,Intersección,Bueno,Buena,Diurna,Buen Tiempo,Lateral,S/D,Colisión,S/D,Faltante,Cordón divisorio,Sin restricción,POINT (-60.6335613 -32.9633903),"['Primero de Mayo', 'Cerrito']",2,Primero de Mayo; Cerrito,-32.9633903,-60.6335613,55.0,538.0,Municipio Rosario,Municipio,Rosario,820210,Servicio de Catastro e Información Territorial,IGN
2012,17291,2012-12-10,Lunes,0.0,00:30:00,,0.0,2,"Automóvil,Moto/Ciclomotor",Av. Ovidio Lagos Y Pte.Quintana,3,2,0,0,1,0,0,,Avenida,,ROSARIO,Rosario,Asfalto,No existe,II,Dentro,Urbana,Ninguna,No existe,Intersección,Bueno,Buena,Con luz artificial,Buen Tiempo,Lateral,S/D,Colisión,S/D,Vertical,Ninguna,Sin restricción,POINT (-60.673529259999995 -32.99244282),"['Avenida Ovidio Lagos', 'Quintana']",2,Avenida Ovidio Lagos; Presidente Quintana,-32.99244282,-60.67352926,55.0,538.0,Municipio Rosario,Municipio,Rosario,820210,Servicio de Catastro e Información Territorial,IGN
2012,17292,2012-12-11,Martes,0.0,12:50:00,,0.0,2,"Moto/Ciclomotor,Automóvil",Av. Avellaneda B Y Pje. 1801,2,1,0,0,1,0,0,,Avenida,,ROSARIO,Rosario,Asfalto,No existe,II,Dentro,Urbana,Ninguna,No existe,Intersección,Bueno,Buena,Diurna,Buen Tiempo,Lateral,S/D,Colisión,S/D,Faltante,Ninguna,Sin restricción,POINT (-60.6878571 -32.9734538),"['Avellaneda', 'Pasaje 1801']",2,Bulevar Nicolás Avellaneda; Pasaje 1801,-32.9734538,-60.6878571,55.0,538.0,Municipio Rosario,Municipio,Rosario,820210,Servicio de Catastro e Información Territorial,IGN
2012,17294,2012-12-12,Miercoles,0.0,11:30:00,,0.0,2,"Automóvil,Bicicleta",Maipu 2026,2,1,0,0,1,0,0,,Calle,,ROSARIO,Rosario,Asfalto,S/D,II,S/D,S/D,S/D,S/D,Recta,Bueno,S/D,Diurna,Buen Tiempo,De alcance,S/D,Despiste,S/D,S/D,S/D,S/D,"-32.961543118367345, -60.63915721020408",['Maipu 2026'],1,Maipu 2026,-32.961543118367345,-60.63915721020408,55.0,538.0,Municipio Rosario,Municipio,Rosario,820210,Servicio de Catastro e Información Territorial,IGN
2012,17295,2012-12-24,Lunes,0.0,15:30:00,,0.0,2,"Moto/Ciclomotor,Moto/Ciclomotor",Av. Ovidio Lagos Y Av. Jorge Cura,4,1,0,0,3,0,0,,Avenida,,ROSARIO,Rosario,Asfalto,No existe,II,Dentro,Urbana,Ninguna,No existe,Intersección,Bueno,Buena,Diurna,Buen Tiempo,Lateral,S/D,Colisión,S/D,Vertical,Ninguna,Sin restricción,POINT (-60.66810555000001 -32.9698008),"['Avenida Ovidio Lagos', 'Avenida Jorge Cura']",2,Avenida Ovidio Lagos; Avenida Jorge Cura,-32.9698008,-60.66810555000001,55.0,538.0,Municipio Rosario,Municipio,Rosario,820210,Servicio de Catastro e Información Territorial,IGN
2012,17296,2012-12-30,Domingo,0.0,05:10:00,,0.0,2,"Moto/Ciclomotor,Automóvil",Av. Ovidio Lagos Y Coulin,2,1,0,0,1,0,0,,Avenida,,ROSARIO,Rosario,Asfalto,No existe,II,Dentro,Urbana,Ninguna,No existe,Intersección,Bueno,Buena,"Nocturna,Con luz artificial",Buen Tiempo,Lateral,S/D,Colisión,S/D,Vertical,Ninguna,Sin restricción,POINT (-60.672430150000004 -32.987582149999994),"['Avenida Ovidio Lagos', 'Coulin']",2,Avenida Ovidio Lagos; Coulin,-32.987582149999994,-60.67243015,55.0,538.0,Municipio Rosario,Municipio,Rosario,820210,Servicio de Catastro e Información Territorial,IGN
2012,17297,2012-12-07,Viernes,0.0,06:00:00,,0.0,1,Automóvil,Av. de los Trabajadores Y Av. Frondizi A,3,2,0,0,1,0,0,,Avenida,,ROSARIO,Rosario,Asfalto,No existe,II,S/D,Urbana,Semáforo,Funciona,Intersección,Bueno,Buena,Amanecer,Buen Tiempo,Contra objeto fijo,S/D,Colisión,S/D,Horizontal,"Cordón divisorio,S/D",Sin restricción,POINT (-60.676001649999996 -32.91192864999999),"['De Los Trabajadores', 'Frondizi']",2,De Los Trabajadores; Avenida Arturo Frondizi,-32.91192864999999,-60.67600165,55.0,538.0,Municipio Rosario,Municipio,Rosario,820210,Servicio de Catastro e Información Territorial,IGN
2012,17298,2012-12-04,Martes,0.0,13:30:00,,0.0,2,"Automóvil,Moto/Ciclomotor",J.J.Paso Y Solis,2,0,1,0,1,0,0,,Avenida,,ROSARIO,Rosario,Asfalto,S/D,II,S/D,Urbana,Ninguna,Funciona,Intersección,Bueno,Buena,Diurna,Buen Tiempo,Lateral,S/D,Colisión,S/D,S/D,S/D,Sin restricción,POINT (-60.7041987 -32.91997529999999),"['Paso', 'Solis']",2,Avenida Juan José Paso; Juan Díaz de Solís,-32.91997529999999,-60.7041987,55.0,538.0,Municipio Rosario,Municipio,Rosario,820210,Servicio de Catastro e Información Territorial,IGN
2012,17299,2012-12-04,Martes,0.0,21:45:00,,0.0,2,"Peatón,Moto/Ciclomotor",Mariano Cabal Bis Y J.B.Justo,2,0,1,0,0,0,1,,Calle,,ROSARIO,Rosario,Asfalto,No existe,II,S/D,Urbana,Ninguna,No existe,Intersección,Bueno,Buena,Nocturna,Otro,S/D,S/D,Atropello,S/D,Faltante,Ninguna,S/D,POINT (-60.702831 -32.91460629999999),"['Mariano Cabal', 'Justo']",2,Mariano Cabal; Justo José de Urquiza,-32.91460629999999,-60.702831,55.0,538.0,Municipio Rosario,Municipio,Rosario,820210,Servicio de Catastro e Información Territorial,IGN
2012,17301,2012-12-07,Viernes,0.0,,,0.0,2,"Automóvil,Peatón",J.J.Paso 2000,2,1,0,0,1,0,0,,S/D,,ROSARIO,Rosario,Asfalto,S/D,II,S/D,Urbana,Ninguna,S/D,Intersección,Bueno,Buena,S/D,Buen Tiempo,S/D,S/D,Atropello,S/D,S/D,S/D,S/D,"-32.9189815, -60.6723573",['Juan José Paso 2000'],1,Juan José Paso 2000,-32.9189815,-60.6723573,55.0,538.0,Municipio Rosario,Municipio,Rosario,820210,Servicio de Catastro e Información Territorial,IGN
2012,17340,2012-12-11,Martes,0.0,19:40:00,,0.0,2,"Moto/Ciclomotor,Pickup/Utilitario",Buenos Aires Y Lamadrid,2,1,0,0,1,0,0,,Calle,,ROSARIO,Rosario,Asfalto,Pavimento,II,Dentro,Urbana,S/D,No existe,Intersección,Bueno,S/D,Atardecer,Buen Tiempo,Lateral,S/D,Colisión,S/D,Faltante,Barrera de hormigón,Sin restricción,POINT (-60.645168 -32.9969969),"['Buenos Aires', 'Lamadrid']",2,Buenos Aires; Gregorio Aráoz de Lamadrid,-32.9969969,-60.645168,55.0,538.0,Municipio Rosario,Municipio,Rosario,820210,Servicio de Catastro e Información Territorial,IGN
2012,17354,2012-12-29,Sabado,0.0,10:10:00,,0.0,2,"Automóvil,Moto/Ciclomotor",Av. Uriburu Y Av. Corrientes,3,2,0,0,1,0,0,,Avenida,,ROSARIO,Rosario,Asfalto,No existe,II,Dentro,Urbana,Ninguna,No existe,Intersección,S/D,S/D,Diurna,S/D,Lateral,S/D,Colisión,S/D,S/D,Ninguna,Sin restricción,POINT (-60.653706549999995 -32.99091685),"['Uriburu', 'Corrientes']",2,Avenida José Uriburu; Corrientes,-32.99091685,-60.65370655,55.0,538.0,Municipio Rosario,Municipio,Rosario,820210,Servicio de Catastro e Información Territorial,IGN
2012,17358,2012-12-29,Sabado,0.0,00:30:00,,0.0,2,"Automóvil,Moto/Ciclomotor",Gaboto Y Entre Rios,2,1,0,0,1,0,0,,Calle,,ROSARIO,Rosario,Asfalto,No existe,II,Dentro,Urbana,Ninguna,No existe,Intersección,S/D,S/D,Nocturna,S/D,Lateral,S/D,Colisión,S/D,S/D,Ninguna,Sin restricción,POINT (-60.6477294 -32.9728456),"['Gaboto', 'Entre Ríos']",2,Gaboto; Entre Ríos,-32.9728456,-60.6477294,55.0,538.0,Municipio Rosario,Municipio,Rosario,820210,Servicio de Catastro e Información Territorial,IGN
2012,17363,2012-12-06,Jueves,0.0,15:30:00,,0.0,2,"Moto/Ciclomotor,Camión",Laprida Y Pje. Moussy,2,1,0,0,1,0,0,,Calle,,ROSARIO,Rosario,Asfalto,No existe,II,Dentro,Urbana,Ninguna,No existe,Intersección,Bueno,Buena,Diurna,Buen Tiempo,Lateral,S/D,Colisión,S/D,Faltante,Ninguna,Sin restricción,POINT (-60.6456335 -32.9924381),"['Laprida', 'Moussy']",2,Francisco Narciso Laprida; Moussy,-32.9924381,-60.6456335,55.0,538.0,Municipio Rosario,Municipio,Rosario,820210,Servicio de Catastro e Información Territorial,IGN
2012,17364,2012-12-02,Domingo,0.0,16:55:00,,0.0,2,"Peatón,Automóvil",Serrano 5700,2,1,0,0,1,0,0,,Calle,,ROSARIO,Rosario,Asfalto,No existe,II,Dentro,Urbana,Ninguna,No existe,Recta,Bueno,S/D,Diurna,Buen Tiempo,Otro,S/D,Atropello,S/D,Faltante,Ninguna,Sin restricción,"-32.994418, -60.632127",['Serrano 5700'],1,Serrano 5700,-32.994418,-60.632127,55.0,538.0,Municipio Rosario,Municipio,Rosario,820210,Servicio de Catastro e Información Territorial,IGN
2012,17366,2012-12-02,Domingo,0.0,13:45:00,,0.0,2,"Moto/Ciclomotor,Automóvil",Salva Y Alzugaray,2,1,0,0,1,0,0,,Calle,,ROSARIO,Rosario,Asfalto,No existe,II,Dentro,Urbana,Ninguna,No existe,Recta,Bueno,Buena,Diurna,Buen Tiempo,Lateral,S/D,Colisión,S/D,Faltante,Ninguna,Sin restricción,POINT (-60.639796600000004 -33.01274730000001),"['Salva', 'Alzugaray']",2,Salvat; Alzugaray,-33.01274730000001,-60.6397966,55.0,538.0,Municipio Rosario,Municipio,Rosario,820210,Servicio de Catastro e Información Territorial,IGN
2012,17372,2012-12-01,Sabado,0.0,01:40:00,,0.0,2,"Ambulancia,Automóvil",Av. Ntra.Sra.del Rosario Y Castro,2,1,0,0,1,0,0,,Avenida,,ROSARIO,Rosario,Asfalto,Pavimento,II,Dentro,Urbana,Ninguna,Intermitente,Intersección,Bueno,Buena,Nocturna,Buen Tiempo,Lateral,S/D,Colisión,S/D,Vertical,Ninguna,Sin restricción,POINT (-60.6295565 -32.9993333),"['Nuestra Señora del Rosario', 'Castro']",2,Puente Nuestra Señora del Rosario; Avenida Pedro de Castro Barros,-32.9993333,-60.6295565,55.0,538.0,Municipio Rosario,Municipio,Rosario,820210,Servicio de Catastro e Información Territorial,IGN
2012,17374,2012-12-29,Sabado,0.0,21:15:00,,0.0,2,"Automóvil,Moto/Ciclomotor",Bv. Segui Y Entre Rios,2,1,0,0,1,0,0,,Avenida,,ROSARIO,Rosario,Asfalto,No existe,II,Dentro,Urbana,Ninguna,No existe,Intersección,S/D,S/D,Nocturna,S/D,Lateral,S/D,Colisión,S/D,S/D,Ninguna,Sin restricción,POINT (-60.6491681 -32.97857979999999),"['Bulevar Juan Francisco Seguí', 'Entre Ríos']",2,Bulevar Juan Francisco Seguí; Entre Ríos,-32.97857979999999,-60.6491681,55.0,538.0,Municipio Rosario,Municipio,Rosario,820210,Servicio de Catastro e Información Territorial,IGN
2012,17375,2012-12-01,Sabado,0.0,01:00:00,,0.0,2,"Peatón,Automóvil",AYACUCHO Y GUILLERMO TELL,2,1,0,0,1,0,0,,Calle,,ROSARIO,Rosario,Asfalto,Pavimento,II,Dentro,Urbana,Ninguna,No existe,Intersección,Bueno,S/D,S/D,Buen Tiempo,S/D,S/D,Atropello,S/D,Faltante,Ninguna,Sin restricción,POINT (-60.6356653 -33.0118161),"['Ayacucho', 'Calle 529']",2,Ayacucho; Calle 529,-33.0118161,-60.6356653,55.0,538.0,Municipio Rosario,Municipio,Rosario,820210,Servicio de Catastro e Información Territorial,IGN
2012,17377,2012-12-28,Viernes,0.0,18:45:00,,0.0,2,"Bicicleta,Automóvil",Av. Corrientes Y Reg.11 de Infanteria,2,1,0,0,0,0,1,,Calle,,ROSARIO,Rosario,Asfalto,No existe,II,Dentro,Urbana,Ninguna,No existe,Intersección,S/D,S/D,Atardecer,S/D,Lateral,S/D,Colisión,S/D,S/D,Ninguna,Sin restricción,POINT (-60.65339740000001 -32.99894449999999),"['Corrientes', 'Regimiento 11']",2,Corrientes; Regimiento 11,-32.99894449999999,-60.65339740000001,55.0,538.0,Municipio Rosario,Municipio,Rosario,820210,Servicio de Catastro e Información Territorial,IGN
2012,17378,2012-12-01,Sabado,0.0,18:00:00,,0.0,2,"Bicicleta,Taxi/Remis",Salva Y Lainez,2,1,0,0,1,0,0,,Calle,,ROSARIO,Rosario,Asfalto,No existe,II,Dentro,Urbana,Ninguna,No existe,Intersección,Bueno,Buena,Diurna,Buen Tiempo,S/D,S/D,Atropello,S/D,Faltante,Ninguna,Sin restricción,POINT (-60.6401138 -33.0050585),"['Salva', 'Láinez']",2,Salvat; Láinez,-33.0050585,-60.6401138,55.0,538.0,Municipio Rosario,Municipio,Rosario,820210,Servicio de Catastro e Información Territorial,IGN
2012,17379,2012-12-28,Viernes,0.0,13:30:00,,0.0,2,"Moto/Ciclomotor,Automóvil",San Martin 4100,2,1,0,0,1,0,0,,Avenida,,ROSARIO,Rosario,Asfalto,No existe,II,Dentro,Urbana,Ninguna,No existe,Intersección,S/D,S/D,Diurna,S/D,Lateral,S/D,Colisión,S/D,S/D,Ninguna,Sin restricción,"-32.9764777, -60.6372639",['San Martin 4100'],1,San Martin 4100,-32.9764777,-60.6372639,55.0,538.0,Municipio Rosario,Municipio,Rosario,820210,Servicio de Catastro e Información Territorial,IGN
2012,17381,2012-12-28,Viernes,0.0,13:00:00,,0.0,2,"Automóvil,Taxi/Remis",Amenabar Y Mariano Moreno,3,1,0,0,2,0,0,,Calle,,ROSARIO,Rosario,Asfalto,No existe,II,Dentro,Urbana,Ninguna,No existe,Intersección,S/D,S/D,Diurna,S/D,Lateral,S/D,Colisión,S/D,S/D,Ninguna,Sin restricción,POINT (-60.65707309999999 -32.9699781),"['Amenabar', 'Mariano Moreno']",2,José de Amenábar; Mariano Moreno,-32.9699781,-60.65707309999999,55.0,538.0,Municipio Rosario,Municipio,Rosario,820210,Servicio de Catastro e Información Territorial,IGN
2012,17382,2012-12-01,Sabado,0.0,10:50:00,,0.0,2,"Automóvil,Peatón",Balcarce Y Bv. 27 De Febrero,2,1,0,0,1,0,0,,Avenida,,ROSARIO,Rosario,Asfalto,No existe,II,Dentro,Urbana,Semáforo,Funciona,Intersección,Bueno,Buena,Diurna,Buen Tiempo,Otro,S/D,Atropello,S/D,Horizontal,Ninguna,Sin restricción,POINT (-60.6572501 -32.9651418),"['Balcarce', '27 de Febrero']",2,Balcarce; Bulevar 27 de Febrero,-32.9651418,-60.6572501,55.0,538.0,Municipio Rosario,Municipio,Rosario,820210,Servicio de Catastro e Información Territorial,IGN
2012,17385,2012-12-02,Domingo,0.0,04:30:00,,0.0,2,"Moto/Ciclomotor,Pickup/Utilitario",Suipacha Y Rueda,3,2,0,0,1,0,0,,Calle,,ROSARIO,Rosario,Asfalto,S/D,II,Dentro,Urbana,S/D,S/D,Intersección,S/D,S/D,S/D,S/D,Contra objeto fijo,S/D,Colisión,S/D,S/D,S/D,Sin restricción,POINT (-60.670371499999995 -32.9663923),"['Suipacha', 'Rueda']",2,Suipacha; Rueda,-32.9663923,-60.6703715,55.0,538.0,Municipio Rosario,Municipio,Rosario,820210,Servicio de Catastro e Información Territorial,IGN
2012,17386,2012-12-28,Viernes,0.0,09:50:00,,0.0,2,"Automóvil,Moto/Ciclomotor",Garibaldi Y Mitre,2,1,0,0,1,0,0,,Calle,,ROSARIO,Rosario,Asfalto,No existe,II,Dentro,Urbana,Ninguna,No existe,Intersección,S/D,S/D,Diurna,S/D,Lateral,S/D,Colisión,S/D,S/D,Ninguna,Sin restricción,POINT (-60.6495149 -32.985726799999995),"['José Garibaldi', 'Mitre']",2,José Garibaldi; Bartolomé Mitre,-32.985726799999995,-60.6495149,55.0,538.0,Municipio Rosario,Municipio,Rosario,820210,Servicio de Catastro e Información Territorial,IGN
2012,17387,2012-12-02,Domingo,0.0,14:45:00,,0.0,2,"Moto/Ciclomotor,Moto/Ciclomotor",Bv. 27 De Febrero Y Av. Francia,3,3,0,0,0,0,0,,Avenida,,ROSARIO,Rosario,Asfalto,S/D,II,Dentro,Urbana,S/D,S/D,Intersección,S/D,S/D,S/D,S/D,S/D,S/D,Colisión,S/D,S/D,S/D,Sin restricción,POINT (-60.670860125 -32.962700725000005),"['27 de Febrero', 'Avenida Francia']",2,Bulevar 27 de Febrero; Avenida Francia,-32.962700725000005,-60.670860125,55.0,538.0,Municipio Rosario,Municipio,Rosario,820210,Servicio de Catastro e Información Territorial,IGN
2012,17388,2012-12-27,Jueves,0.0,18:35:00,,0.0,2,"Moto/Ciclomotor,Automóvil",SAN MARTIN Y RUEDA,3,2,0,0,1,0,0,,Avenida,,ROSARIO,Rosario,Asfalto,No existe,II,Dentro,Urbana,Semáforo,Funciona,Intersección,S/D,S/D,Atardecer,S/D,Lateral,S/D,Colisión,S/D,S/D,Ninguna,Sin restricción,POINT (-60.642861499999995 -32.9713425),"['San Martin', 'Rueda']",2,José de San Martín; Rueda,-32.9713425,-60.6428615,55.0,538.0,Municipio Rosario,Municipio,Rosario,820210,Servicio de Catastro e Información Territorial,IGN
2012,17389,2012-12-08,Sabado,0.0,10:30:00,,0.0,2,"Moto/Ciclomotor,Taxi/Remis",Bv. 27 De Febrero Y Laprida,2,1,0,0,1,0,0,,Avenida,,ROSARIO,Rosario,Asfalto,No existe,II,Dentro,Urbana,Semáforo,Funciona,Intersección,Bueno,Buena,Diurna,Buen Tiempo,"De alcance,Lateral",S/D,Colisión,Otro,Vertical,Cordón divisorio,Sin restricción,POINT (-60.639549849999995 -32.9682981),"['27 de Febrero', 'Laprida']",2,Bulevar 27 de Febrero; Francisco Narciso Laprida,-32.9682981,-60.63954985,55.0,538.0,Municipio Rosario,Municipio,Rosario,820210,Servicio de Catastro e Información Territorial,IGN
2012,17390,2012-12-02,Domingo,0.0,14:45:00,,0.0,2,"Moto/Ciclomotor,Moto/Ciclomotor",Bv. 27 De Febrero Y Av. Francia,3,3,0,0,0,0,0,,Avenida,,ROSARIO,Rosario,Asfalto,No existe,II,Dentro,Urbana,S/D,Funciona,Intersección,Bueno,Buena,Diurna,Buen Tiempo,Lateral,S/D,Colisión,S/D,S/D,Barrera de hormigón,Sin restricción,POINT (-60.670860125 -32.962700725000005),"['27 de Febrero', 'Avenida Francia']",2,Bulevar 27 de Febrero; Avenida Francia,-32.962700725000005,-60.670860125,55.0,538.0,Municipio Rosario,Municipio,Rosario,820210,Servicio de Catastro e Información Territorial,IGN
2012,17391,2012-12-03,Lunes,0.0,10:10:00,,0.0,2,"Automóvil,Moto/Ciclomotor",España Y Ituzaingo,3,2,0,0,1,0,0,,Calle,,ROSARIO,Rosario,Asfalto,No existe,II,Dentro,Urbana,Ninguna,No existe,Intersección,Bueno,Buena,Diurna,Buen Tiempo,Lateral,S/D,Colisión,S/D,S/D,Ninguna,Sin restricción,POINT (-60.65008399999999 -32.95924599999999),"['España', 'Ituzaingó']",2,España; Ituzaingó,-32.95924599999999,-60.65008399999999,55.0,538.0,Municipio Rosario,Municipio,Rosario,820210,Servicio de Catastro e Información Territorial,IGN
2012,17392,2012-12-26,Miercoles,0.0,19:50:00,,0.0,2,"Automóvil,Moto/Ciclomotor",San Martin Y Hilarion de la Quintana,3,2,0,0,1,0,0,,Avenida,,ROSARIO,Rosario,Asfalto,No existe,II,Dentro,Urbana,Ninguna,No existe,Intersección,S/D,S/D,Atardecer,S/D,Lateral,S/D,Colisión,S/D,S/D,Ninguna,Sin restricción,POINT (-60.64892185 -33.00095949999999),"['San Martin', 'Hilarión de la Quintana']",2,José de San Martín; Hilarión de la Quintana,-33.00095949999999,-60.64892185,55.0,538.0,Municipio Rosario,Municipio,Rosario,820210,Servicio de Catastro e Información Territorial,IGN
2012,17393,2012-12-05,Miercoles,0.0,18:45:00,,0.0,2,"Peatón,Automóvil",Ituzaingo 900,2,1,0,0,1,0,0,,Calle,,ROSARIO,Rosario,Asfalto,No existe,II,Dentro,Urbana,Ninguna,No existe,Recta,Bueno,Buena,Atardecer,Buen Tiempo,Otro,S/D,Atropello,Otro,Faltante,Ninguna,Sin restricción,"-32.9611829, -60.6388713",['Ituzaingo 900'],1,Ituzaingo 900,-32.9611829,-60.6388713,55.0,538.0,Municipio Rosario,Municipio,Rosario,820210,Servicio de Catastro e Información Territorial,IGN
2012,17394,2012-12-04,Martes,0.0,23:55:00,,0.0,2,"Moto/Ciclomotor,Automóvil",Necochea Y La Paz,2,1,0,0,1,0,0,,Calle,,ROSARIO,Rosario,Asfalto,No existe,II,Dentro,Urbana,Señal Pare,No existe,Intersección,Bueno,Buena,"Nocturna,Con luz artificial",Buen Tiempo,Lateral,S/D,Colisión,S/D,Vertical,Ninguna,Sin restricción,POINT (-60.6285924 -32.966664399999985),"['Necochea', 'La Paz']",2,Necochea; La Paz,-32.966664399999985,-60.6285924,55.0,538.0,Municipio Rosario,Municipio,Rosario,820210,Servicio de Catastro e Información Territorial,IGN