anio_acci,nro_acci,fecha,desc_dia,fecha_aprox,hora_aprox,desc_ruta,km,cant_participantes,desc_participante,calle_avenida_km,total,heridos_leves,heridos_graves,heridos_gravisimos,ilesos,fallecidos,sin_datos,posicion_XY,desc_tipo_via,desc_ruta_ori,desc_loc,desc_dpto,desc_tipo_calzada,desc_tipo_banquina,desc_unidad_regional,desc_lugar_calzada,desc_zona,desc_prioridad,desc_estado_semaforo,desc_lugar_via,desc_estado_via,desc_estado_visibilidad,desc_luminosidad,desc_estado_clima,desc_tipo_colision,desc_tipo_atropello,desc_tipo_hecho,desc_pres_calzada,desc_senializacion,desc_separacion_via,desc_restriccion,forma_geocod,calle_lista,numero_calles,calles_osm,lat,lon,index_right,gid,fna,gna,nam,in1,fdc,sag
2012,17399,2012-12-17,Lunes,0.0,12:30:00,,0.0,2,"Automóvil,Moto/Ciclomotor",Bv. Oroño Y Av. Jorge Cura,2,1,0,0,1,0,0,,Avenida,,ROSARIO,Rosario,Asfalto,No existe,II,Dentro,Urbana,Semáforo,Funciona,Intersección,S/D,S/D,Diurna,S/D,Lateral,S/D,Colisión,S/D,S/D,Ninguna,Sin restricción,POINT (-60.6603234 -32.971199399999996),"['Bulevar Nicasio Oroño', 'Avenida Jorge Cura']",2,Bulevar Nicasio Oroño; Avenida Jorge Cura,-32.9711994,-60.6603234,55.0,538.0,Municipio Rosario,Municipio,Rosario,820210,Servicio de Catastro e Información Territorial,IGN
2012,17423,2012-12-17,Lunes,0.0,12:00:00,,0.0,2,"Camión,Pickup/Utilitario",San Martin Y Av. Uriburu,2,1,0,0,1,0,0,,Avenida,,ROSARIO,Rosario,Asfalto,No existe,II,Dentro,Urbana,Semáforo,Funciona,Intersección,S/D,S/D,Diurna,S/D,Lateral,S/D,Colisión,S/D,S/D,Ninguna,Sin restricción,POINT (-60.646703949999996 -32.99069289999999),"['San Martin', 'Uriburu']",2,José de San Martín; Avenida José Uriburu,-32.99069289999999,-60.64670395,55.0,538.0,Municipio Rosario,Municipio,Rosario,820210,Servicio de Catastro e Información Territorial,IGN
2012,17426,2012-12-18,Martes,0.0,13:45:00,,0.0,2,"Automóvil,Moto/Ciclomotor",Mitre Y Biedma,3,2,0,0,1,0,0,,Calle,,ROSARIO,Rosario,Asfalto,No existe,II,Dentro,Urbana,Ninguna,No existe,Intersección,S/D,S/D,Diurna,S/D,Lateral,S/D,Colisión,S/D,S/D,Ninguna,Sin restricción,POINT (-60.6483333 -32.9811446),"['Mitre', 'Coronel Biedma']",2,Bartolomé Mitre; Coronel Biedma,-32.9811446,-60.6483333,55.0,538.0,Municipio Rosario,Municipio,Rosario,820210,Servicio de Catastro e Información Territorial,IGN
2012,17428,2012-12-18,Martes,0.0,,,0.0,2,"Automóvil,Automóvil",Garibaldi Y Mitre,3,1,0,0,2,0,0,,Calle,,ROSARIO,Rosario,Asfalto,No existe,II,Dentro,Urbana,Ninguna,No existe,Intersección,S/D,S/D,S/D,S/D,Lateral,S/D,Colisión,S/D,S/D,Ninguna,Sin restricción,POINT (-60.6495149 -32.985726799999995),"['José Garibaldi', 'Mitre']",2,José Garibaldi; Bartolomé Mitre,-32.985726799999995,-60.6495149,55.0,538.0,Municipio Rosario,Municipio,Rosario,820210,Servicio de Catastro e Información Territorial,IGN
2012,17431,2012-12-03,Lunes,0.0,15:00:00,,0.0,2,"Moto/Ciclomotor,Automóvil",Bv. Oroño Y Cochabamba,2,1,0,0,1,0,0,,Avenida,,ROSARIO,Rosario,Asfalto,S/D,II,Dentro,Urbana,S/D,S/D,Intersección,S/D,S/D,S/D,S/D,S/D,S/D,Colisión,S/D,S/D,S/D,S/D,POINT (-60.656339 -32.9556154),"['Bulevar Nicasio Oroño', 'Cochabamba']",2,Bulevar Nicasio Oroño; Cochabamba,-32.9556154,-60.656339,55.0,538.0,Municipio Rosario,Municipio,Rosario,820210,Servicio de Catastro e Información Territorial,IGN
2012,17432,2012-12-26,Miercoles,0.0,22:10:00,,0.0,2,"Camión,Moto/Ciclomotor",Bv. Segui Y Pueyrredon,2,1,0,0,1,0,0,,Avenida,,ROSARIO,Rosario,Asfalto,No existe,II,Dentro,Urbana,Ninguna,No existe,Intersección,S/D,S/D,Nocturna,S/D,Lateral,S/D,Colisión,S/D,S/D,Ninguna,Sin restricción,POINT (-60.66559335 -32.97564369999999),"['Bulevar Juan Francisco Seguí', 'Pueyrredón']",2,Bulevar Juan Francisco Seguí; Pueyrredón,-32.97564369999999,-60.66559335,55.0,538.0,Municipio Rosario,Municipio,Rosario,820210,Servicio de Catastro e Información Territorial,IGN
2012,17433,2012-12-16,Domingo,0.0,00:40:00,,0.0,2,"Automóvil,Automóvil",Bv. Oroño Y Av. Uriburu,2,1,0,0,0,0,1,,Avenida,,ROSARIO,Rosario,Asfalto,No existe,II,Dentro,Urbana,Semáforo,Funciona,Intersección,S/D,S/D,Nocturna,S/D,Lateral,S/D,Colisión,S/D,S/D,Ninguna,Sin restricción,POINT (-60.665160500000006 -32.99123049999999),"['Bulevar Nicasio Oroño', 'Uriburu']",2,Bulevar Nicasio Oroño; Avenida José Uriburu,-32.99123049999999,-60.665160500000006,55.0,538.0,Municipio Rosario,Municipio,Rosario,820210,Servicio de Catastro e Información Territorial,IGN
2012,17434,2012-12-26,Miercoles,0.0,12:45:00,,0.0,2,"Camión,Moto/Ciclomotor",Amenabar Y Paraguay,3,2,0,0,1,0,0,,Calle,,ROSARIO,Rosario,Asfalto,No existe,II,Dentro,Urbana,Ninguna,No existe,Intersección,S/D,S/D,Diurna,S/D,Lateral,S/D,Colisión,S/D,S/D,Ninguna,Sin restricción,POINT (-60.65023029999999 -32.97121039999999),"['Amenabar', 'Paraguay']",2,José de Amenábar; Paraguay,-32.97121039999999,-60.65023029999999,55.0,538.0,Municipio Rosario,Municipio,Rosario,820210,Servicio de Catastro e Información Territorial,IGN
2012,17435,2012-12-16,Domingo,0.0,18:30:00,,0.0,2,"Moto/Ciclomotor,Automóvil",San Martin Y Pte.Quintana,2,1,0,0,1,0,0,,Avenida,,ROSARIO,Rosario,Asfalto,No existe,II,Dentro,Urbana,Ninguna,No existe,Intersección,S/D,S/D,Atardecer,S/D,Lateral,S/D,Colisión,S/D,S/D,Ninguna,Sin restricción,POINT (-60.6450385 -32.982916249999995),"['San Martin', 'Quintana']",2,"('José de San Martín', 'Presidente Quintana')",-32.982916249999995,-60.6450385,55.0,538.0,Municipio Rosario,Municipio,Rosario,820210,Servicio de Catastro e Información Territorial,IGN
2012,17436,2012-12-24,Lunes,0.0,02:40:00,,0.0,1,Moto/Ciclomotor,San Martin Y Sanchez de Bustamante,2,1,0,0,1,0,0,,Avenida,,ROSARIO,Rosario,Asfalto,No existe,II,S/D,Urbana,Ninguna,No existe,Intersección,S/D,S/D,Nocturna,S/D,Lateral,S/D,Colisión,S/D,S/D,Ninguna,Sin restricción,POINT (-60.64913584999999 -33.0020069),"['San Martin', 'Sánchez de Bustamante']",2,José de San Martín; Sánchez de Bustamante,-33.0020069,-60.64913584999999,55.0,538.0,Municipio Rosario,Municipio,Rosario,820210,Servicio de Catastro e Información Territorial,IGN
2012,17437,2012-12-15,Sabado,0.0,08:40:00,,0.0,2,"Automóvil,Automóvil",Dorrego Y Uruguay,2,1,0,0,1,0,0,,Calle,,ROSARIO,Rosario,Asfalto,No existe,II,Dentro,Urbana,Ninguna,No existe,Intersección,S/D,S/D,Diurna,S/D,Lateral,S/D,Colisión,S/D,S/D,Ninguna,Sin restricción,POINT (-60.6568802 -32.97483409999999),"['Dorrego', 'Uruguay']",2,Manuel Dorrego; Uruguay,-32.97483409999999,-60.6568802,55.0,538.0,Municipio Rosario,Municipio,Rosario,820210,Servicio de Catastro e Información Territorial,IGN
2012,17438,2012-12-23,Domingo,0.0,15:15:00,,0.0,2,"Automóvil,Moto/Ciclomotor",San Martin Y Garibaldi,3,2,0,0,1,0,0,,Avenida,,ROSARIO,Rosario,Asfalto,No existe,II,Dentro,Urbana,Ninguna,No existe,Intersección,S/D,S/D,Diurna,S/D,Lateral,S/D,Colisión,S/D,S/D,Ninguna,Sin restricción,POINT (-60.645777800000005 -32.986383249999996),"['San Martin', 'José Garibaldi']",2,José de San Martín; José Garibaldi,-32.98638325,-60.645777800000005,55.0,538.0,Municipio Rosario,Municipio,Rosario,820210,Servicio de Catastro e Información Territorial,IGN
2012,17439,2012-12-22,Sabado,0.0,19:30:00,,0.0,2,"Bicicleta,Pickup/Utilitario",SAN MARTIN Y ARIJON,2,1,0,0,1,0,0,,Avenida,,ROSARIO,Rosario,Asfalto,No existe,II,Dentro,Urbana,Semáforo,Funciona,Intersección,S/D,Buena,Atardecer,S/D,S/D,S/D,Atropello,S/D,S/D,Ninguna,Sin restricción,POINT (-60.649363550000004 -33.003052149999995),"['San Martin', 'Avenida Manuel Arijón']",2,José de San Martín; Avenida Manuel Arijón,-33.003052149999995,-60.64936355,55.0,538.0,Municipio Rosario,Municipio,Rosario,820210,Servicio de Catastro e Información Territorial,IGN
2012,17440,2012-12-20,Jueves,0.0,10:30:00,,0.0,2,"Moto/Ciclomotor,Automóvil",Bv. Oroño Y Saavedra,2,1,0,0,1,0,0,,Avenida,,ROSARIO,Rosario,Asfalto,No existe,II,Dentro,Urbana,Semáforo,Funciona,Intersección,S/D,S/D,Diurna,S/D,Lateral,S/D,Colisión,S/D,S/D,Ninguna,Sin restricción,POINT (-60.6612381 -32.975227399999994),"['Bulevar Nicasio Oroño', 'Saavedra']",2,Bulevar Nicasio Oroño; Saavedra,-32.975227399999994,-60.6612381,55.0,538.0,Municipio Rosario,Municipio,Rosario,820210,Servicio de Catastro e Información Territorial,IGN
2012,17441,2012-12-15,Sabado,0.0,11:30:00,,0.0,2,"Automóvil,Moto/Ciclomotor",Mariano Moreno Y Saavedra,3,2,0,0,1,0,0,,Calle,,ROSARIO,Rosario,Asfalto,No existe,II,Dentro,Urbana,Ninguna,No existe,Intersección,S/D,S/D,Diurna,S/D,Lateral,S/D,Colisión,S/D,S/D,Ninguna,Sin restricción,POINT (-60.6584801 -32.9757272),"['Mariano Moreno', 'Saavedra']",2,Mariano Moreno; Saavedra,-32.9757272,-60.6584801,55.0,538.0,Municipio Rosario,Municipio,Rosario,820210,Servicio de Catastro e Información Territorial,IGN
2012,17442,2012-12-20,Jueves,0.0,13:30:00,,0.0,2,"Automóvil,Moto/Ciclomotor",ITALIA Y BV. SEGUI,2,1,0,0,1,0,0,,Avenida,,ROSARIO,Rosario,Asfalto,No existe,II,Dentro,Urbana,Ninguna,No existe,Intersección,S/D,S/D,Diurna,S/D,Lateral,S/D,Colisión,S/D,S/D,Ninguna,Sin restricción,POINT (-60.6560807 -32.977334),"['Italia', 'Bulevar Juan Francisco Seguí']",2,Italia; Bulevar Juan Francisco Seguí,-32.977334,-60.6560807,55.0,538.0,Municipio Rosario,Municipio,Rosario,820210,Servicio de Catastro e Información Territorial,IGN
2012,17443,2012-12-20,Jueves,0.0,17:00:00,,0.0,2,"Moto/Ciclomotor,Automóvil",GARIBALDI Y PUEYRREDON,3,2,0,0,1,0,0,,Calle,,ROSARIO,Rosario,Asfalto,No existe,II,Dentro,Urbana,Ninguna,No existe,Intersección,S/D,S/D,Atardecer,S/D,Lateral,S/D,Colisión,S/D,S/D,Ninguna,Sin restricción,POINT (-60.6673291 -32.9825342),"['José Garibaldi', 'Pueyrredón']",2,José Garibaldi; Pueyrredón,-32.9825342,-60.6673291,55.0,538.0,Municipio Rosario,Municipio,Rosario,820210,Servicio de Catastro e Información Territorial,IGN
2012,17444,2012-12-15,Sabado,0.0,11:30:00,,0.0,1,Automóvil,Mariano Moreno Y Saavedra,3,2,0,0,1,0,0,,Calle,,ROSARIO,Rosario,Asfalto,No existe,II,Dentro,Urbana,Ninguna,No existe,Intersección,S/D,S/D,Diurna,S/D,Lateral,S/D,Colisión,S/D,S/D,Ninguna,Sin restricción,POINT (-60.6584801 -32.9757272),"['Mariano Moreno', 'Saavedra']",2,Mariano Moreno; Saavedra,-32.9757272,-60.6584801,55.0,538.0,Municipio Rosario,Municipio,Rosario,820210,Servicio de Catastro e Información Territorial,IGN
2012,17445,2012-12-13,Jueves,0.0,15:30:00,,0.0,1,Transporte de Pasajeros Urbano (> 8 asientos),Bv. Oroño Y 24 De Setiembre,1,1,0,0,0,0,0,,Avenida,,ROSARIO,Rosario,Asfalto,No existe,II,Dentro,Urbana,Ninguna,No existe,Intersección,S/D,S/D,Diurna,S/D,Otro,S/D,Caída ocupante,S/D,S/D,Ninguna,Sin restricción,POINT (-60.6618182 -32.9775439),"['Bulevar Nicasio Oroño', '24 de Septiembre']",2,Bulevar Nicasio Oroño; 24 de Septiembre,-32.9775439,-60.6618182,55.0,538.0,Municipio Rosario,Municipio,Rosario,820210,Servicio de Catastro e Información Territorial,IGN
2012,17446,2012-12-13,Jueves,0.0,15:30:00,,0.0,1,Transporte de Pasajeros Urbano (> 8 asientos),Bv. Oroño Y 24 De Setiembre,1,1,0,0,0,0,0,,Avenida,,ROSARIO,Rosario,Asfalto,No existe,II,Dentro,Urbana,Ninguna,No existe,Intersección,S/D,S/D,Diurna,S/D,Otro,S/D,Caída ocupante,S/D,S/D,Ninguna,Sin restricción,POINT (-60.6618182 -32.9775439),"['Bulevar Nicasio Oroño', '24 de Septiembre']",2,Bulevar Nicasio Oroño; 24 de Septiembre,-32.9775439,-60.6618182,55.0,538.0,Municipio Rosario,Municipio,Rosario,820210,Servicio de Catastro e Información Territorial,IGN
2012,17448,2012-12-12,Miercoles,0.0,15:10:00,,0.0,2,"Automóvil,Moto/Ciclomotor",Av. Corrientes Y Pje. Blanque,3,1,0,0,1,0,1,,Avenida,,ROSARIO,Rosario,Asfalto,No existe,II,Dentro,Urbana,Ninguna,No existe,Intersección,S/D,S/D,Diurna,S/D,Lateral,S/D,Colisión,S/D,S/D,Ninguna,Sin restricción,POINT (-60.6498777 -32.9754785),"['Corrientes', 'Blanqué']",2,Corrientes; Blanqué,-32.9754785,-60.6498777,55.0,538.0,Municipio Rosario,Municipio,Rosario,820210,Servicio de Catastro e Información Territorial,IGN
2012,17449,2012-12-15,Sabado,0.0,16:15:00,,0.0,2,"Moto/Ciclomotor,Pickup/Utilitario",Mariano Moreno 3974,3,1,0,0,2,0,0,,Calle,,ROSARIO,Rosario,Asfalto,No existe,II,Dentro,Urbana,Ninguna,No existe,Recta,S/D,S/D,S/D,S/D,Lateral,S/D,Colisión,S/D,S/D,Ninguna,Sin restricción,"-32.9810629122449, -60.65990328367347",['Mariano Moreno 3974'],1,Mariano Moreno 3974,-32.9810629122449,-60.65990328367347,55.0,538.0,Municipio Rosario,Municipio,Rosario,820210,Servicio de Catastro e Información Territorial,IGN
2012,17450,2012-12-12,Miercoles,0.0,19:30:00,,0.0,2,"Moto/Ciclomotor,Automóvil",Av. Corrientes Y Bv. Segui,3,1,0,0,0,0,2,,Avenida,,ROSARIO,Rosario,Asfalto,No existe,II,Dentro,Urbana,Ninguna,No existe,Intersección,S/D,S/D,Atardecer,S/D,Lateral,S/D,Colisión,S/D,S/D,Ninguna,Sin restricción,POINT (-60.65060229999999 -32.97832124999999),"['Corrientes', 'Bulevar Juan Francisco Seguí']",2,Corrientes; Bulevar Juan Francisco Seguí,-32.97832124999999,-60.65060229999999,55.0,538.0,Municipio Rosario,Municipio,Rosario,820210,Servicio de Catastro e Información Territorial,IGN
2012,17451,2012-12-11,Martes,0.0,11:00:00,,0.0,2,"Moto/Ciclomotor,Automóvil",España Y Rueda,2,1,0,0,1,0,0,,Calle,,ROSARIO,Rosario,Asfalto,No existe,II,Dentro,Urbana,Ninguna,No existe,Recta,S/D,S/D,Diurna,S/D,Lateral,S/D,Colisión,S/D,S/D,Ninguna,Sin restricción,POINT (-60.652680999999994 -32.9695893),"['España', 'Rueda']",2,España; Rueda,-32.9695893,-60.652681,55.0,538.0,Municipio Rosario,Municipio,Rosario,820210,Servicio de Catastro e Información Territorial,IGN
2012,17452,2012-12-04,Martes,0.0,18:00:00,,0.0,2,"Automóvil,Moto/Ciclomotor",Av. Corrientes Y Cochabamba,2,1,0,0,1,0,0,,Avenida,,ROSARIO,Rosario,Asfalto,No existe,II,Dentro,Urbana,Ninguna,No existe,Intersección,Bueno,Buena,Diurna,Buen Tiempo,Lateral,S/D,Colisión,S/D,Faltante,Ninguna,Sin restricción,POINT (-60.6453441 -32.9576917),"['Corrientes', 'Cochabamba']",2,Corrientes; Cochabamba,-32.9576917,-60.6453441,55.0,538.0,Municipio Rosario,Municipio,Rosario,820210,Servicio de Catastro e Información Territorial,IGN
2012,17453,2012-12-04,Martes,0.0,07:40:00,,0.0,2,"Taxi/Remis,Automóvil",Av. Pellegrini Y Dorrego,2,1,0,0,1,0,0,,Calle,,ROSARIO,Rosario,Asfalto,No existe,II,Dentro,Urbana,Semáforo,Funciona,Intersección,Bueno,S/D,S/D,Buen Tiempo,Lateral,S/D,Colisión,S/D,Horizontal,Barrera de hormigón,Sin restricción,POINT (-60.6519337 -32.95532245),"['Pellegrini', 'Dorrego']",2,Avenida Carlos Pellegrini; Manuel Dorrego,-32.95532245,-60.6519337,55.0,538.0,Municipio Rosario,Municipio,Rosario,820210,Servicio de Catastro e Información Territorial,IGN
2012,17454,2012-12-04,Martes,0.0,19:30:00,,0.0,2,"Automóvil,Moto/Ciclomotor",Bv. Oroño Y Cochabamba,3,1,0,0,2,0,0,,Avenida,,ROSARIO,Rosario,Asfalto,No existe,II,Dentro,Urbana,Ninguna,No existe,Rotonda,Bueno,Buena,Nocturna,Buen Tiempo,Lateral,S/D,Colisión,S/D,Faltante,Vegetación,Sin restricción,POINT (-60.656339 -32.9556154),"['Bulevar Nicasio Oroño', 'Cochabamba']",2,Bulevar Nicasio Oroño; Cochabamba,-32.9556154,-60.656339,55.0,538.0,Municipio Rosario,Municipio,Rosario,820210,Servicio de Catastro e Información Territorial,IGN
2012,17456,2012-12-05,Miercoles,0.0,13:00:00,,0.0,2,"Pickup/Utilitario,Moto/Ciclomotor",Av. Pellegrini Y Dorrego,3,2,0,0,1,0,0,,Avenida,,ROSARIO,Rosario,Asfalto,No existe,II,Dentro,Urbana,Semáforo,Funciona,Intersección,Bueno,Buena,Diurna,Buen Tiempo,Lateral,S/D,Colisión,S/D,Vertical,S/D,Sin restricción,POINT (-60.6519337 -32.95532245),"['Pellegrini', 'Dorrego']",2,Avenida Carlos Pellegrini; Manuel Dorrego,-32.95532245,-60.6519337,55.0,538.0,Municipio Rosario,Municipio,Rosario,820210,Servicio de Catastro e Información Territorial,IGN
2012,17457,2012-12-05,Miercoles,0.0,12:15:00,,0.0,2,"Bicicleta,Automóvil",Entre Rios Y Ocampo,2,1,0,0,1,0,0,,Calle,,ROSARIO,Rosario,Asfalto,No existe,II,Dentro,Urbana,Semáforo,No existe,Intersección,Bueno,Buena,Diurna,Buen Tiempo,Otro,S/D,Atropello,S/D,Horizontal,Barrera de hormigón,Sin restricción,POINT (-60.645984299999995 -32.96596579999999),"['Entre Ríos', 'Ocampo']",2,Entre Ríos; Ocampo,-32.96596579999999,-60.6459843,55.0,538.0,Municipio Rosario,Municipio,Rosario,820210,Servicio de Catastro e Información Territorial,IGN
2012,17458,2012-12-06,Jueves,0.0,10:20:00,,0.0,3,"Automóvil,Automóvil,Automóvil",Viamonte Y Pte.Roca,3,1,0,0,2,0,0,,Calle,,ROSARIO,Rosario,Asfalto,S/D,II,Dentro,Urbana,S/D,S/D,Intersección,Bueno,S/D,S/D,S/D,Múltiple,S/D,Colisión,S/D,S/D,S/D,S/D,POINT (-60.6498661 -32.96411629999999),"['Viamonte', 'Roca']",2,Viamonte; Presidente Roca,-32.96411629999999,-60.6498661,55.0,538.0,Municipio Rosario,Municipio,Rosario,820210,Servicio de Catastro e Información Territorial,IGN
2012,17459,2012-12-06,Jueves,0.0,12:20:00,,0.0,2,"Automóvil,Moto/Ciclomotor",Bv. 27 De Febrero Y Santiago,2,1,0,0,1,0,0,,Calle,,ROSARIO,Rosario,Asfalto,S/D,II,Dentro,Urbana,S/D,S/D,Intersección,S/D,S/D,S/D,S/D,Frontal,S/D,Colisión,S/D,S/D,S/D,S/D,POINT (-60.66128945 -32.9644092),"['27 de Febrero', 'Santiago']",2,Bulevar 27 de Febrero; Santiago,-32.9644092,-60.66128945,55.0,538.0,Municipio Rosario,Municipio,Rosario,820210,Servicio de Catastro e Información Territorial,IGN
2012,17460,2012-12-19,Miercoles,0.0,07:00:00,,0.0,2,"Pickup/Utilitario,Moto/Ciclomotor",Mitre Y Garay,3,2,0,0,1,0,0,,Calle,,ROSARIO,Rosario,Asfalto,No existe,II,Dentro,Urbana,Ninguna,No existe,Intersección,S/D,S/D,Diurna,S/D,Lateral,S/D,Colisión,S/D,S/D,Ninguna,S/D,POINT (-60.64658360000001 -32.97427020000001),"['Mitre', 'Garay']",2,Bartolomé Mitre; Juan de Garay,-32.97427020000001,-60.64658360000001,55.0,538.0,Municipio Rosario,Municipio,Rosario,820210,Servicio de Catastro e Información Territorial,IGN
2012,17461,2012-12-18,Martes,0.0,14:30:00,,0.0,2,"Automóvil,Automóvil",AV. CORRIENTES Y GABOTO,3,1,0,0,2,0,0,,Calle,,ROSARIO,Rosario,Asfalto,No existe,II,Dentro,Urbana,Ninguna,No existe,Intersección,S/D,S/D,Diurna,S/D,Lateral,S/D,Colisión,S/D,S/D,Ninguna,Sin restricción,POINT (-60.6491421 -32.9725927),"['Corrientes', 'Gaboto']",2,Corrientes; Gaboto,-32.9725927,-60.6491421,55.0,538.0,Municipio Rosario,Municipio,Rosario,820210,Servicio de Catastro e Información Territorial,IGN
2012,17462,2012-12-18,Martes,0.0,20:30:00,,0.0,2,"Bicicleta,Automóvil",Milan Y España,2,1,0,0,1,0,0,,Calle,,ROSARIO,Rosario,Asfalto,No existe,II,Dentro,Urbana,Ninguna,No existe,Intersección,S/D,S/D,Nocturna,S/D,S/D,S/D,Atropello,S/D,S/D,Ninguna,Sin restricción,POINT (-60.65756910000001 -32.989073299999994),"['Milán', 'España']",2,Milán; España,-32.989073299999994,-60.65756910000001,55.0,538.0,Municipio Rosario,Municipio,Rosario,820210,Servicio de Catastro e Información Territorial,IGN
2012,17463,2012-12-18,Martes,0.0,13:00:00,,0.0,2,"Automóvil,Automóvil",Sarmiento Y Av. Uriburu,3,1,0,0,2,0,0,,Calle,,ROSARIO,Rosario,Asfalto,No existe,II,Dentro,Urbana,Ninguna,No existe,Intersección,S/D,S/D,Diurna,S/D,Lateral,S/D,Colisión,S/D,S/D,Ninguna,Sin restricción,POINT (-60.64935790000001 -32.990775299999996),"['Sarmiento', 'Uriburu']",2,Sarmiento; Avenida José Uriburu,-32.9907753,-60.64935790000001,55.0,538.0,Municipio Rosario,Municipio,Rosario,820210,Servicio de Catastro e Información Territorial,IGN
2012,17464,2012-12-18,Martes,0.0,17:50:00,,0.0,2,"Moto/Ciclomotor,Transporte de Pasajeros Larga Distancia (> 8 asientos)",Bv. Oroño Y Garibaldi,2,1,0,0,1,0,0,,Avenida,,ROSARIO,Rosario,Asfalto,No existe,II,Dentro,Urbana,Ninguna,No existe,Intersección,S/D,S/D,Atardecer,S/D,Lateral,S/D,Colisión,S/D,S/D,Ninguna,Sin restricción,POINT (-60.6632508 -32.983266949999994),"['Bulevar Nicasio Oroño', 'José Garibaldi']",2,Bulevar Nicasio Oroño; José Garibaldi,-32.983266949999994,-60.6632508,55.0,538.0,Municipio Rosario,Municipio,Rosario,820210,Servicio de Catastro e Información Territorial,IGN
2012,17465,2012-12-17,Lunes,0.0,13:15:00,,0.0,2,"Moto/Ciclomotor,Pickup/Utilitario",San Martin Y Centeno,2,1,0,0,1,0,0,,Avenida,,ROSARIO,Rosario,Asfalto,No existe,II,Dentro,Urbana,Ninguna,No existe,Intersección,S/D,S/D,Diurna,S/D,Lateral,S/D,Colisión,S/D,S/D,Ninguna,Sin restricción,POINT (-60.64552855 -32.98523165),"['San Martin', 'Centeno']",2,José de San Martín; Coronel Centeno,-32.98523165,-60.64552855,55.0,538.0,Municipio Rosario,Municipio,Rosario,820210,Servicio de Catastro e Información Territorial,IGN
2012,17466,2012-12-07,Viernes,0.0,12:00:00,,0.0,2,"Automóvil,Moto/Ciclomotor",Bv. Oroño Y Bv. 27 De Febrero,2,1,0,0,1,0,0,,Avenida,,ROSARIO,Rosario,Asfalto,S/D,II,Dentro,Urbana,Semáforo,Funciona,Intersección,Bueno,Buena,Diurna,Buen Tiempo,S/D,S/D,Colisión,S/D,S/D,Cordón divisorio,Sin restricción,POINT (-60.658642825 -32.964892400000004),"['Bulevar Nicasio Oroño', '27 de Febrero']",2,Bulevar Nicasio Oroño; Bulevar 27 de Febrero,-32.964892400000004,-60.658642825,55.0,538.0,Municipio Rosario,Municipio,Rosario,820210,Servicio de Catastro e Información Territorial,IGN
2012,17467,2012-12-17,Lunes,0.0,18:00:00,,0.0,2,"Automóvil,Moto/Ciclomotor",Bv. Oroño Y Juan Canals,2,1,0,0,1,0,0,,Avenida,,ROSARIO,Rosario,Asfalto,No existe,II,Dentro,Urbana,Ninguna,No existe,Intersección,S/D,S/D,Atardecer,S/D,Lateral,S/D,Colisión,S/D,S/D,Ninguna,Sin restricción,POINT (-60.66411445 -32.9867086),"['Bulevar Nicasio Oroño', 'Juan Canals']",2,Bulevar Nicasio Oroño; Juan Canals,-32.9867086,-60.66411445,55.0,538.0,Municipio Rosario,Municipio,Rosario,820210,Servicio de Catastro e Información Territorial,IGN
2012,17470,2012-12-07,Viernes,0.0,14:30:00,,0.0,2,"Automóvil,Moto/Ciclomotor",Bv. Oroño Y Bv. 27 De Febrero,2,1,0,0,1,0,0,,Avenida,,ROSARIO,Rosario,Asfalto,S/D,II,Dentro,Urbana,S/D,Funciona,Intersección,S/D,S/D,S/D,S/D,S/D,S/D,Colisión,S/D,S/D,S/D,S/D,POINT (-60.658642825 -32.964892400000004),"['Bulevar Nicasio Oroño', '27 de Febrero']",2,Bulevar Nicasio Oroño; Bulevar 27 de Febrero,-32.964892400000004,-60.658642825,55.0,538.0,Municipio Rosario,Municipio,Rosario,820210,Servicio de Catastro e Información Territorial,IGN
2012,17472,2012-12-06,Jueves,0.0,11:30:00,,0.0,3,"Automóvil,Automóvil,Taxi/Remis",Bv. Oroño Y Av. Pellegrini,4,1,0,0,3,0,0,,Avenida,,ROSARIO,Rosario,Asfalto,S/D,II,Dentro,Urbana,S/D,S/D,Intersección,S/D,S/D,S/D,S/D,Múltiple,S/D,Colisión,S/D,S/D,S/D,S/D,POINT (-60.656023850000004 -32.95457175),"['Bulevar Nicasio Oroño', 'Pellegrini']",2,Bulevar Nicasio Oroño; Avenida Carlos Pellegrini,-32.95457175,-60.65602385,55.0,538.0,Municipio Rosario,Municipio,Rosario,820210,Servicio de Catastro e Información Territorial,IGN
2012,17476,2012-12-11,Martes,0.0,10:30:00,,0.0,2,"Bicicleta,Automóvil",Balcarce Y Saavedra,2,1,0,0,1,0,0,,Calle,,ROSARIO,Rosario,Asfalto,No existe,II,Dentro,Urbana,Ninguna,No existe,Intersección,S/D,S/D,Diurna,S/D,Otro,S/D,Atropello,S/D,S/D,Ninguna,Sin restricción,POINT (-60.659847400000004 -32.975479699999994),"['Balcarce', 'Saavedra']",2,Balcarce; Saavedra,-32.975479699999994,-60.6598474,55.0,538.0,Municipio Rosario,Municipio,Rosario,820210,Servicio de Catastro e Información Territorial,IGN