anio_acci,nro_acci,fecha,desc_dia,fecha_aprox,hora_aprox,desc_ruta,km,cant_participantes,desc_participante,calle_avenida_km,total,heridos_leves,heridos_graves,heridos_gravisimos,ilesos,fallecidos,sin_datos,posicion_XY,desc_tipo_via,desc_ruta_ori,desc_loc,desc_dpto,desc_tipo_calzada,desc_tipo_banquina,desc_unidad_regional,desc_lugar_calzada,desc_zona,desc_prioridad,desc_estado_semaforo,desc_lugar_via,desc_estado_via,desc_estado_visibilidad,desc_luminosidad,desc_estado_clima,desc_tipo_colision,desc_tipo_atropello,desc_tipo_hecho,desc_pres_calzada,desc_senializacion,desc_separacion_via,desc_restriccion,forma_geocod,calle_lista,numero_calles,calles_osm,lat,lon,index_right,gid,fna,gna,nam,in1,fdc,sag
2012,17477,2012-12-10,Lunes,0.0,15:00:00,,0.0,2,"Moto/Ciclomotor,Automóvil",Av. Ovidio Lagos Y La Paz,2,1,0,0,0,0,1,,Avenida,,ROSARIO,Rosario,Asfalto,S/D,II,Dentro,Urbana,S/D,S/D,Intersección,S/D,S/D,S/D,S/D,S/D,S/D,Colisión,S/D,S/D,S/D,S/D,POINT (-60.6657993 -32.960048499999985),"['Avenida Ovidio Lagos', 'La Paz']",2,Avenida Ovidio Lagos; La Paz,-32.960048499999985,-60.6657993,55.0,538.0,Municipio Rosario,Municipio,Rosario,820210,Servicio de Catastro e Información Territorial,IGN
2012,17478,2012-12-04,Martes,0.0,20:30:00,,0.0,2,"Moto/Ciclomotor,Automóvil",Herrera Y Cavia,3,2,0,0,1,0,0,,Calle,,ROSARIO,Rosario,Asfalto,No existe,II,Dentro,Urbana,Ninguna,No existe,Intersección,Bueno,S/D,Atardecer,Buen Tiempo,Lateral,S/D,Colisión,Otro,Faltante,Ninguna,Sin restricción,POINT (-60.70939539999999 -32.897679800000006),"['Herrera', 'Cavia']",2,Franzini Herrera; Cavia,-32.897679800000006,-60.70939539999999,55.0,538.0,Municipio Rosario,Municipio,Rosario,820210,Servicio de Catastro e Información Territorial,IGN
2012,17480,2012-12-10,Lunes,0.0,10:00:00,,0.0,2,"Moto/Ciclomotor,Automóvil",Mitre 2900,3,2,0,0,1,0,0,,Calle,,ROSARIO,Rosario,Asfalto,S/D,II,Dentro,Urbana,S/D,No existe,Intersección,Bueno,S/D,S/D,S/D,Otro,S/D,Colisión,S/D,S/D,S/D,S/D,"-33.0020521, -60.6503914",['Mitre 2900'],1,Mitre 2900,-33.0020521,-60.6503914,55.0,538.0,Municipio Rosario,Municipio,Rosario,820210,Servicio de Catastro e Información Territorial,IGN
2012,17481,2012-12-11,Martes,0.0,13:45:00,,0.0,2,"Automóvil,Moto/Ciclomotor",Entre Rios Y Cochabamba,2,1,0,0,1,0,0,,Calle,,ROSARIO,Rosario,Asfalto,S/D,II,Dentro,Urbana,Señal Pare,No existe,Intersección,S/D,S/D,S/D,Buen Tiempo,Lateral,S/D,Colisión,S/D,Vertical,S/D,Sin restricción,POINT (-60.6439501 -32.9579457),"['Entre Ríos', 'Cochabamba']",2,Entre Ríos; Cochabamba,-32.9579457,-60.6439501,55.0,538.0,Municipio Rosario,Municipio,Rosario,820210,Servicio de Catastro e Información Territorial,IGN
2012,17482,2012-12-05,Miercoles,0.0,21:00:00,,0.0,2,"Moto/Ciclomotor,Automóvil",PJE. ADRIAN Y LARRECHEA,3,1,0,0,1,0,1,,Calle,,ROSARIO,Rosario,Asfalto,No existe,II,Dentro,Urbana,Ninguna,No existe,Intersección,Bueno,Buena,Nocturna,Buen Tiempo,Lateral,S/D,Colisión,Otro,Faltante,Ninguna,Sin restricción,POINT (-60.7039274 -32.89834170000001),"['Pasaje 1351', 'Larrechea']",2,Pasaje 1351; Larrechea,-32.89834170000001,-60.7039274,55.0,538.0,Municipio Rosario,Municipio,Rosario,820210,Servicio de Catastro e Información Territorial,IGN
2012,17483,2012-12-01,Sabado,0.0,10:50:00,,0.0,2,"Moto/Ciclomotor,Automóvil",Laprida Y Gaboto,2,1,0,0,1,0,0,,Calle,,ROSARIO,Rosario,Asfalto,No existe,II,Dentro,Urbana,Marca Vial,No existe,Intersección,Bueno,Buena,Diurna,Buen Tiempo,Lateral,S/D,Colisión,S/D,Vertical,Línea divisoria pintada,Sin restricción,POINT (-60.6409907 -32.9740619),"['Laprida', 'Gaboto']",2,Francisco Narciso Laprida; Gaboto,-32.9740619,-60.6409907,55.0,538.0,Municipio Rosario,Municipio,Rosario,820210,Servicio de Catastro e Información Territorial,IGN
2012,17484,2012-12-11,Martes,0.0,16:45:00,,0.0,2,"Moto/Ciclomotor,Automóvil",Dorrego Y Riobamba,2,1,0,0,1,0,0,,Calle,,ROSARIO,Rosario,Asfalto,S/D,II,Dentro,Urbana,Ninguna,No existe,Recta,S/D,S/D,S/D,S/D,Otro,S/D,Colisión,S/D,Faltante,S/D,Sin restricción,POINT (-60.6533864 -32.961053199999995),"['Dorrego', 'Riobamba']",2,Manuel Dorrego; Riobamba,-32.961053199999995,-60.6533864,55.0,538.0,Municipio Rosario,Municipio,Rosario,820210,Servicio de Catastro e Información Territorial,IGN
2012,17485,2012-12-07,Viernes,0.0,10:00:00,,0.0,2,"Moto/Ciclomotor,Automóvil",Larrechea Y Pje. M.Garcia,2,1,0,0,1,0,0,,Calle,,ROSARIO,Rosario,Asfalto,No existe,II,Dentro,Urbana,Ninguna,No existe,Intersección,Bueno,Buena,Diurna,Buen Tiempo,Lateral,S/D,Colisión,S/D,Faltante,Ninguna,Sin restricción,POINT (-60.71182259999999 -32.8986412),"['Larrechea', 'Garcia']",2,Larrechea; Piñero García,-32.8986412,-60.71182259999999,55.0,538.0,Municipio Rosario,Municipio,Rosario,820210,Servicio de Catastro e Información Territorial,IGN
2012,17486,2012-12-11,Martes,0.0,16:30:00,,0.0,2,"Moto/Ciclomotor,Automóvil",Dr.Rivas 2200,2,1,0,0,1,0,0,,Calle,,ROSARIO,Rosario,Asfalto,No existe,II,Dentro,Urbana,Ninguna,No existe,Recta,S/D,S/D,Atardecer,S/D,Lateral,S/D,Colisión,S/D,S/D,Ninguna,Sin restricción,"-32.9757061, -60.7032559",['Doctor Francisco Riva 2200'],1,Doctor Francisco Riva 2200,-32.9757061,-60.7032559,55.0,538.0,Municipio Rosario,Municipio,Rosario,820210,Servicio de Catastro e Información Territorial,IGN
2012,17487,2012-12-03,Lunes,0.0,11:00:00,,0.0,2,"Moto/Ciclomotor,Automóvil",Necochea Y Garay,2,1,0,0,1,0,0,,Calle,,ROSARIO,Rosario,Asfalto,No existe,II,Dentro,Urbana,Marca Vial,No existe,Intersección,Bueno,Buena,Diurna,Buen Tiempo,Lateral,S/D,Colisión,S/D,Vertical,Línea divisoria pintada,Sin restricción,POINT (-60.631237799999994 -32.9770099),"['Necochea', 'Garay']",2,Necochea; Juan de Garay,-32.9770099,-60.6312378,55.0,538.0,Municipio Rosario,Municipio,Rosario,820210,Servicio de Catastro e Información Territorial,IGN
2012,17489,2012-12-12,Miercoles,0.0,17:00:00,,0.0,2,"Moto/Ciclomotor,Automóvil",Virasoro Y Sarmiento,3,2,0,0,1,0,0,,Calle,,ROSARIO,Rosario,Asfalto,S/D,II,Dentro,Urbana,S/D,S/D,Intersección,S/D,S/D,S/D,S/D,S/D,S/D,Colisión,S/D,S/D,S/D,S/D,POINT (-60.6440624 -32.969927),"['Virasoro', 'Sarmiento']",2,Benjamín Virasoro; Sarmiento,-32.969927,-60.6440624,55.0,538.0,Municipio Rosario,Municipio,Rosario,820210,Servicio de Catastro e Información Territorial,IGN
2012,17490,2012-12-08,Sabado,0.0,02:30:00,,0.0,2,"Moto/Ciclomotor,Pickup/Utilitario",Laprida Y Gaboto,3,2,0,0,1,0,0,,Calle,,ROSARIO,Rosario,Asfalto,No existe,II,Dentro,Urbana,Marca Vial,No existe,Intersección,Bueno,Buena,Nocturna,Buen Tiempo,Lateral,S/D,Colisión,S/D,S/D,Línea divisoria pintada,Sin restricción,POINT (-60.6409907 -32.9740619),"['Laprida', 'Gaboto']",2,Francisco Narciso Laprida; Gaboto,-32.9740619,-60.6409907,55.0,538.0,Municipio Rosario,Municipio,Rosario,820210,Servicio de Catastro e Información Territorial,IGN
2012,17491,2012-12-12,Miercoles,0.0,11:30:00,,0.0,2,"Moto/Ciclomotor,Automóvil",La Paz 1679,2,1,0,0,1,0,0,,Calle,,ROSARIO,Rosario,S/D,S/D,II,Dentro,Urbana,S/D,S/D,Recta,S/D,S/D,S/D,S/D,S/D,S/D,Colisión,S/D,S/D,S/D,S/D,"-32.96283402040816, -60.65058997551021",['La Paz 1679'],1,La Paz 1679,-32.96283402040816,-60.65058997551021,55.0,538.0,Municipio Rosario,Municipio,Rosario,820210,Servicio de Catastro e Información Territorial,IGN
2012,17492,2012-12-06,Jueves,0.0,19:00:00,,0.0,2,"Moto/Ciclomotor,Automóvil",Paraguay Y Biedma,3,2,0,0,1,0,0,,Calle,,ROSARIO,Rosario,Asfalto,No existe,II,Dentro,Urbana,Marca Vial,S/D,Recta,Bueno,Buena,Con luz artificial,Lluvia,Lateral,S/D,Colisión,Agua,Vertical,Línea divisoria pintada,Sin restricción,POINT (-60.6525535 -32.9804077),"['Paraguay', 'Coronel Biedma']",2,Paraguay; Coronel Biedma,-32.9804077,-60.6525535,55.0,538.0,Municipio Rosario,Municipio,Rosario,820210,Servicio de Catastro e Información Territorial,IGN
2012,17493,2012-12-08,Sabado,0.0,22:15:00,,0.0,2,"Moto/Ciclomotor,Automóvil",Cruz Chica Y Palestina,3,2,0,0,1,0,0,,Calle,,ROSARIO,Rosario,Asfalto,No existe,II,Dentro,Urbana,Ninguna,No existe,Intersección,Bueno,Buena,Nocturna,Buen Tiempo,Lateral,S/D,Colisión,Otro,Faltante,Ninguna,Sin restricción,POINT (-60.7058057 -32.885876899999985),"['Cruz Chica', 'Palestina']",2,Cruz Chica; Palestina,-32.885876899999985,-60.7058057,55.0,538.0,Municipio Rosario,Municipio,Rosario,820210,Servicio de Catastro e Información Territorial,IGN
2012,17494,2012-12-13,Jueves,0.0,15:30:00,,0.0,1,Moto/Ciclomotor,Rueda Y Mitre,3,2,0,0,0,0,1,,Calle,,ROSARIO,Rosario,Asfalto,S/D,II,Dentro,Urbana,S/D,No existe,Recta,S/D,S/D,S/D,Buen Tiempo,S/D,S/D,Caída ocupante,S/D,S/D,S/D,Sin restricción,POINT (-60.64574650000001 -32.97082739999999),"['Rueda', 'Mitre']",2,Rueda; Bartolomé Mitre,-32.97082739999999,-60.64574650000001,55.0,538.0,Municipio Rosario,Municipio,Rosario,820210,Servicio de Catastro e Información Territorial,IGN
2012,17495,2012-12-13,Jueves,0.0,18:30:00,,0.0,2,"Automóvil,Bicicleta",Av. Ovidio Lagos Y Amenabar,2,1,0,0,1,0,0,,Avenida,,ROSARIO,Rosario,Asfalto,S/D,II,Dentro,Urbana,S/D,S/D,Intersección,S/D,S/D,S/D,S/D,S/D,S/D,Atropello,S/D,S/D,S/D,S/D,POINT (-60.66772746666666 -32.96808026666666),"['Avenida Ovidio Lagos', 'Amenabar']",2,Avenida Ovidio Lagos; José de Amenábar,-32.96808026666666,-60.66772746666666,55.0,538.0,Municipio Rosario,Municipio,Rosario,820210,Servicio de Catastro e Información Territorial,IGN
2012,17496,2012-12-15,Sabado,0.0,16:20:00,,0.0,2,"Automóvil,Bicicleta",Mariano Moreno Y Ituzaingo,2,1,0,0,1,0,0,,Calle,,ROSARIO,Rosario,Asfalto,S/D,II,Dentro,Urbana,S/D,S/D,Recta,Bueno,S/D,S/D,S/D,S/D,S/D,Atropello,S/D,S/D,S/D,S/D,POINT (-60.6541927 -32.9585103),"['Mariano Moreno', 'Ituzaingó']",2,Mariano Moreno; Ituzaingó,-32.9585103,-60.6541927,55.0,538.0,Municipio Rosario,Municipio,Rosario,820210,Servicio de Catastro e Información Territorial,IGN
2012,17497,2012-12-04,Martes,0.0,22:30:00,,0.0,2,"Automóvil,Moto/Ciclomotor",25 DE MAYO 3500,2,1,0,0,1,0,0,,Avenida,,ROSARIO,Rosario,Asfalto,Pavimento,II,Dentro,Urbana,Ninguna,No existe,Recta,Bueno,Buena,Nocturna,Buen Tiempo,Otro,S/D,Colisión,S/D,Vertical,Guardarrail,Sin restricción,"-32.8712707, -60.6992222",['25 De Mayo 3500'],1,25 De Mayo 3500,-32.8712707,-60.6992222,55.0,538.0,Municipio Rosario,Municipio,Rosario,820210,Servicio de Catastro e Información Territorial,IGN
2012,17498,2012-12-16,Domingo,0.0,02:20:00,,0.0,2,"Automóvil,Moto/Ciclomotor",Rueda Y Av. Ovidio Lagos,3,2,0,0,1,0,0,,Avenida,,ROSARIO,Rosario,Asfalto,S/D,II,Dentro,Urbana,S/D,S/D,Recta,Bueno,S/D,S/D,S/D,S/D,S/D,Colisión,S/D,S/D,S/D,S/D,POINT (-60.667435000000005 -32.96692475),"['Rueda', 'Avenida Ovidio Lagos']",2,Rueda; Avenida Ovidio Lagos,-32.96692475,-60.667435000000005,55.0,538.0,Municipio Rosario,Municipio,Rosario,820210,Servicio de Catastro e Información Territorial,IGN
2012,17500,2012-12-07,Viernes,0.0,14:00:00,,0.0,2,"Peatón,Automóvil",PJE 303 1400,2,1,0,0,1,0,0,,Calle,,ROSARIO,Rosario,Asfalto,No existe,II,Dentro,Urbana,Ninguna,No existe,Recta,S/D,S/D,Diurna,S/D,Otro,S/D,Atropello,S/D,S/D,Ninguna,Sin restricción,"-32.9717549, -60.6503678",['Pasaje 303 1400'],1,Pasaje 303 1400,-32.9717549,-60.6503678,55.0,538.0,Municipio Rosario,Municipio,Rosario,820210,Servicio de Catastro e Información Territorial,IGN
2012,17501,2012-12-07,Viernes,0.0,18:30:00,,0.0,2,"Automóvil,Taxi/Remis",San Martin Y Juan Canals,3,1,0,0,2,0,0,,Avenida,,ROSARIO,Rosario,Asfalto,No existe,II,Dentro,Urbana,Ninguna,No existe,Intersección,S/D,S/D,Atardecer,S/D,Lateral,S/D,Colisión,S/D,S/D,Ninguna,Sin restricción,POINT (-60.646518549999996 -32.98985395),"['San Martin', 'Juan Canals']",2,José de San Martín; Juan Canals,-32.98985395,-60.64651855,55.0,538.0,Municipio Rosario,Municipio,Rosario,820210,Servicio de Catastro e Información Territorial,IGN
2012,17502,2012-12-07,Viernes,0.0,11:05:00,,0.0,2,"Automóvil,Moto/Ciclomotor",San Martin Y Hilarion de la Quintana,2,1,0,0,1,0,0,,Avenida,,ROSARIO,Rosario,Asfalto,No existe,II,Dentro,Urbana,Ninguna,No existe,Intersección,S/D,S/D,Diurna,S/D,Lateral,S/D,Colisión,S/D,S/D,Ninguna,Sin restricción,POINT (-60.64892185 -33.00095949999999),"['San Martin', 'Hilarión de la Quintana']",2,José de San Martín; Hilarión de la Quintana,-33.00095949999999,-60.64892185,55.0,538.0,Municipio Rosario,Municipio,Rosario,820210,Servicio de Catastro e Información Territorial,IGN
2012,17505,2012-12-16,Domingo,0.0,01:50:00,,0.0,4,"Automóvil,Automóvil,Taxi/Remis,Taxi/Remis",Italia Y Av. Pellegrini,7,4,0,0,3,0,0,,Calle,,ROSARIO,Rosario,Asfalto,S/D,II,Dentro,Urbana,S/D,S/D,Recta,Bueno,S/D,"Nocturna,Con luz artificial",Buen Tiempo,Múltiple,S/D,Colisión,S/D,S/D,S/D,S/D,POINT (-60.650600100000005 -32.955561700000004),"['Italia', 'Pellegrini']",2,Italia; Avenida Carlos Pellegrini,-32.955561700000004,-60.650600100000005,55.0,538.0,Municipio Rosario,Municipio,Rosario,820210,Servicio de Catastro e Información Territorial,IGN
2012,17506,2012-12-17,Lunes,0.0,14:30:00,,0.0,2,"Automóvil,Automóvil",La Paz Y Mitre,3,1,0,0,2,0,0,,Calle,,ROSARIO,Rosario,Asfalto,S/D,II,Dentro,Urbana,S/D,S/D,Recta,Bueno,S/D,S/D,Buen Tiempo,Lateral,S/D,Colisión,S/D,S/D,S/D,Sin restricción,POINT (-60.6440084 -32.9639253),"['La Paz', 'Mitre']",2,La Paz; Bartolomé Mitre,-32.9639253,-60.6440084,55.0,538.0,Municipio Rosario,Municipio,Rosario,820210,Servicio de Catastro e Información Territorial,IGN
2012,17507,2012-12-17,Lunes,0.0,13:15:00,,0.0,2,"Automóvil,Moto/Ciclomotor",Riobamba Y Entre Rios,2,1,0,0,1,0,0,,Calle,,ROSARIO,Rosario,Asfalto,S/D,II,Dentro,Urbana,S/D,S/D,Recta,Bueno,Buena,Diurna,Buen Tiempo,S/D,S/D,Colisión,S/D,S/D,S/D,S/D,POINT (-60.6451139 -32.962534399999996),"['Riobamba', 'Entre Ríos']",2,Riobamba; Entre Ríos,-32.9625344,-60.6451139,55.0,538.0,Municipio Rosario,Municipio,Rosario,820210,Servicio de Catastro e Información Territorial,IGN
2012,17508,2012-12-07,Viernes,0.0,16:40:00,,0.0,2,"Moto/Ciclomotor,Automóvil",Av. Irigoyen Y Los Cocos,2,1,0,0,1,0,0,,Avenida,,ROSARIO,Rosario,Asfalto,No existe,II,Dentro,Urbana,Ninguna,No existe,Intersección,Bueno,Buena,Atardecer,Buen Tiempo,Lateral,S/D,Colisión,S/D,Faltante,Ninguna,Sin restricción,POINT (-60.708027400000006 -32.884862),"['Avenida Hipólito Irigoyen', 'Los Cocos']",2,Avenida Hipólito Irigoyen; Los Cocos,-32.884862,-60.708027400000006,55.0,538.0,Municipio Rosario,Municipio,Rosario,820210,Servicio de Catastro e Información Territorial,IGN
2012,17509,2012-12-17,Lunes,0.0,14:25:00,,0.0,2,"Moto/Ciclomotor,Taxi/Remis",España Y Cochabamba,2,1,0,0,1,0,0,,Calle,,ROSARIO,Rosario,Asfalto,S/D,II,Dentro,Urbana,S/D,S/D,Recta,Bueno,S/D,Diurna,Buen Tiempo,S/D,S/D,Colisión,S/D,S/D,S/D,S/D,POINT (-60.649499 -32.9569347),"['España', 'Cochabamba']",2,España; Cochabamba,-32.9569347,-60.649499,55.0,538.0,Municipio Rosario,Municipio,Rosario,820210,Servicio de Catastro e Información Territorial,IGN
2012,17510,2012-12-20,Jueves,0.0,13:10:00,,0.0,4,"Automóvil,Automóvil,Automóvil,Camión",Bv. Oroño Y Bv. 27 De Febrero,5,1,0,0,4,0,0,,Avenida,,ROSARIO,Rosario,Asfalto,S/D,II,Dentro,Urbana,S/D,S/D,Recta,Bueno,S/D,S/D,S/D,S/D,S/D,Colisión,S/D,S/D,S/D,S/D,POINT (-60.658642825 -32.964892400000004),"['Bulevar Nicasio Oroño', '27 de Febrero']",2,Bulevar Nicasio Oroño; Bulevar 27 de Febrero,-32.964892400000004,-60.658642825,55.0,538.0,Municipio Rosario,Municipio,Rosario,820210,Servicio de Catastro e Información Territorial,IGN
2012,17511,2012-12-08,Sabado,0.0,02:40:00,,0.0,2,"Automóvil,Moto/Ciclomotor",Baigorria Y Av. Circunvalacion,3,2,0,0,1,0,0,,Calle,,ROSARIO,Rosario,Asfalto,S/D,II,S/D,Urbana,S/D,S/D,Intersección,Bueno,S/D,S/D,Buen Tiempo,S/D,S/D,S/D,S/D,S/D,S/D,S/D,POINT (-60.719770260245994 -32.893468154963045),"['Baigorria', 'Circunvalacion']",2,Baigorria; Avenida de Circunvalación 25 de Mayo,-32.893468154963045,-60.719770260246,55.0,538.0,Municipio Rosario,Municipio,Rosario,820210,Servicio de Catastro e Información Territorial,IGN
2012,17514,2012-12-02,Domingo,0.0,13:00:00,,0.0,2,"Moto/Ciclomotor,Automóvil",San Lorenzo Y Rodriguez,2,1,0,0,1,0,0,,Calle,,ROSARIO,Rosario,Asfalto,No existe,II,Dentro,Urbana,Ninguna,No existe,Recta,Bueno,Buena,Diurna,Buen Tiempo,Otro,S/D,Colisión,Otro,Faltante,Ninguna,Sin restricción,POINT (-60.658118800000004 -32.9404409),"['San Lorenzo', 'Rodríguez']",2,San Lorenzo; Rodríguez de Escobedo,-32.9404409,-60.6581188,55.0,538.0,Municipio Rosario,Municipio,Rosario,820210,Servicio de Catastro e Información Territorial,IGN
2012,17515,2012-12-05,Miercoles,0.0,14:30:00,,0.0,2,"Moto/Ciclomotor,Automóvil",Salta Y Av. Ovidio Lagos,2,1,0,0,1,0,0,,Calle,,ROSARIO,Rosario,Asfalto,No existe,II,Dentro,Urbana,Semáforo,Funciona,Recta,Bueno,Buena,Diurna,Buen Tiempo,Otro,S/D,Colisión,Otro,Vertical,Ninguna,Sin restricción,POINT (-60.6597135 -32.93528760000001),"['Salta', 'Avenida Ovidio Lagos']",2,Salta; Avenida Ovidio Lagos,-32.93528760000001,-60.6597135,55.0,538.0,Municipio Rosario,Municipio,Rosario,820210,Servicio de Catastro e Información Territorial,IGN
2012,17516,2012-12-06,Jueves,0.0,00:05:00,,0.0,2,"Moto/Ciclomotor,Taxi/Remis",Brown Y Santiago,2,1,0,0,0,0,1,,Calle,,ROSARIO,Rosario,Asfalto,No existe,II,S/D,Urbana,Ninguna,No existe,Recta,Bueno,Buena,S/D,Buen Tiempo,Otro,S/D,Colisión,S/D,Faltante,Ninguna,Sin restricción,POINT (-60.653646800000004 -32.9339372),"['Brown', 'Santiago']",2,Almirante Brown; Santiago,-32.9339372,-60.6536468,55.0,538.0,Municipio Rosario,Municipio,Rosario,820210,Servicio de Catastro e Información Territorial,IGN
2012,17517,2012-12-05,Miercoles,0.0,13:05:00,,0.0,2,"Automóvil,Moto/Ciclomotor",Mitre Y Amenabar,2,1,0,0,1,0,0,,Calle,,ROSARIO,Rosario,Asfalto,No existe,II,S/D,Urbana,Ninguna,No existe,Intersección,S/D,S/D,Diurna,S/D,Lateral,S/D,Colisión,S/D,S/D,Ninguna,Sin restricción,POINT (-60.64601179999999 -32.9719662),"['Mitre', 'Amenabar']",2,Bartolomé Mitre; José de Amenábar,-32.9719662,-60.64601179999999,55.0,538.0,Municipio Rosario,Municipio,Rosario,820210,Servicio de Catastro e Información Territorial,IGN
2012,17518,2012-12-06,Jueves,0.0,14:30:00,,0.0,2,"Automóvil,Automóvil",pueyrredon Y urquiza,2,2,0,0,0,0,0,,Calle,,ROSARIO,Rosario,Asfalto,No existe,II,Fuera,Urbana,Ninguna,No existe,Recta,Bueno,Buena,Diurna,Buen Tiempo,S/D,S/D,Colisión,S/D,Faltante,Ninguna,Sin restricción,POINT (-60.6564923 -32.9395203),"['Pueyrredón', 'Urquiza']",2,Pueyrredón; Justo José de Urquiza,-32.9395203,-60.6564923,55.0,538.0,Municipio Rosario,Municipio,Rosario,820210,Servicio de Catastro e Información Territorial,IGN
2012,17519,2012-12-06,Jueves,0.0,15:00:00,,0.0,2,"Moto/Ciclomotor,Automóvil",Vera Mujica Y San Lorenzo,2,1,0,0,1,0,0,,Calle,,ROSARIO,Rosario,Asfalto,No existe,II,S/D,Urbana,Ninguna,No existe,Recta,Bueno,Buena,Diurna,Buen Tiempo,Otro,S/D,Colisión,Otro,Faltante,Ninguna,Sin restricción,POINT (-60.6663154 -32.938987100000006),"['Vera Mujíca', 'San Lorenzo']",2,Vera Mujíca; San Lorenzo,-32.938987100000006,-60.6663154,55.0,538.0,Municipio Rosario,Municipio,Rosario,820210,Servicio de Catastro e Información Territorial,IGN
2012,17520,2012-12-04,Martes,0.0,10:20:00,,0.0,2,"Moto/Ciclomotor,Automóvil",Hilarion de la Quintana Y Entre Rios,2,1,0,0,1,0,0,,Calle,,ROSARIO,Rosario,Asfalto,No existe,II,Dentro,Urbana,Ninguna,No existe,Intersección,S/D,S/D,Diurna,S/D,Lateral,S/D,Colisión,S/D,S/D,Ninguna,Sin restricción,POINT (-60.6518524 -33.001046499999994),"['Hilarión de la Quintana', 'Entre Ríos']",2,Hilarión de la Quintana; Entre Ríos,-33.001046499999994,-60.6518524,55.0,538.0,Municipio Rosario,Municipio,Rosario,820210,Servicio de Catastro e Información Territorial,IGN
2012,17521,2012-12-07,Viernes,0.0,04:00:00,,0.0,2,"Taxi/Remis,Automóvil",Vera Mujica Y Urquiza,5,3,0,0,2,0,0,,Calle,,ROSARIO,Rosario,Asfalto,No existe,II,Dentro,Urbana,Semáforo,Funciona,Intersección,Bueno,Buena,"Nocturna,Con luz artificial",Buen Tiempo,Otro,S/D,Colisión,S/D,Vertical,Ninguna,Sin restricción,POINT (-60.6660287 -32.9378397),"['Vera Mujíca', 'Urquiza']",2,Vera Mujíca; Justo José de Urquiza,-32.9378397,-60.6660287,55.0,538.0,Municipio Rosario,Municipio,Rosario,820210,Servicio de Catastro e Información Territorial,IGN
2012,17522,2012-12-04,Martes,0.0,13:50:00,,0.0,2,"Automóvil,Moto/Ciclomotor",Bv. Segui Y Dorrego,3,2,0,0,1,0,0,,Avenida,,ROSARIO,Rosario,Asfalto,No existe,II,Dentro,Urbana,Ninguna,No existe,Intersección,S/D,S/D,Diurna,S/D,Lateral,S/D,Colisión,S/D,S/D,Ninguna,Sin restricción,POINT (-60.657444850000005 -32.97709334999999),"['Bulevar Juan Francisco Seguí', 'Dorrego']",2,Bulevar Juan Francisco Seguí; Manuel Dorrego,-32.97709334999999,-60.657444850000005,55.0,538.0,Municipio Rosario,Municipio,Rosario,820210,Servicio de Catastro e Información Territorial,IGN
2012,17523,2012-12-02,Domingo,0.0,19:00:00,,0.0,2,"Bicicleta,Automóvil",Ameghino Y Bv. Oroño,2,1,0,0,1,0,0,,Avenida,,ROSARIO,Rosario,Asfalto,No existe,II,Dentro,Urbana,Semáforo,Funciona,Intersección,S/D,S/D,Atardecer,S/D,Otro,S/D,Atropello,S/D,S/D,Ninguna,S/D,POINT (-60.6635405 -32.9844018),"['Ameghino', 'Bulevar Nicasio Oroño']",2,Ameghino; Bulevar Nicasio Oroño,-32.9844018,-60.6635405,55.0,538.0,Municipio Rosario,Municipio,Rosario,820210,Servicio de Catastro e Información Territorial,IGN
2012,17524,2012-12-08,Sabado,0.0,17:20:00,,0.0,2,"Automóvil,Automóvil",Santiago Y Jujuy,2,1,0,0,0,0,1,,Calle,,ROSARIO,Rosario,Asfalto,No existe,II,Dentro,Urbana,Otra Señal,No existe,Recta,Bueno,Buena,Diurna,Buen Tiempo,S/D,S/D,Colisión,S/D,Vertical,Ninguna,Sin restricción,POINT (-60.65392260000001 -32.9350458),"['Santiago', 'Jujuy']",2,Santiago; Jujuy,-32.9350458,-60.65392260000001,55.0,538.0,Municipio Rosario,Municipio,Rosario,820210,Servicio de Catastro e Información Territorial,IGN
2012,17525,2012-12-02,Domingo,0.0,19:00:00,,0.0,1,Bicicleta,Ameghino Y Bv. Oroño,2,1,0,0,1,0,0,,Avenida,,ROSARIO,Rosario,Asfalto,No existe,II,Dentro,Urbana,Semáforo,Funciona,Intersección,S/D,S/D,Atardecer,S/D,Otro,S/D,Atropello,S/D,S/D,Ninguna,Sin restricción,POINT (-60.6635405 -32.9844018),"['Ameghino', 'Bulevar Nicasio Oroño']",2,Ameghino; Bulevar Nicasio Oroño,-32.9844018,-60.6635405,55.0,538.0,Municipio Rosario,Municipio,Rosario,820210,Servicio de Catastro e Información Territorial,IGN
2012,17526,2012-12-01,Sabado,0.0,12:40:00,,0.0,2,"Bicicleta,Automóvil",Av. Ntra.Sra.del Rosario Y España,2,1,0,0,1,0,0,,Avenida,,ROSARIO,Rosario,Asfalto,No existe,II,Dentro,Urbana,Ninguna,No existe,Intersección,S/D,S/D,Diurna,S/D,Otro,S/D,Atropello,S/D,S/D,Ninguna,Sin restricción,POINT (-60.657751399999995 -33.000355199999994),"['Nuestra Señora del Rosario', 'España']",2,Puente Nuestra Señora del Rosario; España,-33.000355199999994,-60.6577514,55.0,538.0,Municipio Rosario,Municipio,Rosario,820210,Servicio de Catastro e Información Territorial,IGN
2012,17527,2012-12-09,Domingo,0.0,08:00:00,,0.0,2,"Automóvil,Automóvil",Salta Y Callao,3,2,0,0,1,0,0,,Calle,,ROSARIO,Rosario,Asfalto,No existe,II,S/D,Urbana,Semáforo,Funciona,Recta,Bueno,Buena,Diurna,Buen Tiempo,Otro,S/D,Colisión,Otro,Vertical,Ninguna,S/D,POINT (-60.6583919 -32.93552249999999),"['Salta', 'Callao']",2,Salta; Callao,-32.93552249999999,-60.6583919,55.0,538.0,Municipio Rosario,Municipio,Rosario,820210,Servicio de Catastro e Información Territorial,IGN