anio_acci,nro_acci,fecha,desc_dia,fecha_aprox,hora_aprox,desc_ruta,km,cant_participantes,desc_participante,calle_avenida_km,total,heridos_leves,heridos_graves,heridos_gravisimos,ilesos,fallecidos,sin_datos,posicion_XY,desc_tipo_via,desc_ruta_ori,desc_loc,desc_dpto,desc_tipo_calzada,desc_tipo_banquina,desc_unidad_regional,desc_lugar_calzada,desc_zona,desc_prioridad,desc_estado_semaforo,desc_lugar_via,desc_estado_via,desc_estado_visibilidad,desc_luminosidad,desc_estado_clima,desc_tipo_colision,desc_tipo_atropello,desc_tipo_hecho,desc_pres_calzada,desc_senializacion,desc_separacion_via,desc_restriccion,forma_geocod,calle_lista,numero_calles,calles_osm,lat,lon,index_right,gid,fna,gna,nam,in1,fdc,sag
2012,17624,2012-12-22,Sabado,0.0,03:10:00,,0.0,2,"Moto/Ciclomotor,Automóvil",Av. Francia Y 3 De Febrero,2,1,0,0,1,0,0,,Avenida,,ROSARIO,Rosario,Asfalto,S/D,II,Dentro,Urbana,S/D,S/D,Intersección,S/D,S/D,Nocturna,S/D,S/D,S/D,Colisión,S/D,S/D,S/D,Sin restricción,POINT (-60.66711794999999 -32.947896799999995),"['Avenida Francia', '3 de Febrero']",2,Avenida Francia; 3 de Febrero,-32.947896799999995,-60.66711794999999,55.0,538.0,Municipio Rosario,Municipio,Rosario,820210,Servicio de Catastro e Información Territorial,IGN
2012,17625,2012-12-27,Jueves,0.0,10:30:00,,0.0,2,"Moto/Ciclomotor,Automóvil",San Luis Y Av. Ovidio Lagos,2,1,0,0,1,0,0,,Avenida,,ROSARIO,Rosario,Asfalto,S/D,II,Dentro,Urbana,S/D,S/D,Intersección,S/D,S/D,S/D,S/D,S/D,S/D,Colisión,S/D,S/D,S/D,S/D,POINT (-60.6621155 -32.9448915),"['San Luis', 'Avenida Ovidio Lagos']",2,San Luis; Avenida Ovidio Lagos,-32.9448915,-60.6621155,55.0,538.0,Municipio Rosario,Municipio,Rosario,820210,Servicio de Catastro e Información Territorial,IGN
2012,17626,2012-12-21,Viernes,0.0,12:45:00,,0.0,2,"Bicicleta,Pickup/Utilitario",3 De Febrero Y Pueyrredon,2,1,0,0,1,0,0,,Calle,,ROSARIO,Rosario,Asfalto,S/D,II,Dentro,Urbana,S/D,S/D,Intersección,S/D,S/D,S/D,S/D,S/D,S/D,Atropello,S/D,S/D,S/D,S/D,POINT (-60.65897040000001 -32.9493667),"['3 de Febrero', 'Pueyrredón']",2,3 de Febrero; Pueyrredón,-32.9493667,-60.65897040000001,55.0,538.0,Municipio Rosario,Municipio,Rosario,820210,Servicio de Catastro e Información Territorial,IGN
2012,17631,2012-12-31,Lunes,0.0,,,0.0,2,"Peatón,Pickup/Utilitario",Av. Francia Y Centeno,2,1,0,0,0,0,1,,Calle,,ROSARIO,Rosario,Asfalto,S/D,II,Dentro,Urbana,Ninguna,S/D,Intersección,Deteriorada,Buena,S/D,Buen Tiempo,S/D,S/D,Atropello,S/D,S/D,Ninguna,Sin restricción,POINT (-60.67521765000001 -32.979911099999995),"['Avenida Francia', 'Centeno']",2,Avenida Francia; Coronel Centeno,-32.979911099999995,-60.67521765000001,55.0,538.0,Municipio Rosario,Municipio,Rosario,820210,Servicio de Catastro e Información Territorial,IGN
2012,17632,2012-12-24,Lunes,0.0,16:00:00,,0.0,1,Bicicleta,Garay Y Bv. Avellaneda,2,1,0,0,1,0,0,,Avenida,,ROSARIO,Rosario,Asfalto,S/D,II,Dentro,Urbana,Ninguna,No existe,Intersección,Deteriorada,Buena,Atardecer,Buen Tiempo,S/D,S/D,Atropello,S/D,S/D,Ninguna,Sin restricción,POINT (-60.6862105 -32.9671833),"['Garay', 'Avellaneda']",2,Juan de Garay; Bulevar Nicolás Avellaneda,-32.9671833,-60.6862105,55.0,538.0,Municipio Rosario,Municipio,Rosario,820210,Servicio de Catastro e Información Territorial,IGN
2012,17658,2012-12-31,Lunes,0.0,21:00:00,,0.0,2,"Automóvil,Moto/Ciclomotor",Cavour Y Olavarria Bis,3,2,0,0,0,0,1,,Calle,,ROSARIO,Rosario,Asfalto,S/D,II,Dentro,Urbana,Ninguna,No existe,Intersección,Bueno,Buena,"Nocturna,Con luz artificial",S/D,Lateral,S/D,Colisión,S/D,Faltante,S/D,Sin restricción,POINT (-60.70442020000001 -32.91888570000001),"['Cavour', 'Olavarría']",2,Cavour; Olavarría,-32.91888570000001,-60.70442020000001,55.0,538.0,Municipio Rosario,Municipio,Rosario,820210,Servicio de Catastro e Información Territorial,IGN
2012,17659,2012-10-20,Sabado,0.0,,,0.0,2,"Automóvil,Automóvil",Victor Mercante Y Av. Genova,2,1,0,0,0,0,1,,Avenida,,ROSARIO,Rosario,Asfalto,S/D,II,Dentro,Urbana,S/D,S/D,S/D,Bueno,Buena,S/D,S/D,S/D,S/D,Colisión,S/D,S/D,S/D,S/D,POINT (-60.6841316 -32.9151559),"['Víctor Mercante', 'Genova']",2,Víctor Mercante; Avenida Génova,-32.9151559,-60.6841316,55.0,538.0,Municipio Rosario,Municipio,Rosario,820210,Servicio de Catastro e Información Territorial,IGN
2012,17677,2012-12-27,Jueves,0.0,13:40:00,,0.0,2,"Moto/Ciclomotor,Automóvil",Buenos Aires Y Amenabar,2,1,0,0,1,0,0,,Calle,,ROSARIO,Rosario,Asfalto,No existe,II,Dentro,Urbana,Marca Vial,No existe,Intersección,Bueno,Buena,Diurna,Buen Tiempo,Lateral,S/D,Colisión,S/D,S/D,Línea divisoria pintada,Sin restricción,POINT (-60.639182299999995 -32.973197600000006),"['Buenos Aires', 'Amenabar']",2,Buenos Aires; José de Amenábar,-32.973197600000006,-60.6391823,55.0,538.0,Municipio Rosario,Municipio,Rosario,820210,Servicio de Catastro e Información Territorial,IGN
2012,17678,2012-03-16,Viernes,0.0,02:10:00,,0.0,1,,Bv. Rondeau Y Gurruchaga,7,1,0,0,6,0,0,,Avenida,,ROSARIO,Rosario,Asfalto,No existe,II,Dentro,Urbana,Semáforo,Funciona,Intersección,Bueno,Buena,Nocturna,Buen Tiempo,Múltiple,S/D,Colisión,Otro,S/D,Barrera de hormigón,Sin restricción,POINT (-60.68916395 -32.90512564999999),"['Rondeau', 'Gurruchaga']",2,Bulevar General José Rondeau; Gurruchaga,-32.90512564999999,-60.68916395,55.0,538.0,Municipio Rosario,Municipio,Rosario,820210,Servicio de Catastro e Información Territorial,IGN
2012,17679,2012-11-01,Jueves,1.0,22:30:00,,0.0,2,"Moto/Ciclomotor,Automóvil",Av. Eva Peron Y Peru,2,0,1,0,1,0,0,,Avenida,,ROSARIO,Rosario,Asfalto,No existe,I,Dentro,Urbana,Semáforo,Funciona,Recta,Bueno,Buena,Nocturna,Buen Tiempo,Otro,S/D,Colisión,S/D,Vertical,Barrera de alto impacto,Sin restricción,POINT (-60.711748099999994 -32.933223649999995),"['Avenida Eva Perón', 'Peru']",2,Avenida Eva Perón; Perú,-32.933223649999995,-60.7117481,55.0,538.0,Municipio Rosario,Municipio,Rosario,820210,Servicio de Catastro e Información Territorial,IGN
2012,17723,2012-12-18,Martes,0.0,18:00:00,,0.0,2,"Moto/Ciclomotor,Moto/Ciclomotor",Herrera ,2,1,0,0,1,0,0,,Calle,,ROSARIO,Rosario,Asfalto,S/D,II,Dentro,Urbana,Ninguna,S/D,Intersección,Bueno,S/D,Diurna,Buen Tiempo,Lateral,S/D,Colisión,S/D,Faltante,Ninguna,Sin restricción,"-32.8960158, -60.6946267",['Herrera'],1,Herrera,-32.8960158,-60.6946267,55.0,538.0,Municipio Rosario,Municipio,Rosario,820210,Servicio de Catastro e Información Territorial,IGN
2012,17724,2012-10-01,Lunes,0.0,02:20:00,,0.0,2,"Automóvil,Moto/Ciclomotor",Junin Y Pje. Araucano Bis,3,2,0,0,1,0,0,,Calle,,ROSARIO,Rosario,Asfalto,S/D,II,Dentro,Urbana,Ninguna,S/D,Intersección,Bueno,S/D,Nocturna,Buen Tiempo,Frontal,S/D,Colisión,S/D,S/D,Ninguna,S/D,POINT (-60.7010174 -32.9272596),"['Junín', 'Araucano']",2,Junín; Araucano,-32.9272596,-60.7010174,55.0,538.0,Municipio Rosario,Municipio,Rosario,820210,Servicio de Catastro e Información Territorial,IGN
2013,1,2013-01-15,Martes,0.0,13:30:00,,0.0,3,"Peatón,Peatón,Moto/Ciclomotor",Valparaiso 2000,4,0,1,0,1,0,2,,Calle,,ROSARIO,Rosario,Asfalto,No existe,II,Dentro,Urbana,Ninguna,No existe,Recta,Bueno,Buena,Diurna,Buen Tiempo,Otro,S/D,Atropello,S/D,Faltante,Cordón divisorio,Sin restricción,"-32.9423643, -60.682774",['Valparaiso 2000'],1,Valparaiso 2000,-32.9423643,-60.682774,55.0,538.0,Municipio Rosario,Municipio,Rosario,820210,Servicio de Catastro e Información Territorial,IGN
2013,189,2013-01-02,Miercoles,0.0,10:00:00,,0.0,2,"Automóvil,Automóvil",3 De Febrero 4310,2,1,0,0,1,0,0,,Calle,,ROSARIO,Rosario,Asfalto,S/D,II,Dentro,Urbana,S/D,S/D,S/D,S/D,S/D,Diurna,S/D,S/D,S/D,Colisión,S/D,S/D,S/D,S/D,"-32.94486623265306, -60.68369804693877",['3 De Febrero 4310'],1,3 De Febrero 4310,-32.94486623265306,-60.68369804693877,55.0,538.0,Municipio Rosario,Municipio,Rosario,820210,Servicio de Catastro e Información Territorial,IGN
2013,191,2013-01-02,Miercoles,0.0,12:10:00,,0.0,2,"Pickup/Utilitario,Taxi/Remis",Cordoba Y Santiago,3,2,0,0,1,0,0,,Calle,,ROSARIO,Rosario,Asfalto,S/D,II,Dentro,Urbana,S/D,S/D,Intersección,S/D,S/D,S/D,S/D,S/D,S/D,Colisión,S/D,S/D,S/D,S/D,POINT (-60.6560118 -32.94325390000001),"['Córdoba', 'Santiago']",2,Córdoba; Santiago,-32.94325390000001,-60.6560118,55.0,538.0,Municipio Rosario,Municipio,Rosario,820210,Servicio de Catastro e Información Territorial,IGN
2013,193,2013-01-03,Jueves,0.0,,,0.0,2,"Pickup/Utilitario,Moto/Ciclomotor",3 De Febrero Y Santiago,2,1,0,0,1,0,0,,Calle,,ROSARIO,Rosario,Asfalto,S/D,II,Dentro,Urbana,S/D,S/D,Intersección,S/D,S/D,S/D,S/D,S/D,S/D,Colisión,S/D,S/D,S/D,S/D,POINT (-60.6576192 -32.9496077),"['3 de Febrero', 'Santiago']",2,3 de Febrero; Santiago,-32.9496077,-60.6576192,55.0,538.0,Municipio Rosario,Municipio,Rosario,820210,Servicio de Catastro e Información Territorial,IGN
2013,199,2013-01-04,Viernes,0.0,19:15:00,,0.0,2,"Bicicleta,Moto/Ciclomotor",Iriondo Y 9 De Julio,3,1,0,0,2,0,0,,Calle,,ROSARIO,Rosario,Asfalto,S/D,II,Dentro,Urbana,S/D,S/D,Intersección,S/D,S/D,S/D,S/D,S/D,S/D,Atropello,S/D,S/D,S/D,S/D,POINT (-60.6714766 -32.9482239),"['Iriondo', '9 de Julio']",2,Iriondo; 9 de Julio,-32.9482239,-60.6714766,55.0,538.0,Municipio Rosario,Municipio,Rosario,820210,Servicio de Catastro e Información Territorial,IGN
2013,201,2013-01-07,Lunes,0.0,01:05:00,,0.0,2,"Automóvil,Automóvil",Bv. Avellaneda Y 3 De Febrero,2,1,0,0,1,0,0,,Avenida,,ROSARIO,Rosario,Asfalto,S/D,II,Dentro,Urbana,S/D,S/D,Intersección,S/D,S/D,S/D,S/D,S/D,S/D,Colisión,S/D,S/D,Cordón divisorio,S/D,POINT (-60.6807366 -32.945458),"['Avellaneda', '3 de Febrero']",2,Bulevar Nicolás Avellaneda; 3 de Febrero,-32.945458,-60.6807366,55.0,538.0,Municipio Rosario,Municipio,Rosario,820210,Servicio de Catastro e Información Territorial,IGN
2013,202,2013-01-06,Domingo,0.0,18:15:00,,0.0,2,"Automóvil,Automóvil",Pueyrredon Y 3 De Febrero,3,1,0,0,2,0,0,,Calle,,ROSARIO,Rosario,Asfalto,S/D,II,Dentro,Urbana,S/D,S/D,Intersección,S/D,S/D,S/D,S/D,S/D,S/D,Colisión,S/D,S/D,S/D,S/D,POINT (-60.65897040000001 -32.9493667),"['Pueyrredón', '3 de Febrero']",2,Pueyrredón; 3 de Febrero,-32.9493667,-60.65897040000001,55.0,538.0,Municipio Rosario,Municipio,Rosario,820210,Servicio de Catastro e Información Territorial,IGN
2013,217,2013-01-17,Jueves,0.0,22:00:00,,0.0,1,Moto/Ciclomotor,Camino de los Granaderos Y Gallo,1,0,0,0,0,1,0,,Avenida,,ROSARIO,Rosario,Asfalto,No existe,II,Dentro,Urbana,S/D,S/D,Intersección,S/D,Buena,Nocturna,Buen Tiempo,S/D,S/D,Caída ocupante,S/D,S/D,Cordón divisorio,Sin restricción,POINT (-60.70581680000001 -32.8929016),"['Camino de los Granaderos', 'Gallo']",2,Camino de los Granaderos; Cangallo,-32.8929016,-60.70581680000001,55.0,538.0,Municipio Rosario,Municipio,Rosario,820210,Servicio de Catastro e Información Territorial,IGN
2013,233,2013-01-10,Jueves,0.0,13:45:00,,0.0,2,"Moto/Ciclomotor,Automóvil",Velez Sarsfield Y Av. Provincias Unidas,2,1,0,0,1,0,0,,Avenida,,ROSARIO,Rosario,Asfalto,No existe,II,Dentro,Urbana,Ninguna,No existe,Recta,Bueno,Buena,Atardecer,Buen Tiempo,Frontal,S/D,Colisión,S/D,Horizontal,Barrera de hormigón,Sin restricción,POINT (-60.7132322 -32.92604335),"['Vélez Sarsfield', 'Avenida Provincias Unidas']",2,Vélez Sarsfield; Avenida Provincias Unidas,-32.92604335,-60.7132322,55.0,538.0,Municipio Rosario,Municipio,Rosario,820210,Servicio de Catastro e Información Territorial,IGN
2013,236,2013-02-11,Lunes,0.0,13:40:00,,0.0,2,"Moto/Ciclomotor,Automóvil",Av. Eva Peron Y Av. Circunvalacion,2,1,0,0,1,0,0,,Avenida,,ROSARIO,Rosario,Asfalto,No existe,II,Dentro,Urbana,Ninguna,S/D,Recta,S/D,Buena,Diurna,Buen Tiempo,Frontal,S/D,Colisión,S/D,Vertical,S/D,S/D,POINT (-60.7231582311677 -32.931126055841574),"['Avenida Eva Perón', 'Circunvalacion']",2,Avenida Eva Perón; Avenida de Circunvalación 25 de Mayo,-32.931126055841574,-60.7231582311677,55.0,538.0,Municipio Rosario,Municipio,Rosario,820210,Servicio de Catastro e Información Territorial,IGN
2013,241,2013-01-13,Domingo,0.0,01:15:00,,0.0,1,Moto/Ciclomotor,Av. Provincias Unidas Y Gorriti,2,2,0,0,0,0,0,,Avenida,,ROSARIO,Rosario,Asfalto,No existe,II,Dentro,Urbana,S/D,No existe,Recta,S/D,S/D,Nocturna,Buen Tiempo,S/D,S/D,S/D,S/D,S/D,Barrera de hormigón,Sin restricción,POINT (-60.71330590000001 -32.92438785),"['Avenida Provincias Unidas', 'Gorriti']",2,Avenida Provincias Unidas; Gorriti,-32.92438785,-60.71330590000001,55.0,538.0,Municipio Rosario,Municipio,Rosario,820210,Servicio de Catastro e Información Territorial,IGN
2013,242,2013-01-14,Lunes,0.0,00:00:00,,0.0,2,"Moto/Ciclomotor,Automóvil",J.J.PASO Y COLECTORA,3,2,0,0,1,0,0,,Avenida,,ROSARIO,Rosario,Asfalto,No existe,II,Dentro,Urbana,Ninguna,No existe,Recta,S/D,Buena,Nocturna,Buen Tiempo,Frontal,S/D,Colisión,S/D,S/D,Ninguna,Sin restricción,POINT (-60.723018499999995 -32.920540349999996),"['Paso', 'Colectora']",2,"('Avenida Juan José Paso', 'Colectora Juan Pablo II')",-32.92054035,-60.7230185,55.0,538.0,Municipio Rosario,Municipio,Rosario,820210,Servicio de Catastro e Información Territorial,IGN
2013,243,2013-01-06,Domingo,0.0,14:00:00,,0.0,2,"Moto/Ciclomotor,Automóvil",Cafferata Y San Juan,2,1,0,0,1,0,0,,Calle,,ROSARIO,Rosario,Asfalto,S/D,II,Dentro,Urbana,S/D,S/D,Intersección,S/D,S/D,S/D,S/D,S/D,S/D,Colisión,S/D,S/D,S/D,S/D,POINT (-60.6719098 -32.94428909999999),"['Cafferata', 'San Juan']",2,Cafferata; San Juan,-32.94428909999999,-60.6719098,55.0,538.0,Municipio Rosario,Municipio,Rosario,820210,Servicio de Catastro e Información Territorial,IGN
2013,244,2013-01-07,Lunes,0.0,10:15:00,,0.0,2,"Automóvil,Automóvil",9 De Julio Y Bv. Avellaneda,2,1,0,0,1,0,0,,Avenida,,ROSARIO,Rosario,Asfalto,S/D,II,Dentro,Urbana,S/D,S/D,Intersección,S/D,S/D,S/D,S/D,S/D,S/D,Colisión,S/D,S/D,S/D,S/D,POINT (-60.680971 -32.946485599999995),"['9 de Julio', 'Avellaneda']",2,9 de Julio; Bulevar Nicolás Avellaneda,-32.946485599999995,-60.680971,55.0,538.0,Municipio Rosario,Municipio,Rosario,820210,Servicio de Catastro e Información Territorial,IGN
2013,245,2013-01-17,Jueves,0.0,17:30:00,,0.0,2,"Automóvil,Moto/Ciclomotor",Av. Provincias Unidas Y Gorriti,2,1,0,0,1,0,0,,Avenida,,ROSARIO,Rosario,Asfalto,No existe,II,Dentro,Urbana,Ninguna,No existe,Recta,S/D,S/D,Atardecer,Buen Tiempo,Frontal,S/D,Colisión,S/D,Horizontal,Barrera de hormigón,Sin restricción,POINT (-60.71330590000001 -32.92438785),"['Avenida Provincias Unidas', 'Gorriti']",2,Avenida Provincias Unidas; Gorriti,-32.92438785,-60.71330590000001,55.0,538.0,Municipio Rosario,Municipio,Rosario,820210,Servicio de Catastro e Información Territorial,IGN
2013,247,2013-01-04,Viernes,0.0,,,0.0,2,"Automóvil,Pickup/Utilitario",San Luis Y Castellanos,3,1,0,0,2,0,0,,Calle,,ROSARIO,Rosario,Asfalto,S/D,II,Dentro,Urbana,S/D,S/D,Intersección,S/D,S/D,S/D,S/D,S/D,S/D,Colisión,S/D,S/D,S/D,S/D,POINT (-60.675738800000005 -32.942445799999994),"['San Luis', 'Aaron Castellanos']",2,San Luis; Aaron Castellanos,-32.942445799999994,-60.675738800000005,55.0,538.0,Municipio Rosario,Municipio,Rosario,820210,Servicio de Catastro e Información Territorial,IGN
2013,248,2013-01-22,Martes,0.0,22:25:00,,0.0,1,Moto/Ciclomotor,Av. Eva Peron Y Av. Circunvalacion,2,2,0,0,0,0,0,,Avenida,,ROSARIO,Rosario,Asfalto,No existe,II,Dentro,Urbana,Ninguna,Funciona,Recta,Bueno,Buena,Nocturna,S/D,Contra objeto fijo,S/D,Colisión,S/D,Vertical,Barrera de hormigón,Sin restricción,POINT (-60.7231582311677 -32.931126055841574),"['Avenida Eva Perón', 'Circunvalacion']",2,Avenida Eva Perón; Avenida de Circunvalación 25 de Mayo,-32.931126055841574,-60.7231582311677,55.0,538.0,Municipio Rosario,Municipio,Rosario,820210,Servicio de Catastro e Información Territorial,IGN
2013,249,2013-01-22,Martes,0.0,20:30:00,,0.0,2,"Moto/Ciclomotor,Automóvil",Av. Eva Peron Y Donado,2,1,0,0,1,0,0,,Avenida,,ROSARIO,Rosario,Asfalto,No existe,II,Dentro,Urbana,Ninguna,Funciona,Recta,Bueno,Buena,Nocturna,Buen Tiempo,Frontal,S/D,Colisión,S/D,Vertical,S/D,Sin restricción,POINT (-60.727380600000004 -32.93040499999999),"['Avenida Eva Perón', 'Donado']",2,Avenida Eva Perón; José Agustín Donado,-32.93040499999999,-60.7273806,55.0,538.0,Municipio Rosario,Municipio,Rosario,820210,Servicio de Catastro e Información Territorial,IGN
2013,250,2013-01-08,Martes,0.0,16:00:00,,0.0,2,"Moto/Ciclomotor,Automóvil",San Luis Y Crespo,2,1,0,0,1,0,0,,Calle,,ROSARIO,Rosario,Asfalto,S/D,II,Dentro,Urbana,S/D,S/D,Intersección,S/D,S/D,Diurna,S/D,S/D,S/D,Colisión,S/D,S/D,S/D,S/D,POINT (-60.668872300000004 -32.9436884),"['San Luis', 'Crespo']",2,San Luis; Crespo,-32.9436884,-60.6688723,55.0,538.0,Municipio Rosario,Municipio,Rosario,820210,Servicio de Catastro e Información Territorial,IGN
2013,252,2013-01-08,Martes,0.0,18:00:00,,0.0,2,"Automóvil,Moto/Ciclomotor",Mendoza 3700,2,1,0,0,1,0,0,,Calle,,ROSARIO,Rosario,Asfalto,S/D,II,Dentro,Urbana,S/D,S/D,Intersección,S/D,S/D,S/D,S/D,S/D,S/D,Colisión,S/D,S/D,S/D,S/D,"-32.9451568, -60.6748247",['Mendoza 3700'],1,Mendoza 3700,-32.9451568,-60.6748247,55.0,538.0,Municipio Rosario,Municipio,Rosario,820210,Servicio de Catastro e Información Territorial,IGN
2013,259,2013-01-09,Miercoles,0.0,09:45:00,,0.0,2,"Taxi/Remis,Peatón",Cafferata 700,2,1,0,0,1,0,0,,Calle,,ROSARIO,Rosario,Asfalto,S/D,II,Dentro,Urbana,S/D,S/D,Intersección,S/D,S/D,S/D,S/D,S/D,S/D,Atropello,S/D,S/D,S/D,S/D,"-32.9390531, -60.6706913",['Cafferata 700'],1,Cafferata 700,-32.9390531,-60.6706913,55.0,538.0,Municipio Rosario,Municipio,Rosario,820210,Servicio de Catastro e Información Territorial,IGN
2013,266,2013-01-14,Lunes,0.0,18:30:00,,0.0,2,"Automóvil,Moto/Ciclomotor",Cordoba Y Av. Francia,2,1,0,0,1,0,0,,Avenida,,ROSARIO,Rosario,Asfalto,S/D,II,Dentro,Urbana,S/D,S/D,Intersección,S/D,S/D,S/D,S/D,S/D,S/D,Colisión,S/D,S/D,S/D,S/D,POINT (-60.6655272 -32.94154475),"['Córdoba', 'Avenida Francia']",2,Córdoba; Avenida Francia,-32.94154475,-60.6655272,55.0,538.0,Municipio Rosario,Municipio,Rosario,820210,Servicio de Catastro e Información Territorial,IGN
2013,274,2013-01-02,Miercoles,0.0,19:15:00,,0.0,2,"Peatón,Taxi/Remis",Av. Pellegrini 600,2,1,0,0,1,0,0,,Avenida,,ROSARIO,Rosario,Asfalto,S/D,II,Dentro,Urbana,S/D,S/D,Recta,Bueno,S/D,S/D,S/D,Otro,S/D,Atropello,Otro,S/D,S/D,S/D,"-32.9584332, -60.6338523",['Pellegrini 600'],1,Pellegrini 600,-32.9584332,-60.6338523,55.0,538.0,Municipio Rosario,Municipio,Rosario,820210,Servicio de Catastro e Información Territorial,IGN
2013,276,2013-01-02,Miercoles,0.0,23:20:00,,0.0,1,Automóvil,9 De Julio 500,2,1,0,0,1,0,0,,S/D,,ROSARIO,Rosario,Asfalto,S/D,II,S/D,S/D,S/D,S/D,Recta,Bueno,S/D,Nocturna,Buen Tiempo,De alcance,S/D,Colisión,S/D,S/D,Cordón divisorio,Sin restricción,"-32.9553679, -60.6314891",['9 De Julio 500'],1,9 De Julio 500,-32.9553679,-60.6314891,55.0,538.0,Municipio Rosario,Municipio,Rosario,820210,Servicio de Catastro e Información Territorial,IGN
2013,278,2013-01-14,Lunes,0.0,18:00:00,,0.0,2,"Moto/Ciclomotor,Automóvil",Montevideo Y Valparaiso,2,1,0,0,1,0,0,,Calle,,ROSARIO,Rosario,Asfalto,S/D,II,Dentro,Urbana,S/D,S/D,Intersección,S/D,S/D,S/D,S/D,S/D,S/D,Colisión,S/D,S/D,S/D,S/D,POINT (-60.6842986 -32.9483258),"['Montevideo', 'Valparaíso']",2,Montevideo; Valparaíso,-32.9483258,-60.6842986,55.0,538.0,Municipio Rosario,Municipio,Rosario,820210,Servicio de Catastro e Información Territorial,IGN
2013,280,2013-01-14,Lunes,0.0,12:30:00,,0.0,3,"Taxi/Remis,Pickup/Utilitario,Taxi/Remis",Santa Fe 2900,3,1,0,0,2,0,0,,Calle,,ROSARIO,Rosario,Asfalto,S/D,II,Dentro,Urbana,S/D,S/D,Intersección,S/D,S/D,Diurna,S/D,Múltiple,S/D,Colisión,S/D,S/D,S/D,S/D,"-32.9406213, -60.6624156",['Santa Fe 2900'],1,Santa Fe 2900,-32.9406213,-60.6624156,55.0,538.0,Municipio Rosario,Municipio,Rosario,820210,Servicio de Catastro e Información Territorial,IGN
2013,281,2013-01-12,Sabado,0.0,16:30:00,,0.0,1,Moto/Ciclomotor,3 De Febrero Y Lima,1,1,0,0,0,0,0,,Calle,,ROSARIO,Rosario,Asfalto,S/D,II,Dentro,Urbana,S/D,S/D,Intersección,S/D,S/D,Diurna,S/D,S/D,S/D,Colisión,S/D,S/D,S/D,S/D,POINT (-60.684826199999996 -32.9447174),"['3 de Febrero', 'Lima']",2,3 de Febrero; Lima,-32.9447174,-60.6848262,55.0,538.0,Municipio Rosario,Municipio,Rosario,820210,Servicio de Catastro e Información Territorial,IGN
2013,283,2013-01-04,Viernes,0.0,07:30:00,,0.0,2,"Moto/Ciclomotor,Automóvil",Alsina Y 9 De Julio,2,1,0,0,0,0,1,,Calle,,ROSARIO,Rosario,Asfalto,S/D,II,Dentro,Urbana,S/D,S/D,Intersección,S/D,S/D,Diurna,S/D,S/D,S/D,Colisión,S/D,S/D,S/D,S/D,POINT (-60.6782616 -32.9469818),"['Alsina', '9 de Julio']",2,Alsina; 9 de Julio,-32.9469818,-60.6782616,55.0,538.0,Municipio Rosario,Municipio,Rosario,820210,Servicio de Catastro e Información Territorial,IGN
2013,285,2013-01-16,Miercoles,0.0,12:30:00,,0.0,2,"Moto/Ciclomotor,Automóvil",Av. Francia 700,2,1,0,0,1,0,0,,Avenida,,ROSARIO,Rosario,Asfalto,S/D,II,Dentro,Urbana,S/D,S/D,Intersección,S/D,S/D,Diurna,S/D,S/D,S/D,Colisión,S/D,S/D,S/D,S/D,"-32.9466403, -60.6668992",['Francia 700'],1,Francia 700,-32.9466403,-60.6668992,55.0,538.0,Municipio Rosario,Municipio,Rosario,820210,Servicio de Catastro e Información Territorial,IGN
2013,304,2013-01-20,Domingo,0.0,18:00:00,,0.0,2,"Peatón,Moto/Ciclomotor",Av. Frondizi A Y Nansen,2,0,1,0,0,1,0,,Avenida,,ROSARIO,Rosario,Asfalto,No existe,II,Dentro,Urbana,Semáforo,Funciona,Recta,Bueno,S/D,Diurna,Buen Tiempo,S/D,S/D,"Caída ocupante,Atropello",S/D,Horizontal,S/D,S/D,POINT (-60.67832765 -32.9089258),"['Frondizi', 'Nansen']",2,Avenida Arturo Frondizi; Avenida Nansen,-32.9089258,-60.67832765,55.0,538.0,Municipio Rosario,Municipio,Rosario,820210,Servicio de Catastro e Información Territorial,IGN
2013,332,2013-01-05,Sabado,0.0,13:35:00,,0.0,2,"Taxi/Remis,Moto/Ciclomotor",Buenos Aires Y 9 De Julio,2,1,0,0,1,0,0,,Calle,,ROSARIO,Rosario,Asfalto,S/D,II,Dentro,Urbana,S/D,S/D,Intersección,Bueno,Buena,Diurna,S/D,Lateral,S/D,Colisión,S/D,S/D,Cordón divisorio,S/D,POINT (-60.6345741 -32.9548812),"['Buenos Aires', '9 de Julio']",2,Buenos Aires; 9 de Julio,-32.9548812,-60.6345741,55.0,538.0,Municipio Rosario,Municipio,Rosario,820210,Servicio de Catastro e Información Territorial,IGN
2013,334,2013-01-06,Domingo,0.0,09:15:00,,0.0,2,"Automóvil,Moto/Ciclomotor",Av. Pellegrini Y 1 de Mayo,2,1,0,0,1,0,0,,Avenida,,ROSARIO,Rosario,Asfalto,S/D,II,Dentro,Urbana,Semáforo,Funciona,Intersección,Bueno,S/D,Diurna,S/D,Lateral,S/D,Colisión,Otro,S/D,Cordón divisorio,S/D,POINT (-60.6324302 -32.95882735),"['Pellegrini', 'Primero de Mayo']",2,Avenida Carlos Pellegrini; Primero de Mayo,-32.95882735,-60.6324302,55.0,538.0,Municipio Rosario,Municipio,Rosario,820210,Servicio de Catastro e Información Territorial,IGN
2013,342,2013-01-09,Miercoles,0.0,09:00:00,,0.0,2,"Automóvil,Taxi/Remis",Av. Pellegrini Y Maipu,3,2,0,0,1,0,0,,Avenida,,ROSARIO,Rosario,Asfalto,S/D,II,Dentro,Urbana,Semáforo,Funciona,Intersección,Bueno,Buena,Diurna,S/D,Lateral,S/D,Colisión,Otro,S/D,Cordón divisorio,S/D,POINT (-60.6381258 -32.95780119999999),"['Pellegrini', 'Maipú']",2,Avenida Carlos Pellegrini; Maipú,-32.95780119999999,-60.6381258,55.0,538.0,Municipio Rosario,Municipio,Rosario,820210,Servicio de Catastro e Información Territorial,IGN