anio_acci,nro_acci,fecha,desc_dia,fecha_aprox,hora_aprox,desc_ruta,km,cant_participantes,desc_participante,calle_avenida_km,total,heridos_leves,heridos_graves,heridos_gravisimos,ilesos,fallecidos,sin_datos,posicion_XY,desc_tipo_via,desc_ruta_ori,desc_loc,desc_dpto,desc_tipo_calzada,desc_tipo_banquina,desc_unidad_regional,desc_lugar_calzada,desc_zona,desc_prioridad,desc_estado_semaforo,desc_lugar_via,desc_estado_via,desc_estado_visibilidad,desc_luminosidad,desc_estado_clima,desc_tipo_colision,desc_tipo_atropello,desc_tipo_hecho,desc_pres_calzada,desc_senializacion,desc_separacion_via,desc_restriccion,forma_geocod,calle_lista,numero_calles,calles_osm,lat,lon,index_right,gid,fna,gna,nam,in1,fdc,sag
2013,345,2013-01-09,Miercoles,0.0,14:00:00,,0.0,3,"Automóvil,Automóvil,Automóvil",Ayacucho Y Av. Pellegrini,3,1,0,0,2,0,0,,Calle,,ROSARIO,Rosario,Asfalto,S/D,II,Dentro,Urbana,Semáforo,Funciona,S/D,Bueno,Buena,Diurna,S/D,Lateral,S/D,Colisión,S/D,S/D,Cordón divisorio,S/D,POINT (-60.6296377 -32.959329849999996),"['Ayacucho', 'Pellegrini']",2,Ayacucho; Avenida Carlos Pellegrini,-32.95932985,-60.6296377,55.0,538.0,Municipio Rosario,Municipio,Rosario,820210,Servicio de Catastro e Información Territorial,IGN
2013,346,2013-01-16,Miercoles,0.0,07:50:00,,0.0,1,Bicicleta,Cordoba Y Alsina,1,1,0,0,0,0,0,,Calle,,ROSARIO,Rosario,Asfalto,S/D,II,Dentro,Urbana,S/D,S/D,Intersección,S/D,S/D,S/D,S/D,S/D,S/D,Atropello,S/D,S/D,S/D,S/D,POINT (-60.676385200000006 -32.9395798),"['Córdoba', 'Alsina']",2,Córdoba; Alsina,-32.9395798,-60.676385200000006,55.0,538.0,Municipio Rosario,Municipio,Rosario,820210,Servicio de Catastro e Información Territorial,IGN
2013,347,2013-01-16,Miercoles,0.0,17:30:00,,0.0,2,"Automóvil,Moto/Ciclomotor",Sucre Y Mendoza,2,1,0,0,1,0,0,,Calle,,ROSARIO,Rosario,Asfalto,S/D,II,Dentro,Urbana,S/D,S/D,Intersección,S/D,S/D,S/D,S/D,S/D,S/D,Colisión,S/D,S/D,S/D,S/D,POINT (-60.6913145 -32.94228029999999),"['Sucre', 'Mendoza']",2,Sucre; Mendoza,-32.94228029999999,-60.6913145,55.0,538.0,Municipio Rosario,Municipio,Rosario,820210,Servicio de Catastro e Información Territorial,IGN
2013,349,2013-01-19,Sabado,0.0,20:00:00,,0.0,2,"Automóvil,Moto/Ciclomotor",E.Zeballos Y Laprida,2,1,0,0,1,0,0,,Calle,,ROSARIO,Rosario,Asfalto,S/D,II,Dentro,Urbana,Señal Pare,S/D,Intersección,Bueno,Buena,Nocturna,S/D,Lateral,S/D,Colisión,Otro,Vertical,Cordón divisorio,S/D,POINT (-60.6363278 -32.9557887),"['Zeballos', 'Laprida']",2,Zeballos; Francisco Narciso Laprida,-32.9557887,-60.6363278,55.0,538.0,Municipio Rosario,Municipio,Rosario,820210,Servicio de Catastro e Información Territorial,IGN
2013,350,2013-01-28,Lunes,0.0,11:50:00,,0.0,2,"Taxi/Remis,Automóvil",1 de Mayo 800,2,1,0,0,1,0,0,,Calle,,ROSARIO,Rosario,Asfalto,S/D,II,Dentro,Urbana,Señal Pare,S/D,Recta,Bueno,Buena,Diurna,S/D,De alcance,S/D,Colisión,S/D,Vertical,Cordón divisorio,S/D,"-32.9505492, -60.6304439",['Primero De Mayo 800'],1,Primero De Mayo 800,-32.9505492,-60.6304439,55.0,538.0,Municipio Rosario,Municipio,Rosario,820210,Servicio de Catastro e Información Territorial,IGN
2013,351,2013-01-25,Viernes,0.0,21:15:00,,0.0,1,Automóvil,Av. Pellegrini Y Vera Mujica,2,1,0,0,1,0,0,,Avenida,,ROSARIO,Rosario,Asfalto,S/D,II,Dentro,Urbana,S/D,S/D,Recta,S/D,S/D,S/D,S/D,S/D,S/D,Colisión,S/D,S/D,S/D,S/D,POINT (-60.6696235 -32.952139450000004),"['Pellegrini', 'Vera Mujíca']",2,Avenida Carlos Pellegrini; Vera Mujíca,-32.952139450000004,-60.6696235,55.0,538.0,Municipio Rosario,Municipio,Rosario,820210,Servicio de Catastro e Información Territorial,IGN
2013,352,2013-01-01,Martes,0.0,07:45:00,,0.0,1,,Mendoza Y Lavalle,2,1,0,0,1,0,0,,Calle,,ROSARIO,Rosario,Asfalto,S/D,II,Dentro,Urbana,S/D,S/D,Intersección,S/D,S/D,S/D,S/D,S/D,S/D,Colisión,S/D,S/D,Cordón divisorio,S/D,POINT (-60.6790805 -32.94448080000001),"['Mendoza', 'Lavalle']",2,Mendoza; Lavalle,-32.94448080000001,-60.6790805,55.0,538.0,Municipio Rosario,Municipio,Rosario,820210,Servicio de Catastro e Información Territorial,IGN
2013,354,2013-01-25,Viernes,0.0,16:15:00,,0.0,1,Bicicleta,Av. Ovidio Lagos Y Mendoza,1,1,0,0,0,0,0,,Avenida,,ROSARIO,Rosario,Asfalto,S/D,II,Dentro,Urbana,S/D,S/D,Intersección,S/D,S/D,S/D,S/D,S/D,S/D,Atropello,S/D,S/D,S/D,S/D,POINT (-60.6627415 -32.947382499999996),"['Avenida Ovidio Lagos', 'Mendoza']",2,Avenida Ovidio Lagos; Mendoza,-32.9473825,-60.6627415,55.0,538.0,Municipio Rosario,Municipio,Rosario,820210,Servicio de Catastro e Información Territorial,IGN
2013,355,2013-01-28,Lunes,0.0,18:30:00,,0.0,2,"Pickup/Utilitario,Moto/Ciclomotor",Av. Pellegrini Y Carriego,2,1,0,0,1,0,0,,Avenida,,ROSARIO,Rosario,Asfalto,S/D,II,Dentro,Urbana,S/D,S/D,Intersección,S/D,S/D,Diurna,S/D,S/D,S/D,Colisión,S/D,S/D,Cordón divisorio,S/D,POINT (-60.69138540000001 -32.9482472),"['Pellegrini', 'Carriego']",2,Avenida Carlos Pellegrini; Carriego,-32.9482472,-60.69138540000001,55.0,538.0,Municipio Rosario,Municipio,Rosario,820210,Servicio de Catastro e Información Territorial,IGN
2013,356,2013-01-30,Miercoles,0.0,03:10:00,,0.0,2,"Automóvil,Taxi/Remis",San Juan Y Castellanos,2,1,0,0,1,0,0,,Calle,,ROSARIO,Rosario,Asfalto,S/D,II,Dentro,Urbana,S/D,S/D,Intersección,S/D,S/D,S/D,S/D,S/D,S/D,Colisión,S/D,S/D,S/D,S/D,POINT (-60.6760251 -32.94355620000001),"['San Juan', 'Aaron Castellanos']",2,San Juan; Aaron Castellanos,-32.94355620000001,-60.6760251,55.0,538.0,Municipio Rosario,Municipio,Rosario,820210,Servicio de Catastro e Información Territorial,IGN
2013,358,2013-01-01,Martes,0.0,07:45:00,,0.0,2,"Moto/Ciclomotor,Automóvil",Mendoza Y Lavalle,2,1,0,0,1,0,0,,Calle,,ROSARIO,Rosario,Asfalto,S/D,II,Dentro,Urbana,S/D,S/D,Intersección,S/D,S/D,Diurna,S/D,S/D,S/D,Colisión,S/D,S/D,Cordón divisorio,S/D,POINT (-60.6790805 -32.94448080000001),"['Mendoza', 'Lavalle']",2,Mendoza; Lavalle,-32.94448080000001,-60.6790805,55.0,538.0,Municipio Rosario,Municipio,Rosario,820210,Servicio de Catastro e Información Territorial,IGN
2013,359,2013-01-01,Martes,0.0,19:45:00,,0.0,2,"Pickup/Utilitario,Automóvil",Av. Pellegrini Y Constitucion,3,1,0,0,2,0,0,,Avenida,,ROSARIO,Rosario,Asfalto,S/D,II,Dentro,Urbana,S/D,S/D,Intersección,S/D,S/D,S/D,S/D,S/D,S/D,Colisión,S/D,S/D,Cordón divisorio,S/D,POINT (-60.67641675 -32.950913),"['Pellegrini', 'Constitución']",2,Avenida Carlos Pellegrini; Constitución,-32.950913,-60.67641675,55.0,538.0,Municipio Rosario,Municipio,Rosario,820210,Servicio de Catastro e Información Territorial,IGN
2013,360,2013-01-01,Martes,0.0,17:00:00,,0.0,2,"Moto/Ciclomotor,Automóvil",Montevideo Y Constitucion,2,1,0,0,1,0,0,,Calle,,ROSARIO,Rosario,Asfalto,S/D,II,Dentro,Urbana,S/D,S/D,Intersección,S/D,S/D,Diurna,S/D,S/D,S/D,Colisión,S/D,S/D,Cordón divisorio,S/D,POINT (-60.676135699999996 -32.949792200000005),"['Montevideo', 'Constitución']",2,Montevideo; Constitución,-32.949792200000005,-60.6761357,55.0,538.0,Municipio Rosario,Municipio,Rosario,820210,Servicio de Catastro e Información Territorial,IGN
2013,362,2013-01-06,Domingo,0.0,17:30:00,,0.0,2,"Automóvil,Automóvil",3 De Febrero Y Pueyrredon,2,1,0,0,1,0,0,,Calle,,ROSARIO,Rosario,Asfalto,S/D,II,Dentro,Urbana,S/D,S/D,Intersección,S/D,S/D,Diurna,S/D,S/D,S/D,Colisión,S/D,S/D,S/D,S/D,POINT (-60.65897040000001 -32.9493667),"['3 de Febrero', 'Pueyrredón']",2,3 de Febrero; Pueyrredón,-32.9493667,-60.65897040000001,55.0,538.0,Municipio Rosario,Municipio,Rosario,820210,Servicio de Catastro e Información Territorial,IGN
2013,363,2013-01-31,Jueves,0.0,09:30:00,,0.0,2,"Automóvil,Automóvil",Av. Pellegrini Y Castellanos,2,1,0,0,1,0,0,,Avenida,,ROSARIO,Rosario,Asfalto,S/D,II,Dentro,Urbana,S/D,S/D,Intersección,S/D,S/D,S/D,S/D,S/D,S/D,Colisión,S/D,S/D,S/D,S/D,POINT (-60.677811000000005 -32.950665749999985),"['Pellegrini', 'Aaron Castellanos']",2,Avenida Carlos Pellegrini; Aaron Castellanos,-32.950665749999985,-60.677811000000005,55.0,538.0,Municipio Rosario,Municipio,Rosario,820210,Servicio de Catastro e Información Territorial,IGN
2013,364,2013-01-02,Miercoles,0.0,17:00:00,,0.0,2,"Automóvil,Automóvil",Velez Sarsfield Y Larrea,2,1,0,0,1,0,0,,Calle,,ROSARIO,Rosario,Hormigón,No existe,II,S/D,Urbana,Ninguna,No existe,Intersección,Bueno,Buena,Diurna,S/D,Lateral,S/D,Colisión,S/D,Faltante,Ninguna,Sin restricción,POINT (-60.6978349 -32.92558259999999),"['Vélez Sarsfield', 'Larrea']",2,Vélez Sarsfield; Larrea,-32.92558259999999,-60.6978349,55.0,538.0,Municipio Rosario,Municipio,Rosario,820210,Servicio de Catastro e Información Territorial,IGN
2013,365,2013-01-05,Sabado,0.0,18:00:00,,0.0,2,"Automóvil,Camión",Navarro Y Solis,2,1,0,0,1,0,0,,Calle,,ROSARIO,Rosario,Asfalto,No existe,II,Dentro,Urbana,Ninguna,No existe,Intersección,Bueno,Buena,Diurna,S/D,Otro,S/D,Atropello,S/D,Faltante,Cordón divisorio,Sin restricción,POINT (-60.70378680000001 -32.9312617),"['Navarro', 'Solis']",2,Navarro; Juan Díaz de Solís,-32.9312617,-60.70378680000001,55.0,538.0,Municipio Rosario,Municipio,Rosario,820210,Servicio de Catastro e Información Territorial,IGN
2013,367,2013-01-05,Sabado,0.0,15:30:00,,0.0,2,"Moto/Ciclomotor,Automóvil",Junin 2100,2,1,0,0,1,0,0,,Calle,,ROSARIO,Rosario,Asfalto,No existe,II,Dentro,Urbana,Ninguna,No existe,Recta,Bueno,Buena,Diurna,S/D,Frontal,S/D,Colisión,S/D,Faltante,Cordón divisorio,Sin restricción,"-32.9270628, -60.693953",['Junin 2100'],1,Junin 2100,-32.9270628,-60.693953,55.0,538.0,Municipio Rosario,Municipio,Rosario,820210,Servicio de Catastro e Información Territorial,IGN
2013,375,2013-01-23,Miercoles,0.0,11:00:00,,0.0,2,"Moto/Ciclomotor,Taxi/Remis",Solis Y Navarro,2,1,0,0,1,0,0,,Calle,,ROSARIO,Rosario,Asfalto,No existe,II,Dentro,Urbana,Ninguna,No existe,Intersección,Bueno,Buena,Diurna,S/D,Frontal,S/D,Colisión,S/D,Faltante,Ninguna,Sin restricción,POINT (-60.70378680000001 -32.9312617),"['Solis', 'Navarro']",2,Juan Díaz de Solís; Navarro,-32.9312617,-60.70378680000001,55.0,538.0,Municipio Rosario,Municipio,Rosario,820210,Servicio de Catastro e Información Territorial,IGN
2013,377,2013-01-25,Viernes,0.0,00:25:00,,0.0,2,"Moto/Ciclomotor,Moto/Ciclomotor",Gorriti Y Larrea,3,1,0,0,0,0,2,,Calle,,ROSARIO,Rosario,Asfalto,No existe,II,Dentro,Urbana,Ninguna,No existe,Intersección,Bueno,Reducida,Nocturna,S/D,Lateral,S/D,Colisión,S/D,Horizontal,Ninguna,Sin restricción,POINT (-60.6978938 -32.9239418),"['Gorriti', 'Larrea']",2,Gorriti; Larrea,-32.9239418,-60.6978938,55.0,538.0,Municipio Rosario,Municipio,Rosario,820210,Servicio de Catastro e Información Territorial,IGN
2013,378,2013-01-28,Lunes,0.0,10:05:00,,0.0,2,"Automóvil,Bicicleta",F.M.Esquiu Y Solis,2,1,0,0,1,0,0,,Calle,,ROSARIO,Rosario,Asfalto,No existe,II,Dentro,Urbana,Ninguna,No existe,Intersección,S/D,Buena,Diurna,S/D,Lateral,S/D,Atropello,S/D,Faltante,Ninguna,Sin restricción,POINT (-60.7040945 -32.922862899999984),"['Esquiú', 'Solis']",2,Esquiú; Juan Díaz de Solís,-32.922862899999984,-60.7040945,55.0,538.0,Municipio Rosario,Municipio,Rosario,820210,Servicio de Catastro e Información Territorial,IGN
2013,430,2013-01-18,Viernes,0.0,,,0.0,1,Moto/Ciclomotor,Donado Y Martinez Estrada,1,1,0,0,0,0,0,,Calle,,ROSARIO,Rosario,S/D,S/D,II,Dentro,Urbana,S/D,S/D,S/D,S/D,S/D,S/D,S/D,S/D,S/D,S/D,S/D,S/D,S/D,S/D,POINT (-60.72830845 -32.91112455),"['Donado', 'Martinez Estrada']",2,José Agustín Donado; Martinez Estrada,-32.91112455,-60.72830845,55.0,538.0,Municipio Rosario,Municipio,Rosario,820210,Servicio de Catastro e Información Territorial,IGN
2013,434,2013-01-20,Domingo,0.0,20:45:00,,0.0,2,"Peatón,Moto/Ciclomotor",Donado Y Chubut,2,2,0,0,0,0,0,,Calle,,ROSARIO,Rosario,Asfalto,S/D,II,Dentro,Urbana,Ninguna,No existe,Recta,Con baches,Reducida,Diurna,Buen Tiempo,Otro,S/D,Atropello,Otro,Faltante,Ninguna,Sin restricción,POINT (-60.726780600000005 -32.94597619999999),"['Donado', 'Chubut']",2,José Agustín Donado; Chubut,-32.94597619999999,-60.726780600000005,55.0,538.0,Municipio Rosario,Municipio,Rosario,820210,Servicio de Catastro e Información Territorial,IGN
2013,438,2013-01-21,Lunes,0.0,00:10:00,,0.0,2,"Automóvil,Camión",av. circunvalacion  1250,2,1,0,0,1,0,0,,Avenida,,ROSARIO,Rosario,Asfalto,S/D,II,Dentro,Urbana,Otra Señal,No existe,Recta,Bueno,Reducida p/ objetos,Nocturna,Viento Fuerte,S/D,S/D,Colisión,S/D,S/D,Barrera de alto impacto,Obra en Construcción,"-32.942854736734695, -60.72306282857143",['Circunvalacion 1250'],1,Circunvalacion 1250,-32.942854736734695,-60.72306282857143,55.0,538.0,Municipio Rosario,Municipio,Rosario,820210,Servicio de Catastro e Información Territorial,IGN
2013,493,2013-01-16,Miercoles,0.0,19:40:00,,0.0,2,"Moto/Ciclomotor,Automóvil",Pje. Espinillo Y Bv. Segui,3,1,0,0,1,0,1,,Calle,,ROSARIO,Rosario,Asfalto,No existe,II,Dentro,Urbana,Ninguna,No existe,Intersección,Deteriorada,Buena,Atardecer,Otro,Otro,S/D,Colisión,Otro,S/D,Ninguna,Sin restricción,POINT (-60.69908875 -32.970709400000004),"['Espinillo', 'Bulevar Juan Francisco Seguí']",2,Espinillo; Bulevar Juan Francisco Seguí,-32.970709400000004,-60.69908875,55.0,538.0,Municipio Rosario,Municipio,Rosario,820210,Servicio de Catastro e Información Territorial,IGN
2013,495,2013-01-21,Lunes,0.0,05:00:00,,0.0,2,"Moto/Ciclomotor,Automóvil",Bv. 27 De Febrero Y Magallanes,3,1,0,0,0,0,2,,S/D,,ROSARIO,Rosario,Asfalto,No existe,II,S/D,S/D,Ninguna,No existe,Intersección,Deteriorada,Buena,Diurna,Otro,Lateral,S/D,Colisión,Otro,Faltante,Ninguna,Sin restricción,POINT (-60.70375729999999 -32.9591521),"['27 de Febrero', 'Magallanes']",2,Bulevar 27 de Febrero; Magallanes,-32.9591521,-60.70375729999999,55.0,538.0,Municipio Rosario,Municipio,Rosario,820210,Servicio de Catastro e Información Territorial,IGN
2013,496,2013-01-23,Miercoles,0.0,05:00:00,,0.0,2,"Peatón,Automóvil",Pje. 1831 Y Roullon,2,1,0,0,0,0,1,,Calle,,ROSARIO,Rosario,Asfalto,No existe,II,Dentro,Urbana,Ninguna,No existe,Intersección,Deteriorada,Buena,Amanecer,Otro,Lateral,S/D,Atropello,Otro,Faltante,Ninguna,Sin restricción,POINT (-60.70093655 -32.9742253),"['Calle 1831', 'Alfredo Rouillón']",2,Calle 1831; Alfredo Rouillón,-32.9742253,-60.70093655,55.0,538.0,Municipio Rosario,Municipio,Rosario,820210,Servicio de Catastro e Información Territorial,IGN
2013,497,2013-01-23,Miercoles,0.0,19:00:00,,0.0,2,"Moto/Ciclomotor,Automóvil",Bv. Segui Y Roullon,3,2,0,0,1,0,0,,Calle,,ROSARIO,Rosario,Asfalto,No existe,II,Dentro,Urbana,Semáforo,Funciona,Intersección,Deteriorada,Buena,Atardecer,Otro,Frontal,S/D,Colisión,Otro,Vertical,Ninguna,Sin restricción,POINT (-60.701049250000004 -32.970761249999995),"['Bulevar Juan Francisco Seguí', 'Alfredo Rouillón']",2,Bulevar Juan Francisco Seguí; Alfredo Rouillón,-32.970761249999995,-60.70104925,55.0,538.0,Municipio Rosario,Municipio,Rosario,820210,Servicio de Catastro e Información Territorial,IGN
2013,504,2013-01-07,Lunes,0.0,09:00:00,,0.0,2,"Moto/Ciclomotor,Moto/Ciclomotor",BERTOLE Y PJE.1724,2,2,0,0,0,0,0,,Calle,,ROSARIO,Rosario,Asfalto,No existe,II,Dentro,Urbana,Ninguna,No existe,Intersección,Con baches,Buena,Diurna,Buen Tiempo,Lateral,S/D,Colisión,S/D,S/D,S/D,S/D,POINT (-60.7297455 -32.96555529999999),"['Bertole', 'Hermana Paula Márquez']",2,Bertole; Hermana Paula Márquez,-32.96555529999999,-60.7297455,55.0,538.0,Municipio Rosario,Municipio,Rosario,820210,Servicio de Catastro e Información Territorial,IGN
2013,506,2013-01-09,Miercoles,0.0,18:00:00,,0.0,2,"Automóvil,Automóvil",Av. Provincias Unidas Y Gaboto,2,0,0,0,0,0,2,,Calle,,ROSARIO,Rosario,Asfalto,Natural,II,Dentro,Urbana,Ninguna,No existe,Intersección,Con baches,Buena,Diurna,Buen Tiempo,Lateral,S/D,Colisión,S/D,S/D,S/D,S/D,POINT (-60.711592350000004 -32.96514434999999),"['Avenida Provincias Unidas', 'Gaboto']",2,Avenida Provincias Unidas; Gaboto,-32.96514434999999,-60.71159235,55.0,538.0,Municipio Rosario,Municipio,Rosario,820210,Servicio de Catastro e Información Territorial,IGN
2013,533,2013-01-10,Jueves,0.0,16:00:00,,0.0,2,"Moto/Ciclomotor,Automóvil",Av. Provincias Unidas Y Irurtia,2,2,0,0,0,0,0,,Calle,,ROSARIO,Rosario,Asfalto,Natural,II,S/D,Urbana,S/D,No existe,S/D,Bueno,Buena,Diurna,Buen Tiempo,Lateral,S/D,Colisión,S/D,S/D,S/D,S/D,POINT (-60.7115306 -32.966581149999996),"['Avenida Provincias Unidas', 'Irurtia']",2,Avenida Provincias Unidas; Irurtia,-32.96658115,-60.7115306,55.0,538.0,Municipio Rosario,Municipio,Rosario,820210,Servicio de Catastro e Información Territorial,IGN
2013,534,2013-01-25,Viernes,0.0,11:00:00,,0.0,2,"Moto/Ciclomotor,Camión",Av. Provincias Unidas Y Gaboto,2,1,0,0,1,0,0,,Avenida,,ROSARIO,Rosario,Asfalto,Natural,II,Dentro,Urbana,Ninguna,No existe,Intersección,Con baches,Buena,Diurna,Buen Tiempo,Lateral,S/D,Colisión,S/D,S/D,S/D,S/D,POINT (-60.711592350000004 -32.96514434999999),"['Avenida Provincias Unidas', 'Gaboto']",2,Avenida Provincias Unidas; Gaboto,-32.96514434999999,-60.71159235,55.0,538.0,Municipio Rosario,Municipio,Rosario,820210,Servicio de Catastro e Información Territorial,IGN
2013,538,2013-01-27,Domingo,0.0,12:00:00,,0.0,2,"Automóvil,Moto/Ciclomotor",Bv. 27 De Febrero Y Av. Circunvalacion,2,2,0,0,0,0,0,,Avenida,,ROSARIO,Rosario,Asfalto,Natural,II,Dentro,Urbana,Semáforo,Funciona,Intersección,Resbaladiza,Buena,Diurna,Buen Tiempo,Lateral,S/D,Colisión,S/D,S/D,S/D,Sin restricción,POINT (-60.671730569613096 -32.965475411263625),"['27 de Febrero', 'Circunvalacion']",2,Bulevar 27 de Febrero; Avenida de Circunvalación 25 de Mayo,-32.965475411263625,-60.671730569613096,55.0,538.0,Municipio Rosario,Municipio,Rosario,820210,Servicio de Catastro e Información Territorial,IGN
2013,545,2013-01-14,Lunes,0.0,09:30:00,,0.0,2,"Moto/Ciclomotor,Automóvil",Av. Provincias Unidas Y Forest,2,1,0,0,1,0,0,,Avenida,,ROSARIO,Rosario,Asfalto,No existe,II,Dentro,Urbana,Ninguna,No existe,Recta,Bueno,Buena,Diurna,Buen Tiempo,Otro,S/D,Colisión,S/D,Horizontal,Barrera de hormigón,Sin restricción,POINT (-60.7124582 -32.943523400000004),"['Avenida Provincias Unidas', 'Carlos Forest']",2,Avenida Provincias Unidas; Carlos Forest,-32.943523400000004,-60.7124582,55.0,538.0,Municipio Rosario,Municipio,Rosario,820210,Servicio de Catastro e Información Territorial,IGN
2013,549,2013-01-14,Lunes,0.0,15:30:00,,0.0,2,"Automóvil,Automóvil",F.More Y Av. Eva Peron,2,1,0,0,1,0,0,,Avenida,,ROSARIO,Rosario,Asfalto,No existe,II,Dentro,Urbana,Semáforo,Funciona,Recta,Bueno,Buena,Diurna,Buen Tiempo,Lateral,S/D,Colisión,S/D,Vertical,Ninguna,Sin restricción,POINT (-60.693572700000004 -32.93650279999999),"['Felipe Moré', 'Avenida Eva Perón']",2,Felipe Moré; Avenida Eva Perón,-32.93650279999999,-60.6935727,55.0,538.0,Municipio Rosario,Municipio,Rosario,820210,Servicio de Catastro e Información Territorial,IGN
2013,551,2013-01-19,Sabado,0.0,10:50:00,,0.0,2,"Automóvil,Pickup/Utilitario",Av. Eva Peron Y Guatemala,3,3,0,0,0,0,0,,Avenida,,ROSARIO,Rosario,Asfalto,No existe,II,Dentro,Urbana,Semáforo,No existe,Recta,Bueno,Buena,Diurna,Lluvia,Otro,S/D,Colisión,S/D,S/D,Guardarrail,S/D,POINT (-60.717658799999995 -32.9321571),"['Avenida Eva Perón', 'Guatemala']",2,Avenida Eva Perón; Guatemala,-32.9321571,-60.7176588,55.0,538.0,Municipio Rosario,Municipio,Rosario,820210,Servicio de Catastro e Información Territorial,IGN
2013,553,2013-01-13,Domingo,0.0,06:50:00,,0.0,2,"Moto/Ciclomotor,Moto/Ciclomotor",Av. Pellegrini 6500,3,1,0,0,2,0,0,,Avenida,,ROSARIO,Rosario,Asfalto,No existe,II,Dentro,Urbana,Semáforo,Funciona,Recta,Bueno,Buena,Diurna,Buen Tiempo,Otro,S/D,Colisión,S/D,Vertical,Barrera de hormigón,Sin restricción,"-32.9484262, -60.7097043",['Pellegrini 6500'],1,Pellegrini 6500,-32.9484262,-60.7097043,55.0,538.0,Municipio Rosario,Municipio,Rosario,820210,Servicio de Catastro e Información Territorial,IGN
2013,556,2013-01-11,Viernes,0.0,,,0.0,2,"Moto/Ciclomotor,Automóvil",Mendoza 5200,3,1,0,0,2,0,0,,Calle,,ROSARIO,Rosario,Asfalto,No existe,II,Dentro,Urbana,Ninguna,Funciona,Recta,Bueno,Buena,S/D,Buen Tiempo,Otro,S/D,Colisión,S/D,Vertical,Ninguna,Sin restricción,"-32.9416063, -60.6945352",['Mendoza 5200'],1,Mendoza 5200,-32.9416063,-60.6945352,55.0,538.0,Municipio Rosario,Municipio,Rosario,820210,Servicio de Catastro e Información Territorial,IGN
2013,559,2013-01-13,Domingo,0.0,17:40:00,,0.0,2,"Automóvil,Moto/Ciclomotor",Cordoba Y Matienzo,2,1,0,0,1,0,0,,Calle,,ROSARIO,Rosario,Asfalto,No existe,II,Dentro,Urbana,Semáforo,No funciona,Recta,Bueno,Buena,Diurna,Buen Tiempo,Otro,S/D,Colisión,S/D,Vertical,Barrera de hormigón,Sin restricción,POINT (-60.693881399999995 -32.96057929999999),"['Córdoba', 'Matienzo']",2,Córdoba; Benjamín Matienzo,-32.96057929999999,-60.6938814,55.0,538.0,Municipio Rosario,Municipio,Rosario,820210,Servicio de Catastro e Información Territorial,IGN
2013,560,2013-01-16,Miercoles,0.0,11:30:00,,0.0,3,"Automóvil,Automóvil,Peatón",Av. Casiano Casas 1900,4,3,0,0,1,0,0,,Avenida,,ROSARIO,Rosario,Asfalto,No existe,II,Dentro,Urbana,Ninguna,No existe,Recta,Bueno,Buena,Diurna,Buen Tiempo,Otro,S/D,"Colisión,Atropello",Otro,Faltante,Ninguna,Sin restricción,"-32.8985775, -60.7136514",['Casiano Casas 1900'],1,Casiano Casas 1900,-32.8985775,-60.7136514,55.0,538.0,Municipio Rosario,Municipio,Rosario,820210,Servicio de Catastro e Información Territorial,IGN
2013,562,2013-01-17,Jueves,0.0,16:00:00,,0.0,2,"Moto/Ciclomotor,Automóvil",Av. Pellegrini 5400,2,1,0,0,1,0,0,,Avenida,,ROSARIO,Rosario,Asfalto,No existe,II,Dentro,Urbana,Semáforo,Funciona,Recta,Bueno,Buena,Diurna,Buen Tiempo,Frontal,S/D,Colisión,Otro,Vertical,Barrera de hormigón,Sin restricción,"-32.9480048, -60.6968333",['Pellegrini 5400'],1,Pellegrini 5400,-32.9480048,-60.6968333,55.0,538.0,Municipio Rosario,Municipio,Rosario,820210,Servicio de Catastro e Información Territorial,IGN
2013,563,2013-01-23,Miercoles,0.0,04:30:00,,0.0,2,"Moto/Ciclomotor,Moto/Ciclomotor",Cochabamba Y Mejico,3,2,1,0,0,0,0,,Calle,,ROSARIO,Rosario,Asfalto,No existe,II,Dentro,Urbana,Ninguna,No existe,Intersección,Bueno,Buena,Diurna,Buen Tiempo,Otro,S/D,Colisión,S/D,Horizontal,Línea divisoria pintada,Sin restricción,POINT (-60.7180265 -32.949964699999995),"['Cochabamba', 'Mejico']",2,Cochabamba; Méjico,-32.949964699999995,-60.7180265,55.0,538.0,Municipio Rosario,Municipio,Rosario,820210,Servicio de Catastro e Información Territorial,IGN
2013,564,2013-01-16,Miercoles,0.0,16:00:00,,0.0,2,"Automóvil,Automóvil",Av. Pellegrini Y Cullen,2,1,0,0,1,0,0,,Avenida,,ROSARIO,Rosario,Asfalto,No existe,II,Dentro,Urbana,Semáforo,Funciona,Recta,Bueno,Buena,Diurna,Buen Tiempo,De alcance,S/D,Colisión,S/D,Vertical,Barrera de hormigón,Sin restricción,POINT (-60.7087499 -32.9484991),"['Pellegrini', 'Cullen']",2,Avenida Carlos Pellegrini; Cullen,-32.9484991,-60.7087499,55.0,538.0,Municipio Rosario,Municipio,Rosario,820210,Servicio de Catastro e Información Territorial,IGN