anio_acci,nro_acci,fecha,desc_dia,fecha_aprox,hora_aprox,desc_ruta,km,cant_participantes,desc_participante,calle_avenida_km,total,heridos_leves,heridos_graves,heridos_gravisimos,ilesos,fallecidos,sin_datos,posicion_XY,desc_tipo_via,desc_ruta_ori,desc_loc,desc_dpto,desc_tipo_calzada,desc_tipo_banquina,desc_unidad_regional,desc_lugar_calzada,desc_zona,desc_prioridad,desc_estado_semaforo,desc_lugar_via,desc_estado_via,desc_estado_visibilidad,desc_luminosidad,desc_estado_clima,desc_tipo_colision,desc_tipo_atropello,desc_tipo_hecho,desc_pres_calzada,desc_senializacion,desc_separacion_via,desc_restriccion,forma_geocod,calle_lista,numero_calles,calles_osm,lat,lon,index_right,gid,fna,gna,nam,in1,fdc,sag
2013,566,2013-01-18,Viernes,0.0,20:45:00,,0.0,2,"Peatón,Moto/Ciclomotor",Av. Casiano Casas 1900,2,2,0,0,0,0,0,,Avenida,,ROSARIO,Rosario,Asfalto,No existe,II,S/D,Urbana,Ninguna,No existe,Recta,Bueno,Buena,Nocturna,Buen Tiempo,Lateral,S/D,Atropello,Agua,Faltante,Ninguna,Sin restricción,"-32.8985775, -60.7136514",['Casiano Casas 1900'],1,Casiano Casas 1900,-32.8985775,-60.7136514,55.0,538.0,Municipio Rosario,Municipio,Rosario,820210,Servicio de Catastro e Información Territorial,IGN
2013,569,2013-01-15,Martes,0.0,23:50:00,,0.0,2,"Moto/Ciclomotor,Automóvil",Mendoza Y Fraga,2,1,0,0,1,0,0,,Calle,,ROSARIO,Rosario,Asfalto,No existe,II,Dentro,Urbana,Semáforo,Funciona,Recta,Bueno,Buena,Nocturna,Buen Tiempo,Frontal,S/D,Colisión,Otro,S/D,Barrera de hormigón,Sin restricción,POINT (-60.7102314 -32.9401675),"['Mendoza', 'Fraga']",2,Mendoza; Rosendo María Fraga,-32.9401675,-60.7102314,55.0,538.0,Municipio Rosario,Municipio,Rosario,820210,Servicio de Catastro e Información Territorial,IGN
2013,570,2013-01-19,Sabado,0.0,01:30:00,,0.0,2,"Automóvil,Moto/Ciclomotor",Pje. Boedo Y Herrera,2,1,0,0,1,0,0,,Calle,,ROSARIO,Rosario,Asfalto,No existe,II,S/D,Urbana,Ninguna,No existe,Intersección,Bueno,Reducida,Nocturna,Buen Tiempo,Lateral,S/D,Colisión,Otro,Faltante,Ninguna,Sin restricción,POINT (-60.7061784 -32.897557799999994),"['Boedo', 'Herrera']",2,Boedo; Franzini Herrera,-32.897557799999994,-60.7061784,55.0,538.0,Municipio Rosario,Municipio,Rosario,820210,Servicio de Catastro e Información Territorial,IGN
2013,574,2013-01-03,Jueves,0.0,12:20:00,,0.0,2,"Moto/Ciclomotor,Automóvil",LOPEZ BOUCHARD  Y COLECTORA,3,1,1,0,1,0,0,,Calle,,ROSARIO,Rosario,Asfalto,S/D,II,Dentro,Urbana,S/D,No existe,Recta,S/D,S/D,Diurna,Buen Tiempo,Frontal,S/D,Colisión,S/D,S/D,S/D,S/D,POINT (-60.718522750000005 -32.892804299999995),"['López Buchardo', 'Colectora']",2,"('López Buchardo', 'Colectora Juan Pablo II')",-32.892804299999995,-60.718522750000005,55.0,538.0,Municipio Rosario,Municipio,Rosario,820210,Servicio de Catastro e Información Territorial,IGN
2013,597,2013-01-17,Jueves,0.0,17:00:00,,0.0,2,"Moto/Ciclomotor,Automóvil",Pje. Asuncion Y Fraga,3,2,0,0,1,0,0,,Calle,,ROSARIO,Rosario,Asfalto,No existe,II,Dentro,Urbana,Ninguna,No existe,Recta,Bueno,Buena,Diurna,Buen Tiempo,De alcance,S/D,Colisión,S/D,Horizontal,Ninguna,Sin restricción,POINT (-60.7096527 -32.9548737),"['Asunción', 'Fraga']",2,Asunción; Rosendo María Fraga,-32.9548737,-60.7096527,55.0,538.0,Municipio Rosario,Municipio,Rosario,820210,Servicio de Catastro e Información Territorial,IGN
2013,598,2013-01-03,Jueves,0.0,06:45:00,,0.0,2,"Moto/Ciclomotor,Automóvil",Casiano Casas Y Larrechea,2,1,0,0,1,0,0,,Calle,,ROSARIO,Rosario,Asfalto,No existe,II,Dentro,Urbana,Ninguna,No existe,Recta,Bueno,Buena,Diurna,Buen Tiempo,Lateral,S/D,Colisión,S/D,Faltante,Ninguna,Sin restricción,POINT (-60.713658 -32.8987052),"['Avenida Casiano Casas', 'Larrechea']",2,Avenida Casiano Casas; Larrechea,-32.8987052,-60.713658,55.0,538.0,Municipio Rosario,Municipio,Rosario,820210,Servicio de Catastro e Información Territorial,IGN
2013,603,2013-01-04,Viernes,0.0,16:30:00,,0.0,2,"Moto/Ciclomotor,Automóvil",Luis Vila Y Medrano,2,1,0,0,1,0,0,,Calle,,ROSARIO,Rosario,Asfalto,No existe,II,Dentro,Urbana,Ninguna,No existe,Intersección,Bueno,Buena,Diurna,Buen Tiempo,Lateral,S/D,Colisión,Otro,Faltante,Ninguna,Sin restricción,POINT (-60.7000863 -32.90006380000001),"['Doctor Vila', 'Medrano']",2,Doctor Vila; Medrano,-32.90006380000001,-60.7000863,55.0,538.0,Municipio Rosario,Municipio,Rosario,820210,Servicio de Catastro e Información Territorial,IGN
2013,606,2013-01-08,Martes,0.0,21:15:00,,0.0,2,"Bicicleta,Automóvil",M.Perdriel Y Cavia,3,2,0,0,1,0,0,,Calle,,ROSARIO,Rosario,Asfalto,No existe,II,Dentro,Urbana,Ninguna,No existe,Intersección,Bueno,Buena,Nocturna,Buen Tiempo,S/D,S/D,Atropello,Otro,S/D,Ninguna,Sin restricción,POINT (-60.70954940000001 -32.894861399999996),"['Perdriel', 'Cavia']",2,Perdriel; Cavia,-32.8948614,-60.70954940000001,55.0,538.0,Municipio Rosario,Municipio,Rosario,820210,Servicio de Catastro e Información Territorial,IGN
2013,608,2013-01-15,Martes,0.0,17:50:00,,0.0,2,"Moto/Ciclomotor,Automóvil",White Y Guatemala,3,2,0,0,1,0,0,,Calle,,ROSARIO,Rosario,Asfalto,No existe,II,Dentro,Urbana,Ninguna,No existe,Intersección,Bueno,Buena,Diurna,Buen Tiempo,Otro,S/D,Colisión,S/D,S/D,Ninguna,Sin restricción,POINT (-60.7172096 -32.941517899999994),"['White', 'Guatemala']",2,Ingeniero White; Guatemala,-32.941517899999994,-60.7172096,55.0,538.0,Municipio Rosario,Municipio,Rosario,820210,Servicio de Catastro e Información Territorial,IGN
2013,612,2013-01-18,Viernes,0.0,10:50:00,,0.0,2,"Moto/Ciclomotor,Automóvil",laguna Y 1333,2,1,0,0,1,0,0,,Calle,,ROSARIO,Rosario,S/D,S/D,II,Fuera,Urbana,Ninguna,S/D,Intersección,S/D,S/D,S/D,Buen Tiempo,Frontal,S/D,Colisión,S/D,S/D,Vegetación,Sin restricción,POINT (-60.7241976 -32.8849587),"['Laguna', 'Domingo Candia']",2,Laguna Blanca; Domingo Candia,-32.8849587,-60.7241976,55.0,538.0,Municipio Rosario,Municipio,Rosario,820210,Servicio de Catastro e Información Territorial,IGN
2013,617,2013-01-12,Sabado,0.0,16:10:00,,0.0,2,"Moto/Ciclomotor,Automóvil",M.Perdriel Y Pizurno,3,2,0,0,1,0,0,,Calle,,ROSARIO,Rosario,Asfalto,No existe,II,Dentro,Urbana,Ninguna,No existe,Intersección,Bueno,Buena,Diurna,Buen Tiempo,Lateral,S/D,Colisión,Otro,Faltante,Ninguna,Sin restricción,POINT (-60.7116593 -32.894940899999995),"['Perdriel', 'Pablo Pizzurno']",2,Perdriel; Pablo Pizzurno,-32.894940899999995,-60.7116593,55.0,538.0,Municipio Rosario,Municipio,Rosario,820210,Servicio de Catastro e Información Territorial,IGN
2013,620,2013-01-05,Sabado,0.0,09:10:00,,0.0,2,"Moto/Ciclomotor,Automóvil",Pje. Santa Matilde Y Bv. Segui,3,1,0,0,2,0,0,,Avenida,,ROSARIO,Rosario,S/D,S/D,II,S/D,Urbana,Ninguna,No existe,Intersección,Deteriorada,Buena,Diurna,Buen Tiempo,S/D,S/D,Colisión,S/D,S/D,Ninguna,Sin restricción,POINT (-60.68392435 -32.97236795),"['Santa Matilde', 'Bulevar Juan Francisco Seguí']",2,Santa Matilde; Bulevar Juan Francisco Seguí,-32.97236795,-60.68392435,55.0,538.0,Municipio Rosario,Municipio,Rosario,820210,Servicio de Catastro e Información Territorial,IGN
2013,621,2013-01-05,Sabado,0.0,21:00:00,,0.0,2,"Moto/Ciclomotor,Taxi/Remis",Suipacha Y Dr.Rivas,3,2,0,0,1,0,0,,Calle,,ROSARIO,Rosario,Asfalto,S/D,II,Dentro,Urbana,Ninguna,No existe,Intersección,Bueno,Buena,Nocturna,Buen Tiempo,Lateral,S/D,Colisión,S/D,S/D,Ninguna,Sin restricción,POINT (-60.673559700000006 -32.979024100000004),"['Suipacha', 'Doctor Francisco Riva']",2,Suipacha; Doctor Francisco Riva,-32.979024100000004,-60.673559700000006,55.0,538.0,Municipio Rosario,Municipio,Rosario,820210,Servicio de Catastro e Información Territorial,IGN
2013,622,2013-01-06,Domingo,0.0,03:30:00,,0.0,2,"Moto/Ciclomotor,Moto/Ciclomotor",Bv. Segui Y Castellanos,4,1,0,0,3,0,0,,Avenida,,ROSARIO,Rosario,Asfalto,S/D,II,Dentro,Urbana,S/D,S/D,Intersección,Bueno,Buena,Nocturna,Buen Tiempo,S/D,S/D,Colisión,S/D,S/D,Cordón divisorio,Sin restricción,POINT (-60.6832904 -32.972482649999996),"['Bulevar Juan Francisco Seguí', 'Aaron Castellanos']",2,Bulevar Juan Francisco Seguí; Aaron Castellanos,-32.97248265,-60.6832904,55.0,538.0,Municipio Rosario,Municipio,Rosario,820210,Servicio de Catastro e Información Territorial,IGN
2013,623,2013-01-23,Miercoles,0.0,18:00:00,,0.0,2,"Moto/Ciclomotor,Automóvil",Av. Arijon Y Corralito,2,1,0,0,1,0,0,,Avenida,,ROSARIO,Rosario,Asfalto,No existe,II,Dentro,Urbana,Ninguna,No existe,Recta,Deteriorada,Buena,Diurna,Buen Tiempo,Lateral,S/D,Colisión,S/D,Faltante,Línea divisoria pintada,Sin restricción,POINT (-60.6724486 -33.00374860000001),"['Avenida Manuel Arijón', 'Corralito']",2,Avenida Manuel Arijón; Corralito,-33.00374860000001,-60.6724486,55.0,538.0,Municipio Rosario,Municipio,Rosario,820210,Servicio de Catastro e Información Territorial,IGN
2013,624,2013-01-22,Martes,0.0,14:30:00,,0.0,2,"Automóvil,Automóvil",F.More Y Montevideo,3,2,0,0,1,0,0,,Calle,,ROSARIO,Rosario,Asfalto,No existe,II,Dentro,Urbana,Ninguna,No existe,Intersección,Bueno,Buena,Diurna,Buen Tiempo,Otro,S/D,Colisión,S/D,S/D,Ninguna,Sin restricción,POINT (-60.69347770000001 -32.94695349999999),"['Felipe Moré', 'Montevideo']",2,Felipe Moré; Montevideo,-32.94695349999999,-60.69347770000001,55.0,538.0,Municipio Rosario,Municipio,Rosario,820210,Servicio de Catastro e Información Territorial,IGN
2013,625,2013-01-12,Sabado,0.0,08:20:00,,0.0,2,"Pickup/Utilitario,Moto/Ciclomotor",Av. Ovidio Lagos 5500,2,1,0,0,1,0,0,,Avenida,,ROSARIO,Rosario,Asfalto,S/D,II,Dentro,Urbana,Ninguna,S/D,Curva,Bueno,S/D,S/D,Buen Tiempo,Lateral,S/D,Colisión,S/D,Faltante,Cordón divisorio,Sin restricción,"-33.0259193, -60.6809495",['Ovidio Lagos 5500'],1,Ovidio Lagos 5500,-33.0259193,-60.6809495,55.0,538.0,Municipio Rosario,Municipio,Rosario,820210,Servicio de Catastro e Información Territorial,IGN
2013,626,2013-01-24,Jueves,0.0,21:40:00,,0.0,2,"Pickup/Utilitario,Moto/Ciclomotor",Av. Provincias Unidas 1400,2,1,0,0,1,0,0,,Avenida,,ROSARIO,Rosario,Asfalto,No existe,II,Dentro,Urbana,Semáforo,Funciona,Recta,Bueno,Buena,Nocturna,Buen Tiempo,Otro,S/D,Colisión,S/D,Vertical,Barrera de hormigón,Sin restricción,"-32.9444227, -60.7125842",['Provincias Unidas 1400'],1,Provincias Unidas 1400,-32.9444227,-60.7125842,55.0,538.0,Municipio Rosario,Municipio,Rosario,820210,Servicio de Catastro e Información Territorial,IGN
2013,627,2013-01-20,Domingo,0.0,18:30:00,,0.0,2,"Moto/Ciclomotor,Taxi/Remis",White Y Mejico,2,1,0,0,1,0,0,,Calle,,ROSARIO,Rosario,Asfalto,S/D,II,Dentro,Urbana,Ninguna,No existe,Intersección,Bueno,Buena,Diurna,Buen Tiempo,De alcance,S/D,Colisión,S/D,S/D,Ninguna,Sin restricción,POINT (-60.718359799999995 -32.941554),"['White', 'Mejico']",2,Ingeniero White; Méjico,-32.941554,-60.7183598,55.0,538.0,Municipio Rosario,Municipio,Rosario,820210,Servicio de Catastro e Información Territorial,IGN
2013,628,2013-01-21,Lunes,0.0,13:00:00,,0.0,4,"Automóvil,Taxi/Remis,Automóvil,Automóvil",Av. Eva Peron 6600,6,3,0,0,3,0,0,,Avenida,,ROSARIO,Rosario,Asfalto,No existe,II,Dentro,Urbana,Semáforo,Funciona,Recta,Bueno,Buena,Diurna,Buen Tiempo,De alcance,S/D,Colisión,S/D,Vertical,Barrera de hormigón,Sin restricción,"-32.9331183, -60.7116204",['Eva Peron 6600'],1,Eva Peron 6600,-32.9331183,-60.7116204,55.0,538.0,Municipio Rosario,Municipio,Rosario,820210,Servicio de Catastro e Información Territorial,IGN
2013,629,2013-01-27,Domingo,0.0,00:00:00,,0.0,2,"Automóvil,Moto/Ciclomotor",Mendoza Y Colombia,3,1,0,0,2,0,0,,Calle,,ROSARIO,Rosario,Asfalto,No existe,II,Dentro,Urbana,Ninguna,No existe,Recta,Bueno,Buena,Nocturna,Buen Tiempo,Otro,S/D,Colisión,S/D,Horizontal,Barrera de hormigón,Sin restricción,POINT (-60.71610885 -32.94033145),"['Mendoza', 'Colombia']",2,Mendoza; Colombia,-32.94033145,-60.71610885,55.0,538.0,Municipio Rosario,Municipio,Rosario,820210,Servicio de Catastro e Información Territorial,IGN
2013,630,2013-01-27,Domingo,0.0,21:30:00,,0.0,2,"Moto/Ciclomotor,Moto/Ciclomotor",Chubut Y Garzon,2,1,0,0,1,0,0,,Calle,,ROSARIO,Rosario,Asfalto,No existe,II,Dentro,Urbana,Ninguna,No existe,Intersección,Bueno,Buena,Nocturna,Buen Tiempo,Otro,S/D,Colisión,S/D,Horizontal,Ninguna,Sin restricción,POINT (-60.7054353 -32.9454495),"['Chubut', 'Garzón']",2,Chubut; Garzón,-32.9454495,-60.7054353,55.0,538.0,Municipio Rosario,Municipio,Rosario,820210,Servicio de Catastro e Información Territorial,IGN
2013,633,2013-01-09,Miercoles,0.0,07:30:00,,0.0,1,Bicicleta,Bv. Segui Y Bv. Avellaneda,1,1,0,0,0,0,0,,Avenida,,ROSARIO,Rosario,Asfalto,S/D,II,Dentro,Urbana,Semáforo,S/D,Intersección,Bueno,Buena,Diurna,Buen Tiempo,S/D,S/D,Atropello,S/D,S/D,Barrera de hormigón,Sin restricción,POINT (-60.68735266249999 -32.9717476875),"['Bulevar Juan Francisco Seguí', 'Avellaneda']",2,Bulevar Juan Francisco Seguí; Bulevar Nicolás Avellaneda,-32.9717476875,-60.68735266249999,55.0,538.0,Municipio Rosario,Municipio,Rosario,820210,Servicio de Catastro e Información Territorial,IGN
2013,634,2013-01-07,Lunes,0.0,13:30:00,,0.0,2,"Moto/Ciclomotor,Automóvil",Bv. Avellaneda Y Gral.Mosconi,2,1,0,0,1,0,0,,Avenida,,ROSARIO,Rosario,Asfalto,S/D,II,S/D,Urbana,Ninguna,No existe,Intersección,Deteriorada,Buena,Diurna,Buen Tiempo,Otro,S/D,Colisión,S/D,S/D,Ninguna,Sin restricción,POINT (-60.674045425 -32.994089450000004),"['Avellaneda', 'Mosconi']",2,Bulevar Nicolás Avellaneda; General Mosconi,-32.994089450000004,-60.674045425,55.0,538.0,Municipio Rosario,Municipio,Rosario,820210,Servicio de Catastro e Información Territorial,IGN
2013,635,2013-01-02,Miercoles,0.0,23:20:00,,0.0,2,"Moto/Ciclomotor,Moto/Ciclomotor",Saavedra Y Campbell,2,1,0,0,1,0,0,,Calle,,ROSARIO,Rosario,Asfalto,S/D,II,Dentro,Urbana,S/D,S/D,S/D,Deteriorada,S/D,S/D,S/D,S/D,S/D,Colisión,Otro,Faltante,Ninguna,Sin restricción,POINT (-60.70850585 -32.927972399999994),"['Saavedra', 'Campbell']",2,Saavedra; Campbell,-32.927972399999994,-60.70850585,55.0,538.0,Municipio Rosario,Municipio,Rosario,820210,Servicio de Catastro e Información Territorial,IGN
2013,636,2013-01-11,Viernes,0.0,10:40:00,,0.0,2,"Moto/Ciclomotor,Moto/Ciclomotor",Av. Francia Y Fragata Sarmiento,2,1,0,0,1,0,0,,Avenida,,ROSARIO,Rosario,Asfalto,S/D,II,S/D,Urbana,Ninguna,No existe,Intersección,Deteriorada,Buena,Diurna,Buen Tiempo,Lateral,S/D,Colisión,S/D,Faltante,Ninguna,Sin restricción,POINT (-60.677238 -32.98795770000001),"['Avenida Francia', 'Fragata Sarmiento']",2,Avenida Francia; Fragata Sarmiento,-32.98795770000001,-60.677238,55.0,538.0,Municipio Rosario,Municipio,Rosario,820210,Servicio de Catastro e Información Territorial,IGN
2013,637,2013-01-04,Viernes,0.0,17:30:00,,0.0,2,"Bicicleta,Automóvil",Godoy Cruz Y F.More,2,1,0,0,0,0,1,,Calle,,ROSARIO,Rosario,Asfalto,No existe,II,Dentro,Urbana,Semáforo,Funciona,Intersección,Deteriorada,Buena,Con luz artificial,Otro,Lateral,S/D,Atropello,Otro,Vertical,Ninguna,Sin restricción,POINT (-60.69300505 -32.95869104999999),"['Avenida Presidente Perón', 'Felipe Moré']",2,Avenida Presidente Perón; Felipe Moré,-32.95869104999999,-60.69300505,55.0,538.0,Municipio Rosario,Municipio,Rosario,820210,Servicio de Catastro e Información Territorial,IGN
2013,638,2013-01-04,Viernes,0.0,16:20:00,,0.0,2,"Moto/Ciclomotor,Pickup/Utilitario",Tte.Agneta Y Amenabar,3,2,0,0,1,0,0,,Calle,,ROSARIO,Rosario,Asfalto,No existe,II,Dentro,Urbana,Ninguna,No existe,Intersección,Deteriorada,Buena,S/D,Otro,Lateral,S/D,Colisión,S/D,S/D,Ninguna,Sin restricción,POINT (-60.69890519999999 -32.963644900000006),"['Teniente Agneta', 'Amenabar']",2,Teniente Agneta; José de Amenábar,-32.963644900000006,-60.69890519999999,55.0,538.0,Municipio Rosario,Municipio,Rosario,820210,Servicio de Catastro e Información Territorial,IGN
2013,639,2013-01-05,Sabado,0.0,18:00:00,,0.0,2,"Moto/Ciclomotor,Automóvil",Bv. 27 De Febrero Y Garzon,2,1,0,0,1,0,0,,Avenida,,ROSARIO,Rosario,Asfalto,No existe,II,Dentro,Urbana,Ninguna,No existe,Intersección,Deteriorada,Reducida,Diurna,Otro,Lateral,S/D,Colisión,Otro,Faltante,Ninguna,Sin restricción,POINT (-60.70492065 -32.95918209999999),"['27 de Febrero', 'Garzón']",2,Bulevar 27 de Febrero; Garzón,-32.95918209999999,-60.70492065,55.0,538.0,Municipio Rosario,Municipio,Rosario,820210,Servicio de Catastro e Información Territorial,IGN
2013,640,2013-01-07,Lunes,0.0,21:25:00,,0.0,2,"Automóvil,Moto/Ciclomotor",Matienzo Y Uruguay,3,1,0,0,2,0,0,,Calle,,ROSARIO,Rosario,Asfalto,Ripio,II,Dentro,Urbana,Ninguna,No existe,Intersección,Deteriorada,Buena,S/D,Otro,Lateral,S/D,Colisión,Otro,Faltante,Ninguna,Sin restricción,POINT (-60.6936023 -32.9681451),"['Matienzo', 'Uruguay']",2,Benjamín Matienzo; Uruguay,-32.9681451,-60.6936023,55.0,538.0,Municipio Rosario,Municipio,Rosario,820210,Servicio de Catastro e Información Territorial,IGN
2013,641,2013-02-11,Lunes,0.0,19:30:00,,0.0,2,"Peatón,Moto/Ciclomotor",Gaboto 4000,2,1,0,0,1,0,0,,Calle,,ROSARIO,Rosario,Asfalto,S/D,II,S/D,Urbana,Ninguna,S/D,Intersección,Deteriorada,Buena,Diurna,Buen Tiempo,S/D,S/D,Atropello,Agua,S/D,Ninguna,Sin restricción,"-32.9662451, -60.6844016",['Gaboto 4000'],1,Gaboto 4000,-32.9662451,-60.6844016,55.0,538.0,Municipio Rosario,Municipio,Rosario,820210,Servicio de Catastro e Información Territorial,IGN
2013,642,2013-01-15,Martes,0.0,12:30:00,,0.0,2,"Peatón,Automóvil",Tte.Agneta Y Dean Funes,2,1,0,0,1,0,0,,Calle,,ROSARIO,Rosario,Asfalto,No existe,II,Dentro,Urbana,Ninguna,No existe,Intersección,Deteriorada,Buena,Con luz artificial,Otro,Lateral,S/D,Colisión,Otro,Faltante,Ninguna,Sin restricción,POINT (-60.6987794 -32.9671084),"['Teniente Agneta', 'Deán Gregorio Funes']",2,Teniente Agneta; Deán Gregorio Funes,-32.9671084,-60.6987794,55.0,538.0,Municipio Rosario,Municipio,Rosario,820210,Servicio de Catastro e Información Territorial,IGN
2013,646,2013-01-26,Sabado,0.0,02:35:00,,0.0,2,"Taxi/Remis,Moto/Ciclomotor",Av. Battle y Ordoñez Y Melincue,3,1,0,0,2,0,0,,Avenida,,ROSARIO,Rosario,Asfalto,No existe,II,Dentro,Urbana,Ninguna,No existe,Intersección,Deteriorada,Reducida,Nocturna,S/D,De alcance,S/D,Colisión,Otro,Faltante,Línea divisoria pintada,Sin restricción,POINT (-60.647600700000005 -33.00889619999998),"['Avenida Battle y Ordoñez', 'Melincué']",2,Avenida Battle y Ordoñez; Melincué,-33.00889619999998,-60.647600700000005,55.0,538.0,Municipio Rosario,Municipio,Rosario,820210,Servicio de Catastro e Información Territorial,IGN
2013,647,2013-01-02,Miercoles,0.0,02:00:00,,0.0,2,"Automóvil,Pickup/Utilitario",San Nicolas Y Virasoro,2,1,0,0,1,0,0,,Calle,,ROSARIO,Rosario,Asfalto,S/D,II,Dentro,Urbana,Ninguna,No existe,Intersección,Bueno,Buena,Con luz artificial,Buen Tiempo,S/D,S/D,Colisión,S/D,S/D,Ninguna,Sin restricción,POINT (-60.6782201 -32.96381259999999),"['San Nicolás', 'Virasoro']",2,San Nicolás; Benjamín Virasoro,-32.96381259999999,-60.6782201,55.0,538.0,Municipio Rosario,Municipio,Rosario,820210,Servicio de Catastro e Información Territorial,IGN
2013,648,2013-01-12,Sabado,0.0,13:10:00,,0.0,3,"Peatón,Peatón,Moto/Ciclomotor",Dean Funes Y Alsina,3,0,0,0,1,0,2,,Calle,,ROSARIO,Rosario,Asfalto,S/D,II,Dentro,Urbana,Ninguna,No existe,Intersección,Deteriorada,Buena,Diurna,Buen Tiempo,Múltiple,S/D,Atropello,Agua,Faltante,Ninguna,Sin restricción,POINT (-60.6837681 -32.968809099999994),"['Deán Gregorio Funes', 'Alsina']",2,Deán Gregorio Funes; Alsina,-32.968809099999994,-60.6837681,55.0,538.0,Municipio Rosario,Municipio,Rosario,820210,Servicio de Catastro e Información Territorial,IGN
2013,649,2013-01-09,Miercoles,0.0,17:00:00,,0.0,2,"Moto/Ciclomotor,Automóvil",Av. Francia Y Saavedra,2,1,0,0,0,0,1,,Avenida,,ROSARIO,Rosario,Asfalto,S/D,II,Dentro,Urbana,Ninguna,S/D,Intersección,Bueno,Buena,Atardecer,Buen Tiempo,Lateral,S/D,Colisión,S/D,S/D,Barrera de hormigón,Sin restricción,POINT (-60.6734792 -32.973049950000004),"['Avenida Francia', 'Saavedra']",2,Avenida Francia; Saavedra,-32.973049950000004,-60.6734792,55.0,538.0,Municipio Rosario,Municipio,Rosario,820210,Servicio de Catastro e Información Territorial,IGN
2013,650,2013-01-13,Domingo,0.0,12:00:00,,0.0,3,"Taxi/Remis,Automóvil,Taxi/Remis",Bv. Avellaneda Y Uruguay,3,3,0,0,0,0,0,,Avenida,,ROSARIO,Rosario,Asfalto,S/D,II,Dentro,Urbana,Semáforo,S/D,Intersección,Bueno,Buena,Diurna,Buen Tiempo,Múltiple,S/D,Colisión,S/D,S/D,Barrera de hormigón,Sin restricción,POINT (-60.686775850000004 -32.96944285),"['Avellaneda', 'Uruguay']",2,Bulevar Nicolás Avellaneda; Uruguay,-32.96944285,-60.68677585,55.0,538.0,Municipio Rosario,Municipio,Rosario,820210,Servicio de Catastro e Información Territorial,IGN
2013,651,2013-01-13,Domingo,0.0,14:00:00,,0.0,2,"Moto/Ciclomotor,Bicicleta",Bv. Avellaneda Y Lamadrid,5,2,0,0,3,0,0,,Avenida,,ROSARIO,Rosario,Tierra,No existe,II,Dentro,Urbana,Ninguna,No existe,Intersección,Deteriorada,Buena,Diurna,Buen Tiempo,Lateral,S/D,Atropello,S/D,Faltante,Ninguna,Sin restricción,POINT (-60.6888668 -32.998344450000005),"['Avellaneda', 'Lamadrid']",2,Bulevar Nicolás Avellaneda; Gregorio Aráoz de Lamadrid,-32.998344450000005,-60.6888668,55.0,538.0,Municipio Rosario,Municipio,Rosario,820210,Servicio de Catastro e Información Territorial,IGN
2013,653,2013-01-14,Lunes,0.0,16:45:00,,0.0,2,"Bicicleta,Pickup/Utilitario",Lima Y Garay,2,1,0,0,1,0,0,,Calle,,ROSARIO,Rosario,Asfalto,S/D,II,Dentro,Urbana,Ninguna,No existe,Intersección,Deteriorada,Buena,Diurna,Buen Tiempo,Otro,S/D,Atropello,S/D,S/D,Ninguna,Sin restricción,POINT (-60.69031129999999 -32.96639809999999),"['Lima', 'Garay']",2,Lima; Juan de Garay,-32.96639809999999,-60.69031129999999,55.0,538.0,Municipio Rosario,Municipio,Rosario,820210,Servicio de Catastro e Información Territorial,IGN
2013,681,2013-01-01,Martes,0.0,23:55:00,,0.0,2,"Moto/Ciclomotor,Pickup/Utilitario",Alvear Y Reg.11 de Infanteria,2,1,0,0,1,0,0,,Calle,,ROSARIO,Rosario,Asfalto,No existe,II,Dentro,Urbana,Ninguna,No existe,Intersección,Deteriorada,Buena,Nocturna,Buen Tiempo,Lateral,S/D,Colisión,S/D,Faltante,Ninguna,Sin restricción,POINT (-60.6663602 -32.99933339999999),"['Alvear', 'Regimiento 11']",2,Alvear; Regimiento 11,-32.99933339999999,-60.6663602,55.0,538.0,Municipio Rosario,Municipio,Rosario,820210,Servicio de Catastro e Información Territorial,IGN
2013,682,2013-01-07,Lunes,0.0,12:00:00,,0.0,1,Moto/Ciclomotor,Lamadrid Y Bv. Oroño,2,1,0,0,0,0,1,,Avenida,,ROSARIO,Rosario,Asfalto,No existe,II,Dentro,Urbana,Semáforo,Funciona,Intersección,Bueno,Buena,Diurna,Buen Tiempo,Lateral,S/D,Colisión,S/D,Vertical,Cordón divisorio,Sin restricción,POINT (-60.66524270000001 -32.9976152),"['Lamadrid', 'Bulevar Nicasio Oroño']",2,Gregorio Aráoz de Lamadrid; Bulevar Nicasio Oroño,-32.9976152,-60.66524270000001,55.0,538.0,Municipio Rosario,Municipio,Rosario,820210,Servicio de Catastro e Información Territorial,IGN
2013,683,2013-01-07,Lunes,0.0,01:50:00,,0.0,2,"Automóvil,Automóvil",Bv. Oroño Y Av. Arijon,4,1,0,0,2,0,1,,Avenida,,ROSARIO,Rosario,Asfalto,No existe,II,Dentro,Urbana,Semáforo,Funciona,Intersección,Bueno,Buena,Nocturna,Buen Tiempo,Lateral,S/D,Colisión,S/D,Vertical,Cordón divisorio,Sin restricción,POINT (-60.6650193 -33.003540599999994),"['Bulevar Nicasio Oroño', 'Avenida Manuel Arijón']",2,Bulevar Nicasio Oroño; Avenida Manuel Arijón,-33.003540599999994,-60.6650193,55.0,538.0,Municipio Rosario,Municipio,Rosario,820210,Servicio de Catastro e Información Territorial,IGN