anio_acci,nro_acci,fecha,desc_dia,fecha_aprox,hora_aprox,desc_ruta,km,cant_participantes,desc_participante,calle_avenida_km,total,heridos_leves,heridos_graves,heridos_gravisimos,ilesos,fallecidos,sin_datos,posicion_XY,desc_tipo_via,desc_ruta_ori,desc_loc,desc_dpto,desc_tipo_calzada,desc_tipo_banquina,desc_unidad_regional,desc_lugar_calzada,desc_zona,desc_prioridad,desc_estado_semaforo,desc_lugar_via,desc_estado_via,desc_estado_visibilidad,desc_luminosidad,desc_estado_clima,desc_tipo_colision,desc_tipo_atropello,desc_tipo_hecho,desc_pres_calzada,desc_senializacion,desc_separacion_via,desc_restriccion,forma_geocod,calle_lista,numero_calles,calles_osm,lat,lon,index_right,gid,fna,gna,nam,in1,fdc,sag
2013,792,2013-01-02,Miercoles,0.0,13:20:00,,0.0,2,"Automóvil,Automóvil",Constitucion Y Riobamba,2,1,0,0,1,0,0,,Calle,,ROSARIO,Rosario,S/D,S/D,II,Dentro,Urbana,Otra Señal,S/D,S/D,S/D,S/D,S/D,Buen Tiempo,Otro,S/D,Colisión,S/D,S/D,Ninguna,Sin restricción,POINT (-60.6778932 -32.95670170000001),"['Constitución', 'Riobamba']",2,Constitución; Riobamba,-32.95670170000001,-60.6778932,55.0,538.0,Municipio Rosario,Municipio,Rosario,820210,Servicio de Catastro e Información Territorial,IGN
2013,793,2013-01-09,Miercoles,0.0,11:10:00,,0.0,2,"Peatón,Automóvil",San Lorenzo Y Sgto Cabral,2,1,0,0,1,0,0,,Calle,,ROSARIO,Rosario,Asfalto,No existe,II,Dentro,Urbana,Ninguna,No existe,Intersección,Bueno,Buena,Diurna,Buen Tiempo,Otro,S/D,Atropello,Otro,Faltante,Ninguna,Sin restricción,POINT (-60.6356967 -32.9450057),"['San Lorenzo', 'Sargento Cabral']",2,San Lorenzo; Sargento Cabral,-32.9450057,-60.6356967,55.0,538.0,Municipio Rosario,Municipio,Rosario,820210,Servicio de Catastro e Información Territorial,IGN
2013,797,2013-01-14,Lunes,0.0,22:00:00,,0.0,2,"Automóvil,Automóvil",AV PTE PERON  Y COLECTORA,2,1,0,0,0,0,1,,Avenida,,ROSARIO,Rosario,Asfalto,Natural,II,S/D,Urbana,S/D,Funciona,Intersección,Con baches,Buena,Diurna,Buen Tiempo,Lateral,S/D,Colisión,S/D,Vertical,S/D,S/D,POINT (-60.7161598 -32.970289900000004),"['Avenida Presidente Perón', 'Colectora']",2,"('Avenida Presidente Perón', 'Colectora Juan Pablo II')",-32.970289900000004,-60.7161598,55.0,538.0,Municipio Rosario,Municipio,Rosario,820210,Servicio de Catastro e Información Territorial,IGN
2013,798,2013-01-19,Sabado,0.0,16:00:00,,0.0,2,"Moto/Ciclomotor,Automóvil",Av. Pte.Peron Y Av. Provincias Unidas,2,1,0,0,1,0,0,,Avenida,,ROSARIO,Rosario,Asfalto,S/D,II,S/D,Urbana,S/D,Funciona,Intersección,Con baches,Buena,Diurna,Buen Tiempo,S/D,S/D,S/D,S/D,Vertical,S/D,S/D,POINT (-60.71146635 -32.9679676),"['Avenida Presidente Perón', 'Avenida Provincias Unidas']",2,Avenida Presidente Perón; Avenida Provincias Unidas,-32.9679676,-60.71146635,55.0,538.0,Municipio Rosario,Municipio,Rosario,820210,Servicio de Catastro e Información Territorial,IGN
2013,800,2013-01-21,Lunes,0.0,16:30:00,,0.0,1,Moto/Ciclomotor,Bv. 27 De Febrero Y Campbell,1,1,0,0,0,0,0,,Avenida,,ROSARIO,Rosario,Hormigón,Natural,II,S/D,Urbana,Ninguna,No existe,Intersección,Con baches,Buena,Diurna,Buen Tiempo,Lateral,S/D,Colisión,S/D,S/D,S/D,S/D,POINT (-60.70720419999999 -32.9592378),"['27 de Febrero', 'Campbell']",2,Bulevar 27 de Febrero; Campbell,-32.9592378,-60.70720419999999,55.0,538.0,Municipio Rosario,Municipio,Rosario,820210,Servicio de Catastro e Información Territorial,IGN
2013,804,2013-01-24,Jueves,0.0,09:00:00,,0.0,2,"Automóvil,Bicicleta",Rivarola 7200,2,2,0,0,0,0,0,,Calle,,ROSARIO,Rosario,Asfalto,No existe,II,S/D,Urbana,Ninguna,No existe,Recta,Con baches,Buena,Diurna,Buen Tiempo,De alcance,S/D,Atropello,S/D,S/D,S/D,S/D,"-32.9658634, -60.7176048",['Rivarola 7200'],1,Rivarola 7200,-32.9658634,-60.7176048,55.0,538.0,Municipio Rosario,Municipio,Rosario,820210,Servicio de Catastro e Información Territorial,IGN
2013,825,2013-01-09,Miercoles,0.0,,,0.0,2,"Automóvil,Moto/Ciclomotor",Ituzaingo Y Cafferata,2,1,0,0,1,0,0,,Calle,,ROSARIO,Rosario,Asfalto,S/D,II,Dentro,Urbana,Otra Señal,No existe,Rotonda,Bueno,Buena,S/D,Buen Tiempo,Otro,S/D,Colisión,S/D,S/D,Ninguna,Sin restricción,POINT (-60.6745497 -32.9548518),"['Ituzaingó', 'Cafferata']",2,Ituzaingó; Cafferata,-32.9548518,-60.6745497,55.0,538.0,Municipio Rosario,Municipio,Rosario,820210,Servicio de Catastro e Información Territorial,IGN
2013,827,2013-01-11,Viernes,1.0,06:00:00,,0.0,2,"Moto/Ciclomotor,Automóvil",Bv. Oroño Y Tucuman,2,1,0,0,1,0,0,,Calle,,ROSARIO,Rosario,Asfalto,No existe,II,Dentro,Urbana,Ninguna,No existe,Intersección,Bueno,Buena,Amanecer,Buen Tiempo,Lateral,S/D,Colisión,S/D,Faltante,Barrera de hormigón,Sin restricción,POINT (-60.6521219 -32.9390762),"['Bulevar Nicasio Oroño', 'Tucumán']",2,Bulevar Nicasio Oroño; Tucumán,-32.9390762,-60.6521219,55.0,538.0,Municipio Rosario,Municipio,Rosario,820210,Servicio de Catastro e Información Territorial,IGN
2013,828,2013-01-11,Viernes,0.0,20:15:00,,0.0,1,Bicicleta,Bv. Avellaneda Y Av. Pte.Peron,1,1,0,0,0,0,0,,Avenida,,ROSARIO,Rosario,Asfalto,S/D,II,Dentro,Urbana,Semáforo,Funciona,Intersección,Bueno,Buena,"Nocturna,Con luz artificial",Buen Tiempo,S/D,S/D,Caída ocupante,S/D,S/D,Ninguna,Sin restricción,POINT (-60.683816275 -32.957610325),"['Avellaneda', 'Avenida Presidente Perón']",2,Bulevar Nicolás Avellaneda; Avenida Presidente Perón,-32.957610325,-60.683816275,55.0,538.0,Municipio Rosario,Municipio,Rosario,820210,Servicio de Catastro e Información Territorial,IGN
2013,829,2013-01-09,Miercoles,0.0,12:30:00,,0.0,2,"Moto/Ciclomotor,Automóvil",Av. Arijon Y Flamarion,3,1,0,0,2,0,0,,Calle,,ROSARIO,Rosario,Asfalto,No existe,II,Dentro,Urbana,Ninguna,No existe,Intersección,Bueno,Buena,Diurna,S/D,Otro,S/D,Colisión,S/D,S/D,S/D,Sin restricción,POINT (-60.654500199999994 -33.003224200000005),"['Avenida Manuel Arijón', 'Camilo Flammarion']",2,Avenida Manuel Arijón; Camilo Flammarion,-33.003224200000005,-60.6545002,55.0,538.0,Municipio Rosario,Municipio,Rosario,820210,Servicio de Catastro e Información Territorial,IGN
2013,831,2013-01-20,Domingo,0.0,09:30:00,,0.0,1,Moto/Ciclomotor,Godoy Cruz Y Cafferata,2,2,0,0,0,0,0,,Calle,,ROSARIO,Rosario,Asfalto,S/D,II,Dentro,Urbana,Semáforo,Funciona,Intersección,Bueno,Buena,Nocturna,Buen Tiempo,S/D,S/D,Caída ocupante,S/D,S/D,S/D,Sin restricción,POINT (-60.674993900000004 -32.9565943),"['Avenida Presidente Perón', 'Cafferata']",2,Avenida Presidente Perón; Cafferata,-32.9565943,-60.6749939,55.0,538.0,Municipio Rosario,Municipio,Rosario,820210,Servicio de Catastro e Información Territorial,IGN
2013,832,2013-01-12,Sabado,0.0,03:50:00,,0.0,2,"Moto/Ciclomotor,Taxi/Remis",San Lorenzo Y Bv. Oroño,3,2,0,0,1,0,0,,Calle,,ROSARIO,Rosario,Asfalto,No existe,II,Dentro,Urbana,Ninguna,No existe,Intersección,Bueno,Buena,Nocturna,Buen Tiempo,Frontal,S/D,Colisión,S/D,Faltante,Ninguna,Sin restricción,POINT (-60.652740599999994 -32.9414065),"['San Lorenzo', 'Bulevar Nicasio Oroño']",2,San Lorenzo; Bulevar Nicasio Oroño,-32.9414065,-60.6527406,55.0,538.0,Municipio Rosario,Municipio,Rosario,820210,Servicio de Catastro e Información Territorial,IGN
2013,834,2013-01-15,Martes,0.0,19:30:00,,0.0,2,"Automóvil,Automóvil",Salta Y Av. Del Huerto,4,1,0,0,3,0,0,,Calle,,ROSARIO,Rosario,Asfalto,No existe,II,Dentro,Urbana,Semáforo,No existe,Intersección,Bueno,Buena,Atardecer,Buen Tiempo,Lateral,S/D,Colisión,S/D,Vertical,Cordón divisorio,Sin restricción,POINT (-60.6368822 -32.9393922),"['Salta', 'Del Huerto']",2,Salta; Avenida del Huerto,-32.9393922,-60.6368822,55.0,538.0,Municipio Rosario,Municipio,Rosario,820210,Servicio de Catastro e Información Territorial,IGN
2013,835,2013-01-27,Domingo,0.0,23:15:00,,0.0,2,"Automóvil,Moto/Ciclomotor",Av. Pte.Peron Y Pascual Rosas,3,2,0,0,1,0,0,,Avenida,,ROSARIO,Rosario,Asfalto,S/D,II,Dentro,Urbana,Ninguna,No existe,Intersección,Bueno,Buena,Con luz artificial,Buen Tiempo,Otro,S/D,Colisión,S/D,S/D,S/D,Sin restricción,POINT (-60.691128500000005 -32.95845274999999),"['Avenida Presidente Perón', 'Pascual Rosas']",2,Avenida Presidente Perón; Pascual Rosas,-32.95845274999999,-60.691128500000005,55.0,538.0,Municipio Rosario,Municipio,Rosario,820210,Servicio de Catastro e Información Territorial,IGN
2013,836,2013-01-09,Miercoles,0.0,21:45:00,,0.0,2,"Moto/Ciclomotor,Pickup/Utilitario",San Martin Y Av. Circunvalacion,3,2,0,0,1,0,0,,Avenida,,ROSARIO,Rosario,Asfalto,No existe,II,Dentro,Urbana,Ninguna,Funciona,Recta,Deteriorada,Reducida,Nocturna,S/D,S/D,S/D,Colisión,S/D,Faltante,Cordón divisorio,Sin restricción,POINT (-60.64178307863883 -33.0158888269654),"['San Martin', 'Circunvalacion']",2,José de San Martín; Avenida de Circunvalación 25 de Mayo,-33.0158888269654,-60.64178307863883,55.0,538.0,Municipio Rosario,Municipio,Rosario,820210,Servicio de Catastro e Información Territorial,IGN
2013,837,2013-01-18,Viernes,0.0,07:45:00,,0.0,2,"Moto/Ciclomotor,Automóvil",Pte.Roca Y Tucuman,2,1,0,0,1,0,0,,Calle,,ROSARIO,Rosario,Asfalto,No existe,II,Dentro,Urbana,Ninguna,No existe,Intersección,S/D,Buena,Diurna,Buen Tiempo,De alcance,S/D,Colisión,S/D,Faltante,Ninguna,Sin restricción,POINT (-60.64392070000001 -32.9405554),"['Roca', 'Tucumán']",2,Presidente Roca; Tucumán,-32.9405554,-60.64392070000001,55.0,538.0,Municipio Rosario,Municipio,Rosario,820210,Servicio de Catastro e Información Territorial,IGN
2013,839,2013-01-27,Domingo,0.0,21:30:00,,0.0,2,"Automóvil,Moto/Ciclomotor",San Nicolas Y Cerrito,2,1,0,0,1,0,0,,Calle,,ROSARIO,Rosario,Asfalto,S/D,II,Dentro,Urbana,Ninguna,No existe,Intersección,Bueno,Buena,Con luz artificial,Buen Tiempo,Otro,S/D,Colisión,S/D,S/D,Ninguna,Sin restricción,POINT (-60.6762208 -32.955778500000015),"['San Nicolás', 'Cerrito']",2,San Nicolás; Cerrito,-32.955778500000015,-60.6762208,55.0,538.0,Municipio Rosario,Municipio,Rosario,820210,Servicio de Catastro e Información Territorial,IGN
2013,840,2013-01-14,Lunes,0.0,17:00:00,,0.0,1,Peatón,Av. Battle y Ordoñez Y Pje. Villegas,1,1,0,0,0,0,0,,Calle,,ROSARIO,Rosario,Asfalto,No existe,II,Dentro,Urbana,Ninguna,No existe,Intersección,Bueno,Buena,Diurna,S/D,Otro,S/D,Atropello,Otro,Faltante,Cordón divisorio,Sin restricción,POINT (-60.65225840000001 -33.00892909999999),"['Avenida Battle y Ordoñez', 'Villegas']",2,Avenida Battle y Ordoñez; Villegas,-33.00892909999999,-60.65225840000001,55.0,538.0,Municipio Rosario,Municipio,Rosario,820210,Servicio de Catastro e Información Territorial,IGN
2013,842,2013-01-15,Martes,0.0,15:45:00,,0.0,2,"Moto/Ciclomotor,Automóvil",AV. BERMUDEZ Y PJE. 525,3,1,0,0,2,0,0,,Avenida,,ROSARIO,Rosario,Hormigón,No existe,II,Dentro,Urbana,Ninguna,No existe,Intersección,Deteriorada,Buena,Diurna,S/D,Otro,S/D,Colisión,Otro,Faltante,Ninguna,Sin restricción,POINT (-60.64204990000001 -33.014220399999985),"['Bermudez', 'Pasaje 525']",2,Avenida José Bermúdez; Pasaje 525,-33.014220399999985,-60.64204990000001,55.0,538.0,Municipio Rosario,Municipio,Rosario,820210,Servicio de Catastro e Información Territorial,IGN
2013,847,2013-01-01,Martes,0.0,03:10:00,,0.0,2,"Automóvil,Automóvil",Av. Arijon Y Entre Rios,5,3,0,0,2,0,0,,Avenida,,ROSARIO,Rosario,Asfalto,No existe,II,Dentro,Urbana,Ninguna,Intermitente,Intersección,Bueno,Buena,Nocturna,Buen Tiempo,Otro,S/D,Colisión,Otro,Faltante,Línea divisoria pintada,Sin restricción,POINT (-60.6517823 -33.00314459999999),"['Avenida Manuel Arijón', 'Entre Ríos']",2,Avenida Manuel Arijón; Entre Ríos,-33.00314459999999,-60.6517823,55.0,538.0,Municipio Rosario,Municipio,Rosario,820210,Servicio de Catastro e Información Territorial,IGN
2013,848,2013-01-19,Sabado,0.0,12:20:00,,0.0,3,"Peatón,Taxi/Remis,Automóvil",Salta Y Balcarce,3,1,0,0,2,0,0,,Calle,,ROSARIO,Rosario,Asfalto,No existe,II,Dentro,Urbana,Ninguna,No existe,Intersección,Bueno,Buena,Diurna,Buen Tiempo,Múltiple,S/D,Colisión,S/D,Faltante,S/D,Sin restricción,POINT (-60.6501714 -32.936959299999984),"['Salta', 'Balcarce']",2,Salta; Balcarce,-32.936959299999984,-60.6501714,55.0,538.0,Municipio Rosario,Municipio,Rosario,820210,Servicio de Catastro e Información Territorial,IGN
2013,849,2013-01-02,Miercoles,0.0,13:50:00,,0.0,2,"Pickup/Utilitario,Moto/Ciclomotor",Av. Arijon Y San Martin,3,1,0,0,2,0,0,,Avenida,,ROSARIO,Rosario,Asfalto,No existe,II,Dentro,Urbana,Ninguna,Funciona,Recta,Deteriorada,Buena,Diurna,S/D,Otro,S/D,Colisión,S/D,Faltante,Línea divisoria pintada,Sin restricción,POINT (-60.649363550000004 -33.003052149999995),"['Avenida Manuel Arijón', 'San Martin']",2,Avenida Manuel Arijón; José de San Martín,-33.003052149999995,-60.64936355,55.0,538.0,Municipio Rosario,Municipio,Rosario,820210,Servicio de Catastro e Información Territorial,IGN
2013,853,2013-01-03,Jueves,0.0,21:30:00,,0.0,2,"Moto/Ciclomotor,Automóvil",Pje. Conscripto Bernardi Y Muñoz,3,1,0,0,2,0,0,,Calle,,ROSARIO,Rosario,Asfalto,No existe,II,Dentro,Urbana,Ninguna,No existe,Intersección,Bueno,Reducida,Nocturna,S/D,Otro,S/D,Colisión,S/D,Faltante,Ninguna,Sin restricción,POINT (-60.645746100000004 -33.008282999999984),"['Conscripto Bernardi', 'Muñoz']",2,Conscripto Bernardi; Osella Muñoz,-33.008282999999984,-60.6457461,55.0,538.0,Municipio Rosario,Municipio,Rosario,820210,Servicio de Catastro e Información Territorial,IGN
2013,855,2013-01-06,Domingo,0.0,22:35:00,,0.0,2,"Bicicleta,Automóvil",Piedras Y Pte.Roca,3,2,0,0,1,0,0,,Calle,,ROSARIO,Rosario,Asfalto,No existe,II,Dentro,Urbana,Ninguna,No existe,Intersección,Bueno,Reducida,Diurna,S/D,S/D,S/D,Atropello,Otro,Faltante,Ninguna,Sin restricción,POINT (-60.655979900000006 -33.0071852),"['Piedras', 'Roca']",2,Piedras; Presidente Roca,-33.0071852,-60.655979900000006,55.0,538.0,Municipio Rosario,Municipio,Rosario,820210,Servicio de Catastro e Información Territorial,IGN
2013,858,2013-01-08,Martes,0.0,12:00:00,,0.0,2,"Camión,Tracción animal / Carro",Buenos Aires Y Alzugaray,2,1,0,0,1,0,0,,Calle,,ROSARIO,Rosario,Asfalto,No existe,II,Dentro,Urbana,Ninguna,No existe,Intersección,Deteriorada,Buena,Diurna,S/D,Otro,S/D,Colisión,Otro,Faltante,Ninguna,Sin restricción,POINT (-60.644529500000004 -33.0128842),"['Buenos Aires', 'Alzugaray']",2,Buenos Aires; Alzugaray,-33.0128842,-60.6445295,55.0,538.0,Municipio Rosario,Municipio,Rosario,820210,Servicio de Catastro e Información Territorial,IGN
2013,859,2013-01-22,Martes,0.0,20:20:00,,0.0,3,"Automóvil,Automóvil,Taxi/Remis",Av. Battle y Ordoñez 1400,5,3,0,0,2,0,0,,Avenida,,ROSARIO,Rosario,Asfalto,No existe,II,Dentro,Urbana,Ninguna,No existe,Recta,Bueno,Buena,Nocturna,Otro,Múltiple,S/D,Colisión,S/D,Faltante,Cordón divisorio,Sin restricción,"-33.009042, -60.6558939",['Avenida Battle y Ordoñez 1400'],1,Avenida Battle y Ordoñez 1400,-33.009042,-60.6558939,55.0,538.0,Municipio Rosario,Municipio,Rosario,820210,Servicio de Catastro e Información Territorial,IGN
2013,860,2013-01-20,Domingo,0.0,18:00:00,,0.0,2,"Taxi/Remis,Moto/Ciclomotor",Catamarca Y Balcarce,4,3,0,0,1,0,0,,Calle,,ROSARIO,Rosario,Asfalto,No existe,II,Dentro,Urbana,Señal Pare,No existe,Intersección,Bueno,Buena,Diurna,Buen Tiempo,S/D,S/D,Colisión,S/D,Vertical,S/D,Sin restricción,POINT (-60.650474900000006 -32.938126),"['Catamarca', 'Balcarce']",2,Catamarca; Balcarce,-32.938126,-60.650474900000006,55.0,538.0,Municipio Rosario,Municipio,Rosario,820210,Servicio de Catastro e Información Territorial,IGN
2013,869,2013-01-20,Domingo,0.0,18:30:00,,0.0,2,"Moto/Ciclomotor,Automóvil",Catamarca Y Balcarce,3,2,0,0,1,0,0,,Calle,,ROSARIO,Rosario,Asfalto,No existe,II,Dentro,Urbana,Señal Pare,No existe,Intersección,Bueno,Buena,Atardecer,Buen Tiempo,Lateral,S/D,Colisión,S/D,Vertical,Ninguna,Sin restricción,POINT (-60.650474900000006 -32.938126),"['Catamarca', 'Balcarce']",2,Catamarca; Balcarce,-32.938126,-60.650474900000006,55.0,538.0,Municipio Rosario,Municipio,Rosario,820210,Servicio de Catastro e Información Territorial,IGN
2013,872,2013-01-02,Miercoles,0.0,10:15:00,,0.0,2,"Taxi/Remis,Automóvil",Santa Fe Y Italia,2,1,0,0,1,0,0,,Calle,,ROSARIO,Rosario,Asfalto,No existe,II,Dentro,Urbana,Semáforo,No existe,Intersección,Bueno,Buena,Diurna,Buen Tiempo,Lateral,S/D,Colisión,S/D,S/D,Ninguna,Sin restricción,POINT (-60.6475241 -32.94334839999999),"['Santa Fe', 'Italia']",2,Santa Fe; Italia,-32.94334839999999,-60.6475241,55.0,538.0,Municipio Rosario,Municipio,Rosario,820210,Servicio de Catastro e Información Territorial,IGN
2013,881,2013-01-28,Lunes,0.0,15:00:00,,0.0,3,"Peatón,Peatón,Pickup/Utilitario",Santa Fe Y Av. Corrientes,2,1,0,0,1,0,0,,Avenida,,ROSARIO,Rosario,Asfalto,No existe,II,Dentro,Urbana,S/D,No existe,Intersección,Bueno,Buena,Diurna,S/D,Otro,S/D,Atropello,Otro,S/D,Barrera de hormigón,Sin restricción,POINT (-60.6420191 -32.9443578),"['Santa Fe', 'Corrientes']",2,Santa Fe; Corrientes,-32.9443578,-60.6420191,55.0,538.0,Municipio Rosario,Municipio,Rosario,820210,Servicio de Catastro e Información Territorial,IGN
2013,883,2013-01-28,Lunes,0.0,17:00:00,,0.0,2,"Automóvil,Taxi/Remis",Jujuy Y Alvear,2,1,0,0,1,0,0,,Calle,,ROSARIO,Rosario,Asfalto,No existe,II,Dentro,Urbana,Ninguna,No existe,Intersección,Bueno,Buena,Diurna,Buen Tiempo,Lateral,S/D,Colisión,S/D,Faltante,Ninguna,Sin restricción,POINT (-60.652614400000004 -32.935274099999994),"['Jujuy', 'Alvear']",2,Jujuy; Alvear,-32.935274099999994,-60.6526144,55.0,538.0,Municipio Rosario,Municipio,Rosario,820210,Servicio de Catastro e Información Territorial,IGN
2013,885,2013-07-26,Viernes,0.0,19:00:00,,0.0,2,"Moto/Ciclomotor,Automóvil",3 De Febrero 600,2,1,0,0,1,0,0,,Calle,,ROSARIO,Rosario,Asfalto,S/D,II,Dentro,Urbana,S/D,S/D,Recta,Bueno,Buena,Diurna,S/D,Otro,S/D,Colisión,S/D,S/D,Cordón divisorio,S/D,"-32.9539151, -60.6326939",['3 De Febrero 600'],1,3 De Febrero 600,-32.9539151,-60.6326939,55.0,538.0,Municipio Rosario,Municipio,Rosario,820210,Servicio de Catastro e Información Territorial,IGN
2013,886,2013-07-21,Domingo,0.0,11:30:00,,0.0,2,"Moto/Ciclomotor,Automóvil",L.N.Alem Y Av. Pellegrini,2,1,0,0,1,0,0,,Avenida,,ROSARIO,Rosario,Asfalto,S/D,II,Dentro,Urbana,Semáforo,Funciona,Intersección,Bueno,Buena,Diurna,S/D,S/D,S/D,Colisión,S/D,S/D,S/D,S/D,POINT (-60.63099875 -32.95908519999999),"['Alem', 'Pellegrini']",2,Leandro N. Alem; Avenida Carlos Pellegrini,-32.95908519999999,-60.63099875,55.0,538.0,Municipio Rosario,Municipio,Rosario,820210,Servicio de Catastro e Información Territorial,IGN
2013,891,2013-08-18,Domingo,0.0,20:30:00,,0.0,3,"Automóvil,Moto/Ciclomotor,Transporte de Pasajeros Urbano (> 8 asientos)",Laprida Y Montevideo,4,1,0,0,3,0,0,,Calle,,ROSARIO,Rosario,Asfalto,S/D,II,Dentro,Urbana,S/D,S/D,Intersección,Bueno,Buena,Nocturna,S/D,Otro,S/D,Colisión,S/D,S/D,Cordón divisorio,S/D,POINT (-60.636619800000005 -32.95683329999999),"['Laprida', 'Montevideo']",2,Francisco Narciso Laprida; Montevideo,-32.95683329999999,-60.636619800000005,55.0,538.0,Municipio Rosario,Municipio,Rosario,820210,Servicio de Catastro e Información Territorial,IGN
2013,892,2013-07-05,Viernes,0.0,15:10:00,,0.0,2,"Moto/Ciclomotor,Automóvil",Av. Pte.Peron Y F.More,2,1,0,0,0,0,1,,Avenida,,ROSARIO,Rosario,Asfalto,No existe,II,Dentro,Urbana,Semáforo,Funciona,Intersección,Otro,S/D,S/D,Otro,Lateral,S/D,Colisión,Otro,Vertical,Ninguna,Sin restricción,POINT (-60.69300505 -32.95869104999999),"['Avenida Presidente Perón', 'Felipe Moré']",2,Avenida Presidente Perón; Felipe Moré,-32.95869104999999,-60.69300505,55.0,538.0,Municipio Rosario,Municipio,Rosario,820210,Servicio de Catastro e Información Territorial,IGN
2013,894,2013-07-18,Jueves,0.0,08:30:00,,0.0,2,"Moto/Ciclomotor,Automóvil",Buenos Aires Y E.Zeballos,2,1,0,0,1,0,0,,Calle,,ROSARIO,Rosario,Asfalto,S/D,II,Dentro,Urbana,S/D,S/D,Intersección,Bueno,Buena,Diurna,S/D,Lateral,S/D,Colisión,S/D,S/D,Barrera de alto impacto,S/D,POINT (-60.6348767 -32.95609389999999),"['Buenos Aires', 'Zeballos']",2,Buenos Aires; Zeballos,-32.95609389999999,-60.6348767,55.0,538.0,Municipio Rosario,Municipio,Rosario,820210,Servicio de Catastro e Información Territorial,IGN
2013,895,2013-07-10,Miercoles,0.0,18:05:00,,0.0,2,"Automóvil,Automóvil",Cullen Y Ocampo,3,1,0,0,1,0,1,,Calle,,ROSARIO,Rosario,Asfalto,No existe,II,Dentro,Urbana,Ninguna,S/D,Intersección,Otro,S/D,S/D,Otro,Lateral,S/D,Colisión,Otro,S/D,Ninguna,Sin restricción,POINT (-60.70839970000001 -32.957926300000004),"['Cullen', 'Ocampo']",2,Cullen; Ocampo,-32.957926300000004,-60.70839970000001,55.0,538.0,Municipio Rosario,Municipio,Rosario,820210,Servicio de Catastro e Información Territorial,IGN
2013,896,2013-07-16,Martes,0.0,20:00:00,,0.0,2,"Automóvil,Pickup/Utilitario",Buenos Aires Y San Juan,3,2,0,0,1,0,0,,Calle,,ROSARIO,Rosario,Asfalto,S/D,II,Dentro,Urbana,S/D,S/D,Intersección,Bueno,Buena,Nocturna,S/D,Lateral,S/D,Colisión,S/D,S/D,Cordón divisorio,S/D,POINT (-60.633651799999996 -32.951220600000006),"['Buenos Aires', 'San Juan']",2,Buenos Aires; San Juan,-32.951220600000006,-60.6336518,55.0,538.0,Municipio Rosario,Municipio,Rosario,820210,Servicio de Catastro e Información Territorial,IGN
2013,897,2013-07-06,Sabado,0.0,14:30:00,,0.0,2,"Moto/Ciclomotor,Pickup/Utilitario",P.L.Funes Y Garay,2,1,0,0,1,0,0,,Calle,,ROSARIO,Rosario,Asfalto,No existe,II,Dentro,Urbana,Ninguna,S/D,Intersección,Otro,S/D,S/D,S/D,Lateral,S/D,Colisión,Otro,S/D,Ninguna,Sin restricción,POINT (-60.7001542 -32.965991100000004),"['Funes', 'Garay']",2,Deán Gregorio Funes; Juan de Garay,-32.965991100000004,-60.7001542,55.0,538.0,Municipio Rosario,Municipio,Rosario,820210,Servicio de Catastro e Información Territorial,IGN
2013,900,2013-07-03,Miercoles,0.0,14:45:00,,0.0,2,"Moto/Ciclomotor,Automóvil",Bv. 27 De Febrero Y Larrea,2,1,0,0,1,0,0,,Avenida,,ROSARIO,Rosario,Asfalto,No existe,II,Dentro,Urbana,Semáforo,Funciona,Intersección,Otro,S/D,S/D,Otro,Lateral,S/D,Colisión,Otro,Vertical,Ninguna,Sin restricción,POINT (-60.69651200000001 -32.95882060000001),"['27 de Febrero', 'Larrea']",2,Bulevar 27 de Febrero; Larrea,-32.95882060000001,-60.69651200000001,55.0,538.0,Municipio Rosario,Municipio,Rosario,820210,Servicio de Catastro e Información Territorial,IGN
2013,901,2013-07-13,Sabado,0.0,11:30:00,,0.0,2,"Automóvil,Bicicleta",Buenos Aires Y 3 De Febrero,2,1,0,0,1,0,0,,Calle,,ROSARIO,Rosario,Asfalto,S/D,II,Dentro,Urbana,S/D,S/D,Intersección,Bueno,Reducida,Diurna,S/D,Lateral,S/D,Colisión,S/D,S/D,Cordón divisorio,S/D,POINT (-60.63427490000001 -32.9536983),"['Buenos Aires', '3 de Febrero']",2,Buenos Aires; 3 de Febrero,-32.9536983,-60.63427490000001,55.0,538.0,Municipio Rosario,Municipio,Rosario,820210,Servicio de Catastro e Información Territorial,IGN
2013,902,2013-07-12,Viernes,0.0,17:00:00,,0.0,2,"Automóvil,Automóvil",Av. Pellegrini 100,2,1,0,0,1,0,0,,Avenida,,ROSARIO,Rosario,S/D,S/D,II,Dentro,Urbana,Semáforo,Funciona,Recta,Bueno,Buena,S/D,Buen Tiempo,De alcance,S/D,Colisión,S/D,S/D,Cordón divisorio,S/D,"-32.959721, -60.6267244",['Pellegrini 100'],1,Pellegrini 100,-32.959721,-60.6267244,55.0,538.0,Municipio Rosario,Municipio,Rosario,820210,Servicio de Catastro e Información Territorial,IGN