anio_acci,nro_acci,fecha,desc_dia,fecha_aprox,hora_aprox,desc_ruta,km,cant_participantes,desc_participante,calle_avenida_km,total,heridos_leves,heridos_graves,heridos_gravisimos,ilesos,fallecidos,sin_datos,posicion_XY,desc_tipo_via,desc_ruta_ori,desc_loc,desc_dpto,desc_tipo_calzada,desc_tipo_banquina,desc_unidad_regional,desc_lugar_calzada,desc_zona,desc_prioridad,desc_estado_semaforo,desc_lugar_via,desc_estado_via,desc_estado_visibilidad,desc_luminosidad,desc_estado_clima,desc_tipo_colision,desc_tipo_atropello,desc_tipo_hecho,desc_pres_calzada,desc_senializacion,desc_separacion_via,desc_restriccion,forma_geocod,calle_lista,numero_calles,calles_osm,lat,lon,index_right,gid,fna,gna,nam,in1,fdc,sag
2013,904,2013-07-08,Lunes,0.0,12:30:00,,0.0,2,"Bicicleta,Transporte de Pasajeros Urbano (> 8 asientos)",Santa Fe 1080,2,1,0,0,1,0,0,,Calle,,ROSARIO,Rosario,Asfalto,S/D,II,Dentro,Urbana,Ninguna,S/D,Recta,Bueno,S/D,Diurna,Otro,Otro,S/D,Atropello,S/D,S/D,Cordón divisorio,S/D,"-32.9451284, -60.6375686",['Santa Fe 1080'],1,Santa Fe 1080,-32.9451284,-60.6375686,55.0,538.0,Municipio Rosario,Municipio,Rosario,820210,Servicio de Catastro e Información Territorial,IGN
2013,905,2013-07-16,Martes,0.0,,,0.0,2,"Automóvil,Automóvil",Cordoba 4400,2,1,0,0,1,0,0,,Calle,,ROSARIO,Rosario,Asfalto,S/D,II,Dentro,Urbana,S/D,S/D,Intersección,S/D,S/D,S/D,S/D,S/D,S/D,Colisión,S/D,S/D,Cordón divisorio,S/D,"-32.9436077, -60.6540311",['Cordoba 4400'],1,Cordoba 4400,-32.9436077,-60.6540311,55.0,538.0,Municipio Rosario,Municipio,Rosario,820210,Servicio de Catastro e Información Territorial,IGN
2013,907,2013-07-16,Martes,0.0,,,0.0,1,,3 De Febrero Y Av. Ovidio Lagos,2,1,0,0,1,0,0,,Avenida,,ROSARIO,Rosario,Asfalto,S/D,II,Dentro,Urbana,S/D,S/D,Intersección,S/D,S/D,S/D,S/D,Otro,S/D,Colisión,S/D,S/D,Cordón divisorio,S/D,POINT (-60.6630574 -32.9486394),"['3 de Febrero', 'Avenida Ovidio Lagos']",2,3 de Febrero; Avenida Ovidio Lagos,-32.9486394,-60.6630574,55.0,538.0,Municipio Rosario,Municipio,Rosario,820210,Servicio de Catastro e Información Territorial,IGN
2013,908,2013-07-16,Martes,0.0,,,0.0,2,"Pickup/Utilitario,Automóvil",3 De Febrero Y Av. Ovidio Lagos,2,1,0,0,1,0,0,,Calle,,ROSARIO,Rosario,Asfalto,S/D,II,Dentro,Urbana,S/D,S/D,Intersección,S/D,S/D,S/D,S/D,S/D,S/D,S/D,S/D,S/D,S/D,S/D,POINT (-60.6630574 -32.9486394),"['3 de Febrero', 'Avenida Ovidio Lagos']",2,3 de Febrero; Avenida Ovidio Lagos,-32.9486394,-60.6630574,55.0,538.0,Municipio Rosario,Municipio,Rosario,820210,Servicio de Catastro e Información Territorial,IGN
2013,910,2013-07-16,Martes,0.0,17:40:00,,0.0,2,"Automóvil,Moto/Ciclomotor",Iriondo Y E.Zeballos,2,1,0,0,1,0,0,,Calle,,ROSARIO,Rosario,Asfalto,S/D,II,Dentro,Urbana,S/D,S/D,Intersección,S/D,S/D,S/D,S/D,Frontal,S/D,Colisión,S/D,S/D,Cordón divisorio,S/D,POINT (-60.671761499999995 -32.9493534),"['Iriondo', 'Zeballos']",2,Iriondo; Zeballos,-32.9493534,-60.6717615,55.0,538.0,Municipio Rosario,Municipio,Rosario,820210,Servicio de Catastro e Información Territorial,IGN
2013,911,2013-07-16,Martes,0.0,15:30:00,,0.0,1,,San Luis Y Castellanos,3,1,0,0,2,0,0,,Calle,,ROSARIO,Rosario,Asfalto,S/D,II,Dentro,Urbana,S/D,S/D,Intersección,S/D,S/D,S/D,S/D,S/D,S/D,Colisión,S/D,S/D,Cordón divisorio,S/D,POINT (-60.675738800000005 -32.942445799999994),"['San Luis', 'Aaron Castellanos']",2,San Luis; Aaron Castellanos,-32.942445799999994,-60.675738800000005,55.0,538.0,Municipio Rosario,Municipio,Rosario,820210,Servicio de Catastro e Información Territorial,IGN
2013,912,2013-07-16,Martes,0.0,15:30:00,,0.0,2,"Bicicleta,Pickup/Utilitario",San Luis Y Castellanos,3,1,0,0,2,0,0,,Calle,,ROSARIO,Rosario,Asfalto,S/D,II,Dentro,Urbana,S/D,S/D,Intersección,S/D,S/D,S/D,S/D,S/D,S/D,Atropello,S/D,S/D,Cordón divisorio,S/D,POINT (-60.675738800000005 -32.942445799999994),"['San Luis', 'Aaron Castellanos']",2,San Luis; Aaron Castellanos,-32.942445799999994,-60.675738800000005,55.0,538.0,Municipio Rosario,Municipio,Rosario,820210,Servicio de Catastro e Información Territorial,IGN
2013,913,2013-07-17,Miercoles,0.0,17:40:00,,0.0,2,"Automóvil,Moto/Ciclomotor",3 De Febrero Y San Nicolas,2,0,1,0,1,0,0,,Calle,,ROSARIO,Rosario,Asfalto,S/D,II,Dentro,Urbana,S/D,S/D,Intersección,S/D,S/D,S/D,S/D,S/D,S/D,Colisión,S/D,S/D,Cordón divisorio,S/D,POINT (-60.6739228 -32.94667499999999),"['3 de Febrero', 'San Nicolás']",2,3 de Febrero; San Nicolás,-32.94667499999999,-60.6739228,55.0,538.0,Municipio Rosario,Municipio,Rosario,820210,Servicio de Catastro e Información Territorial,IGN
2013,914,2013-07-06,Sabado,0.0,16:45:00,,0.0,2,"Moto/Ciclomotor,Moto/Ciclomotor",Roullon 4200,2,2,0,0,0,0,0,,Calle,,ROSARIO,Rosario,Asfalto,No existe,II,Dentro,Urbana,Ninguna,No existe,Intersección,Otro,Reducida,Con luz artificial,Otro,Lateral,S/D,Colisión,Otro,Faltante,Ninguna,Sin restricción,"-32.9246209, -60.7028801",['Alfredo Rouillón 4200'],1,Alfredo Rouillón 4200,-32.9246209,-60.7028801,55.0,538.0,Municipio Rosario,Municipio,Rosario,820210,Servicio de Catastro e Información Territorial,IGN
2013,915,2013-07-20,Sabado,0.0,13:40:00,,0.0,2,"Cuatriciclo,Automóvil",Crespo Y San Juan,2,1,0,0,1,0,0,,Calle,,ROSARIO,Rosario,Asfalto,S/D,II,Dentro,Urbana,S/D,S/D,Intersección,S/D,S/D,S/D,S/D,S/D,S/D,Colisión,S/D,S/D,Cordón divisorio,S/D,POINT (-60.6691479 -32.944778299999996),"['Crespo', 'San Juan']",2,Crespo; San Juan,-32.9447783,-60.6691479,55.0,538.0,Municipio Rosario,Municipio,Rosario,820210,Servicio de Catastro e Información Territorial,IGN
2013,916,2013-07-03,Miercoles,0.0,17:00:00,,0.0,2,"Automóvil,Moto/Ciclomotor",Roullon Y Bv. Segui,2,1,0,0,1,0,0,,Avenida,,ROSARIO,Rosario,Asfalto,No existe,II,Dentro,Urbana,S/D,S/D,Intersección,Otro,S/D,S/D,S/D,Lateral,S/D,Colisión,Otro,S/D,Ninguna,Sin restricción,POINT (-60.701049250000004 -32.97076125),"['Alfredo Rouillón', 'Bulevar Juan Francisco Seguí']",2,Alfredo Rouillón; Bulevar Juan Francisco Seguí,-32.97076125,-60.70104925,55.0,538.0,Municipio Rosario,Municipio,Rosario,820210,Servicio de Catastro e Información Territorial,IGN
2013,917,2013-07-19,Viernes,0.0,11:30:00,,0.0,2,"Taxi/Remis,Pickup/Utilitario",Pueyrredon Y Rioja,3,2,0,0,1,0,0,,Calle,,ROSARIO,Rosario,Asfalto,S/D,II,Dentro,Urbana,S/D,S/D,Intersección,S/D,S/D,S/D,S/D,S/D,S/D,Colisión,S/D,S/D,Cordón divisorio,S/D,POINT (-60.6576513 -32.944126799999985),"['Pueyrredón', 'Rioja']",2,Pueyrredón; Rioja,-32.944126799999985,-60.6576513,55.0,538.0,Municipio Rosario,Municipio,Rosario,820210,Servicio de Catastro e Información Territorial,IGN
2013,918,2013-07-03,Miercoles,0.0,19:00:00,,0.0,2,"Moto/Ciclomotor,Camión",Camilo Aldao 2900,2,1,0,0,1,0,0,,Calle,,ROSARIO,Rosario,Asfalto,No existe,II,Dentro,Urbana,Ninguna,No existe,Intersección,Otro,Reducida,S/D,Otro,Lateral,S/D,Colisión,Otro,Faltante,Ninguna,Sin restricción,"-32.9622024, -60.695229",['Camilo Aldao 2900'],1,Camilo Aldao 2900,-32.9622024,-60.695229,55.0,538.0,Municipio Rosario,Municipio,Rosario,820210,Servicio de Catastro e Información Territorial,IGN
2013,919,2013-07-20,Sabado,0.0,21:30:00,,0.0,1,,Mendoza Y Callao,2,0,1,0,1,0,0,,Calle,,ROSARIO,Rosario,Asfalto,S/D,II,Dentro,Urbana,S/D,S/D,Intersección,S/D,S/D,S/D,S/D,S/D,S/D,S/D,S/D,S/D,Cordón divisorio,S/D,POINT (-60.6614022 -32.947621100000006),"['Mendoza', 'Callao']",2,Mendoza; Callao,-32.947621100000006,-60.6614022,55.0,538.0,Municipio Rosario,Municipio,Rosario,820210,Servicio de Catastro e Información Territorial,IGN
2013,920,2013-07-01,Lunes,0.0,12:05:00,,0.0,2,"Moto/Ciclomotor,Automóvil",Godoy Cruz 5200,2,2,0,0,0,0,0,,Avenida,,ROSARIO,Rosario,Asfalto,No existe,II,Dentro,Urbana,Ninguna,No existe,Intersección,Otro,S/D,S/D,Otro,Lateral,S/D,Colisión,Otro,Faltante,Ninguna,Sin restricción,"-32.8920533, -60.7065149",['Godoy Cruz 5200'],1,Godoy Cruz 5200,-32.8920533,-60.7065149,55.0,538.0,Municipio Rosario,Municipio,Rosario,820210,Servicio de Catastro e Información Territorial,IGN
2013,922,2013-07-20,Sabado,0.0,21:30:00,,0.0,2,"Automóvil,Moto/Ciclomotor",Mendoza Y Callao,2,0,1,0,1,0,0,,Calle,,ROSARIO,Rosario,Asfalto,S/D,II,Dentro,Urbana,S/D,S/D,Intersección,S/D,S/D,S/D,S/D,S/D,S/D,S/D,S/D,S/D,Cordón divisorio,S/D,POINT (-60.6614022 -32.947621100000006),"['Mendoza', 'Callao']",2,Mendoza; Callao,-32.947621100000006,-60.6614022,55.0,538.0,Municipio Rosario,Municipio,Rosario,820210,Servicio de Catastro e Información Territorial,IGN
2013,952,2013-07-02,Martes,0.0,18:40:00,,0.0,2,"Automóvil,Moto/Ciclomotor",Peru Y San Lorenzo,2,1,0,0,1,0,0,,Calle,,ROSARIO,Rosario,Asfalto,No existe,II,Dentro,Urbana,Ninguna,No existe,Intersección,Bueno,Buena,Atardecer,Buen Tiempo,Lateral,S/D,Colisión,Otro,Vertical,Cordón divisorio,Sin restricción,POINT (-60.711685300000006 -32.9344755),"['Peru', 'San Lorenzo']",2,Perú; San Lorenzo,-32.9344755,-60.711685300000006,55.0,538.0,Municipio Rosario,Municipio,Rosario,820210,Servicio de Catastro e Información Territorial,IGN
2013,957,2013-07-20,Sabado,0.0,10:20:00,,0.0,2,"Automóvil,Automóvil",Santiago Y 9 De Julio,3,1,0,0,2,0,0,,Calle,,ROSARIO,Rosario,Asfalto,S/D,II,Dentro,Urbana,S/D,S/D,Intersección,S/D,S/D,S/D,S/D,S/D,S/D,Colisión,S/D,S/D,Cordón divisorio,S/D,POINT (-60.6578907 -32.950669299999994),"['Santiago', '9 de Julio']",2,Santiago; 9 de Julio,-32.950669299999994,-60.6578907,55.0,538.0,Municipio Rosario,Municipio,Rosario,820210,Servicio de Catastro e Información Territorial,IGN
2013,959,2013-07-02,Martes,0.0,18:00:00,,0.0,2,"Bicicleta,Automóvil",Guatemala Y Zuviria,2,1,0,0,1,0,0,,Calle,,ROSARIO,Rosario,Asfalto,No existe,II,Dentro,Urbana,Ninguna,No existe,Intersección,Bueno,Buena,Atardecer,Buen Tiempo,Lateral,S/D,Atropello,Otro,Vertical,Cordón divisorio,Sin restricción,POINT (-60.7174207 -32.93708530000001),"['Guatemala', 'Zuviría']",2,Guatemala; Juez José María Zuviría,-32.93708530000001,-60.7174207,55.0,538.0,Municipio Rosario,Municipio,Rosario,820210,Servicio de Catastro e Información Territorial,IGN
2013,961,2013-07-05,Viernes,0.0,08:05:00,,0.0,2,"Automóvil,Moto/Ciclomotor",Av. Provincias Unidas Y Montevideo,2,1,0,0,1,0,0,,Avenida,,ROSARIO,Rosario,Asfalto,No existe,II,Dentro,Urbana,Semáforo,Funciona,Intersección,Bueno,Buena,Amanecer,Buen Tiempo,Lateral,S/D,Colisión,Otro,Horizontal,Ninguna,Sin restricción,POINT (-60.71230545 -32.9474568),"['Avenida Provincias Unidas', 'Montevideo']",2,Avenida Provincias Unidas; Montevideo,-32.9474568,-60.71230545,55.0,538.0,Municipio Rosario,Municipio,Rosario,820210,Servicio de Catastro e Información Territorial,IGN
2013,963,2013-07-22,Lunes,0.0,,,0.0,2,"Automóvil,Automóvil",Vera Mujica Y Mendoza,4,1,0,0,3,0,0,,Calle,,ROSARIO,Rosario,Asfalto,S/D,II,Dentro,Urbana,S/D,S/D,Intersección,S/D,S/D,S/D,S/D,S/D,S/D,Colisión,S/D,S/D,Cordón divisorio,S/D,POINT (-60.66819559999999 -32.946412599999995),"['Vera Mujíca', 'Mendoza']",2,Vera Mujíca; Mendoza,-32.946412599999995,-60.66819559999999,55.0,538.0,Municipio Rosario,Municipio,Rosario,820210,Servicio de Catastro e Información Territorial,IGN
2013,964,2013-07-08,Lunes,0.0,07:35:00,,0.0,2,"Moto/Ciclomotor,Automóvil",Av. Provincias Unidas Y Riobamba,3,2,0,0,1,0,0,,Avenida,,ROSARIO,Rosario,Asfalto,No existe,II,Dentro,Urbana,Ninguna,No existe,Intersección,Bueno,Buena,Amanecer,Buen Tiempo,Lateral,S/D,Colisión,S/D,Vertical,Cordón divisorio,Sin restricción,POINT (-60.712006800000005 -32.954541049999996),"['Avenida Provincias Unidas', 'Riobamba']",2,Avenida Provincias Unidas; Riobamba,-32.95454105,-60.712006800000005,55.0,538.0,Municipio Rosario,Municipio,Rosario,820210,Servicio de Catastro e Información Territorial,IGN
2013,965,2013-04-22,Lunes,0.0,11:30:00,,0.0,2,"Pickup/Utilitario,Peatón",Av. Francia Y Av. Pellegrini,2,1,0,0,1,0,0,,Avenida,,ROSARIO,Rosario,Asfalto,S/D,II,Dentro,Urbana,S/D,S/D,Intersección,S/D,S/D,S/D,S/D,S/D,S/D,Colisión,S/D,S/D,Cordón divisorio,S/D,POINT (-60.668265950000006 -32.95238069999999),"['Avenida Francia', 'Pellegrini']",2,Avenida Francia; Avenida Carlos Pellegrini,-32.95238069999999,-60.668265950000006,55.0,538.0,Municipio Rosario,Municipio,Rosario,820210,Servicio de Catastro e Información Territorial,IGN
2013,969,2013-07-21,Domingo,0.0,06:30:00,,0.0,2,"Automóvil,Taxi/Remis",San Juan Y Valparaiso,3,1,0,0,2,0,0,,Calle,,ROSARIO,Rosario,Asfalto,S/D,II,Dentro,Urbana,S/D,S/D,Intersección,S/D,S/D,S/D,S/D,S/D,S/D,Colisión,S/D,S/D,Cordón divisorio,S/D,POINT (-60.68277400000001 -32.9423643),"['San Juan', 'Valparaíso']",2,San Juan; Valparaíso,-32.9423643,-60.68277400000001,55.0,538.0,Municipio Rosario,Municipio,Rosario,820210,Servicio de Catastro e Información Territorial,IGN
2013,970,2013-07-08,Lunes,0.0,08:10:00,,0.0,2,"Automóvil,Moto/Ciclomotor",Viamonte Y Matienzo,2,1,0,0,1,0,0,,Calle,,ROSARIO,Rosario,Asfalto,S/D,II,Dentro,Urbana,Ninguna,No existe,Intersección,Bueno,Buena,Diurna,Buen Tiempo,Lateral,S/D,Colisión,Otro,Vertical,Cordón divisorio,Sin restricción,POINT (-60.69405960000001 -32.956452999999996),"['Viamonte', 'Matienzo']",2,Viamonte; Benjamín Matienzo,-32.956453,-60.69405960000001,55.0,538.0,Municipio Rosario,Municipio,Rosario,820210,Servicio de Catastro e Información Territorial,IGN
2013,971,2013-07-08,Lunes,0.0,18:30:00,,0.0,2,"Moto/Ciclomotor,Automóvil",Pje. Hudson Y Mejico,2,1,0,0,1,0,0,,Calle,,ROSARIO,Rosario,Asfalto,No existe,II,Dentro,Urbana,Ninguna,No existe,Intersección,Bueno,Buena,Atardecer,Buen Tiempo,Lateral,S/D,Colisión,Otro,Vertical,Cordón divisorio,Sin restricción,POINT (-60.718155200000005 -32.9463526),"['Hudson', 'Mejico']",2,Hudson; Méjico,-32.9463526,-60.718155200000005,55.0,538.0,Municipio Rosario,Municipio,Rosario,820210,Servicio de Catastro e Información Territorial,IGN
2013,972,2013-07-21,Domingo,0.0,22:00:00,,0.0,2,"Automóvil,Moto/Ciclomotor",Mendoza Y Vera Mujica,2,0,1,0,1,0,0,,Calle,,ROSARIO,Rosario,Asfalto,S/D,II,Dentro,Urbana,S/D,S/D,Intersección,S/D,S/D,S/D,S/D,S/D,S/D,Colisión,S/D,S/D,Cordón divisorio,S/D,POINT (-60.66819559999999 -32.946412599999995),"['Mendoza', 'Vera Mujíca']",2,Mendoza; Vera Mujíca,-32.946412599999995,-60.66819559999999,55.0,538.0,Municipio Rosario,Municipio,Rosario,820210,Servicio de Catastro e Información Territorial,IGN
2013,973,2013-07-08,Lunes,0.0,19:30:00,,0.0,2,"Automóvil,Moto/Ciclomotor",Baigorria Y Oriente,2,1,0,0,1,0,0,,Calle,,ROSARIO,Rosario,Asfalto,No existe,II,Dentro,Urbana,Ninguna,No existe,Intersección,Bueno,Buena,Nocturna,Buen Tiempo,De alcance,S/D,Colisión,S/D,Faltante,S/D,S/D,POINT (-60.7106519 -32.8937321),"['Baigorria', 'Oriente']",2,Baigorria; Oriente,-32.8937321,-60.7106519,55.0,538.0,Municipio Rosario,Municipio,Rosario,820210,Servicio de Catastro e Información Territorial,IGN
2013,974,2013-07-11,Jueves,0.0,14:20:00,,0.0,2,"Automóvil,Automóvil",Av. Provincias Unidas Y San Lorenzo,4,4,0,0,0,0,0,,Avenida,,ROSARIO,Rosario,Asfalto,No existe,II,Dentro,Urbana,Semáforo,Funciona,Intersección,Bueno,Buena,Diurna,Lluvia,Lateral,S/D,Colisión,Agua,Horizontal,Cordón divisorio,Sin restricción,POINT (-60.71288325 -32.934510450000005),"['Avenida Provincias Unidas', 'San Lorenzo']",2,Avenida Provincias Unidas; San Lorenzo,-32.934510450000005,-60.71288325,55.0,538.0,Municipio Rosario,Municipio,Rosario,820210,Servicio de Catastro e Información Territorial,IGN
2013,975,2013-07-21,Domingo,0.0,09:30:00,,0.0,1,Moto/Ciclomotor,Lavalle Y E.Zeballos,3,2,0,0,1,0,0,,Calle,,ROSARIO,Rosario,Asfalto,S/D,II,Dentro,Urbana,S/D,S/D,Intersección,S/D,S/D,S/D,S/D,S/D,S/D,Colisión,S/D,S/D,Cordón divisorio,S/D,POINT (-60.6799243 -32.94792209999999),"['Lavalle', 'Zeballos']",2,Lavalle; Zeballos,-32.94792209999999,-60.6799243,55.0,538.0,Municipio Rosario,Municipio,Rosario,820210,Servicio de Catastro e Información Territorial,IGN
2013,977,2013-07-22,Lunes,0.0,15:00:00,,0.0,2,"Automóvil,Moto/Ciclomotor",Lima Y Montevideo,3,2,0,0,1,0,0,,Calle,,ROSARIO,Rosario,Asfalto,S/D,II,Dentro,Urbana,S/D,S/D,Intersección,S/D,S/D,S/D,S/D,S/D,S/D,Colisión,S/D,S/D,Cordón divisorio,S/D,POINT (-60.685678900000006 -32.9480955),"['Lima', 'Montevideo']",2,Lima; Montevideo,-32.9480955,-60.685678900000006,55.0,538.0,Municipio Rosario,Municipio,Rosario,820210,Servicio de Catastro e Información Territorial,IGN
2013,978,2013-07-10,Miercoles,0.0,12:00:00,,0.0,2,"Automóvil,Moto/Ciclomotor",La Paz Y P.L.Funes,2,1,0,0,1,0,0,,Calle,,ROSARIO,Rosario,Asfalto,No existe,II,Dentro,Urbana,Ninguna,No existe,Intersección,Bueno,Reducida,Diurna,Lluvia,Lateral,S/D,Colisión,Agua,Vertical,Cordón divisorio,Sin restricción,POINT (-60.70055920000001 -32.95542410000001),"['La Paz', 'Funes']",2,La Paz; Deán Gregorio Funes,-32.95542410000001,-60.70055920000001,55.0,538.0,Municipio Rosario,Municipio,Rosario,820210,Servicio de Catastro e Información Territorial,IGN
2013,979,2013-07-09,Martes,0.0,13:30:00,,0.0,2,"Automóvil,Moto/Ciclomotor",MOLINA Y PEDRIEL,2,1,0,0,1,0,0,,Calle,,ROSARIO,Rosario,Asfalto,No existe,II,Dentro,Urbana,S/D,No existe,Intersección,Bueno,Buena,Diurna,Buen Tiempo,Lateral,S/D,Colisión,S/D,Faltante,S/D,S/D,POINT (-60.70466710000001 -32.89466139999999),"['Molina', 'Perdriel']",2,Molina; Perdriel,-32.89466139999999,-60.70466710000001,55.0,538.0,Municipio Rosario,Municipio,Rosario,820210,Servicio de Catastro e Información Territorial,IGN
2013,980,2013-07-22,Lunes,0.0,,,0.0,2,"Automóvil,Automóvil",9 De Julio Y Alsina,4,2,0,0,2,0,0,,Calle,,ROSARIO,Rosario,Asfalto,S/D,II,Dentro,Urbana,S/D,S/D,Intersección,S/D,S/D,S/D,S/D,S/D,S/D,S/D,S/D,S/D,Cordón divisorio,S/D,POINT (-60.6782616 -32.9469818),"['9 de Julio', 'Alsina']",2,9 de Julio; Alsina,-32.9469818,-60.6782616,55.0,538.0,Municipio Rosario,Municipio,Rosario,820210,Servicio de Catastro e Información Territorial,IGN
2013,981,2013-07-23,Martes,0.0,12:10:00,,0.0,2,"Moto/Ciclomotor,Automóvil",Av. Ovidio Lagos Y San Luis,2,1,0,0,1,0,0,,Calle,,ROSARIO,Rosario,Asfalto,S/D,II,Dentro,Urbana,S/D,S/D,Intersección,S/D,S/D,S/D,S/D,S/D,S/D,Colisión,S/D,S/D,Cordón divisorio,S/D,POINT (-60.6621155 -32.9448915),"['Avenida Ovidio Lagos', 'San Luis']",2,Avenida Ovidio Lagos; San Luis,-32.9448915,-60.6621155,55.0,538.0,Municipio Rosario,Municipio,Rosario,820210,Servicio de Catastro e Información Territorial,IGN
2013,982,2013-07-11,Jueves,0.0,18:30:00,,0.0,1,Moto/Ciclomotor,Blomberg Y Mocoreta,1,0,0,0,0,0,1,,Calle,,ROSARIO,Rosario,Asfalto,S/D,II,S/D,Urbana,Ninguna,No existe,Recta,Resbaladiza,Buena,Atardecer,Lluvia,Contra objeto fijo,S/D,Despiste,Agua,Faltante,S/D,Sin restricción,POINT (-60.719596700000004 -32.8863461),"['Blomberg', 'Mocoretá']",2,Blomberg; Mocoretá,-32.8863461,-60.7195967,55.0,538.0,Municipio Rosario,Municipio,Rosario,820210,Servicio de Catastro e Información Territorial,IGN
2013,984,2013-07-22,Lunes,0.0,09:40:00,,0.0,2,"Transporte de Pasajeros Larga Distancia (> 8 asientos),Moto/Ciclomotor",Bv. Avellaneda Y Cordoba,2,1,0,0,1,0,0,,Avenida,,ROSARIO,Rosario,Asfalto,S/D,II,Dentro,Urbana,S/D,S/D,Intersección,S/D,S/D,S/D,S/D,S/D,S/D,Colisión,S/D,S/D,Cordón divisorio,S/D,POINT (-60.67916835 -32.939088049999995),"['Avellaneda', 'Córdoba']",2,Bulevar Nicolás Avellaneda; Córdoba,-32.939088049999995,-60.67916835,55.0,538.0,Municipio Rosario,Municipio,Rosario,820210,Servicio de Catastro e Información Territorial,IGN
2013,985,2013-07-24,Miercoles,0.0,,,0.0,3,"Moto/Ciclomotor,Pickup/Utilitario,Pickup/Utilitario",Cordoba Y Bv. Avellaneda,3,1,0,0,2,0,0,,Avenida,,ROSARIO,Rosario,Asfalto,S/D,II,Dentro,Urbana,S/D,S/D,Intersección,S/D,S/D,S/D,S/D,S/D,S/D,Colisión,S/D,S/D,S/D,S/D,POINT (-60.67916835 -32.939088049999995),"['Córdoba', 'Avellaneda']",2,Córdoba; Bulevar Nicolás Avellaneda,-32.939088049999995,-60.67916835,55.0,538.0,Municipio Rosario,Municipio,Rosario,820210,Servicio de Catastro e Información Territorial,IGN
2013,987,2013-07-23,Martes,0.0,,,0.0,1,Bicicleta,San Juan Y San Nicolas,2,1,0,0,1,0,0,,Calle,,ROSARIO,Rosario,Asfalto,S/D,II,Dentro,Urbana,S/D,S/D,Intersección,S/D,S/D,S/D,S/D,S/D,S/D,Atropello,S/D,S/D,S/D,S/D,POINT (-60.6732647 -32.944049),"['San Juan', 'San Nicolás']",2,San Juan; San Nicolás,-32.944049,-60.6732647,55.0,538.0,Municipio Rosario,Municipio,Rosario,820210,Servicio de Catastro e Información Territorial,IGN
2013,991,2013-07-01,Lunes,0.0,10:30:00,,0.0,2,"Automóvil,Automóvil",9 De Julio Y Cafferata,2,1,0,0,1,0,0,,Calle,,ROSARIO,Rosario,Asfalto,S/D,II,Dentro,Urbana,S/D,S/D,Intersección,S/D,S/D,S/D,S/D,S/D,S/D,Colisión,S/D,S/D,S/D,S/D,POINT (-60.672821500000005 -32.9479728),"['9 de Julio', 'Cafferata']",2,9 de Julio; Cafferata,-32.9479728,-60.672821500000005,55.0,538.0,Municipio Rosario,Municipio,Rosario,820210,Servicio de Catastro e Información Territorial,IGN
2013,992,2013-07-01,Lunes,0.0,11:00:00,,0.0,2,"Transporte de Pasajeros Urbano (> 8 asientos),Moto/Ciclomotor",9 De Julio Y Pascual Rosas,2,1,0,0,1,0,0,,Calle,,ROSARIO,Rosario,Asfalto,S/D,II,Dentro,Urbana,S/D,S/D,Intersección,S/D,S/D,S/D,S/D,S/D,S/D,Colisión,S/D,S/D,S/D,S/D,POINT (-60.68777450000001 -32.94530619999999),"['9 de Julio', 'Pascual Rosas']",2,9 de Julio; Pascual Rosas,-32.94530619999999,-60.68777450000001,55.0,538.0,Municipio Rosario,Municipio,Rosario,820210,Servicio de Catastro e Información Territorial,IGN
2013,1015,2013-07-10,Miercoles,0.0,00:45:00,,0.0,2,"Automóvil,Moto/Ciclomotor",Av. Provincias Unidas Y Riobamba,2,1,0,0,1,0,0,,Avenida,,ROSARIO,Rosario,Asfalto,No existe,II,Dentro,Urbana,Ninguna,No existe,Intersección,Bueno,Buena,"Nocturna,Con luz artificial",Lluvia,Lateral,S/D,Colisión,Agua,Vertical,Cordón divisorio,Sin restricción,POINT (-60.712006800000005 -32.954541049999996),"['Avenida Provincias Unidas', 'Riobamba']",2,Avenida Provincias Unidas; Riobamba,-32.95454105,-60.712006800000005,55.0,538.0,Municipio Rosario,Municipio,Rosario,820210,Servicio de Catastro e Información Territorial,IGN
2013,1016,2013-07-06,Sabado,0.0,14:00:00,,0.0,2,"Moto/Ciclomotor,Automóvil",Matienzo Y San Lorenzo,2,1,0,0,1,0,0,,Calle,,ROSARIO,Rosario,Asfalto,No existe,II,Dentro,Urbana,Ninguna,No existe,Intersección,Bueno,Buena,Diurna,Buen Tiempo,Lateral,S/D,Colisión,Otro,Vertical,Ninguna,Sin restricción,POINT (-60.6948999 -32.9340297),"['Matienzo', 'San Lorenzo']",2,Benjamín Matienzo; San Lorenzo,-32.9340297,-60.6948999,55.0,538.0,Municipio Rosario,Municipio,Rosario,820210,Servicio de Catastro e Información Territorial,IGN
2013,1018,2013-07-02,Martes,0.0,18:50:00,,0.0,2,"Moto/Ciclomotor,Automóvil",Av. Pellegrini Y Crespo,3,1,0,0,2,0,0,,Avenida,,ROSARIO,Rosario,Asfalto,S/D,II,Dentro,Urbana,S/D,S/D,Intersección,S/D,S/D,Atardecer,S/D,S/D,S/D,Colisión,S/D,S/D,Cordón divisorio,S/D,POINT (-60.670978700000006 -32.951893749999996),"['Pellegrini', 'Crespo']",2,Avenida Carlos Pellegrini; Crespo,-32.95189375,-60.670978700000006,55.0,538.0,Municipio Rosario,Municipio,Rosario,820210,Servicio de Catastro e Información Territorial,IGN