anio_acci,nro_acci,fecha,desc_dia,fecha_aprox,hora_aprox,desc_ruta,km,cant_participantes,desc_participante,calle_avenida_km,total,heridos_leves,heridos_graves,heridos_gravisimos,ilesos,fallecidos,sin_datos,posicion_XY,desc_tipo_via,desc_ruta_ori,desc_loc,desc_dpto,desc_tipo_calzada,desc_tipo_banquina,desc_unidad_regional,desc_lugar_calzada,desc_zona,desc_prioridad,desc_estado_semaforo,desc_lugar_via,desc_estado_via,desc_estado_visibilidad,desc_luminosidad,desc_estado_clima,desc_tipo_colision,desc_tipo_atropello,desc_tipo_hecho,desc_pres_calzada,desc_senializacion,desc_separacion_via,desc_restriccion,forma_geocod,calle_lista,numero_calles,calles_osm,lat,lon,index_right,gid,fna,gna,nam,in1,fdc,sag
2013,1019,2013-07-12,Viernes,0.0,00:15:00,,0.0,2,"Automóvil,Moto/Ciclomotor",Av. Pellegrini Y Av. Provincias Unidas,3,1,0,0,2,0,0,,Avenida,,ROSARIO,Rosario,Asfalto,No existe,II,Dentro,Urbana,Marca Vial,Funciona,Intersección,Bueno,Buena,"Nocturna,Con luz artificial",Buen Tiempo,Lateral,S/D,Colisión,Otro,Horizontal,Cordón divisorio,Sin restricción,POINT (-60.71226145 -32.948578),"['Pellegrini', 'Avenida Provincias Unidas']",2,Avenida Carlos Pellegrini; Avenida Provincias Unidas,-32.948578,-60.71226145,55.0,538.0,Municipio Rosario,Municipio,Rosario,820210,Servicio de Catastro e Información Territorial,IGN
2013,1020,2013-07-25,Jueves,0.0,,,0.0,2,"Moto/Ciclomotor,Automóvil",San Juan Y Bv. Avellaneda,2,1,0,0,1,0,0,,Avenida,,ROSARIO,Rosario,Asfalto,S/D,II,Dentro,Urbana,S/D,S/D,Intersección,S/D,S/D,S/D,S/D,Otro,S/D,Colisión,S/D,S/D,Cordón divisorio,S/D,POINT (-60.680076299999996 -32.94284435),"['San Juan', 'Avellaneda']",2,San Juan; Bulevar Nicolás Avellaneda,-32.94284435,-60.6800763,55.0,538.0,Municipio Rosario,Municipio,Rosario,820210,Servicio de Catastro e Información Territorial,IGN
2013,1022,2013-07-23,Martes,0.0,,,0.0,2,"Bicicleta,Automóvil",Callao Y Mendoza,2,1,0,0,1,0,0,,Calle,,ROSARIO,Rosario,Asfalto,S/D,II,Dentro,Urbana,S/D,S/D,Intersección,S/D,S/D,S/D,S/D,S/D,S/D,Atropello,S/D,S/D,Cordón divisorio,S/D,POINT (-60.6614022 -32.947621100000006),"['Callao', 'Mendoza']",2,Callao; Mendoza,-32.947621100000006,-60.6614022,55.0,538.0,Municipio Rosario,Municipio,Rosario,820210,Servicio de Catastro e Información Territorial,IGN
2013,1023,2013-07-12,Viernes,0.0,09:40:00,,0.0,2,"Pickup/Utilitario,Moto/Ciclomotor",Marcos Paz Y Tte.Agneta,2,1,0,0,1,0,0,,Avenida,,ROSARIO,Rosario,Asfalto,No existe,II,Dentro,Urbana,Ninguna,No existe,Intersección,Bueno,Buena,Diurna,Buen Tiempo,Lateral,S/D,Colisión,Otro,Vertical,Cordón divisorio,Sin restricción,POINT (-60.69984650000001 -32.9387212),"['Marcos Paz', 'Teniente Agneta']",2,Marcos Paz; Teniente Agneta,-32.9387212,-60.69984650000001,55.0,538.0,Municipio Rosario,Municipio,Rosario,820210,Servicio de Catastro e Información Territorial,IGN
2013,1026,2013-07-25,Jueves,0.0,18:30:00,,0.0,2,"Peatón,Automóvil",Pueyrredon Y E.Zeballos,2,1,0,0,1,0,0,,Calle,,ROSARIO,Rosario,Asfalto,S/D,II,Dentro,Urbana,S/D,S/D,Intersección,S/D,S/D,S/D,S/D,S/D,S/D,Atropello,S/D,S/D,Cordón divisorio,S/D,POINT (-60.6595219 -32.95155700000002),"['Pueyrredón', 'Zeballos']",2,Pueyrredón; Zeballos,-32.95155700000002,-60.6595219,55.0,538.0,Municipio Rosario,Municipio,Rosario,820210,Servicio de Catastro e Información Territorial,IGN
2013,1028,2013-07-12,Viernes,0.0,15:30:00,,0.0,2,"Automóvil,Moto/Ciclomotor",Mendoza Y Campbell,3,1,0,0,2,0,0,,Calle,,ROSARIO,Rosario,Asfalto,No existe,II,Dentro,Urbana,Semáforo,Funciona,Intersección,Bueno,Buena,Diurna,Buen Tiempo,Lateral,S/D,Colisión,Otro,Horizontal,Cordón divisorio,Sin restricción,POINT (-60.707938850000005 -32.940105),"['Mendoza', 'Campbell']",2,Mendoza; Campbell,-32.940105,-60.707938850000005,55.0,538.0,Municipio Rosario,Municipio,Rosario,820210,Servicio de Catastro e Información Territorial,IGN
2013,1030,2013-07-12,Viernes,0.0,20:00:00,,0.0,2,"Taxi/Remis,Moto/Ciclomotor",Av. Pellegrini Y F.More,3,1,0,0,2,0,0,,Avenida,,ROSARIO,Rosario,Asfalto,No existe,II,Dentro,Urbana,Semáforo,Funciona,Intersección,Bueno,Buena,"Nocturna,Con luz artificial",Buen Tiempo,Lateral,S/D,Colisión,Otro,Horizontal,Cordón divisorio,Sin restricción,POINT (-60.69342855000001 -32.94809525),"['Pellegrini', 'Felipe Moré']",2,Avenida Carlos Pellegrini; Felipe Moré,-32.94809525,-60.69342855000001,55.0,538.0,Municipio Rosario,Municipio,Rosario,820210,Servicio de Catastro e Información Territorial,IGN
2013,1041,2013-07-13,Sabado,0.0,18:00:00,,0.0,2,"Automóvil,Automóvil",Av. Pellegrini Y F.More,2,1,0,0,1,0,0,,Avenida,,ROSARIO,Rosario,Asfalto,No existe,II,Dentro,Urbana,Semáforo,Funciona,Intersección,Bueno,Buena,Atardecer,Buen Tiempo,Lateral,S/D,Colisión,Otro,Horizontal,Cordón divisorio,Sin restricción,POINT (-60.69342855000001 -32.94809525),"['Pellegrini', 'Felipe Moré']",2,Avenida Carlos Pellegrini; Felipe Moré,-32.94809525,-60.69342855000001,55.0,538.0,Municipio Rosario,Municipio,Rosario,820210,Servicio de Catastro e Información Territorial,IGN
2013,1042,2013-07-15,Lunes,0.0,13:30:00,,0.0,2,"Moto/Ciclomotor,Automóvil",ESTANISLAO LOPEZ Y MADRES DE PLAZA DE MAYO,3,2,0,0,1,0,0,,Avenida,,ROSARIO,Rosario,Asfalto,S/D,II,S/D,Urbana,Semáforo,S/D,Recta,Bueno,Buena,Diurna,Buen Tiempo,Lateral,S/D,Colisión,S/D,S/D,Cordón divisorio,Sin restricción,POINT (-60.6568173 -32.92762415),"['Estanislao López', 'Madres Plaza 25 de Mayo']",2,Autopista Brigadier Estanislao López; Madres Plaza 25 de Mayo,-32.92762415,-60.6568173,55.0,538.0,Municipio Rosario,Municipio,Rosario,820210,Servicio de Catastro e Información Territorial,IGN
2013,1043,2013-07-13,Sabado,0.0,21:00:00,,0.0,2,"Moto/Ciclomotor,Automóvil",Ecuador Y Perez Bulnes,2,1,0,0,1,0,0,,Calle,,ROSARIO,Rosario,Asfalto,No existe,II,Dentro,Urbana,Ninguna,No existe,Intersección,Bueno,Buena,"Nocturna,Con luz artificial",Buen Tiempo,Lateral,S/D,Colisión,Otro,Vertical,Cordón divisorio,Sin restricción,POINT (-60.7148832 -32.942529400000005),"['Ecuador', 'Pérez Bulnes']",2,Ecuador; Pérez Bulnes,-32.942529400000005,-60.7148832,55.0,538.0,Municipio Rosario,Municipio,Rosario,820210,Servicio de Catastro e Información Territorial,IGN
2013,1044,2013-07-16,Martes,0.0,18:30:00,,0.0,1,Moto/Ciclomotor,Velez Sarsfield 200,1,1,0,0,0,0,0,,Calle,,ROSARIO,Rosario,Asfalto,S/D,II,Fuera,Urbana,Semáforo,S/D,Recta,Bueno,Buena,S/D,Buen Tiempo,S/D,S/D,"Caída ocupante,Vuelco",Agua,S/D,Cordón divisorio,Sin restricción,"-32.9246088, -60.6655993",['Velez Sarsfield 200'],1,Velez Sarsfield 200,-32.9246088,-60.6655993,55.0,538.0,Municipio Rosario,Municipio,Rosario,820210,Servicio de Catastro e Información Territorial,IGN
2013,1045,2013-07-16,Martes,0.0,15:45:00,,0.0,1,Automóvil,ESTANISLAO LOPEZ Y MADRES DE PLAZA DE MAYO,2,2,0,0,0,0,0,,Avenida,,ROSARIO,Rosario,Asfalto,No existe,II,Dentro,Urbana,Semáforo,Funciona,Recta,Bueno,Buena,Diurna,Buen Tiempo,De alcance,S/D,Despeñamiento,S/D,S/D,Cordón divisorio,Sin restricción,POINT (-60.6568173 -32.92762415),"['Estanislao López', 'Madres Plaza 25 de Mayo']",2,Autopista Brigadier Estanislao López; Madres Plaza 25 de Mayo,-32.92762415,-60.6568173,55.0,538.0,Municipio Rosario,Municipio,Rosario,820210,Servicio de Catastro e Información Territorial,IGN
2013,1046,2013-07-13,Sabado,0.0,05:30:00,,0.0,2,"Automóvil,Automóvil",Av. Eva Peron Y Solis,2,1,0,0,1,0,0,,Avenida,,ROSARIO,Rosario,Asfalto,No existe,II,Dentro,Urbana,Semáforo,Funciona,Intersección,Bueno,Buena,Amanecer,Buen Tiempo,Lateral,S/D,Colisión,S/D,Horizontal,Cordón divisorio,Sin restricción,POINT (-60.70364185 -32.93467735),"['Avenida Eva Perón', 'Solis']",2,Avenida Eva Perón; Juan Díaz de Solís,-32.93467735,-60.70364185,55.0,538.0,Municipio Rosario,Municipio,Rosario,820210,Servicio de Catastro e Información Territorial,IGN
2013,1047,2013-07-14,Domingo,0.0,19:30:00,,0.0,2,"Automóvil,Moto/Ciclomotor",Montevideo Y F.More,2,1,0,0,1,0,0,,Calle,,ROSARIO,Rosario,Asfalto,No existe,II,Dentro,Urbana,Ninguna,No existe,Intersección,Bueno,Buena,Atardecer,Buen Tiempo,Lateral,S/D,Colisión,Otro,Vertical,Cordón divisorio,Sin restricción,POINT (-60.69347770000001 -32.94695349999999),"['Montevideo', 'Felipe Moré']",2,Montevideo; Felipe Moré,-32.94695349999999,-60.69347770000001,55.0,538.0,Municipio Rosario,Municipio,Rosario,820210,Servicio de Catastro e Información Territorial,IGN
2013,1048,2013-07-15,Lunes,0.0,14:40:00,,0.0,1,Transporte de Pasajeros Urbano (> 8 asientos),FAMATINA Y HUMBERTI 1°,1,1,0,0,0,0,0,,Calle,,ROSARIO,Rosario,Asfalto,No existe,II,Dentro,Urbana,S/D,S/D,Recta,Deteriorada,Buena,Diurna,Buen Tiempo,De alcance,S/D,Colisión,S/D,S/D,Cordón divisorio,Sin restricción,POINT (-60.681057900000006 -32.9295988),"['Famatina', 'Humberto Primero']",2,Famatina; Humberto Primero,-32.9295988,-60.681057900000006,55.0,538.0,Municipio Rosario,Municipio,Rosario,820210,Servicio de Catastro e Información Territorial,IGN
2013,1049,2013-07-26,Viernes,0.0,,,0.0,2,"Automóvil,Bicicleta",Bv. Avellaneda Y San Luis,2,1,0,0,1,0,0,,Avenida,,ROSARIO,Rosario,Asfalto,S/D,II,Dentro,Urbana,S/D,S/D,Intersección,S/D,S/D,S/D,S/D,S/D,S/D,Atropello,S/D,S/D,Cordón divisorio,S/D,POINT (-60.6798066 -32.9417232),"['Avellaneda', 'San Luis']",2,Bulevar Nicolás Avellaneda; San Luis,-32.9417232,-60.6798066,55.0,538.0,Municipio Rosario,Municipio,Rosario,820210,Servicio de Catastro e Información Territorial,IGN
2013,1050,2013-07-13,Sabado,0.0,19:00:00,,0.0,2,"Moto/Ciclomotor,Automóvil",Montevideo Y Roullon,2,1,0,0,1,0,0,,Calle,,ROSARIO,Rosario,Asfalto,No existe,II,Dentro,Urbana,Ninguna,No existe,Intersección,Bueno,Buena,Atardecer,Buen Tiempo,Lateral,S/D,Colisión,Otro,Vertical,Cordón divisorio,Sin restricción,POINT (-60.701961499999996 -32.9471749),"['Montevideo', 'Alfredo Rouillón']",2,Montevideo; Alfredo Rouillón,-32.9471749,-60.7019615,55.0,538.0,Municipio Rosario,Municipio,Rosario,820210,Servicio de Catastro e Información Territorial,IGN
2013,1051,2013-07-01,Lunes,0.0,19:00:00,,0.0,2,"Taxi/Remis,Peatón",Callao Y Urquiza,2,1,0,0,1,0,0,,Calle,,ROSARIO,Rosario,Asfalto,No existe,II,S/D,Urbana,Ninguna,No existe,Recta,Bueno,Buena,Atardecer,Buen Tiempo,Otro,S/D,Atropello,Otro,Faltante,Ninguna,Obra en Construcción,POINT (-60.65924820000001 -32.93904169999998),"['Callao', 'Urquiza']",2,Callao; Justo José de Urquiza,-32.93904169999998,-60.65924820000001,55.0,538.0,Municipio Rosario,Municipio,Rosario,820210,Servicio de Catastro e Información Territorial,IGN
2013,1053,2013-07-13,Sabado,0.0,20:40:00,,0.0,2,"Pickup/Utilitario,Pickup/Utilitario",Servando Bayo Y 3 De Febrero,2,1,0,0,1,0,0,,Calle,,ROSARIO,Rosario,Asfalto,S/D,II,Dentro,Urbana,S/D,S/D,Intersección,S/D,S/D,S/D,S/D,S/D,S/D,Colisión,S/D,S/D,Cordón divisorio,S/D,POINT (-60.6861593 -32.94447589999999),"['Servando Bayo', '3 de Febrero']",2,Servando Bayo; 3 de Febrero,-32.94447589999999,-60.6861593,55.0,538.0,Municipio Rosario,Municipio,Rosario,820210,Servicio de Catastro e Información Territorial,IGN
2013,1054,2013-07-09,Martes,0.0,12:30:00,,0.0,2,"Taxi/Remis,Automóvil",Roullon Y Perez Bulnes,2,1,0,0,1,0,0,,Calle,,ROSARIO,Rosario,Asfalto,No existe,II,Dentro,Urbana,Ninguna,No existe,Intersección,Bueno,Buena,Diurna,Lluvia,Lateral,S/D,Colisión,Agua,Vertical,Cordón divisorio,Sin restricción,POINT (-60.70219310000001 -32.9421526),"['Alfredo Rouillón', 'Pérez Bulnes']",2,Alfredo Rouillón; Pérez Bulnes,-32.9421526,-60.70219310000001,55.0,538.0,Municipio Rosario,Municipio,Rosario,820210,Servicio de Catastro e Información Territorial,IGN
2013,1055,2013-07-14,Domingo,0.0,05:55:00,,0.0,2,"Automóvil,Moto/Ciclomotor",Mendoza Y Rodriguez,3,1,0,0,1,0,1,,Calle,,ROSARIO,Rosario,Asfalto,S/D,II,Dentro,Urbana,S/D,S/D,Intersección,S/D,S/D,S/D,S/D,S/D,S/D,Colisión,S/D,S/D,Cordón divisorio,S/D,POINT (-60.6599916 -32.9478724),"['Mendoza', 'Rodríguez']",2,Mendoza; Rodríguez de Escobedo,-32.9478724,-60.6599916,55.0,538.0,Municipio Rosario,Municipio,Rosario,820210,Servicio de Catastro e Información Territorial,IGN
2013,1057,2013-07-10,Miercoles,0.0,23:30:00,,0.0,2,"Moto/Ciclomotor,Automóvil",Av. Eva Peron Y Roullon,3,2,0,0,1,0,0,,Avenida,,ROSARIO,Rosario,Asfalto,No existe,II,Dentro,Urbana,Marca Vial,No existe,Intersección,Bueno,Buena,"Nocturna,Con luz artificial",Buen Tiempo,Lateral,S/D,Colisión,Agua,Vertical,Cordón divisorio,Sin restricción,POINT (-60.702488200000005 -32.93484190000001),"['Avenida Eva Perón', 'Alfredo Rouillón']",2,Avenida Eva Perón; Alfredo Rouillón,-32.93484190000001,-60.702488200000005,55.0,538.0,Municipio Rosario,Municipio,Rosario,820210,Servicio de Catastro e Información Territorial,IGN
2013,1063,2013-07-15,Lunes,0.0,09:50:00,,0.0,2,"Automóvil,Automóvil",San Luis Y Alsina,2,1,0,0,1,0,0,,Calle,,ROSARIO,Rosario,Asfalto,S/D,II,Dentro,Urbana,S/D,S/D,Intersección,S/D,S/D,S/D,S/D,S/D,S/D,Colisión,S/D,S/D,S/D,S/D,POINT (-60.67705600000001 -32.9422069),"['San Luis', 'Alsina']",2,San Luis; Alsina,-32.9422069,-60.67705600000001,55.0,538.0,Municipio Rosario,Municipio,Rosario,820210,Servicio de Catastro e Información Territorial,IGN
2013,1067,2013-07-19,Viernes,0.0,21:20:00,,0.0,2,"Automóvil,Moto/Ciclomotor",Mendoza Y Fraga,2,1,0,0,1,0,0,,Calle,,ROSARIO,Rosario,Asfalto,No existe,II,Dentro,Urbana,Semáforo,Funciona,Intersección,Bueno,Buena,Nocturna,Buen Tiempo,Lateral,S/D,Colisión,S/D,Horizontal,Ninguna,Sin restricción,POINT (-60.7102314 -32.9401675),"['Mendoza', 'Fraga']",2,Mendoza; Rosendo María Fraga,-32.9401675,-60.7102314,55.0,538.0,Municipio Rosario,Municipio,Rosario,820210,Servicio de Catastro e Información Territorial,IGN
2013,1069,2013-07-26,Viernes,0.0,17:30:00,,0.0,2,"Moto/Ciclomotor,Automóvil",Av. Provincias Unidas Y Pasco,3,2,0,0,1,0,0,,Avenida,,ROSARIO,Rosario,Asfalto,No existe,II,Dentro,Urbana,Semáforo,Funciona,Intersección,Bueno,Buena,Diurna,Buen Tiempo,Lateral,S/D,Colisión,Otro,Horizontal,Ninguna,Sin restricción,POINT (-60.712149999999994 -32.9509506),"['Avenida Provincias Unidas', 'Pasco']",2,Avenida Provincias Unidas; Pasco,-32.9509506,-60.71215,55.0,538.0,Municipio Rosario,Municipio,Rosario,820210,Servicio de Catastro e Información Territorial,IGN
2013,1074,2013-07-28,Domingo,0.0,16:00:00,,0.0,2,"Moto/Ciclomotor,Moto/Ciclomotor",Marcos Paz Y Av. Provincias Unidas,3,1,0,0,2,0,0,,Avenida,,ROSARIO,Rosario,Asfalto,No existe,II,Dentro,Urbana,Semáforo,Funciona,Intersección,Bueno,Buena,Diurna,Buen Tiempo,Lateral,S/D,Colisión,Otro,Horizontal,Cordón divisorio,Sin restricción,POINT (-60.71267265 -32.93906135),"['Marcos Paz', 'Avenida Provincias Unidas']",2,Marcos Paz; Avenida Provincias Unidas,-32.93906135,-60.71267265,55.0,538.0,Municipio Rosario,Municipio,Rosario,820210,Servicio de Catastro e Información Territorial,IGN
2013,1076,2013-07-21,Domingo,0.0,,,0.0,2,"Automóvil,Automóvil",Av. Provincias Unidas Y San Lorenzo,2,1,0,0,0,0,1,,Avenida,,ROSARIO,Rosario,Asfalto,No existe,II,Dentro,Urbana,Semáforo,Funciona,Intersección,Bueno,Buena,"Nocturna,Con luz artificial",S/D,Frontal,S/D,Colisión,S/D,Horizontal,Cordón divisorio,Sin restricción,POINT (-60.71288325 -32.934510450000005),"['Avenida Provincias Unidas', 'San Lorenzo']",2,Avenida Provincias Unidas; San Lorenzo,-32.934510450000005,-60.71288325,55.0,538.0,Municipio Rosario,Municipio,Rosario,820210,Servicio de Catastro e Información Territorial,IGN
2013,1077,2013-07-01,Lunes,0.0,10:30:00,,0.0,2,"Automóvil,Automóvil",Cafferata Y 9 De Julio,2,1,0,0,1,0,0,,Calle,,ROSARIO,Rosario,Asfalto,S/D,II,Dentro,Urbana,S/D,S/D,Intersección,S/D,S/D,S/D,S/D,S/D,S/D,Colisión,S/D,S/D,S/D,S/D,POINT (-60.672821500000005 -32.9479728),"['Cafferata', '9 de Julio']",2,Cafferata; 9 de Julio,-32.9479728,-60.672821500000005,55.0,538.0,Municipio Rosario,Municipio,Rosario,820210,Servicio de Catastro e Información Territorial,IGN
2013,1080,2013-07-02,Martes,0.0,00:10:00,,0.0,2,"Taxi/Remis,Moto/Ciclomotor",San Lorenzo Y San Nicolas,2,1,0,0,1,0,0,,Calle,,ROSARIO,Rosario,Asfalto,No existe,II,S/D,Urbana,Ninguna,No existe,Recta,Bueno,Buena,Nocturna,Buen Tiempo,Otro,S/D,Colisión,Otro,Faltante,Ninguna,Sin restricción,POINT (-60.67174630000001 -32.9380145),"['San Lorenzo', 'San Nicolás']",2,San Lorenzo; San Nicolás,-32.9380145,-60.67174630000001,55.0,538.0,Municipio Rosario,Municipio,Rosario,820210,Servicio de Catastro e Información Territorial,IGN
2013,1082,2013-07-03,Miercoles,0.0,04:20:00,,0.0,2,"Automóvil,Taxi/Remis",Av. Ovidio Lagos Y Urquiza,2,1,0,0,1,0,0,,Avenida,,ROSARIO,Rosario,Asfalto,No existe,II,S/D,Urbana,Ninguna,No existe,Recta,Bueno,Buena,Nocturna,Buen Tiempo,Otro,S/D,Colisión,S/D,Faltante,Ninguna,Sin restricción,POINT (-60.660585299999994 -32.938803599999986),"['Avenida Ovidio Lagos', 'Urquiza']",2,Avenida Ovidio Lagos; Justo José de Urquiza,-32.938803599999986,-60.6605853,55.0,538.0,Municipio Rosario,Municipio,Rosario,820210,Servicio de Catastro e Información Territorial,IGN
2013,1085,2013-07-05,Viernes,0.0,09:35:00,,0.0,2,"Automóvil,Automóvil",Rivadavia Y Pueyrredon,2,1,0,0,1,0,0,,Avenida,,ROSARIO,Rosario,Asfalto,No existe,II,S/D,Urbana,Semáforo,Funciona,Recta,Bueno,Buena,Diurna,Buen Tiempo,Otro,S/D,Colisión,Otro,Horizontal,Ninguna,Sin restricción,POINT (-60.6544373 -32.9313581),"['Rivadavia', 'Pueyrredón']",2,"('Avenida Bernardino Rivadavia', 'Pueyrredón')",-32.9313581,-60.6544373,55.0,538.0,Municipio Rosario,Municipio,Rosario,820210,Servicio de Catastro e Información Territorial,IGN
2013,1107,2013-07-02,Martes,0.0,,,0.0,2,"Moto/Ciclomotor,Automóvil",Av. Pellegrini Y Lavalle,3,2,0,0,1,0,0,,Calle,,ROSARIO,Rosario,Asfalto,S/D,II,Dentro,Urbana,S/D,S/D,Intersección,S/D,S/D,S/D,S/D,S/D,S/D,Colisión,S/D,S/D,S/D,S/D,POINT (-60.68050055 -32.9501851),"['Pellegrini', 'Lavalle']",2,Avenida Carlos Pellegrini; Lavalle,-32.9501851,-60.68050055,55.0,538.0,Municipio Rosario,Municipio,Rosario,820210,Servicio de Catastro e Información Territorial,IGN
2013,1108,2013-01-02,Miercoles,0.0,,,0.0,2,"Moto/Ciclomotor,Pickup/Utilitario",Av. Ntra.Sra.del Rosario Y Av. Argentina,3,2,0,0,1,0,0,,Avenida,,ROSARIO,Rosario,Asfalto,No existe,II,Dentro,Urbana,Ninguna,No existe,Intersección,Bueno,Buena,Diurna,Buen Tiempo,Lateral,S/D,Colisión,Agua,S/D,Ninguna,Sin restricción,POINT (-60.623317375000006 -32.99841669999999),"['Nuestra Señora del Rosario', 'Argentina']",2,Puente Nuestra Señora del Rosario; Avenida Argentina,-32.99841669999999,-60.623317375000006,55.0,538.0,Municipio Rosario,Municipio,Rosario,820210,Servicio de Catastro e Información Territorial,IGN
2013,1111,2013-01-02,Miercoles,0.0,03:20:00,,0.0,2,"Moto/Ciclomotor,Automóvil",Lamadrid Y Salva,3,2,0,0,1,0,0,,Calle,,ROSARIO,Rosario,Asfalto,No existe,II,Dentro,Urbana,Ninguna,No existe,Intersección,Bueno,S/D,Diurna,Buen Tiempo,Lateral,S/D,Colisión,S/D,S/D,Ninguna,Sin restricción,POINT (-60.6404948 -32.996879099999994),"['Lamadrid', 'Salva']",2,Gregorio Aráoz de Lamadrid; Salvat,-32.996879099999994,-60.6404948,55.0,538.0,Municipio Rosario,Municipio,Rosario,820210,Servicio de Catastro e Información Territorial,IGN
2013,1112,2013-07-02,Martes,0.0,10:30:00,,0.0,2,"Moto/Ciclomotor,Taxi/Remis",Constitucion Y Av. Pellegrini,2,1,0,0,1,0,0,,Calle,,ROSARIO,Rosario,Asfalto,S/D,II,Dentro,Urbana,S/D,S/D,Intersección,S/D,S/D,S/D,S/D,S/D,S/D,Colisión,S/D,S/D,S/D,S/D,POINT (-60.67641675 -32.950913),"['Constitución', 'Pellegrini']",2,Constitución; Avenida Carlos Pellegrini,-32.950913,-60.67641675,55.0,538.0,Municipio Rosario,Municipio,Rosario,820210,Servicio de Catastro e Información Territorial,IGN
2013,1113,2013-07-03,Miercoles,0.0,,,0.0,2,"Moto/Ciclomotor,Pickup/Utilitario",San Luis Y Valparaiso,2,1,0,0,1,0,0,,Calle,,ROSARIO,Rosario,Asfalto,S/D,II,Dentro,Urbana,S/D,S/D,Intersección,S/D,S/D,S/D,S/D,S/D,S/D,S/D,S/D,S/D,S/D,S/D,POINT (-60.6824925 -32.9412371),"['San Luis', 'Valparaíso']",2,San Luis; Valparaíso,-32.9412371,-60.6824925,55.0,538.0,Municipio Rosario,Municipio,Rosario,820210,Servicio de Catastro e Información Territorial,IGN
2013,1114,2013-01-03,Jueves,0.0,17:30:00,,0.0,2,"Peatón,Moto/Ciclomotor",Ayacucho Y Lamadrid,2,2,0,0,0,0,0,,Calle,,ROSARIO,Rosario,Asfalto,No existe,II,Dentro,Urbana,Semáforo,Funciona,Intersección,Bueno,Buena,Diurna,Buen Tiempo,Frontal,S/D,Colisión,S/D,S/D,Ninguna,Sin restricción,POINT (-60.6365709 -32.9967541),"['Ayacucho', 'Lamadrid']",2,Ayacucho; Gregorio Aráoz de Lamadrid,-32.9967541,-60.6365709,55.0,538.0,Municipio Rosario,Municipio,Rosario,820210,Servicio de Catastro e Información Territorial,IGN
2013,1116,2013-01-05,Sabado,0.0,19:50:00,,0.0,2,"Moto/Ciclomotor,Automóvil",Laprida Y Av. Uriburu,3,2,0,0,1,0,0,,Avenida,,ROSARIO,Rosario,Asfalto,No existe,II,Dentro,Urbana,S/D,No existe,Intersección,Bueno,Buena,Diurna,Buen Tiempo,S/D,S/D,Colisión,S/D,S/D,Cordón divisorio,Sin restricción,POINT (-60.645184500000006 -32.990651),"['Laprida', 'Uriburu']",2,Francisco Narciso Laprida; Avenida José Uriburu,-32.990651,-60.645184500000006,55.0,538.0,Municipio Rosario,Municipio,Rosario,820210,Servicio de Catastro e Información Territorial,IGN
2013,1117,2013-01-07,Lunes,0.0,16:50:00,,0.0,2,"Moto/Ciclomotor,Moto/Ciclomotor",Bv. Segui Y Chacabuco,2,2,0,0,0,0,0,,Avenida,,ROSARIO,Rosario,Asfalto,S/D,II,Dentro,Urbana,Marca Vial,S/D,Intersección,Bueno,S/D,S/D,Buen Tiempo,Lateral,S/D,Colisión,Otro,Vertical,Cordón divisorio,Sin restricción,POINT (-60.631003 -32.9818256),"['Bulevar Juan Francisco Seguí', 'Chacabuco']",2,Bulevar Juan Francisco Seguí; Chacabuco,-32.9818256,-60.631003,55.0,538.0,Municipio Rosario,Municipio,Rosario,820210,Servicio de Catastro e Información Territorial,IGN
2013,1119,2013-07-03,Miercoles,0.0,,,0.0,2,"Moto/Ciclomotor,Automóvil",9 De Julio Y San Nicolas,2,1,0,0,1,0,0,,Calle,,ROSARIO,Rosario,Asfalto,S/D,II,Dentro,Urbana,S/D,S/D,Intersección,S/D,S/D,S/D,S/D,S/D,S/D,Colisión,S/D,S/D,S/D,S/D,POINT (-60.674188699999995 -32.94772739999999),"['9 de Julio', 'San Nicolás']",2,9 de Julio; San Nicolás,-32.94772739999999,-60.6741887,55.0,538.0,Municipio Rosario,Municipio,Rosario,820210,Servicio de Catastro e Información Territorial,IGN
2013,1120,2013-01-06,Domingo,0.0,01:30:00,,0.0,1,Moto/Ciclomotor,Av. Ntra.Sra.del Rosario 100 B,2,1,1,0,0,0,0,,Avenida,,ROSARIO,Rosario,Asfalto,No existe,II,Dentro,Urbana,Ninguna,No existe,Recta,S/D,S/D,S/D,Buen Tiempo,Contra objeto fijo,S/D,Colisión,S/D,S/D,Ninguna,Sin restricción,"-32.9997432, -60.6154115",['Ntra Sra Del Rosario 100 B'],1,Ntra Sra Del Rosario 100 B,-32.9997432,-60.6154115,55.0,538.0,Municipio Rosario,Municipio,Rosario,820210,Servicio de Catastro e Información Territorial,IGN
2013,1122,2013-01-07,Lunes,0.0,08:15:00,,0.0,2,"Moto/Ciclomotor,Automóvil",L.N.Alem Y Virasoro,2,1,0,0,1,0,0,,Calle,,ROSARIO,Rosario,Asfalto,No existe,II,Dentro,Urbana,Marca Vial,No existe,Intersección,Bueno,Buena,Diurna,Buen Tiempo,Lateral,S/D,Colisión,Otro,Vertical,Línea divisoria pintada,Sin restricción,POINT (-60.6341943 -32.971707499999994),"['Alem', 'Virasoro']",2,Leandro N. Alem; Benjamín Virasoro,-32.971707499999994,-60.6341943,55.0,538.0,Municipio Rosario,Municipio,Rosario,820210,Servicio de Catastro e Información Territorial,IGN