anio_acci,nro_acci,fecha,desc_dia,fecha_aprox,hora_aprox,desc_ruta,km,cant_participantes,desc_participante,calle_avenida_km,total,heridos_leves,heridos_graves,heridos_gravisimos,ilesos,fallecidos,sin_datos,posicion_XY,desc_tipo_via,desc_ruta_ori,desc_loc,desc_dpto,desc_tipo_calzada,desc_tipo_banquina,desc_unidad_regional,desc_lugar_calzada,desc_zona,desc_prioridad,desc_estado_semaforo,desc_lugar_via,desc_estado_via,desc_estado_visibilidad,desc_luminosidad,desc_estado_clima,desc_tipo_colision,desc_tipo_atropello,desc_tipo_hecho,desc_pres_calzada,desc_senializacion,desc_separacion_via,desc_restriccion,forma_geocod,calle_lista,numero_calles,calles_osm,lat,lon,index_right,gid,fna,gna,nam,in1,fdc,sag
2013,1123,2013-01-09,Miercoles,0.0,19:35:00,,0.0,2,"Automóvil,Automóvil",AV. NTRA. SRA. DEL ROSARIO Y ACCESO SUR,2,1,0,0,1,0,0,,S/D,,ROSARIO,Rosario,Asfalto,Pavimento,II,S/D,S/D,Ninguna,No existe,Intersección,Bueno,Buena,Atardecer,Buen Tiempo,Lateral,S/D,Colisión,S/D,S/D,Ninguna,Sin restricción,POINT (-60.617663975 -32.998938125),"['Nuestra Señora del Rosario', 'Belgrano']",2,Puente Nuestra Señora del Rosario; Avenida Manuel Belgrano,-32.998938125,-60.617663975,55.0,538.0,Municipio Rosario,Municipio,Rosario,820210,Servicio de Catastro e Información Territorial,IGN
2013,1127,2013-01-12,Sabado,0.0,13:40:00,,0.0,2,"Automóvil,Automóvil",Ayacucho Y Lamadrid,2,2,0,0,0,0,0,,Calle,,ROSARIO,Rosario,Asfalto,No existe,II,Dentro,Urbana,Semáforo,Funciona,Intersección,S/D,Buena,Diurna,Buen Tiempo,Lateral,S/D,Colisión,S/D,S/D,Línea divisoria pintada,Sin restricción,POINT (-60.6365709 -32.9967541),"['Ayacucho', 'Lamadrid']",2,Ayacucho; Gregorio Aráoz de Lamadrid,-32.9967541,-60.6365709,55.0,538.0,Municipio Rosario,Municipio,Rosario,820210,Servicio de Catastro e Información Territorial,IGN
2013,1128,2013-01-12,Sabado,0.0,14:20:00,,0.0,2,"Moto/Ciclomotor,Automóvil",Av. Uriburu Y Laprida,2,1,0,0,1,0,0,,Avenida,,ROSARIO,Rosario,Asfalto,No existe,II,Dentro,Urbana,Ninguna,No existe,Intersección,Bueno,Buena,Diurna,Buen Tiempo,S/D,S/D,Colisión,S/D,Vertical,Ninguna,Sin restricción,POINT (-60.645184500000006 -32.990651),"['Uriburu', 'Laprida']",2,Avenida José Uriburu; Francisco Narciso Laprida,-32.990651,-60.645184500000006,55.0,538.0,Municipio Rosario,Municipio,Rosario,820210,Servicio de Catastro e Información Territorial,IGN
2013,1129,2013-01-21,Lunes,0.0,16:30:00,,0.0,2,"Automóvil,Pickup/Utilitario",Sanchez de Bustamante Y Buenos Aires,2,1,0,0,0,0,1,,Calle,,ROSARIO,Rosario,S/D,S/D,II,Dentro,Urbana,Ninguna,S/D,Intersección,S/D,S/D,S/D,Buen Tiempo,Lateral,S/D,Colisión,S/D,S/D,Cordón divisorio,Sin restricción,POINT (-60.6449658 -33.00187050000001),"['Sánchez de Bustamante', 'Buenos Aires']",2,Sánchez de Bustamante; Buenos Aires,-33.00187050000001,-60.6449658,55.0,538.0,Municipio Rosario,Municipio,Rosario,820210,Servicio de Catastro e Información Territorial,IGN
2013,1130,2013-01-14,Lunes,0.0,16:15:00,,0.0,2,"Automóvil,Moto/Ciclomotor",Laprida Y Dean Funes,4,1,0,0,1,0,2,,Calle,,ROSARIO,Rosario,Asfalto,No existe,II,Dentro,Urbana,Ninguna,No existe,Intersección,Con baches,Buena,Diurna,Buen Tiempo,Lateral,S/D,Atropello,S/D,Faltante,Ninguna,Sin restricción,POINT (-60.6415715 -32.9763678),"['Laprida', 'Deán Gregorio Funes']",2,Francisco Narciso Laprida; Deán Gregorio Funes,-32.9763678,-60.6415715,55.0,538.0,Municipio Rosario,Municipio,Rosario,820210,Servicio de Catastro e Información Territorial,IGN
2013,1131,2013-01-19,Sabado,0.0,11:45:00,,0.0,2,"Moto/Ciclomotor,Moto/Ciclomotor",Av. Ntra.Sra.del Rosario Y Ayacucho,2,1,0,0,1,0,0,,Avenida,,ROSARIO,Rosario,Asfalto,Pavimento,II,Dentro,Urbana,Semáforo,Funciona,Intersección,Bueno,Buena,Diurna,Buen Tiempo,Lateral,S/D,Colisión,S/D,Vertical,Línea divisoria pintada,Sin restricción,POINT (-60.63633029999999 -32.99953090000001),"['Nuestra Señora del Rosario', 'Ayacucho']",2,Puente Nuestra Señora del Rosario; Ayacucho,-32.99953090000001,-60.63633029999999,55.0,538.0,Municipio Rosario,Municipio,Rosario,820210,Servicio de Catastro e Información Territorial,IGN
2013,1132,2013-01-15,Martes,0.0,19:00:00,,0.0,2,"Automóvil,Automóvil",Colon Y Dean Funes,5,2,0,0,1,0,2,,Calle,,ROSARIO,Rosario,Asfalto,No existe,II,Dentro,Urbana,Ninguna,No existe,Intersección,Con baches,Buena,Nocturna,Buen Tiempo,Lateral,S/D,Colisión,S/D,Faltante,Ninguna,S/D,POINT (-60.6328745 -32.9779145),"['Colon', 'Deán Gregorio Funes']",2,Cristóbal Colón; Deán Gregorio Funes,-32.9779145,-60.6328745,55.0,538.0,Municipio Rosario,Municipio,Rosario,820210,Servicio de Catastro e Información Territorial,IGN
2013,1133,2013-01-18,Viernes,0.0,17:00:00,,0.0,2,"Moto/Ciclomotor,Automóvil",Av. Ntra.Sra.del Rosario Y Salva,2,1,0,0,1,0,0,,Avenida,,ROSARIO,Rosario,Asfalto,Pavimento,II,Dentro,Urbana,Ninguna,Funciona,Intersección,Bueno,Buena,Diurna,Buen Tiempo,Lateral,S/D,Colisión,S/D,S/D,Cordón divisorio,Sin restricción,POINT (-60.6403663 -32.9996483),"['Nuestra Señora del Rosario', 'Salva']",2,Puente Nuestra Señora del Rosario; Salvat,-32.9996483,-60.6403663,55.0,538.0,Municipio Rosario,Municipio,Rosario,820210,Servicio de Catastro e Información Territorial,IGN
2013,1134,2013-01-17,Jueves,0.0,18:45:00,,0.0,2,"Moto/Ciclomotor,Peatón",Grandoli Y Biedma,2,1,0,0,0,0,1,,Calle,,ROSARIO,Rosario,Asfalto,No existe,II,Dentro,Urbana,Ninguna,No existe,Recta,Con baches,Buena,Diurna,Buen Tiempo,S/D,S/D,Atropello,S/D,Faltante,Ninguna,Sin restricción,POINT (-60.62816415 -32.984736049999995),"['Avenida Abanderado Grandoli', 'Coronel Biedma']",2,Avenida Abanderado Grandoli; Coronel Biedma,-32.984736049999995,-60.62816415,55.0,538.0,Municipio Rosario,Municipio,Rosario,820210,Servicio de Catastro e Información Territorial,IGN
2013,1135,2013-07-07,Domingo,0.0,03:30:00,,0.0,2,"Moto/Ciclomotor,Automóvil",Santa Fe Y Castellanos,2,1,0,0,1,0,0,,Calle,,ROSARIO,Rosario,Asfalto,No existe,II,S/D,Urbana,Semáforo,Funciona,Recta,Bueno,Buena,Nocturna,Otro,Otro,S/D,Colisión,Otro,Horizontal,Ninguna,Sin restricción,POINT (-60.6747156 -32.938478899999986),"['Santa Fe', 'Aaron Castellanos']",2,Santa Fe; Aaron Castellanos,-32.938478899999986,-60.6747156,55.0,538.0,Municipio Rosario,Municipio,Rosario,820210,Servicio de Catastro e Información Territorial,IGN
2013,1136,2013-01-23,Miercoles,0.0,18:00:00,,0.0,2,"Moto/Ciclomotor,Automóvil",Lamadrid Y Pavon,2,1,0,0,1,0,0,,Calle,,ROSARIO,Rosario,Asfalto,Pavimento,II,Dentro,Urbana,Ninguna,No existe,Intersección,Bueno,Buena,Diurna,Buen Tiempo,Lateral,S/D,Colisión,S/D,Vertical,Línea divisoria pintada,Sin restricción,POINT (-60.63431750000001 -32.996684699999996),"['Lamadrid', 'Pavón']",2,Gregorio Aráoz de Lamadrid; Pavón,-32.9966847,-60.63431750000001,55.0,538.0,Municipio Rosario,Municipio,Rosario,820210,Servicio de Catastro e Información Territorial,IGN
2013,1137,2013-01-17,Jueves,0.0,18:30:00,,0.0,2,"Moto/Ciclomotor,Automóvil",Reg.11 de Infanteria Y Pavon,2,1,0,0,1,0,0,,Calle,,ROSARIO,Rosario,Asfalto,No existe,II,Dentro,Urbana,Ninguna,No existe,Intersección,Bueno,Buena,Diurna,Buen Tiempo,Lateral,S/D,Colisión,S/D,Faltante,Línea divisoria pintada,Sin restricción,POINT (-60.634243600000005 -32.99837819999998),"['Regimiento 11', 'Pavón']",2,Regimiento 11; Pavón,-32.99837819999998,-60.634243600000005,55.0,538.0,Municipio Rosario,Municipio,Rosario,820210,Servicio de Catastro e Información Territorial,IGN
2013,1138,2013-07-10,Miercoles,0.0,21:45:00,,0.0,2,"Moto/Ciclomotor,Automóvil",Santa Fe Y Pueyrredon,2,1,0,0,1,0,0,,Calle,,ROSARIO,Rosario,Asfalto,No existe,II,S/D,Urbana,Semáforo,Funciona,Recta,Bueno,Buena,Nocturna,Buen Tiempo,Otro,S/D,Colisión,Otro,Horizontal,Ninguna,Sin restricción,POINT (-60.657033000000006 -32.9416413),"['Santa Fe', 'Pueyrredón']",2,Santa Fe; Pueyrredón,-32.9416413,-60.657033000000006,55.0,538.0,Municipio Rosario,Municipio,Rosario,820210,Servicio de Catastro e Información Territorial,IGN
2013,1140,2013-01-25,Viernes,0.0,01:30:00,,0.0,2,"Moto/Ciclomotor,Automóvil",Av. Ntra.Sra.del Rosario Y El Mangrullo,2,1,0,0,0,0,1,,Avenida,,ROSARIO,Rosario,Asfalto,Pavimento,II,Dentro,Urbana,Ninguna,No existe,Recta,Bueno,Buena,Nocturna,Buen Tiempo,Lateral,S/D,Colisión,S/D,Faltante,Barrera de hormigón,Sin restricción,POINT (-60.615388300000006 -32.999675499999995),"['Nuestra Señora del Rosario', 'El Mangrullo']",2,Puente Nuestra Señora del Rosario; El Mangrullo,-32.999675499999995,-60.615388300000006,55.0,538.0,Municipio Rosario,Municipio,Rosario,820210,Servicio de Catastro e Información Territorial,IGN
2013,1141,2013-01-29,Martes,0.0,20:40:00,,0.0,2,"Moto/Ciclomotor,Moto/Ciclomotor",Garibaldi Y San Martin,2,1,0,0,0,0,1,,Calle,,ROSARIO,Rosario,S/D,No existe,II,Dentro,Urbana,Ninguna,No existe,Intersección,S/D,S/D,Nocturna,S/D,Lateral,S/D,Colisión,S/D,S/D,Ninguna,Sin restricción,POINT (-60.645777800000005 -32.986383249999996),"['José Garibaldi', 'San Martin']",2,José Garibaldi; José de San Martín,-32.98638325,-60.645777800000005,55.0,538.0,Municipio Rosario,Municipio,Rosario,820210,Servicio de Catastro e Información Territorial,IGN
2013,1143,2013-01-17,Jueves,0.0,07:00:00,,0.0,2,"Automóvil,Automóvil",Ayolas Y Grandoli,2,1,0,0,1,0,0,,S/D,,ROSARIO,Rosario,Asfalto,No existe,II,Dentro,Urbana,Ninguna,Funciona,Recta,Bueno,Buena,Diurna,Buen Tiempo,De alcance,S/D,Atropello,S/D,Faltante,Ninguna,Sin restricción,POINT (-60.627759100000006 -32.98002065),"['Ayolas', 'Avenida Abanderado Grandoli']",2,Ayolas; Avenida Abanderado Grandoli,-32.98002065,-60.627759100000006,55.0,538.0,Municipio Rosario,Municipio,Rosario,820210,Servicio de Catastro e Información Territorial,IGN
2013,1144,2013-07-10,Miercoles,0.0,00:56:00,,0.0,2,"Taxi/Remis,Automóvil",Vera Mujica Y Urquiza,3,1,0,0,2,0,0,,Calle,,ROSARIO,Rosario,Asfalto,No existe,II,S/D,Urbana,Ninguna,No existe,Recta,Bueno,Buena,Nocturna,Buen Tiempo,Otro,S/D,Colisión,Otro,Horizontal,Ninguna,Sin restricción,POINT (-60.6660287 -32.9378397),"['Vera Mujíca', 'Urquiza']",2,Vera Mujíca; Justo José de Urquiza,-32.9378397,-60.6660287,55.0,538.0,Municipio Rosario,Municipio,Rosario,820210,Servicio de Catastro e Información Territorial,IGN
2013,1145,2013-07-11,Jueves,0.0,06:00:00,,0.0,2,"Moto/Ciclomotor,Automóvil",Vera Mujica Y Urquiza,2,1,0,0,1,0,0,,Calle,,ROSARIO,Rosario,Asfalto,No existe,II,S/D,Urbana,Ninguna,No existe,Recta,Bueno,Buena,Amanecer,Buen Tiempo,Otro,S/D,Colisión,Otro,Faltante,Ninguna,Sin restricción,POINT (-60.6660287 -32.9378397),"['Vera Mujíca', 'Urquiza']",2,Vera Mujíca; Justo José de Urquiza,-32.9378397,-60.6660287,55.0,538.0,Municipio Rosario,Municipio,Rosario,820210,Servicio de Catastro e Información Territorial,IGN
2013,1146,2013-01-19,Sabado,0.0,23:00:00,,0.0,2,"Moto/Ciclomotor,Automóvil",L.N.Alem Y Ayolas,2,1,0,0,1,0,0,,S/D,,ROSARIO,Rosario,Asfalto,Pavimento,II,Dentro,Urbana,Semáforo,Funciona,Intersección,Con baches,Buena,Nocturna,Buen Tiempo,Lateral,S/D,Colisión,S/D,Horizontal,Ninguna,Sin restricción,POINT (-60.635922 -32.9785708),"['Alem', 'Ayolas']",2,Leandro N. Alem; Ayolas,-32.9785708,-60.635922,55.0,538.0,Municipio Rosario,Municipio,Rosario,820210,Servicio de Catastro e Información Territorial,IGN
2013,1147,2013-07-12,Viernes,0.0,06:15:00,,0.0,2,"Moto/Ciclomotor,Automóvil",Santa Fe Y San Nicolas,2,1,0,0,1,0,0,,Calle,,ROSARIO,Rosario,Asfalto,No existe,II,S/D,Urbana,Semáforo,Funciona,Recta,Bueno,Buena,Amanecer,Buen Tiempo,Otro,S/D,Colisión,Otro,Horizontal,Ninguna,Sin restricción,POINT (-60.6719792 -32.93897129999999),"['Santa Fe', 'San Nicolás']",2,Santa Fe; San Nicolás,-32.93897129999999,-60.6719792,55.0,538.0,Municipio Rosario,Municipio,Rosario,820210,Servicio de Catastro e Información Territorial,IGN
2013,1150,2013-07-03,Miercoles,0.0,21:00:00,,0.0,2,"Automóvil,Moto/Ciclomotor",Rioja Y Sucre,3,1,1,0,1,0,0,,Calle,,ROSARIO,Rosario,Asfalto,S/D,II,Dentro,Urbana,S/D,S/D,Intersección,S/D,S/D,S/D,S/D,S/D,S/D,Colisión,S/D,S/D,S/D,S/D,POINT (-60.6903182 -32.9383006),"['Rioja', 'Sucre']",2,Rioja; Sucre,-32.9383006,-60.6903182,55.0,538.0,Municipio Rosario,Municipio,Rosario,820210,Servicio de Catastro e Información Territorial,IGN
2013,1152,2013-01-29,Martes,0.0,09:30:00,,0.0,2,"Moto/Ciclomotor,Automóvil",Bv. Oroño Y Garibaldi,2,1,0,0,0,0,1,,Avenida,,ROSARIO,Rosario,Asfalto,No existe,II,Dentro,Urbana,Semáforo,Funciona,Intersección,S/D,S/D,Diurna,S/D,Lateral,S/D,Colisión,S/D,S/D,Ninguna,Sin restricción,POINT (-60.6632508 -32.983266949999994),"['Bulevar Nicasio Oroño', 'José Garibaldi']",2,Bulevar Nicasio Oroño; José Garibaldi,-32.983266949999994,-60.6632508,55.0,538.0,Municipio Rosario,Municipio,Rosario,820210,Servicio de Catastro e Información Territorial,IGN
2013,1153,2013-07-04,Jueves,0.0,12:30:00,,0.0,2,"Automóvil,Moto/Ciclomotor",E.Zeballos Y Lavalle,2,1,0,0,1,0,0,,Calle,,ROSARIO,Rosario,Asfalto,S/D,II,Dentro,Urbana,S/D,S/D,Intersección,S/D,S/D,S/D,S/D,S/D,S/D,Colisión,S/D,S/D,Cordón divisorio,S/D,POINT (-60.6799243 -32.94792209999999),"['Zeballos', 'Lavalle']",2,Zeballos; Lavalle,-32.94792209999999,-60.6799243,55.0,538.0,Municipio Rosario,Municipio,Rosario,820210,Servicio de Catastro e Información Territorial,IGN
2013,1154,2013-01-29,Martes,0.0,10:40:00,,0.0,2,"Moto/Ciclomotor,Camión",Av. Corrientes Y Centeno,3,2,0,0,1,0,0,,Avenida,,ROSARIO,Rosario,Asfalto,No existe,II,Dentro,Urbana,Ninguna,No existe,Intersección,S/D,S/D,Diurna,S/D,Lateral,S/D,Colisión,S/D,S/D,Ninguna,Sin restricción,POINT (-60.6520326 -32.98407649999999),"['Corrientes', 'Centeno']",2,Corrientes; Coronel Centeno,-32.98407649999999,-60.6520326,55.0,538.0,Municipio Rosario,Municipio,Rosario,820210,Servicio de Catastro e Información Territorial,IGN
2013,1155,2013-07-22,Lunes,0.0,10:10:00,,0.0,2,"Automóvil,Camión",San Lorenzo Y Castellanos,2,1,0,0,1,0,0,,Calle,,ROSARIO,Rosario,Asfalto,No existe,II,S/D,S/D,Ninguna,No existe,Recta,Bueno,Buena,Diurna,Buen Tiempo,Otro,S/D,Colisión,S/D,Faltante,Ninguna,Sin restricción,POINT (-60.6744722 -32.9375212),"['San Lorenzo', 'Aaron Castellanos']",2,San Lorenzo; Aaron Castellanos,-32.9375212,-60.6744722,55.0,538.0,Municipio Rosario,Municipio,Rosario,820210,Servicio de Catastro e Información Territorial,IGN
2013,1157,2013-01-29,Martes,0.0,13:30:00,,0.0,2,"Moto/Ciclomotor,Automóvil",San Martin Y 24 De Setiembre,2,1,0,0,1,0,0,,Calle,,ROSARIO,Rosario,Asfalto,No existe,II,Dentro,Urbana,Ninguna,No existe,Intersección,S/D,S/D,Diurna,S/D,Lateral,S/D,Colisión,S/D,S/D,Ninguna,Sin restricción,POINT (-60.64455705 -32.98058454999999),"['San Martin', '24 de Septiembre']",2,José de San Martín; 24 de Septiembre,-32.98058454999999,-60.64455705,55.0,538.0,Municipio Rosario,Municipio,Rosario,820210,Servicio de Catastro e Información Territorial,IGN
2013,1158,2013-07-23,Martes,0.0,12:00:00,,0.0,2,"Automóvil,Peatón",Catamarca Y San Nicolas,2,1,0,0,1,0,0,,Calle,,ROSARIO,Rosario,Asfalto,No existe,II,S/D,Urbana,Semáforo,Funciona,Recta,Bueno,Buena,Diurna,Buen Tiempo,Otro,S/D,Atropello,Otro,Horizontal,Ninguna,Sin restricción,POINT (-60.6708811 -32.9345119),"['Catamarca', 'San Nicolás']",2,Catamarca; San Nicolás,-32.9345119,-60.6708811,55.0,538.0,Municipio Rosario,Municipio,Rosario,820210,Servicio de Catastro e Información Territorial,IGN
2013,1161,2013-01-28,Lunes,0.0,21:45:00,,0.0,2,"Moto/Ciclomotor,Automóvil",Av. Uriburu Y Santiago,2,1,0,0,0,0,1,,Avenida,,ROSARIO,Rosario,Asfalto,No existe,II,Dentro,Urbana,Ninguna,No existe,Intersección,S/D,S/D,Nocturna,S/D,Lateral,S/D,Colisión,S/D,S/D,Ninguna,Sin restricción,POINT (-60.66820034999999 -32.991376699999996),"['Uriburu', 'Santiago']",2,Avenida José Uriburu; Santiago,-32.9913767,-60.66820034999999,55.0,538.0,Municipio Rosario,Municipio,Rosario,820210,Servicio de Catastro e Información Territorial,IGN
2013,1164,2013-01-27,Domingo,0.0,11:00:00,,0.0,2,"Pickup/Utilitario,Moto/Ciclomotor",Pueyrredon Y Pje. De La Cierva,2,1,0,0,1,0,0,,Calle,,ROSARIO,Rosario,Asfalto,No existe,II,Dentro,Urbana,Ninguna,No existe,Intersección,S/D,S/D,Diurna,S/D,Lateral,S/D,Colisión,S/D,S/D,Ninguna,Sin restricción,POINT (-60.668654000000004 -32.987677100000006),"['Pueyrredón', 'De La Cierva']",2,Pueyrredón; De La Cierva,-32.987677100000006,-60.668654,55.0,538.0,Municipio Rosario,Municipio,Rosario,820210,Servicio de Catastro e Información Territorial,IGN
2013,1165,2013-07-23,Martes,0.0,12:10:00,,0.0,2,"Moto/Ciclomotor,Peatón",Santa Fe Y Constitucion,2,2,0,0,0,0,0,,Calle,,ROSARIO,Rosario,Asfalto,Pavimento,II,Dentro,Urbana,Ninguna,No existe,Recta,Bueno,Buena,Diurna,Buen Tiempo,S/D,S/D,Atropello,S/D,S/D,S/D,Sin restricción,POINT (-60.67332640000001 -32.938728899999994),"['Santa Fe', 'Constitución']",2,Santa Fe; Constitución,-32.938728899999994,-60.67332640000001,55.0,538.0,Municipio Rosario,Municipio,Rosario,820210,Servicio de Catastro e Información Territorial,IGN
2013,1168,2013-07-23,Martes,0.0,05:45:00,,0.0,2,"Taxi/Remis,Taxi/Remis",Urquiza Y Iriondo,5,5,0,0,0,0,0,,Calle,,ROSARIO,Rosario,Asfalto,Pavimento,II,Dentro,Urbana,Señal Ceda el Paso,No existe,Recta,Bueno,Buena,Nocturna,Buen Tiempo,S/D,S/D,Colisión,S/D,S/D,S/D,Sin restricción,POINT (-60.66874130000001 -32.93734760000002),"['Urquiza', 'Iriondo']",2,Justo José de Urquiza; Iriondo,-32.93734760000002,-60.66874130000001,55.0,538.0,Municipio Rosario,Municipio,Rosario,820210,Servicio de Catastro e Información Territorial,IGN
2013,1169,2013-07-26,Viernes,0.0,20:15:00,,0.0,2,"Moto/Ciclomotor,Pickup/Utilitario",Alsina Y Santa Fe,2,1,0,0,1,0,0,,Calle,,ROSARIO,Rosario,Asfalto,No existe,II,S/D,Urbana,Semáforo,Funciona,Recta,Bueno,Buena,Nocturna,Buen Tiempo,Otro,S/D,Colisión,S/D,Horizontal,Ninguna,Sin restricción,POINT (-60.676048 -32.9382392),"['Alsina', 'Santa Fe']",2,Alsina; Santa Fe,-32.9382392,-60.676048,55.0,538.0,Municipio Rosario,Municipio,Rosario,820210,Servicio de Catastro e Información Territorial,IGN
2013,1171,2013-07-27,Sabado,0.0,02:10:00,,0.0,2,"Automóvil,Taxi/Remis",Av. Francia Y Jujuy,3,2,0,0,1,0,0,,Avenida,,ROSARIO,Rosario,Asfalto,Pavimento,II,Dentro,Urbana,Ninguna,S/D,Recta,Bueno,Buena,Nocturna,Buen Tiempo,S/D,S/D,Colisión,S/D,S/D,Ninguna,S/D,POINT (-60.6634714 -32.93337134999999),"['Avenida Francia', 'Jujuy']",2,Avenida Francia; Jujuy,-32.93337134999999,-60.6634714,55.0,538.0,Municipio Rosario,Municipio,Rosario,820210,Servicio de Catastro e Información Territorial,IGN
2013,1174,2013-07-27,Sabado,0.0,16:15:00,,0.0,2,"Automóvil,Automóvil",Urquiza Y Ricchieri,2,1,0,0,1,0,0,,Calle,,ROSARIO,Rosario,Asfalto,Pavimento,II,S/D,Urbana,Señal Pare,No existe,Recta,Bueno,Buena,Diurna,Buen Tiempo,S/D,S/D,Colisión,S/D,S/D,Ninguna,Sin restricción,POINT (-60.6619733 -32.9385564),"['Urquiza', 'Ricchieri']",2,Justo José de Urquiza; Ricchieri,-32.9385564,-60.6619733,55.0,538.0,Municipio Rosario,Municipio,Rosario,820210,Servicio de Catastro e Información Territorial,IGN
2013,1175,2013-07-30,Martes,0.0,16:10:00,,0.0,2,"Camión,Pickup/Utilitario",Rivadavia Y Pueyrredon,2,1,0,0,1,0,0,,Avenida,,ROSARIO,Rosario,Asfalto,Pavimento,II,S/D,Urbana,Semáforo,Funciona,Recta,Bueno,Buena,Diurna,Buen Tiempo,S/D,S/D,Colisión,S/D,Horizontal,Ninguna,Sin restricción,POINT (-60.6544373 -32.9313581),"['Rivadavia', 'Pueyrredón']",2,"('Avenida Bernardino Rivadavia', 'Pueyrredón')",-32.9313581,-60.6544373,55.0,538.0,Municipio Rosario,Municipio,Rosario,820210,Servicio de Catastro e Información Territorial,IGN
2013,1180,2013-06-24,Lunes,0.0,12:15:00,,0.0,2,"Pickup/Utilitario,Moto/Ciclomotor",Salta Y Suipacha,2,2,0,0,0,0,0,,Calle,,ROSARIO,Rosario,Asfalto,Pavimento,II,Dentro,Urbana,Semáforo,Funciona,Recta,Bueno,Buena,Diurna,Buen Tiempo,S/D,S/D,Colisión,S/D,Vertical,S/D,S/D,POINT (-60.6624133 -32.9348077),"['Salta', 'Suipacha']",2,Salta; Suipacha,-32.9348077,-60.6624133,55.0,538.0,Municipio Rosario,Municipio,Rosario,820210,Servicio de Catastro e Información Territorial,IGN
2013,1195,2013-01-26,Sabado,0.0,21:00:00,,0.0,2,"Automóvil,Moto/Ciclomotor",San Martin Y Lamadrid,2,1,0,0,1,0,0,,Calle,,ROSARIO,Rosario,Asfalto,No existe,II,Dentro,Urbana,Semáforo,Funciona,Intersección,S/D,S/D,Nocturna,S/D,Lateral,S/D,Colisión,S/D,S/D,Ninguna,Sin restricción,POINT (-60.64808370000001 -32.997063899999986),"['San Martin', 'Lamadrid']",2,José de San Martín; Gregorio Aráoz de Lamadrid,-32.997063899999986,-60.64808370000001,55.0,538.0,Municipio Rosario,Municipio,Rosario,820210,Servicio de Catastro e Información Territorial,IGN
2013,1196,2013-07-05,Viernes,0.0,17:45:00,,0.0,2,"Automóvil,Automóvil",Pueyrredon Y Cordoba,3,1,0,0,2,0,0,,Calle,,ROSARIO,Rosario,Asfalto,S/D,II,Dentro,Urbana,S/D,S/D,Intersección,S/D,S/D,S/D,S/D,S/D,S/D,Colisión,S/D,S/D,Cordón divisorio,S/D,POINT (-60.65737260000001 -32.94301),"['Pueyrredón', 'Córdoba']",2,Pueyrredón; Córdoba,-32.94301,-60.65737260000001,55.0,538.0,Municipio Rosario,Municipio,Rosario,820210,Servicio de Catastro e Información Territorial,IGN
2013,1200,2013-01-27,Domingo,0.0,20:00:00,,0.0,2,"Peatón,Moto/Ciclomotor",Dr.Rivas Y Rodriguez,2,1,0,0,1,0,0,,Calle,,ROSARIO,Rosario,Asfalto,No existe,II,Dentro,Urbana,Ninguna,No existe,Intersección,S/D,S/D,Nocturna,S/D,S/D,S/D,Atropello,S/D,S/D,Ninguna,S/D,POINT (-60.66813750000001 -32.97999129999999),"['Doctor Francisco Riva', 'Rodríguez']",2,Doctor Francisco Riva; Rodríguez de Escobedo,-32.97999129999999,-60.66813750000001,55.0,538.0,Municipio Rosario,Municipio,Rosario,820210,Servicio de Catastro e Información Territorial,IGN
2013,1201,2013-07-08,Lunes,0.0,08:40:00,,0.0,2,"Automóvil,Moto/Ciclomotor",Montevideo Y Callao,2,1,0,0,1,0,0,,Calle,,ROSARIO,Rosario,Asfalto,S/D,II,Dentro,Urbana,S/D,S/D,Intersección,S/D,S/D,S/D,S/D,S/D,S/D,Colisión,S/D,S/D,Cordón divisorio,S/D,POINT (-60.662550599999996 -32.95221800000001),"['Montevideo', 'Callao']",2,Montevideo; Callao,-32.95221800000001,-60.6625506,55.0,538.0,Municipio Rosario,Municipio,Rosario,820210,Servicio de Catastro e Información Territorial,IGN
2013,1202,2013-01-26,Sabado,0.0,19:30:00,,0.0,2,"Automóvil,Peatón",Bv. Oroño Y Coulin,2,1,0,0,1,0,0,,Avenida,,ROSARIO,Rosario,Asfalto,No existe,II,Dentro,Urbana,Ninguna,No existe,Intersección,S/D,S/D,Atardecer,S/D,Lateral,S/D,Atropello,S/D,S/D,Ninguna,Sin restricción,POINT (-60.6646975 -32.98902485),"['Bulevar Nicasio Oroño', 'Coulin']",2,Bulevar Nicasio Oroño; Coulin,-32.98902485,-60.6646975,55.0,538.0,Municipio Rosario,Municipio,Rosario,820210,Servicio de Catastro e Información Territorial,IGN
2013,1205,2013-01-25,Viernes,0.0,18:30:00,,0.0,2,"Moto/Ciclomotor,Automóvil",Alvear Y Coulin,2,1,0,0,1,0,0,,Calle,,ROSARIO,Rosario,Asfalto,No existe,II,Dentro,Urbana,Ninguna,No existe,Intersección,S/D,S/D,Atardecer,S/D,Lateral,S/D,Colisión,S/D,S/D,Ninguna,Sin restricción,POINT (-60.66605710000001 -32.988771099999994),"['Alvear', 'Coulin']",2,Alvear; Coulin,-32.988771099999994,-60.66605710000001,55.0,538.0,Municipio Rosario,Municipio,Rosario,820210,Servicio de Catastro e Información Territorial,IGN