anio_acci,nro_acci,fecha,desc_dia,fecha_aprox,hora_aprox,desc_ruta,km,cant_participantes,desc_participante,calle_avenida_km,total,heridos_leves,heridos_graves,heridos_gravisimos,ilesos,fallecidos,sin_datos,posicion_XY,desc_tipo_via,desc_ruta_ori,desc_loc,desc_dpto,desc_tipo_calzada,desc_tipo_banquina,desc_unidad_regional,desc_lugar_calzada,desc_zona,desc_prioridad,desc_estado_semaforo,desc_lugar_via,desc_estado_via,desc_estado_visibilidad,desc_luminosidad,desc_estado_clima,desc_tipo_colision,desc_tipo_atropello,desc_tipo_hecho,desc_pres_calzada,desc_senializacion,desc_separacion_via,desc_restriccion,forma_geocod,calle_lista,numero_calles,calles_osm,lat,lon,index_right,gid,fna,gna,nam,in1,fdc,sag
2013,1206,2013-06-24,Lunes,0.0,20:30:00,,0.0,2,"Automóvil,Automóvil",Av. Francia Y Jujuy,2,2,0,0,0,0,0,,Avenida,,ROSARIO,Rosario,Asfalto,Pavimento,II,Dentro,Urbana,S/D,No existe,Recta,Bueno,Buena,Nocturna,Buen Tiempo,S/D,S/D,Colisión,S/D,S/D,S/D,Sin restricción,POINT (-60.6634714 -32.93337134999999),"['Avenida Francia', 'Jujuy']",2,Avenida Francia; Jujuy,-32.93337134999999,-60.6634714,55.0,538.0,Municipio Rosario,Municipio,Rosario,820210,Servicio de Catastro e Información Territorial,IGN
2013,1207,2013-01-25,Viernes,0.0,17:50:00,,0.0,2,"Automóvil,Moto/Ciclomotor",Bv. Oroño Y Av. Jorge Cura,2,1,0,0,1,0,0,,Avenida,,ROSARIO,Rosario,Asfalto,No existe,II,Dentro,Urbana,Ninguna,No existe,Intersección,S/D,S/D,Atardecer,S/D,Lateral,S/D,Colisión,S/D,S/D,Ninguna,Sin restricción,POINT (-60.6603234 -32.971199399999996),"['Bulevar Nicasio Oroño', 'Avenida Jorge Cura']",2,Bulevar Nicasio Oroño; Avenida Jorge Cura,-32.9711994,-60.6603234,55.0,538.0,Municipio Rosario,Municipio,Rosario,820210,Servicio de Catastro e Información Territorial,IGN
2013,1208,2013-06-28,Viernes,0.0,09:50:00,,0.0,2,"Peatón,Pickup/Utilitario",Cafferata Y Tucuman,2,1,0,0,1,0,0,,Calle,,ROSARIO,Rosario,Asfalto,Pavimento,II,Dentro,Urbana,Semáforo,Funciona,Recta,Bueno,Buena,Diurna,Buen Tiempo,S/D,S/D,Colisión,S/D,Vertical,Ninguna,S/D,POINT (-60.669785399999995 -32.9359153),"['Cafferata', 'Tucumán']",2,Cafferata; Tucumán,-32.9359153,-60.6697854,55.0,538.0,Municipio Rosario,Municipio,Rosario,820210,Servicio de Catastro e Información Territorial,IGN
2013,1209,2013-01-25,Viernes,0.0,08:10:00,,0.0,2,"Moto/Ciclomotor,Automóvil",Bv. Segui Y Av. Corrientes,2,1,0,0,1,0,0,,Avenida,,ROSARIO,Rosario,Asfalto,No existe,II,Dentro,Urbana,Ninguna,No existe,Intersección,Bueno,S/D,Diurna,S/D,Frontal,S/D,Colisión,S/D,S/D,Ninguna,Sin restricción,POINT (-60.65060229999999 -32.97832124999999),"['Bulevar Juan Francisco Seguí', 'Corrientes']",2,Bulevar Juan Francisco Seguí; Corrientes,-32.97832124999999,-60.65060229999999,55.0,538.0,Municipio Rosario,Municipio,Rosario,820210,Servicio de Catastro e Información Territorial,IGN
2013,1210,2013-06-29,Sabado,0.0,18:30:00,,0.0,2,"Moto/Ciclomotor,Automóvil",Urquiza Y Suipacha,3,2,0,0,1,0,0,,Calle,,ROSARIO,Rosario,Asfalto,Pavimento,II,Dentro,Urbana,Señal Pare,No existe,Recta,Bueno,Buena,Diurna,Buen Tiempo,S/D,S/D,Colisión,S/D,Horizontal,S/D,Sin restricción,POINT (-60.6633084 -32.9383186),"['Urquiza', 'Suipacha']",2,Justo José de Urquiza; Suipacha,-32.9383186,-60.6633084,55.0,538.0,Municipio Rosario,Municipio,Rosario,820210,Servicio de Catastro e Información Territorial,IGN
2013,1211,2013-06-30,Domingo,0.0,09:30:00,,0.0,2,"Peatón,Automóvil",Santa Fe Y Cafferata,2,1,0,0,1,0,0,,Calle,,ROSARIO,Rosario,Asfalto,Pavimento,II,Dentro,Urbana,Semáforo,Funciona,Recta,Bueno,Buena,Diurna,Buen Tiempo,S/D,S/D,Atropello,S/D,Vertical,S/D,S/D,POINT (-60.67063869999999 -32.939213),"['Santa Fe', 'Cafferata']",2,Santa Fe; Cafferata,-32.939213,-60.67063869999999,55.0,538.0,Municipio Rosario,Municipio,Rosario,820210,Servicio de Catastro e Información Territorial,IGN
2013,1213,2013-01-24,Jueves,0.0,07:30:00,,0.0,2,"Moto/Ciclomotor,Automóvil",L.N.Alem Y Biedma,3,1,0,0,2,0,0,,Calle,,ROSARIO,Rosario,Asfalto,Pavimento,II,Dentro,Urbana,Ninguna,No existe,Intersección,Bueno,Buena,Diurna,Buen Tiempo,Lateral,S/D,Colisión,S/D,Horizontal,Ninguna,Sin restricción,POINT (-60.637076300000004 -32.9831384),"['Alem', 'Coronel Biedma']",2,Leandro N. Alem; Coronel Biedma,-32.9831384,-60.6370763,55.0,538.0,Municipio Rosario,Municipio,Rosario,820210,Servicio de Catastro e Información Territorial,IGN
2013,1214,2013-07-08,Lunes,0.0,18:30:00,,0.0,2,"Automóvil,Moto/Ciclomotor",Sucre Y Mendoza,2,1,0,0,1,0,0,,Calle,,ROSARIO,Rosario,Asfalto,S/D,II,Dentro,Urbana,S/D,S/D,Intersección,S/D,S/D,S/D,S/D,S/D,S/D,Colisión,S/D,S/D,Cordón divisorio,S/D,POINT (-60.6913145 -32.94228029999999),"['Sucre', 'Mendoza']",2,Sucre; Mendoza,-32.94228029999999,-60.6913145,55.0,538.0,Municipio Rosario,Municipio,Rosario,820210,Servicio de Catastro e Información Territorial,IGN
2013,1215,2013-07-20,Sabado,0.0,19:00:00,,0.0,2,"Moto/Ciclomotor,Automóvil",MONSGFELD  Y PJE 808,2,1,0,0,1,0,0,,Avenida,,ROSARIO,Rosario,Hormigón,No existe,II,Dentro,Urbana,Ninguna,No existe,Recta,Bueno,Buena,Nocturna,Buen Tiempo,De alcance,S/D,Colisión,S/D,S/D,Cordón divisorio,Sin restricción,POINT (-60.67227843333334 -32.9306266),"['Avenida Arquitecto Mongsfeld', 'Lidice']",2,Avenida Arquitecto Mongsfeld; Lidice,-32.9306266,-60.67227843333334,55.0,538.0,Municipio Rosario,Municipio,Rosario,820210,Servicio de Catastro e Información Territorial,IGN
2013,1241,2013-02-02,Sabado,0.0,08:20:00,,0.0,2,"Bicicleta,Automóvil",Bv. Rondeau 4200,2,0,0,0,1,1,0,,Avenida,,ROSARIO,Rosario,Asfalto,No existe,II,Dentro,Urbana,Semáforo,Funciona,Recta,Bueno,Buena,Diurna,S/D,S/D,S/D,Atropello,S/D,Vertical,"Cordón divisorio,Vegetación",Sin restricción,"-32.8756406, -60.6978402",['Rondeau 4200'],1,Rondeau 4200,-32.8756406,-60.6978402,55.0,538.0,Municipio Rosario,Municipio,Rosario,820210,Servicio de Catastro e Información Territorial,IGN
2013,1248,2013-01-27,Domingo,0.0,15:00:00,,0.0,2,"Automóvil,Moto/Ciclomotor",Buenos Aires Y Bv. Segui,6,3,0,0,3,0,0,,Avenida,,ROSARIO,Rosario,Asfalto,Pavimento,II,Dentro,Urbana,Ninguna,No existe,Intersección,Bueno,Buena,Diurna,Buen Tiempo,Lateral,S/D,Colisión,S/D,Horizontal,Cordón divisorio,Sin restricción,POINT (-60.640923400000005 -32.98006374999999),"['Buenos Aires', 'Bulevar Juan Francisco Seguí']",2,Buenos Aires; Bulevar Juan Francisco Seguí,-32.98006374999999,-60.640923400000005,55.0,538.0,Municipio Rosario,Municipio,Rosario,820210,Servicio de Catastro e Información Territorial,IGN
2013,1250,2013-07-11,Jueves,0.0,,,0.0,2,"Automóvil,Automóvil",Bv. Avellaneda 1000,3,1,0,0,2,0,0,,Calle,,ROSARIO,Rosario,Asfalto,S/D,II,Dentro,Urbana,S/D,S/D,Intersección,S/D,S/D,S/D,S/D,S/D,S/D,Colisión,S/D,S/D,Cordón divisorio,S/D,"-32.9416052, -60.6799569",['Avellaneda 1000'],1,Avellaneda 1000,-32.9416052,-60.6799569,55.0,538.0,Municipio Rosario,Municipio,Rosario,820210,Servicio de Catastro e Información Territorial,IGN
2013,1258,2013-01-30,Miercoles,0.0,18:30:00,,0.0,2,"Bicicleta,Automóvil",1 de Mayo Y Pte.Quintana,3,2,0,0,1,0,0,,Calle,,ROSARIO,Rosario,Asfalto,Pavimento,II,Dentro,Urbana,Ninguna,No existe,Recta,Bueno,Buena,Diurna,Buen Tiempo,Lateral,S/D,Atropello,S/D,Horizontal,Ninguna,Sin restricción,POINT (-60.63873139999999 -32.9840559),"['Primero de Mayo', 'Quintana']",2,Primero de Mayo; Presidente Quintana,-32.9840559,-60.63873139999999,55.0,538.0,Municipio Rosario,Municipio,Rosario,820210,Servicio de Catastro e Información Territorial,IGN
2013,1259,2013-01-23,Miercoles,0.0,,,0.0,2,"Automóvil,Moto/Ciclomotor",Bv. 27 De Febrero Y Laprida,2,1,0,0,1,0,0,,Avenida,,ROSARIO,Rosario,Hormigón,S/D,II,Dentro,Urbana,S/D,S/D,Recta,Bueno,Buena,S/D,Buen Tiempo,De alcance,S/D,Colisión,S/D,S/D,S/D,S/D,POINT (-60.639549849999995 -32.9682981),"['27 de Febrero', 'Laprida']",2,Bulevar 27 de Febrero; Francisco Narciso Laprida,-32.9682981,-60.63954985,55.0,538.0,Municipio Rosario,Municipio,Rosario,820210,Servicio de Catastro e Información Territorial,IGN
2013,1260,2013-01-02,Miercoles,0.0,20:40:00,,0.0,2,"Moto/Ciclomotor,Automóvil",Italia Y Gaboto,2,1,0,0,1,0,0,,Calle,,ROSARIO,Rosario,Asfalto,No existe,II,Dentro,Urbana,Ninguna,No existe,Intersección,S/D,S/D,Nocturna,S/D,Lateral,S/D,Colisión,S/D,S/D,Ninguna,Sin restricción,POINT (-60.65464420000001 -32.9716166),"['Italia', 'Gaboto']",2,Italia; Gaboto,-32.9716166,-60.65464420000001,55.0,538.0,Municipio Rosario,Municipio,Rosario,820210,Servicio de Catastro e Información Territorial,IGN
2013,1261,2013-01-11,Viernes,0.0,23:00:00,,0.0,2,"Moto/Ciclomotor,Automóvil",San Martin Y Urquiza,2,1,0,0,1,0,0,,Calle,,ROSARIO,Rosario,Asfalto,No existe,II,Dentro,Urbana,S/D,Funciona,Intersección,S/D,Buena,Diurna,S/D,Lateral,S/D,Colisión,S/D,S/D,Ninguna,Sin restricción,POINT (-60.6358612 -32.943338000000004),"['San Martin', 'Urquiza']",2,"('José de San Martín', 'Justo José de Urquiza')",-32.943338000000004,-60.6358612,55.0,538.0,Municipio Rosario,Municipio,Rosario,820210,Servicio de Catastro e Información Territorial,IGN
2013,1263,2013-01-03,Jueves,0.0,20:00:00,,0.0,2,"Peatón,Moto/Ciclomotor",Av. Uriburu Y San Martin,2,1,0,0,1,0,0,,Avenida,,ROSARIO,Rosario,Asfalto,No existe,II,Dentro,Urbana,Semáforo,Funciona,Intersección,S/D,S/D,Nocturna,S/D,Lateral,S/D,Atropello,S/D,S/D,Ninguna,Sin restricción,POINT (-60.646703949999996 -32.99069289999999),"['Uriburu', 'San Martin']",2,Avenida José Uriburu; José de San Martín,-32.99069289999999,-60.64670395,55.0,538.0,Municipio Rosario,Municipio,Rosario,820210,Servicio de Catastro e Información Territorial,IGN
2013,1264,2013-01-11,Viernes,0.0,14:30:00,,0.0,2,"Automóvil,Moto/Ciclomotor",Pje. Chuquisaca Y Balcarce,2,1,0,0,1,0,0,,Calle,,ROSARIO,Rosario,Asfalto,No existe,II,Dentro,Urbana,Ninguna,No existe,Intersección,Bueno,Buena,Diurna,S/D,Lateral,S/D,Colisión,S/D,Faltante,Ninguna,Sin restricción,POINT (-60.6615145 -32.98193369999999),"['Chuquisaca', 'Balcarce']",2,Chuquisaca; Balcarce,-32.98193369999999,-60.6615145,55.0,538.0,Municipio Rosario,Municipio,Rosario,820210,Servicio de Catastro e Información Territorial,IGN
2013,1265,2013-01-03,Jueves,0.0,12:30:00,,0.0,2,"Automóvil,Moto/Ciclomotor",Garibaldi Y Italia,2,1,0,0,1,0,0,,Calle,,ROSARIO,Rosario,Asfalto,No existe,II,Dentro,Urbana,Ninguna,No existe,Intersección,S/D,S/D,Diurna,S/D,Lateral,S/D,Colisión,S/D,S/D,Ninguna,Sin restricción,POINT (-60.6578124 -32.9842508),"['José Garibaldi', 'Italia']",2,José Garibaldi; Italia,-32.9842508,-60.6578124,55.0,538.0,Municipio Rosario,Municipio,Rosario,820210,Servicio de Catastro e Información Territorial,IGN
2013,1266,2013-01-04,Viernes,0.0,11:30:00,,0.0,2,"Peatón,Automóvil",San Martin Y Garay,2,1,0,0,1,0,0,,Calle,,ROSARIO,Rosario,Asfalto,No existe,II,Dentro,Urbana,Semáforo,Funciona,Intersección,S/D,S/D,Diurna,S/D,Lateral,S/D,Atropello,S/D,S/D,Ninguna,Sin restricción,POINT (-60.6437417 -32.97477079999999),"['San Martin', 'Garay']",2,"('José de San Martín', 'Juan de Garay')",-32.97477079999999,-60.6437417,55.0,538.0,Municipio Rosario,Municipio,Rosario,820210,Servicio de Catastro e Información Territorial,IGN
2013,1267,2013-01-23,Miercoles,0.0,12:00:00,,0.0,2,"Automóvil,Moto/Ciclomotor",San Martin Y Esteban de Luca,2,1,0,0,1,0,0,,Calle,,ROSARIO,Rosario,Asfalto,No existe,II,Dentro,Urbana,Semáforo,Funciona,Intersección,S/D,S/D,Diurna,S/D,Lateral,S/D,Colisión,S/D,S/D,Ninguna,Sin restricción,POINT (-60.69698706666666 -32.97095953333332),"['San Martin', 'Esteban de Luca']",2,José de San Martín; Esteban de Luca,-32.97095953333332,-60.69698706666666,55.0,538.0,Municipio Rosario,Municipio,Rosario,820210,Servicio de Catastro e Información Territorial,IGN
2013,1268,2013-07-17,Miercoles,0.0,19:00:00,,0.0,2,"Automóvil,Moto/Ciclomotor",Av. Genova Y Garzon,2,1,0,0,1,0,0,,Avenida,,ROSARIO,Rosario,Asfalto,No existe,II,S/D,Urbana,Ninguna,No existe,Intersección,Bueno,Buena,Atardecer,Buen Tiempo,Lateral,S/D,Colisión,Otro,Faltante,Ninguna,Sin restricción,POINT (-60.7063289 -32.91580020000001),"['Genova', 'Garzón']",2,Avenida Génova; Garzón,-32.91580020000001,-60.7063289,55.0,538.0,Municipio Rosario,Municipio,Rosario,820210,Servicio de Catastro e Información Territorial,IGN
2013,1269,2013-01-23,Miercoles,0.0,21:00:00,,0.0,2,"Taxi/Remis,Moto/Ciclomotor",Bv. Oroño Y Bv. Segui,2,1,0,0,1,0,0,,Avenida,,ROSARIO,Rosario,Asfalto,No existe,II,Dentro,Urbana,Semáforo,No existe,Rotonda,S/D,S/D,Nocturna,S/D,Lateral,S/D,Colisión,S/D,S/D,Ninguna,Sin restricción,POINT (-60.661523700000004 -32.976367025),"['Bulevar Nicasio Oroño', 'Bulevar Juan Francisco Seguí']",2,Bulevar Nicasio Oroño; Bulevar Juan Francisco Seguí,-32.976367025,-60.6615237,55.0,538.0,Municipio Rosario,Municipio,Rosario,820210,Servicio de Catastro e Información Territorial,IGN
2013,1271,2013-08-16,Viernes,0.0,21:30:00,,0.0,2,"Automóvil,Moto/Ciclomotor",Mejico Y J.J.Paso,2,1,0,0,1,0,0,,Avenida,,ROSARIO,Rosario,Asfalto,No existe,II,S/D,Urbana,Ninguna,No existe,Intersección,Bueno,Buena,Nocturna,Buen Tiempo,Lateral,S/D,Colisión,Otro,Faltante,Ninguna,Sin restricción,POINT (-60.7193214 -32.920441249999996),"['Mejico', 'Paso']",2,Méjico; Avenida Juan José Paso,-32.92044125,-60.7193214,55.0,538.0,Municipio Rosario,Municipio,Rosario,820210,Servicio de Catastro e Información Territorial,IGN
2013,1275,2013-07-26,Viernes,0.0,11:20:00,,0.0,2,"Moto/Ciclomotor,Camión",PJE FERNANDEZ Y  AV GENOVA,2,1,0,0,1,0,0,,Avenida,,ROSARIO,Rosario,Asfalto,No existe,II,S/D,Urbana,Ninguna,No existe,Recta,Bueno,S/D,Diurna,Buen Tiempo,Lateral,S/D,Colisión,S/D,Vertical,S/D,Sin restricción,POINT (-60.67440380000001 -32.9149078),"['Fernandez', 'Genova']",2,Fernández Díaz; Avenida Génova,-32.9149078,-60.67440380000001,55.0,538.0,Municipio Rosario,Municipio,Rosario,820210,Servicio de Catastro e Información Territorial,IGN
2013,1277,2013-07-23,Martes,0.0,10:50:00,,0.0,2,"Automóvil,Transporte de Pasajeros Urbano (> 8 asientos)",Ferreyra Y J.B.Justo,2,1,0,0,1,0,0,,Calle,,ROSARIO,Rosario,Asfalto,No existe,II,S/D,Urbana,S/D,No existe,Intersección,Bueno,Buena,Diurna,Buen Tiempo,Lateral,S/D,Colisión,S/D,S/D,S/D,Sin restricción,POINT (-60.680430099999995 -32.913966800000004),"['Ferreyra', 'Justo']",2,Ferreyra; Justo José de Urquiza,-32.913966800000004,-60.6804301,55.0,538.0,Municipio Rosario,Municipio,Rosario,820210,Servicio de Catastro e Información Territorial,IGN
2013,1279,2013-07-01,Lunes,0.0,04:00:00,,0.0,2,"Pickup/Utilitario,Moto/Ciclomotor",AV ALBERDI Y AV GENOVA,3,1,1,0,1,0,0,,Avenida,,ROSARIO,Rosario,Asfalto,Pavimento,II,S/D,Urbana,Semáforo,Intermitente,Recta,Bueno,Buena,Nocturna,Buen Tiempo,Lateral,S/D,Colisión,S/D,S/D,Cordón divisorio,S/D,POINT (-60.685641200000006 -32.91519955000001),"['Alberdi', 'Genova']",2,Avenida Alberdi; Avenida Génova,-32.91519955000001,-60.685641200000006,55.0,538.0,Municipio Rosario,Municipio,Rosario,820210,Servicio de Catastro e Información Territorial,IGN
2013,1313,2013-01-17,Jueves,0.0,20:30:00,,0.0,2,"Taxi/Remis,Moto/Ciclomotor",Av. Corrientes Y Pte.Quintana,2,1,0,0,1,0,0,,Calle,,ROSARIO,Rosario,Asfalto,No existe,II,Dentro,Urbana,Ninguna,No existe,Intersección,S/D,S/D,Nocturna,S/D,Lateral,S/D,Colisión,S/D,S/D,Ninguna,Sin restricción,POINT (-60.6514813 -32.9817689),"['Corrientes', 'Quintana']",2,"('Corrientes', 'Presidente Quintana')",-32.9817689,-60.6514813,55.0,538.0,Municipio Rosario,Municipio,Rosario,820210,Servicio de Catastro e Información Territorial,IGN
2013,1318,2013-01-17,Jueves,0.0,08:30:00,,0.0,2,"Moto/Ciclomotor,Automóvil",Lamadrid Y Italia,3,2,0,0,1,0,0,,Calle,,ROSARIO,Rosario,Asfalto,No existe,II,Dentro,Urbana,Ninguna,No existe,Intersección,S/D,S/D,Diurna,S/D,Lateral,S/D,Colisión,S/D,S/D,Ninguna,Sin restricción,POINT (-60.659349500000005 -32.99744979999999),"['Lamadrid', 'Italia']",2,Gregorio Aráoz de Lamadrid; Italia,-32.99744979999999,-60.659349500000005,55.0,538.0,Municipio Rosario,Municipio,Rosario,820210,Servicio de Catastro e Información Territorial,IGN
2013,1322,2013-07-05,Viernes,0.0,,,0.0,2,"Automóvil,Peatón",JJ PASO Y TRAVESIA,2,1,0,0,1,0,0,,Avenida,,ROSARIO,Rosario,Asfalto,S/D,II,S/D,Urbana,S/D,S/D,Recta,Bueno,S/D,S/D,Buen Tiempo,S/D,S/D,Atropello,S/D,Faltante,Cordón divisorio,S/D,POINT (-60.6889194 -32.919526100000006),"['Juan José Paso', 'Avenida Travesía Albert Sabin']",2,Avenida Juan José Paso; Avenida Travesía Albert Sabin,-32.919526100000006,-60.6889194,55.0,538.0,Municipio Rosario,Municipio,Rosario,820210,Servicio de Catastro e Información Territorial,IGN
2013,1323,2013-01-17,Jueves,0.0,17:50:00,,0.0,2,"Automóvil,Moto/Ciclomotor",Juan Canals Y Paraguay,3,2,0,0,1,0,0,,Calle,,ROSARIO,Rosario,Asfalto,No existe,II,Dentro,Urbana,Ninguna,No existe,Intersección,S/D,S/D,Atardecer,S/D,Lateral,S/D,Colisión,S/D,S/D,Ninguna,Sin restricción,POINT (-60.6545753 -32.9884113),"['Juan Canals', 'Paraguay']",2,Juan Canals; Paraguay,-32.9884113,-60.6545753,55.0,538.0,Municipio Rosario,Municipio,Rosario,820210,Servicio de Catastro e Información Territorial,IGN
2013,1326,2013-07-25,Jueves,0.0,16:45:00,,0.0,2,"Automóvil,Automóvil",B.Alvarez ,3,1,0,0,2,0,0,,Avenida,,ROSARIO,Rosario,Asfalto,Pavimento,II,S/D,Urbana,Semáforo,S/D,Recta,Bueno,Buena,Diurna,Buen Tiempo,S/D,S/D,Colisión,Otro,S/D,S/D,S/D,"-32.990365, -60.66415865530671",['B Alvarez'],1,B Alvarez,-32.990365,-60.66415865530671,55.0,538.0,Municipio Rosario,Municipio,Rosario,820210,Servicio de Catastro e Información Territorial,IGN
2013,1327,2013-07-23,Martes,0.0,,,0.0,2,"Automóvil,Automóvil",CANING Y JUNIN,2,1,0,0,1,0,0,,Calle,,ROSARIO,Rosario,Asfalto,Natural,II,S/D,Urbana,Semáforo,Funciona,Recta,Bueno,S/D,S/D,Buen Tiempo,Lateral,S/D,Colisión,S/D,S/D,S/D,S/D,POINT (-60.6749456 -32.9265809),"['Canning', 'Junín']",2,Canning; Junín,-32.9265809,-60.6749456,55.0,538.0,Municipio Rosario,Municipio,Rosario,820210,Servicio de Catastro e Información Territorial,IGN
2013,1329,2013-01-16,Miercoles,0.0,18:40:00,,0.0,2,"Moto/Ciclomotor,Automóvil",Bv. Segui Y Av. Corrientes,2,1,0,0,1,0,0,,Avenida,,ROSARIO,Rosario,Asfalto,No existe,II,Dentro,Urbana,Ninguna,No existe,Intersección,S/D,S/D,Atardecer,S/D,Lateral,S/D,Colisión,S/D,S/D,Ninguna,Sin restricción,POINT (-60.65060229999999 -32.97832124999999),"['Bulevar Juan Francisco Seguí', 'Corrientes']",2,Bulevar Juan Francisco Seguí; Corrientes,-32.97832124999999,-60.65060229999999,55.0,538.0,Municipio Rosario,Municipio,Rosario,820210,Servicio de Catastro e Información Territorial,IGN
2013,1330,2013-01-16,Miercoles,0.0,10:30:00,,0.0,2,"Automóvil,Automóvil",Dr.Rivas Y San Martin,2,1,0,0,1,0,0,,Avenida,,ROSARIO,Rosario,Asfalto,No existe,II,Dentro,Urbana,S/D,No existe,Intersección,S/D,S/D,Diurna,S/D,Lateral,S/D,Colisión,S/D,S/D,Ninguna,Sin restricción,POINT (-60.645282200000004 -32.984076599999995),"['Doctor Francisco Riva', 'San Martin']",2,Doctor Francisco Riva; José de San Martín,-32.984076599999995,-60.6452822,55.0,538.0,Municipio Rosario,Municipio,Rosario,820210,Servicio de Catastro e Información Territorial,IGN
2013,1331,2013-07-25,Jueves,0.0,18:30:00,,0.0,2,"Automóvil,Moto/Ciclomotor",carballo Y FLORIDA,2,1,0,0,1,0,0,,Calle,,ROSARIO,Rosario,Asfalto,S/D,II,S/D,Urbana,Marca Vial,S/D,Recta,Bueno,S/D,S/D,Buen Tiempo,S/D,S/D,S/D,S/D,S/D,Barrera de hormigón,S/D,POINT (-60.68344275 -32.92226555),"['Avenida Doctor Luis Cándido Carballo', 'Florida']",2,Avenida Doctor Luis Cándido Carballo; Florida,-32.92226555,-60.68344275,55.0,538.0,Municipio Rosario,Municipio,Rosario,820210,Servicio de Catastro e Información Territorial,IGN
2013,1332,2013-07-28,Domingo,0.0,21:30:00,,0.0,2,"Taxi/Remis,Moto/Ciclomotor",AV SABIN Y CASILDA,3,1,0,0,1,0,1,,Calle,,ROSARIO,Rosario,Asfalto,S/D,II,S/D,Urbana,Ninguna,S/D,Recta,S/D,S/D,Nocturna,Buen Tiempo,S/D,S/D,S/D,S/D,S/D,Ninguna,S/D,POINT (-60.6778142 -32.9281639),"['Avenida Travesía Albert Sabin', 'Casilda']",2,Avenida Travesía Albert Sabin; Casilda,-32.9281639,-60.6778142,55.0,538.0,Municipio Rosario,Municipio,Rosario,820210,Servicio de Catastro e Información Territorial,IGN
2013,1333,2013-07-23,Martes,0.0,19:30:00,,0.0,2,"Automóvil,Bicicleta",AV ALBERDI Y BV AVELLANEDA,2,1,0,0,1,0,0,,Avenida,,ROSARIO,Rosario,Asfalto,S/D,II,S/D,Urbana,S/D,Funciona,Recta,Bueno,S/D,Diurna,S/D,S/D,S/D,Atropello,S/D,S/D,S/D,S/D,POINT (-60.676114299999995 -32.92712292499999),"['Alberdi', 'Avellaneda']",2,Avenida Alberdi; Bulevar Nicolás Avellaneda,-32.92712292499999,-60.6761143,55.0,538.0,Municipio Rosario,Municipio,Rosario,820210,Servicio de Catastro e Información Territorial,IGN
2013,1334,2013-07-24,Miercoles,0.0,13:00:00,,0.0,2,"Automóvil,Taxi/Remis",Velez Sarsfield Y Alberdi,3,1,0,0,2,0,0,,Avenida,,ROSARIO,Rosario,Asfalto,S/D,II,S/D,Urbana,S/D,S/D,Recta,S/D,S/D,S/D,S/D,S/D,S/D,S/D,S/D,S/D,S/D,S/D,POINT (-60.677820800000006 -32.9249456),"['Vélez Sarsfield', 'Alberdi']",2,Vélez Sarsfield; Avenida Alberdi,-32.9249456,-60.677820800000006,55.0,538.0,Municipio Rosario,Municipio,Rosario,820210,Servicio de Catastro e Información Territorial,IGN
2013,1335,2013-07-20,Sabado,0.0,10:30:00,,0.0,2,"Moto/Ciclomotor,Pickup/Utilitario",Alberdi Y Velez Sarsfield,3,1,0,0,2,0,0,,Avenida,,ROSARIO,Rosario,Hormigón,No existe,II,Dentro,Urbana,Semáforo,Funciona,Recta,Con baches,Buena,Nocturna,Buen Tiempo,Contra objeto fijo,S/D,Colisión,S/D,S/D,Cordón divisorio,Sin restricción,POINT (-60.677820800000006 -32.9249456),"['Alberdi', 'Vélez Sarsfield']",2,Avenida Alberdi; Vélez Sarsfield,-32.9249456,-60.677820800000006,55.0,538.0,Municipio Rosario,Municipio,Rosario,820210,Servicio de Catastro e Información Territorial,IGN
2013,1338,2013-01-22,Martes,0.0,15:15:00,,0.0,2,"Automóvil,Moto/Ciclomotor",Sarmiento Y Pje. Gral.Savio,3,2,0,0,1,0,0,,Calle,,ROSARIO,Rosario,Asfalto,No existe,II,Dentro,Urbana,Ninguna,No existe,Intersección,S/D,S/D,Diurna,S/D,Lateral,S/D,Colisión,S/D,S/D,Ninguna,Sin restricción,POINT (-60.64915220000001 -32.99650659999999),"['Sarmiento', 'Savio']",2,Sarmiento; General Manuel Savio,-32.99650659999999,-60.64915220000001,55.0,538.0,Municipio Rosario,Municipio,Rosario,820210,Servicio de Catastro e Información Territorial,IGN
2013,1342,2013-01-21,Lunes,0.0,19:20:00,,0.0,2,"Automóvil,Moto/Ciclomotor",Av. Uriburu Y Sarmiento,2,1,0,0,1,0,0,,Avenida,,ROSARIO,Rosario,Asfalto,No existe,II,Dentro,Urbana,Ninguna,No existe,Intersección,S/D,S/D,Nocturna,S/D,Lateral,S/D,Colisión,S/D,S/D,Ninguna,Sin restricción,POINT (-60.64935790000001 -32.990775299999996),"['Uriburu', 'Sarmiento']",2,Avenida José Uriburu; Sarmiento,-32.9907753,-60.64935790000001,55.0,538.0,Municipio Rosario,Municipio,Rosario,820210,Servicio de Catastro e Información Territorial,IGN