anio_acci,nro_acci,fecha,desc_dia,fecha_aprox,hora_aprox,desc_ruta,km,cant_participantes,desc_participante,calle_avenida_km,total,heridos_leves,heridos_graves,heridos_gravisimos,ilesos,fallecidos,sin_datos,posicion_XY,desc_tipo_via,desc_ruta_ori,desc_loc,desc_dpto,desc_tipo_calzada,desc_tipo_banquina,desc_unidad_regional,desc_lugar_calzada,desc_zona,desc_prioridad,desc_estado_semaforo,desc_lugar_via,desc_estado_via,desc_estado_visibilidad,desc_luminosidad,desc_estado_clima,desc_tipo_colision,desc_tipo_atropello,desc_tipo_hecho,desc_pres_calzada,desc_senializacion,desc_separacion_via,desc_restriccion,forma_geocod,calle_lista,numero_calles,calles_osm,lat,lon,index_right,gid,fna,gna,nam,in1,fdc,sag
2013,1348,2013-01-15,Martes,0.0,13:00:00,,0.0,1,Moto/Ciclomotor,Ameghino 900,1,1,0,0,0,0,0,,Calle,,ROSARIO,Rosario,Asfalto,No existe,II,Dentro,Urbana,Ninguna,No existe,Intersección,S/D,S/D,Diurna,S/D,Lateral,S/D,Colisión,S/D,S/D,Ninguna,Sin restricción,"-32.9874107, -60.6462548",['Ameghino 900'],1,Ameghino 900,-32.9874107,-60.6462548,55.0,538.0,Municipio Rosario,Municipio,Rosario,820210,Servicio de Catastro e Información Territorial,IGN
2013,1349,2013-01-15,Martes,0.0,12:45:00,,0.0,2,"Moto/Ciclomotor,Automóvil",Bv. Oroño Y Bv. Segui,2,1,0,0,1,0,0,,Avenida,,ROSARIO,Rosario,Asfalto,No existe,II,S/D,Urbana,Semáforo,Funciona,Intersección,S/D,S/D,Diurna,S/D,Lateral,S/D,Colisión,S/D,S/D,Ninguna,Sin restricción,POINT (-60.661523700000004 -32.976367025),"['Bulevar Nicasio Oroño', 'Bulevar Juan Francisco Seguí']",2,Bulevar Nicasio Oroño; Bulevar Juan Francisco Seguí,-32.976367025,-60.6615237,55.0,538.0,Municipio Rosario,Municipio,Rosario,820210,Servicio de Catastro e Información Territorial,IGN
2013,1350,2013-01-02,Miercoles,0.0,08:30:00,,0.0,3,"Moto/Ciclomotor,Moto/Ciclomotor,Automóvil",Buenos Aires Y Pasco,4,2,1,0,1,0,0,,Calle,,ROSARIO,Rosario,Hormigón,S/D,II,Dentro,Urbana,S/D,S/D,Recta,Bueno,Buena,Diurna,Buen Tiempo,Otro,S/D,Colisión,S/D,S/D,S/D,S/D,POINT (-60.63599930000001 -32.960557399999985),"['Buenos Aires', 'Pasco']",2,Buenos Aires; Pasco,-32.960557399999985,-60.63599930000001,55.0,538.0,Municipio Rosario,Municipio,Rosario,820210,Servicio de Catastro e Información Territorial,IGN
2013,1351,2013-01-06,Domingo,0.0,11:45:00,,0.0,2,"Automóvil,Pickup/Utilitario",L.N.Alem Y Riobamba,5,5,0,0,0,0,0,,Calle,,ROSARIO,Rosario,Hormigón,S/D,II,Dentro,Urbana,S/D,S/D,Intersección,Bueno,Buena,Diurna,S/D,Frontal,S/D,Colisión,S/D,S/D,S/D,S/D,POINT (-60.6324245 -32.9647893),"['Alem', 'Riobamba']",2,Leandro N. Alem; Riobamba,-32.9647893,-60.6324245,55.0,538.0,Municipio Rosario,Municipio,Rosario,820210,Servicio de Catastro e Información Territorial,IGN
2013,1352,2013-01-20,Domingo,0.0,08:00:00,,0.0,2,"Moto/Ciclomotor,Automóvil",Mitre Y Saavedra,3,1,0,0,2,0,0,,Calle,,ROSARIO,Rosario,Asfalto,No existe,II,Dentro,Urbana,Ninguna,No existe,Intersección,S/D,S/D,Diurna,S/D,Lateral,S/D,Colisión,S/D,S/D,Ninguna,Sin restricción,POINT (-60.64743719999999 -32.977708099999994),"['Mitre', 'Saavedra']",2,Bartolomé Mitre; Saavedra,-32.977708099999994,-60.64743719999999,55.0,538.0,Municipio Rosario,Municipio,Rosario,820210,Servicio de Catastro e Información Territorial,IGN
2013,1353,2013-01-19,Sabado,0.0,20:00:00,,0.0,2,"Bicicleta,Moto/Ciclomotor",Santiago Y Av. Uriburu,2,1,0,0,0,0,1,,Avenida,,ROSARIO,Rosario,Asfalto,No existe,II,Dentro,Urbana,Ninguna,No existe,Intersección,S/D,S/D,Nocturna,S/D,De alcance,S/D,Atropello,S/D,S/D,Ninguna,Sin restricción,POINT (-60.66820034999999 -32.991376699999996),"['Santiago', 'Uriburu']",2,Santiago; Avenida José Uriburu,-32.9913767,-60.66820034999999,55.0,538.0,Municipio Rosario,Municipio,Rosario,820210,Servicio de Catastro e Información Territorial,IGN
2013,1354,2013-01-16,Miercoles,0.0,05:15:00,,0.0,2,"Moto/Ciclomotor,Bicicleta",San Martin 4800,2,1,0,0,1,0,0,,Calle,,ROSARIO,Rosario,Asfalto,No existe,II,Dentro,Urbana,Ninguna,No existe,Intersección,S/D,S/D,Amanecer,S/D,Lateral,S/D,Atropello,S/D,S/D,Ninguna,Sin restricción,"-33.0250039, -60.6541178",['San Martin 4800'],1,San Martin 4800,-33.0250039,-60.6541178,55.0,538.0,Municipio Rosario,Municipio,Rosario,820210,Servicio de Catastro e Información Territorial,IGN
2013,1355,2013-01-08,Martes,0.0,07:30:00,,0.0,1,Transporte de Pasajeros Urbano (> 8 asientos),Maipu Y Pasco,2,2,0,0,0,0,0,,Calle,,ROSARIO,Rosario,Hormigón,S/D,II,Dentro,Urbana,Semáforo,Funciona,Intersección,Bueno,Buena,S/D,Buen Tiempo,Otro,S/D,S/D,S/D,S/D,S/D,S/D,POINT (-60.6387202 -32.960069399999995),"['Maipú', 'Pasco']",2,Maipú; Pasco,-32.960069399999995,-60.6387202,55.0,538.0,Municipio Rosario,Municipio,Rosario,820210,Servicio de Catastro e Información Territorial,IGN
2013,1357,2013-01-12,Sabado,0.0,13:00:00,,0.0,2,"Moto/Ciclomotor,Automóvil",Buenos Aires Y Av. Pellegrini,2,1,0,0,1,0,0,,Avenida,,ROSARIO,Rosario,Hormigón,S/D,II,Dentro,Urbana,S/D,S/D,Recta,Bueno,Buena,S/D,Buen Tiempo,Otro,S/D,Caída ocupante,S/D,S/D,S/D,S/D,POINT (-60.63639453333334 -32.982757233333324),"['Buenos Aires', 'Pellegrini']",2,Buenos Aires; Avenida Carlos Pellegrini,-32.982757233333324,-60.63639453333334,55.0,538.0,Municipio Rosario,Municipio,Rosario,820210,Servicio de Catastro e Información Territorial,IGN
2013,1358,2013-02-01,Viernes,0.0,19:30:00,,0.0,2,"Automóvil,Moto/Ciclomotor",Bv. Rondeau Y Baigorria,2,1,0,0,1,0,0,,Avenida,,ROSARIO,Rosario,Asfalto,No existe,II,Dentro,Urbana,Semáforo,Funciona,Intersección,Bueno,Buena,Diurna,Buen Tiempo,Lateral,S/D,Colisión,S/D,Vertical,S/D,Sin restricción,POINT (-60.693283075000004 -32.89152782499999),"['Rondeau', 'Baigorria']",2,Bulevar General José Rondeau; Baigorria,-32.89152782499999,-60.693283075,55.0,538.0,Municipio Rosario,Municipio,Rosario,820210,Servicio de Catastro e Información Territorial,IGN
2013,1359,2013-02-09,Sabado,0.0,16:15:00,,0.0,2,"Moto/Ciclomotor,Pickup/Utilitario",Bv. Avellaneda Y Av. Genova,2,1,0,0,1,0,0,,Avenida,,ROSARIO,Rosario,Asfalto,Pavimento,II,Dentro,Urbana,Semáforo,Funciona,Recta,Bueno,Buena,Diurna,Buen Tiempo,S/D,S/D,Colisión,S/D,S/D,S/D,Sin restricción,POINT (-60.67309454999999 -32.91510614999999),"['Avellaneda', 'Genova']",2,Bulevar Nicolás Avellaneda; Avenida Génova,-32.91510614999999,-60.67309454999999,55.0,538.0,Municipio Rosario,Municipio,Rosario,820210,Servicio de Catastro e Información Territorial,IGN
2013,1360,2013-01-16,Miercoles,0.0,06:40:00,,0.0,2,"Moto/Ciclomotor,Automóvil",Necochea Y Pasco,2,1,0,0,1,0,0,,Calle,,ROSARIO,Rosario,Hormigón,Pavimento,II,Dentro,Urbana,S/D,S/D,Recta,Bueno,Buena,Amanecer,Buen Tiempo,Lateral,S/D,Colisión,S/D,S/D,S/D,Sin restricción,POINT (-60.6274676 -32.9620944),"['Necochea', 'Pasco']",2,Necochea; Pasco,-32.9620944,-60.6274676,55.0,538.0,Municipio Rosario,Municipio,Rosario,820210,Servicio de Catastro e Información Territorial,IGN
2013,1361,2013-01-11,Viernes,0.0,19:00:00,,0.0,2,"Moto/Ciclomotor,Camión",Bv. Segui Y Rodriguez,3,2,0,0,1,0,0,,Calle,,ROSARIO,Rosario,Asfalto,S/D,II,Dentro,Urbana,S/D,S/D,Intersección,S/D,S/D,S/D,S/D,Lateral,S/D,Colisión,S/D,S/D,Ninguna,Sin restricción,POINT (-60.66696664999999 -32.975399),"['Bulevar Juan Francisco Seguí', 'Rodríguez']",2,Bulevar Juan Francisco Seguí; Rodríguez de Escobedo,-32.975399,-60.66696664999999,55.0,538.0,Municipio Rosario,Municipio,Rosario,820210,Servicio de Catastro e Información Territorial,IGN
2013,1363,2013-01-19,Sabado,0.0,06:00:00,,0.0,2,"Moto/Ciclomotor,Automóvil",Laprida Y Riobamba,3,2,0,0,1,0,0,,Calle,,ROSARIO,Rosario,Hormigón,S/D,II,Dentro,Urbana,S/D,S/D,Intersección,Bueno,Buena,S/D,Buen Tiempo,Frontal,S/D,Colisión,S/D,S/D,S/D,Sin restricción,POINT (-60.6384293 -32.9637312),"['Laprida', 'Riobamba']",2,Francisco Narciso Laprida; Riobamba,-32.9637312,-60.6384293,55.0,538.0,Municipio Rosario,Municipio,Rosario,820210,Servicio de Catastro e Información Territorial,IGN
2013,1364,2013-01-02,Miercoles,0.0,19:00:00,,0.0,1,Moto/Ciclomotor,L.N.Alem Y Garay,1,1,0,0,0,0,0,,Calle,,ROSARIO,Rosario,Asfalto,S/D,II,Dentro,Urbana,S/D,No existe,Intersección,Bueno,Buena,Diurna,Buen Tiempo,Atropello animal,S/D,Atropello,S/D,S/D,Línea divisoria pintada,Sin restricción,POINT (-60.635357000000006 -32.97627119999999),"['Alem', 'Garay']",2,Leandro N. Alem; Juan de Garay,-32.97627119999999,-60.635357000000006,55.0,538.0,Municipio Rosario,Municipio,Rosario,820210,Servicio de Catastro e Información Territorial,IGN
2013,1366,2013-02-02,Sabado,0.0,,,0.0,2,"Automóvil,Moto/Ciclomotor",Av. Luis Carballo Y Bv. Avellaneda,2,1,0,0,0,0,1,,Avenida,,ROSARIO,Rosario,Asfalto,S/D,II,Dentro,Urbana,S/D,Funciona,S/D,S/D,S/D,S/D,Lluvia,Lateral,S/D,Colisión,S/D,S/D,S/D,S/D,POINT (-60.674817000000004 -32.9219776),"['Avenida Doctor Luis Cándido Carballo', 'Avellaneda']",2,Avenida Doctor Luis Cándido Carballo; Bulevar Nicolás Avellaneda,-32.9219776,-60.674817,55.0,538.0,Municipio Rosario,Municipio,Rosario,820210,Servicio de Catastro e Información Territorial,IGN
2013,1367,2013-02-01,Viernes,0.0,18:00:00,,0.0,2,"Automóvil,Taxi/Remis",Bv. Rondeau Y Gurruchaga,2,1,0,0,1,0,0,,Avenida,,ROSARIO,Rosario,Asfalto,No existe,II,S/D,Urbana,Semáforo,Funciona,Intersección,Bueno,Buena,Diurna,Buen Tiempo,Lateral,S/D,Colisión,S/D,Vertical,S/D,S/D,POINT (-60.68916395 -32.90512564999999),"['Rondeau', 'Gurruchaga']",2,Bulevar General José Rondeau; Gurruchaga,-32.90512564999999,-60.68916395,55.0,538.0,Municipio Rosario,Municipio,Rosario,820210,Servicio de Catastro e Información Territorial,IGN
2013,1369,2013-02-11,Lunes,0.0,03:30:00,,0.0,2,"Moto/Ciclomotor,Automóvil",Av. Battle y Ordoñez Y Entre Rios,2,1,0,0,1,0,0,,Avenida,,ROSARIO,Rosario,Asfalto,No existe,II,Dentro,Urbana,Ninguna,No existe,Intersección,Bueno,Reducida,Con luz artificial,Buen Tiempo,Otro,S/D,Colisión,S/D,Faltante,Ninguna,Sin restricción,POINT (-60.651645650000006 -33.00894785),"['Avenida Battle y Ordoñez', 'Entre Ríos']",2,Avenida Battle y Ordoñez; Entre Ríos,-33.00894785,-60.651645650000006,55.0,538.0,Municipio Rosario,Municipio,Rosario,820210,Servicio de Catastro e Información Territorial,IGN
2013,1372,2013-02-19,Martes,0.0,18:30:00,,0.0,2,"Moto/Ciclomotor,Automóvil",Av. Corrientes Y Pte.Quintana,2,1,0,0,1,0,0,,Avenida,,ROSARIO,Rosario,Hormigón,S/D,II,Dentro,Urbana,S/D,No existe,Intersección,Bueno,Buena,Atardecer,Buen Tiempo,Lateral,S/D,Colisión,S/D,S/D,S/D,S/D,POINT (-60.6514813 -32.9817689),"['Corrientes', 'Quintana']",2,"('Corrientes', 'Presidente Quintana')",-32.9817689,-60.6514813,55.0,538.0,Municipio Rosario,Municipio,Rosario,820210,Servicio de Catastro e Información Territorial,IGN
2013,1409,2013-02-09,Sabado,0.0,00:30:00,,0.0,2,"Moto/Ciclomotor,Transporte de Pasajeros Urbano (> 8 asientos)",Mariano Moreno Y Salta,3,0,0,0,1,2,0,,Calle,,ROSARIO,Rosario,Asfalto,No existe,II,Dentro,Urbana,Ninguna,No existe,Intersección,Bueno,Buena,"Nocturna,Con luz artificial",Buen Tiempo,Frontal,S/D,Colisión,S/D,Faltante,Ninguna,Sin restricción,POINT (-60.648842800000004 -32.937196199999995),"['Mariano Moreno', 'Salta']",2,Mariano Moreno; Salta,-32.937196199999995,-60.6488428,55.0,538.0,Municipio Rosario,Municipio,Rosario,820210,Servicio de Catastro e Información Territorial,IGN
2013,1423,2013-02-02,Sabado,0.0,,,0.0,2,"Taxi/Remis,Moto/Ciclomotor",Albert Sabin Y Av. Alberdi Bis,2,1,0,0,1,0,0,,Avenida,,ROSARIO,Rosario,Asfalto,No existe,II,Dentro,Urbana,S/D,S/D,S/D,Bueno,S/D,Nocturna,Buen Tiempo,S/D,S/D,S/D,S/D,S/D,S/D,S/D,POINT (-60.67368635 -32.93013245),"['Avenida Travesía Albert Sabin', 'Alberdi']",2,Avenida Travesía Albert Sabin; Avenida Alberdi,-32.93013245,-60.67368635,55.0,538.0,Municipio Rosario,Municipio,Rosario,820210,Servicio de Catastro e Información Territorial,IGN
2013,1425,2013-01-03,Jueves,0.0,18:30:00,,0.0,2,"Peatón,Automóvil",Dr.Rivas 50,2,1,0,0,1,0,0,,Calle,,ROSARIO,Rosario,Asfalto,No existe,II,Dentro,Urbana,Marca Vial,No existe,Recta,Bueno,Buena,Nocturna,Buen Tiempo,Otro,S/D,Atropello,Otro,Vertical,Línea divisoria pintada,Sin restricción,"-32.98649655, -60.6314555",['Doctor Francisco Riva 50'],1,Doctor Francisco Riva 50,-32.98649655,-60.6314555,55.0,538.0,Municipio Rosario,Municipio,Rosario,820210,Servicio de Catastro e Información Territorial,IGN
2013,1427,2013-02-02,Sabado,0.0,12:50:00,,0.0,2,"Moto/Ciclomotor,Automóvil",Ayacucho Y Esteban de Luca,2,1,0,0,1,0,0,,Calle,,ROSARIO,Rosario,Asfalto,Pavimento,II,Dentro,Urbana,Ninguna,No existe,Intersección,Bueno,Buena,Diurna,Buen Tiempo,Lateral,S/D,Colisión,S/D,Faltante,Ninguna,Sin restricción,POINT (-60.6367093 -32.99455210000001),"['Ayacucho', 'Esteban de Luca']",2,Ayacucho; Esteban de Luca,-32.99455210000001,-60.6367093,55.0,538.0,Municipio Rosario,Municipio,Rosario,820210,Servicio de Catastro e Información Territorial,IGN
2013,1429,2013-01-01,Martes,0.0,06:45:00,,0.0,2,"Automóvil,Peatón",Mariano Moreno Y Urquiza,2,1,0,0,1,0,0,,Calle,,ROSARIO,Rosario,Asfalto,No existe,II,Dentro,Urbana,Ninguna,No existe,Recta,Bueno,Buena,Diurna,Buen Tiempo,Otro,S/D,Atropello,S/D,Faltante,Ninguna,Sin restricción,POINT (-60.6497256 -32.940729),"['Mariano Moreno', 'Urquiza']",2,Mariano Moreno; Justo José de Urquiza,-32.940729,-60.6497256,55.0,538.0,Municipio Rosario,Municipio,Rosario,820210,Servicio de Catastro e Información Territorial,IGN
2013,1431,2013-02-12,Martes,0.0,20:30:00,,0.0,2,"Peatón,Moto/Ciclomotor",Av. Battle y Ordoñez Y Pje. J.Blanco,2,1,0,0,0,1,0,,Avenida,,ROSARIO,Rosario,Asfalto,No existe,II,Dentro,Urbana,Ninguna,No existe,Intersección,Deteriorada,Reducida,Nocturna,Otro,S/D,S/D,Atropello,S/D,S/D,"Ninguna,S/D",Sin restricción,POINT (-60.64931729999999 -33.00895029999999),"['Avenida Battle y Ordoñez', 'Blanco']",2,Avenida Battle y Ordoñez; Juan Elena Blanco,-33.00895029999999,-60.64931729999999,55.0,538.0,Municipio Rosario,Municipio,Rosario,820210,Servicio de Catastro e Información Territorial,IGN
2013,1435,2013-02-25,Lunes,0.0,08:20:00,,0.0,1,Transporte de Pasajeros Urbano (> 8 asientos),Bv. Rondeau Y Av. Sorrento,1,1,0,0,0,0,0,,Avenida,,ROSARIO,Rosario,Asfalto,No existe,II,S/D,Urbana,Semáforo,Funciona,Intersección,Bueno,Buena,Diurna,Buen Tiempo,S/D,S/D,Otro,S/D,Vertical,S/D,Sin restricción,POINT (-60.68858005 -32.90707667499999),"['Rondeau', 'Sorrento']",2,Bulevar General José Rondeau; Avenida Sorrento,-32.90707667499999,-60.68858005,55.0,538.0,Municipio Rosario,Municipio,Rosario,820210,Servicio de Catastro e Información Territorial,IGN
2013,1436,2013-02-12,Martes,0.0,09:30:00,,0.0,2,"Automóvil,Automóvil",Washington Y Esquivel,4,1,0,0,2,0,1,,Calle,,ROSARIO,Rosario,Asfalto,No existe,II,S/D,Urbana,S/D,S/D,Intersección,Bueno,S/D,Diurna,Buen Tiempo,Lateral,S/D,Colisión,S/D,Faltante,S/D,S/D,POINT (-60.70434029999999 -32.904214499999995),"['Washington', 'Esquivel']",2,Washington; Esquivel,-32.904214499999995,-60.70434029999999,55.0,538.0,Municipio Rosario,Municipio,Rosario,820210,Servicio de Catastro e Información Territorial,IGN
2013,1438,2013-02-01,Viernes,0.0,,,0.0,2,"Automóvil,Peatón",Junin 500,2,1,0,0,0,0,1,,Calle,,ROSARIO,Rosario,S/D,S/D,II,Dentro,Urbana,S/D,S/D,S/D,S/D,S/D,S/D,S/D,S/D,S/D,Atropello,S/D,S/D,S/D,S/D,"-32.9264465, -60.670784",['Junin 500'],1,Junin 500,-32.9264465,-60.670784,55.0,538.0,Municipio Rosario,Municipio,Rosario,820210,Servicio de Catastro e Información Territorial,IGN
2013,1440,2013-02-19,Martes,0.0,17:10:00,,0.0,2,"Pickup/Utilitario,Moto/Ciclomotor",J.J.Paso Y Ferreyra,2,1,0,0,1,0,0,,Calle,,ROSARIO,Rosario,Asfalto,S/D,II,Dentro,Urbana,Ninguna,No existe,Intersección,Bueno,Buena,Diurna,Buen Tiempo,Lateral,S/D,Colisión,S/D,Faltante,Ninguna,Sin restricción,POINT (-60.68024090000001 -32.9192793),"['Paso', 'Ferreyra']",2,Avenida Juan José Paso; Ferreyra,-32.9192793,-60.68024090000001,55.0,538.0,Municipio Rosario,Municipio,Rosario,820210,Servicio de Catastro e Información Territorial,IGN
2013,1442,2013-02-22,Viernes,0.0,15:10:00,,0.0,2,"Automóvil,Automóvil",Bv. Avellaneda Y Grondona,2,1,0,0,1,0,0,,Avenida,,ROSARIO,Rosario,Asfalto,No existe,II,Dentro,Urbana,Semáforo,Funciona,Recta,Bueno,Buena,Diurna,Buen Tiempo,Otro,S/D,Colisión,S/D,Vertical,Cordón divisorio,Sin restricción,POINT (-60.67465465000001 -32.9212972),"['Avellaneda', 'Grondona']",2,Bulevar Nicolás Avellaneda; Grondona,-32.9212972,-60.67465465000001,55.0,538.0,Municipio Rosario,Municipio,Rosario,820210,Servicio de Catastro e Información Territorial,IGN
2013,1443,2013-02-08,Viernes,0.0,16:45:00,,0.0,2,"Automóvil,Moto/Ciclomotor",Uriarte Y Zelaya,2,1,0,0,1,0,0,,Calle,,ROSARIO,Rosario,Asfalto,S/D,II,S/D,Urbana,S/D,No existe,Intersección,Bueno,Buena,Diurna,Buen Tiempo,Lateral,S/D,Colisión,S/D,S/D,S/D,S/D,POINT (-60.69461030000001 -32.8998307),"['Uriarte', 'Zelaya']",2,Uriarte; Zelaya,-32.8998307,-60.69461030000001,55.0,538.0,Municipio Rosario,Municipio,Rosario,820210,Servicio de Catastro e Información Territorial,IGN
2013,1466,2013-02-22,Viernes,0.0,20:15:00,,0.0,2,"Moto/Ciclomotor,Automóvil",Av. Jorge Newbery Y Calle 1428 Bis,2,0,0,0,1,1,0,,Avenida,,ROSARIO,Rosario,Asfalto,S/D,II,Dentro,Urbana,S/D,No existe,Recta,Bueno,S/D,"Nocturna,Con luz artificial",S/D,S/D,S/D,Colisión,S/D,"Horizontal,Vertical",Línea divisoria pintada,S/D,POINT (-60.77496810000001 -32.90956469999999),"['Jorge Newbery', 'Avenida Alberto J. Paz']",2,"('Avenida Jorge Newbery', 'Avenida Alberto J. Paz')",-32.90956469999999,-60.77496810000001,55.0,538.0,Municipio Rosario,Municipio,Rosario,820210,Servicio de Catastro e Información Territorial,IGN
2013,1482,2013-02-24,Domingo,0.0,03:15:00,,0.0,2,"Moto/Ciclomotor,Transporte de Pasajeros Urbano (> 8 asientos)",Av. Pellegrini 4200,2,0,0,0,1,1,0,,Avenida,,ROSARIO,Rosario,Asfalto,No existe,II,Dentro,Urbana,S/D,S/D,Recta,Bueno,S/D,"Nocturna,Con luz artificial",S/D,S/D,S/D,Colisión,S/D,S/D,Cordón divisorio,S/D,"-32.9496312, -60.6830123",['Pellegrini 4200'],1,Pellegrini 4200,-32.9496312,-60.6830123,55.0,538.0,Municipio Rosario,Municipio,Rosario,820210,Servicio de Catastro e Información Territorial,IGN
2013,1496,2013-01-04,Viernes,0.0,11:40:00,,0.0,2,"Moto/Ciclomotor,Automóvil",L.N.Alem Y Bv. Segui,3,2,0,0,1,0,0,,Calle,,ROSARIO,Rosario,Asfalto,No existe,II,Dentro,Urbana,Marca Vial,No existe,Intersección,Bueno,Buena,Diurna,Buen Tiempo,S/D,S/D,Colisión,Otro,S/D,Vegetación,Sin restricción,POINT (-60.63650380000001 -32.980857400000005),"['Alem', 'Bulevar Juan Francisco Seguí']",2,Leandro N. Alem; Bulevar Juan Francisco Seguí,-32.980857400000005,-60.63650380000001,55.0,538.0,Municipio Rosario,Municipio,Rosario,820210,Servicio de Catastro e Información Territorial,IGN
2013,1497,2013-01-07,Lunes,0.0,,,0.0,2,"Moto/Ciclomotor,Automóvil",G.Carrasco Y Magallanes,2,1,0,0,1,0,0,,Calle,,ROSARIO,Rosario,Asfalto,No existe,II,Dentro,Urbana,Ninguna,No existe,Recta,Bueno,Buena,Diurna,Buen Tiempo,S/D,S/D,Colisión,S/D,Faltante,Ninguna,Sin restricción,POINT (-60.7053228 -32.92077230000001),"['Carrasco', 'Magallanes']",2,Omar Carrasco; Magallanes,-32.92077230000001,-60.7053228,55.0,538.0,Municipio Rosario,Municipio,Rosario,820210,Servicio de Catastro e Información Territorial,IGN
2013,1501,2013-01-09,Miercoles,0.0,21:30:00,,0.0,2,"Moto/Ciclomotor,Automóvil",Fraga Y La Republica,3,2,0,0,0,0,1,,Calle,,ROSARIO,Rosario,Asfalto,No existe,II,Dentro,Urbana,Ninguna,No existe,Intersección,Bueno,Buena,"Nocturna,Con luz artificial",Buen Tiempo,Lateral,S/D,Colisión,S/D,S/D,Ninguna,Sin restricción,POINT (-60.7114863 -32.9185481),"['Fraga', 'La República']",2,Rosendo María Fraga; La República,-32.9185481,-60.7114863,55.0,538.0,Municipio Rosario,Municipio,Rosario,820210,Servicio de Catastro e Información Territorial,IGN
2013,1502,2013-02-10,Domingo,0.0,,,0.0,2,"Automóvil,Moto/Ciclomotor",Av. Pte.Peron Y Servando Bayo,2,1,0,0,1,0,0,,Avenida,,ROSARIO,Rosario,Asfalto,S/D,II,Dentro,Urbana,Semáforo,Funciona,Intersección,Bueno,Buena,S/D,Buen Tiempo,Otro,S/D,S/D,Otro,S/D,S/D,Sin restricción,POINT (-60.689665000000005 -32.95828664999999),"['Avenida Presidente Perón', 'Servando Bayo']",2,Avenida Presidente Perón; Servando Bayo,-32.95828664999999,-60.689665000000005,55.0,538.0,Municipio Rosario,Municipio,Rosario,820210,Servicio de Catastro e Información Territorial,IGN
2013,1503,2013-01-04,Viernes,0.0,13:00:00,,0.0,2,"Automóvil,Moto/Ciclomotor",Entre Rios Y Saavedra,2,1,0,0,1,0,0,,Calle,,ROSARIO,Rosario,Asfalto,No existe,II,Dentro,Urbana,S/D,Funciona,Intersección,Otro,S/D,Diurna,S/D,S/D,S/D,Colisión,S/D,S/D,Ninguna,S/D,POINT (-60.6488964 -32.977447199999986),"['Entre Ríos', 'Saavedra']",2,Entre Ríos; Saavedra,-32.977447199999986,-60.6488964,55.0,538.0,Municipio Rosario,Municipio,Rosario,820210,Servicio de Catastro e Información Territorial,IGN
2013,1504,2013-01-12,Sabado,0.0,17:00:00,,0.0,2,"Moto/Ciclomotor,Pickup/Utilitario",Av. Provincias Unidas Y La Republica,2,1,0,0,0,0,1,,Calle,,ROSARIO,Rosario,Asfalto,No existe,II,Dentro,Urbana,Ninguna,No existe,Intersección,Bueno,Buena,Diurna,Buen Tiempo,Lateral,S/D,Colisión,S/D,Faltante,Cordón divisorio,Sin restricción,POINT (-60.713721250000006 -32.9186124),"['Avenida Provincias Unidas', 'La República']",2,Avenida Provincias Unidas; La República,-32.9186124,-60.713721250000006,55.0,538.0,Municipio Rosario,Municipio,Rosario,820210,Servicio de Catastro e Información Territorial,IGN
2013,1505,2013-01-06,Domingo,0.0,19:40:00,,0.0,2,"Moto/Ciclomotor,Automóvil",Callao Y Av. Jorge Cura,3,1,0,0,2,0,0,,S/D,,ROSARIO,Rosario,Asfalto,No existe,II,S/D,S/D,S/D,No existe,Intersección,S/D,S/D,Nocturna,S/D,Lateral,S/D,Colisión,S/D,S/D,Ninguna,Sin restricción,POINT (-60.66700440000001 -32.96999869999999),"['Callao', 'Avenida Jorge Cura']",2,Callao; Avenida Jorge Cura,-32.96999869999999,-60.66700440000001,55.0,538.0,Municipio Rosario,Municipio,Rosario,820210,Servicio de Catastro e Información Territorial,IGN
2013,1506,2013-01-13,Domingo,0.0,05:00:00,,0.0,2,"Moto/Ciclomotor,Pickup/Utilitario",La Republica Y Mejico,2,1,0,0,0,0,1,,Calle,,ROSARIO,Rosario,Asfalto,No existe,II,Dentro,Urbana,Ninguna,No existe,Recta,Bueno,Buena,Amanecer,Buen Tiempo,Contra objeto fijo,S/D,Colisión,S/D,Faltante,Ninguna,Sin restricción,POINT (-60.7193808 -32.9187514),"['La República', 'Mejico']",2,La República; Méjico,-32.9187514,-60.7193808,55.0,538.0,Municipio Rosario,Municipio,Rosario,820210,Servicio de Catastro e Información Territorial,IGN
2013,1507,2013-02-09,Sabado,0.0,13:00:00,,0.0,2,"Automóvil,Moto/Ciclomotor",Bv. Avellaneda Y Bv. 27 De Febrero,2,1,0,0,1,0,0,,Calle,,ROSARIO,Rosario,Asfalto,S/D,II,Dentro,Urbana,Semáforo,Funciona,Intersección,Bueno,Buena,Diurna,Buen Tiempo,Otro,S/D,Otro,S/D,S/D,S/D,Sin restricción,POINT (-60.68448515 -32.96026405),"['Avellaneda', '27 de Febrero']",2,Bulevar Nicolás Avellaneda; Bulevar 27 de Febrero,-32.96026405,-60.68448515,55.0,538.0,Municipio Rosario,Municipio,Rosario,820210,Servicio de Catastro e Información Territorial,IGN