anio_acci,nro_acci,fecha,desc_dia,fecha_aprox,hora_aprox,desc_ruta,km,cant_participantes,desc_participante,calle_avenida_km,total,heridos_leves,heridos_graves,heridos_gravisimos,ilesos,fallecidos,sin_datos,posicion_XY,desc_tipo_via,desc_ruta_ori,desc_loc,desc_dpto,desc_tipo_calzada,desc_tipo_banquina,desc_unidad_regional,desc_lugar_calzada,desc_zona,desc_prioridad,desc_estado_semaforo,desc_lugar_via,desc_estado_via,desc_estado_visibilidad,desc_luminosidad,desc_estado_clima,desc_tipo_colision,desc_tipo_atropello,desc_tipo_hecho,desc_pres_calzada,desc_senializacion,desc_separacion_via,desc_restriccion,forma_geocod,calle_lista,numero_calles,calles_osm,lat,lon,index_right,gid,fna,gna,nam,in1,fdc,sag
2013,1508,2013-02-11,Lunes,0.0,,,0.0,2,"Automóvil,Bicicleta",Galvez Y Iriondo,2,1,0,0,0,0,1,,Calle,,ROSARIO,Rosario,Asfalto,Pavimento,II,Dentro,Urbana,Otra Señal,No existe,Intersección,Bueno,Buena,Diurna,Buen Tiempo,S/D,S/D,Atropello,S/D,S/D,S/D,Sin restricción,POINT (-60.675245999999994 -32.9631605),"['Galvez', 'Iriondo']",2,José Gálvez; Iriondo,-32.9631605,-60.675246,55.0,538.0,Municipio Rosario,Municipio,Rosario,820210,Servicio de Catastro e Información Territorial,IGN
2013,1509,2013-01-07,Lunes,0.0,11:30:00,,0.0,2,"Automóvil,Moto/Ciclomotor",Bv. Segui Y Mitre,2,1,0,0,1,0,0,,S/D,,ROSARIO,Rosario,Asfalto,S/D,II,S/D,S/D,S/D,S/D,Intersección,S/D,S/D,S/D,S/D,Lateral,S/D,Colisión,S/D,S/D,Ninguna,Sin restricción,POINT (-60.6477426 -32.97883275),"['Bulevar Juan Francisco Seguí', 'Mitre']",2,Bulevar Juan Francisco Seguí; Bartolomé Mitre,-32.97883275,-60.6477426,55.0,538.0,Municipio Rosario,Municipio,Rosario,820210,Servicio de Catastro e Información Territorial,IGN
2013,1510,2013-01-13,Domingo,0.0,20:45:00,,0.0,2,"Moto/Ciclomotor,Automóvil",Av. Sorrento Y Av. Provincias Unidas,3,2,0,0,1,0,0,,Avenida,,ROSARIO,Rosario,Asfalto,No existe,II,Dentro,Urbana,Señal Ceda el Paso,No existe,Rotonda,Bueno,Buena,"Nocturna,Con luz artificial",Buen Tiempo,Frontal,S/D,Colisión,S/D,Horizontal,Vegetación,Sin restricción,POINT (-60.714102249999996 -32.9083328),"['Sorrento', 'Avenida Provincias Unidas']",2,Avenida Sorrento; Avenida Provincias Unidas,-32.9083328,-60.71410225,55.0,538.0,Municipio Rosario,Municipio,Rosario,820210,Servicio de Catastro e Información Territorial,IGN
2013,1511,2013-02-12,Martes,0.0,,,0.0,2,"Automóvil,Automóvil",Bv. 27 De Febrero Y Castellanos,2,1,0,0,1,0,0,,Avenida,,ROSARIO,Rosario,Asfalto,No existe,II,Dentro,Urbana,S/D,No existe,Intersección,Bueno,Buena,S/D,Buen Tiempo,Otro,S/D,Otro,S/D,S/D,S/D,Sin restricción,POINT (-60.680369799999994 -32.96100625),"['27 de Febrero', 'Aaron Castellanos']",2,Bulevar 27 de Febrero; Aaron Castellanos,-32.96100625,-60.6803698,55.0,538.0,Municipio Rosario,Municipio,Rosario,820210,Servicio de Catastro e Información Territorial,IGN
2013,1512,2013-01-13,Domingo,0.0,21:30:00,,0.0,2,"Automóvil,Automóvil",J.J.Paso Y Cullen,3,1,0,0,1,0,1,,Calle,,ROSARIO,Rosario,Asfalto,No existe,II,Dentro,Urbana,Semáforo,Funciona,Recta,Bueno,Buena,"Nocturna,Con luz artificial",Buen Tiempo,Otro,S/D,Colisión,S/D,S/D,Ninguna,Sin restricción,POINT (-60.7097063 -32.92013579999998),"['Paso', 'Cullen']",2,Avenida Juan José Paso; Cullen,-32.92013579999998,-60.7097063,55.0,538.0,Municipio Rosario,Municipio,Rosario,820210,Servicio de Catastro e Información Territorial,IGN
2013,1515,2013-02-17,Domingo,0.0,,,0.0,2,"Automóvil,Automóvil",Av. Pte.Peron Y San Nicolas,2,1,0,0,0,0,1,,Avenida,,ROSARIO,Rosario,Asfalto,No existe,II,Dentro,Urbana,Semáforo,Funciona,Intersección,Bueno,Buena,Diurna,Buen Tiempo,Otro,S/D,Otro,Otro,S/D,S/D,Sin restricción,POINT (-60.6764689 -32.95676415),"['Avenida Presidente Perón', 'San Nicolás']",2,Avenida Presidente Perón; San Nicolás,-32.95676415,-60.6764689,55.0,538.0,Municipio Rosario,Municipio,Rosario,820210,Servicio de Catastro e Información Territorial,IGN
2013,1516,2013-02-01,Viernes,0.0,17:00:00,,0.0,2,"Automóvil,Moto/Ciclomotor",Av. Francia Y Jujuy,2,1,1,0,0,0,0,,Avenida,,ROSARIO,Rosario,Asfalto,S/D,II,Dentro,Urbana,Ninguna,No existe,Recta,Bueno,Buena,Diurna,Buen Tiempo,Lateral,S/D,Colisión,S/D,Faltante,S/D,Sin restricción,POINT (-60.6634714 -32.93337134999999),"['Avenida Francia', 'Jujuy']",2,Avenida Francia; Jujuy,-32.93337134999999,-60.6634714,55.0,538.0,Municipio Rosario,Municipio,Rosario,820210,Servicio de Catastro e Información Territorial,IGN
2013,1518,2013-01-09,Miercoles,0.0,18:30:00,,0.0,2,"Taxi/Remis,Pickup/Utilitario",Av. Uriburu Y San Martin,2,1,0,0,1,0,0,,Calle,,ROSARIO,Rosario,Asfalto,No existe,II,Dentro,Urbana,S/D,Funciona,Intersección,S/D,S/D,Atardecer,S/D,Lateral,S/D,Colisión,S/D,S/D,Cordón divisorio,Sin restricción,POINT (-60.646703949999996 -32.99069289999999),"['Uriburu', 'San Martin']",2,Avenida José Uriburu; José de San Martín,-32.99069289999999,-60.64670395,55.0,538.0,Municipio Rosario,Municipio,Rosario,820210,Servicio de Catastro e Información Territorial,IGN
2013,1522,2013-02-05,Martes,0.0,10:30:00,,0.0,2,"Taxi/Remis,Automóvil",Urquiza Y Pueyrredon,3,1,0,0,2,0,0,,Calle,,ROSARIO,Rosario,Asfalto,S/D,II,Dentro,Urbana,Señal Pare,No existe,Recta,Bueno,S/D,Diurna,Buen Tiempo,Lateral,S/D,Colisión,S/D,Horizontal,S/D,S/D,POINT (-60.6564923 -32.9395203),"['Urquiza', 'Pueyrredón']",2,Justo José de Urquiza; Pueyrredón,-32.9395203,-60.6564923,55.0,538.0,Municipio Rosario,Municipio,Rosario,820210,Servicio de Catastro e Información Territorial,IGN
2013,1524,2013-01-09,Miercoles,0.0,22:15:00,,0.0,2,"Taxi/Remis,Moto/Ciclomotor",Bv. Segui Y Italia,2,1,0,0,1,0,0,,Avenida,,ROSARIO,Rosario,Asfalto,No existe,II,Dentro,Urbana,Semáforo,No existe,Intersección,S/D,S/D,Nocturna,Otro,Lateral,S/D,Colisión,S/D,S/D,Ninguna,Sin restricción,POINT (-60.6560807 -32.977334),"['Bulevar Juan Francisco Seguí', 'Italia']",2,Bulevar Juan Francisco Seguí; Italia,-32.977334,-60.6560807,55.0,538.0,Municipio Rosario,Municipio,Rosario,820210,Servicio de Catastro e Información Territorial,IGN
2013,1525,2013-01-18,Viernes,0.0,17:00:00,,0.0,2,"Bicicleta,Automóvil",Biedma Y Pueyrredon,2,1,0,0,1,0,0,,Calle,,ROSARIO,Rosario,Asfalto,No existe,II,Dentro,Urbana,S/D,No existe,Intersección,S/D,S/D,Amanecer,S/D,Lateral,S/D,Colisión,S/D,S/D,Ninguna,Sin restricción,POINT (-60.66617329999999 -32.977945899999995),"['Coronel Biedma', 'Pueyrredón']",2,Coronel Biedma; Pueyrredón,-32.977945899999995,-60.66617329999999,55.0,538.0,Municipio Rosario,Municipio,Rosario,820210,Servicio de Catastro e Información Territorial,IGN
2013,1526,2013-02-07,Jueves,0.0,06:00:00,,0.0,2,"Automóvil,Automóvil",Urquiza Y San Nicolas,2,1,0,0,0,0,1,,Calle,,ROSARIO,Rosario,Asfalto,S/D,II,Dentro,Urbana,Ninguna,No existe,Recta,Bueno,Buena,Amanecer,Buen Tiempo,Otro,S/D,Colisión,S/D,S/D,S/D,Sin restricción,POINT (-60.6714596 -32.93685429999999),"['Urquiza', 'San Nicolás']",2,Justo José de Urquiza; San Nicolás,-32.93685429999999,-60.6714596,55.0,538.0,Municipio Rosario,Municipio,Rosario,820210,Servicio de Catastro e Información Territorial,IGN
2013,1529,2013-02-08,Viernes,0.0,14:30:00,,0.0,2,"Bicicleta,Automóvil",Salta Y Suipacha,2,1,0,0,1,0,0,,Calle,,ROSARIO,Rosario,Asfalto,S/D,II,Dentro,Urbana,S/D,No existe,Recta,Bueno,S/D,Diurna,Buen Tiempo,Contra objeto fijo,S/D,Atropello,S/D,Faltante,S/D,S/D,POINT (-60.6624133 -32.9348077),"['Salta', 'Suipacha']",2,Salta; Suipacha,-32.9348077,-60.6624133,55.0,538.0,Municipio Rosario,Municipio,Rosario,820210,Servicio de Catastro e Información Territorial,IGN
2013,1530,2013-02-08,Viernes,0.0,18:10:00,,0.0,2,"Moto/Ciclomotor,Automóvil",Santiago Y Tucuman,2,1,0,0,1,0,0,,Calle,,ROSARIO,Rosario,Asfalto,S/D,II,Dentro,Urbana,Señal Pare,No existe,Intersección,Bueno,S/D,Atardecer,Buen Tiempo,Lateral,S/D,Colisión,S/D,Horizontal,S/D,Sin restricción,POINT (-60.6547977 -32.9386111),"['Santiago', 'Tucumán']",2,Santiago; Tucumán,-32.9386111,-60.6547977,55.0,538.0,Municipio Rosario,Municipio,Rosario,820210,Servicio de Catastro e Información Territorial,IGN
2013,1555,2013-02-15,Viernes,0.0,09:00:00,,0.0,2,"Automóvil,Bicicleta",Salta Y Callao,2,1,0,0,1,0,0,,Calle,,ROSARIO,Rosario,Asfalto,No existe,II,Dentro,Urbana,S/D,Funciona,Otro,Bueno,Buena,Diurna,Buen Tiempo,S/D,S/D,Atropello,Fluidos,Horizontal,Ninguna,Sin restricción,POINT (-60.6583919 -32.93552249999999),"['Salta', 'Callao']",2,Salta; Callao,-32.93552249999999,-60.6583919,55.0,538.0,Municipio Rosario,Municipio,Rosario,820210,Servicio de Catastro e Información Territorial,IGN
2013,1556,2013-02-16,Sabado,0.0,05:45:00,,0.0,2,"Moto/Ciclomotor,Automóvil",Vera Mujica Y Urquiza,3,2,0,0,1,0,0,,Calle,,ROSARIO,Rosario,Asfalto,No existe,II,Dentro,Urbana,Semáforo,No existe,Intersección,Bueno,Buena,Amanecer,Buen Tiempo,Otro,S/D,Otro,S/D,Horizontal,Ninguna,Sin restricción,POINT (-60.6660287 -32.9378397),"['Vera Mujíca', 'Urquiza']",2,Vera Mujíca; Justo José de Urquiza,-32.9378397,-60.6660287,55.0,538.0,Municipio Rosario,Municipio,Rosario,820210,Servicio de Catastro e Información Territorial,IGN
2013,1558,2013-02-07,Jueves,0.0,18:00:00,,0.0,2,"Automóvil,Moto/Ciclomotor",Washington Y Medrano,3,1,0,0,1,0,1,,Calle,,ROSARIO,Rosario,Asfalto,S/D,II,S/D,Urbana,Ninguna,No existe,Curva,Bueno,Buena,Diurna,S/D,Lateral,S/D,Colisión,S/D,Faltante,S/D,Sin restricción,POINT (-60.6991793 -32.903118500000005),"['Washington', 'Medrano']",2,Washington; Medrano,-32.903118500000005,-60.6991793,55.0,538.0,Municipio Rosario,Municipio,Rosario,820210,Servicio de Catastro e Información Territorial,IGN
2013,1559,2013-02-19,Martes,0.0,09:30:00,,0.0,2,"Peatón,Automóvil",Constitucion Y San Lorenzo,2,0,1,0,0,0,1,,Calle,,ROSARIO,Rosario,Asfalto,No existe,II,Dentro,Urbana,Ninguna,No existe,Recta,Bueno,S/D,Diurna,Buen Tiempo,Otro,S/D,Atropello,S/D,Faltante,S/D,Sin restricción,POINT (-60.6730946 -32.9377649),"['Constitución', 'San Lorenzo']",2,Constitución; San Lorenzo,-32.9377649,-60.6730946,55.0,538.0,Municipio Rosario,Municipio,Rosario,820210,Servicio de Catastro e Información Territorial,IGN
2013,1560,2013-02-21,Jueves,0.0,09:00:00,,0.0,2,"Moto/Ciclomotor,Automóvil",San Lorenzo Y Constitucion,4,2,0,0,2,0,0,,Calle,,ROSARIO,Rosario,Asfalto,S/D,II,Dentro,Urbana,S/D,No existe,Recta,Bueno,S/D,S/D,Buen Tiempo,Lateral,S/D,Colisión,S/D,Faltante,S/D,S/D,POINT (-60.6730946 -32.9377649),"['San Lorenzo', 'Constitución']",2,San Lorenzo; Constitución,-32.9377649,-60.6730946,55.0,538.0,Municipio Rosario,Municipio,Rosario,820210,Servicio de Catastro e Información Territorial,IGN
2013,1564,2013-02-21,Jueves,0.0,17:35:00,,0.0,2,"Automóvil,Peatón",Urquiza Y Rodriguez,2,1,0,0,1,0,0,,Calle,,ROSARIO,Rosario,Asfalto,No existe,II,Dentro,Urbana,Ninguna,No existe,Otro,Bueno,S/D,"Diurna,Con luz artificial",Buen Tiempo,Otro,S/D,Atropello,S/D,Faltante,Ninguna,Sin restricción,POINT (-60.65783139999999 -32.939287699999994),"['Urquiza', 'Rodríguez']",2,Justo José de Urquiza; Rodríguez de Escobedo,-32.939287699999994,-60.65783139999999,55.0,538.0,Municipio Rosario,Municipio,Rosario,820210,Servicio de Catastro e Información Territorial,IGN
2013,1566,2013-02-23,Sabado,0.0,07:15:00,,0.0,2,"Moto/Ciclomotor,Automóvil",Tucuman Y Santiago,2,1,0,0,0,0,1,,Calle,,ROSARIO,Rosario,Asfalto,No existe,II,Dentro,Urbana,Señal Pare,No existe,Recta,S/D,Buena,Amanecer,Buen Tiempo,Otro,S/D,Colisión,S/D,Faltante,Ninguna,Sin restricción,POINT (-60.6547977 -32.9386111),"['Tucumán', 'Santiago']",2,Tucumán; Santiago,-32.9386111,-60.6547977,55.0,538.0,Municipio Rosario,Municipio,Rosario,820210,Servicio de Catastro e Información Territorial,IGN
2013,1567,2013-02-23,Sabado,0.0,08:30:00,,0.0,2,"Bicicleta,Pickup/Utilitario",Guemes Y Rodriguez,2,1,0,0,1,0,0,,Calle,,ROSARIO,Rosario,Asfalto,No existe,II,Dentro,Urbana,Ninguna,No existe,Otro,Bueno,Buena,Diurna,Buen Tiempo,Otro,S/D,Atropello,Otro,Faltante,Ninguna,Sin restricción,POINT (-60.6560836 -32.9322852),"['Güemes', 'Rodríguez']",2,Güemes; Rodríguez de Escobedo,-32.9322852,-60.6560836,55.0,538.0,Municipio Rosario,Municipio,Rosario,820210,Servicio de Catastro e Información Territorial,IGN
2013,1568,2013-02-25,Lunes,0.0,21:30:00,,0.0,2,"Moto/Ciclomotor,Pickup/Utilitario",Vera Mujica Y Jujuy,2,1,0,0,1,0,0,,Calle,,ROSARIO,Rosario,Asfalto,No existe,II,Dentro,Urbana,Ninguna,No existe,Recta,Bueno,Buena,"Nocturna,Con luz artificial",Buen Tiempo,Lateral,S/D,Colisión,S/D,Faltante,Ninguna,Sin restricción,POINT (-60.664834400000004 -32.9331183),"['Vera Mujíca', 'Jujuy']",2,Vera Mujíca; Jujuy,-32.9331183,-60.6648344,55.0,538.0,Municipio Rosario,Municipio,Rosario,820210,Servicio de Catastro e Información Territorial,IGN
2013,1569,2013-02-28,Jueves,0.0,10:00:00,,0.0,2,"Transporte de Pasajeros Urbano (> 8 asientos),Moto/Ciclomotor",Suipacha Y Catamarca,2,1,0,0,1,0,0,,Calle,,ROSARIO,Rosario,Asfalto,S/D,II,Dentro,Urbana,Semáforo,No existe,Recta,Bueno,Buena,Diurna,Buen Tiempo,Otro,S/D,Colisión,Otro,Horizontal,Ninguna,Sin restricción,POINT (-60.66269400000001 -32.935943599999995),"['Suipacha', 'Catamarca']",2,Suipacha; Catamarca,-32.935943599999995,-60.66269400000001,55.0,538.0,Municipio Rosario,Municipio,Rosario,820210,Servicio de Catastro e Información Territorial,IGN
2013,1570,2013-02-28,Jueves,0.0,00:30:00,,0.0,2,"Automóvil,Moto/Ciclomotor",Av. Ovidio Lagos Y Urquiza,3,1,0,0,2,0,0,,Avenida,,ROSARIO,Rosario,Asfalto,S/D,II,Dentro,Urbana,Semáforo,Funciona,Recta,Bueno,Buena,"Nocturna,Con luz artificial",Buen Tiempo,Otro,S/D,Otro,S/D,S/D,S/D,Sin restricción,POINT (-60.660585299999994 -32.938803599999986),"['Avenida Ovidio Lagos', 'Urquiza']",2,Avenida Ovidio Lagos; Justo José de Urquiza,-32.938803599999986,-60.6605853,55.0,538.0,Municipio Rosario,Municipio,Rosario,820210,Servicio de Catastro e Información Territorial,IGN
2013,1574,2013-01-05,Sabado,0.0,05:00:00,,0.0,2,"Peatón,Moto/Ciclomotor",Crespo Y Santa Fe,2,1,0,0,0,0,1,,Calle,,ROSARIO,Rosario,Asfalto,No existe,II,Dentro,Urbana,Semáforo,Funciona,Recta,Bueno,Buena,Amanecer,Buen Tiempo,Otro,S/D,Atropello,Otro,Vertical,Ninguna,Sin restricción,POINT (-60.66793810000001 -32.9397011),"['Crespo', 'Santa Fe']",2,Crespo; Santa Fe,-32.9397011,-60.66793810000001,55.0,538.0,Municipio Rosario,Municipio,Rosario,820210,Servicio de Catastro e Información Territorial,IGN
2013,1575,2013-01-06,Domingo,0.0,19:10:00,,0.0,2,"Moto/Ciclomotor,Automóvil",Ricchieri Y Urquiza,2,1,0,0,1,0,0,,Calle,,ROSARIO,Rosario,Asfalto,S/D,II,Dentro,Urbana,Ninguna,No existe,Recta,Bueno,Buena,Atardecer,Buen Tiempo,Otro,S/D,Colisión,Otro,Faltante,Ninguna,Sin restricción,POINT (-60.6619733 -32.9385564),"['Ricchieri', 'Urquiza']",2,Ricchieri; Justo José de Urquiza,-32.9385564,-60.6619733,55.0,538.0,Municipio Rosario,Municipio,Rosario,820210,Servicio de Catastro e Información Territorial,IGN
2013,1576,2013-01-08,Martes,0.0,14:30:00,,0.0,2,"Moto/Ciclomotor,Automóvil",Jujuy Y Av. Ovidio Lagos,2,0,0,0,0,0,2,,Avenida,,ROSARIO,Rosario,Asfalto,No existe,II,Dentro,Urbana,Semáforo,Funciona,Recta,Bueno,Buena,Diurna,Buen Tiempo,Otro,S/D,Colisión,S/D,Vertical,Ninguna,Sin restricción,POINT (-60.65939970000001 -32.93408639999999),"['Jujuy', 'Avenida Ovidio Lagos']",2,Jujuy; Avenida Ovidio Lagos,-32.93408639999999,-60.65939970000001,55.0,538.0,Municipio Rosario,Municipio,Rosario,820210,Servicio de Catastro e Información Territorial,IGN
2013,1577,2013-01-09,Miercoles,0.0,07:00:00,,0.0,2,"Moto/Ciclomotor,Automóvil",Salta Y Callao,2,1,0,0,1,0,0,,Calle,,ROSARIO,Rosario,Asfalto,No existe,II,Dentro,Urbana,Semáforo,Funciona,Recta,Bueno,Buena,Diurna,Buen Tiempo,Otro,S/D,Colisión,Otro,Vertical,Ninguna,Sin restricción,POINT (-60.6583919 -32.93552249999999),"['Salta', 'Callao']",2,Salta; Callao,-32.93552249999999,-60.6583919,55.0,538.0,Municipio Rosario,Municipio,Rosario,820210,Servicio de Catastro e Información Territorial,IGN
2013,1578,2013-01-10,Jueves,0.0,15:00:00,,0.0,2,"Automóvil,Automóvil",Guemes Y Av. Ovidio Lagos,2,1,0,0,1,0,0,,Avenida,,ROSARIO,Rosario,Asfalto,No existe,II,Dentro,Urbana,Semáforo,Funciona,Recta,Bueno,Buena,Diurna,Buen Tiempo,Otro,S/D,Colisión,Otro,Vertical,Ninguna,Sin restricción,POINT (-60.658824900000006 -32.93179409999999),"['Güemes', 'Avenida Ovidio Lagos']",2,Güemes; Avenida Ovidio Lagos,-32.93179409999999,-60.658824900000006,55.0,538.0,Municipio Rosario,Municipio,Rosario,820210,Servicio de Catastro e Información Territorial,IGN
2013,1579,2013-01-11,Viernes,0.0,17:00:00,,0.0,2,"Moto/Ciclomotor,Automóvil",Santa Fe Y Vera Mujica,2,1,0,0,0,0,1,,Calle,,ROSARIO,Rosario,Asfalto,No existe,II,Dentro,Urbana,Semáforo,Funciona,Recta,Otro,Buena,Diurna,Buen Tiempo,Otro,S/D,Colisión,Otro,Vertical,Ninguna,Sin restricción,POINT (-60.6665625 -32.9399498),"['Santa Fe', 'Vera Mujíca']",2,Santa Fe; Vera Mujíca,-32.9399498,-60.6665625,55.0,538.0,Municipio Rosario,Municipio,Rosario,820210,Servicio de Catastro e Información Territorial,IGN
2013,1580,2013-01-12,Sabado,0.0,05:50:00,,0.0,2,"Moto/Ciclomotor,Automóvil",Av. Ovidio Lagos Y Urquiza,2,1,0,0,1,0,0,,Avenida,,ROSARIO,Rosario,Asfalto,No existe,II,Dentro,Urbana,Semáforo,Funciona,Recta,Bueno,Buena,Amanecer,Buen Tiempo,Otro,S/D,Colisión,Otro,Vertical,Ninguna,Sin restricción,POINT (-60.660585299999994 -32.938803599999986),"['Avenida Ovidio Lagos', 'Urquiza']",2,Avenida Ovidio Lagos; Justo José de Urquiza,-32.938803599999986,-60.6605853,55.0,538.0,Municipio Rosario,Municipio,Rosario,820210,Servicio de Catastro e Información Territorial,IGN
2013,1581,2013-01-20,Domingo,0.0,11:40:00,,0.0,2,"Automóvil,Automóvil",San Nicolas Y San Lorenzo,2,1,0,0,1,0,0,,Calle,,ROSARIO,Rosario,Asfalto,No existe,II,Dentro,Urbana,Ninguna,No existe,Otro,Bueno,Buena,Diurna,Buen Tiempo,Otro,S/D,Colisión,Otro,Faltante,Ninguna,Sin restricción,POINT (-60.67174630000001 -32.9380145),"['San Nicolás', 'San Lorenzo']",2,San Nicolás; San Lorenzo,-32.9380145,-60.67174630000001,55.0,538.0,Municipio Rosario,Municipio,Rosario,820210,Servicio de Catastro e Información Territorial,IGN
2013,1582,2013-01-22,Martes,0.0,05:40:00,,0.0,2,"Automóvil,Automóvil",Tucuman Y Suipacha,2,1,0,0,1,0,0,,Calle,,ROSARIO,Rosario,Asfalto,No existe,II,Dentro,Urbana,Ninguna,No existe,Recta,Bueno,Buena,Amanecer,Buen Tiempo,Otro,S/D,Colisión,Otro,Faltante,Ninguna,Sin restricción,POINT (-60.662997 -32.937165199999995),"['Tucumán', 'Suipacha']",2,Tucumán; Suipacha,-32.937165199999995,-60.662997,55.0,538.0,Municipio Rosario,Municipio,Rosario,820210,Servicio de Catastro e Información Territorial,IGN
2013,1604,2013-01-23,Miercoles,0.0,19:00:00,,0.0,2,"Automóvil,Automóvil",Rivadavia Y Av. Ovidio Lagos,3,1,0,0,1,0,1,,Avenida,,ROSARIO,Rosario,Asfalto,No existe,II,Dentro,Urbana,Semáforo,Funciona,Curva,Bueno,Buena,Atardecer,Buen Tiempo,Otro,S/D,Colisión,Otro,Vertical,Ninguna,Sin restricción,POINT (-60.672997499999994 -32.989899199999996),"['Rivadavia', 'Avenida Ovidio Lagos']",2,Avenida Bernardino Rivadavia; Avenida Ovidio Lagos,-32.9898992,-60.6729975,55.0,538.0,Municipio Rosario,Municipio,Rosario,820210,Servicio de Catastro e Información Territorial,IGN
2013,1605,2013-01-23,Miercoles,0.0,21:00:00,,0.0,2,"Moto/Ciclomotor,Automóvil",Bv. Avellaneda Y Tucuman,2,1,0,0,1,0,0,,Avenida,,ROSARIO,Rosario,Asfalto,S/D,II,Dentro,Urbana,Ninguna,S/D,Recta,Bueno,Buena,Nocturna,Buen Tiempo,Otro,S/D,Colisión,Otro,Faltante,Ninguna,Sin restricción,POINT (-60.6779626 -32.9344441),"['Avellaneda', 'Tucumán']",2,Bulevar Nicolás Avellaneda; Tucumán,-32.9344441,-60.6779626,55.0,538.0,Municipio Rosario,Municipio,Rosario,820210,Servicio de Catastro e Información Territorial,IGN
2013,1607,2013-01-10,Jueves,0.0,21:15:00,,0.0,2,"Automóvil,Moto/Ciclomotor",Garibaldi Y Dorrego,2,1,0,0,1,0,0,,Calle,,ROSARIO,Rosario,Asfalto,No existe,II,Dentro,Urbana,S/D,No existe,Intersección,Bueno,Buena,Diurna,S/D,Lateral,S/D,Colisión,S/D,S/D,Ninguna,Sin restricción,POINT (-60.6592046 -32.984001500000005),"['José Garibaldi', 'Dorrego']",2,José Garibaldi; Manuel Dorrego,-32.984001500000005,-60.6592046,55.0,538.0,Municipio Rosario,Municipio,Rosario,820210,Servicio de Catastro e Información Territorial,IGN
2013,1608,2013-01-02,Miercoles,0.0,05:30:00,,0.0,2,"Moto/Ciclomotor,Automóvil",Av. Luis Carballo 700,2,1,0,0,1,0,0,,Calle,,ROSARIO,Rosario,Asfalto,S/D,II,Dentro,Urbana,S/D,S/D,Recta,S/D,S/D,Diurna,S/D,S/D,S/D,Colisión,S/D,S/D,S/D,S/D,"-32.9219234, -60.6750653",['Luis Carballo 700'],1,Luis Carballo 700,-32.9219234,-60.6750653,55.0,538.0,Municipio Rosario,Municipio,Rosario,820210,Servicio de Catastro e Información Territorial,IGN
2013,1611,2013-01-05,Sabado,0.0,,,0.0,2,"Automóvil,Moto/Ciclomotor",CANDIDO CARBALLO 200,2,1,0,0,1,0,0,,Calle,,ROSARIO,Rosario,S/D,S/D,II,Dentro,Urbana,S/D,S/D,Recta,S/D,S/D,Diurna,S/D,S/D,S/D,Colisión,S/D,S/D,S/D,S/D,"-32.9221961, -60.6858644",['Candido Carballo 200'],1,Candido Carballo 200,-32.9221961,-60.6858644,55.0,538.0,Municipio Rosario,Municipio,Rosario,820210,Servicio de Catastro e Información Territorial,IGN
2013,1612,2013-01-23,Miercoles,0.0,,,0.0,2,"Automóvil,Moto/Ciclomotor",Ocampo Y Necochea,3,2,0,0,1,0,0,,Calle,,ROSARIO,Rosario,Hormigón,S/D,II,Dentro,Urbana,S/D,S/D,Recta,Bueno,Buena,S/D,Buen Tiempo,Lateral,S/D,Colisión,S/D,S/D,S/D,S/D,POINT (-60.6291842 -32.9689484),"['Ocampo', 'Necochea']",2,Ocampo; Necochea,-32.9689484,-60.6291842,55.0,538.0,Municipio Rosario,Municipio,Rosario,820210,Servicio de Catastro e Información Territorial,IGN
2013,1614,2013-01-24,Jueves,0.0,,,0.0,1,,La Paz Y Ayacucho,4,4,0,0,0,0,0,,Calle,,ROSARIO,Rosario,Hormigón,S/D,II,Dentro,Urbana,S/D,S/D,Recta,Bueno,S/D,S/D,Buen Tiempo,Frontal,S/D,Colisión,S/D,S/D,S/D,S/D,POINT (-60.6313639 -32.96617200000001),"['La Paz', 'Ayacucho']",2,La Paz; Ayacucho,-32.96617200000001,-60.6313639,55.0,538.0,Municipio Rosario,Municipio,Rosario,820210,Servicio de Catastro e Información Territorial,IGN
2013,1620,2013-01-24,Jueves,1.0,,,0.0,2,"Pickup/Utilitario,Camión",La Paz Y Ayacucho,4,4,0,0,0,0,0,,Calle,,ROSARIO,Rosario,Hormigón,S/D,II,Dentro,Urbana,S/D,S/D,Recta,Bueno,Buena,S/D,Buen Tiempo,Frontal,S/D,Colisión,S/D,S/D,Ninguna,S/D,POINT (-60.6313639 -32.96617200000001),"['La Paz', 'Ayacucho']",2,La Paz; Ayacucho,-32.96617200000001,-60.6313639,55.0,538.0,Municipio Rosario,Municipio,Rosario,820210,Servicio de Catastro e Información Territorial,IGN
2013,1622,2013-01-12,Sabado,0.0,21:00:00,,0.0,2,"Automóvil,Bicicleta",Gorriti Y Echeverria Bis,2,1,0,0,1,0,0,,Calle,,ROSARIO,Rosario,S/D,S/D,II,Dentro,Urbana,S/D,S/D,S/D,S/D,S/D,S/D,S/D,S/D,S/D,Atropello,S/D,S/D,S/D,S/D,POINT (-60.6722011 -32.9232899),"['Gorriti', 'Echeverría']",2,Gorriti; Echeverría,-32.9232899,-60.6722011,55.0,538.0,Municipio Rosario,Municipio,Rosario,820210,Servicio de Catastro e Información Territorial,IGN
2013,1623,2013-01-24,Jueves,0.0,06:30:00,,0.0,3,"Moto/Ciclomotor,Moto/Ciclomotor,Automóvil",Riobamba Y Chacabuco,3,1,0,0,2,0,0,,Calle,,ROSARIO,Rosario,Hormigón,Pavimento,II,Dentro,Urbana,Ninguna,S/D,Recta,Bueno,S/D,S/D,Buen Tiempo,De alcance,S/D,Colisión,Otro,S/D,S/D,S/D,POINT (-60.626951500000004 -32.96576069999999),"['Riobamba', 'Chacabuco']",2,Riobamba; Chacabuco,-32.96576069999999,-60.6269515,55.0,538.0,Municipio Rosario,Municipio,Rosario,820210,Servicio de Catastro e Información Territorial,IGN