anio_acci,nro_acci,fecha,desc_dia,fecha_aprox,hora_aprox,desc_ruta,km,cant_participantes,desc_participante,calle_avenida_km,total,heridos_leves,heridos_graves,heridos_gravisimos,ilesos,fallecidos,sin_datos,posicion_XY,desc_tipo_via,desc_ruta_ori,desc_loc,desc_dpto,desc_tipo_calzada,desc_tipo_banquina,desc_unidad_regional,desc_lugar_calzada,desc_zona,desc_prioridad,desc_estado_semaforo,desc_lugar_via,desc_estado_via,desc_estado_visibilidad,desc_luminosidad,desc_estado_clima,desc_tipo_colision,desc_tipo_atropello,desc_tipo_hecho,desc_pres_calzada,desc_senializacion,desc_separacion_via,desc_restriccion,forma_geocod,calle_lista,numero_calles,calles_osm,lat,lon,index_right,gid,fna,gna,nam,in1,fdc,sag
2013,1625,2013-01-16,Miercoles,0.0,,,0.0,2,"Automóvil,Moto/Ciclomotor",Mar del Plata Y Humberto I,3,2,0,0,1,0,0,,Calle,,ROSARIO,Rosario,Asfalto,S/D,II,Dentro,Urbana,S/D,S/D,Recta,Bueno,Buena,S/D,S/D,S/D,S/D,Colisión,S/D,S/D,S/D,S/D,POINT (-60.68184320000001 -32.929623199999995),"['Mar del Plata', 'Humberto']",2,Mar del Plata; Humberto Primero,-32.929623199999995,-60.68184320000001,55.0,538.0,Municipio Rosario,Municipio,Rosario,820210,Servicio de Catastro e Información Territorial,IGN
2013,1626,2013-01-12,Sabado,0.0,15:00:00,,0.0,2,"Pickup/Utilitario,Moto/Ciclomotor",Mitre Y Ocampo,2,1,0,0,1,0,0,,Calle,,ROSARIO,Rosario,Asfalto,S/D,II,Dentro,Urbana,S/D,S/D,Recta,Bueno,S/D,S/D,Buen Tiempo,Lateral,S/D,Colisión,S/D,S/D,S/D,S/D,POINT (-60.6445716 -32.96621689999999),"['Mitre', 'Ocampo']",2,Bartolomé Mitre; Ocampo,-32.96621689999999,-60.6445716,55.0,538.0,Municipio Rosario,Municipio,Rosario,820210,Servicio de Catastro e Información Territorial,IGN
2013,1627,2013-01-12,Sabado,0.0,12:00:00,,0.0,2,"Automóvil,Moto/Ciclomotor",Av. Pellegrini Y Dorrego,2,1,0,0,1,0,0,,Calle,,ROSARIO,Rosario,Asfalto,S/D,II,Dentro,Urbana,S/D,Funciona,Recta,Bueno,Buena,Diurna,Buen Tiempo,Lateral,S/D,Colisión,Otro,S/D,S/D,S/D,POINT (-60.6519337 -32.95532245),"['Pellegrini', 'Dorrego']",2,Avenida Carlos Pellegrini; Manuel Dorrego,-32.95532245,-60.6519337,55.0,538.0,Municipio Rosario,Municipio,Rosario,820210,Servicio de Catastro e Información Territorial,IGN
2013,1628,2013-02-15,Viernes,0.0,06:15:00,,0.0,2,"Moto/Ciclomotor,Automóvil",Superi Y Molina,2,1,0,0,0,0,1,,Calle,,ROSARIO,Rosario,Asfalto,No existe,II,S/D,Urbana,Ninguna,No existe,Intersección,Bueno,Buena,Diurna,Buen Tiempo,Lateral,S/D,Colisión,Otro,Faltante,Ninguna,Sin restricción,POINT (-60.704566500000006 -32.8965788),"['Superi', 'Molina']",2,Comandante José Superí; Molina,-32.8965788,-60.704566500000006,55.0,538.0,Municipio Rosario,Municipio,Rosario,820210,Servicio de Catastro e Información Territorial,IGN
2013,1629,2013-01-22,Martes,0.0,17:00:00,,0.0,2,"Automóvil,Bicicleta",Gorriti 400,2,1,0,0,1,0,0,,Calle,,ROSARIO,Rosario,Asfalto,S/D,II,Dentro,Urbana,S/D,S/D,Recta,Bueno,S/D,S/D,S/D,S/D,S/D,Atropello,S/D,S/D,S/D,S/D,"-32.9231431, -60.6694791",['Gorriti 400'],1,Gorriti 400,-32.9231431,-60.6694791,55.0,538.0,Municipio Rosario,Municipio,Rosario,820210,Servicio de Catastro e Información Territorial,IGN
2013,1631,2013-01-12,Sabado,0.0,13:45:00,,0.0,2,"Automóvil,Moto/Ciclomotor",Virasoro Y España,2,1,0,0,0,0,1,,Calle,,ROSARIO,Rosario,Asfalto,S/D,II,Dentro,Urbana,S/D,S/D,Intersección,Bueno,S/D,S/D,Buen Tiempo,Lateral,S/D,Colisión,Otro,S/D,S/D,S/D,POINT (-60.6523926 -32.96844250000001),"['Virasoro', 'España']",2,Benjamín Virasoro; España,-32.96844250000001,-60.6523926,55.0,538.0,Municipio Rosario,Municipio,Rosario,820210,Servicio de Catastro e Información Territorial,IGN
2013,1634,2013-02-01,Viernes,0.0,15:00:00,,0.0,2,"Automóvil,Moto/Ciclomotor",Medrano Y Herrera,3,2,0,0,1,0,0,,Calle,,ROSARIO,Rosario,Asfalto,No existe,II,Dentro,Urbana,Ninguna,No existe,Intersección,Bueno,Buena,Diurna,Buen Tiempo,Lateral,S/D,Colisión,S/D,Faltante,Ninguna,Sin restricción,POINT (-60.70091380000001 -32.89739569999999),"['Medrano', 'Herrera']",2,Medrano; Franzini Herrera,-32.89739569999999,-60.70091380000001,55.0,538.0,Municipio Rosario,Municipio,Rosario,820210,Servicio de Catastro e Información Territorial,IGN
2013,1636,2013-01-12,Sabado,0.0,15:00:00,,0.0,2,"Automóvil,Moto/Ciclomotor",Riobamba Y Sarmiento,4,2,0,0,2,0,0,,Calle,,ROSARIO,Rosario,Asfalto,S/D,II,Dentro,Urbana,S/D,S/D,Intersección,Bueno,S/D,S/D,S/D,Lateral,S/D,Colisión,S/D,S/D,Barrera de hormigón,S/D,POINT (-60.642316799999996 -32.9630352),"['Riobamba', 'Sarmiento']",2,Riobamba; Sarmiento,-32.9630352,-60.6423168,55.0,538.0,Municipio Rosario,Municipio,Rosario,820210,Servicio de Catastro e Información Territorial,IGN
2013,1642,2013-01-07,Lunes,0.0,,,0.0,2,"Bicicleta,Taxi/Remis",Bv. Avellaneda Y Pedro Tuella Bis,2,1,0,0,0,0,1,,Calle,,ROSARIO,Rosario,Asfalto,S/D,II,Dentro,Urbana,Semáforo,S/D,Recta,Bueno,S/D,S/D,Buen Tiempo,Frontal,S/D,Atropello,S/D,Horizontal,Cordón divisorio,Sin restricción,POINT (-60.673091 -32.91535919999999),"['Avellaneda', 'Tuella']",2,Bulevar Nicolás Avellaneda; Tuella,-32.91535919999999,-60.673091,55.0,538.0,Municipio Rosario,Municipio,Rosario,820210,Servicio de Catastro e Información Territorial,IGN
2013,1644,2013-01-09,Miercoles,0.0,,,0.0,2,"Automóvil,Moto/Ciclomotor",Pueyrredon Y Rueda,3,2,0,0,1,0,0,,Calle,,ROSARIO,Rosario,Asfalto,S/D,II,Dentro,Urbana,S/D,S/D,Recta,Bueno,S/D,S/D,Buen Tiempo,Lateral,S/D,Colisión,S/D,S/D,S/D,S/D,POINT (-60.6635663 -32.96762390000001),"['Pueyrredón', 'Rueda']",2,Pueyrredón; Rueda,-32.96762390000001,-60.6635663,55.0,538.0,Municipio Rosario,Municipio,Rosario,820210,Servicio de Catastro e Información Territorial,IGN
2013,1646,2013-01-09,Miercoles,0.0,14:40:00,,0.0,2,"Moto/Ciclomotor,Automóvil",Bv. 27 De Febrero Y San Martin,2,1,0,0,1,0,0,,Calle,,ROSARIO,Rosario,Asfalto,S/D,II,Dentro,Urbana,S/D,Funciona,Intersección,Bueno,Buena,Diurna,Buen Tiempo,Lateral,S/D,Colisión,S/D,S/D,S/D,S/D,POINT (-60.642020650000006 -32.96785644999999),"['27 de Febrero', 'San Martin']",2,Bulevar 27 de Febrero; José de San Martín,-32.96785644999999,-60.642020650000006,55.0,538.0,Municipio Rosario,Municipio,Rosario,820210,Servicio de Catastro e Información Territorial,IGN
2013,1647,2013-01-09,Miercoles,0.0,18:30:00,,0.0,2,"Moto/Ciclomotor,Automóvil",Av. Genova Y Victor Mercante,2,0,0,0,1,0,1,,Avenida,,ROSARIO,Rosario,Asfalto,S/D,II,Dentro,Urbana,Semáforo,S/D,Recta,Bueno,S/D,S/D,Buen Tiempo,Frontal,S/D,Colisión,S/D,Horizontal,Cordón divisorio,Sin restricción,POINT (-60.6841316 -32.9151559),"['Genova', 'Víctor Mercante']",2,Avenida Génova; Víctor Mercante,-32.9151559,-60.6841316,55.0,538.0,Municipio Rosario,Municipio,Rosario,820210,Servicio de Catastro e Información Territorial,IGN
2013,1648,2013-01-09,Miercoles,0.0,16:50:00,,0.0,2,"Moto/Ciclomotor,Automóvil",Bv. Oroño Y Bv. 27 De Febrero,2,1,0,0,1,0,0,,Calle,,ROSARIO,Rosario,Asfalto,S/D,II,Dentro,Urbana,S/D,Intermitente,Intersección,Bueno,Buena,Diurna,S/D,Lateral,S/D,Colisión,S/D,S/D,S/D,Sin restricción,POINT (-60.658642825 -32.964892400000004),"['Bulevar Nicasio Oroño', '27 de Febrero']",2,Bulevar Nicasio Oroño; Bulevar 27 de Febrero,-32.964892400000004,-60.658642825,55.0,538.0,Municipio Rosario,Municipio,Rosario,820210,Servicio de Catastro e Información Territorial,IGN
2013,1649,2013-01-16,Miercoles,0.0,11:15:00,,0.0,2,"Peatón,Automóvil",Av. Genova Y Av. Alberdi Bis,2,1,0,0,1,0,0,,Avenida,,ROSARIO,Rosario,Asfalto,No existe,II,Dentro,Urbana,S/D,Funciona,Recta,Bueno,Buena,Diurna,Buen Tiempo,Frontal,S/D,Atropello,S/D,S/D,S/D,S/D,POINT (-60.685641200000006 -32.91519955000001),"['Genova', 'Alberdi']",2,Avenida Génova; Avenida Alberdi,-32.91519955000001,-60.685641200000006,55.0,538.0,Municipio Rosario,Municipio,Rosario,820210,Servicio de Catastro e Información Territorial,IGN
2013,1680,2013-01-01,Martes,0.0,15:40:00,,0.0,2,"Automóvil,Moto/Ciclomotor",Superi Y Warnes,3,2,0,0,1,0,0,,Calle,,ROSARIO,Rosario,Asfalto,No existe,II,Dentro,Urbana,Ninguna,No existe,Recta,Bueno,Buena,Diurna,Buen Tiempo,De alcance,S/D,Colisión,Otro,Faltante,Ninguna,Sin restricción,POINT (-60.6939113 -32.89455149999999),"['Superi', 'Warnes']",2,Comandante José Superí; Ignacio Warnes,-32.89455149999999,-60.6939113,55.0,538.0,Municipio Rosario,Municipio,Rosario,820210,Servicio de Catastro e Información Territorial,IGN
2013,1681,2013-01-09,Miercoles,0.0,07:50:00,,0.0,2,"Moto/Ciclomotor,Automóvil",Mariano Moreno Y Ituzaingo,2,1,0,0,1,0,0,,Calle,,ROSARIO,Rosario,Asfalto,S/D,II,Dentro,Urbana,S/D,S/D,Intersección,Bueno,Buena,Diurna,Buen Tiempo,Lateral,S/D,Colisión,S/D,S/D,S/D,S/D,POINT (-60.6541927 -32.9585103),"['Mariano Moreno', 'Ituzaingó']",2,Mariano Moreno; Ituzaingó,-32.9585103,-60.6541927,55.0,538.0,Municipio Rosario,Municipio,Rosario,820210,Servicio de Catastro e Información Territorial,IGN
2013,1683,2013-01-03,Jueves,0.0,18:00:00,,0.0,2,"Moto/Ciclomotor,Camión",Av. Sorrento Y 8 de Noviembre,2,1,0,0,1,0,0,,Avenida,,ROSARIO,Rosario,Asfalto,No existe,II,Dentro,Urbana,Semáforo,No existe,Recta,Bueno,Buena,Diurna,Buen Tiempo,De alcance,S/D,Colisión,Otro,Faltante,Ninguna,Sin restricción,POINT (-60.689421100000004 -32.9071237),"['Sorrento', 'Ocho de Noviembre']",2,Avenida Sorrento; Ocho de Noviembre,-32.9071237,-60.6894211,55.0,538.0,Municipio Rosario,Municipio,Rosario,820210,Servicio de Catastro e Información Territorial,IGN
2013,1688,2013-01-08,Martes,0.0,17:15:00,,0.0,2,"Peatón,Automóvil",Rodriguez 2900,2,1,0,0,1,0,0,,Calle,,ROSARIO,Rosario,Asfalto,S/D,II,Dentro,Urbana,S/D,S/D,Recta,Bueno,Buena,Diurna,S/D,Otro,S/D,Atropello,S/D,S/D,S/D,S/D,"-32.9639163, -60.6640323",['Rodriguez 2900'],1,Rodriguez 2900,-32.9639163,-60.6640323,55.0,538.0,Municipio Rosario,Municipio,Rosario,820210,Servicio de Catastro e Información Territorial,IGN
2013,1689,2013-01-08,Martes,0.0,17:30:00,,0.0,2,"Automóvil,Moto/Ciclomotor",Bv. 27 De Febrero 3000,3,2,0,0,1,0,0,,Avenida,,ROSARIO,Rosario,Asfalto,S/D,II,Dentro,Urbana,S/D,S/D,Recta,Bueno,Buena,Diurna,Buen Tiempo,De alcance,S/D,Colisión,S/D,S/D,S/D,S/D,"-32.9628378, -60.6693373",['27 De Febrero 3000'],1,27 De Febrero 3000,-32.9628378,-60.6693373,55.0,538.0,Municipio Rosario,Municipio,Rosario,820210,Servicio de Catastro e Información Territorial,IGN
2013,1692,2013-01-07,Lunes,0.0,11:15:00,,0.0,2,"Automóvil,Moto/Ciclomotor",Entre Rios Y Galvez,3,1,0,0,2,0,0,,Calle,,ROSARIO,Rosario,Asfalto,S/D,II,Dentro,Urbana,S/D,S/D,Intersección,Bueno,Buena,Diurna,Buen Tiempo,Lateral,S/D,Colisión,S/D,S/D,S/D,S/D,POINT (-60.6465702 -32.968276),"['Entre Ríos', 'Galvez']",2,Entre Ríos; José Gálvez,-32.968276,-60.6465702,55.0,538.0,Municipio Rosario,Municipio,Rosario,820210,Servicio de Catastro e Información Territorial,IGN
2013,1697,2013-01-07,Lunes,0.0,00:50:00,,0.0,2,"Automóvil,Moto/Ciclomotor",Confederacion 963,3,2,0,0,1,0,0,,Calle,,ROSARIO,Rosario,S/D,No existe,II,Dentro,Urbana,Ninguna,No existe,Recta,Bueno,Buena,"Nocturna,Con luz artificial",Buen Tiempo,Otro,S/D,Colisión,Otro,Faltante,Ninguna,Sin restricción,"-32.90859647346939, -60.69223815102041",['Confederacion 963'],1,Confederacion 963,-32.90859647346939,-60.69223815102041,55.0,538.0,Municipio Rosario,Municipio,Rosario,820210,Servicio de Catastro e Información Territorial,IGN
2013,1698,2013-01-08,Martes,0.0,07:40:00,,0.0,2,"Moto/Ciclomotor,Automóvil",Calvo Y Blas Parera,2,1,0,0,1,0,0,,Calle,,ROSARIO,Rosario,Asfalto,No existe,II,Dentro,Urbana,Ninguna,No existe,Recta,Bueno,Buena,Diurna,Buen Tiempo,Otro,S/D,Colisión,S/D,Faltante,S/D,Sin restricción,POINT (-60.70684020000001 -32.903391699999986),"['Calvo', 'Blas Parera']",2,Calvo; Blas Parera,-32.903391699999986,-60.70684020000001,55.0,538.0,Municipio Rosario,Municipio,Rosario,820210,Servicio de Catastro e Información Territorial,IGN
2013,1699,2013-01-07,Lunes,0.0,20:00:00,,0.0,2,"Bicicleta,Automóvil",Pasco 1300,2,1,0,0,1,0,0,,Calle,,ROSARIO,Rosario,Asfalto,S/D,II,Dentro,Urbana,S/D,S/D,Recta,Bueno,Buena,Atardecer,S/D,Lateral,S/D,Atropello,S/D,S/D,S/D,S/D,"-32.9590483, -60.6440032",['Pasco 1300'],1,Pasco 1300,-32.9590483,-60.6440032,55.0,538.0,Municipio Rosario,Municipio,Rosario,820210,Servicio de Catastro e Información Territorial,IGN
2013,1701,2013-01-06,Domingo,0.0,20:30:00,,0.0,2,"Vehículo Oficial,Moto/Ciclomotor",Av. Ovidio Lagos Y Bv. 27 De Febrero,4,1,0,0,3,0,0,,Avenida,,ROSARIO,Rosario,Asfalto,S/D,II,Dentro,Urbana,S/D,Funciona,Intersección,Bueno,Buena,Con luz artificial,S/D,De alcance,S/D,Colisión,S/D,S/D,S/D,Sin restricción,POINT (-60.66661663333334 -32.963496),"['Avenida Ovidio Lagos', '27 de Febrero']",2,Avenida Ovidio Lagos; Bulevar 27 de Febrero,-32.963496,-60.66661663333334,55.0,538.0,Municipio Rosario,Municipio,Rosario,820210,Servicio de Catastro e Información Territorial,IGN
2013,1702,2013-01-12,Sabado,0.0,03:20:00,,0.0,2,"Automóvil,Moto/Ciclomotor",Av. Carlos Colombres 1600,5,0,1,0,4,0,0,,Avenida,,ROSARIO,Rosario,Asfalto,No existe,II,Dentro,Urbana,Semáforo,Funciona,Recta,Bueno,Buena,"Nocturna,Con luz artificial",Buen Tiempo,Lateral,S/D,Colisión,Otro,Horizontal,Cordón divisorio,Sin restricción,"-32.9049088, -60.6782504",['Carlos Colombres 1600'],1,Carlos Colombres 1600,-32.9049088,-60.6782504,55.0,538.0,Municipio Rosario,Municipio,Rosario,820210,Servicio de Catastro e Información Territorial,IGN
2013,1703,2013-01-05,Sabado,0.0,16:40:00,,0.0,2,"Moto/Ciclomotor,Automóvil",La Paz Y Mitre,2,1,0,0,1,0,0,,Calle,,ROSARIO,Rosario,Asfalto,S/D,II,Dentro,Urbana,S/D,S/D,Intersección,Bueno,Buena,Diurna,Buen Tiempo,Lateral,S/D,Colisión,S/D,S/D,S/D,S/D,POINT (-60.6440084 -32.9639253),"['La Paz', 'Mitre']",2,La Paz; Bartolomé Mitre,-32.9639253,-60.6440084,55.0,538.0,Municipio Rosario,Municipio,Rosario,820210,Servicio de Catastro e Información Territorial,IGN
2013,1705,2013-01-04,Viernes,0.0,21:00:00,,0.0,1,,Bv. Oroño Y Av. Pellegrini,2,1,0,0,1,0,0,,Avenida,,ROSARIO,Rosario,Asfalto,S/D,II,Dentro,Urbana,S/D,S/D,Intersección,Bueno,Buena,Con luz artificial,Buen Tiempo,S/D,S/D,Colisión,S/D,S/D,S/D,S/D,POINT (-60.656023850000004 -32.95457175),"['Bulevar Nicasio Oroño', 'Pellegrini']",2,Bulevar Nicasio Oroño; Avenida Carlos Pellegrini,-32.95457175,-60.65602385,55.0,538.0,Municipio Rosario,Municipio,Rosario,820210,Servicio de Catastro e Información Territorial,IGN
2013,1706,2013-01-12,Sabado,0.0,13:00:00,,0.0,2,"Automóvil,Automóvil",Bv. Rondeau Y Nansen,3,2,0,0,1,0,0,,Avenida,,ROSARIO,Rosario,Asfalto,No existe,II,Dentro,Urbana,Semáforo,Funciona,Recta,Bueno,Buena,Diurna,Buen Tiempo,Lateral,S/D,Colisión,Otro,Horizontal,Cordón divisorio,Sin restricción,POINT (-60.68788825 -32.909382825),"['Rondeau', 'Nansen']",2,Bulevar General José Rondeau; Avenida Nansen,-32.909382825,-60.68788825,55.0,538.0,Municipio Rosario,Municipio,Rosario,820210,Servicio de Catastro e Información Territorial,IGN
2013,1730,2013-01-12,Sabado,0.0,15:00:00,,0.0,2,"Moto/Ciclomotor,Moto/Ciclomotor",Blas Parera Y Medrano,3,3,0,0,0,0,0,,Calle,,ROSARIO,Rosario,Asfalto,No existe,II,Dentro,Urbana,Ninguna,No existe,Recta,Bueno,Buena,Diurna,Buen Tiempo,De alcance,S/D,Colisión,Otro,Faltante,Ninguna,Sin restricción,POINT (-60.6995473 -32.90181139999999),"['Blas Parera', 'Medrano']",2,Blas Parera; Medrano,-32.90181139999999,-60.6995473,55.0,538.0,Municipio Rosario,Municipio,Rosario,820210,Servicio de Catastro e Información Territorial,IGN
2013,1732,2013-01-13,Domingo,0.0,16:55:00,,0.0,1,Automóvil,Bv. Rondeau 1000,2,2,0,0,0,0,0,,Avenida,,ROSARIO,Rosario,Asfalto,No existe,II,Dentro,Urbana,Semáforo,Funciona,Recta,Bueno,Buena,Diurna,Buen Tiempo,Otro,S/D,Despiste,Otro,Horizontal,Cordón divisorio,Sin restricción,"-32.9049225, -60.6889433",['Rondeau 1000'],1,Rondeau 1000,-32.9049225,-60.6889433,55.0,538.0,Municipio Rosario,Municipio,Rosario,820210,Servicio de Catastro e Información Territorial,IGN
2013,1734,2013-01-01,Martes,0.0,01:00:00,,0.0,2,"Automóvil,Moto/Ciclomotor",Av. Sorrento Y ,2,0,0,0,1,0,1,,Avenida,,ROSARIO,Rosario,Asfalto,Natural,II,Dentro,Urbana,Ninguna,Funciona,Intersección,Bueno,Buena,"Nocturna,Con luz artificial",Buen Tiempo,Lateral,S/D,Colisión,S/D,Horizontal,S/D,Sin restricción,"-32.9064347, -60.68773",['Sorrento'],1,Sorrento,-32.9064347,-60.68773,55.0,538.0,Municipio Rosario,Municipio,Rosario,820210,Servicio de Catastro e Información Territorial,IGN
2013,1737,2013-01-03,Jueves,0.0,13:00:00,,0.0,2,"Automóvil,Moto/Ciclomotor",J.J.Paso Y Mariano Cabal Bis,2,0,1,0,1,0,0,,Calle,,ROSARIO,Rosario,Asfalto,Pavimento,II,Dentro,Urbana,Ninguna,No existe,Intersección,Bueno,Buena,Diurna,S/D,Lateral,S/D,Colisión,S/D,Faltante,S/D,Sin restricción,POINT (-60.70262830000001 -32.9199263),"['Paso', 'Mariano Cabal']",2,Avenida Juan José Paso; Mariano Cabal,-32.9199263,-60.70262830000001,55.0,538.0,Municipio Rosario,Municipio,Rosario,820210,Servicio de Catastro e Información Territorial,IGN
2013,1738,2013-01-08,Martes,0.0,14:30:00,,0.0,2,"Moto/Ciclomotor,Vehículo Oficial",Jose Ingenieros Y Ottone Bis,2,1,0,0,1,0,0,,Calle,,ROSARIO,Rosario,Asfalto,No existe,II,Dentro,Urbana,Ninguna,No existe,Intersección,Bueno,Buena,Diurna,Buen Tiempo,S/D,S/D,Colisión,S/D,Faltante,Ninguna,Sin restricción,POINT (-60.7009622 -32.9167301),"['José Ingenieros', 'Ottone']",2,José Ingenieros; Ottone,-32.9167301,-60.7009622,55.0,538.0,Municipio Rosario,Municipio,Rosario,820210,Servicio de Catastro e Información Territorial,IGN
2013,1739,2013-01-04,Viernes,0.0,18:20:00,,0.0,2,"Automóvil,Moto/Ciclomotor",Pasco Y Entre Rios,2,1,0,0,1,0,0,,Calle,,ROSARIO,Rosario,Asfalto,S/D,II,Dentro,Urbana,Ninguna,S/D,Intersección,Resbaladiza,S/D,S/D,S/D,Lateral,S/D,Colisión,Agua,S/D,S/D,Sin restricción,POINT (-60.644253299999995 -32.9590723),"['Pasco', 'Entre Ríos']",2,Pasco; Entre Ríos,-32.9590723,-60.6442533,55.0,538.0,Municipio Rosario,Municipio,Rosario,820210,Servicio de Catastro e Información Territorial,IGN
2013,1746,2013-01-27,Domingo,0.0,,,0.0,1,Automóvil,Gorriti Y Bv. Avellaneda,2,1,0,0,1,0,0,,Avenida,,ROSARIO,Rosario,S/D,S/D,II,Dentro,Urbana,S/D,S/D,S/D,S/D,S/D,S/D,S/D,S/D,S/D,S/D,S/D,S/D,S/D,S/D,POINT (-60.675163999999995 -32.92336300000001),"['Gorriti', 'Avellaneda']",2,Gorriti; Bulevar Nicolás Avellaneda,-32.92336300000001,-60.675164,55.0,538.0,Municipio Rosario,Municipio,Rosario,820210,Servicio de Catastro e Información Territorial,IGN
2013,1754,2013-01-03,Jueves,0.0,11:20:00,,0.0,2,"Automóvil,Automóvil",Rueda Y Italia,2,1,0,0,1,0,0,,Calle,,ROSARIO,Rosario,S/D,No existe,II,Dentro,Urbana,S/D,No existe,Recta,S/D,Buena,Diurna,Buen Tiempo,De alcance,S/D,Colisión,S/D,S/D,S/D,S/D,POINT (-60.6540709 -32.9693412),"['Rueda', 'Italia']",2,Rueda; Italia,-32.9693412,-60.6540709,55.0,538.0,Municipio Rosario,Municipio,Rosario,820210,Servicio de Catastro e Información Territorial,IGN
2013,1757,2013-01-03,Jueves,0.0,20:15:00,,0.0,2,"Moto/Ciclomotor,Automóvil",Cochabamba Y Entre Rios,2,1,0,0,1,0,0,,Calle,,ROSARIO,Rosario,Asfalto,S/D,II,Dentro,Urbana,S/D,S/D,Recta,Bueno,S/D,S/D,S/D,Lateral,S/D,Colisión,S/D,S/D,S/D,S/D,POINT (-60.6439501 -32.9579457),"['Cochabamba', 'Entre Ríos']",2,Cochabamba; Entre Ríos,-32.9579457,-60.6439501,55.0,538.0,Municipio Rosario,Municipio,Rosario,820210,Servicio de Catastro e Información Territorial,IGN
2013,1759,2013-02-16,Sabado,0.0,02:30:00,,0.0,2,"Moto/Ciclomotor,Automóvil",Junin 200,5,3,0,0,2,0,0,,Calle,,ROSARIO,Rosario,S/D,S/D,II,Dentro,Urbana,S/D,S/D,S/D,S/D,S/D,Diurna,S/D,S/D,S/D,S/D,S/D,S/D,S/D,S/D,"-32.9263373, -60.6658823",['Junin 200'],1,Junin 200,-32.9263373,-60.6658823,55.0,538.0,Municipio Rosario,Municipio,Rosario,820210,Servicio de Catastro e Información Territorial,IGN
2013,1761,2013-01-02,Miercoles,0.0,06:00:00,,0.0,2,"Automóvil,Pickup/Utilitario",Av. Ovidio Lagos Y Bv. 27 De Febrero,2,1,0,0,1,0,0,,Avenida,,ROSARIO,Rosario,Asfalto,S/D,II,Dentro,Urbana,Semáforo,No funciona,Intersección,Bueno,Buena,Diurna,Buen Tiempo,Frontal,S/D,Colisión,S/D,Vertical,S/D,S/D,POINT (-60.66661663333334 -32.963496),"['Avenida Ovidio Lagos', '27 de Febrero']",2,Avenida Ovidio Lagos; Bulevar 27 de Febrero,-32.963496,-60.66661663333334,55.0,538.0,Municipio Rosario,Municipio,Rosario,820210,Servicio de Catastro e Información Territorial,IGN
2013,1767,2013-01-02,Miercoles,0.0,10:35:00,,0.0,2,"Automóvil,Moto/Ciclomotor",Paraguay Y Ituzaingo,3,2,0,0,1,0,0,,Calle,,ROSARIO,Rosario,Asfalto,S/D,II,Dentro,Urbana,S/D,S/D,Recta,Bueno,Buena,Diurna,Buen Tiempo,Lateral,S/D,Colisión,S/D,S/D,S/D,S/D,POINT (-60.6473339 -32.959742299999995),"['Paraguay', 'Ituzaingó']",2,Paraguay; Ituzaingó,-32.959742299999995,-60.6473339,55.0,538.0,Municipio Rosario,Municipio,Rosario,820210,Servicio de Catastro e Información Territorial,IGN
2013,1771,2013-02-21,Jueves,0.0,,,0.0,2,"Transporte de Pasajeros Urbano (> 8 asientos),Moto/Ciclomotor",TRAVESIA Y VELEZ SARSFIELD,2,1,0,0,1,0,0,,Calle,,ROSARIO,Rosario,Asfalto,S/D,II,Dentro,Urbana,S/D,S/D,Intersección,S/D,S/D,S/D,S/D,S/D,S/D,Colisión,S/D,S/D,S/D,S/D,POINT (-60.6821659 -32.92505235),"['Avenida Travesía Albert Sabin', 'Vélez Sarsfield']",2,Avenida Travesía Albert Sabin; Vélez Sarsfield,-32.92505235,-60.6821659,55.0,538.0,Municipio Rosario,Municipio,Rosario,820210,Servicio de Catastro e Información Territorial,IGN
2013,1772,2013-01-03,Jueves,0.0,17:00:00,,0.0,2,"Moto/Ciclomotor,Automóvil",San Martin 1800,2,1,0,0,1,0,0,,Calle,,ROSARIO,Rosario,Asfalto,S/D,II,Dentro,Urbana,S/D,S/D,S/D,S/D,S/D,Atardecer,S/D,Lateral,S/D,Colisión,S/D,S/D,S/D,S/D,"-32.9585732, -60.6397781",['San Martin 1800'],1,San Martin 1800,-32.9585732,-60.6397781,55.0,538.0,Municipio Rosario,Municipio,Rosario,820210,Servicio de Catastro e Información Territorial,IGN
2013,1773,2013-02-24,Domingo,0.0,,,0.0,2,"Moto/Ciclomotor,Automóvil",Av. Luis Carballo 500,2,1,0,0,0,0,1,,Avenida,,ROSARIO,Rosario,S/D,S/D,II,Dentro,Urbana,S/D,S/D,S/D,S/D,S/D,S/D,S/D,S/D,S/D,S/D,S/D,S/D,S/D,S/D,"-32.9221961, -60.6858644",['Luis Carballo 500'],1,Luis Carballo 500,-32.9221961,-60.6858644,55.0,538.0,Municipio Rosario,Municipio,Rosario,820210,Servicio de Catastro e Información Territorial,IGN
2013,1775,2013-01-08,Martes,0.0,19:30:00,,0.0,2,"Moto/Ciclomotor,Automóvil",La Paz Y Paraguay,3,1,0,0,2,0,0,,Calle,,ROSARIO,Rosario,Asfalto,S/D,II,Dentro,Urbana,S/D,S/D,Intersección,S/D,S/D,S/D,S/D,S/D,S/D,Colisión,S/D,S/D,S/D,S/D,POINT (-60.648202100000006 -32.963180099999995),"['La Paz', 'Paraguay']",2,La Paz; Paraguay,-32.963180099999995,-60.648202100000006,55.0,538.0,Municipio Rosario,Municipio,Rosario,820210,Servicio de Catastro e Información Territorial,IGN