anio_acci,nro_acci,fecha,desc_dia,fecha_aprox,hora_aprox,desc_ruta,km,cant_participantes,desc_participante,calle_avenida_km,total,heridos_leves,heridos_graves,heridos_gravisimos,ilesos,fallecidos,sin_datos,posicion_XY,desc_tipo_via,desc_ruta_ori,desc_loc,desc_dpto,desc_tipo_calzada,desc_tipo_banquina,desc_unidad_regional,desc_lugar_calzada,desc_zona,desc_prioridad,desc_estado_semaforo,desc_lugar_via,desc_estado_via,desc_estado_visibilidad,desc_luminosidad,desc_estado_clima,desc_tipo_colision,desc_tipo_atropello,desc_tipo_hecho,desc_pres_calzada,desc_senializacion,desc_separacion_via,desc_restriccion,forma_geocod,calle_lista,numero_calles,calles_osm,lat,lon,index_right,gid,fna,gna,nam,in1,fdc,sag
2013,1776,2013-02-24,Domingo,0.0,,,0.0,2,"Moto/Ciclomotor,Automóvil",Albert Sabin Y Bv. Avellaneda,2,1,0,0,1,0,0,,Avenida,,ROSARIO,Rosario,Asfalto,S/D,II,Dentro,Urbana,S/D,S/D,Intersección,S/D,S/D,S/D,S/D,S/D,S/D,Colisión,S/D,S/D,S/D,S/D,POINT (-60.67658666 -32.9288765),"['Avenida Travesía Albert Sabin', 'Avellaneda']",2,Avenida Travesía Albert Sabin; Bulevar Nicolás Avellaneda,-32.9288765,-60.67658666,55.0,538.0,Municipio Rosario,Municipio,Rosario,820210,Servicio de Catastro e Información Territorial,IGN
2013,1781,2013-02-02,Sabado,0.0,09:00:00,,0.0,2,"Peatón,Automóvil",Bv. Oroño Y Virasoro,3,2,0,0,1,0,0,,Calle,,ROSARIO,Rosario,Asfalto,S/D,II,Dentro,Urbana,S/D,S/D,Intersección,S/D,S/D,S/D,S/D,S/D,S/D,Colisión,S/D,S/D,S/D,S/D,POINT (-60.65921435 -32.967215949999996),"['Bulevar Nicasio Oroño', 'Virasoro']",2,Bulevar Nicasio Oroño; Benjamín Virasoro,-32.96721595,-60.65921435,55.0,538.0,Municipio Rosario,Municipio,Rosario,820210,Servicio de Catastro e Información Territorial,IGN
2013,1782,2013-02-22,Viernes,0.0,,,0.0,2,"Automóvil,Automóvil",Av. Luis Carballo Y Ing.Thedy Bis,3,2,0,0,1,0,0,,Avenida,,ROSARIO,Rosario,Asfalto,S/D,II,Dentro,Urbana,S/D,Funciona,Intersección,Bueno,S/D,S/D,S/D,S/D,S/D,Colisión,S/D,S/D,S/D,S/D,POINT (-60.66546826666667 -32.923339166666665),"['Avenida Doctor Luis Cándido Carballo', 'Thedy']",2,Avenida Doctor Luis Cándido Carballo; Héctor Thedy,-32.923339166666665,-60.66546826666667,55.0,538.0,Municipio Rosario,Municipio,Rosario,820210,Servicio de Catastro e Información Territorial,IGN
2013,1783,2013-02-04,Lunes,0.0,19:00:00,,0.0,1,Automóvil,J.B.Justo Y Garzon,1,1,0,0,0,0,0,,Calle,,ROSARIO,Rosario,Asfalto,No existe,II,Dentro,Urbana,Ninguna,No existe,Intersección,Bueno,Buena,Atardecer,Buen Tiempo,S/D,S/D,Colisión,S/D,S/D,S/D,Sin restricción,POINT (-60.705997 -32.9332447),"['Justo', 'Garzón']",2,"('Justo José de Urquiza', 'Garzón')",-32.9332447,-60.705997,55.0,538.0,Municipio Rosario,Municipio,Rosario,820210,Servicio de Catastro e Información Territorial,IGN
2013,1803,2013-02-10,Domingo,0.0,00:10:00,,0.0,2,"Moto/Ciclomotor,Automóvil",Av. Provincias Unidas Y Av. Sorrento,2,1,0,0,1,0,0,,Avenida,,ROSARIO,Rosario,Asfalto,No existe,II,Dentro,Urbana,Señal Pare,No existe,Intersección,Bueno,Buena,Con luz artificial,Buen Tiempo,Frontal,S/D,Colisión,S/D,Vertical,S/D,Sin restricción,POINT (-60.714102249999996 -32.9083328),"['Avenida Provincias Unidas', 'Sorrento']",2,Avenida Provincias Unidas; Avenida Sorrento,-32.9083328,-60.71410225,55.0,538.0,Municipio Rosario,Municipio,Rosario,820210,Servicio de Catastro e Información Territorial,IGN
2013,1806,2013-02-07,Jueves,0.0,00:40:00,,0.0,2,"Moto/Ciclomotor,Moto/Ciclomotor",J.J.Paso Y Roullon,2,2,0,0,0,0,0,,Calle,,ROSARIO,Rosario,Asfalto,No existe,II,Dentro,Urbana,Ninguna,No existe,Intersección,Bueno,Buena,"Nocturna,Con luz artificial",Buen Tiempo,De alcance,S/D,Colisión,S/D,Faltante,Cordón divisorio,Sin restricción,POINT (-60.7030661 -32.919940499999996),"['Paso', 'Alfredo Rouillón']",2,"('Avenida Juan José Paso', 'Alfredo Rouillón')",-32.9199405,-60.7030661,55.0,538.0,Municipio Rosario,Municipio,Rosario,820210,Servicio de Catastro e Información Territorial,IGN
2013,1808,2013-02-02,Sabado,0.0,17:00:00,,0.0,2,"Moto/Ciclomotor,Moto/Ciclomotor",J.J.Paso Y Liniers,2,2,0,0,0,0,0,,Calle,,ROSARIO,Rosario,Asfalto,No existe,II,Dentro,Urbana,Ninguna,No existe,Intersección,Bueno,Buena,Diurna,Otro,Lateral,S/D,Colisión,S/D,Faltante,Ninguna,Sin restricción,POINT (-60.69932970000001 -32.919825900000006),"['Paso', 'Liniers']",2,Avenida Juan José Paso; Liniers,-32.919825900000006,-60.69932970000001,55.0,538.0,Municipio Rosario,Municipio,Rosario,820210,Servicio de Catastro e Información Territorial,IGN
2013,1809,2013-02-01,Viernes,0.0,17:30:00,,0.0,2,"Automóvil,Automóvil",Av. Sorrento Y Av. Provincias Unidas,5,3,0,0,2,0,0,,Avenida,,ROSARIO,Rosario,Asfalto,No existe,II,Dentro,Urbana,Ninguna,No existe,Curva,Bueno,Buena,Diurna,Buen Tiempo,Lateral,S/D,Colisión,S/D,Faltante,Ninguna,Sin restricción,POINT (-60.714102249999996 -32.9083328),"['Sorrento', 'Avenida Provincias Unidas']",2,Avenida Sorrento; Avenida Provincias Unidas,-32.9083328,-60.71410225,55.0,538.0,Municipio Rosario,Municipio,Rosario,820210,Servicio de Catastro e Información Territorial,IGN
2013,1813,2013-01-17,Jueves,0.0,08:15:00,,0.0,2,"Moto/Ciclomotor,Automóvil",Bv. Rondeau Y Marull,2,1,0,0,1,0,0,,Avenida,,ROSARIO,Rosario,Asfalto,Pavimento,II,Dentro,Urbana,S/D,S/D,Recta,Bueno,S/D,Diurna,S/D,S/D,S/D,Colisión,S/D,S/D,S/D,S/D,POINT (-60.68886415000001 -32.9061829),"['Rondeau', 'Marull']",2,Bulevar General José Rondeau; Marull,-32.9061829,-60.68886415000001,55.0,538.0,Municipio Rosario,Municipio,Rosario,820210,Servicio de Catastro e Información Territorial,IGN
2013,1814,2013-01-17,Jueves,0.0,22:40:00,,0.0,2,"Taxi/Remis,Moto/Ciclomotor",Casiano Casas Y F.Netri,3,1,0,0,2,0,0,,Calle,,ROSARIO,Rosario,Asfalto,S/D,II,Dentro,Urbana,S/D,S/D,Recta,Bueno,S/D,"Diurna,Con luz artificial",S/D,Otro,S/D,Colisión,S/D,S/D,Cordón divisorio,Sin restricción,POINT (-60.69916125 -32.9046656),"['Avenida Casiano Casas', 'Netri']",2,Avenida Casiano Casas; Netri,-32.9046656,-60.69916125,55.0,538.0,Municipio Rosario,Municipio,Rosario,820210,Servicio de Catastro e Información Territorial,IGN
2013,1816,2013-01-19,Sabado,0.0,10:45:00,,0.0,2,"Automóvil,Automóvil",Superi Y A.Maza,2,1,0,0,1,0,0,,Calle,,ROSARIO,Rosario,Asfalto,S/D,II,Dentro,Urbana,S/D,No existe,Recta,Bueno,S/D,Diurna,Buen Tiempo,S/D,S/D,Colisión,S/D,S/D,S/D,S/D,POINT (-60.68892420000001 -32.89343860000001),"['Superi', 'Maza']",2,Comandante José Superí; Juan Agustín Maza,-32.89343860000001,-60.68892420000001,55.0,538.0,Municipio Rosario,Municipio,Rosario,820210,Servicio de Catastro e Información Territorial,IGN
2013,1818,2013-01-23,Miercoles,0.0,13:50:00,,0.0,2,"Taxi/Remis,Automóvil",Casiano Casas Y Uriarte,2,0,0,0,0,0,2,,Calle,,ROSARIO,Rosario,Asfalto,S/D,II,Dentro,Urbana,Semáforo,Funciona,Recta,Bueno,Buena,Diurna,Buen Tiempo,S/D,S/D,Colisión,S/D,S/D,S/D,S/D,POINT (-60.70394160000001 -32.90185285),"['Avenida Casiano Casas', 'Uriarte']",2,Avenida Casiano Casas; Uriarte,-32.90185285,-60.70394160000001,55.0,538.0,Municipio Rosario,Municipio,Rosario,820210,Servicio de Catastro e Información Territorial,IGN
2013,1820,2013-01-25,Viernes,0.0,12:15:00,,0.0,2,"Moto/Ciclomotor,Automóvil",Darragueira Y Av. Irigoyen,2,1,0,0,1,0,0,,Avenida,,ROSARIO,Rosario,Asfalto,S/D,II,Dentro,Urbana,S/D,S/D,Intersección,Bueno,Buena,Diurna,Buen Tiempo,S/D,S/D,Colisión,S/D,S/D,S/D,S/D,POINT (-60.6970208 -32.88451679999999),"['José Darragueira', 'Avenida Hipólito Irigoyen']",2,José Darragueira; Avenida Hipólito Irigoyen,-32.88451679999999,-60.6970208,55.0,538.0,Municipio Rosario,Municipio,Rosario,820210,Servicio de Catastro e Información Territorial,IGN
2013,1825,2013-02-06,Miercoles,0.0,19:00:00,,0.0,2,"Automóvil,Moto/Ciclomotor",Baigorria Y Casiano Casas,3,2,0,0,1,0,0,,Calle,,ROSARIO,Rosario,Asfalto,No existe,II,S/D,Urbana,Semáforo,Funciona,Curva,Bueno,Reducida,"Atardecer,Con luz artificial",Buen Tiempo,Frontal,S/D,Colisión,S/D,Vertical,S/D,Sin restricción,POINT (-60.7162912 -32.893906199999996),"['Baigorria', 'Avenida Casiano Casas']",2,Baigorria; Avenida Casiano Casas,-32.8939062,-60.7162912,55.0,538.0,Municipio Rosario,Municipio,Rosario,820210,Servicio de Catastro e Información Territorial,IGN
2013,1827,2013-01-27,Domingo,0.0,11:00:00,,0.0,2,"Automóvil,Automóvil",Casiano Casas Y Av. Sorrento,3,2,0,0,1,0,0,,Avenida,,ROSARIO,Rosario,Asfalto,S/D,II,Dentro,Urbana,S/D,No existe,Recta,Bueno,Buena,Diurna,Buen Tiempo,Otro,S/D,Colisión,S/D,S/D,S/D,Sin restricción,POINT (-60.695695025 -32.90729415),"['Avenida Casiano Casas', 'Sorrento']",2,Avenida Casiano Casas; Avenida Sorrento,-32.90729415,-60.695695025,55.0,538.0,Municipio Rosario,Municipio,Rosario,820210,Servicio de Catastro e Información Territorial,IGN
2013,1828,2013-02-02,Sabado,0.0,18:45:00,,0.0,2,"Automóvil,Automóvil",Yapeyu Y 26 de Agosto,2,1,0,0,1,0,0,,Calle,,ROSARIO,Rosario,Asfalto,S/D,II,Dentro,Urbana,S/D,No existe,Intersección,Bueno,Buena,Diurna,Buen Tiempo,S/D,S/D,Colisión,S/D,Faltante,S/D,S/D,POINT (-60.70095280000001 -32.87430829999999),"['Yapeyu', '26 de Agosto']",2,Yapeyú; 26 de Agosto,-32.87430829999999,-60.70095280000001,55.0,538.0,Municipio Rosario,Municipio,Rosario,820210,Servicio de Catastro e Información Territorial,IGN
2013,1832,2013-02-03,Domingo,0.0,20:15:00,,0.0,2,"Automóvil,Automóvil",Av. Circunvalacion Y Palliere,2,1,0,0,1,0,0,,Avenida,,ROSARIO,Rosario,Asfalto,Ripio,II,Dentro,Urbana,Otra Señal,No existe,Recta,Bueno,Buena,"Atardecer,Con luz artificial",Buen Tiempo,Contra objeto fijo,S/D,Colisión,S/D,Vertical,Línea divisoria pintada,Sin restricción,POINT (-60.714953753596255 -32.88780796014468),"['Circunvalacion', 'Palliere']",2,Avenida de Circunvalación 25 de Mayo; Palliere,-32.88780796014468,-60.714953753596255,55.0,538.0,Municipio Rosario,Municipio,Rosario,820210,Servicio de Catastro e Información Territorial,IGN
2013,1833,2013-02-23,Sabado,0.0,17:45:00,,0.0,2,"Moto/Ciclomotor,Moto/Ciclomotor",Bv. Rondeau Y Baigorria,2,1,0,0,1,0,0,,Avenida,,ROSARIO,Rosario,Asfalto,No existe,II,Dentro,Urbana,Semáforo,Funciona,Intersección,Bueno,Buena,Diurna,Buen Tiempo,Lateral,S/D,Colisión,S/D,Vertical,S/D,Sin restricción,POINT (-60.693283075000004 -32.89152782499999),"['Rondeau', 'Baigorria']",2,Bulevar General José Rondeau; Baigorria,-32.89152782499999,-60.693283075,55.0,538.0,Municipio Rosario,Municipio,Rosario,820210,Servicio de Catastro e Información Territorial,IGN
2013,1838,2013-02-23,Sabado,0.0,12:00:00,,0.0,2,"Pickup/Utilitario,Moto/Ciclomotor",Bv. Rondeau Y Av. Sorrento,2,1,0,0,1,0,0,,Avenida,,ROSARIO,Rosario,Asfalto,S/D,II,Dentro,Urbana,S/D,Funciona,Recta,Bueno,Buena,Diurna,Buen Tiempo,S/D,S/D,Colisión,S/D,Vertical,Ninguna,S/D,POINT (-60.68858005 -32.90707667499999),"['Rondeau', 'Sorrento']",2,Bulevar General José Rondeau; Avenida Sorrento,-32.90707667499999,-60.68858005,55.0,538.0,Municipio Rosario,Municipio,Rosario,820210,Servicio de Catastro e Información Territorial,IGN
2013,1841,2013-02-15,Viernes,0.0,21:00:00,,0.0,2,"Moto/Ciclomotor,Automóvil",Urquiza Y Tte.Agneta,3,1,0,0,2,0,0,,Calle,,ROSARIO,Rosario,Asfalto,No existe,II,Dentro,Urbana,Ninguna,No existe,Intersección,Bueno,Reducida,Nocturna,S/D,Lateral,S/D,Colisión,S/D,Faltante,Ninguna,Sin restricción,POINT (-60.7001118 -32.93308439999999),"['Urquiza', 'Teniente Agneta']",2,Justo José de Urquiza; Teniente Agneta,-32.93308439999999,-60.7001118,55.0,538.0,Municipio Rosario,Municipio,Rosario,820210,Servicio de Catastro e Información Territorial,IGN
2013,1843,2013-02-23,Sabado,0.0,00:27:00,,0.0,2,"Moto/Ciclomotor,Vehículo Oficial",Bv. Avellaneda Y Santa Fe,3,1,0,0,2,0,0,,Avenida,,ROSARIO,Rosario,Asfalto,No existe,II,Dentro,Urbana,Semáforo,Funciona,Intersección,Bueno,Buena,Diurna,S/D,Lateral,S/D,Colisión,S/D,Horizontal,Cordón divisorio,Sin restricción,POINT (-60.678825950000004 -32.937741700000004),"['Avellaneda', 'Santa Fe']",2,Bulevar Nicolás Avellaneda; Santa Fe,-32.937741700000004,-60.67882595,55.0,538.0,Municipio Rosario,Municipio,Rosario,820210,Servicio de Catastro e Información Territorial,IGN
2013,1846,2013-02-15,Viernes,0.0,16:15:00,,0.0,2,"Moto/Ciclomotor,Moto/Ciclomotor",Bv. Rondeau Y Martin Fierro,2,1,1,0,0,0,0,,Avenida,,ROSARIO,Rosario,Asfalto,S/D,II,Dentro,Urbana,Semáforo,Funciona,Intersección,Bueno,Buena,Diurna,Buen Tiempo,S/D,S/D,Colisión,S/D,S/D,S/D,S/D,POINT (-60.69743998 -32.87802498),"['Rondeau', 'Martin Fierro']",2,Bulevar General José Rondeau; Martin Fierro,-32.87802498,-60.69743998,55.0,538.0,Municipio Rosario,Municipio,Rosario,820210,Servicio de Catastro e Información Territorial,IGN
2013,1847,2013-02-20,Miercoles,0.0,06:30:00,,0.0,2,"Peatón,Camión",P.L.Funes Y Urquiza,2,1,0,0,1,0,0,,Calle,,ROSARIO,Rosario,Asfalto,No existe,II,Dentro,Urbana,Ninguna,No existe,Intersección,Bueno,Buena,Diurna,S/D,S/D,S/D,Atropello,S/D,Faltante,Ninguna,Sin restricción,POINT (-60.7014733 -32.9331217),"['Funes', 'Urquiza']",2,Deán Gregorio Funes; Justo José de Urquiza,-32.9331217,-60.7014733,55.0,538.0,Municipio Rosario,Municipio,Rosario,820210,Servicio de Catastro e Información Territorial,IGN
2013,1848,2013-02-05,Martes,0.0,21:00:00,,0.0,2,"Automóvil,Automóvil",Mendoza 1100,3,1,0,0,2,0,0,,Calle,,ROSARIO,Rosario,Asfalto,No existe,II,Dentro,Urbana,Ninguna,No existe,Intersección,Bueno,Buena,Nocturna,Buen Tiempo,Lateral,S/D,Colisión,S/D,Faltante,Cordón divisorio,Sin restricción,"-32.9401903, -60.7332648",['Mendoza'],1,Mendoza,-32.9401903,-60.7332648,55.0,538.0,Municipio Rosario,Municipio,Rosario,820210,Servicio de Catastro e Información Territorial,IGN
2013,1922,2013-02-16,Sabado,0.0,20:30:00,,0.0,1,Automóvil,Bv. Rondeau 1200,2,1,0,0,1,0,0,,Avenida,,ROSARIO,Rosario,Hormigón,S/D,II,Dentro,Urbana,Ninguna,S/D,Otro,S/D,Reducida,Con luz artificial,Buen Tiempo,Contra objeto fijo,S/D,Colisión,S/D,S/D,Ninguna,S/D,"-32.9023531, -60.6897399",['Rondeau 1200'],1,Rondeau 1200,-32.9023531,-60.6897399,55.0,538.0,Municipio Rosario,Municipio,Rosario,820210,Servicio de Catastro e Información Territorial,IGN
2013,1925,2013-02-06,Miercoles,0.0,11:30:00,,0.0,2,"Automóvil,Moto/Ciclomotor",J.Colombres Y Urquiza,2,1,0,0,1,0,0,,Calle,,ROSARIO,Rosario,Asfalto,No existe,II,Dentro,Urbana,Ninguna,No existe,Intersección,Deteriorada,Buena,Diurna,Buen Tiempo,Lateral,S/D,Colisión,S/D,Faltante,Ninguna,Sin restricción,POINT (-60.72959840000001 -32.933917099999995),"['José Colombres', 'Urquiza']",2,José Colombres; Justo José de Urquiza,-32.933917099999995,-60.72959840000001,55.0,538.0,Municipio Rosario,Municipio,Rosario,820210,Servicio de Catastro e Información Territorial,IGN
2013,1926,2013-02-06,Miercoles,0.0,16:40:00,,0.0,2,"Pickup/Utilitario,Moto/Ciclomotor",Washington Y Machain,3,1,1,0,1,0,0,,Calle,,ROSARIO,Rosario,Asfalto,S/D,II,Dentro,Urbana,S/D,No existe,Intersección,Bueno,S/D,S/D,Buen Tiempo,S/D,S/D,Colisión,S/D,S/D,S/D,S/D,POINT (-60.69705700000001 -32.90266499999999),"['Washington', 'Machain']",2,Washington; Machain,-32.90266499999999,-60.69705700000001,55.0,538.0,Municipio Rosario,Municipio,Rosario,820210,Servicio de Catastro e Información Territorial,IGN
2013,1929,2013-02-04,Lunes,0.0,10:50:00,,0.0,2,"Automóvil,Bicicleta",Darragueira 1900,3,1,0,0,2,0,0,,Calle,,ROSARIO,Rosario,Asfalto,No existe,II,Dentro,Urbana,Ninguna,No existe,Intersección,Bueno,Buena,Diurna,Buen Tiempo,Lateral,S/D,Atropello,Otro,Faltante,S/D,Sin restricción,"-32.8958789, -60.6945831",['Darragueira 1900'],1,Darragueira 1900,-32.8958789,-60.6945831,55.0,538.0,Municipio Rosario,Municipio,Rosario,820210,Servicio de Catastro e Información Territorial,IGN
2013,1930,2013-02-21,Jueves,0.0,20:00:00,,0.0,2,"Moto/Ciclomotor,Automóvil",Schweitzer 8160,3,2,0,0,1,0,0,,Calle,,ROSARIO,Rosario,Asfalto,S/D,II,Dentro,Urbana,S/D,S/D,Recta,S/D,S/D,Nocturna,S/D,S/D,S/D,Colisión,S/D,S/D,S/D,S/D,"-32.9137967133538, -60.73872471940651",['Schweitzer 8160'],1,Schweitzer 8160,-32.9137967133538,-60.73872471940651,55.0,538.0,Municipio Rosario,Municipio,Rosario,820210,Servicio de Catastro e Información Territorial,IGN
2013,1932,2013-02-02,Sabado,0.0,11:30:00,,0.0,2,"Automóvil,Automóvil",Bv. Rondeau Y Paysandu,2,1,0,0,1,0,0,,Calle,,ROSARIO,Rosario,Asfalto,S/D,II,Dentro,Urbana,Ninguna,No existe,Recta,Bueno,Buena,Diurna,Buen Tiempo,Lateral,S/D,Colisión,S/D,S/D,Ninguna,S/D,POINT (-60.6958798 -32.882407),"['Rondeau', 'Paysandú']",2,Bulevar General José Rondeau; Paysandú,-32.882407,-60.6958798,55.0,538.0,Municipio Rosario,Municipio,Rosario,820210,Servicio de Catastro e Información Territorial,IGN
2013,1935,2013-02-18,Lunes,0.0,23:00:00,,0.0,2,"Peatón,Automóvil",Tarragona Y Pujato,2,1,0,0,0,0,1,,Calle,,ROSARIO,Rosario,S/D,S/D,II,Dentro,Urbana,S/D,S/D,S/D,S/D,S/D,Nocturna,S/D,S/D,S/D,Atropello,S/D,S/D,S/D,S/D,POINT (-60.7355273 -32.9063181),"['Tarragona', 'Pujato']",2,Tarragona; Pujato,-32.9063181,-60.7355273,55.0,538.0,Municipio Rosario,Municipio,Rosario,820210,Servicio de Catastro e Información Territorial,IGN
2013,1936,2013-02-01,Viernes,0.0,09:30:00,,0.0,2,"Moto/Ciclomotor,Automóvil",Washington Y Valentin Gomez,2,1,0,0,1,0,0,,Calle,,ROSARIO,Rosario,Asfalto,No existe,II,Dentro,Urbana,Ninguna,No existe,Intersección,Bueno,Buena,Diurna,Buen Tiempo,Lateral,S/D,Colisión,S/D,Faltante,Ninguna,S/D,POINT (-60.69477009999999 -32.902176299999994),"['Washington', 'Valentín Gómez']",2,Washington; Valentín Gómez,-32.902176299999994,-60.69477009999999,55.0,538.0,Municipio Rosario,Municipio,Rosario,820210,Servicio de Catastro e Información Territorial,IGN
2013,1937,2013-02-21,Jueves,0.0,09:50:00,,0.0,2,"Transporte de Pasajeros Urbano (> 8 asientos),Automóvil",Donado Y Martinez Estrada,3,0,0,0,2,0,1,,Calle,,ROSARIO,Rosario,S/D,S/D,II,Dentro,Urbana,S/D,S/D,Intersección,S/D,S/D,S/D,S/D,S/D,S/D,Colisión,S/D,S/D,S/D,S/D,POINT (-60.72830845 -32.91112455),"['Donado', 'Martinez Estrada']",2,José Agustín Donado; Martinez Estrada,-32.91112455,-60.72830845,55.0,538.0,Municipio Rosario,Municipio,Rosario,820210,Servicio de Catastro e Información Territorial,IGN
2013,1938,2013-02-02,Sabado,0.0,04:30:00,,0.0,1,Moto/Ciclomotor,Matheu Y A.Maza,2,2,0,0,0,0,0,,Calle,,ROSARIO,Rosario,Asfalto,No existe,II,Dentro,Urbana,S/D,No existe,Intersección,Bueno,Buena,Diurna,Buen Tiempo,S/D,S/D,Vuelco,S/D,Faltante,S/D,Sin restricción,POINT (-60.69041550000001 -32.8882774),"['Matheu', 'Maza']",2,Domingo Matheu; Juan Agustín Maza,-32.8882774,-60.69041550000001,55.0,538.0,Municipio Rosario,Municipio,Rosario,820210,Servicio de Catastro e Información Territorial,IGN
2013,1943,2013-02-09,Sabado,0.0,17:20:00,,0.0,2,"Moto/Ciclomotor,Automóvil",CIRCUNVALACION  Y SORRENTO ,2,1,0,0,0,0,1,,Calle,,ROSARIO,Rosario,S/D,S/D,II,Dentro,Urbana,Semáforo,Funciona,Intersección,S/D,Buena,Diurna,Buen Tiempo,Frontal,S/D,Colisión,S/D,S/D,Cordón divisorio,Sin restricción,POINT (-60.72270983333334 -32.90836276666667),"['Circunvalacion', 'Sorrento']",2,"('Juan Pablo II', 'Avenida Sorrento')",-32.90836276666667,-60.72270983333334,55.0,538.0,Municipio Rosario,Municipio,Rosario,820210,Servicio de Catastro e Información Territorial,IGN
2013,1946,2013-02-13,Miercoles,0.0,19:50:00,,0.0,2,"Moto/Ciclomotor,Pickup/Utilitario",Balcarce Y Garibaldi,3,2,0,0,1,0,0,,Calle,,ROSARIO,Rosario,Hormigón,S/D,II,Dentro,Urbana,Ninguna,No existe,Intersección,Bueno,Buena,Atardecer,Buen Tiempo,Lateral,S/D,Colisión,S/D,S/D,Ninguna,S/D,POINT (-60.66189070000001 -32.9835046),"['Balcarce', 'José Garibaldi']",2,Balcarce; José Garibaldi,-32.9835046,-60.66189070000001,55.0,538.0,Municipio Rosario,Municipio,Rosario,820210,Servicio de Catastro e Información Territorial,IGN
2013,1950,2013-02-13,Miercoles,0.0,11:00:00,,0.0,2,"Automóvil,Peatón",Entre Rios Y Pje. Blanque,2,1,0,0,1,0,0,,Calle,,ROSARIO,Rosario,Hormigón,Ripio,II,Dentro,Urbana,Ninguna,S/D,Intersección,Bueno,Buena,Diurna,Buen Tiempo,S/D,S/D,Atropello,S/D,S/D,Ninguna,S/D,POINT (-60.648461000000005 -32.9757298),"['Entre Ríos', 'Blanqué']",2,Entre Ríos; Blanqué,-32.9757298,-60.648461000000005,55.0,538.0,Municipio Rosario,Municipio,Rosario,820210,Servicio de Catastro e Información Territorial,IGN
2013,1952,2013-02-20,Miercoles,0.0,00:45:00,,0.0,2,"Automóvil,Moto/Ciclomotor",Av. Provincias Unidas Y Navarro,2,1,0,0,1,0,0,,Avenida,,ROSARIO,Rosario,Asfalto,No existe,II,Dentro,Urbana,Ninguna,Funciona,Recta,Bueno,Buena,Nocturna,Buen Tiempo,Frontal,S/D,Colisión,S/D,Vertical,Barrera de hormigón,Sin restricción,POINT (-60.713012649999996 -32.931526899999994),"['Avenida Provincias Unidas', 'Navarro']",2,Avenida Provincias Unidas; Navarro,-32.931526899999994,-60.71301265,55.0,538.0,Municipio Rosario,Municipio,Rosario,820210,Servicio de Catastro e Información Territorial,IGN
2013,1953,2013-02-01,Viernes,0.0,16:30:00,,0.0,2,"Bicicleta,Automóvil",Suipacha Y Saavedra,2,1,0,0,1,0,0,,Calle,,ROSARIO,Rosario,Asfalto,Natural,II,Dentro,Urbana,Ninguna,No existe,Recta,Bueno,Buena,Diurna,Buen Tiempo,S/D,S/D,Atropello,S/D,Faltante,Vegetación,Sin restricción,POINT (-60.6721208 -32.9732961),"['Suipacha', 'Saavedra']",2,Suipacha; Saavedra,-32.9732961,-60.6721208,55.0,538.0,Municipio Rosario,Municipio,Rosario,820210,Servicio de Catastro e Información Territorial,IGN
2013,1954,2013-02-12,Martes,0.0,01:00:00,,0.0,2,"Moto/Ciclomotor,Automóvil",Bv. Segui Y Entre Rios,3,2,0,0,1,0,0,,Avenida,,ROSARIO,Rosario,S/D,S/D,II,Dentro,Urbana,Ninguna,S/D,Intersección,Bueno,Buena,Con luz artificial,Buen Tiempo,Lateral,S/D,Colisión,S/D,S/D,Ninguna,S/D,POINT (-60.6491681 -32.97857979999999),"['Bulevar Juan Francisco Seguí', 'Entre Ríos']",2,Bulevar Juan Francisco Seguí; Entre Ríos,-32.97857979999999,-60.6491681,55.0,538.0,Municipio Rosario,Municipio,Rosario,820210,Servicio de Catastro e Información Territorial,IGN
2013,1956,2013-02-11,Lunes,0.0,16:00:00,,0.0,1,Automóvil,Amenabar Y Alvear,2,1,0,0,1,0,0,,Calle,,ROSARIO,Rosario,S/D,No existe,II,Dentro,Urbana,S/D,No existe,Intersección,Bueno,Buena,Diurna,Buen Tiempo,Lateral,S/D,Colisión,S/D,S/D,S/D,S/D,POINT (-60.6611415 -32.96922599999999),"['Amenabar', 'Alvear']",2,José de Amenábar; Alvear,-32.96922599999999,-60.6611415,55.0,538.0,Municipio Rosario,Municipio,Rosario,820210,Servicio de Catastro e Información Territorial,IGN
2013,1958,2013-02-22,Viernes,0.0,12:15:00,,0.0,2,"Camión,Moto/Ciclomotor",AV. EVA PERON Y 25 DE MAYO,2,1,0,0,1,0,0,,Avenida,,ROSARIO,Rosario,Asfalto,No existe,II,Dentro,Urbana,Ninguna,Funciona,Recta,S/D,Buena,Amanecer,Buen Tiempo,Frontal,S/D,Colisión,S/D,Horizontal,Barrera de hormigón,Sin restricción,POINT (-60.7231582311677 -32.931126055841574),"['Avenida Eva Perón', '25 de Mayo']",2,Avenida Eva Perón; Avenida de Circunvalación 25 de Mayo,-32.931126055841574,-60.7231582311677,55.0,538.0,Municipio Rosario,Municipio,Rosario,820210,Servicio de Catastro e Información Territorial,IGN
2013,1960,2013-02-06,Miercoles,0.0,08:15:00,,0.0,2,"Moto/Ciclomotor,Moto/Ciclomotor",Bv. 27 De Febrero Y Crespo,3,3,0,0,0,0,0,,S/D,,ROSARIO,Rosario,Asfalto,S/D,II,S/D,S/D,S/D,S/D,Intersección,S/D,S/D,Amanecer,S/D,Frontal,S/D,Colisión,S/D,S/D,S/D,S/D,POINT (-60.6735604 -32.962220099999996),"['27 de Febrero', 'Crespo']",2,Bulevar 27 de Febrero; Crespo,-32.9622201,-60.6735604,55.0,538.0,Municipio Rosario,Municipio,Rosario,820210,Servicio de Catastro e Información Territorial,IGN