anio_acci,nro_acci,fecha,desc_dia,fecha_aprox,hora_aprox,desc_ruta,km,cant_participantes,desc_participante,calle_avenida_km,total,heridos_leves,heridos_graves,heridos_gravisimos,ilesos,fallecidos,sin_datos,posicion_XY,desc_tipo_via,desc_ruta_ori,desc_loc,desc_dpto,desc_tipo_calzada,desc_tipo_banquina,desc_unidad_regional,desc_lugar_calzada,desc_zona,desc_prioridad,desc_estado_semaforo,desc_lugar_via,desc_estado_via,desc_estado_visibilidad,desc_luminosidad,desc_estado_clima,desc_tipo_colision,desc_tipo_atropello,desc_tipo_hecho,desc_pres_calzada,desc_senializacion,desc_separacion_via,desc_restriccion,forma_geocod,calle_lista,numero_calles,calles_osm,lat,lon,index_right,gid,fna,gna,nam,in1,fdc,sag
2013,1961,2013-02-09,Sabado,0.0,20:30:00,,0.0,2,"Automóvil,Moto/Ciclomotor",Mitre Y Juan Canals,2,1,0,0,1,0,0,,Calle,,ROSARIO,Rosario,Hormigón,S/D,II,Dentro,Urbana,Ninguna,S/D,Intersección,Bueno,S/D,Nocturna,Buen Tiempo,Lateral,S/D,Colisión,Otro,S/D,S/D,S/D,POINT (-60.6503964 -32.989158200000006),"['Mitre', 'Juan Canals']",2,Bartolomé Mitre; Juan Canals,-32.989158200000006,-60.6503964,55.0,538.0,Municipio Rosario,Municipio,Rosario,820210,Servicio de Catastro e Información Territorial,IGN
2013,1963,2013-02-24,Domingo,0.0,00:00:00,,0.0,2,"Moto/Ciclomotor,Automóvil",J.J.Paso Y Donado,2,1,0,0,1,0,0,,Calle,,ROSARIO,Rosario,Asfalto,No existe,II,Dentro,Urbana,Ninguna,Funciona,Recta,Bueno,Buena,Nocturna,Buen Tiempo,Frontal,S/D,Colisión,S/D,Vertical,Barrera de hormigón,Sin restricción,POINT (-60.72775539999999 -32.92067259999999),"['Paso', 'Donado']",2,Avenida Juan José Paso; José Agustín Donado,-32.92067259999999,-60.72775539999999,55.0,538.0,Municipio Rosario,Municipio,Rosario,820210,Servicio de Catastro e Información Territorial,IGN
2013,1965,2013-02-02,Sabado,0.0,14:00:00,,0.0,2,"Moto/Ciclomotor,Automóvil",Av. Uriburu Y Av. Circunvalacion,2,1,0,0,1,0,0,,Avenida,,ROSARIO,Rosario,Asfalto,Natural,II,Dentro,Urbana,Ninguna,No existe,Intersección,Bueno,Buena,Diurna,Buen Tiempo,Lateral,S/D,Colisión,S/D,Faltante,Barrera de hormigón,Sin restricción,POINT (-60.661478219834294 -32.991061565588964),"['Uriburu', 'Circunvalacion']",2,Avenida José Uriburu; Avenida de Circunvalación 25 de Mayo,-32.991061565588964,-60.66147821983429,55.0,538.0,Municipio Rosario,Municipio,Rosario,820210,Servicio de Catastro e Información Territorial,IGN
2013,1967,2013-02-10,Domingo,0.0,17:05:00,,0.0,2,"Automóvil,Moto/Ciclomotor",Bv. Segui Y Santiago,3,2,0,0,1,0,0,,Calle,,ROSARIO,Rosario,Hormigón,S/D,II,Dentro,Urbana,S/D,S/D,Intersección,Bueno,Buena,Diurna,Buen Tiempo,Lateral,S/D,Colisión,S/D,S/D,Cordón divisorio,S/D,POINT (-60.66421355000001 -32.97588705),"['Bulevar Juan Francisco Seguí', 'Santiago']",2,Bulevar Juan Francisco Seguí; Santiago,-32.97588705,-60.66421355000001,55.0,538.0,Municipio Rosario,Municipio,Rosario,820210,Servicio de Catastro e Información Territorial,IGN
2013,1968,2013-02-06,Miercoles,0.0,18:00:00,,0.0,2,"Automóvil,Moto/Ciclomotor",Bv. 27 De Febrero 1800,4,2,0,0,2,0,0,,S/D,,ROSARIO,Rosario,Asfalto,S/D,II,S/D,S/D,Ninguna,S/D,Intersección,S/D,S/D,Atardecer,Otro,S/D,S/D,Colisión,S/D,S/D,S/D,S/D,"-32.9657629, -60.6529962",['27 De Febrero 1800'],1,27 De Febrero 1800,-32.9657629,-60.6529962,55.0,538.0,Municipio Rosario,Municipio,Rosario,820210,Servicio de Catastro e Información Territorial,IGN
2013,1970,2013-02-10,Domingo,0.0,16:35:00,,0.0,2,"Pickup/Utilitario,Moto/Ciclomotor",Garay Y Entre Rios,5,3,0,0,2,0,0,,Calle,,ROSARIO,Rosario,Asfalto,S/D,II,Dentro,Urbana,S/D,S/D,Intersección,S/D,Buena,Diurna,Buen Tiempo,Lateral,S/D,Colisión,S/D,S/D,S/D,S/D,POINT (-60.648025 -32.9740115),"['Garay', 'Entre Ríos']",2,Juan de Garay; Entre Ríos,-32.9740115,-60.648025,55.0,538.0,Municipio Rosario,Municipio,Rosario,820210,Servicio de Catastro e Información Territorial,IGN
2013,1975,2013-02-08,Viernes,0.0,11:00:00,,0.0,2,"Bicicleta,Automóvil",San Martin 5400,2,1,0,0,1,0,0,,Calle,,ROSARIO,Rosario,Hormigón,S/D,II,Dentro,Urbana,Ninguna,Funciona,Intersección,S/D,Buena,Diurna,Buen Tiempo,S/D,S/D,Atropello,S/D,Horizontal,Cordón divisorio,S/D,"-32.9764777, -60.6372639",['San Martin 5400'],1,San Martin 5400,-32.9764777,-60.6372639,55.0,538.0,Municipio Rosario,Municipio,Rosario,820210,Servicio de Catastro e Información Territorial,IGN
2013,1977,2013-02-08,Viernes,0.0,12:00:00,,0.0,2,"Automóvil,Moto/Ciclomotor",Bv. Oroño Y Ameghino,3,1,0,0,2,0,0,,Calle,,ROSARIO,Rosario,Hormigón,S/D,II,Dentro,Urbana,S/D,Funciona,Recta,Bueno,Buena,Diurna,Buen Tiempo,S/D,S/D,Colisión,S/D,Horizontal,Línea divisoria pintada,S/D,POINT (-60.6635405 -32.9844018),"['Bulevar Nicasio Oroño', 'Ameghino']",2,Bulevar Nicasio Oroño; Ameghino,-32.9844018,-60.6635405,55.0,538.0,Municipio Rosario,Municipio,Rosario,820210,Servicio de Catastro e Información Territorial,IGN
2013,1997,2013-02-14,Jueves,0.0,17:00:00,,0.0,2,"Peatón,Moto/Ciclomotor",Bv. Avellaneda Y Dean Funes,2,1,0,0,1,0,0,,Calle,,ROSARIO,Rosario,Asfalto,Natural,II,Dentro,Urbana,Ninguna,No existe,Intersección,Bueno,Buena,Atardecer,Buen Tiempo,Otro,S/D,Atropello,S/D,Faltante,Barrera de hormigón,Sin restricción,POINT (-60.686496000000005 -32.96832429999999),"['Avellaneda', 'Deán Gregorio Funes']",2,Bulevar Nicolás Avellaneda; Deán Gregorio Funes,-32.96832429999999,-60.686496000000005,55.0,538.0,Municipio Rosario,Municipio,Rosario,820210,Servicio de Catastro e Información Territorial,IGN
2013,1998,2013-02-01,Viernes,0.0,22:10:00,,0.0,2,"Pickup/Utilitario,Moto/Ciclomotor",Balcarce Y Garibaldi,2,1,0,0,1,0,0,,Calle,,ROSARIO,Rosario,Asfalto,Pavimento,II,Dentro,Urbana,S/D,No existe,Intersección,Bueno,Buena,Nocturna,Buen Tiempo,Lateral,S/D,Colisión,S/D,Faltante,Ninguna,S/D,POINT (-60.66189070000001 -32.9835046),"['Balcarce', 'José Garibaldi']",2,Balcarce; José Garibaldi,-32.9835046,-60.66189070000001,55.0,538.0,Municipio Rosario,Municipio,Rosario,820210,Servicio de Catastro e Información Territorial,IGN
2013,2000,2013-02-05,Martes,0.0,09:00:00,,0.0,2,"Pickup/Utilitario,Automóvil",Av. Corrientes Y Uruguay,4,1,0,0,3,0,0,,Avenida,,ROSARIO,Rosario,Hormigón,S/D,II,Dentro,Urbana,S/D,S/D,Intersección,S/D,Buena,Diurna,Buen Tiempo,Lateral,S/D,Colisión,S/D,S/D,Ninguna,S/D,POINT (-60.650026 -32.976060399999994),"['Corrientes', 'Uruguay']",2,Corrientes; Uruguay,-32.976060399999994,-60.650026,55.0,538.0,Municipio Rosario,Municipio,Rosario,820210,Servicio de Catastro e Información Territorial,IGN
2013,2001,2013-02-17,Domingo,0.0,02:15:00,,0.0,2,"Moto/Ciclomotor,Moto/Ciclomotor",Bv. Segui Y Castellanos,3,2,0,0,1,0,0,,Avenida,,ROSARIO,Rosario,Asfalto,S/D,II,Dentro,Urbana,Ninguna,S/D,Recta,Bueno,Buena,Nocturna,Buen Tiempo,Lateral,S/D,Colisión,S/D,S/D,Barrera de hormigón,Sin restricción,POINT (-60.6832904 -32.972482649999996),"['Bulevar Juan Francisco Seguí', 'Aaron Castellanos']",2,Bulevar Juan Francisco Seguí; Aaron Castellanos,-32.97248265,-60.6832904,55.0,538.0,Municipio Rosario,Municipio,Rosario,820210,Servicio de Catastro e Información Territorial,IGN
2013,2002,2013-02-07,Jueves,0.0,09:15:00,,0.0,2,"Moto/Ciclomotor,Automóvil",Colon Y Gaboto,3,1,0,0,2,0,0,,Calle,,ROSARIO,Rosario,Asfalto,No existe,II,Dentro,Urbana,Marca Vial,No existe,Intersección,Bueno,Buena,Diurna,Buen Tiempo,Lateral,S/D,Colisión,Otro,Vertical,Línea divisoria pintada,Sin restricción,POINT (-60.63230000000001 -32.9756052),"['Colon', 'Gaboto']",2,Cristóbal Colón; Gaboto,-32.9756052,-60.63230000000001,55.0,538.0,Municipio Rosario,Municipio,Rosario,820210,Servicio de Catastro e Información Territorial,IGN
2013,2003,2013-02-03,Domingo,0.0,18:30:00,,0.0,2,"Moto/Ciclomotor,Automóvil",Mitre Y Pte.Quintana,3,2,0,0,1,0,0,,Calle,,ROSARIO,Rosario,Asfalto,S/D,II,Dentro,Urbana,Ninguna,S/D,Intersección,Bueno,S/D,S/D,Buen Tiempo,Lateral,S/D,Colisión,S/D,S/D,Ninguna,Sin restricción,POINT (-60.648628699999996 -32.9822769),"['Mitre', 'Quintana']",2,"('Bartolomé Mitre', 'Presidente Quintana')",-32.9822769,-60.6486287,55.0,538.0,Municipio Rosario,Municipio,Rosario,820210,Servicio de Catastro e Información Territorial,IGN
2013,2005,2013-02-03,Domingo,0.0,22:10:00,,0.0,2,"Taxi/Remis,Automóvil",Bv. Oroño Y Pte.Quintana,4,2,0,0,2,0,0,,Avenida,,ROSARIO,Rosario,Hormigón,S/D,II,Dentro,Urbana,Semáforo,Funciona,Intersección,Bueno,Buena,Nocturna,Buen Tiempo,Lateral,S/D,Colisión,S/D,Horizontal,Cordón divisorio,S/D,POINT (-60.6623862 -32.979811100000006),"['Bulevar Nicasio Oroño', 'Quintana']",2,"('Bulevar Nicasio Oroño', 'Presidente Quintana')",-32.979811100000006,-60.6623862,55.0,538.0,Municipio Rosario,Municipio,Rosario,820210,Servicio de Catastro e Información Territorial,IGN
2013,2006,2013-02-22,Viernes,0.0,14:00:00,,0.0,2,"Automóvil,Moto/Ciclomotor",Garay Y Pje. 1112,2,1,0,0,1,0,0,,Calle,,ROSARIO,Rosario,Asfalto,S/D,II,S/D,S/D,Ninguna,No existe,Intersección,Bueno,Buena,Diurna,Buen Tiempo,Lateral,S/D,Colisión,S/D,S/D,Ninguna,Sin restricción,POINT (-60.68959660000001 -32.9665405),"['Garay', 'Juan José Saer']",2,Juan de Garay; Juan José Saer,-32.9665405,-60.68959660000001,55.0,538.0,Municipio Rosario,Municipio,Rosario,820210,Servicio de Catastro e Información Territorial,IGN
2013,2007,2013-02-23,Sabado,0.0,08:00:00,,0.0,2,"Automóvil,Pickup/Utilitario",AVELLANEDA Y LAGUNA DEL DESIERTO,2,2,0,0,0,0,0,,Avenida,,ROSARIO,Rosario,Asfalto,S/D,II,S/D,Urbana,Ninguna,No existe,Recta,Bueno,Buena,Diurna,Buen Tiempo,Lateral,S/D,Colisión,S/D,S/D,Ninguna,Sin restricción,POINT (-60.68845650000001 -32.9826932),"['Avellaneda', 'Lago del Desierto']",2,Bulevar Nicolás Avellaneda; Lago del Desierto,-32.9826932,-60.68845650000001,55.0,538.0,Municipio Rosario,Municipio,Rosario,820210,Servicio de Catastro e Información Territorial,IGN
2013,2008,2013-02-11,Lunes,0.0,14:25:00,,0.0,2,"Automóvil,Moto/Ciclomotor",Av. Battle y Ordoñez 2100,2,1,0,0,1,0,0,,Avenida,,ROSARIO,Rosario,S/D,S/D,II,S/D,Urbana,S/D,S/D,Recta,Bueno,S/D,S/D,Buen Tiempo,S/D,S/D,S/D,S/D,S/D,S/D,S/D,"-33.009042, -60.6558939",['Avenida Battle y Ordoñez 2100'],1,Avenida Battle y Ordoñez 2100,-33.009042,-60.6558939,55.0,538.0,Municipio Rosario,Municipio,Rosario,820210,Servicio de Catastro e Información Territorial,IGN
2013,2009,2013-02-01,Viernes,0.0,19:10:00,,0.0,2,"Moto/Ciclomotor,Automóvil",Amenabar Y Mariano Moreno,2,1,0,0,1,0,0,,Calle,,ROSARIO,Rosario,Asfalto,Pavimento,II,Dentro,Urbana,Ninguna,S/D,Intersección,Bueno,Buena,Atardecer,Buen Tiempo,Lateral,S/D,Colisión,S/D,S/D,S/D,S/D,POINT (-60.65707309999999 -32.9699781),"['Amenabar', 'Mariano Moreno']",2,José de Amenábar; Mariano Moreno,-32.9699781,-60.65707309999999,55.0,538.0,Municipio Rosario,Municipio,Rosario,820210,Servicio de Catastro e Información Territorial,IGN
2013,2010,2013-02-08,Viernes,0.0,16:50:00,,0.0,2,"Moto/Ciclomotor,Moto/Ciclomotor",Buenos Aires Y Dr.Rivas,3,2,0,0,1,0,0,,Calle,,ROSARIO,Rosario,Asfalto,No existe,II,Dentro,Urbana,Marca Vial,No existe,Intersección,Bueno,Buena,Atardecer,Buen Tiempo,Lateral,S/D,Colisión,Otro,Vertical,Línea divisoria pintada,Sin restricción,POINT (-60.64209 -32.9846811),"['Buenos Aires', 'Doctor Francisco Riva']",2,Buenos Aires; Doctor Francisco Riva,-32.9846811,-60.64209,55.0,538.0,Municipio Rosario,Municipio,Rosario,820210,Servicio de Catastro e Información Territorial,IGN
2013,2011,2013-02-10,Domingo,0.0,12:30:00,,0.0,2,"Moto/Ciclomotor,Automóvil",Bv. Segui Y Ayacucho,3,1,0,0,2,0,0,,Avenida,,ROSARIO,Rosario,Asfalto,No existe,II,Dentro,Urbana,Marca Vial,No existe,Intersección,Bueno,Buena,Diurna,Buen Tiempo,Lateral,S/D,Colisión,Otro,Vertical,Línea divisoria pintada,Sin restricción,POINT (-60.63548025 -32.9810463),"['Bulevar Juan Francisco Seguí', 'Ayacucho']",2,Bulevar Juan Francisco Seguí; Ayacucho,-32.9810463,-60.63548025,55.0,538.0,Municipio Rosario,Municipio,Rosario,820210,Servicio de Catastro e Información Territorial,IGN
2013,2012,2013-02-02,Sabado,0.0,17:30:00,,0.0,2,"Moto/Ciclomotor,Automóvil",Amenabar Y Av. Corrientes,3,2,0,0,1,0,0,,Avenida,,ROSARIO,Rosario,Asfalto,Pavimento,II,Dentro,Urbana,S/D,S/D,Intersección,Bueno,Buena,Diurna,Buen Tiempo,Lateral,S/D,Colisión,S/D,S/D,S/D,S/D,POINT (-60.64885220000001 -32.9714548),"['Amenabar', 'Corrientes']",2,José de Amenábar; Corrientes,-32.9714548,-60.64885220000001,55.0,538.0,Municipio Rosario,Municipio,Rosario,820210,Servicio de Catastro e Información Territorial,IGN
2013,2013,2013-02-08,Viernes,0.0,13:20:00,,0.0,2,"Bicicleta,Moto/Ciclomotor",Sanchez de Bustamante Y Bv. Oroño A,2,1,0,0,1,0,0,,Calle,,ROSARIO,Rosario,Asfalto,S/D,II,Dentro,Urbana,Paso Peatonal,Funciona,S/D,Bueno,S/D,S/D,S/D,Otro,S/D,Atropello,S/D,S/D,S/D,S/D,POINT (-60.66506820000001 -33.00250765),"['Sánchez de Bustamante', 'Bulevar Nicasio Oroño']",2,Sánchez de Bustamante; Bulevar Nicasio Oroño,-33.00250765,-60.66506820000001,55.0,538.0,Municipio Rosario,Municipio,Rosario,820210,Servicio de Catastro e Información Territorial,IGN
2013,2014,2013-02-06,Miercoles,0.0,18:45:00,,0.0,2,"Taxi/Remis,Pickup/Utilitario",Av. Battle y Ordoñez Y Mariano Moreno,2,1,0,0,0,0,1,,S/D,,ROSARIO,Rosario,Asfalto,No existe,II,S/D,Urbana,S/D,S/D,Intersección,Bueno,Buena,Diurna,Buen Tiempo,S/D,S/D,S/D,S/D,S/D,S/D,S/D,POINT (-60.661635649999994 -33.0093064),"['Avenida Battle y Ordoñez', 'Mariano Moreno']",2,Avenida Battle y Ordoñez; Mariano Moreno,-33.0093064,-60.66163565,55.0,538.0,Municipio Rosario,Municipio,Rosario,820210,Servicio de Catastro e Información Territorial,IGN
2013,2015,2013-02-14,Jueves,0.0,12:55:00,,0.0,2,"Automóvil,Pickup/Utilitario",Anchorena ,2,1,0,0,1,0,0,,Calle,,ROSARIO,Rosario,Asfalto,Pavimento,II,Dentro,Urbana,Ninguna,No existe,Intersección,Bueno,Buena,Diurna,Buen Tiempo,Lateral,S/D,Colisión,S/D,Faltante,Ninguna,Sin restricción,"-32.9980365, -60.6579606",['Anchorena'],1,Anchorena,-32.9980365,-60.6579606,55.0,538.0,Municipio Rosario,Municipio,Rosario,820210,Servicio de Catastro e Información Territorial,IGN
2013,2016,2013-02-10,Domingo,0.0,17:00:00,,0.0,2,"Moto/Ciclomotor,Automóvil",L.N.Alem Y 24 De Setiembre,2,1,0,0,1,0,0,,Calle,,ROSARIO,Rosario,Asfalto,No existe,II,Dentro,Urbana,Marca Vial,No existe,Intersección,Bueno,Buena,Diurna,Buen Tiempo,Lateral,S/D,Colisión,S/D,Vertical,Línea divisoria pintada,Sin restricción,POINT (-60.6367922 -32.9820138),"['Alem', '24 de Septiembre']",2,Leandro N. Alem; 24 de Septiembre,-32.9820138,-60.6367922,55.0,538.0,Municipio Rosario,Municipio,Rosario,820210,Servicio de Catastro e Información Territorial,IGN
2013,2017,2013-02-21,Jueves,0.0,15:30:00,,0.0,2,"Automóvil,Automóvil",Madre Cabrini Y Pje. Turin,2,1,0,0,1,0,0,,S/D,,ROSARIO,Rosario,S/D,S/D,II,S/D,S/D,S/D,S/D,S/D,S/D,S/D,S/D,S/D,S/D,S/D,S/D,S/D,S/D,S/D,S/D,POINT (-60.6611755 -33.00537289999999),"['Madre Cabrini', 'Turín']",2,Madre Cabrini; Pasaje Turín,-33.00537289999999,-60.6611755,55.0,538.0,Municipio Rosario,Municipio,Rosario,820210,Servicio de Catastro e Información Territorial,IGN
2013,2018,2013-02-01,Viernes,0.0,15:45:00,,0.0,2,"Moto/Ciclomotor,Automóvil",San Martin Y Juan Canals,2,1,0,0,1,0,0,,Calle,,ROSARIO,Rosario,Asfalto,Pavimento,II,Dentro,Urbana,Ninguna,No existe,Intersección,Bueno,Buena,Diurna,Buen Tiempo,Lateral,S/D,Colisión,S/D,S/D,Cordón divisorio,Sin restricción,POINT (-60.646518549999996 -32.98985395),"['San Martin', 'Juan Canals']",2,José de San Martín; Juan Canals,-32.98985395,-60.64651855,55.0,538.0,Municipio Rosario,Municipio,Rosario,820210,Servicio de Catastro e Información Territorial,IGN
2013,2019,2013-02-25,Lunes,0.0,11:30:00,,0.0,2,"Moto/Ciclomotor,Automóvil",Ayacucho Y Hilarion de la Quintana,3,2,0,0,1,0,0,,Avenida,,ROSARIO,Rosario,Asfalto,No existe,II,Dentro,Urbana,Semáforo,Funciona,Intersección,Bueno,Buena,Diurna,S/D,Lateral,S/D,Colisión,S/D,S/D,Ninguna,Sin restricción,POINT (-60.6362352 -33.0005716),"['Ayacucho', 'Hilarión de la Quintana']",2,Ayacucho; Hilarión de la Quintana,-33.0005716,-60.6362352,55.0,538.0,Municipio Rosario,Municipio,Rosario,820210,Servicio de Catastro e Información Territorial,IGN
2013,2020,2013-02-15,Viernes,0.0,15:50:00,,0.0,2,"Moto/Ciclomotor,Automóvil",Entre Rios Y Cochabamba,2,1,0,0,1,0,0,,Calle,,ROSARIO,Rosario,Asfalto,S/D,II,Dentro,Urbana,Señal Pare,S/D,Intersección,S/D,S/D,Diurna,S/D,S/D,S/D,Colisión,S/D,S/D,S/D,Sin restricción,POINT (-60.6439501 -32.9579457),"['Entre Ríos', 'Cochabamba']",2,Entre Ríos; Cochabamba,-32.9579457,-60.6439501,55.0,538.0,Municipio Rosario,Municipio,Rosario,820210,Servicio de Catastro e Información Territorial,IGN
2013,2021,2013-02-02,Sabado,0.0,20:15:00,,0.0,2,"Automóvil,Automóvil",Alvear Y Reg.11 de Infanteria,3,2,0,0,1,0,0,,Calle,,ROSARIO,Rosario,S/D,S/D,II,S/D,S/D,S/D,S/D,Intersección,S/D,S/D,S/D,S/D,S/D,S/D,S/D,S/D,S/D,S/D,S/D,POINT (-60.6663602 -32.99933339999999),"['Alvear', 'Regimiento 11']",2,Alvear; Regimiento 11,-32.99933339999999,-60.6663602,55.0,538.0,Municipio Rosario,Municipio,Rosario,820210,Servicio de Catastro e Información Territorial,IGN
2013,2022,2013-02-04,Lunes,0.0,14:30:00,,0.0,1,Moto/Ciclomotor,Bv. Oroño Y Av. Arijon,1,1,0,0,0,0,0,,S/D,,ROSARIO,Rosario,Asfalto,S/D,II,S/D,Urbana,S/D,S/D,Recta,S/D,S/D,S/D,S/D,S/D,S/D,S/D,S/D,S/D,S/D,S/D,POINT (-60.6650193 -33.003540599999994),"['Bulevar Nicasio Oroño', 'Avenida Manuel Arijón']",2,Bulevar Nicasio Oroño; Avenida Manuel Arijón,-33.003540599999994,-60.6650193,55.0,538.0,Municipio Rosario,Municipio,Rosario,820210,Servicio de Catastro e Información Territorial,IGN
2013,2024,2013-02-01,Viernes,0.0,,,0.0,2,"Peatón,Moto/Ciclomotor",BV AVELLANEDA Y CUMPARCITA,2,2,0,0,0,0,0,,Avenida,,ROSARIO,Rosario,Asfalto,S/D,II,Dentro,Urbana,S/D,S/D,Recta,Bueno,Buena,S/D,Buen Tiempo,Otro,S/D,Colisión,S/D,S/D,S/D,Sin restricción,POINT (-60.689165900000006 -33.0199356),"['Avellaneda', 'La Cumparsita']",2,Bulevar Nicolás Avellaneda; La Cumparsita,-33.0199356,-60.689165900000006,55.0,538.0,Municipio Rosario,Municipio,Rosario,820210,Servicio de Catastro e Información Territorial,IGN
2013,2025,2013-02-02,Sabado,0.0,,,0.0,2,"Moto/Ciclomotor,Bicicleta",5 DE AGOSTO Y CALLE 2144,3,1,0,0,2,0,0,,Calle,,ROSARIO,Rosario,Asfalto,S/D,II,Dentro,Urbana,S/D,No existe,Recta,S/D,S/D,S/D,Buen Tiempo,Otro,S/D,Atropello,S/D,S/D,S/D,S/D,"-33.0179629, -60.6892722",['5 De Agosto 2144'],1,5 De Agosto 2144,-33.0179629,-60.6892722,55.0,538.0,Municipio Rosario,Municipio,Rosario,820210,Servicio de Catastro e Información Territorial,IGN
2013,2030,2013-02-01,Viernes,0.0,10:20:00,,0.0,2,"Moto/Ciclomotor,Automóvil",Mitre Y Amenabar,3,1,0,0,2,0,0,,Calle,,ROSARIO,Rosario,Asfalto,S/D,II,Dentro,Urbana,S/D,No existe,Intersección,Bueno,Buena,Diurna,Buen Tiempo,Lateral,S/D,Colisión,S/D,S/D,S/D,Sin restricción,POINT (-60.64601179999999 -32.9719662),"['Mitre', 'Amenabar']",2,Bartolomé Mitre; José de Amenábar,-32.9719662,-60.64601179999999,55.0,538.0,Municipio Rosario,Municipio,Rosario,820210,Servicio de Catastro e Información Territorial,IGN
2013,2032,2013-02-15,Viernes,0.0,19:00:00,,0.0,2,"Bicicleta,Automóvil",Av. Pellegrini 1149,2,1,0,0,1,0,0,,Avenida,,ROSARIO,Rosario,Asfalto,S/D,II,Dentro,Urbana,S/D,S/D,Recta,S/D,S/D,S/D,S/D,S/D,S/D,Atropello,S/D,S/D,S/D,S/D,"-32.9573857, -60.6415549",['Pellegrini 1149'],1,Pellegrini 1149,-32.9573857,-60.6415549,55.0,538.0,Municipio Rosario,Municipio,Rosario,820210,Servicio de Catastro e Información Territorial,IGN
2013,2035,2013-02-01,Viernes,0.0,18:30:00,,0.0,2,"Moto/Ciclomotor,Automóvil",Pte.Roca Y Juan Canals,3,2,0,0,1,0,0,,Calle,,ROSARIO,Rosario,Asfalto,S/D,II,Dentro,Urbana,Ninguna,No existe,Intersección,Bueno,Buena,Diurna,Buen Tiempo,Lateral,S/D,Colisión,S/D,S/D,S/D,Sin restricción,POINT (-60.6559503 -32.9881674),"['Roca', 'Juan Canals']",2,Presidente Roca; Juan Canals,-32.9881674,-60.6559503,55.0,538.0,Municipio Rosario,Municipio,Rosario,820210,Servicio de Catastro e Información Territorial,IGN
2013,2036,2013-02-15,Viernes,0.0,19:30:00,,0.0,2,"Bicicleta,Pickup/Utilitario",Bv. 27 De Febrero 2820,2,1,0,0,1,0,0,,Avenida,,ROSARIO,Rosario,Asfalto,S/D,II,Dentro,Urbana,S/D,S/D,Recta,S/D,S/D,S/D,S/D,S/D,S/D,Atropello,S/D,S/D,S/D,S/D,"-32.96315575, -60.666897278600004",['27 De Febrero 2820'],1,27 De Febrero 2820,-32.96315575,-60.6668972786,55.0,538.0,Municipio Rosario,Municipio,Rosario,820210,Servicio de Catastro e Información Territorial,IGN
2013,2037,2013-02-06,Miercoles,0.0,05:00:00,,0.0,1,Automóvil,Bv. Avellaneda Y Av. Arijon,1,1,0,0,0,0,0,,Avenida,,ROSARIO,Rosario,Asfalto,Pavimento,II,Dentro,Urbana,S/D,No existe,Intersección,Bueno,Buena,Amanecer,Buen Tiempo,Contra objeto fijo,S/D,Otro,S/D,S/D,Barrera de hormigón,Sin restricción,POINT (-60.688958050000004 -33.0042364),"['Avellaneda', 'Avenida Manuel Arijón']",2,Bulevar Nicolás Avellaneda; Avenida Manuel Arijón,-33.0042364,-60.68895805,55.0,538.0,Municipio Rosario,Municipio,Rosario,820210,Servicio de Catastro e Información Territorial,IGN
2013,2041,2013-02-06,Miercoles,0.0,17:00:00,,0.0,2,"Pickup/Utilitario,Moto/Ciclomotor",Iriondo Y Hilarion de la Quintana,2,1,0,0,1,0,0,,Calle,,ROSARIO,Rosario,Asfalto,No existe,II,Dentro,Urbana,Ninguna,No existe,Intersección,Con baches,Buena,Atardecer,Buen Tiempo,Lateral,S/D,Colisión,S/D,S/D,Ninguna,Sin restricción,POINT (-60.68202809999999 -33.0018772),"['Iriondo', 'Hilarión de la Quintana']",2,Iriondo; Hilarión de la Quintana,-33.0018772,-60.68202809999999,55.0,538.0,Municipio Rosario,Municipio,Rosario,820210,Servicio de Catastro e Información Territorial,IGN
2013,2051,2013-02-09,Sabado,0.0,22:00:00,,0.0,2,"Taxi/Remis,Moto/Ciclomotor",Av. Ovidio Lagos 6600,3,2,0,0,1,0,0,,Avenida,,ROSARIO,Rosario,Asfalto,S/D,II,Dentro,Urbana,Ninguna,S/D,Recta,Bueno,Buena,Con luz artificial,Buen Tiempo,Lateral,S/D,Colisión,S/D,Faltante,Barrera de hormigón,Sin restricción,"-33.0259193, -60.6809495",['Ovidio Lagos 6600'],1,Ovidio Lagos 6600,-33.0259193,-60.6809495,55.0,538.0,Municipio Rosario,Municipio,Rosario,820210,Servicio de Catastro e Información Territorial,IGN
2013,2058,2013-02-14,Jueves,0.0,08:20:00,,0.0,2,"Taxi/Remis,Camión",Av. Ovidio Lagos S/N,2,1,0,0,1,0,0,,Avenida,,ROSARIO,Rosario,Asfalto,S/D,II,Dentro,Urbana,Semáforo,Funciona,Recta,Bueno,Buena,Amanecer,Buen Tiempo,S/D,S/D,Colisión,S/D,Horizontal,Línea divisoria pintada,Sin restricción,"-33.0259193, -60.6809495",['Ovidio Lagos S/n'],1,Ovidio Lagos S/n,-33.0259193,-60.6809495,55.0,538.0,Municipio Rosario,Municipio,Rosario,820210,Servicio de Catastro e Información Territorial,IGN
2013,2060,2013-02-22,Viernes,0.0,18:00:00,,0.0,3,"Automóvil,Taxi/Remis,Automóvil",Av. Arijon Y San Martin,5,3,0,0,2,0,0,,Calle,,ROSARIO,Rosario,Hormigón,S/D,II,Dentro,Urbana,Semáforo,Funciona,Recta,Bueno,S/D,Atardecer,Buen Tiempo,Múltiple,S/D,Colisión,S/D,Vertical,S/D,S/D,POINT (-60.649363550000004 -33.003052149999995),"['Avenida Manuel Arijón', 'San Martin']",2,Avenida Manuel Arijón; José de San Martín,-33.003052149999995,-60.64936355,55.0,538.0,Municipio Rosario,Municipio,Rosario,820210,Servicio de Catastro e Información Territorial,IGN