anio_acci,nro_acci,fecha,desc_dia,fecha_aprox,hora_aprox,desc_ruta,km,cant_participantes,desc_participante,calle_avenida_km,total,heridos_leves,heridos_graves,heridos_gravisimos,ilesos,fallecidos,sin_datos,posicion_XY,desc_tipo_via,desc_ruta_ori,desc_loc,desc_dpto,desc_tipo_calzada,desc_tipo_banquina,desc_unidad_regional,desc_lugar_calzada,desc_zona,desc_prioridad,desc_estado_semaforo,desc_lugar_via,desc_estado_via,desc_estado_visibilidad,desc_luminosidad,desc_estado_clima,desc_tipo_colision,desc_tipo_atropello,desc_tipo_hecho,desc_pres_calzada,desc_senializacion,desc_separacion_via,desc_restriccion,forma_geocod,calle_lista,numero_calles,calles_osm,lat,lon,index_right,gid,fna,gna,nam,in1,fdc,sag
2013,2061,2013-02-18,Lunes,0.0,13:50:00,,0.0,2,"Automóvil,Moto/Ciclomotor",Cochabamba Y Mariano Moreno,3,2,0,0,1,0,0,,Calle,,ROSARIO,Rosario,Asfalto,S/D,II,Dentro,Urbana,S/D,S/D,Intersección,S/D,S/D,Diurna,S/D,S/D,S/D,Colisión,S/D,S/D,S/D,Sin restricción,POINT (-60.6536242 -32.9562251),"['Cochabamba', 'Mariano Moreno']",2,Cochabamba; Mariano Moreno,-32.9562251,-60.6536242,55.0,538.0,Municipio Rosario,Municipio,Rosario,820210,Servicio de Catastro e Información Territorial,IGN
2013,2062,2013-02-03,Domingo,0.0,21:00:00,,0.0,2,"Automóvil,Moto/Ciclomotor",Buenos Aires Y Av. Arijon,2,1,0,0,1,0,0,,Avenida,,ROSARIO,Rosario,Asfalto,No existe,II,S/D,Urbana,Ninguna,No existe,Intersección,Bueno,Reducida,Nocturna,Otro,Otro,S/D,Otro,S/D,S/D,Ninguna,Sin restricción,POINT (-60.6449328 -33.0029409),"['Buenos Aires', 'Avenida Manuel Arijón']",2,Buenos Aires; Avenida Manuel Arijón,-33.0029409,-60.6449328,55.0,538.0,Municipio Rosario,Municipio,Rosario,820210,Servicio de Catastro e Información Territorial,IGN
2013,2063,2013-02-01,Viernes,0.0,17:30:00,,0.0,1,Moto/Ciclomotor,San Martin 6300,1,1,0,0,0,0,0,,Avenida,,ROSARIO,Rosario,Asfalto,No existe,II,S/D,Urbana,Ninguna,No existe,Recta,Deteriorada,Buena,Diurna,Otro,Lateral,S/D,Otro,S/D,S/D,Cordón divisorio,Obra en Construcción,"-32.9764777, -60.6372639",['San Martin 6300'],1,San Martin 6300,-32.9764777,-60.6372639,55.0,538.0,Municipio Rosario,Municipio,Rosario,820210,Servicio de Catastro e Información Territorial,IGN
2013,2064,2013-02-21,Jueves,0.0,03:00:00,,0.0,2,"Moto/Ciclomotor,Automóvil",Av. Uriburu Y Paraguay,2,1,0,0,1,0,0,,Calle,,ROSARIO,Rosario,Hormigón,S/D,II,Dentro,Urbana,S/D,S/D,Intersección,Bueno,Buena,Diurna,Buen Tiempo,Lateral,S/D,Colisión,S/D,S/D,S/D,S/D,POINT (-60.655215850000005 -32.990962749999994),"['Uriburu', 'Paraguay']",2,Avenida José Uriburu; Paraguay,-32.990962749999994,-60.655215850000005,55.0,538.0,Municipio Rosario,Municipio,Rosario,820210,Servicio de Catastro e Información Territorial,IGN
2013,2066,2013-02-18,Lunes,0.0,19:00:00,,0.0,2,"Moto/Ciclomotor,Automóvil",Sarmiento Y Galvez,2,1,0,0,1,0,0,,Calle,,ROSARIO,Rosario,Asfalto,S/D,II,Dentro,Urbana,S/D,S/D,Intersección,S/D,S/D,Atardecer,S/D,S/D,S/D,Colisión,S/D,S/D,S/D,S/D,POINT (-60.6437699 -32.968772),"['Sarmiento', 'Galvez']",2,Sarmiento; José Gálvez,-32.968772,-60.6437699,55.0,538.0,Municipio Rosario,Municipio,Rosario,820210,Servicio de Catastro e Información Territorial,IGN
2013,2069,2013-02-09,Sabado,0.0,18:20:00,,0.0,2,"Moto/Ciclomotor,Automóvil",Av. Battle y Ordoñez Y Paraguay,2,1,0,0,1,0,0,,Avenida,,ROSARIO,Rosario,Asfalto,No existe,II,S/D,Urbana,Ninguna,No existe,Intersección,Bueno,Buena,Atardecer,Otro,Otro,S/D,Colisión,S/D,Faltante,Cordón divisorio,Sin restricción,POINT (-60.65444640000001 -33.0090283),"['Avenida Battle y Ordoñez', 'Paraguay']",2,Avenida Battle y Ordoñez; Paraguay,-33.0090283,-60.65444640000001,55.0,538.0,Municipio Rosario,Municipio,Rosario,820210,Servicio de Catastro e Información Territorial,IGN
2013,2071,2013-02-19,Martes,0.0,09:45:00,,0.0,2,"Moto/Ciclomotor,Automóvil",Bv. Oroño Y Cochabamba,2,1,0,0,1,0,0,,Avenida,,ROSARIO,Rosario,Asfalto,S/D,II,Dentro,Urbana,S/D,S/D,Intersección,Bueno,S/D,Nocturna,S/D,S/D,S/D,Colisión,S/D,S/D,S/D,S/D,POINT (-60.656339 -32.9556154),"['Bulevar Nicasio Oroño', 'Cochabamba']",2,Bulevar Nicasio Oroño; Cochabamba,-32.9556154,-60.656339,55.0,538.0,Municipio Rosario,Municipio,Rosario,820210,Servicio de Catastro e Información Territorial,IGN
2013,2072,2013-02-19,Martes,0.0,13:00:00,,0.0,2,"Taxi/Remis,Automóvil",Sarmiento Y Cochabamba,2,1,0,0,1,0,0,,Calle,,ROSARIO,Rosario,Asfalto,S/D,II,Dentro,Urbana,S/D,S/D,Recta,S/D,S/D,Diurna,S/D,S/D,S/D,Colisión,S/D,S/D,S/D,S/D,POINT (-60.6411528 -32.958439),"['Sarmiento', 'Cochabamba']",2,Sarmiento; Cochabamba,-32.958439,-60.6411528,55.0,538.0,Municipio Rosario,Municipio,Rosario,820210,Servicio de Catastro e Información Territorial,IGN
2013,2076,2013-02-19,Martes,0.0,18:30:00,,0.0,2,"Automóvil,Automóvil",Bv. Oroño Y Galvez,2,1,0,0,1,0,0,,Avenida,,ROSARIO,Rosario,Asfalto,S/D,II,Dentro,Urbana,Semáforo,Funciona,Intersección,S/D,S/D,Atardecer,Buen Tiempo,S/D,S/D,Colisión,S/D,S/D,S/D,Sin restricción,POINT (-60.658933899999994 -32.9660708),"['Bulevar Nicasio Oroño', 'Galvez']",2,Bulevar Nicasio Oroño; José Gálvez,-32.9660708,-60.6589339,55.0,538.0,Municipio Rosario,Municipio,Rosario,820210,Servicio de Catastro e Información Territorial,IGN
2013,2078,2013-02-21,Jueves,0.0,17:10:00,,0.0,2,"Moto/Ciclomotor,Automóvil",Av. Corrientes Y Milan,3,2,0,0,1,0,0,,Avenida,,ROSARIO,Rosario,Hormigón,S/D,II,Dentro,Urbana,Ninguna,S/D,Intersección,Bueno,Buena,Diurna,Buen Tiempo,Lateral,S/D,Colisión,S/D,S/D,Ninguna,S/D,POINT (-60.6534523 -32.9898194),"['Corrientes', 'Milán']",2,Corrientes; Milán,-32.9898194,-60.6534523,55.0,538.0,Municipio Rosario,Municipio,Rosario,820210,Servicio de Catastro e Información Territorial,IGN
2013,2079,2013-02-20,Miercoles,0.0,09:50:00,,0.0,2,"Automóvil,Moto/Ciclomotor",Entre Rios Y Rueda,2,1,0,0,1,0,0,,Calle,,ROSARIO,Rosario,Asfalto,S/D,II,Dentro,Urbana,S/D,S/D,Intersección,S/D,S/D,Diurna,S/D,S/D,S/D,Colisión,S/D,S/D,S/D,S/D,POINT (-60.64715369999999 -32.9705762),"['Entre Ríos', 'Rueda']",2,Entre Ríos; Rueda,-32.9705762,-60.64715369999999,55.0,538.0,Municipio Rosario,Municipio,Rosario,820210,Servicio de Catastro e Información Territorial,IGN
2013,2080,2013-02-21,Jueves,0.0,20:30:00,,0.0,2,"Automóvil,Moto/Ciclomotor",Av. Pellegrini Y Rodriguez,3,2,0,0,1,0,0,,Avenida,,ROSARIO,Rosario,Asfalto,S/D,II,Dentro,Urbana,Semáforo,S/D,Intersección,S/D,S/D,Nocturna,S/D,S/D,S/D,Colisión,S/D,S/D,S/D,S/D,POINT (-60.661436800000004 -32.95359945),"['Pellegrini', 'Rodríguez']",2,Avenida Carlos Pellegrini; Rodríguez de Escobedo,-32.95359945,-60.6614368,55.0,538.0,Municipio Rosario,Municipio,Rosario,820210,Servicio de Catastro e Información Territorial,IGN
2013,2081,2013-02-21,Jueves,0.0,09:30:00,,0.0,2,"Automóvil,Moto/Ciclomotor",Sarmiento Y Pasco,2,1,0,0,1,0,0,,Calle,,ROSARIO,Rosario,Asfalto,S/D,II,Dentro,Urbana,S/D,S/D,Intersección,S/D,S/D,Diurna,S/D,Frontal,S/D,Colisión,S/D,S/D,S/D,S/D,POINT (-60.6414543 -32.95957909999999),"['Sarmiento', 'Pasco']",2,Sarmiento; Pasco,-32.95957909999999,-60.6414543,55.0,538.0,Municipio Rosario,Municipio,Rosario,820210,Servicio de Catastro e Información Territorial,IGN
2013,2083,2013-02-22,Viernes,0.0,10:30:00,,0.0,2,"Taxi/Remis,Moto/Ciclomotor",España Y Riobamba,2,1,0,0,1,0,0,,Calle,,ROSARIO,Rosario,Asfalto,S/D,II,Dentro,Urbana,S/D,S/D,Intersección,S/D,S/D,Diurna,S/D,S/D,S/D,Colisión,S/D,S/D,S/D,S/D,POINT (-60.6506574 -32.9615418),"['España', 'Riobamba']",2,España; Riobamba,-32.9615418,-60.6506574,55.0,538.0,Municipio Rosario,Municipio,Rosario,820210,Servicio de Catastro e Información Territorial,IGN
2013,2084,2013-02-17,Domingo,0.0,18:40:00,,0.0,2,"Bicicleta,Moto/Ciclomotor",Av. Battle y Ordoñez Y Av. Corrientes,2,1,0,0,1,0,0,,Avenida,,ROSARIO,Rosario,Asfalto,No existe,II,S/D,Urbana,Ninguna,No existe,Intersección,Bueno,Buena,Atardecer,Otro,Otro,S/D,Atropello,S/D,Faltante,Cordón divisorio,Sin restricción,POINT (-60.6529791 -33.00898595),"['Avenida Battle y Ordoñez', 'Corrientes']",2,Avenida Battle y Ordoñez; Corrientes,-33.00898595,-60.6529791,55.0,538.0,Municipio Rosario,Municipio,Rosario,820210,Servicio de Catastro e Información Territorial,IGN
2013,2090,2013-02-17,Domingo,0.0,19:00:00,,0.0,1,Peatón,Platon 1300,1,1,0,0,0,0,0,,Calle,,ROSARIO,Rosario,Tierra,No existe,II,S/D,Urbana,S/D,No existe,Recta,Deteriorada,Buena,Atardecer,S/D,S/D,S/D,Atropello,S/D,Faltante,S/D,S/D,"-33.0182432, -60.6491982",['Platon 1300'],1,Platon 1300,-33.0182432,-60.6491982,55.0,538.0,Municipio Rosario,Municipio,Rosario,820210,Servicio de Catastro e Información Territorial,IGN
2013,2092,2013-02-18,Lunes,0.0,16:30:00,,0.0,2,"Automóvil,Automóvil",Bv. Oroño Y Bv. Segui,3,2,0,0,1,0,0,,Avenida,,ROSARIO,Rosario,Hormigón,S/D,II,Dentro,Urbana,S/D,Funciona,Curva,Bueno,Buena,Diurna,S/D,De alcance,S/D,Colisión,S/D,Horizontal,S/D,S/D,POINT (-60.661523700000004 -32.976367025),"['Bulevar Nicasio Oroño', 'Bulevar Juan Francisco Seguí']",2,Bulevar Nicasio Oroño; Bulevar Juan Francisco Seguí,-32.976367025,-60.6615237,55.0,538.0,Municipio Rosario,Municipio,Rosario,820210,Servicio de Catastro e Información Territorial,IGN
2013,2094,2013-02-25,Lunes,0.0,12:15:00,,0.0,2,"Pickup/Utilitario,Moto/Ciclomotor",Italia Y Rueda,2,1,0,0,1,0,0,,Calle,,ROSARIO,Rosario,Asfalto,S/D,II,Dentro,Urbana,S/D,S/D,Intersección,S/D,S/D,Diurna,S/D,S/D,S/D,Colisión,S/D,S/D,S/D,S/D,POINT (-60.6540709 -32.9693412),"['Italia', 'Rueda']",2,Italia; Rueda,-32.9693412,-60.6540709,55.0,538.0,Municipio Rosario,Municipio,Rosario,820210,Servicio de Catastro e Información Territorial,IGN
2013,2100,2013-02-16,Sabado,0.0,18:05:00,,0.0,1,Transporte de Pasajeros Urbano (> 8 asientos),Buenos Aires Y Patricios,1,1,0,0,0,0,0,,Calle,,ROSARIO,Rosario,Asfalto,No existe,II,S/D,Urbana,Ninguna,No existe,Intersección,Otro,Buena,Atardecer,Otro,Otro,S/D,Otro,S/D,Faltante,Ninguna,Sin restricción,POINT (-60.6446116 -33.0108415),"['Buenos Aires', 'Patricios']",2,Buenos Aires; Patricios,-33.0108415,-60.6446116,55.0,538.0,Municipio Rosario,Municipio,Rosario,820210,Servicio de Catastro e Información Territorial,IGN
2013,2101,2013-02-25,Lunes,0.0,11:09:00,,0.0,2,"Moto/Ciclomotor,Automóvil",Viamonte Y Mitre,2,1,0,0,1,0,0,,Calle,,ROSARIO,Rosario,Asfalto,S/D,II,Dentro,Urbana,S/D,S/D,Intersección,Bueno,S/D,Diurna,S/D,S/D,S/D,Colisión,S/D,S/D,S/D,S/D,POINT (-60.6442984 -32.965104799999985),"['Viamonte', 'Mitre']",2,Viamonte; Bartolomé Mitre,-32.965104799999985,-60.6442984,55.0,538.0,Municipio Rosario,Municipio,Rosario,820210,Servicio de Catastro e Información Territorial,IGN
2013,2102,2013-02-13,Miercoles,0.0,07:30:00,,0.0,2,"Bicicleta,Camión",Entre Rios 6200,2,1,0,0,1,0,0,,Calle,,ROSARIO,Rosario,Asfalto,No existe,II,Dentro,Urbana,Ninguna,No existe,Recta,Otro,Buena,Diurna,Otro,Otro,S/D,Atropello,S/D,Faltante,Ninguna,Sin restricción,"-32.970087, -60.6470299",['Entre Rios 6200'],1,Entre Rios 6200,-32.970087,-60.6470299,55.0,538.0,Municipio Rosario,Municipio,Rosario,820210,Servicio de Catastro e Información Territorial,IGN
2013,2103,2013-07-07,Domingo,0.0,16:50:00,,0.0,2,"Automóvil,Automóvil",Marcos Paz Y Roullon,4,2,0,0,2,0,0,,Calle,,ROSARIO,Rosario,Asfalto,No existe,II,Dentro,Urbana,Ninguna,No existe,Intersección,Bueno,Buena,Diurna,Buen Tiempo,Lateral,S/D,Colisión,Otro,Vertical,Cordón divisorio,Sin restricción,POINT (-60.7023089 -32.9387945),"['Marcos Paz', 'Alfredo Rouillón']",2,Marcos Paz; Alfredo Rouillón,-32.9387945,-60.7023089,55.0,538.0,Municipio Rosario,Municipio,Rosario,820210,Servicio de Catastro e Información Territorial,IGN
2013,2105,2013-07-07,Domingo,0.0,16:30:00,,0.0,2,"Moto/Ciclomotor,Automóvil",Av. Provincias Unidas Y Marcos Paz,3,2,0,0,1,0,0,,Avenida,,ROSARIO,Rosario,Asfalto,No existe,II,Dentro,Urbana,Semáforo,Funciona,Intersección,Bueno,Buena,Diurna,Buen Tiempo,Lateral,S/D,Colisión,Otro,Horizontal,Cordón divisorio,Sin restricción,POINT (-60.71267265 -32.93906135),"['Avenida Provincias Unidas', 'Marcos Paz']",2,Avenida Provincias Unidas; Marcos Paz,-32.93906135,-60.71267265,55.0,538.0,Municipio Rosario,Municipio,Rosario,820210,Servicio de Catastro e Información Territorial,IGN
2013,2108,2013-07-30,Martes,0.0,13:00:00,,0.0,2,"Automóvil,Moto/Ciclomotor",Forest Y Peru,2,1,0,0,1,0,0,,Calle,,ROSARIO,Rosario,Asfalto,No existe,II,Dentro,Urbana,Ninguna,No existe,Intersección,Bueno,Buena,Diurna,Buen Tiempo,Lateral,S/D,Colisión,Otro,Vertical,Cordón divisorio,Sin restricción,POINT (-60.711261500000006 -32.9434895),"['Carlos Forest', 'Peru']",2,Carlos Forest; Perú,-32.9434895,-60.711261500000006,55.0,538.0,Municipio Rosario,Municipio,Rosario,820210,Servicio de Catastro e Información Territorial,IGN
2013,2110,2013-02-18,Lunes,0.0,15:20:00,,0.0,2,"Automóvil,Automóvil",San Martin A 4800,4,2,0,0,2,0,0,,Calle,,ROSARIO,Rosario,Hormigón,S/D,II,Dentro,Urbana,S/D,S/D,Intersección,Bueno,Buena,Diurna,Buen Tiempo,Lateral,S/D,Colisión,S/D,S/D,S/D,S/D,"-32.8711171, -60.6996532",['San Martin A 4800'],1,San Martin A 4800,-32.8711171,-60.6996532,55.0,538.0,Municipio Rosario,Municipio,Rosario,820210,Servicio de Catastro e Información Territorial,IGN
2013,2112,2013-07-27,Sabado,0.0,18:40:00,,0.0,2,"Automóvil,Moto/Ciclomotor",Montevideo Y Roullon,3,2,0,0,1,0,0,,Calle,,ROSARIO,Rosario,Asfalto,S/D,II,Dentro,Urbana,S/D,No existe,Intersección,Bueno,Buena,Diurna,Buen Tiempo,Lateral,S/D,Colisión,Otro,Vertical,Cordón divisorio,Sin restricción,POINT (-60.701961499999996 -32.9471749),"['Montevideo', 'Alfredo Rouillón']",2,Montevideo; Alfredo Rouillón,-32.9471749,-60.7019615,55.0,538.0,Municipio Rosario,Municipio,Rosario,820210,Servicio de Catastro e Información Territorial,IGN
2013,2113,2013-07-24,Miercoles,0.0,07:10:00,,0.0,2,"Automóvil,Moto/Ciclomotor",Guatemala Y Riobamba,3,2,0,0,1,0,0,,Calle,,ROSARIO,Rosario,Asfalto,No existe,II,Dentro,Urbana,Ninguna,No existe,Intersección,Bueno,Buena,Amanecer,Buen Tiempo,Lateral,S/D,Colisión,Otro,Vertical,Cordón divisorio,Sin restricción,POINT (-60.7166814 -32.9546486),"['Guatemala', 'Riobamba']",2,Guatemala; Riobamba,-32.9546486,-60.7166814,55.0,538.0,Municipio Rosario,Municipio,Rosario,820210,Servicio de Catastro e Información Territorial,IGN
2013,2114,2013-07-26,Viernes,0.0,,,0.0,2,"Moto/Ciclomotor,Automóvil",Tte.Agneta Y Forest,2,1,0,0,1,0,0,,Calle,,ROSARIO,Rosario,Asfalto,No existe,II,Dentro,Urbana,S/D,No existe,Intersección,Bueno,Buena,S/D,Buen Tiempo,Lateral,S/D,Colisión,Otro,Vertical,Cordón divisorio,Sin restricción,POINT (-60.6997183 -32.943153499999994),"['Teniente Agneta', 'Carlos Forest']",2,Teniente Agneta; Carlos Forest,-32.943153499999994,-60.6997183,55.0,538.0,Municipio Rosario,Municipio,Rosario,820210,Servicio de Catastro e Información Territorial,IGN
2013,2115,2013-02-28,Jueves,0.0,11:00:00,,0.0,2,"Automóvil,Moto/Ciclomotor",Garibaldi Y Sarmiento,2,1,0,0,1,0,0,,Calle,,ROSARIO,Rosario,Hormigón,S/D,II,Dentro,Urbana,S/D,S/D,Intersección,Bueno,Buena,Diurna,Buen Tiempo,Lateral,S/D,Colisión,S/D,S/D,S/D,S/D,POINT (-60.6481261 -32.9859707),"['José Garibaldi', 'Sarmiento']",2,José Garibaldi; Sarmiento,-32.9859707,-60.6481261,55.0,538.0,Municipio Rosario,Municipio,Rosario,820210,Servicio de Catastro e Información Territorial,IGN
2013,2116,2013-02-28,Jueves,0.0,18:50:00,,0.0,2,"Bicicleta,Automóvil",Juan Canals Y Paraguay,2,1,0,0,1,0,0,,Calle,,ROSARIO,Rosario,Asfalto,S/D,II,Dentro,Urbana,S/D,No existe,Intersección,Bueno,Buena,Atardecer,Buen Tiempo,Lateral,S/D,Atropello,S/D,S/D,S/D,S/D,POINT (-60.6545753 -32.9884113),"['Juan Canals', 'Paraguay']",2,Juan Canals; Paraguay,-32.9884113,-60.6545753,55.0,538.0,Municipio Rosario,Municipio,Rosario,820210,Servicio de Catastro e Información Territorial,IGN
2013,2119,2013-07-02,Martes,0.0,10:30:00,,0.0,2,"Moto/Ciclomotor,Bicicleta",M.Gonzalez Y Irurtia,2,2,0,0,0,0,0,,Calle,,ROSARIO,Rosario,Asfalto,No existe,II,Dentro,Urbana,Otra Señal,No existe,Intersección,Con baches,Buena,Diurna,Buen Tiempo,Lateral,S/D,Atropello,S/D,S/D,S/D,Sin restricción,POINT (-60.7309099 -32.9672421),"['Gonzalez', 'Irurtia']",2,Joaquín V. González; Irurtia,-32.9672421,-60.7309099,55.0,538.0,Municipio Rosario,Municipio,Rosario,820210,Servicio de Catastro e Información Territorial,IGN
2013,2123,2013-02-18,Lunes,0.0,19:00:00,,0.0,2,"Moto/Ciclomotor,Automóvil",GUILLERMO TELL Y LORIA,2,1,0,0,1,0,0,,Calle,,ROSARIO,Rosario,Asfalto,No existe,II,Dentro,Urbana,Ninguna,No existe,Intersección,Bueno,Buena,Diurna,S/D,Lateral,S/D,Colisión,S/D,S/D,Ninguna,Sin restricción,POINT (-60.6382653 -33.0129864),"['Calle 529', 'Lozzia']",2,Calle 529; Lozzia,-33.0129864,-60.6382653,55.0,538.0,Municipio Rosario,Municipio,Rosario,820210,Servicio de Catastro e Información Territorial,IGN
2013,2124,2013-02-18,Lunes,0.0,09:00:00,,0.0,2,"Automóvil,Taxi/Remis",San Martin Y Saavedra,2,1,0,0,1,0,0,,Calle,,ROSARIO,Rosario,Hormigón,S/D,II,Dentro,Urbana,S/D,Funciona,Recta,Bueno,Buena,Diurna,Buen Tiempo,De alcance,S/D,Colisión,S/D,Horizontal,S/D,S/D,POINT (-60.64439204999999 -32.978251650000004),"['San Martin', 'Saavedra']",2,José de San Martín; Saavedra,-32.978251650000004,-60.64439204999999,55.0,538.0,Municipio Rosario,Municipio,Rosario,820210,Servicio de Catastro e Información Territorial,IGN
2013,2128,2013-02-22,Viernes,0.0,08:45:00,,0.0,2,"Moto/Ciclomotor,Automóvil",Pje. Bompland Y Laprida,2,1,0,0,1,0,0,,Calle,,ROSARIO,Rosario,Asfalto,No existe,II,Dentro,Urbana,Ninguna,No existe,Intersección,Bueno,Buena,Diurna,Buen Tiempo,Lateral,S/D,Colisión,S/D,S/D,Ninguna,Sin restricción,POINT (-60.6453482 -32.99129679999999),"['Bonpland', 'Laprida']",2,Bonpland; Francisco Narciso Laprida,-32.99129679999999,-60.6453482,55.0,538.0,Municipio Rosario,Municipio,Rosario,820210,Servicio de Catastro e Información Territorial,IGN
2013,2130,2013-02-27,Miercoles,0.0,20:30:00,,0.0,2,"Moto/Ciclomotor,Pickup/Utilitario",Av. Ntra.Sra.del Rosario Y Mitre,2,1,0,0,0,0,1,,Calle,,ROSARIO,Rosario,Hormigón,S/D,II,Dentro,Urbana,S/D,S/D,Intersección,Bueno,Buena,Atardecer,Buen Tiempo,Lateral,S/D,Colisión,S/D,S/D,S/D,S/D,POINT (-60.65068665 -32.999927050000004),"['Nuestra Señora del Rosario', 'Mitre']",2,Puente Nuestra Señora del Rosario; Bartolomé Mitre,-32.999927050000004,-60.65068665,55.0,538.0,Municipio Rosario,Municipio,Rosario,820210,Servicio de Catastro e Información Territorial,IGN
2013,2131,2013-02-21,Jueves,0.0,18:40:00,,0.0,2,"Peatón,Automóvil",Av. Uriburu Y Laprida,2,1,0,0,1,0,0,,Avenida,,ROSARIO,Rosario,Asfalto,S/D,II,Dentro,Urbana,Ninguna,No existe,Intersección,Bueno,Buena,Diurna,Buen Tiempo,Lateral,S/D,Colisión,S/D,Vertical,Cordón divisorio,Sin restricción,POINT (-60.645184500000006 -32.990651),"['Uriburu', 'Laprida']",2,Avenida José Uriburu; Francisco Narciso Laprida,-32.990651,-60.645184500000006,55.0,538.0,Municipio Rosario,Municipio,Rosario,820210,Servicio de Catastro e Información Territorial,IGN
2013,2133,2013-02-26,Martes,0.0,16:10:00,,0.0,2,"Vehículo Oficial,Camión",Bv. Segui 2600,2,1,0,0,1,0,0,,Avenida,,ROSARIO,Rosario,Hormigón,S/D,II,Dentro,Urbana,S/D,S/D,Recta,Bueno,Buena,Diurna,Buen Tiempo,Lateral,S/D,Colisión,S/D,S/D,S/D,S/D,"-32.9752765, -60.6666556",['Bulevar Juan Francisco Seguí 2600'],1,Bulevar Juan Francisco Seguí 2600,-32.9752765,-60.6666556,55.0,538.0,Municipio Rosario,Municipio,Rosario,820210,Servicio de Catastro e Información Territorial,IGN
2013,2135,2013-02-26,Martes,0.0,17:00:00,,0.0,2,"Peatón,Moto/Ciclomotor",Mariano Moreno 3900,2,1,0,0,1,0,0,,Calle,,ROSARIO,Rosario,Asfalto,S/D,II,Dentro,Urbana,S/D,No existe,Recta,Bueno,Buena,Atardecer,Buen Tiempo,De alcance,S/D,Atropello,S/D,S/D,S/D,S/D,"-32.980421, -60.6597429",['Mariano Moreno 3900'],1,Mariano Moreno 3900,-32.980421,-60.6597429,55.0,538.0,Municipio Rosario,Municipio,Rosario,820210,Servicio de Catastro e Información Territorial,IGN
2013,2140,2013-02-08,Viernes,0.0,07:30:00,,0.0,2,"Peatón,Moto/Ciclomotor",Av. Pellegrini 1600,2,1,0,0,1,0,0,,Calle,,ROSARIO,Rosario,Asfalto,S/D,II,Dentro,Urbana,S/D,S/D,Intersección,S/D,S/D,S/D,S/D,S/D,S/D,Atropello,S/D,S/D,S/D,S/D,"-32.9559648, -60.6476727",['Pellegrini 1600'],1,Pellegrini 1600,-32.9559648,-60.6476727,55.0,538.0,Municipio Rosario,Municipio,Rosario,820210,Servicio de Catastro e Información Territorial,IGN
2013,2141,2013-02-13,Miercoles,0.0,07:30:00,,0.0,2,"Moto/Ciclomotor,Automóvil",Ayacucho Y Av. Arijon,2,1,0,0,1,0,0,,Calle,,ROSARIO,Rosario,Asfalto,Pavimento,II,Dentro,Urbana,Ninguna,Funciona,Intersección,Bueno,Buena,Diurna,Buen Tiempo,Lateral,S/D,Colisión,S/D,Vertical,Barrera de hormigón,Sin restricción,POINT (-60.6360487 -33.00266679999999),"['Ayacucho', 'Avenida Manuel Arijón']",2,Ayacucho; Avenida Manuel Arijón,-33.00266679999999,-60.6360487,55.0,538.0,Municipio Rosario,Municipio,Rosario,820210,Servicio de Catastro e Información Territorial,IGN
2013,2143,2013-02-26,Martes,0.0,21:00:00,,0.0,2,"Bicicleta,Automóvil",Pte.Quintana Y Pueyrredon,2,1,0,0,1,0,0,,Calle,,ROSARIO,Rosario,Asfalto,S/D,II,Dentro,Urbana,S/D,S/D,Intersección,Bueno,Buena,Nocturna,Buen Tiempo,Otro,S/D,Atropello,S/D,S/D,S/D,S/D,POINT (-60.6664625 -32.979094399999994),"['Quintana', 'Pueyrredón']",2,"('Presidente Quintana', 'Pueyrredón')",-32.979094399999994,-60.6664625,55.0,538.0,Municipio Rosario,Municipio,Rosario,820210,Servicio de Catastro e Información Territorial,IGN
2013,2147,2013-02-12,Martes,0.0,22:30:00,,0.0,1,Bicicleta,Ayacucho Y Centenario,2,1,0,0,0,0,1,,Calle,,ROSARIO,Rosario,Asfalto,No existe,II,Dentro,Urbana,Ninguna,No existe,Intersección,S/D,Reducida,Nocturna,Buen Tiempo,S/D,S/D,Colisión,S/D,Faltante,Ninguna,Sin restricción,POINT (-60.6359918 -33.003850499999984),"['Ayacucho', 'Centenario']",2,Ayacucho; Avenida Centenario Rosario Central,-33.003850499999984,-60.6359918,55.0,538.0,Municipio Rosario,Municipio,Rosario,820210,Servicio de Catastro e Información Territorial,IGN
2013,2151,2013-02-22,Viernes,0.0,07:30:00,,0.0,2,"Moto/Ciclomotor,Pickup/Utilitario",San Martin Y Pje. Gral.Savio,2,1,0,0,1,0,0,,Avenida,,ROSARIO,Rosario,Hormigón,S/D,II,Dentro,Urbana,S/D,S/D,Intersección,Bueno,Buena,Amanecer,Buen Tiempo,Lateral,S/D,Colisión,S/D,S/D,S/D,S/D,POINT (-60.647959150000005 -32.9964993),"['San Martin', 'Savio']",2,José de San Martín; General Manuel Savio,-32.9964993,-60.647959150000005,55.0,538.0,Municipio Rosario,Municipio,Rosario,820210,Servicio de Catastro e Información Territorial,IGN
2013,2177,2013-02-08,Viernes,0.0,18:30:00,,0.0,2,"Automóvil,Automóvil",Bv. Oroño Y Av. Pellegrini,2,1,0,0,1,0,0,,S/D,,ROSARIO,Rosario,Asfalto,S/D,II,S/D,Urbana,S/D,Funciona,Intersección,S/D,S/D,Diurna,S/D,Otro,S/D,Colisión,S/D,S/D,S/D,S/D,POINT (-60.656023850000004 -32.95457175),"['Bulevar Nicasio Oroño', 'Pellegrini']",2,Bulevar Nicasio Oroño; Avenida Carlos Pellegrini,-32.95457175,-60.65602385,55.0,538.0,Municipio Rosario,Municipio,Rosario,820210,Servicio de Catastro e Información Territorial,IGN