anio_acci,nro_acci,fecha,desc_dia,fecha_aprox,hora_aprox,desc_ruta,km,cant_participantes,desc_participante,calle_avenida_km,total,heridos_leves,heridos_graves,heridos_gravisimos,ilesos,fallecidos,sin_datos,posicion_XY,desc_tipo_via,desc_ruta_ori,desc_loc,desc_dpto,desc_tipo_calzada,desc_tipo_banquina,desc_unidad_regional,desc_lugar_calzada,desc_zona,desc_prioridad,desc_estado_semaforo,desc_lugar_via,desc_estado_via,desc_estado_visibilidad,desc_luminosidad,desc_estado_clima,desc_tipo_colision,desc_tipo_atropello,desc_tipo_hecho,desc_pres_calzada,desc_senializacion,desc_separacion_via,desc_restriccion,forma_geocod,calle_lista,numero_calles,calles_osm,lat,lon,index_right,gid,fna,gna,nam,in1,fdc,sag
2013,2181,2013-02-01,Viernes,0.0,15:00:00,,0.0,2,"Moto/Ciclomotor,Automóvil",9 De Julio Y Suipacha,4,2,0,0,2,0,0,,Calle,,ROSARIO,Rosario,Asfalto,S/D,II,Dentro,Urbana,Ninguna,No existe,Intersección,Bueno,Buena,Diurna,Buen Tiempo,Lateral,S/D,Colisión,S/D,Faltante,Cordón divisorio,Sin restricción,POINT (-60.666029 -32.949221400000006),"['9 de Julio', 'Suipacha']",2,9 de Julio; Suipacha,-32.949221400000006,-60.666029,55.0,538.0,Municipio Rosario,Municipio,Rosario,820210,Servicio de Catastro e Información Territorial,IGN
2013,2182,2013-02-01,Viernes,0.0,17:25:00,,0.0,2,"Vehículo Oficial,Transporte de Pasajeros Larga Distancia (Doble Piso)",Mendoza Y Cafferata,3,1,0,0,2,0,0,,Calle,,ROSARIO,Rosario,Asfalto,S/D,II,Dentro,Urbana,Semáforo,Funciona,Intersección,Bueno,Buena,Atardecer,Buen Tiempo,Lateral,S/D,Colisión,S/D,Vertical,Cordón divisorio,Sin restricción,POINT (-60.672258799999994 -32.9456991),"['Mendoza', 'Cafferata']",2,Mendoza; Cafferata,-32.9456991,-60.6722588,55.0,538.0,Municipio Rosario,Municipio,Rosario,820210,Servicio de Catastro e Información Territorial,IGN
2013,2183,2013-02-17,Domingo,0.0,15:45:00,,0.0,2,"Bicicleta,Automóvil",Entre Rios Y Gaboto,3,2,0,0,1,0,0,,Calle,,ROSARIO,Rosario,Hormigón,S/D,II,Dentro,Urbana,Ninguna,No existe,Intersección,Bueno,Buena,Diurna,Buen Tiempo,Lateral,S/D,Colisión,S/D,S/D,Ninguna,S/D,POINT (-60.6477294 -32.9728456),"['Entre Ríos', 'Gaboto']",2,Entre Ríos; Gaboto,-32.9728456,-60.6477294,55.0,538.0,Municipio Rosario,Municipio,Rosario,820210,Servicio de Catastro e Información Territorial,IGN
2013,2184,2013-02-08,Viernes,0.0,18:45:00,,0.0,2,"Moto/Ciclomotor,Automóvil",Dorrego Y 3 De Febrero,2,1,0,0,1,0,0,,S/D,,ROSARIO,Rosario,Asfalto,S/D,II,S/D,Urbana,S/D,S/D,Intersección,S/D,S/D,Diurna,S/D,S/D,S/D,Colisión,S/D,S/D,S/D,S/D,POINT (-60.65079089999999 -32.9508141),"['Dorrego', '3 de Febrero']",2,Manuel Dorrego; 3 de Febrero,-32.9508141,-60.65079089999999,55.0,538.0,Municipio Rosario,Municipio,Rosario,820210,Servicio de Catastro e Información Territorial,IGN
2013,2186,2013-02-01,Viernes,0.0,20:00:00,,0.0,2,"Automóvil,Bicicleta",Av. Pellegrini Y Gutenberg,2,1,0,0,1,0,0,,Avenida,,ROSARIO,Rosario,Asfalto,S/D,II,Dentro,Urbana,Semáforo,Funciona,Intersección,Bueno,Buena,"Nocturna,Con luz artificial",Buen Tiempo,Lateral,S/D,Colisión,S/D,Vertical,Cordón divisorio,Sin restricción,POINT (-60.690030349999994 -32.94847924999999),"['Pellegrini', 'Gutenberg']",2,Avenida Carlos Pellegrini; Gutenberg,-32.94847924999999,-60.69003035,55.0,538.0,Municipio Rosario,Municipio,Rosario,820210,Servicio de Catastro e Información Territorial,IGN
2013,2188,2013-02-09,Sabado,0.0,06:00:00,,0.0,2,"Moto/Ciclomotor,Automóvil",Urquiza Y Mitre,2,1,0,0,1,0,0,,Calle,,ROSARIO,Rosario,Asfalto,No existe,II,Dentro,Urbana,Ninguna,No existe,Recta,Bueno,Buena,Diurna,Buen Tiempo,De alcance,S/D,Colisión,S/D,Faltante,Ninguna,Sin restricción,POINT (-60.6386903 -32.94275089999999),"['Urquiza', 'Mitre']",2,"('Justo José de Urquiza', 'Bartolomé Mitre')",-32.94275089999999,-60.6386903,55.0,538.0,Municipio Rosario,Municipio,Rosario,820210,Servicio de Catastro e Información Territorial,IGN
2013,2189,2013-02-03,Domingo,0.0,18:00:00,,0.0,2,"Automóvil,Automóvil",9 De Julio Y Suipacha,4,1,0,0,3,0,0,,Calle,,ROSARIO,Rosario,Asfalto,S/D,II,Dentro,Urbana,Ninguna,No existe,Intersección,Bueno,Buena,Atardecer,Buen Tiempo,Lateral,S/D,Colisión,S/D,Faltante,Cordón divisorio,Sin restricción,POINT (-60.666029 -32.949221400000006),"['9 de Julio', 'Suipacha']",2,9 de Julio; Suipacha,-32.949221400000006,-60.666029,55.0,538.0,Municipio Rosario,Municipio,Rosario,820210,Servicio de Catastro e Información Territorial,IGN
2013,2190,2013-02-12,Martes,0.0,15:00:00,,0.0,2,"Bicicleta,Automóvil",Cordoba Y Pte.Roca,2,1,0,0,1,0,0,,S/D,,ROSARIO,Rosario,Asfalto,S/D,II,S/D,Urbana,S/D,S/D,Intersección,S/D,S/D,Diurna,S/D,Otro,S/D,Atropello,S/D,S/D,S/D,S/D,POINT (-60.6450798 -32.94517329999999),"['Córdoba', 'Roca']",2,Córdoba; Presidente Roca,-32.94517329999999,-60.6450798,55.0,538.0,Municipio Rosario,Municipio,Rosario,820210,Servicio de Catastro e Información Territorial,IGN
2013,2193,2013-02-12,Martes,0.0,07:00:00,,0.0,2,"Bicicleta,Taxi/Remis",Tucuman Y Italia,2,1,0,0,1,0,0,,Calle,,ROSARIO,Rosario,Asfalto,No existe,II,Dentro,Urbana,Ninguna,No existe,Intersección,Bueno,Buena,Diurna,Buen Tiempo,Otro,S/D,Atropello,S/D,Faltante,Ninguna,Sin restricción,POINT (-60.6466936 -32.9400487),"['Tucumán', 'Italia']",2,Tucumán; Italia,-32.9400487,-60.6466936,55.0,538.0,Municipio Rosario,Municipio,Rosario,820210,Servicio de Catastro e Información Territorial,IGN
2013,2197,2013-02-14,Jueves,0.0,18:15:00,,0.0,2,"Taxi/Remis,Automóvil",Mendoza Y Pte.Roca,2,1,0,0,1,0,0,,S/D,,ROSARIO,Rosario,S/D,S/D,II,S/D,Urbana,S/D,S/D,Intersección,S/D,S/D,Diurna,S/D,Otro,S/D,Colisión,S/D,S/D,S/D,S/D,POINT (-60.64637449999999 -32.95029259999999),"['Mendoza', 'Roca']",2,Mendoza; Presidente Roca,-32.95029259999999,-60.64637449999999,55.0,538.0,Municipio Rosario,Municipio,Rosario,820210,Servicio de Catastro e Información Territorial,IGN
2013,2198,2013-02-16,Sabado,0.0,01:00:00,,0.0,2,"Moto/Ciclomotor,Automóvil",Paraguay Y Milan,2,1,0,0,1,0,0,,Calle,,ROSARIO,Rosario,S/D,S/D,II,Dentro,Urbana,S/D,S/D,Intersección,S/D,S/D,S/D,Buen Tiempo,Lateral,S/D,Colisión,S/D,S/D,S/D,S/D,POINT (-60.6548663 -32.9895632),"['Paraguay', 'Milán']",2,Paraguay; Milán,-32.9895632,-60.6548663,55.0,538.0,Municipio Rosario,Municipio,Rosario,820210,Servicio de Catastro e Información Territorial,IGN
2013,2204,2013-02-13,Miercoles,0.0,09:45:00,,0.0,2,"Peatón,Taxi/Remis",San Martin Y San Lorenzo,2,1,0,0,1,0,0,,Calle,,ROSARIO,Rosario,Asfalto,No existe,II,Dentro,Urbana,Ninguna,No existe,Intersección,Bueno,Buena,Diurna,Buen Tiempo,Otro,S/D,Atropello,S/D,Faltante,Ninguna,Sin restricción,POINT (-60.636237 -32.944804399999995),"['San Martin', 'San Lorenzo']",2,José de San Martín; San Lorenzo,-32.944804399999995,-60.636237,55.0,538.0,Municipio Rosario,Municipio,Rosario,820210,Servicio de Catastro e Información Territorial,IGN
2013,2205,2013-02-17,Domingo,0.0,,,0.0,2,"Bicicleta,Automóvil",3 De Febrero Y Paraguay,2,1,0,0,1,0,0,,S/D,,ROSARIO,Rosario,Asfalto,S/D,II,S/D,Urbana,S/D,S/D,Intersección,S/D,S/D,S/D,S/D,Otro,S/D,Colisión,S/D,S/D,S/D,S/D,POINT (-60.6453207 -32.95177),"['3 de Febrero', 'Paraguay']",2,3 de Febrero; Paraguay,-32.95177,-60.6453207,55.0,538.0,Municipio Rosario,Municipio,Rosario,820210,Servicio de Catastro e Información Territorial,IGN
2013,2206,2013-02-13,Miercoles,0.0,14:30:00,,0.0,2,"Automóvil,Automóvil",Catamarca Y Dorrego,3,1,0,0,2,0,0,,Calle,,ROSARIO,Rosario,Asfalto,No existe,II,Dentro,Urbana,Señal Pare,No existe,Intersección,Bueno,Buena,Diurna,Buen Tiempo,De alcance,S/D,Colisión,S/D,Vertical,Ninguna,Sin restricción,POINT (-60.6477047 -32.9386371),"['Catamarca', 'Dorrego']",2,Catamarca; Manuel Dorrego,-32.9386371,-60.6477047,55.0,538.0,Municipio Rosario,Municipio,Rosario,820210,Servicio de Catastro e Información Territorial,IGN
2013,2209,2013-02-19,Martes,0.0,13:00:00,,0.0,2,"Peatón,Automóvil",Mariano Moreno Y Rioja,3,2,0,0,1,0,0,,S/D,,ROSARIO,Rosario,Asfalto,S/D,II,S/D,Urbana,S/D,S/D,Intersección,S/D,S/D,S/D,S/D,S/D,S/D,Atropello,S/D,S/D,S/D,S/D,POINT (-60.6508717 -32.9453541),"['Mariano Moreno', 'Rioja']",2,Mariano Moreno; Rioja,-32.9453541,-60.6508717,55.0,538.0,Municipio Rosario,Municipio,Rosario,820210,Servicio de Catastro e Información Territorial,IGN
2013,2210,2013-02-04,Lunes,0.0,12:30:00,,0.0,3,"Automóvil,Automóvil,Automóvil",Av. Pellegrini Y Callao,2,1,0,0,1,0,0,,Calle,,ROSARIO,Rosario,Asfalto,S/D,II,Dentro,Urbana,Semáforo,Funciona,Recta,Bueno,Buena,Diurna,Buen Tiempo,Frontal,S/D,Colisión,S/D,Vertical,Cordón divisorio,Sin restricción,POINT (-60.66283325 -32.95334939999999),"['Pellegrini', 'Callao']",2,Avenida Carlos Pellegrini; Callao,-32.95334939999999,-60.66283325,55.0,538.0,Municipio Rosario,Municipio,Rosario,820210,Servicio de Catastro e Información Territorial,IGN
2013,2213,2013-02-20,Miercoles,0.0,12:10:00,,0.0,2,"Automóvil,Automóvil",Balcarce Y 9 De Julio,2,1,0,0,1,0,0,,S/D,,ROSARIO,Rosario,Asfalto,S/D,II,S/D,Urbana,S/D,S/D,Intersección,S/D,S/D,Diurna,S/D,Otro,S/D,Colisión,S/D,S/D,S/D,S/D,POINT (-60.6538105 -32.95138879999999),"['Balcarce', '9 de Julio']",2,Balcarce; 9 de Julio,-32.95138879999999,-60.6538105,55.0,538.0,Municipio Rosario,Municipio,Rosario,820210,Servicio de Catastro e Información Territorial,IGN
2013,2214,2013-02-15,Viernes,0.0,21:20:00,,0.0,1,Peatón,San Martin A Y Anchorena,2,2,0,0,0,0,0,,Calle,,ROSARIO,Rosario,Hormigón,S/D,II,Dentro,Urbana,Semáforo,Funciona,Intersección,Bueno,Buena,Nocturna,Buen Tiempo,De alcance,S/D,Atropello,S/D,Horizontal,S/D,S/D,POINT (-60.648236499999996 -32.99777095),"['San Martin', 'Anchorena']",2,José de San Martín; Tomás de Anchorena,-32.99777095,-60.6482365,55.0,538.0,Municipio Rosario,Municipio,Rosario,820210,Servicio de Catastro e Información Territorial,IGN
2013,2217,2013-02-14,Jueves,0.0,11:45:00,,0.0,2,"Automóvil,Moto/Ciclomotor",Donado Y San Lorenzo,2,1,0,0,1,0,0,,Calle,,ROSARIO,Rosario,Asfalto,No existe,II,Dentro,Urbana,Señal Pare,No existe,Intersección,Bueno,Buena,Diurna,Buen Tiempo,Lateral,S/D,Colisión,S/D,Vertical,Ninguna,Sin restricción,POINT (-60.727258500000005 -32.934939299999996),"['Donado', 'San Lorenzo']",2,José Agustín Donado; San Lorenzo,-32.9349393,-60.727258500000005,55.0,538.0,Municipio Rosario,Municipio,Rosario,820210,Servicio de Catastro e Información Territorial,IGN
2013,2219,2013-02-15,Viernes,0.0,15:30:00,,0.0,2,"Bicicleta,Automóvil",Pte.Roca Y Juan Canals,2,1,0,0,1,0,0,,Calle,,ROSARIO,Rosario,Asfalto,S/D,II,Dentro,Urbana,Ninguna,S/D,Intersección,Bueno,Buena,Diurna,Lluvia,Múltiple,S/D,Colisión,Agua,S/D,Ninguna,S/D,POINT (-60.6559503 -32.9881674),"['Roca', 'Juan Canals']",2,Presidente Roca; Juan Canals,-32.9881674,-60.6559503,55.0,538.0,Municipio Rosario,Municipio,Rosario,820210,Servicio de Catastro e Información Territorial,IGN
2013,2222,2013-02-21,Jueves,0.0,19:00:00,,0.0,2,"Automóvil,Taxi/Remis",Santiago 800,2,1,0,0,1,0,0,,S/D,,ROSARIO,Rosario,Asfalto,S/D,II,S/D,Urbana,S/D,S/D,Recta,S/D,S/D,Diurna,S/D,S/D,S/D,Colisión,S/D,S/D,S/D,S/D,"-32.9430646, -60.6560858",['Santiago 800'],1,Santiago 800,-32.9430646,-60.6560858,55.0,538.0,Municipio Rosario,Municipio,Rosario,820210,Servicio de Catastro e Información Territorial,IGN
2013,2226,2013-02-15,Viernes,0.0,17:10:00,,0.0,2,"Automóvil,Moto/Ciclomotor",Av. Corrientes Y Garibaldi,3,1,0,0,2,0,0,,Calle,,ROSARIO,Rosario,Hormigón,S/D,II,Dentro,Urbana,S/D,No existe,Intersección,Bueno,Buena,Atardecer,Buen Tiempo,Lateral,S/D,Colisión,S/D,S/D,S/D,S/D,POINT (-60.6523162 -32.98523470000001),"['Corrientes', 'José Garibaldi']",2,Corrientes; José Garibaldi,-32.98523470000001,-60.6523162,55.0,538.0,Municipio Rosario,Municipio,Rosario,820210,Servicio de Catastro e Información Territorial,IGN
2013,2227,2013-02-21,Jueves,0.0,11:15:00,,0.0,2,"Moto/Ciclomotor,Automóvil",3 De Febrero Y Pte.Roca,2,1,0,0,1,0,0,,S/D,,ROSARIO,Rosario,Asfalto,S/D,II,S/D,Urbana,S/D,S/D,Intersección,S/D,S/D,Diurna,S/D,Lateral,S/D,Colisión,S/D,S/D,S/D,S/D,POINT (-60.6466869 -32.9515312),"['3 de Febrero', 'Roca']",2,3 de Febrero; Presidente Roca,-32.9515312,-60.6466869,55.0,538.0,Municipio Rosario,Municipio,Rosario,820210,Servicio de Catastro e Información Territorial,IGN
2013,2228,2013-02-15,Viernes,0.0,15:00:00,,0.0,2,"Moto/Ciclomotor,Pickup/Utilitario",San Martin Y Ayolas,2,1,0,0,1,0,0,,Calle,,ROSARIO,Rosario,Hormigón,S/D,II,Dentro,Urbana,Semáforo,Funciona,Intersección,Bueno,Buena,Diurna,Buen Tiempo,Lateral,S/D,Colisión,S/D,Horizontal,S/D,S/D,POINT (-60.644083949999995 -32.97709834999999),"['San Martin', 'Ayolas']",2,José de San Martín; Ayolas,-32.97709834999999,-60.64408395,55.0,538.0,Municipio Rosario,Municipio,Rosario,820210,Servicio de Catastro e Información Territorial,IGN
2013,2229,2013-02-22,Viernes,0.0,10:00:00,,0.0,2,"Automóvil,Automóvil",Mariano Moreno Y Rioja,3,1,0,0,2,0,0,,S/D,,ROSARIO,Rosario,Asfalto,S/D,II,S/D,Urbana,S/D,S/D,Recta,S/D,S/D,Diurna,S/D,Otro,S/D,Colisión,S/D,S/D,S/D,S/D,POINT (-60.6508717 -32.9453541),"['Mariano Moreno', 'Rioja']",2,Mariano Moreno; Rioja,-32.9453541,-60.6508717,55.0,538.0,Municipio Rosario,Municipio,Rosario,820210,Servicio de Catastro e Información Territorial,IGN
2013,2233,2013-02-15,Viernes,0.0,12:40:00,,0.0,2,"Peatón,Automóvil",Mitre Y Esteban de Luca,3,2,0,0,1,0,0,,Calle,,ROSARIO,Rosario,Hormigón,S/D,II,Dentro,Urbana,S/D,S/D,Intersección,Bueno,Buena,Diurna,S/D,De alcance,S/D,Atropello,S/D,S/D,S/D,S/D,POINT (-60.6506325 -32.9949887),"['Mitre', 'Esteban de Luca']",2,Bartolomé Mitre; Esteban de Luca,-32.9949887,-60.6506325,55.0,538.0,Municipio Rosario,Municipio,Rosario,820210,Servicio de Catastro e Información Territorial,IGN
2013,2238,2013-02-14,Jueves,0.0,12:50:00,,0.0,2,"Moto/Ciclomotor,Taxi/Remis",Pte.Roca Y San Lorenzo,2,1,0,0,1,0,0,,Calle,,ROSARIO,Rosario,Asfalto,No existe,II,Dentro,Urbana,Ninguna,No existe,Intersección,Bueno,Buena,Diurna,Buen Tiempo,Frontal,S/D,Colisión,S/D,Faltante,Ninguna,Sin restricción,POINT (-60.6445114 -32.942901499999984),"['Roca', 'San Lorenzo']",2,Presidente Roca; San Lorenzo,-32.942901499999984,-60.6445114,55.0,538.0,Municipio Rosario,Municipio,Rosario,820210,Servicio de Catastro e Información Territorial,IGN
2013,2239,2013-02-04,Lunes,0.0,08:15:00,,0.0,2,"Automóvil,Automóvil",Av. Ovidio Lagos Y Rioja,2,1,0,0,1,0,0,,Avenida,,ROSARIO,Rosario,Asfalto,S/D,II,Dentro,Urbana,S/D,Funciona,Recta,Bueno,Buena,Diurna,Buen Tiempo,Frontal,S/D,Colisión,S/D,Vertical,Cordón divisorio,Sin restricción,POINT (-60.661744600000006 -32.943415499999986),"['Avenida Ovidio Lagos', 'Rioja']",2,Avenida Ovidio Lagos; Rioja,-32.943415499999986,-60.661744600000006,55.0,538.0,Municipio Rosario,Municipio,Rosario,820210,Servicio de Catastro e Información Territorial,IGN
2013,2242,2013-02-04,Lunes,0.0,10:00:00,,0.0,2,"Moto/Ciclomotor,Automóvil",Av. Ovidio Lagos Y 3 De Febrero,3,2,0,0,1,0,0,,Avenida,,ROSARIO,Rosario,Asfalto,S/D,II,Dentro,Urbana,Semáforo,Funciona,Intersección,Bueno,Buena,Diurna,Buen Tiempo,Lateral,S/D,Colisión,S/D,Vertical,Cordón divisorio,Sin restricción,POINT (-60.6630574 -32.9486394),"['Avenida Ovidio Lagos', '3 de Febrero']",2,Avenida Ovidio Lagos; 3 de Febrero,-32.9486394,-60.6630574,55.0,538.0,Municipio Rosario,Municipio,Rosario,820210,Servicio de Catastro e Información Territorial,IGN
2013,2243,2013-02-15,Viernes,0.0,17:00:00,,0.0,3,"Automóvil,Automóvil,Pickup/Utilitario",San Martin A Y Garay,4,1,0,0,3,0,0,,Calle,,ROSARIO,Rosario,Hormigón,No existe,II,Dentro,Urbana,Semáforo,Funciona,Intersección,Bueno,Buena,Diurna,Buen Tiempo,Múltiple,S/D,Colisión,S/D,Vertical,S/D,S/D,POINT (-60.6437417 -32.97477079999999),"['San Martin', 'Garay']",2,"('José de San Martín', 'Juan de Garay')",-32.97477079999999,-60.6437417,55.0,538.0,Municipio Rosario,Municipio,Rosario,820210,Servicio de Catastro e Información Territorial,IGN
2013,2248,2013-02-22,Viernes,0.0,16:00:00,,0.0,2,"Moto/Ciclomotor,Automóvil",3 De Febrero Y Pte.Roca,2,1,0,0,1,0,0,,S/D,,ROSARIO,Rosario,Asfalto,S/D,II,S/D,Urbana,S/D,S/D,Intersección,S/D,S/D,Diurna,S/D,S/D,S/D,S/D,S/D,S/D,S/D,S/D,POINT (-60.6466869 -32.9515312),"['3 de Febrero', 'Roca']",2,3 de Febrero; Presidente Roca,-32.9515312,-60.6466869,55.0,538.0,Municipio Rosario,Municipio,Rosario,820210,Servicio de Catastro e Información Territorial,IGN
2013,2249,2013-02-04,Lunes,0.0,17:00:00,,0.0,2,"Moto/Ciclomotor,Automóvil",Av. Pellegrini 4400,2,1,0,0,1,0,0,,Avenida,,ROSARIO,Rosario,Asfalto,S/D,II,Dentro,Urbana,Semáforo,Funciona,Recta,Bueno,Buena,Atardecer,Buen Tiempo,Frontal,S/D,Colisión,S/D,Vertical,Cordón divisorio,Sin restricción,"-32.949139, -60.6858005",['Pellegrini 4400'],1,Pellegrini 4400,-32.949139,-60.6858005,55.0,538.0,Municipio Rosario,Municipio,Rosario,820210,Servicio de Catastro e Información Territorial,IGN
2013,2250,2013-02-21,Jueves,0.0,19:50:00,,0.0,2,"Moto/Ciclomotor,Automóvil",San Martin A Y Reg.11 de Infanteria,3,2,0,0,1,0,0,,Calle,,ROSARIO,Rosario,Asfalto,No existe,II,Dentro,Urbana,Marca Vial,S/D,Intersección,Bueno,Buena,"Nocturna,Con luz artificial",Buen Tiempo,Lateral,S/D,Colisión,S/D,Vertical,Cordón divisorio,Sin restricción,POINT (-60.64845245 -32.99880900000001),"['San Martin', 'Regimiento 11']",2,José de San Martín; Regimiento 11,-32.99880900000001,-60.64845245,55.0,538.0,Municipio Rosario,Municipio,Rosario,820210,Servicio de Catastro e Información Territorial,IGN
2013,2251,2013-02-15,Viernes,0.0,13:20:00,,0.0,1,Taxi/Remis,Av. Del Huerto Y Salta,1,1,0,0,0,0,0,,Avenida,,ROSARIO,Rosario,Asfalto,No existe,II,Dentro,Urbana,Ninguna,No existe,Intersección,Bueno,Buena,Diurna,Buen Tiempo,De alcance,S/D,Colisión,S/D,Faltante,Ninguna,Sin restricción,POINT (-60.6368822 -32.9393922),"['Del Huerto', 'Salta']",2,Avenida del Huerto; Salta,-32.9393922,-60.6368822,55.0,538.0,Municipio Rosario,Municipio,Rosario,820210,Servicio de Catastro e Información Territorial,IGN
2013,2252,2013-02-22,Viernes,0.0,20:30:00,,0.0,2,"Moto/Ciclomotor,Automóvil",Grandoli Y Centeno,2,1,0,0,1,0,0,,Calle,,ROSARIO,Rosario,Asfalto,No existe,II,Dentro,Urbana,S/D,No existe,Intersección,Bueno,Buena,"Nocturna,Con luz artificial",Buen Tiempo,Lateral,S/D,Colisión,S/D,Vertical,Cordón divisorio,Sin restricción,POINT (-60.62837625 -32.98829645000001),"['Avenida Abanderado Grandoli', 'Centeno']",2,Avenida Abanderado Grandoli; Coronel Centeno,-32.98829645000001,-60.62837625,55.0,538.0,Municipio Rosario,Municipio,Rosario,820210,Servicio de Catastro e Información Territorial,IGN
2013,2255,2013-02-15,Viernes,0.0,12:15:00,,0.0,1,Moto/Ciclomotor,Salta Y Dorrego,1,1,0,0,0,0,0,,Calle,,ROSARIO,Rosario,Asfalto,No existe,II,Dentro,Urbana,Ninguna,No existe,Intersección,Bueno,Buena,Diurna,Buen Tiempo,De alcance,S/D,Colisión,S/D,S/D,Ninguna,Sin restricción,POINT (-60.647418 -32.937457099999996),"['Salta', 'Dorrego']",2,Salta; Manuel Dorrego,-32.9374571,-60.647418,55.0,538.0,Municipio Rosario,Municipio,Rosario,820210,Servicio de Catastro e Información Territorial,IGN
2013,2256,2013-02-05,Martes,0.0,19:30:00,,0.0,2,"Automóvil,Taxi/Remis",San Luis Y Callao,2,1,0,0,1,0,0,,Calle,,ROSARIO,Rosario,Asfalto,S/D,II,Dentro,Urbana,Semáforo,Funciona,Intersección,Bueno,Buena,Atardecer,Buen Tiempo,Lateral,S/D,Colisión,S/D,Vertical,Cordón divisorio,Sin restricción,POINT (-60.660778500000006 -32.945124199999995),"['San Luis', 'Callao']",2,San Luis; Callao,-32.945124199999995,-60.660778500000006,55.0,538.0,Municipio Rosario,Municipio,Rosario,820210,Servicio de Catastro e Información Territorial,IGN
2013,2257,2013-02-06,Miercoles,0.0,19:00:00,,0.0,2,"Automóvil,Moto/Ciclomotor",Pascual Rosas Y 3 De Febrero,2,1,0,0,1,0,0,,Calle,,ROSARIO,Rosario,Asfalto,S/D,II,Dentro,Urbana,Ninguna,No existe,Intersección,Bueno,Buena,Atardecer,Buen Tiempo,Lateral,S/D,Colisión,S/D,Faltante,Cordón divisorio,Sin restricción,POINT (-60.687509199999994 -32.9442313),"['Pascual Rosas', '3 de Febrero']",2,Pascual Rosas; 3 de Febrero,-32.9442313,-60.6875092,55.0,538.0,Municipio Rosario,Municipio,Rosario,820210,Servicio de Catastro e Información Territorial,IGN
2013,2259,2013-02-07,Jueves,0.0,11:30:00,,0.0,2,"Bicicleta,Automóvil",E.Zeballos 2500,2,1,0,0,1,0,0,,Calle,,ROSARIO,Rosario,Asfalto,S/D,II,Dentro,Urbana,Ninguna,S/D,Recta,Bueno,Buena,Diurna,Buen Tiempo,Frontal,S/D,Atropello,S/D,Faltante,Cordón divisorio,Sin restricción,"-32.9458625, -60.7009796",['E Zeballos 2500'],1,E Zeballos 2500,-32.9458625,-60.7009796,55.0,538.0,Municipio Rosario,Municipio,Rosario,820210,Servicio de Catastro e Información Territorial,IGN
2013,2260,2013-02-18,Lunes,0.0,11:15:00,,0.0,2,"Automóvil,Automóvil",Catamarca Y Av. Corrientes,2,1,0,0,0,0,1,,Calle,,ROSARIO,Rosario,Asfalto,No existe,II,Dentro,Urbana,Semáforo,Funciona,Intersección,Bueno,Buena,Diurna,Buen Tiempo,De alcance,S/D,Colisión,S/D,Vertical,Ninguna,Sin restricción,POINT (-60.64088370000001 -32.939895699999994),"['Catamarca', 'Corrientes']",2,Catamarca; Corrientes,-32.939895699999994,-60.64088370000001,55.0,538.0,Municipio Rosario,Municipio,Rosario,820210,Servicio de Catastro e Información Territorial,IGN
2013,2261,2013-02-22,Viernes,0.0,12:10:00,,0.0,2,"Moto/Ciclomotor,Automóvil",Brown 1700,2,1,0,0,1,0,0,,Calle,,ROSARIO,Rosario,Asfalto,No existe,II,Dentro,Urbana,Ninguna,No existe,Recta,Bueno,Buena,Diurna,Buen Tiempo,De alcance,S/D,Colisión,S/D,Faltante,Ninguna,Sin restricción,"-32.9355569, -60.6440468",['Brown 1700'],1,Brown 1700,-32.9355569,-60.6440468,55.0,538.0,Municipio Rosario,Municipio,Rosario,820210,Servicio de Catastro e Información Territorial,IGN
2013,2263,2013-02-22,Viernes,0.0,11:30:00,,0.0,2,"Automóvil,Automóvil",Mendoza Y España,2,1,0,0,1,0,0,,S/D,,ROSARIO,Rosario,Asfalto,S/D,II,Dentro,Urbana,S/D,Funciona,Intersección,S/D,S/D,S/D,S/D,Otro,S/D,Colisión,S/D,S/D,S/D,S/D,POINT (-60.64776750000001 -32.950048100000004),"['Mendoza', 'España']",2,Mendoza; España,-32.950048100000004,-60.64776750000001,55.0,538.0,Municipio Rosario,Municipio,Rosario,820210,Servicio de Catastro e Información Territorial,IGN
2013,2264,2013-02-23,Sabado,0.0,15:20:00,,0.0,2,"Moto/Ciclomotor,Automóvil",Av. Pellegrini Y Paraguay,2,1,0,0,1,0,0,,S/D,,ROSARIO,Rosario,S/D,S/D,II,S/D,Urbana,S/D,S/D,Intersección,S/D,S/D,Diurna,S/D,Otro,S/D,Colisión,S/D,S/D,S/D,S/D,POINT (-60.64646545 -32.95630334999999),"['Pellegrini', 'Paraguay']",2,Avenida Carlos Pellegrini; Paraguay,-32.95630334999999,-60.64646545,55.0,538.0,Municipio Rosario,Municipio,Rosario,820210,Servicio de Catastro e Información Territorial,IGN
2013,2267,2013-02-25,Lunes,0.0,11:30:00,,0.0,2,"Moto/Ciclomotor,Automóvil",Mitre Y Montevideo,2,1,0,0,1,0,0,,S/D,,ROSARIO,Rosario,Asfalto,S/D,II,S/D,Urbana,S/D,S/D,Intersección,S/D,S/D,Diurna,S/D,Lateral,S/D,Colisión,S/D,S/D,S/D,S/D,POINT (-60.6420026 -32.95589439999999),"['Mitre', 'Montevideo']",2,Bartolomé Mitre; Montevideo,-32.95589439999999,-60.6420026,55.0,538.0,Municipio Rosario,Municipio,Rosario,820210,Servicio de Catastro e Información Territorial,IGN