anio_acci,nro_acci,fecha,desc_dia,fecha_aprox,hora_aprox,desc_ruta,km,cant_participantes,desc_participante,calle_avenida_km,total,heridos_leves,heridos_graves,heridos_gravisimos,ilesos,fallecidos,sin_datos,posicion_XY,desc_tipo_via,desc_ruta_ori,desc_loc,desc_dpto,desc_tipo_calzada,desc_tipo_banquina,desc_unidad_regional,desc_lugar_calzada,desc_zona,desc_prioridad,desc_estado_semaforo,desc_lugar_via,desc_estado_via,desc_estado_visibilidad,desc_luminosidad,desc_estado_clima,desc_tipo_colision,desc_tipo_atropello,desc_tipo_hecho,desc_pres_calzada,desc_senializacion,desc_separacion_via,desc_restriccion,forma_geocod,calle_lista,numero_calles,calles_osm,lat,lon,index_right,gid,fna,gna,nam,in1,fdc,sag
2013,2405,2013-03-27,Miercoles,0.0,13:10:00,,0.0,2,"Automóvil,Automóvil",Callao Y Biedma,3,3,0,0,0,0,0,,Calle,,ROSARIO,Rosario,Asfalto,No existe,II,Dentro,Urbana,Ninguna,No existe,Intersección,Bueno,S/D,Diurna,S/D,Lateral,S/D,Colisión,S/D,Faltante,Ninguna,Sin restricción,POINT (-60.668871700000004 -32.97745859999999),"['Callao', 'Coronel Biedma']",2,Callao; Coronel Biedma,-32.97745859999999,-60.6688717,55.0,538.0,Municipio Rosario,Municipio,Rosario,820210,Servicio de Catastro e Información Territorial,IGN
2013,2410,2013-03-01,Viernes,0.0,08:10:00,,0.0,2,"Automóvil,Automóvil",Av. Corrientes 5200,2,1,0,0,1,0,0,,Calle,,ROSARIO,Rosario,Asfalto,No existe,II,Dentro,Urbana,Ninguna,No existe,Recta,Bueno,Buena,Diurna,S/D,Lateral,S/D,Colisión,S/D,Horizontal,Ninguna,Sin restricción,"-32.990913, -60.6537067",['Corrientes 5200'],1,Corrientes 5200,-32.990913,-60.6537067,55.0,538.0,Municipio Rosario,Municipio,Rosario,820210,Servicio de Catastro e Información Territorial,IGN
2013,2412,2013-03-01,Viernes,0.0,18:00:00,,0.0,2,"Moto/Ciclomotor,Automóvil",Italia Y Biedma,3,2,0,0,1,0,0,,Calle,,ROSARIO,Rosario,Asfalto,No existe,II,Dentro,Urbana,Ninguna,No existe,Intersección,Bueno,Buena,Atardecer,S/D,Lateral,S/D,Colisión,S/D,Faltante,Ninguna,Sin restricción,POINT (-60.656682 -32.9796508),"['Italia', 'Coronel Biedma']",2,Italia; Coronel Biedma,-32.9796508,-60.656682,55.0,538.0,Municipio Rosario,Municipio,Rosario,820210,Servicio de Catastro e Información Territorial,IGN
2013,2413,2013-02-04,Lunes,0.0,19:30:00,,0.0,2,"Moto/Ciclomotor,Automóvil",Cordoba Y Paraguay,2,1,0,0,1,0,0,,Calle,,ROSARIO,Rosario,Asfalto,S/D,II,S/D,Urbana,S/D,S/D,Intersección,S/D,Buena,Atardecer,S/D,Otro,S/D,Colisión,S/D,S/D,S/D,S/D,POINT (-60.64373909999999 -32.94543639999999),"['Córdoba', 'Paraguay']",2,Córdoba; Paraguay,-32.94543639999999,-60.64373909999999,55.0,538.0,Municipio Rosario,Municipio,Rosario,820210,Servicio de Catastro e Información Territorial,IGN
2013,2416,2013-02-05,Martes,0.0,,,0.0,3,"Otros,Moto/Ciclomotor,Automóvil",San Juan Y Dorrego,4,2,0,0,2,0,0,,Calle,,ROSARIO,Rosario,Asfalto,S/D,II,S/D,Urbana,S/D,S/D,Intersección,S/D,S/D,S/D,S/D,Otro,S/D,Colisión,S/D,S/D,S/D,S/D,POINT (-60.650125 -32.948187199999985),"['San Juan', 'Dorrego']",2,"('San Juan', 'Manuel Dorrego')",-32.948187199999985,-60.650125,55.0,538.0,Municipio Rosario,Municipio,Rosario,820210,Servicio de Catastro e Información Territorial,IGN
2013,2418,2013-02-05,Martes,0.0,15:00:00,,0.0,2,"Moto/Ciclomotor,Automóvil",Entre Rios 1119,2,1,0,0,1,0,0,,Calle,,ROSARIO,Rosario,Asfalto,S/D,II,S/D,Urbana,S/D,S/D,Recta,S/D,S/D,Diurna,S/D,Otro,S/D,Colisión,S/D,S/D,S/D,S/D,"-32.94994651512715, -60.64188690841473",['Entre Rios 1119'],1,Entre Rios 1119,-32.94994651512715,-60.64188690841473,55.0,538.0,Municipio Rosario,Municipio,Rosario,820210,Servicio de Catastro e Información Territorial,IGN
2013,2419,2013-02-05,Martes,0.0,11:30:00,,0.0,2,"Moto/Ciclomotor,Automóvil",Av. Pellegrini 1400,2,1,0,0,1,0,0,,Avenida,,ROSARIO,Rosario,Asfalto,S/D,II,Dentro,Urbana,S/D,S/D,Recta,S/D,S/D,Diurna,S/D,Otro,S/D,Colisión,S/D,S/D,S/D,S/D,"-32.9564706, -60.6449382",['Pellegrini 1400'],1,Pellegrini 1400,-32.9564706,-60.6449382,55.0,538.0,Municipio Rosario,Municipio,Rosario,820210,Servicio de Catastro e Información Territorial,IGN
2013,2420,2013-01-04,Viernes,0.0,08:30:00,,0.0,2,"Moto/Ciclomotor,Automóvil",San Luis Y Dorrego,2,1,0,0,1,0,0,,Calle,,ROSARIO,Rosario,Asfalto,S/D,II,Dentro,Urbana,S/D,S/D,Intersección,Bueno,S/D,Diurna,S/D,Lateral,S/D,Colisión,S/D,S/D,S/D,S/D,POINT (-60.6498398 -32.9470618),"['San Luis', 'Dorrego']",2,San Luis; Manuel Dorrego,-32.9470618,-60.6498398,55.0,538.0,Municipio Rosario,Municipio,Rosario,820210,Servicio de Catastro e Información Territorial,IGN
2013,2421,2013-03-01,Viernes,0.0,11:35:00,,0.0,2,"Moto/Ciclomotor,Automóvil",Garay 1038,2,1,0,0,1,0,0,,Calle,,ROSARIO,Rosario,Asfalto,No existe,II,Dentro,Urbana,Ninguna,No existe,Recta,Bueno,Buena,Diurna,S/D,Lateral,S/D,Colisión,S/D,Faltante,Ninguna,Sin restricción,"-32.97453793061224, -60.64440530408164",['Garay 1038'],1,Garay 1038,-32.97453793061224,-60.64440530408164,55.0,538.0,Municipio Rosario,Municipio,Rosario,820210,Servicio de Catastro e Información Territorial,IGN
2013,2422,2013-02-05,Martes,0.0,05:00:00,,0.0,2,"Moto/Ciclomotor,Taxi/Remis",Mariano Moreno Y Cordoba,2,1,0,0,1,0,0,,Calle,,ROSARIO,Rosario,Asfalto,S/D,II,S/D,Urbana,S/D,S/D,Intersección,Bueno,S/D,S/D,S/D,Lateral,S/D,Colisión,S/D,S/D,S/D,S/D,POINT (-60.650609200000005 -32.944206400000006),"['Mariano Moreno', 'Córdoba']",2,Mariano Moreno; Córdoba,-32.944206400000006,-60.650609200000005,55.0,538.0,Municipio Rosario,Municipio,Rosario,820210,Servicio de Catastro e Información Territorial,IGN
2013,2423,2013-03-20,Miercoles,0.0,08:00:00,,0.0,2,"Automóvil,Pickup/Utilitario",Bv. 27 De Febrero ,2,1,0,0,1,0,0,,Avenida,,ROSARIO,Rosario,Asfalto,No existe,II,Dentro,Urbana,S/D,Funciona,Recta,Bueno,Buena,Diurna,Buen Tiempo,De alcance,S/D,Colisión,S/D,Vertical,S/D,S/D,"-32.9612285, -60.6788841",['27 de Febrero'],1,27 de Febrero,-32.9612285,-60.6788841,55.0,538.0,Municipio Rosario,Municipio,Rosario,820210,Servicio de Catastro e Información Territorial,IGN
2013,2424,2013-02-07,Jueves,0.0,15:00:00,,0.0,2,"Moto/Ciclomotor,Automóvil",AV CORRIENTES Y CORTADA RICARDONE,3,2,0,0,1,0,0,,Avenida,,ROSARIO,Rosario,Asfalto,S/D,II,S/D,Urbana,S/D,S/D,Intersección,S/D,S/D,Diurna,S/D,Otro,S/D,Colisión,S/D,S/D,S/D,S/D,POINT (-60.64275030000001 -32.9474531),"['Corrientes', 'Ricardone']",2,Corrientes; Ricardone,-32.9474531,-60.64275030000001,55.0,538.0,Municipio Rosario,Municipio,Rosario,820210,Servicio de Catastro e Información Territorial,IGN
2013,2425,2013-03-02,Sabado,0.0,16:00:00,,0.0,2,"Automóvil,Automóvil",Av. Pellegrini Y Constitucion,2,1,0,0,1,0,0,,Avenida,,ROSARIO,Rosario,Asfalto,No existe,II,Dentro,Urbana,Ninguna,No existe,Intersección,Bueno,S/D,Atardecer,S/D,Lateral,S/D,Colisión,S/D,S/D,Ninguna,Sin restricción,POINT (-60.67641675 -32.950913),"['Pellegrini', 'Constitución']",2,Avenida Carlos Pellegrini; Constitución,-32.950913,-60.67641675,55.0,538.0,Municipio Rosario,Municipio,Rosario,820210,Servicio de Catastro e Información Territorial,IGN
2013,2426,2013-03-22,Viernes,0.0,09:00:00,,0.0,2,"Automóvil,Moto/Ciclomotor",Av. Corrientes Y Cerrito,2,1,0,0,1,0,0,,Avenida,,ROSARIO,Rosario,Asfalto,S/D,II,Dentro,Urbana,S/D,S/D,Recta,Bueno,Buena,Diurna,Buen Tiempo,Lateral,S/D,Colisión,S/D,S/D,S/D,S/D,POINT (-60.6462178 -32.96111909999998),"['Corrientes', 'Cerrito']",2,Corrientes; Cerrito,-32.96111909999998,-60.6462178,55.0,538.0,Municipio Rosario,Municipio,Rosario,820210,Servicio de Catastro e Información Territorial,IGN
2013,2428,2013-03-02,Sabado,0.0,12:10:00,,0.0,2,"Automóvil,Moto/Ciclomotor",Bv. Segui Y Balcarce,2,1,0,0,1,0,0,,Avenida,,ROSARIO,Rosario,Asfalto,No existe,II,Dentro,Urbana,Ninguna,No existe,Intersección,Bueno,Buena,Diurna,S/D,Lateral,S/D,Colisión,S/D,Horizontal,Ninguna,Sin restricción,POINT (-60.66015055 -32.97661384999999),"['Bulevar Juan Francisco Seguí', 'Balcarce']",2,Bulevar Juan Francisco Seguí; Balcarce,-32.97661384999999,-60.66015055,55.0,538.0,Municipio Rosario,Municipio,Rosario,820210,Servicio de Catastro e Información Territorial,IGN
2013,2429,2013-03-23,Sabado,0.0,20:20:00,,0.0,2,"Moto/Ciclomotor,Automóvil",Bv. Oroño Y Galvez,2,1,0,0,1,0,0,,Avenida,,ROSARIO,Rosario,Asfalto,S/D,II,S/D,S/D,S/D,S/D,Recta,Bueno,Buena,Diurna,Buen Tiempo,De alcance,S/D,Colisión,S/D,S/D,S/D,S/D,POINT (-60.658933899999994 -32.9660708),"['Bulevar Nicasio Oroño', 'Galvez']",2,Bulevar Nicasio Oroño; José Gálvez,-32.9660708,-60.6589339,55.0,538.0,Municipio Rosario,Municipio,Rosario,820210,Servicio de Catastro e Información Territorial,IGN
2013,2430,2013-03-03,Domingo,0.0,17:20:00,,0.0,2,"Moto/Ciclomotor,Automóvil",San Juan 2000,3,2,0,0,1,0,0,,Calle,,ROSARIO,Rosario,Asfalto,No existe,II,Dentro,Urbana,Semáforo,Funciona,Intersección,Bueno,Reducida,Atardecer,Buen Tiempo,Lateral,S/D,Colisión,S/D,Horizontal,Ninguna,Sin restricción,"-32.9494155, -60.6431741",['San Juan 2000'],1,San Juan 2000,-32.9494155,-60.6431741,55.0,538.0,Municipio Rosario,Municipio,Rosario,820210,Servicio de Catastro e Información Territorial,IGN
2013,2431,2013-03-17,Domingo,0.0,,,0.0,2,"Automóvil,Automóvil",Av. Corrientes Y Virasoro,5,4,0,0,1,0,0,,Avenida,,ROSARIO,Rosario,Asfalto,S/D,II,Dentro,Urbana,S/D,S/D,Intersección,Bueno,Buena,S/D,Buen Tiempo,Lateral,S/D,Colisión,S/D,S/D,S/D,S/D,POINT (-60.648275299999995 -32.9691923),"['Corrientes', 'Virasoro']",2,Corrientes; Benjamín Virasoro,-32.9691923,-60.6482753,55.0,538.0,Municipio Rosario,Municipio,Rosario,820210,Servicio de Catastro e Información Territorial,IGN
2013,2434,2013-03-24,Domingo,0.0,05:00:00,,0.0,1,Moto/Ciclomotor,Bv. Oroño Y Cochabamba,2,1,0,0,1,0,0,,Avenida,,ROSARIO,Rosario,Asfalto,S/D,II,S/D,S/D,S/D,S/D,Intersección,Bueno,Buena,Amanecer,S/D,De alcance,S/D,Colisión,S/D,S/D,S/D,S/D,POINT (-60.656339 -32.9556154),"['Bulevar Nicasio Oroño', 'Cochabamba']",2,Bulevar Nicasio Oroño; Cochabamba,-32.9556154,-60.656339,55.0,538.0,Municipio Rosario,Municipio,Rosario,820210,Servicio de Catastro e Información Territorial,IGN
2013,2435,2013-03-16,Sabado,0.0,07:00:00,,0.0,2,"Automóvil,Pickup/Utilitario",Sarmiento Y Cochabamba,3,2,0,0,1,0,0,,Calle,,ROSARIO,Rosario,Asfalto,S/D,II,Dentro,Urbana,S/D,S/D,Recta,Bueno,Buena,Diurna,Buen Tiempo,De alcance,S/D,Colisión,S/D,S/D,S/D,S/D,POINT (-60.6411528 -32.958439),"['Sarmiento', 'Cochabamba']",2,Sarmiento; Cochabamba,-32.958439,-60.6411528,55.0,538.0,Municipio Rosario,Municipio,Rosario,820210,Servicio de Catastro e Información Territorial,IGN
2013,2436,2013-01-04,Viernes,0.0,12:40:00,,0.0,2,"Bicicleta,Automóvil",Bv. Oroño Y San Luis,2,1,0,0,1,0,0,,Avenida,,ROSARIO,Rosario,Asfalto,S/D,II,Dentro,Urbana,S/D,S/D,Intersección,S/D,S/D,Diurna,S/D,Otro,S/D,Atropello,S/D,S/D,S/D,S/D,POINT (-60.6539474 -32.946329600000006),"['Bulevar Nicasio Oroño', 'San Luis']",2,Bulevar Nicasio Oroño; San Luis,-32.946329600000006,-60.6539474,55.0,538.0,Municipio Rosario,Municipio,Rosario,820210,Servicio de Catastro e Información Territorial,IGN
2013,2437,2013-02-19,Martes,0.0,18:15:00,,0.0,2,"Automóvil,Automóvil",Av. Pellegrini 600,2,1,0,0,1,0,0,,Avenida,,ROSARIO,Rosario,Asfalto,S/D,II,Dentro,Urbana,Paso Peatonal,S/D,Recta,Bueno,S/D,Diurna,Buen Tiempo,Otro,S/D,Colisión,S/D,S/D,Cordón divisorio,Sin restricción,"-32.9584332, -60.6338523",['Pellegrini 600'],1,Pellegrini 600,-32.9584332,-60.6338523,55.0,538.0,Municipio Rosario,Municipio,Rosario,820210,Servicio de Catastro e Información Territorial,IGN
2013,2438,2013-03-14,Jueves,0.0,17:10:00,,0.0,1,Moto/Ciclomotor,Sarmiento Y Riobamba,3,1,0,0,2,0,0,,Calle,,ROSARIO,Rosario,Asfalto,S/D,II,Dentro,Urbana,S/D,S/D,Intersección,S/D,Buena,Diurna,S/D,Lateral,S/D,Colisión,S/D,S/D,S/D,S/D,POINT (-60.642316799999996 -32.9630352),"['Sarmiento', 'Riobamba']",2,Sarmiento; Riobamba,-32.9630352,-60.6423168,55.0,538.0,Municipio Rosario,Municipio,Rosario,820210,Servicio de Catastro e Información Territorial,IGN
2013,2440,2013-03-16,Sabado,0.0,11:45:00,,0.0,2,"Bicicleta,Automóvil",Cochabamba Y Italia,2,1,0,0,1,0,0,,Calle,,ROSARIO,Rosario,Asfalto,S/D,II,Dentro,Urbana,S/D,S/D,Recta,Bueno,Buena,Diurna,Buen Tiempo,Otro,S/D,Atropello,S/D,S/D,S/D,S/D,POINT (-60.6508824 -32.956682699999995),"['Cochabamba', 'Italia']",2,Cochabamba; Italia,-32.956682699999995,-60.6508824,55.0,538.0,Municipio Rosario,Municipio,Rosario,820210,Servicio de Catastro e Información Territorial,IGN
2013,2442,2013-03-25,Lunes,0.0,,,0.0,2,"Automóvil,Moto/Ciclomotor",Av. Pellegrini Y España,2,1,0,0,1,0,0,,Avenida,,ROSARIO,Rosario,Asfalto,S/D,II,S/D,Urbana,S/D,S/D,Intersección,Bueno,Buena,Diurna,S/D,Frontal,S/D,Colisión,S/D,S/D,S/D,S/D,POINT (-60.6492162 -32.95580995),"['Pellegrini', 'España']",2,Avenida Carlos Pellegrini; España,-32.95580995,-60.6492162,55.0,538.0,Municipio Rosario,Municipio,Rosario,820210,Servicio de Catastro e Información Territorial,IGN
2013,2447,2013-02-25,Lunes,0.0,05:00:00,,0.0,2,"Bicicleta,Transporte de Pasajeros Urbano (> 8 asientos)",Av. Sorrento Y colectora de Circunvalación,2,0,1,0,1,0,0,,Avenida,,ROSARIO,Rosario,Asfalto,No existe,II,Dentro,Urbana,Ninguna,S/D,Intersección,Bueno,Buena,"Nocturna,Con luz artificial",S/D,S/D,S/D,Atropello,S/D,"Horizontal,Vertical",S/D,S/D,POINT (-60.72270983333334 -32.90836276666666),"['Sorrento', 'Colectora de Circunvalación']",2,"('Avenida Sorrento', 'Juan Pablo II')",-32.90836276666666,-60.72270983333334,55.0,538.0,Municipio Rosario,Municipio,Rosario,820210,Servicio de Catastro e Información Territorial,IGN
2013,2449,2013-03-02,Sabado,0.0,16:30:00,,0.0,1,Transporte de Pasajeros Urbano (> 8 asientos),Av. Corrientes 2400,1,0,0,0,0,1,0,,Avenida,,ROSARIO,Rosario,Asfalto,No existe,II,Dentro,Urbana,Ninguna,No existe,Recta,Bueno,Buena,Diurna,S/D,S/D,S/D,Caída ocupante,S/D,"Horizontal,Vertical",Ninguna,S/D,"-32.9644397, -60.6471507",['Corrientes 2400'],1,Corrientes 2400,-32.9644397,-60.6471507,55.0,538.0,Municipio Rosario,Municipio,Rosario,820210,Servicio de Catastro e Información Territorial,IGN
2013,2451,2013-03-25,Lunes,0.0,,,0.0,2,"Automóvil,Moto/Ciclomotor",Av. Pellegrini Y España,2,1,0,0,1,0,0,,Avenida,,ROSARIO,Rosario,Asfalto,S/D,II,S/D,S/D,S/D,S/D,Intersección,Bueno,Buena,Diurna,S/D,S/D,S/D,Colisión,S/D,S/D,S/D,S/D,POINT (-60.6492162 -32.95580995),"['Pellegrini', 'España']",2,Avenida Carlos Pellegrini; España,-32.95580995,-60.6492162,55.0,538.0,Municipio Rosario,Municipio,Rosario,820210,Servicio de Catastro e Información Territorial,IGN
2013,2454,2013-01-02,Miercoles,0.0,11:00:00,,0.0,2,"Taxi/Remis,Taxi/Remis",Sarmiento Y Av. Pellegrini,2,1,0,0,1,0,0,,Avenida,,ROSARIO,Rosario,Asfalto,S/D,II,Dentro,Urbana,S/D,Funciona,Intersección,S/D,S/D,Diurna,S/D,S/D,S/D,Colisión,S/D,S/D,S/D,S/D,POINT (-60.6408663 -32.95730775),"['Sarmiento', 'Pellegrini']",2,Sarmiento; Avenida Carlos Pellegrini,-32.95730775,-60.6408663,55.0,538.0,Municipio Rosario,Municipio,Rosario,820210,Servicio de Catastro e Información Territorial,IGN
2013,2457,2013-03-04,Lunes,0.0,22:05:00,,0.0,2,"Automóvil,Moto/Ciclomotor",Av. Uriburu Y Paraguay,2,1,0,0,1,0,0,,Avenida,,ROSARIO,Rosario,Asfalto,No existe,II,Dentro,Urbana,Ninguna,No existe,Intersección,Bueno,Buena,Nocturna,S/D,Lateral,S/D,Colisión,S/D,Horizontal,Ninguna,Sin restricción,POINT (-60.655215850000005 -32.990962749999994),"['Uriburu', 'Paraguay']",2,Avenida José Uriburu; Paraguay,-32.990962749999994,-60.655215850000005,55.0,538.0,Municipio Rosario,Municipio,Rosario,820210,Servicio de Catastro e Información Territorial,IGN
2013,2459,2013-03-04,Lunes,0.0,07:30:00,,0.0,2,"Automóvil,Automóvil",Santa Fe Y Balcarce,2,1,0,0,1,0,0,,Calle,,ROSARIO,Rosario,Asfalto,No existe,II,Dentro,Urbana,Semáforo,Funciona,Intersección,Bueno,Buena,Diurna,S/D,De alcance,S/D,Colisión,S/D,Vertical,Ninguna,Sin restricción,POINT (-60.65159370000001 -32.94261169999999),"['Santa Fe', 'Balcarce']",2,Santa Fe; Balcarce,-32.94261169999999,-60.65159370000001,55.0,538.0,Municipio Rosario,Municipio,Rosario,820210,Servicio de Catastro e Información Territorial,IGN
2013,2460,2013-03-01,Viernes,1.0,23:10:00,,0.0,3,"Transporte de Pasajeros Urbano (> 8 asientos),Automóvil,Moto/Ciclomotor",Av. Alberdi Bis Y Av. Luis Carballo,3,1,0,0,2,0,0,,Calle,,ROSARIO,Rosario,Asfalto,S/D,II,Dentro,Urbana,S/D,Funciona,Recta,Bueno,S/D,Nocturna,S/D,Múltiple,S/D,Colisión,S/D,S/D,S/D,S/D,POINT (-60.68009227500001 -32.922158075),"['Alberdi', 'Avenida Doctor Luis Cándido Carballo']",2,Avenida Alberdi; Avenida Doctor Luis Cándido Carballo,-32.922158075,-60.68009227500001,55.0,538.0,Municipio Rosario,Municipio,Rosario,820210,Servicio de Catastro e Información Territorial,IGN
2013,2461,2013-03-04,Lunes,0.0,15:30:00,,0.0,2,"Moto/Ciclomotor,Automóvil",Biedma Y Pueyrredon,2,1,0,0,1,0,0,,Calle,,ROSARIO,Rosario,Asfalto,No existe,II,Dentro,Urbana,Ninguna,No existe,Intersección,Bueno,Buena,Diurna,S/D,Lateral,S/D,Colisión,S/D,Horizontal,Ninguna,Sin restricción,POINT (-60.66617329999999 -32.977945899999995),"['Coronel Biedma', 'Pueyrredón']",2,Coronel Biedma; Pueyrredón,-32.977945899999995,-60.66617329999999,55.0,538.0,Municipio Rosario,Municipio,Rosario,820210,Servicio de Catastro e Información Territorial,IGN
2013,2462,2013-03-04,Lunes,0.0,14:00:00,,0.0,2,"Moto/Ciclomotor,Automóvil",Saavedra Y Mariano Moreno,2,1,0,0,1,0,0,,Calle,,ROSARIO,Rosario,Asfalto,No existe,II,Dentro,Urbana,Ninguna,No existe,Intersección,Bueno,S/D,Diurna,S/D,Lateral,S/D,Colisión,S/D,Horizontal,Ninguna,Sin restricción,POINT (-60.6584801 -32.9757272),"['Saavedra', 'Mariano Moreno']",2,Saavedra; Mariano Moreno,-32.9757272,-60.6584801,55.0,538.0,Municipio Rosario,Municipio,Rosario,820210,Servicio de Catastro e Información Territorial,IGN
2013,2466,2013-03-02,Sabado,0.0,04:20:00,,0.0,2,"Moto/Ciclomotor,Automóvil",San Juan Y Rodriguez,4,1,1,0,1,1,0,,Calle,,ROSARIO,Rosario,Asfalto,No existe,II,Dentro,Urbana,Ninguna,No existe,Intersección,Bueno,Buena,"Nocturna,Con luz artificial",Buen Tiempo,Lateral,S/D,Colisión,S/D,Faltante,Ninguna,Sin restricción,POINT (-60.659640800000005 -32.946484099999985),"['San Juan', 'Rodríguez']",2,San Juan; Rodríguez de Escobedo,-32.946484099999985,-60.659640800000005,55.0,538.0,Municipio Rosario,Municipio,Rosario,820210,Servicio de Catastro e Información Territorial,IGN
2013,2467,2013-03-02,Sabado,0.0,18:30:00,,0.0,2,"Moto/Ciclomotor,Automóvil",Velez Sarsfield Y Falucho Bis,2,1,0,0,1,0,0,,Calle,,ROSARIO,Rosario,S/D,S/D,II,Dentro,Urbana,S/D,Funciona,Recta,S/D,S/D,S/D,S/D,De alcance,S/D,Colisión,S/D,S/D,S/D,S/D,POINT (-60.6707244 -32.924782799999996),"['Vélez Sarsfield', 'Falucho']",2,Vélez Sarsfield; Falucho,-32.9247828,-60.6707244,55.0,538.0,Municipio Rosario,Municipio,Rosario,820210,Servicio de Catastro e Información Territorial,IGN
2013,2490,2013-03-24,Domingo,0.0,,,0.0,2,"Moto/Ciclomotor,Bicicleta",Bv. 27 De Febrero Y Bv. Oroño,2,1,0,0,1,0,0,,Avenida,,ROSARIO,Rosario,Asfalto,S/D,II,Dentro,S/D,S/D,S/D,Cruce,Bueno,Buena,Diurna,Buen Tiempo,Otro,S/D,Atropello,S/D,S/D,S/D,S/D,POINT (-60.658642825 -32.964892400000004),"['27 de Febrero', 'Bulevar Nicasio Oroño']",2,Bulevar 27 de Febrero; Bulevar Nicasio Oroño,-32.964892400000004,-60.658642825,55.0,538.0,Municipio Rosario,Municipio,Rosario,820210,Servicio de Catastro e Información Territorial,IGN
2013,2493,2013-03-28,Jueves,0.0,11:00:00,,0.0,2,"Automóvil,Automóvil",Av. Pellegrini Y Bv. Oroño,2,1,0,0,1,0,0,,Avenida,,ROSARIO,Rosario,Asfalto,S/D,II,Dentro,Urbana,S/D,S/D,Cruce,Bueno,Buena,Diurna,Buen Tiempo,S/D,S/D,Colisión,S/D,S/D,S/D,S/D,POINT (-60.656023850000004 -32.95457175),"['Pellegrini', 'Bulevar Nicasio Oroño']",2,Avenida Carlos Pellegrini; Bulevar Nicasio Oroño,-32.95457175,-60.65602385,55.0,538.0,Municipio Rosario,Municipio,Rosario,820210,Servicio de Catastro e Información Territorial,IGN
2013,2501,2013-03-19,Martes,0.0,17:00:00,,0.0,2,"Moto/Ciclomotor,Camión",Av. Sorrento Y Av. Provincias Unidas,2,0,0,0,1,1,0,,Avenida,,ROSARIO,Rosario,Asfalto,No existe,II,Dentro,Urbana,Ninguna,S/D,Intersección,Bueno,Buena,Diurna,S/D,S/D,S/D,Colisión,S/D,S/D,Cordón divisorio,S/D,POINT (-60.714102249999996 -32.9083328),"['Sorrento', 'Avenida Provincias Unidas']",2,Avenida Sorrento; Avenida Provincias Unidas,-32.9083328,-60.71410225,55.0,538.0,Municipio Rosario,Municipio,Rosario,820210,Servicio de Catastro e Información Territorial,IGN
2013,2506,2013-03-25,Lunes,0.0,09:00:00,,0.0,2,"Bicicleta,Automóvil",Sarmiento Y Viamonte,2,1,0,0,1,0,0,,Calle,,ROSARIO,Rosario,Asfalto,S/D,II,S/D,S/D,S/D,S/D,Recta,Bueno,Buena,Diurna,Buen Tiempo,De alcance,S/D,Atropello,S/D,S/D,S/D,S/D,POINT (-60.6429037 -32.9653524),"['Sarmiento', 'Viamonte']",2,Sarmiento; Viamonte,-32.9653524,-60.6429037,55.0,538.0,Municipio Rosario,Municipio,Rosario,820210,Servicio de Catastro e Información Territorial,IGN
2013,2507,2013-03-15,Viernes,0.0,15:10:00,,0.0,2,"Automóvil,Automóvil",Bv. Oroño Y Bv. 27 De Febrero,2,1,0,0,1,0,0,,Avenida,,ROSARIO,Rosario,Asfalto,S/D,II,Dentro,S/D,S/D,S/D,Cruce,Bueno,Buena,Diurna,Buen Tiempo,De alcance,S/D,Colisión,S/D,S/D,S/D,S/D,POINT (-60.658642825 -32.964892400000004),"['Bulevar Nicasio Oroño', '27 de Febrero']",2,Bulevar Nicasio Oroño; Bulevar 27 de Febrero,-32.964892400000004,-60.658642825,55.0,538.0,Municipio Rosario,Municipio,Rosario,820210,Servicio de Catastro e Información Territorial,IGN
2013,2508,2013-03-21,Jueves,0.0,18:30:00,,0.0,3,"Automóvil,Automóvil,Automóvil",Bv. 27 De Febrero Y Mitre,5,1,0,0,4,0,0,,Avenida,,ROSARIO,Rosario,Asfalto,S/D,II,Dentro,Urbana,S/D,S/D,Recta,S/D,Buena,Atardecer,Buen Tiempo,Múltiple,S/D,Colisión,S/D,S/D,S/D,S/D,POINT (-60.6448502 -32.96734965),"['27 de Febrero', 'Mitre']",2,Bulevar 27 de Febrero; Bartolomé Mitre,-32.96734965,-60.6448502,55.0,538.0,Municipio Rosario,Municipio,Rosario,820210,Servicio de Catastro e Información Territorial,IGN
2013,2509,2013-03-02,Sabado,0.0,16:45:00,,0.0,2,"Automóvil,Taxi/Remis",Av. Alberdi Bis Y Humberto I,2,1,0,0,1,0,0,,Calle,,ROSARIO,Rosario,S/D,S/D,II,Dentro,Urbana,S/D,Funciona,Recta,S/D,S/D,S/D,S/D,Otro,S/D,Colisión,S/D,S/D,S/D,S/D,POINT (-60.6743646 -32.92936929999999),"['Alberdi', 'Humberto']",2,Avenida Alberdi; Humberto Primero,-32.92936929999999,-60.6743646,55.0,538.0,Municipio Rosario,Municipio,Rosario,820210,Servicio de Catastro e Información Territorial,IGN
2013,2513,2013-03-27,Miercoles,0.0,21:30:00,,0.0,2,"Moto/Ciclomotor,Automóvil",Italia Y Cerrito,2,1,0,0,1,0,0,,Calle,,ROSARIO,Rosario,Asfalto,S/D,II,Dentro,S/D,S/D,S/D,Recta,Bueno,Buena,Nocturna,Buen Tiempo,S/D,S/D,Colisión,S/D,S/D,S/D,S/D,POINT (-60.65174940000001 -32.9601244),"['Italia', 'Cerrito']",2,Italia; Cerrito,-32.9601244,-60.65174940000001,55.0,538.0,Municipio Rosario,Municipio,Rosario,820210,Servicio de Catastro e Información Territorial,IGN