anio_acci,nro_acci,fecha,desc_dia,fecha_aprox,hora_aprox,desc_ruta,km,cant_participantes,desc_participante,calle_avenida_km,total,heridos_leves,heridos_graves,heridos_gravisimos,ilesos,fallecidos,sin_datos,posicion_XY,desc_tipo_via,desc_ruta_ori,desc_loc,desc_dpto,desc_tipo_calzada,desc_tipo_banquina,desc_unidad_regional,desc_lugar_calzada,desc_zona,desc_prioridad,desc_estado_semaforo,desc_lugar_via,desc_estado_via,desc_estado_visibilidad,desc_luminosidad,desc_estado_clima,desc_tipo_colision,desc_tipo_atropello,desc_tipo_hecho,desc_pres_calzada,desc_senializacion,desc_separacion_via,desc_restriccion,forma_geocod,calle_lista,numero_calles,calles_osm,lat,lon,index_right,gid,fna,gna,nam,in1,fdc,sag
2013,2515,2013-03-18,Lunes,0.0,07:50:00,,0.0,2,"Automóvil,Automóvil",Viamonte Y Dorrego,2,1,0,0,1,0,0,,Calle,,ROSARIO,Rosario,Asfalto,S/D,II,Dentro,Urbana,S/D,S/D,Intersección,Bueno,Buena,Diurna,Buen Tiempo,Lateral,S/D,Colisión,S/D,S/D,S/D,S/D,POINT (-60.6539778 -32.963386299999996),"['Viamonte', 'Dorrego']",2,Viamonte; Manuel Dorrego,-32.9633863,-60.6539778,55.0,538.0,Municipio Rosario,Municipio,Rosario,820210,Servicio de Catastro e Información Territorial,IGN
2013,2534,2013-03-07,Jueves,0.0,02:30:00,,0.0,1,Automóvil,AV. COLECTORA Y SORRENTO,2,0,1,1,0,0,0,,Calle,,ROSARIO,Rosario,Asfalto,No existe,II,Dentro,Urbana,Semáforo,Funciona,Recta,Bueno,Buena,Con luz artificial,Buen Tiempo,S/D,S/D,Vuelco,S/D,S/D,S/D,Sin restricción,POINT (-60.72270983333334 -32.90836276666667),"['Colectora', 'Sorrento']",2,Colectora Juan Pablo II; Avenida Sorrento,-32.90836276666667,-60.72270983333334,55.0,538.0,Municipio Rosario,Municipio,Rosario,820210,Servicio de Catastro e Información Territorial,IGN
2013,2541,2013-03-24,Domingo,0.0,01:10:00,,0.0,2,"Moto/Ciclomotor,Transporte de Pasajeros Urbano (> 8 asientos)",Bv. Oroño Y Av. Uriburu,2,0,0,0,1,1,0,,Avenida,,ROSARIO,Rosario,Asfalto,No existe,II,Dentro,Urbana,Semáforo,Funciona,Intersección,Bueno,Buena,"Nocturna,Con luz artificial",Buen Tiempo,Lateral,S/D,Colisión,S/D,"Horizontal,Vertical",Cordón divisorio,Sin restricción,POINT (-60.665160500000006 -32.99123049999999),"['Bulevar Nicasio Oroño', 'Uriburu']",2,Bulevar Nicasio Oroño; Avenida José Uriburu,-32.99123049999999,-60.665160500000006,55.0,538.0,Municipio Rosario,Municipio,Rosario,820210,Servicio de Catastro e Información Territorial,IGN
2013,2545,2013-03-06,Miercoles,0.0,15:45:00,,0.0,2,"Automóvil,Bicicleta",Italia Y Centeno,3,2,0,0,1,0,0,,Calle,,ROSARIO,Rosario,Asfalto,No existe,II,Dentro,Urbana,Ninguna,No existe,Intersección,Bueno,S/D,Diurna,S/D,S/D,S/D,Atropello,S/D,Horizontal,Ninguna,Sin restricción,POINT (-60.6575463 -32.983089099999994),"['Italia', 'Centeno']",2,Italia; Coronel Centeno,-32.983089099999994,-60.6575463,55.0,538.0,Municipio Rosario,Municipio,Rosario,820210,Servicio de Catastro e Información Territorial,IGN
2013,2546,2013-03-08,Viernes,0.0,18:50:00,,0.0,2,"Taxi/Remis,Automóvil",Av. Pellegrini Y Av. Ovidio Lagos,2,1,0,0,1,0,0,,Avenida,,ROSARIO,Rosario,Asfalto,S/D,II,Dentro,Urbana,S/D,Funciona,Intersección,Bueno,Buena,Atardecer,Buen Tiempo,De alcance,S/D,Colisión,S/D,Vertical,S/D,S/D,POINT (-60.664182350000004 -32.953107599999996),"['Pellegrini', 'Avenida Ovidio Lagos']",2,Avenida Carlos Pellegrini; Avenida Ovidio Lagos,-32.9531076,-60.66418235,55.0,538.0,Municipio Rosario,Municipio,Rosario,820210,Servicio de Catastro e Información Territorial,IGN
2013,2548,2013-03-07,Jueves,0.0,13:00:00,,0.0,2,"Bicicleta,Automóvil",San Martin Y Ayolas,2,1,0,0,1,0,0,,Avenida,,ROSARIO,Rosario,Asfalto,No existe,II,Dentro,Urbana,Semáforo,Funciona,Intersección,Bueno,Buena,Diurna,S/D,S/D,S/D,Atropello,S/D,Vertical,Ninguna,Sin restricción,POINT (-60.644083949999995 -32.97709834999999),"['San Martin', 'Ayolas']",2,José de San Martín; Ayolas,-32.97709834999999,-60.64408395,55.0,538.0,Municipio Rosario,Municipio,Rosario,820210,Servicio de Catastro e Información Territorial,IGN
2013,2550,2013-03-07,Jueves,0.0,14:00:00,,0.0,2,"Moto/Ciclomotor,Pickup/Utilitario",España Y Pje. Casablanca,2,1,0,0,1,0,0,,Calle,,ROSARIO,Rosario,Asfalto,No existe,II,Dentro,Urbana,Ninguna,No existe,Intersección,Bueno,Buena,Diurna,S/D,Lateral,S/D,Colisión,S/D,Faltante,Ninguna,Sin restricción,POINT (-60.6548617 -32.978217399999984),"['España', 'Casablanca']",2,España; Casablanca,-32.978217399999984,-60.6548617,55.0,538.0,Municipio Rosario,Municipio,Rosario,820210,Servicio de Catastro e Información Territorial,IGN
2013,2565,2013-03-08,Viernes,0.0,11:00:00,,0.0,2,"Automóvil,Automóvil",Av. Ovidio Lagos Y Bv. 27 De Febrero,3,1,0,0,2,0,0,,Avenida,,ROSARIO,Rosario,Asfalto,S/D,II,Dentro,Urbana,S/D,Funciona,Intersección,Bueno,Buena,Diurna,Buen Tiempo,Lateral,S/D,Colisión,S/D,Vertical,S/D,S/D,POINT (-60.66661663333334 -32.963496),"['Avenida Ovidio Lagos', '27 de Febrero']",2,Avenida Ovidio Lagos; Bulevar 27 de Febrero,-32.963496,-60.66661663333334,55.0,538.0,Municipio Rosario,Municipio,Rosario,820210,Servicio de Catastro e Información Territorial,IGN
2013,2567,2013-03-08,Viernes,0.0,14:00:00,,0.0,2,"Moto/Ciclomotor,Pickup/Utilitario",Italia Y Virasoro,3,2,0,0,1,0,0,,Calle,,ROSARIO,Rosario,Asfalto,S/D,II,Dentro,Urbana,S/D,S/D,Recta,Bueno,Buena,Diurna,Buen Tiempo,Contra objeto fijo,S/D,Colisión,S/D,S/D,S/D,S/D,POINT (-60.65378160000001 -32.9681924),"['Italia', 'Virasoro']",2,Italia; Benjamín Virasoro,-32.9681924,-60.65378160000001,55.0,538.0,Municipio Rosario,Municipio,Rosario,820210,Servicio de Catastro e Información Territorial,IGN
2013,2568,2013-03-09,Sabado,0.0,09:40:00,,0.0,2,"Moto/Ciclomotor,Automóvil",Av. Pellegrini Y Av. Ovidio Lagos,2,1,0,0,1,0,0,,Avenida,,ROSARIO,Rosario,Asfalto,S/D,II,Dentro,Urbana,S/D,Funciona,Intersección,Bueno,Buena,Diurna,Buen Tiempo,Lateral,S/D,Colisión,S/D,Vertical,S/D,S/D,POINT (-60.664182350000004 -32.953107599999996),"['Pellegrini', 'Avenida Ovidio Lagos']",2,Avenida Carlos Pellegrini; Avenida Ovidio Lagos,-32.9531076,-60.66418235,55.0,538.0,Municipio Rosario,Municipio,Rosario,820210,Servicio de Catastro e Información Territorial,IGN
2013,2570,2013-03-08,Viernes,0.0,15:30:00,,0.0,2,"Automóvil,Moto/Ciclomotor",Pte.Quintana Y Pte.Roca,2,1,0,0,1,0,0,,Calle,,ROSARIO,Rosario,Asfalto,No existe,II,Dentro,Urbana,Ninguna,No existe,Intersección,Bueno,Buena,Diurna,S/D,Lateral,S/D,Colisión,S/D,Faltante,Ninguna,Sin restricción,POINT (-60.654208600000004 -32.9812831),"['Quintana', 'Roca']",2,"('Presidente Quintana', 'Presidente Roca')",-32.9812831,-60.6542086,55.0,538.0,Municipio Rosario,Municipio,Rosario,820210,Servicio de Catastro e Información Territorial,IGN
2013,2571,2013-03-10,Domingo,0.0,14:30:00,,0.0,2,"Moto/Ciclomotor,Bicicleta",Av. Pellegrini Y Callao,2,1,0,0,1,0,0,,Avenida,,ROSARIO,Rosario,Asfalto,S/D,II,Dentro,Urbana,S/D,Funciona,Recta,Bueno,Buena,Diurna,Buen Tiempo,Otro,S/D,Atropello,S/D,Vertical,S/D,S/D,POINT (-60.66283325 -32.95334939999999),"['Pellegrini', 'Callao']",2,Avenida Carlos Pellegrini; Callao,-32.95334939999999,-60.66283325,55.0,538.0,Municipio Rosario,Municipio,Rosario,820210,Servicio de Catastro e Información Territorial,IGN
2013,2572,2013-09-08,Domingo,0.0,20:00:00,,0.0,2,"Automóvil,Moto/Ciclomotor",Amenabar Y Santiago,2,2,0,0,0,0,0,,Calle,,ROSARIO,Rosario,Asfalto,No existe,II,Dentro,Urbana,Ninguna,No existe,Intersección,Bueno,Buena,Nocturna,S/D,Lateral,S/D,Colisión,S/D,Faltante,Ninguna,Sin restricción,POINT (-60.6624407 -32.9689955),"['Amenabar', 'Santiago']",2,José de Amenábar; Santiago,-32.9689955,-60.6624407,55.0,538.0,Municipio Rosario,Municipio,Rosario,820210,Servicio de Catastro e Información Territorial,IGN
2013,2573,2013-03-11,Lunes,0.0,10:45:00,,0.0,2,"Moto/Ciclomotor,Pickup/Utilitario",Av. Pellegrini Y Italia,2,1,0,0,1,0,0,,Avenida,,ROSARIO,Rosario,Asfalto,S/D,II,Dentro,Urbana,S/D,S/D,Recta,Bueno,Buena,Diurna,Buen Tiempo,Lateral,S/D,Colisión,S/D,S/D,S/D,S/D,POINT (-60.650600100000005 -32.955561700000004),"['Pellegrini', 'Italia']",2,Avenida Carlos Pellegrini; Italia,-32.955561700000004,-60.650600100000005,55.0,538.0,Municipio Rosario,Municipio,Rosario,820210,Servicio de Catastro e Información Territorial,IGN
2013,2574,2013-03-10,Domingo,0.0,21:00:00,,0.0,2,"Moto/Ciclomotor,Automóvil",Dorrego 3900,3,2,0,0,1,0,0,,Calle,,ROSARIO,Rosario,Asfalto,No existe,II,Dentro,Urbana,Ninguna,No existe,Recta,Bueno,Buena,Nocturna,S/D,Lateral,S/D,Colisión,S/D,Faltante,Ninguna,Sin restricción,"-32.9806928, -60.6584477",['Dorrego 3900'],1,Dorrego 3900,-32.9806928,-60.6584477,55.0,538.0,Municipio Rosario,Municipio,Rosario,820210,Servicio de Catastro e Información Territorial,IGN
2013,2575,2013-03-11,Lunes,0.0,18:00:00,,0.0,2,"Moto/Ciclomotor,Automóvil",Bv. 27 De Febrero Y Av. Corrientes,3,1,0,0,2,0,0,,Avenida,,ROSARIO,Rosario,Asfalto,S/D,II,Dentro,Urbana,S/D,S/D,Intersección,S/D,Buena,Atardecer,Buen Tiempo,Lateral,S/D,Colisión,S/D,S/D,S/D,S/D,POINT (-60.64767495000001 -32.9668455),"['27 de Febrero', 'Corrientes']",2,Bulevar 27 de Febrero; Corrientes,-32.9668455,-60.64767495000001,55.0,538.0,Municipio Rosario,Municipio,Rosario,820210,Servicio de Catastro e Información Territorial,IGN
2013,2576,2013-03-10,Domingo,0.0,08:00:00,,0.0,2,"Automóvil,Moto/Ciclomotor",Bv. Segui Y Pueyrredon,3,2,0,0,1,0,0,,Calle,,ROSARIO,Rosario,Asfalto,No existe,II,Dentro,Urbana,Semáforo,Funciona,Intersección,Bueno,Buena,Diurna,Buen Tiempo,Lateral,S/D,Colisión,S/D,Vertical,Ninguna,Sin restricción,POINT (-60.66559335 -32.97564369999999),"['Bulevar Juan Francisco Seguí', 'Pueyrredón']",2,Bulevar Juan Francisco Seguí; Pueyrredón,-32.97564369999999,-60.66559335,55.0,538.0,Municipio Rosario,Municipio,Rosario,820210,Servicio de Catastro e Información Territorial,IGN
2013,2578,2013-03-12,Martes,0.0,11:30:00,,0.0,2,"Automóvil,Automóvil",San Martin Y La Paz,3,1,0,0,2,0,0,,Calle,,ROSARIO,Rosario,Asfalto,S/D,II,Dentro,Urbana,S/D,S/D,Intersección,S/D,Buena,Diurna,Buen Tiempo,Lateral,S/D,Colisión,S/D,S/D,S/D,S/D,POINT (-60.64116099999999 -32.964431299999994),"['San Martin', 'La Paz']",2,José de San Martín; La Paz,-32.964431299999994,-60.64116099999999,55.0,538.0,Municipio Rosario,Municipio,Rosario,820210,Servicio de Catastro e Información Territorial,IGN
2013,2582,2013-03-11,Lunes,0.0,20:45:00,,0.0,2,"Moto/Ciclomotor,Automóvil",Paraguay 3300,2,1,0,0,1,0,0,,Calle,,ROSARIO,Rosario,Asfalto,No existe,II,Dentro,Urbana,Ninguna,No existe,Intersección,Bueno,S/D,Nocturna,S/D,Lateral,S/D,Colisión,S/D,Faltante,Ninguna,Sin restricción,"-32.9745458, -60.6511445",['Paraguay 3300'],1,Paraguay 3300,-32.9745458,-60.6511445,55.0,538.0,Municipio Rosario,Municipio,Rosario,820210,Servicio de Catastro e Información Territorial,IGN
2013,2584,2013-03-12,Martes,0.0,11:00:00,,0.0,2,"Bicicleta,Automóvil",Virasoro Y Sarmiento,2,1,0,0,1,0,0,,Calle,,ROSARIO,Rosario,Asfalto,S/D,II,Dentro,Urbana,S/D,S/D,Intersección,S/D,Buena,Diurna,Buen Tiempo,Lateral,S/D,Atropello,S/D,S/D,S/D,S/D,POINT (-60.6440624 -32.969927),"['Virasoro', 'Sarmiento']",2,Benjamín Virasoro; Sarmiento,-32.969927,-60.6440624,55.0,538.0,Municipio Rosario,Municipio,Rosario,820210,Servicio de Catastro e Información Territorial,IGN
2013,2585,2013-03-13,Miercoles,0.0,16:10:00,,0.0,2,"Bicicleta,Automóvil",Bv. 27 De Febrero Y Pueyrredon,2,1,0,0,1,0,0,,Avenida,,ROSARIO,Rosario,Asfalto,S/D,II,Dentro,Urbana,S/D,S/D,Recta,S/D,Buena,Diurna,Buen Tiempo,Lateral,S/D,Atropello,S/D,S/D,S/D,S/D,POINT (-60.6627028 -32.964221200000004),"['27 de Febrero', 'Pueyrredón']",2,Bulevar 27 de Febrero; Pueyrredón,-32.964221200000004,-60.6627028,55.0,538.0,Municipio Rosario,Municipio,Rosario,820210,Servicio de Catastro e Información Territorial,IGN
2013,2623,2013-02-14,Jueves,0.0,20:40:00,,0.0,2,"Moto/Ciclomotor,Automóvil",Bv. Oroño Y Cochabamba,2,1,0,0,1,0,0,,Avenida,,ROSARIO,Rosario,Asfalto,S/D,II,S/D,Urbana,S/D,S/D,Intersección,S/D,S/D,Nocturna,S/D,Otro,S/D,Colisión,S/D,S/D,S/D,S/D,POINT (-60.656339 -32.9556154),"['Bulevar Nicasio Oroño', 'Cochabamba']",2,Bulevar Nicasio Oroño; Cochabamba,-32.9556154,-60.656339,55.0,538.0,Municipio Rosario,Municipio,Rosario,820210,Servicio de Catastro e Información Territorial,IGN
2013,2625,2013-02-14,Jueves,0.0,10:00:00,,0.0,2,"Moto/Ciclomotor,Automóvil",Paraguay Y Galvez,2,1,0,0,1,0,0,,Calle,,ROSARIO,Rosario,S/D,S/D,II,S/D,Urbana,S/D,S/D,S/D,S/D,S/D,S/D,S/D,S/D,S/D,S/D,S/D,S/D,S/D,S/D,POINT (-60.64936409999999 -32.9677811),"['Paraguay', 'Galvez']",2,Paraguay; José Gálvez,-32.9677811,-60.64936409999999,55.0,538.0,Municipio Rosario,Municipio,Rosario,820210,Servicio de Catastro e Información Territorial,IGN
2013,2629,2013-02-09,Sabado,0.0,20:00:00,,0.0,2,"Moto/Ciclomotor,Automóvil",Entre Rios Y Riobamba,3,2,0,0,1,0,0,,Calle,,ROSARIO,Rosario,Asfalto,S/D,II,S/D,S/D,S/D,S/D,Recta,S/D,S/D,S/D,S/D,S/D,S/D,Colisión,S/D,S/D,S/D,S/D,POINT (-60.6451139 -32.962534399999996),"['Entre Ríos', 'Riobamba']",2,Entre Ríos; Riobamba,-32.9625344,-60.6451139,55.0,538.0,Municipio Rosario,Municipio,Rosario,820210,Servicio de Catastro e Información Territorial,IGN
2013,2630,2013-02-14,Jueves,0.0,16:45:00,,0.0,2,"Automóvil,Camión",Av. Pellegrini Y Santiago,3,2,0,0,1,0,0,,Avenida,,ROSARIO,Rosario,Asfalto,S/D,II,S/D,Urbana,S/D,Funciona,Intersección,S/D,S/D,Atardecer,S/D,S/D,S/D,Colisión,S/D,S/D,S/D,S/D,POINT (-60.65876355 -32.95408145),"['Pellegrini', 'Santiago']",2,Avenida Carlos Pellegrini; Santiago,-32.95408145,-60.65876355,55.0,538.0,Municipio Rosario,Municipio,Rosario,820210,Servicio de Catastro e Información Territorial,IGN
2013,2636,2013-03-07,Jueves,0.0,21:30:00,,0.0,2,"Moto/Ciclomotor,Automóvil",Bv. Segui Y Roullon,2,1,0,0,1,0,0,,Avenida,,ROSARIO,Rosario,S/D,No existe,II,Dentro,Urbana,Semáforo,Funciona,Intersección,Bueno,Reducida,Nocturna,Otro,Lateral,S/D,Colisión,Otro,Vertical,Ninguna,Sin restricción,POINT (-60.701049250000004 -32.970761249999995),"['Bulevar Juan Francisco Seguí', 'Alfredo Rouillón']",2,Bulevar Juan Francisco Seguí; Alfredo Rouillón,-32.970761249999995,-60.70104925,55.0,538.0,Municipio Rosario,Municipio,Rosario,820210,Servicio de Catastro e Información Territorial,IGN
2013,2647,2013-03-17,Domingo,0.0,06:00:00,,0.0,2,"Automóvil,Pickup/Utilitario",Av. Provincias Unidas Y Pasco,2,1,0,0,1,0,0,,Avenida,,ROSARIO,Rosario,Hormigón,No existe,II,Dentro,Urbana,Marca Vial,No existe,Intersección,Bueno,Buena,"Nocturna,Con luz artificial",Buen Tiempo,Lateral,S/D,Colisión,S/D,Horizontal,Cordón divisorio,Sin restricción,POINT (-60.712149999999994 -32.9509506),"['Avenida Provincias Unidas', 'Pasco']",2,Avenida Provincias Unidas; Pasco,-32.9509506,-60.71215,55.0,538.0,Municipio Rosario,Municipio,Rosario,820210,Servicio de Catastro e Información Territorial,IGN
2013,2655,2013-03-01,Viernes,0.0,14:30:00,,0.0,2,"Moto/Ciclomotor,Peatón",Bv. Segui Y Garzon,2,1,0,0,1,0,0,,Avenida,,ROSARIO,Rosario,S/D,No existe,II,Dentro,Urbana,Semáforo,Funciona,Intersección,Deteriorada,Buena,Diurna,Otro,Lateral,S/D,Atropello,S/D,Vertical,Ninguna,Sin restricción,POINT (-60.70447655 -32.97085324999999),"['Bulevar Juan Francisco Seguí', 'Garzón']",2,Bulevar Juan Francisco Seguí; Garzón,-32.97085324999999,-60.70447655,55.0,538.0,Municipio Rosario,Municipio,Rosario,820210,Servicio de Catastro e Información Territorial,IGN
2013,2658,2013-03-27,Miercoles,0.0,20:10:00,,0.0,2,"Automóvil,Peatón",Av. Casiano Casas 1973,2,1,0,0,1,0,0,,Avenida,,ROSARIO,Rosario,Asfalto,No existe,II,S/D,Urbana,Ninguna,No existe,Recta,Bueno,Buena,Nocturna,Buen Tiempo,Otro,S/D,Atropello,Otro,Faltante,Ninguna,Sin restricción,"-32.8974373375, -60.7144411625",['Casiano Casas 1973'],1,Casiano Casas 1973,-32.8974373375,-60.7144411625,55.0,538.0,Municipio Rosario,Municipio,Rosario,820210,Servicio de Catastro e Información Territorial,IGN
2013,2663,2013-03-23,Sabado,0.0,12:00:00,,0.0,2,"Automóvil,Moto/Ciclomotor",Galvez Y Paraguay,4,3,0,0,1,0,0,,Calle,,ROSARIO,Rosario,Asfalto,S/D,II,Dentro,Urbana,S/D,S/D,Intersección,Bueno,S/D,S/D,S/D,De alcance,S/D,Colisión,S/D,S/D,Barrera de hormigón,Sin restricción,POINT (-60.64936409999999 -32.9677811),"['Galvez', 'Paraguay']",2,José Gálvez; Paraguay,-32.9677811,-60.64936409999999,55.0,538.0,Municipio Rosario,Municipio,Rosario,820210,Servicio de Catastro e Información Territorial,IGN
2013,2664,2013-03-19,Martes,0.0,14:55:00,,0.0,3,"Automóvil,Camión,Transporte de Pasajeros Urbano (> 8 asientos)",Av. Ovidio Lagos Y Av. Battle y Ordoñez,3,1,0,0,2,0,0,,Avenida,,ROSARIO,Rosario,Asfalto,Pavimento,II,Dentro,Urbana,Otra Señal,Funciona,Recta,Deteriorada,Buena,Diurna,Buen Tiempo,Múltiple,S/D,Colisión,S/D,Horizontal,Línea divisoria pintada,Reparación de Vía,POINT (-60.677360275 -33.009728399999986),"['Avenida Ovidio Lagos', 'Avenida Battle y Ordoñez']",2,Avenida Ovidio Lagos; Avenida Battle y Ordoñez,-33.009728399999986,-60.677360275,55.0,538.0,Municipio Rosario,Municipio,Rosario,820210,Servicio de Catastro e Información Territorial,IGN
2013,2665,2013-03-21,Jueves,0.0,18:00:00,,0.0,2,"Bicicleta,Pickup/Utilitario",Sarmiento 2400,2,1,0,0,1,0,0,,Calle,,ROSARIO,Rosario,Asfalto,S/D,II,Dentro,Urbana,S/D,S/D,Recta,Bueno,S/D,S/D,Buen Tiempo,S/D,S/D,Atropello,S/D,S/D,Barrera de hormigón,S/D,"-32.9651905, -60.6429321",['Sarmiento 2400'],1,Sarmiento 2400,-32.9651905,-60.6429321,55.0,538.0,Municipio Rosario,Municipio,Rosario,820210,Servicio de Catastro e Información Territorial,IGN
2013,2666,2013-03-14,Jueves,0.0,12:00:00,,0.0,3,"Automóvil,Pickup/Utilitario,Pickup/Utilitario",Av. Corrientes Y Galvez,5,4,0,0,1,0,0,,Avenida,,ROSARIO,Rosario,Asfalto,S/D,II,Dentro,Urbana,S/D,S/D,Intersección,S/D,S/D,S/D,S/D,Frontal,S/D,Colisión,S/D,S/D,Barrera de hormigón,Sin restricción,POINT (-60.64797829999999 -32.968026599999995),"['Corrientes', 'Galvez']",2,Corrientes; José Gálvez,-32.968026599999995,-60.64797829999999,55.0,538.0,Municipio Rosario,Municipio,Rosario,820210,Servicio de Catastro e Información Territorial,IGN
2013,2671,2013-03-21,Jueves,0.0,11:00:00,,0.0,1,,Santiago Y Bv. Segui,2,1,0,0,1,0,0,,Calle,,ROSARIO,Rosario,Asfalto,No existe,II,Dentro,Urbana,Ninguna,No existe,Intersección,Bueno,Buena,Diurna,S/D,Lateral,S/D,Colisión,S/D,Faltante,S/D,Sin restricción,POINT (-60.66421355000001 -32.97588705),"['Santiago', 'Bulevar Juan Francisco Seguí']",2,Santiago; Bulevar Juan Francisco Seguí,-32.97588705,-60.66421355000001,55.0,538.0,Municipio Rosario,Municipio,Rosario,820210,Servicio de Catastro e Información Territorial,IGN
2013,2672,2013-03-01,Viernes,0.0,09:00:00,,0.0,2,"Automóvil,Moto/Ciclomotor",Viamonte Y Av. Corrientes,2,1,0,0,1,0,0,,Avenida,,ROSARIO,Rosario,Asfalto,S/D,II,Dentro,Urbana,S/D,S/D,Intersección,Bueno,Buena,Diurna,Buen Tiempo,Lateral,S/D,Colisión,S/D,S/D,S/D,Sin restricción,POINT (-60.6471065 -32.96460619999999),"['Viamonte', 'Corrientes']",2,Viamonte; Corrientes,-32.96460619999999,-60.6471065,55.0,538.0,Municipio Rosario,Municipio,Rosario,820210,Servicio de Catastro e Información Territorial,IGN
2013,2673,2013-03-01,Viernes,0.0,20:20:00,,0.0,2,"Automóvil,Moto/Ciclomotor",Pte.Roca Y Cochabamba,2,1,0,0,1,0,0,,Calle,,ROSARIO,Rosario,Asfalto,S/D,II,Dentro,Urbana,S/D,S/D,Intersección,Bueno,S/D,S/D,Buen Tiempo,Frontal,S/D,Colisión,S/D,S/D,Barrera de hormigón,Sin restricción,POINT (-60.6481136 -32.957187099999985),"['Roca', 'Cochabamba']",2,Presidente Roca; Cochabamba,-32.957187099999985,-60.6481136,55.0,538.0,Municipio Rosario,Municipio,Rosario,820210,Servicio de Catastro e Información Territorial,IGN
2013,2675,2013-03-02,Sabado,0.0,14:00:00,,0.0,2,"Moto/Ciclomotor,Pickup/Utilitario",Italia Y Virasoro,3,2,0,0,1,0,0,,Calle,,ROSARIO,Rosario,Asfalto,S/D,II,Dentro,Urbana,S/D,S/D,Recta,Bueno,S/D,S/D,S/D,S/D,S/D,Colisión,S/D,S/D,Barrera de hormigón,Sin restricción,POINT (-60.65378160000001 -32.9681924),"['Italia', 'Virasoro']",2,Italia; Benjamín Virasoro,-32.9681924,-60.65378160000001,55.0,538.0,Municipio Rosario,Municipio,Rosario,820210,Servicio de Catastro e Información Territorial,IGN
2013,2685,2013-03-02,Sabado,0.0,19:00:00,,0.0,2,"Automóvil,Moto/Ciclomotor",Paraguay Y Cochabamba,3,1,0,0,2,0,0,,Calle,,ROSARIO,Rosario,Asfalto,S/D,II,Dentro,Urbana,S/D,S/D,Intersección,Bueno,S/D,S/D,Buen Tiempo,Lateral,S/D,Colisión,S/D,S/D,Barrera de hormigón,Sin restricción,POINT (-60.646751300000005 -32.9574353),"['Paraguay', 'Cochabamba']",2,Paraguay; Cochabamba,-32.9574353,-60.646751300000005,55.0,538.0,Municipio Rosario,Municipio,Rosario,820210,Servicio de Catastro e Información Territorial,IGN
2013,2686,2013-03-02,Sabado,0.0,06:30:00,,0.0,2,"Peatón,Automóvil",Dorrego Y Av. Pellegrini,2,1,0,0,1,0,0,,Avenida,,ROSARIO,Rosario,Asfalto,S/D,II,Dentro,Urbana,S/D,S/D,Recta,Bueno,Buena,Diurna,S/D,Otro,S/D,Atropello,S/D,S/D,Barrera de hormigón,S/D,POINT (-60.6519337 -32.95532245),"['Dorrego', 'Pellegrini']",2,Manuel Dorrego; Avenida Carlos Pellegrini,-32.95532245,-60.6519337,55.0,538.0,Municipio Rosario,Municipio,Rosario,820210,Servicio de Catastro e Información Territorial,IGN
2013,2689,2013-03-02,Sabado,0.0,12:30:00,,0.0,2,"Bicicleta,Pickup/Utilitario",Suipacha Y Pje. Rosarino,2,1,0,0,1,0,0,,Calle,,ROSARIO,Rosario,Asfalto,S/D,II,Dentro,Urbana,S/D,S/D,Recta,Bueno,Buena,Diurna,Buen Tiempo,S/D,S/D,Atropello,S/D,S/D,S/D,S/D,POINT (-60.670224 -32.965796499999996),"['Suipacha', 'Rosarino']",2,Suipacha; Rosarino,-32.9657965,-60.670224,55.0,538.0,Municipio Rosario,Municipio,Rosario,820210,Servicio de Catastro e Información Territorial,IGN
2013,2690,2013-03-04,Lunes,0.0,15:15:00,,0.0,2,"Automóvil,Automóvil",Av. Pellegrini Y Av. Francia,2,1,0,0,1,0,0,,Avenida,,ROSARIO,Rosario,Asfalto,S/D,II,Dentro,Urbana,S/D,Funciona,Intersección,Bueno,S/D,S/D,S/D,De alcance,S/D,Colisión,S/D,Vertical,S/D,S/D,POINT (-60.668265950000006 -32.95238069999999),"['Pellegrini', 'Avenida Francia']",2,Avenida Carlos Pellegrini; Avenida Francia,-32.95238069999999,-60.668265950000006,55.0,538.0,Municipio Rosario,Municipio,Rosario,820210,Servicio de Catastro e Información Territorial,IGN
2013,2702,2013-03-05,Martes,0.0,18:30:00,,0.0,2,"Automóvil,Automóvil",Ocampo Y Av. Ovidio Lagos,4,2,0,0,2,0,0,,Avenida,,ROSARIO,Rosario,Asfalto,S/D,II,Dentro,Urbana,S/D,S/D,Recta,Bueno,Buena,Diurna,S/D,De alcance,S/D,Colisión,S/D,S/D,S/D,S/D,POINT (-60.666322 -32.96231790000001),"['Ocampo', 'Avenida Ovidio Lagos']",2,Ocampo; Avenida Ovidio Lagos,-32.96231790000001,-60.666322,55.0,538.0,Municipio Rosario,Municipio,Rosario,820210,Servicio de Catastro e Información Territorial,IGN
2013,2706,2013-03-06,Miercoles,1.0,09:00:00,,0.0,1,Moto/Ciclomotor,Av. D.Infante ,2,2,0,0,0,0,0,,Avenida,,ROSARIO,Rosario,Asfalto,S/D,II,Dentro,Urbana,S/D,S/D,Recta,Bueno,Buena,Diurna,S/D,S/D,S/D,Despiste,S/D,S/D,S/D,Sin restricción,"-32.9549987, -60.6627825",['D Infante'],1,D Infante,-32.9549987,-60.6627825,55.0,538.0,Municipio Rosario,Municipio,Rosario,820210,Servicio de Catastro e Información Territorial,IGN