anio_acci,nro_acci,fecha,desc_dia,fecha_aprox,hora_aprox,desc_ruta,km,cant_participantes,desc_participante,calle_avenida_km,total,heridos_leves,heridos_graves,heridos_gravisimos,ilesos,fallecidos,sin_datos,posicion_XY,desc_tipo_via,desc_ruta_ori,desc_loc,desc_dpto,desc_tipo_calzada,desc_tipo_banquina,desc_unidad_regional,desc_lugar_calzada,desc_zona,desc_prioridad,desc_estado_semaforo,desc_lugar_via,desc_estado_via,desc_estado_visibilidad,desc_luminosidad,desc_estado_clima,desc_tipo_colision,desc_tipo_atropello,desc_tipo_hecho,desc_pres_calzada,desc_senializacion,desc_separacion_via,desc_restriccion,forma_geocod,calle_lista,numero_calles,calles_osm,lat,lon,index_right,gid,fna,gna,nam,in1,fdc,sag
2013,2708,2013-03-07,Jueves,0.0,13:20:00,,0.0,2,"Automóvil,Transporte de Pasajeros Urbano (> 8 asientos)",Bv. 27 De Febrero Y Balcarce,2,1,0,0,1,0,0,,Avenida,,ROSARIO,Rosario,Asfalto,S/D,II,Dentro,Urbana,S/D,S/D,Intersección,Bueno,Buena,Diurna,S/D,Lateral,S/D,Colisión,S/D,S/D,S/D,Sin restricción,POINT (-60.6572501 -32.9651418),"['27 de Febrero', 'Balcarce']",2,Bulevar 27 de Febrero; Balcarce,-32.9651418,-60.6572501,55.0,538.0,Municipio Rosario,Municipio,Rosario,820210,Servicio de Catastro e Información Territorial,IGN
2013,2713,2013-03-06,Miercoles,0.0,23:30:00,,0.0,2,"Moto/Ciclomotor,Automóvil",Laprida Y Ameghino,3,2,0,0,1,0,0,,Calle,,ROSARIO,Rosario,Asfalto,S/D,II,Dentro,Urbana,Ninguna,No existe,Intersección,Con baches,S/D,Nocturna,S/D,Lateral,S/D,Colisión,S/D,S/D,Ninguna,Sin restricción,POINT (-60.644456700000006 -32.98781970000001),"['Laprida', 'Ameghino']",2,Francisco Narciso Laprida; Ameghino,-32.98781970000001,-60.644456700000006,55.0,538.0,Municipio Rosario,Municipio,Rosario,820210,Servicio de Catastro e Información Territorial,IGN
2013,2717,2013-03-14,Jueves,0.0,16:35:00,,0.0,2,"Moto/Ciclomotor,Camión",Ayacucho Y Estado de Israel,2,1,0,0,1,0,0,,Calle,,ROSARIO,Rosario,Asfalto,No existe,II,Dentro,Urbana,Ninguna,No existe,Intersección,Bueno,Buena,Diurna,S/D,Frontal,S/D,Colisión,S/D,S/D,Ninguna,Sin restricción,POINT (-60.63690499999999 -32.99147149999999),"['Ayacucho', 'Estado de Israel']",2,Ayacucho; Estado de Israel,-32.99147149999999,-60.63690499999999,55.0,538.0,Municipio Rosario,Municipio,Rosario,820210,Servicio de Catastro e Información Territorial,IGN
2013,2719,2013-03-05,Martes,0.0,09:00:00,,0.0,2,"Automóvil,Camión",Av. Arijon Y Ayacucho,2,1,0,0,1,0,0,,Avenida,,ROSARIO,Rosario,S/D,No existe,II,Dentro,Urbana,Semáforo,Funciona,Intersección,Bueno,Buena,Diurna,Buen Tiempo,S/D,S/D,Colisión,S/D,Horizontal,Ninguna,Sin restricción,POINT (-60.6360487 -33.00266679999999),"['Avenida Manuel Arijón', 'Ayacucho']",2,Avenida Manuel Arijón; Ayacucho,-33.00266679999999,-60.6360487,55.0,538.0,Municipio Rosario,Municipio,Rosario,820210,Servicio de Catastro e Información Territorial,IGN
2013,2721,2013-03-27,Miercoles,0.0,21:00:00,,0.0,2,"Automóvil,Pickup/Utilitario",Reg.11 de Infanteria Y Pavon,2,1,0,0,1,0,0,,Calle,,ROSARIO,Rosario,Asfalto,Pavimento,II,Dentro,Urbana,Ninguna,No existe,Intersección,Bueno,Buena,Diurna,Buen Tiempo,Lateral,S/D,Colisión,S/D,Faltante,Barrera de hormigón,Sin restricción,POINT (-60.634243600000005 -32.99837819999998),"['Regimiento 11', 'Pavón']",2,Regimiento 11; Pavón,-32.99837819999998,-60.634243600000005,55.0,538.0,Municipio Rosario,Municipio,Rosario,820210,Servicio de Catastro e Información Territorial,IGN
2013,2723,2013-03-17,Domingo,0.0,08:50:00,,0.0,2,"Automóvil,Moto/Ciclomotor",Roullon Y Bielsa,3,2,0,0,1,0,0,,Calle,,ROSARIO,Rosario,Asfalto,No existe,II,Dentro,Urbana,Ninguna,No existe,Intersección,Bueno,Buena,Diurna,S/D,Lateral,S/D,Colisión,S/D,Faltante,Ninguna,Sin restricción,POINT (-60.7029251 -32.9234882),"['Alfredo Rouillón', 'Bielsa']",2,Alfredo Rouillón; Bielsa,-32.9234882,-60.7029251,55.0,538.0,Municipio Rosario,Municipio,Rosario,820210,Servicio de Catastro e Información Territorial,IGN
2013,2725,2013-03-22,Viernes,0.0,12:25:00,,0.0,1,Moto/Ciclomotor,Av. Ntra.Sra.del Rosario Y ,2,1,0,0,1,0,0,,Avenida,,ROSARIO,Rosario,Asfalto,No existe,II,Dentro,Urbana,Ninguna,No existe,Intersección,Bueno,Buena,Diurna,Buen Tiempo,Lateral,S/D,Colisión,S/D,Faltante,Barrera de hormigón,Sin restricción,"-32.9979308, -60.620699",['Nuestra Señora del Rosario'],1,Nuestra Señora del Rosario,-32.9979308,-60.620699,55.0,538.0,Municipio Rosario,Municipio,Rosario,820210,Servicio de Catastro e Información Territorial,IGN
2013,2727,2013-03-19,Martes,0.0,16:40:00,,0.0,2,"Pickup/Utilitario,Transporte de Pasajeros Urbano (> 8 asientos)",Anchorena Y Ayacucho,2,1,0,0,1,0,0,,Calle,,ROSARIO,Rosario,Asfalto,No existe,II,Dentro,Urbana,Ninguna,No existe,Intersección,Bueno,Buena,Diurna,Buen Tiempo,Lateral,S/D,Colisión,S/D,Faltante,Barrera de hormigón,Sin restricción,POINT (-60.63653260000001 -32.9974085),"['Anchorena', 'Ayacucho']",2,Tomás de Anchorena; Ayacucho,-32.9974085,-60.63653260000001,55.0,538.0,Municipio Rosario,Municipio,Rosario,820210,Servicio de Catastro e Información Territorial,IGN
2013,2728,2013-03-20,Miercoles,0.0,,,0.0,2,"Taxi/Remis,Automóvil",Junin 2300,3,1,0,0,2,0,0,,Calle,,ROSARIO,Rosario,Asfalto,No existe,II,S/D,Urbana,Semáforo,Funciona,Recta,Bueno,Buena,Diurna,S/D,Frontal,S/D,Colisión,S/D,Horizontal,Ninguna,Sin restricción,"-32.9270243, -60.6924164",['Junin 2300'],1,Junin 2300,-32.9270243,-60.6924164,55.0,538.0,Municipio Rosario,Municipio,Rosario,820210,Servicio de Catastro e Información Territorial,IGN
2013,2730,2013-03-18,Lunes,0.0,15:15:00,,0.0,2,"Moto/Ciclomotor,Automóvil",Hilarion de la Quintana Y Salva,2,1,0,0,1,0,0,,Calle,,ROSARIO,Rosario,Asfalto,No existe,II,Dentro,Urbana,Ninguna,No existe,Intersección,Bueno,Buena,Diurna,Buen Tiempo,Lateral,S/D,Colisión,S/D,Faltante,Barrera de hormigón,Sin restricción,POINT (-60.640304 -33.00067959999999),"['Hilarión de la Quintana', 'Salva']",2,Hilarión de la Quintana; Salvat,-33.00067959999999,-60.640304,55.0,538.0,Municipio Rosario,Municipio,Rosario,820210,Servicio de Catastro e Información Territorial,IGN
2013,2732,2013-03-23,Sabado,0.0,,,0.0,2,"Moto/Ciclomotor,Automóvil",Campichuelo Y F.More,3,1,0,0,2,0,0,,Calle,,ROSARIO,Rosario,Asfalto,No existe,II,S/D,Urbana,Ninguna,No existe,Intersección,Bueno,S/D,S/D,S/D,Lateral,S/D,Colisión,S/D,Faltante,Ninguna,Sin restricción,POINT (-60.69402769999999 -32.92490949999999),"['Campichuelo', 'Felipe Moré']",2,Campichuelo; Felipe Moré,-32.92490949999999,-60.69402769999999,55.0,538.0,Municipio Rosario,Municipio,Rosario,820210,Servicio de Catastro e Información Territorial,IGN
2013,2735,2013-03-17,Domingo,0.0,23:30:00,,0.0,2,"Moto/Ciclomotor,Automóvil",Ayacucho Y Hilarion de la Quintana,2,1,0,0,1,0,0,,Calle,,ROSARIO,Rosario,Asfalto,No existe,II,Dentro,Urbana,S/D,Intermitente,Intersección,Bueno,Buena,Nocturna,Buen Tiempo,Lateral,S/D,Colisión,S/D,Vertical,Barrera de hormigón,Sin restricción,POINT (-60.6362352 -33.0005716),"['Ayacucho', 'Hilarión de la Quintana']",2,Ayacucho; Hilarión de la Quintana,-33.0005716,-60.6362352,55.0,538.0,Municipio Rosario,Municipio,Rosario,820210,Servicio de Catastro e Información Territorial,IGN
2013,2738,2013-03-06,Miercoles,0.0,13:50:00,,0.0,2,"Automóvil,Moto/Ciclomotor",Brasil Y F.M.Esquiu,4,2,0,0,2,0,0,,Calle,,ROSARIO,Rosario,Hormigón,S/D,II,Dentro,Urbana,Ninguna,Funciona,Recta,Bueno,Buena,Diurna,Buen Tiempo,Frontal,S/D,Colisión,S/D,Vertical,Barrera de hormigón,Sin restricción,POINT (-60.7203223 -32.92333039999999),"['Brasil', 'Esquiú']",2,Brasil; Esquiú,-32.92333039999999,-60.7203223,55.0,538.0,Municipio Rosario,Municipio,Rosario,820210,Servicio de Catastro e Información Territorial,IGN
2013,2741,2013-03-07,Jueves,0.0,21:45:00,,0.0,2,"Moto/Ciclomotor,Moto/Ciclomotor",Velez Sarsfield Y Av. Provincias Unidas,2,1,0,0,1,0,0,,Avenida,,ROSARIO,Rosario,Hormigón,S/D,II,S/D,Urbana,Ninguna,Funciona,Recta,Bueno,Buena,Nocturna,Buen Tiempo,Frontal,S/D,Colisión,S/D,S/D,Barrera de hormigón,Sin restricción,POINT (-60.7132322 -32.92604335),"['Vélez Sarsfield', 'Avenida Provincias Unidas']",2,Vélez Sarsfield; Avenida Provincias Unidas,-32.92604335,-60.7132322,55.0,538.0,Municipio Rosario,Municipio,Rosario,820210,Servicio de Catastro e Información Territorial,IGN
2013,2745,2013-03-12,Martes,0.0,13:00:00,,0.0,2,"Automóvil,Automóvil",Arevalo Y Av. Provincias Unidas,3,1,0,0,2,0,0,,Avenida,,ROSARIO,Rosario,Hormigón,S/D,II,Dentro,Urbana,S/D,Funciona,Recta,Bueno,Buena,S/D,Buen Tiempo,Frontal,S/D,Colisión,S/D,S/D,Barrera de hormigón,Sin restricción,POINT (-60.713046500000004 -32.9306845),"['Arévalo', 'Avenida Provincias Unidas']",2,Arévalo; Avenida Provincias Unidas,-32.9306845,-60.7130465,55.0,538.0,Municipio Rosario,Municipio,Rosario,820210,Servicio de Catastro e Información Territorial,IGN
2013,2749,2013-03-30,Sabado,0.0,21:45:00,,0.0,2,"Moto/Ciclomotor,Automóvil",Abanderado Grandoli Y Sanchez de Thompson,2,1,0,0,1,0,0,,Calle,,ROSARIO,Rosario,Asfalto,Pavimento,II,Dentro,Urbana,S/D,No existe,Intersección,Bueno,S/D,Nocturna,Buen Tiempo,Lateral,S/D,Colisión,S/D,Faltante,Barrera de hormigón,Sin restricción,POINT (-60.62861240000001 -32.9925495),"['Avenida Abanderado Grandoli', 'Sánchez de Thomson']",2,Avenida Abanderado Grandoli; Sánchez de Thomson,-32.9925495,-60.62861240000001,55.0,538.0,Municipio Rosario,Municipio,Rosario,820210,Servicio de Catastro e Información Territorial,IGN
2013,2750,2013-03-25,Lunes,0.0,20:55:00,,0.0,2,"Moto/Ciclomotor,Automóvil",Abanderado Grandoli Y Pte.Quintana,3,2,0,0,1,0,0,,Calle,,ROSARIO,Rosario,Asfalto,No existe,II,Dentro,Urbana,Marca Vial,No existe,Intersección,Bueno,Buena,"Nocturna,Con luz artificial",Buen Tiempo,Lateral,S/D,Colisión,Otro,Vertical,Ninguna,Sin restricción,POINT (-60.628233550000004 -32.985896600000004),"['Avenida Abanderado Grandoli', 'Quintana']",2,Avenida Abanderado Grandoli; Presidente Quintana,-32.985896600000004,-60.62823355,55.0,538.0,Municipio Rosario,Municipio,Rosario,820210,Servicio de Catastro e Información Territorial,IGN
2013,2753,2013-03-21,Jueves,0.0,15:15:00,,0.0,2,"Peatón,Moto/Ciclomotor",Entre Rios Y Lamadrid,2,2,0,0,0,0,0,,Calle,,ROSARIO,Rosario,Asfalto,No existe,II,Dentro,Urbana,Ninguna,S/D,Intersección,Bueno,Buena,Diurna,S/D,Lateral,S/D,Atropello,S/D,S/D,S/D,Sin restricción,POINT (-60.6519856 -32.99718940000001),"['Entre Ríos', 'Lamadrid']",2,Entre Ríos; Gregorio Aráoz de Lamadrid,-32.99718940000001,-60.6519856,55.0,538.0,Municipio Rosario,Municipio,Rosario,820210,Servicio de Catastro e Información Territorial,IGN
2013,2754,2013-03-23,Sabado,0.0,10:35:00,,0.0,2,"Moto/Ciclomotor,Camión",Necochea Y Pte.Quintana,3,1,0,1,1,0,0,,Calle,,ROSARIO,Rosario,Asfalto,No existe,II,Dentro,Urbana,Marca Vial,No existe,Intersección,Bueno,Buena,Diurna,Buen Tiempo,Lateral,S/D,Colisión,Otro,Vertical,Línea divisoria pintada,Sin restricción,POINT (-60.6332612 -32.9850252),"['Necochea', 'Quintana']",2,Necochea; Presidente Quintana,-32.9850252,-60.6332612,55.0,538.0,Municipio Rosario,Municipio,Rosario,820210,Servicio de Catastro e Información Territorial,IGN
2013,2755,2013-03-20,Miercoles,0.0,17:30:00,,0.0,2,"Bicicleta,Automóvil",San Martin Y Ameghino,2,1,0,0,1,0,0,,Calle,,ROSARIO,Rosario,Asfalto,No existe,II,Dentro,Urbana,Semáforo,Funciona,Intersección,Bueno,Buena,Atardecer,Buen Tiempo,Frontal,S/D,Atropello,S/D,Vertical,Ninguna,Sin restricción,POINT (-60.6460194 -32.987542250000004),"['San Martin', 'Ameghino']",2,José de San Martín; Ameghino,-32.987542250000004,-60.6460194,55.0,538.0,Municipio Rosario,Municipio,Rosario,820210,Servicio de Catastro e Información Territorial,IGN
2013,2756,2013-03-23,Sabado,0.0,10:45:00,,0.0,2,"Moto/Ciclomotor,Pickup/Utilitario",Laprida Y Ayolas,2,1,0,0,1,0,0,,Calle,,ROSARIO,Rosario,Asfalto,No existe,II,Dentro,Urbana,Marca Vial,No existe,Intersección,Bueno,Buena,Diurna,Buen Tiempo,Lateral,S/D,Colisión,Otro,Vertical,Línea divisoria pintada,Sin restricción,POINT (-60.64185640000001 -32.97749820000001),"['Laprida', 'Ayolas']",2,Francisco Narciso Laprida; Ayolas,-32.97749820000001,-60.64185640000001,55.0,538.0,Municipio Rosario,Municipio,Rosario,820210,Servicio de Catastro e Información Territorial,IGN
2013,2757,2013-03-21,Jueves,0.0,17:20:00,,0.0,2,"Moto/Ciclomotor,Automóvil",Abanderado Grandoli Y Ayolas,2,1,0,0,1,0,0,,Calle,,ROSARIO,Rosario,Asfalto,No existe,II,Dentro,Urbana,Semáforo,Funciona,Intersección,Bueno,Buena,Atardecer,Buen Tiempo,Lateral,S/D,Colisión,Otro,Vertical,Cordón divisorio,Sin restricción,POINT (-60.627759100000006 -32.98002065),"['Avenida Abanderado Grandoli', 'Ayolas']",2,Avenida Abanderado Grandoli; Ayolas,-32.98002065,-60.627759100000006,55.0,538.0,Municipio Rosario,Municipio,Rosario,820210,Servicio de Catastro e Información Territorial,IGN
2013,2761,2013-03-21,Jueves,0.0,19:00:00,,0.0,2,"Moto/Ciclomotor,Automóvil",Grandoli Y Dr.Rivas,3,2,0,0,1,0,0,,Calle,,ROSARIO,Rosario,Asfalto,No existe,II,Dentro,Urbana,Marca Vial,No existe,Intersección,Bueno,Buena,Atardecer,Buen Tiempo,Lateral,S/D,Colisión,S/D,Vertical,Cordón divisorio,Sin restricción,POINT (-60.62830819999999 -32.98712985),"['Avenida Abanderado Grandoli', 'Doctor Francisco Riva']",2,Avenida Abanderado Grandoli; Doctor Francisco Riva,-32.98712985,-60.62830819999999,55.0,538.0,Municipio Rosario,Municipio,Rosario,820210,Servicio de Catastro e Información Territorial,IGN
2013,2763,2013-03-19,Martes,0.0,20:00:00,,0.0,2,"Moto/Ciclomotor,Automóvil",Milan Y Dorrego,4,3,0,0,1,0,0,,Calle,,ROSARIO,Rosario,Asfalto,No existe,II,Dentro,Urbana,Semáforo,No existe,Intersección,Bueno,Buena,Nocturna,S/D,Lateral,S/D,Colisión,S/D,Faltante,Ninguna,Sin restricción,POINT (-60.6603623 -32.98856709999998),"['Milán', 'Dorrego']",2,Milán; Manuel Dorrego,-32.98856709999998,-60.6603623,55.0,538.0,Municipio Rosario,Municipio,Rosario,820210,Servicio de Catastro e Información Territorial,IGN
2013,2765,2013-03-19,Martes,0.0,15:40:00,,0.0,2,"Automóvil,Moto/Ciclomotor",Callao 3800,3,2,0,0,1,0,0,,Calle,,ROSARIO,Rosario,Asfalto,No existe,II,Dentro,Urbana,Ninguna,No existe,Intersección,Bueno,Buena,Diurna,S/D,Lateral,S/D,Colisión,S/D,Faltante,Ninguna,Sin restricción,"-32.9772867, -60.6689288",['Callao 3800'],1,Callao 3800,-32.9772867,-60.6689288,55.0,538.0,Municipio Rosario,Municipio,Rosario,820210,Servicio de Catastro e Información Territorial,IGN
2013,2766,2013-03-20,Miercoles,0.0,12:30:00,,0.0,2,"Bicicleta,Automóvil",Necochea Y Galvez,2,1,0,0,1,0,0,,Calle,,ROSARIO,Rosario,Asfalto,No existe,II,Dentro,Urbana,Marca Vial,No existe,Intersección,Bueno,Buena,Diurna,Buen Tiempo,S/D,S/D,Atropello,Otro,Vertical,Línea divisoria pintada,Sin restricción,POINT (-60.6297931 -32.9712582),"['Necochea', 'Galvez']",2,Necochea; José Gálvez,-32.9712582,-60.6297931,55.0,538.0,Municipio Rosario,Municipio,Rosario,820210,Servicio de Catastro e Información Territorial,IGN
2013,2770,2013-03-25,Lunes,0.0,12:30:00,,0.0,2,"Automóvil,Moto/Ciclomotor",Guatemala Y Pje. Einstein,2,1,0,0,1,0,0,,Calle,,ROSARIO,Rosario,Asfalto,No existe,II,S/D,Urbana,Ninguna,No existe,Intersección,Bueno,Buena,Diurna,Buen Tiempo,De alcance,S/D,Colisión,S/D,S/D,Ninguna,Sin restricción,POINT (-60.7179643 -32.92498899999999),"['Guatemala', 'Einstein']",2,Guatemala; Albert Einstein,-32.92498899999999,-60.7179643,55.0,538.0,Municipio Rosario,Municipio,Rosario,820210,Servicio de Catastro e Información Territorial,IGN
2013,2779,2013-03-29,Viernes,0.0,02:30:00,,0.0,2,"Automóvil,Moto/Ciclomotor",Av. Eva Peron Y Av. Circunvalacion,3,1,1,0,1,0,0,,Avenida,,ROSARIO,Rosario,Hormigón,S/D,II,Dentro,Urbana,Ninguna,Funciona,Recta,Bueno,Buena,Nocturna,Buen Tiempo,Frontal,S/D,Colisión,S/D,S/D,Barrera de hormigón,Sin restricción,POINT (-60.7231582311677 -32.931126055841574),"['Avenida Eva Perón', 'Circunvalacion']",2,Avenida Eva Perón; Avenida de Circunvalación 25 de Mayo,-32.931126055841574,-60.7231582311677,55.0,538.0,Municipio Rosario,Municipio,Rosario,820210,Servicio de Catastro e Información Territorial,IGN
2013,2782,2013-03-19,Martes,0.0,13:45:00,,0.0,1,,Sarmiento Y Pje. Ivanowsky,3,1,0,0,2,0,0,,Calle,,ROSARIO,Rosario,Asfalto,No existe,II,Dentro,Urbana,S/D,No existe,Intersección,Bueno,Buena,Diurna,S/D,Lateral,S/D,Colisión,S/D,Faltante,Ninguna,Sin restricción,POINT (-60.647397700000006 -32.9830951),"['Sarmiento', 'Ivanowski']",2,Sarmiento; Ivanowski,-32.9830951,-60.647397700000006,55.0,538.0,Municipio Rosario,Municipio,Rosario,820210,Servicio de Catastro e Información Territorial,IGN
2013,2785,2013-03-26,Martes,0.0,18:00:00,,0.0,2,"Moto/Ciclomotor,Peatón",J.J.Paso Y Sarratea Bis,2,2,0,0,0,0,0,,Calle,,ROSARIO,Rosario,Asfalto,No existe,II,Dentro,Urbana,Semáforo,Funciona,Intersección,Bueno,Buena,Atardecer,Buen Tiempo,S/D,S/D,Atropello,S/D,S/D,Ninguna,Sin restricción,POINT (-60.7413166 -32.921011099999994),"['Paso', 'Sarratea']",2,Avenida Juan José Paso; Sarratea,-32.921011099999994,-60.7413166,55.0,538.0,Municipio Rosario,Municipio,Rosario,820210,Servicio de Catastro e Información Territorial,IGN
2013,2789,2013-03-19,Martes,0.0,13:45:00,,0.0,2,"Automóvil,Moto/Ciclomotor",Sarmiento Y Ivanowski,3,1,0,0,2,0,0,,Calle,,ROSARIO,Rosario,Asfalto,No existe,II,Dentro,Urbana,S/D,No existe,Intersección,Bueno,Buena,Diurna,S/D,Lateral,S/D,Colisión,S/D,Faltante,S/D,Sin restricción,POINT (-60.647397700000006 -32.9830951),"['Sarmiento', 'Ivanowski']",2,Sarmiento; Ivanowski,-32.9830951,-60.647397700000006,55.0,538.0,Municipio Rosario,Municipio,Rosario,820210,Servicio de Catastro e Información Territorial,IGN
2013,2790,2013-03-19,Martes,0.0,12:35:00,,0.0,2,"Peatón,Transporte de Pasajeros Urbano (> 8 asientos)",Bv. Oroño Y Bv. Segui,2,1,0,0,1,0,0,,Avenida,,ROSARIO,Rosario,Asfalto,No existe,II,Dentro,Urbana,Semáforo,Funciona,Intersección,Bueno,Buena,Diurna,S/D,Otro,S/D,Atropello,S/D,Vertical,Ninguna,Sin restricción,POINT (-60.661523700000004 -32.976367025),"['Bulevar Nicasio Oroño', 'Bulevar Juan Francisco Seguí']",2,Bulevar Nicasio Oroño; Bulevar Juan Francisco Seguí,-32.976367025,-60.6615237,55.0,538.0,Municipio Rosario,Municipio,Rosario,820210,Servicio de Catastro e Información Territorial,IGN
2013,2809,2013-03-19,Martes,0.0,00:15:00,,0.0,2,"Moto/Ciclomotor,Automóvil",L.N.Alem Y Biedma,2,1,0,0,1,0,0,,Calle,,ROSARIO,Rosario,Asfalto,No existe,II,Dentro,Urbana,Marca Vial,No existe,Intersección,Bueno,Reducida,"Amanecer,Con luz artificial",Buen Tiempo,Lateral,S/D,Colisión,Otro,Vertical,Línea divisoria pintada,Sin restricción,POINT (-60.637076300000004 -32.9831384),"['Alem', 'Coronel Biedma']",2,Leandro N. Alem; Coronel Biedma,-32.9831384,-60.6370763,55.0,538.0,Municipio Rosario,Municipio,Rosario,820210,Servicio de Catastro e Información Territorial,IGN
2013,2810,2013-03-18,Lunes,0.0,23:00:00,,0.0,2,"Moto/Ciclomotor,Automóvil",Necochea Y Virasoro,2,1,0,0,1,0,0,,Calle,,ROSARIO,Rosario,Asfalto,No existe,II,Dentro,Urbana,Marca Vial,No existe,Intersección,Bueno,Buena,"Nocturna,Con luz artificial",Buen Tiempo,Lateral,S/D,Colisión,Otro,Vertical,Línea divisoria pintada,Sin restricción,POINT (-60.63008000000001 -32.97240299999999),"['Necochea', 'Virasoro']",2,Necochea; Benjamín Virasoro,-32.97240299999999,-60.63008000000001,55.0,538.0,Municipio Rosario,Municipio,Rosario,820210,Servicio de Catastro e Información Territorial,IGN
2013,2824,2013-03-28,Jueves,0.0,16:30:00,,0.0,2,"Moto/Ciclomotor,Automóvil",Mendoza Y Av. Circunvalacion,2,1,0,0,1,0,0,,Avenida,,ROSARIO,Rosario,Asfalto,No existe,II,Dentro,Urbana,Ninguna,Funciona,Recta,Bueno,Buena,Diurna,Buen Tiempo,Lateral,S/D,Colisión,S/D,Horizontal,Cordón divisorio,Sin restricción,POINT (-60.72253500134355 -32.94050844672854),"['Mendoza', 'Circunvalacion']",2,Mendoza; Avenida de Circunvalación 25 de Mayo,-32.94050844672854,-60.72253500134355,55.0,538.0,Municipio Rosario,Municipio,Rosario,820210,Servicio de Catastro e Información Territorial,IGN
2013,2827,2013-03-18,Lunes,0.0,20:00:00,,0.0,2,"Pickup/Utilitario,Moto/Ciclomotor",Santiago Y Bv. Segui,2,1,0,0,1,0,0,,Calle,,ROSARIO,Rosario,Asfalto,No existe,II,Dentro,Urbana,S/D,No existe,Intersección,S/D,S/D,Nocturna,S/D,Lateral,S/D,Colisión,S/D,Faltante,Ninguna,Sin restricción,POINT (-60.66421355000001 -32.97588705),"['Santiago', 'Bulevar Juan Francisco Seguí']",2,Santiago; Bulevar Juan Francisco Seguí,-32.97588705,-60.66421355000001,55.0,538.0,Municipio Rosario,Municipio,Rosario,820210,Servicio de Catastro e Información Territorial,IGN
2013,2828,2013-03-20,Miercoles,0.0,16:00:00,,0.0,2,"Moto/Ciclomotor,Peatón",Mascardi 870,2,1,0,0,1,0,0,,Calle,,ROSARIO,Rosario,Tierra,No existe,II,Dentro,Urbana,Ninguna,No existe,Recta,Con baches,Buena,Diurna,Buen Tiempo,S/D,S/D,Atropello,S/D,Faltante,Ninguna,Sin restricción,"-32.93427245, -60.723951414364464",['Mascardi 870'],1,Mascardi 870,-32.93427245,-60.723951414364464,55.0,538.0,Municipio Rosario,Municipio,Rosario,820210,Servicio de Catastro e Información Territorial,IGN
2013,2829,2013-03-18,Lunes,0.0,13:00:00,,0.0,2,"Bicicleta,Automóvil",San Martin Y Av. Ntra.Sra.del Rosario,2,1,0,0,1,0,0,,Avenida,,ROSARIO,Rosario,Asfalto,No existe,II,Dentro,Urbana,Semáforo,No existe,Intersección,Bueno,Buena,Diurna,S/D,Lateral,S/D,Atropello,S/D,S/D,Ninguna,Sin restricción,POINT (-60.64865950000001 -32.999877549999994),"['San Martin', 'Nuestra Señora del Rosario']",2,José de San Martín; Puente Nuestra Señora del Rosario,-32.999877549999994,-60.64865950000001,55.0,538.0,Municipio Rosario,Municipio,Rosario,820210,Servicio de Catastro e Información Territorial,IGN
2013,2830,2013-03-11,Lunes,0.0,17:00:00,,0.0,2,"Automóvil,Moto/Ciclomotor",Cafferata 1100,2,1,0,0,1,0,0,,S/D,,ROSARIO,Rosario,Asfalto,S/D,II,S/D,Urbana,Semáforo,Funciona,Recta,Bueno,Buena,Diurna,Buen Tiempo,Otro,S/D,Colisión,S/D,Vertical,Cordón divisorio,Sin restricción,"-32.9442008, -60.6719823",['Cafferata 1100'],1,Cafferata 1100,-32.9442008,-60.6719823,55.0,538.0,Municipio Rosario,Municipio,Rosario,820210,Servicio de Catastro e Información Territorial,IGN
2013,2832,2013-03-18,Lunes,0.0,16:00:00,,0.0,2,"Pickup/Utilitario,Moto/Ciclomotor",Av. Corrientes Y Saavedra,2,1,0,0,1,0,0,,Calle,,ROSARIO,Rosario,Asfalto,No existe,II,Dentro,Urbana,S/D,No existe,Intersección,Bueno,S/D,Diurna,S/D,Lateral,S/D,Colisión,S/D,Faltante,S/D,Sin restricción,POINT (-60.6503148 -32.9771937),"['Corrientes', 'Saavedra']",2,Corrientes; Saavedra,-32.9771937,-60.6503148,55.0,538.0,Municipio Rosario,Municipio,Rosario,820210,Servicio de Catastro e Información Territorial,IGN
2013,2833,2013-03-11,Lunes,0.0,12:00:00,,0.0,3,"Automóvil,Taxi/Remis,Moto/Ciclomotor",9 De Julio 3100,3,1,0,0,2,0,0,,Calle,,ROSARIO,Rosario,Asfalto,S/D,II,Dentro,Urbana,Ninguna,S/D,Recta,S/D,Buena,Diurna,Buen Tiempo,"Frontal,Múltiple",S/D,Colisión,S/D,Faltante,Cordón divisorio,Sin restricción,"-32.9489617, -60.6671918",['9 De Julio 3100'],1,9 De Julio 3100,-32.9489617,-60.6671918,55.0,538.0,Municipio Rosario,Municipio,Rosario,820210,Servicio de Catastro e Información Territorial,IGN