anio_acci,nro_acci,fecha,desc_dia,fecha_aprox,hora_aprox,desc_ruta,km,cant_participantes,desc_participante,calle_avenida_km,total,heridos_leves,heridos_graves,heridos_gravisimos,ilesos,fallecidos,sin_datos,posicion_XY,desc_tipo_via,desc_ruta_ori,desc_loc,desc_dpto,desc_tipo_calzada,desc_tipo_banquina,desc_unidad_regional,desc_lugar_calzada,desc_zona,desc_prioridad,desc_estado_semaforo,desc_lugar_via,desc_estado_via,desc_estado_visibilidad,desc_luminosidad,desc_estado_clima,desc_tipo_colision,desc_tipo_atropello,desc_tipo_hecho,desc_pres_calzada,desc_senializacion,desc_separacion_via,desc_restriccion,forma_geocod,calle_lista,numero_calles,calles_osm,lat,lon,index_right,gid,fna,gna,nam,in1,fdc,sag
2013,2991,2013-03-07,Jueves,0.0,12:30:00,,0.0,1,Moto/Ciclomotor,Av. Genova Y Chaco Bis,1,1,0,0,0,0,0,,Avenida,,ROSARIO,Rosario,Asfalto,Pavimento,II,Dentro,Urbana,Ninguna,No existe,Intersección,Bueno,Buena,Diurna,Buen Tiempo,Lateral,S/D,Caída ocupante,S/D,Faltante,Ninguna,Sin restricción,POINT (-60.6964954 -32.9155168),"['Genova', 'Chaco']",2,Avenida Génova; Chaco,-32.9155168,-60.6964954,55.0,538.0,Municipio Rosario,Municipio,Rosario,820210,Servicio de Catastro e Información Territorial,IGN
2013,2992,2013-03-20,Miercoles,0.0,03:45:00,,0.0,1,Moto/Ciclomotor,Av. Provincias Unidas Y Av. Genova,1,0,1,0,0,0,0,,Avenida,,ROSARIO,Rosario,Asfalto,No existe,II,S/D,Urbana,Semáforo,Funciona,Intersección,S/D,S/D,S/D,S/D,S/D,S/D,S/D,S/D,Horizontal,S/D,S/D,POINT (-60.713807349999996 -32.916028749999995),"['Avenida Provincias Unidas', 'Genova']",2,Avenida Provincias Unidas; Avenida Génova,-32.916028749999995,-60.71380735,55.0,538.0,Municipio Rosario,Municipio,Rosario,820210,Servicio de Catastro e Información Territorial,IGN
2013,2993,2013-03-04,Lunes,0.0,06:30:00,,0.0,2,"Bicicleta,Automóvil",Av. Provincias Unidas Y Av. Sorrento,2,1,0,0,0,0,1,,Avenida,,ROSARIO,Rosario,Asfalto,No existe,II,S/D,Urbana,Señal Ceda el Paso,No existe,Rotonda,Bueno,Buena,Amanecer,Buen Tiempo,S/D,S/D,Atropello,S/D,Horizontal,Línea divisoria pintada,Sin restricción,POINT (-60.714102249999996 -32.9083328),"['Avenida Provincias Unidas', 'Sorrento']",2,Avenida Provincias Unidas; Avenida Sorrento,-32.9083328,-60.71410225,55.0,538.0,Municipio Rosario,Municipio,Rosario,820210,Servicio de Catastro e Información Territorial,IGN
2013,2994,2013-03-04,Lunes,0.0,22:00:00,,0.0,2,"Moto/Ciclomotor,Automóvil",Bv. Avellaneda Y Santa Fe,2,1,0,0,1,0,0,,Avenida,,ROSARIO,Rosario,Asfalto,S/D,II,Dentro,Urbana,Semáforo,Funciona,Intersección,Bueno,Buena,"Nocturna,Con luz artificial",Buen Tiempo,Lateral,S/D,Colisión,S/D,Vertical,Cordón divisorio,Sin restricción,POINT (-60.678825950000004 -32.937741700000004),"['Avellaneda', 'Santa Fe']",2,Bulevar Nicolás Avellaneda; Santa Fe,-32.937741700000004,-60.67882595,55.0,538.0,Municipio Rosario,Municipio,Rosario,820210,Servicio de Catastro e Información Territorial,IGN
2013,2995,2013-03-24,Domingo,0.0,11:50:00,,0.0,2,"Automóvil,Pickup/Utilitario",Saavedra Y Av. Corrientes,3,2,0,0,1,0,0,,Avenida,,ROSARIO,Rosario,Asfalto,No existe,II,Dentro,Urbana,Ninguna,No existe,Intersección,Bueno,S/D,Diurna,S/D,Lateral,S/D,Colisión,S/D,Faltante,Ninguna,Sin restricción,POINT (-60.6503148 -32.9771937),"['Saavedra', 'Corrientes']",2,Saavedra; Corrientes,-32.9771937,-60.6503148,55.0,538.0,Municipio Rosario,Municipio,Rosario,820210,Servicio de Catastro e Información Territorial,IGN
2013,2996,2013-03-22,Viernes,0.0,09:10:00,,0.0,2,"Automóvil,Moto/Ciclomotor",Av. Uriburu Y Vuelta De Obligado,2,1,0,0,1,0,0,,Avenida,,ROSARIO,Rosario,Asfalto,No existe,II,Dentro,Urbana,S/D,No existe,Intersección,Bueno,Buena,Diurna,S/D,Lateral,S/D,Colisión,S/D,Faltante,Ninguna,Sin restricción,POINT (-60.663032 -32.99120535),"['Uriburu', 'Vuelta de Obligado']",2,Avenida José Uriburu; Vuelta de Obligado,-32.99120535,-60.663032,55.0,538.0,Municipio Rosario,Municipio,Rosario,820210,Servicio de Catastro e Información Territorial,IGN
2013,2997,2013-03-05,Martes,0.0,20:25:00,,0.0,2,"Moto/Ciclomotor,Moto/Ciclomotor",J.J.Paso Y P.L.Funes,3,3,0,0,0,0,0,,Calle,,ROSARIO,Rosario,Asfalto,No existe,II,S/D,Urbana,Ninguna,No existe,Intersección,Bueno,Buena,Nocturna,Buen Tiempo,Lateral,S/D,Colisión,S/D,Faltante,Ninguna,Sin restricción,POINT (-60.7019811 -32.9199072),"['Paso', 'Funes']",2,Avenida Juan José Paso; Deán Gregorio Funes,-32.9199072,-60.7019811,55.0,538.0,Municipio Rosario,Municipio,Rosario,820210,Servicio de Catastro e Información Territorial,IGN
2013,2998,2013-03-06,Miercoles,0.0,14:50:00,,0.0,2,"Taxi/Remis,Bicicleta",JJ PASO Y VICTOR CUE,2,1,0,0,0,0,1,,Calle,,ROSARIO,Rosario,Asfalto,No existe,II,Dentro,Urbana,Ninguna,No existe,Intersección,Bueno,Buena,Diurna,Buen Tiempo,Lateral,S/D,Atropello,S/D,Faltante,Ninguna,Sin restricción,POINT (-60.69705220000001 -32.91976859999999),"['Juan José Paso', 'Victor Cue']",2,Avenida Juan José Paso; Victor Cue,-32.91976859999999,-60.69705220000001,55.0,538.0,Municipio Rosario,Municipio,Rosario,820210,Servicio de Catastro e Información Territorial,IGN
2013,2999,2013-03-04,Lunes,0.0,16:00:00,,0.0,2,"Automóvil,Moto/Ciclomotor",Rioja Y Santiago,2,1,0,0,1,0,0,,Calle,,ROSARIO,Rosario,Asfalto,S/D,II,Dentro,Urbana,S/D,No existe,Intersección,Bueno,Buena,Diurna,Buen Tiempo,Lateral,S/D,Colisión,S/D,Faltante,Cordón divisorio,Sin restricción,POINT (-60.656289699999995 -32.9443719),"['Rioja', 'Santiago']",2,Rioja; Santiago,-32.9443719,-60.6562897,55.0,538.0,Municipio Rosario,Municipio,Rosario,820210,Servicio de Catastro e Información Territorial,IGN
2013,3000,2013-03-04,Lunes,0.0,22:15:00,,0.0,2,"Moto/Ciclomotor,Automóvil",Av. Pellegrini Y Vera Mujica,2,1,0,0,1,0,0,,Avenida,,ROSARIO,Rosario,Asfalto,S/D,II,Dentro,Urbana,Semáforo,Funciona,Intersección,Bueno,Buena,"Nocturna,Con luz artificial",Buen Tiempo,Lateral,S/D,Colisión,S/D,Vertical,Cordón divisorio,Sin restricción,POINT (-60.6696235 -32.952139450000004),"['Pellegrini', 'Vera Mujíca']",2,Avenida Carlos Pellegrini; Vera Mujíca,-32.952139450000004,-60.6696235,55.0,538.0,Municipio Rosario,Municipio,Rosario,820210,Servicio de Catastro e Información Territorial,IGN
2013,3001,2013-03-01,Viernes,0.0,16:00:00,,0.0,1,,Av. Ovidio Lagos 800,2,1,0,0,1,0,0,,Avenida,,ROSARIO,Rosario,S/D,S/D,II,Dentro,Urbana,S/D,S/D,Otro,S/D,Buena,Atardecer,S/D,S/D,S/D,Atropello,S/D,S/D,S/D,S/D,"-32.9420818, -60.661504",['Ovidio Lagos 800'],1,Ovidio Lagos 800,-32.9420818,-60.661504,55.0,538.0,Municipio Rosario,Municipio,Rosario,820210,Servicio de Catastro e Información Territorial,IGN
2013,3002,2013-03-01,Viernes,0.0,16:00:00,,0.0,2,"Peatón,Automóvil",Av. Lugones ,2,1,0,0,1,0,0,,Avenida,,ROSARIO,Rosario,S/D,S/D,II,Dentro,Urbana,S/D,S/D,S/D,S/D,S/D,Atardecer,S/D,S/D,S/D,Atropello,S/D,S/D,S/D,S/D,"-32.9583773, -60.6579222",['Lugones'],1,Lugones,-32.9583773,-60.6579222,55.0,538.0,Municipio Rosario,Municipio,Rosario,820210,Servicio de Catastro e Información Territorial,IGN
2013,3004,2013-03-04,Lunes,0.0,00:10:00,,0.0,2,"Moto/Ciclomotor,Automóvil",E.Zeballos 3200,2,1,0,0,1,0,0,,Calle,,ROSARIO,Rosario,Asfalto,S/D,II,Dentro,Urbana,Ninguna,No existe,Recta,Bueno,Reducida,"Nocturna,Con luz artificial",Buen Tiempo,Frontal,S/D,Colisión,S/D,S/D,Cordón divisorio,Sin restricción,"-32.9577248, -60.6249701",['E Zeballos 3200'],1,E Zeballos 3200,-32.9577248,-60.6249701,55.0,538.0,Municipio Rosario,Municipio,Rosario,820210,Servicio de Catastro e Información Territorial,IGN
2013,3007,2013-03-17,Domingo,0.0,11:20:00,,0.0,2,"Moto/Ciclomotor,Automóvil",Santiago Y San Luis,2,1,0,0,1,0,0,,Calle,,ROSARIO,Rosario,Asfalto,S/D,II,Dentro,Urbana,S/D,S/D,Intersección,S/D,S/D,S/D,S/D,S/D,S/D,Colisión,S/D,S/D,S/D,S/D,POINT (-60.656666 -32.945839899999996),"['Santiago', 'San Luis']",2,Santiago; San Luis,-32.9458399,-60.656666,55.0,538.0,Municipio Rosario,Municipio,Rosario,820210,Servicio de Catastro e Información Territorial,IGN
2013,3008,2013-03-18,Lunes,0.0,,,0.0,2,"Automóvil,Moto/Ciclomotor",Cordoba Y Callao,2,1,0,0,1,0,0,,Calle,,ROSARIO,Rosario,Asfalto,S/D,II,Dentro,Urbana,S/D,S/D,Intersección,Bueno,S/D,S/D,S/D,S/D,S/D,Colisión,S/D,S/D,Cordón divisorio,S/D,POINT (-60.6601292 -32.94251589999998),"['Córdoba', 'Callao']",2,Córdoba; Callao,-32.94251589999998,-60.6601292,55.0,538.0,Municipio Rosario,Municipio,Rosario,820210,Servicio de Catastro e Información Territorial,IGN
2013,3010,2013-03-15,Viernes,0.0,13:45:00,,0.0,2,"Moto/Ciclomotor,Automóvil",Valparaiso Y Pje. Fernando El Catolico,2,1,0,0,1,0,0,,Calle,,ROSARIO,Rosario,Asfalto,S/D,II,Dentro,Urbana,S/D,S/D,Intersección,S/D,S/D,S/D,S/D,S/D,S/D,Colisión,S/D,S/D,Cordón divisorio,S/D,POINT (-60.6823705 -32.9407472),"['Valparaíso', 'Fernando El Católico']",2,Valparaíso; Fernando El Católico,-32.9407472,-60.6823705,55.0,538.0,Municipio Rosario,Municipio,Rosario,820210,Servicio de Catastro e Información Territorial,IGN
2013,3012,2013-03-18,Lunes,0.0,,,0.0,2,"Automóvil,Moto/Ciclomotor",Cafferata Y Marcos Paz,3,2,0,0,1,0,0,,Calle,,ROSARIO,Rosario,Asfalto,S/D,II,Dentro,Urbana,S/D,S/D,Intersección,Bueno,S/D,S/D,S/D,S/D,S/D,S/D,S/D,S/D,Cordón divisorio,S/D,POINT (-60.672085700000004 -32.94499969999999),"['Cafferata', 'Marcos Paz']",2,Cafferata; Marcos Paz,-32.94499969999999,-60.6720857,55.0,538.0,Municipio Rosario,Municipio,Rosario,820210,Servicio de Catastro e Información Territorial,IGN
2013,3017,2013-03-19,Martes,0.0,09:00:00,,0.0,2,"Transporte de Pasajeros Urbano (> 8 asientos),Moto/Ciclomotor",Cordoba Y Suipacha,2,1,0,0,1,0,0,,Calle,,ROSARIO,Rosario,Asfalto,S/D,II,Dentro,Urbana,S/D,S/D,Intersección,S/D,S/D,S/D,S/D,S/D,S/D,Colisión,S/D,S/D,Cordón divisorio,S/D,POINT (-60.6642044 -32.9417837),"['Córdoba', 'Suipacha']",2,Córdoba; Suipacha,-32.9417837,-60.6642044,55.0,538.0,Municipio Rosario,Municipio,Rosario,820210,Servicio de Catastro e Información Territorial,IGN
2013,3018,2013-03-04,Lunes,0.0,13:00:00,,0.0,1,Bicicleta,Bv. Rondeau Y Superi,1,1,0,0,0,0,0,,Avenida,,ROSARIO,Rosario,Hormigón,No existe,II,Dentro,Urbana,Semáforo,Funciona,Recta,Bueno,Buena,Diurna,Buen Tiempo,S/D,S/D,Atropello,Otro,Vertical,Cordón divisorio,Sin restricción,POINT (-60.692458175000006 -32.894239025),"['Rondeau', 'Superi']",2,Bulevar General José Rondeau; Comandante José Superí,-32.894239025,-60.692458175000006,55.0,538.0,Municipio Rosario,Municipio,Rosario,820210,Servicio de Catastro e Información Territorial,IGN
2013,3019,2013-03-21,Jueves,0.0,13:00:00,,0.0,2,"Pickup/Utilitario,Moto/Ciclomotor",Ayolas 2600,2,1,0,0,1,0,0,,Calle,,ROSARIO,Rosario,Asfalto,No existe,II,Dentro,Urbana,Ninguna,No existe,Recta,Bueno,Buena,Diurna,S/D,Lateral,S/D,Colisión,S/D,Faltante,Ninguna,Sin restricción,"-32.9789266, -60.6339134",['Ayolas 2600'],1,Ayolas 2600,-32.9789266,-60.6339134,55.0,538.0,Municipio Rosario,Municipio,Rosario,820210,Servicio de Catastro e Información Territorial,IGN
2013,3023,2013-03-04,Lunes,0.0,16:30:00,,0.0,2,"Bicicleta,Automóvil",Luis Vila Y Bv. Rondeau,2,1,0,0,0,0,1,,Avenida,,ROSARIO,Rosario,Hormigón,No existe,II,Dentro,Urbana,Semáforo,Funciona,Recta,Bueno,Buena,Diurna,Buen Tiempo,Otro,S/D,Atropello,Otro,Horizontal,Ninguna,Sin restricción,POINT (-60.691285475 -32.89816437499999),"['Doctor Vila', 'Rondeau']",2,Doctor Vila; Bulevar General José Rondeau,-32.89816437499999,-60.691285475,55.0,538.0,Municipio Rosario,Municipio,Rosario,820210,Servicio de Catastro e Información Territorial,IGN
2013,3024,2013-03-13,Miercoles,0.0,08:40:00,,0.0,2,"Automóvil,Moto/Ciclomotor",Pte.Roca Y Coulin,2,1,0,0,1,0,0,,Calle,,ROSARIO,Rosario,Asfalto,No existe,II,Dentro,Urbana,S/D,No existe,Intersección,S/D,S/D,Diurna,S/D,Lateral,S/D,Colisión,S/D,Faltante,Ninguna,Sin restricción,POINT (-60.65653910000001 -32.990494599999984),"['Roca', 'Coulin']",2,Presidente Roca; Coulin,-32.990494599999984,-60.65653910000001,55.0,538.0,Municipio Rosario,Municipio,Rosario,820210,Servicio de Catastro e Información Territorial,IGN
2013,3025,2013-03-20,Miercoles,0.0,,,0.0,2,"Pickup/Utilitario,Moto/Ciclomotor",Av. Pellegrini Y Rio De Janeiro,2,1,0,0,1,0,0,,Avenida,,ROSARIO,Rosario,Asfalto,S/D,II,Dentro,Urbana,S/D,S/D,Intersección,S/D,S/D,S/D,S/D,S/D,S/D,Colisión,S/D,S/D,Cordón divisorio,S/D,POINT (-60.6832499 -32.949701950000005),"['Pellegrini', 'Río de Janeiro']",2,Avenida Carlos Pellegrini; Río de Janeiro,-32.949701950000005,-60.6832499,55.0,538.0,Municipio Rosario,Municipio,Rosario,820210,Servicio de Catastro e Información Territorial,IGN
2013,3033,2013-03-08,Viernes,0.0,14:35:00,,0.0,2,"Automóvil,Moto/Ciclomotor",Bv. Rondeau 3800,2,1,0,0,1,0,0,,Avenida,,ROSARIO,Rosario,Asfalto,No existe,II,Dentro,Urbana,Ninguna,No existe,Intersección,Bueno,Buena,Diurna,Buen Tiempo,Frontal,S/D,Colisión,Otro,Faltante,Barrera de hormigón,Sin restricción,"-32.8801526, -60.6964937",['Rondeau 3800'],1,Rondeau 3800,-32.8801526,-60.6964937,55.0,538.0,Municipio Rosario,Municipio,Rosario,820210,Servicio de Catastro e Información Territorial,IGN
2013,3034,2013-03-08,Viernes,0.0,10:35:00,,0.0,1,Moto/Ciclomotor,Washington Y Bv. Rondeau,1,1,0,0,0,0,0,,Avenida,,ROSARIO,Rosario,Hormigón,No existe,II,Dentro,Urbana,Semáforo,Funciona,Recta,Bueno,Buena,S/D,Buen Tiempo,Lateral,S/D,Caída ocupante,Otro,Horizontal,Barrera de hormigón,Sin restricción,POINT (-60.6903563 -32.901208475000004),"['Washington', 'Rondeau']",2,Washington; Bulevar General José Rondeau,-32.901208475000004,-60.6903563,55.0,538.0,Municipio Rosario,Municipio,Rosario,820210,Servicio de Catastro e Información Territorial,IGN
2013,3036,2013-03-09,Sabado,0.0,14:35:00,,0.0,2,"Pickup/Utilitario,Moto/Ciclomotor",Av. Sorrento 1400,3,1,1,0,1,0,0,,Avenida,,ROSARIO,Rosario,Asfalto,No existe,II,Dentro,Urbana,Ninguna,No existe,Intersección,Bueno,Buena,Diurna,Buen Tiempo,Lateral,S/D,Colisión,Otro,Faltante,Barrera de hormigón,Sin restricción,"-32.9072474, -60.6993005",['Sorrento 1400'],1,Sorrento 1400,-32.9072474,-60.6993005,55.0,538.0,Municipio Rosario,Municipio,Rosario,820210,Servicio de Catastro e Información Territorial,IGN
2013,3040,2013-03-13,Miercoles,0.0,15:50:00,,0.0,2,"Automóvil,Moto/Ciclomotor",Av. Uriburu Y Av. Corrientes,2,1,0,0,1,0,0,,Calle,,ROSARIO,Rosario,Asfalto,No existe,II,Dentro,Urbana,Semáforo,Funciona,Intersección,Bueno,S/D,Diurna,S/D,Lateral,S/D,Colisión,S/D,S/D,Ninguna,Sin restricción,POINT (-60.653706549999995 -32.99091685),"['Uriburu', 'Corrientes']",2,Avenida José Uriburu; Corrientes,-32.99091685,-60.65370655,55.0,538.0,Municipio Rosario,Municipio,Rosario,820210,Servicio de Catastro e Información Territorial,IGN
2013,3045,2013-03-09,Sabado,0.0,16:45:00,,0.0,2,"Automóvil,Pickup/Utilitario",CARRASCO Y GALLO,4,1,0,0,3,0,0,,Avenida,,ROSARIO,Rosario,Hormigón,No existe,II,Dentro,Urbana,Semáforo,Funciona,Intersección,Bueno,Buena,Diurna,Buen Tiempo,Lateral,S/D,Colisión,Otro,Faltante,Barrera de hormigón,Sin restricción,POINT (-60.686882950000005 -32.88919039999999),"['Carrasco', 'Gallo']",2,Omar Carrasco; Cangallo,-32.88919039999999,-60.686882950000005,55.0,538.0,Municipio Rosario,Municipio,Rosario,820210,Servicio de Catastro e Información Territorial,IGN
2013,3048,2013-03-20,Miercoles,0.0,19:30:00,,0.0,2,"Bicicleta,Moto/Ciclomotor",Av. Corrientes Y Av. Arijon,2,1,0,0,1,0,0,,Avenida,,ROSARIO,Rosario,Asfalto,No existe,II,Dentro,Urbana,Ninguna,No existe,Intersección,Bueno,Reducida,Atardecer,Buen Tiempo,Otro,S/D,Atropello,S/D,Faltante,Línea divisoria pintada,Sin restricción,POINT (-60.6532343 -33.003188200000004),"['Corrientes', 'Avenida Manuel Arijón']",2,Corrientes; Avenida Manuel Arijón,-33.003188200000004,-60.6532343,55.0,538.0,Municipio Rosario,Municipio,Rosario,820210,Servicio de Catastro e Información Territorial,IGN
2013,3049,2013-05-11,Sabado,0.0,13:20:00,,0.0,2,"Automóvil,Moto/Ciclomotor",GURRUCHAGA Y MAZA,2,1,0,0,1,0,0,,Calle,,ROSARIO,Rosario,Asfalto,No existe,II,Dentro,Urbana,Ninguna,No existe,Intersección,Bueno,Buena,Diurna,Buen Tiempo,Lateral,S/D,Colisión,Otro,Faltante,Ninguna,Sin restricción,POINT (-60.685613200000006 -32.904353599999986),"['Gurruchaga', 'Maza']",2,Gurruchaga; Juan Agustín Maza,-32.904353599999986,-60.685613200000006,55.0,538.0,Municipio Rosario,Municipio,Rosario,820210,Servicio de Catastro e Información Territorial,IGN
2013,3052,2013-03-25,Lunes,0.0,,,0.0,2,"Bicicleta,Automóvil",San Martin Y Cabildo,2,1,0,0,0,0,1,,Avenida,,ROSARIO,Rosario,S/D,No existe,II,Dentro,Urbana,Ninguna,No existe,Intersección,Deteriorada,S/D,S/D,Buen Tiempo,Lateral,S/D,Atropello,S/D,Faltante,Cordón divisorio,Sin restricción,POINT (-60.65030445000001 -33.0074006),"['San Martin', 'Cabildo']",2,José de San Martín; Cabildo,-33.0074006,-60.65030445000001,55.0,538.0,Municipio Rosario,Municipio,Rosario,820210,Servicio de Catastro e Información Territorial,IGN
2013,3054,2013-03-27,Miercoles,0.0,19:30:00,,0.0,1,Moto/Ciclomotor,Ceibo Y Pje. Orquidea,2,2,0,0,0,0,0,,Calle,,ROSARIO,Rosario,Asfalto,No existe,II,Dentro,Urbana,Ninguna,No existe,Intersección,Deteriorada,Reducida,Atardecer,Buen Tiempo,Otro,S/D,Colisión,S/D,Faltante,Ninguna,Sin restricción,POINT (-60.65597379999999 -33.01352180000001),"['Ceibo', 'Orquidea']",2,El Ceibo; Orquidea,-33.01352180000001,-60.65597379999999,55.0,538.0,Municipio Rosario,Municipio,Rosario,820210,Servicio de Catastro e Información Territorial,IGN
2013,3057,2013-03-04,Lunes,0.0,20:20:00,,0.0,1,Moto/Ciclomotor,SAN MARTIN Y CIRCUNVALACION,1,1,0,0,0,0,0,,Calle,,ROSARIO,Rosario,Asfalto,Natural,II,Dentro,Urbana,Semáforo,Funciona,Pendiente,Deteriorada,Reducida,Nocturna,Buen Tiempo,Otro,S/D,Caída ocupante,S/D,Faltante,Guardarrail,Sin restricción,POINT (-60.64178307863883 -33.0158888269654),"['San Martin', 'Circunvalacion']",2,José de San Martín; Avenida de Circunvalación 25 de Mayo,-33.0158888269654,-60.64178307863883,55.0,538.0,Municipio Rosario,Municipio,Rosario,820210,Servicio de Catastro e Información Territorial,IGN
2013,3060,2013-03-07,Jueves,0.0,16:10:00,,0.0,2,"Moto/Ciclomotor,Automóvil",Av. Battle y Ordoñez 900,3,1,0,0,2,0,0,,Avenida,,ROSARIO,Rosario,Asfalto,No existe,II,Dentro,Urbana,Ninguna,No existe,Recta,Deteriorada,Buena,Diurna,Buen Tiempo,Otro,S/D,Colisión,S/D,Faltante,Ninguna,Sin restricción,"-33.009042, -60.6558939",['Avenida Battle y Ordoñez 900'],1,Avenida Battle y Ordoñez 900,-33.009042,-60.6558939,55.0,538.0,Municipio Rosario,Municipio,Rosario,820210,Servicio de Catastro e Información Territorial,IGN
2013,3061,2013-03-09,Sabado,0.0,20:15:00,,0.0,2,"Moto/Ciclomotor,Automóvil",Av. Arijon Y Av. Corrientes,3,2,0,0,1,0,0,,Avenida,,ROSARIO,Rosario,Asfalto,No existe,II,Dentro,Urbana,Ninguna,No existe,Intersección,Bueno,Reducida,Con luz artificial,Buen Tiempo,Otro,S/D,Colisión,S/D,S/D,Línea divisoria pintada,Sin restricción,POINT (-60.6532343 -33.003188200000004),"['Avenida Manuel Arijón', 'Corrientes']",2,Avenida Manuel Arijón; Corrientes,-33.003188200000004,-60.6532343,55.0,538.0,Municipio Rosario,Municipio,Rosario,820210,Servicio de Catastro e Información Territorial,IGN
2013,3063,2013-03-12,Martes,0.0,21:00:00,,0.0,2,"Automóvil,Moto/Ciclomotor",Temperley Y Paysandu,2,1,0,0,1,0,0,,Calle,,ROSARIO,Rosario,Hormigón,No existe,II,Dentro,Urbana,Ninguna,No existe,Intersección,Bueno,Buena,Nocturna,Buen Tiempo,Lateral,S/D,Colisión,Otro,Faltante,Ninguna,Sin restricción,POINT (-60.69225600000001 -32.8822331),"['Temperley', 'Paysandú']",2,Temperley; Paysandú,-32.8822331,-60.69225600000001,55.0,538.0,Municipio Rosario,Municipio,Rosario,820210,Servicio de Catastro e Información Territorial,IGN
2013,3064,2013-03-11,Lunes,0.0,19:00:00,,0.0,2,"Moto/Ciclomotor,Automóvil",España Y H. Brandoni,2,1,0,0,1,0,0,,Calle,,ROSARIO,Rosario,Asfalto,No existe,II,Dentro,Urbana,Ninguna,No existe,Intersección,Deteriorada,Reducida,Atardecer,Buen Tiempo,Lateral,S/D,Colisión,S/D,Faltante,Ninguna,Sin restricción,POINT (-60.65747330000001 -33.006239199999996),"['España', 'Brandoni']",2,España; Brandoni,-33.0062392,-60.65747330000001,55.0,538.0,Municipio Rosario,Municipio,Rosario,820210,Servicio de Catastro e Información Territorial,IGN
2013,3065,2013-03-14,Jueves,0.0,16:40:00,,0.0,2,"Moto/Ciclomotor,Moto/Ciclomotor",Dean Funes Y Paraguay,2,1,0,0,1,0,0,,Calle,,ROSARIO,Rosario,Asfalto,No existe,II,Dentro,Urbana,S/D,No existe,Intersección,S/D,S/D,Diurna,S/D,Lateral,S/D,Colisión,S/D,Faltante,Ninguna,Sin restricción,POINT (-60.65110210000001 -32.97466219999999),"['Deán Gregorio Funes', 'Paraguay']",2,Deán Gregorio Funes; Paraguay,-32.97466219999999,-60.65110210000001,55.0,538.0,Municipio Rosario,Municipio,Rosario,820210,Servicio de Catastro e Información Territorial,IGN
2013,3066,2013-03-13,Miercoles,0.0,20:30:00,,0.0,2,"Moto/Ciclomotor,Automóvil",Buenos Aires Y Cabildo,4,2,0,0,1,0,1,,Calle,,ROSARIO,Rosario,Asfalto,Natural,II,Dentro,Urbana,Ninguna,No existe,Intersección,Deteriorada,Reducida,Nocturna,Buen Tiempo,Otro,S/D,Colisión,S/D,Faltante,Ninguna,Sin restricción,POINT (-60.6447564 -33.0072288),"['Buenos Aires', 'Cabildo']",2,Buenos Aires; Cabildo,-33.0072288,-60.6447564,55.0,538.0,Municipio Rosario,Municipio,Rosario,820210,Servicio de Catastro e Información Territorial,IGN
2013,3068,2013-03-13,Miercoles,0.0,11:45:00,,0.0,2,"Automóvil,Moto/Ciclomotor",Washington Y Darragueira,2,1,0,0,1,0,0,,Calle,,ROSARIO,Rosario,Hormigón,No existe,II,Dentro,Urbana,Ninguna,No existe,Intersección,Bueno,Buena,Diurna,Buen Tiempo,Lateral,S/D,Colisión,Otro,Vertical,Ninguna,Sin restricción,POINT (-60.69286400000001 -32.9017565),"['Washington', 'José Darragueira']",2,Washington; José Darragueira,-32.9017565,-60.69286400000001,55.0,538.0,Municipio Rosario,Municipio,Rosario,820210,Servicio de Catastro e Información Territorial,IGN
2013,3069,2013-03-20,Miercoles,0.0,,,0.0,2,"Automóvil,Automóvil",Bv. Avellaneda Y Marcos Paz,4,3,0,0,1,0,0,,Avenida,,ROSARIO,Rosario,Asfalto,S/D,II,Dentro,Urbana,S/D,S/D,Intersección,S/D,S/D,S/D,S/D,S/D,S/D,Colisión,S/D,S/D,Cordón divisorio,S/D,POINT (-60.680249 -32.94354319999999),"['Avellaneda', 'Marcos Paz']",2,Bulevar Nicolás Avellaneda; Marcos Paz,-32.94354319999999,-60.680249,55.0,538.0,Municipio Rosario,Municipio,Rosario,820210,Servicio de Catastro e Información Territorial,IGN
2013,3071,2013-03-01,Viernes,0.0,,,0.0,2,"Bicicleta,Automóvil",Bv. Avellaneda Y Reconquista,2,1,0,0,1,0,0,,Avenida,,ROSARIO,Rosario,Asfalto,S/D,II,S/D,Urbana,Semáforo,S/D,Recta,Bueno,S/D,S/D,Buen Tiempo,S/D,S/D,Atropello,S/D,"Horizontal,Vertical",Cordón divisorio,Sin restricción,POINT (-60.673764950000006 -32.917806049999996),"['Avellaneda', 'Reconquista']",2,Bulevar Nicolás Avellaneda; Reconquista,-32.91780605,-60.673764950000006,55.0,538.0,Municipio Rosario,Municipio,Rosario,820210,Servicio de Catastro e Información Territorial,IGN