anio_acci,nro_acci,fecha,desc_dia,fecha_aprox,hora_aprox,desc_ruta,km,cant_participantes,desc_participante,calle_avenida_km,total,heridos_leves,heridos_graves,heridos_gravisimos,ilesos,fallecidos,sin_datos,posicion_XY,desc_tipo_via,desc_ruta_ori,desc_loc,desc_dpto,desc_tipo_calzada,desc_tipo_banquina,desc_unidad_regional,desc_lugar_calzada,desc_zona,desc_prioridad,desc_estado_semaforo,desc_lugar_via,desc_estado_via,desc_estado_visibilidad,desc_luminosidad,desc_estado_clima,desc_tipo_colision,desc_tipo_atropello,desc_tipo_hecho,desc_pres_calzada,desc_senializacion,desc_separacion_via,desc_restriccion,forma_geocod,calle_lista,numero_calles,calles_osm,lat,lon,index_right,gid,fna,gna,nam,in1,fdc,sag
2013,3078,2013-03-21,Jueves,0.0,,,0.0,2,"Automóvil,Moto/Ciclomotor",San Juan Y Vera Mujica,2,2,0,0,0,0,0,,Calle,,ROSARIO,Rosario,Asfalto,S/D,II,Dentro,Urbana,S/D,S/D,Intersección,S/D,S/D,S/D,S/D,S/D,S/D,Colisión,S/D,S/D,Cordón divisorio,S/D,POINT (-60.6678428 -32.94501609999999),"['San Juan', 'Vera Mujíca']",2,San Juan; Vera Mujíca,-32.94501609999999,-60.6678428,55.0,538.0,Municipio Rosario,Municipio,Rosario,820210,Servicio de Catastro e Información Territorial,IGN
2013,3079,2013-03-14,Jueves,0.0,18:00:00,,0.0,2,"Moto/Ciclomotor,Automóvil",Santiago Y Dr.Rivas,2,1,0,0,1,0,0,,Calle,,ROSARIO,Rosario,Asfalto,No existe,II,Dentro,Urbana,S/D,No existe,Intersección,S/D,S/D,Atardecer,S/D,Lateral,S/D,Colisión,S/D,S/D,S/D,Sin restricción,POINT (-60.66534680000001 -32.980489),"['Santiago', 'Doctor Francisco Riva']",2,Santiago; Doctor Francisco Riva,-32.980489,-60.66534680000001,55.0,538.0,Municipio Rosario,Municipio,Rosario,820210,Servicio de Catastro e Información Territorial,IGN
2013,3081,2013-03-14,Jueves,0.0,16:00:00,,0.0,2,"Moto/Ciclomotor,Automóvil",Galvez Y Balcarce,3,2,0,0,1,0,0,,S/D,,ROSARIO,Rosario,Asfalto,No existe,II,S/D,S/D,S/D,No existe,Intersección,S/D,S/D,Atardecer,S/D,Lateral,S/D,Colisión,S/D,Faltante,S/D,Sin restricción,POINT (-60.657551600000005 -32.9663187),"['Galvez', 'Balcarce']",2,José Gálvez; Balcarce,-32.9663187,-60.657551600000005,55.0,538.0,Municipio Rosario,Municipio,Rosario,820210,Servicio de Catastro e Información Territorial,IGN
2013,3084,2013-03-14,Jueves,0.0,19:33:00,,0.0,2,"Moto/Ciclomotor,Automóvil",Benito Juarez Y España,2,1,0,0,1,0,0,,Calle,,ROSARIO,Rosario,Asfalto,No existe,II,Dentro,Urbana,S/D,No existe,Intersección,S/D,S/D,Atardecer,S/D,S/D,S/D,Colisión,S/D,S/D,Ninguna,Sin restricción,POINT (-60.6580006 -32.993194900000006),"['Benito Juárez', 'España']",2,Benito Juárez; España,-32.993194900000006,-60.6580006,55.0,538.0,Municipio Rosario,Municipio,Rosario,820210,Servicio de Catastro e Información Territorial,IGN
2013,3086,2013-03-15,Viernes,0.0,11:45:00,,0.0,3,"Bicicleta,Bicicleta,Moto/Ciclomotor",San Martin Y Dr.Rivas,2,2,0,0,0,0,0,,Calle,,ROSARIO,Rosario,Asfalto,S/D,II,Dentro,Urbana,S/D,S/D,Intersección,Bueno,S/D,S/D,S/D,Lateral,S/D,Atropello,S/D,S/D,S/D,Sin restricción,POINT (-60.645282200000004 -32.984076599999995),"['San Martin', 'Doctor Francisco Riva']",2,José de San Martín; Doctor Francisco Riva,-32.984076599999995,-60.6452822,55.0,538.0,Municipio Rosario,Municipio,Rosario,820210,Servicio de Catastro e Información Territorial,IGN
2013,3087,2013-03-21,Jueves,0.0,,,0.0,2,"Automóvil,Moto/Ciclomotor",3 De Febrero Y Lima,2,1,0,0,1,0,0,,Calle,,ROSARIO,Rosario,Asfalto,S/D,II,Dentro,Urbana,S/D,S/D,Intersección,S/D,S/D,S/D,S/D,S/D,S/D,Colisión,S/D,S/D,Cordón divisorio,S/D,POINT (-60.684826199999996 -32.9447174),"['3 de Febrero', 'Lima']",2,3 de Febrero; Lima,-32.9447174,-60.6848262,55.0,538.0,Municipio Rosario,Municipio,Rosario,820210,Servicio de Catastro e Información Territorial,IGN
2013,3090,2013-03-21,Jueves,0.0,14:30:00,,0.0,2,"Moto/Ciclomotor,Moto/Ciclomotor",3 De Febrero Y Rodriguez,3,1,0,0,2,0,0,,Calle,,ROSARIO,Rosario,Asfalto,S/D,II,Dentro,Urbana,S/D,S/D,Intersección,S/D,S/D,S/D,S/D,S/D,S/D,Colisión,S/D,S/D,Cordón divisorio,S/D,POINT (-60.6603081 -32.9491249),"['3 de Febrero', 'Rodríguez']",2,3 de Febrero; Rodríguez de Escobedo,-32.9491249,-60.6603081,55.0,538.0,Municipio Rosario,Municipio,Rosario,820210,Servicio de Catastro e Información Territorial,IGN
2013,3091,2013-03-29,Viernes,0.0,18:50:00,,0.0,2,"Moto/Ciclomotor,Automóvil",Mitre Y Pje. Casablanca,2,1,0,0,1,0,0,,Calle,,ROSARIO,Rosario,Asfalto,No existe,II,Dentro,Urbana,S/D,No existe,Intersección,Bueno,Buena,Atardecer,S/D,Lateral,S/D,Colisión,S/D,S/D,S/D,Sin restricción,POINT (-60.647907599999996 -32.97947049999999),"['Mitre', 'Casablanca']",2,Bartolomé Mitre; Casablanca,-32.97947049999999,-60.6479076,55.0,538.0,Municipio Rosario,Municipio,Rosario,820210,Servicio de Catastro e Información Territorial,IGN
2013,3097,2013-03-02,Sabado,0.0,12:30:00,,0.0,2,"Automóvil,Automóvil",Tucuman Y Lavalle,2,1,0,0,1,0,0,,Calle,,ROSARIO,Rosario,Asfalto,No existe,II,S/D,Urbana,Ninguna,No existe,Otro,Bueno,Buena,Diurna,Buen Tiempo,Otro,S/D,Otro,Otro,Faltante,Ninguna,Sin restricción,POINT (-60.67658000000001 -32.934695299999994),"['Tucumán', 'Lavalle']",2,Tucumán; Lavalle,-32.934695299999994,-60.67658000000001,55.0,538.0,Municipio Rosario,Municipio,Rosario,820210,Servicio de Catastro e Información Territorial,IGN
2013,3099,2013-03-21,Jueves,0.0,18:30:00,,0.0,2,"Moto/Ciclomotor,Automóvil",Rioja Y Cafferata,3,1,0,0,2,0,0,,Calle,,ROSARIO,Rosario,Asfalto,S/D,II,Dentro,Urbana,S/D,S/D,Intersección,S/D,S/D,S/D,S/D,S/D,S/D,Colisión,S/D,S/D,Barrera de hormigón,S/D,POINT (-60.67128389999999 -32.94176),"['Rioja', 'Cafferata']",2,Rioja; Cafferata,-32.94176,-60.67128389999999,55.0,538.0,Municipio Rosario,Municipio,Rosario,820210,Servicio de Catastro e Información Territorial,IGN
2013,3100,2013-03-29,Viernes,0.0,16:00:00,,0.0,2,"Moto/Ciclomotor,Moto/Ciclomotor",Entre Rios Y Amenabar,3,3,0,0,0,0,0,,Calle,,ROSARIO,Rosario,Asfalto,No existe,II,Dentro,Urbana,S/D,No existe,Intersección,Bueno,S/D,Atardecer,S/D,Lateral,S/D,Colisión,S/D,Faltante,Ninguna,Sin restricción,POINT (-60.64742470000001 -32.97170549999999),"['Entre Ríos', 'Amenabar']",2,Entre Ríos; José de Amenábar,-32.97170549999999,-60.64742470000001,55.0,538.0,Municipio Rosario,Municipio,Rosario,820210,Servicio de Catastro e Información Territorial,IGN
2013,3101,2013-03-15,Viernes,0.0,,,0.0,2,"Automóvil,Automóvil",Pueyrredon Y San Luis,3,1,0,0,2,0,0,,Calle,,ROSARIO,Rosario,Asfalto,S/D,II,Dentro,Urbana,S/D,S/D,Intersección,S/D,S/D,S/D,S/D,S/D,S/D,S/D,S/D,S/D,S/D,S/D,POINT (-60.6580233 -32.945603899999995),"['Pueyrredón', 'San Luis']",2,Pueyrredón; San Luis,-32.945603899999995,-60.6580233,55.0,538.0,Municipio Rosario,Municipio,Rosario,820210,Servicio de Catastro e Información Territorial,IGN
2013,3122,2013-03-20,Miercoles,0.0,16:30:00,,0.0,1,,Santiago Y E.Zeballos,3,2,0,0,1,0,0,,Calle,,ROSARIO,Rosario,Asfalto,S/D,II,Dentro,Urbana,S/D,S/D,Intersección,S/D,S/D,S/D,S/D,S/D,S/D,Colisión,S/D,S/D,Cordón divisorio,Sin restricción,POINT (-60.6581792 -32.95179709999999),"['Santiago', 'Zeballos']",2,Santiago; Zeballos,-32.95179709999999,-60.6581792,55.0,538.0,Municipio Rosario,Municipio,Rosario,820210,Servicio de Catastro e Información Territorial,IGN
2013,3123,2013-03-20,Miercoles,0.0,16:30:00,,0.0,1,,Santiago Y E.Zeballos,3,2,0,0,1,0,0,,Calle,,ROSARIO,Rosario,Asfalto,S/D,II,Dentro,Urbana,S/D,S/D,Intersección,S/D,S/D,S/D,S/D,S/D,S/D,Colisión,S/D,S/D,Cordón divisorio,Sin restricción,POINT (-60.6581792 -32.95179709999999),"['Santiago', 'Zeballos']",2,Santiago; Zeballos,-32.95179709999999,-60.6581792,55.0,538.0,Municipio Rosario,Municipio,Rosario,820210,Servicio de Catastro e Información Territorial,IGN
2013,3124,2013-03-20,Miercoles,0.0,16:30:00,,0.0,1,,Santiago Y E.Zeballos,3,2,0,0,1,0,0,,Calle,,ROSARIO,Rosario,Asfalto,S/D,II,Dentro,Urbana,S/D,S/D,Intersección,S/D,S/D,S/D,S/D,S/D,S/D,Colisión,S/D,S/D,Cordón divisorio,Sin restricción,POINT (-60.6581792 -32.95179709999999),"['Santiago', 'Zeballos']",2,Santiago; Zeballos,-32.95179709999999,-60.6581792,55.0,538.0,Municipio Rosario,Municipio,Rosario,820210,Servicio de Catastro e Información Territorial,IGN
2013,3127,2013-03-24,Domingo,0.0,18:00:00,,0.0,2,"Moto/Ciclomotor,Otros",Av. Provincias Unidas Y Ocampo,2,0,0,0,1,1,0,,Calle,,ROSARIO,Rosario,Asfalto,Natural,II,Dentro,Urbana,S/D,No existe,Intersección,Deteriorada,Buena,Diurna,Buen Tiempo,De alcance,S/D,Colisión,S/D,S/D,S/D,S/D,POINT (-60.7118703 -32.95801295),"['Avenida Provincias Unidas', 'Ocampo']",2,Avenida Provincias Unidas; Ocampo,-32.95801295,-60.7118703,55.0,538.0,Municipio Rosario,Municipio,Rosario,820210,Servicio de Catastro e Información Territorial,IGN
2013,3129,2013-03-20,Miercoles,0.0,16:30:00,,0.0,2,"Bicicleta,Pickup/Utilitario",Santiago Y E.Zeballos,3,2,0,0,1,0,0,,Calle,,ROSARIO,Rosario,Asfalto,S/D,II,Dentro,Urbana,S/D,S/D,Intersección,S/D,S/D,S/D,S/D,S/D,S/D,Atropello,S/D,S/D,S/D,Sin restricción,POINT (-60.6581792 -32.95179709999999),"['Santiago', 'Zeballos']",2,Santiago; Zeballos,-32.95179709999999,-60.6581792,55.0,538.0,Municipio Rosario,Municipio,Rosario,820210,Servicio de Catastro e Información Territorial,IGN
2013,3134,2013-03-04,Lunes,0.0,11:25:00,,0.0,2,"Moto/Ciclomotor,Automóvil",Jujuy Y Av. Ovidio Lagos,2,1,0,0,1,0,0,,Avenida,,ROSARIO,Rosario,Asfalto,No existe,II,S/D,Urbana,Semáforo,Funciona,Recta,Bueno,Buena,Diurna,Buen Tiempo,Otro,S/D,Otro,Otro,Vertical,Ninguna,Sin restricción,POINT (-60.65939970000001 -32.93408639999999),"['Jujuy', 'Avenida Ovidio Lagos']",2,Jujuy; Avenida Ovidio Lagos,-32.93408639999999,-60.65939970000001,55.0,538.0,Municipio Rosario,Municipio,Rosario,820210,Servicio de Catastro e Información Territorial,IGN
2013,3135,2013-07-02,Martes,0.0,19:15:00,,0.0,2,"Moto/Ciclomotor,Automóvil",Tarragona Y Av. Jorge Newbery,2,1,0,0,1,0,0,,S/D,,ROSARIO,Rosario,Asfalto,S/D,II,S/D,Urbana,S/D,S/D,Intersección,S/D,S/D,Atardecer,S/D,S/D,S/D,Colisión,S/D,S/D,S/D,S/D,POINT (-60.7354351 -32.90855883333332),"['Tarragona', 'Jorge Newbery']",2,Tarragona; Avenida Jorge Newbery,-32.90855883333332,-60.7354351,55.0,538.0,Municipio Rosario,Municipio,Rosario,820210,Servicio de Catastro e Información Territorial,IGN
2013,3136,2013-07-07,Domingo,0.0,22:30:00,,0.0,1,Moto/Ciclomotor,Martinez Estrada Y Donado,3,2,0,0,1,0,0,,S/D,,ROSARIO,Rosario,Asfalto,S/D,II,S/D,Urbana,S/D,S/D,S/D,S/D,S/D,Nocturna,S/D,S/D,S/D,Colisión,S/D,S/D,S/D,S/D,POINT (-60.72830845 -32.91112455),"['Martinez Estrada', 'Donado']",2,Martinez Estrada; José Agustín Donado,-32.91112455,-60.72830845,55.0,538.0,Municipio Rosario,Municipio,Rosario,820210,Servicio de Catastro e Información Territorial,IGN
2013,3138,2013-07-08,Lunes,0.0,,,0.0,3,"Peatón,Peatón,Camión",COLECTORA  Y J. B. JUSTO,3,2,0,0,1,0,0,,S/D,,ROSARIO,Rosario,S/D,S/D,II,S/D,Urbana,S/D,S/D,S/D,S/D,S/D,S/D,S/D,S/D,S/D,Atropello,S/D,S/D,S/D,S/D,POINT (-60.72222620000001 -32.9336861),"['Colectora', 'Justo']",2,"('Colectora Juan Pablo II', 'Justo José de Urquiza')",-32.9336861,-60.72222620000001,55.0,538.0,Municipio Rosario,Municipio,Rosario,820210,Servicio de Catastro e Información Territorial,IGN
2013,3139,2013-03-06,Miercoles,0.0,17:40:00,,0.0,2,"Taxi/Remis,Automóvil",Santa Fe Y Ricchieri,2,1,0,0,1,0,0,,Calle,,ROSARIO,Rosario,Asfalto,No existe,II,S/D,Urbana,Semáforo,Funciona,Recta,Bueno,Buena,Diurna,Buen Tiempo,Otro,S/D,Otro,Otro,Vertical,Ninguna,Sin restricción,POINT (-60.6625073 -32.94067769999999),"['Santa Fe', 'Ricchieri']",2,Santa Fe; Ricchieri,-32.94067769999999,-60.6625073,55.0,538.0,Municipio Rosario,Municipio,Rosario,820210,Servicio de Catastro e Información Territorial,IGN
2013,3141,2013-03-16,Sabado,0.0,15:30:00,,0.0,3,"Moto/Ciclomotor,Automóvil,Automóvil",SAN MARTIN Y CIRCUNVALACION,5,1,0,0,4,0,0,,Calle,,ROSARIO,Rosario,Asfalto,Natural,II,Dentro,Urbana,Semáforo,Funciona,Intersección,Deteriorada,Buena,Diurna,Buen Tiempo,Múltiple,S/D,Colisión,S/D,Faltante,Cordón divisorio,Sin restricción,POINT (-60.64178307863883 -33.0158888269654),"['San Martin', 'Circunvalacion']",2,José de San Martín; Avenida de Circunvalación 25 de Mayo,-33.0158888269654,-60.64178307863883,55.0,538.0,Municipio Rosario,Municipio,Rosario,820210,Servicio de Catastro e Información Territorial,IGN
2013,3144,2013-07-02,Martes,0.0,11:15:00,,0.0,2,"Automóvil,Moto/Ciclomotor",Mariano Moreno Y Santa Fe,2,1,0,0,1,0,0,,Calle,,ROSARIO,Rosario,Hormigón,Natural,II,Dentro,Urbana,Ninguna,Funciona,Intersección,Bueno,Buena,Diurna,Buen Tiempo,Lateral,S/D,Colisión,S/D,S/D,Ninguna,Sin restricción,POINT (-60.65025920000001 -32.942853299999996),"['Mariano Moreno', 'Santa Fe']",2,Mariano Moreno; Santa Fe,-32.9428533,-60.65025920000001,55.0,538.0,Municipio Rosario,Municipio,Rosario,820210,Servicio de Catastro e Información Territorial,IGN
2013,3147,2013-07-02,Martes,0.0,17:20:00,,0.0,2,"Otros,Transporte de Pasajeros",Pje. Chazarreta Y Donado,2,1,0,0,1,0,0,,Calle,,ROSARIO,Rosario,Asfalto,Pavimento,II,Dentro,Urbana,Ninguna,S/D,Intersección,Bueno,Buena,Diurna,Buen Tiempo,Otro,S/D,Colisión,S/D,Horizontal,Ninguna,Sin restricción,POINT (-60.727454599999994 -32.928187900000005),"['Chazarreta', 'Donado']",2,Chazarreta; José Agustín Donado,-32.928187900000005,-60.7274546,55.0,538.0,Municipio Rosario,Municipio,Rosario,820210,Servicio de Catastro e Información Territorial,IGN
2013,3148,2013-03-18,Lunes,0.0,,,0.0,2,"Moto/Ciclomotor,Automóvil",Av. Arijon Y Entre Rios,2,1,0,0,1,0,0,,Calle,,ROSARIO,Rosario,Asfalto,No existe,II,Dentro,Urbana,Ninguna,No existe,Intersección,Bueno,Buena,Diurna,Buen Tiempo,Otro,S/D,Colisión,S/D,Faltante,Línea divisoria pintada,Sin restricción,POINT (-60.6517823 -33.00314459999999),"['Avenida Manuel Arijón', 'Entre Ríos']",2,Avenida Manuel Arijón; Entre Ríos,-33.00314459999999,-60.6517823,55.0,538.0,Municipio Rosario,Municipio,Rosario,820210,Servicio de Catastro e Información Territorial,IGN
2013,3149,2013-07-03,Miercoles,0.0,07:30:00,,0.0,2,"Moto/Ciclomotor,Automóvil",J.J.Paso Y Pje. Ruiz Bis,2,1,0,0,1,0,0,,S/D,,ROSARIO,Rosario,Asfalto,No existe,II,S/D,S/D,Ninguna,No existe,Recta,Bueno,Buena,Diurna,Buen Tiempo,De alcance,S/D,Colisión,Otro,Horizontal,Ninguna,Sin restricción,POINT (-60.7289317 -32.9206966),"['Paso', 'Ruiz']",2,Avenida Juan José Paso; Doctor Fernando Ruiz,-32.9206966,-60.7289317,55.0,538.0,Municipio Rosario,Municipio,Rosario,820210,Servicio de Catastro e Información Territorial,IGN
2013,3151,2013-02-23,Sabado,0.0,11:00:00,,0.0,2,"Peatón,Automóvil",San Martin 6300,2,1,0,0,0,0,1,,Avenida,,ROSARIO,Rosario,Asfalto,No existe,II,Dentro,Urbana,Ninguna,No existe,Recta,Deteriorada,Buena,Diurna,Buen Tiempo,Otro,S/D,Atropello,S/D,S/D,Cordón divisorio,Sin restricción,"-32.9764777, -60.6372639",['San Martin 6300'],1,San Martin 6300,-32.9764777,-60.6372639,55.0,538.0,Municipio Rosario,Municipio,Rosario,820210,Servicio de Catastro e Información Territorial,IGN
2013,3153,2013-02-28,Jueves,0.0,15:45:00,,0.0,2,"Moto/Ciclomotor,Automóvil",San Martin Y Cabildo,2,1,0,0,0,0,1,,Avenida,,ROSARIO,Rosario,Asfalto,No existe,II,Dentro,Urbana,Ninguna,No existe,Intersección,Deteriorada,Buena,Diurna,Buen Tiempo,Otro,S/D,Colisión,S/D,Faltante,Ninguna,Sin restricción,POINT (-60.65030445000001 -33.0074006),"['San Martin', 'Cabildo']",2,José de San Martín; Cabildo,-33.0074006,-60.65030445000001,55.0,538.0,Municipio Rosario,Municipio,Rosario,820210,Servicio de Catastro e Información Territorial,IGN
2013,3155,2013-07-10,Miercoles,0.0,18:30:00,,0.0,2,"Moto/Ciclomotor,Automóvil",Av. Provincias Unidas Y Arevalo,2,1,0,0,1,0,0,,S/D,,ROSARIO,Rosario,Asfalto,No existe,II,S/D,S/D,Semáforo,S/D,Intersección,Bueno,Buena,Atardecer,Buen Tiempo,Lateral,S/D,"Colisión,Otro",Otro,S/D,Barrera de hormigón,Sin restricción,POINT (-60.713046500000004 -32.9306845),"['Avenida Provincias Unidas', 'Arévalo']",2,Avenida Provincias Unidas; Arévalo,-32.9306845,-60.7130465,55.0,538.0,Municipio Rosario,Municipio,Rosario,820210,Servicio de Catastro e Información Territorial,IGN
2013,3156,2013-07-10,Miercoles,0.0,13:30:00,,0.0,2,"Moto/Ciclomotor,Automóvil",COLECTORA Y JUNIN,2,1,0,0,1,0,0,,S/D,,ROSARIO,Rosario,Asfalto,No existe,II,S/D,S/D,Ninguna,No existe,Curva,Deteriorada,Buena,Diurna,Buen Tiempo,De alcance,S/D,Colisión,Otro,Faltante,Ninguna,Obra en Construcción,POINT (-60.72282095 -32.927659399999996),"['Colectora', 'Junín']",2,"('Colectora Juan Pablo II', 'Junín')",-32.9276594,-60.72282095,55.0,538.0,Municipio Rosario,Municipio,Rosario,820210,Servicio de Catastro e Información Territorial,IGN
2013,3157,2013-03-29,Viernes,0.0,15:30:00,,0.0,2,"Moto/Ciclomotor,Camión",SAN MARTIN Y CIRCUNVALACION,2,0,1,0,1,0,0,,Avenida,,ROSARIO,Rosario,Asfalto,Natural,II,Dentro,Urbana,Semáforo,Funciona,Otro,Bueno,Buena,Atardecer,Buen Tiempo,Otro,S/D,Colisión,S/D,S/D,Guardarrail,Sin restricción,POINT (-60.64178307863883 -33.0158888269654),"['San Martin', 'Circunvalacion']",2,José de San Martín; Avenida de Circunvalación 25 de Mayo,-33.0158888269654,-60.64178307863883,55.0,538.0,Municipio Rosario,Municipio,Rosario,820210,Servicio de Catastro e Información Territorial,IGN
2013,3159,2013-07-10,Miercoles,0.0,17:00:00,,0.0,2,"Moto/Ciclomotor,Automóvil",Av. Eva Peron Y Donado,2,1,0,0,1,0,0,,S/D,,ROSARIO,Rosario,Asfalto,Pavimento,II,S/D,S/D,Semáforo,Funciona,Intersección,Bueno,Buena,Diurna,Buen Tiempo,Lateral,S/D,Colisión,Otro,Vertical,Ninguna,Sin restricción,POINT (-60.727380600000004 -32.93040499999999),"['Avenida Eva Perón', 'Donado']",2,Avenida Eva Perón; José Agustín Donado,-32.93040499999999,-60.7273806,55.0,538.0,Municipio Rosario,Municipio,Rosario,820210,Servicio de Catastro e Información Territorial,IGN
2013,3161,2013-01-30,Miercoles,0.0,20:40:00,,0.0,2,"Moto/Ciclomotor,Automóvil",Av. Battle y Ordoñez ,2,1,0,0,1,0,0,,Calle,,ROSARIO,Rosario,Asfalto,No existe,II,S/D,Urbana,Ninguna,No existe,Intersección,Deteriorada,Reducida,Nocturna,Buen Tiempo,Lateral,S/D,Colisión,S/D,Faltante,Ninguna,Sin restricción,"-33.009042, -60.6558939",['Avenida Battle y Ordoñez'],1,Avenida Battle y Ordoñez,-33.009042,-60.6558939,55.0,538.0,Municipio Rosario,Municipio,Rosario,820210,Servicio de Catastro e Información Territorial,IGN
2013,3163,2013-03-05,Martes,0.0,19:40:00,,0.0,2,"Moto/Ciclomotor,Automóvil",Av. Ovidio Lagos Y Sanchez de Bustamante,2,1,0,0,1,0,0,,Avenida,,ROSARIO,Rosario,Asfalto,S/D,II,S/D,Urbana,Marca Vial,No existe,Recta,Bueno,Buena,Atardecer,Buen Tiempo,Lateral,S/D,Colisión,S/D,Horizontal,Barrera de hormigón,Sin restricción,POINT (-60.675914750000004 -33.00281285),"['Avenida Ovidio Lagos', 'Sánchez de Bustamante']",2,Avenida Ovidio Lagos; Sánchez de Bustamante,-33.00281285,-60.67591475,55.0,538.0,Municipio Rosario,Municipio,Rosario,820210,Servicio de Catastro e Información Territorial,IGN
2013,3164,2013-03-05,Martes,0.0,21:00:00,,0.0,2,"Peatón,Automóvil",Sarmiento Y Tucuman,2,1,0,0,1,0,0,,Calle,,ROSARIO,Rosario,Asfalto,No existe,II,Dentro,Urbana,Ninguna,No existe,Intersección,Bueno,Buena,"Nocturna,Con luz artificial",Buen Tiempo,Otro,S/D,Atropello,S/D,Faltante,Ninguna,Sin restricción,POINT (-60.6370593 -32.9418483),"['Sarmiento', 'Tucumán']",2,Sarmiento; Tucumán,-32.9418483,-60.6370593,55.0,538.0,Municipio Rosario,Municipio,Rosario,820210,Servicio de Catastro e Información Territorial,IGN
2013,3165,2013-03-09,Sabado,0.0,05:50:00,,0.0,1,Taxi/Remis,Salta 2500,2,1,0,0,1,0,0,,Calle,,ROSARIO,Rosario,Asfalto,No existe,II,S/D,Urbana,Ninguna,No existe,Recta,Bueno,S/D,Amanecer,Buen Tiempo,Otro,S/D,Otro,Otro,Faltante,Ninguna,Sin restricción,"-32.9359469, -60.6553799",['Salta 2500'],1,Salta 2500,-32.9359469,-60.6553799,55.0,538.0,Municipio Rosario,Municipio,Rosario,820210,Servicio de Catastro e Información Territorial,IGN
2013,3167,2013-03-07,Jueves,0.0,13:15:00,,0.0,2,"Automóvil,Moto/Ciclomotor",Av. Ovidio Lagos 6100,2,1,0,0,1,0,0,,Avenida,,ROSARIO,Rosario,Asfalto,Pavimento,II,S/D,S/D,S/D,Funciona,Recta,Bueno,Buena,Diurna,S/D,Otro,S/D,Colisión,S/D,Horizontal,Línea divisoria pintada,S/D,"-33.0259193, -60.6809495",['Ovidio Lagos 6100'],1,Ovidio Lagos 6100,-33.0259193,-60.6809495,55.0,538.0,Municipio Rosario,Municipio,Rosario,820210,Servicio de Catastro e Información Territorial,IGN
2013,3171,2013-03-05,Martes,0.0,12:30:00,,0.0,2,"Peatón,Automóvil",Catamarca Y Mitre,2,0,1,0,0,0,1,,Calle,,ROSARIO,Rosario,Asfalto,No existe,II,Dentro,Urbana,Ninguna,No existe,Intersección,Bueno,Buena,Diurna,Buen Tiempo,S/D,S/D,Atropello,S/D,Faltante,Ninguna,Sin restricción,POINT (-60.6381128 -32.94043400000001),"['Catamarca', 'Mitre']",2,Catamarca; Bartolomé Mitre,-32.94043400000001,-60.6381128,55.0,538.0,Municipio Rosario,Municipio,Rosario,820210,Servicio de Catastro e Información Territorial,IGN
2013,3172,2013-03-13,Miercoles,0.0,08:00:00,,0.0,1,Bicicleta,Salta 3300,1,1,0,0,0,0,0,,Calle,,ROSARIO,Rosario,Asfalto,No existe,II,S/D,Urbana,Semáforo,Funciona,Otro,Bueno,Buena,Diurna,Buen Tiempo,Otro,S/D,Atropello,Otro,Vertical,Ninguna,Sin restricción,"-32.9339953, -60.6662594",['Salta 3300'],1,Salta 3300,-32.9339953,-60.6662594,55.0,538.0,Municipio Rosario,Municipio,Rosario,820210,Servicio de Catastro e Información Territorial,IGN
2013,3173,2013-03-07,Jueves,0.0,11:30:00,,0.0,2,"Moto/Ciclomotor,Pickup/Utilitario",Santa Fe Y Sarmiento,3,2,0,0,1,0,0,,Calle,,ROSARIO,Rosario,Asfalto,No existe,II,Dentro,Urbana,Semáforo,Funciona,Intersección,Bueno,Buena,Diurna,Buen Tiempo,Frontal,S/D,Colisión,S/D,Vertical,Ninguna,Sin restricción,POINT (-60.6378673 -32.94513020000001),"['Santa Fe', 'Sarmiento']",2,Santa Fe; Sarmiento,-32.94513020000001,-60.6378673,55.0,538.0,Municipio Rosario,Municipio,Rosario,820210,Servicio de Catastro e Información Territorial,IGN
2013,3174,2013-03-07,Jueves,0.0,14:30:00,,0.0,2,"Moto/Ciclomotor,Automóvil",Lamadrid Y Constitucion,3,2,0,0,1,0,0,,Calle,,ROSARIO,Rosario,S/D,No existe,II,Dentro,Urbana,Ninguna,No existe,Recta,Con baches,Buena,S/D,Buen Tiempo,Lateral,S/D,S/D,S/D,Faltante,Ninguna,Sin restricción,POINT (-60.686459 -32.998250900000016),"['Lamadrid', 'Constitución']",2,Gregorio Aráoz de Lamadrid; Constitución,-32.998250900000016,-60.686459,55.0,538.0,Municipio Rosario,Municipio,Rosario,820210,Servicio de Catastro e Información Territorial,IGN
2013,3175,2013-03-13,Miercoles,0.0,23:30:00,,0.0,1,Moto/Ciclomotor,Av. Ovidio Lagos Y Tucuman,1,1,0,0,0,0,0,,Avenida,,ROSARIO,Rosario,Asfalto,No existe,II,S/D,Urbana,Semáforo,Funciona,Recta,Bueno,Buena,Nocturna,Buen Tiempo,Otro,S/D,Otro,Otro,Vertical,Ninguna,Sin restricción,POINT (-60.660284499999996 -32.93765479999999),"['Avenida Ovidio Lagos', 'Tucumán']",2,Avenida Ovidio Lagos; Tucumán,-32.93765479999999,-60.6602845,55.0,538.0,Municipio Rosario,Municipio,Rosario,820210,Servicio de Catastro e Información Territorial,IGN
2013,3178,2013-03-20,Miercoles,0.0,08:20:00,,0.0,1,Moto/Ciclomotor,Av. Ovidio Lagos 6400,1,1,0,0,0,0,0,,Avenida,,ROSARIO,Rosario,S/D,S/D,II,Dentro,Urbana,Semáforo,S/D,S/D,S/D,S/D,S/D,Buen Tiempo,S/D,S/D,Vuelco,S/D,S/D,Línea divisoria pintada,Sin restricción,"-32.9818631, -60.6709989",['Ovidio Lagos 6400'],1,Ovidio Lagos 6400,-32.9818631,-60.6709989,55.0,538.0,Municipio Rosario,Municipio,Rosario,820210,Servicio de Catastro e Información Territorial,IGN