anio_acci,nro_acci,fecha,desc_dia,fecha_aprox,hora_aprox,desc_ruta,km,cant_participantes,desc_participante,calle_avenida_km,total,heridos_leves,heridos_graves,heridos_gravisimos,ilesos,fallecidos,sin_datos,posicion_XY,desc_tipo_via,desc_ruta_ori,desc_loc,desc_dpto,desc_tipo_calzada,desc_tipo_banquina,desc_unidad_regional,desc_lugar_calzada,desc_zona,desc_prioridad,desc_estado_semaforo,desc_lugar_via,desc_estado_via,desc_estado_visibilidad,desc_luminosidad,desc_estado_clima,desc_tipo_colision,desc_tipo_atropello,desc_tipo_hecho,desc_pres_calzada,desc_senializacion,desc_separacion_via,desc_restriccion,forma_geocod,calle_lista,numero_calles,calles_osm,lat,lon,index_right,gid,fna,gna,nam,in1,fdc,sag
2013,3183,2013-03-24,Domingo,0.0,17:00:00,,0.0,1,Automóvil,av.circunvalacion Y ov. lagos,3,3,0,0,0,0,0,,Avenida,,ROSARIO,Rosario,Asfalto,Pavimento,II,Dentro,Urbana,S/D,Funciona,Recta,Bueno,Buena,Atardecer,Buen Tiempo,S/D,S/D,Vuelco,S/D,Horizontal,Línea divisoria pintada,Sin restricción,POINT (-60.67699098957188 -33.00797177001669),"['Circunvalacion', 'Avenida Ovidio Lagos']",2,Avenida de Circunvalación 25 de Mayo; Avenida Ovidio Lagos,-33.00797177001669,-60.67699098957188,55.0,538.0,Municipio Rosario,Municipio,Rosario,820210,Servicio de Catastro e Información Territorial,IGN
2013,3185,2013-03-20,Miercoles,0.0,07:30:00,,0.0,2,"Moto/Ciclomotor,Peatón",Crespo Y 24 De Setiembre,2,1,0,0,1,0,0,,Calle,,ROSARIO,Rosario,Asfalto,No existe,II,Dentro,Urbana,Ninguna,No existe,Intersección,Bueno,Buena,Diurna,Buen Tiempo,Frontal,S/D,Atropello,S/D,Faltante,Ninguna,Sin restricción,POINT (-60.6767429 -32.974866100000014),"['Crespo', '24 de Septiembre']",2,Crespo; 24 de Septiembre,-32.974866100000014,-60.6767429,55.0,538.0,Municipio Rosario,Municipio,Rosario,820210,Servicio de Catastro e Información Territorial,IGN
2013,3195,2013-03-21,Jueves,0.0,23:15:00,,0.0,2,"Moto/Ciclomotor,Automóvil",Av. Francia 3900,2,1,0,0,1,0,0,,Calle,,ROSARIO,Rosario,Asfalto,No existe,II,Dentro,Urbana,Ninguna,No existe,Recta,Bueno,Buena,"Nocturna,Con luz artificial",Buen Tiempo,Lateral,S/D,Colisión,S/D,Faltante,Cordón divisorio,Sin restricción,"-32.9349356, -60.6639852",['Francia 3900'],1,Francia 3900,-32.9349356,-60.6639852,55.0,538.0,Municipio Rosario,Municipio,Rosario,820210,Servicio de Catastro e Información Territorial,IGN
2013,3201,2013-03-07,Jueves,0.0,09:00:00,,0.0,2,"Automóvil,Peatón",Mariano Moreno Y San Lorenzo,2,1,0,0,1,0,0,,Calle,,ROSARIO,Rosario,Asfalto,No existe,II,Dentro,Urbana,Ninguna,No existe,Intersección,Bueno,Buena,Diurna,Buen Tiempo,Otro,S/D,Atropello,S/D,Vertical,Ninguna,S/D,POINT (-60.65002440000001 -32.94190830000001),"['Mariano Moreno', 'San Lorenzo']",2,Mariano Moreno; San Lorenzo,-32.94190830000001,-60.65002440000001,55.0,538.0,Municipio Rosario,Municipio,Rosario,820210,Servicio de Catastro e Información Territorial,IGN
2013,3203,2013-03-23,Sabado,0.0,17:15:00,,0.0,2,"Automóvil,Automóvil",Bv. Segui Y Av. Francia,3,1,0,0,1,0,1,,Avenida,,ROSARIO,Rosario,Asfalto,No existe,II,Dentro,Urbana,Semáforo,Funciona,Intersección,Bueno,Buena,Atardecer,S/D,Frontal,S/D,Colisión,S/D,Vertical,Barrera de hormigón,S/D,POINT (-60.673763175 -32.97418725),"['Bulevar Juan Francisco Seguí', 'Avenida Francia']",2,Bulevar Juan Francisco Seguí; Avenida Francia,-32.97418725,-60.673763175,55.0,538.0,Municipio Rosario,Municipio,Rosario,820210,Servicio de Catastro e Información Territorial,IGN
2013,3204,2013-03-11,Lunes,0.0,05:40:00,,0.0,2,"Taxi/Remis,Automóvil",Urquiza Y Mitre,3,3,0,0,0,0,0,,Calle,,ROSARIO,Rosario,Asfalto,No existe,II,Dentro,Urbana,Ninguna,S/D,Intersección,Bueno,Buena,Amanecer,Buen Tiempo,Lateral,S/D,Colisión,S/D,Faltante,Ninguna,Sin restricción,POINT (-60.6386903 -32.94275089999999),"['Urquiza', 'Mitre']",2,"('Justo José de Urquiza', 'Bartolomé Mitre')",-32.94275089999999,-60.6386903,55.0,538.0,Municipio Rosario,Municipio,Rosario,820210,Servicio de Catastro e Información Territorial,IGN
2013,3206,2013-03-06,Miercoles,0.0,,,0.0,2,"Moto/Ciclomotor,Automóvil",Acevedo Bis Y Av. Francia,3,2,0,0,1,0,0,,Avenida,,ROSARIO,Rosario,Asfalto,No existe,II,Dentro,Urbana,Semáforo,Funciona,Intersección,Bueno,Buena,Diurna,Buen Tiempo,Frontal,S/D,Colisión,S/D,Vertical,Cordón divisorio,Sin restricción,POINT (-60.677015250000004 -32.984204899999995),"['Acevedo', 'Avenida Francia']",2,Manuel Acevedo; Avenida Francia,-32.984204899999995,-60.67701525,55.0,538.0,Municipio Rosario,Municipio,Rosario,820210,Servicio de Catastro e Información Territorial,IGN
2013,3207,2013-03-11,Lunes,0.0,18:00:00,,0.0,2,"Automóvil,Automóvil",Av. Wheelwright Y Pte.Roca,2,1,0,0,1,0,0,,Calle,,ROSARIO,Rosario,Asfalto,No existe,II,Dentro,Urbana,Ninguna,Funciona,Intersección,Bueno,Buena,Atardecer,Buen Tiempo,De alcance,S/D,Colisión,S/D,Vertical,Ninguna,Sin restricción,POINT (-60.6427887 -32.9358766),"['Avenida Guillermo Wheelwright', 'Roca']",2,Avenida Guillermo Wheelwright; Presidente Roca,-32.9358766,-60.6427887,55.0,538.0,Municipio Rosario,Municipio,Rosario,820210,Servicio de Catastro e Información Territorial,IGN
2013,3211,2013-03-10,Domingo,0.0,06:15:00,,0.0,2,"Moto/Ciclomotor,Automóvil",Bv. Oroño Y J.M.Gutierrez,2,1,0,0,1,0,0,,Calle,,ROSARIO,Rosario,Asfalto,No existe,II,Dentro,Urbana,Semáforo,Funciona,Intersección,Bueno,Buena,Amanecer,Buen Tiempo,Lateral,S/D,Colisión,S/D,Vertical,Cordón divisorio,Sin restricción,POINT (-60.6653076 -32.994528599999995),"['Bulevar Nicasio Oroño', 'Gutierrez']",2,Bulevar Nicasio Oroño; Ricardo Gutierrez,-32.994528599999995,-60.6653076,55.0,538.0,Municipio Rosario,Municipio,Rosario,820210,Servicio de Catastro e Información Territorial,IGN
2013,3214,2013-03-10,Domingo,0.0,17:55:00,,0.0,3,"Automóvil,Moto/Ciclomotor,Moto/Ciclomotor",Bv. Oroño Y J.M.Gutierrez,7,2,0,0,5,0,0,,Calle,,ROSARIO,Rosario,Asfalto,No existe,II,Dentro,Urbana,Semáforo,Funciona,Intersección,Bueno,Buena,Diurna,Buen Tiempo,Lateral,S/D,Colisión,S/D,Vertical,Cordón divisorio,Sin restricción,POINT (-60.6653076 -32.994528599999995),"['Bulevar Nicasio Oroño', 'Gutierrez']",2,Bulevar Nicasio Oroño; Ricardo Gutierrez,-32.994528599999995,-60.6653076,55.0,538.0,Municipio Rosario,Municipio,Rosario,820210,Servicio de Catastro e Información Territorial,IGN
2013,3219,2013-03-12,Martes,0.0,12:00:00,,0.0,2,"Automóvil,Peatón",Mitre Y Tucuman,2,1,0,0,1,0,0,,Calle,,ROSARIO,Rosario,Asfalto,No existe,II,Dentro,Urbana,Ninguna,No existe,Intersección,Bueno,Buena,Diurna,Buen Tiempo,Otro,S/D,Atropello,S/D,Faltante,Ninguna,Sin restricción,POINT (-60.6383947 -32.94156490000001),"['Mitre', 'Tucumán']",2,Bartolomé Mitre; Tucumán,-32.94156490000001,-60.6383947,55.0,538.0,Municipio Rosario,Municipio,Rosario,820210,Servicio de Catastro e Información Territorial,IGN
2013,3224,2013-03-19,Martes,0.0,15:30:00,,0.0,2,"Moto/Ciclomotor,Automóvil",Av. Arijon Y Cereseto,2,1,0,0,1,0,0,,Calle,,ROSARIO,Rosario,Asfalto,No existe,II,Dentro,Urbana,Ninguna,No existe,Intersección,Bueno,Buena,Diurna,Buen Tiempo,Lateral,S/D,Colisión,S/D,Faltante,Ninguna,Sin restricción,POINT (-60.67382760000001 -33.0037959),"['Avenida Manuel Arijón', 'Cereseto']",2,Avenida Manuel Arijón; Cereseto,-33.0037959,-60.67382760000001,55.0,538.0,Municipio Rosario,Municipio,Rosario,820210,Servicio de Catastro e Información Territorial,IGN
2013,3230,2013-03-14,Jueves,0.0,,,0.0,2,"Moto/Ciclomotor,Automóvil",Bv. Oroño Y Lamadrid,2,1,0,0,1,0,0,,S/D,,ROSARIO,Rosario,Asfalto,S/D,II,S/D,S/D,S/D,S/D,S/D,Bueno,S/D,S/D,S/D,S/D,S/D,S/D,S/D,S/D,S/D,S/D,POINT (-60.66524270000001 -32.9976152),"['Bulevar Nicasio Oroño', 'Lamadrid']",2,Bulevar Nicasio Oroño; Gregorio Aráoz de Lamadrid,-32.9976152,-60.66524270000001,55.0,538.0,Municipio Rosario,Municipio,Rosario,820210,Servicio de Catastro e Información Territorial,IGN
2013,3237,2013-03-14,Jueves,0.0,11:00:00,,0.0,2,"Bicicleta,Automóvil",Av. Arijon Y Av. Corrientes,2,1,0,0,1,0,0,,S/D,,ROSARIO,Rosario,S/D,S/D,II,Dentro,Urbana,S/D,S/D,S/D,S/D,S/D,S/D,S/D,S/D,S/D,Atropello,S/D,S/D,S/D,S/D,POINT (-60.6532343 -33.003188200000004),"['Avenida Manuel Arijón', 'Corrientes']",2,Avenida Manuel Arijón; Corrientes,-33.003188200000004,-60.6532343,55.0,538.0,Municipio Rosario,Municipio,Rosario,820210,Servicio de Catastro e Información Territorial,IGN
2013,3247,2013-03-22,Viernes,0.0,,,0.0,2,"Moto/Ciclomotor,Automóvil",Pueyrredon Y Ombu,2,1,0,0,1,0,0,,S/D,,ROSARIO,Rosario,S/D,S/D,II,S/D,S/D,S/D,S/D,S/D,S/D,S/D,S/D,S/D,S/D,S/D,S/D,S/D,S/D,S/D,S/D,POINT (-60.6689204 -33.006602099999995),"['Pueyrredón', 'Ombú']",2,Pueyrredón; Ombú,-33.006602099999995,-60.6689204,55.0,538.0,Municipio Rosario,Municipio,Rosario,820210,Servicio de Catastro e Información Territorial,IGN
2013,3248,2013-03-22,Viernes,0.0,19:30:00,,0.0,2,"Moto/Ciclomotor,Automóvil",Av. Arijon 1700,2,1,0,0,1,0,0,,Calle,,ROSARIO,Rosario,Asfalto,S/D,II,Dentro,Urbana,S/D,S/D,S/D,S/D,S/D,S/D,S/D,S/D,S/D,S/D,S/D,S/D,S/D,S/D,"-33.0033024, -60.6572523",['Arijon 1700'],1,Arijon 1700,-33.0033024,-60.6572523,55.0,538.0,Municipio Rosario,Municipio,Rosario,820210,Servicio de Catastro e Información Territorial,IGN
2013,3251,2013-07-11,Jueves,0.0,11:00:00,,0.0,1,Automóvil,Av. Provincias Unidas Y Velez Sarsfield,2,1,0,0,1,0,0,,S/D,,ROSARIO,Rosario,Asfalto,Pavimento,II,S/D,S/D,Ninguna,No existe,Intersección,Bueno,Buena,Diurna,Lluvia,Lateral,S/D,Colisión,Agua,Faltante,Cordón divisorio,Sin restricción,POINT (-60.7132322 -32.92604335),"['Avenida Provincias Unidas', 'Vélez Sarsfield']",2,Avenida Provincias Unidas; Vélez Sarsfield,-32.92604335,-60.7132322,55.0,538.0,Municipio Rosario,Municipio,Rosario,820210,Servicio de Catastro e Información Territorial,IGN
2013,3252,2013-07-13,Sabado,0.0,21:05:00,,0.0,2,"Moto/Ciclomotor,Moto/Ciclomotor",Tarragona Y J.J.Paso,2,1,0,0,1,0,0,,S/D,,ROSARIO,Rosario,Asfalto,Pavimento,II,S/D,S/D,Semáforo,Funciona,Intersección,Bueno,Reducida,Diurna,Buen Tiempo,Lateral,S/D,Colisión,S/D,Vertical,Cordón divisorio,Sin restricción,POINT (-60.734874149999996 -32.920841149999994),"['Tarragona', 'Paso']",2,Tarragona; Avenida Juan José Paso,-32.920841149999994,-60.73487415,55.0,538.0,Municipio Rosario,Municipio,Rosario,820210,Servicio de Catastro e Información Territorial,IGN
2013,3255,2013-07-13,Sabado,0.0,01:50:00,,0.0,2,"Moto/Ciclomotor,Automóvil",Tarragona Y Bv. Argentino,3,2,0,0,1,0,0,,S/D,,ROSARIO,Rosario,Asfalto,Pavimento,II,S/D,S/D,Ninguna,No existe,Intersección,Bueno,Buena,Nocturna,Buen Tiempo,Lateral,S/D,Colisión,Otro,Faltante,Ninguna,Sin restricción,POINT (-60.7346713 -32.9243627),"['Tarragona', 'Argentino']",2,Tarragona; Avenida Central Argentino,-32.9243627,-60.7346713,55.0,538.0,Municipio Rosario,Municipio,Rosario,820210,Servicio de Catastro e Información Territorial,IGN
2013,3264,2013-07-14,Domingo,0.0,19:00:00,,0.0,2,"Moto/Ciclomotor,Automóvil",Ecuador Y F.M.Esquiu,2,2,0,0,0,0,0,,S/D,,ROSARIO,Rosario,Asfalto,Pavimento,II,S/D,S/D,Ninguna,No existe,Intersección,Bueno,Buena,Atardecer,Buen Tiempo,Lateral,S/D,Colisión,Otro,Faltante,Ninguna,Sin restricción,POINT (-60.71572960000001 -32.92319179999999),"['Ecuador', 'Esquiú']",2,Ecuador; Esquiú,-32.92319179999999,-60.71572960000001,55.0,538.0,Municipio Rosario,Municipio,Rosario,820210,Servicio de Catastro e Información Territorial,IGN
2013,3269,2013-03-25,Lunes,0.0,20:00:00,,0.0,2,"Peatón,Moto/Ciclomotor",Bv. Segui Y Pje. Manantiales,3,2,0,0,1,0,0,,Calle,,ROSARIO,Rosario,Tierra,S/D,II,Dentro,Urbana,Ninguna,S/D,Intersección,Deteriorada,Buena,Atardecer,Buen Tiempo,Lateral,S/D,Atropello,S/D,S/D,Ninguna,Sin restricción,POINT (-60.6902359 -32.9712969),"['Bulevar Juan Francisco Seguí', 'Manantiales']",2,Bulevar Juan Francisco Seguí; Pasaje Manantiales,-32.9712969,-60.6902359,55.0,538.0,Municipio Rosario,Municipio,Rosario,820210,Servicio de Catastro e Información Territorial,IGN
2013,3271,2013-03-25,Lunes,0.0,22:45:00,,0.0,1,,Av. Ovidio Lagos Y Dr.Rivas,2,1,0,0,1,0,0,,Calle,,ROSARIO,Rosario,Asfalto,S/D,II,Dentro,Urbana,Ninguna,No existe,Intersección,Bueno,Buena,Nocturna,Buen Tiempo,Lateral,S/D,Colisión,S/D,Faltante,S/D,S/D,POINT (-60.6705014 -32.979572149999996),"['Avenida Ovidio Lagos', 'Doctor Francisco Riva']",2,Avenida Ovidio Lagos; Doctor Francisco Riva,-32.97957215,-60.6705014,55.0,538.0,Municipio Rosario,Municipio,Rosario,820210,Servicio de Catastro e Información Territorial,IGN
2013,3272,2013-03-25,Lunes,0.0,22:45:00,,0.0,2,"Bicicleta,Taxi/Remis",Av. Ovidio Lagos Y Dr.Rivas,2,1,0,0,1,0,0,,Calle,,ROSARIO,Rosario,Asfalto,S/D,II,S/D,Urbana,Ninguna,No existe,Intersección,Bueno,Buena,Nocturna,Buen Tiempo,Lateral,S/D,Atropello,S/D,Faltante,S/D,S/D,POINT (-60.6705014 -32.979572149999996),"['Avenida Ovidio Lagos', 'Doctor Francisco Riva']",2,Avenida Ovidio Lagos; Doctor Francisco Riva,-32.97957215,-60.6705014,55.0,538.0,Municipio Rosario,Municipio,Rosario,820210,Servicio de Catastro e Información Territorial,IGN
2013,3282,2013-03-12,Martes,0.0,11:30:00,,0.0,2,"Automóvil,Automóvil",Urquiza Y Italia,3,1,0,0,2,0,0,,Calle,,ROSARIO,Rosario,Asfalto,No existe,II,Dentro,Urbana,Ninguna,No existe,Intersección,Bueno,Buena,Diurna,Buen Tiempo,Lateral,S/D,Colisión,S/D,Faltante,Ninguna,Sin restricción,POINT (-60.6469902 -32.94122840000001),"['Urquiza', 'Italia']",2,Justo José de Urquiza; Italia,-32.94122840000001,-60.6469902,55.0,538.0,Municipio Rosario,Municipio,Rosario,820210,Servicio de Catastro e Información Territorial,IGN
2013,3284,2013-03-14,Jueves,0.0,07:00:00,,0.0,2,"Automóvil,Moto/Ciclomotor",Urquiza 1100,2,1,0,0,1,0,0,,Calle,,ROSARIO,Rosario,Asfalto,No existe,II,Dentro,Urbana,Ninguna,No existe,Recta,Bueno,S/D,Diurna,Buen Tiempo,S/D,S/D,Colisión,S/D,Faltante,S/D,Sin restricción,"-32.9430377, -60.6370837",['Urquiza 1100'],1,Urquiza 1100,-32.9430377,-60.6370837,55.0,538.0,Municipio Rosario,Municipio,Rosario,820210,Servicio de Catastro e Información Territorial,IGN
2013,3292,2013-03-14,Jueves,0.0,07:50:00,,0.0,2,"Peatón,Transporte de Pasajeros Urbano (> 8 asientos)",Brown Y Dorrego,2,1,0,0,1,0,0,,Calle,,ROSARIO,Rosario,Asfalto,No existe,II,Dentro,Urbana,S/D,S/D,Intersección,Bueno,Buena,Diurna,Buen Tiempo,S/D,S/D,Atropello,S/D,S/D,Ninguna,Sin restricción,POINT (-60.6468186 -32.93514119999999),"['Brown', 'Dorrego']",2,Almirante Brown; Manuel Dorrego,-32.93514119999999,-60.6468186,55.0,538.0,Municipio Rosario,Municipio,Rosario,820210,Servicio de Catastro e Información Territorial,IGN
2013,3294,2013-03-14,Jueves,0.0,09:10:00,,0.0,2,"Pickup/Utilitario,Automóvil",Av. Belgrano Y San Martin,2,1,0,0,1,0,0,,Avenida,,ROSARIO,Rosario,Asfalto,S/D,II,Dentro,Urbana,Ninguna,S/D,Intersección,Bueno,S/D,S/D,Buen Tiempo,S/D,S/D,Colisión,S/D,Faltante,S/D,Sin restricción,POINT (-60.6351258 -32.9409549),"['Belgrano', 'San Martin']",2,"('Avenida Manuel Belgrano', 'José de San Martín')",-32.9409549,-60.6351258,55.0,538.0,Municipio Rosario,Municipio,Rosario,820210,Servicio de Catastro e Información Territorial,IGN
2013,3295,2013-03-17,Domingo,0.0,11:00:00,,0.0,2,"Automóvil,Moto/Ciclomotor",Paraguay Y Catamarca,3,2,0,0,1,0,0,,Calle,,ROSARIO,Rosario,Asfalto,No existe,II,Dentro,Urbana,S/D,No existe,Intersección,Bueno,Buena,Diurna,S/D,S/D,S/D,Colisión,S/D,S/D,Barrera de hormigón,Sin restricción,POINT (-60.6422711 -32.93963970000001),"['Paraguay', 'Catamarca']",2,Paraguay; Catamarca,-32.93963970000001,-60.6422711,55.0,538.0,Municipio Rosario,Municipio,Rosario,820210,Servicio de Catastro e Información Territorial,IGN
2013,3296,2013-03-15,Viernes,0.0,11:00:00,,0.0,2,"Automóvil,Moto/Ciclomotor",Paraguay Y Catamarca,3,2,0,0,1,0,0,,Calle,,ROSARIO,Rosario,Asfalto,S/D,II,Dentro,Urbana,S/D,S/D,Recta,Bueno,S/D,S/D,S/D,S/D,S/D,Colisión,S/D,S/D,S/D,S/D,POINT (-60.6422711 -32.93963970000001),"['Paraguay', 'Catamarca']",2,Paraguay; Catamarca,-32.93963970000001,-60.6422711,55.0,538.0,Municipio Rosario,Municipio,Rosario,820210,Servicio de Catastro e Información Territorial,IGN
2013,3297,2013-03-17,Domingo,0.0,07:35:00,,0.0,2,"Automóvil,Automóvil",Salta Y Entre Rios,3,1,0,0,2,0,0,,Calle,,ROSARIO,Rosario,Asfalto,No existe,II,Dentro,Urbana,S/D,S/D,Intersección,Bueno,Buena,Diurna,Buen Tiempo,Lateral,S/D,Colisión,S/D,S/D,Ninguna,Sin restricción,POINT (-60.63918240000001 -32.938972),"['Salta', 'Entre Ríos']",2,Salta; Entre Ríos,-32.938972,-60.63918240000001,55.0,538.0,Municipio Rosario,Municipio,Rosario,820210,Servicio de Catastro e Información Territorial,IGN
2013,3298,2013-03-21,Jueves,0.0,15:30:00,,0.0,2,"Automóvil,Moto/Ciclomotor",Paraguay Y Tucuman,2,1,0,0,1,0,0,,Calle,,ROSARIO,Rosario,Asfalto,S/D,II,Dentro,Urbana,S/D,S/D,Intersección,Bueno,S/D,S/D,Buen Tiempo,S/D,S/D,Colisión,S/D,S/D,Barrera de hormigón,Sin restricción,POINT (-60.6425624 -32.94080369999999),"['Paraguay', 'Tucumán']",2,Paraguay; Tucumán,-32.94080369999999,-60.6425624,55.0,538.0,Municipio Rosario,Municipio,Rosario,820210,Servicio de Catastro e Información Territorial,IGN
2013,3301,2013-03-21,Jueves,0.0,10:00:00,,0.0,1,Moto/Ciclomotor,Av. Illia ,2,2,0,0,0,0,0,,Calle,,ROSARIO,Rosario,Asfalto,No existe,II,Dentro,Urbana,S/D,S/D,Puente,Bueno,Buena,Diurna,Buen Tiempo,S/D,S/D,Caída ocupante,S/D,S/D,Barrera de hormigón,Sin restricción,"-32.9341844, -60.6452573",['Illia'],1,Illia,-32.9341844,-60.6452573,55.0,538.0,Municipio Rosario,Municipio,Rosario,820210,Servicio de Catastro e Información Territorial,IGN
2013,3303,2013-03-21,Jueves,0.0,18:45:00,,0.0,2,"Automóvil,Pickup/Utilitario",Av. Wheelwright ,2,1,0,0,1,0,0,,Avenida,,ROSARIO,Rosario,Asfalto,No existe,II,Dentro,Urbana,Ninguna,Funciona,Intersección,Bueno,Buena,Diurna,Buen Tiempo,De alcance,S/D,Colisión,S/D,Vertical,Ninguna,Sin restricción,"-32.9366499, -60.6415423",['Avenida Guillermo Wheelwright'],1,Avenida Guillermo Wheelwright,-32.9366499,-60.6415423,55.0,538.0,Municipio Rosario,Municipio,Rosario,820210,Servicio de Catastro e Información Territorial,IGN
2013,3304,2013-03-21,Jueves,0.0,16:00:00,,0.0,1,Moto/Ciclomotor,España 213,2,1,0,0,1,0,0,,Calle,,ROSARIO,Rosario,Asfalto,No existe,II,Dentro,Urbana,S/D,S/D,Recta,Bueno,Buena,Diurna,Buen Tiempo,S/D,S/D,Caída ocupante,S/D,S/D,S/D,Sin restricción,"-32.9381117244898, -60.64471218979592",['España 213'],1,España 213,-32.9381117244898,-60.64471218979592,55.0,538.0,Municipio Rosario,Municipio,Rosario,820210,Servicio de Catastro e Información Territorial,IGN
2013,3306,2013-03-26,Martes,0.0,19:00:00,,0.0,2,"Peatón,Moto/Ciclomotor",Pje. Candelaria Bis Y J.B.Justo,2,1,0,0,0,0,1,,Calle,,ROSARIO,Rosario,S/D,S/D,II,Dentro,Urbana,S/D,S/D,S/D,S/D,S/D,S/D,S/D,S/D,S/D,Atropello,S/D,S/D,S/D,S/D,POINT (-60.72748790000001 -32.9153214),"['Candelaria', 'Justo']",2,Candelaria; Justo José de Urquiza,-32.9153214,-60.72748790000001,55.0,538.0,Municipio Rosario,Municipio,Rosario,820210,Servicio de Catastro e Información Territorial,IGN
2013,3310,2013-03-11,Lunes,0.0,23:25:00,,0.0,2,"Automóvil,Taxi/Remis",L.N.Alem Y Bv. Segui,3,1,0,0,2,0,0,,Avenida,,ROSARIO,Rosario,Asfalto,No existe,II,Dentro,Urbana,Marca Vial,No existe,Intersección,Bueno,Buena,"Nocturna,Con luz artificial",Buen Tiempo,Lateral,S/D,Colisión,Otro,Horizontal,Cordón divisorio,Sin restricción,POINT (-60.63650380000001 -32.980857400000005),"['Alem', 'Bulevar Juan Francisco Seguí']",2,Leandro N. Alem; Bulevar Juan Francisco Seguí,-32.980857400000005,-60.63650380000001,55.0,538.0,Municipio Rosario,Municipio,Rosario,820210,Servicio de Catastro e Información Territorial,IGN
2013,3318,2013-03-23,Sabado,0.0,08:00:00,,0.0,2,"Moto/Ciclomotor,Taxi/Remis",Salta Y Balcarce,2,1,0,0,1,0,0,,Calle,,ROSARIO,Rosario,Asfalto,No existe,II,Dentro,Urbana,S/D,No existe,Intersección,Bueno,Buena,Diurna,Buen Tiempo,Lateral,S/D,Colisión,S/D,S/D,S/D,Sin restricción,POINT (-60.6501714 -32.936959299999984),"['Salta', 'Balcarce']",2,Salta; Balcarce,-32.936959299999984,-60.6501714,55.0,538.0,Municipio Rosario,Municipio,Rosario,820210,Servicio de Catastro e Información Territorial,IGN
2013,3321,2013-03-23,Sabado,0.0,08:30:00,,0.0,1,Transporte de Pasajeros Urbano (> 8 asientos),San Lorenzo Y Pte.Roca,1,1,0,0,0,0,0,,Calle,,ROSARIO,Rosario,Asfalto,Pavimento,II,Dentro,Urbana,S/D,No existe,Recta,Bueno,Buena,Diurna,Buen Tiempo,S/D,S/D,Caída ocupante,S/D,Faltante,Barrera de hormigón,Sin restricción,POINT (-60.6445114 -32.942901499999984),"['San Lorenzo', 'Roca']",2,San Lorenzo; Presidente Roca,-32.942901499999984,-60.6445114,55.0,538.0,Municipio Rosario,Municipio,Rosario,820210,Servicio de Catastro e Información Territorial,IGN
2013,3324,2013-03-26,Martes,0.0,12:50:00,,0.0,1,,Mitre Y Tucuman,2,1,0,0,1,0,0,,Calle,,ROSARIO,Rosario,Asfalto,No existe,II,Dentro,Urbana,Ninguna,S/D,Recta,Bueno,Buena,Diurna,Buen Tiempo,Frontal,S/D,Colisión,S/D,Faltante,Ninguna,Sin restricción,POINT (-60.6383947 -32.94156490000001),"['Mitre', 'Tucumán']",2,Bartolomé Mitre; Tucumán,-32.94156490000001,-60.6383947,55.0,538.0,Municipio Rosario,Municipio,Rosario,820210,Servicio de Catastro e Información Territorial,IGN
2013,3329,2013-03-26,Martes,0.0,12:50:00,,0.0,2,"Moto/Ciclomotor,Automóvil",Mitre Y Tucuman,2,1,0,0,1,0,0,,Calle,,ROSARIO,Rosario,Asfalto,No existe,II,Dentro,Urbana,Ninguna,S/D,Recta,Bueno,Buena,Diurna,Buen Tiempo,Frontal,S/D,Colisión,S/D,Faltante,Ninguna,Sin restricción,POINT (-60.6383947 -32.94156490000001),"['Mitre', 'Tucumán']",2,Bartolomé Mitre; Tucumán,-32.94156490000001,-60.6383947,55.0,538.0,Municipio Rosario,Municipio,Rosario,820210,Servicio de Catastro e Información Territorial,IGN
2013,3330,2013-07-05,Viernes,0.0,07:45:00,,0.0,2,"Automóvil,Moto/Ciclomotor",Velez Sarsfield Y Fraga,2,1,0,0,1,0,0,,Calle,,ROSARIO,Rosario,Asfalto,No existe,II,Dentro,Urbana,Ninguna,No existe,Intersección,S/D,Buena,Diurna,S/D,Lateral,S/D,Colisión,S/D,Faltante,Ninguna,Sin restricción,POINT (-60.710862799999994 -32.9259725),"['Vélez Sarsfield', 'Fraga']",2,Vélez Sarsfield; Rosendo María Fraga,-32.9259725,-60.7108628,55.0,538.0,Municipio Rosario,Municipio,Rosario,820210,Servicio de Catastro e Información Territorial,IGN
2013,3334,2013-03-26,Martes,0.0,22:45:00,,0.0,2,"Moto/Ciclomotor,Automóvil",Bv. Oroño Y Urquiza,2,1,0,0,1,0,0,,Calle,,ROSARIO,Rosario,Asfalto,No existe,II,Dentro,Urbana,Ninguna,No existe,Intersección,Bueno,Buena,"Nocturna,Con luz artificial",Buen Tiempo,Lateral,S/D,Colisión,S/D,Faltante,Ninguna,Sin restricción,POINT (-60.652427200000005 -32.940226100000004),"['Bulevar Nicasio Oroño', 'Urquiza']",2,Bulevar Nicasio Oroño; Justo José de Urquiza,-32.940226100000004,-60.652427200000005,55.0,538.0,Municipio Rosario,Municipio,Rosario,820210,Servicio de Catastro e Información Territorial,IGN