anio_acci,nro_acci,fecha,desc_dia,fecha_aprox,hora_aprox,desc_ruta,km,cant_participantes,desc_participante,calle_avenida_km,total,heridos_leves,heridos_graves,heridos_gravisimos,ilesos,fallecidos,sin_datos,posicion_XY,desc_tipo_via,desc_ruta_ori,desc_loc,desc_dpto,desc_tipo_calzada,desc_tipo_banquina,desc_unidad_regional,desc_lugar_calzada,desc_zona,desc_prioridad,desc_estado_semaforo,desc_lugar_via,desc_estado_via,desc_estado_visibilidad,desc_luminosidad,desc_estado_clima,desc_tipo_colision,desc_tipo_atropello,desc_tipo_hecho,desc_pres_calzada,desc_senializacion,desc_separacion_via,desc_restriccion,forma_geocod,calle_lista,numero_calles,calles_osm,lat,lon,index_right,gid,fna,gna,nam,in1,fdc,sag
2013,3336,2013-03-29,Viernes,0.0,19:20:00,,0.0,2,"Moto/Ciclomotor,Moto/Ciclomotor",Av. Wheelwright Y España,3,2,0,0,1,0,0,,Avenida,,ROSARIO,Rosario,Asfalto,No existe,II,Dentro,Urbana,Semáforo,Funciona,Intersección,Bueno,Buena,Diurna,Buen Tiempo,Frontal,S/D,Colisión,S/D,Vertical,Ninguna,Sin restricción,POINT (-60.6440259 -32.935137999999995),"['Avenida Guillermo Wheelwright', 'España']",2,Avenida Guillermo Wheelwright; España,-32.935137999999995,-60.6440259,55.0,538.0,Municipio Rosario,Municipio,Rosario,820210,Servicio de Catastro e Información Territorial,IGN
2013,3341,2013-03-01,Viernes,0.0,09:30:00,,0.0,2,"Moto/Ciclomotor,Automóvil",Montevideo Y Balcarce,2,1,0,0,1,0,0,,Calle,,ROSARIO,Rosario,Asfalto,S/D,II,Dentro,Urbana,S/D,S/D,Intersección,S/D,S/D,Diurna,S/D,Otro,S/D,Colisión,S/D,S/D,S/D,S/D,POINT (-60.6543933 -32.953676800000004),"['Montevideo', 'Balcarce']",2,Montevideo; Balcarce,-32.953676800000004,-60.6543933,55.0,538.0,Municipio Rosario,Municipio,Rosario,820210,Servicio de Catastro e Información Territorial,IGN
2013,3349,2013-03-04,Lunes,0.0,15:10:00,,0.0,2,"Moto/Ciclomotor,Automóvil",San Luis Y Mitre,3,1,0,0,2,0,0,,Calle,,ROSARIO,Rosario,S/D,S/D,II,Dentro,Urbana,S/D,S/D,Intersección,S/D,S/D,Diurna,S/D,Otro,S/D,Colisión,S/D,S/D,S/D,S/D,POINT (-60.64024150000001 -32.9487917),"['San Luis', 'Mitre']",2,San Luis; Bartolomé Mitre,-32.9487917,-60.64024150000001,55.0,538.0,Municipio Rosario,Municipio,Rosario,820210,Servicio de Catastro e Información Territorial,IGN
2013,3351,2013-03-04,Lunes,0.0,08:50:00,,0.0,2,"Moto/Ciclomotor,Automóvil",Mendoza 1400,2,1,0,0,1,0,0,,Calle,,ROSARIO,Rosario,Asfalto,S/D,II,Dentro,Urbana,S/D,S/D,Recta,S/D,S/D,Diurna,S/D,S/D,S/D,Colisión,S/D,S/D,S/D,S/D,"-32.9507532, -60.6434877",['Mendoza 1400'],1,Mendoza 1400,-32.9507532,-60.6434877,55.0,538.0,Municipio Rosario,Municipio,Rosario,820210,Servicio de Catastro e Información Territorial,IGN
2013,3357,2013-03-06,Miercoles,0.0,09:00:00,,0.0,2,"Automóvil,Automóvil",Montevideo Y Balcarce,2,1,0,0,1,0,0,,Calle,,ROSARIO,Rosario,Asfalto,S/D,II,Dentro,Urbana,S/D,S/D,Recta,S/D,S/D,Diurna,S/D,Lateral,S/D,Colisión,S/D,S/D,S/D,S/D,POINT (-60.6543933 -32.953676800000004),"['Montevideo', 'Balcarce']",2,Montevideo; Balcarce,-32.953676800000004,-60.6543933,55.0,538.0,Municipio Rosario,Municipio,Rosario,820210,Servicio de Catastro e Información Territorial,IGN
2013,3359,2013-03-06,Miercoles,0.0,11:50:00,,0.0,2,"Bicicleta,Automóvil",Santa Fe Y Italia,2,1,0,0,1,0,0,,Calle,,ROSARIO,Rosario,Asfalto,S/D,II,Dentro,Urbana,S/D,S/D,Intersección,S/D,S/D,S/D,S/D,S/D,S/D,Atropello,S/D,S/D,S/D,S/D,POINT (-60.6475241 -32.94334839999999),"['Santa Fe', 'Italia']",2,Santa Fe; Italia,-32.94334839999999,-60.6475241,55.0,538.0,Municipio Rosario,Municipio,Rosario,820210,Servicio de Catastro e Información Territorial,IGN
2013,3360,2013-03-06,Miercoles,0.0,08:50:00,,0.0,2,"Bicicleta,Transporte de Pasajeros Urbano (> 8 asientos)",Av. Pellegrini Y San Martin,2,1,0,0,1,0,0,,Calle,,ROSARIO,Rosario,Asfalto,S/D,II,Dentro,Urbana,S/D,S/D,Intersección,S/D,S/D,S/D,S/D,Otro,S/D,Colisión,S/D,S/D,S/D,S/D,POINT (-60.68038573333334 -32.9696798),"['Pellegrini', 'San Martin']",2,Avenida Carlos Pellegrini; José de San Martín,-32.9696798,-60.68038573333334,55.0,538.0,Municipio Rosario,Municipio,Rosario,820210,Servicio de Catastro e Información Territorial,IGN
2013,3361,2013-03-23,Sabado,0.0,10:00:00,,0.0,2,"Moto/Ciclomotor,Vehículo Oficial",Bv. 27 De Febrero Y Brasil,2,1,0,0,1,0,0,,Calle,,ROSARIO,Rosario,Asfalto,Natural,II,Dentro,Urbana,Ninguna,No existe,Intersección,Bueno,Buena,Diurna,Buen Tiempo,Lateral,S/D,Colisión,S/D,S/D,S/D,S/D,POINT (-60.7187915 -32.95954040000001),"['27 de Febrero', 'Brasil']",2,Bulevar 27 de Febrero; Brasil,-32.95954040000001,-60.7187915,55.0,538.0,Municipio Rosario,Municipio,Rosario,820210,Servicio de Catastro e Información Territorial,IGN
2013,3362,2013-03-06,Miercoles,0.0,16:30:00,,0.0,2,"Moto/Ciclomotor,Automóvil",9 De Julio 2000,2,1,0,0,1,0,0,,Calle,,ROSARIO,Rosario,Asfalto,S/D,II,Dentro,Urbana,S/D,S/D,Recta,S/D,S/D,S/D,S/D,S/D,S/D,Colisión,S/D,S/D,S/D,S/D,"-32.9528599, -60.645596",['9 De Julio 2000'],1,9 De Julio 2000,-32.9528599,-60.645596,55.0,538.0,Municipio Rosario,Municipio,Rosario,820210,Servicio de Catastro e Información Territorial,IGN
2013,3376,2013-07-07,Domingo,0.0,15:20:00,,0.0,2,"Moto/Ciclomotor,Automóvil",P.L.Funes Y Pje. Einstein,2,1,0,0,1,0,0,,S/D,,ROSARIO,Rosario,Asfalto,No existe,II,S/D,Urbana,Ninguna,No existe,Intersección,Bueno,Buena,Diurna,S/D,Lateral,S/D,Colisión,S/D,Faltante,Ninguna,Sin restricción,POINT (-60.7018128 -32.92459219999999),"['Funes', 'Einstein']",2,Deán Gregorio Funes; Albert Einstein,-32.92459219999999,-60.7018128,55.0,538.0,Municipio Rosario,Municipio,Rosario,820210,Servicio de Catastro e Información Territorial,IGN
2013,3394,2013-03-07,Jueves,0.0,14:00:00,,0.0,2,"Peatón,Automóvil",Montevideo Y Pte.Roca,2,1,0,0,0,0,1,,Calle,,ROSARIO,Rosario,Asfalto,S/D,II,Dentro,Urbana,S/D,S/D,Intersección,S/D,S/D,Diurna,S/D,S/D,S/D,Atropello,S/D,S/D,S/D,S/D,POINT (-60.6475352 -32.954896299999994),"['Montevideo', 'Roca']",2,Montevideo; Presidente Roca,-32.954896299999994,-60.6475352,55.0,538.0,Municipio Rosario,Municipio,Rosario,820210,Servicio de Catastro e Información Territorial,IGN
2013,3396,2013-03-09,Sabado,0.0,22:15:00,,0.0,2,"Automóvil,Automóvil",San Juan Y Bv. Oroño,3,1,0,0,2,0,0,,Avenida,,ROSARIO,Rosario,Asfalto,S/D,II,Dentro,Urbana,S/D,Funciona,Intersección,S/D,S/D,Nocturna,S/D,S/D,S/D,Colisión,S/D,S/D,S/D,S/D,POINT (-60.6542222 -32.947453949999996),"['San Juan', 'Bulevar Nicasio Oroño']",2,San Juan; Bulevar Nicasio Oroño,-32.94745395,-60.6542222,55.0,538.0,Municipio Rosario,Municipio,Rosario,820210,Servicio de Catastro e Información Territorial,IGN
2013,3397,2013-03-10,Domingo,0.0,12:10:00,,0.0,3,"Automóvil,Automóvil,Automóvil",Av. Pellegrini Y Paraguay,4,2,0,0,2,0,0,,Avenida,,ROSARIO,Rosario,Asfalto,S/D,II,Dentro,Urbana,S/D,S/D,Intersección,S/D,S/D,S/D,S/D,Otro,S/D,Colisión,S/D,S/D,S/D,S/D,POINT (-60.64646545 -32.95630334999999),"['Pellegrini', 'Paraguay']",2,Avenida Carlos Pellegrini; Paraguay,-32.95630334999999,-60.64646545,55.0,538.0,Municipio Rosario,Municipio,Rosario,820210,Servicio de Catastro e Información Territorial,IGN
2013,3401,2013-03-11,Lunes,0.0,14:30:00,,0.0,2,"Peatón,Automóvil",Rioja 1040,2,1,0,0,1,0,0,,Calle,,ROSARIO,Rosario,S/D,S/D,II,Dentro,Urbana,S/D,S/D,Recta,S/D,Buena,Diurna,S/D,S/D,S/D,Atropello,S/D,S/D,S/D,S/D,"-32.947812942629945, -60.63759220126435",['Rioja 1040'],1,Rioja 1040,-32.947812942629945,-60.63759220126435,55.0,538.0,Municipio Rosario,Municipio,Rosario,820210,Servicio de Catastro e Información Territorial,IGN
2013,3403,2013-03-12,Martes,0.0,,,0.0,2,"Moto/Ciclomotor,Automóvil",Bv. Oroño Y E.Zeballos,2,1,0,0,1,0,0,,Avenida,,ROSARIO,Rosario,Asfalto,S/D,II,Dentro,Urbana,S/D,S/D,Intersección,S/D,S/D,S/D,S/D,S/D,S/D,Colisión,S/D,S/D,S/D,S/D,POINT (-60.65545645 -32.952284000000006),"['Bulevar Nicasio Oroño', 'Zeballos']",2,Bulevar Nicasio Oroño; Zeballos,-32.952284000000006,-60.65545645,55.0,538.0,Municipio Rosario,Municipio,Rosario,820210,Servicio de Catastro e Información Territorial,IGN
2013,3404,2013-03-12,Martes,0.0,15:30:00,,0.0,2,"Automóvil,Automóvil",Italia Y 3 De Febrero,4,2,0,0,2,0,0,,Calle,,ROSARIO,Rosario,Asfalto,S/D,II,Dentro,Urbana,S/D,S/D,Recta,S/D,Buena,Diurna,S/D,De alcance,S/D,Colisión,S/D,S/D,S/D,S/D,POINT (-60.6494628 -32.95104619999999),"['Italia', '3 de Febrero']",2,Italia; 3 de Febrero,-32.95104619999999,-60.6494628,55.0,538.0,Municipio Rosario,Municipio,Rosario,820210,Servicio de Catastro e Información Territorial,IGN
2013,3405,2013-03-12,Martes,0.0,18:40:00,,0.0,2,"Peatón,Taxi/Remis",Italia Y Mendoza,2,1,0,0,1,0,0,,Calle,,ROSARIO,Rosario,Asfalto,S/D,II,Dentro,Urbana,S/D,S/D,Intersección,S/D,S/D,Diurna,S/D,Otro,S/D,Atropello,S/D,S/D,S/D,Sin restricción,POINT (-60.6491502 -32.9498054),"['Italia', 'Mendoza']",2,Italia; Mendoza,-32.9498054,-60.6491502,55.0,538.0,Municipio Rosario,Municipio,Rosario,820210,Servicio de Catastro e Información Territorial,IGN
2013,3406,2013-03-22,Viernes,0.0,21:00:00,,0.0,2,"Moto/Ciclomotor,Vehículo Oficial",Bv. 27 De Febrero Y Av. Provincias Unidas,2,1,0,0,1,0,0,,Avenida,,ROSARIO,Rosario,Asfalto,Natural,II,Dentro,Urbana,Semáforo,Funciona,Intersección,Deteriorada,Buena,Nocturna,Buen Tiempo,Lateral,S/D,Colisión,S/D,S/D,S/D,S/D,POINT (-60.711817525 -32.959359825),"['27 de Febrero', 'Avenida Provincias Unidas']",2,Bulevar 27 de Febrero; Avenida Provincias Unidas,-32.959359825,-60.711817525,55.0,538.0,Municipio Rosario,Municipio,Rosario,820210,Servicio de Catastro e Información Territorial,IGN
2013,3407,2013-03-21,Jueves,0.0,12:00:00,,0.0,2,"Moto/Ciclomotor,Automóvil",Av. Provincias Unidas Y Ocampo,2,2,0,0,0,0,0,,Calle,,ROSARIO,Rosario,Hormigón,Natural,II,Dentro,Urbana,S/D,No existe,Intersección,Deteriorada,Buena,Diurna,Buen Tiempo,Frontal,S/D,Colisión,S/D,S/D,S/D,S/D,POINT (-60.7118703 -32.95801295),"['Avenida Provincias Unidas', 'Ocampo']",2,Avenida Provincias Unidas; Ocampo,-32.95801295,-60.7118703,55.0,538.0,Municipio Rosario,Municipio,Rosario,820210,Servicio de Catastro e Información Territorial,IGN
2013,3408,2013-03-12,Martes,0.0,12:00:00,,0.0,2,"Peatón,Ambulancia",España Y 9 De Julio,2,1,0,0,1,0,0,,Calle,,ROSARIO,Rosario,Asfalto,S/D,II,Dentro,Urbana,S/D,S/D,Recta,S/D,S/D,Diurna,S/D,Otro,S/D,Atropello,S/D,S/D,S/D,S/D,POINT (-60.6483514 -32.95237109999999),"['España', '9 de Julio']",2,España; 9 de Julio,-32.95237109999999,-60.6483514,55.0,538.0,Municipio Rosario,Municipio,Rosario,820210,Servicio de Catastro e Información Territorial,IGN
2013,3411,2013-03-13,Miercoles,0.0,12:45:00,,0.0,2,"Moto/Ciclomotor,Automóvil",Pte.Roca Y Montevideo,3,1,0,0,2,0,0,,Calle,,ROSARIO,Rosario,Asfalto,S/D,II,Dentro,Urbana,S/D,S/D,Intersección,S/D,S/D,Diurna,S/D,S/D,S/D,Colisión,S/D,S/D,S/D,S/D,POINT (-60.6475352 -32.954896299999994),"['Roca', 'Montevideo']",2,Presidente Roca; Montevideo,-32.954896299999994,-60.6475352,55.0,538.0,Municipio Rosario,Municipio,Rosario,820210,Servicio de Catastro e Información Territorial,IGN
2013,3414,2013-03-13,Miercoles,0.0,10:20:00,,0.0,2,"Moto/Ciclomotor,Automóvil",Mendoza 2000,2,1,0,0,1,0,0,,Calle,,ROSARIO,Rosario,Asfalto,S/D,II,Dentro,Urbana,S/D,S/D,Recta,S/D,S/D,Diurna,Buen Tiempo,Otro,S/D,Colisión,S/D,S/D,S/D,Sin restricción,"-32.9505432, -60.6450108",['Mendoza 2000'],1,Mendoza 2000,-32.9505432,-60.6450108,55.0,538.0,Municipio Rosario,Municipio,Rosario,820210,Servicio de Catastro e Información Territorial,IGN
2013,3416,2013-03-13,Miercoles,0.0,09:00:00,,0.0,2,"Moto/Ciclomotor,Pickup/Utilitario",Bv. Oroño Y San Juan,2,1,0,0,1,0,0,,Avenida,,ROSARIO,Rosario,Asfalto,S/D,II,Dentro,Urbana,S/D,S/D,Intersección,S/D,S/D,Diurna,Buen Tiempo,Otro,S/D,Colisión,S/D,S/D,S/D,Sin restricción,POINT (-60.6542222 -32.947453949999996),"['Bulevar Nicasio Oroño', 'San Juan']",2,Bulevar Nicasio Oroño; San Juan,-32.94745395,-60.6542222,55.0,538.0,Municipio Rosario,Municipio,Rosario,820210,Servicio de Catastro e Información Territorial,IGN
2013,3419,2013-03-13,Miercoles,0.0,13:30:00,,0.0,2,"Automóvil,Automóvil",Bv. Oroño Y 3 De Febrero,2,1,0,0,1,0,0,,Avenida,,ROSARIO,Rosario,Asfalto,S/D,II,Dentro,Urbana,S/D,S/D,Recta,Bueno,S/D,Diurna,S/D,Otro,S/D,Colisión,S/D,S/D,S/D,S/D,POINT (-60.654906749999995 -32.950095049999995),"['Bulevar Nicasio Oroño', '3 de Febrero']",2,Bulevar Nicasio Oroño; 3 de Febrero,-32.950095049999995,-60.65490675,55.0,538.0,Municipio Rosario,Municipio,Rosario,820210,Servicio de Catastro e Información Territorial,IGN
2013,3420,2013-03-13,Miercoles,0.0,11:00:00,,0.0,2,"Moto/Ciclomotor,Automóvil",GODOY  Y COLECTORA ,2,1,0,0,1,0,0,,Calle,,ROSARIO,Rosario,Asfalto,Natural,II,Dentro,Urbana,Semáforo,Funciona,Intersección,Deteriorada,Buena,Diurna,Buen Tiempo,Lateral,S/D,Colisión,S/D,S/D,S/D,S/D,POINT (-60.7161598 -32.970289900000004),"['Avenida Presidente Perón', 'Colectora']",2,"('Avenida Presidente Perón', 'Colectora Juan Pablo II')",-32.970289900000004,-60.7161598,55.0,538.0,Municipio Rosario,Municipio,Rosario,820210,Servicio de Catastro e Información Territorial,IGN
2013,3422,2013-03-14,Jueves,0.0,11:00:00,,0.0,2,"Peatón,Transporte de Pasajeros Urbano (> 8 asientos)",San Martin Y San Luis,2,1,0,0,1,0,0,,Calle,,ROSARIO,Rosario,Asfalto,S/D,II,Dentro,Urbana,S/D,S/D,Intersección,S/D,S/D,S/D,S/D,S/D,S/D,Atropello,S/D,S/D,S/D,S/D,POINT (-60.6372988 -32.949315),"['San Martin', 'San Luis']",2,José de San Martín; San Luis,-32.949315,-60.6372988,55.0,538.0,Municipio Rosario,Municipio,Rosario,820210,Servicio de Catastro e Información Territorial,IGN
2013,3425,2013-03-15,Viernes,0.0,,,0.0,2,"Automóvil,Pickup/Utilitario",Av. Pellegrini Y Paraguay,4,1,0,0,3,0,0,,Avenida,,ROSARIO,Rosario,Asfalto,S/D,II,Dentro,Urbana,S/D,S/D,Intersección,S/D,S/D,S/D,S/D,Otro,S/D,Colisión,S/D,S/D,S/D,S/D,POINT (-60.64646545 -32.95630334999999),"['Pellegrini', 'Paraguay']",2,Avenida Carlos Pellegrini; Paraguay,-32.95630334999999,-60.64646545,55.0,538.0,Municipio Rosario,Municipio,Rosario,820210,Servicio de Catastro e Información Territorial,IGN
2013,3426,2013-03-10,Domingo,0.0,10:00:00,,0.0,2,"Moto/Ciclomotor,Automóvil",Godoy Cruz Y Av. Provincias Unidas,2,1,0,0,1,0,0,,Avenida,,ROSARIO,Rosario,Asfalto,Natural,II,Dentro,Urbana,Semáforo,Funciona,Intersección,Deteriorada,Buena,Diurna,S/D,Lateral,S/D,Colisión,Agua,S/D,S/D,S/D,POINT (-60.71146635 -32.9679676),"['Avenida Presidente Perón', 'Avenida Provincias Unidas']",2,Avenida Presidente Perón; Avenida Provincias Unidas,-32.9679676,-60.71146635,55.0,538.0,Municipio Rosario,Municipio,Rosario,820210,Servicio de Catastro e Información Territorial,IGN
2013,3430,2013-03-16,Sabado,0.0,08:00:00,,0.0,2,"Automóvil,Automóvil",San Luis Y Santiago,2,1,0,0,1,0,0,,Calle,,ROSARIO,Rosario,Asfalto,S/D,II,Dentro,Urbana,S/D,S/D,Recta,S/D,S/D,Diurna,S/D,Otro,S/D,Colisión,S/D,S/D,S/D,S/D,POINT (-60.656666 -32.945839899999996),"['San Luis', 'Santiago']",2,San Luis; Santiago,-32.9458399,-60.656666,55.0,538.0,Municipio Rosario,Municipio,Rosario,820210,Servicio de Catastro e Información Territorial,IGN
2013,3434,2013-03-19,Martes,0.0,21:55:00,,0.0,2,"Automóvil,Automóvil",Av. Pellegrini Y Mitre,2,1,0,0,1,0,0,,Avenida,,ROSARIO,Rosario,Asfalto,S/D,II,Dentro,Urbana,S/D,S/D,Intersección,S/D,S/D,Nocturna,S/D,Otro,S/D,Colisión,S/D,S/D,S/D,S/D,POINT (-60.642289899999994 -32.9570524),"['Pellegrini', 'Mitre']",2,Avenida Carlos Pellegrini; Bartolomé Mitre,-32.9570524,-60.6422899,55.0,538.0,Municipio Rosario,Municipio,Rosario,820210,Servicio de Catastro e Información Territorial,IGN
2013,3438,2013-06-20,Jueves,0.0,12:20:00,,0.0,2,"Moto/Ciclomotor,Automóvil",San Juan Y Mariano Moreno,2,1,0,0,1,0,0,,Calle,,ROSARIO,Rosario,Asfalto,S/D,II,Dentro,Urbana,S/D,S/D,Recta,S/D,S/D,Diurna,S/D,Frontal,S/D,Colisión,S/D,S/D,S/D,S/D,POINT (-60.651551100000006 -32.94793200000001),"['San Juan', 'Mariano Moreno']",2,San Juan; Mariano Moreno,-32.94793200000001,-60.651551100000006,55.0,538.0,Municipio Rosario,Municipio,Rosario,820210,Servicio de Catastro e Información Territorial,IGN
2013,3445,2013-03-20,Miercoles,0.0,,,0.0,2,"Moto/Ciclomotor,Taxi/Remis",Rioja Y Mitre,2,2,0,0,0,0,0,,Calle,,ROSARIO,Rosario,Asfalto,S/D,II,Dentro,Urbana,S/D,S/D,Intersección,S/D,S/D,S/D,S/D,S/D,S/D,Colisión,S/D,S/D,S/D,S/D,POINT (-60.63989050000001 -32.947396000000005),"['Rioja', 'Mitre']",2,Rioja; Bartolomé Mitre,-32.947396000000005,-60.63989050000001,55.0,538.0,Municipio Rosario,Municipio,Rosario,820210,Servicio de Catastro e Información Territorial,IGN
2013,3448,2013-03-21,Jueves,0.0,08:30:00,,0.0,2,"Moto/Ciclomotor,Automóvil",Cordoba Y Dorrego,2,1,0,0,1,0,0,,Calle,,ROSARIO,Rosario,Asfalto,S/D,II,Dentro,Urbana,S/D,S/D,Intersección,Bueno,S/D,Diurna,S/D,S/D,S/D,Colisión,S/D,S/D,S/D,S/D,POINT (-60.64918180000001 -32.94445519999999),"['Córdoba', 'Dorrego']",2,Córdoba; Manuel Dorrego,-32.94445519999999,-60.64918180000001,55.0,538.0,Municipio Rosario,Municipio,Rosario,820210,Servicio de Catastro e Información Territorial,IGN
2013,3457,2013-03-23,Sabado,0.0,11:50:00,,0.0,2,"Peatón,Automóvil",Av. Corrientes Y Mendoza,2,1,0,0,1,0,0,,Avenida,,ROSARIO,Rosario,Asfalto,S/D,II,Dentro,Urbana,S/D,S/D,Recta,S/D,S/D,Diurna,S/D,S/D,S/D,Atropello,S/D,S/D,S/D,Sin restricción,POINT (-60.643583500000005 -32.9507824),"['Corrientes', 'Mendoza']",2,Corrientes; Mendoza,-32.9507824,-60.643583500000005,55.0,538.0,Municipio Rosario,Municipio,Rosario,820210,Servicio de Catastro e Información Territorial,IGN
2013,3463,2013-03-01,Viernes,0.0,12:15:00,,0.0,2,"Moto/Ciclomotor,Automóvil",Av. Pellegrini 500,2,1,0,0,1,0,0,,Avenida,,ROSARIO,Rosario,Asfalto,S/D,II,Dentro,Urbana,Semáforo,Funciona,Recta,Bueno,Buena,Diurna,S/D,De alcance,S/D,Colisión,S/D,S/D,Cordón divisorio,Sin restricción,"-32.958705, -60.6323066",['Pellegrini 500'],1,Pellegrini 500,-32.958705,-60.6323066,55.0,538.0,Municipio Rosario,Municipio,Rosario,820210,Servicio de Catastro e Información Territorial,IGN
2013,3464,2013-03-04,Lunes,0.0,16:00:00,,0.0,2,"Moto/Ciclomotor,Moto/Ciclomotor",Av. Circunvalacion Y Godoy Cruz,2,1,0,0,0,0,1,,Avenida,,ROSARIO,Rosario,Asfalto,No existe,II,Dentro,Urbana,Semáforo,Funciona,Intersección,Bueno,Buena,Diurna,Buen Tiempo,Lateral,S/D,Colisión,S/D,S/D,S/D,S/D,POINT (-60.71697254694366 -32.9707081028425),"['Circunvalacion', 'Avenida Presidente Perón']",2,Avenida de Circunvalación 25 de Mayo; Avenida Presidente Perón,-32.9707081028425,-60.71697254694366,55.0,538.0,Municipio Rosario,Municipio,Rosario,820210,Servicio de Catastro e Información Territorial,IGN
2013,3467,2013-03-09,Sabado,0.0,20:00:00,,0.0,2,"Moto/Ciclomotor,Automóvil",Bv. Segui Y Camilo Aldao,2,1,0,0,1,0,0,,Avenida,,ROSARIO,Rosario,Asfalto,No existe,II,Dentro,Urbana,Ninguna,No existe,Intersección,Deteriorada,Reducida,"Diurna,Con luz artificial",S/D,Otro,S/D,Colisión,S/D,Faltante,S/D,Sin restricción,POINT (-60.694818649999995 -32.97059495),"['Bulevar Juan Francisco Seguí', 'Camilo Aldao']",2,Bulevar Juan Francisco Seguí; Camilo Aldao,-32.97059495,-60.69481865,55.0,538.0,Municipio Rosario,Municipio,Rosario,820210,Servicio de Catastro e Información Territorial,IGN
2013,3471,2013-03-03,Domingo,0.0,18:00:00,,0.0,2,"Moto/Ciclomotor,Automóvil",Av. Pellegrini Y Buenos Aires,2,1,0,0,0,0,1,,Avenida,,ROSARIO,Rosario,Asfalto,S/D,II,Dentro,Urbana,S/D,S/D,Intersección,Bueno,Buena,Atardecer,Buen Tiempo,Otro,S/D,Colisión,S/D,S/D,Cordón divisorio,Sin restricción,POINT (-60.6354288 -32.95828709999999),"['Pellegrini', 'Buenos Aires']",2,"('Avenida Carlos Pellegrini', 'Buenos Aires')",-32.95828709999999,-60.6354288,55.0,538.0,Municipio Rosario,Municipio,Rosario,820210,Servicio de Catastro e Información Territorial,IGN
2013,3473,2013-03-05,Martes,0.0,20:30:00,,0.0,2,"Moto/Ciclomotor,Automóvil",Ayacucho Y San Juan,2,1,0,0,0,0,1,,Calle,,ROSARIO,Rosario,Asfalto,S/D,II,Dentro,Urbana,S/D,S/D,Intersección,Bueno,Buena,"Nocturna,Con luz artificial",S/D,Lateral,S/D,Colisión,S/D,S/D,Cordón divisorio,S/D,POINT (-60.627681300000006 -32.9523929),"['Ayacucho', 'San Juan']",2,Ayacucho; San Juan,-32.9523929,-60.627681300000006,55.0,538.0,Municipio Rosario,Municipio,Rosario,820210,Servicio de Catastro e Información Territorial,IGN
2013,3483,2013-03-16,Sabado,0.0,09:10:00,,0.0,2,"Moto/Ciclomotor,Automóvil",J.M.de Rosas Y San Luis,2,1,0,0,1,0,0,,Calle,,ROSARIO,Rosario,Asfalto,S/D,II,Dentro,Urbana,S/D,No existe,Intersección,Bueno,Buena,Diurna,S/D,Lateral,S/D,Colisión,S/D,S/D,Cordón divisorio,S/D,POINT (-60.6318573 -32.9502852),"['De Rosas', 'San Luis']",2,Juan Manuel de Rosas; San Luis,-32.9502852,-60.6318573,55.0,538.0,Municipio Rosario,Municipio,Rosario,820210,Servicio de Catastro e Información Territorial,IGN
2013,3556,2013-03-24,Domingo,0.0,12:50:00,,0.0,2,"Automóvil,Camión",Los Cocos Y Mina Clavero,4,2,0,0,2,0,0,,Calle,,ROSARIO,Rosario,Asfalto,Pavimento,II,Dentro,Urbana,Ninguna,No existe,Intersección,Otro,Buena,Diurna,Buen Tiempo,Lateral,S/D,Colisión,S/D,S/D,Ninguna,Sin restricción,POINT (-60.7080567 -32.8843325),"['Los Cocos', 'Mina Clavero']",2,Los Cocos; Mina Clavero,-32.8843325,-60.7080567,55.0,538.0,Municipio Rosario,Municipio,Rosario,820210,Servicio de Catastro e Información Territorial,IGN
2013,3580,2013-03-09,Sabado,0.0,16:55:00,,0.0,2,"Peatón,Moto/Ciclomotor",Bv. Segui 5400,2,1,0,0,1,0,0,,Calle,,ROSARIO,Rosario,S/D,No existe,II,Dentro,Urbana,S/D,No existe,Intersección,Deteriorada,Reducida polvo,S/D,Otro,S/D,S/D,Atropello,S/D,Faltante,Ninguna,Sin restricción,"-32.96978489999999, -60.697455051174956",['Bulevar Juan Francisco Seguí 5400'],1,Bulevar Juan Francisco Seguí 5400,-32.96978489999999,-60.69745505117496,55.0,538.0,Municipio Rosario,Municipio,Rosario,820210,Servicio de Catastro e Información Territorial,IGN
2013,3586,2013-03-04,Lunes,0.0,18:15:00,,0.0,2,"Moto/Ciclomotor,Automóvil",Saavedra Y Liniers,2,1,0,0,1,0,0,,Calle,,ROSARIO,Rosario,Asfalto,No existe,II,Dentro,Urbana,S/D,No existe,Intersección,Deteriorada,Reducida,Atardecer,S/D,Lateral,S/D,Colisión,Otro,Faltante,S/D,Sin restricción,POINT (-60.6973895 -32.96941429999999),"['Saavedra', 'Liniers']",2,Saavedra; Liniers,-32.96941429999999,-60.6973895,55.0,538.0,Municipio Rosario,Municipio,Rosario,820210,Servicio de Catastro e Información Territorial,IGN
2013,3588,2013-03-01,Viernes,0.0,16:40:00,,0.0,2,"Bicicleta,Automóvil",Av. Eva Peron Y Tte.Agneta,2,1,0,0,1,0,0,,Calle,,ROSARIO,Rosario,Asfalto,No existe,II,Dentro,Urbana,S/D,No existe,Intersección,Deteriorada,Buena,Atardecer,S/D,Lateral,S/D,Atropello,S/D,S/D,S/D,Sin restricción,POINT (-60.6999972 -32.93539080000001),"['Avenida Eva Perón', 'Teniente Agneta']",2,Avenida Eva Perón; Teniente Agneta,-32.93539080000001,-60.6999972,55.0,538.0,Municipio Rosario,Municipio,Rosario,820210,Servicio de Catastro e Información Territorial,IGN
2013,3589,2013-03-11,Lunes,0.0,00:40:00,,0.0,1,Moto/Ciclomotor,Av. Circunvalacion Y French,1,1,0,0,0,0,0,,Avenida,,ROSARIO,Rosario,Hormigón,Ripio,II,Dentro,Urbana,Otra Señal,No existe,Recta,Bueno,Reducida,Nocturna,Buen Tiempo,Otro,S/D,Caída ocupante,S/D,S/D,Cordón divisorio,Obra en Construcción,POINT (-60.72303839999999 -32.92205580000001),"['Circunvalacion', 'French']",2,"('Juan Pablo II', 'Domingo French')",-32.92205580000001,-60.72303839999999,55.0,538.0,Municipio Rosario,Municipio,Rosario,820210,Servicio de Catastro e Información Territorial,IGN