anio_acci,nro_acci,fecha,desc_dia,fecha_aprox,hora_aprox,desc_ruta,km,cant_participantes,desc_participante,calle_avenida_km,total,heridos_leves,heridos_graves,heridos_gravisimos,ilesos,fallecidos,sin_datos,posicion_XY,desc_tipo_via,desc_ruta_ori,desc_loc,desc_dpto,desc_tipo_calzada,desc_tipo_banquina,desc_unidad_regional,desc_lugar_calzada,desc_zona,desc_prioridad,desc_estado_semaforo,desc_lugar_via,desc_estado_via,desc_estado_visibilidad,desc_luminosidad,desc_estado_clima,desc_tipo_colision,desc_tipo_atropello,desc_tipo_hecho,desc_pres_calzada,desc_senializacion,desc_separacion_via,desc_restriccion,forma_geocod,calle_lista,numero_calles,calles_osm,lat,lon,index_right,gid,fna,gna,nam,in1,fdc,sag
2013,3591,2013-03-08,Viernes,0.0,08:25:00,,0.0,2,"Moto/Ciclomotor,Automóvil",Bv. 27 De Febrero Y Larrea,5,2,0,0,3,0,0,,Calle,,ROSARIO,Rosario,S/D,Pavimento,II,Dentro,Urbana,Semáforo,Funciona,Intersección,S/D,Buena,Diurna,S/D,Lateral,S/D,Colisión,S/D,Vertical,S/D,Sin restricción,POINT (-60.69651200000001 -32.95882060000001),"['27 de Febrero', 'Larrea']",2,Bulevar 27 de Febrero; Larrea,-32.95882060000001,-60.69651200000001,55.0,538.0,Municipio Rosario,Municipio,Rosario,820210,Servicio de Catastro e Información Territorial,IGN
2013,3595,2013-03-21,Jueves,0.0,18:20:00,,0.0,1,,Mendoza Y Colombia,2,1,0,0,1,0,0,,Calle,,ROSARIO,Rosario,Asfalto,No existe,II,Dentro,Urbana,Marca Vial,S/D,Intersección,Bueno,Buena,Diurna,Buen Tiempo,Lateral,S/D,Colisión,S/D,Horizontal,Cordón divisorio,Sin restricción,POINT (-60.71610885 -32.94033145),"['Mendoza', 'Colombia']",2,Mendoza; Colombia,-32.94033145,-60.71610885,55.0,538.0,Municipio Rosario,Municipio,Rosario,820210,Servicio de Catastro e Información Territorial,IGN
2013,3597,2013-02-05,Martes,0.0,14:00:00,,0.0,2,"Moto/Ciclomotor,Moto/Ciclomotor",Cavia Y Herrera,3,2,0,0,1,0,0,,S/D,,ROSARIO,Rosario,Asfalto,No existe,II,Dentro,Urbana,Ninguna,No existe,Intersección,Bueno,Buena,Diurna,Buen Tiempo,Otro,S/D,Colisión,Otro,Faltante,Ninguna,Sin restricción,POINT (-60.70939539999999 -32.897679800000006),"['Cavia', 'Herrera']",2,Cavia; Franzini Herrera,-32.897679800000006,-60.70939539999999,55.0,538.0,Municipio Rosario,Municipio,Rosario,820210,Servicio de Catastro e Información Territorial,IGN
2013,3601,2013-03-12,Martes,0.0,12:30:00,,0.0,2,"Automóvil,Automóvil",Arevalo Y Av. Provincias Unidas,3,1,0,0,1,0,1,,Avenida,,ROSARIO,Rosario,Asfalto,Pavimento,II,Dentro,Urbana,Semáforo,No existe,Intersección,Bueno,Buena,Diurna,Buen Tiempo,De alcance,S/D,Colisión,S/D,S/D,Cordón divisorio,Sin restricción,POINT (-60.713046500000004 -32.9306845),"['Arévalo', 'Avenida Provincias Unidas']",2,Arévalo; Avenida Provincias Unidas,-32.9306845,-60.7130465,55.0,538.0,Municipio Rosario,Municipio,Rosario,820210,Servicio de Catastro e Información Territorial,IGN
2013,3605,2013-03-12,Martes,0.0,14:00:00,,0.0,2,"Automóvil,Automóvil",J.J.Paso Y Acevedo Bis,2,1,0,0,1,0,0,,Calle,,ROSARIO,Rosario,Asfalto,Pavimento,II,Dentro,Urbana,Ninguna,No existe,Intersección,Bueno,Buena,Diurna,Buen Tiempo,De alcance,S/D,Colisión,S/D,S/D,Ninguna,Sin restricción,POINT (-60.7490704 -32.92121759999999),"['Paso', 'Acevedo']",2,Avenida Juan José Paso; Manuel Acevedo,-32.92121759999999,-60.7490704,55.0,538.0,Municipio Rosario,Municipio,Rosario,820210,Servicio de Catastro e Información Territorial,IGN
2013,3606,2013-03-21,Jueves,0.0,18:20:00,,0.0,2,"Automóvil,Automóvil",Mendoza Y Colombia,2,1,0,0,1,0,0,,Calle,,ROSARIO,Rosario,Asfalto,No existe,II,Dentro,Urbana,Marca Vial,S/D,Intersección,Bueno,Buena,Diurna,Buen Tiempo,Lateral,S/D,Colisión,S/D,S/D,Cordón divisorio,Sin restricción,POINT (-60.71610885 -32.94033145),"['Mendoza', 'Colombia']",2,Mendoza; Colombia,-32.94033145,-60.71610885,55.0,538.0,Municipio Rosario,Municipio,Rosario,820210,Servicio de Catastro e Información Territorial,IGN
2013,3608,2013-03-19,Martes,0.0,16:00:00,,0.0,2,"Moto/Ciclomotor,Automóvil",Av. Provincias Unidas Y Av. Pellegrini,2,1,0,0,1,0,0,,Avenida,,ROSARIO,Rosario,Asfalto,No existe,II,Dentro,Urbana,Semáforo,Funciona,Intersección,Bueno,Buena,Diurna,Buen Tiempo,Lateral,S/D,Colisión,S/D,Vertical,Cordón divisorio,Sin restricción,POINT (-60.71226145000001 -32.948578),"['Avenida Provincias Unidas', 'Pellegrini']",2,Avenida Provincias Unidas; Avenida Carlos Pellegrini,-32.948578,-60.71226145000001,55.0,538.0,Municipio Rosario,Municipio,Rosario,820210,Servicio de Catastro e Información Territorial,IGN
2013,3611,2013-03-19,Martes,0.0,05:00:00,,0.0,2,"Moto/Ciclomotor,Automóvil",Derqui Y Peru,2,1,0,0,1,0,0,,Calle,,ROSARIO,Rosario,Asfalto,No existe,II,Dentro,Urbana,Marca Vial,S/D,Intersección,Bueno,Buena,Nocturna,Buen Tiempo,Lateral,S/D,Colisión,S/D,Horizontal,Cordón divisorio,Sin restricción,POINT (-60.711510399999995 -32.9380006),"['Derqui', 'Peru']",2,Derqui; Perú,-32.9380006,-60.7115104,55.0,538.0,Municipio Rosario,Municipio,Rosario,820210,Servicio de Catastro e Información Territorial,IGN
2013,3613,2013-03-19,Martes,0.0,06:50:00,,0.0,2,"Moto/Ciclomotor,Moto/Ciclomotor",Av. Eva Peron Y Camilo Aldao,3,3,0,0,0,0,0,,Calle,,ROSARIO,Rosario,Asfalto,No existe,II,Dentro,Urbana,Marca Vial,S/D,Intersección,Bueno,Buena,Amanecer,Buen Tiempo,S/D,S/D,S/D,S/D,Horizontal,Cordón divisorio,Sin restricción,POINT (-60.6961606 -32.9360486),"['Avenida Eva Perón', 'Camilo Aldao']",2,Avenida Eva Perón; Camilo Aldao,-32.9360486,-60.6961606,55.0,538.0,Municipio Rosario,Municipio,Rosario,820210,Servicio de Catastro e Información Territorial,IGN
2013,3634,2013-03-18,Lunes,0.0,23:30:00,,0.0,2,"Automóvil,Moto/Ciclomotor",Av. Provincias Unidas Y Zuviria,2,1,0,0,1,0,0,,Calle,,ROSARIO,Rosario,Asfalto,No existe,II,Dentro,Urbana,Paso Peatonal,S/D,Intersección,Bueno,Buena,S/D,Buen Tiempo,Lateral,S/D,Colisión,S/D,S/D,Cordón divisorio,Sin restricción,POINT (-60.71276955 -32.93695894999999),"['Avenida Provincias Unidas', 'Zuviría']",2,Avenida Provincias Unidas; Juez José María Zuviría,-32.93695894999999,-60.71276955,55.0,538.0,Municipio Rosario,Municipio,Rosario,820210,Servicio de Catastro e Información Territorial,IGN
2013,3635,2013-03-14,Jueves,0.0,09:00:00,,0.0,1,Moto/Ciclomotor,Av. Provincias Unidas Y Juan B.De La Salle,1,1,0,0,0,0,0,,Avenida,,ROSARIO,Rosario,Hormigón,Pavimento,II,Dentro,Urbana,Ninguna,No existe,Intersección,Bueno,Buena,Diurna,Buen Tiempo,Otro,S/D,Colisión,S/D,S/D,Cordón divisorio,Sin restricción,POINT (-60.713383699999994 -32.922501100000005),"['Avenida Provincias Unidas', 'De La Salle']",2,Avenida Provincias Unidas; De La Salle,-32.922501100000005,-60.7133837,55.0,538.0,Municipio Rosario,Municipio,Rosario,820210,Servicio de Catastro e Información Territorial,IGN
2013,3648,2013-03-08,Viernes,0.0,,,0.0,2,"Moto/Ciclomotor,Automóvil",Av. Jorge Newbery Y Donado,2,1,0,0,1,0,0,,Avenida,,ROSARIO,Rosario,S/D,S/D,II,Dentro,Urbana,S/D,S/D,S/D,S/D,S/D,S/D,S/D,S/D,S/D,S/D,S/D,S/D,S/D,S/D,POINT (-60.728404966666666 -32.908371466666665),"['Jorge Newbery', 'Donado']",2,Avenida Jorge Newbery; José Agustín Donado,-32.908371466666665,-60.728404966666666,55.0,538.0,Municipio Rosario,Municipio,Rosario,820210,Servicio de Catastro e Información Territorial,IGN
2013,3659,2013-03-13,Miercoles,0.0,,,0.0,2,"Peatón,Automóvil",Ayala Gauna Y J.Colombres,2,1,0,0,1,0,0,,Calle,,ROSARIO,Rosario,Asfalto,S/D,II,Dentro,Urbana,S/D,S/D,Intersección,S/D,S/D,S/D,S/D,S/D,S/D,Atropello,S/D,S/D,S/D,S/D,POINT (-60.7305886 -32.91241519999999),"['Ayala Gauna', 'José Colombres']",2,Ayala Gauna; José Colombres,-32.91241519999999,-60.7305886,55.0,538.0,Municipio Rosario,Municipio,Rosario,820210,Servicio de Catastro e Información Territorial,IGN
2013,3660,2013-03-09,Sabado,0.0,15:30:00,,0.0,2,"Automóvil,Automóvil",Camilo Aldao Y Juan B.De La Salle,3,1,0,0,2,0,0,,Calle,,ROSARIO,Rosario,Asfalto,No existe,II,Dentro,Urbana,Ninguna,No existe,Recta,Bueno,Buena,Diurna,S/D,Lateral,S/D,Colisión,S/D,Faltante,Ninguna,Sin restricción,POINT (-60.6966572 -32.92204799999999),"['Camilo Aldao', 'De La Salle']",2,Camilo Aldao; De La Salle,-32.92204799999999,-60.6966572,55.0,538.0,Municipio Rosario,Municipio,Rosario,820210,Servicio de Catastro e Información Territorial,IGN
2013,3661,2013-03-12,Martes,0.0,12:10:00,,0.0,2,"Moto/Ciclomotor,Moto/Ciclomotor",Mendoza Y Ecuador,2,1,0,0,1,0,0,,Calle,,ROSARIO,Rosario,Asfalto,No existe,II,Dentro,Urbana,Paso Peatonal,S/D,Intersección,Bueno,S/D,S/D,Buen Tiempo,De alcance,S/D,Colisión,S/D,Horizontal,Cordón divisorio,Sin restricción,POINT (-60.71499095 -32.9402982),"['Mendoza', 'Ecuador']",2,Mendoza; Ecuador,-32.9402982,-60.71499095,55.0,538.0,Municipio Rosario,Municipio,Rosario,820210,Servicio de Catastro e Información Territorial,IGN
2013,3662,2013-03-05,Martes,0.0,18:30:00,,0.0,2,"Moto/Ciclomotor,Automóvil",Arevalo ,2,1,0,0,0,0,1,,Calle,,ROSARIO,Rosario,Asfalto,No existe,II,Dentro,Urbana,Ninguna,No existe,Recta,S/D,Buena,Diurna,S/D,Lateral,S/D,Colisión,S/D,Faltante,Ninguna,Sin restricción,"-32.9306855, -60.713083",['Arévalo'],1,Arévalo,-32.9306855,-60.713083,55.0,538.0,Municipio Rosario,Municipio,Rosario,820210,Servicio de Catastro e Información Territorial,IGN
2013,3663,2013-04-23,Martes,0.0,16:00:00,,0.0,2,"Automóvil,Moto/Ciclomotor",Colon Y Riobamba,2,1,0,0,1,0,0,,Calle,,ROSARIO,Rosario,Asfalto,No existe,II,Dentro,Urbana,Ninguna,No existe,Intersección,Bueno,Buena,S/D,Buen Tiempo,Lateral,S/D,Colisión,S/D,Horizontal,Ninguna,Sin restricción,POINT (-60.629713 -32.96527269999999),"['Colon', 'Riobamba']",2,Cristóbal Colón; Riobamba,-32.96527269999999,-60.629713,55.0,538.0,Municipio Rosario,Municipio,Rosario,820210,Servicio de Catastro e Información Territorial,IGN
2013,3667,2013-04-24,Miercoles,0.0,12:00:00,,0.0,2,"Pickup/Utilitario,Moto/Ciclomotor",Chacabuco Y Ocampo,2,1,0,0,1,0,0,,Calle,,ROSARIO,Rosario,Asfalto,No existe,II,Dentro,Urbana,Ninguna,No existe,Recta,S/D,Buena,S/D,Buen Tiempo,Lateral,S/D,Colisión,S/D,Horizontal,Ninguna,Sin restricción,POINT (-60.62783100000001 -32.96918850000001),"['Chacabuco', 'Ocampo']",2,Chacabuco; Ocampo,-32.96918850000001,-60.62783100000001,55.0,538.0,Municipio Rosario,Municipio,Rosario,820210,Servicio de Catastro e Información Territorial,IGN
2013,3669,2013-04-25,Jueves,0.0,08:00:00,,0.0,2,"Automóvil,Moto/Ciclomotor",Riobamba Y 1 de Mayo,2,0,1,0,1,0,0,,Calle,,ROSARIO,Rosario,Asfalto,No existe,II,Dentro,Urbana,Ninguna,No existe,Intersección,Bueno,Buena,Diurna,Buen Tiempo,Lateral,S/D,Colisión,S/D,Horizontal,Ninguna,Sin restricción,POINT (-60.6338484 -32.964547999999986),"['Riobamba', 'Primero de Mayo']",2,Riobamba; Primero de Mayo,-32.964547999999986,-60.6338484,55.0,538.0,Municipio Rosario,Municipio,Rosario,820210,Servicio de Catastro e Información Territorial,IGN
2013,3670,2013-03-11,Lunes,0.0,17:00:00,,0.0,2,"Automóvil,Automóvil",Av. Pellegrini 5300,4,2,0,0,2,0,0,,Avenida,,ROSARIO,Rosario,Asfalto,No existe,II,Dentro,Urbana,Semáforo,Funciona,Recta,Bueno,Buena,Diurna,Buen Tiempo,Lateral,S/D,Colisión,S/D,S/D,Cordón divisorio,Sin restricción,"-32.94797, -60.695533",['Pellegrini 5300'],1,Pellegrini 5300,-32.94797,-60.695533,55.0,538.0,Municipio Rosario,Municipio,Rosario,820210,Servicio de Catastro e Información Territorial,IGN
2013,3672,2013-04-25,Jueves,0.0,11:15:00,,0.0,2,"Automóvil,Moto/Ciclomotor",Laprida Y Pasco,3,2,0,0,1,0,0,,Calle,,ROSARIO,Rosario,Asfalto,S/D,II,Dentro,Urbana,S/D,S/D,Intersección,Bueno,S/D,S/D,Buen Tiempo,Lateral,S/D,Colisión,S/D,Faltante,Ninguna,Sin restricción,POINT (-60.6375564 -32.96027819999998),"['Laprida', 'Pasco']",2,Francisco Narciso Laprida; Pasco,-32.96027819999998,-60.6375564,55.0,538.0,Municipio Rosario,Municipio,Rosario,820210,Servicio de Catastro e Información Territorial,IGN
2013,3677,2013-03-07,Jueves,0.0,10:00:00,,0.0,2,"Moto/Ciclomotor,Automóvil",Cordoba Y Matienzo,2,1,0,0,1,0,0,,Calle,,ROSARIO,Rosario,Asfalto,No existe,II,Dentro,Urbana,Semáforo,Funciona,Intersección,Bueno,Buena,Diurna,Buen Tiempo,Lateral,S/D,Colisión,S/D,Vertical,Cordón divisorio,Sin restricción,POINT (-60.693881399999995 -32.96057929999999),"['Córdoba', 'Matienzo']",2,Córdoba; Benjamín Matienzo,-32.96057929999999,-60.6938814,55.0,538.0,Municipio Rosario,Municipio,Rosario,820210,Servicio de Catastro e Información Territorial,IGN
2013,3678,2013-03-07,Jueves,0.0,09:00:00,,0.0,2,"Pickup/Utilitario,Automóvil",Av. Pellegrini Y Av. Provincias Unidas,3,1,0,0,2,0,0,,Avenida,,ROSARIO,Rosario,Asfalto,No existe,II,Dentro,Urbana,Semáforo,Funciona,Intersección,Bueno,Buena,Diurna,Buen Tiempo,Lateral,S/D,Colisión,S/D,Vertical,Cordón divisorio,Sin restricción,POINT (-60.71226145 -32.948578),"['Pellegrini', 'Avenida Provincias Unidas']",2,Avenida Carlos Pellegrini; Avenida Provincias Unidas,-32.948578,-60.71226145,55.0,538.0,Municipio Rosario,Municipio,Rosario,820210,Servicio de Catastro e Información Territorial,IGN
2013,3679,2013-03-06,Miercoles,0.0,23:50:00,,0.0,2,"Vehículo Oficial,Moto/Ciclomotor",Roullon Y Pje. Minetti,2,1,0,0,1,0,0,,Calle,,ROSARIO,Rosario,Asfalto,No existe,II,Dentro,Urbana,Ninguna,No existe,Intersección,Bueno,Reducida,Nocturna,S/D,Lateral,S/D,Colisión,S/D,Faltante,Ninguna,Sin restricción,POINT (-60.7027423 -32.92808799999999),"['Alfredo Rouillón', 'Minetti']",2,Alfredo Rouillón; Minetti,-32.92808799999999,-60.7027423,55.0,538.0,Municipio Rosario,Municipio,Rosario,820210,Servicio de Catastro e Información Territorial,IGN
2013,3681,2013-04-28,Domingo,0.0,20:30:00,,0.0,2,"Automóvil,Moto/Ciclomotor",Necochea Y Ituzaingo,3,2,0,0,1,0,0,,Calle,,ROSARIO,Rosario,Asfalto,No existe,II,Dentro,Urbana,Señal Pare,S/D,Intersección,Bueno,S/D,S/D,Buen Tiempo,Lateral,S/D,Colisión,S/D,Vertical,Ninguna,Sin restricción,POINT (-60.6277525 -32.96320729999999),"['Necochea', 'Ituzaingó']",2,Necochea; Ituzaingó,-32.96320729999999,-60.6277525,55.0,538.0,Municipio Rosario,Municipio,Rosario,820210,Servicio de Catastro e Información Territorial,IGN
2013,3685,2013-03-06,Miercoles,0.0,20:10:00,,0.0,2,"Automóvil,Automóvil",Liniers Y Rioja,2,1,0,0,1,0,0,,Calle,,ROSARIO,Rosario,Asfalto,No existe,II,Dentro,Urbana,Marca Vial,No existe,Recta,Bueno,Buena,"Nocturna,Con luz artificial",Buen Tiempo,Lateral,S/D,Colisión,S/D,Horizontal,Cordón divisorio,Sin restricción,POINT (-60.6986283 -32.93784539999999),"['Liniers', 'Rioja']",2,Liniers; Rioja,-32.93784539999999,-60.6986283,55.0,538.0,Municipio Rosario,Municipio,Rosario,820210,Servicio de Catastro e Información Territorial,IGN
2013,3687,2013-04-30,Martes,0.0,10:30:00,,0.0,2,"Bicicleta,Automóvil",Riobamba Y Colon,2,1,0,0,1,0,0,,Calle,,ROSARIO,Rosario,Asfalto,No existe,II,Dentro,Urbana,Señal Ceda el Paso,No existe,Intersección,Bueno,Buena,Diurna,Buen Tiempo,S/D,S/D,Atropello,S/D,Vertical,Ninguna,Sin restricción,POINT (-60.629713 -32.96527269999999),"['Riobamba', 'Colon']",2,Riobamba; Cristóbal Colón,-32.96527269999999,-60.629713,55.0,538.0,Municipio Rosario,Municipio,Rosario,820210,Servicio de Catastro e Información Territorial,IGN
2013,3690,2013-03-04,Lunes,0.0,18:00:00,,0.0,2,"Automóvil,Moto/Ciclomotor",F.More Y Riobamba,3,2,0,0,1,0,0,,Calle,,ROSARIO,Rosario,Asfalto,No existe,II,Dentro,Urbana,Marca Vial,No existe,Intersección,Bueno,Buena,Diurna,Buen Tiempo,Lateral,S/D,Colisión,S/D,Horizontal,Cordón divisorio,Sin restricción,POINT (-60.6931928 -32.954012399999996),"['Felipe Moré', 'Riobamba']",2,Felipe Moré; Riobamba,-32.9540124,-60.6931928,55.0,538.0,Municipio Rosario,Municipio,Rosario,820210,Servicio de Catastro e Información Territorial,IGN
2013,3696,2013-03-04,Lunes,0.0,,,0.0,2,"Automóvil,Peatón",Bv. 27 De Febrero Y Servando Bayo,2,1,0,0,1,0,0,,Avenida,,ROSARIO,Rosario,Asfalto,S/D,II,Dentro,Urbana,Semáforo,Funciona,Intersección,Bueno,Buena,S/D,Buen Tiempo,Otro,S/D,Atropello,S/D,S/D,S/D,Sin restricción,POINT (-60.69020210000001 -32.95925305),"['27 de Febrero', 'Servando Bayo']",2,Bulevar 27 de Febrero; Servando Bayo,-32.95925305,-60.69020210000001,55.0,538.0,Municipio Rosario,Municipio,Rosario,820210,Servicio de Catastro e Información Territorial,IGN
2013,3697,2013-03-03,Domingo,0.0,06:05:00,,0.0,2,"Automóvil,Automóvil",Av. Pellegrini Y Fraga,3,2,0,0,0,0,1,,Calle,,ROSARIO,Rosario,Asfalto,No existe,II,Dentro,Urbana,Semáforo,Funciona,Intersección,Bueno,Buena,"Nocturna,Con luz artificial",Buen Tiempo,S/D,S/D,Colisión,S/D,Vertical,Cordón divisorio,Sin restricción,POINT (-60.709896549999996 -32.94852544999999),"['Pellegrini', 'Fraga']",2,Avenida Carlos Pellegrini; Rosendo María Fraga,-32.94852544999999,-60.70989655,55.0,538.0,Municipio Rosario,Municipio,Rosario,820210,Servicio de Catastro e Información Territorial,IGN
2013,3699,2013-03-29,Viernes,0.0,,,0.0,2,"Automóvil,Bicicleta",Bv. Avellaneda Y Cerrito,2,1,0,0,1,0,0,,Avenida,,ROSARIO,Rosario,Asfalto,S/D,II,Dentro,Urbana,Otra Señal,S/D,Intersección,Bueno,Buena,S/D,Otro,Otro,S/D,Atropello,Otro,S/D,S/D,S/D,POINT (-60.68304325 -32.9545521),"['Avellaneda', 'Cerrito']",2,Bulevar Nicolás Avellaneda; Cerrito,-32.9545521,-60.68304325,55.0,538.0,Municipio Rosario,Municipio,Rosario,820210,Servicio de Catastro e Información Territorial,IGN
2013,3702,2013-04-02,Martes,0.0,01:50:00,,0.0,2,"Automóvil,Automóvil",Bv. 27 De Febrero Y Maipu,2,2,0,0,0,0,0,,Avenida,,ROSARIO,Rosario,Asfalto,Pavimento,II,Dentro,Urbana,S/D,Funciona,Cruce,Bueno,S/D,S/D,S/D,S/D,S/D,S/D,S/D,S/D,S/D,S/D,POINT (-60.640725849999995 -32.9680891),"['27 de Febrero', 'Maipú']",2,Bulevar 27 de Febrero; Maipú,-32.9680891,-60.64072585,55.0,538.0,Municipio Rosario,Municipio,Rosario,820210,Servicio de Catastro e Información Territorial,IGN
2013,3714,2013-03-21,Jueves,0.0,,,0.0,2,"Transporte de Pasajeros (H/ 8 asientos),Moto/Ciclomotor",Av. Pte.Peron Y Valparaiso,2,1,0,0,1,0,0,,Calle,,ROSARIO,Rosario,Asfalto,S/D,II,Dentro,Urbana,Ninguna,No existe,Intersección,Bueno,Buena,S/D,Buen Tiempo,Otro,S/D,Colisión,S/D,S/D,S/D,Sin restricción,POINT (-60.68670785 -32.957959450000004),"['Avenida Presidente Perón', 'Valparaíso']",2,Avenida Presidente Perón; Valparaíso,-32.957959450000004,-60.68670785,55.0,538.0,Municipio Rosario,Municipio,Rosario,820210,Servicio de Catastro e Información Territorial,IGN
2013,3716,2013-03-02,Sabado,0.0,19:50:00,,0.0,2,"Automóvil,Moto/Ciclomotor",pedro lino funes  Y la paz,3,2,0,0,1,0,0,,Calle,,ROSARIO,Rosario,Asfalto,No existe,II,Dentro,Urbana,Marca Vial,No existe,Intersección,Bueno,Buena,Diurna,Buen Tiempo,Lateral,S/D,Colisión,S/D,Horizontal,Cordón divisorio,Sin restricción,POINT (-60.70055920000001 -32.95542410000001),"['Pedro Lino Funes', 'La Paz']",2,Pedro Lino Funes; La Paz,-32.95542410000001,-60.70055920000001,55.0,538.0,Municipio Rosario,Municipio,Rosario,820210,Servicio de Catastro e Información Territorial,IGN
2013,3717,2013-04-10,Miercoles,0.0,18:30:00,,0.0,2,"Moto/Ciclomotor,Automóvil",L.N.Alem Y Pasco,2,1,0,0,1,0,0,,Calle,,ROSARIO,Rosario,Asfalto,No existe,II,Dentro,Urbana,S/D,No existe,Intersección,Bueno,S/D,S/D,S/D,Lateral,S/D,Colisión,S/D,S/D,S/D,S/D,POINT (-60.6315826 -32.9613524),"['Alem', 'Pasco']",2,Leandro N. Alem; Pasco,-32.9613524,-60.6315826,55.0,538.0,Municipio Rosario,Municipio,Rosario,820210,Servicio de Catastro e Información Territorial,IGN
2013,3718,2013-03-10,Domingo,0.0,,,0.0,2,"Automóvil,Automóvil",Av. Francia Y Galvez,2,1,0,0,1,0,0,,Avenida,,ROSARIO,Rosario,Asfalto,S/D,II,Dentro,Urbana,Otra Señal,No existe,Intersección,Bueno,Buena,S/D,Buen Tiempo,Contra objeto fijo,S/D,Colisión,S/D,S/D,S/D,Sin restricción,POINT (-60.671160050000005 -32.963889449999996),"['Avenida Francia', 'Galvez']",2,Avenida Francia; José Gálvez,-32.96388945,-60.671160050000005,55.0,538.0,Municipio Rosario,Municipio,Rosario,820210,Servicio de Catastro e Información Territorial,IGN
2013,3719,2013-04-12,Viernes,0.0,14:00:00,,0.0,2,"Peatón,Automóvil",Bv. 27 De Febrero Y Necochea,2,1,0,0,1,0,0,,S/D,,ROSARIO,Rosario,S/D,S/D,II,S/D,S/D,S/D,S/D,S/D,S/D,S/D,S/D,S/D,S/D,S/D,Atropello,S/D,S/D,S/D,S/D,POINT (-60.6294936 -32.9701003),"['27 de Febrero', 'Necochea']",2,Bulevar 27 de Febrero; Necochea,-32.9701003,-60.6294936,55.0,538.0,Municipio Rosario,Municipio,Rosario,820210,Servicio de Catastro e Información Territorial,IGN
2013,3721,2013-03-18,Lunes,0.0,,,0.0,2,"Moto/Ciclomotor,Automóvil",Ocampo Y Buenos Aires,2,1,0,0,1,0,0,,Calle,,ROSARIO,Rosario,Asfalto,S/D,II,S/D,Urbana,S/D,S/D,Intersección,S/D,S/D,S/D,S/D,S/D,S/D,Colisión,S/D,S/D,S/D,S/D,POINT (-60.637728 -32.9674326),"['Ocampo', 'Buenos Aires']",2,Ocampo; Buenos Aires,-32.9674326,-60.637728,55.0,538.0,Municipio Rosario,Municipio,Rosario,820210,Servicio de Catastro e Información Territorial,IGN
2013,3722,2013-03-17,Domingo,0.0,20:10:00,,0.0,2,"Moto/Ciclomotor,Automóvil",Ocampo Y Necochea,2,1,0,0,1,0,0,,Calle,,ROSARIO,Rosario,Asfalto,No existe,II,Dentro,Urbana,Señal Pare,No existe,Intersección,Bueno,Buena,"Nocturna,Con luz artificial",Buen Tiempo,Lateral,S/D,Colisión,S/D,Vertical,Ninguna,Sin restricción,POINT (-60.6291842 -32.9689484),"['Ocampo', 'Necochea']",2,Ocampo; Necochea,-32.9689484,-60.6291842,55.0,538.0,Municipio Rosario,Municipio,Rosario,820210,Servicio de Catastro e Información Territorial,IGN
2013,3723,2013-03-18,Lunes,0.0,09:30:00,,0.0,2,"Bicicleta,Automóvil",1 de Mayo Y Cochabamba,2,1,0,0,1,0,0,,Calle,,ROSARIO,Rosario,Asfalto,Pavimento,II,S/D,Urbana,S/D,S/D,Intersección,Bueno,Buena,Diurna,Buen Tiempo,S/D,S/D,Atropello,S/D,S/D,Ninguna,S/D,POINT (-60.6327185 -32.95999129999999),"['Primero de Mayo', 'Cochabamba']",2,Primero de Mayo; Cochabamba,-32.95999129999999,-60.6327185,55.0,538.0,Municipio Rosario,Municipio,Rosario,820210,Servicio de Catastro e Información Territorial,IGN
2013,3726,2013-03-19,Martes,0.0,11:30:00,,0.0,2,"Bicicleta,Automóvil",J.M.de Rosas 2300,2,1,0,0,1,0,0,,Calle,,ROSARIO,Rosario,Asfalto,Pavimento,II,Dentro,Urbana,Ninguna,No existe,Recta,Bueno,Buena,Diurna,Buen Tiempo,S/D,S/D,Atropello,S/D,S/D,Ninguna,Sin restricción,"-32.9490771, -60.6315334",['J M De Rosas 2300'],1,J M De Rosas 2300,-32.9490771,-60.6315334,55.0,538.0,Municipio Rosario,Municipio,Rosario,820210,Servicio de Catastro e Información Territorial,IGN
2013,3728,2013-03-20,Miercoles,0.0,20:15:00,,0.0,3,"Automóvil,Automóvil,Automóvil",Bv. 27 De Febrero 20:15,3,2,0,0,1,0,0,,Avenida,,ROSARIO,Rosario,Asfalto,S/D,II,S/D,Urbana,Ninguna,S/D,Recta,Bueno,S/D,S/D,Buen Tiempo,Múltiple,S/D,Colisión,S/D,Vertical,Cordón divisorio,Sin restricción,"-32.9612285, -60.6788841",['27 De Febrero 20:15'],1,27 De Febrero 20:15,-32.9612285,-60.6788841,55.0,538.0,Municipio Rosario,Municipio,Rosario,820210,Servicio de Catastro e Información Territorial,IGN