anio_acci,nro_acci,fecha,desc_dia,fecha_aprox,hora_aprox,desc_ruta,km,cant_participantes,desc_participante,calle_avenida_km,total,heridos_leves,heridos_graves,heridos_gravisimos,ilesos,fallecidos,sin_datos,posicion_XY,desc_tipo_via,desc_ruta_ori,desc_loc,desc_dpto,desc_tipo_calzada,desc_tipo_banquina,desc_unidad_regional,desc_lugar_calzada,desc_zona,desc_prioridad,desc_estado_semaforo,desc_lugar_via,desc_estado_via,desc_estado_visibilidad,desc_luminosidad,desc_estado_clima,desc_tipo_colision,desc_tipo_atropello,desc_tipo_hecho,desc_pres_calzada,desc_senializacion,desc_separacion_via,desc_restriccion,forma_geocod,calle_lista,numero_calles,calles_osm,lat,lon,index_right,gid,fna,gna,nam,in1,fdc,sag
2013,3733,2013-03-17,Domingo,0.0,,,0.0,2,"Automóvil,Moto/Ciclomotor",Bv. 27 De Febrero Y Bv. Avellaneda,2,1,0,0,1,0,0,,Avenida,,ROSARIO,Rosario,Asfalto,Pavimento,II,Dentro,Urbana,Semáforo,Funciona,Intersección,Bueno,Buena,S/D,Buen Tiempo,Frontal,S/D,Colisión,S/D,S/D,S/D,Sin restricción,POINT (-60.68448515 -32.96026405),"['27 de Febrero', 'Avellaneda']",2,Bulevar 27 de Febrero; Bulevar Nicolás Avellaneda,-32.96026405,-60.68448515,55.0,538.0,Municipio Rosario,Municipio,Rosario,820210,Servicio de Catastro e Información Territorial,IGN
2013,3737,2013-03-02,Sabado,0.0,13:15:00,,0.0,2,"Automóvil,Moto/Ciclomotor",Av. Provincias Unidas Y Pje. Linneo,3,2,0,0,1,0,0,,Avenida,,ROSARIO,Rosario,Asfalto,No existe,II,Dentro,Urbana,Marca Vial,No existe,Intersección,Bueno,Buena,Diurna,Buen Tiempo,Lateral,S/D,Colisión,S/D,Horizontal,Cordón divisorio,Sin restricción,POINT (-60.7120477 -32.9515562),"['Avenida Provincias Unidas', 'Pasaje Linneo']",2,Avenida Provincias Unidas; Pasaje Linneo,-32.9515562,-60.7120477,55.0,538.0,Municipio Rosario,Municipio,Rosario,820210,Servicio de Catastro e Información Territorial,IGN
2013,3740,2013-03-01,Viernes,0.0,16:30:00,,0.0,2,"Pickup/Utilitario,Moto/Ciclomotor",Viamonte Y Roullon,2,1,0,0,1,0,0,,Calle,,ROSARIO,Rosario,Asfalto,No existe,II,Dentro,Urbana,Marca Vial,No existe,Intersección,Bueno,Buena,Diurna,Buen Tiempo,Lateral,S/D,Colisión,S/D,Horizontal,Cordón divisorio,Sin restricción,POINT (-60.70158930000001 -32.95664279999999),"['Viamonte', 'Alfredo Rouillón']",2,Viamonte; Alfredo Rouillón,-32.95664279999999,-60.70158930000001,55.0,538.0,Municipio Rosario,Municipio,Rosario,820210,Servicio de Catastro e Información Territorial,IGN
2013,3743,2013-03-01,Viernes,0.0,14:00:00,,0.0,1,,Av. Pellegrini Y Camilo Aldao,2,1,0,0,1,0,0,,Calle,,ROSARIO,Rosario,Asfalto,No existe,II,Dentro,Urbana,Semáforo,Funciona,Intersección,Bueno,Buena,Diurna,Buen Tiempo,Lateral,S/D,Colisión,S/D,Vertical,Cordón divisorio,Sin restricción,POINT (-60.6956263 -32.948147999999996),"['Pellegrini', 'Camilo Aldao']",2,Avenida Carlos Pellegrini; Camilo Aldao,-32.948148,-60.6956263,55.0,538.0,Municipio Rosario,Municipio,Rosario,820210,Servicio de Catastro e Información Territorial,IGN
2013,3753,2013-03-25,Lunes,0.0,14:00:00,,0.0,2,"Moto/Ciclomotor,Automóvil",Colon Y Ituzaingo,3,2,0,0,1,0,0,,Calle,,ROSARIO,Rosario,Asfalto,No existe,II,Dentro,Urbana,Ninguna,No existe,Intersección,Bueno,Buena,Diurna,Buen Tiempo,Lateral,S/D,Colisión,S/D,Faltante,Cordón divisorio,Sin restricción,POINT (-60.62911900000001 -32.962965600000004),"['Colon', 'Ituzaingó']",2,Cristóbal Colón; Ituzaingó,-32.962965600000004,-60.62911900000001,55.0,538.0,Municipio Rosario,Municipio,Rosario,820210,Servicio de Catastro e Información Territorial,IGN
2013,3758,2013-03-26,Martes,0.0,10:50:00,,0.0,2,"Pickup/Utilitario,Pickup/Utilitario",Colon Y Ocampo,2,1,0,0,1,0,0,,Calle,,ROSARIO,Rosario,Asfalto,No existe,II,Dentro,Urbana,Ninguna,No existe,Intersección,Bueno,Buena,Diurna,Buen Tiempo,Lateral,S/D,Colisión,S/D,Faltante,Cordón divisorio,Sin restricción,POINT (-60.6305784 -32.96870069999999),"['Colon', 'Ocampo']",2,Cristóbal Colón; Ocampo,-32.96870069999999,-60.6305784,55.0,538.0,Municipio Rosario,Municipio,Rosario,820210,Servicio de Catastro e Información Territorial,IGN
2013,3768,2013-04-30,Martes,0.0,14:15:00,,0.0,3,"Automóvil,Automóvil,Automóvil",Entre Rios Y La Paz,6,1,0,0,5,0,0,,Calle,,ROSARIO,Rosario,Asfalto,S/D,II,Dentro,S/D,S/D,S/D,Recta,Bueno,Buena,Diurna,Buen Tiempo,De alcance,S/D,Colisión,S/D,S/D,S/D,S/D,POINT (-60.64540379999999 -32.9636773),"['Entre Ríos', 'La Paz']",2,Entre Ríos; La Paz,-32.9636773,-60.64540379999999,55.0,538.0,Municipio Rosario,Municipio,Rosario,820210,Servicio de Catastro e Información Territorial,IGN
2013,3779,2013-03-29,Viernes,0.0,12:20:00,,0.0,2,"Bicicleta,Automóvil",Laprida Y La Paz,2,1,0,0,1,0,0,,Calle,,ROSARIO,Rosario,Asfalto,No existe,II,Dentro,Urbana,Ninguna,No existe,Intersección,Bueno,Buena,Diurna,Buen Tiempo,S/D,S/D,Atropello,S/D,Faltante,Cordón divisorio,Reparación de Vía,POINT (-60.6387109 -32.96486649999999),"['Laprida', 'La Paz']",2,Francisco Narciso Laprida; La Paz,-32.96486649999999,-60.6387109,55.0,538.0,Municipio Rosario,Municipio,Rosario,820210,Servicio de Catastro e Información Territorial,IGN
2013,3785,2013-03-07,Jueves,0.0,21:50:00,,0.0,2,"Moto/Ciclomotor,Automóvil",SAN MARTIN  Y BELGRANO,2,1,0,0,1,0,0,,Calle,,ROSARIO,Rosario,Asfalto,No existe,II,Dentro,Urbana,Semáforo,S/D,Recta,Bueno,Buena,Nocturna,Buen Tiempo,Lateral,S/D,Colisión,S/D,Faltante,Ninguna,Sin restricción,POINT (-60.6351258 -32.9409549),"['San Martin', 'Belgrano']",2,"('José de San Martín', 'Avenida Manuel Belgrano')",-32.9409549,-60.6351258,55.0,538.0,Municipio Rosario,Municipio,Rosario,820210,Servicio de Catastro e Información Territorial,IGN
2013,3817,2013-03-15,Viernes,0.0,13:00:00,,0.0,1,Bicicleta,Jose Ingenieros 8400,1,0,0,0,0,0,1,,S/D,,ROSARIO,Rosario,Asfalto,No existe,II,S/D,Urbana,Ninguna,No existe,Recta,Con baches,Buena,Diurna,Buen Tiempo,S/D,S/D,Caída ocupante,Otro,S/D,Ninguna,Sin restricción,"-32.9178593, -60.7444331",['Jose Ingenieros 8400'],1,Jose Ingenieros 8400,-32.9178593,-60.7444331,55.0,538.0,Municipio Rosario,Municipio,Rosario,820210,Servicio de Catastro e Información Territorial,IGN
2013,3820,2013-03-15,Viernes,0.0,16:00:00,,0.0,1,,F.M.Esquiu Y Ecuador,2,1,0,0,0,0,1,,S/D,,ROSARIO,Rosario,S/D,S/D,II,Dentro,Urbana,S/D,No existe,Intersección,Bueno,Buena,Atardecer,Buen Tiempo,Otro,S/D,Colisión,S/D,S/D,S/D,S/D,POINT (-60.71572960000001 -32.92319179999999),"['Esquiú', 'Ecuador']",2,Esquiú; Ecuador,-32.92319179999999,-60.71572960000001,55.0,538.0,Municipio Rosario,Municipio,Rosario,820210,Servicio de Catastro e Información Territorial,IGN
2013,3891,2013-04-09,Martes,0.0,12:30:00,,0.0,2,"Automóvil,Automóvil",Av. Pellegrini 7400,2,1,0,0,1,0,0,,Calle,,ROSARIO,Rosario,Asfalto,No existe,II,Dentro,Urbana,Ninguna,No existe,Recta,Bueno,Buena,Diurna,Buen Tiempo,Lateral,S/D,Colisión,S/D,Horizontal,Barrera de hormigón,Sin restricción,"-32.9483376, -60.7201659",['Pellegrini 7400'],1,Pellegrini 7400,-32.9483376,-60.7201659,55.0,538.0,Municipio Rosario,Municipio,Rosario,820210,Servicio de Catastro e Información Territorial,IGN
2013,3892,2013-03-26,Martes,0.0,13:00:00,,0.0,2,"Automóvil,Automóvil",Guatemala Y Cerrito,2,2,0,0,0,0,0,,Calle,,ROSARIO,Rosario,Asfalto,No existe,II,Dentro,Urbana,Marca Vial,No existe,Intersección,Bueno,Buena,Diurna,Buen Tiempo,Lateral,S/D,Colisión,Otro,Horizontal,Cordón divisorio,Sin restricción,POINT (-60.71673069999999 -32.9534592),"['Guatemala', 'Cerrito']",2,Guatemala; Cerrito,-32.9534592,-60.71673069999999,55.0,538.0,Municipio Rosario,Municipio,Rosario,820210,Servicio de Catastro e Información Territorial,IGN
2013,3893,2013-04-12,Viernes,0.0,16:45:00,,0.0,2,"Moto/Ciclomotor,Automóvil",Tarragona Y Ayala Gauna,2,1,0,0,1,0,0,,Calle,,ROSARIO,Rosario,S/D,S/D,II,Dentro,Urbana,S/D,S/D,S/D,S/D,S/D,S/D,S/D,S/D,S/D,S/D,S/D,S/D,S/D,S/D,POINT (-60.7352862 -32.9125474),"['Tarragona', 'Ayala Gauna']",2,Tarragona; Ayala Gauna,-32.9125474,-60.7352862,55.0,538.0,Municipio Rosario,Municipio,Rosario,820210,Servicio de Catastro e Información Territorial,IGN
2013,3894,2013-03-25,Lunes,0.0,13:15:00,,0.0,2,"Taxi/Remis,Moto/Ciclomotor",Larrea Y Cerrito,3,2,0,0,1,0,0,,Calle,,ROSARIO,Rosario,Asfalto,No existe,II,Dentro,Urbana,Marca Vial,No existe,Intersección,Bueno,Buena,Diurna,Buen Tiempo,Lateral,S/D,Colisión,Otro,Horizontal,Cordón divisorio,Sin restricción,POINT (-60.696764200000004 -32.95293860000001),"['Larrea', 'Cerrito']",2,Larrea; Cerrito,-32.95293860000001,-60.6967642,55.0,538.0,Municipio Rosario,Municipio,Rosario,820210,Servicio de Catastro e Información Territorial,IGN
2013,3905,2013-04-15,Lunes,0.0,11:30:00,,0.0,2,"Bicicleta,Automóvil",L.N.Alem Y La Paz,2,1,0,0,1,0,0,,Calle,,ROSARIO,Rosario,Asfalto,No existe,II,Dentro,Urbana,Señal Pare,No existe,Intersección,Bueno,Buena,Diurna,Buen Tiempo,Otro,S/D,Atropello,S/D,Horizontal,Cordón divisorio,Sin restricción,POINT (-60.6327207 -32.96593089999998),"['Alem', 'La Paz']",2,Leandro N. Alem; La Paz,-32.96593089999998,-60.6327207,55.0,538.0,Municipio Rosario,Municipio,Rosario,820210,Servicio de Catastro e Información Territorial,IGN
2013,3910,2013-04-24,Miercoles,0.0,18:30:00,,0.0,2,"Moto/Ciclomotor,Automóvil",Mitre Y Bv. 27 De Febrero,3,2,0,0,1,0,0,,Avenida,,ROSARIO,Rosario,Asfalto,S/D,II,Dentro,S/D,S/D,S/D,Recta,Bueno,Buena,S/D,Buen Tiempo,Lateral,S/D,Colisión,S/D,S/D,S/D,S/D,POINT (-60.6448502 -32.96734965),"['Mitre', '27 de Febrero']",2,Bartolomé Mitre; Bulevar 27 de Febrero,-32.96734965,-60.6448502,55.0,538.0,Municipio Rosario,Municipio,Rosario,820210,Servicio de Catastro e Información Territorial,IGN
2013,3916,2013-03-23,Sabado,0.0,02:30:00,,0.0,3,"Automóvil,Automóvil,Automóvil",Av. Provincias Unidas Y Av. Pellegrini,4,2,0,0,2,0,0,,Avenida,,ROSARIO,Rosario,Asfalto,No existe,II,Dentro,Urbana,Semáforo,Funciona,Intersección,Bueno,Buena,"Nocturna,Con luz artificial",Buen Tiempo,Múltiple,S/D,Colisión,Otro,Vertical,Cordón divisorio,Sin restricción,POINT (-60.71226145000001 -32.948578),"['Avenida Provincias Unidas', 'Pellegrini']",2,Avenida Provincias Unidas; Avenida Carlos Pellegrini,-32.948578,-60.71226145000001,55.0,538.0,Municipio Rosario,Municipio,Rosario,820210,Servicio de Catastro e Información Territorial,IGN
2013,3917,2013-04-15,Lunes,0.0,,,0.0,1,Transporte de Pasajeros Urbano (> 8 asientos),Buenos Aires Y La Paz,1,1,0,0,0,0,0,,Calle,,ROSARIO,Rosario,Asfalto,No existe,II,Dentro,Urbana,Señal Pare,No existe,Intersección,Bueno,Buena,Diurna,Buen Tiempo,Lateral,S/D,Colisión,S/D,Horizontal,Cordón divisorio,Sin restricción,POINT (-60.6371524 -32.96514349999999),"['Buenos Aires', 'La Paz']",2,Buenos Aires; La Paz,-32.96514349999999,-60.6371524,55.0,538.0,Municipio Rosario,Municipio,Rosario,820210,Servicio de Catastro e Información Territorial,IGN
2013,3918,2013-04-25,Jueves,0.0,17:10:00,,0.0,2,"Automóvil,Automóvil",España Y Cochabamba,3,2,0,0,1,0,0,,Calle,,ROSARIO,Rosario,Asfalto,S/D,II,Dentro,Urbana,Ninguna,S/D,Cruce,Bueno,Buena,Diurna,Buen Tiempo,Lateral,S/D,Colisión,S/D,S/D,S/D,S/D,POINT (-60.649499 -32.9569347),"['España', 'Cochabamba']",2,España; Cochabamba,-32.9569347,-60.649499,55.0,538.0,Municipio Rosario,Municipio,Rosario,820210,Servicio de Catastro e Información Territorial,IGN
2013,3926,2013-04-25,Jueves,0.0,12:00:00,,0.0,4,"Automóvil,Automóvil,Automóvil,Automóvil",Av. Pellegrini Y Italia,7,5,0,0,2,0,0,,Avenida,,ROSARIO,Rosario,Asfalto,S/D,II,Dentro,S/D,S/D,S/D,Recta,Bueno,Buena,Diurna,Buen Tiempo,Múltiple,S/D,Colisión,S/D,S/D,S/D,S/D,POINT (-60.650600100000005 -32.955561700000004),"['Pellegrini', 'Italia']",2,Avenida Carlos Pellegrini; Italia,-32.955561700000004,-60.650600100000005,55.0,538.0,Municipio Rosario,Municipio,Rosario,820210,Servicio de Catastro e Información Territorial,IGN
2013,3930,2013-03-22,Viernes,0.0,12:30:00,,0.0,2,"Moto/Ciclomotor,Automóvil",Av. Pellegrini Y Roullon,2,1,0,0,1,0,0,,Avenida,,ROSARIO,Rosario,Asfalto,No existe,II,Dentro,Urbana,Semáforo,Funciona,Intersección,Bueno,Buena,Diurna,Buen Tiempo,Lateral,S/D,Colisión,Otro,Vertical,Cordón divisorio,Sin restricción,POINT (-60.70191075 -32.94831669999999),"['Pellegrini', 'Alfredo Rouillón']",2,Avenida Carlos Pellegrini; Alfredo Rouillón,-32.94831669999999,-60.70191075,55.0,538.0,Municipio Rosario,Municipio,Rosario,820210,Servicio de Catastro e Información Territorial,IGN
2013,3939,2013-04-29,Lunes,0.0,16:30:00,,0.0,2,"Automóvil,Moto/Ciclomotor",Rioja Y Santiago,2,1,0,0,1,0,0,,Calle,,ROSARIO,Rosario,Asfalto,S/D,II,S/D,Urbana,S/D,S/D,Intersección,S/D,S/D,Diurna,S/D,S/D,S/D,Colisión,S/D,S/D,Cordón divisorio,S/D,POINT (-60.656289699999995 -32.9443719),"['Rioja', 'Santiago']",2,Rioja; Santiago,-32.9443719,-60.6562897,55.0,538.0,Municipio Rosario,Municipio,Rosario,820210,Servicio de Catastro e Información Territorial,IGN
2013,3947,2013-04-27,Sabado,0.0,13:45:00,,0.0,2,"Automóvil,Automóvil",Iriondo Y Montevideo,5,5,0,0,0,0,0,,Calle,,ROSARIO,Rosario,Asfalto,S/D,II,Dentro,Urbana,S/D,S/D,Intersección,S/D,S/D,S/D,S/D,S/D,S/D,Colisión,S/D,S/D,S/D,S/D,POINT (-60.6720567 -32.9505233),"['Iriondo', 'Montevideo']",2,Iriondo; Montevideo,-32.9505233,-60.6720567,55.0,538.0,Municipio Rosario,Municipio,Rosario,820210,Servicio de Catastro e Información Territorial,IGN
2013,3948,2013-04-18,Jueves,0.0,22:30:00,,0.0,2,"Taxi/Remis,Taxi/Remis",3 De Febrero Y Av. Francia,2,1,0,0,1,0,0,,Calle,,ROSARIO,Rosario,Asfalto,S/D,II,S/D,Urbana,S/D,S/D,S/D,S/D,S/D,Nocturna,S/D,S/D,S/D,Colisión,S/D,S/D,Cordón divisorio,S/D,POINT (-60.66711794999999 -32.947896799999995),"['3 de Febrero', 'Avenida Francia']",2,3 de Febrero; Avenida Francia,-32.947896799999995,-60.66711794999999,55.0,538.0,Municipio Rosario,Municipio,Rosario,820210,Servicio de Catastro e Información Territorial,IGN
2013,3949,2013-04-14,Domingo,0.0,08:00:00,,0.0,2,"Moto/Ciclomotor,Automóvil",Ayala Gauna 7700,3,2,0,0,1,0,0,,Calle,,ROSARIO,Rosario,Asfalto,S/D,II,Dentro,Urbana,S/D,No existe,Recta,S/D,S/D,Diurna,S/D,S/D,S/D,Colisión,S/D,S/D,S/D,S/D,"-32.9123207, -60.7272136",['Ayala Gauna 7700'],1,Ayala Gauna 7700,-32.9123207,-60.7272136,55.0,538.0,Municipio Rosario,Municipio,Rosario,820210,Servicio de Catastro e Información Territorial,IGN
2013,3950,2013-04-27,Sabado,0.0,,,0.0,2,"Automóvil,Bicicleta",Lima Y Bv. 27 De Febrero,3,2,0,0,1,0,0,,Avenida,,ROSARIO,Rosario,Asfalto,S/D,II,Dentro,Urbana,Ninguna,No existe,Recta,Bueno,Buena,S/D,Buen Tiempo,S/D,S/D,Atropello,Otro,S/D,Ninguna,Sin restricción,POINT (-60.688563466666665 -32.95953179999999),"['Lima', '27 de Febrero']",2,Lima; Bulevar 27 de Febrero,-32.95953179999999,-60.688563466666665,55.0,538.0,Municipio Rosario,Municipio,Rosario,820210,Servicio de Catastro e Información Territorial,IGN
2013,3951,2013-04-09,Martes,0.0,19:30:00,,0.0,2,"Moto/Ciclomotor,Automóvil",Ayacucho Y Hilarion de la Quintana,4,3,0,0,1,0,0,,Calle,,ROSARIO,Rosario,Asfalto,S/D,II,Dentro,Urbana,S/D,Funciona,Intersección,Bueno,S/D,Nocturna,S/D,S/D,S/D,S/D,S/D,S/D,S/D,S/D,POINT (-60.6362352 -33.0005716),"['Ayacucho', 'Hilarión de la Quintana']",2,Ayacucho; Hilarión de la Quintana,-33.0005716,-60.6362352,55.0,538.0,Municipio Rosario,Municipio,Rosario,820210,Servicio de Catastro e Información Territorial,IGN
2013,3952,2013-04-29,Lunes,0.0,12:10:00,,0.0,2,"Automóvil,Moto/Ciclomotor",Av. Pellegrini Y Castellanos,2,1,0,0,1,0,0,,Avenida,,ROSARIO,Rosario,Asfalto,S/D,II,Dentro,Urbana,S/D,S/D,Intersección,S/D,S/D,Diurna,S/D,S/D,S/D,Colisión,S/D,Faltante,Cordón divisorio,S/D,POINT (-60.677811000000005 -32.950665749999985),"['Pellegrini', 'Aaron Castellanos']",2,Avenida Carlos Pellegrini; Aaron Castellanos,-32.950665749999985,-60.677811000000005,55.0,538.0,Municipio Rosario,Municipio,Rosario,820210,Servicio de Catastro e Información Territorial,IGN
2013,3954,2013-04-09,Martes,0.0,18:15:00,,0.0,2,"Moto/Ciclomotor,Automóvil",Muñoz Y Pje. Aguirre,3,2,0,0,1,0,0,,Calle,,ROSARIO,Rosario,Asfalto,No existe,II,Dentro,Urbana,Ninguna,No existe,Recta,S/D,S/D,S/D,Buen Tiempo,Lateral,S/D,Colisión,S/D,Horizontal,Ninguna,Sin restricción,POINT (-60.6348104 -33.00795680000001),"['Muñoz', 'Aguirre']",2,Osella Muñoz; Soldado Aguirre,-33.00795680000001,-60.6348104,55.0,538.0,Municipio Rosario,Municipio,Rosario,820210,Servicio de Catastro e Información Territorial,IGN
2013,3955,2013-04-18,Jueves,0.0,15:50:00,,0.0,2,"Moto/Ciclomotor,Automóvil",Boqueron Y Lozzia,2,1,0,0,1,0,0,,Calle,,ROSARIO,Rosario,Asfalto,No existe,II,S/D,Urbana,Ninguna,No existe,Intersección,Bueno,Buena,Diurna,Otro,Lateral,S/D,Colisión,S/D,S/D,S/D,Sin restricción,POINT (-60.6382085 -33.0139619),"['Boquerón', 'Lozzia']",2,Boquerón; Lozzia,-33.0139619,-60.6382085,55.0,538.0,Municipio Rosario,Municipio,Rosario,820210,Servicio de Catastro e Información Territorial,IGN
2013,3992,2013-04-13,Sabado,0.0,22:00:00,,0.0,2,"Moto/Ciclomotor,Automóvil",LEINEZ Y SADI CARNOT,2,1,0,0,1,0,0,,Calle,,ROSARIO,Rosario,Asfalto,No existe,II,Dentro,Urbana,Ninguna,No existe,Intersección,Bueno,Reducida,Nocturna,Buen Tiempo,Frontal,S/D,Colisión,S/D,Faltante,Ninguna,Sin restricción,POINT (-60.6486591 -33.0052924),"['Láinez', 'Sadi Carnot']",2,Láinez; Sadi Carnot,-33.0052924,-60.6486591,55.0,538.0,Municipio Rosario,Municipio,Rosario,820210,Servicio de Catastro e Información Territorial,IGN
2013,3996,2013-04-19,Viernes,0.0,,,0.0,2,"Moto/Ciclomotor,Automóvil",San Juan 3800,3,2,0,0,1,0,0,,Calle,,ROSARIO,Rosario,Asfalto,S/D,II,Dentro,Urbana,S/D,S/D,Intersección,S/D,S/D,S/D,S/D,S/D,S/D,Colisión,S/D,S/D,Cordón divisorio,S/D,"-32.9435448, -60.6758468",['San Juan 3800'],1,San Juan 3800,-32.9435448,-60.6758468,55.0,538.0,Municipio Rosario,Municipio,Rosario,820210,Servicio de Catastro e Información Territorial,IGN
2013,3998,2013-04-20,Sabado,0.0,22:00:00,,0.0,2,"Moto/Ciclomotor,Automóvil",Cabildo 600,3,2,0,0,0,0,1,,Calle,,ROSARIO,Rosario,Asfalto,No existe,II,Dentro,Urbana,Ninguna,No existe,Recta,Bueno,Reducida,Nocturna,Buen Tiempo,De alcance,S/D,Colisión,S/D,Faltante,Ninguna,Sin restricción,"-33.0073995, -60.6503733",['Cabildo 600'],1,Cabildo 600,-33.0073995,-60.6503733,55.0,538.0,Municipio Rosario,Municipio,Rosario,820210,Servicio de Catastro e Información Territorial,IGN
2013,3999,2013-04-14,Domingo,0.0,15:20:00,,0.0,2,"Moto/Ciclomotor,Automóvil",J.B.Justo Y Pje. Candelaria Bis,2,1,0,0,1,0,0,,Calle,,ROSARIO,Rosario,Asfalto,No existe,II,Dentro,Urbana,S/D,No existe,Intersección,S/D,Buena,Diurna,S/D,S/D,S/D,Colisión,S/D,S/D,S/D,S/D,POINT (-60.72748790000001 -32.9153214),"['Justo', 'Candelaria']",2,Justo José de Urquiza; Candelaria,-32.9153214,-60.72748790000001,55.0,538.0,Municipio Rosario,Municipio,Rosario,820210,Servicio de Catastro e Información Territorial,IGN
2013,4001,2013-05-17,Viernes,0.0,21:00:00,,0.0,2,"Moto/Ciclomotor,Automóvil",Av. Uriburu Y Laprida,2,1,0,0,1,0,0,,Avenida,,ROSARIO,Rosario,Asfalto,No existe,II,Dentro,Urbana,Señal Pare,No existe,Intersección,Bueno,S/D,Nocturna,S/D,S/D,S/D,Colisión,S/D,"Horizontal,Vertical",Cordón divisorio,S/D,POINT (-60.645184500000006 -32.990651),"['Uriburu', 'Laprida']",2,Avenida José Uriburu; Francisco Narciso Laprida,-32.990651,-60.645184500000006,55.0,538.0,Municipio Rosario,Municipio,Rosario,820210,Servicio de Catastro e Información Territorial,IGN
2013,4002,2013-04-24,Miercoles,0.0,17:00:00,,0.0,2,"Moto/Ciclomotor,Pickup/Utilitario",Ayacucho Y Anchorena,2,1,0,0,1,0,0,,Calle,,ROSARIO,Rosario,Asfalto,No existe,II,Dentro,Urbana,Ninguna,No existe,Intersección,Bueno,Buena,Diurna,Buen Tiempo,Lateral,S/D,Colisión,S/D,S/D,Ninguna,Sin restricción,POINT (-60.63653260000001 -32.9974085),"['Ayacucho', 'Anchorena']",2,Ayacucho; Tomás de Anchorena,-32.9974085,-60.63653260000001,55.0,538.0,Municipio Rosario,Municipio,Rosario,820210,Servicio de Catastro e Información Territorial,IGN
2013,4005,2013-04-24,Miercoles,0.0,10:00:00,,0.0,2,"Moto/Ciclomotor,Pickup/Utilitario",Grandoli Y Garibaldi,3,1,0,0,2,0,0,,S/D,,ROSARIO,Rosario,Asfalto,No existe,II,S/D,S/D,Ninguna,No existe,Intersección,Bueno,Buena,Diurna,Buen Tiempo,Lateral,S/D,Colisión,S/D,S/D,Ninguna,Sin restricción,POINT (-60.6284414 -32.98951155),"['Avenida Abanderado Grandoli', 'José Garibaldi']",2,Avenida Abanderado Grandoli; José Garibaldi,-32.98951155,-60.6284414,55.0,538.0,Municipio Rosario,Municipio,Rosario,820210,Servicio de Catastro e Información Territorial,IGN
2013,4007,2013-03-16,Sabado,0.0,22:30:00,,0.0,2,"Moto/Ciclomotor,Automóvil",Cabildo Y Melincue,3,2,0,0,1,0,0,,Calle,,ROSARIO,Rosario,Asfalto,No existe,II,Dentro,Urbana,Ninguna,No existe,Intersección,Deteriorada,Reducida,Nocturna,Buen Tiempo,Lateral,S/D,Colisión,Otro,Faltante,Ninguna,Sin restricción,POINT (-60.6476644 -33.00731760000001),"['Cabildo', 'Melincué']",2,Cabildo; Melincué,-33.00731760000001,-60.6476644,55.0,538.0,Municipio Rosario,Municipio,Rosario,820210,Servicio de Catastro e Información Territorial,IGN
2013,4009,2013-04-14,Domingo,0.0,19:00:00,,0.0,1,Moto/Ciclomotor,Av. Battle y Ordoñez Y Pte.Roca,2,2,0,0,0,0,0,,Avenida,,ROSARIO,Rosario,Asfalto,No existe,II,Dentro,Urbana,Ninguna,No existe,Intersección,Bueno,Buena,Atardecer,Buen Tiempo,Contra objeto fijo,S/D,Colisión,S/D,Faltante,Cordón divisorio,Sin restricción,POINT (-60.65589215 -33.0090795),"['Avenida Battle y Ordoñez', 'Roca']",2,Avenida Battle y Ordoñez; Presidente Roca,-33.0090795,-60.65589215,55.0,538.0,Municipio Rosario,Municipio,Rosario,820210,Servicio de Catastro e Información Territorial,IGN
2013,4010,2013-04-09,Martes,0.0,21:15:00,,0.0,2,"Peatón,Automóvil",Esquivel 6040,2,1,0,0,1,0,0,,Calle,,ROSARIO,Rosario,Asfalto,No existe,II,Dentro,Urbana,Ninguna,No existe,Recta,Bueno,Reducida,Nocturna,S/D,S/D,S/D,Atropello,S/D,S/D,Ninguna,Sin restricción,"-32.901103, -60.7053031",['Esquivel 6040'],1,Esquivel 6040,-32.901103,-60.7053031,55.0,538.0,Municipio Rosario,Municipio,Rosario,820210,Servicio de Catastro e Información Territorial,IGN
2013,4011,2013-04-14,Domingo,0.0,,,0.0,2,"Moto/Ciclomotor,Automóvil",Junin Y Roullon,2,1,0,0,1,0,0,,Calle,,ROSARIO,Rosario,Asfalto,No existe,II,Dentro,Urbana,S/D,No existe,Intersección,S/D,S/D,S/D,Otro,Lateral,S/D,Colisión,S/D,Faltante,S/D,Sin restricción,POINT (-60.7027733 -32.92730860000001),"['Junín', 'Alfredo Rouillón']",2,Junín; Alfredo Rouillón,-32.92730860000001,-60.7027733,55.0,538.0,Municipio Rosario,Municipio,Rosario,820210,Servicio de Catastro e Información Territorial,IGN
2013,4012,2013-04-11,Jueves,0.0,,,0.0,2,"Peatón,Pickup/Utilitario",Entre Rios Y Centenario,2,1,0,0,1,0,0,,Calle,,ROSARIO,Rosario,Asfalto,Natural,II,Fuera,Urbana,Ninguna,No existe,Intersección,Deteriorada,S/D,S/D,Buen Tiempo,Otro,S/D,Atropello,S/D,Faltante,Ninguna,Sin restricción,POINT (-60.6517222 -33.00436710000001),"['Entre Ríos', 'Centenario']",2,Entre Ríos; Avenida Centenario Rosario Central,-33.00436710000001,-60.6517222,55.0,538.0,Municipio Rosario,Municipio,Rosario,820210,Servicio de Catastro e Información Territorial,IGN