anio_acci,nro_acci,fecha,desc_dia,fecha_aprox,hora_aprox,desc_ruta,km,cant_participantes,desc_participante,calle_avenida_km,total,heridos_leves,heridos_graves,heridos_gravisimos,ilesos,fallecidos,sin_datos,posicion_XY,desc_tipo_via,desc_ruta_ori,desc_loc,desc_dpto,desc_tipo_calzada,desc_tipo_banquina,desc_unidad_regional,desc_lugar_calzada,desc_zona,desc_prioridad,desc_estado_semaforo,desc_lugar_via,desc_estado_via,desc_estado_visibilidad,desc_luminosidad,desc_estado_clima,desc_tipo_colision,desc_tipo_atropello,desc_tipo_hecho,desc_pres_calzada,desc_senializacion,desc_separacion_via,desc_restriccion,forma_geocod,calle_lista,numero_calles,calles_osm,lat,lon,index_right,gid,fna,gna,nam,in1,fdc,sag
2013,4017,2013-04-10,Miercoles,0.0,20:40:00,,0.0,2,"Moto/Ciclomotor,Automóvil",Buenos Aires Y Cabildo,2,1,0,0,1,0,0,,Calle,,ROSARIO,Rosario,Asfalto,Natural,II,Dentro,Urbana,Ninguna,No existe,Intersección,Deteriorada,Reducida,Atardecer,Buen Tiempo,Lateral,S/D,Colisión,S/D,Faltante,Ninguna,Sin restricción,POINT (-60.6447564 -33.0072288),"['Buenos Aires', 'Cabildo']",2,Buenos Aires; Cabildo,-33.0072288,-60.6447564,55.0,538.0,Municipio Rosario,Municipio,Rosario,820210,Servicio de Catastro e Información Territorial,IGN
2013,4018,2013-04-08,Lunes,0.0,10:00:00,,0.0,2,"Camión,Pickup/Utilitario",San Martin 6549,3,2,0,0,1,0,0,,Calle,,ROSARIO,Rosario,Asfalto,Natural,II,Dentro,Urbana,Ninguna,No existe,Recta,Deteriorada,Buena,Diurna,Buen Tiempo,Otro,S/D,Colisión,S/D,Faltante,Cordón divisorio,Sin restricción,"-32.9764777, -60.6372639",['San Martin 6549'],1,San Martin 6549,-32.9764777,-60.6372639,55.0,538.0,Municipio Rosario,Municipio,Rosario,820210,Servicio de Catastro e Información Territorial,IGN
2013,4020,2013-03-06,Miercoles,0.0,13:00:00,,0.0,2,"Moto/Ciclomotor,Automóvil",Entre Rios Y Rafael Arrieta,3,1,0,0,2,0,0,,Calle,,ROSARIO,Rosario,Asfalto,Natural,II,Dentro,Urbana,Ninguna,No existe,Intersección,Deteriorada,Buena,Diurna,Buen Tiempo,Otro,S/D,Colisión,S/D,S/D,S/D,Sin restricción,POINT (-60.65174700000001 -33.00959319999999),"['Entre Ríos', 'Rafael Arrieta']",2,Entre Ríos; Rafael Arrieta,-33.00959319999999,-60.65174700000001,55.0,538.0,Municipio Rosario,Municipio,Rosario,820210,Servicio de Catastro e Información Territorial,IGN
2013,4021,2013-03-18,Lunes,0.0,13:15:00,,0.0,2,"Moto/Ciclomotor,Automóvil",Salta Y Iriondo,2,1,0,0,1,0,0,,Calle,,ROSARIO,Rosario,Asfalto,Pavimento,II,Dentro,Urbana,S/D,Funciona,Recta,Bueno,Buena,Diurna,Buen Tiempo,Lateral,S/D,Colisión,S/D,S/D,S/D,Sin restricción,POINT (-60.6678744 -32.933836899999996),"['Salta', 'Iriondo']",2,Salta; Iriondo,-32.9338369,-60.6678744,55.0,538.0,Municipio Rosario,Municipio,Rosario,820210,Servicio de Catastro e Información Territorial,IGN
2013,4022,2013-04-25,Jueves,0.0,19:20:00,,0.0,1,Moto/Ciclomotor,Calle 2106 7000,1,1,0,0,0,0,0,,Calle,,ROSARIO,Rosario,Asfalto,No existe,II,Dentro,Urbana,S/D,S/D,Recta,Bueno,Buena,Atardecer,Buen Tiempo,Otro,S/D,Caída ocupante,S/D,S/D,Ninguna,Sin restricción,"-33.0171777, -60.687048",['Calle 2106 7000'],1,Calle 2106 7000,-33.0171777,-60.687048,55.0,538.0,Municipio Rosario,Municipio,Rosario,820210,Servicio de Catastro e Información Territorial,IGN
2013,4023,2013-04-16,Martes,0.0,10:30:00,,0.0,3,"Automóvil,Automóvil,Automóvil",Ocampo Y Sarmiento,4,1,0,0,3,0,0,,Calle,,ROSARIO,Rosario,Asfalto,S/D,II,Dentro,Urbana,S/D,S/D,Recta,Bueno,Buena,S/D,Buen Tiempo,"De alcance,Múltiple",S/D,Colisión,S/D,S/D,S/D,S/D,POINT (-60.643185100000004 -32.966463399999995),"['Ocampo', 'Sarmiento']",2,Ocampo; Sarmiento,-32.966463399999995,-60.6431851,55.0,538.0,Municipio Rosario,Municipio,Rosario,820210,Servicio de Catastro e Información Territorial,IGN
2013,4026,2013-03-19,Martes,0.0,11:00:00,,0.0,2,"Automóvil,Moto/Ciclomotor",Jujuy Y Av. Francia,3,2,0,0,1,0,0,,Calle,,ROSARIO,Rosario,S/D,Pavimento,II,Dentro,Urbana,S/D,S/D,S/D,S/D,Buena,Diurna,Buen Tiempo,Lateral,S/D,Colisión,S/D,S/D,S/D,S/D,POINT (-60.6634714 -32.93337134999999),"['Jujuy', 'Avenida Francia']",2,Jujuy; Avenida Francia,-32.93337134999999,-60.6634714,55.0,538.0,Municipio Rosario,Municipio,Rosario,820210,Servicio de Catastro e Información Territorial,IGN
2013,4028,2013-03-19,Martes,0.0,18:20:00,,0.0,2,"Automóvil,Pickup/Utilitario",Pueyrredon Y Urquiza,2,2,0,0,0,0,0,,Calle,,ROSARIO,Rosario,Asfalto,S/D,II,Dentro,Urbana,Señal Pare,S/D,Cruce,Bueno,Buena,Diurna,S/D,Lateral,S/D,Colisión,S/D,S/D,S/D,S/D,POINT (-60.6564923 -32.9395203),"['Pueyrredón', 'Urquiza']",2,Pueyrredón; Justo José de Urquiza,-32.9395203,-60.6564923,55.0,538.0,Municipio Rosario,Municipio,Rosario,820210,Servicio de Catastro e Información Territorial,IGN
2013,4029,2013-03-19,Martes,0.0,22:07:00,,0.0,2,"Moto/Ciclomotor,Moto/Ciclomotor",Castellanos Y San Lorenzo,3,2,0,0,1,0,0,,Calle,,ROSARIO,Rosario,Asfalto,S/D,II,Dentro,Urbana,S/D,No existe,Recta,Bueno,Buena,Nocturna,Buen Tiempo,S/D,S/D,Colisión,S/D,S/D,Ninguna,S/D,POINT (-60.6744722 -32.9375212),"['Aaron Castellanos', 'San Lorenzo']",2,Aaron Castellanos; San Lorenzo,-32.9375212,-60.6744722,55.0,538.0,Municipio Rosario,Municipio,Rosario,820210,Servicio de Catastro e Información Territorial,IGN
2013,4034,2013-03-20,Miercoles,0.0,17:45:00,,0.0,2,"Bicicleta,Automóvil",Callao Y Guemes,2,1,0,0,1,0,0,,Calle,,ROSARIO,Rosario,Asfalto,Pavimento,II,Dentro,Urbana,S/D,No existe,Recta,Bueno,Buena,Diurna,Buen Tiempo,S/D,S/D,Atropello,S/D,S/D,Ninguna,S/D,POINT (-60.65747520000001 -32.932035500000005),"['Callao', 'Güemes']",2,Callao; Güemes,-32.932035500000005,-60.65747520000001,55.0,538.0,Municipio Rosario,Municipio,Rosario,820210,Servicio de Catastro e Información Territorial,IGN
2013,4047,2013-04-17,Miercoles,0.0,11:20:00,,0.0,2,"Moto/Ciclomotor,Automóvil",Laprida 2000,3,2,0,0,1,0,0,,Calle,,ROSARIO,Rosario,Asfalto,No existe,II,Dentro,Urbana,Ninguna,No existe,Recta,Bueno,Buena,Diurna,Buen Tiempo,Lateral,S/D,Colisión,S/D,Faltante,Cordón divisorio,Sin restricción,"-32.9534131, -60.6356723",['Laprida 2000'],1,Laprida 2000,-32.9534131,-60.6356723,55.0,538.0,Municipio Rosario,Municipio,Rosario,820210,Servicio de Catastro e Información Territorial,IGN
2013,4048,2013-04-25,Jueves,0.0,12:45:00,,0.0,2,"Automóvil,Moto/Ciclomotor",Sanchez de Bustamante Y Pje. Thorne,2,1,0,0,1,0,0,,Calle,,ROSARIO,Rosario,Asfalto,No existe,II,Dentro,Urbana,S/D,S/D,Recta,Bueno,Buena,Diurna,Buen Tiempo,Lateral,S/D,Colisión,S/D,S/D,Cordón divisorio,Sin restricción,POINT (-60.676843500000004 -33.0028089),"['Sánchez de Bustamante', 'Thome']",2,Sánchez de Bustamante; Thome,-33.0028089,-60.6768435,55.0,538.0,Municipio Rosario,Municipio,Rosario,820210,Servicio de Catastro e Información Territorial,IGN
2013,4052,2013-04-24,Miercoles,0.0,20:00:00,,0.0,2,"Automóvil,Automóvil",Av. Ovidio Lagos Y Camino F.Ruiz,2,1,0,0,1,0,0,,Avenida,,ROSARIO,Rosario,Asfalto,No existe,II,Dentro,Urbana,S/D,S/D,Recta,Bueno,Buena,"Nocturna,Con luz artificial",Buen Tiempo,Frontal,S/D,Colisión,S/D,S/D,Cordón divisorio,S/D,POINT (-60.67828626666667 -33.0138026),"['Avenida Ovidio Lagos', 'Doctor Fernando Ruiz']",2,Avenida Ovidio Lagos; Doctor Fernando Ruiz,-33.0138026,-60.67828626666667,55.0,538.0,Municipio Rosario,Municipio,Rosario,820210,Servicio de Catastro e Información Territorial,IGN
2013,4054,2013-04-18,Jueves,0.0,13:05:00,,0.0,2,"Moto/Ciclomotor,Automóvil",Buenos Aires Y Ituzaingo,2,1,0,0,1,0,0,,Calle,,ROSARIO,Rosario,Asfalto,No existe,II,Dentro,Urbana,Ninguna,No existe,Recta,Bueno,Buena,Diurna,Buen Tiempo,Lateral,S/D,Atropello,S/D,Faltante,Cordón divisorio,Sin restricción,POINT (-60.636284800000006 -32.9616928),"['Buenos Aires', 'Ituzaingó']",2,Buenos Aires; Ituzaingó,-32.9616928,-60.636284800000006,55.0,538.0,Municipio Rosario,Municipio,Rosario,820210,Servicio de Catastro e Información Territorial,IGN
2013,4055,2013-04-18,Jueves,0.0,11:15:00,,0.0,2,"Moto/Ciclomotor,Taxi/Remis",Campbell Y Amenabar,2,2,0,0,0,0,0,,Calle,,ROSARIO,Rosario,Asfalto,No existe,II,Dentro,Urbana,S/D,S/D,Intersección,Otro,S/D,S/D,S/D,Lateral,S/D,Colisión,S/D,S/D,S/D,Sin restricción,POINT (-60.707008 -32.963839899999996),"['Campbell', 'Amenabar']",2,Campbell; José de Amenábar,-32.9638399,-60.707008,55.0,538.0,Municipio Rosario,Municipio,Rosario,820210,Servicio de Catastro e Información Territorial,IGN
2013,4058,2013-04-22,Lunes,0.0,10:30:00,,0.0,2,"Moto/Ciclomotor,Pickup/Utilitario",Av. Uriburu 8100,2,1,0,0,1,0,0,,Avenida,,ROSARIO,Rosario,Asfalto,Pavimento,II,Dentro,Urbana,S/D,S/D,Recta,Bueno,Buena,Diurna,Buen Tiempo,Lateral,S/D,Colisión,S/D,S/D,Cordón divisorio,Sin restricción,"-32.995369100000005, -60.693576086643915",['Uriburu 8100'],1,Uriburu 8100,-32.995369100000005,-60.69357608664392,55.0,538.0,Municipio Rosario,Municipio,Rosario,820210,Servicio de Catastro e Información Territorial,IGN
2013,4059,2013-04-29,Lunes,0.0,17:45:00,,0.0,2,"Moto/Ciclomotor,Automóvil",Liniers Y Garay,3,1,0,0,2,0,0,,Calle,,ROSARIO,Rosario,Asfalto,No existe,II,Dentro,Urbana,S/D,No existe,Intersección,S/D,Buena,S/D,S/D,Lateral,S/D,Colisión,S/D,S/D,S/D,Sin restricción,POINT (-60.69754240000001 -32.9659195),"['Liniers', 'Garay']",2,Liniers; Juan de Garay,-32.9659195,-60.69754240000001,55.0,538.0,Municipio Rosario,Municipio,Rosario,820210,Servicio de Catastro e Información Territorial,IGN
2013,4067,2013-04-20,Sabado,0.0,15:00:00,,0.0,2,"Automóvil,Automóvil",La Paz 200,6,3,0,0,3,0,0,,Calle,,ROSARIO,Rosario,Asfalto,No existe,II,Dentro,Urbana,Ninguna,No existe,Recta,Bueno,Buena,Diurna,Buen Tiempo,Otro,S/D,Colisión,S/D,S/D,Cordón divisorio,Sin restricción,"-32.9664028, -60.6298247",['La Paz 200'],1,La Paz 200,-32.9664028,-60.6298247,55.0,538.0,Municipio Rosario,Municipio,Rosario,820210,Servicio de Catastro e Información Territorial,IGN
2013,4068,2013-04-01,Lunes,0.0,03:00:00,,0.0,2,"Moto/Ciclomotor,Pickup/Utilitario",Martin Fierro Y Spegazzini,3,1,1,0,0,1,0,,Calle,,ROSARIO,Rosario,Asfalto,No existe,II,Dentro,Urbana,Ninguna,No existe,Intersección,Bueno,Reducida,Nocturna,Otro,Lateral,S/D,Colisión,Otro,Faltante,Ninguna,Sin restricción,POINT (-60.7020039 -32.8787223),"['Martin Fierro', 'Spegazzini']",2,Martin Fierro; Spegazzini,-32.8787223,-60.7020039,55.0,538.0,Municipio Rosario,Municipio,Rosario,820210,Servicio de Catastro e Información Territorial,IGN
2013,4070,2013-04-09,Martes,0.0,21:05:00,,0.0,2,"Moto/Ciclomotor,Automóvil",Marco Polo Y Salva,5,4,1,0,0,0,0,,Calle,,ROSARIO,Rosario,Asfalto,No existe,II,S/D,Urbana,Ninguna,No existe,Recta,Bueno,Buena,Nocturna,Buen Tiempo,Lateral,S/D,Colisión,Otro,S/D,Barrera de hormigón,Sin restricción,POINT (-60.639853300000006 -33.0107079),"['Marco Polo', 'Salva']",2,Marco Polo; Salvat,-33.0107079,-60.639853300000006,55.0,538.0,Municipio Rosario,Municipio,Rosario,820210,Servicio de Catastro e Información Territorial,IGN
2013,4071,2013-04-11,Jueves,0.0,20:40:00,,0.0,1,Moto/Ciclomotor,Av. Ovidio Lagos Y Av. Circunvalacion,1,1,0,0,0,0,0,,Avenida,,ROSARIO,Rosario,Asfalto,Natural,II,Dentro,Urbana,Señal Pare,No existe,Intersección,Bueno,Buena,Nocturna,Buen Tiempo,S/D,S/D,Caída ocupante,S/D,S/D,Guardarrail,Sin restricción,POINT (-60.67699098957188 -33.00797177001669),"['Avenida Ovidio Lagos', 'Circunvalacion']",2,Avenida Ovidio Lagos; Avenida de Circunvalación 25 de Mayo,-33.00797177001669,-60.67699098957188,55.0,538.0,Municipio Rosario,Municipio,Rosario,820210,Servicio de Catastro e Información Territorial,IGN
2013,4072,2013-04-09,Martes,0.0,,,0.0,2,"Moto/Ciclomotor,Camión",Bv. Avellaneda Y Ombu,4,3,0,0,1,0,0,,Avenida,,ROSARIO,Rosario,Asfalto,Pavimento,II,Dentro,Urbana,S/D,No existe,Intersección,Bueno,Buena,S/D,Buen Tiempo,Lateral,S/D,Colisión,S/D,Faltante,S/D,Sin restricción,POINT (-60.68941730000001 -33.007168199999995),"['Avellaneda', 'Ombú']",2,Bulevar Nicolás Avellaneda; Ombú,-33.007168199999995,-60.68941730000001,55.0,538.0,Municipio Rosario,Municipio,Rosario,820210,Servicio de Catastro e Información Territorial,IGN
2013,4075,2013-04-02,Martes,0.0,06:30:00,,0.0,2,"Moto/Ciclomotor,Automóvil",Bv. Avellaneda Y 3 De Febrero,3,1,0,0,1,1,0,,Avenida,,ROSARIO,Rosario,Asfalto,No existe,II,Dentro,Urbana,S/D,Funciona,Intersección,Bueno,Buena,Diurna,S/D,Lateral,S/D,Colisión,S/D,"Horizontal,Vertical",Cordón divisorio,S/D,POINT (-60.6807366 -32.945458),"['Avellaneda', '3 de Febrero']",2,Bulevar Nicolás Avellaneda; 3 de Febrero,-32.945458,-60.6807366,55.0,538.0,Municipio Rosario,Municipio,Rosario,820210,Servicio de Catastro e Información Territorial,IGN
2013,4082,2013-04-08,Lunes,0.0,20:30:00,,0.0,2,"Automóvil,Automóvil",Av. Ntra.Sra.del Rosario Y Laprida,3,1,0,0,2,0,0,,Avenida,,ROSARIO,Rosario,S/D,No existe,II,S/D,Urbana,Ninguna,No existe,Intersección,Bueno,Buena,Nocturna,Buen Tiempo,Lateral,S/D,Colisión,S/D,Horizontal,Ninguna,Sin restricción,POINT (-60.647071600000004 -32.9998271),"['Nuestra Señora del Rosario', 'Laprida']",2,Puente Nuestra Señora del Rosario; Francisco Narciso Laprida,-32.9998271,-60.6470716,55.0,538.0,Municipio Rosario,Municipio,Rosario,820210,Servicio de Catastro e Información Territorial,IGN
2013,4091,2013-04-27,Sabado,0.0,16:10:00,,0.0,3,"Moto/Ciclomotor,Moto/Ciclomotor,Moto/Ciclomotor",Av. Pellegrini Y Gutenberg,3,1,0,0,2,0,0,,Avenida,,ROSARIO,Rosario,Asfalto,S/D,II,Dentro,Urbana,S/D,S/D,Intersección,S/D,S/D,S/D,S/D,S/D,S/D,Colisión,S/D,S/D,Cordón divisorio,S/D,POINT (-60.690030349999994 -32.94847924999999),"['Pellegrini', 'Gutenberg']",2,Avenida Carlos Pellegrini; Gutenberg,-32.94847924999999,-60.69003035,55.0,538.0,Municipio Rosario,Municipio,Rosario,820210,Servicio de Catastro e Información Territorial,IGN
2013,4098,2013-04-19,Viernes,0.0,,,0.0,2,"Taxi/Remis,Automóvil",San Luis Y Santiago,2,1,0,0,1,0,0,,Calle,,ROSARIO,Rosario,Asfalto,S/D,II,Dentro,Urbana,S/D,S/D,Intersección,S/D,S/D,S/D,S/D,Frontal,S/D,Colisión,S/D,S/D,Cordón divisorio,Sin restricción,POINT (-60.656666 -32.945839899999996),"['San Luis', 'Santiago']",2,San Luis; Santiago,-32.9458399,-60.656666,55.0,538.0,Municipio Rosario,Municipio,Rosario,820210,Servicio de Catastro e Información Territorial,IGN
2013,4101,2013-04-19,Viernes,0.0,,,0.0,2,"Moto/Ciclomotor,Automóvil",San Juan Y Alsina,2,1,0,0,1,0,0,,Calle,,ROSARIO,Rosario,Asfalto,S/D,II,Dentro,Urbana,S/D,S/D,Intersección,S/D,S/D,S/D,S/D,Lateral,S/D,Colisión,S/D,S/D,Cordón divisorio,S/D,POINT (-60.6773363 -32.9433276),"['San Juan', 'Alsina']",2,San Juan; Alsina,-32.9433276,-60.6773363,55.0,538.0,Municipio Rosario,Municipio,Rosario,820210,Servicio de Catastro e Información Territorial,IGN
2013,4104,2013-04-04,Jueves,0.0,16:20:00,,0.0,2,"Moto/Ciclomotor,Camión",Av. Pellegrini Y Av. Provincias Unidas,2,0,0,0,1,1,0,,Avenida,,ROSARIO,Rosario,Asfalto,No existe,II,Dentro,Urbana,Semáforo,Funciona,Intersección,Bueno,Buena,Diurna,Buen Tiempo,Lateral,S/D,Colisión,Otro,Vertical,Cordón divisorio,Sin restricción,POINT (-60.71226145 -32.948578),"['Pellegrini', 'Avenida Provincias Unidas']",2,Avenida Carlos Pellegrini; Avenida Provincias Unidas,-32.948578,-60.71226145,55.0,538.0,Municipio Rosario,Municipio,Rosario,820210,Servicio de Catastro e Información Territorial,IGN
2013,4134,2013-04-19,Viernes,0.0,07:00:00,,0.0,2,"Moto/Ciclomotor,Automóvil",Av. Francia Y Hilarion de la Quintana,2,1,0,0,1,0,0,,Avenida,,ROSARIO,Rosario,Asfalto,S/D,II,Dentro,Urbana,S/D,S/D,Intersección,Bueno,Buena,Amanecer,Buen Tiempo,Otro,S/D,Colisión,S/D,S/D,Cordón divisorio,Sin restricción,POINT (-60.6777043 -33.0017457),"['Avenida Francia', 'Hilarión de la Quintana']",2,Avenida Francia; Hilarión de la Quintana,-33.0017457,-60.6777043,55.0,538.0,Municipio Rosario,Municipio,Rosario,820210,Servicio de Catastro e Información Territorial,IGN
2013,4137,2013-04-24,Miercoles,0.0,07:40:00,,0.0,2,"Automóvil,Automóvil",Sanchez de Bustamante Y España,4,2,0,0,2,0,0,,Calle,,ROSARIO,Rosario,Asfalto,No existe,II,Dentro,Urbana,Ninguna,No existe,Intersección,Bueno,Buena,Diurna,Buen Tiempo,De alcance,S/D,Colisión,S/D,S/D,Ninguna,Sin restricción,POINT (-60.6576739 -33.0023214),"['Sánchez de Bustamante', 'España']",2,Sánchez de Bustamante; España,-33.0023214,-60.6576739,55.0,538.0,Municipio Rosario,Municipio,Rosario,820210,Servicio de Catastro e Información Territorial,IGN
2013,4140,2013-04-20,Sabado,0.0,10:30:00,,0.0,2,"Moto/Ciclomotor,Automóvil",Gaboto Y Matienzo,3,2,0,0,1,0,0,,Calle,,ROSARIO,Rosario,Asfalto,No existe,II,Dentro,Urbana,S/D,No existe,Intersección,S/D,S/D,S/D,S/D,Lateral,S/D,Colisión,S/D,S/D,Ninguna,Sin restricción,POINT (-60.6937255 -32.964639600000005),"['Gaboto', 'Matienzo']",2,Gaboto; Benjamín Matienzo,-32.964639600000005,-60.6937255,55.0,538.0,Municipio Rosario,Municipio,Rosario,820210,Servicio de Catastro e Información Territorial,IGN
2013,4141,2013-04-23,Martes,0.0,21:10:00,,0.0,2,"Moto/Ciclomotor,Moto/Ciclomotor",Bv. Oroño Y H. Brandoni,2,2,0,0,0,0,0,,Avenida,,ROSARIO,Rosario,Asfalto,No existe,II,Dentro,Urbana,Semáforo,Funciona,Intersección,Bueno,Buena,"Nocturna,Con luz artificial",Buen Tiempo,Lateral,S/D,Colisión,S/D,S/D,Cordón divisorio,Sin restricción,POINT (-60.66489745 -33.0064732),"['Bulevar Nicasio Oroño', 'Brandoni']",2,Bulevar Nicasio Oroño; Brandoni,-33.0064732,-60.66489745,55.0,538.0,Municipio Rosario,Municipio,Rosario,820210,Servicio de Catastro e Información Territorial,IGN
2013,4144,2013-04-19,Viernes,0.0,18:45:00,,0.0,2,"Moto/Ciclomotor,Moto/Ciclomotor",Larrea Y Dean Funes,2,1,0,0,1,0,0,,Calle,,ROSARIO,Rosario,Asfalto,No existe,II,Dentro,Urbana,S/D,S/D,Intersección,S/D,S/D,S/D,S/D,Lateral,S/D,Colisión,S/D,S/D,Ninguna,Sin restricción,POINT (-60.6961864 -32.9670392),"['Larrea', 'Deán Gregorio Funes']",2,Larrea; Deán Gregorio Funes,-32.9670392,-60.6961864,55.0,538.0,Municipio Rosario,Municipio,Rosario,820210,Servicio de Catastro e Información Territorial,IGN
2013,4149,2013-04-07,Domingo,0.0,09:00:00,,0.0,2,"Automóvil,Camión",Av. Provincias Unidas Y Tucuman,3,0,0,0,2,1,0,,Avenida,,ROSARIO,Rosario,Asfalto,Pavimento,II,Dentro,Urbana,Ninguna,No existe,Intersección,Bueno,Buena,Diurna,Buen Tiempo,"Contra objeto fijo,Frontal",S/D,Colisión,S/D,S/D,Cordón divisorio,Sin restricción,POINT (-60.7129377 -32.9325443),"['Avenida Provincias Unidas', 'Tucumán']",2,Avenida Provincias Unidas; Tucumán,-32.9325443,-60.7129377,55.0,538.0,Municipio Rosario,Municipio,Rosario,820210,Servicio de Catastro e Información Territorial,IGN
2013,4150,2013-03-23,Sabado,0.0,21:30:00,,0.0,2,"Moto/Ciclomotor,Automóvil",Italia Y Av. Ntra.Sra.del Rosario,2,1,0,0,1,0,0,,Calle,,ROSARIO,Rosario,Asfalto,No existe,II,Dentro,Urbana,Ninguna,No existe,Intersección,Bueno,Buena,"Nocturna,Con luz artificial",Buen Tiempo,Lateral,S/D,Colisión,S/D,Faltante,Ninguna,Sin restricción,POINT (-60.6592342 -33.00039999999999),"['Italia', 'Nuestra Señora del Rosario']",2,Italia; Puente Nuestra Señora del Rosario,-33.00039999999999,-60.6592342,55.0,538.0,Municipio Rosario,Municipio,Rosario,820210,Servicio de Catastro e Información Territorial,IGN
2013,4151,2013-04-03,Miercoles,0.0,12:35:00,,0.0,1,Automóvil,Ecuador Y Perez Bulnes,2,1,0,0,1,0,0,,Calle,,ROSARIO,Rosario,Asfalto,No existe,II,Dentro,Urbana,Marca Vial,No existe,Recta,Bueno,Buena,Diurna,Buen Tiempo,Lateral,S/D,Colisión,S/D,Horizontal,Cordón divisorio,Sin restricción,POINT (-60.7148832 -32.942529400000005),"['Ecuador', 'Pérez Bulnes']",2,Ecuador; Pérez Bulnes,-32.942529400000005,-60.7148832,55.0,538.0,Municipio Rosario,Municipio,Rosario,820210,Servicio de Catastro e Información Territorial,IGN
2013,4167,2013-04-23,Martes,0.0,17:00:00,,0.0,2,"Moto/Ciclomotor,Pickup/Utilitario",Av. Pellegrini Y Servando Bayo,2,1,0,0,1,0,0,,Avenida,,ROSARIO,Rosario,Asfalto,S/D,II,Dentro,Urbana,S/D,S/D,Intersección,S/D,S/D,S/D,S/D,S/D,S/D,Colisión,S/D,S/D,Cordón divisorio,S/D,POINT (-60.687304350000005 -32.9489686),"['Pellegrini', 'Servando Bayo']",2,Avenida Carlos Pellegrini; Servando Bayo,-32.9489686,-60.687304350000005,55.0,538.0,Municipio Rosario,Municipio,Rosario,820210,Servicio de Catastro e Información Territorial,IGN
2013,4169,2013-04-14,Domingo,0.0,22:40:00,,0.0,2,"Moto/Ciclomotor,Automóvil",Matienzo Y Riobamba,3,1,0,0,1,0,1,,Calle,,ROSARIO,Rosario,Asfalto,No existe,II,Dentro,Urbana,Marca Vial,No existe,Intersección,Bueno,Buena,"Nocturna,Con luz artificial",Buen Tiempo,Lateral,S/D,Colisión,Otro,Horizontal,Cordón divisorio,Sin restricción,POINT (-60.69416449999999 -32.9540738),"['Matienzo', 'Riobamba']",2,Benjamín Matienzo; Riobamba,-32.9540738,-60.69416449999999,55.0,538.0,Municipio Rosario,Municipio,Rosario,820210,Servicio de Catastro e Información Territorial,IGN
2013,4171,2013-04-22,Lunes,0.0,15:10:00,,0.0,2,"Moto/Ciclomotor,Automóvil",Bv. Segui Y Garzon,2,1,0,0,1,0,0,,S/D,,ROSARIO,Rosario,Asfalto,No existe,II,Dentro,Urbana,Semáforo,Funciona,Intersección,Otro,Buena,S/D,Otro,Lateral,S/D,Colisión,Otro,Vertical,Ninguna,Sin restricción,POINT (-60.70447655 -32.97085324999999),"['Bulevar Juan Francisco Seguí', 'Garzón']",2,Bulevar Juan Francisco Seguí; Garzón,-32.97085324999999,-60.70447655,55.0,538.0,Municipio Rosario,Municipio,Rosario,820210,Servicio de Catastro e Información Territorial,IGN
2013,4172,2013-04-22,Lunes,0.0,19:00:00,,0.0,2,"Moto/Ciclomotor,Automóvil",Matienzo Y Gaboto,2,1,0,0,1,0,0,,S/D,,ROSARIO,Rosario,Asfalto,No existe,II,Dentro,Urbana,Ninguna,No existe,Intersección,Otro,Buena,S/D,Otro,Lateral,S/D,Colisión,Otro,Faltante,Ninguna,Sin restricción,POINT (-60.6937255 -32.964639600000005),"['Matienzo', 'Gaboto']",2,Benjamín Matienzo; Gaboto,-32.964639600000005,-60.6937255,55.0,538.0,Municipio Rosario,Municipio,Rosario,820210,Servicio de Catastro e Información Territorial,IGN
2013,4175,2013-04-29,Lunes,0.0,05:00:00,,0.0,2,"Automóvil,Automóvil",Larrea Y Av. Pte.Peron,3,1,0,0,2,0,0,,S/D,,ROSARIO,Rosario,Asfalto,No existe,II,Dentro,Urbana,Ninguna,No existe,Intersección,Otro,Buena,S/D,Otro,Lateral,S/D,Colisión,Otro,Faltante,Ninguna,Sin restricción,POINT (-60.6964425 -32.960417899999996),"['Larrea', 'Avenida Presidente Perón']",2,Larrea; Avenida Presidente Perón,-32.9604179,-60.6964425,55.0,538.0,Municipio Rosario,Municipio,Rosario,820210,Servicio de Catastro e Información Territorial,IGN
2013,4180,2013-04-29,Lunes,0.0,17:55:00,,0.0,2,"Bicicleta,Automóvil",Roullon 3200,3,1,0,0,2,0,0,,S/D,,ROSARIO,Rosario,Asfalto,No existe,II,Dentro,Urbana,Ninguna,No existe,Intersección,Otro,Buena,S/D,Otro,Lateral,S/D,Atropello,Otro,Faltante,Ninguna,Sin restricción,"-32.9659208, -60.7014319",['Alfredo Rouillón 3200'],1,Alfredo Rouillón 3200,-32.9659208,-60.7014319,55.0,538.0,Municipio Rosario,Municipio,Rosario,820210,Servicio de Catastro e Información Territorial,IGN
2013,4189,2013-04-12,Viernes,0.0,17:00:00,,0.0,2,"Automóvil,Pickup/Utilitario",Biedma Y Av. Francia,2,1,0,0,1,0,0,,Avenida,,ROSARIO,Rosario,Asfalto,No existe,II,Dentro,Urbana,Ninguna,No existe,Recta,Bueno,Buena,Diurna,S/D,Lateral,S/D,Colisión,S/D,Faltante,Barrera de hormigón,Sin restricción,POINT (-60.6743451 -32.97648615),"['Coronel Biedma', 'Avenida Francia']",2,Coronel Biedma; Avenida Francia,-32.97648615,-60.6743451,55.0,538.0,Municipio Rosario,Municipio,Rosario,820210,Servicio de Catastro e Información Territorial,IGN