anio_acci,nro_acci,fecha,desc_dia,fecha_aprox,hora_aprox,desc_ruta,km,cant_participantes,desc_participante,calle_avenida_km,total,heridos_leves,heridos_graves,heridos_gravisimos,ilesos,fallecidos,sin_datos,posicion_XY,desc_tipo_via,desc_ruta_ori,desc_loc,desc_dpto,desc_tipo_calzada,desc_tipo_banquina,desc_unidad_regional,desc_lugar_calzada,desc_zona,desc_prioridad,desc_estado_semaforo,desc_lugar_via,desc_estado_via,desc_estado_visibilidad,desc_luminosidad,desc_estado_clima,desc_tipo_colision,desc_tipo_atropello,desc_tipo_hecho,desc_pres_calzada,desc_senializacion,desc_separacion_via,desc_restriccion,forma_geocod,calle_lista,numero_calles,calles_osm,lat,lon,index_right,gid,fna,gna,nam,in1,fdc,sag
2013,4191,2013-04-17,Miercoles,0.0,17:45:00,,0.0,1,Moto/Ciclomotor,Bv. Avellaneda Y Bv. Segui,1,1,0,0,0,0,0,,Avenida,,ROSARIO,Rosario,Asfalto,No existe,II,Dentro,Urbana,S/D,Funciona,Recta,Bueno,Buena,Diurna,Buen Tiempo,Otro,S/D,Colisión,S/D,S/D,Cordón divisorio,Sin restricción,POINT (-60.6873526625 -32.9717476875),"['Avellaneda', 'Bulevar Juan Francisco Seguí']",2,Bulevar Nicolás Avellaneda; Bulevar Juan Francisco Seguí,-32.9717476875,-60.6873526625,55.0,538.0,Municipio Rosario,Municipio,Rosario,820210,Servicio de Catastro e Información Territorial,IGN
2013,4192,2013-04-19,Viernes,0.0,16:30:00,,0.0,2,"Moto/Ciclomotor,Automóvil",Av. Francia Y Acevedo Bis,2,1,0,0,0,0,1,,Avenida,,ROSARIO,Rosario,Asfalto,No existe,II,Dentro,Urbana,S/D,No existe,Curva,Bueno,Buena,Diurna,Buen Tiempo,S/D,S/D,Colisión,S/D,Horizontal,Barrera de hormigón,Sin restricción,POINT (-60.677015250000004 -32.984204899999995),"['Avenida Francia', 'Acevedo']",2,Avenida Francia; Manuel Acevedo,-32.984204899999995,-60.67701525,55.0,538.0,Municipio Rosario,Municipio,Rosario,820210,Servicio de Catastro e Información Territorial,IGN
2013,4194,2013-04-20,Sabado,0.0,09:40:00,,0.0,1,Taxi/Remis,Necochea Y Cochabamba,2,1,0,0,1,0,0,,Calle,,ROSARIO,Rosario,Asfalto,No existe,II,Dentro,Urbana,S/D,S/D,Intersección,Bueno,Buena,Diurna,Buen Tiempo,Otro,S/D,Colisión,S/D,S/D,Cordón divisorio,Sin restricción,POINT (-60.62717440000001 -32.960948899999984),"['Necochea', 'Cochabamba']",2,Necochea; Cochabamba,-32.960948899999984,-60.62717440000001,55.0,538.0,Municipio Rosario,Municipio,Rosario,820210,Servicio de Catastro e Información Territorial,IGN
2013,4196,2013-04-01,Lunes,0.0,,,0.0,2,"Moto/Ciclomotor,Moto/Ciclomotor",Casilda Y Don Bosco,3,2,0,0,1,0,0,,Calle,,ROSARIO,Rosario,S/D,S/D,II,Dentro,Urbana,S/D,S/D,S/D,S/D,S/D,S/D,S/D,S/D,S/D,Colisión,S/D,S/D,S/D,S/D,POINT (-60.6803706 -32.92823639999999),"['Casilda', 'Don Bosco']",2,Casilda; Don Bosco,-32.92823639999999,-60.6803706,55.0,538.0,Municipio Rosario,Municipio,Rosario,820210,Servicio de Catastro e Información Territorial,IGN
2013,4252,2013-04-19,Viernes,0.0,10:30:00,,0.0,2,"Peatón,Camión",Hilarion de la Quintana Y Ayacucho,2,0,0,0,1,1,0,,Avenida,,ROSARIO,Rosario,Asfalto,No existe,II,Dentro,Urbana,Semáforo,Funciona,Intersección,Bueno,Buena,Diurna,Buen Tiempo,S/D,S/D,Atropello,S/D,S/D,Ninguna,Sin restricción,POINT (-60.6362352 -33.0005716),"['Hilarión de la Quintana', 'Ayacucho']",2,Hilarión de la Quintana; Ayacucho,-33.0005716,-60.6362352,55.0,538.0,Municipio Rosario,Municipio,Rosario,820210,Servicio de Catastro e Información Territorial,IGN
2013,4290,2013-04-24,Miercoles,0.0,09:20:00,,0.0,2,"Moto/Ciclomotor,Automóvil",Av. Jorge Newbery Y Bv. Wilde,2,0,1,0,1,0,0,,Avenida,,ROSARIO,Rosario,S/D,S/D,II,Dentro,Urbana,S/D,S/D,S/D,S/D,S/D,S/D,S/D,S/D,S/D,Colisión,S/D,S/D,S/D,S/D,POINT (-60.73985405 -32.90873845),"['Jorge Newbery', 'Bulevar Wilde']",2,Avenida Jorge Newbery; Bulevar Wilde,-32.90873845,-60.73985405,55.0,538.0,Municipio Rosario,Municipio,Rosario,820210,Servicio de Catastro e Información Territorial,IGN
2013,4291,2013-04-06,Sabado,0.0,18:00:00,,0.0,2,"Moto/Ciclomotor,Automóvil",Forest 7200,3,1,0,0,2,0,0,,Calle,,ROSARIO,Rosario,Asfalto,No existe,II,Dentro,Urbana,Ninguna,No existe,Recta,Con baches,Buena,Diurna,Buen Tiempo,Lateral,S/D,Colisión,S/D,Faltante,Cordón divisorio,Sin restricción,"-32.943599, -60.7181317",['Forest 7200'],1,Forest 7200,-32.943599,-60.7181317,55.0,538.0,Municipio Rosario,Municipio,Rosario,820210,Servicio de Catastro e Información Territorial,IGN
2013,4332,2013-04-06,Sabado,0.0,01:00:00,,0.0,2,"Automóvil,Automóvil",Mendoza Y Garzon,2,1,0,0,1,0,0,,Calle,,ROSARIO,Rosario,Asfalto,No existe,II,Dentro,Urbana,Semáforo,Funciona,Recta,Bueno,Buena,"Amanecer,Con luz artificial",Buen Tiempo,Lateral,S/D,Colisión,S/D,Vertical,Vegetación,Sin restricción,POINT (-60.7056814 -32.94004240000001),"['Mendoza', 'Garzón']",2,Mendoza; Garzón,-32.94004240000001,-60.7056814,55.0,538.0,Municipio Rosario,Municipio,Rosario,820210,Servicio de Catastro e Información Territorial,IGN
2013,4341,2013-04-21,Domingo,0.0,20:30:00,,0.0,2,"Moto/Ciclomotor,Moto/Ciclomotor",Gorriti Y Solis,3,0,1,0,2,0,0,,Calle,,ROSARIO,Rosario,Asfalto,No existe,II,Dentro,Urbana,Ninguna,No existe,Intersección,Bueno,Buena,Diurna,S/D,Lateral,S/D,Colisión,S/D,Faltante,Ninguna,Sin restricción,POINT (-60.70404950000001 -32.92411169999999),"['Gorriti', 'Solis']",2,Gorriti; Juan Díaz de Solís,-32.92411169999999,-60.70404950000001,55.0,538.0,Municipio Rosario,Municipio,Rosario,820210,Servicio de Catastro e Información Territorial,IGN
2013,4353,2013-04-21,Domingo,0.0,10:00:00,,0.0,2,"Moto/Ciclomotor,Ambulancia",Gorriti Y Fraga,2,1,0,0,1,0,0,,Calle,,ROSARIO,Rosario,Asfalto,No existe,II,Dentro,Urbana,Ninguna,No existe,Intersección,S/D,Buena,Diurna,S/D,Lateral,S/D,Colisión,S/D,Faltante,Ninguna,Sin restricción,POINT (-60.7109227 -32.9243608),"['Gorriti', 'Fraga']",2,Gorriti; Rosendo María Fraga,-32.9243608,-60.7109227,55.0,538.0,Municipio Rosario,Municipio,Rosario,820210,Servicio de Catastro e Información Territorial,IGN
2013,4469,2013-04-03,Miercoles,0.0,09:30:00,,0.0,2,"Automóvil,Taxi/Remis",24 De Setiembre Y Entre Rios,2,1,0,0,1,0,0,,Calle,,ROSARIO,Rosario,Asfalto,No existe,II,Dentro,Urbana,Ninguna,No existe,Intersección,Bueno,S/D,Diurna,S/D,Lateral,S/D,Colisión,S/D,Faltante,Ninguna,Sin restricción,POINT (-60.6494421 -32.97972499999999),"['24 de Septiembre', 'Entre Ríos']",2,24 de Septiembre; Entre Ríos,-32.97972499999999,-60.6494421,55.0,538.0,Municipio Rosario,Municipio,Rosario,820210,Servicio de Catastro e Información Territorial,IGN
2013,4471,2013-04-08,Lunes,0.0,15:30:00,,0.0,2,"Automóvil,Automóvil",Viamonte Y Garzon,2,1,0,0,1,0,0,,S/D,,ROSARIO,Rosario,Asfalto,No existe,II,S/D,S/D,Marca Vial,No existe,Intersección,Bueno,Buena,Diurna,Buen Tiempo,Lateral,S/D,Colisión,S/D,S/D,Cordón divisorio,Sin restricción,POINT (-60.705004 -32.9567291),"['Viamonte', 'Garzón']",2,Viamonte; Garzón,-32.9567291,-60.705004,55.0,538.0,Municipio Rosario,Municipio,Rosario,820210,Servicio de Catastro e Información Territorial,IGN
2013,4474,2013-04-19,Viernes,0.0,06:45:00,,0.0,2,"Automóvil,Taxi/Remis",Callao Y E.Zeballos,4,3,0,0,1,0,0,,Calle,,ROSARIO,Rosario,Asfalto,S/D,II,Dentro,Urbana,S/D,S/D,Intersección,S/D,S/D,S/D,S/D,S/D,S/D,Colisión,S/D,S/D,Cordón divisorio,S/D,POINT (-60.66226300000001 -32.95106679999999),"['Callao', 'Zeballos']",2,Callao; Zeballos,-32.95106679999999,-60.66226300000001,55.0,538.0,Municipio Rosario,Municipio,Rosario,820210,Servicio de Catastro e Información Territorial,IGN
2013,4475,2013-04-21,Domingo,0.0,05:00:00,,0.0,2,"Moto/Ciclomotor,Automóvil",3 De Febrero Y Bv. Avellaneda,3,1,0,0,2,0,0,,Avenida,,ROSARIO,Rosario,Asfalto,S/D,II,Dentro,Urbana,S/D,S/D,Intersección,S/D,S/D,S/D,S/D,S/D,S/D,Colisión,S/D,S/D,Cordón divisorio,S/D,POINT (-60.6807366 -32.945458),"['3 de Febrero', 'Avellaneda']",2,3 de Febrero; Bulevar Nicolás Avellaneda,-32.945458,-60.6807366,55.0,538.0,Municipio Rosario,Municipio,Rosario,820210,Servicio de Catastro e Información Territorial,IGN
2013,4483,2013-04-10,Miercoles,0.0,19:40:00,,0.0,2,"Moto/Ciclomotor,Automóvil",Roullon Y Montevideo,3,2,0,0,1,0,0,,Calle,,ROSARIO,Rosario,Asfalto,No existe,II,Dentro,Urbana,Marca Vial,No existe,Recta,Bueno,Buena,Nocturna,Buen Tiempo,Lateral,S/D,Colisión,S/D,Horizontal,Cordón divisorio,Sin restricción,POINT (-60.701961499999996 -32.9471749),"['Alfredo Rouillón', 'Montevideo']",2,Alfredo Rouillón; Montevideo,-32.9471749,-60.7019615,55.0,538.0,Municipio Rosario,Municipio,Rosario,820210,Servicio de Catastro e Información Territorial,IGN
2013,4486,2013-04-13,Sabado,0.0,16:00:00,,0.0,2,"Moto/Ciclomotor,Moto/Ciclomotor",Av. Eva Peron Y Av. Provincias Unidas,2,1,0,0,1,0,0,,Calle,,ROSARIO,Rosario,Asfalto,No existe,II,Dentro,Urbana,Semáforo,Funciona,Intersección,Bueno,Buena,Diurna,Buen Tiempo,Lateral,S/D,Colisión,Otro,Vertical,Cordón divisorio,Sin restricción,POINT (-60.712952900000005 -32.933009625),"['Avenida Eva Perón', 'Avenida Provincias Unidas']",2,Avenida Eva Perón; Avenida Provincias Unidas,-32.933009625,-60.712952900000005,55.0,538.0,Municipio Rosario,Municipio,Rosario,820210,Servicio de Catastro e Información Territorial,IGN
2013,4488,2013-04-14,Domingo,0.0,19:00:00,,0.0,2,"Moto/Ciclomotor,Moto/Ciclomotor",La Paz Y Solis,3,3,0,0,0,0,0,,Calle,,ROSARIO,Rosario,Asfalto,No existe,II,Dentro,Urbana,Marca Vial,No existe,Intersección,Bueno,Buena,"Nocturna,Con luz artificial",Buen Tiempo,Lateral,S/D,Colisión,Otro,Horizontal,Cordón divisorio,Sin restricción,POINT (-60.70273360000001 -32.95548349999999),"['La Paz', 'Solis']",2,La Paz; Juan Díaz de Solís,-32.95548349999999,-60.70273360000001,55.0,538.0,Municipio Rosario,Municipio,Rosario,820210,Servicio de Catastro e Información Territorial,IGN
2013,4493,2013-04-15,Lunes,0.0,13:00:00,,0.0,2,"Automóvil,Moto/Ciclomotor",Bolivia Y Cerrito,3,1,0,0,2,0,0,,S/D,,ROSARIO,Rosario,Asfalto,No existe,II,S/D,S/D,Marca Vial,No existe,Intersección,Bueno,Buena,Diurna,Buen Tiempo,Lateral,S/D,Colisión,S/D,Horizontal,Cordón divisorio,Sin restricción,POINT (-60.713280700000006 -32.953368299999994),"['Bolivia', 'Cerrito']",2,Bolivia; Cerrito,-32.953368299999994,-60.713280700000006,55.0,538.0,Municipio Rosario,Municipio,Rosario,820210,Servicio de Catastro e Información Territorial,IGN
2013,4494,2013-04-17,Miercoles,0.0,09:10:00,,0.0,2,"Moto/Ciclomotor,Automóvil",Ituzaingo Y 1 de Mayo,2,0,1,0,1,0,0,,Calle,,ROSARIO,Rosario,Asfalto,No existe,II,Dentro,Urbana,S/D,No existe,Intersección,Bueno,Buena,Diurna,Buen Tiempo,Lateral,S/D,Colisión,S/D,Faltante,Cordón divisorio,Sin restricción,POINT (-60.63327600000001 -32.962239499999995),"['Ituzaingó', 'Primero de Mayo']",2,Ituzaingó; Primero de Mayo,-32.962239499999995,-60.63327600000001,55.0,538.0,Municipio Rosario,Municipio,Rosario,820210,Servicio de Catastro e Información Territorial,IGN
2013,4499,2013-04-16,Martes,0.0,20:10:00,,0.0,2,"Automóvil,Moto/Ciclomotor",Mendoza Y F.More,3,1,0,0,2,0,0,,Calle,,ROSARIO,Rosario,Asfalto,No existe,II,Dentro,Urbana,Marca Vial,No existe,Intersección,Bueno,Buena,"Nocturna,Con luz artificial",Buen Tiempo,Lateral,S/D,Colisión,S/D,Horizontal,Cordón divisorio,S/D,POINT (-60.69367090000001 -32.941857000000006),"['Mendoza', 'Felipe Moré']",2,Mendoza; Felipe Moré,-32.941857000000006,-60.69367090000001,55.0,538.0,Municipio Rosario,Municipio,Rosario,820210,Servicio de Catastro e Información Territorial,IGN
2013,4501,2013-04-16,Martes,0.0,15:00:00,,0.0,2,"Automóvil,Automóvil",Mitre Y Cerrito,2,1,0,0,1,0,0,,Calle,,ROSARIO,Rosario,Asfalto,S/D,II,Dentro,Urbana,S/D,S/D,Cruce,Bueno,Buena,Diurna,Buen Tiempo,De alcance,S/D,Colisión,S/D,S/D,S/D,Sin restricción,POINT (-60.6434414 -32.96161829999999),"['Mitre', 'Cerrito']",2,Bartolomé Mitre; Cerrito,-32.96161829999999,-60.6434414,55.0,538.0,Municipio Rosario,Municipio,Rosario,820210,Servicio de Catastro e Información Territorial,IGN
2013,4502,2013-04-18,Jueves,0.0,14:30:00,,0.0,3,"Automóvil,Automóvil,Automóvil",Av. Eva Peron 5800,3,1,0,0,2,0,0,,Calle,,ROSARIO,Rosario,Asfalto,No existe,II,Dentro,Urbana,Marca Vial,No existe,Recta,Bueno,S/D,Diurna,Buen Tiempo,Múltiple,S/D,Colisión,S/D,Horizontal,Cordón divisorio,Sin restricción,"-32.9332358, -60.7119331",['Eva Peron 5800'],1,Eva Peron 5800,-32.9332358,-60.7119331,55.0,538.0,Municipio Rosario,Municipio,Rosario,820210,Servicio de Catastro e Información Territorial,IGN
2013,4511,2013-04-18,Jueves,0.0,19:00:00,,0.0,2,"Automóvil,Moto/Ciclomotor",Matienzo Y 9 De Julio,2,1,0,0,1,0,0,,Calle,,ROSARIO,Rosario,Asfalto,No existe,II,Dentro,Urbana,Marca Vial,No existe,Intersección,Bueno,Buena,Nocturna,Buen Tiempo,Lateral,S/D,Colisión,S/D,Horizontal,Cordón divisorio,Sin restricción,POINT (-60.6945355 -32.94445439999999),"['Matienzo', '9 de Julio']",2,Benjamín Matienzo; 9 de Julio,-32.94445439999999,-60.6945355,55.0,538.0,Municipio Rosario,Municipio,Rosario,820210,Servicio de Catastro e Información Territorial,IGN
2013,4515,2013-04-19,Viernes,0.0,03:20:00,,0.0,1,Automóvil,Sarmiento 2900,3,3,0,0,0,0,0,,Calle,,ROSARIO,Rosario,Asfalto,S/D,II,Dentro,Urbana,S/D,S/D,Recta,Bueno,S/D,S/D,Buen Tiempo,Contra objeto fijo,S/D,Colisión,S/D,S/D,S/D,Sin restricción,"-32.9708264, -60.6443787",['Sarmiento 2900'],1,Sarmiento 2900,-32.9708264,-60.6443787,55.0,538.0,Municipio Rosario,Municipio,Rosario,820210,Servicio de Catastro e Información Territorial,IGN
2013,4519,2013-04-19,Viernes,0.0,11:00:00,,0.0,2,"Moto/Ciclomotor,Camión",Av. Pellegrini Y Magallanes,3,0,0,2,1,0,0,,Calle,,ROSARIO,Rosario,Asfalto,No existe,II,Dentro,Urbana,Marca Vial,No existe,Recta,Bueno,Buena,Diurna,Buen Tiempo,Lateral,S/D,Colisión,S/D,Horizontal,Cordón divisorio,Sin restricción,POINT (-60.68127633333334 -32.97612283333333),"['Pellegrini', 'Magallanes']",2,Avenida Carlos Pellegrini; Magallanes,-32.97612283333333,-60.68127633333334,55.0,538.0,Municipio Rosario,Municipio,Rosario,820210,Servicio de Catastro e Información Territorial,IGN
2013,4520,2013-04-04,Jueves,0.0,11:20:00,,0.0,2,"Bicicleta,Automóvil",Dorrego Y Ituzaingo,2,1,0,0,1,0,0,,Calle,,ROSARIO,Rosario,Asfalto,S/D,II,Dentro,Urbana,S/D,S/D,Cruce,Bueno,Buena,Diurna,Buen Tiempo,S/D,S/D,Atropello,S/D,S/D,S/D,Sin restricción,POINT (-60.65280490000001 -32.958759499999985),"['Dorrego', 'Ituzaingó']",2,Manuel Dorrego; Ituzaingó,-32.958759499999985,-60.65280490000001,55.0,538.0,Municipio Rosario,Municipio,Rosario,820210,Servicio de Catastro e Información Territorial,IGN
2013,4521,2013-04-19,Viernes,0.0,18:45:00,,0.0,2,"Moto/Ciclomotor,Bicicleta",Mendoza Y Tte.Agneta,3,1,0,0,2,0,0,,Calle,,ROSARIO,Rosario,Asfalto,No existe,II,Dentro,Urbana,Semáforo,Funciona,Intersección,S/D,Buena,Diurna,Buen Tiempo,Lateral,S/D,Colisión,S/D,Vertical,Cordón divisorio,Sin restricción,POINT (-60.6998065 -32.94075749999999),"['Mendoza', 'Teniente Agneta']",2,Mendoza; Teniente Agneta,-32.94075749999999,-60.6998065,55.0,538.0,Municipio Rosario,Municipio,Rosario,820210,Servicio de Catastro e Información Territorial,IGN
2013,4524,2013-04-19,Viernes,0.0,17:40:00,,0.0,3,"Automóvil,Moto/Ciclomotor,Moto/Ciclomotor",Pasco Bis Y Camilo Aldao,4,2,0,0,2,0,0,,Calle,,ROSARIO,Rosario,Asfalto,No existe,II,Dentro,Urbana,Señal Pare,No existe,Intersección,Bueno,Buena,Diurna,Buen Tiempo,Lateral,S/D,Colisión,S/D,Vertical,Cordón divisorio,Sin restricción,POINT (-60.6955377 -32.950518699999996),"['Pasco', 'Camilo Aldao']",2,Pasco; Camilo Aldao,-32.9505187,-60.6955377,55.0,538.0,Municipio Rosario,Municipio,Rosario,820210,Servicio de Catastro e Información Territorial,IGN
2013,4530,2013-04-20,Sabado,0.0,17:20:00,,0.0,2,"Automóvil,Automóvil",San Martin Y Bv. 27 De Febrero,4,1,0,0,3,0,0,,Avenida,,ROSARIO,Rosario,Asfalto,S/D,II,Dentro,Urbana,S/D,S/D,Recta,Bueno,Buena,Diurna,S/D,De alcance,S/D,Colisión,S/D,S/D,S/D,Sin restricción,POINT (-60.642020650000006 -32.96785644999999),"['San Martin', '27 de Febrero']",2,José de San Martín; Bulevar 27 de Febrero,-32.96785644999999,-60.642020650000006,55.0,538.0,Municipio Rosario,Municipio,Rosario,820210,Servicio de Catastro e Información Territorial,IGN
2013,4532,2013-04-23,Martes,0.0,14:00:00,,0.0,2,"Moto/Ciclomotor,Automóvil",Mendoza Y F.More,2,1,0,0,1,0,0,,Calle,,ROSARIO,Rosario,Asfalto,No existe,II,Dentro,Urbana,Marca Vial,No existe,Intersección,Bueno,Buena,Diurna,Buen Tiempo,Lateral,S/D,Colisión,S/D,Horizontal,Cordón divisorio,Sin restricción,POINT (-60.69367090000001 -32.941857000000006),"['Mendoza', 'Felipe Moré']",2,Mendoza; Felipe Moré,-32.941857000000006,-60.69367090000001,55.0,538.0,Municipio Rosario,Municipio,Rosario,820210,Servicio de Catastro e Información Territorial,IGN
2013,4533,2013-04-23,Martes,0.0,11:00:00,,0.0,2,"Moto/Ciclomotor,Automóvil",Liniers Y Cochabamba Bis,3,2,0,0,1,0,0,,Calle,,ROSARIO,Rosario,Asfalto,No existe,II,Dentro,Urbana,Semáforo,Funciona,Intersección,Bueno,Buena,Diurna,Buen Tiempo,Lateral,S/D,Colisión,S/D,Vertical,Cordón divisorio,Sin restricción,POINT (-60.69819549999999 -32.94942399999999),"['Liniers', 'Cochabamba']",2,Liniers; Cochabamba,-32.94942399999999,-60.69819549999999,55.0,538.0,Municipio Rosario,Municipio,Rosario,820210,Servicio de Catastro e Información Territorial,IGN
2013,4552,2013-04-23,Martes,0.0,17:30:00,,0.0,2,"Moto/Ciclomotor,Moto/Ciclomotor",Mendoza Y Fraga,2,1,0,0,1,0,0,,Calle,,ROSARIO,Rosario,Asfalto,No existe,II,Dentro,Urbana,Semáforo,Funciona,Intersección,Bueno,Buena,Diurna,Buen Tiempo,Lateral,S/D,Colisión,S/D,Vertical,Cordón divisorio,Sin restricción,POINT (-60.7102314 -32.9401675),"['Mendoza', 'Fraga']",2,Mendoza; Rosendo María Fraga,-32.9401675,-60.7102314,55.0,538.0,Municipio Rosario,Municipio,Rosario,820210,Servicio de Catastro e Información Territorial,IGN
2013,4557,2013-04-16,Martes,0.0,,,0.0,2,"Moto/Ciclomotor,Pickup/Utilitario",Jose Ingenieros Y Olavarria Bis,2,2,0,0,0,0,0,,Calle,,ROSARIO,Rosario,Asfalto,Pavimento,II,Dentro,Urbana,Ninguna,No existe,S/D,Deteriorada,S/D,S/D,Buen Tiempo,Frontal,S/D,Colisión,S/D,S/D,Ninguna,Sin restricción,POINT (-60.7044969 -32.916839),"['José Ingenieros', 'Olavarría']",2,José Ingenieros; Olavarría,-32.916839,-60.7044969,55.0,538.0,Municipio Rosario,Municipio,Rosario,820210,Servicio de Catastro e Información Territorial,IGN
2013,4571,2013-04-06,Sabado,0.0,12:40:00,,0.0,2,"Automóvil,Peatón",Jose Ingenieros Y Garzon,2,1,0,0,1,0,0,,Calle,,ROSARIO,Rosario,Asfalto,S/D,II,Dentro,Urbana,S/D,S/D,Intersección,Bueno,S/D,S/D,S/D,Otro,S/D,Atropello,S/D,S/D,S/D,S/D,POINT (-60.7062722 -32.916897900000016),"['José Ingenieros', 'Garzón']",2,José Ingenieros; Garzón,-32.916897900000016,-60.7062722,55.0,538.0,Municipio Rosario,Municipio,Rosario,820210,Servicio de Catastro e Información Territorial,IGN
2013,4586,2013-04-24,Miercoles,0.0,07:50:00,,0.0,2,"Automóvil,Pickup/Utilitario",Av. Pellegrini Y Av. Provincias Unidas,2,1,0,0,1,0,0,,Calle,,ROSARIO,Rosario,Asfalto,No existe,II,Dentro,Urbana,Semáforo,Funciona,Intersección,Bueno,Buena,Diurna,Buen Tiempo,Lateral,S/D,Colisión,S/D,Vertical,Cordón divisorio,Sin restricción,POINT (-60.71226145 -32.948578),"['Pellegrini', 'Avenida Provincias Unidas']",2,Avenida Carlos Pellegrini; Avenida Provincias Unidas,-32.948578,-60.71226145,55.0,538.0,Municipio Rosario,Municipio,Rosario,820210,Servicio de Catastro e Información Territorial,IGN
2013,4588,2013-04-24,Miercoles,0.0,13:15:00,,0.0,2,"Moto/Ciclomotor,Pickup/Utilitario",Av. Pellegrini Y Garzon,2,1,0,0,1,0,0,,Avenida,,ROSARIO,Rosario,Asfalto,No existe,II,Dentro,Urbana,Semáforo,Funciona,Intersección,Bueno,Buena,Diurna,Buen Tiempo,Lateral,S/D,Colisión,S/D,Vertical,Cordón divisorio,Sin restricción,POINT (-60.705300650000005 -32.9484086),"['Pellegrini', 'Garzón']",2,Avenida Carlos Pellegrini; Garzón,-32.9484086,-60.705300650000005,55.0,538.0,Municipio Rosario,Municipio,Rosario,820210,Servicio de Catastro e Información Territorial,IGN
2013,4590,2013-04-24,Miercoles,0.0,18:45:00,,0.0,2,"Peatón,Automóvil",PEDRO LINO FUNES  2100,2,1,0,0,1,0,0,,Calle,,ROSARIO,Rosario,Asfalto,No existe,II,Dentro,Urbana,Marca Vial,No existe,Recta,Bueno,Buena,Diurna,Buen Tiempo,S/D,S/D,Atropello,S/D,Vertical,Cordón divisorio,Sin restricción,"-32.9528546, -60.7007861",['Pedro Lino Funes 2100'],1,Pedro Lino Funes 2100,-32.9528546,-60.7007861,55.0,538.0,Municipio Rosario,Municipio,Rosario,820210,Servicio de Catastro e Información Territorial,IGN
2013,4601,2013-04-04,Jueves,0.0,14:30:00,,0.0,2,"Moto/Ciclomotor,Automóvil",Garzon Y G.Carrasco,2,1,0,0,1,0,0,,Calle,,ROSARIO,Rosario,Asfalto,S/D,II,Dentro,Urbana,S/D,S/D,Intersección,Bueno,S/D,S/D,Otro,Frontal,S/D,Colisión,S/D,Faltante,S/D,Sin restricción,POINT (-60.7064705 -32.9208025),"['Garzón', 'Carrasco']",2,Garzón; Omar Carrasco,-32.9208025,-60.7064705,55.0,538.0,Municipio Rosario,Municipio,Rosario,820210,Servicio de Catastro e Información Territorial,IGN
2013,4603,2013-04-23,Martes,0.0,,,0.0,2,"Moto/Ciclomotor,Automóvil",J.J.Paso Y Olavarria Bis,2,1,0,0,1,0,0,,Calle,,ROSARIO,Rosario,Asfalto,S/D,II,Dentro,Urbana,S/D,Intermitente,Recta,S/D,Buena,Nocturna,Buen Tiempo,Lateral,S/D,Colisión,S/D,Horizontal,Ninguna,Sin restricción,POINT (-60.7043792 -32.9199808),"['Paso', 'Olavarría']",2,Avenida Juan José Paso; Olavarría,-32.9199808,-60.7043792,55.0,538.0,Municipio Rosario,Municipio,Rosario,820210,Servicio de Catastro e Información Territorial,IGN
2013,4605,2013-04-18,Jueves,0.0,,,0.0,2,"Automóvil,Automóvil",Av. Genova Y Cullen,2,1,0,0,1,0,0,,Avenida,,ROSARIO,Rosario,Asfalto,No existe,II,Dentro,Urbana,S/D,No existe,Recta,Bueno,S/D,Diurna,Buen Tiempo,Lateral,S/D,Colisión,S/D,S/D,S/D,Sin restricción,POINT (-60.709872700000005 -32.9159084),"['Genova', 'Cullen']",2,Avenida Génova; Cullen,-32.9159084,-60.709872700000005,55.0,538.0,Municipio Rosario,Municipio,Rosario,820210,Servicio de Catastro e Información Territorial,IGN
2013,4625,2013-04-18,Jueves,0.0,20:00:00,,0.0,2,"Moto/Ciclomotor,Automóvil",Bv. Avellaneda Y Av. Luis Carballo,2,2,0,0,0,0,0,,Avenida,,ROSARIO,Rosario,Asfalto,S/D,II,Dentro,Urbana,Semáforo,S/D,Intersección,Bueno,Reducida,S/D,Buen Tiempo,Otro,S/D,Colisión,S/D,S/D,S/D,Sin restricción,POINT (-60.674817000000004 -32.9219776),"['Avellaneda', 'Avenida Doctor Luis Cándido Carballo']",2,Bulevar Nicolás Avellaneda; Avenida Doctor Luis Cándido Carballo,-32.9219776,-60.674817,55.0,538.0,Municipio Rosario,Municipio,Rosario,820210,Servicio de Catastro e Información Territorial,IGN
2013,4627,2013-04-10,Miercoles,0.0,07:30:00,,0.0,3,"Transporte de Pasajeros Urbano (> 8 asientos),Automóvil,Automóvil",Av. Pellegrini 6400,7,4,0,0,3,0,0,,Avenida,,ROSARIO,Rosario,Asfalto,No existe,II,Dentro,Urbana,Semáforo,Funciona,Recta,Bueno,Buena,Diurna,Buen Tiempo,Múltiple,S/D,Colisión,S/D,Horizontal,Cordón divisorio,Sin restricción,"-32.9483927, -60.7085827",['Pellegrini 6400'],1,Pellegrini 6400,-32.9483927,-60.7085827,55.0,538.0,Municipio Rosario,Municipio,Rosario,820210,Servicio de Catastro e Información Territorial,IGN