anio_acci,nro_acci,fecha,desc_dia,fecha_aprox,hora_aprox,desc_ruta,km,cant_participantes,desc_participante,calle_avenida_km,total,heridos_leves,heridos_graves,heridos_gravisimos,ilesos,fallecidos,sin_datos,posicion_XY,desc_tipo_via,desc_ruta_ori,desc_loc,desc_dpto,desc_tipo_calzada,desc_tipo_banquina,desc_unidad_regional,desc_lugar_calzada,desc_zona,desc_prioridad,desc_estado_semaforo,desc_lugar_via,desc_estado_via,desc_estado_visibilidad,desc_luminosidad,desc_estado_clima,desc_tipo_colision,desc_tipo_atropello,desc_tipo_hecho,desc_pres_calzada,desc_senializacion,desc_separacion_via,desc_restriccion,forma_geocod,calle_lista,numero_calles,calles_osm,lat,lon,index_right,gid,fna,gna,nam,in1,fdc,sag
2013,4634,2013-04-09,Martes,0.0,18:00:00,,0.0,2,"Bicicleta,Automóvil",Aurora Y Vera Mujica,2,1,0,0,1,0,0,,Calle,,ROSARIO,Rosario,Asfalto,No existe,II,Dentro,Urbana,S/D,No existe,Recta,Bueno,Buena,Atardecer,Buen Tiempo,Otro,S/D,Atropello,S/D,Faltante,Ninguna,Sin restricción,POINT (-60.6792502 -32.9995278),"['Aurora', 'Vera Mujíca']",2,Aurora; Vera Mujíca,-32.9995278,-60.6792502,55.0,538.0,Municipio Rosario,Municipio,Rosario,820210,Servicio de Catastro e Información Territorial,IGN
2013,4641,2013-04-15,Lunes,0.0,09:00:00,,0.0,2,"Automóvil,Moto/Ciclomotor",BV. 27 DE FEBRERO  Y COLECTORA ,2,1,0,0,1,0,0,,Calle,,ROSARIO,Rosario,Hormigón,Pavimento,II,Dentro,Urbana,Semáforo,Funciona,S/D,Con baches,Buena,Diurna,Buen Tiempo,Lateral,S/D,Colisión,S/D,S/D,S/D,S/D,POINT (-60.72109830000001 -32.95959369999999),"['27 de Febrero', 'Colectora']",2,Bulevar 27 de Febrero; Colectora Juan Pablo II,-32.95959369999999,-60.72109830000001,55.0,538.0,Municipio Rosario,Municipio,Rosario,820210,Servicio de Catastro e Información Territorial,IGN
2013,4642,2013-04-16,Martes,0.0,15:00:00,,0.0,2,"Automóvil,Bicicleta",Ecuador Y Pje. Volta,2,1,0,0,1,0,0,,Calle,,ROSARIO,Rosario,Asfalto,No existe,II,Dentro,Urbana,Ninguna,No existe,S/D,Bueno,Buena,Diurna,Buen Tiempo,Lateral,S/D,Colisión,S/D,S/D,S/D,S/D,POINT (-60.7142206 -32.9587045),"['Ecuador', 'Volta']",2,Ecuador; Volta,-32.9587045,-60.7142206,55.0,538.0,Municipio Rosario,Municipio,Rosario,820210,Servicio de Catastro e Información Territorial,IGN
2013,4644,2013-04-11,Jueves,0.0,,,0.0,2,"Moto/Ciclomotor,Taxi/Remis",Av. Ovidio Lagos Y Estado de Israel,2,1,0,0,1,0,0,,Avenida,,ROSARIO,Rosario,S/D,No existe,II,Dentro,Urbana,S/D,No existe,Intersección,Bueno,Buena,Nocturna,Buen Tiempo,Lateral,S/D,Colisión,S/D,Faltante,Cordón divisorio,Sin restricción,POINT (-60.67362309999999 -32.992628999999994),"['Avenida Ovidio Lagos', 'Estado de Israel']",2,Avenida Ovidio Lagos; Estado de Israel,-32.992628999999994,-60.67362309999999,55.0,538.0,Municipio Rosario,Municipio,Rosario,820210,Servicio de Catastro e Información Territorial,IGN
2013,4647,2013-04-16,Martes,0.0,11:00:00,,0.0,2,"Automóvil,Automóvil",BV. 27 DE FEBRERO  Y CIRCUNVACION ,2,2,0,0,0,0,0,,Calle,,ROSARIO,Rosario,Asfalto,Pavimento,II,Dentro,Urbana,Semáforo,Funciona,S/D,Con baches,Buena,Diurna,Buen Tiempo,Lateral,S/D,Colisión,S/D,S/D,S/D,S/D,POINT (-60.7203755 -32.95957229999999),"['27 de Febrero', 'Juan Pablo II']",2,Bulevar 27 de Febrero; Colectora Juan Pablo II,-32.95957229999999,-60.7203755,55.0,538.0,Municipio Rosario,Municipio,Rosario,820210,Servicio de Catastro e Información Territorial,IGN
2013,4648,2013-04-12,Viernes,0.0,14:20:00,,0.0,2,"Automóvil,Moto/Ciclomotor",Bv. Segui Y Av. Ovidio Lagos,3,2,0,0,1,0,0,,Avenida,,ROSARIO,Rosario,Asfalto,No existe,II,Dentro,Urbana,Ninguna,Funciona,Intersección,Bueno,Buena,Diurna,Buen Tiempo,S/D,S/D,Colisión,S/D,Vertical,Cordón divisorio,Sin restricción,POINT (-60.66940506666668 -32.97496616666667),"['Bulevar Juan Francisco Seguí', 'Avenida Ovidio Lagos']",2,Bulevar Juan Francisco Seguí; Avenida Ovidio Lagos,-32.97496616666667,-60.66940506666668,55.0,538.0,Municipio Rosario,Municipio,Rosario,820210,Servicio de Catastro e Información Territorial,IGN
2013,4650,2013-04-12,Viernes,0.0,20:10:00,,0.0,2,"Automóvil,Bicicleta",Pte.Quintana Y Cafferata,2,1,0,0,1,0,0,,Calle,,ROSARIO,Rosario,Asfalto,No existe,II,Dentro,Urbana,Ninguna,No existe,Intersección,Bueno,Buena,Con luz artificial,Buen Tiempo,Lateral,S/D,Colisión,S/D,Faltante,Ninguna,Sin restricción,POINT (-60.68005479999999 -32.9766645),"['Quintana', 'Cafferata']",2,"('Presidente Quintana', 'Cafferata')",-32.9766645,-60.68005479999999,55.0,538.0,Municipio Rosario,Municipio,Rosario,820210,Servicio de Catastro e Información Territorial,IGN
2013,4651,2013-04-19,Viernes,0.0,18:00:00,,0.0,2,"Automóvil,Automóvil",Godoy Cruz Y Av. Provincias Unidas,2,1,0,0,1,0,0,,Calle,,ROSARIO,Rosario,Hormigón,Pavimento,II,Dentro,Urbana,Semáforo,Funciona,Intersección,Con baches,Buena,Diurna,Buen Tiempo,Lateral,S/D,Colisión,S/D,S/D,S/D,S/D,POINT (-60.71146635 -32.9679676),"['Avenida Presidente Perón', 'Avenida Provincias Unidas']",2,Avenida Presidente Perón; Avenida Provincias Unidas,-32.9679676,-60.71146635,55.0,538.0,Municipio Rosario,Municipio,Rosario,820210,Servicio de Catastro e Información Territorial,IGN
2013,4656,2013-04-21,Domingo,0.0,02:10:00,,0.0,2,"Moto/Ciclomotor,Automóvil",Urquiza Y Balcarce,2,1,0,0,1,0,0,,Calle,,ROSARIO,Rosario,Asfalto,No existe,II,Dentro,Urbana,Ninguna,No existe,Intersección,Bueno,Buena,"Nocturna,Con luz artificial",Buen Tiempo,Lateral,S/D,Colisión,S/D,Faltante,Ninguna,Sin restricción,POINT (-60.6510554 -32.94048039999999),"['Urquiza', 'Balcarce']",2,"('Justo José de Urquiza', 'Balcarce')",-32.94048039999999,-60.6510554,55.0,538.0,Municipio Rosario,Municipio,Rosario,820210,Servicio de Catastro e Información Territorial,IGN
2013,4659,2013-04-22,Lunes,0.0,08:30:00,,0.0,2,"Peatón,Transporte de Pasajeros Larga Distancia (> 8 asientos)",San Lorenzo Y Entre Rios,2,0,1,0,1,0,0,,Calle,,ROSARIO,Rosario,Asfalto,S/D,II,Dentro,Urbana,Ninguna,S/D,Recta,Bueno,S/D,S/D,Buen Tiempo,S/D,S/D,Caída ocupante,S/D,Faltante,Ninguna,Sin restricción,POINT (-60.6403682 -32.94364579999999),"['San Lorenzo', 'Entre Ríos']",2,San Lorenzo; Entre Ríos,-32.94364579999999,-60.6403682,55.0,538.0,Municipio Rosario,Municipio,Rosario,820210,Servicio de Catastro e Información Territorial,IGN
2013,4660,2013-04-26,Viernes,0.0,16:00:00,,0.0,2,"Pickup/Utilitario,Moto/Ciclomotor",RIVAROLA  Y 25 DE MAYO ,2,1,0,0,1,0,0,,Calle,,ROSARIO,Rosario,Asfalto,No existe,II,Dentro,Urbana,S/D,No existe,Intersección,Con baches,Buena,Diurna,Buen Tiempo,Lateral,S/D,Colisión,S/D,S/D,S/D,S/D,POINT (-60.71916028403352 -32.96601604560884),"['Rivarola', '25 de Mayo']",2,Avenida Doctor Rivarola; Avenida de Circunvalación 25 de Mayo,-32.96601604560884,-60.71916028403352,55.0,538.0,Municipio Rosario,Municipio,Rosario,820210,Servicio de Catastro e Información Territorial,IGN
2013,4661,2013-04-05,Viernes,0.0,18:30:00,,0.0,2,"Bicicleta,Automóvil",Av. Pellegrini Y Castellanos,2,0,1,0,1,0,0,,Avenida,,ROSARIO,Rosario,Asfalto,S/D,II,Dentro,Urbana,S/D,S/D,Intersección,S/D,S/D,Atardecer,S/D,Lateral,S/D,Atropello,S/D,S/D,S/D,S/D,POINT (-60.677811000000005 -32.950665749999985),"['Pellegrini', 'Aaron Castellanos']",2,Avenida Carlos Pellegrini; Aaron Castellanos,-32.950665749999985,-60.677811000000005,55.0,538.0,Municipio Rosario,Municipio,Rosario,820210,Servicio de Catastro e Información Territorial,IGN
2013,4662,2013-04-07,Domingo,0.0,18:10:00,,0.0,3,"Automóvil,Automóvil,Automóvil",San Luis Y Av. Ovidio Lagos,5,1,0,0,4,0,0,,Avenida,,ROSARIO,Rosario,Asfalto,S/D,II,Dentro,Urbana,S/D,S/D,Intersección,S/D,S/D,S/D,S/D,Múltiple,S/D,Colisión,S/D,S/D,Cordón divisorio,S/D,POINT (-60.6621155 -32.9448915),"['San Luis', 'Avenida Ovidio Lagos']",2,San Luis; Avenida Ovidio Lagos,-32.9448915,-60.6621155,55.0,538.0,Municipio Rosario,Municipio,Rosario,820210,Servicio de Catastro e Información Territorial,IGN
2013,4663,2013-03-22,Viernes,0.0,02:05:00,,0.0,1,Moto/Ciclomotor,Urquiza Y San Nicolas,2,1,0,0,1,0,0,,Calle,,ROSARIO,Rosario,Asfalto,S/D,II,Dentro,Urbana,Ninguna,S/D,Recta,Bueno,S/D,Nocturna,Buen Tiempo,S/D,S/D,Colisión,S/D,S/D,S/D,S/D,POINT (-60.6714596 -32.93685429999999),"['Urquiza', 'San Nicolás']",2,Justo José de Urquiza; San Nicolás,-32.93685429999999,-60.6714596,55.0,538.0,Municipio Rosario,Municipio,Rosario,820210,Servicio de Catastro e Información Territorial,IGN
2013,4665,2013-03-28,Jueves,0.0,17:00:00,,0.0,2,"Automóvil,Transporte de Pasajeros Urbano (> 8 asientos)",Santa Fe Y Cafferata,2,1,0,0,1,0,0,,Calle,,ROSARIO,Rosario,Asfalto,S/D,II,Dentro,Urbana,S/D,Funciona,Recta,Bueno,Buena,Diurna,Buen Tiempo,S/D,S/D,Colisión,S/D,S/D,Ninguna,Sin restricción,POINT (-60.67063869999999 -32.939213),"['Santa Fe', 'Cafferata']",2,Santa Fe; Cafferata,-32.939213,-60.67063869999999,55.0,538.0,Municipio Rosario,Municipio,Rosario,820210,Servicio de Catastro e Información Territorial,IGN
2013,4666,2013-04-05,Viernes,0.0,12:30:00,,0.0,2,"Moto/Ciclomotor,Automóvil",3 De Febrero Y Lavalle,2,1,0,0,1,0,0,,Calle,,ROSARIO,Rosario,Asfalto,S/D,II,Dentro,Urbana,S/D,S/D,Intersección,S/D,S/D,Diurna,S/D,S/D,S/D,Colisión,S/D,S/D,Cordón divisorio,S/D,POINT (-60.6793582 -32.94569909999999),"['3 de Febrero', 'Lavalle']",2,3 de Febrero; Lavalle,-32.94569909999999,-60.6793582,55.0,538.0,Municipio Rosario,Municipio,Rosario,820210,Servicio de Catastro e Información Territorial,IGN
2013,4667,2013-03-28,Jueves,0.0,11:50:00,,0.0,2,"Automóvil,Peatón",Santa Fe 3100,2,1,0,0,1,0,0,,Calle,,ROSARIO,Rosario,Asfalto,S/D,II,Dentro,Urbana,S/D,Funciona,Recta,Bueno,Buena,Diurna,Buen Tiempo,S/D,S/D,Colisión,S/D,S/D,S/D,S/D,"-32.93992655, -60.664950704951195",['Santa Fe 3100'],1,Santa Fe 3100,-32.93992655,-60.6649507049512,55.0,538.0,Municipio Rosario,Municipio,Rosario,820210,Servicio de Catastro e Información Territorial,IGN
2013,4668,2013-04-05,Viernes,0.0,07:20:00,,0.0,2,"Automóvil,Moto/Ciclomotor",Ricchieri Y 9 De Julio,2,1,0,0,1,0,0,,Calle,,ROSARIO,Rosario,Asfalto,S/D,II,Dentro,Urbana,S/D,S/D,Intersección,S/D,S/D,S/D,S/D,S/D,S/D,Colisión,S/D,S/D,Cordón divisorio,S/D,POINT (-60.6647054 -32.9494569),"['Ricchieri', '9 de Julio']",2,Ricchieri; 9 de Julio,-32.9494569,-60.6647054,55.0,538.0,Municipio Rosario,Municipio,Rosario,820210,Servicio de Catastro e Información Territorial,IGN
2013,4681,2013-04-14,Domingo,0.0,18:55:00,,0.0,2,"Moto/Ciclomotor,Automóvil",Av. Alberdi Bis Y Salta,2,0,0,0,0,0,2,,Avenida,,ROSARIO,Rosario,Asfalto,S/D,II,S/D,Urbana,S/D,S/D,Cruce,Bueno,Buena,Atardecer,Buen Tiempo,S/D,S/D,Colisión,S/D,S/D,S/D,S/D,POINT (-60.6706038 -32.93335209999999),"['Alberdi', 'Salta']",2,Avenida Alberdi; Salta,-32.93335209999999,-60.6706038,55.0,538.0,Municipio Rosario,Municipio,Rosario,820210,Servicio de Catastro e Información Territorial,IGN
2013,4689,2013-04-10,Miercoles,0.0,22:10:00,,0.0,2,"Bicicleta,Ambulancia",Av. Francia Y Guemes,2,1,0,0,1,0,0,,Calle,,ROSARIO,Rosario,Asfalto,S/D,II,S/D,Urbana,S/D,S/D,Recta,Bueno,Buena,Nocturna,Buen Tiempo,S/D,S/D,Atropello,S/D,S/D,S/D,S/D,POINT (-60.66227093333333 -32.93117146666666),"['Avenida Francia', 'Güemes']",2,Avenida Francia; Güemes,-32.93117146666666,-60.66227093333333,55.0,538.0,Municipio Rosario,Municipio,Rosario,820210,Servicio de Catastro e Información Territorial,IGN
2013,4694,2013-04-10,Miercoles,0.0,10:15:00,,0.0,2,"Moto/Ciclomotor,Taxi/Remis",Urquiza Y Ricchieri,2,1,0,0,1,0,0,,Calle,,ROSARIO,Rosario,Asfalto,S/D,II,S/D,Urbana,Señal Ceda el Paso,No existe,Recta,Bueno,Buena,Diurna,Buen Tiempo,Frontal,S/D,Colisión,S/D,S/D,S/D,S/D,POINT (-60.6619733 -32.9385564),"['Urquiza', 'Ricchieri']",2,Justo José de Urquiza; Ricchieri,-32.9385564,-60.6619733,55.0,538.0,Municipio Rosario,Municipio,Rosario,820210,Servicio de Catastro e Información Territorial,IGN
2013,4699,2013-04-06,Sabado,0.0,06:00:00,,0.0,2,"Automóvil,Automóvil",Urquiza Y Suipacha,2,1,0,0,1,0,0,,Calle,,ROSARIO,Rosario,Asfalto,Pavimento,II,S/D,Urbana,Señal Pare,No existe,Cruce,Bueno,Buena,Diurna,Buen Tiempo,Lateral,S/D,Colisión,S/D,S/D,S/D,Sin restricción,POINT (-60.6633084 -32.9383186),"['Urquiza', 'Suipacha']",2,Justo José de Urquiza; Suipacha,-32.9383186,-60.6633084,55.0,538.0,Municipio Rosario,Municipio,Rosario,820210,Servicio de Catastro e Información Territorial,IGN
2013,4701,2013-04-25,Jueves,0.0,11:30:00,,0.0,2,"Peatón,Taxi/Remis",Gutenberg Y Av. Pellegrini,2,1,0,0,1,0,0,,Avenida,,ROSARIO,Rosario,Asfalto,S/D,II,Dentro,Urbana,S/D,S/D,Intersección,S/D,S/D,S/D,S/D,Lateral,S/D,Atropello,S/D,S/D,S/D,S/D,POINT (-60.690030349999994 -32.94847924999999),"['Gutenberg', 'Pellegrini']",2,Gutenberg; Avenida Carlos Pellegrini,-32.94847924999999,-60.69003035,55.0,538.0,Municipio Rosario,Municipio,Rosario,820210,Servicio de Catastro e Información Territorial,IGN
2013,4704,2013-04-04,Jueves,0.0,22:45:00,,0.0,2,"Automóvil,Transporte de Pasajeros Urbano (> 8 asientos)",Crespo Y San Lorenzo,5,4,0,0,1,0,0,,Calle,,ROSARIO,Rosario,Asfalto,No existe,II,S/D,Urbana,Señal Pare,No existe,Recta,Bueno,Buena,Nocturna,Buen Tiempo,S/D,S/D,Colisión,S/D,S/D,S/D,Sin restricción,POINT (-60.66769409999999 -32.938742999999995),"['Crespo', 'San Lorenzo']",2,Crespo; San Lorenzo,-32.938742999999995,-60.66769409999999,55.0,538.0,Municipio Rosario,Municipio,Rosario,820210,Servicio de Catastro e Información Territorial,IGN
2013,4706,2013-04-11,Jueves,0.0,15:20:00,,0.0,2,"Taxi/Remis,Automóvil",San Juan Y Cafferata,5,4,0,0,1,0,0,,Calle,,ROSARIO,Rosario,Asfalto,S/D,II,Dentro,Urbana,S/D,S/D,Intersección,S/D,S/D,S/D,S/D,S/D,S/D,Colisión,S/D,S/D,S/D,S/D,POINT (-60.6719098 -32.94428909999999),"['San Juan', 'Cafferata']",2,San Juan; Cafferata,-32.94428909999999,-60.6719098,55.0,538.0,Municipio Rosario,Municipio,Rosario,820210,Servicio de Catastro e Información Territorial,IGN
2013,4707,2013-04-27,Sabado,0.0,04:30:00,,0.0,2,"Moto/Ciclomotor,Automóvil",Castellanos Y San Lorenzo,2,1,0,0,1,0,0,,Calle,,ROSARIO,Rosario,Asfalto,Pavimento,II,Dentro,Urbana,S/D,No existe,Recta,Bueno,Buena,Nocturna,Buen Tiempo,Frontal,S/D,Colisión,S/D,S/D,S/D,Sin restricción,POINT (-60.6744722 -32.9375212),"['Aaron Castellanos', 'San Lorenzo']",2,Aaron Castellanos; San Lorenzo,-32.9375212,-60.6744722,55.0,538.0,Municipio Rosario,Municipio,Rosario,820210,Servicio de Catastro e Información Territorial,IGN
2013,4709,2013-04-15,Lunes,0.0,18:40:00,,0.0,2,"Automóvil,Moto/Ciclomotor",SABIN  Y VELEZ SARSFIED,3,1,0,0,2,0,0,,Calle,,ROSARIO,Rosario,Asfalto,No existe,II,Dentro,Urbana,Semáforo,Funciona,Intersección,Bueno,Buena,Diurna,Buen Tiempo,Otro,S/D,Colisión,S/D,S/D,S/D,Sin restricción,POINT (-60.6821659 -32.92505235),"['Avenida Travesía Albert Sabin', 'Vélez Sarsfield']",2,Avenida Travesía Albert Sabin; Vélez Sarsfield,-32.92505235,-60.6821659,55.0,538.0,Municipio Rosario,Municipio,Rosario,820210,Servicio de Catastro e Información Territorial,IGN
2013,4712,2013-04-03,Miercoles,0.0,13:30:00,,0.0,2,"Moto/Ciclomotor,Taxi/Remis",Urquiza Y Pueyrredon,2,1,0,0,1,0,0,,Calle,,ROSARIO,Rosario,Asfalto,Pavimento,II,S/D,Urbana,Señal Pare,No existe,Recta,Bueno,Buena,Diurna,Buen Tiempo,S/D,S/D,Colisión,S/D,S/D,S/D,Sin restricción,POINT (-60.6564923 -32.9395203),"['Urquiza', 'Pueyrredón']",2,Justo José de Urquiza; Pueyrredón,-32.9395203,-60.6564923,55.0,538.0,Municipio Rosario,Municipio,Rosario,820210,Servicio de Catastro e Información Territorial,IGN
2013,4717,2013-04-20,Sabado,0.0,23:40:00,,0.0,2,"Moto/Ciclomotor,Moto/Ciclomotor",Bv. Avellaneda Y Montes Carballo,3,2,0,0,1,0,0,,Avenida,,ROSARIO,Rosario,Asfalto,No existe,II,Dentro,Urbana,Semáforo,Funciona,Intersección,Bueno,Buena,Nocturna,Buen Tiempo,Lateral,S/D,Colisión,S/D,S/D,S/D,S/D,POINT (-60.674817000000004 -32.9219776),"['Avellaneda', 'Avenida Doctor Luis Cándido Carballo']",2,Bulevar Nicolás Avellaneda; Avenida Doctor Luis Cándido Carballo,-32.9219776,-60.674817,55.0,538.0,Municipio Rosario,Municipio,Rosario,820210,Servicio de Catastro e Información Territorial,IGN
2013,4721,2013-04-15,Lunes,0.0,10:50:00,,0.0,2,"Moto/Ciclomotor,Automóvil",Santa Fe 2755,3,2,0,0,1,0,0,,Calle,,ROSARIO,Rosario,Asfalto,Pavimento,II,S/D,Urbana,S/D,No existe,Recta,Bueno,Buena,Diurna,Buen Tiempo,S/D,S/D,Colisión,S/D,S/D,S/D,S/D,"-32.94109643877551, -60.66052958163265",['Santa Fe 2755'],1,Santa Fe 2755,-32.94109643877551,-60.66052958163265,55.0,538.0,Municipio Rosario,Municipio,Rosario,820210,Servicio de Catastro e Información Territorial,IGN
2013,4723,2013-04-16,Martes,0.0,09:00:00,,0.0,3,"Moto/Ciclomotor,Camión,Automóvil",Casilda Y Bv. Avellaneda,3,3,0,0,0,0,0,,Calle,,ROSARIO,Rosario,Asfalto,S/D,II,Dentro,Urbana,Semáforo,Funciona,Intersección,Bueno,Buena,Diurna,Buen Tiempo,Múltiple,S/D,Colisión,S/D,S/D,S/D,Sin restricción,POINT (-60.67635325 -32.928127849999996),"['Casilda', 'Avellaneda']",2,Casilda; Bulevar Nicolás Avellaneda,-32.92812785,-60.67635325,55.0,538.0,Municipio Rosario,Municipio,Rosario,820210,Servicio de Catastro e Información Territorial,IGN
2013,4726,2013-04-17,Miercoles,0.0,08:50:00,,0.0,2,"Moto/Ciclomotor,Automóvil",Montes Carballo Y Bv. Avellaneda,3,2,1,0,0,0,0,,Calle,,ROSARIO,Rosario,Asfalto,No existe,II,Dentro,Urbana,Semáforo,Funciona,Intersección,Bueno,Buena,Diurna,Buen Tiempo,Lateral,S/D,Colisión,S/D,S/D,Ninguna,Sin restricción,POINT (-60.674817000000004 -32.9219776),"['Avenida Doctor Luis Cándido Carballo', 'Avellaneda']",2,Avenida Doctor Luis Cándido Carballo; Bulevar Nicolás Avellaneda,-32.9219776,-60.674817,55.0,538.0,Municipio Rosario,Municipio,Rosario,820210,Servicio de Catastro e Información Territorial,IGN
2013,4735,2013-04-15,Lunes,0.0,22:15:00,,0.0,2,"Automóvil,Automóvil",Tucuman Y Suipacha,2,1,0,0,1,0,0,,Calle,,ROSARIO,Rosario,Asfalto,Pavimento,II,S/D,Urbana,S/D,S/D,Recta,Bueno,Buena,Nocturna,Buen Tiempo,Lateral,S/D,Colisión,S/D,S/D,S/D,S/D,POINT (-60.662997 -32.937165199999995),"['Tucumán', 'Suipacha']",2,Tucumán; Suipacha,-32.937165199999995,-60.662997,55.0,538.0,Municipio Rosario,Municipio,Rosario,820210,Servicio de Catastro e Información Territorial,IGN
2013,4738,2013-04-17,Miercoles,0.0,08:00:00,,0.0,2,"Automóvil,Moto/Ciclomotor",Junin Y Suiza,2,1,0,0,1,0,0,,Calle,,ROSARIO,Rosario,Asfalto,No existe,II,Dentro,Urbana,S/D,No existe,Intersección,Bueno,Buena,Diurna,Buen Tiempo,Lateral,S/D,Colisión,S/D,S/D,S/D,Sin restricción,POINT (-60.6876273 -32.926874299999994),"['Junín', 'Suiza']",2,Junín; Suiza,-32.926874299999994,-60.6876273,55.0,538.0,Municipio Rosario,Municipio,Rosario,820210,Servicio de Catastro e Información Territorial,IGN
2013,4739,2013-04-17,Miercoles,0.0,16:10:00,,0.0,2,"Pickup/Utilitario,Moto/Ciclomotor",Pueyrredon Y Guemes,3,2,0,0,1,0,0,,Calle,,ROSARIO,Rosario,Asfalto,S/D,II,S/D,Urbana,Señal Pare,No existe,Recta,Bueno,Buena,Diurna,Buen Tiempo,S/D,S/D,S/D,S/D,S/D,S/D,S/D,POINT (-60.65473169999999 -32.932527799999995),"['Pueyrredón', 'Güemes']",2,Pueyrredón; Güemes,-32.932527799999995,-60.65473169999999,55.0,538.0,Municipio Rosario,Municipio,Rosario,820210,Servicio de Catastro e Información Territorial,IGN
2013,4743,2013-04-18,Jueves,0.0,08:00:00,,0.0,2,"Moto/Ciclomotor,Taxi/Remis",San Nicolas Y San Lorenzo,2,1,0,0,1,0,0,,Calle,,ROSARIO,Rosario,Asfalto,Pavimento,II,S/D,Urbana,S/D,No existe,Recta,Bueno,Buena,Diurna,Buen Tiempo,Lateral,S/D,Colisión,S/D,S/D,S/D,S/D,POINT (-60.67174630000001 -32.9380145),"['San Nicolás', 'San Lorenzo']",2,San Nicolás; San Lorenzo,-32.9380145,-60.67174630000001,55.0,538.0,Municipio Rosario,Municipio,Rosario,820210,Servicio de Catastro e Información Territorial,IGN
2013,4751,2013-04-20,Sabado,0.0,,,0.0,2,"Automóvil,Moto/Ciclomotor",Santa Fe Y Av. Ovidio Lagos F,2,1,0,0,1,0,0,,Avenida,,ROSARIO,Rosario,Asfalto,Pavimento,II,S/D,Urbana,Semáforo,Funciona,Recta,Bueno,Buena,Nocturna,Buen Tiempo,Frontal,S/D,Colisión,S/D,Vertical,S/D,S/D,POINT (-60.661118 -32.94092100000001),"['Santa Fe', 'Avenida Ovidio Lagos']",2,Santa Fe; Avenida Ovidio Lagos,-32.94092100000001,-60.661118,55.0,538.0,Municipio Rosario,Municipio,Rosario,820210,Servicio de Catastro e Información Territorial,IGN
2013,4771,2013-04-20,Sabado,0.0,11:45:00,,0.0,2,"Taxi/Remis,Automóvil",Pueyrredon Y Urquiza,3,2,0,0,1,0,0,,Calle,,ROSARIO,Rosario,Asfalto,S/D,II,S/D,Urbana,Señal Pare,No existe,Recta,Bueno,Buena,Diurna,S/D,Frontal,S/D,Colisión,S/D,S/D,S/D,S/D,POINT (-60.6564923 -32.9395203),"['Pueyrredón', 'Urquiza']",2,Pueyrredón; Justo José de Urquiza,-32.9395203,-60.6564923,55.0,538.0,Municipio Rosario,Municipio,Rosario,820210,Servicio de Catastro e Información Territorial,IGN
2013,4774,2013-03-25,Lunes,0.0,13:40:00,,0.0,2,"Moto/Ciclomotor,Automóvil",Av. Alberdi Bis Y Av. Genova,2,1,0,0,1,0,0,,Calle,,ROSARIO,Rosario,Asfalto,S/D,II,Dentro,Urbana,Semáforo,S/D,Intersección,Bueno,S/D,S/D,Buen Tiempo,Frontal,S/D,Colisión,S/D,Horizontal,Cordón divisorio,Sin restricción,POINT (-60.685641200000006 -32.91519955000001),"['Alberdi', 'Genova']",2,Avenida Alberdi; Avenida Génova,-32.91519955000001,-60.685641200000006,55.0,538.0,Municipio Rosario,Municipio,Rosario,820210,Servicio de Catastro e Información Territorial,IGN
2013,4777,2013-04-21,Domingo,0.0,06:00:00,,0.0,2,"Moto/Ciclomotor,Camión",Santa Fe Y Pueyrredon,3,2,0,0,1,0,0,,Calle,,ROSARIO,Rosario,Asfalto,Pavimento,II,S/D,Urbana,Semáforo,Funciona,Recta,Bueno,Buena,Diurna,Buen Tiempo,Lateral,S/D,Colisión,S/D,Vertical,S/D,S/D,POINT (-60.657033000000006 -32.9416413),"['Santa Fe', 'Pueyrredón']",2,Santa Fe; Pueyrredón,-32.9416413,-60.657033000000006,55.0,538.0,Municipio Rosario,Municipio,Rosario,820210,Servicio de Catastro e Información Territorial,IGN
2013,4783,2013-04-24,Miercoles,0.0,07:55:00,,0.0,2,"Automóvil,Automóvil",Jujuy Y Av. Ovidio Lagos,2,1,0,0,0,0,1,,Avenida,,ROSARIO,Rosario,Asfalto,Pavimento,II,S/D,Urbana,Semáforo,Funciona,Recta,Bueno,Buena,Diurna,Buen Tiempo,Frontal,S/D,Colisión,S/D,Vertical,S/D,S/D,POINT (-60.65939970000001 -32.93408639999999),"['Jujuy', 'Avenida Ovidio Lagos']",2,Jujuy; Avenida Ovidio Lagos,-32.93408639999999,-60.65939970000001,55.0,538.0,Municipio Rosario,Municipio,Rosario,820210,Servicio de Catastro e Información Territorial,IGN
2013,4787,2013-04-06,Sabado,0.0,,,0.0,2,"Automóvil,Moto/Ciclomotor",Iguazu Y G.Carrasco,3,2,0,0,1,0,0,,Calle,,ROSARIO,Rosario,Asfalto,S/D,II,Dentro,Urbana,S/D,S/D,Intersección,Bueno,S/D,S/D,Buen Tiempo,Lateral,S/D,Colisión,S/D,Horizontal,Cordón divisorio,S/D,POINT (-60.68620810000001 -32.92022129999999),"['Iguazu', 'Carrasco']",2,Iguazú; Omar Carrasco,-32.92022129999999,-60.68620810000001,55.0,538.0,Municipio Rosario,Municipio,Rosario,820210,Servicio de Catastro e Información Territorial,IGN
2013,4788,2013-04-25,Jueves,0.0,15:00:00,,0.0,2,"Peatón,Automóvil",Pueyrredon 422,2,1,0,0,1,0,0,,Calle,,ROSARIO,Rosario,Asfalto,Pavimento,II,S/D,Urbana,S/D,S/D,Recta,Bueno,Buena,Diurna,Buen Tiempo,Otro,S/D,Atropello,S/D,S/D,S/D,S/D,"-32.93865481020408, -60.65633102857143",['Pueyrredon 422'],1,Pueyrredon 422,-32.93865481020408,-60.65633102857143,55.0,538.0,Municipio Rosario,Municipio,Rosario,820210,Servicio de Catastro e Información Territorial,IGN