anio_acci,nro_acci,fecha,desc_dia,fecha_aprox,hora_aprox,desc_ruta,km,cant_participantes,desc_participante,calle_avenida_km,total,heridos_leves,heridos_graves,heridos_gravisimos,ilesos,fallecidos,sin_datos,posicion_XY,desc_tipo_via,desc_ruta_ori,desc_loc,desc_dpto,desc_tipo_calzada,desc_tipo_banquina,desc_unidad_regional,desc_lugar_calzada,desc_zona,desc_prioridad,desc_estado_semaforo,desc_lugar_via,desc_estado_via,desc_estado_visibilidad,desc_luminosidad,desc_estado_clima,desc_tipo_colision,desc_tipo_atropello,desc_tipo_hecho,desc_pres_calzada,desc_senializacion,desc_separacion_via,desc_restriccion,forma_geocod,calle_lista,numero_calles,calles_osm,lat,lon,index_right,gid,fna,gna,nam,in1,fdc,sag
2013,4795,2013-04-12,Viernes,0.0,13:00:00,,0.0,2,"Automóvil,Moto/Ciclomotor",Mitre 500,2,1,0,0,1,0,0,,Calle,,ROSARIO,Rosario,Asfalto,No existe,II,Dentro,Urbana,Ninguna,No existe,Recta,Bueno,Buena,Diurna,Buen Tiempo,Lateral,S/D,Colisión,S/D,Faltante,Ninguna,Sin restricción,"-32.9426528, -60.6387307",['Mitre 500'],1,Mitre 500,-32.9426528,-60.6387307,55.0,538.0,Municipio Rosario,Municipio,Rosario,820210,Servicio de Catastro e Información Territorial,IGN
2013,4797,2013-04-08,Lunes,0.0,00:20:00,,0.0,2,"Automóvil,Automóvil",Bv. Avellaneda Y Pedro Tuella Bis,2,1,0,0,1,0,0,,Calle,,ROSARIO,Rosario,Asfalto,S/D,II,Dentro,Urbana,Semáforo,S/D,Intersección,Bueno,S/D,S/D,Buen Tiempo,Lateral,S/D,Colisión,S/D,Horizontal,Cordón divisorio,Sin restricción,POINT (-60.673091 -32.91535919999999),"['Avellaneda', 'Tuella']",2,Bulevar Nicolás Avellaneda; Tuella,-32.91535919999999,-60.673091,55.0,538.0,Municipio Rosario,Municipio,Rosario,820210,Servicio de Catastro e Información Territorial,IGN
2013,4800,2013-04-12,Viernes,0.0,13:30:00,,0.0,2,"Automóvil,Automóvil",Zelaya Y Palestina,2,1,0,0,1,0,0,,Calle,,ROSARIO,Rosario,Asfalto,No existe,II,Dentro,Urbana,Ninguna,No existe,Intersección,Bueno,Buena,Diurna,Buen Tiempo,Lateral,S/D,Colisión,S/D,S/D,S/D,Sin restricción,POINT (-60.698076500000006 -32.8855968),"['Zelaya', 'Palestina']",2,Zelaya; Palestina,-32.8855968,-60.698076500000006,55.0,538.0,Municipio Rosario,Municipio,Rosario,820210,Servicio de Catastro e Información Territorial,IGN
2013,4808,2013-04-21,Domingo,0.0,,,0.0,3,"Automóvil,Automóvil,Automóvil",Mendoza Y Bv. Avellaneda,5,4,0,0,1,0,0,,Avenida,,ROSARIO,Rosario,Asfalto,S/D,II,Dentro,Urbana,S/D,S/D,Intersección,S/D,S/D,S/D,S/D,Múltiple,S/D,Colisión,S/D,S/D,Cordón divisorio,S/D,POINT (-60.680421100000004 -32.94423964999999),"['Mendoza', 'Avellaneda']",2,Mendoza; Bulevar Nicolás Avellaneda,-32.94423964999999,-60.6804211,55.0,538.0,Municipio Rosario,Municipio,Rosario,820210,Servicio de Catastro e Información Territorial,IGN
2013,4809,2013-04-22,Lunes,0.0,,,0.0,2,"Moto/Ciclomotor,Automóvil",Av. Pellegrini Y Alsina,3,2,0,0,1,0,0,,Avenida,,ROSARIO,Rosario,Asfalto,S/D,II,Dentro,Urbana,S/D,S/D,Intersección,S/D,S/D,S/D,S/D,S/D,S/D,Colisión,S/D,S/D,Cordón divisorio,S/D,POINT (-60.67913495 -32.950431099999996),"['Pellegrini', 'Alsina']",2,Avenida Carlos Pellegrini; Alsina,-32.9504311,-60.67913495,55.0,538.0,Municipio Rosario,Municipio,Rosario,820210,Servicio de Catastro e Información Territorial,IGN
2013,4811,2013-04-22,Lunes,0.0,11:30:00,,0.0,2,"Taxi/Remis,Moto/Ciclomotor",Cordoba Y Callao,3,2,0,0,1,0,0,,Calle,,ROSARIO,Rosario,Asfalto,S/D,II,Dentro,Urbana,S/D,S/D,Intersección,S/D,S/D,S/D,S/D,S/D,S/D,Colisión,S/D,S/D,Cordón divisorio,S/D,POINT (-60.6601292 -32.94251589999998),"['Córdoba', 'Callao']",2,Córdoba; Callao,-32.94251589999998,-60.6601292,55.0,538.0,Municipio Rosario,Municipio,Rosario,820210,Servicio de Catastro e Información Territorial,IGN
2013,4864,2013-04-22,Lunes,0.0,17:30:00,,0.0,2,"Automóvil,Automóvil",Servando Bayo Y 3 De Febrero,2,1,0,0,1,0,0,,Calle,,ROSARIO,Rosario,Asfalto,S/D,II,Dentro,Urbana,S/D,S/D,Intersección,S/D,S/D,S/D,S/D,S/D,S/D,Colisión,S/D,S/D,Cordón divisorio,S/D,POINT (-60.6861593 -32.94447589999999),"['Servando Bayo', '3 de Febrero']",2,Servando Bayo; 3 de Febrero,-32.94447589999999,-60.6861593,55.0,538.0,Municipio Rosario,Municipio,Rosario,820210,Servicio de Catastro e Información Territorial,IGN
2013,4868,2013-04-18,Jueves,0.0,12:40:00,,0.0,3,"Taxi/Remis,Automóvil,Automóvil",Santiago Y 3 De Febrero,3,1,0,0,2,0,0,,Calle,,ROSARIO,Rosario,Asfalto,S/D,II,Dentro,Urbana,S/D,S/D,Intersección,S/D,S/D,S/D,S/D,S/D,S/D,Colisión,S/D,S/D,Cordón divisorio,S/D,POINT (-60.6576192 -32.9496077),"['Santiago', '3 de Febrero']",2,Santiago; 3 de Febrero,-32.9496077,-60.6576192,55.0,538.0,Municipio Rosario,Municipio,Rosario,820210,Servicio de Catastro e Información Territorial,IGN
2013,4874,2013-04-05,Viernes,0.0,12:00:00,,0.0,2,"Automóvil,Automóvil",Santiago 200,2,1,0,0,1,0,0,,Calle,,ROSARIO,Rosario,Asfalto,S/D,II,Dentro,Urbana,S/D,S/D,Intersección,S/D,S/D,S/D,S/D,S/D,S/D,Colisión,S/D,S/D,Cordón divisorio,S/D,"-32.9361003, -60.6542527",['Santiago 200'],1,Santiago 200,-32.9361003,-60.6542527,55.0,538.0,Municipio Rosario,Municipio,Rosario,820210,Servicio de Catastro e Información Territorial,IGN
2013,4876,2013-04-22,Lunes,0.0,22:00:00,,0.0,2,"Automóvil,Moto/Ciclomotor",Lavalle Y 3 De Febrero,2,1,0,0,1,0,0,,Calle,,ROSARIO,Rosario,Asfalto,S/D,II,Dentro,Urbana,S/D,S/D,Intersección,S/D,S/D,S/D,S/D,S/D,S/D,Colisión,S/D,S/D,Cordón divisorio,S/D,POINT (-60.6793582 -32.94569909999999),"['Lavalle', '3 de Febrero']",2,Lavalle; 3 de Febrero,-32.94569909999999,-60.6793582,55.0,538.0,Municipio Rosario,Municipio,Rosario,820210,Servicio de Catastro e Información Territorial,IGN
2013,4877,2013-04-22,Lunes,0.0,11:00:00,,0.0,2,"Bicicleta,Automóvil",San Lorenzo Y Pueyrredon,2,1,0,0,1,0,0,,Calle,,ROSARIO,Rosario,Asfalto,S/D,II,Dentro,Urbana,S/D,S/D,Intersección,S/D,S/D,S/D,S/D,S/D,S/D,Atropello,S/D,S/D,Cordón divisorio,S/D,POINT (-60.656784 -32.94068089999999),"['San Lorenzo', 'Pueyrredón']",2,San Lorenzo; Pueyrredón,-32.94068089999999,-60.656784,55.0,538.0,Municipio Rosario,Municipio,Rosario,820210,Servicio de Catastro e Información Territorial,IGN
2013,4892,2013-03-17,Domingo,0.0,,,0.0,1,Otros,J.J.Paso 2076,1,0,0,0,0,1,0,,Calle,,ROSARIO,Rosario,S/D,No existe,II,S/D,Urbana,S/D,No existe,Recta,S/D,S/D,S/D,S/D,S/D,S/D,S/D,S/D,S/D,Ninguna,S/D,"-32.9192656, -60.6897257",['Juan José Paso 2076'],1,Juan José Paso 2076,-32.9192656,-60.6897257,55.0,538.0,Municipio Rosario,Municipio,Rosario,820210,Servicio de Catastro e Información Territorial,IGN
2013,4895,2013-04-24,Miercoles,0.0,11:45:00,,0.0,2,"Moto/Ciclomotor,Moto/Ciclomotor",San Juan Y Rodriguez,3,1,0,0,2,0,0,,Calle,,ROSARIO,Rosario,Asfalto,S/D,II,Dentro,Urbana,S/D,S/D,Intersección,S/D,S/D,S/D,S/D,S/D,S/D,Colisión,S/D,S/D,Cordón divisorio,S/D,POINT (-60.659640800000005 -32.946484099999985),"['San Juan', 'Rodríguez']",2,San Juan; Rodríguez de Escobedo,-32.946484099999985,-60.659640800000005,55.0,538.0,Municipio Rosario,Municipio,Rosario,820210,Servicio de Catastro e Información Territorial,IGN
2013,4901,2013-04-25,Jueves,0.0,16:00:00,,0.0,2,"Automóvil,Moto/Ciclomotor",Rioja Y Pueyrredon,2,1,0,0,1,0,0,,Calle,,ROSARIO,Rosario,Asfalto,S/D,II,Dentro,Urbana,S/D,S/D,Intersección,S/D,S/D,S/D,S/D,S/D,S/D,Colisión,S/D,S/D,Cordón divisorio,S/D,POINT (-60.6576513 -32.944126799999985),"['Rioja', 'Pueyrredón']",2,Rioja; Pueyrredón,-32.944126799999985,-60.6576513,55.0,538.0,Municipio Rosario,Municipio,Rosario,820210,Servicio de Catastro e Información Territorial,IGN
2013,4903,2013-04-25,Jueves,0.0,12:45:00,,0.0,3,"Automóvil,Moto/Ciclomotor,Automóvil",San Nicolas Y Av. Pellegrini,3,1,0,0,1,0,1,,Calle,,ROSARIO,Rosario,Asfalto,S/D,II,Dentro,Urbana,S/D,S/D,Intersección,S/D,S/D,S/D,S/D,S/D,S/D,Colisión,S/D,S/D,Cordón divisorio,S/D,POINT (-60.6750562 -32.95116189999999),"['San Nicolás', 'Pellegrini']",2,"('San Nicolás', 'Avenida Carlos Pellegrini')",-32.95116189999999,-60.6750562,55.0,538.0,Municipio Rosario,Municipio,Rosario,820210,Servicio de Catastro e Información Territorial,IGN
2013,4905,2013-04-23,Martes,0.0,11:30:00,,0.0,2,"Moto/Ciclomotor,Automóvil",Av. Pellegrini Y Vera Mujica,2,1,0,0,1,0,0,,Avenida,,ROSARIO,Rosario,Asfalto,S/D,II,Dentro,Urbana,S/D,S/D,Intersección,S/D,S/D,S/D,S/D,S/D,S/D,Colisión,S/D,S/D,Cordón divisorio,S/D,POINT (-60.6696235 -32.952139450000004),"['Pellegrini', 'Vera Mujíca']",2,Avenida Carlos Pellegrini; Vera Mujíca,-32.952139450000004,-60.6696235,55.0,538.0,Municipio Rosario,Municipio,Rosario,820210,Servicio de Catastro e Información Territorial,IGN
2013,4910,2013-04-26,Viernes,0.0,,,0.0,2,"Automóvil,Automóvil",Cochabamba Y Pascual Rosas,3,2,0,0,1,0,0,,Calle,,ROSARIO,Rosario,Asfalto,No existe,II,Dentro,Urbana,Policía de tránsito,No existe,Curva,Bueno,Buena,S/D,Buen Tiempo,Otro,S/D,Colisión,Otro,S/D,S/D,Sin restricción,POINT (-60.68898039999999 -32.94988229999999),"['Cochabamba', 'Pascual Rosas']",2,Cochabamba; Pascual Rosas,-32.94988229999999,-60.68898039999999,55.0,538.0,Municipio Rosario,Municipio,Rosario,820210,Servicio de Catastro e Información Territorial,IGN
2013,4911,2013-04-23,Martes,0.0,14:00:00,,0.0,2,"Bicicleta,Automóvil",Av. Ovidio Lagos 1400,2,1,0,0,1,0,0,,Avenida,,ROSARIO,Rosario,Asfalto,S/D,II,Dentro,Urbana,S/D,S/D,Intersección,S/D,S/D,S/D,S/D,S/D,S/D,Atropello,S/D,S/D,Cordón divisorio,S/D,"-32.9496188, -60.6633774",['Ovidio Lagos 1400'],1,Ovidio Lagos 1400,-32.9496188,-60.6633774,55.0,538.0,Municipio Rosario,Municipio,Rosario,820210,Servicio de Catastro e Información Territorial,IGN
2013,4913,2013-04-17,Miercoles,0.0,,,0.0,2,"Moto/Ciclomotor,Bicicleta",Bv. Avellaneda 2860,2,1,0,0,1,0,0,,Avenida,,ROSARIO,Rosario,Asfalto,S/D,II,Dentro,Urbana,Otra Señal,No existe,Intersección,Bueno,Buena,S/D,Buen Tiempo,Otro,S/D,Atropello,Otro,S/D,S/D,Sin restricción,"-32.963180359183674, -60.68543215510204",['Avellaneda 2860'],1,Avellaneda 2860,-32.963180359183674,-60.68543215510204,55.0,538.0,Municipio Rosario,Municipio,Rosario,820210,Servicio de Catastro e Información Territorial,IGN
2013,4933,2013-04-17,Miercoles,0.0,17:20:00,,0.0,2,"Automóvil,Moto/Ciclomotor",Castellanos Y Viamonte,3,1,0,0,2,0,0,,Calle,,ROSARIO,Rosario,Asfalto,Pavimento,II,Dentro,Urbana,Otra Señal,No existe,Intersección,Bueno,Buena,Atardecer,Buen Tiempo,Frontal,S/D,Colisión,S/D,S/D,S/D,Sin restricción,POINT (-60.6798018 -32.9587097),"['Aaron Castellanos', 'Viamonte']",2,Aaron Castellanos; Viamonte,-32.9587097,-60.6798018,55.0,538.0,Municipio Rosario,Municipio,Rosario,820210,Servicio de Catastro e Información Territorial,IGN
2013,4954,2013-04-01,Lunes,0.0,18:30:00,,0.0,2,"Automóvil,Moto/Ciclomotor",Alsina Y Cochabamba,2,1,0,0,1,0,0,,Calle,,ROSARIO,Rosario,Asfalto,S/D,II,Dentro,Urbana,Otra Señal,No existe,Intersección,Bueno,Buena,Atardecer,Buen Tiempo,Otro,S/D,Otro,S/D,S/D,S/D,Sin restricción,POINT (-60.67942969999999 -32.9515954),"['Alsina', 'Cochabamba']",2,Alsina; Cochabamba,-32.9515954,-60.67942969999999,55.0,538.0,Municipio Rosario,Municipio,Rosario,820210,Servicio de Catastro e Información Territorial,IGN
2013,5008,2013-04-06,Sabado,0.0,18:15:00,,0.0,2,"Bicicleta,Automóvil",Darragueira Y Superi,2,1,0,0,1,0,0,,Calle,,ROSARIO,Rosario,Asfalto,No existe,II,Dentro,Urbana,Ninguna,No existe,Intersección,Bueno,Buena,Diurna,Buen Tiempo,Lateral,S/D,Atropello,S/D,Faltante,Ninguna,Sin restricción,POINT (-60.695001399999995 -32.8947943),"['José Darragueira', 'Superi']",2,José Darragueira; Comandante José Superí,-32.8947943,-60.6950014,55.0,538.0,Municipio Rosario,Municipio,Rosario,820210,Servicio de Catastro e Información Territorial,IGN
2013,5013,2013-04-19,Viernes,0.0,11:50:00,,0.0,2,"Bicicleta,Automóvil",San Juan Y Callao,2,1,0,0,1,0,0,,Calle,,ROSARIO,Rosario,Asfalto,S/D,II,Dentro,Urbana,S/D,S/D,Intersección,S/D,S/D,S/D,S/D,S/D,S/D,Atropello,S/D,S/D,Cordón divisorio,S/D,POINT (-60.661054400000005 -32.9462311),"['San Juan', 'Callao']",2,San Juan; Callao,-32.9462311,-60.661054400000005,55.0,538.0,Municipio Rosario,Municipio,Rosario,820210,Servicio de Catastro e Información Territorial,IGN
2013,5024,2013-04-17,Miercoles,0.0,,,0.0,2,"Automóvil,Moto/Ciclomotor",Castellanos Y Viamonte,2,1,0,0,1,0,0,,Calle,,ROSARIO,Rosario,S/D,S/D,II,Dentro,Urbana,Otra Señal,No existe,Recta,Bueno,Buena,S/D,Buen Tiempo,S/D,S/D,Colisión,Otro,S/D,S/D,Sin restricción,POINT (-60.6798018 -32.9587097),"['Aaron Castellanos', 'Viamonte']",2,Aaron Castellanos; Viamonte,-32.9587097,-60.6798018,55.0,538.0,Municipio Rosario,Municipio,Rosario,820210,Servicio de Catastro e Información Territorial,IGN
2013,5030,2013-04-19,Viernes,0.0,10:00:00,,0.0,2,"Automóvil,Automóvil",Vera Mujica Y Montevideo,2,1,0,0,1,0,0,,Calle,,ROSARIO,Rosario,Asfalto,S/D,II,Dentro,Urbana,S/D,S/D,Intersección,S/D,S/D,S/D,S/D,S/D,S/D,Colisión,S/D,S/D,S/D,S/D,POINT (-60.6693572 -32.95101059999999),"['Vera Mujíca', 'Montevideo']",2,Vera Mujíca; Montevideo,-32.95101059999999,-60.6693572,55.0,538.0,Municipio Rosario,Municipio,Rosario,820210,Servicio de Catastro e Información Territorial,IGN
2013,5033,2013-04-07,Domingo,0.0,13:00:00,,0.0,2,"Automóvil,Automóvil",Montevideo Y Servando Bayo,5,4,0,0,1,0,0,,Calle,,ROSARIO,Rosario,Asfalto,S/D,II,Dentro,Urbana,S/D,S/D,Intersección,S/D,S/D,S/D,S/D,S/D,S/D,Colisión,S/D,S/D,S/D,S/D,POINT (-60.6870051 -32.9478573),"['Montevideo', 'Servando Bayo']",2,Montevideo; Servando Bayo,-32.9478573,-60.6870051,55.0,538.0,Municipio Rosario,Municipio,Rosario,820210,Servicio de Catastro e Información Territorial,IGN
2013,5034,2013-04-01,Lunes,0.0,16:10:00,,0.0,2,"Automóvil,Moto/Ciclomotor",Zelaya Y Baigorria,2,1,0,0,1,0,0,,Calle,,ROSARIO,Rosario,Asfalto,No existe,II,Dentro,Urbana,S/D,No existe,Intersección,Bueno,Buena,Diurna,Buen Tiempo,Lateral,S/D,Colisión,S/D,Vertical,S/D,Sin restricción,POINT (-60.69689309999999 -32.8923404),"['Zelaya', 'Baigorria']",2,Zelaya; Baigorria,-32.8923404,-60.69689309999999,55.0,538.0,Municipio Rosario,Municipio,Rosario,820210,Servicio de Catastro e Información Territorial,IGN
2013,5035,2013-04-20,Sabado,0.0,18:15:00,,0.0,2,"Peatón,Moto/Ciclomotor",Tte.Agneta Y Pje. Einstein,2,1,0,0,1,0,0,,Calle,,ROSARIO,Rosario,Asfalto,No existe,II,Dentro,Urbana,Ninguna,No existe,Intersección,Bueno,Buena,Atardecer,S/D,S/D,S/D,Atropello,S/D,Faltante,Ninguna,Sin restricción,POINT (-60.7004369 -32.92455619999999),"['Teniente Agneta', 'Einstein']",2,Teniente Agneta; Albert Einstein,-32.92455619999999,-60.7004369,55.0,538.0,Municipio Rosario,Municipio,Rosario,820210,Servicio de Catastro e Información Territorial,IGN
2013,5037,2013-04-20,Sabado,0.0,16:00:00,,0.0,2,"Moto/Ciclomotor,Automóvil",Urquiza Y Garzon,2,1,0,0,1,0,0,,Calle,,ROSARIO,Rosario,Asfalto,No existe,II,Dentro,Urbana,Ninguna,No existe,Intersección,Bueno,Buena,Diurna,S/D,Lateral,S/D,Colisión,S/D,Faltante,Ninguna,Sin restricción,POINT (-60.705997 -32.9332447),"['Urquiza', 'Garzón']",2,Justo José de Urquiza; Garzón,-32.9332447,-60.705997,55.0,538.0,Municipio Rosario,Municipio,Rosario,820210,Servicio de Catastro e Información Territorial,IGN
2013,5042,2013-04-19,Viernes,0.0,09:00:00,,0.0,2,"Taxi/Remis,Automóvil",Ricchieri 1000,2,1,0,0,1,0,0,,Calle,,ROSARIO,Rosario,Asfalto,S/D,II,Dentro,Urbana,S/D,S/D,Intersección,S/D,S/D,S/D,S/D,S/D,S/D,Colisión,S/D,S/D,S/D,S/D,"-32.9445059, -60.66354",['Ricchieri 1000'],1,Ricchieri 1000,-32.9445059,-60.66354,55.0,538.0,Municipio Rosario,Municipio,Rosario,820210,Servicio de Catastro e Información Territorial,IGN
2013,5049,2013-04-19,Viernes,0.0,09:00:00,,0.0,2,"Taxi/Remis,Automóvil",Ricchieri 1000,2,1,0,0,1,0,0,,Calle,,ROSARIO,Rosario,Asfalto,S/D,II,Dentro,Urbana,S/D,S/D,Intersección,S/D,S/D,S/D,S/D,S/D,S/D,Colisión,S/D,S/D,S/D,S/D,"-32.9445059, -60.66354",['Ricchieri 1000'],1,Ricchieri 1000,-32.9445059,-60.66354,55.0,538.0,Municipio Rosario,Municipio,Rosario,820210,Servicio de Catastro e Información Territorial,IGN
2013,5050,2013-04-21,Domingo,0.0,,,0.0,2,"Automóvil,Bicicleta",Cordoba Y San Nicolas,2,1,0,0,1,0,0,,Calle,,ROSARIO,Rosario,Asfalto,S/D,II,Dentro,Urbana,S/D,S/D,Intersección,S/D,S/D,S/D,S/D,S/D,S/D,Atropello,S/D,S/D,S/D,S/D,POINT (-60.67232460000001 -32.9403107),"['Córdoba', 'San Nicolás']",2,Córdoba; San Nicolás,-32.9403107,-60.67232460000001,55.0,538.0,Municipio Rosario,Municipio,Rosario,820210,Servicio de Catastro e Información Territorial,IGN
2013,5079,2013-04-26,Viernes,0.0,,,0.0,2,"Automóvil,Moto/Ciclomotor",Rodriguez Y San Luis,2,1,0,0,1,0,0,,Calle,,ROSARIO,Rosario,Asfalto,S/D,II,Dentro,Urbana,S/D,S/D,Intersección,S/D,S/D,S/D,S/D,S/D,S/D,Colisión,S/D,S/D,S/D,S/D,POINT (-60.6593596 -32.9453712),"['Rodríguez', 'San Luis']",2,Rodríguez de Escobedo; San Luis,-32.9453712,-60.6593596,55.0,538.0,Municipio Rosario,Municipio,Rosario,820210,Servicio de Catastro e Información Territorial,IGN
2013,5088,2013-04-18,Jueves,0.0,12:30:00,,0.0,2,"Bicicleta,Automóvil",Alsina Y 3 De Febrero,2,1,0,0,1,0,0,,Calle,,ROSARIO,Rosario,Asfalto,S/D,II,Dentro,Urbana,S/D,S/D,Intersección,S/D,S/D,S/D,S/D,S/D,S/D,Atropello,S/D,S/D,S/D,S/D,POINT (-60.6779986 -32.94594320000001),"['Alsina', '3 de Febrero']",2,Alsina; 3 de Febrero,-32.94594320000001,-60.6779986,55.0,538.0,Municipio Rosario,Municipio,Rosario,820210,Servicio de Catastro e Información Territorial,IGN
2013,5094,2013-04-11,Jueves,0.0,12:00:00,,0.0,2,"Moto/Ciclomotor,Automóvil",Guemes Y Mariano Moreno,2,1,0,0,1,0,0,,Calle,,ROSARIO,Rosario,Asfalto,No existe,II,Dentro,Urbana,Ninguna,No existe,Intersección,Bueno,Buena,Diurna,Buen Tiempo,Frontal,S/D,Colisión,S/D,Faltante,Ninguna,Sin restricción,POINT (-60.6479537 -32.93373479999999),"['Güemes', 'Mariano Moreno']",2,Güemes; Mariano Moreno,-32.93373479999999,-60.6479537,55.0,538.0,Municipio Rosario,Municipio,Rosario,820210,Servicio de Catastro e Información Territorial,IGN
2013,5095,2013-04-10,Miercoles,0.0,18:00:00,,0.0,2,"Automóvil,Automóvil",Salta Y Av. Corrientes,2,1,0,0,1,0,0,,Calle,,ROSARIO,Rosario,Asfalto,No existe,II,Dentro,Urbana,Semáforo,Funciona,Intersección,Bueno,Buena,Diurna,Buen Tiempo,De alcance,S/D,Colisión,S/D,Vertical,Ninguna,Sin restricción,POINT (-60.64058790000001 -32.9387076),"['Salta', 'Corrientes']",2,Salta; Corrientes,-32.9387076,-60.64058790000001,55.0,538.0,Municipio Rosario,Municipio,Rosario,820210,Servicio de Catastro e Información Territorial,IGN
2013,5111,2013-04-08,Lunes,0.0,12:30:00,,0.0,2,"Automóvil,Peatón",Santa Fe Y Av. Corrientes,2,1,0,0,1,0,0,,Calle,,ROSARIO,Rosario,Asfalto,No existe,II,Dentro,Urbana,Semáforo,Funciona,Intersección,Bueno,Buena,Diurna,Buen Tiempo,Otro,S/D,Atropello,S/D,Vertical,Ninguna,Sin restricción,POINT (-60.6420191 -32.9443578),"['Santa Fe', 'Corrientes']",2,Santa Fe; Corrientes,-32.9443578,-60.6420191,55.0,538.0,Municipio Rosario,Municipio,Rosario,820210,Servicio de Catastro e Información Territorial,IGN
2013,5117,2013-04-01,Lunes,0.0,03:30:00,,0.0,2,"Automóvil,Automóvil",Santa Fe Y Av. Corrientes,2,1,0,0,0,0,1,,Calle,,ROSARIO,Rosario,Asfalto,No existe,II,Dentro,Urbana,Semáforo,Funciona,Intersección,Bueno,Buena,"Nocturna,Con luz artificial",Buen Tiempo,De alcance,S/D,Colisión,S/D,Vertical,Ninguna,Sin restricción,POINT (-60.6420191 -32.9443578),"['Santa Fe', 'Corrientes']",2,Santa Fe; Corrientes,-32.9443578,-60.6420191,55.0,538.0,Municipio Rosario,Municipio,Rosario,820210,Servicio de Catastro e Información Territorial,IGN
2013,5123,2013-04-09,Martes,0.0,11:20:00,,0.0,2,"Moto/Ciclomotor,Automóvil",Dorrego Y Mendoza,2,1,0,0,1,0,0,,Calle,,ROSARIO,Rosario,Asfalto,S/D,II,S/D,Urbana,S/D,S/D,Intersección,S/D,S/D,Diurna,S/D,Lateral,S/D,Colisión,S/D,S/D,S/D,S/D,POINT (-60.6504762 -32.949572799999984),"['Dorrego', 'Mendoza']",2,Manuel Dorrego; Mendoza,-32.949572799999984,-60.6504762,55.0,538.0,Municipio Rosario,Municipio,Rosario,820210,Servicio de Catastro e Información Territorial,IGN
2013,5125,2013-04-11,Jueves,0.0,14:30:00,,0.0,2,"Peatón,Taxi/Remis",Italia Y San Luis,2,1,0,0,1,0,0,,Calle,,ROSARIO,Rosario,Asfalto,S/D,II,S/D,Urbana,S/D,S/D,Intersección,S/D,S/D,Diurna,S/D,Otro,S/D,Atropello,S/D,S/D,S/D,S/D,POINT (-60.648517399999996 -32.9472927),"['Italia', 'San Luis']",2,Italia; San Luis,-32.9472927,-60.6485174,55.0,538.0,Municipio Rosario,Municipio,Rosario,820210,Servicio de Catastro e Información Territorial,IGN
2013,5128,2013-04-11,Jueves,0.0,17:50:00,,0.0,2,"Automóvil,Automóvil",San Luis 1800,2,1,0,0,1,0,0,,Calle,,ROSARIO,Rosario,Asfalto,S/D,II,S/D,Urbana,S/D,S/D,Recta,S/D,S/D,Diurna,S/D,Otro,S/D,Colisión,S/D,S/D,S/D,S/D,"-32.9472666, -60.6484086",['San Luis 1800'],1,San Luis 1800,-32.9472666,-60.6484086,55.0,538.0,Municipio Rosario,Municipio,Rosario,820210,Servicio de Catastro e Información Territorial,IGN
2013,5134,2013-04-06,Sabado,0.0,15:30:00,,0.0,3,"Automóvil,Automóvil,Automóvil",Av. Pellegrini Y Paraguay,3,2,0,0,1,0,0,,Avenida,,ROSARIO,Rosario,Asfalto,S/D,II,S/D,Urbana,S/D,Funciona,Intersección,S/D,S/D,Diurna,S/D,Múltiple,S/D,Colisión,S/D,S/D,S/D,S/D,POINT (-60.64646545 -32.95630334999999),"['Pellegrini', 'Paraguay']",2,Avenida Carlos Pellegrini; Paraguay,-32.95630334999999,-60.64646545,55.0,538.0,Municipio Rosario,Municipio,Rosario,820210,Servicio de Catastro e Información Territorial,IGN
2013,5136,2013-04-16,Martes,0.0,07:45:00,,0.0,1,Moto/Ciclomotor,Mendoza 7400,1,1,0,0,0,0,0,,Calle,,ROSARIO,Rosario,Asfalto,Pavimento,II,Dentro,Urbana,Ninguna,Funciona,Curva,Bueno,Buena,Diurna,Buen Tiempo,Otro,S/D,Vuelco,S/D,S/D,Cordón divisorio,Sin restricción,"-32.9403905, -60.7161056",['Mendoza 7400'],1,Mendoza 7400,-32.9403905,-60.7161056,55.0,538.0,Municipio Rosario,Municipio,Rosario,820210,Servicio de Catastro e Información Territorial,IGN
2013,5138,2013-04-17,Miercoles,0.0,12:30:00,,0.0,2,"Automóvil,Peatón",Donado 7600,2,1,0,0,0,0,1,,Calle,,ROSARIO,Rosario,Asfalto,No existe,II,Dentro,Urbana,Ninguna,No existe,Recta,Bueno,Buena,Diurna,Buen Tiempo,S/D,S/D,Atropello,S/D,Faltante,Cordón divisorio,Sin restricción,"-32.9111262, -60.7283674",['Donado 7600'],1,Donado 7600,-32.9111262,-60.7283674,55.0,538.0,Municipio Rosario,Municipio,Rosario,820210,Servicio de Catastro e Información Territorial,IGN
2013,5139,2013-04-05,Viernes,0.0,11:00:00,,0.0,3,"Peatón,Automóvil,Automóvil",San Luis Y Balcarce,3,1,0,0,2,0,0,,S/D,,ROSARIO,Rosario,Asfalto,S/D,II,S/D,Urbana,S/D,S/D,Intersección,S/D,S/D,S/D,S/D,Múltiple,S/D,"Colisión,Atropello",S/D,S/D,S/D,S/D,POINT (-60.652571800000004 -32.9465716),"['San Luis', 'Balcarce']",2,San Luis; Balcarce,-32.9465716,-60.6525718,55.0,538.0,Municipio Rosario,Municipio,Rosario,820210,Servicio de Catastro e Información Territorial,IGN