anio_acci,nro_acci,fecha,desc_dia,fecha_aprox,hora_aprox,desc_ruta,km,cant_participantes,desc_participante,calle_avenida_km,total,heridos_leves,heridos_graves,heridos_gravisimos,ilesos,fallecidos,sin_datos,posicion_XY,desc_tipo_via,desc_ruta_ori,desc_loc,desc_dpto,desc_tipo_calzada,desc_tipo_banquina,desc_unidad_regional,desc_lugar_calzada,desc_zona,desc_prioridad,desc_estado_semaforo,desc_lugar_via,desc_estado_via,desc_estado_visibilidad,desc_luminosidad,desc_estado_clima,desc_tipo_colision,desc_tipo_atropello,desc_tipo_hecho,desc_pres_calzada,desc_senializacion,desc_separacion_via,desc_restriccion,forma_geocod,calle_lista,numero_calles,calles_osm,lat,lon,index_right,gid,fna,gna,nam,in1,fdc,sag
2013,5141,2013-04-16,Martes,0.0,08:10:00,,0.0,2,"Taxi/Remis,Moto/Ciclomotor",Tarragona Y Navarro,2,1,0,0,1,0,0,,Calle,,ROSARIO,Rosario,Asfalto,Pavimento,II,Dentro,Urbana,Ninguna,No existe,Intersección,Bueno,Buena,Diurna,Buen Tiempo,De alcance,S/D,Colisión,S/D,S/D,Ninguna,Sin restricción,POINT (-60.7343677 -32.93209079999999),"['Tarragona', 'Navarro']",2,Tarragona; Navarro,-32.93209079999999,-60.7343677,55.0,538.0,Municipio Rosario,Municipio,Rosario,820210,Servicio de Catastro e Información Territorial,IGN
2013,5142,2013-04-22,Lunes,0.0,06:40:00,,0.0,2,"Moto/Ciclomotor,Moto/Ciclomotor",Av. Provincias Unidas Y Casilda,2,2,0,0,0,0,0,,Avenida,,ROSARIO,Rosario,Asfalto,Pavimento,II,Dentro,Urbana,Ninguna,No existe,Intersección,Bueno,Buena,Amanecer,Buen Tiempo,De alcance,S/D,Colisión,S/D,S/D,Cordón divisorio,Sin restricción,POINT (-60.7131324 -32.92948909999999),"['Avenida Provincias Unidas', 'Casilda']",2,Avenida Provincias Unidas; Casilda,-32.92948909999999,-60.7131324,55.0,538.0,Municipio Rosario,Municipio,Rosario,820210,Servicio de Catastro e Información Territorial,IGN
2013,5143,2013-04-26,Viernes,0.0,21:45:00,,0.0,2,"Pickup/Utilitario,Peatón",Donado 500 B,2,1,0,0,1,0,0,,Calle,,ROSARIO,Rosario,Asfalto,Pavimento,II,Dentro,Urbana,Ninguna,No existe,Recta,Bueno,Buena,Nocturna,Buen Tiempo,Otro,S/D,Atropello,S/D,S/D,Ninguna,Sin restricción,"-32.9111262, -60.7283674",['Donado 500 B'],1,Donado 500 B,-32.9111262,-60.7283674,55.0,538.0,Municipio Rosario,Municipio,Rosario,820210,Servicio de Catastro e Información Territorial,IGN
2013,5144,2013-04-04,Jueves,0.0,09:00:00,,0.0,2,"Moto/Ciclomotor,Taxi/Remis",San Martin Y E.Zeballos,2,1,0,0,1,0,0,,Calle,,ROSARIO,Rosario,Asfalto,S/D,II,S/D,Urbana,S/D,S/D,Intersección,S/D,S/D,Diurna,S/D,Otro,S/D,Colisión,S/D,S/D,S/D,S/D,POINT (-60.638849300000004 -32.95529809999999),"['San Martin', 'Zeballos']",2,José de San Martín; Zeballos,-32.95529809999999,-60.6388493,55.0,538.0,Municipio Rosario,Municipio,Rosario,820210,Servicio de Catastro e Información Territorial,IGN
2013,5163,2013-04-15,Lunes,0.0,,,0.0,2,"Automóvil,Moto/Ciclomotor",Donado Y Bv. Argentino,3,1,0,0,2,0,0,,Avenida,,ROSARIO,Rosario,Asfalto,Pavimento,II,Dentro,Urbana,Ninguna,No existe,Intersección,Bueno,Buena,S/D,Buen Tiempo,De alcance,S/D,Colisión,S/D,S/D,Ninguna,Sin restricción,POINT (-60.7275987 -32.9241759),"['Donado', 'Argentino']",2,José Agustín Donado; Avenida Central Argentino,-32.9241759,-60.7275987,55.0,538.0,Municipio Rosario,Municipio,Rosario,820210,Servicio de Catastro e Información Territorial,IGN
2013,5166,2013-04-23,Martes,0.0,20:50:00,,0.0,2,"Moto/Ciclomotor,Moto/Ciclomotor",Gonzalez del Solar Y Schweitzer,3,3,0,0,0,0,0,,Calle,,ROSARIO,Rosario,S/D,S/D,II,Dentro,Urbana,S/D,S/D,S/D,S/D,Buena,Nocturna,S/D,S/D,S/D,Colisión,S/D,S/D,S/D,S/D,POINT (-60.7375836 -32.91386979999999),"['González del Solar', 'Albert Schweitzer']",2,González del Solar; Albert Schweitzer,-32.91386979999999,-60.7375836,55.0,538.0,Municipio Rosario,Municipio,Rosario,820210,Servicio de Catastro e Información Territorial,IGN
2013,5243,2013-04-17,Miercoles,0.0,,,0.0,2,"Moto/Ciclomotor,Camión",Pujato ,3,2,0,0,1,0,0,,Calle,,ROSARIO,Rosario,S/D,S/D,II,Dentro,Urbana,S/D,S/D,S/D,S/D,S/D,S/D,S/D,S/D,S/D,Colisión,S/D,S/D,S/D,S/D,"-32.9060577, -60.7277578",['Pujato'],1,Pujato,-32.9060577,-60.7277578,55.0,538.0,Municipio Rosario,Municipio,Rosario,820210,Servicio de Catastro e Información Territorial,IGN
2013,5245,2013-04-04,Jueves,0.0,13:00:00,,0.0,2,"Taxi/Remis,Automóvil",3 De Febrero Y Sarmiento,2,1,0,0,1,0,0,,Calle,,ROSARIO,Rosario,Asfalto,S/D,II,Dentro,Urbana,Ninguna,No existe,Intersección,S/D,S/D,Diurna,S/D,Otro,S/D,Colisión,S/D,S/D,S/D,Sin restricción,POINT (-60.63974480000001 -32.9527553),"['3 de Febrero', 'Sarmiento']",2,3 de Febrero; Sarmiento,-32.9527553,-60.63974480000001,55.0,538.0,Municipio Rosario,Municipio,Rosario,820210,Servicio de Catastro e Información Territorial,IGN
2013,5246,2013-04-04,Jueves,0.0,15:10:00,,0.0,2,"Moto/Ciclomotor,Automóvil",Sarmiento Y Rioja,2,1,0,0,1,0,0,,Calle,,ROSARIO,Rosario,Asfalto,S/D,II,Dentro,Urbana,S/D,S/D,Intersección,S/D,S/D,Diurna,S/D,Otro,S/D,Colisión,S/D,S/D,S/D,S/D,POINT (-60.63849449999999 -32.947679599999994),"['Sarmiento', 'Rioja']",2,Sarmiento; Rioja,-32.947679599999994,-60.63849449999999,55.0,538.0,Municipio Rosario,Municipio,Rosario,820210,Servicio de Catastro e Información Territorial,IGN
2013,5247,2013-04-04,Jueves,0.0,19:55:00,,0.0,2,"Peatón,Automóvil",Cordoba Y Dorrego,2,1,0,0,1,0,0,,Calle,,ROSARIO,Rosario,Asfalto,No existe,II,Dentro,Urbana,Ninguna,No existe,Intersección,Bueno,Buena,Nocturna,Buen Tiempo,S/D,S/D,Atropello,S/D,Horizontal,Ninguna,Sin restricción,POINT (-60.64918180000001 -32.94445519999999),"['Córdoba', 'Dorrego']",2,Córdoba; Manuel Dorrego,-32.94445519999999,-60.64918180000001,55.0,538.0,Municipio Rosario,Municipio,Rosario,820210,Servicio de Catastro e Información Territorial,IGN
2013,5274,2013-04-03,Miercoles,0.0,23:00:00,,0.0,2,"Moto/Ciclomotor,Automóvil",E.Zeballos Y Av. Corrientes,2,1,0,0,1,0,0,,Avenida,,ROSARIO,Rosario,Asfalto,S/D,II,Dentro,Urbana,S/D,S/D,Intersección,Bueno,S/D,Nocturna,S/D,Lateral,S/D,Colisión,S/D,S/D,S/D,S/D,POINT (-60.6444742 -32.95427719999999),"['Zeballos', 'Corrientes']",2,Zeballos; Corrientes,-32.95427719999999,-60.6444742,55.0,538.0,Municipio Rosario,Municipio,Rosario,820210,Servicio de Catastro e Información Territorial,IGN
2013,5275,2013-04-03,Miercoles,0.0,05:30:00,,0.0,2,"Moto/Ciclomotor,Automóvil",3 De Febrero Y Bv. Oroño,2,1,0,0,1,0,0,,Avenida,,ROSARIO,Rosario,Asfalto,No existe,II,Dentro,Urbana,S/D,S/D,Intersección,S/D,Buena,Nocturna,Buen Tiempo,Lateral,S/D,Colisión,S/D,S/D,Ninguna,Sin restricción,POINT (-60.654906749999995 -32.950095049999995),"['3 de Febrero', 'Bulevar Nicasio Oroño']",2,3 de Febrero; Bulevar Nicasio Oroño,-32.950095049999995,-60.65490675,55.0,538.0,Municipio Rosario,Municipio,Rosario,820210,Servicio de Catastro e Información Territorial,IGN
2013,5282,2013-04-05,Viernes,0.0,12:00:00,,0.0,2,"Peatón,Automóvil",Pte.Roca Y Santa Fe,2,1,0,0,1,0,0,,Calle,,ROSARIO,Rosario,Asfalto,No existe,II,Dentro,Urbana,Semáforo,Funciona,Intersección,Bueno,S/D,Diurna,S/D,Otro,S/D,Atropello,S/D,Vertical,"Ninguna,S/D",S/D,POINT (-60.644754 -32.9438641),"['Roca', 'Santa Fe']",2,Presidente Roca; Santa Fe,-32.9438641,-60.644754,55.0,538.0,Municipio Rosario,Municipio,Rosario,820210,Servicio de Catastro e Información Territorial,IGN
2013,5287,2013-04-08,Lunes,0.0,16:30:00,,0.0,2,"Moto/Ciclomotor,Automóvil",Pte.Roca Y E.Zeballos,2,1,0,0,1,0,0,,Calle,,ROSARIO,Rosario,Asfalto,S/D,II,Dentro,Urbana,S/D,S/D,Intersección,S/D,S/D,Diurna,S/D,Otro,S/D,Colisión,S/D,S/D,S/D,Sin restricción,POINT (-60.6472521 -32.9537729),"['Roca', 'Zeballos']",2,Presidente Roca; Zeballos,-32.9537729,-60.6472521,55.0,538.0,Municipio Rosario,Municipio,Rosario,820210,Servicio de Catastro e Información Territorial,IGN
2013,5288,2013-04-08,Lunes,0.0,21:30:00,,0.0,2,"Taxi/Remis,Automóvil",Av. Pellegrini Y Paraguay,2,1,0,0,1,0,0,,Avenida,,ROSARIO,Rosario,Asfalto,No existe,II,Dentro,Urbana,Semáforo,S/D,Intersección,Bueno,S/D,Nocturna,Buen Tiempo,Otro,S/D,Colisión,S/D,Vertical,Barrera de hormigón,Sin restricción,POINT (-60.64646545 -32.95630334999999),"['Pellegrini', 'Paraguay']",2,Avenida Carlos Pellegrini; Paraguay,-32.95630334999999,-60.64646545,55.0,538.0,Municipio Rosario,Municipio,Rosario,820210,Servicio de Catastro e Información Territorial,IGN
2013,5292,2013-04-06,Sabado,0.0,11:30:00,,0.0,2,"Automóvil,Pickup/Utilitario",Mendoza Y Alvear,2,1,0,0,1,0,0,,Calle,,ROSARIO,Rosario,Asfalto,No existe,II,Dentro,S/D,Ninguna,No existe,Intersección,Bueno,Buena,Diurna,Buen Tiempo,Otro,S/D,Colisión,S/D,Horizontal,Ninguna,Sin restricción,POINT (-60.6559491 -32.9485925),"['Mendoza', 'Alvear']",2,Mendoza; Alvear,-32.9485925,-60.6559491,55.0,538.0,Municipio Rosario,Municipio,Rosario,820210,Servicio de Catastro e Información Territorial,IGN
2013,5303,2013-04-11,Jueves,0.0,22:10:00,,0.0,2,"Pickup/Utilitario,Peatón",San Luis 800,2,1,0,0,1,0,0,,Calle,,ROSARIO,Rosario,Asfalto,S/D,II,Dentro,Urbana,S/D,S/D,Recta,Bueno,Buena,"Nocturna,Con luz artificial",Buen Tiempo,Otro,S/D,Atropello,S/D,S/D,Barrera de alto impacto,Sin restricción,"-32.9497608, -60.6344841",['San Luis 800'],1,San Luis 800,-32.9497608,-60.6344841,55.0,538.0,Municipio Rosario,Municipio,Rosario,820210,Servicio de Catastro e Información Territorial,IGN
2013,5305,2013-04-10,Miercoles,0.0,08:30:00,,0.0,3,"Automóvil,Automóvil,Automóvil",Av. Belgrano Y San Juan,3,1,0,0,2,0,0,,Avenida,,ROSARIO,Rosario,Asfalto,S/D,II,Dentro,Urbana,Semáforo,Funciona,Intersección,Bueno,Buena,Diurna,S/D,Múltiple,S/D,Colisión,S/D,S/D,Cordón divisorio,Sin restricción,POINT (-60.62691236666668 -32.952365066666665),"['Belgrano', 'San Juan']",2,Avenida Manuel Belgrano; San Juan,-32.952365066666665,-60.62691236666668,55.0,538.0,Municipio Rosario,Municipio,Rosario,820210,Servicio de Catastro e Información Territorial,IGN
2013,5351,2013-04-12,Viernes,0.0,16:05:00,,0.0,2,"Taxi/Remis,Automóvil",Montevideo 800,2,1,0,0,1,0,0,,Calle,,ROSARIO,Rosario,Asfalto,S/D,II,Dentro,Urbana,S/D,S/D,Recta,Bueno,S/D,Diurna,S/D,De alcance,S/D,Colisión,S/D,S/D,Barrera de alto impacto,Sin restricción,"-32.9567998, -60.6364839",['Montevideo 800'],1,Montevideo 800,-32.9567998,-60.6364839,55.0,538.0,Municipio Rosario,Municipio,Rosario,820210,Servicio de Catastro e Información Territorial,IGN
2013,5353,2013-04-10,Miercoles,0.0,09:45:00,,0.0,3,"Automóvil,Moto/Ciclomotor,Pickup/Utilitario",9 De Julio 300,3,1,0,0,2,0,0,,Calle,,ROSARIO,Rosario,Asfalto,No existe,II,Dentro,Urbana,S/D,No existe,Recta,Bueno,Buena,Diurna,Buen Tiempo,De alcance,S/D,Colisión,S/D,S/D,Cordón divisorio,Sin restricción,"-32.9558481, -60.6286782",['9 De Julio 300'],1,9 De Julio 300,-32.9558481,-60.6286782,55.0,538.0,Municipio Rosario,Municipio,Rosario,820210,Servicio de Catastro e Información Territorial,IGN
2013,5357,2013-04-10,Miercoles,0.0,08:40:00,,0.0,2,"Moto/Ciclomotor,Automóvil",Laprida Y 9 De Julio,2,1,0,0,1,0,0,,Calle,,ROSARIO,Rosario,Asfalto,S/D,II,Dentro,Urbana,Señal Pare,S/D,Intersección,Bueno,Buena,Diurna,S/D,Lateral,S/D,Colisión,S/D,S/D,Cordón divisorio,Sin restricción,POINT (-60.6360021 -32.9546257),"['Laprida', '9 de Julio']",2,Francisco Narciso Laprida; 9 de Julio,-32.9546257,-60.6360021,55.0,538.0,Municipio Rosario,Municipio,Rosario,820210,Servicio de Catastro e Información Territorial,IGN
2013,5362,2013-04-06,Sabado,0.0,13:30:00,,0.0,4,"Pickup/Utilitario,Automóvil,Automóvil,Automóvil",Montevideo 900,5,1,0,0,4,0,0,,Calle,,ROSARIO,Rosario,Asfalto,No existe,II,Dentro,Urbana,S/D,No existe,Recta,Bueno,Buena,Diurna,S/D,Múltiple,S/D,Colisión,S/D,Horizontal,Cordón divisorio,Sin restricción,"-32.956587, -60.6376854",['Montevideo 900'],1,Montevideo 900,-32.956587,-60.6376854,55.0,538.0,Municipio Rosario,Municipio,Rosario,820210,Servicio de Catastro e Información Territorial,IGN
2013,5382,2013-04-12,Viernes,0.0,15:00:00,,0.0,2,"Moto/Ciclomotor,Automóvil",3 De Febrero Y San Martin,3,2,0,0,1,0,0,,Calle,,ROSARIO,Rosario,Asfalto,S/D,II,Dentro,Urbana,S/D,S/D,Intersección,S/D,S/D,Diurna,Buen Tiempo,Otro,S/D,Colisión,S/D,S/D,Ninguna,Sin restricción,POINT (-60.63825700000001 -32.953026799999996),"['3 de Febrero', 'San Martin']",2,3 de Febrero; José de San Martín,-32.9530268,-60.63825700000001,55.0,538.0,Municipio Rosario,Municipio,Rosario,820210,Servicio de Catastro e Información Territorial,IGN
2013,5387,2013-04-26,Viernes,0.0,15:00:00,,0.0,2,"Automóvil,Automóvil",Mendoza Y Bv. Oroño,2,1,0,0,1,0,0,,Avenida,,ROSARIO,Rosario,Asfalto,No existe,II,Dentro,Urbana,Semáforo,Funciona,Intersección,S/D,Buena,Diurna,Buen Tiempo,Otro,S/D,Colisión,S/D,Vertical,Ninguna,Sin restricción,POINT (-60.6545801 -32.948842899999995),"['Mendoza', 'Bulevar Nicasio Oroño']",2,Mendoza; Bulevar Nicasio Oroño,-32.948842899999995,-60.6545801,55.0,538.0,Municipio Rosario,Municipio,Rosario,820210,Servicio de Catastro e Información Territorial,IGN
2013,5461,2013-04-26,Viernes,0.0,,,0.0,5,"Automóvil,Automóvil,Automóvil,Automóvil,Automóvil",Av. Pellegrini Y Sarmiento,9,2,0,0,7,0,0,,Avenida,,ROSARIO,Rosario,Asfalto,No existe,II,Dentro,Urbana,Semáforo,Funciona,Intersección,Bueno,Buena,S/D,S/D,Múltiple,S/D,Colisión,S/D,Vertical,Ninguna,Sin restricción,POINT (-60.6408663 -32.95730775),"['Pellegrini', 'Sarmiento']",2,Avenida Carlos Pellegrini; Sarmiento,-32.95730775,-60.6408663,55.0,538.0,Municipio Rosario,Municipio,Rosario,820210,Servicio de Catastro e Información Territorial,IGN
2013,5465,2013-04-23,Martes,0.0,16:15:00,,0.0,2,"Taxi/Remis,Moto/Ciclomotor",Rioja Y Bv. Oroño,2,1,0,0,1,0,0,,Avenida,,ROSARIO,Rosario,Asfalto,No existe,II,Dentro,Urbana,Semáforo,Funciona,Intersección,Bueno,S/D,Diurna,S/D,Otro,S/D,Colisión,S/D,Vertical,Ninguna,Sin restricción,POINT (-60.65360565 -32.944843999999996),"['Rioja', 'Bulevar Nicasio Oroño']",2,Rioja; Bulevar Nicasio Oroño,-32.944844,-60.65360565,55.0,538.0,Municipio Rosario,Municipio,Rosario,820210,Servicio de Catastro e Información Territorial,IGN
2013,5468,2013-04-16,Martes,0.0,,,0.0,2,"Automóvil,Automóvil",3 De Febrero Y Entre Rios,3,2,0,0,1,0,0,,Calle,,ROSARIO,Rosario,Asfalto,S/D,II,Dentro,Urbana,S/D,S/D,Intersección,S/D,S/D,S/D,S/D,Otro,S/D,Colisión,S/D,S/D,Ninguna,Sin restricción,POINT (-60.6425086 -32.952261299999996),"['3 de Febrero', 'Entre Ríos']",2,3 de Febrero; Entre Ríos,-32.9522613,-60.6425086,55.0,538.0,Municipio Rosario,Municipio,Rosario,820210,Servicio de Catastro e Información Territorial,IGN
2013,5469,2013-04-13,Sabado,0.0,16:15:00,,0.0,2,"Moto/Ciclomotor,Automóvil",Santa Fe Y Alvear,2,1,0,0,1,0,0,,Calle,,ROSARIO,Rosario,Asfalto,No existe,II,Dentro,Urbana,Semáforo,Funciona,Intersección,Bueno,Buena,Diurna,S/D,Otro,S/D,Colisión,S/D,Vertical,Ninguna,Sin restricción,POINT (-60.6543266 -32.94212459999999),"['Santa Fe', 'Alvear']",2,Santa Fe; Alvear,-32.94212459999999,-60.6543266,55.0,538.0,Municipio Rosario,Municipio,Rosario,820210,Servicio de Catastro e Información Territorial,IGN
2013,5470,2013-04-20,Sabado,0.0,12:30:00,,0.0,2,"Peatón,Automóvil",9 De Julio Y Mariano Moreno,2,1,0,0,1,0,0,,Calle,,ROSARIO,Rosario,Asfalto,No existe,II,Dentro,Urbana,Ninguna,No existe,Intersección,Bueno,S/D,Diurna,S/D,S/D,S/D,Atropello,S/D,S/D,Ninguna,Sin restricción,POINT (-60.6524866 -32.951627),"['9 de Julio', 'Mariano Moreno']",2,9 de Julio; Mariano Moreno,-32.951627,-60.6524866,55.0,538.0,Municipio Rosario,Municipio,Rosario,820210,Servicio de Catastro e Información Territorial,IGN
2013,5471,2013-04-22,Lunes,0.0,01:00:00,,0.0,2,"Moto/Ciclomotor,Moto/Ciclomotor",Santa Fe Y Italia,2,1,0,0,1,0,0,,Calle,,ROSARIO,Rosario,Asfalto,No existe,II,Dentro,Urbana,Semáforo,Funciona,Intersección,S/D,S/D,Nocturna,S/D,Lateral,S/D,Colisión,S/D,Vertical,Ninguna,Sin restricción,POINT (-60.6475241 -32.94334839999999),"['Santa Fe', 'Italia']",2,Santa Fe; Italia,-32.94334839999999,-60.6475241,55.0,538.0,Municipio Rosario,Municipio,Rosario,820210,Servicio de Catastro e Información Territorial,IGN
2013,5473,2013-05-26,Domingo,0.0,22:50:00,,0.0,2,"Automóvil,Tren",Cerrito 7400,4,0,2,0,1,1,0,,Calle,,ROSARIO,Rosario,S/D,S/D,II,Dentro,Urbana,Ninguna,No existe,Paso a Nivel FFCC,S/D,Buena,"Nocturna,Con luz artificial",Buen Tiempo,Lateral,S/D,Colisión,S/D,Faltante,Ninguna,Obra en Construcción,"-32.9534908, -60.7200165",['Cerrito 7400'],1,Cerrito 7400,-32.9534908,-60.7200165,55.0,538.0,Municipio Rosario,Municipio,Rosario,820210,Servicio de Catastro e Información Territorial,IGN
2013,5478,2013-05-30,Jueves,0.0,05:40:00,,0.0,1,Moto/Ciclomotor,Bv. Rondeau 4200,2,0,0,1,0,1,0,,Avenida,,ROSARIO,Rosario,Asfalto,Pavimento,II,Fuera,Urbana,Otra Señal,Funciona,Recta,Bueno,Buena,"Amanecer,Con luz artificial",Buen Tiempo,Contra objeto fijo,S/D,"Colisión,Despiste",S/D,Vertical,Cordón divisorio,Sin restricción,"-32.8756406, -60.6978402",['Rondeau 4200'],1,Rondeau 4200,-32.8756406,-60.6978402,55.0,538.0,Municipio Rosario,Municipio,Rosario,820210,Servicio de Catastro e Información Territorial,IGN
2013,5489,2013-04-18,Jueves,0.0,,,0.0,1,,Mendoza Y España,2,1,0,0,1,0,0,,Calle,,ROSARIO,Rosario,Asfalto,S/D,II,Dentro,Urbana,Ninguna,S/D,Intersección,S/D,S/D,Diurna,S/D,Otro,S/D,Colisión,S/D,S/D,Ninguna,Sin restricción,POINT (-60.64776750000001 -32.950048100000004),"['Mendoza', 'España']",2,Mendoza; España,-32.950048100000004,-60.64776750000001,55.0,538.0,Municipio Rosario,Municipio,Rosario,820210,Servicio de Catastro e Información Territorial,IGN
2013,5578,2013-06-03,Lunes,0.0,19:20:00,,0.0,2,"Peatón,Pickup/Utilitario",Rafael Arrieta 200,2,0,0,0,1,1,0,,Calle,,ROSARIO,Rosario,S/D,No existe,II,Dentro,Urbana,Ninguna,No existe,Otro,Otro,S/D,Atardecer,Buen Tiempo,S/D,S/D,"Aplastamiento,Atropello",S/D,S/D,Ninguna,Sin restricción,"-33.0098686, -60.6609792",['Rafael Arrieta 200'],1,Rafael Arrieta 200,-33.0098686,-60.6609792,55.0,538.0,Municipio Rosario,Municipio,Rosario,820210,Servicio de Catastro e Información Territorial,IGN
2013,5581,2013-06-08,Sabado,0.0,06:00:00,,0.0,1,Automóvil,Av. Illia Y Sarmiento,2,1,0,0,0,1,0,,Avenida,,ROSARIO,Rosario,Asfalto,No existe,II,Fuera,Urbana,Semáforo,Funciona,Recta,Bueno,Buena,"Nocturna,Con luz artificial",Buen Tiempo,Contra objeto fijo,S/D,"Colisión,Vuelco",S/D,Vertical,Ninguna,Sin restricción,POINT (-60.6365283 -32.93969129999999),"['Illia', 'Sarmiento']",2,Avenida Arturo Illia; Sarmiento,-32.93969129999999,-60.6365283,55.0,538.0,Municipio Rosario,Municipio,Rosario,820210,Servicio de Catastro e Información Territorial,IGN
2013,5615,2013-04-18,Jueves,0.0,,,0.0,2,"Moto/Ciclomotor,Automóvil",Santa Fe Y Balcarce,2,1,0,0,1,0,0,,Calle,,ROSARIO,Rosario,Asfalto,No existe,II,S/D,Urbana,S/D,Funciona,Intersección,Bueno,S/D,S/D,S/D,Otro,S/D,Colisión,S/D,S/D,Ninguna,S/D,POINT (-60.65159370000001 -32.94261169999999),"['Santa Fe', 'Balcarce']",2,Santa Fe; Balcarce,-32.94261169999999,-60.65159370000001,55.0,538.0,Municipio Rosario,Municipio,Rosario,820210,Servicio de Catastro e Información Territorial,IGN
2013,5618,2013-04-09,Martes,0.0,11:00:00,,0.0,2,"Moto/Ciclomotor,Automóvil",Av. Pellegrini Y Av. Corrientes,3,2,0,0,1,0,0,,Avenida,,ROSARIO,Rosario,Asfalto,No existe,II,S/D,Urbana,Semáforo,Funciona,Intersección,Bueno,Buena,Diurna,Buen Tiempo,Otro,S/D,Colisión,S/D,"Horizontal,Vertical",Cordón divisorio,S/D,POINT (-60.645055850000006 -32.95655624999999),"['Pellegrini', 'Corrientes']",2,Avenida Carlos Pellegrini; Corrientes,-32.95655624999999,-60.645055850000006,55.0,538.0,Municipio Rosario,Municipio,Rosario,820210,Servicio de Catastro e Información Territorial,IGN
2013,5627,2013-04-18,Jueves,0.0,11:15:00,,0.0,2,"Moto/Ciclomotor,Taxi/Remis",Italia Y E.Zeballos,2,1,0,0,1,0,0,,Calle,,ROSARIO,Rosario,Asfalto,No existe,II,S/D,Urbana,Ninguna,S/D,Intersección,Bueno,Buena,Diurna,Buen Tiempo,De alcance,S/D,Colisión,S/D,S/D,Ninguna,Sin restricción,POINT (-60.650023 -32.95327000000001),"['Italia', 'Zeballos']",2,Italia; Zeballos,-32.95327000000001,-60.650023,55.0,538.0,Municipio Rosario,Municipio,Rosario,820210,Servicio de Catastro e Información Territorial,IGN
2013,5628,2013-04-19,Viernes,0.0,18:30:00,,0.0,2,"Peatón,Automóvil",Alvear Y Montevideo,2,1,0,0,1,0,0,,Calle,,ROSARIO,Rosario,Asfalto,No existe,II,Dentro,Urbana,Ninguna,No existe,Intersección,Bueno,Reducida,Atardecer,Buen Tiempo,S/D,S/D,Atropello,S/D,S/D,Ninguna,Sin restricción,POINT (-60.65711929999999 -32.95317479999998),"['Alvear', 'Montevideo']",2,Alvear; Montevideo,-32.95317479999998,-60.65711929999999,55.0,538.0,Municipio Rosario,Municipio,Rosario,820210,Servicio de Catastro e Información Territorial,IGN
2013,5630,2013-04-12,Viernes,0.0,13:00:00,,0.0,2,"Moto/Ciclomotor,Automóvil",Mitre 500,2,1,0,0,1,0,0,,Calle,,ROSARIO,Rosario,Asfalto,No existe,II,Dentro,Urbana,Ninguna,No existe,Recta,Bueno,Buena,Diurna,Buen Tiempo,Lateral,S/D,Colisión,S/D,Faltante,Ninguna,Sin restricción,"-32.9426528, -60.6387307",['Mitre 500'],1,Mitre 500,-32.9426528,-60.6387307,55.0,538.0,Municipio Rosario,Municipio,Rosario,820210,Servicio de Catastro e Información Territorial,IGN
2013,5631,2013-04-16,Martes,0.0,00:50:00,,0.0,2,"Pickup/Utilitario,Taxi/Remis",Bv. Oroño Y Catamarca,5,4,0,0,1,0,0,,Avenida,,ROSARIO,Rosario,Asfalto,No existe,II,Dentro,Urbana,Ninguna,No existe,Intersección,Bueno,Buena,"Nocturna,Con luz artificial",Buen Tiempo,Lateral,S/D,Colisión,S/D,Faltante,"Cordón divisorio,Vegetación",Sin restricción,POINT (-60.651806750000006 -32.9378818),"['Bulevar Nicasio Oroño', 'Catamarca']",2,Bulevar Nicasio Oroño; Catamarca,-32.9378818,-60.651806750000006,55.0,538.0,Municipio Rosario,Municipio,Rosario,820210,Servicio de Catastro e Información Territorial,IGN
2013,5670,2013-04-16,Martes,0.0,01:30:00,,0.0,2,"Taxi/Remis,Automóvil",Av. Pellegrini Y España,2,1,0,0,1,0,0,,Avenida,,ROSARIO,Rosario,Asfalto,No existe,II,Dentro,Urbana,Ninguna,Funciona,Intersección,Bueno,Buena,"Nocturna,Con luz artificial",Buen Tiempo,De alcance,S/D,Colisión,S/D,"Horizontal,Vertical","Cordón divisorio,Vegetación",S/D,POINT (-60.6492162 -32.95580995),"['Pellegrini', 'España']",2,Avenida Carlos Pellegrini; España,-32.95580995,-60.6492162,55.0,538.0,Municipio Rosario,Municipio,Rosario,820210,Servicio de Catastro e Información Territorial,IGN
2013,5672,2013-04-16,Martes,0.0,11:40:00,,0.0,2,"Bicicleta,Automóvil",Pasco Y Sarmiento,2,1,0,0,1,0,0,,Calle,,ROSARIO,Rosario,Asfalto,No existe,II,Dentro,Urbana,Ninguna,No existe,Intersección,Bueno,Buena,Diurna,Buen Tiempo,De alcance,S/D,Atropello,S/D,S/D,Ninguna,S/D,POINT (-60.6414543 -32.95957909999999),"['Pasco', 'Sarmiento']",2,Pasco; Sarmiento,-32.95957909999999,-60.6414543,55.0,538.0,Municipio Rosario,Municipio,Rosario,820210,Servicio de Catastro e Información Territorial,IGN
2013,5673,2013-04-16,Martes,0.0,08:00:00,,0.0,2,"Peatón,Automóvil",Av. Pellegrini Y Mariano Moreno,2,1,0,0,1,0,0,,Avenida,,ROSARIO,Rosario,Asfalto,No existe,II,Fuera,Urbana,Semáforo,Funciona,Intersección,Bueno,Buena,Diurna,Buen Tiempo,De alcance,S/D,Atropello,S/D,"Horizontal,Vertical","Cordón divisorio,Vegetación",S/D,POINT (-60.65335815 -32.955066949999996),"['Pellegrini', 'Mariano Moreno']",2,Avenida Carlos Pellegrini; Mariano Moreno,-32.95506695,-60.65335815,55.0,538.0,Municipio Rosario,Municipio,Rosario,820210,Servicio de Catastro e Información Territorial,IGN