anio_acci,nro_acci,fecha,desc_dia,fecha_aprox,hora_aprox,desc_ruta,km,cant_participantes,desc_participante,calle_avenida_km,total,heridos_leves,heridos_graves,heridos_gravisimos,ilesos,fallecidos,sin_datos,posicion_XY,desc_tipo_via,desc_ruta_ori,desc_loc,desc_dpto,desc_tipo_calzada,desc_tipo_banquina,desc_unidad_regional,desc_lugar_calzada,desc_zona,desc_prioridad,desc_estado_semaforo,desc_lugar_via,desc_estado_via,desc_estado_visibilidad,desc_luminosidad,desc_estado_clima,desc_tipo_colision,desc_tipo_atropello,desc_tipo_hecho,desc_pres_calzada,desc_senializacion,desc_separacion_via,desc_restriccion,forma_geocod,calle_lista,numero_calles,calles_osm,lat,lon,index_right,gid,fna,gna,nam,in1,fdc,sag
2013,5760,2013-04-08,Lunes,0.0,14:00:00,,0.0,2,"Moto/Ciclomotor,Automóvil",Av. Corrientes Y Pje. Blanque,2,1,0,0,1,0,0,,Calle,,ROSARIO,Rosario,Asfalto,No existe,II,Dentro,Urbana,Ninguna,No existe,Intersección,Bueno,Buena,Diurna,Buen Tiempo,Lateral,S/D,Colisión,S/D,Faltante,Ninguna,Sin restricción,POINT (-60.6498777 -32.9754785),"['Corrientes', 'Blanqué']",2,Corrientes; Blanqué,-32.9754785,-60.6498777,55.0,538.0,Municipio Rosario,Municipio,Rosario,820210,Servicio de Catastro e Información Territorial,IGN
2013,5762,2013-04-10,Miercoles,0.0,09:15:00,,0.0,2,"Moto/Ciclomotor,Automóvil",Biedma Y Italia,2,1,0,0,1,0,0,,Calle,,ROSARIO,Rosario,Asfalto,No existe,II,Dentro,Urbana,Ninguna,No existe,Intersección,Bueno,Buena,Diurna,S/D,Lateral,S/D,Colisión,S/D,Faltante,Ninguna,Sin restricción,POINT (-60.656682 -32.9796508),"['Coronel Biedma', 'Italia']",2,Coronel Biedma; Italia,-32.9796508,-60.656682,55.0,538.0,Municipio Rosario,Municipio,Rosario,820210,Servicio de Catastro e Información Territorial,IGN
2013,5763,2013-04-10,Miercoles,0.0,11:20:00,,0.0,2,"Moto/Ciclomotor,Automóvil",Bv. Oroño Y Dr.Rivas,2,1,0,0,1,0,0,,Avenida,,ROSARIO,Rosario,Asfalto,No existe,II,Dentro,Urbana,Semáforo,Funciona,Intersección,Bueno,Buena,Diurna,Buen Tiempo,Lateral,S/D,Colisión,S/D,"Horizontal,Vertical","Cordón divisorio,Vegetación",Sin restricción,POINT (-60.6626747 -32.9809666),"['Bulevar Nicasio Oroño', 'Doctor Francisco Riva']",2,Bulevar Nicasio Oroño; Doctor Francisco Riva,-32.9809666,-60.6626747,55.0,538.0,Municipio Rosario,Municipio,Rosario,820210,Servicio de Catastro e Información Territorial,IGN
2013,5765,2013-04-11,Jueves,0.0,20:00:00,,0.0,1,Moto/Ciclomotor,Bv. Segui Y Av. Ovidio Lagos,3,1,0,0,2,0,0,,Avenida,,ROSARIO,Rosario,Asfalto,No existe,II,Dentro,Urbana,Semáforo,Funciona,Intersección,Bueno,Buena,"Nocturna,Con luz artificial",Buen Tiempo,Lateral,S/D,Colisión,S/D,"Horizontal,Vertical","Cordón divisorio,Vegetación",Sin restricción,POINT (-60.66940506666668 -32.97496616666667),"['Bulevar Juan Francisco Seguí', 'Avenida Ovidio Lagos']",2,Bulevar Juan Francisco Seguí; Avenida Ovidio Lagos,-32.97496616666667,-60.66940506666668,55.0,538.0,Municipio Rosario,Municipio,Rosario,820210,Servicio de Catastro e Información Territorial,IGN
2013,5766,2013-04-11,Jueves,0.0,18:20:00,,0.0,2,"Moto/Ciclomotor,Automóvil",Gaboto Y Mitre,2,1,0,0,1,0,0,,Calle,,ROSARIO,Rosario,Asfalto,No existe,II,Dentro,Urbana,Ninguna,No existe,Intersección,Bueno,Buena,Atardecer,Buen Tiempo,Lateral,S/D,Colisión,S/D,Faltante,Ninguna,Sin restricción,POINT (-60.64629360000001 -32.97310259999999),"['Gaboto', 'Mitre']",2,Gaboto; Bartolomé Mitre,-32.97310259999999,-60.64629360000001,55.0,538.0,Municipio Rosario,Municipio,Rosario,820210,Servicio de Catastro e Información Territorial,IGN
2013,5767,2013-04-11,Jueves,0.0,13:30:00,,0.0,2,"Peatón,Taxi/Remis",Ayolas Y San Martin,2,1,0,0,1,0,0,,Avenida,,ROSARIO,Rosario,Asfalto,No existe,II,Dentro,Urbana,Semáforo,Funciona,Intersección,Bueno,Buena,Diurna,Buen Tiempo,Lateral,S/D,Atropello,S/D,"Horizontal,Vertical",Línea divisoria pintada,Sin restricción,POINT (-60.644083949999995 -32.97709834999999),"['Ayolas', 'San Martin']",2,Ayolas; José de San Martín,-32.97709834999999,-60.64408395,55.0,538.0,Municipio Rosario,Municipio,Rosario,820210,Servicio de Catastro e Información Territorial,IGN
2013,5768,2013-04-12,Viernes,0.0,23:30:00,,0.0,2,"Vehículo Oficial,Automóvil",Pueyrredon Y Uruguay,2,1,0,0,1,0,0,,Calle,,ROSARIO,Rosario,Asfalto,No existe,II,Dentro,Urbana,Ninguna,No existe,Intersección,Bueno,Buena,"Nocturna,Con luz artificial",Buen Tiempo,Lateral,S/D,Colisión,S/D,Faltante,Ninguna,Sin restricción,POINT (-60.665016 -32.9733513),"['Pueyrredón', 'Uruguay']",2,Pueyrredón; Uruguay,-32.9733513,-60.665016,55.0,538.0,Municipio Rosario,Municipio,Rosario,820210,Servicio de Catastro e Información Territorial,IGN
2013,5799,2013-04-14,Domingo,0.0,14:00:00,,0.0,2,"Moto/Ciclomotor,Taxi/Remis",San Martin Y Bv. Segui,3,1,0,0,2,0,0,,Avenida,,ROSARIO,Rosario,Asfalto,No existe,II,Dentro,Urbana,Ninguna,Funciona,Intersección,Bueno,Buena,Diurna,Buen Tiempo,Lateral,S/D,Colisión,S/D,"Horizontal,Vertical","Cordón divisorio,Vegetación",Sin restricción,POINT (-60.644363766666665 -32.97948086666666),"['San Martin', 'Bulevar Juan Francisco Seguí']",2,José de San Martín; Bulevar Juan Francisco Seguí,-32.97948086666666,-60.644363766666665,55.0,538.0,Municipio Rosario,Municipio,Rosario,820210,Servicio de Catastro e Información Territorial,IGN
2013,5800,2013-04-14,Domingo,0.0,13:30:00,,0.0,2,"Moto/Ciclomotor,Automóvil",Entre Rios Y Uruguay,3,1,0,0,2,0,0,,Calle,,ROSARIO,Rosario,Asfalto,No existe,II,Dentro,Urbana,Semáforo,Funciona,Intersección,Bueno,Buena,Diurna,Buen Tiempo,Lateral,S/D,Colisión,S/D,"Horizontal,Vertical",Ninguna,Sin restricción,POINT (-60.6486096 -32.97631599999999),"['Entre Ríos', 'Uruguay']",2,Entre Ríos; Uruguay,-32.97631599999999,-60.6486096,55.0,538.0,Municipio Rosario,Municipio,Rosario,820210,Servicio de Catastro e Información Territorial,IGN
2013,5801,2013-04-15,Lunes,0.0,14:20:00,,0.0,2,"Moto/Ciclomotor,Automóvil",Rodriguez Y Milan,2,1,0,0,1,0,0,,Calle,,ROSARIO,Rosario,Asfalto,No existe,II,Dentro,Urbana,Ninguna,No existe,Intersección,Bueno,Buena,Diurna,Buen Tiempo,Lateral,S/D,Colisión,S/D,Faltante,Ninguna,Sin restricción,POINT (-60.6698522 -32.986854799999996),"['Rodríguez', 'Milán']",2,Rodríguez de Escobedo; Milán,-32.9868548,-60.6698522,55.0,538.0,Municipio Rosario,Municipio,Rosario,820210,Servicio de Catastro e Información Territorial,IGN
2013,5802,2013-04-15,Lunes,0.0,15:00:00,,0.0,2,"Moto/Ciclomotor,Automóvil",Garibaldi Y Balcarce,2,1,0,0,1,0,0,,Calle,,ROSARIO,Rosario,Asfalto,No existe,II,Dentro,Urbana,Ninguna,No existe,Intersección,Bueno,Buena,Diurna,Buen Tiempo,Lateral,S/D,Colisión,S/D,Faltante,Ninguna,Sin restricción,POINT (-60.66189070000001 -32.9835046),"['José Garibaldi', 'Balcarce']",2,José Garibaldi; Balcarce,-32.9835046,-60.66189070000001,55.0,538.0,Municipio Rosario,Municipio,Rosario,820210,Servicio de Catastro e Información Territorial,IGN
2013,5803,2013-04-15,Lunes,0.0,10:15:00,,0.0,1,Transporte de Pasajeros Urbano (> 8 asientos),San Martin 3900,2,1,0,0,1,0,0,,Avenida,,ROSARIO,Rosario,Asfalto,No existe,II,Dentro,Urbana,Ninguna,No existe,Recta,Bueno,Buena,Diurna,Buen Tiempo,Otro,S/D,Otro,S/D,"Horizontal,Vertical",Línea divisoria pintada,Sin restricción,"-32.9764777, -60.6372639",['San Martin 3900'],1,San Martin 3900,-32.9764777,-60.6372639,55.0,538.0,Municipio Rosario,Municipio,Rosario,820210,Servicio de Catastro e Información Territorial,IGN
2013,5804,2013-04-15,Lunes,0.0,11:00:00,,0.0,2,"Moto/Ciclomotor,Pickup/Utilitario",Av. Ntra.Sra.del Rosario Y Flamarion,3,1,0,0,2,0,0,,Avenida,,ROSARIO,Rosario,Asfalto,No existe,II,Dentro,Urbana,Ninguna,No existe,Intersección,Bueno,Buena,Diurna,Buen Tiempo,Lateral,S/D,Colisión,S/D,Vertical,Ninguna,Sin restricción,POINT (-60.6565043 -33.00026669999999),"['Nuestra Señora del Rosario', 'Camilo Flammarion']",2,Puente Nuestra Señora del Rosario; Camilo Flammarion,-33.00026669999999,-60.6565043,55.0,538.0,Municipio Rosario,Municipio,Rosario,820210,Servicio de Catastro e Información Territorial,IGN
2013,5805,2013-04-17,Miercoles,0.0,21:00:00,,0.0,2,"Bicicleta,Moto/Ciclomotor",San Martin Y Ameghino,2,2,0,0,0,0,0,,Avenida,,ROSARIO,Rosario,Asfalto,No existe,II,Dentro,Urbana,Ninguna,Funciona,Intersección,Bueno,Buena,"Nocturna,Con luz artificial",Buen Tiempo,Lateral,S/D,Atropello,S/D,"Horizontal,Vertical",Ninguna,S/D,POINT (-60.6460194 -32.987542250000004),"['San Martin', 'Ameghino']",2,José de San Martín; Ameghino,-32.987542250000004,-60.6460194,55.0,538.0,Municipio Rosario,Municipio,Rosario,820210,Servicio de Catastro e Información Territorial,IGN
2013,5810,2013-04-18,Jueves,0.0,22:00:00,,0.0,2,"Moto/Ciclomotor,Automóvil",Bv. Oroño Y Garibaldi,2,1,0,0,1,0,0,,Avenida,,ROSARIO,Rosario,Asfalto,No existe,II,Dentro,Urbana,Ninguna,No existe,Intersección,Bueno,Buena,"Nocturna,Con luz artificial",Buen Tiempo,Lateral,S/D,Colisión,S/D,Vertical,"Cordón divisorio,Vegetación",Sin restricción,POINT (-60.6632508 -32.983266949999994),"['Bulevar Nicasio Oroño', 'José Garibaldi']",2,Bulevar Nicasio Oroño; José Garibaldi,-32.983266949999994,-60.6632508,55.0,538.0,Municipio Rosario,Municipio,Rosario,820210,Servicio de Catastro e Información Territorial,IGN
2013,5815,2013-04-21,Domingo,0.0,14:30:00,,0.0,2,"Moto/Ciclomotor,Automóvil",Pje. Mozart Y Av. Corrientes,2,1,0,0,1,0,0,,Avenida,,ROSARIO,Rosario,Asfalto,No existe,II,Dentro,Urbana,Ninguna,No existe,Intersección,Bueno,Buena,Diurna,Buen Tiempo,Lateral,S/D,Colisión,S/D,Faltante,Ninguna,S/D,POINT (-60.6510485 -32.98007169999999),"['Mozart', 'Corrientes']",2,Pasaje Mozart; Corrientes,-32.98007169999999,-60.6510485,55.0,538.0,Municipio Rosario,Municipio,Rosario,820210,Servicio de Catastro e Información Territorial,IGN
2013,5816,2013-04-21,Domingo,0.0,10:15:00,,0.0,2,"Moto/Ciclomotor,Pickup/Utilitario",Pueyrredon Y Dr.Rivas,2,1,0,0,1,0,0,,Calle,,ROSARIO,Rosario,Asfalto,No existe,II,Dentro,Urbana,Ninguna,No existe,Intersección,Bueno,Buena,Diurna,Buen Tiempo,Lateral,S/D,Colisión,S/D,Faltante,Ninguna,Sin restricción,POINT (-60.6667508 -32.9802387),"['Pueyrredón', 'Doctor Francisco Riva']",2,Pueyrredón; Doctor Francisco Riva,-32.9802387,-60.6667508,55.0,538.0,Municipio Rosario,Municipio,Rosario,820210,Servicio de Catastro e Información Territorial,IGN
2013,5817,2013-04-21,Domingo,0.0,16:30:00,,0.0,2,"Automóvil,Automóvil",San Martin Y Ayolas,2,1,0,0,1,0,0,,Avenida,,ROSARIO,Rosario,Asfalto,No existe,II,Dentro,Urbana,Ninguna,Funciona,Intersección,Bueno,Buena,Diurna,Buen Tiempo,Lateral,S/D,Colisión,S/D,"Horizontal,Vertical",Línea divisoria pintada,Sin restricción,POINT (-60.644083949999995 -32.97709834999999),"['San Martin', 'Ayolas']",2,José de San Martín; Ayolas,-32.97709834999999,-60.64408395,55.0,538.0,Municipio Rosario,Municipio,Rosario,820210,Servicio de Catastro e Información Territorial,IGN
2013,5818,2013-04-16,Martes,0.0,19:00:00,,0.0,2,"Moto/Ciclomotor,Automóvil",Sarmiento Y 24 De Setiembre,2,1,0,0,1,0,0,,Calle,,ROSARIO,Rosario,Asfalto,No existe,II,Dentro,Urbana,Ninguna,No existe,Intersección,Bueno,Buena,"Atardecer,Con luz artificial",Buen Tiempo,Lateral,S/D,Colisión,S/D,Faltante,Ninguna,Sin restricción,POINT (-60.6466689 -32.9802135),"['Sarmiento', '24 de Septiembre']",2,Sarmiento; 24 de Septiembre,-32.9802135,-60.6466689,55.0,538.0,Municipio Rosario,Municipio,Rosario,820210,Servicio de Catastro e Información Territorial,IGN
2013,5819,2013-04-16,Martes,0.0,11:30:00,,0.0,2,"Moto/Ciclomotor,Pickup/Utilitario",San Martin Y Av. Uriburu,2,1,0,0,1,0,0,,Avenida,,ROSARIO,Rosario,Asfalto,No existe,II,Dentro,Urbana,Ninguna,Funciona,Intersección,Bueno,Buena,Diurna,Buen Tiempo,Lateral,S/D,Colisión,S/D,"Horizontal,Vertical","Cordón divisorio,Vegetación,Línea divisoria pintada",Sin restricción,POINT (-60.646703949999996 -32.99069289999999),"['San Martin', 'Uriburu']",2,José de San Martín; Avenida José Uriburu,-32.99069289999999,-60.64670395,55.0,538.0,Municipio Rosario,Municipio,Rosario,820210,Servicio de Catastro e Información Territorial,IGN
2013,5820,2013-04-16,Martes,0.0,19:00:00,,0.0,2,"Moto/Ciclomotor,Automóvil",Av. Uriburu Y Av. Corrientes,2,1,0,0,1,0,0,,Avenida,,ROSARIO,Rosario,Asfalto,No existe,II,Dentro,Urbana,Ninguna,No existe,Intersección,Bueno,Buena,"Atardecer,Con luz artificial",Buen Tiempo,Lateral,S/D,Colisión,S/D,Vertical,Ninguna,Sin restricción,POINT (-60.653706549999995 -32.99091685),"['Uriburu', 'Corrientes']",2,Avenida José Uriburu; Corrientes,-32.99091685,-60.65370655,55.0,538.0,Municipio Rosario,Municipio,Rosario,820210,Servicio de Catastro e Información Territorial,IGN
2013,5821,2013-04-17,Miercoles,0.0,19:00:00,,0.0,2,"Moto/Ciclomotor,Automóvil",Entre Rios Y Bv. Segui,3,2,0,0,1,0,0,,Avenida,,ROSARIO,Rosario,Asfalto,No existe,II,Dentro,Urbana,Ninguna,No existe,Intersección,Bueno,Buena,"Atardecer,Con luz artificial",Buen Tiempo,Lateral,S/D,Colisión,S/D,"Horizontal,Vertical","Cordón divisorio,Vegetación",Sin restricción,POINT (-60.6491681 -32.97857979999999),"['Entre Ríos', 'Bulevar Juan Francisco Seguí']",2,Entre Ríos; Bulevar Juan Francisco Seguí,-32.97857979999999,-60.6491681,55.0,538.0,Municipio Rosario,Municipio,Rosario,820210,Servicio de Catastro e Información Territorial,IGN
2013,5824,2013-04-19,Viernes,0.0,00:25:00,,0.0,2,"Peatón,Taxi/Remis",Bv. Oroño Y Bv. Segui,2,1,0,0,1,0,0,,Avenida,,ROSARIO,Rosario,Asfalto,No existe,II,Dentro,Urbana,Ninguna,Funciona,Intersección,Bueno,Buena,"Nocturna,Con luz artificial",Buen Tiempo,Lateral,S/D,Atropello,S/D,"Horizontal,Vertical","Cordón divisorio,Vegetación",Sin restricción,POINT (-60.661523700000004 -32.976367025),"['Bulevar Nicasio Oroño', 'Bulevar Juan Francisco Seguí']",2,Bulevar Nicasio Oroño; Bulevar Juan Francisco Seguí,-32.976367025,-60.6615237,55.0,538.0,Municipio Rosario,Municipio,Rosario,820210,Servicio de Catastro e Información Territorial,IGN
2013,5825,2013-04-20,Sabado,0.0,19:45:00,,0.0,2,"Peatón,Automóvil",Saavedra Y España,2,1,0,0,1,0,0,,Calle,,ROSARIO,Rosario,Asfalto,No existe,II,Dentro,Urbana,Ninguna,No existe,Intersección,Bueno,Buena,"Atardecer,Con luz artificial",Buen Tiempo,Lateral,S/D,Atropello,S/D,Faltante,Ninguna,Sin restricción,POINT (-60.65441920000001 -32.9764598),"['Saavedra', 'España']",2,Saavedra; España,-32.9764598,-60.65441920000001,55.0,538.0,Municipio Rosario,Municipio,Rosario,820210,Servicio de Catastro e Información Territorial,IGN
2013,5842,2013-05-28,Martes,0.0,07:30:00,,0.0,2,"Moto/Ciclomotor,Moto/Ciclomotor",Av. Sorrento 6300,2,1,0,0,1,0,0,,Avenida,,ROSARIO,Rosario,Asfalto,No existe,II,Dentro,Urbana,S/D,S/D,Recta,S/D,S/D,Diurna,S/D,Lateral,S/D,Colisión,S/D,S/D,S/D,S/D,"-32.9077801, -60.7090789",['Sorrento 6300'],1,Sorrento 6300,-32.9077801,-60.7090789,55.0,538.0,Municipio Rosario,Municipio,Rosario,820210,Servicio de Catastro e Información Territorial,IGN
2013,5844,2013-05-17,Viernes,0.0,09:00:00,,0.0,2,"Peatón,Automóvil",9 De Julio Y Carriego,2,0,1,0,1,0,0,,Calle,,ROSARIO,Rosario,S/D,S/D,II,Dentro,Urbana,S/D,S/D,Intersección,S/D,S/D,S/D,S/D,S/D,S/D,"Colisión,Atropello",S/D,S/D,Cordón divisorio,S/D,POINT (-60.6905413 -32.944809199999995),"['9 de Julio', 'Carriego']",2,9 de Julio; Carriego,-32.944809199999995,-60.6905413,55.0,538.0,Municipio Rosario,Municipio,Rosario,820210,Servicio de Catastro e Información Territorial,IGN
2013,5846,2013-05-06,Lunes,0.0,,,0.0,1,Moto/Ciclomotor,Sanchez de Loria Y Av. Jorge Newbery,2,1,0,0,0,0,1,,S/D,,ROSARIO,Rosario,S/D,S/D,II,S/D,Urbana,S/D,S/D,S/D,S/D,S/D,S/D,S/D,S/D,S/D,S/D,S/D,S/D,S/D,S/D,POINT (-60.733099159999995 -32.90848276),"['Sánchez de Loria', 'Jorge Newbery']",2,Sánchez de Loria; Avenida Jorge Newbery,-32.90848276,-60.73309916,55.0,538.0,Municipio Rosario,Municipio,Rosario,820210,Servicio de Catastro e Información Territorial,IGN
2013,5847,2013-05-13,Lunes,0.0,10:00:00,,0.0,2,"Moto/Ciclomotor,Automóvil",Junin Y Camilo Aldao,3,1,0,0,2,0,0,,Calle,,ROSARIO,Rosario,Asfalto,No existe,II,Dentro,Urbana,Semáforo,Funciona,Intersección,Bueno,Buena,Diurna,S/D,Lateral,S/D,Colisión,S/D,Vertical,Línea divisoria pintada,Sin restricción,POINT (-60.6964648 -32.9271327),"['Junín', 'Camilo Aldao']",2,Junín; Camilo Aldao,-32.9271327,-60.6964648,55.0,538.0,Municipio Rosario,Municipio,Rosario,820210,Servicio de Catastro e Información Territorial,IGN
2013,5848,2013-05-08,Miercoles,0.0,19:15:00,,0.0,2,"Bicicleta,Otros",Av. Ovidio Lagos Y Saavedra,2,1,0,0,1,0,0,,Calle,,ROSARIO,Rosario,Asfalto,No existe,II,S/D,Urbana,Otra Señal,S/D,Intersección,Bueno,Buena,Atardecer,Buen Tiempo,Frontal,S/D,Atropello,S/D,S/D,Cordón divisorio,Sin restricción,POINT (-60.6691044 -32.973831099999984),"['Avenida Ovidio Lagos', 'Saavedra']",2,Avenida Ovidio Lagos; Saavedra,-32.973831099999984,-60.6691044,55.0,538.0,Municipio Rosario,Municipio,Rosario,820210,Servicio de Catastro e Información Territorial,IGN
2013,5849,2013-05-04,Sabado,0.0,20:45:00,,0.0,2,"Moto/Ciclomotor,Pickup/Utilitario",Mendoza 7500,3,2,0,0,1,0,0,,Avenida,,ROSARIO,Rosario,Asfalto,No existe,II,Dentro,Urbana,Ninguna,No existe,Recta,Con baches,Buena,Diurna,Buen Tiempo,S/D,S/D,Caída ocupante,Agua,Faltante,Cordón divisorio,Sin restricción,"-32.9404161, -60.7235199",['Mendoza 7500'],1,Mendoza 7500,-32.9404161,-60.7235199,55.0,538.0,Municipio Rosario,Municipio,Rosario,820210,Servicio de Catastro e Información Territorial,IGN
2013,5851,2013-05-10,Viernes,0.0,06:20:00,,0.0,1,Automóvil,Junin Y Av. Circunvalacion,1,1,0,0,0,0,0,,Avenida,,ROSARIO,Rosario,Asfalto,S/D,II,S/D,Urbana,Ninguna,No existe,Intersección,Bueno,Buena,Amanecer,Buen Tiempo,S/D,S/D,Despiste,S/D,S/D,Línea divisoria pintada,Sin restricción,POINT (-60.72345775652864 -32.927743133360345),"['Junín', 'Circunvalacion']",2,Junín; Avenida de Circunvalación 25 de Mayo,-32.927743133360345,-60.72345775652864,55.0,538.0,Municipio Rosario,Municipio,Rosario,820210,Servicio de Catastro e Información Territorial,IGN
2013,5853,2013-05-27,Lunes,0.0,12:00:00,,0.0,2,"Automóvil,Peatón",J.J.Paso Y Solis,2,0,1,0,1,0,0,,Calle,,ROSARIO,Rosario,Asfalto,S/D,II,S/D,Urbana,Semáforo,Funciona,Intersección,Bueno,Buena,Diurna,S/D,S/D,S/D,Atropello,S/D,S/D,S/D,Sin restricción,POINT (-60.7041987 -32.91997529999999),"['Paso', 'Solis']",2,Avenida Juan José Paso; Juan Díaz de Solís,-32.91997529999999,-60.7041987,55.0,538.0,Municipio Rosario,Municipio,Rosario,820210,Servicio de Catastro e Información Territorial,IGN
2013,5854,2013-05-04,Sabado,0.0,,,0.0,2,"Automóvil,Moto/Ciclomotor",Castellanos Y San Juan,2,0,1,0,0,1,0,,Calle,,ROSARIO,Rosario,Asfalto,S/D,II,S/D,Urbana,S/D,S/D,Intersección,S/D,S/D,S/D,S/D,S/D,S/D,Colisión,S/D,S/D,"Cordón divisorio,Ninguna",S/D,POINT (-60.6760251 -32.94355620000001),"['Aaron Castellanos', 'San Juan']",2,Aaron Castellanos; San Juan,-32.94355620000001,-60.6760251,55.0,538.0,Municipio Rosario,Municipio,Rosario,820210,Servicio de Catastro e Información Territorial,IGN
2013,5856,2013-05-12,Domingo,0.0,10:30:00,,0.0,2,"Automóvil,Peatón",Baigorria Y Medrano,2,1,0,0,1,0,0,,Calle,,ROSARIO,Rosario,Asfalto,No existe,II,S/D,Urbana,Ninguna,No existe,Intersección,Bueno,Buena,Diurna,Buen Tiempo,S/D,S/D,Atropello,Otro,Faltante,Ninguna,Sin restricción,POINT (-60.7021183 -32.8934763),"['Baigorria', 'Medrano']",2,Baigorria; Medrano,-32.8934763,-60.7021183,55.0,538.0,Municipio Rosario,Municipio,Rosario,820210,Servicio de Catastro e Información Territorial,IGN
2013,5857,2013-05-22,Miercoles,0.0,11:00:00,,0.0,2,"Automóvil,Moto/Ciclomotor",Bertole Y Dr.G.Colombres,2,1,0,0,0,0,1,,Calle,,ROSARIO,Rosario,Asfalto,No existe,II,S/D,Urbana,Ninguna,No existe,Curva,Con baches,Buena,Diurna,Buen Tiempo,Lateral,S/D,Colisión,S/D,S/D,S/D,Sin restricción,POINT (-60.724834200000004 -32.965389599999995),"['Bertole', 'Doctor G. Colombres']",2,Bertole; Doctor G. Colombres,-32.965389599999995,-60.7248342,55.0,538.0,Municipio Rosario,Municipio,Rosario,820210,Servicio de Catastro e Información Territorial,IGN
2013,5858,2013-05-12,Domingo,0.0,05:25:00,,0.0,2,"Moto/Ciclomotor,Otros",Cochabamba Y Av. Circunvalacion,3,2,0,0,0,0,1,,Calle,,ROSARIO,Rosario,Asfalto,S/D,II,S/D,Urbana,S/D,No existe,Curva,Con baches,Buena,S/D,Buen Tiempo,S/D,S/D,Colisión,S/D,Faltante,Ninguna,Sin restricción,POINT (-60.721008700000006 -32.950054900000005),"['Cochabamba', 'Circunvalacion']",2,"('Cochabamba', 'Juan Pablo II')",-32.950054900000005,-60.721008700000006,55.0,538.0,Municipio Rosario,Municipio,Rosario,820210,Servicio de Catastro e Información Territorial,IGN
2013,5861,2013-05-17,Viernes,0.0,11:25:00,,0.0,2,"Automóvil,Moto/Ciclomotor",Santiago Y 9 De Julio,3,1,0,0,1,0,1,,Calle,,ROSARIO,Rosario,Asfalto,S/D,II,Dentro,Urbana,S/D,S/D,Intersección,S/D,Buena,Diurna,S/D,S/D,S/D,Colisión,S/D,S/D,"Cordón divisorio,Ninguna",S/D,POINT (-60.6578907 -32.950669299999994),"['Santiago', '9 de Julio']",2,Santiago; 9 de Julio,-32.950669299999994,-60.6578907,55.0,538.0,Municipio Rosario,Municipio,Rosario,820210,Servicio de Catastro e Información Territorial,IGN
2013,5863,2013-05-04,Sabado,0.0,13:10:00,,0.0,2,"Automóvil,Moto/Ciclomotor",Camino de los Granaderos Y Gallo,2,1,0,0,1,0,0,,Avenida,,ROSARIO,Rosario,Asfalto,No existe,II,S/D,Urbana,Semáforo,Funciona,Intersección,Bueno,Buena,Diurna,Buen Tiempo,Lateral,S/D,Colisión,Otro,Vertical,Ninguna,Sin restricción,POINT (-60.70581680000001 -32.8929016),"['Camino de los Granaderos', 'Gallo']",2,Camino de los Granaderos; Cangallo,-32.8929016,-60.70581680000001,55.0,538.0,Municipio Rosario,Municipio,Rosario,820210,Servicio de Catastro e Información Territorial,IGN
2013,5866,2013-05-12,Domingo,0.0,18:40:00,,0.0,2,"Moto/Ciclomotor,Automóvil",ESQUIU Y LARREA,2,1,0,0,1,0,0,,S/D,,ROSARIO,Rosario,Asfalto,No existe,II,S/D,S/D,Ninguna,No existe,Intersección,S/D,Buena,Atardecer,S/D,Lateral,S/D,Colisión,S/D,Faltante,Ninguna,Sin restricción,POINT (-60.6979382 -32.922705799999996),"['Esquiú', 'Larrea']",2,Esquiú; Larrea,-32.9227058,-60.6979382,55.0,538.0,Municipio Rosario,Municipio,Rosario,820210,Servicio de Catastro e Información Territorial,IGN
2013,5869,2013-05-23,Jueves,0.0,18:20:00,,0.0,2,"Bicicleta,Automóvil",Rodriguez Y Rioja,2,0,1,0,1,0,0,,Calle,,ROSARIO,Rosario,S/D,S/D,II,Dentro,Urbana,S/D,S/D,Intersección,S/D,S/D,S/D,S/D,S/D,S/D,Atropello,S/D,S/D,"Cordón divisorio,Ninguna",S/D,POINT (-60.6733344 -32.94138749999999),"['Rodríguez', 'Rioja']",2,"('Rodríguez de Escobedo', 'Rioja')",-32.94138749999999,-60.6733344,55.0,538.0,Municipio Rosario,Municipio,Rosario,820210,Servicio de Catastro e Información Territorial,IGN