anio_acci,nro_acci,fecha,desc_dia,fecha_aprox,hora_aprox,desc_ruta,km,cant_participantes,desc_participante,calle_avenida_km,total,heridos_leves,heridos_graves,heridos_gravisimos,ilesos,fallecidos,sin_datos,posicion_XY,desc_tipo_via,desc_ruta_ori,desc_loc,desc_dpto,desc_tipo_calzada,desc_tipo_banquina,desc_unidad_regional,desc_lugar_calzada,desc_zona,desc_prioridad,desc_estado_semaforo,desc_lugar_via,desc_estado_via,desc_estado_visibilidad,desc_luminosidad,desc_estado_clima,desc_tipo_colision,desc_tipo_atropello,desc_tipo_hecho,desc_pres_calzada,desc_senializacion,desc_separacion_via,desc_restriccion,forma_geocod,calle_lista,numero_calles,calles_osm,lat,lon,index_right,gid,fna,gna,nam,in1,fdc,sag
2013,5872,2013-05-12,Domingo,0.0,14:00:00,,0.0,2,"Automóvil,Automóvil",Union Y Valle Hermoso,2,1,0,0,1,0,0,,Calle,,ROSARIO,Rosario,Asfalto,No existe,II,S/D,Urbana,Ninguna,No existe,Intersección,Bueno,Buena,Diurna,Buen Tiempo,Lateral,S/D,Colisión,Otro,Faltante,Ninguna,Sin restricción,POINT (-60.7046668 -32.8863271),"['Unión', 'Valle Hermoso']",2,Unión; Valle Hermoso,-32.8863271,-60.7046668,55.0,538.0,Municipio Rosario,Municipio,Rosario,820210,Servicio de Catastro e Información Territorial,IGN
2013,5874,2013-05-08,Miercoles,0.0,12:20:00,,0.0,2,"Moto/Ciclomotor,Otros",Castellanos Y Pte.Quintana,4,3,0,0,1,0,0,,Calle,,ROSARIO,Rosario,Asfalto,No existe,II,S/D,Urbana,Ninguna,No existe,Intersección,Bueno,Buena,Diurna,Buen Tiempo,Lateral,S/D,Colisión,S/D,Faltante,Ninguna,Sin restricción,POINT (-60.684157899999995 -32.9759231),"['Aaron Castellanos', 'Quintana']",2,Aaron Castellanos; Presidente Quintana,-32.9759231,-60.6841579,55.0,538.0,Municipio Rosario,Municipio,Rosario,820210,Servicio de Catastro e Información Territorial,IGN
2013,5878,2013-05-02,Jueves,0.0,19:10:00,,0.0,2,"Moto/Ciclomotor,Automóvil",FRESNO Y TARRAGONA,2,1,0,0,1,0,0,,S/D,,ROSARIO,Rosario,S/D,S/D,II,S/D,Urbana,S/D,S/D,Intersección,S/D,S/D,Atardecer,S/D,S/D,S/D,Colisión,S/D,S/D,S/D,S/D,POINT (-60.7354155 -32.90900299999999),"['Fresno', 'Tarragona']",2,Fresno; Tarragona,-32.90900299999999,-60.7354155,55.0,538.0,Municipio Rosario,Municipio,Rosario,820210,Servicio de Catastro e Información Territorial,IGN
2013,5879,2013-05-16,Jueves,0.0,,,0.0,2,"Automóvil,Camión",Bv. 27 De Febrero Y Av. Ovidio Lagos,2,1,0,0,1,0,0,,Avenida,,ROSARIO,Rosario,Asfalto,S/D,II,Dentro,Urbana,S/D,S/D,Intersección,Bueno,Buena,S/D,Buen Tiempo,De alcance,S/D,Colisión,S/D,S/D,S/D,S/D,POINT (-60.66661663333334 -32.963496),"['27 de Febrero', 'Avenida Ovidio Lagos']",2,Bulevar 27 de Febrero; Avenida Ovidio Lagos,-32.963496,-60.66661663333334,55.0,538.0,Municipio Rosario,Municipio,Rosario,820210,Servicio de Catastro e Información Territorial,IGN
2013,5881,2013-05-07,Martes,0.0,13:55:00,,0.0,2,"Moto/Ciclomotor,Otros",Biedma Y Crespo,2,1,0,0,0,0,1,,Calle,,ROSARIO,Rosario,Asfalto,No existe,II,S/D,Urbana,Ninguna,No existe,Intersección,Bueno,Buena,Diurna,Buen Tiempo,Frontal,S/D,Colisión,S/D,S/D,S/D,Sin restricción,POINT (-60.6770336 -32.976011799999995),"['Coronel Biedma', 'Crespo']",2,Coronel Biedma; Crespo,-32.976011799999995,-60.6770336,55.0,538.0,Municipio Rosario,Municipio,Rosario,820210,Servicio de Catastro e Información Territorial,IGN
2013,5882,2013-05-10,Viernes,0.0,,,0.0,2,"Moto/Ciclomotor,Automóvil",Larrea 680,2,1,0,0,1,0,0,,Calle,,ROSARIO,Rosario,Asfalto,No existe,II,Dentro,Urbana,Ninguna,No existe,Recta,Bueno,S/D,S/D,S/D,Lateral,S/D,Colisión,S/D,Faltante,Ninguna,Sin restricción,"-32.920109537500004, -60.6979621",['Larrea 680'],1,Larrea 680,-32.920109537500004,-60.6979621,55.0,538.0,Municipio Rosario,Municipio,Rosario,820210,Servicio de Catastro e Información Territorial,IGN
2013,5884,2013-05-31,Viernes,0.0,08:00:00,,0.0,2,"Automóvil,Automóvil",Av. Sorrento Y Av. Provincias Unidas,2,2,0,0,0,0,0,,Avenida,,ROSARIO,Rosario,Asfalto,No existe,II,S/D,S/D,Señal Ceda el Paso,No existe,Rotonda,Bueno,S/D,Amanecer,S/D,Lateral,S/D,Colisión,S/D,S/D,S/D,S/D,POINT (-60.714102249999996 -32.9083328),"['Sorrento', 'Avenida Provincias Unidas']",2,Avenida Sorrento; Avenida Provincias Unidas,-32.9083328,-60.71410225,55.0,538.0,Municipio Rosario,Municipio,Rosario,820210,Servicio de Catastro e Información Territorial,IGN
2013,5888,2013-05-06,Lunes,0.0,14:20:00,,0.0,2,"Automóvil,Moto/Ciclomotor",Larrea Y Bielsa,3,2,0,0,1,0,0,,Calle,,ROSARIO,Rosario,Asfalto,No existe,II,S/D,Urbana,Ninguna,No existe,Intersección,Bueno,Buena,Diurna,S/D,Lateral,S/D,Colisión,S/D,Faltante,Ninguna,Sin restricción,POINT (-60.69791490000001 -32.923354499999995),"['Larrea', 'Bielsa']",2,Larrea; Bielsa,-32.923354499999995,-60.69791490000001,55.0,538.0,Municipio Rosario,Municipio,Rosario,820210,Servicio de Catastro e Información Territorial,IGN
2013,5890,2013-05-09,Jueves,0.0,,,0.0,2,"Moto/Ciclomotor,Automóvil",MARTINEZ ESTRADA Y COLECTORA,2,1,0,0,1,0,0,,Calle,,ROSARIO,Rosario,S/D,S/D,II,S/D,Urbana,S/D,S/D,S/D,S/D,S/D,S/D,S/D,S/D,S/D,Colisión,S/D,S/D,S/D,S/D,POINT (-60.7247984 -32.911030100000005),"['Martinez Estrada', 'Colectora']",2,Martinez Estrada; Colectora Juan Pablo II,-32.911030100000005,-60.7247984,55.0,538.0,Municipio Rosario,Municipio,Rosario,820210,Servicio de Catastro e Información Territorial,IGN
2013,5891,2013-05-09,Jueves,0.0,20:00:00,,0.0,2,"Bicicleta,Otros",SAN NICOLAS Y PTE. QUINTANA,2,1,0,0,1,0,0,,Calle,,ROSARIO,Rosario,Asfalto,No existe,II,S/D,Urbana,Ninguna,S/D,Intersección,Bueno,Buena,Atardecer,Buen Tiempo,De alcance,S/D,Colisión,Otro,S/D,Ninguna,Sin restricción,POINT (-60.6814366 -32.97641599999999),"['San Nicolás', 'Quintana']",2,"('San Nicolás', 'Presidente Quintana')",-32.97641599999999,-60.6814366,55.0,538.0,Municipio Rosario,Municipio,Rosario,820210,Servicio de Catastro e Información Territorial,IGN
2013,5892,2013-05-07,Martes,0.0,15:00:00,,0.0,2,"Moto/Ciclomotor,Otros",Av. Ovidio Lagos Y Dr. Rivas,2,1,0,0,0,0,1,,Calle,,ROSARIO,Rosario,Asfalto,No existe,II,S/D,Urbana,Ninguna,No existe,Intersección,Bueno,Buena,Diurna,Buen Tiempo,De alcance,S/D,Colisión,S/D,S/D,Cordón divisorio,Sin restricción,POINT (-60.6705014 -32.979572149999996),"['Avenida Ovidio Lagos', 'Doctor Francisco Riva']",2,Avenida Ovidio Lagos; Doctor Francisco Riva,-32.97957215,-60.6705014,55.0,538.0,Municipio Rosario,Municipio,Rosario,820210,Servicio de Catastro e Información Territorial,IGN
2013,5893,2013-06-01,Sabado,1.0,,,0.0,2,"Automóvil,Moto/Ciclomotor",Av. Ovidio Lagos Y Rioja,3,0,1,0,2,0,0,,Avenida,,ROSARIO,Rosario,S/D,S/D,II,Dentro,Urbana,S/D,S/D,Intersección,S/D,S/D,S/D,S/D,S/D,S/D,S/D,S/D,S/D,S/D,S/D,POINT (-60.661744600000006 -32.943415499999986),"['Avenida Ovidio Lagos', 'Rioja']",2,Avenida Ovidio Lagos; Rioja,-32.943415499999986,-60.661744600000006,55.0,538.0,Municipio Rosario,Municipio,Rosario,820210,Servicio de Catastro e Información Territorial,IGN
2013,5894,2013-05-20,Lunes,0.0,00:15:00,,0.0,2,"Automóvil,Ambulancia",Mariano Moreno Y Galvez,2,1,0,0,1,0,0,,Calle,,ROSARIO,Rosario,Asfalto,S/D,II,Dentro,Urbana,S/D,S/D,Intersección,Bueno,Buena,Nocturna,Buen Tiempo,De alcance,S/D,Colisión,S/D,S/D,S/D,S/D,POINT (-60.6562351 -32.96655489999999),"['Mariano Moreno', 'Galvez']",2,Mariano Moreno; José Gálvez,-32.96655489999999,-60.6562351,55.0,538.0,Municipio Rosario,Municipio,Rosario,820210,Servicio de Catastro e Información Territorial,IGN
2013,5896,2013-05-25,Sabado,0.0,18:05:00,,0.0,2,"Moto/Ciclomotor,Automóvil",L.N.Alem Y 24 De Setiembre,2,1,0,0,1,0,0,,Calle,,ROSARIO,Rosario,Asfalto,No existe,II,Dentro,Urbana,Marca Vial,No existe,Intersección,Bueno,Buena,Atardecer,Buen Tiempo,Lateral,S/D,Colisión,S/D,Vertical,Línea divisoria pintada,Sin restricción,POINT (-60.6367922 -32.9820138),"['Alem', '24 de Septiembre']",2,Leandro N. Alem; 24 de Septiembre,-32.9820138,-60.6367922,55.0,538.0,Municipio Rosario,Municipio,Rosario,820210,Servicio de Catastro e Información Territorial,IGN
2013,5897,2013-05-03,Viernes,0.0,14:50:00,,0.0,2,"Moto/Ciclomotor,Automóvil",Solis Y Gorriti,3,1,0,0,2,0,0,,Calle,,ROSARIO,Rosario,Asfalto,No existe,II,Dentro,Urbana,Ninguna,No existe,Intersección,Bueno,Buena,Diurna,S/D,De alcance,S/D,Colisión,S/D,Faltante,Ninguna,Sin restricción,POINT (-60.70404950000001 -32.92411169999999),"['Solis', 'Gorriti']",2,Juan Díaz de Solís; Gorriti,-32.92411169999999,-60.70404950000001,55.0,538.0,Municipio Rosario,Municipio,Rosario,820210,Servicio de Catastro e Información Territorial,IGN
2013,5898,2013-05-14,Martes,0.0,18:40:00,,0.0,2,"Moto/Ciclomotor,Moto/Ciclomotor",Tarragona Y J.B.Justo,3,3,0,0,0,0,0,,Calle,,ROSARIO,Rosario,S/D,S/D,II,S/D,Urbana,S/D,S/D,S/D,S/D,S/D,Atardecer,S/D,S/D,S/D,Colisión,S/D,S/D,S/D,S/D,POINT (-60.7343068 -32.934028),"['Tarragona', 'Justo']",2,"('Tarragona', 'Justo José de Urquiza')",-32.934028,-60.7343068,55.0,538.0,Municipio Rosario,Municipio,Rosario,820210,Servicio de Catastro e Información Territorial,IGN
2013,5899,2013-05-23,Jueves,0.0,00:10:00,,0.0,2,"Moto/Ciclomotor,Automóvil",J.M.de Rosas Y 24 De Setiembre,2,1,0,0,1,0,0,,Calle,,ROSARIO,Rosario,Asfalto,No existe,II,Dentro,Urbana,Marca Vial,No existe,Intersección,Bueno,Buena,"Nocturna,Con luz artificial",Buen Tiempo,Lateral,S/D,Colisión,Otro,Vertical,Línea divisoria pintada,Sin restricción,POINT (-60.6397671 -32.981489700000004),"['De Rosas', '24 de Septiembre']",2,Juan Manuel de Rosas; 24 de Septiembre,-32.981489700000004,-60.6397671,55.0,538.0,Municipio Rosario,Municipio,Rosario,820210,Servicio de Catastro e Información Territorial,IGN
2013,5900,2013-05-25,Sabado,0.0,23:15:00,,0.0,2,"Moto/Ciclomotor,Moto/Ciclomotor",Beruti Y Centeno,3,2,0,0,1,0,0,,Calle,,ROSARIO,Rosario,Asfalto,No existe,II,Dentro,Urbana,Marca Vial,No existe,Intersección,Bueno,Buena,"Nocturna,Con luz artificial",Buen Tiempo,Lateral,S/D,Colisión,S/D,Vertical,Línea divisoria pintada,Sin restricción,POINT (-60.629729600000005 -32.98804949999998),"['Luis Beruti', 'Centeno']",2,Luis Beruti; Coronel Centeno,-32.98804949999998,-60.629729600000005,55.0,538.0,Municipio Rosario,Municipio,Rosario,820210,Servicio de Catastro e Información Territorial,IGN
2013,5901,2013-05-25,Sabado,0.0,,,0.0,2,"Automóvil,Moto/Ciclomotor",Viamonte Y Sarmiento,3,1,0,0,2,0,0,,Calle,,ROSARIO,Rosario,Asfalto,S/D,II,Dentro,Urbana,S/D,S/D,Cruce,Bueno,Buena,S/D,Buen Tiempo,De alcance,S/D,Colisión,S/D,S/D,S/D,S/D,POINT (-60.6429037 -32.9653524),"['Viamonte', 'Sarmiento']",2,Viamonte; Sarmiento,-32.9653524,-60.6429037,55.0,538.0,Municipio Rosario,Municipio,Rosario,820210,Servicio de Catastro e Información Territorial,IGN
2013,5902,2013-05-20,Lunes,0.0,12:00:00,,0.0,2,"Otros,Moto/Ciclomotor",Av. Ntra.Sra.del Rosario Y Pavon,3,1,0,0,2,0,0,,Calle,,ROSARIO,Rosario,Asfalto,No existe,II,S/D,S/D,Ninguna,No existe,Intersección,Bueno,Buena,Diurna,Buen Tiempo,Lateral,S/D,Colisión,S/D,S/D,Barrera de hormigón,Sin restricción,POINT (-60.6341893 -32.9994749),"['Nuestra Señora del Rosario', 'Pavón']",2,Puente Nuestra Señora del Rosario; Pavón,-32.9994749,-60.6341893,55.0,538.0,Municipio Rosario,Municipio,Rosario,820210,Servicio de Catastro e Información Territorial,IGN
2013,5903,2013-05-20,Lunes,0.0,,,0.0,2,"Automóvil,Automóvil",Av. Corrientes Y Cochabamba,6,1,0,0,5,0,0,,Calle,,ROSARIO,Rosario,Asfalto,S/D,II,Dentro,Urbana,S/D,S/D,Intersección,Bueno,Buena,S/D,Buen Tiempo,De alcance,S/D,Colisión,S/D,S/D,S/D,S/D,POINT (-60.6453441 -32.9576917),"['Corrientes', 'Cochabamba']",2,Corrientes; Cochabamba,-32.9576917,-60.6453441,55.0,538.0,Municipio Rosario,Municipio,Rosario,820210,Servicio de Catastro e Información Territorial,IGN
2013,5905,2013-05-17,Viernes,0.0,16:30:00,,0.0,2,"Moto/Ciclomotor,Taxi/Remis",Saavedra Y San Martin,2,1,0,0,1,0,0,,S/D,,ROSARIO,Rosario,Asfalto,No existe,II,S/D,S/D,Semáforo,Funciona,Intersección,Bueno,Buena,Atardecer,Buen Tiempo,Lateral,S/D,Colisión,Otro,Vertical,Línea divisoria pintada,Sin restricción,POINT (-60.64439204999999 -32.978251650000004),"['Saavedra', 'San Martin']",2,Saavedra; José de San Martín,-32.978251650000004,-60.64439204999999,55.0,538.0,Municipio Rosario,Municipio,Rosario,820210,Servicio de Catastro e Información Territorial,IGN
2013,5906,2013-05-20,Lunes,0.0,21:00:00,,0.0,2,"Automóvil,Automóvil",Av. Corrientes Y Cerrito,4,3,0,0,1,0,0,,Calle,,ROSARIO,Rosario,Asfalto,S/D,II,Dentro,Urbana,S/D,S/D,Cruce,Bueno,Buena,Nocturna,Buen Tiempo,De alcance,S/D,Colisión,S/D,S/D,S/D,S/D,POINT (-60.6462178 -32.96111909999998),"['Corrientes', 'Cerrito']",2,Corrientes; Cerrito,-32.96111909999998,-60.6462178,55.0,538.0,Municipio Rosario,Municipio,Rosario,820210,Servicio de Catastro e Información Territorial,IGN
2013,5907,2013-05-24,Viernes,0.0,20:45:00,,0.0,2,"Moto/Ciclomotor,Automóvil",Garay Y Chacabuco,2,1,0,0,1,0,0,,Calle,,ROSARIO,Rosario,Asfalto,No existe,II,Dentro,Urbana,Marca Vial,No existe,Intersección,Bueno,Buena,"Nocturna,Con luz artificial",Buen Tiempo,Lateral,S/D,Colisión,S/D,Vertical,Línea divisoria pintada,Sin restricción,POINT (-60.6298498 -32.977251),"['Garay', 'Chacabuco']",2,Juan de Garay; Chacabuco,-32.977251,-60.6298498,55.0,538.0,Municipio Rosario,Municipio,Rosario,820210,Servicio de Catastro e Información Territorial,IGN
2013,5908,2013-05-25,Sabado,0.0,16:30:00,,0.0,2,"Moto/Ciclomotor,Automóvil",Bv. Oroño Y Juan Canals,2,1,0,0,1,0,0,,Avenida,,ROSARIO,Rosario,Asfalto,No existe,II,Dentro,Urbana,Semáforo,Funciona,Intersección,Bueno,S/D,Diurna,S/D,Lateral,S/D,Colisión,S/D,"Horizontal,Vertical",Ninguna,Sin restricción,POINT (-60.66411445 -32.9867086),"['Bulevar Nicasio Oroño', 'Juan Canals']",2,Bulevar Nicasio Oroño; Juan Canals,-32.9867086,-60.66411445,55.0,538.0,Municipio Rosario,Municipio,Rosario,820210,Servicio de Catastro e Información Territorial,IGN
2013,5909,2013-05-22,Miercoles,0.0,14:00:00,,0.0,2,"Bicicleta,Moto/Ciclomotor",Buenos Aires Y Biedma,2,1,0,0,1,0,0,,Calle,,ROSARIO,Rosario,Asfalto,No existe,II,Dentro,Urbana,Marca Vial,No existe,Intersección,Bueno,Buena,Diurna,Buen Tiempo,S/D,S/D,Atropello,Otro,Vertical,Línea divisoria pintada,S/D,POINT (-60.6414998 -32.9823454),"['Buenos Aires', 'Coronel Biedma']",2,Buenos Aires; Coronel Biedma,-32.9823454,-60.6414998,55.0,538.0,Municipio Rosario,Municipio,Rosario,820210,Servicio de Catastro e Información Territorial,IGN
2013,5910,2013-05-26,Domingo,0.0,21:30:00,,0.0,2,"Bicicleta,Automóvil",Sarmiento Y Pasco,2,1,0,0,1,0,0,,Calle,,ROSARIO,Rosario,Asfalto,S/D,II,Dentro,Urbana,S/D,S/D,Recta,Bueno,Buena,Nocturna,Buen Tiempo,S/D,S/D,Atropello,S/D,S/D,S/D,S/D,POINT (-60.6414543 -32.95957909999999),"['Sarmiento', 'Pasco']",2,Sarmiento; Pasco,-32.95957909999999,-60.6414543,55.0,538.0,Municipio Rosario,Municipio,Rosario,820210,Servicio de Catastro e Información Territorial,IGN
2013,5911,2013-05-09,Jueves,0.0,09:30:00,,0.0,2,"Automóvil,Moto/Ciclomotor",Av. Eva Peron Y Donado,3,2,0,0,1,0,0,,Avenida,,ROSARIO,Rosario,Asfalto,Pavimento,II,S/D,Urbana,Semáforo,Funciona,Intersección,Bueno,Buena,Diurna,Buen Tiempo,Lateral,S/D,Colisión,S/D,S/D,Cordón divisorio,Sin restricción,POINT (-60.727380600000004 -32.93040499999999),"['Avenida Eva Perón', 'Donado']",2,Avenida Eva Perón; José Agustín Donado,-32.93040499999999,-60.7273806,55.0,538.0,Municipio Rosario,Municipio,Rosario,820210,Servicio de Catastro e Información Territorial,IGN
2013,5912,2013-05-27,Lunes,0.0,18:35:00,,0.0,2,"Moto/Ciclomotor,Automóvil",Bv. Oroño Y Coulin,3,2,0,0,1,0,0,,Avenida,,ROSARIO,Rosario,Asfalto,No existe,II,Dentro,Urbana,Semáforo,Funciona,Intersección,Bueno,Buena,Atardecer,S/D,Lateral,S/D,Colisión,S/D,"Horizontal,Vertical",Ninguna,Sin restricción,POINT (-60.6646975 -32.98902485),"['Bulevar Nicasio Oroño', 'Coulin']",2,Bulevar Nicasio Oroño; Coulin,-32.98902485,-60.6646975,55.0,538.0,Municipio Rosario,Municipio,Rosario,820210,Servicio de Catastro e Información Territorial,IGN
2013,5913,2013-05-24,Viernes,0.0,19:00:00,,0.0,2,"Moto/Ciclomotor,Automóvil",Ayacucho Y Virasoro,3,2,0,0,1,0,0,,Calle,,ROSARIO,Rosario,Asfalto,No existe,II,Dentro,Urbana,Marca Vial,No existe,Intersección,Bueno,Buena,"Atardecer,Con luz artificial",Buen Tiempo,Lateral,S/D,Colisión,S/D,Vertical,Línea divisoria pintada,Sin restricción,POINT (-60.6328196 -32.9719441),"['Ayacucho', 'Virasoro']",2,Ayacucho; Benjamín Virasoro,-32.9719441,-60.6328196,55.0,538.0,Municipio Rosario,Municipio,Rosario,820210,Servicio de Catastro e Información Territorial,IGN
2013,5915,2013-05-27,Lunes,0.0,12:40:00,,0.0,2,"Automóvil,Moto/Ciclomotor",Italia Y Viamonte,2,1,0,0,1,0,0,,Calle,,ROSARIO,Rosario,Asfalto,S/D,II,Dentro,Urbana,S/D,S/D,Recta,Bueno,Buena,Diurna,Buen Tiempo,De alcance,S/D,Colisión,S/D,S/D,S/D,S/D,POINT (-60.6526311 -32.9636254),"['Italia', 'Viamonte']",2,Italia; Viamonte,-32.9636254,-60.6526311,55.0,538.0,Municipio Rosario,Municipio,Rosario,820210,Servicio de Catastro e Información Territorial,IGN
2013,5916,2013-05-19,Domingo,0.0,10:30:00,,0.0,2,"Moto/Ciclomotor,Automóvil",Grandoli Y Biedma,3,1,0,0,2,0,0,,Avenida,,ROSARIO,Rosario,Asfalto,No existe,II,Dentro,Urbana,Marca Vial,No existe,Intersección,Bueno,Buena,Atardecer,Buen Tiempo,Lateral,S/D,Colisión,Otro,Vertical,Cordón divisorio,Sin restricción,POINT (-60.62816415 -32.984736049999995),"['Avenida Abanderado Grandoli', 'Coronel Biedma']",2,Avenida Abanderado Grandoli; Coronel Biedma,-32.984736049999995,-60.62816415,55.0,538.0,Municipio Rosario,Municipio,Rosario,820210,Servicio de Catastro e Información Territorial,IGN
2013,5917,2013-05-24,Viernes,0.0,19:00:00,,0.0,2,"Moto/Ciclomotor,Automóvil",Riobamba 800,2,1,0,0,1,0,0,,Calle,,ROSARIO,Rosario,Asfalto,S/D,II,Dentro,Urbana,S/D,S/D,Recta,Bueno,Buena,Nocturna,Buen Tiempo,De alcance,S/D,Colisión,S/D,S/D,S/D,S/D,"-32.9637169, -60.6381938",['Riobamba 800'],1,Riobamba 800,-32.9637169,-60.6381938,55.0,538.0,Municipio Rosario,Municipio,Rosario,820210,Servicio de Catastro e Información Territorial,IGN
2013,5918,2013-05-23,Jueves,0.0,10:15:00,,0.0,2,"Automóvil,Moto/Ciclomotor",Pte.Quintana Y Santiago,2,1,0,0,1,0,0,,Calle,,ROSARIO,Rosario,Asfalto,No existe,II,Dentro,Urbana,Ninguna,No existe,Intersección,Bueno,Buena,Diurna,S/D,Lateral,S/D,Colisión,S/D,Faltante,Ninguna,Sin restricción,POINT (-60.665064 -32.97934030000001),"['Quintana', 'Santiago']",2,"('Presidente Quintana', 'Santiago')",-32.97934030000001,-60.665064,55.0,538.0,Municipio Rosario,Municipio,Rosario,820210,Servicio de Catastro e Información Territorial,IGN
2013,5919,2013-05-20,Lunes,0.0,18:45:00,,0.0,2,"Peatón,Moto/Ciclomotor",Ayacucho Y Pte.Quintana,3,2,0,1,0,0,0,,Calle,,ROSARIO,Rosario,Asfalto,No existe,II,Dentro,Urbana,Señal Ceda el Paso,No existe,Intersección,Bueno,Buena,"Atardecer,Con luz artificial",Lluvia,S/D,S/D,Atropello,Agua,Vertical,Línea divisoria pintada,Sin restricción,POINT (-60.63599090000001 -32.98455119999999),"['Ayacucho', 'Quintana']",2,"('Ayacucho', 'Presidente Quintana')",-32.98455119999999,-60.63599090000001,55.0,538.0,Municipio Rosario,Municipio,Rosario,820210,Servicio de Catastro e Información Territorial,IGN
2013,5920,2013-05-24,Viernes,0.0,20:00:00,,0.0,2,"Moto/Ciclomotor,Automóvil",Necochea Y Biedma,2,1,0,0,1,0,0,,Calle,,ROSARIO,Rosario,Asfalto,No existe,II,Dentro,Urbana,S/D,No existe,Intersección,Bueno,Buena,"Nocturna,Con luz artificial",S/D,S/D,S/D,S/D,S/D,Vertical,Línea divisoria pintada,S/D,POINT (-60.63296999999999 -32.98387449999999),"['Necochea', 'Coronel Biedma']",2,Necochea; Coronel Biedma,-32.98387449999999,-60.63296999999999,55.0,538.0,Municipio Rosario,Municipio,Rosario,820210,Servicio de Catastro e Información Territorial,IGN
2013,5921,2013-05-27,Lunes,0.0,17:00:00,,0.0,2,"Automóvil,Moto/Ciclomotor",Italia Y Bv. Segui,2,1,0,0,1,0,0,,Calle,,ROSARIO,Rosario,Asfalto,No existe,II,Dentro,Urbana,Ninguna,No existe,Intersección,Bueno,Buena,Atardecer,S/D,Lateral,S/D,Colisión,S/D,Faltante,Ninguna,Sin restricción,POINT (-60.6560807 -32.977334),"['Italia', 'Bulevar Juan Francisco Seguí']",2,Italia; Bulevar Juan Francisco Seguí,-32.977334,-60.6560807,55.0,538.0,Municipio Rosario,Municipio,Rosario,820210,Servicio de Catastro e Información Territorial,IGN
2013,5922,2013-05-27,Lunes,0.0,15:30:00,,0.0,2,"Automóvil,Automóvil",Paraguay Y Amenabar,3,1,0,0,2,0,0,,Calle,,ROSARIO,Rosario,Asfalto,S/D,II,Dentro,Urbana,S/D,S/D,Recta,Bueno,S/D,Diurna,Buen Tiempo,De alcance,S/D,Colisión,S/D,S/D,S/D,S/D,POINT (-60.65023029999999 -32.97121039999999),"['Paraguay', 'Amenabar']",2,Paraguay; José de Amenábar,-32.97121039999999,-60.65023029999999,55.0,538.0,Municipio Rosario,Municipio,Rosario,820210,Servicio de Catastro e Información Territorial,IGN
2013,5923,2013-05-19,Domingo,0.0,03:45:00,,0.0,2,"Moto/Ciclomotor,Automóvil",Buenos Aires Y Rueda,3,0,0,1,2,0,0,,Calle,,ROSARIO,Rosario,Asfalto,No existe,II,Dentro,Urbana,Marca Vial,No existe,Intersección,Bueno,Buena,"Nocturna,Con luz artificial",Buen Tiempo,Lateral,S/D,Colisión,Otro,Vertical,Línea divisoria pintada,Sin restricción,POINT (-60.638891900000004 -32.9720512),"['Buenos Aires', 'Rueda']",2,Buenos Aires; Rueda,-32.9720512,-60.6388919,55.0,538.0,Municipio Rosario,Municipio,Rosario,820210,Servicio de Catastro e Información Territorial,IGN
2013,5924,2013-05-20,Lunes,0.0,09:00:00,,0.0,2,"Automóvil,Bicicleta",Bv. 27 De Febrero 2700,2,1,0,0,1,0,0,,Avenida,,ROSARIO,Rosario,Asfalto,No existe,II,Dentro,Urbana,S/D,No existe,Recta,Bueno,Buena,Diurna,Buen Tiempo,S/D,S/D,Atropello,S/D,S/D,S/D,S/D,"-32.9635249, -60.6655303",['27 De Febrero 2700'],1,27 De Febrero 2700,-32.9635249,-60.6655303,55.0,538.0,Municipio Rosario,Municipio,Rosario,820210,Servicio de Catastro e Información Territorial,IGN
2013,5925,2013-05-10,Viernes,0.0,15:50:00,,0.0,2,"Pickup/Utilitario,Moto/Ciclomotor",Dorrego Y Dean Funes,2,1,0,0,1,0,0,,Calle,,ROSARIO,Rosario,Asfalto,No existe,II,Dentro,Urbana,Ninguna,No existe,Intersección,Bueno,Buena,Atardecer,S/D,Lateral,S/D,Colisión,S/D,Faltante,Ninguna,Sin restricción,POINT (-60.656588500000005 -32.9736841),"['Dorrego', 'Deán Gregorio Funes']",2,Manuel Dorrego; Deán Gregorio Funes,-32.9736841,-60.656588500000005,55.0,538.0,Municipio Rosario,Municipio,Rosario,820210,Servicio de Catastro e Información Territorial,IGN
2013,5927,2013-05-22,Miercoles,0.0,19:00:00,,0.0,2,"Moto/Ciclomotor,Automóvil",Av. Ntra.Sra.del Rosario Y Av. Corrientes,2,1,0,0,1,0,0,,Avenida,,ROSARIO,Rosario,Asfalto,No existe,II,Dentro,Urbana,Semáforo,Funciona,Intersección,Bueno,Buena,Atardecer,S/D,Lateral,S/D,Colisión,S/D,"Horizontal,Vertical",Ninguna,Sin restricción,POINT (-60.6533567 -33.0000033),"['Nuestra Señora del Rosario', 'Corrientes']",2,Puente Nuestra Señora del Rosario; Corrientes,-33.0000033,-60.6533567,55.0,538.0,Municipio Rosario,Municipio,Rosario,820210,Servicio de Catastro e Información Territorial,IGN
2013,5928,2013-05-22,Miercoles,0.0,,,0.0,3,"Automóvil,Automóvil,Automóvil",Bv. 27 De Febrero Y San Martin,5,2,0,0,3,0,0,,Avenida,,ROSARIO,Rosario,Asfalto,S/D,II,S/D,Urbana,S/D,S/D,Recta,Bueno,Buena,Diurna,Buen Tiempo,De alcance,S/D,Colisión,S/D,S/D,S/D,S/D,POINT (-60.642020650000006 -32.96785644999999),"['27 de Febrero', 'San Martin']",2,Bulevar 27 de Febrero; José de San Martín,-32.96785644999999,-60.642020650000006,55.0,538.0,Municipio Rosario,Municipio,Rosario,820210,Servicio de Catastro e Información Territorial,IGN