anio_acci,nro_acci,fecha,desc_dia,fecha_aprox,hora_aprox,desc_ruta,km,cant_participantes,desc_participante,calle_avenida_km,total,heridos_leves,heridos_graves,heridos_gravisimos,ilesos,fallecidos,sin_datos,posicion_XY,desc_tipo_via,desc_ruta_ori,desc_loc,desc_dpto,desc_tipo_calzada,desc_tipo_banquina,desc_unidad_regional,desc_lugar_calzada,desc_zona,desc_prioridad,desc_estado_semaforo,desc_lugar_via,desc_estado_via,desc_estado_visibilidad,desc_luminosidad,desc_estado_clima,desc_tipo_colision,desc_tipo_atropello,desc_tipo_hecho,desc_pres_calzada,desc_senializacion,desc_separacion_via,desc_restriccion,forma_geocod,calle_lista,numero_calles,calles_osm,lat,lon,index_right,gid,fna,gna,nam,in1,fdc,sag
2013,6025,2013-04-10,Miercoles,0.0,17:00:00,,0.0,2,"Moto/Ciclomotor,Automóvil",Av. Ovidio Lagos Y Bv. 27 De Febrero,3,2,0,0,1,0,0,,Avenida,,ROSARIO,Rosario,Asfalto,S/D,II,Dentro,Urbana,S/D,S/D,Cruce,Bueno,Buena,Diurna,Buen Tiempo,De alcance,S/D,Colisión,S/D,S/D,S/D,S/D,POINT (-60.66661663333334 -32.963496),"['Avenida Ovidio Lagos', '27 de Febrero']",2,Avenida Ovidio Lagos; Bulevar 27 de Febrero,-32.963496,-60.66661663333334,55.0,538.0,Municipio Rosario,Municipio,Rosario,820210,Servicio de Catastro e Información Territorial,IGN
2013,6026,2013-04-19,Viernes,0.0,06:45:00,,0.0,2,"Moto/Ciclomotor,Moto/Ciclomotor",Cochabamba Y Bv. Oroño,3,2,0,0,1,0,0,,Avenida,,ROSARIO,Rosario,Asfalto,S/D,II,Dentro,Urbana,S/D,S/D,Intersección,Bueno,Buena,S/D,Buen Tiempo,De alcance,S/D,Colisión,S/D,S/D,S/D,S/D,POINT (-60.656339 -32.9556154),"['Cochabamba', 'Bulevar Nicasio Oroño']",2,Cochabamba; Bulevar Nicasio Oroño,-32.9556154,-60.656339,55.0,538.0,Municipio Rosario,Municipio,Rosario,820210,Servicio de Catastro e Información Territorial,IGN
2013,6027,2013-04-30,Martes,0.0,20:30:00,,0.0,2,"Automóvil,Bicicleta",Entre Rios Y Bv. Segui,2,1,0,0,1,0,0,,Calle,,ROSARIO,Rosario,Asfalto,No existe,II,Dentro,Urbana,Ninguna,No existe,Intersección,Bueno,Buena,Nocturna,S/D,Lateral,S/D,Atropello,S/D,Faltante,Ninguna,Sin restricción,POINT (-60.6491681 -32.97857979999999),"['Entre Ríos', 'Bulevar Juan Francisco Seguí']",2,Entre Ríos; Bulevar Juan Francisco Seguí,-32.97857979999999,-60.6491681,55.0,538.0,Municipio Rosario,Municipio,Rosario,820210,Servicio de Catastro e Información Territorial,IGN
2013,6030,2013-04-12,Viernes,0.0,11:55:00,,0.0,2,"Automóvil,Taxi/Remis",Av. Pellegrini Y Italia,2,1,0,0,0,0,1,,Avenida,,ROSARIO,Rosario,Asfalto,S/D,II,Dentro,Urbana,S/D,S/D,Recta,Bueno,Buena,Diurna,Buen Tiempo,De alcance,S/D,Colisión,S/D,S/D,S/D,S/D,POINT (-60.650600100000005 -32.955561700000004),"['Pellegrini', 'Italia']",2,Avenida Carlos Pellegrini; Italia,-32.955561700000004,-60.650600100000005,55.0,538.0,Municipio Rosario,Municipio,Rosario,820210,Servicio de Catastro e Información Territorial,IGN
2013,6031,2013-04-21,Domingo,0.0,,,0.0,2,"Automóvil,Automóvil",Bv. 27 De Febrero Y Av. Corrientes,3,1,0,0,2,0,0,,Avenida,,ROSARIO,Rosario,Asfalto,S/D,II,Dentro,Urbana,S/D,S/D,Intersección,Bueno,Buena,S/D,Buen Tiempo,De alcance,S/D,Colisión,S/D,S/D,S/D,S/D,POINT (-60.64767495000001 -32.9668455),"['27 de Febrero', 'Corrientes']",2,Bulevar 27 de Febrero; Corrientes,-32.9668455,-60.64767495000001,55.0,538.0,Municipio Rosario,Municipio,Rosario,820210,Servicio de Catastro e Información Territorial,IGN
2013,6035,2013-04-16,Martes,0.0,06:55:00,,0.0,2,"Moto/Ciclomotor,Taxi/Remis",9 De Julio Y Pueyrredon,2,1,0,0,1,0,0,,Calle,,ROSARIO,Rosario,Asfalto,S/D,II,Dentro,Urbana,S/D,S/D,Intersección,S/D,S/D,Amanecer,S/D,Lateral,S/D,Colisión,S/D,S/D,Cordón divisorio,S/D,POINT (-60.65923800000001 -32.95042960000001),"['9 de Julio', 'Pueyrredón']",2,9 de Julio; Pueyrredón,-32.95042960000001,-60.65923800000001,55.0,538.0,Municipio Rosario,Municipio,Rosario,820210,Servicio de Catastro e Información Territorial,IGN
2013,6036,2013-04-23,Martes,0.0,18:00:00,,0.0,2,"Automóvil,Moto/Ciclomotor",España Y Cerrito,2,1,0,0,1,0,0,,Calle,,ROSARIO,Rosario,Asfalto,S/D,II,Dentro,Urbana,S/D,S/D,Cruce,Bueno,Buena,Diurna,Buen Tiempo,De alcance,S/D,Colisión,S/D,S/D,S/D,S/D,POINT (-60.650363600000006 -32.9603736),"['España', 'Cerrito']",2,España; Cerrito,-32.9603736,-60.650363600000006,55.0,538.0,Municipio Rosario,Municipio,Rosario,820210,Servicio de Catastro e Información Territorial,IGN
2013,6038,2013-04-28,Domingo,0.0,18:00:00,,0.0,2,"Taxi/Remis,Moto/Ciclomotor",Entre Rios Y Bv. Segui,2,1,0,0,1,0,0,,Avenida,,ROSARIO,Rosario,Asfalto,No existe,II,Dentro,Urbana,Ninguna,No existe,Intersección,Bueno,Buena,Atardecer,S/D,Lateral,S/D,Colisión,S/D,Faltante,Ninguna,Sin restricción,POINT (-60.6491681 -32.97857979999999),"['Entre Ríos', 'Bulevar Juan Francisco Seguí']",2,Entre Ríos; Bulevar Juan Francisco Seguí,-32.97857979999999,-60.6491681,55.0,538.0,Municipio Rosario,Municipio,Rosario,820210,Servicio de Catastro e Información Territorial,IGN
2013,6042,2013-04-15,Lunes,0.0,10:00:00,,0.0,2,"Moto/Ciclomotor,Automóvil",Paraguay Y Virasoro,2,1,0,0,1,0,0,,Calle,,ROSARIO,Rosario,Asfalto,S/D,II,Dentro,Urbana,S/D,S/D,Recta,Bueno,Buena,Diurna,Buen Tiempo,De alcance,S/D,Colisión,S/D,S/D,S/D,S/D,POINT (-60.64965960000001 -32.9689509),"['Paraguay', 'Virasoro']",2,Paraguay; Benjamín Virasoro,-32.9689509,-60.64965960000001,55.0,538.0,Municipio Rosario,Municipio,Rosario,820210,Servicio de Catastro e Información Territorial,IGN
2013,6046,2013-04-10,Miercoles,0.0,11:20:00,,0.0,2,"Automóvil,Automóvil",Sarmiento Y Virasoro,5,2,0,0,3,0,0,,Calle,,ROSARIO,Rosario,Asfalto,S/D,II,Dentro,Urbana,S/D,S/D,Cruce,Bueno,Buena,Diurna,Buen Tiempo,De alcance,S/D,Colisión,S/D,S/D,S/D,S/D,POINT (-60.6440624 -32.969927),"['Sarmiento', 'Virasoro']",2,Sarmiento; Benjamín Virasoro,-32.969927,-60.6440624,55.0,538.0,Municipio Rosario,Municipio,Rosario,820210,Servicio de Catastro e Información Territorial,IGN
2013,6050,2013-04-19,Viernes,0.0,00:15:00,,0.0,2,"Moto/Ciclomotor,Automóvil",Av. Pellegrini Y Mariano Moreno,2,1,0,0,1,0,0,,Avenida,,ROSARIO,Rosario,Asfalto,S/D,II,Dentro,Urbana,S/D,S/D,Intersección,Bueno,Buena,Nocturna,Buen Tiempo,Lateral,S/D,Colisión,S/D,S/D,S/D,S/D,POINT (-60.65335815 -32.955066949999996),"['Pellegrini', 'Mariano Moreno']",2,Avenida Carlos Pellegrini; Mariano Moreno,-32.95506695,-60.65335815,55.0,538.0,Municipio Rosario,Municipio,Rosario,820210,Servicio de Catastro e Información Territorial,IGN
2013,6053,2013-04-27,Sabado,0.0,12:00:00,,0.0,2,"Bicicleta,Automóvil",Saavedra Y Rodriguez,2,1,0,0,1,0,0,,Calle,,ROSARIO,Rosario,Asfalto,No existe,II,Dentro,Urbana,Ninguna,No existe,Intersección,Bueno,Buena,Diurna,S/D,Lateral,S/D,Atropello,S/D,Faltante,Ninguna,Sin restricción,POINT (-60.6666773 -32.97426459999999),"['Saavedra', 'Rodríguez']",2,Saavedra; Rodríguez de Escobedo,-32.97426459999999,-60.6666773,55.0,538.0,Municipio Rosario,Municipio,Rosario,820210,Servicio de Catastro e Información Territorial,IGN
2013,6060,2013-04-22,Lunes,0.0,11:50:00,,0.0,2,"Moto/Ciclomotor,Automóvil",Anchoris Y Republica de Irak,2,1,0,0,1,0,0,,Calle,,ROSARIO,Rosario,Asfalto,No existe,II,Dentro,Urbana,Ninguna,No existe,Recta,Bueno,Buena,Diurna,Buen Tiempo,De alcance,S/D,Colisión,Otro,Faltante,Ninguna,Sin restricción,POINT (-60.70246499999999 -32.88674879999999),"['Anchoris', 'República de Irak']",2,Anchoris; República de Irak,-32.88674879999999,-60.70246499999999,55.0,538.0,Municipio Rosario,Municipio,Rosario,820210,Servicio de Catastro e Información Territorial,IGN
2013,6063,2013-04-19,Viernes,0.0,13:40:00,,0.0,2,"Automóvil,Bicicleta",Bv. Oroño Y Av. Dante Alighieri,2,1,0,0,1,0,0,,Avenida,,ROSARIO,Rosario,Asfalto,S/D,II,Dentro,Urbana,S/D,S/D,Intersección,Bueno,Buena,Diurna,Buen Tiempo,S/D,S/D,Atropello,S/D,S/D,S/D,S/D,POINT (-60.6579301 -32.961999649999996),"['Bulevar Nicasio Oroño', 'Dante Alighieri']",2,"('Ciclovía Bulevar Nicasio Oroño', 'Avenida Dante Alighieri')",-32.96199965,-60.6579301,55.0,538.0,Municipio Rosario,Municipio,Rosario,820210,Servicio de Catastro e Información Territorial,IGN
2013,6064,2013-05-18,Sabado,0.0,16:15:00,,0.0,2,"Bicicleta,Automóvil",San Martin Y Esteban de Luca,3,2,0,0,1,0,0,,Avenida,,ROSARIO,Rosario,Asfalto,No existe,II,Dentro,Urbana,Ninguna,No existe,Intersección,Bueno,Buena,Atardecer,S/D,Lateral,S/D,"Colisión,Atropello",S/D,Faltante,Ninguna,Sin restricción,POINT (-60.69698706666666 -32.97095953333332),"['San Martin', 'Esteban de Luca']",2,José de San Martín; Esteban de Luca,-32.97095953333332,-60.69698706666666,55.0,538.0,Municipio Rosario,Municipio,Rosario,820210,Servicio de Catastro e Información Territorial,IGN
2013,6068,2013-04-22,Lunes,0.0,11:30:00,,0.0,2,"Bicicleta,Automóvil",Freyre Y Molina,3,2,0,0,1,0,0,,Calle,,ROSARIO,Rosario,Asfalto,No existe,II,S/D,Urbana,Ninguna,No existe,Intersección,Bueno,Buena,Diurna,Buen Tiempo,S/D,S/D,Atropello,Otro,Faltante,Ninguna,Sin restricción,POINT (-60.704616300000005 -32.8955884),"['Freyre', 'Molina']",2,Freyre; Molina,-32.8955884,-60.704616300000005,55.0,538.0,Municipio Rosario,Municipio,Rosario,820210,Servicio de Catastro e Información Territorial,IGN
2013,6069,2013-04-26,Viernes,0.0,15:00:00,,0.0,2,"Automóvil,Automóvil",Centeno Y Mitre,2,1,0,0,1,0,0,,Calle,,ROSARIO,Rosario,Asfalto,No existe,II,Dentro,Urbana,Ninguna,No existe,Intersección,Bueno,Buena,Diurna,S/D,Lateral,S/D,Colisión,S/D,Faltante,Ninguna,Sin restricción,POINT (-60.6492212 -32.984583499999985),"['Centeno', 'Mitre']",2,Coronel Centeno; Bartolomé Mitre,-32.984583499999985,-60.6492212,55.0,538.0,Municipio Rosario,Municipio,Rosario,820210,Servicio de Catastro e Información Territorial,IGN
2013,6076,2013-04-03,Miercoles,0.0,17:00:00,,0.0,1,Moto/Ciclomotor,Av. Irigoyen 1300,2,2,0,0,0,0,0,,Calle,,ROSARIO,Rosario,Asfalto,No existe,II,Dentro,Urbana,Semáforo,Funciona,Recta,Bueno,Buena,Diurna,Buen Tiempo,Atropello animal,S/D,Colisión,S/D,Vertical,Línea divisoria pintada,Sin restricción,"-32.8845938, -60.7016158",['Avenida Hipólito Irigoyen 1300'],1,Avenida Hipólito Irigoyen 1300,-32.8845938,-60.7016158,55.0,538.0,Municipio Rosario,Municipio,Rosario,820210,Servicio de Catastro e Información Territorial,IGN
2013,6080,2013-04-25,Jueves,0.0,13:00:00,,0.0,2,"Peatón,Moto/Ciclomotor",Saavedra Y Mitre,2,1,0,0,1,0,0,,Calle,,ROSARIO,Rosario,Asfalto,No existe,II,Dentro,Urbana,Ninguna,No existe,Intersección,Bueno,Buena,Diurna,S/D,Lateral,S/D,Atropello,S/D,Faltante,S/D,Sin restricción,POINT (-60.64743719999999 -32.977708099999994),"['Saavedra', 'Mitre']",2,Saavedra; Bartolomé Mitre,-32.977708099999994,-60.64743719999999,55.0,538.0,Municipio Rosario,Municipio,Rosario,820210,Servicio de Catastro e Información Territorial,IGN
2013,6082,2013-05-16,Jueves,0.0,18:30:00,,0.0,2,"Moto/Ciclomotor,Automóvil",Benito Juarez Y Patricias Argentinas,2,1,0,0,1,0,0,,Calle,,ROSARIO,Rosario,Asfalto,No existe,II,Dentro,Urbana,Ninguna,No existe,Intersección,Bueno,S/D,Diurna,Buen Tiempo,Lateral,S/D,Colisión,Agua,S/D,Ninguna,Sin restricción,POINT (-60.6362742 -32.9925193),"['Benito Juárez', 'Patricias Argentinas']",2,Benito Juárez; Patricias Argentinas,-32.9925193,-60.6362742,55.0,538.0,Municipio Rosario,Municipio,Rosario,820210,Servicio de Catastro e Información Territorial,IGN
2013,6084,2013-05-18,Sabado,0.0,17:45:00,,0.0,2,"Automóvil,Moto/Ciclomotor",Necochea Y Bv. 27 De Febrero,2,1,0,0,1,0,0,,Avenida,,ROSARIO,Rosario,Asfalto,S/D,II,Dentro,Urbana,Semáforo,Funciona,Intersección,S/D,Buena,Diurna,Buen Tiempo,Lateral,S/D,Colisión,Agua,S/D,S/D,S/D,POINT (-60.6294936 -32.9701003),"['Necochea', '27 de Febrero']",2,Necochea; Bulevar 27 de Febrero,-32.9701003,-60.6294936,55.0,538.0,Municipio Rosario,Municipio,Rosario,820210,Servicio de Catastro e Información Territorial,IGN
2013,6087,2013-05-26,Domingo,0.0,18:30:00,,0.0,2,"Moto/Ciclomotor,Automóvil",Ayacucho Y Av. Arijon,2,1,0,0,1,0,0,,Calle,,ROSARIO,Rosario,Asfalto,No existe,II,Dentro,Urbana,Semáforo,Funciona,Intersección,Bueno,Buena,Diurna,Buen Tiempo,Lateral,S/D,Colisión,S/D,S/D,Ninguna,Sin restricción,POINT (-60.6360487 -33.00266679999999),"['Ayacucho', 'Avenida Manuel Arijón']",2,Ayacucho; Avenida Manuel Arijón,-33.00266679999999,-60.6360487,55.0,538.0,Municipio Rosario,Municipio,Rosario,820210,Servicio de Catastro e Información Territorial,IGN
2013,6088,2013-04-19,Viernes,0.0,12:45:00,,0.0,1,Moto/Ciclomotor,Av. Pellegrini Y Suipacha,2,2,0,0,0,0,0,,Avenida,,ROSARIO,Rosario,Asfalto,S/D,II,Dentro,Urbana,S/D,S/D,Recta,Bueno,Buena,Diurna,Buen Tiempo,S/D,S/D,Caída ocupante,S/D,S/D,S/D,S/D,POINT (-60.666887849999995 -32.95262544999999),"['Pellegrini', 'Suipacha']",2,Avenida Carlos Pellegrini; Suipacha,-32.95262544999999,-60.66688785,55.0,538.0,Municipio Rosario,Municipio,Rosario,820210,Servicio de Catastro e Información Territorial,IGN
2013,6093,2013-05-28,Martes,0.0,14:00:00,,0.0,2,"Peatón,Moto/Ciclomotor",Av. Battle y Ordoñez Y Av. Bermudez,2,1,0,0,1,0,0,,Calle,,ROSARIO,Rosario,Asfalto,S/D,II,Dentro,Urbana,Otra Señal,No existe,Intersección,"Bueno,Otro",Buena,Diurna,S/D,S/D,S/D,Atropello,S/D,S/D,S/D,Reparación de Vía,POINT (-60.642303600000005 -33.00874819999999),"['Avenida Battle y Ordoñez', 'Bermudez']",2,Avenida Battle y Ordoñez; Avenida José Bermúdez,-33.00874819999999,-60.642303600000005,55.0,538.0,Municipio Rosario,Municipio,Rosario,820210,Servicio de Catastro e Información Territorial,IGN
2013,6095,2013-05-18,Sabado,0.0,15:30:00,,0.0,2,"Automóvil,Moto/Ciclomotor",Buenos Aires Y Bv. 27 De Febrero,4,2,0,0,2,0,0,,Avenida,,ROSARIO,Rosario,Asfalto,S/D,II,Dentro,Urbana,S/D,S/D,Intersección,Bueno,Buena,Diurna,S/D,Lateral,S/D,Colisión,S/D,S/D,S/D,S/D,POINT (-60.638013349999994 -32.9685675),"['Buenos Aires', '27 de Febrero']",2,Buenos Aires; Bulevar 27 de Febrero,-32.9685675,-60.63801335,55.0,538.0,Municipio Rosario,Municipio,Rosario,820210,Servicio de Catastro e Información Territorial,IGN
2013,6096,2013-04-17,Miercoles,0.0,17:00:00,,0.0,2,"Pickup/Utilitario,Moto/Ciclomotor",Av. Ovidio Lagos Y Bv. 27 De Febrero,2,1,0,0,1,0,0,,Avenida,,ROSARIO,Rosario,Asfalto,S/D,II,Dentro,Urbana,S/D,S/D,Intersección,Bueno,Buena,Diurna,Buen Tiempo,De alcance,S/D,Colisión,S/D,S/D,S/D,S/D,POINT (-60.66661663333334 -32.963496),"['Avenida Ovidio Lagos', '27 de Febrero']",2,Avenida Ovidio Lagos; Bulevar 27 de Febrero,-32.963496,-60.66661663333334,55.0,538.0,Municipio Rosario,Municipio,Rosario,820210,Servicio de Catastro e Información Territorial,IGN
2013,6097,2013-04-18,Jueves,0.0,15:30:00,,0.0,2,"Automóvil,Automóvil",Av. J.Lovalvo 2600,3,1,0,0,2,0,0,,Avenida,,ROSARIO,Rosario,Asfalto,S/D,II,Dentro,Urbana,S/D,S/D,Cruce,Bueno,Buena,Diurna,Buen Tiempo,De alcance,S/D,Colisión,S/D,S/D,S/D,S/D,"-32.9554516, -60.6636806",['J Lovalvo 2600'],1,J Lovalvo 2600,-32.9554516,-60.6636806,55.0,538.0,Municipio Rosario,Municipio,Rosario,820210,Servicio de Catastro e Información Territorial,IGN
2013,6098,2013-04-21,Domingo,0.0,23:50:00,,0.0,1,Automóvil,Av. Circunvalacion 9100,1,1,0,0,0,0,0,,Avenida,,ROSARIO,Rosario,Asfalto,S/D,II,S/D,S/D,S/D,S/D,Intersección,Bueno,Reducida,Nocturna,Buen Tiempo,Contra objeto fijo,S/D,"Colisión,Despiste",S/D,"Horizontal,Vertical",Guardarrail,S/D,"-32.9405327, -60.7232736",['Circunvalacion 9100'],1,Circunvalacion 9100,-32.9405327,-60.7232736,55.0,538.0,Municipio Rosario,Municipio,Rosario,820210,Servicio de Catastro e Información Territorial,IGN
2013,6099,2013-04-18,Jueves,0.0,09:30:00,,0.0,2,"Peatón,Moto/Ciclomotor",Viamonte Y Pte.Roca,2,1,0,0,1,0,0,,Calle,,ROSARIO,Rosario,Asfalto,S/D,II,Dentro,Urbana,S/D,S/D,Intersección,Bueno,Buena,Diurna,Buen Tiempo,S/D,S/D,Atropello,S/D,S/D,S/D,S/D,POINT (-60.6498661 -32.96411629999999),"['Viamonte', 'Roca']",2,Viamonte; Presidente Roca,-32.96411629999999,-60.6498661,55.0,538.0,Municipio Rosario,Municipio,Rosario,820210,Servicio de Catastro e Información Territorial,IGN
2013,6100,2013-04-07,Domingo,0.0,19:30:00,,0.0,2,"Moto/Ciclomotor,Automóvil",Superi Y Colon,3,1,0,0,2,0,0,,Calle,,ROSARIO,Rosario,Asfalto,No existe,II,Dentro,Urbana,Ninguna,No existe,Intersección,Bueno,Buena,Diurna,Buen Tiempo,Lateral,S/D,Colisión,Otro,Faltante,Ninguna,Sin restricción,POINT (-60.70291069999999 -32.89651949999999),"['Superi', 'Colon']",2,Comandante José Superí; Cristóbal Colón,-32.89651949999999,-60.70291069999999,55.0,538.0,Municipio Rosario,Municipio,Rosario,820210,Servicio de Catastro e Información Territorial,IGN
2013,6102,2013-05-11,Sabado,0.0,14:20:00,,0.0,2,"Automóvil,Automóvil",Rio De Janeiro Y Marcos Paz,3,1,0,0,2,0,0,,Calle,,ROSARIO,Rosario,Asfalto,S/D,II,Dentro,Urbana,S/D,S/D,Intersección,S/D,S/D,S/D,S/D,S/D,S/D,Colisión,S/D,S/D,Cordón divisorio,S/D,POINT (-60.6816228 -32.94329449999999),"['Río de Janeiro', 'Marcos Paz']",2,Río de Janeiro; Marcos Paz,-32.94329449999999,-60.6816228,55.0,538.0,Municipio Rosario,Municipio,Rosario,820210,Servicio de Catastro e Información Territorial,IGN
2013,6103,2013-05-13,Lunes,0.0,13:00:00,,0.0,2,"Bicicleta,Taxi/Remis",Rioja Y Ricchieri,2,1,0,0,1,0,0,,Calle,,ROSARIO,Rosario,Asfalto,S/D,II,Dentro,Urbana,S/D,S/D,Intersección,S/D,S/D,S/D,S/D,S/D,S/D,Atropello,S/D,S/D,Cordón divisorio,S/D,POINT (-60.6631309 -32.943174600000006),"['Rioja', 'Ricchieri']",2,Rioja; Ricchieri,-32.943174600000006,-60.6631309,55.0,538.0,Municipio Rosario,Municipio,Rosario,820210,Servicio de Catastro e Información Territorial,IGN
2013,6105,2013-04-30,Martes,0.0,13:35:00,,0.0,2,"Bicicleta,Automóvil",San Lorenzo Y Pueyrredon,2,1,0,0,1,0,0,,Calle,,ROSARIO,Rosario,Asfalto,S/D,II,Dentro,Urbana,S/D,S/D,Intersección,S/D,S/D,S/D,S/D,S/D,S/D,"Colisión,Atropello",S/D,S/D,Cordón divisorio,S/D,POINT (-60.656784 -32.94068089999999),"['San Lorenzo', 'Pueyrredón']",2,San Lorenzo; Pueyrredón,-32.94068089999999,-60.656784,55.0,538.0,Municipio Rosario,Municipio,Rosario,820210,Servicio de Catastro e Información Territorial,IGN
2013,6106,2013-04-17,Miercoles,0.0,06:30:00,,0.0,2,"Automóvil,Moto/Ciclomotor",Camino de los Granaderos Y Gallo,3,2,0,0,1,0,0,,Calle,,ROSARIO,Rosario,Asfalto,No existe,II,Dentro,Urbana,Semáforo,Funciona,Intersección,Bueno,Buena,Diurna,Buen Tiempo,Lateral,S/D,Colisión,Otro,Vertical,Cordón divisorio,Sin restricción,POINT (-60.70581680000001 -32.8929016),"['Camino de los Granaderos', 'Gallo']",2,Camino de los Granaderos; Cangallo,-32.8929016,-60.70581680000001,55.0,538.0,Municipio Rosario,Municipio,Rosario,820210,Servicio de Catastro e Información Territorial,IGN
2013,6107,2013-04-17,Miercoles,0.0,11:30:00,,0.0,2,"Bicicleta,Automóvil",Cochabamba 1100,2,1,0,0,1,0,0,,Calle,,ROSARIO,Rosario,Asfalto,S/D,II,Dentro,S/D,S/D,S/D,Recta,Bueno,Buena,Diurna,Buen Tiempo,S/D,S/D,Atropello,S/D,S/D,S/D,S/D,"-32.9583922, -60.6408546",['Cochabamba 1100'],1,Cochabamba 1100,-32.9583922,-60.6408546,55.0,538.0,Municipio Rosario,Municipio,Rosario,820210,Servicio de Catastro e Información Territorial,IGN
2013,6108,2013-05-11,Sabado,0.0,19:25:00,,0.0,2,"Moto/Ciclomotor,Peatón",Montevideo Y Bv. Avellaneda,2,0,1,0,1,0,0,,Calle,,ROSARIO,Rosario,Asfalto,S/D,II,Dentro,Urbana,S/D,S/D,Intersección,S/D,S/D,Nocturna,S/D,S/D,S/D,Atropello,S/D,S/D,Cordón divisorio,S/D,POINT (-60.68156305 -32.948831999999996),"['Montevideo', 'Avellaneda']",2,Montevideo; Bulevar Nicolás Avellaneda,-32.948832,-60.68156305,55.0,538.0,Municipio Rosario,Municipio,Rosario,820210,Servicio de Catastro e Información Territorial,IGN
2013,6109,2013-05-30,Jueves,0.0,,,0.0,2,"Automóvil,Automóvil",Pasco Y Buenos Aires,4,3,0,0,1,0,0,,Calle,,ROSARIO,Rosario,S/D,S/D,II,S/D,S/D,S/D,S/D,S/D,S/D,S/D,S/D,S/D,S/D,S/D,S/D,S/D,S/D,S/D,S/D,POINT (-60.63599930000001 -32.960557399999985),"['Pasco', 'Buenos Aires']",2,Pasco; Buenos Aires,-32.960557399999985,-60.63599930000001,55.0,538.0,Municipio Rosario,Municipio,Rosario,820210,Servicio de Catastro e Información Territorial,IGN
2013,6110,2013-05-17,Viernes,0.0,17:45:00,,0.0,2,"Moto/Ciclomotor,Tracción animal / Carro",Bv. Segui Y Av. Corrientes,2,1,0,0,0,0,1,,Avenida,,ROSARIO,Rosario,Asfalto,No existe,II,Dentro,Urbana,Ninguna,No existe,Intersección,Bueno,Buena,Atardecer,S/D,Atropello animal,S/D,Colisión,S/D,Faltante,Ninguna,Sin restricción,POINT (-60.65060229999999 -32.97832124999999),"['Bulevar Juan Francisco Seguí', 'Corrientes']",2,Bulevar Juan Francisco Seguí; Corrientes,-32.97832124999999,-60.65060229999999,55.0,538.0,Municipio Rosario,Municipio,Rosario,820210,Servicio de Catastro e Información Territorial,IGN
2013,6111,2013-05-13,Lunes,0.0,,,0.0,2,"Moto/Ciclomotor,Automóvil",Cordoba Y Callao,2,1,0,0,1,0,0,,Calle,,ROSARIO,Rosario,Asfalto,S/D,II,Dentro,Urbana,S/D,S/D,Intersección,S/D,S/D,S/D,S/D,S/D,S/D,Colisión,S/D,S/D,Cordón divisorio,S/D,POINT (-60.6601292 -32.94251589999998),"['Córdoba', 'Callao']",2,Córdoba; Callao,-32.94251589999998,-60.6601292,55.0,538.0,Municipio Rosario,Municipio,Rosario,820210,Servicio de Catastro e Información Territorial,IGN
2013,6112,2013-06-12,Miercoles,0.0,12:50:00,,0.0,2,"Automóvil,Moto/Ciclomotor",Suipacha Y 9 De Julio,2,1,0,0,1,0,0,,Calle,,ROSARIO,Rosario,Asfalto,S/D,II,Dentro,Urbana,S/D,S/D,Intersección,S/D,S/D,S/D,S/D,S/D,S/D,Colisión,S/D,S/D,Cordón divisorio,S/D,POINT (-60.666029 -32.949221400000006),"['Suipacha', '9 de Julio']",2,Suipacha; 9 de Julio,-32.949221400000006,-60.666029,55.0,538.0,Municipio Rosario,Municipio,Rosario,820210,Servicio de Catastro e Información Territorial,IGN
2013,6113,2013-05-10,Viernes,0.0,17:10:00,,0.0,2,"Pickup/Utilitario,Moto/Ciclomotor",Santiago Y E.Zeballos,2,1,0,0,1,0,0,,Calle,,ROSARIO,Rosario,Asfalto,S/D,II,Dentro,Urbana,S/D,S/D,Intersección,S/D,S/D,S/D,S/D,S/D,S/D,Colisión,S/D,S/D,Cordón divisorio,S/D,POINT (-60.6581792 -32.95179709999999),"['Santiago', 'Zeballos']",2,Santiago; Zeballos,-32.95179709999999,-60.6581792,55.0,538.0,Municipio Rosario,Municipio,Rosario,820210,Servicio de Catastro e Información Territorial,IGN
2013,6114,2013-05-02,Jueves,0.0,22:10:00,,0.0,1,Moto/Ciclomotor,San Nicolas Y Montevideo,2,0,1,0,1,0,0,,Calle,,ROSARIO,Rosario,Asfalto,S/D,II,Dentro,Urbana,S/D,S/D,Intersección,S/D,S/D,Nocturna,S/D,S/D,S/D,Caída ocupante,S/D,S/D,Cordón divisorio,S/D,POINT (-60.6747728 -32.950039699999984),"['San Nicolás', 'Montevideo']",2,San Nicolás; Montevideo,-32.950039699999984,-60.6747728,55.0,538.0,Municipio Rosario,Municipio,Rosario,820210,Servicio de Catastro e Información Territorial,IGN
2013,6115,2013-05-24,Viernes,0.0,,,0.0,2,"Automóvil,Automóvil",Bv. 27 De Febrero Y Ayacucho,2,1,0,0,1,0,0,,Avenida,,ROSARIO,Rosario,Asfalto,No existe,II,Dentro,Urbana,Ninguna,No existe,Intersección,Bueno,Buena,Diurna,Buen Tiempo,Lateral,S/D,Colisión,Otro,Faltante,Cordón divisorio,Sin restricción,POINT (-60.6322277 -32.96960704999999),"['27 de Febrero', 'Ayacucho']",2,Bulevar 27 de Febrero; Ayacucho,-32.96960704999999,-60.6322277,55.0,538.0,Municipio Rosario,Municipio,Rosario,820210,Servicio de Catastro e Información Territorial,IGN