anio_acci,nro_acci,fecha,desc_dia,fecha_aprox,hora_aprox,desc_ruta,km,cant_participantes,desc_participante,calle_avenida_km,total,heridos_leves,heridos_graves,heridos_gravisimos,ilesos,fallecidos,sin_datos,posicion_XY,desc_tipo_via,desc_ruta_ori,desc_loc,desc_dpto,desc_tipo_calzada,desc_tipo_banquina,desc_unidad_regional,desc_lugar_calzada,desc_zona,desc_prioridad,desc_estado_semaforo,desc_lugar_via,desc_estado_via,desc_estado_visibilidad,desc_luminosidad,desc_estado_clima,desc_tipo_colision,desc_tipo_atropello,desc_tipo_hecho,desc_pres_calzada,desc_senializacion,desc_separacion_via,desc_restriccion,forma_geocod,calle_lista,numero_calles,calles_osm,lat,lon,index_right,gid,fna,gna,nam,in1,fdc,sag
2013,6165,2013-05-05,Domingo,0.0,06:20:00,,0.0,2,"Automóvil,Automóvil",San Lorenzo Y Entre Rios,3,2,0,0,1,0,0,,Calle,,ROSARIO,Rosario,Asfalto,No existe,II,Dentro,Urbana,Señal Pare,No existe,Intersección,Bueno,Buena,Amanecer,Buen Tiempo,"Contra objeto fijo,De alcance",S/D,Colisión,S/D,Vertical,Ninguna,Sin restricción,POINT (-60.6403682 -32.94364579999999),"['San Lorenzo', 'Entre Ríos']",2,San Lorenzo; Entre Ríos,-32.94364579999999,-60.6403682,55.0,538.0,Municipio Rosario,Municipio,Rosario,820210,Servicio de Catastro e Información Territorial,IGN
2013,6166,2013-05-26,Domingo,0.0,16:30:00,,0.0,2,"Automóvil,Moto/Ciclomotor",Pampa Y Roullon,3,2,0,0,1,0,0,,Calle,,ROSARIO,Rosario,Asfalto,No existe,II,S/D,Urbana,Marca Vial,No existe,Intersección,Bueno,Buena,Diurna,Buen Tiempo,Lateral,S/D,Colisión,Otro,Horizontal,Cordón divisorio,Sin restricción,POINT (-60.7020006 -32.9464522),"['Pampa', 'Alfredo Rouillón']",2,Pampa; Alfredo Rouillón,-32.9464522,-60.7020006,55.0,538.0,Municipio Rosario,Municipio,Rosario,820210,Servicio de Catastro e Información Territorial,IGN
2013,6167,2013-05-09,Jueves,0.0,13:45:00,,0.0,2,"Moto/Ciclomotor,Peatón",San Luis Y Bv. Oroño,2,1,0,0,1,0,0,,S/D,,ROSARIO,Rosario,Asfalto,S/D,II,S/D,Urbana,S/D,S/D,Intersección,S/D,S/D,Diurna,S/D,Otro,S/D,Atropello,S/D,S/D,S/D,S/D,POINT (-60.6539474 -32.946329600000006),"['San Luis', 'Bulevar Nicasio Oroño']",2,San Luis; Bulevar Nicasio Oroño,-32.946329600000006,-60.6539474,55.0,538.0,Municipio Rosario,Municipio,Rosario,820210,Servicio de Catastro e Información Territorial,IGN
2013,6168,2013-05-13,Lunes,0.0,10:50:00,,0.0,2,"Peatón,Transporte de Pasajeros Urbano (> 8 asientos)",Cordoba Y Sarmiento,2,1,0,0,1,0,0,,Calle,,ROSARIO,Rosario,Asfalto,S/D,II,S/D,Urbana,S/D,S/D,Intersección,S/D,S/D,Diurna,S/D,Otro,S/D,Atropello,S/D,S/D,S/D,S/D,POINT (-60.63819269999999 -32.9464518),"['Córdoba', 'Sarmiento']",2,Córdoba; Sarmiento,-32.9464518,-60.63819269999999,55.0,538.0,Municipio Rosario,Municipio,Rosario,820210,Servicio de Catastro e Información Territorial,IGN
2013,6169,2013-05-10,Viernes,0.0,12:45:00,,0.0,2,"Peatón,Moto/Ciclomotor",Montevideo Y Dorrego,2,1,0,0,1,0,0,,Calle,,ROSARIO,Rosario,Asfalto,S/D,II,S/D,Urbana,S/D,S/D,Intersección,S/D,S/D,Diurna,S/D,Otro,S/D,Atropello,S/D,S/D,S/D,S/D,POINT (-60.651640799999996 -32.95416689999999),"['Montevideo', 'Dorrego']",2,Montevideo; Manuel Dorrego,-32.95416689999999,-60.6516408,55.0,538.0,Municipio Rosario,Municipio,Rosario,820210,Servicio de Catastro e Información Territorial,IGN
2013,6170,2013-05-02,Jueves,0.0,12:30:00,,0.0,2,"Automóvil,Automóvil",Italia Y Montevideo,3,1,0,0,2,0,0,,Calle,,ROSARIO,Rosario,Asfalto,S/D,II,Dentro,Urbana,S/D,S/D,Intersección,S/D,S/D,S/D,S/D,Lateral,S/D,Colisión,S/D,S/D,S/D,S/D,POINT (-60.6503083 -32.954403599999985),"['Italia', 'Montevideo']",2,Italia; Montevideo,-32.954403599999985,-60.6503083,55.0,538.0,Municipio Rosario,Municipio,Rosario,820210,Servicio de Catastro e Información Territorial,IGN
2013,6172,2013-05-09,Jueves,0.0,14:50:00,,0.0,2,"Automóvil,Moto/Ciclomotor",San Juan Y Matienzo,2,1,0,0,1,0,0,,Calle,,ROSARIO,Rosario,Asfalto,No existe,II,S/D,Urbana,Semáforo,Funciona,Intersección,Bueno,Buena,Diurna,Buen Tiempo,Lateral,S/D,Colisión,Otro,Vertical,Cordón divisorio,Sin restricción,POINT (-60.694659 -32.94064099999999),"['San Juan', 'Matienzo']",2,San Juan; Benjamín Matienzo,-32.94064099999999,-60.694659,55.0,538.0,Municipio Rosario,Municipio,Rosario,820210,Servicio de Catastro e Información Territorial,IGN
2013,6173,2013-05-13,Lunes,0.0,20:20:00,,0.0,2,"Moto/Ciclomotor,Automóvil",Bv. Avellaneda 500,3,2,0,0,1,0,0,,Calle,,ROSARIO,Rosario,Asfalto,S/D,II,S/D,Urbana,S/D,S/D,Recta,S/D,S/D,S/D,S/D,Otro,S/D,Colisión,S/D,S/D,S/D,S/D,"-32.9354979, -60.6784357",['Avellaneda 500'],1,Avellaneda 500,-32.9354979,-60.6784357,55.0,538.0,Municipio Rosario,Municipio,Rosario,820210,Servicio de Catastro e Información Territorial,IGN
2013,6176,2013-05-09,Jueves,0.0,09:30:00,,0.0,2,"Moto/Ciclomotor,Automóvil",Bv. Oroño Y Av. Pellegrini,2,1,0,0,1,0,0,,Avenida,,ROSARIO,Rosario,Asfalto,S/D,II,S/D,Urbana,S/D,S/D,Intersección,S/D,S/D,Diurna,S/D,Otro,S/D,Colisión,S/D,S/D,S/D,S/D,POINT (-60.656023850000004 -32.95457175),"['Bulevar Nicasio Oroño', 'Pellegrini']",2,Bulevar Nicasio Oroño; Avenida Carlos Pellegrini,-32.95457175,-60.65602385,55.0,538.0,Municipio Rosario,Municipio,Rosario,820210,Servicio de Catastro e Información Territorial,IGN
2013,6178,2013-05-20,Lunes,0.0,,,0.0,2,"Moto/Ciclomotor,Pickup/Utilitario",La Paz Y Fraga,2,1,0,0,1,0,0,,Calle,,ROSARIO,Rosario,Asfalto,No existe,II,S/D,Urbana,Ninguna,No existe,Intersección,Bueno,Buena,Diurna,Lluvia,Lateral,S/D,Colisión,S/D,Horizontal,"Cordón divisorio,Ninguna",Sin restricción,POINT (-60.70962200000001 -32.9556724),"['La Paz', 'Fraga']",2,La Paz; Rosendo María Fraga,-32.9556724,-60.70962200000001,55.0,538.0,Municipio Rosario,Municipio,Rosario,820210,Servicio de Catastro e Información Territorial,IGN
2013,6179,2013-05-07,Martes,0.0,09:45:00,,0.0,4,"Automóvil,Automóvil,Automóvil,Automóvil",Av. Pellegrini Y Italia,4,1,0,0,3,0,0,,Avenida,,ROSARIO,Rosario,Asfalto,S/D,II,S/D,Urbana,S/D,S/D,Intersección,S/D,S/D,S/D,S/D,Múltiple,S/D,Colisión,S/D,S/D,S/D,S/D,POINT (-60.650600100000005 -32.955561700000004),"['Pellegrini', 'Italia']",2,Avenida Carlos Pellegrini; Italia,-32.955561700000004,-60.650600100000005,55.0,538.0,Municipio Rosario,Municipio,Rosario,820210,Servicio de Catastro e Información Territorial,IGN
2013,6181,2013-05-05,Domingo,0.0,19:45:00,,0.0,2,"Moto/Ciclomotor,Automóvil",Camilo Aldao Y Bv. Segui,3,2,0,0,1,0,0,,S/D,,ROSARIO,Rosario,Asfalto,No existe,II,Dentro,Urbana,Ninguna,No existe,Intersección,Otro,Reducida,S/D,Otro,Lateral,S/D,Colisión,Otro,Faltante,Ninguna,Sin restricción,POINT (-60.69481865 -32.97059494999999),"['Camilo Aldao', 'Bulevar Juan Francisco Seguí']",2,Camilo Aldao; Bulevar Juan Francisco Seguí,-32.97059494999999,-60.69481865,55.0,538.0,Municipio Rosario,Municipio,Rosario,820210,Servicio de Catastro e Información Territorial,IGN
2013,6182,2013-05-07,Martes,0.0,17:30:00,,0.0,2,"Bicicleta,Automóvil",Av. Pellegrini Y Av. Provincias Unidas,3,2,0,0,1,0,0,,Avenida,,ROSARIO,Rosario,Asfalto,No existe,II,Dentro,Urbana,Semáforo,Funciona,Intersección,Otro,Buena,Diurna,Buen Tiempo,Lateral,S/D,Atropello,Otro,Vertical,Cordón divisorio,Sin restricción,POINT (-60.71226145 -32.948578),"['Pellegrini', 'Avenida Provincias Unidas']",2,Avenida Carlos Pellegrini; Avenida Provincias Unidas,-32.948578,-60.71226145,55.0,538.0,Municipio Rosario,Municipio,Rosario,820210,Servicio de Catastro e Información Territorial,IGN
2013,6184,2013-05-09,Jueves,0.0,06:00:00,,0.0,2,"Taxi/Remis,Automóvil",Av. Wheelwright Y Pte.Roca,3,1,0,0,2,0,0,,Avenida,,ROSARIO,Rosario,Asfalto,S/D,II,Dentro,Urbana,Semáforo,Funciona,Intersección,Bueno,Buena,Amanecer,Buen Tiempo,De alcance,S/D,Colisión,S/D,Vertical,Ninguna,Sin restricción,POINT (-60.6427887 -32.9358766),"['Avenida Guillermo Wheelwright', 'Roca']",2,Avenida Guillermo Wheelwright; Presidente Roca,-32.9358766,-60.6427887,55.0,538.0,Municipio Rosario,Municipio,Rosario,820210,Servicio de Catastro e Información Territorial,IGN
2013,6185,2013-05-11,Sabado,0.0,11:00:00,,0.0,2,"Bicicleta,Automóvil",Italia Y Cordoba,2,1,0,0,1,0,0,,Calle,,ROSARIO,Rosario,Asfalto,S/D,II,S/D,Urbana,S/D,S/D,Intersección,S/D,S/D,S/D,S/D,Otro,S/D,Atropello,S/D,S/D,S/D,S/D,POINT (-60.647863199999996 -32.944685),"['Italia', 'Córdoba']",2,Italia; Córdoba,-32.944685,-60.6478632,55.0,538.0,Municipio Rosario,Municipio,Rosario,820210,Servicio de Catastro e Información Territorial,IGN
2013,6186,2013-05-10,Viernes,0.0,23:00:00,,0.0,2,"Automóvil,Moto/Ciclomotor",Av. Pellegrini Y Matienzo,2,1,0,0,1,0,0,,Avenida,,ROSARIO,Rosario,Asfalto,No existe,II,Dentro,Urbana,Semáforo,Funciona,Intersección,Bueno,Buena,"Nocturna,Con luz artificial",Buen Tiempo,Lateral,S/D,Colisión,Otro,Vertical,Cordón divisorio,Sin restricción,POINT (-60.69440075 -32.94811425),"['Pellegrini', 'Matienzo']",2,Avenida Carlos Pellegrini; Benjamín Matienzo,-32.94811425,-60.69440075,55.0,538.0,Municipio Rosario,Municipio,Rosario,820210,Servicio de Catastro e Información Territorial,IGN
2013,6188,2013-05-03,Viernes,0.0,19:00:00,,0.0,2,"Moto/Ciclomotor,Automóvil",Sarmiento Y Av. Pellegrini,3,1,0,0,2,0,0,,Avenida,,ROSARIO,Rosario,Asfalto,S/D,II,S/D,Urbana,S/D,S/D,Intersección,S/D,S/D,Atardecer,S/D,Otro,S/D,Colisión,S/D,S/D,S/D,S/D,POINT (-60.6408663 -32.95730775),"['Sarmiento', 'Pellegrini']",2,Sarmiento; Avenida Carlos Pellegrini,-32.95730775,-60.6408663,55.0,538.0,Municipio Rosario,Municipio,Rosario,820210,Servicio de Catastro e Información Territorial,IGN
2013,6189,2013-05-04,Sabado,0.0,12:00:00,,0.0,2,"Bicicleta,Peatón",Salta 2300,2,2,0,0,0,0,0,,Calle,,ROSARIO,Rosario,Asfalto,No existe,II,Dentro,Urbana,Ninguna,No existe,Recta,Bueno,Buena,Diurna,Buen Tiempo,S/D,S/D,Atropello,S/D,Faltante,Ninguna,Sin restricción,"-32.93641, -60.6527213",['Salta 2300'],1,Salta 2300,-32.93641,-60.6527213,55.0,538.0,Municipio Rosario,Municipio,Rosario,820210,Servicio de Catastro e Información Territorial,IGN
2013,6190,2013-05-21,Martes,0.0,09:30:00,,0.0,2,"Bicicleta,Pickup/Utilitario",Matienzo Y Rioja,3,1,0,0,2,0,0,,Calle,,ROSARIO,Rosario,Asfalto,No existe,II,Dentro,Urbana,Marca Vial,No existe,Intersección,Bueno,Buena,Diurna,Buen Tiempo,S/D,S/D,Atropello,S/D,Horizontal,"Cordón divisorio,Ninguna",Sin restricción,POINT (-60.694784 -32.93773939999999),"['Matienzo', 'Rioja']",2,Benjamín Matienzo; Rioja,-32.93773939999999,-60.694784,55.0,538.0,Municipio Rosario,Municipio,Rosario,820210,Servicio de Catastro e Información Territorial,IGN
2013,6191,2013-05-24,Viernes,0.0,12:45:00,,0.0,2,"Automóvil,Moto/Ciclomotor",Bv. 27 De Febrero Y Av. Circunvalacion,2,2,0,0,0,0,0,,Avenida,,ROSARIO,Rosario,Asfalto,Natural,II,S/D,Urbana,Semáforo,Funciona,Intersección,Con baches,Buena,Diurna,Buen Tiempo,Lateral,S/D,Colisión,S/D,S/D,S/D,Sin restricción,POINT (-60.671730569613096 -32.965475411263625),"['27 de Febrero', 'Circunvalacion']",2,Bulevar 27 de Febrero; Avenida de Circunvalación 25 de Mayo,-32.965475411263625,-60.671730569613096,55.0,538.0,Municipio Rosario,Municipio,Rosario,820210,Servicio de Catastro e Información Territorial,IGN
2013,6192,2013-05-05,Domingo,0.0,16:00:00,,0.0,2,"Moto/Ciclomotor,Bicicleta",Av. Provincias Unidas Y Ocampo,2,2,0,0,0,0,0,,Avenida,,ROSARIO,Rosario,Asfalto,Pavimento,II,Dentro,Urbana,Ninguna,No existe,Intersección,Deteriorada,Buena,Diurna,Buen Tiempo,S/D,S/D,Atropello,S/D,S/D,S/D,Sin restricción,POINT (-60.7118703 -32.95801295),"['Avenida Provincias Unidas', 'Ocampo']",2,Avenida Provincias Unidas; Ocampo,-32.95801295,-60.7118703,55.0,538.0,Municipio Rosario,Municipio,Rosario,820210,Servicio de Catastro e Información Territorial,IGN
2013,6195,2013-05-07,Martes,0.0,14:30:00,,0.0,2,"Moto/Ciclomotor,Automóvil",E.Zeballos 1600,3,2,0,0,1,0,0,,Calle,,ROSARIO,Rosario,Asfalto,S/D,II,S/D,Urbana,S/D,S/D,Recta,S/D,S/D,Diurna,S/D,Otro,S/D,Colisión,S/D,S/D,S/D,S/D,"-32.9577248, -60.6249701",['E Zeballos 1600'],1,E Zeballos 1600,-32.9577248,-60.6249701,55.0,538.0,Municipio Rosario,Municipio,Rosario,820210,Servicio de Catastro e Información Territorial,IGN
2013,6196,2013-05-06,Lunes,0.0,10:30:00,,0.0,2,"Bicicleta,Automóvil",Bv. Oroño Y Tucuman,2,1,0,0,1,0,0,,Avenida,,ROSARIO,Rosario,Asfalto,No existe,II,Dentro,Urbana,Ninguna,No existe,Intersección,Bueno,Buena,Diurna,Buen Tiempo,S/D,S/D,Atropello,S/D,Faltante,Cordón divisorio,Sin restricción,POINT (-60.6521219 -32.9390762),"['Bulevar Nicasio Oroño', 'Tucumán']",2,Bulevar Nicasio Oroño; Tucumán,-32.9390762,-60.6521219,55.0,538.0,Municipio Rosario,Municipio,Rosario,820210,Servicio de Catastro e Información Territorial,IGN
2013,6197,2013-05-11,Sabado,0.0,,,0.0,2,"Moto/Ciclomotor,Otros",Mitre Y Montevideo,3,2,0,0,1,0,0,,Calle,,ROSARIO,Rosario,Asfalto,S/D,II,S/D,Urbana,S/D,S/D,Intersección,S/D,S/D,S/D,S/D,Otro,S/D,Colisión,S/D,S/D,S/D,S/D,POINT (-60.6420026 -32.95589439999999),"['Mitre', 'Montevideo']",2,Bartolomé Mitre; Montevideo,-32.95589439999999,-60.6420026,55.0,538.0,Municipio Rosario,Municipio,Rosario,820210,Servicio de Catastro e Información Territorial,IGN
2013,6198,2013-05-13,Lunes,0.0,19:10:00,,0.0,2,"Automóvil,Moto/Ciclomotor",Mendoza Y Barra,3,2,0,0,1,0,0,,Avenida,,ROSARIO,Rosario,Asfalto,No existe,II,Dentro,Urbana,Semáforo,Funciona,Intersección,Bueno,Buena,Nocturna,Buen Tiempo,Lateral,S/D,Colisión,Otro,Vertical,Cordón divisorio,Sin restricción,POINT (-60.7068062 -32.94007349999998),"['Mendoza', 'Barra']",2,Mendoza; Barraco,-32.94007349999998,-60.7068062,55.0,538.0,Municipio Rosario,Municipio,Rosario,820210,Servicio de Catastro e Información Territorial,IGN
2013,6199,2013-05-16,Jueves,0.0,10:00:00,,0.0,2,"Automóvil,Moto/Ciclomotor",Irurtia Y Fernandez Diaz,2,1,0,0,1,0,0,,Calle,,ROSARIO,Rosario,Asfalto,No existe,II,S/D,Urbana,Ninguna,No existe,Intersección,Con baches,Buena,Diurna,Buen Tiempo,Lateral,S/D,Colisión,S/D,S/D,S/D,Sin restricción,POINT (-60.7284488 -32.9671532),"['Irurtia', 'Fernández Díaz']",2,Irurtia; Fernández Díaz,-32.9671532,-60.7284488,55.0,538.0,Municipio Rosario,Municipio,Rosario,820210,Servicio de Catastro e Información Territorial,IGN
2013,6201,2013-05-06,Lunes,0.0,12:30:00,,0.0,2,"Moto/Ciclomotor,Automóvil",E.Zeballos Y Bv. Oroño,3,1,0,0,2,0,0,,Avenida,,ROSARIO,Rosario,Asfalto,S/D,II,S/D,Urbana,S/D,S/D,Intersección,S/D,S/D,Diurna,S/D,Otro,S/D,Colisión,S/D,S/D,S/D,S/D,POINT (-60.65545645 -32.952284000000006),"['Zeballos', 'Bulevar Nicasio Oroño']",2,Zeballos; Bulevar Nicasio Oroño,-32.952284000000006,-60.65545645,55.0,538.0,Municipio Rosario,Municipio,Rosario,820210,Servicio de Catastro e Información Territorial,IGN
2013,6203,2013-05-09,Jueves,0.0,11:00:00,,0.0,2,"Moto/Ciclomotor,Automóvil",Av. Provincias Unidas Y Av. Pte.Peron,2,1,0,0,1,0,0,,Avenida,,ROSARIO,Rosario,Asfalto,Pavimento,II,S/D,Urbana,Semáforo,Funciona,S/D,Con baches,Buena,Diurna,Buen Tiempo,Lateral,S/D,Colisión,S/D,S/D,S/D,Sin restricción,POINT (-60.711466349999995 -32.9679676),"['Avenida Provincias Unidas', 'Avenida Presidente Perón']",2,Avenida Provincias Unidas; Avenida Presidente Perón,-32.9679676,-60.71146635,55.0,538.0,Municipio Rosario,Municipio,Rosario,820210,Servicio de Catastro e Información Territorial,IGN
2013,6205,2013-05-06,Lunes,0.0,09:00:00,,0.0,2,"Automóvil,Transporte de Pasajeros Urbano (> 8 asientos)",Catamarca 1900,2,1,0,0,1,0,0,,Calle,,ROSARIO,Rosario,Asfalto,No existe,II,Dentro,Urbana,Ninguna,No existe,Recta,Bueno,Buena,Diurna,Buen Tiempo,Lateral,S/D,Colisión,S/D,Faltante,Ninguna,Sin restricción,"-32.9386182, -60.6475032",['Catamarca 1900'],1,Catamarca 1900,-32.9386182,-60.6475032,55.0,538.0,Municipio Rosario,Municipio,Rosario,820210,Servicio de Catastro e Información Territorial,IGN
2013,6206,2013-05-07,Martes,0.0,07:50:00,,0.0,2,"Automóvil,Automóvil",E.Zeballos Y Dorrego,2,1,0,0,1,0,0,,Calle,,ROSARIO,Rosario,Asfalto,S/D,II,S/D,Urbana,S/D,S/D,Intersección,S/D,S/D,Amanecer,S/D,Otro,S/D,Colisión,S/D,S/D,S/D,S/D,POINT (-60.6513524 -32.95302869999999),"['Zeballos', 'Dorrego']",2,Zeballos; Manuel Dorrego,-32.95302869999999,-60.6513524,55.0,538.0,Municipio Rosario,Municipio,Rosario,820210,Servicio de Catastro e Información Territorial,IGN
2013,6207,2013-05-24,Viernes,0.0,17:50:00,,0.0,2,"Automóvil,Automóvil",Av. Pte.Peron Y Matienzo,3,2,0,0,1,0,0,,S/D,,ROSARIO,Rosario,Asfalto,No existe,II,Dentro,Urbana,Semáforo,Funciona,Intersección,Otro,Buena,Atardecer,Otro,Lateral,S/D,Colisión,Otro,Vertical,Ninguna,Sin restricción,POINT (-60.69394319999999 -32.95915754999999),"['Avenida Presidente Perón', 'Matienzo']",2,Avenida Presidente Perón; Benjamín Matienzo,-32.95915754999999,-60.69394319999999,55.0,538.0,Municipio Rosario,Municipio,Rosario,820210,Servicio de Catastro e Información Territorial,IGN
2013,6208,2013-05-09,Jueves,0.0,16:00:00,,0.0,1,Transporte de Pasajeros Urbano (> 8 asientos),San Lorenzo Y Mariano Moreno,2,1,0,0,1,0,0,,Calle,,ROSARIO,Rosario,Asfalto,No existe,II,Dentro,Urbana,Ninguna,No existe,Intersección,Bueno,Buena,Diurna,Buen Tiempo,S/D,S/D,Caída ocupante,S/D,Faltante,Ninguna,Sin restricción,POINT (-60.65002440000001 -32.94190830000001),"['San Lorenzo', 'Mariano Moreno']",2,San Lorenzo; Mariano Moreno,-32.94190830000001,-60.65002440000001,55.0,538.0,Municipio Rosario,Municipio,Rosario,820210,Servicio de Catastro e Información Territorial,IGN
2013,6209,2013-05-14,Martes,0.0,12:30:00,,0.0,2,"Automóvil,Automóvil",Tte.Agneta Y Pampa,2,2,0,0,0,0,0,,Calle,,ROSARIO,Rosario,Asfalto,No existe,II,S/D,Urbana,Marca Vial,No existe,Intersección,Bueno,Buena,Diurna,Buen Tiempo,Lateral,S/D,Colisión,Otro,Vertical,Cordón divisorio,Sin restricción,POINT (-60.69960210000001 -32.9463759),"['Teniente Agneta', 'Pampa']",2,Teniente Agneta; Pampa,-32.9463759,-60.69960210000001,55.0,538.0,Municipio Rosario,Municipio,Rosario,820210,Servicio de Catastro e Información Territorial,IGN
2013,6212,2013-05-21,Martes,0.0,16:00:00,,0.0,2,"Moto/Ciclomotor,Automóvil",Garzon Y La Paz,2,1,0,0,1,0,0,,Calle,,ROSARIO,Rosario,Asfalto,No existe,II,S/D,Urbana,Marca Vial,No existe,Intersección,Bueno,Buena,Diurna,Buen Tiempo,Lateral,S/D,Colisión,S/D,Horizontal,"Cordón divisorio,Ninguna",Sin restricción,POINT (-60.70504420000001 -32.955546299999995),"['Garzón', 'La Paz']",2,Garzón; La Paz,-32.955546299999995,-60.70504420000001,55.0,538.0,Municipio Rosario,Municipio,Rosario,820210,Servicio de Catastro e Información Territorial,IGN
2013,6214,2013-05-07,Martes,0.0,20:30:00,,0.0,2,"Moto/Ciclomotor,Automóvil",Mendoza 1400,2,1,0,0,1,0,0,,Calle,,ROSARIO,Rosario,Asfalto,S/D,II,S/D,Urbana,S/D,S/D,Recta,S/D,S/D,Nocturna,S/D,Otro,S/D,Colisión,S/D,S/D,S/D,S/D,"-32.9507532, -60.6434877",['Mendoza 1400'],1,Mendoza 1400,-32.9507532,-60.6434877,55.0,538.0,Municipio Rosario,Municipio,Rosario,820210,Servicio de Catastro e Información Territorial,IGN
2013,6216,2013-05-09,Jueves,0.0,12:30:00,,0.0,2,"Peatón,Automóvil",Tucuman 2000,2,0,1,0,1,0,0,,Calle,,ROSARIO,Rosario,Asfalto,No existe,II,S/D,Urbana,Ninguna,No existe,Recta,Bueno,Buena,Diurna,Buen Tiempo,S/D,S/D,Atropello,S/D,Faltante,Ninguna,Sin restricción,"-32.9410577, -60.6411721",['Tucuman 2000'],1,Tucuman 2000,-32.9410577,-60.6411721,55.0,538.0,Municipio Rosario,Municipio,Rosario,820210,Servicio de Catastro e Información Territorial,IGN
2013,6218,2013-05-06,Lunes,0.0,12:30:00,,0.0,2,"Peatón,Pickup/Utilitario",San Luis Y San Martin,2,1,0,0,1,0,0,,Calle,,ROSARIO,Rosario,Asfalto,S/D,II,S/D,Urbana,Paso Peatonal,S/D,Intersección,S/D,S/D,Diurna,S/D,Otro,S/D,Atropello,S/D,S/D,S/D,S/D,POINT (-60.6372988 -32.949315),"['San Luis', 'San Martin']",2,San Luis; José de San Martín,-32.949315,-60.6372988,55.0,538.0,Municipio Rosario,Municipio,Rosario,820210,Servicio de Catastro e Información Territorial,IGN
2013,6219,2013-05-15,Miercoles,0.0,11:10:00,,0.0,2,"Taxi/Remis,Moto/Ciclomotor",Montevideo Y Guatemala,2,1,0,0,1,0,0,,Calle,,ROSARIO,Rosario,Asfalto,No existe,II,S/D,Urbana,Señal Pare,No existe,Intersección,Bueno,Buena,Diurna,Buen Tiempo,Lateral,S/D,Colisión,Otro,Vertical,Cordón divisorio,Sin restricción,POINT (-60.71697470000001 -32.947572199999996),"['Montevideo', 'Guatemala']",2,Montevideo; Guatemala,-32.9475722,-60.71697470000001,55.0,538.0,Municipio Rosario,Municipio,Rosario,820210,Servicio de Catastro e Información Territorial,IGN
2013,6220,2013-05-10,Viernes,0.0,13:20:00,,0.0,2,"Moto/Ciclomotor,Automóvil",Bv. Segui Y F.More,2,1,0,0,1,0,0,,Avenida,,ROSARIO,Rosario,Asfalto,No existe,II,Dentro,Urbana,Ninguna,No existe,Intersección,Otro,Reducida,S/D,Otro,Lateral,S/D,Colisión,Otro,Faltante,Ninguna,Sin restricción,POINT (-60.6925779 -32.9705265),"['Bulevar Juan Francisco Seguí', 'Felipe Moré']",2,Bulevar Juan Francisco Seguí; Felipe Moré,-32.9705265,-60.6925779,55.0,538.0,Municipio Rosario,Municipio,Rosario,820210,Servicio de Catastro e Información Territorial,IGN
2013,6222,2013-05-01,Miercoles,0.0,12:00:00,,0.0,2,"Automóvil,Moto/Ciclomotor",Magallanes Y Zuviria,4,2,0,0,2,0,0,,Calle,,ROSARIO,Rosario,Asfalto,No existe,II,Dentro,Urbana,Marca Vial,No existe,Intersección,Bueno,Buena,Diurna,Buen Tiempo,Lateral,S/D,Colisión,Otro,Horizontal,Cordón divisorio,Sin restricción,POINT (-60.7046815 -32.9367233),"['Magallanes', 'Zuviría']",2,Magallanes; Juez José María Zuviría,-32.9367233,-60.7046815,55.0,538.0,Municipio Rosario,Municipio,Rosario,820210,Servicio de Catastro e Información Territorial,IGN
2013,6223,2013-05-08,Miercoles,0.0,12:30:00,,0.0,2,"Automóvil,Automóvil",San Juan 2350,2,1,0,0,1,0,0,,Calle,,ROSARIO,Rosario,Asfalto,S/D,II,S/D,Urbana,S/D,Funciona,Recta,S/D,S/D,Diurna,S/D,Otro,S/D,Colisión,S/D,S/D,S/D,S/D,"-32.947050797959186, -60.65622968163265",['San Juan 2350'],1,San Juan 2350,-32.947050797959186,-60.65622968163265,55.0,538.0,Municipio Rosario,Municipio,Rosario,820210,Servicio de Catastro e Información Territorial,IGN
2013,6224,2013-05-24,Viernes,0.0,20:00:00,,0.0,2,"Moto/Ciclomotor,Moto/Ciclomotor",Freyre Y Union,3,3,0,0,0,0,0,,Calle,,ROSARIO,Rosario,Asfalto,No existe,II,Dentro,Urbana,Ninguna,No existe,Intersección,Bueno,Reducida,Nocturna,Buen Tiempo,Lateral,S/D,Colisión,Otro,Faltante,Ninguna,Sin restricción,POINT (-60.7025925 -32.895514199999994),"['Freyre', 'Unión']",2,Freyre; Unión,-32.895514199999994,-60.7025925,55.0,538.0,Municipio Rosario,Municipio,Rosario,820210,Servicio de Catastro e Información Territorial,IGN
2013,6225,2013-05-16,Jueves,0.0,19:00:00,,0.0,2,"Moto/Ciclomotor,Automóvil",Av. Provincias Unidas 2100,3,2,0,0,1,0,0,,Avenida,,ROSARIO,Rosario,Asfalto,No existe,II,S/D,Urbana,Ninguna,No existe,Recta,Bueno,Buena,Diurna,Buen Tiempo,Lateral,S/D,Colisión,Otro,Horizontal,Cordón divisorio,Sin restricción,"-32.9531793, -60.7122698",['Provincias Unidas 2100'],1,Provincias Unidas 2100,-32.9531793,-60.7122698,55.0,538.0,Municipio Rosario,Municipio,Rosario,820210,Servicio de Catastro e Información Territorial,IGN