anio_acci,nro_acci,fecha,desc_dia,fecha_aprox,hora_aprox,desc_ruta,km,cant_participantes,desc_participante,calle_avenida_km,total,heridos_leves,heridos_graves,heridos_gravisimos,ilesos,fallecidos,sin_datos,posicion_XY,desc_tipo_via,desc_ruta_ori,desc_loc,desc_dpto,desc_tipo_calzada,desc_tipo_banquina,desc_unidad_regional,desc_lugar_calzada,desc_zona,desc_prioridad,desc_estado_semaforo,desc_lugar_via,desc_estado_via,desc_estado_visibilidad,desc_luminosidad,desc_estado_clima,desc_tipo_colision,desc_tipo_atropello,desc_tipo_hecho,desc_pres_calzada,desc_senializacion,desc_separacion_via,desc_restriccion,forma_geocod,calle_lista,numero_calles,calles_osm,lat,lon,index_right,gid,fna,gna,nam,in1,fdc,sag
2013,6227,2013-05-02,Jueves,0.0,,,0.0,2,"Automóvil,Moto/Ciclomotor",Av. Francia ,3,2,0,0,1,0,0,,Avenida,,ROSARIO,Rosario,Asfalto,Pavimento,II,Dentro,Urbana,Semáforo,Funciona,Otro,Otro,Buena,S/D,Buen Tiempo,Otro,S/D,Otro,S/D,S/D,Ninguna,Sin restricción,"-32.9349356, -60.6639852",['Francia'],1,Francia,-32.9349356,-60.6639852,55.0,538.0,Municipio Rosario,Municipio,Rosario,820210,Servicio de Catastro e Información Territorial,IGN
2013,6228,2013-05-06,Lunes,0.0,08:40:00,,0.0,2,"Moto/Ciclomotor,Automóvil",Av. Corrientes 1150,2,1,0,0,1,0,0,,Avenida,,ROSARIO,Rosario,Asfalto,S/D,II,S/D,Urbana,S/D,S/D,Recta,S/D,S/D,Diurna,S/D,Lateral,S/D,Colisión,S/D,S/D,S/D,S/D,"-32.95007427299647, -60.643462138544734",['Corrientes 1150'],1,Corrientes 1150,-32.95007427299647,-60.643462138544734,55.0,538.0,Municipio Rosario,Municipio,Rosario,820210,Servicio de Catastro e Información Territorial,IGN
2013,6229,2013-05-11,Sabado,0.0,07:45:00,,0.0,2,"Bicicleta,Moto/Ciclomotor",Roullon 3300,2,1,0,0,1,0,0,,S/D,,ROSARIO,Rosario,Asfalto,No existe,II,Dentro,Urbana,Ninguna,No existe,Intersección,Otro,Reducida,S/D,Otro,S/D,S/D,Atropello,Otro,Faltante,Ninguna,Sin restricción,"-32.9670694, -60.7013927",['Alfredo Rouillón 3300'],1,Alfredo Rouillón 3300,-32.9670694,-60.7013927,55.0,538.0,Municipio Rosario,Municipio,Rosario,820210,Servicio de Catastro e Información Territorial,IGN
2013,6230,2013-05-14,Martes,0.0,23:50:00,,0.0,2,"Peatón,Moto/Ciclomotor",Av. Corrientes Y Urquiza,2,1,1,0,0,0,0,,Calle,,ROSARIO,Rosario,Asfalto,No existe,II,Dentro,Urbana,Semáforo,Funciona,Intersección,Bueno,Buena,"Nocturna,Con luz artificial",Buen Tiempo,S/D,S/D,Atropello,S/D,Vertical,Ninguna,Sin restricción,POINT (-60.6414615 -32.9422391),"['Corrientes', 'Urquiza']",2,Corrientes; Justo José de Urquiza,-32.9422391,-60.6414615,55.0,538.0,Municipio Rosario,Municipio,Rosario,820210,Servicio de Catastro e Información Territorial,IGN
2013,6231,2013-05-08,Miercoles,0.0,13:30:00,,0.0,2,"Moto/Ciclomotor,Automóvil",San Martin 1500,2,1,0,0,1,0,0,,Calle,,ROSARIO,Rosario,Asfalto,S/D,II,S/D,Urbana,S/D,S/D,Recta,S/D,S/D,S/D,S/D,Otro,S/D,Colisión,S/D,S/D,S/D,S/D,"-32.9551912, -60.6388916",['San Martin 1500'],1,San Martin 1500,-32.9551912,-60.6388916,55.0,538.0,Municipio Rosario,Municipio,Rosario,820210,Servicio de Catastro e Información Territorial,IGN
2013,6232,2013-05-23,Jueves,0.0,23:30:00,,999.9,2,"Automóvil,Camión",COLECTORA DE CIRCUNVALACIÓN Y BV. 27 DE FEBRERO,3,2,0,0,1,0,0,,Calle,,ROSARIO,Rosario,Asfalto,Natural,II,Dentro,Urbana,Ninguna,No existe,Recta,Bueno,Buena,S/D,Buen Tiempo,Contra objeto fijo,S/D,Colisión,S/D,Faltante,Ninguna,Sin restricción,POINT (-60.7203755 -32.95957229999999),"['Colectora de Circunvalación', '27 de Febrero']",2,"('Juan Pablo II', 'Bulevar 27 de Febrero')",-32.95957229999999,-60.7203755,55.0,538.0,Municipio Rosario,Municipio,Rosario,820210,Servicio de Catastro e Información Territorial,IGN
2013,6234,2013-05-22,Miercoles,0.0,17:30:00,,0.0,2,"Moto/Ciclomotor,Pickup/Utilitario",Bolivia Y Cerrito,2,1,0,0,1,0,0,,Calle,,ROSARIO,Rosario,Asfalto,No existe,II,Dentro,Urbana,Marca Vial,No existe,Intersección,Bueno,Buena,Diurna,Buen Tiempo,Lateral,S/D,Colisión,S/D,Horizontal,Ninguna,Sin restricción,POINT (-60.713280700000006 -32.953368299999994),"['Bolivia', 'Cerrito']",2,Bolivia; Cerrito,-32.953368299999994,-60.713280700000006,55.0,538.0,Municipio Rosario,Municipio,Rosario,820210,Servicio de Catastro e Información Territorial,IGN
2013,6236,2013-05-03,Viernes,0.0,12:10:00,,0.0,2,"Taxi/Remis,Pickup/Utilitario",Urquiza Y Bv. Oroño,2,1,0,0,1,0,0,,Calle,,ROSARIO,Rosario,Asfalto,No existe,II,Dentro,Urbana,Señal Pare,No existe,Intersección,Bueno,Buena,"Diurna,Con luz artificial",Buen Tiempo,De alcance,S/D,Colisión,S/D,Vertical,Ninguna,Sin restricción,POINT (-60.652427200000005 -32.940226100000004),"['Urquiza', 'Bulevar Nicasio Oroño']",2,Justo José de Urquiza; Bulevar Nicasio Oroño,-32.940226100000004,-60.652427200000005,55.0,538.0,Municipio Rosario,Municipio,Rosario,820210,Servicio de Catastro e Información Territorial,IGN
2013,6237,2013-05-18,Sabado,0.0,18:40:00,,0.0,2,"Moto/Ciclomotor,Peatón",Cordoba 5700,2,2,0,0,0,0,0,,Avenida,,ROSARIO,Rosario,Asfalto,No existe,II,Dentro,Urbana,Semáforo,Funciona,Recta,Bueno,Buena,Diurna,Lluvia,Otro,S/D,Atropello,Otro,Vertical,Cordón divisorio,Sin restricción,"-32.9436077, -60.6540311",['Cordoba 5700'],1,Cordoba 5700,-32.9436077,-60.6540311,55.0,538.0,Municipio Rosario,Municipio,Rosario,820210,Servicio de Catastro e Información Territorial,IGN
2013,6238,2013-05-30,Jueves,0.0,12:00:00,,0.0,2,"Moto/Ciclomotor,Bicicleta",Bertole 7900,2,2,0,0,0,0,0,,Calle,,ROSARIO,Rosario,Asfalto,No existe,II,S/D,Urbana,Ninguna,No existe,Intersección,Con baches,Buena,Diurna,Buen Tiempo,S/D,S/D,Atropello,S/D,S/D,S/D,Sin restricción,"-32.9654251, -60.7260512",['Bertole 7900'],1,Bertole 7900,-32.9654251,-60.7260512,55.0,538.0,Municipio Rosario,Municipio,Rosario,820210,Servicio de Catastro e Información Territorial,IGN
2013,6239,2013-05-12,Domingo,0.0,19:00:00,,0.0,2,"Moto/Ciclomotor,Automóvil",Bv. Segui Y Fraga,3,2,0,0,1,0,0,,Avenida,,ROSARIO,Rosario,Asfalto,No existe,II,Dentro,Urbana,Ninguna,No existe,Intersección,Otro,Reducida,S/D,Otro,Lateral,S/D,Colisión,Otro,Faltante,Ninguna,Sin restricción,POINT (-60.709165999999996 -32.97091519999999),"['Bulevar Juan Francisco Seguí', 'Fraga']",2,Bulevar Juan Francisco Seguí; Rosendo María Fraga,-32.97091519999999,-60.709166,55.0,538.0,Municipio Rosario,Municipio,Rosario,820210,Servicio de Catastro e Información Territorial,IGN
2013,6240,2013-05-14,Martes,0.0,10:40:00,,0.0,2,"Automóvil,Automóvil",Av. Francia ,2,1,0,0,1,0,0,,Avenida,,ROSARIO,Rosario,Asfalto,Pavimento,II,Dentro,Urbana,Semáforo,Funciona,Intersección,S/D,Buena,Diurna,Buen Tiempo,Otro,S/D,Otro,S/D,S/D,Cordón divisorio,Sin restricción,"-32.9349356, -60.6639852",['Francia'],1,Francia,-32.9349356,-60.6639852,55.0,538.0,Municipio Rosario,Municipio,Rosario,820210,Servicio de Catastro e Información Territorial,IGN
2013,6241,2013-05-15,Miercoles,0.0,13:30:00,,0.0,2,"Automóvil,Peatón",Catamarca Y Mariano Moreno,2,1,0,0,1,0,0,,Calle,,ROSARIO,Rosario,Asfalto,No existe,II,Dentro,Urbana,Ninguna,No existe,Intersección,Bueno,Buena,Diurna,Buen Tiempo,S/D,S/D,Atropello,S/D,Faltante,Ninguna,Sin restricción,POINT (-60.64912919999999 -32.93837429999999),"['Catamarca', 'Mariano Moreno']",2,Catamarca; Mariano Moreno,-32.93837429999999,-60.64912919999999,55.0,538.0,Municipio Rosario,Municipio,Rosario,820210,Servicio de Catastro e Información Territorial,IGN
2013,6242,2013-05-23,Jueves,0.0,11:30:00,,0.0,2,"Bicicleta,Pickup/Utilitario",Bolivia Y Pasco,2,1,0,0,1,0,0,,Calle,,ROSARIO,Rosario,Asfalto,No existe,II,S/D,Urbana,Marca Vial,No existe,Intersección,Bueno,Buena,Diurna,Buen Tiempo,S/D,S/D,Atropello,S/D,Horizontal,Ninguna,S/D,POINT (-60.7133676 -32.9509835),"['Bolivia', 'Pasco']",2,Bolivia; Pasco,-32.9509835,-60.7133676,55.0,538.0,Municipio Rosario,Municipio,Rosario,820210,Servicio de Catastro e Información Territorial,IGN
2013,6245,2013-05-17,Viernes,0.0,18:15:00,,0.0,2,"Moto/Ciclomotor,Automóvil",Santa Fe Y F.More,2,1,0,0,1,0,0,,Calle,,ROSARIO,Rosario,Asfalto,No existe,II,Dentro,Urbana,Semáforo,Funciona,Recta,Bueno,Buena,Diurna,S/D,Lateral,S/D,Colisión,S/D,Horizontal,Ninguna,Sin restricción,POINT (-60.6936218 -32.935197699999996),"['Santa Fe', 'Felipe Moré']",2,Santa Fe; Felipe Moré,-32.9351977,-60.6936218,55.0,538.0,Municipio Rosario,Municipio,Rosario,820210,Servicio de Catastro e Información Territorial,IGN
2013,6246,2013-05-11,Sabado,0.0,19:37:00,,0.0,2,"Moto/Ciclomotor,Otros",Bv. Segui Y F.More,2,1,0,0,1,0,0,,Avenida,,ROSARIO,Rosario,Asfalto,No existe,II,Dentro,Urbana,Semáforo,Funciona,Intersección,Otro,Reducida,Atardecer,Otro,Lateral,S/D,Colisión,Otro,Vertical,Ninguna,Sin restricción,POINT (-60.6925779 -32.9705265),"['Bulevar Juan Francisco Seguí', 'Felipe Moré']",2,Bulevar Juan Francisco Seguí; Felipe Moré,-32.9705265,-60.6925779,55.0,538.0,Municipio Rosario,Municipio,Rosario,820210,Servicio de Catastro e Información Territorial,IGN
2013,6247,2013-05-19,Domingo,0.0,16:00:00,,0.0,2,"Moto/Ciclomotor,Pickup/Utilitario",Tucuman Y Tarragona,2,1,0,0,1,0,0,,Calle,,ROSARIO,Rosario,Asfalto,No existe,II,Dentro,Urbana,Ninguna,No existe,Curva,Con baches,Buena,Diurna,Buen Tiempo,Lateral,S/D,Colisión,S/D,Faltante,Cordón divisorio,Sin restricción,POINT (-60.73432780000001 -32.9331514),"['Tucumán', 'Tarragona']",2,Tucumán; Tarragona,-32.9331514,-60.73432780000001,55.0,538.0,Municipio Rosario,Municipio,Rosario,820210,Servicio de Catastro e Información Territorial,IGN
2013,6248,2013-05-17,Viernes,0.0,19:10:00,,0.0,2,"Automóvil,Moto/Ciclomotor",Bv. Avellaneda Y Galvez,2,2,0,0,0,0,0,,Calle,,ROSARIO,Rosario,Asfalto,Pavimento,II,Dentro,Urbana,Semáforo,Funciona,Intersección,Bueno,Buena,Atardecer,Buen Tiempo,Otro,S/D,Otro,S/D,S/D,S/D,Sin restricción,POINT (-60.68477575 -32.961421),"['Avellaneda', 'Galvez']",2,Bulevar Nicolás Avellaneda; José Gálvez,-32.961421,-60.68477575,55.0,538.0,Municipio Rosario,Municipio,Rosario,820210,Servicio de Catastro e Información Territorial,IGN
2013,6249,2013-05-23,Jueves,0.0,18:30:00,,0.0,2,"Moto/Ciclomotor,Automóvil",Mendoza Y Campbell,3,1,0,0,2,0,0,,Avenida,,ROSARIO,Rosario,Asfalto,No existe,II,S/D,Urbana,Semáforo,Funciona,Intersección,Bueno,Buena,Diurna,Buen Tiempo,Lateral,S/D,Colisión,S/D,Vertical,Cordón divisorio,Sin restricción,POINT (-60.707938850000005 -32.940105),"['Mendoza', 'Campbell']",2,Mendoza; Campbell,-32.940105,-60.707938850000005,55.0,538.0,Municipio Rosario,Municipio,Rosario,820210,Servicio de Catastro e Información Territorial,IGN
2013,6250,2013-05-04,Sabado,0.0,16:00:00,,0.0,2,"Moto/Ciclomotor,Automóvil",ROULLON Y ESPINOZA,3,2,0,0,1,0,0,,Calle,,ROSARIO,Rosario,Asfalto,No existe,II,Dentro,Urbana,Ninguna,No existe,Intersección,Otro,Buena,S/D,Otro,Lateral,S/D,Colisión,Otro,Faltante,Ninguna,Sin restricción,POINT (-60.70084485 -32.976672150000006),"['Alfredo Rouillón', 'Espinosa']",2,Alfredo Rouillón; Emilio Espinosa,-32.976672150000006,-60.70084485,55.0,538.0,Municipio Rosario,Municipio,Rosario,820210,Servicio de Catastro e Información Territorial,IGN
2013,6251,2013-05-17,Viernes,0.0,06:30:00,,0.0,2,"Moto/Ciclomotor,Otros",Martinez Estrada Y Donado,2,1,0,0,0,0,1,,Calle,,ROSARIO,Rosario,S/D,S/D,II,S/D,Urbana,S/D,S/D,Intersección,S/D,S/D,S/D,S/D,S/D,S/D,Colisión,S/D,S/D,S/D,S/D,POINT (-60.72830845 -32.91112455),"['Martinez Estrada', 'Donado']",2,Martinez Estrada; José Agustín Donado,-32.91112455,-60.72830845,55.0,538.0,Municipio Rosario,Municipio,Rosario,820210,Servicio de Catastro e Información Territorial,IGN
2013,6252,2013-05-20,Lunes,0.0,14:00:00,,0.0,2,"Moto/Ciclomotor,Automóvil",Tucuman Y Liniers,2,1,0,0,1,0,0,,Calle,,ROSARIO,Rosario,Asfalto,No existe,II,Dentro,Urbana,Ninguna,No existe,Intersección,Bueno,Buena,Diurna,S/D,Lateral,S/D,Colisión,S/D,Faltante,Ninguna,Sin restricción,POINT (-60.6988436 -32.9321785),"['Tucumán', 'Liniers']",2,Tucumán; Liniers,-32.9321785,-60.6988436,55.0,538.0,Municipio Rosario,Municipio,Rosario,820210,Servicio de Catastro e Información Territorial,IGN
2013,6253,2013-05-29,Miercoles,0.0,17:30:00,,0.0,2,"Moto/Ciclomotor,Automóvil",Av. Irigoyen Y Medrano,3,1,1,0,1,0,0,,Avenida,,ROSARIO,Rosario,Asfalto,No existe,II,Dentro,Urbana,Señal Ceda el Paso,No existe,Intersección,Con baches,Buena,Atardecer,Buen Tiempo,Frontal,S/D,Colisión,S/D,Vertical,Ninguna,Sin restricción,POINT (-60.703648099999995 -32.8847105),"['Avenida Hipólito Irigoyen', 'Medrano']",2,Avenida Hipólito Irigoyen; Medrano,-32.8847105,-60.7036481,55.0,538.0,Municipio Rosario,Municipio,Rosario,820210,Servicio de Catastro e Información Territorial,IGN
2013,6254,2013-04-25,Jueves,0.0,22:00:00,,0.0,2,"Bicicleta,Pickup/Utilitario",Pacheco Y Av. Sorrento,2,1,0,0,1,0,0,,Avenida,,ROSARIO,Rosario,Hormigón,No existe,II,Dentro,Urbana,Semáforo,Funciona,Intersección,Bueno,Buena,Nocturna,Buen Tiempo,S/D,S/D,Atropello,Otro,Vertical,Ninguna,Sin restricción,POINT (-60.6933549 -32.907241199999994),"['Ángel Pacheco', 'Sorrento']",2,Ángel Pacheco; Avenida Sorrento,-32.907241199999994,-60.6933549,55.0,538.0,Municipio Rosario,Municipio,Rosario,820210,Servicio de Catastro e Información Territorial,IGN
2013,6256,2013-05-26,Domingo,0.0,00:40:00,,0.0,2,"Transporte de Pasajeros Urbano (> 8 asientos),Automóvil",La Paz Y Colombia,4,2,0,0,2,0,0,,Calle,,ROSARIO,Rosario,Asfalto,No existe,II,Dentro,Urbana,Marca Vial,No existe,Intersección,Bueno,Buena,"Nocturna,Con luz artificial",Buen Tiempo,Lateral,S/D,Colisión,S/D,Vertical,Ninguna,Sin restricción,POINT (-60.715492 -32.955828499999996),"['La Paz', 'Colombia']",2,La Paz; Colombia,-32.9558285,-60.715492,55.0,538.0,Municipio Rosario,Municipio,Rosario,820210,Servicio de Catastro e Información Territorial,IGN
2013,6257,2013-04-03,Miercoles,0.0,13:50:00,,0.0,2,"Automóvil,Moto/Ciclomotor",Lima Y E.Zeballos,2,1,0,0,1,0,0,,Calle,,ROSARIO,Rosario,Asfalto,S/D,II,Dentro,Urbana,S/D,S/D,Intersección,S/D,S/D,S/D,S/D,S/D,S/D,Colisión,S/D,S/D,Cordón divisorio,S/D,POINT (-60.6853927 -32.9469522),"['Lima', 'Zeballos']",2,Lima; Zeballos,-32.9469522,-60.6853927,55.0,538.0,Municipio Rosario,Municipio,Rosario,820210,Servicio de Catastro e Información Territorial,IGN
2013,6258,2013-05-23,Jueves,0.0,15:00:00,,0.0,2,"Pickup/Utilitario,Moto/Ciclomotor",Tte.Agneta Y F.M.Esquiu,2,1,0,0,1,0,0,,Calle,,ROSARIO,Rosario,Asfalto,No existe,II,Dentro,Urbana,Ninguna,No existe,Intersección,S/D,Buena,Diurna,S/D,Frontal,S/D,Colisión,S/D,Faltante,Ninguna,Sin restricción,POINT (-60.700506999999995 -32.922771399999995),"['Teniente Agneta', 'Esquiú']",2,Teniente Agneta; Esquiú,-32.922771399999995,-60.700507,55.0,538.0,Municipio Rosario,Municipio,Rosario,820210,Servicio de Catastro e Información Territorial,IGN
2013,6259,2013-05-20,Lunes,0.0,12:15:00,,0.0,2,"Automóvil,Moto/Ciclomotor",Av. Provincias Unidas Y French,2,1,0,0,1,0,0,,Avenida,,ROSARIO,Rosario,Asfalto,Pavimento,II,Dentro,Urbana,Ninguna,No existe,Intersección,Bueno,Buena,Diurna,Buen Tiempo,Lateral,S/D,Colisión,S/D,S/D,Cordón divisorio,Sin restricción,POINT (-60.7134078 -32.92179325),"['Avenida Provincias Unidas', 'French']",2,Avenida Provincias Unidas; Domingo French,-32.92179325,-60.7134078,55.0,538.0,Municipio Rosario,Municipio,Rosario,820210,Servicio de Catastro e Información Territorial,IGN
2013,6260,2013-04-21,Domingo,0.0,12:00:00,,0.0,2,"Automóvil,Moto/Ciclomotor",Bv. Rondeau Y Baigorria,3,2,0,0,1,0,0,,Avenida,,ROSARIO,Rosario,Hormigón,No existe,II,Dentro,Urbana,Semáforo,Funciona,Intersección,Bueno,Buena,Diurna,Buen Tiempo,Lateral,S/D,Colisión,Otro,Horizontal,Barrera de hormigón,Sin restricción,POINT (-60.693283075000004 -32.89152782499999),"['Rondeau', 'Baigorria']",2,Bulevar General José Rondeau; Baigorria,-32.89152782499999,-60.693283075,55.0,538.0,Municipio Rosario,Municipio,Rosario,820210,Servicio de Catastro e Información Territorial,IGN
2013,6261,2013-05-03,Viernes,0.0,18:00:00,,0.0,2,"Automóvil,Peatón",Magallanes Y Av. Pte.Peron,2,1,0,0,1,0,0,,Avenida,,ROSARIO,Rosario,Asfalto,No existe,II,Dentro,Urbana,Semáforo,Funciona,Intersección,Bueno,Buena,Atardecer,Buen Tiempo,Otro,S/D,Atropello,Otro,Vertical,Cordón divisorio,Sin restricción,POINT (-60.703561699999995 -32.963995950000005),"['Magallanes', 'Avenida Presidente Perón']",2,Magallanes; Avenida Presidente Perón,-32.963995950000005,-60.7035617,55.0,538.0,Municipio Rosario,Municipio,Rosario,820210,Servicio de Catastro e Información Territorial,IGN
2013,6263,2013-04-28,Domingo,0.0,17:35:00,,0.0,2,"Automóvil,Moto/Ciclomotor",Spegazzini Y 20 de Junio,3,2,0,0,1,0,0,,Calle,,ROSARIO,Rosario,Asfalto,No existe,II,Dentro,Urbana,Ninguna,No existe,Intersección,Bueno,Buena,Diurna,Buen Tiempo,Lateral,S/D,Colisión,Otro,Vertical,Ninguna,Sin restricción,POINT (-60.70187820000001 -32.87914709999999),"['Spegazzini', '20 de Junio']",2,Spegazzini; Pasaje 20 de Junio,-32.87914709999999,-60.70187820000001,55.0,538.0,Municipio Rosario,Municipio,Rosario,820210,Servicio de Catastro e Información Territorial,IGN
2013,6265,2013-03-16,Sabado,0.0,02:10:00,,0.0,3,"Taxi/Remis,Automóvil,Pickup/Utilitario",Bv. Rondeau Y Gurruchaga,7,1,0,0,6,0,0,,Avenida,,ROSARIO,Rosario,Asfalto,No existe,II,Dentro,Urbana,Semáforo,Funciona,Intersección,Bueno,Buena,Nocturna,Buen Tiempo,Múltiple,S/D,Colisión,Otro,S/D,Barrera de hormigón,Sin restricción,POINT (-60.68916395 -32.90512564999999),"['Rondeau', 'Gurruchaga']",2,Bulevar General José Rondeau; Gurruchaga,-32.90512564999999,-60.68916395,55.0,538.0,Municipio Rosario,Municipio,Rosario,820210,Servicio de Catastro e Información Territorial,IGN
2013,6266,2013-04-06,Sabado,0.0,12:30:00,,0.0,2,"Bicicleta,Automóvil",3 De Febrero Y Santiago,2,1,0,0,1,0,0,,Calle,,ROSARIO,Rosario,Asfalto,No existe,II,Dentro,Urbana,S/D,No existe,Intersección,S/D,S/D,Diurna,S/D,S/D,S/D,Atropello,S/D,S/D,Ninguna,S/D,POINT (-60.6576192 -32.9496077),"['3 de Febrero', 'Santiago']",2,3 de Febrero; Santiago,-32.9496077,-60.6576192,55.0,538.0,Municipio Rosario,Municipio,Rosario,820210,Servicio de Catastro e Información Territorial,IGN
2013,6268,2013-05-24,Viernes,0.0,07:45:00,,0.0,2,"Moto/Ciclomotor,Automóvil",Avenida Colectora  1977,2,1,0,0,1,0,0,,S/D,,ROSARIO,Rosario,S/D,S/D,II,S/D,Urbana,S/D,S/D,S/D,S/D,S/D,S/D,S/D,S/D,S/D,Colisión,S/D,S/D,S/D,S/D,"-32.9487991, -60.7647793",['Colectora 1977'],1,Colectora 1977,-32.9487991,-60.7647793,55.0,538.0,Municipio Rosario,Municipio,Rosario,820210,Servicio de Catastro e Información Territorial,IGN
2013,6270,2013-04-04,Jueves,0.0,19:45:00,,0.0,2,"Moto/Ciclomotor,Taxi/Remis",9 De Julio Y Alsina,2,0,0,1,1,0,0,,Calle,,ROSARIO,Rosario,Asfalto,S/D,II,Dentro,Urbana,S/D,S/D,Intersección,S/D,S/D,S/D,S/D,S/D,S/D,S/D,S/D,S/D,S/D,S/D,POINT (-60.6782616 -32.9469818),"['9 de Julio', 'Alsina']",2,9 de Julio; Alsina,-32.9469818,-60.6782616,55.0,538.0,Municipio Rosario,Municipio,Rosario,820210,Servicio de Catastro e Información Territorial,IGN
2013,6271,2013-04-19,Viernes,0.0,09:00:00,,0.0,2,"Pickup/Utilitario,Automóvil",Darragueira Y Castagnino,2,1,0,0,1,0,0,,Calle,,ROSARIO,Rosario,Asfalto,No existe,II,Dentro,Urbana,Ninguna,No existe,Intersección,Bueno,Buena,Diurna,Buen Tiempo,Lateral,S/D,Colisión,Otro,Faltante,Ninguna,Sin restricción,POINT (-60.6940766 -32.89780819999999),"['José Darragueira', 'Castagnino']",2,José Darragueira; Castagnino,-32.89780819999999,-60.6940766,55.0,538.0,Municipio Rosario,Municipio,Rosario,820210,Servicio de Catastro e Información Territorial,IGN
2013,6272,2013-05-03,Viernes,0.0,17:00:00,,0.0,2,"Bicicleta,Automóvil",Roullon Y Cochabamba,2,1,0,0,1,0,0,,Calle,,ROSARIO,Rosario,Asfalto,No existe,II,Dentro,Urbana,Marca Vial,No existe,Intersección,Bueno,Buena,Diurna,Buen Tiempo,Lateral,S/D,Atropello,S/D,Horizontal,Cordón divisorio,Sin restricción,POINT (-60.7018671 -32.9495223),"['Alfredo Rouillón', 'Cochabamba']",2,Alfredo Rouillón; Cochabamba,-32.9495223,-60.7018671,55.0,538.0,Municipio Rosario,Municipio,Rosario,820210,Servicio de Catastro e Información Territorial,IGN
2013,6274,2013-04-10,Miercoles,0.0,11:30:00,,0.0,2,"Bicicleta,Pickup/Utilitario",Av. Francia Y San Juan,2,1,0,0,1,0,0,,Avenida,,ROSARIO,Rosario,Asfalto,S/D,II,Dentro,Urbana,S/D,S/D,Intersección,S/D,S/D,S/D,S/D,S/D,S/D,Atropello,S/D,S/D,Cordón divisorio,S/D,POINT (-60.6664543 -32.945264599999994),"['Avenida Francia', 'San Juan']",2,Avenida Francia; San Juan,-32.945264599999994,-60.6664543,55.0,538.0,Municipio Rosario,Municipio,Rosario,820210,Servicio de Catastro e Información Territorial,IGN
2013,6277,2013-05-27,Lunes,0.0,,,0.0,2,"Automóvil,Moto/Ciclomotor",Camilo Aldao Y Juan B.De La Salle,2,1,0,0,1,0,0,,Calle,,ROSARIO,Rosario,Asfalto,No existe,II,Dentro,Urbana,Ninguna,No existe,Intersección,Bueno,Buena,Diurna,S/D,Lateral,S/D,Colisión,S/D,Faltante,Ninguna,Sin restricción,POINT (-60.6966572 -32.92204799999999),"['Camilo Aldao', 'De La Salle']",2,Camilo Aldao; De La Salle,-32.92204799999999,-60.6966572,55.0,538.0,Municipio Rosario,Municipio,Rosario,820210,Servicio de Catastro e Información Territorial,IGN
2013,6280,2013-04-20,Sabado,0.0,22:00:00,,0.0,2,"Automóvil,Moto/Ciclomotor",Martin Fierro 500,2,1,0,0,1,0,0,,Calle,,ROSARIO,Rosario,Asfalto,No existe,II,Dentro,Urbana,Ninguna,No existe,Recta,Bueno,Reducida,Nocturna,Buen Tiempo,Lateral,S/D,Colisión,Otro,Faltante,Ninguna,Sin restricción,"-32.8770849, -60.6932615",['Martin Fierro 500'],1,Martin Fierro 500,-32.8770849,-60.6932615,55.0,538.0,Municipio Rosario,Municipio,Rosario,820210,Servicio de Catastro e Información Territorial,IGN
2013,6282,2013-04-05,Viernes,0.0,14:00:00,,0.0,2,"Moto/Ciclomotor,Automóvil",Bv. Avellaneda 1600,2,1,0,0,1,0,0,,Avenida,,ROSARIO,Rosario,Asfalto,S/D,II,Dentro,Urbana,S/D,S/D,Intersección,S/D,S/D,Diurna,S/D,S/D,S/D,Caída ocupante,S/D,S/D,Cordón divisorio,S/D,"-32.9486754, -60.6816599",['Avellaneda 1600'],1,Avellaneda 1600,-32.9486754,-60.6816599,55.0,538.0,Municipio Rosario,Municipio,Rosario,820210,Servicio de Catastro e Información Territorial,IGN
2013,6283,2013-04-03,Miercoles,0.0,08:00:00,,0.0,2,"Moto/Ciclomotor,Camión",Montevideo 3800,2,1,0,0,1,0,0,,Calle,,ROSARIO,Rosario,Asfalto,S/D,II,Dentro,Urbana,S/D,S/D,Intersección,S/D,S/D,Diurna,S/D,S/D,S/D,Colisión,S/D,S/D,Ninguna,S/D,"-32.9495271, -60.6773323",['Montevideo 3800'],1,Montevideo 3800,-32.9495271,-60.6773323,55.0,538.0,Municipio Rosario,Municipio,Rosario,820210,Servicio de Catastro e Información Territorial,IGN
2013,6284,2013-03-28,Jueves,0.0,09:35:00,,0.0,2,"Moto/Ciclomotor,Pickup/Utilitario",Av. Casiano Casas Y F.Netri,2,1,0,0,1,0,0,,Avenida,,ROSARIO,Rosario,Asfalto,No existe,II,Dentro,Urbana,Semáforo,Funciona,Intersección,Con baches,Buena,Diurna,Buen Tiempo,Lateral,S/D,Colisión,Otro,Faltante,Barrera de hormigón,Sin restricción,POINT (-60.69916125 -32.9046656),"['Avenida Casiano Casas', 'Netri']",2,Avenida Casiano Casas; Netri,-32.9046656,-60.69916125,55.0,538.0,Municipio Rosario,Municipio,Rosario,820210,Servicio de Catastro e Información Territorial,IGN