anio_acci,nro_acci,fecha,desc_dia,fecha_aprox,hora_aprox,desc_ruta,km,cant_participantes,desc_participante,calle_avenida_km,total,heridos_leves,heridos_graves,heridos_gravisimos,ilesos,fallecidos,sin_datos,posicion_XY,desc_tipo_via,desc_ruta_ori,desc_loc,desc_dpto,desc_tipo_calzada,desc_tipo_banquina,desc_unidad_regional,desc_lugar_calzada,desc_zona,desc_prioridad,desc_estado_semaforo,desc_lugar_via,desc_estado_via,desc_estado_visibilidad,desc_luminosidad,desc_estado_clima,desc_tipo_colision,desc_tipo_atropello,desc_tipo_hecho,desc_pres_calzada,desc_senializacion,desc_separacion_via,desc_restriccion,forma_geocod,calle_lista,numero_calles,calles_osm,lat,lon,index_right,gid,fna,gna,nam,in1,fdc,sag
2013,6285,2013-05-29,Miercoles,0.0,17:30:00,,0.0,2,"Moto/Ciclomotor,Automóvil",San Lorenzo Y Matienzo,2,1,0,0,1,0,0,,Calle,,ROSARIO,Rosario,Asfalto,No existe,II,Dentro,Urbana,Ninguna,No existe,Intersección,Bueno,Buena,Diurna,S/D,Lateral,S/D,Colisión,S/D,Faltante,Ninguna,Sin restricción,POINT (-60.6948999 -32.9340297),"['San Lorenzo', 'Matienzo']",2,San Lorenzo; Benjamín Matienzo,-32.9340297,-60.6948999,55.0,538.0,Municipio Rosario,Municipio,Rosario,820210,Servicio de Catastro e Información Territorial,IGN
2013,6290,2013-03-26,Martes,0.0,12:35:00,,0.0,2,"Automóvil,Automóvil",Darragueira Y Superi,6,5,0,0,1,0,0,,Calle,,ROSARIO,Rosario,Hormigón,No existe,II,Dentro,Urbana,Ninguna,No existe,Intersección,Bueno,Buena,Diurna,Buen Tiempo,Lateral,S/D,Colisión,Otro,Faltante,Ninguna,Sin restricción,POINT (-60.695001399999995 -32.8947943),"['José Darragueira', 'Superi']",2,José Darragueira; Comandante José Superí,-32.8947943,-60.6950014,55.0,538.0,Municipio Rosario,Municipio,Rosario,820210,Servicio de Catastro e Información Territorial,IGN
2013,6291,2013-04-19,Viernes,0.0,14:10:00,,0.0,2,"Automóvil,Automóvil",Bv. Rondeau Y Herrera,2,1,0,0,1,0,0,,Avenida,,ROSARIO,Rosario,Hormigón,No existe,II,Dentro,Urbana,Semáforo,Funciona,Recta,Bueno,Buena,Diurna,Buen Tiempo,De alcance,S/D,Colisión,Otro,Horizontal,Barrera de hormigón,Sin restricción,POINT (-60.69209 -32.89546034999999),"['Rondeau', 'Herrera']",2,Bulevar General José Rondeau; Franzini Herrera,-32.89546034999999,-60.69209,55.0,538.0,Municipio Rosario,Municipio,Rosario,820210,Servicio de Catastro e Información Territorial,IGN
2013,6293,2013-04-18,Jueves,0.0,18:35:00,,0.0,2,"Pickup/Utilitario,Moto/Ciclomotor",Matheu Y Darragueira,2,1,0,0,1,0,0,,Calle,,ROSARIO,Rosario,Hormigón,No existe,II,Dentro,Urbana,Ninguna,No existe,Intersección,Bueno,Buena,Atardecer,Buen Tiempo,Lateral,S/D,Colisión,Otro,Faltante,S/D,Sin restricción,POINT (-60.6967964 -32.8885263),"['Matheu', 'José Darragueira']",2,Domingo Matheu; José Darragueira,-32.8885263,-60.6967964,55.0,538.0,Municipio Rosario,Municipio,Rosario,820210,Servicio de Catastro e Información Territorial,IGN
2013,6295,2013-05-30,Jueves,0.0,10:00:00,,0.0,2,"Taxi/Remis,Pickup/Utilitario",Junin Y Fraga,4,1,0,0,3,0,0,,Calle,,ROSARIO,Rosario,Asfalto,No existe,II,Dentro,Urbana,Ninguna,No existe,Intersección,Bueno,Buena,Diurna,S/D,Lateral,S/D,Colisión,S/D,Faltante,Ninguna,Sin restricción,POINT (-60.710806 -32.927517599999995),"['Junín', 'Fraga']",2,Junín; Rosendo María Fraga,-32.927517599999995,-60.710806,55.0,538.0,Municipio Rosario,Municipio,Rosario,820210,Servicio de Catastro e Información Territorial,IGN
2013,6297,2013-04-03,Miercoles,0.0,20:00:00,,0.0,2,"Bicicleta,Automóvil",Pascual Rosas Y 9 De Julio,3,2,0,0,1,0,0,,Calle,,ROSARIO,Rosario,Asfalto,S/D,II,Dentro,Urbana,S/D,S/D,Intersección,S/D,S/D,S/D,S/D,S/D,S/D,Atropello,S/D,S/D,Ninguna,S/D,POINT (-60.68777450000001 -32.94530619999999),"['Pascual Rosas', '9 de Julio']",2,Pascual Rosas; 9 de Julio,-32.94530619999999,-60.68777450000001,55.0,538.0,Municipio Rosario,Municipio,Rosario,820210,Servicio de Catastro e Información Territorial,IGN
2013,6298,2013-05-06,Lunes,0.0,16:10:00,,0.0,2,"Moto/Ciclomotor,Pickup/Utilitario",Camilo Aldao Y Viamonte,2,1,0,0,1,0,0,,Calle,,ROSARIO,Rosario,Asfalto,No existe,II,S/D,Urbana,Marca Vial,No existe,Intersección,Bueno,Buena,Diurna,Buen Tiempo,Lateral,S/D,Colisión,Otro,Horizontal,Cordón divisorio,Sin restricción,POINT (-60.695312799999996 -32.95648380000001),"['Camilo Aldao', 'Viamonte']",2,Camilo Aldao; Viamonte,-32.95648380000001,-60.6953128,55.0,538.0,Municipio Rosario,Municipio,Rosario,820210,Servicio de Catastro e Información Territorial,IGN
2013,6300,2013-04-17,Miercoles,0.0,14:00:00,,0.0,2,"Transporte de Pasajeros Urbano (> 8 asientos),Bicicleta",Bv. Rondeau Y Maciel,2,1,0,0,1,0,0,,Avenida,,ROSARIO,Rosario,Asfalto,No existe,II,Dentro,Urbana,Ninguna,No existe,Recta,Bueno,Buena,Diurna,Buen Tiempo,S/D,S/D,Atropello,Otro,Horizontal,Cordón divisorio,Sin restricción,POINT (-60.689565099999996 -32.90381935),"['Rondeau', 'Maciel']",2,Bulevar General José Rondeau; Maciel,-32.90381935,-60.6895651,55.0,538.0,Municipio Rosario,Municipio,Rosario,820210,Servicio de Catastro e Información Territorial,IGN
2013,6301,2013-04-22,Lunes,0.0,11:30:00,,0.0,2,"Taxi/Remis,Transporte de Pasajeros Urbano (> 8 asientos)",Victor Mercante Y Nansen,4,2,0,0,2,0,0,,Calle,,ROSARIO,Rosario,Hormigón,No existe,II,Dentro,Urbana,Ninguna,Funciona,Intersección,Bueno,Buena,Diurna,Buen Tiempo,Lateral,S/D,Colisión,Otro,Faltante,Ninguna,Sin restricción,POINT (-60.6843557 -32.909200799999994),"['Víctor Mercante', 'Nansen']",2,Víctor Mercante; Avenida Nansen,-32.909200799999994,-60.6843557,55.0,538.0,Municipio Rosario,Municipio,Rosario,820210,Servicio de Catastro e Información Territorial,IGN
2013,6302,2013-04-23,Martes,0.0,08:30:00,,0.0,2,"Camión,Moto/Ciclomotor",Av. Cabassa Y F.Rauch,3,2,0,0,1,0,0,,Calle,,ROSARIO,Rosario,Asfalto,Natural,II,Dentro,Urbana,Ninguna,No existe,Intersección,Deteriorada,Buena,Diurna,Buen Tiempo,Lateral,S/D,Colisión,S/D,Faltante,Ninguna,Sin restricción,POINT (-60.7016248 -32.904264999999995),"['Cabassa', 'Rauch']",2,Avenida Cabassa; Rauch,-32.904264999999995,-60.7016248,55.0,538.0,Municipio Rosario,Municipio,Rosario,820210,Servicio de Catastro e Información Territorial,IGN
2013,6304,2013-04-04,Jueves,0.0,09:40:00,,0.0,2,"Automóvil,Moto/Ciclomotor",Av. Pellegrini Y Bv. Avellaneda,2,1,0,0,1,0,0,,Avenida,,ROSARIO,Rosario,Asfalto,S/D,II,Dentro,Urbana,S/D,S/D,Intersección,Bueno,S/D,Diurna,S/D,S/D,S/D,Colisión,S/D,S/D,Cordón divisorio,S/D,POINT (-60.68184480000001 -32.949949249999996),"['Pellegrini', 'Avellaneda']",2,Avenida Carlos Pellegrini; Bulevar Nicolás Avellaneda,-32.94994925,-60.68184480000001,55.0,538.0,Municipio Rosario,Municipio,Rosario,820210,Servicio de Catastro e Información Territorial,IGN
2013,6307,2013-03-30,Sabado,0.0,01:30:00,,0.0,2,"Moto/Ciclomotor,Moto/Ciclomotor",San Luis Y Alsina,2,1,0,0,1,0,0,,Calle,,ROSARIO,Rosario,Asfalto,S/D,II,Dentro,Urbana,S/D,S/D,Intersección,S/D,S/D,S/D,S/D,S/D,S/D,Colisión,S/D,S/D,Cordón divisorio,S/D,POINT (-60.67705600000001 -32.9422069),"['San Luis', 'Alsina']",2,San Luis; Alsina,-32.9422069,-60.67705600000001,55.0,538.0,Municipio Rosario,Municipio,Rosario,820210,Servicio de Catastro e Información Territorial,IGN
2013,6310,2013-04-01,Lunes,0.0,,,0.0,1,Automóvil,Santiago Y Mendoza,1,1,0,0,0,0,0,,Calle,,ROSARIO,Rosario,Asfalto,No existe,II,Dentro,Urbana,S/D,S/D,Intersección,S/D,S/D,S/D,S/D,Contra objeto fijo,S/D,Colisión,S/D,S/D,S/D,S/D,POINT (-60.6573014 -32.94835160000001),"['Santiago', 'Mendoza']",2,Santiago; Mendoza,-32.94835160000001,-60.6573014,55.0,538.0,Municipio Rosario,Municipio,Rosario,820210,Servicio de Catastro e Información Territorial,IGN
2013,6311,2013-05-23,Jueves,0.0,09:00:00,,0.0,2,"Automóvil,Moto/Ciclomotor",J.J.Paso Y Av. Circunvalacion,2,1,0,0,1,0,0,,Calle,,ROSARIO,Rosario,Asfalto,Pavimento,II,Dentro,Urbana,Ninguna,No existe,Intersección,Bueno,Buena,Diurna,Buen Tiempo,Lateral,S/D,Colisión,S/D,S/D,Ninguna,Sin restricción,POINT (-60.723727529563504 -32.92055900258327),"['Paso', 'Circunvalacion']",2,Avenida Juan José Paso; Avenida de Circunvalación 25 de Mayo,-32.92055900258327,-60.723727529563504,55.0,538.0,Municipio Rosario,Municipio,Rosario,820210,Servicio de Catastro e Información Territorial,IGN
2013,6312,2013-04-12,Viernes,0.0,08:30:00,,0.0,1,,Crespo Y Montevideo,2,1,0,0,1,0,0,,Calle,,ROSARIO,Rosario,Asfalto,S/D,II,Dentro,Urbana,S/D,S/D,Intersección,S/D,S/D,Diurna,S/D,S/D,S/D,Colisión,S/D,S/D,Cordón divisorio,S/D,POINT (-60.67066460000001 -32.950771199999984),"['Crespo', 'Montevideo']",2,Crespo; Montevideo,-32.950771199999984,-60.67066460000001,55.0,538.0,Municipio Rosario,Municipio,Rosario,820210,Servicio de Catastro e Información Territorial,IGN
2013,6313,2013-03-22,Viernes,0.0,09:00:00,,0.0,2,"Bicicleta,Transporte de Pasajeros Urbano (> 8 asientos)",Valentin Gomez Y Superi,2,1,0,0,1,0,0,,Calle,,ROSARIO,Rosario,Hormigón,No existe,II,Dentro,Urbana,Ninguna,No existe,Intersección,Bueno,Buena,Diurna,Buen Tiempo,S/D,S/D,Atropello,Otro,Faltante,Ninguna,Sin restricción,POINT (-60.6971303 -32.8952692),"['Valentín Gómez', 'Superi']",2,Valentín Gómez; Comandante José Superí,-32.8952692,-60.6971303,55.0,538.0,Municipio Rosario,Municipio,Rosario,820210,Servicio de Catastro e Información Territorial,IGN
2013,6315,2013-04-03,Miercoles,0.0,,,0.0,2,"Pickup/Utilitario,Peatón",Ricchieri Y Cordoba,2,1,0,0,1,0,0,,Calle,,ROSARIO,Rosario,Asfalto,S/D,II,Dentro,Urbana,S/D,S/D,Intersección,S/D,S/D,S/D,S/D,S/D,S/D,Atropello,S/D,S/D,Cordón divisorio,S/D,POINT (-60.662846 -32.94202899999999),"['Ricchieri', 'Córdoba']",2,Ricchieri; Córdoba,-32.94202899999999,-60.662846,55.0,538.0,Municipio Rosario,Municipio,Rosario,820210,Servicio de Catastro e Información Territorial,IGN
2013,6316,2013-04-12,Viernes,0.0,08:30:00,,0.0,2,"Automóvil,Moto/Ciclomotor",Crespo Y Montevideo,2,1,0,0,1,0,0,,Calle,,ROSARIO,Rosario,Asfalto,S/D,II,Dentro,Urbana,S/D,S/D,Intersección,S/D,S/D,S/D,S/D,S/D,S/D,Colisión,S/D,S/D,Cordón divisorio,S/D,POINT (-60.67066460000001 -32.950771199999984),"['Crespo', 'Montevideo']",2,Crespo; Montevideo,-32.950771199999984,-60.67066460000001,55.0,538.0,Municipio Rosario,Municipio,Rosario,820210,Servicio de Catastro e Información Territorial,IGN
2013,6320,2013-04-26,Viernes,0.0,12:30:00,,0.0,1,Moto/Ciclomotor,Marull Y Bv. Rondeau,2,2,0,0,0,0,0,,Calle,,ROSARIO,Rosario,Hormigón,No existe,II,Dentro,Urbana,Ninguna,No existe,Recta,Bueno,Buena,Diurna,Buen Tiempo,Atropello animal,S/D,Colisión,S/D,Faltante,Cordón divisorio,Sin restricción,POINT (-60.68886415000001 -32.9061829),"['Marull', 'Rondeau']",2,Marull; Bulevar General José Rondeau,-32.9061829,-60.68886415000001,55.0,538.0,Municipio Rosario,Municipio,Rosario,820210,Servicio de Catastro e Información Territorial,IGN
2013,6321,2013-04-01,Lunes,0.0,19:45:00,,0.0,2,"Transporte de Pasajeros Urbano (> 8 asientos),Bicicleta",Cordoba Y Crespo,2,1,0,0,1,0,0,,Calle,,ROSARIO,Rosario,Asfalto,S/D,II,Dentro,Urbana,S/D,S/D,Rotonda,S/D,S/D,S/D,S/D,S/D,S/D,Atropello,S/D,S/D,Cordón divisorio,S/D,POINT (-60.6682078 -32.94106059999998),"['Córdoba', 'Crespo']",2,Córdoba; Crespo,-32.94106059999998,-60.6682078,55.0,538.0,Municipio Rosario,Municipio,Rosario,820210,Servicio de Catastro e Información Territorial,IGN
2013,6322,2013-05-23,Jueves,0.0,19:30:00,,0.0,2,"Automóvil,Moto/Ciclomotor",Av. Provincias Unidas Y Arevalo,2,1,0,0,1,0,0,,S/D,,ROSARIO,Rosario,Asfalto,Pavimento,II,Dentro,Urbana,Ninguna,No existe,Intersección,Bueno,Buena,Atardecer,Buen Tiempo,Lateral,S/D,Colisión,S/D,S/D,Cordón divisorio,Sin restricción,POINT (-60.713046500000004 -32.9306845),"['Avenida Provincias Unidas', 'Arévalo']",2,Avenida Provincias Unidas; Arévalo,-32.9306845,-60.7130465,55.0,538.0,Municipio Rosario,Municipio,Rosario,820210,Servicio de Catastro e Información Territorial,IGN
2013,6324,2013-03-21,Jueves,0.0,17:00:00,,0.0,2,"Pickup/Utilitario,Moto/Ciclomotor",Warnes Y Baigorria,3,2,0,0,1,0,0,,Calle,,ROSARIO,Rosario,Hormigón,No existe,II,Dentro,Urbana,Ninguna,No existe,Intersección,Bueno,Buena,Diurna,Buen Tiempo,Lateral,S/D,Colisión,Otro,Faltante,Ninguna,Sin restricción,POINT (-60.6947491 -32.89186080000001),"['Warnes', 'Baigorria']",2,Ignacio Warnes; Baigorria,-32.89186080000001,-60.6947491,55.0,538.0,Municipio Rosario,Municipio,Rosario,820210,Servicio de Catastro e Información Territorial,IGN
2013,6327,2013-04-25,Jueves,0.0,22:00:00,,0.0,2,"Automóvil,Moto/Ciclomotor",Paysandu 400,3,1,0,0,2,0,0,,Calle,,ROSARIO,Rosario,Hormigón,No existe,II,Dentro,Urbana,Ninguna,No existe,Intersección,Bueno,Reducida,Nocturna,Buen Tiempo,Lateral,S/D,Colisión,S/D,Faltante,Ninguna,Sin restricción,"-32.8821066, -60.69052",['Paysandu 400'],1,Paysandu 400,-32.8821066,-60.69052,55.0,538.0,Municipio Rosario,Municipio,Rosario,820210,Servicio de Catastro e Información Territorial,IGN
2013,6328,2013-04-07,Domingo,0.0,19:00:00,,0.0,2,"Moto/Ciclomotor,Automóvil",Av. Pellegrini Y Lima,1,1,0,0,0,0,0,,Avenida,,ROSARIO,Rosario,Asfalto,S/D,II,Dentro,Urbana,S/D,S/D,Intersección,S/D,S/D,S/D,S/D,S/D,S/D,Colisión,S/D,S/D,Cordón divisorio,S/D,POINT (-60.68596305 -32.94921605),"['Pellegrini', 'Lima']",2,Avenida Carlos Pellegrini; Lima,-32.94921605,-60.68596305,55.0,538.0,Municipio Rosario,Municipio,Rosario,820210,Servicio de Catastro e Información Territorial,IGN
2013,6329,2013-05-21,Martes,0.0,22:30:00,,0.0,3,"Taxi/Remis,Moto/Ciclomotor,Automóvil",Entre Ríos Y Pasaje Ricardone,3,1,0,0,2,0,0,,Calle,,ROSARIO,Rosario,Asfalto,S/D,II,S/D,Urbana,Ninguna,No existe,Intersección,Bueno,Buena,Nocturna,Buen Tiempo,"Lateral,Múltiple",S/D,Colisión,S/D,Faltante,Cordón divisorio,Sin restricción,POINT (-60.641359300000005 -32.94770249999999),"['Entre Ríos', 'Ricardone']",2,Entre Ríos; Ricardone,-32.94770249999999,-60.641359300000005,55.0,538.0,Municipio Rosario,Municipio,Rosario,820210,Servicio de Catastro e Información Territorial,IGN
2013,6330,2013-04-13,Sabado,0.0,,,0.0,2,"Taxi/Remis,Automóvil",Rioja Y Santiago,2,1,0,0,1,0,0,,Calle,,ROSARIO,Rosario,Asfalto,S/D,II,Dentro,Urbana,S/D,S/D,Intersección,S/D,S/D,S/D,S/D,S/D,S/D,Colisión,S/D,S/D,S/D,S/D,POINT (-60.656289699999995 -32.9443719),"['Rioja', 'Santiago']",2,Rioja; Santiago,-32.9443719,-60.6562897,55.0,538.0,Municipio Rosario,Municipio,Rosario,820210,Servicio de Catastro e Información Territorial,IGN
2013,6331,2013-05-28,Martes,0.0,14:45:00,,0.0,2,"Taxi/Remis,Peatón",San Lorenzo Y Entre Rios,2,1,0,0,1,0,0,,Calle,,ROSARIO,Rosario,Asfalto,No existe,II,Dentro,Urbana,Ninguna,No existe,Intersección,Bueno,Buena,"Diurna,Con luz artificial",Buen Tiempo,S/D,S/D,Atropello,S/D,Faltante,Ninguna,Sin restricción,POINT (-60.6403682 -32.94364579999999),"['San Lorenzo', 'Entre Ríos']",2,San Lorenzo; Entre Ríos,-32.94364579999999,-60.6403682,55.0,538.0,Municipio Rosario,Municipio,Rosario,820210,Servicio de Catastro e Información Territorial,IGN
2013,6334,2013-04-11,Jueves,0.0,08:15:00,,0.0,2,"Automóvil,Moto/Ciclomotor",Cordoba Y Castellanos,2,1,0,0,1,0,0,,Calle,,ROSARIO,Rosario,Asfalto,S/D,II,Dentro,Urbana,S/D,S/D,Intersección,S/D,S/D,S/D,S/D,S/D,S/D,Colisión,S/D,S/D,Cordón divisorio,S/D,POINT (-60.675064000000006 -32.939814),"['Córdoba', 'Aaron Castellanos']",2,Córdoba; Aaron Castellanos,-32.939814,-60.675064000000006,55.0,538.0,Municipio Rosario,Municipio,Rosario,820210,Servicio de Catastro e Información Territorial,IGN
2013,6335,2013-05-30,Jueves,0.0,07:30:00,,0.0,2,"Moto/Ciclomotor,Automóvil",España Y Catamarca,2,1,0,0,1,0,0,,Calle,,ROSARIO,Rosario,Asfalto,No existe,II,Dentro,Urbana,Semáforo,Funciona,Intersección,Bueno,Buena,"Amanecer,Con luz artificial",Buen Tiempo,Frontal,S/D,Colisión,S/D,Vertical,Ninguna,Sin restricción,POINT (-60.6450235 -32.93913189999999),"['España', 'Catamarca']",2,España; Catamarca,-32.93913189999999,-60.6450235,55.0,538.0,Municipio Rosario,Municipio,Rosario,820210,Servicio de Catastro e Información Territorial,IGN
2013,6336,2013-05-24,Viernes,0.0,16:00:00,,0.0,2,"Bicicleta,Automóvil",9 De Julio 1200,2,1,0,0,1,0,0,,Calle,,ROSARIO,Rosario,Asfalto,No existe,II,Dentro,Urbana,Ninguna,No existe,Recta,Bueno,Buena,Diurna,Buen Tiempo,S/D,S/D,Atropello,S/D,Faltante,Cordón divisorio,Sin restricción,"-32.9535763, -60.6413562",['9 De Julio 1200'],1,9 De Julio 1200,-32.9535763,-60.6413562,55.0,538.0,Municipio Rosario,Municipio,Rosario,820210,Servicio de Catastro e Información Territorial,IGN
2013,6337,2013-05-25,Sabado,0.0,12:50:00,,0.0,2,"Automóvil,Moto/Ciclomotor",Donado Y Av. Brassey,2,1,0,0,1,0,0,,Calle,,ROSARIO,Rosario,Asfalto,Pavimento,II,Dentro,Urbana,Ninguna,No existe,Intersección,Bueno,Buena,Diurna,Buen Tiempo,De alcance,S/D,Colisión,S/D,S/D,Ninguna,Sin restricción,POINT (-60.7276771 -32.92290909999999),"['Donado', 'Brassey']",2,José Agustín Donado; Brassey,-32.92290909999999,-60.7276771,55.0,538.0,Municipio Rosario,Municipio,Rosario,820210,Servicio de Catastro e Información Territorial,IGN
2013,6339,2013-04-13,Sabado,0.0,02:00:00,,0.0,2,"Automóvil,Automóvil",Carriego Y San Juan,3,1,0,0,2,0,0,,Calle,,ROSARIO,Rosario,Asfalto,S/D,II,Dentro,Urbana,S/D,S/D,Intersección,S/D,S/D,Nocturna,S/D,S/D,S/D,Colisión,S/D,S/D,Cordón divisorio,S/D,POINT (-60.68959670000001 -32.94115550000001),"['Carriego', 'San Juan']",2,Carriego; San Juan,-32.94115550000001,-60.68959670000001,55.0,538.0,Municipio Rosario,Municipio,Rosario,820210,Servicio de Catastro e Información Territorial,IGN
2013,6340,2013-05-26,Domingo,0.0,05:00:00,,0.0,2,"Taxi/Remis,Automóvil",Mitre Y 9 De Julio,3,1,0,0,2,0,0,,Calle,,ROSARIO,Rosario,Asfalto,S/D,II,Dentro,Urbana,Ninguna,No existe,Intersección,Bueno,Buena,"Amanecer,Con luz artificial",Buen Tiempo,Lateral,S/D,Colisión,S/D,Faltante,Cordón divisorio,Sin restricción,POINT (-60.6414341 -32.95360519999999),"['Mitre', '9 de Julio']",2,"('Bartolomé Mitre', '9 de Julio')",-32.95360519999999,-60.6414341,55.0,538.0,Municipio Rosario,Municipio,Rosario,820210,Servicio de Catastro e Información Territorial,IGN
2013,6345,2013-05-24,Viernes,0.0,18:00:00,,0.0,2,"Pickup/Utilitario,Moto/Ciclomotor",Italia 800,3,1,0,0,2,0,0,,Calle,,ROSARIO,Rosario,Asfalto,S/D,II,Dentro,Urbana,Ninguna,No existe,Recta,Bueno,Buena,Diurna,Buen Tiempo,Frontal,S/D,Colisión,S/D,Faltante,Ninguna,Sin restricción,"-32.9445959, -60.6478907",['Italia 800'],1,Italia 800,-32.9445959,-60.6478907,55.0,538.0,Municipio Rosario,Municipio,Rosario,820210,Servicio de Catastro e Información Territorial,IGN
2013,6346,2013-05-29,Miercoles,0.0,,,0.0,2,"Peatón,Automóvil",Sarmiento Y San Juan,2,1,0,0,1,0,0,,Calle,,ROSARIO,Rosario,Asfalto,S/D,II,Dentro,Urbana,Ninguna,No existe,Recta,Bueno,Buena,Diurna,Buen Tiempo,S/D,S/D,Atropello,S/D,Faltante,Cordón divisorio,Sin restricción,POINT (-60.6391042 -32.950156699999994),"['Sarmiento', 'San Juan']",2,Sarmiento; San Juan,-32.950156699999994,-60.6391042,55.0,538.0,Municipio Rosario,Municipio,Rosario,820210,Servicio de Catastro e Información Territorial,IGN
2013,6349,2013-05-30,Jueves,0.0,16:20:00,,0.0,2,"Moto/Ciclomotor,Automóvil",Av. Pellegrini Y Entre Rios,2,1,0,0,1,0,0,,Calle,,ROSARIO,Rosario,Asfalto,S/D,II,Dentro,Urbana,Semáforo,Funciona,Recta,Bueno,S/D,S/D,Buen Tiempo,Frontal,S/D,Colisión,S/D,Vertical,Cordón divisorio,Sin restricción,POINT (-60.6436612 -32.95680645),"['Pellegrini', 'Entre Ríos']",2,Avenida Carlos Pellegrini; Entre Ríos,-32.95680645,-60.6436612,55.0,538.0,Municipio Rosario,Municipio,Rosario,820210,Servicio de Catastro e Información Territorial,IGN
2013,6351,2013-04-14,Domingo,0.0,15:30:00,,0.0,2,"Automóvil,Moto/Ciclomotor",Bv. Avellaneda Y San Luis,2,1,0,0,1,0,0,,Avenida,,ROSARIO,Rosario,Asfalto,S/D,II,Dentro,Urbana,S/D,S/D,Intersección,S/D,S/D,Diurna,S/D,S/D,S/D,Colisión,S/D,S/D,Cordón divisorio,S/D,POINT (-60.6798066 -32.9417232),"['Avellaneda', 'San Luis']",2,Bulevar Nicolás Avellaneda; San Luis,-32.9417232,-60.6798066,55.0,538.0,Municipio Rosario,Municipio,Rosario,820210,Servicio de Catastro e Información Territorial,IGN
2013,6354,2013-05-30,Jueves,0.0,13:00:00,,0.0,2,"Automóvil,Taxi/Remis",Paraguay Y Rioja,2,1,0,0,1,0,0,,Calle,,ROSARIO,Rosario,Asfalto,S/D,II,Dentro,Urbana,Semáforo,Funciona,Recta,Bueno,Buena,Diurna,Buen Tiempo,Frontal,S/D,Colisión,S/D,Vertical,Cordón divisorio,Sin restricción,POINT (-60.6440183 -32.946608999999995),"['Paraguay', 'Rioja']",2,Paraguay; Rioja,-32.946608999999995,-60.6440183,55.0,538.0,Municipio Rosario,Municipio,Rosario,820210,Servicio de Catastro e Información Territorial,IGN
2013,6356,2013-05-26,Domingo,0.0,09:30:00,,0.0,2,"Pickup/Utilitario,Automóvil",Montevideo Y Mariano Moreno,6,1,0,0,5,0,0,,Calle,,ROSARIO,Rosario,Asfalto,S/D,II,Dentro,Urbana,Ninguna,No existe,Intersección,Bueno,Buena,Diurna,Buen Tiempo,Lateral,S/D,Colisión,S/D,S/D,S/D,Sin restricción,POINT (-60.653066 -32.953913799999995),"['Montevideo', 'Mariano Moreno']",2,Montevideo; Mariano Moreno,-32.953913799999995,-60.653066,55.0,538.0,Municipio Rosario,Municipio,Rosario,820210,Servicio de Catastro e Información Territorial,IGN
2013,6360,2013-05-23,Jueves,0.0,12:30:00,,0.0,2,"Peatón,Automóvil",Bv. Oroño Y San Juan,2,1,0,0,1,0,0,,Avenida,,ROSARIO,Rosario,Asfalto,S/D,II,Dentro,Urbana,Semáforo,Funciona,Intersección,Bueno,Buena,Diurna,Buen Tiempo,S/D,S/D,Atropello,S/D,Vertical,Cordón divisorio,Sin restricción,POINT (-60.6542222 -32.947453949999996),"['Bulevar Nicasio Oroño', 'San Juan']",2,Bulevar Nicasio Oroño; San Juan,-32.94745395,-60.6542222,55.0,538.0,Municipio Rosario,Municipio,Rosario,820210,Servicio de Catastro e Información Territorial,IGN
2013,6365,2013-05-02,Jueves,0.0,10:30:00,,0.0,2,"Automóvil,Otros",San Martin 1900,3,2,0,0,1,0,0,,S/D,,ROSARIO,Rosario,Asfalto,No existe,II,S/D,Urbana,Ninguna,No existe,Recta,Bueno,Buena,Diurna,Buen Tiempo,Lateral,S/D,Colisión,Otro,Faltante,Ninguna,Sin restricción,"-32.9597349, -60.6400744",['San Martin 1900'],1,San Martin 1900,-32.9597349,-60.6400744,55.0,538.0,Municipio Rosario,Municipio,Rosario,820210,Servicio de Catastro e Información Territorial,IGN
2013,6367,2013-05-04,Sabado,0.0,06:45:00,,0.0,1,Automóvil,L.N.Alem Y San Juan,2,1,0,0,1,0,0,,Calle,,ROSARIO,Rosario,Asfalto,S/D,II,Dentro,Urbana,S/D,S/D,Intersección,Bueno,Buena,Diurna,S/D,Contra objeto fijo,S/D,Colisión,S/D,S/D,Ninguna,S/D,POINT (-60.6292917 -32.9520629),"['Alem', 'San Juan']",2,Leandro N. Alem; San Juan,-32.9520629,-60.6292917,55.0,538.0,Municipio Rosario,Municipio,Rosario,820210,Servicio de Catastro e Información Territorial,IGN
2013,6368,2013-05-22,Miercoles,0.0,17:30:00,,0.0,2,"Automóvil,Automóvil",9 De Julio Y Dorrego,2,1,0,0,1,0,0,,Calle,,ROSARIO,Rosario,Asfalto,S/D,II,Dentro,Urbana,Ninguna,S/D,Recta,Bueno,Buena,Diurna,Buen Tiempo,Frontal,S/D,Colisión,S/D,Faltante,Cordón divisorio,Sin restricción,POINT (-60.65106190000001 -32.95188339999999),"['9 de Julio', 'Dorrego']",2,9 de Julio; Manuel Dorrego,-32.95188339999999,-60.65106190000001,55.0,538.0,Municipio Rosario,Municipio,Rosario,820210,Servicio de Catastro e Información Territorial,IGN