anio_acci,nro_acci,fecha,desc_dia,fecha_aprox,hora_aprox,desc_ruta,km,cant_participantes,desc_participante,calle_avenida_km,total,heridos_leves,heridos_graves,heridos_gravisimos,ilesos,fallecidos,sin_datos,posicion_XY,desc_tipo_via,desc_ruta_ori,desc_loc,desc_dpto,desc_tipo_calzada,desc_tipo_banquina,desc_unidad_regional,desc_lugar_calzada,desc_zona,desc_prioridad,desc_estado_semaforo,desc_lugar_via,desc_estado_via,desc_estado_visibilidad,desc_luminosidad,desc_estado_clima,desc_tipo_colision,desc_tipo_atropello,desc_tipo_hecho,desc_pres_calzada,desc_senializacion,desc_separacion_via,desc_restriccion,forma_geocod,calle_lista,numero_calles,calles_osm,lat,lon,index_right,gid,fna,gna,nam,in1,fdc,sag
2013,6369,2013-05-16,Jueves,0.0,08:15:00,,0.0,2,"Taxi/Remis,Automóvil",Tucuman Y Bv. Oroño,2,1,0,0,1,0,0,,Calle,,ROSARIO,Rosario,Asfalto,No existe,II,Dentro,Urbana,Señal Pare,No existe,Intersección,Bueno,Buena,Diurna,Buen Tiempo,De alcance,S/D,Colisión,S/D,Vertical,S/D,Sin restricción,POINT (-60.6521219 -32.9390762),"['Tucumán', 'Bulevar Nicasio Oroño']",2,Tucumán; Bulevar Nicasio Oroño,-32.9390762,-60.6521219,55.0,538.0,Municipio Rosario,Municipio,Rosario,820210,Servicio de Catastro e Información Territorial,IGN
2013,6371,2013-04-12,Viernes,0.0,15:40:00,,0.0,2,"Automóvil,Pickup/Utilitario",Iriondo Y 9 De Julio,3,3,0,0,0,0,0,,Calle,,ROSARIO,Rosario,Asfalto,S/D,II,Dentro,Urbana,S/D,S/D,Intersección,S/D,S/D,Diurna,S/D,S/D,S/D,Colisión,S/D,S/D,S/D,S/D,POINT (-60.6714766 -32.9482239),"['Iriondo', '9 de Julio']",2,Iriondo; 9 de Julio,-32.9482239,-60.6714766,55.0,538.0,Municipio Rosario,Municipio,Rosario,820210,Servicio de Catastro e Información Territorial,IGN
2013,6375,2013-05-02,Jueves,0.0,05:35:00,,0.0,2,"Moto/Ciclomotor,Automóvil",Av. Pellegrini 900,2,1,0,0,1,0,0,,Avenida,,ROSARIO,Rosario,Asfalto,No existe,II,Dentro,Urbana,Semáforo,Funciona,Recta,Bueno,Buena,Diurna,S/D,De alcance,S/D,Colisión,Agua,Vertical,Cordón divisorio,S/D,"-32.9577043, -60.6379933",['Pellegrini 900'],1,Pellegrini 900,-32.9577043,-60.6379933,55.0,538.0,Municipio Rosario,Municipio,Rosario,820210,Servicio de Catastro e Información Territorial,IGN
2013,6376,2013-05-19,Domingo,0.0,17:00:00,,0.0,2,"Peatón,Automóvil",Santa Fe Y España,2,1,0,0,1,0,0,,Calle,,ROSARIO,Rosario,Asfalto,S/D,II,Dentro,Urbana,Semáforo,Funciona,Intersección,Bueno,Buena,S/D,Buen Tiempo,Otro,S/D,Atropello,S/D,Vertical,Cordón divisorio,S/D,POINT (-60.6461476 -32.943604900000004),"['Santa Fe', 'España']",2,Santa Fe; España,-32.943604900000004,-60.6461476,55.0,538.0,Municipio Rosario,Municipio,Rosario,820210,Servicio de Catastro e Información Territorial,IGN
2013,6377,2013-05-21,Martes,0.0,08:15:00,,0.0,2,"Moto/Ciclomotor,Automóvil",Cordoba Y Dorrego,3,1,0,0,2,0,0,,Calle,,ROSARIO,Rosario,Asfalto,S/D,II,Dentro,Urbana,Ninguna,No existe,Recta,Bueno,Buena,Diurna,Buen Tiempo,Frontal,S/D,Colisión,S/D,Faltante,Cordón divisorio,Sin restricción,POINT (-60.64918180000001 -32.94445519999999),"['Córdoba', 'Dorrego']",2,Córdoba; Manuel Dorrego,-32.94445519999999,-60.64918180000001,55.0,538.0,Municipio Rosario,Municipio,Rosario,820210,Servicio de Catastro e Información Territorial,IGN
2013,6380,2013-05-20,Lunes,0.0,13:45:00,,0.0,2,"Automóvil,Moto/Ciclomotor",Bv. Oroño Y San Lorenzo,3,2,0,0,1,0,0,,Calle,,ROSARIO,Rosario,Asfalto,No existe,II,Dentro,Urbana,Señal Pare,No existe,Intersección,Bueno,Buena,Diurna,Buen Tiempo,Lateral,S/D,Colisión,S/D,Vertical,Cordón divisorio,Sin restricción,POINT (-60.652740599999994 -32.9414065),"['Bulevar Nicasio Oroño', 'San Lorenzo']",2,Bulevar Nicasio Oroño; San Lorenzo,-32.9414065,-60.6527406,55.0,538.0,Municipio Rosario,Municipio,Rosario,820210,Servicio de Catastro e Información Territorial,IGN
2013,6382,2013-05-16,Jueves,0.0,16:00:00,,0.0,2,"Taxi/Remis,Moto/Ciclomotor",9 De Julio Y Dorrego,2,1,0,0,1,0,0,,Calle,,ROSARIO,Rosario,Asfalto,S/D,II,Dentro,Urbana,Ninguna,No existe,Intersección,Bueno,Buena,Diurna,Buen Tiempo,Lateral,S/D,Colisión,S/D,Faltante,Cordón divisorio,Sin restricción,POINT (-60.65106190000001 -32.95188339999999),"['9 de Julio', 'Dorrego']",2,9 de Julio; Manuel Dorrego,-32.95188339999999,-60.65106190000001,55.0,538.0,Municipio Rosario,Municipio,Rosario,820210,Servicio de Catastro e Información Territorial,IGN
2013,6383,2013-05-20,Lunes,0.0,13:50:00,,0.0,2,"Peatón,Automóvil",Sarmiento Y Montevideo,2,1,0,0,0,0,1,,Calle,,ROSARIO,Rosario,Asfalto,S/D,II,Dentro,Urbana,S/D,No existe,Intersección,Bueno,Buena,Diurna,Buen Tiempo,S/D,S/D,Atropello,S/D,Faltante,Cordón divisorio,Sin restricción,POINT (-60.64057540000001 -32.9561286),"['Sarmiento', 'Montevideo']",2,Sarmiento; Montevideo,-32.9561286,-60.64057540000001,55.0,538.0,Municipio Rosario,Municipio,Rosario,820210,Servicio de Catastro e Información Territorial,IGN
2013,6384,2013-05-21,Martes,0.0,10:00:00,,0.0,2,"Moto/Ciclomotor,Automóvil",3 De Febrero 2200,3,1,0,0,2,0,0,,Calle,,ROSARIO,Rosario,Asfalto,S/D,II,Dentro,Urbana,Ninguna,No existe,Recta,Bueno,Buena,Diurna,Buen Tiempo,Frontal,S/D,Colisión,S/D,Faltante,Cordón divisorio,Sin restricción,"-32.9500772, -60.6546657",['3 De Febrero 2200'],1,3 De Febrero 2200,-32.9500772,-60.6546657,55.0,538.0,Municipio Rosario,Municipio,Rosario,820210,Servicio de Catastro e Información Territorial,IGN
2013,6387,2013-05-23,Jueves,0.0,14:10:00,,0.0,2,"Automóvil,Peatón",Rioja 800,2,1,0,0,1,0,0,,Calle,,ROSARIO,Rosario,Asfalto,No existe,II,Dentro,Urbana,S/D,S/D,Recta,Bueno,Buena,Diurna,S/D,S/D,S/D,Atropello,S/D,S/D,Ninguna,S/D,"-32.9485355, -60.6341467",['Rioja 800'],1,Rioja 800,-32.9485355,-60.6341467,55.0,538.0,Municipio Rosario,Municipio,Rosario,820210,Servicio de Catastro e Información Territorial,IGN
2013,6388,2013-05-16,Jueves,0.0,15:00:00,,0.0,2,"Automóvil,Automóvil",Av. Corrientes Y San Luis,3,1,0,0,2,0,0,,Calle,,ROSARIO,Rosario,Asfalto,S/D,II,Dentro,Urbana,Semáforo,Funciona,Recta,Bueno,Buena,Diurna,Buen Tiempo,Frontal,S/D,Colisión,S/D,Vertical,Cordón divisorio,Sin restricción,POINT (-60.6429694 -32.948293099999994),"['Corrientes', 'San Luis']",2,Corrientes; San Luis,-32.948293099999994,-60.6429694,55.0,538.0,Municipio Rosario,Municipio,Rosario,820210,Servicio de Catastro e Información Territorial,IGN
2013,6389,2013-05-16,Jueves,0.0,11:40:00,,0.0,2,"Automóvil,Transporte Escolar",Montevideo Y España,2,1,0,0,1,0,0,,Calle,,ROSARIO,Rosario,Asfalto,S/D,II,Dentro,Urbana,Semáforo,Funciona,Recta,Bueno,Buena,Diurna,Buen Tiempo,Frontal,S/D,Colisión,S/D,Vertical,Cordón divisorio,Sin restricción,POINT (-60.648924400000006 -32.9546495),"['Montevideo', 'España']",2,Montevideo; España,-32.9546495,-60.648924400000006,55.0,538.0,Municipio Rosario,Municipio,Rosario,820210,Servicio de Catastro e Información Territorial,IGN
2013,6390,2013-05-26,Domingo,0.0,21:45:00,,0.0,1,Moto/Ciclomotor,Mariano Moreno 600,2,2,0,0,0,0,0,,Calle,,ROSARIO,Rosario,Asfalto,No existe,II,Dentro,Urbana,Ninguna,No existe,Recta,Bueno,Buena,"Nocturna,Con luz artificial",Buen Tiempo,Contra objeto fijo,S/D,Colisión,S/D,Faltante,Ninguna,Sin restricción,"-32.9418359, -60.650071",['Mariano Moreno 600'],1,Mariano Moreno 600,-32.9418359,-60.650071,55.0,538.0,Municipio Rosario,Municipio,Rosario,820210,Servicio de Catastro e Información Territorial,IGN
2013,6391,2013-05-22,Miercoles,0.0,,,0.0,2,"Moto/Ciclomotor,Automóvil",Alberdi Y Pje. Neil,2,1,0,0,1,0,0,,Calle,,ROSARIO,Rosario,Asfalto,S/D,II,Dentro,Urbana,S/D,S/D,Intersección,Bueno,S/D,S/D,Buen Tiempo,Lateral,S/D,Colisión,S/D,Horizontal,Cordón divisorio,Sin restricción,POINT (-60.686069200000006 -32.914522099999985),"['Alberdi', 'Neil']",2,Avenida Alberdi; Neil,-32.914522099999985,-60.686069200000006,55.0,538.0,Municipio Rosario,Municipio,Rosario,820210,Servicio de Catastro e Información Territorial,IGN
2013,6393,2013-05-02,Jueves,0.0,13:30:00,,0.0,2,"Transporte de Pasajeros Urbano (> 8 asientos),Transporte de Pasajeros Urbano (> 8 asientos)",Bv. Rondeau Y Washington,3,1,0,0,2,0,0,,Avenida,,ROSARIO,Rosario,S/D,S/D,II,S/D,Urbana,S/D,S/D,Intersección,S/D,S/D,Diurna,S/D,S/D,S/D,Colisión,S/D,S/D,S/D,S/D,POINT (-60.6903563 -32.901208475000004),"['Rondeau', 'Washington']",2,Bulevar General José Rondeau; Washington,-32.901208475000004,-60.6903563,55.0,538.0,Municipio Rosario,Municipio,Rosario,820210,Servicio de Catastro e Información Territorial,IGN
2013,6394,2013-05-17,Viernes,0.0,15:15:00,,0.0,2,"Moto/Ciclomotor,Automóvil",Santa Fe 1800,2,1,0,0,1,0,0,,Calle,,ROSARIO,Rosario,Asfalto,S/D,II,Dentro,Urbana,Ninguna,No existe,Recta,Bueno,S/D,Diurna,S/D,Frontal,S/D,Colisión,S/D,Faltante,Cordón divisorio,Sin restricción,"-32.9432674, -60.6476028",['Santa Fe 1800'],1,Santa Fe 1800,-32.9432674,-60.6476028,55.0,538.0,Municipio Rosario,Municipio,Rosario,820210,Servicio de Catastro e Información Territorial,IGN
2013,6395,2013-05-23,Jueves,0.0,18:00:00,,0.0,2,"Taxi/Remis,Automóvil",Av. Corrientes Y Urquiza,2,1,0,0,1,0,0,,Calle,,ROSARIO,Rosario,Asfalto,No existe,II,Dentro,Urbana,Semáforo,Funciona,Intersección,Bueno,Buena,Diurna,Buen Tiempo,De alcance,S/D,Colisión,S/D,Vertical,Ninguna,Sin restricción,POINT (-60.6414615 -32.9422391),"['Corrientes', 'Urquiza']",2,Corrientes; Justo José de Urquiza,-32.9422391,-60.6414615,55.0,538.0,Municipio Rosario,Municipio,Rosario,820210,Servicio de Catastro e Información Territorial,IGN
2013,6398,2013-05-24,Viernes,0.0,07:40:00,,0.0,2,"Bicicleta,Automóvil",Av. Pellegrini Y Necochea,2,1,0,0,1,0,0,,Calle,,ROSARIO,Rosario,Asfalto,No existe,II,Dentro,Urbana,S/D,S/D,Intersección,Bueno,S/D,Diurna,S/D,S/D,S/D,Atropello,S/D,S/D,Cordón divisorio,S/D,POINT (-60.62690115 -32.95982415),"['Pellegrini', 'Necochea']",2,Avenida Carlos Pellegrini; Necochea,-32.95982415,-60.62690115,55.0,538.0,Municipio Rosario,Municipio,Rosario,820210,Servicio de Catastro e Información Territorial,IGN
2013,6399,2013-05-21,Martes,0.0,06:55:00,,0.0,2,"Bicicleta,Automóvil",San Lorenzo 900,2,1,0,0,1,0,0,,Calle,,ROSARIO,Rosario,Asfalto,No existe,II,Dentro,Urbana,Ninguna,No existe,Recta,Bueno,Buena,"Amanecer,Con luz artificial",Buen Tiempo,Contra objeto fijo,S/D,Colisión,S/D,Faltante,Ninguna,Sin restricción,"-32.9454155, -60.6345671",['San Lorenzo 900'],1,San Lorenzo 900,-32.9454155,-60.6345671,55.0,538.0,Municipio Rosario,Municipio,Rosario,820210,Servicio de Catastro e Información Territorial,IGN
2013,6401,2013-05-16,Jueves,0.0,11:00:00,,0.0,2,"Moto/Ciclomotor,Pickup/Utilitario",Bv. Oroño Y Cordoba,3,1,0,0,2,0,0,,Avenida,,ROSARIO,Rosario,Asfalto,S/D,II,Dentro,Urbana,Semáforo,Funciona,Recta,Bueno,Buena,Diurna,Buen Tiempo,Frontal,S/D,Colisión,S/D,Vertical,Cordón divisorio,Sin restricción,POINT (-60.653337 -32.943730650000006),"['Bulevar Nicasio Oroño', 'Córdoba']",2,Bulevar Nicasio Oroño; Córdoba,-32.943730650000006,-60.653337,55.0,538.0,Municipio Rosario,Municipio,Rosario,820210,Servicio de Catastro e Información Territorial,IGN
2013,6402,2013-05-16,Jueves,0.0,07:30:00,,0.0,2,"Moto/Ciclomotor,Camión",Mendoza Y Sarmiento,2,1,0,0,0,0,1,,Calle,,ROSARIO,Rosario,Asfalto,S/D,II,Dentro,Urbana,S/D,No existe,Recta,Bueno,Buena,S/D,Buen Tiempo,S/D,S/D,Colisión,S/D,S/D,Ninguna,Sin restricción,POINT (-60.6394302 -32.9514704),"['Mendoza', 'Sarmiento']",2,Mendoza; Sarmiento,-32.9514704,-60.6394302,55.0,538.0,Municipio Rosario,Municipio,Rosario,820210,Servicio de Catastro e Información Territorial,IGN
2013,6403,2013-05-22,Miercoles,0.0,09:00:00,,0.0,2,"Pickup/Utilitario,Taxi/Remis",Av. Wheelwright Y Paraguay,2,1,0,0,1,0,0,,Calle,,ROSARIO,Rosario,Asfalto,No existe,II,Dentro,Urbana,Semáforo,Funciona,Intersección,Bueno,Buena,"Diurna,Con luz artificial",Buen Tiempo,De alcance,S/D,Colisión,S/D,Vertical,Ninguna,Sin restricción,POINT (-60.641542300000005 -32.936649899999985),"['Avenida Guillermo Wheelwright', 'Paraguay']",2,Avenida Guillermo Wheelwright; Paraguay,-32.936649899999985,-60.641542300000005,55.0,538.0,Municipio Rosario,Municipio,Rosario,820210,Servicio de Catastro e Información Territorial,IGN
2013,6404,2013-05-24,Viernes,0.0,19:30:00,,0.0,3,"Automóvil,Moto/Ciclomotor,Automóvil",Colon 1400,3,1,0,0,2,0,0,,Calle,,ROSARIO,Rosario,Asfalto,No existe,II,Dentro,Urbana,S/D,S/D,Recta,Bueno,Buena,"Atardecer,Con luz artificial",S/D,"De alcance,Múltiple",S/D,Colisión,S/D,S/D,Ninguna,S/D,"-32.9559527, -60.6275236",['Colon 1400'],1,Colon 1400,-32.9559527,-60.6275236,55.0,538.0,Municipio Rosario,Municipio,Rosario,820210,Servicio de Catastro e Información Territorial,IGN
2013,6407,2013-05-01,Miercoles,1.0,09:45:00,,0.0,2,"Automóvil,Moto/Ciclomotor",Bv. Oroño Y Catamarca,3,1,0,0,2,0,0,,Avenida,,ROSARIO,Rosario,Asfalto,No existe,II,Dentro,Urbana,Señal Pare,No existe,Intersección,Bueno,Buena,Diurna,Buen Tiempo,Lateral,S/D,Colisión,S/D,Vertical,Ninguna,Sin restricción,POINT (-60.651806750000006 -32.9378818),"['Bulevar Nicasio Oroño', 'Catamarca']",2,Bulevar Nicasio Oroño; Catamarca,-32.9378818,-60.651806750000006,55.0,538.0,Municipio Rosario,Municipio,Rosario,820210,Servicio de Catastro e Información Territorial,IGN
2013,6409,2013-05-21,Martes,0.0,15:30:00,,0.0,2,"Moto/Ciclomotor,Peatón",Urquiza Y Dorrego,2,1,0,0,1,0,0,,Calle,,ROSARIO,Rosario,Asfalto,No existe,II,Dentro,Urbana,Ninguna,No existe,Intersección,Bueno,Buena,Diurna,Buen Tiempo,Otro,S/D,Atropello,S/D,Faltante,Ninguna,Sin restricción,POINT (-60.64830039999999 -32.9409883),"['Urquiza', 'Dorrego']",2,Justo José de Urquiza; Manuel Dorrego,-32.9409883,-60.64830039999999,55.0,538.0,Municipio Rosario,Municipio,Rosario,820210,Servicio de Catastro e Información Territorial,IGN
2013,6410,2013-05-23,Jueves,0.0,08:00:00,,0.0,2,"Moto/Ciclomotor,Moto/Ciclomotor",Salta 1200,2,1,0,0,1,0,0,,Calle,,ROSARIO,Rosario,Asfalto,No existe,II,Dentro,Urbana,Ninguna,No existe,Recta,Bueno,Buena,Diurna,Buen Tiempo,De alcance,S/D,Colisión,S/D,Faltante,Ninguna,Sin restricción,"-32.939199, -60.6377067",['Salta 1200'],1,Salta 1200,-32.939199,-60.6377067,55.0,538.0,Municipio Rosario,Municipio,Rosario,820210,Servicio de Catastro e Información Territorial,IGN
2013,6412,2013-05-16,Jueves,0.0,00:10:00,,0.0,2,"Moto/Ciclomotor,Automóvil",Barra Y Av. Genova,2,1,0,0,1,0,0,,Calle,,ROSARIO,Rosario,Asfalto,S/D,II,Dentro,Urbana,Ninguna,No existe,Intersección,Bueno,Buena,"Nocturna,Con luz artificial",Buen Tiempo,Frontal,S/D,Colisión,S/D,Faltante,Ninguna,Sin restricción,POINT (-60.7080879 -32.9158538),"['Barra', 'Genova']",2,Barraco; Avenida Génova,-32.9158538,-60.7080879,55.0,538.0,Municipio Rosario,Municipio,Rosario,820210,Servicio de Catastro e Información Territorial,IGN
2013,6413,2013-05-21,Martes,0.0,10:00:00,,0.0,2,"Taxi/Remis,Automóvil",Darragueira Y Uriarte,4,4,0,0,0,0,0,,Calle,,ROSARIO,Rosario,Asfalto,S/D,II,S/D,Urbana,Ninguna,No existe,Intersección,Bueno,S/D,Diurna,S/D,Frontal,S/D,Colisión,S/D,S/D,S/D,Sin restricción,POINT (-60.6935278 -32.89959669999999),"['José Darragueira', 'Uriarte']",2,José Darragueira; Uriarte,-32.89959669999999,-60.6935278,55.0,538.0,Municipio Rosario,Municipio,Rosario,820210,Servicio de Catastro e Información Territorial,IGN
2013,6414,2013-05-08,Miercoles,0.0,12:40:00,,0.0,2,"Automóvil,Automóvil",Iriondo Y Tucuman,2,1,0,0,1,0,0,,Calle,,ROSARIO,Rosario,Asfalto,S/D,II,Dentro,Urbana,S/D,No existe,Intersección,Bueno,Buena,Diurna,Buen Tiempo,Lateral,S/D,Colisión,S/D,Horizontal,S/D,S/D,POINT (-60.6684472 -32.9361566),"['Iriondo', 'Tucumán']",2,Iriondo; Tucumán,-32.9361566,-60.6684472,55.0,538.0,Municipio Rosario,Municipio,Rosario,820210,Servicio de Catastro e Información Territorial,IGN
2013,6415,2013-04-03,Miercoles,0.0,,,0.0,3,"Automóvil,Automóvil,Peatón",Ing.Thedy Bis Y Pje. Vertiz Bis,3,1,0,0,2,0,0,,S/D,,ROSARIO,Rosario,S/D,S/D,II,S/D,Urbana,S/D,S/D,S/D,S/D,S/D,S/D,S/D,Múltiple,S/D,"Colisión,Atropello",S/D,S/D,S/D,S/D,POINT (-60.665701000000006 -32.925761599999994),"['Thedy', 'Vertiz']",2,Héctor Thedy; Vertiz y Salcedo,-32.925761599999994,-60.665701000000006,55.0,538.0,Municipio Rosario,Municipio,Rosario,820210,Servicio de Catastro e Información Territorial,IGN
2013,6416,2013-05-08,Miercoles,0.0,22:00:00,,0.0,2,"Automóvil,Moto/Ciclomotor",Av. Casiano Casas Y F.Netri,3,2,0,0,1,0,0,,Avenida,,ROSARIO,Rosario,Asfalto,S/D,II,Dentro,Urbana,Semáforo,S/D,Intersección,S/D,S/D,"Nocturna,Con luz artificial",S/D,S/D,S/D,Colisión,S/D,Vertical,S/D,S/D,POINT (-60.69916125 -32.9046656),"['Avenida Casiano Casas', 'Netri']",2,Avenida Casiano Casas; Netri,-32.9046656,-60.69916125,55.0,538.0,Municipio Rosario,Municipio,Rosario,820210,Servicio de Catastro e Información Territorial,IGN
2013,6417,2013-05-01,Miercoles,0.0,05:45:00,,0.0,2,"Automóvil,Automóvil",Santa Fe Y Alsina,7,5,0,0,2,0,0,,Calle,,ROSARIO,Rosario,Asfalto,S/D,II,S/D,Urbana,Marca Vial,Funciona,Intersección,S/D,S/D,"Amanecer,Con luz artificial",Buen Tiempo,Lateral,S/D,Colisión,S/D,Horizontal,S/D,S/D,POINT (-60.676048 -32.9382392),"['Santa Fe', 'Alsina']",2,Santa Fe; Alsina,-32.9382392,-60.676048,55.0,538.0,Municipio Rosario,Municipio,Rosario,820210,Servicio de Catastro e Información Territorial,IGN
2013,6418,2013-05-08,Miercoles,0.0,19:15:00,,0.0,3,"Automóvil,Moto/Ciclomotor,Pickup/Utilitario",Bv. Rondeau Y Mina Clavero,4,2,0,0,2,0,0,,Avenida,,ROSARIO,Rosario,Asfalto,S/D,II,Dentro,Urbana,Ninguna,No existe,Intersección,Bueno,S/D,"Atardecer,Con luz artificial",S/D,Múltiple,S/D,Colisión,S/D,S/D,S/D,S/D,POINT (-60.69578370000001 -32.883919199999994),"['Rondeau', 'Mina Clavero']",2,Bulevar General José Rondeau; Mina Clavero,-32.883919199999994,-60.69578370000001,55.0,538.0,Municipio Rosario,Municipio,Rosario,820210,Servicio de Catastro e Información Territorial,IGN
2013,6420,2013-05-15,Miercoles,0.0,,,0.0,2,"Taxi/Remis,Moto/Ciclomotor",Av. Genova Y Garzon,2,1,0,0,1,0,0,,Calle,,ROSARIO,Rosario,Asfalto,S/D,II,Dentro,Urbana,Ninguna,No existe,Intersección,Bueno,Buena,Diurna,Buen Tiempo,Otro,S/D,Colisión,S/D,Faltante,Ninguna,Sin restricción,POINT (-60.7063289 -32.91580020000001),"['Genova', 'Garzón']",2,Avenida Génova; Garzón,-32.91580020000001,-60.7063289,55.0,538.0,Municipio Rosario,Municipio,Rosario,820210,Servicio de Catastro e Información Territorial,IGN
2013,6422,2013-05-11,Sabado,0.0,06:30:00,,0.0,2,"Moto/Ciclomotor,Automóvil",Suipacha Y Tucuman,3,2,0,0,1,0,0,,Calle,,ROSARIO,Rosario,Asfalto,S/D,II,Dentro,Urbana,Otra Señal,No existe,Intersección,Bueno,Reducida,Amanecer,Buen Tiempo,Lateral,S/D,Colisión,S/D,Horizontal,S/D,S/D,POINT (-60.662997 -32.937165199999995),"['Suipacha', 'Tucumán']",2,Suipacha; Tucumán,-32.937165199999995,-60.662997,55.0,538.0,Municipio Rosario,Municipio,Rosario,820210,Servicio de Catastro e Información Territorial,IGN
2013,6423,2013-05-20,Lunes,0.0,,,0.0,2,"Automóvil,Moto/Ciclomotor",Barra Y Jose Ingenieros,3,1,0,0,2,0,0,,Calle,,ROSARIO,Rosario,Asfalto,No existe,II,S/D,Urbana,Ninguna,No existe,Intersección,Bueno,Buena,Diurna,Buen Tiempo,Lateral,S/D,Colisión,S/D,Faltante,Ninguna,Sin restricción,POINT (-60.70805320000001 -32.916948599999984),"['Barra', 'José Ingenieros']",2,Barraco; José Ingenieros,-32.916948599999984,-60.70805320000001,55.0,538.0,Municipio Rosario,Municipio,Rosario,820210,Servicio de Catastro e Información Territorial,IGN
2013,6424,2013-05-03,Viernes,0.0,13:15:00,,0.0,2,"Automóvil,Moto/Ciclomotor",Nicaragua Y French,3,2,0,0,1,0,0,,Calle,,ROSARIO,Rosario,Asfalto,No existe,II,S/D,Urbana,Ninguna,No existe,Intersección,Bueno,Buena,Diurna,Buen Tiempo,Lateral,S/D,Colisión,S/D,Faltante,Ninguna,Sin restricción,POINT (-60.7215001 -32.92200940000001),"['Nicaragua', 'French']",2,Nicaragua; Domingo French,-32.92200940000001,-60.7215001,55.0,538.0,Municipio Rosario,Municipio,Rosario,820210,Servicio de Catastro e Información Territorial,IGN
2013,6425,2013-05-11,Sabado,0.0,23:00:00,,0.0,2,"Moto/Ciclomotor,Automóvil",Av. Casiano Casas Y Comercio,3,2,0,0,1,0,0,,Avenida,,ROSARIO,Rosario,Asfalto,S/D,II,S/D,Urbana,S/D,S/D,Intersección,S/D,S/D,Nocturna,S/D,Lateral,S/D,Colisión,S/D,S/D,S/D,S/D,POINT (-60.69773335 -32.90573255),"['Avenida Casiano Casas', 'Comercio']",2,Avenida Casiano Casas; Comercio,-32.90573255,-60.69773335,55.0,538.0,Municipio Rosario,Municipio,Rosario,820210,Servicio de Catastro e Información Territorial,IGN
2013,6426,2013-05-11,Sabado,0.0,15:00:00,,0.0,2,"Moto/Ciclomotor,Automóvil",Uriarte Y Calvo,2,1,0,0,0,0,1,,Calle,,ROSARIO,Rosario,Asfalto,No existe,II,S/D,Urbana,Ninguna,No existe,Intersección,Bueno,S/D,Diurna,S/D,Otro,S/D,Colisión,S/D,Faltante,S/D,S/D,POINT (-60.7071103 -32.90251609999999),"['Uriarte', 'Calvo']",2,Uriarte; Calvo,-32.90251609999999,-60.7071103,55.0,538.0,Municipio Rosario,Municipio,Rosario,820210,Servicio de Catastro e Información Territorial,IGN
2013,6428,2013-05-15,Miercoles,0.0,04:15:00,,0.0,2,"Automóvil,Automóvil",Santa Fe Y Pueyrredon,8,3,0,0,5,0,0,,Calle,,ROSARIO,Rosario,Asfalto,S/D,II,Dentro,Urbana,S/D,Intermitente,Intersección,Bueno,Buena,Nocturna,S/D,Lateral,S/D,Colisión,S/D,S/D,S/D,S/D,POINT (-60.657033000000006 -32.9416413),"['Santa Fe', 'Pueyrredón']",2,Santa Fe; Pueyrredón,-32.9416413,-60.657033000000006,55.0,538.0,Municipio Rosario,Municipio,Rosario,820210,Servicio de Catastro e Información Territorial,IGN
2013,6430,2013-05-02,Jueves,0.0,06:35:00,,0.0,2,"Peatón,Automóvil",Santa Fe Y Callao,2,1,0,0,1,0,0,,Calle,,ROSARIO,Rosario,Asfalto,S/D,II,Dentro,Urbana,Paso Peatonal,Funciona,Recta,Resbaladiza,Reducida,"Amanecer,Con luz artificial",Lluvia,S/D,S/D,Atropello,Agua,S/D,S/D,S/D,POINT (-60.6597746 -32.94115649999999),"['Santa Fe', 'Callao']",2,Santa Fe; Callao,-32.94115649999999,-60.6597746,55.0,538.0,Municipio Rosario,Municipio,Rosario,820210,Servicio de Catastro e Información Territorial,IGN
2013,6434,2013-05-07,Martes,0.0,18:15:00,,0.0,2,"Automóvil,Automóvil",Av. Luis Carballo Y Pje. J.M.Estrada Bis,3,1,0,0,2,0,0,,Avenida,,ROSARIO,Rosario,S/D,S/D,II,S/D,Urbana,S/D,S/D,S/D,S/D,S/D,S/D,S/D,S/D,S/D,S/D,S/D,S/D,S/D,S/D,POINT (-60.67689539999999 -32.922036399999996),"['Avenida Doctor Luis Cándido Carballo', 'Estrada']",2,Avenida Doctor Luis Cándido Carballo; Estrada,-32.9220364,-60.67689539999999,55.0,538.0,Municipio Rosario,Municipio,Rosario,820210,Servicio de Catastro e Información Territorial,IGN
2013,6435,2013-05-03,Viernes,0.0,10:20:00,,0.0,2,"Automóvil,Moto/Ciclomotor",Darragueira Y Washington,2,1,0,0,1,0,0,,Calle,,ROSARIO,Rosario,Asfalto,S/D,II,S/D,Urbana,S/D,No existe,Intersección,S/D,S/D,Diurna,S/D,S/D,S/D,Colisión,S/D,S/D,S/D,S/D,POINT (-60.69286400000001 -32.9017565),"['José Darragueira', 'Washington']",2,José Darragueira; Washington,-32.9017565,-60.69286400000001,55.0,538.0,Municipio Rosario,Municipio,Rosario,820210,Servicio de Catastro e Información Territorial,IGN