anio_acci,nro_acci,fecha,desc_dia,fecha_aprox,hora_aprox,desc_ruta,km,cant_participantes,desc_participante,calle_avenida_km,total,heridos_leves,heridos_graves,heridos_gravisimos,ilesos,fallecidos,sin_datos,posicion_XY,desc_tipo_via,desc_ruta_ori,desc_loc,desc_dpto,desc_tipo_calzada,desc_tipo_banquina,desc_unidad_regional,desc_lugar_calzada,desc_zona,desc_prioridad,desc_estado_semaforo,desc_lugar_via,desc_estado_via,desc_estado_visibilidad,desc_luminosidad,desc_estado_clima,desc_tipo_colision,desc_tipo_atropello,desc_tipo_hecho,desc_pres_calzada,desc_senializacion,desc_separacion_via,desc_restriccion,forma_geocod,calle_lista,numero_calles,calles_osm,lat,lon,index_right,gid,fna,gna,nam,in1,fdc,sag
2013,6436,2013-05-01,Miercoles,0.0,21:30:00,,0.0,2,"Moto/Ciclomotor,Moto/Ciclomotor",La Republica Y Bolivia,3,3,0,0,0,0,0,,Calle,,ROSARIO,Rosario,Asfalto,No existe,II,S/D,Urbana,Ninguna,No existe,Intersección,Bueno,Buena,"Nocturna,Con luz artificial",Otro,Lateral,S/D,Colisión,S/D,Faltante,Ninguna,S/D,POINT (-60.71562190000001 -32.9186456),"['La República', 'Bolivia']",2,La República; Bolivia,-32.9186456,-60.71562190000001,55.0,538.0,Municipio Rosario,Municipio,Rosario,820210,Servicio de Catastro e Información Territorial,IGN
2013,6437,2013-05-20,Lunes,0.0,16:20:00,,0.0,2,"Automóvil,Moto/Ciclomotor",Baigorria Y Warnes,4,3,0,0,1,0,0,,Calle,,ROSARIO,Rosario,Asfalto,S/D,II,S/D,Urbana,S/D,No existe,Intersección,S/D,S/D,Diurna,S/D,Otro,S/D,Colisión,S/D,S/D,S/D,S/D,POINT (-60.6947491 -32.89186080000001),"['Baigorria', 'Warnes']",2,Baigorria; Ignacio Warnes,-32.89186080000001,-60.6947491,55.0,538.0,Municipio Rosario,Municipio,Rosario,820210,Servicio de Catastro e Información Territorial,IGN
2013,6440,2013-05-22,Miercoles,0.0,10:55:00,,0.0,2,"Automóvil,Moto/Ciclomotor",AV. COLECTORA Y AV. SORRENTO,2,1,0,0,1,0,0,,Avenida,,ROSARIO,Rosario,Asfalto,No existe,II,S/D,Urbana,Ninguna,No existe,Recta,Bueno,Buena,Diurna,Buen Tiempo,Lateral,S/D,Colisión,S/D,S/D,S/D,Sin restricción,POINT (-60.72270983333334 -32.90836276666667),"['Colectora', 'Sorrento']",2,Colectora Juan Pablo II; Avenida Sorrento,-32.90836276666667,-60.72270983333334,55.0,538.0,Municipio Rosario,Municipio,Rosario,820210,Servicio de Catastro e Información Territorial,IGN
2013,6442,2013-05-03,Viernes,0.0,15:00:00,,0.0,2,"Moto/Ciclomotor,Automóvil",San Lorenzo Y Rodriguez,2,1,0,0,1,0,0,,Calle,,ROSARIO,Rosario,Asfalto,S/D,II,Dentro,Urbana,S/D,S/D,Intersección,Bueno,Buena,Diurna,Buen Tiempo,Lateral,S/D,Colisión,S/D,S/D,S/D,S/D,POINT (-60.658118800000004 -32.9404409),"['San Lorenzo', 'Rodríguez']",2,San Lorenzo; Rodríguez de Escobedo,-32.9404409,-60.6581188,55.0,538.0,Municipio Rosario,Municipio,Rosario,820210,Servicio de Catastro e Información Territorial,IGN
2013,6443,2013-05-13,Lunes,0.0,16:00:00,,0.0,3,"Automóvil,Pickup/Utilitario,Pickup/Utilitario",Santa Fe Y Av. Ovidio Lagos,5,2,0,0,3,0,0,,Calle,,ROSARIO,Rosario,Asfalto,S/D,II,Dentro,Urbana,S/D,No existe,Recta,Bueno,Buena,Diurna,Buen Tiempo,Múltiple,S/D,Colisión,S/D,S/D,S/D,S/D,POINT (-60.661118 -32.94092100000001),"['Santa Fe', 'Avenida Ovidio Lagos']",2,Santa Fe; Avenida Ovidio Lagos,-32.94092100000001,-60.661118,55.0,538.0,Municipio Rosario,Municipio,Rosario,820210,Servicio de Catastro e Información Territorial,IGN
2013,6445,2013-05-11,Sabado,0.0,14:32:00,,0.0,2,"Automóvil,Peatón",Calvo Y Washington,2,1,0,0,1,0,0,,Calle,,ROSARIO,Rosario,Asfalto,S/D,II,S/D,Urbana,S/D,No existe,Recta,Bueno,S/D,Diurna,S/D,S/D,S/D,Atropello,S/D,S/D,S/D,S/D,POINT (-60.7063964 -32.9046611),"['Calvo', 'Washington']",2,Calvo; Washington,-32.9046611,-60.7063964,55.0,538.0,Municipio Rosario,Municipio,Rosario,820210,Servicio de Catastro e Información Territorial,IGN
2013,6447,2013-05-08,Miercoles,0.0,22:14:00,,0.0,2,"Moto/Ciclomotor,Automóvil",Av. Luis Carballo 100,2,1,0,0,1,0,0,,Avenida,,ROSARIO,Rosario,S/D,S/D,II,S/D,Urbana,S/D,S/D,S/D,S/D,S/D,S/D,S/D,De alcance,S/D,Colisión,S/D,S/D,S/D,S/D,"-32.9221961, -60.6858644",['Luis Carballo 100'],1,Luis Carballo 100,-32.9221961,-60.6858644,55.0,538.0,Municipio Rosario,Municipio,Rosario,820210,Servicio de Catastro e Información Territorial,IGN
2013,6450,2013-05-02,Jueves,0.0,12:00:00,,0.0,2,"Camión,Automóvil",Bv. Rondeau 4000,2,1,0,0,1,0,0,,Avenida,,ROSARIO,Rosario,Asfalto,No existe,II,Dentro,Urbana,Semáforo,Funciona,Recta,S/D,S/D,Diurna,S/D,S/D,S/D,Colisión,S/D,Vertical,Cordón divisorio,S/D,"-32.8779135, -60.6971911",['Rondeau 4000'],1,Rondeau 4000,-32.8779135,-60.6971911,55.0,538.0,Municipio Rosario,Municipio,Rosario,820210,Servicio de Catastro e Información Territorial,IGN
2013,6451,2013-05-27,Lunes,0.0,20:05:00,,0.0,2,"Automóvil,Moto/Ciclomotor",G.Carrasco Y Garzon,3,1,0,0,1,0,1,,Calle,,ROSARIO,Rosario,Asfalto,No existe,II,Dentro,Urbana,Ninguna,No existe,Intersección,Bueno,Buena,Nocturna,Buen Tiempo,Lateral,S/D,Colisión,S/D,Faltante,Ninguna,Sin restricción,POINT (-60.7064705 -32.9208025),"['Carrasco', 'Garzón']",2,Omar Carrasco; Garzón,-32.9208025,-60.7064705,55.0,538.0,Municipio Rosario,Municipio,Rosario,820210,Servicio de Catastro e Información Territorial,IGN
2013,6453,2013-05-24,Viernes,0.0,09:45:00,,0.0,2,"Automóvil,Moto/Ciclomotor",JUAN JOSE PASO Y COLECTORA,3,1,0,0,2,0,0,,Avenida,,ROSARIO,Rosario,Asfalto,No existe,II,Dentro,Urbana,Semáforo,Funciona,Intersección,Bueno,Buena,Diurna,Buen Tiempo,S/D,S/D,Colisión,S/D,Vertical,Cordón divisorio,Sin restricción,POINT (-60.723018499999995 -32.920540349999996),"['Juan José Paso', 'Colectora']",2,"('Avenida Juan José Paso', 'Colectora Juan Pablo II')",-32.92054035,-60.7230185,55.0,538.0,Municipio Rosario,Municipio,Rosario,820210,Servicio de Catastro e Información Territorial,IGN
2013,6455,2013-05-13,Lunes,0.0,17:30:00,,0.0,2,"Peatón,Moto/Ciclomotor",Santa Fe Y Ricchieri,2,2,0,0,0,0,0,,Calle,,ROSARIO,Rosario,Asfalto,S/D,II,Dentro,Urbana,Paso Peatonal,Funciona,Recta,Bueno,Buena,Diurna,Buen Tiempo,S/D,S/D,Atropello,S/D,S/D,S/D,S/D,POINT (-60.6625073 -32.94067769999999),"['Santa Fe', 'Ricchieri']",2,Santa Fe; Ricchieri,-32.94067769999999,-60.6625073,55.0,538.0,Municipio Rosario,Municipio,Rosario,820210,Servicio de Catastro e Información Territorial,IGN
2013,6456,2013-05-09,Jueves,0.0,12:40:00,,0.0,2,"Moto/Ciclomotor,Moto/Ciclomotor",J.J.Paso Y Cullen,2,2,0,0,0,0,0,,Calle,,ROSARIO,Rosario,Asfalto,No existe,II,S/D,Urbana,Semáforo,Funciona,Intersección,S/D,Buena,Diurna,Buen Tiempo,Lateral,S/D,Colisión,S/D,S/D,Ninguna,Sin restricción,POINT (-60.7097063 -32.92013579999998),"['Paso', 'Cullen']",2,Avenida Juan José Paso; Cullen,-32.92013579999998,-60.7097063,55.0,538.0,Municipio Rosario,Municipio,Rosario,820210,Servicio de Catastro e Información Territorial,IGN
2013,6457,2013-05-22,Miercoles,0.0,17:45:00,,0.0,2,"Automóvil,Moto/Ciclomotor",Barra Y Jose Ingenieros,2,1,0,0,1,0,0,,Calle,,ROSARIO,Rosario,Asfalto,No existe,II,Dentro,Urbana,Ninguna,No existe,Intersección,Bueno,Buena,Diurna,Buen Tiempo,S/D,S/D,Colisión,S/D,S/D,Ninguna,Sin restricción,POINT (-60.70805320000001 -32.916948599999984),"['Barra', 'José Ingenieros']",2,Barraco; José Ingenieros,-32.916948599999984,-60.70805320000001,55.0,538.0,Municipio Rosario,Municipio,Rosario,820210,Servicio de Catastro e Información Territorial,IGN
2013,6459,2013-05-02,Jueves,0.0,23:15:00,,0.0,2,"Automóvil,Automóvil",Bv. Rondeau Y Olive,6,1,0,0,5,0,0,,Avenida,,ROSARIO,Rosario,Asfalto,No existe,II,Dentro,Urbana,Semáforo,Funciona,Intersección,Bueno,S/D,"Nocturna,Con luz artificial",S/D,S/D,S/D,Colisión,S/D,Vertical,S/D,S/D,POINT (-60.68672205 -32.9130919),"['Rondeau', 'Olive']",2,Bulevar General José Rondeau; Olivé,-32.9130919,-60.68672205,55.0,538.0,Municipio Rosario,Municipio,Rosario,820210,Servicio de Catastro e Información Territorial,IGN
2013,6461,2013-05-18,Sabado,0.0,18:00:00,,0.0,2,"Automóvil,Peatón",Pje. Bogado 1335,2,1,0,0,1,0,0,,Calle,,ROSARIO,Rosario,Asfalto,S/D,II,S/D,Urbana,S/D,S/D,S/D,S/D,S/D,S/D,S/D,S/D,S/D,Atropello,S/D,S/D,S/D,S/D,"-32.92567330204081, -60.682469926530615",['Pasaje Bogado 1335'],1,Pasaje Bogado 1335,-32.92567330204081,-60.682469926530615,55.0,538.0,Municipio Rosario,Municipio,Rosario,820210,Servicio de Catastro e Información Territorial,IGN
2013,6462,2013-05-21,Martes,0.0,19:55:00,,0.0,2,"Automóvil,Moto/Ciclomotor",G.Carrasco Y Solis,2,1,0,0,1,0,0,,Calle,,ROSARIO,Rosario,Asfalto,S/D,II,S/D,Urbana,Ninguna,No existe,Recta,Bueno,Buena,Atardecer,Buen Tiempo,S/D,S/D,Colisión,S/D,S/D,S/D,S/D,POINT (-60.70417100000001 -32.920742000000004),"['Carrasco', 'Solis']",2,Omar Carrasco; Juan Díaz de Solís,-32.920742000000004,-60.70417100000001,55.0,538.0,Municipio Rosario,Municipio,Rosario,820210,Servicio de Catastro e Información Territorial,IGN
2013,6463,2013-05-14,Martes,0.0,04:40:00,,0.0,2,"Taxi/Remis,Automóvil",Santa Fe Y Rodriguez,2,1,0,0,1,0,0,,Calle,,ROSARIO,Rosario,Asfalto,S/D,II,Dentro,Urbana,S/D,Funciona,Recta,Bueno,Buena,"Nocturna,Con luz artificial",Buen Tiempo,Lateral,S/D,Colisión,S/D,S/D,S/D,S/D,POINT (-60.6583799 -32.9414046),"['Santa Fe', 'Rodríguez']",2,Santa Fe; Rodríguez de Escobedo,-32.9414046,-60.6583799,55.0,538.0,Municipio Rosario,Municipio,Rosario,820210,Servicio de Catastro e Información Territorial,IGN
2013,6467,2013-05-13,Lunes,0.0,11:30:00,,0.0,2,"Moto/Ciclomotor,Pickup/Utilitario",Av. Casiano Casas Y Comercio,3,2,0,0,1,0,0,,Avenida,,ROSARIO,Rosario,Asfalto,No existe,II,Dentro,Urbana,S/D,No existe,Intersección,Bueno,Buena,Diurna,Buen Tiempo,Frontal,S/D,Colisión,Otro,S/D,"Ninguna,S/D",Sin restricción,POINT (-60.69773335 -32.90573255),"['Avenida Casiano Casas', 'Comercio']",2,Avenida Casiano Casas; Comercio,-32.90573255,-60.69773335,55.0,538.0,Municipio Rosario,Municipio,Rosario,820210,Servicio de Catastro e Información Territorial,IGN
2013,6469,2013-05-08,Miercoles,0.0,08:25:00,,0.0,2,"Automóvil,Moto/Ciclomotor",Av. Provincias Unidas Y Av. Sorrento,3,1,0,0,2,0,0,,Calle,,ROSARIO,Rosario,Asfalto,No existe,II,S/D,Urbana,Señal Ceda el Paso,No existe,Intersección,Bueno,Buena,Diurna,Buen Tiempo,Lateral,S/D,Colisión,S/D,Vertical,Vegetación,Sin restricción,POINT (-60.714102249999996 -32.9083328),"['Avenida Provincias Unidas', 'Sorrento']",2,Avenida Provincias Unidas; Avenida Sorrento,-32.9083328,-60.71410225,55.0,538.0,Municipio Rosario,Municipio,Rosario,820210,Servicio de Catastro e Información Territorial,IGN
2013,6471,2013-05-21,Martes,0.0,13:30:00,,0.0,2,"Automóvil,Camión",COLECTORA (1300BIS) 1300,3,2,0,0,1,0,0,,S/D,,ROSARIO,Rosario,Asfalto,No existe,II,S/D,Urbana,S/D,No existe,Recta,Bueno,Buena,Diurna,Buen Tiempo,S/D,S/D,Colisión,S/D,S/D,Ninguna,S/D,"-32.9132878, -60.7233129",['Colectora (1300bis) 1300'],1,Colectora (1300bis) 1300,-32.9132878,-60.7233129,55.0,538.0,Municipio Rosario,Municipio,Rosario,820210,Servicio de Catastro e Información Territorial,IGN
2013,6473,2013-05-14,Martes,0.0,14:30:00,,0.0,2,"Moto/Ciclomotor,Automóvil",San Lorenzo Y Crespo,2,1,0,0,1,0,0,,Calle,,ROSARIO,Rosario,Asfalto,S/D,II,Dentro,Urbana,Señal Pare,No existe,Intersección,Bueno,Buena,Diurna,S/D,Lateral,S/D,Colisión,S/D,S/D,S/D,S/D,POINT (-60.66769409999999 -32.938742999999995),"['San Lorenzo', 'Crespo']",2,San Lorenzo; Crespo,-32.938742999999995,-60.66769409999999,55.0,538.0,Municipio Rosario,Municipio,Rosario,820210,Servicio de Catastro e Información Territorial,IGN
2013,6474,2013-05-06,Lunes,0.0,14:15:00,,0.0,2,"Automóvil,Moto/Ciclomotor",Santa Fe Y Cafferata,3,3,0,0,0,0,0,,Calle,,ROSARIO,Rosario,Asfalto,No existe,II,S/D,Urbana,Semáforo,Funciona,Intersección,Bueno,Buena,Diurna,Buen Tiempo,Lateral,S/D,Colisión,S/D,Vertical,S/D,S/D,POINT (-60.67063869999999 -32.939213),"['Santa Fe', 'Cafferata']",2,Santa Fe; Cafferata,-32.939213,-60.67063869999999,55.0,538.0,Municipio Rosario,Municipio,Rosario,820210,Servicio de Catastro e Información Territorial,IGN
2013,6476,2013-05-23,Jueves,0.0,12:25:00,,0.0,2,"Automóvil,Automóvil",Bv. Avellaneda Y Albert Sabin,2,1,0,0,1,0,0,,Avenida,,ROSARIO,Rosario,Asfalto,S/D,II,S/D,Urbana,S/D,Funciona,S/D,S/D,S/D,Diurna,S/D,De alcance,S/D,Colisión,S/D,S/D,S/D,S/D,POINT (-60.67658666 -32.928876499999994),"['Avellaneda', 'Avenida Travesía Albert Sabin']",2,Bulevar Nicolás Avellaneda; Avenida Travesía Albert Sabin,-32.928876499999994,-60.67658666,55.0,538.0,Municipio Rosario,Municipio,Rosario,820210,Servicio de Catastro e Información Territorial,IGN
2013,6477,2013-09-04,Miercoles,0.0,18:10:00,,0.0,2,"Automóvil,Automóvil",Los Perales Bis Y Ruben Dario,2,1,0,0,1,0,0,,Calle,,ROSARIO,Rosario,Asfalto,S/D,II,S/D,Urbana,Ninguna,S/D,Intersección,Bueno,S/D,S/D,Buen Tiempo,Frontal,S/D,Colisión,S/D,Horizontal,Ninguna,Sin restricción,POINT (-60.687144800000006 -32.92170389999999),"['Los Perales', 'Ruben Dario']",2,Los Perales; Rubén Darío,-32.92170389999999,-60.687144800000006,55.0,538.0,Municipio Rosario,Municipio,Rosario,820210,Servicio de Catastro e Información Territorial,IGN
2013,6478,2013-05-14,Martes,0.0,07:30:00,,0.0,2,"Moto/Ciclomotor,Automóvil",Catamarca Y Av. Ovidio Lagos,2,1,0,0,0,0,1,,Calle,,ROSARIO,Rosario,Asfalto,S/D,II,Dentro,Urbana,S/D,Funciona,Intersección,Bueno,Buena,Amanecer,Buen Tiempo,S/D,S/D,Atropello,S/D,Horizontal,S/D,S/D,POINT (-60.65998750000001 -32.9364253),"['Catamarca', 'Avenida Ovidio Lagos']",2,Catamarca; Avenida Ovidio Lagos,-32.9364253,-60.65998750000001,55.0,538.0,Municipio Rosario,Municipio,Rosario,820210,Servicio de Catastro e Información Territorial,IGN
2013,6479,2013-05-05,Domingo,0.0,06:00:00,,0.0,2,"Automóvil,Moto/Ciclomotor",Bv. Rondeau 1100,3,1,0,0,2,0,0,,Avenida,,ROSARIO,Rosario,Asfalto,No existe,II,Dentro,Urbana,S/D,No existe,Recta,Bueno,S/D,Amanecer,S/D,De alcance,S/D,Colisión,S/D,Horizontal,Cordón divisorio,S/D,"-32.9035736, -60.6893402",['Rondeau 1100'],1,Rondeau 1100,-32.9035736,-60.6893402,55.0,538.0,Municipio Rosario,Municipio,Rosario,820210,Servicio de Catastro e Información Territorial,IGN
2013,6480,2013-05-04,Sabado,0.0,,,0.0,2,"Automóvil,Moto/Ciclomotor",Bv. Rondeau Y Herrera,2,1,0,0,1,0,0,,Avenida,,ROSARIO,Rosario,Asfalto,No existe,II,Dentro,Urbana,Semáforo,Funciona,Intersección,Bueno,Buena,Diurna,Buen Tiempo,Lateral,S/D,Colisión,Otro,"Horizontal,Vertical",Barrera de hormigón,Sin restricción,POINT (-60.69209 -32.89546034999999),"['Rondeau', 'Herrera']",2,Bulevar General José Rondeau; Franzini Herrera,-32.89546034999999,-60.69209,55.0,538.0,Municipio Rosario,Municipio,Rosario,820210,Servicio de Catastro e Información Territorial,IGN
2013,6481,2013-05-14,Martes,0.0,15:40:00,,0.0,2,"Moto/Ciclomotor,Automóvil",Iriondo Y San Lorenzo,3,2,0,0,1,0,0,,Calle,,ROSARIO,Rosario,Asfalto,S/D,II,Dentro,Urbana,S/D,No existe,Recta,Bueno,Buena,Diurna,Buen Tiempo,Lateral,S/D,Colisión,S/D,S/D,S/D,S/D,POINT (-60.669027699999994 -32.9385068),"['Iriondo', 'San Lorenzo']",2,Iriondo; San Lorenzo,-32.9385068,-60.6690277,55.0,538.0,Municipio Rosario,Municipio,Rosario,820210,Servicio de Catastro e Información Territorial,IGN
2013,6483,2013-05-07,Martes,0.0,07:00:00,,0.0,2,"Peatón,Moto/Ciclomotor",San Lorenzo 3500,2,1,0,0,1,0,0,,Calle,,ROSARIO,Rosario,Asfalto,No existe,II,Dentro,Urbana,S/D,S/D,Recta,Bueno,Reducida,Amanecer,Buen Tiempo,S/D,S/D,Atropello,S/D,Horizontal,S/D,S/D,"-32.9382283, -60.6701964",['San Lorenzo 3500'],1,San Lorenzo 3500,-32.9382283,-60.6701964,55.0,538.0,Municipio Rosario,Municipio,Rosario,820210,Servicio de Catastro e Información Territorial,IGN
2013,6484,2013-05-06,Lunes,0.0,17:15:00,,0.0,2,"Peatón,Moto/Ciclomotor",Av. Genova Y Av. Provincias Unidas,2,1,0,0,1,0,0,,Calle,,ROSARIO,Rosario,Asfalto,No existe,II,S/D,Urbana,Ninguna,No existe,Recta,Bueno,Buena,Diurna,Buen Tiempo,S/D,S/D,Atropello,S/D,S/D,Ninguna,Sin restricción,POINT (-60.713807349999996 -32.916028749999995),"['Genova', 'Avenida Provincias Unidas']",2,Avenida Génova; Avenida Provincias Unidas,-32.916028749999995,-60.71380735,55.0,538.0,Municipio Rosario,Municipio,Rosario,820210,Servicio de Catastro e Información Territorial,IGN
2013,6485,2013-05-24,Viernes,0.0,17:45:00,,0.0,2,"Automóvil,Cuatriciclo",J.J.Paso Y Ecuador,2,1,0,0,1,0,0,,Calle,,ROSARIO,Rosario,Asfalto,No existe,II,Dentro,Urbana,Ninguna,No existe,Intersección,Bueno,Buena,Diurna,Buen Tiempo,Lateral,S/D,Colisión,S/D,S/D,Cordón divisorio,Sin restricción,POINT (-60.71582385 -32.92035055000001),"['Paso', 'Ecuador']",2,Avenida Juan José Paso; Ecuador,-32.92035055000001,-60.71582385,55.0,538.0,Municipio Rosario,Municipio,Rosario,820210,Servicio de Catastro e Información Territorial,IGN
2013,6487,2013-05-23,Jueves,0.0,13:30:00,,0.0,2,"Moto/Ciclomotor,Tracción animal / Carro",Bv. Avellaneda 60,3,1,0,0,2,0,0,,Avenida,,ROSARIO,Rosario,S/D,S/D,II,S/D,Urbana,S/D,S/D,S/D,S/D,S/D,S/D,S/D,S/D,S/D,S/D,S/D,S/D,S/D,S/D,"-32.92862696666666, -60.676317850000004",['Avellaneda 60'],1,Avellaneda 60,-32.92862696666666,-60.67631785,55.0,538.0,Municipio Rosario,Municipio,Rosario,820210,Servicio de Catastro e Información Territorial,IGN
2013,6491,2013-05-08,Miercoles,0.0,15:30:00,,0.0,2,"Automóvil,Automóvil",San Lorenzo Y Pje. Quintanilla,2,2,0,0,0,0,0,,Calle,,ROSARIO,Rosario,Asfalto,No existe,II,S/D,Urbana,S/D,S/D,Intersección,Bueno,Buena,Diurna,Buen Tiempo,Lateral,S/D,Colisión,S/D,S/D,S/D,S/D,POINT (-60.6710807 -32.9381377),"['San Lorenzo', 'Quintanilla']",2,San Lorenzo; Quintanilla,-32.9381377,-60.6710807,55.0,538.0,Municipio Rosario,Municipio,Rosario,820210,Servicio de Catastro e Información Territorial,IGN
2013,6492,2013-05-03,Viernes,0.0,,,0.0,2,"Moto/Ciclomotor,Peatón",Almafuerte Y Bv. Avellaneda,3,3,0,0,0,0,0,,Avenida,,ROSARIO,Rosario,Asfalto,No existe,II,S/D,Urbana,Semáforo,Funciona,Otro,Bueno,Buena,Diurna,Buen Tiempo,S/D,S/D,Atropello,S/D,"Horizontal,Vertical",Cordón divisorio,Sin restricción,POINT (-60.67357185 -32.9170391),"['Almafuerte', 'Avellaneda']",2,Almafuerte; Bulevar Nicolás Avellaneda,-32.9170391,-60.67357185,55.0,538.0,Municipio Rosario,Municipio,Rosario,820210,Servicio de Catastro e Información Territorial,IGN
2013,6501,2013-05-18,Sabado,0.0,13:35:00,,0.0,2,"Automóvil,Moto/Ciclomotor",Av. Luis Carballo Y Diaz Velez,2,1,0,0,1,0,0,,Avenida,,ROSARIO,Rosario,Asfalto,S/D,II,S/D,Urbana,S/D,S/D,S/D,S/D,S/D,S/D,S/D,S/D,S/D,Colisión,S/D,S/D,S/D,S/D,POINT (-60.68480425 -32.922309049999996),"['Avenida Doctor Luis Cándido Carballo', 'Díaz Vélez']",2,Avenida Doctor Luis Cándido Carballo; Díaz Vélez,-32.92230905,-60.68480425,55.0,538.0,Municipio Rosario,Municipio,Rosario,820210,Servicio de Catastro e Información Territorial,IGN
2013,6502,2013-05-16,Jueves,0.0,07:30:00,,0.0,2,"Automóvil,Transporte de Pasajeros Larga Distancia (Doble Piso)",San Lorenzo Y Lavalle,2,1,0,0,1,0,0,,Calle,,ROSARIO,Rosario,Asfalto,S/D,II,Dentro,Urbana,S/D,S/D,Intersección,Bueno,Buena,Diurna,Buen Tiempo,Lateral,S/D,Colisión,S/D,S/D,S/D,S/D,POINT (-60.6771857 -32.9370405),"['San Lorenzo', 'Lavalle']",2,San Lorenzo; Lavalle,-32.9370405,-60.6771857,55.0,538.0,Municipio Rosario,Municipio,Rosario,820210,Servicio de Catastro e Información Territorial,IGN
2013,6509,2013-05-27,Lunes,0.0,21:05:00,,0.0,2,"Automóvil,Moto/Ciclomotor",J.J.Paso Y Garzon,4,3,0,0,1,0,0,,Calle,,ROSARIO,Rosario,Asfalto,No existe,II,S/D,Urbana,Ninguna,No existe,Recta,Bueno,Buena,"Nocturna,Con luz artificial",Buen Tiempo,Otro,S/D,Colisión,S/D,Faltante,Ninguna,Sin restricción,POINT (-60.7063232 -32.92003734999999),"['Paso', 'Garzón']",2,"('Avenida Juan José Paso', 'Garzón')",-32.92003734999999,-60.7063232,55.0,538.0,Municipio Rosario,Municipio,Rosario,820210,Servicio de Catastro e Información Territorial,IGN
2013,6512,2013-05-16,Jueves,0.0,08:45:00,,0.0,2,"Moto/Ciclomotor,Automóvil",Salta Y Av. Francia,3,2,0,0,1,0,0,,Avenida,,ROSARIO,Rosario,Asfalto,No existe,II,Dentro,Urbana,S/D,Funciona,Intersección,Bueno,Buena,Diurna,Buen Tiempo,Lateral,S/D,Colisión,S/D,S/D,S/D,S/D,POINT (-60.6637821 -32.93456435),"['Salta', 'Avenida Francia']",2,Salta; Avenida Francia,-32.93456435,-60.6637821,55.0,538.0,Municipio Rosario,Municipio,Rosario,820210,Servicio de Catastro e Información Territorial,IGN
2013,6526,2013-05-04,Sabado,0.0,,,0.0,2,"Automóvil,Moto/Ciclomotor",Junin Y Florida,3,2,0,0,1,0,0,,Calle,,ROSARIO,Rosario,S/D,S/D,II,S/D,Urbana,S/D,S/D,S/D,S/D,S/D,S/D,S/D,S/D,S/D,S/D,S/D,S/D,S/D,S/D,POINT (-60.6832825 -32.9267754),"['Junín', 'Florida']",2,Junín; Florida,-32.9267754,-60.6832825,55.0,538.0,Municipio Rosario,Municipio,Rosario,820210,Servicio de Catastro e Información Territorial,IGN
2013,6527,2013-05-17,Viernes,0.0,12:00:00,,0.0,2,"Peatón,Moto/Ciclomotor",J.J.Paso Y Colombia,2,1,0,0,1,0,0,,Avenida,,ROSARIO,Rosario,Asfalto,S/D,II,Dentro,Urbana,Ninguna,No existe,Intersección,Bueno,Buena,Diurna,Buen Tiempo,Otro,S/D,Colisión,S/D,Faltante,Cordón divisorio,Sin restricción,POINT (-60.7172427 -32.920386975),"['Paso', 'Colombia']",2,Avenida Juan José Paso; Colombia,-32.920386975,-60.7172427,55.0,538.0,Municipio Rosario,Municipio,Rosario,820210,Servicio de Catastro e Información Territorial,IGN
2013,6530,2013-05-08,Miercoles,0.0,08:15:00,,0.0,2,"Automóvil,Moto/Ciclomotor",Uriarte Y Miller,2,1,0,0,1,0,0,,Calle,,ROSARIO,Rosario,Asfalto,S/D,II,S/D,Urbana,S/D,S/D,Intersección,Bueno,S/D,S/D,S/D,S/D,S/D,Colisión,S/D,S/D,S/D,S/D,POINT (-60.706062700000004 -32.9022903),"['Uriarte', 'Miller']",2,Uriarte; Miller,-32.9022903,-60.7060627,55.0,538.0,Municipio Rosario,Municipio,Rosario,820210,Servicio de Catastro e Información Territorial,IGN
2013,6539,2013-05-16,Jueves,0.0,17:45:00,,0.0,2,"Moto/Ciclomotor,Automóvil",Pje. Aquino Bis Y G.Carrasco,2,1,0,0,0,0,1,,Calle,,ROSARIO,Rosario,Asfalto,S/D,II,Dentro,Urbana,Ninguna,No existe,Intersección,Bueno,Buena,Diurna,Buen Tiempo,Lateral,S/D,Colisión,S/D,Faltante,Ninguna,Sin restricción,POINT (-60.6975169 -32.92056879999999),"['Aquino', 'Carrasco']",2,Pedro Aquino; Omar Carrasco,-32.92056879999999,-60.6975169,55.0,538.0,Municipio Rosario,Municipio,Rosario,820210,Servicio de Catastro e Información Territorial,IGN
2013,6940,2013-06-17,Lunes,0.0,,,0.0,2,"Moto/Ciclomotor,Automóvil",COLECTORA Y J. B. JUSTO,2,1,0,0,1,0,0,,Calle,,ROSARIO,Rosario,Asfalto,S/D,II,S/D,Urbana,Ninguna,No existe,Intersección,Bueno,Buena,Diurna,S/D,S/D,S/D,Colisión,S/D,S/D,S/D,S/D,POINT (-60.72222620000001 -32.9336861),"['Colectora', 'Justo']",2,"('Colectora Juan Pablo II', 'Justo José de Urquiza')",-32.9336861,-60.72222620000001,55.0,538.0,Municipio Rosario,Municipio,Rosario,820210,Servicio de Catastro e Información Territorial,IGN
2013,6942,2013-06-27,Jueves,0.0,13:40:00,,0.0,2,"Camión,Moto/Ciclomotor",Av. Genova Y Garzon,3,2,0,0,1,0,0,,Calle,,ROSARIO,Rosario,Asfalto,S/D,II,S/D,Urbana,Ninguna,No existe,Intersección,Bueno,Buena,Diurna,Buen Tiempo,Otro,S/D,Colisión,S/D,Faltante,Ninguna,Sin restricción,POINT (-60.7063289 -32.91580020000001),"['Genova', 'Garzón']",2,Avenida Génova; Garzón,-32.91580020000001,-60.7063289,55.0,538.0,Municipio Rosario,Municipio,Rosario,820210,Servicio de Catastro e Información Territorial,IGN