anio_acci,nro_acci,fecha,desc_dia,fecha_aprox,hora_aprox,desc_ruta,km,cant_participantes,desc_participante,calle_avenida_km,total,heridos_leves,heridos_graves,heridos_gravisimos,ilesos,fallecidos,sin_datos,posicion_XY,desc_tipo_via,desc_ruta_ori,desc_loc,desc_dpto,desc_tipo_calzada,desc_tipo_banquina,desc_unidad_regional,desc_lugar_calzada,desc_zona,desc_prioridad,desc_estado_semaforo,desc_lugar_via,desc_estado_via,desc_estado_visibilidad,desc_luminosidad,desc_estado_clima,desc_tipo_colision,desc_tipo_atropello,desc_tipo_hecho,desc_pres_calzada,desc_senializacion,desc_separacion_via,desc_restriccion,forma_geocod,calle_lista,numero_calles,calles_osm,lat,lon,index_right,gid,fna,gna,nam,in1,fdc,sag
2013,6951,2013-06-19,Miercoles,0.0,11:45:00,,0.0,2,"Automóvil,Moto/Ciclomotor",Av. Provincias Unidas Y J.B.Justo,3,1,0,0,2,0,0,,Avenida,,ROSARIO,Rosario,Asfalto,No existe,II,S/D,Urbana,Ninguna,No existe,Intersección,Bueno,Buena,Diurna,Buen Tiempo,S/D,S/D,Colisión,S/D,S/D,Cordón divisorio,Sin restricción,POINT (-60.71293324999999 -32.93344005),"['Avenida Provincias Unidas', 'Justo']",2,"('Avenida Provincias Unidas', 'Justo José de Urquiza')",-32.93344005,-60.71293324999999,55.0,538.0,Municipio Rosario,Municipio,Rosario,820210,Servicio de Catastro e Información Territorial,IGN
2013,6957,2013-06-14,Viernes,0.0,20:00:00,,0.0,2,"Moto/Ciclomotor,Automóvil",Av. Casiano Casas Y Washington,3,1,1,0,1,0,0,,Calle,,ROSARIO,Rosario,Asfalto,No existe,II,Dentro,Urbana,Ninguna,No existe,Recta,Bueno,Buena,Nocturna,Buen Tiempo,Frontal,S/D,Colisión,S/D,Horizontal,Barrera de hormigón,Sin restricción,POINT (-60.7007901 -32.9034752),"['Avenida Casiano Casas', 'Washington']",2,Avenida Casiano Casas; Washington,-32.9034752,-60.7007901,55.0,538.0,Municipio Rosario,Municipio,Rosario,820210,Servicio de Catastro e Información Territorial,IGN
2013,6959,2013-06-19,Miercoles,0.0,09:15:00,,0.0,3,"Automóvil,Automóvil,Otros",COLECTORA Y AV. SORRENTO,3,2,0,0,1,0,0,,Avenida,,ROSARIO,Rosario,Asfalto,S/D,II,S/D,Urbana,Ninguna,No existe,Recta,Bueno,Buena,Diurna,Buen Tiempo,S/D,S/D,Colisión,S/D,S/D,S/D,Sin restricción,POINT (-60.72270983333334 -32.90836276666667),"['Colectora', 'Sorrento']",2,Colectora Juan Pablo II; Avenida Sorrento,-32.90836276666667,-60.72270983333334,55.0,538.0,Municipio Rosario,Municipio,Rosario,820210,Servicio de Catastro e Información Territorial,IGN
2013,6961,2013-06-06,Jueves,0.0,20:35:00,,0.0,2,"Automóvil,Moto/Ciclomotor",J.J.Paso 2600,2,1,0,0,1,0,0,,Calle,,ROSARIO,Rosario,Asfalto,No existe,II,Dentro,Urbana,Semáforo,Funciona,Recta,Bueno,Buena,Diurna,Buen Tiempo,S/D,S/D,Caída ocupante,S/D,Faltante,Ninguna,Sin restricción,"-32.9213755, -60.7550241",['Juan José Paso 2600'],1,Juan José Paso 2600,-32.9213755,-60.7550241,55.0,538.0,Municipio Rosario,Municipio,Rosario,820210,Servicio de Catastro e Información Territorial,IGN
2013,6963,2013-06-13,Jueves,0.0,13:20:00,,0.0,2,"Automóvil,Automóvil",Washington Y Zelaya,3,3,0,0,0,0,0,,Calle,,ROSARIO,Rosario,Asfalto,No existe,II,Dentro,Urbana,Ninguna,No existe,Recta,Bueno,Buena,Atardecer,Buen Tiempo,Frontal,S/D,Colisión,S/D,S/D,Barrera de hormigón,Sin restricción,POINT (-60.693950400000006 -32.90199580000001),"['Washington', 'Zelaya']",2,Washington; Zelaya,-32.90199580000001,-60.693950400000006,55.0,538.0,Municipio Rosario,Municipio,Rosario,820210,Servicio de Catastro e Información Territorial,IGN
2013,6964,2013-06-23,Domingo,0.0,06:00:00,,0.0,1,Automóvil,G.Carrasco ,1,1,0,0,0,0,0,,Calle,,ROSARIO,Rosario,Asfalto,No existe,II,Dentro,Urbana,Ninguna,No existe,Rotonda,Bueno,Buena,Amanecer,S/D,Contra objeto fijo,S/D,Colisión,S/D,Vertical,S/D,Sin restricción,"-32.8812789, -60.6878408",['G Carrasco'],1,G Carrasco,-32.8812789,-60.6878408,55.0,538.0,Municipio Rosario,Municipio,Rosario,820210,Servicio de Catastro e Información Territorial,IGN
2013,6965,2013-06-21,Viernes,0.0,19:55:00,,0.0,2,"Automóvil,Moto/Ciclomotor",COLECTORA Y J. B. JUSTO,3,2,0,0,1,0,0,,Calle,,ROSARIO,Rosario,Asfalto,S/D,II,S/D,Urbana,Semáforo,Funciona,Intersección,Bueno,Buena,Nocturna,Buen Tiempo,Lateral,S/D,Colisión,S/D,S/D,Línea divisoria pintada,Sin restricción,POINT (-60.72222620000001 -32.9336861),"['Colectora', 'Justo']",2,"('Colectora Juan Pablo II', 'Justo José de Urquiza')",-32.9336861,-60.72222620000001,55.0,538.0,Municipio Rosario,Municipio,Rosario,820210,Servicio de Catastro e Información Territorial,IGN
2013,6972,2013-06-05,Miercoles,0.0,07:30:00,,0.0,2,"Moto/Ciclomotor,Automóvil",J.J.Paso Y Antelo Bis,2,1,0,0,1,0,0,,Calle,,ROSARIO,Rosario,Asfalto,Pavimento,II,Dentro,Urbana,Ninguna,No existe,Intersección,Bueno,Buena,Diurna,Buen Tiempo,Lateral,S/D,Colisión,S/D,Faltante,Ninguna,Sin restricción,POINT (-60.68656570000001 -32.9194636),"['Paso', 'Antelo']",2,Avenida Juan José Paso; Mario Antelo,-32.9194636,-60.68656570000001,55.0,538.0,Municipio Rosario,Municipio,Rosario,820210,Servicio de Catastro e Información Territorial,IGN
2013,6975,2013-06-09,Domingo,0.0,09:20:00,,0.0,2,"Automóvil,Pickup/Utilitario",Bv. Rondeau Y Av. Irigoyen,2,1,0,0,1,0,0,,Calle,,ROSARIO,Rosario,Asfalto,No existe,II,Dentro,Urbana,Ninguna,No existe,Recta,Bueno,Buena,Amanecer,Buen Tiempo,Frontal,S/D,Colisión,S/D,Vertical,Barrera de hormigón,Sin restricción,POINT (-60.695452875 -32.884458699999996),"['Rondeau', 'Avenida Hipólito Irigoyen']",2,Bulevar General José Rondeau; Avenida Hipólito Irigoyen,-32.8844587,-60.695452875,55.0,538.0,Municipio Rosario,Municipio,Rosario,820210,Servicio de Catastro e Información Territorial,IGN
2013,6976,2013-06-14,Viernes,0.0,,,0.0,2,"Moto/Ciclomotor,Automóvil",Av. Casiano Casas Y Av. Sorrento,2,1,0,0,1,0,0,,Calle,,ROSARIO,Rosario,Asfalto,No existe,II,Dentro,Urbana,Ninguna,No existe,Recta,Bueno,Buena,S/D,Buen Tiempo,Frontal,S/D,Colisión,S/D,Horizontal,Barrera de hormigón,Sin restricción,POINT (-60.695695025 -32.90729415),"['Avenida Casiano Casas', 'Sorrento']",2,Avenida Casiano Casas; Avenida Sorrento,-32.90729415,-60.695695025,55.0,538.0,Municipio Rosario,Municipio,Rosario,820210,Servicio de Catastro e Información Territorial,IGN
2013,6980,2013-06-07,Viernes,0.0,07:15:00,,0.0,2,"Moto/Ciclomotor,Automóvil",Av. Frondizi A ,2,2,0,0,0,0,0,,Calle,,ROSARIO,Rosario,Hormigón,S/D,II,Dentro,Urbana,S/D,S/D,Recta,Bueno,S/D,S/D,Buen Tiempo,Lateral,S/D,Colisión,S/D,Faltante,Cordón divisorio,Sin restricción,"-32.9118019, -60.6759976",['Frondizi A'],1,Frondizi A,-32.9118019,-60.6759976,55.0,538.0,Municipio Rosario,Municipio,Rosario,820210,Servicio de Catastro e Información Territorial,IGN
2013,6982,2013-06-18,Martes,0.0,09:30:00,,0.0,2,"Peatón,Automóvil",Bv. Rondeau Y Ricardo Nuñez,2,1,0,0,1,0,0,,Calle,,ROSARIO,Rosario,Asfalto,No existe,II,Dentro,Urbana,Ninguna,No existe,Recta,S/D,Buena,Amanecer,Buen Tiempo,S/D,S/D,Atropello,S/D,Vertical,Barrera de hormigón,Sin restricción,POINT (-60.69541701428572 -32.88466172857143),"['Rondeau', 'Ricardo Nuñez']",2,Bulevar General José Rondeau; Ricardo Nuñez,-32.88466172857143,-60.69541701428572,55.0,538.0,Municipio Rosario,Municipio,Rosario,820210,Servicio de Catastro e Información Territorial,IGN
2013,6983,2013-06-15,Sabado,0.0,12:45:00,,0.0,2,"Taxi/Remis,Pickup/Utilitario",Av. Provincias Unidas Y Navarro,2,1,0,0,1,0,0,,Avenida,,ROSARIO,Rosario,S/D,No existe,II,Dentro,Urbana,S/D,S/D,S/D,S/D,S/D,S/D,Buen Tiempo,S/D,S/D,Colisión,S/D,S/D,S/D,S/D,POINT (-60.713012649999996 -32.931526899999994),"['Avenida Provincias Unidas', 'Navarro']",2,Avenida Provincias Unidas; Navarro,-32.931526899999994,-60.71301265,55.0,538.0,Municipio Rosario,Municipio,Rosario,820210,Servicio de Catastro e Información Territorial,IGN
2013,6984,2013-06-06,Jueves,0.0,,,0.0,2,"Moto/Ciclomotor,Automóvil",Av. Frondizi A Y Av. de los Trabajadores,3,2,0,0,1,0,0,,Avenida,,ROSARIO,Rosario,Asfalto,S/D,II,Dentro,Urbana,Semáforo,S/D,Intersección,Bueno,S/D,S/D,Buen Tiempo,Lateral,S/D,Colisión,S/D,"Horizontal,Vertical",Cordón divisorio,S/D,POINT (-60.676001649999996 -32.91192864999999),"['Frondizi', 'De Los Trabajadores']",2,Avenida Arturo Frondizi; De Los Trabajadores,-32.91192864999999,-60.67600165,55.0,538.0,Municipio Rosario,Municipio,Rosario,820210,Servicio de Catastro e Información Territorial,IGN
2013,6985,2013-06-12,Miercoles,0.0,,,0.0,2,"Moto/Ciclomotor,Otros",Biedma Y Cafferata,2,0,1,0,0,0,1,,S/D,,ROSARIO,Rosario,Asfalto,No existe,II,S/D,S/D,Ninguna,No existe,Intersección,Bueno,Reducida polvo,Nocturna,Buen Tiempo,Lateral,S/D,Colisión,S/D,Faltante,Ninguna,Sin restricción,POINT (-60.6797569 -32.9755248),"['Coronel Biedma', 'Cafferata']",2,Coronel Biedma; Cafferata,-32.9755248,-60.6797569,55.0,538.0,Municipio Rosario,Municipio,Rosario,820210,Servicio de Catastro e Información Territorial,IGN
2013,6986,2013-06-12,Miercoles,0.0,,,0.0,2,"Moto/Ciclomotor,Automóvil",Vera Mujica Y Salta,2,1,0,0,1,0,0,,Calle,,ROSARIO,Rosario,Asfalto,Pavimento,II,Dentro,Urbana,S/D,Funciona,Recta,Bueno,Buena,Diurna,Buen Tiempo,S/D,S/D,Colisión,Otro,Horizontal,S/D,Reparación de Vía,POINT (-60.66513909999999 -32.934323199999994),"['Vera Mujíca', 'Salta']",2,Vera Mujíca; Salta,-32.934323199999994,-60.66513909999999,55.0,538.0,Municipio Rosario,Municipio,Rosario,820210,Servicio de Catastro e Información Territorial,IGN
2013,6989,2013-06-04,Martes,0.0,10:50:00,,0.0,2,"Moto/Ciclomotor,Automóvil",Tucuman Y Constitucion,2,1,0,0,1,0,0,,S/D,,ROSARIO,Rosario,Asfalto,Pavimento,II,Dentro,Urbana,S/D,No existe,Intersección,Bueno,Buena,Diurna,Buen Tiempo,S/D,S/D,S/D,S/D,S/D,S/D,S/D,POINT (-60.6725235 -32.93542209999999),"['Tucumán', 'Constitución']",2,Tucumán; Constitución,-32.93542209999999,-60.6725235,55.0,538.0,Municipio Rosario,Municipio,Rosario,820210,Servicio de Catastro e Información Territorial,IGN
2013,6991,2013-06-10,Lunes,0.0,08:30:00,,0.0,2,"Automóvil,Moto/Ciclomotor",Av. Luis Carballo Y Av. Alberdi Bis,2,1,0,0,1,0,0,,Avenida,,ROSARIO,Rosario,S/D,S/D,II,Dentro,Urbana,S/D,S/D,S/D,S/D,S/D,Diurna,S/D,S/D,S/D,Colisión,S/D,S/D,S/D,S/D,POINT (-60.68009227500001 -32.922158075),"['Avenida Doctor Luis Cándido Carballo', 'Alberdi']",2,Avenida Doctor Luis Cándido Carballo; Avenida Alberdi,-32.922158075,-60.68009227500001,55.0,538.0,Municipio Rosario,Municipio,Rosario,820210,Servicio de Catastro e Información Territorial,IGN
2013,6992,2013-06-12,Miercoles,0.0,20:00:00,,0.0,2,"Moto/Ciclomotor,Automóvil",Av. Irigoyen Y Darragueira,2,1,0,0,1,0,0,,Calle,,ROSARIO,Rosario,Asfalto,No existe,II,Dentro,Urbana,Ninguna,No existe,Recta,Bueno,Buena,Nocturna,Buen Tiempo,Frontal,S/D,Colisión,S/D,Horizontal,Barrera de hormigón,Sin restricción,POINT (-60.6970208 -32.88451679999999),"['Avenida Hipólito Irigoyen', 'José Darragueira']",2,Avenida Hipólito Irigoyen; José Darragueira,-32.88451679999999,-60.6970208,55.0,538.0,Municipio Rosario,Municipio,Rosario,820210,Servicio de Catastro e Información Territorial,IGN
2013,6993,2013-06-08,Sabado,0.0,19:00:00,,0.0,3,"Pickup/Utilitario,Automóvil,Transporte de Pasajeros Urbano (> 8 asientos)",Bv. Rondeau 3500,8,4,0,0,3,0,1,,Avenida,,ROSARIO,Rosario,Asfalto,No existe,II,Dentro,Urbana,Ninguna,Funciona,Recta,S/D,Buena,"Nocturna,Con luz artificial",Buen Tiempo,Frontal,S/D,Colisión,S/D,Vertical,Barrera de hormigón,Sin restricción,"-32.8830313, -60.6956032",['Rondeau 3500'],1,Rondeau 3500,-32.8830313,-60.6956032,55.0,538.0,Municipio Rosario,Municipio,Rosario,820210,Servicio de Catastro e Información Territorial,IGN
2013,6995,2013-06-14,Viernes,0.0,11:30:00,,0.0,2,"Moto/Ciclomotor,Automóvil",Tucuman 3044,2,1,0,0,1,0,0,,Calle,,ROSARIO,Rosario,Asfalto,Pavimento,II,Dentro,Urbana,S/D,No existe,Recta,Bueno,Buena,Diurna,Buen Tiempo,S/D,S/D,Colisión,S/D,S/D,S/D,S/D,"-32.93702438571428, -60.66355192857143",['Tucuman 3044'],1,Tucuman 3044,-32.93702438571428,-60.66355192857143,55.0,538.0,Municipio Rosario,Municipio,Rosario,820210,Servicio de Catastro e Información Territorial,IGN
2013,6997,2013-06-15,Sabado,0.0,12:00:00,,0.0,2,"Automóvil,Automóvil",Av. Eva Peron Y J.Colombres,3,1,0,0,2,0,0,,Avenida,,ROSARIO,Rosario,Asfalto,No existe,II,S/D,Urbana,S/D,Funciona,Recta,Bueno,Buena,Diurna,Buen Tiempo,S/D,S/D,S/D,S/D,Vertical,S/D,S/D,POINT (-60.72975095 -32.929982849999995),"['Avenida Eva Perón', 'José Colombres']",2,Avenida Eva Perón; José Colombres,-32.929982849999995,-60.72975095,55.0,538.0,Municipio Rosario,Municipio,Rosario,820210,Servicio de Catastro e Información Territorial,IGN
2013,6998,2013-06-03,Lunes,0.0,16:45:00,,0.0,2,"Moto/Ciclomotor,Automóvil",Santa Fe Y Castellanos,3,2,0,0,1,0,0,,Calle,,ROSARIO,Rosario,Asfalto,Pavimento,II,S/D,Urbana,Semáforo,Funciona,Intersección,Bueno,Buena,Diurna,Buen Tiempo,S/D,S/D,Colisión,S/D,Horizontal,S/D,S/D,POINT (-60.6747156 -32.938478899999986),"['Santa Fe', 'Aaron Castellanos']",2,Santa Fe; Aaron Castellanos,-32.938478899999986,-60.6747156,55.0,538.0,Municipio Rosario,Municipio,Rosario,820210,Servicio de Catastro e Información Territorial,IGN
2013,6999,2013-06-11,Martes,0.0,,,0.0,2,"Moto/Ciclomotor,Automóvil",Pueyrredon 1500,2,0,1,0,1,0,0,,Calle,,ROSARIO,Rosario,S/D,S/D,II,Dentro,Urbana,S/D,S/D,S/D,S/D,S/D,S/D,S/D,S/D,S/D,Colisión,S/D,S/D,Cordón divisorio,S/D,"-32.9514316, -60.6595659",['Pueyrredon 1500'],1,Pueyrredon 1500,-32.9514316,-60.6595659,55.0,538.0,Municipio Rosario,Municipio,Rosario,820210,Servicio de Catastro e Información Territorial,IGN
2013,7001,2013-06-25,Martes,0.0,18:50:00,,0.0,2,"Peatón,Automóvil",Urquiza Y Italia,2,0,1,0,1,0,0,,Calle,,ROSARIO,Rosario,Asfalto,No existe,II,Dentro,Urbana,Ninguna,No existe,Intersección,Bueno,Buena,Diurna,Buen Tiempo,S/D,S/D,Atropello,S/D,Faltante,Ninguna,Sin restricción,POINT (-60.6469902 -32.94122840000001),"['Urquiza', 'Italia']",2,Justo José de Urquiza; Italia,-32.94122840000001,-60.6469902,55.0,538.0,Municipio Rosario,Municipio,Rosario,820210,Servicio de Catastro e Información Territorial,IGN
2013,7003,2013-06-12,Miercoles,0.0,18:08:00,,0.0,2,"Moto/Ciclomotor,Automóvil",Montevideo Y Servando Bayo,3,1,1,0,1,0,0,,Calle,,ROSARIO,Rosario,Asfalto,S/D,II,Dentro,Urbana,S/D,S/D,Intersección,S/D,S/D,Atardecer,S/D,S/D,S/D,Colisión,S/D,S/D,Cordón divisorio,S/D,POINT (-60.6870051 -32.9478573),"['Montevideo', 'Servando Bayo']",2,Montevideo; Servando Bayo,-32.9478573,-60.6870051,55.0,538.0,Municipio Rosario,Municipio,Rosario,820210,Servicio de Catastro e Información Territorial,IGN
2013,7004,2013-06-18,Martes,0.0,11:20:00,,0.0,1,Automóvil,Av. Circunvalacion Y Av. Eva Peron,1,1,0,0,0,0,0,,Avenida,,ROSARIO,Rosario,Asfalto,No existe,II,S/D,Urbana,Semáforo,Funciona,Recta,Bueno,S/D,Diurna,Buen Tiempo,Otro,S/D,Colisión,S/D,Horizontal,S/D,Sin restricción,POINT (-60.7231582311677 -32.93112605584158),"['Circunvalacion', 'Avenida Eva Perón']",2,Avenida de Circunvalación 25 de Mayo; Avenida Eva Perón,-32.93112605584158,-60.7231582311677,55.0,538.0,Municipio Rosario,Municipio,Rosario,820210,Servicio de Catastro e Información Territorial,IGN
2013,7006,2013-06-13,Jueves,0.0,08:20:00,,0.0,2,"Moto/Ciclomotor,Automóvil",Santiago Y Brown,4,3,0,0,1,0,0,,Calle,,ROSARIO,Rosario,Asfalto,S/D,II,S/D,Urbana,S/D,No existe,Recta,Bueno,Reducida,Diurna,Niebla,De alcance,S/D,Colisión,S/D,S/D,S/D,S/D,POINT (-60.653646800000004 -32.9339372),"['Santiago', 'Brown']",2,Santiago; Almirante Brown,-32.9339372,-60.6536468,55.0,538.0,Municipio Rosario,Municipio,Rosario,820210,Servicio de Catastro e Información Territorial,IGN
2013,7007,2013-06-02,Domingo,0.0,12:15:00,,0.0,2,"Peatón,Automóvil",Callao Y Guemes,2,1,0,0,1,0,0,,Calle,,ROSARIO,Rosario,Asfalto,Pavimento,II,S/D,Urbana,Semáforo,Funciona,Recta,Bueno,Buena,Diurna,Buen Tiempo,S/D,S/D,Atropello,S/D,Horizontal,S/D,S/D,POINT (-60.65747520000001 -32.932035500000005),"['Callao', 'Güemes']",2,Callao; Güemes,-32.932035500000005,-60.65747520000001,55.0,538.0,Municipio Rosario,Municipio,Rosario,820210,Servicio de Catastro e Información Territorial,IGN
2013,7009,2013-06-17,Lunes,0.0,,,0.0,2,"Moto/Ciclomotor,Automóvil",Av. Pellegrini Y Castellanos,2,1,1,0,0,0,0,,Avenida,,ROSARIO,Rosario,S/D,S/D,II,Dentro,Urbana,S/D,S/D,Intersección,S/D,S/D,S/D,S/D,S/D,S/D,Colisión,S/D,S/D,Cordón divisorio,S/D,POINT (-60.677811000000005 -32.950665749999985),"['Pellegrini', 'Aaron Castellanos']",2,Avenida Carlos Pellegrini; Aaron Castellanos,-32.950665749999985,-60.677811000000005,55.0,538.0,Municipio Rosario,Municipio,Rosario,820210,Servicio de Catastro e Información Territorial,IGN
2013,7011,2013-06-10,Lunes,0.0,18:30:00,,0.0,2,"Moto/Ciclomotor,Otros",Necochea Y Ameghino,2,0,1,0,1,0,0,,Calle,,ROSARIO,Rosario,S/D,No existe,II,Dentro,Urbana,Ninguna,No existe,Intersección,Bueno,Buena,Atardecer,Buen Tiempo,Frontal,S/D,Colisión,S/D,S/D,Ninguna,Sin restricción,POINT (-60.6344213 -32.989611999999994),"['Necochea', 'Ameghino']",2,Necochea; Ameghino,-32.989611999999994,-60.6344213,55.0,538.0,Municipio Rosario,Municipio,Rosario,820210,Servicio de Catastro e Información Territorial,IGN
2013,7012,2013-06-13,Jueves,0.0,17:20:00,,0.0,2,"Automóvil,Moto/Ciclomotor",Ricchieri Y 3 De Febrero,2,0,1,0,1,0,0,,Calle,,ROSARIO,Rosario,Asfalto,S/D,II,Dentro,Urbana,S/D,S/D,Intersección,S/D,S/D,Atardecer,S/D,S/D,S/D,Colisión,S/D,S/D,Cordón divisorio,S/D,POINT (-60.6644345 -32.9483761),"['Ricchieri', '3 de Febrero']",2,Ricchieri; 3 de Febrero,-32.9483761,-60.6644345,55.0,538.0,Municipio Rosario,Municipio,Rosario,820210,Servicio de Catastro e Información Territorial,IGN
2013,7014,2013-06-06,Jueves,0.0,11:10:00,,0.0,2,"Automóvil,Moto/Ciclomotor",Gutenberg Y San Juan,2,0,1,0,1,0,0,,Calle,,ROSARIO,Rosario,Asfalto,S/D,II,Dentro,Urbana,S/D,S/D,Intersección,S/D,S/D,S/D,S/D,S/D,S/D,Colisión,S/D,S/D,"Cordón divisorio,Ninguna",S/D,POINT (-60.6882278 -32.941398),"['Gutenberg', 'San Juan']",2,Gutenberg; San Juan,-32.941398,-60.6882278,55.0,538.0,Municipio Rosario,Municipio,Rosario,820210,Servicio de Catastro e Información Territorial,IGN
2013,7015,2013-06-04,Martes,0.0,10:00:00,,0.0,2,"Moto/Ciclomotor,Automóvil",Montevideo Y Paraguay,3,2,0,0,1,0,0,,Calle,,ROSARIO,Rosario,Asfalto,S/D,II,Dentro,Urbana,S/D,S/D,S/D,S/D,S/D,S/D,S/D,De alcance,S/D,Colisión,S/D,S/D,S/D,S/D,POINT (-60.6461713 -32.9551386),"['Montevideo', 'Paraguay']",2,Montevideo; Paraguay,-32.9551386,-60.6461713,55.0,538.0,Municipio Rosario,Municipio,Rosario,820210,Servicio de Catastro e Información Territorial,IGN
2013,7017,2013-06-22,Sabado,0.0,00:20:00,,0.0,2,"Automóvil,Automóvil",3 De Febrero Y Castellanos,2,0,1,0,1,0,0,,Calle,,ROSARIO,Rosario,S/D,S/D,II,Dentro,Urbana,S/D,S/D,S/D,S/D,S/D,"Nocturna,Con luz artificial",S/D,S/D,S/D,Colisión,S/D,S/D,S/D,S/D,POINT (-60.6767004 -32.9461743),"['3 de Febrero', 'Aaron Castellanos']",2,3 de Febrero; Aaron Castellanos,-32.9461743,-60.6767004,55.0,538.0,Municipio Rosario,Municipio,Rosario,820210,Servicio de Catastro e Información Territorial,IGN
2013,7018,2013-06-14,Viernes,0.0,,,0.0,2,"Moto/Ciclomotor,Automóvil",Barra Y Av. Genova,2,1,0,0,1,0,0,,S/D,,ROSARIO,Rosario,S/D,S/D,II,S/D,Urbana,S/D,S/D,S/D,S/D,S/D,S/D,S/D,S/D,S/D,Colisión,S/D,S/D,S/D,S/D,POINT (-60.7080879 -32.9158538),"['Barra', 'Genova']",2,Barraco; Avenida Génova,-32.9158538,-60.7080879,55.0,538.0,Municipio Rosario,Municipio,Rosario,820210,Servicio de Catastro e Información Territorial,IGN
2013,7020,2013-06-04,Martes,0.0,23:40:00,,0.0,2,"Moto/Ciclomotor,Automóvil",España Y Urquiza,2,0,1,0,1,0,0,,Calle,,ROSARIO,Rosario,Asfalto,No existe,II,Fuera,Urbana,Semáforo,Funciona,Intersección,Bueno,Buena,"Nocturna,Con luz artificial",Buen Tiempo,Lateral,S/D,Colisión,S/D,Vertical,Ninguna,Sin restricción,POINT (-60.6456136 -32.941480599999984),"['España', 'Urquiza']",2,España; Justo José de Urquiza,-32.941480599999984,-60.6456136,55.0,538.0,Municipio Rosario,Municipio,Rosario,820210,Servicio de Catastro e Información Territorial,IGN
2013,7021,2013-06-02,Domingo,0.0,23:40:00,,0.0,2,"Moto/Ciclomotor,Automóvil",Santa Fe Y Crespo,3,2,0,0,1,0,0,,Calle,,ROSARIO,Rosario,Asfalto,Pavimento,II,S/D,Urbana,Semáforo,Funciona,Intersección,Bueno,Buena,Nocturna,Buen Tiempo,S/D,S/D,Colisión,S/D,Horizontal,S/D,S/D,POINT (-60.66793810000001 -32.9397011),"['Santa Fe', 'Crespo']",2,Santa Fe; Crespo,-32.9397011,-60.66793810000001,55.0,538.0,Municipio Rosario,Municipio,Rosario,820210,Servicio de Catastro e Información Territorial,IGN
2013,7022,2013-06-25,Martes,0.0,18:00:00,,0.0,2,"Moto/Ciclomotor,Pickup/Utilitario",Pte.Roca Y Salta,2,0,1,0,1,0,0,,Calle,,ROSARIO,Rosario,Asfalto,No existe,II,Dentro,Urbana,Ninguna,Funciona,Intersección,Bueno,Buena,Diurna,Buen Tiempo,S/D,S/D,Colisión,S/D,Faltante,Ninguna,Sin restricción,POINT (-60.6433407 -32.938203599999994),"['Roca', 'Salta']",2,Presidente Roca; Salta,-32.938203599999994,-60.6433407,55.0,538.0,Municipio Rosario,Municipio,Rosario,820210,Servicio de Catastro e Información Territorial,IGN
2013,7024,2013-06-18,Martes,0.0,17:30:00,,0.0,2,"Automóvil,Moto/Ciclomotor",Washington Y Pavlov,3,2,0,0,1,0,0,,Calle,,ROSARIO,Rosario,Asfalto,No existe,II,Dentro,Urbana,S/D,No existe,Recta,Bueno,Buena,Atardecer,Buen Tiempo,Frontal,S/D,Colisión,S/D,Horizontal,Barrera de hormigón,Sin restricción,POINT (-60.7033186 -32.90399659999999),"['Washington', 'Pavlov']",2,Washington; Pavlov,-32.90399659999999,-60.7033186,55.0,538.0,Municipio Rosario,Municipio,Rosario,820210,Servicio de Catastro e Información Territorial,IGN
2013,7025,2013-06-19,Miercoles,0.0,07:50:00,,0.0,2,"Automóvil,Moto/Ciclomotor",Av. Ovidio Lagos Y E.Zeballos,2,0,1,0,1,0,0,,Calle,,ROSARIO,Rosario,S/D,S/D,II,Dentro,Urbana,S/D,S/D,Intersección,S/D,S/D,Diurna,S/D,S/D,S/D,Colisión,S/D,S/D,S/D,S/D,POINT (-60.66360710000001 -32.95082639999999),"['Avenida Ovidio Lagos', 'Zeballos']",2,Avenida Ovidio Lagos; Zeballos,-32.95082639999999,-60.66360710000001,55.0,538.0,Municipio Rosario,Municipio,Rosario,820210,Servicio de Catastro e Información Territorial,IGN
2013,7026,2013-06-06,Jueves,0.0,11:20:00,,0.0,2,"Pickup/Utilitario,Moto/Ciclomotor",Servando Bayo Y San Juan,2,0,1,0,1,0,0,,Calle,,ROSARIO,Rosario,Asfalto,S/D,II,Dentro,Urbana,S/D,S/D,Intersección,S/D,S/D,S/D,S/D,S/D,S/D,Colisión,S/D,S/D,Ninguna,S/D,POINT (-60.6855098 -32.94187949999999),"['Servando Bayo', 'San Juan']",2,Servando Bayo; San Juan,-32.94187949999999,-60.6855098,55.0,538.0,Municipio Rosario,Municipio,Rosario,820210,Servicio de Catastro e Información Territorial,IGN
2013,7027,2013-06-28,Viernes,0.0,16:05:00,,0.0,1,Moto/Ciclomotor,Jose Ingenieros Y Pje. Aguapey Bis,2,1,0,0,1,0,0,,Calle,,ROSARIO,Rosario,Asfalto,No existe,II,S/D,Urbana,Ninguna,No existe,Intersección,Bueno,Buena,Diurna,Buen Tiempo,Otro,S/D,Caída ocupante,Otro,Faltante,Ninguna,Sin restricción,POINT (-60.7056775 -32.9168754),"['José Ingenieros', 'Aguapey']",2,José Ingenieros; Aguapey,-32.9168754,-60.7056775,55.0,538.0,Municipio Rosario,Municipio,Rosario,820210,Servicio de Catastro e Información Territorial,IGN