anio_acci,nro_acci,fecha,desc_dia,fecha_aprox,hora_aprox,desc_ruta,km,cant_participantes,desc_participante,calle_avenida_km,total,heridos_leves,heridos_graves,heridos_gravisimos,ilesos,fallecidos,sin_datos,posicion_XY,desc_tipo_via,desc_ruta_ori,desc_loc,desc_dpto,desc_tipo_calzada,desc_tipo_banquina,desc_unidad_regional,desc_lugar_calzada,desc_zona,desc_prioridad,desc_estado_semaforo,desc_lugar_via,desc_estado_via,desc_estado_visibilidad,desc_luminosidad,desc_estado_clima,desc_tipo_colision,desc_tipo_atropello,desc_tipo_hecho,desc_pres_calzada,desc_senializacion,desc_separacion_via,desc_restriccion,forma_geocod,calle_lista,numero_calles,calles_osm,lat,lon,index_right,gid,fna,gna,nam,in1,fdc,sag
2013,7028,2013-06-17,Lunes,0.0,16:10:00,,0.0,2,"Moto/Ciclomotor,Automóvil",Roullon Y Gaboto,2,1,0,0,1,0,0,,Calle,,ROSARIO,Rosario,Asfalto,No existe,II,Dentro,Urbana,Ninguna,No existe,Intersección,Otro,Reducida,S/D,Otro,Lateral,S/D,Colisión,Otro,Faltante,Ninguna,Sin restricción,POINT (-60.7012931 -32.964860099999996),"['Alfredo Rouillón', 'Gaboto']",2,Alfredo Rouillón; Gaboto,-32.9648601,-60.7012931,55.0,538.0,Municipio Rosario,Municipio,Rosario,820210,Servicio de Catastro e Información Territorial,IGN
2013,7029,2013-06-06,Jueves,0.0,20:30:00,,0.0,2,"Bicicleta,Taxi/Remis",Av. Sorrento 1600,2,1,0,0,0,0,1,,Avenida,,ROSARIO,Rosario,Asfalto,No existe,II,Dentro,Urbana,S/D,No existe,Recta,Bueno,Buena,"Nocturna,Con luz artificial",Buen Tiempo,S/D,S/D,Atropello,S/D,Vertical,Barrera de hormigón,Sin restricción,"-32.9073308, -60.7021416",['Sorrento 1600'],1,Sorrento 1600,-32.9073308,-60.7021416,55.0,538.0,Municipio Rosario,Municipio,Rosario,820210,Servicio de Catastro e Información Territorial,IGN
2013,7030,2013-06-25,Martes,0.0,19:30:00,,0.0,2,"Bicicleta,Automóvil",F.More Y Virasoro,2,1,0,0,1,0,0,,Calle,,ROSARIO,Rosario,Asfalto,No existe,II,Dentro,Urbana,Ninguna,No existe,Intersección,Otro,Reducida,Atardecer,Otro,S/D,S/D,Atropello,Otro,Faltante,Ninguna,Sin restricción,POINT (-60.6929505 -32.961073400000004),"['Felipe Moré', 'Virasoro']",2,Felipe Moré; Benjamín Virasoro,-32.961073400000004,-60.6929505,55.0,538.0,Municipio Rosario,Municipio,Rosario,820210,Servicio de Catastro e Información Territorial,IGN
2013,7032,2013-06-23,Domingo,0.0,05:00:00,,0.0,2,"Otros,Peatón",Bv. 27 De Febrero Y Liniers,3,1,0,0,1,0,1,,Calle,,ROSARIO,Rosario,Asfalto,No existe,II,Dentro,Urbana,Ninguna,No existe,Intersección,Otro,Reducida,S/D,Otro,S/D,S/D,Atropello,Otro,Faltante,Ninguna,Sin restricción,POINT (-60.6978255 -32.958853149999996),"['27 de Febrero', 'Liniers']",2,Bulevar 27 de Febrero; Liniers,-32.95885315,-60.6978255,55.0,538.0,Municipio Rosario,Municipio,Rosario,820210,Servicio de Catastro e Información Territorial,IGN
2013,7033,2013-05-27,Lunes,0.0,16:50:00,,0.0,2,"Moto/Ciclomotor,Automóvil",Garzon Y Ocampo,2,1,0,0,1,0,0,,Calle,,ROSARIO,Rosario,Asfalto,No existe,II,Dentro,Urbana,Ninguna,No existe,Intersección,Otro,Reducida,Diurna,Otro,Lateral,S/D,Colisión,Otro,Faltante,S/D,Sin restricción,POINT (-60.7049665 -32.95783229999999),"['Garzón', 'Ocampo']",2,Garzón; Ocampo,-32.95783229999999,-60.7049665,55.0,538.0,Municipio Rosario,Municipio,Rosario,820210,Servicio de Catastro e Información Territorial,IGN
2013,7034,2013-06-12,Miercoles,0.0,15:16:00,,0.0,2,"Taxi/Remis,Pickup/Utilitario",Av. Pellegrini Y Gutenberg,6,1,2,0,3,0,0,,Avenida,,ROSARIO,Rosario,Asfalto,S/D,II,Dentro,Urbana,S/D,S/D,Intersección,S/D,S/D,Diurna,S/D,S/D,S/D,Colisión,S/D,S/D,Cordón divisorio,S/D,POINT (-60.690030349999994 -32.94847924999999),"['Pellegrini', 'Gutenberg']",2,Avenida Carlos Pellegrini; Gutenberg,-32.94847924999999,-60.69003035,55.0,538.0,Municipio Rosario,Municipio,Rosario,820210,Servicio de Catastro e Información Territorial,IGN
2013,7035,2013-06-23,Domingo,0.0,,,0.0,2,"Peatón,Otros",J.B.Justo Y Campbell,2,1,0,0,1,0,0,,S/D,,ROSARIO,Rosario,S/D,S/D,II,S/D,Urbana,S/D,S/D,S/D,S/D,S/D,S/D,S/D,S/D,S/D,Atropello,S/D,S/D,S/D,S/D,POINT (-60.7082703 -32.933306),"['Justo', 'Campbell']",2,"('Justo José de Urquiza', 'Campbell')",-32.933306,-60.7082703,55.0,538.0,Municipio Rosario,Municipio,Rosario,820210,Servicio de Catastro e Información Territorial,IGN
2013,7036,2013-06-19,Miercoles,0.0,06:45:00,,0.0,2,"Moto/Ciclomotor,Automóvil",Av. Provincias Unidas Y Bv. Segui,3,1,0,0,2,0,0,,Calle,,ROSARIO,Rosario,Asfalto,No existe,II,Dentro,Urbana,Ninguna,No existe,Intersección,Otro,Reducida,"Diurna,Con luz artificial",Otro,Lateral,S/D,Colisión,Otro,Faltante,Ninguna,Sin restricción,POINT (-60.71134141428571 -32.97102804285714),"['Avenida Provincias Unidas', 'Bulevar Juan Francisco Seguí']",2,Avenida Provincias Unidas; Bulevar Juan Francisco Seguí,-32.97102804285714,-60.71134141428571,55.0,538.0,Municipio Rosario,Municipio,Rosario,820210,Servicio de Catastro e Información Territorial,IGN
2013,7038,2013-06-20,Jueves,0.0,14:30:00,,0.0,2,"Moto/Ciclomotor,Automóvil",Biancofiori Y Bertole,2,1,0,0,1,0,0,,Calle,,ROSARIO,Rosario,Hormigón,No existe,II,S/D,Urbana,Ninguna,No existe,S/D,Con baches,Buena,Diurna,Buen Tiempo,Lateral,S/D,Colisión,S/D,S/D,S/D,Sin restricción,POINT (-60.71410710000001 -32.965026499999986),"['Biancofiori', 'Bertole']",2,Doctor Rafael Biancofiori; Bertole,-32.965026499999986,-60.71410710000001,55.0,538.0,Municipio Rosario,Municipio,Rosario,820210,Servicio de Catastro e Información Territorial,IGN
2013,7040,2013-06-01,Sabado,0.0,10:40:00,,0.0,2,"Moto/Ciclomotor,Moto/Ciclomotor",Salta Y Rodriguez,2,2,0,0,0,0,0,,Calle,,ROSARIO,Rosario,Asfalto,Pavimento,II,Dentro,Urbana,Semáforo,Funciona,Recta,Bueno,S/D,Diurna,Buen Tiempo,S/D,S/D,Colisión,S/D,Vertical,S/D,S/D,POINT (-60.656966399999995 -32.935775899999996),"['Salta', 'Rodríguez']",2,Salta; Rodríguez de Escobedo,-32.9357759,-60.6569664,55.0,538.0,Municipio Rosario,Municipio,Rosario,820210,Servicio de Catastro e Información Territorial,IGN
2013,7042,2013-06-23,Domingo,0.0,,,0.0,2,"Peatón,Otros",Roullon Y G.Carrasco,2,1,0,0,1,0,0,,S/D,,ROSARIO,Rosario,S/D,S/D,II,S/D,Urbana,S/D,S/D,S/D,S/D,S/D,S/D,S/D,S/D,S/D,Atropello,S/D,S/D,S/D,S/D,POINT (-60.7030355 -32.92071210000001),"['Alfredo Rouillón', 'Carrasco']",2,Alfredo Rouillón; Omar Carrasco,-32.92071210000001,-60.7030355,55.0,538.0,Municipio Rosario,Municipio,Rosario,820210,Servicio de Catastro e Información Territorial,IGN
2013,7043,2013-06-23,Domingo,0.0,20:00:00,,0.0,1,Moto/Ciclomotor,Av. Pellegrini 6500,2,2,0,0,0,0,0,,Calle,,ROSARIO,Rosario,Asfalto,No existe,II,Dentro,Urbana,Semáforo,Funciona,Recta,Bueno,Buena,"Nocturna,Con luz artificial",Buen Tiempo,S/D,S/D,Caída ocupante,S/D,Horizontal,Cordón divisorio,Sin restricción,"-32.9484262, -60.7097043",['Pellegrini 6500'],1,Pellegrini 6500,-32.9484262,-60.7097043,55.0,538.0,Municipio Rosario,Municipio,Rosario,820210,Servicio de Catastro e Información Territorial,IGN
2013,7044,2013-06-13,Jueves,0.0,16:00:00,,0.0,2,"Automóvil,Otros",Crespo 1200,2,0,1,0,1,0,0,,Calle,,ROSARIO,Rosario,Asfalto,S/D,II,Dentro,Urbana,S/D,S/D,Recta,S/D,S/D,Diurna,S/D,S/D,S/D,Colisión,S/D,S/D,S/D,S/D,"-32.9460487, -60.6695512",['Crespo 1200'],1,Crespo 1200,-32.9460487,-60.6695512,55.0,538.0,Municipio Rosario,Municipio,Rosario,820210,Servicio de Catastro e Información Territorial,IGN
2013,7045,2013-06-19,Miercoles,0.0,12:45:00,,0.0,2,"Automóvil,Moto/Ciclomotor",Av. Provincias Unidas Y Zuviria,4,2,0,0,2,0,0,,Avenida,,ROSARIO,Rosario,Asfalto,No existe,II,Dentro,Urbana,Paso Peatonal,No existe,Intersección,Bueno,Buena,Diurna,Buen Tiempo,Lateral,S/D,Colisión,Otro,Vertical,Cordón divisorio,Sin restricción,POINT (-60.71276955 -32.93695894999999),"['Avenida Provincias Unidas', 'Zuviría']",2,Avenida Provincias Unidas; Juez José María Zuviría,-32.93695894999999,-60.71276955,55.0,538.0,Municipio Rosario,Municipio,Rosario,820210,Servicio de Catastro e Información Territorial,IGN
2013,7046,2013-06-20,Jueves,0.0,22:00:00,,0.0,1,Moto/Ciclomotor,Fraga Y San Lorenzo,1,1,0,0,0,0,0,,Calle,,ROSARIO,Rosario,Asfalto,No existe,II,Dentro,Urbana,Ninguna,No existe,Intersección,Bueno,Buena,"Nocturna,Con luz artificial",Buen Tiempo,S/D,S/D,Caída ocupante,S/D,Vertical,Cordón divisorio,Sin restricción,POINT (-60.7105082 -32.934441099999994),"['Fraga', 'San Lorenzo']",2,Rosendo María Fraga; San Lorenzo,-32.934441099999994,-60.7105082,55.0,538.0,Municipio Rosario,Municipio,Rosario,820210,Servicio de Catastro e Información Territorial,IGN
2013,7047,2013-06-09,Domingo,0.0,16:55:00,,0.0,3,"Automóvil,Taxi/Remis,Peatón",Rioja Y Castellanos,3,0,1,0,2,0,0,,S/D,,ROSARIO,Rosario,Asfalto,S/D,II,Dentro,Urbana,S/D,S/D,Intersección,S/D,S/D,S/D,S/D,Múltiple,S/D,"Colisión,Atropello",S/D,S/D,Cordón divisorio,S/D,POINT (-60.6753704 -32.941017900000006),"['Rioja', 'Aaron Castellanos']",2,Rioja; Aaron Castellanos,-32.941017900000006,-60.6753704,55.0,538.0,Municipio Rosario,Municipio,Rosario,820210,Servicio de Catastro e Información Territorial,IGN
2013,7048,2013-06-17,Lunes,0.0,16:10:00,,0.0,2,"Moto/Ciclomotor,Automóvil",Roullon Y Gaboto,2,1,0,0,1,0,0,,Calle,,ROSARIO,Rosario,Asfalto,No existe,II,Dentro,Urbana,Ninguna,No existe,Intersección,Otro,Reducida,Diurna,Otro,Lateral,S/D,Colisión,Otro,Faltante,Ninguna,Sin restricción,POINT (-60.7012931 -32.964860099999996),"['Alfredo Rouillón', 'Gaboto']",2,Alfredo Rouillón; Gaboto,-32.9648601,-60.7012931,55.0,538.0,Municipio Rosario,Municipio,Rosario,820210,Servicio de Catastro e Información Territorial,IGN
2013,7050,2013-06-22,Sabado,0.0,18:30:00,,0.0,2,"Automóvil,Moto/Ciclomotor",Av. Provincias Unidas Y Pasco,2,1,0,0,1,0,0,,Calle,,ROSARIO,Rosario,Asfalto,No existe,II,Dentro,Urbana,Semáforo,Funciona,Intersección,Bueno,Buena,Atardecer,Buen Tiempo,Lateral,S/D,Colisión,Otro,Horizontal,Cordón divisorio,Sin restricción,POINT (-60.712149999999994 -32.9509506),"['Avenida Provincias Unidas', 'Pasco']",2,Avenida Provincias Unidas; Pasco,-32.9509506,-60.71215,55.0,538.0,Municipio Rosario,Municipio,Rosario,820210,Servicio de Catastro e Información Territorial,IGN
2013,7051,2013-06-24,Lunes,0.0,13:00:00,,0.0,2,"Moto/Ciclomotor,Automóvil",Magallanes Y Forest,2,1,0,0,1,0,0,,Calle,,ROSARIO,Rosario,Asfalto,No existe,II,Dentro,Urbana,Marca Vial,No existe,Intersección,Bueno,Buena,Diurna,Buen Tiempo,Lateral,S/D,Colisión,Otro,Vertical,Ninguna,Sin restricción,POINT (-60.704348800000005 -32.943282100000005),"['Magallanes', 'Carlos Forest']",2,Magallanes; Carlos Forest,-32.943282100000005,-60.704348800000005,55.0,538.0,Municipio Rosario,Municipio,Rosario,820210,Servicio de Catastro e Información Territorial,IGN
2013,7052,2013-06-09,Domingo,0.0,11:00:00,,0.0,2,"Moto/Ciclomotor,Moto/Ciclomotor",Av. Provincias Unidas Y Ocampo,2,2,0,0,0,0,0,,Calle,,ROSARIO,Rosario,Asfalto,Pavimento,II,S/D,Urbana,S/D,No existe,S/D,Con baches,Buena,Diurna,Buen Tiempo,Lateral,S/D,Colisión,S/D,S/D,S/D,Sin restricción,POINT (-60.7118703 -32.95801295),"['Avenida Provincias Unidas', 'Ocampo']",2,Avenida Provincias Unidas; Ocampo,-32.95801295,-60.7118703,55.0,538.0,Municipio Rosario,Municipio,Rosario,820210,Servicio de Catastro e Información Territorial,IGN
2013,7053,2013-06-21,Viernes,0.0,10:30:00,,0.0,2,"Moto/Ciclomotor,Automóvil",Dean Funes Y Calle 1724,2,1,0,0,1,0,0,,Calle,,ROSARIO,Rosario,Hormigón,No existe,II,Dentro,Urbana,Ninguna,No existe,Intersección,Con baches,Buena,Diurna,Buen Tiempo,Frontal,S/D,Colisión,S/D,S/D,S/D,Sin restricción,POINT (-60.7296301 -32.9680125),"['Deán Gregorio Funes', 'Hermana Paula Márquez']",2,Deán Gregorio Funes; Hermana Paula Márquez,-32.9680125,-60.7296301,55.0,538.0,Municipio Rosario,Municipio,Rosario,820210,Servicio de Catastro e Información Territorial,IGN
2013,7054,2013-06-24,Lunes,0.0,07:30:00,,0.0,2,"Automóvil,Moto/Ciclomotor",Fraga Y Riobamba,2,1,0,0,1,0,0,,Calle,,ROSARIO,Rosario,Asfalto,No existe,II,Dentro,Urbana,Ninguna,No existe,Intersección,Bueno,Buena,Amanecer,Buen Tiempo,Lateral,S/D,Colisión,S/D,Vertical,Ninguna,Sin restricción,POINT (-60.709668099999995 -32.954473500000006),"['Fraga', 'Riobamba']",2,Rosendo María Fraga; Riobamba,-32.954473500000006,-60.7096681,55.0,538.0,Municipio Rosario,Municipio,Rosario,820210,Servicio de Catastro e Información Territorial,IGN
2013,7056,2013-06-22,Sabado,0.0,11:00:00,,0.0,2,"Automóvil,Bicicleta",Bv. Avellaneda Y Don Orione,3,1,0,0,2,0,0,,Avenida,,ROSARIO,Rosario,Asfalto,No existe,II,S/D,Urbana,Policía de tránsito,S/D,Intersección,Bueno,Buena,Diurna,Buen Tiempo,Otro,S/D,Atropello,S/D,S/D,S/D,Sin restricción,POINT (-60.67500530000001 -32.922729049999994),"['Avellaneda', 'Pasaje Don Orione']",2,Bulevar Nicolás Avellaneda; Pasaje Don Orione,-32.922729049999994,-60.67500530000001,55.0,538.0,Municipio Rosario,Municipio,Rosario,820210,Servicio de Catastro e Información Territorial,IGN
2013,7057,2013-06-25,Martes,0.0,14:00:00,,0.0,2,"Automóvil,Moto/Ciclomotor",La Paz Y P.L.Funes,2,1,0,0,1,0,0,,Calle,,ROSARIO,Rosario,Asfalto,No existe,II,Dentro,Urbana,Marca Vial,No existe,Intersección,Bueno,Buena,Diurna,Buen Tiempo,Lateral,S/D,Colisión,S/D,Vertical,Ninguna,Sin restricción,POINT (-60.70055920000001 -32.95542410000001),"['La Paz', 'Funes']",2,La Paz; Deán Gregorio Funes,-32.95542410000001,-60.70055920000001,55.0,538.0,Municipio Rosario,Municipio,Rosario,820210,Servicio de Catastro e Información Territorial,IGN
2013,7058,2013-06-09,Domingo,0.0,,,0.0,2,"Taxi/Remis,Moto/Ciclomotor",Mendoza Y Matienzo,3,2,0,0,1,0,0,,Avenida,,ROSARIO,Rosario,Asfalto,No existe,II,Dentro,Urbana,Semáforo,Funciona,Intersección,Bueno,Buena,"Nocturna,Con luz artificial",Buen Tiempo,Lateral,S/D,Colisión,Otro,Horizontal,Cordón divisorio,Sin restricción,POINT (-60.69463329999999 -32.9416846),"['Mendoza', 'Matienzo']",2,Mendoza; Benjamín Matienzo,-32.9416846,-60.69463329999999,55.0,538.0,Municipio Rosario,Municipio,Rosario,820210,Servicio de Catastro e Información Territorial,IGN
2013,7060,2013-06-19,Miercoles,0.0,06:45:00,,0.0,2,"Moto/Ciclomotor,Automóvil",Bv. Segui Y Av. Provincias Unidas,3,2,0,0,1,0,0,,Calle,,ROSARIO,Rosario,Asfalto,No existe,II,Dentro,Urbana,Semáforo,Funciona,Intersección,Otro,Reducida,Amanecer,Otro,Lateral,S/D,Colisión,Otro,Vertical,Ninguna,Sin restricción,POINT (-60.71134141428571 -32.971028042857135),"['Bulevar Juan Francisco Seguí', 'Avenida Provincias Unidas']",2,Bulevar Juan Francisco Seguí; Avenida Provincias Unidas,-32.971028042857135,-60.71134141428571,55.0,538.0,Municipio Rosario,Municipio,Rosario,820210,Servicio de Catastro e Información Territorial,IGN
2013,7061,2013-06-01,Sabado,0.0,18:45:00,,0.0,2,"Moto/Ciclomotor,Automóvil",F.More Y 9 De Julio,2,0,1,0,1,0,0,,Calle,,ROSARIO,Rosario,Asfalto,No existe,II,Dentro,Urbana,Marca Vial,S/D,Intersección,Bueno,Buena,Diurna,Buen Tiempo,Lateral,S/D,Colisión,S/D,Vertical,S/D,S/D,POINT (-60.6935865 -32.9444262),"['Felipe Moré', '9 de Julio']",2,Felipe Moré; 9 de Julio,-32.9444262,-60.6935865,55.0,538.0,Municipio Rosario,Municipio,Rosario,820210,Servicio de Catastro e Información Territorial,IGN
2013,7062,2013-06-08,Sabado,0.0,19:30:00,,0.0,2,"Bicicleta,Automóvil",Derqui Y Guatemala,3,2,0,0,1,0,0,,Calle,,ROSARIO,Rosario,Asfalto,No existe,II,Dentro,Urbana,Marca Vial,No existe,Intersección,Bueno,Buena,"Nocturna,Con luz artificial",Buen Tiempo,S/D,S/D,Atropello,S/D,Vertical,Cordón divisorio,Sin restricción,POINT (-60.7173681 -32.9381685),"['Derqui', 'Guatemala']",2,Derqui; Guatemala,-32.9381685,-60.7173681,55.0,538.0,Municipio Rosario,Municipio,Rosario,820210,Servicio de Catastro e Información Territorial,IGN
2013,7063,2013-06-13,Jueves,0.0,08:30:00,,0.0,2,"Bicicleta,Pickup/Utilitario",Av. Provincias Unidas Y Bv. 27 De Febrero,2,1,0,0,1,0,0,,Avenida,,ROSARIO,Rosario,Asfalto,Pavimento,II,S/D,Urbana,Semáforo,Funciona,S/D,Con baches,Buena,Diurna,Buen Tiempo,Otro,S/D,Atropello,S/D,S/D,S/D,Sin restricción,POINT (-60.711817525 -32.959359825),"['Avenida Provincias Unidas', '27 de Febrero']",2,Avenida Provincias Unidas; Bulevar 27 de Febrero,-32.959359825,-60.711817525,55.0,538.0,Municipio Rosario,Municipio,Rosario,820210,Servicio de Catastro e Información Territorial,IGN
2013,7064,2013-06-01,Sabado,0.0,09:30:00,,0.0,2,"Automóvil,Moto/Ciclomotor",Marcos Paz Y Matienzo,2,0,1,0,1,0,0,,Calle,,ROSARIO,Rosario,Asfalto,No existe,II,Dentro,Urbana,Marca Vial,No existe,Intersección,Bueno,Buena,Diurna,Buen Tiempo,Lateral,S/D,Colisión,S/D,Horizontal,Cordón divisorio,Sin restricción,POINT (-60.694738 -32.9385691),"['Marcos Paz', 'Matienzo']",2,Marcos Paz; Benjamín Matienzo,-32.9385691,-60.694738,55.0,538.0,Municipio Rosario,Municipio,Rosario,820210,Servicio de Catastro e Información Territorial,IGN
2013,7065,2013-06-07,Viernes,0.0,20:40:00,,0.0,2,"Moto/Ciclomotor,Automóvil",Cochabamba Y Av. Provincias Unidas,3,1,0,0,2,0,0,,Avenida,,ROSARIO,Rosario,Asfalto,No existe,II,Dentro,Urbana,Semáforo,Funciona,Intersección,Bueno,Buena,"Nocturna,Con luz artificial",Buen Tiempo,Lateral,S/D,Colisión,Otro,Horizontal,Cordón divisorio,Sin restricción,POINT (-60.71220315 -32.949799999999996),"['Cochabamba', 'Avenida Provincias Unidas']",2,Cochabamba; Avenida Provincias Unidas,-32.9498,-60.71220315,55.0,538.0,Municipio Rosario,Municipio,Rosario,820210,Servicio de Catastro e Información Territorial,IGN
2013,7066,2013-06-29,Sabado,0.0,14:30:00,,0.0,2,"Moto/Ciclomotor,Automóvil",Liniers Y Dean Funes,2,1,0,0,1,0,0,,Calle,,ROSARIO,Rosario,Asfalto,No existe,II,Dentro,Urbana,S/D,S/D,Intersección,Otro,S/D,Diurna,S/D,Lateral,S/D,Colisión,Otro,S/D,Ninguna,Sin restricción,POINT (-60.6974822 -32.9670738),"['Liniers', 'Deán Gregorio Funes']",2,Liniers; Deán Gregorio Funes,-32.9670738,-60.6974822,55.0,538.0,Municipio Rosario,Municipio,Rosario,820210,Servicio de Catastro e Información Territorial,IGN
2013,7068,2013-06-04,Martes,0.0,12:30:00,,0.0,2,"Automóvil,Peatón",La Paz 6400,2,1,0,0,1,0,0,,Calle,,ROSARIO,Rosario,Asfalto,No existe,II,Dentro,Urbana,Marca Vial,No existe,Intersección,Bueno,S/D,Diurna,Buen Tiempo,S/D,S/D,Atropello,S/D,Horizontal,S/D,Sin restricción,"-32.9555422, -60.7083112",['La Paz 6400'],1,La Paz 6400,-32.9555422,-60.7083112,55.0,538.0,Municipio Rosario,Municipio,Rosario,820210,Servicio de Catastro e Información Territorial,IGN
2013,7069,2013-06-15,Sabado,0.0,10:30:00,,0.0,2,"Moto/Ciclomotor,Automóvil",Rivarola Y Fader,2,1,0,0,1,0,0,,S/D,,ROSARIO,Rosario,Asfalto,No existe,II,S/D,Urbana,Ninguna,No existe,S/D,Con baches,Buena,Diurna,Buen Tiempo,Lateral,S/D,Colisión,S/D,S/D,S/D,Sin restricción,POINT (-60.722520575000004 -32.96615135),"['Rivarola', 'Fader']",2,Avenida Doctor Rivarola; Fernando Fader,-32.96615135,-60.722520575,55.0,538.0,Municipio Rosario,Municipio,Rosario,820210,Servicio de Catastro e Información Territorial,IGN
2013,7070,2013-06-04,Martes,0.0,10:00:00,,0.0,2,"Moto/Ciclomotor,Pickup/Utilitario",Godoy Cruz Y Av. Circunvalacion,2,2,0,0,0,0,0,,Calle,,ROSARIO,Rosario,Asfalto,Pavimento,II,S/D,Urbana,S/D,Funciona,S/D,Con baches,Buena,Diurna,Buen Tiempo,Lateral,S/D,Colisión,S/D,S/D,S/D,S/D,POINT (-60.71697254694366 -32.970708102842494),"['Avenida Presidente Perón', 'Circunvalacion']",2,Avenida Presidente Perón; Avenida de Circunvalación 25 de Mayo,-32.970708102842494,-60.71697254694366,55.0,538.0,Municipio Rosario,Municipio,Rosario,820210,Servicio de Catastro e Información Territorial,IGN
2013,7071,2013-06-21,Viernes,0.0,11:20:00,,0.0,2,"Moto/Ciclomotor,Automóvil",Av. Provincias Unidas A Y Pasco,2,1,0,0,1,0,0,,Avenida,,ROSARIO,Rosario,Asfalto,No existe,II,Dentro,Urbana,Paso Peatonal,No existe,Intersección,Bueno,Buena,Diurna,Buen Tiempo,Lateral,S/D,Colisión,Otro,Vertical,Ninguna,Sin restricción,POINT (-60.712149999999994 -32.9509506),"['Avenida Provincias Unidas', 'Pasco']",2,Avenida Provincias Unidas; Pasco,-32.9509506,-60.71215,55.0,538.0,Municipio Rosario,Municipio,Rosario,820210,Servicio de Catastro e Información Territorial,IGN
2013,7073,2013-06-12,Miercoles,0.0,20:25:00,,0.0,2,"Automóvil,Moto/Ciclomotor",Mendoza Y Colombia,2,1,0,0,1,0,0,,Calle,,ROSARIO,Rosario,Asfalto,No existe,II,Dentro,Urbana,Paso Peatonal,No funciona,Intersección,Bueno,Buena,"Nocturna,Con luz artificial",Buen Tiempo,Lateral,S/D,Colisión,Otro,Vertical,Cordón divisorio,Sin restricción,POINT (-60.71610885 -32.94033145),"['Mendoza', 'Colombia']",2,Mendoza; Colombia,-32.94033145,-60.71610885,55.0,538.0,Municipio Rosario,Municipio,Rosario,820210,Servicio de Catastro e Información Territorial,IGN
2013,7074,2013-06-28,Viernes,0.0,19:40:00,,0.0,2,"Automóvil,Moto/Ciclomotor",Av. Pellegrini Y Campbell,2,1,0,0,1,0,0,,Calle,,ROSARIO,Rosario,Asfalto,No existe,II,Dentro,Urbana,Semáforo,Funciona,Intersección,Bueno,Buena,"Nocturna,Con luz artificial",Buen Tiempo,Lateral,S/D,Colisión,S/D,Horizontal,Cordón divisorio,Sin restricción,POINT (-60.70760005 -32.9484703),"['Pellegrini', 'Campbell']",2,Avenida Carlos Pellegrini; Campbell,-32.9484703,-60.70760005,55.0,538.0,Municipio Rosario,Municipio,Rosario,820210,Servicio de Catastro e Información Territorial,IGN
2013,7075,2013-06-09,Domingo,0.0,16:05:00,,0.0,2,"Moto/Ciclomotor,Automóvil",Bv. Avellaneda Y San Juan,3,0,2,0,1,0,0,,S/D,,ROSARIO,Rosario,S/D,S/D,II,Dentro,Urbana,S/D,S/D,Intersección,S/D,S/D,Diurna,S/D,S/D,S/D,Colisión,S/D,S/D,Cordón divisorio,S/D,POINT (-60.680076299999996 -32.94284435),"['Avellaneda', 'San Juan']",2,Bulevar Nicolás Avellaneda; San Juan,-32.94284435,-60.6800763,55.0,538.0,Municipio Rosario,Municipio,Rosario,820210,Servicio de Catastro e Información Territorial,IGN
2013,7076,2013-06-23,Domingo,0.0,20:00:00,,0.0,2,"Moto/Ciclomotor,Moto/Ciclomotor",Av. Pellegrini 6500,3,1,0,0,2,0,0,,Avenida,,ROSARIO,Rosario,Asfalto,No existe,II,Dentro,Urbana,Semáforo,Funciona,Recta,Bueno,Buena,"Nocturna,Con luz artificial",Buen Tiempo,Otro,S/D,Otro,Otro,Horizontal,Cordón divisorio,Sin restricción,"-32.9484262, -60.7097043",['Pellegrini 6500'],1,Pellegrini 6500,-32.9484262,-60.7097043,55.0,538.0,Municipio Rosario,Municipio,Rosario,820210,Servicio de Catastro e Información Territorial,IGN
2013,7077,2013-06-01,Sabado,0.0,23:50:00,,0.0,2,"Moto/Ciclomotor,Automóvil",P.L.Funes Y Cerrito,2,1,0,0,1,0,0,,Calle,,ROSARIO,Rosario,Asfalto,No existe,II,Dentro,Urbana,Marca Vial,No existe,Intersección,Bueno,Buena,"Nocturna,Con luz artificial",Buen Tiempo,Lateral,S/D,Colisión,S/D,Horizontal,S/D,Sin restricción,POINT (-60.700648300000005 -32.953054099999996),"['Funes', 'Cerrito']",2,Deán Gregorio Funes; Cerrito,-32.9530541,-60.700648300000005,55.0,538.0,Municipio Rosario,Municipio,Rosario,820210,Servicio de Catastro e Información Territorial,IGN