anio_acci,nro_acci,fecha,desc_dia,fecha_aprox,hora_aprox,desc_ruta,km,cant_participantes,desc_participante,calle_avenida_km,total,heridos_leves,heridos_graves,heridos_gravisimos,ilesos,fallecidos,sin_datos,posicion_XY,desc_tipo_via,desc_ruta_ori,desc_loc,desc_dpto,desc_tipo_calzada,desc_tipo_banquina,desc_unidad_regional,desc_lugar_calzada,desc_zona,desc_prioridad,desc_estado_semaforo,desc_lugar_via,desc_estado_via,desc_estado_visibilidad,desc_luminosidad,desc_estado_clima,desc_tipo_colision,desc_tipo_atropello,desc_tipo_hecho,desc_pres_calzada,desc_senializacion,desc_separacion_via,desc_restriccion,forma_geocod,calle_lista,numero_calles,calles_osm,lat,lon,index_right,gid,fna,gna,nam,in1,fdc,sag
2013,7078,2013-06-21,Viernes,0.0,06:30:00,,0.0,2,"Peatón,Moto/Ciclomotor",Virasoro Y P.L.Funes,2,1,0,0,1,0,0,,Calle,,ROSARIO,Rosario,Asfalto,No existe,II,Dentro,Urbana,Ninguna,No existe,Intersección,Otro,Reducida,S/D,Otro,S/D,S/D,Atropello,Otro,Faltante,Ninguna,Sin restricción,POINT (-60.7003422 -32.96129549999999),"['Virasoro', 'Funes']",2,Benjamín Virasoro; Deán Gregorio Funes,-32.96129549999999,-60.7003422,55.0,538.0,Municipio Rosario,Municipio,Rosario,820210,Servicio de Catastro e Información Territorial,IGN
2013,7079,2013-06-18,Martes,0.0,11:00:00,,0.0,2,"Automóvil,Camión",Bv. 27 De Febrero Y Campbell,2,1,0,0,1,0,0,,Calle,,ROSARIO,Rosario,Asfalto,No existe,II,S/D,Urbana,Ninguna,No existe,S/D,Con baches,Buena,Diurna,Buen Tiempo,Lateral,S/D,Colisión,S/D,S/D,S/D,Sin restricción,POINT (-60.70720419999999 -32.9592378),"['27 de Febrero', 'Campbell']",2,Bulevar 27 de Febrero; Campbell,-32.9592378,-60.70720419999999,55.0,538.0,Municipio Rosario,Municipio,Rosario,820210,Servicio de Catastro e Información Territorial,IGN
2013,7080,2013-06-29,Sabado,0.0,17:20:00,,0.0,2,"Moto/Ciclomotor,Automóvil",Montevideo Y Larrea,2,0,1,0,1,0,0,,Calle,,ROSARIO,Rosario,Asfalto,No existe,II,Dentro,Urbana,Marca Vial,No existe,Intersección,Bueno,Buena,Diurna,Buen Tiempo,Lateral,S/D,Colisión,S/D,Horizontal,Cordón divisorio,Sin restricción,POINT (-60.69698540000001 -32.947038899999995),"['Montevideo', 'Larrea']",2,Montevideo; Larrea,-32.947038899999995,-60.69698540000001,55.0,538.0,Municipio Rosario,Municipio,Rosario,820210,Servicio de Catastro e Información Territorial,IGN
2013,7081,2013-06-15,Sabado,0.0,13:10:00,,0.0,2,"Moto/Ciclomotor,Peatón",Mendoza Y Tte.Agneta,2,1,0,0,1,0,0,,Calle,,ROSARIO,Rosario,Asfalto,No existe,II,Dentro,Urbana,Semáforo,Funciona,Intersección,Bueno,Buena,Diurna,Buen Tiempo,S/D,S/D,Atropello,Otro,Vertical,Cordón divisorio,Sin restricción,POINT (-60.6998065 -32.94075749999999),"['Mendoza', 'Teniente Agneta']",2,Mendoza; Teniente Agneta,-32.94075749999999,-60.6998065,55.0,538.0,Municipio Rosario,Municipio,Rosario,820210,Servicio de Catastro e Información Territorial,IGN
2013,7082,2013-06-10,Lunes,0.0,17:00:00,,0.0,2,"Moto/Ciclomotor,Automóvil",Godoy Cruz Y Av. Circunvalacion,2,1,0,0,1,0,0,,Calle,,ROSARIO,Rosario,Asfalto,Pavimento,II,S/D,Urbana,S/D,Funciona,S/D,Con baches,Buena,Diurna,Buen Tiempo,Lateral,S/D,Colisión,S/D,S/D,S/D,Sin restricción,POINT (-60.71697254694366 -32.970708102842494),"['Avenida Presidente Perón', 'Circunvalacion']",2,Avenida Presidente Perón; Avenida de Circunvalación 25 de Mayo,-32.970708102842494,-60.71697254694366,55.0,538.0,Municipio Rosario,Municipio,Rosario,820210,Servicio de Catastro e Información Territorial,IGN
2013,7083,2013-06-27,Jueves,0.0,16:10:00,,0.0,2,"Moto/Ciclomotor,Automóvil",Matienzo Y 3 De Febrero,4,1,0,0,3,0,0,,Calle,,ROSARIO,Rosario,S/D,No existe,II,Dentro,Urbana,Ninguna,No existe,Intersección,Bueno,Buena,Diurna,S/D,Lateral,S/D,Colisión,S/D,Vertical,Cordón divisorio,Sin restricción,POINT (-60.694573999999996 -32.943336699999996),"['Matienzo', '3 de Febrero']",2,Benjamín Matienzo; 3 de Febrero,-32.9433367,-60.694574,55.0,538.0,Municipio Rosario,Municipio,Rosario,820210,Servicio de Catastro e Información Territorial,IGN
2013,7084,2013-06-27,Jueves,0.0,14:25:00,,0.0,2,"Automóvil,Moto/Ciclomotor",Garzon Y Viamonte,2,1,0,0,1,0,0,,Calle,,ROSARIO,Rosario,Asfalto,No existe,II,Dentro,Urbana,Ninguna,No existe,Intersección,Bueno,Buena,Diurna,Buen Tiempo,Lateral,S/D,Colisión,S/D,Vertical,Cordón divisorio,Sin restricción,POINT (-60.705004 -32.9567291),"['Garzón', 'Viamonte']",2,Garzón; Viamonte,-32.9567291,-60.705004,55.0,538.0,Municipio Rosario,Municipio,Rosario,820210,Servicio de Catastro e Información Territorial,IGN
2013,7085,2013-06-27,Jueves,0.0,12:10:00,,0.0,2,"Peatón,Moto/Ciclomotor",Av. Provincias Unidas Y Riobamba,2,1,0,0,1,0,0,,Avenida,,ROSARIO,Rosario,Asfalto,No existe,II,Dentro,Urbana,Paso Peatonal,No existe,Intersección,Bueno,Buena,Diurna,Buen Tiempo,S/D,S/D,Atropello,S/D,Vertical,Cordón divisorio,Sin restricción,POINT (-60.712006800000005 -32.954541049999996),"['Avenida Provincias Unidas', 'Riobamba']",2,Avenida Provincias Unidas; Riobamba,-32.95454105,-60.712006800000005,55.0,538.0,Municipio Rosario,Municipio,Rosario,820210,Servicio de Catastro e Información Territorial,IGN
2013,7086,2013-06-18,Martes,0.0,,,0.0,1,,Av. Provincias Unidas Y Neuquen,2,2,0,0,0,0,0,,Avenida,,ROSARIO,Rosario,Asfalto,No existe,II,Dentro,Urbana,Paso Peatonal,No existe,Intersección,Bueno,Buena,Diurna,Buen Tiempo,S/D,S/D,Atropello,Otro,Vertical,Cordón divisorio,Sin restricción,POINT (-60.71241810000001 -32.944582350000005),"['Avenida Provincias Unidas', 'Neuquen']",2,Avenida Provincias Unidas; Neuquén,-32.944582350000005,-60.71241810000001,55.0,538.0,Municipio Rosario,Municipio,Rosario,820210,Servicio de Catastro e Información Territorial,IGN
2013,7087,2013-06-27,Jueves,0.0,00:30:00,,0.0,2,"Moto/Ciclomotor,Automóvil",Magallanes Y Pampa,3,2,0,0,1,0,0,,Calle,,ROSARIO,Rosario,Asfalto,No existe,II,Dentro,Urbana,Marca Vial,No existe,Intersección,Bueno,Buena,"Nocturna,Con luz artificial",Buen Tiempo,Lateral,S/D,Colisión,S/D,Vertical,Ninguna,Sin restricción,POINT (-60.704222200000004 -32.9465194),"['Magallanes', 'Pampa']",2,Magallanes; Pampa,-32.9465194,-60.7042222,55.0,538.0,Municipio Rosario,Municipio,Rosario,820210,Servicio de Catastro e Información Territorial,IGN
2013,7092,2013-06-20,Jueves,0.0,03:00:00,,0.0,2,"Taxi/Remis,Moto/Ciclomotor",L.N.Alem Y Viamonte,2,0,1,0,1,0,0,,Calle,,ROSARIO,Rosario,Asfalto,No existe,II,Dentro,Urbana,Semáforo,Intermitente,Intersección,Bueno,Buena,Con luz artificial,Buen Tiempo,Lateral,S/D,Colisión,S/D,"Horizontal,Vertical",Ninguna,Sin restricción,POINT (-60.633022200000006 -32.967092799999996),"['Alem', 'Viamonte']",2,Leandro N. Alem; Viamonte,-32.9670928,-60.633022200000006,55.0,538.0,Municipio Rosario,Municipio,Rosario,820210,Servicio de Catastro e Información Territorial,IGN
2013,7095,2013-06-22,Sabado,0.0,19:00:00,,0.0,2,"Automóvil,Pickup/Utilitario",Av. Pellegrini 1600,2,1,0,0,1,0,0,,Avenida,,ROSARIO,Rosario,Asfalto,S/D,II,Dentro,Urbana,S/D,Funciona,Intersección,Bueno,S/D,S/D,Buen Tiempo,De alcance,S/D,Colisión,S/D,S/D,S/D,S/D,"-32.9559648, -60.6476727",['Pellegrini 1600'],1,Pellegrini 1600,-32.9559648,-60.6476727,55.0,538.0,Municipio Rosario,Municipio,Rosario,820210,Servicio de Catastro e Información Territorial,IGN
2013,7096,2013-06-22,Sabado,0.0,15:30:00,,0.0,2,"Automóvil,Moto/Ciclomotor",Pasco Y Barra,3,2,0,0,1,0,0,,Calle,,ROSARIO,Rosario,Asfalto,No existe,II,Dentro,Urbana,Marca Vial,No existe,Intersección,Bueno,Buena,Diurna,Buen Tiempo,Lateral,S/D,Colisión,Otro,Vertical,Ninguna,Sin restricción,POINT (-60.7063727 -32.9508003),"['Pasco', 'Barra']",2,Pasco; Barraco,-32.9508003,-60.7063727,55.0,538.0,Municipio Rosario,Municipio,Rosario,820210,Servicio de Catastro e Información Territorial,IGN
2013,7097,2013-06-16,Domingo,0.0,20:13:00,,0.0,2,"Moto/Ciclomotor,Automóvil",L.N.Alem Y Centeno,2,1,0,0,1,0,0,,Calle,,ROSARIO,Rosario,Asfalto,No existe,II,Dentro,Urbana,Marca Vial,No existe,Intersección,Bueno,Buena,"Atardecer,Con luz artificial",Buen Tiempo,Lateral,S/D,Colisión,Otro,Vertical,Línea divisoria pintada,Sin restricción,POINT (-60.63794570000001 -32.98657800000001),"['Alem', 'Centeno']",2,Leandro N. Alem; Coronel Centeno,-32.98657800000001,-60.63794570000001,55.0,538.0,Municipio Rosario,Municipio,Rosario,820210,Servicio de Catastro e Información Territorial,IGN
2013,7098,2013-06-18,Martes,0.0,07:30:00,,0.0,2,"Automóvil,Automóvil",Entre Rios 2300,2,1,0,0,1,0,0,,Calle,,ROSARIO,Rosario,Asfalto,S/D,II,Dentro,Urbana,S/D,S/D,Recta,Bueno,Buena,Diurna,Buen Tiempo,De alcance,S/D,Colisión,S/D,S/D,S/D,S/D,"-32.9635394, -60.6454545",['Entre Rios 2300'],1,Entre Rios 2300,-32.9635394,-60.6454545,55.0,538.0,Municipio Rosario,Municipio,Rosario,820210,Servicio de Catastro e Información Territorial,IGN
2013,7099,2013-06-24,Lunes,0.0,10:30:00,,0.0,2,"Peatón,Automóvil",Laprida Y Gaboto,2,1,0,0,1,0,0,,Calle,,ROSARIO,Rosario,Asfalto,No existe,II,Dentro,Urbana,Semáforo,Funciona,Intersección,Bueno,Buena,Diurna,Buen Tiempo,S/D,S/D,Atropello,Otro,Vertical,Línea divisoria pintada,Sin restricción,POINT (-60.6409907 -32.9740619),"['Laprida', 'Gaboto']",2,Francisco Narciso Laprida; Gaboto,-32.9740619,-60.6409907,55.0,538.0,Municipio Rosario,Municipio,Rosario,820210,Servicio de Catastro e Información Territorial,IGN
2013,7100,2013-06-21,Viernes,0.0,16:10:00,,0.0,2,"Automóvil,Moto/Ciclomotor",Av. Corrientes Y Viamonte,2,1,0,0,1,0,0,,Calle,,ROSARIO,Rosario,Asfalto,S/D,II,Dentro,Urbana,S/D,S/D,Cruce,Bueno,Buena,Diurna,S/D,De alcance,S/D,Colisión,S/D,S/D,Barrera de hormigón,S/D,POINT (-60.6471065 -32.96460619999999),"['Corrientes', 'Viamonte']",2,Corrientes; Viamonte,-32.96460619999999,-60.6471065,55.0,538.0,Municipio Rosario,Municipio,Rosario,820210,Servicio de Catastro e Información Territorial,IGN
2013,7101,2013-06-19,Miercoles,0.0,17:30:00,,0.0,2,"Automóvil,Moto/Ciclomotor",Necochea Y Ocampo,4,0,1,0,3,0,0,,Calle,,ROSARIO,Rosario,Asfalto,No existe,II,Dentro,Urbana,Señal Pare,No existe,Intersección,Bueno,Buena,Atardecer,Buen Tiempo,Lateral,S/D,Colisión,S/D,Vertical,Ninguna,Sin restricción,POINT (-60.6291842 -32.9689484),"['Necochea', 'Ocampo']",2,Necochea; Ocampo,-32.9689484,-60.6291842,55.0,538.0,Municipio Rosario,Municipio,Rosario,820210,Servicio de Catastro e Información Territorial,IGN
2013,7102,2013-06-26,Miercoles,0.0,11:40:00,,0.0,2,"Moto/Ciclomotor,Pickup/Utilitario",Ayacucho Y Saavedra,2,1,0,0,1,0,0,,Calle,,ROSARIO,Rosario,Asfalto,No existe,II,Dentro,Urbana,Marca Vial,No existe,Intersección,Bueno,Buena,Diurna,Buen Tiempo,Lateral,S/D,Colisión,S/D,Vertical,S/D,Sin restricción,POINT (-60.63530850000001 -32.9798574),"['Ayacucho', 'Saavedra']",2,Ayacucho; Saavedra,-32.9798574,-60.63530850000001,55.0,538.0,Municipio Rosario,Municipio,Rosario,820210,Servicio de Catastro e Información Territorial,IGN
2013,7103,2013-06-19,Miercoles,0.0,09:00:00,,0.0,2,"Automóvil,Automóvil",Riobamba Y Sarmiento,2,1,0,0,1,0,0,,Calle,,ROSARIO,Rosario,Asfalto,S/D,II,Dentro,Urbana,S/D,S/D,Cruce,Bueno,Buena,Diurna,Buen Tiempo,De alcance,S/D,Colisión,S/D,S/D,S/D,S/D,POINT (-60.642316799999996 -32.9630352),"['Riobamba', 'Sarmiento']",2,Riobamba; Sarmiento,-32.9630352,-60.6423168,55.0,538.0,Municipio Rosario,Municipio,Rosario,820210,Servicio de Catastro e Información Territorial,IGN
2013,7104,2013-06-26,Miercoles,0.0,20:30:00,,0.0,2,"Automóvil,Moto/Ciclomotor",Av. Pellegrini Y F.More,2,1,0,0,1,0,0,,Avenida,,ROSARIO,Rosario,Asfalto,No existe,II,Dentro,Urbana,Semáforo,Funciona,Intersección,Bueno,Buena,"Nocturna,Con luz artificial",Buen Tiempo,Lateral,S/D,Colisión,Otro,Horizontal,Línea divisoria pintada,Sin restricción,POINT (-60.69342855000001 -32.94809525),"['Pellegrini', 'Felipe Moré']",2,Avenida Carlos Pellegrini; Felipe Moré,-32.94809525,-60.69342855000001,55.0,538.0,Municipio Rosario,Municipio,Rosario,820210,Servicio de Catastro e Información Territorial,IGN
2013,7105,2013-06-20,Jueves,0.0,18:20:00,,0.0,2,"Automóvil,Moto/Ciclomotor",L.N.Alem Y Cochabamba,3,2,0,0,1,0,0,,Calle,,ROSARIO,Rosario,Asfalto,No existe,II,Dentro,Urbana,Señal Pare,No existe,Intersección,Bueno,Buena,Atardecer,Buen Tiempo,Lateral,S/D,Colisión,S/D,Vertical,Ninguna,Sin restricción,POINT (-60.6312845 -32.96022949999999),"['Alem', 'Cochabamba']",2,Leandro N. Alem; Cochabamba,-32.96022949999999,-60.6312845,55.0,538.0,Municipio Rosario,Municipio,Rosario,820210,Servicio de Catastro e Información Territorial,IGN
2013,7106,2013-06-30,Domingo,0.0,14:50:00,,0.0,2,"Automóvil,Automóvil",San Martin Y Dean Funes,2,1,0,0,1,0,0,,Avenida,,ROSARIO,Rosario,Asfalto,No existe,II,Dentro,Urbana,Semáforo,Funciona,Intersección,Bueno,Buena,Diurna,S/D,Lateral,S/D,Colisión,S/D,Vertical,Ninguna,Sin restricción,POINT (-60.6440372 -32.97592170000001),"['San Martin', 'Deán Gregorio Funes']",2,José de San Martín; Deán Gregorio Funes,-32.97592170000001,-60.6440372,55.0,538.0,Municipio Rosario,Municipio,Rosario,820210,Servicio de Catastro e Información Territorial,IGN
2013,7107,2013-06-19,Miercoles,0.0,16:35:00,,0.0,2,"Moto/Ciclomotor,Automóvil",Grandoli Y Dr.Rivas,2,1,0,0,1,0,0,,Calle,,ROSARIO,Rosario,Asfalto,No existe,II,Dentro,Urbana,Marca Vial,No existe,Intersección,Bueno,Buena,Diurna,Buen Tiempo,Lateral,S/D,Colisión,Otro,Vertical,Cordón divisorio,Sin restricción,POINT (-60.62830819999999 -32.98712985),"['Avenida Abanderado Grandoli', 'Doctor Francisco Riva']",2,Avenida Abanderado Grandoli; Doctor Francisco Riva,-32.98712985,-60.62830819999999,55.0,538.0,Municipio Rosario,Municipio,Rosario,820210,Servicio de Catastro e Información Territorial,IGN
2013,7108,2013-06-18,Martes,0.0,14:55:00,,0.0,2,"Moto/Ciclomotor,Bicicleta",Av. Provincias Unidas Y Neuquen,2,2,0,0,0,0,0,,Avenida,,ROSARIO,Rosario,Asfalto,No existe,II,Dentro,Urbana,Paso Peatonal,No existe,Intersección,Bueno,Buena,Diurna,Buen Tiempo,S/D,S/D,Atropello,S/D,Vertical,Cordón divisorio,Sin restricción,POINT (-60.71241810000001 -32.944582350000005),"['Avenida Provincias Unidas', 'Neuquen']",2,Avenida Provincias Unidas; Neuquén,-32.944582350000005,-60.71241810000001,55.0,538.0,Municipio Rosario,Municipio,Rosario,820210,Servicio de Catastro e Información Territorial,IGN
2013,7109,2013-06-18,Martes,0.0,20:00:00,,0.0,2,"Pickup/Utilitario,Automóvil",Av. Pellegrini Y Bv. Oroño,2,1,0,0,1,0,0,,Avenida,,ROSARIO,Rosario,Asfalto,S/D,II,Dentro,Urbana,S/D,S/D,Recta,Bueno,Buena,"Nocturna,Con luz artificial",S/D,De alcance,S/D,Colisión,S/D,S/D,Cordón divisorio,S/D,POINT (-60.656023850000004 -32.95457175),"['Pellegrini', 'Bulevar Nicasio Oroño']",2,Avenida Carlos Pellegrini; Bulevar Nicasio Oroño,-32.95457175,-60.65602385,55.0,538.0,Municipio Rosario,Municipio,Rosario,820210,Servicio de Catastro e Información Territorial,IGN
2013,7112,2013-06-16,Domingo,0.0,01:30:00,,0.0,2,"Bicicleta,Automóvil",Bv. Segui Y Ayacucho,2,1,0,0,1,0,0,,Calle,,ROSARIO,Rosario,Asfalto,No existe,II,Dentro,Urbana,Marca Vial,No existe,Intersección,Bueno,Buena,"Nocturna,Con luz artificial",Buen Tiempo,S/D,S/D,Atropello,S/D,Vertical,Línea divisoria pintada,Sin restricción,POINT (-60.63548025 -32.9810463),"['Bulevar Juan Francisco Seguí', 'Ayacucho']",2,Bulevar Juan Francisco Seguí; Ayacucho,-32.9810463,-60.63548025,55.0,538.0,Municipio Rosario,Municipio,Rosario,820210,Servicio de Catastro e Información Territorial,IGN
2013,7113,2013-06-20,Jueves,0.0,19:20:00,,0.0,2,"Moto/Ciclomotor,Pickup/Utilitario",Rueda Y Av. Ovidio Lagos,2,1,0,0,1,0,0,,Avenida,,ROSARIO,Rosario,Asfalto,S/D,II,Dentro,Urbana,S/D,S/D,Cruce,Bueno,Buena,Nocturna,Buen Tiempo,De alcance,S/D,Colisión,S/D,S/D,S/D,S/D,POINT (-60.667435000000005 -32.96692475),"['Rueda', 'Avenida Ovidio Lagos']",2,Rueda; Avenida Ovidio Lagos,-32.96692475,-60.667435000000005,55.0,538.0,Municipio Rosario,Municipio,Rosario,820210,Servicio de Catastro e Información Territorial,IGN
2013,7114,2013-06-24,Lunes,0.0,12:00:00,,0.0,2,"Bicicleta,Automóvil",Ayolas Y Necochea,2,1,0,0,1,0,0,,Calle,,ROSARIO,Rosario,Asfalto,No existe,II,Dentro,Urbana,Semáforo,Funciona,Recta,Bueno,Buena,Diurna,Buen Tiempo,S/D,S/D,Atropello,Otro,Vertical,Línea divisoria pintada,Sin restricción,POINT (-60.631812499999995 -32.97929800000001),"['Ayolas', 'Necochea']",2,Ayolas; Necochea,-32.97929800000001,-60.6318125,55.0,538.0,Municipio Rosario,Municipio,Rosario,820210,Servicio de Catastro e Información Territorial,IGN
2013,7115,2013-06-19,Miercoles,0.0,17:30:00,,0.0,2,"Moto/Ciclomotor,Automóvil",Ayacucho Y 24 De Setiembre,2,1,0,0,1,0,0,,Calle,,ROSARIO,Rosario,Asfalto,No existe,II,Dentro,Urbana,Marca Vial,No existe,Intersección,Bueno,Buena,Diurna,Buen Tiempo,Lateral,S/D,Colisión,Otro,Vertical,Línea divisoria pintada,Sin restricción,POINT (-60.6356427 -32.98220140000001),"['Ayacucho', '24 de Septiembre']",2,Ayacucho; 24 de Septiembre,-32.98220140000001,-60.6356427,55.0,538.0,Municipio Rosario,Municipio,Rosario,820210,Servicio de Catastro e Información Territorial,IGN
2013,7116,2013-06-22,Sabado,0.0,08:00:00,,0.0,2,"Automóvil,Moto/Ciclomotor",Av. Pellegrini Y Matienzo,2,1,0,0,1,0,0,,Avenida,,ROSARIO,Rosario,Asfalto,No existe,II,S/D,Urbana,Ninguna,No existe,Intersección,Bueno,Buena,Diurna,Buen Tiempo,Lateral,S/D,Colisión,Otro,Vertical,Cordón divisorio,Sin restricción,POINT (-60.69440075 -32.94811425),"['Pellegrini', 'Matienzo']",2,Avenida Carlos Pellegrini; Benjamín Matienzo,-32.94811425,-60.69440075,55.0,538.0,Municipio Rosario,Municipio,Rosario,820210,Servicio de Catastro e Información Territorial,IGN
2013,7117,2013-06-18,Martes,0.0,11:00:00,,0.0,2,"Automóvil,Moto/Ciclomotor",Av. Corrientes Y Cochabamba,2,1,0,0,1,0,0,,Calle,,ROSARIO,Rosario,Asfalto,S/D,II,Dentro,Urbana,S/D,S/D,Intersección,Bueno,Buena,Diurna,Buen Tiempo,De alcance,S/D,Colisión,S/D,S/D,S/D,S/D,POINT (-60.6453441 -32.9576917),"['Corrientes', 'Cochabamba']",2,Corrientes; Cochabamba,-32.9576917,-60.6453441,55.0,538.0,Municipio Rosario,Municipio,Rosario,820210,Servicio de Catastro e Información Territorial,IGN
2013,7118,2013-06-07,Viernes,0.0,16:45:00,,0.0,2,"Automóvil,Automóvil",Mendoza Y Matienzo,4,3,0,0,1,0,0,,Avenida,,ROSARIO,Rosario,Asfalto,No existe,II,Dentro,Urbana,Semáforo,Funciona,Intersección,Bueno,Buena,Diurna,Buen Tiempo,Lateral,S/D,Colisión,Otro,Horizontal,Cordón divisorio,Sin restricción,POINT (-60.69463329999999 -32.9416846),"['Mendoza', 'Matienzo']",2,Mendoza; Benjamín Matienzo,-32.9416846,-60.69463329999999,55.0,538.0,Municipio Rosario,Municipio,Rosario,820210,Servicio de Catastro e Información Territorial,IGN
2013,7119,2013-06-16,Domingo,0.0,11:30:00,,0.0,2,"Moto/Ciclomotor,Automóvil",Buenos Aires Y Virasoro,3,1,0,0,2,0,0,,Calle,,ROSARIO,Rosario,Asfalto,No existe,II,Dentro,Urbana,Marca Vial,No existe,Intersección,Bueno,Buena,Diurna,Buen Tiempo,Lateral,S/D,Colisión,S/D,Vertical,Línea divisoria pintada,Sin restricción,POINT (-60.638603 -32.9708922),"['Buenos Aires', 'Virasoro']",2,Buenos Aires; Benjamín Virasoro,-32.9708922,-60.638603,55.0,538.0,Municipio Rosario,Municipio,Rosario,820210,Servicio de Catastro e Información Territorial,IGN
2013,7120,2013-06-30,Domingo,0.0,11:40:00,,0.0,2,"Automóvil,Moto/Ciclomotor",Paraguay Y Garibaldi,2,1,0,0,1,0,0,,Calle,,ROSARIO,Rosario,Asfalto,No existe,II,Dentro,Urbana,Ninguna,No existe,Intersección,Bueno,Buena,Diurna,S/D,Lateral,S/D,Colisión,S/D,Faltante,Ninguna,Sin restricción,POINT (-60.6537097 -32.9849852),"['Paraguay', 'José Garibaldi']",2,Paraguay; José Garibaldi,-32.9849852,-60.6537097,55.0,538.0,Municipio Rosario,Municipio,Rosario,820210,Servicio de Catastro e Información Territorial,IGN
2013,7121,2013-06-19,Miercoles,0.0,12:30:00,,0.0,2,"Peatón,Automóvil",Italia Y Av. Pellegrini,2,1,0,0,1,0,0,,Avenida,,ROSARIO,Rosario,Asfalto,S/D,II,Dentro,Urbana,S/D,S/D,Cruce,Bueno,Buena,Diurna,Buen Tiempo,S/D,S/D,Atropello,S/D,S/D,S/D,S/D,POINT (-60.650600100000005 -32.955561700000004),"['Italia', 'Pellegrini']",2,Italia; Avenida Carlos Pellegrini,-32.955561700000004,-60.650600100000005,55.0,538.0,Municipio Rosario,Municipio,Rosario,820210,Servicio de Catastro e Información Territorial,IGN
2013,7122,2013-06-22,Sabado,0.0,15:30:00,,0.0,2,"Automóvil,Automóvil",Av. Ovidio Lagos Y La Paz,3,1,0,0,2,0,0,,Avenida,,ROSARIO,Rosario,Asfalto,S/D,II,Dentro,Urbana,S/D,S/D,Intersección,Bueno,Buena,Diurna,Buen Tiempo,De alcance,S/D,Colisión,S/D,S/D,S/D,S/D,POINT (-60.6657993 -32.960048499999985),"['Avenida Ovidio Lagos', 'La Paz']",2,Avenida Ovidio Lagos; La Paz,-32.960048499999985,-60.6657993,55.0,538.0,Municipio Rosario,Municipio,Rosario,820210,Servicio de Catastro e Información Territorial,IGN
2013,7123,2013-06-25,Martes,0.0,19:30:00,,0.0,2,"Bicicleta,Automóvil",Bv. Segui Y Laprida,2,1,0,0,1,0,0,,Avenida,,ROSARIO,Rosario,Asfalto,No existe,II,Dentro,Urbana,Marca Vial,No existe,Intersección,Bueno,Buena,"Atardecer,Con luz artificial",Buen Tiempo,S/D,S/D,Atropello,Otro,Vertical,Línea divisoria pintada,Sin restricción,POINT (-60.64243230000001 -32.97979135),"['Bulevar Juan Francisco Seguí', 'Laprida']",2,Bulevar Juan Francisco Seguí; Francisco Narciso Laprida,-32.97979135,-60.64243230000001,55.0,538.0,Municipio Rosario,Municipio,Rosario,820210,Servicio de Catastro e Información Territorial,IGN
2013,7124,2013-06-19,Miercoles,0.0,,,0.0,2,"Automóvil,Automóvil",Bv. Oroño Y Bv. 27 De Febrero,3,1,0,0,2,0,0,,Avenida,,ROSARIO,Rosario,Asfalto,S/D,II,Dentro,Urbana,S/D,S/D,Intersección,Bueno,Buena,S/D,S/D,De alcance,S/D,Colisión,S/D,S/D,S/D,S/D,POINT (-60.658642825 -32.964892400000004),"['Bulevar Nicasio Oroño', '27 de Febrero']",2,Bulevar Nicasio Oroño; Bulevar 27 de Febrero,-32.964892400000004,-60.658642825,55.0,538.0,Municipio Rosario,Municipio,Rosario,820210,Servicio de Catastro e Información Territorial,IGN
2013,7125,2013-06-22,Sabado,0.0,14:30:00,,0.0,2,"Automóvil,Moto/Ciclomotor",L.N.Alem Y Cerrito,4,3,0,0,1,0,0,,Calle,,ROSARIO,Rosario,Asfalto,No existe,II,Dentro,Urbana,Señal Pare,No existe,Intersección,Bueno,Buena,Diurna,Buen Tiempo,Lateral,S/D,Colisión,S/D,Vertical,S/D,Sin restricción,POINT (-60.63213530000001 -32.96363290000001),"['Alem', 'Cerrito']",2,Leandro N. Alem; Cerrito,-32.96363290000001,-60.63213530000001,55.0,538.0,Municipio Rosario,Municipio,Rosario,820210,Servicio de Catastro e Información Territorial,IGN
2013,7126,2013-06-21,Viernes,0.0,17:50:00,,0.0,2,"Moto/Ciclomotor,Automóvil",Laprida Y Centeno,3,2,0,0,1,0,0,,Calle,,ROSARIO,Rosario,Asfalto,No existe,II,Dentro,Urbana,Marca Vial,No existe,Intersección,Bueno,Buena,Atardecer,Buen Tiempo,Lateral,S/D,Colisión,Otro,Vertical,Línea divisoria pintada,Sin restricción,POINT (-60.6438778 -32.98552210000001),"['Laprida', 'Centeno']",2,Francisco Narciso Laprida; Coronel Centeno,-32.98552210000001,-60.6438778,55.0,538.0,Municipio Rosario,Municipio,Rosario,820210,Servicio de Catastro e Información Territorial,IGN
2013,7127,2013-06-29,Sabado,0.0,19:15:00,,0.0,2,"Taxi/Remis,Moto/Ciclomotor",Mariano Moreno Y Uruguay,2,1,0,0,1,0,0,,Calle,,ROSARIO,Rosario,Asfalto,No existe,II,Dentro,Urbana,Ninguna,No existe,Intersección,Bueno,Buena,Diurna,S/D,Lateral,S/D,Colisión,S/D,Faltante,Ninguna,Sin restricción,POINT (-60.65820020000001 -32.97458339999999),"['Mariano Moreno', 'Uruguay']",2,Mariano Moreno; Uruguay,-32.97458339999999,-60.65820020000001,55.0,538.0,Municipio Rosario,Municipio,Rosario,820210,Servicio de Catastro e Información Territorial,IGN