anio_acci,nro_acci,fecha,desc_dia,fecha_aprox,hora_aprox,desc_ruta,km,cant_participantes,desc_participante,calle_avenida_km,total,heridos_leves,heridos_graves,heridos_gravisimos,ilesos,fallecidos,sin_datos,posicion_XY,desc_tipo_via,desc_ruta_ori,desc_loc,desc_dpto,desc_tipo_calzada,desc_tipo_banquina,desc_unidad_regional,desc_lugar_calzada,desc_zona,desc_prioridad,desc_estado_semaforo,desc_lugar_via,desc_estado_via,desc_estado_visibilidad,desc_luminosidad,desc_estado_clima,desc_tipo_colision,desc_tipo_atropello,desc_tipo_hecho,desc_pres_calzada,desc_senializacion,desc_separacion_via,desc_restriccion,forma_geocod,calle_lista,numero_calles,calles_osm,lat,lon,index_right,gid,fna,gna,nam,in1,fdc,sag
2013,7178,2013-06-25,Martes,0.0,14:30:00,,0.0,1,Moto/Ciclomotor,Bv. Oroño Y Cochabamba,2,1,0,0,0,0,1,,Avenida,,ROSARIO,Rosario,Asfalto,S/D,II,Dentro,Urbana,S/D,S/D,Recta,Bueno,Buena,Diurna,Buen Tiempo,De alcance,S/D,Colisión,S/D,S/D,S/D,S/D,POINT (-60.656339 -32.9556154),"['Bulevar Nicasio Oroño', 'Cochabamba']",2,Bulevar Nicasio Oroño; Cochabamba,-32.9556154,-60.656339,55.0,538.0,Municipio Rosario,Municipio,Rosario,820210,Servicio de Catastro e Información Territorial,IGN
2013,7179,2013-06-30,Domingo,0.0,01:50:00,,0.0,2,"Automóvil,Moto/Ciclomotor",Ocampo Y San Martin,4,2,0,0,2,0,0,,Calle,,ROSARIO,Rosario,Asfalto,No existe,II,Dentro,Urbana,S/D,No existe,Intersección,S/D,S/D,Nocturna,S/D,S/D,S/D,Colisión,S/D,S/D,S/D,S/D,POINT (-60.641734899999996 -32.9667212),"['Ocampo', 'San Martin']",2,Ocampo; José de San Martín,-32.9667212,-60.6417349,55.0,538.0,Municipio Rosario,Municipio,Rosario,820210,Servicio de Catastro e Información Territorial,IGN
2013,7180,2013-06-18,Martes,0.0,16:10:00,,0.0,2,"Automóvil,Moto/Ciclomotor",Bv. Segui 1000,2,1,0,0,1,0,0,,Avenida,,ROSARIO,Rosario,Asfalto,No existe,II,Dentro,Urbana,Ninguna,No existe,Intersección,Bueno,Buena,Atardecer,S/D,Lateral,S/D,Colisión,S/D,Faltante,Ninguna,Sin restricción,"-32.9705861, -60.692576",['Bulevar Juan Francisco Seguí 1000'],1,Bulevar Juan Francisco Seguí 1000,-32.9705861,-60.692576,55.0,538.0,Municipio Rosario,Municipio,Rosario,820210,Servicio de Catastro e Información Territorial,IGN
2013,7186,2013-06-16,Domingo,0.0,,,0.0,2,"Moto/Ciclomotor,Otros",Bv. Oroño Y Lugones,2,1,0,0,1,0,0,,Avenida,,ROSARIO,Rosario,Asfalto,S/D,II,Dentro,Urbana,S/D,S/D,Intersección,Bueno,Buena,S/D,Buen Tiempo,Lateral,S/D,Colisión,S/D,S/D,S/D,S/D,POINT (-60.65693518333333 -32.95818631666667),"['Bulevar Nicasio Oroño', 'Lugones']",2,Bulevar Nicasio Oroño; Lorenzo Lugones,-32.95818631666667,-60.65693518333333,55.0,538.0,Municipio Rosario,Municipio,Rosario,820210,Servicio de Catastro e Información Territorial,IGN
2013,7187,2013-06-25,Martes,0.0,10:30:00,,0.0,2,"Automóvil,Moto/Ciclomotor",Entre Rios Y Dean Funes,2,1,0,0,1,0,0,,Calle,,ROSARIO,Rosario,Asfalto,No existe,II,Dentro,Urbana,Ninguna,No existe,Intersección,Bueno,Buena,Diurna,S/D,Lateral,S/D,Colisión,S/D,Faltante,Ninguna,Sin restricción,POINT (-60.6483161 -32.9751589),"['Entre Ríos', 'Deán Gregorio Funes']",2,Entre Ríos; Deán Gregorio Funes,-32.9751589,-60.6483161,55.0,538.0,Municipio Rosario,Municipio,Rosario,820210,Servicio de Catastro e Información Territorial,IGN
2013,7188,2013-06-11,Martes,0.0,06:40:00,,0.0,2,"Moto/Ciclomotor,Moto/Ciclomotor",Av. Ovidio Lagos 6500,2,1,0,0,0,0,1,,Avenida,,ROSARIO,Rosario,Asfalto,Natural,II,Dentro,Urbana,S/D,No existe,Recta,Deteriorada,Reducida,Amanecer,Niebla,Otro,S/D,Colisión,S/D,Faltante,Línea divisoria pintada,Reparación de Vía,"-33.0259193, -60.6809495",['Ovidio Lagos 6500'],1,Ovidio Lagos 6500,-33.0259193,-60.6809495,55.0,538.0,Municipio Rosario,Municipio,Rosario,820210,Servicio de Catastro e Información Territorial,IGN
2013,7189,2013-06-28,Viernes,0.0,19:00:00,,0.0,2,"Automóvil,Bicicleta",Biedma Y San Nicolas,2,1,0,0,1,0,0,,Calle,,ROSARIO,Rosario,Asfalto,No existe,II,Dentro,Urbana,Ninguna,No existe,Intersección,Bueno,Buena,Atardecer,Buen Tiempo,S/D,S/D,Atropello,S/D,Faltante,Ninguna,Sin restricción,POINT (-60.6811426 -32.9752879),"['Coronel Biedma', 'San Nicolás']",2,Coronel Biedma; San Nicolás,-32.9752879,-60.6811426,55.0,538.0,Municipio Rosario,Municipio,Rosario,820210,Servicio de Catastro e Información Territorial,IGN
2013,7191,2013-06-18,Martes,0.0,08:15:00,,0.0,2,"Automóvil,Automóvil",Santiago Y Anchorena,2,1,0,0,1,0,0,,Calle,,ROSARIO,Rosario,Asfalto,S/D,II,Dentro,Urbana,Ninguna,S/D,Intersección,Bueno,Buena,Diurna,Buen Tiempo,Lateral,S/D,Colisión,S/D,S/D,Ninguna,Sin restricción,POINT (-60.66787690000001 -32.9983563),"['Santiago', 'Anchorena']",2,Santiago; Tomás de Anchorena,-32.9983563,-60.66787690000001,55.0,538.0,Municipio Rosario,Municipio,Rosario,820210,Servicio de Catastro e Información Territorial,IGN
2013,7192,2013-06-25,Martes,0.0,07:30:00,,0.0,2,"Bicicleta,Camión",Madre Cabrini Y Av. Ovidio Lagos,2,1,0,0,1,0,0,,Avenida,,ROSARIO,Rosario,Asfalto,S/D,II,Dentro,Urbana,S/D,S/D,Recta,Bueno,Reducida,Amanecer,Niebla,S/D,S/D,Atropello,S/D,S/D,Línea divisoria pintada,Reparación de Vía,POINT (-60.6765712 -33.00587025),"['Madre Cabrini', 'Avenida Ovidio Lagos']",2,Madre Cabrini; Avenida Ovidio Lagos,-33.00587025,-60.6765712,55.0,538.0,Municipio Rosario,Municipio,Rosario,820210,Servicio de Catastro e Información Territorial,IGN
2013,7194,2013-06-24,Lunes,0.0,14:30:00,,0.0,2,"Pickup/Utilitario,Moto/Ciclomotor",Av. Ntra.Sra.del Rosario Y Callao,2,1,0,0,1,0,0,,Avenida,,ROSARIO,Rosario,Asfalto,S/D,II,Dentro,Urbana,Ninguna,S/D,Intersección,Bueno,Buena,Diurna,S/D,S/D,S/D,Colisión,S/D,S/D,Ninguna,S/D,POINT (-60.6713888 -33.000778399999994),"['Nuestra Señora del Rosario', 'Callao']",2,Puente Nuestra Señora del Rosario; Callao,-33.000778399999994,-60.6713888,55.0,538.0,Municipio Rosario,Municipio,Rosario,820210,Servicio de Catastro e Información Territorial,IGN
2013,7195,2013-06-24,Lunes,0.0,20:00:00,,0.0,2,"Automóvil,Automóvil",Entre Rios Y Ituzaingo,3,1,0,0,2,0,0,,Calle,,ROSARIO,Rosario,Asfalto,No existe,II,Dentro,Urbana,Semáforo,Funciona,Intersección,Bueno,Buena,Nocturna,S/D,De alcance,S/D,Colisión,S/D,"Horizontal,Vertical",Ninguna,Sin restricción,POINT (-60.6445324 -32.960241399999994),"['Entre Ríos', 'Ituzaingó']",2,Entre Ríos; Ituzaingó,-32.960241399999994,-60.6445324,55.0,538.0,Municipio Rosario,Municipio,Rosario,820210,Servicio de Catastro e Información Territorial,IGN
2013,7197,2013-06-08,Sabado,0.0,18:00:00,,0.0,2,"Moto/Ciclomotor,Automóvil",Av. Battle y Ordoñez 3436,3,2,0,0,1,0,0,,Calle,,ROSARIO,Rosario,Asfalto,Natural,II,Dentro,Urbana,Ninguna,No existe,Recta,Bueno,Buena,Atardecer,Buen Tiempo,Lateral,S/D,Colisión,S/D,Faltante,Ninguna,Sin restricción,"-33.00801425, -60.68335190337335",['Avenida Battle y Ordoñez 3436'],1,Avenida Battle y Ordoñez 3436,-33.00801425,-60.68335190337335,55.0,538.0,Municipio Rosario,Municipio,Rosario,820210,Servicio de Catastro e Información Territorial,IGN
2013,7198,2013-06-05,Miercoles,1.0,17:30:00,,0.0,2,"Bicicleta,Pickup/Utilitario",Av. Francia Y Pte.Quintana,2,1,0,0,1,0,0,,Calle,,ROSARIO,Rosario,Tierra,No existe,II,Dentro,Urbana,Ninguna,No existe,Intersección,Deteriorada,Buena,Diurna,Buen Tiempo,S/D,S/D,Atropello,S/D,Faltante,Ninguna,Sin restricción,POINT (-60.674639 -32.977647250000004),"['Avenida Francia', 'Quintana']",2,"('Avenida Francia', 'Presidente Quintana')",-32.977647250000004,-60.674639,55.0,538.0,Municipio Rosario,Municipio,Rosario,820210,Servicio de Catastro e Información Territorial,IGN
2013,7199,2013-06-26,Miercoles,0.0,07:30:00,,0.0,2,"Moto/Ciclomotor,Automóvil",Av. Arijon Y Cereseto,2,1,0,0,1,0,0,,Avenida,,ROSARIO,Rosario,Asfalto,S/D,II,Dentro,Urbana,S/D,S/D,Intersección,Bueno,Buena,Diurna,Buen Tiempo,S/D,S/D,Colisión,S/D,S/D,S/D,S/D,POINT (-60.67382760000001 -33.0037959),"['Avenida Manuel Arijón', 'Cereseto']",2,Avenida Manuel Arijón; Cereseto,-33.0037959,-60.67382760000001,55.0,538.0,Municipio Rosario,Municipio,Rosario,820210,Servicio de Catastro e Información Territorial,IGN
2013,7200,2013-06-20,Jueves,0.0,15:50:00,,0.0,3,"Moto/Ciclomotor,Pickup/Utilitario,Transporte de Pasajeros Urbano (> 8 asientos)",San Martin 6300,3,1,0,0,2,0,0,,Calle,,ROSARIO,Rosario,Asfalto,No existe,II,Dentro,Urbana,Ninguna,No existe,Recta,Deteriorada,Buena,Diurna,Buen Tiempo,Múltiple,S/D,Colisión,S/D,Faltante,Cordón divisorio,Sin restricción,"-32.9764777, -60.6372639",['San Martin 6300'],1,San Martin 6300,-32.9764777,-60.6372639,55.0,538.0,Municipio Rosario,Municipio,Rosario,820210,Servicio de Catastro e Información Territorial,IGN
2013,7201,2013-06-22,Sabado,0.0,05:30:00,,0.0,2,"Moto/Ciclomotor,Automóvil",Av. Ovidio Lagos Y Av. Circunvalacion,2,1,0,0,1,0,0,,Avenida,,ROSARIO,Rosario,Asfalto,Natural,II,Dentro,Urbana,Semáforo,Funciona,Recta,Bueno,Buena,Nocturna,Buen Tiempo,De alcance,S/D,Colisión,S/D,Horizontal,S/D,Sin restricción,POINT (-60.67699098957188 -33.00797177001669),"['Avenida Ovidio Lagos', 'Circunvalacion']",2,Avenida Ovidio Lagos; Avenida de Circunvalación 25 de Mayo,-33.00797177001669,-60.67699098957188,55.0,538.0,Municipio Rosario,Municipio,Rosario,820210,Servicio de Catastro e Información Territorial,IGN
2013,7202,2013-06-30,Domingo,0.0,20:00:00,,0.0,2,"Automóvil,Moto/Ciclomotor",Av. Corrientes Y Saavedra,2,1,0,0,1,0,0,,Calle,,ROSARIO,Rosario,Asfalto,No existe,II,Dentro,Urbana,Ninguna,No existe,Intersección,Bueno,Buena,Nocturna,S/D,Lateral,S/D,Colisión,S/D,Faltante,Ninguna,Sin restricción,POINT (-60.6503148 -32.9771937),"['Corrientes', 'Saavedra']",2,Corrientes; Saavedra,-32.9771937,-60.6503148,55.0,538.0,Municipio Rosario,Municipio,Rosario,820210,Servicio de Catastro e Información Territorial,IGN
2013,7204,2013-06-07,Viernes,0.0,18:00:00,,0.0,2,"Moto/Ciclomotor,Pickup/Utilitario",Av. Battle y Ordoñez 3400,2,1,0,0,1,0,0,,Calle,,ROSARIO,Rosario,Asfalto,Natural,II,Dentro,Urbana,S/D,S/D,Recta,Bueno,Buena,Atardecer,Buen Tiempo,Lateral,S/D,Colisión,S/D,S/D,Ninguna,Sin restricción,"-33.009042, -60.6558939",['Avenida Battle y Ordoñez 3400'],1,Avenida Battle y Ordoñez 3400,-33.009042,-60.6558939,55.0,538.0,Municipio Rosario,Municipio,Rosario,820210,Servicio de Catastro e Información Territorial,IGN
2013,7205,2013-06-19,Miercoles,0.0,,,0.0,2,"Bicicleta,Automóvil",Bv. Avellaneda Y Dean Funes,2,1,0,0,1,0,0,,Calle,,ROSARIO,Rosario,Asfalto,No existe,II,Dentro,Urbana,Ninguna,No existe,Intersección,Bueno,Buena,Diurna,Buen Tiempo,S/D,S/D,Atropello,S/D,Faltante,S/D,Sin restricción,POINT (-60.686496000000005 -32.96832429999999),"['Avellaneda', 'Deán Gregorio Funes']",2,Bulevar Nicolás Avellaneda; Deán Gregorio Funes,-32.96832429999999,-60.686496000000005,55.0,538.0,Municipio Rosario,Municipio,Rosario,820210,Servicio de Catastro e Información Territorial,IGN
2013,7206,2013-06-26,Miercoles,0.0,14:30:00,,0.0,2,"Moto/Ciclomotor,Automóvil",Bv. Oroño Y J.M.Gutierrez,2,1,0,0,1,0,0,,Calle,,ROSARIO,Rosario,Asfalto,S/D,II,Dentro,Urbana,S/D,S/D,Intersección,Bueno,S/D,Diurna,S/D,S/D,S/D,Colisión,S/D,S/D,S/D,S/D,POINT (-60.6653076 -32.994528599999995),"['Bulevar Nicasio Oroño', 'Gutierrez']",2,Bulevar Nicasio Oroño; Ricardo Gutierrez,-32.994528599999995,-60.6653076,55.0,538.0,Municipio Rosario,Municipio,Rosario,820210,Servicio de Catastro e Información Territorial,IGN
2013,7207,2013-06-03,Lunes,0.0,15:00:00,,0.0,2,"Peatón,Moto/Ciclomotor",Lima 3100,2,1,0,0,1,0,0,,Calle,,ROSARIO,Rosario,Ripio,No existe,II,S/D,Urbana,Ninguna,No existe,Recta,Deteriorada,Buena,Atardecer,Buen Tiempo,S/D,S/D,Atropello,S/D,Faltante,S/D,Sin restricción,"-32.9647884, -60.6899786",['Lima 3100'],1,Lima 3100,-32.9647884,-60.6899786,55.0,538.0,Municipio Rosario,Municipio,Rosario,820210,Servicio de Catastro e Información Territorial,IGN
2013,7208,2013-06-30,Domingo,0.0,14:30:00,,0.0,2,"Taxi/Remis,Camión",San Martin ,4,3,0,0,1,0,0,,Calle,,ROSARIO,Rosario,Asfalto,No existe,II,Dentro,Urbana,Ninguna,No existe,Intersección,Bueno,Buena,Diurna,Buen Tiempo,Otro,S/D,Colisión,S/D,Faltante,Ninguna,Sin restricción,"-32.9764777, -60.6372639",['San Martin'],1,San Martin,-32.9764777,-60.6372639,55.0,538.0,Municipio Rosario,Municipio,Rosario,820210,Servicio de Catastro e Información Territorial,IGN
2013,7210,2013-06-26,Miercoles,0.0,23:00:00,,0.0,2,"Automóvil,Camión",Bv. Oroño Y Av. Ntra.Sra.del Rosario,2,1,0,0,1,0,0,,Avenida,,ROSARIO,Rosario,Asfalto,S/D,II,S/D,Urbana,Semáforo,Funciona,Intersección,S/D,Buena,Nocturna,S/D,Otro,S/D,Colisión,S/D,S/D,Ninguna,Sin restricción,POINT (-60.665137900000005 -33.000583799999994),"['Bulevar Nicasio Oroño', 'Nuestra Señora del Rosario']",2,Bulevar Nicasio Oroño; Puente Nuestra Señora del Rosario,-33.000583799999994,-60.665137900000005,55.0,538.0,Municipio Rosario,Municipio,Rosario,820210,Servicio de Catastro e Información Territorial,IGN
2013,7211,2013-06-18,Martes,0.0,22:00:00,,0.0,2,"Moto/Ciclomotor,Moto/Ciclomotor",Lavalle Y Saavedra,3,2,0,0,1,0,0,,Calle,,ROSARIO,Rosario,Tierra,No existe,II,Dentro,Urbana,Ninguna,No existe,Intersección,Deteriorada,Buena,Nocturna,Buen Tiempo,Lateral,S/D,Colisión,S/D,Faltante,S/D,S/D,POINT (-60.6857241 -32.97087379999999),"['Lavalle', 'Saavedra']",2,Lavalle; Saavedra,-32.97087379999999,-60.6857241,55.0,538.0,Municipio Rosario,Municipio,Rosario,820210,Servicio de Catastro e Información Territorial,IGN
2013,7213,2013-06-29,Sabado,0.0,18:30:00,,0.0,1,Moto/Ciclomotor,Av. Arijon Y Laprida,1,1,0,0,0,0,0,,Calle,,ROSARIO,Rosario,Asfalto,No existe,II,Dentro,Urbana,Ninguna,No existe,Intersección,Bueno,Buena,Diurna,Buen Tiempo,Atropello animal,S/D,Colisión,S/D,Faltante,Línea divisoria pintada,Sin restricción,POINT (-60.6469781 -33.00299270000001),"['Avenida Manuel Arijón', 'Laprida']",2,Avenida Manuel Arijón; Francisco Narciso Laprida,-33.00299270000001,-60.6469781,55.0,538.0,Municipio Rosario,Municipio,Rosario,820210,Servicio de Catastro e Información Territorial,IGN
2013,7214,2013-06-23,Domingo,0.0,15:50:00,,0.0,2,"Moto/Ciclomotor,Automóvil",Av. Arijon Y Santiago,3,2,0,0,1,0,0,,Avenida,,ROSARIO,Rosario,Asfalto,S/D,II,Dentro,Urbana,S/D,S/D,Intersección,Bueno,Buena,Diurna,S/D,S/D,S/D,Colisión,S/D,S/D,S/D,S/D,POINT (-60.6676718 -33.0035862),"['Avenida Manuel Arijón', 'Santiago']",2,Avenida Manuel Arijón; Santiago,-33.0035862,-60.6676718,55.0,538.0,Municipio Rosario,Municipio,Rosario,820210,Servicio de Catastro e Información Territorial,IGN
2013,7215,2013-06-19,Miercoles,0.0,13:10:00,,0.0,2,"Moto/Ciclomotor,Pickup/Utilitario",Santiago Y J.M.Gutierrez,2,1,0,0,1,0,0,,Calle,,ROSARIO,Rosario,Asfalto,S/D,II,Dentro,Urbana,S/D,S/D,Intersección,Bueno,Buena,Diurna,Buen Tiempo,S/D,S/D,Colisión,S/D,Vertical,S/D,S/D,POINT (-60.6680791 -32.99461845),"['Santiago', 'Gutierrez']",2,Santiago; Ricardo Gutierrez,-32.99461845,-60.6680791,55.0,538.0,Municipio Rosario,Municipio,Rosario,820210,Servicio de Catastro e Información Territorial,IGN
2013,7216,2013-06-06,Jueves,0.0,08:00:00,,0.0,2,"Automóvil,Pickup/Utilitario","AV. OV, LAGOS Y RUIZ DR. FERNANDO",3,1,0,0,2,0,0,,Calle,,ROSARIO,Rosario,Asfalto,Natural,II,Dentro,Urbana,Ninguna,No existe,Recta,Bueno,Buena,Diurna,Buen Tiempo,Otro,S/D,Colisión,S/D,Faltante,Ninguna,Obra en Construcción,POINT (-60.67828626666667 -33.0138026),"['Avenida Ovidio Lagos', 'Ruiz']",2,Avenida Ovidio Lagos; Doctor Fernando Ruiz,-33.0138026,-60.67828626666667,55.0,538.0,Municipio Rosario,Municipio,Rosario,820210,Servicio de Catastro e Información Territorial,IGN
2013,7217,2013-06-24,Lunes,0.0,09:20:00,,0.0,2,"Automóvil,Automóvil",Dean Funes Y Mariano Moreno,3,1,0,0,2,0,0,,Calle,,ROSARIO,Rosario,Asfalto,No existe,II,Dentro,Urbana,Ninguna,No existe,Intersección,Bueno,Buena,Diurna,S/D,Lateral,S/D,Colisión,S/D,Faltante,Ninguna,Sin restricción,POINT (-60.6579218 -32.97344629999999),"['Deán Gregorio Funes', 'Mariano Moreno']",2,Deán Gregorio Funes; Mariano Moreno,-32.97344629999999,-60.6579218,55.0,538.0,Municipio Rosario,Municipio,Rosario,820210,Servicio de Catastro e Información Territorial,IGN
2013,7218,2013-06-06,Jueves,0.0,,,0.0,2,"Moto/Ciclomotor,Automóvil",Av. Battle y Ordoñez Y Balcarce,4,2,0,0,2,0,0,,Calle,,ROSARIO,Rosario,Asfalto,S/D,II,Dentro,Urbana,S/D,S/D,Intersección,S/D,Buena,Diurna,S/D,S/D,S/D,Colisión,S/D,S/D,S/D,S/D,POINT (-60.66308240000001 -33.009310600000006),"['Avenida Battle y Ordoñez', 'Balcarce']",2,Avenida Battle y Ordoñez; Balcarce,-33.009310600000006,-60.66308240000001,55.0,538.0,Municipio Rosario,Municipio,Rosario,820210,Servicio de Catastro e Información Territorial,IGN
2013,7219,2013-06-25,Martes,0.0,23:05:00,,0.0,2,"Automóvil,Automóvil",Av. Circunvalacion Y R.de Pineda,3,2,0,0,1,0,0,,Calle,,ROSARIO,Rosario,Ripio,No existe,II,Dentro,Urbana,Ninguna,No existe,Intersección,Deteriorada,Reducida,Con luz artificial,Buen Tiempo,De alcance,S/D,Colisión,S/D,Faltante,Ninguna,Sin restricción,POINT (-60.6458373961422 -33.01627981358011),"['Circunvalacion', 'De Pineda']",2,Avenida de Circunvalación 25 de Mayo; Avenida Romero de Pineda,-33.01627981358011,-60.6458373961422,55.0,538.0,Municipio Rosario,Municipio,Rosario,820210,Servicio de Catastro e Información Territorial,IGN
2013,7221,2013-06-26,Miercoles,0.0,13:50:00,,0.0,2,"Tracción animal / Carro,Camión",Rui Barbosa Y Sadi Carnot,3,2,0,0,1,0,0,,Calle,,ROSARIO,Rosario,Asfalto,No existe,II,Dentro,Urbana,Ninguna,No existe,Intersección,Deteriorada,Buena,Diurna,Buen Tiempo,Otro,S/D,Colisión,S/D,Faltante,Ninguna,Sin restricción,POINT (-60.6486196 -33.0063245),"['Rui Barbosa', 'Sadi Carnot']",2,Rui Barbosa; Sadi Carnot,-33.0063245,-60.6486196,55.0,538.0,Municipio Rosario,Municipio,Rosario,820210,Servicio de Catastro e Información Territorial,IGN
2013,7223,2013-06-17,Lunes,0.0,14:00:00,,0.0,2,"Pickup/Utilitario,Moto/Ciclomotor",Uruguay Y Rodriguez,2,1,0,0,1,0,0,,Calle,,ROSARIO,Rosario,Asfalto,No existe,II,Dentro,Urbana,Ninguna,No existe,Intersección,Bueno,Buena,Diurna,S/D,Lateral,S/D,Colisión,S/D,Faltante,Ninguna,Sin restricción,POINT (-60.6663837 -32.973112099999994),"['Uruguay', 'Rodríguez']",2,Uruguay; Rodríguez de Escobedo,-32.973112099999994,-60.6663837,55.0,538.0,Municipio Rosario,Municipio,Rosario,820210,Servicio de Catastro e Información Territorial,IGN
2013,7224,2013-06-19,Miercoles,0.0,12:10:00,,0.0,2,"Peatón,Automóvil",Av. Arijon Y Pje. M.Suarez,2,1,0,0,1,0,0,,Calle,,ROSARIO,Rosario,Asfalto,S/D,II,Dentro,Urbana,S/D,S/D,Intersección,Bueno,Buena,Diurna,S/D,S/D,S/D,Atropello,S/D,S/D,S/D,S/D,POINT (-60.6625211 -33.00346749999999),"['Avenida Manuel Arijón', 'Suarez']",2,Avenida Manuel Arijón; Manuel Suárez,-33.00346749999999,-60.6625211,55.0,538.0,Municipio Rosario,Municipio,Rosario,820210,Servicio de Catastro e Información Territorial,IGN
2013,7227,2013-06-25,Martes,0.0,13:40:00,,0.0,2,"Moto/Ciclomotor,Automóvil",Callao Y Hilarion de la Quintana,2,1,0,0,1,0,0,,Calle,,ROSARIO,Rosario,Asfalto,S/D,II,Dentro,Urbana,S/D,S/D,S/D,S/D,S/D,S/D,S/D,S/D,S/D,Colisión,S/D,S/D,S/D,S/D,POINT (-60.67132529999999 -33.001733599999994),"['Callao', 'Hilarión de la Quintana']",2,Callao; Hilarión de la Quintana,-33.001733599999994,-60.67132529999999,55.0,538.0,Municipio Rosario,Municipio,Rosario,820210,Servicio de Catastro e Información Territorial,IGN
2013,7230,2013-06-17,Lunes,0.0,06:05:00,,0.0,2,"Automóvil,Moto/Ciclomotor",Bv. Segui Y Mitre,2,1,0,0,1,0,0,,Avenida,,ROSARIO,Rosario,Asfalto,No existe,II,Dentro,Urbana,Ninguna,No existe,Intersección,Bueno,Buena,"Amanecer,Con luz artificial",S/D,Lateral,S/D,Colisión,S/D,S/D,Ninguna,Sin restricción,POINT (-60.6477426 -32.97883275),"['Bulevar Juan Francisco Seguí', 'Mitre']",2,Bulevar Juan Francisco Seguí; Bartolomé Mitre,-32.97883275,-60.6477426,55.0,538.0,Municipio Rosario,Municipio,Rosario,820210,Servicio de Catastro e Información Territorial,IGN
2013,7231,2013-06-12,Miercoles,0.0,,,0.0,2,"Moto/Ciclomotor,Otros",Bv. Segui Y Pje. Santa Matilde,2,1,0,0,0,0,1,,Avenida,,ROSARIO,Rosario,Asfalto,No existe,II,S/D,Urbana,S/D,S/D,Intersección,Bueno,Buena,Diurna,Buen Tiempo,Lateral,S/D,Colisión,S/D,S/D,Cordón divisorio,Sin restricción,POINT (-60.68392435 -32.97236795),"['Bulevar Juan Francisco Seguí', 'Santa Matilde']",2,Bulevar Juan Francisco Seguí; Santa Matilde,-32.97236795,-60.68392435,55.0,538.0,Municipio Rosario,Municipio,Rosario,820210,Servicio de Catastro e Información Territorial,IGN
2013,7232,2013-06-18,Martes,0.0,15:30:00,,0.0,2,"Moto/Ciclomotor,Pickup/Utilitario",Av. Battle y Ordoñez Y Pte.Roca,1,1,0,0,0,0,0,,Calle,,ROSARIO,Rosario,Asfalto,No existe,II,Dentro,Urbana,Ninguna,No existe,Intersección,Resbaladiza,Reducida,Diurna,Lluvia,Contra objeto fijo,S/D,Colisión,Agua,Faltante,Cordón divisorio,Sin restricción,POINT (-60.65589215 -33.0090795),"['Avenida Battle y Ordoñez', 'Roca']",2,Avenida Battle y Ordoñez; Presidente Roca,-33.0090795,-60.65589215,55.0,538.0,Municipio Rosario,Municipio,Rosario,820210,Servicio de Catastro e Información Territorial,IGN
2013,7233,2013-06-24,Lunes,0.0,20:20:00,,0.0,2,"Moto/Ciclomotor,Automóvil",Av. Arijon Y Entre Rios,2,1,0,0,1,0,0,,Avenida,,ROSARIO,Rosario,Asfalto,No existe,II,Dentro,Urbana,Ninguna,No existe,Recta,Bueno,Reducida,"Nocturna,Con luz artificial",Buen Tiempo,Otro,S/D,Colisión,S/D,Faltante,Línea divisoria pintada,Sin restricción,POINT (-60.6517823 -33.00314459999999),"['Avenida Manuel Arijón', 'Entre Ríos']",2,Avenida Manuel Arijón; Entre Ríos,-33.00314459999999,-60.6517823,55.0,538.0,Municipio Rosario,Municipio,Rosario,820210,Servicio de Catastro e Información Territorial,IGN
2013,7235,2013-06-25,Martes,0.0,,,0.0,2,"Moto/Ciclomotor,Automóvil",Cafferata Y Cordoba,3,2,0,0,1,0,0,,Calle,,ROSARIO,Rosario,Asfalto,S/D,II,Dentro,Urbana,S/D,S/D,Intersección,S/D,S/D,S/D,S/D,S/D,S/D,Colisión,S/D,S/D,Cordón divisorio,S/D,POINT (-60.6709866 -32.9405587),"['Cafferata', 'Córdoba']",2,Cafferata; Córdoba,-32.9405587,-60.6709866,55.0,538.0,Municipio Rosario,Municipio,Rosario,820210,Servicio de Catastro e Información Territorial,IGN
2013,7237,2013-06-02,Domingo,0.0,19:00:00,,0.0,2,"Moto/Ciclomotor,Pickup/Utilitario",Melincue Y Cabildo,3,2,0,0,1,0,0,,Calle,,ROSARIO,Rosario,Asfalto,No existe,II,Dentro,Urbana,Ninguna,No existe,Intersección,Bueno,Buena,Atardecer,Buen Tiempo,Otro,S/D,Colisión,S/D,Faltante,Ninguna,Sin restricción,POINT (-60.6476644 -33.00731760000001),"['Melincué', 'Cabildo']",2,Melincué; Cabildo,-33.00731760000001,-60.6476644,55.0,538.0,Municipio Rosario,Municipio,Rosario,820210,Servicio de Catastro e Información Territorial,IGN
2013,7238,2013-06-04,Martes,0.0,,,0.0,2,"Peatón,Automóvil",Bv. Oroño Y Av. Uriburu,3,1,0,0,2,0,0,,Calle,,ROSARIO,Rosario,Asfalto,S/D,II,Dentro,Urbana,S/D,S/D,Intersección,S/D,S/D,S/D,S/D,S/D,S/D,Atropello,S/D,S/D,S/D,S/D,POINT (-60.665160500000006 -32.99123049999999),"['Bulevar Nicasio Oroño', 'Uriburu']",2,Bulevar Nicasio Oroño; Avenida José Uriburu,-32.99123049999999,-60.665160500000006,55.0,538.0,Municipio Rosario,Municipio,Rosario,820210,Servicio de Catastro e Información Territorial,IGN