anio_acci,nro_acci,fecha,desc_dia,fecha_aprox,hora_aprox,desc_ruta,km,cant_participantes,desc_participante,calle_avenida_km,total,heridos_leves,heridos_graves,heridos_gravisimos,ilesos,fallecidos,sin_datos,posicion_XY,desc_tipo_via,desc_ruta_ori,desc_loc,desc_dpto,desc_tipo_calzada,desc_tipo_banquina,desc_unidad_regional,desc_lugar_calzada,desc_zona,desc_prioridad,desc_estado_semaforo,desc_lugar_via,desc_estado_via,desc_estado_visibilidad,desc_luminosidad,desc_estado_clima,desc_tipo_colision,desc_tipo_atropello,desc_tipo_hecho,desc_pres_calzada,desc_senializacion,desc_separacion_via,desc_restriccion,forma_geocod,calle_lista,numero_calles,calles_osm,lat,lon,index_right,gid,fna,gna,nam,in1,fdc,sag
2013,7240,2013-06-22,Sabado,0.0,14:20:00,,0.0,2,"Pickup/Utilitario,Moto/Ciclomotor",Comodoro Rivadavia Y Pueyrredon,2,1,0,0,1,0,0,,Calle,,ROSARIO,Rosario,Asfalto,No existe,II,Dentro,Urbana,Ninguna,No existe,Intersección,Bueno,Buena,Diurna,S/D,Lateral,S/D,Colisión,S/D,Faltante,Ninguna,Sin restricción,POINT (-60.6693537 -32.9905779),"['Comodoro Rivadavia', 'Pueyrredón']",2,Comodoro Rivadavia; Pueyrredón,-32.9905779,-60.6693537,55.0,538.0,Municipio Rosario,Municipio,Rosario,820210,Servicio de Catastro e Información Territorial,IGN
2013,7241,2013-09-27,Viernes,0.0,14:10:00,,0.0,2,"Moto/Ciclomotor,Automóvil",Av. Ovidio Lagos Y Av. Ntra.Sra.del Rosario,3,2,0,0,1,0,0,,Avenida,,ROSARIO,Rosario,Asfalto,Pavimento,II,Dentro,Urbana,Semáforo,Funciona,Intersección,Con baches,Buena,Diurna,Buen Tiempo,S/D,S/D,Colisión,S/D,Horizontal,Cordón divisorio,Sin restricción,POINT (-60.675538599999996 -33.000907549999994),"['Avenida Ovidio Lagos', 'Nuestra Señora del Rosario']",2,Avenida Ovidio Lagos; Puente Nuestra Señora del Rosario,-33.000907549999994,-60.6755386,55.0,538.0,Municipio Rosario,Municipio,Rosario,820210,Servicio de Catastro e Información Territorial,IGN
2013,7242,2013-06-16,Domingo,0.0,,,0.0,2,"Moto/Ciclomotor,Camión",3 De Febrero Y Av. Francia,3,2,0,0,1,0,0,,Avenida,,ROSARIO,Rosario,S/D,S/D,II,Dentro,Urbana,S/D,S/D,Intersección,S/D,S/D,S/D,S/D,S/D,S/D,Colisión,S/D,S/D,Cordón divisorio,S/D,POINT (-60.66711794999999 -32.947896799999995),"['3 de Febrero', 'Avenida Francia']",2,3 de Febrero; Avenida Francia,-32.947896799999995,-60.66711794999999,55.0,538.0,Municipio Rosario,Municipio,Rosario,820210,Servicio de Catastro e Información Territorial,IGN
2013,7243,2013-06-23,Domingo,0.0,07:30:00,,0.0,2,"Moto/Ciclomotor,Automóvil",San Juan Y Castellanos,3,2,0,0,1,0,0,,Calle,,ROSARIO,Rosario,Asfalto,No existe,II,Dentro,Urbana,S/D,S/D,Intersección,S/D,S/D,Amanecer,S/D,S/D,S/D,Colisión,S/D,S/D,S/D,S/D,POINT (-60.6760251 -32.94355620000001),"['San Juan', 'Aaron Castellanos']",2,San Juan; Aaron Castellanos,-32.94355620000001,-60.6760251,55.0,538.0,Municipio Rosario,Municipio,Rosario,820210,Servicio de Catastro e Información Territorial,IGN
2013,7244,2013-06-13,Jueves,0.0,,,0.0,2,"Moto/Ciclomotor,Automóvil",Cordoba Y Av. Ovidio Lagos,2,2,0,0,0,0,0,,Avenida,,ROSARIO,Rosario,Asfalto,S/D,II,Dentro,Urbana,S/D,S/D,Intersección,S/D,S/D,S/D,S/D,S/D,S/D,Colisión,S/D,S/D,Cordón divisorio,S/D,POINT (-60.6614607 -32.9422773),"['Córdoba', 'Avenida Ovidio Lagos']",2,Córdoba; Avenida Ovidio Lagos,-32.9422773,-60.6614607,55.0,538.0,Municipio Rosario,Municipio,Rosario,820210,Servicio de Catastro e Información Territorial,IGN
2013,7245,2013-05-16,Jueves,0.0,,,0.0,2,"Moto/Ciclomotor,Automóvil",Pueyrredon Y Mendoza,2,1,0,0,1,0,0,,Calle,,ROSARIO,Rosario,Asfalto,S/D,II,Dentro,Urbana,S/D,S/D,Intersección,S/D,S/D,S/D,S/D,S/D,S/D,Colisión,S/D,S/D,Cordón divisorio,S/D,POINT (-60.658654199999994 -32.9481107),"['Pueyrredón', 'Mendoza']",2,Pueyrredón; Mendoza,-32.9481107,-60.6586542,55.0,538.0,Municipio Rosario,Municipio,Rosario,820210,Servicio de Catastro e Información Territorial,IGN
2013,7246,2013-06-17,Lunes,0.0,12:30:00,,0.0,2,"Moto/Ciclomotor,Automóvil",Av. Pellegrini Y Cafferata,2,1,0,0,1,0,0,,Calle,,ROSARIO,Rosario,S/D,S/D,II,Dentro,Urbana,S/D,S/D,S/D,S/D,S/D,Diurna,S/D,S/D,S/D,Colisión,S/D,S/D,S/D,S/D,POINT (-60.66279733333334 -32.9781999),"['Pellegrini', 'Cafferata']",2,Avenida Carlos Pellegrini; Cafferata,-32.9781999,-60.66279733333334,55.0,538.0,Municipio Rosario,Municipio,Rosario,820210,Servicio de Catastro e Información Territorial,IGN
2013,7248,2013-05-30,Jueves,0.0,11:00:00,,0.0,2,"Moto/Ciclomotor,Automóvil",San Luis 2959,2,1,0,0,1,0,0,,Calle,,ROSARIO,Rosario,Asfalto,S/D,II,Dentro,Urbana,S/D,S/D,Recta,S/D,S/D,S/D,S/D,S/D,S/D,Colisión,S/D,S/D,Cordón divisorio,S/D,"-32.94457534081633, -60.664298389795924",['San Luis 2959'],1,San Luis 2959,-32.94457534081633,-60.66429838979592,55.0,538.0,Municipio Rosario,Municipio,Rosario,820210,Servicio de Catastro e Información Territorial,IGN
2013,7249,2013-06-23,Domingo,0.0,22:45:00,,0.0,2,"Moto/Ciclomotor,Automóvil",San Martin Y Av. Circunvalacion,3,1,0,0,2,0,0,,Calle,,ROSARIO,Rosario,Asfalto,No existe,II,Dentro,Urbana,Semáforo,Intermitente,Intersección,Bueno,Reducida,"Nocturna,Con luz artificial",Buen Tiempo,Otro,S/D,Colisión,S/D,Horizontal,Cordón divisorio,Sin restricción,POINT (-60.64178307863883 -33.0158888269654),"['San Martin', 'Circunvalacion']",2,José de San Martín; Avenida de Circunvalación 25 de Mayo,-33.0158888269654,-60.64178307863883,55.0,538.0,Municipio Rosario,Municipio,Rosario,820210,Servicio de Catastro e Información Territorial,IGN
2013,7250,2013-05-29,Miercoles,0.0,16:20:00,,0.0,2,"Bicicleta,Automóvil",E.Zeballos 2632,2,1,0,0,1,0,0,,Calle,,ROSARIO,Rosario,Asfalto,S/D,II,Dentro,Urbana,S/D,S/D,Recta,S/D,S/D,S/D,S/D,S/D,S/D,Atropello,S/D,S/D,S/D,S/D,"-32.9577248, -60.6249701",['E Zeballos 2632'],1,E Zeballos 2632,-32.9577248,-60.6249701,55.0,538.0,Municipio Rosario,Municipio,Rosario,820210,Servicio de Catastro e Información Territorial,IGN
2013,7251,2013-06-17,Lunes,0.0,17:00:00,,0.0,2,"Moto/Ciclomotor,Automóvil",San Martin Y Lainez,2,1,0,0,1,0,0,,Calle,,ROSARIO,Rosario,Asfalto,No existe,II,Dentro,Urbana,Ninguna,No existe,Intersección,Bueno,Buena,Diurna,Buen Tiempo,Otro,S/D,Colisión,S/D,Faltante,Cordón divisorio,Sin restricción,POINT (-60.649860849999996 -33.00533775),"['San Martin', 'Láinez']",2,José de San Martín; Láinez,-33.00533775,-60.64986085,55.0,538.0,Municipio Rosario,Municipio,Rosario,820210,Servicio de Catastro e Información Territorial,IGN
2013,7252,2013-06-04,Martes,0.0,16:50:00,,0.0,2,"Moto/Ciclomotor,Automóvil",F.Frias Y Pago de los Arroyos,3,2,0,0,1,0,0,,Calle,,ROSARIO,Rosario,Asfalto,No existe,II,S/D,Urbana,Ninguna,No existe,Intersección,Deteriorada,Buena,Diurna,Buen Tiempo,Otro,S/D,Colisión,S/D,Faltante,Ninguna,Sin restricción,POINT (-60.650088800000006 -33.01199859999999),"['Frias', 'Pago de los Arroyos']",2,Frias; Pago de los Arroyos,-33.01199859999999,-60.650088800000006,55.0,538.0,Municipio Rosario,Municipio,Rosario,820210,Servicio de Catastro e Información Territorial,IGN
2013,7253,2013-06-06,Jueves,0.0,10:30:00,,0.0,2,"Peatón,Camión",Montevideo Y Lavalle,2,1,0,0,1,0,0,,S/D,,ROSARIO,Rosario,S/D,S/D,II,Dentro,Urbana,S/D,S/D,Intersección,S/D,S/D,S/D,S/D,S/D,S/D,Atropello,S/D,S/D,Cordón divisorio,S/D,POINT (-60.6802167 -32.949070299999995),"['Montevideo', 'Lavalle']",2,Montevideo; Lavalle,-32.949070299999995,-60.6802167,55.0,538.0,Municipio Rosario,Municipio,Rosario,820210,Servicio de Catastro e Información Territorial,IGN
2013,7254,2013-05-10,Viernes,0.0,16:10:00,,0.0,2,"Moto/Ciclomotor,Automóvil",San Juan Y Servando Bayo,2,1,0,0,1,0,0,,Calle,,ROSARIO,Rosario,Asfalto,S/D,II,Dentro,Urbana,S/D,S/D,Intersección,S/D,S/D,S/D,S/D,S/D,S/D,Colisión,S/D,S/D,S/D,S/D,POINT (-60.6855098 -32.94187949999999),"['San Juan', 'Servando Bayo']",2,San Juan; Servando Bayo,-32.94187949999999,-60.6855098,55.0,538.0,Municipio Rosario,Municipio,Rosario,820210,Servicio de Catastro e Información Territorial,IGN
2013,7255,2013-06-27,Jueves,0.0,08:20:00,,0.0,2,"Automóvil,Pickup/Utilitario",Mendoza Y Sucre,4,3,0,0,1,0,0,,Calle,,ROSARIO,Rosario,Asfalto,S/D,II,Dentro,Urbana,S/D,S/D,Intersección,S/D,S/D,S/D,S/D,S/D,S/D,Colisión,S/D,S/D,Cordón divisorio,S/D,POINT (-60.6913145 -32.94228029999999),"['Mendoza', 'Sucre']",2,Mendoza; Sucre,-32.94228029999999,-60.6913145,55.0,538.0,Municipio Rosario,Municipio,Rosario,820210,Servicio de Catastro e Información Territorial,IGN
2013,7256,2013-06-12,Miercoles,0.0,06:30:00,,0.0,2,"Pickup/Utilitario,Moto/Ciclomotor",Castellanos Y E.Zeballos,2,1,0,0,1,0,0,,Calle,,ROSARIO,Rosario,Asfalto,S/D,II,Dentro,Urbana,S/D,S/D,Intersección,S/D,S/D,Amanecer,S/D,S/D,S/D,Colisión,S/D,S/D,Ninguna,S/D,POINT (-60.67724419999999 -32.94837350000001),"['Aaron Castellanos', 'Zeballos']",2,Aaron Castellanos; Zeballos,-32.94837350000001,-60.67724419999999,55.0,538.0,Municipio Rosario,Municipio,Rosario,820210,Servicio de Catastro e Información Territorial,IGN
2013,7257,2013-06-14,Viernes,0.0,15:33:00,,0.0,2,"Moto/Ciclomotor,Automóvil",Carriego Y San Luis,3,2,0,0,1,0,0,,Calle,,ROSARIO,Rosario,Asfalto,S/D,II,Dentro,Urbana,S/D,S/D,Intersección,S/D,S/D,S/D,S/D,S/D,S/D,Colisión,S/D,S/D,Cordón divisorio,S/D,POINT (-60.6893133 -32.93999980000001),"['Carriego', 'San Luis']",2,Carriego; San Luis,-32.93999980000001,-60.6893133,55.0,538.0,Municipio Rosario,Municipio,Rosario,820210,Servicio de Catastro e Información Territorial,IGN
2013,7258,2013-06-19,Miercoles,0.0,20:20:00,,0.0,1,Moto/Ciclomotor,Laprida Y Lainez,2,2,0,0,0,0,0,,Calle,,ROSARIO,Rosario,Asfalto,No existe,II,Dentro,Urbana,Ninguna,No existe,Intersección,Resbaladiza,Reducida,Nocturna,S/D,Otro,S/D,"Despiste,Otro",Otro,Faltante,Ninguna,Sin restricción,POINT (-60.6468915 -33.00524060000001),"['Laprida', 'Láinez']",2,Francisco Narciso Laprida; Láinez,-33.00524060000001,-60.6468915,55.0,538.0,Municipio Rosario,Municipio,Rosario,820210,Servicio de Catastro e Información Territorial,IGN
2013,7259,2013-05-08,Miercoles,0.0,,,0.0,2,"Moto/Ciclomotor,Automóvil",Carriego Y Mendoza,2,1,0,0,1,0,0,,Calle,,ROSARIO,Rosario,Asfalto,S/D,II,Dentro,Urbana,S/D,S/D,Intersección,S/D,S/D,S/D,S/D,S/D,S/D,Colisión,S/D,S/D,S/D,S/D,POINT (-60.6899344 -32.9425285),"['Carriego', 'Mendoza']",2,Carriego; Mendoza,-32.9425285,-60.6899344,55.0,538.0,Municipio Rosario,Municipio,Rosario,820210,Servicio de Catastro e Información Territorial,IGN
2013,7260,2013-06-13,Jueves,0.0,07:00:00,,0.0,2,"Moto/Ciclomotor,Otros",San Martin Y Av. Circunvalacion,3,1,0,0,2,0,0,,Avenida,,ROSARIO,Rosario,Asfalto,Pavimento,II,Dentro,Urbana,Semáforo,Funciona,Intersección,Bueno,Buena,Amanecer,Buen Tiempo,Otro,S/D,Otro,S/D,Horizontal,Cordón divisorio,Sin restricción,POINT (-60.64178307863883 -33.0158888269654),"['San Martin', 'Circunvalacion']",2,José de San Martín; Avenida de Circunvalación 25 de Mayo,-33.0158888269654,-60.64178307863883,55.0,538.0,Municipio Rosario,Municipio,Rosario,820210,Servicio de Catastro e Información Territorial,IGN
2013,7261,2013-06-04,Martes,0.0,,,0.0,2,"Automóvil,Automóvil",9 De Julio Y Constitucion,5,4,0,0,1,0,0,,Calle,,ROSARIO,Rosario,Asfalto,S/D,II,Dentro,Urbana,S/D,S/D,Intersección,S/D,S/D,S/D,S/D,S/D,S/D,Colisión,S/D,S/D,S/D,S/D,POINT (-60.67555579999999 -32.9474772),"['9 de Julio', 'Constitución']",2,9 de Julio; Constitución,-32.9474772,-60.67555579999999,55.0,538.0,Municipio Rosario,Municipio,Rosario,820210,Servicio de Catastro e Información Territorial,IGN
2013,7262,2013-06-11,Martes,0.0,17:00:00,,0.0,2,"Moto/Ciclomotor,Pickup/Utilitario",Montevideo Y San Nicolas,3,2,0,0,1,0,0,,Calle,,ROSARIO,Rosario,Asfalto,S/D,II,Dentro,Urbana,S/D,S/D,Intersección,S/D,S/D,Diurna,S/D,S/D,S/D,Colisión,S/D,S/D,Cordón divisorio,S/D,POINT (-60.6747728 -32.950039699999984),"['Montevideo', 'San Nicolás']",2,Montevideo; San Nicolás,-32.950039699999984,-60.6747728,55.0,538.0,Municipio Rosario,Municipio,Rosario,820210,Servicio de Catastro e Información Territorial,IGN
2013,7263,2013-06-01,Sabado,0.0,13:30:00,,0.0,2,"Automóvil,Automóvil",Arequito 1000,2,1,0,0,1,0,0,,Calle,,ROSARIO,Rosario,Asfalto,No existe,II,Dentro,Urbana,Ninguna,No existe,Recta,Deteriorada,Buena,Diurna,Buen Tiempo,Otro,S/D,Colisión,S/D,Faltante,Ninguna,Sin restricción,"-33.0174008, -60.6502659",['Arequito 1000'],1,Arequito 1000,-33.0174008,-60.6502659,55.0,538.0,Municipio Rosario,Municipio,Rosario,820210,Servicio de Catastro e Información Territorial,IGN
2013,7264,2013-06-17,Lunes,0.0,08:15:00,,0.0,2,"Automóvil,Automóvil",Av. Pellegrini 3700,3,1,0,0,2,0,0,,Calle,,ROSARIO,Rosario,S/D,S/D,II,Dentro,Urbana,S/D,S/D,Intersección,S/D,S/D,S/D,S/D,S/D,S/D,Colisión,S/D,S/D,Cordón divisorio,S/D,"-32.9508498, -60.676236",['Pellegrini 3700'],1,Pellegrini 3700,-32.9508498,-60.676236,55.0,538.0,Municipio Rosario,Municipio,Rosario,820210,Servicio de Catastro e Información Territorial,IGN
2013,7265,2013-06-01,Sabado,0.0,12:45:00,,0.0,2,"Moto/Ciclomotor,Pickup/Utilitario",Av. Eva Peron Y Sucre,2,1,0,0,1,0,0,,Calle,,ROSARIO,Rosario,Asfalto,S/D,II,Dentro,Urbana,S/D,S/D,Intersección,S/D,S/D,Diurna,S/D,S/D,S/D,Colisión,S/D,S/D,Cordón divisorio,S/D,POINT (-60.6900284 -32.937143),"['Avenida Eva Perón', 'Sucre']",2,Avenida Eva Perón; Sucre,-32.937143,-60.6900284,55.0,538.0,Municipio Rosario,Municipio,Rosario,820210,Servicio de Catastro e Información Territorial,IGN
2013,7266,2013-06-06,Jueves,0.0,19:00:00,,0.0,2,"Moto/Ciclomotor,Peatón",Av. Francia Y Rioja,2,1,0,0,1,0,0,,Calle,,ROSARIO,Rosario,Asfalto,S/D,II,Dentro,Urbana,S/D,S/D,Intersección,S/D,S/D,S/D,S/D,S/D,S/D,Atropello,S/D,S/D,Cordón divisorio,S/D,POINT (-60.6657994 -32.942712),"['Avenida Francia', 'Rioja']",2,Avenida Francia; Rioja,-32.942712,-60.6657994,55.0,538.0,Municipio Rosario,Municipio,Rosario,820210,Servicio de Catastro e Información Territorial,IGN
2013,7268,2013-06-10,Lunes,0.0,10:00:00,,0.0,2,"Automóvil,Automóvil",Av. Pellegrini Y Gutenberg,2,1,0,0,1,0,0,,Avenida,,ROSARIO,Rosario,S/D,S/D,II,Dentro,Urbana,S/D,S/D,S/D,S/D,S/D,S/D,S/D,S/D,S/D,S/D,S/D,S/D,S/D,S/D,POINT (-60.690030349999994 -32.94847924999999),"['Pellegrini', 'Gutenberg']",2,Avenida Carlos Pellegrini; Gutenberg,-32.94847924999999,-60.69003035,55.0,538.0,Municipio Rosario,Municipio,Rosario,820210,Servicio de Catastro e Información Territorial,IGN
2013,7269,2013-06-17,Lunes,0.0,,,0.0,2,"Automóvil,Automóvil",Mendoza Y Lima,3,3,0,0,0,0,0,,Calle,,ROSARIO,Rosario,Asfalto,S/D,II,Dentro,Urbana,S/D,S/D,Intersección,S/D,S/D,S/D,S/D,S/D,S/D,S/D,S/D,S/D,Cordón divisorio,S/D,POINT (-60.6845195 -32.94350250000001),"['Mendoza', 'Lima']",2,Mendoza; Lima,-32.94350250000001,-60.6845195,55.0,538.0,Municipio Rosario,Municipio,Rosario,820210,Servicio de Catastro e Información Territorial,IGN
2013,7270,2013-06-02,Domingo,0.0,07:00:00,,0.0,2,"Taxi/Remis,Automóvil",Santiago Y 3 De Febrero,2,1,0,0,1,0,0,,Calle,,ROSARIO,Rosario,Asfalto,S/D,II,Dentro,Urbana,S/D,S/D,Intersección,S/D,S/D,S/D,S/D,S/D,S/D,Colisión,S/D,S/D,Ninguna,Sin restricción,POINT (-60.6576192 -32.9496077),"['Santiago', '3 de Febrero']",2,Santiago; 3 de Febrero,-32.9496077,-60.6576192,55.0,538.0,Municipio Rosario,Municipio,Rosario,820210,Servicio de Catastro e Información Territorial,IGN
2013,7271,2013-06-10,Lunes,0.0,12:30:00,,0.0,2,"Automóvil,Peatón",L.N.Alem Y 9 De Julio,2,1,0,0,1,0,0,,Calle,,ROSARIO,Rosario,Asfalto,S/D,II,Dentro,Urbana,S/D,S/D,Intersección,Bueno,Buena,Diurna,Buen Tiempo,Otro,S/D,Atropello,S/D,S/D,Cordón divisorio,S/D,POINT (-60.6301843 -32.9556276),"['Alem', '9 de Julio']",2,Leandro N. Alem; 9 de Julio,-32.9556276,-60.6301843,55.0,538.0,Municipio Rosario,Municipio,Rosario,820210,Servicio de Catastro e Información Territorial,IGN
2013,7272,2013-06-30,Domingo,0.0,03:25:00,,0.0,2,"Automóvil,Automóvil",Cordoba Y Pueyrredon,3,2,0,0,1,0,0,,Calle,,ROSARIO,Rosario,S/D,S/D,II,Dentro,Urbana,S/D,S/D,Intersección,S/D,S/D,S/D,S/D,S/D,S/D,Colisión,S/D,S/D,Cordón divisorio,S/D,POINT (-60.65737260000001 -32.94301),"['Córdoba', 'Pueyrredón']",2,Córdoba; Pueyrredón,-32.94301,-60.65737260000001,55.0,538.0,Municipio Rosario,Municipio,Rosario,820210,Servicio de Catastro e Información Territorial,IGN
2013,7274,2013-06-19,Miercoles,0.0,18:30:00,,0.0,2,"Moto/Ciclomotor,Automóvil",Av. Belgrano Y San Juan,3,1,0,0,2,0,0,,Calle,,ROSARIO,Rosario,S/D,S/D,II,Dentro,Urbana,S/D,S/D,Recta,Bueno,S/D,Diurna,S/D,Otro,S/D,Colisión,S/D,S/D,Barrera de alto impacto,S/D,POINT (-60.62691236666668 -32.952365066666665),"['Belgrano', 'San Juan']",2,Avenida Manuel Belgrano; San Juan,-32.952365066666665,-60.62691236666668,55.0,538.0,Municipio Rosario,Municipio,Rosario,820210,Servicio de Catastro e Información Territorial,IGN
2013,7275,2013-06-05,Miercoles,0.0,11:50:00,,0.0,2,"Automóvil,Automóvil",Pueyrredon Y Rioja,2,1,0,0,1,0,0,,Calle,,ROSARIO,Rosario,Asfalto,S/D,II,Dentro,Urbana,S/D,S/D,Intersección,S/D,S/D,S/D,S/D,S/D,S/D,Colisión,S/D,S/D,Cordón divisorio,S/D,POINT (-60.6576513 -32.944126799999985),"['Pueyrredón', 'Rioja']",2,Pueyrredón; Rioja,-32.944126799999985,-60.6576513,55.0,538.0,Municipio Rosario,Municipio,Rosario,820210,Servicio de Catastro e Información Territorial,IGN
2013,7276,2013-06-22,Sabado,0.0,20:45:00,,0.0,2,"Automóvil,Peatón",Buenos Aires Y Rioja,2,1,0,0,1,0,0,,Calle,,ROSARIO,Rosario,Asfalto,S/D,II,Dentro,Urbana,S/D,S/D,Intersección,Bueno,Buena,"Nocturna,Con luz artificial",S/D,Otro,S/D,Atropello,S/D,S/D,Cordón divisorio,S/D,POINT (-60.633047700000006 -32.94881029999999),"['Buenos Aires', 'Rioja']",2,Buenos Aires; Rioja,-32.94881029999999,-60.633047700000006,55.0,538.0,Municipio Rosario,Municipio,Rosario,820210,Servicio de Catastro e Información Territorial,IGN
2013,7277,2013-05-30,Jueves,0.0,12:30:00,,0.0,2,"Bicicleta,Automóvil",E.Zeballos Y San Nicolas,2,1,0,0,1,0,0,,Calle,,ROSARIO,Rosario,S/D,S/D,II,Dentro,Urbana,S/D,S/D,Intersección,S/D,S/D,S/D,S/D,S/D,S/D,Atropello,S/D,S/D,Cordón divisorio,S/D,POINT (-60.6744781 -32.9488731),"['Zeballos', 'San Nicolás']",2,Zeballos; San Nicolás,-32.9488731,-60.6744781,55.0,538.0,Municipio Rosario,Municipio,Rosario,820210,Servicio de Catastro e Información Territorial,IGN
2013,7278,2013-04-09,Martes,0.0,12:00:00,,0.0,2,"Automóvil,Automóvil",Pueyrredon Y Av. Pellegrini,2,1,0,0,1,0,0,,Avenida,,ROSARIO,Rosario,Asfalto,S/D,II,Dentro,Urbana,S/D,S/D,Intersección,S/D,S/D,S/D,S/D,S/D,S/D,Colisión,S/D,S/D,Cordón divisorio,S/D,POINT (-60.66011240000001 -32.95378149999999),"['Pueyrredón', 'Pellegrini']",2,Pueyrredón; Avenida Carlos Pellegrini,-32.95378149999999,-60.66011240000001,55.0,538.0,Municipio Rosario,Municipio,Rosario,820210,Servicio de Catastro e Información Territorial,IGN
2013,7279,2013-06-25,Martes,0.0,,,0.0,2,"Automóvil,Moto/Ciclomotor",Mendoza Y Sucre,2,1,0,0,1,0,0,,Calle,,ROSARIO,Rosario,Asfalto,S/D,II,Dentro,Urbana,S/D,S/D,Intersección,S/D,S/D,S/D,S/D,S/D,S/D,Colisión,S/D,S/D,Cordón divisorio,S/D,POINT (-60.6913145 -32.94228029999999),"['Mendoza', 'Sucre']",2,Mendoza; Sucre,-32.94228029999999,-60.6913145,55.0,538.0,Municipio Rosario,Municipio,Rosario,820210,Servicio de Catastro e Información Territorial,IGN
2013,7280,2013-05-08,Miercoles,0.0,,,0.0,2,"Moto/Ciclomotor,Moto/Ciclomotor",Caupolican Y Melincue,3,3,0,0,0,0,0,,Calle,,ROSARIO,Rosario,Asfalto,Natural,II,Dentro,Urbana,Ninguna,No existe,Intersección,Bueno,Buena,Atardecer,Buen Tiempo,Otro,S/D,Colisión,S/D,Faltante,Ninguna,Sin restricción,POINT (-60.6475719 -33.0098986),"['Caupolicán', 'Melincué']",2,Caupolicán; Melincué,-33.0098986,-60.6475719,55.0,538.0,Municipio Rosario,Municipio,Rosario,820210,Servicio de Catastro e Información Territorial,IGN
2013,7281,2013-05-19,Domingo,0.0,16:40:00,,0.0,2,"Automóvil,Moto/Ciclomotor",PAGO DE LOS ARROYOS Y JUAN PABLO II,3,2,0,0,1,0,0,,Calle,,ROSARIO,Rosario,Asfalto,No existe,II,Dentro,Urbana,Ninguna,No existe,Intersección,Deteriorada,Buena,Diurna,Buen Tiempo,Otro,S/D,Colisión,S/D,Faltante,Ninguna,Sin restricción,POINT (-60.6499056 -33.01593900000001),"['Pago de los Arroyos', 'Juan Pablo II']",2,Pago de los Arroyos; Colectora Juan Pablo II,-33.01593900000001,-60.6499056,55.0,538.0,Municipio Rosario,Municipio,Rosario,820210,Servicio de Catastro e Información Territorial,IGN
2013,7282,2013-06-10,Lunes,0.0,18:00:00,,0.0,1,,Rioja Y Pje. Gould,3,2,0,0,1,0,0,,Calle,,ROSARIO,Rosario,Asfalto,S/D,II,Dentro,Urbana,S/D,S/D,Intersección,S/D,S/D,S/D,S/D,S/D,S/D,Colisión,S/D,S/D,Cordón divisorio,S/D,POINT (-60.6703311 -32.9419157),"['Rioja', 'Gould']",2,Rioja; Gould,-32.9419157,-60.6703311,55.0,538.0,Municipio Rosario,Municipio,Rosario,820210,Servicio de Catastro e Información Territorial,IGN
2013,7283,2013-06-03,Lunes,0.0,,,0.0,2,"Pickup/Utilitario,Moto/Ciclomotor",Suipacha Y Rioja,2,1,0,0,1,0,0,,Calle,,ROSARIO,Rosario,Asfalto,S/D,II,Dentro,Urbana,S/D,S/D,Intersección,S/D,S/D,S/D,S/D,S/D,S/D,Colisión,S/D,S/D,Cordón divisorio,S/D,POINT (-60.66447840000001 -32.94294049999999),"['Suipacha', 'Rioja']",2,Suipacha; Rioja,-32.94294049999999,-60.66447840000001,55.0,538.0,Municipio Rosario,Municipio,Rosario,820210,Servicio de Catastro e Información Territorial,IGN
2013,7284,2013-06-28,Viernes,0.0,16:00:00,,0.0,4,"Taxi/Remis,Automóvil,Taxi/Remis,Automóvil",Av. Pellegrini Y Av. Corrientes,4,1,0,0,3,0,0,,Avenida,,ROSARIO,Rosario,Asfalto,S/D,II,S/D,Urbana,S/D,Funciona,Recta,Bueno,Buena,Diurna,S/D,Frontal,S/D,Colisión,S/D,Vertical,Cordón divisorio,Sin restricción,POINT (-60.645055850000006 -32.95655624999999),"['Pellegrini', 'Corrientes']",2,Avenida Carlos Pellegrini; Corrientes,-32.95655624999999,-60.645055850000006,55.0,538.0,Municipio Rosario,Municipio,Rosario,820210,Servicio de Catastro e Información Territorial,IGN
2013,7285,2013-05-07,Martes,0.0,13:45:00,,0.0,2,"Automóvil,Automóvil",Av. Arijon Y Entre Rios,3,3,0,0,0,0,0,,Calle,,ROSARIO,Rosario,Asfalto,No existe,II,Dentro,Urbana,Semáforo,Funciona,Intersección,Bueno,Buena,Diurna,Buen Tiempo,Otro,S/D,Colisión,S/D,Faltante,Línea divisoria pintada,Sin restricción,POINT (-60.6517823 -33.00314459999999),"['Avenida Manuel Arijón', 'Entre Ríos']",2,Avenida Manuel Arijón; Entre Ríos,-33.00314459999999,-60.6517823,55.0,538.0,Municipio Rosario,Municipio,Rosario,820210,Servicio de Catastro e Información Territorial,IGN
2013,7286,2013-06-10,Lunes,0.0,18:00:00,,0.0,2,"Moto/Ciclomotor,Automóvil",Rioja Y Pje. Gould,3,2,0,0,1,0,0,,Calle,,ROSARIO,Rosario,Asfalto,S/D,II,Dentro,Urbana,S/D,S/D,Intersección,S/D,S/D,S/D,S/D,S/D,S/D,Colisión,S/D,S/D,Cordón divisorio,S/D,POINT (-60.6703311 -32.9419157),"['Rioja', 'Gould']",2,Rioja; Gould,-32.9419157,-60.6703311,55.0,538.0,Municipio Rosario,Municipio,Rosario,820210,Servicio de Catastro e Información Territorial,IGN