anio_acci,nro_acci,fecha,desc_dia,fecha_aprox,hora_aprox,desc_ruta,km,cant_participantes,desc_participante,calle_avenida_km,total,heridos_leves,heridos_graves,heridos_gravisimos,ilesos,fallecidos,sin_datos,posicion_XY,desc_tipo_via,desc_ruta_ori,desc_loc,desc_dpto,desc_tipo_calzada,desc_tipo_banquina,desc_unidad_regional,desc_lugar_calzada,desc_zona,desc_prioridad,desc_estado_semaforo,desc_lugar_via,desc_estado_via,desc_estado_visibilidad,desc_luminosidad,desc_estado_clima,desc_tipo_colision,desc_tipo_atropello,desc_tipo_hecho,desc_pres_calzada,desc_senializacion,desc_separacion_via,desc_restriccion,forma_geocod,calle_lista,numero_calles,calles_osm,lat,lon,index_right,gid,fna,gna,nam,in1,fdc,sag
2013,7287,2013-05-29,Miercoles,0.0,22:00:00,,0.0,2,"Moto/Ciclomotor,Automóvil",Av. Arijon Y Mariano Moreno,2,1,0,0,1,0,0,,Avenida,,ROSARIO,Rosario,S/D,S/D,II,S/D,Urbana,S/D,S/D,S/D,S/D,Buena,"Nocturna,Con luz artificial",Buen Tiempo,Lateral,S/D,Colisión,S/D,S/D,S/D,S/D,POINT (-60.6618893 -33.003447599999994),"['Avenida Manuel Arijón', 'Mariano Moreno']",2,Avenida Manuel Arijón; Mariano Moreno,-33.003447599999994,-60.6618893,55.0,538.0,Municipio Rosario,Municipio,Rosario,820210,Servicio de Catastro e Información Territorial,IGN
2013,7288,2013-05-14,Martes,0.0,17:30:00,,0.0,2,"Moto/Ciclomotor,Automóvil",San Martin Y Av. Arijon,3,2,0,0,1,0,0,,Calle,,ROSARIO,Rosario,Asfalto,No existe,II,Dentro,Urbana,Semáforo,Funciona,Intersección,Bueno,Buena,Diurna,Buen Tiempo,Otro,S/D,Colisión,S/D,Faltante,Ninguna,Sin restricción,POINT (-60.649363550000004 -33.003052149999995),"['San Martin', 'Avenida Manuel Arijón']",2,José de San Martín; Avenida Manuel Arijón,-33.003052149999995,-60.64936355,55.0,538.0,Municipio Rosario,Municipio,Rosario,820210,Servicio de Catastro e Información Territorial,IGN
2013,7289,2013-06-17,Lunes,0.0,12:30:00,,0.0,2,"Moto/Ciclomotor,Automóvil",Bv. Oroño Y San Luis,2,1,0,0,1,0,0,,Calle,,ROSARIO,Rosario,Asfalto,S/D,II,Dentro,Urbana,Semáforo,Funciona,Recta,Bueno,Buena,Diurna,Buen Tiempo,"De alcance,Frontal",S/D,Colisión,S/D,Vertical,Cordón divisorio,Sin restricción,POINT (-60.6539474 -32.946329600000006),"['Bulevar Nicasio Oroño', 'San Luis']",2,Bulevar Nicasio Oroño; San Luis,-32.946329600000006,-60.6539474,55.0,538.0,Municipio Rosario,Municipio,Rosario,820210,Servicio de Catastro e Información Territorial,IGN
2013,7290,2013-05-17,Viernes,0.0,12:20:00,,0.0,2,"Automóvil,Automóvil",Av. Arijon Y Pje. M.Suarez,4,1,0,0,3,0,0,,Avenida,,ROSARIO,Rosario,Asfalto,No existe,II,Dentro,Urbana,Ninguna,No existe,Recta,Bueno,Buena,Diurna,Buen Tiempo,De alcance,S/D,Colisión,S/D,S/D,Línea divisoria pintada,Sin restricción,POINT (-60.6625211 -33.00346749999999),"['Avenida Manuel Arijón', 'Suarez']",2,Avenida Manuel Arijón; Manuel Suárez,-33.00346749999999,-60.6625211,55.0,538.0,Municipio Rosario,Municipio,Rosario,820210,Servicio de Catastro e Información Territorial,IGN
2013,7291,2013-05-10,Viernes,0.0,19:00:00,,0.0,2,"Camión,Pickup/Utilitario",Av. Ovidio Lagos 5450,2,1,0,0,1,0,0,,S/D,,ROSARIO,Rosario,Asfalto,No existe,II,S/D,S/D,Ninguna,No existe,Recta,Bueno,Buena,Nocturna,Buen Tiempo,De alcance,S/D,Colisión,Otro,Horizontal,Cordón divisorio,Sin restricción,"-33.0259193, -60.6809495",['Ovidio Lagos 5450'],1,Ovidio Lagos 5450,-33.0259193,-60.6809495,55.0,538.0,Municipio Rosario,Municipio,Rosario,820210,Servicio de Catastro e Información Territorial,IGN
2013,7292,2013-05-15,Miercoles,0.0,19:30:00,,0.0,2,"Taxi/Remis,Moto/Ciclomotor",Bv. 27 De Febrero Y Buenos Aires,3,2,0,0,1,0,0,,Avenida,,ROSARIO,Rosario,Asfalto,No existe,II,Dentro,Urbana,Semáforo,Funciona,Recta,Bueno,Buena,Nocturna,Buen Tiempo,Lateral,S/D,Colisión,S/D,Vertical,S/D,Sin restricción,POINT (-60.638013349999994 -32.9685675),"['27 de Febrero', 'Buenos Aires']",2,Bulevar 27 de Febrero; Buenos Aires,-32.9685675,-60.63801335,55.0,538.0,Municipio Rosario,Municipio,Rosario,820210,Servicio de Catastro e Información Territorial,IGN
2013,7293,2013-06-23,Domingo,0.0,19:00:00,,0.0,2,"Automóvil,Moto/Ciclomotor",Crespo Y Av. Pellegrini,2,1,0,0,1,0,0,,Avenida,,ROSARIO,Rosario,Asfalto,S/D,II,Dentro,Urbana,S/D,S/D,Intersección,S/D,S/D,Nocturna,S/D,S/D,S/D,Colisión,S/D,S/D,Cordón divisorio,S/D,POINT (-60.670978700000006 -32.951893749999996),"['Crespo', 'Pellegrini']",2,Crespo; Avenida Carlos Pellegrini,-32.95189375,-60.670978700000006,55.0,538.0,Municipio Rosario,Municipio,Rosario,820210,Servicio de Catastro e Información Territorial,IGN
2013,7294,2013-06-03,Lunes,0.0,,,0.0,2,"Automóvil,Taxi/Remis",Cordoba Y Suipacha,4,1,0,0,3,0,0,,Calle,,ROSARIO,Rosario,Asfalto,S/D,II,Dentro,Urbana,S/D,S/D,Intersección,S/D,S/D,S/D,S/D,S/D,S/D,Colisión,S/D,S/D,Cordón divisorio,S/D,POINT (-60.6642044 -32.9417837),"['Córdoba', 'Suipacha']",2,Córdoba; Suipacha,-32.9417837,-60.6642044,55.0,538.0,Municipio Rosario,Municipio,Rosario,820210,Servicio de Catastro e Información Territorial,IGN
2013,7296,2013-05-03,Viernes,0.0,13:15:00,,0.0,2,"Automóvil,Pickup/Utilitario",Av. Battle y Ordoñez Y Entre Rios,2,1,0,0,0,0,1,,Avenida,,ROSARIO,Rosario,Asfalto,No existe,II,Dentro,Urbana,Ninguna,No existe,Intersección,Bueno,Buena,Diurna,S/D,Frontal,S/D,Colisión,S/D,Faltante,Cordón divisorio,Sin restricción,POINT (-60.651645650000006 -33.00894785),"['Avenida Battle y Ordoñez', 'Entre Ríos']",2,Avenida Battle y Ordoñez; Entre Ríos,-33.00894785,-60.651645650000006,55.0,538.0,Municipio Rosario,Municipio,Rosario,820210,Servicio de Catastro e Información Territorial,IGN
2013,7297,2013-06-29,Sabado,0.0,13:00:00,,0.0,2,"Taxi/Remis,Peatón",9 De Julio 900,2,1,0,0,1,0,0,,Calle,,ROSARIO,Rosario,Asfalto,S/D,II,Dentro,Urbana,S/D,S/D,Recta,Bueno,S/D,Diurna,S/D,Otro,S/D,Atropello,S/D,S/D,Cordón divisorio,S/D,"-32.9543787, -60.637101",['9 De Julio 900'],1,9 De Julio 900,-32.9543787,-60.637101,55.0,538.0,Municipio Rosario,Municipio,Rosario,820210,Servicio de Catastro e Información Territorial,IGN
2013,7298,2013-06-29,Sabado,0.0,04:00:00,,0.0,2,"Automóvil,Taxi/Remis",Santa Fe Y España,2,1,0,0,1,0,0,,Calle,,ROSARIO,Rosario,Asfalto,S/D,II,Dentro,Urbana,Semáforo,Funciona,Intersección,Bueno,S/D,"Nocturna,Con luz artificial",Buen Tiempo,Lateral,S/D,Colisión,S/D,Vertical,Cordón divisorio,Sin restricción,POINT (-60.6461476 -32.943604900000004),"['Santa Fe', 'España']",2,Santa Fe; España,-32.943604900000004,-60.6461476,55.0,538.0,Municipio Rosario,Municipio,Rosario,820210,Servicio de Catastro e Información Territorial,IGN
2013,7299,2013-05-01,Miercoles,1.0,07:55:00,,0.0,2,"Moto/Ciclomotor,Automóvil",Paraguay Y Padre R. Giaccone,3,1,0,0,2,0,0,,Calle,,ROSARIO,Rosario,Asfalto,No existe,II,Dentro,Urbana,Ninguna,No existe,Intersección,Deteriorada,Reducida,Amanecer,Buen Tiempo,Otro,S/D,Colisión,S/D,Faltante,Ninguna,Sin restricción,POINT (-60.65448500000001 -33.0081319),"['Paraguay', 'Padre R. Giaccone']",2,Paraguay; Padre R. Giaccone,-33.0081319,-60.65448500000001,55.0,538.0,Municipio Rosario,Municipio,Rosario,820210,Servicio de Catastro e Información Territorial,IGN
2013,7300,2013-05-20,Lunes,0.0,15:30:00,,0.0,2,"Bicicleta,Automóvil",Dorrego Y Hilarion de la Quintana,2,1,0,0,1,0,0,,Calle,,ROSARIO,Rosario,Asfalto,S/D,II,Dentro,Urbana,S/D,S/D,Intersección,Bueno,S/D,Diurna,Buen Tiempo,S/D,S/D,Atropello,S/D,S/D,S/D,S/D,POINT (-60.6605745 -33.0014204),"['Dorrego', 'Hilarión de la Quintana']",2,Manuel Dorrego; Hilarión de la Quintana,-33.0014204,-60.6605745,55.0,538.0,Municipio Rosario,Municipio,Rosario,820210,Servicio de Catastro e Información Territorial,IGN
2013,7301,2013-05-11,Sabado,0.0,08:00:00,,0.0,2,"Automóvil,Pickup/Utilitario",Necochea 2300,3,2,0,0,1,0,0,,Calle,,ROSARIO,Rosario,Asfalto,No existe,II,Dentro,Urbana,Ninguna,No existe,Recta,Bueno,Buena,Diurna,Buen Tiempo,De alcance,S/D,Colisión,S/D,Faltante,Ninguna,Sin restricción,"-32.9665366, -60.6286166",['Necochea 2300'],1,Necochea 2300,-32.9665366,-60.6286166,55.0,538.0,Municipio Rosario,Municipio,Rosario,820210,Servicio de Catastro e Información Territorial,IGN
2013,7302,2013-06-04,Martes,0.0,13:15:00,,0.0,2,"Automóvil,Moto/Ciclomotor",Cafferata Y 9 De Julio,2,1,0,0,1,0,0,,Calle,,ROSARIO,Rosario,Asfalto,S/D,II,Dentro,Urbana,S/D,S/D,Intersección,S/D,S/D,Diurna,S/D,S/D,S/D,Colisión,S/D,S/D,Ninguna,S/D,POINT (-60.672821500000005 -32.9479728),"['Cafferata', '9 de Julio']",2,Cafferata; 9 de Julio,-32.9479728,-60.672821500000005,55.0,538.0,Municipio Rosario,Municipio,Rosario,820210,Servicio de Catastro e Información Territorial,IGN
2013,7303,2013-05-15,Miercoles,0.0,10:50:00,,0.0,2,"Automóvil,Moto/Ciclomotor",Necochea Y Cochabamba,2,1,0,0,1,0,0,,Calle,,ROSARIO,Rosario,Asfalto,No existe,II,Dentro,Urbana,Señal Pare,No existe,Intersección,Bueno,Buena,Diurna,Buen Tiempo,Lateral,S/D,Colisión,S/D,Vertical,Ninguna,Sin restricción,POINT (-60.62717440000001 -32.960948899999984),"['Necochea', 'Cochabamba']",2,Necochea; Cochabamba,-32.960948899999984,-60.62717440000001,55.0,538.0,Municipio Rosario,Municipio,Rosario,820210,Servicio de Catastro e Información Territorial,IGN
2013,7304,2013-06-23,Domingo,0.0,,,0.0,2,"Automóvil,Automóvil",Suipacha Y Rioja,5,5,0,0,0,0,0,,Calle,,ROSARIO,Rosario,S/D,S/D,II,Dentro,Urbana,S/D,S/D,Intersección,S/D,S/D,S/D,S/D,S/D,S/D,Colisión,S/D,S/D,S/D,S/D,POINT (-60.66447840000001 -32.94294049999999),"['Suipacha', 'Rioja']",2,Suipacha; Rioja,-32.94294049999999,-60.66447840000001,55.0,538.0,Municipio Rosario,Municipio,Rosario,820210,Servicio de Catastro e Información Territorial,IGN
2013,7305,2013-05-03,Viernes,0.0,18:40:00,,0.0,2,"Automóvil,Moto/Ciclomotor",San Martin 2900,3,1,0,0,2,0,0,,Avenida,,ROSARIO,Rosario,Asfalto,S/D,II,Dentro,Urbana,S/D,S/D,Recta,Bueno,Buena,Atardecer,Buen Tiempo,De alcance,S/D,Colisión,S/D,S/D,S/D,S/D,"-32.9764777, -60.6372639",['San Martin 2900'],1,San Martin 2900,-32.9764777,-60.6372639,55.0,538.0,Municipio Rosario,Municipio,Rosario,820210,Servicio de Catastro e Información Territorial,IGN
2013,7306,2013-05-02,Jueves,0.0,18:00:00,,0.0,2,"Moto/Ciclomotor,Automóvil",Entre Rios Y Sanchez de Bustamante,3,2,0,0,1,0,0,,Calle,,ROSARIO,Rosario,Asfalto,No existe,II,Dentro,Urbana,Ninguna,No existe,Recta,Bueno,Buena,Atardecer,Buen Tiempo,Lateral,S/D,Colisión,S/D,Faltante,Ninguna,Sin restricción,POINT (-60.6518161 -33.002103999999996),"['Entre Ríos', 'Sánchez de Bustamante']",2,Entre Ríos; Sánchez de Bustamante,-33.002104,-60.6518161,55.0,538.0,Municipio Rosario,Municipio,Rosario,820210,Servicio de Catastro e Información Territorial,IGN
2013,7307,2013-05-10,Viernes,0.0,09:45:00,,0.0,2,"Moto/Ciclomotor,Automóvil",L.N.Alem Y Ocampo,2,1,0,0,1,0,0,,Calle,,ROSARIO,Rosario,Asfalto,No existe,II,Dentro,Urbana,Señal Pare,No existe,Intersección,Bueno,Buena,Diurna,Buen Tiempo,Lateral,S/D,Colisión,S/D,Horizontal,Ninguna,Sin restricción,POINT (-60.6333137 -32.9682159),"['Alem', 'Ocampo']",2,Leandro N. Alem; Ocampo,-32.9682159,-60.6333137,55.0,538.0,Municipio Rosario,Municipio,Rosario,820210,Servicio de Catastro e Información Territorial,IGN
2013,7309,2013-06-04,Martes,0.0,12:45:00,,0.0,2,"Moto/Ciclomotor,Automóvil",Callao 1000,2,1,0,0,1,0,0,,Calle,,ROSARIO,Rosario,Asfalto,S/D,II,Dentro,Urbana,S/D,S/D,Intersección,S/D,S/D,Diurna,S/D,S/D,S/D,Colisión,S/D,S/D,Ninguna,S/D,"-32.9449876, -60.6608092",['Callao 1000'],1,Callao 1000,-32.9449876,-60.6608092,55.0,538.0,Municipio Rosario,Municipio,Rosario,820210,Servicio de Catastro e Información Territorial,IGN
2013,7310,2013-06-30,Domingo,0.0,13:05:00,,0.0,2,"Automóvil,Peatón",Italia Y Rioja,2,1,0,0,1,0,0,,Calle,,ROSARIO,Rosario,Asfalto,S/D,II,Dentro,Urbana,Paso Peatonal,No existe,Intersección,Bueno,S/D,Diurna,Buen Tiempo,S/D,S/D,Atropello,S/D,Faltante,Cordón divisorio,Sin restricción,POINT (-60.6481592 -32.945870500000005),"['Italia', 'Rioja']",2,Italia; Rioja,-32.945870500000005,-60.6481592,55.0,538.0,Municipio Rosario,Municipio,Rosario,820210,Servicio de Catastro e Información Territorial,IGN
2013,7311,2013-05-04,Sabado,0.0,19:30:00,,0.0,3,"Automóvil,Automóvil,Automóvil",Ituzaingo Y Mitre,4,3,0,0,1,0,0,,Calle,,ROSARIO,Rosario,Asfalto,S/D,II,Dentro,Urbana,S/D,S/D,Recta,Bueno,Buena,Nocturna,Buen Tiempo,De alcance,S/D,Colisión,S/D,S/D,S/D,S/D,POINT (-60.64316469999999 -32.96049219999998),"['Ituzaingó', 'Mitre']",2,Ituzaingó; Bartolomé Mitre,-32.96049219999998,-60.64316469999999,55.0,538.0,Municipio Rosario,Municipio,Rosario,820210,Servicio de Catastro e Información Territorial,IGN
2013,7312,2013-05-06,Lunes,0.0,17:00:00,,0.0,2,"Taxi/Remis,Moto/Ciclomotor",Av. Ovidio Lagos 5300,2,1,0,0,1,0,0,,Avenida,,ROSARIO,Rosario,Asfalto,No existe,II,S/D,Urbana,Ninguna,Funciona,Intersección,Bueno,Buena,Diurna,Buen Tiempo,Lateral,S/D,Colisión,S/D,Vertical,Línea divisoria pintada,Sin restricción,"-33.0000176, -60.6749952",['Ovidio Lagos 5300'],1,Ovidio Lagos 5300,-33.0000176,-60.6749952,55.0,538.0,Municipio Rosario,Municipio,Rosario,820210,Servicio de Catastro e Información Territorial,IGN
2013,7313,2013-06-26,Miercoles,0.0,18:05:00,,0.0,2,"Transporte de Pasajeros Urbano (> 8 asientos),Automóvil",San Juan 1200,2,1,0,0,1,0,0,,Calle,,ROSARIO,Rosario,Asfalto,S/D,II,Dentro,Urbana,S/D,No existe,Recta,Bueno,S/D,Atardecer,Buen Tiempo,Frontal,S/D,Colisión,S/D,Faltante,Cordón divisorio,Sin restricción,"-32.9498735, -60.6404051",['San Juan 1200'],1,San Juan 1200,-32.9498735,-60.6404051,55.0,538.0,Municipio Rosario,Municipio,Rosario,820210,Servicio de Catastro e Información Territorial,IGN
2013,7314,2013-06-29,Sabado,0.0,,,0.0,2,"Bicicleta,Moto/Ciclomotor",Callao Y Av. Battle y Ordoñez,2,1,0,0,1,0,0,,Calle,,ROSARIO,Rosario,Asfalto,S/D,II,Dentro,Urbana,S/D,S/D,Intersección,Bueno,S/D,S/D,S/D,S/D,S/D,Atropello,S/D,S/D,S/D,S/D,POINT (-60.6710438 -33.00954819999999),"['Callao', 'Avenida Battle y Ordoñez']",2,Callao; Avenida Battle y Ordoñez,-33.00954819999999,-60.6710438,55.0,538.0,Municipio Rosario,Municipio,Rosario,820210,Servicio de Catastro e Información Territorial,IGN
2013,7315,2013-06-07,Viernes,0.0,14:20:00,,0.0,2,"Moto/Ciclomotor,Automóvil","AV. OV, LAGOS Y RUIZ DR. FERNANDO",2,1,0,0,1,0,0,,Avenida,,ROSARIO,Rosario,Asfalto,Natural,II,Dentro,Urbana,S/D,S/D,Intersección,Bueno,Buena,Diurna,Buen Tiempo,Lateral,S/D,Colisión,S/D,Vertical,S/D,S/D,POINT (-60.67828626666667 -33.0138026),"['Avenida Ovidio Lagos', 'Ruiz']",2,Avenida Ovidio Lagos; Doctor Fernando Ruiz,-33.0138026,-60.67828626666667,55.0,538.0,Municipio Rosario,Municipio,Rosario,820210,Servicio de Catastro e Información Territorial,IGN
2013,7316,2013-05-14,Martes,0.0,22:50:00,,0.0,2,"Automóvil,Moto/Ciclomotor",Riobamba Y Buenos Aires,2,1,0,0,1,0,0,,Calle,,ROSARIO,Rosario,Asfalto,S/D,II,Dentro,Urbana,Ninguna,S/D,Intersección,Bueno,S/D,S/D,Buen Tiempo,Lateral,S/D,Colisión,S/D,S/D,Ninguna,Sin restricción,POINT (-60.6368644 -32.963997699999986),"['Riobamba', 'Buenos Aires']",2,Riobamba; Buenos Aires,-32.963997699999986,-60.6368644,55.0,538.0,Municipio Rosario,Municipio,Rosario,820210,Servicio de Catastro e Información Territorial,IGN
2013,7317,2013-05-24,Viernes,0.0,15:30:00,,0.0,2,"Automóvil,Moto/Ciclomotor",Av. Ovidio Lagos Y Sanchez de Bustamante,2,1,0,0,1,0,0,,S/D,,ROSARIO,Rosario,Asfalto,No existe,II,S/D,S/D,Ninguna,No existe,Cruce,Bueno,Buena,Diurna,Buen Tiempo,Lateral,S/D,Colisión,S/D,Vertical,Línea divisoria pintada,Sin restricción,POINT (-60.675914750000004 -33.00281285),"['Avenida Ovidio Lagos', 'Sánchez de Bustamante']",2,Avenida Ovidio Lagos; Sánchez de Bustamante,-33.00281285,-60.67591475,55.0,538.0,Municipio Rosario,Municipio,Rosario,820210,Servicio de Catastro e Información Territorial,IGN
2013,7318,2013-05-03,Viernes,0.0,17:30:00,,0.0,2,"Automóvil,Moto/Ciclomotor",Buenos Aires Y Riobamba,2,1,0,0,1,0,0,,Calle,,ROSARIO,Rosario,Asfalto,No existe,II,Dentro,Urbana,Señal Pare,No existe,Intersección,Bueno,Buena,Atardecer,Buen Tiempo,Lateral,S/D,Colisión,S/D,Vertical,Ninguna,Sin restricción,POINT (-60.6368644 -32.963997699999986),"['Buenos Aires', 'Riobamba']",2,Buenos Aires; Riobamba,-32.963997699999986,-60.6368644,55.0,538.0,Municipio Rosario,Municipio,Rosario,820210,Servicio de Catastro e Información Territorial,IGN
2013,7319,2013-06-25,Martes,0.0,11:45:00,,0.0,2,"Automóvil,Automóvil",9 De Julio Y Pte.Roca,2,1,0,0,1,0,0,,Calle,,ROSARIO,Rosario,Asfalto,S/D,II,Dentro,Urbana,Ninguna,No existe,Intersección,S/D,S/D,Diurna,Buen Tiempo,Lateral,S/D,Colisión,S/D,Faltante,S/D,Sin restricción,POINT (-60.64696059999999 -32.9526213),"['9 de Julio', 'Roca']",2,9 de Julio; Presidente Roca,-32.9526213,-60.64696059999999,55.0,538.0,Municipio Rosario,Municipio,Rosario,820210,Servicio de Catastro e Información Territorial,IGN
2013,7320,2013-06-22,Sabado,0.0,15:15:00,,0.0,2,"Automóvil,Automóvil",Suipacha Y E.Zeballos,2,1,0,0,1,0,0,,Calle,,ROSARIO,Rosario,S/D,S/D,II,Dentro,Urbana,S/D,S/D,Intersección,S/D,S/D,Diurna,S/D,S/D,S/D,Colisión,S/D,S/D,S/D,S/D,POINT (-60.66630880000001 -32.9503432),"['Suipacha', 'Zeballos']",2,Suipacha; Zeballos,-32.9503432,-60.66630880000001,55.0,538.0,Municipio Rosario,Municipio,Rosario,820210,Servicio de Catastro e Información Territorial,IGN
2013,7321,2013-06-05,Miercoles,0.0,12:00:00,,0.0,2,"Bicicleta,Automóvil",Alsina Y Mendoza,2,1,0,0,1,0,0,,Calle,,ROSARIO,Rosario,S/D,S/D,II,Dentro,Urbana,S/D,S/D,Intersección,S/D,S/D,Diurna,S/D,S/D,S/D,Atropello,S/D,S/D,Ninguna,S/D,POINT (-60.67769160000001 -32.94473060000001),"['Alsina', 'Mendoza']",2,Alsina; Mendoza,-32.94473060000001,-60.67769160000001,55.0,538.0,Municipio Rosario,Municipio,Rosario,820210,Servicio de Catastro e Información Territorial,IGN
2013,7322,2013-05-04,Sabado,0.0,20:00:00,,0.0,2,"Moto/Ciclomotor,Automóvil",Av. Corrientes Y Cochabamba,3,1,0,0,2,0,0,,Calle,,ROSARIO,Rosario,Asfalto,S/D,II,Dentro,Urbana,S/D,S/D,Recta,Bueno,Buena,Nocturna,Buen Tiempo,De alcance,S/D,Colisión,S/D,S/D,S/D,S/D,POINT (-60.6453441 -32.9576917),"['Corrientes', 'Cochabamba']",2,Corrientes; Cochabamba,-32.9576917,-60.6453441,55.0,538.0,Municipio Rosario,Municipio,Rosario,820210,Servicio de Catastro e Información Territorial,IGN
2013,7323,2013-06-27,Jueves,0.0,11:40:00,,0.0,1,Transporte de Pasajeros Urbano (> 8 asientos),San Luis Y Sarmiento,2,1,0,0,1,0,0,,Calle,,ROSARIO,Rosario,Asfalto,S/D,II,Dentro,Urbana,Ninguna,No existe,Intersección,Bueno,S/D,Diurna,Buen Tiempo,Otro,S/D,Caída ocupante,S/D,Faltante,Cordón divisorio,Sin restricción,POINT (-60.6388307 -32.949042999999996),"['San Luis', 'Sarmiento']",2,San Luis; Sarmiento,-32.949043,-60.6388307,55.0,538.0,Municipio Rosario,Municipio,Rosario,820210,Servicio de Catastro e Información Territorial,IGN
2013,7324,2013-05-08,Miercoles,0.0,12:00:00,,0.0,2,"Moto/Ciclomotor,Automóvil",Mariano Moreno Y Madre Cabrini,2,1,0,0,1,0,0,,Calle,,ROSARIO,Rosario,Asfalto,No existe,II,Dentro,Urbana,Ninguna,No existe,Recta,Bueno,Buena,Diurna,Buen Tiempo,Lateral,S/D,Despiste,S/D,S/D,Ninguna,Sin restricción,POINT (-60.6618514 -33.005393899999994),"['Mariano Moreno', 'Madre Cabrini']",2,Mariano Moreno; Madre Cabrini,-33.005393899999994,-60.6618514,55.0,538.0,Municipio Rosario,Municipio,Rosario,820210,Servicio de Catastro e Información Territorial,IGN
2013,7325,2013-05-12,Domingo,0.0,14:00:00,,0.0,2,"Pickup/Utilitario,Pickup/Utilitario",Pasco Y L.N.Alem,3,1,0,0,2,0,0,,Calle,,ROSARIO,Rosario,Asfalto,No existe,II,Dentro,Urbana,Señal Pare,No existe,Intersección,Bueno,Buena,Diurna,Buen Tiempo,Lateral,S/D,Colisión,S/D,Horizontal,Ninguna,Sin restricción,POINT (-60.6315826 -32.9613524),"['Pasco', 'Alem']",2,Pasco; Leandro N. Alem,-32.9613524,-60.6315826,55.0,538.0,Municipio Rosario,Municipio,Rosario,820210,Servicio de Catastro e Información Territorial,IGN
2013,7326,2013-06-20,Jueves,0.0,19:30:00,,0.0,2,"Moto/Ciclomotor,Automóvil",Santa Fe Y Italia,2,1,0,0,1,0,0,,Calle,,ROSARIO,Rosario,Asfalto,S/D,II,S/D,Urbana,Semáforo,Funciona,Intersección,Bueno,Buena,"Nocturna,Con luz artificial",Buen Tiempo,Lateral,S/D,Colisión,S/D,Vertical,S/D,Sin restricción,POINT (-60.6475241 -32.94334839999999),"['Santa Fe', 'Italia']",2,Santa Fe; Italia,-32.94334839999999,-60.6475241,55.0,538.0,Municipio Rosario,Municipio,Rosario,820210,Servicio de Catastro e Información Territorial,IGN
2013,7328,2013-05-03,Viernes,0.0,07:20:00,,0.0,2,"Peatón,Transporte de Pasajeros",Buenos Aires Y Av. Pellegrini,2,1,0,0,0,0,1,,Avenida,,ROSARIO,Rosario,Asfalto,No existe,II,Dentro,Urbana,Semáforo,Funciona,Intersección,Bueno,Buena,Diurna,Lluvia,S/D,S/D,Atropello,S/D,Vertical,Ninguna,Sin restricción,POINT (-60.63639453333334 -32.982757233333324),"['Buenos Aires', 'Pellegrini']",2,Buenos Aires; Avenida Carlos Pellegrini,-32.982757233333324,-60.63639453333334,55.0,538.0,Municipio Rosario,Municipio,Rosario,820210,Servicio de Catastro e Información Territorial,IGN
2013,7329,2013-05-11,Sabado,0.0,08:35:00,,0.0,2,"Moto/Ciclomotor,Transporte de Pasajeros Urbano (> 8 asientos)",San Martin Y Amenabar,3,0,0,0,2,1,0,,Calle,,ROSARIO,Rosario,Asfalto,No existe,II,Dentro,Urbana,S/D,No existe,Intersección,Bueno,Buena,Diurna,Buen Tiempo,De alcance,S/D,Colisión,S/D,S/D,"Ninguna,S/D",S/D,POINT (-60.6431535 -32.972471699999986),"['San Martin', 'Amenabar']",2,"('José de San Martín', 'José de Amenábar')",-32.972471699999986,-60.6431535,55.0,538.0,Municipio Rosario,Municipio,Rosario,820210,Servicio de Catastro e Información Territorial,IGN
2013,7330,2013-05-22,Miercoles,0.0,,,0.0,2,"Bicicleta,Automóvil",San Nicolas 2638,2,1,0,0,1,0,0,,Calle,,ROSARIO,Rosario,Asfalto,S/D,II,Dentro,Urbana,S/D,S/D,Recta,S/D,S/D,S/D,S/D,S/D,S/D,Atropello,S/D,S/D,S/D,S/D,"-32.96202167755102, -60.677866465306124",['San Nicolas 2638'],1,San Nicolas 2638,-32.96202167755102,-60.67786646530613,55.0,538.0,Municipio Rosario,Municipio,Rosario,820210,Servicio de Catastro e Información Territorial,IGN
2013,7331,2013-05-04,Sabado,0.0,16:40:00,,0.0,2,"Pickup/Utilitario,Moto/Ciclomotor",Sarmiento Y Virasoro,2,1,0,0,1,0,0,,Calle,,ROSARIO,Rosario,Asfalto,S/D,II,Dentro,Urbana,S/D,S/D,Intersección,Bueno,Buena,Diurna,Buen Tiempo,De alcance,S/D,Colisión,S/D,S/D,S/D,S/D,POINT (-60.6440624 -32.969927),"['Sarmiento', 'Virasoro']",2,Sarmiento; Benjamín Virasoro,-32.969927,-60.6440624,55.0,538.0,Municipio Rosario,Municipio,Rosario,820210,Servicio de Catastro e Información Territorial,IGN
2013,7332,2013-06-24,Lunes,0.0,18:00:00,,0.0,2,"Automóvil,Moto/Ciclomotor",Italia Y San Luis,4,1,0,0,3,0,0,,Calle,,ROSARIO,Rosario,Asfalto,S/D,II,Dentro,Urbana,Ninguna,S/D,Intersección,Bueno,Buena,Atardecer,Buen Tiempo,Lateral,S/D,Colisión,S/D,Faltante,Cordón divisorio,Sin restricción,POINT (-60.648517399999996 -32.9472927),"['Italia', 'San Luis']",2,Italia; San Luis,-32.9472927,-60.6485174,55.0,538.0,Municipio Rosario,Municipio,Rosario,820210,Servicio de Catastro e Información Territorial,IGN
2013,7333,2013-05-08,Miercoles,0.0,18:20:00,,0.0,2,"Pickup/Utilitario,Moto/Ciclomotor",Av. Ovidio Lagos Y Av. Pellegrini,2,1,0,0,1,0,0,,Avenida,,ROSARIO,Rosario,Asfalto,S/D,II,Dentro,Urbana,S/D,S/D,Intersección,Bueno,Buena,Diurna,Buen Tiempo,De alcance,S/D,Colisión,S/D,S/D,S/D,S/D,POINT (-60.664182350000004 -32.953107599999996),"['Avenida Ovidio Lagos', 'Pellegrini']",2,Avenida Ovidio Lagos; Avenida Carlos Pellegrini,-32.9531076,-60.66418235,55.0,538.0,Municipio Rosario,Municipio,Rosario,820210,Servicio de Catastro e Información Territorial,IGN