anio_acci,nro_acci,fecha,desc_dia,fecha_aprox,hora_aprox,desc_ruta,km,cant_participantes,desc_participante,calle_avenida_km,total,heridos_leves,heridos_graves,heridos_gravisimos,ilesos,fallecidos,sin_datos,posicion_XY,desc_tipo_via,desc_ruta_ori,desc_loc,desc_dpto,desc_tipo_calzada,desc_tipo_banquina,desc_unidad_regional,desc_lugar_calzada,desc_zona,desc_prioridad,desc_estado_semaforo,desc_lugar_via,desc_estado_via,desc_estado_visibilidad,desc_luminosidad,desc_estado_clima,desc_tipo_colision,desc_tipo_atropello,desc_tipo_hecho,desc_pres_calzada,desc_senializacion,desc_separacion_via,desc_restriccion,forma_geocod,calle_lista,numero_calles,calles_osm,lat,lon,index_right,gid,fna,gna,nam,in1,fdc,sag
2013,7335,2013-05-18,Sabado,0.0,12:30:00,,0.0,2,"Moto/Ciclomotor,Automóvil",Av. Arijon Y Tabares,2,1,0,0,1,0,0,,Calle,,ROSARIO,Rosario,Asfalto,S/D,II,Dentro,Urbana,S/D,S/D,Intersección,Bueno,Buena,Diurna,S/D,S/D,S/D,Colisión,S/D,S/D,S/D,S/D,POINT (-60.67185769999999 -33.0037255),"['Avenida Manuel Arijón', 'Tabares']",2,Avenida Manuel Arijón; Tabares,-33.0037255,-60.67185769999999,55.0,538.0,Municipio Rosario,Municipio,Rosario,820210,Servicio de Catastro e Información Territorial,IGN
2013,7336,2013-05-12,Domingo,0.0,17:30:00,,0.0,2,"Moto/Ciclomotor,Automóvil",Grandoli Y Pte.Quintana,2,1,0,0,1,0,0,,Avenida,,ROSARIO,Rosario,Asfalto,No existe,II,S/D,Urbana,Marca Vial,No existe,Intersección,Bueno,Buena,Diurna,Buen Tiempo,Lateral,S/D,Colisión,Otro,Vertical,Cordón divisorio,Sin restricción,POINT (-60.628233550000004 -32.985896600000004),"['Avenida Abanderado Grandoli', 'Quintana']",2,Avenida Abanderado Grandoli; Presidente Quintana,-32.985896600000004,-60.62823355,55.0,538.0,Municipio Rosario,Municipio,Rosario,820210,Servicio de Catastro e Información Territorial,IGN
2013,7338,2013-06-29,Sabado,0.0,06:45:00,,0.0,2,"Moto/Ciclomotor,Automóvil",Av. Ovidio Lagos Y Av. Arijon,2,1,0,0,1,0,0,,Avenida,,ROSARIO,Rosario,Asfalto,S/D,II,Dentro,Urbana,S/D,S/D,Recta,Bueno,S/D,Amanecer,S/D,Lateral,S/D,Colisión,S/D,S/D,S/D,S/D,POINT (-60.6761369 -33.0038701),"['Avenida Ovidio Lagos', 'Avenida Manuel Arijón']",2,Avenida Ovidio Lagos; Avenida Manuel Arijón,-33.0038701,-60.6761369,55.0,538.0,Municipio Rosario,Municipio,Rosario,820210,Servicio de Catastro e Información Territorial,IGN
2013,7339,2013-05-07,Martes,0.0,17:50:00,,0.0,2,"Automóvil,Automóvil",Laprida Y Dean Funes,2,1,0,1,0,0,0,,Calle,,ROSARIO,Rosario,Asfalto,No existe,II,Dentro,Urbana,Marca Vial,No existe,Intersección,Bueno,Buena,Atardecer,Buen Tiempo,Lateral,S/D,Colisión,Otro,Vertical,Línea divisoria pintada,Sin restricción,POINT (-60.6415715 -32.9763678),"['Laprida', 'Deán Gregorio Funes']",2,Francisco Narciso Laprida; Deán Gregorio Funes,-32.9763678,-60.6415715,55.0,538.0,Municipio Rosario,Municipio,Rosario,820210,Servicio de Catastro e Información Territorial,IGN
2013,7340,2013-05-11,Sabado,0.0,07:00:00,,0.0,1,Automóvil,AV. INTENDENTE MORCILLO  Y BV. OROÑO,5,5,0,0,0,0,0,,Calle,,ROSARIO,Rosario,Asfalto,S/D,II,Dentro,Urbana,S/D,S/D,S/D,Bueno,Buena,Diurna,Buen Tiempo,Contra objeto fijo,S/D,Colisión,S/D,S/D,S/D,S/D,POINT (-60.656414775 -32.955839350000005),"['Avenida Intendente Morcillo', 'Bulevar Nicasio Oroño']",2,Avenida Intendente Morcillo; Bulevar Nicasio Oroño,-32.955839350000005,-60.656414775,55.0,538.0,Municipio Rosario,Municipio,Rosario,820210,Servicio de Catastro e Información Territorial,IGN
2013,7341,2013-05-07,Martes,0.0,17:40:00,,0.0,2,"Peatón,Automóvil",Riobamba Y Buenos Aires,2,1,0,0,1,0,0,,Calle,,ROSARIO,Rosario,Asfalto,No existe,II,Dentro,Urbana,Ninguna,No existe,Intersección,Bueno,Buena,Diurna,Buen Tiempo,S/D,S/D,Atropello,S/D,Faltante,S/D,Sin restricción,POINT (-60.6368644 -32.963997699999986),"['Riobamba', 'Buenos Aires']",2,Riobamba; Buenos Aires,-32.963997699999986,-60.6368644,55.0,538.0,Municipio Rosario,Municipio,Rosario,820210,Servicio de Catastro e Información Territorial,IGN
2013,7342,2013-06-12,Miercoles,0.0,,,0.0,2,"Moto/Ciclomotor,Automóvil",Mendoza 3200,2,1,0,0,1,0,0,,Calle,,ROSARIO,Rosario,Asfalto,S/D,II,Dentro,Urbana,S/D,S/D,Intersección,S/D,S/D,S/D,S/D,S/D,S/D,Colisión,S/D,S/D,S/D,S/D,"-32.9463892, -60.6680599",['Mendoza 3200'],1,Mendoza 3200,-32.9463892,-60.6680599,55.0,538.0,Municipio Rosario,Municipio,Rosario,820210,Servicio de Catastro e Información Territorial,IGN
2013,7343,2013-05-11,Sabado,0.0,06:15:00,,0.0,2,"Moto/Ciclomotor,Automóvil",Ayolas Y Ayacucho,2,1,0,0,0,0,1,,Calle,,ROSARIO,Rosario,Asfalto,S/D,II,Dentro,Urbana,Marca Vial,S/D,Intersección,Bueno,Buena,Diurna,Buen Tiempo,Lateral,S/D,Colisión,Otro,Vertical,Línea divisoria pintada,Sin restricción,POINT (-60.634843399999994 -32.978758),"['Ayolas', 'Ayacucho']",2,Ayolas; Ayacucho,-32.978758,-60.6348434,55.0,538.0,Municipio Rosario,Municipio,Rosario,820210,Servicio de Catastro e Información Territorial,IGN
2013,7344,2013-05-08,Miercoles,0.0,16:45:00,,0.0,2,"Automóvil,Moto/Ciclomotor",San Martin Y Ocampo,2,1,0,0,1,0,0,,Calle,,ROSARIO,Rosario,Asfalto,S/D,II,Dentro,Urbana,S/D,S/D,Intersección,Bueno,Buena,Diurna,Buen Tiempo,De alcance,S/D,Colisión,S/D,S/D,S/D,S/D,POINT (-60.641734899999996 -32.9667212),"['San Martin', 'Ocampo']",2,José de San Martín; Ocampo,-32.9667212,-60.6417349,55.0,538.0,Municipio Rosario,Municipio,Rosario,820210,Servicio de Catastro e Información Territorial,IGN
2013,7345,2013-06-24,Lunes,0.0,10:50:00,,0.0,2,"Moto/Ciclomotor,Automóvil",Av. Pellegrini Y Av. Corrientes,2,1,0,0,1,0,0,,Avenida,,ROSARIO,Rosario,S/D,S/D,II,Dentro,Urbana,Semáforo,Funciona,Recta,Bueno,Buena,Diurna,Buen Tiempo,Frontal,S/D,Colisión,S/D,Vertical,Cordón divisorio,Sin restricción,POINT (-60.645055850000006 -32.95655624999999),"['Pellegrini', 'Corrientes']",2,Avenida Carlos Pellegrini; Corrientes,-32.95655624999999,-60.645055850000006,55.0,538.0,Municipio Rosario,Municipio,Rosario,820210,Servicio de Catastro e Información Territorial,IGN
2013,7346,2013-05-02,Jueves,0.0,09:00:00,,0.0,2,"Automóvil,Automóvil",Necochea Y La Paz,3,2,0,0,1,0,0,,Calle,,ROSARIO,Rosario,Asfalto,No existe,II,Dentro,Urbana,Señal Pare,No existe,Intersección,Resbaladiza,S/D,Diurna,Lluvia,"Contra objeto fijo,Lateral",S/D,Colisión,Agua,Vertical,Ninguna,Sin restricción,POINT (-60.6285924 -32.966664399999985),"['Necochea', 'La Paz']",2,Necochea; La Paz,-32.966664399999985,-60.6285924,55.0,538.0,Municipio Rosario,Municipio,Rosario,820210,Servicio de Catastro e Información Territorial,IGN
2013,7347,2013-05-14,Martes,0.0,13:15:00,,0.0,2,"Pickup/Utilitario,Moto/Ciclomotor",Castellanos Y 24 De Setiembre,2,1,0,0,1,0,0,,Calle,,ROSARIO,Rosario,Asfalto,S/D,II,Dentro,Urbana,Ninguna,No existe,Intersección,Bueno,Buena,Diurna,Buen Tiempo,Lateral,S/D,Colisión,S/D,Faltante,Ninguna,S/D,POINT (-60.6835824 -32.97364019999999),"['Aaron Castellanos', '24 de Septiembre']",2,Aaron Castellanos; 24 de Septiembre,-32.97364019999999,-60.6835824,55.0,538.0,Municipio Rosario,Municipio,Rosario,820210,Servicio de Catastro e Información Territorial,IGN
2013,7348,2013-05-12,Domingo,0.0,16:00:00,,0.0,2,"Automóvil,Moto/Ciclomotor",Av. J.Coronado Y Bv. Oroño,4,1,0,0,3,0,0,,Avenida,,ROSARIO,Rosario,Asfalto,S/D,II,Dentro,Urbana,S/D,S/D,Intersección,Bueno,Buena,Diurna,Buen Tiempo,De alcance,S/D,Colisión,S/D,S/D,S/D,S/D,POINT (-60.6579387 -32.9624721),"['Coronado', 'Bulevar Nicasio Oroño']",2,Avenida J. Coronado; Bulevar Nicasio Oroño,-32.9624721,-60.6579387,55.0,538.0,Municipio Rosario,Municipio,Rosario,820210,Servicio de Catastro e Información Territorial,IGN
2013,7349,2013-05-06,Lunes,0.0,23:00:00,,0.0,2,"Moto/Ciclomotor,Automóvil",Bv. Oroño Y Cochabamba,2,1,0,0,1,0,0,,Avenida,,ROSARIO,Rosario,Asfalto,S/D,II,Dentro,Urbana,S/D,S/D,Intersección,Bueno,Buena,Nocturna,Buen Tiempo,De alcance,S/D,Colisión,S/D,S/D,S/D,Sin restricción,POINT (-60.656339 -32.9556154),"['Bulevar Nicasio Oroño', 'Cochabamba']",2,Bulevar Nicasio Oroño; Cochabamba,-32.9556154,-60.656339,55.0,538.0,Municipio Rosario,Municipio,Rosario,820210,Servicio de Catastro e Información Territorial,IGN
2013,7350,2013-05-11,Sabado,0.0,18:00:00,,0.0,2,"Moto/Ciclomotor,Automóvil",Galvez Y Italia,3,2,0,0,1,0,0,,Calle,,ROSARIO,Rosario,Asfalto,S/D,II,Dentro,Urbana,S/D,S/D,Recta,Bueno,Buena,Atardecer,Buen Tiempo,De alcance,S/D,Colisión,S/D,S/D,S/D,S/D,POINT (-60.6534929 -32.9670467),"['Galvez', 'Italia']",2,José Gálvez; Italia,-32.9670467,-60.6534929,55.0,538.0,Municipio Rosario,Municipio,Rosario,820210,Servicio de Catastro e Información Territorial,IGN
2013,7351,2013-05-06,Lunes,0.0,19:25:00,,0.0,2,"Automóvil,Tracción animal / Carro",24 De Setiembre Y Rodriguez,2,1,0,0,1,0,0,,Calle,,ROSARIO,Rosario,Asfalto,No existe,II,Dentro,Urbana,Ninguna,No existe,Intersección,Bueno,Buena,Diurna,S/D,Lateral,S/D,Colisión,S/D,Faltante,Ninguna,Sin restricción,POINT (-60.667264 -32.97656549999999),"['24 de Septiembre', 'Rodríguez']",2,24 de Septiembre; Rodríguez de Escobedo,-32.97656549999999,-60.667264,55.0,538.0,Municipio Rosario,Municipio,Rosario,820210,Servicio de Catastro e Información Territorial,IGN
2013,7352,2013-05-03,Viernes,0.0,16:50:00,,0.0,2,"Moto/Ciclomotor,Automóvil",Hungria Y Cabildo,5,2,0,0,3,0,0,,Calle,,ROSARIO,Rosario,Asfalto,No existe,II,Dentro,Urbana,Ninguna,No existe,Intersección,Bueno,Buena,Diurna,Buen Tiempo,Lateral,S/D,Colisión,S/D,S/D,Ninguna,Sin restricción,POINT (-60.6336759 -33.0069053),"['Hungría', 'Cabildo']",2,Hungría; Cabildo,-33.0069053,-60.6336759,55.0,538.0,Municipio Rosario,Municipio,Rosario,820210,Servicio de Catastro e Información Territorial,IGN
2013,7353,2013-05-12,Domingo,0.0,11:15:00,,0.0,2,"Moto/Ciclomotor,Automóvil",Ocampo ,2,1,0,0,1,0,0,,Calle,,ROSARIO,Rosario,Asfalto,S/D,II,Dentro,Urbana,S/D,S/D,Recta,Bueno,Buena,Diurna,Buen Tiempo,De alcance,S/D,Colisión,S/D,S/D,S/D,S/D,"-32.9586296, -60.6868719",['Ocampo'],1,Ocampo,-32.9586296,-60.6868719,55.0,538.0,Municipio Rosario,Municipio,Rosario,820210,Servicio de Catastro e Información Territorial,IGN
2013,7356,2013-05-06,Lunes,0.0,11:20:00,,0.0,4,"Automóvil,Automóvil,Automóvil,Automóvil",Ituzaingo 1200,4,1,0,0,3,0,0,,Calle,,ROSARIO,Rosario,Asfalto,S/D,II,Dentro,Urbana,S/D,S/D,Recta,Bueno,Buena,Diurna,Buen Tiempo,"De alcance,Múltiple",S/D,Colisión,S/D,S/D,S/D,S/D,"-32.9604476, -60.6428407",['Ituzaingo 1200'],1,Ituzaingo 1200,-32.9604476,-60.6428407,55.0,538.0,Municipio Rosario,Municipio,Rosario,820210,Servicio de Catastro e Información Territorial,IGN
2013,7357,2013-05-13,Lunes,0.0,18:15:00,,0.0,2,"Automóvil,Automóvil",España 1900,2,1,0,0,1,0,0,,Calle,,ROSARIO,Rosario,Asfalto,S/D,II,Dentro,Urbana,S/D,S/D,Recta,Bueno,Buena,Atardecer,Buen Tiempo,De alcance,S/D,Colisión,S/D,S/D,S/D,S/D,"-32.9579698, -60.6498303",['España 1900'],1,España 1900,-32.9579698,-60.6498303,55.0,538.0,Municipio Rosario,Municipio,Rosario,820210,Servicio de Catastro e Información Territorial,IGN
2013,7358,2013-05-09,Jueves,0.0,13:25:00,,0.0,2,"Moto/Ciclomotor,Automóvil",L.N.Alem Y Pte.Quintana,3,2,0,0,1,0,0,,Calle,,ROSARIO,Rosario,Asfalto,No existe,II,Dentro,Urbana,Marca Vial,No existe,Intersección,Bueno,Buena,Diurna,Buen Tiempo,Lateral,S/D,Colisión,Otro,Vertical,Línea divisoria pintada,Sin restricción,POINT (-60.6373705 -32.9843019),"['Alem', 'Quintana']",2,Leandro N. Alem; Presidente Quintana,-32.9843019,-60.6373705,55.0,538.0,Municipio Rosario,Municipio,Rosario,820210,Servicio de Catastro e Información Territorial,IGN
2013,7359,2013-05-01,Miercoles,0.0,17:00:00,,0.0,2,"Peatón,Taxi/Remis",Buenos Aires Y Ocampo,2,1,0,0,1,0,0,,Calle,,ROSARIO,Rosario,Asfalto,No existe,II,Dentro,Urbana,Ninguna,No existe,Intersección,Bueno,Buena,Atardecer,S/D,S/D,S/D,Atropello,S/D,S/D,Ninguna,Sin restricción,POINT (-60.637728 -32.9674326),"['Buenos Aires', 'Ocampo']",2,Buenos Aires; Ocampo,-32.9674326,-60.637728,55.0,538.0,Municipio Rosario,Municipio,Rosario,820210,Servicio de Catastro e Información Territorial,IGN
2013,7360,2013-05-12,Domingo,0.0,11:45:00,,0.0,2,"Automóvil,Automóvil",Ituzaingo Y San Martin,4,1,0,0,3,0,0,,Calle,,ROSARIO,Rosario,Asfalto,S/D,II,Dentro,Urbana,S/D,S/D,Intersección,Bueno,Buena,Diurna,Buen Tiempo,De alcance,S/D,Colisión,S/D,S/D,S/D,S/D,POINT (-60.6402962 -32.9609805),"['Ituzaingó', 'San Martin']",2,Ituzaingó; José de San Martín,-32.9609805,-60.6402962,55.0,538.0,Municipio Rosario,Municipio,Rosario,820210,Servicio de Catastro e Información Territorial,IGN
2013,7362,2013-05-07,Martes,0.0,09:36:00,,0.0,2,"Transporte de Pasajeros Urbano (> 8 asientos),Automóvil",Av. Corrientes Y Gaboto,3,2,0,0,1,0,0,,Calle,,ROSARIO,Rosario,Asfalto,No existe,II,Dentro,Urbana,Ninguna,No existe,Intersección,Bueno,Buena,Diurna,S/D,Lateral,S/D,Colisión,S/D,Faltante,Ninguna,Sin restricción,POINT (-60.6491421 -32.9725927),"['Corrientes', 'Gaboto']",2,Corrientes; Gaboto,-32.9725927,-60.6491421,55.0,538.0,Municipio Rosario,Municipio,Rosario,820210,Servicio de Catastro e Información Territorial,IGN
2013,7363,2013-06-12,Miercoles,0.0,13:20:00,,0.0,2,"Moto/Ciclomotor,Automóvil",Alsina Y 3 De Febrero,3,2,0,0,1,0,0,,Calle,,ROSARIO,Rosario,Asfalto,S/D,II,Dentro,Urbana,S/D,S/D,Intersección,S/D,S/D,S/D,S/D,S/D,S/D,Colisión,S/D,S/D,S/D,S/D,POINT (-60.6779986 -32.94594320000001),"['Alsina', '3 de Febrero']",2,Alsina; 3 de Febrero,-32.94594320000001,-60.6779986,55.0,538.0,Municipio Rosario,Municipio,Rosario,820210,Servicio de Catastro e Información Territorial,IGN
2013,7364,2013-05-13,Lunes,0.0,17:30:00,,0.0,2,"Automóvil,Moto/Ciclomotor",San Martin Y Pje. Moussy,2,1,0,0,1,0,0,,Avenida,,ROSARIO,Rosario,Asfalto,No existe,II,Dentro,Urbana,Ninguna,No existe,Intersección,Bueno,Buena,Atardecer,S/D,Lateral,S/D,Colisión,S/D,Faltante,Ninguna,Sin restricción,POINT (-60.64696940000001 -32.9921788),"['San Martin', 'Moussy']",2,José de San Martín; Moussy,-32.9921788,-60.64696940000001,55.0,538.0,Municipio Rosario,Municipio,Rosario,820210,Servicio de Catastro e Información Territorial,IGN
2013,7365,2013-05-11,Sabado,0.0,17:20:00,,0.0,2,"Automóvil,Automóvil",Bv. 27 De Febrero Y Bv. Oroño,2,1,0,0,1,0,0,,Avenida,,ROSARIO,Rosario,Asfalto,S/D,II,Dentro,Urbana,S/D,S/D,Recta,Bueno,Buena,Diurna,Buen Tiempo,De alcance,S/D,Colisión,S/D,S/D,S/D,S/D,POINT (-60.658642825 -32.964892400000004),"['27 de Febrero', 'Bulevar Nicasio Oroño']",2,Bulevar 27 de Febrero; Bulevar Nicasio Oroño,-32.964892400000004,-60.658642825,55.0,538.0,Municipio Rosario,Municipio,Rosario,820210,Servicio de Catastro e Información Territorial,IGN
2013,7366,2013-05-14,Martes,0.0,12:20:00,,0.0,2,"Moto/Ciclomotor,Automóvil",Sarmiento Y Pasco,2,1,0,0,1,0,0,,Calle,,ROSARIO,Rosario,Asfalto,S/D,II,Dentro,S/D,S/D,S/D,Intersección,Bueno,Buena,Diurna,Buen Tiempo,De alcance,S/D,Colisión,S/D,S/D,S/D,S/D,POINT (-60.6414543 -32.95957909999999),"['Sarmiento', 'Pasco']",2,Sarmiento; Pasco,-32.95957909999999,-60.6414543,55.0,538.0,Municipio Rosario,Municipio,Rosario,820210,Servicio de Catastro e Información Territorial,IGN
2013,7367,2013-05-13,Lunes,0.0,15:10:00,,0.0,2,"Pickup/Utilitario,Automóvil",España Y Biedma,2,1,0,0,1,0,0,,Calle,,ROSARIO,Rosario,Asfalto,No existe,II,Dentro,Urbana,Ninguna,No existe,Intersección,Bueno,Buena,Atardecer,S/D,Lateral,S/D,Colisión,S/D,Faltante,Ninguna,Sin restricción,POINT (-60.65528230000001 -32.979903900000004),"['España', 'Coronel Biedma']",2,España; Coronel Biedma,-32.979903900000004,-60.65528230000001,55.0,538.0,Municipio Rosario,Municipio,Rosario,820210,Servicio de Catastro e Información Territorial,IGN
2013,7368,2013-04-29,Lunes,0.0,16:30:00,,0.0,2,"Moto/Ciclomotor,Automóvil",Colon Y Riobamba,2,1,0,0,1,0,0,,Calle,,ROSARIO,Rosario,Asfalto,No existe,II,Dentro,Urbana,Ninguna,No existe,Intersección,Bueno,Buena,Diurna,Buen Tiempo,Lateral,S/D,Colisión,S/D,Faltante,Ninguna,Sin restricción,POINT (-60.629713 -32.96527269999999),"['Colon', 'Riobamba']",2,Cristóbal Colón; Riobamba,-32.96527269999999,-60.629713,55.0,538.0,Municipio Rosario,Municipio,Rosario,820210,Servicio de Catastro e Información Territorial,IGN
2013,7369,2013-05-10,Viernes,0.0,13:00:00,,0.0,2,"Automóvil,Bicicleta",Dean Funes Y San Martin,2,1,0,0,1,0,0,,Avenida,,ROSARIO,Rosario,Asfalto,No existe,II,Dentro,Urbana,Semáforo,Funciona,Intersección,Bueno,Buena,Diurna,S/D,S/D,S/D,Atropello,S/D,"Horizontal,Vertical",Ninguna,Sin restricción,POINT (-60.6440372 -32.97592170000001),"['Deán Gregorio Funes', 'San Martin']",2,Deán Gregorio Funes; José de San Martín,-32.97592170000001,-60.6440372,55.0,538.0,Municipio Rosario,Municipio,Rosario,820210,Servicio de Catastro e Información Territorial,IGN
2013,7370,2013-05-12,Domingo,0.0,23:00:00,,0.0,2,"Moto/Ciclomotor,Moto/Ciclomotor",AYACUCHO  Y GUILLERMO TELL.,2,2,0,0,0,0,0,,Calle,,ROSARIO,Rosario,Asfalto,No existe,II,Dentro,Urbana,Ninguna,No existe,Intersección,Bueno,Buena,"Nocturna,Con luz artificial",Buen Tiempo,Lateral,S/D,Colisión,S/D,S/D,Ninguna,Sin restricción,POINT (-60.6356653 -33.0118161),"['Ayacucho', 'Calle 529']",2,Ayacucho; Calle 529,-33.0118161,-60.6356653,55.0,538.0,Municipio Rosario,Municipio,Rosario,820210,Servicio de Catastro e Información Territorial,IGN
2013,7371,2013-05-11,Sabado,0.0,14:00:00,,0.0,2,"Moto/Ciclomotor,Automóvil",Bv. Oroño Y Cochabamba,2,1,0,0,1,0,0,,Avenida,,ROSARIO,Rosario,Asfalto,S/D,II,Dentro,Urbana,S/D,S/D,Intersección,Bueno,Buena,Diurna,Buen Tiempo,De alcance,S/D,Colisión,S/D,S/D,S/D,S/D,POINT (-60.656339 -32.9556154),"['Bulevar Nicasio Oroño', 'Cochabamba']",2,Bulevar Nicasio Oroño; Cochabamba,-32.9556154,-60.656339,55.0,538.0,Municipio Rosario,Municipio,Rosario,820210,Servicio de Catastro e Información Territorial,IGN
2013,7372,2013-05-06,Lunes,0.0,07:30:00,,0.0,2,"Bicicleta,Automóvil",Pte.Roca Y Ituzaingo,2,1,0,0,1,0,0,,Calle,,ROSARIO,Rosario,Asfalto,S/D,II,Dentro,Urbana,S/D,S/D,Intersección,Bueno,Buena,Amanecer,Buen Tiempo,S/D,S/D,Atropello,S/D,S/D,S/D,S/D,POINT (-60.64869579999999 -32.95948909999999),"['Roca', 'Ituzaingó']",2,Presidente Roca; Ituzaingó,-32.95948909999999,-60.64869579999999,55.0,538.0,Municipio Rosario,Municipio,Rosario,820210,Servicio de Catastro e Información Territorial,IGN
2013,7374,2013-05-09,Jueves,0.0,16:00:00,,0.0,2,"Moto/Ciclomotor,Automóvil",Av. Uriburu Y Pte.Roca,2,1,0,0,1,0,0,,S/D,,ROSARIO,Rosario,Asfalto,No existe,II,S/D,S/D,Marca Vial,No existe,Intersección,Bueno,Buena,Diurna,Buen Tiempo,Lateral,S/D,Colisión,S/D,Vertical,Línea divisoria pintada,Sin restricción,POINT (-60.65665205 -32.9910065),"['Uriburu', 'Roca']",2,Avenida José Uriburu; Presidente Roca,-32.9910065,-60.65665205,55.0,538.0,Municipio Rosario,Municipio,Rosario,820210,Servicio de Catastro e Información Territorial,IGN
2013,7375,2013-05-15,Miercoles,0.0,17:30:00,,0.0,2,"Bicicleta,Automóvil",Ayacucho Y Ituzaingo,3,2,0,0,1,0,0,,Calle,,ROSARIO,Rosario,Asfalto,S/D,II,Dentro,Urbana,Policía de tránsito,S/D,Intersección,Bueno,Buena,Diurna,Buen Tiempo,S/D,S/D,Atropello,S/D,S/D,S/D,S/D,POINT (-60.63049190000001 -32.96271439999999),"['Ayacucho', 'Ituzaingó']",2,Ayacucho; Ituzaingó,-32.96271439999999,-60.63049190000001,55.0,538.0,Municipio Rosario,Municipio,Rosario,820210,Servicio de Catastro e Información Territorial,IGN
2013,7376,2013-05-13,Lunes,0.0,15:50:00,,0.0,2,"Moto/Ciclomotor,Pickup/Utilitario",Milan Y Melian,2,1,0,0,1,0,0,,Calle,,ROSARIO,Rosario,Asfalto,No existe,II,Dentro,Urbana,Ninguna,No existe,Intersección,Bueno,Buena,Diurna,S/D,Lateral,S/D,Colisión,S/D,Faltante,Ninguna,Sin restricción,POINT (-60.659631 -32.98869959999999),"['Milán', 'José Melian']",2,Milán; José Melian,-32.98869959999999,-60.659631,55.0,538.0,Municipio Rosario,Municipio,Rosario,820210,Servicio de Catastro e Información Territorial,IGN
2013,7377,2013-05-10,Viernes,0.0,10:00:00,,0.0,2,"Automóvil,Bicicleta",Centeno Y Av. Corrientes,2,1,0,0,1,0,0,,Calle,,ROSARIO,Rosario,Asfalto,No existe,II,Dentro,Urbana,Ninguna,No existe,Intersección,Bueno,Buena,Diurna,S/D,S/D,S/D,Atropello,S/D,Faltante,Ninguna,Sin restricción,POINT (-60.6520326 -32.98407649999999),"['Centeno', 'Corrientes']",2,Coronel Centeno; Corrientes,-32.98407649999999,-60.6520326,55.0,538.0,Municipio Rosario,Municipio,Rosario,820210,Servicio de Catastro e Información Territorial,IGN
2013,7378,2013-05-02,Jueves,1.0,22:00:00,,0.0,3,"Automóvil,Automóvil,Automóvil",Bv. 27 De Febrero Y Balcarce,4,1,0,0,3,0,0,,Avenida,,ROSARIO,Rosario,Asfalto,S/D,II,Dentro,Urbana,S/D,S/D,Recta,Bueno,Buena,Nocturna,Buen Tiempo,Múltiple,S/D,Colisión,S/D,S/D,S/D,S/D,POINT (-60.6572501 -32.9651418),"['27 de Febrero', 'Balcarce']",2,Bulevar 27 de Febrero; Balcarce,-32.9651418,-60.6572501,55.0,538.0,Municipio Rosario,Municipio,Rosario,820210,Servicio de Catastro e Información Territorial,IGN
2013,7379,2013-05-10,Viernes,0.0,19:00:00,,0.0,2,"Pickup/Utilitario,Moto/Ciclomotor",Dorrego Y Av. Uriburu,2,1,0,0,1,0,0,,Avenida,,ROSARIO,Rosario,Asfalto,No existe,II,Dentro,Urbana,Ninguna,No existe,Intersección,Bueno,Buena,Atardecer,S/D,Lateral,S/D,Colisión,S/D,Faltante,Ninguna,Sin restricción,POINT (-60.660994099999996 -32.99114285),"['Dorrego', 'Uriburu']",2,Manuel Dorrego; Avenida José Uriburu,-32.99114285,-60.6609941,55.0,538.0,Municipio Rosario,Municipio,Rosario,820210,Servicio de Catastro e Información Territorial,IGN
2013,7380,2013-05-08,Miercoles,0.0,10:30:00,,0.0,2,"Pickup/Utilitario,Pickup/Utilitario",1 de Mayo Y Centeno,2,1,0,0,1,0,0,,Calle,,ROSARIO,Rosario,Asfalto,No existe,II,Dentro,Urbana,Marca Vial,No existe,Intersección,Bueno,Buena,Diurna,Buen Tiempo,Lateral,S/D,Colisión,S/D,Vertical,Línea divisoria pintada,Sin restricción,POINT (-60.63931089999999 -32.9863345),"['Primero de Mayo', 'Centeno']",2,Primero de Mayo; Coronel Centeno,-32.9863345,-60.63931089999999,55.0,538.0,Municipio Rosario,Municipio,Rosario,820210,Servicio de Catastro e Información Territorial,IGN
2013,7381,2013-05-06,Lunes,0.0,14:30:00,,0.0,2,"Moto/Ciclomotor,Automóvil",Bv. Oroño Y Lugones,3,2,0,0,1,0,0,,Avenida,,ROSARIO,Rosario,Asfalto,S/D,II,Dentro,Urbana,S/D,S/D,Intersección,Bueno,Buena,Diurna,Buen Tiempo,De alcance,S/D,Colisión,S/D,S/D,S/D,S/D,POINT (-60.65693518333333 -32.95818631666667),"['Bulevar Nicasio Oroño', 'Lugones']",2,Bulevar Nicasio Oroño; Lorenzo Lugones,-32.95818631666667,-60.65693518333333,55.0,538.0,Municipio Rosario,Municipio,Rosario,820210,Servicio de Catastro e Información Territorial,IGN
2013,7382,2013-05-13,Lunes,0.0,12:50:00,,0.0,2,"Automóvil,Automóvil",Gaboto Y Mitre,2,1,0,0,1,0,0,,Calle,,ROSARIO,Rosario,Asfalto,No existe,II,Dentro,Urbana,S/D,No existe,Intersección,Bueno,Buena,Diurna,S/D,Lateral,S/D,Colisión,S/D,Faltante,Ninguna,Sin restricción,POINT (-60.64629360000001 -32.97310259999999),"['Gaboto', 'Mitre']",2,Gaboto; Bartolomé Mitre,-32.97310259999999,-60.64629360000001,55.0,538.0,Municipio Rosario,Municipio,Rosario,820210,Servicio de Catastro e Información Territorial,IGN