anio_acci,nro_acci,fecha,desc_dia,fecha_aprox,hora_aprox,desc_ruta,km,cant_participantes,desc_participante,calle_avenida_km,total,heridos_leves,heridos_graves,heridos_gravisimos,ilesos,fallecidos,sin_datos,posicion_XY,desc_tipo_via,desc_ruta_ori,desc_loc,desc_dpto,desc_tipo_calzada,desc_tipo_banquina,desc_unidad_regional,desc_lugar_calzada,desc_zona,desc_prioridad,desc_estado_semaforo,desc_lugar_via,desc_estado_via,desc_estado_visibilidad,desc_luminosidad,desc_estado_clima,desc_tipo_colision,desc_tipo_atropello,desc_tipo_hecho,desc_pres_calzada,desc_senializacion,desc_separacion_via,desc_restriccion,forma_geocod,calle_lista,numero_calles,calles_osm,lat,lon,index_right,gid,fna,gna,nam,in1,fdc,sag
2013,7435,2013-05-31,Viernes,0.0,10:45:00,,0.0,2,"Peatón,Pickup/Utilitario",Cordoba 4600,2,1,0,0,1,0,0,,Calle,,ROSARIO,Rosario,Asfalto,S/D,II,Dentro,Urbana,S/D,S/D,Intersección,S/D,S/D,Diurna,S/D,S/D,S/D,Atropello,S/D,S/D,Cordón divisorio,S/D,"-32.9436077, -60.6540311",['Cordoba 4600'],1,Cordoba 4600,-32.9436077,-60.6540311,55.0,538.0,Municipio Rosario,Municipio,Rosario,820210,Servicio de Catastro e Información Territorial,IGN
2013,7437,2013-06-09,Domingo,0.0,19:15:00,,0.0,2,"Bicicleta,Automóvil",M.Perdriel Y Oriente,3,2,0,0,1,0,0,,Calle,,ROSARIO,Rosario,Asfalto,S/D,II,S/D,Urbana,Ninguna,S/D,Intersección,Bueno,S/D,S/D,Buen Tiempo,S/D,S/D,Atropello,S/D,Faltante,Ninguna,Sin restricción,POINT (-60.7105991 -32.894904700000005),"['Perdriel', 'Oriente']",2,Perdriel; Oriente,-32.894904700000005,-60.7105991,55.0,538.0,Municipio Rosario,Municipio,Rosario,820210,Servicio de Catastro e Información Territorial,IGN
2013,7441,2013-05-22,Miercoles,0.0,06:40:00,,0.0,2,"Moto/Ciclomotor,Bicicleta",Av. Ovidio Lagos Y Lamadrid,2,1,0,0,1,0,0,,Avenida,,ROSARIO,Rosario,Asfalto,No existe,II,S/D,S/D,Ninguna,No existe,Intersección,Bueno,Buena,Diurna,Buen Tiempo,Frontal,S/D,Colisión,S/D,Faltante,Cordón divisorio,Sin restricción,POINT (-60.67487495 -32.997913600000004),"['Avenida Ovidio Lagos', 'Lamadrid']",2,Avenida Ovidio Lagos; Gregorio Aráoz de Lamadrid,-32.997913600000004,-60.67487495,55.0,538.0,Municipio Rosario,Municipio,Rosario,820210,Servicio de Catastro e Información Territorial,IGN
2013,7443,2013-05-03,Viernes,0.0,23:00:00,,0.0,2,"Automóvil,Moto/Ciclomotor",Gaboto Y Dorrego,2,1,0,0,1,0,0,,Calle,,ROSARIO,Rosario,Asfalto,No existe,II,Dentro,Urbana,Ninguna,No existe,Intersección,Bueno,Buena,Nocturna,S/D,Lateral,S/D,Colisión,S/D,Faltante,Ninguna,Sin restricción,POINT (-60.65600330000001 -32.9713755),"['Gaboto', 'Dorrego']",2,Gaboto; Manuel Dorrego,-32.9713755,-60.65600330000001,55.0,538.0,Municipio Rosario,Municipio,Rosario,820210,Servicio de Catastro e Información Territorial,IGN
2013,7444,2013-06-11,Martes,0.0,,,0.0,2,"Moto/Ciclomotor,Automóvil",Superi 1900,2,1,0,0,1,0,0,,Calle,,ROSARIO,Rosario,Asfalto,No existe,II,S/D,Urbana,Ninguna,No existe,Recta,Bueno,Reducida,Nocturna,Buen Tiempo,Lateral,S/D,Colisión,Otro,Faltante,Ninguna,Sin restricción,"-32.8966539, -60.7080042",['Superi 1900'],1,Superi 1900,-32.8966539,-60.7080042,55.0,538.0,Municipio Rosario,Municipio,Rosario,820210,Servicio de Catastro e Información Territorial,IGN
2013,7445,2013-05-29,Miercoles,0.0,18:30:00,,0.0,2,"Peatón,Moto/Ciclomotor",3 De Febrero Y Constitucion,2,1,0,0,1,0,0,,Calle,,ROSARIO,Rosario,Asfalto,S/D,II,Dentro,Urbana,S/D,S/D,Intersección,S/D,S/D,Diurna,S/D,S/D,S/D,Atropello,S/D,S/D,S/D,S/D,POINT (-60.675293 -32.94642889999999),"['3 de Febrero', 'Constitución']",2,3 de Febrero; Constitución,-32.94642889999999,-60.675293,55.0,538.0,Municipio Rosario,Municipio,Rosario,820210,Servicio de Catastro e Información Territorial,IGN
2013,7446,2013-05-23,Jueves,0.0,,,0.0,2,"Automóvil,Transporte de Pasajeros Urbano (> 8 asientos)",Vera Mujica Y San Juan,2,1,0,0,1,0,0,,Calle,,ROSARIO,Rosario,Asfalto,S/D,II,Dentro,Urbana,S/D,S/D,Intersección,S/D,S/D,S/D,S/D,S/D,S/D,Colisión,S/D,S/D,Cordón divisorio,S/D,POINT (-60.6678428 -32.94501609999999),"['Vera Mujíca', 'San Juan']",2,Vera Mujíca; San Juan,-32.94501609999999,-60.6678428,55.0,538.0,Municipio Rosario,Municipio,Rosario,820210,Servicio de Catastro e Información Territorial,IGN
2013,7447,2013-05-19,Domingo,0.0,05:30:00,,0.0,2,"Moto/Ciclomotor,Automóvil",Montevideo Y Av. Ovidio Lagos,2,1,0,0,1,0,0,,Calle,,ROSARIO,Rosario,Asfalto,S/D,II,Dentro,Urbana,S/D,S/D,Intersección,S/D,S/D,S/D,S/D,S/D,S/D,Colisión,S/D,S/D,Ninguna,S/D,POINT (-60.663899 -32.95198729999999),"['Montevideo', 'Avenida Ovidio Lagos']",2,Montevideo; Avenida Ovidio Lagos,-32.95198729999999,-60.663899,55.0,538.0,Municipio Rosario,Municipio,Rosario,820210,Servicio de Catastro e Información Territorial,IGN
2013,7448,2013-05-12,Domingo,0.0,17:20:00,,0.0,2,"Automóvil,Moto/Ciclomotor",Dr.Rivas Y Lavalle,2,1,0,0,1,0,0,,Calle,,ROSARIO,Rosario,Asfalto,No existe,II,Dentro,Urbana,Ninguna,No existe,Intersección,Bueno,Buena,Atardecer,Buen Tiempo,Lateral,S/D,Colisión,S/D,Faltante,Ninguna,Sin restricción,POINT (-60.68717010000001 -32.976598499999994),"['Doctor Francisco Riva', 'Lavalle']",2,Doctor Francisco Riva; Lavalle,-32.976598499999994,-60.68717010000001,55.0,538.0,Municipio Rosario,Municipio,Rosario,820210,Servicio de Catastro e Información Territorial,IGN
2013,7449,2013-05-16,Jueves,0.0,,,0.0,2,"Moto/Ciclomotor,Moto/Ciclomotor",San Juan Y Servando Bayo,3,2,0,0,1,0,0,,Calle,,ROSARIO,Rosario,Asfalto,S/D,II,Dentro,Urbana,S/D,S/D,Intersección,S/D,S/D,S/D,S/D,S/D,S/D,Colisión,S/D,S/D,S/D,S/D,POINT (-60.6855098 -32.94187949999999),"['San Juan', 'Servando Bayo']",2,San Juan; Servando Bayo,-32.94187949999999,-60.6855098,55.0,538.0,Municipio Rosario,Municipio,Rosario,820210,Servicio de Catastro e Información Territorial,IGN
2013,7450,2013-06-21,Viernes,0.0,16:00:00,,0.0,2,"Automóvil,Moto/Ciclomotor",Cavia Y Superi,3,2,0,0,1,0,0,,Calle,,ROSARIO,Rosario,Asfalto,No existe,II,Dentro,Urbana,Ninguna,No existe,Intersección,Bueno,Buena,Diurna,Buen Tiempo,Lateral,S/D,Colisión,Otro,Faltante,Ninguna,Sin restricción,POINT (-60.7094484 -32.89677259999999),"['Cavia', 'Superi']",2,Cavia; Comandante José Superí,-32.89677259999999,-60.7094484,55.0,538.0,Municipio Rosario,Municipio,Rosario,820210,Servicio de Catastro e Información Territorial,IGN
2013,7451,2013-05-21,Martes,0.0,,,0.0,2,"Automóvil,Moto/Ciclomotor",Lavalle Y Montevideo,2,1,0,0,1,0,0,,Calle,,ROSARIO,Rosario,Asfalto,S/D,II,S/D,Urbana,S/D,S/D,Intersección,S/D,S/D,S/D,S/D,S/D,S/D,Colisión,S/D,S/D,S/D,S/D,POINT (-60.6802167 -32.949070299999995),"['Lavalle', 'Montevideo']",2,Lavalle; Montevideo,-32.949070299999995,-60.6802167,55.0,538.0,Municipio Rosario,Municipio,Rosario,820210,Servicio de Catastro e Información Territorial,IGN
2013,7452,2013-05-02,Jueves,0.0,09:00:00,,0.0,2,"Automóvil,Camión",Amenabar Y Entre Rios,2,1,0,0,1,0,0,,Calle,,ROSARIO,Rosario,Asfalto,No existe,II,Dentro,Urbana,Ninguna,No existe,Intersección,Bueno,Buena,Diurna,S/D,Lateral,S/D,Colisión,S/D,Faltante,Ninguna,Sin restricción,POINT (-60.64742470000001 -32.97170549999999),"['Amenabar', 'Entre Ríos']",2,José de Amenábar; Entre Ríos,-32.97170549999999,-60.64742470000001,55.0,538.0,Municipio Rosario,Municipio,Rosario,820210,Servicio de Catastro e Información Territorial,IGN
2013,7454,2013-05-19,Domingo,0.0,,,0.0,2,"Automóvil,Pickup/Utilitario",3 De Febrero Y Iriondo,3,2,0,0,1,0,0,,Calle,,ROSARIO,Rosario,Asfalto,S/D,II,Dentro,Urbana,S/D,S/D,Intersección,S/D,S/D,S/D,S/D,S/D,S/D,Colisión,S/D,S/D,S/D,S/D,POINT (-60.6712086 -32.947162299999995),"['3 de Febrero', 'Iriondo']",2,3 de Febrero; Iriondo,-32.947162299999995,-60.6712086,55.0,538.0,Municipio Rosario,Municipio,Rosario,820210,Servicio de Catastro e Información Territorial,IGN
2013,7455,2013-05-23,Jueves,0.0,01:55:00,,0.0,2,"Automóvil,Moto/Ciclomotor",San Juan Y Cafferata,4,2,0,0,2,0,0,,Calle,,ROSARIO,Rosario,Asfalto,S/D,II,Dentro,Urbana,S/D,S/D,Recta,S/D,S/D,S/D,S/D,S/D,S/D,Colisión,S/D,S/D,Cordón divisorio,S/D,POINT (-60.6719098 -32.94428909999999),"['San Juan', 'Cafferata']",2,San Juan; Cafferata,-32.94428909999999,-60.6719098,55.0,538.0,Municipio Rosario,Municipio,Rosario,820210,Servicio de Catastro e Información Territorial,IGN
2013,7457,2013-05-11,Sabado,0.0,15:30:00,,0.0,1,Moto/Ciclomotor,Dr.Rivas Y Iriondo,2,1,0,0,1,0,0,,Calle,,ROSARIO,Rosario,Asfalto,S/D,II,Dentro,Urbana,Ninguna,No existe,Intersección,Bueno,Buena,Diurna,Buen Tiempo,Lateral,S/D,Colisión,S/D,Faltante,Ninguna,S/D,POINT (-60.6790051 -32.97805269999999),"['Doctor Francisco Riva', 'Iriondo']",2,Doctor Francisco Riva; Iriondo,-32.97805269999999,-60.6790051,55.0,538.0,Municipio Rosario,Municipio,Rosario,820210,Servicio de Catastro e Información Territorial,IGN
2013,7458,2013-06-21,Viernes,0.0,08:10:00,,0.0,2,"Automóvil,Peatón",Molina Y Gallo,2,1,0,0,1,0,0,,Calle,,ROSARIO,Rosario,Asfalto,S/D,II,Dentro,Urbana,Ninguna,S/D,Intersección,Bueno,S/D,S/D,Buen Tiempo,S/D,S/D,Atropello,Otro,Faltante,Ninguna,Sin restricción,POINT (-60.704795700000005 -32.892874299999995),"['Molina', 'Gallo']",2,Molina; Cangallo,-32.892874299999995,-60.704795700000005,55.0,538.0,Municipio Rosario,Municipio,Rosario,820210,Servicio de Catastro e Información Territorial,IGN
2013,7461,2013-05-03,Viernes,0.0,08:15:00,,0.0,2,"Automóvil,Pickup/Utilitario",Mariano Moreno Y Gaboto,2,1,0,0,1,0,0,,Calle,,ROSARIO,Rosario,Asfalto,No existe,II,Dentro,Urbana,Ninguna,No existe,Intersección,Bueno,Buena,Diurna,S/D,Lateral,S/D,Colisión,S/D,Faltante,Ninguna,Sin restricción,POINT (-60.6573562 -32.97113540000001),"['Mariano Moreno', 'Gaboto']",2,Mariano Moreno; Gaboto,-32.97113540000001,-60.6573562,55.0,538.0,Municipio Rosario,Municipio,Rosario,820210,Servicio de Catastro e Información Territorial,IGN
2013,7465,2013-05-11,Sabado,0.0,12:15:00,,0.0,1,Moto/Ciclomotor,Av. Ovidio Lagos Y Dr.Rivas,2,1,0,0,1,0,0,,Avenida,,ROSARIO,Rosario,Asfalto,S/D,II,Dentro,Urbana,Ninguna,No existe,Intersección,Bueno,Buena,Diurna,Buen Tiempo,Lateral,S/D,Colisión,S/D,Faltante,Cordón divisorio,Sin restricción,POINT (-60.6705014 -32.979572149999996),"['Avenida Ovidio Lagos', 'Doctor Francisco Riva']",2,Avenida Ovidio Lagos; Doctor Francisco Riva,-32.97957215,-60.6705014,55.0,538.0,Municipio Rosario,Municipio,Rosario,820210,Servicio de Catastro e Información Territorial,IGN
2013,7470,2013-05-22,Miercoles,0.0,17:00:00,,0.0,2,"Moto/Ciclomotor,Automóvil",Montevideo 3100,3,1,0,0,1,0,1,,Calle,,ROSARIO,Rosario,S/D,S/D,II,Dentro,Urbana,S/D,S/D,Intersección,S/D,S/D,S/D,S/D,S/D,S/D,Colisión,S/D,S/D,Cordón divisorio,S/D,"-32.9512478, -60.6677496",['Montevideo 3100'],1,Montevideo 3100,-32.9512478,-60.6677496,55.0,538.0,Municipio Rosario,Municipio,Rosario,820210,Servicio de Catastro e Información Territorial,IGN
2013,7475,2013-06-11,Martes,0.0,15:50:00,,0.0,2,"Moto/Ciclomotor,Automóvil",Nicaragua Y Velez Sarsfield,2,1,0,0,0,0,1,,Calle,,ROSARIO,Rosario,Asfalto,Pavimento,II,Dentro,Urbana,Ninguna,No existe,Intersección,Bueno,Buena,Diurna,Buen Tiempo,Lateral,S/D,Colisión,S/D,S/D,Ninguna,Sin restricción,POINT (-60.72135480000001 -32.926265599999994),"['Nicaragua', 'Vélez Sarsfield']",2,Nicaragua; Vélez Sarsfield,-32.926265599999994,-60.72135480000001,55.0,538.0,Municipio Rosario,Municipio,Rosario,820210,Servicio de Catastro e Información Territorial,IGN
2013,7477,2013-05-23,Jueves,0.0,,,0.0,1,,Rioja Y ,2,1,0,0,1,0,0,,Avenida,,ROSARIO,Rosario,Asfalto,S/D,II,Dentro,Urbana,S/D,S/D,Intersección,S/D,S/D,S/D,S/D,S/D,S/D,Colisión,S/D,S/D,Cordón divisorio,S/D,"-32.9476796, -60.6384945",['Rioja'],1,Rioja,-32.9476796,-60.6384945,55.0,538.0,Municipio Rosario,Municipio,Rosario,820210,Servicio de Catastro e Información Territorial,IGN
2013,7481,2013-06-02,Domingo,0.0,19:50:00,,0.0,2,"Moto/Ciclomotor,Moto/Ciclomotor",Mendoza Y Bv. Wilde,2,2,0,0,0,0,0,,Avenida,,ROSARIO,Rosario,Asfalto,No existe,II,Dentro,Urbana,Semáforo,Funciona,Intersección,Bueno,Buena,Atardecer,Buen Tiempo,Frontal,S/D,Colisión,Otro,Faltante,Cordón divisorio,Sin restricción,POINT (-60.738499825 -32.9402949),"['Mendoza', 'Bulevar Wilde']",2,Mendoza; Bulevar Wilde,-32.9402949,-60.738499825,55.0,538.0,Municipio Rosario,Municipio,Rosario,820210,Servicio de Catastro e Información Territorial,IGN
2013,7483,2013-06-10,Lunes,0.0,14:50:00,,0.0,2,"Automóvil,Moto/Ciclomotor",Polledo Y Matheu,2,1,0,0,1,0,0,,Calle,,ROSARIO,Rosario,Asfalto,S/D,II,S/D,Urbana,S/D,S/D,Intersección,S/D,S/D,S/D,S/D,Lateral,S/D,Vuelco,S/D,S/D,S/D,S/D,POINT (-60.72039650000001 -32.888927200000005),"['Polledo', 'Matheu']",2,Polledo; Domingo Matheu,-32.888927200000005,-60.72039650000001,55.0,538.0,Municipio Rosario,Municipio,Rosario,820210,Servicio de Catastro e Información Territorial,IGN
2013,7485,2013-06-06,Jueves,0.0,15:00:00,,0.0,2,"Moto/Ciclomotor,Automóvil",Tucuman Y Barra,2,1,0,0,1,0,0,,Calle,,ROSARIO,Rosario,Asfalto,No existe,II,Dentro,Urbana,Ninguna,No existe,Curva,S/D,Buena,Diurna,S/D,Lateral,S/D,Colisión,S/D,Faltante,Ninguna,Sin restricción,POINT (-60.707146400000006 -32.9323929),"['Tucumán', 'Barra']",2,Tucumán; Barraco,-32.9323929,-60.707146400000006,55.0,538.0,Municipio Rosario,Municipio,Rosario,820210,Servicio de Catastro e Información Territorial,IGN
2013,7486,2013-05-21,Martes,0.0,,,0.0,2,"Bicicleta,Automóvil",Castellanos 1035,2,1,0,0,1,0,0,,Calle,,ROSARIO,Rosario,Asfalto,S/D,II,Dentro,Urbana,S/D,S/D,Intersección,S/D,S/D,S/D,S/D,S/D,S/D,Atropello,S/D,S/D,Cordón divisorio,S/D,"-32.94291086938775, -60.6757807122449",['Castellanos 1035'],1,Castellanos 1035,-32.94291086938775,-60.6757807122449,55.0,538.0,Municipio Rosario,Municipio,Rosario,820210,Servicio de Catastro e Información Territorial,IGN
2013,7487,2013-06-04,Martes,0.0,14:30:00,,0.0,2,"Moto/Ciclomotor,Moto/Ciclomotor",Av. Pujato Y Lago Puelo,2,2,0,0,0,0,0,,S/D,,ROSARIO,Rosario,S/D,S/D,II,S/D,Urbana,S/D,S/D,S/D,S/D,S/D,S/D,S/D,S/D,S/D,Colisión,S/D,S/D,S/D,S/D,POINT (-60.72937635 -32.906141999999996),"['Pujato', 'Lago Puelo']",2,Pujato; Diagonal Lago Puelo,-32.906142,-60.72937635,55.0,538.0,Municipio Rosario,Municipio,Rosario,820210,Servicio de Catastro e Información Territorial,IGN
2013,7489,2013-06-15,Sabado,0.0,12:45:00,,0.0,2,"Taxi/Remis,Pickup/Utilitario",Av. Provincias Unidas Y Navarro,2,1,0,0,1,0,0,,Calle,,ROSARIO,Rosario,Asfalto,Pavimento,II,Dentro,Urbana,Ninguna,No existe,Intersección,Bueno,Buena,Diurna,Buen Tiempo,De alcance,S/D,Colisión,S/D,S/D,Cordón divisorio,Sin restricción,POINT (-60.713012649999996 -32.931526899999994),"['Avenida Provincias Unidas', 'Navarro']",2,Avenida Provincias Unidas; Navarro,-32.931526899999994,-60.71301265,55.0,538.0,Municipio Rosario,Municipio,Rosario,820210,Servicio de Catastro e Información Territorial,IGN
2013,7491,2013-06-01,Sabado,0.0,14:30:00,,0.0,2,"Automóvil,Pickup/Utilitario",Bv. Segui Y España,3,2,0,0,1,0,0,,Calle,,ROSARIO,Rosario,Asfalto,No existe,II,Dentro,Urbana,Semáforo,Funciona,Intersección,Bueno,Buena,Diurna,S/D,Lateral,S/D,Colisión,S/D,Faltante,Ninguna,Sin restricción,POINT (-60.65470295 -32.977582),"['Bulevar Juan Francisco Seguí', 'España']",2,Bulevar Juan Francisco Seguí; España,-32.977582,-60.65470295,55.0,538.0,Municipio Rosario,Municipio,Rosario,820210,Servicio de Catastro e Información Territorial,IGN
2013,7495,2013-06-01,Sabado,0.0,18:00:00,,0.0,2,"Automóvil,Bicicleta",Uruguay 2200,2,1,0,0,1,0,0,,Calle,,ROSARIO,Rosario,Asfalto,No existe,II,Dentro,Urbana,Ninguna,No existe,Recta,Bueno,Buena,Atardecer,S/D,S/D,S/D,Atropello,S/D,Faltante,Ninguna,Sin restricción,"-32.9690956, -60.730768",['Uruguay 2200'],1,Uruguay 2200,-32.9690956,-60.730768,55.0,538.0,Municipio Rosario,Municipio,Rosario,820210,Servicio de Catastro e Información Territorial,IGN
2013,7496,2013-06-01,Sabado,0.0,19:00:00,,0.0,2,"Automóvil,Moto/Ciclomotor",Entre Rios Y Garibaldi,2,1,0,0,1,0,0,,Calle,,ROSARIO,Rosario,Asfalto,No existe,II,Dentro,Urbana,Ninguna,No existe,Intersección,Bueno,Buena,Atardecer,S/D,Lateral,S/D,Colisión,S/D,Faltante,Ninguna,Sin restricción,POINT (-60.650899900000006 -32.985483499999994),"['Entre Ríos', 'José Garibaldi']",2,Entre Ríos; José Garibaldi,-32.985483499999994,-60.650899900000006,55.0,538.0,Municipio Rosario,Municipio,Rosario,820210,Servicio de Catastro e Información Territorial,IGN
2013,7497,2013-06-07,Viernes,0.0,21:30:00,,0.0,2,"Moto/Ciclomotor,Pickup/Utilitario",San Lorenzo Y Pje. Copiapo,2,1,0,0,1,0,0,,Calle,,ROSARIO,Rosario,Asfalto,No existe,II,Dentro,Urbana,Ninguna,No existe,Intersección,S/D,Reducida,Nocturna,S/D,Lateral,S/D,Colisión,S/D,Faltante,Ninguna,Sin restricción,POINT (-60.68740220000001 -32.935214699999996),"['San Lorenzo', 'Copiapo']",2,San Lorenzo; Pasaje Copiapó,-32.9352147,-60.68740220000001,55.0,538.0,Municipio Rosario,Municipio,Rosario,820210,Servicio de Catastro e Información Territorial,IGN
2013,7499,2013-06-03,Lunes,0.0,18:30:00,,0.0,2,"Automóvil,Bicicleta",San Martin Y Av. Uriburu,2,1,0,0,1,0,0,,Avenida,,ROSARIO,Rosario,Asfalto,No existe,II,Dentro,Urbana,Semáforo,Funciona,Intersección,Bueno,Buena,Atardecer,S/D,S/D,S/D,Atropello,S/D,"Horizontal,Vertical",Ninguna,Sin restricción,POINT (-60.646703949999996 -32.99069289999999),"['San Martin', 'Uriburu']",2,José de San Martín; Avenida José Uriburu,-32.99069289999999,-60.64670395,55.0,538.0,Municipio Rosario,Municipio,Rosario,820210,Servicio de Catastro e Información Territorial,IGN
2013,7501,2013-06-11,Martes,0.0,18:50:00,,0.0,1,Moto/Ciclomotor,Mendoza Y Av. Circunvalacion,2,2,0,0,0,0,0,,Avenida,,ROSARIO,Rosario,Asfalto,Pavimento,II,Dentro,Urbana,Ninguna,Funciona,Recta,Con baches,Buena,Diurna,Buen Tiempo,S/D,S/D,Caída ocupante,Otro,Faltante,Cordón divisorio,Sin restricción,POINT (-60.72253500134355 -32.94050844672854),"['Mendoza', 'Circunvalacion']",2,Mendoza; Avenida de Circunvalación 25 de Mayo,-32.94050844672854,-60.72253500134355,55.0,538.0,Municipio Rosario,Municipio,Rosario,820210,Servicio de Catastro e Información Territorial,IGN
2013,7504,2013-06-04,Martes,0.0,18:30:00,,0.0,2,"Taxi/Remis,Moto/Ciclomotor",Callao Y Biedma,2,1,0,0,1,0,0,,Calle,,ROSARIO,Rosario,Asfalto,No existe,II,Dentro,Urbana,Semáforo,No existe,Intersección,Bueno,Buena,Atardecer,S/D,Lateral,S/D,Colisión,S/D,Faltante,Ninguna,Sin restricción,POINT (-60.668871700000004 -32.97745859999999),"['Callao', 'Coronel Biedma']",2,Callao; Coronel Biedma,-32.97745859999999,-60.6688717,55.0,538.0,Municipio Rosario,Municipio,Rosario,820210,Servicio de Catastro e Información Territorial,IGN
2013,7505,2013-06-03,Lunes,0.0,18:00:00,,0.0,2,"Pickup/Utilitario,Moto/Ciclomotor",Av. Ntra.Sra.del Rosario 1200,2,1,0,0,1,0,0,,Avenida,,ROSARIO,Rosario,Asfalto,No existe,II,Dentro,Urbana,Ninguna,No existe,Intersección,Bueno,Buena,Atardecer,S/D,Lateral,S/D,Colisión,S/D,Faltante,Ninguna,Sin restricción,"-32.9997432, -60.6154115",['Ntra Sra Del Rosario 1200'],1,Ntra Sra Del Rosario 1200,-32.9997432,-60.6154115,55.0,538.0,Municipio Rosario,Municipio,Rosario,820210,Servicio de Catastro e Información Territorial,IGN
2013,7507,2013-06-10,Lunes,0.0,19:45:00,,0.0,2,"Automóvil,Automóvil",Av. Circunvalacion Y Mendoza,4,4,0,0,0,0,0,,Avenida,,ROSARIO,Rosario,Asfalto,Pavimento,II,Dentro,Urbana,Ninguna,Funciona,Recta,Otro,Buena,Atardecer,Buen Tiempo,Frontal,S/D,Colisión,Otro,Faltante,Cordón divisorio,Sin restricción,POINT (-60.72253500134355 -32.94050844672854),"['Circunvalacion', 'Mendoza']",2,Avenida de Circunvalación 25 de Mayo; Mendoza,-32.94050844672854,-60.72253500134355,55.0,538.0,Municipio Rosario,Municipio,Rosario,820210,Servicio de Catastro e Información Territorial,IGN
2013,7508,2013-06-03,Lunes,0.0,13:30:00,,0.0,2,"Moto/Ciclomotor,Automóvil",San Martin Y Bv. Segui,3,2,0,0,1,0,0,,Calle,,ROSARIO,Rosario,Asfalto,No existe,II,Dentro,Urbana,Semáforo,Funciona,Intersección,Bueno,Buena,Diurna,S/D,Lateral,S/D,Colisión,S/D,"Horizontal,Vertical",Ninguna,Sin restricción,POINT (-60.644363766666665 -32.97948086666666),"['San Martin', 'Bulevar Juan Francisco Seguí']",2,José de San Martín; Bulevar Juan Francisco Seguí,-32.97948086666666,-60.644363766666665,55.0,538.0,Municipio Rosario,Municipio,Rosario,820210,Servicio de Catastro e Información Territorial,IGN
2013,7511,2013-06-04,Martes,0.0,18:15:00,,0.0,2,"Automóvil,Bicicleta",San Martin Y Dr.Rivas,2,1,0,0,1,0,0,,Calle,,ROSARIO,Rosario,Asfalto,No existe,II,Dentro,Urbana,Semáforo,Funciona,Intersección,Bueno,Buena,Atardecer,S/D,S/D,S/D,Atropello,S/D,Faltante,Ninguna,Sin restricción,POINT (-60.645282200000004 -32.984076599999995),"['San Martin', 'Doctor Francisco Riva']",2,José de San Martín; Doctor Francisco Riva,-32.984076599999995,-60.6452822,55.0,538.0,Municipio Rosario,Municipio,Rosario,820210,Servicio de Catastro e Información Territorial,IGN
2013,7512,2013-06-10,Lunes,0.0,12:30:00,,0.0,2,"Peatón,Automóvil",Junin Y Camilo Aldao,2,1,0,0,1,0,0,,Calle,,ROSARIO,Rosario,Asfalto,No existe,II,Dentro,Urbana,Semáforo,Funciona,Intersección,S/D,Buena,Diurna,S/D,Otro,S/D,Atropello,S/D,Horizontal,Ninguna,Sin restricción,POINT (-60.6964648 -32.9271327),"['Junín', 'Camilo Aldao']",2,Junín; Camilo Aldao,-32.9271327,-60.6964648,55.0,538.0,Municipio Rosario,Municipio,Rosario,820210,Servicio de Catastro e Información Territorial,IGN
2013,7514,2013-06-06,Jueves,0.0,18:00:00,,0.0,2,"Automóvil,Moto/Ciclomotor",Baigorria Y Pje. M.Garcia,3,2,0,0,1,0,0,,Calle,,ROSARIO,Rosario,Asfalto,No existe,II,S/D,Urbana,Ninguna,No existe,Intersección,Bueno,Buena,Diurna,Buen Tiempo,Lateral,S/D,Colisión,Otro,Faltante,Ninguna,Sin restricción,POINT (-60.7144162 -32.89385119999999),"['Baigorria', 'Garcia']",2,"('Baigorria', 'Manuel García')",-32.89385119999999,-60.7144162,55.0,538.0,Municipio Rosario,Municipio,Rosario,820210,Servicio de Catastro e Información Territorial,IGN
2013,7516,2013-06-11,Martes,0.0,17:15:00,,0.0,3,"Bicicleta,Moto/Ciclomotor,Automóvil",Mendoza Y Furlong,4,3,0,0,1,0,0,,Avenida,,ROSARIO,Rosario,Asfalto,No existe,II,Dentro,Urbana,Ninguna,No existe,Recta,Bueno,Buena,Atardecer,Buen Tiempo,S/D,S/D,Atropello,Otro,Faltante,Cordón divisorio,Sin restricción,POINT (-60.735218950000004 -32.940202049999996),"['Mendoza', 'Furlong']",2,Mendoza; Furlong,-32.94020205,-60.73521895,55.0,538.0,Municipio Rosario,Municipio,Rosario,820210,Servicio de Catastro e Información Territorial,IGN
2013,7520,2013-06-15,Sabado,0.0,17:00:00,,0.0,2,"Automóvil,Automóvil",San Lorenzo Y Sucre,4,1,0,0,3,0,0,,Calle,,ROSARIO,Rosario,Asfalto,No existe,II,Dentro,Urbana,Ninguna,No existe,Curva,S/D,Buena,Diurna,S/D,Lateral,S/D,Colisión,S/D,Faltante,Ninguna,Sin restricción,POINT (-60.689453799999995 -32.934847999999995),"['San Lorenzo', 'Sucre']",2,San Lorenzo; Sucre,-32.934847999999995,-60.6894538,55.0,538.0,Municipio Rosario,Municipio,Rosario,820210,Servicio de Catastro e Información Territorial,IGN