anio_acci,nro_acci,fecha,desc_dia,fecha_aprox,hora_aprox,desc_ruta,km,cant_participantes,desc_participante,calle_avenida_km,total,heridos_leves,heridos_graves,heridos_gravisimos,ilesos,fallecidos,sin_datos,posicion_XY,desc_tipo_via,desc_ruta_ori,desc_loc,desc_dpto,desc_tipo_calzada,desc_tipo_banquina,desc_unidad_regional,desc_lugar_calzada,desc_zona,desc_prioridad,desc_estado_semaforo,desc_lugar_via,desc_estado_via,desc_estado_visibilidad,desc_luminosidad,desc_estado_clima,desc_tipo_colision,desc_tipo_atropello,desc_tipo_hecho,desc_pres_calzada,desc_senializacion,desc_separacion_via,desc_restriccion,forma_geocod,calle_lista,numero_calles,calles_osm,lat,lon,index_right,gid,fna,gna,nam,in1,fdc,sag
2013,7523,2013-05-02,Jueves,0.0,19:30:00,,0.0,2,"Automóvil,Moto/Ciclomotor",Mendoza Y J.Colombres,2,2,0,0,0,0,0,,Avenida,,ROSARIO,Rosario,Asfalto,Pavimento,II,Dentro,Urbana,Semáforo,Funciona,Intersección,Bueno,Buena,Atardecer,Buen Tiempo,Frontal,S/D,Colisión,Agua,Horizontal,Cordón divisorio,Sin restricción,POINT (-60.729335899999995 -32.940691099999995),"['Mendoza', 'José Colombres']",2,Mendoza; José Colombres,-32.940691099999995,-60.7293359,55.0,538.0,Municipio Rosario,Municipio,Rosario,820210,Servicio de Catastro e Información Territorial,IGN
2013,7526,2013-06-04,Martes,0.0,18:50:00,,0.0,2,"Moto/Ciclomotor,Automóvil",Dean Funes Y Entre Rios,2,1,0,0,1,0,0,,Calle,,ROSARIO,Rosario,Asfalto,No existe,II,Dentro,Urbana,Ninguna,No existe,Intersección,Bueno,Buena,Atardecer,S/D,Lateral,S/D,Colisión,S/D,Faltante,Ninguna,Sin restricción,POINT (-60.6483161 -32.9751589),"['Deán Gregorio Funes', 'Entre Ríos']",2,Deán Gregorio Funes; Entre Ríos,-32.9751589,-60.6483161,55.0,538.0,Municipio Rosario,Municipio,Rosario,820210,Servicio de Catastro e Información Territorial,IGN
2013,7539,2013-06-02,Domingo,0.0,17:00:00,,0.0,2,"Bicicleta,Automóvil",Bv. 27 De Febrero Y Entre Rios,2,1,0,0,1,0,0,,Avenida,,ROSARIO,Rosario,Asfalto,S/D,II,Dentro,Urbana,S/D,S/D,Recta,Bueno,Buena,Diurna,Buen Tiempo,S/D,S/D,Atropello,S/D,S/D,S/D,S/D,POINT (-60.64626885000001 -32.967096450000014),"['27 de Febrero', 'Entre Ríos']",2,Bulevar 27 de Febrero; Entre Ríos,-32.967096450000014,-60.64626885000001,55.0,538.0,Municipio Rosario,Municipio,Rosario,820210,Servicio de Catastro e Información Territorial,IGN
2013,7540,2013-06-15,Sabado,0.0,11:30:00,,0.0,2,"Moto/Ciclomotor,Automóvil",Necochea Y Cerrito,2,0,1,0,1,0,0,,Calle,,ROSARIO,Rosario,Asfalto,No existe,II,Dentro,Urbana,Señal Pare,No existe,Intersección,Bueno,Buena,Diurna,Buen Tiempo,Lateral,S/D,Colisión,S/D,Vertical,Cordón divisorio,Sin restricción,POINT (-60.628048699999994 -32.96436419999999),"['Necochea', 'Cerrito']",2,Necochea; Cerrito,-32.96436419999999,-60.6280487,55.0,538.0,Municipio Rosario,Municipio,Rosario,820210,Servicio de Catastro e Información Territorial,IGN
2013,7541,2013-06-05,Miercoles,0.0,10:00:00,,0.0,2,"Moto/Ciclomotor,Automóvil",Pte.Roca Y Cochabamba,2,1,0,0,1,0,0,,Calle,,ROSARIO,Rosario,Asfalto,S/D,II,Dentro,S/D,S/D,S/D,Recta,Bueno,Buena,Diurna,Buen Tiempo,De alcance,S/D,Colisión,S/D,S/D,S/D,S/D,POINT (-60.6481136 -32.957187099999985),"['Roca', 'Cochabamba']",2,Presidente Roca; Cochabamba,-32.957187099999985,-60.6481136,55.0,538.0,Municipio Rosario,Municipio,Rosario,820210,Servicio de Catastro e Información Territorial,IGN
2013,7542,2013-06-13,Jueves,0.0,,,0.0,2,"Automóvil,Automóvil",Salva Y Lainez,3,3,0,0,0,0,0,,S/D,,ROSARIO,Rosario,S/D,No existe,II,S/D,S/D,Ninguna,No existe,Intersección,Bueno,Buena,S/D,S/D,S/D,S/D,S/D,Otro,S/D,Ninguna,S/D,POINT (-60.6401138 -33.0050585),"['Salva', 'Láinez']",2,Salvat; Láinez,-33.0050585,-60.6401138,55.0,538.0,Municipio Rosario,Municipio,Rosario,820210,Servicio de Catastro e Información Territorial,IGN
2013,7543,2013-06-02,Domingo,0.0,09:00:00,,0.0,2,"Automóvil,Moto/Ciclomotor",Entre Rios Y Virasoro,5,2,0,0,3,0,0,,Calle,,ROSARIO,Rosario,Asfalto,S/D,II,Dentro,Urbana,S/D,S/D,Intersección,Bueno,Buena,Diurna,Buen Tiempo,De alcance,S/D,Colisión,S/D,S/D,S/D,S/D,POINT (-60.6468657 -32.9694381),"['Entre Ríos', 'Virasoro']",2,Entre Ríos; Benjamín Virasoro,-32.9694381,-60.6468657,55.0,538.0,Municipio Rosario,Municipio,Rosario,820210,Servicio de Catastro e Información Territorial,IGN
2013,7544,2013-06-06,Jueves,0.0,20:00:00,,0.0,2,"Moto/Ciclomotor,Automóvil",España Y La Paz,3,1,0,0,2,0,0,,Calle,,ROSARIO,Rosario,Asfalto,S/D,II,Dentro,Urbana,S/D,S/D,Cruce,Bueno,Buena,Nocturna,Buen Tiempo,De alcance,S/D,Colisión,S/D,S/D,S/D,S/D,POINT (-60.650946700000006 -32.962692399999995),"['España', 'La Paz']",2,España; La Paz,-32.962692399999995,-60.650946700000006,55.0,538.0,Municipio Rosario,Municipio,Rosario,820210,Servicio de Catastro e Información Territorial,IGN
2013,7545,2013-06-06,Jueves,0.0,19:50:00,,0.0,2,"Moto/Ciclomotor,Automóvil",Colon Y Pje. Villar,5,2,0,0,2,1,0,,Calle,,ROSARIO,Rosario,Asfalto,No existe,II,Dentro,Urbana,Marca Vial,No existe,Intersección,Bueno,Buena,"Atardecer,Con luz artificial",Buen Tiempo,Lateral,S/D,Colisión,S/D,Vertical,Línea divisoria pintada,Sin restricción,POINT (-60.63359940000001 -32.980827899999994),"['Colon', 'Villar']",2,Cristóbal Colón; Villar,-32.980827899999994,-60.63359940000001,55.0,538.0,Municipio Rosario,Municipio,Rosario,820210,Servicio de Catastro e Información Territorial,IGN
2013,7546,2013-06-01,Sabado,0.0,16:20:00,,0.0,2,"Moto/Ciclomotor,Taxi/Remis",Rioja Y Mitre,3,1,0,0,2,0,0,,Calle,,ROSARIO,Rosario,Asfalto,S/D,II,Dentro,Urbana,Ninguna,No existe,Intersección,Con baches,Buena,Diurna,Buen Tiempo,Lateral,S/D,Colisión,S/D,Faltante,S/D,Sin restricción,POINT (-60.63989050000001 -32.947396000000005),"['Rioja', 'Mitre']",2,Rioja; Bartolomé Mitre,-32.947396000000005,-60.63989050000001,55.0,538.0,Municipio Rosario,Municipio,Rosario,820210,Servicio de Catastro e Información Territorial,IGN
2013,7547,2013-06-02,Domingo,0.0,09:30:00,,0.0,2,"Bicicleta,Automóvil",Laprida Y Rueda,2,1,0,0,1,0,0,,Calle,,ROSARIO,Rosario,Asfalto,No existe,II,Dentro,Urbana,Marca Vial,S/D,Intersección,Bueno,Buena,Diurna,Buen Tiempo,S/D,S/D,Atropello,Otro,Vertical,S/D,Sin restricción,POINT (-60.6404177 -32.971787199999994),"['Laprida', 'Rueda']",2,Francisco Narciso Laprida; Rueda,-32.971787199999994,-60.6404177,55.0,538.0,Municipio Rosario,Municipio,Rosario,820210,Servicio de Catastro e Información Territorial,IGN
2013,7548,2013-06-01,Sabado,0.0,19:30:00,,0.0,2,"Bicicleta,Automóvil",Ituzaingo ,2,1,0,0,1,0,0,,Calle,,ROSARIO,Rosario,Asfalto,S/D,II,Dentro,Urbana,S/D,S/D,Recta,Bueno,Buena,Nocturna,Buen Tiempo,S/D,S/D,Atropello,S/D,S/D,S/D,S/D,"-32.956319, -60.6664214",['Ituzaingó'],1,Ituzaingó,-32.956319,-60.6664214,55.0,538.0,Municipio Rosario,Municipio,Rosario,820210,Servicio de Catastro e Información Territorial,IGN
2013,7549,2013-06-05,Miercoles,0.0,13:45:00,,0.0,2,"Taxi/Remis,Automóvil",Italia Y Riobamba,2,1,0,0,1,0,0,,Calle,,ROSARIO,Rosario,Asfalto,S/D,II,Dentro,Urbana,S/D,S/D,Intersección,Bueno,Buena,Diurna,Buen Tiempo,De alcance,S/D,Colisión,S/D,S/D,S/D,S/D,POINT (-60.6520438 -32.96129359999999),"['Italia', 'Riobamba']",2,Italia; Riobamba,-32.96129359999999,-60.6520438,55.0,538.0,Municipio Rosario,Municipio,Rosario,820210,Servicio de Catastro e Información Territorial,IGN
2013,7550,2013-06-02,Domingo,0.0,09:00:00,,0.0,2,"Automóvil,Automóvil",Viamonte Y Av. Corrientes,3,1,0,0,2,0,0,,Calle,,ROSARIO,Rosario,Asfalto,S/D,II,Dentro,Urbana,S/D,S/D,Intersección,Bueno,Buena,Diurna,Buen Tiempo,De alcance,S/D,Colisión,S/D,S/D,S/D,S/D,POINT (-60.6471065 -32.96460619999999),"['Viamonte', 'Corrientes']",2,Viamonte; Corrientes,-32.96460619999999,-60.6471065,55.0,538.0,Municipio Rosario,Municipio,Rosario,820210,Servicio de Catastro e Información Territorial,IGN
2013,7551,2013-06-14,Viernes,0.0,17:00:00,,0.0,2,"Automóvil,Camión",Ocampo Y Chacabuco,3,2,0,0,1,0,0,,Calle,,ROSARIO,Rosario,Asfalto,No existe,II,Dentro,Urbana,Señal Pare,No existe,Intersección,Bueno,Buena,Diurna,Buen Tiempo,Otro,S/D,Otro,S/D,"Horizontal,Vertical",Cordón divisorio,Sin restricción,POINT (-60.62783100000001 -32.96918850000001),"['Ocampo', 'Chacabuco']",2,Ocampo; Chacabuco,-32.96918850000001,-60.62783100000001,55.0,538.0,Municipio Rosario,Municipio,Rosario,820210,Servicio de Catastro e Información Territorial,IGN
2013,7552,2013-06-08,Sabado,0.0,14:35:00,,0.0,2,"Automóvil,Moto/Ciclomotor",Entre Rios 2100,4,2,0,0,2,0,0,,Calle,,ROSARIO,Rosario,Asfalto,S/D,II,Dentro,Urbana,S/D,S/D,Cruce,Bueno,Buena,Diurna,Buen Tiempo,De alcance,S/D,Colisión,S/D,S/D,S/D,S/D,"-32.9612374, -60.6448618",['Entre Rios 2100'],1,Entre Rios 2100,-32.9612374,-60.6448618,55.0,538.0,Municipio Rosario,Municipio,Rosario,820210,Servicio de Catastro e Información Territorial,IGN
2013,7553,2013-06-09,Domingo,0.0,18:45:00,,0.0,2,"Moto/Ciclomotor,Automóvil",Buenos Aires Y Dr.Rivas,3,2,0,0,1,0,0,,Calle,,ROSARIO,Rosario,Asfalto,No existe,II,Dentro,Urbana,Marca Vial,No existe,Intersección,Bueno,Buena,Atardecer,Buen Tiempo,Lateral,S/D,Colisión,S/D,Vertical,Línea divisoria pintada,Sin restricción,POINT (-60.64209 -32.9846811),"['Buenos Aires', 'Doctor Francisco Riva']",2,Buenos Aires; Doctor Francisco Riva,-32.9846811,-60.64209,55.0,538.0,Municipio Rosario,Municipio,Rosario,820210,Servicio de Catastro e Información Territorial,IGN
2013,7554,2013-06-03,Lunes,0.0,11:45:00,,0.0,2,"Automóvil,Automóvil",Av. Pellegrini Y España,3,1,0,0,2,0,0,,Avenida,,ROSARIO,Rosario,Asfalto,S/D,II,Dentro,Urbana,S/D,S/D,Recta,Bueno,Buena,Diurna,Buen Tiempo,De alcance,S/D,Colisión,S/D,S/D,S/D,S/D,POINT (-60.6492162 -32.95580995),"['Pellegrini', 'España']",2,Avenida Carlos Pellegrini; España,-32.95580995,-60.6492162,55.0,538.0,Municipio Rosario,Municipio,Rosario,820210,Servicio de Catastro e Información Territorial,IGN
2013,7555,2013-06-03,Lunes,0.0,18:15:00,,0.0,2,"Automóvil,Moto/Ciclomotor",Italia Y Santa Fe,3,1,0,0,2,0,0,,Calle,,ROSARIO,Rosario,Asfalto,S/D,II,Dentro,Urbana,Semáforo,Funciona,Recta,Bueno,Buena,Atardecer,Buen Tiempo,Frontal,S/D,Colisión,S/D,Vertical,S/D,Sin restricción,POINT (-60.6475241 -32.94334839999999),"['Italia', 'Santa Fe']",2,Italia; Santa Fe,-32.94334839999999,-60.6475241,55.0,538.0,Municipio Rosario,Municipio,Rosario,820210,Servicio de Catastro e Información Territorial,IGN
2013,7556,2013-06-06,Jueves,0.0,12:40:00,,0.0,2,"Moto/Ciclomotor,Moto/Ciclomotor",Grandoli Y Ayolas,2,1,0,0,1,0,0,,Calle,,ROSARIO,Rosario,Asfalto,No existe,II,Dentro,Urbana,Marca Vial,No existe,Intersección,Bueno,Buena,Diurna,Buen Tiempo,Lateral,S/D,Colisión,Otro,Vertical,Cordón divisorio,Sin restricción,POINT (-60.627759100000006 -32.98002065),"['Avenida Abanderado Grandoli', 'Ayolas']",2,Avenida Abanderado Grandoli; Ayolas,-32.98002065,-60.627759100000006,55.0,538.0,Municipio Rosario,Municipio,Rosario,820210,Servicio de Catastro e Información Territorial,IGN
2013,7557,2013-06-10,Lunes,0.0,15:30:00,,0.0,2,"Moto/Ciclomotor,Automóvil",Pavon Y Av. Uriburu,2,1,0,0,1,0,0,,Avenida,,ROSARIO,Rosario,Asfalto,No existe,II,Dentro,Urbana,Ninguna,No existe,Intersección,Bueno,S/D,Diurna,S/D,Lateral,S/D,Colisión,S/D,S/D,Ninguna,Sin restricción,POINT (-60.63463709999999 -32.9902797),"['Pavón', 'Uriburu']",2,Pavón; Avenida José Uriburu,-32.9902797,-60.63463709999999,55.0,538.0,Municipio Rosario,Municipio,Rosario,820210,Servicio de Catastro e Información Territorial,IGN
2013,7558,2013-06-05,Miercoles,0.0,11:45:00,,0.0,2,"Automóvil,Bicicleta",Av. Pellegrini Y España,2,1,0,0,1,0,0,,Avenida,,ROSARIO,Rosario,Asfalto,Ripio,II,Dentro,S/D,S/D,S/D,Recta,Bueno,Buena,Diurna,Buen Tiempo,S/D,S/D,Atropello,S/D,S/D,S/D,S/D,POINT (-60.6492162 -32.95580995),"['Pellegrini', 'España']",2,Avenida Carlos Pellegrini; España,-32.95580995,-60.6492162,55.0,538.0,Municipio Rosario,Municipio,Rosario,820210,Servicio de Catastro e Información Territorial,IGN
2013,7559,2013-06-12,Miercoles,0.0,13:00:00,,0.0,2,"Automóvil,Pickup/Utilitario",Buenos Aires Y La Paz,2,1,0,0,1,0,0,,Calle,,ROSARIO,Rosario,Asfalto,No existe,II,Dentro,Urbana,Señal Pare,No existe,Intersección,Bueno,Buena,Diurna,Buen Tiempo,Lateral,S/D,Colisión,S/D,Vertical,Cordón divisorio,Sin restricción,POINT (-60.6371524 -32.96514349999999),"['Buenos Aires', 'La Paz']",2,Buenos Aires; La Paz,-32.96514349999999,-60.6371524,55.0,538.0,Municipio Rosario,Municipio,Rosario,820210,Servicio de Catastro e Información Territorial,IGN
2013,7560,2013-06-10,Lunes,0.0,12:00:00,,0.0,2,"Taxi/Remis,Automóvil",Amenabar Y Laprida,2,1,0,0,1,0,0,,Calle,,ROSARIO,Rosario,Asfalto,No existe,II,Dentro,Urbana,Marca Vial,No existe,Intersección,Bueno,Buena,Diurna,Buen Tiempo,Lateral,S/D,Colisión,S/D,Vertical,Línea divisoria pintada,Sin restricción,POINT (-60.640707500000005 -32.97290979999999),"['Amenabar', 'Laprida']",2,José de Amenábar; Francisco Narciso Laprida,-32.97290979999999,-60.640707500000005,55.0,538.0,Municipio Rosario,Municipio,Rosario,820210,Servicio de Catastro e Información Territorial,IGN
2013,7561,2013-06-03,Lunes,0.0,16:40:00,,0.0,2,"Automóvil,Moto/Ciclomotor",Galvez Y Suipacha,2,1,0,0,1,0,0,,Calle,,ROSARIO,Rosario,Asfalto,S/D,II,Dentro,Urbana,S/D,S/D,Intersección,Bueno,Buena,Diurna,Buen Tiempo,De alcance,S/D,Colisión,S/D,S/D,S/D,S/D,POINT (-60.669811499999994 -32.96412999999998),"['Galvez', 'Suipacha']",2,José Gálvez; Suipacha,-32.96412999999998,-60.6698115,55.0,538.0,Municipio Rosario,Municipio,Rosario,820210,Servicio de Catastro e Información Territorial,IGN
2013,7562,2013-06-08,Sabado,0.0,13:25:00,,0.0,2,"Automóvil,Moto/Ciclomotor",Bv. 27 De Febrero Y Rodriguez,2,1,0,0,1,0,0,,Avenida,,ROSARIO,Rosario,Asfalto,S/D,II,Dentro,Urbana,S/D,S/D,Cruce,Bueno,Buena,Diurna,Buen Tiempo,De alcance,S/D,Colisión,S/D,S/D,S/D,S/D,POINT (-60.664033700000005 -32.9639167),"['27 de Febrero', 'Rodríguez']",2,Bulevar 27 de Febrero; Rodríguez de Escobedo,-32.9639167,-60.664033700000005,55.0,538.0,Municipio Rosario,Municipio,Rosario,820210,Servicio de Catastro e Información Territorial,IGN
2013,7563,2013-06-05,Miercoles,0.0,14:00:00,,0.0,3,"Automóvil,Automóvil,Automóvil",Av. Ovidio Lagos Y Godoy Cruz,4,1,0,0,3,0,0,,Avenida,,ROSARIO,Rosario,Asfalto,S/D,II,Dentro,Urbana,S/D,S/D,Recta,Bueno,Buena,Diurna,Buen Tiempo,De alcance,S/D,Colisión,S/D,S/D,S/D,S/D,POINT (-60.6647377 -32.955408150000004),"['Avenida Ovidio Lagos', 'Avenida Presidente Perón']",2,Avenida Ovidio Lagos; Avenida Presidente Perón,-32.955408150000004,-60.6647377,55.0,538.0,Municipio Rosario,Municipio,Rosario,820210,Servicio de Catastro e Información Territorial,IGN
2013,7564,2013-06-11,Martes,0.0,17:15:00,,0.0,2,"Automóvil,Automóvil",Laprida Y Ocampo,5,2,0,0,3,0,0,,Calle,,ROSARIO,Rosario,Asfalto,No existe,II,Dentro,Urbana,Ninguna,No existe,Intersección,Bueno,Buena,Diurna,Buen Tiempo,"Frontal,Lateral",S/D,Colisión,S/D,Faltante,Cordón divisorio,Sin restricción,POINT (-60.6392734 -32.967158299999994),"['Laprida', 'Ocampo']",2,Francisco Narciso Laprida; Ocampo,-32.967158299999994,-60.6392734,55.0,538.0,Municipio Rosario,Municipio,Rosario,820210,Servicio de Catastro e Información Territorial,IGN
2013,7565,2013-06-10,Lunes,0.0,12:15:00,,0.0,2,"Moto/Ciclomotor,Transporte de Pasajeros Urbano (> 8 asientos)",L.N.Alem Y Amenabar,2,1,0,0,1,0,0,,Calle,,ROSARIO,Rosario,Asfalto,No existe,II,Dentro,Urbana,Marca Vial,No existe,Intersección,Bueno,Buena,Diurna,Buen Tiempo,Lateral,S/D,Colisión,S/D,Vertical,Línea divisoria pintada,Sin restricción,POINT (-60.634784399999994 -32.9739879),"['Alem', 'Amenabar']",2,Leandro N. Alem; José de Amenábar,-32.9739879,-60.6347844,55.0,538.0,Municipio Rosario,Municipio,Rosario,820210,Servicio de Catastro e Información Territorial,IGN
2013,7567,2013-06-06,Jueves,0.0,13:30:00,,0.0,2,"Moto/Ciclomotor,Automóvil",Colon Y Gaboto,2,1,0,0,1,0,0,,Calle,,ROSARIO,Rosario,Asfalto,No existe,II,Dentro,Urbana,Marca Vial,No existe,Intersección,Bueno,Buena,Diurna,Buen Tiempo,Lateral,S/D,Colisión,Otro,Vertical,S/D,Sin restricción,POINT (-60.63230000000001 -32.9756052),"['Colon', 'Gaboto']",2,Cristóbal Colón; Gaboto,-32.9756052,-60.63230000000001,55.0,538.0,Municipio Rosario,Municipio,Rosario,820210,Servicio de Catastro e Información Territorial,IGN
2013,7568,2013-06-06,Jueves,0.0,20:40:00,,0.0,2,"Moto/Ciclomotor,Camión",San Martin Y Av. Uriburu,2,1,0,0,1,0,0,,S/D,,ROSARIO,Rosario,Asfalto,No existe,II,S/D,Urbana,S/D,No existe,Intersección,Otro,Buena,Atardecer,S/D,Lateral,S/D,Colisión,Otro,S/D,S/D,Sin restricción,POINT (-60.646703949999996 -32.99069289999999),"['San Martin', 'Uriburu']",2,José de San Martín; Avenida José Uriburu,-32.99069289999999,-60.64670395,55.0,538.0,Municipio Rosario,Municipio,Rosario,820210,Servicio de Catastro e Información Territorial,IGN
2013,7569,2013-06-09,Domingo,0.0,17:20:00,,0.0,2,"Automóvil,Automóvil",Av. Dante Alighieri ,6,3,0,0,3,0,0,,Avenida,,ROSARIO,Rosario,Asfalto,S/D,II,Dentro,S/D,S/D,S/D,Recta,Bueno,Buena,Diurna,Buen Tiempo,De alcance,S/D,Colisión,S/D,S/D,S/D,S/D,"-32.9616559, -60.65754",['Dante Alighieri'],1,Dante Alighieri,-32.9616559,-60.65754,55.0,538.0,Municipio Rosario,Municipio,Rosario,820210,Servicio de Catastro e Información Territorial,IGN
2013,7571,2013-06-03,Lunes,0.0,12:00:00,,0.0,1,Transporte de Pasajeros Urbano (> 8 asientos),Dorrego Y E.Zeballos,2,1,0,0,1,0,0,,Calle,,ROSARIO,Rosario,Asfalto,S/D,II,Dentro,Urbana,Ninguna,No existe,Intersección,Bueno,Buena,Diurna,Buen Tiempo,Otro,S/D,Caída ocupante,S/D,Faltante,S/D,Sin restricción,POINT (-60.6513524 -32.95302869999999),"['Dorrego', 'Zeballos']",2,Manuel Dorrego; Zeballos,-32.95302869999999,-60.6513524,55.0,538.0,Municipio Rosario,Municipio,Rosario,820210,Servicio de Catastro e Información Territorial,IGN
2013,7573,2013-06-10,Lunes,0.0,16:00:00,,0.0,2,"Moto/Ciclomotor,Automóvil",Necochea Y Pte.Quintana,3,1,0,0,2,0,0,,Calle,,ROSARIO,Rosario,Asfalto,No existe,II,Dentro,Urbana,Marca Vial,No existe,Intersección,Bueno,Buena,Diurna,Buen Tiempo,Lateral,S/D,Colisión,S/D,Vertical,Línea divisoria pintada,Sin restricción,POINT (-60.6332612 -32.9850252),"['Necochea', 'Quintana']",2,Necochea; Presidente Quintana,-32.9850252,-60.6332612,55.0,538.0,Municipio Rosario,Municipio,Rosario,820210,Servicio de Catastro e Información Territorial,IGN
2013,7575,2013-06-06,Jueves,0.0,,,0.0,2,"Moto/Ciclomotor,Transporte de Pasajeros Urbano (> 8 asientos)",Galvez Y Paraguay,3,2,0,0,1,0,0,,Calle,,ROSARIO,Rosario,Asfalto,S/D,II,Dentro,Urbana,S/D,S/D,Intersección,Bueno,Buena,S/D,Buen Tiempo,Lateral,S/D,Colisión,S/D,S/D,S/D,S/D,POINT (-60.64936409999999 -32.9677811),"['Galvez', 'Paraguay']",2,José Gálvez; Paraguay,-32.9677811,-60.64936409999999,55.0,538.0,Municipio Rosario,Municipio,Rosario,820210,Servicio de Catastro e Información Territorial,IGN
2013,7576,2013-06-01,Sabado,0.0,21:40:00,,0.0,2,"Moto/Ciclomotor,Automóvil",L.N.Alem Y Ayolas,3,2,0,0,1,0,0,,Calle,,ROSARIO,Rosario,Asfalto,No existe,II,Dentro,Urbana,Semáforo,Funciona,Intersección,Bueno,Buena,"Nocturna,Con luz artificial",Buen Tiempo,Lateral,S/D,Colisión,Otro,Vertical,S/D,Sin restricción,POINT (-60.635922 -32.9785708),"['Alem', 'Ayolas']",2,Leandro N. Alem; Ayolas,-32.9785708,-60.635922,55.0,538.0,Municipio Rosario,Municipio,Rosario,820210,Servicio de Catastro e Información Territorial,IGN
2013,7577,2013-06-10,Lunes,0.0,18:30:00,,0.0,2,"Automóvil,Camión",Av. Pellegrini Y Bv. Oroño,2,1,0,0,1,0,0,,Avenida,,ROSARIO,Rosario,Asfalto,S/D,II,Dentro,S/D,S/D,S/D,Rotonda,Bueno,Buena,Atardecer,Buen Tiempo,De alcance,S/D,Colisión,S/D,S/D,S/D,S/D,POINT (-60.656023850000004 -32.95457175),"['Pellegrini', 'Bulevar Nicasio Oroño']",2,Avenida Carlos Pellegrini; Bulevar Nicasio Oroño,-32.95457175,-60.65602385,55.0,538.0,Municipio Rosario,Municipio,Rosario,820210,Servicio de Catastro e Información Territorial,IGN
2013,7579,2013-06-03,Lunes,0.0,22:00:00,,0.0,2,"Automóvil,Automóvil",3 De Febrero Y Mariano Moreno,3,1,0,0,2,0,0,,Calle,,ROSARIO,Rosario,Asfalto,S/D,II,Dentro,Urbana,Ninguna,No existe,Intersección,Bueno,Buena,"Nocturna,Con luz artificial",Buen Tiempo,Lateral,S/D,Colisión,S/D,Faltante,S/D,Sin restricción,POINT (-60.6522175 -32.95056480000001),"['3 de Febrero', 'Mariano Moreno']",2,3 de Febrero; Mariano Moreno,-32.95056480000001,-60.6522175,55.0,538.0,Municipio Rosario,Municipio,Rosario,820210,Servicio de Catastro e Información Territorial,IGN
2013,7581,2013-06-06,Jueves,0.0,17:20:00,,0.0,2,"Camión,Moto/Ciclomotor",Dorrego Y Viamonte,2,1,0,0,1,0,0,,Calle,,ROSARIO,Rosario,Asfalto,S/D,II,Dentro,Urbana,S/D,S/D,Intersección,Bueno,Buena,Diurna,Buen Tiempo,De alcance,S/D,Colisión,S/D,S/D,S/D,S/D,POINT (-60.6539778 -32.963386299999996),"['Dorrego', 'Viamonte']",2,Manuel Dorrego; Viamonte,-32.9633863,-60.6539778,55.0,538.0,Municipio Rosario,Municipio,Rosario,820210,Servicio de Catastro e Información Territorial,IGN
2013,7582,2013-06-06,Jueves,0.0,23:15:00,,0.0,2,"Bicicleta,Automóvil",Union Y Freyre,3,2,0,0,1,0,0,,Calle,,ROSARIO,Rosario,Asfalto,No existe,II,S/D,Urbana,Ninguna,No existe,Intersección,Bueno,Reducida,Nocturna,Buen Tiempo,S/D,S/D,Atropello,Otro,Faltante,Ninguna,Sin restricción,POINT (-60.7025925 -32.895514199999994),"['Unión', 'Freyre']",2,Unión; Freyre,-32.895514199999994,-60.7025925,55.0,538.0,Municipio Rosario,Municipio,Rosario,820210,Servicio de Catastro e Información Territorial,IGN
2013,7584,2013-06-11,Martes,0.0,01:10:00,,0.0,2,"Automóvil,Moto/Ciclomotor",Amenabar Y Av. Corrientes,2,1,0,0,1,0,0,,Calle,,ROSARIO,Rosario,Asfalto,No existe,II,Dentro,Urbana,Ninguna,No existe,Intersección,Bueno,Buena,Nocturna,S/D,Lateral,S/D,Colisión,S/D,Faltante,Ninguna,Sin restricción,POINT (-60.64885220000001 -32.9714548),"['Amenabar', 'Corrientes']",2,José de Amenábar; Corrientes,-32.9714548,-60.64885220000001,55.0,538.0,Municipio Rosario,Municipio,Rosario,820210,Servicio de Catastro e Información Territorial,IGN
2013,7586,2013-06-04,Martes,0.0,08:30:00,,0.0,2,"Automóvil,Automóvil",Rioja Y Balcarce,2,1,0,0,1,0,0,,Calle,,ROSARIO,Rosario,Asfalto,S/D,II,Dentro,Urbana,Ninguna,No existe,Intersección,Bueno,Buena,Diurna,Buen Tiempo,Lateral,S/D,Colisión,S/D,Faltante,S/D,Sin restricción,POINT (-60.6522012 -32.9451043),"['Rioja', 'Balcarce']",2,Rioja; Balcarce,-32.9451043,-60.6522012,55.0,538.0,Municipio Rosario,Municipio,Rosario,820210,Servicio de Catastro e Información Territorial,IGN
2013,7587,2013-06-09,Domingo,0.0,07:00:00,,0.0,3,"Taxi/Remis,Taxi/Remis,Automóvil",Av. Corrientes Y Rioja,3,1,0,0,2,0,0,,Calle,,ROSARIO,Rosario,Asfalto,S/D,II,Dentro,Urbana,Semáforo,Funciona,Recta,Bueno,S/D,Amanecer,Buen Tiempo,Múltiple,S/D,Colisión,S/D,Vertical,Cordón divisorio,Sin restricción,POINT (-60.6426087 -32.94686299999999),"['Corrientes', 'Rioja']",2,Corrientes; Rioja,-32.94686299999999,-60.6426087,55.0,538.0,Municipio Rosario,Municipio,Rosario,820210,Servicio de Catastro e Información Territorial,IGN
2013,7588,2013-06-01,Sabado,0.0,22:30:00,,0.0,1,Pickup/Utilitario,Buenos Aires 3800,3,2,0,0,1,0,0,,Calle,,ROSARIO,Rosario,Asfalto,No existe,II,Dentro,Urbana,Marca Vial,No existe,Intersección,Bueno,Buena,"Nocturna,Con luz artificial",Buen Tiempo,Contra objeto fijo,S/D,Colisión,Otro,Vertical,S/D,Sin restricción,"-32.9822018, -60.6415858",['Buenos Aires 3800'],1,Buenos Aires 3800,-32.9822018,-60.6415858,55.0,538.0,Municipio Rosario,Municipio,Rosario,820210,Servicio de Catastro e Información Territorial,IGN