anio_acci,nro_acci,fecha,desc_dia,fecha_aprox,hora_aprox,desc_ruta,km,cant_participantes,desc_participante,calle_avenida_km,total,heridos_leves,heridos_graves,heridos_gravisimos,ilesos,fallecidos,sin_datos,posicion_XY,desc_tipo_via,desc_ruta_ori,desc_loc,desc_dpto,desc_tipo_calzada,desc_tipo_banquina,desc_unidad_regional,desc_lugar_calzada,desc_zona,desc_prioridad,desc_estado_semaforo,desc_lugar_via,desc_estado_via,desc_estado_visibilidad,desc_luminosidad,desc_estado_clima,desc_tipo_colision,desc_tipo_atropello,desc_tipo_hecho,desc_pres_calzada,desc_senializacion,desc_separacion_via,desc_restriccion,forma_geocod,calle_lista,numero_calles,calles_osm,lat,lon,index_right,gid,fna,gna,nam,in1,fdc,sag
2013,7634,2013-06-06,Jueves,0.0,08:30:00,,0.0,2,"Moto/Ciclomotor,Automóvil",Montevideo 2300,3,2,0,0,1,0,0,,Calle,,ROSARIO,Rosario,Asfalto,No existe,II,Dentro,Urbana,Señal Pare,No existe,Recta,Bueno,Buena,Diurna,Buen Tiempo,S/D,S/D,Colisión,S/D,Vertical,Ninguna,Sin restricción,"-32.9531593, -60.6569368",['Montevideo 2300'],1,Montevideo 2300,-32.9531593,-60.6569368,55.0,538.0,Municipio Rosario,Municipio,Rosario,820210,Servicio de Catastro e Información Territorial,IGN
2013,7635,2013-06-11,Martes,0.0,19:30:00,,0.0,2,"Automóvil,Automóvil",Bv. Oroño Y Rep.Arabe Unida,3,1,0,0,2,0,0,,Avenida,,ROSARIO,Rosario,Asfalto,No existe,II,Dentro,Urbana,Ninguna,No existe,Intersección,Bueno,Buena,Nocturna,S/D,Lateral,S/D,Colisión,S/D,Faltante,Ninguna,Sin restricción,POINT (-60.66351613333333 -32.984214099999996),"['Bulevar Nicasio Oroño', 'República Árabe Unida']",2,Bulevar Nicasio Oroño; República Árabe Unida,-32.9842141,-60.66351613333333,55.0,538.0,Municipio Rosario,Municipio,Rosario,820210,Servicio de Catastro e Información Territorial,IGN
2013,7636,2013-06-11,Martes,0.0,18:30:00,,0.0,2,"Automóvil,Automóvil",Dorrego Y Salta,2,1,0,0,1,0,0,,Calle,,ROSARIO,Rosario,Asfalto,No existe,II,Dentro,Urbana,Ninguna,No existe,Intersección,Bueno,Buena,Diurna,Buen Tiempo,De alcance,S/D,Colisión,S/D,Faltante,Ninguna,Sin restricción,POINT (-60.647418 -32.937457099999996),"['Dorrego', 'Salta']",2,Manuel Dorrego; Salta,-32.9374571,-60.647418,55.0,538.0,Municipio Rosario,Municipio,Rosario,820210,Servicio de Catastro e Información Territorial,IGN
2013,7637,2013-06-07,Viernes,0.0,19:00:00,,0.0,3,"Automóvil,Taxi/Remis,Automóvil",Santa Fe 1429,9,2,0,0,7,0,0,,Calle,,ROSARIO,Rosario,Asfalto,No existe,II,S/D,Urbana,Semáforo,Funciona,Recta,Bueno,Buena,"Atardecer,Con luz artificial",Buen Tiempo,Múltiple,S/D,Colisión,S/D,Vertical,Ninguna,Sin restricción,"-32.9444084, -60.6424881",['Santa Fe 1429'],1,Santa Fe 1429,-32.9444084,-60.6424881,55.0,538.0,Municipio Rosario,Municipio,Rosario,820210,Servicio de Catastro e Información Territorial,IGN
2013,7638,2013-06-26,Miercoles,0.0,16:30:00,,0.0,2,"Peatón,Transporte de Pasajeros Urbano (> 8 asientos)",Mariano Moreno 200,2,1,0,0,1,0,0,,Calle,,ROSARIO,Rosario,Asfalto,No existe,II,Dentro,Urbana,Ninguna,No existe,Recta,Bueno,Buena,Diurna,Buen Tiempo,Otro,S/D,Atropello,S/D,Faltante,Ninguna,Sin restricción,"-32.9371252, -60.6488885",['Mariano Moreno 200'],1,Mariano Moreno 200,-32.9371252,-60.6488885,55.0,538.0,Municipio Rosario,Municipio,Rosario,820210,Servicio de Catastro e Información Territorial,IGN
2013,7639,2013-06-29,Sabado,0.0,13:10:00,,0.0,2,"Automóvil,Automóvil",Mariano Moreno Y Urquiza,2,1,0,0,1,0,0,,S/D,,ROSARIO,Rosario,Asfalto,No existe,II,Dentro,Urbana,Ninguna,No existe,Intersección,Bueno,Buena,Diurna,Buen Tiempo,De alcance,S/D,Colisión,S/D,Faltante,Ninguna,Sin restricción,POINT (-60.6497256 -32.940729),"['Mariano Moreno', 'Urquiza']",2,Mariano Moreno; Justo José de Urquiza,-32.940729,-60.6497256,55.0,538.0,Municipio Rosario,Municipio,Rosario,820210,Servicio de Catastro e Información Territorial,IGN
2013,7640,2013-06-20,Jueves,0.0,16:00:00,,0.0,2,"Automóvil,Automóvil",Bv. Oroño Y Catamarca,4,1,0,0,3,0,0,,Avenida,,ROSARIO,Rosario,Asfalto,No existe,II,Dentro,Urbana,Ninguna,S/D,Intersección,Bueno,Buena,Diurna,Buen Tiempo,Lateral,S/D,Colisión,S/D,Faltante,Ninguna,Sin restricción,POINT (-60.651806750000006 -32.9378818),"['Bulevar Nicasio Oroño', 'Catamarca']",2,Bulevar Nicasio Oroño; Catamarca,-32.9378818,-60.651806750000006,55.0,538.0,Municipio Rosario,Municipio,Rosario,820210,Servicio de Catastro e Información Territorial,IGN
2013,7641,2013-06-05,Miercoles,0.0,20:30:00,,0.0,2,"Moto/Ciclomotor,Moto/Ciclomotor",Pte.Roca Y J.M.Gutierrez,2,1,0,0,1,0,0,,Calle,,ROSARIO,Rosario,Asfalto,No existe,II,Dentro,Urbana,Ninguna,No existe,Intersección,Bueno,Buena,Nocturna,S/D,Lateral,S/D,Colisión,S/D,Faltante,Ninguna,Sin restricción,POINT (-60.656534199999996 -32.9942558),"['Roca', 'Gutierrez']",2,Presidente Roca; Ricardo Gutierrez,-32.9942558,-60.6565342,55.0,538.0,Municipio Rosario,Municipio,Rosario,820210,Servicio de Catastro e Información Territorial,IGN
2013,7642,2013-06-07,Viernes,0.0,11:00:00,,0.0,2,"Peatón,Automóvil",Montevideo Y Italia,2,1,0,0,1,0,0,,Calle,,ROSARIO,Rosario,Asfalto,No existe,II,Dentro,Urbana,Ninguna,No existe,Intersección,Bueno,S/D,Diurna,Buen Tiempo,S/D,S/D,Atropello,S/D,Faltante,S/D,Sin restricción,POINT (-60.6503083 -32.954403599999985),"['Montevideo', 'Italia']",2,Montevideo; Italia,-32.954403599999985,-60.6503083,55.0,538.0,Municipio Rosario,Municipio,Rosario,820210,Servicio de Catastro e Información Territorial,IGN
2013,7643,2013-06-13,Jueves,0.0,14:45:00,,0.0,2,"Moto/Ciclomotor,Automóvil",Pte.Roca Y E.Zeballos,2,1,0,0,1,0,0,,Calle,,ROSARIO,Rosario,Asfalto,S/D,II,Dentro,Urbana,S/D,No existe,Intersección,Bueno,Buena,Diurna,Buen Tiempo,Lateral,S/D,Colisión,S/D,Faltante,S/D,Sin restricción,POINT (-60.6472521 -32.9537729),"['Roca', 'Zeballos']",2,Presidente Roca; Zeballos,-32.9537729,-60.6472521,55.0,538.0,Municipio Rosario,Municipio,Rosario,820210,Servicio de Catastro e Información Territorial,IGN
2013,7644,2013-06-28,Viernes,0.0,12:40:00,,0.0,2,"Moto/Ciclomotor,Automóvil",San Martin Y San Lorenzo,2,1,0,0,1,0,0,,Calle,,ROSARIO,Rosario,Asfalto,No existe,II,Dentro,Urbana,Ninguna,No existe,Intersección,Bueno,Buena,Diurna,Buen Tiempo,Lateral,S/D,Colisión,S/D,Faltante,Ninguna,Sin restricción,POINT (-60.636237 -32.944804399999995),"['San Martin', 'San Lorenzo']",2,José de San Martín; San Lorenzo,-32.944804399999995,-60.636237,55.0,538.0,Municipio Rosario,Municipio,Rosario,820210,Servicio de Catastro e Información Territorial,IGN
2013,7646,2013-06-14,Viernes,0.0,13:30:00,,0.0,2,"Bicicleta,Automóvil",Urquiza Y Paraguay,2,1,0,0,1,0,0,,Calle,,ROSARIO,Rosario,Asfalto,No existe,II,Dentro,Urbana,Ninguna,No existe,Intersección,Bueno,Buena,Diurna,Buen Tiempo,S/D,S/D,Atropello,S/D,Faltante,Ninguna,Sin restricción,POINT (-60.642866000000005 -32.941996),"['Urquiza', 'Paraguay']",2,Justo José de Urquiza; Paraguay,-32.941996,-60.642866000000005,55.0,538.0,Municipio Rosario,Municipio,Rosario,820210,Servicio de Catastro e Información Territorial,IGN
2013,7647,2013-07-13,Sabado,0.0,12:45:00,,0.0,2,"Moto/Ciclomotor,Automóvil",Av. Arijon Y Flamarion,3,2,0,0,1,0,0,,Calle,,ROSARIO,Rosario,Asfalto,No existe,II,Dentro,Urbana,Ninguna,No existe,Intersección,Bueno,Buena,Diurna,Buen Tiempo,Otro,S/D,Colisión,S/D,Faltante,Línea divisoria pintada,Sin restricción,POINT (-60.654500199999994 -33.003224200000005),"['Avenida Manuel Arijón', 'Camilo Flammarion']",2,Avenida Manuel Arijón; Camilo Flammarion,-33.003224200000005,-60.6545002,55.0,538.0,Municipio Rosario,Municipio,Rosario,820210,Servicio de Catastro e Información Territorial,IGN
2013,7648,2013-07-24,Miercoles,0.0,08:55:00,,0.0,2,"Automóvil,Pickup/Utilitario",San Martin Y Av. Circunvalacion,2,1,0,0,1,0,0,,Calle,,ROSARIO,Rosario,Asfalto,Natural,II,Dentro,Urbana,Semáforo,Funciona,S/D,Bueno,Buena,Diurna,Buen Tiempo,Otro,S/D,Colisión,S/D,Horizontal,Ninguna,Sin restricción,POINT (-60.64178307863883 -33.0158888269654),"['San Martin', 'Circunvalacion']",2,José de San Martín; Avenida de Circunvalación 25 de Mayo,-33.0158888269654,-60.64178307863883,55.0,538.0,Municipio Rosario,Municipio,Rosario,820210,Servicio de Catastro e Información Territorial,IGN
2013,7649,2013-06-21,Viernes,0.0,06:00:00,,0.0,2,"Automóvil,Otros",Av. Del Huerto Y Salta,3,2,0,0,0,0,1,,Avenida,,ROSARIO,Rosario,Asfalto,No existe,II,Dentro,Urbana,Semáforo,Funciona,Intersección,Bueno,Buena,"Amanecer,Con luz artificial",Buen Tiempo,De alcance,S/D,Colisión,S/D,Vertical,Ninguna,Sin restricción,POINT (-60.6368822 -32.9393922),"['Del Huerto', 'Salta']",2,Avenida del Huerto; Salta,-32.9393922,-60.6368822,55.0,538.0,Municipio Rosario,Municipio,Rosario,820210,Servicio de Catastro e Información Territorial,IGN
2013,7650,2013-04-19,Viernes,0.0,17:00:00,,0.0,2,"Moto/Ciclomotor,Automóvil",Av. Ovidio Lagos 7246,2,1,0,0,0,0,1,,Calle,,ROSARIO,Rosario,Asfalto,Natural,II,S/D,Urbana,Marca Vial,S/D,Recta,Bueno,Buena,Atardecer,Buen Tiempo,De alcance,S/D,Colisión,S/D,Faltante,Línea divisoria pintada,Sin restricción,"-33.0259193, -60.6809495",['Ovidio Lagos 7246'],1,Ovidio Lagos 7246,-33.0259193,-60.6809495,55.0,538.0,Municipio Rosario,Municipio,Rosario,820210,Servicio de Catastro e Información Territorial,IGN
2013,7651,2013-06-06,Jueves,0.0,13:30:00,,0.0,2,"Automóvil,Moto/Ciclomotor",Alvear Y Bv. Segui,2,1,0,0,1,0,0,,Avenida,,ROSARIO,Rosario,Asfalto,No existe,II,Dentro,Urbana,Ninguna,No existe,Intersección,Bueno,Buena,Diurna,S/D,Lateral,S/D,Colisión,S/D,Faltante,Ninguna,Sin restricción,POINT (-60.662849800000004 -32.97612874999999),"['Alvear', 'Bulevar Juan Francisco Seguí']",2,Alvear; Bulevar Juan Francisco Seguí,-32.97612874999999,-60.6628498,55.0,538.0,Municipio Rosario,Municipio,Rosario,820210,Servicio de Catastro e Información Territorial,IGN
2013,7652,2013-06-05,Miercoles,0.0,17:10:00,,0.0,2,"Moto/Ciclomotor,Transporte de Pasajeros Urbano (> 8 asientos)",Cerrito Y Ayacucho,3,1,0,0,2,0,0,,Calle,,ROSARIO,Rosario,Asfalto,No existe,II,Dentro,Urbana,S/D,S/D,Intersección,Bueno,S/D,Diurna,S/D,S/D,S/D,Colisión,S/D,S/D,S/D,S/D,POINT (-60.630783 -32.963868500000004),"['Cerrito', 'Ayacucho']",2,Cerrito; Ayacucho,-32.963868500000004,-60.630783,55.0,538.0,Municipio Rosario,Municipio,Rosario,820210,Servicio de Catastro e Información Territorial,IGN
2013,7653,2013-07-04,Jueves,0.0,13:10:00,,0.0,2,"Moto/Ciclomotor,Moto/Ciclomotor",San Martin Y Rui Barbosa,4,2,0,0,2,0,0,,Calle,,ROSARIO,Rosario,Asfalto,No existe,II,Dentro,Urbana,Ninguna,No existe,Intersección,Deteriorada,Buena,Diurna,Buen Tiempo,Otro,S/D,Colisión,S/D,Faltante,Cordón divisorio,Sin restricción,POINT (-60.65008304999999 -33.0063681),"['San Martin', 'Rui Barbosa']",2,José de San Martín; Rui Barbosa,-33.0063681,-60.65008304999999,55.0,538.0,Municipio Rosario,Municipio,Rosario,820210,Servicio de Catastro e Información Territorial,IGN
2013,7654,2013-06-09,Domingo,0.0,00:50:00,,0.0,2,"Taxi/Remis,Automóvil",Balcarce Y Urquiza,2,1,0,0,1,0,0,,Calle,,ROSARIO,Rosario,Asfalto,No existe,II,Dentro,Urbana,Ninguna,No existe,Intersección,Bueno,Buena,"Nocturna,Con luz artificial",Buen Tiempo,Lateral,S/D,Colisión,S/D,Faltante,Ninguna,Sin restricción,POINT (-60.6510554 -32.94048039999999),"['Balcarce', 'Urquiza']",2,"('Balcarce', 'Justo José de Urquiza')",-32.94048039999999,-60.6510554,55.0,538.0,Municipio Rosario,Municipio,Rosario,820210,Servicio de Catastro e Información Territorial,IGN
2013,7656,2013-06-07,Viernes,0.0,13:30:00,,0.0,2,"Peatón,Automóvil",San Luis Y Pte.Roca,2,1,0,0,1,0,0,,Calle,,ROSARIO,Rosario,Asfalto,S/D,II,Dentro,Urbana,Semáforo,Funciona,Intersección,Bueno,Buena,Diurna,Buen Tiempo,Otro,S/D,Atropello,S/D,Vertical,Ninguna,Sin restricción,POINT (-60.6457427 -32.9477862),"['San Luis', 'Roca']",2,San Luis; Presidente Roca,-32.9477862,-60.6457427,55.0,538.0,Municipio Rosario,Municipio,Rosario,820210,Servicio de Catastro e Información Territorial,IGN
2013,7657,2013-06-06,Jueves,0.0,08:00:00,,0.0,2,"Automóvil,Moto/Ciclomotor",Bv. Segui 1900,2,1,0,0,1,0,0,,Avenida,,ROSARIO,Rosario,Asfalto,No existe,II,Dentro,Urbana,Ninguna,No existe,Intersección,Bueno,Buena,Diurna,S/D,Lateral,S/D,Colisión,S/D,Faltante,Ninguna,Sin restricción,"-32.9769706, -60.6572019",['Bulevar Juan Francisco Seguí 1900'],1,Bulevar Juan Francisco Seguí 1900,-32.9769706,-60.6572019,55.0,538.0,Municipio Rosario,Municipio,Rosario,820210,Servicio de Catastro e Información Territorial,IGN
2013,7658,2013-06-24,Lunes,0.0,13:45:00,,0.0,2,"Automóvil,Moto/Ciclomotor",Bv. Oroño Y Tucuman,2,1,0,0,1,0,0,,Avenida,,ROSARIO,Rosario,Asfalto,No existe,II,Dentro,Urbana,Ninguna,No existe,Intersección,Bueno,Buena,Diurna,Buen Tiempo,Lateral,S/D,Colisión,S/D,Faltante,Cordón divisorio,Sin restricción,POINT (-60.6521219 -32.9390762),"['Bulevar Nicasio Oroño', 'Tucumán']",2,Bulevar Nicasio Oroño; Tucumán,-32.9390762,-60.6521219,55.0,538.0,Municipio Rosario,Municipio,Rosario,820210,Servicio de Catastro e Información Territorial,IGN
2013,7659,2013-07-20,Sabado,0.0,07:45:00,,0.0,2,"Moto/Ciclomotor,Automóvil",CUMPARCITA Y CRISTAL,4,3,0,0,0,0,1,,Calle,,ROSARIO,Rosario,Asfalto,Natural,II,S/D,Urbana,S/D,No existe,Recta,Bueno,S/D,S/D,Buen Tiempo,Lateral,S/D,Colisión,S/D,S/D,Ninguna,S/D,POINT (-60.6887218 -33.0199271),"['La Cumparsita', 'Pasaje 2136']",2,La Cumparsita; Pasaje 2136,-33.0199271,-60.6887218,55.0,538.0,Municipio Rosario,Municipio,Rosario,820210,Servicio de Catastro e Información Territorial,IGN
2013,7660,2013-07-01,Lunes,1.0,18:40:00,,0.0,2,"Moto/Ciclomotor,Automóvil",Av. Arijon 1500,3,2,0,0,0,0,1,,Calle,,ROSARIO,Rosario,Asfalto,No existe,II,Dentro,Urbana,Ninguna,No existe,Recta,Bueno,Buena,Atardecer,Buen Tiempo,Otro,S/D,Colisión,S/D,Faltante,Línea divisoria pintada,Sin restricción,"-33.0033024, -60.6572523",['Arijon 1500'],1,Arijon 1500,-33.0033024,-60.6572523,55.0,538.0,Municipio Rosario,Municipio,Rosario,820210,Servicio de Catastro e Información Territorial,IGN
2013,7661,2013-07-09,Martes,0.0,23:50:00,,0.0,2,"Moto/Ciclomotor,Automóvil",Balcarce Y Av. Battle y Ordoñez,3,2,0,0,1,0,0,,S/D,,ROSARIO,Rosario,Asfalto,S/D,II,S/D,S/D,S/D,S/D,S/D,Bueno,S/D,Nocturna,S/D,S/D,S/D,S/D,S/D,S/D,S/D,S/D,POINT (-60.66308240000001 -33.009310600000006),"['Balcarce', 'Avenida Battle y Ordoñez']",2,Balcarce; Avenida Battle y Ordoñez,-33.009310600000006,-60.66308240000001,55.0,538.0,Municipio Rosario,Municipio,Rosario,820210,Servicio de Catastro e Información Territorial,IGN
2013,7662,2013-06-07,Viernes,0.0,13:50:00,,0.0,2,"Taxi/Remis,Moto/Ciclomotor",Mitre 800,2,1,0,0,1,0,0,,Calle,,ROSARIO,Rosario,Asfalto,No existe,II,Dentro,Urbana,Ninguna,S/D,Recta,Bueno,Buena,Diurna,Buen Tiempo,S/D,S/D,Colisión,S/D,Faltante,S/D,Sin restricción,"-32.9460844, -60.6396264",['Mitre 800'],1,Mitre 800,-32.9460844,-60.6396264,55.0,538.0,Municipio Rosario,Municipio,Rosario,820210,Servicio de Catastro e Información Territorial,IGN
2013,7663,2013-07-20,Sabado,0.0,10:30:00,,0.0,2,"Automóvil,Automóvil",Tucuman Y Mariano Moreno,2,1,0,0,1,0,0,,Calle,,ROSARIO,Rosario,Asfalto,No existe,II,Dentro,Urbana,Ninguna,No existe,Intersección,Bueno,Buena,Diurna,Buen Tiempo,Lateral,S/D,Colisión,S/D,Faltante,Ninguna,Sin restricción,POINT (-60.64941760000001 -32.93956089999999),"['Tucumán', 'Mariano Moreno']",2,Tucumán; Mariano Moreno,-32.93956089999999,-60.64941760000001,55.0,538.0,Municipio Rosario,Municipio,Rosario,820210,Servicio de Catastro e Información Territorial,IGN
2013,7664,2013-07-09,Martes,0.0,10:30:00,,0.0,2,"Moto/Ciclomotor,Automóvil",San Martin Y Khantuta,2,1,0,0,1,0,0,,Calle,,ROSARIO,Rosario,Asfalto,No existe,II,Dentro,Urbana,Ninguna,No existe,Intersección,Deteriorada,Buena,Diurna,Buen Tiempo,Otro,S/D,Colisión,S/D,Faltante,Cordón divisorio,Sin restricción,POINT (-60.6512752 -33.01204444999999),"['San Martin', 'Khantuta']",2,José de San Martín; Khantuta,-33.01204444999999,-60.6512752,55.0,538.0,Municipio Rosario,Municipio,Rosario,820210,Servicio de Catastro e Información Territorial,IGN
2013,7665,2013-06-07,Viernes,0.0,08:00:00,,0.0,2,"Automóvil,Moto/Ciclomotor",Av. Uriburu 2600,2,1,0,0,1,0,0,,Avenida,,ROSARIO,Rosario,Asfalto,No existe,II,Dentro,Urbana,Semáforo,Funciona,Intersección,Bueno,Buena,Diurna,S/D,Lateral,S/D,Colisión,S/D,"Horizontal,Vertical",Ninguna,Sin restricción,"-32.995369100000005, -60.693576086643915",['Uriburu 2600'],1,Uriburu 2600,-32.995369100000005,-60.69357608664392,55.0,538.0,Municipio Rosario,Municipio,Rosario,820210,Servicio de Catastro e Información Territorial,IGN
2013,7666,2013-07-25,Jueves,0.0,18:30:00,,0.0,2,"Moto/Ciclomotor,Automóvil",Patricios Y Laprida,3,1,0,0,2,0,0,,Calle,,ROSARIO,Rosario,Asfalto,Natural,II,Dentro,Urbana,Ninguna,No existe,Intersección,Deteriorada,Buena,Atardecer,Buen Tiempo,S/D,S/D,Colisión,S/D,Faltante,Ninguna,Sin restricción,POINT (-60.6466735 -33.010894900000004),"['Patricios', 'Laprida']",2,Patricios; Francisco Narciso Laprida,-33.010894900000004,-60.6466735,55.0,538.0,Municipio Rosario,Municipio,Rosario,820210,Servicio de Catastro e Información Territorial,IGN
2013,7667,2013-07-04,Jueves,0.0,13:00:00,,0.0,2,"Moto/Ciclomotor,Moto/Ciclomotor",Av. Arijon Y Laprida,2,1,0,0,1,0,0,,Calle,,ROSARIO,Rosario,Asfalto,No existe,II,Dentro,Urbana,Ninguna,No existe,Intersección,Bueno,Buena,Diurna,Buen Tiempo,Otro,S/D,Colisión,S/D,Faltante,Línea divisoria pintada,Sin restricción,POINT (-60.6469781 -33.00299270000001),"['Avenida Manuel Arijón', 'Laprida']",2,Avenida Manuel Arijón; Francisco Narciso Laprida,-33.00299270000001,-60.6469781,55.0,538.0,Municipio Rosario,Municipio,Rosario,820210,Servicio de Catastro e Información Territorial,IGN
2013,7668,2013-07-15,Lunes,0.0,07:20:00,,0.0,2,"Moto/Ciclomotor,Automóvil",Av. Belgrano Y Sgto Cabral,2,1,0,0,1,0,0,,Avenida,,ROSARIO,Rosario,Asfalto,No existe,II,Dentro,Urbana,Ninguna,No existe,Intersección,Bueno,Buena,Diurna,Buen Tiempo,Lateral,S/D,Colisión,S/D,Faltante,Ninguna,Sin restricción,POINT (-60.63405088333334 -32.94321101666666),"['Belgrano', 'Sargento Cabral']",2,Avenida Manuel Belgrano; Sargento Cabral,-32.94321101666666,-60.63405088333334,55.0,538.0,Municipio Rosario,Municipio,Rosario,820210,Servicio de Catastro e Información Territorial,IGN
2013,7669,2013-07-23,Martes,0.0,20:00:00,,0.0,2,"Taxi/Remis,Automóvil",Bv. Oroño Y San Lorenzo,2,1,0,0,1,0,0,,Calle,,ROSARIO,Rosario,Asfalto,No existe,II,Dentro,Urbana,Ninguna,No existe,Intersección,Bueno,Buena,"Nocturna,Con luz artificial",Buen Tiempo,Lateral,S/D,Colisión,S/D,Faltante,Ninguna,Sin restricción,POINT (-60.652740599999994 -32.9414065),"['Bulevar Nicasio Oroño', 'San Lorenzo']",2,Bulevar Nicasio Oroño; San Lorenzo,-32.9414065,-60.6527406,55.0,538.0,Municipio Rosario,Municipio,Rosario,820210,Servicio de Catastro e Información Territorial,IGN
2013,7671,2013-07-19,Viernes,0.0,18:00:00,,0.0,2,"Automóvil,Automóvil",San Lorenzo 1200,2,1,0,0,1,0,0,,Calle,,ROSARIO,Rosario,Asfalto,No existe,II,Dentro,Urbana,Ninguna,No existe,Recta,Bueno,S/D,Diurna,Buen Tiempo,De alcance,S/D,Colisión,S/D,Faltante,Ninguna,Sin restricción,"-32.9438845, -60.638894",['San Lorenzo 1200'],1,San Lorenzo 1200,-32.9438845,-60.638894,55.0,538.0,Municipio Rosario,Municipio,Rosario,820210,Servicio de Catastro e Información Territorial,IGN
2013,7672,2013-06-08,Sabado,0.0,10:30:00,,0.0,2,"Pickup/Utilitario,Moto/Ciclomotor",Mariano Moreno Y Biedma,2,1,0,0,1,0,0,,Calle,,ROSARIO,Rosario,Asfalto,No existe,II,Dentro,Urbana,Ninguna,No existe,Intersección,Bueno,Buena,Diurna,S/D,Lateral,S/D,Colisión,S/D,Faltante,Ninguna,Sin restricción,POINT (-60.659336 -32.9791724),"['Mariano Moreno', 'Coronel Biedma']",2,Mariano Moreno; Coronel Biedma,-32.9791724,-60.659336,55.0,538.0,Municipio Rosario,Municipio,Rosario,820210,Servicio de Catastro e Información Territorial,IGN
2013,7673,2013-07-22,Lunes,0.0,,,0.0,1,Moto/Ciclomotor,Av. Ovidio Lagos 7100,1,1,0,0,0,0,0,,Avenida,,ROSARIO,Rosario,S/D,S/D,II,S/D,Urbana,Semáforo,S/D,Recta,S/D,S/D,S/D,Buen Tiempo,S/D,S/D,Vuelco,S/D,S/D,Línea divisoria pintada,"Obra en Construcción,Reparación de Vía","-33.0259193, -60.6809495",['Ovidio Lagos 7100'],1,Ovidio Lagos 7100,-33.0259193,-60.6809495,55.0,538.0,Municipio Rosario,Municipio,Rosario,820210,Servicio de Catastro e Información Territorial,IGN
2013,7674,2013-07-11,Jueves,0.0,20:30:00,,0.0,2,"Automóvil,Automóvil",Av. Ovidio Lagos Y Fragata Sarmiento,2,1,0,0,1,0,0,,Calle,,ROSARIO,Rosario,Asfalto,No existe,II,Dentro,Urbana,Semáforo,Funciona,Intersección,Bueno,Buena,Nocturna,Buen Tiempo,De alcance,S/D,Colisión,S/D,Faltante,Barrera de hormigón,Sin restricción,POINT (-60.67272365 -32.98877755000001),"['Avenida Ovidio Lagos', 'Fragata Sarmiento']",2,Avenida Ovidio Lagos; Fragata Sarmiento,-32.98877755000001,-60.67272365,55.0,538.0,Municipio Rosario,Municipio,Rosario,820210,Servicio de Catastro e Información Territorial,IGN
2013,7675,2013-07-28,Domingo,0.0,17:15:00,,0.0,2,"Automóvil,Automóvil",Jujuy Y Bv. Oroño,2,1,0,0,1,0,0,,Avenida,,ROSARIO,Rosario,Asfalto,No existe,II,Dentro,Urbana,Ninguna,No existe,Intersección,Bueno,Buena,Diurna,Buen Tiempo,De alcance,S/D,Colisión,S/D,Faltante,Ninguna,Sin restricción,POINT (-60.65121175 -32.93554149999999),"['Jujuy', 'Bulevar Nicasio Oroño']",2,Jujuy; Bulevar Nicasio Oroño,-32.93554149999999,-60.65121175,55.0,538.0,Municipio Rosario,Municipio,Rosario,820210,Servicio de Catastro e Información Territorial,IGN
2013,7676,2013-07-13,Sabado,0.0,03:30:00,,0.0,2,"Automóvil,Automóvil",Urquiza Y Mitre,2,1,0,0,1,0,0,,Calle,,ROSARIO,Rosario,Asfalto,No existe,II,Dentro,Urbana,Ninguna,No existe,Intersección,Bueno,Buena,"Nocturna,Con luz artificial",Buen Tiempo,Lateral,S/D,Colisión,S/D,Faltante,Ninguna,Sin restricción,POINT (-60.6386903 -32.94275089999999),"['Urquiza', 'Mitre']",2,"('Justo José de Urquiza', 'Bartolomé Mitre')",-32.94275089999999,-60.6386903,55.0,538.0,Municipio Rosario,Municipio,Rosario,820210,Servicio de Catastro e Información Territorial,IGN
2013,7677,2013-07-05,Viernes,0.0,,,0.0,2,"Automóvil,Peatón",Tabares 5740,2,1,0,0,1,0,0,,Calle,,ROSARIO,Rosario,Asfalto,S/D,II,Dentro,Urbana,S/D,S/D,Otro,Bueno,Buena,S/D,Buen Tiempo,Otro,S/D,Atropello,S/D,S/D,S/D,S/D,"-33.004724, -60.6718538",['Tabares 5740'],1,Tabares 5740,-33.004724,-60.6718538,55.0,538.0,Municipio Rosario,Municipio,Rosario,820210,Servicio de Catastro e Información Territorial,IGN
2013,7678,2013-07-07,Domingo,0.0,05:45:00,,0.0,2,"Moto/Ciclomotor,Automóvil",Av. Battle y Ordoñez Y España,2,1,0,0,1,0,0,,Calle,,ROSARIO,Rosario,Asfalto,Pavimento,II,Dentro,Urbana,Semáforo,Intermitente,Recta,Bueno,Reducida,"Nocturna,Con luz artificial",Buen Tiempo,De alcance,S/D,Colisión,S/D,Horizontal,Cordón divisorio,Sin restricción,POINT (-60.65730380000001 -33.00912425),"['Avenida Battle y Ordoñez', 'España']",2,Avenida Battle y Ordoñez; España,-33.00912425,-60.65730380000001,55.0,538.0,Municipio Rosario,Municipio,Rosario,820210,Servicio de Catastro e Información Territorial,IGN