anio_acci,nro_acci,fecha,desc_dia,fecha_aprox,hora_aprox,desc_ruta,km,cant_participantes,desc_participante,calle_avenida_km,total,heridos_leves,heridos_graves,heridos_gravisimos,ilesos,fallecidos,sin_datos,posicion_XY,desc_tipo_via,desc_ruta_ori,desc_loc,desc_dpto,desc_tipo_calzada,desc_tipo_banquina,desc_unidad_regional,desc_lugar_calzada,desc_zona,desc_prioridad,desc_estado_semaforo,desc_lugar_via,desc_estado_via,desc_estado_visibilidad,desc_luminosidad,desc_estado_clima,desc_tipo_colision,desc_tipo_atropello,desc_tipo_hecho,desc_pres_calzada,desc_senializacion,desc_separacion_via,desc_restriccion,forma_geocod,calle_lista,numero_calles,calles_osm,lat,lon,index_right,gid,fna,gna,nam,in1,fdc,sag
2013,7679,2013-07-24,Miercoles,0.0,20:30:00,,0.0,2,"Moto/Ciclomotor,Automóvil",Biarritz Y Mar Chiquita,2,1,0,0,1,0,0,,Calle,,ROSARIO,Rosario,Asfalto,Natural,II,S/D,Urbana,S/D,No existe,Recta,Deteriorada,Reducida,Nocturna,Niebla,De alcance,S/D,Colisión,S/D,Faltante,Ninguna,Sin restricción,POINT (-60.6847307 -33.0267436),"['Biarritz', 'Mar Chiquita']",2,Biarritz; Mar Chiquita,-33.0267436,-60.6847307,55.0,538.0,Municipio Rosario,Municipio,Rosario,820210,Servicio de Catastro e Información Territorial,IGN
2013,7680,2013-07-02,Martes,0.0,,,0.0,2,"Automóvil,Camión",Av. Ovidio Lagos Y Acevedo Bis,2,1,0,0,1,0,0,,Calle,,ROSARIO,Rosario,Asfalto,No existe,II,Dentro,Urbana,Semáforo,Funciona,Intersección,Bueno,Buena,Diurna,Buen Tiempo,De alcance,S/D,Colisión,S/D,Faltante,Ninguna,S/D,POINT (-60.671599500000006 -32.9840813),"['Avenida Ovidio Lagos', 'Acevedo']",2,Avenida Ovidio Lagos; Manuel Acevedo,-32.9840813,-60.671599500000006,55.0,538.0,Municipio Rosario,Municipio,Rosario,820210,Servicio de Catastro e Información Territorial,IGN
2013,7681,2013-07-22,Lunes,0.0,12:30:00,,0.0,2,"Peatón,Transporte de Pasajeros Urbano (> 8 asientos)",Av. Corrientes Y Salta,2,1,0,0,1,0,0,,Calle,,ROSARIO,Rosario,Asfalto,No existe,II,Dentro,Urbana,Ninguna,No existe,Intersección,Bueno,Buena,Diurna,Buen Tiempo,Otro,S/D,Atropello,S/D,Faltante,Ninguna,Sin restricción,POINT (-60.64058790000001 -32.9387076),"['Corrientes', 'Salta']",2,Corrientes; Salta,-32.9387076,-60.64058790000001,55.0,538.0,Municipio Rosario,Municipio,Rosario,820210,Servicio de Catastro e Información Territorial,IGN
2013,7682,2013-07-22,Lunes,0.0,09:15:00,,0.0,2,"Moto/Ciclomotor,Taxi/Remis",Sgto Cabral Y Av. Belgrano,2,1,0,0,1,0,0,,Avenida,,ROSARIO,Rosario,Asfalto,No existe,II,Dentro,Urbana,Semáforo,Funciona,Intersección,Bueno,Buena,Diurna,Buen Tiempo,Lateral,S/D,Colisión,S/D,Vertical,Ninguna,Sin restricción,POINT (-60.63405088333334 -32.94321101666666),"['Sargento Cabral', 'Belgrano']",2,Sargento Cabral; Avenida Manuel Belgrano,-32.94321101666666,-60.63405088333334,55.0,538.0,Municipio Rosario,Municipio,Rosario,820210,Servicio de Catastro e Información Territorial,IGN
2013,7683,2013-07-27,Sabado,0.0,21:00:00,,0.0,2,"Automóvil,Taxi/Remis",Mariano Moreno 239,2,1,0,0,1,0,0,,Calle,,ROSARIO,Rosario,S/D,S/D,II,Dentro,Urbana,Ninguna,S/D,Recta,S/D,S/D,S/D,Buen Tiempo,Lateral,S/D,Colisión,S/D,S/D,Ninguna,Sin restricción,"-32.93767559183673, -60.64889453265306",['Mariano Moreno 239'],1,Mariano Moreno 239,-32.93767559183673,-60.64889453265306,55.0,538.0,Municipio Rosario,Municipio,Rosario,820210,Servicio de Catastro e Información Territorial,IGN
2013,7684,2013-06-07,Viernes,0.0,15:30:00,,0.0,2,"Moto/Ciclomotor,Transporte de Pasajeros Urbano (> 8 asientos)",Entre Rios 1100,2,1,0,0,1,0,0,,Calle,,ROSARIO,Rosario,Asfalto,S/D,II,Dentro,Urbana,Ninguna,No existe,Recta,Bueno,Buena,Diurna,Buen Tiempo,Frontal,S/D,Colisión,S/D,Faltante,S/D,Sin restricción,"-32.9495765, -60.6418726",['Entre Rios 1100'],1,Entre Rios 1100,-32.9495765,-60.6418726,55.0,538.0,Municipio Rosario,Municipio,Rosario,820210,Servicio de Catastro e Información Territorial,IGN
2013,7685,2013-07-27,Sabado,0.0,16:20:00,,0.0,1,Moto/Ciclomotor,Av. Ovidio Lagos 6800,1,1,0,0,0,0,0,,Calle,,ROSARIO,Rosario,Asfalto,Natural,II,Dentro,Urbana,Semáforo,Funciona,Recta,Bueno,Buena,Atardecer,Buen Tiempo,S/D,S/D,Caída ocupante,S/D,Vertical,Barrera de hormigón,Sin restricción,"-33.0259193, -60.6809495",['Ovidio Lagos 6800'],1,Ovidio Lagos 6800,-33.0259193,-60.6809495,55.0,538.0,Municipio Rosario,Municipio,Rosario,820210,Servicio de Catastro e Información Territorial,IGN
2013,7686,2013-07-27,Sabado,0.0,21:30:00,,0.0,2,"Automóvil,Moto/Ciclomotor",Menchaca Y Arteaga,2,1,0,0,1,0,0,,Calle,,ROSARIO,Rosario,S/D,S/D,II,Dentro,Urbana,S/D,S/D,S/D,S/D,S/D,Nocturna,S/D,S/D,S/D,S/D,S/D,S/D,S/D,S/D,POINT (-60.6433871 -33.0113045),"['Menchaca', 'Arteaga']",2,Menchaca; Alfredo de Arteaga,-33.0113045,-60.6433871,55.0,538.0,Municipio Rosario,Municipio,Rosario,820210,Servicio de Catastro e Información Territorial,IGN
2013,7687,2013-07-27,Sabado,0.0,08:45:00,,0.0,2,"Moto/Ciclomotor,Automóvil",Av. Francia 5300,2,1,0,0,1,0,0,,Calle,,ROSARIO,Rosario,Asfalto,No existe,II,Dentro,Urbana,Ninguna,No existe,Intersección,Bueno,Buena,Diurna,Buen Tiempo,S/D,S/D,Colisión,S/D,Faltante,S/D,Sin restricción,"-32.9349356, -60.6639852",['Francia 5300'],1,Francia 5300,-32.9349356,-60.6639852,55.0,538.0,Municipio Rosario,Municipio,Rosario,820210,Servicio de Catastro e Información Territorial,IGN
2013,7688,2013-07-10,Miercoles,0.0,07:30:00,,0.0,2,"Automóvil,Moto/Ciclomotor",Av. Circunvalacion Y Av. Uriburu,2,1,0,0,0,0,1,,Calle,,ROSARIO,Rosario,Asfalto,No existe,II,Dentro,Urbana,Ninguna,No existe,Recta,Bueno,Buena,Amanecer,Buen Tiempo,S/D,S/D,Colisión,S/D,Faltante,S/D,Sin restricción,POINT (-60.70053645 -32.992253950000006),"['Circunvalacion', 'Uriburu']",2,"('Juan Pablo II', 'Avenida José Uriburu')",-32.992253950000006,-60.70053645,55.0,538.0,Municipio Rosario,Municipio,Rosario,820210,Servicio de Catastro e Información Territorial,IGN
2013,7689,2013-07-22,Lunes,0.0,15:10:00,,0.0,2,"Automóvil,Automóvil",San Lorenzo Y Paraguay,2,1,0,0,1,0,0,,Calle,,ROSARIO,Rosario,Asfalto,No existe,II,Dentro,Urbana,Ninguna,No existe,Intersección,Bueno,Buena,Diurna,Buen Tiempo,De alcance,S/D,Colisión,S/D,Faltante,Ninguna,Sin restricción,POINT (-60.643162000000004 -32.9431566),"['San Lorenzo', 'Paraguay']",2,San Lorenzo; Paraguay,-32.9431566,-60.643162,55.0,538.0,Municipio Rosario,Municipio,Rosario,820210,Servicio de Catastro e Información Territorial,IGN
2013,7691,2013-07-22,Lunes,0.0,19:45:00,,0.0,2,"Moto/Ciclomotor,Automóvil",San Martin Y Av. Circunvalacion,3,2,0,0,1,0,0,,Calle,,ROSARIO,Rosario,Asfalto,Natural,II,Dentro,Urbana,Semáforo,Funciona,Recta,Bueno,Reducida,Atardecer,Buen Tiempo,Otro,S/D,Colisión,S/D,Horizontal,Ninguna,S/D,POINT (-60.64178307863883 -33.0158888269654),"['San Martin', 'Circunvalacion']",2,José de San Martín; Avenida de Circunvalación 25 de Mayo,-33.0158888269654,-60.64178307863883,55.0,538.0,Municipio Rosario,Municipio,Rosario,820210,Servicio de Catastro e Información Territorial,IGN
2013,7692,2013-07-16,Martes,0.0,19:25:00,,0.0,2,"Peatón,Automóvil",Bv. Oroño Y Catamarca,2,1,0,0,1,0,0,,Avenida,,ROSARIO,Rosario,Asfalto,No existe,II,Dentro,Urbana,Ninguna,No existe,Intersección,Bueno,Buena,Nocturna,Buen Tiempo,S/D,S/D,Atropello,S/D,Faltante,Ninguna,Sin restricción,POINT (-60.651806750000006 -32.9378818),"['Bulevar Nicasio Oroño', 'Catamarca']",2,Bulevar Nicasio Oroño; Catamarca,-32.9378818,-60.651806750000006,55.0,538.0,Municipio Rosario,Municipio,Rosario,820210,Servicio de Catastro e Información Territorial,IGN
2013,7693,2013-07-29,Lunes,0.0,20:15:00,,0.0,2,"Peatón,Taxi/Remis",Urquiza Y Paraguay,2,1,0,0,1,0,0,,Calle,,ROSARIO,Rosario,Asfalto,No existe,II,Dentro,Urbana,Ninguna,No existe,Intersección,Bueno,Buena,"Nocturna,Con luz artificial",Buen Tiempo,Otro,S/D,Atropello,S/D,Faltante,Ninguna,Sin restricción,POINT (-60.642866000000005 -32.941996),"['Urquiza', 'Paraguay']",2,Justo José de Urquiza; Paraguay,-32.941996,-60.642866000000005,55.0,538.0,Municipio Rosario,Municipio,Rosario,820210,Servicio de Catastro e Información Territorial,IGN
2013,7694,2013-07-04,Jueves,0.0,22:00:00,,0.0,2,"Moto/Ciclomotor,Automóvil",Av. Ovidio Lagos Y Fragata Sarmiento,2,0,0,0,1,0,1,,Calle,,ROSARIO,Rosario,Asfalto,No existe,II,Dentro,Urbana,Semáforo,Funciona,Intersección,Bueno,Buena,Nocturna,Buen Tiempo,Frontal,S/D,Colisión,S/D,Faltante,S/D,Sin restricción,POINT (-60.67272365 -32.98877755000001),"['Avenida Ovidio Lagos', 'Fragata Sarmiento']",2,Avenida Ovidio Lagos; Fragata Sarmiento,-32.98877755000001,-60.67272365,55.0,538.0,Municipio Rosario,Municipio,Rosario,820210,Servicio de Catastro e Información Territorial,IGN
2013,7695,2013-07-23,Martes,0.0,05:00:00,,0.0,2,"Moto/Ciclomotor,Automóvil",Brown Y Dorrego,2,1,0,0,1,0,0,,Calle,,ROSARIO,Rosario,Asfalto,No existe,II,Dentro,Urbana,Ninguna,No existe,Intersección,Bueno,Buena,"Amanecer,Con luz artificial",Buen Tiempo,De alcance,S/D,Colisión,S/D,Faltante,Ninguna,Sin restricción,POINT (-60.6468186 -32.93514119999999),"['Brown', 'Dorrego']",2,Almirante Brown; Manuel Dorrego,-32.93514119999999,-60.6468186,55.0,538.0,Municipio Rosario,Municipio,Rosario,820210,Servicio de Catastro e Información Territorial,IGN
2013,7697,2013-07-24,Miercoles,0.0,16:00:00,,0.0,2,"Moto/Ciclomotor,Automóvil",Av. Wheelwright 1900,4,2,0,0,2,0,0,,Avenida,,ROSARIO,Rosario,Asfalto,No existe,II,Dentro,Urbana,Ninguna,No existe,Recta,Bueno,Buena,Diurna,Buen Tiempo,De alcance,S/D,Colisión,S/D,Faltante,Ninguna,Sin restricción,"-32.9366499, -60.6415423",['Avenida Guillermo Wheelwright 1900'],1,Avenida Guillermo Wheelwright 1900,-32.9366499,-60.6415423,55.0,538.0,Municipio Rosario,Municipio,Rosario,820210,Servicio de Catastro e Información Territorial,IGN
2013,7698,2013-07-30,Martes,0.0,10:15:00,,0.0,2,"Moto/Ciclomotor,Automóvil",Salta Y Balcarce,2,1,0,0,1,0,0,,Calle,,ROSARIO,Rosario,Asfalto,No existe,II,Dentro,Urbana,Ninguna,No existe,Intersección,Bueno,Buena,Diurna,Buen Tiempo,Lateral,S/D,Colisión,S/D,Faltante,Ninguna,Sin restricción,POINT (-60.6501714 -32.936959299999984),"['Salta', 'Balcarce']",2,Salta; Balcarce,-32.936959299999984,-60.6501714,55.0,538.0,Municipio Rosario,Municipio,Rosario,820210,Servicio de Catastro e Información Territorial,IGN
2013,7701,2013-07-08,Lunes,0.0,08:15:00,,0.0,2,"Bicicleta,Automóvil",Balcarce Y Av. Ntra.Sra.del Rosario,2,1,0,0,1,0,0,,Avenida,,ROSARIO,Rosario,Asfalto,S/D,II,Dentro,Urbana,S/D,S/D,Intersección,Bueno,Buena,Diurna,Buen Tiempo,S/D,S/D,Atropello,S/D,S/D,S/D,S/D,POINT (-60.663460900000004 -33.000531599999995),"['Balcarce', 'Nuestra Señora del Rosario']",2,Balcarce; Puente Nuestra Señora del Rosario,-33.000531599999995,-60.6634609,55.0,538.0,Municipio Rosario,Municipio,Rosario,820210,Servicio de Catastro e Información Territorial,IGN
2013,7703,2013-07-30,Martes,0.0,08:30:00,,0.0,2,"Moto/Ciclomotor,Tracción animal / Carro",San Martin 7499,5,5,0,0,0,0,0,,Calle,,ROSARIO,Rosario,Asfalto,Natural,II,Dentro,Urbana,Ninguna,No existe,Recta,"Con baches,Deteriorada",Buena,Diurna,Buen Tiempo,Otro,S/D,Colisión,S/D,Faltante,Ninguna,Sin restricción,"-32.9764777, -60.6372639",['San Martin 7499'],1,San Martin 7499,-32.9764777,-60.6372639,55.0,538.0,Municipio Rosario,Municipio,Rosario,820210,Servicio de Catastro e Información Territorial,IGN
2013,7704,2013-07-07,Domingo,0.0,14:30:00,,0.0,2,"Automóvil,Automóvil",Iriondo Y 24 De Setiembre,3,1,0,0,1,0,1,,Calle,,ROSARIO,Rosario,Tierra,S/D,II,Dentro,Urbana,Ninguna,S/D,Intersección,Deteriorada,Buena,Diurna,Buen Tiempo,Frontal,S/D,Colisión,S/D,S/D,Ninguna,Sin restricción,POINT (-60.67813749999999 -32.97461609999999),"['Iriondo', '24 de Septiembre']",2,Iriondo; 24 de Septiembre,-32.97461609999999,-60.67813749999999,55.0,538.0,Municipio Rosario,Municipio,Rosario,820210,Servicio de Catastro e Información Territorial,IGN
2013,7707,2013-07-08,Lunes,0.0,20:50:00,,0.0,2,"Moto/Ciclomotor,Automóvil",Av. Arijon Y Callao,2,1,0,0,1,0,0,,Avenida,,ROSARIO,Rosario,Asfalto,S/D,II,S/D,Urbana,S/D,S/D,Intersección,Bueno,S/D,Nocturna,Buen Tiempo,Lateral,S/D,Colisión,S/D,S/D,S/D,S/D,POINT (-60.67125310000001 -33.00370230000001),"['Avenida Manuel Arijón', 'Callao']",2,Avenida Manuel Arijón; Callao,-33.00370230000001,-60.67125310000001,55.0,538.0,Municipio Rosario,Municipio,Rosario,820210,Servicio de Catastro e Información Territorial,IGN
2013,7708,2013-07-25,Jueves,0.0,14:30:00,,0.0,2,"Moto/Ciclomotor,Pickup/Utilitario",Salta Y Italia,2,1,0,0,1,0,0,,Calle,,ROSARIO,Rosario,Asfalto,No existe,II,Dentro,Urbana,Ninguna,No existe,Intersección,Bueno,S/D,S/D,Buen Tiempo,Frontal,S/D,Colisión,S/D,S/D,Ninguna,Sin restricción,POINT (-60.6461132 -32.937695999999995),"['Salta', 'Italia']",2,Salta; Italia,-32.937695999999995,-60.6461132,55.0,538.0,Municipio Rosario,Municipio,Rosario,820210,Servicio de Catastro e Información Territorial,IGN
2013,7710,2013-07-19,Viernes,0.0,05:00:00,,0.0,2,"Taxi/Remis,Automóvil",Salta Y Mariano Moreno,2,1,0,0,1,0,0,,Calle,,ROSARIO,Rosario,Asfalto,No existe,II,Dentro,Urbana,Ninguna,No existe,Intersección,Bueno,Buena,Nocturna,Buen Tiempo,Lateral,S/D,Colisión,S/D,Faltante,Ninguna,Sin restricción,POINT (-60.648842800000004 -32.937196199999995),"['Salta', 'Mariano Moreno']",2,Salta; Mariano Moreno,-32.937196199999995,-60.6488428,55.0,538.0,Municipio Rosario,Municipio,Rosario,820210,Servicio de Catastro e Información Territorial,IGN
2013,7711,2013-07-30,Martes,0.0,15:00:00,,0.0,2,"Automóvil,Moto/Ciclomotor",Av. Illia 1000,2,1,0,0,1,0,0,,Avenida,,ROSARIO,Rosario,Asfalto,No existe,II,Dentro,Urbana,Ninguna,No existe,Recta,Bueno,Buena,Diurna,Buen Tiempo,Frontal,S/D,Colisión,S/D,Faltante,Ninguna,Sin restricción,"-32.9313081, -60.6502314",['Illia 1000'],1,Illia 1000,-32.9313081,-60.6502314,55.0,538.0,Municipio Rosario,Municipio,Rosario,820210,Servicio de Catastro e Información Territorial,IGN
2013,7713,2013-07-17,Miercoles,0.0,12:45:00,,0.0,2,"Moto/Ciclomotor,Automóvil",Paraguay Y Av. Arijon D,2,1,0,0,1,0,0,,Avenida,,ROSARIO,Rosario,Asfalto,No existe,II,Dentro,Urbana,Ninguna,No existe,Intersección,Bueno,Buena,Diurna,Buen Tiempo,Otro,S/D,Colisión,S/D,Faltante,Ninguna,Sin restricción,POINT (-60.65470270000001 -33.003229900000015),"['Paraguay', 'Avenida Manuel Arijón']",2,Paraguay; Avenida Manuel Arijón,-33.003229900000015,-60.65470270000001,55.0,538.0,Municipio Rosario,Municipio,Rosario,820210,Servicio de Catastro e Información Territorial,IGN
2013,7717,2013-06-08,Sabado,0.0,12:00:00,,0.0,1,Transporte de Pasajeros Urbano (> 8 asientos),San Luis Y San Martin,2,1,0,0,1,0,0,,Calle,,ROSARIO,Rosario,Asfalto,No existe,II,Dentro,Urbana,Ninguna,No existe,Recta,Bueno,Buena,Diurna,Buen Tiempo,S/D,S/D,Caída ocupante,S/D,Faltante,S/D,Sin restricción,POINT (-60.6372988 -32.949315),"['San Luis', 'San Martin']",2,San Luis; José de San Martín,-32.949315,-60.6372988,55.0,538.0,Municipio Rosario,Municipio,Rosario,820210,Servicio de Catastro e Información Territorial,IGN
2013,7722,2013-07-26,Viernes,0.0,08:40:00,,0.0,2,"Moto/Ciclomotor,Automóvil",Brown Y Dorrego,2,1,0,0,1,0,0,,Calle,,ROSARIO,Rosario,Asfalto,No existe,II,Dentro,Urbana,Ninguna,No existe,Intersección,Bueno,Buena,Diurna,Buen Tiempo,Lateral,S/D,Colisión,S/D,Faltante,Ninguna,Sin restricción,POINT (-60.6468186 -32.93514119999999),"['Brown', 'Dorrego']",2,Almirante Brown; Manuel Dorrego,-32.93514119999999,-60.6468186,55.0,538.0,Municipio Rosario,Municipio,Rosario,820210,Servicio de Catastro e Información Territorial,IGN
2013,7731,2013-07-19,Viernes,0.0,16:30:00,,0.0,2,"Moto/Ciclomotor,Automóvil",F.M.Esquiu Y Magallanes,2,1,0,0,1,0,0,,Calle,,ROSARIO,Rosario,Asfalto,No existe,II,Dentro,Urbana,Ninguna,No existe,Intersección,S/D,Buena,Diurna,S/D,Lateral,S/D,Colisión,S/D,Faltante,Ninguna,Sin restricción,POINT (-60.7052547 -32.9228898),"['Esquiú', 'Magallanes']",2,Esquiú; Magallanes,-32.9228898,-60.7052547,55.0,538.0,Municipio Rosario,Municipio,Rosario,820210,Servicio de Catastro e Información Territorial,IGN
2013,7737,2013-07-06,Sabado,0.0,22:00:00,,0.0,2,"Moto/Ciclomotor,Automóvil",Juan B.De La Salle Y Tte.Agneta,3,3,0,0,0,0,0,,Calle,,ROSARIO,Rosario,Asfalto,S/D,VII,Dentro,Urbana,Ninguna,No existe,Recta,Bueno,Buena,Nocturna,S/D,Lateral,S/D,Colisión,S/D,S/D,Ninguna,Sin restricción,POINT (-60.700531299999994 -32.9221533),"['De La Salle', 'Teniente Agneta']",2,De La Salle; Teniente Agneta,-32.9221533,-60.7005313,55.0,538.0,Municipio Rosario,Municipio,Rosario,820210,Servicio de Catastro e Información Territorial,IGN
2013,7744,2013-07-25,Jueves,0.0,20:10:00,,0.0,2,"Moto/Ciclomotor,Automóvil",Gorriti Y Roullon,3,1,0,0,2,0,0,,Calle,,ROSARIO,Rosario,Asfalto,No existe,II,S/D,Urbana,Ninguna,No existe,Intersección,Bueno,S/D,Nocturna,S/D,Lateral,S/D,Colisión,S/D,Faltante,Ninguna,Sin restricción,POINT (-60.7029016 -32.92408),"['Gorriti', 'Alfredo Rouillón']",2,Gorriti; Alfredo Rouillón,-32.92408,-60.7029016,55.0,538.0,Municipio Rosario,Municipio,Rosario,820210,Servicio de Catastro e Información Territorial,IGN
2013,7745,2013-07-08,Lunes,0.0,18:20:00,,0.0,2,"Automóvil,Automóvil",Roullon Y Juan B.De La Salle,3,1,0,0,2,0,0,,Calle,,ROSARIO,Rosario,Asfalto,No existe,II,Dentro,Urbana,Ninguna,No existe,Intersección,S/D,Buena,Atardecer,S/D,Lateral,S/D,Colisión,S/D,Faltante,Ninguna,Sin restricción,POINT (-60.7029755 -32.9222198),"['Alfredo Rouillón', 'De La Salle']",2,Alfredo Rouillón; De La Salle,-32.9222198,-60.7029755,55.0,538.0,Municipio Rosario,Municipio,Rosario,820210,Servicio de Catastro e Información Territorial,IGN
2013,7754,2013-07-18,Jueves,0.0,14:00:00,,0.0,2,"Moto/Ciclomotor,Automóvil",Juan B.De La Salle Y Matienzo,3,2,0,0,1,0,0,,Calle,,ROSARIO,Rosario,Asfalto,No existe,II,Dentro,Urbana,S/D,No existe,Intersección,S/D,Buena,Diurna,S/D,Lateral,S/D,Colisión,S/D,Faltante,Ninguna,Sin restricción,POINT (-60.69538060000001 -32.922013199999995),"['De La Salle', 'Matienzo']",2,De La Salle; Benjamín Matienzo,-32.922013199999995,-60.69538060000001,55.0,538.0,Municipio Rosario,Municipio,Rosario,820210,Servicio de Catastro e Información Territorial,IGN
2013,7755,2013-07-23,Martes,0.0,16:00:00,,0.0,2,"Moto/Ciclomotor,Automóvil",Av. Provincias Unidas Y Rivarola,2,1,0,0,1,0,0,,Calle,,ROSARIO,Rosario,Hormigón,No existe,II,S/D,Urbana,Ninguna,No existe,Intersección,Con baches,Buena,Diurna,Buen Tiempo,Lateral,S/D,Colisión,S/D,S/D,S/D,Sin restricción,POINT (-60.71157050000001 -32.965788749999994),"['Avenida Provincias Unidas', 'Rivarola']",2,Avenida Provincias Unidas; Avenida Doctor Rivarola,-32.965788749999994,-60.71157050000001,55.0,538.0,Municipio Rosario,Municipio,Rosario,820210,Servicio de Catastro e Información Territorial,IGN
2013,7757,2013-07-28,Domingo,0.0,09:40:00,,0.0,2,"Otros,Taxi/Remis",Av. Eva Peron Y Alvarez Condarco,3,0,2,0,1,0,0,,Calle,,ROSARIO,Rosario,Asfalto,No existe,II,S/D,Urbana,S/D,No funciona,Intersección,Bueno,Buena,Diurna,S/D,Otro,S/D,S/D,Otro,Vertical,S/D,S/D,POINT (-60.7568578 -32.925951999999995),"['Avenida Eva Perón', 'Álvarez Condarco']",2,Avenida Eva Perón; Álvarez Condarco,-32.925951999999995,-60.7568578,55.0,538.0,Municipio Rosario,Municipio,Rosario,820210,Servicio de Catastro e Información Territorial,IGN
2013,7760,2013-07-20,Sabado,0.0,16:00:00,,0.0,2,"Automóvil,Moto/Ciclomotor",Av. Uriburu Y Av. Circunvalacion,2,1,0,0,1,0,0,,Avenida,,ROSARIO,Rosario,Asfalto,Pavimento,II,S/D,Urbana,Marca Vial,No existe,Intersección,Resbaladiza,Buena,Diurna,Buen Tiempo,Lateral,S/D,Colisión,S/D,S/D,S/D,Sin restricción,POINT (-60.661478219834294 -32.991061565588964),"['Uriburu', 'Circunvalacion']",2,Avenida José Uriburu; Avenida de Circunvalación 25 de Mayo,-32.991061565588964,-60.66147821983429,55.0,538.0,Municipio Rosario,Municipio,Rosario,820210,Servicio de Catastro e Información Territorial,IGN
2013,7762,2013-07-28,Domingo,0.0,01:05:00,,0.0,2,"Otros,Automóvil",Tarragona Y French,2,1,0,0,1,0,0,,Calle,,ROSARIO,Rosario,Asfalto,No existe,II,Dentro,Urbana,Ninguna,Funciona,Intersección,Bueno,Buena,"Nocturna,Con luz artificial",Buen Tiempo,S/D,S/D,S/D,Otro,Vertical,Ninguna,Sin restricción,POINT (-60.734757200000004 -32.92201899999999),"['Tarragona', 'French']",2,Tarragona; Domingo French,-32.92201899999999,-60.7347572,55.0,538.0,Municipio Rosario,Municipio,Rosario,820210,Servicio de Catastro e Información Territorial,IGN
2013,7764,2013-07-31,Miercoles,0.0,20:00:00,,0.0,2,"Moto/Ciclomotor,Pickup/Utilitario",Godoy Cruz Y Calle 1712,2,1,0,0,1,0,0,,Calle,,ROSARIO,Rosario,Asfalto,No existe,II,S/D,Urbana,Marca Vial,No existe,Intersección,Bueno,Buena,Nocturna,Buen Tiempo,Lateral,S/D,Colisión,S/D,S/D,S/D,Sin restricción,POINT (-60.7194455 -32.97196805),"['Avenida Presidente Perón', 'Calle 1712']",2,Avenida Presidente Perón; Calle 1712,-32.97196805,-60.7194455,55.0,538.0,Municipio Rosario,Municipio,Rosario,820210,Servicio de Catastro e Información Territorial,IGN
2013,7767,2013-07-01,Lunes,1.0,00:05:00,,0.0,2,"Moto/Ciclomotor,Moto/Ciclomotor",Av. Ovidio Lagos Y Sanchez de Bustamante,2,1,0,0,1,0,0,,Avenida,,ROSARIO,Rosario,Asfalto,No existe,II,Dentro,Urbana,S/D,S/D,Recta,Bueno,Buena,"Nocturna,Con luz artificial",S/D,Lateral,S/D,Colisión,S/D,Faltante,Cordón divisorio,S/D,POINT (-60.675914750000004 -33.00281285),"['Avenida Ovidio Lagos', 'Sánchez de Bustamante']",2,Avenida Ovidio Lagos; Sánchez de Bustamante,-33.00281285,-60.67591475,55.0,538.0,Municipio Rosario,Municipio,Rosario,820210,Servicio de Catastro e Información Territorial,IGN
2013,7768,2013-07-18,Jueves,0.0,22:15:00,,0.0,2,"Vehículo Oficial,Pickup/Utilitario",ALVAREZ CONDARCO Y OHIGGINS,3,1,0,0,2,0,0,,Calle,,ROSARIO,Rosario,Hormigón,Pavimento,II,Dentro,Urbana,Ninguna,Intermitente,Intersección,Con baches,Buena,Nocturna,Buen Tiempo,De alcance,S/D,Colisión,Otro,Horizontal,Ninguna,Sin restricción,POINT (-60.757026499999995 -32.9272126),"['Álvarez Condarco', ""O'Higgins""]",2,Álvarez Condarco; O'Higgins,-32.9272126,-60.7570265,55.0,538.0,Municipio Rosario,Municipio,Rosario,820210,Servicio de Catastro e Información Territorial,IGN
2013,7771,2013-07-19,Viernes,0.0,16:20:00,,0.0,3,"Automóvil,Moto/Ciclomotor,Moto/Ciclomotor",Colombia Y Pje. Einstein,4,3,0,0,1,0,0,,Calle,,ROSARIO,Rosario,Asfalto,No existe,II,Dentro,Urbana,Ninguna,No existe,Intersección,Con baches,Buena,Diurna,Buen Tiempo,Múltiple,S/D,Colisión,Otro,Faltante,Ninguna,Sin restricción,POINT (-60.71682429999999 -32.9249537),"['Colombia', 'Einstein']",2,Colombia; Albert Einstein,-32.9249537,-60.71682429999999,55.0,538.0,Municipio Rosario,Municipio,Rosario,820210,Servicio de Catastro e Información Territorial,IGN