anio_acci,nro_acci,fecha,desc_dia,fecha_aprox,hora_aprox,desc_ruta,km,cant_participantes,desc_participante,calle_avenida_km,total,heridos_leves,heridos_graves,heridos_gravisimos,ilesos,fallecidos,sin_datos,posicion_XY,desc_tipo_via,desc_ruta_ori,desc_loc,desc_dpto,desc_tipo_calzada,desc_tipo_banquina,desc_unidad_regional,desc_lugar_calzada,desc_zona,desc_prioridad,desc_estado_semaforo,desc_lugar_via,desc_estado_via,desc_estado_visibilidad,desc_luminosidad,desc_estado_clima,desc_tipo_colision,desc_tipo_atropello,desc_tipo_hecho,desc_pres_calzada,desc_senializacion,desc_separacion_via,desc_restriccion,forma_geocod,calle_lista,numero_calles,calles_osm,lat,lon,index_right,gid,fna,gna,nam,in1,fdc,sag
2013,7773,2013-07-01,Lunes,1.0,15:00:00,,0.0,2,"Moto/Ciclomotor,Moto/Ciclomotor",Rivarola Y Fader,2,2,0,0,0,0,0,,Calle,,ROSARIO,Rosario,Asfalto,No existe,II,Dentro,Urbana,Ninguna,No existe,Intersección,Con baches,Buena,Diurna,Buen Tiempo,Lateral,S/D,Colisión,S/D,S/D,S/D,Sin restricción,POINT (-60.722520575000004 -32.96615135),"['Rivarola', 'Fader']",2,Avenida Doctor Rivarola; Fernando Fader,-32.96615135,-60.722520575,55.0,538.0,Municipio Rosario,Municipio,Rosario,820210,Servicio de Catastro e Información Territorial,IGN
2013,7775,2013-07-01,Lunes,1.0,12:00:00,,0.0,2,"Moto/Ciclomotor,Automóvil",Bertole 8200,2,1,0,0,1,0,0,,Calle,,ROSARIO,Rosario,Asfalto,No existe,II,Dentro,Urbana,Ninguna,No existe,S/D,Con baches,Buena,Diurna,Buen Tiempo,Lateral,S/D,Colisión,S/D,S/D,S/D,Sin restricción,"-32.9654251, -60.7260512",['Bertole 8200'],1,Bertole 8200,-32.9654251,-60.7260512,55.0,538.0,Municipio Rosario,Municipio,Rosario,820210,Servicio de Catastro e Información Territorial,IGN
2013,7780,2013-06-15,Sabado,0.0,21:40:00,,0.0,2,"Moto/Ciclomotor,Automóvil",Av. Provincias Unidas Y Derqui,5,3,1,0,0,1,0,,Avenida,,ROSARIO,Rosario,Asfalto,No existe,II,Dentro,Urbana,Semáforo,Funciona,Intersección,Bueno,Buena,"Nocturna,Con luz artificial",Buen Tiempo,Lateral,S/D,Colisión,S/D,Horizontal,Ninguna,Sin restricción,POINT (-60.71271935 -32.93803875),"['Avenida Provincias Unidas', 'Derqui']",2,Avenida Provincias Unidas; Derqui,-32.93803875,-60.71271935,55.0,538.0,Municipio Rosario,Municipio,Rosario,820210,Servicio de Catastro e Información Territorial,IGN
2013,7802,2013-07-06,Sabado,0.0,09:00:00,,0.0,2,"Automóvil,Moto/Ciclomotor",Av. Francia Y Cerrito,2,1,0,0,1,0,0,,Avenida,,ROSARIO,Rosario,Asfalto,Pavimento,II,Dentro,Urbana,Ninguna,S/D,Intersección,Bueno,Buena,Diurna,Otro,Otro,S/D,Otro,Otro,S/D,Cordón divisorio,Sin restricción,POINT (-60.669415650000005 -32.9569882),"['Avenida Francia', 'Cerrito']",2,Avenida Francia; Cerrito,-32.9569882,-60.669415650000005,55.0,538.0,Municipio Rosario,Municipio,Rosario,820210,Servicio de Catastro e Información Territorial,IGN
2013,7803,2013-07-25,Jueves,0.0,17:25:00,,0.0,2,"Moto/Ciclomotor,Automóvil",Tarragona Y Schweitzer,2,1,0,0,1,0,0,,Calle,,ROSARIO,Rosario,S/D,S/D,II,S/D,Urbana,S/D,S/D,S/D,S/D,S/D,Diurna,S/D,S/D,S/D,S/D,S/D,S/D,S/D,S/D,POINT (-60.735244300000005 -32.9137951),"['Tarragona', 'Albert Schweitzer']",2,Tarragona; Albert Schweitzer,-32.9137951,-60.735244300000005,55.0,538.0,Municipio Rosario,Municipio,Rosario,820210,Servicio de Catastro e Información Territorial,IGN
2013,7804,2013-07-22,Lunes,0.0,14:50:00,,0.0,2,"Moto/Ciclomotor,Automóvil",Av. Carlos Colombres Y Bv. Argentino,2,1,0,0,1,0,0,,Avenida,,ROSARIO,Rosario,Asfalto,No existe,II,Dentro,Urbana,Ninguna,No existe,Rotonda,Bueno,Buena,Diurna,Buen Tiempo,De alcance,S/D,Colisión,Otro,"Horizontal,Vertical",Ninguna,Sin restricción,POINT (-60.729972999999994 -32.92423860000001),"['José Colombres', 'Argentino']",2,José Colombres; Avenida Central Argentino,-32.92423860000001,-60.729973,55.0,538.0,Municipio Rosario,Municipio,Rosario,820210,Servicio de Catastro e Información Territorial,IGN
2013,7812,2013-07-24,Miercoles,0.0,17:25:00,,0.0,2,"Moto/Ciclomotor,Automóvil",Av. Jorge Newbery Y Donado,3,1,0,0,2,0,0,,S/D,,ROSARIO,Rosario,S/D,S/D,II,S/D,Urbana,S/D,S/D,S/D,S/D,S/D,S/D,S/D,S/D,S/D,Colisión,S/D,S/D,S/D,S/D,POINT (-60.728404966666666 -32.908371466666665),"['Jorge Newbery', 'Donado']",2,Avenida Jorge Newbery; José Agustín Donado,-32.908371466666665,-60.728404966666666,55.0,538.0,Municipio Rosario,Municipio,Rosario,820210,Servicio de Catastro e Información Territorial,IGN
2013,7813,2013-07-24,Miercoles,0.0,17:00:00,,0.0,2,"Bicicleta,Moto/Ciclomotor",Tarragona Y Av. Genova,2,1,0,0,1,0,0,,Calle,,ROSARIO,Rosario,Asfalto,Pavimento,II,Dentro,Urbana,Semáforo,No existe,Intersección,Bueno,Buena,Atardecer,Buen Tiempo,S/D,S/D,Atropello,Otro,Vertical,Ninguna,Sin restricción,POINT (-60.7351375 -32.9165976),"['Tarragona', 'Genova']",2,Tarragona; Avenida Génova,-32.9165976,-60.7351375,55.0,538.0,Municipio Rosario,Municipio,Rosario,820210,Servicio de Catastro e Información Territorial,IGN
2013,7815,2013-07-24,Miercoles,0.0,21:00:00,,0.0,2,"Moto/Ciclomotor,Automóvil",Av. Provincias Unidas Y Junin,2,1,0,0,1,0,0,,Calle,,ROSARIO,Rosario,Asfalto,Pavimento,II,Dentro,Urbana,Semáforo,Funciona,Intersección,Bueno,Buena,Atardecer,Buen Tiempo,Lateral,S/D,Colisión,Otro,S/D,Ninguna,Sin restricción,POINT (-60.71317195 -32.92757884999999),"['Avenida Provincias Unidas', 'Junín']",2,Avenida Provincias Unidas; Junín,-32.92757884999999,-60.71317195,55.0,538.0,Municipio Rosario,Municipio,Rosario,820210,Servicio de Catastro e Información Territorial,IGN
2013,7818,2013-07-17,Miercoles,0.0,17:20:00,,0.0,2,"Automóvil,Peatón",Baigorria Y Avalos,2,1,0,0,1,0,0,,Calle,,ROSARIO,Rosario,Asfalto,No existe,II,Dentro,Urbana,Ninguna,No existe,Intersección,Bueno,Buena,Diurna,Buen Tiempo,S/D,S/D,Atropello,Otro,Faltante,Ninguna,Sin restricción,POINT (-60.708003549999994 -32.89377125),"['Baigorria', 'Ávalos']",2,Baigorria; Ávalos,-32.89377125,-60.70800355,55.0,538.0,Municipio Rosario,Municipio,Rosario,820210,Servicio de Catastro e Información Territorial,IGN
2013,7821,2013-07-29,Lunes,0.0,12:40:00,,0.0,2,"Automóvil,Automóvil",Av. Illia ,3,1,0,0,2,0,0,,Avenida,,ROSARIO,Rosario,Asfalto,No existe,II,Dentro,Urbana,Ninguna,No existe,Recta,Con baches,Reducida humo,Diurna,Buen Tiempo,Otro,S/D,Colisión,Otro,Faltante,S/D,Reparación de Vía,"-32.9341844, -60.6452573",['Illia'],1,Illia,-32.9341844,-60.6452573,55.0,538.0,Municipio Rosario,Municipio,Rosario,820210,Servicio de Catastro e Información Territorial,IGN
2013,7822,2013-07-25,Jueves,0.0,19:00:00,,0.0,2,"Moto/Ciclomotor,Automóvil",Baigorria Y Anchoris,2,1,0,0,1,0,0,,Calle,,ROSARIO,Rosario,Asfalto,No existe,II,Dentro,Urbana,Ninguna,No existe,Intersección,Bueno,Buena,Diurna,Buen Tiempo,Lateral,S/D,Colisión,Otro,Faltante,Ninguna,Sin restricción,POINT (-60.701055600000004 -32.8932442),"['Baigorria', 'Anchoris']",2,Baigorria; Anchoris,-32.8932442,-60.7010556,55.0,538.0,Municipio Rosario,Municipio,Rosario,820210,Servicio de Catastro e Información Territorial,IGN
2013,7823,2013-07-05,Viernes,0.0,19:30:00,,0.0,2,"Moto/Ciclomotor,Bicicleta",San Nicolas Y Cochabamba,2,1,0,0,1,0,0,,Calle,,ROSARIO,Rosario,Asfalto,Pavimento,II,Dentro,Urbana,Ninguna,No existe,Intersección,Bueno,S/D,Atardecer,Buen Tiempo,S/D,S/D,Atropello,Agua,S/D,Ninguna,Sin restricción,POINT (-60.6753507 -32.952328099999995),"['San Nicolás', 'Cochabamba']",2,San Nicolás; Cochabamba,-32.952328099999995,-60.6753507,55.0,538.0,Municipio Rosario,Municipio,Rosario,820210,Servicio de Catastro e Información Territorial,IGN
2013,7837,2013-07-29,Lunes,0.0,,,0.0,2,"Moto/Ciclomotor,Pickup/Utilitario",Mendoza Y Nicaragua,2,1,0,0,1,0,0,,Calle,,ROSARIO,Rosario,Asfalto,No existe,II,Dentro,Urbana,Ninguna,No existe,Recta,Bueno,Buena,Diurna,Buen Tiempo,Otro,S/D,Colisión,Otro,Faltante,S/D,Sin restricción,POINT (-60.720695799999994 -32.94045335),"['Mendoza', 'Nicaragua']",2,Mendoza; Nicaragua,-32.94045335,-60.7206958,55.0,538.0,Municipio Rosario,Municipio,Rosario,820210,Servicio de Catastro e Información Territorial,IGN
2013,7843,2013-07-16,Martes,0.0,,,0.0,2,"Pickup/Utilitario,Moto/Ciclomotor",Cochabamba Y Gutenberg,3,2,0,0,1,0,0,,Calle,,ROSARIO,Rosario,Asfalto,S/D,II,Dentro,Urbana,Ninguna,No existe,Intersección,Bueno,Buena,S/D,Buen Tiempo,Otro,S/D,Otro,Otro,S/D,Ninguna,Sin restricción,POINT (-60.69032539999999 -32.94964119999999),"['Cochabamba', 'Gutenberg']",2,Cochabamba; Gutenberg,-32.94964119999999,-60.69032539999999,55.0,538.0,Municipio Rosario,Municipio,Rosario,820210,Servicio de Catastro e Información Territorial,IGN
2013,7846,2013-07-26,Viernes,0.0,22:00:00,,0.0,2,"Automóvil,Moto/Ciclomotor",Av. Casiano Casas Y Baigorria,2,0,1,0,1,0,0,,Avenida,,ROSARIO,Rosario,Asfalto,No existe,II,Dentro,Urbana,Semáforo,Intermitente,Intersección,Bueno,Buena,Nocturna,Buen Tiempo,Lateral,S/D,Colisión,Otro,Vertical,Ninguna,Sin restricción,POINT (-60.7162912 -32.893906199999996),"['Avenida Casiano Casas', 'Baigorria']",2,Avenida Casiano Casas; Baigorria,-32.8939062,-60.7162912,55.0,538.0,Municipio Rosario,Municipio,Rosario,820210,Servicio de Catastro e Información Territorial,IGN
2013,7847,2013-07-02,Martes,0.0,10:30:00,,0.0,2,"Automóvil,Moto/Ciclomotor",Av. Francia Y Galvez,3,2,0,0,1,0,0,,Avenida,,ROSARIO,Rosario,Asfalto,S/D,II,Dentro,Urbana,Semáforo,Funciona,Intersección,Bueno,Buena,Diurna,Buen Tiempo,Otro,S/D,Colisión,S/D,S/D,S/D,Sin restricción,POINT (-60.671160050000005 -32.963889449999996),"['Avenida Francia', 'Galvez']",2,Avenida Francia; José Gálvez,-32.96388945,-60.671160050000005,55.0,538.0,Municipio Rosario,Municipio,Rosario,820210,Servicio de Catastro e Información Territorial,IGN
2013,7862,2013-07-04,Jueves,0.0,21:00:00,,0.0,2,"Automóvil,Automóvil",Av. Avellaneda B ,2,1,0,0,1,0,0,,Avenida,,ROSARIO,Rosario,Asfalto,Pavimento,II,Dentro,Urbana,Ninguna,S/D,Recta,Bueno,Buena,Nocturna,Buen Tiempo,Otro,S/D,Otro,Agua,S/D,Ninguna,Sin restricción,"-32.9994406, -60.6889078",['Avellaneda B'],1,Avellaneda B,-32.9994406,-60.6889078,55.0,538.0,Municipio Rosario,Municipio,Rosario,820210,Servicio de Catastro e Información Territorial,IGN
2013,8313,2013-07-28,Domingo,0.0,11:30:00,,0.0,2,"Bicicleta,Automóvil",Mitre Y Mendoza,2,1,0,0,1,0,0,,Calle,,ROSARIO,Rosario,Asfalto,S/D,II,Dentro,Urbana,Ninguna,No existe,Intersección,Bueno,Buena,Diurna,Buen Tiempo,S/D,S/D,Atropello,S/D,Faltante,Ninguna,Sin restricción,POINT (-60.640847900000004 -32.95123559999999),"['Mitre', 'Mendoza']",2,Bartolomé Mitre; Mendoza,-32.95123559999999,-60.6408479,55.0,538.0,Municipio Rosario,Municipio,Rosario,820210,Servicio de Catastro e Información Territorial,IGN
2013,8316,2013-07-19,Viernes,0.0,12:35:00,,0.0,2,"Transporte de Pasajeros Urbano (> 8 asientos),Peatón",Entre Rios Y Cordoba,2,1,0,0,1,0,0,,Calle,,ROSARIO,Rosario,Asfalto,S/D,II,Dentro,Urbana,Paso Peatonal,No existe,Intersección,Bueno,S/D,Diurna,Buen Tiempo,S/D,S/D,Atropello,S/D,Horizontal,S/D,Sin restricción,POINT (-60.6409451 -32.94592670000001),"['Entre Ríos', 'Córdoba']",2,Entre Ríos; Córdoba,-32.94592670000001,-60.6409451,55.0,538.0,Municipio Rosario,Municipio,Rosario,820210,Servicio de Catastro e Información Territorial,IGN
2013,8318,2013-06-22,Sabado,0.0,16:30:00,,0.0,1,Automóvil,Rivarola Y Dr.G.Colombres,1,0,0,0,0,1,0,,Calle,,ROSARIO,Rosario,Asfalto,No existe,II,Fuera,Urbana,Ninguna,No existe,Intersección,Con baches,Buena,Diurna,Buen Tiempo,Contra objeto fijo,S/D,Colisión,S/D,S/D,Ninguna,Sin restricción,POINT (-60.72478165000001 -32.966211099999995),"['Rivarola', 'Doctor G. Colombres']",2,Avenida Doctor Rivarola; Doctor G. Colombres,-32.966211099999995,-60.72478165000001,55.0,538.0,Municipio Rosario,Municipio,Rosario,820210,Servicio de Catastro e Información Territorial,IGN
2013,8329,2013-07-28,Domingo,0.0,12:50:00,,0.0,2,"Automóvil,Automóvil",Santa Fe Y Dorrego,3,2,0,0,1,0,0,,Calle,,ROSARIO,Rosario,Asfalto,S/D,II,Dentro,Urbana,Semáforo,Funciona,Intersección,Bueno,Buena,Diurna,Buen Tiempo,Lateral,S/D,Colisión,S/D,Vertical,S/D,Sin restricción,POINT (-60.648860799999994 -32.94310639999999),"['Santa Fe', 'Dorrego']",2,Santa Fe; Manuel Dorrego,-32.94310639999999,-60.6488608,55.0,538.0,Municipio Rosario,Municipio,Rosario,820210,Servicio de Catastro e Información Territorial,IGN
2013,8333,2013-07-19,Viernes,0.0,07:00:00,,0.0,2,"Moto/Ciclomotor,Automóvil",9 De Julio Y Av. Corrientes,2,1,0,0,1,0,0,,Calle,,ROSARIO,Rosario,Asfalto,S/D,II,S/D,Urbana,Semáforo,Funciona,Intersección,Bueno,Buena,Diurna,Buen Tiempo,Lateral,S/D,Colisión,S/D,Vertical,Cordón divisorio,Sin restricción,POINT (-60.64417650000001 -32.95310819999999),"['9 de Julio', 'Corrientes']",2,9 de Julio; Corrientes,-32.95310819999999,-60.64417650000001,55.0,538.0,Municipio Rosario,Municipio,Rosario,820210,Servicio de Catastro e Información Territorial,IGN
2013,8334,2013-07-11,Jueves,0.0,12:45:00,,0.0,2,"Moto/Ciclomotor,Taxi/Remis",San Juan Y Paraguay,2,1,0,0,1,0,0,,Calle,,ROSARIO,Rosario,Asfalto,S/D,II,Dentro,Urbana,Semáforo,Funciona,Intersección,Bueno,Buena,Diurna,Buen Tiempo,Lateral,S/D,Colisión,S/D,Vertical,Cordón divisorio,Sin restricción,POINT (-60.64466079999999 -32.94915720000001),"['San Juan', 'Paraguay']",2,San Juan; Paraguay,-32.94915720000001,-60.64466079999999,55.0,538.0,Municipio Rosario,Municipio,Rosario,820210,Servicio de Catastro e Información Territorial,IGN
2013,8337,2013-07-08,Lunes,0.0,19:00:00,,0.0,2,"Moto/Ciclomotor,Pickup/Utilitario",Bv. Oroño Y Urquiza,2,1,0,0,1,0,0,,Calle,,ROSARIO,Rosario,Asfalto,No existe,II,Dentro,Urbana,Ninguna,No existe,Intersección,Bueno,Buena,"Diurna,Con luz artificial",Buen Tiempo,Lateral,S/D,Colisión,S/D,Faltante,Ninguna,Sin restricción,POINT (-60.652427200000005 -32.940226100000004),"['Bulevar Nicasio Oroño', 'Urquiza']",2,Bulevar Nicasio Oroño; Justo José de Urquiza,-32.940226100000004,-60.652427200000005,55.0,538.0,Municipio Rosario,Municipio,Rosario,820210,Servicio de Catastro e Información Territorial,IGN
2013,8338,2013-07-28,Domingo,0.0,14:00:00,,0.0,2,"Automóvil,Moto/Ciclomotor",Sarmiento Y Montevideo,2,2,0,0,0,0,0,,Calle,,ROSARIO,Rosario,S/D,No existe,II,Dentro,Urbana,Ninguna,No existe,Intersección,S/D,Buena,Diurna,Buen Tiempo,Lateral,S/D,Colisión,S/D,S/D,S/D,Sin restricción,POINT (-60.64057540000001 -32.9561286),"['Sarmiento', 'Montevideo']",2,Sarmiento; Montevideo,-32.9561286,-60.64057540000001,55.0,538.0,Municipio Rosario,Municipio,Rosario,820210,Servicio de Catastro e Información Territorial,IGN
2013,8339,2013-07-03,Miercoles,0.0,14:30:00,,0.0,2,"Automóvil,Peatón",Urquiza Y Av. Corrientes,2,1,0,0,1,0,0,,Calle,,ROSARIO,Rosario,Asfalto,S/D,II,Dentro,Urbana,Ninguna,No existe,Intersección,Bueno,Buena,Diurna,Buen Tiempo,S/D,S/D,Atropello,S/D,Faltante,Ninguna,Sin restricción,POINT (-60.6414615 -32.9422391),"['Urquiza', 'Corrientes']",2,Justo José de Urquiza; Corrientes,-32.9422391,-60.6414615,55.0,538.0,Municipio Rosario,Municipio,Rosario,820210,Servicio de Catastro e Información Territorial,IGN
2013,8341,2013-07-11,Jueves,0.0,15:00:00,,0.0,2,"Automóvil,Automóvil",Santa Fe 1300,3,1,0,0,2,0,0,,Calle,,ROSARIO,Rosario,Asfalto,S/D,II,Dentro,Urbana,Ninguna,No existe,Recta,Bueno,Buena,Diurna,Buen Tiempo,Frontal,S/D,Colisión,S/D,Faltante,Cordón divisorio,Sin restricción,"-32.9445536, -60.6407198",['Santa Fe 1300'],1,Santa Fe 1300,-32.9445536,-60.6407198,55.0,538.0,Municipio Rosario,Municipio,Rosario,820210,Servicio de Catastro e Información Territorial,IGN
2013,8344,2013-07-27,Sabado,0.0,06:25:00,,0.0,2,"Automóvil,Moto/Ciclomotor",Entre Rios Y San Juan,3,2,0,0,1,0,0,,Calle,,ROSARIO,Rosario,Asfalto,S/D,II,Dentro,Urbana,Ninguna,S/D,Intersección,Bueno,Buena,"Nocturna,Con luz artificial",Buen Tiempo,Lateral,S/D,Colisión,S/D,Faltante,Ninguna,Sin restricción,POINT (-60.6418515 -32.9496493),"['Entre Ríos', 'San Juan']",2,Entre Ríos; San Juan,-32.9496493,-60.6418515,55.0,538.0,Municipio Rosario,Municipio,Rosario,820210,Servicio de Catastro e Información Territorial,IGN
2013,8345,2013-07-25,Jueves,0.0,10:30:00,,0.0,2,"Automóvil,Automóvil",Diaz Velez Y Pje. Polonia,3,0,3,0,0,0,0,,Calle,,ROSARIO,Rosario,Asfalto,S/D,II,S/D,Urbana,S/D,S/D,Recta,Bueno,S/D,S/D,Buen Tiempo,S/D,S/D,Colisión,Otro,S/D,Barrera de hormigón,S/D,POINT (-60.684647 -32.926238100000006),"['Díaz Vélez', 'Polonia']",2,Díaz Vélez; Polonia,-32.926238100000006,-60.684647,55.0,538.0,Municipio Rosario,Municipio,Rosario,820210,Servicio de Catastro e Información Territorial,IGN
2013,8347,2013-06-22,Sabado,0.0,16:45:00,,0.0,2,"Peatón,Transporte de Pasajeros Urbano (> 8 asientos)",Irma Peyrano Y Palliere,2,0,0,0,1,1,0,,Calle,,ROSARIO,Rosario,Asfalto,No existe,II,Dentro,Urbana,Ninguna,No existe,Curva,Bueno,Buena,Atardecer,Buen Tiempo,Frontal,S/D,Atropello,S/D,S/D,Ninguna,Sin restricción,POINT (-60.71599335 -32.8871776),"['Irma Peirano', 'Palliere']",2,Irma Peirano; Palliere,-32.8871776,-60.71599335,55.0,538.0,Municipio Rosario,Municipio,Rosario,820210,Servicio de Catastro e Información Territorial,IGN
2013,8348,2013-07-18,Jueves,0.0,13:50:00,,0.0,1,Transporte de Pasajeros Urbano (> 8 asientos),San Luis Y Av. Corrientes,3,1,0,0,2,0,0,,Avenida,,ROSARIO,Rosario,Asfalto,S/D,II,Dentro,Urbana,Semáforo,Funciona,Recta,Con baches,Buena,Diurna,Buen Tiempo,S/D,S/D,Caída ocupante,S/D,Vertical,Cordón divisorio,Sin restricción,POINT (-60.6429694 -32.948293099999994),"['San Luis', 'Corrientes']",2,San Luis; Corrientes,-32.948293099999994,-60.6429694,55.0,538.0,Municipio Rosario,Municipio,Rosario,820210,Servicio de Catastro e Información Territorial,IGN
2013,8349,2013-07-11,Jueves,0.0,19:00:00,,0.0,1,Transporte de Pasajeros Urbano (> 8 asientos),Rioja Y Pte.Roca,2,1,0,0,1,0,0,,Calle,,ROSARIO,Rosario,Asfalto,S/D,II,Dentro,Urbana,Ninguna,No existe,Intersección,Bueno,Buena,"Nocturna,Con luz artificial",Buen Tiempo,S/D,S/D,"Caída ocupante,Otro",S/D,Faltante,Cordón divisorio,Sin restricción,POINT (-60.6453839 -32.94636289999999),"['Rioja', 'Roca']",2,Rioja; Presidente Roca,-32.94636289999999,-60.6453839,55.0,538.0,Municipio Rosario,Municipio,Rosario,820210,Servicio de Catastro e Información Territorial,IGN
2013,8352,2013-07-17,Miercoles,0.0,16:30:00,,0.0,2,"Pickup/Utilitario,Automóvil",Sarmiento 1100,3,1,0,0,2,0,0,,Calle,,ROSARIO,Rosario,Asfalto,S/D,II,Dentro,Urbana,Ninguna,No existe,Recta,Con baches,Buena,Diurna,Buen Tiempo,Frontal,S/D,Colisión,S/D,Faltante,Cordón divisorio,Sin restricción,"-32.9500571, -60.6391317",['Sarmiento 1100'],1,Sarmiento 1100,-32.9500571,-60.6391317,55.0,538.0,Municipio Rosario,Municipio,Rosario,820210,Servicio de Catastro e Información Territorial,IGN
2013,8353,2013-07-07,Domingo,0.0,18:30:00,,0.0,2,"Automóvil,Moto/Ciclomotor",Salta Y Pte.Roca,3,2,0,0,1,0,0,,S/D,,ROSARIO,Rosario,Asfalto,No existe,II,S/D,S/D,Ninguna,No existe,Intersección,Bueno,Buena,Diurna,Buen Tiempo,Lateral,S/D,Colisión,S/D,Faltante,Ninguna,Sin restricción,POINT (-60.6433407 -32.938203599999994),"['Salta', 'Roca']",2,Salta; Presidente Roca,-32.938203599999994,-60.6433407,55.0,538.0,Municipio Rosario,Municipio,Rosario,820210,Servicio de Catastro e Información Territorial,IGN
2013,8354,2013-07-13,Sabado,0.0,13:20:00,,0.0,2,"Automóvil,Pickup/Utilitario",Av. Wheelwright Y Pte.Roca,3,1,0,0,2,0,0,,Avenida,,ROSARIO,Rosario,Asfalto,No existe,II,Dentro,Urbana,Semáforo,Funciona,Intersección,Bueno,Buena,Diurna,Buen Tiempo,De alcance,S/D,Colisión,S/D,Vertical,Ninguna,Sin restricción,POINT (-60.6427887 -32.9358766),"['Avenida Guillermo Wheelwright', 'Roca']",2,Avenida Guillermo Wheelwright; Presidente Roca,-32.9358766,-60.6427887,55.0,538.0,Municipio Rosario,Municipio,Rosario,820210,Servicio de Catastro e Información Territorial,IGN
2013,8355,2013-07-19,Viernes,0.0,11:30:00,,0.0,2,"Peatón,Taxi/Remis",J.J.Paso Y Camilo Aldao,2,0,1,0,1,0,0,,Calle,,ROSARIO,Rosario,Asfalto,No existe,II,Dentro,Urbana,Ninguna,No existe,Intersección,Bueno,Buena,Diurna,Buen Tiempo,S/D,S/D,Atropello,S/D,Faltante,Ninguna,Sin restricción,POINT (-60.6967437 -32.91976129999999),"['Paso', 'Camilo Aldao']",2,Avenida Juan José Paso; Camilo Aldao,-32.91976129999999,-60.6967437,55.0,538.0,Municipio Rosario,Municipio,Rosario,820210,Servicio de Catastro e Información Territorial,IGN
2013,8357,2013-07-25,Jueves,0.0,10:15:00,,0.0,2,"Bicicleta,Automóvil",Balcarce Y Santa Fe,2,1,0,0,1,0,0,,Calle,,ROSARIO,Rosario,Asfalto,S/D,II,Dentro,Urbana,Semáforo,Funciona,Intersección,Bueno,Buena,Diurna,Buen Tiempo,S/D,S/D,Atropello,S/D,Vertical,Ninguna,Sin restricción,POINT (-60.65159370000001 -32.94261169999999),"['Balcarce', 'Santa Fe']",2,Balcarce; Santa Fe,-32.94261169999999,-60.65159370000001,55.0,538.0,Municipio Rosario,Municipio,Rosario,820210,Servicio de Catastro e Información Territorial,IGN
2013,8360,2013-07-16,Martes,0.0,20:00:00,,0.0,2,"Taxi/Remis,Moto/Ciclomotor",Dorrego Y Montevideo,3,2,0,0,1,0,0,,Calle,,ROSARIO,Rosario,Asfalto,S/D,II,Dentro,Urbana,Ninguna,No existe,Intersección,Bueno,Reducida,"Nocturna,Con luz artificial",Buen Tiempo,Lateral,S/D,Colisión,S/D,Faltante,Cordón divisorio,Sin restricción,POINT (-60.651640799999996 -32.95416689999999),"['Dorrego', 'Montevideo']",2,Manuel Dorrego; Montevideo,-32.95416689999999,-60.6516408,55.0,538.0,Municipio Rosario,Municipio,Rosario,820210,Servicio de Catastro e Información Territorial,IGN
2013,8363,2013-07-11,Jueves,0.0,09:45:00,,0.0,2,"Peatón,Automóvil",Cordoba Y Paraguay,2,1,0,0,1,0,0,,Calle,,ROSARIO,Rosario,S/D,S/D,II,Dentro,Urbana,Semáforo,Funciona,Intersección,Bueno,Buena,Diurna,Buen Tiempo,S/D,S/D,Atropello,S/D,Vertical,Cordón divisorio,Sin restricción,POINT (-60.64373909999999 -32.94543639999999),"['Córdoba', 'Paraguay']",2,Córdoba; Paraguay,-32.94543639999999,-60.64373909999999,55.0,538.0,Municipio Rosario,Municipio,Rosario,820210,Servicio de Catastro e Información Territorial,IGN
2013,8364,2013-07-24,Miercoles,0.0,08:50:00,,0.0,3,"Automóvil,Automóvil,Taxi/Remis",Mendoza 1600,3,1,0,0,2,0,0,,Calle,,ROSARIO,Rosario,Asfalto,S/D,II,Dentro,Urbana,Semáforo,Funciona,Recta,Bueno,Buena,Diurna,Buen Tiempo,Múltiple,S/D,Colisión,S/D,Vertical,S/D,Sin restricción,"-32.9502701, -60.6462432",['Mendoza 1600'],1,Mendoza 1600,-32.9502701,-60.6462432,55.0,538.0,Municipio Rosario,Municipio,Rosario,820210,Servicio de Catastro e Información Territorial,IGN
2013,8368,2013-07-11,Jueves,0.0,03:30:00,,0.0,2,"Moto/Ciclomotor,Automóvil",Sarmiento Y E.Zeballos,2,1,0,0,1,0,0,,Calle,,ROSARIO,Rosario,Asfalto,S/D,II,Dentro,Urbana,Ninguna,No existe,Intersección,Bueno,Reducida,"Nocturna,Con luz artificial",Buen Tiempo,Lateral,S/D,Colisión,S/D,Faltante,Cordón divisorio,Sin restricción,POINT (-60.640305899999994 -32.95503369999999),"['Sarmiento', 'Zeballos']",2,Sarmiento; Zeballos,-32.95503369999999,-60.6403059,55.0,538.0,Municipio Rosario,Municipio,Rosario,820210,Servicio de Catastro e Información Territorial,IGN