anio_acci,nro_acci,fecha,desc_dia,fecha_aprox,hora_aprox,desc_ruta,km,cant_participantes,desc_participante,calle_avenida_km,total,heridos_leves,heridos_graves,heridos_gravisimos,ilesos,fallecidos,sin_datos,posicion_XY,desc_tipo_via,desc_ruta_ori,desc_loc,desc_dpto,desc_tipo_calzada,desc_tipo_banquina,desc_unidad_regional,desc_lugar_calzada,desc_zona,desc_prioridad,desc_estado_semaforo,desc_lugar_via,desc_estado_via,desc_estado_visibilidad,desc_luminosidad,desc_estado_clima,desc_tipo_colision,desc_tipo_atropello,desc_tipo_hecho,desc_pres_calzada,desc_senializacion,desc_separacion_via,desc_restriccion,forma_geocod,calle_lista,numero_calles,calles_osm,lat,lon,index_right,gid,fna,gna,nam,in1,fdc,sag
2013,8369,2013-07-18,Jueves,0.0,06:30:00,,0.0,2,"Moto/Ciclomotor,Taxi/Remis",Tucuman Y Entre Rios,3,0,2,0,1,0,0,,Calle,,ROSARIO,Rosario,Asfalto,No existe,II,Dentro,Urbana,Ninguna,No existe,Intersección,Bueno,Buena,Nocturna,Buen Tiempo,Lateral,S/D,Colisión,S/D,Faltante,Ninguna,Sin restricción,POINT (-60.63976250000001 -32.94131529999999),"['Tucumán', 'Entre Ríos']",2,Tucumán; Entre Ríos,-32.94131529999999,-60.63976250000001,55.0,538.0,Municipio Rosario,Municipio,Rosario,820210,Servicio de Catastro e Información Territorial,IGN
2013,8373,2013-07-01,Lunes,0.0,16:15:00,,0.0,2,"Bicicleta,Pickup/Utilitario",San Luis Y Pte.Roca,2,1,0,0,1,0,0,,Calle,,ROSARIO,Rosario,Asfalto,S/D,II,Dentro,Urbana,Ninguna,No existe,Recta,Bueno,Buena,Diurna,Buen Tiempo,Contra objeto fijo,S/D,Colisión,S/D,Faltante,Cordón divisorio,Sin restricción,POINT (-60.6457427 -32.9477862),"['San Luis', 'Roca']",2,San Luis; Presidente Roca,-32.9477862,-60.6457427,55.0,538.0,Municipio Rosario,Municipio,Rosario,820210,Servicio de Catastro e Información Territorial,IGN
2013,8374,2013-07-11,Jueves,0.0,15:00:00,,0.0,3,"Taxi/Remis,Automóvil,Automóvil",3 De Febrero 1300,3,1,0,0,2,0,0,,Calle,,ROSARIO,Rosario,Asfalto,S/D,II,Dentro,Urbana,Ninguna,No existe,Recta,Bueno,Buena,Diurna,Buen Tiempo,"Frontal,Múltiple",S/D,Colisión,S/D,Faltante,Cordón divisorio,Sin restricción,"-32.9522401, -60.6424212",['3 De Febrero 1300'],1,3 De Febrero 1300,-32.9522401,-60.6424212,55.0,538.0,Municipio Rosario,Municipio,Rosario,820210,Servicio de Catastro e Información Territorial,IGN
2013,8376,2013-07-16,Martes,0.0,17:00:00,,0.0,1,Transporte de Pasajeros Urbano (> 8 asientos),Bv. Oroño Y San Juan,2,1,0,0,1,0,0,,Avenida,,ROSARIO,Rosario,Asfalto,S/D,II,Dentro,Urbana,Ninguna,No existe,Intersección,Bueno,Buena,Diurna,Buen Tiempo,S/D,S/D,"Caída ocupante,Otro",S/D,Faltante,Cordón divisorio,Sin restricción,POINT (-60.6542222 -32.947453949999996),"['Bulevar Nicasio Oroño', 'San Juan']",2,Bulevar Nicasio Oroño; San Juan,-32.94745395,-60.6542222,55.0,538.0,Municipio Rosario,Municipio,Rosario,820210,Servicio de Catastro e Información Territorial,IGN
2013,8377,2013-06-23,Domingo,0.0,06:05:00,,0.0,2,"Automóvil,Automóvil",Mendoza Y Dorrego,6,3,0,0,2,1,0,,Calle,,ROSARIO,Rosario,Asfalto,No existe,II,Dentro,Urbana,Semáforo,Funciona,Intersección,Bueno,S/D,"Amanecer,Con luz artificial",Buen Tiempo,Lateral,S/D,Colisión,S/D,Vertical,Ninguna,Sin restricción,POINT (-60.6504762 -32.949572799999984),"['Mendoza', 'Dorrego']",2,Mendoza; Manuel Dorrego,-32.949572799999984,-60.6504762,55.0,538.0,Municipio Rosario,Municipio,Rosario,820210,Servicio de Catastro e Información Territorial,IGN
2013,8378,2013-07-24,Miercoles,0.0,11:20:00,,0.0,2,"Bicicleta,Automóvil",Rioja 1800,2,1,0,0,1,0,0,,Calle,,ROSARIO,Rosario,Asfalto,S/D,II,Dentro,Urbana,Ninguna,No existe,Recta,Bueno,Buena,Diurna,Buen Tiempo,S/D,S/D,Atropello,S/D,Faltante,Ninguna,Sin restricción,"-32.9458444, -60.6480647",['Rioja 1800'],1,Rioja 1800,-32.9458444,-60.6480647,55.0,538.0,Municipio Rosario,Municipio,Rosario,820210,Servicio de Catastro e Información Territorial,IGN
2013,8380,2013-07-20,Sabado,0.0,14:30:00,,0.0,2,"Automóvil,Pickup/Utilitario",3 De Febrero Y Pte.Roca,2,1,0,0,1,0,0,,Calle,,ROSARIO,Rosario,Asfalto,S/D,II,Dentro,Urbana,Ninguna,No existe,Intersección,Bueno,Buena,Diurna,Buen Tiempo,Lateral,S/D,Colisión,S/D,Faltante,Cordón divisorio,S/D,POINT (-60.6466869 -32.9515312),"['3 de Febrero', 'Roca']",2,3 de Febrero; Presidente Roca,-32.9515312,-60.6466869,55.0,538.0,Municipio Rosario,Municipio,Rosario,820210,Servicio de Catastro e Información Territorial,IGN
2013,8382,2013-07-29,Lunes,0.0,14:00:00,,0.0,2,"Automóvil,Camión",3 De Febrero Y Balcarce,3,1,0,0,2,0,0,,Calle,,ROSARIO,Rosario,Asfalto,S/D,II,Dentro,Urbana,Ninguna,No existe,Recta,Bueno,Buena,Diurna,Buen Tiempo,S/D,S/D,Colisión,S/D,Faltante,Cordón divisorio,Sin restricción,POINT (-60.6535421 -32.95033519999999),"['3 de Febrero', 'Balcarce']",2,3 de Febrero; Balcarce,-32.95033519999999,-60.6535421,55.0,538.0,Municipio Rosario,Municipio,Rosario,820210,Servicio de Catastro e Información Territorial,IGN
2013,8383,2013-07-06,Sabado,0.0,13:30:00,,0.0,2,"Moto/Ciclomotor,Automóvil",Bv. Oroño Y Urquiza,2,1,0,0,1,0,0,,Avenida,,ROSARIO,Rosario,Asfalto,No existe,II,Dentro,Urbana,Señal Pare,No existe,Intersección,Bueno,Buena,Diurna,Buen Tiempo,Lateral,S/D,Colisión,S/D,Vertical,Ninguna,Sin restricción,POINT (-60.652427200000005 -32.940226100000004),"['Bulevar Nicasio Oroño', 'Urquiza']",2,Bulevar Nicasio Oroño; Justo José de Urquiza,-32.940226100000004,-60.652427200000005,55.0,538.0,Municipio Rosario,Municipio,Rosario,820210,Servicio de Catastro e Información Territorial,IGN
2013,8384,2013-07-05,Viernes,0.0,12:50:00,,0.0,2,"Bicicleta,Automóvil",Bv. Oroño Y 9 De Julio,2,1,0,0,0,0,1,,Avenida,,ROSARIO,Rosario,Asfalto,S/D,II,Dentro,Urbana,Semáforo,Funciona,Intersección,Bueno,Buena,Diurna,Buen Tiempo,S/D,S/D,Atropello,S/D,Horizontal,Cordón divisorio,Sin restricción,POINT (-60.65516625 -32.95114735),"['Bulevar Nicasio Oroño', '9 de Julio']",2,Bulevar Nicasio Oroño; 9 de Julio,-32.95114735,-60.65516625,55.0,538.0,Municipio Rosario,Municipio,Rosario,820210,Servicio de Catastro e Información Territorial,IGN
2013,8385,2013-07-05,Viernes,0.0,13:45:00,,0.0,2,"Automóvil,Moto/Ciclomotor",Mendoza 7500,2,1,0,0,1,0,0,,Calle,,ROSARIO,Rosario,Asfalto,Pavimento,II,S/D,Urbana,S/D,No existe,Curva,Con baches,Buena,Diurna,S/D,S/D,S/D,Colisión,Otro,Horizontal,S/D,S/D,"-32.9404161, -60.7235199",['Mendoza 7500'],1,Mendoza 7500,-32.9404161,-60.7235199,55.0,538.0,Municipio Rosario,Municipio,Rosario,820210,Servicio de Catastro e Información Territorial,IGN
2013,8386,2013-06-23,Domingo,0.0,14:20:00,,0.0,2,"Moto/Ciclomotor,Pickup/Utilitario",Av. Provincias Unidas Y Gorriti,3,2,0,0,1,0,0,,Avenida,,ROSARIO,Rosario,S/D,No existe,II,S/D,S/D,Señal Pare,No existe,Recta,S/D,Buena,S/D,Buen Tiempo,Frontal,S/D,Colisión,S/D,Horizontal,S/D,S/D,POINT (-60.71330590000001 -32.92438785),"['Avenida Provincias Unidas', 'Gorriti']",2,Avenida Provincias Unidas; Gorriti,-32.92438785,-60.71330590000001,55.0,538.0,Municipio Rosario,Municipio,Rosario,820210,Servicio de Catastro e Información Territorial,IGN
2013,8387,2013-06-28,Viernes,0.0,14:15:00,,0.0,2,"Pickup/Utilitario,Moto/Ciclomotor",French Y Liniers,5,5,0,0,0,0,0,,Calle,,ROSARIO,Rosario,Asfalto,No existe,II,Dentro,Urbana,Ninguna,No existe,Intersección,S/D,Buena,Diurna,S/D,Lateral,S/D,Colisión,S/D,Faltante,Ninguna,Sin restricción,POINT (-60.6992678 -32.9214098),"['French', 'Liniers']",2,Domingo French; Liniers,-32.9214098,-60.6992678,55.0,538.0,Municipio Rosario,Municipio,Rosario,820210,Servicio de Catastro e Información Territorial,IGN
2013,8390,2013-07-07,Domingo,0.0,08:30:00,,0.0,2,"Taxi/Remis,Pickup/Utilitario",Sarmiento Y 3 De Febrero,2,1,0,0,1,0,0,,S/D,,ROSARIO,Rosario,Asfalto,S/D,II,S/D,Urbana,Ninguna,No existe,Intersección,Bueno,Buena,Diurna,Buen Tiempo,Lateral,S/D,Colisión,S/D,Faltante,Cordón divisorio,Sin restricción,POINT (-60.63974480000001 -32.9527553),"['Sarmiento', '3 de Febrero']",2,Sarmiento; 3 de Febrero,-32.9527553,-60.63974480000001,55.0,538.0,Municipio Rosario,Municipio,Rosario,820210,Servicio de Catastro e Información Territorial,IGN
2013,8391,2013-07-10,Miercoles,0.0,14:00:00,,0.0,2,"Automóvil,Moto/Ciclomotor",Salta Y Entre Rios,2,1,0,0,1,0,0,,Calle,,ROSARIO,Rosario,Asfalto,No existe,II,Dentro,Urbana,Ninguna,No existe,Intersección,Resbaladiza,Reducida,Diurna,Lluvia,Frontal,S/D,Colisión,Agua,Faltante,Ninguna,Sin restricción,POINT (-60.63918240000001 -32.938972),"['Salta', 'Entre Ríos']",2,Salta; Entre Ríos,-32.938972,-60.63918240000001,55.0,538.0,Municipio Rosario,Municipio,Rosario,820210,Servicio de Catastro e Información Territorial,IGN
2013,8392,2013-07-03,Miercoles,0.0,13:15:00,,0.0,2,"Bicicleta,Automóvil",Sarmiento Y Montevideo,2,1,0,0,1,0,0,,S/D,,ROSARIO,Rosario,Asfalto,S/D,II,S/D,Urbana,Ninguna,No existe,Intersección,Bueno,Buena,Diurna,Buen Tiempo,S/D,S/D,Atropello,S/D,Faltante,Cordón divisorio,Sin restricción,POINT (-60.64057540000001 -32.9561286),"['Sarmiento', 'Montevideo']",2,Sarmiento; Montevideo,-32.9561286,-60.64057540000001,55.0,538.0,Municipio Rosario,Municipio,Rosario,820210,Servicio de Catastro e Información Territorial,IGN
2013,8393,2013-06-28,Viernes,0.0,17:45:00,,0.0,2,"Moto/Ciclomotor,Automóvil",JUAN PABLO II Y CASILDA,2,1,0,0,1,0,0,,Calle,,ROSARIO,Rosario,Asfalto,No existe,II,Dentro,Urbana,Señal Pare,Funciona,Recta,Bueno,Buena,Diurna,Buen Tiempo,Frontal,S/D,Colisión,S/D,Faltante,S/D,Sin restricción,POINT (-60.72271580000001 -32.92971630000001),"['Juan Pablo II', 'Casilda']",2,Colectora Juan Pablo II; Casilda,-32.92971630000001,-60.72271580000001,55.0,538.0,Municipio Rosario,Municipio,Rosario,820210,Servicio de Catastro e Información Territorial,IGN
2013,8395,2013-07-15,Lunes,0.0,12:00:00,,0.0,2,"Moto/Ciclomotor,Pickup/Utilitario",Cordoba 1600,2,1,0,0,1,0,0,,Calle,,ROSARIO,Rosario,Asfalto,S/D,II,Dentro,Urbana,Ninguna,No existe,Recta,Bueno,Buena,Diurna,Buen Tiempo,Lateral,S/D,Colisión,S/D,Faltante,Cordón divisorio,Sin restricción,"-32.9451281, -60.6451324",['Cordoba 1600'],1,Cordoba 1600,-32.9451281,-60.6451324,55.0,538.0,Municipio Rosario,Municipio,Rosario,820210,Servicio de Catastro e Información Territorial,IGN
2013,8397,2013-06-24,Lunes,0.0,18:45:00,,0.0,2,"Peatón,Automóvil",Av. Eva Peron Y Tarragona,2,2,0,0,0,0,0,,Calle,,ROSARIO,Rosario,Asfalto,No existe,II,Dentro,Urbana,S/D,Funciona,Intersección,Bueno,Buena,Diurna,Buen Tiempo,S/D,S/D,Atropello,S/D,Faltante,S/D,Sin restricción,POINT (-60.73447485 -32.9291379),"['Avenida Eva Perón', 'Tarragona']",2,Avenida Eva Perón; Tarragona,-32.9291379,-60.73447485,55.0,538.0,Municipio Rosario,Municipio,Rosario,820210,Servicio de Catastro e Información Territorial,IGN
2013,8398,2013-07-04,Jueves,0.0,13:30:00,,0.0,1,Transporte de Pasajeros Urbano (> 8 asientos),3 De Febrero 2000,2,1,0,0,1,0,0,,S/D,,ROSARIO,Rosario,Asfalto,S/D,II,S/D,Urbana,Ninguna,S/D,Recta,Bueno,Buena,Diurna,Buen Tiempo,S/D,S/D,"Caída ocupante,Otro",S/D,Faltante,Cordón divisorio,Sin restricción,"-32.9522613, -60.6425086",['3 De Febrero 2000'],1,3 De Febrero 2000,-32.9522613,-60.6425086,55.0,538.0,Municipio Rosario,Municipio,Rosario,820210,Servicio de Catastro e Información Territorial,IGN
2013,8399,2013-07-01,Lunes,1.0,,,0.0,2,"Moto/Ciclomotor,Automóvil",J.B.Justo Y Bv. Wilde,2,1,0,0,1,0,0,,S/D,,ROSARIO,Rosario,S/D,S/D,II,S/D,Urbana,S/D,S/D,S/D,S/D,S/D,S/D,S/D,S/D,S/D,Colisión,S/D,S/D,S/D,S/D,POINT (-60.7386835 -32.934138000000004),"['Justo', 'Bulevar Wilde']",2,"('Justo José de Urquiza', 'Bulevar Wilde')",-32.934138000000004,-60.7386835,55.0,538.0,Municipio Rosario,Municipio,Rosario,820210,Servicio de Catastro e Información Territorial,IGN
2013,8401,2013-07-08,Lunes,0.0,16:30:00,,0.0,2,"Peatón,Moto/Ciclomotor",Cordoba Y España,2,1,0,0,1,0,0,,Calle,,ROSARIO,Rosario,Asfalto,S/D,II,S/D,Urbana,Paso Peatonal,No existe,Intersección,Bueno,Buena,Diurna,Buen Tiempo,S/D,S/D,Atropello,S/D,Horizontal,Cordón divisorio,Sin restricción,POINT (-60.6464797 -32.944926099999996),"['Córdoba', 'España']",2,Córdoba; España,-32.9449261,-60.6464797,55.0,538.0,Municipio Rosario,Municipio,Rosario,820210,Servicio de Catastro e Información Territorial,IGN
2013,8402,2013-06-27,Jueves,0.0,05:30:00,,0.0,2,"Taxi/Remis,Camión",Av. Circunvalacion Y Av. Eva Peron,3,1,0,0,1,0,1,,Avenida,,ROSARIO,Rosario,Asfalto,No existe,II,Dentro,Urbana,Semáforo,Funciona,Intersección,Bueno,Buena,Amanecer,Buen Tiempo,S/D,S/D,S/D,S/D,S/D,S/D,Sin restricción,POINT (-60.7231582311677 -32.93112605584158),"['Circunvalacion', 'Avenida Eva Perón']",2,Avenida de Circunvalación 25 de Mayo; Avenida Eva Perón,-32.93112605584158,-60.7231582311677,55.0,538.0,Municipio Rosario,Municipio,Rosario,820210,Servicio de Catastro e Información Territorial,IGN
2013,8403,2013-06-15,Sabado,0.0,,,0.0,3,"Moto/Ciclomotor,Automóvil,Automóvil",Av. Circunvalacion 1900B,3,1,0,0,2,0,0,,Avenida,,ROSARIO,Rosario,S/D,S/D,II,S/D,Urbana,S/D,S/D,S/D,S/D,S/D,S/D,S/D,Múltiple,S/D,Colisión,S/D,S/D,S/D,S/D,"-32.9405327, -60.7232736",['Circunvalacion 1900b'],1,Circunvalacion 1900b,-32.9405327,-60.7232736,55.0,538.0,Municipio Rosario,Municipio,Rosario,820210,Servicio de Catastro e Información Territorial,IGN
2013,8404,2013-06-02,Domingo,0.0,15:00:00,,0.0,2,"Automóvil,Moto/Ciclomotor",Perez Bulnes Y Nicaragua,3,2,0,0,1,0,0,,Calle,,ROSARIO,Rosario,Asfalto,No existe,II,S/D,Urbana,S/D,No existe,Recta,Bueno,Buena,Diurna,S/D,S/D,S/D,Atropello,Otro,S/D,S/D,S/D,POINT (-60.7205969 -32.942698799999995),"['Pérez Bulnes', 'Nicaragua']",2,Pérez Bulnes; Nicaragua,-32.942698799999995,-60.7205969,55.0,538.0,Municipio Rosario,Municipio,Rosario,820210,Servicio de Catastro e Información Territorial,IGN
2013,8406,2013-07-15,Lunes,0.0,14:25:00,,0.0,2,"Peatón,Automóvil",Dorrego Y Cordoba,2,1,0,0,1,0,0,,Calle,,ROSARIO,Rosario,Asfalto,S/D,II,Dentro,Urbana,Paso Peatonal,No existe,Intersección,Bueno,Buena,Diurna,S/D,S/D,S/D,Atropello,S/D,Horizontal,Cordón divisorio,Sin restricción,POINT (-60.64918180000001 -32.94445519999999),"['Dorrego', 'Córdoba']",2,Manuel Dorrego; Córdoba,-32.94445519999999,-60.64918180000001,55.0,538.0,Municipio Rosario,Municipio,Rosario,820210,Servicio de Catastro e Información Territorial,IGN
2013,8408,2013-07-05,Viernes,0.0,07:00:00,,0.0,2,"Pickup/Utilitario,Moto/Ciclomotor",Bv. Oroño Y Bv. Segui,2,1,0,0,1,0,0,,Calle,,ROSARIO,Rosario,Asfalto,No existe,II,Dentro,Urbana,Semáforo,Funciona,Intersección,Bueno,Buena,Amanecer,S/D,Lateral,S/D,Colisión,S/D,Vertical,S/D,Sin restricción,POINT (-60.661523700000004 -32.976367025),"['Bulevar Nicasio Oroño', 'Bulevar Juan Francisco Seguí']",2,Bulevar Nicasio Oroño; Bulevar Juan Francisco Seguí,-32.976367025,-60.6615237,55.0,538.0,Municipio Rosario,Municipio,Rosario,820210,Servicio de Catastro e Información Territorial,IGN
2013,8410,2013-07-24,Miercoles,0.0,11:47:00,,0.0,2,"Peatón,Pickup/Utilitario",Cordoba Y Mariano Moreno,2,1,0,0,1,0,0,,Calle,,ROSARIO,Rosario,Asfalto,S/D,II,Dentro,Urbana,Ninguna,No existe,Intersección,Bueno,Buena,Diurna,Buen Tiempo,S/D,S/D,Atropello,S/D,Faltante,Ninguna,Sin restricción,POINT (-60.650609200000005 -32.944206400000006),"['Córdoba', 'Mariano Moreno']",2,Córdoba; Mariano Moreno,-32.944206400000006,-60.650609200000005,55.0,538.0,Municipio Rosario,Municipio,Rosario,820210,Servicio de Catastro e Información Territorial,IGN
2013,8413,2013-06-19,Miercoles,0.0,,,0.0,2,"Pickup/Utilitario,Moto/Ciclomotor",Matienzo Y San Lorenzo,2,1,0,0,1,0,0,,Calle,,ROSARIO,Rosario,Asfalto,No existe,II,Dentro,Urbana,Ninguna,No existe,Intersección,S/D,S/D,S/D,S/D,Lateral,S/D,Colisión,S/D,S/D,Ninguna,Sin restricción,POINT (-60.6948999 -32.9340297),"['Matienzo', 'San Lorenzo']",2,Benjamín Matienzo; San Lorenzo,-32.9340297,-60.6948999,55.0,538.0,Municipio Rosario,Municipio,Rosario,820210,Servicio de Catastro e Información Territorial,IGN
2013,8414,2013-07-11,Jueves,0.0,,,0.0,2,"Automóvil,Automóvil",Av. Uriburu Y Buenos Aires,2,1,0,0,1,0,0,,Avenida,,ROSARIO,Rosario,Asfalto,No existe,II,Dentro,Urbana,Semáforo,Funciona,Intersección,S/D,Buena,Diurna,S/D,Lateral,S/D,Colisión,S/D,S/D,Cordón divisorio,Sin restricción,POINT (-60.6435867 -32.9906069),"['Uriburu', 'Buenos Aires']",2,Avenida José Uriburu; Buenos Aires,-32.9906069,-60.6435867,55.0,538.0,Municipio Rosario,Municipio,Rosario,820210,Servicio de Catastro e Información Territorial,IGN
2013,8415,2013-07-08,Lunes,0.0,14:45:00,,0.0,2,"Automóvil,Moto/Ciclomotor",Uruguay Y España,2,1,0,0,1,0,0,,Calle,,ROSARIO,Rosario,Asfalto,No existe,II,Dentro,Urbana,Ninguna,No existe,Intersección,Bueno,Buena,Atardecer,S/D,Lateral,S/D,Colisión,S/D,Faltante,Ninguna,Sin restricción,POINT (-60.654130699999996 -32.975319799999994),"['Uruguay', 'España']",2,Uruguay; España,-32.975319799999994,-60.6541307,55.0,538.0,Municipio Rosario,Municipio,Rosario,820210,Servicio de Catastro e Información Territorial,IGN
2013,8417,2013-06-17,Lunes,0.0,,,0.0,2,"Moto/Ciclomotor,Automóvil",Schweitzer 7800,3,1,0,0,2,0,0,,S/D,,ROSARIO,Rosario,S/D,S/D,II,S/D,Urbana,S/D,S/D,S/D,S/D,S/D,S/D,S/D,S/D,S/D,Colisión,S/D,S/D,S/D,S/D,"-32.9135908, -60.7307021",['Schweitzer 7800'],1,Schweitzer 7800,-32.9135908,-60.7307021,55.0,538.0,Municipio Rosario,Municipio,Rosario,820210,Servicio de Catastro e Información Territorial,IGN
2013,8418,2013-07-22,Lunes,0.0,23:15:00,,0.0,2,"Automóvil,Moto/Ciclomotor",3 De Febrero 2200,2,1,0,0,1,0,0,,Calle,,ROSARIO,Rosario,Asfalto,S/D,II,Dentro,Urbana,Ninguna,No existe,Recta,Bueno,Buena,"Nocturna,Con luz artificial",Buen Tiempo,Frontal,S/D,Colisión,S/D,Faltante,Ninguna,Sin restricción,"-32.9500772, -60.6546657",['3 De Febrero 2200'],1,3 De Febrero 2200,-32.9500772,-60.6546657,55.0,538.0,Municipio Rosario,Municipio,Rosario,820210,Servicio de Catastro e Información Territorial,IGN
2013,8421,2013-07-15,Lunes,0.0,14:35:00,,0.0,3,"Peatón,Peatón,Automóvil",Santa Fe Y Sarmiento,3,2,0,0,1,0,0,,Calle,,ROSARIO,Rosario,Asfalto,S/D,II,Dentro,Urbana,Semáforo,Funciona,Intersección,Bueno,Buena,Diurna,Buen Tiempo,S/D,S/D,Atropello,S/D,Vertical,Cordón divisorio,Sin restricción,POINT (-60.6378673 -32.94513020000001),"['Santa Fe', 'Sarmiento']",2,Santa Fe; Sarmiento,-32.94513020000001,-60.6378673,55.0,538.0,Municipio Rosario,Municipio,Rosario,820210,Servicio de Catastro e Información Territorial,IGN
2013,8422,2013-07-05,Viernes,0.0,13:00:00,,0.0,2,"Moto/Ciclomotor,Taxi/Remis",Av. Uriburu Y J.M.de Rosas,3,2,0,0,1,0,0,,Avenida,,ROSARIO,Rosario,Asfalto,No existe,II,Dentro,Urbana,Ninguna,No existe,Intersección,Bueno,Buena,Diurna,S/D,Lateral,S/D,Colisión,S/D,S/D,Cordón divisorio,Sin restricción,POINT (-60.642023800000004 -32.9905456),"['Uriburu', 'De Rosas']",2,Avenida José Uriburu; Juan Manuel de Rosas,-32.9905456,-60.6420238,55.0,538.0,Municipio Rosario,Municipio,Rosario,820210,Servicio de Catastro e Información Territorial,IGN
2013,8424,2013-07-20,Sabado,0.0,21:30:00,,0.0,2,"Moto/Ciclomotor,Taxi/Remis",San Juan Y Pte.Roca,2,1,0,0,1,0,0,,Calle,,ROSARIO,Rosario,Asfalto,S/D,II,Dentro,Urbana,Semáforo,Funciona,Intersección,Bueno,Buena,S/D,Buen Tiempo,Lateral,S/D,Colisión,S/D,Vertical,Ninguna,Sin restricción,POINT (-60.6460286 -32.948920400000006),"['San Juan', 'Roca']",2,"('San Juan', 'Presidente Roca')",-32.948920400000006,-60.6460286,55.0,538.0,Municipio Rosario,Municipio,Rosario,820210,Servicio de Catastro e Información Territorial,IGN
2013,8425,2013-06-18,Martes,0.0,14:30:00,,0.0,2,"Transporte de Pasajeros Urbano (> 8 asientos),Bicicleta",Junin Y Campbell,2,1,0,0,1,0,0,,S/D,,ROSARIO,Rosario,Asfalto,No existe,II,S/D,Urbana,Ninguna,No existe,Intersección,S/D,Buena,Diurna,S/D,Lateral,S/D,Atropello,S/D,Faltante,Ninguna,Sin restricción,POINT (-60.708518700000006 -32.9274588),"['Junín', 'Campbell']",2,Junín; Campbell,-32.9274588,-60.708518700000006,55.0,538.0,Municipio Rosario,Municipio,Rosario,820210,Servicio de Catastro e Información Territorial,IGN
2013,8428,2013-06-16,Domingo,0.0,16:50:00,,0.0,2,"Peatón,Automóvil",Av. Circunvalacion 1977,2,1,0,0,1,0,0,,Calle,,ROSARIO,Rosario,S/D,S/D,II,Dentro,Urbana,S/D,S/D,S/D,S/D,S/D,S/D,S/D,S/D,S/D,Atropello,S/D,S/D,S/D,S/D,"-32.9405327, -60.7232736",['Circunvalacion 1977'],1,Circunvalacion 1977,-32.9405327,-60.7232736,55.0,538.0,Municipio Rosario,Municipio,Rosario,820210,Servicio de Catastro e Información Territorial,IGN
2013,8430,2013-07-05,Viernes,0.0,12:50:00,,0.0,2,"Moto/Ciclomotor,Taxi/Remis",Bv. Oroño Y Dr.Rivas,2,1,0,0,1,0,0,,Calle,,ROSARIO,Rosario,Asfalto,No existe,II,Dentro,Urbana,Ninguna,No existe,Intersección,Bueno,Buena,Diurna,S/D,Lateral,S/D,Colisión,S/D,Faltante,Ninguna,Sin restricción,POINT (-60.6626747 -32.9809666),"['Bulevar Nicasio Oroño', 'Doctor Francisco Riva']",2,Bulevar Nicasio Oroño; Doctor Francisco Riva,-32.9809666,-60.6626747,55.0,538.0,Municipio Rosario,Municipio,Rosario,820210,Servicio de Catastro e Información Territorial,IGN
2013,8433,2013-07-17,Miercoles,0.0,17:07:00,,0.0,2,"Automóvil,Automóvil",Pasco Y Pte.Roca,3,2,0,0,1,0,0,,Calle,,ROSARIO,Rosario,Asfalto,S/D,II,Dentro,S/D,S/D,S/D,Recta,Bueno,Buena,Diurna,Buen Tiempo,De alcance,S/D,Colisión,S/D,S/D,S/D,S/D,POINT (-60.6484017 -32.95832659999999),"['Pasco', 'Roca']",2,Pasco; Presidente Roca,-32.95832659999999,-60.6484017,55.0,538.0,Municipio Rosario,Municipio,Rosario,820210,Servicio de Catastro e Información Territorial,IGN
2013,8434,2013-06-22,Sabado,0.0,14:00:00,,0.0,2,"Automóvil,Moto/Ciclomotor",Velez Sarsfield Y Tte.Agneta,2,1,0,0,1,0,0,,Calle,,ROSARIO,Rosario,Asfalto,No existe,II,Dentro,Urbana,Ninguna,No existe,Intersección,S/D,Buena,Diurna,S/D,Lateral,S/D,Colisión,S/D,Faltante,Ninguna,Sin restricción,POINT (-60.7003935 -32.9256592),"['Vélez Sarsfield', 'Teniente Agneta']",2,Vélez Sarsfield; Teniente Agneta,-32.9256592,-60.7003935,55.0,538.0,Municipio Rosario,Municipio,Rosario,820210,Servicio de Catastro e Información Territorial,IGN
2013,8435,2013-07-08,Lunes,0.0,13:00:00,,0.0,2,"Moto/Ciclomotor,Taxi/Remis",Mitre Y Rioja,2,1,0,0,1,0,0,,Calle,,ROSARIO,Rosario,Asfalto,S/D,II,Dentro,Urbana,Ninguna,No existe,Intersección,Con baches,Buena,Diurna,Buen Tiempo,Lateral,S/D,Colisión,S/D,Faltante,Cordón divisorio,Sin restricción,POINT (-60.63989050000001 -32.947396000000005),"['Mitre', 'Rioja']",2,Bartolomé Mitre; Rioja,-32.947396000000005,-60.63989050000001,55.0,538.0,Municipio Rosario,Municipio,Rosario,820210,Servicio de Catastro e Información Territorial,IGN
2013,8436,2013-07-02,Martes,0.0,00:10:00,,0.0,2,"Automóvil,Automóvil",Av. Circunvalacion Y Av. Ntra.Sra.del Rosario,4,4,0,0,0,0,0,,Avenida,,ROSARIO,Rosario,Asfalto,Pavimento,II,Dentro,Urbana,Ninguna,No existe,Curva,Otro,Buena,Nocturna,S/D,S/D,S/D,Despiste,Material Suelto,S/D,"Barrera de hormigón,Guardarrail",S/D,POINT (-60.64527568345747 -32.95690863877888),"['Circunvalacion', 'Nuestra Señora del Rosario']",2,Avenida de Circunvalación 25 de Mayo; Puente Nuestra Señora del Rosario,-32.95690863877888,-60.64527568345747,55.0,538.0,Municipio Rosario,Municipio,Rosario,820210,Servicio de Catastro e Información Territorial,IGN