anio_acci,nro_acci,fecha,desc_dia,fecha_aprox,hora_aprox,desc_ruta,km,cant_participantes,desc_participante,calle_avenida_km,total,heridos_leves,heridos_graves,heridos_gravisimos,ilesos,fallecidos,sin_datos,posicion_XY,desc_tipo_via,desc_ruta_ori,desc_loc,desc_dpto,desc_tipo_calzada,desc_tipo_banquina,desc_unidad_regional,desc_lugar_calzada,desc_zona,desc_prioridad,desc_estado_semaforo,desc_lugar_via,desc_estado_via,desc_estado_visibilidad,desc_luminosidad,desc_estado_clima,desc_tipo_colision,desc_tipo_atropello,desc_tipo_hecho,desc_pres_calzada,desc_senializacion,desc_separacion_via,desc_restriccion,forma_geocod,calle_lista,numero_calles,calles_osm,lat,lon,index_right,gid,fna,gna,nam,in1,fdc,sag
2013,8437,2013-07-16,Martes,0.0,20:00:00,,0.0,2,"Automóvil,Peatón",Pje. Ricardone Y Entre Rios,2,1,0,0,1,0,0,,Calle,,ROSARIO,Rosario,Asfalto,S/D,II,Dentro,Urbana,Paso Peatonal,No existe,Intersección,Bueno,Buena,"Nocturna,Con luz artificial",Buen Tiempo,S/D,S/D,Atropello,S/D,Horizontal,S/D,S/D,POINT (-60.641359300000005 -32.94770249999999),"['Ricardone', 'Entre Ríos']",2,Ricardone; Entre Ríos,-32.94770249999999,-60.641359300000005,55.0,538.0,Municipio Rosario,Municipio,Rosario,820210,Servicio de Catastro e Información Territorial,IGN
2013,8439,2013-07-13,Sabado,0.0,13:05:00,,0.0,2,"Automóvil,Moto/Ciclomotor",Saavedra Y España,2,1,0,0,1,0,0,,Calle,,ROSARIO,Rosario,Asfalto,No existe,II,Dentro,Urbana,Ninguna,No existe,Intersección,Bueno,Buena,Diurna,S/D,Lateral,S/D,Colisión,S/D,Faltante,Ninguna,Sin restricción,POINT (-60.65441920000001 -32.9764598),"['Saavedra', 'España']",2,Saavedra; España,-32.9764598,-60.65441920000001,55.0,538.0,Municipio Rosario,Municipio,Rosario,820210,Servicio de Catastro e Información Territorial,IGN
2013,8441,2013-07-31,Miercoles,0.0,,,0.0,2,"Automóvil,Moto/Ciclomotor",La Paz Y G.Carrasco,4,2,0,0,2,0,0,,Calle,,ROSARIO,Rosario,Asfalto,S/D,II,Dentro,S/D,S/D,S/D,Cruce,Bueno,Buena,S/D,Buen Tiempo,De alcance,S/D,Colisión,S/D,S/D,S/D,S/D,POINT (-60.6672911 -32.9597631),"['La Paz', 'Carrasco']",2,La Paz; Omar Carrasco,-32.9597631,-60.6672911,55.0,538.0,Municipio Rosario,Municipio,Rosario,820210,Servicio de Catastro e Información Territorial,IGN
2013,8442,2013-07-06,Sabado,0.0,09:55:00,,0.0,2,"Automóvil,Moto/Ciclomotor",Paraguay Y Dean Funes,2,1,0,0,1,0,0,,Calle,,ROSARIO,Rosario,Asfalto,No existe,II,Dentro,Urbana,Ninguna,No existe,Intersección,Bueno,Buena,Diurna,S/D,Lateral,S/D,Colisión,S/D,Faltante,Ninguna,Sin restricción,POINT (-60.65110210000001 -32.97466219999999),"['Paraguay', 'Deán Gregorio Funes']",2,Paraguay; Deán Gregorio Funes,-32.97466219999999,-60.65110210000001,55.0,538.0,Municipio Rosario,Municipio,Rosario,820210,Servicio de Catastro e Información Territorial,IGN
2013,8443,2013-07-01,Lunes,0.0,18:20:00,,0.0,2,"Moto/Ciclomotor,Pickup/Utilitario",Lainez Y Ayacucho,2,1,0,0,1,0,0,,Calle,,ROSARIO,Rosario,Asfalto,No existe,II,Dentro,Urbana,Ninguna,No existe,Intersección,Bueno,S/D,Atardecer,S/D,Lateral,S/D,Colisión,S/D,S/D,Ninguna,Sin restricción,POINT (-60.63593469999999 -33.0049365),"['Láinez', 'Ayacucho']",2,Láinez; Ayacucho,-33.0049365,-60.63593469999999,55.0,538.0,Municipio Rosario,Municipio,Rosario,820210,Servicio de Catastro e Información Territorial,IGN
2013,8444,2013-07-05,Viernes,0.0,07:10:00,,0.0,2,"Automóvil,Pickup/Utilitario",Entre Rios Y J.M.Gutierrez,2,1,0,0,1,0,0,,Calle,,ROSARIO,Rosario,Asfalto,No existe,II,Dentro,Urbana,Ninguna,No existe,Intersección,Bueno,Buena,Amanecer,S/D,Lateral,S/D,Colisión,S/D,Faltante,Ninguna,Sin restricción,POINT (-60.6521668 -32.9941157),"['Entre Ríos', 'Gutierrez']",2,Entre Ríos; Ricardo Gutierrez,-32.9941157,-60.6521668,55.0,538.0,Municipio Rosario,Municipio,Rosario,820210,Servicio de Catastro e Información Territorial,IGN
2013,8445,2013-07-10,Miercoles,0.0,17:00:00,,0.0,2,"Moto/Ciclomotor,Automóvil",Mendoza Y Av. Circunvalacion,2,1,0,0,1,0,0,,Avenida,,ROSARIO,Rosario,Asfalto,Pavimento,II,Dentro,Urbana,S/D,Funciona,Intersección,Con baches,Buena,Diurna,S/D,S/D,S/D,Colisión,Agua,Horizontal,S/D,S/D,POINT (-60.72253500134355 -32.94050844672854),"['Mendoza', 'Circunvalacion']",2,Mendoza; Avenida de Circunvalación 25 de Mayo,-32.94050844672854,-60.72253500134355,55.0,538.0,Municipio Rosario,Municipio,Rosario,820210,Servicio de Catastro e Información Territorial,IGN
2013,8446,2013-07-30,Martes,0.0,13:55:00,,0.0,2,"Moto/Ciclomotor,Automóvil",Mr.Ross Y Pje. Hertz,2,1,0,0,1,0,0,,Calle,,ROSARIO,Rosario,Asfalto,No existe,II,Dentro,Urbana,S/D,No existe,Intersección,Bueno,S/D,Diurna,S/D,S/D,S/D,S/D,Otro,S/D,S/D,S/D,POINT (-60.6424494 -32.989355),"['Rodrigo M. Ross', 'Hertz']",2,Rodrigo M. Ross; Hertz,-32.989355,-60.6424494,55.0,538.0,Municipio Rosario,Municipio,Rosario,820210,Servicio de Catastro e Información Territorial,IGN
2013,8448,2013-07-31,Miercoles,0.0,17:00:00,,0.0,2,"Bicicleta,Automóvil",Av. Ovidio Lagos 2200,2,1,0,0,1,0,0,,Avenida,,ROSARIO,Rosario,Asfalto,S/D,II,Dentro,S/D,S/D,S/D,Recta,Bueno,Buena,Diurna,Buen Tiempo,S/D,S/D,Atropello,S/D,S/D,S/D,S/D,"-32.9586847, -60.6657453",['Ovidio Lagos 2200'],1,Ovidio Lagos 2200,-32.9586847,-60.6657453,55.0,538.0,Municipio Rosario,Municipio,Rosario,820210,Servicio de Catastro e Información Territorial,IGN
2013,8449,2013-07-23,Martes,0.0,11:20:00,,0.0,2,"Automóvil,Moto/Ciclomotor",Laprida Y Bv. 27 De Febrero,2,1,0,0,1,0,0,,Avenida,,ROSARIO,Rosario,Asfalto,No existe,II,Dentro,Urbana,Semáforo,Funciona,Intersección,Bueno,Buena,Diurna,Buen Tiempo,Lateral,S/D,Colisión,S/D,S/D,S/D,S/D,POINT (-60.639549849999995 -32.9682981),"['Laprida', '27 de Febrero']",2,Francisco Narciso Laprida; Bulevar 27 de Febrero,-32.9682981,-60.63954985,55.0,538.0,Municipio Rosario,Municipio,Rosario,820210,Servicio de Catastro e Información Territorial,IGN
2013,8450,2013-07-03,Miercoles,0.0,,,0.0,2,"Pickup/Utilitario,Bicicleta",Av. Dante Alighieri Y Bv. Oroño,2,1,0,0,1,0,0,,Avenida,,ROSARIO,Rosario,Asfalto,S/D,II,Dentro,Urbana,S/D,S/D,Intersección,Bueno,Buena,S/D,Buen Tiempo,S/D,S/D,Atropello,S/D,S/D,S/D,S/D,POINT (-60.6579301 -32.961999649999996),"['Dante Alighieri', 'Bulevar Nicasio Oroño']",2,"('Avenida Dante Alighieri', 'Ciclovía Bulevar Nicasio Oroño')",-32.96199965,-60.6579301,55.0,538.0,Municipio Rosario,Municipio,Rosario,820210,Servicio de Catastro e Información Territorial,IGN
2013,8451,2013-07-26,Viernes,0.0,12:00:00,,0.0,2,"Moto/Ciclomotor,Camión",Riobamba Y Dorrego,3,2,0,0,1,0,0,,Calle,,ROSARIO,Rosario,Asfalto,S/D,II,Dentro,S/D,S/D,S/D,Intersección,Bueno,Buena,Diurna,Buen Tiempo,De alcance,S/D,Colisión,S/D,S/D,S/D,S/D,POINT (-60.6533864 -32.961053199999995),"['Riobamba', 'Dorrego']",2,Riobamba; Manuel Dorrego,-32.961053199999995,-60.6533864,55.0,538.0,Municipio Rosario,Municipio,Rosario,820210,Servicio de Catastro e Información Territorial,IGN
2013,8452,2013-07-27,Sabado,0.0,14:30:00,,0.0,2,"Moto/Ciclomotor,Automóvil",Sanchez de Bustamante Y Leiva,3,2,0,0,1,0,0,,Calle,,ROSARIO,Rosario,Asfalto,No existe,II,Dentro,Urbana,S/D,No existe,Intersección,Bueno,Buena,Diurna,Buen Tiempo,S/D,S/D,Otro,S/D,S/D,Ninguna,Sin restricción,POINT (-60.6379454 -33.00166550000001),"['Sánchez de Bustamante', 'Leiva']",2,Sánchez de Bustamante; Julián de Leiva,-33.00166550000001,-60.6379454,55.0,538.0,Municipio Rosario,Municipio,Rosario,820210,Servicio de Catastro e Información Territorial,IGN
2013,8453,2013-07-26,Viernes,0.0,08:00:00,,0.0,2,"Moto/Ciclomotor,Camión",Bv. 27 De Febrero Y Ayacucho,2,1,0,0,1,0,0,,Avenida,,ROSARIO,Rosario,Asfalto,S/D,II,S/D,Urbana,Ninguna,S/D,Intersección,Bueno,S/D,S/D,S/D,Lateral,S/D,Colisión,S/D,Vertical,Ninguna,S/D,POINT (-60.6322277 -32.96960704999999),"['27 de Febrero', 'Ayacucho']",2,Bulevar 27 de Febrero; Ayacucho,-32.96960704999999,-60.6322277,55.0,538.0,Municipio Rosario,Municipio,Rosario,820210,Servicio de Catastro e Información Territorial,IGN
2013,8454,2013-07-08,Lunes,0.0,07:30:00,,0.0,2,"Automóvil,Automóvil",Av. Uriburu Y España,2,1,0,0,1,0,0,,Avenida,,ROSARIO,Rosario,Asfalto,No existe,II,Dentro,Urbana,Ninguna,No existe,Intersección,Bueno,Buena,Diurna,S/D,Lateral,S/D,Colisión,S/D,Faltante,Ninguna,Sin restricción,POINT (-60.65809949999999 -32.9910482),"['Uriburu', 'España']",2,Avenida José Uriburu; España,-32.9910482,-60.65809949999999,55.0,538.0,Municipio Rosario,Municipio,Rosario,820210,Servicio de Catastro e Información Territorial,IGN
2013,8456,2013-07-05,Viernes,0.0,13:00:00,,0.0,2,"Moto/Ciclomotor,Automóvil",Paraguay Y Galvez,3,2,0,0,1,0,0,,Calle,,ROSARIO,Rosario,Asfalto,S/D,II,Dentro,Urbana,S/D,S/D,Intersección,Bueno,Buena,Diurna,Buen Tiempo,De alcance,S/D,Colisión,S/D,S/D,S/D,S/D,POINT (-60.64936409999999 -32.9677811),"['Paraguay', 'Galvez']",2,Paraguay; José Gálvez,-32.9677811,-60.64936409999999,55.0,538.0,Municipio Rosario,Municipio,Rosario,820210,Servicio de Catastro e Información Territorial,IGN
2013,8457,2013-07-24,Miercoles,0.0,20:05:00,,0.0,2,"Moto/Ciclomotor,Moto/Ciclomotor",Esmeralda Y Garibaldi,2,1,1,0,0,0,0,,Calle,,ROSARIO,Rosario,Asfalto,No existe,II,Dentro,Urbana,Ninguna,No existe,Intersección,Bueno,Buena,S/D,Buen Tiempo,S/D,S/D,S/D,S/D,S/D,Ninguna,Sin restricción,POINT (-60.6314068 -32.98898139999999),"['Esmeralda', 'José Garibaldi']",2,Esmeralda; José Garibaldi,-32.98898139999999,-60.6314068,55.0,538.0,Municipio Rosario,Municipio,Rosario,820210,Servicio de Catastro e Información Territorial,IGN
2013,8459,2013-07-07,Domingo,0.0,17:15:00,,0.0,2,"Bicicleta,Automóvil",Bv. Oroño Y Gaboto,2,1,0,0,1,0,0,,Calle,,ROSARIO,Rosario,Asfalto,No existe,II,Dentro,Urbana,Semáforo,Funciona,Intersección,Bueno,Buena,Diurna,S/D,S/D,S/D,Atropello,S/D,"Horizontal,Vertical",S/D,Sin restricción,POINT (-60.660093950000004 -32.970649650000006),"['Bulevar Nicasio Oroño', 'Gaboto']",2,Bulevar Nicasio Oroño; Gaboto,-32.970649650000006,-60.66009395,55.0,538.0,Municipio Rosario,Municipio,Rosario,820210,Servicio de Catastro e Información Territorial,IGN
2013,8460,2013-07-20,Sabado,0.0,02:45:00,,0.0,3,"Peatón,Peatón,Automóvil",Rioja Y Pte.Roca,3,2,0,0,0,0,1,,Calle,,ROSARIO,Rosario,Asfalto,No existe,II,Dentro,Urbana,Ninguna,No existe,Intersección,Bueno,Buena,"Nocturna,Con luz artificial",Buen Tiempo,S/D,S/D,Atropello,S/D,Faltante,Ninguna,Sin restricción,POINT (-60.6453839 -32.94636289999999),"['Rioja', 'Roca']",2,Rioja; Presidente Roca,-32.94636289999999,-60.6453839,55.0,538.0,Municipio Rosario,Municipio,Rosario,820210,Servicio de Catastro e Información Territorial,IGN
2013,8462,2013-07-04,Jueves,0.0,23:00:00,,0.0,2,"Moto/Ciclomotor,Automóvil",Av. Corrientes Y Lamadrid,3,2,0,0,1,0,0,,Calle,,ROSARIO,Rosario,Asfalto,No existe,II,Dentro,Urbana,Ninguna,No existe,Intersección,Bueno,Buena,Nocturna,S/D,Lateral,S/D,Colisión,S/D,Faltante,Ninguna,Sin restricción,POINT (-60.653511200000004 -32.99723920000001),"['Corrientes', 'Lamadrid']",2,Corrientes; Gregorio Aráoz de Lamadrid,-32.99723920000001,-60.6535112,55.0,538.0,Municipio Rosario,Municipio,Rosario,820210,Servicio de Catastro e Información Territorial,IGN
2013,8463,2013-07-10,Miercoles,0.0,10:05:00,,0.0,3,"Automóvil,Pickup/Utilitario,Peatón",Dorrego Y Saavedra,5,3,0,0,2,0,0,,Calle,,ROSARIO,Rosario,Asfalto,No existe,II,Dentro,Urbana,Ninguna,No existe,Intersección,Bueno,Buena,Diurna,S/D,S/D,S/D,Atropello,S/D,Faltante,Ninguna,Sin restricción,POINT (-60.657167 -32.9759652),"['Dorrego', 'Saavedra']",2,Manuel Dorrego; Saavedra,-32.9759652,-60.657167,55.0,538.0,Municipio Rosario,Municipio,Rosario,820210,Servicio de Catastro e Información Territorial,IGN
2013,8464,2013-07-04,Jueves,0.0,13:00:00,,0.0,2,"Automóvil,Automóvil",Mariano Moreno Y Ituzaingo,3,2,0,0,1,0,0,,Calle,,ROSARIO,Rosario,Asfalto,S/D,II,Dentro,Urbana,S/D,S/D,Cruce,Bueno,Buena,Diurna,Buen Tiempo,De alcance,S/D,Colisión,S/D,S/D,S/D,S/D,POINT (-60.6541927 -32.9585103),"['Mariano Moreno', 'Ituzaingó']",2,Mariano Moreno; Ituzaingó,-32.9585103,-60.6541927,55.0,538.0,Municipio Rosario,Municipio,Rosario,820210,Servicio de Catastro e Información Territorial,IGN
2013,8465,2013-07-24,Miercoles,0.0,19:30:00,,0.0,2,"Pickup/Utilitario,Bicicleta",Bv. 27 De Febrero Y Pueyrredon,2,1,0,0,1,0,0,,Avenida,,ROSARIO,Rosario,Asfalto,S/D,II,Dentro,Urbana,S/D,S/D,Intersección,Bueno,Buena,Diurna,Buen Tiempo,S/D,S/D,Atropello,S/D,S/D,S/D,S/D,POINT (-60.6627028 -32.964221200000004),"['27 de Febrero', 'Pueyrredón']",2,Bulevar 27 de Febrero; Pueyrredón,-32.964221200000004,-60.6627028,55.0,538.0,Municipio Rosario,Municipio,Rosario,820210,Servicio de Catastro e Información Territorial,IGN
2013,8466,2013-07-29,Lunes,0.0,,,0.0,2,"Taxi/Remis,Moto/Ciclomotor",L.N.Alem Y Cerrito,3,2,0,0,1,0,0,,S/D,,ROSARIO,Rosario,Asfalto,No existe,II,S/D,S/D,S/D,No existe,Intersección,S/D,S/D,Nocturna,S/D,S/D,S/D,S/D,S/D,S/D,S/D,S/D,POINT (-60.63213530000001 -32.96363290000001),"['Alem', 'Cerrito']",2,Leandro N. Alem; Cerrito,-32.96363290000001,-60.63213530000001,55.0,538.0,Municipio Rosario,Municipio,Rosario,820210,Servicio de Catastro e Información Territorial,IGN
2013,8467,2013-07-26,Viernes,0.0,17:00:00,,0.0,2,"Moto/Ciclomotor,Automóvil",Cochabamba Y Av. Corrientes,2,1,0,0,1,0,0,,Calle,,ROSARIO,Rosario,Asfalto,S/D,II,Dentro,Urbana,S/D,S/D,Recta,Bueno,Buena,Diurna,Buen Tiempo,Lateral,S/D,Colisión,S/D,S/D,S/D,S/D,POINT (-60.6453441 -32.9576917),"['Cochabamba', 'Corrientes']",2,Cochabamba; Corrientes,-32.9576917,-60.6453441,55.0,538.0,Municipio Rosario,Municipio,Rosario,820210,Servicio de Catastro e Información Territorial,IGN
2013,8468,2013-07-08,Lunes,0.0,10:21:00,,0.0,2,"Pickup/Utilitario,Moto/Ciclomotor",Av. Uriburu Y Paraguay,2,1,0,0,1,0,0,,Avenida,,ROSARIO,Rosario,Asfalto,No existe,II,Dentro,Urbana,Ninguna,No existe,Intersección,Bueno,Buena,Diurna,S/D,Lateral,S/D,Colisión,S/D,Faltante,S/D,Sin restricción,POINT (-60.655215850000005 -32.990962749999994),"['Uriburu', 'Paraguay']",2,Avenida José Uriburu; Paraguay,-32.990962749999994,-60.655215850000005,55.0,538.0,Municipio Rosario,Municipio,Rosario,820210,Servicio de Catastro e Información Territorial,IGN
2013,8469,2013-07-21,Domingo,0.0,13:45:00,,0.0,2,"Peatón,Automóvil",Av. Ovidio Lagos Y Rueda,2,1,0,0,1,0,0,,Avenida,,ROSARIO,Rosario,Asfalto,S/D,II,Dentro,Urbana,S/D,S/D,Recta,Bueno,Buena,Diurna,Buen Tiempo,S/D,S/D,Atropello,S/D,S/D,S/D,S/D,POINT (-60.667435000000005 -32.96692475),"['Avenida Ovidio Lagos', 'Rueda']",2,Avenida Ovidio Lagos; Rueda,-32.96692475,-60.667435000000005,55.0,538.0,Municipio Rosario,Municipio,Rosario,820210,Servicio de Catastro e Información Territorial,IGN
2013,8470,2013-07-14,Domingo,0.0,15:30:00,,0.0,2,"Taxi/Remis,Moto/Ciclomotor",Av. Corrientes Y Reg.11 de Infanteria,2,1,0,0,1,0,0,,Calle,,ROSARIO,Rosario,Asfalto,No existe,II,Dentro,Urbana,Ninguna,No existe,Intersección,Bueno,Buena,Diurna,Buen Tiempo,Lateral,S/D,Colisión,S/D,Faltante,Ninguna,Sin restricción,POINT (-60.65339740000001 -32.99894449999999),"['Corrientes', 'Regimiento 11']",2,Corrientes; Regimiento 11,-32.99894449999999,-60.65339740000001,55.0,538.0,Municipio Rosario,Municipio,Rosario,820210,Servicio de Catastro e Información Territorial,IGN
2013,8471,2013-04-19,Viernes,0.0,12:00:00,,0.0,2,"Moto/Ciclomotor,Pickup/Utilitario",Av. Corrientes Y Amenabar,3,2,0,0,1,0,0,,Calle,,ROSARIO,Rosario,Asfalto,No existe,II,Dentro,Urbana,S/D,No existe,Intersección,Bueno,Buena,Diurna,Buen Tiempo,De alcance,S/D,Colisión,S/D,S/D,Ninguna,S/D,POINT (-60.64885220000001 -32.9714548),"['Corrientes', 'Amenabar']",2,Corrientes; José de Amenábar,-32.9714548,-60.64885220000001,55.0,538.0,Municipio Rosario,Municipio,Rosario,820210,Servicio de Catastro e Información Territorial,IGN
2013,8472,2013-07-31,Miercoles,0.0,,,0.0,2,"Pickup/Utilitario,Moto/Ciclomotor",Buenos Aires 1800,2,1,0,0,1,0,0,,S/D,,ROSARIO,Rosario,S/D,S/D,II,S/D,S/D,S/D,No existe,Recta,S/D,S/D,S/D,S/D,S/D,S/D,S/D,S/D,Faltante,Ninguna,S/D,"-32.9593217, -60.6357164",['Buenos Aires 1800'],1,Buenos Aires 1800,-32.9593217,-60.6357164,55.0,538.0,Municipio Rosario,Municipio,Rosario,820210,Servicio de Catastro e Información Territorial,IGN
2013,8473,2013-07-10,Miercoles,0.0,15:15:00,,0.0,2,"Pickup/Utilitario,Moto/Ciclomotor",Bv. Segui 2400,3,2,0,0,1,0,0,,Avenida,,ROSARIO,Rosario,Asfalto,No existe,II,Dentro,Urbana,S/D,No existe,Intersección,Bueno,Buena,Diurna,S/D,Lateral,S/D,Colisión,S/D,Faltante,S/D,S/D,"-32.9757489, -60.6639373",['Bulevar Juan Francisco Seguí 2400'],1,Bulevar Juan Francisco Seguí 2400,-32.9757489,-60.6639373,55.0,538.0,Municipio Rosario,Municipio,Rosario,820210,Servicio de Catastro e Información Territorial,IGN
2013,8474,2013-07-17,Miercoles,0.0,,,0.0,2,"Moto/Ciclomotor,Automóvil",Entre Rios Y Viamonte,2,1,0,0,1,0,0,,Calle,,ROSARIO,Rosario,Asfalto,S/D,II,Dentro,Urbana,S/D,S/D,Intersección,Bueno,Buena,S/D,Buen Tiempo,De alcance,S/D,Colisión,S/D,S/D,S/D,S/D,POINT (-60.64570270000001 -32.9648555),"['Entre Ríos', 'Viamonte']",2,Entre Ríos; Viamonte,-32.9648555,-60.64570270000001,55.0,538.0,Municipio Rosario,Municipio,Rosario,820210,Servicio de Catastro e Información Territorial,IGN
2013,8476,2013-07-14,Domingo,0.0,16:45:00,,0.0,1,Taxi/Remis,Bv. Oroño Y Gaboto,1,1,0,0,0,0,0,,Avenida,,ROSARIO,Rosario,Asfalto,No existe,II,Dentro,Urbana,Ninguna,Funciona,Intersección,Bueno,Buena,Diurna,Buen Tiempo,Contra objeto fijo,S/D,Colisión,S/D,Faltante,Ninguna,Sin restricción,POINT (-60.660093950000004 -32.970649650000006),"['Bulevar Nicasio Oroño', 'Gaboto']",2,Bulevar Nicasio Oroño; Gaboto,-32.970649650000006,-60.66009395,55.0,538.0,Municipio Rosario,Municipio,Rosario,820210,Servicio de Catastro e Información Territorial,IGN
2013,8477,2013-07-31,Miercoles,0.0,09:50:00,,0.0,2,"Automóvil,Taxi/Remis",Maipu Y Cerrito,2,2,0,0,0,0,0,,Calle,,ROSARIO,Rosario,Asfalto,S/D,II,S/D,Urbana,Semáforo,Funciona,Intersección,S/D,S/D,Diurna,S/D,S/D,S/D,S/D,S/D,S/D,Ninguna,S/D,POINT (-60.639294199999995 -32.96236400000001),"['Maipú', 'Cerrito']",2,Maipú; Cerrito,-32.96236400000001,-60.6392942,55.0,538.0,Municipio Rosario,Municipio,Rosario,820210,Servicio de Catastro e Información Territorial,IGN
2013,8478,2013-07-07,Domingo,0.0,04:30:00,,0.0,1,Automóvil,Av. Pellegrini Y Bv. Oroño,3,2,0,0,1,0,0,,Avenida,,ROSARIO,Rosario,Asfalto,S/D,II,Dentro,S/D,S/D,S/D,Intersección,Bueno,Buena,Nocturna,Buen Tiempo,Contra objeto fijo,S/D,Colisión,S/D,S/D,S/D,S/D,POINT (-60.656023850000004 -32.95457175),"['Pellegrini', 'Bulevar Nicasio Oroño']",2,Avenida Carlos Pellegrini; Bulevar Nicasio Oroño,-32.95457175,-60.65602385,55.0,538.0,Municipio Rosario,Municipio,Rosario,820210,Servicio de Catastro e Información Territorial,IGN
2013,8479,2013-07-04,Jueves,0.0,,,0.0,2,"Automóvil,Automóvil",Av. Dante Alighieri ,2,2,0,0,0,0,0,,Avenida,,ROSARIO,Rosario,Asfalto,S/D,II,Dentro,Urbana,S/D,S/D,Curva,Bueno,Buena,S/D,Buen Tiempo,De alcance,S/D,Colisión,S/D,S/D,S/D,S/D,"-32.9616559, -60.65754",['Dante Alighieri'],1,Dante Alighieri,-32.9616559,-60.65754,55.0,538.0,Municipio Rosario,Municipio,Rosario,820210,Servicio de Catastro e Información Territorial,IGN
2013,8480,2013-07-11,Jueves,0.0,11:30:00,,0.0,2,"Automóvil,Peatón",San Martin Y Gaboto,2,1,0,0,1,0,0,,Avenida,,ROSARIO,Rosario,Asfalto,No existe,II,Dentro,Urbana,Semáforo,Funciona,Intersección,S/D,Buena,Diurna,S/D,S/D,S/D,Atropello,S/D,"Horizontal,Vertical",Ninguna,Sin restricción,POINT (-60.6434439 -32.9736111),"['San Martin', 'Gaboto']",2,José de San Martín; Gaboto,-32.9736111,-60.6434439,55.0,538.0,Municipio Rosario,Municipio,Rosario,820210,Servicio de Catastro e Información Territorial,IGN
2013,8482,2013-07-15,Lunes,0.0,16:15:00,,0.0,2,"Moto/Ciclomotor,Peatón",Bv. Oroño Y Dr.Rivas,2,2,0,0,0,0,0,,Avenida,,ROSARIO,Rosario,Asfalto,No existe,II,Dentro,Urbana,Ninguna,No existe,Intersección,Bueno,Buena,Diurna,Buen Tiempo,S/D,S/D,Atropello,S/D,Faltante,Ninguna,Sin restricción,POINT (-60.6626747 -32.9809666),"['Bulevar Nicasio Oroño', 'Doctor Francisco Riva']",2,Bulevar Nicasio Oroño; Doctor Francisco Riva,-32.9809666,-60.6626747,55.0,538.0,Municipio Rosario,Municipio,Rosario,820210,Servicio de Catastro e Información Territorial,IGN
2013,8483,2013-07-28,Domingo,0.0,14:40:00,,0.0,2,"Moto/Ciclomotor,Automóvil",Galvez Y Av. Ovidio Lagos,3,2,0,0,1,0,0,,Avenida,,ROSARIO,Rosario,Asfalto,S/D,II,Dentro,Urbana,S/D,Funciona,Recta,Bueno,Buena,Diurna,Buen Tiempo,De alcance,S/D,Colisión,S/D,Vertical,S/D,S/D,POINT (-60.666903 -32.96464895),"['Galvez', 'Avenida Ovidio Lagos']",2,José Gálvez; Avenida Ovidio Lagos,-32.96464895,-60.666903,55.0,538.0,Municipio Rosario,Municipio,Rosario,820210,Servicio de Catastro e Información Territorial,IGN
2013,8484,2013-07-16,Martes,0.0,20:30:00,,0.0,2,"Automóvil,Automóvil",Virasoro Y Italia,4,1,0,0,3,0,0,,Calle,,ROSARIO,Rosario,Asfalto,S/D,II,Dentro,Urbana,S/D,S/D,Intersección,Bueno,Buena,Nocturna,Buen Tiempo,De alcance,S/D,Colisión,S/D,S/D,S/D,S/D,POINT (-60.65378160000001 -32.9681924),"['Virasoro', 'Italia']",2,Benjamín Virasoro; Italia,-32.9681924,-60.65378160000001,55.0,538.0,Municipio Rosario,Municipio,Rosario,820210,Servicio de Catastro e Información Territorial,IGN
2013,8485,2013-07-15,Lunes,0.0,18:15:00,,0.0,2,"Automóvil,Moto/Ciclomotor",Av. Uriburu Y Av. Corrientes,2,1,0,0,1,0,0,,Avenida,,ROSARIO,Rosario,Asfalto,No existe,II,Dentro,Urbana,Ninguna,No existe,Intersección,Bueno,Buena,Diurna,Buen Tiempo,Lateral,S/D,Colisión,S/D,Faltante,Ninguna,Sin restricción,POINT (-60.653706549999995 -32.99091685),"['Uriburu', 'Corrientes']",2,Avenida José Uriburu; Corrientes,-32.99091685,-60.65370655,55.0,538.0,Municipio Rosario,Municipio,Rosario,820210,Servicio de Catastro e Información Territorial,IGN
2013,8486,2013-07-04,Jueves,0.0,07:40:00,,0.0,2,"Automóvil,Moto/Ciclomotor",Bv. Oroño Y Av. Pellegrini,3,1,0,0,2,0,0,,Avenida,,ROSARIO,Rosario,Asfalto,S/D,II,Dentro,Urbana,S/D,S/D,Cruce,Bueno,Buena,Diurna,Buen Tiempo,De alcance,S/D,Colisión,S/D,S/D,S/D,S/D,POINT (-60.656023850000004 -32.95457175),"['Bulevar Nicasio Oroño', 'Pellegrini']",2,Bulevar Nicasio Oroño; Avenida Carlos Pellegrini,-32.95457175,-60.65602385,55.0,538.0,Municipio Rosario,Municipio,Rosario,820210,Servicio de Catastro e Información Territorial,IGN
2013,8487,2013-07-19,Viernes,0.0,19:50:00,,0.0,2,"Automóvil,Automóvil",Av. Uriburu Y Pueyrredon,2,2,0,0,0,0,0,,Avenida,,ROSARIO,Rosario,Asfalto,No existe,II,Dentro,Urbana,Ninguna,No existe,Intersección,Bueno,Buena,Nocturna,Buen Tiempo,Lateral,S/D,Colisión,S/D,Faltante,Ninguna,Sin restricción,POINT (-60.66954815 -32.991416199999996),"['Uriburu', 'Pueyrredón']",2,Avenida José Uriburu; Pueyrredón,-32.9914162,-60.66954815,55.0,538.0,Municipio Rosario,Municipio,Rosario,820210,Servicio de Catastro e Información Territorial,IGN
2013,8488,2013-07-26,Viernes,0.0,16:30:00,,0.0,2,"Bicicleta,Pickup/Utilitario",Sarmiento 2600,2,1,0,0,1,0,0,,Calle,,ROSARIO,Rosario,Asfalto,S/D,II,Dentro,Urbana,S/D,S/D,Recta,Bueno,Buena,Diurna,Buen Tiempo,S/D,S/D,Atropello,S/D,S/D,S/D,S/D,"-32.9674348, -60.6434852",['Sarmiento 2600'],1,Sarmiento 2600,-32.9674348,-60.6434852,55.0,538.0,Municipio Rosario,Municipio,Rosario,820210,Servicio de Catastro e Información Territorial,IGN