anio_acci,nro_acci,fecha,desc_dia,fecha_aprox,hora_aprox,desc_ruta,km,cant_participantes,desc_participante,calle_avenida_km,total,heridos_leves,heridos_graves,heridos_gravisimos,ilesos,fallecidos,sin_datos,posicion_XY,desc_tipo_via,desc_ruta_ori,desc_loc,desc_dpto,desc_tipo_calzada,desc_tipo_banquina,desc_unidad_regional,desc_lugar_calzada,desc_zona,desc_prioridad,desc_estado_semaforo,desc_lugar_via,desc_estado_via,desc_estado_visibilidad,desc_luminosidad,desc_estado_clima,desc_tipo_colision,desc_tipo_atropello,desc_tipo_hecho,desc_pres_calzada,desc_senializacion,desc_separacion_via,desc_restriccion,forma_geocod,calle_lista,numero_calles,calles_osm,lat,lon,index_right,gid,fna,gna,nam,in1,fdc,sag
2013,8489,2013-07-05,Viernes,0.0,,,0.0,2,"Automóvil,Moto/Ciclomotor",San Martin Y Bv. 27 De Febrero,2,1,0,0,1,0,0,,Avenida,,ROSARIO,Rosario,Asfalto,S/D,II,Dentro,S/D,S/D,S/D,Intersección,Bueno,Buena,S/D,Buen Tiempo,De alcance,S/D,Colisión,S/D,S/D,S/D,S/D,POINT (-60.642020650000006 -32.96785644999999),"['San Martin', '27 de Febrero']",2,José de San Martín; Bulevar 27 de Febrero,-32.96785644999999,-60.642020650000006,55.0,538.0,Municipio Rosario,Municipio,Rosario,820210,Servicio de Catastro e Información Territorial,IGN
2013,8490,2013-07-12,Viernes,0.0,11:00:00,,0.0,2,"Moto/Ciclomotor,Vehículo Oficial",Alice 5000,3,1,0,0,2,0,0,,Calle,,ROSARIO,Rosario,Asfalto,No existe,II,Dentro,Urbana,Ninguna,No existe,Recta,Bueno,Buena,Diurna,S/D,Lateral,S/D,Colisión,S/D,S/D,Ninguna,Sin restricción,"-32.9920388, -60.627077",['Alice 5000'],1,Alice 5000,-32.9920388,-60.627077,55.0,538.0,Municipio Rosario,Municipio,Rosario,820210,Servicio de Catastro e Información Territorial,IGN
2013,8491,2013-07-15,Lunes,0.0,14:10:00,,0.0,2,"Moto/Ciclomotor,Automóvil",Cochabamba Y Dorrego,2,1,0,0,1,0,0,,Calle,,ROSARIO,Rosario,Asfalto,S/D,II,Dentro,S/D,S/D,S/D,Cruce,Bueno,Buena,Diurna,Buen Tiempo,De alcance,S/D,Colisión,S/D,S/D,S/D,S/D,POINT (-60.652221 -32.9564558),"['Cochabamba', 'Dorrego']",2,Cochabamba; Manuel Dorrego,-32.9564558,-60.652221,55.0,538.0,Municipio Rosario,Municipio,Rosario,820210,Servicio de Catastro e Información Territorial,IGN
2013,8492,2013-07-20,Sabado,0.0,,,0.0,2,"Automóvil,Moto/Ciclomotor",Pje. Yugoslavia Y Milan,3,1,0,0,2,0,0,,Calle,,ROSARIO,Rosario,S/D,S/D,II,Dentro,Urbana,Ninguna,S/D,Intersección,S/D,S/D,S/D,Buen Tiempo,Frontal,S/D,Colisión,S/D,S/D,Ninguna,Sin restricción,POINT (-60.6555484 -32.9894395),"['Yugoslavia', 'Milán']",2,Yugoslavia; Milán,-32.9894395,-60.6555484,55.0,538.0,Municipio Rosario,Municipio,Rosario,820210,Servicio de Catastro e Información Territorial,IGN
2013,8493,2013-07-25,Jueves,0.0,23:20:00,,0.0,2,"Automóvil,Automóvil",Entre Rios Y Bv. Segui,2,1,0,0,1,0,0,,Calle,,ROSARIO,Rosario,Asfalto,No existe,II,Dentro,Urbana,Ninguna,No existe,Intersección,Bueno,Buena,Nocturna,Buen Tiempo,Lateral,S/D,Colisión,S/D,Faltante,Ninguna,Sin restricción,POINT (-60.6491681 -32.97857979999999),"['Entre Ríos', 'Bulevar Juan Francisco Seguí']",2,Entre Ríos; Bulevar Juan Francisco Seguí,-32.97857979999999,-60.6491681,55.0,538.0,Municipio Rosario,Municipio,Rosario,820210,Servicio de Catastro e Información Territorial,IGN
2013,8494,2013-07-11,Jueves,0.0,21:55:00,,0.0,2,"Automóvil,Moto/Ciclomotor",San Martin Y Sanchez de Bustamante,2,1,0,0,1,0,0,,Avenida,,ROSARIO,Rosario,Asfalto,No existe,II,Dentro,Urbana,Ninguna,No existe,Intersección,Bueno,Buena,Nocturna,S/D,Lateral,S/D,Colisión,S/D,Faltante,Ninguna,Sin restricción,POINT (-60.64913584999999 -33.0020069),"['San Martin', 'Sánchez de Bustamante']",2,José de San Martín; Sánchez de Bustamante,-33.0020069,-60.64913584999999,55.0,538.0,Municipio Rosario,Municipio,Rosario,820210,Servicio de Catastro e Información Territorial,IGN
2013,8496,2013-07-04,Jueves,0.0,13:15:00,,0.0,2,"Moto/Ciclomotor,Automóvil",Entre Rios Y Ocampo,2,1,0,0,1,0,0,,Calle,,ROSARIO,Rosario,Asfalto,S/D,II,Dentro,Urbana,S/D,S/D,Recta,Bueno,Buena,Diurna,Buen Tiempo,De alcance,S/D,Colisión,S/D,S/D,S/D,S/D,POINT (-60.645984299999995 -32.96596579999999),"['Entre Ríos', 'Ocampo']",2,Entre Ríos; Ocampo,-32.96596579999999,-60.6459843,55.0,538.0,Municipio Rosario,Municipio,Rosario,820210,Servicio de Catastro e Información Territorial,IGN
2013,8497,2013-07-20,Sabado,0.0,09:05:00,,0.0,2,"Taxi/Remis,Automóvil",Av. Jorge Cura Y Rodriguez,5,3,0,0,2,0,0,,Calle,,ROSARIO,Rosario,Asfalto,No existe,II,Dentro,Urbana,Ninguna,No existe,Intersección,Bueno,Buena,Diurna,Buen Tiempo,Lateral,S/D,Colisión,S/D,Faltante,Ninguna,Sin restricción,POINT (-60.6656507 -32.970242),"['Avenida Jorge Cura', 'Rodríguez']",2,Avenida Jorge Cura; Rodríguez de Escobedo,-32.970242,-60.6656507,55.0,538.0,Municipio Rosario,Municipio,Rosario,820210,Servicio de Catastro e Información Territorial,IGN
2013,8498,2013-07-01,Lunes,0.0,12:40:00,,0.0,2,"Automóvil,Transporte de Pasajeros Urbano (> 8 asientos)",Av. Corrientes Y Av. Pellegrini,2,1,0,0,1,0,0,,Avenida,,ROSARIO,Rosario,Asfalto,S/D,II,Dentro,S/D,S/D,S/D,Intersección,Bueno,Buena,Diurna,Buen Tiempo,De alcance,S/D,Colisión,S/D,S/D,S/D,S/D,POINT (-60.645055850000006 -32.95655624999999),"['Corrientes', 'Pellegrini']",2,Corrientes; Avenida Carlos Pellegrini,-32.95655624999999,-60.645055850000006,55.0,538.0,Municipio Rosario,Municipio,Rosario,820210,Servicio de Catastro e Información Territorial,IGN
2013,8499,2013-07-09,Martes,0.0,04:05:00,,0.0,3,"Automóvil,Pickup/Utilitario,Automóvil",Av. Corrientes Y Cerrito,6,3,0,0,2,0,1,,Calle,,ROSARIO,Rosario,Asfalto,S/D,II,Dentro,S/D,S/D,S/D,Intersección,Bueno,Buena,Nocturna,Buen Tiempo,De alcance,S/D,Colisión,S/D,S/D,S/D,S/D,POINT (-60.6462178 -32.96111909999998),"['Corrientes', 'Cerrito']",2,Corrientes; Cerrito,-32.96111909999998,-60.6462178,55.0,538.0,Municipio Rosario,Municipio,Rosario,820210,Servicio de Catastro e Información Territorial,IGN
2013,8500,2013-07-20,Sabado,0.0,12:45:00,,0.0,2,"Moto/Ciclomotor,Peatón",San Martin Y Lamadrid,4,1,0,0,3,0,0,,Calle,,ROSARIO,Rosario,Asfalto,No existe,II,Dentro,Urbana,Ninguna,No existe,Recta,Bueno,Buena,Diurna,Buen Tiempo,Frontal,S/D,Atropello,S/D,Faltante,Ninguna,Sin restricción,POINT (-60.64808370000001 -32.997063899999986),"['San Martin', 'Lamadrid']",2,José de San Martín; Gregorio Aráoz de Lamadrid,-32.997063899999986,-60.64808370000001,55.0,538.0,Municipio Rosario,Municipio,Rosario,820210,Servicio de Catastro e Información Territorial,IGN
2013,8501,2013-07-22,Lunes,0.0,12:40:00,,0.0,2,"Automóvil,Moto/Ciclomotor",Comodoro Rivadavia Y Santiago,3,1,0,0,2,0,0,,Calle,,ROSARIO,Rosario,Asfalto,No existe,II,Dentro,Urbana,Ninguna,No existe,Intersección,Bueno,Buena,Diurna,Buen Tiempo,Lateral,S/D,Colisión,S/D,Faltante,Ninguna,Sin restricción,POINT (-60.6680318 -32.99079780000001),"['Comodoro Rivadavia', 'Santiago']",2,Comodoro Rivadavia; Santiago,-32.99079780000001,-60.6680318,55.0,538.0,Municipio Rosario,Municipio,Rosario,820210,Servicio de Catastro e Información Territorial,IGN
2013,8502,2013-07-26,Viernes,0.0,,,0.0,2,"Bicicleta,Automóvil",Av. Corrientes Y Centeno,2,1,0,0,1,0,0,,Calle,,ROSARIO,Rosario,Asfalto,No existe,II,Dentro,Urbana,Ninguna,No existe,Intersección,Bueno,Buena,Diurna,Buen Tiempo,S/D,S/D,Atropello,S/D,Faltante,Ninguna,Sin restricción,POINT (-60.6520326 -32.98407649999999),"['Corrientes', 'Centeno']",2,Corrientes; Coronel Centeno,-32.98407649999999,-60.6520326,55.0,538.0,Municipio Rosario,Municipio,Rosario,820210,Servicio de Catastro e Información Territorial,IGN
2013,8503,2013-07-22,Lunes,0.0,20:05:00,,0.0,2,"Moto/Ciclomotor,Automóvil",Av. Arijon Y Serrano,3,2,0,0,1,0,0,,S/D,,ROSARIO,Rosario,Asfalto,No existe,II,S/D,Urbana,Ninguna,No existe,Intersección,Bueno,Buena,Nocturna,Buen Tiempo,S/D,S/D,Colisión,S/D,S/D,Ninguna,S/D,POINT (-60.6317677 -33.002526399999994),"['Avenida Manuel Arijón', 'Serrano']",2,Avenida Manuel Arijón; José Mariano Serrano,-33.002526399999994,-60.6317677,55.0,538.0,Municipio Rosario,Municipio,Rosario,820210,Servicio de Catastro e Información Territorial,IGN
2013,8504,2013-07-23,Martes,0.0,12:15:00,,0.0,2,"Pickup/Utilitario,Pickup/Utilitario",España Y Saavedra,3,2,0,0,1,0,0,,Calle,,ROSARIO,Rosario,Asfalto,No existe,II,Dentro,Urbana,Ninguna,No existe,Intersección,Bueno,Buena,Diurna,Buen Tiempo,Lateral,S/D,Colisión,S/D,Faltante,Ninguna,Sin restricción,POINT (-60.65441920000001 -32.9764598),"['España', 'Saavedra']",2,España; Saavedra,-32.9764598,-60.65441920000001,55.0,538.0,Municipio Rosario,Municipio,Rosario,820210,Servicio de Catastro e Información Territorial,IGN
2013,8505,2013-07-27,Sabado,0.0,14:40:00,,0.0,2,"Automóvil,Camión",Bv. 27 De Febrero Y Paraguay,3,1,0,0,2,0,0,,Avenida,,ROSARIO,Rosario,Asfalto,S/D,II,Dentro,Urbana,S/D,Funciona,Recta,Bueno,Buena,Diurna,Buen Tiempo,De alcance,S/D,Colisión,S/D,Vertical,S/D,S/D,POINT (-60.64906305 -32.966597750000005),"['27 de Febrero', 'Paraguay']",2,Bulevar 27 de Febrero; Paraguay,-32.966597750000005,-60.64906305,55.0,538.0,Municipio Rosario,Municipio,Rosario,820210,Servicio de Catastro e Información Territorial,IGN
2013,8506,2013-07-22,Lunes,0.0,07:30:00,,0.0,2,"Moto/Ciclomotor,Automóvil",Av. Battle y Ordoñez Y Ayacucho,2,1,0,0,1,0,0,,Avenida,,ROSARIO,Rosario,Asfalto,No existe,II,Dentro,Urbana,Semáforo,Funciona,Intersección,Bueno,S/D,Amanecer,Buen Tiempo,De alcance,S/D,Colisión,S/D,S/D,Línea divisoria pintada,Sin restricción,POINT (-60.6358011 -33.008555699999995),"['Avenida Battle y Ordoñez', 'Ayacucho']",2,Avenida Battle y Ordoñez; Ayacucho,-33.008555699999995,-60.6358011,55.0,538.0,Municipio Rosario,Municipio,Rosario,820210,Servicio de Catastro e Información Territorial,IGN
2013,8507,2013-07-26,Viernes,0.0,15:00:00,,0.0,2,"Automóvil,Automóvil",San Martin Y Esteban de Luca,2,1,0,0,1,0,0,,Calle,,ROSARIO,Rosario,Asfalto,No existe,II,Dentro,Urbana,Ninguna,Funciona,Recta,Bueno,Buena,Diurna,Buen Tiempo,Otro,S/D,Colisión,S/D,Faltante,Ninguna,Sin restricción,POINT (-60.69698706666666 -32.97095953333332),"['San Martin', 'Esteban de Luca']",2,José de San Martín; Esteban de Luca,-32.97095953333332,-60.69698706666666,55.0,538.0,Municipio Rosario,Municipio,Rosario,820210,Servicio de Catastro e Información Territorial,IGN
2013,8508,2013-07-14,Domingo,0.0,11:10:00,,0.0,2,"Bicicleta,Automóvil",Ituzaingo 1232,2,1,0,0,1,0,0,,Calle,,ROSARIO,Rosario,Asfalto,No existe,II,Dentro,Urbana,S/D,S/D,Intersección,Bueno,Buena,Diurna,Buen Tiempo,S/D,S/D,Atropello,S/D,S/D,S/D,S/D,"-32.96030314897959, -60.64362685306123",['Ituzaingo 1232'],1,Ituzaingo 1232,-32.96030314897959,-60.64362685306123,55.0,538.0,Municipio Rosario,Municipio,Rosario,820210,Servicio de Catastro e Información Territorial,IGN
2013,8509,2013-07-03,Miercoles,0.0,14:00:00,,0.0,2,"Moto/Ciclomotor,Automóvil",Bv. 27 De Febrero Y L.N.Alem,2,1,0,0,1,0,0,,Avenida,,ROSARIO,Rosario,Asfalto,S/D,II,S/D,Urbana,Semáforo,S/D,Intersección,Bueno,S/D,Diurna,Buen Tiempo,Lateral,S/D,Colisión,S/D,Vertical,S/D,S/D,POINT (-60.63361105 -32.96936275),"['27 de Febrero', 'Alem']",2,Bulevar 27 de Febrero; Leandro N. Alem,-32.96936275,-60.63361105,55.0,538.0,Municipio Rosario,Municipio,Rosario,820210,Servicio de Catastro e Información Territorial,IGN
2013,8510,2013-07-13,Sabado,0.0,11:30:00,,0.0,2,"Bicicleta,Automóvil",Galvez Y Pte.Roca,2,1,0,0,1,0,0,,Calle,,ROSARIO,Rosario,Asfalto,S/D,II,Dentro,Urbana,S/D,S/D,Intersección,Bueno,Buena,Diurna,Buen Tiempo,S/D,S/D,Atropello,S/D,S/D,S/D,S/D,POINT (-60.6507318 -32.967538899999994),"['Galvez', 'Roca']",2,José Gálvez; Presidente Roca,-32.967538899999994,-60.6507318,55.0,538.0,Municipio Rosario,Municipio,Rosario,820210,Servicio de Catastro e Información Territorial,IGN
2013,8511,2013-07-21,Domingo,0.0,,,0.0,3,"Moto/Ciclomotor,Moto/Ciclomotor,Automóvil",Ayacucho Y Reg.11 de Infanteria,4,2,0,0,1,0,1,,Calle,,ROSARIO,Rosario,Asfalto,No existe,II,Dentro,Urbana,Ninguna,No existe,Intersección,Bueno,S/D,Diurna,Buen Tiempo,Múltiple,S/D,Colisión,S/D,S/D,S/D,Sin restricción,POINT (-60.6364342 -32.9984412),"['Ayacucho', 'Regimiento 11']",2,Ayacucho; Regimiento 11,-32.9984412,-60.6364342,55.0,538.0,Municipio Rosario,Municipio,Rosario,820210,Servicio de Catastro e Información Territorial,IGN
2013,8512,2013-07-13,Sabado,0.0,16:30:00,,0.0,2,"Taxi/Remis,Automóvil",Dorrego Y Cerrito,2,1,0,0,1,0,0,,Calle,,ROSARIO,Rosario,Asfalto,S/D,II,Dentro,Urbana,S/D,S/D,Intersección,Bueno,Buena,Diurna,Buen Tiempo,De alcance,S/D,Colisión,S/D,S/D,S/D,S/D,POINT (-60.653089800000004 -32.9598834),"['Dorrego', 'Cerrito']",2,Manuel Dorrego; Cerrito,-32.9598834,-60.6530898,55.0,538.0,Municipio Rosario,Municipio,Rosario,820210,Servicio de Catastro e Información Territorial,IGN
2013,8513,2013-07-14,Domingo,0.0,20:30:00,,0.0,2,"Automóvil,Automóvil",Av. J.Coronado Y Bv. Oroño,2,1,0,0,1,0,0,,Avenida,,ROSARIO,Rosario,Asfalto,S/D,II,Dentro,Urbana,S/D,S/D,Recta,Bueno,Buena,"Nocturna,Con luz artificial",Buen Tiempo,De alcance,S/D,Colisión,S/D,S/D,S/D,Sin restricción,POINT (-60.6579387 -32.9624721),"['Coronado', 'Bulevar Nicasio Oroño']",2,Avenida J. Coronado; Bulevar Nicasio Oroño,-32.9624721,-60.6579387,55.0,538.0,Municipio Rosario,Municipio,Rosario,820210,Servicio de Catastro e Información Territorial,IGN
2013,8514,2013-07-13,Sabado,0.0,20:20:00,,0.0,2,"Bicicleta,Automóvil",Bv. Oroño Y Av. Dante Alighieri,2,1,0,0,1,0,0,,Avenida,,ROSARIO,Rosario,Asfalto,S/D,II,Dentro,Urbana,S/D,S/D,Intersección,Bueno,Buena,Nocturna,Buen Tiempo,S/D,S/D,Atropello,S/D,S/D,S/D,S/D,POINT (-60.6579301 -32.961999649999996),"['Bulevar Nicasio Oroño', 'Dante Alighieri']",2,"('Ciclovía Bulevar Nicasio Oroño', 'Avenida Dante Alighieri')",-32.96199965,-60.6579301,55.0,538.0,Municipio Rosario,Municipio,Rosario,820210,Servicio de Catastro e Información Territorial,IGN
2013,8515,2013-07-13,Sabado,0.0,12:13:00,,0.0,2,"Automóvil,Bicicleta",Sanchez de Bustamante Y Pje. Chilabert,2,1,0,0,1,0,0,,Calle,,ROSARIO,Rosario,Asfalto,No existe,II,Dentro,Urbana,Ninguna,No existe,Intersección,Bueno,Buena,Diurna,S/D,S/D,S/D,Atropello,S/D,Faltante,Ninguna,Sin restricción,POINT (-60.6525729 -33.0021314),"['Sánchez de Bustamante', 'Chilabert']",2,Sánchez de Bustamante; Chilabert,-33.0021314,-60.6525729,55.0,538.0,Municipio Rosario,Municipio,Rosario,820210,Servicio de Catastro e Información Territorial,IGN
2013,8516,2013-07-03,Miercoles,0.0,07:50:00,,0.0,2,"Bicicleta,Automóvil",Viamonte Y Buenos Aires,2,1,0,0,1,0,0,,Calle,,ROSARIO,Rosario,Asfalto,S/D,II,S/D,Urbana,S/D,S/D,Recta,Bueno,S/D,Diurna,Buen Tiempo,S/D,S/D,Atropello,S/D,S/D,S/D,S/D,POINT (-60.637445299999996 -32.966308199999986),"['Viamonte', 'Buenos Aires']",2,Viamonte; Buenos Aires,-32.966308199999986,-60.6374453,55.0,538.0,Municipio Rosario,Municipio,Rosario,820210,Servicio de Catastro e Información Territorial,IGN
2013,8517,2013-07-15,Lunes,0.0,,,0.0,2,"Moto/Ciclomotor,Pickup/Utilitario",Av. Arijon Y Serrano,3,2,0,0,1,0,0,,Avenida,,ROSARIO,Rosario,Asfalto,No existe,II,Dentro,Urbana,S/D,No existe,Intersección,S/D,S/D,S/D,S/D,S/D,S/D,Colisión,S/D,S/D,Ninguna,S/D,POINT (-60.6317677 -33.002526399999994),"['Avenida Manuel Arijón', 'Serrano']",2,Avenida Manuel Arijón; José Mariano Serrano,-33.002526399999994,-60.6317677,55.0,538.0,Municipio Rosario,Municipio,Rosario,820210,Servicio de Catastro e Información Territorial,IGN
2013,8518,2013-07-13,Sabado,0.0,07:20:00,,0.0,2,"Automóvil,Automóvil",Bv. 27 De Febrero Y Italia,2,1,0,0,1,0,0,,Avenida,,ROSARIO,Rosario,Asfalto,S/D,II,Dentro,Urbana,S/D,S/D,Intersección,Bueno,Buena,Amanecer,Buen Tiempo,De alcance,S/D,Colisión,S/D,S/D,S/D,S/D,POINT (-60.65319205 -32.96586075),"['27 de Febrero', 'Italia']",2,Bulevar 27 de Febrero; Italia,-32.96586075,-60.65319205,55.0,538.0,Municipio Rosario,Municipio,Rosario,820210,Servicio de Catastro e Información Territorial,IGN
2013,8519,2013-07-13,Sabado,0.0,19:30:00,,0.0,2,"Moto/Ciclomotor,Automóvil",Biedma Y Pueyrredon,3,2,0,0,0,0,1,,Calle,,ROSARIO,Rosario,Asfalto,No existe,II,Dentro,Urbana,Ninguna,No existe,Intersección,Bueno,S/D,Diurna,Buen Tiempo,Lateral,S/D,Colisión,S/D,Faltante,Ninguna,Sin restricción,POINT (-60.66617329999999 -32.977945899999995),"['Coronel Biedma', 'Pueyrredón']",2,Coronel Biedma; Pueyrredón,-32.977945899999995,-60.66617329999999,55.0,538.0,Municipio Rosario,Municipio,Rosario,820210,Servicio de Catastro e Información Territorial,IGN
2013,8521,2013-07-12,Viernes,0.0,17:40:00,,0.0,2,"Bicicleta,Automóvil",Ituzaingo 1759,2,1,0,0,1,0,0,,Calle,,ROSARIO,Rosario,Asfalto,S/D,II,Dentro,Urbana,S/D,S/D,Recta,Bueno,Buena,Diurna,Buen Tiempo,S/D,S/D,Atropello,S/D,S/D,S/D,S/D,"-32.95921304081633, -60.65086125102041",['Ituzaingo 1759'],1,Ituzaingo 1759,-32.95921304081633,-60.65086125102041,55.0,538.0,Municipio Rosario,Municipio,Rosario,820210,Servicio de Catastro e Información Territorial,IGN
2013,8522,2013-07-12,Viernes,0.0,10:45:00,,0.0,2,"Moto/Ciclomotor,Automóvil",San Martin Y Ituzaingo,2,1,0,0,1,0,0,,Avenida,,ROSARIO,Rosario,Asfalto,S/D,II,Dentro,Urbana,S/D,S/D,Intersección,Bueno,Buena,Diurna,Buen Tiempo,De alcance,S/D,Colisión,S/D,S/D,S/D,S/D,POINT (-60.6402962 -32.9609805),"['San Martin', 'Ituzaingó']",2,José de San Martín; Ituzaingó,-32.9609805,-60.6402962,55.0,538.0,Municipio Rosario,Municipio,Rosario,820210,Servicio de Catastro e Información Territorial,IGN
2013,8523,2013-07-12,Viernes,0.0,11:30:00,,0.0,2,"Moto/Ciclomotor,Automóvil",La Paz Y Buenos Aires,2,1,0,0,1,0,0,,S/D,,ROSARIO,Rosario,Asfalto,No existe,II,S/D,S/D,Ninguna,No existe,Intersección,Bueno,Buena,Diurna,Lluvia,S/D,S/D,S/D,Agua,S/D,Ninguna,Sin restricción,POINT (-60.6371524 -32.96514349999999),"['La Paz', 'Buenos Aires']",2,La Paz; Buenos Aires,-32.96514349999999,-60.6371524,55.0,538.0,Municipio Rosario,Municipio,Rosario,820210,Servicio de Catastro e Información Territorial,IGN
2013,8524,2013-07-11,Jueves,0.0,12:30:00,,0.0,2,"Automóvil,Moto/Ciclomotor",Italia Y Ocampo,2,1,0,0,1,0,0,,Calle,,ROSARIO,Rosario,Asfalto,S/D,II,Dentro,Urbana,S/D,S/D,Intersección,Bueno,Buena,Diurna,Buen Tiempo,De alcance,S/D,Colisión,S/D,S/D,S/D,S/D,POINT (-60.6529154 -32.96475379999999),"['Italia', 'Ocampo']",2,Italia; Ocampo,-32.96475379999999,-60.6529154,55.0,538.0,Municipio Rosario,Municipio,Rosario,820210,Servicio de Catastro e Información Territorial,IGN
2013,8525,2013-07-17,Miercoles,0.0,14:25:00,,0.0,2,"Moto/Ciclomotor,Automóvil",La Paz Y Buenos Aires,4,0,1,0,3,0,0,,Calle,,ROSARIO,Rosario,Asfalto,No existe,II,Dentro,Urbana,Señal Pare,S/D,Intersección,Bueno,S/D,Diurna,Buen Tiempo,Lateral,S/D,Colisión,S/D,Vertical,Ninguna,S/D,POINT (-60.6371524 -32.96514349999999),"['La Paz', 'Buenos Aires']",2,La Paz; Buenos Aires,-32.96514349999999,-60.6371524,55.0,538.0,Municipio Rosario,Municipio,Rosario,820210,Servicio de Catastro e Información Territorial,IGN
2013,8526,2013-07-11,Jueves,0.0,21:00:00,,0.0,2,"Moto/Ciclomotor,Automóvil",España Y Viamonte,3,2,0,0,1,0,0,,Calle,,ROSARIO,Rosario,Asfalto,S/D,II,Dentro,Urbana,S/D,S/D,Intersección,Bueno,Buena,Nocturna,Buen Tiempo,De alcance,S/D,Colisión,S/D,S/D,S/D,S/D,POINT (-60.651243300000004 -32.9638718),"['España', 'Viamonte']",2,España; Viamonte,-32.9638718,-60.6512433,55.0,538.0,Municipio Rosario,Municipio,Rosario,820210,Servicio de Catastro e Información Territorial,IGN
2013,8527,2013-07-10,Miercoles,0.0,,,0.0,2,"Moto/Ciclomotor,Automóvil",San Martin Y Virasoro,2,1,0,0,1,0,0,,Calle,,ROSARIO,Rosario,Asfalto,S/D,II,Dentro,Urbana,S/D,S/D,Intersección,Bueno,Buena,S/D,Buen Tiempo,De alcance,S/D,Colisión,S/D,S/D,S/D,S/D,POINT (-60.6425689 -32.9701874),"['San Martin', 'Virasoro']",2,José de San Martín; Benjamín Virasoro,-32.9701874,-60.6425689,55.0,538.0,Municipio Rosario,Municipio,Rosario,820210,Servicio de Catastro e Información Territorial,IGN
2013,8528,2013-07-20,Sabado,0.0,03:00:00,,0.0,2,"Taxi/Remis,Automóvil",Buenos Aires Y Av. Pellegrini,5,3,0,0,2,0,0,,Calle,,ROSARIO,Rosario,Asfalto,S/D,II,S/D,Urbana,Semáforo,Funciona,Recta,S/D,S/D,Nocturna,S/D,S/D,S/D,Colisión,S/D,S/D,Ninguna,S/D,POINT (-60.63639453333334 -32.982757233333324),"['Buenos Aires', 'Pellegrini']",2,Buenos Aires; Avenida Carlos Pellegrini,-32.982757233333324,-60.63639453333334,55.0,538.0,Municipio Rosario,Municipio,Rosario,820210,Servicio de Catastro e Información Territorial,IGN
2013,8529,2013-07-02,Martes,0.0,,,0.0,2,"Automóvil,Moto/Ciclomotor",Galvez 1600,2,1,0,0,1,0,0,,Calle,,ROSARIO,Rosario,Asfalto,S/D,II,Dentro,Urbana,S/D,S/D,Recta,Bueno,Buena,S/D,Buen Tiempo,De alcance,S/D,Colisión,S/D,S/D,S/D,S/D,"-32.9675051, -60.6504649",['Galvez 1600'],1,Galvez 1600,-32.9675051,-60.6504649,55.0,538.0,Municipio Rosario,Municipio,Rosario,820210,Servicio de Catastro e Información Territorial,IGN
2013,8530,2013-07-22,Lunes,0.0,12:00:00,,0.0,2,"Moto/Ciclomotor,Automóvil",Bv. 27 De Febrero Y 1 de Mayo,2,1,0,0,1,0,0,,Avenida,,ROSARIO,Rosario,Asfalto,S/D,II,S/D,Urbana,S/D,S/D,Intersección,Bueno,S/D,Diurna,Buen Tiempo,S/D,S/D,Atropello,S/D,S/D,Ninguna,S/D,POINT (-60.63497995 -32.96911779999999),"['27 de Febrero', 'Primero de Mayo']",2,Bulevar 27 de Febrero; Primero de Mayo,-32.96911779999999,-60.63497995,55.0,538.0,Municipio Rosario,Municipio,Rosario,820210,Servicio de Catastro e Información Territorial,IGN
2013,8531,2013-07-20,Sabado,0.0,18:20:00,,0.0,2,"Automóvil,Moto/Ciclomotor",Bv. Segui Y Italia,3,2,0,0,1,0,0,,Avenida,,ROSARIO,Rosario,Asfalto,No existe,II,Dentro,Urbana,Ninguna,No existe,Recta,Bueno,Buena,Diurna,Buen Tiempo,Lateral,S/D,Colisión,S/D,Faltante,Ninguna,Sin restricción,POINT (-60.6560807 -32.977334),"['Bulevar Juan Francisco Seguí', 'Italia']",2,Bulevar Juan Francisco Seguí; Italia,-32.977334,-60.6560807,55.0,538.0,Municipio Rosario,Municipio,Rosario,820210,Servicio de Catastro e Información Territorial,IGN
2013,8548,2013-07-08,Lunes,0.0,20:30:00,,0.0,1,Transporte de Pasajeros Urbano (> 8 asientos),Schweitzer Y Sanchez de Loria,2,1,0,0,0,0,1,,Calle,,ROSARIO,Rosario,Asfalto,S/D,II,S/D,Urbana,S/D,S/D,Intersección,S/D,S/D,Nocturna,S/D,S/D,S/D,Otro,S/D,S/D,S/D,S/D,POINT (-60.732890600000005 -32.9137264),"['Albert Schweitzer', 'Sánchez de Loria']",2,Albert Schweitzer; Sánchez de Loria,-32.9137264,-60.732890600000005,55.0,538.0,Municipio Rosario,Municipio,Rosario,820210,Servicio de Catastro e Información Territorial,IGN
2013,8549,2013-07-21,Domingo,0.0,18:15:00,,0.0,2,"Automóvil,Moto/Ciclomotor",Bv. Segui Y Italia,2,1,0,0,1,0,0,,Avenida,,ROSARIO,Rosario,Asfalto,No existe,II,Dentro,Urbana,Ninguna,No existe,Recta,Bueno,Buena,Diurna,Buen Tiempo,Lateral,S/D,Colisión,S/D,Faltante,Ninguna,Sin restricción,POINT (-60.6560807 -32.977334),"['Bulevar Juan Francisco Seguí', 'Italia']",2,Bulevar Juan Francisco Seguí; Italia,-32.977334,-60.6560807,55.0,538.0,Municipio Rosario,Municipio,Rosario,820210,Servicio de Catastro e Información Territorial,IGN