anio_acci,nro_acci,fecha,desc_dia,fecha_aprox,hora_aprox,desc_ruta,km,cant_participantes,desc_participante,calle_avenida_km,total,heridos_leves,heridos_graves,heridos_gravisimos,ilesos,fallecidos,sin_datos,posicion_XY,desc_tipo_via,desc_ruta_ori,desc_loc,desc_dpto,desc_tipo_calzada,desc_tipo_banquina,desc_unidad_regional,desc_lugar_calzada,desc_zona,desc_prioridad,desc_estado_semaforo,desc_lugar_via,desc_estado_via,desc_estado_visibilidad,desc_luminosidad,desc_estado_clima,desc_tipo_colision,desc_tipo_atropello,desc_tipo_hecho,desc_pres_calzada,desc_senializacion,desc_separacion_via,desc_restriccion,forma_geocod,calle_lista,numero_calles,calles_osm,lat,lon,index_right,gid,fna,gna,nam,in1,fdc,sag
2013,8551,2013-07-27,Sabado,0.0,16:00:00,,0.0,2,"Moto/Ciclomotor,Automóvil",Bv. Oroño Y Bv. Segui,3,2,0,0,1,0,0,,Avenida,,ROSARIO,Rosario,Asfalto,No existe,II,Dentro,Urbana,Semáforo,Funciona,Curva,Bueno,Buena,Diurna,Buen Tiempo,Otro,S/D,Colisión,S/D,Faltante,Ninguna,Sin restricción,POINT (-60.661523700000004 -32.976367025),"['Bulevar Nicasio Oroño', 'Bulevar Juan Francisco Seguí']",2,Bulevar Nicasio Oroño; Bulevar Juan Francisco Seguí,-32.976367025,-60.6615237,55.0,538.0,Municipio Rosario,Municipio,Rosario,820210,Servicio de Catastro e Información Territorial,IGN
2013,8552,2013-07-07,Domingo,0.0,16:20:00,,0.0,2,"Automóvil,Automóvil",Saavedra Y Sarmiento,3,1,0,0,2,0,0,,Calle,,ROSARIO,Rosario,Asfalto,No existe,II,Dentro,Urbana,Ninguna,No existe,Intersección,Bueno,Buena,Diurna,S/D,Lateral,S/D,Colisión,S/D,Faltante,Ninguna,Sin restricción,POINT (-60.6460939 -32.9779483),"['Saavedra', 'Sarmiento']",2,Saavedra; Sarmiento,-32.9779483,-60.6460939,55.0,538.0,Municipio Rosario,Municipio,Rosario,820210,Servicio de Catastro e Información Territorial,IGN
2013,8553,2013-07-01,Lunes,0.0,10:40:00,,0.0,2,"Bicicleta,Automóvil",Montevideo Y Dorrego,2,1,0,0,1,0,0,,Calle,,ROSARIO,Rosario,Asfalto,S/D,II,S/D,Urbana,Ninguna,No existe,Intersección,Bueno,Buena,Diurna,Buen Tiempo,S/D,S/D,Atropello,S/D,Faltante,Ninguna,Sin restricción,POINT (-60.651640799999996 -32.95416689999999),"['Montevideo', 'Dorrego']",2,Montevideo; Manuel Dorrego,-32.95416689999999,-60.6516408,55.0,538.0,Municipio Rosario,Municipio,Rosario,820210,Servicio de Catastro e Información Territorial,IGN
2013,8554,2013-07-03,Miercoles,0.0,11:00:00,,0.0,2,"Moto/Ciclomotor,Taxi/Remis",San Luis Y Balcarce,2,1,0,0,1,0,0,,S/D,,ROSARIO,Rosario,Asfalto,S/D,II,Dentro,Urbana,Ninguna,No existe,Intersección,Bueno,S/D,Diurna,S/D,Lateral,S/D,Colisión,S/D,Faltante,Cordón divisorio,Sin restricción,POINT (-60.652571800000004 -32.9465716),"['San Luis', 'Balcarce']",2,San Luis; Balcarce,-32.9465716,-60.6525718,55.0,538.0,Municipio Rosario,Municipio,Rosario,820210,Servicio de Catastro e Información Territorial,IGN
2013,8555,2013-07-30,Martes,0.0,08:45:00,,0.0,2,"Moto/Ciclomotor,Automóvil",Buenos Aires Y Amenabar,3,2,0,0,1,0,0,,Calle,,ROSARIO,Rosario,Asfalto,No existe,II,Dentro,Urbana,Marca Vial,No existe,Intersección,Bueno,Buena,Diurna,Buen Tiempo,Lateral,S/D,Colisión,Otro,Vertical,Línea divisoria pintada,Sin restricción,POINT (-60.639182299999995 -32.973197600000006),"['Buenos Aires', 'Amenabar']",2,Buenos Aires; José de Amenábar,-32.973197600000006,-60.6391823,55.0,538.0,Municipio Rosario,Municipio,Rosario,820210,Servicio de Catastro e Información Territorial,IGN
2013,8556,2013-07-30,Martes,0.0,12:52:00,,0.0,2,"Moto/Ciclomotor,Automóvil",Amenabar 2700,2,1,0,0,1,0,0,,Calle,,ROSARIO,Rosario,Asfalto,No existe,II,Dentro,Urbana,Ninguna,No existe,Intersección,Bueno,Buena,Diurna,Buen Tiempo,Lateral,S/D,Colisión,S/D,Faltante,Ninguna,Sin restricción,"-32.9682201, -60.6663768",['Amenabar 2700'],1,Amenabar 2700,-32.9682201,-60.6663768,55.0,538.0,Municipio Rosario,Municipio,Rosario,820210,Servicio de Catastro e Información Territorial,IGN
2013,8557,2013-07-27,Sabado,0.0,23:00:00,,0.0,2,"Peatón,Otros",Pte.Quintana Y Pueyrredon,2,1,0,0,1,0,0,,Calle,,ROSARIO,Rosario,Asfalto,No existe,II,S/D,Urbana,Ninguna,No existe,Intersección,Bueno,Buena,Nocturna,Buen Tiempo,S/D,S/D,Atropello,S/D,Faltante,Ninguna,Sin restricción,POINT (-60.6664625 -32.979094399999994),"['Quintana', 'Pueyrredón']",2,"('Presidente Quintana', 'Pueyrredón')",-32.979094399999994,-60.6664625,55.0,538.0,Municipio Rosario,Municipio,Rosario,820210,Servicio de Catastro e Información Territorial,IGN
2013,8560,2013-07-03,Miercoles,0.0,23:50:00,,0.0,2,"Automóvil,Automóvil",Sarmiento Y Mendoza,3,1,0,0,2,0,0,,Calle,,ROSARIO,Rosario,Asfalto,No existe,II,S/D,Urbana,Ninguna,No existe,Intersección,Bueno,Reducida,"Nocturna,Con luz artificial",Buen Tiempo,Lateral,S/D,Colisión,S/D,Faltante,Ninguna,Sin restricción,POINT (-60.6394302 -32.9514704),"['Sarmiento', 'Mendoza']",2,Sarmiento; Mendoza,-32.9514704,-60.6394302,55.0,538.0,Municipio Rosario,Municipio,Rosario,820210,Servicio de Catastro e Información Territorial,IGN
2013,8561,2013-07-28,Domingo,0.0,04:30:00,,0.0,2,"Automóvil,Pickup/Utilitario",Dr.Rivas Y Mitre,2,1,0,0,1,0,0,,Calle,,ROSARIO,Rosario,Asfalto,No existe,II,Fuera,Urbana,Ninguna,No existe,Recta,Bueno,Buena,Nocturna,Buen Tiempo,Contra objeto fijo,S/D,Despiste,S/D,Faltante,Ninguna,Sin restricción,POINT (-60.64892420000001 -32.9834273),"['Doctor Francisco Riva', 'Mitre']",2,Doctor Francisco Riva; Bartolomé Mitre,-32.9834273,-60.64892420000001,55.0,538.0,Municipio Rosario,Municipio,Rosario,820210,Servicio de Catastro e Información Territorial,IGN
2013,8562,2013-07-26,Viernes,0.0,14:00:00,,0.0,2,"Moto/Ciclomotor,Pickup/Utilitario",L.N.Alem Y Rueda,3,2,0,0,1,0,0,,Calle,,ROSARIO,Rosario,Asfalto,No existe,II,Dentro,Urbana,Marca Vial,No existe,Intersección,Bueno,Buena,Diurna,Buen Tiempo,Lateral,S/D,Colisión,S/D,Vertical,Línea divisoria pintada,Sin restricción,POINT (-60.63449020000001 -32.9728384),"['Alem', 'Rueda']",2,Leandro N. Alem; Rueda,-32.9728384,-60.63449020000001,55.0,538.0,Municipio Rosario,Municipio,Rosario,820210,Servicio de Catastro e Información Territorial,IGN
2013,8563,2013-07-08,Lunes,0.0,17:15:00,,0.0,2,"Moto/Ciclomotor,Automóvil",Necochea 3000,2,1,0,0,1,0,0,,Calle,,ROSARIO,Rosario,Asfalto,No existe,II,Dentro,Urbana,Marca Vial,No existe,Recta,Bueno,Buena,Atardecer,Buen Tiempo,Lateral,S/D,Colisión,S/D,Vertical,Línea divisoria pintada,Sin restricción,"-32.9745647, -60.63074",['Necochea 3000'],1,Necochea 3000,-32.9745647,-60.63074,55.0,538.0,Municipio Rosario,Municipio,Rosario,820210,Servicio de Catastro e Información Territorial,IGN
2013,8565,2013-07-28,Domingo,0.0,21:00:00,,0.0,2,"Automóvil,Moto/Ciclomotor",Bv. Segui Y Entre Rios,2,1,0,0,1,0,0,,Calle,,ROSARIO,Rosario,Asfalto,No existe,II,Dentro,Urbana,Ninguna,No existe,Intersección,Bueno,Buena,Nocturna,Buen Tiempo,Lateral,S/D,Colisión,S/D,Faltante,Ninguna,Sin restricción,POINT (-60.6491681 -32.97857979999999),"['Bulevar Juan Francisco Seguí', 'Entre Ríos']",2,Bulevar Juan Francisco Seguí; Entre Ríos,-32.97857979999999,-60.6491681,55.0,538.0,Municipio Rosario,Municipio,Rosario,820210,Servicio de Catastro e Información Territorial,IGN
2013,8566,2013-07-27,Sabado,0.0,22:50:00,,0.0,2,"Automóvil,Automóvil",Pte.Roca Y Saavedra,2,2,0,0,0,0,0,,Calle,,ROSARIO,Rosario,Asfalto,No existe,II,Dentro,Urbana,Ninguna,No existe,Intersección,Bueno,Buena,Diurna,Buen Tiempo,Lateral,S/D,Colisión,S/D,Faltante,Ninguna,Sin restricción,POINT (-60.6530503 -32.9767046),"['Roca', 'Saavedra']",2,Presidente Roca; Saavedra,-32.9767046,-60.6530503,55.0,538.0,Municipio Rosario,Municipio,Rosario,820210,Servicio de Catastro e Información Territorial,IGN
2013,8568,2013-07-23,Martes,0.0,09:00:00,,0.0,2,"Pickup/Utilitario,Automóvil",Laprida Y Dean Funes,2,1,0,0,1,0,0,,Calle,,ROSARIO,Rosario,Asfalto,No existe,II,Dentro,Urbana,Ninguna,S/D,Recta,Bueno,S/D,Diurna,Buen Tiempo,De alcance,S/D,Colisión,S/D,Horizontal,Línea divisoria pintada,Sin restricción,POINT (-60.6415715 -32.9763678),"['Laprida', 'Deán Gregorio Funes']",2,Francisco Narciso Laprida; Deán Gregorio Funes,-32.9763678,-60.6415715,55.0,538.0,Municipio Rosario,Municipio,Rosario,820210,Servicio de Catastro e Información Territorial,IGN
2013,8570,2013-07-30,Martes,0.0,23:00:00,,0.0,2,"Moto/Ciclomotor,Pickup/Utilitario",Paraguay Y Reg.11 de Infanteria,3,1,1,0,1,0,0,,Calle,,ROSARIO,Rosario,Asfalto,No existe,II,Dentro,Urbana,Ninguna,No existe,Intersección,Bueno,Buena,Nocturna,Buen Tiempo,Lateral,S/D,Colisión,S/D,Horizontal,Ninguna,Sin restricción,POINT (-60.65487370000001 -32.998976199999994),"['Paraguay', 'Regimiento 11']",2,Paraguay; Regimiento 11,-32.998976199999994,-60.65487370000001,55.0,538.0,Municipio Rosario,Municipio,Rosario,820210,Servicio de Catastro e Información Territorial,IGN
2013,8571,2013-07-28,Domingo,0.0,,,0.0,1,Moto/Ciclomotor,Dorrego Y Bv. Segui,2,2,0,0,0,0,0,,Calle,,ROSARIO,Rosario,Asfalto,No existe,II,S/D,Urbana,Ninguna,No existe,Intersección,Bueno,Buena,Diurna,Buen Tiempo,Otro,S/D,Vuelco,S/D,Faltante,Ninguna,Sin restricción,POINT (-60.657444850000005 -32.97709334999999),"['Dorrego', 'Bulevar Juan Francisco Seguí']",2,Manuel Dorrego; Bulevar Juan Francisco Seguí,-32.97709334999999,-60.657444850000005,55.0,538.0,Municipio Rosario,Municipio,Rosario,820210,Servicio de Catastro e Información Territorial,IGN
2013,8572,2013-07-17,Miercoles,0.0,11:15:00,,0.0,2,"Moto/Ciclomotor,Automóvil",Necochea Y Gaboto,3,2,0,0,1,0,0,,Calle,,ROSARIO,Rosario,Asfalto,No existe,II,Dentro,Urbana,Señal Ceda el Paso,S/D,Intersección,Bueno,S/D,S/D,Buen Tiempo,De alcance,S/D,Colisión,S/D,Horizontal,Ninguna,Sin restricción,POINT (-60.630944 -32.97584009999999),"['Necochea', 'Gaboto']",2,Necochea; Gaboto,-32.97584009999999,-60.630944,55.0,538.0,Municipio Rosario,Municipio,Rosario,820210,Servicio de Catastro e Información Territorial,IGN
2013,8576,2013-07-23,Martes,0.0,16:45:00,,0.0,2,"Moto/Ciclomotor,Automóvil",Bv. Segui Y Mitre,2,1,0,0,1,0,0,,Avenida,,ROSARIO,Rosario,Asfalto,No existe,II,Dentro,Urbana,Ninguna,No existe,Intersección,Bueno,Buena,Diurna,Buen Tiempo,Lateral,S/D,Colisión,S/D,S/D,Ninguna,Sin restricción,POINT (-60.6477426 -32.97883275),"['Bulevar Juan Francisco Seguí', 'Mitre']",2,Bulevar Juan Francisco Seguí; Bartolomé Mitre,-32.97883275,-60.6477426,55.0,538.0,Municipio Rosario,Municipio,Rosario,820210,Servicio de Catastro e Información Territorial,IGN
2013,8577,2013-07-28,Domingo,0.0,,,0.0,1,Moto/Ciclomotor,Centeno 1700,1,1,0,0,0,0,0,,Calle,,ROSARIO,Rosario,Asfalto,No existe,II,Dentro,Urbana,Ninguna,No existe,Recta,Bueno,Buena,Diurna,Buen Tiempo,Atropello animal,S/D,Vuelco,S/D,Faltante,Ninguna,Sin restricción,"-32.9832183, -60.6563098",['Centeno 1700'],1,Centeno 1700,-32.9832183,-60.6563098,55.0,538.0,Municipio Rosario,Municipio,Rosario,820210,Servicio de Catastro e Información Territorial,IGN
2013,8578,2013-07-26,Viernes,0.0,22:50:00,,0.0,2,"Peatón,Otros",Rodriguez Y Milan,2,1,0,0,1,0,0,,Calle,,ROSARIO,Rosario,Asfalto,No existe,II,Dentro,Urbana,Ninguna,No existe,Intersección,Bueno,Buena,Nocturna,Buen Tiempo,S/D,S/D,Atropello,S/D,Faltante,Ninguna,Sin restricción,POINT (-60.6698522 -32.986854799999996),"['Rodríguez', 'Milán']",2,Rodríguez de Escobedo; Milán,-32.9868548,-60.6698522,55.0,538.0,Municipio Rosario,Municipio,Rosario,820210,Servicio de Catastro e Información Territorial,IGN
2013,8579,2013-07-17,Miercoles,0.0,06:30:00,,0.0,2,"Moto/Ciclomotor,Pickup/Utilitario",Bv. Segui Y L.N.Alem,2,1,0,0,1,0,0,,Avenida,,ROSARIO,Rosario,Asfalto,No existe,II,S/D,Urbana,Paso Peatonal,No existe,Intersección,"Bueno,Con baches",Buena,Amanecer,Buen Tiempo,Lateral,S/D,Colisión,S/D,Horizontal,Cordón divisorio,Sin restricción,POINT (-60.63650380000001 -32.980857400000005),"['Bulevar Juan Francisco Seguí', 'Alem']",2,Bulevar Juan Francisco Seguí; Leandro N. Alem,-32.980857400000005,-60.63650380000001,55.0,538.0,Municipio Rosario,Municipio,Rosario,820210,Servicio de Catastro e Información Territorial,IGN
2013,8580,2013-07-01,Lunes,0.0,19:00:00,,0.0,3,"Automóvil,Automóvil,Automóvil",San Luis Y Entre Rios,3,1,0,0,2,0,0,,Calle,,ROSARIO,Rosario,Asfalto,S/D,II,S/D,Urbana,Ninguna,No existe,Recta,Bueno,Buena,Atardecer,Buen Tiempo,"Frontal,Múltiple",S/D,Colisión,S/D,Faltante,Ninguna,Sin restricción,POINT (-60.6415602 -32.9485507),"['San Luis', 'Entre Ríos']",2,San Luis; Entre Ríos,-32.9485507,-60.6415602,55.0,538.0,Municipio Rosario,Municipio,Rosario,820210,Servicio de Catastro e Información Territorial,IGN
2013,8581,2013-07-03,Miercoles,0.0,08:15:00,,0.0,2,"Moto/Ciclomotor,Bicicleta",Bv. Oroño Y Lugones,2,1,0,0,1,0,0,,Avenida,,ROSARIO,Rosario,Asfalto,S/D,II,Dentro,Urbana,S/D,S/D,Intersección,Bueno,Buena,Diurna,Buen Tiempo,De alcance,S/D,Atropello,S/D,S/D,S/D,S/D,POINT (-60.65693518333333 -32.95818631666667),"['Bulevar Nicasio Oroño', 'Lugones']",2,Bulevar Nicasio Oroño; Lorenzo Lugones,-32.95818631666667,-60.65693518333333,55.0,538.0,Municipio Rosario,Municipio,Rosario,820210,Servicio de Catastro e Información Territorial,IGN
2013,8583,2013-07-29,Lunes,0.0,19:00:00,,0.0,2,"Automóvil,Automóvil",San Martin Y Bv. Segui,2,1,0,0,1,0,0,,Avenida,,ROSARIO,Rosario,Asfalto,No existe,II,Dentro,Urbana,S/D,No existe,Recta,Bueno,Buena,Diurna,Buen Tiempo,Otro,S/D,Colisión,S/D,Faltante,Ninguna,Sin restricción,POINT (-60.644363766666665 -32.97948086666666),"['San Martin', 'Bulevar Juan Francisco Seguí']",2,José de San Martín; Bulevar Juan Francisco Seguí,-32.97948086666666,-60.644363766666665,55.0,538.0,Municipio Rosario,Municipio,Rosario,820210,Servicio de Catastro e Información Territorial,IGN
2013,8584,2013-07-02,Martes,0.0,16:20:00,,0.0,2,"Moto/Ciclomotor,Automóvil",Colon Y Ayolas,2,1,0,0,1,0,0,,Calle,,ROSARIO,Rosario,Asfalto,No existe,II,Dentro,Urbana,Marca Vial,No existe,Intersección,Bueno,Buena,Diurna,Buen Tiempo,Lateral,S/D,Colisión,Otro,Vertical,Línea divisoria pintada,Sin restricción,POINT (-60.633159899999995 -32.97906139999999),"['Colon', 'Ayolas']",2,Cristóbal Colón; Ayolas,-32.97906139999999,-60.6331599,55.0,538.0,Municipio Rosario,Municipio,Rosario,820210,Servicio de Catastro e Información Territorial,IGN
2013,8586,2013-07-30,Martes,0.0,13:20:00,,0.0,2,"Moto/Ciclomotor,Taxi/Remis",Amenabar Y Dorrego,3,1,0,0,2,0,0,,Calle,,ROSARIO,Rosario,Asfalto,No existe,II,Dentro,Urbana,Ninguna,No existe,Intersección,Bueno,Buena,Diurna,Buen Tiempo,Lateral,S/D,Colisión,S/D,Faltante,Ninguna,Sin restricción,POINT (-60.6557125 -32.9702288),"['Amenabar', 'Dorrego']",2,José de Amenábar; Manuel Dorrego,-32.9702288,-60.6557125,55.0,538.0,Municipio Rosario,Municipio,Rosario,820210,Servicio de Catastro e Información Territorial,IGN
2013,8589,2013-07-03,Miercoles,0.0,16:00:00,,0.0,2,"Automóvil,Automóvil",San Martin Y Bv. 27 De Febrero,2,1,0,0,1,0,0,,Avenida,,ROSARIO,Rosario,Asfalto,S/D,II,Dentro,Urbana,S/D,S/D,Recta,Bueno,Buena,Diurna,Buen Tiempo,De alcance,S/D,Colisión,S/D,S/D,S/D,S/D,POINT (-60.642020650000006 -32.96785644999999),"['San Martin', '27 de Febrero']",2,José de San Martín; Bulevar 27 de Febrero,-32.96785644999999,-60.642020650000006,55.0,538.0,Municipio Rosario,Municipio,Rosario,820210,Servicio de Catastro e Información Territorial,IGN
2013,8590,2013-07-24,Miercoles,0.0,15:45:00,,0.0,3,"Automóvil,Automóvil,Automóvil",Gaboto Y Pueyrredon,4,3,0,0,1,0,0,,Avenida,,ROSARIO,Rosario,Asfalto,No existe,II,Dentro,Urbana,Ninguna,No existe,Intersección,Bueno,Buena,Diurna,Buen Tiempo,Lateral,S/D,Colisión,S/D,Faltante,Ninguna,Sin restricción,POINT (-60.66414820000001 -32.969907),"['Gaboto', 'Pueyrredón']",2,Gaboto; Pueyrredón,-32.969907,-60.66414820000001,55.0,538.0,Municipio Rosario,Municipio,Rosario,820210,Servicio de Catastro e Información Territorial,IGN
2013,8592,2013-07-16,Martes,0.0,16:40:00,,0.0,2,"Moto/Ciclomotor,Automóvil",Maipu Y Garay,2,1,0,0,1,0,0,,Calle,,ROSARIO,Rosario,Asfalto,Pavimento,II,S/D,Urbana,Marca Vial,No existe,Intersección,Bueno,Buena,Diurna,Buen Tiempo,Lateral,S/D,Colisión,S/D,Horizontal,Ninguna,Sin restricción,POINT (-60.64248510000001 -32.974995799999995),"['Maipú', 'Garay']",2,Maipú; Juan de Garay,-32.974995799999995,-60.64248510000001,55.0,538.0,Municipio Rosario,Municipio,Rosario,820210,Servicio de Catastro e Información Territorial,IGN
2013,8595,2013-07-01,Lunes,0.0,19:15:00,,0.0,2,"Automóvil,Moto/Ciclomotor",Entre Rios Y Juan Canals,2,1,0,0,1,0,0,,Calle,,ROSARIO,Rosario,Asfalto,No existe,II,Dentro,Urbana,Ninguna,No existe,Intersección,Bueno,Buena,Atardecer,S/D,Lateral,S/D,Colisión,S/D,Faltante,Ninguna,Sin restricción,POINT (-60.651768 -32.988912099999986),"['Entre Ríos', 'Juan Canals']",2,Entre Ríos; Juan Canals,-32.988912099999986,-60.651768,55.0,538.0,Municipio Rosario,Municipio,Rosario,820210,Servicio de Catastro e Información Territorial,IGN
2013,8598,2013-07-30,Martes,0.0,20:00:00,,0.0,2,"Moto/Ciclomotor,Automóvil",Paraguay Y Reg.11 de Infanteria,3,2,0,0,1,0,0,,Calle,,ROSARIO,Rosario,Asfalto,No existe,II,S/D,Urbana,Ninguna,No existe,Intersección,Bueno,Buena,"Nocturna,Con luz artificial",Buen Tiempo,Lateral,S/D,Colisión,S/D,Faltante,Ninguna,Sin restricción,POINT (-60.65487370000001 -32.998976199999994),"['Paraguay', 'Regimiento 11']",2,Paraguay; Regimiento 11,-32.998976199999994,-60.65487370000001,55.0,538.0,Municipio Rosario,Municipio,Rosario,820210,Servicio de Catastro e Información Territorial,IGN
2013,8599,2013-07-03,Miercoles,0.0,16:30:00,,0.0,2,"Bicicleta,Automóvil",E.Zeballos Y Sarmiento,2,1,0,0,1,0,0,,Calle,,ROSARIO,Rosario,Asfalto,S/D,II,Dentro,Urbana,Ninguna,No existe,Intersección,S/D,S/D,Diurna,Buen Tiempo,S/D,S/D,Atropello,S/D,Faltante,Ninguna,Sin restricción,POINT (-60.640305899999994 -32.95503369999999),"['Zeballos', 'Sarmiento']",2,Zeballos; Sarmiento,-32.95503369999999,-60.6403059,55.0,538.0,Municipio Rosario,Municipio,Rosario,820210,Servicio de Catastro e Información Territorial,IGN
2013,8600,2013-07-29,Lunes,0.0,16:40:00,,0.0,2,"Bicicleta,Automóvil",San Martin Y Pje. Gral.Savio,2,1,0,0,1,0,0,,Calle,,ROSARIO,Rosario,Asfalto,No existe,II,Dentro,Urbana,Ninguna,No existe,Intersección,Bueno,Buena,Diurna,Buen Tiempo,S/D,S/D,Atropello,S/D,Faltante,Ninguna,Sin restricción,POINT (-60.647959150000005 -32.9964993),"['San Martin', 'Savio']",2,José de San Martín; General Manuel Savio,-32.9964993,-60.647959150000005,55.0,538.0,Municipio Rosario,Municipio,Rosario,820210,Servicio de Catastro e Información Territorial,IGN
2013,8603,2013-07-11,Jueves,0.0,22:45:00,,0.0,2,"Automóvil,Automóvil",Necochea Y Ayolas,4,3,0,0,1,0,0,,Calle,,ROSARIO,Rosario,Asfalto,No existe,II,S/D,Urbana,Marca Vial,No existe,Intersección,Con baches,Reducida,Nocturna,Niebla,Lateral,S/D,Colisión,S/D,Horizontal,Ninguna,Sin restricción,POINT (-60.631812499999995 -32.97929800000001),"['Necochea', 'Ayolas']",2,Necochea; Ayolas,-32.97929800000001,-60.6318125,55.0,538.0,Municipio Rosario,Municipio,Rosario,820210,Servicio de Catastro e Información Territorial,IGN
2013,8604,2013-07-02,Martes,0.0,20:30:00,,0.0,2,"Peatón,Automóvil",San Martin Y Lamadrid,2,1,0,0,1,0,0,,S/D,,ROSARIO,Rosario,Asfalto,No existe,II,S/D,Urbana,Ninguna,No existe,Intersección,Bueno,Buena,Nocturna,S/D,Otro,S/D,Atropello,S/D,Faltante,Ninguna,Sin restricción,POINT (-60.64808370000001 -32.997063899999986),"['San Martin', 'Lamadrid']",2,José de San Martín; Gregorio Aráoz de Lamadrid,-32.997063899999986,-60.64808370000001,55.0,538.0,Municipio Rosario,Municipio,Rosario,820210,Servicio de Catastro e Información Territorial,IGN
2013,8607,2013-07-05,Viernes,0.0,05:35:00,,0.0,2,"Ambulancia,Otros",Santa Fe Y Balcarce,3,3,0,0,0,0,0,,Calle,,ROSARIO,Rosario,Asfalto,S/D,II,Dentro,Urbana,Semáforo,Funciona,Intersección,Bueno,Buena,Amanecer,Buen Tiempo,Lateral,S/D,Colisión,S/D,Horizontal,Ninguna,Sin restricción,POINT (-60.65159370000001 -32.94261169999999),"['Santa Fe', 'Balcarce']",2,Santa Fe; Balcarce,-32.94261169999999,-60.65159370000001,55.0,538.0,Municipio Rosario,Municipio,Rosario,820210,Servicio de Catastro e Información Territorial,IGN
2013,8612,2013-07-02,Martes,0.0,21:15:00,,0.0,1,Moto/Ciclomotor,Chacabuco Y Ayolas,1,1,0,0,0,0,0,,Calle,,ROSARIO,Rosario,Asfalto,No existe,II,Dentro,Urbana,Marca Vial,No existe,Intersección,Resbaladiza,Buena,"Nocturna,Con luz artificial",Buen Tiempo,S/D,S/D,Caída ocupante,Otro,Vertical,Línea divisoria pintada,Sin restricción,POINT (-60.63043389999999 -32.9795449),"['Chacabuco', 'Ayolas']",2,Chacabuco; Ayolas,-32.9795449,-60.63043389999999,55.0,538.0,Municipio Rosario,Municipio,Rosario,820210,Servicio de Catastro e Información Territorial,IGN
2013,8613,2013-07-22,Lunes,0.0,14:30:00,,0.0,2,"Automóvil,Automóvil",Saavedra Y Buenos Aires,3,2,0,0,1,0,0,,Calle,,ROSARIO,Rosario,Asfalto,No existe,II,Dentro,Urbana,Ninguna,S/D,Intersección,Con baches,S/D,Diurna,Buen Tiempo,Lateral,S/D,Colisión,S/D,Horizontal,Ninguna,Sin restricción,POINT (-60.6406363 -32.97893169999999),"['Saavedra', 'Buenos Aires']",2,Saavedra; Buenos Aires,-32.97893169999999,-60.6406363,55.0,538.0,Municipio Rosario,Municipio,Rosario,820210,Servicio de Catastro e Información Territorial,IGN
2013,8614,2013-07-26,Viernes,0.0,,,0.0,2,"Moto/Ciclomotor,Taxi/Remis",Sarmiento Y Saavedra,2,1,0,0,1,0,0,,Calle,,ROSARIO,Rosario,Asfalto,No existe,II,Dentro,Urbana,Ninguna,No existe,Intersección,Bueno,Buena,Diurna,Buen Tiempo,Lateral,S/D,Colisión,S/D,Faltante,Ninguna,Sin restricción,POINT (-60.6460939 -32.9779483),"['Sarmiento', 'Saavedra']",2,Sarmiento; Saavedra,-32.9779483,-60.6460939,55.0,538.0,Municipio Rosario,Municipio,Rosario,820210,Servicio de Catastro e Información Territorial,IGN
2013,8616,2013-07-02,Martes,0.0,08:00:00,,0.0,2,"Peatón,Transporte de Pasajeros Urbano (> 8 asientos)",Saavedra Y Italia,2,1,0,0,1,0,0,,Calle,,ROSARIO,Rosario,Asfalto,No existe,II,Dentro,Urbana,Ninguna,No existe,Intersección,Bueno,Buena,Diurna,S/D,Otro,S/D,Atropello,S/D,Faltante,Ninguna,Sin restricción,POINT (-60.655801999999994 -32.976212600000004),"['Saavedra', 'Italia']",2,Saavedra; Italia,-32.976212600000004,-60.655802,55.0,538.0,Municipio Rosario,Municipio,Rosario,820210,Servicio de Catastro e Información Territorial,IGN
2013,8619,2013-07-10,Miercoles,0.0,13:00:00,,0.0,2,"Bicicleta,Automóvil",Ayacucho Y Gaboto,3,1,0,0,2,0,0,,Calle,,ROSARIO,Rosario,Asfalto,No existe,II,S/D,Urbana,Ninguna,No existe,Intersección,Bueno,Buena,Diurna,Buen Tiempo,S/D,S/D,Atropello,S/D,Horizontal,Línea divisoria pintada,Sin restricción,POINT (-60.633682699999994 -32.975366199999996),"['Ayacucho', 'Gaboto']",2,Ayacucho; Gaboto,-32.9753662,-60.6336827,55.0,538.0,Municipio Rosario,Municipio,Rosario,820210,Servicio de Catastro e Información Territorial,IGN