anio_acci,nro_acci,fecha,desc_dia,fecha_aprox,hora_aprox,desc_ruta,km,cant_participantes,desc_participante,calle_avenida_km,total,heridos_leves,heridos_graves,heridos_gravisimos,ilesos,fallecidos,sin_datos,posicion_XY,desc_tipo_via,desc_ruta_ori,desc_loc,desc_dpto,desc_tipo_calzada,desc_tipo_banquina,desc_unidad_regional,desc_lugar_calzada,desc_zona,desc_prioridad,desc_estado_semaforo,desc_lugar_via,desc_estado_via,desc_estado_visibilidad,desc_luminosidad,desc_estado_clima,desc_tipo_colision,desc_tipo_atropello,desc_tipo_hecho,desc_pres_calzada,desc_senializacion,desc_separacion_via,desc_restriccion,forma_geocod,calle_lista,numero_calles,calles_osm,lat,lon,index_right,gid,fna,gna,nam,in1,fdc,sag
2013,8621,2013-07-20,Sabado,0.0,08:30:00,,0.0,2,"Moto/Ciclomotor,Moto/Ciclomotor",Bv. Segui Y Buenos Aires,3,1,0,0,2,0,0,,Avenida,,ROSARIO,Rosario,Asfalto,No existe,II,Dentro,Urbana,Ninguna,No existe,Intersección,Con baches,Buena,Diurna,Buen Tiempo,De alcance,S/D,Colisión,S/D,Vertical,Cordón divisorio,Sin restricción,POINT (-60.640923400000005 -32.98006374999999),"['Bulevar Juan Francisco Seguí', 'Buenos Aires']",2,Bulevar Juan Francisco Seguí; Buenos Aires,-32.98006374999999,-60.640923400000005,55.0,538.0,Municipio Rosario,Municipio,Rosario,820210,Servicio de Catastro e Información Territorial,IGN
2013,8623,2013-07-07,Domingo,0.0,15:30:00,,0.0,2,"Automóvil,Automóvil",3 De Febrero Y Pte.Roca,3,2,0,0,1,0,0,,Calle,,ROSARIO,Rosario,Asfalto,No existe,II,Dentro,Urbana,Ninguna,No existe,Intersección,Bueno,Buena,Diurna,Buen Tiempo,Lateral,S/D,Colisión,S/D,Faltante,Ninguna,Sin restricción,POINT (-60.6466869 -32.9515312),"['3 de Febrero', 'Roca']",2,3 de Febrero; Presidente Roca,-32.9515312,-60.6466869,55.0,538.0,Municipio Rosario,Municipio,Rosario,820210,Servicio de Catastro e Información Territorial,IGN
2013,8625,2013-07-01,Lunes,0.0,15:20:00,,0.0,2,"Moto/Ciclomotor,Automóvil",Bv. Segui Y Buenos Aires,2,1,0,0,1,0,0,,Avenida,,ROSARIO,Rosario,Asfalto,S/D,II,Dentro,Urbana,Marca Vial,S/D,Intersección,Bueno,S/D,Diurna,Buen Tiempo,Lateral,S/D,Colisión,S/D,Vertical,Línea divisoria pintada,Sin restricción,POINT (-60.640923400000005 -32.98006374999999),"['Bulevar Juan Francisco Seguí', 'Buenos Aires']",2,Bulevar Juan Francisco Seguí; Buenos Aires,-32.98006374999999,-60.640923400000005,55.0,538.0,Municipio Rosario,Municipio,Rosario,820210,Servicio de Catastro e Información Territorial,IGN
2013,8630,2013-07-21,Domingo,0.0,18:15:00,,0.0,2,"Moto/Ciclomotor,Automóvil",Ayacucho Y Garay,3,2,0,0,1,0,0,,Calle,,ROSARIO,Rosario,Asfalto,No existe,II,S/D,Urbana,Ninguna,No existe,Intersección,Con baches,Buena,Nocturna,Buen Tiempo,Lateral,S/D,Colisión,S/D,Vertical,Ninguna,Sin restricción,POINT (-60.6339717 -32.9765122),"['Ayacucho', 'Garay']",2,Ayacucho; Juan de Garay,-32.9765122,-60.6339717,55.0,538.0,Municipio Rosario,Municipio,Rosario,820210,Servicio de Catastro e Información Territorial,IGN
2013,8634,2013-07-16,Martes,0.0,16:25:00,,0.0,2,"Automóvil,Moto/Ciclomotor",Mitre Y Garibaldi,2,1,0,0,1,0,0,,Calle,,ROSARIO,Rosario,Asfalto,No existe,II,Dentro,Urbana,Ninguna,No existe,Intersección,Bueno,Buena,Diurna,S/D,Lateral,S/D,Colisión,S/D,Faltante,Ninguna,Sin restricción,POINT (-60.6495149 -32.985726799999995),"['Mitre', 'José Garibaldi']",2,Bartolomé Mitre; José Garibaldi,-32.985726799999995,-60.6495149,55.0,538.0,Municipio Rosario,Municipio,Rosario,820210,Servicio de Catastro e Información Territorial,IGN
2013,8635,2013-07-05,Viernes,0.0,09:00:00,,0.0,2,"Moto/Ciclomotor,Automóvil",Virasoro Y Ayacucho,2,1,0,0,1,0,0,,Calle,,ROSARIO,Rosario,Asfalto,No existe,II,Dentro,Urbana,Marca Vial,No existe,Intersección,Bueno,Buena,Diurna,Buen Tiempo,Lateral,S/D,Colisión,S/D,Vertical,Línea divisoria pintada,Sin restricción,POINT (-60.6328196 -32.9719441),"['Virasoro', 'Ayacucho']",2,Benjamín Virasoro; Ayacucho,-32.9719441,-60.6328196,55.0,538.0,Municipio Rosario,Municipio,Rosario,820210,Servicio de Catastro e Información Territorial,IGN
2013,8637,2013-07-03,Miercoles,0.0,16:40:00,,0.0,2,"Automóvil,Moto/Ciclomotor",Saavedra Y España,2,1,0,0,1,0,0,,Calle,,ROSARIO,Rosario,Asfalto,No existe,II,Dentro,Urbana,Ninguna,No existe,Intersección,Bueno,Buena,Diurna,S/D,Lateral,S/D,Colisión,S/D,Faltante,Ninguna,Sin restricción,POINT (-60.65441920000001 -32.9764598),"['Saavedra', 'España']",2,Saavedra; España,-32.9764598,-60.65441920000001,55.0,538.0,Municipio Rosario,Municipio,Rosario,820210,Servicio de Catastro e Información Territorial,IGN
2013,8639,2013-07-17,Miercoles,0.0,19:30:00,,0.0,2,"Moto/Ciclomotor,Automóvil",Biedma Y Pueyrredon,3,2,0,0,1,0,0,,Calle,,ROSARIO,Rosario,Asfalto,No existe,II,Dentro,Urbana,Ninguna,No existe,Recta,Bueno,Buena,Nocturna,Buen Tiempo,Lateral,S/D,Colisión,S/D,Faltante,Ninguna,Sin restricción,POINT (-60.66617329999999 -32.977945899999995),"['Coronel Biedma', 'Pueyrredón']",2,Coronel Biedma; Pueyrredón,-32.977945899999995,-60.66617329999999,55.0,538.0,Municipio Rosario,Municipio,Rosario,820210,Servicio de Catastro e Información Territorial,IGN
2013,8640,2013-07-24,Miercoles,0.0,11:05:00,,0.0,2,"Automóvil,Automóvil",Av. Corrientes Y Bv. Segui,5,3,0,0,2,0,0,,Avenida,,ROSARIO,Rosario,Asfalto,No existe,II,Dentro,Urbana,Ninguna,No existe,Intersección,Bueno,Buena,Diurna,Buen Tiempo,Lateral,S/D,Colisión,S/D,Faltante,Ninguna,Sin restricción,POINT (-60.65060229999999 -32.97832124999999),"['Corrientes', 'Bulevar Juan Francisco Seguí']",2,Corrientes; Bulevar Juan Francisco Seguí,-32.97832124999999,-60.65060229999999,55.0,538.0,Municipio Rosario,Municipio,Rosario,820210,Servicio de Catastro e Información Territorial,IGN
2013,8642,2013-07-10,Miercoles,0.0,07:45:00,,0.0,2,"Bicicleta,Automóvil",Amenabar Y Maipu,2,1,0,0,1,0,0,,Calle,,ROSARIO,Rosario,Asfalto,No existe,II,S/D,Urbana,Ninguna,No existe,Intersección,Bueno,Buena,Diurna,Buen Tiempo,S/D,S/D,Atropello,S/D,Horizontal,Línea divisoria pintada,Sin restricción,POINT (-60.64191509999999 -32.972693099999994),"['Amenabar', 'Maipú']",2,José de Amenábar; Maipú,-32.972693099999994,-60.64191509999999,55.0,538.0,Municipio Rosario,Municipio,Rosario,820210,Servicio de Catastro e Información Territorial,IGN
2013,8644,2013-07-19,Viernes,0.0,14:00:00,,0.0,2,"Moto/Ciclomotor,Automóvil",Ayacucho Y Dean Funes,2,1,0,0,1,0,0,,Calle,,ROSARIO,Rosario,Asfalto,No existe,II,Dentro,Urbana,Otra Señal,No existe,Intersección,Con baches,Buena,Diurna,Buen Tiempo,Lateral,S/D,Colisión,S/D,Horizontal,Ninguna,Sin restricción,POINT (-60.6342614 -32.97766059999999),"['Ayacucho', 'Deán Gregorio Funes']",2,Ayacucho; Deán Gregorio Funes,-32.97766059999999,-60.6342614,55.0,538.0,Municipio Rosario,Municipio,Rosario,820210,Servicio de Catastro e Información Territorial,IGN
2013,8647,2013-07-18,Jueves,0.0,12:15:00,,0.0,2,"Automóvil,Moto/Ciclomotor",Italia Y Biedma,3,2,0,0,1,0,0,,Calle,,ROSARIO,Rosario,Asfalto,No existe,II,Dentro,Urbana,Ninguna,No existe,Intersección,Bueno,Buena,Diurna,Buen Tiempo,Frontal,S/D,Colisión,S/D,Faltante,Ninguna,Sin restricción,POINT (-60.656682 -32.9796508),"['Italia', 'Coronel Biedma']",2,Italia; Coronel Biedma,-32.9796508,-60.656682,55.0,538.0,Municipio Rosario,Municipio,Rosario,820210,Servicio de Catastro e Información Territorial,IGN
2013,8656,2013-07-05,Viernes,0.0,20:30:00,,0.0,2,"Moto/Ciclomotor,Automóvil",Dr.Rivas Y Buenos Aires,3,2,0,0,1,0,0,,Calle,,ROSARIO,Rosario,Asfalto,No existe,II,S/D,Urbana,Marca Vial,No existe,Intersección,Bueno,Buena,"Nocturna,Con luz artificial",Buen Tiempo,Lateral,S/D,Colisión,S/D,Vertical,Línea divisoria pintada,Sin restricción,POINT (-60.64209 -32.9846811),"['Doctor Francisco Riva', 'Buenos Aires']",2,Doctor Francisco Riva; Buenos Aires,-32.9846811,-60.64209,55.0,538.0,Municipio Rosario,Municipio,Rosario,820210,Servicio de Catastro e Información Territorial,IGN
2013,8666,2013-07-02,Martes,0.0,13:15:00,,0.0,2,"Moto/Ciclomotor,Automóvil",Necochea Y Gaboto,3,2,0,0,1,0,0,,Calle,,ROSARIO,Rosario,Asfalto,S/D,II,Dentro,Urbana,Marca Vial,No existe,Intersección,Bueno,Buena,Diurna,Buen Tiempo,Lateral,S/D,Colisión,Otro,Vertical,Línea divisoria pintada,Sin restricción,POINT (-60.630944 -32.97584009999999),"['Necochea', 'Gaboto']",2,Necochea; Gaboto,-32.97584009999999,-60.630944,55.0,538.0,Municipio Rosario,Municipio,Rosario,820210,Servicio de Catastro e Información Territorial,IGN
2013,8712,2013-07-04,Jueves,0.0,18:15:00,,0.0,2,"Automóvil,Automóvil",Mitre Y Esteban de Luca,2,1,0,0,1,0,0,,Calle,,ROSARIO,Rosario,Asfalto,No existe,II,Dentro,Urbana,Ninguna,No existe,Intersección,Bueno,Buena,Atardecer,S/D,Lateral,S/D,Colisión,S/D,Faltante,Ninguna,Sin restricción,POINT (-60.6506325 -32.9949887),"['Mitre', 'Esteban de Luca']",2,Bartolomé Mitre; Esteban de Luca,-32.9949887,-60.6506325,55.0,538.0,Municipio Rosario,Municipio,Rosario,820210,Servicio de Catastro e Información Territorial,IGN
2013,8780,2013-06-26,Miercoles,0.0,19:10:00,,0.0,2,"Moto/Ciclomotor,Automóvil",Av. Ntra.Sra.del Rosario Y Serrano,2,0,0,0,1,1,0,,Avenida,,ROSARIO,Rosario,Asfalto,No existe,II,Dentro,Urbana,Ninguna,No existe,Intersección,Bueno,Buena,"Atardecer,Con luz artificial",Buen Tiempo,Lateral,S/D,Colisión,S/D,Vertical,Ninguna,Sin restricción,POINT (-60.631906099999995 -32.99940519999999),"['Nuestra Señora del Rosario', 'Serrano']",2,Puente Nuestra Señora del Rosario; José Mariano Serrano,-32.99940519999999,-60.6319061,55.0,538.0,Municipio Rosario,Municipio,Rosario,820210,Servicio de Catastro e Información Territorial,IGN
2013,8816,2013-06-28,Viernes,0.0,19:30:00,,0.0,2,"Moto/Ciclomotor,Pickup/Utilitario",Pje. Lejarza Y Liniers,2,0,0,0,1,1,0,,Calle,,ROSARIO,Rosario,Asfalto,No existe,II,Dentro,Urbana,Ninguna,No existe,Intersección,Otro,Reducida,"Atardecer,Con luz artificial",Otro,Lateral,S/D,Colisión,Otro,Faltante,Ninguna,Sin restricción,POINT (-60.6975019 -32.96657479999999),"['Lejarza', 'Liniers']",2,Joaquín Lejarza; Liniers,-32.96657479999999,-60.6975019,55.0,538.0,Municipio Rosario,Municipio,Rosario,820210,Servicio de Catastro e Información Territorial,IGN
2013,9049,2013-08-02,Viernes,0.0,17:30:00,,0.0,2,"Bicicleta,Automóvil",Av. Arijon Y Ayacucho,2,1,0,0,1,0,0,,Calle,,ROSARIO,Rosario,Asfalto,No existe,II,Dentro,Urbana,Marca Vial,Funciona,Intersección,Bueno,Buena,Diurna,Buen Tiempo,Lateral,S/D,Atropello,Otro,Vertical,Línea divisoria pintada,Sin restricción,POINT (-60.6360487 -33.00266679999999),"['Avenida Manuel Arijón', 'Ayacucho']",2,Avenida Manuel Arijón; Ayacucho,-33.00266679999999,-60.6360487,55.0,538.0,Municipio Rosario,Municipio,Rosario,820210,Servicio de Catastro e Información Territorial,IGN
2013,9050,2013-08-13,Martes,0.0,17:45:00,,0.0,2,"Bicicleta,Automóvil",Colon Y Dean Funes,2,1,0,0,1,0,0,,Calle,,ROSARIO,Rosario,Asfalto,No existe,II,Dentro,Urbana,Marca Vial,No existe,Intersección,Bueno,Buena,Atardecer,Buen Tiempo,S/D,S/D,Atropello,Otro,Vertical,Línea divisoria pintada,Sin restricción,POINT (-60.6328745 -32.9779145),"['Colon', 'Deán Gregorio Funes']",2,Cristóbal Colón; Deán Gregorio Funes,-32.9779145,-60.6328745,55.0,538.0,Municipio Rosario,Municipio,Rosario,820210,Servicio de Catastro e Información Territorial,IGN
2013,9057,2013-08-13,Martes,0.0,11:00:00,,0.0,2,"Bicicleta,Moto/Ciclomotor",Grandoli Y Centeno,2,1,0,0,1,0,0,,Calle,,ROSARIO,Rosario,Asfalto,No existe,II,Dentro,Urbana,Marca Vial,No existe,Intersección,Bueno,Buena,Diurna,Buen Tiempo,S/D,S/D,Atropello,S/D,Vertical,Línea divisoria pintada,Sin restricción,POINT (-60.62837625 -32.98829645000001),"['Avenida Abanderado Grandoli', 'Centeno']",2,Avenida Abanderado Grandoli; Coronel Centeno,-32.98829645000001,-60.62837625,55.0,538.0,Municipio Rosario,Municipio,Rosario,820210,Servicio de Catastro e Información Territorial,IGN
2013,9058,2013-08-08,Jueves,0.0,09:30:00,,0.0,2,"Moto/Ciclomotor,Automóvil",Bv. Segui ,3,1,0,0,2,0,0,,Calle,,ROSARIO,Rosario,Asfalto,No existe,II,Dentro,Urbana,Marca Vial,No existe,Intersección,Bueno,Buena,Diurna,Buen Tiempo,Lateral,S/D,Colisión,Otro,Vertical,"Vegetación,Línea divisoria pintada",Sin restricción,"-32.9705861, -60.692576",['Bulevar Juan Francisco Seguí'],1,Bulevar Juan Francisco Seguí,-32.9705861,-60.692576,55.0,538.0,Municipio Rosario,Municipio,Rosario,820210,Servicio de Catastro e Información Territorial,IGN
2013,9061,2013-08-12,Lunes,0.0,21:45:00,,0.0,2,"Moto/Ciclomotor,Taxi/Remis",J.M.de Rosas Y Centeno,4,3,0,0,1,0,0,,Calle,,ROSARIO,Rosario,Asfalto,No existe,II,Dentro,Urbana,Marca Vial,No existe,Intersección,Bueno,Buena,"Nocturna,Con luz artificial",Buen Tiempo,Lateral,S/D,Colisión,S/D,Vertical,Línea divisoria pintada,Sin restricción,POINT (-60.6409137 -32.9860487),"['De Rosas', 'Centeno']",2,Juan Manuel de Rosas; Coronel Centeno,-32.9860487,-60.6409137,55.0,538.0,Municipio Rosario,Municipio,Rosario,820210,Servicio de Catastro e Información Territorial,IGN
2013,9063,2013-06-10,Lunes,0.0,12:30:00,,0.0,2,"Moto/Ciclomotor,Automóvil",Necochea Y Pje. Villar,2,1,0,0,1,0,0,,Calle,,ROSARIO,Rosario,Asfalto,No existe,II,Dentro,Urbana,Marca Vial,No existe,Intersección,Bueno,Buena,Diurna,Buen Tiempo,Lateral,S/D,Colisión,Otro,Vertical,Línea divisoria pintada,Sin restricción,POINT (-60.6321854 -32.980772300000005),"['Necochea', 'Villar']",2,Necochea; Villar,-32.980772300000005,-60.6321854,55.0,538.0,Municipio Rosario,Municipio,Rosario,820210,Servicio de Catastro e Información Territorial,IGN
2013,9068,2013-08-10,Sabado,0.0,20:30:00,,0.0,2,"Moto/Ciclomotor,Automóvil",Ayacucho Y Dr.Rivas,3,1,0,0,2,0,0,,Calle,,ROSARIO,Rosario,Asfalto,No existe,II,Dentro,Urbana,Marca Vial,No existe,Intersección,Bueno,Buena,"Nocturna,Con luz artificial",Buen Tiempo,Lateral,S/D,Colisión,S/D,Vertical,Línea divisoria pintada,Sin restricción,POINT (-60.636109600000005 -32.9852287),"['Ayacucho', 'Doctor Francisco Riva']",2,Ayacucho; Doctor Francisco Riva,-32.9852287,-60.636109600000005,55.0,538.0,Municipio Rosario,Municipio,Rosario,820210,Servicio de Catastro e Información Territorial,IGN
2013,9069,2013-08-07,Miercoles,0.0,17:10:00,,0.0,2,"Moto/Ciclomotor,Automóvil",L.N.Alem Y Dean Funes,3,2,0,0,1,0,0,,Calle,,ROSARIO,Rosario,Asfalto,No existe,II,Dentro,Urbana,Marca Vial,No existe,Intersección,Bueno,Buena,Diurna,Buen Tiempo,Lateral,S/D,Colisión,Otro,Vertical,Línea divisoria pintada,Sin restricción,POINT (-60.6356395 -32.97742120000001),"['Alem', 'Deán Gregorio Funes']",2,Leandro N. Alem; Deán Gregorio Funes,-32.97742120000001,-60.6356395,55.0,538.0,Municipio Rosario,Municipio,Rosario,820210,Servicio de Catastro e Información Territorial,IGN
2013,9073,2013-08-12,Lunes,0.0,21:00:00,,0.0,2,"Automóvil,Automóvil",L.N.Alem Y Gaboto,2,1,0,0,1,0,0,,Calle,,ROSARIO,Rosario,Asfalto,No existe,II,Dentro,Urbana,Marca Vial,Funciona,Intersección,Bueno,Buena,"Nocturna,Con luz artificial",Buen Tiempo,Lateral,S/D,Colisión,Otro,Vertical,Línea divisoria pintada,Sin restricción,POINT (-60.635075900000004 -32.9751272),"['Alem', 'Gaboto']",2,Leandro N. Alem; Gaboto,-32.9751272,-60.6350759,55.0,538.0,Municipio Rosario,Municipio,Rosario,820210,Servicio de Catastro e Información Territorial,IGN
2013,9078,2013-08-18,Domingo,0.0,01:35:00,,0.0,2,"Automóvil,Automóvil",Bv. 27 De Febrero Y Entre Rios,3,1,0,0,2,0,0,,Avenida,,ROSARIO,Rosario,Asfalto,S/D,II,Dentro,S/D,S/D,S/D,Intersección,Bueno,Buena,Nocturna,Buen Tiempo,De alcance,S/D,Colisión,S/D,S/D,S/D,S/D,POINT (-60.64626885000001 -32.967096450000014),"['27 de Febrero', 'Entre Ríos']",2,Bulevar 27 de Febrero; Entre Ríos,-32.967096450000014,-60.64626885000001,55.0,538.0,Municipio Rosario,Municipio,Rosario,820210,Servicio de Catastro e Información Territorial,IGN
2013,9079,2013-08-08,Jueves,0.0,16:30:00,,0.0,2,"Moto/Ciclomotor,Automóvil",Laprida Y Pje. Casablanca,2,1,0,0,1,0,0,,Calle,,ROSARIO,Rosario,Asfalto,No existe,II,Dentro,Urbana,Marca Vial,No existe,Intersección,Bueno,Buena,Diurna,Buen Tiempo,Lateral,S/D,Colisión,Otro,Vertical,Línea divisoria pintada,Sin restricción,POINT (-60.642594200000005 -32.9804272),"['Laprida', 'Casablanca']",2,Francisco Narciso Laprida; Casablanca,-32.9804272,-60.642594200000005,55.0,538.0,Municipio Rosario,Municipio,Rosario,820210,Servicio de Catastro e Información Territorial,IGN
2013,9080,2013-08-12,Lunes,0.0,20:30:00,,0.0,2,"Taxi/Remis,Automóvil",Colon Y Amenabar,3,1,0,0,2,0,0,,Calle,,ROSARIO,Rosario,Asfalto,No existe,II,Dentro,Urbana,Marca Vial,No existe,Intersección,Bueno,Buena,"Nocturna,Con luz artificial",Buen Tiempo,Lateral,S/D,Colisión,Otro,Vertical,Línea divisoria pintada,Sin restricción,POINT (-60.63202170000001 -32.97448649999999),"['Colon', 'Amenabar']",2,Cristóbal Colón; José de Amenábar,-32.97448649999999,-60.63202170000001,55.0,538.0,Municipio Rosario,Municipio,Rosario,820210,Servicio de Catastro e Información Territorial,IGN
2013,9082,2013-08-24,Sabado,0.0,14:45:00,,0.0,1,Automóvil,España 1835,1,1,0,0,0,0,0,,Calle,,ROSARIO,Rosario,Asfalto,S/D,II,Dentro,Urbana,S/D,S/D,Intersección,Bueno,Buena,Diurna,Buen Tiempo,Contra objeto fijo,S/D,Colisión,S/D,S/D,S/D,S/D,"-32.95738241020408, -60.649551569387754",['España 1835'],1,España 1835,-32.95738241020408,-60.64955156938776,55.0,538.0,Municipio Rosario,Municipio,Rosario,820210,Servicio de Catastro e Información Territorial,IGN
2013,9085,2013-08-17,Sabado,0.0,12:40:00,,0.0,2,"Bicicleta,Automóvil",Cochabamba 1248,2,1,0,0,1,0,0,,Calle,,ROSARIO,Rosario,Asfalto,S/D,II,Dentro,S/D,S/D,S/D,Recta,Bueno,Buena,Diurna,Buen Tiempo,De alcance,S/D,Atropello,S/D,S/D,S/D,S/D,"-32.95798795673663, -60.64318543499353",['Cochabamba 1248'],1,Cochabamba 1248,-32.95798795673663,-60.64318543499353,55.0,538.0,Municipio Rosario,Municipio,Rosario,820210,Servicio de Catastro e Información Territorial,IGN
2013,9086,2013-08-11,Domingo,0.0,13:00:00,,0.0,2,"Bicicleta,Automóvil",Necochea Y Garay,2,1,0,0,1,0,0,,Calle,,ROSARIO,Rosario,Asfalto,No existe,II,S/D,Urbana,Marca Vial,No existe,Intersección,Bueno,Buena,Diurna,Buen Tiempo,S/D,S/D,Atropello,Otro,Vertical,Línea divisoria pintada,Sin restricción,POINT (-60.631237799999994 -32.9770099),"['Necochea', 'Garay']",2,Necochea; Juan de Garay,-32.9770099,-60.6312378,55.0,538.0,Municipio Rosario,Municipio,Rosario,820210,Servicio de Catastro e Información Territorial,IGN
2013,9088,2013-08-20,Martes,0.0,17:30:00,,0.0,2,"Moto/Ciclomotor,Automóvil",Paraguay Y Cochabamba,2,1,0,0,1,0,0,,Calle,,ROSARIO,Rosario,Asfalto,S/D,II,Dentro,Urbana,S/D,S/D,Intersección,Bueno,Buena,Diurna,Buen Tiempo,De alcance,S/D,Colisión,S/D,S/D,S/D,S/D,POINT (-60.646751300000005 -32.9574353),"['Paraguay', 'Cochabamba']",2,Paraguay; Cochabamba,-32.9574353,-60.646751300000005,55.0,538.0,Municipio Rosario,Municipio,Rosario,820210,Servicio de Catastro e Información Territorial,IGN
2013,9089,2013-08-27,Martes,0.0,,,0.0,2,"Automóvil,Moto/Ciclomotor",Bv. 27 De Febrero Y Callao,3,1,0,0,2,0,0,,Calle,,ROSARIO,Rosario,Asfalto,S/D,II,S/D,Urbana,S/D,Funciona,Intersección,Bueno,Buena,S/D,Buen Tiempo,De alcance,S/D,Colisión,S/D,S/D,S/D,S/D,POINT (-60.665375850000004 -32.9636795),"['27 de Febrero', 'Callao']",2,Bulevar 27 de Febrero; Callao,-32.9636795,-60.66537585,55.0,538.0,Municipio Rosario,Municipio,Rosario,820210,Servicio de Catastro e Información Territorial,IGN
2013,9091,2013-08-16,Viernes,0.0,17:00:00,,0.0,2,"Automóvil,Bicicleta",Paraguay ,2,1,0,0,1,0,0,,S/D,,ROSARIO,Rosario,Asfalto,S/D,II,S/D,S/D,S/D,S/D,Recta,Bueno,Buena,Diurna,Buen Tiempo,De alcance,S/D,Atropello,S/D,S/D,S/D,Sin restricción,"-32.9910237, -60.6552287",['Paraguay'],1,Paraguay,-32.9910237,-60.6552287,55.0,538.0,Municipio Rosario,Municipio,Rosario,820210,Servicio de Catastro e Información Territorial,IGN
2013,9093,2013-08-07,Miercoles,0.0,08:00:00,,0.0,2,"Moto/Ciclomotor,Automóvil",Necochea Y Pje. Falcon,3,2,0,0,1,0,0,,Calle,,ROSARIO,Rosario,Asfalto,No existe,II,Dentro,Urbana,Marca Vial,No existe,Intersección,Bueno,Buena,Diurna,Buen Tiempo,Lateral,S/D,Colisión,Otro,Vertical,Línea divisoria pintada,Sin restricción,POINT (-60.63051509999999 -32.9741327),"['Necochea', 'Biblioteca Vigil']",2,Necochea; Biblioteca Vigil,-32.9741327,-60.63051509999999,55.0,538.0,Municipio Rosario,Municipio,Rosario,820210,Servicio de Catastro e Información Territorial,IGN
2013,9094,2013-08-10,Sabado,0.0,20:00:00,,0.0,2,"Automóvil,Automóvil",Laprida Y Dean Funes,3,2,0,0,1,0,0,,Calle,,ROSARIO,Rosario,Asfalto,No existe,II,Dentro,Urbana,Marca Vial,No existe,Intersección,Bueno,Buena,"Nocturna,Con luz artificial",Buen Tiempo,Lateral,S/D,Colisión,Otro,Vertical,Línea divisoria pintada,Sin restricción,POINT (-60.6415715 -32.9763678),"['Laprida', 'Deán Gregorio Funes']",2,Francisco Narciso Laprida; Deán Gregorio Funes,-32.9763678,-60.6415715,55.0,538.0,Municipio Rosario,Municipio,Rosario,820210,Servicio de Catastro e Información Territorial,IGN
2013,9095,2013-08-20,Martes,0.0,17:45:00,,0.0,2,"Automóvil,Moto/Ciclomotor",Entre Rios Y Galvez,2,1,0,0,1,0,0,,Calle,,ROSARIO,Rosario,Asfalto,S/D,II,Dentro,Urbana,S/D,S/D,Intersección,Bueno,Buena,Diurna,Buen Tiempo,De alcance,S/D,Colisión,S/D,S/D,S/D,S/D,POINT (-60.6465702 -32.968276),"['Entre Ríos', 'Galvez']",2,Entre Ríos; José Gálvez,-32.968276,-60.6465702,55.0,538.0,Municipio Rosario,Municipio,Rosario,820210,Servicio de Catastro e Información Territorial,IGN
2013,9096,2013-08-27,Martes,0.0,11:20:00,,0.0,2,"Bicicleta,Automóvil",Pasco Y Entre Rios,2,1,0,0,1,0,0,,Calle,,ROSARIO,Rosario,Asfalto,S/D,II,S/D,Urbana,S/D,S/D,Intersección,Bueno,Buena,Diurna,Buen Tiempo,S/D,S/D,Atropello,S/D,S/D,S/D,S/D,POINT (-60.644253299999995 -32.9590723),"['Pasco', 'Entre Ríos']",2,Pasco; Entre Ríos,-32.9590723,-60.6442533,55.0,538.0,Municipio Rosario,Municipio,Rosario,820210,Servicio de Catastro e Información Territorial,IGN
2013,9102,2013-08-07,Miercoles,0.0,16:45:00,,0.0,2,"Moto/Ciclomotor,Automóvil",Buenos Aires Y Bv. Segui,2,1,0,0,1,0,0,,Avenida,,ROSARIO,Rosario,Asfalto,No existe,II,Dentro,Urbana,Marca Vial,No existe,Intersección,Bueno,Buena,Diurna,Buen Tiempo,Lateral,S/D,Colisión,Otro,Vertical,"Cordón divisorio,Línea divisoria pintada",Sin restricción,POINT (-60.640923400000005 -32.98006374999999),"['Buenos Aires', 'Bulevar Juan Francisco Seguí']",2,Buenos Aires; Bulevar Juan Francisco Seguí,-32.98006374999999,-60.640923400000005,55.0,538.0,Municipio Rosario,Municipio,Rosario,820210,Servicio de Catastro e Información Territorial,IGN
2013,9103,2013-08-10,Sabado,0.0,11:30:00,,0.0,2,"Moto/Ciclomotor,Automóvil",Laprida Y Pje. Ivanowsky,2,1,0,0,1,0,0,,Calle,,ROSARIO,Rosario,Asfalto,No existe,II,Dentro,Urbana,Marca Vial,No existe,Recta,Bueno,Buena,Diurna,Buen Tiempo,Lateral,S/D,Colisión,Otro,Vertical,Línea divisoria pintada,Sin restricción,POINT (-60.6434436 -32.98379880000001),"['Laprida', 'Ivanowski']",2,Francisco Narciso Laprida; Ivanowski,-32.98379880000001,-60.6434436,55.0,538.0,Municipio Rosario,Municipio,Rosario,820210,Servicio de Catastro e Información Territorial,IGN