anio_acci,nro_acci,fecha,desc_dia,fecha_aprox,hora_aprox,desc_ruta,km,cant_participantes,desc_participante,calle_avenida_km,total,heridos_leves,heridos_graves,heridos_gravisimos,ilesos,fallecidos,sin_datos,posicion_XY,desc_tipo_via,desc_ruta_ori,desc_loc,desc_dpto,desc_tipo_calzada,desc_tipo_banquina,desc_unidad_regional,desc_lugar_calzada,desc_zona,desc_prioridad,desc_estado_semaforo,desc_lugar_via,desc_estado_via,desc_estado_visibilidad,desc_luminosidad,desc_estado_clima,desc_tipo_colision,desc_tipo_atropello,desc_tipo_hecho,desc_pres_calzada,desc_senializacion,desc_separacion_via,desc_restriccion,forma_geocod,calle_lista,numero_calles,calles_osm,lat,lon,index_right,gid,fna,gna,nam,in1,fdc,sag
2013,9104,2013-08-26,Lunes,0.0,,,0.0,2,"Automóvil,Automóvil",Pte.Roca Y Riobamba,4,4,0,0,0,0,0,,Calle,,ROSARIO,Rosario,Asfalto,No existe,II,Dentro,Urbana,S/D,S/D,Intersección,Bueno,Buena,S/D,Buen Tiempo,De alcance,S/D,Colisión,S/D,S/D,S/D,S/D,POINT (-60.6492775 -32.961788899999995),"['Roca', 'Riobamba']",2,Presidente Roca; Riobamba,-32.961788899999995,-60.6492775,55.0,538.0,Municipio Rosario,Municipio,Rosario,820210,Servicio de Catastro e Información Territorial,IGN
2013,9105,2013-08-05,Lunes,0.0,12:30:00,,0.0,2,"Peatón,Automóvil",Ayacucho Y Centeno,2,1,0,0,1,0,0,,Calle,,ROSARIO,Rosario,Asfalto,No existe,II,Dentro,Urbana,Marca Vial,No existe,Intersección,Bueno,Buena,Diurna,Buen Tiempo,S/D,S/D,Atropello,Otro,Vertical,Línea divisoria pintada,Sin restricción,POINT (-60.6363617 -32.9868524),"['Ayacucho', 'Centeno']",2,Ayacucho; Coronel Centeno,-32.9868524,-60.6363617,55.0,538.0,Municipio Rosario,Municipio,Rosario,820210,Servicio de Catastro e Información Territorial,IGN
2013,9107,2013-08-28,Miercoles,0.0,18:30:00,,0.0,2,"Moto/Ciclomotor,Automóvil",Bv. Segui Y Buenos Aires,2,1,0,0,1,0,0,,Calle,,ROSARIO,Rosario,Asfalto,No existe,II,Dentro,Urbana,Marca Vial,No existe,Intersección,Bueno,Buena,Atardecer,Buen Tiempo,Lateral,S/D,Colisión,S/D,Vertical,Línea divisoria pintada,Sin restricción,POINT (-60.640923400000005 -32.98006374999999),"['Bulevar Juan Francisco Seguí', 'Buenos Aires']",2,Bulevar Juan Francisco Seguí; Buenos Aires,-32.98006374999999,-60.640923400000005,55.0,538.0,Municipio Rosario,Municipio,Rosario,820210,Servicio de Catastro e Información Territorial,IGN
2013,9108,2013-08-09,Viernes,0.0,17:30:00,,0.0,2,"Moto/Ciclomotor,Automóvil",Ocampo Y Laprida,3,1,0,0,2,0,0,,Calle,,ROSARIO,Rosario,Asfalto,No existe,II,S/D,Urbana,Ninguna,No existe,Intersección,Bueno,Buena,Diurna,Buen Tiempo,Lateral,S/D,Colisión,S/D,Faltante,Ninguna,Sin restricción,POINT (-60.6392734 -32.967158299999994),"['Ocampo', 'Laprida']",2,Ocampo; Francisco Narciso Laprida,-32.967158299999994,-60.6392734,55.0,538.0,Municipio Rosario,Municipio,Rosario,820210,Servicio de Catastro e Información Territorial,IGN
2013,9109,2013-08-03,Sabado,0.0,17:10:00,,0.0,2,"Moto/Ciclomotor,Automóvil",J.M.de Rosas Y Bv. Segui,3,2,0,0,1,0,0,,Avenida,,ROSARIO,Rosario,Asfalto,No existe,II,Dentro,Urbana,Marca Vial,Intermitente,Intersección,Bueno,Buena,Diurna,Buen Tiempo,S/D,S/D,S/D,Otro,Vertical,Línea divisoria pintada,S/D,POINT (-60.63947580000001 -32.98032074999999),"['De Rosas', 'Bulevar Juan Francisco Seguí']",2,Juan Manuel de Rosas; Bulevar Juan Francisco Seguí,-32.98032074999999,-60.63947580000001,55.0,538.0,Municipio Rosario,Municipio,Rosario,820210,Servicio de Catastro e Información Territorial,IGN
2013,9110,2013-08-23,Viernes,0.0,13:30:00,,0.0,2,"Pickup/Utilitario,Automóvil",Bv. 27 De Febrero Y Maipu,2,1,0,0,1,0,0,,Avenida,,ROSARIO,Rosario,Asfalto,No existe,II,Dentro,Urbana,Semáforo,Funciona,Intersección,Bueno,Buena,Diurna,Buen Tiempo,De alcance,S/D,Colisión,S/D,Vertical,Cordón divisorio,Sin restricción,POINT (-60.640725849999995 -32.9680891),"['27 de Febrero', 'Maipú']",2,Bulevar 27 de Febrero; Maipú,-32.9680891,-60.64072585,55.0,538.0,Municipio Rosario,Municipio,Rosario,820210,Servicio de Catastro e Información Territorial,IGN
2013,9111,2013-08-15,Jueves,0.0,14:00:00,,0.0,2,"Automóvil,Automóvil",1 de Mayo Y Cochabamba,3,2,0,0,1,0,0,,Calle,,ROSARIO,Rosario,Asfalto,S/D,II,Dentro,Urbana,Ninguna,S/D,Intersección,Bueno,Buena,Diurna,Buen Tiempo,Lateral,S/D,Colisión,S/D,Faltante,S/D,Sin restricción,POINT (-60.6327185 -32.95999129999999),"['Primero de Mayo', 'Cochabamba']",2,Primero de Mayo; Cochabamba,-32.95999129999999,-60.6327185,55.0,538.0,Municipio Rosario,Municipio,Rosario,820210,Servicio de Catastro e Información Territorial,IGN
2013,9113,2013-08-27,Martes,0.0,17:00:00,,0.0,1,Automóvil,Bv. 27 De Febrero Y España,1,1,0,0,0,0,0,,Avenida,,ROSARIO,Rosario,Asfalto,S/D,II,S/D,Urbana,S/D,Funciona,Recta,Otro,Buena,Diurna,Buen Tiempo,S/D,S/D,Otro,S/D,S/D,S/D,S/D,POINT (-60.6518035 -32.966108549999994),"['27 de Febrero', 'España']",2,Bulevar 27 de Febrero; España,-32.966108549999994,-60.6518035,55.0,538.0,Municipio Rosario,Municipio,Rosario,820210,Servicio de Catastro e Información Territorial,IGN
2013,9115,2013-08-16,Viernes,0.0,11:40:00,,0.0,2,"Automóvil,Moto/Ciclomotor",Virasoro Y Paraguay,3,1,0,0,2,0,0,,Calle,,ROSARIO,Rosario,Asfalto,S/D,II,Dentro,S/D,S/D,S/D,Intersección,Bueno,Buena,Diurna,Buen Tiempo,De alcance,S/D,Colisión,S/D,S/D,S/D,S/D,POINT (-60.64965960000001 -32.9689509),"['Virasoro', 'Paraguay']",2,Benjamín Virasoro; Paraguay,-32.9689509,-60.64965960000001,55.0,538.0,Municipio Rosario,Municipio,Rosario,820210,Servicio de Catastro e Información Territorial,IGN
2013,9117,2013-08-20,Martes,0.0,17:00:00,,0.0,2,"Moto/Ciclomotor,Automóvil",Virasoro Y Mariano Moreno,2,1,0,0,1,0,0,,Calle,,ROSARIO,Rosario,Asfalto,S/D,II,Dentro,Urbana,S/D,S/D,Recta,Bueno,Buena,Diurna,Buen Tiempo,De alcance,S/D,Colisión,S/D,S/D,S/D,S/D,POINT (-60.65651549999999 -32.9677001),"['Virasoro', 'Mariano Moreno']",2,Benjamín Virasoro; Mariano Moreno,-32.9677001,-60.65651549999999,55.0,538.0,Municipio Rosario,Municipio,Rosario,820210,Servicio de Catastro e Información Territorial,IGN
2013,9118,2013-08-18,Domingo,0.0,06:45:00,,0.0,1,Moto/Ciclomotor,Bv. Oroño Y Cochabamba,2,1,0,0,1,0,0,,Avenida,,ROSARIO,Rosario,Asfalto,S/D,II,Dentro,S/D,S/D,S/D,Intersección,Bueno,Buena,Amanecer,Buen Tiempo,De alcance,S/D,Colisión,S/D,S/D,S/D,S/D,POINT (-60.656339 -32.9556154),"['Bulevar Nicasio Oroño', 'Cochabamba']",2,Bulevar Nicasio Oroño; Cochabamba,-32.9556154,-60.656339,55.0,538.0,Municipio Rosario,Municipio,Rosario,820210,Servicio de Catastro e Información Territorial,IGN
2013,9119,2013-08-22,Jueves,0.0,16:00:00,,0.0,2,"Bicicleta,Automóvil",Sarmiento Y Viamonte,2,1,0,0,1,0,0,,Calle,,ROSARIO,Rosario,Asfalto,S/D,II,Dentro,S/D,S/D,S/D,Intersección,Bueno,Buena,Diurna,Buen Tiempo,S/D,S/D,Atropello,S/D,S/D,S/D,S/D,POINT (-60.6429037 -32.9653524),"['Sarmiento', 'Viamonte']",2,Sarmiento; Viamonte,-32.9653524,-60.6429037,55.0,538.0,Municipio Rosario,Municipio,Rosario,820210,Servicio de Catastro e Información Territorial,IGN
2013,9120,2013-08-26,Lunes,0.0,08:30:00,,0.0,2,"Automóvil,Automóvil",Rueda Y Entre Rios,3,1,0,0,2,0,0,,Calle,,ROSARIO,Rosario,Asfalto,S/D,II,S/D,S/D,S/D,Funciona,Intersección,Bueno,Buena,Diurna,Buen Tiempo,De alcance,S/D,Colisión,S/D,S/D,S/D,S/D,POINT (-60.64715369999999 -32.9705762),"['Rueda', 'Entre Ríos']",2,Rueda; Entre Ríos,-32.9705762,-60.64715369999999,55.0,538.0,Municipio Rosario,Municipio,Rosario,820210,Servicio de Catastro e Información Territorial,IGN
2013,9121,2013-08-13,Martes,0.0,22:30:00,,0.0,2,"Moto/Ciclomotor,Taxi/Remis",Laprida Y Viamonte,2,1,0,0,1,0,0,,Calle,,ROSARIO,Rosario,Asfalto,No existe,II,Dentro,Urbana,Ninguna,No existe,Intersección,Bueno,Buena,"Nocturna,Con luz artificial",Buen Tiempo,Lateral,S/D,Colisión,S/D,Faltante,Ninguna,Sin restricción,POINT (-60.6390034 -32.96604490000001),"['Laprida', 'Viamonte']",2,Francisco Narciso Laprida; Viamonte,-32.96604490000001,-60.6390034,55.0,538.0,Municipio Rosario,Municipio,Rosario,820210,Servicio de Catastro e Información Territorial,IGN
2013,9123,2013-08-18,Domingo,0.0,,,0.0,2,"Automóvil,Moto/Ciclomotor",Cerrito Y Sarmiento,2,1,0,0,1,0,0,,Calle,,ROSARIO,Rosario,Asfalto,S/D,II,S/D,Urbana,S/D,S/D,Intersección,Bueno,Buena,S/D,Buen Tiempo,Lateral,S/D,Colisión,S/D,S/D,S/D,S/D,POINT (-60.6420226 -32.9618734),"['Cerrito', 'Sarmiento']",2,Cerrito; Sarmiento,-32.9618734,-60.6420226,55.0,538.0,Municipio Rosario,Municipio,Rosario,820210,Servicio de Catastro e Información Territorial,IGN
2013,9124,2013-08-28,Miercoles,0.0,16:15:00,,0.0,2,"Moto/Ciclomotor,Pickup/Utilitario",Pavon Y Av. Arijon,2,1,0,0,1,0,0,,Calle,,ROSARIO,Rosario,Asfalto,Pavimento,II,Dentro,Urbana,Ninguna,No existe,Intersección,Bueno,Buena,Diurna,Buen Tiempo,Lateral,S/D,Colisión,S/D,Faltante,Barrera de hormigón,Sin restricción,POINT (-60.6340602 -33.0026106),"['Pavón', 'Avenida Manuel Arijón']",2,Pavón; Avenida Manuel Arijón,-33.0026106,-60.6340602,55.0,538.0,Municipio Rosario,Municipio,Rosario,820210,Servicio de Catastro e Información Territorial,IGN
2013,9125,2013-08-21,Miercoles,0.0,18:15:00,,0.0,2,"Moto/Ciclomotor,Automóvil",Ayacucho 5200,2,1,0,0,1,0,0,,Calle,,ROSARIO,Rosario,Asfalto,Pavimento,II,Dentro,Urbana,Ninguna,No existe,Intersección,Bueno,Buena,Atardecer,Buen Tiempo,Lateral,S/D,Colisión,S/D,Faltante,Barrera de hormigón,Sin restricción,"-32.9627144, -60.6304919",['Ayacucho 5200'],1,Ayacucho 5200,-32.9627144,-60.6304919,55.0,538.0,Municipio Rosario,Municipio,Rosario,820210,Servicio de Catastro e Información Territorial,IGN
2013,9126,2013-08-31,Sabado,0.0,,,0.0,2,"Automóvil,Moto/Ciclomotor",Av. Pellegrini Y Pueyrredon,2,1,0,0,1,0,0,,Calle,,ROSARIO,Rosario,Asfalto,No existe,II,Dentro,Urbana,S/D,S/D,Intersección,Bueno,Buena,S/D,Buen Tiempo,De alcance,S/D,Colisión,S/D,S/D,S/D,S/D,POINT (-60.66011240000001 -32.95378149999999),"['Pellegrini', 'Pueyrredón']",2,Avenida Carlos Pellegrini; Pueyrredón,-32.95378149999999,-60.66011240000001,55.0,538.0,Municipio Rosario,Municipio,Rosario,820210,Servicio de Catastro e Información Territorial,IGN
2013,9128,2013-08-22,Jueves,0.0,15:00:00,,0.0,2,"Moto/Ciclomotor,Automóvil",Av. Pellegrini Y Callao,2,1,0,0,1,0,0,,Avenida,,ROSARIO,Rosario,Asfalto,S/D,II,Dentro,Urbana,S/D,S/D,Intersección,Bueno,Buena,Diurna,Buen Tiempo,De alcance,S/D,Colisión,S/D,S/D,S/D,S/D,POINT (-60.66283325 -32.95334939999999),"['Pellegrini', 'Callao']",2,Avenida Carlos Pellegrini; Callao,-32.95334939999999,-60.66283325,55.0,538.0,Municipio Rosario,Municipio,Rosario,820210,Servicio de Catastro e Información Territorial,IGN
2013,9129,2013-08-18,Domingo,0.0,,,0.0,2,"Automóvil,Moto/Ciclomotor",Bv. 27 De Febrero Y Mariano Moreno,2,1,0,0,1,0,0,,Avenida,,ROSARIO,Rosario,Asfalto,S/D,II,Dentro,Urbana,S/D,S/D,Intersección,Bueno,Buena,S/D,Buen Tiempo,De alcance,S/D,Colisión,S/D,S/D,S/D,S/D,POINT (-60.655918650000004 -32.96538055),"['27 de Febrero', 'Mariano Moreno']",2,Bulevar 27 de Febrero; Mariano Moreno,-32.96538055,-60.65591865,55.0,538.0,Municipio Rosario,Municipio,Rosario,820210,Servicio de Catastro e Información Territorial,IGN
2013,9130,2013-08-18,Domingo,0.0,10:40:00,,0.0,2,"Bicicleta,Automóvil",Pasco 1900,2,2,0,0,0,0,0,,Calle,,ROSARIO,Rosario,Asfalto,S/D,II,S/D,Urbana,S/D,S/D,Intersección,Bueno,Buena,Diurna,Buen Tiempo,S/D,S/D,Atropello,S/D,S/D,S/D,S/D,"-32.9575967, -60.6522866",['Pasco 1900'],1,Pasco 1900,-32.9575967,-60.6522866,55.0,538.0,Municipio Rosario,Municipio,Rosario,820210,Servicio de Catastro e Información Territorial,IGN
2013,9131,2013-08-11,Domingo,0.0,16:45:00,,0.0,2,"Automóvil,Automóvil",Ocampo Y Chacabuco,2,1,0,0,1,0,0,,Calle,,ROSARIO,Rosario,Asfalto,No existe,II,S/D,Urbana,Ninguna,No existe,Recta,Bueno,Buena,Diurna,Buen Tiempo,Lateral,S/D,Colisión,S/D,S/D,Ninguna,Sin restricción,POINT (-60.62783100000001 -32.96918850000001),"['Ocampo', 'Chacabuco']",2,Ocampo; Chacabuco,-32.96918850000001,-60.62783100000001,55.0,538.0,Municipio Rosario,Municipio,Rosario,820210,Servicio de Catastro e Información Territorial,IGN
2013,9132,2013-08-19,Lunes,0.0,20:50:00,,0.0,2,"Moto/Ciclomotor,Automóvil",Anchorena Y Av. Castro Barros,2,1,0,0,1,0,0,,Calle,,ROSARIO,Rosario,Asfalto,S/D,II,Dentro,Urbana,Ninguna,No existe,Intersección,Bueno,Buena,Nocturna,Buen Tiempo,Lateral,S/D,Colisión,S/D,Faltante,Cordón divisorio,Sin restricción,POINT (-60.62964120000001 -32.997229000000004),"['Anchorena', 'Castro Barros']",2,Tomás de Anchorena; Avenida Pedro de Castro Barros,-32.997229000000004,-60.62964120000001,55.0,538.0,Municipio Rosario,Municipio,Rosario,820210,Servicio de Catastro e Información Territorial,IGN
2013,9134,2013-08-30,Viernes,0.0,20:45:00,,0.0,2,"Automóvil,Automóvil",Virasoro Y Pte.Roca,2,1,0,0,1,0,0,,Calle,,ROSARIO,Rosario,Asfalto,S/D,II,S/D,Urbana,S/D,S/D,Recta,Bueno,Buena,"Nocturna,Con luz artificial",Buen Tiempo,De alcance,S/D,Colisión,S/D,S/D,S/D,S/D,POINT (-60.6510234 -32.9686915),"['Virasoro', 'Roca']",2,Benjamín Virasoro; Presidente Roca,-32.9686915,-60.6510234,55.0,538.0,Municipio Rosario,Municipio,Rosario,820210,Servicio de Catastro e Información Territorial,IGN
2013,9135,2013-08-31,Sabado,0.0,16:00:00,,0.0,2,"Moto/Ciclomotor,Automóvil",Abanderado Grandoli Y Biedma,3,2,0,0,1,0,0,,Calle,,ROSARIO,Rosario,Asfalto,No existe,II,Dentro,Urbana,Marca Vial,No existe,Intersección,Bueno,Buena,Diurna,Buen Tiempo,Lateral,S/D,Colisión,Otro,Vertical,Cordón divisorio,Sin restricción,POINT (-60.62816415 -32.984736049999995),"['Avenida Abanderado Grandoli', 'Coronel Biedma']",2,Avenida Abanderado Grandoli; Coronel Biedma,-32.984736049999995,-60.62816415,55.0,538.0,Municipio Rosario,Municipio,Rosario,820210,Servicio de Catastro e Información Territorial,IGN
2013,9136,2013-08-13,Martes,0.0,18:30:00,,0.0,2,"Moto/Ciclomotor,Automóvil",Bv. 27 De Febrero Y Santiago,3,2,0,0,1,0,0,,Avenida,,ROSARIO,Rosario,Asfalto,S/D,II,Dentro,S/D,S/D,S/D,Intersección,Bueno,Buena,Diurna,Buen Tiempo,De alcance,S/D,Colisión,S/D,S/D,S/D,S/D,POINT (-60.66128945 -32.9644092),"['27 de Febrero', 'Santiago']",2,Bulevar 27 de Febrero; Santiago,-32.9644092,-60.66128945,55.0,538.0,Municipio Rosario,Municipio,Rosario,820210,Servicio de Catastro e Información Territorial,IGN
2013,9137,2013-07-02,Martes,0.0,18:20:00,,0.0,2,"Peatón,Moto/Ciclomotor",Maipu Y Viamonte,2,0,0,0,1,1,0,,Calle,,ROSARIO,Rosario,Asfalto,No existe,II,Dentro,Urbana,Ninguna,No existe,Intersección,Bueno,Buena,Atardecer,S/D,S/D,S/D,Atropello,S/D,S/D,Ninguna,S/D,POINT (-60.6401631 -32.965839),"['Maipú', 'Viamonte']",2,Maipú; Viamonte,-32.965839,-60.6401631,55.0,538.0,Municipio Rosario,Municipio,Rosario,820210,Servicio de Catastro e Información Territorial,IGN
2013,9138,2013-08-21,Miercoles,0.0,18:30:00,,0.0,2,"Peatón,Automóvil",Av. Pellegrini Y Suipacha,2,1,0,0,1,0,0,,Avenida,,ROSARIO,Rosario,Asfalto,S/D,II,Dentro,Urbana,S/D,S/D,Intersección,Bueno,Buena,Atardecer,Buen Tiempo,S/D,S/D,Atropello,S/D,S/D,S/D,S/D,POINT (-60.666887849999995 -32.95262544999999),"['Pellegrini', 'Suipacha']",2,Avenida Carlos Pellegrini; Suipacha,-32.95262544999999,-60.66688785,55.0,538.0,Municipio Rosario,Municipio,Rosario,820210,Servicio de Catastro e Información Territorial,IGN
2013,9140,2013-08-14,Miercoles,0.0,13:30:00,,0.0,2,"Moto/Ciclomotor,Pickup/Utilitario",Av. Pellegrini 2700,2,1,0,0,1,0,0,,Avenida,,ROSARIO,Rosario,Asfalto,S/D,II,Dentro,Urbana,S/D,S/D,Recta,Bueno,Buena,Diurna,Buen Tiempo,De alcance,S/D,Colisión,S/D,S/D,S/D,S/D,"-32.9532738, -60.6625911",['Pellegrini 2700'],1,Pellegrini 2700,-32.9532738,-60.6625911,55.0,538.0,Municipio Rosario,Municipio,Rosario,820210,Servicio de Catastro e Información Territorial,IGN
2013,9141,2013-08-30,Viernes,0.0,22:15:00,,0.0,2,"Moto/Ciclomotor,Automóvil",Laprida Y Bv. Segui,3,2,0,0,1,0,0,,Calle,,ROSARIO,Rosario,Asfalto,No existe,II,Dentro,Urbana,Marca Vial,No existe,Intersección,Bueno,Buena,"Nocturna,Con luz artificial",Buen Tiempo,Lateral,S/D,Colisión,Otro,Vertical,Línea divisoria pintada,Sin restricción,POINT (-60.64243230000001 -32.97979135),"['Laprida', 'Bulevar Juan Francisco Seguí']",2,Francisco Narciso Laprida; Bulevar Juan Francisco Seguí,-32.97979135,-60.64243230000001,55.0,538.0,Municipio Rosario,Municipio,Rosario,820210,Servicio de Catastro e Información Territorial,IGN
2013,9142,2013-08-12,Lunes,0.0,09:30:00,,0.0,2,"Moto/Ciclomotor,Peatón",Av. Pellegrini Y Alvear,2,1,0,0,1,0,0,,Avenida,,ROSARIO,Rosario,Asfalto,S/D,II,Dentro,S/D,S/D,S/D,Intersección,Bueno,Buena,Diurna,Buen Tiempo,S/D,S/D,Atropello,S/D,S/D,S/D,S/D,POINT (-60.6574268 -32.95433405),"['Pellegrini', 'Alvear']",2,Avenida Carlos Pellegrini; Alvear,-32.95433405,-60.6574268,55.0,538.0,Municipio Rosario,Municipio,Rosario,820210,Servicio de Catastro e Información Territorial,IGN
2013,9143,2013-08-16,Viernes,0.0,21:00:00,,0.0,2,"Automóvil,Otros",Bv. 27 De Febrero Y L.N.Alem,2,1,0,0,1,0,0,,Calle,,ROSARIO,Rosario,Asfalto,No existe,II,Dentro,Urbana,Semáforo,Funciona,Intersección,S/D,Buena,"Nocturna,Con luz artificial",Buen Tiempo,De alcance,S/D,Colisión,S/D,Vertical,"Barrera de hormigón,Cordón divisorio",Sin restricción,POINT (-60.63361105 -32.96936275),"['27 de Febrero', 'Alem']",2,Bulevar 27 de Febrero; Leandro N. Alem,-32.96936275,-60.63361105,55.0,538.0,Municipio Rosario,Municipio,Rosario,820210,Servicio de Catastro e Información Territorial,IGN
2013,9144,2013-08-29,Jueves,0.0,,,0.0,2,"Automóvil,Moto/Ciclomotor",España Y Cochabamba,2,1,0,0,1,0,0,,Calle,,ROSARIO,Rosario,Asfalto,No existe,II,S/D,Urbana,S/D,S/D,Intersección,Bueno,Buena,S/D,Buen Tiempo,De alcance,S/D,Colisión,S/D,S/D,S/D,S/D,POINT (-60.649499 -32.9569347),"['España', 'Cochabamba']",2,España; Cochabamba,-32.9569347,-60.649499,55.0,538.0,Municipio Rosario,Municipio,Rosario,820210,Servicio de Catastro e Información Territorial,IGN
2013,9145,2013-08-01,Jueves,0.0,16:30:00,,0.0,2,"Moto/Ciclomotor,Automóvil",Colon Y Garay,3,2,0,0,1,0,0,,Calle,,ROSARIO,Rosario,Asfalto,No existe,II,Dentro,Urbana,Marca Vial,No existe,Intersección,Bueno,Buena,Atardecer,Buen Tiempo,Lateral,S/D,Colisión,Otro,Vertical,Línea divisoria pintada,Sin restricción,POINT (-60.6325871 -32.9767591),"['Colon', 'Garay']",2,Cristóbal Colón; Juan de Garay,-32.9767591,-60.6325871,55.0,538.0,Municipio Rosario,Municipio,Rosario,820210,Servicio de Catastro e Información Territorial,IGN
2013,9146,2013-08-25,Domingo,0.0,03:00:00,,0.0,2,"Automóvil,Moto/Ciclomotor",Italia Y Cerrito,3,2,0,0,1,0,0,,Calle,,ROSARIO,Rosario,Asfalto,S/D,II,Dentro,Urbana,S/D,S/D,Cruce,Bueno,Buena,Nocturna,Buen Tiempo,De alcance,S/D,Colisión,S/D,S/D,S/D,S/D,POINT (-60.65174940000001 -32.9601244),"['Italia', 'Cerrito']",2,Italia; Cerrito,-32.9601244,-60.65174940000001,55.0,538.0,Municipio Rosario,Municipio,Rosario,820210,Servicio de Catastro e Información Territorial,IGN
2013,9147,2013-08-12,Lunes,0.0,21:15:00,,0.0,2,"Automóvil,Automóvil",Av. Corrientes Y Ituzaingo,2,1,0,0,1,0,0,,Calle,,ROSARIO,Rosario,Asfalto,S/D,II,Dentro,Urbana,S/D,S/D,Intersección,Bueno,Buena,Nocturna,Buen Tiempo,De alcance,S/D,Colisión,S/D,S/D,S/D,S/D,POINT (-60.6459293 -32.959987399999996),"['Corrientes', 'Ituzaingó']",2,Corrientes; Ituzaingó,-32.9599874,-60.6459293,55.0,538.0,Municipio Rosario,Municipio,Rosario,820210,Servicio de Catastro e Información Territorial,IGN
2013,9148,2013-08-13,Martes,0.0,18:09:00,,0.0,2,"Moto/Ciclomotor,Automóvil",Virasoro Y Sarmiento,3,2,0,0,1,0,0,,Calle,,ROSARIO,Rosario,Asfalto,S/D,II,Dentro,Urbana,S/D,S/D,Intersección,Bueno,Buena,Atardecer,Buen Tiempo,De alcance,S/D,Colisión,S/D,S/D,S/D,S/D,POINT (-60.6440624 -32.969927),"['Virasoro', 'Sarmiento']",2,Benjamín Virasoro; Sarmiento,-32.969927,-60.6440624,55.0,538.0,Municipio Rosario,Municipio,Rosario,820210,Servicio de Catastro e Información Territorial,IGN
2013,9149,2013-08-06,Martes,0.0,17:45:00,,0.0,2,"Automóvil,Moto/Ciclomotor",Dorrego Y Riobamba,4,2,0,0,2,0,0,,Calle,,ROSARIO,Rosario,Asfalto,S/D,II,Dentro,Urbana,S/D,S/D,Intersección,Bueno,Buena,Diurna,Buen Tiempo,De alcance,S/D,Colisión,S/D,S/D,S/D,S/D,POINT (-60.6533864 -32.961053199999995),"['Dorrego', 'Riobamba']",2,Manuel Dorrego; Riobamba,-32.961053199999995,-60.6533864,55.0,538.0,Municipio Rosario,Municipio,Rosario,820210,Servicio de Catastro e Información Territorial,IGN
2013,9150,2013-08-30,Viernes,0.0,16:00:00,,0.0,2,"Moto/Ciclomotor,Automóvil",Ayolas Y Colon,3,2,0,0,1,0,0,,Calle,,ROSARIO,Rosario,Asfalto,No existe,II,Dentro,Urbana,Marca Vial,No existe,Intersección,Bueno,Buena,Diurna,Buen Tiempo,Lateral,S/D,Colisión,Otro,Vertical,Línea divisoria pintada,Sin restricción,POINT (-60.633159899999995 -32.97906139999999),"['Ayolas', 'Colon']",2,Ayolas; Cristóbal Colón,-32.97906139999999,-60.6331599,55.0,538.0,Municipio Rosario,Municipio,Rosario,820210,Servicio de Catastro e Información Territorial,IGN
2013,9151,2013-08-20,Martes,0.0,16:20:00,,0.0,2,"Moto/Ciclomotor,Transporte de Pasajeros Urbano (> 8 asientos)",Rueda Y Chacabuco,2,1,0,0,1,0,0,,Calle,,ROSARIO,Rosario,Asfalto,No existe,II,Dentro,Urbana,Marca Vial,No existe,Intersección,Bueno,Buena,Diurna,Buen Tiempo,Lateral,S/D,Colisión,S/D,Vertical,Línea divisoria pintada,Sin restricción,POINT (-60.6290154 -32.97383119999999),"['Rueda', 'Chacabuco']",2,Rueda; Chacabuco,-32.97383119999999,-60.6290154,55.0,538.0,Municipio Rosario,Municipio,Rosario,820210,Servicio de Catastro e Información Territorial,IGN
2013,9152,2013-08-12,Lunes,0.0,15:35:00,,0.0,2,"Automóvil,Moto/Ciclomotor",Rueda Y Rodriguez,2,1,0,0,1,0,0,,Calle,,ROSARIO,Rosario,Asfalto,S/D,II,Dentro,Urbana,S/D,S/D,Intersección,Bueno,Buena,Diurna,Buen Tiempo,De alcance,S/D,Colisión,S/D,S/D,S/D,S/D,POINT (-60.6649173 -32.96737519999999),"['Rueda', 'Rodríguez']",2,Rueda; Rodríguez de Escobedo,-32.96737519999999,-60.6649173,55.0,538.0,Municipio Rosario,Municipio,Rosario,820210,Servicio de Catastro e Información Territorial,IGN
2013,9153,2013-08-30,Viernes,0.0,17:15:00,,0.0,2,"Moto/Ciclomotor,Automóvil",L.N.Alem Y Gaboto,2,1,0,0,1,0,0,,Calle,,ROSARIO,Rosario,Asfalto,No existe,II,Dentro,Urbana,Semáforo,Funciona,Intersección,Bueno,Buena,Diurna,Buen Tiempo,Lateral,S/D,Colisión,Otro,Vertical,Línea divisoria pintada,Sin restricción,POINT (-60.635075900000004 -32.9751272),"['Alem', 'Gaboto']",2,Leandro N. Alem; Gaboto,-32.9751272,-60.6350759,55.0,538.0,Municipio Rosario,Municipio,Rosario,820210,Servicio de Catastro e Información Territorial,IGN
2013,9154,2013-08-08,Jueves,0.0,18:20:00,,0.0,2,"Moto/Ciclomotor,Automóvil",Pasco Y 1 de Mayo,2,1,0,0,1,0,0,,Calle,,ROSARIO,Rosario,Asfalto,No existe,II,S/D,Urbana,Ninguna,No existe,Intersección,Bueno,Buena,Atardecer,Buen Tiempo,Lateral,S/D,Colisión,S/D,Faltante,Ninguna,Sin restricción,POINT (-60.63300919999999 -32.9610952),"['Pasco', 'Primero de Mayo']",2,Pasco; Primero de Mayo,-32.9610952,-60.63300919999999,55.0,538.0,Municipio Rosario,Municipio,Rosario,820210,Servicio de Catastro e Información Territorial,IGN