anio_acci,nro_acci,fecha,desc_dia,fecha_aprox,hora_aprox,desc_ruta,km,cant_participantes,desc_participante,calle_avenida_km,total,heridos_leves,heridos_graves,heridos_gravisimos,ilesos,fallecidos,sin_datos,posicion_XY,desc_tipo_via,desc_ruta_ori,desc_loc,desc_dpto,desc_tipo_calzada,desc_tipo_banquina,desc_unidad_regional,desc_lugar_calzada,desc_zona,desc_prioridad,desc_estado_semaforo,desc_lugar_via,desc_estado_via,desc_estado_visibilidad,desc_luminosidad,desc_estado_clima,desc_tipo_colision,desc_tipo_atropello,desc_tipo_hecho,desc_pres_calzada,desc_senializacion,desc_separacion_via,desc_restriccion,forma_geocod,calle_lista,numero_calles,calles_osm,lat,lon,index_right,gid,fna,gna,nam,in1,fdc,sag
2013,9155,2013-08-17,Sabado,0.0,13:00:00,,0.0,2,"Moto/Ciclomotor,Automóvil",Colon Y Dean Funes,2,1,0,0,1,0,0,,Calle,,ROSARIO,Rosario,Asfalto,No existe,II,Dentro,Urbana,Señal Pare,No existe,Intersección,Bueno,Buena,Diurna,Buen Tiempo,Lateral,S/D,Colisión,S/D,Vertical,Línea divisoria pintada,Sin restricción,POINT (-60.6328745 -32.9779145),"['Colon', 'Deán Gregorio Funes']",2,Cristóbal Colón; Deán Gregorio Funes,-32.9779145,-60.6328745,55.0,538.0,Municipio Rosario,Municipio,Rosario,820210,Servicio de Catastro e Información Territorial,IGN
2013,9157,2013-08-30,Viernes,0.0,12:30:00,,0.0,2,"Moto/Ciclomotor,Automóvil",Buenos Aires Y Ivanowski,2,1,0,0,1,0,0,,Calle,,ROSARIO,Rosario,Asfalto,No existe,II,Dentro,Urbana,S/D,No existe,Intersección,Bueno,Buena,Diurna,Buen Tiempo,Lateral,S/D,Colisión,Otro,Vertical,Línea divisoria pintada,Sin restricción,POINT (-60.6419348 -32.9840673),"['Buenos Aires', 'Ivanowski']",2,Buenos Aires; Ivanowski,-32.9840673,-60.6419348,55.0,538.0,Municipio Rosario,Municipio,Rosario,820210,Servicio de Catastro e Información Territorial,IGN
2013,9158,2013-08-06,Martes,0.0,19:00:00,,0.0,2,"Moto/Ciclomotor,Automóvil",Mitre Y Ocampo,3,1,0,0,2,0,0,,Calle,,ROSARIO,Rosario,Asfalto,S/D,II,Dentro,S/D,S/D,S/D,Intersección,Bueno,Buena,Atardecer,Buen Tiempo,De alcance,S/D,Colisión,S/D,S/D,S/D,S/D,POINT (-60.6445716 -32.96621689999999),"['Mitre', 'Ocampo']",2,Bartolomé Mitre; Ocampo,-32.96621689999999,-60.6445716,55.0,538.0,Municipio Rosario,Municipio,Rosario,820210,Servicio de Catastro e Información Territorial,IGN
2013,9162,2013-08-14,Miercoles,0.0,18:20:00,,0.0,2,"Taxi/Remis,Moto/Ciclomotor",Mitre Y Garibaldi,3,2,0,0,1,0,0,,Calle,,ROSARIO,Rosario,Asfalto,No existe,II,Dentro,Urbana,Ninguna,No existe,Intersección,Bueno,Buena,Diurna,Buen Tiempo,Lateral,S/D,Colisión,S/D,Faltante,Ninguna,Sin restricción,POINT (-60.6495149 -32.985726799999995),"['Mitre', 'José Garibaldi']",2,Bartolomé Mitre; José Garibaldi,-32.985726799999995,-60.6495149,55.0,538.0,Municipio Rosario,Municipio,Rosario,820210,Servicio de Catastro e Información Territorial,IGN
2013,9163,2013-08-14,Miercoles,0.0,13:00:00,,0.0,2,"Moto/Ciclomotor,Automóvil",España Y 24 De Setiembre,2,1,0,0,1,0,0,,Calle,,ROSARIO,Rosario,Asfalto,No existe,II,Dentro,Urbana,Ninguna,No existe,Intersección,Bueno,Buena,Diurna,Buen Tiempo,Lateral,S/D,Colisión,S/D,Faltante,Ninguna,Sin restricción,POINT (-60.6549937 -32.9787465),"['España', '24 de Septiembre']",2,España; 24 de Septiembre,-32.9787465,-60.6549937,55.0,538.0,Municipio Rosario,Municipio,Rosario,820210,Servicio de Catastro e Información Territorial,IGN
2013,9164,2013-08-30,Viernes,0.0,17:30:00,,0.0,3,"Automóvil,Automóvil,Automóvil",Bv. Segui Y Balcarce,5,1,0,0,4,0,0,,Calle,,ROSARIO,Rosario,Asfalto,No existe,II,Dentro,Urbana,Ninguna,No existe,Recta,Bueno,Buena,Diurna,Buen Tiempo,Múltiple,S/D,Colisión,S/D,Faltante,Ninguna,Sin restricción,POINT (-60.66015055 -32.97661384999999),"['Bulevar Juan Francisco Seguí', 'Balcarce']",2,Bulevar Juan Francisco Seguí; Balcarce,-32.97661384999999,-60.66015055,55.0,538.0,Municipio Rosario,Municipio,Rosario,820210,Servicio de Catastro e Información Territorial,IGN
2013,9165,2013-08-15,Jueves,0.0,10:50:00,,0.0,2,"Tracción animal / Carro,Automóvil",Uruguay 1500,2,1,0,0,1,0,0,,Calle,,ROSARIO,Rosario,Asfalto,No existe,II,Dentro,Urbana,Ninguna,No existe,Recta,Bueno,Buena,Diurna,Buen Tiempo,S/D,S/D,Colisión,S/D,Faltante,Ninguna,Sin restricción,"-32.9757318, -60.6512208",['Uruguay 1500'],1,Uruguay 1500,-32.9757318,-60.6512208,55.0,538.0,Municipio Rosario,Municipio,Rosario,820210,Servicio de Catastro e Información Territorial,IGN
2013,9166,2013-08-08,Jueves,0.0,17:15:00,,0.0,2,"Moto/Ciclomotor,Automóvil",ALEM Y 27 DE FEBRERO,2,1,0,0,1,0,0,,Calle,,ROSARIO,Rosario,Asfalto,No existe,II,S/D,Urbana,Semáforo,Funciona,Intersección,Bueno,Buena,Diurna,Buen Tiempo,Lateral,S/D,Colisión,S/D,Vertical,Cordón divisorio,Sin restricción,POINT (-60.63361105 -32.96936275),"['Alem', '27 de Febrero']",2,Leandro N. Alem; Bulevar 27 de Febrero,-32.96936275,-60.63361105,55.0,538.0,Municipio Rosario,Municipio,Rosario,820210,Servicio de Catastro e Información Territorial,IGN
2013,9167,2013-08-14,Miercoles,0.0,18:20:00,,0.0,2,"Automóvil,Bicicleta",Bv. Segui Y Mitre,2,1,0,0,1,0,0,,Avenida,,ROSARIO,Rosario,Asfalto,No existe,II,Dentro,Urbana,Ninguna,No existe,Intersección,S/D,Buena,Diurna,Buen Tiempo,Lateral,S/D,Atropello,S/D,Faltante,Ninguna,Sin restricción,POINT (-60.6477426 -32.97883275),"['Bulevar Juan Francisco Seguí', 'Mitre']",2,Bulevar Juan Francisco Seguí; Bartolomé Mitre,-32.97883275,-60.6477426,55.0,538.0,Municipio Rosario,Municipio,Rosario,820210,Servicio de Catastro e Información Territorial,IGN
2013,9168,2013-08-12,Lunes,0.0,11:00:00,,0.0,2,"Peatón,Automóvil",Bv. Oroño Y Biedma,2,1,0,0,1,0,0,,Avenida,,ROSARIO,Rosario,Asfalto,No existe,II,Dentro,Urbana,Semáforo,Funciona,Intersección,Bueno,Buena,Diurna,Buen Tiempo,S/D,S/D,Atropello,S/D,Faltante,Ninguna,Sin restricción,POINT (-60.66209965000001 -32.97866725),"['Bulevar Nicasio Oroño', 'Coronel Biedma']",2,Bulevar Nicasio Oroño; Coronel Biedma,-32.97866725,-60.66209965000001,55.0,538.0,Municipio Rosario,Municipio,Rosario,820210,Servicio de Catastro e Información Territorial,IGN
2013,9170,2013-08-14,Miercoles,0.0,08:30:00,,0.0,2,"Moto/Ciclomotor,Automóvil",Av. Jorge Cura Y Rodriguez,2,1,0,0,1,0,0,,Calle,,ROSARIO,Rosario,Asfalto,No existe,II,Dentro,Urbana,Ninguna,No existe,Intersección,Bueno,Buena,Diurna,Buen Tiempo,Lateral,S/D,Colisión,S/D,Faltante,Ninguna,Sin restricción,POINT (-60.6656507 -32.970242),"['Avenida Jorge Cura', 'Rodríguez']",2,Avenida Jorge Cura; Rodríguez de Escobedo,-32.970242,-60.6656507,55.0,538.0,Municipio Rosario,Municipio,Rosario,820210,Servicio de Catastro e Información Territorial,IGN
2013,9172,2013-08-20,Martes,0.0,09:20:00,,0.0,2,"Taxi/Remis,Automóvil",Italia Y Riobamba,5,2,0,0,3,0,0,,Calle,,ROSARIO,Rosario,Asfalto,S/D,II,S/D,Urbana,S/D,S/D,Intersección,Bueno,Buena,Diurna,Buen Tiempo,De alcance,S/D,Colisión,S/D,S/D,S/D,S/D,POINT (-60.6520438 -32.96129359999999),"['Italia', 'Riobamba']",2,Italia; Riobamba,-32.96129359999999,-60.6520438,55.0,538.0,Municipio Rosario,Municipio,Rosario,820210,Servicio de Catastro e Información Territorial,IGN
2013,9173,2013-08-23,Viernes,0.0,14:40:00,,0.0,2,"Moto/Ciclomotor,Moto/Ciclomotor",Santiago Y Dr.Rivas,2,2,0,0,0,0,0,,Calle,,ROSARIO,Rosario,Asfalto,No existe,II,Dentro,Urbana,Ninguna,No existe,Intersección,Bueno,Buena,Diurna,Buen Tiempo,Lateral,S/D,Colisión,S/D,Faltante,Ninguna,Sin restricción,POINT (-60.66534680000001 -32.980489),"['Santiago', 'Doctor Francisco Riva']",2,Santiago; Doctor Francisco Riva,-32.980489,-60.66534680000001,55.0,538.0,Municipio Rosario,Municipio,Rosario,820210,Servicio de Catastro e Información Territorial,IGN
2013,9174,2013-09-10,Martes,0.0,22:50:00,,0.0,2,"Taxi/Remis,Moto/Ciclomotor",Av. Pellegrini Y Ricchieri,2,1,0,0,1,0,0,,Avenida,,ROSARIO,Rosario,Asfalto,S/D,II,Dentro,Urbana,S/D,S/D,Intersección,Bueno,Buena,Nocturna,Buen Tiempo,De alcance,S/D,Colisión,S/D,S/D,S/D,S/D,POINT (-60.661411533333336 -32.979310700000006),"['Pellegrini', 'Ricchieri']",2,Avenida Carlos Pellegrini; Ricchieri,-32.979310700000006,-60.661411533333336,55.0,538.0,Municipio Rosario,Municipio,Rosario,820210,Servicio de Catastro e Información Territorial,IGN
2013,9175,2013-08-05,Lunes,0.0,19:00:00,,0.0,2,"Bicicleta,Automóvil",Virasoro Y Sarmiento,3,2,0,0,1,0,0,,Calle,,ROSARIO,Rosario,Asfalto,S/D,II,Dentro,Urbana,S/D,S/D,Intersección,Bueno,Buena,Atardecer,Buen Tiempo,S/D,S/D,Atropello,S/D,S/D,S/D,S/D,POINT (-60.6440624 -32.969927),"['Virasoro', 'Sarmiento']",2,Benjamín Virasoro; Sarmiento,-32.969927,-60.6440624,55.0,538.0,Municipio Rosario,Municipio,Rosario,820210,Servicio de Catastro e Información Territorial,IGN
2013,9176,2013-08-22,Jueves,0.0,14:30:00,,0.0,3,"Automóvil,Bicicleta,Bicicleta",Riobamba Y Ayacucho,3,2,0,0,1,0,0,,Calle,,ROSARIO,Rosario,Asfalto,S/D,II,Dentro,Urbana,Señal Ceda el Paso,No existe,Intersección,Bueno,Buena,Diurna,Buen Tiempo,S/D,S/D,Atropello,S/D,"Horizontal,Vertical",Ninguna,Sin restricción,POINT (-60.6310742 -32.9650233),"['Riobamba', 'Ayacucho']",2,Riobamba; Ayacucho,-32.9650233,-60.6310742,55.0,538.0,Municipio Rosario,Municipio,Rosario,820210,Servicio de Catastro e Información Territorial,IGN
2013,9177,2013-08-10,Sabado,0.0,,,0.0,2,"Moto/Ciclomotor,Otros",Dorrego Y Av. Pellegrini,2,1,0,0,1,0,0,,Calle,,ROSARIO,Rosario,Asfalto,No existe,II,Dentro,Urbana,S/D,S/D,Intersección,Bueno,Buena,S/D,Buen Tiempo,De alcance,S/D,Colisión,S/D,S/D,S/D,S/D,POINT (-60.6519337 -32.95532245),"['Dorrego', 'Pellegrini']",2,Manuel Dorrego; Avenida Carlos Pellegrini,-32.95532245,-60.6519337,55.0,538.0,Municipio Rosario,Municipio,Rosario,820210,Servicio de Catastro e Información Territorial,IGN
2013,9178,2013-08-27,Martes,0.0,16:15:00,,0.0,3,"Automóvil,Automóvil,Automóvil",Av. Uriburu Y Pte.Roca,4,2,0,0,2,0,0,,Avenida,,ROSARIO,Rosario,Asfalto,No existe,II,Dentro,Urbana,Ninguna,No existe,Recta,Bueno,Buena,Diurna,Buen Tiempo,"De alcance,Múltiple",S/D,Colisión,S/D,Faltante,Ninguna,Sin restricción,POINT (-60.65665205 -32.9910065),"['Uriburu', 'Roca']",2,Avenida José Uriburu; Presidente Roca,-32.9910065,-60.65665205,55.0,538.0,Municipio Rosario,Municipio,Rosario,820210,Servicio de Catastro e Información Territorial,IGN
2013,9179,2013-08-20,Martes,0.0,16:00:00,,0.0,2,"Pickup/Utilitario,Moto/Ciclomotor",Sarmiento Y Ocampo,3,2,0,0,1,0,0,,Calle,,ROSARIO,Rosario,Asfalto,S/D,II,S/D,Urbana,S/D,S/D,Intersección,Bueno,Buena,Diurna,Buen Tiempo,De alcance,S/D,Colisión,S/D,S/D,S/D,S/D,POINT (-60.643185100000004 -32.966463399999995),"['Sarmiento', 'Ocampo']",2,Sarmiento; Ocampo,-32.966463399999995,-60.6431851,55.0,538.0,Municipio Rosario,Municipio,Rosario,820210,Servicio de Catastro e Información Territorial,IGN
2013,9180,2013-08-16,Viernes,0.0,13:25:00,,0.0,2,"Moto/Ciclomotor,Automóvil",1 de Mayo Y Rueda,3,2,0,0,1,0,0,,Calle,,ROSARIO,Rosario,Asfalto,No existe,II,Dentro,Urbana,Marca Vial,No existe,Intersección,Bueno,Buena,Diurna,Buen Tiempo,Lateral,S/D,Colisión,S/D,Vertical,Línea divisoria pintada,Sin restricción,POINT (-60.6358789 -32.97259549999999),"['Primero de Mayo', 'Rueda']",2,Primero de Mayo; Rueda,-32.97259549999999,-60.6358789,55.0,538.0,Municipio Rosario,Municipio,Rosario,820210,Servicio de Catastro e Información Territorial,IGN
2013,9181,2013-08-18,Domingo,0.0,05:50:00,,0.0,2,"Taxi/Remis,Moto/Ciclomotor",Pasco Y Necochea,2,0,1,0,1,0,0,,Calle,,ROSARIO,Rosario,Asfalto,No existe,II,S/D,Urbana,Otra Señal,No existe,Recta,Bueno,Buena,Nocturna,Buen Tiempo,Lateral,S/D,Colisión,S/D,S/D,S/D,Sin restricción,POINT (-60.6274676 -32.9620944),"['Pasco', 'Necochea']",2,Pasco; Necochea,-32.9620944,-60.6274676,55.0,538.0,Municipio Rosario,Municipio,Rosario,820210,Servicio de Catastro e Información Territorial,IGN
2013,9182,2013-08-09,Viernes,0.0,17:50:00,,0.0,2,"Moto/Ciclomotor,Otros",Pueyrredon Y Rueda,2,1,0,0,1,0,0,,Calle,,ROSARIO,Rosario,Asfalto,S/D,II,Dentro,Urbana,Policía de tránsito,S/D,Intersección,Bueno,Buena,Diurna,Buen Tiempo,De alcance,S/D,Colisión,S/D,S/D,S/D,S/D,POINT (-60.6635663 -32.96762390000001),"['Pueyrredón', 'Rueda']",2,Pueyrredón; Rueda,-32.96762390000001,-60.6635663,55.0,538.0,Municipio Rosario,Municipio,Rosario,820210,Servicio de Catastro e Información Territorial,IGN
2013,9183,2013-08-13,Martes,0.0,14:00:00,,0.0,2,"Taxi/Remis,Moto/Ciclomotor",Italia Y Saavedra,2,1,0,0,1,0,0,,Calle,,ROSARIO,Rosario,Asfalto,No existe,II,Dentro,Urbana,Ninguna,No existe,Intersección,Bueno,Buena,Diurna,Buen Tiempo,Lateral,S/D,Colisión,S/D,Faltante,Ninguna,Sin restricción,POINT (-60.655801999999994 -32.976212600000004),"['Italia', 'Saavedra']",2,Italia; Saavedra,-32.976212600000004,-60.655802,55.0,538.0,Municipio Rosario,Municipio,Rosario,820210,Servicio de Catastro e Información Territorial,IGN
2013,9184,2013-08-05,Lunes,0.0,09:15:00,,0.0,2,"Peatón,Automóvil",Cerrito 1867,2,1,0,0,0,0,1,,Calle,,ROSARIO,Rosario,S/D,S/D,II,Dentro,S/D,S/D,S/D,Otro,Bueno,Buena,Diurna,Buen Tiempo,S/D,S/D,Atropello,S/D,S/D,S/D,S/D,"-32.96006343265306, -60.65260454081633",['Cerrito 1867'],1,Cerrito 1867,-32.96006343265306,-60.65260454081633,55.0,538.0,Municipio Rosario,Municipio,Rosario,820210,Servicio de Catastro e Información Territorial,IGN
2013,9185,2013-08-26,Lunes,0.0,16:00:00,,0.0,3,"Automóvil,Automóvil,Automóvil",Av. Uriburu Y Pte.Roca,3,1,0,0,2,0,0,,Avenida,,ROSARIO,Rosario,Asfalto,No existe,II,Dentro,Urbana,Semáforo,Funciona,Recta,Bueno,Buena,Diurna,Buen Tiempo,"De alcance,Múltiple",S/D,Colisión,S/D,Faltante,Ninguna,Sin restricción,POINT (-60.65665205 -32.9910065),"['Uriburu', 'Roca']",2,Avenida José Uriburu; Presidente Roca,-32.9910065,-60.65665205,55.0,538.0,Municipio Rosario,Municipio,Rosario,820210,Servicio de Catastro e Información Territorial,IGN
2013,9186,2013-08-09,Viernes,1.0,10:00:00,,0.0,2,"Camión,Automóvil",Italia Y Pasco,2,1,0,0,1,0,0,,Calle,,ROSARIO,Rosario,Asfalto,S/D,II,Dentro,Urbana,S/D,S/D,Intersección,Bueno,Buena,Diurna,Buen Tiempo,De alcance,S/D,Colisión,S/D,S/D,S/D,S/D,POINT (-60.6511878 -32.9578258),"['Italia', 'Pasco']",2,Italia; Pasco,-32.9578258,-60.6511878,55.0,538.0,Municipio Rosario,Municipio,Rosario,820210,Servicio de Catastro e Información Territorial,IGN
2013,9187,2013-08-17,Sabado,0.0,16:18:00,,0.0,2,"Automóvil,Automóvil",Bv. Oroño Y Ameghino,4,2,0,0,2,0,0,,Avenida,,ROSARIO,Rosario,Asfalto,No existe,II,Dentro,Urbana,Ninguna,No existe,Intersección,Bueno,Buena,Diurna,Buen Tiempo,Lateral,S/D,Colisión,S/D,Faltante,Ninguna,Sin restricción,POINT (-60.6635405 -32.9844018),"['Bulevar Nicasio Oroño', 'Ameghino']",2,Bulevar Nicasio Oroño; Ameghino,-32.9844018,-60.6635405,55.0,538.0,Municipio Rosario,Municipio,Rosario,820210,Servicio de Catastro e Información Territorial,IGN
2013,9188,2013-08-03,Sabado,0.0,11:15:00,,0.0,2,"Bicicleta,Automóvil",Bv. 27 De Febrero Y Alvear,2,1,0,0,1,0,0,,Avenida,,ROSARIO,Rosario,Asfalto,S/D,II,Dentro,Urbana,S/D,S/D,Intersección,Bueno,Buena,Diurna,Buen Tiempo,S/D,S/D,Atropello,S/D,S/D,S/D,S/D,POINT (-60.65997045 -32.9646488),"['27 de Febrero', 'Alvear']",2,Bulevar 27 de Febrero; Alvear,-32.9646488,-60.65997045,55.0,538.0,Municipio Rosario,Municipio,Rosario,820210,Servicio de Catastro e Información Territorial,IGN
2013,9190,2013-08-14,Miercoles,0.0,15:20:00,,0.0,2,"Moto/Ciclomotor,Automóvil",Cerrito Y J.M.de Rosas,4,2,0,0,2,0,0,,Calle,,ROSARIO,Rosario,Asfalto,No existe,II,S/D,Urbana,Ninguna,No existe,Recta,Bueno,Buena,Diurna,Buen Tiempo,Lateral,S/D,Colisión,S/D,Faltante,Ninguna,Sin restricción,POINT (-60.635146 -32.96309560000001),"['Cerrito', 'De Rosas']",2,Cerrito; Juan Manuel de Rosas,-32.96309560000001,-60.635146,55.0,538.0,Municipio Rosario,Municipio,Rosario,820210,Servicio de Catastro e Información Territorial,IGN
2013,9191,2013-08-25,Domingo,0.0,14:30:00,,0.0,2,"Automóvil,Moto/Ciclomotor",Mitre Y Saavedra,2,1,0,0,1,0,0,,Avenida,,ROSARIO,Rosario,Asfalto,No existe,II,Dentro,Urbana,Ninguna,No existe,Intersección,Bueno,Buena,Diurna,Buen Tiempo,Lateral,S/D,Colisión,S/D,Faltante,Ninguna,Sin restricción,POINT (-60.64743719999999 -32.977708099999994),"['Mitre', 'Saavedra']",2,Bartolomé Mitre; Saavedra,-32.977708099999994,-60.64743719999999,55.0,538.0,Municipio Rosario,Municipio,Rosario,820210,Servicio de Catastro e Información Territorial,IGN
2013,9192,2013-08-09,Viernes,0.0,17:00:00,,0.0,2,"Moto/Ciclomotor,Automóvil",Pasco 1265,3,2,0,0,1,0,0,,Calle,,ROSARIO,Rosario,Asfalto,S/D,II,Dentro,Urbana,S/D,S/D,Recta,Bueno,Buena,Diurna,Buen Tiempo,De alcance,S/D,Colisión,S/D,S/D,S/D,S/D,"-32.95926583469388, -60.643719218367345",['Pasco 1265'],1,Pasco 1265,-32.95926583469388,-60.64371921836735,55.0,538.0,Municipio Rosario,Municipio,Rosario,820210,Servicio de Catastro e Información Territorial,IGN
2013,9193,2013-08-13,Martes,0.0,16:30:00,,0.0,2,"Moto/Ciclomotor,Automóvil",San Martin Y Pje. Gral.Savio,2,1,0,0,1,0,0,,Calle,,ROSARIO,Rosario,Asfalto,No existe,II,Dentro,Urbana,Ninguna,No existe,Intersección,Bueno,Buena,Diurna,Buen Tiempo,Lateral,S/D,Colisión,S/D,Faltante,Ninguna,Sin restricción,POINT (-60.647959150000005 -32.9964993),"['San Martin', 'Savio']",2,José de San Martín; General Manuel Savio,-32.9964993,-60.647959150000005,55.0,538.0,Municipio Rosario,Municipio,Rosario,820210,Servicio de Catastro e Información Territorial,IGN
2013,9195,2013-08-09,Viernes,0.0,06:30:00,,0.0,2,"Automóvil,Automóvil",Bv. Segui Y Dorrego,4,4,0,0,0,0,0,,Avenida,,ROSARIO,Rosario,Asfalto,No existe,II,Dentro,Urbana,Ninguna,No existe,Intersección,Bueno,Buena,"Amanecer,Con luz artificial",Buen Tiempo,Lateral,S/D,Colisión,S/D,Faltante,Ninguna,Sin restricción,POINT (-60.657444850000005 -32.97709334999999),"['Bulevar Juan Francisco Seguí', 'Dorrego']",2,Bulevar Juan Francisco Seguí; Manuel Dorrego,-32.97709334999999,-60.657444850000005,55.0,538.0,Municipio Rosario,Municipio,Rosario,820210,Servicio de Catastro e Información Territorial,IGN
2013,9196,2013-08-08,Jueves,0.0,17:25:00,,0.0,2,"Automóvil,Moto/Ciclomotor",Mitre Y Rueda,3,1,0,0,2,0,0,,Calle,,ROSARIO,Rosario,Asfalto,S/D,II,Dentro,Urbana,S/D,S/D,Intersección,Bueno,Buena,Diurna,Buen Tiempo,De alcance,S/D,Colisión,S/D,S/D,S/D,S/D,POINT (-60.64574650000001 -32.97082739999999),"['Mitre', 'Rueda']",2,Bartolomé Mitre; Rueda,-32.97082739999999,-60.64574650000001,55.0,538.0,Municipio Rosario,Municipio,Rosario,820210,Servicio de Catastro e Información Territorial,IGN
2013,9197,2013-08-08,Jueves,0.0,17:20:00,,0.0,2,"Automóvil,Moto/Ciclomotor",Saavedra Y Santiago,2,1,0,0,1,0,0,,Calle,,ROSARIO,Rosario,Asfalto,No existe,II,Dentro,Urbana,Ninguna,No existe,Intersección,S/D,Buena,Diurna,Buen Tiempo,Lateral,S/D,Colisión,S/D,Faltante,Ninguna,Sin restricción,POINT (-60.663933400000005 -32.9747489),"['Saavedra', 'Santiago']",2,Saavedra; Santiago,-32.9747489,-60.663933400000005,55.0,538.0,Municipio Rosario,Municipio,Rosario,820210,Servicio de Catastro e Información Territorial,IGN
2013,9215,2013-08-22,Jueves,0.0,15:45:00,,0.0,2,"Moto/Ciclomotor,Pickup/Utilitario",Av. Corrientes 4200,2,1,0,0,1,0,0,,Calle,,ROSARIO,Rosario,Asfalto,No existe,II,Dentro,Urbana,Ninguna,No existe,Intersección,Bueno,Buena,Diurna,Buen Tiempo,Lateral,S/D,Colisión,S/D,Faltante,Ninguna,Sin restricción,"-32.9853369, -60.6524523",['Corrientes 4200'],1,Corrientes 4200,-32.9853369,-60.6524523,55.0,538.0,Municipio Rosario,Municipio,Rosario,820210,Servicio de Catastro e Información Territorial,IGN
2013,9216,2013-08-01,Jueves,1.0,14:50:00,,0.0,2,"Pickup/Utilitario,Moto/Ciclomotor",Mitre Y 24 De Setiembre,2,1,0,0,1,0,0,,Calle,,ROSARIO,Rosario,Asfalto,No existe,II,Dentro,Urbana,Ninguna,No existe,Intersección,Bueno,Buena,Diurna,Buen Tiempo,Lateral,S/D,Colisión,S/D,Faltante,Ninguna,Sin restricción,POINT (-60.6480366 -32.979972499999995),"['Mitre', '24 de Septiembre']",2,Bartolomé Mitre; 24 de Septiembre,-32.979972499999995,-60.6480366,55.0,538.0,Municipio Rosario,Municipio,Rosario,820210,Servicio de Catastro e Información Territorial,IGN
2013,9219,2013-08-19,Lunes,0.0,16:00:00,,0.0,2,"Automóvil,Moto/Ciclomotor",Pte.Roca Y Bv. Segui,3,2,0,0,1,0,0,,Avenida,,ROSARIO,Rosario,Asfalto,No existe,II,Dentro,Urbana,Ninguna,No existe,Intersección,S/D,Buena,Diurna,Buen Tiempo,Lateral,S/D,Colisión,S/D,Faltante,Ninguna,Sin restricción,POINT (-60.653334750000006 -32.97782885),"['Roca', 'Bulevar Juan Francisco Seguí']",2,Presidente Roca; Bulevar Juan Francisco Seguí,-32.97782885,-60.653334750000006,55.0,538.0,Municipio Rosario,Municipio,Rosario,820210,Servicio de Catastro e Información Territorial,IGN
2013,9220,2013-08-11,Domingo,0.0,19:00:00,,0.0,2,"Automóvil,Automóvil",Hilarion de la Quintana Y Gral. J.M.Paz,2,1,0,0,1,0,0,,Calle,,ROSARIO,Rosario,Asfalto,No existe,II,Dentro,Urbana,Ninguna,No existe,Intersección,Bueno,Buena,Atardecer,Buen Tiempo,Lateral,S/D,Colisión,S/D,Faltante,Barrera de hormigón,Sin restricción,POINT (-60.627191 -33.0002714),"['Hilarión de la Quintana', 'Paz']",2,Hilarión de la Quintana; Marcos Paz,-33.0002714,-60.627191,55.0,538.0,Municipio Rosario,Municipio,Rosario,820210,Servicio de Catastro e Información Territorial,IGN
2013,9222,2013-08-09,Viernes,0.0,17:30:00,,0.0,2,"Moto/Ciclomotor,Automóvil",Lamadrid Y Buenos Aires,2,1,0,0,1,0,0,,Calle,,ROSARIO,Rosario,Asfalto,No existe,II,Dentro,Urbana,Ninguna,No existe,Intersección,Bueno,Buena,Diurna,Buen Tiempo,Lateral,S/D,Colisión,S/D,Faltante,Barrera de hormigón,Sin restricción,POINT (-60.645168 -32.9969969),"['Lamadrid', 'Buenos Aires']",2,Gregorio Aráoz de Lamadrid; Buenos Aires,-32.9969969,-60.645168,55.0,538.0,Municipio Rosario,Municipio,Rosario,820210,Servicio de Catastro e Información Territorial,IGN
2013,9223,2013-08-18,Domingo,0.0,17:50:00,,0.0,2,"Tracción animal / Carro,Automóvil",Paraguay Y Gaboto,4,3,0,0,1,0,0,,Calle,,ROSARIO,Rosario,Asfalto,No existe,II,Dentro,Urbana,Ninguna,No existe,Intersección,Bueno,Buena,Diurna,Buen Tiempo,Lateral,S/D,Colisión,S/D,Faltante,Ninguna,Sin restricción,POINT (-60.65051780000001 -32.972348700000005),"['Paraguay', 'Gaboto']",2,Paraguay; Gaboto,-32.972348700000005,-60.65051780000001,55.0,538.0,Municipio Rosario,Municipio,Rosario,820210,Servicio de Catastro e Información Territorial,IGN
2013,9226,2013-08-17,Sabado,0.0,15:30:00,,0.0,3,"Automóvil,Moto/Ciclomotor,Automóvil",San Martin Y Av. Uriburu,3,1,0,0,2,0,0,,Avenida,,ROSARIO,Rosario,Asfalto,No existe,II,S/D,Urbana,Ninguna,No existe,Intersección,Bueno,Buena,Diurna,Buen Tiempo,Múltiple,S/D,Colisión,S/D,Faltante,Ninguna,Sin restricción,POINT (-60.646703949999996 -32.99069289999999),"['San Martin', 'Uriburu']",2,José de San Martín; Avenida José Uriburu,-32.99069289999999,-60.64670395,55.0,538.0,Municipio Rosario,Municipio,Rosario,820210,Servicio de Catastro e Información Territorial,IGN
2013,9227,2013-08-03,Sabado,0.0,16:50:00,,0.0,2,"Peatón,Automóvil",Av. Arijon Y Ayacucho,2,1,0,0,1,0,0,,Calle,,ROSARIO,Rosario,Asfalto,Pavimento,II,Dentro,Urbana,Ninguna,Funciona,Intersección,Bueno,Buena,Diurna,Buen Tiempo,S/D,S/D,Atropello,S/D,Vertical,Cordón divisorio,Sin restricción,POINT (-60.6360487 -33.00266679999999),"['Avenida Manuel Arijón', 'Ayacucho']",2,Avenida Manuel Arijón; Ayacucho,-33.00266679999999,-60.6360487,55.0,538.0,Municipio Rosario,Municipio,Rosario,820210,Servicio de Catastro e Información Territorial,IGN