anio_acci,nro_acci,fecha,desc_dia,fecha_aprox,hora_aprox,desc_ruta,km,cant_participantes,desc_participante,calle_avenida_km,total,heridos_leves,heridos_graves,heridos_gravisimos,ilesos,fallecidos,sin_datos,posicion_XY,desc_tipo_via,desc_ruta_ori,desc_loc,desc_dpto,desc_tipo_calzada,desc_tipo_banquina,desc_unidad_regional,desc_lugar_calzada,desc_zona,desc_prioridad,desc_estado_semaforo,desc_lugar_via,desc_estado_via,desc_estado_visibilidad,desc_luminosidad,desc_estado_clima,desc_tipo_colision,desc_tipo_atropello,desc_tipo_hecho,desc_pres_calzada,desc_senializacion,desc_separacion_via,desc_restriccion,forma_geocod,calle_lista,numero_calles,calles_osm,lat,lon,index_right,gid,fna,gna,nam,in1,fdc,sag
2013,9228,2013-08-08,Jueves,0.0,18:30:00,,0.0,2,"Bicicleta,Automóvil",Riobamba 2338,2,1,0,0,1,0,0,,Calle,,ROSARIO,Rosario,Asfalto,S/D,II,Dentro,S/D,S/D,S/D,Recta,Bueno,Buena,Nocturna,Buen Tiempo,S/D,S/D,Atropello,S/D,S/D,S/D,S/D,"-32.9622836, -60.6465145",['Riobamba 2338'],1,Riobamba 2338,-32.9622836,-60.6465145,55.0,538.0,Municipio Rosario,Municipio,Rosario,820210,Servicio de Catastro e Información Territorial,IGN
2013,9229,2013-08-02,Viernes,0.0,11:50:00,,0.0,2,"Automóvil,Moto/Ciclomotor",San Martin Y Lainez,2,1,0,0,1,0,0,,Calle,,ROSARIO,Rosario,Asfalto,No existe,II,Dentro,Urbana,Marca Vial,No existe,Intersección,Bueno,Buena,Diurna,Buen Tiempo,Lateral,S/D,Colisión,S/D,Horizontal,Cordón divisorio,Sin restricción,POINT (-60.649860849999996 -33.00533775),"['San Martin', 'Láinez']",2,José de San Martín; Láinez,-33.00533775,-60.64986085,55.0,538.0,Municipio Rosario,Municipio,Rosario,820210,Servicio de Catastro e Información Territorial,IGN
2013,9230,2013-08-30,Viernes,0.0,08:00:00,,0.0,2,"Moto/Ciclomotor,Automóvil",Dean Funes Y Mitre,2,1,0,0,1,0,0,,Calle,,ROSARIO,Rosario,Asfalto,No existe,II,Dentro,Urbana,Ninguna,No existe,Recta,Bueno,Buena,Diurna,Buen Tiempo,De alcance,S/D,Colisión,S/D,Faltante,Ninguna,Sin restricción,POINT (-60.64686830000001 -32.97541669999999),"['Deán Gregorio Funes', 'Mitre']",2,Deán Gregorio Funes; Bartolomé Mitre,-32.97541669999999,-60.64686830000001,55.0,538.0,Municipio Rosario,Municipio,Rosario,820210,Servicio de Catastro e Información Territorial,IGN
2013,9231,2013-08-07,Miercoles,0.0,07:10:00,,0.0,2,"Automóvil,Automóvil",Bv. Segui Y Av. Corrientes,2,1,0,0,1,0,0,,Avenida,,ROSARIO,Rosario,Asfalto,No existe,II,Dentro,Urbana,Ninguna,No existe,Intersección,Bueno,Buena,Diurna,Buen Tiempo,Lateral,S/D,Colisión,S/D,Faltante,Ninguna,Sin restricción,POINT (-60.65060229999999 -32.97832124999999),"['Bulevar Juan Francisco Seguí', 'Corrientes']",2,Bulevar Juan Francisco Seguí; Corrientes,-32.97832124999999,-60.65060229999999,55.0,538.0,Municipio Rosario,Municipio,Rosario,820210,Servicio de Catastro e Información Territorial,IGN
2013,9232,2013-08-01,Jueves,0.0,11:35:00,,0.0,2,"Peatón,Automóvil",Anchorena Y Salva,2,1,0,0,1,0,0,,Calle,,ROSARIO,Rosario,Asfalto,No existe,II,Dentro,Urbana,Ninguna,No existe,Intersección,Bueno,Buena,Diurna,Buen Tiempo,S/D,S/D,Atropello,S/D,Faltante,Barrera de hormigón,Sin restricción,POINT (-60.64046650000001 -32.9975239),"['Anchorena', 'Salva']",2,Tomás de Anchorena; Salvat,-32.9975239,-60.64046650000001,55.0,538.0,Municipio Rosario,Municipio,Rosario,820210,Servicio de Catastro e Información Territorial,IGN
2013,9233,2013-08-07,Miercoles,0.0,07:30:00,,0.0,2,"Peatón,Moto/Ciclomotor",Av. Bermudez Y Patricios,2,1,0,0,1,0,0,,Calle,,ROSARIO,Rosario,Asfalto,No existe,II,Dentro,Urbana,Marca Vial,No existe,Recta,Bueno,Buena,Diurna,Buen Tiempo,S/D,S/D,Atropello,S/D,Horizontal,Cordón divisorio,Sin restricción,POINT (-60.6422162 -33.0107564),"['Bermudez', 'Patricios']",2,Avenida José Bermúdez; Patricios,-33.0107564,-60.6422162,55.0,538.0,Municipio Rosario,Municipio,Rosario,820210,Servicio de Catastro e Información Territorial,IGN
2013,9234,2013-08-22,Jueves,0.0,11:55:00,,0.0,2,"Moto/Ciclomotor,Automóvil",Cabildo Y Buenos Aires,2,1,0,0,1,0,0,,Calle,,ROSARIO,Rosario,Asfalto,No existe,II,Dentro,Urbana,Marca Vial,No existe,Recta,Bueno,Buena,Diurna,Buen Tiempo,Lateral,S/D,Colisión,Otro,Horizontal,Cordón divisorio,Sin restricción,POINT (-60.6447564 -33.0072288),"['Cabildo', 'Buenos Aires']",2,Cabildo; Buenos Aires,-33.0072288,-60.6447564,55.0,538.0,Municipio Rosario,Municipio,Rosario,820210,Servicio de Catastro e Información Territorial,IGN
2013,9235,2013-08-03,Sabado,0.0,12:40:00,,0.0,2,"Automóvil,Peatón",San Martin Y Gaboto,2,1,0,0,1,0,0,,Avenida,,ROSARIO,Rosario,Asfalto,No existe,II,Dentro,Urbana,Ninguna,No existe,Intersección,Bueno,Buena,Diurna,Buen Tiempo,S/D,S/D,Atropello,S/D,Faltante,Ninguna,Sin restricción,POINT (-60.6434439 -32.9736111),"['San Martin', 'Gaboto']",2,José de San Martín; Gaboto,-32.9736111,-60.6434439,55.0,538.0,Municipio Rosario,Municipio,Rosario,820210,Servicio de Catastro e Información Territorial,IGN
2013,9236,2013-08-30,Viernes,0.0,07:50:00,,0.0,2,"Taxi/Remis,Bicicleta",Av. Uriburu Y Paraguay,2,1,0,0,1,0,0,,Avenida,,ROSARIO,Rosario,Asfalto,No existe,II,Dentro,Urbana,Ninguna,No existe,Intersección,Bueno,Buena,Amanecer,Buen Tiempo,S/D,S/D,Atropello,S/D,Faltante,Ninguna,Sin restricción,POINT (-60.655215850000005 -32.990962749999994),"['Uriburu', 'Paraguay']",2,Avenida José Uriburu; Paraguay,-32.990962749999994,-60.655215850000005,55.0,538.0,Municipio Rosario,Municipio,Rosario,820210,Servicio de Catastro e Información Territorial,IGN
2013,9237,2013-08-08,Jueves,0.0,12:05:00,,0.0,2,"Camión,Taxi/Remis",Av. Ovidio Lagos Y Pje. Franzini Herrera,3,2,0,0,1,0,0,,Calle,,ROSARIO,Rosario,Asfalto,S/D,II,Dentro,Urbana,S/D,S/D,Intersección,Bueno,Buena,Diurna,Buen Tiempo,De alcance,S/D,Colisión,S/D,S/D,S/D,S/D,POINT (-60.66572210000001 -32.9595212),"['Avenida Ovidio Lagos', 'Franzini Herrera']",2,Avenida Ovidio Lagos; Franzini Herrera,-32.9595212,-60.66572210000001,55.0,538.0,Municipio Rosario,Municipio,Rosario,820210,Servicio de Catastro e Información Territorial,IGN
2013,9238,2013-08-14,Miercoles,0.0,17:20:00,,0.0,2,"Moto/Ciclomotor,Automóvil",San Martin 6900,2,1,0,0,1,0,0,,Calle,,ROSARIO,Rosario,Asfalto,No existe,II,Dentro,Urbana,Marca Vial,No existe,Recta,Bueno,Buena,Diurna,Buen Tiempo,Lateral,S/D,Colisión,S/D,Horizontal,Línea divisoria pintada,Sin restricción,"-32.9764777, -60.6372639",['San Martin 6900'],1,San Martin 6900,-32.9764777,-60.6372639,55.0,538.0,Municipio Rosario,Municipio,Rosario,820210,Servicio de Catastro e Información Territorial,IGN
2013,9239,2013-08-01,Jueves,0.0,,,0.0,2,"Automóvil,Moto/Ciclomotor",Bv. Oroño Y Coulin,3,2,0,0,1,0,0,,Calle,,ROSARIO,Rosario,S/D,No existe,II,Dentro,Urbana,Ninguna,No existe,Intersección,Bueno,Buena,Diurna,Buen Tiempo,Lateral,S/D,Colisión,S/D,Faltante,Ninguna,Sin restricción,POINT (-60.6646975 -32.98902485),"['Bulevar Nicasio Oroño', 'Coulin']",2,Bulevar Nicasio Oroño; Coulin,-32.98902485,-60.6646975,55.0,538.0,Municipio Rosario,Municipio,Rosario,820210,Servicio de Catastro e Información Territorial,IGN
2013,9240,2013-08-07,Miercoles,0.0,10:15:00,,0.0,2,"Automóvil,Moto/Ciclomotor",Bv. Segui Y Sarmiento,2,1,0,0,1,0,0,,Avenida,,ROSARIO,Rosario,S/D,No existe,II,Dentro,Urbana,Ninguna,No existe,Intersección,Bueno,Buena,Diurna,Buen Tiempo,Lateral,S/D,Colisión,S/D,Faltante,Ninguna,Sin restricción,POINT (-60.64638135 -32.9790819),"['Bulevar Juan Francisco Seguí', 'Sarmiento']",2,Bulevar Juan Francisco Seguí; Sarmiento,-32.9790819,-60.64638135,55.0,538.0,Municipio Rosario,Municipio,Rosario,820210,Servicio de Catastro e Información Territorial,IGN
2013,9241,2013-08-28,Miercoles,0.0,13:34:00,,0.0,2,"Automóvil,Moto/Ciclomotor",Bv. Segui Y Santiago,2,1,0,0,1,0,0,,Avenida,,ROSARIO,Rosario,Asfalto,No existe,II,Dentro,Urbana,Ninguna,No existe,Intersección,Bueno,Buena,Diurna,Buen Tiempo,Lateral,S/D,Colisión,S/D,Faltante,Ninguna,Sin restricción,POINT (-60.66421355000001 -32.97588705),"['Bulevar Juan Francisco Seguí', 'Santiago']",2,Bulevar Juan Francisco Seguí; Santiago,-32.97588705,-60.66421355000001,55.0,538.0,Municipio Rosario,Municipio,Rosario,820210,Servicio de Catastro e Información Territorial,IGN
2013,9242,2013-08-31,Sabado,0.0,17:25:00,,0.0,2,"Moto/Ciclomotor,Transporte de Pasajeros Larga Distancia (> 8 asientos)",Sadi Carnot Y Cabildo,3,2,0,0,1,0,0,,Calle,,ROSARIO,Rosario,Asfalto,No existe,II,Dentro,Urbana,Marca Vial,No existe,Intersección,Bueno,Buena,Diurna,Buen Tiempo,Lateral,S/D,Colisión,Otro,Horizontal,Cordón divisorio,Sin restricción,POINT (-60.64855790000001 -33.00733869999999),"['Sadi Carnot', 'Cabildo']",2,Sadi Carnot; Cabildo,-33.00733869999999,-60.64855790000001,55.0,538.0,Municipio Rosario,Municipio,Rosario,820210,Servicio de Catastro e Información Territorial,IGN
2013,9244,2013-08-20,Martes,0.0,16:00:00,,0.0,2,"Bicicleta,Automóvil",Paraguay Y Khantuta,2,1,0,0,1,0,0,,Calle,,ROSARIO,Rosario,Asfalto,No existe,II,Dentro,Urbana,Marca Vial,No existe,Recta,Bueno,Buena,Diurna,Buen Tiempo,Lateral,S/D,Atropello,S/D,Horizontal,Cordón divisorio,Sin restricción,POINT (-60.65429540000001 -33.0120571),"['Paraguay', 'Khantuta']",2,Paraguay; Khantuta,-33.0120571,-60.65429540000001,55.0,538.0,Municipio Rosario,Municipio,Rosario,820210,Servicio de Catastro e Información Territorial,IGN
2013,9245,2013-08-06,Martes,0.0,21:00:00,,0.0,3,"Automóvil,Automóvil,Moto/Ciclomotor",Av. Pte.Peron Y Av. Francia,6,3,0,0,3,0,0,,Avenida,,ROSARIO,Rosario,Asfalto,S/D,II,Dentro,Urbana,S/D,S/D,Intersección,Bueno,Buena,Nocturna,Buen Tiempo,De alcance,S/D,Colisión,S/D,S/D,S/D,S/D,POINT (-60.669141599999996 -32.95590709999999),"['Avenida Presidente Perón', 'Avenida Francia']",2,Avenida Presidente Perón; Avenida Francia,-32.95590709999999,-60.6691416,55.0,538.0,Municipio Rosario,Municipio,Rosario,820210,Servicio de Catastro e Información Territorial,IGN
2013,9246,2013-08-03,Sabado,0.0,17:30:00,,0.0,2,"Automóvil,Moto/Ciclomotor",Pte.Roca Y Biedma,2,1,0,0,1,0,0,,Calle,,ROSARIO,Rosario,Asfalto,No existe,II,S/D,Urbana,Ninguna,No existe,Intersección,Bueno,Buena,Diurna,Buen Tiempo,Lateral,S/D,Colisión,S/D,Faltante,Ninguna,Sin restricción,POINT (-60.6539217 -32.9801492),"['Roca', 'Coronel Biedma']",2,Presidente Roca; Coronel Biedma,-32.9801492,-60.6539217,55.0,538.0,Municipio Rosario,Municipio,Rosario,820210,Servicio de Catastro e Información Territorial,IGN
2013,9247,2013-08-02,Viernes,0.0,17:10:00,,0.0,2,"Peatón,Moto/Ciclomotor",Bv. Segui Y Mitre,2,1,0,0,1,0,0,,Calle,,ROSARIO,Rosario,Asfalto,No existe,II,Dentro,Urbana,Ninguna,No existe,Intersección,Bueno,Buena,Diurna,Buen Tiempo,S/D,S/D,Atropello,S/D,Faltante,Ninguna,Sin restricción,POINT (-60.6477426 -32.97883275),"['Bulevar Juan Francisco Seguí', 'Mitre']",2,Bulevar Juan Francisco Seguí; Bartolomé Mitre,-32.97883275,-60.6477426,55.0,538.0,Municipio Rosario,Municipio,Rosario,820210,Servicio de Catastro e Información Territorial,IGN
2013,9248,2013-08-31,Sabado,0.0,12:54:00,,0.0,2,"Moto/Ciclomotor,Automóvil",Arteaga Y Patricios,3,0,1,0,2,0,0,,Calle,,ROSARIO,Rosario,Asfalto,No existe,II,Dentro,Urbana,Marca Vial,No existe,Recta,Bueno,Buena,Diurna,Buen Tiempo,Lateral,S/D,Colisión,Otro,Horizontal,Cordón divisorio,Sin restricción,POINT (-60.643425 -33.01079279999998),"['Arteaga', 'Patricios']",2,Alfredo de Arteaga; Patricios,-33.01079279999998,-60.643425,55.0,538.0,Municipio Rosario,Municipio,Rosario,820210,Servicio de Catastro e Información Territorial,IGN
2013,9249,2013-08-25,Domingo,0.0,19:00:00,,0.0,2,"Automóvil,Automóvil",Hilarion de la Quintana Y Crespo,3,2,0,0,1,0,0,,Calle,,ROSARIO,Rosario,Asfalto,No existe,II,Dentro,Urbana,Ninguna,No existe,Recta,Bueno,Buena,Atardecer,Buen Tiempo,Lateral,S/D,Colisión,S/D,S/D,Ninguna,Sin restricción,POINT (-60.68058760000001 -33.00182289999999),"['Hilarión de la Quintana', 'Crespo']",2,Hilarión de la Quintana; Crespo,-33.00182289999999,-60.68058760000001,55.0,538.0,Municipio Rosario,Municipio,Rosario,820210,Servicio de Catastro e Información Territorial,IGN
2013,9250,2013-08-07,Miercoles,0.0,15:55:00,,0.0,2,"Automóvil,Moto/Ciclomotor",San Martin Y Centeno,2,1,0,0,1,0,0,,Avenida,,ROSARIO,Rosario,Asfalto,No existe,II,Dentro,Urbana,Ninguna,No existe,Intersección,Bueno,Buena,Diurna,Buen Tiempo,Lateral,S/D,Colisión,S/D,Faltante,Ninguna,Sin restricción,POINT (-60.64552855 -32.98523165),"['San Martin', 'Centeno']",2,José de San Martín; Coronel Centeno,-32.98523165,-60.64552855,55.0,538.0,Municipio Rosario,Municipio,Rosario,820210,Servicio de Catastro e Información Territorial,IGN
2013,9251,2013-08-23,Viernes,0.0,09:50:00,,0.0,2,"Moto/Ciclomotor,Automóvil",Av. Corrientes Y Garibaldi,3,2,0,0,1,0,0,,Calle,,ROSARIO,Rosario,Asfalto,No existe,II,Dentro,Urbana,Ninguna,No existe,Intersección,Bueno,Buena,Diurna,Buen Tiempo,Lateral,S/D,Colisión,S/D,Faltante,Ninguna,Sin restricción,POINT (-60.6523162 -32.98523470000001),"['Corrientes', 'José Garibaldi']",2,Corrientes; José Garibaldi,-32.98523470000001,-60.6523162,55.0,538.0,Municipio Rosario,Municipio,Rosario,820210,Servicio de Catastro e Información Territorial,IGN
2013,9252,2013-08-02,Viernes,0.0,05:50:00,,0.0,2,"Moto/Ciclomotor,Automóvil",Bv. Oroño Y Saavedra,2,1,0,0,1,0,0,,Avenida,,ROSARIO,Rosario,Asfalto,No existe,II,Dentro,Urbana,Ninguna,No existe,Intersección,Bueno,Buena,Nocturna,Buen Tiempo,Lateral,S/D,Colisión,S/D,Faltante,Ninguna,Sin restricción,POINT (-60.6612381 -32.975227399999994),"['Bulevar Nicasio Oroño', 'Saavedra']",2,Bulevar Nicasio Oroño; Saavedra,-32.975227399999994,-60.6612381,55.0,538.0,Municipio Rosario,Municipio,Rosario,820210,Servicio de Catastro e Información Territorial,IGN
2013,9253,2013-08-23,Viernes,0.0,15:40:00,,0.0,2,"Automóvil,Camión",Av. Circunvalacion Y San Martin,4,1,0,0,3,0,0,,Avenida,,ROSARIO,Rosario,Asfalto,No existe,II,Dentro,Urbana,Semáforo,Funciona,Intersección,Bueno,Buena,Diurna,Buen Tiempo,Lateral,S/D,Colisión,S/D,Vertical,Cordón divisorio,Sin restricción,POINT (-60.652223580418244 -33.0164074304026),"['Circunvalacion', 'San Martin']",2,"('Avenida de Circunvalación 25 de Mayo', 'José de San Martín')",-33.0164074304026,-60.65222358041824,55.0,538.0,Municipio Rosario,Municipio,Rosario,820210,Servicio de Catastro e Información Territorial,IGN
2013,9254,2013-08-03,Sabado,0.0,,,0.0,2,"Moto/Ciclomotor,Automóvil",Av. Ntra.Sra.del Rosario Y San Nicolas,2,1,0,0,1,0,0,,Calle,,ROSARIO,Rosario,Asfalto,S/D,II,Dentro,Urbana,Ninguna,No existe,Recta,Con baches,S/D,S/D,Buen Tiempo,Lateral,S/D,Colisión,S/D,Faltante,Ninguna,Sin restricción,POINT (-60.68493469999999 -33.0011744),"['Nuestra Señora del Rosario', 'San Nicolás']",2,Puente Nuestra Señora del Rosario; San Nicolás,-33.0011744,-60.68493469999999,55.0,538.0,Municipio Rosario,Municipio,Rosario,820210,Servicio de Catastro e Información Territorial,IGN
2013,9255,2013-08-11,Domingo,0.0,,,0.0,2,"Automóvil,Automóvil",Av. Francia Y Hilarion de la Quintana,4,3,0,0,1,0,0,,Calle,,ROSARIO,Rosario,Asfalto,No existe,II,S/D,Urbana,Ninguna,No existe,Recta,Bueno,Buena,S/D,Buen Tiempo,Lateral,S/D,Colisión,S/D,Faltante,Ninguna,Sin restricción,POINT (-60.6777043 -33.0017457),"['Avenida Francia', 'Hilarión de la Quintana']",2,Avenida Francia; Hilarión de la Quintana,-33.0017457,-60.6777043,55.0,538.0,Municipio Rosario,Municipio,Rosario,820210,Servicio de Catastro e Información Territorial,IGN
2013,9256,2013-08-03,Sabado,0.0,14:15:00,,0.0,2,"Bicicleta,Automóvil",Bv. Oroño Y Juan Canals,2,1,0,0,1,0,0,,Avenida,,ROSARIO,Rosario,Asfalto,No existe,II,Dentro,Urbana,Ninguna,No existe,Intersección,Bueno,Buena,Diurna,Buen Tiempo,S/D,S/D,Atropello,S/D,Faltante,Ninguna,Sin restricción,POINT (-60.66411445 -32.9867086),"['Bulevar Nicasio Oroño', 'Juan Canals']",2,Bulevar Nicasio Oroño; Juan Canals,-32.9867086,-60.66411445,55.0,538.0,Municipio Rosario,Municipio,Rosario,820210,Servicio de Catastro e Información Territorial,IGN
2013,9257,2013-08-03,Sabado,0.0,11:30:00,,0.0,2,"Automóvil,Moto/Ciclomotor",Bv. Segui ,2,1,0,0,1,0,0,,Calle,,ROSARIO,Rosario,Asfalto,No existe,II,Dentro,Urbana,Ninguna,No existe,Intersección,Bueno,Buena,Diurna,Buen Tiempo,Lateral,S/D,Colisión,S/D,Faltante,Ninguna,Sin restricción,"-32.9705861, -60.692576",['Bulevar Juan Francisco Seguí'],1,Bulevar Juan Francisco Seguí,-32.9705861,-60.692576,55.0,538.0,Municipio Rosario,Municipio,Rosario,820210,Servicio de Catastro e Información Territorial,IGN
2013,9258,2013-08-20,Martes,0.0,10:40:00,,0.0,3,"Automóvil,Automóvil,Automóvil",Av. Francia Y Sanchez de Bustamante,5,2,0,0,3,0,0,,Avenida,,ROSARIO,Rosario,Asfalto,Natural,II,Dentro,Urbana,S/D,S/D,Recta,Bueno,Buena,"Atardecer,Con luz artificial",Buen Tiempo,Múltiple,S/D,Colisión,S/D,S/D,Ninguna,Sin restricción,POINT (-60.6776727 -33.0028301),"['Avenida Francia', 'Sánchez de Bustamante']",2,Avenida Francia; Sánchez de Bustamante,-33.0028301,-60.6776727,55.0,538.0,Municipio Rosario,Municipio,Rosario,820210,Servicio de Catastro e Información Territorial,IGN
2013,9259,2013-08-23,Viernes,0.0,20:10:00,,0.0,2,"Automóvil,Camión",Av. Circunvalacion ,3,1,0,0,2,0,0,,Avenida,,ROSARIO,Rosario,Asfalto,Pavimento,II,Dentro,Urbana,S/D,No existe,Recta,Bueno,Buena,"Nocturna,Con luz artificial",Buen Tiempo,Lateral,S/D,Colisión,S/D,Horizontal,Guardarrail,Sin restricción,"-32.9954148, -60.6940772",['Circunvalacion'],1,Circunvalacion,-32.9954148,-60.6940772,55.0,538.0,Municipio Rosario,Municipio,Rosario,820210,Servicio de Catastro e Información Territorial,IGN
2013,9260,2013-08-08,Jueves,0.0,19:30:00,,0.0,2,"Automóvil,Automóvil",Bv. Avellaneda Y Ombu,2,1,0,0,1,0,0,,Calle,,ROSARIO,Rosario,Asfalto,No existe,II,S/D,Urbana,S/D,No existe,Recta,Bueno,Buena,Atardecer,Buen Tiempo,Otro,S/D,Colisión,S/D,Faltante,Ninguna,Sin restricción,POINT (-60.68941730000001 -33.007168199999995),"['Avellaneda', 'Ombú']",2,Bulevar Nicolás Avellaneda; Ombú,-33.007168199999995,-60.68941730000001,55.0,538.0,Municipio Rosario,Municipio,Rosario,820210,Servicio de Catastro e Información Territorial,IGN
2013,9261,2013-08-07,Miercoles,0.0,15:00:00,,0.0,2,"Moto/Ciclomotor,Automóvil",Bv. Oroño Y Av. Uriburu,3,2,0,0,1,0,0,,Avenida,,ROSARIO,Rosario,Asfalto,No existe,II,S/D,Urbana,Ninguna,Funciona,Recta,Bueno,Buena,Diurna,Buen Tiempo,De alcance,S/D,Colisión,S/D,Faltante,Ninguna,Sin restricción,POINT (-60.665160500000006 -32.99123049999999),"['Bulevar Nicasio Oroño', 'Uriburu']",2,Bulevar Nicasio Oroño; Avenida José Uriburu,-32.99123049999999,-60.665160500000006,55.0,538.0,Municipio Rosario,Municipio,Rosario,820210,Servicio de Catastro e Información Territorial,IGN
2013,9262,2013-08-15,Jueves,0.0,09:00:00,,0.0,2,"Moto/Ciclomotor,Automóvil",Bv. Avellaneda Y Uruguay,3,1,0,0,2,0,0,,Avenida,,ROSARIO,Rosario,Asfalto,No existe,II,Dentro,Urbana,Ninguna,No existe,Intersección,Bueno,Buena,Diurna,Buen Tiempo,S/D,S/D,Colisión,S/D,Faltante,Ninguna,Sin restricción,POINT (-60.686775850000004 -32.96944285),"['Avellaneda', 'Uruguay']",2,Bulevar Nicolás Avellaneda; Uruguay,-32.96944285,-60.68677585,55.0,538.0,Municipio Rosario,Municipio,Rosario,820210,Servicio de Catastro e Información Territorial,IGN
2013,9263,2013-08-16,Viernes,0.0,18:00:00,,0.0,2,"Moto/Ciclomotor,Automóvil",Copacabana Y Biarritz,2,1,0,0,1,0,0,,Calle,,ROSARIO,Rosario,Asfalto,No existe,II,Dentro,Urbana,Ninguna,No existe,Recta,Bueno,Buena,Atardecer,Buen Tiempo,Lateral,S/D,Colisión,S/D,Faltante,Ninguna,Sin restricción,POINT (-60.684335700000005 -33.02824519999999),"['Copacabana', 'Biarritz']",2,Copacabana; Biarritz,-33.02824519999999,-60.684335700000005,55.0,538.0,Municipio Rosario,Municipio,Rosario,820210,Servicio de Catastro e Información Territorial,IGN
2013,9264,2013-08-16,Viernes,0.0,10:35:00,,0.0,2,"Moto/Ciclomotor,Automóvil",Punta Del Indio Y Viña del Mar,2,1,0,0,1,0,0,,Calle,,ROSARIO,Rosario,Asfalto,Natural,II,Dentro,Urbana,Ninguna,No existe,Recta,Bueno,Buena,Amanecer,Buen Tiempo,Lateral,S/D,Colisión,S/D,Faltante,Ninguna,Sin restricción,POINT (-60.6871954 -33.02909329999999),"['Punta del Indio', 'Viña del Mar']",2,Punta del Indio; Viña del Mar,-33.02909329999999,-60.6871954,55.0,538.0,Municipio Rosario,Municipio,Rosario,820210,Servicio de Catastro e Información Territorial,IGN
2013,9265,2013-08-24,Sabado,0.0,18:05:00,,0.0,2,"Moto/Ciclomotor,Automóvil",Av. Francia Y Av. Uriburu,2,1,0,0,1,0,0,,Avenida,,ROSARIO,Rosario,Asfalto,No existe,II,Dentro,Urbana,Semáforo,Funciona,Intersección,Bueno,Buena,Atardecer,Buen Tiempo,Frontal,S/D,Colisión,S/D,Faltante,Barrera de hormigón,Sin restricción,POINT (-60.678139125 -32.991649800000005),"['Avenida Francia', 'Uriburu']",2,Avenida Francia; Avenida José Uriburu,-32.991649800000005,-60.678139125,55.0,538.0,Municipio Rosario,Municipio,Rosario,820210,Servicio de Catastro e Información Territorial,IGN
2013,9266,2013-08-04,Domingo,0.0,13:00:00,,0.0,3,"Automóvil,Automóvil,Automóvil",AV SAN MARTIN Y PJE SAVIO,3,1,0,0,2,0,0,,Avenida,,ROSARIO,Rosario,Asfalto,No existe,II,Dentro,Urbana,Ninguna,No existe,Intersección,Bueno,Buena,Diurna,Buen Tiempo,Múltiple,S/D,Colisión,S/D,Faltante,Ninguna,Sin restricción,POINT (-60.647959150000005 -32.9964993),"['San Martin', 'Savio']",2,José de San Martín; General Manuel Savio,-32.9964993,-60.647959150000005,55.0,538.0,Municipio Rosario,Municipio,Rosario,820210,Servicio de Catastro e Información Territorial,IGN
2013,9267,2013-08-27,Martes,0.0,16:00:00,,0.0,2,"Moto/Ciclomotor,Automóvil",GUTIERREZ  Y ACCESO SUR,2,1,0,0,1,0,0,,Calle,,ROSARIO,Rosario,Hormigón,No existe,II,Dentro,Urbana,Ninguna,No existe,Intersección,Con baches,Buena,Diurna,Buen Tiempo,Lateral,S/D,Colisión,Material Suelto,Faltante,Barrera de hormigón,Sin restricción,POINT (-60.6184193 -32.993110899999984),"['Gutierrez', 'Belgrano']",2,Ricardo Gutierrez; Avenida Manuel Belgrano,-32.993110899999984,-60.6184193,55.0,538.0,Municipio Rosario,Municipio,Rosario,820210,Servicio de Catastro e Información Territorial,IGN
2013,9268,2013-08-01,Jueves,0.0,10:04:00,,0.0,2,"Transporte de Pasajeros Larga Distancia (> 8 asientos),Camión",Av. Ovidio Lagos 6600,3,1,0,0,2,0,0,,Avenida,,ROSARIO,Rosario,Asfalto,Natural,II,Dentro,Urbana,Otra Señal,No existe,Recta,Bueno,Buena,Diurna,Buen Tiempo,Otro,S/D,Colisión,S/D,Faltante,Línea divisoria pintada,Reparación de Vía,"-33.0259193, -60.6809495",['Ovidio Lagos 6600'],1,Ovidio Lagos 6600,-33.0259193,-60.6809495,55.0,538.0,Municipio Rosario,Municipio,Rosario,820210,Servicio de Catastro e Información Territorial,IGN
2013,9269,2013-08-08,Jueves,0.0,17:30:00,,0.0,2,"Moto/Ciclomotor,Automóvil",PUEYRREDON ,2,1,0,0,1,0,0,,Calle,,ROSARIO,Rosario,Asfalto,S/D,II,Dentro,Urbana,S/D,S/D,S/D,Bueno,S/D,Diurna,Buen Tiempo,S/D,S/D,Colisión,S/D,S/D,S/D,S/D,"-32.9676239, -60.6635663",['Pueyrredón'],1,Pueyrredón,-32.9676239,-60.6635663,55.0,538.0,Municipio Rosario,Municipio,Rosario,820210,Servicio de Catastro e Información Territorial,IGN