anio_acci,nro_acci,fecha,desc_dia,fecha_aprox,hora_aprox,desc_ruta,km,cant_participantes,desc_participante,calle_avenida_km,total,heridos_leves,heridos_graves,heridos_gravisimos,ilesos,fallecidos,sin_datos,posicion_XY,desc_tipo_via,desc_ruta_ori,desc_loc,desc_dpto,desc_tipo_calzada,desc_tipo_banquina,desc_unidad_regional,desc_lugar_calzada,desc_zona,desc_prioridad,desc_estado_semaforo,desc_lugar_via,desc_estado_via,desc_estado_visibilidad,desc_luminosidad,desc_estado_clima,desc_tipo_colision,desc_tipo_atropello,desc_tipo_hecho,desc_pres_calzada,desc_senializacion,desc_separacion_via,desc_restriccion,forma_geocod,calle_lista,numero_calles,calles_osm,lat,lon,index_right,gid,fna,gna,nam,in1,fdc,sag
2013,9270,2013-08-26,Lunes,0.0,15:40:00,,0.0,2,"Bicicleta,Moto/Ciclomotor",San Martin Y Lainez,2,1,0,0,1,0,0,,Avenida,,ROSARIO,Rosario,Asfalto,No existe,II,Dentro,Urbana,Marca Vial,No existe,Intersección,Bueno,Buena,Diurna,Buen Tiempo,S/D,S/D,Atropello,S/D,Horizontal,Cordón divisorio,Sin restricción,POINT (-60.649860849999996 -33.00533775),"['San Martin', 'Láinez']",2,José de San Martín; Láinez,-33.00533775,-60.64986085,55.0,538.0,Municipio Rosario,Municipio,Rosario,820210,Servicio de Catastro e Información Territorial,IGN
2013,9271,2013-08-23,Viernes,1.0,13:00:00,,0.0,2,"Automóvil,Bicicleta",San Martin Y Garay,2,1,0,0,1,0,0,,Avenida,,ROSARIO,Rosario,Asfalto,No existe,II,Dentro,Urbana,Ninguna,No existe,Intersección,Bueno,Buena,Diurna,Buen Tiempo,S/D,S/D,Atropello,S/D,Faltante,Ninguna,Sin restricción,POINT (-60.6437417 -32.97477079999999),"['San Martin', 'Garay']",2,"('José de San Martín', 'Juan de Garay')",-32.97477079999999,-60.6437417,55.0,538.0,Municipio Rosario,Municipio,Rosario,820210,Servicio de Catastro e Información Territorial,IGN
2013,9272,2013-08-07,Miercoles,0.0,10:00:00,,0.0,2,"Peatón,Pickup/Utilitario",Av. Ovidio Lagos 3300,2,1,0,0,1,0,0,,Calle,,ROSARIO,Rosario,Asfalto,No existe,II,Dentro,Urbana,Ninguna,No existe,Recta,Bueno,Buena,Diurna,Buen Tiempo,S/D,S/D,Atropello,S/D,Faltante,Barrera de hormigón,Sin restricción,"-32.9713497, -60.6687302",['Ovidio Lagos 3300'],1,Ovidio Lagos 3300,-32.9713497,-60.6687302,55.0,538.0,Municipio Rosario,Municipio,Rosario,820210,Servicio de Catastro e Información Territorial,IGN
2013,9273,2013-08-02,Viernes,0.0,20:45:00,,0.0,2,"Automóvil,Automóvil",Virasoro Y Bv. Oroño,2,1,0,0,1,0,0,,Avenida,,ROSARIO,Rosario,Asfalto,S/D,II,Dentro,Urbana,S/D,S/D,Recta,Bueno,Buena,Nocturna,Buen Tiempo,De alcance,S/D,Colisión,S/D,S/D,S/D,S/D,POINT (-60.65921435 -32.967215949999996),"['Virasoro', 'Bulevar Nicasio Oroño']",2,Benjamín Virasoro; Bulevar Nicasio Oroño,-32.96721595,-60.65921435,55.0,538.0,Municipio Rosario,Municipio,Rosario,820210,Servicio de Catastro e Información Territorial,IGN
2013,9274,2013-08-19,Lunes,0.0,07:30:00,,0.0,2,"Moto/Ciclomotor,Automóvil",Bv. Segui Y Bv. Avellaneda,3,2,0,0,1,0,0,,Calle,,ROSARIO,Rosario,Asfalto,No existe,II,Dentro,Urbana,Ninguna,Funciona,Intersección,Bueno,Buena,Amanecer,Buen Tiempo,De alcance,S/D,Colisión,S/D,Faltante,Barrera de hormigón,Sin restricción,POINT (-60.68735266249999 -32.9717476875),"['Bulevar Juan Francisco Seguí', 'Avellaneda']",2,Bulevar Juan Francisco Seguí; Bulevar Nicolás Avellaneda,-32.9717476875,-60.68735266249999,55.0,538.0,Municipio Rosario,Municipio,Rosario,820210,Servicio de Catastro e Información Territorial,IGN
2013,9275,2013-08-24,Sabado,0.0,16:00:00,,0.0,2,"Bicicleta,Automóvil",Bv. Segui Y Av. Francia,2,1,0,0,1,0,0,,Avenida,,ROSARIO,Rosario,Asfalto,No existe,II,Dentro,Urbana,Semáforo,No funciona,Intersección,Bueno,Buena,Atardecer,Buen Tiempo,S/D,S/D,Atropello,S/D,Faltante,Ninguna,Sin restricción,POINT (-60.673763175 -32.97418725),"['Bulevar Juan Francisco Seguí', 'Avenida Francia']",2,Bulevar Juan Francisco Seguí; Avenida Francia,-32.97418725,-60.673763175,55.0,538.0,Municipio Rosario,Municipio,Rosario,820210,Servicio de Catastro e Información Territorial,IGN
2013,9276,2013-08-07,Miercoles,0.0,18:00:00,,0.0,2,"Moto/Ciclomotor,Automóvil",San Martin Y Estado de Israel,2,1,0,0,1,0,0,,Avenida,,ROSARIO,Rosario,Asfalto,No existe,II,Dentro,Urbana,Ninguna,No existe,Intersección,Bueno,Buena,Diurna,Buen Tiempo,Lateral,S/D,Colisión,S/D,Faltante,Ninguna,Sin restricción,POINT (-60.64694925 -32.991824199999996),"['San Martin', 'Estado de Israel']",2,José de San Martín; Estado de Israel,-32.9918242,-60.64694925,55.0,538.0,Municipio Rosario,Municipio,Rosario,820210,Servicio de Catastro e Información Territorial,IGN
2013,9278,2013-08-13,Martes,0.0,13:30:00,,0.0,2,"Moto/Ciclomotor,Automóvil",24 De Setiembre Y Alsina,2,1,0,0,1,0,0,,Calle,,ROSARIO,Rosario,Asfalto,No existe,II,Dentro,Urbana,Ninguna,No existe,Intersección,Bueno,Buena,Diurna,Buen Tiempo,Lateral,S/D,Colisión,S/D,Faltante,Ninguna,Sin restricción,POINT (-60.68491879999999 -32.973400599999984),"['24 de Septiembre', 'Alsina']",2,24 de Septiembre; Alsina,-32.973400599999984,-60.68491879999999,55.0,538.0,Municipio Rosario,Municipio,Rosario,820210,Servicio de Catastro e Información Territorial,IGN
2013,9279,2013-08-27,Martes,0.0,19:00:00,,0.0,2,"Moto/Ciclomotor,Automóvil",San Martin Y Caupolican,2,1,0,0,1,0,0,,Avenida,,ROSARIO,Rosario,Asfalto,No existe,II,Dentro,Urbana,Marca Vial,No existe,Recta,Bueno,Buena,Diurna,Buen Tiempo,Lateral,S/D,Colisión,S/D,Horizontal,Cordón divisorio,Sin restricción,POINT (-60.650831800000006 -33.00995605),"['San Martin', 'Caupolicán']",2,José de San Martín; Caupolicán,-33.00995605,-60.650831800000006,55.0,538.0,Municipio Rosario,Municipio,Rosario,820210,Servicio de Catastro e Información Territorial,IGN
2013,9280,2013-08-06,Martes,0.0,17:40:00,,0.0,2,"Peatón,Moto/Ciclomotor",Bv. Segui 3400,2,1,0,0,1,0,0,,Calle,,ROSARIO,Rosario,Asfalto,No existe,II,Dentro,Urbana,Ninguna,No existe,Intersección,Bueno,Buena,Atardecer,Buen Tiempo,S/D,S/D,Atropello,S/D,Faltante,Ninguna,Sin restricción,"-32.9733248, -60.6776816",['Bulevar Juan Francisco Seguí 3400'],1,Bulevar Juan Francisco Seguí 3400,-32.9733248,-60.6776816,55.0,538.0,Municipio Rosario,Municipio,Rosario,820210,Servicio de Catastro e Información Territorial,IGN
2013,9281,2013-08-08,Jueves,0.0,16:00:00,,0.0,2,"Moto/Ciclomotor,Otros",Av. Ntra.Sra.del Rosario Y Italia,3,1,0,0,2,0,0,,Calle,,ROSARIO,Rosario,Asfalto,S/D,II,Dentro,Urbana,S/D,S/D,S/D,S/D,S/D,Atardecer,S/D,S/D,S/D,Colisión,S/D,S/D,S/D,S/D,POINT (-60.6592342 -33.00039999999999),"['Nuestra Señora del Rosario', 'Italia']",2,Puente Nuestra Señora del Rosario; Italia,-33.00039999999999,-60.6592342,55.0,538.0,Municipio Rosario,Municipio,Rosario,820210,Servicio de Catastro e Información Territorial,IGN
2013,9282,2013-08-20,Martes,0.0,20:30:00,,0.0,2,"Moto/Ciclomotor,Automóvil",Dean Funes Y Rio De Janeiro,3,2,0,0,1,0,0,,Calle,,ROSARIO,Rosario,Asfalto,No existe,II,Dentro,Urbana,Ninguna,No existe,Intersección,Bueno,Buena,Nocturna,Buen Tiempo,S/D,S/D,Colisión,S/D,Faltante,Ninguna,Sin restricción,POINT (-60.68786630000001 -32.9680721),"['Deán Gregorio Funes', 'Río de Janeiro']",2,Deán Gregorio Funes; Río de Janeiro,-32.9680721,-60.68786630000001,55.0,538.0,Municipio Rosario,Municipio,Rosario,820210,Servicio de Catastro e Información Territorial,IGN
2013,9283,2013-08-01,Jueves,0.0,,,0.0,2,"Automóvil,Bicicleta",Italia Y Av. Pellegrini,3,1,0,0,2,0,0,,Avenida,,ROSARIO,Rosario,Asfalto,S/D,II,Dentro,Urbana,S/D,S/D,Intersección,Bueno,S/D,S/D,S/D,S/D,S/D,Atropello,S/D,S/D,S/D,S/D,POINT (-60.650600100000005 -32.955561700000004),"['Italia', 'Pellegrini']",2,Italia; Avenida Carlos Pellegrini,-32.955561700000004,-60.650600100000005,55.0,538.0,Municipio Rosario,Municipio,Rosario,820210,Servicio de Catastro e Información Territorial,IGN
2013,9284,2013-08-08,Jueves,0.0,19:30:00,,0.0,2,"Bicicleta,Pickup/Utilitario",Reg.11 de Infanteria Y Paraguay,2,1,0,0,1,0,0,,Calle,,ROSARIO,Rosario,Asfalto,No existe,II,Dentro,Urbana,Ninguna,No existe,Intersección,Bueno,Buena,Atardecer,Buen Tiempo,S/D,S/D,Atropello,S/D,Vertical,Ninguna,Sin restricción,POINT (-60.65487370000001 -32.998976199999994),"['Regimiento 11', 'Paraguay']",2,Regimiento 11; Paraguay,-32.998976199999994,-60.65487370000001,55.0,538.0,Municipio Rosario,Municipio,Rosario,820210,Servicio de Catastro e Información Territorial,IGN
2013,9285,2013-08-06,Martes,0.0,01:25:00,,0.0,2,"Automóvil,Automóvil",Crespo Y San Lorenzo,3,1,0,0,2,0,0,,Calle,,ROSARIO,Rosario,Asfalto,No existe,II,S/D,Urbana,Ninguna,No existe,Recta,Bueno,Buena,Nocturna,Buen Tiempo,Otro,S/D,Colisión,Otro,Faltante,Ninguna,Sin restricción,POINT (-60.66769409999999 -32.938742999999995),"['Crespo', 'San Lorenzo']",2,Crespo; San Lorenzo,-32.938742999999995,-60.66769409999999,55.0,538.0,Municipio Rosario,Municipio,Rosario,820210,Servicio de Catastro e Información Territorial,IGN
2013,9286,2013-08-11,Domingo,0.0,02:30:00,,0.0,2,"Moto/Ciclomotor,Otros",Av. Francia Y Pje. 1205,3,2,0,0,1,0,0,,Calle,,ROSARIO,Rosario,Asfalto,No existe,II,Dentro,Urbana,Ninguna,No existe,Intersección,Bueno,Buena,Nocturna,Buen Tiempo,Lateral,S/D,Colisión,S/D,Faltante,Ninguna,Sin restricción,POINT (-60.6773054 -32.988544100000006),"['Avenida Francia', 'Pasaje 1205']",2,Avenida Francia; Pasaje 1205,-32.988544100000006,-60.6773054,55.0,538.0,Municipio Rosario,Municipio,Rosario,820210,Servicio de Catastro e Información Territorial,IGN
2013,9287,2013-08-06,Martes,0.0,18:00:00,,0.0,2,"Moto/Ciclomotor,Camión",Bv. Avellaneda 4000,2,1,0,0,1,0,0,,Calle,,ROSARIO,Rosario,Asfalto,No existe,II,Dentro,Urbana,Ninguna,No existe,Recta,Bueno,Buena,Atardecer,Buen Tiempo,S/D,S/D,Colisión,S/D,Faltante,Ninguna,Sin restricción,"-32.9533844, -60.6827991",['Avellaneda 4000'],1,Avellaneda 4000,-32.9533844,-60.6827991,55.0,538.0,Municipio Rosario,Municipio,Rosario,820210,Servicio de Catastro e Información Territorial,IGN
2013,9288,2013-08-30,Viernes,0.0,17:20:00,,0.0,2,"Moto/Ciclomotor,Automóvil",Av. Battle y Ordoñez Y España,2,1,0,0,1,0,0,,Avenida,,ROSARIO,Rosario,Asfalto,No existe,II,Dentro,Urbana,Semáforo,Funciona,Intersección,Bueno,Buena,Diurna,Buen Tiempo,Lateral,S/D,Colisión,S/D,Vertical,Cordón divisorio,Sin restricción,POINT (-60.65730380000001 -33.00912425),"['Avenida Battle y Ordoñez', 'España']",2,Avenida Battle y Ordoñez; España,-33.00912425,-60.65730380000001,55.0,538.0,Municipio Rosario,Municipio,Rosario,820210,Servicio de Catastro e Información Territorial,IGN
2013,9289,2013-08-04,Domingo,0.0,06:30:00,,0.0,2,"Taxi/Remis,Moto/Ciclomotor",Santa Fe Y Suipacha,2,1,0,0,1,0,0,,Calle,,ROSARIO,Rosario,Asfalto,No existe,II,S/D,Urbana,Semáforo,Funciona,Recta,Bueno,Buena,Diurna,Buen Tiempo,Otro,S/D,Colisión,Otro,Horizontal,Ninguna,Sin restricción,POINT (-60.6638496 -32.94044770000001),"['Santa Fe', 'Suipacha']",2,Santa Fe; Suipacha,-32.94044770000001,-60.6638496,55.0,538.0,Municipio Rosario,Municipio,Rosario,820210,Servicio de Catastro e Información Territorial,IGN
2013,9291,2013-08-19,Lunes,0.0,16:20:00,,0.0,2,"Moto/Ciclomotor,Automóvil",Av. Francia 5200,2,1,0,0,1,0,0,,Calle,,ROSARIO,Rosario,Asfalto,No existe,II,Dentro,Urbana,Ninguna,No existe,Intersección,Bueno,Buena,Diurna,Buen Tiempo,Lateral,S/D,Colisión,S/D,Faltante,Ninguna,Sin restricción,"-32.9349356, -60.6639852",['Francia 5200'],1,Francia 5200,-32.9349356,-60.6639852,55.0,538.0,Municipio Rosario,Municipio,Rosario,820210,Servicio de Catastro e Información Territorial,IGN
2013,9292,2013-08-03,Sabado,0.0,12:30:00,,0.0,2,"Moto/Ciclomotor,Automóvil",Av. Uriburu Y Mitre,2,1,0,0,1,0,0,,Avenida,,ROSARIO,Rosario,Asfalto,No existe,II,Dentro,Urbana,Ninguna,No existe,Intersección,Bueno,Buena,Diurna,Buen Tiempo,Lateral,S/D,Colisión,S/D,Faltante,Ninguna,Sin restricción,POINT (-60.65080725 -32.9908231),"['Uriburu', 'Mitre']",2,Avenida José Uriburu; Bartolomé Mitre,-32.9908231,-60.65080725,55.0,538.0,Municipio Rosario,Municipio,Rosario,820210,Servicio de Catastro e Información Territorial,IGN
2013,9293,2013-08-11,Domingo,0.0,00:30:00,,0.0,2,"Otros,Otros",J.J.Paso Y Barra,2,1,0,0,1,0,0,,Calle,,ROSARIO,Rosario,Asfalto,S/D,II,S/D,Urbana,Ninguna,No existe,Intersección,Bueno,Buena,Nocturna,Buen Tiempo,Otro,S/D,Colisión,S/D,Faltante,Ninguna,Sin restricción,POINT (-60.7077707 -32.9200795),"['Paso', 'Barra']",2,Avenida Juan José Paso; Barraco,-32.9200795,-60.7077707,55.0,538.0,Municipio Rosario,Municipio,Rosario,820210,Servicio de Catastro e Información Territorial,IGN
2013,9294,2013-08-28,Miercoles,0.0,18:30:00,,0.0,2,"Moto/Ciclomotor,Moto/Ciclomotor",Necochea Y Bv. Segui,2,1,0,0,1,0,0,,Avenida,,ROSARIO,Rosario,Asfalto,No existe,II,Dentro,Urbana,Marca Vial,No existe,Intersección,Bueno,Buena,Atardecer,Buen Tiempo,Lateral,S/D,Colisión,Otro,Vertical,Línea divisoria pintada,Sin restricción,POINT (-60.632387200000004 -32.981576749999995),"['Necochea', 'Bulevar Juan Francisco Seguí']",2,Necochea; Bulevar Juan Francisco Seguí,-32.981576749999995,-60.6323872,55.0,538.0,Municipio Rosario,Municipio,Rosario,820210,Servicio de Catastro e Información Territorial,IGN
2013,9295,2013-08-03,Sabado,0.0,15:15:00,,0.0,2,"Moto/Ciclomotor,Automóvil",Cafferata Y Tucuman,2,1,0,0,1,0,0,,Calle,,ROSARIO,Rosario,S/D,No existe,II,S/D,Urbana,Semáforo,Funciona,Recta,Bueno,Buena,Diurna,Buen Tiempo,Otro,S/D,Otro,S/D,Horizontal,Ninguna,Sin restricción,POINT (-60.669785399999995 -32.9359153),"['Cafferata', 'Tucumán']",2,Cafferata; Tucumán,-32.9359153,-60.6697854,55.0,538.0,Municipio Rosario,Municipio,Rosario,820210,Servicio de Catastro e Información Territorial,IGN
2013,9296,2013-08-11,Domingo,0.0,19:15:00,,0.0,2,"Peatón,Moto/Ciclomotor",J.J.Paso Y Barra,2,1,0,0,1,0,0,,Calle,,ROSARIO,Rosario,Asfalto,No existe,II,Dentro,Urbana,Ninguna,No existe,Intersección,Bueno,Buena,Nocturna,Buen Tiempo,S/D,S/D,Atropello,S/D,Faltante,Ninguna,Sin restricción,POINT (-60.7077707 -32.9200795),"['Paso', 'Barra']",2,Avenida Juan José Paso; Barraco,-32.9200795,-60.7077707,55.0,538.0,Municipio Rosario,Municipio,Rosario,820210,Servicio de Catastro e Información Territorial,IGN
2013,9297,2013-08-05,Lunes,0.0,12:30:00,,0.0,2,"Pickup/Utilitario,Bicicleta",Anchorena Y Pueyrredon,2,1,0,0,1,0,0,,Calle,,ROSARIO,Rosario,Asfalto,S/D,II,Dentro,Urbana,S/D,S/D,Intersección,S/D,Buena,Diurna,Buen Tiempo,S/D,S/D,Atropello,S/D,S/D,S/D,S/D,POINT (-60.6693123 -32.99841020000001),"['Anchorena', 'Pueyrredón']",2,Tomás de Anchorena; Pueyrredón,-32.99841020000001,-60.6693123,55.0,538.0,Municipio Rosario,Municipio,Rosario,820210,Servicio de Catastro e Información Territorial,IGN
2013,9298,2013-08-07,Miercoles,0.0,17:45:00,,0.0,2,"Moto/Ciclomotor,Otros",J.B.Justo Y Cullen,2,1,0,0,1,0,0,,Calle,,ROSARIO,Rosario,Asfalto,S/D,II,Dentro,Urbana,S/D,S/D,Intersección,Otro,S/D,S/D,S/D,S/D,S/D,S/D,S/D,Faltante,S/D,S/D,POINT (-60.7094288 -32.9333373),"['Justo', 'Cullen']",2,"('Justo José de Urquiza', 'Cullen')",-32.9333373,-60.7094288,55.0,538.0,Municipio Rosario,Municipio,Rosario,820210,Servicio de Catastro e Información Territorial,IGN
2013,9300,2013-08-02,Viernes,0.0,11:30:00,,0.0,2,"Moto/Ciclomotor,Pickup/Utilitario",Callao Y Salta,2,1,0,0,1,0,0,,Calle,,ROSARIO,Rosario,Asfalto,No existe,II,S/D,Urbana,Semáforo,Funciona,Recta,Bueno,Buena,Diurna,Buen Tiempo,S/D,S/D,Otro,Otro,Faltante,Ninguna,Sin restricción,POINT (-60.6583919 -32.93552249999999),"['Callao', 'Salta']",2,Callao; Salta,-32.93552249999999,-60.6583919,55.0,538.0,Municipio Rosario,Municipio,Rosario,820210,Servicio de Catastro e Información Territorial,IGN
2013,9301,2013-08-01,Jueves,0.0,21:30:00,,0.0,2,"Moto/Ciclomotor,Automóvil",Av. Francia Y Dr.Rivas,3,2,0,0,1,0,0,,Calle,,ROSARIO,Rosario,Ripio,No existe,II,Dentro,Urbana,Ninguna,No existe,Intersección,Deteriorada,Buena,"Nocturna,Con luz artificial",Buen Tiempo,Otro,S/D,Colisión,S/D,Faltante,Ninguna,Sin restricción,POINT (-60.674926600000006 -32.978783),"['Avenida Francia', 'Doctor Francisco Riva']",2,Avenida Francia; Doctor Francisco Riva,-32.978783,-60.674926600000006,55.0,538.0,Municipio Rosario,Municipio,Rosario,820210,Servicio de Catastro e Información Territorial,IGN
2013,9302,2013-08-06,Martes,0.0,16:00:00,,0.0,2,"Moto/Ciclomotor,Automóvil",Uruguay Y Dorrego,2,1,0,0,1,0,0,,Calle,,ROSARIO,Rosario,Asfalto,No existe,II,Dentro,Urbana,Ninguna,No existe,Intersección,Bueno,Buena,Diurna,Buen Tiempo,Lateral,S/D,Colisión,S/D,Faltante,Ninguna,Sin restricción,POINT (-60.6568802 -32.97483409999999),"['Uruguay', 'Dorrego']",2,Uruguay; Manuel Dorrego,-32.97483409999999,-60.6568802,55.0,538.0,Municipio Rosario,Municipio,Rosario,820210,Servicio de Catastro e Información Territorial,IGN
2013,9303,2013-08-13,Martes,0.0,11:40:00,,0.0,2,"Automóvil,Camión",Av. Circunvalacion 1300,3,2,0,0,1,0,0,,Avenida,,ROSARIO,Rosario,Asfalto,S/D,II,Dentro,Urbana,Ninguna,No existe,Recta,Bueno,Buena,Diurna,Buen Tiempo,Lateral,S/D,Colisión,S/D,S/D,Guardarrail,Sin restricción,"-32.9439444, -60.7229805",['Circunvalacion 1300'],1,Circunvalacion 1300,-32.9439444,-60.7229805,55.0,538.0,Municipio Rosario,Municipio,Rosario,820210,Servicio de Catastro e Información Territorial,IGN
2013,9305,2013-08-05,Lunes,0.0,17:45:00,,0.0,2,"Moto/Ciclomotor,Automóvil",Reg.11 de Infanteria Y Alvear,2,1,0,0,1,0,0,,Calle,,ROSARIO,Rosario,Asfalto,S/D,II,Dentro,Urbana,S/D,S/D,Intersección,Bueno,S/D,S/D,S/D,Lateral,S/D,Colisión,S/D,S/D,S/D,S/D,POINT (-60.6663602 -32.99933339999999),"['Regimiento 11', 'Alvear']",2,Regimiento 11; Alvear,-32.99933339999999,-60.6663602,55.0,538.0,Municipio Rosario,Municipio,Rosario,820210,Servicio de Catastro e Información Territorial,IGN
2013,9307,2013-08-24,Sabado,0.0,16:50:00,,0.0,2,"Automóvil,Automóvil",Amenabar Y J.M.de Rosas,2,1,0,0,1,0,0,,Calle,,ROSARIO,Rosario,Asfalto,No existe,II,Dentro,Urbana,Marca Vial,No existe,Intersección,Bueno,Buena,Diurna,Buen Tiempo,Lateral,S/D,Colisión,Otro,Vertical,Línea divisoria pintada,Sin restricción,POINT (-60.6377304 -32.973460999999986),"['Amenabar', 'De Rosas']",2,José de Amenábar; Juan Manuel de Rosas,-32.973460999999986,-60.6377304,55.0,538.0,Municipio Rosario,Municipio,Rosario,820210,Servicio de Catastro e Información Territorial,IGN
2013,9309,2013-08-08,Jueves,0.0,23:00:00,,0.0,2,"Vehículo Oficial,Automóvil",Albert Sabin Y Alberdi,3,2,0,0,1,0,0,,Avenida,,ROSARIO,Rosario,Hormigón,No existe,II,Dentro,Urbana,Semáforo,Funciona,Intersección,Bueno,Buena,"Nocturna,Con luz artificial",Buen Tiempo,Lateral,S/D,Colisión,S/D,S/D,Cordón divisorio,Sin restricción,POINT (-60.67368635 -32.93013245),"['Avenida Travesía Albert Sabin', 'Alberdi']",2,Avenida Travesía Albert Sabin; Avenida Alberdi,-32.93013245,-60.67368635,55.0,538.0,Municipio Rosario,Municipio,Rosario,820210,Servicio de Catastro e Información Territorial,IGN
2013,9310,2013-08-01,Jueves,0.0,16:10:00,,0.0,2,"Camión,Pickup/Utilitario",Rivadavia Y Pueyrredon,2,1,0,0,1,0,0,,Calle,,ROSARIO,Rosario,Asfalto,No existe,II,S/D,Urbana,Semáforo,No funciona,Recta,Bueno,Buena,Diurna,Buen Tiempo,Otro,S/D,Colisión,Otro,Horizontal,Ninguna,Sin restricción,POINT (-60.6544373 -32.9313581),"['Rivadavia', 'Pueyrredón']",2,"('Avenida Bernardino Rivadavia', 'Pueyrredón')",-32.9313581,-60.6544373,55.0,538.0,Municipio Rosario,Municipio,Rosario,820210,Servicio de Catastro e Información Territorial,IGN
2013,9312,2013-08-02,Viernes,0.0,17:30:00,,0.0,2,"Automóvil,Moto/Ciclomotor",Av. Casiano Casas Y Larrechea,2,1,0,0,1,0,0,,Avenida,,ROSARIO,Rosario,Asfalto,No existe,II,Dentro,Urbana,Ninguna,No existe,Intersección,Bueno,Buena,Diurna,Buen Tiempo,S/D,S/D,Colisión,S/D,Faltante,Ninguna,Sin restricción,POINT (-60.713658 -32.8987052),"['Avenida Casiano Casas', 'Larrechea']",2,Avenida Casiano Casas; Larrechea,-32.8987052,-60.713658,55.0,538.0,Municipio Rosario,Municipio,Rosario,820210,Servicio de Catastro e Información Territorial,IGN
2013,9313,2013-08-14,Miercoles,0.0,10:40:00,,0.0,2,"Moto/Ciclomotor,Automóvil",Garibaldi Y Pte.Roca,2,1,0,0,1,0,0,,Calle,,ROSARIO,Rosario,Asfalto,No existe,II,Dentro,Urbana,Ninguna,No existe,Intersección,Bueno,Buena,Diurna,Buen Tiempo,De alcance,S/D,Colisión,S/D,Faltante,Ninguna,Sin restricción,POINT (-60.655083000000005 -32.9847394),"['José Garibaldi', 'Roca']",2,José Garibaldi; Presidente Roca,-32.9847394,-60.655083000000005,55.0,538.0,Municipio Rosario,Municipio,Rosario,820210,Servicio de Catastro e Información Territorial,IGN
2013,9315,2013-08-05,Lunes,0.0,07:30:00,,0.0,2,"Automóvil,Automóvil",Bv. Avellaneda 4800,2,1,0,0,1,0,0,,Avenida,,ROSARIO,Rosario,Asfalto,No existe,II,Fuera,Urbana,Ninguna,No existe,Recta,Bueno,Buena,"Amanecer,Con luz artificial",Buen Tiempo,Otro,S/D,Colisión,S/D,Faltante,Barrera de hormigón,Sin restricción,"-32.9533844, -60.6827991",['Avellaneda 4800'],1,Avellaneda 4800,-32.9533844,-60.6827991,55.0,538.0,Municipio Rosario,Municipio,Rosario,820210,Servicio de Catastro e Información Territorial,IGN
2013,9316,2013-08-04,Domingo,0.0,21:30:00,,0.0,2,"Automóvil,Moto/Ciclomotor",Pje. Boedo Y Ghiraldo,2,1,0,0,1,0,0,,Calle,,ROSARIO,Rosario,Asfalto,No existe,II,S/D,Urbana,Ninguna,No existe,Intersección,Bueno,Buena,Nocturna,Buen Tiempo,Lateral,S/D,Colisión,Otro,Faltante,Ninguna,Sin restricción,POINT (-60.706073800000006 -32.899385599999995),"['Boedo', 'Ghiraldo']",2,Boedo; Ghiraldo,-32.899385599999995,-60.706073800000006,55.0,538.0,Municipio Rosario,Municipio,Rosario,820210,Servicio de Catastro e Información Territorial,IGN
2013,9317,2013-08-10,Sabado,0.0,05:45:00,,0.0,2,"Moto/Ciclomotor,Moto/Ciclomotor",Bv. Rondeau 3200,2,2,0,0,0,0,0,,Calle,,ROSARIO,Rosario,Asfalto,Pavimento,II,Dentro,Urbana,S/D,S/D,Recta,S/D,S/D,Nocturna,S/D,Frontal,S/D,Colisión,S/D,S/D,Ninguna,S/D,"-32.8851103, -60.6949917",['Rondeau 3200'],1,Rondeau 3200,-32.8851103,-60.6949917,55.0,538.0,Municipio Rosario,Municipio,Rosario,820210,Servicio de Catastro e Información Territorial,IGN
2013,9318,2013-08-05,Lunes,0.0,10:30:00,,0.0,2,"Automóvil,Moto/Ciclomotor",Av. Genova Y Alberdi,2,1,0,0,1,0,0,,Avenida,,ROSARIO,Rosario,Asfalto,S/D,II,S/D,Urbana,Ninguna,Funciona,Recta,Bueno,S/D,S/D,Buen Tiempo,Lateral,S/D,Colisión,S/D,Vertical,Cordón divisorio,Sin restricción,POINT (-60.685641200000006 -32.91519955000001),"['Genova', 'Alberdi']",2,Avenida Génova; Avenida Alberdi,-32.91519955000001,-60.685641200000006,55.0,538.0,Municipio Rosario,Municipio,Rosario,820210,Servicio de Catastro e Información Territorial,IGN
2013,9319,2013-08-06,Martes,0.0,19:30:00,,0.0,2,"Moto/Ciclomotor,Automóvil",Bv. Segui Y Alvear,2,1,0,0,1,0,0,,Calle,,ROSARIO,Rosario,Asfalto,No existe,II,Dentro,Urbana,Ninguna,No existe,Intersección,S/D,Buena,Amanecer,Buen Tiempo,Lateral,S/D,Colisión,S/D,Faltante,Ninguna,Sin restricción,POINT (-60.662849800000004 -32.97612874999999),"['Bulevar Juan Francisco Seguí', 'Alvear']",2,Bulevar Juan Francisco Seguí; Alvear,-32.97612874999999,-60.6628498,55.0,538.0,Municipio Rosario,Municipio,Rosario,820210,Servicio de Catastro e Información Territorial,IGN