anio_acci,nro_acci,fecha,desc_dia,fecha_aprox,hora_aprox,desc_ruta,km,cant_participantes,desc_participante,calle_avenida_km,total,heridos_leves,heridos_graves,heridos_gravisimos,ilesos,fallecidos,sin_datos,posicion_XY,desc_tipo_via,desc_ruta_ori,desc_loc,desc_dpto,desc_tipo_calzada,desc_tipo_banquina,desc_unidad_regional,desc_lugar_calzada,desc_zona,desc_prioridad,desc_estado_semaforo,desc_lugar_via,desc_estado_via,desc_estado_visibilidad,desc_luminosidad,desc_estado_clima,desc_tipo_colision,desc_tipo_atropello,desc_tipo_hecho,desc_pres_calzada,desc_senializacion,desc_separacion_via,desc_restriccion,forma_geocod,calle_lista,numero_calles,calles_osm,lat,lon,index_right,gid,fna,gna,nam,in1,fdc,sag
2013,9320,2013-08-10,Sabado,0.0,19:20:00,,0.0,2,"Automóvil,Automóvil",24 De Setiembre Y Sarmiento,3,1,0,0,2,0,0,,Calle,,ROSARIO,Rosario,Asfalto,No existe,II,Dentro,Urbana,Ninguna,No existe,Intersección,Bueno,Buena,Atardecer,Buen Tiempo,Lateral,S/D,Colisión,S/D,Faltante,Ninguna,Sin restricción,POINT (-60.6466689 -32.9802135),"['24 de Septiembre', 'Sarmiento']",2,24 de Septiembre; Sarmiento,-32.9802135,-60.6466689,55.0,538.0,Municipio Rosario,Municipio,Rosario,820210,Servicio de Catastro e Información Territorial,IGN
2013,9321,2013-08-08,Jueves,0.0,23:30:00,,0.0,2,"Automóvil,Moto/Ciclomotor",Av. Luis Carballo Y Velez Sarsfield,2,1,0,0,1,0,0,,Avenida,,ROSARIO,Rosario,Hormigón,No existe,II,Dentro,Urbana,Semáforo,Funciona,Intersección,Bueno,Buena,Nocturna,Buen Tiempo,De alcance,S/D,Colisión,S/D,S/D,Cordón divisorio,Sin restricción,POINT (-60.66280744999999 -32.924634),"['Avenida Doctor Luis Cándido Carballo', 'Vélez Sarsfield']",2,Avenida Doctor Luis Cándido Carballo; Vélez Sarsfield,-32.924634,-60.66280744999999,55.0,538.0,Municipio Rosario,Municipio,Rosario,820210,Servicio de Catastro e Información Territorial,IGN
2013,9322,2013-08-09,Viernes,0.0,14:00:00,,0.0,2,"Moto/Ciclomotor,Pickup/Utilitario",Washington Y Bv. Rondeau,2,1,0,0,1,0,0,,Calle,,ROSARIO,Rosario,Asfalto,No existe,II,Dentro,Urbana,Ninguna,No existe,Recta,S/D,S/D,Diurna,S/D,Frontal,S/D,Colisión,S/D,S/D,Ninguna,Sin restricción,POINT (-60.6903563 -32.901208475000004),"['Washington', 'Rondeau']",2,Washington; Bulevar General José Rondeau,-32.901208475000004,-60.6903563,55.0,538.0,Municipio Rosario,Municipio,Rosario,820210,Servicio de Catastro e Información Territorial,IGN
2013,9323,2013-08-04,Domingo,0.0,22:30:00,,0.0,2,"Moto/Ciclomotor,Vehículo Oficial",Solis Y Junin,5,4,0,0,1,0,0,,Calle,,ROSARIO,Rosario,Asfalto,No existe,II,Dentro,Urbana,Semáforo,Funciona,Intersección,Bueno,Reducida,Nocturna,S/D,Lateral,S/D,Colisión,S/D,Horizontal,Ninguna,Sin restricción,POINT (-60.70393299999999 -32.92734089999999),"['Solis', 'Junín']",2,Juan Díaz de Solís; Junín,-32.92734089999999,-60.70393299999999,55.0,538.0,Municipio Rosario,Municipio,Rosario,820210,Servicio de Catastro e Información Territorial,IGN
2013,9325,2013-08-29,Jueves,0.0,16:25:00,,0.0,2,"Bicicleta,Automóvil",Salta 3070,2,1,0,0,1,0,0,,Calle,,ROSARIO,Rosario,Asfalto,No existe,II,S/D,Urbana,Semáforo,Funciona,Recta,Bueno,Buena,Diurna,Buen Tiempo,S/D,S/D,Atropello,S/D,Vertical,Ninguna,Sin restricción,"-32.93458248367347, -60.66321253061225",['Salta 3070'],1,Salta 3070,-32.93458248367347,-60.66321253061225,55.0,538.0,Municipio Rosario,Municipio,Rosario,820210,Servicio de Catastro e Información Territorial,IGN
2013,9326,2013-08-08,Jueves,0.0,10:30:00,,0.0,2,"Moto/Ciclomotor,Automóvil",Venezuela 100,2,1,0,0,1,0,0,,Calle,,ROSARIO,Rosario,Asfalto,No existe,II,Dentro,Urbana,Ninguna,No existe,Recta,Bueno,Buena,Diurna,Buen Tiempo,Lateral,S/D,Colisión,S/D,Faltante,Ninguna,Sin restricción,"-32.9297692, -60.7251035",['Venezuela 100'],1,Venezuela 100,-32.9297692,-60.7251035,55.0,538.0,Municipio Rosario,Municipio,Rosario,820210,Servicio de Catastro e Información Territorial,IGN
2013,9327,2013-08-07,Miercoles,0.0,19:00:00,,0.0,2,"Automóvil,Moto/Ciclomotor",Zelaya Y Chiclana,2,1,0,0,1,0,0,,Calle,,ROSARIO,Rosario,Asfalto,Pavimento,II,Dentro,Urbana,Ninguna,No existe,Recta,S/D,S/D,Diurna,S/D,Frontal,S/D,Colisión,S/D,Vertical,Ninguna,Sin restricción,POINT (-60.69355649999999 -32.90328699999999),"['Zelaya', 'Chiclana']",2,Zelaya; Chiclana,-32.90328699999999,-60.69355649999999,55.0,538.0,Municipio Rosario,Municipio,Rosario,820210,Servicio de Catastro e Información Territorial,IGN
2013,9328,2013-08-28,Miercoles,0.0,12:45:00,,0.0,2,"Moto/Ciclomotor,Moto/Ciclomotor",Catamarca Y San Nicolas,2,1,0,0,1,0,0,,Calle,,ROSARIO,Rosario,Asfalto,No existe,II,S/D,Urbana,Semáforo,Funciona,Recta,Bueno,Buena,Diurna,Buen Tiempo,Otro,S/D,Colisión,S/D,S/D,Ninguna,Sin restricción,POINT (-60.6708811 -32.9345119),"['Catamarca', 'San Nicolás']",2,Catamarca; San Nicolás,-32.9345119,-60.6708811,55.0,538.0,Municipio Rosario,Municipio,Rosario,820210,Servicio de Catastro e Información Territorial,IGN
2013,9329,2013-08-15,Jueves,0.0,07:50:00,,0.0,2,"Taxi/Remis,Moto/Ciclomotor",San Nicolas 300,2,1,0,0,0,0,1,,Calle,,ROSARIO,Rosario,Asfalto,No existe,II,Dentro,Urbana,Semáforo,Funciona,Recta,Bueno,Buena,Diurna,Buen Tiempo,S/D,S/D,Colisión,S/D,Vertical,Ninguna,Sin restricción,"-32.9343504, -60.6709408",['San Nicolas 300'],1,San Nicolas 300,-32.9343504,-60.6709408,55.0,538.0,Municipio Rosario,Municipio,Rosario,820210,Servicio de Catastro e Información Territorial,IGN
2013,9330,2013-08-10,Sabado,0.0,20:35:00,,0.0,2,"Taxi/Remis,Moto/Ciclomotor",Bv. Oroño Y Saavedra,2,1,0,0,1,0,0,,Avenida,,ROSARIO,Rosario,Asfalto,No existe,II,Dentro,Urbana,Ninguna,No existe,Intersección,Bueno,Buena,Nocturna,Buen Tiempo,Lateral,S/D,Colisión,S/D,Faltante,S/D,Sin restricción,POINT (-60.6612381 -32.975227399999994),"['Bulevar Nicasio Oroño', 'Saavedra']",2,Bulevar Nicasio Oroño; Saavedra,-32.975227399999994,-60.6612381,55.0,538.0,Municipio Rosario,Municipio,Rosario,820210,Servicio de Catastro e Información Territorial,IGN
2013,9331,2013-08-15,Jueves,0.0,00:10:00,,0.0,2,"Moto/Ciclomotor,Automóvil",Av. Ing.Acevedo Y J.J.Paso,2,1,0,0,1,0,0,,Calle,,ROSARIO,Rosario,Asfalto,No existe,II,Dentro,Urbana,Semáforo,Funciona,Recta,Bueno,Buena,"Nocturna,Con luz artificial",Buen Tiempo,Lateral,S/D,Colisión,S/D,Vertical,Ninguna,Sin restricción,POINT (-60.7490704 -32.92121759999999),"['Acevedo', 'Paso']",2,Manuel Acevedo; Avenida Juan José Paso,-32.92121759999999,-60.7490704,55.0,538.0,Municipio Rosario,Municipio,Rosario,820210,Servicio de Catastro e Información Territorial,IGN
2013,9332,2013-08-10,Sabado,0.0,17:30:00,,0.0,2,"Moto/Ciclomotor,Automóvil",Santiago Y Av. Ntra.Sra.del Rosario,3,2,0,0,1,0,0,,Calle,,ROSARIO,Rosario,Asfalto,S/D,II,Dentro,Urbana,S/D,S/D,Intersección,S/D,S/D,Atardecer,Buen Tiempo,S/D,S/D,Colisión,S/D,S/D,S/D,S/D,POINT (-60.6677458 -33.00066499999999),"['Santiago', 'Nuestra Señora del Rosario']",2,Santiago; Puente Nuestra Señora del Rosario,-33.00066499999999,-60.6677458,55.0,538.0,Municipio Rosario,Municipio,Rosario,820210,Servicio de Catastro e Información Territorial,IGN
2013,9333,2013-08-10,Sabado,0.0,07:30:00,,0.0,2,"Automóvil,Taxi/Remis",San Nicolas Y San Lorenzo,2,1,0,0,1,0,0,,Calle,,ROSARIO,Rosario,Asfalto,No existe,II,Dentro,Urbana,Ninguna,No existe,Recta,Bueno,Buena,Diurna,Buen Tiempo,Otro,S/D,Colisión,Otro,Faltante,Ninguna,Sin restricción,POINT (-60.67174630000001 -32.9380145),"['San Nicolás', 'San Lorenzo']",2,San Nicolás; San Lorenzo,-32.9380145,-60.67174630000001,55.0,538.0,Municipio Rosario,Municipio,Rosario,820210,Servicio de Catastro e Información Territorial,IGN
2013,9334,2013-08-04,Domingo,0.0,00:10:00,,0.0,2,"Automóvil,Moto/Ciclomotor",Juan B.De La Salle Y Roullon,3,2,0,0,1,0,0,,Calle,,ROSARIO,Rosario,Asfalto,No existe,II,Dentro,Urbana,Ninguna,No existe,Intersección,S/D,Reducida,Nocturna,S/D,Lateral,S/D,Colisión,S/D,Faltante,Ninguna,Sin restricción,POINT (-60.7029755 -32.9222198),"['De La Salle', 'Alfredo Rouillón']",2,De La Salle; Alfredo Rouillón,-32.9222198,-60.7029755,55.0,538.0,Municipio Rosario,Municipio,Rosario,820210,Servicio de Catastro e Información Territorial,IGN
2013,9335,2013-08-08,Jueves,0.0,17:30:00,,0.0,2,"Moto/Ciclomotor,Pickup/Utilitario",Mejico Y Gorriti,2,1,0,0,1,0,0,,Calle,,ROSARIO,Rosario,Asfalto,No existe,II,Dentro,Urbana,Ninguna,No existe,Recta,Bueno,Buena,Diurna,Buen Tiempo,Lateral,S/D,Colisión,S/D,Faltante,Ninguna,Sin restricción,POINT (-60.7191401 -32.92452029999999),"['Mejico', 'Gorriti']",2,Méjico; Gorriti,-32.92452029999999,-60.7191401,55.0,538.0,Municipio Rosario,Municipio,Rosario,820210,Servicio de Catastro e Información Territorial,IGN
2013,9336,2013-08-26,Lunes,0.0,11:20:00,,0.0,2,"Moto/Ciclomotor,Automóvil",Vera Mujica Y Brown,3,2,0,0,1,0,0,,Calle,,ROSARIO,Rosario,Asfalto,No existe,II,S/D,Urbana,Ninguna,No existe,Recta,Bueno,Buena,Diurna,Buen Tiempo,S/D,S/D,Colisión,S/D,Faltante,Ninguna,Sin restricción,POINT (-60.6645439 -32.93197000000001),"['Vera Mujíca', 'Brown']",2,Vera Mujíca; Almirante Brown,-32.93197000000001,-60.6645439,55.0,538.0,Municipio Rosario,Municipio,Rosario,820210,Servicio de Catastro e Información Territorial,IGN
2013,9337,2013-08-06,Martes,0.0,18:30:00,,0.0,2,"Automóvil,Moto/Ciclomotor",Av. Uriburu Y San Martin,3,2,0,0,1,0,0,,Avenida,,ROSARIO,Rosario,Asfalto,No existe,II,S/D,Urbana,Ninguna,No existe,Intersección,Bueno,Buena,Diurna,Buen Tiempo,Lateral,S/D,Colisión,S/D,Faltante,Ninguna,Sin restricción,POINT (-60.646703949999996 -32.99069289999999),"['Uriburu', 'San Martin']",2,Avenida José Uriburu; José de San Martín,-32.99069289999999,-60.64670395,55.0,538.0,Municipio Rosario,Municipio,Rosario,820210,Servicio de Catastro e Información Territorial,IGN
2013,9338,2013-08-07,Miercoles,0.0,08:15:00,,0.0,2,"Moto/Ciclomotor,Automóvil",Gonzalez del Solar Y Av. Eva Peron,2,1,0,0,1,0,0,,Calle,,ROSARIO,Rosario,Asfalto,Pavimento,II,Dentro,Urbana,Semáforo,Funciona,Recta,Bueno,Buena,Diurna,Buen Tiempo,Lateral,S/D,Colisión,S/D,Vertical,Cordón divisorio,Sin restricción,POINT (-60.73683559999999 -32.928717649999996),"['González del Solar', 'Avenida Eva Perón']",2,González del Solar; Avenida Eva Perón,-32.92871765,-60.73683559999999,55.0,538.0,Municipio Rosario,Municipio,Rosario,820210,Servicio de Catastro e Información Territorial,IGN
2013,9339,2013-08-14,Miercoles,0.0,15:00:00,,0.0,2,"Moto/Ciclomotor,Moto/Ciclomotor",Av. Genova 8100,3,3,0,0,0,0,0,,Calle,,ROSARIO,Rosario,Asfalto,No existe,II,Dentro,Urbana,Ninguna,No existe,Recta,Deteriorada,Buena,Diurna,Buen Tiempo,Lateral,S/D,Colisión,S/D,Faltante,Ninguna,Sin restricción,"-32.916609, -60.737645",['Genova 8100'],1,Genova 8100,-32.916609,-60.737645,55.0,538.0,Municipio Rosario,Municipio,Rosario,820210,Servicio de Catastro e Información Territorial,IGN
2013,9340,2013-08-24,Sabado,0.0,03:00:00,,0.0,2,"Automóvil,Taxi/Remis",Urquiza Y Ricchieri,2,1,0,0,1,0,0,,Calle,,ROSARIO,Rosario,Asfalto,S/D,II,S/D,Urbana,Ninguna,No existe,Recta,Bueno,Buena,Nocturna,Buen Tiempo,Otro,S/D,Colisión,Otro,Faltante,Ninguna,Sin restricción,POINT (-60.6619733 -32.9385564),"['Urquiza', 'Ricchieri']",2,Justo José de Urquiza; Ricchieri,-32.9385564,-60.6619733,55.0,538.0,Municipio Rosario,Municipio,Rosario,820210,Servicio de Catastro e Información Territorial,IGN
2013,9341,2013-08-09,Viernes,0.0,11:30:00,,0.0,2,"Automóvil,Moto/Ciclomotor",Albert Sabin Y Alberdi,2,1,0,0,1,0,0,,Avenida,,ROSARIO,Rosario,Asfalto,No existe,II,Dentro,Urbana,Semáforo,Funciona,Recta,Deteriorada,Buena,Diurna,Buen Tiempo,De alcance,S/D,Colisión,S/D,S/D,Cordón divisorio,Sin restricción,POINT (-60.67368635 -32.93013245),"['Avenida Travesía Albert Sabin', 'Alberdi']",2,Avenida Travesía Albert Sabin; Avenida Alberdi,-32.93013245,-60.67368635,55.0,538.0,Municipio Rosario,Municipio,Rosario,820210,Servicio de Catastro e Información Territorial,IGN
2013,9342,2013-08-05,Lunes,0.0,09:40:00,,0.0,2,"Automóvil,Automóvil",Santa Fe Y Valparaiso,2,1,0,0,1,0,0,,Calle,,ROSARIO,Rosario,Asfalto,S/D,II,Dentro,Urbana,Semáforo,Funciona,Intersección,S/D,Buena,Diurna,S/D,Lateral,S/D,Colisión,S/D,Horizontal,Ninguna,Sin restricción,POINT (-60.6814843 -32.937264799999994),"['Santa Fe', 'Valparaíso']",2,Santa Fe; Valparaíso,-32.937264799999994,-60.6814843,55.0,538.0,Municipio Rosario,Municipio,Rosario,820210,Servicio de Catastro e Información Territorial,IGN
2013,9345,2013-08-01,Jueves,0.0,07:20:00,,0.0,2,"Moto/Ciclomotor,Automóvil",Av. Provincias Unidas Y Junin,2,1,0,0,1,0,0,,Avenida,,ROSARIO,Rosario,Asfalto,Pavimento,II,Dentro,Urbana,Ninguna,Funciona,Recta,Bueno,Buena,Diurna,Buen Tiempo,S/D,S/D,Colisión,S/D,Horizontal,Ninguna,Sin restricción,POINT (-60.71317195 -32.92757884999999),"['Avenida Provincias Unidas', 'Junín']",2,Avenida Provincias Unidas; Junín,-32.92757884999999,-60.71317195,55.0,538.0,Municipio Rosario,Municipio,Rosario,820210,Servicio de Catastro e Información Territorial,IGN
2013,9346,2013-08-11,Domingo,0.0,05:30:00,,0.0,1,Pickup/Utilitario,Av. Uriburu Y Sarmiento,2,2,0,0,0,0,0,,Avenida,,ROSARIO,Rosario,Asfalto,No existe,II,Dentro,Urbana,Ninguna,No existe,Intersección,Bueno,Buena,Nocturna,Buen Tiempo,Contra objeto fijo,S/D,Vuelco,S/D,Faltante,Ninguna,Sin restricción,POINT (-60.64935790000001 -32.990775299999996),"['Uriburu', 'Sarmiento']",2,Avenida José Uriburu; Sarmiento,-32.9907753,-60.64935790000001,55.0,538.0,Municipio Rosario,Municipio,Rosario,820210,Servicio de Catastro e Información Territorial,IGN
2013,9347,2013-08-09,Viernes,0.0,10:30:00,,0.0,2,"Moto/Ciclomotor,Automóvil",J.J.Paso Y Sarratea Bis,2,1,0,0,1,0,0,,Calle,,ROSARIO,Rosario,Asfalto,Pavimento,II,Dentro,Urbana,Semáforo,Funciona,Recta,Bueno,Buena,Diurna,Buen Tiempo,Lateral,S/D,Colisión,S/D,Vertical,Ninguna,Sin restricción,POINT (-60.7413166 -32.921011099999994),"['Paso', 'Sarratea']",2,Avenida Juan José Paso; Sarratea,-32.921011099999994,-60.7413166,55.0,538.0,Municipio Rosario,Municipio,Rosario,820210,Servicio de Catastro e Información Territorial,IGN
2013,9348,2013-08-08,Jueves,0.0,13:00:00,,0.0,2,"Automóvil,Moto/Ciclomotor",Junin Y F.More,3,2,0,0,1,0,0,,Calle,,ROSARIO,Rosario,Asfalto,No existe,II,S/D,Urbana,Ninguna,No existe,Intersección,Bueno,S/D,Diurna,S/D,Lateral,S/D,Colisión,S/D,Faltante,Ninguna,Sin restricción,POINT (-60.693953 -32.927062799999995),"['Junín', 'Felipe Moré']",2,Junín; Felipe Moré,-32.927062799999995,-60.693953,55.0,538.0,Municipio Rosario,Municipio,Rosario,820210,Servicio de Catastro e Información Territorial,IGN
2013,9349,2013-08-03,Sabado,0.0,20:30:00,,0.0,2,"Moto/Ciclomotor,Automóvil",Av. Ovidio Lagos 5600,2,1,0,0,1,0,0,,Avenida,,ROSARIO,Rosario,Tierra,No existe,II,Dentro,Urbana,Ninguna,No existe,Intersección,Deteriorada,Buena,"Nocturna,Con luz artificial",Buen Tiempo,Lateral,S/D,Colisión,S/D,Faltante,Ninguna,Sin restricción,"-33.0259193, -60.6809495",['Ovidio Lagos 5600'],1,Ovidio Lagos 5600,-33.0259193,-60.6809495,55.0,538.0,Municipio Rosario,Municipio,Rosario,820210,Servicio de Catastro e Información Territorial,IGN
2013,9350,2013-08-01,Jueves,0.0,07:30:00,,0.0,2,"Moto/Ciclomotor,Automóvil",J.J.Paso Y Donado,2,1,0,0,1,0,0,,Calle,,ROSARIO,Rosario,Asfalto,Pavimento,II,Dentro,Urbana,Ninguna,No existe,Recta,Con baches,Buena,Diurna,Buen Tiempo,Lateral,S/D,Colisión,S/D,Faltante,Ninguna,Sin restricción,POINT (-60.72775539999999 -32.92067259999999),"['Paso', 'Donado']",2,Avenida Juan José Paso; José Agustín Donado,-32.92067259999999,-60.72775539999999,55.0,538.0,Municipio Rosario,Municipio,Rosario,820210,Servicio de Catastro e Información Territorial,IGN
2013,9351,2013-08-23,Viernes,0.0,22:10:00,,0.0,2,"Pickup/Utilitario,Moto/Ciclomotor",Constitucion Y San Lorenzo,2,1,0,0,1,0,0,,Calle,,ROSARIO,Rosario,Asfalto,No existe,II,S/D,Urbana,Ninguna,No existe,Recta,Bueno,Buena,Nocturna,Buen Tiempo,Otro,S/D,Colisión,S/D,Faltante,Ninguna,Sin restricción,POINT (-60.6730946 -32.9377649),"['Constitución', 'San Lorenzo']",2,Constitución; San Lorenzo,-32.9377649,-60.6730946,55.0,538.0,Municipio Rosario,Municipio,Rosario,820210,Servicio de Catastro e Información Territorial,IGN
2013,9353,2013-08-03,Sabado,0.0,,,0.0,2,"Automóvil,Automóvil",Mendoza 8000,3,3,0,0,0,0,0,,Calle,,ROSARIO,Rosario,Asfalto,No existe,II,S/D,Urbana,Ninguna,No existe,Recta,Bueno,Buena,Diurna,Buen Tiempo,Frontal,S/D,Colisión,Otro,Faltante,S/D,Sin restricción,"-32.9400433, -60.7334384",['Mendoza 8000'],1,Mendoza 8000,-32.9400433,-60.7334384,55.0,538.0,Municipio Rosario,Municipio,Rosario,820210,Servicio de Catastro e Información Territorial,IGN
2013,9354,2013-08-08,Jueves,0.0,,,0.0,2,"Automóvil,Moto/Ciclomotor",Albert Sabin Y Stephenson,2,1,0,0,1,0,0,,Avenida,,ROSARIO,Rosario,Hormigón,No existe,II,Dentro,Urbana,Ninguna,No existe,Recta,Bueno,Buena,Diurna,Buen Tiempo,De alcance,S/D,Colisión,S/D,S/D,Cordón divisorio,Sin restricción,POINT (-60.67904745 -32.927360099999994),"['Avenida Travesía Albert Sabin', 'Stephenson']",2,Avenida Travesía Albert Sabin; Stephenson,-32.927360099999994,-60.67904745,55.0,538.0,Municipio Rosario,Municipio,Rosario,820210,Servicio de Catastro e Información Territorial,IGN
2013,9355,2013-08-10,Sabado,0.0,13:50:00,,0.0,2,"Peatón,Moto/Ciclomotor",Av. Wheelwright Y Dorrego,2,1,0,0,1,0,0,,Calle,,ROSARIO,Rosario,Asfalto,No existe,II,Dentro,Urbana,Semáforo,Funciona,Intersección,Bueno,Buena,Diurna,Buen Tiempo,S/D,S/D,Atropello,S/D,Vertical,Ninguna,Sin restricción,POINT (-60.64646990000001 -32.93362040000001),"['Avenida Guillermo Wheelwright', 'Dorrego']",2,Avenida Guillermo Wheelwright; Manuel Dorrego,-32.93362040000001,-60.64646990000001,55.0,538.0,Municipio Rosario,Municipio,Rosario,820210,Servicio de Catastro e Información Territorial,IGN
2013,9356,2013-08-27,Martes,0.0,16:45:00,,0.0,2,"Automóvil,Moto/Ciclomotor",Av. Luis Carballo Y Echeverria Bis,2,1,0,0,1,0,0,,Calle,,ROSARIO,Rosario,Asfalto,Pavimento,II,Dentro,Urbana,Semáforo,Funciona,Distribuidor,Bueno,Buena,Diurna,Buen Tiempo,Lateral,S/D,Colisión,S/D,S/D,S/D,Sin restricción,POINT (-60.672244250000006 -32.921920799999995),"['Avenida Doctor Luis Cándido Carballo', 'Echeverría']",2,Avenida Doctor Luis Cándido Carballo; Echeverría,-32.921920799999995,-60.672244250000006,55.0,538.0,Municipio Rosario,Municipio,Rosario,820210,Servicio de Catastro e Información Territorial,IGN
2013,9357,2013-08-31,Sabado,0.0,09:10:00,,0.0,2,"Automóvil,Moto/Ciclomotor",Alberdi Y Casilda,3,2,0,0,1,0,0,,Avenida,,ROSARIO,Rosario,Hormigón,Pavimento,II,Dentro,Urbana,Ninguna,No existe,Recta,Bueno,Buena,Diurna,Buen Tiempo,De alcance,S/D,Colisión,S/D,S/D,Cordón divisorio,Sin restricción,POINT (-60.6753803 -32.9280932),"['Alberdi', 'Casilda']",2,Avenida Alberdi; Casilda,-32.9280932,-60.6753803,55.0,538.0,Municipio Rosario,Municipio,Rosario,820210,Servicio de Catastro e Información Territorial,IGN
2013,9358,2013-08-05,Lunes,0.0,18:30:00,,0.0,2,"Moto/Ciclomotor,Otros",J.J.Paso Y De Angelis Bis,2,1,0,0,1,0,0,,Calle,,ROSARIO,Rosario,Asfalto,S/D,II,S/D,S/D,Ninguna,No existe,Intersección,Bueno,Buena,Atardecer,Buen Tiempo,Frontal,S/D,Colisión,S/D,Faltante,Ninguna,Sin restricción,POINT (-60.69884830000001 -32.91981109999999),"['Paso', 'De Ángelis']",2,Avenida Juan José Paso; De Ángelis,-32.91981109999999,-60.69884830000001,55.0,538.0,Municipio Rosario,Municipio,Rosario,820210,Servicio de Catastro e Información Territorial,IGN
2013,9361,2013-08-01,Jueves,0.0,20:45:00,,0.0,2,"Moto/Ciclomotor,Peatón",San Lorenzo 1200,2,1,0,0,1,0,0,,Calle,,ROSARIO,Rosario,Asfalto,No existe,II,Dentro,Urbana,Ninguna,No existe,Recta,Bueno,Buena,"Nocturna,Con luz artificial",Buen Tiempo,S/D,S/D,Atropello,S/D,Faltante,Ninguna,Sin restricción,"-32.9438845, -60.638894",['San Lorenzo 1200'],1,San Lorenzo 1200,-32.9438845,-60.638894,55.0,538.0,Municipio Rosario,Municipio,Rosario,820210,Servicio de Catastro e Información Territorial,IGN
2013,9362,2013-08-02,Viernes,0.0,14:55:00,,0.0,2,"Moto/Ciclomotor,Automóvil",Brown Y España,3,2,0,0,1,0,0,,Calle,,ROSARIO,Rosario,Asfalto,No existe,II,Dentro,Urbana,Ninguna,S/D,Intersección,Bueno,Buena,Diurna,Buen Tiempo,Lateral,S/D,Colisión,S/D,Faltante,Ninguna,Sin restricción,POINT (-60.6441389 -32.9356143),"['Brown', 'España']",2,Almirante Brown; España,-32.9356143,-60.6441389,55.0,538.0,Municipio Rosario,Municipio,Rosario,820210,Servicio de Catastro e Información Territorial,IGN
2013,9364,2013-08-03,Sabado,0.0,18:00:00,,0.0,2,"Moto/Ciclomotor,Automóvil",Lavalle Y Bv. Segui,2,1,0,0,1,0,0,,Calle,,ROSARIO,Rosario,Asfalto,No existe,II,Dentro,Urbana,Ninguna,No existe,Intersección,Bueno,Buena,"Atardecer,Con luz artificial",Buen Tiempo,Frontal,S/D,Colisión,S/D,Faltante,Barrera de hormigón,Sin restricción,POINT (-60.686004499999996 -32.971991900000006),"['Lavalle', 'Bulevar Juan Francisco Seguí']",2,Lavalle; Bulevar Juan Francisco Seguí,-32.971991900000006,-60.6860045,55.0,538.0,Municipio Rosario,Municipio,Rosario,820210,Servicio de Catastro e Información Territorial,IGN
2013,9365,2013-08-02,Viernes,0.0,18:30:00,,0.0,1,Automóvil,Av. Uriburu Y Bv. Avellaneda,3,1,0,0,2,0,0,,Avenida,,ROSARIO,Rosario,Asfalto,Pavimento,II,Dentro,Urbana,Semáforo,Funciona,Intersección,Bueno,Buena,"Atardecer,Con luz artificial",Buen Tiempo,Lateral,S/D,Colisión,S/D,Faltante,Ninguna,Sin restricción,POINT (-60.688810375 -32.991943325),"['Uriburu', 'Avellaneda']",2,Avenida José Uriburu; Bulevar Nicolás Avellaneda,-32.991943325,-60.688810375,55.0,538.0,Municipio Rosario,Municipio,Rosario,820210,Servicio de Catastro e Información Territorial,IGN
2013,9367,2013-08-14,Miercoles,0.0,18:30:00,,0.0,2,"Moto/Ciclomotor,Automóvil",Laprida Y Santa Fe,2,1,0,0,1,0,0,,Calle,,ROSARIO,Rosario,Asfalto,No existe,II,Dentro,Urbana,Ninguna,No existe,Intersección,Bueno,Buena,Diurna,Buen Tiempo,Lateral,S/D,Colisión,S/D,Faltante,Ninguna,Sin restricción,POINT (-60.6335764 -32.94663129999999),"['Laprida', 'Santa Fe']",2,Francisco Narciso Laprida; Santa Fe,-32.94663129999999,-60.6335764,55.0,538.0,Municipio Rosario,Municipio,Rosario,820210,Servicio de Catastro e Información Territorial,IGN
2013,9368,2013-08-09,Viernes,0.0,11:30:00,,0.0,2,"Bicicleta,Moto/Ciclomotor",Bv. Wilde Y Schweitzer,2,1,0,0,1,0,0,,Calle,,ROSARIO,Rosario,Asfalto,S/D,II,Dentro,Urbana,S/D,S/D,Intersección,S/D,Buena,Diurna,S/D,S/D,S/D,Atropello,S/D,S/D,S/D,S/D,POINT (-60.7395164 -32.9138794),"['Bulevar Wilde', 'Albert Schweitzer']",2,Bulevar Wilde; Albert Schweitzer,-32.9138794,-60.7395164,55.0,538.0,Municipio Rosario,Municipio,Rosario,820210,Servicio de Catastro e Información Territorial,IGN