anio_acci,nro_acci,fecha,desc_dia,fecha_aprox,hora_aprox,desc_ruta,km,cant_participantes,desc_participante,calle_avenida_km,total,heridos_leves,heridos_graves,heridos_gravisimos,ilesos,fallecidos,sin_datos,posicion_XY,desc_tipo_via,desc_ruta_ori,desc_loc,desc_dpto,desc_tipo_calzada,desc_tipo_banquina,desc_unidad_regional,desc_lugar_calzada,desc_zona,desc_prioridad,desc_estado_semaforo,desc_lugar_via,desc_estado_via,desc_estado_visibilidad,desc_luminosidad,desc_estado_clima,desc_tipo_colision,desc_tipo_atropello,desc_tipo_hecho,desc_pres_calzada,desc_senializacion,desc_separacion_via,desc_restriccion,forma_geocod,calle_lista,numero_calles,calles_osm,lat,lon,index_right,gid,fna,gna,nam,in1,fdc,sag
2013,9369,2013-08-02,Viernes,0.0,18:30:00,,0.0,2,"Otros,Otros",Pte.Quintana Y Castellanos,2,1,0,0,1,0,0,,Calle,,ROSARIO,Rosario,S/D,S/D,II,Dentro,Urbana,S/D,S/D,S/D,S/D,S/D,S/D,S/D,S/D,S/D,S/D,S/D,S/D,S/D,S/D,POINT (-60.684157899999995 -32.9759231),"['Quintana', 'Aaron Castellanos']",2,Presidente Quintana; Aaron Castellanos,-32.9759231,-60.6841579,55.0,538.0,Municipio Rosario,Municipio,Rosario,820210,Servicio de Catastro e Información Territorial,IGN
2013,9370,2013-08-06,Martes,0.0,09:30:00,,0.0,2,"Taxi/Remis,Automóvil",Av. Wheelwright Y Paraguay,2,1,0,0,1,0,0,,Calle,,ROSARIO,Rosario,Asfalto,S/D,II,Dentro,Urbana,Semáforo,Funciona,Intersección,Bueno,Buena,Diurna,Buen Tiempo,De alcance,S/D,Colisión,S/D,Vertical,Ninguna,Sin restricción,POINT (-60.641542300000005 -32.936649899999985),"['Avenida Guillermo Wheelwright', 'Paraguay']",2,Avenida Guillermo Wheelwright; Paraguay,-32.936649899999985,-60.641542300000005,55.0,538.0,Municipio Rosario,Municipio,Rosario,820210,Servicio de Catastro e Información Territorial,IGN
2013,9371,2013-08-05,Lunes,0.0,09:00:00,,0.0,2,"Automóvil,Moto/Ciclomotor",J.B.Justo Y Colombia,2,1,0,0,1,0,0,,Calle,,ROSARIO,Rosario,Asfalto,No existe,II,S/D,Urbana,Ninguna,No existe,Intersección,Bueno,Buena,Diurna,Buen Tiempo,Lateral,S/D,Colisión,S/D,S/D,Ninguna,Sin restricción,POINT (-60.7164811 -32.9335344),"['Justo', 'Colombia']",2,"('Justo José de Urquiza', 'Colombia')",-32.9335344,-60.7164811,55.0,538.0,Municipio Rosario,Municipio,Rosario,820210,Servicio de Catastro e Información Territorial,IGN
2013,9372,2013-08-02,Viernes,0.0,11:30:00,,0.0,2,"Pickup/Utilitario,Peatón",J.M.de Rosas Y 9 De Julio,2,1,0,0,1,0,0,,Calle,,ROSARIO,Rosario,Asfalto,S/D,II,Dentro,Urbana,S/D,S/D,Intersección,Bueno,S/D,Diurna,S/D,Otro,S/D,Atropello,S/D,S/D,Barrera de alto impacto,S/D,POINT (-60.6330964 -32.9551183),"['De Rosas', '9 de Julio']",2,Juan Manuel de Rosas; 9 de Julio,-32.9551183,-60.6330964,55.0,538.0,Municipio Rosario,Municipio,Rosario,820210,Servicio de Catastro e Información Territorial,IGN
2013,9373,2013-08-18,Domingo,0.0,13:40:00,,0.0,2,"Bicicleta,Automóvil",San Martin Y Pje. Amsterdam,2,1,0,0,1,0,0,,Avenida,,ROSARIO,Rosario,Asfalto,No existe,II,Dentro,Urbana,Ninguna,No existe,Recta,Bueno,Buena,Diurna,Buen Tiempo,S/D,S/D,Atropello,S/D,Faltante,Ninguna,Sin restricción,POINT (-60.6473074 -32.9934496),"['San Martin', 'Amsterdam']",2,José de San Martín; Amsterdam,-32.9934496,-60.6473074,55.0,538.0,Municipio Rosario,Municipio,Rosario,820210,Servicio de Catastro e Información Territorial,IGN
2013,9374,2013-08-01,Jueves,0.0,15:30:00,,0.0,2,"Moto/Ciclomotor,Automóvil",Av. Ovidio Lagos Y Cnel.Arnold,3,2,0,0,1,0,0,,Calle,,ROSARIO,Rosario,Asfalto,No existe,II,Dentro,Urbana,Ninguna,No existe,Intersección,Bueno,Buena,Diurna,Buen Tiempo,Frontal,S/D,Colisión,S/D,Faltante,S/D,S/D,POINT (-60.67327350000001 -32.99105795),"['Avenida Ovidio Lagos', 'Arnold']",2,Avenida Ovidio Lagos; Arnold,-32.99105795,-60.67327350000001,55.0,538.0,Municipio Rosario,Municipio,Rosario,820210,Servicio de Catastro e Información Territorial,IGN
2013,9375,2013-08-12,Lunes,0.0,14:04:00,,0.0,2,"Moto/Ciclomotor,Automóvil",San Juan Y L.N.Alem,2,1,0,0,1,0,0,,Calle,,ROSARIO,Rosario,Asfalto,S/D,II,Dentro,Urbana,S/D,S/D,Intersección,Bueno,Buena,Diurna,S/D,Lateral,S/D,Colisión,S/D,S/D,Cordón divisorio,S/D,POINT (-60.6292917 -32.9520629),"['San Juan', 'Alem']",2,San Juan; Leandro N. Alem,-32.9520629,-60.6292917,55.0,538.0,Municipio Rosario,Municipio,Rosario,820210,Servicio de Catastro e Información Territorial,IGN
2013,9376,2013-08-22,Jueves,0.0,15:30:00,,0.0,2,"Moto/Ciclomotor,Automóvil",Av. Ovidio Lagos Y Rivadavia,3,1,0,0,2,0,0,,Avenida,,ROSARIO,Rosario,Asfalto,No existe,II,S/D,Urbana,Semáforo,Funciona,Recta,Bueno,Buena,Diurna,Buen Tiempo,Otro,S/D,Colisión,S/D,Horizontal,Ninguna,Sin restricción,POINT (-60.672997499999994 -32.989899199999996),"['Avenida Ovidio Lagos', 'Rivadavia']",2,Avenida Ovidio Lagos; Avenida Bernardino Rivadavia,-32.9898992,-60.6729975,55.0,538.0,Municipio Rosario,Municipio,Rosario,820210,Servicio de Catastro e Información Territorial,IGN
2013,9378,2013-08-18,Domingo,0.0,07:00:00,,0.0,2,"Moto/Ciclomotor,Automóvil",Paraguay Y Milan,2,1,0,0,1,0,0,,Calle,,ROSARIO,Rosario,Asfalto,No existe,II,Dentro,Urbana,Ninguna,No existe,Recta,Bueno,Buena,Amanecer,Buen Tiempo,S/D,S/D,Colisión,S/D,Faltante,Ninguna,Sin restricción,POINT (-60.6548663 -32.9895632),"['Paraguay', 'Milán']",2,Paraguay; Milán,-32.9895632,-60.6548663,55.0,538.0,Municipio Rosario,Municipio,Rosario,820210,Servicio de Catastro e Información Territorial,IGN
2013,9379,2013-08-06,Martes,0.0,10:45:00,,0.0,2,"Automóvil,Bicicleta",J.J.Paso Y Colombia,2,1,0,0,1,0,0,,Calle,,ROSARIO,Rosario,Asfalto,S/D,II,S/D,Urbana,Ninguna,No existe,Intersección,Bueno,Buena,S/D,Buen Tiempo,S/D,S/D,Atropello,S/D,Faltante,Ninguna,Sin restricción,POINT (-60.7172427 -32.920386975),"['Paso', 'Colombia']",2,Avenida Juan José Paso; Colombia,-32.920386975,-60.7172427,55.0,538.0,Municipio Rosario,Municipio,Rosario,820210,Servicio de Catastro e Información Territorial,IGN
2013,9380,2013-08-14,Miercoles,0.0,23:30:00,,0.0,2,"Moto/Ciclomotor,Automóvil",Buenos Aires Y Cordoba,2,1,0,0,1,0,0,,Calle,,ROSARIO,Rosario,Asfalto,S/D,II,Dentro,Urbana,S/D,S/D,Intersección,Bueno,Buena,Nocturna,S/D,Lateral,S/D,Colisión,S/D,S/D,Cordón divisorio,S/D,POINT (-60.632749 -32.9475389),"['Buenos Aires', 'Córdoba']",2,Buenos Aires; Córdoba,-32.9475389,-60.632749,55.0,538.0,Municipio Rosario,Municipio,Rosario,820210,Servicio de Catastro e Información Territorial,IGN
2013,9382,2013-08-23,Viernes,0.0,01:40:00,,0.0,2,"Taxi/Remis,Moto/Ciclomotor",Paraguay Y Estado de Israel,3,2,0,0,1,0,0,,Calle,,ROSARIO,Rosario,Asfalto,No existe,II,Dentro,Urbana,Ninguna,No existe,Intersección,Bueno,Buena,Nocturna,Buen Tiempo,Lateral,S/D,Colisión,S/D,Faltante,Ninguna,Sin restricción,POINT (-60.65516629999999 -32.9920435),"['Paraguay', 'Estado de Israel']",2,Paraguay; Estado de Israel,-32.9920435,-60.65516629999999,55.0,538.0,Municipio Rosario,Municipio,Rosario,820210,Servicio de Catastro e Información Territorial,IGN
2013,9383,2013-08-01,Jueves,0.0,14:30:00,,0.0,2,"Moto/Ciclomotor,Automóvil",Saavedra Y Alsina,3,2,0,0,1,0,0,,Calle,,ROSARIO,Rosario,Tierra,No existe,II,Dentro,Urbana,Ninguna,No existe,Intersección,Deteriorada,Buena,Diurna,Buen Tiempo,Lateral,S/D,Colisión,S/D,Faltante,Ninguna,Sin restricción,POINT (-60.6843473 -32.97111979999999),"['Saavedra', 'Alsina']",2,Saavedra; Alsina,-32.97111979999999,-60.6843473,55.0,538.0,Municipio Rosario,Municipio,Rosario,820210,Servicio de Catastro e Información Territorial,IGN
2013,9384,2013-08-16,Viernes,0.0,17:00:00,,0.0,2,"Moto/Ciclomotor,Automóvil",San Lorenzo Y Ricchieri,2,1,0,0,1,0,0,,Calle,,ROSARIO,Rosario,Asfalto,No existe,II,S/D,Urbana,Ninguna,No existe,Recta,Bueno,Buena,Diurna,Buen Tiempo,Otro,S/D,Colisión,S/D,Faltante,Ninguna,Sin restricción,POINT (-60.66225899999999 -32.939696399999995),"['San Lorenzo', 'Ricchieri']",2,San Lorenzo; Ricchieri,-32.939696399999995,-60.66225899999999,55.0,538.0,Municipio Rosario,Municipio,Rosario,820210,Servicio de Catastro e Información Territorial,IGN
2013,9385,2013-08-17,Sabado,0.0,08:30:00,,0.0,2,"Automóvil,Automóvil",Maipu Y Mendoza,2,1,0,0,1,0,0,,Calle,,ROSARIO,Rosario,Asfalto,S/D,II,Dentro,Urbana,Semáforo,Funciona,Intersección,Bueno,Buena,Diurna,S/D,Lateral,S/D,Colisión,S/D,S/D,Cordón divisorio,S/D,POINT (-60.6365437 -32.95199989999999),"['Maipú', 'Mendoza']",2,Maipú; Mendoza,-32.95199989999999,-60.6365437,55.0,538.0,Municipio Rosario,Municipio,Rosario,820210,Servicio de Catastro e Información Territorial,IGN
2013,9387,2013-08-23,Viernes,0.0,23:50:00,,0.0,2,"Automóvil,Moto/Ciclomotor",San Martin Y Ayolas,2,1,0,0,1,0,0,,Avenida,,ROSARIO,Rosario,Asfalto,No existe,II,Dentro,Urbana,Ninguna,No existe,Intersección,Bueno,Buena,Nocturna,Buen Tiempo,Lateral,S/D,Colisión,S/D,Faltante,Ninguna,Sin restricción,POINT (-60.644083949999995 -32.97709834999999),"['San Martin', 'Ayolas']",2,José de San Martín; Ayolas,-32.97709834999999,-60.64408395,55.0,538.0,Municipio Rosario,Municipio,Rosario,820210,Servicio de Catastro e Información Territorial,IGN
2013,9389,2013-08-31,Sabado,0.0,14:10:00,,0.0,2,"Automóvil,Moto/Ciclomotor",San Martin Y Dean Funes,2,1,0,0,1,0,0,,Avenida,,ROSARIO,Rosario,Asfalto,No existe,II,Dentro,Urbana,Ninguna,No existe,Intersección,Bueno,Buena,Diurna,Buen Tiempo,Lateral,S/D,Colisión,S/D,Faltante,Ninguna,Sin restricción,POINT (-60.6440372 -32.97592170000001),"['San Martin', 'Deán Gregorio Funes']",2,José de San Martín; Deán Gregorio Funes,-32.97592170000001,-60.6440372,55.0,538.0,Municipio Rosario,Municipio,Rosario,820210,Servicio de Catastro e Información Territorial,IGN
2013,9391,2013-08-16,Viernes,0.0,09:30:00,,0.0,2,"Automóvil,Pickup/Utilitario",Santa Fe Y Bv. Avellaneda,2,1,0,0,1,0,0,,S/D,,ROSARIO,Rosario,Asfalto,No existe,II,S/D,S/D,Semáforo,Funciona,Recta,Bueno,Buena,Diurna,Buen Tiempo,S/D,S/D,Colisión,S/D,Vertical,Ninguna,Sin restricción,POINT (-60.678825950000004 -32.937741700000004),"['Santa Fe', 'Avellaneda']",2,Santa Fe; Bulevar Nicolás Avellaneda,-32.937741700000004,-60.67882595,55.0,538.0,Municipio Rosario,Municipio,Rosario,820210,Servicio de Catastro e Información Territorial,IGN
2013,9393,2013-08-31,Sabado,0.0,17:30:00,,0.0,2,"Automóvil,Automóvil",Biedma Y Italia,3,1,0,0,2,0,0,,S/D,,ROSARIO,Rosario,Asfalto,No existe,II,S/D,S/D,Ninguna,No existe,Intersección,Bueno,Buena,Diurna,Buen Tiempo,Lateral,S/D,Colisión,S/D,Faltante,Ninguna,Sin restricción,POINT (-60.656682 -32.9796508),"['Coronel Biedma', 'Italia']",2,Coronel Biedma; Italia,-32.9796508,-60.656682,55.0,538.0,Municipio Rosario,Municipio,Rosario,820210,Servicio de Catastro e Información Territorial,IGN
2013,9394,2013-08-23,Viernes,0.0,16:20:00,,0.0,2,"Bicicleta,Otros",Italia 700,2,1,0,0,1,0,0,,Calle,,ROSARIO,Rosario,Asfalto,S/D,II,Dentro,Urbana,Ninguna,No existe,Recta,Bueno,S/D,Diurna,Buen Tiempo,S/D,S/D,Atropello,S/D,Faltante,Cordón divisorio,Sin restricción,"-32.9432419, -60.6475476",['Italia 700'],1,Italia 700,-32.9432419,-60.6475476,55.0,538.0,Municipio Rosario,Municipio,Rosario,820210,Servicio de Catastro e Información Territorial,IGN
2013,9396,2013-08-31,Sabado,0.0,03:00:00,,0.0,2,"Automóvil,Moto/Ciclomotor",Sarmiento Y Amenabar,2,1,0,0,1,0,0,,Calle,,ROSARIO,Rosario,Asfalto,No existe,II,Dentro,Urbana,Ninguna,No existe,Intersección,Bueno,Buena,Nocturna,Buen Tiempo,Lateral,S/D,Colisión,S/D,Faltante,Ninguna,Sin restricción,POINT (-60.64464180000001 -32.972218999999996),"['Sarmiento', 'Amenabar']",2,Sarmiento; José de Amenábar,-32.972219,-60.64464180000001,55.0,538.0,Municipio Rosario,Municipio,Rosario,820210,Servicio de Catastro e Información Territorial,IGN
2013,9397,2013-08-28,Miercoles,0.0,10:20:00,,0.0,2,"Bicicleta,Pickup/Utilitario",3 De Febrero 2100,2,1,0,0,1,0,0,,Calle,,ROSARIO,Rosario,Asfalto,S/D,II,Dentro,Urbana,Ninguna,No existe,Recta,Bueno,Buena,Diurna,Buen Tiempo,S/D,S/D,Atropello,S/D,S/D,Cordón divisorio,Sin restricción,"-32.9503204, -60.6533837",['3 De Febrero 2100'],1,3 De Febrero 2100,-32.9503204,-60.6533837,55.0,538.0,Municipio Rosario,Municipio,Rosario,820210,Servicio de Catastro e Información Territorial,IGN
2013,9398,2013-08-24,Sabado,0.0,11:20:00,,0.0,2,"Bicicleta,Automóvil",E.Zeballos 1600,2,1,0,0,1,0,0,,Calle,,ROSARIO,Rosario,Asfalto,S/D,II,Dentro,Urbana,Ninguna,No existe,Recta,Bueno,Buena,Diurna,S/D,S/D,S/D,Atropello,S/D,Faltante,Cordón divisorio,Sin restricción,"-32.9577248, -60.6249701",['E Zeballos 1600'],1,E Zeballos 1600,-32.9577248,-60.6249701,55.0,538.0,Municipio Rosario,Municipio,Rosario,820210,Servicio de Catastro e Información Territorial,IGN
2013,9399,2013-08-28,Miercoles,0.0,16:55:00,,0.0,2,"Bicicleta,Automóvil",Sarmiento 1100,2,1,0,0,1,0,0,,Calle,,ROSARIO,Rosario,Asfalto,S/D,II,Dentro,Urbana,Ninguna,No existe,Recta,Con baches,Buena,Diurna,Buen Tiempo,S/D,S/D,Atropello,Agua,Faltante,Cordón divisorio,S/D,"-32.9500571, -60.6391317",['Sarmiento 1100'],1,Sarmiento 1100,-32.9500571,-60.6391317,55.0,538.0,Municipio Rosario,Municipio,Rosario,820210,Servicio de Catastro e Información Territorial,IGN
2013,9400,2013-08-19,Lunes,0.0,18:20:00,,0.0,1,,Rioja Y Maipu,4,4,0,0,0,0,0,,Calle,,ROSARIO,Rosario,Asfalto,S/D,II,Dentro,Urbana,S/D,S/D,Intersección,Bueno,Buena,Atardecer,S/D,Lateral,S/D,Colisión,S/D,S/D,Cordón divisorio,S/D,POINT (-60.6355516 -32.948277499999996),"['Rioja', 'Maipú']",2,Rioja; Maipú,-32.9482775,-60.6355516,55.0,538.0,Municipio Rosario,Municipio,Rosario,820210,Servicio de Catastro e Información Territorial,IGN
2013,9420,2013-08-08,Jueves,0.0,08:15:00,,0.0,2,"Moto/Ciclomotor,Automóvil",AV. CIRCUNVALACIÓN Y COLECTORA ,2,1,0,0,1,0,0,,S/D,,ROSARIO,Rosario,Asfalto,S/D,II,Dentro,Urbana,S/D,S/D,Recta,S/D,Buena,Diurna,S/D,S/D,S/D,Colisión,S/D,S/D,S/D,S/D,POINT (-60.68232633784333 -32.92244612005323),"['Circunvalación', 'Colectora']",2,"('Avenida de Circunvalación 25 de Mayo', 'Colectora de Circunvalación')",-32.92244612005323,-60.68232633784333,55.0,538.0,Municipio Rosario,Municipio,Rosario,820210,Servicio de Catastro e Información Territorial,IGN
2013,9421,2013-08-08,Jueves,0.0,16:00:00,,0.0,2,"Moto/Ciclomotor,Peatón",Av. Pellegrini Y Av. Corrientes,2,2,0,0,0,0,0,,Avenida,,ROSARIO,Rosario,Asfalto,S/D,II,Dentro,Urbana,Semáforo,Funciona,Intersección,Bueno,Buena,Diurna,Buen Tiempo,S/D,S/D,Atropello,S/D,Vertical,Cordón divisorio,Sin restricción,POINT (-60.645055850000006 -32.95655624999999),"['Pellegrini', 'Corrientes']",2,Avenida Carlos Pellegrini; Corrientes,-32.95655624999999,-60.645055850000006,55.0,538.0,Municipio Rosario,Municipio,Rosario,820210,Servicio de Catastro e Información Territorial,IGN
2013,9422,2013-08-01,Jueves,0.0,07:30:00,,0.0,2,"Moto/Ciclomotor,Automóvil",J.J.Paso 7600,2,1,0,0,1,0,0,,Calle,,ROSARIO,Rosario,Asfalto,Natural,II,Dentro,Urbana,Ninguna,No existe,Recta,Con baches,Buena,Diurna,Buen Tiempo,Lateral,S/D,Colisión,S/D,Faltante,Ninguna,Sin restricción,"-32.920522, -60.7255187",['Juan José Paso 7600'],1,Juan José Paso 7600,-32.920522,-60.7255187,55.0,538.0,Municipio Rosario,Municipio,Rosario,820210,Servicio de Catastro e Información Territorial,IGN
2013,9423,2013-08-13,Martes,0.0,15:00:00,,0.0,2,"Automóvil,Pickup/Utilitario",9 De Julio Y Av. Corrientes,3,1,0,0,2,0,0,,Calle,,ROSARIO,Rosario,Asfalto,S/D,II,S/D,Urbana,Semáforo,Funciona,Recta,Bueno,Buena,Diurna,Buen Tiempo,Frontal,S/D,Colisión,S/D,Vertical,S/D,Sin restricción,POINT (-60.64417650000001 -32.95310819999999),"['9 de Julio', 'Corrientes']",2,9 de Julio; Corrientes,-32.95310819999999,-60.64417650000001,55.0,538.0,Municipio Rosario,Municipio,Rosario,820210,Servicio de Catastro e Información Territorial,IGN
2013,9424,2013-08-24,Sabado,0.0,07:40:00,,0.0,2,"Automóvil,Pickup/Utilitario",Av. Corrientes 1200,3,1,0,0,2,0,0,,Calle,,ROSARIO,Rosario,Asfalto,No existe,II,Dentro,Urbana,Ninguna,No existe,Recta,Bueno,Buena,Diurna,Buen Tiempo,Frontal,S/D,Colisión,S/D,Faltante,Ninguna,Sin restricción,"-32.950703, -60.6436207",['Corrientes 1200'],1,Corrientes 1200,-32.950703,-60.6436207,55.0,538.0,Municipio Rosario,Municipio,Rosario,820210,Servicio de Catastro e Información Territorial,IGN
2013,9425,2013-08-19,Lunes,0.0,18:20:00,,0.0,2,"Transporte de Pasajeros Urbano (> 8 asientos),Automóvil",Rioja Y Maipu,4,4,0,0,0,0,0,,Calle,,ROSARIO,Rosario,Asfalto,S/D,II,Dentro,Urbana,S/D,S/D,Intersección,Bueno,Buena,Diurna,S/D,Lateral,S/D,Colisión,S/D,S/D,Cordón divisorio,S/D,POINT (-60.6355516 -32.948277499999996),"['Rioja', 'Maipú']",2,Rioja; Maipú,-32.9482775,-60.6355516,55.0,538.0,Municipio Rosario,Municipio,Rosario,820210,Servicio de Catastro e Información Territorial,IGN
2013,9426,2013-08-10,Sabado,0.0,18:45:00,,0.0,2,"Automóvil,Moto/Ciclomotor",Balcarce Y 3 De Febrero,3,2,0,0,1,0,0,,Calle,,ROSARIO,Rosario,Asfalto,No existe,II,Dentro,Urbana,Ninguna,No funciona,Intersección,Bueno,Buena,Atardecer,Buen Tiempo,Lateral,S/D,Colisión,S/D,Faltante,"Ninguna,S/D",Sin restricción,POINT (-60.6535421 -32.95033519999999),"['Balcarce', '3 de Febrero']",2,Balcarce; 3 de Febrero,-32.95033519999999,-60.6535421,55.0,538.0,Municipio Rosario,Municipio,Rosario,820210,Servicio de Catastro e Información Territorial,IGN
2013,9427,2013-08-16,Viernes,0.0,12:30:00,,0.0,2,"Peatón,Automóvil",9 De Julio Y Balcarce,2,1,0,0,1,0,0,,Calle,,ROSARIO,Rosario,Asfalto,S/D,II,Dentro,Urbana,Ninguna,No existe,Intersección,Bueno,Buena,Diurna,Buen Tiempo,Otro,S/D,Atropello,S/D,Faltante,Cordón divisorio,Sin restricción,POINT (-60.6538105 -32.95138879999999),"['9 de Julio', 'Balcarce']",2,9 de Julio; Balcarce,-32.95138879999999,-60.6538105,55.0,538.0,Municipio Rosario,Municipio,Rosario,820210,Servicio de Catastro e Información Territorial,IGN
2013,9428,2013-08-23,Viernes,0.0,01:50:00,,0.0,2,"Automóvil,Automóvil",Av. Corrientes Y Mendoza,2,1,0,0,1,0,0,,Calle,,ROSARIO,Rosario,Asfalto,No existe,II,Dentro,Urbana,Semáforo,Funciona,Intersección,Bueno,Buena,"Nocturna,Con luz artificial",Buen Tiempo,Lateral,S/D,Colisión,S/D,Vertical,S/D,Sin restricción,POINT (-60.643583500000005 -32.9507824),"['Corrientes', 'Mendoza']",2,Corrientes; Mendoza,-32.9507824,-60.643583500000005,55.0,538.0,Municipio Rosario,Municipio,Rosario,820210,Servicio de Catastro e Información Territorial,IGN
2013,9429,2013-08-12,Lunes,0.0,19:30:00,,0.0,2,"Pickup/Utilitario,Automóvil",3 De Febrero Y España,2,1,0,0,1,0,0,,Calle,,ROSARIO,Rosario,Asfalto,S/D,II,Dentro,Urbana,Semáforo,S/D,Intersección,Bueno,Buena,"Atardecer,Con luz artificial",Buen Tiempo,Lateral,S/D,Colisión,S/D,Vertical,Cordón divisorio,Sin restricción,POINT (-60.6480793 -32.95128789999999),"['3 de Febrero', 'España']",2,3 de Febrero; España,-32.95128789999999,-60.6480793,55.0,538.0,Municipio Rosario,Municipio,Rosario,820210,Servicio de Catastro e Información Territorial,IGN
2013,9430,2013-08-19,Lunes,0.0,15:30:00,,0.0,2,"Moto/Ciclomotor,Automóvil",Rioja Y Buenos Aires,2,1,0,0,1,0,0,,Calle,,ROSARIO,Rosario,Asfalto,S/D,II,Dentro,Urbana,S/D,S/D,Intersección,Bueno,Buena,Diurna,S/D,Lateral,S/D,Colisión,S/D,S/D,Cordón divisorio,S/D,POINT (-60.633047700000006 -32.94881029999999),"['Rioja', 'Buenos Aires']",2,Rioja; Buenos Aires,-32.94881029999999,-60.633047700000006,55.0,538.0,Municipio Rosario,Municipio,Rosario,820210,Servicio de Catastro e Información Territorial,IGN
2013,9432,2013-08-06,Martes,0.0,08:30:00,,0.0,2,"Automóvil,Camión",Maipu 900,2,1,0,0,1,0,0,,Calle,,ROSARIO,Rosario,Asfalto,S/D,II,Dentro,Urbana,Semáforo,Funciona,Recta,Bueno,S/D,Diurna,S/D,Otro,S/D,Colisión,S/D,S/D,Cordón divisorio,S/D,"-32.9481831, -60.6355696",['Maipu 900'],1,Maipu 900,-32.9481831,-60.6355696,55.0,538.0,Municipio Rosario,Municipio,Rosario,820210,Servicio de Catastro e Información Territorial,IGN
2013,9433,2013-08-20,Martes,0.0,12:00:00,,0.0,2,"Peatón,Automóvil",San Luis Y Mariano Moreno,2,1,0,0,1,0,0,,Calle,,ROSARIO,Rosario,Asfalto,No existe,II,Dentro,Urbana,Paso Peatonal,No existe,Intersección,Bueno,Buena,Diurna,Buen Tiempo,S/D,S/D,Atropello,S/D,Horizontal,Ninguna,Sin restricción,POINT (-60.6512659 -32.94680389999999),"['San Luis', 'Mariano Moreno']",2,San Luis; Mariano Moreno,-32.94680389999999,-60.6512659,55.0,538.0,Municipio Rosario,Municipio,Rosario,820210,Servicio de Catastro e Información Territorial,IGN
2013,9434,2013-08-07,Miercoles,0.0,10:00:00,,0.0,2,"Bicicleta,Automóvil",España 1000,2,1,0,0,1,0,0,,Calle,,ROSARIO,Rosario,Asfalto,S/D,II,Dentro,Urbana,Ninguna,No existe,Recta,Bueno,Buena,Diurna,Buen Tiempo,S/D,S/D,Atropello,S/D,Faltante,Cordón divisorio,Sin restricción,"-32.947433, -60.647166",['España 1000'],1,España 1000,-32.947433,-60.647166,55.0,538.0,Municipio Rosario,Municipio,Rosario,820210,Servicio de Catastro e Información Territorial,IGN
2013,9435,2013-08-22,Jueves,0.0,13:20:00,,0.0,2,"Peatón,Automóvil",España Y Mendoza,2,1,0,0,1,0,0,,Calle,,ROSARIO,Rosario,Asfalto,No existe,II,Dentro,Urbana,Paso Peatonal,S/D,Intersección,Bueno,Buena,Diurna,Buen Tiempo,S/D,S/D,Atropello,S/D,Faltante,Ninguna,Sin restricción,POINT (-60.64776750000001 -32.950048100000004),"['España', 'Mendoza']",2,España; Mendoza,-32.950048100000004,-60.64776750000001,55.0,538.0,Municipio Rosario,Municipio,Rosario,820210,Servicio de Catastro e Información Territorial,IGN
2013,9436,2013-08-15,Jueves,0.0,10:40:00,,0.0,2,"Bicicleta,Automóvil",San Juan Y Alvear,2,1,0,0,1,0,0,,Calle,,ROSARIO,Rosario,Asfalto,S/D,II,Dentro,Urbana,Ninguna,No existe,Recta,S/D,Buena,Diurna,Buen Tiempo,S/D,S/D,Atropello,S/D,Faltante,Cordón divisorio,Sin restricción,POINT (-60.6556081 -32.94720589999999),"['San Juan', 'Alvear']",2,San Juan; Alvear,-32.94720589999999,-60.6556081,55.0,538.0,Municipio Rosario,Municipio,Rosario,820210,Servicio de Catastro e Información Territorial,IGN
2013,9437,2013-08-10,Sabado,0.0,,,0.0,2,"Pickup/Utilitario,Moto/Ciclomotor",3 De Febrero Y Paraguay,2,1,0,0,1,0,0,,Calle,,ROSARIO,Rosario,Asfalto,S/D,II,Dentro,Urbana,Ninguna,No existe,Intersección,Bueno,Buena,"Nocturna,Con luz artificial",Buen Tiempo,Lateral,S/D,Colisión,S/D,Faltante,Cordón divisorio,Sin restricción,POINT (-60.6453207 -32.95177),"['3 de Febrero', 'Paraguay']",2,3 de Febrero; Paraguay,-32.95177,-60.6453207,55.0,538.0,Municipio Rosario,Municipio,Rosario,820210,Servicio de Catastro e Información Territorial,IGN
2013,9438,2013-08-08,Jueves,0.0,10:00:00,,0.0,2,"Moto/Ciclomotor,Moto/Ciclomotor",Buenos Aires Y Mendoza,3,1,0,0,2,0,0,,Calle,,ROSARIO,Rosario,Asfalto,S/D,II,Dentro,Urbana,S/D,S/D,Intersección,Bueno,Buena,Diurna,S/D,Lateral,S/D,Colisión,S/D,S/D,S/D,S/D,POINT (-60.6339667 -32.952472600000014),"['Buenos Aires', 'Mendoza']",2,Buenos Aires; Mendoza,-32.952472600000014,-60.6339667,55.0,538.0,Municipio Rosario,Municipio,Rosario,820210,Servicio de Catastro e Información Territorial,IGN
2013,9439,2013-08-05,Lunes,0.0,10:00:00,,0.0,2,"Peatón,Automóvil",San Luis Y Pte.Roca,2,1,0,0,1,0,0,,Calle,,ROSARIO,Rosario,Asfalto,S/D,II,Dentro,Urbana,Ninguna,No existe,Intersección,Con baches,Buena,Diurna,Buen Tiempo,S/D,S/D,Atropello,S/D,Faltante,Ninguna,Sin restricción,POINT (-60.6457427 -32.9477862),"['San Luis', 'Roca']",2,San Luis; Presidente Roca,-32.9477862,-60.6457427,55.0,538.0,Municipio Rosario,Municipio,Rosario,820210,Servicio de Catastro e Información Territorial,IGN