anio_acci,nro_acci,fecha,desc_dia,fecha_aprox,hora_aprox,desc_ruta,km,cant_participantes,desc_participante,calle_avenida_km,total,heridos_leves,heridos_graves,heridos_gravisimos,ilesos,fallecidos,sin_datos,posicion_XY,desc_tipo_via,desc_ruta_ori,desc_loc,desc_dpto,desc_tipo_calzada,desc_tipo_banquina,desc_unidad_regional,desc_lugar_calzada,desc_zona,desc_prioridad,desc_estado_semaforo,desc_lugar_via,desc_estado_via,desc_estado_visibilidad,desc_luminosidad,desc_estado_clima,desc_tipo_colision,desc_tipo_atropello,desc_tipo_hecho,desc_pres_calzada,desc_senializacion,desc_separacion_via,desc_restriccion,forma_geocod,calle_lista,numero_calles,calles_osm,lat,lon,index_right,gid,fna,gna,nam,in1,fdc,sag
2013,9440,2013-08-07,Miercoles,0.0,14:00:00,,0.0,2,"Moto/Ciclomotor,Automóvil",Martinez Estrada Y Donado,2,1,0,0,1,0,0,,Calle,,ROSARIO,Rosario,Asfalto,S/D,II,Dentro,Urbana,S/D,S/D,Intersección,S/D,Buena,Diurna,S/D,S/D,S/D,Colisión,S/D,S/D,S/D,S/D,POINT (-60.72830845 -32.91112455),"['Martinez Estrada', 'Donado']",2,Martinez Estrada; José Agustín Donado,-32.91112455,-60.72830845,55.0,538.0,Municipio Rosario,Municipio,Rosario,820210,Servicio de Catastro e Información Territorial,IGN
2013,9441,2013-08-21,Miercoles,0.0,16:00:00,,0.0,2,"Moto/Ciclomotor,Automóvil",Mendoza 700,3,2,0,0,1,0,0,,Calle,,ROSARIO,Rosario,Asfalto,S/D,II,Dentro,Urbana,S/D,S/D,Intersección,Bueno,Buena,Diurna,S/D,De alcance,S/D,Colisión,S/D,S/D,Cordón divisorio,S/D,"-32.9524456, -60.6338547",['Mendoza 700'],1,Mendoza 700,-32.9524456,-60.6338547,55.0,538.0,Municipio Rosario,Municipio,Rosario,820210,Servicio de Catastro e Información Territorial,IGN
2013,9442,2013-08-12,Lunes,0.0,18:40:00,,0.0,1,Transporte de Pasajeros Urbano (> 8 asientos),Mitre Y Montevideo,2,1,0,0,1,0,0,,Calle,,ROSARIO,Rosario,Asfalto,S/D,II,Dentro,Urbana,Ninguna,No existe,Intersección,Bueno,Buena,Atardecer,Buen Tiempo,S/D,S/D,Otro,S/D,Faltante,Cordón divisorio,Sin restricción,POINT (-60.6420026 -32.95589439999999),"['Mitre', 'Montevideo']",2,Bartolomé Mitre; Montevideo,-32.95589439999999,-60.6420026,55.0,538.0,Municipio Rosario,Municipio,Rosario,820210,Servicio de Catastro e Información Territorial,IGN
2013,9443,2013-08-15,Jueves,0.0,10:30:00,,0.0,2,"Peatón,Automóvil",Av. Corrientes 1000,2,1,0,0,1,0,0,,Calle,,ROSARIO,Rosario,Asfalto,S/D,II,Dentro,Urbana,Ninguna,No existe,Recta,Bueno,Buena,Diurna,Buen Tiempo,S/D,S/D,Atropello,S/D,Faltante,Cordón divisorio,Sin restricción,"-32.9482137, -60.6429997",['Corrientes 1000'],1,Corrientes 1000,-32.9482137,-60.6429997,55.0,538.0,Municipio Rosario,Municipio,Rosario,820210,Servicio de Catastro e Información Territorial,IGN
2013,9445,2013-08-15,Jueves,0.0,,,0.0,2,"Automóvil,Transporte de Pasajeros Urbano (> 8 asientos)",Av. Pellegrini Y Lima,2,1,0,0,1,0,0,,Calle,,ROSARIO,Rosario,Asfalto,S/D,II,Dentro,Urbana,S/D,S/D,Intersección,S/D,S/D,S/D,S/D,S/D,S/D,Colisión,S/D,S/D,Cordón divisorio,S/D,POINT (-60.68596305 -32.94921605),"['Pellegrini', 'Lima']",2,Avenida Carlos Pellegrini; Lima,-32.94921605,-60.68596305,55.0,538.0,Municipio Rosario,Municipio,Rosario,820210,Servicio de Catastro e Información Territorial,IGN
2013,9446,2013-08-16,Viernes,0.0,11:20:00,,0.0,2,"Moto/Ciclomotor,Automóvil",Valparaiso 700,2,1,0,0,1,0,0,,Calle,,ROSARIO,Rosario,Asfalto,S/D,II,Dentro,Urbana,S/D,S/D,Intersección,S/D,S/D,S/D,S/D,S/D,S/D,Colisión,S/D,S/D,S/D,S/D,"-32.937133, -60.6815016",['Valparaiso 700'],1,Valparaiso 700,-32.937133,-60.6815016,55.0,538.0,Municipio Rosario,Municipio,Rosario,820210,Servicio de Catastro e Información Territorial,IGN
2013,9447,2013-08-14,Miercoles,0.0,09:40:00,,0.0,2,"Bicicleta,Automóvil",San Juan Y Lavalle,2,1,0,0,1,0,0,,Calle,,ROSARIO,Rosario,Asfalto,S/D,II,Dentro,Urbana,S/D,S/D,Intersección,S/D,S/D,S/D,S/D,S/D,S/D,Atropello,S/D,S/D,Cordón divisorio,S/D,POINT (-60.6787301 -32.943084500000005),"['San Juan', 'Lavalle']",2,San Juan; Lavalle,-32.943084500000005,-60.6787301,55.0,538.0,Municipio Rosario,Municipio,Rosario,820210,Servicio de Catastro e Información Territorial,IGN
2013,9448,2013-08-06,Martes,0.0,12:45:00,,0.0,2,"Automóvil,Moto/Ciclomotor",San Luis Y Santiago,3,1,0,0,2,0,0,,Calle,,ROSARIO,Rosario,Asfalto,S/D,II,Dentro,Urbana,S/D,S/D,Intersección,S/D,S/D,S/D,S/D,S/D,S/D,Colisión,S/D,S/D,Cordón divisorio,S/D,POINT (-60.656666 -32.945839899999996),"['San Luis', 'Santiago']",2,San Luis; Santiago,-32.9458399,-60.656666,55.0,538.0,Municipio Rosario,Municipio,Rosario,820210,Servicio de Catastro e Información Territorial,IGN
2013,9449,2013-08-13,Martes,0.0,10:30:00,,0.0,2,"Moto/Ciclomotor,Automóvil",Av. Francia 1900,2,1,0,0,1,0,0,,Calle,,ROSARIO,Rosario,Asfalto,S/D,II,Dentro,Urbana,S/D,S/D,Intersección,S/D,S/D,S/D,S/D,S/D,S/D,Colisión,S/D,S/D,Cordón divisorio,S/D,"-32.95460754496644, -60.669052080536915",['Francia 1900'],1,Francia 1900,-32.95460754496644,-60.66905208053692,55.0,538.0,Municipio Rosario,Municipio,Rosario,820210,Servicio de Catastro e Información Territorial,IGN
2013,9450,2013-08-12,Lunes,0.0,07:25:00,,0.0,1,Transporte de Pasajeros Urbano (> 8 asientos),3 De Febrero Y Pte.Roca,2,1,0,0,1,0,0,,Calle,,ROSARIO,Rosario,Asfalto,S/D,II,Dentro,Urbana,Ninguna,No existe,Intersección,Bueno,Buena,Diurna,Buen Tiempo,Otro,S/D,Caída ocupante,S/D,Faltante,Cordón divisorio,Sin restricción,POINT (-60.6466869 -32.9515312),"['3 de Febrero', 'Roca']",2,3 de Febrero; Presidente Roca,-32.9515312,-60.6466869,55.0,538.0,Municipio Rosario,Municipio,Rosario,820210,Servicio de Catastro e Información Territorial,IGN
2013,9451,2013-08-14,Miercoles,0.0,17:45:00,,0.0,4,"Automóvil,Automóvil,Automóvil,Automóvil",Rioja Y Lavalle,4,1,0,0,3,0,0,,Calle,,ROSARIO,Rosario,Asfalto,S/D,II,Dentro,Urbana,S/D,S/D,Intersección,S/D,S/D,S/D,S/D,S/D,S/D,Colisión,S/D,S/D,S/D,S/D,POINT (-60.67807470000001 -32.94053099999999),"['Rioja', 'Lavalle']",2,Rioja; Lavalle,-32.94053099999999,-60.67807470000001,55.0,538.0,Municipio Rosario,Municipio,Rosario,820210,Servicio de Catastro e Información Territorial,IGN
2013,9452,2013-08-28,Miercoles,0.0,,,0.0,2,"Taxi/Remis,Moto/Ciclomotor",Av. Pellegrini Y Cafferata,3,1,0,0,2,0,0,,Avenida,,ROSARIO,Rosario,Asfalto,S/D,II,Dentro,Urbana,S/D,S/D,Intersección,S/D,S/D,S/D,S/D,S/D,S/D,Colisión,S/D,S/D,Cordón divisorio,S/D,POINT (-60.66279733333334 -32.9781999),"['Pellegrini', 'Cafferata']",2,Avenida Carlos Pellegrini; Cafferata,-32.9781999,-60.66279733333334,55.0,538.0,Municipio Rosario,Municipio,Rosario,820210,Servicio de Catastro e Información Territorial,IGN
2013,9453,2013-08-05,Lunes,0.0,06:20:00,,0.0,1,Automóvil,Av. Ovidio Lagos Y Mendoza,3,1,0,0,2,0,0,,Calle,,ROSARIO,Rosario,Asfalto,S/D,II,Dentro,Urbana,S/D,S/D,Intersección,S/D,S/D,S/D,S/D,S/D,S/D,Colisión,S/D,S/D,Cordón divisorio,S/D,POINT (-60.6627415 -32.947382499999996),"['Avenida Ovidio Lagos', 'Mendoza']",2,Avenida Ovidio Lagos; Mendoza,-32.9473825,-60.6627415,55.0,538.0,Municipio Rosario,Municipio,Rosario,820210,Servicio de Catastro e Información Territorial,IGN
2013,9454,2013-08-09,Viernes,0.0,13:00:00,,0.0,2,"Moto/Ciclomotor,Automóvil",San Luis Y Alsina,2,0,1,0,1,0,0,,Calle,,ROSARIO,Rosario,Asfalto,S/D,II,Dentro,Urbana,S/D,S/D,Intersección,S/D,S/D,S/D,S/D,S/D,S/D,Colisión,S/D,S/D,Cordón divisorio,S/D,POINT (-60.67705600000001 -32.9422069),"['San Luis', 'Alsina']",2,San Luis; Alsina,-32.9422069,-60.67705600000001,55.0,538.0,Municipio Rosario,Municipio,Rosario,820210,Servicio de Catastro e Información Territorial,IGN
2013,9455,2013-08-17,Sabado,0.0,13:15:00,,0.0,2,"Automóvil,Automóvil",Bv. Oroño Y Urquiza,3,1,0,0,2,0,0,,Avenida,,ROSARIO,Rosario,Asfalto,No existe,II,Dentro,Urbana,Ninguna,No existe,Intersección,Bueno,Buena,Diurna,Buen Tiempo,Lateral,S/D,Colisión,S/D,S/D,Ninguna,Sin restricción,POINT (-60.652427200000005 -32.940226100000004),"['Bulevar Nicasio Oroño', 'Urquiza']",2,Bulevar Nicasio Oroño; Justo José de Urquiza,-32.940226100000004,-60.652427200000005,55.0,538.0,Municipio Rosario,Municipio,Rosario,820210,Servicio de Catastro e Información Territorial,IGN
2013,9456,2013-07-30,Martes,0.0,10:00:00,,0.0,2,"Bicicleta,Automóvil",San Juan 2800,2,1,0,0,1,0,0,,Calle,,ROSARIO,Rosario,Asfalto,S/D,II,Dentro,Urbana,S/D,S/D,Intersección,S/D,S/D,Diurna,S/D,S/D,S/D,Atropello,S/D,S/D,Cordón divisorio,S/D,"-32.9459717, -60.6622323",['San Juan 2800'],1,San Juan 2800,-32.9459717,-60.6622323,55.0,538.0,Municipio Rosario,Municipio,Rosario,820210,Servicio de Catastro e Información Territorial,IGN
2013,9457,2013-08-04,Domingo,0.0,21:00:00,,0.0,2,"Automóvil,Moto/Ciclomotor",Bv. Avellaneda Y Marcos Paz,3,2,0,0,1,0,0,,Avenida,,ROSARIO,Rosario,Asfalto,S/D,II,Dentro,Urbana,S/D,S/D,Intersección,S/D,S/D,S/D,S/D,S/D,S/D,Colisión,S/D,S/D,Cordón divisorio,S/D,POINT (-60.680249 -32.94354319999999),"['Avellaneda', 'Marcos Paz']",2,Bulevar Nicolás Avellaneda; Marcos Paz,-32.94354319999999,-60.680249,55.0,538.0,Municipio Rosario,Municipio,Rosario,820210,Servicio de Catastro e Información Territorial,IGN
2013,9459,2013-08-22,Jueves,0.0,12:50:00,,0.0,2,"Vehículo Oficial,Automóvil",Mariano Moreno 700,4,3,0,0,1,0,0,,Calle,,ROSARIO,Rosario,Asfalto,No existe,II,Dentro,Urbana,Ninguna,S/D,Recta,Bueno,Buena,Diurna,Buen Tiempo,Frontal,S/D,Colisión,S/D,Faltante,S/D,Sin restricción,"-32.9427384, -60.650293",['Mariano Moreno 700'],1,Mariano Moreno 700,-32.9427384,-60.650293,55.0,538.0,Municipio Rosario,Municipio,Rosario,820210,Servicio de Catastro e Información Territorial,IGN
2013,9460,2013-08-06,Martes,0.0,16:00:00,,0.0,2,"Automóvil,Automóvil",Derqui 7600,4,4,0,0,0,0,0,,Calle,,ROSARIO,Rosario,Asfalto,No existe,II,Dentro,Urbana,Ninguna,No existe,Recta,Bueno,Buena,Diurna,Buen Tiempo,Frontal,S/D,Colisión,Otro,Faltante,S/D,Sin restricción,"-32.9383074, -60.7251805",['Derqui 7600'],1,Derqui 7600,-32.9383074,-60.7251805,55.0,538.0,Municipio Rosario,Municipio,Rosario,820210,Servicio de Catastro e Información Territorial,IGN
2013,9461,2013-08-02,Viernes,0.0,12:20:00,,0.0,2,"Automóvil,Automóvil",Dorrego Y Montevideo,5,2,0,0,3,0,0,,Calle,,ROSARIO,Rosario,Asfalto,S/D,II,Dentro,Urbana,S/D,No existe,Intersección,Con baches,Buena,Diurna,Buen Tiempo,Lateral,S/D,Colisión,S/D,Faltante,Cordón divisorio,Sin restricción,POINT (-60.651640799999996 -32.95416689999999),"['Dorrego', 'Montevideo']",2,Manuel Dorrego; Montevideo,-32.95416689999999,-60.6516408,55.0,538.0,Municipio Rosario,Municipio,Rosario,820210,Servicio de Catastro e Información Territorial,IGN
2013,9462,2013-08-11,Domingo,0.0,17:50:00,,0.0,2,"Automóvil,Automóvil",Callao Y Mendoza,2,1,0,0,1,0,0,,Calle,,ROSARIO,Rosario,Asfalto,S/D,II,Dentro,Urbana,S/D,S/D,Intersección,S/D,S/D,Diurna,S/D,S/D,S/D,Colisión,S/D,S/D,Cordón divisorio,S/D,POINT (-60.6614022 -32.947621100000006),"['Callao', 'Mendoza']",2,Callao; Mendoza,-32.947621100000006,-60.6614022,55.0,538.0,Municipio Rosario,Municipio,Rosario,820210,Servicio de Catastro e Información Territorial,IGN
2013,9463,2013-08-02,Viernes,0.0,16:50:00,,0.0,2,"Automóvil,Automóvil",Cordoba 2500,2,1,0,0,1,0,0,,Calle,,ROSARIO,Rosario,Asfalto,S/D,II,Dentro,Urbana,S/D,S/D,Intersección,S/D,S/D,S/D,S/D,S/D,S/D,Colisión,S/D,S/D,Cordón divisorio,S/D,"-32.9429971, -60.6571375",['Cordoba 2500'],1,Cordoba 2500,-32.9429971,-60.6571375,55.0,538.0,Municipio Rosario,Municipio,Rosario,820210,Servicio de Catastro e Información Territorial,IGN
2013,9464,2013-08-10,Sabado,0.0,14:45:00,,0.0,2,"Automóvil,Moto/Ciclomotor",Vera Mujica Y Santa Fe,2,0,1,0,1,0,0,,Calle,,ROSARIO,Rosario,Asfalto,S/D,II,Dentro,Urbana,S/D,S/D,Intersección,S/D,S/D,S/D,S/D,S/D,S/D,Colisión,S/D,S/D,Cordón divisorio,S/D,POINT (-60.6665625 -32.9399498),"['Vera Mujíca', 'Santa Fe']",2,Vera Mujíca; Santa Fe,-32.9399498,-60.6665625,55.0,538.0,Municipio Rosario,Municipio,Rosario,820210,Servicio de Catastro e Información Territorial,IGN
2013,9465,2013-08-16,Viernes,0.0,,,0.0,2,"Automóvil,Pickup/Utilitario",Rioja Y Av. Ovidio Lagos,3,2,0,0,1,0,0,,Calle,,ROSARIO,Rosario,Asfalto,S/D,II,Dentro,Urbana,S/D,S/D,Intersección,S/D,S/D,S/D,S/D,S/D,S/D,Colisión,S/D,S/D,S/D,S/D,POINT (-60.661744600000006 -32.943415499999986),"['Rioja', 'Avenida Ovidio Lagos']",2,Rioja; Avenida Ovidio Lagos,-32.943415499999986,-60.661744600000006,55.0,538.0,Municipio Rosario,Municipio,Rosario,820210,Servicio de Catastro e Información Territorial,IGN
2013,9466,2013-08-18,Domingo,0.0,12:15:00,,0.0,2,"Moto/Ciclomotor,Automóvil",Paraguay Y Tucuman,2,1,0,0,1,0,0,,Calle,,ROSARIO,Rosario,Asfalto,No existe,II,Dentro,Urbana,Ninguna,S/D,Intersección,Bueno,S/D,S/D,Buen Tiempo,Lateral,S/D,Colisión,S/D,Faltante,Ninguna,Sin restricción,POINT (-60.6425624 -32.94080369999999),"['Paraguay', 'Tucumán']",2,Paraguay; Tucumán,-32.94080369999999,-60.6425624,55.0,538.0,Municipio Rosario,Municipio,Rosario,820210,Servicio de Catastro e Información Territorial,IGN
2013,9467,2013-08-10,Sabado,0.0,,,0.0,2,"Pickup/Utilitario,Automóvil",Mendoza Y Pascual Rosas,6,5,0,0,1,0,0,,Calle,,ROSARIO,Rosario,Asfalto,S/D,II,Dentro,Urbana,S/D,S/D,Intersección,S/D,S/D,S/D,S/D,S/D,S/D,Colisión,S/D,S/D,Cordón divisorio,S/D,POINT (-60.687209599999996 -32.9430186),"['Mendoza', 'Pascual Rosas']",2,Mendoza; Pascual Rosas,-32.9430186,-60.6872096,55.0,538.0,Municipio Rosario,Municipio,Rosario,820210,Servicio de Catastro e Información Territorial,IGN
2013,9468,2013-08-21,Miercoles,0.0,16:30:00,,0.0,2,"Transporte de Pasajeros Urbano (> 8 asientos),Taxi/Remis",Entre Rios Y Cordoba,2,1,0,0,1,0,0,,Calle,,ROSARIO,Rosario,Asfalto,S/D,II,Dentro,Urbana,Paso Peatonal,No existe,Recta,Bueno,Buena,Diurna,Buen Tiempo,De alcance,S/D,Colisión,S/D,Faltante,S/D,S/D,POINT (-60.6409451 -32.94592670000001),"['Entre Ríos', 'Córdoba']",2,Entre Ríos; Córdoba,-32.94592670000001,-60.6409451,55.0,538.0,Municipio Rosario,Municipio,Rosario,820210,Servicio de Catastro e Información Territorial,IGN
2013,9469,2013-08-18,Domingo,0.0,14:30:00,,0.0,2,"Automóvil,Automóvil",Av. Pellegrini Y Cafferata,2,1,0,0,1,0,0,,Avenida,,ROSARIO,Rosario,Asfalto,S/D,II,Dentro,Urbana,S/D,S/D,Intersección,S/D,S/D,S/D,S/D,S/D,S/D,Colisión,S/D,S/D,Cordón divisorio,S/D,POINT (-60.66279733333334 -32.9781999),"['Pellegrini', 'Cafferata']",2,Avenida Carlos Pellegrini; Cafferata,-32.9781999,-60.66279733333334,55.0,538.0,Municipio Rosario,Municipio,Rosario,820210,Servicio de Catastro e Información Territorial,IGN
2013,9470,2013-08-27,Martes,0.0,15:25:00,,0.0,2,"Automóvil,Automóvil",Pueyrredon Y 3 De Febrero,2,1,0,0,1,0,0,,Calle,,ROSARIO,Rosario,Asfalto,S/D,II,Dentro,Urbana,S/D,S/D,Intersección,S/D,S/D,S/D,S/D,S/D,S/D,Colisión,S/D,S/D,Cordón divisorio,S/D,POINT (-60.65897040000001 -32.9493667),"['Pueyrredón', '3 de Febrero']",2,Pueyrredón; 3 de Febrero,-32.9493667,-60.65897040000001,55.0,538.0,Municipio Rosario,Municipio,Rosario,820210,Servicio de Catastro e Información Territorial,IGN
2013,9471,2013-08-04,Domingo,0.0,15:40:00,,0.0,2,"Pickup/Utilitario,Taxi/Remis",Italia Y Montevideo,4,1,0,0,3,0,0,,Calle,,ROSARIO,Rosario,Asfalto,S/D,II,Dentro,Urbana,Ninguna,No existe,Intersección,Bueno,Buena,Diurna,Buen Tiempo,Lateral,S/D,Colisión,S/D,Faltante,Cordón divisorio,Sin restricción,POINT (-60.6503083 -32.954403599999985),"['Italia', 'Montevideo']",2,Italia; Montevideo,-32.954403599999985,-60.6503083,55.0,538.0,Municipio Rosario,Municipio,Rosario,820210,Servicio de Catastro e Información Territorial,IGN
2013,9472,2013-08-15,Jueves,0.0,15:00:00,,0.0,2,"Automóvil,Taxi/Remis",San Luis Y Carriego,2,1,0,0,1,0,0,,Calle,,ROSARIO,Rosario,Asfalto,S/D,II,Dentro,Urbana,S/D,S/D,Intersección,S/D,S/D,S/D,S/D,S/D,S/D,Colisión,S/D,S/D,S/D,S/D,POINT (-60.6893133 -32.93999980000001),"['San Luis', 'Carriego']",2,San Luis; Carriego,-32.93999980000001,-60.6893133,55.0,538.0,Municipio Rosario,Municipio,Rosario,820210,Servicio de Catastro e Información Territorial,IGN
2013,9474,2013-08-06,Martes,0.0,10:30:00,,0.0,2,"Bicicleta,Automóvil",3 De Febrero Y ,2,1,0,0,1,0,0,,Calle,,ROSARIO,Rosario,Asfalto,S/D,II,Dentro,Urbana,S/D,S/D,Intersección,S/D,S/D,S/D,S/D,S/D,S/D,Atropello,S/D,S/D,Cordón divisorio,S/D,"-32.9483761, -60.6644345",['3 de Febrero'],1,3 de Febrero,-32.9483761,-60.6644345,55.0,538.0,Municipio Rosario,Municipio,Rosario,820210,Servicio de Catastro e Información Territorial,IGN
2013,9475,2013-08-18,Domingo,0.0,19:25:00,,0.0,2,"Automóvil,Moto/Ciclomotor",Brown 1600,3,2,0,0,1,0,0,,Calle,,ROSARIO,Rosario,Asfalto,No existe,II,Dentro,Urbana,Ninguna,No existe,Recta,Bueno,Buena,"Atardecer,Con luz artificial",Buen Tiempo,Lateral,S/D,Colisión,S/D,Faltante,Ninguna,Sin restricción,"-32.9298092, -60.676675",['Brown 1600'],1,Brown 1600,-32.9298092,-60.676675,55.0,538.0,Municipio Rosario,Municipio,Rosario,820210,Servicio de Catastro e Información Territorial,IGN
2013,9476,2013-08-07,Miercoles,0.0,18:25:00,,0.0,2,"Pickup/Utilitario,Moto/Ciclomotor",San Juan Y Vera Mujica,2,1,0,0,1,0,0,,Calle,,ROSARIO,Rosario,Asfalto,S/D,II,Dentro,Urbana,S/D,S/D,Intersección,S/D,S/D,S/D,S/D,S/D,S/D,Colisión,S/D,S/D,Cordón divisorio,S/D,POINT (-60.6678428 -32.94501609999999),"['San Juan', 'Vera Mujíca']",2,San Juan; Vera Mujíca,-32.94501609999999,-60.6678428,55.0,538.0,Municipio Rosario,Municipio,Rosario,820210,Servicio de Catastro e Información Territorial,IGN
2013,9477,2013-08-15,Jueves,0.0,19:20:00,,0.0,2,"Moto/Ciclomotor,Automóvil",San Luis Y Lima,2,1,0,0,1,0,0,,Calle,,ROSARIO,Rosario,Asfalto,S/D,II,Dentro,Urbana,S/D,S/D,Intersección,S/D,S/D,S/D,S/D,S/D,S/D,Colisión,S/D,S/D,S/D,S/D,POINT (-60.6838836 -32.940984699999994),"['San Luis', 'Lima']",2,San Luis; Lima,-32.940984699999994,-60.6838836,55.0,538.0,Municipio Rosario,Municipio,Rosario,820210,Servicio de Catastro e Información Territorial,IGN
2013,9478,2013-08-25,Domingo,0.0,18:30:00,,0.0,2,"Automóvil,Taxi/Remis",Mendoza Y Paraguay,2,1,0,0,1,0,0,,Calle,,ROSARIO,Rosario,Asfalto,S/D,II,Dentro,Urbana,Semáforo,Funciona,Intersección,Bueno,S/D,Diurna,Buen Tiempo,Lateral,S/D,Colisión,S/D,Vertical,S/D,Sin restricción,POINT (-60.6450108 -32.950543200000006),"['Mendoza', 'Paraguay']",2,Mendoza; Paraguay,-32.950543200000006,-60.6450108,55.0,538.0,Municipio Rosario,Municipio,Rosario,820210,Servicio de Catastro e Información Territorial,IGN
2013,9479,2013-08-24,Sabado,0.0,16:00:00,,0.0,2,"Pickup/Utilitario,Moto/Ciclomotor",Paraguay Y Rioja,3,1,0,0,2,0,0,,Calle,,ROSARIO,Rosario,Asfalto,No existe,II,Dentro,Urbana,Ninguna,No existe,Intersección,Con baches,Buena,Diurna,Buen Tiempo,Lateral,S/D,Colisión,S/D,Faltante,Ninguna,Sin restricción,POINT (-60.6440183 -32.946608999999995),"['Paraguay', 'Rioja']",2,Paraguay; Rioja,-32.946608999999995,-60.6440183,55.0,538.0,Municipio Rosario,Municipio,Rosario,820210,Servicio de Catastro e Información Territorial,IGN
2013,9480,2013-08-05,Lunes,0.0,17:00:00,,0.0,2,"Peatón,Pickup/Utilitario",Rioja 1400,2,1,0,0,1,0,0,,Calle,,ROSARIO,Rosario,Asfalto,S/D,II,Dentro,Urbana,Ninguna,No existe,Recta,Bueno,Buena,Diurna,Buen Tiempo,S/D,S/D,Atropello,S/D,Faltante,Ninguna,Sin restricción,"-32.946838, -60.6425354",['Rioja 1400'],1,Rioja 1400,-32.946838,-60.6425354,55.0,538.0,Municipio Rosario,Municipio,Rosario,820210,Servicio de Catastro e Información Territorial,IGN
2013,9481,2013-08-26,Lunes,0.0,19:15:00,,0.0,2,"Bicicleta,Automóvil",San Juan Y Valparaiso,2,1,0,0,1,0,0,,Calle,,ROSARIO,Rosario,Asfalto,S/D,II,Dentro,Urbana,S/D,S/D,Intersección,S/D,S/D,S/D,S/D,S/D,S/D,Atropello,S/D,S/D,Cordón divisorio,S/D,POINT (-60.68277400000001 -32.9423643),"['San Juan', 'Valparaíso']",2,San Juan; Valparaíso,-32.9423643,-60.68277400000001,55.0,538.0,Municipio Rosario,Municipio,Rosario,820210,Servicio de Catastro e Información Territorial,IGN
2013,9482,2013-08-03,Sabado,0.0,05:15:00,,0.0,2,"Automóvil,Moto/Ciclomotor",San Luis Y Mariano Moreno,3,2,0,0,1,0,0,,Calle,,ROSARIO,Rosario,Asfalto,S/D,II,Dentro,Urbana,Ninguna,No existe,Intersección,Bueno,Buena,"Amanecer,Con luz artificial",Buen Tiempo,Lateral,S/D,Colisión,S/D,Faltante,Cordón divisorio,Sin restricción,POINT (-60.6512659 -32.94680389999999),"['San Luis', 'Mariano Moreno']",2,San Luis; Mariano Moreno,-32.94680389999999,-60.6512659,55.0,538.0,Municipio Rosario,Municipio,Rosario,820210,Servicio de Catastro e Información Territorial,IGN
2013,9483,2013-08-15,Jueves,0.0,11:50:00,,0.0,2,"Moto/Ciclomotor,Peatón",Cordoba Y Av. Ovidio Lagos,2,1,0,0,1,0,0,,Calle,,ROSARIO,Rosario,Asfalto,S/D,II,Dentro,Urbana,S/D,S/D,Intersección,S/D,S/D,S/D,S/D,S/D,S/D,Atropello,S/D,S/D,S/D,S/D,POINT (-60.6614607 -32.9422773),"['Córdoba', 'Avenida Ovidio Lagos']",2,Córdoba; Avenida Ovidio Lagos,-32.9422773,-60.6614607,55.0,538.0,Municipio Rosario,Municipio,Rosario,820210,Servicio de Catastro e Información Territorial,IGN
2013,9484,2013-07-03,Miercoles,0.0,18:30:00,,0.0,2,"Bicicleta,Automóvil",San Luis Y Lavalle,2,1,0,0,1,0,0,,Calle,,ROSARIO,Rosario,Asfalto,S/D,II,Dentro,Urbana,S/D,S/D,Intersección,S/D,S/D,S/D,S/D,S/D,S/D,Atropello,S/D,S/D,Cordón divisorio,S/D,POINT (-60.6784407 -32.94196689999999),"['San Luis', 'Lavalle']",2,San Luis; Lavalle,-32.94196689999999,-60.6784407,55.0,538.0,Municipio Rosario,Municipio,Rosario,820210,Servicio de Catastro e Información Territorial,IGN
2013,9486,2013-08-23,Viernes,0.0,16:30:00,,0.0,2,"Moto/Ciclomotor,Automóvil",Salta Y Entre Rios,3,2,0,0,1,0,0,,Calle,,ROSARIO,Rosario,Asfalto,No existe,II,Dentro,Urbana,Ninguna,No existe,Intersección,Bueno,Buena,Diurna,Buen Tiempo,Lateral,S/D,Colisión,S/D,Faltante,Ninguna,Sin restricción,POINT (-60.63918240000001 -32.938972),"['Salta', 'Entre Ríos']",2,Salta; Entre Ríos,-32.938972,-60.63918240000001,55.0,538.0,Municipio Rosario,Municipio,Rosario,820210,Servicio de Catastro e Información Territorial,IGN
2013,9487,2013-08-10,Sabado,0.0,18:30:00,,0.0,2,"Peatón,Automóvil",San Luis Y Sarmiento,2,1,0,0,1,0,0,,Calle,,ROSARIO,Rosario,Asfalto,S/D,II,Dentro,Urbana,Paso Peatonal,No existe,Intersección,Con baches,Buena,"Atardecer,Con luz artificial",Buen Tiempo,S/D,S/D,Atropello,S/D,Horizontal,Ninguna,Sin restricción,POINT (-60.6388307 -32.949042999999996),"['San Luis', 'Sarmiento']",2,San Luis; Sarmiento,-32.949043,-60.6388307,55.0,538.0,Municipio Rosario,Municipio,Rosario,820210,Servicio de Catastro e Información Territorial,IGN
2013,9489,2013-08-21,Miercoles,0.0,13:30:00,,0.0,2,"Bicicleta,Automóvil",9 De Julio Y Iriondo,2,1,0,0,1,0,0,,Calle,,ROSARIO,Rosario,Asfalto,S/D,II,Dentro,Urbana,S/D,S/D,Intersección,S/D,S/D,S/D,S/D,S/D,S/D,Atropello,S/D,S/D,Cordón divisorio,S/D,POINT (-60.6714766 -32.9482239),"['9 de Julio', 'Iriondo']",2,9 de Julio; Iriondo,-32.9482239,-60.6714766,55.0,538.0,Municipio Rosario,Municipio,Rosario,820210,Servicio de Catastro e Información Territorial,IGN