anio_acci,nro_acci,fecha,desc_dia,fecha_aprox,hora_aprox,desc_ruta,km,cant_participantes,desc_participante,calle_avenida_km,total,heridos_leves,heridos_graves,heridos_gravisimos,ilesos,fallecidos,sin_datos,posicion_XY,desc_tipo_via,desc_ruta_ori,desc_loc,desc_dpto,desc_tipo_calzada,desc_tipo_banquina,desc_unidad_regional,desc_lugar_calzada,desc_zona,desc_prioridad,desc_estado_semaforo,desc_lugar_via,desc_estado_via,desc_estado_visibilidad,desc_luminosidad,desc_estado_clima,desc_tipo_colision,desc_tipo_atropello,desc_tipo_hecho,desc_pres_calzada,desc_senializacion,desc_separacion_via,desc_restriccion,forma_geocod,calle_lista,numero_calles,calles_osm,lat,lon,index_right,gid,fna,gna,nam,in1,fdc,sag
2013,9579,2013-08-06,Martes,0.0,10:30:00,,0.0,2,"Automóvil,Moto/Ciclomotor",Av. Provincias Unidas Y Rio Negro,2,1,0,0,1,0,0,,Avenida,,ROSARIO,Rosario,Asfalto,No existe,II,Dentro,Urbana,Marca Vial,No existe,Intersección,Bueno,Buena,Diurna,Buen Tiempo,Lateral,S/D,Colisión,Otro,Faltante,Cordón divisorio,Sin restricción,POINT (-60.71235555 -32.94607385),"['Avenida Provincias Unidas', 'Rio Negro']",2,Avenida Provincias Unidas; Río Negro,-32.94607385,-60.71235555,55.0,538.0,Municipio Rosario,Municipio,Rosario,820210,Servicio de Catastro e Información Territorial,IGN
2013,9580,2013-08-01,Jueves,0.0,,,0.0,2,"Automóvil,Transporte de Pasajeros Urbano (> 8 asientos)",Cafferata Y Montevideo,4,3,0,0,1,0,0,,Calle,,ROSARIO,Rosario,Asfalto,S/D,II,Dentro,Urbana,S/D,S/D,Intersección,S/D,S/D,S/D,S/D,S/D,S/D,Colisión,S/D,S/D,Cordón divisorio,S/D,POINT (-60.67339379999999 -32.950285199999996),"['Cafferata', 'Montevideo']",2,Cafferata; Montevideo,-32.9502852,-60.67339379999999,55.0,538.0,Municipio Rosario,Municipio,Rosario,820210,Servicio de Catastro e Información Territorial,IGN
2013,9581,2013-08-19,Lunes,0.0,13:10:00,,0.0,1,,Av. Pellegrini 5600,2,1,0,0,1,0,0,,Avenida,,ROSARIO,Rosario,Asfalto,No existe,II,Dentro,Urbana,Semáforo,Funciona,Recta,Bueno,Buena,Diurna,Buen Tiempo,Lateral,S/D,Colisión,S/D,Horizontal,Cordón divisorio,Sin restricción,"-32.9480929, -60.6994039",['Pellegrini 5600'],1,Pellegrini 5600,-32.9480929,-60.6994039,55.0,538.0,Municipio Rosario,Municipio,Rosario,820210,Servicio de Catastro e Información Territorial,IGN
2013,9582,2013-08-05,Lunes,0.0,19:20:00,,0.0,2,"Automóvil,Bicicleta",Magallanes Y White,2,1,0,0,1,0,0,,Calle,,ROSARIO,Rosario,Asfalto,No existe,II,Dentro,Urbana,Marca Vial,No existe,Intersección,Bueno,Buena,"Nocturna,Con luz artificial",Buen Tiempo,S/D,S/D,Atropello,Otro,Faltante,Cordón divisorio,Sin restricción,POINT (-60.7044472 -32.941133599999986),"['Magallanes', 'White']",2,Magallanes; Ingeniero White,-32.941133599999986,-60.7044472,55.0,538.0,Municipio Rosario,Municipio,Rosario,820210,Servicio de Catastro e Información Territorial,IGN
2013,9584,2013-08-10,Sabado,0.0,19:00:00,,0.0,2,"Moto/Ciclomotor,Peatón",Viamonte 7100,2,1,0,0,1,0,0,,Calle,,ROSARIO,Rosario,Asfalto,No existe,II,Dentro,Urbana,Marca Vial,No existe,Recta,Bueno,Buena,"Nocturna,Con luz artificial",Buen Tiempo,S/D,S/D,Atropello,Otro,Faltante,Cordón divisorio,Sin restricción,"-32.9569314, -60.7164141",['Viamonte 7100'],1,Viamonte 7100,-32.9569314,-60.7164141,55.0,538.0,Municipio Rosario,Municipio,Rosario,820210,Servicio de Catastro e Información Territorial,IGN
2013,9585,2013-08-09,Viernes,0.0,09:00:00,,0.0,2,"Automóvil,Moto/Ciclomotor",Av. Provincias Unidas Y Av. Pellegrini,2,1,0,0,1,0,0,,Avenida,,ROSARIO,Rosario,Asfalto,No existe,II,Dentro,Urbana,Semáforo,Funciona,Intersección,Bueno,Buena,Diurna,Buen Tiempo,Lateral,S/D,Colisión,Otro,Vertical,Cordón divisorio,Sin restricción,POINT (-60.71226145000001 -32.948578),"['Avenida Provincias Unidas', 'Pellegrini']",2,Avenida Provincias Unidas; Avenida Carlos Pellegrini,-32.948578,-60.71226145000001,55.0,538.0,Municipio Rosario,Municipio,Rosario,820210,Servicio de Catastro e Información Territorial,IGN
2013,9588,2013-08-05,Lunes,0.0,19:30:00,,0.0,2,"Automóvil,Moto/Ciclomotor",Pampa Y Guatemala,2,0,1,0,1,0,0,,Calle,,ROSARIO,Rosario,Asfalto,No existe,II,S/D,Urbana,Marca Vial,No existe,Intersección,Bueno,Buena,"Nocturna,Con luz artificial",Buen Tiempo,Lateral,S/D,Colisión,Otro,Faltante,Cordón divisorio,Sin restricción,POINT (-60.7169904 -32.9468547),"['Pampa', 'Guatemala']",2,Pampa; Guatemala,-32.9468547,-60.7169904,55.0,538.0,Municipio Rosario,Municipio,Rosario,820210,Servicio de Catastro e Información Territorial,IGN
2013,9589,2013-08-01,Jueves,0.0,17:40:00,,0.0,2,"Automóvil,Moto/Ciclomotor",Colombia Y Ituzaingo,2,1,0,0,1,0,0,,Calle,,ROSARIO,Rosario,Asfalto,No existe,II,Dentro,Urbana,Marca Vial,No existe,Intersección,Bueno,Buena,Diurna,Buen Tiempo,Lateral,S/D,Colisión,Otro,Faltante,Cordón divisorio,Sin restricción,POINT (-60.7156388 -32.9522784),"['Colombia', 'Ituzaingó']",2,Colombia; Ituzaingó,-32.9522784,-60.7156388,55.0,538.0,Municipio Rosario,Municipio,Rosario,820210,Servicio de Catastro e Información Territorial,IGN
2013,9591,2013-08-03,Sabado,0.0,,,0.0,2,"Automóvil,Moto/Ciclomotor",Av. Provincias Unidas Y Perez Bulnes,3,1,0,0,1,0,1,,Avenida,,ROSARIO,Rosario,Asfalto,No existe,II,S/D,Urbana,Marca Vial,Funciona,Intersección,Bueno,Buena,S/D,Buen Tiempo,Lateral,S/D,Colisión,Otro,Vertical,Cordón divisorio,Sin restricción,POINT (-60.712500750000004 -32.9424588),"['Avenida Provincias Unidas', 'Pérez Bulnes']",2,Avenida Provincias Unidas; Pérez Bulnes,-32.9424588,-60.71250075,55.0,538.0,Municipio Rosario,Municipio,Rosario,820210,Servicio de Catastro e Información Territorial,IGN
2013,9593,2013-08-03,Sabado,0.0,,,0.0,2,"Automóvil,Moto/Ciclomotor",Av. Pellegrini Y Barra,2,1,0,0,1,0,0,,Avenida,,ROSARIO,Rosario,Asfalto,No existe,II,S/D,Urbana,Marca Vial,No existe,Intersección,Bueno,Buena,S/D,Buen Tiempo,Lateral,S/D,Colisión,Otro,Faltante,Cordón divisorio,Sin restricción,POINT (-60.7064564 -32.948440399999996),"['Pellegrini', 'Barra']",2,Avenida Carlos Pellegrini; Barraco,-32.9484404,-60.7064564,55.0,538.0,Municipio Rosario,Municipio,Rosario,820210,Servicio de Catastro e Información Territorial,IGN
2013,9594,2013-08-28,Miercoles,0.0,10:00:00,,0.0,2,"Automóvil,Moto/Ciclomotor",Av. Pellegrini Y Roullon,2,1,0,0,1,0,0,,Avenida,,ROSARIO,Rosario,Asfalto,No existe,II,Dentro,Urbana,Semáforo,Funciona,Intersección,Bueno,Buena,Diurna,Buen Tiempo,Lateral,S/D,Colisión,Otro,Horizontal,Cordón divisorio,Sin restricción,POINT (-60.70191075 -32.94831669999999),"['Pellegrini', 'Alfredo Rouillón']",2,Avenida Carlos Pellegrini; Alfredo Rouillón,-32.94831669999999,-60.70191075,55.0,538.0,Municipio Rosario,Municipio,Rosario,820210,Servicio de Catastro e Información Territorial,IGN
2013,9596,2013-08-22,Jueves,0.0,16:30:00,,0.0,2,"Camión,Bicicleta",Av. Provincias Unidas Y Arevalo,2,1,0,0,1,0,0,,Calle,,ROSARIO,Rosario,Asfalto,Pavimento,II,Dentro,Urbana,Semáforo,Funciona,Intersección,Bueno,Buena,Diurna,Buen Tiempo,Lateral,S/D,Atropello,S/D,Vertical,Cordón divisorio,Sin restricción,POINT (-60.713046500000004 -32.9306845),"['Avenida Provincias Unidas', 'Arévalo']",2,Avenida Provincias Unidas; Arévalo,-32.9306845,-60.7130465,55.0,538.0,Municipio Rosario,Municipio,Rosario,820210,Servicio de Catastro e Información Territorial,IGN
2013,9601,2013-02-16,Sabado,0.0,12:10:00,,0.0,2,"Peatón,Transporte de Pasajeros Urbano (> 8 asientos)",Schweitzer 7700,2,1,0,0,1,0,0,,Calle,,ROSARIO,Rosario,Asfalto,S/D,II,S/D,Urbana,S/D,S/D,Recta,S/D,Buena,Diurna,Buen Tiempo,S/D,S/D,Atropello,S/D,S/D,S/D,S/D,"-32.913363, -60.7283968",['Schweitzer 7700'],1,Schweitzer 7700,-32.913363,-60.7283968,55.0,538.0,Municipio Rosario,Municipio,Rosario,820210,Servicio de Catastro e Información Territorial,IGN
2013,9602,2013-08-28,Miercoles,0.0,17:40:00,,0.0,2,"Moto/Ciclomotor,Automóvil",Gorriti Y Nicaragua,2,1,0,0,1,0,0,,Calle,,ROSARIO,Rosario,Asfalto,No existe,II,Dentro,Urbana,Ninguna,No existe,Intersección,Bueno,Buena,Diurna,Buen Tiempo,De alcance,S/D,Colisión,S/D,Faltante,Ninguna,Sin restricción,POINT (-60.72141229999999 -32.9245796),"['Gorriti', 'Nicaragua']",2,Gorriti; Nicaragua,-32.9245796,-60.72141229999999,55.0,538.0,Municipio Rosario,Municipio,Rosario,820210,Servicio de Catastro e Información Territorial,IGN
2013,9606,2013-08-10,Sabado,0.0,15:45:00,,0.0,2,"Automóvil,Moto/Ciclomotor",Cerrito Y Ecuador,3,2,0,0,1,0,0,,Calle,,ROSARIO,Rosario,Asfalto,No existe,II,Dentro,Urbana,Ninguna,No existe,Intersección,Bueno,Buena,Diurna,Buen Tiempo,Lateral,S/D,Colisión,Otro,Vertical,Cordón divisorio,Sin restricción,POINT (-60.71443800000001 -32.953398899999996),"['Cerrito', 'Ecuador']",2,Cerrito; Ecuador,-32.9533989,-60.71443800000001,55.0,538.0,Municipio Rosario,Municipio,Rosario,820210,Servicio de Catastro e Información Territorial,IGN
2013,9608,2013-08-15,Jueves,0.0,00:10:00,,0.0,2,"Moto/Ciclomotor,Automóvil",Av. Ing.Acevedo Y J.J.Paso,2,1,0,0,1,0,0,,Calle,,ROSARIO,Rosario,Hormigón,Natural,II,Dentro,Urbana,Semáforo,Funciona,Intersección,Bueno,Buena,"Nocturna,Con luz artificial",Lluvia,Lateral,S/D,Despeñamiento,S/D,Faltante,Ninguna,Obra en Construcción,POINT (-60.7490704 -32.92121759999999),"['Acevedo', 'Paso']",2,Manuel Acevedo; Avenida Juan José Paso,-32.92121759999999,-60.7490704,55.0,538.0,Municipio Rosario,Municipio,Rosario,820210,Servicio de Catastro e Información Territorial,IGN
2013,9609,2013-08-29,Jueves,0.0,22:30:00,,0.0,2,"Moto/Ciclomotor,Automóvil",Bv. Argentino Y Donado,2,1,0,0,1,0,0,,Calle,,ROSARIO,Rosario,Asfalto,No existe,II,Dentro,Urbana,Señal Pare,No existe,Intersección,Bueno,Buena,Diurna,Buen Tiempo,Lateral,S/D,Colisión,S/D,Faltante,Ninguna,Sin restricción,POINT (-60.7275987 -32.9241759),"['Argentino', 'Donado']",2,Avenida Central Argentino; José Agustín Donado,-32.9241759,-60.7275987,55.0,538.0,Municipio Rosario,Municipio,Rosario,820210,Servicio de Catastro e Información Territorial,IGN
2013,9613,2013-08-20,Martes,0.0,,,0.0,2,"Moto/Ciclomotor,Automóvil",Pje. J.M.Estrada Bis Y Donado,2,1,0,0,1,0,0,,Calle,,ROSARIO,Rosario,Asfalto,S/D,II,S/D,Urbana,S/D,S/D,Intersección,S/D,Buena,Diurna,S/D,S/D,S/D,Colisión,S/D,S/D,S/D,S/D,POINT (-60.72830845 -32.91112455),"['Estrada', 'Donado']",2,Estrada; José Agustín Donado,-32.91112455,-60.72830845,55.0,538.0,Municipio Rosario,Municipio,Rosario,820210,Servicio de Catastro e Información Territorial,IGN
2013,9614,2013-08-13,Martes,0.0,08:30:00,,0.0,2,"Moto/Ciclomotor,Moto/Ciclomotor",Ecuador Y Cerrito,2,1,0,0,1,0,0,,Calle,,ROSARIO,Rosario,Asfalto,No existe,II,Dentro,Urbana,Marca Vial,No existe,Intersección,Bueno,Buena,Diurna,Buen Tiempo,Lateral,S/D,Colisión,Otro,Faltante,Cordón divisorio,Sin restricción,POINT (-60.71443800000001 -32.953398899999996),"['Ecuador', 'Cerrito']",2,Ecuador; Cerrito,-32.9533989,-60.71443800000001,55.0,538.0,Municipio Rosario,Municipio,Rosario,820210,Servicio de Catastro e Información Territorial,IGN
2013,9616,2013-08-26,Lunes,0.0,16:20:00,,0.0,2,"Automóvil,Moto/Ciclomotor",Pasco Y F.More,3,2,0,0,1,0,0,,Calle,,ROSARIO,Rosario,Asfalto,No existe,II,Dentro,Urbana,Ninguna,No existe,Intersección,Bueno,Buena,Diurna,Buen Tiempo,Lateral,S/D,Colisión,Otro,Vertical,Cordón divisorio,Sin restricción,POINT (-60.6933338 -32.9504726),"['Pasco', 'Felipe Moré']",2,Pasco; Felipe Moré,-32.9504726,-60.6933338,55.0,538.0,Municipio Rosario,Municipio,Rosario,820210,Servicio de Catastro e Información Territorial,IGN
2013,9618,2013-09-18,Miercoles,0.0,09:30:00,,0.0,2,"Automóvil,Automóvil",Av. Pellegrini Y Castellanos,2,1,0,0,1,0,0,,Avenida,,ROSARIO,Rosario,Asfalto,S/D,II,Dentro,Urbana,S/D,S/D,Intersección,S/D,S/D,S/D,S/D,S/D,S/D,Colisión,S/D,S/D,Cordón divisorio,S/D,POINT (-60.677811000000005 -32.950665749999985),"['Pellegrini', 'Aaron Castellanos']",2,Avenida Carlos Pellegrini; Aaron Castellanos,-32.950665749999985,-60.677811000000005,55.0,538.0,Municipio Rosario,Municipio,Rosario,820210,Servicio de Catastro e Información Territorial,IGN
2013,9619,2013-08-19,Lunes,0.0,17:15:00,,0.0,2,"Automóvil,Pickup/Utilitario",Sarratea Bis Y Av. Azcuenaga,2,2,0,0,0,0,0,,Calle,,ROSARIO,Rosario,Hormigón,No existe,II,Dentro,Urbana,Ninguna,No existe,Intersección,Bueno,Buena,Diurna,Buen Tiempo,Lateral,S/D,Colisión,S/D,Faltante,Ninguna,Sin restricción,POINT (-60.7411041 -32.926282399999984),"['Sarratea', 'Azcuénaga']",2,Sarratea; Azcuénaga,-32.926282399999984,-60.7411041,55.0,538.0,Municipio Rosario,Municipio,Rosario,820210,Servicio de Catastro e Información Territorial,IGN
2013,9620,2013-08-24,Sabado,0.0,21:15:00,,0.0,2,"Moto/Ciclomotor,Automóvil",Salvat Y Los Cocos,3,2,0,0,1,0,0,,Calle,,ROSARIO,Rosario,Asfalto,No existe,II,Dentro,Urbana,Ninguna,No existe,Recta,Bueno,S/D,Nocturna,Buen Tiempo,Lateral,S/D,Colisión,S/D,S/D,S/D,S/D,POINT (-60.7081431 -32.8827651),"['Salvat', 'Los Cocos']",2,Salvat; Los Cocos,-32.8827651,-60.7081431,55.0,538.0,Municipio Rosario,Municipio,Rosario,820210,Servicio de Catastro e Información Territorial,IGN
2013,9621,2013-08-16,Viernes,0.0,20:30:00,,0.0,2,"Bicicleta,Automóvil",Riobamba Y F.More,2,1,0,0,1,0,0,,S/D,,ROSARIO,Rosario,Asfalto,No existe,II,S/D,S/D,Marca Vial,No existe,Intersección,Bueno,Buena,"Nocturna,Con luz artificial",Buen Tiempo,S/D,S/D,Atropello,Otro,Faltante,Cordón divisorio,Sin restricción,POINT (-60.6931928 -32.954012399999996),"['Riobamba', 'Felipe Moré']",2,Riobamba; Felipe Moré,-32.9540124,-60.6931928,55.0,538.0,Municipio Rosario,Municipio,Rosario,820210,Servicio de Catastro e Información Territorial,IGN
2013,9623,2013-08-29,Jueves,0.0,10:20:00,,0.0,2,"Bicicleta,Automóvil",Callao 700,2,1,0,0,1,0,0,,S/D,,ROSARIO,Rosario,Asfalto,S/D,II,Dentro,Urbana,S/D,S/D,Intersección,S/D,S/D,Diurna,S/D,S/D,S/D,Atropello,S/D,S/D,Cordón divisorio,S/D,"-32.9409927, -60.6597977",['Callao 700'],1,Callao 700,-32.9409927,-60.6597977,55.0,538.0,Municipio Rosario,Municipio,Rosario,820210,Servicio de Catastro e Información Territorial,IGN
2013,9624,2013-08-13,Martes,0.0,13:20:00,,0.0,2,"Moto/Ciclomotor,Pickup/Utilitario",J.B.Justo Y Tarragona,2,1,0,0,1,0,0,,Calle,,ROSARIO,Rosario,Asfalto,S/D,II,S/D,Urbana,S/D,S/D,Intersección,S/D,Buena,Diurna,Buen Tiempo,S/D,S/D,Colisión,S/D,S/D,S/D,Sin restricción,POINT (-60.7343068 -32.934028),"['Justo', 'Tarragona']",2,"('Justo José de Urquiza', 'Tarragona')",-32.934028,-60.7343068,55.0,538.0,Municipio Rosario,Municipio,Rosario,820210,Servicio de Catastro e Información Territorial,IGN
2013,9626,2013-08-28,Miercoles,0.0,09:25:00,,0.0,2,"Moto/Ciclomotor,Automóvil",Av. Irigoyen Y Union,2,1,0,0,1,0,0,,Calle,,ROSARIO,Rosario,Asfalto,No existe,II,Dentro,Urbana,S/D,No existe,Recta,Bueno,Buena,Diurna,Buen Tiempo,Lateral,S/D,Colisión,S/D,S/D,S/D,S/D,POINT (-60.70473940000001 -32.8847471),"['Avenida Hipólito Irigoyen', 'Unión']",2,Avenida Hipólito Irigoyen; Unión,-32.8847471,-60.70473940000001,55.0,538.0,Municipio Rosario,Municipio,Rosario,820210,Servicio de Catastro e Información Territorial,IGN
2013,9629,2013-09-03,Martes,0.0,14:00:00,,0.0,2,"Automóvil,Moto/Ciclomotor",Rodriguez Y San Luis,2,1,0,0,1,0,0,,Calle,,ROSARIO,Rosario,Asfalto,S/D,II,Dentro,Urbana,S/D,S/D,Intersección,S/D,S/D,Diurna,S/D,S/D,S/D,Colisión,S/D,S/D,Cordón divisorio,S/D,POINT (-60.6593596 -32.9453712),"['Rodríguez', 'San Luis']",2,Rodríguez de Escobedo; San Luis,-32.9453712,-60.6593596,55.0,538.0,Municipio Rosario,Municipio,Rosario,820210,Servicio de Catastro e Información Territorial,IGN
2013,9632,2013-08-30,Viernes,0.0,14:50:00,,0.0,2,"Automóvil,Moto/Ciclomotor",Peru Y Derqui,2,1,0,0,1,0,0,,Calle,,ROSARIO,Rosario,Asfalto,No existe,II,Dentro,Urbana,Ninguna,No existe,Intersección,Bueno,Buena,Diurna,Buen Tiempo,Lateral,S/D,Colisión,Otro,Vertical,Cordón divisorio,Sin restricción,POINT (-60.711510399999995 -32.9380006),"['Peru', 'Derqui']",2,Perú; Derqui,-32.9380006,-60.7115104,55.0,538.0,Municipio Rosario,Municipio,Rosario,820210,Servicio de Catastro e Información Territorial,IGN
2013,9634,2013-09-05,Jueves,0.0,21:00:00,,0.0,2,"Automóvil,Moto/Ciclomotor",Pueyrredon Y E.Zeballos,4,2,0,0,2,0,0,,Calle,,ROSARIO,Rosario,Asfalto,S/D,II,Dentro,Urbana,S/D,S/D,Intersección,S/D,S/D,S/D,S/D,S/D,S/D,Colisión,S/D,S/D,S/D,S/D,POINT (-60.6595219 -32.95155700000002),"['Pueyrredón', 'Zeballos']",2,Pueyrredón; Zeballos,-32.95155700000002,-60.6595219,55.0,538.0,Municipio Rosario,Municipio,Rosario,820210,Servicio de Catastro e Información Territorial,IGN
2013,9636,2013-08-20,Martes,0.0,10:25:00,,0.0,2,"Moto/Ciclomotor,Automóvil",Friuli Y Av. Eva Peron,2,1,0,0,1,0,0,,Calle,,ROSARIO,Rosario,Asfalto,Pavimento,II,Dentro,Urbana,Semáforo,Funciona,Intersección,Bueno,Buena,Diurna,Buen Tiempo,Lateral,S/D,Colisión,S/D,Vertical,Cordón divisorio,Sin restricción,POINT (-60.7357064 -32.92891735),"['Friuli', 'Avenida Eva Perón']",2,Friuli; Avenida Eva Perón,-32.92891735,-60.7357064,55.0,538.0,Municipio Rosario,Municipio,Rosario,820210,Servicio de Catastro e Información Territorial,IGN
2013,9637,2013-09-01,Domingo,0.0,20:40:00,,0.0,2,"Automóvil,Taxi/Remis",Cordoba Y Bv. Avellaneda,2,1,0,0,1,0,0,,Avenida,,ROSARIO,Rosario,Asfalto,S/D,II,Dentro,Urbana,S/D,S/D,Intersección,S/D,S/D,Nocturna,S/D,S/D,S/D,Colisión,S/D,S/D,Cordón divisorio,S/D,POINT (-60.67916835 -32.939088049999995),"['Córdoba', 'Avellaneda']",2,Córdoba; Bulevar Nicolás Avellaneda,-32.939088049999995,-60.67916835,55.0,538.0,Municipio Rosario,Municipio,Rosario,820210,Servicio de Catastro e Información Territorial,IGN
2013,9640,2013-08-29,Jueves,1.0,11:30:00,,0.0,2,"Pickup/Utilitario,Moto/Ciclomotor",Av. Provincias Unidas Y Rivarola,2,2,0,0,0,0,0,,Calle,,ROSARIO,Rosario,Asfalto,Pavimento,II,S/D,Urbana,Semáforo,Funciona,Intersección,Con baches,Buena,Diurna,Buen Tiempo,Lateral,S/D,Colisión,S/D,S/D,S/D,Sin restricción,POINT (-60.71157050000001 -32.965788749999994),"['Avenida Provincias Unidas', 'Rivarola']",2,Avenida Provincias Unidas; Avenida Doctor Rivarola,-32.965788749999994,-60.71157050000001,55.0,538.0,Municipio Rosario,Municipio,Rosario,820210,Servicio de Catastro e Información Territorial,IGN
2013,9642,2013-09-07,Sabado,0.0,18:30:00,,0.0,2,"Automóvil,Automóvil",Pueyrredon Y San Juan,5,2,0,0,3,0,0,,Calle,,ROSARIO,Rosario,Asfalto,S/D,II,Dentro,Urbana,S/D,S/D,Intersección,S/D,S/D,S/D,S/D,S/D,S/D,Colisión,S/D,S/D,Cordón divisorio,S/D,POINT (-60.6583043 -32.94672330000001),"['Pueyrredón', 'San Juan']",2,Pueyrredón; San Juan,-32.94672330000001,-60.6583043,55.0,538.0,Municipio Rosario,Municipio,Rosario,820210,Servicio de Catastro e Información Territorial,IGN
2013,9643,2013-09-01,Domingo,0.0,,,0.0,2,"Moto/Ciclomotor,Automóvil",Vera Mujica Y 9 De Julio,3,1,0,0,2,0,0,,Calle,,ROSARIO,Rosario,Asfalto,S/D,II,Dentro,Urbana,S/D,S/D,Intersección,S/D,S/D,S/D,S/D,S/D,S/D,Colisión,S/D,S/D,Cordón divisorio,S/D,POINT (-60.66877800000001 -32.9487179),"['Vera Mujíca', '9 de Julio']",2,Vera Mujíca; 9 de Julio,-32.9487179,-60.66877800000001,55.0,538.0,Municipio Rosario,Municipio,Rosario,820210,Servicio de Catastro e Información Territorial,IGN
2013,9647,2013-09-04,Miercoles,0.0,10:15:00,,0.0,3,"Automóvil,Pickup/Utilitario,Automóvil",Alsina Y Rioja,3,1,0,0,2,0,0,,Calle,,ROSARIO,Rosario,Asfalto,S/D,II,Dentro,Urbana,S/D,S/D,Intersección,S/D,S/D,S/D,S/D,S/D,S/D,Colisión,S/D,S/D,S/D,S/D,POINT (-60.6766908 -32.94077829999999),"['Alsina', 'Rioja']",2,Alsina; Rioja,-32.94077829999999,-60.6766908,55.0,538.0,Municipio Rosario,Municipio,Rosario,820210,Servicio de Catastro e Información Territorial,IGN
2013,9648,2013-09-07,Sabado,0.0,05:15:00,,0.0,2,"Taxi/Remis,Moto/Ciclomotor",Ricchieri Y San Juan,2,1,0,0,1,0,0,,Calle,,ROSARIO,Rosario,Asfalto,S/D,II,Dentro,Urbana,S/D,S/D,Intersección,S/D,S/D,S/D,S/D,S/D,S/D,Colisión,S/D,S/D,Cordón divisorio,S/D,POINT (-60.6637743 -32.9457443),"['Ricchieri', 'San Juan']",2,Ricchieri; San Juan,-32.9457443,-60.6637743,55.0,538.0,Municipio Rosario,Municipio,Rosario,820210,Servicio de Catastro e Información Territorial,IGN
2013,9649,2013-09-02,Lunes,0.0,14:15:00,,0.0,2,"Moto/Ciclomotor,Pickup/Utilitario",San Luis Y Suipacha,2,1,0,0,1,0,0,,Calle,,ROSARIO,Rosario,Asfalto,S/D,II,Dentro,Urbana,S/D,S/D,Intersección,S/D,S/D,Diurna,S/D,S/D,S/D,Colisión,S/D,S/D,Cordón divisorio,S/D,POINT (-60.664829000000005 -32.94441909999999),"['San Luis', 'Suipacha']",2,San Luis; Suipacha,-32.94441909999999,-60.664829000000005,55.0,538.0,Municipio Rosario,Municipio,Rosario,820210,Servicio de Catastro e Información Territorial,IGN
2013,9652,2013-08-24,Sabado,0.0,07:00:00,,0.0,2,"Automóvil,Moto/Ciclomotor",Av. Pte.Peron Y Av. Circunvalacion,2,1,0,0,1,0,0,,Avenida,,ROSARIO,Rosario,Asfalto,No existe,II,S/D,Urbana,Semáforo,Funciona,Intersección,Con baches,Buena,Diurna,Buen Tiempo,Lateral,S/D,Colisión,S/D,S/D,S/D,Sin restricción,POINT (-60.71697254694366 -32.970708102842494),"['Avenida Presidente Perón', 'Circunvalacion']",2,Avenida Presidente Perón; Avenida de Circunvalación 25 de Mayo,-32.970708102842494,-60.71697254694366,55.0,538.0,Municipio Rosario,Municipio,Rosario,820210,Servicio de Catastro e Información Territorial,IGN
2013,9653,2013-08-03,Sabado,0.0,09:00:00,,0.0,2,"Automóvil,Pickup/Utilitario",Santa Fe Y Valparaiso,2,1,0,0,1,0,0,,Calle,,ROSARIO,Rosario,Asfalto,S/D,II,Dentro,Urbana,S/D,S/D,Intersección,S/D,S/D,S/D,S/D,S/D,S/D,Colisión,S/D,S/D,Cordón divisorio,S/D,POINT (-60.6814843 -32.937264799999994),"['Santa Fe', 'Valparaíso']",2,Santa Fe; Valparaíso,-32.937264799999994,-60.6814843,55.0,538.0,Municipio Rosario,Municipio,Rosario,820210,Servicio de Catastro e Información Territorial,IGN
2013,9654,2013-08-30,Viernes,0.0,16:40:00,,0.0,2,"Automóvil,Automóvil",Santiago Y Montevideo,3,1,0,0,2,0,0,,Calle,,ROSARIO,Rosario,Asfalto,S/D,II,Dentro,Urbana,S/D,S/D,Intersección,S/D,S/D,S/D,S/D,S/D,S/D,Colisión,S/D,S/D,S/D,S/D,POINT (-60.6584724 -32.95294310000001),"['Santiago', 'Montevideo']",2,Santiago; Montevideo,-32.95294310000001,-60.6584724,55.0,538.0,Municipio Rosario,Municipio,Rosario,820210,Servicio de Catastro e Información Territorial,IGN
2013,9656,2013-04-02,Martes,0.0,17:30:00,,0.0,2,"Automóvil,Moto/Ciclomotor",E.Zeballos Y Rio De Janeiro,2,1,0,0,1,0,0,,Calle,,ROSARIO,Rosario,Asfalto,S/D,II,Dentro,Urbana,S/D,S/D,Intersección,S/D,S/D,Diurna,S/D,S/D,S/D,Colisión,S/D,S/D,Cordón divisorio,S/D,POINT (-60.6826714 -32.9474392),"['Zeballos', 'Río de Janeiro']",2,Zeballos; Río de Janeiro,-32.9474392,-60.6826714,55.0,538.0,Municipio Rosario,Municipio,Rosario,820210,Servicio de Catastro e Información Territorial,IGN