anio_acci,nro_acci,fecha,desc_dia,fecha_aprox,hora_aprox,desc_ruta,km,cant_participantes,desc_participante,calle_avenida_km,total,heridos_leves,heridos_graves,heridos_gravisimos,ilesos,fallecidos,sin_datos,posicion_XY,desc_tipo_via,desc_ruta_ori,desc_loc,desc_dpto,desc_tipo_calzada,desc_tipo_banquina,desc_unidad_regional,desc_lugar_calzada,desc_zona,desc_prioridad,desc_estado_semaforo,desc_lugar_via,desc_estado_via,desc_estado_visibilidad,desc_luminosidad,desc_estado_clima,desc_tipo_colision,desc_tipo_atropello,desc_tipo_hecho,desc_pres_calzada,desc_senializacion,desc_separacion_via,desc_restriccion,forma_geocod,calle_lista,numero_calles,calles_osm,lat,lon,index_right,gid,fna,gna,nam,in1,fdc,sag
2013,9657,2013-08-14,Miercoles,0.0,14:00:00,,0.0,2,"Automóvil,Moto/Ciclomotor",Forest Y Gschwind,3,2,0,0,1,0,0,,Calle,,ROSARIO,Rosario,Asfalto,No existe,II,S/D,Urbana,Ninguna,No existe,Recta,Bueno,Buena,Diurna,Buen Tiempo,Frontal,S/D,Colisión,Otro,Faltante,S/D,Sin restricción,POINT (-60.7276149 -32.94392539999999),"['Carlos Forest', 'Gschwind']",2,Carlos Forest; Gschwind,-32.94392539999999,-60.7276149,55.0,538.0,Municipio Rosario,Municipio,Rosario,820210,Servicio de Catastro e Información Territorial,IGN
2013,9658,2013-09-07,Sabado,0.0,14:00:00,,0.0,2,"Moto/Ciclomotor,Pickup/Utilitario",Cordoba 4800,2,1,0,0,1,0,0,,Calle,,ROSARIO,Rosario,Asfalto,S/D,II,Dentro,Urbana,S/D,S/D,Intersección,S/D,S/D,S/D,S/D,S/D,S/D,Colisión,S/D,S/D,Cordón divisorio,S/D,"-32.9436077, -60.6540311",['Cordoba 4800'],1,Cordoba 4800,-32.9436077,-60.6540311,55.0,538.0,Municipio Rosario,Municipio,Rosario,820210,Servicio de Catastro e Información Territorial,IGN
2013,9660,2013-09-06,Viernes,0.0,04:30:00,,0.0,2,"Automóvil,Transporte de Pasajeros Urbano (> 8 asientos)",Cordoba Y Cafferata,3,1,0,0,2,0,0,,Calle,,ROSARIO,Rosario,Asfalto,S/D,II,Dentro,Urbana,S/D,S/D,Intersección,S/D,S/D,S/D,S/D,S/D,S/D,Colisión,S/D,S/D,S/D,S/D,POINT (-60.6709866 -32.9405587),"['Córdoba', 'Cafferata']",2,Córdoba; Cafferata,-32.9405587,-60.6709866,55.0,538.0,Municipio Rosario,Municipio,Rosario,820210,Servicio de Catastro e Información Territorial,IGN
2013,9662,2013-08-31,Sabado,0.0,12:30:00,,0.0,3,"Automóvil,Automóvil,Taxi/Remis",Av. Pellegrini Y Cafferata,3,1,0,0,2,0,0,,Avenida,,ROSARIO,Rosario,Asfalto,S/D,II,Dentro,Urbana,S/D,S/D,Intersección,S/D,S/D,Diurna,S/D,S/D,S/D,Colisión,S/D,S/D,Cordón divisorio,S/D,POINT (-60.66279733333334 -32.9781999),"['Pellegrini', 'Cafferata']",2,Avenida Carlos Pellegrini; Cafferata,-32.9781999,-60.66279733333334,55.0,538.0,Municipio Rosario,Municipio,Rosario,820210,Servicio de Catastro e Información Territorial,IGN
2013,9665,2013-09-08,Domingo,0.0,06:10:00,,0.0,2,"Peatón,Moto/Ciclomotor",Cordoba Y Cafferata,2,1,0,0,0,0,1,,Calle,,ROSARIO,Rosario,Asfalto,S/D,II,Dentro,Urbana,S/D,S/D,Intersección,S/D,S/D,S/D,S/D,S/D,S/D,Atropello,S/D,S/D,Cordón divisorio,S/D,POINT (-60.6709866 -32.9405587),"['Córdoba', 'Cafferata']",2,Córdoba; Cafferata,-32.9405587,-60.6709866,55.0,538.0,Municipio Rosario,Municipio,Rosario,820210,Servicio de Catastro e Información Territorial,IGN
2013,9670,2013-09-03,Martes,0.0,16:20:00,,0.0,2,"Automóvil,Moto/Ciclomotor",Pascual Rosas Y Rioja,2,1,0,0,1,0,0,,Calle,,ROSARIO,Rosario,Asfalto,S/D,II,Dentro,Urbana,S/D,S/D,Intersección,S/D,S/D,Diurna,S/D,S/D,S/D,Colisión,S/D,S/D,Cordón divisorio,S/D,POINT (-60.6862289 -32.93904439999999),"['Pascual Rosas', 'Rioja']",2,Pascual Rosas; Rioja,-32.93904439999999,-60.6862289,55.0,538.0,Municipio Rosario,Municipio,Rosario,820210,Servicio de Catastro e Información Territorial,IGN
2013,9671,2013-08-20,Martes,0.0,17:55:00,,0.0,2,"Bicicleta,Camión",J.B.Justo Y Av. Circunvalacion,2,1,0,0,1,0,0,,Avenida,,ROSARIO,Rosario,Asfalto,Pavimento,II,Dentro,Urbana,S/D,Funciona,Intersección,Bueno,Buena,Diurna,Buen Tiempo,S/D,S/D,Atropello,S/D,Vertical,Ninguna,Sin restricción,POINT (-60.72395654453496 -32.91522030000024),"['Justo', 'Circunvalacion']",2,Justo José de Urquiza; Avenida de Circunvalación 25 de Mayo,-32.91522030000024,-60.72395654453496,55.0,538.0,Municipio Rosario,Municipio,Rosario,820210,Servicio de Catastro e Información Territorial,IGN
2013,9672,2013-08-19,Lunes,0.0,11:00:00,,0.0,2,"Transporte de Pasajeros (H/ 8 asientos),Moto/Ciclomotor",Rivarola Y Danieri,2,1,0,0,1,0,0,,Calle,,ROSARIO,Rosario,Asfalto,No existe,II,S/D,Urbana,Ninguna,No existe,Intersección,Con baches,Buena,Diurna,Buen Tiempo,Lateral,S/D,Colisión,S/D,S/D,S/D,Sin restricción,POINT (-60.7235467 -32.96616965),"['Rivarola', 'Danieri']",2,Avenida Doctor Rivarola; Danieri,-32.96616965,-60.7235467,55.0,538.0,Municipio Rosario,Municipio,Rosario,820210,Servicio de Catastro e Información Territorial,IGN
2013,9674,2013-09-04,Miercoles,0.0,11:30:00,,0.0,2,"Taxi/Remis,Automóvil",Av. Ovidio Lagos Y Cordoba,2,1,0,0,1,0,0,,Calle,,ROSARIO,Rosario,Asfalto,S/D,II,Dentro,Urbana,S/D,S/D,Intersección,S/D,S/D,Diurna,S/D,S/D,S/D,Colisión,S/D,S/D,Cordón divisorio,S/D,POINT (-60.6614607 -32.9422773),"['Avenida Ovidio Lagos', 'Córdoba']",2,Avenida Ovidio Lagos; Córdoba,-32.9422773,-60.6614607,55.0,538.0,Municipio Rosario,Municipio,Rosario,820210,Servicio de Catastro e Información Territorial,IGN
2013,9675,2013-08-13,Martes,0.0,20:00:00,,0.0,2,"Automóvil,Moto/Ciclomotor",C.Larralde Y Dean Funes,2,2,0,0,0,0,0,,Calle,,ROSARIO,Rosario,Asfalto,No existe,II,S/D,Urbana,Ninguna,No existe,Intersección,Con baches,Buena,Nocturna,Buen Tiempo,Frontal,S/D,Colisión,S/D,S/D,S/D,Sin restricción,POINT (-60.7259567 -32.9679032),"['Larralde', 'Deán Gregorio Funes']",2,Crisologo Larralde; Deán Gregorio Funes,-32.9679032,-60.7259567,55.0,538.0,Municipio Rosario,Municipio,Rosario,820210,Servicio de Catastro e Información Territorial,IGN
2013,9678,2013-09-05,Jueves,0.0,20:30:00,,0.0,2,"Automóvil,Automóvil",Mendoza Y Av. Francia,4,3,0,0,1,0,0,,Avenida,,ROSARIO,Rosario,Asfalto,S/D,II,Dentro,Urbana,S/D,S/D,Intersección,S/D,S/D,S/D,S/D,S/D,S/D,Colisión,S/D,S/D,S/D,S/D,POINT (-60.6668048 -32.946657849999994),"['Mendoza', 'Avenida Francia']",2,Mendoza; Avenida Francia,-32.946657849999994,-60.6668048,55.0,538.0,Municipio Rosario,Municipio,Rosario,820210,Servicio de Catastro e Información Territorial,IGN
2013,9679,2013-08-22,Jueves,0.0,13:15:00,,0.0,2,"Bicicleta,Automóvil",Av. Ing.Acevedo Y J.J.Paso,2,1,0,0,1,0,0,,Calle,,ROSARIO,Rosario,Asfalto,No existe,II,Dentro,Urbana,Semáforo,Funciona,Intersección,Bueno,Buena,Diurna,Buen Tiempo,S/D,S/D,Atropello,S/D,Vertical,Ninguna,Sin restricción,POINT (-60.7490704 -32.92121759999999),"['Acevedo', 'Paso']",2,Manuel Acevedo; Avenida Juan José Paso,-32.92121759999999,-60.7490704,55.0,538.0,Municipio Rosario,Municipio,Rosario,820210,Servicio de Catastro e Información Territorial,IGN
2013,9682,2013-09-08,Domingo,0.0,18:30:00,,0.0,2,"Moto/Ciclomotor,Moto/Ciclomotor",Bv. Avellaneda 700,2,1,0,0,1,0,0,,S/D,,ROSARIO,Rosario,Asfalto,S/D,II,S/D,Urbana,S/D,S/D,S/D,S/D,S/D,Atardecer,S/D,S/D,S/D,Colisión,S/D,S/D,Cordón divisorio,S/D,"-32.9375918, -60.6789789",['Avellaneda 700'],1,Avellaneda 700,-32.9375918,-60.6789789,55.0,538.0,Municipio Rosario,Municipio,Rosario,820210,Servicio de Catastro e Información Territorial,IGN
2013,9683,2013-08-22,Jueves,0.0,17:30:00,,0.0,2,"Moto/Ciclomotor,Automóvil",Tucuman Y Rodo,2,1,0,0,1,0,0,,Calle,,ROSARIO,Rosario,Asfalto,No existe,II,Dentro,Urbana,Ninguna,No existe,Intersección,Bueno,Buena,Diurna,Buen Tiempo,Lateral,S/D,Colisión,S/D,Faltante,Ninguna,Sin restricción,POINT (-60.72610850000001 -32.9329176),"['Tucumán', 'Rodó']",2,Tucumán; Rodó,-32.9329176,-60.72610850000001,55.0,538.0,Municipio Rosario,Municipio,Rosario,820210,Servicio de Catastro e Información Territorial,IGN
2013,9684,2013-09-23,Lunes,0.0,13:20:00,,0.0,2,"Moto/Ciclomotor,Automóvil",San Juan Y Lima,3,1,0,0,2,0,0,,Calle,,ROSARIO,Rosario,Asfalto,S/D,II,Dentro,Urbana,S/D,S/D,Intersección,S/D,S/D,S/D,S/D,S/D,S/D,Colisión,S/D,S/D,Cordón divisorio,S/D,POINT (-60.6841697 -32.942117),"['San Juan', 'Lima']",2,San Juan; Lima,-32.942117,-60.6841697,55.0,538.0,Municipio Rosario,Municipio,Rosario,820210,Servicio de Catastro e Información Territorial,IGN
2013,9686,2013-09-09,Lunes,0.0,,,0.0,2,"Automóvil,Moto/Ciclomotor",Crespo Y Marcos Paz,3,1,0,0,2,0,0,,Calle,,ROSARIO,Rosario,Asfalto,S/D,II,S/D,Urbana,S/D,S/D,Intersección,S/D,S/D,S/D,S/D,S/D,S/D,Colisión,S/D,S/D,Cordón divisorio,S/D,POINT (-60.6693284 -32.9454922),"['Crespo', 'Marcos Paz']",2,Crespo; Marcos Paz,-32.9454922,-60.6693284,55.0,538.0,Municipio Rosario,Municipio,Rosario,820210,Servicio de Catastro e Información Territorial,IGN
2013,9687,2013-08-25,Domingo,0.0,07:35:00,,0.0,2,"Moto/Ciclomotor,Automóvil",Junin Y F.More,3,1,0,0,2,0,0,,Calle,,ROSARIO,Rosario,Asfalto,No existe,II,Dentro,Urbana,S/D,No existe,Intersección,Bueno,Buena,Diurna,Buen Tiempo,S/D,S/D,Colisión,S/D,S/D,S/D,S/D,POINT (-60.693953 -32.927062799999995),"['Junín', 'Felipe Moré']",2,Junín; Felipe Moré,-32.927062799999995,-60.693953,55.0,538.0,Municipio Rosario,Municipio,Rosario,820210,Servicio de Catastro e Información Territorial,IGN
2013,9688,2013-09-06,Viernes,0.0,11:15:00,,0.0,2,"Automóvil,Automóvil",Montevideo Y Alsina,3,1,0,0,2,0,0,,Calle,,ROSARIO,Rosario,Asfalto,S/D,II,S/D,Urbana,S/D,S/D,Intersección,S/D,S/D,S/D,S/D,S/D,S/D,Colisión,S/D,S/D,Cordón divisorio,S/D,POINT (-60.6788522 -32.949314199999996),"['Montevideo', 'Alsina']",2,Montevideo; Alsina,-32.9493142,-60.6788522,55.0,538.0,Municipio Rosario,Municipio,Rosario,820210,Servicio de Catastro e Información Territorial,IGN
2013,9691,2013-08-17,Sabado,0.0,,,0.0,2,"Moto/Ciclomotor,Automóvil",Fraga Y Velez Sarsfield,3,1,0,0,2,0,0,,Calle,,ROSARIO,Rosario,Asfalto,No existe,II,S/D,Urbana,S/D,No existe,Intersección,Bueno,S/D,S/D,S/D,S/D,S/D,Colisión,S/D,S/D,S/D,S/D,POINT (-60.710862799999994 -32.9259725),"['Fraga', 'Vélez Sarsfield']",2,Rosendo María Fraga; Vélez Sarsfield,-32.9259725,-60.7108628,55.0,538.0,Municipio Rosario,Municipio,Rosario,820210,Servicio de Catastro e Información Territorial,IGN
2013,9694,2013-09-11,Miercoles,0.0,13:20:00,,0.0,2,"Bicicleta,Automóvil",Alvear Y 9 De Julio,2,1,0,0,1,0,0,,Calle,,ROSARIO,Rosario,Asfalto,S/D,II,Dentro,Urbana,S/D,S/D,Intersección,S/D,S/D,Diurna,S/D,S/D,S/D,Atropello,S/D,S/D,Cordón divisorio,S/D,POINT (-60.6565193 -32.9509133),"['Alvear', '9 de Julio']",2,Alvear; 9 de Julio,-32.9509133,-60.6565193,55.0,538.0,Municipio Rosario,Municipio,Rosario,820210,Servicio de Catastro e Información Territorial,IGN
2013,9697,2013-09-20,Viernes,0.0,10:45:00,,0.0,2,"Bicicleta,Automóvil",Av. Francia Y 9 De Julio,2,1,0,0,1,0,0,,Calle,,ROSARIO,Rosario,Asfalto,S/D,II,Dentro,Urbana,S/D,S/D,Intersección,S/D,S/D,S/D,S/D,S/D,S/D,Atropello,S/D,S/D,Cordón divisorio,S/D,POINT (-60.667391450000004 -32.948979),"['Avenida Francia', '9 de Julio']",2,Avenida Francia; 9 de Julio,-32.948979,-60.66739145,55.0,538.0,Municipio Rosario,Municipio,Rosario,820210,Servicio de Catastro e Información Territorial,IGN
2013,9699,2013-09-19,Jueves,0.0,13:40:00,,0.0,2,"Taxi/Remis,Automóvil",Rioja Y Av. Ovidio Lagos,4,3,0,0,1,0,0,,Calle,,ROSARIO,Rosario,Asfalto,S/D,II,Dentro,Urbana,S/D,S/D,Intersección,S/D,S/D,S/D,S/D,S/D,S/D,Colisión,S/D,S/D,S/D,S/D,POINT (-60.661744600000006 -32.943415499999986),"['Rioja', 'Avenida Ovidio Lagos']",2,Rioja; Avenida Ovidio Lagos,-32.943415499999986,-60.661744600000006,55.0,538.0,Municipio Rosario,Municipio,Rosario,820210,Servicio de Catastro e Información Territorial,IGN
2013,9700,2013-09-11,Miercoles,0.0,14:00:00,,0.0,2,"Bicicleta,Automóvil",San Nicolas Y San Luis,2,1,0,0,1,0,0,,Calle,,ROSARIO,Rosario,Asfalto,S/D,II,Dentro,Urbana,S/D,S/D,Intersección,S/D,S/D,Diurna,S/D,S/D,S/D,Atropello,S/D,S/D,Cordón divisorio,S/D,POINT (-60.6729863 -32.942945),"['San Nicolás', 'San Luis']",2,San Nicolás; San Luis,-32.942945,-60.6729863,55.0,538.0,Municipio Rosario,Municipio,Rosario,820210,Servicio de Catastro e Información Territorial,IGN
2013,9701,2013-08-29,Jueves,0.0,17:30:00,,0.0,2,"Moto/Ciclomotor,Pickup/Utilitario",Av. Pellegrini Y Garzon,3,1,0,0,2,0,0,,Avenida,,ROSARIO,Rosario,Asfalto,No existe,II,Dentro,Urbana,S/D,Funciona,Intersección,Bueno,Buena,Diurna,Buen Tiempo,Lateral,S/D,Colisión,Otro,Horizontal,Cordón divisorio,Sin restricción,POINT (-60.705300650000005 -32.9484086),"['Pellegrini', 'Garzón']",2,Avenida Carlos Pellegrini; Garzón,-32.9484086,-60.705300650000005,55.0,538.0,Municipio Rosario,Municipio,Rosario,820210,Servicio de Catastro e Información Territorial,IGN
2013,9702,2013-08-20,Martes,0.0,06:00:00,,0.0,2,"Moto/Ciclomotor,Moto/Ciclomotor",Mendoza Y Nicaragua,2,1,0,0,1,0,0,,Calle,,ROSARIO,Rosario,Asfalto,No existe,II,Dentro,Urbana,Ninguna,No existe,Recta,Bueno,Buena,Amanecer,Buen Tiempo,Frontal,S/D,Colisión,S/D,Faltante,S/D,Sin restricción,POINT (-60.720695799999994 -32.94045335),"['Mendoza', 'Nicaragua']",2,Mendoza; Nicaragua,-32.94045335,-60.7206958,55.0,538.0,Municipio Rosario,Municipio,Rosario,820210,Servicio de Catastro e Información Territorial,IGN
2013,9703,2013-09-10,Martes,0.0,05:40:00,,0.0,2,"Moto/Ciclomotor,Automóvil",Callao 700,2,1,0,0,1,0,0,,Calle,,ROSARIO,Rosario,Asfalto,S/D,II,Dentro,Urbana,S/D,S/D,Intersección,S/D,S/D,Nocturna,S/D,S/D,S/D,Colisión,S/D,S/D,Cordón divisorio,S/D,"-32.9409927, -60.6597977",['Callao 700'],1,Callao 700,-32.9409927,-60.6597977,55.0,538.0,Municipio Rosario,Municipio,Rosario,820210,Servicio de Catastro e Información Territorial,IGN
2013,9704,2013-09-10,Martes,0.0,13:00:00,,0.0,2,"Peatón,Taxi/Remis",Av. Pellegrini Y Lima,2,1,0,0,1,0,0,,Avenida,,ROSARIO,Rosario,Asfalto,S/D,II,S/D,Urbana,S/D,S/D,Intersección,S/D,S/D,Diurna,S/D,S/D,S/D,Atropello,S/D,S/D,Cordón divisorio,S/D,POINT (-60.68596305 -32.94921605),"['Pellegrini', 'Lima']",2,Avenida Carlos Pellegrini; Lima,-32.94921605,-60.68596305,55.0,538.0,Municipio Rosario,Municipio,Rosario,820210,Servicio de Catastro e Información Territorial,IGN
2013,9706,2013-09-18,Miercoles,0.0,06:45:00,,0.0,2,"Automóvil,Moto/Ciclomotor",Bv. Avellaneda Y Montevideo,3,1,1,0,1,0,0,,Calle,,ROSARIO,Rosario,Asfalto,S/D,II,Dentro,Urbana,S/D,S/D,Intersección,S/D,S/D,S/D,S/D,S/D,S/D,Colisión,S/D,S/D,S/D,S/D,POINT (-60.68156305 -32.948831999999996),"['Avellaneda', 'Montevideo']",2,Bulevar Nicolás Avellaneda; Montevideo,-32.948832,-60.68156305,55.0,538.0,Municipio Rosario,Municipio,Rosario,820210,Servicio de Catastro e Información Territorial,IGN
2013,9707,2013-09-22,Domingo,0.0,06:25:00,,0.0,4,"Automóvil,Automóvil,Automóvil,Automóvil",Suipacha Y 9 De Julio,9,7,0,0,2,0,0,,Calle,,ROSARIO,Rosario,Asfalto,S/D,II,Dentro,Urbana,S/D,S/D,Intersección,Bueno,S/D,S/D,S/D,"Contra objeto fijo,Múltiple",S/D,Colisión,S/D,S/D,Cordón divisorio,S/D,POINT (-60.666029 -32.949221400000006),"['Suipacha', '9 de Julio']",2,Suipacha; 9 de Julio,-32.949221400000006,-60.666029,55.0,538.0,Municipio Rosario,Municipio,Rosario,820210,Servicio de Catastro e Información Territorial,IGN
2013,9708,2013-09-09,Lunes,0.0,10:00:00,,0.0,2,"Moto/Ciclomotor,Pickup/Utilitario",Pueyrredon Y 3 De Febrero,2,1,0,0,1,0,0,,Calle,,ROSARIO,Rosario,Asfalto,S/D,II,Dentro,Urbana,S/D,S/D,Intersección,S/D,S/D,Diurna,S/D,S/D,S/D,Colisión,S/D,S/D,Cordón divisorio,S/D,POINT (-60.65897040000001 -32.9493667),"['Pueyrredón', '3 de Febrero']",2,Pueyrredón; 3 de Febrero,-32.9493667,-60.65897040000001,55.0,538.0,Municipio Rosario,Municipio,Rosario,820210,Servicio de Catastro e Información Territorial,IGN
2013,9709,2013-08-08,Jueves,0.0,,,0.0,2,"Automóvil,Moto/Ciclomotor",P.L.FUNES Y DEAN FUNES,2,1,0,0,1,0,0,,Calle,,ROSARIO,Rosario,Asfalto,No existe,II,Dentro,Urbana,S/D,S/D,Intersección,Otro,S/D,S/D,S/D,Lateral,S/D,Colisión,Otro,S/D,Ninguna,Sin restricción,POINT (-60.7001079 -32.9671438),"['Funes', 'Deán Gregorio Funes']",2,"('Pedro Lino Funes', 'Deán Gregorio Funes')",-32.9671438,-60.7001079,55.0,538.0,Municipio Rosario,Municipio,Rosario,820210,Servicio de Catastro e Información Territorial,IGN
2013,9710,2013-09-18,Miercoles,0.0,21:00:00,,0.0,2,"Automóvil,Moto/Ciclomotor",Mendoza 4400,3,0,1,0,2,0,0,,Calle,,ROSARIO,Rosario,Asfalto,S/D,II,Dentro,Urbana,S/D,S/D,Intersección,S/D,S/D,Nocturna,S/D,S/D,S/D,Colisión,S/D,S/D,Cordón divisorio,S/D,"-32.9434577, -60.6842727",['Mendoza 4400'],1,Mendoza 4400,-32.9434577,-60.6842727,55.0,538.0,Municipio Rosario,Municipio,Rosario,820210,Servicio de Catastro e Información Territorial,IGN
2013,9713,2013-09-02,Lunes,0.0,19:30:00,,0.0,2,"Moto/Ciclomotor,Pickup/Utilitario",Bv. Oroño Y Montevideo,2,1,0,0,1,0,0,,Calle,,ROSARIO,Rosario,Asfalto,S/D,II,Dentro,Urbana,Semáforo,Funciona,Intersección,Bueno,Buena,"Atardecer,Con luz artificial",Buen Tiempo,Frontal,S/D,Colisión,S/D,Vertical,Cordón divisorio,Sin restricción,POINT (-60.65574455 -32.95341725),"['Bulevar Nicasio Oroño', 'Montevideo']",2,Bulevar Nicasio Oroño; Montevideo,-32.95341725,-60.65574455,55.0,538.0,Municipio Rosario,Municipio,Rosario,820210,Servicio de Catastro e Información Territorial,IGN
2013,9714,2013-09-20,Viernes,0.0,15:00:00,,0.0,4,"Taxi/Remis,Automóvil,Taxi/Remis,Automóvil",Callao Y Santa Fe,5,1,0,0,4,0,0,,Calle,,ROSARIO,Rosario,Asfalto,S/D,II,Dentro,Urbana,S/D,S/D,Intersección,S/D,S/D,S/D,S/D,S/D,S/D,Colisión,S/D,S/D,Cordón divisorio,S/D,POINT (-60.6597746 -32.94115649999999),"['Callao', 'Santa Fe']",2,Callao; Santa Fe,-32.94115649999999,-60.6597746,55.0,538.0,Municipio Rosario,Municipio,Rosario,820210,Servicio de Catastro e Información Territorial,IGN
2013,9715,2013-09-06,Viernes,0.0,11:40:00,,0.0,2,"Bicicleta,Automóvil",Sarmiento 1300,2,1,0,0,1,0,0,,Calle,,ROSARIO,Rosario,Asfalto,S/D,II,Dentro,Urbana,Ninguna,No existe,Recta,Bueno,Buena,Diurna,Buen Tiempo,S/D,S/D,Atropello,S/D,Faltante,S/D,Sin restricción,"-32.9526617, -60.6397731",['Sarmiento 1300'],1,Sarmiento 1300,-32.9526617,-60.6397731,55.0,538.0,Municipio Rosario,Municipio,Rosario,820210,Servicio de Catastro e Información Territorial,IGN
2013,9716,2013-09-10,Martes,0.0,,,0.0,2,"Moto/Ciclomotor,Otros",Rioja Y Valparaiso,2,1,0,0,1,0,0,,S/D,,ROSARIO,Rosario,Asfalto,S/D,II,S/D,Urbana,S/D,S/D,Intersección,S/D,S/D,Diurna,S/D,S/D,S/D,Colisión,S/D,S/D,S/D,S/D,POINT (-60.6821315 -32.9397896),"['Rioja', 'Valparaíso']",2,Rioja; Valparaíso,-32.9397896,-60.6821315,55.0,538.0,Municipio Rosario,Municipio,Rosario,820210,Servicio de Catastro e Información Territorial,IGN
2013,9717,2013-08-10,Sabado,0.0,01:10:00,,0.0,1,Automóvil,LESGARZA 6000,2,1,0,0,1,0,0,,S/D,,ROSARIO,Rosario,Asfalto,No existe,II,Dentro,Urbana,Ninguna,No existe,Intersección,Otro,Reducida,"Nocturna,Con luz artificial",Otro,Lateral,S/D,Colisión,Otro,Faltante,Ninguna,Sin restricción,"-32.9666318, -60.7033258",['Joaquín Lejarza 6000'],1,Joaquín Lejarza 6000,-32.9666318,-60.7033258,55.0,538.0,Municipio Rosario,Municipio,Rosario,820210,Servicio de Catastro e Información Territorial,IGN
2013,9718,2013-08-25,Domingo,0.0,01:00:00,,0.0,2,"Automóvil,Automóvil",Mendoza Y Cullen,2,1,0,0,1,0,0,,S/D,,ROSARIO,Rosario,Asfalto,No existe,II,Dentro,Urbana,Semáforo,Funciona,Intersección,Bueno,Buena,"Nocturna,Con luz artificial",Buen Tiempo,Lateral,S/D,Colisión,Otro,Horizontal,Cordón divisorio,Sin restricción,POINT (-60.70910775 -32.940137499999985),"['Mendoza', 'Cullen']",2,Mendoza; Cullen,-32.940137499999985,-60.70910775,55.0,538.0,Municipio Rosario,Municipio,Rosario,820210,Servicio de Catastro e Información Territorial,IGN
2013,9719,2013-08-10,Sabado,0.0,19:30:00,,0.0,2,"Taxi/Remis,Moto/Ciclomotor",Camilo Aldao Y Dean Funes,3,2,0,0,1,0,0,,S/D,,ROSARIO,Rosario,Asfalto,No existe,II,Dentro,Urbana,Ninguna,No existe,Intersección,Otro,Reducida,Atardecer,Otro,Lateral,S/D,Colisión,Otro,Faltante,Ninguna,Sin restricción,POINT (-60.694940200000005 -32.96700589999999),"['Camilo Aldao', 'Deán Gregorio Funes']",2,Camilo Aldao; Deán Gregorio Funes,-32.96700589999999,-60.694940200000005,55.0,538.0,Municipio Rosario,Municipio,Rosario,820210,Servicio de Catastro e Información Territorial,IGN
2013,9720,2013-09-11,Miercoles,0.0,02:30:00,,0.0,2,"Automóvil,Automóvil",España Y San Luis,2,1,0,0,1,0,0,,Calle,,ROSARIO,Rosario,Asfalto,S/D,II,Dentro,Urbana,Ninguna,No existe,Intersección,Bueno,Buena,"Nocturna,Con luz artificial",Buen Tiempo,Lateral,S/D,Colisión,S/D,Faltante,S/D,Sin restricción,POINT (-60.64713650000001 -32.947538400000006),"['España', 'San Luis']",2,España; San Luis,-32.947538400000006,-60.64713650000001,55.0,538.0,Municipio Rosario,Municipio,Rosario,820210,Servicio de Catastro e Información Territorial,IGN
2013,9721,2013-09-08,Domingo,0.0,22:00:00,,0.0,2,"Automóvil,Automóvil",Av. Pellegrini 1000,2,1,0,0,1,0,0,,Calle,,ROSARIO,Rosario,Asfalto,No existe,II,Dentro,Urbana,Ninguna,No existe,Recta,Bueno,Buena,"Nocturna,Con luz artificial",Buen Tiempo,Frontal,S/D,Colisión,S/D,Faltante,S/D,Sin restricción,"-32.9574672, -60.6393083",['Pellegrini 1000'],1,Pellegrini 1000,-32.9574672,-60.6393083,55.0,538.0,Municipio Rosario,Municipio,Rosario,820210,Servicio de Catastro e Información Territorial,IGN
2013,9723,2013-08-06,Martes,0.0,18:50:00,,0.0,2,"Moto/Ciclomotor,Moto/Ciclomotor",Campbell Y Gaboto,2,2,0,0,0,0,0,,S/D,,ROSARIO,Rosario,Asfalto,No existe,II,Dentro,Urbana,Ninguna,No existe,Intersección,Otro,Buena,Con luz artificial,Otro,Lateral,S/D,Colisión,S/D,Faltante,Ninguna,Sin restricción,POINT (-60.7069578 -32.96501529999999),"['Campbell', 'Gaboto']",2,Campbell; Gaboto,-32.96501529999999,-60.7069578,55.0,538.0,Municipio Rosario,Municipio,Rosario,820210,Servicio de Catastro e Información Territorial,IGN
2013,9724,2013-08-24,Sabado,0.0,,,0.0,2,"Automóvil,Moto/Ciclomotor",Valle Hermoso Y Union,2,1,0,0,1,0,0,,Calle,,ROSARIO,Rosario,Asfalto,No existe,II,S/D,Urbana,Ninguna,No existe,Intersección,Bueno,Buena,Nocturna,Buen Tiempo,Lateral,S/D,Colisión,S/D,S/D,Ninguna,Sin restricción,POINT (-60.7046668 -32.8863271),"['Valle Hermoso', 'Unión']",2,Valle Hermoso; Unión,-32.8863271,-60.7046668,55.0,538.0,Municipio Rosario,Municipio,Rosario,820210,Servicio de Catastro e Información Territorial,IGN
2013,9725,2013-09-08,Domingo,0.0,06:00:00,,0.0,2,"Automóvil,Taxi/Remis",Bv. Oroño Y 9 De Julio,3,1,0,0,2,0,0,,Avenida,,ROSARIO,Rosario,Asfalto,S/D,II,Dentro,Urbana,Semáforo,Funciona,Intersección,Bueno,Buena,"Amanecer,Con luz artificial",Buen Tiempo,Lateral,S/D,Colisión,S/D,Vertical,S/D,Sin restricción,POINT (-60.65516625 -32.95114735),"['Bulevar Nicasio Oroño', '9 de Julio']",2,Bulevar Nicasio Oroño; 9 de Julio,-32.95114735,-60.65516625,55.0,538.0,Municipio Rosario,Municipio,Rosario,820210,Servicio de Catastro e Información Territorial,IGN
2013,9726,2013-09-03,Martes,0.0,19:10:00,,0.0,2,"Taxi/Remis,Automóvil",Balcarce Y 3 De Febrero,2,1,0,0,1,0,0,,Calle,,ROSARIO,Rosario,Asfalto,No existe,II,Dentro,Urbana,Ninguna,No existe,Intersección,Bueno,Buena,"Atardecer,Con luz artificial",Buen Tiempo,Lateral,S/D,Colisión,S/D,Faltante,S/D,Sin restricción,POINT (-60.6535421 -32.95033519999999),"['Balcarce', '3 de Febrero']",2,Balcarce; 3 de Febrero,-32.95033519999999,-60.6535421,55.0,538.0,Municipio Rosario,Municipio,Rosario,820210,Servicio de Catastro e Información Territorial,IGN