anio_acci,nro_acci,fecha,desc_dia,fecha_aprox,hora_aprox,desc_ruta,km,cant_participantes,desc_participante,calle_avenida_km,total,heridos_leves,heridos_graves,heridos_gravisimos,ilesos,fallecidos,sin_datos,posicion_XY,desc_tipo_via,desc_ruta_ori,desc_loc,desc_dpto,desc_tipo_calzada,desc_tipo_banquina,desc_unidad_regional,desc_lugar_calzada,desc_zona,desc_prioridad,desc_estado_semaforo,desc_lugar_via,desc_estado_via,desc_estado_visibilidad,desc_luminosidad,desc_estado_clima,desc_tipo_colision,desc_tipo_atropello,desc_tipo_hecho,desc_pres_calzada,desc_senializacion,desc_separacion_via,desc_restriccion,forma_geocod,calle_lista,numero_calles,calles_osm,lat,lon,index_right,gid,fna,gna,nam,in1,fdc,sag
2013,9787,2013-09-25,Miercoles,0.0,13:15:00,,0.0,3,"Automóvil,Automóvil,Automóvil",Dorrego 1300,3,1,0,0,2,0,0,,Calle,,ROSARIO,Rosario,Asfalto,S/D,II,Dentro,Urbana,Ninguna,No existe,Recta,Bueno,Buena,Diurna,Buen Tiempo,"De alcance,Múltiple",S/D,Colisión,S/D,Faltante,S/D,Sin restricción,"-32.9507142, -60.6508229",['Dorrego 1300'],1,Dorrego 1300,-32.9507142,-60.6508229,55.0,538.0,Municipio Rosario,Municipio,Rosario,820210,Servicio de Catastro e Información Territorial,IGN
2013,9788,2013-09-16,Lunes,0.0,07:25:00,,0.0,2,"Automóvil,Moto/Ciclomotor",Italia Y Cordoba,2,1,0,0,1,0,0,,Calle,,ROSARIO,Rosario,Asfalto,S/D,II,Dentro,Urbana,Ninguna,No existe,Intersección,Bueno,Buena,Diurna,Buen Tiempo,Lateral,S/D,Colisión,S/D,Faltante,Cordón divisorio,Sin restricción,POINT (-60.647863199999996 -32.944685),"['Italia', 'Córdoba']",2,Italia; Córdoba,-32.944685,-60.6478632,55.0,538.0,Municipio Rosario,Municipio,Rosario,820210,Servicio de Catastro e Información Territorial,IGN
2013,9789,2013-09-25,Miercoles,0.0,09:30:00,,0.0,2,"Automóvil,Automóvil",Italia 1000,2,1,0,0,1,0,0,,Calle,,ROSARIO,Rosario,Asfalto,S/D,II,Dentro,Urbana,Ninguna,No existe,Recta,Bueno,Buena,Diurna,Buen Tiempo,Frontal,S/D,Colisión,S/D,Faltante,Cordón divisorio,Sin restricción,"-32.9472029, -60.6485539",['Italia 1000'],1,Italia 1000,-32.9472029,-60.6485539,55.0,538.0,Municipio Rosario,Municipio,Rosario,820210,Servicio de Catastro e Información Territorial,IGN
2013,9790,2013-09-01,Domingo,0.0,06:10:00,,0.0,5,"Automóvil,Moto/Ciclomotor,Automóvil,Automóvil,Pickup/Utilitario",San Martin Y Av. Uriburu,7,2,0,0,5,0,0,,Avenida,,ROSARIO,Rosario,Asfalto,No existe,II,Dentro,Urbana,Ninguna,No existe,Intersección,Bueno,Buena,Amanecer,Buen Tiempo,Múltiple,S/D,Colisión,S/D,Faltante,Ninguna,Sin restricción,POINT (-60.646703949999996 -32.99069289999999),"['San Martin', 'Uriburu']",2,José de San Martín; Avenida José Uriburu,-32.99069289999999,-60.64670395,55.0,538.0,Municipio Rosario,Municipio,Rosario,820210,Servicio de Catastro e Información Territorial,IGN
2013,9791,2013-09-09,Lunes,0.0,10:25:00,,0.0,2,"Moto/Ciclomotor,Automóvil",Ayacucho Y Sanchez de Bustamante,2,0,1,0,1,0,0,,Calle,,ROSARIO,Rosario,Asfalto,No existe,II,Dentro,Urbana,Semáforo,Funciona,Intersección,S/D,S/D,Diurna,S/D,Lateral,S/D,Colisión,S/D,Vertical,Ninguna,S/D,POINT (-60.6361192 -33.00159320000001),"['Ayacucho', 'Sánchez de Bustamante']",2,Ayacucho; Sánchez de Bustamante,-33.00159320000001,-60.6361192,55.0,538.0,Municipio Rosario,Municipio,Rosario,820210,Servicio de Catastro e Información Territorial,IGN
2013,9792,2013-09-09,Lunes,0.0,09:00:00,,0.0,2,"Camión,Automóvil",Sarmiento Y La Paz,4,4,0,0,0,0,0,,Calle,,ROSARIO,Rosario,Asfalto,S/D,II,S/D,S/D,S/D,S/D,Recta,Bueno,Buena,Diurna,Buen Tiempo,De alcance,S/D,Colisión,S/D,S/D,S/D,S/D,POINT (-60.64260529999999 -32.96417459999999),"['Sarmiento', 'La Paz']",2,Sarmiento; La Paz,-32.96417459999999,-60.64260529999999,55.0,538.0,Municipio Rosario,Municipio,Rosario,820210,Servicio de Catastro e Información Territorial,IGN
2013,9793,2013-09-23,Lunes,0.0,17:30:00,,0.0,2,"Peatón,Automóvil",Santa Fe Y Italia,2,1,0,0,1,0,0,,Calle,,ROSARIO,Rosario,Asfalto,S/D,II,Dentro,Urbana,Semáforo,Funciona,Intersección,Bueno,Buena,Diurna,Buen Tiempo,S/D,S/D,Atropello,S/D,Vertical,S/D,Sin restricción,POINT (-60.6475241 -32.94334839999999),"['Santa Fe', 'Italia']",2,Santa Fe; Italia,-32.94334839999999,-60.6475241,55.0,538.0,Municipio Rosario,Municipio,Rosario,820210,Servicio de Catastro e Información Territorial,IGN
2013,9794,2013-09-23,Lunes,0.0,04:15:00,,0.0,1,Automóvil,Santiago 700,2,2,0,0,0,0,0,,Calle,,ROSARIO,Rosario,Asfalto,S/D,II,Dentro,Urbana,S/D,S/D,Intersección,S/D,S/D,Nocturna,S/D,Contra objeto fijo,S/D,Colisión,S/D,S/D,Ninguna,S/D,"-32.9417304, -60.6557643",['Santiago 700'],1,Santiago 700,-32.9417304,-60.6557643,55.0,538.0,Municipio Rosario,Municipio,Rosario,820210,Servicio de Catastro e Información Territorial,IGN
2013,9795,2013-09-04,Miercoles,0.0,16:00:00,,0.0,2,"Moto/Ciclomotor,Automóvil",Paraguay Y Viamonte,3,2,0,0,1,0,0,,Calle,,ROSARIO,Rosario,Asfalto,S/D,II,Dentro,Urbana,S/D,S/D,Intersección,Bueno,Buena,Diurna,Buen Tiempo,De alcance,S/D,Colisión,S/D,S/D,S/D,S/D,POINT (-60.64849989999999 -32.9643589),"['Paraguay', 'Viamonte']",2,Paraguay; Viamonte,-32.9643589,-60.64849989999999,55.0,538.0,Municipio Rosario,Municipio,Rosario,820210,Servicio de Catastro e Información Territorial,IGN
2013,9796,2013-09-07,Sabado,0.0,19:00:00,,0.0,2,"Moto/Ciclomotor,Moto/Ciclomotor",Anchorena Y Gral. J.M.Paz,2,2,0,0,0,0,0,,Calle,,ROSARIO,Rosario,Asfalto,No existe,II,Dentro,Urbana,Ninguna,No existe,Intersección,Bueno,S/D,Atardecer,Buen Tiempo,Lateral,S/D,Colisión,S/D,S/D,Ninguna,Sin restricción,POINT (-60.627302 -32.997146199999996),"['Anchorena', 'Paz']",2,Tomás de Anchorena; Marcos Paz,-32.9971462,-60.627302,55.0,538.0,Municipio Rosario,Municipio,Rosario,820210,Servicio de Catastro e Información Territorial,IGN
2013,9797,2013-09-09,Lunes,0.0,17:20:00,,0.0,2,"Moto/Ciclomotor,Automóvil",Ayacucho Y Lainez,2,0,1,0,1,0,0,,Calle,,ROSARIO,Rosario,S/D,No existe,II,Dentro,Urbana,Ninguna,No existe,Intersección,S/D,Buena,Diurna,S/D,Lateral,S/D,Colisión,S/D,Horizontal,Ninguna,Sin restricción,POINT (-60.63593469999999 -33.0049365),"['Ayacucho', 'Láinez']",2,Ayacucho; Láinez,-33.0049365,-60.63593469999999,55.0,538.0,Municipio Rosario,Municipio,Rosario,820210,Servicio de Catastro e Información Territorial,IGN
2013,9798,2013-09-24,Martes,0.0,08:40:00,,0.0,2,"Moto/Ciclomotor,Automóvil",Tucuman Y Alvear,2,1,0,0,1,0,0,,Calle,,ROSARIO,Rosario,Asfalto,No existe,II,Dentro,Urbana,Ninguna,S/D,Intersección,Bueno,Buena,Diurna,Buen Tiempo,"Contra objeto fijo,Frontal",S/D,Colisión,S/D,Faltante,Ninguna,Sin restricción,POINT (-60.653511200000004 -32.938830299999985),"['Tucumán', 'Alvear']",2,Tucumán; Alvear,-32.938830299999985,-60.6535112,55.0,538.0,Municipio Rosario,Municipio,Rosario,820210,Servicio de Catastro e Información Territorial,IGN
2013,9799,2013-09-22,Domingo,0.0,04:15:00,,0.0,3,"Automóvil,Taxi/Remis,Automóvil",Mendoza 1300,9,3,0,0,6,0,0,,Calle,,ROSARIO,Rosario,Asfalto,S/D,II,Dentro,Urbana,Ninguna,No existe,Recta,Bueno,Buena,"Nocturna,Con luz artificial",Buen Tiempo,"Frontal,Múltiple",S/D,Colisión,S/D,Faltante,S/D,Sin restricción,"-32.9509847, -60.6421272",['Mendoza 1300'],1,Mendoza 1300,-32.9509847,-60.6421272,55.0,538.0,Municipio Rosario,Municipio,Rosario,820210,Servicio de Catastro e Información Territorial,IGN
2013,9800,2013-08-14,Miercoles,0.0,17:05:00,,0.0,2,"Moto/Ciclomotor,Pickup/Utilitario",Colombia Y Riobamba,3,1,1,0,1,0,0,,Calle,,ROSARIO,Rosario,Asfalto,No existe,II,Dentro,Urbana,Ninguna,No existe,Intersección,Bueno,Buena,Diurna,Buen Tiempo,Lateral,S/D,Colisión,Otro,Faltante,S/D,Sin restricción,POINT (-60.7155416 -32.9546225),"['Colombia', 'Riobamba']",2,Colombia; Riobamba,-32.9546225,-60.7155416,55.0,538.0,Municipio Rosario,Municipio,Rosario,820210,Servicio de Catastro e Información Territorial,IGN
2013,9801,2013-09-10,Martes,0.0,15:00:00,,0.0,2,"Moto/Ciclomotor,Automóvil",Av. Pellegrini Y Italia,3,2,0,0,1,0,0,,Calle,,ROSARIO,Rosario,Asfalto,S/D,II,S/D,S/D,S/D,S/D,Intersección,Bueno,Buena,Diurna,Buen Tiempo,De alcance,S/D,Colisión,S/D,S/D,S/D,S/D,POINT (-60.650600100000005 -32.955561700000004),"['Pellegrini', 'Italia']",2,Avenida Carlos Pellegrini; Italia,-32.955561700000004,-60.650600100000005,55.0,538.0,Municipio Rosario,Municipio,Rosario,820210,Servicio de Catastro e Información Territorial,IGN
2013,9802,2013-09-02,Lunes,0.0,15:30:00,,0.0,2,"Moto/Ciclomotor,Automóvil",Sarmiento 1000,2,1,0,0,1,0,0,,Calle,,ROSARIO,Rosario,Asfalto,S/D,II,Dentro,Urbana,Ninguna,No existe,Recta,Con baches,Buena,Diurna,Buen Tiempo,Lateral,S/D,Colisión,S/D,Faltante,S/D,Sin restricción,"-32.9489545, -60.6388634",['Sarmiento 1000'],1,Sarmiento 1000,-32.9489545,-60.6388634,55.0,538.0,Municipio Rosario,Municipio,Rosario,820210,Servicio de Catastro e Información Territorial,IGN
2013,9803,2013-09-04,Miercoles,0.0,16:30:00,,0.0,2,"Moto/Ciclomotor,Automóvil",Entre Rios Y Galvez,2,1,0,0,1,0,0,,Calle,,ROSARIO,Rosario,Asfalto,S/D,II,Dentro,Urbana,S/D,S/D,Intersección,Bueno,Buena,Diurna,Buen Tiempo,De alcance,S/D,Colisión,S/D,S/D,S/D,S/D,POINT (-60.6465702 -32.968276),"['Entre Ríos', 'Galvez']",2,Entre Ríos; José Gálvez,-32.968276,-60.6465702,55.0,538.0,Municipio Rosario,Municipio,Rosario,820210,Servicio de Catastro e Información Territorial,IGN
2013,9805,2013-09-07,Sabado,0.0,18:10:00,,0.0,2,"Moto/Ciclomotor,Automóvil",Av. Ntra.Sra.del Rosario Y Ayacucho,2,0,1,0,1,0,0,,S/D,,ROSARIO,Rosario,Asfalto,No existe,II,S/D,S/D,Semáforo,Funciona,Intersección,S/D,Buena,Diurna,S/D,Lateral,S/D,Colisión,S/D,S/D,Línea divisoria pintada,Sin restricción,POINT (-60.63633029999999 -32.99953090000001),"['Nuestra Señora del Rosario', 'Ayacucho']",2,Puente Nuestra Señora del Rosario; Ayacucho,-32.99953090000001,-60.63633029999999,55.0,538.0,Municipio Rosario,Municipio,Rosario,820210,Servicio de Catastro e Información Territorial,IGN
2013,9806,2013-09-09,Lunes,0.0,07:15:00,,0.0,2,"Taxi/Remis,Moto/Ciclomotor",Bv. Segui Y Pte.Roca,3,2,0,0,1,0,0,,Avenida,,ROSARIO,Rosario,Asfalto,No existe,II,Dentro,Urbana,Ninguna,No existe,Intersección,Bueno,Buena,Diurna,Buen Tiempo,Lateral,S/D,Colisión,S/D,Faltante,Ninguna,Sin restricción,POINT (-60.653334750000006 -32.97782885),"['Bulevar Juan Francisco Seguí', 'Roca']",2,Bulevar Juan Francisco Seguí; Presidente Roca,-32.97782885,-60.653334750000006,55.0,538.0,Municipio Rosario,Municipio,Rosario,820210,Servicio de Catastro e Información Territorial,IGN
2013,9807,2013-09-01,Domingo,0.0,00:00:00,,0.0,2,"Automóvil,Automóvil",San Martin Y Av. Arijon,3,1,0,0,2,0,0,,Avenida,,ROSARIO,Rosario,S/D,S/D,II,S/D,Urbana,S/D,S/D,Intersección,S/D,S/D,Nocturna,S/D,S/D,S/D,Colisión,S/D,S/D,S/D,S/D,POINT (-60.649363550000004 -33.003052149999995),"['San Martin', 'Avenida Manuel Arijón']",2,José de San Martín; Avenida Manuel Arijón,-33.003052149999995,-60.64936355,55.0,538.0,Municipio Rosario,Municipio,Rosario,820210,Servicio de Catastro e Información Territorial,IGN
2013,9808,2013-09-24,Martes,0.0,15:20:00,,0.0,2,"Moto/Ciclomotor,Automóvil",España Y Urquiza,2,1,0,0,1,0,0,,Calle,,ROSARIO,Rosario,Asfalto,No existe,II,Dentro,Urbana,Semáforo,Funciona,Intersección,Bueno,Buena,Diurna,Buen Tiempo,Lateral,S/D,Colisión,S/D,Faltante,Ninguna,Sin restricción,POINT (-60.6456136 -32.941480599999984),"['España', 'Urquiza']",2,España; Justo José de Urquiza,-32.941480599999984,-60.6456136,55.0,538.0,Municipio Rosario,Municipio,Rosario,820210,Servicio de Catastro e Información Territorial,IGN
2013,9810,2013-09-04,Miercoles,0.0,10:00:00,,0.0,2,"Taxi/Remis,Vehículo Oficial",Mitre Y Rioja,2,1,0,0,1,0,0,,Calle,,ROSARIO,Rosario,Asfalto,S/D,II,Dentro,Urbana,S/D,No existe,Intersección,Bueno,Buena,Diurna,Buen Tiempo,Lateral,S/D,Colisión,S/D,Faltante,Ninguna,Sin restricción,POINT (-60.63989050000001 -32.947396000000005),"['Mitre', 'Rioja']",2,Bartolomé Mitre; Rioja,-32.947396000000005,-60.63989050000001,55.0,538.0,Municipio Rosario,Municipio,Rosario,820210,Servicio de Catastro e Información Territorial,IGN
2013,9811,2013-09-04,Miercoles,0.0,14:30:00,,0.0,2,"Moto/Ciclomotor,Automóvil",Av. Pellegrini Y Balcarce,3,2,0,0,1,0,0,,Calle,,ROSARIO,Rosario,Asfalto,S/D,II,Dentro,Urbana,S/D,S/D,Recta,Bueno,Buena,Diurna,Buen Tiempo,De alcance,S/D,Colisión,S/D,S/D,S/D,S/D,POINT (-60.6546869 -32.954829399999994),"['Pellegrini', 'Balcarce']",2,Avenida Carlos Pellegrini; Balcarce,-32.954829399999994,-60.6546869,55.0,538.0,Municipio Rosario,Municipio,Rosario,820210,Servicio de Catastro e Información Territorial,IGN
2013,9812,2013-09-09,Lunes,0.0,13:15:00,,0.0,2,"Pickup/Utilitario,Automóvil",Bv. Segui Y Sarmiento,2,1,0,0,1,0,0,,Calle,,ROSARIO,Rosario,Asfalto,No existe,II,Dentro,Urbana,Ninguna,No existe,Intersección,Bueno,Buena,Diurna,Buen Tiempo,Lateral,S/D,Colisión,S/D,Faltante,Ninguna,Sin restricción,POINT (-60.64638135 -32.9790819),"['Bulevar Juan Francisco Seguí', 'Sarmiento']",2,Bulevar Juan Francisco Seguí; Sarmiento,-32.9790819,-60.64638135,55.0,538.0,Municipio Rosario,Municipio,Rosario,820210,Servicio de Catastro e Información Territorial,IGN
2013,9813,2013-09-09,Lunes,0.0,18:00:00,,0.0,2,"Moto/Ciclomotor,Automóvil",Esteban de Luca Y Grandoli,2,1,0,0,1,0,0,,Calle,,ROSARIO,Rosario,Asfalto,No existe,II,Dentro,Urbana,Ninguna,No existe,Intersección,S/D,S/D,Atardecer,S/D,Lateral,S/D,Colisión,S/D,S/D,Cordón divisorio,Sin restricción,POINT (-60.62871594999999 -32.99431815),"['Esteban de Luca', 'Avenida Abanderado Grandoli']",2,Esteban de Luca; Avenida Abanderado Grandoli,-32.99431815,-60.62871594999999,55.0,538.0,Municipio Rosario,Municipio,Rosario,820210,Servicio de Catastro e Información Territorial,IGN
2013,9814,2013-09-01,Domingo,0.0,12:10:00,,0.0,2,"Automóvil,Bicicleta",San Martin Y Estado de Israel,2,1,0,0,1,0,0,,Avenida,,ROSARIO,Rosario,Asfalto,No existe,II,Dentro,Urbana,Ninguna,No existe,Recta,Bueno,Buena,Diurna,Buen Tiempo,S/D,S/D,"Caída ocupante,Atropello",S/D,Faltante,Ninguna,Sin restricción,POINT (-60.64694925 -32.991824199999996),"['San Martin', 'Estado de Israel']",2,José de San Martín; Estado de Israel,-32.9918242,-60.64694925,55.0,538.0,Municipio Rosario,Municipio,Rosario,820210,Servicio de Catastro e Información Territorial,IGN
2013,9816,2013-09-12,Jueves,0.0,14:20:00,,0.0,2,"Moto/Ciclomotor,Taxi/Remis",Bv. 27 De Febrero Y L.N.Alem,2,1,0,0,1,0,0,,Avenida,,ROSARIO,Rosario,Asfalto,S/D,II,Dentro,Urbana,Semáforo,Funciona,Intersección,S/D,Buena,Diurna,Buen Tiempo,Lateral,S/D,Colisión,S/D,S/D,S/D,S/D,POINT (-60.63361105 -32.96936275),"['27 de Febrero', 'Alem']",2,Bulevar 27 de Febrero; Leandro N. Alem,-32.96936275,-60.63361105,55.0,538.0,Municipio Rosario,Municipio,Rosario,820210,Servicio de Catastro e Información Territorial,IGN
2013,9817,2013-09-25,Miercoles,0.0,18:30:00,,0.0,2,"Moto/Ciclomotor,Automóvil",Laprida Y San Lorenzo,2,1,0,0,1,0,0,,Calle,,ROSARIO,Rosario,Asfalto,No existe,II,Dentro,Urbana,Ninguna,No existe,Intersección,Bueno,Buena,Diurna,Buen Tiempo,Lateral,S/D,Colisión,S/D,Faltante,Ninguna,Sin restricción,POINT (-60.633347300000004 -32.94601589999999),"['Laprida', 'San Lorenzo']",2,Francisco Narciso Laprida; San Lorenzo,-32.94601589999999,-60.6333473,55.0,538.0,Municipio Rosario,Municipio,Rosario,820210,Servicio de Catastro e Información Territorial,IGN
2013,9818,2013-09-02,Lunes,0.0,14:30:00,,0.0,2,"Automóvil,Automóvil",Uruguay Y España,2,1,0,0,1,0,0,,Calle,,ROSARIO,Rosario,Asfalto,No existe,II,Dentro,Urbana,Ninguna,No existe,Intersección,Bueno,Buena,Diurna,Buen Tiempo,Lateral,S/D,Colisión,S/D,Faltante,Ninguna,Sin restricción,POINT (-60.654130699999996 -32.975319799999994),"['Uruguay', 'España']",2,Uruguay; España,-32.975319799999994,-60.6541307,55.0,538.0,Municipio Rosario,Municipio,Rosario,820210,Servicio de Catastro e Información Territorial,IGN
2013,9819,2013-09-10,Martes,0.0,15:00:00,,0.0,2,"Bicicleta,Automóvil",Entre Rios Y Amenabar,2,1,0,0,1,0,0,,Calle,,ROSARIO,Rosario,Asfalto,No existe,II,Dentro,Urbana,Ninguna,No existe,Intersección,Bueno,Buena,Diurna,Buen Tiempo,S/D,S/D,Atropello,S/D,Faltante,Ninguna,Sin restricción,POINT (-60.64742470000001 -32.97170549999999),"['Entre Ríos', 'Amenabar']",2,Entre Ríos; José de Amenábar,-32.97170549999999,-60.64742470000001,55.0,538.0,Municipio Rosario,Municipio,Rosario,820210,Servicio de Catastro e Información Territorial,IGN
2013,9820,2013-09-27,Viernes,0.0,18:00:00,,0.0,2,"Automóvil,Moto/Ciclomotor",Av. Ovidio Lagos Y 9 De Julio,4,1,1,0,2,0,0,,Calle,,ROSARIO,Rosario,Asfalto,S/D,II,Dentro,Urbana,S/D,S/D,Intersección,S/D,S/D,Atardecer,S/D,S/D,S/D,Colisión,S/D,S/D,S/D,S/D,POINT (-60.663324700000004 -32.9497026),"['Avenida Ovidio Lagos', '9 de Julio']",2,Avenida Ovidio Lagos; 9 de Julio,-32.9497026,-60.6633247,55.0,538.0,Municipio Rosario,Municipio,Rosario,820210,Servicio de Catastro e Información Territorial,IGN
2013,9821,2013-09-12,Jueves,0.0,16:15:00,,0.0,1,Moto/Ciclomotor,Necochea Y La Paz,2,2,0,0,0,0,0,,Calle,,ROSARIO,Rosario,Asfalto,S/D,II,Dentro,Urbana,S/D,S/D,Intersección,S/D,Buena,Diurna,Lluvia,Lateral,S/D,Despiste,S/D,S/D,S/D,S/D,POINT (-60.6285924 -32.966664399999985),"['Necochea', 'La Paz']",2,Necochea; La Paz,-32.966664399999985,-60.6285924,55.0,538.0,Municipio Rosario,Municipio,Rosario,820210,Servicio de Catastro e Información Territorial,IGN
2013,9822,2013-09-07,Sabado,0.0,03:45:00,,0.0,1,Automóvil,Av. Tte Gral Sanchez Y J.M.Gutierrez,1,1,0,0,0,0,0,,S/D,,ROSARIO,Rosario,S/D,S/D,II,S/D,Urbana,S/D,S/D,S/D,S/D,S/D,Nocturna,S/D,Contra objeto fijo,S/D,Colisión,S/D,S/D,Barrera de alto impacto,Sin restricción,POINT (-60.621286299999994 -32.993201099999986),"['Teniente General Sánchez', 'Gutierrez']",2,Teniente General Sánchez; Ricardo Gutierrez,-32.993201099999986,-60.6212863,55.0,538.0,Municipio Rosario,Municipio,Rosario,820210,Servicio de Catastro e Información Territorial,IGN
2013,9823,2013-09-13,Viernes,0.0,10:35:00,,0.0,2,"Moto/Ciclomotor,Automóvil",Bv. 27 De Febrero Y Chacabuco,2,1,0,0,1,0,0,,Avenida,,ROSARIO,Rosario,Asfalto,S/D,II,Dentro,Urbana,S/D,No existe,S/D,Bueno,Buena,Diurna,Buen Tiempo,Lateral,S/D,Colisión,S/D,S/D,Cordón divisorio,S/D,POINT (-60.6281393 -32.97034194999999),"['27 de Febrero', 'Chacabuco']",2,Bulevar 27 de Febrero; Chacabuco,-32.97034194999999,-60.6281393,55.0,538.0,Municipio Rosario,Municipio,Rosario,820210,Servicio de Catastro e Información Territorial,IGN
2013,9824,2013-09-02,Lunes,0.0,08:30:00,,0.0,2,"Pickup/Utilitario,Moto/Ciclomotor",24 De Setiembre Y Entre Rios,2,1,0,0,1,0,0,,Avenida,,ROSARIO,Rosario,Asfalto,No existe,II,Dentro,Urbana,Ninguna,No existe,Intersección,Bueno,Buena,Diurna,Buen Tiempo,Lateral,S/D,Colisión,S/D,Faltante,Ninguna,Sin restricción,POINT (-60.6494421 -32.97972499999999),"['24 de Septiembre', 'Entre Ríos']",2,24 de Septiembre; Entre Ríos,-32.97972499999999,-60.6494421,55.0,538.0,Municipio Rosario,Municipio,Rosario,820210,Servicio de Catastro e Información Territorial,IGN
2013,9825,2013-09-02,Lunes,0.0,13:30:00,,0.0,2,"Automóvil,Automóvil",Garay Y Pte.Roca,2,2,0,0,0,0,0,,Calle,,ROSARIO,Rosario,Asfalto,No existe,II,Dentro,Urbana,Ninguna,No existe,Intersección,Bueno,Buena,Diurna,Buen Tiempo,Lateral,S/D,Colisión,S/D,Faltante,S/D,Sin restricción,POINT (-60.652180400000006 -32.9732656),"['Garay', 'Roca']",2,Juan de Garay; Presidente Roca,-32.9732656,-60.652180400000006,55.0,538.0,Municipio Rosario,Municipio,Rosario,820210,Servicio de Catastro e Información Territorial,IGN
2013,9826,2013-09-26,Jueves,0.0,10:30:00,,0.0,2,"Automóvil,Peatón",Lavalle 1500,2,0,1,0,1,0,0,,Calle,,ROSARIO,Rosario,Asfalto,S/D,II,Dentro,Urbana,S/D,S/D,Intersección,S/D,S/D,Diurna,S/D,S/D,S/D,Atropello,S/D,S/D,S/D,S/D,"-32.9477559, -60.6799491",['Lavalle 1500'],1,Lavalle 1500,-32.9477559,-60.6799491,55.0,538.0,Municipio Rosario,Municipio,Rosario,820210,Servicio de Catastro e Información Territorial,IGN
2013,9827,2013-09-01,Domingo,0.0,,,0.0,2,"Automóvil,Moto/Ciclomotor",Virasoro Y Bv. Oroño,2,0,1,0,1,0,0,,Avenida,,ROSARIO,Rosario,Asfalto,S/D,II,Dentro,Urbana,S/D,S/D,Intersección,Bueno,Buena,Nocturna,Buen Tiempo,De alcance,S/D,Colisión,S/D,S/D,S/D,S/D,POINT (-60.65921435 -32.967215949999996),"['Virasoro', 'Bulevar Nicasio Oroño']",2,Benjamín Virasoro; Bulevar Nicasio Oroño,-32.96721595,-60.65921435,55.0,538.0,Municipio Rosario,Municipio,Rosario,820210,Servicio de Catastro e Información Territorial,IGN
2013,9828,2013-09-04,Miercoles,0.0,08:05:00,,0.0,2,"Automóvil,Moto/Ciclomotor",1 de Mayo Y Viamonte,2,1,0,0,1,0,0,,Calle,,ROSARIO,Rosario,Asfalto,No existe,II,Dentro,Urbana,Ninguna,No existe,Intersección,Bueno,Buena,Diurna,Buen Tiempo,Lateral,S/D,Colisión,S/D,Faltante,Ninguna,Sin restricción,POINT (-60.634418 -32.9668452),"['Primero de Mayo', 'Viamonte']",2,Primero de Mayo; Viamonte,-32.9668452,-60.634418,55.0,538.0,Municipio Rosario,Municipio,Rosario,820210,Servicio de Catastro e Información Territorial,IGN
2013,9829,2013-09-18,Miercoles,0.0,10:45:00,,0.0,2,"Bicicleta,Automóvil",Dorrego 1000,2,1,0,0,1,0,0,,Calle,,ROSARIO,Rosario,Asfalto,S/D,II,Dentro,Urbana,Ninguna,No existe,Recta,Bueno,Buena,Diurna,Buen Tiempo,S/D,S/D,Atropello,S/D,Faltante,Ninguna,Sin restricción,"-32.9469485, -60.6498619",['Dorrego 1000'],1,Dorrego 1000,-32.9469485,-60.6498619,55.0,538.0,Municipio Rosario,Municipio,Rosario,820210,Servicio de Catastro e Información Territorial,IGN
2013,9830,2013-09-07,Sabado,0.0,13:25:00,,0.0,2,"Moto/Ciclomotor,Automóvil",Buenos Aires Y Av. Uriburu,2,1,0,0,1,0,0,,Calle,,ROSARIO,Rosario,Asfalto,No existe,II,S/D,Urbana,Semáforo,Funciona,Intersección,Bueno,Buena,Diurna,S/D,Lateral,S/D,Colisión,S/D,S/D,Cordón divisorio,Sin restricción,POINT (-60.6435867 -32.9906069),"['Buenos Aires', 'Uriburu']",2,Buenos Aires; Avenida José Uriburu,-32.9906069,-60.6435867,55.0,538.0,Municipio Rosario,Municipio,Rosario,820210,Servicio de Catastro e Información Territorial,IGN
2013,9831,2013-09-27,Viernes,0.0,04:00:00,,0.0,2,"Automóvil,Pickup/Utilitario",Santa Fe Y Buenos Aires,3,2,0,0,1,0,0,,Calle,,ROSARIO,Rosario,Asfalto,No existe,II,Dentro,Urbana,Semáforo,Funciona,Intersección,Bueno,Buena,"Nocturna,Con luz artificial",Buen Tiempo,Lateral,S/D,Colisión,S/D,Vertical,Ninguna,Sin restricción,POINT (-60.632578900000006 -32.946862),"['Santa Fe', 'Buenos Aires']",2,Santa Fe; Buenos Aires,-32.946862,-60.632578900000006,55.0,538.0,Municipio Rosario,Municipio,Rosario,820210,Servicio de Catastro e Información Territorial,IGN
2013,9832,2013-09-10,Martes,0.0,18:45:00,,0.0,2,"Moto/Ciclomotor,Moto/Ciclomotor",Gaboto Y Paraguay,2,1,0,0,1,0,0,,Calle,,ROSARIO,Rosario,Asfalto,No existe,II,Dentro,Urbana,Ninguna,No existe,Intersección,Bueno,Buena,Diurna,Buen Tiempo,Lateral,S/D,Colisión,S/D,Faltante,Ninguna,Sin restricción,POINT (-60.65051780000001 -32.972348700000005),"['Gaboto', 'Paraguay']",2,Gaboto; Paraguay,-32.972348700000005,-60.65051780000001,55.0,538.0,Municipio Rosario,Municipio,Rosario,820210,Servicio de Catastro e Información Territorial,IGN