anio_acci,nro_acci,fecha,desc_dia,fecha_aprox,hora_aprox,desc_ruta,km,cant_participantes,desc_participante,calle_avenida_km,total,heridos_leves,heridos_graves,heridos_gravisimos,ilesos,fallecidos,sin_datos,posicion_XY,desc_tipo_via,desc_ruta_ori,desc_loc,desc_dpto,desc_tipo_calzada,desc_tipo_banquina,desc_unidad_regional,desc_lugar_calzada,desc_zona,desc_prioridad,desc_estado_semaforo,desc_lugar_via,desc_estado_via,desc_estado_visibilidad,desc_luminosidad,desc_estado_clima,desc_tipo_colision,desc_tipo_atropello,desc_tipo_hecho,desc_pres_calzada,desc_senializacion,desc_separacion_via,desc_restriccion,forma_geocod,calle_lista,numero_calles,calles_osm,lat,lon,index_right,gid,fna,gna,nam,in1,fdc,sag
2013,9833,2013-09-23,Lunes,0.0,16:00:00,,0.0,2,"Automóvil,Automóvil",Av. Francia Y Av. Pte.Peron,2,1,0,0,1,0,0,,Avenida,,ROSARIO,Rosario,Asfalto,S/D,II,S/D,Urbana,S/D,Funciona,Recta,Bueno,S/D,S/D,Buen Tiempo,De alcance,S/D,Colisión,S/D,S/D,S/D,Sin restricción,POINT (-60.669141599999996 -32.95590709999999),"['Avenida Francia', 'Avenida Presidente Perón']",2,Avenida Francia; Avenida Presidente Perón,-32.95590709999999,-60.6691416,55.0,538.0,Municipio Rosario,Municipio,Rosario,820210,Servicio de Catastro e Información Territorial,IGN
2013,9834,2013-09-02,Lunes,0.0,10:00:00,,0.0,2,"Peatón,Automóvil",Sarmiento Y Viamonte,2,1,0,0,1,0,0,,Calle,,ROSARIO,Rosario,Asfalto,S/D,II,Dentro,Urbana,S/D,S/D,Intersección,Bueno,Buena,Diurna,Buen Tiempo,S/D,S/D,Atropello,S/D,S/D,S/D,S/D,POINT (-60.6429037 -32.9653524),"['Sarmiento', 'Viamonte']",2,Sarmiento; Viamonte,-32.9653524,-60.6429037,55.0,538.0,Municipio Rosario,Municipio,Rosario,820210,Servicio de Catastro e Información Territorial,IGN
2013,9835,2013-08-17,Sabado,0.0,09:20:00,,0.0,2,"Moto/Ciclomotor,Peatón",Av. Pellegrini Y Matienzo,2,1,0,0,1,0,0,,Avenida,,ROSARIO,Rosario,Asfalto,No existe,II,Dentro,Urbana,Semáforo,Funciona,Intersección,Bueno,Buena,Diurna,Buen Tiempo,S/D,S/D,Atropello,Otro,Vertical,Cordón divisorio,Sin restricción,POINT (-60.69440075 -32.94811425),"['Pellegrini', 'Matienzo']",2,Avenida Carlos Pellegrini; Benjamín Matienzo,-32.94811425,-60.69440075,55.0,538.0,Municipio Rosario,Municipio,Rosario,820210,Servicio de Catastro e Información Territorial,IGN
2013,9836,2013-09-04,Miercoles,0.0,11:05:00,,0.0,2,"Pickup/Utilitario,Peatón",Necochea Y Ocampo,2,0,1,0,1,0,0,,Calle,,ROSARIO,Rosario,Asfalto,No existe,II,Dentro,Urbana,Señal Pare,No existe,Intersección,Bueno,Buena,Diurna,Buen Tiempo,Lateral,S/D,Atropello,S/D,Vertical,Ninguna,Sin restricción,POINT (-60.6291842 -32.9689484),"['Necochea', 'Ocampo']",2,Necochea; Ocampo,-32.9689484,-60.6291842,55.0,538.0,Municipio Rosario,Municipio,Rosario,820210,Servicio de Catastro e Información Territorial,IGN
2013,9838,2013-09-27,Viernes,0.0,07:45:00,,0.0,2,"Taxi/Remis,Moto/Ciclomotor",Urquiza 2100,2,1,0,0,1,0,0,,Calle,,ROSARIO,Rosario,Asfalto,No existe,II,Dentro,Urbana,Ninguna,No existe,Recta,Bueno,Buena,Diurna,Buen Tiempo,Lateral,S/D,Colisión,S/D,Faltante,Ninguna,Sin restricción,"-32.9404597, -60.6508419",['Urquiza 2100'],1,Urquiza 2100,-32.9404597,-60.6508419,55.0,538.0,Municipio Rosario,Municipio,Rosario,820210,Servicio de Catastro e Información Territorial,IGN
2013,9839,2013-09-14,Sabado,0.0,21:45:00,,0.0,2,"Moto/Ciclomotor,Automóvil",Necochea Y Biedma,3,2,0,0,1,0,0,,Calle,,ROSARIO,Rosario,Asfalto,No existe,II,S/D,Urbana,Marca Vial,No existe,Intersección,Bueno,Buena,"Nocturna,Con luz artificial",Buen Tiempo,Lateral,S/D,Colisión,Otro,Vertical,Línea divisoria pintada,Sin restricción,POINT (-60.63296999999999 -32.98387449999999),"['Necochea', 'Coronel Biedma']",2,Necochea; Coronel Biedma,-32.98387449999999,-60.63296999999999,55.0,538.0,Municipio Rosario,Municipio,Rosario,820210,Servicio de Catastro e Información Territorial,IGN
2013,9840,2013-09-04,Miercoles,0.0,22:15:00,,0.0,2,"Moto/Ciclomotor,Automóvil",Lamadrid Y Gral. J.M.Paz,3,1,0,0,2,0,0,,Calle,,ROSARIO,Rosario,Asfalto,No existe,II,S/D,Urbana,Ninguna,No existe,Intersección,Bueno,S/D,Nocturna,S/D,Lateral,S/D,Colisión,S/D,Vertical,Ninguna,Sin restricción,POINT (-60.627327 -32.99645590000001),"['Lamadrid', 'Paz']",2,Gregorio Aráoz de Lamadrid; Marcos Paz,-32.99645590000001,-60.627327,55.0,538.0,Municipio Rosario,Municipio,Rosario,820210,Servicio de Catastro e Información Territorial,IGN
2013,9841,2013-09-02,Lunes,0.0,23:45:00,,0.0,2,"Automóvil,Automóvil",Av. Corrientes Y Cerrito,4,1,0,0,3,0,0,,Calle,,ROSARIO,Rosario,Asfalto,S/D,II,Dentro,Urbana,S/D,No existe,Intersección,Bueno,Buena,Nocturna,Buen Tiempo,De alcance,S/D,Colisión,S/D,S/D,S/D,S/D,POINT (-60.6462178 -32.96111909999998),"['Corrientes', 'Cerrito']",2,Corrientes; Cerrito,-32.96111909999998,-60.6462178,55.0,538.0,Municipio Rosario,Municipio,Rosario,820210,Servicio de Catastro e Información Territorial,IGN
2013,9842,2013-09-11,Miercoles,0.0,09:00:00,,0.0,2,"Transporte Escolar,Moto/Ciclomotor",Bv. Segui Y Italia,2,1,0,0,1,0,0,,Calle,,ROSARIO,Rosario,Asfalto,No existe,II,Dentro,Urbana,S/D,No existe,Intersección,Bueno,Buena,Diurna,Buen Tiempo,Lateral,S/D,Colisión,S/D,Faltante,Ninguna,Sin restricción,POINT (-60.6560807 -32.977334),"['Bulevar Juan Francisco Seguí', 'Italia']",2,Bulevar Juan Francisco Seguí; Italia,-32.977334,-60.6560807,55.0,538.0,Municipio Rosario,Municipio,Rosario,820210,Servicio de Catastro e Información Territorial,IGN
2013,9843,2013-09-05,Jueves,0.0,08:10:00,,0.0,2,"Automóvil,Moto/Ciclomotor",Bv. 27 De Febrero Y Laprida,2,1,0,0,1,0,0,,Calle,,ROSARIO,Rosario,Asfalto,No existe,II,Dentro,Urbana,Semáforo,Funciona,Intersección,Bueno,Buena,Diurna,Buen Tiempo,Lateral,S/D,Colisión,S/D,Vertical,Cordón divisorio,Sin restricción,POINT (-60.639549849999995 -32.9682981),"['27 de Febrero', 'Laprida']",2,Bulevar 27 de Febrero; Francisco Narciso Laprida,-32.9682981,-60.63954985,55.0,538.0,Municipio Rosario,Municipio,Rosario,820210,Servicio de Catastro e Información Territorial,IGN
2013,9845,2013-09-04,Miercoles,0.0,15:45:00,,0.0,2,"Moto/Ciclomotor,Automóvil",Bv. Oroño Y Amenabar,3,2,0,0,1,0,0,,Avenida,,ROSARIO,Rosario,Asfalto,No existe,II,Dentro,Urbana,S/D,Funciona,Recta,Bueno,Buena,Diurna,Buen Tiempo,De alcance,S/D,Colisión,S/D,S/D,S/D,S/D,POINT (-60.65980065000001 -32.969474749999996),"['Bulevar Nicasio Oroño', 'Amenabar']",2,Bulevar Nicasio Oroño; José de Amenábar,-32.96947475,-60.65980065000001,55.0,538.0,Municipio Rosario,Municipio,Rosario,820210,Servicio de Catastro e Información Territorial,IGN
2013,9846,2013-09-19,Jueves,0.0,11:20:00,,0.0,2,"Moto/Ciclomotor,Automóvil",España 500,3,1,0,0,2,0,0,,Calle,,ROSARIO,Rosario,Asfalto,No existe,II,Dentro,Urbana,Ninguna,No existe,Recta,Bueno,Buena,Diurna,Buen Tiempo,Contra objeto fijo,S/D,Atropello,S/D,Faltante,Ninguna,Sin restricción,"-32.9414082, -60.6456603",['España 500'],1,España 500,-32.9414082,-60.6456603,55.0,538.0,Municipio Rosario,Municipio,Rosario,820210,Servicio de Catastro e Información Territorial,IGN
2013,9847,2013-09-13,Viernes,0.0,15:45:00,,0.0,2,"Moto/Ciclomotor,Automóvil",L.N.Alem Y Ayolas,3,2,0,0,1,0,0,,Calle,,ROSARIO,Rosario,Asfalto,No existe,II,Dentro,Urbana,Marca Vial,No existe,Intersección,Bueno,Buena,Diurna,Buen Tiempo,Lateral,S/D,Colisión,Otro,Vertical,Línea divisoria pintada,Sin restricción,POINT (-60.635922 -32.9785708),"['Alem', 'Ayolas']",2,Leandro N. Alem; Ayolas,-32.9785708,-60.635922,55.0,538.0,Municipio Rosario,Municipio,Rosario,820210,Servicio de Catastro e Información Territorial,IGN
2013,9848,2013-08-18,Domingo,0.0,07:00:00,,0.0,2,"Automóvil,Automóvil",Superi Y Pje. Boedo,4,4,0,0,0,0,0,,Calle,,ROSARIO,Rosario,Asfalto,No existe,II,S/D,Urbana,Semáforo,Intermitente,Intersección,Bueno,Buena,Diurna,Buen Tiempo,Lateral,S/D,Colisión,Otro,S/D,Ninguna,Sin restricción,POINT (-60.7062321 -32.8966411),"['Superi', 'Boedo']",2,Comandante José Superí; Boedo,-32.8966411,-60.7062321,55.0,538.0,Municipio Rosario,Municipio,Rosario,820210,Servicio de Catastro e Información Territorial,IGN
2013,9849,2013-09-12,Jueves,0.0,,,0.0,2,"Moto/Ciclomotor,Automóvil",Av. Ntra.Sra.del Rosario 500,2,0,1,0,1,0,0,,S/D,,ROSARIO,Rosario,Asfalto,No existe,II,S/D,S/D,S/D,No existe,Recta,Bueno,Buena,Diurna,S/D,S/D,S/D,S/D,S/D,S/D,S/D,S/D,"-32.9997432, -60.6154115",['Ntra Sra Del Rosario 500'],1,Ntra Sra Del Rosario 500,-32.9997432,-60.6154115,55.0,538.0,Municipio Rosario,Municipio,Rosario,820210,Servicio de Catastro e Información Territorial,IGN
2013,9850,2013-09-11,Miercoles,0.0,16:00:00,,0.0,2,"Moto/Ciclomotor,Moto/Ciclomotor",Bv. Segui Y Mitre,3,2,0,0,1,0,0,,Calle,,ROSARIO,Rosario,Asfalto,No existe,II,Dentro,Urbana,S/D,No existe,Intersección,Bueno,Buena,Diurna,Buen Tiempo,Lateral,S/D,Colisión,S/D,Faltante,Ninguna,Sin restricción,POINT (-60.6477426 -32.97883275),"['Bulevar Juan Francisco Seguí', 'Mitre']",2,Bulevar Juan Francisco Seguí; Bartolomé Mitre,-32.97883275,-60.6477426,55.0,538.0,Municipio Rosario,Municipio,Rosario,820210,Servicio de Catastro e Información Territorial,IGN
2013,9851,2013-09-02,Lunes,0.0,12:20:00,,0.0,2,"Bicicleta,Automóvil",La Paz 1600,2,1,0,0,1,0,0,,Calle,,ROSARIO,Rosario,Asfalto,S/D,II,S/D,Urbana,S/D,S/D,Recta,Bueno,Buena,Diurna,Buen Tiempo,S/D,S/D,Atropello,S/D,S/D,S/D,S/D,"-32.9628746, -60.6493456",['La Paz 1600'],1,La Paz 1600,-32.9628746,-60.6493456,55.0,538.0,Municipio Rosario,Municipio,Rosario,820210,Servicio de Catastro e Información Territorial,IGN
2013,9852,2013-09-05,Jueves,0.0,13:25:00,,0.0,2,"Taxi/Remis,Peatón",Ocampo 700,2,1,0,0,1,0,0,,Calle,,ROSARIO,Rosario,Asfalto,No existe,II,Dentro,Urbana,Ninguna,No existe,Recta,Bueno,Buena,Diurna,Buen Tiempo,Lateral,S/D,Atropello,S/D,Faltante,Ninguna,Sin restricción,"-32.9673976, -60.6375534",['Ocampo 700'],1,Ocampo 700,-32.9673976,-60.6375534,55.0,538.0,Municipio Rosario,Municipio,Rosario,820210,Servicio de Catastro e Información Territorial,IGN
2013,9853,2013-09-05,Jueves,0.0,,,0.0,2,"Moto/Ciclomotor,Automóvil",Ituzaingo Y Mitre,2,1,0,0,1,0,0,,Calle,,ROSARIO,Rosario,Asfalto,S/D,II,Dentro,Urbana,S/D,S/D,Intersección,Bueno,Buena,S/D,Buen Tiempo,De alcance,S/D,Colisión,S/D,S/D,S/D,S/D,POINT (-60.64316469999999 -32.96049219999998),"['Ituzaingó', 'Mitre']",2,Ituzaingó; Bartolomé Mitre,-32.96049219999998,-60.64316469999999,55.0,538.0,Municipio Rosario,Municipio,Rosario,820210,Servicio de Catastro e Información Territorial,IGN
2013,9854,2013-09-03,Martes,0.0,15:45:00,,0.0,2,"Moto/Ciclomotor,Automóvil",Virasoro Y Entre Rios,3,1,0,0,2,0,0,,Calle,,ROSARIO,Rosario,Asfalto,S/D,II,S/D,S/D,Semáforo,Funciona,Intersección,Bueno,Buena,Diurna,Buen Tiempo,Otro,S/D,Colisión,S/D,S/D,S/D,S/D,POINT (-60.6468657 -32.9694381),"['Virasoro', 'Entre Ríos']",2,Benjamín Virasoro; Entre Ríos,-32.9694381,-60.6468657,55.0,538.0,Municipio Rosario,Municipio,Rosario,820210,Servicio de Catastro e Información Territorial,IGN
2013,9855,2013-09-14,Sabado,0.0,15:00:00,,0.0,2,"Automóvil,Moto/Ciclomotor",Sarmiento Y Pje. Chopin,2,1,0,0,1,0,0,,Calle,,ROSARIO,Rosario,Asfalto,No existe,II,Dentro,Urbana,Ninguna,No existe,Intersección,Bueno,Buena,Diurna,Buen Tiempo,Lateral,S/D,Colisión,S/D,Faltante,Ninguna,Sin restricción,POINT (-60.6476897 -32.9842501),"['Sarmiento', 'Chopin']",2,Sarmiento; Federico Chopin,-32.9842501,-60.6476897,55.0,538.0,Municipio Rosario,Municipio,Rosario,820210,Servicio de Catastro e Información Territorial,IGN
2013,9856,2013-09-12,Jueves,0.0,09:00:00,,0.0,2,"Moto/Ciclomotor,Moto/Ciclomotor",Av. Uriburu Y Paraguay,2,1,0,0,1,0,0,,Calle,,ROSARIO,Rosario,S/D,S/D,II,Dentro,Urbana,S/D,S/D,S/D,S/D,S/D,Diurna,S/D,S/D,S/D,Colisión,S/D,S/D,S/D,S/D,POINT (-60.655215850000005 -32.990962749999994),"['Uriburu', 'Paraguay']",2,Avenida José Uriburu; Paraguay,-32.990962749999994,-60.655215850000005,55.0,538.0,Municipio Rosario,Municipio,Rosario,820210,Servicio de Catastro e Información Territorial,IGN
2013,9857,2013-09-12,Jueves,0.0,12:30:00,,0.0,2,"Bicicleta,Automóvil",Ayolas Y Necochea,2,1,0,0,1,0,0,,Calle,,ROSARIO,Rosario,Asfalto,No existe,II,Dentro,Urbana,Marca Vial,No existe,Intersección,Bueno,Buena,Diurna,Buen Tiempo,S/D,S/D,Atropello,Otro,Vertical,Línea divisoria pintada,Sin restricción,POINT (-60.631812499999995 -32.97929800000001),"['Ayolas', 'Necochea']",2,Ayolas; Necochea,-32.97929800000001,-60.6318125,55.0,538.0,Municipio Rosario,Municipio,Rosario,820210,Servicio de Catastro e Información Territorial,IGN
2013,9858,2013-09-03,Martes,0.0,14:20:00,,0.0,2,"Bicicleta,Automóvil",Paraguay Y Viamonte,2,1,0,0,1,0,0,,Calle,,ROSARIO,Rosario,Asfalto,S/D,II,Dentro,Urbana,S/D,S/D,Recta,Bueno,Buena,Diurna,Buen Tiempo,S/D,S/D,Atropello,S/D,S/D,S/D,S/D,POINT (-60.64849989999999 -32.9643589),"['Paraguay', 'Viamonte']",2,Paraguay; Viamonte,-32.9643589,-60.64849989999999,55.0,538.0,Municipio Rosario,Municipio,Rosario,820210,Servicio de Catastro e Información Territorial,IGN
2013,9859,2013-09-05,Jueves,0.0,13:10:00,,0.0,2,"Automóvil,Automóvil",Entre Rios Y Bv. 27 De Febrero,2,1,0,0,1,0,0,,Calle,,ROSARIO,Rosario,Asfalto,No existe,II,Dentro,Urbana,S/D,Funciona,Recta,Bueno,Buena,Diurna,Buen Tiempo,De alcance,S/D,Colisión,S/D,S/D,S/D,S/D,POINT (-60.64626885000001 -32.967096450000014),"['Entre Ríos', '27 de Febrero']",2,Entre Ríos; Bulevar 27 de Febrero,-32.967096450000014,-60.64626885000001,55.0,538.0,Municipio Rosario,Municipio,Rosario,820210,Servicio de Catastro e Información Territorial,IGN
2013,9861,2013-09-09,Lunes,0.0,11:15:00,,0.0,1,Automóvil,Montevideo Y Dorrego,3,2,0,0,1,0,0,,Calle,,ROSARIO,Rosario,Asfalto,S/D,II,Dentro,Urbana,Ninguna,No existe,Intersección,Bueno,S/D,Diurna,Buen Tiempo,Lateral,S/D,Colisión,S/D,Faltante,S/D,Sin restricción,POINT (-60.651640799999996 -32.95416689999999),"['Montevideo', 'Dorrego']",2,Montevideo; Manuel Dorrego,-32.95416689999999,-60.6516408,55.0,538.0,Municipio Rosario,Municipio,Rosario,820210,Servicio de Catastro e Información Territorial,IGN
2013,9862,2013-09-14,Sabado,0.0,17:15:00,,0.0,2,"Pickup/Utilitario,Peatón",San Martin Y Ayolas,2,1,0,0,1,0,0,,Avenida,,ROSARIO,Rosario,Asfalto,No existe,II,Dentro,Urbana,Ninguna,No existe,Intersección,Bueno,Buena,Diurna,Buen Tiempo,S/D,S/D,Atropello,S/D,Faltante,Ninguna,Sin restricción,POINT (-60.644083949999995 -32.97709834999999),"['San Martin', 'Ayolas']",2,José de San Martín; Ayolas,-32.97709834999999,-60.64408395,55.0,538.0,Municipio Rosario,Municipio,Rosario,820210,Servicio de Catastro e Información Territorial,IGN
2013,9863,2013-09-09,Lunes,0.0,17:15:00,,0.0,2,"Moto/Ciclomotor,Moto/Ciclomotor",Santiago Y Amenabar,2,2,0,0,0,0,0,,Calle,,ROSARIO,Rosario,Asfalto,No existe,II,Dentro,Urbana,Ninguna,No existe,Intersección,Bueno,Buena,Diurna,Buen Tiempo,Lateral,S/D,Colisión,S/D,Faltante,Ninguna,Sin restricción,POINT (-60.6624407 -32.9689955),"['Santiago', 'Amenabar']",2,Santiago; José de Amenábar,-32.9689955,-60.6624407,55.0,538.0,Municipio Rosario,Municipio,Rosario,820210,Servicio de Catastro e Información Territorial,IGN
2013,9864,2013-09-15,Domingo,0.0,06:55:00,,0.0,2,"Automóvil,Automóvil",Mendoza Y Paraguay,6,4,0,0,1,0,1,,Calle,,ROSARIO,Rosario,Asfalto,S/D,II,Dentro,Urbana,Semáforo,Funciona,Intersección,Bueno,Buena,"Amanecer,Con luz artificial",Buen Tiempo,S/D,S/D,Colisión,S/D,Vertical,S/D,Sin restricción,POINT (-60.6450108 -32.950543200000006),"['Mendoza', 'Paraguay']",2,Mendoza; Paraguay,-32.950543200000006,-60.6450108,55.0,538.0,Municipio Rosario,Municipio,Rosario,820210,Servicio de Catastro e Información Territorial,IGN
2013,9865,2013-09-02,Lunes,0.0,07:30:00,,0.0,1,Transporte de Pasajeros Urbano (> 8 asientos),San Luis 1300,2,1,0,0,1,0,0,,Calle,,ROSARIO,Rosario,Asfalto,S/D,II,Dentro,Urbana,Ninguna,No existe,Recta,Con baches,Buena,Diurna,Buen Tiempo,Otro,S/D,Otro,S/D,Faltante,S/D,Sin restricción,"-32.948521, -60.6414884",['San Luis 1300'],1,San Luis 1300,-32.948521,-60.6414884,55.0,538.0,Municipio Rosario,Municipio,Rosario,820210,Servicio de Catastro e Información Territorial,IGN
2013,9866,2013-09-06,Viernes,0.0,23:00:00,,0.0,2,"Bicicleta,Moto/Ciclomotor",Amenabar Y Colon,2,2,0,0,0,0,0,,Calle,,ROSARIO,Rosario,Asfalto,No existe,II,Dentro,Urbana,Marca Vial,S/D,Intersección,Bueno,S/D,"Nocturna,Con luz artificial",Buen Tiempo,S/D,S/D,Atropello,Otro,Vertical,Línea divisoria pintada,Sin restricción,POINT (-60.63202170000001 -32.97448649999999),"['Amenabar', 'Colon']",2,José de Amenábar; Cristóbal Colón,-32.97448649999999,-60.63202170000001,55.0,538.0,Municipio Rosario,Municipio,Rosario,820210,Servicio de Catastro e Información Territorial,IGN
2013,9867,2013-09-12,Jueves,0.0,16:30:00,,0.0,2,"Pickup/Utilitario,Moto/Ciclomotor",Italia Y Biedma,2,1,0,0,1,0,0,,Calle,,ROSARIO,Rosario,Asfalto,No existe,II,Dentro,Urbana,Ninguna,No existe,Intersección,Bueno,Buena,Diurna,Buen Tiempo,Lateral,S/D,Colisión,S/D,Faltante,Ninguna,Sin restricción,POINT (-60.656682 -32.9796508),"['Italia', 'Coronel Biedma']",2,Italia; Coronel Biedma,-32.9796508,-60.656682,55.0,538.0,Municipio Rosario,Municipio,Rosario,820210,Servicio de Catastro e Información Territorial,IGN
2013,9868,2013-09-17,Martes,0.0,08:15:00,,0.0,1,Transporte de Pasajeros Urbano (> 8 asientos),Mariano Moreno Y Rioja,2,1,0,0,1,0,0,,Calle,,ROSARIO,Rosario,Asfalto,S/D,II,Dentro,Urbana,Ninguna,No existe,Recta,Bueno,S/D,S/D,Buen Tiempo,Otro,S/D,Otro,S/D,Faltante,S/D,Sin restricción,POINT (-60.6508717 -32.9453541),"['Mariano Moreno', 'Rioja']",2,Mariano Moreno; Rioja,-32.9453541,-60.6508717,55.0,538.0,Municipio Rosario,Municipio,Rosario,820210,Servicio de Catastro e Información Territorial,IGN
2013,9869,2013-09-11,Miercoles,0.0,21:30:00,,0.0,2,"Moto/Ciclomotor,Automóvil",Grandoli Y 24 De Setiembre,2,1,0,0,1,0,0,,Calle,,ROSARIO,Rosario,Asfalto,No existe,II,Dentro,Urbana,Marca Vial,No existe,Intersección,Bueno,Buena,"Nocturna,Con luz artificial",Buen Tiempo,Lateral,S/D,Colisión,Otro,Vertical,Línea divisoria pintada,Sin restricción,POINT (-60.62809635000001 -32.98357419999999),"['Avenida Abanderado Grandoli', '24 de Septiembre']",2,Avenida Abanderado Grandoli; 24 de Septiembre,-32.98357419999999,-60.62809635000001,55.0,538.0,Municipio Rosario,Municipio,Rosario,820210,Servicio de Catastro e Información Territorial,IGN
2013,9870,2013-09-05,Jueves,0.0,21:30:00,,0.0,2,"Moto/Ciclomotor,Automóvil",Colon Y Biedma,2,1,0,0,1,0,0,,Calle,,ROSARIO,Rosario,Asfalto,No existe,II,Dentro,Urbana,Marca Vial,No existe,Intersección,Bueno,Buena,"Nocturna,Con luz artificial",Buen Tiempo,Lateral,S/D,Colisión,Otro,S/D,Línea divisoria pintada,Sin restricción,POINT (-60.6342981 -32.983636399999995),"['Colon', 'Coronel Biedma']",2,Cristóbal Colón; Coronel Biedma,-32.983636399999995,-60.6342981,55.0,538.0,Municipio Rosario,Municipio,Rosario,820210,Servicio de Catastro e Información Territorial,IGN
2013,9872,2013-09-18,Miercoles,0.0,15:30:00,,0.0,2,"Moto/Ciclomotor,Automóvil",Bv. Oroño Y Tucuman,3,2,0,0,1,0,0,,Calle,,ROSARIO,Rosario,Asfalto,No existe,II,Dentro,Urbana,Ninguna,No existe,Intersección,Bueno,Buena,Diurna,Buen Tiempo,Lateral,S/D,Colisión,S/D,Faltante,Cordón divisorio,Sin restricción,POINT (-60.6521219 -32.9390762),"['Bulevar Nicasio Oroño', 'Tucumán']",2,Bulevar Nicasio Oroño; Tucumán,-32.9390762,-60.6521219,55.0,538.0,Municipio Rosario,Municipio,Rosario,820210,Servicio de Catastro e Información Territorial,IGN
2013,9874,2013-09-13,Viernes,0.0,11:50:00,,0.0,2,"Automóvil,Moto/Ciclomotor",Sanchez de Bustamante Y Av. Corrientes,2,1,0,0,1,0,0,,Calle,,ROSARIO,Rosario,Asfalto,No existe,II,Dentro,Urbana,S/D,No existe,Intersección,Bueno,Buena,Diurna,Buen Tiempo,Lateral,S/D,Colisión,S/D,Faltante,Ninguna,Sin restricción,POINT (-60.65327370000001 -33.00215680000001),"['Sánchez de Bustamante', 'Corrientes']",2,Sánchez de Bustamante; Corrientes,-33.00215680000001,-60.65327370000001,55.0,538.0,Municipio Rosario,Municipio,Rosario,820210,Servicio de Catastro e Información Territorial,IGN
2013,9875,2013-09-13,Viernes,0.0,11:20:00,,0.0,2,"Bicicleta,Pickup/Utilitario",España Y San Lorenzo,2,1,0,0,1,0,0,,Calle,,ROSARIO,Rosario,Asfalto,No existe,II,Dentro,Urbana,Ninguna,No existe,Intersección,Bueno,Buena,Diurna,Buen Tiempo,S/D,S/D,Atropello,S/D,Faltante,Ninguna,Sin restricción,POINT (-60.6459074 -32.942649599999996),"['España', 'San Lorenzo']",2,España; San Lorenzo,-32.9426496,-60.6459074,55.0,538.0,Municipio Rosario,Municipio,Rosario,820210,Servicio de Catastro e Información Territorial,IGN
2013,9876,2013-09-19,Jueves,0.0,20:30:00,,0.0,2,"Moto/Ciclomotor,Automóvil",Buenos Aires Y 9 De Julio,3,2,0,0,1,0,0,,Calle,,ROSARIO,Rosario,Asfalto,S/D,II,Dentro,Urbana,S/D,S/D,Intersección,Bueno,S/D,S/D,S/D,Lateral,S/D,Colisión,S/D,S/D,Cordón divisorio,S/D,POINT (-60.6345741 -32.9548812),"['Buenos Aires', '9 de Julio']",2,Buenos Aires; 9 de Julio,-32.9548812,-60.6345741,55.0,538.0,Municipio Rosario,Municipio,Rosario,820210,Servicio de Catastro e Información Territorial,IGN
2013,9877,2013-09-04,Miercoles,0.0,18:30:00,,0.0,2,"Moto/Ciclomotor,Automóvil",Laprida Y 24 De Setiembre,3,2,0,0,1,0,0,,Calle,,ROSARIO,Rosario,Asfalto,No existe,II,Dentro,Urbana,Marca Vial,No existe,Intersección,Bueno,Buena,Atardecer,Buen Tiempo,Lateral,S/D,Colisión,Otro,Vertical,Línea divisoria pintada,Sin restricción,POINT (-60.6427339 -32.98093849999999),"['Laprida', '24 de Septiembre']",2,Francisco Narciso Laprida; 24 de Septiembre,-32.98093849999999,-60.6427339,55.0,538.0,Municipio Rosario,Municipio,Rosario,820210,Servicio de Catastro e Información Territorial,IGN
2013,9878,2013-09-13,Viernes,0.0,12:20:00,,0.0,2,"Automóvil,Moto/Ciclomotor",Hilarion de la Quintana Y Av. Corrientes,2,1,0,0,0,0,1,,Calle,,ROSARIO,Rosario,Asfalto,No existe,II,Dentro,Urbana,S/D,No existe,Intersección,Bueno,Buena,Diurna,Buen Tiempo,Lateral,S/D,Colisión,S/D,Faltante,Ninguna,Sin restricción,POINT (-60.65331510000001 -33.0010946),"['Hilarión de la Quintana', 'Corrientes']",2,Hilarión de la Quintana; Corrientes,-33.0010946,-60.65331510000001,55.0,538.0,Municipio Rosario,Municipio,Rosario,820210,Servicio de Catastro e Información Territorial,IGN
2013,9880,2013-09-09,Lunes,0.0,21:30:00,,0.0,2,"Moto/Ciclomotor,Automóvil",J.M.de Rosas 1600,3,2,0,0,1,0,0,,Calle,,ROSARIO,Rosario,Asfalto,S/D,II,Dentro,Urbana,S/D,S/D,Recta,Bueno,Buena,Nocturna,S/D,Otro,S/D,Colisión,S/D,S/D,Cordón divisorio,S/D,"-32.9490771, -60.6315334",['J M De Rosas 1600'],1,J M De Rosas 1600,-32.9490771,-60.6315334,55.0,538.0,Municipio Rosario,Municipio,Rosario,820210,Servicio de Catastro e Información Territorial,IGN
2013,9881,2013-09-03,Martes,0.0,13:25:00,,0.0,2,"Moto/Ciclomotor,Taxi/Remis",Chacabuco Y Dean Funes,3,2,0,0,1,0,0,,Calle,,ROSARIO,Rosario,S/D,S/D,II,Dentro,Urbana,S/D,S/D,S/D,S/D,S/D,S/D,S/D,S/D,S/D,S/D,S/D,S/D,S/D,S/D,POINT (-60.6301335 -32.978413499999995),"['Chacabuco', 'Deán Gregorio Funes']",2,Chacabuco; Deán Gregorio Funes,-32.978413499999995,-60.6301335,55.0,538.0,Municipio Rosario,Municipio,Rosario,820210,Servicio de Catastro e Información Territorial,IGN