anio_acci,nro_acci,fecha,desc_dia,fecha_aprox,hora_aprox,desc_ruta,km,cant_participantes,desc_participante,calle_avenida_km,total,heridos_leves,heridos_graves,heridos_gravisimos,ilesos,fallecidos,sin_datos,posicion_XY,desc_tipo_via,desc_ruta_ori,desc_loc,desc_dpto,desc_tipo_calzada,desc_tipo_banquina,desc_unidad_regional,desc_lugar_calzada,desc_zona,desc_prioridad,desc_estado_semaforo,desc_lugar_via,desc_estado_via,desc_estado_visibilidad,desc_luminosidad,desc_estado_clima,desc_tipo_colision,desc_tipo_atropello,desc_tipo_hecho,desc_pres_calzada,desc_senializacion,desc_separacion_via,desc_restriccion,forma_geocod,calle_lista,numero_calles,calles_osm,lat,lon,index_right,gid,fna,gna,nam,in1,fdc,sag
2013,9882,2013-09-13,Viernes,0.0,13:40:00,,0.0,2,"Automóvil,Moto/Ciclomotor",Bv. Segui Y Av. Corrientes,2,1,0,0,1,0,0,,Calle,,ROSARIO,Rosario,Asfalto,No existe,II,Dentro,Urbana,Ninguna,No existe,Recta,Bueno,Buena,Diurna,Buen Tiempo,De alcance,S/D,Colisión,S/D,Faltante,Ninguna,Sin restricción,POINT (-60.65060229999999 -32.97832124999999),"['Bulevar Juan Francisco Seguí', 'Corrientes']",2,Bulevar Juan Francisco Seguí; Corrientes,-32.97832124999999,-60.65060229999999,55.0,538.0,Municipio Rosario,Municipio,Rosario,820210,Servicio de Catastro e Información Territorial,IGN
2013,9883,2013-09-03,Martes,0.0,11:00:00,,0.0,2,"Moto/Ciclomotor,Automóvil",Gaboto Y Maipu,3,2,0,0,1,0,0,,Calle,,ROSARIO,Rosario,Asfalto,No existe,II,Dentro,Urbana,Marca Vial,No existe,Intersección,Bueno,Buena,Diurna,Buen Tiempo,Lateral,S/D,Colisión,Otro,Vertical,Línea divisoria pintada,Sin restricción,POINT (-60.642193 -32.97384099999999),"['Gaboto', 'Maipú']",2,Gaboto; Maipú,-32.97384099999999,-60.642193,55.0,538.0,Municipio Rosario,Municipio,Rosario,820210,Servicio de Catastro e Información Territorial,IGN
2013,9884,2013-09-13,Viernes,0.0,21:15:00,,0.0,2,"Moto/Ciclomotor,Automóvil",Chacabuco Y Biedma,3,2,0,0,1,0,0,,Calle,,ROSARIO,Rosario,Asfalto,No existe,II,Dentro,Urbana,Marca Vial,No existe,Intersección,Bueno,Buena,"Nocturna,Con luz artificial",Buen Tiempo,Lateral,S/D,Colisión,Otro,Vertical,Línea divisoria pintada,Sin restricción,POINT (-60.631575500000004 -32.98412449999999),"['Chacabuco', 'Coronel Biedma']",2,Chacabuco; Coronel Biedma,-32.98412449999999,-60.6315755,55.0,538.0,Municipio Rosario,Municipio,Rosario,820210,Servicio de Catastro e Información Territorial,IGN
2013,9885,2013-09-02,Lunes,0.0,16:00:00,,0.0,2,"Moto/Ciclomotor,Pickup/Utilitario",Dr.Rivas Y Laprida,2,1,0,0,1,0,0,,Calle,,ROSARIO,Rosario,Asfalto,No existe,II,Dentro,Urbana,Marca Vial,No existe,Intersección,Bueno,Buena,Atardecer,Buen Tiempo,Lateral,S/D,Colisión,S/D,Vertical,Línea divisoria pintada,Sin restricción,POINT (-60.6435977 -32.984410200000006),"['Doctor Francisco Riva', 'Laprida']",2,Doctor Francisco Riva; Francisco Narciso Laprida,-32.984410200000006,-60.6435977,55.0,538.0,Municipio Rosario,Municipio,Rosario,820210,Servicio de Catastro e Información Territorial,IGN
2013,9886,2013-09-03,Martes,0.0,07:20:00,,0.0,2,"Automóvil,Moto/Ciclomotor",San Martin Y Biedma,2,1,1,0,0,0,0,,Avenida,,ROSARIO,Rosario,Asfalto,No existe,II,S/D,Urbana,Ninguna,No existe,Intersección,Bueno,Buena,Diurna,Buen Tiempo,Lateral,S/D,Colisión,S/D,Faltante,S/D,Sin restricción,POINT (-60.64478916666667 -32.981649),"['San Martin', 'Coronel Biedma']",2,José de San Martín; Coronel Biedma,-32.981649,-60.64478916666667,55.0,538.0,Municipio Rosario,Municipio,Rosario,820210,Servicio de Catastro e Información Territorial,IGN
2013,9887,2013-09-18,Miercoles,0.0,18:00:00,,0.0,2,"Moto/Ciclomotor,Automóvil",Sgto Cabral Y Urquiza,2,1,0,0,1,0,0,,Calle,,ROSARIO,Rosario,Asfalto,No existe,II,Dentro,Urbana,Ninguna,No existe,Intersección,Bueno,Buena,Diurna,Buen Tiempo,De alcance,S/D,Colisión,S/D,Faltante,Ninguna,Sin restricción,POINT (-60.634967575000005 -32.9437417),"['Sargento Cabral', 'Urquiza']",2,Sargento Cabral; Justo José de Urquiza,-32.9437417,-60.634967575000005,55.0,538.0,Municipio Rosario,Municipio,Rosario,820210,Servicio de Catastro e Información Territorial,IGN
2013,9888,2013-09-09,Lunes,0.0,14:00:00,,0.0,2,"Taxi/Remis,Moto/Ciclomotor",Bv. 27 De Febrero Y Bv. Oroño,2,1,0,0,1,0,0,,Avenida,,ROSARIO,Rosario,Asfalto,S/D,II,S/D,Urbana,S/D,S/D,Intersección,Bueno,Buena,Diurna,Buen Tiempo,De alcance,S/D,Colisión,S/D,S/D,Barrera de hormigón,S/D,POINT (-60.658642825 -32.964892400000004),"['27 de Febrero', 'Bulevar Nicasio Oroño']",2,Bulevar 27 de Febrero; Bulevar Nicasio Oroño,-32.964892400000004,-60.658642825,55.0,538.0,Municipio Rosario,Municipio,Rosario,820210,Servicio de Catastro e Información Territorial,IGN
2013,9889,2013-09-03,Martes,0.0,12:30:00,,0.0,2,"Automóvil,Peatón",San Martin Y Pte.Quintana,2,1,0,0,1,0,0,,Avenida,,ROSARIO,Rosario,Asfalto,No existe,II,S/D,Urbana,Ninguna,Funciona,Cruce,Bueno,Buena,Diurna,Buen Tiempo,De alcance,S/D,Atropello,S/D,Faltante,S/D,Sin restricción,POINT (-60.6450385 -32.982916249999995),"['San Martin', 'Quintana']",2,"('José de San Martín', 'Presidente Quintana')",-32.982916249999995,-60.6450385,55.0,538.0,Municipio Rosario,Municipio,Rosario,820210,Servicio de Catastro e Información Territorial,IGN
2013,9890,2013-09-02,Lunes,0.0,18:30:00,,0.0,2,"Moto/Ciclomotor,Automóvil",Colon Y Dean Funes,3,2,0,0,1,0,0,,Calle,,ROSARIO,Rosario,Asfalto,No existe,II,Dentro,Urbana,Señal Pare,No existe,Intersección,Bueno,Buena,Atardecer,Buen Tiempo,Lateral,S/D,Colisión,S/D,Vertical,Línea divisoria pintada,Sin restricción,POINT (-60.6328745 -32.9779145),"['Colon', 'Deán Gregorio Funes']",2,Cristóbal Colón; Deán Gregorio Funes,-32.9779145,-60.6328745,55.0,538.0,Municipio Rosario,Municipio,Rosario,820210,Servicio de Catastro e Información Territorial,IGN
2013,9891,2013-09-18,Miercoles,0.0,10:00:00,,0.0,2,"Bicicleta,Automóvil",Alvear 450,2,1,0,0,1,0,0,,Calle,,ROSARIO,Rosario,Asfalto,No existe,II,Dentro,Urbana,Ninguna,No existe,Recta,Bueno,Buena,Diurna,Buen Tiempo,S/D,S/D,Atropello,S/D,Faltante,Ninguna,Sin restricción,"-32.9393708244898, -60.65373257755102",['Alvear 450'],1,Alvear 450,-32.9393708244898,-60.65373257755102,55.0,538.0,Municipio Rosario,Municipio,Rosario,820210,Servicio de Catastro e Información Territorial,IGN
2013,9892,2013-09-04,Miercoles,0.0,08:50:00,,0.0,2,"Taxi/Remis,Automóvil",Paraguay Y Bv. Segui,2,2,0,0,0,0,0,,Calle,,ROSARIO,Rosario,Asfalto,No existe,II,S/D,Urbana,Ninguna,Funciona,Intersección,Bueno,Buena,Diurna,Buen Tiempo,Lateral,S/D,Colisión,S/D,Faltante,S/D,Sin restricción,POINT (-60.6519554 -32.9780774),"['Paraguay', 'Bulevar Juan Francisco Seguí']",2,Paraguay; Bulevar Juan Francisco Seguí,-32.9780774,-60.6519554,55.0,538.0,Municipio Rosario,Municipio,Rosario,820210,Servicio de Catastro e Información Territorial,IGN
2013,9893,2013-09-04,Miercoles,0.0,,,0.0,2,"Automóvil,Moto/Ciclomotor",San Martin 4800,2,1,0,0,1,0,0,,Calle,,ROSARIO,Rosario,Asfalto,No existe,II,Dentro,Urbana,Ninguna,No existe,Intersección,Bueno,Buena,Diurna,Buen Tiempo,Lateral,S/D,Colisión,S/D,Faltante,Ninguna,Sin restricción,"-33.0250039, -60.6541178",['San Martin 4800'],1,San Martin 4800,-33.0250039,-60.6541178,55.0,538.0,Municipio Rosario,Municipio,Rosario,820210,Servicio de Catastro e Información Territorial,IGN
2013,9895,2013-09-02,Lunes,0.0,14:30:00,,0.0,3,"Pickup/Utilitario,Pickup/Utilitario,Vehículo Oficial",Bv. Segui 1900,4,4,0,0,0,0,0,,Avenida,,ROSARIO,Rosario,Asfalto,No existe,II,Dentro,Urbana,Ninguna,No existe,Intersección,Bueno,Buena,Diurna,Buen Tiempo,Lateral,S/D,Colisión,S/D,Faltante,S/D,Sin restricción,"-32.9769706, -60.6572019",['Bulevar Juan Francisco Seguí 1900'],1,Bulevar Juan Francisco Seguí 1900,-32.9769706,-60.6572019,55.0,538.0,Municipio Rosario,Municipio,Rosario,820210,Servicio de Catastro e Información Territorial,IGN
2013,9896,2013-09-05,Jueves,0.0,11:40:00,,0.0,2,"Moto/Ciclomotor,Automóvil",Sarmiento Y Anchorena,2,1,0,0,1,0,0,,Calle,,ROSARIO,Rosario,Asfalto,No existe,II,S/D,Urbana,Ninguna,No existe,Intersección,Bueno,Buena,Diurna,Buen Tiempo,De alcance,S/D,Colisión,S/D,Faltante,Ninguna,Sin restricción,POINT (-60.6491 -32.99780139999999),"['Sarmiento', 'Anchorena']",2,Sarmiento; Tomás de Anchorena,-32.99780139999999,-60.6491,55.0,538.0,Municipio Rosario,Municipio,Rosario,820210,Servicio de Catastro e Información Territorial,IGN
2013,9897,2013-09-02,Lunes,0.0,17:30:00,,0.0,2,"Automóvil,Otros",Bv. Oroño Y Garibaldi,2,1,0,0,1,0,0,,Avenida,,ROSARIO,Rosario,Asfalto,No existe,II,Dentro,Urbana,Ninguna,No existe,Intersección,Bueno,Buena,Diurna,Buen Tiempo,S/D,S/D,Atropello,S/D,Faltante,S/D,Sin restricción,POINT (-60.6632508 -32.983266949999994),"['Bulevar Nicasio Oroño', 'José Garibaldi']",2,Bulevar Nicasio Oroño; José Garibaldi,-32.983266949999994,-60.6632508,55.0,538.0,Municipio Rosario,Municipio,Rosario,820210,Servicio de Catastro e Información Territorial,IGN
2013,9898,2013-09-03,Martes,0.0,08:30:00,,0.0,2,"Automóvil,Taxi/Remis",Bv. Segui Y Av. Corrientes,3,3,0,0,0,0,0,,Avenida,,ROSARIO,Rosario,Asfalto,No existe,II,Dentro,Urbana,Ninguna,No existe,Intersección,Bueno,Buena,Diurna,Buen Tiempo,Lateral,S/D,Colisión,S/D,Faltante,S/D,Sin restricción,POINT (-60.65060229999999 -32.97832124999999),"['Bulevar Juan Francisco Seguí', 'Corrientes']",2,Bulevar Juan Francisco Seguí; Corrientes,-32.97832124999999,-60.65060229999999,55.0,538.0,Municipio Rosario,Municipio,Rosario,820210,Servicio de Catastro e Información Territorial,IGN
2013,9929,2013-09-03,Martes,0.0,17:30:00,,0.0,2,"Moto/Ciclomotor,Pickup/Utilitario",Av. Ovidio Lagos Y Esteban de Luca,2,1,0,0,1,0,0,,Calle,,ROSARIO,Rosario,Asfalto,No existe,II,Dentro,Urbana,Ninguna,No existe,Intersección,Bueno,Buena,Atardecer,Buen Tiempo,De alcance,S/D,Colisión,S/D,Faltante,Ninguna,Sin restricción,POINT (-60.674375250000004 -32.9957393),"['Avenida Ovidio Lagos', 'Esteban de Luca']",2,Avenida Ovidio Lagos; Esteban de Luca,-32.9957393,-60.67437525,55.0,538.0,Municipio Rosario,Municipio,Rosario,820210,Servicio de Catastro e Información Territorial,IGN
2013,9932,2013-09-20,Viernes,0.0,18:30:00,,0.0,2,"Bicicleta,Moto/Ciclomotor",Gaboto Y Vera Mujica,3,1,0,0,2,0,0,,Calle,,ROSARIO,Rosario,Asfalto,No existe,II,S/D,Urbana,Ninguna,No existe,Intersección,Deteriorada,Buena,Atardecer,Buen Tiempo,S/D,S/D,Atropello,S/D,Faltante,Ninguna,Sin restricción,POINT (-60.6737108 -32.9682305),"['Gaboto', 'Vera Mujíca']",2,Gaboto; Vera Mujíca,-32.9682305,-60.6737108,55.0,538.0,Municipio Rosario,Municipio,Rosario,820210,Servicio de Catastro e Información Territorial,IGN
2013,9933,2013-09-15,Domingo,0.0,17:00:00,,0.0,2,"Moto/Ciclomotor,Pickup/Utilitario",Av. Ntra.Sra.del Rosario Y Cafferata,3,1,0,0,2,0,0,,Avenida,,ROSARIO,Rosario,Asfalto,No existe,II,Dentro,Urbana,Ninguna,No existe,Intersección,Deteriorada,Buena,Atardecer,Buen Tiempo,Lateral,S/D,Colisión,S/D,Faltante,Ninguna,Sin restricción,POINT (-60.6834823 -33.0011259),"['Nuestra Señora del Rosario', 'Cafferata']",2,Puente Nuestra Señora del Rosario; Cafferata,-33.0011259,-60.6834823,55.0,538.0,Municipio Rosario,Municipio,Rosario,820210,Servicio de Catastro e Información Territorial,IGN
2013,9936,2013-09-04,Miercoles,0.0,15:00:00,,0.0,2,"Moto/Ciclomotor,Pickup/Utilitario",Bv. Segui Y Bv. Avellaneda,2,1,0,0,1,0,0,,Avenida,,ROSARIO,Rosario,Hormigón,No existe,II,Dentro,Urbana,Semáforo,Funciona,Intersección,Bueno,Buena,Atardecer,Buen Tiempo,S/D,S/D,Colisión,S/D,Faltante,Barrera de hormigón,Sin restricción,POINT (-60.68735266249999 -32.9717476875),"['Bulevar Juan Francisco Seguí', 'Avellaneda']",2,Bulevar Juan Francisco Seguí; Bulevar Nicolás Avellaneda,-32.9717476875,-60.68735266249999,55.0,538.0,Municipio Rosario,Municipio,Rosario,820210,Servicio de Catastro e Información Territorial,IGN
2013,9938,2013-09-06,Viernes,0.0,23:00:00,,0.0,2,"Peatón,Moto/Ciclomotor",Av. Francia Y Coulin,2,2,0,0,0,0,0,,Calle,,ROSARIO,Rosario,Asfalto,No existe,II,Dentro,Urbana,Ninguna,No existe,Intersección,Deteriorada,Buena,Nocturna,Buen Tiempo,Frontal,S/D,Atropello,S/D,Faltante,Ninguna,Sin restricción,POINT (-60.67695234999999 -32.98678895),"['Avenida Francia', 'Coulin']",2,Avenida Francia; Coulin,-32.98678895,-60.67695234999999,55.0,538.0,Municipio Rosario,Municipio,Rosario,820210,Servicio de Catastro e Información Territorial,IGN
2013,9939,2013-09-26,Jueves,0.0,15:30:00,,0.0,2,"Moto/Ciclomotor,Transporte de Pasajeros Urbano (> 8 asientos)",Cafferata Y 24 De Setiembre,3,1,0,0,2,0,0,,Calle,,ROSARIO,Rosario,Asfalto,No existe,II,Dentro,Urbana,Ninguna,No existe,Intersección,Deteriorada,Buena,Atardecer,Buen Tiempo,S/D,S/D,Colisión,S/D,Faltante,Ninguna,Sin restricción,POINT (-60.6794707 -32.974370099999994),"['Cafferata', '24 de Septiembre']",2,Cafferata; 24 de Septiembre,-32.974370099999994,-60.6794707,55.0,538.0,Municipio Rosario,Municipio,Rosario,820210,Servicio de Catastro e Información Territorial,IGN
2013,9941,2013-09-04,Miercoles,0.0,16:15:00,,0.0,1,Moto/Ciclomotor,Bv. Avellaneda Y Av. Arijon,1,1,0,0,0,0,0,,Avenida,,ROSARIO,Rosario,Asfalto,No existe,III,Dentro,Urbana,Semáforo,Funciona,Recta,Con baches,Buena,Atardecer,Buen Tiempo,Atropello animal,S/D,Colisión,S/D,S/D,Barrera de hormigón,Sin restricción,POINT (-60.688958050000004 -33.0042364),"['Avellaneda', 'Avenida Manuel Arijón']",2,Bulevar Nicolás Avellaneda; Avenida Manuel Arijón,-33.0042364,-60.68895805,55.0,538.0,Municipio Rosario,Municipio,Rosario,820210,Servicio de Catastro e Información Territorial,IGN
2013,9942,2013-09-13,Viernes,0.0,13:45:00,,0.0,2,"Moto/Ciclomotor,Automóvil",Bv. Avellaneda Y Centeno,2,1,0,0,1,0,0,,Calle,,ROSARIO,Rosario,Asfalto,No existe,II,Dentro,Urbana,Ninguna,No existe,Recta,Deteriorada,Buena,Diurna,Buen Tiempo,S/D,S/D,Colisión,S/D,Faltante,Ninguna,Sin restricción,POINT (-60.68879944999999 -32.9775145),"['Avellaneda', 'Centeno']",2,Bulevar Nicolás Avellaneda; Coronel Centeno,-32.9775145,-60.68879944999999,55.0,538.0,Municipio Rosario,Municipio,Rosario,820210,Servicio de Catastro e Información Territorial,IGN
2013,9943,2013-09-13,Viernes,0.0,07:20:00,,0.0,2,"Moto/Ciclomotor,Automóvil",Av. Circunvalacion Y R.de Pineda,2,1,0,0,1,0,0,,Avenida,,ROSARIO,Rosario,Asfalto,No existe,II,Dentro,Urbana,Marca Vial,No existe,Recta,Bueno,Buena,Diurna,Buen Tiempo,Lateral,S/D,Colisión,Otro,Horizontal,Cordón divisorio,Sin restricción,POINT (-60.6458373961422 -33.01627981358011),"['Circunvalacion', 'De Pineda']",2,Avenida de Circunvalación 25 de Mayo; Avenida Romero de Pineda,-33.01627981358011,-60.6458373961422,55.0,538.0,Municipio Rosario,Municipio,Rosario,820210,Servicio de Catastro e Información Territorial,IGN
2013,9945,2013-09-25,Miercoles,0.0,12:25:00,,0.0,2,"Moto/Ciclomotor,Automóvil",Vuelta De Obligado Y Estado de Israel,2,1,0,0,1,0,0,,Calle,,ROSARIO,Rosario,S/D,S/D,II,Dentro,Urbana,S/D,S/D,Intersección,S/D,S/D,Diurna,S/D,S/D,S/D,S/D,S/D,S/D,S/D,S/D,POINT (-60.66261240000001 -32.99224139999999),"['Vuelta de Obligado', 'Estado de Israel']",2,Vuelta de Obligado; Estado de Israel,-32.99224139999999,-60.66261240000001,55.0,538.0,Municipio Rosario,Municipio,Rosario,820210,Servicio de Catastro e Información Territorial,IGN
2013,9946,2013-09-09,Lunes,0.0,18:30:00,,0.0,2,"Moto/Ciclomotor,Automóvil",Av. Francia Y 24 De Setiembre,2,1,0,0,1,0,0,,Calle,,ROSARIO,Rosario,Asfalto,No existe,II,Dentro,Urbana,Ninguna,No existe,Intersección,Deteriorada,Buena,Atardecer,Buen Tiempo,S/D,S/D,Colisión,S/D,Faltante,Ninguna,Sin restricción,POINT (-60.6740576 -32.9753504),"['Avenida Francia', '24 de Septiembre']",2,Avenida Francia; 24 de Septiembre,-32.9753504,-60.6740576,55.0,538.0,Municipio Rosario,Municipio,Rosario,820210,Servicio de Catastro e Información Territorial,IGN
2013,9947,2013-09-13,Viernes,0.0,11:00:00,,0.0,2,"Moto/Ciclomotor,Pickup/Utilitario",Biedma Y Cafferata,3,2,0,0,1,0,0,,Calle,,ROSARIO,Rosario,Asfalto,No existe,II,Dentro,Urbana,Ninguna,No existe,Intersección,Deteriorada,Buena,Diurna,Buen Tiempo,Lateral,S/D,Colisión,S/D,Faltante,Ninguna,Sin restricción,POINT (-60.6797569 -32.9755248),"['Coronel Biedma', 'Cafferata']",2,Coronel Biedma; Cafferata,-32.9755248,-60.6797569,55.0,538.0,Municipio Rosario,Municipio,Rosario,820210,Servicio de Catastro e Información Territorial,IGN
2013,9948,2013-09-12,Jueves,0.0,15:30:00,,0.0,2,"Peatón,Moto/Ciclomotor",Av. Battle y Ordoñez 5800,2,2,0,0,0,0,0,,Avenida,,ROSARIO,Rosario,Asfalto,No existe,II,Dentro,Urbana,S/D,S/D,Recta,Bueno,Buena,Atardecer,Buen Tiempo,S/D,S/D,Atropello,S/D,S/D,Ninguna,Sin restricción,"-33.009042, -60.6558939",['Avenida Battle y Ordoñez 5800'],1,Avenida Battle y Ordoñez 5800,-33.009042,-60.6558939,55.0,538.0,Municipio Rosario,Municipio,Rosario,820210,Servicio de Catastro e Información Territorial,IGN
2013,9949,2013-09-11,Miercoles,0.0,18:10:00,,0.0,2,"Moto/Ciclomotor,Automóvil",Bv. Segui Y San Nicolas,4,1,0,0,3,0,0,,Avenida,,ROSARIO,Rosario,Asfalto,No existe,II,Dentro,Urbana,Ninguna,No existe,Intersección,Bueno,Buena,Atardecer,Buen Tiempo,S/D,S/D,Atropello,S/D,Faltante,Ninguna,Sin restricción,POINT (-60.680555149999996 -32.97297304999999),"['Bulevar Juan Francisco Seguí', 'San Nicolás']",2,Bulevar Juan Francisco Seguí; San Nicolás,-32.97297304999999,-60.68055515,55.0,538.0,Municipio Rosario,Municipio,Rosario,820210,Servicio de Catastro e Información Territorial,IGN
2013,9950,2013-09-20,Viernes,0.0,14:40:00,,0.0,2,"Automóvil,Pickup/Utilitario",Dean Funes Y Crespo,3,1,0,0,2,0,0,,Calle,,ROSARIO,Rosario,Asfalto,No existe,II,Dentro,Urbana,Ninguna,No existe,Intersección,Deteriorada,Buena,Atardecer,Buen Tiempo,S/D,S/D,Colisión,S/D,Faltante,Ninguna,Sin restricción,POINT (-60.67557540000001 -32.970264700000016),"['Deán Gregorio Funes', 'Crespo']",2,Deán Gregorio Funes; Crespo,-32.970264700000016,-60.67557540000001,55.0,538.0,Municipio Rosario,Municipio,Rosario,820210,Servicio de Catastro e Información Territorial,IGN
2013,9952,2013-09-17,Martes,0.0,11:00:00,,0.0,2,"Moto/Ciclomotor,Automóvil",Av. Ovidio Lagos Y Av. Arijon,3,1,0,0,2,0,0,,Avenida,,ROSARIO,Rosario,Asfalto,S/D,II,S/D,Urbana,S/D,S/D,S/D,S/D,Buena,Diurna,S/D,S/D,S/D,Colisión,S/D,S/D,S/D,S/D,POINT (-60.6761369 -33.0038701),"['Avenida Ovidio Lagos', 'Avenida Manuel Arijón']",2,Avenida Ovidio Lagos; Avenida Manuel Arijón,-33.0038701,-60.6761369,55.0,538.0,Municipio Rosario,Municipio,Rosario,820210,Servicio de Catastro e Información Territorial,IGN
2013,9953,2013-09-06,Viernes,0.0,11:50:00,,0.0,2,"Bicicleta,Automóvil",Dorrego ,2,1,0,0,1,0,0,,Calle,,ROSARIO,Rosario,Asfalto,No existe,II,Dentro,Urbana,Ninguna,No existe,Recta,Bueno,Buena,Diurna,Buen Tiempo,Lateral,S/D,Atropello,S/D,Faltante,Ninguna,Sin restricción,"-32.9530287, -60.6513524",['Dorrego'],1,Dorrego,-32.9530287,-60.6513524,55.0,538.0,Municipio Rosario,Municipio,Rosario,820210,Servicio de Catastro e Información Territorial,IGN
2013,9954,2013-09-19,Jueves,0.0,08:00:00,,0.0,2,"Moto/Ciclomotor,Automóvil",Bv. Avellaneda Y Bv. Segui,3,2,0,0,1,0,0,,Avenida,,ROSARIO,Rosario,Asfalto,No existe,II,S/D,S/D,Semáforo,Funciona,Intersección,Bueno,Buena,Diurna,Buen Tiempo,S/D,S/D,Colisión,S/D,Faltante,Barrera de hormigón,Sin restricción,POINT (-60.6873526625 -32.9717476875),"['Avellaneda', 'Bulevar Juan Francisco Seguí']",2,Bulevar Nicolás Avellaneda; Bulevar Juan Francisco Seguí,-32.9717476875,-60.6873526625,55.0,538.0,Municipio Rosario,Municipio,Rosario,820210,Servicio de Catastro e Información Territorial,IGN
2013,9955,2013-09-12,Jueves,0.0,12:30:00,,0.0,2,"Peatón,Automóvil",Av. Ovidio Lagos 5840,2,1,0,0,1,0,0,,Avenida,,ROSARIO,Rosario,Asfalto,No existe,II,Dentro,Urbana,Semáforo,Funciona,Recta,Con baches,Buena,Diurna,Buen Tiempo,S/D,S/D,Atropello,S/D,S/D,Cordón divisorio,S/D,"-32.9700442, -60.668095",['Ovidio Lagos 5840'],1,Ovidio Lagos 5840,-32.9700442,-60.668095,55.0,538.0,Municipio Rosario,Municipio,Rosario,820210,Servicio de Catastro e Información Territorial,IGN
2013,9957,2013-09-10,Martes,0.0,00:10:00,,0.0,2,"Automóvil,Moto/Ciclomotor",Tucuman Y España,2,1,0,0,1,0,0,,Calle,,ROSARIO,Rosario,Asfalto,No existe,II,Dentro,Urbana,Semáforo,Funciona,Intersección,Bueno,Buena,"Nocturna,Con luz artificial",Buen Tiempo,Lateral,S/D,Colisión,S/D,Vertical,Ninguna,Sin restricción,POINT (-60.64531730000001 -32.940300199999996),"['Tucumán', 'España']",2,Tucumán; España,-32.9403002,-60.64531730000001,55.0,538.0,Municipio Rosario,Municipio,Rosario,820210,Servicio de Catastro e Información Territorial,IGN
2013,9959,2013-09-10,Martes,0.0,07:45:00,,0.0,2,"Automóvil,Moto/Ciclomotor",Bv. Oroño Y Catamarca,2,1,0,0,1,0,0,,Avenida,,ROSARIO,Rosario,Asfalto,No existe,II,Dentro,Urbana,Ninguna,No existe,Intersección,Bueno,Buena,"Diurna,Con luz artificial",Buen Tiempo,Lateral,S/D,Colisión,S/D,Faltante,Cordón divisorio,Sin restricción,POINT (-60.651806750000006 -32.9378818),"['Bulevar Nicasio Oroño', 'Catamarca']",2,Bulevar Nicasio Oroño; Catamarca,-32.9378818,-60.651806750000006,55.0,538.0,Municipio Rosario,Municipio,Rosario,820210,Servicio de Catastro e Información Territorial,IGN
2013,9960,2013-09-18,Miercoles,0.0,18:30:00,,0.0,2,"Moto/Ciclomotor,Automóvil",Av. Ovidio Lagos Y Garay,4,2,0,0,2,0,0,,Avenida,,ROSARIO,Rosario,Asfalto,No existe,II,Dentro,S/D,Ninguna,No existe,Intersección,Bueno,Buena,Atardecer,Buen Tiempo,S/D,S/D,Colisión,S/D,Faltante,Barrera de hormigón,Sin restricción,POINT (-60.66824390000001 -32.970363899999995),"['Avenida Ovidio Lagos', 'Garay']",2,Avenida Ovidio Lagos; Juan de Garay,-32.970363899999995,-60.66824390000001,55.0,538.0,Municipio Rosario,Municipio,Rosario,820210,Servicio de Catastro e Información Territorial,IGN
2013,9961,2013-09-02,Lunes,0.0,16:45:00,,0.0,2,"Moto/Ciclomotor,Automóvil",Av. Francia Y Saavedra,2,0,1,0,1,0,0,,Avenida,,ROSARIO,Rosario,Asfalto,S/D,II,Dentro,Urbana,Ninguna,S/D,Recta,Bueno,Buena,Diurna,Buen Tiempo,S/D,S/D,Colisión,S/D,S/D,Ninguna,Sin restricción,POINT (-60.6734792 -32.973049950000004),"['Avenida Francia', 'Saavedra']",2,Avenida Francia; Saavedra,-32.973049950000004,-60.6734792,55.0,538.0,Municipio Rosario,Municipio,Rosario,820210,Servicio de Catastro e Información Territorial,IGN
2013,9962,2013-09-10,Martes,0.0,09:30:00,,0.0,2,"Bicicleta,Automóvil",Urquiza 1160,2,1,0,0,1,0,0,,Calle,,ROSARIO,Rosario,Asfalto,No existe,II,Dentro,Urbana,S/D,S/D,Recta,Bueno,S/D,Diurna,S/D,S/D,S/D,Atropello,S/D,Faltante,S/D,S/D,"-32.94280509437554, -60.63815023112479",['Urquiza 1160'],1,Urquiza 1160,-32.94280509437554,-60.63815023112479,55.0,538.0,Municipio Rosario,Municipio,Rosario,820210,Servicio de Catastro e Información Territorial,IGN