anio_acci,nro_acci,fecha,desc_dia,fecha_aprox,hora_aprox,desc_ruta,km,cant_participantes,desc_participante,calle_avenida_km,total,heridos_leves,heridos_graves,heridos_gravisimos,ilesos,fallecidos,sin_datos,posicion_XY,desc_tipo_via,desc_ruta_ori,desc_loc,desc_dpto,desc_tipo_calzada,desc_tipo_banquina,desc_unidad_regional,desc_lugar_calzada,desc_zona,desc_prioridad,desc_estado_semaforo,desc_lugar_via,desc_estado_via,desc_estado_visibilidad,desc_luminosidad,desc_estado_clima,desc_tipo_colision,desc_tipo_atropello,desc_tipo_hecho,desc_pres_calzada,desc_senializacion,desc_separacion_via,desc_restriccion,forma_geocod,calle_lista,numero_calles,calles_osm,lat,lon,index_right,gid,fna,gna,nam,in1,fdc,sag
2013,9963,2013-09-12,Jueves,0.0,14:25:00,,0.0,2,"Moto/Ciclomotor,Automóvil",Bv. Segui Y Crespo,2,1,0,0,1,0,0,,Calle,,ROSARIO,Rosario,Asfalto,No existe,II,Dentro,Urbana,Ninguna,No existe,Intersección,Bueno,Buena,Diurna,Buen Tiempo,Frontal,S/D,Colisión,S/D,Faltante,Ninguna,Sin restricción,POINT (-60.676448699999995 -32.973707299999994),"['Bulevar Juan Francisco Seguí', 'Crespo']",2,Bulevar Juan Francisco Seguí; Crespo,-32.973707299999994,-60.6764487,55.0,538.0,Municipio Rosario,Municipio,Rosario,820210,Servicio de Catastro e Información Territorial,IGN
2013,9964,2013-09-11,Miercoles,0.0,13:00:00,,0.0,2,"Moto/Ciclomotor,Automóvil",Bv. Segui Y Constitucion,2,1,0,0,1,0,0,,Calle,,ROSARIO,Rosario,Asfalto,No existe,II,Dentro,Urbana,Ninguna,No existe,Intersección,Bueno,Buena,Diurna,Buen Tiempo,S/D,S/D,Atropello,S/D,Faltante,Ninguna,Sin restricción,POINT (-60.6819282 -32.97272762499999),"['Bulevar Juan Francisco Seguí', 'Constitución']",2,Bulevar Juan Francisco Seguí; Constitución,-32.97272762499999,-60.6819282,55.0,538.0,Municipio Rosario,Municipio,Rosario,820210,Servicio de Catastro e Información Territorial,IGN
2013,9965,2013-09-11,Miercoles,0.0,14:20:00,,0.0,2,"Bicicleta,Automóvil",Pte.Roca Y Urquiza,2,1,0,0,1,0,0,,Calle,,ROSARIO,Rosario,Asfalto,No existe,II,Dentro,Urbana,Ninguna,No existe,Intersección,Bueno,Buena,Diurna,Buen Tiempo,Frontal,S/D,Atropello,S/D,Faltante,Ninguna,Sin restricción,POINT (-60.6442177 -32.9417364),"['Roca', 'Urquiza']",2,Presidente Roca; Justo José de Urquiza,-32.9417364,-60.6442177,55.0,538.0,Municipio Rosario,Municipio,Rosario,820210,Servicio de Catastro e Información Territorial,IGN
2013,9966,2013-09-09,Lunes,0.0,14:00:00,,0.0,2,"Moto/Ciclomotor,Automóvil",Bv. Avellaneda Y Av. Circunvalacion,3,2,0,0,1,0,0,,Avenida,,ROSARIO,Rosario,Asfalto,No existe,II,Dentro,Urbana,S/D,No existe,Curva,Con baches,Buena,S/D,Buen Tiempo,De alcance,S/D,Colisión,Agua,S/D,Guardarrail,Obra en Construcción,POINT (-60.68941966610684 -33.00080705152485),"['Avellaneda', 'Circunvalacion']",2,Bulevar Nicolás Avellaneda; Avenida de Circunvalación 25 de Mayo,-33.00080705152485,-60.68941966610684,55.0,538.0,Municipio Rosario,Municipio,Rosario,820210,Servicio de Catastro e Información Territorial,IGN
2013,9968,2013-09-20,Viernes,0.0,03:00:00,,0.0,2,"Automóvil,Moto/Ciclomotor",Zelaya Y Baigorria,5,2,0,0,3,0,0,,Calle,,ROSARIO,Rosario,Asfalto,No existe,II,Dentro,Urbana,Señal Ceda el Paso,No existe,Recta,Bueno,Buena,Nocturna,Buen Tiempo,Lateral,S/D,Colisión,S/D,Faltante,Ninguna,Sin restricción,POINT (-60.69689309999999 -32.8923404),"['Zelaya', 'Baigorria']",2,Zelaya; Baigorria,-32.8923404,-60.69689309999999,55.0,538.0,Municipio Rosario,Municipio,Rosario,820210,Servicio de Catastro e Información Territorial,IGN
2013,9969,2013-09-08,Domingo,0.0,14:30:00,,0.0,2,"Peatón,Taxi/Remis",Lainez 774,2,1,0,0,1,0,0,,Calle,,ROSARIO,Rosario,Asfalto,No existe,II,Dentro,Urbana,Marca Vial,No existe,Recta,Bueno,Buena,Diurna,Buen Tiempo,S/D,S/D,Atropello,Otro,Horizontal,S/D,Sin restricción,"-33.0046659, -60.6287714",['Lainez 774'],1,Lainez 774,-33.0046659,-60.6287714,55.0,538.0,Municipio Rosario,Municipio,Rosario,820210,Servicio de Catastro e Información Territorial,IGN
2013,9970,2013-09-12,Jueves,1.0,19:30:00,,0.0,2,"Moto/Ciclomotor,Pickup/Utilitario",Av. Ovidio Lagos Y Garay,4,2,0,0,2,0,0,,Avenida,,ROSARIO,Rosario,Asfalto,No existe,II,Dentro,Urbana,Ninguna,No existe,Intersección,Bueno,Buena,"Nocturna,Con luz artificial",Buen Tiempo,S/D,S/D,Colisión,S/D,Faltante,Ninguna,Sin restricción,POINT (-60.66824390000001 -32.970363899999995),"['Avenida Ovidio Lagos', 'Garay']",2,Avenida Ovidio Lagos; Juan de Garay,-32.970363899999995,-60.66824390000001,55.0,538.0,Municipio Rosario,Municipio,Rosario,820210,Servicio de Catastro e Información Territorial,IGN
2013,9973,2013-09-16,Lunes,0.0,18:00:00,,0.0,2,"Moto/Ciclomotor,Automóvil",Av. Battle y Ordoñez Y Bv. Avellaneda,2,1,0,0,1,0,0,,Avenida,,ROSARIO,Rosario,Asfalto,No existe,II,Dentro,Urbana,Señal Pare,No existe,Recta,Bueno,Buena,Atardecer,Buen Tiempo,De alcance,S/D,Colisión,S/D,S/D,Ninguna,Sin restricción,POINT (-60.6894455 -33.010092),"['Avenida Battle y Ordoñez', 'Avellaneda']",2,Avenida Battle y Ordoñez; Bulevar Nicolás Avellaneda,-33.010092,-60.6894455,55.0,538.0,Municipio Rosario,Municipio,Rosario,820210,Servicio de Catastro e Información Territorial,IGN
2013,9974,2013-09-09,Lunes,0.0,05:50:00,,0.0,2,"Moto/Ciclomotor,Automóvil",Av. Battle y Ordoñez Y Av. Ovidio Lagos,2,1,0,0,1,0,0,,Avenida,,ROSARIO,Rosario,Asfalto,No existe,II,Dentro,Urbana,Señal Pare,No existe,Recta,Bueno,Buena,Amanecer,Buen Tiempo,Lateral,S/D,Colisión,S/D,S/D,Cordón divisorio,Sin restricción,POINT (-60.677360275 -33.009728399999986),"['Avenida Battle y Ordoñez', 'Avenida Ovidio Lagos']",2,Avenida Battle y Ordoñez; Avenida Ovidio Lagos,-33.009728399999986,-60.677360275,55.0,538.0,Municipio Rosario,Municipio,Rosario,820210,Servicio de Catastro e Información Territorial,IGN
2013,9975,2013-09-10,Martes,0.0,14:15:00,,0.0,2,"Bicicleta,Moto/Ciclomotor",Dr.Rivas Y Cafferata,2,1,0,0,1,0,0,,Calle,,ROSARIO,Rosario,Asfalto,No existe,II,Dentro,Urbana,Ninguna,No existe,Intersección,Deteriorada,Buena,Diurna,Buen Tiempo,S/D,S/D,Atropello,S/D,Faltante,Ninguna,Sin restricción,POINT (-60.680375500000004 -32.9778078),"['Doctor Francisco Riva', 'Cafferata']",2,Doctor Francisco Riva; Cafferata,-32.9778078,-60.6803755,55.0,538.0,Municipio Rosario,Municipio,Rosario,820210,Servicio de Catastro e Información Territorial,IGN
2013,9976,2013-09-06,Viernes,0.0,12:00:00,,0.0,2,"Moto/Ciclomotor,Automóvil",San Martin Y Rui Barbosa,2,1,0,0,1,0,0,,Avenida,,ROSARIO,Rosario,Asfalto,No existe,II,Dentro,Urbana,Marca Vial,No existe,Recta,Bueno,Buena,Diurna,Buen Tiempo,Lateral,S/D,Colisión,Otro,Horizontal,Cordón divisorio,Sin restricción,POINT (-60.65008304999999 -33.0063681),"['San Martin', 'Rui Barbosa']",2,José de San Martín; Rui Barbosa,-33.0063681,-60.65008304999999,55.0,538.0,Municipio Rosario,Municipio,Rosario,820210,Servicio de Catastro e Información Territorial,IGN
2013,9978,2013-09-11,Miercoles,0.0,19:00:00,,0.0,2,"Automóvil,Automóvil",España Y Av. Arijon,3,3,0,0,0,0,0,,Avenida,,ROSARIO,Rosario,Asfalto,No existe,II,Dentro,Urbana,Marca Vial,No existe,Intersección,Bueno,Buena,Diurna,Buen Tiempo,Lateral,S/D,Colisión,Otro,Horizontal,Cordón divisorio,Sin restricción,POINT (-60.657634699999996 -33.003316000000005),"['España', 'Avenida Manuel Arijón']",2,España; Avenida Manuel Arijón,-33.003316000000005,-60.6576347,55.0,538.0,Municipio Rosario,Municipio,Rosario,820210,Servicio de Catastro e Información Territorial,IGN
2013,9981,2013-09-16,Lunes,0.0,07:00:00,,0.0,2,"Bicicleta,Moto/Ciclomotor",Av. Battle y Ordoñez Y Av. Ovidio Lagos,2,1,0,0,1,0,0,,Avenida,,ROSARIO,Rosario,Asfalto,No existe,II,Dentro,Urbana,Semáforo,Funciona,Recta,Con baches,Buena,Amanecer,Buen Tiempo,S/D,S/D,Atropello,Agua,S/D,Ninguna,Sin restricción,POINT (-60.677360275 -33.009728399999986),"['Avenida Battle y Ordoñez', 'Avenida Ovidio Lagos']",2,Avenida Battle y Ordoñez; Avenida Ovidio Lagos,-33.009728399999986,-60.677360275,55.0,538.0,Municipio Rosario,Municipio,Rosario,820210,Servicio de Catastro e Información Territorial,IGN
2013,9983,2013-09-12,Jueves,0.0,20:00:00,,0.0,2,"Bicicleta,Automóvil",Guemes Y Mariano Moreno,2,1,0,0,1,0,0,,Calle,,ROSARIO,Rosario,Asfalto,No existe,II,Dentro,Urbana,Ninguna,No existe,Intersección,Bueno,Buena,"Nocturna,Con luz artificial",Buen Tiempo,Lateral,S/D,Atropello,S/D,Faltante,Ninguna,Sin restricción,POINT (-60.6479537 -32.93373479999999),"['Güemes', 'Mariano Moreno']",2,Güemes; Mariano Moreno,-32.93373479999999,-60.6479537,55.0,538.0,Municipio Rosario,Municipio,Rosario,820210,Servicio de Catastro e Información Territorial,IGN
2013,9984,2013-09-06,Viernes,0.0,18:15:00,,0.0,2,"Moto/Ciclomotor,Automóvil",Bv. Segui 3000,2,1,0,0,1,0,0,,Avenida,,ROSARIO,Rosario,Asfalto,No existe,II,Dentro,Urbana,Ninguna,No existe,Recta,Bueno,Buena,Atardecer,Buen Tiempo,S/D,S/D,Colisión,S/D,Faltante,S/D,Sin restricción,"-32.9743025, -60.6722752",['Bulevar Juan Francisco Seguí 3000'],1,Bulevar Juan Francisco Seguí 3000,-32.9743025,-60.6722752,55.0,538.0,Municipio Rosario,Municipio,Rosario,820210,Servicio de Catastro e Información Territorial,IGN
2013,9985,2013-09-17,Martes,0.0,05:25:00,,0.0,1,Moto/Ciclomotor,Av. Ovidio Lagos 7000,2,2,0,0,0,0,0,,Avenida,,ROSARIO,Rosario,Asfalto,No existe,II,Dentro,Urbana,Semáforo,Funciona,Recta,Bueno,Buena,"Amanecer,Con luz artificial",Buen Tiempo,Contra objeto fijo,S/D,Colisión,S/D,S/D,Cordón divisorio,Obra en Construcción,"-32.9700442, -60.668095",['Ovidio Lagos 7000'],1,Ovidio Lagos 7000,-32.9700442,-60.668095,55.0,538.0,Municipio Rosario,Municipio,Rosario,820210,Servicio de Catastro e Información Territorial,IGN
2013,9986,2013-09-16,Lunes,0.0,16:00:00,,0.0,2,"Automóvil,Automóvil",24 De Setiembre Y Av. Francia,3,2,0,0,1,0,0,,Calle,,ROSARIO,Rosario,Asfalto,S/D,II,Dentro,Urbana,Ninguna,S/D,Intersección,Deteriorada,Buena,Atardecer,Buen Tiempo,S/D,S/D,Colisión,S/D,S/D,Ninguna,Sin restricción,POINT (-60.6740576 -32.9753504),"['24 de Septiembre', 'Avenida Francia']",2,24 de Septiembre; Avenida Francia,-32.9753504,-60.6740576,55.0,538.0,Municipio Rosario,Municipio,Rosario,820210,Servicio de Catastro e Información Territorial,IGN
2013,9988,2013-09-09,Lunes,0.0,07:15:00,,0.0,2,"Moto/Ciclomotor,Automóvil",Av. Battle y Ordoñez Y Calle 2106,2,1,0,0,1,0,0,,Calle,,ROSARIO,Rosario,Asfalto,No existe,II,Dentro,Urbana,Ninguna,No existe,Recta,Bueno,Buena,Amanecer,Buen Tiempo,Lateral,S/D,Colisión,S/D,S/D,Ninguna,Sin restricción,"-33.0084731, -60.6332815",['Avenida Battle y Ordoñez 2106'],1,Avenida Battle y Ordoñez 2106,-33.0084731,-60.6332815,55.0,538.0,Municipio Rosario,Municipio,Rosario,820210,Servicio de Catastro e Información Territorial,IGN
2013,9990,2013-09-06,Viernes,0.0,12:40:00,,0.0,2,"Moto/Ciclomotor,Automóvil",Bv. Segui Y Constitucion,2,1,0,0,1,0,0,,Avenida,,ROSARIO,Rosario,Asfalto,No existe,II,Dentro,Urbana,Ninguna,No existe,Intersección,Bueno,Buena,Diurna,Buen Tiempo,S/D,S/D,Colisión,S/D,Faltante,Ninguna,Sin restricción,POINT (-60.6819282 -32.97272762499999),"['Bulevar Juan Francisco Seguí', 'Constitución']",2,Bulevar Juan Francisco Seguí; Constitución,-32.97272762499999,-60.6819282,55.0,538.0,Municipio Rosario,Municipio,Rosario,820210,Servicio de Catastro e Información Territorial,IGN
2013,9992,2013-09-17,Martes,0.0,14:25:00,,0.0,2,"Moto/Ciclomotor,Automóvil",24 De Setiembre Y Av. Francia,2,1,0,0,1,0,0,,Avenida,,ROSARIO,Rosario,Asfalto,S/D,II,Dentro,Urbana,Ninguna,S/D,Intersección,Deteriorada,Buena,Atardecer,Buen Tiempo,S/D,S/D,Colisión,S/D,S/D,Barrera de hormigón,Sin restricción,POINT (-60.6740576 -32.9753504),"['24 de Septiembre', 'Avenida Francia']",2,24 de Septiembre; Avenida Francia,-32.9753504,-60.6740576,55.0,538.0,Municipio Rosario,Municipio,Rosario,820210,Servicio de Catastro e Información Territorial,IGN
2013,9995,2013-09-11,Miercoles,0.0,14:20:00,,0.0,2,"Taxi/Remis,Automóvil",San Lorenzo Y Paraguay,2,1,0,0,1,0,0,,Calle,,ROSARIO,Rosario,Asfalto,No existe,II,Dentro,Urbana,Ninguna,No existe,Intersección,Bueno,Buena,Diurna,Buen Tiempo,Lateral,S/D,Colisión,S/D,Faltante,Ninguna,Sin restricción,POINT (-60.643162000000004 -32.9431566),"['San Lorenzo', 'Paraguay']",2,San Lorenzo; Paraguay,-32.9431566,-60.643162,55.0,538.0,Municipio Rosario,Municipio,Rosario,820210,Servicio de Catastro e Información Territorial,IGN
2013,10001,2013-09-07,Sabado,0.0,15:50:00,,0.0,2,"Moto/Ciclomotor,Moto/Ciclomotor",Bv. Segui Y Av. Francia,3,2,0,0,1,0,0,,Avenida,,ROSARIO,Rosario,Asfalto,No existe,II,Dentro,Urbana,Semáforo,Funciona,Intersección,Bueno,Buena,Atardecer,Buen Tiempo,S/D,S/D,Colisión,S/D,Faltante,Ninguna,Sin restricción,POINT (-60.673763175 -32.97418725),"['Bulevar Juan Francisco Seguí', 'Avenida Francia']",2,Bulevar Juan Francisco Seguí; Avenida Francia,-32.97418725,-60.673763175,55.0,538.0,Municipio Rosario,Municipio,Rosario,820210,Servicio de Catastro e Información Territorial,IGN
2013,10002,2013-09-23,Lunes,0.0,22:30:00,,0.0,2,"Bicicleta,Automóvil",San Martin Y Av. Circunvalacion,2,1,0,0,1,0,0,,Avenida,,ROSARIO,Rosario,Asfalto,No existe,II,Dentro,Urbana,Semáforo,Funciona,Intersección,Bueno,Buena,"Nocturna,Con luz artificial",Buen Tiempo,S/D,S/D,Atropello,S/D,Vertical,Cordón divisorio,Sin restricción,POINT (-60.64178307863883 -33.0158888269654),"['San Martin', 'Circunvalacion']",2,José de San Martín; Avenida de Circunvalación 25 de Mayo,-33.0158888269654,-60.64178307863883,55.0,538.0,Municipio Rosario,Municipio,Rosario,820210,Servicio de Catastro e Información Territorial,IGN
2013,10009,2013-09-24,Martes,0.0,17:00:00,,0.0,2,"Moto/Ciclomotor,Automóvil",Av. Battle y Ordoñez Y Av. Corrientes,4,3,0,0,1,0,0,,Avenida,,ROSARIO,Rosario,Asfalto,No existe,II,Dentro,Urbana,Marca Vial,No existe,Intersección,Bueno,Buena,Diurna,Buen Tiempo,Lateral,S/D,Colisión,S/D,Horizontal,Cordón divisorio,Sin restricción,POINT (-60.6529791 -33.00898595),"['Avenida Battle y Ordoñez', 'Corrientes']",2,Avenida Battle y Ordoñez; Corrientes,-33.00898595,-60.6529791,55.0,538.0,Municipio Rosario,Municipio,Rosario,820210,Servicio de Catastro e Información Territorial,IGN
2013,10010,2013-09-11,Miercoles,0.0,22:00:00,,0.0,2,"Moto/Ciclomotor,Automóvil",Sadi Carnot Y Rui Barbosa,3,2,0,0,1,0,0,,Calle,,ROSARIO,Rosario,Asfalto,No existe,II,Dentro,Urbana,Marca Vial,No existe,Intersección,Bueno,Buena,"Nocturna,Con luz artificial",Buen Tiempo,Lateral,S/D,Colisión,S/D,Horizontal,Cordón divisorio,Sin restricción,POINT (-60.6486196 -33.0063245),"['Sadi Carnot', 'Rui Barbosa']",2,Sadi Carnot; Rui Barbosa,-33.0063245,-60.6486196,55.0,538.0,Municipio Rosario,Municipio,Rosario,820210,Servicio de Catastro e Información Territorial,IGN
2013,10011,2013-09-22,Domingo,0.0,19:55:00,,0.0,2,"Moto/Ciclomotor,Automóvil",Av. Francia 4800,2,1,0,0,1,0,0,,Avenida,,ROSARIO,Rosario,Asfalto,No existe,II,Dentro,Urbana,S/D,Funciona,Intersección,Bueno,Buena,"Nocturna,Con luz artificial",Buen Tiempo,S/D,S/D,Colisión,S/D,Faltante,Barrera de hormigón,Sin restricción,"-32.9466403, -60.6668992",['Francia 4800'],1,Francia 4800,-32.9466403,-60.6668992,55.0,538.0,Municipio Rosario,Municipio,Rosario,820210,Servicio de Catastro e Información Territorial,IGN
2013,10018,2013-09-02,Lunes,0.0,13:00:00,,0.0,2,"Automóvil,Moto/Ciclomotor",Av. Jorge Newbery 9100,2,0,1,0,1,0,0,,Avenida,,ROSARIO,Rosario,Asfalto,Natural,II,Dentro,Urbana,Ninguna,No existe,Recta,Bueno,Buena,Diurna,Buen Tiempo,Lateral,S/D,Colisión,S/D,Faltante,Línea divisoria pintada,Sin restricción,"-32.9091124, -60.7625007",['Jorge Newbery 9100'],1,Jorge Newbery 9100,-32.9091124,-60.7625007,55.0,538.0,Municipio Rosario,Municipio,Rosario,820210,Servicio de Catastro e Información Territorial,IGN
2013,10030,2013-09-14,Sabado,0.0,21:00:00,,0.0,2,"Moto/Ciclomotor,Pickup/Utilitario",Av. Illia Y Sarmiento,2,1,0,0,1,0,0,,Avenida,,ROSARIO,Rosario,Asfalto,No existe,II,Dentro,Urbana,Semáforo,S/D,Intersección,Bueno,Buena,"Nocturna,Con luz artificial",Buen Tiempo,Frontal,S/D,Colisión,S/D,Vertical,Ninguna,Sin restricción,POINT (-60.6365283 -32.93969129999999),"['Illia', 'Sarmiento']",2,Avenida Arturo Illia; Sarmiento,-32.93969129999999,-60.6365283,55.0,538.0,Municipio Rosario,Municipio,Rosario,820210,Servicio de Catastro e Información Territorial,IGN
2013,10033,2013-09-21,Sabado,0.0,21:40:00,,0.0,2,"Moto/Ciclomotor,Automóvil",Av. Battle y Ordoñez Y Entre Rios,2,1,0,0,1,0,0,,Avenida,,ROSARIO,Rosario,Asfalto,No existe,II,Dentro,Urbana,Marca Vial,No existe,Intersección,Bueno,Buena,"Nocturna,Con luz artificial",Buen Tiempo,Lateral,S/D,Colisión,Otro,Horizontal,Cordón divisorio,Sin restricción,POINT (-60.651645650000006 -33.00894785),"['Avenida Battle y Ordoñez', 'Entre Ríos']",2,Avenida Battle y Ordoñez; Entre Ríos,-33.00894785,-60.651645650000006,55.0,538.0,Municipio Rosario,Municipio,Rosario,820210,Servicio de Catastro e Información Territorial,IGN
2013,10043,2013-09-20,Viernes,0.0,10:45:00,,0.0,2,"Pickup/Utilitario,Automóvil",Av. Circunvalacion Y San Martin,3,2,0,0,1,0,0,,Avenida,,ROSARIO,Rosario,Asfalto,No existe,II,Dentro,Urbana,Semáforo,Funciona,Intersección,Bueno,Buena,Diurna,Buen Tiempo,Lateral,S/D,Colisión,Otro,Vertical,Cordón divisorio,Sin restricción,POINT (-60.652223580418244 -33.0164074304026),"['Circunvalacion', 'San Martin']",2,"('Avenida de Circunvalación 25 de Mayo', 'José de San Martín')",-33.0164074304026,-60.65222358041824,55.0,538.0,Municipio Rosario,Municipio,Rosario,820210,Servicio de Catastro e Información Territorial,IGN
2013,10045,2013-09-06,Viernes,0.0,11:30:00,,0.0,2,"Bicicleta,Automóvil",España 400,2,1,0,0,1,0,0,,Calle,,ROSARIO,Rosario,Asfalto,No existe,II,Dentro,Urbana,Ninguna,No existe,Recta,Bueno,Buena,Diurna,Buen Tiempo,Lateral,S/D,Atropello,S/D,Faltante,Ninguna,Sin restricción,"-32.940199, -60.6453563",['España 400'],1,España 400,-32.940199,-60.6453563,55.0,538.0,Municipio Rosario,Municipio,Rosario,820210,Servicio de Catastro e Información Territorial,IGN
2013,10046,2013-09-07,Sabado,0.0,00:30:00,,0.0,2,"Moto/Ciclomotor,Automóvil",Av. San Jose De Calasanz 800,2,1,0,0,1,0,0,,Calle,,ROSARIO,Rosario,Asfalto,S/D,II,Dentro,Urbana,Ninguna,S/D,S/D,Bueno,Buena,"Nocturna,Con luz artificial",Buen Tiempo,Frontal,S/D,Colisión,S/D,Horizontal,S/D,Sin restricción,"-32.9406175, -60.7521892",['San Jose De Calasanz 800'],1,San Jose De Calasanz 800,-32.9406175,-60.7521892,55.0,538.0,Municipio Rosario,Municipio,Rosario,820210,Servicio de Catastro e Información Territorial,IGN
2013,10051,2013-09-05,Jueves,0.0,18:40:00,,0.0,2,"Moto/Ciclomotor,Automóvil",Bv. Wilde Y San Lorenzo,3,2,0,0,1,0,0,,Avenida,,ROSARIO,Rosario,Asfalto,No existe,II,Dentro,Urbana,Ninguna,Funciona,S/D,Otro,Buena,Atardecer,Buen Tiempo,Frontal,S/D,Colisión,Agua,Faltante,S/D,Sin restricción,POINT (-60.7386827 -32.935282349999994),"['Bulevar Wilde', 'San Lorenzo']",2,Bulevar Wilde; San Lorenzo,-32.935282349999994,-60.7386827,55.0,538.0,Municipio Rosario,Municipio,Rosario,820210,Servicio de Catastro e Información Territorial,IGN
2013,10053,2013-09-28,Sabado,0.0,12:00:00,,0.0,2,"Moto/Ciclomotor,Automóvil",Rodriguez Y Av. Ntra.Sra.del Rosario,3,2,0,0,1,0,0,,Avenida,,ROSARIO,Rosario,Asfalto,S/D,II,Dentro,Urbana,S/D,S/D,Intersección,Bueno,Buena,Diurna,S/D,S/D,S/D,S/D,S/D,S/D,S/D,S/D,POINT (-60.6703096 -33.00074479999999),"['Rodríguez', 'Nuestra Señora del Rosario']",2,Rodríguez de Escobedo; Puente Nuestra Señora del Rosario,-33.00074479999999,-60.6703096,55.0,538.0,Municipio Rosario,Municipio,Rosario,820210,Servicio de Catastro e Información Territorial,IGN
2013,10060,2013-09-26,Jueves,0.0,20:30:00,,0.0,2,"Automóvil,Moto/Ciclomotor",Av. Arijon ,3,1,0,0,1,0,1,,Avenida,,ROSARIO,Rosario,Asfalto,S/D,II,S/D,S/D,S/D,S/D,S/D,Bueno,Buena,Diurna,S/D,S/D,S/D,Otro,S/D,S/D,S/D,S/D,"-33.0023231, -60.6252459",['Arijon'],1,Arijon,-33.0023231,-60.6252459,55.0,538.0,Municipio Rosario,Municipio,Rosario,820210,Servicio de Catastro e Información Territorial,IGN
2013,10061,2013-09-19,Jueves,0.0,11:40:00,,0.0,2,"Automóvil,Pickup/Utilitario",Lainez Y Melincue,2,2,0,0,0,0,0,,Calle,,ROSARIO,Rosario,Asfalto,No existe,II,Dentro,Urbana,Marca Vial,No existe,Intersección,Bueno,Buena,Diurna,Buen Tiempo,Lateral,S/D,Colisión,Otro,Horizontal,Cordón divisorio,Sin restricción,POINT (-60.6477713 -33.00527159999999),"['Láinez', 'Melincué']",2,Láinez; Melincué,-33.00527159999999,-60.6477713,55.0,538.0,Municipio Rosario,Municipio,Rosario,820210,Servicio de Catastro e Información Territorial,IGN
2013,10065,2013-09-25,Miercoles,0.0,,,0.0,2,"Pickup/Utilitario,Moto/Ciclomotor",Bv. Oroño Y Av. Ntra.Sra.del Rosario,3,2,0,0,1,0,0,,Avenida,,ROSARIO,Rosario,Asfalto,S/D,II,S/D,Urbana,S/D,S/D,S/D,S/D,Buena,S/D,S/D,S/D,S/D,S/D,S/D,S/D,S/D,S/D,POINT (-60.665137900000005 -33.000583799999994),"['Bulevar Nicasio Oroño', 'Nuestra Señora del Rosario']",2,Bulevar Nicasio Oroño; Puente Nuestra Señora del Rosario,-33.000583799999994,-60.665137900000005,55.0,538.0,Municipio Rosario,Municipio,Rosario,820210,Servicio de Catastro e Información Territorial,IGN
2013,10069,2013-09-01,Domingo,0.0,,,0.0,2,"Otros,Automóvil",COLECTORA Y AV. DEL ROSARIO,2,1,0,0,1,0,0,,Avenida,,ROSARIO,Rosario,Asfalto,Natural,II,Dentro,Urbana,Señal Pare,S/D,Recta,Bueno,Buena,Diurna,Buen Tiempo,Lateral,S/D,Colisión,S/D,S/D,Ninguna,Sin restricción,POINT (-60.6875991 -33.00126339999999),"['Colectora', 'Rosario']",2,Colectora Juan Pablo II; Puente Nuestra Señora del Rosario,-33.00126339999999,-60.6875991,55.0,538.0,Municipio Rosario,Municipio,Rosario,820210,Servicio de Catastro e Información Territorial,IGN
2013,10072,2013-09-13,Viernes,0.0,19:00:00,,0.0,2,"Moto/Ciclomotor,Automóvil",Av. Ntra.Sra.del Rosario Y Italia,2,1,0,0,1,0,0,,Calle,,ROSARIO,Rosario,Asfalto,Pavimento,II,S/D,Urbana,S/D,S/D,S/D,S/D,Buena,Nocturna,S/D,S/D,S/D,Colisión,S/D,S/D,S/D,S/D,POINT (-60.6592342 -33.00039999999999),"['Nuestra Señora del Rosario', 'Italia']",2,Puente Nuestra Señora del Rosario; Italia,-33.00039999999999,-60.6592342,55.0,538.0,Municipio Rosario,Municipio,Rosario,820210,Servicio de Catastro e Información Territorial,IGN
2013,10075,2013-09-04,Miercoles,0.0,07:30:00,,0.0,2,"Moto/Ciclomotor,Moto/Ciclomotor",Av. Ovidio Lagos Y Av. Circunvalacion,3,2,0,0,1,0,0,,Avenida,,ROSARIO,Rosario,Asfalto,Natural,II,Dentro,Urbana,Semáforo,Funciona,Recta,Con baches,Buena,Amanecer,Buen Tiempo,Lateral,S/D,Colisión,S/D,S/D,Barrera de hormigón,Sin restricción,POINT (-60.67699098957188 -33.00797177001669),"['Avenida Ovidio Lagos', 'Circunvalacion']",2,Avenida Ovidio Lagos; Avenida de Circunvalación 25 de Mayo,-33.00797177001669,-60.67699098957188,55.0,538.0,Municipio Rosario,Municipio,Rosario,820210,Servicio de Catastro e Información Territorial,IGN
2013,10076,2013-09-09,Lunes,0.0,20:45:00,,0.0,2,"Moto/Ciclomotor,Moto/Ciclomotor",Baigorria Y Manuel Garcia,3,3,0,0,0,0,0,,Calle,,ROSARIO,Rosario,Asfalto,No existe,II,S/D,Urbana,Ninguna,No existe,Intersección,Bueno,Buena,Nocturna,Buen Tiempo,Lateral,S/D,Colisión,S/D,Faltante,Ninguna,Sin restricción,POINT (-60.7144162 -32.89385119999999),"['Baigorria', 'Manuel García']",2,Baigorria; Manuel García,-32.89385119999999,-60.7144162,55.0,538.0,Municipio Rosario,Municipio,Rosario,820210,Servicio de Catastro e Información Territorial,IGN