anio_acci,nro_acci,fecha,desc_dia,fecha_aprox,hora_aprox,desc_ruta,km,cant_participantes,desc_participante,calle_avenida_km,total,heridos_leves,heridos_graves,heridos_gravisimos,ilesos,fallecidos,sin_datos,posicion_XY,desc_tipo_via,desc_ruta_ori,desc_loc,desc_dpto,desc_tipo_calzada,desc_tipo_banquina,desc_unidad_regional,desc_lugar_calzada,desc_zona,desc_prioridad,desc_estado_semaforo,desc_lugar_via,desc_estado_via,desc_estado_visibilidad,desc_luminosidad,desc_estado_clima,desc_tipo_colision,desc_tipo_atropello,desc_tipo_hecho,desc_pres_calzada,desc_senializacion,desc_separacion_via,desc_restriccion,forma_geocod,calle_lista,numero_calles,calles_osm,lat,lon,index_right,gid,fna,gna,nam,in1,fdc,sag
2013,10077,2013-09-10,Martes,0.0,,,0.0,2,"Moto/Ciclomotor,Automóvil",J.B.Justo Y Donado,2,1,0,0,1,0,0,,Calle,,ROSARIO,Rosario,Asfalto,S/D,II,S/D,Urbana,S/D,S/D,Intersección,S/D,S/D,S/D,S/D,S/D,S/D,Colisión,S/D,S/D,S/D,S/D,POINT (-60.72724740000001 -32.933859999999996),"['Justo', 'Donado']",2,"('Justo José de Urquiza', 'José Agustín Donado')",-32.93386,-60.72724740000001,55.0,538.0,Municipio Rosario,Municipio,Rosario,820210,Servicio de Catastro e Información Territorial,IGN
2013,10078,2013-09-27,Viernes,0.0,19:45:00,,0.0,2,"Moto/Ciclomotor,Automóvil",Av. Arijon Y Mariano Moreno,2,1,0,0,1,0,0,,Avenida,,ROSARIO,Rosario,Asfalto,S/D,II,S/D,Urbana,S/D,S/D,Intersección,Bueno,Buena,Atardecer,Buen Tiempo,Lateral,S/D,Colisión,S/D,S/D,S/D,Sin restricción,POINT (-60.6618893 -33.003447599999994),"['Avenida Manuel Arijón', 'Mariano Moreno']",2,Avenida Manuel Arijón; Mariano Moreno,-33.003447599999994,-60.6618893,55.0,538.0,Municipio Rosario,Municipio,Rosario,820210,Servicio de Catastro e Información Territorial,IGN
2013,10079,2013-09-04,Miercoles,0.0,21:30:00,,0.0,2,"Moto/Ciclomotor,Automóvil",Av. Arijon Y Av. Circunvalacion,2,1,0,0,1,0,0,,Calle,,ROSARIO,Rosario,Asfalto,Natural,II,Dentro,Urbana,S/D,No existe,Recta,Bueno,Reducida polvo,Nocturna,Buen Tiempo,Lateral,S/D,Colisión,S/D,S/D,S/D,Sin restricción,POINT (-60.68248944999999 -33.00406125),"['Avenida Manuel Arijón', 'Circunvalacion']",2,"('Avenida Manuel Arijón', 'Juan Pablo II')",-33.00406125,-60.68248944999999,55.0,538.0,Municipio Rosario,Municipio,Rosario,820210,Servicio de Catastro e Información Territorial,IGN
2013,10080,2013-09-07,Sabado,0.0,20:45:00,,0.0,2,"Automóvil,Moto/Ciclomotor",Barra Y Urquiza,2,1,0,0,1,0,0,,Calle,,ROSARIO,Rosario,Asfalto,No existe,II,S/D,Urbana,Ninguna,No existe,Intersección,S/D,Reducida,Atardecer,S/D,Lateral,S/D,Colisión,S/D,Faltante,Ninguna,Sin restricción,POINT (-60.7071075 -32.93327469999999),"['Barra', 'Urquiza']",2,Barraco; Justo José de Urquiza,-32.93327469999999,-60.7071075,55.0,538.0,Municipio Rosario,Municipio,Rosario,820210,Servicio de Catastro e Información Territorial,IGN
2013,10084,2013-09-07,Sabado,0.0,15:50:00,,0.0,2,"Bicicleta,Automóvil",Gorriti Y Solis,2,1,0,0,1,0,0,,Calle,,ROSARIO,Rosario,Asfalto,No existe,II,S/D,Urbana,Ninguna,No existe,Intersección,S/D,Buena,Diurna,S/D,S/D,S/D,Atropello,S/D,Faltante,Ninguna,Sin restricción,POINT (-60.70404950000001 -32.92411169999999),"['Gorriti', 'Solis']",2,Gorriti; Juan Díaz de Solís,-32.92411169999999,-60.70404950000001,55.0,538.0,Municipio Rosario,Municipio,Rosario,820210,Servicio de Catastro e Información Territorial,IGN
2013,10086,2013-09-10,Martes,0.0,20:50:00,,0.0,2,"Automóvil,Moto/Ciclomotor",Carriego 400,3,1,0,0,2,0,0,,Calle,,ROSARIO,Rosario,S/D,No existe,II,S/D,Urbana,Ninguna,No existe,Cruce,S/D,Reducida,Nocturna,S/D,Lateral,S/D,Colisión,S/D,Faltante,Ninguna,Sin restricción,"-32.9339838, -60.6872729",['Carriego 400'],1,Carriego 400,-32.9339838,-60.6872729,55.0,538.0,Municipio Rosario,Municipio,Rosario,820210,Servicio de Catastro e Información Territorial,IGN
2013,10089,2013-09-07,Sabado,0.0,18:00:00,,0.0,2,"Moto/Ciclomotor,Automóvil",Larrea Y Velez Sarsfield,3,2,0,0,1,0,0,,Calle,,ROSARIO,Rosario,S/D,No existe,II,S/D,Urbana,Ninguna,No existe,Intersección,S/D,Buena,Diurna,S/D,Lateral,S/D,Colisión,S/D,Faltante,Ninguna,Sin restricción,POINT (-60.6978349 -32.92558259999999),"['Larrea', 'Vélez Sarsfield']",2,Larrea; Vélez Sarsfield,-32.92558259999999,-60.6978349,55.0,538.0,Municipio Rosario,Municipio,Rosario,820210,Servicio de Catastro e Información Territorial,IGN
2013,10092,2013-09-06,Viernes,0.0,01:30:00,,0.0,2,"Moto/Ciclomotor,Automóvil",J.B.Justo Y Tarragona,3,1,1,0,1,0,0,,Calle,,ROSARIO,Rosario,Asfalto,S/D,II,S/D,Urbana,S/D,S/D,Intersección,S/D,S/D,S/D,S/D,S/D,S/D,Colisión,S/D,S/D,S/D,S/D,POINT (-60.7343068 -32.934028),"['Justo', 'Tarragona']",2,"('Justo José de Urquiza', 'Tarragona')",-32.934028,-60.7343068,55.0,538.0,Municipio Rosario,Municipio,Rosario,820210,Servicio de Catastro e Información Territorial,IGN
2013,10093,2013-09-26,Jueves,0.0,11:00:00,,0.0,2,"Moto/Ciclomotor,Pickup/Utilitario",Alsina Y Uruguay,2,0,0,1,1,0,0,,Calle,,ROSARIO,Rosario,Asfalto,No existe,II,Dentro,Urbana,Ninguna,No existe,Intersección,Deteriorada,Buena,Diurna,Buen Tiempo,Lateral,S/D,Colisión,S/D,Faltante,Ninguna,Sin restricción,POINT (-60.6840513 -32.96993909999998),"['Alsina', 'Uruguay']",2,Alsina; Uruguay,-32.96993909999998,-60.6840513,55.0,538.0,Municipio Rosario,Municipio,Rosario,820210,Servicio de Catastro e Información Territorial,IGN
2013,10094,2013-09-06,Viernes,0.0,08:00:00,,0.0,2,"Automóvil,Bicicleta",Rep.Dominicana Y Pje. Ludueña,2,1,0,0,1,0,0,,Calle,,ROSARIO,Rosario,Asfalto,No existe,II,Dentro,Urbana,Ninguna,No existe,Intersección,S/D,Buena,Diurna,S/D,S/D,S/D,Atropello,S/D,Faltante,Ninguna,Sin restricción,POINT (-60.6897878 -32.93047399999999),"['República Dominicana', 'Ludueña']",2,República Dominicana; Ludueña,-32.93047399999999,-60.6897878,55.0,538.0,Municipio Rosario,Municipio,Rosario,820210,Servicio de Catastro e Información Territorial,IGN
2013,10095,2013-09-07,Sabado,0.0,17:30:00,,0.0,2,"Moto/Ciclomotor,Moto/Ciclomotor",Larrea Y French,2,2,0,0,0,0,0,,Calle,,ROSARIO,Rosario,Asfalto,No existe,II,Dentro,Urbana,Ninguna,No existe,Intersección,S/D,Buena,Diurna,S/D,Frontal,S/D,Colisión,S/D,Faltante,Ninguna,Sin restricción,POINT (-60.697986 -32.92137499999999),"['Larrea', 'French']",2,Larrea; Domingo French,-32.92137499999999,-60.697986,55.0,538.0,Municipio Rosario,Municipio,Rosario,820210,Servicio de Catastro e Información Territorial,IGN
2013,10133,2013-09-11,Miercoles,0.0,22:00:00,,0.0,2,"Moto/Ciclomotor,Automóvil",Av. Carlos Colombres Y Av. Genova,2,1,0,0,1,0,0,,Avenida,,ROSARIO,Rosario,Asfalto,Pavimento,II,S/D,Urbana,Ninguna,No existe,Recta,Bueno,Buena,"Nocturna,Con luz artificial",Buen Tiempo,Lateral,S/D,Colisión,S/D,Faltante,Ninguna,Sin restricción,POINT (-60.7304305 -32.9165025),"['José Colombres', 'Genova']",2,José Colombres; Avenida Génova,-32.9165025,-60.7304305,55.0,538.0,Municipio Rosario,Municipio,Rosario,820210,Servicio de Catastro e Información Territorial,IGN
2013,10134,2013-09-10,Martes,0.0,19:00:00,,0.0,3,"Automóvil,Moto/Ciclomotor,Automóvil",Santa Fe Y Pje. Decretada,3,1,0,0,2,0,0,,Calle,,ROSARIO,Rosario,Asfalto,S/D,II,S/D,Urbana,Semáforo,S/D,Intersección,S/D,S/D,S/D,S/D,Lateral,S/D,Colisión,S/D,Horizontal,Ninguna,Sin restricción,POINT (-60.6923902 -32.9353082),"['Santa Fe', 'Decretada']",2,Santa Fe; Decretada,-32.9353082,-60.6923902,55.0,538.0,Municipio Rosario,Municipio,Rosario,820210,Servicio de Catastro e Información Territorial,IGN
2013,10137,2013-09-11,Miercoles,0.0,14:10:00,,0.0,2,"Bicicleta,Automóvil",Av. Eva Peron Y Ecuador,2,1,0,0,1,0,0,,S/D,,ROSARIO,Rosario,Asfalto,Pavimento,II,S/D,Urbana,Ninguna,No existe,Intersección,Bueno,Buena,Diurna,Buen Tiempo,S/D,S/D,Atropello,S/D,Faltante,Cordón divisorio,Sin restricción,POINT (-60.71537175 -32.932577300000005),"['Avenida Eva Perón', 'Ecuador']",2,Avenida Eva Perón; Ecuador,-32.932577300000005,-60.71537175,55.0,538.0,Municipio Rosario,Municipio,Rosario,820210,Servicio de Catastro e Información Territorial,IGN
2013,10139,2013-09-03,Martes,0.0,08:40:00,,0.0,2,"Moto/Ciclomotor,Automóvil",Guatemala Y Velez Sarsfield,2,1,0,0,1,0,0,,Calle,,ROSARIO,Rosario,Asfalto,No existe,II,Dentro,Urbana,Ninguna,No existe,Intersección,Bueno,Buena,Diurna,Buen Tiempo,Lateral,S/D,Colisión,S/D,Faltante,Ninguna,Sin restricción,POINT (-60.7179199 -32.926174999999986),"['Guatemala', 'Vélez Sarsfield']",2,Guatemala; Vélez Sarsfield,-32.926174999999986,-60.7179199,55.0,538.0,Municipio Rosario,Municipio,Rosario,820210,Servicio de Catastro e Información Territorial,IGN
2013,10142,2013-09-12,Jueves,0.0,11:00:00,,0.0,2,"Moto/Ciclomotor,Automóvil",Morrison Y Sarratea Bis,2,1,0,0,1,0,0,,Calle,,ROSARIO,Rosario,Asfalto,No existe,II,S/D,Urbana,Semáforo,No existe,Intersección,Bueno,Buena,Diurna,Buen Tiempo,Lateral,S/D,Colisión,S/D,Vertical,Ninguna,Sin restricción,POINT (-60.74112089999999 -32.92581400000001),"['Morrison', 'Sarratea']",2,Avenida Morrison; Sarratea,-32.92581400000001,-60.74112089999999,55.0,538.0,Municipio Rosario,Municipio,Rosario,820210,Servicio de Catastro e Información Territorial,IGN
2013,10148,2013-09-11,Miercoles,0.0,19:30:00,,0.0,2,"Moto/Ciclomotor,Moto/Ciclomotor",Av. Eva Peron Y Tarragona,3,3,0,0,0,0,0,,S/D,,ROSARIO,Rosario,Asfalto,Pavimento,II,S/D,Urbana,Semáforo,Funciona,Intersección,Bueno,Buena,"Nocturna,Con luz artificial",Buen Tiempo,Lateral,S/D,Colisión,S/D,Vertical,Barrera de hormigón,Sin restricción,POINT (-60.73447485 -32.9291379),"['Avenida Eva Perón', 'Tarragona']",2,Avenida Eva Perón; Tarragona,-32.9291379,-60.73447485,55.0,538.0,Municipio Rosario,Municipio,Rosario,820210,Servicio de Catastro e Información Territorial,IGN
2013,10155,2013-09-10,Martes,0.0,10:00:00,,0.0,2,"Moto/Ciclomotor,Automóvil",Bv. Wilde Y Av. Genova,2,1,0,0,1,0,0,,Avenida,,ROSARIO,Rosario,Asfalto,Pavimento,II,S/D,Urbana,Semáforo,Funciona,Intersección,Bueno,Buena,Diurna,Buen Tiempo,Lateral,S/D,Colisión,S/D,Vertical,Ninguna,Sin restricción,POINT (-60.73937690000001 -32.916720300000016),"['Bulevar Wilde', 'Genova']",2,Bulevar Wilde; Avenida Génova,-32.916720300000016,-60.73937690000001,55.0,538.0,Municipio Rosario,Municipio,Rosario,820210,Servicio de Catastro e Información Territorial,IGN
2013,10162,2013-09-14,Sabado,0.0,19:30:00,,0.0,2,"Moto/Ciclomotor,Automóvil",Av. Provincias Unidas Y Navarro,2,1,0,0,1,0,0,,S/D,,ROSARIO,Rosario,Asfalto,Pavimento,II,S/D,Urbana,Semáforo,Funciona,Intersección,Bueno,Buena,Atardecer,Buen Tiempo,Lateral,S/D,Colisión,S/D,Vertical,Barrera de hormigón,Sin restricción,POINT (-60.713012649999996 -32.931526899999994),"['Avenida Provincias Unidas', 'Navarro']",2,Avenida Provincias Unidas; Navarro,-32.931526899999994,-60.71301265,55.0,538.0,Municipio Rosario,Municipio,Rosario,820210,Servicio de Catastro e Información Territorial,IGN
2013,10164,2013-08-01,Jueves,0.0,15:30:00,,0.0,2,"Peatón,Transporte de Pasajeros Urbano (> 8 asientos)",San Lorenzo Y Mitre,2,1,0,0,1,0,0,,Calle,,ROSARIO,Rosario,Asfalto,No existe,II,Dentro,Urbana,Ninguna,No existe,Intersección,Bueno,Buena,Diurna,Buen Tiempo,S/D,S/D,Atropello,S/D,Faltante,Ninguna,Sin restricción,POINT (-60.6390063 -32.9438873),"['San Lorenzo', 'Mitre']",2,"('San Lorenzo', 'Bartolomé Mitre')",-32.9438873,-60.6390063,55.0,538.0,Municipio Rosario,Municipio,Rosario,820210,Servicio de Catastro e Información Territorial,IGN
2013,10169,2013-09-11,Miercoles,0.0,12:25:00,,0.0,2,"Peatón,Transporte de Pasajeros Urbano (> 8 asientos)",J.Colombres Y Navarro,2,1,0,0,1,0,0,,S/D,,ROSARIO,Rosario,Asfalto,No existe,II,S/D,S/D,Ninguna,No existe,Intersección,Bueno,Buena,Diurna,Buen Tiempo,S/D,S/D,Atropello,S/D,Faltante,Ninguna,Sin restricción,POINT (-60.7296727 -32.93199779999999),"['José Colombres', 'Navarro']",2,José Colombres; Navarro,-32.93199779999999,-60.7296727,55.0,538.0,Municipio Rosario,Municipio,Rosario,820210,Servicio de Catastro e Información Territorial,IGN
2013,10174,2013-09-09,Lunes,0.0,19:15:00,,0.0,2,"Automóvil,Peatón",Bv. 27 De Febrero Y Av. Corrientes,4,1,0,0,3,0,0,,Calle,,ROSARIO,Rosario,Asfalto,S/D,II,S/D,Urbana,S/D,S/D,Recta,Bueno,Buena,Diurna,Buen Tiempo,S/D,S/D,Atropello,S/D,S/D,S/D,S/D,POINT (-60.64767495000001 -32.9668455),"['27 de Febrero', 'Corrientes']",2,Bulevar 27 de Febrero; Corrientes,-32.9668455,-60.64767495000001,55.0,538.0,Municipio Rosario,Municipio,Rosario,820210,Servicio de Catastro e Información Territorial,IGN
2013,10182,2013-08-22,Jueves,0.0,,,0.0,2,"Moto/Ciclomotor,Automóvil",Tarragona Y Av. Jorge Newbery,2,1,0,0,1,0,0,,S/D,,ROSARIO,Rosario,Asfalto,S/D,II,S/D,Urbana,S/D,S/D,S/D,Bueno,Buena,Diurna,S/D,S/D,S/D,Colisión,S/D,S/D,S/D,S/D,POINT (-60.7354351 -32.90855883333332),"['Tarragona', 'Jorge Newbery']",2,Tarragona; Avenida Jorge Newbery,-32.90855883333332,-60.7354351,55.0,538.0,Municipio Rosario,Municipio,Rosario,820210,Servicio de Catastro e Información Territorial,IGN
2013,10192,2013-09-06,Viernes,0.0,13:50:00,,0.0,2,"Bicicleta,Automóvil",Crespo 1200,2,1,0,0,1,0,0,,Calle,,ROSARIO,Rosario,Asfalto,S/D,II,Dentro,Urbana,S/D,S/D,Intersección,S/D,S/D,Diurna,S/D,S/D,S/D,Atropello,S/D,S/D,Cordón divisorio,S/D,"-32.9460487, -60.6695512",['Crespo 1200'],1,Crespo 1200,-32.9460487,-60.6695512,55.0,538.0,Municipio Rosario,Municipio,Rosario,820210,Servicio de Catastro e Información Territorial,IGN
2013,10438,2013-09-25,Miercoles,0.0,08:20:00,,0.0,2,"Automóvil,Moto/Ciclomotor",Mariano Cabal Bis Y Pje. Pelayo,2,1,0,0,1,0,0,,Calle,,ROSARIO,Rosario,Asfalto,No existe,II,Dentro,Urbana,S/D,S/D,Recta,S/D,S/D,S/D,S/D,S/D,S/D,S/D,S/D,S/D,S/D,S/D,POINT (-60.7026499 -32.9193593),"['Mariano Cabal', 'Pelayo']",2,Mariano Cabal; Pelayo,-32.9193593,-60.7026499,55.0,538.0,Municipio Rosario,Municipio,Rosario,820210,Servicio de Catastro e Información Territorial,IGN
2013,10439,2013-09-29,Domingo,0.0,11:30:00,,0.0,2,"Moto/Ciclomotor,Automóvil",Av. Eva Peron Y J.Colombres,3,2,0,0,1,0,0,,Calle,,ROSARIO,Rosario,Asfalto,Pavimento,II,Dentro,Urbana,Semáforo,Funciona,Intersección,Bueno,Buena,Diurna,Buen Tiempo,Lateral,S/D,Colisión,S/D,Vertical,Barrera de hormigón,Sin restricción,POINT (-60.72975095 -32.929982849999995),"['Avenida Eva Perón', 'José Colombres']",2,Avenida Eva Perón; José Colombres,-32.929982849999995,-60.72975095,55.0,538.0,Municipio Rosario,Municipio,Rosario,820210,Servicio de Catastro e Información Territorial,IGN
2013,10443,2013-09-24,Martes,0.0,02:30:00,,0.0,2,"Automóvil,Automóvil",Junin Y Fraga,2,1,0,0,1,0,0,,S/D,,ROSARIO,Rosario,S/D,S/D,II,S/D,Urbana,S/D,S/D,S/D,S/D,S/D,S/D,S/D,S/D,S/D,S/D,S/D,S/D,S/D,S/D,POINT (-60.710806 -32.927517599999995),"['Junín', 'Fraga']",2,Junín; Rosendo María Fraga,-32.927517599999995,-60.710806,55.0,538.0,Municipio Rosario,Municipio,Rosario,820210,Servicio de Catastro e Información Territorial,IGN
2013,10444,2013-09-19,Jueves,0.0,16:30:00,,0.0,2,"Moto/Ciclomotor,Pickup/Utilitario",Acevedo Bis Y Jose Ingenieros,2,1,0,0,1,0,0,,Calle,,ROSARIO,Rosario,Asfalto,Pavimento,II,Dentro,Urbana,Ninguna,No existe,Intersección,Bueno,Buena,Diurna,Buen Tiempo,Lateral,S/D,Colisión,S/D,Faltante,Ninguna,Sin restricción,POINT (-60.749030999999995 -32.918071),"['Acevedo', 'José Ingenieros']",2,Manuel Acevedo; José Ingenieros,-32.918071,-60.749031,55.0,538.0,Municipio Rosario,Municipio,Rosario,820210,Servicio de Catastro e Información Territorial,IGN
2013,10445,2013-09-19,Jueves,0.0,19:00:00,,0.0,2,"Moto/Ciclomotor,Pickup/Utilitario",Sanchez de Loria Y J.J.Paso,2,1,0,0,1,0,0,,Calle,,ROSARIO,Rosario,Asfalto,Pavimento,II,S/D,S/D,Ninguna,No existe,Intersección,Bueno,Buena,Diurna,Buen Tiempo,Lateral,S/D,Colisión,S/D,Faltante,Ninguna,Sin restricción,POINT (-60.732538500000004 -32.92077944999999),"['Sánchez de Loria', 'Paso']",2,Sánchez de Loria; Avenida Juan José Paso,-32.92077944999999,-60.7325385,55.0,538.0,Municipio Rosario,Municipio,Rosario,820210,Servicio de Catastro e Información Territorial,IGN
2013,10449,2013-09-20,Viernes,0.0,13:20:00,,0.0,2,"Bicicleta,Automóvil",Tarragona Y Bv. Argentino,2,1,0,0,1,0,0,,Calle,,ROSARIO,Rosario,Asfalto,Pavimento,II,Dentro,Urbana,Ninguna,No existe,Intersección,Bueno,Buena,Diurna,Buen Tiempo,De alcance,S/D,Atropello,S/D,Faltante,Ninguna,Sin restricción,POINT (-60.7346713 -32.9243627),"['Tarragona', 'Argentino']",2,Tarragona; Avenida Central Argentino,-32.9243627,-60.7346713,55.0,538.0,Municipio Rosario,Municipio,Rosario,820210,Servicio de Catastro e Información Territorial,IGN
2013,10451,2013-09-22,Domingo,0.0,09:15:00,,0.0,2,"Automóvil,Transporte de Pasajeros Urbano (> 8 asientos)",Matienzo Y Junin,2,1,1,0,0,0,0,,Calle,,ROSARIO,Rosario,S/D,S/D,II,S/D,Urbana,S/D,S/D,S/D,S/D,S/D,S/D,S/D,S/D,S/D,S/D,S/D,S/D,S/D,S/D,POINT (-60.6951903 -32.9271049),"['Matienzo', 'Junín']",2,Benjamín Matienzo; Junín,-32.9271049,-60.6951903,55.0,538.0,Municipio Rosario,Municipio,Rosario,820210,Servicio de Catastro e Información Territorial,IGN
2013,10453,2013-09-19,Jueves,0.0,,,0.0,2,"Moto/Ciclomotor,Automóvil",Junin 6949,3,1,0,0,1,0,1,,Calle,,ROSARIO,Rosario,S/D,S/D,II,S/D,S/D,S/D,S/D,S/D,S/D,S/D,S/D,S/D,S/D,S/D,S/D,S/D,S/D,S/D,S/D,"-32.927730957142856, -60.716126359183676",['Junin 6949'],1,Junin 6949,-32.927730957142856,-60.71612635918368,55.0,538.0,Municipio Rosario,Municipio,Rosario,820210,Servicio de Catastro e Información Territorial,IGN
2013,10455,2013-09-20,Viernes,0.0,06:00:00,,0.0,2,"Moto/Ciclomotor,Pickup/Utilitario",J.J.Paso Y Bv. Wilde,2,1,0,0,1,0,0,,Calle,,ROSARIO,Rosario,Asfalto,Pavimento,II,Dentro,Urbana,Ninguna,No existe,Curva,Bueno,Buena,Diurna,Buen Tiempo,Lateral,S/D,Colisión,S/D,Faltante,Ninguna,Sin restricción,POINT (-60.739218099999995 -32.920956399999994),"['Paso', 'Bulevar Wilde']",2,Avenida Juan José Paso; Bulevar Wilde,-32.920956399999994,-60.7392181,55.0,538.0,Municipio Rosario,Municipio,Rosario,820210,Servicio de Catastro e Información Territorial,IGN
2013,10457,2013-09-14,Sabado,0.0,12:45:00,,0.0,2,"Automóvil,Peatón",Riobamba 7676,2,1,0,0,1,0,0,,Calle,,ROSARIO,Rosario,Asfalto,No existe,II,Dentro,Urbana,Ninguna,No existe,Recta,Bueno,Buena,Diurna,Buen Tiempo,S/D,S/D,Atropello,S/D,Horizontal,S/D,Sin restricción,"-32.9622836, -60.6465145",['Riobamba 7676'],1,Riobamba 7676,-32.9622836,-60.6465145,55.0,538.0,Municipio Rosario,Municipio,Rosario,820210,Servicio de Catastro e Información Territorial,IGN
2013,10458,2013-09-21,Sabado,0.0,18:45:00,,0.0,2,"Automóvil,Moto/Ciclomotor",Mejico Y Velez Sarsfield,3,1,0,0,2,0,0,,Calle,,ROSARIO,Rosario,Asfalto,No existe,II,Dentro,Urbana,Ninguna,No existe,Intersección,Bueno,Buena,Diurna,Buen Tiempo,Lateral,S/D,Colisión,S/D,Faltante,Ninguna,Sin restricción,POINT (-60.7190606 -32.9262028),"['Mejico', 'Vélez Sarsfield']",2,Méjico; Vélez Sarsfield,-32.9262028,-60.7190606,55.0,538.0,Municipio Rosario,Municipio,Rosario,820210,Servicio de Catastro e Información Territorial,IGN
2013,10459,2013-09-16,Lunes,0.0,16:30:00,,0.0,2,"Pickup/Utilitario,Moto/Ciclomotor",Santa Fe Y J.Colombres,3,2,0,0,1,0,0,,Calle,,ROSARIO,Rosario,S/D,S/D,II,Dentro,Urbana,S/D,S/D,S/D,S/D,S/D,S/D,S/D,S/D,S/D,S/D,S/D,S/D,S/D,S/D,POINT (-60.72951069999999 -32.93617999999999),"['Santa Fe', 'José Colombres']",2,Santa Fe; José Colombres,-32.93617999999999,-60.72951069999999,55.0,538.0,Municipio Rosario,Municipio,Rosario,820210,Servicio de Catastro e Información Territorial,IGN
2013,10462,2013-09-19,Jueves,0.0,14:00:00,,0.0,2,"Moto/Ciclomotor,Moto/Ciclomotor",Mendoza Y Donado,2,2,0,0,0,0,0,,Calle,,ROSARIO,Rosario,Asfalto,Natural,II,Dentro,Urbana,Semáforo,Funciona,Recta,Con baches,Buena,Diurna,Buen Tiempo,S/D,S/D,Colisión,Agua,Horizontal,S/D,Sin restricción,POINT (-60.7269807 -32.94063034999999),"['Mendoza', 'Donado']",2,Mendoza; José Agustín Donado,-32.94063034999999,-60.7269807,55.0,538.0,Municipio Rosario,Municipio,Rosario,820210,Servicio de Catastro e Información Territorial,IGN
2013,10464,2013-09-27,Viernes,0.0,20:10:00,,0.0,2,"Moto/Ciclomotor,Automóvil",Sarratea Bis Y Av. Brassey,4,3,0,0,1,0,0,,Calle,,ROSARIO,Rosario,Hormigón,No existe,II,S/D,S/D,Ninguna,S/D,Intersección,Bueno,Buena,Diurna,Buen Tiempo,De alcance,S/D,Colisión,S/D,Faltante,Ninguna,Sin restricción,POINT (-60.7412249 -32.9232607),"['Sarratea', 'Brassey']",2,Sarratea; Brassey,-32.9232607,-60.7412249,55.0,538.0,Municipio Rosario,Municipio,Rosario,820210,Servicio de Catastro e Información Territorial,IGN
2013,10466,2013-09-23,Lunes,0.0,17:40:00,,0.0,2,"Automóvil,Automóvil",Montevideo Y Ravignani,3,1,0,0,2,0,0,,Calle,,ROSARIO,Rosario,Asfalto,No existe,II,Dentro,Urbana,Ninguna,No existe,Recta,Bueno,Buena,Atardecer,Buen Tiempo,Frontal,S/D,Colisión,Otro,Faltante,S/D,Sin restricción,POINT (-60.7259023 -32.9475351),"['Montevideo', 'Ravignani']",2,Montevideo; Ravignani,-32.9475351,-60.7259023,55.0,538.0,Municipio Rosario,Municipio,Rosario,820210,Servicio de Catastro e Información Territorial,IGN
2013,10477,2013-09-11,Miercoles,0.0,23:00:00,,0.0,2,"Automóvil,Moto/Ciclomotor",Av. Genova Y Ottone Bis,3,3,0,0,0,0,0,,Calle,,ROSARIO,Rosario,Asfalto,No existe,II,Dentro,Urbana,Ninguna,No existe,Intersección,Bueno,Buena,Nocturna,Buen Tiempo,Lateral,S/D,Colisión,S/D,Faltante,Ninguna,Sin restricción,POINT (-60.70101400000001 -32.9156454),"['Genova', 'Ottone']",2,Avenida Génova; Ottone,-32.9156454,-60.70101400000001,55.0,538.0,Municipio Rosario,Municipio,Rosario,820210,Servicio de Catastro e Información Territorial,IGN
2013,10478,2013-09-17,Martes,0.0,16:00:00,,0.0,2,"Bicicleta,Transporte de Pasajeros Larga Distancia (> 8 asientos)",Ayala Gauna 7800,2,1,0,0,1,0,0,,Calle,,ROSARIO,Rosario,Asfalto,No existe,II,Dentro,Urbana,S/D,No existe,Recta,S/D,Buena,Diurna,S/D,S/D,S/D,Atropello,S/D,S/D,S/D,Sin restricción,"-32.9123207, -60.7272136",['Ayala Gauna 7800'],1,Ayala Gauna 7800,-32.9123207,-60.7272136,55.0,538.0,Municipio Rosario,Municipio,Rosario,820210,Servicio de Catastro e Información Territorial,IGN
2013,10505,2013-09-08,Domingo,0.0,17:40:00,,0.0,2,"Automóvil,Bicicleta",Av. Genova Y Olavarria Bis,2,1,0,0,1,0,0,,Calle,,ROSARIO,Rosario,Asfalto,No existe,II,Dentro,Urbana,Ninguna,Funciona,Intersección,Bueno,Buena,Diurna,Buen Tiempo,S/D,S/D,Atropello,S/D,Faltante,Ninguna,Sin restricción,POINT (-60.7045378 -32.9157452),"['Genova', 'Olavarría']",2,Avenida Génova; Olavarría,-32.9157452,-60.7045378,55.0,538.0,Municipio Rosario,Municipio,Rosario,820210,Servicio de Catastro e Información Territorial,IGN
2013,10506,2013-09-06,Viernes,0.0,19:30:00,,0.0,2,"Bicicleta,Moto/Ciclomotor",J.J.Paso Y Roullon,3,1,0,0,2,0,0,,Calle,,ROSARIO,Rosario,Asfalto,No existe,II,Dentro,Urbana,Ninguna,No existe,Curva,Bueno,Buena,Diurna,Buen Tiempo,S/D,S/D,Atropello,S/D,Faltante,Ninguna,Sin restricción,POINT (-60.7030661 -32.919940499999996),"['Paso', 'Alfredo Rouillón']",2,"('Avenida Juan José Paso', 'Alfredo Rouillón')",-32.9199405,-60.7030661,55.0,538.0,Municipio Rosario,Municipio,Rosario,820210,Servicio de Catastro e Información Territorial,IGN