anio_acci,nro_acci,fecha,desc_dia,fecha_aprox,hora_aprox,desc_ruta,km,cant_participantes,desc_participante,calle_avenida_km,total,heridos_leves,heridos_graves,heridos_gravisimos,ilesos,fallecidos,sin_datos,posicion_XY,desc_tipo_via,desc_ruta_ori,desc_loc,desc_dpto,desc_tipo_calzada,desc_tipo_banquina,desc_unidad_regional,desc_lugar_calzada,desc_zona,desc_prioridad,desc_estado_semaforo,desc_lugar_via,desc_estado_via,desc_estado_visibilidad,desc_luminosidad,desc_estado_clima,desc_tipo_colision,desc_tipo_atropello,desc_tipo_hecho,desc_pres_calzada,desc_senializacion,desc_separacion_via,desc_restriccion,forma_geocod,calle_lista,numero_calles,calles_osm,lat,lon,index_right,gid,fna,gna,nam,in1,fdc,sag
2013,10508,2013-09-06,Viernes,0.0,20:20:00,,0.0,2,"Automóvil,Moto/Ciclomotor",J.J.Paso Y Barra,3,2,0,0,1,0,0,,Avenida,,ROSARIO,Rosario,Asfalto,No existe,II,S/D,Urbana,Ninguna,No existe,Intersección,Bueno,Buena,Nocturna,Buen Tiempo,Lateral,S/D,Colisión,S/D,Faltante,Ninguna,Sin restricción,POINT (-60.7077707 -32.9200795),"['Paso', 'Barra']",2,Avenida Juan José Paso; Barraco,-32.9200795,-60.7077707,55.0,538.0,Municipio Rosario,Municipio,Rosario,820210,Servicio de Catastro e Información Territorial,IGN
2013,10509,2013-09-09,Lunes,0.0,14:45:00,,0.0,2,"Moto/Ciclomotor,Automóvil",Av. Provincias Unidas Y Av. Sorrento,2,1,0,0,1,0,0,,Avenida,,ROSARIO,Rosario,S/D,S/D,II,Dentro,Urbana,S/D,S/D,S/D,S/D,S/D,S/D,S/D,S/D,S/D,S/D,S/D,S/D,S/D,S/D,POINT (-60.714102249999996 -32.9083328),"['Avenida Provincias Unidas', 'Sorrento']",2,Avenida Provincias Unidas; Avenida Sorrento,-32.9083328,-60.71410225,55.0,538.0,Municipio Rosario,Municipio,Rosario,820210,Servicio de Catastro e Información Territorial,IGN
2013,10511,2013-09-22,Domingo,0.0,,,0.0,2,"Moto/Ciclomotor,Automóvil",Av. Genova Y Campbell,2,1,0,0,1,0,0,,Calle,,ROSARIO,Rosario,Asfalto,S/D,II,S/D,Urbana,Ninguna,S/D,Recta,Bueno,Buena,Diurna,Buen Tiempo,Otro,S/D,Colisión,Otro,Faltante,Ninguna,Sin restricción,POINT (-60.709037349999996 -32.91588289999999),"['Genova', 'Campbell']",2,Avenida Génova; Campbell,-32.91588289999999,-60.70903735,55.0,538.0,Municipio Rosario,Municipio,Rosario,820210,Servicio de Catastro e Información Territorial,IGN
2013,10514,2013-09-09,Lunes,0.0,08:10:00,,0.0,2,"Moto/Ciclomotor,Automóvil",Av. Provincias Unidas Y Av. Genova,2,1,0,0,1,0,0,,Avenida,,ROSARIO,Rosario,Asfalto,No existe,II,Dentro,Urbana,Semáforo,Funciona,Intersección,Con baches,Buena,Diurna,Buen Tiempo,Lateral,S/D,Colisión,S/D,Faltante,Ninguna,Sin restricción,POINT (-60.713807349999996 -32.916028749999995),"['Avenida Provincias Unidas', 'Genova']",2,Avenida Provincias Unidas; Avenida Génova,-32.916028749999995,-60.71380735,55.0,538.0,Municipio Rosario,Municipio,Rosario,820210,Servicio de Catastro e Información Territorial,IGN
2013,10517,2013-09-06,Viernes,0.0,18:00:00,,0.0,2,"Moto/Ciclomotor,Automóvil",Av. Provincias Unidas Y French,2,1,0,0,1,0,0,,Avenida,,ROSARIO,Rosario,Asfalto,No existe,II,Dentro,Urbana,Ninguna,No existe,Intersección,Bueno,Buena,Diurna,Buen Tiempo,De alcance,S/D,Colisión,S/D,Faltante,Ninguna,Sin restricción,POINT (-60.7134078 -32.92179325),"['Avenida Provincias Unidas', 'French']",2,Avenida Provincias Unidas; Domingo French,-32.92179325,-60.7134078,55.0,538.0,Municipio Rosario,Municipio,Rosario,820210,Servicio de Catastro e Información Territorial,IGN
2013,10521,2013-09-08,Domingo,0.0,17:40:00,,0.0,2,"Bicicleta,Automóvil",Av. Genova Y Olavarria Bis,2,1,0,0,1,0,0,,Calle,,ROSARIO,Rosario,Asfalto,No existe,II,Dentro,Urbana,Ninguna,No existe,Intersección,Bueno,Buena,Diurna,Buen Tiempo,S/D,S/D,Atropello,S/D,Faltante,Ninguna,Sin restricción,POINT (-60.7045378 -32.9157452),"['Genova', 'Olavarría']",2,Avenida Génova; Olavarría,-32.9157452,-60.7045378,55.0,538.0,Municipio Rosario,Municipio,Rosario,820210,Servicio de Catastro e Información Territorial,IGN
2013,10524,2013-09-17,Martes,0.0,,,0.0,2,"Automóvil,Moto/Ciclomotor",Baigorria Y Manuel Garcia,3,2,0,0,1,0,0,,Calle,,ROSARIO,Rosario,Asfalto,S/D,II,S/D,Urbana,Otra Señal,No existe,Recta,Bueno,Buena,Diurna,Buen Tiempo,Lateral,S/D,Colisión,S/D,Horizontal,Línea divisoria pintada,Sin restricción,POINT (-60.7144162 -32.89385119999999),"['Baigorria', 'Manuel García']",2,Baigorria; Manuel García,-32.89385119999999,-60.7144162,55.0,538.0,Municipio Rosario,Municipio,Rosario,820210,Servicio de Catastro e Información Territorial,IGN
2013,10525,2013-09-21,Sabado,0.0,01:30:00,,0.0,2,"Automóvil,Moto/Ciclomotor",Albert Sabin Y Gorriti,3,2,0,0,1,0,0,,Avenida,,ROSARIO,Rosario,Asfalto,Pavimento,II,Dentro,Urbana,S/D,Intermitente,Recta,Bueno,S/D,Nocturna,S/D,S/D,S/D,Colisión,S/D,S/D,Cordón divisorio,S/D,POINT (-60.68419035000001 -32.923566449999996),"['Avenida Travesía Albert Sabin', 'Gorriti']",2,Avenida Travesía Albert Sabin; Gorriti,-32.92356645,-60.68419035000001,55.0,538.0,Municipio Rosario,Municipio,Rosario,820210,Servicio de Catastro e Información Territorial,IGN
2013,10526,2013-09-10,Martes,0.0,12:30:00,,0.0,2,"Automóvil,Automóvil",Bv. Rondeau Y Av. Irigoyen,2,1,0,0,1,0,0,,Avenida,,ROSARIO,Rosario,Asfalto,S/D,II,Dentro,Urbana,Ninguna,S/D,Recta,S/D,S/D,Diurna,S/D,Frontal,S/D,Colisión,S/D,S/D,Ninguna,Sin restricción,POINT (-60.695452875 -32.884458699999996),"['Rondeau', 'Avenida Hipólito Irigoyen']",2,Bulevar General José Rondeau; Avenida Hipólito Irigoyen,-32.8844587,-60.695452875,55.0,538.0,Municipio Rosario,Municipio,Rosario,820210,Servicio de Catastro e Información Territorial,IGN
2013,10527,2013-09-06,Viernes,0.0,20:20:00,,0.0,2,"Moto/Ciclomotor,Automóvil",J.J.Paso Y Barra,3,2,0,0,1,0,0,,Calle,,ROSARIO,Rosario,Asfalto,No existe,II,Dentro,Urbana,Ninguna,No existe,Recta,Bueno,Buena,Diurna,Buen Tiempo,Lateral,S/D,Colisión,S/D,Faltante,Ninguna,Sin restricción,POINT (-60.7077707 -32.9200795),"['Paso', 'Barra']",2,Avenida Juan José Paso; Barraco,-32.9200795,-60.7077707,55.0,538.0,Municipio Rosario,Municipio,Rosario,820210,Servicio de Catastro e Información Territorial,IGN
2013,10528,2013-09-23,Lunes,0.0,00:00:00,,0.0,2,"Moto/Ciclomotor,Automóvil",Cullen Y J.B.Justo,3,1,0,0,2,0,0,,Calle,,ROSARIO,Rosario,Asfalto,S/D,II,S/D,Urbana,S/D,No existe,Curva,Bueno,Buena,"Nocturna,Con luz artificial",Buen Tiempo,S/D,S/D,Colisión,Otro,S/D,Ninguna,Sin restricción,POINT (-60.7094288 -32.9333373),"['Cullen', 'Justo']",2,"('Cullen', 'Justo José de Urquiza')",-32.9333373,-60.7094288,55.0,538.0,Municipio Rosario,Municipio,Rosario,820210,Servicio de Catastro e Información Territorial,IGN
2013,10529,2013-09-21,Sabado,0.0,12:25:00,,0.0,2,"Moto/Ciclomotor,Moto/Ciclomotor",Bv. Rondeau Y Matheu,2,2,0,0,0,0,0,,Calle,,ROSARIO,Rosario,Asfalto,S/D,II,Dentro,Urbana,Ninguna,S/D,Recta,S/D,S/D,Diurna,S/D,Frontal,S/D,Colisión,S/D,S/D,Ninguna,Sin restricción,POINT (-60.694274275000005 -32.888422175),"['Rondeau', 'Matheu']",2,Bulevar General José Rondeau; Domingo Matheu,-32.888422175,-60.694274275000005,55.0,538.0,Municipio Rosario,Municipio,Rosario,820210,Servicio de Catastro e Información Territorial,IGN
2013,10531,2013-09-25,Miercoles,0.0,,,0.0,2,"Moto/Ciclomotor,Moto/Ciclomotor",Av. Luis Carballo Y Bv. Avellaneda,2,1,0,0,1,0,0,,Avenida,,ROSARIO,Rosario,Asfalto,S/D,II,Dentro,Urbana,S/D,Funciona,Recta,Bueno,S/D,Diurna,S/D,S/D,S/D,Colisión,S/D,S/D,S/D,S/D,POINT (-60.674817000000004 -32.9219776),"['Avenida Doctor Luis Cándido Carballo', 'Avellaneda']",2,Avenida Doctor Luis Cándido Carballo; Bulevar Nicolás Avellaneda,-32.9219776,-60.674817,55.0,538.0,Municipio Rosario,Municipio,Rosario,820210,Servicio de Catastro e Información Territorial,IGN
2013,10532,2013-09-16,Lunes,0.0,17:15:00,,0.0,2,"Automóvil,Moto/Ciclomotor",Warnes Y Baigorria,2,2,0,0,0,0,0,,Calle,,ROSARIO,Rosario,Asfalto,S/D,II,Dentro,Urbana,Ninguna,S/D,Recta,S/D,S/D,Diurna,S/D,Frontal,S/D,Colisión,S/D,S/D,S/D,Sin restricción,POINT (-60.6947491 -32.89186080000001),"['Warnes', 'Baigorria']",2,Ignacio Warnes; Baigorria,-32.89186080000001,-60.6947491,55.0,538.0,Municipio Rosario,Municipio,Rosario,820210,Servicio de Catastro e Información Territorial,IGN
2013,10533,2013-09-06,Viernes,0.0,,,0.0,2,"Bicicleta,Moto/Ciclomotor",J.J.Paso Y Roullon,3,2,0,0,1,0,0,,Avenida,,ROSARIO,Rosario,Asfalto,No existe,II,S/D,Urbana,Ninguna,No existe,Intersección,Bueno,Buena,Nocturna,Buen Tiempo,S/D,S/D,Atropello,S/D,Faltante,Ninguna,Sin restricción,POINT (-60.7030661 -32.919940499999996),"['Paso', 'Alfredo Rouillón']",2,"('Avenida Juan José Paso', 'Alfredo Rouillón')",-32.9199405,-60.7030661,55.0,538.0,Municipio Rosario,Municipio,Rosario,820210,Servicio de Catastro e Información Territorial,IGN
2013,10536,2013-09-11,Miercoles,0.0,16:05:00,,0.0,2,"Moto/Ciclomotor,Automóvil",French Y Larrea,3,2,0,0,1,0,0,,Calle,,ROSARIO,Rosario,Asfalto,No existe,II,Dentro,Urbana,Ninguna,No existe,Intersección,Con baches,Buena,Diurna,Buen Tiempo,De alcance,S/D,Colisión,S/D,Faltante,Ninguna,Sin restricción,POINT (-60.697986 -32.92137499999999),"['French', 'Larrea']",2,Domingo French; Larrea,-32.92137499999999,-60.697986,55.0,538.0,Municipio Rosario,Municipio,Rosario,820210,Servicio de Catastro e Información Territorial,IGN
2013,10537,2013-09-23,Lunes,0.0,16:30:00,,0.0,2,"Peatón,Moto/Ciclomotor",Washington Y Casiano Casas,2,1,0,0,1,0,0,,Calle,,ROSARIO,Rosario,Asfalto,Pavimento,II,Dentro,Urbana,Ninguna,S/D,Recta,S/D,S/D,Diurna,S/D,Frontal,S/D,Atropello,S/D,Vertical,Ninguna,Sin restricción,POINT (-60.7007901 -32.9034752),"['Washington', 'Avenida Casiano Casas']",2,Washington; Avenida Casiano Casas,-32.9034752,-60.7007901,55.0,538.0,Municipio Rosario,Municipio,Rosario,820210,Servicio de Catastro e Información Territorial,IGN
2013,10539,2013-09-27,Viernes,0.0,17:40:00,,0.0,2,"Bicicleta,Automóvil",La Cumbre Y Medrano,2,1,0,0,1,0,0,,Calle,,ROSARIO,Rosario,Asfalto,No existe,II,Dentro,Urbana,S/D,No existe,Recta,Bueno,Buena,Diurna,Buen Tiempo,S/D,S/D,Atropello,S/D,S/D,S/D,S/D,POINT (-60.70361990000001 -32.88526459999999),"['La Cumbre', 'Medrano']",2,La Cumbre; Medrano,-32.88526459999999,-60.70361990000001,55.0,538.0,Municipio Rosario,Municipio,Rosario,820210,Servicio de Catastro e Información Territorial,IGN
2013,10542,2013-09-23,Lunes,0.0,16:30:00,,0.0,2,"Automóvil,Moto/Ciclomotor",J.B.Cordiviola Y Av. Genova,2,1,0,0,1,0,0,,Calle,,ROSARIO,Rosario,Asfalto,S/D,II,S/D,Urbana,Ninguna,S/D,Recta,Bueno,S/D,Diurna,Buen Tiempo,Lateral,S/D,Colisión,S/D,Faltante,S/D,Sin restricción,POINT (-60.6753212 -32.91492939999999),"['Cordiviola', 'Genova']",2,Juan B. Cordiviola; Avenida Génova,-32.91492939999999,-60.6753212,55.0,538.0,Municipio Rosario,Municipio,Rosario,820210,Servicio de Catastro e Información Territorial,IGN
2013,10543,2013-09-06,Viernes,0.0,22:20:00,,0.0,2,"Moto/Ciclomotor,Automóvil",Esquivel Y Casiano Casas,2,1,0,0,1,0,0,,Calle,,ROSARIO,Rosario,Asfalto,No existe,II,Dentro,Urbana,Ninguna,S/D,Recta,S/D,S/D,Nocturna,S/D,Frontal,S/D,Colisión,S/D,S/D,Ninguna,Sin restricción,POINT (-60.705278533333335 -32.901184433333334),"['Esquivel', 'Avenida Casiano Casas']",2,Esquivel; Avenida Casiano Casas,-32.901184433333334,-60.705278533333335,55.0,538.0,Municipio Rosario,Municipio,Rosario,820210,Servicio de Catastro e Información Territorial,IGN
2013,10544,2013-09-11,Miercoles,0.0,13:20:00,,0.0,2,"Moto/Ciclomotor,Taxi/Remis",J.J.Paso Y Ottone Bis,2,1,0,0,1,0,0,,Calle,,ROSARIO,Rosario,S/D,S/D,II,Dentro,Urbana,S/D,S/D,S/D,S/D,S/D,S/D,S/D,S/D,S/D,S/D,S/D,S/D,S/D,S/D,POINT (-60.7008125 -32.91987139999999),"['Paso', 'Ottone']",2,Avenida Juan José Paso; Ottone,-32.91987139999999,-60.7008125,55.0,538.0,Municipio Rosario,Municipio,Rosario,820210,Servicio de Catastro e Información Territorial,IGN
2013,10545,2013-09-23,Lunes,0.0,,,0.0,2,"Moto/Ciclomotor,Automóvil",Alberdi Y Av. Portugal,2,1,0,0,1,0,0,,Avenida,,ROSARIO,Rosario,Asfalto,S/D,II,S/D,Urbana,Semáforo,S/D,Recta,S/D,S/D,S/D,Buen Tiempo,Lateral,S/D,Colisión,S/D,Vertical,S/D,S/D,POINT (-60.68625125 -32.914380200000004),"['Alberdi', 'Portugal']",2,Avenida Alberdi; Avenida Portugal,-32.914380200000004,-60.68625125,55.0,538.0,Municipio Rosario,Municipio,Rosario,820210,Servicio de Catastro e Información Territorial,IGN
2013,10547,2013-09-23,Lunes,0.0,,,0.0,2,"Automóvil,Automóvil",Av. Sorrento ,3,2,0,0,1,0,0,,Avenida,,ROSARIO,Rosario,Asfalto,No existe,II,Dentro,Urbana,Semáforo,Funciona,Recta,Bueno,Buena,Diurna,Buen Tiempo,De alcance,S/D,Colisión,Otro,Horizontal,Ninguna,Sin restricción,"-32.9064347, -60.68773",['Sorrento'],1,Sorrento,-32.9064347,-60.68773,55.0,538.0,Municipio Rosario,Municipio,Rosario,820210,Servicio de Catastro e Información Territorial,IGN
2013,10549,2013-09-06,Viernes,0.0,18:00:00,,0.0,2,"Camión,Moto/Ciclomotor",Av. Provincias Unidas Y French,2,1,0,0,1,0,0,,Avenida,,ROSARIO,Rosario,Asfalto,No existe,II,S/D,Urbana,Ninguna,No existe,Intersección,Bueno,Buena,Diurna,Buen Tiempo,Frontal,S/D,Colisión,S/D,Faltante,Ninguna,Sin restricción,POINT (-60.7134078 -32.92179325),"['Avenida Provincias Unidas', 'French']",2,Avenida Provincias Unidas; Domingo French,-32.92179325,-60.7134078,55.0,538.0,Municipio Rosario,Municipio,Rosario,820210,Servicio de Catastro e Información Territorial,IGN
2013,10552,2013-08-21,Miercoles,0.0,,,0.0,2,"Moto/Ciclomotor,Automóvil",Victor Mercante Y J.B.Justo,3,1,0,0,2,0,0,,Calle,,ROSARIO,Rosario,S/D,S/D,II,S/D,Urbana,S/D,S/D,S/D,S/D,S/D,S/D,S/D,S/D,S/D,S/D,S/D,S/D,S/D,S/D,POINT (-60.6841692 -32.914068699999994),"['Víctor Mercante', 'Justo']",2,Víctor Mercante; Justo José de Urquiza,-32.914068699999994,-60.6841692,55.0,538.0,Municipio Rosario,Municipio,Rosario,820210,Servicio de Catastro e Información Territorial,IGN
2013,10556,2013-09-23,Lunes,0.0,17:00:00,,0.0,2,"Moto/Ciclomotor,Transporte de Pasajeros",Av. Provincias Unidas Y Av. Genova,2,1,0,0,1,0,0,,Avenida,,ROSARIO,Rosario,Asfalto,No existe,II,Dentro,Urbana,Semáforo,Funciona,Recta,Bueno,Buena,Diurna,Buen Tiempo,S/D,S/D,Colisión,Otro,S/D,Ninguna,Sin restricción,POINT (-60.713807349999996 -32.916028749999995),"['Avenida Provincias Unidas', 'Genova']",2,Avenida Provincias Unidas; Avenida Génova,-32.916028749999995,-60.71380735,55.0,538.0,Municipio Rosario,Municipio,Rosario,820210,Servicio de Catastro e Información Territorial,IGN
2013,10558,2013-09-07,Sabado,0.0,,,0.0,2,"Moto/Ciclomotor,Taxi/Remis",Bv. Avellaneda Y Grondona,3,1,0,0,2,0,0,,Avenida,,ROSARIO,Rosario,Asfalto,S/D,II,S/D,Urbana,S/D,S/D,Intersección,Bueno,S/D,Nocturna,Buen Tiempo,Lateral,S/D,Colisión,S/D,Horizontal,Cordón divisorio,S/D,POINT (-60.67465465000001 -32.9212972),"['Avellaneda', 'Grondona']",2,Bulevar Nicolás Avellaneda; Grondona,-32.9212972,-60.67465465000001,55.0,538.0,Municipio Rosario,Municipio,Rosario,820210,Servicio de Catastro e Información Territorial,IGN
2013,10560,2013-09-20,Viernes,0.0,06:35:00,,0.0,2,"Automóvil,Automóvil",Av. Ovidio Lagos Y Catamarca,2,1,0,0,1,0,0,,Calle,,ROSARIO,Rosario,Asfalto,No existe,II,Dentro,Urbana,Semáforo,Funciona,Recta,Bueno,Buena,Amanecer,Buen Tiempo,Lateral,S/D,Colisión,S/D,Horizontal,Ninguna,Sin restricción,POINT (-60.65998750000001 -32.9364253),"['Avenida Ovidio Lagos', 'Catamarca']",2,Avenida Ovidio Lagos; Catamarca,-32.9364253,-60.65998750000001,55.0,538.0,Municipio Rosario,Municipio,Rosario,820210,Servicio de Catastro e Información Territorial,IGN
2013,10562,2013-09-25,Miercoles,0.0,14:00:00,,0.0,2,"Automóvil,Automóvil",Av. Sorrento Y Av. Circunvalacion,2,1,0,0,1,0,0,,Avenida,,ROSARIO,Rosario,Asfalto,No existe,II,Dentro,Urbana,Semáforo,Funciona,Recta,Bueno,Buena,Diurna,Buen Tiempo,Otro,S/D,Colisión,Otro,Vertical,Ninguna,Sin restricción,POINT (-60.72270983333334 -32.90836276666666),"['Sorrento', 'Circunvalacion']",2,"('Avenida Sorrento', 'Juan Pablo II')",-32.90836276666666,-60.72270983333334,55.0,538.0,Municipio Rosario,Municipio,Rosario,820210,Servicio de Catastro e Información Territorial,IGN
2013,10565,2013-09-12,Jueves,0.0,12:15:00,,0.0,2,"Automóvil,Moto/Ciclomotor",Brown Y Rodriguez,3,2,0,0,1,0,0,,Calle,,ROSARIO,Rosario,Asfalto,Pavimento,II,Dentro,Urbana,S/D,No existe,Recta,Bueno,Buena,Diurna,Buen Tiempo,S/D,S/D,Colisión,S/D,S/D,Ninguna,S/D,POINT (-60.6563725 -32.9334435),"['Brown', 'Rodríguez']",2,Almirante Brown; Rodríguez de Escobedo,-32.9334435,-60.6563725,55.0,538.0,Municipio Rosario,Municipio,Rosario,820210,Servicio de Catastro e Información Territorial,IGN
2013,10568,2013-09-26,Jueves,0.0,,,0.0,2,"Automóvil,Camión",Colectora Circunvalación Y J.J.Paso,2,1,0,0,1,0,0,,S/D,,ROSARIO,Rosario,Asfalto,No existe,II,S/D,Urbana,Semáforo,Funciona,Curva,Bueno,Buena,Diurna,Buen Tiempo,Lateral,S/D,Colisión,Otro,S/D,Ninguna,Sin restricción,POINT (-60.723018499999995 -32.920540349999996),"['Colectora de Circunvalación', 'Paso']",2,"('Juan Pablo II', 'Avenida Juan José Paso')",-32.92054035,-60.7230185,55.0,538.0,Municipio Rosario,Municipio,Rosario,820210,Servicio de Catastro e Información Territorial,IGN
2013,10570,2013-09-05,Jueves,0.0,,,0.0,2,"Moto/Ciclomotor,Automóvil",Bv. Avellaneda 900,2,1,0,0,1,0,0,,Avenida,,ROSARIO,Rosario,Asfalto,No existe,II,S/D,Urbana,Ninguna,S/D,Recta,Bueno,Buena,Diurna,Buen Tiempo,S/D,S/D,Colisión,S/D,Horizontal,Cordón divisorio,Sin restricción,"-32.9400683, -60.6795881",['Avellaneda 900'],1,Avellaneda 900,-32.9400683,-60.6795881,55.0,538.0,Municipio Rosario,Municipio,Rosario,820210,Servicio de Catastro e Información Territorial,IGN
2013,10572,2013-09-19,Jueves,0.0,,,0.0,1,Moto/Ciclomotor,Albert Sabin Y Almafuerte,1,1,0,0,0,0,0,,Avenida,,ROSARIO,Rosario,Asfalto,No existe,II,S/D,Urbana,Semáforo,Funciona,Intersección,Bueno,Buena,Diurna,Buen Tiempo,Contra objeto fijo,S/D,Colisión,S/D,Horizontal,Línea divisoria pintada,Sin restricción,POINT (-60.690326500000005 -32.9174531),"['Avenida Travesía Albert Sabin', 'Almafuerte']",2,Avenida Travesía Albert Sabin; Almafuerte,-32.9174531,-60.690326500000005,55.0,538.0,Municipio Rosario,Municipio,Rosario,820210,Servicio de Catastro e Información Territorial,IGN
2013,10577,2013-09-11,Miercoles,0.0,15:00:00,,0.0,2,"Moto/Ciclomotor,Pickup/Utilitario",Av. Genova Y Pje. Ñandubay Bis,2,1,0,0,1,0,0,,Calle,,ROSARIO,Rosario,Asfalto,No existe,II,Dentro,Urbana,Ninguna,No existe,Recta,Bueno,Buena,Diurna,Buen Tiempo,De alcance,S/D,Colisión,S/D,Faltante,Ninguna,Sin restricción,POINT (-60.7123118 -32.9159831),"['Genova', 'Ñandubay']",2,Avenida Génova; Ñandubay,-32.9159831,-60.7123118,55.0,538.0,Municipio Rosario,Municipio,Rosario,820210,Servicio de Catastro e Información Territorial,IGN
2013,10582,2013-09-23,Lunes,0.0,15:45:00,,0.0,2,"Automóvil,Moto/Ciclomotor",J.B.Justo Y Pje. Mamboreta Bis,2,1,0,0,1,0,0,,Calle,,ROSARIO,Rosario,Asfalto,No existe,II,S/D,Urbana,S/D,No existe,Recta,Bueno,Buena,Diurna,Buen Tiempo,S/D,S/D,Colisión,S/D,Faltante,Ninguna,Sin restricción,POINT (-60.7170015 -32.9150217),"['Justo', 'Mamboretá']",2,Justo José de Urquiza; Mamboretá,-32.9150217,-60.7170015,55.0,538.0,Municipio Rosario,Municipio,Rosario,820210,Servicio de Catastro e Información Territorial,IGN
2013,10587,2013-09-20,Viernes,0.0,14:30:00,,0.0,2,"Bicicleta,Automóvil",Av. Alberti Y Albert Sabin,2,1,0,0,1,0,0,,Avenida,,ROSARIO,Rosario,Hormigón,No existe,II,Dentro,Urbana,Semáforo,Funciona,Intersección,Bueno,Buena,Diurna,Buen Tiempo,S/D,S/D,Caída ocupante,S/D,S/D,Cordón divisorio,Sin restricción,POINT (-60.67368635 -32.93013245),"['Alberdi', 'Avenida Travesía Albert Sabin']",2,Avenida Alberdi; Avenida Travesía Albert Sabin,-32.93013245,-60.67368635,55.0,538.0,Municipio Rosario,Municipio,Rosario,820210,Servicio de Catastro e Información Territorial,IGN
2013,10597,2013-09-16,Lunes,0.0,09:00:00,,0.0,2,"Moto/Ciclomotor,Automóvil",Iguazu Y Casilda,3,2,0,0,1,0,0,,Calle,,ROSARIO,Rosario,Hormigón,No existe,II,Dentro,Urbana,Ninguna,No existe,Intersección,Deteriorada,Buena,Diurna,Lluvia,Lateral,S/D,Colisión,S/D,S/D,Cordón divisorio,Sin restricción,POINT (-60.6857448 -32.92838129999999),"['Iguazu', 'Casilda']",2,Iguazú; Casilda,-32.92838129999999,-60.6857448,55.0,538.0,Municipio Rosario,Municipio,Rosario,820210,Servicio de Catastro e Información Territorial,IGN
2013,10598,2013-09-06,Viernes,0.0,22:45:00,,0.0,2,"Automóvil,Moto/Ciclomotor",Brown Y Callao,2,1,0,0,1,0,0,,Calle,,ROSARIO,Rosario,Asfalto,Pavimento,II,Dentro,Urbana,Semáforo,Funciona,Recta,Bueno,Buena,"Nocturna,Con luz artificial",Buen Tiempo,Frontal,S/D,Colisión,S/D,Vertical,Ninguna,S/D,POINT (-60.6577969 -32.9331877),"['Brown', 'Callao']",2,Almirante Brown; Callao,-32.9331877,-60.6577969,55.0,538.0,Municipio Rosario,Municipio,Rosario,820210,Servicio de Catastro e Información Territorial,IGN
2013,10599,2013-09-22,Domingo,0.0,07:15:00,,0.0,1,Automóvil,Av. Circunvalacion Y Av. Sorrento,1,0,1,0,0,0,0,,Avenida,,ROSARIO,Rosario,Asfalto,No existe,II,S/D,Urbana,Ninguna,No existe,Recta,Bueno,Buena,Diurna,Buen Tiempo,Contra objeto fijo,S/D,Colisión,S/D,S/D,Ninguna,S/D,POINT (-60.72270983333334 -32.90836276666667),"['Circunvalacion', 'Sorrento']",2,"('Juan Pablo II', 'Avenida Sorrento')",-32.90836276666667,-60.72270983333334,55.0,538.0,Municipio Rosario,Municipio,Rosario,820210,Servicio de Catastro e Información Territorial,IGN
2013,10604,2013-08-22,Jueves,0.0,15:45:00,,0.0,2,"Automóvil,Moto/Ciclomotor",Jose Ingenieros Y Fraga,2,0,2,0,0,0,0,,Calle,,ROSARIO,Rosario,Asfalto,No existe,II,Dentro,Urbana,Ninguna,No existe,Recta,Bueno,Buena,Diurna,Buen Tiempo,S/D,S/D,Colisión,S/D,S/D,Ninguna,Sin restricción,POINT (-60.711536800000005 -32.9170559),"['José Ingenieros', 'Fraga']",2,José Ingenieros; Rosendo María Fraga,-32.9170559,-60.711536800000005,55.0,538.0,Municipio Rosario,Municipio,Rosario,820210,Servicio de Catastro e Información Territorial,IGN
2013,10608,2013-09-26,Jueves,0.0,13:45:00,,0.0,2,"Moto/Ciclomotor,Automóvil",Urquiza Y Santiago,3,2,0,0,1,0,0,,Avenida,,ROSARIO,Rosario,Asfalto,Pavimento,II,Dentro,Urbana,Ninguna,No existe,Recta,Bueno,Buena,Diurna,Buen Tiempo,Frontal,S/D,Colisión,S/D,S/D,Ninguna,Sin restricción,POINT (-60.6551027 -32.939761499999996),"['Urquiza', 'Santiago']",2,Justo José de Urquiza; Santiago,-32.9397615,-60.6551027,55.0,538.0,Municipio Rosario,Municipio,Rosario,820210,Servicio de Catastro e Información Territorial,IGN
2013,10622,2013-09-26,Jueves,0.0,02:00:00,,0.0,2,"Automóvil,Taxi/Remis",Tucuman 2500,3,2,0,0,1,0,0,,Calle,,ROSARIO,Rosario,Asfalto,S/D,II,Dentro,Urbana,S/D,No existe,Recta,Bueno,Buena,Nocturna,Buen Tiempo,Frontal,S/D,Colisión,S/D,S/D,Ninguna,S/D,"-32.9383356, -60.6559541",['Tucuman 2500'],1,Tucuman 2500,-32.9383356,-60.6559541,55.0,538.0,Municipio Rosario,Municipio,Rosario,820210,Servicio de Catastro e Información Territorial,IGN