anio_acci,nro_acci,fecha,desc_dia,fecha_aprox,hora_aprox,desc_ruta,km,cant_participantes,desc_participante,calle_avenida_km,total,heridos_leves,heridos_graves,heridos_gravisimos,ilesos,fallecidos,sin_datos,posicion_XY,desc_tipo_via,desc_ruta_ori,desc_loc,desc_dpto,desc_tipo_calzada,desc_tipo_banquina,desc_unidad_regional,desc_lugar_calzada,desc_zona,desc_prioridad,desc_estado_semaforo,desc_lugar_via,desc_estado_via,desc_estado_visibilidad,desc_luminosidad,desc_estado_clima,desc_tipo_colision,desc_tipo_atropello,desc_tipo_hecho,desc_pres_calzada,desc_senializacion,desc_separacion_via,desc_restriccion,forma_geocod,calle_lista,numero_calles,calles_osm,lat,lon,index_right,gid,fna,gna,nam,in1,fdc,sag
2013,10705,2013-10-13,Domingo,0.0,17:00:00,,0.0,2,"Moto/Ciclomotor,Automóvil",J.J.Paso 7800,2,1,0,0,1,0,0,,Calle,,ROSARIO,Rosario,Asfalto,S/D,II,Dentro,Urbana,Otra Señal,S/D,Recta,Bueno,S/D,S/D,Buen Tiempo,De alcance,S/D,Colisión,S/D,Horizontal,Ninguna,Sin restricción,"-32.9206562, -60.7303239",['Juan José Paso 7800'],1,Juan José Paso 7800,-32.9206562,-60.7303239,55.0,538.0,Municipio Rosario,Municipio,Rosario,820210,Servicio de Catastro e Información Territorial,IGN
2013,10707,2013-10-22,Martes,0.0,22:00:00,,0.0,2,"Moto/Ciclomotor,Peatón",Republica de Irak 170,2,1,0,0,1,0,0,,Calle,,ROSARIO,Rosario,Asfalto,No existe,II,Dentro,Urbana,Ninguna,No existe,Recta,Bueno,Buena,Nocturna,Buen Tiempo,S/D,S/D,Atropello,S/D,Faltante,Ninguna,Sin restricción,"-32.8868325, -60.7046445",['Republica De Irak 170'],1,Republica De Irak 170,-32.8868325,-60.7046445,55.0,538.0,Municipio Rosario,Municipio,Rosario,820210,Servicio de Catastro e Información Territorial,IGN
2013,10710,2013-10-16,Miercoles,0.0,13:00:00,,0.0,2,"Moto/Ciclomotor,Pickup/Utilitario",Av. Provincias Unidas Y Gorriti,2,1,0,0,1,0,0,,Calle,,ROSARIO,Rosario,Asfalto,S/D,II,Dentro,Urbana,Ninguna,S/D,Intersección,Bueno,S/D,Diurna,Buen Tiempo,De alcance,S/D,Colisión,S/D,Horizontal,Ninguna,Sin restricción,POINT (-60.71330590000001 -32.92438785),"['Avenida Provincias Unidas', 'Gorriti']",2,Avenida Provincias Unidas; Gorriti,-32.92438785,-60.71330590000001,55.0,538.0,Municipio Rosario,Municipio,Rosario,820210,Servicio de Catastro e Información Territorial,IGN
2013,10712,2013-10-02,Miercoles,0.0,09:35:00,,0.0,2,"Automóvil,Otros",Av. Jorge Newbery Y Donado,2,1,0,0,1,0,0,,S/D,,ROSARIO,Rosario,Asfalto,S/D,II,S/D,Urbana,S/D,S/D,Intersección,Bueno,S/D,Diurna,S/D,S/D,S/D,Colisión,S/D,S/D,S/D,S/D,POINT (-60.728404966666666 -32.908371466666665),"['Jorge Newbery', 'Donado']",2,Avenida Jorge Newbery; José Agustín Donado,-32.908371466666665,-60.728404966666666,55.0,538.0,Municipio Rosario,Municipio,Rosario,820210,Servicio de Catastro e Información Territorial,IGN
2013,10713,2013-10-15,Martes,0.0,19:30:00,,0.0,2,"Moto/Ciclomotor,Automóvil",Morrison 7500,2,1,0,0,1,0,0,,Calle,,ROSARIO,Rosario,Asfalto,S/D,IX,Dentro,Urbana,Ninguna,S/D,Recta,Bueno,S/D,Atardecer,Buen Tiempo,De alcance,S/D,Colisión,S/D,Horizontal,Cordón divisorio,Sin restricción,"-32.9253182, -60.7242701",['Morrison 7500'],1,Morrison 7500,-32.9253182,-60.7242701,55.0,538.0,Municipio Rosario,Municipio,Rosario,820210,Servicio de Catastro e Información Territorial,IGN
2013,10715,2013-10-23,Miercoles,0.0,19:00:00,,0.0,2,"Moto/Ciclomotor,Automóvil",Carbia 1700,3,1,0,1,1,0,0,,Calle,,ROSARIO,Rosario,Asfalto,No existe,II,Dentro,Urbana,Ninguna,No existe,Recta,Bueno,Buena,Diurna,Buen Tiempo,Lateral,S/D,Colisión,S/D,Faltante,Ninguna,Sin restricción,"-32.9421388, -60.7300429",['Carbia 1700'],1,Carbia 1700,-32.9421388,-60.7300429,55.0,538.0,Municipio Rosario,Municipio,Rosario,820210,Servicio de Catastro e Información Territorial,IGN
2013,10723,2013-10-01,Martes,0.0,17:00:00,,0.0,2,"Moto/Ciclomotor,Automóvil",Av. Genova Y Sanchez de Loria,3,2,0,0,1,0,0,,Calle,,ROSARIO,Rosario,Asfalto,Pavimento,II,Dentro,Urbana,Otra Señal,No existe,Intersección,Bueno,Buena,Atardecer,Buen Tiempo,De alcance,S/D,Colisión,Fluidos,Vertical,Cordón divisorio,Sin restricción,POINT (-60.732781 -32.916539199999995),"['Genova', 'Sánchez de Loria']",2,Avenida Génova; Sánchez de Loria,-32.916539199999995,-60.732781,55.0,538.0,Municipio Rosario,Municipio,Rosario,820210,Servicio de Catastro e Información Territorial,IGN
2013,10730,2013-10-25,Viernes,0.0,18:30:00,,0.0,2,"Automóvil,Moto/Ciclomotor",San Lorenzo Y Valparaiso,3,2,0,0,1,0,0,,Calle,,ROSARIO,Rosario,Asfalto,No existe,II,S/D,Urbana,S/D,S/D,Intersección,S/D,Buena,Atardecer,S/D,S/D,S/D,S/D,S/D,S/D,S/D,S/D,POINT (-60.68124529999999 -32.93631500000001),"['San Lorenzo', 'Valparaíso']",2,San Lorenzo; Valparaíso,-32.93631500000001,-60.68124529999999,55.0,538.0,Municipio Rosario,Municipio,Rosario,820210,Servicio de Catastro e Información Territorial,IGN
2013,10736,2013-10-02,Miercoles,0.0,15:00:00,,0.0,2,"Moto/Ciclomotor,Automóvil",Av. Eva Peron 7300,2,1,0,0,1,0,0,,Calle,,ROSARIO,Rosario,Asfalto,No existe,II,Dentro,Urbana,Otra Señal,No existe,Intersección,Bueno,Buena,Atardecer,Buen Tiempo,De alcance,S/D,Colisión,S/D,Horizontal,Cordón divisorio,Sin restricción,"-32.9316348, -60.7198591",['Eva Peron 7300'],1,Eva Peron 7300,-32.9316348,-60.7198591,55.0,538.0,Municipio Rosario,Municipio,Rosario,820210,Servicio de Catastro e Información Territorial,IGN
2013,10739,2013-10-13,Domingo,0.0,22:40:00,,0.0,2,"Automóvil,Moto/Ciclomotor",J.J.Paso Y J.Colombres,2,1,0,0,1,0,0,,Calle,,ROSARIO,Rosario,Asfalto,No existe,II,Dentro,Urbana,S/D,No existe,Recta,S/D,Buena,S/D,Buen Tiempo,S/D,S/D,Colisión,S/D,S/D,Barrera de hormigón,Sin restricción,POINT (-60.7301755 -32.92071824999999),"['Paso', 'José Colombres']",2,Avenida Juan José Paso; José Colombres,-32.92071824999999,-60.7301755,55.0,538.0,Municipio Rosario,Municipio,Rosario,820210,Servicio de Catastro e Información Territorial,IGN
2013,10740,2013-10-24,Jueves,0.0,07:30:00,,0.0,2,"Moto/Ciclomotor,Automóvil",Junin Y Tte.Agneta,2,1,0,0,1,0,0,,Calle,,ROSARIO,Rosario,Asfalto,No existe,II,S/D,Urbana,S/D,No existe,Recta,Otro,S/D,Diurna,S/D,S/D,S/D,S/D,S/D,S/D,S/D,S/D,POINT (-60.70033130000001 -32.9272405),"['Junín', 'Teniente Agneta']",2,Junín; Teniente Agneta,-32.9272405,-60.70033130000001,55.0,538.0,Municipio Rosario,Municipio,Rosario,820210,Servicio de Catastro e Información Territorial,IGN
2013,10743,2013-10-22,Martes,0.0,19:00:00,,0.0,2,"Pickup/Utilitario,Automóvil",French Y Solis,3,2,0,0,1,0,0,,S/D,,ROSARIO,Rosario,Asfalto,No existe,II,S/D,S/D,S/D,S/D,Intersección,Bueno,S/D,Atardecer,S/D,S/D,S/D,S/D,S/D,S/D,S/D,S/D,POINT (-60.7041422 -32.92154200000001),"['French', 'Solis']",2,Domingo French; Juan Díaz de Solís,-32.92154200000001,-60.7041422,55.0,538.0,Municipio Rosario,Municipio,Rosario,820210,Servicio de Catastro e Información Territorial,IGN
2013,10747,2013-10-13,Domingo,0.0,14:30:00,,0.0,2,"Pickup/Utilitario,Moto/Ciclomotor",Sarratea Bis Y Av. Genova,2,1,0,0,1,0,0,,Calle,,ROSARIO,Rosario,Asfalto,No existe,I,Dentro,Urbana,S/D,No existe,Recta,S/D,Buena,Diurna,Buen Tiempo,Frontal,S/D,Colisión,S/D,S/D,Barrera de hormigón,Sin restricción,POINT (-60.741520200000004 -32.9167921),"['Sarratea', 'Genova']",2,Sarratea; Avenida Génova,-32.9167921,-60.7415202,55.0,538.0,Municipio Rosario,Municipio,Rosario,820210,Servicio de Catastro e Información Territorial,IGN
2013,10752,2013-10-22,Martes,0.0,19:30:00,,0.0,2,"Pickup/Utilitario,Moto/Ciclomotor",French Y Fraga,3,1,0,0,1,0,1,,S/D,,ROSARIO,Rosario,Asfalto,No existe,II,S/D,S/D,S/D,S/D,Intersección,Bueno,Buena,Diurna,S/D,S/D,S/D,Colisión,S/D,Faltante,S/D,S/D,POINT (-60.71117015 -32.92173259999999),"['French', 'Fraga']",2,Domingo French; Rosendo María Fraga,-32.92173259999999,-60.71117015,55.0,538.0,Municipio Rosario,Municipio,Rosario,820210,Servicio de Catastro e Información Territorial,IGN
2013,10753,2013-10-05,Sabado,0.0,22:30:00,,0.0,2,"Moto/Ciclomotor,Automóvil",Junin Y Fraga,2,1,0,0,1,0,0,,Calle,,ROSARIO,Rosario,Asfalto,No existe,II,S/D,Urbana,Ninguna,No existe,Intersección,S/D,Buena,Nocturna,S/D,Lateral,S/D,Colisión,S/D,Faltante,Ninguna,Sin restricción,POINT (-60.710806 -32.927517599999995),"['Junín', 'Fraga']",2,Junín; Rosendo María Fraga,-32.927517599999995,-60.710806,55.0,538.0,Municipio Rosario,Municipio,Rosario,820210,Servicio de Catastro e Información Territorial,IGN
2013,10754,2013-09-26,Jueves,0.0,22:30:00,,0.0,2,"Moto/Ciclomotor,Automóvil",Mitre Y San Lorenzo,2,1,0,0,1,0,0,,Calle,,ROSARIO,Rosario,Asfalto,No existe,II,Dentro,Urbana,Ninguna,No existe,Intersección,Bueno,Buena,"Nocturna,Con luz artificial",Buen Tiempo,S/D,S/D,Atropello,S/D,Faltante,Ninguna,Sin restricción,POINT (-60.6390063 -32.9438873),"['Mitre', 'San Lorenzo']",2,"('Bartolomé Mitre', 'San Lorenzo')",-32.9438873,-60.6390063,55.0,538.0,Municipio Rosario,Municipio,Rosario,820210,Servicio de Catastro e Información Territorial,IGN
2013,10758,2013-10-07,Lunes,0.0,18:30:00,,0.0,2,"Moto/Ciclomotor,Automóvil",J.J.Paso 7700,2,1,0,0,1,0,0,,Calle,,ROSARIO,Rosario,Asfalto,Pavimento,II,S/D,Urbana,S/D,No existe,Recta,Bueno,Buena,Atardecer,Buen Tiempo,Lateral,S/D,Colisión,S/D,Horizontal,Guardarrail,Sin restricción,"-32.9206083, -60.727832",['Juan José Paso 7700'],1,Juan José Paso 7700,-32.9206083,-60.727832,55.0,538.0,Municipio Rosario,Municipio,Rosario,820210,Servicio de Catastro e Información Territorial,IGN
2013,10759,2013-10-04,Viernes,0.0,13:00:00,,0.0,2,"Transporte de Pasajeros Urbano (> 8 asientos),Automóvil",AV DE LA COSTA Y BALCARCE,3,1,0,0,2,0,0,,Avenida,,ROSARIO,Rosario,Asfalto,No existe,II,Dentro,Urbana,Ninguna,No existe,Intersección,Bueno,Buena,Diurna,Buen Tiempo,Otro,S/D,Caída ocupante,S/D,Faltante,Ninguna,Sin restricción,POINT (-60.6485866 -32.93175925),"['De La Costa', 'Balcarce']",2,Avenida de la Costa Estanislao López; Balcarce,-32.93175925,-60.6485866,55.0,538.0,Municipio Rosario,Municipio,Rosario,820210,Servicio de Catastro e Información Territorial,IGN
2013,10760,2013-10-10,Jueves,0.0,20:40:00,,0.0,2,"Tracción animal / Carro,Camión",Av. Eva Peron Y Donado,2,1,0,0,1,0,0,,Avenida,,ROSARIO,Rosario,S/D,S/D,II,Dentro,Urbana,S/D,S/D,S/D,Bueno,Buena,S/D,Buen Tiempo,Frontal,S/D,Colisión,S/D,S/D,S/D,Sin restricción,POINT (-60.727380600000004 -32.93040499999999),"['Avenida Eva Perón', 'Donado']",2,Avenida Eva Perón; José Agustín Donado,-32.93040499999999,-60.7273806,55.0,538.0,Municipio Rosario,Municipio,Rosario,820210,Servicio de Catastro e Información Territorial,IGN
2013,10761,2013-10-03,Jueves,0.0,12:50:00,,0.0,2,"Bicicleta,Automóvil",Av. Corrientes 500,2,1,0,0,1,0,0,,Calle,,ROSARIO,Rosario,Asfalto,No existe,II,Dentro,Urbana,Ninguna,No existe,Recta,Bueno,Buena,"Diurna,Con luz artificial",Buen Tiempo,S/D,S/D,Atropello,S/D,Faltante,Ninguna,Sin restricción,"-32.9421358, -60.6414874",['Corrientes 500'],1,Corrientes 500,-32.9421358,-60.6414874,55.0,538.0,Municipio Rosario,Municipio,Rosario,820210,Servicio de Catastro e Información Territorial,IGN
2013,10764,2013-10-10,Jueves,0.0,06:00:00,,0.0,2,"Bicicleta,Automóvil",J. J. PASO Y COLECTORA,2,1,0,0,1,0,0,,Calle,,ROSARIO,Rosario,Asfalto,No existe,II,Dentro,Urbana,S/D,No existe,Recta,S/D,Buena,Amanecer,Buen Tiempo,S/D,S/D,Atropello,S/D,Horizontal,Ninguna,Sin restricción,POINT (-60.723018499999995 -32.920540349999996),"['Paso', 'Colectora']",2,"('Avenida Juan José Paso', 'Colectora Juan Pablo II')",-32.92054035,-60.7230185,55.0,538.0,Municipio Rosario,Municipio,Rosario,820210,Servicio de Catastro e Información Territorial,IGN
2013,10765,2013-10-10,Jueves,0.0,15:45:00,,0.0,2,"Bicicleta,Automóvil",Pte.Roca Y Tucuman,2,1,0,0,1,0,0,,Calle,,ROSARIO,Rosario,Asfalto,No existe,II,Dentro,Urbana,Ninguna,No existe,Intersección,Bueno,Buena,"Diurna,Con luz artificial",Buen Tiempo,S/D,S/D,Atropello,S/D,Faltante,Ninguna,Sin restricción,POINT (-60.64392070000001 -32.9405554),"['Roca', 'Tucumán']",2,Presidente Roca; Tucumán,-32.9405554,-60.64392070000001,55.0,538.0,Municipio Rosario,Municipio,Rosario,820210,Servicio de Catastro e Información Territorial,IGN
2013,10766,2013-10-19,Sabado,0.0,00:15:00,,0.0,2,"Automóvil,Moto/Ciclomotor",Tte.Agneta Y Junin,2,1,0,0,1,0,0,,S/D,,ROSARIO,Rosario,Asfalto,S/D,II,S/D,S/D,S/D,No existe,S/D,Bueno,Buena,Nocturna,S/D,S/D,S/D,S/D,S/D,Faltante,S/D,S/D,POINT (-60.70033130000001 -32.9272405),"['Teniente Agneta', 'Junín']",2,Teniente Agneta; Junín,-32.9272405,-60.70033130000001,55.0,538.0,Municipio Rosario,Municipio,Rosario,820210,Servicio de Catastro e Información Territorial,IGN
2013,10768,2013-10-05,Sabado,0.0,17:00:00,,0.0,2,"Automóvil,Bicicleta",Roullon Y French,2,1,0,0,1,0,0,,Calle,,ROSARIO,Rosario,S/D,No existe,II,Dentro,Urbana,Ninguna,No existe,Intersección,Otro,S/D,Diurna,S/D,S/D,S/D,Atropello,S/D,Faltante,Ninguna,Sin restricción,POINT (-60.70300369999999 -32.9215111),"['Alfredo Rouillón', 'French']",2,Alfredo Rouillón; Domingo French,-32.9215111,-60.70300369999999,55.0,538.0,Municipio Rosario,Municipio,Rosario,820210,Servicio de Catastro e Información Territorial,IGN
2013,10769,2013-10-09,Miercoles,0.0,22:00:00,,0.0,2,"Peatón,Automóvil",Tarragona Y Pje. Franklin,2,1,0,0,1,0,0,,Calle,,ROSARIO,Rosario,Asfalto,No existe,II,Dentro,Urbana,S/D,No existe,Recta,Bueno,Buena,Nocturna,Buen Tiempo,S/D,S/D,Atropello,S/D,Horizontal,Ninguna,Sin restricción,POINT (-60.73505469999999 -32.9184364),"['Tarragona', 'Franklin']",2,Tarragona; Franklin,-32.9184364,-60.73505469999999,55.0,538.0,Municipio Rosario,Municipio,Rosario,820210,Servicio de Catastro e Información Territorial,IGN
2013,10771,2013-10-16,Miercoles,0.0,19:20:00,,0.0,2,"Moto/Ciclomotor,Bicicleta",Junin Y P.L.Funes,2,1,0,0,1,0,0,,S/D,,ROSARIO,Rosario,Asfalto,No existe,II,S/D,S/D,S/D,No existe,S/D,Bueno,Buena,Atardecer,S/D,S/D,S/D,Atropello,S/D,Faltante,S/D,S/D,POINT (-60.7017097 -32.9272789),"['Junín', 'Funes']",2,Junín; Deán Gregorio Funes,-32.9272789,-60.7017097,55.0,538.0,Municipio Rosario,Municipio,Rosario,820210,Servicio de Catastro e Información Territorial,IGN
2013,10773,2013-10-07,Lunes,0.0,19:30:00,,0.0,2,"Moto/Ciclomotor,Automóvil",Fraga Y Junin,3,1,0,0,2,0,0,,Calle,,ROSARIO,Rosario,Asfalto,No existe,II,Dentro,Urbana,S/D,S/D,Intersección,Otro,S/D,Amanecer,S/D,S/D,S/D,S/D,S/D,Faltante,Ninguna,Sin restricción,POINT (-60.710806 -32.927517599999995),"['Fraga', 'Junín']",2,Rosendo María Fraga; Junín,-32.927517599999995,-60.710806,55.0,538.0,Municipio Rosario,Municipio,Rosario,820210,Servicio de Catastro e Información Territorial,IGN
2013,10774,2013-10-07,Lunes,0.0,14:00:00,,0.0,2,"Moto/Ciclomotor,Peatón",Donado Y Benegas,2,1,0,0,1,0,0,,Calle,,ROSARIO,Rosario,Asfalto,No existe,II,Dentro,Urbana,S/D,No existe,Recta,S/D,Buena,Atardecer,Buen Tiempo,S/D,S/D,Atropello,S/D,Horizontal,Ninguna,Sin restricción,POINT (-60.727390400000004 -32.93079899999999),"['Donado', 'Benegas']",2,José Agustín Donado; Benegas,-32.93079899999999,-60.7273904,55.0,538.0,Municipio Rosario,Municipio,Rosario,820210,Servicio de Catastro e Información Territorial,IGN
2013,10775,2013-10-10,Jueves,0.0,22:30:00,,0.0,2,"Automóvil,Automóvil",Av. Jorge Newbery Y Donado,3,2,0,0,1,0,0,,Calle,,ROSARIO,Rosario,Asfalto,S/D,II,Dentro,Urbana,S/D,S/D,Intersección,S/D,Buena,Nocturna,S/D,S/D,S/D,Colisión,S/D,S/D,S/D,S/D,POINT (-60.728404966666666 -32.908371466666665),"['Jorge Newbery', 'Donado']",2,Avenida Jorge Newbery; José Agustín Donado,-32.908371466666665,-60.728404966666666,55.0,538.0,Municipio Rosario,Municipio,Rosario,820210,Servicio de Catastro e Información Territorial,IGN
2013,10776,2013-10-13,Domingo,0.0,16:00:00,,0.0,2,"Moto/Ciclomotor,Pickup/Utilitario",Av. Genova 8300,3,1,0,0,2,0,0,,S/D,,ROSARIO,Rosario,Asfalto,S/D,II,S/D,Urbana,Otra Señal,S/D,Recta,Bueno,S/D,S/D,Buen Tiempo,Lateral,S/D,Colisión,S/D,Horizontal,Vegetación,Sin restricción,"-32.9167217, -60.7417108",['Genova 8300'],1,Genova 8300,-32.9167217,-60.7417108,55.0,538.0,Municipio Rosario,Municipio,Rosario,820210,Servicio de Catastro e Información Territorial,IGN
2013,10777,2013-10-07,Lunes,0.0,20:30:00,,0.0,2,"Moto/Ciclomotor,Moto/Ciclomotor",Schweitzer Y Bv. Wilde,2,2,0,0,0,0,0,,Calle,,ROSARIO,Rosario,Asfalto,S/D,II,Dentro,Urbana,S/D,S/D,Intersección,S/D,S/D,Nocturna,S/D,S/D,S/D,Colisión,S/D,S/D,S/D,S/D,POINT (-60.7395164 -32.9138794),"['Albert Schweitzer', 'Bulevar Wilde']",2,Albert Schweitzer; Bulevar Wilde,-32.9138794,-60.7395164,55.0,538.0,Municipio Rosario,Municipio,Rosario,820210,Servicio de Catastro e Información Territorial,IGN
2013,10778,2013-10-10,Jueves,0.0,11:45:00,,0.0,2,"Bicicleta,Automóvil",J.J.Paso Y Av. Circunvalacion,2,1,0,0,1,0,0,,Calle,,ROSARIO,Rosario,Asfalto,S/D,II,S/D,Urbana,Otra Señal,S/D,Intersección,Bueno,S/D,S/D,Buen Tiempo,De alcance,S/D,Atropello,S/D,"Horizontal,Vertical",Cordón divisorio,Sin restricción,POINT (-60.723727529563504 -32.92055900258327),"['Paso', 'Circunvalacion']",2,Avenida Juan José Paso; Avenida de Circunvalación 25 de Mayo,-32.92055900258327,-60.723727529563504,55.0,538.0,Municipio Rosario,Municipio,Rosario,820210,Servicio de Catastro e Información Territorial,IGN
2013,10779,2013-10-06,Domingo,0.0,10:15:00,,0.0,2,"Moto/Ciclomotor,Otros",Av. Provincias Unidas Y French,2,1,0,0,1,0,0,,Avenida,,ROSARIO,Rosario,Asfalto,No existe,II,Dentro,Urbana,S/D,No existe,Recta,Bueno,Buena,Amanecer,Buen Tiempo,Frontal,S/D,Colisión,S/D,Horizontal,S/D,Sin restricción,POINT (-60.7134078 -32.92179325),"['Avenida Provincias Unidas', 'French']",2,Avenida Provincias Unidas; Domingo French,-32.92179325,-60.7134078,55.0,538.0,Municipio Rosario,Municipio,Rosario,820210,Servicio de Catastro e Información Territorial,IGN
2013,10781,2013-10-08,Martes,0.0,09:30:00,,0.0,2,"Bicicleta,Automóvil",E.Zeballos 800,2,1,0,0,1,0,0,,Calle,,ROSARIO,Rosario,Asfalto,S/D,II,Dentro,Urbana,S/D,S/D,Recta,Bueno,Buena,Diurna,S/D,S/D,S/D,Atropello,S/D,S/D,Cordón divisorio,S/D,"-32.9577248, -60.6249701",['E Zeballos 800'],1,E Zeballos 800,-32.9577248,-60.6249701,55.0,538.0,Municipio Rosario,Municipio,Rosario,820210,Servicio de Catastro e Información Territorial,IGN
2013,10783,2013-10-09,Miercoles,0.0,21:00:00,,0.0,2,"Moto/Ciclomotor,Automóvil",3 De Febrero 400,3,2,0,0,1,0,0,,Calle,,ROSARIO,Rosario,Asfalto,S/D,II,Dentro,Urbana,S/D,S/D,Recta,Bueno,S/D,Nocturna,S/D,Otro,S/D,Colisión,S/D,S/D,Cordón divisorio,S/D,"-32.9544277, -60.6298002",['3 De Febrero 400'],1,3 De Febrero 400,-32.9544277,-60.6298002,55.0,538.0,Municipio Rosario,Municipio,Rosario,820210,Servicio de Catastro e Información Territorial,IGN
2013,10785,2013-10-07,Lunes,0.0,17:25:00,,0.0,2,"Vehículo Oficial,Automóvil",J.M.de Rosas Y Montevideo,2,1,0,0,1,0,0,,S/D,,ROSARIO,Rosario,Asfalto,S/D,II,Dentro,Urbana,S/D,No existe,Intersección,Bueno,Buena,Diurna,Buen Tiempo,Lateral,S/D,Colisión,S/D,S/D,Ninguna,S/D,POINT (-60.63371000000001 -32.957356499999996),"['De Rosas', 'Montevideo']",2,Juan Manuel de Rosas; Montevideo,-32.9573565,-60.63371000000001,55.0,538.0,Municipio Rosario,Municipio,Rosario,820210,Servicio de Catastro e Información Territorial,IGN
2013,10790,2013-10-01,Martes,0.0,17:15:00,,0.0,2,"Automóvil,Moto/Ciclomotor",Sanchez de Loria Y Av. Genova,3,1,1,0,1,0,0,,Calle,,ROSARIO,Rosario,Asfalto,No existe,II,Dentro,Urbana,Ninguna,No existe,Recta,Bueno,Buena,Atardecer,S/D,Frontal,S/D,Colisión,S/D,Horizontal,Ninguna,Sin restricción,POINT (-60.732781 -32.916539199999995),"['Sánchez de Loria', 'Genova']",2,Sánchez de Loria; Avenida Génova,-32.916539199999995,-60.732781,55.0,538.0,Municipio Rosario,Municipio,Rosario,820210,Servicio de Catastro e Información Territorial,IGN
2013,10792,2013-10-07,Lunes,0.0,15:30:00,,0.0,2,"Automóvil,Moto/Ciclomotor",Carbia Y Derqui,4,2,1,0,1,0,0,,Calle,,ROSARIO,Rosario,Asfalto,Natural,II,S/D,Urbana,Ninguna,No existe,S/D,Bueno,Buena,Diurna,Buen Tiempo,Lateral,S/D,Colisión,Otro,Faltante,S/D,Sin restricción,POINT (-60.7302031 -32.9385194),"['Carbia', 'Derqui']",2,Carbia; Derqui,-32.9385194,-60.7302031,55.0,538.0,Municipio Rosario,Municipio,Rosario,820210,Servicio de Catastro e Información Territorial,IGN
2013,10793,2013-10-28,Lunes,0.0,07:30:00,,0.0,2,"Automóvil,Automóvil",Rioja Y J.M.de Rosas,3,2,0,0,1,0,0,,Calle,,ROSARIO,Rosario,Asfalto,S/D,II,Dentro,Urbana,S/D,S/D,Intersección,Bueno,Buena,Diurna,S/D,Lateral,S/D,Colisión,S/D,S/D,Cordón divisorio,S/D,POINT (-60.6315334 -32.94907709999999),"['Rioja', 'De Rosas']",2,Rioja; Juan Manuel de Rosas,-32.94907709999999,-60.6315334,55.0,538.0,Municipio Rosario,Municipio,Rosario,820210,Servicio de Catastro e Información Territorial,IGN
2013,10798,2013-10-19,Sabado,0.0,10:00:00,,0.0,2,"Automóvil,Taxi/Remis",Maipu Y 3 De Febrero,3,1,0,0,2,0,0,,Calle,,ROSARIO,Rosario,Asfalto,S/D,II,Dentro,Urbana,Señal Pare,S/D,Intersección,Bueno,Buena,Diurna,S/D,Lateral,S/D,Colisión,S/D,S/D,Cordón divisorio,S/D,POINT (-60.6368819 -32.9532778),"['Maipú', '3 de Febrero']",2,Maipú; 3 de Febrero,-32.9532778,-60.6368819,55.0,538.0,Municipio Rosario,Municipio,Rosario,820210,Servicio de Catastro e Información Territorial,IGN
2013,10799,2013-10-03,Jueves,0.0,17:15:00,,0.0,2,"Moto/Ciclomotor,Camión",Nicaragua Y Urquiza,3,1,0,0,2,0,0,,Calle,,ROSARIO,Rosario,Asfalto,Natural,II,Dentro,Urbana,Ninguna,No existe,Recta,Bueno,Buena,Atardecer,Buen Tiempo,Lateral,S/D,Colisión,Otro,Faltante,S/D,Sin restricción,POINT (-60.7210362 -32.933655),"['Nicaragua', 'Urquiza']",2,Nicaragua; Justo José de Urquiza,-32.933655,-60.7210362,55.0,538.0,Municipio Rosario,Municipio,Rosario,820210,Servicio de Catastro e Información Territorial,IGN
2013,10801,2013-10-27,Domingo,0.0,17:00:00,,0.0,2,"Moto/Ciclomotor,Automóvil",Av. Jorge Newbery Y Donado,4,1,2,0,1,0,0,,Calle,,ROSARIO,Rosario,Asfalto,S/D,II,Dentro,Urbana,S/D,S/D,Intersección,S/D,S/D,Diurna,S/D,S/D,S/D,S/D,S/D,S/D,S/D,S/D,POINT (-60.728404966666666 -32.908371466666665),"['Jorge Newbery', 'Donado']",2,Avenida Jorge Newbery; José Agustín Donado,-32.908371466666665,-60.728404966666666,55.0,538.0,Municipio Rosario,Municipio,Rosario,820210,Servicio de Catastro e Información Territorial,IGN
2013,10803,2013-10-08,Martes,0.0,17:00:00,,0.0,2,"Moto/Ciclomotor,Automóvil",Urquiza 1700,2,1,0,0,1,0,0,,Calle,,ROSARIO,Rosario,Asfalto,No existe,II,Dentro,Urbana,Ninguna,No existe,Recta,Bueno,Buena,Diurna,Buen Tiempo,Frontal,S/D,Colisión,S/D,Faltante,Ninguna,Sin restricción,"-32.9414644, -60.6453409",['Urquiza 1700'],1,Urquiza 1700,-32.9414644,-60.6453409,55.0,538.0,Municipio Rosario,Municipio,Rosario,820210,Servicio de Catastro e Información Territorial,IGN
2013,10804,2013-10-22,Martes,0.0,22:45:00,,0.0,2,"Moto/Ciclomotor,Moto/Ciclomotor",Ayala Gauna Y Tarragona,2,2,0,0,0,0,0,,Calle,,ROSARIO,Rosario,S/D,S/D,II,Dentro,Urbana,S/D,S/D,S/D,S/D,S/D,Nocturna,S/D,S/D,S/D,S/D,S/D,S/D,S/D,S/D,POINT (-60.7352862 -32.9125474),"['Ayala Gauna', 'Tarragona']",2,Ayala Gauna; Tarragona,-32.9125474,-60.7352862,55.0,538.0,Municipio Rosario,Municipio,Rosario,820210,Servicio de Catastro e Información Territorial,IGN