anio_acci,nro_acci,fecha,desc_dia,fecha_aprox,hora_aprox,desc_ruta,km,cant_participantes,desc_participante,calle_avenida_km,total,heridos_leves,heridos_graves,heridos_gravisimos,ilesos,fallecidos,sin_datos,posicion_XY,desc_tipo_via,desc_ruta_ori,desc_loc,desc_dpto,desc_tipo_calzada,desc_tipo_banquina,desc_unidad_regional,desc_lugar_calzada,desc_zona,desc_prioridad,desc_estado_semaforo,desc_lugar_via,desc_estado_via,desc_estado_visibilidad,desc_luminosidad,desc_estado_clima,desc_tipo_colision,desc_tipo_atropello,desc_tipo_hecho,desc_pres_calzada,desc_senializacion,desc_separacion_via,desc_restriccion,forma_geocod,calle_lista,numero_calles,calles_osm,lat,lon,index_right,gid,fna,gna,nam,in1,fdc,sag
2013,10805,2013-10-19,Sabado,0.0,11:00:00,,0.0,2,"Automóvil,Peatón",Mendoza Y Av. Circunvalacion,3,1,0,0,2,0,0,,Avenida,,ROSARIO,Rosario,Asfalto,No existe,II,Dentro,Urbana,Ninguna,No existe,S/D,Bueno,Buena,Diurna,Buen Tiempo,S/D,S/D,Atropello,S/D,Faltante,S/D,Sin restricción,POINT (-60.72253500134355 -32.94050844672854),"['Mendoza', 'Circunvalacion']",2,Mendoza; Avenida de Circunvalación 25 de Mayo,-32.94050844672854,-60.72253500134355,55.0,538.0,Municipio Rosario,Municipio,Rosario,820210,Servicio de Catastro e Información Territorial,IGN
2013,10806,2013-10-20,Domingo,0.0,17:25:00,,0.0,2,"Moto/Ciclomotor,Automóvil",J.B.Justo Y Bv. Wilde,2,0,1,0,1,0,0,,Calle,,ROSARIO,Rosario,Asfalto,S/D,II,Dentro,Urbana,S/D,S/D,Intersección,S/D,S/D,Diurna,S/D,S/D,S/D,Colisión,S/D,S/D,S/D,S/D,POINT (-60.7386835 -32.934138000000004),"['Justo', 'Bulevar Wilde']",2,"('Justo José de Urquiza', 'Bulevar Wilde')",-32.934138000000004,-60.7386835,55.0,538.0,Municipio Rosario,Municipio,Rosario,820210,Servicio de Catastro e Información Territorial,IGN
2013,10809,2013-10-02,Miercoles,0.0,00:15:00,,0.0,2,"Camión,Moto/Ciclomotor",Mendoza Y Nicaragua,2,1,0,0,1,0,0,,Calle,,ROSARIO,Rosario,Asfalto,Pavimento,II,S/D,Urbana,Ninguna,No existe,Recta,Bueno,Buena,Nocturna,Buen Tiempo,Frontal,S/D,Colisión,Otro,Faltante,S/D,Sin restricción,POINT (-60.720695799999994 -32.94045335),"['Mendoza', 'Nicaragua']",2,Mendoza; Nicaragua,-32.94045335,-60.7206958,55.0,538.0,Municipio Rosario,Municipio,Rosario,820210,Servicio de Catastro e Información Territorial,IGN
2013,10810,2013-10-16,Miercoles,0.0,14:30:00,,0.0,2,"Taxi/Remis,Otros",Av. Jorge Newbery Y Sanchez de Loria,3,1,0,0,2,0,0,,Calle,,ROSARIO,Rosario,S/D,S/D,II,Dentro,Urbana,S/D,S/D,Intersección,S/D,S/D,Diurna,S/D,S/D,S/D,S/D,S/D,S/D,S/D,S/D,POINT (-60.73309916000001 -32.90848276),"['Jorge Newbery', 'Sánchez de Loria']",2,Avenida Jorge Newbery; Sánchez de Loria,-32.90848276,-60.73309916000001,55.0,538.0,Municipio Rosario,Municipio,Rosario,820210,Servicio de Catastro e Información Territorial,IGN
2013,10812,2013-09-04,Miercoles,0.0,19:50:00,,0.0,2,"Taxi/Remis,Peatón",9 De Julio Y L.N.Alem,2,1,0,0,1,0,0,,Calle,,ROSARIO,Rosario,Asfalto,S/D,II,Dentro,Urbana,S/D,S/D,Intersección,Bueno,Buena,Diurna,S/D,S/D,S/D,Atropello,S/D,S/D,S/D,S/D,POINT (-60.6301843 -32.9556276),"['9 de Julio', 'Alem']",2,9 de Julio; Leandro N. Alem,-32.9556276,-60.6301843,55.0,538.0,Municipio Rosario,Municipio,Rosario,820210,Servicio de Catastro e Información Territorial,IGN
2013,10818,2013-10-01,Martes,0.0,16:45:00,,0.0,2,"Moto/Ciclomotor,Automóvil",Casiano Casas Y Calle 1345,2,1,0,0,1,0,0,,Calle,,ROSARIO,Rosario,Asfalto,No existe,II,S/D,Urbana,Ninguna,Funciona,Cruce,Bueno,Buena,Diurna,Buen Tiempo,Lateral,S/D,Colisión,Otro,Vertical,Línea divisoria pintada,Sin restricción,POINT (-60.715574800000006 -32.895287499999995),"['Avenida Casiano Casas', 'Graciela Lo Tufo']",2,Avenida Casiano Casas; Graciela Lo Tufo,-32.895287499999995,-60.715574800000006,55.0,538.0,Municipio Rosario,Municipio,Rosario,820210,Servicio de Catastro e Información Territorial,IGN
2013,10820,2013-10-15,Martes,0.0,13:00:00,,0.0,2,"Peatón,Taxi/Remis",Pte.Roca Y Urquiza,2,1,0,0,1,0,0,,Calle,,ROSARIO,Rosario,Asfalto,No existe,II,Dentro,Urbana,S/D,No existe,Intersección,Bueno,Buena,Diurna,Buen Tiempo,S/D,S/D,Atropello,S/D,Faltante,S/D,Sin restricción,POINT (-60.6442177 -32.9417364),"['Roca', 'Urquiza']",2,Presidente Roca; Justo José de Urquiza,-32.9417364,-60.6442177,55.0,538.0,Municipio Rosario,Municipio,Rosario,820210,Servicio de Catastro e Información Territorial,IGN
2013,10829,2013-10-22,Martes,0.0,17:50:00,,0.0,2,"Automóvil,Moto/Ciclomotor",Av. Circunvalacion Y Gustavo Cochet,2,1,0,0,1,0,0,,Calle,,ROSARIO,Rosario,Asfalto,No existe,II,S/D,Urbana,Ninguna,No existe,Recta,Con baches,Buena,Atardecer,Buen Tiempo,Lateral,S/D,Colisión,Otro,Faltante,S/D,Sin restricción,POINT (-60.7232023 -32.9397624),"['Circunvalacion', 'Gustavo Cochet']",2,"('Colectora José María Rosa', 'Gustavo Cochet')",-32.9397624,-60.7232023,55.0,538.0,Municipio Rosario,Municipio,Rosario,820210,Servicio de Catastro e Información Territorial,IGN
2013,10830,2013-10-08,Martes,0.0,18:00:00,,0.0,2,"Automóvil,Automóvil",Sgto Cabral Y Urquiza,3,1,0,0,2,0,0,,Avenida,,ROSARIO,Rosario,Asfalto,No existe,II,Dentro,Urbana,Ninguna,No existe,Intersección,Bueno,Buena,"Diurna,Con luz artificial",Buen Tiempo,S/D,S/D,Colisión,S/D,Faltante,Ninguna,Sin restricción,POINT (-60.634967575000005 -32.9437417),"['Sargento Cabral', 'Urquiza']",2,Sargento Cabral; Justo José de Urquiza,-32.9437417,-60.634967575000005,55.0,538.0,Municipio Rosario,Municipio,Rosario,820210,Servicio de Catastro e Información Territorial,IGN
2013,10881,2013-10-24,Jueves,0.0,21:00:00,,0.0,2,"Automóvil,Moto/Ciclomotor",Bv. 27 De Febrero Y Cafferata,2,1,0,0,1,0,0,,Avenida,,ROSARIO,Rosario,Asfalto,S/D,II,S/D,Urbana,Semáforo,S/D,Intersección,Bueno,S/D,Nocturna,Buen Tiempo,Lateral,S/D,Colisión,S/D,Horizontal,S/D,S/D,POINT (-60.676298700000004 -32.961732299999994),"['27 de Febrero', 'Cafferata']",2,Bulevar 27 de Febrero; Cafferata,-32.961732299999994,-60.6762987,55.0,538.0,Municipio Rosario,Municipio,Rosario,820210,Servicio de Catastro e Información Territorial,IGN
2013,10885,2013-10-02,Miercoles,0.0,10:30:00,,0.0,2,"Automóvil,Moto/Ciclomotor",Alsina Y Cochabamba,2,1,0,0,1,0,0,,Calle,,ROSARIO,Rosario,Asfalto,S/D,II,S/D,Urbana,Ninguna,S/D,Intersección,Bueno,Buena,Diurna,Buen Tiempo,Lateral,S/D,Colisión,S/D,S/D,S/D,Sin restricción,POINT (-60.67942969999999 -32.9515954),"['Alsina', 'Cochabamba']",2,Alsina; Cochabamba,-32.9515954,-60.67942969999999,55.0,538.0,Municipio Rosario,Municipio,Rosario,820210,Servicio de Catastro e Información Territorial,IGN
2013,10888,2013-10-22,Martes,0.0,09:00:00,,0.0,2,"Automóvil,Moto/Ciclomotor",Cerrito Y Vera Mujica,2,1,0,0,1,0,0,,Calle,,ROSARIO,Rosario,Asfalto,Pavimento,II,S/D,Urbana,Ninguna,No existe,Intersección,Bueno,Buena,Diurna,Buen Tiempo,Lateral,S/D,Colisión,S/D,Faltante,S/D,Sin restricción,POINT (-60.6708082 -32.95675429999999),"['Cerrito', 'Vera Mujíca']",2,Cerrito; Vera Mujíca,-32.95675429999999,-60.6708082,55.0,538.0,Municipio Rosario,Municipio,Rosario,820210,Servicio de Catastro e Información Territorial,IGN
2013,10892,2013-10-25,Viernes,0.0,17:00:00,,0.0,2,"Automóvil,Moto/Ciclomotor",Pje. L.Miranda Y Iriondo,2,1,0,0,1,0,0,,Calle,,ROSARIO,Rosario,Asfalto,S/D,II,S/D,Urbana,Ninguna,S/D,Intersección,Bueno,Buena,Diurna,Buen Tiempo,Lateral,S/D,Colisión,S/D,S/D,S/D,Sin restricción,POINT (-60.6739345 -32.9579712),"['Miranda', 'Iriondo']",2,Lucía Miranda; Iriondo,-32.9579712,-60.6739345,55.0,538.0,Municipio Rosario,Municipio,Rosario,820210,Servicio de Catastro e Información Territorial,IGN
2013,10918,2013-10-18,Viernes,0.0,12:45:00,,0.0,3,"Moto/Ciclomotor,Automóvil,Automóvil",Av. Corrientes 1000,3,1,0,0,2,0,0,,Calle,,ROSARIO,Rosario,Asfalto,S/D,II,Dentro,Urbana,Ninguna,No existe,S/D,Bueno,Buena,Diurna,Buen Tiempo,Frontal,S/D,Colisión,S/D,Faltante,Cordón divisorio,Sin restricción,"-32.9482137, -60.6429997",['Corrientes 1000'],1,Corrientes 1000,-32.9482137,-60.6429997,55.0,538.0,Municipio Rosario,Municipio,Rosario,820210,Servicio de Catastro e Información Territorial,IGN
2013,10919,2013-10-16,Miercoles,0.0,12:20:00,,0.0,2,"Moto/Ciclomotor,Automóvil",9 De Julio 1300,3,1,0,0,2,0,0,,Calle,,ROSARIO,Rosario,Asfalto,S/D,II,Dentro,Urbana,Ninguna,No existe,Recta,Bueno,Buena,Diurna,Buen Tiempo,Frontal,S/D,Colisión,S/D,Faltante,Cordón divisorio,Sin restricción,"-32.9533243, -60.6426999",['9 De Julio 1300'],1,9 De Julio 1300,-32.9533243,-60.6426999,55.0,538.0,Municipio Rosario,Municipio,Rosario,820210,Servicio de Catastro e Información Territorial,IGN
2013,10920,2013-10-02,Miercoles,0.0,08:20:00,,0.0,2,"Moto/Ciclomotor,Automóvil",España Y Jujuy,2,1,0,0,1,0,0,,Calle,,ROSARIO,Rosario,Asfalto,S/D,II,Dentro,Urbana,Ninguna,No existe,Intersección,Bueno,Buena,Diurna,Buen Tiempo,Lateral,S/D,Colisión,S/D,Faltante,Cordón divisorio,Sin restricción,POINT (-60.64443049999999 -32.93677459999999),"['España', 'Jujuy']",2,España; Jujuy,-32.93677459999999,-60.64443049999999,55.0,538.0,Municipio Rosario,Municipio,Rosario,820210,Servicio de Catastro e Información Territorial,IGN
2013,10921,2013-10-18,Viernes,0.0,11:50:00,,0.0,2,"Taxi/Remis,Otros",Entre Rios 1000,3,1,0,0,1,0,1,,Calle,,ROSARIO,Rosario,Asfalto,S/D,II,Dentro,Urbana,Ninguna,No existe,Recta,Bueno,Buena,Diurna,Buen Tiempo,Frontal,S/D,Colisión,S/D,Faltante,Cordón divisorio,Sin restricción,"-32.9484766, -60.6415897",['Entre Rios 1000'],1,Entre Rios 1000,-32.9484766,-60.6415897,55.0,538.0,Municipio Rosario,Municipio,Rosario,820210,Servicio de Catastro e Información Territorial,IGN
2013,10924,2013-10-10,Jueves,0.0,12:45:00,,0.0,2,"Bicicleta,Taxi/Remis",Bv. Oroño Y Montevideo,2,1,0,0,1,0,0,,Calle,,ROSARIO,Rosario,Asfalto,S/D,II,Dentro,Urbana,Semáforo,Funciona,Intersección,Bueno,Buena,Diurna,Buen Tiempo,S/D,S/D,Atropello,S/D,Vertical,Cordón divisorio,Sin restricción,POINT (-60.65574455 -32.95341725),"['Bulevar Nicasio Oroño', 'Montevideo']",2,Bulevar Nicasio Oroño; Montevideo,-32.95341725,-60.65574455,55.0,538.0,Municipio Rosario,Municipio,Rosario,820210,Servicio de Catastro e Información Territorial,IGN
2013,10927,2013-10-29,Martes,0.0,21:50:00,,0.0,1,Automóvil,Bufano Y Homero Manzi,2,1,0,0,1,0,0,,Calle,,ROSARIO,Rosario,Asfalto,No existe,II,Dentro,Urbana,Ninguna,No existe,Recta,Bueno,Reducida,Nocturna,Buen Tiempo,S/D,S/D,Caída ocupante,S/D,S/D,Ninguna,Sin restricción,POINT (-60.7182194 -32.8869965),"['Bufano', 'Homero Manzi']",2,Bufano; Homero Manzi,-32.8869965,-60.7182194,55.0,538.0,Municipio Rosario,Municipio,Rosario,820210,Servicio de Catastro e Información Territorial,IGN
2013,10928,2013-10-05,Sabado,0.0,10:30:00,,0.0,2,"Bicicleta,Automóvil",Balcarce Y 3 De Febrero,2,1,0,0,1,0,0,,Calle,,ROSARIO,Rosario,Asfalto,S/D,II,Dentro,Urbana,Ninguna,No existe,Recta,Bueno,Buena,Diurna,Buen Tiempo,S/D,S/D,Atropello,S/D,Faltante,Cordón divisorio,Sin restricción,POINT (-60.6535421 -32.95033519999999),"['Balcarce', '3 de Febrero']",2,Balcarce; 3 de Febrero,-32.95033519999999,-60.6535421,55.0,538.0,Municipio Rosario,Municipio,Rosario,820210,Servicio de Catastro e Información Territorial,IGN
2013,10929,2013-10-16,Miercoles,0.0,15:00:00,,0.0,2,"Moto/Ciclomotor,Automóvil",Av. Pellegrini 1000,2,1,0,0,1,0,0,,Avenida,,ROSARIO,Rosario,Asfalto,S/D,II,Dentro,Urbana,Ninguna,No existe,Recta,Bueno,Buena,Diurna,Buen Tiempo,Frontal,S/D,Colisión,S/D,Faltante,Cordón divisorio,Sin restricción,"-32.9574672, -60.6393083",['Pellegrini 1000'],1,Pellegrini 1000,-32.9574672,-60.6393083,55.0,538.0,Municipio Rosario,Municipio,Rosario,820210,Servicio de Catastro e Información Territorial,IGN
2013,10930,2013-10-29,Martes,0.0,14:00:00,,0.0,2,"Moto/Ciclomotor,Automóvil",Mariano Moreno Y Cordoba,2,1,0,0,1,0,0,,Calle,,ROSARIO,Rosario,Asfalto,No existe,II,Dentro,Urbana,Ninguna,No existe,Intersección,Bueno,Buena,Diurna,Buen Tiempo,Lateral,S/D,Colisión,S/D,Faltante,Cordón divisorio,Sin restricción,POINT (-60.650609200000005 -32.944206400000006),"['Mariano Moreno', 'Córdoba']",2,Mariano Moreno; Córdoba,-32.944206400000006,-60.650609200000005,55.0,538.0,Municipio Rosario,Municipio,Rosario,820210,Servicio de Catastro e Información Territorial,IGN
2013,10931,2013-10-20,Domingo,0.0,10:50:00,,0.0,2,"Moto/Ciclomotor,Automóvil",Dorrego 1500,2,1,0,0,1,0,0,,Calle,,ROSARIO,Rosario,Asfalto,S/D,II,Dentro,Urbana,Ninguna,No existe,Recta,Bueno,Buena,Diurna,Buen Tiempo,Frontal,S/D,Colisión,S/D,Faltante,Cordón divisorio,Sin restricción,"-32.9528554, -60.6513607",['Dorrego 1500'],1,Dorrego 1500,-32.9528554,-60.6513607,55.0,538.0,Municipio Rosario,Municipio,Rosario,820210,Servicio de Catastro e Información Territorial,IGN
2013,10933,2013-10-11,Viernes,0.0,13:50:00,,0.0,2,"Moto/Ciclomotor,Automóvil",España 1100,3,1,0,0,2,0,0,,Calle,,ROSARIO,Rosario,Asfalto,S/D,II,Dentro,Urbana,Ninguna,No existe,Recta,Bueno,Buena,Diurna,Buen Tiempo,Frontal,S/D,Colisión,S/D,Faltante,S/D,Sin restricción,"-32.9485792, -60.6474563",['España 1100'],1,España 1100,-32.9485792,-60.6474563,55.0,538.0,Municipio Rosario,Municipio,Rosario,820210,Servicio de Catastro e Información Territorial,IGN
2013,10934,2013-10-22,Martes,0.0,11:30:00,,0.0,3,"Automóvil,Automóvil,Automóvil",Santa Fe 1600,3,1,0,0,2,0,0,,Calle,,ROSARIO,Rosario,Asfalto,No existe,II,Dentro,Urbana,Ninguna,No existe,Recta,Bueno,Buena,Diurna,Buen Tiempo,Múltiple,S/D,Colisión,S/D,Faltante,Cordón divisorio,Sin restricción,"-32.9437844, -60.6448709",['Santa Fe 1600'],1,Santa Fe 1600,-32.9437844,-60.6448709,55.0,538.0,Municipio Rosario,Municipio,Rosario,820210,Servicio de Catastro e Información Territorial,IGN
2013,10935,2013-10-16,Miercoles,0.0,14:30:00,,0.0,2,"Moto/Ciclomotor,Automóvil",Bv. Oroño Y Jujuy,2,1,0,0,1,0,0,,Avenida,,ROSARIO,Rosario,Asfalto,No existe,II,Dentro,Urbana,Ninguna,No existe,Intersección,Bueno,Buena,Diurna,Buen Tiempo,Lateral,S/D,Colisión,S/D,Faltante,Cordón divisorio,Sin restricción,POINT (-60.65121175 -32.93554149999999),"['Bulevar Nicasio Oroño', 'Jujuy']",2,Bulevar Nicasio Oroño; Jujuy,-32.93554149999999,-60.65121175,55.0,538.0,Municipio Rosario,Municipio,Rosario,820210,Servicio de Catastro e Información Territorial,IGN
2013,10936,2013-10-21,Lunes,0.0,07:50:00,,0.0,2,"Bicicleta,Automóvil",9 De Julio 1100,2,1,0,0,1,0,0,,Calle,,ROSARIO,Rosario,Asfalto,S/D,II,Dentro,Urbana,Ninguna,No existe,Recta,Bueno,Buena,Diurna,Buen Tiempo,S/D,S/D,Atropello,S/D,Faltante,Cordón divisorio,Sin restricción,"-32.953846, -60.6399092",['9 De Julio 1100'],1,9 De Julio 1100,-32.953846,-60.6399092,55.0,538.0,Municipio Rosario,Municipio,Rosario,820210,Servicio de Catastro e Información Territorial,IGN
2013,10937,2013-10-02,Miercoles,0.0,16:00:00,,0.0,2,"Automóvil,Automóvil",San Luis 1900,2,1,0,0,1,0,0,,Calle,,ROSARIO,Rosario,Asfalto,S/D,II,Dentro,Urbana,Ninguna,No existe,Recta,Bueno,Buena,Diurna,Buen Tiempo,Frontal,S/D,Colisión,S/D,Faltante,Cordón divisorio,Sin restricción,"-32.9470206, -60.6496915",['San Luis 1900'],1,San Luis 1900,-32.9470206,-60.6496915,55.0,538.0,Municipio Rosario,Municipio,Rosario,820210,Servicio de Catastro e Información Territorial,IGN
2013,10938,2013-10-16,Miercoles,0.0,08:40:00,,0.0,2,"Automóvil,Bicicleta",Mitre Y E.Zeballos,2,1,0,0,1,0,0,,Calle,,ROSARIO,Rosario,Asfalto,S/D,II,Dentro,Urbana,Ninguna,No existe,Intersección,Bueno,Buena,Diurna,Buen Tiempo,S/D,S/D,Atropello,S/D,Faltante,S/D,Sin restricción,POINT (-60.641725300000004 -32.95477609999999),"['Mitre', 'Zeballos']",2,Bartolomé Mitre; Zeballos,-32.95477609999999,-60.6417253,55.0,538.0,Municipio Rosario,Municipio,Rosario,820210,Servicio de Catastro e Información Territorial,IGN
2013,10939,2013-10-22,Martes,0.0,14:00:00,,0.0,1,Taxi/Remis,Tucuman Y Av. Corrientes,2,1,0,0,1,0,0,,Calle,,ROSARIO,Rosario,Asfalto,No existe,II,Dentro,Urbana,Semáforo,Funciona,Intersección,Bueno,Buena,"Diurna,Con luz artificial",Buen Tiempo,Otro,S/D,Otro,S/D,Vertical,Ninguna,Sin restricción,POINT (-60.64117209999999 -32.9410577),"['Tucumán', 'Corrientes']",2,Tucumán; Corrientes,-32.9410577,-60.64117209999999,55.0,538.0,Municipio Rosario,Municipio,Rosario,820210,Servicio de Catastro e Información Territorial,IGN
2013,10940,2013-10-17,Jueves,0.0,12:20:00,,0.0,2,"Automóvil,Automóvil",Cordoba Y Balcarce,3,1,0,0,2,0,0,,Calle,,ROSARIO,Rosario,Asfalto,No existe,II,Dentro,Urbana,Ninguna,No existe,Recta,Bueno,Buena,Diurna,Buen Tiempo,Frontal,S/D,Colisión,S/D,Faltante,Cordón divisorio,Sin restricción,POINT (-60.65191980000001 -32.943977999999994),"['Córdoba', 'Balcarce']",2,Córdoba; Balcarce,-32.943977999999994,-60.65191980000001,55.0,538.0,Municipio Rosario,Municipio,Rosario,820210,Servicio de Catastro e Información Territorial,IGN
2013,10942,2013-10-09,Miercoles,0.0,19:00:00,,0.0,2,"Peatón,Automóvil",Jujuy 1600,2,1,0,0,1,0,0,,Calle,,ROSARIO,Rosario,Asfalto,No existe,II,Dentro,Urbana,Ninguna,No existe,Recta,Bueno,Buena,Atardecer,Buen Tiempo,Otro,S/D,Atropello,S/D,Faltante,Ninguna,Sin restricción,"-32.937025, -60.6428116",['Jujuy 1600'],1,Jujuy 1600,-32.937025,-60.6428116,55.0,538.0,Municipio Rosario,Municipio,Rosario,820210,Servicio de Catastro e Información Territorial,IGN
2013,10943,2013-10-24,Jueves,0.0,15:00:00,,0.0,2,"Moto/Ciclomotor,Taxi/Remis",Av. Corrientes 1200,2,1,0,0,1,0,0,,Calle,,ROSARIO,Rosario,Asfalto,S/D,II,Dentro,Urbana,Ninguna,No existe,Recta,Bueno,Buena,Diurna,Buen Tiempo,Frontal,S/D,Colisión,S/D,Faltante,Cordón divisorio,Sin restricción,"-32.950703, -60.6436207",['Corrientes 1200'],1,Corrientes 1200,-32.950703,-60.6436207,55.0,538.0,Municipio Rosario,Municipio,Rosario,820210,Servicio de Catastro e Información Territorial,IGN
2013,10944,2013-10-22,Martes,0.0,09:20:00,,0.0,2,"Bicicleta,Automóvil",Alvear Y Tucuman,2,1,0,0,1,0,0,,Calle,,ROSARIO,Rosario,Asfalto,No existe,II,Dentro,Urbana,Ninguna,No existe,Intersección,Bueno,Buena,Diurna,Buen Tiempo,Otro,S/D,Atropello,S/D,Faltante,Ninguna,Sin restricción,POINT (-60.653511200000004 -32.938830299999985),"['Alvear', 'Tucumán']",2,Alvear; Tucumán,-32.938830299999985,-60.6535112,55.0,538.0,Municipio Rosario,Municipio,Rosario,820210,Servicio de Catastro e Información Territorial,IGN
2013,10945,2013-10-02,Miercoles,0.0,18:55:00,,0.0,1,Moto/Ciclomotor,Santa Fe Y Mariano Moreno,1,1,0,0,0,0,0,,Calle,,ROSARIO,Rosario,Asfalto,No existe,II,Dentro,Urbana,S/D,No existe,Recta,Bueno,Buena,"Atardecer,Con luz artificial",S/D,Contra objeto fijo,S/D,Colisión,S/D,Faltante,Cordón divisorio,S/D,POINT (-60.65025920000001 -32.942853299999996),"['Santa Fe', 'Mariano Moreno']",2,Santa Fe; Mariano Moreno,-32.9428533,-60.65025920000001,55.0,538.0,Municipio Rosario,Municipio,Rosario,820210,Servicio de Catastro e Información Territorial,IGN
2013,10946,2013-10-11,Viernes,0.0,07:30:00,,0.0,2,"Automóvil,Automóvil",Bv. Oroño Y 3 De Febrero,3,1,0,0,2,0,0,,Avenida,,ROSARIO,Rosario,Asfalto,S/D,II,Dentro,Urbana,Semáforo,Funciona,Recta,Bueno,Buena,Diurna,Buen Tiempo,Frontal,S/D,Colisión,S/D,Vertical,Cordón divisorio,Sin restricción,POINT (-60.654906749999995 -32.950095049999995),"['Bulevar Nicasio Oroño', '3 de Febrero']",2,Bulevar Nicasio Oroño; 3 de Febrero,-32.950095049999995,-60.65490675,55.0,538.0,Municipio Rosario,Municipio,Rosario,820210,Servicio de Catastro e Información Territorial,IGN
2013,10947,2013-10-19,Sabado,0.0,05:30:00,,0.0,2,"Automóvil,Pickup/Utilitario",Catamarca Y Bv. Oroño,2,1,0,0,1,0,0,,S/D,,ROSARIO,Rosario,Asfalto,No existe,II,S/D,S/D,Ninguna,No existe,Intersección,Bueno,Buena,"Amanecer,Con luz artificial",Buen Tiempo,Lateral,S/D,Colisión,Agua,Faltante,Ninguna,Sin restricción,POINT (-60.651806750000006 -32.9378818),"['Catamarca', 'Bulevar Nicasio Oroño']",2,Catamarca; Bulevar Nicasio Oroño,-32.9378818,-60.651806750000006,55.0,538.0,Municipio Rosario,Municipio,Rosario,820210,Servicio de Catastro e Información Territorial,IGN
2013,10948,2013-10-24,Jueves,0.0,16:00:00,,0.0,2,"Moto/Ciclomotor,Automóvil",Cordoba Y España,2,1,0,0,1,0,0,,Calle,,ROSARIO,Rosario,Asfalto,No existe,II,Dentro,Urbana,Ninguna,No existe,Intersección,Bueno,Buena,Diurna,Buen Tiempo,Lateral,S/D,Colisión,S/D,Faltante,Cordón divisorio,Sin restricción,POINT (-60.6464797 -32.944926099999996),"['Córdoba', 'España']",2,Córdoba; España,-32.9449261,-60.6464797,55.0,538.0,Municipio Rosario,Municipio,Rosario,820210,Servicio de Catastro e Información Territorial,IGN
2013,10949,2013-10-28,Lunes,0.0,20:00:00,,0.0,2,"Moto/Ciclomotor,Automóvil",Montevideo Y Alvear,3,1,0,0,2,0,0,,Calle,,ROSARIO,Rosario,Asfalto,S/D,II,Dentro,Urbana,Ninguna,No existe,Recta,Bueno,Buena,"Nocturna,Con luz artificial",Buen Tiempo,Frontal,S/D,Colisión,S/D,Faltante,Cordón divisorio,Sin restricción,POINT (-60.65711929999999 -32.95317479999998),"['Montevideo', 'Alvear']",2,Montevideo; Alvear,-32.95317479999998,-60.65711929999999,55.0,538.0,Municipio Rosario,Municipio,Rosario,820210,Servicio de Catastro e Información Territorial,IGN
2013,10950,2013-10-25,Viernes,0.0,14:00:00,,0.0,2,"Automóvil,Moto/Ciclomotor",Balcarce Y E.Zeballos,3,2,0,0,1,0,0,,Calle,,ROSARIO,Rosario,Asfalto,S/D,II,Dentro,Urbana,Ninguna,No existe,Intersección,Con baches,Buena,Diurna,Buen Tiempo,Lateral,S/D,Colisión,S/D,Faltante,Cordón divisorio,Sin restricción,POINT (-60.6541017 -32.9525317),"['Balcarce', 'Zeballos']",2,Balcarce; Zeballos,-32.9525317,-60.6541017,55.0,538.0,Municipio Rosario,Municipio,Rosario,820210,Servicio de Catastro e Información Territorial,IGN
2013,10952,2013-10-03,Jueves,0.0,16:45:00,,0.0,3,"Moto/Ciclomotor,Pickup/Utilitario,Automóvil",Italia 1400,3,1,0,0,2,0,0,,Calle,,ROSARIO,Rosario,Asfalto,S/D,II,Dentro,Urbana,Ninguna,No existe,Recta,Bueno,Buena,Diurna,Buen Tiempo,Múltiple,S/D,Colisión,S/D,Faltante,S/D,Sin restricción,"-32.95203, -60.6497695",['Italia 1400'],1,Italia 1400,-32.95203,-60.6497695,55.0,538.0,Municipio Rosario,Municipio,Rosario,820210,Servicio de Catastro e Información Territorial,IGN
2013,10953,2013-10-24,Jueves,0.0,09:55:00,,0.0,2,"Peatón,Automóvil",Entre Rios Y Rioja,2,1,0,0,1,0,0,,Calle,,ROSARIO,Rosario,Asfalto,S/D,II,Dentro,Urbana,Paso Peatonal,No existe,Intersección,Bueno,Buena,Diurna,Buen Tiempo,S/D,S/D,Atropello,S/D,Faltante,Ninguna,Sin restricción,POINT (-60.6412382 -32.947131699999986),"['Entre Ríos', 'Rioja']",2,Entre Ríos; Rioja,-32.947131699999986,-60.6412382,55.0,538.0,Municipio Rosario,Municipio,Rosario,820210,Servicio de Catastro e Información Territorial,IGN
2013,10954,2013-10-24,Jueves,0.0,08:35:00,,0.0,2,"Peatón,Automóvil",San Juan Y España,2,1,0,0,1,0,0,,Calle,,ROSARIO,Rosario,Asfalto,S/D,II,Dentro,Urbana,Semáforo,Funciona,Intersección,Bueno,Buena,Diurna,Buen Tiempo,S/D,S/D,Atropello,S/D,Vertical,Ninguna,Sin restricción,POINT (-60.64742129999999 -32.9486711),"['San Juan', 'España']",2,San Juan; España,-32.9486711,-60.64742129999999,55.0,538.0,Municipio Rosario,Municipio,Rosario,820210,Servicio de Catastro e Información Territorial,IGN