anio_acci,nro_acci,fecha,desc_dia,fecha_aprox,hora_aprox,desc_ruta,km,cant_participantes,desc_participante,calle_avenida_km,total,heridos_leves,heridos_graves,heridos_gravisimos,ilesos,fallecidos,sin_datos,posicion_XY,desc_tipo_via,desc_ruta_ori,desc_loc,desc_dpto,desc_tipo_calzada,desc_tipo_banquina,desc_unidad_regional,desc_lugar_calzada,desc_zona,desc_prioridad,desc_estado_semaforo,desc_lugar_via,desc_estado_via,desc_estado_visibilidad,desc_luminosidad,desc_estado_clima,desc_tipo_colision,desc_tipo_atropello,desc_tipo_hecho,desc_pres_calzada,desc_senializacion,desc_separacion_via,desc_restriccion,forma_geocod,calle_lista,numero_calles,calles_osm,lat,lon,index_right,gid,fna,gna,nam,in1,fdc,sag
2013,10955,2013-10-09,Miercoles,0.0,16:00:00,,0.0,2,"Automóvil,Automóvil",Italia Y E.Zeballos,2,1,0,0,1,0,0,,Calle,,ROSARIO,Rosario,Asfalto,S/D,II,Dentro,Urbana,S/D,No existe,Intersección,Bueno,Buena,Diurna,Buen Tiempo,Lateral,S/D,Colisión,S/D,Faltante,Ninguna,Sin restricción,POINT (-60.650023 -32.95327000000001),"['Italia', 'Zeballos']",2,Italia; Zeballos,-32.95327000000001,-60.650023,55.0,538.0,Municipio Rosario,Municipio,Rosario,820210,Servicio de Catastro e Información Territorial,IGN
2013,10958,2013-10-17,Jueves,0.0,03:00:00,,0.0,2,"Moto/Ciclomotor,Automóvil",Italia Y San Luis,2,1,0,0,1,0,0,,Calle,,ROSARIO,Rosario,Asfalto,No existe,II,Dentro,Urbana,Ninguna,No existe,Recta,Bueno,Reducida,"Nocturna,Con luz artificial",Buen Tiempo,Frontal,S/D,Colisión,S/D,Faltante,Cordón divisorio,Sin restricción,POINT (-60.648517399999996 -32.9472927),"['Italia', 'San Luis']",2,Italia; San Luis,-32.9472927,-60.6485174,55.0,538.0,Municipio Rosario,Municipio,Rosario,820210,Servicio de Catastro e Información Territorial,IGN
2013,10959,2013-10-25,Viernes,0.0,09:30:00,,0.0,2,"Peatón,Automóvil",Mariano Moreno Y Urquiza,2,1,0,0,1,0,0,,Calle,,ROSARIO,Rosario,Asfalto,No existe,II,Dentro,Urbana,Ninguna,No existe,Intersección,Bueno,Buena,Diurna,Buen Tiempo,Otro,S/D,Atropello,S/D,Faltante,Ninguna,Sin restricción,POINT (-60.6497256 -32.940729),"['Mariano Moreno', 'Urquiza']",2,Mariano Moreno; Justo José de Urquiza,-32.940729,-60.6497256,55.0,538.0,Municipio Rosario,Municipio,Rosario,820210,Servicio de Catastro e Información Territorial,IGN
2013,10960,2013-10-21,Lunes,0.0,12:30:00,,0.0,2,"Automóvil,Automóvil",Santa Fe Y Bv. Oroño,2,1,0,0,1,0,0,,Calle,,ROSARIO,Rosario,Asfalto,No existe,II,Dentro,Urbana,Semáforo,Funciona,Intersección,Bueno,S/D,Diurna,Buen Tiempo,De alcance,S/D,Colisión,S/D,Vertical,Ninguna,Sin restricción,POINT (-60.65298555 -32.94236794999999),"['Santa Fe', 'Bulevar Nicasio Oroño']",2,Santa Fe; Bulevar Nicasio Oroño,-32.94236794999999,-60.65298555,55.0,538.0,Municipio Rosario,Municipio,Rosario,820210,Servicio de Catastro e Información Territorial,IGN
2013,10963,2013-10-26,Sabado,0.0,07:45:00,,0.0,2,"Automóvil,Pickup/Utilitario",Brown Y Dorrego,2,1,0,0,1,0,0,,Calle,,ROSARIO,Rosario,Asfalto,No existe,II,Dentro,Urbana,Ninguna,No existe,Intersección,Bueno,Buena,"Diurna,Con luz artificial",Buen Tiempo,De alcance,S/D,Colisión,S/D,Faltante,Ninguna,Sin restricción,POINT (-60.6468186 -32.93514119999999),"['Brown', 'Dorrego']",2,Almirante Brown; Manuel Dorrego,-32.93514119999999,-60.6468186,55.0,538.0,Municipio Rosario,Municipio,Rosario,820210,Servicio de Catastro e Información Territorial,IGN
2013,10964,2013-10-26,Sabado,0.0,00:30:00,,0.0,3,"Automóvil,Automóvil,Automóvil",9 De Julio Y Av. Corrientes,8,7,0,0,1,0,0,,Calle,,ROSARIO,Rosario,Asfalto,No existe,II,Dentro,Urbana,Ninguna,No existe,Recta,Bueno,Reducida,"Nocturna,Con luz artificial",Buen Tiempo,"Frontal,Múltiple",S/D,Colisión,S/D,Faltante,Cordón divisorio,Sin restricción,POINT (-60.64417650000001 -32.95310819999999),"['9 de Julio', 'Corrientes']",2,9 de Julio; Corrientes,-32.95310819999999,-60.64417650000001,55.0,538.0,Municipio Rosario,Municipio,Rosario,820210,Servicio de Catastro e Información Territorial,IGN
2013,10965,2013-10-24,Jueves,0.0,21:15:00,,0.0,2,"Automóvil,Peatón",Santa Fe ,2,1,0,0,1,0,0,,Calle,,ROSARIO,Rosario,Asfalto,No existe,II,Dentro,Urbana,Ninguna,No existe,Intersección,Bueno,Buena,Nocturna,Buen Tiempo,S/D,S/D,Atropello,S/D,Vertical,Ninguna,Sin restricción,"-32.9362203, -60.7310898",['Santa Fe'],1,Santa Fe,-32.9362203,-60.7310898,55.0,538.0,Municipio Rosario,Municipio,Rosario,820210,Servicio de Catastro e Información Territorial,IGN
2013,10969,2013-10-21,Lunes,0.0,20:25:00,,0.0,2,"Automóvil,Peatón",Roullon Y Marcos Paz,2,1,0,0,1,0,0,,Calle,,ROSARIO,Rosario,Asfalto,No existe,II,Dentro,Urbana,Ninguna,No existe,Intersección,Bueno,Buena,Nocturna,Buen Tiempo,S/D,S/D,Atropello,S/D,Vertical,S/D,Sin restricción,POINT (-60.7023089 -32.9387945),"['Alfredo Rouillón', 'Marcos Paz']",2,Alfredo Rouillón; Marcos Paz,-32.9387945,-60.7023089,55.0,538.0,Municipio Rosario,Municipio,Rosario,820210,Servicio de Catastro e Información Territorial,IGN
2013,10970,2013-10-28,Lunes,0.0,00:05:00,,0.0,2,"Automóvil,Automóvil",San Martin Y E.Zeballos,4,3,0,0,1,0,0,,Calle,,ROSARIO,Rosario,Asfalto,No existe,II,Dentro,Urbana,Ninguna,No existe,Intersección,Bueno,Buena,"Nocturna,Con luz artificial",Buen Tiempo,Lateral,S/D,Colisión,S/D,Faltante,Cordón divisorio,Sin restricción,POINT (-60.638849300000004 -32.95529809999999),"['San Martin', 'Zeballos']",2,José de San Martín; Zeballos,-32.95529809999999,-60.6388493,55.0,538.0,Municipio Rosario,Municipio,Rosario,820210,Servicio de Catastro e Información Territorial,IGN
2013,10971,2013-10-27,Domingo,0.0,01:00:00,,0.0,2,"Moto/Ciclomotor,Automóvil",Balcarce 600,2,1,0,0,1,0,0,,Calle,,ROSARIO,Rosario,Asfalto,No existe,II,Dentro,Urbana,Ninguna,No existe,Recta,Bueno,Buena,"Nocturna,Con luz artificial",Buen Tiempo,Lateral,S/D,Colisión,S/D,Faltante,Ninguna,Sin restricción,"-32.9415927, -60.6513944",['Balcarce 600'],1,Balcarce 600,-32.9415927,-60.6513944,55.0,538.0,Municipio Rosario,Municipio,Rosario,820210,Servicio de Catastro e Información Territorial,IGN
2013,10972,2013-10-20,Domingo,0.0,18:45:00,,0.0,2,"Automóvil,Peatón",Av. Pellegrini 5757,2,1,0,0,1,0,0,,Avenida,,ROSARIO,Rosario,Asfalto,No existe,II,Dentro,Urbana,Semáforo,Funciona,Intersección,Bueno,Buena,Atardecer,Buen Tiempo,S/D,S/D,Atropello,S/D,Horizontal,Cordón divisorio,Sin restricción,"-32.94843222857143, -60.70148342857143",['Pellegrini 5757'],1,Pellegrini 5757,-32.94843222857143,-60.70148342857143,55.0,538.0,Municipio Rosario,Municipio,Rosario,820210,Servicio de Catastro e Información Territorial,IGN
2013,10974,2013-10-21,Lunes,0.0,18:45:00,,0.0,2,"Automóvil,Automóvil",Pte.Roca Y E.Zeballos,4,2,0,0,2,0,0,,Calle,,ROSARIO,Rosario,Asfalto,S/D,II,Dentro,Urbana,Ninguna,S/D,Intersección,Bueno,Buena,Atardecer,Buen Tiempo,Lateral,S/D,Colisión,S/D,Faltante,S/D,Sin restricción,POINT (-60.6472521 -32.9537729),"['Roca', 'Zeballos']",2,Presidente Roca; Zeballos,-32.9537729,-60.6472521,55.0,538.0,Municipio Rosario,Municipio,Rosario,820210,Servicio de Catastro e Información Territorial,IGN
2013,10975,2013-10-25,Viernes,0.0,08:30:00,,0.0,2,"Automóvil,Automóvil",Bv. Oroño Y Catamarca,3,1,0,0,2,0,0,,Avenida,,ROSARIO,Rosario,Asfalto,No existe,II,Dentro,Urbana,Ninguna,No existe,Intersección,Bueno,Buena,Diurna,Buen Tiempo,De alcance,S/D,Colisión,S/D,S/D,Ninguna,Sin restricción,POINT (-60.651806750000006 -32.9378818),"['Bulevar Nicasio Oroño', 'Catamarca']",2,Bulevar Nicasio Oroño; Catamarca,-32.9378818,-60.651806750000006,55.0,538.0,Municipio Rosario,Municipio,Rosario,820210,Servicio de Catastro e Información Territorial,IGN
2013,10976,2013-10-24,Jueves,0.0,19:00:00,,0.0,2,"Pickup/Utilitario,Moto/Ciclomotor",Roullon Y Neuquen,2,1,0,0,1,0,0,,Avenida,,ROSARIO,Rosario,Asfalto,No existe,II,Dentro,Urbana,Ninguna,No existe,Intersección,Bueno,Buena,Atardecer,Buen Tiempo,Lateral,S/D,Colisión,S/D,Vertical,Cordón divisorio,Sin restricción,POINT (-60.70209080000001 -32.944320700000006),"['Alfredo Rouillón', 'Neuquen']",2,Alfredo Rouillón; Neuquén,-32.944320700000006,-60.70209080000001,55.0,538.0,Municipio Rosario,Municipio,Rosario,820210,Servicio de Catastro e Información Territorial,IGN
2013,10978,2013-10-21,Lunes,0.0,17:25:00,,0.0,2,"Moto/Ciclomotor,Automóvil",Riobamba Y Peru,2,1,0,0,1,0,0,,Calle,,ROSARIO,Rosario,Asfalto,No existe,II,Dentro,Urbana,Ninguna,No existe,Intersección,Bueno,Buena,Diurna,Buen Tiempo,Lateral,S/D,Colisión,S/D,Vertical,Ninguna,Sin restricción,POINT (-60.710842099999994 -32.9545057),"['Riobamba', 'Peru']",2,Riobamba; Perú,-32.9545057,-60.7108421,55.0,538.0,Municipio Rosario,Municipio,Rosario,820210,Servicio de Catastro e Información Territorial,IGN
2013,10979,2013-10-28,Lunes,0.0,20:50:00,,0.0,2,"Peatón,Automóvil",Av. Corrientes Y Santa Fe,3,1,0,0,2,0,0,,Calle,,ROSARIO,Rosario,Asfalto,No existe,II,Dentro,Urbana,Semáforo,Funciona,Intersección,Bueno,Buena,"Nocturna,Con luz artificial",Buen Tiempo,Otro,S/D,Atropello,S/D,Vertical,Ninguna,Sin restricción,POINT (-60.6420191 -32.9443578),"['Corrientes', 'Santa Fe']",2,Corrientes; Santa Fe,-32.9443578,-60.6420191,55.0,538.0,Municipio Rosario,Municipio,Rosario,820210,Servicio de Catastro e Información Territorial,IGN
2013,10980,2013-10-20,Domingo,0.0,05:40:00,,0.0,2,"Moto/Ciclomotor,Otros",La Paz Y Magallanes,3,0,2,0,0,0,1,,Calle,,ROSARIO,Rosario,Asfalto,No existe,II,Dentro,Urbana,Ninguna,No existe,Intersección,Bueno,Buena,Amanecer,Buen Tiempo,Lateral,S/D,Colisión,S/D,Vertical,Ninguna,Sin restricción,POINT (-60.7039038 -32.955514),"['La Paz', 'Magallanes']",2,La Paz; Magallanes,-32.955514,-60.7039038,55.0,538.0,Municipio Rosario,Municipio,Rosario,820210,Servicio de Catastro e Información Territorial,IGN
2013,10982,2013-10-28,Lunes,0.0,09:00:00,,0.0,2,"Moto/Ciclomotor,Automóvil",Derqui Y Bolivia,2,1,0,0,1,0,0,,Calle,,ROSARIO,Rosario,Asfalto,No existe,II,Dentro,Urbana,Ninguna,No existe,Intersección,Bueno,Buena,Diurna,Buen Tiempo,Lateral,S/D,Colisión,S/D,Vertical,Cordón divisorio,Sin restricción,POINT (-60.7139654 -32.938073800000005),"['Derqui', 'Bolivia']",2,Derqui; Bolivia,-32.938073800000005,-60.7139654,55.0,538.0,Municipio Rosario,Municipio,Rosario,820210,Servicio de Catastro e Información Territorial,IGN
2013,10983,2013-10-18,Viernes,0.0,13:50:00,,0.0,2,"Bicicleta,Automóvil",Salta 1800,2,1,0,0,1,0,0,,Calle,,ROSARIO,Rosario,Asfalto,No existe,II,Dentro,Urbana,Ninguna,No existe,Recta,Bueno,Buena,Diurna,Buen Tiempo,S/D,S/D,Atropello,S/D,Faltante,Ninguna,Sin restricción,"-32.937662, -60.6458584",['Salta 1800'],1,Salta 1800,-32.937662,-60.6458584,55.0,538.0,Municipio Rosario,Municipio,Rosario,820210,Servicio de Catastro e Información Territorial,IGN
2013,10984,2013-10-10,Jueves,0.0,17:00:00,,0.0,2,"Moto/Ciclomotor,Automóvil",Av. Provincias Unidas 1200,2,1,0,0,1,0,0,,Avenida,,ROSARIO,Rosario,Asfalto,No existe,II,Dentro,Urbana,Ninguna,No existe,Recta,Bueno,Buena,Diurna,Buen Tiempo,Lateral,S/D,Colisión,S/D,Vertical,Cordón divisorio,Sin restricción,"-32.9423087, -60.7127052",['Provincias Unidas 1200'],1,Provincias Unidas 1200,-32.9423087,-60.7127052,55.0,538.0,Municipio Rosario,Municipio,Rosario,820210,Servicio de Catastro e Información Territorial,IGN
2013,10986,2013-10-29,Martes,0.0,11:00:00,,0.0,2,"Bicicleta,Taxi/Remis",Mitre 300,2,1,0,0,1,0,0,,Calle,,ROSARIO,Rosario,Asfalto,No existe,II,Dentro,Urbana,Ninguna,No existe,Recta,Bueno,Buena,"Diurna,Con luz artificial",Buen Tiempo,Otro,S/D,Atropello,S/D,Faltante,Ninguna,Sin restricción,"-32.9403451, -60.6381441",['Mitre 300'],1,Mitre 300,-32.9403451,-60.6381441,55.0,538.0,Municipio Rosario,Municipio,Rosario,820210,Servicio de Catastro e Información Territorial,IGN
2013,10987,2013-10-05,Sabado,0.0,13:35:00,,0.0,2,"Vehículo Oficial,Moto/Ciclomotor",España Y Montevideo,2,2,0,0,0,0,0,,Calle,,ROSARIO,Rosario,Asfalto,No existe,II,Dentro,Urbana,Semáforo,Funciona,Intersección,Bueno,Buena,Diurna,Buen Tiempo,Lateral,S/D,Colisión,S/D,Faltante,Cordón divisorio,Sin restricción,POINT (-60.648924400000006 -32.9546495),"['España', 'Montevideo']",2,España; Montevideo,-32.9546495,-60.648924400000006,55.0,538.0,Municipio Rosario,Municipio,Rosario,820210,Servicio de Catastro e Información Territorial,IGN
2013,10989,2013-10-10,Jueves,0.0,18:40:00,,0.0,2,"Automóvil,Automóvil",Av. Provincias Unidas Y Av. Pellegrini,3,1,0,0,2,0,0,,Avenida,,ROSARIO,Rosario,Asfalto,No existe,II,Dentro,Urbana,Semáforo,Funciona,Intersección,Bueno,Buena,Diurna,Buen Tiempo,Lateral,S/D,Colisión,S/D,Horizontal,Cordón divisorio,Sin restricción,POINT (-60.71226145000001 -32.948578),"['Avenida Provincias Unidas', 'Pellegrini']",2,Avenida Provincias Unidas; Avenida Carlos Pellegrini,-32.948578,-60.71226145000001,55.0,538.0,Municipio Rosario,Municipio,Rosario,820210,Servicio de Catastro e Información Territorial,IGN
2013,10990,2013-10-05,Sabado,0.0,17:00:00,,0.0,2,"Automóvil,Moto/Ciclomotor",Mendoza Y Campbell,2,1,0,0,1,0,0,,Avenida,,ROSARIO,Rosario,Asfalto,No existe,II,Dentro,Urbana,Semáforo,Funciona,Intersección,Bueno,Buena,Diurna,Buen Tiempo,Lateral,S/D,Colisión,S/D,Horizontal,Cordón divisorio,Sin restricción,POINT (-60.707938850000005 -32.940105),"['Mendoza', 'Campbell']",2,Mendoza; Campbell,-32.940105,-60.707938850000005,55.0,538.0,Municipio Rosario,Municipio,Rosario,820210,Servicio de Catastro e Información Territorial,IGN
2013,10991,2013-10-09,Miercoles,0.0,17:00:00,,0.0,2,"Moto/Ciclomotor,Peatón",Mendoza Y Bolivia,2,1,0,0,1,0,0,,Avenida,,ROSARIO,Rosario,Asfalto,No existe,II,Dentro,Urbana,Ninguna,No existe,Intersección,Bueno,Buena,Diurna,Buen Tiempo,S/D,S/D,Atropello,S/D,Vertical,Ninguna,Sin restricción,POINT (-60.7138523 -32.940269499999985),"['Mendoza', 'Bolivia']",2,Mendoza; Bolivia,-32.940269499999985,-60.7138523,55.0,538.0,Municipio Rosario,Municipio,Rosario,820210,Servicio de Catastro e Información Territorial,IGN
2013,10994,2013-10-17,Jueves,0.0,09:05:00,,0.0,2,"Automóvil,Moto/Ciclomotor",Cordoba Y Italia,2,1,0,0,1,0,0,,Calle,,ROSARIO,Rosario,Asfalto,S/D,II,Dentro,Urbana,Ninguna,No existe,Intersección,Bueno,Buena,Diurna,Buen Tiempo,Lateral,S/D,Colisión,S/D,Faltante,Cordón divisorio,Sin restricción,POINT (-60.647863199999996 -32.944685),"['Córdoba', 'Italia']",2,Córdoba; Italia,-32.944685,-60.6478632,55.0,538.0,Municipio Rosario,Municipio,Rosario,820210,Servicio de Catastro e Información Territorial,IGN
2013,10995,2013-10-14,Lunes,0.0,08:35:00,,0.0,2,"Automóvil,Automóvil",Mendoza Y Garzon,4,1,0,0,3,0,0,,Calle,,ROSARIO,Rosario,Asfalto,No existe,II,Dentro,Urbana,Ninguna,No existe,Intersección,Bueno,Buena,Diurna,Buen Tiempo,Lateral,S/D,Colisión,S/D,Vertical,Cordón divisorio,Sin restricción,POINT (-60.7056814 -32.94004240000001),"['Mendoza', 'Garzón']",2,Mendoza; Garzón,-32.94004240000001,-60.7056814,55.0,538.0,Municipio Rosario,Municipio,Rosario,820210,Servicio de Catastro e Información Territorial,IGN
2013,10999,2013-10-28,Lunes,0.0,15:00:00,,0.0,2,"Automóvil,Peatón",Av. Provincias Unidas Y Rueda,2,1,0,0,1,0,0,,Calle,,ROSARIO,Rosario,Asfalto,Natural,II,S/D,Urbana,Otra Señal,No existe,Intersección,Con baches,Buena,Diurna,Buen Tiempo,Lateral,S/D,Atropello,S/D,S/D,S/D,Sin restricción,POINT (-60.711669799999996 -32.9627928),"['Avenida Provincias Unidas', 'Rueda']",2,Avenida Provincias Unidas; Rueda,-32.9627928,-60.7116698,55.0,538.0,Municipio Rosario,Municipio,Rosario,820210,Servicio de Catastro e Información Territorial,IGN
2013,11000,2013-10-20,Domingo,0.0,18:45:00,,0.0,2,"Moto/Ciclomotor,Automóvil",Colombia Y Perez Bulnes,2,1,0,0,1,0,0,,Calle,,ROSARIO,Rosario,Asfalto,No existe,II,Dentro,Urbana,Ninguna,No existe,Intersección,Bueno,Buena,Atardecer,Buen Tiempo,Lateral,S/D,Colisión,S/D,Vertical,Cordón divisorio,Sin restricción,POINT (-60.71601210000001 -32.9425629),"['Colombia', 'Pérez Bulnes']",2,Colombia; Pérez Bulnes,-32.9425629,-60.71601210000001,55.0,538.0,Municipio Rosario,Municipio,Rosario,820210,Servicio de Catastro e Información Territorial,IGN
2013,11001,2013-10-28,Lunes,0.0,20:00:00,,0.0,2,"Automóvil,Moto/Ciclomotor",Cullen Y Av. Pellegrini,5,2,2,0,1,0,0,,Avenida,,ROSARIO,Rosario,Asfalto,No existe,II,Dentro,Urbana,Semáforo,Funciona,Intersección,Bueno,Buena,Nocturna,Buen Tiempo,Lateral,S/D,Colisión,S/D,Horizontal,Cordón divisorio,Sin restricción,POINT (-60.7087499 -32.9484991),"['Cullen', 'Pellegrini']",2,Cullen; Avenida Carlos Pellegrini,-32.9484991,-60.7087499,55.0,538.0,Municipio Rosario,Municipio,Rosario,820210,Servicio de Catastro e Información Territorial,IGN
2013,11002,2013-10-19,Sabado,0.0,21:30:00,,0.0,2,"Peatón,Moto/Ciclomotor",Av. Pellegrini Y Mitre,4,4,0,0,0,0,0,,Avenida,,ROSARIO,Rosario,Asfalto,No existe,II,Dentro,Urbana,Semáforo,Funciona,Intersección,Bueno,S/D,Nocturna,Buen Tiempo,Otro,S/D,Atropello,S/D,Vertical,Cordón divisorio,Sin restricción,POINT (-60.642289899999994 -32.9570524),"['Pellegrini', 'Mitre']",2,Avenida Carlos Pellegrini; Bartolomé Mitre,-32.9570524,-60.6422899,55.0,538.0,Municipio Rosario,Municipio,Rosario,820210,Servicio de Catastro e Información Territorial,IGN
2013,11003,2013-10-28,Lunes,0.0,16:10:00,,0.0,2,"Peatón,Automóvil",Laprida Y San Juan,2,1,0,0,1,0,0,,Calle,,ROSARIO,Rosario,Asfalto,S/D,II,Dentro,Urbana,Marca Vial,No existe,Intersección,Bueno,Buena,Diurna,Buen Tiempo,Otro,S/D,Atropello,S/D,Faltante,S/D,Sin restricción,POINT (-60.634941600000005 -32.950983599999994),"['Laprida', 'San Juan']",2,Francisco Narciso Laprida; San Juan,-32.950983599999994,-60.634941600000005,55.0,538.0,Municipio Rosario,Municipio,Rosario,820210,Servicio de Catastro e Información Territorial,IGN
2013,11004,2013-10-01,Martes,0.0,15:40:00,,0.0,2,"Automóvil,Moto/Ciclomotor",Montevideo Y Matienzo,5,1,0,0,4,0,0,,Calle,,ROSARIO,Rosario,Asfalto,No existe,II,Dentro,Urbana,Ninguna,No existe,Intersección,Bueno,Buena,Diurna,Buen Tiempo,Lateral,S/D,Colisión,S/D,Vertical,Cordón divisorio,Sin restricción,POINT (-60.6944425 -32.9469794),"['Montevideo', 'Matienzo']",2,Montevideo; Benjamín Matienzo,-32.9469794,-60.6944425,55.0,538.0,Municipio Rosario,Municipio,Rosario,820210,Servicio de Catastro e Información Territorial,IGN
2013,11005,2013-10-30,Miercoles,0.0,12:30:00,,0.0,2,"Taxi/Remis,Automóvil",San Juan 2000,3,1,0,0,2,0,0,,Calle,,ROSARIO,Rosario,Asfalto,No existe,II,Dentro,Urbana,Ninguna,No existe,Recta,Bueno,Buena,Diurna,Buen Tiempo,Frontal,S/D,Colisión,S/D,Faltante,Cordón divisorio,Sin restricción,"-32.9494155, -60.6431741",['San Juan 2000'],1,San Juan 2000,-32.9494155,-60.6431741,55.0,538.0,Municipio Rosario,Municipio,Rosario,820210,Servicio de Catastro e Información Territorial,IGN
2013,11006,2013-10-09,Miercoles,0.0,12:00:00,,0.0,2,"Automóvil,Automóvil",Sarmiento 1300,2,1,0,0,1,0,0,,Calle,,ROSARIO,Rosario,Asfalto,No existe,II,Dentro,Urbana,Ninguna,S/D,Recta,Bueno,Buena,Diurna,Buen Tiempo,Frontal,S/D,Colisión,S/D,Faltante,S/D,Sin restricción,"-32.9526617, -60.6397731",['Sarmiento 1300'],1,Sarmiento 1300,-32.9526617,-60.6397731,55.0,538.0,Municipio Rosario,Municipio,Rosario,820210,Servicio de Catastro e Información Territorial,IGN
2013,11007,2013-10-28,Lunes,0.0,07:30:00,,0.0,2,"Moto/Ciclomotor,Peatón",Dean Funes Y Anderson,2,2,0,0,0,0,0,,S/D,,ROSARIO,Rosario,Asfalto,Natural,II,S/D,Urbana,Ninguna,No existe,Intersección,Con baches,Buena,Diurna,Buen Tiempo,S/D,S/D,Atropello,S/D,S/D,S/D,Sin restricción,POINT (-60.72139099999999 -32.96776669999999),"['Deán Gregorio Funes', 'Anderson']",2,Deán Gregorio Funes; Anderson,-32.96776669999999,-60.72139099999999,55.0,538.0,Municipio Rosario,Municipio,Rosario,820210,Servicio de Catastro e Información Territorial,IGN
2013,11009,2013-10-22,Martes,0.0,16:45:00,,0.0,2,"Peatón,Moto/Ciclomotor",Mitre 800,2,1,0,0,1,0,0,,Calle,,ROSARIO,Rosario,Asfalto,No existe,II,Dentro,Urbana,Ninguna,S/D,Recta,Bueno,Buena,Diurna,Buen Tiempo,S/D,S/D,Atropello,S/D,Faltante,S/D,Sin restricción,"-32.9460844, -60.6396264",['Mitre 800'],1,Mitre 800,-32.9460844,-60.6396264,55.0,538.0,Municipio Rosario,Municipio,Rosario,820210,Servicio de Catastro e Información Territorial,IGN
2013,11010,2013-10-22,Martes,0.0,18:30:00,,0.0,2,"Moto/Ciclomotor,Taxi/Remis",3 De Febrero 2100,2,1,0,0,1,0,0,,Calle,,ROSARIO,Rosario,Asfalto,S/D,II,Dentro,Urbana,Ninguna,No existe,Recta,Bueno,Buena,Diurna,Buen Tiempo,Frontal,S/D,Colisión,S/D,Faltante,S/D,Sin restricción,"-32.9503204, -60.6533837",['3 De Febrero 2100'],1,3 De Febrero 2100,-32.9503204,-60.6533837,55.0,538.0,Municipio Rosario,Municipio,Rosario,820210,Servicio de Catastro e Información Territorial,IGN
2013,11011,2013-10-22,Martes,0.0,05:45:00,,0.0,2,"Moto/Ciclomotor,Otros",P.L.FUNES Y LESGARZA,2,1,0,0,1,0,0,,Calle,,ROSARIO,Rosario,Asfalto,No existe,II,Dentro,Urbana,Ninguna,No existe,Intersección,Otro,Reducida,Amanecer,Otro,Lateral,S/D,Colisión,Otro,Faltante,Ninguna,Sin restricción,POINT (-60.7001289 -32.96664870000001),"['Funes', 'Joaquín Lejarza']",2,Deán Gregorio Funes; Joaquín Lejarza,-32.96664870000001,-60.7001289,55.0,538.0,Municipio Rosario,Municipio,Rosario,820210,Servicio de Catastro e Información Territorial,IGN
2013,11012,2013-10-08,Martes,0.0,13:00:00,,0.0,2,"Taxi/Remis,Automóvil",Italia 1300,3,1,0,0,2,0,0,,Calle,,ROSARIO,Rosario,Asfalto,S/D,II,Dentro,Urbana,Ninguna,No existe,Recta,Bueno,Buena,Diurna,Buen Tiempo,Frontal,S/D,Colisión,S/D,Faltante,Ninguna,Sin restricción,"-32.9509559, -60.6494984",['Italia 1300'],1,Italia 1300,-32.9509559,-60.6494984,55.0,538.0,Municipio Rosario,Municipio,Rosario,820210,Servicio de Catastro e Información Territorial,IGN
2013,11014,2013-10-29,Martes,0.0,17:10:00,,0.0,2,"Moto/Ciclomotor,Automóvil",MAGALLANES Y LESGARZA,3,2,0,0,1,0,0,,Calle,,ROSARIO,Rosario,Asfalto,No existe,II,Dentro,Urbana,Ninguna,No existe,Intersección,Otro,Reducida,Diurna,Otro,Lateral,S/D,Colisión,Otro,Faltante,Ninguna,Sin restricción,POINT (-60.70347769999999 -32.966694799999985),"['Magallanes', 'Joaquín Lejarza']",2,Magallanes; Joaquín Lejarza,-32.966694799999985,-60.70347769999999,55.0,538.0,Municipio Rosario,Municipio,Rosario,820210,Servicio de Catastro e Información Territorial,IGN
2013,11015,2013-10-24,Jueves,0.0,07:30:00,,0.0,2,"Moto/Ciclomotor,Camión",Av. Circunvalacion Y Av. Pte.Peron,2,1,0,0,1,0,0,,S/D,,ROSARIO,Rosario,Asfalto,Natural,II,S/D,Urbana,Semáforo,Funciona,Intersección,Con baches,Buena,Diurna,Buen Tiempo,Lateral,S/D,Colisión,S/D,S/D,S/D,Sin restricción,POINT (-60.71697254694366 -32.9707081028425),"['Circunvalacion', 'Avenida Presidente Perón']",2,Avenida de Circunvalación 25 de Mayo; Avenida Presidente Perón,-32.9707081028425,-60.71697254694366,55.0,538.0,Municipio Rosario,Municipio,Rosario,820210,Servicio de Catastro e Información Territorial,IGN