anio_acci,nro_acci,fecha,desc_dia,fecha_aprox,hora_aprox,desc_ruta,km,cant_participantes,desc_participante,calle_avenida_km,total,heridos_leves,heridos_graves,heridos_gravisimos,ilesos,fallecidos,sin_datos,posicion_XY,desc_tipo_via,desc_ruta_ori,desc_loc,desc_dpto,desc_tipo_calzada,desc_tipo_banquina,desc_unidad_regional,desc_lugar_calzada,desc_zona,desc_prioridad,desc_estado_semaforo,desc_lugar_via,desc_estado_via,desc_estado_visibilidad,desc_luminosidad,desc_estado_clima,desc_tipo_colision,desc_tipo_atropello,desc_tipo_hecho,desc_pres_calzada,desc_senializacion,desc_separacion_via,desc_restriccion,forma_geocod,calle_lista,numero_calles,calles_osm,lat,lon,index_right,gid,fna,gna,nam,in1,fdc,sag
2013,11016,2013-10-24,Jueves,0.0,18:30:00,,0.0,2,"Automóvil,Automóvil",Matienzo Y Av. Pte.Peron,2,1,0,0,1,0,0,,Avenida,,ROSARIO,Rosario,Asfalto,Pavimento,II,S/D,Urbana,Semáforo,Funciona,Intersección,Otro,Reducida,Atardecer,Otro,Lateral,S/D,Colisión,Otro,Vertical,Cordón divisorio,Sin restricción,POINT (-60.69394319999999 -32.95915754999999),"['Matienzo', 'Avenida Presidente Perón']",2,Benjamín Matienzo; Avenida Presidente Perón,-32.95915754999999,-60.69394319999999,55.0,538.0,Municipio Rosario,Municipio,Rosario,820210,Servicio de Catastro e Información Territorial,IGN
2013,11018,2013-10-08,Martes,0.0,12:35:00,,0.0,1,Transporte de Pasajeros Urbano (> 8 asientos),San Luis Y Sarmiento,2,1,0,0,1,0,0,,Calle,,ROSARIO,Rosario,Asfalto,S/D,II,Dentro,Urbana,Ninguna,No existe,Intersección,Bueno,Buena,Diurna,Buen Tiempo,S/D,S/D,Caída ocupante,S/D,Faltante,Cordón divisorio,Sin restricción,POINT (-60.6388307 -32.949042999999996),"['San Luis', 'Sarmiento']",2,San Luis; Sarmiento,-32.949043,-60.6388307,55.0,538.0,Municipio Rosario,Municipio,Rosario,820210,Servicio de Catastro e Información Territorial,IGN
2013,11020,2013-10-20,Domingo,0.0,19:00:00,,0.0,2,"Moto/Ciclomotor,Otros",Rivarola Y Benitez,2,1,0,0,1,0,0,,Calle,,ROSARIO,Rosario,Asfalto,Natural,II,S/D,Urbana,Ninguna,No existe,Intersección,Con baches,Buena,Diurna,Buen Tiempo,Lateral,S/D,Colisión,S/D,S/D,S/D,Sin restricción,POINT (-60.72022135 -32.96605805),"['Rivarola', 'Benitez']",2,Avenida Doctor Rivarola; Benitez,-32.96605805,-60.72022135,55.0,538.0,Municipio Rosario,Municipio,Rosario,820210,Servicio de Catastro e Información Territorial,IGN
2013,11021,2013-10-26,Sabado,0.0,10:05:00,,0.0,2,"Pickup/Utilitario,Moto/Ciclomotor",Santa Fe Y Bv. Oroño,2,1,0,0,1,0,0,,Calle,,ROSARIO,Rosario,Asfalto,S/D,II,Dentro,Urbana,Semáforo,No existe,Intersección,Bueno,Buena,Diurna,Buen Tiempo,Lateral,S/D,Colisión,S/D,Vertical,Cordón divisorio,Sin restricción,POINT (-60.65298555 -32.94236794999999),"['Santa Fe', 'Bulevar Nicasio Oroño']",2,Santa Fe; Bulevar Nicasio Oroño,-32.94236794999999,-60.65298555,55.0,538.0,Municipio Rosario,Municipio,Rosario,820210,Servicio de Catastro e Información Territorial,IGN
2013,11061,2013-10-17,Jueves,0.0,06:30:00,,0.0,2,"Moto/Ciclomotor,Moto/Ciclomotor",Amenabar Y Av. Provincias Unidas,2,2,0,0,0,0,0,,Calle,,ROSARIO,Rosario,Asfalto,Pavimento,II,Dentro,Urbana,Ninguna,No existe,Intersección,Con baches,Buena,Diurna,Buen Tiempo,Lateral,S/D,Colisión,S/D,S/D,S/D,Sin restricción,POINT (-60.71163094999999 -32.96397379999999),"['Amenabar', 'Avenida Provincias Unidas']",2,José de Amenábar; Avenida Provincias Unidas,-32.96397379999999,-60.71163094999999,55.0,538.0,Municipio Rosario,Municipio,Rosario,820210,Servicio de Catastro e Información Territorial,IGN
2013,11062,2013-10-15,Martes,0.0,07:00:00,,0.0,2,"Moto/Ciclomotor,Automóvil",Av. Pte.Peron Y Av. Circunvalacion,2,1,0,0,1,0,0,,Calle,,ROSARIO,Rosario,Hormigón,Pavimento,II,Dentro,Urbana,Semáforo,Funciona,Intersección,Resbaladiza,Reducida,Diurna,Lluvia,Lateral,S/D,Colisión,Agua,S/D,S/D,Sin restricción,POINT (-60.71697254694366 -32.970708102842494),"['Avenida Presidente Perón', 'Circunvalacion']",2,Avenida Presidente Perón; Avenida de Circunvalación 25 de Mayo,-32.970708102842494,-60.71697254694366,55.0,538.0,Municipio Rosario,Municipio,Rosario,820210,Servicio de Catastro e Información Territorial,IGN
2013,11064,2013-10-11,Viernes,0.0,12:00:00,,0.0,2,"Automóvil,Automóvil",Rivarola 8000,2,2,0,0,0,0,0,,Calle,,ROSARIO,Rosario,Asfalto,Natural,II,Dentro,Urbana,Ninguna,No existe,Intersección,Con baches,Buena,Diurna,Buen Tiempo,Frontal,S/D,Colisión,S/D,S/D,S/D,Sin restricción,"-32.9920624, -60.6278173",['Rivarola 8000'],1,Rivarola 8000,-32.9920624,-60.6278173,55.0,538.0,Municipio Rosario,Municipio,Rosario,820210,Servicio de Catastro e Información Territorial,IGN
2013,11069,2013-10-25,Viernes,0.0,16:50:00,,0.0,2,"Taxi/Remis,Pickup/Utilitario",3 De Febrero Y Pte.Roca,3,1,0,0,2,0,0,,Calle,,ROSARIO,Rosario,Asfalto,S/D,II,Dentro,Urbana,Ninguna,No existe,Recta,Bueno,Buena,Diurna,Buen Tiempo,Frontal,S/D,Colisión,S/D,Faltante,Cordón divisorio,Sin restricción,POINT (-60.6466869 -32.9515312),"['3 de Febrero', 'Roca']",2,3 de Febrero; Presidente Roca,-32.9515312,-60.6466869,55.0,538.0,Municipio Rosario,Municipio,Rosario,820210,Servicio de Catastro e Información Territorial,IGN
2013,11096,2013-10-03,Jueves,0.0,10:00:00,,0.0,2,"Moto/Ciclomotor,Automóvil",Av. De Las Palmeras 4500,2,1,0,0,1,0,0,,Calle,,ROSARIO,Rosario,Asfalto,Natural,II,Dentro,Urbana,Ninguna,No existe,Recta,Con baches,Buena,Diurna,Buen Tiempo,S/D,S/D,Colisión,S/D,S/D,S/D,Sin restricción,"-32.9561024, -60.7232914",['De Las Palmeras 4500'],1,De Las Palmeras 4500,-32.9561024,-60.7232914,55.0,538.0,Municipio Rosario,Municipio,Rosario,820210,Servicio de Catastro e Información Territorial,IGN
2013,11101,2013-10-21,Lunes,0.0,20:30:00,,0.0,3,"Bicicleta,Bicicleta,Automóvil",Bv. Segui Y ,3,2,0,0,1,0,0,,Calle,,ROSARIO,Rosario,Asfalto,No existe,III,Dentro,Urbana,Ninguna,No existe,Intersección,Otro,Reducida,Nocturna,Otro,Lateral,S/D,Atropello,S/D,Faltante,Ninguna,Sin restricción,"-32.9715813, -60.7338576",['Bulevar Juan Francisco Seguí'],1,Bulevar Juan Francisco Seguí,-32.9715813,-60.7338576,55.0,538.0,Municipio Rosario,Municipio,Rosario,820210,Servicio de Catastro e Información Territorial,IGN
2013,11155,2013-10-01,Martes,0.0,21:00:00,,0.0,2,"Moto/Ciclomotor,Automóvil",Cafferata Y Dean Funes,3,1,0,0,2,0,0,,Calle,,ROSARIO,Rosario,Asfalto,No existe,II,Dentro,Urbana,Ninguna,No existe,Intersección,Deteriorada,Buena,Nocturna,Buen Tiempo,Lateral,S/D,Colisión,S/D,S/D,S/D,Sin restricción,POINT (-60.67833530000001 -32.9697666),"['Cafferata', 'Deán Gregorio Funes']",2,Cafferata; Deán Gregorio Funes,-32.9697666,-60.67833530000001,55.0,538.0,Municipio Rosario,Municipio,Rosario,820210,Servicio de Catastro e Información Territorial,IGN
2013,11160,2013-10-24,Jueves,0.0,15:00:00,,0.0,2,"Moto/Ciclomotor,Peatón",Buenos Aires Y Pasco,2,0,0,1,1,0,0,,Calle,,ROSARIO,Rosario,Asfalto,No existe,II,Dentro,Urbana,S/D,No existe,Intersección,Bueno,Buena,Diurna,Buen Tiempo,S/D,S/D,Atropello,S/D,Vertical,Ninguna,Sin restricción,POINT (-60.63599930000001 -32.960557399999985),"['Buenos Aires', 'Pasco']",2,Buenos Aires; Pasco,-32.960557399999985,-60.63599930000001,55.0,538.0,Municipio Rosario,Municipio,Rosario,820210,Servicio de Catastro e Información Territorial,IGN
2013,11163,2013-10-02,Miercoles,0.0,15:25:00,,0.0,2,"Moto/Ciclomotor,Automóvil",Ombu Y Callao,2,1,0,0,1,0,0,,Calle,,ROSARIO,Rosario,Asfalto,S/D,II,Dentro,Urbana,S/D,S/D,Intersección,Bueno,S/D,Diurna,S/D,S/D,S/D,Colisión,S/D,S/D,S/D,S/D,POINT (-60.6711432 -33.006649),"['Ombú', 'Callao']",2,Ombú; Callao,-33.006649,-60.6711432,55.0,538.0,Municipio Rosario,Municipio,Rosario,820210,Servicio de Catastro e Información Territorial,IGN
2013,11168,2013-10-02,Miercoles,0.0,11:15:00,,0.0,2,"Moto/Ciclomotor,Camión",Av. Ovidio Lagos Y Pte.Quintana,2,2,0,0,0,0,0,,Calle,,ROSARIO,Rosario,Asfalto,No existe,II,Dentro,Urbana,Ninguna,No existe,Intersección,Deteriorada,Buena,Diurna,Buen Tiempo,Lateral,S/D,Colisión,S/D,Faltante,Barrera de hormigón,Sin restricción,POINT (-60.673529259999995 -32.99244282),"['Avenida Ovidio Lagos', 'Quintana']",2,Avenida Ovidio Lagos; Presidente Quintana,-32.99244282,-60.67352926,55.0,538.0,Municipio Rosario,Municipio,Rosario,820210,Servicio de Catastro e Información Territorial,IGN
2013,11172,2013-10-05,Sabado,0.0,15:10:00,,0.0,2,"Moto/Ciclomotor,Otros",Amenabar Y Vera Mujica,3,2,0,0,1,0,0,,Calle,,ROSARIO,Rosario,Asfalto,No existe,II,Dentro,Urbana,Ninguna,No existe,Intersección,Deteriorada,Buena,Atardecer,Buen Tiempo,Lateral,S/D,Colisión,S/D,Faltante,Ninguna,Sin restricción,POINT (-60.67341280000001 -32.967053899999996),"['Amenabar', 'Vera Mujíca']",2,José de Amenábar; Vera Mujíca,-32.9670539,-60.67341280000001,55.0,538.0,Municipio Rosario,Municipio,Rosario,820210,Servicio de Catastro e Información Territorial,IGN
2013,11175,2013-10-07,Lunes,0.0,11:40:00,,0.0,2,"Moto/Ciclomotor,Automóvil",Av. Ovidio Lagos Y Juan Canals,2,1,0,0,1,0,0,,Avenida,,ROSARIO,Rosario,Asfalto,No existe,II,Dentro,Urbana,Ninguna,No existe,Intersección,Deteriorada,Buena,Diurna,Buen Tiempo,Lateral,S/D,Colisión,S/D,Faltante,Ninguna,Sin restricción,POINT (-60.671891249999994 -32.98528485),"['Avenida Ovidio Lagos', 'Juan Canals']",2,Avenida Ovidio Lagos; Juan Canals,-32.98528485,-60.67189125,55.0,538.0,Municipio Rosario,Municipio,Rosario,820210,Servicio de Catastro e Información Territorial,IGN
2013,11177,2013-10-03,Jueves,0.0,08:45:00,,0.0,2,"Moto/Ciclomotor,Pickup/Utilitario",Punta Del Indio Y Viña del Mar,2,0,1,0,1,0,0,,Calle,,ROSARIO,Rosario,Asfalto,Natural,II,Dentro,Urbana,S/D,No existe,Intersección,Deteriorada,Buena,"Amanecer,Con luz artificial",Buen Tiempo,Frontal,S/D,Colisión,S/D,S/D,Ninguna,Sin restricción,POINT (-60.6871954 -33.02909329999999),"['Punta del Indio', 'Viña del Mar']",2,Punta del Indio; Viña del Mar,-33.02909329999999,-60.6871954,55.0,538.0,Municipio Rosario,Municipio,Rosario,820210,Servicio de Catastro e Información Territorial,IGN
2013,11178,2013-10-08,Martes,0.0,18:40:00,,0.0,2,"Moto/Ciclomotor,Pickup/Utilitario",Vera Mujica Y Saavedra,2,1,0,0,1,0,0,,Calle,,ROSARIO,Rosario,Asfalto,No existe,II,Dentro,Urbana,Ninguna,No existe,Intersección,Deteriorada,Buena,Diurna,Buen Tiempo,Lateral,S/D,Colisión,S/D,Faltante,Ninguna,Sin restricción,POINT (-60.67486840000001 -32.972794199999996),"['Vera Mujíca', 'Saavedra']",2,Vera Mujíca; Saavedra,-32.9727942,-60.67486840000001,55.0,538.0,Municipio Rosario,Municipio,Rosario,820210,Servicio de Catastro e Información Territorial,IGN
2013,11183,2013-10-04,Viernes,0.0,06:40:00,,0.0,2,"Moto/Ciclomotor,Moto/Ciclomotor",Av. Circunvalacion Y Av. Ovidio Lagos,2,2,0,0,0,0,0,,Calle,,ROSARIO,Rosario,Asfalto,Natural,II,Dentro,Urbana,Semáforo,Funciona,Recta,Deteriorada,Buena,Amanecer,Buen Tiempo,Lateral,S/D,Colisión,S/D,S/D,Línea divisoria pintada,Sin restricción,POINT (-60.67699098957188 -33.00797177001669),"['Circunvalacion', 'Avenida Ovidio Lagos']",2,Avenida de Circunvalación 25 de Mayo; Avenida Ovidio Lagos,-33.00797177001669,-60.67699098957188,55.0,538.0,Municipio Rosario,Municipio,Rosario,820210,Servicio de Catastro e Información Territorial,IGN
2013,11186,2013-10-22,Martes,0.0,13:30:00,,0.0,2,"Moto/Ciclomotor,Automóvil",Av. Battle y Ordoñez 3200,2,1,0,0,1,0,0,,Calle,,ROSARIO,Rosario,Asfalto,Natural,II,Dentro,Urbana,S/D,S/D,Recta,Bueno,Buena,Diurna,Buen Tiempo,Lateral,S/D,Colisión,S/D,S/D,Línea divisoria pintada,Sin restricción,"-33.0084731, -60.6332815",['Avenida Battle y Ordoñez 3200'],1,Avenida Battle y Ordoñez 3200,-33.0084731,-60.6332815,55.0,538.0,Municipio Rosario,Municipio,Rosario,820210,Servicio de Catastro e Información Territorial,IGN
2013,11187,2013-10-14,Lunes,0.0,06:00:00,,0.0,2,"Moto/Ciclomotor,Automóvil",Camino Nuevo Soldini 3600,2,1,0,0,1,0,0,,Calle,,ROSARIO,Rosario,Asfalto,No existe,II,Dentro,Urbana,S/D,No existe,Recta,Bueno,Buena,Amanecer,Buen Tiempo,Lateral,S/D,Colisión,S/D,S/D,Ninguna,Sin restricción,"-33.0209399, -60.6802345",['Camino Nuevo Soldini 3600'],1,Camino Nuevo Soldini 3600,-33.0209399,-60.6802345,55.0,538.0,Municipio Rosario,Municipio,Rosario,820210,Servicio de Catastro e Información Territorial,IGN
2013,11189,2013-10-08,Martes,0.0,08:30:00,,0.0,2,"Bicicleta,Automóvil",Av. Battle y Ordoñez Y Pte.Roca,2,1,0,0,1,0,0,,Calle,,ROSARIO,Rosario,Asfalto,No existe,II,Dentro,Urbana,Marca Vial,No existe,Intersección,Bueno,Buena,Diurna,Buen Tiempo,S/D,S/D,Atropello,S/D,Horizontal,Cordón divisorio,Sin restricción,POINT (-60.65589215 -33.0090795),"['Avenida Battle y Ordoñez', 'Roca']",2,Avenida Battle y Ordoñez; Presidente Roca,-33.0090795,-60.65589215,55.0,538.0,Municipio Rosario,Municipio,Rosario,820210,Servicio de Catastro e Información Territorial,IGN
2013,11190,2013-10-06,Domingo,0.0,19:40:00,,0.0,2,"Moto/Ciclomotor,Automóvil",Av. Francia Y Av. Arijon,3,2,0,0,1,0,0,,Avenida,,ROSARIO,Rosario,Asfalto,Natural,II,Dentro,Urbana,S/D,No existe,Recta,Deteriorada,Buena,Nocturna,Buen Tiempo,Lateral,S/D,Colisión,S/D,S/D,Línea divisoria pintada,Sin restricción,POINT (-60.6776235 -33.00390229999999),"['Avenida Francia', 'Avenida Manuel Arijón']",2,Avenida Francia; Avenida Manuel Arijón,-33.00390229999999,-60.6776235,55.0,538.0,Municipio Rosario,Municipio,Rosario,820210,Servicio de Catastro e Información Territorial,IGN
2013,11193,2013-10-01,Martes,0.0,11:50:00,,0.0,2,"Moto/Ciclomotor,Automóvil",Hilarion de la Quintana Y Av. Ovidio Lagos,3,1,0,0,2,0,0,,Calle,,ROSARIO,Rosario,S/D,Natural,II,Dentro,Urbana,S/D,S/D,Recta,Bueno,Buena,S/D,Buen Tiempo,Lateral,S/D,Colisión,S/D,S/D,Ninguna,Sin restricción,POINT (-60.67572463333334 -33.00178723333334),"['Hilarión de la Quintana', 'Avenida Ovidio Lagos']",2,Hilarión de la Quintana; Avenida Ovidio Lagos,-33.00178723333334,-60.67572463333334,55.0,538.0,Municipio Rosario,Municipio,Rosario,820210,Servicio de Catastro e Información Territorial,IGN
2013,11196,2013-10-25,Viernes,0.0,23:30:00,,0.0,2,"Bicicleta,Automóvil",Av. Battle y Ordoñez Y Av. Corrientes,2,1,0,0,1,0,0,,Avenida,,ROSARIO,Rosario,Asfalto,No existe,II,Dentro,Urbana,Marca Vial,No existe,Intersección,Bueno,Buena,"Nocturna,Con luz artificial",Buen Tiempo,S/D,S/D,Atropello,S/D,Horizontal,Cordón divisorio,Sin restricción,POINT (-60.6529791 -33.00898595),"['Avenida Battle y Ordoñez', 'Corrientes']",2,Avenida Battle y Ordoñez; Corrientes,-33.00898595,-60.6529791,55.0,538.0,Municipio Rosario,Municipio,Rosario,820210,Servicio de Catastro e Información Territorial,IGN
2013,11197,2013-10-13,Domingo,0.0,16:50:00,,0.0,2,"Moto/Ciclomotor,Automóvil",Av. Battle y Ordoñez Y Arteaga,3,1,0,0,2,0,0,,Avenida,,ROSARIO,Rosario,Asfalto,No existe,II,Dentro,Urbana,Marca Vial,No existe,Intersección,Bueno,Buena,Diurna,Buen Tiempo,De alcance,S/D,Colisión,S/D,Horizontal,Cordón divisorio,Sin restricción,POINT (-60.643511800000006 -33.008776600000004),"['Avenida Battle y Ordoñez', 'Arteaga']",2,Avenida Battle y Ordoñez; Alfredo de Arteaga,-33.008776600000004,-60.643511800000006,55.0,538.0,Municipio Rosario,Municipio,Rosario,820210,Servicio de Catastro e Información Territorial,IGN
2013,11198,2013-10-09,Miercoles,0.0,20:00:00,,0.0,2,"Moto/Ciclomotor,Automóvil",Bv. Avellaneda Y Ombu,3,2,0,0,1,0,0,,Calle,,ROSARIO,Rosario,Asfalto,Natural,II,Dentro,Urbana,S/D,No existe,Recta,Bueno,Buena,Nocturna,Buen Tiempo,Lateral,S/D,Colisión,S/D,S/D,Barrera de hormigón,Sin restricción,POINT (-60.68941730000001 -33.007168199999995),"['Avellaneda', 'Ombú']",2,Bulevar Nicolás Avellaneda; Ombú,-33.007168199999995,-60.68941730000001,55.0,538.0,Municipio Rosario,Municipio,Rosario,820210,Servicio de Catastro e Información Territorial,IGN
2013,11199,2013-10-16,Miercoles,0.0,10:00:00,,0.0,2,"Moto/Ciclomotor,Camión",San Martin 6200,2,1,0,0,1,0,0,,Calle,,ROSARIO,Rosario,Asfalto,No existe,II,Dentro,Urbana,Marca Vial,No existe,Recta,Bueno,Buena,Diurna,Buen Tiempo,Lateral,S/D,Colisión,Material Suelto,Horizontal,Cordón divisorio,Sin restricción,"-32.9764777, -60.6372639",['San Martin 6200'],1,San Martin 6200,-32.9764777,-60.6372639,55.0,538.0,Municipio Rosario,Municipio,Rosario,820210,Servicio de Catastro e Información Territorial,IGN
2013,11202,2013-10-27,Domingo,0.0,00:10:00,,0.0,2,"Moto/Ciclomotor,Moto/Ciclomotor",Av. Battle y Ordoñez Y Melincue,4,4,0,0,0,0,0,,Avenida,,ROSARIO,Rosario,Asfalto,No existe,II,Dentro,Urbana,Marca Vial,No existe,Intersección,Bueno,Buena,"Nocturna,Con luz artificial",Buen Tiempo,Lateral,S/D,Colisión,Otro,Horizontal,Cordón divisorio,Sin restricción,POINT (-60.647600700000005 -33.00889619999998),"['Avenida Battle y Ordoñez', 'Melincué']",2,Avenida Battle y Ordoñez; Melincué,-33.00889619999998,-60.647600700000005,55.0,538.0,Municipio Rosario,Municipio,Rosario,820210,Servicio de Catastro e Información Territorial,IGN
2013,11203,2013-10-21,Lunes,0.0,17:30:00,,0.0,2,"Automóvil,Automóvil",Patricios Y Buenos Aires,2,1,0,0,1,0,0,,Calle,,ROSARIO,Rosario,Asfalto,No existe,II,Dentro,Urbana,Marca Vial,No existe,Intersección,Bueno,Buena,Diurna,Buen Tiempo,Lateral,S/D,Colisión,S/D,Horizontal,Cordón divisorio,Sin restricción,POINT (-60.6446116 -33.0108415),"['Patricios', 'Buenos Aires']",2,Patricios; Buenos Aires,-33.0108415,-60.6446116,55.0,538.0,Municipio Rosario,Municipio,Rosario,820210,Servicio de Catastro e Información Territorial,IGN
2013,11204,2013-10-20,Domingo,0.0,,,0.0,2,"Moto/Ciclomotor,Automóvil",Av. Ovidio Lagos 7300,2,1,0,0,1,0,0,,Avenida,,ROSARIO,Rosario,S/D,S/D,II,Dentro,Urbana,S/D,S/D,S/D,S/D,S/D,S/D,S/D,S/D,S/D,S/D,S/D,S/D,S/D,S/D,"-32.9700442, -60.668095",['Ovidio Lagos 7300'],1,Ovidio Lagos 7300,-32.9700442,-60.668095,55.0,538.0,Municipio Rosario,Municipio,Rosario,820210,Servicio de Catastro e Información Territorial,IGN
2013,11205,2013-10-07,Lunes,0.0,00:30:00,,0.0,2,"Moto/Ciclomotor,Automóvil",Balcarce Y Av. Battle y Ordoñez,2,1,0,0,1,0,0,,Calle,,ROSARIO,Rosario,Asfalto,S/D,II,Dentro,Urbana,S/D,S/D,Intersección,S/D,S/D,Nocturna,S/D,S/D,S/D,Colisión,S/D,S/D,S/D,S/D,POINT (-60.66308240000001 -33.009310600000006),"['Balcarce', 'Avenida Battle y Ordoñez']",2,Balcarce; Avenida Battle y Ordoñez,-33.009310600000006,-60.66308240000001,55.0,538.0,Municipio Rosario,Municipio,Rosario,820210,Servicio de Catastro e Información Territorial,IGN
2013,11206,2013-10-11,Viernes,0.0,14:20:00,,0.0,2,"Moto/Ciclomotor,Otros",Av. Ovidio Lagos Y Hilarion de la Quintana,3,1,0,0,2,0,0,,Calle,,ROSARIO,Rosario,S/D,Pavimento,II,Dentro,Urbana,Señal Pare,No existe,Recta,S/D,Buena,Diurna,Buen Tiempo,Lateral,S/D,Colisión,S/D,S/D,Cordón divisorio,Sin restricción,POINT (-60.675724633333324 -33.00178723333334),"['Avenida Ovidio Lagos', 'Hilarión de la Quintana']",2,Avenida Ovidio Lagos; Hilarión de la Quintana,-33.00178723333334,-60.67572463333333,55.0,538.0,Municipio Rosario,Municipio,Rosario,820210,Servicio de Catastro e Información Territorial,IGN
2013,11208,2013-10-24,Jueves,0.0,,,0.0,1,Moto/Ciclomotor,Av. Circunvalacion Y Av. Jorge Newbery,2,2,0,0,0,0,0,,Calle,,ROSARIO,Rosario,Asfalto,No existe,II,Dentro,Urbana,S/D,S/D,Recta,S/D,S/D,S/D,S/D,S/D,S/D,Despeñamiento,S/D,S/D,S/D,S/D,POINT (-60.72420769617581 -32.90836527388017),"['Circunvalacion', 'Jorge Newbery']",2,Avenida de Circunvalación 25 de Mayo; Avenida Jorge Newbery,-32.90836527388017,-60.72420769617581,55.0,538.0,Municipio Rosario,Municipio,Rosario,820210,Servicio de Catastro e Información Territorial,IGN
2013,11211,2013-10-21,Lunes,0.0,19:20:00,,0.0,2,"Automóvil,Automóvil",Sanchez de Bustamante Y Vera Mujica,3,1,0,0,2,0,0,,Calle,,ROSARIO,Rosario,Asfalto,Natural,II,Dentro,Urbana,S/D,S/D,Recta,Bueno,Buena,Nocturna,Buen Tiempo,Lateral,S/D,Colisión,S/D,S/D,Línea divisoria pintada,Sin restricción,POINT (-60.679102500000006 -33.0028733),"['Sánchez de Bustamante', 'Vera Mujíca']",2,Sánchez de Bustamante; Vera Mujíca,-33.0028733,-60.679102500000006,55.0,538.0,Municipio Rosario,Municipio,Rosario,820210,Servicio de Catastro e Información Territorial,IGN
2013,11213,2013-10-17,Jueves,0.0,12:40:00,,0.0,2,"Automóvil,Automóvil",Italia Y Pasco,2,1,0,0,1,0,0,,Calle,,ROSARIO,Rosario,Asfalto,S/D,II,Dentro,Urbana,S/D,S/D,Intersección,Bueno,Buena,Diurna,Buen Tiempo,De alcance,S/D,Colisión,S/D,S/D,S/D,S/D,POINT (-60.6511878 -32.9578258),"['Italia', 'Pasco']",2,Italia; Pasco,-32.9578258,-60.6511878,55.0,538.0,Municipio Rosario,Municipio,Rosario,820210,Servicio de Catastro e Información Territorial,IGN
2013,11214,2013-10-29,Martes,0.0,09:00:00,,0.0,2,"Automóvil,Moto/Ciclomotor",Mendoza Y Sucre,2,1,0,0,1,0,0,,Calle,,ROSARIO,Rosario,Asfalto,S/D,II,Dentro,Urbana,S/D,S/D,Intersección,S/D,S/D,Diurna,S/D,S/D,S/D,Colisión,S/D,S/D,Cordón divisorio,S/D,POINT (-60.6913145 -32.94228029999999),"['Mendoza', 'Sucre']",2,Mendoza; Sucre,-32.94228029999999,-60.6913145,55.0,538.0,Municipio Rosario,Municipio,Rosario,820210,Servicio de Catastro e Información Territorial,IGN
2013,11217,2013-10-04,Viernes,0.0,07:00:00,,0.0,2,"Moto/Ciclomotor,Automóvil",Balcarce Y Piedras,3,2,0,0,1,0,0,,Calle,,ROSARIO,Rosario,Asfalto,S/D,II,Dentro,Urbana,S/D,S/D,Intersección,Bueno,Buena,Amanecer,Buen Tiempo,S/D,S/D,Colisión,S/D,S/D,S/D,S/D,POINT (-60.66316470000001 -33.0073764),"['Balcarce', 'Piedras']",2,Balcarce; Piedras,-33.0073764,-60.66316470000001,55.0,538.0,Municipio Rosario,Municipio,Rosario,820210,Servicio de Catastro e Información Territorial,IGN
2013,11218,2013-10-17,Jueves,0.0,19:00:00,,0.0,3,"Automóvil,Automóvil,Automóvil",Pasco 1000,4,2,0,0,2,0,0,,Calle,,ROSARIO,Rosario,Asfalto,S/D,II,Dentro,Urbana,S/D,S/D,Recta,Bueno,Buena,Atardecer,Buen Tiempo,De alcance,S/D,Colisión,S/D,S/D,S/D,S/D,"-32.9597847, -60.6398307",['Pasco 1000'],1,Pasco 1000,-32.9597847,-60.6398307,55.0,538.0,Municipio Rosario,Municipio,Rosario,820210,Servicio de Catastro e Información Territorial,IGN
2013,11219,2013-10-28,Lunes,0.0,17:30:00,,0.0,2,"Moto/Ciclomotor,Moto/Ciclomotor",San Martin Y Ceibo,2,2,0,0,0,0,0,,Avenida,,ROSARIO,Rosario,Asfalto,No existe,II,Dentro,Urbana,Marca Vial,No existe,Intersección,Bueno,Buena,Diurna,Buen Tiempo,Lateral,S/D,Colisión,Otro,Horizontal,Cordón divisorio,Sin restricción,POINT (-60.69701646666667 -32.983419133333335),"['San Martin', 'Ceibo']",2,José de San Martín; El Ceibo,-32.983419133333335,-60.69701646666667,55.0,538.0,Municipio Rosario,Municipio,Rosario,820210,Servicio de Catastro e Información Territorial,IGN
2013,11220,2013-10-03,Jueves,0.0,23:00:00,,0.0,2,"Moto/Ciclomotor,Automóvil",Balcarce Y Av. Battle y Ordoñez,2,1,0,0,1,0,0,,Calle,,ROSARIO,Rosario,Asfalto,No existe,II,Dentro,Urbana,S/D,S/D,Intersección,Bueno,Buena,Nocturna,S/D,S/D,S/D,Colisión,S/D,S/D,S/D,S/D,POINT (-60.66308240000001 -33.009310600000006),"['Balcarce', 'Avenida Battle y Ordoñez']",2,Balcarce; Avenida Battle y Ordoñez,-33.009310600000006,-60.66308240000001,55.0,538.0,Municipio Rosario,Municipio,Rosario,820210,Servicio de Catastro e Información Territorial,IGN