anio_acci,nro_acci,fecha,desc_dia,fecha_aprox,hora_aprox,desc_ruta,km,cant_participantes,desc_participante,calle_avenida_km,total,heridos_leves,heridos_graves,heridos_gravisimos,ilesos,fallecidos,sin_datos,posicion_XY,desc_tipo_via,desc_ruta_ori,desc_loc,desc_dpto,desc_tipo_calzada,desc_tipo_banquina,desc_unidad_regional,desc_lugar_calzada,desc_zona,desc_prioridad,desc_estado_semaforo,desc_lugar_via,desc_estado_via,desc_estado_visibilidad,desc_luminosidad,desc_estado_clima,desc_tipo_colision,desc_tipo_atropello,desc_tipo_hecho,desc_pres_calzada,desc_senializacion,desc_separacion_via,desc_restriccion,forma_geocod,calle_lista,numero_calles,calles_osm,lat,lon,index_right,gid,fna,gna,nam,in1,fdc,sag
2013,11337,2013-10-11,Viernes,0.0,07:50:00,,0.0,1,Moto/Ciclomotor,Santiago Y Brown,1,1,0,0,0,0,0,,S/D,,ROSARIO,Rosario,Asfalto,Pavimento,II,Dentro,Urbana,S/D,S/D,Recta,Bueno,Buena,Diurna,Buen Tiempo,S/D,S/D,Vuelco,S/D,S/D,Ninguna,S/D,POINT (-60.653646800000004 -32.9339372),"['Santiago', 'Brown']",2,Santiago; Almirante Brown,-32.9339372,-60.6536468,55.0,538.0,Municipio Rosario,Municipio,Rosario,820210,Servicio de Catastro e Información Territorial,IGN
2013,11338,2013-10-11,Viernes,0.0,13:30:00,,0.0,2,"Camión,Peatón",Bv. Avellaneda ,2,1,0,0,1,0,0,,Calle,,ROSARIO,Rosario,Asfalto,Pavimento,II,S/D,Urbana,Ninguna,No existe,Recta,Bueno,Buena,Diurna,Buen Tiempo,S/D,S/D,Atropello,Otro,Faltante,Ninguna,Sin restricción,"-32.9200121, -60.6742638",['Avellaneda'],1,Avellaneda,-32.9200121,-60.6742638,55.0,538.0,Municipio Rosario,Municipio,Rosario,820210,Servicio de Catastro e Información Territorial,IGN
2013,11339,2013-10-15,Martes,0.0,17:00:00,,0.0,2,"Automóvil,Transporte de Pasajeros Urbano (> 8 asientos)",Esmeralda Y Cerrito,3,2,0,0,1,0,0,,Calle,,ROSARIO,Rosario,S/D,S/D,II,S/D,Urbana,Ninguna,S/D,Intersección,S/D,S/D,Diurna,S/D,S/D,S/D,Otro,S/D,S/D,S/D,S/D,POINT (-60.62529899999999 -32.9648721),"['Esmeralda', 'Cerrito']",2,Esmeralda; Cerrito,-32.9648721,-60.62529899999999,55.0,538.0,Municipio Rosario,Municipio,Rosario,820210,Servicio de Catastro e Información Territorial,IGN
2013,11341,2013-10-03,Jueves,0.0,16:00:00,,0.0,2,"Moto/Ciclomotor,Moto/Ciclomotor",Maipu Y Saavedra,3,2,0,0,1,0,0,,Calle,,ROSARIO,Rosario,Asfalto,No existe,II,Dentro,Urbana,Marca Vial,No existe,Intersección,Bueno,Buena,Atardecer,Buen Tiempo,Lateral,S/D,Colisión,S/D,Vertical,Ninguna,Sin restricción,POINT (-60.6433538 -32.97843379999999),"['Maipú', 'Saavedra']",2,Maipú; Saavedra,-32.97843379999999,-60.6433538,55.0,538.0,Municipio Rosario,Municipio,Rosario,820210,Servicio de Catastro e Información Territorial,IGN
2013,11342,2013-10-13,Domingo,0.0,21:40:00,,0.0,2,"Automóvil,Moto/Ciclomotor",Cordoba Y Av. Ovidio Lagos,3,2,0,0,1,0,0,,Calle,,ROSARIO,Rosario,Asfalto,S/D,II,S/D,Urbana,S/D,S/D,Intersección,S/D,S/D,Nocturna,S/D,S/D,S/D,Colisión,S/D,S/D,Cordón divisorio,S/D,POINT (-60.6614607 -32.9422773),"['Córdoba', 'Avenida Ovidio Lagos']",2,Córdoba; Avenida Ovidio Lagos,-32.9422773,-60.6614607,55.0,538.0,Municipio Rosario,Municipio,Rosario,820210,Servicio de Catastro e Información Territorial,IGN
2013,11343,2013-10-31,Jueves,0.0,06:40:00,,0.0,2,"Bicicleta,Taxi/Remis",Bv. 27 De Febrero Y Pueyrredon,2,1,0,0,1,0,0,,Calle,,ROSARIO,Rosario,Asfalto,S/D,II,Dentro,Urbana,S/D,S/D,Recta,Bueno,Buena,Diurna,Buen Tiempo,S/D,S/D,Atropello,S/D,S/D,Cordón divisorio,S/D,POINT (-60.6627028 -32.964221200000004),"['27 de Febrero', 'Pueyrredón']",2,Bulevar 27 de Febrero; Pueyrredón,-32.964221200000004,-60.6627028,55.0,538.0,Municipio Rosario,Municipio,Rosario,820210,Servicio de Catastro e Información Territorial,IGN
2013,11344,2013-10-17,Jueves,0.0,10:25:00,,0.0,2,"Automóvil,Ambulancia",Buenos Aires Y Riobamba,2,1,0,0,1,0,0,,Calle,,ROSARIO,Rosario,Asfalto,No existe,II,Dentro,Urbana,Ninguna,No existe,Intersección,Bueno,Buena,Diurna,Buen Tiempo,Lateral,S/D,Colisión,S/D,Faltante,Ninguna,Sin restricción,POINT (-60.6368644 -32.963997699999986),"['Buenos Aires', 'Riobamba']",2,Buenos Aires; Riobamba,-32.963997699999986,-60.6368644,55.0,538.0,Municipio Rosario,Municipio,Rosario,820210,Servicio de Catastro e Información Territorial,IGN
2013,11345,2013-10-03,Jueves,0.0,10:00:00,,0.0,2,"Moto/Ciclomotor,Automóvil",Dean Funes Y Maipu,3,2,0,0,1,0,0,,Calle,,ROSARIO,Rosario,Asfalto,No existe,II,Dentro,Urbana,Marca Vial,No existe,Intersección,Bueno,Buena,Diurna,Buen Tiempo,Lateral,S/D,Colisión,S/D,Vertical,Línea divisoria pintada,Sin restricción,POINT (-60.6427558 -32.97615029999999),"['Deán Gregorio Funes', 'Maipú']",2,Deán Gregorio Funes; Maipú,-32.97615029999999,-60.6427558,55.0,538.0,Municipio Rosario,Municipio,Rosario,820210,Servicio de Catastro e Información Territorial,IGN
2013,11346,2013-10-16,Miercoles,0.0,15:30:00,,0.0,2,"Taxi/Remis,Automóvil",Santiago Y Brown,2,1,0,0,1,0,0,,Calle,,ROSARIO,Rosario,Asfalto,S/D,II,Dentro,Urbana,Señal Pare,S/D,Intersección,Bueno,S/D,Diurna,Buen Tiempo,Lateral,S/D,Colisión,S/D,Horizontal,S/D,S/D,POINT (-60.653646800000004 -32.9339372),"['Santiago', 'Brown']",2,Santiago; Almirante Brown,-32.9339372,-60.6536468,55.0,538.0,Municipio Rosario,Municipio,Rosario,820210,Servicio de Catastro e Información Territorial,IGN
2013,11347,2013-10-29,Martes,0.0,16:40:00,,0.0,2,"Automóvil,Camión",Cerrito Y 1 de Mayo,3,2,0,0,1,0,0,,Calle,,ROSARIO,Rosario,Asfalto,No existe,II,S/D,Urbana,Ninguna,No existe,Intersección,Bueno,Buena,Diurna,Buen Tiempo,Lateral,S/D,Colisión,S/D,Faltante,Ninguna,S/D,POINT (-60.6335613 -32.9633903),"['Cerrito', 'Primero de Mayo']",2,Cerrito; Primero de Mayo,-32.9633903,-60.6335613,55.0,538.0,Municipio Rosario,Municipio,Rosario,820210,Servicio de Catastro e Información Territorial,IGN
2013,11348,2013-10-18,Viernes,0.0,11:40:00,,0.0,2,"Automóvil,Moto/Ciclomotor",Buenos Aires Y Cerrito,3,2,0,0,1,0,0,,Calle,,ROSARIO,Rosario,Asfalto,No existe,II,Dentro,Urbana,Ninguna,No existe,Intersección,Bueno,Buena,Diurna,Buen Tiempo,Lateral,S/D,Colisión,S/D,Faltante,Ninguna,Sin restricción,POINT (-60.6365729 -32.962838700000006),"['Buenos Aires', 'Cerrito']",2,Buenos Aires; Cerrito,-32.962838700000006,-60.6365729,55.0,538.0,Municipio Rosario,Municipio,Rosario,820210,Servicio de Catastro e Información Territorial,IGN
2013,11349,2013-10-17,Jueves,0.0,11:00:00,,0.0,2,"Automóvil,Automóvil",Av. Ovidio Lagos Y Urquiza,2,1,0,0,1,0,0,,Calle,,ROSARIO,Rosario,Asfalto,No existe,II,Dentro,Urbana,Semáforo,Funciona,Recta,S/D,Buena,Diurna,Buen Tiempo,Otro,S/D,Colisión,Otro,Horizontal,Ninguna,Sin restricción,POINT (-60.660585299999994 -32.938803599999986),"['Avenida Ovidio Lagos', 'Urquiza']",2,Avenida Ovidio Lagos; Justo José de Urquiza,-32.938803599999986,-60.6605853,55.0,538.0,Municipio Rosario,Municipio,Rosario,820210,Servicio de Catastro e Información Territorial,IGN
2013,11350,2013-10-11,Viernes,0.0,19:00:00,,0.0,2,"Taxi/Remis,Automóvil",San Nicolas Y Urquiza,4,3,0,0,1,0,0,,Calle,,ROSARIO,Rosario,Asfalto,S/D,II,Dentro,Urbana,Señal Pare,No existe,Recta,Bueno,S/D,Atardecer,Buen Tiempo,Lateral,S/D,Colisión,S/D,Horizontal,S/D,S/D,POINT (-60.6714596 -32.93685429999999),"['San Nicolás', 'Urquiza']",2,San Nicolás; Justo José de Urquiza,-32.93685429999999,-60.6714596,55.0,538.0,Municipio Rosario,Municipio,Rosario,820210,Servicio de Catastro e Información Territorial,IGN
2013,11351,2013-10-30,Miercoles,0.0,18:00:00,,0.0,2,"Bicicleta,Automóvil",Riobamba Y Chacabuco,2,1,0,0,1,0,0,,Calle,,ROSARIO,Rosario,Asfalto,No existe,II,S/D,Urbana,Otra Señal,No existe,Intersección,Bueno,Buena,Atardecer,Buen Tiempo,S/D,S/D,Atropello,S/D,S/D,Ninguna,Sin restricción,POINT (-60.626951500000004 -32.96576069999999),"['Riobamba', 'Chacabuco']",2,Riobamba; Chacabuco,-32.96576069999999,-60.6269515,55.0,538.0,Municipio Rosario,Municipio,Rosario,820210,Servicio de Catastro e Información Territorial,IGN
2013,11352,2013-10-21,Lunes,0.0,,,0.0,2,"Automóvil,Moto/Ciclomotor",Virasoro Y Pueyrredon,2,1,0,0,1,0,0,,Calle,,ROSARIO,Rosario,Asfalto,S/D,II,Dentro,Urbana,S/D,S/D,Intersección,Bueno,Buena,S/D,Buen Tiempo,De alcance,S/D,Colisión,S/D,S/D,S/D,S/D,POINT (-60.66328310000001 -32.96647199999999),"['Virasoro', 'Pueyrredón']",2,Benjamín Virasoro; Pueyrredón,-32.96647199999999,-60.66328310000001,55.0,538.0,Municipio Rosario,Municipio,Rosario,820210,Servicio de Catastro e Información Territorial,IGN
2013,11353,2013-10-18,Viernes,0.0,16:30:00,,0.0,2,"Moto/Ciclomotor,Automóvil",Salta Y Vera Mujica,3,2,0,0,1,0,0,,Calle,,ROSARIO,Rosario,Asfalto,S/D,II,Dentro,Urbana,S/D,No existe,Recta,Bueno,Buena,Diurna,Buen Tiempo,Lateral,S/D,Colisión,S/D,Horizontal,S/D,S/D,POINT (-60.66513909999999 -32.934323199999994),"['Salta', 'Vera Mujíca']",2,Salta; Vera Mujíca,-32.934323199999994,-60.66513909999999,55.0,538.0,Municipio Rosario,Municipio,Rosario,820210,Servicio de Catastro e Información Territorial,IGN
2013,11354,2013-10-29,Martes,0.0,17:00:00,,0.0,2,"Bicicleta,Transporte de Pasajeros Urbano (> 8 asientos)",Necochea Y Pte.Quintana,2,1,0,0,1,0,0,,Calle,,ROSARIO,Rosario,Asfalto,No existe,II,Dentro,Urbana,Marca Vial,No existe,Intersección,Bueno,Buena,Atardecer,Buen Tiempo,S/D,S/D,Atropello,S/D,Vertical,Línea divisoria pintada,Sin restricción,POINT (-60.6332612 -32.9850252),"['Necochea', 'Quintana']",2,Necochea; Presidente Quintana,-32.9850252,-60.6332612,55.0,538.0,Municipio Rosario,Municipio,Rosario,820210,Servicio de Catastro e Información Territorial,IGN
2013,11355,2013-10-12,Sabado,0.0,07:05:00,,0.0,2,"Automóvil,Automóvil",Urquiza Y Rodriguez,3,1,0,0,2,0,0,,Calle,,ROSARIO,Rosario,Hormigón,No existe,II,S/D,Urbana,Ninguna,No existe,Recta,Bueno,Buena,Diurna,Buen Tiempo,Otro,S/D,Colisión,Otro,Faltante,Ninguna,Sin restricción,POINT (-60.65783139999999 -32.939287699999994),"['Urquiza', 'Rodríguez']",2,Justo José de Urquiza; Rodríguez de Escobedo,-32.939287699999994,-60.65783139999999,55.0,538.0,Municipio Rosario,Municipio,Rosario,820210,Servicio de Catastro e Información Territorial,IGN
2013,11356,2013-10-13,Domingo,0.0,10:00:00,,0.0,2,"Bicicleta,Automóvil",3 De Febrero 2718,2,1,0,0,1,0,0,,Calle,,ROSARIO,Rosario,Asfalto,S/D,II,S/D,Urbana,S/D,S/D,Recta,S/D,S/D,S/D,S/D,S/D,S/D,Atropello,S/D,S/D,Cordón divisorio,S/D,"-32.94876750408164, -60.662050679591836",['3 De Febrero 2718'],1,3 De Febrero 2718,-32.94876750408164,-60.66205067959184,55.0,538.0,Municipio Rosario,Municipio,Rosario,820210,Servicio de Catastro e Información Territorial,IGN
2013,11357,2013-10-29,Martes,0.0,20:30:00,,0.0,2,"Automóvil,Automóvil",Pte.Roca Y Cochabamba,2,1,0,0,1,0,0,,Calle,,ROSARIO,Rosario,Asfalto,S/D,II,Dentro,Urbana,S/D,S/D,Intersección,Bueno,Buena,"Nocturna,Con luz artificial",Buen Tiempo,Lateral,S/D,Colisión,S/D,S/D,S/D,S/D,POINT (-60.6481136 -32.957187099999985),"['Roca', 'Cochabamba']",2,Presidente Roca; Cochabamba,-32.957187099999985,-60.6481136,55.0,538.0,Municipio Rosario,Municipio,Rosario,820210,Servicio de Catastro e Información Territorial,IGN
2013,11358,2013-10-28,Lunes,0.0,,,0.0,2,"Moto/Ciclomotor,Automóvil",Bv. 27 De Febrero Y Chacabuco,2,1,0,0,1,0,0,,Avenida,,ROSARIO,Rosario,Asfalto,No existe,II,S/D,Urbana,Ninguna,No existe,Intersección,Bueno,S/D,Diurna,Buen Tiempo,Lateral,S/D,Colisión,S/D,Faltante,S/D,Sin restricción,POINT (-60.6281393 -32.97034194999999),"['27 de Febrero', 'Chacabuco']",2,Bulevar 27 de Febrero; Chacabuco,-32.97034194999999,-60.6281393,55.0,538.0,Municipio Rosario,Municipio,Rosario,820210,Servicio de Catastro e Información Territorial,IGN
2013,11359,2013-10-21,Lunes,0.0,19:40:00,,0.0,2,"Moto/Ciclomotor,Automóvil",San Martin Y Cochabamba,2,1,0,0,1,0,0,,Calle,,ROSARIO,Rosario,Asfalto,S/D,II,Dentro,Urbana,S/D,S/D,Intersección,Bueno,Buena,Atardecer,Buen Tiempo,De alcance,S/D,Colisión,S/D,S/D,S/D,S/D,POINT (-60.63972470000001 -32.9587),"['San Martin', 'Cochabamba']",2,José de San Martín; Cochabamba,-32.9587,-60.63972470000001,55.0,538.0,Municipio Rosario,Municipio,Rosario,820210,Servicio de Catastro e Información Territorial,IGN
2013,11360,2013-10-22,Martes,0.0,,,0.0,2,"Moto/Ciclomotor,Pickup/Utilitario",Av. Irigoyen Y Darragueira,2,0,1,0,1,0,0,,Calle,,ROSARIO,Rosario,Asfalto,Pavimento,II,Dentro,Urbana,Ninguna,No existe,Recta,Bueno,Buena,S/D,Buen Tiempo,De alcance,S/D,Colisión,S/D,Faltante,S/D,Sin restricción,POINT (-60.6970208 -32.88451679999999),"['Avenida Hipólito Irigoyen', 'José Darragueira']",2,Avenida Hipólito Irigoyen; José Darragueira,-32.88451679999999,-60.6970208,55.0,538.0,Municipio Rosario,Municipio,Rosario,820210,Servicio de Catastro e Información Territorial,IGN
2013,11361,2013-10-12,Sabado,0.0,,,0.0,2,"Taxi/Remis,Moto/Ciclomotor",Cordoba Y Rodriguez,3,1,0,0,2,0,0,,Calle,,ROSARIO,Rosario,Asfalto,S/D,II,S/D,Urbana,S/D,S/D,Intersección,S/D,S/D,S/D,S/D,S/D,S/D,Colisión,S/D,S/D,Cordón divisorio,S/D,POINT (-60.673013 -32.94018309999999),"['Córdoba', 'Rodríguez']",2,"('Córdoba', 'Rodríguez de Escobedo')",-32.94018309999999,-60.673013,55.0,538.0,Municipio Rosario,Municipio,Rosario,820210,Servicio de Catastro e Información Territorial,IGN
2013,11362,2013-10-18,Viernes,0.0,20:00:00,,0.0,2,"Moto/Ciclomotor,Automóvil",Tucuman Y San Nicolas,2,1,0,0,1,0,0,,Calle,,ROSARIO,Rosario,Asfalto,No existe,II,Dentro,Urbana,Ninguna,No existe,Recta,Bueno,Buena,Nocturna,Buen Tiempo,Otro,S/D,Colisión,S/D,Faltante,Ninguna,Sin restricción,POINT (-60.6711576 -32.93566819999999),"['Tucumán', 'San Nicolás']",2,Tucumán; San Nicolás,-32.93566819999999,-60.6711576,55.0,538.0,Municipio Rosario,Municipio,Rosario,820210,Servicio de Catastro e Información Territorial,IGN
2013,11363,2013-10-07,Lunes,0.0,04:30:00,,0.0,2,"Automóvil,Automóvil",Av. Alberdi Bis Y Av. Genova,2,1,0,0,1,0,0,,Avenida,,ROSARIO,Rosario,Asfalto,S/D,II,S/D,Urbana,Semáforo,S/D,Recta,Bueno,S/D,S/D,Buen Tiempo,S/D,S/D,Colisión,S/D,Horizontal,Cordón divisorio,Sin restricción,POINT (-60.685641200000006 -32.91519955000001),"['Alberdi', 'Genova']",2,Avenida Alberdi; Avenida Génova,-32.91519955000001,-60.685641200000006,55.0,538.0,Municipio Rosario,Municipio,Rosario,820210,Servicio de Catastro e Información Territorial,IGN
2013,11364,2013-10-22,Martes,0.0,,,0.0,2,"Automóvil,Moto/Ciclomotor",Galvez Y Paraguay,2,0,1,0,1,0,0,,Calle,,ROSARIO,Rosario,Asfalto,S/D,II,Dentro,Urbana,S/D,S/D,Recta,Bueno,Buena,S/D,Buen Tiempo,De alcance,S/D,Colisión,S/D,S/D,S/D,S/D,POINT (-60.64936409999999 -32.9677811),"['Galvez', 'Paraguay']",2,José Gálvez; Paraguay,-32.9677811,-60.64936409999999,55.0,538.0,Municipio Rosario,Municipio,Rosario,820210,Servicio de Catastro e Información Territorial,IGN
2013,11366,2013-10-18,Viernes,0.0,15:20:00,,0.0,2,"Moto/Ciclomotor,Taxi/Remis",Casiano Casas Y Pavlov,2,1,0,0,1,0,0,,Calle,,ROSARIO,Rosario,Asfalto,No existe,II,S/D,Urbana,Semáforo,Funciona,Recta,Bueno,Buena,Diurna,Buen Tiempo,Frontal,S/D,Colisión,Otro,Horizontal,Cordón divisorio,Sin restricción,POINT (-60.70402385 -32.901810499999996),"['Avenida Casiano Casas', 'Pavlov']",2,Avenida Casiano Casas; Pavlov,-32.9018105,-60.70402385,55.0,538.0,Municipio Rosario,Municipio,Rosario,820210,Servicio de Catastro e Información Territorial,IGN
2013,11367,2013-10-28,Lunes,0.0,14:00:00,,0.0,2,"Moto/Ciclomotor,Automóvil",Cerrito Y Av. Corrientes,2,1,0,0,1,0,0,,Calle,,ROSARIO,Rosario,Asfalto,S/D,II,Dentro,Urbana,S/D,S/D,Intersección,Bueno,S/D,Diurna,Buen Tiempo,Lateral,S/D,Colisión,S/D,S/D,Ninguna,S/D,POINT (-60.6462178 -32.96111909999998),"['Cerrito', 'Corrientes']",2,Cerrito; Corrientes,-32.96111909999998,-60.6462178,55.0,538.0,Municipio Rosario,Municipio,Rosario,820210,Servicio de Catastro e Información Territorial,IGN
2013,11368,2013-10-24,Jueves,0.0,12:30:00,,0.0,2,"Automóvil,Moto/Ciclomotor",Callao Y Tucuman,2,1,0,0,1,0,0,,Calle,,ROSARIO,Rosario,Asfalto,No existe,II,Dentro,Urbana,Semáforo,Funciona,Recta,Bueno,Buena,Diurna,Buen Tiempo,Otro,S/D,Colisión,Otro,Horizontal,Ninguna,Sin restricción,POINT (-60.65895690000001 -32.93787960000001),"['Callao', 'Tucumán']",2,Callao; Tucumán,-32.93787960000001,-60.65895690000001,55.0,538.0,Municipio Rosario,Municipio,Rosario,820210,Servicio de Catastro e Información Territorial,IGN
2013,11369,2013-10-25,Viernes,0.0,11:15:00,,0.0,2,"Automóvil,Peatón",Jujuy Y Santiago,2,1,0,0,1,0,0,,Calle,,ROSARIO,Rosario,Asfalto,No existe,II,Dentro,Urbana,Ninguna,No existe,Recta,Bueno,Buena,Diurna,Buen Tiempo,Otro,S/D,Atropello,Otro,Faltante,Ninguna,Sin restricción,POINT (-60.65392260000001 -32.9350458),"['Jujuy', 'Santiago']",2,Jujuy; Santiago,-32.9350458,-60.65392260000001,55.0,538.0,Municipio Rosario,Municipio,Rosario,820210,Servicio de Catastro e Información Territorial,IGN
2013,11370,2013-10-31,Jueves,0.0,,,0.0,2,"Automóvil,Automóvil",Rioja Y Constitucion,3,3,0,0,0,0,0,,Calle,,ROSARIO,Rosario,S/D,S/D,II,S/D,Urbana,S/D,S/D,Intersección,S/D,S/D,S/D,S/D,S/D,S/D,Colisión,S/D,S/D,Cordón divisorio,S/D,POINT (-60.6739997 -32.941266799999994),"['Rioja', 'Constitución']",2,Rioja; Constitución,-32.941266799999994,-60.6739997,55.0,538.0,Municipio Rosario,Municipio,Rosario,820210,Servicio de Catastro e Información Territorial,IGN
2013,11371,2013-10-11,Viernes,0.0,19:30:00,,0.0,2,"Moto/Ciclomotor,Automóvil",Anchorena Y Mariano Moreno,3,2,0,0,1,0,0,,Calle,,ROSARIO,Rosario,Asfalto,S/D,II,Dentro,Urbana,S/D,S/D,Intersección,Bueno,S/D,Atardecer,S/D,S/D,S/D,S/D,S/D,S/D,S/D,S/D,POINT (-60.66214229999999 -32.99817989999999),"['Anchorena', 'Mariano Moreno']",2,Tomás de Anchorena; Mariano Moreno,-32.99817989999999,-60.66214229999999,55.0,538.0,Municipio Rosario,Municipio,Rosario,820210,Servicio de Catastro e Información Territorial,IGN
2013,11372,2013-10-19,Sabado,0.0,16:00:00,,0.0,2,"Moto/Ciclomotor,Automóvil",Rueda Y San Martin,2,1,0,0,1,0,0,,Calle,,ROSARIO,Rosario,Asfalto,S/D,II,Dentro,Urbana,Semáforo,Funciona,Recta,Bueno,Buena,Diurna,Buen Tiempo,De alcance,S/D,Colisión,S/D,Vertical,S/D,S/D,POINT (-60.642861499999995 -32.9713425),"['Rueda', 'San Martin']",2,Rueda; José de San Martín,-32.9713425,-60.6428615,55.0,538.0,Municipio Rosario,Municipio,Rosario,820210,Servicio de Catastro e Información Territorial,IGN
2013,11373,2013-10-03,Jueves,0.0,16:10:00,,0.0,2,"Moto/Ciclomotor,Pickup/Utilitario",Av. Alberdi Bis Y Reconquista,3,2,0,0,1,0,0,,Avenida,,ROSARIO,Rosario,Asfalto,Pavimento,II,S/D,Urbana,S/D,No existe,Intersección,Bueno,Buena,Diurna,Buen Tiempo,Lateral,S/D,Colisión,S/D,S/D,S/D,S/D,POINT (-60.68332389999999 -32.91808799999999),"['Alberdi', 'Reconquista']",2,Avenida Alberdi; Reconquista,-32.91808799999999,-60.68332389999999,55.0,538.0,Municipio Rosario,Municipio,Rosario,820210,Servicio de Catastro e Información Territorial,IGN
2013,11374,2013-10-29,Martes,0.0,11:00:00,,0.0,2,"Automóvil,Moto/Ciclomotor",Catamarca Y Av. Francia,2,1,0,0,1,0,0,,Calle,,ROSARIO,Rosario,Asfalto,Pavimento,II,Dentro,Urbana,Ninguna,Funciona,Recta,Bueno,Buena,Diurna,Buen Tiempo,Frontal,S/D,Colisión,S/D,Horizontal,Ninguna,Sin restricción,POINT (-60.66406215000001 -32.93570015),"['Catamarca', 'Avenida Francia']",2,Catamarca; Avenida Francia,-32.93570015,-60.66406215000001,55.0,538.0,Municipio Rosario,Municipio,Rosario,820210,Servicio de Catastro e Información Territorial,IGN
2013,11375,2013-10-11,Viernes,0.0,14:10:00,,0.0,2,"Automóvil,Peatón",Cordoba 3500,2,1,0,0,1,0,0,,Calle,,ROSARIO,Rosario,Asfalto,S/D,II,S/D,Urbana,S/D,S/D,S/D,S/D,S/D,Diurna,S/D,S/D,S/D,Atropello,S/D,S/D,Cordón divisorio,S/D,"-32.9404873, -60.6707641",['Cordoba 3500'],1,Cordoba 3500,-32.9404873,-60.6707641,55.0,538.0,Municipio Rosario,Municipio,Rosario,820210,Servicio de Catastro e Información Territorial,IGN
2013,11376,2013-10-18,Viernes,0.0,,,0.0,2,"Moto/Ciclomotor,Automóvil",Godoy Cruz 275,2,1,0,0,1,0,0,,Calle,,ROSARIO,Rosario,Asfalto,No existe,II,Dentro,Urbana,Ninguna,No existe,Recta,Bueno,Buena,S/D,Buen Tiempo,De alcance,S/D,Colisión,Otro,S/D,Ninguna,Sin restricción,"-32.88877242857143, -60.68892198571429",['Godoy Cruz 275'],1,Godoy Cruz 275,-32.88877242857143,-60.68892198571429,55.0,538.0,Municipio Rosario,Municipio,Rosario,820210,Servicio de Catastro e Información Territorial,IGN
2013,11377,2013-10-09,Miercoles,0.0,,,0.0,2,"Moto/Ciclomotor,Automóvil",Bv. Oroño Y Av. Arijon,2,1,0,0,1,0,0,,Avenida,,ROSARIO,Rosario,Asfalto,S/D,II,Dentro,Urbana,S/D,S/D,S/D,S/D,Buena,S/D,S/D,S/D,S/D,S/D,S/D,S/D,S/D,S/D,POINT (-60.6650193 -33.003540599999994),"['Bulevar Nicasio Oroño', 'Avenida Manuel Arijón']",2,Bulevar Nicasio Oroño; Avenida Manuel Arijón,-33.003540599999994,-60.6650193,55.0,538.0,Municipio Rosario,Municipio,Rosario,820210,Servicio de Catastro e Información Territorial,IGN
2013,11378,2013-08-14,Miercoles,0.0,21:20:00,,0.0,2,"Automóvil,Automóvil",Albert Sabin Y Gorriti,5,3,0,0,2,0,0,,Calle,,ROSARIO,Rosario,Hormigón,No existe,II,Dentro,Urbana,Ninguna,No existe,Intersección,Bueno,Buena,Nocturna,Buen Tiempo,Lateral,S/D,Colisión,S/D,S/D,Cordón divisorio,Sin restricción,POINT (-60.68419035000001 -32.923566449999996),"['Avenida Travesía Albert Sabin', 'Gorriti']",2,Avenida Travesía Albert Sabin; Gorriti,-32.92356645,-60.68419035000001,55.0,538.0,Municipio Rosario,Municipio,Rosario,820210,Servicio de Catastro e Información Territorial,IGN
2013,11379,2013-10-23,Miercoles,0.0,19:50:00,,0.0,2,"Moto/Ciclomotor,Automóvil",Av. Alberdi Bis Y Reconquista,2,1,0,0,1,0,0,,Avenida,,ROSARIO,Rosario,Asfalto,No existe,II,S/D,Urbana,S/D,No existe,Intersección,Bueno,Buena,Nocturna,Buen Tiempo,Lateral,S/D,Colisión,S/D,Faltante,S/D,S/D,POINT (-60.68332389999999 -32.91808799999999),"['Alberdi', 'Reconquista']",2,Avenida Alberdi; Reconquista,-32.91808799999999,-60.68332389999999,55.0,538.0,Municipio Rosario,Municipio,Rosario,820210,Servicio de Catastro e Información Territorial,IGN
2013,11380,2013-10-03,Jueves,0.0,18:45:00,,0.0,2,"Automóvil,Automóvil",San Luis Y Callao,3,1,0,0,2,0,0,,Calle,,ROSARIO,Rosario,Asfalto,S/D,II,Dentro,Urbana,S/D,S/D,Intersección,S/D,S/D,Diurna,S/D,S/D,S/D,Colisión,S/D,S/D,Cordón divisorio,S/D,POINT (-60.660778500000006 -32.945124199999995),"['San Luis', 'Callao']",2,San Luis; Callao,-32.945124199999995,-60.660778500000006,55.0,538.0,Municipio Rosario,Municipio,Rosario,820210,Servicio de Catastro e Información Territorial,IGN
2013,11381,2013-10-24,Jueves,0.0,23:30:00,,0.0,2,"Automóvil,Automóvil",Bv. Rondeau Y Ricardo Nuñez,3,1,0,0,2,0,0,,Avenida,,ROSARIO,Rosario,Asfalto,No existe,II,Dentro,Urbana,Semáforo,Funciona,Recta,Bueno,Buena,Nocturna,Buen Tiempo,Lateral,S/D,Colisión,Otro,Horizontal,Cordón divisorio,Sin restricción,POINT (-60.69541701428572 -32.88466172857143),"['Rondeau', 'Ricardo Nuñez']",2,Bulevar General José Rondeau; Ricardo Nuñez,-32.88466172857143,-60.69541701428572,55.0,538.0,Municipio Rosario,Municipio,Rosario,820210,Servicio de Catastro e Información Territorial,IGN