anio_acci,nro_acci,fecha,desc_dia,fecha_aprox,hora_aprox,desc_ruta,km,cant_participantes,desc_participante,calle_avenida_km,total,heridos_leves,heridos_graves,heridos_gravisimos,ilesos,fallecidos,sin_datos,posicion_XY,desc_tipo_via,desc_ruta_ori,desc_loc,desc_dpto,desc_tipo_calzada,desc_tipo_banquina,desc_unidad_regional,desc_lugar_calzada,desc_zona,desc_prioridad,desc_estado_semaforo,desc_lugar_via,desc_estado_via,desc_estado_visibilidad,desc_luminosidad,desc_estado_clima,desc_tipo_colision,desc_tipo_atropello,desc_tipo_hecho,desc_pres_calzada,desc_senializacion,desc_separacion_via,desc_restriccion,forma_geocod,calle_lista,numero_calles,calles_osm,lat,lon,index_right,gid,fna,gna,nam,in1,fdc,sag
2013,11383,2013-10-08,Martes,0.0,00:00:19,,0.0,2,"Moto/Ciclomotor,Automóvil",Av. Ntra.Sra.del Rosario Y Callao,3,2,0,0,1,0,0,,Calle,,ROSARIO,Rosario,Asfalto,S/D,II,Dentro,Urbana,S/D,S/D,Intersección,Deteriorada,Buena,Atardecer,S/D,S/D,S/D,Colisión,S/D,S/D,S/D,S/D,POINT (-60.6713888 -33.000778399999994),"['Nuestra Señora del Rosario', 'Callao']",2,Puente Nuestra Señora del Rosario; Callao,-33.000778399999994,-60.6713888,55.0,538.0,Municipio Rosario,Municipio,Rosario,820210,Servicio de Catastro e Información Territorial,IGN
2013,11384,2013-10-21,Lunes,0.0,12:15:00,,0.0,2,"Moto/Ciclomotor,Moto/Ciclomotor",Tte.Agneta Y French,3,2,0,0,1,0,0,,S/D,,ROSARIO,Rosario,Asfalto,No existe,II,S/D,Urbana,Ninguna,No existe,Intersección,Bueno,Buena,Diurna,Buen Tiempo,Lateral,S/D,Colisión,S/D,Faltante,Ninguna,Sin restricción,POINT (-60.7005591 -32.92144480000001),"['Teniente Agneta', 'French']",2,Teniente Agneta; Domingo French,-32.92144480000001,-60.7005591,55.0,538.0,Municipio Rosario,Municipio,Rosario,820210,Servicio de Catastro e Información Territorial,IGN
2013,11385,2013-10-10,Jueves,0.0,15:00:00,,0.0,2,"Bicicleta,Automóvil",Mendoza Y Vera Mujica,2,1,0,0,1,0,0,,Calle,,ROSARIO,Rosario,Asfalto,S/D,II,S/D,Urbana,S/D,S/D,Intersección,S/D,S/D,Diurna,S/D,S/D,S/D,Atropello,S/D,S/D,Cordón divisorio,S/D,POINT (-60.66819559999999 -32.946412599999995),"['Mendoza', 'Vera Mujíca']",2,Mendoza; Vera Mujíca,-32.946412599999995,-60.66819559999999,55.0,538.0,Municipio Rosario,Municipio,Rosario,820210,Servicio de Catastro e Información Territorial,IGN
2013,11387,2013-10-09,Miercoles,0.0,17:30:00,,0.0,2,"Moto/Ciclomotor,Automóvil",Bv. Rondeau 2500,2,1,0,0,1,0,0,,Calle,,ROSARIO,Rosario,Asfalto,No existe,II,S/D,Urbana,Semáforo,Funciona,Recta,Bueno,Buena,Atardecer,Buen Tiempo,Frontal,S/D,Colisión,Otro,Horizontal,Cordón divisorio,Sin restricción,"-32.8895947, -60.693495",['Rondeau 2500'],1,Rondeau 2500,-32.8895947,-60.693495,55.0,538.0,Municipio Rosario,Municipio,Rosario,820210,Servicio de Catastro e Información Territorial,IGN
2013,11389,2013-10-24,Jueves,0.0,01:45:00,,0.0,2,"Moto/Ciclomotor,Taxi/Remis",Av. Sorrento Y Av. Casiano Casas,2,1,0,0,1,0,0,,Avenida,,ROSARIO,Rosario,Asfalto,No existe,II,Dentro,Urbana,Semáforo,Funciona,Recta,Bueno,Buena,Nocturna,Buen Tiempo,De alcance,S/D,Colisión,S/D,Horizontal,Cordón divisorio,Sin restricción,POINT (-60.695695025000006 -32.90729415),"['Sorrento', 'Avenida Casiano Casas']",2,Avenida Sorrento; Avenida Casiano Casas,-32.90729415,-60.695695025000006,55.0,538.0,Municipio Rosario,Municipio,Rosario,820210,Servicio de Catastro e Información Territorial,IGN
2013,11390,2013-10-10,Jueves,0.0,14:20:00,,0.0,2,"Bicicleta,Automóvil",Santiago Y Urquiza,2,1,0,0,1,0,0,,Calle,,ROSARIO,Rosario,Asfalto,S/D,II,S/D,Urbana,S/D,S/D,Intersección,S/D,S/D,Diurna,S/D,S/D,S/D,Atropello,S/D,S/D,Cordón divisorio,S/D,POINT (-60.6551027 -32.939761499999996),"['Santiago', 'Urquiza']",2,Santiago; Justo José de Urquiza,-32.9397615,-60.6551027,55.0,538.0,Municipio Rosario,Municipio,Rosario,820210,Servicio de Catastro e Información Territorial,IGN
2013,11391,2013-10-16,Miercoles,0.0,15:15:00,,0.0,2,"Automóvil,Automóvil",Castagnino Y Alvarez Thomas,2,1,0,0,1,0,0,,Calle,,ROSARIO,Rosario,Asfalto,No existe,II,Dentro,Urbana,Ninguna,No existe,Intersección,Bueno,Buena,Diurna,Buen Tiempo,Frontal,S/D,Colisión,Otro,Faltante,Cordón divisorio,S/D,POINT (-60.6869236 -32.896285299999995),"['Castagnino', 'Alvarez Thomas']",2,Castagnino; Alvarez Thomas,-32.896285299999995,-60.6869236,55.0,538.0,Municipio Rosario,Municipio,Rosario,820210,Servicio de Catastro e Información Territorial,IGN
2013,11392,2013-10-11,Viernes,0.0,23:00:00,,0.0,2,"Pickup/Utilitario,Moto/Ciclomotor",Bv. Rondeau Y Superi,3,2,0,0,1,0,0,,Avenida,,ROSARIO,Rosario,Asfalto,No existe,II,Dentro,Urbana,Semáforo,Funciona,Intersección,Bueno,Reducida p/ objetos,"Nocturna,Con luz artificial",Lluvia,S/D,S/D,Colisión,Agua,Horizontal,Ninguna,Sin restricción,POINT (-60.692458175000006 -32.894239025),"['Rondeau', 'Superi']",2,Bulevar General José Rondeau; Comandante José Superí,-32.894239025,-60.692458175000006,55.0,538.0,Municipio Rosario,Municipio,Rosario,820210,Servicio de Catastro e Información Territorial,IGN
2013,11394,2013-10-10,Jueves,0.0,23:00:00,,0.0,2,"Automóvil,Automóvil",Cordoba Y Callao,6,6,0,0,0,0,0,,Calle,,ROSARIO,Rosario,Asfalto,S/D,II,Dentro,Urbana,S/D,S/D,Intersección,S/D,S/D,Nocturna,S/D,S/D,S/D,Colisión,S/D,S/D,Cordón divisorio,S/D,POINT (-60.6601292 -32.94251589999998),"['Córdoba', 'Callao']",2,Córdoba; Callao,-32.94251589999998,-60.6601292,55.0,538.0,Municipio Rosario,Municipio,Rosario,820210,Servicio de Catastro e Información Territorial,IGN
2013,11395,2013-10-04,Viernes,0.0,11:50:00,,0.0,2,"Moto/Ciclomotor,Automóvil",Sanchez de Bustamante Y Bv. Oroño,3,2,0,0,1,0,0,,Calle,,ROSARIO,Rosario,Asfalto,S/D,II,S/D,Urbana,S/D,S/D,Intersección,Bueno,Buena,Diurna,S/D,S/D,S/D,S/D,S/D,S/D,S/D,S/D,POINT (-60.66506820000001 -33.00250765),"['Sánchez de Bustamante', 'Bulevar Nicasio Oroño']",2,Sánchez de Bustamante; Bulevar Nicasio Oroño,-33.00250765,-60.66506820000001,55.0,538.0,Municipio Rosario,Municipio,Rosario,820210,Servicio de Catastro e Información Territorial,IGN
2013,11396,2013-10-11,Viernes,0.0,20:00:00,,0.0,2,"Moto/Ciclomotor,Automóvil",Junin 1300,2,1,0,0,1,0,0,,Calle,,ROSARIO,Rosario,Asfalto,No existe,II,Dentro,Urbana,Ninguna,No existe,Recta,Deteriorada,Buena,Nocturna,Buen Tiempo,De alcance,S/D,Colisión,S/D,S/D,Cordón divisorio,Sin restricción,"-32.9266884, -60.6820627",['Junin 1300'],1,Junin 1300,-32.9266884,-60.6820627,55.0,538.0,Municipio Rosario,Municipio,Rosario,820210,Servicio de Catastro e Información Territorial,IGN
2013,11397,2013-10-11,Viernes,0.0,15:00:00,,0.0,1,Moto/Ciclomotor,Maciel ,1,1,0,0,0,0,0,,Avenida,,ROSARIO,Rosario,Asfalto,No existe,II,S/D,Urbana,Semáforo,Funciona,Recta,Bueno,Buena,Diurna,Buen Tiempo,Otro,S/D,S/D,Otro,Horizontal,Cordón divisorio,Sin restricción,"-32.9041154, -60.6910145",['Maciel'],1,Maciel,-32.9041154,-60.6910145,55.0,538.0,Municipio Rosario,Municipio,Rosario,820210,Servicio de Catastro e Información Territorial,IGN
2013,11398,2013-10-03,Jueves,0.0,16:10:00,,0.0,2,"Automóvil,Moto/Ciclomotor",Albert Sabin Y Iguazu,2,1,0,0,1,0,0,,Avenida,,ROSARIO,Rosario,Asfalto,S/D,II,Dentro,Urbana,S/D,S/D,S/D,Bueno,S/D,S/D,Buen Tiempo,S/D,S/D,S/D,S/D,S/D,S/D,S/D,POINT (-60.6866138 -32.9219038),"['Avenida Travesía Albert Sabin', 'Iguazu']",2,Avenida Travesía Albert Sabin; Iguazú,-32.9219038,-60.6866138,55.0,538.0,Municipio Rosario,Municipio,Rosario,820210,Servicio de Catastro e Información Territorial,IGN
2013,11399,2013-10-18,Viernes,0.0,07:50:00,,0.0,2,"Automóvil,Automóvil",Junin 400,2,1,0,0,1,0,0,,Calle,,ROSARIO,Rosario,Asfalto,No existe,II,Dentro,Urbana,Ninguna,No existe,Recta,Deteriorada,Buena,Diurna,Buen Tiempo,De alcance,S/D,Colisión,S/D,S/D,Cordón divisorio,Sin restricción,"-32.926406, -60.6693719",['Junin 400'],1,Junin 400,-32.926406,-60.6693719,55.0,538.0,Municipio Rosario,Municipio,Rosario,820210,Servicio de Catastro e Información Territorial,IGN
2013,11400,2013-10-17,Jueves,0.0,21:00:00,,0.0,2,"Automóvil,Moto/Ciclomotor",F.Netri Y Av. Sorrento,3,2,0,0,1,0,0,,Calle,,ROSARIO,Rosario,Asfalto,No existe,II,Dentro,Urbana,Semáforo,Funciona,Recta,Bueno,Buena,Nocturna,Buen Tiempo,Lateral,S/D,Colisión,S/D,Horizontal,Cordón divisorio,Sin restricción,POINT (-60.702044150000006 -32.90747655),"['Netri', 'Sorrento']",2,Netri; Avenida Sorrento,-32.90747655,-60.702044150000006,55.0,538.0,Municipio Rosario,Municipio,Rosario,820210,Servicio de Catastro e Información Territorial,IGN
2013,11401,2013-10-07,Lunes,0.0,04:30:00,,0.0,2,"Moto/Ciclomotor,Automóvil",Italia Y Hilarion de la Quintana,2,1,0,0,1,0,0,,Calle,,ROSARIO,Rosario,Asfalto,S/D,II,S/D,Urbana,S/D,S/D,Intersección,S/D,Buena,Nocturna,S/D,S/D,S/D,S/D,S/D,S/D,S/D,S/D,POINT (-60.6591952 -33.0013798),"['Italia', 'Hilarión de la Quintana']",2,Italia; Hilarión de la Quintana,-33.0013798,-60.6591952,55.0,538.0,Municipio Rosario,Municipio,Rosario,820210,Servicio de Catastro e Información Territorial,IGN
2013,11403,2013-10-07,Lunes,0.0,07:50:00,,0.0,1,Transporte de Pasajeros Urbano (> 8 asientos),J.Colombres Y Ayala Gauna,1,1,0,0,0,0,0,,Calle,,ROSARIO,Rosario,Asfalto,S/D,II,Dentro,Urbana,S/D,S/D,Intersección,S/D,S/D,Diurna,S/D,S/D,S/D,Caída ocupante,S/D,S/D,Cordón divisorio,S/D,POINT (-60.7305886 -32.91241519999999),"['José Colombres', 'Ayala Gauna']",2,José Colombres; Ayala Gauna,-32.91241519999999,-60.7305886,55.0,538.0,Municipio Rosario,Municipio,Rosario,820210,Servicio de Catastro e Información Territorial,IGN
2013,11404,2013-10-12,Sabado,0.0,03:10:00,,0.0,2,"Moto/Ciclomotor,Automóvil",Casilda Y Iguazu,2,0,1,0,1,0,0,,Calle,,ROSARIO,Rosario,Asfalto,No existe,II,Dentro,Urbana,Ninguna,No existe,Intersección,Bueno,Buena,Nocturna,Buen Tiempo,Lateral,S/D,Colisión,S/D,S/D,Cordón divisorio,Sin restricción,POINT (-60.6857448 -32.92838129999999),"['Casilda', 'Iguazu']",2,Casilda; Iguazú,-32.92838129999999,-60.6857448,55.0,538.0,Municipio Rosario,Municipio,Rosario,820210,Servicio de Catastro e Información Territorial,IGN
2013,11405,2013-10-29,Martes,0.0,16:00:00,,0.0,2,"Automóvil,Automóvil",Albert Sabin 200.B,2,1,0,0,1,0,0,,Avenida,,ROSARIO,Rosario,Asfalto,No existe,II,Dentro,Urbana,Semáforo,Funciona,Recta,Bueno,Buena,Diurna,Buen Tiempo,Frontal,S/D,Colisión,Otro,Horizontal,Cordón divisorio,Sin restricción,"-32.921679, -60.6868928",['Albert Sabin 200 B'],1,Albert Sabin 200 B,-32.921679,-60.6868928,55.0,538.0,Municipio Rosario,Municipio,Rosario,820210,Servicio de Catastro e Información Territorial,IGN
2013,11406,2013-10-08,Martes,0.0,14:20:00,,0.0,2,"Moto/Ciclomotor,Automóvil",Iguazu Y Casilda,2,1,0,0,1,0,0,,Calle,,ROSARIO,Rosario,S/D,S/D,II,S/D,Urbana,S/D,S/D,S/D,S/D,S/D,S/D,S/D,Otro,S/D,Colisión,S/D,S/D,S/D,S/D,POINT (-60.6857448 -32.92838129999999),"['Iguazu', 'Casilda']",2,Iguazú; Casilda,-32.92838129999999,-60.6857448,55.0,538.0,Municipio Rosario,Municipio,Rosario,820210,Servicio de Catastro e Información Territorial,IGN
2013,11407,2013-10-07,Lunes,0.0,19:15:00,,0.0,2,"Moto/Ciclomotor,Automóvil",Cordoba 4727,3,1,0,0,2,0,0,,Avenida,,ROSARIO,Rosario,Asfalto,S/D,II,Dentro,Urbana,S/D,S/D,Recta,S/D,S/D,Atardecer,S/D,S/D,S/D,Colisión,S/D,S/D,Cordón divisorio,S/D,"-32.9278875, -60.7405743",['Cordoba 4727'],1,Cordoba 4727,-32.9278875,-60.7405743,55.0,538.0,Municipio Rosario,Municipio,Rosario,820210,Servicio de Catastro e Información Territorial,IGN
2013,11408,2013-10-11,Viernes,0.0,15:30:00,,0.0,2,"Automóvil,Moto/Ciclomotor",Casilda Y Stephenson,2,1,0,0,1,0,0,,S/D,,ROSARIO,Rosario,S/D,S/D,II,S/D,Urbana,S/D,Funciona,Recta,Bueno,S/D,Diurna,S/D,S/D,S/D,S/D,S/D,S/D,S/D,S/D,POINT (-60.6790103 -32.928199599999985),"['Casilda', 'Stephenson']",2,Casilda; Stephenson,-32.928199599999985,-60.6790103,55.0,538.0,Municipio Rosario,Municipio,Rosario,820210,Servicio de Catastro e Información Territorial,IGN
2013,11409,2013-10-16,Miercoles,0.0,11:20:00,,0.0,2,"Bicicleta,Moto/Ciclomotor",Av. Ovidio Lagos Y Garibaldi,2,1,0,0,1,0,0,,Avenida,,ROSARIO,Rosario,Asfalto,No existe,II,Dentro,Urbana,Ninguna,No existe,Intersección,Bueno,Buena,Diurna,Buen Tiempo,S/D,S/D,Atropello,S/D,Faltante,Barrera de hormigón,Sin restricción,POINT (-60.671054299999994 -32.981854),"['Avenida Ovidio Lagos', 'José Garibaldi']",2,Avenida Ovidio Lagos; José Garibaldi,-32.981854,-60.6710543,55.0,538.0,Municipio Rosario,Municipio,Rosario,820210,Servicio de Catastro e Información Territorial,IGN
2013,11410,2013-10-19,Sabado,0.0,15:00:00,,0.0,2,"Automóvil,Automóvil",Cafferata Y Aurora,3,1,0,0,2,0,0,,Calle,,ROSARIO,Rosario,Asfalto,No existe,II,Dentro,Urbana,Ninguna,No existe,Intersección,Deteriorada,Buena,Atardecer,Buen Tiempo,Lateral,S/D,Colisión,S/D,Faltante,Ninguna,Sin restricción,POINT (-60.6835347 -32.99965610000002),"['Cafferata', 'Aurora']",2,Cafferata; Aurora,-32.99965610000002,-60.6835347,55.0,538.0,Municipio Rosario,Municipio,Rosario,820210,Servicio de Catastro e Información Territorial,IGN
2013,11411,2013-09-22,Domingo,0.0,05:30:00,,0.0,2,"Automóvil,Taxi/Remis",Pueyrredon Y San Juan,3,1,0,0,2,0,0,,Calle,,ROSARIO,Rosario,Asfalto,S/D,II,S/D,Urbana,S/D,S/D,Intersección,S/D,S/D,Nocturna,S/D,S/D,S/D,Colisión,S/D,S/D,Cordón divisorio,S/D,POINT (-60.6583043 -32.94672330000001),"['Pueyrredón', 'San Juan']",2,Pueyrredón; San Juan,-32.94672330000001,-60.6583043,55.0,538.0,Municipio Rosario,Municipio,Rosario,820210,Servicio de Catastro e Información Territorial,IGN
2013,11412,2013-10-03,Jueves,0.0,17:50:00,,0.0,2,"Bicicleta,Pickup/Utilitario",Cordoba Y Santiago,2,1,0,0,1,0,0,,Calle,,ROSARIO,Rosario,Asfalto,S/D,II,S/D,Urbana,S/D,S/D,Intersección,S/D,S/D,Atardecer,S/D,S/D,S/D,Atropello,S/D,S/D,Cordón divisorio,S/D,POINT (-60.6560118 -32.94325390000001),"['Córdoba', 'Santiago']",2,Córdoba; Santiago,-32.94325390000001,-60.6560118,55.0,538.0,Municipio Rosario,Municipio,Rosario,820210,Servicio de Catastro e Información Territorial,IGN
2013,11413,2013-10-02,Miercoles,0.0,23:50:00,,0.0,2,"Moto/Ciclomotor,Automóvil",Lima Y 3 De Febrero,2,1,0,0,1,0,0,,Calle,,ROSARIO,Rosario,Asfalto,S/D,II,Dentro,Urbana,S/D,S/D,Intersección,S/D,S/D,Nocturna,S/D,S/D,S/D,Colisión,S/D,S/D,Cordón divisorio,S/D,POINT (-60.684826199999996 -32.9447174),"['Lima', '3 de Febrero']",2,Lima; 3 de Febrero,-32.9447174,-60.6848262,55.0,538.0,Municipio Rosario,Municipio,Rosario,820210,Servicio de Catastro e Información Territorial,IGN
2013,11414,2013-10-02,Miercoles,0.0,,,0.0,2,"Automóvil,Moto/Ciclomotor",San Luis Y Crespo,3,2,0,0,1,0,0,,Calle,,ROSARIO,Rosario,Asfalto,S/D,II,Dentro,Urbana,S/D,S/D,Intersección,S/D,S/D,S/D,S/D,S/D,S/D,Colisión,S/D,S/D,Cordón divisorio,S/D,POINT (-60.668872300000004 -32.9436884),"['San Luis', 'Crespo']",2,San Luis; Crespo,-32.9436884,-60.6688723,55.0,538.0,Municipio Rosario,Municipio,Rosario,820210,Servicio de Catastro e Información Territorial,IGN
2013,11415,2013-10-02,Miercoles,0.0,07:00:00,,0.0,2,"Automóvil,Transporte de Pasajeros Urbano (> 8 asientos)",Rioja Y Callao,3,2,0,0,1,0,0,,Calle,,ROSARIO,Rosario,Asfalto,S/D,II,Dentro,Urbana,S/D,S/D,Intersección,S/D,S/D,Diurna,S/D,S/D,S/D,Colisión,S/D,S/D,S/D,S/D,POINT (-60.6604097 -32.9436475),"['Rioja', 'Callao']",2,Rioja; Callao,-32.9436475,-60.6604097,55.0,538.0,Municipio Rosario,Municipio,Rosario,820210,Servicio de Catastro e Información Territorial,IGN
2013,11416,2013-10-01,Martes,0.0,18:00:00,,0.0,2,"Automóvil,Taxi/Remis",Callao Y San Luis,3,1,0,0,2,0,0,,Calle,,ROSARIO,Rosario,Asfalto,S/D,II,Dentro,Urbana,S/D,S/D,Intersección,S/D,S/D,Diurna,S/D,S/D,S/D,Colisión,S/D,S/D,S/D,S/D,POINT (-60.660778500000006 -32.945124199999995),"['Callao', 'San Luis']",2,Callao; San Luis,-32.945124199999995,-60.660778500000006,55.0,538.0,Municipio Rosario,Municipio,Rosario,820210,Servicio de Catastro e Información Territorial,IGN
2013,11417,2013-10-15,Martes,0.0,16:10:00,,0.0,2,"Moto/Ciclomotor,Automóvil",Av. Pellegrini Y Constitucion,3,2,0,0,1,0,0,,Avenida,,ROSARIO,Rosario,S/D,S/D,II,S/D,Urbana,S/D,S/D,Intersección,S/D,S/D,Diurna,S/D,S/D,S/D,Colisión,S/D,S/D,Cordón divisorio,S/D,POINT (-60.67641675 -32.950913),"['Pellegrini', 'Constitución']",2,Avenida Carlos Pellegrini; Constitución,-32.950913,-60.67641675,55.0,538.0,Municipio Rosario,Municipio,Rosario,820210,Servicio de Catastro e Información Territorial,IGN
2013,11418,2013-10-31,Jueves,0.0,13:00:00,,0.0,2,"Automóvil,Moto/Ciclomotor",Montevideo Y Suipacha,3,1,0,0,2,0,0,,Calle,,ROSARIO,Rosario,Asfalto,S/D,II,Dentro,Urbana,S/D,S/D,Intersección,S/D,S/D,S/D,S/D,S/D,S/D,Colisión,S/D,S/D,S/D,S/D,POINT (-60.666596600000005 -32.95149549999999),"['Montevideo', 'Suipacha']",2,Montevideo; Suipacha,-32.95149549999999,-60.666596600000005,55.0,538.0,Municipio Rosario,Municipio,Rosario,820210,Servicio de Catastro e Información Territorial,IGN
2013,11419,2013-10-02,Miercoles,0.0,22:00:00,,0.0,2,"Automóvil,Moto/Ciclomotor",Av. Luis Carballo Y Bv. Avellaneda,2,1,0,0,1,0,0,,Avenida,,ROSARIO,Rosario,Asfalto,S/D,II,Dentro,Urbana,S/D,Funciona,Recta,Bueno,S/D,Nocturna,S/D,S/D,S/D,S/D,S/D,Vertical,S/D,S/D,POINT (-60.674817000000004 -32.9219776),"['Avenida Doctor Luis Cándido Carballo', 'Avellaneda']",2,Avenida Doctor Luis Cándido Carballo; Bulevar Nicolás Avellaneda,-32.9219776,-60.674817,55.0,538.0,Municipio Rosario,Municipio,Rosario,820210,Servicio de Catastro e Información Territorial,IGN
2013,11420,2013-10-19,Sabado,0.0,13:30:00,,0.0,2,"Automóvil,Automóvil",Cafferata Y San Luis,2,1,0,0,1,0,0,,Calle,,ROSARIO,Rosario,Asfalto,S/D,II,S/D,Urbana,Semáforo,S/D,Intersección,S/D,S/D,Diurna,S/D,S/D,S/D,Colisión,S/D,S/D,S/D,S/D,POINT (-60.67163970000001 -32.9431978),"['Cafferata', 'San Luis']",2,Cafferata; San Luis,-32.9431978,-60.67163970000001,55.0,538.0,Municipio Rosario,Municipio,Rosario,820210,Servicio de Catastro e Información Territorial,IGN
2013,11421,2013-10-20,Domingo,0.0,08:00:00,,0.0,2,"Moto/Ciclomotor,Moto/Ciclomotor",24 De Setiembre Y Vera Mujica,3,1,0,0,2,0,0,,Calle,,ROSARIO,Rosario,Asfalto,No existe,II,Dentro,Urbana,Ninguna,No existe,Intersección,Deteriorada,Buena,Diurna,Buen Tiempo,Lateral,S/D,Colisión,S/D,Faltante,Ninguna,Sin restricción,POINT (-60.675449099999994 -32.9751047),"['24 de Septiembre', 'Vera Mujíca']",2,24 de Septiembre; Vera Mujíca,-32.9751047,-60.6754491,55.0,538.0,Municipio Rosario,Municipio,Rosario,820210,Servicio de Catastro e Información Territorial,IGN
2013,11466,2013-10-08,Martes,0.0,16:30:00,,0.0,2,"Automóvil,Pickup/Utilitario",Albert Sabin Y Velez Sarsfield,3,1,0,0,2,0,0,,Avenida,,ROSARIO,Rosario,Asfalto,S/D,II,Dentro,Urbana,S/D,Funciona,Recta,Bueno,S/D,S/D,S/D,S/D,S/D,Colisión,S/D,S/D,S/D,S/D,POINT (-60.6821659 -32.92505235),"['Avenida Travesía Albert Sabin', 'Vélez Sarsfield']",2,Avenida Travesía Albert Sabin; Vélez Sarsfield,-32.92505235,-60.6821659,55.0,538.0,Municipio Rosario,Municipio,Rosario,820210,Servicio de Catastro e Información Territorial,IGN
2013,11468,2013-10-06,Domingo,0.0,18:30:00,,0.0,2,"Automóvil,Moto/Ciclomotor",Av. Pellegrini Y Cafferata,2,1,0,0,1,0,0,,Avenida,,ROSARIO,Rosario,Asfalto,S/D,II,Dentro,Urbana,S/D,S/D,Intersección,S/D,S/D,Atardecer,S/D,S/D,S/D,Colisión,S/D,S/D,Cordón divisorio,S/D,POINT (-60.66279733333334 -32.9781999),"['Pellegrini', 'Cafferata']",2,Avenida Carlos Pellegrini; Cafferata,-32.9781999,-60.66279733333334,55.0,538.0,Municipio Rosario,Municipio,Rosario,820210,Servicio de Catastro e Información Territorial,IGN
2013,11469,2013-10-13,Domingo,0.0,17:30:00,,0.0,2,"Moto/Ciclomotor,Automóvil",Bv. Avellaneda Y Cordoba,2,1,0,0,1,0,0,,Avenida,,ROSARIO,Rosario,Asfalto,S/D,II,S/D,Urbana,S/D,S/D,Intersección,S/D,S/D,Diurna,S/D,S/D,S/D,Colisión,S/D,S/D,Cordón divisorio,S/D,POINT (-60.67916835 -32.939088049999995),"['Avellaneda', 'Córdoba']",2,Bulevar Nicolás Avellaneda; Córdoba,-32.939088049999995,-60.67916835,55.0,538.0,Municipio Rosario,Municipio,Rosario,820210,Servicio de Catastro e Información Territorial,IGN
2013,11470,2013-10-18,Viernes,0.0,16:55:00,,0.0,2,"Pickup/Utilitario,Automóvil",Av. Francia 1300,3,2,0,0,1,0,0,,Avenida,,ROSARIO,Rosario,Asfalto,S/D,II,Dentro,Urbana,S/D,S/D,Recta,S/D,S/D,Diurna,S/D,S/D,S/D,Colisión,S/D,S/D,Cordón divisorio,S/D,"-32.9477502, -60.6672348",['Francia 1300'],1,Francia 1300,-32.9477502,-60.6672348,55.0,538.0,Municipio Rosario,Municipio,Rosario,820210,Servicio de Catastro e Información Territorial,IGN
2013,11471,2013-10-28,Lunes,0.0,11:10:00,,0.0,2,"Pickup/Utilitario,Transporte de Pasajeros Urbano (> 8 asientos)",Washington Y Machain,8,8,0,0,0,0,0,,Calle,,ROSARIO,Rosario,Asfalto,No existe,II,S/D,Urbana,Ninguna,No existe,Intersección,Bueno,Buena,Diurna,Buen Tiempo,Frontal,S/D,Colisión,Otro,Faltante,Ninguna,Sin restricción,POINT (-60.69705700000001 -32.90266499999999),"['Washington', 'Machain']",2,Washington; Machain,-32.90266499999999,-60.69705700000001,55.0,538.0,Municipio Rosario,Municipio,Rosario,820210,Servicio de Catastro e Información Territorial,IGN
2013,11472,2013-10-25,Viernes,0.0,17:40:00,,0.0,3,"Automóvil,Automóvil,Automóvil",Mendoza Y Vera Mujica,7,3,0,0,4,0,0,,Calle,,ROSARIO,Rosario,Asfalto,S/D,II,Dentro,Urbana,S/D,S/D,Recta,S/D,S/D,Atardecer,S/D,S/D,S/D,Colisión,S/D,S/D,S/D,S/D,POINT (-60.66819559999999 -32.946412599999995),"['Mendoza', 'Vera Mujíca']",2,Mendoza; Vera Mujíca,-32.946412599999995,-60.66819559999999,55.0,538.0,Municipio Rosario,Municipio,Rosario,820210,Servicio de Catastro e Información Territorial,IGN
2013,11475,2013-10-05,Sabado,0.0,18:45:00,,0.0,4,"Moto/Ciclomotor,Automóvil,Automóvil,Automóvil",Pascual Rosas Y Mendoza,5,2,1,0,2,0,0,,S/D,,ROSARIO,Rosario,Asfalto,S/D,II,Dentro,Urbana,S/D,S/D,Intersección,S/D,S/D,Atardecer,S/D,S/D,S/D,Colisión,S/D,S/D,Cordón divisorio,S/D,POINT (-60.687209599999996 -32.9430186),"['Pascual Rosas', 'Mendoza']",2,Pascual Rosas; Mendoza,-32.9430186,-60.6872096,55.0,538.0,Municipio Rosario,Municipio,Rosario,820210,Servicio de Catastro e Información Territorial,IGN
2013,11476,2013-10-24,Jueves,0.0,22:15:00,,0.0,2,"Moto/Ciclomotor,Automóvil",Av. Arijon Y Av. Corrientes,2,1,0,0,1,0,0,,Avenida,,ROSARIO,Rosario,Asfalto,No existe,II,Dentro,Urbana,Marca Vial,No existe,Intersección,Bueno,Buena,"Nocturna,Con luz artificial",Buen Tiempo,Lateral,S/D,Colisión,S/D,Horizontal,Cordón divisorio,Sin restricción,POINT (-60.6532343 -33.003188200000004),"['Avenida Manuel Arijón', 'Corrientes']",2,Avenida Manuel Arijón; Corrientes,-33.003188200000004,-60.6532343,55.0,538.0,Municipio Rosario,Municipio,Rosario,820210,Servicio de Catastro e Información Territorial,IGN
2013,11477,2013-10-18,Viernes,0.0,20:30:00,,0.0,2,"Automóvil,Otros",Av. Pellegrini Y Bv. Avellaneda,2,1,0,0,1,0,0,,Avenida,,ROSARIO,Rosario,Asfalto,S/D,II,Dentro,Urbana,S/D,S/D,Intersección,S/D,S/D,Nocturna,S/D,S/D,S/D,Colisión,S/D,S/D,Cordón divisorio,S/D,POINT (-60.68184480000001 -32.949949249999996),"['Pellegrini', 'Avellaneda']",2,Avenida Carlos Pellegrini; Bulevar Nicolás Avellaneda,-32.94994925,-60.68184480000001,55.0,538.0,Municipio Rosario,Municipio,Rosario,820210,Servicio de Catastro e Información Territorial,IGN