anio_acci,nro_acci,fecha,desc_dia,fecha_aprox,hora_aprox,desc_ruta,km,cant_participantes,desc_participante,calle_avenida_km,total,heridos_leves,heridos_graves,heridos_gravisimos,ilesos,fallecidos,sin_datos,posicion_XY,desc_tipo_via,desc_ruta_ori,desc_loc,desc_dpto,desc_tipo_calzada,desc_tipo_banquina,desc_unidad_regional,desc_lugar_calzada,desc_zona,desc_prioridad,desc_estado_semaforo,desc_lugar_via,desc_estado_via,desc_estado_visibilidad,desc_luminosidad,desc_estado_clima,desc_tipo_colision,desc_tipo_atropello,desc_tipo_hecho,desc_pres_calzada,desc_senializacion,desc_separacion_via,desc_restriccion,forma_geocod,calle_lista,numero_calles,calles_osm,lat,lon,index_right,gid,fna,gna,nam,in1,fdc,sag
2013,11480,2013-10-20,Domingo,0.0,11:00:00,,0.0,2,"Moto/Ciclomotor,Taxi/Remis",Bv. Avellaneda Y Velez Sarsfield,2,1,0,0,1,0,0,,Calle,,ROSARIO,Rosario,Hormigón,No existe,II,Dentro,Urbana,Semáforo,Funciona,Intersección,Deteriorada,Buena,Diurna,Buen Tiempo,Lateral,S/D,Colisión,S/D,S/D,Cordón divisorio,Sin restricción,POINT (-60.67554685 -32.92489504999999),"['Avellaneda', 'Vélez Sarsfield']",2,Bulevar Nicolás Avellaneda; Vélez Sarsfield,-32.92489504999999,-60.67554685,55.0,538.0,Municipio Rosario,Municipio,Rosario,820210,Servicio de Catastro e Información Territorial,IGN
2013,11482,2013-10-04,Viernes,0.0,,,0.0,2,"Automóvil,Automóvil",San Juan Y Vera Mujica,2,1,0,0,1,0,0,,Calle,,ROSARIO,Rosario,Asfalto,S/D,II,Dentro,Urbana,S/D,S/D,Intersección,S/D,S/D,S/D,S/D,S/D,S/D,S/D,S/D,S/D,S/D,S/D,POINT (-60.6678428 -32.94501609999999),"['San Juan', 'Vera Mujíca']",2,San Juan; Vera Mujíca,-32.94501609999999,-60.6678428,55.0,538.0,Municipio Rosario,Municipio,Rosario,820210,Servicio de Catastro e Información Territorial,IGN
2013,11484,2013-10-28,Lunes,0.0,16:25:00,,0.0,2,"Bicicleta,Moto/Ciclomotor",J.M.de Rosas Y Garibaldi,2,1,0,0,1,0,0,,Calle,,ROSARIO,Rosario,Asfalto,No existe,II,Dentro,Urbana,Marca Vial,No existe,Intersección,Bueno,Buena,Atardecer,Buen Tiempo,S/D,S/D,Atropello,S/D,Vertical,Línea divisoria pintada,Sin restricción,POINT (-60.641200100000006 -32.9871873),"['De Rosas', 'José Garibaldi']",2,Juan Manuel de Rosas; José Garibaldi,-32.9871873,-60.641200100000006,55.0,538.0,Municipio Rosario,Municipio,Rosario,820210,Servicio de Catastro e Información Territorial,IGN
2013,11485,2013-10-17,Jueves,0.0,16:45:00,,0.0,3,"Automóvil,Automóvil,Automóvil",Av. Luis Carballo Y Av. Alberdi Bis,3,1,0,0,2,0,0,,Calle,,ROSARIO,Rosario,Asfalto,Pavimento,II,Dentro,Urbana,Semáforo,Funciona,Recta,Bueno,Buena,Diurna,Buen Tiempo,Múltiple,S/D,Colisión,S/D,S/D,Cordón divisorio,Sin restricción,POINT (-60.68009227500001 -32.922158075),"['Avenida Doctor Luis Cándido Carballo', 'Alberdi']",2,Avenida Doctor Luis Cándido Carballo; Avenida Alberdi,-32.922158075,-60.68009227500001,55.0,538.0,Municipio Rosario,Municipio,Rosario,820210,Servicio de Catastro e Información Territorial,IGN
2013,11486,2013-10-28,Lunes,0.0,15:00:00,,0.0,2,"Camión,Moto/Ciclomotor",Av. Pellegrini Y San Nicolas,2,0,1,0,1,0,0,,Avenida,,ROSARIO,Rosario,Asfalto,S/D,II,Dentro,Urbana,S/D,S/D,Intersección,S/D,S/D,Diurna,S/D,S/D,S/D,Colisión,S/D,S/D,Cordón divisorio,S/D,POINT (-60.663254 -32.97802039999999),"['Pellegrini', 'San Nicolás']",2,Avenida Carlos Pellegrini; San Nicolás,-32.97802039999999,-60.663254,55.0,538.0,Municipio Rosario,Municipio,Rosario,820210,Servicio de Catastro e Información Territorial,IGN
2013,11488,2013-10-03,Jueves,0.0,17:00:00,,0.0,2,"Automóvil,Automóvil",Santiago Y 9 De Julio,3,2,0,0,1,0,0,,Calle,,ROSARIO,Rosario,Asfalto,S/D,II,Dentro,Urbana,S/D,S/D,Intersección,S/D,S/D,Diurna,S/D,S/D,S/D,Colisión,S/D,S/D,Cordón divisorio,S/D,POINT (-60.6578907 -32.950669299999994),"['Santiago', '9 de Julio']",2,Santiago; 9 de Julio,-32.950669299999994,-60.6578907,55.0,538.0,Municipio Rosario,Municipio,Rosario,820210,Servicio de Catastro e Información Territorial,IGN
2013,11490,2013-10-29,Martes,0.0,14:00:00,,0.0,2,"Moto/Ciclomotor,Automóvil",Bv. Segui Y Buenos Aires,3,2,0,0,1,0,0,,Avenida,,ROSARIO,Rosario,Asfalto,No existe,II,Dentro,Urbana,Marca Vial,No existe,Intersección,Bueno,Buena,Diurna,Buen Tiempo,Lateral,S/D,Colisión,S/D,Vertical,Línea divisoria pintada,Sin restricción,POINT (-60.640923400000005 -32.98006374999999),"['Bulevar Juan Francisco Seguí', 'Buenos Aires']",2,Bulevar Juan Francisco Seguí; Buenos Aires,-32.98006374999999,-60.640923400000005,55.0,538.0,Municipio Rosario,Municipio,Rosario,820210,Servicio de Catastro e Información Territorial,IGN
2013,11491,2013-10-30,Miercoles,0.0,18:30:00,,0.0,2,"Automóvil,Bicicleta",Av. Ovidio Lagos Y San Juan,2,1,0,0,1,0,0,,Calle,,ROSARIO,Rosario,Asfalto,S/D,II,Dentro,Urbana,Semáforo,S/D,Intersección,S/D,S/D,Atardecer,S/D,S/D,S/D,Atropello,S/D,S/D,S/D,S/D,POINT (-60.6623913 -32.945991799999994),"['Avenida Ovidio Lagos', 'San Juan']",2,Avenida Ovidio Lagos; San Juan,-32.945991799999994,-60.6623913,55.0,538.0,Municipio Rosario,Municipio,Rosario,820210,Servicio de Catastro e Información Territorial,IGN
2013,11492,2013-10-16,Miercoles,0.0,18:00:00,,0.0,2,"Moto/Ciclomotor,Pickup/Utilitario",Ayacucho Y Rueda,3,2,0,0,1,0,0,,Calle,,ROSARIO,Rosario,Asfalto,No existe,II,Dentro,Urbana,Marca Vial,No existe,Intersección,Bueno,Buena,Atardecer,Buen Tiempo,Lateral,S/D,Colisión,Ninguna,Vertical,Línea divisoria pintada,Sin restricción,POINT (-60.6331082 -32.9730883),"['Ayacucho', 'Rueda']",2,Ayacucho; Rueda,-32.9730883,-60.6331082,55.0,538.0,Municipio Rosario,Municipio,Rosario,820210,Servicio de Catastro e Información Territorial,IGN
2013,11493,2013-10-03,Jueves,0.0,19:00:00,,0.0,2,"Bicicleta,Automóvil",San Juan 3100,2,1,0,0,1,0,0,,S/D,,ROSARIO,Rosario,Asfalto,S/D,II,Dentro,Urbana,S/D,S/D,Recta,S/D,S/D,Atardecer,S/D,S/D,S/D,Atropello,S/D,S/D,Cordón divisorio,S/D,"-32.9452563, -60.6661783",['San Juan 3100'],1,San Juan 3100,-32.9452563,-60.6661783,55.0,538.0,Municipio Rosario,Municipio,Rosario,820210,Servicio de Catastro e Información Territorial,IGN
2013,11494,2013-10-20,Domingo,0.0,19:00:00,,0.0,2,"Moto/Ciclomotor,Automóvil",Av. Alberdi Bis Y Bv. Avellaneda,3,1,1,0,1,0,0,,Calle,,ROSARIO,Rosario,Hormigón,No existe,II,Dentro,Urbana,Semáforo,Funciona,Intersección,Deteriorada,Buena,S/D,Buen Tiempo,Contra objeto fijo,S/D,Colisión,S/D,S/D,Cordón divisorio,Sin restricción,POINT (-60.676114299999995 -32.92712292499999),"['Alberdi', 'Avellaneda']",2,Avenida Alberdi; Bulevar Nicolás Avellaneda,-32.92712292499999,-60.6761143,55.0,538.0,Municipio Rosario,Municipio,Rosario,820210,Servicio de Catastro e Información Territorial,IGN
2013,11497,2013-10-23,Miercoles,0.0,12:00:00,,0.0,2,"Automóvil,Moto/Ciclomotor",Crespo Y Mendoza,3,0,1,0,2,0,0,,Calle,,ROSARIO,Rosario,Asfalto,S/D,II,Dentro,Urbana,Semáforo,Funciona,Intersección,S/D,Buena,Diurna,S/D,S/D,S/D,S/D,S/D,S/D,Cordón divisorio,S/D,POINT (-60.66950320000001 -32.946183),"['Crespo', 'Mendoza']",2,Crespo; Mendoza,-32.946183,-60.66950320000001,55.0,538.0,Municipio Rosario,Municipio,Rosario,820210,Servicio de Catastro e Información Territorial,IGN
2013,11498,2013-10-19,Sabado,0.0,15:40:00,,0.0,2,"Taxi/Remis,Automóvil",Mendoza Y Lima,3,1,0,0,2,0,0,,Calle,,ROSARIO,Rosario,Asfalto,S/D,II,Dentro,Urbana,S/D,S/D,Intersección,S/D,S/D,Diurna,S/D,S/D,S/D,Colisión,S/D,S/D,Vegetación,S/D,POINT (-60.6845195 -32.94350250000001),"['Mendoza', 'Lima']",2,Mendoza; Lima,-32.94350250000001,-60.6845195,55.0,538.0,Municipio Rosario,Municipio,Rosario,820210,Servicio de Catastro e Información Territorial,IGN
2013,11503,2013-10-24,Jueves,0.0,15:00:00,,0.0,2,"Automóvil,Moto/Ciclomotor",Rio De Janeiro 740,2,1,0,0,1,0,0,,Calle,,ROSARIO,Rosario,Asfalto,S/D,II,Dentro,Urbana,S/D,S/D,Recta,S/D,S/D,Diurna,S/D,S/D,S/D,Colisión,S/D,S/D,Barrera de alto impacto,S/D,"-32.93803562448979, -60.68036700204082",['Rio De Janeiro 740'],1,Rio De Janeiro 740,-32.93803562448979,-60.68036700204082,55.0,538.0,Municipio Rosario,Municipio,Rosario,820210,Servicio de Catastro e Información Territorial,IGN
2013,11504,2013-10-25,Viernes,0.0,,,0.0,1,Bicicleta,Necochea ,2,1,0,0,1,0,0,,Calle,,ROSARIO,Rosario,Asfalto,No existe,II,S/D,Urbana,Ninguna,No existe,Recta,Con baches,Reducida,Nocturna,Buen Tiempo,S/D,S/D,Atropello,Otro,Faltante,S/D,S/D,"-32.9770099, -60.6312378",['Necochea'],1,Necochea,-32.9770099,-60.6312378,55.0,538.0,Municipio Rosario,Municipio,Rosario,820210,Servicio de Catastro e Información Territorial,IGN
2013,11505,2013-10-01,Martes,0.0,10:00:00,,0.0,2,"Moto/Ciclomotor,Automóvil",Bv. Segui Y Sarmiento,2,1,0,0,1,0,0,,S/D,,ROSARIO,Rosario,Asfalto,No existe,II,S/D,S/D,Ninguna,No existe,Intersección,Bueno,Buena,Diurna,Buen Tiempo,Lateral,S/D,Colisión,S/D,Faltante,Ninguna,Sin restricción,POINT (-60.64638135 -32.9790819),"['Bulevar Juan Francisco Seguí', 'Sarmiento']",2,Bulevar Juan Francisco Seguí; Sarmiento,-32.9790819,-60.64638135,55.0,538.0,Municipio Rosario,Municipio,Rosario,820210,Servicio de Catastro e Información Territorial,IGN
2013,11507,2013-10-20,Domingo,0.0,05:30:00,,0.0,2,"Automóvil,Automóvil",Cordoba Y Callao,5,1,0,0,4,0,0,,Calle,,ROSARIO,Rosario,Asfalto,S/D,II,Dentro,Urbana,S/D,S/D,Intersección,S/D,S/D,Nocturna,S/D,S/D,S/D,Colisión,S/D,S/D,S/D,S/D,POINT (-60.6601292 -32.94251589999998),"['Córdoba', 'Callao']",2,Córdoba; Callao,-32.94251589999998,-60.6601292,55.0,538.0,Municipio Rosario,Municipio,Rosario,820210,Servicio de Catastro e Información Territorial,IGN
2013,11508,2013-10-17,Jueves,0.0,17:40:00,,0.0,2,"Moto/Ciclomotor,Pickup/Utilitario",G.Carrasco Y Gallo,2,1,0,0,1,0,0,,Avenida,,ROSARIO,Rosario,Asfalto,No existe,II,S/D,Urbana,Semáforo,Funciona,Pendiente,Bueno,Buena,Atardecer,Buen Tiempo,Contra objeto fijo,S/D,Colisión,Otro,Horizontal,Cordón divisorio,Sin restricción,POINT (-60.686882950000005 -32.88919039999999),"['Carrasco', 'Gallo']",2,Omar Carrasco; Cangallo,-32.88919039999999,-60.686882950000005,55.0,538.0,Municipio Rosario,Municipio,Rosario,820210,Servicio de Catastro e Información Territorial,IGN
2013,11513,2013-10-27,Domingo,0.0,22:30:00,,0.0,2,"Automóvil,Moto/Ciclomotor",Av. Ovidio Lagos Y Cordoba,2,1,0,0,1,0,0,,Avenida,,ROSARIO,Rosario,S/D,S/D,II,Dentro,Urbana,S/D,S/D,Intersección,S/D,S/D,S/D,S/D,S/D,S/D,Colisión,S/D,S/D,Cordón divisorio,S/D,POINT (-60.6614607 -32.9422773),"['Avenida Ovidio Lagos', 'Córdoba']",2,Avenida Ovidio Lagos; Córdoba,-32.9422773,-60.6614607,55.0,538.0,Municipio Rosario,Municipio,Rosario,820210,Servicio de Catastro e Información Territorial,IGN
2013,11519,2013-10-04,Viernes,0.0,15:50:00,,0.0,2,"Automóvil,Taxi/Remis",Av. Corrientes Y Bv. Segui,3,1,0,0,2,0,0,,Avenida,,ROSARIO,Rosario,Asfalto,No existe,II,Dentro,Urbana,Ninguna,No existe,Intersección,Bueno,Buena,Diurna,Buen Tiempo,Lateral,S/D,Colisión,S/D,Faltante,Ninguna,Sin restricción,POINT (-60.65060229999999 -32.97832124999999),"['Corrientes', 'Bulevar Juan Francisco Seguí']",2,Corrientes; Bulevar Juan Francisco Seguí,-32.97832124999999,-60.65060229999999,55.0,538.0,Municipio Rosario,Municipio,Rosario,820210,Servicio de Catastro e Información Territorial,IGN
2013,11520,2013-10-01,Martes,0.0,07:40:00,,0.0,2,"Moto/Ciclomotor,Automóvil",24 De Setiembre Y Av. Corrientes,2,1,0,0,0,0,1,,Avenida,,ROSARIO,Rosario,Asfalto,No existe,II,Dentro,Urbana,Ninguna,No existe,Intersección,Bueno,Buena,Nocturna,Buen Tiempo,De alcance,S/D,Colisión,S/D,Faltante,Ninguna,Sin restricción,POINT (-60.65089570000001 -32.9794687),"['24 de Septiembre', 'Corrientes']",2,24 de Septiembre; Corrientes,-32.9794687,-60.65089570000001,55.0,538.0,Municipio Rosario,Municipio,Rosario,820210,Servicio de Catastro e Información Territorial,IGN
2013,11526,2013-10-03,Jueves,0.0,08:20:00,,0.0,2,"Transporte Escolar,Moto/Ciclomotor",Av. Corrientes Y Amenabar,2,1,0,0,1,0,0,,Calle,,ROSARIO,Rosario,Asfalto,No existe,II,Dentro,Urbana,Ninguna,No existe,Intersección,Bueno,Buena,Diurna,Buen Tiempo,Lateral,S/D,Colisión,S/D,Faltante,Ninguna,Sin restricción,POINT (-60.64885220000001 -32.9714548),"['Corrientes', 'Amenabar']",2,Corrientes; José de Amenábar,-32.9714548,-60.64885220000001,55.0,538.0,Municipio Rosario,Municipio,Rosario,820210,Servicio de Catastro e Información Territorial,IGN
2013,11527,2013-10-24,Jueves,0.0,15:30:00,,0.0,2,"Moto/Ciclomotor,Automóvil",Calvo Y Blas Parera,2,0,1,0,1,0,0,,Calle,,ROSARIO,Rosario,Asfalto,No existe,II,Dentro,Urbana,Ninguna,No existe,Intersección,Bueno,Buena,Diurna,Buen Tiempo,Lateral,S/D,Colisión,Otro,Horizontal,Ninguna,Sin restricción,POINT (-60.70684020000001 -32.903391699999986),"['Calvo', 'Blas Parera']",2,Calvo; Blas Parera,-32.903391699999986,-60.70684020000001,55.0,538.0,Municipio Rosario,Municipio,Rosario,820210,Servicio de Catastro e Información Territorial,IGN
2013,11529,2013-10-01,Martes,0.0,16:20:00,,0.0,2,"Automóvil,Moto/Ciclomotor",Callao Y Bv. Segui,2,1,0,0,1,0,0,,Avenida,,ROSARIO,Rosario,Asfalto,No existe,II,Dentro,Urbana,Ninguna,No existe,Intersección,Bueno,Buena,Diurna,Buen Tiempo,Lateral,S/D,Colisión,S/D,Faltante,Ninguna,Sin restricción,POINT (-60.6682971 -32.97516315),"['Callao', 'Bulevar Juan Francisco Seguí']",2,Callao; Bulevar Juan Francisco Seguí,-32.97516315,-60.6682971,55.0,538.0,Municipio Rosario,Municipio,Rosario,820210,Servicio de Catastro e Información Territorial,IGN
2013,11531,2013-10-03,Jueves,0.0,21:45:00,,0.0,2,"Automóvil,Automóvil",Centeno Y España,2,1,0,0,1,0,0,,Calle,,ROSARIO,Rosario,Asfalto,No existe,II,Dentro,Urbana,Ninguna,No existe,Intersección,Bueno,Buena,Nocturna,Buen Tiempo,De alcance,S/D,Colisión,S/D,Faltante,Ninguna,Sin restricción,POINT (-60.6561499 -32.98333439999999),"['Centeno', 'España']",2,Coronel Centeno; España,-32.98333439999999,-60.6561499,55.0,538.0,Municipio Rosario,Municipio,Rosario,820210,Servicio de Catastro e Información Territorial,IGN
2013,11532,2013-10-05,Sabado,0.0,09:00:00,,0.0,2,"Automóvil,Moto/Ciclomotor",Ayolas Y San Martin,3,2,0,0,1,0,0,,Avenida,,ROSARIO,Rosario,Asfalto,No existe,II,Dentro,Urbana,Ninguna,No existe,Intersección,Bueno,Buena,Diurna,Buen Tiempo,Lateral,S/D,Colisión,S/D,Faltante,Ninguna,Sin restricción,POINT (-60.644083949999995 -32.97709834999999),"['Ayolas', 'San Martin']",2,Ayolas; José de San Martín,-32.97709834999999,-60.64408395,55.0,538.0,Municipio Rosario,Municipio,Rosario,820210,Servicio de Catastro e Información Territorial,IGN
2013,11533,2013-10-16,Miercoles,0.0,13:00:00,,0.0,2,"Moto/Ciclomotor,Automóvil",San Martin Y Pte.Quintana,2,1,0,0,1,0,0,,Avenida,,ROSARIO,Rosario,Asfalto,No existe,II,Dentro,Urbana,Ninguna,No existe,Intersección,Bueno,S/D,Diurna,Buen Tiempo,De alcance,S/D,Colisión,S/D,Faltante,Ninguna,Sin restricción,POINT (-60.6450385 -32.982916249999995),"['San Martin', 'Quintana']",2,"('José de San Martín', 'Presidente Quintana')",-32.982916249999995,-60.6450385,55.0,538.0,Municipio Rosario,Municipio,Rosario,820210,Servicio de Catastro e Información Territorial,IGN
2013,11536,2013-10-07,Lunes,0.0,12:20:00,,0.0,2,"Automóvil,Automóvil",Biedma Y Italia,2,1,0,0,1,0,0,,Calle,,ROSARIO,Rosario,Asfalto,No existe,II,Dentro,Urbana,Ninguna,No existe,Intersección,Bueno,Buena,Diurna,Buen Tiempo,Lateral,S/D,Colisión,S/D,Faltante,Ninguna,Sin restricción,POINT (-60.656682 -32.9796508),"['Coronel Biedma', 'Italia']",2,Coronel Biedma; Italia,-32.9796508,-60.656682,55.0,538.0,Municipio Rosario,Municipio,Rosario,820210,Servicio de Catastro e Información Territorial,IGN
2013,11537,2013-10-03,Jueves,0.0,13:35:00,,0.0,2,"Bicicleta,Automóvil",Av. Uriburu Y Vuelta De Obligado,2,1,0,0,1,0,0,,Avenida,,ROSARIO,Rosario,Asfalto,No existe,II,Dentro,Urbana,Ninguna,No existe,Intersección,Bueno,Buena,Diurna,Buen Tiempo,S/D,S/D,Atropello,S/D,Faltante,Ninguna,Sin restricción,POINT (-60.663032 -32.99120535),"['Uriburu', 'Vuelta de Obligado']",2,Avenida José Uriburu; Vuelta de Obligado,-32.99120535,-60.663032,55.0,538.0,Municipio Rosario,Municipio,Rosario,820210,Servicio de Catastro e Información Territorial,IGN
2013,11538,2013-11-01,Viernes,1.0,18:20:00,,0.0,2,"Automóvil,Automóvil",Comodoro Rivadavia Y Santiago,3,2,0,0,1,0,0,,Calle,,ROSARIO,Rosario,Asfalto,No existe,II,Dentro,Urbana,Ninguna,No existe,Intersección,Bueno,Buena,Diurna,Buen Tiempo,Lateral,S/D,Colisión,S/D,Faltante,Ninguna,Sin restricción,POINT (-60.6680318 -32.99079780000001),"['Comodoro Rivadavia', 'Santiago']",2,Comodoro Rivadavia; Santiago,-32.99079780000001,-60.6680318,55.0,538.0,Municipio Rosario,Municipio,Rosario,820210,Servicio de Catastro e Información Territorial,IGN
2013,11540,2013-10-07,Lunes,0.0,10:30:00,,0.0,2,"Automóvil,Moto/Ciclomotor",Pueyrredon Y Bv. Segui,2,1,0,0,1,0,0,,Avenida,,ROSARIO,Rosario,Asfalto,No existe,II,Dentro,Urbana,Ninguna,No existe,Intersección,Bueno,Buena,Diurna,Buen Tiempo,Lateral,S/D,Colisión,S/D,Faltante,Ninguna,Sin restricción,POINT (-60.66559335 -32.97564369999999),"['Pueyrredón', 'Bulevar Juan Francisco Seguí']",2,Pueyrredón; Bulevar Juan Francisco Seguí,-32.97564369999999,-60.66559335,55.0,538.0,Municipio Rosario,Municipio,Rosario,820210,Servicio de Catastro e Información Territorial,IGN
2013,11541,2013-11-01,Viernes,1.0,21:45:00,,0.0,2,"Moto/Ciclomotor,Automóvil",San Martin 3700,2,1,0,0,0,0,1,,Calle,,ROSARIO,Rosario,Asfalto,No existe,II,Dentro,Urbana,Ninguna,No existe,Intersección,Bueno,Buena,Nocturna,Buen Tiempo,Lateral,S/D,Colisión,S/D,Faltante,Ninguna,Sin restricción,"-32.9764777, -60.6372639",['San Martin 3700'],1,San Martin 3700,-32.9764777,-60.6372639,55.0,538.0,Municipio Rosario,Municipio,Rosario,820210,Servicio de Catastro e Información Territorial,IGN
2013,11545,2013-10-10,Jueves,0.0,23:30:00,,0.0,2,"Automóvil,Automóvil",Av. Corrientes 4800,3,1,0,0,2,0,0,,Calle,,ROSARIO,Rosario,Asfalto,No existe,II,Dentro,Urbana,Ninguna,No existe,Recta,Bueno,Buena,Nocturna,Buen Tiempo,De alcance,S/D,Colisión,S/D,Faltante,Ninguna,Sin restricción,"-32.9611191, -60.6462178",['Corrientes 4800'],1,Corrientes 4800,-32.9611191,-60.6462178,55.0,538.0,Municipio Rosario,Municipio,Rosario,820210,Servicio de Catastro e Información Territorial,IGN
2013,11547,2013-10-06,Domingo,0.0,22:15:00,,0.0,2,"Automóvil,Automóvil",Av. Uriburu Y Av. Corrientes,7,6,0,0,1,0,0,,Avenida,,ROSARIO,Rosario,Asfalto,No existe,II,Dentro,Urbana,Ninguna,No existe,Intersección,Bueno,Buena,Nocturna,Buen Tiempo,Lateral,S/D,Colisión,S/D,Faltante,Ninguna,Sin restricción,POINT (-60.653706549999995 -32.99091685),"['Uriburu', 'Corrientes']",2,Avenida José Uriburu; Corrientes,-32.99091685,-60.65370655,55.0,538.0,Municipio Rosario,Municipio,Rosario,820210,Servicio de Catastro e Información Territorial,IGN
2013,11548,2013-10-11,Viernes,0.0,,,0.0,2,"Automóvil,Automóvil",Ayacucho Y Reg.11 de Infanteria,2,1,0,0,1,0,0,,Calle,,ROSARIO,Rosario,Asfalto,No existe,II,Dentro,Urbana,Ninguna,No existe,Intersección,S/D,S/D,S/D,Buen Tiempo,Lateral,S/D,Colisión,S/D,S/D,Ninguna,Sin restricción,POINT (-60.6364342 -32.9984412),"['Ayacucho', 'Regimiento 11']",2,Ayacucho; Regimiento 11,-32.9984412,-60.6364342,55.0,538.0,Municipio Rosario,Municipio,Rosario,820210,Servicio de Catastro e Información Territorial,IGN
2013,11549,2013-10-27,Domingo,0.0,,,0.0,2,"Peatón,Pickup/Utilitario",Ayacucho Y Rui Barbosa,2,1,0,0,1,0,0,,Calle,,ROSARIO,Rosario,Asfalto,No existe,II,Dentro,Urbana,Ninguna,No existe,Intersección,Bueno,S/D,Diurna,Buen Tiempo,S/D,S/D,Atropello,S/D,S/D,Ninguna,Sin restricción,POINT (-60.6358998 -33.00598659999999),"['Ayacucho', 'Rui Barbosa']",2,Ayacucho; Rui Barbosa,-33.00598659999999,-60.6358998,55.0,538.0,Municipio Rosario,Municipio,Rosario,820210,Servicio de Catastro e Información Territorial,IGN
2013,11552,2013-10-10,Jueves,0.0,,,0.0,2,"Moto/Ciclomotor,Automóvil",Av. Bermudez Y Sanchez de Bustamante,5,4,0,0,1,0,0,,Calle,,ROSARIO,Rosario,Asfalto,No existe,II,Dentro,Urbana,Ninguna,No existe,Intersección,S/D,S/D,S/D,Buen Tiempo,Lateral,S/D,Colisión,S/D,S/D,Ninguna,S/D,POINT (-60.64258159999999 -33.0018078),"['Bermudez', 'Sánchez de Bustamante']",2,Avenida José Bermúdez; Sánchez de Bustamante,-33.0018078,-60.64258159999999,55.0,538.0,Municipio Rosario,Municipio,Rosario,820210,Servicio de Catastro e Información Territorial,IGN
2013,11557,2013-10-18,Viernes,0.0,19:00:00,,0.0,2,"Automóvil,Tracción animal / Carro",Francisco De Miranda ,5,4,0,0,1,0,0,,Calle,,ROSARIO,Rosario,Asfalto,No existe,II,Dentro,Urbana,Ninguna,No existe,Curva,Deteriorada,Buena,Diurna,Buen Tiempo,S/D,S/D,Colisión,Otro,Faltante,Ninguna,Sin restricción,"-32.8718672, -60.6945313",['Francisco de Miranda'],1,Francisco de Miranda,-32.8718672,-60.6945313,55.0,538.0,Municipio Rosario,Municipio,Rosario,820210,Servicio de Catastro e Información Territorial,IGN
2013,11558,2013-10-18,Viernes,0.0,18:20:00,,0.0,2,"Moto/Ciclomotor,Automóvil",Hilarion de la Quintana Y Salva,2,1,0,0,1,0,0,,Calle,,ROSARIO,Rosario,S/D,No existe,II,Dentro,Urbana,Ninguna,No existe,Intersección,S/D,Buena,Diurna,Buen Tiempo,Lateral,S/D,Colisión,S/D,S/D,Ninguna,Sin restricción,POINT (-60.640304 -33.00067959999999),"['Hilarión de la Quintana', 'Salva']",2,Hilarión de la Quintana; Salvat,-33.00067959999999,-60.640304,55.0,538.0,Municipio Rosario,Municipio,Rosario,820210,Servicio de Catastro e Información Territorial,IGN
2013,11560,2013-10-08,Martes,0.0,17:20:00,,0.0,2,"Automóvil,Moto/Ciclomotor",San Martin Y Saavedra,4,1,0,0,3,0,0,,Avenida,,ROSARIO,Rosario,Asfalto,No existe,II,Dentro,Urbana,Ninguna,No existe,Intersección,Bueno,Buena,Diurna,Buen Tiempo,Lateral,S/D,Colisión,S/D,Faltante,Ninguna,Sin restricción,POINT (-60.64439204999999 -32.978251650000004),"['San Martin', 'Saavedra']",2,José de San Martín; Saavedra,-32.978251650000004,-60.64439204999999,55.0,538.0,Municipio Rosario,Municipio,Rosario,820210,Servicio de Catastro e Información Territorial,IGN
2013,11562,2013-10-06,Domingo,0.0,23:00:00,,0.0,2,"Bicicleta,Automóvil",San Martin Y Av. Uriburu,2,1,0,0,1,0,0,,Avenida,,ROSARIO,Rosario,Asfalto,No existe,II,Dentro,Urbana,Ninguna,Funciona,Intersección,S/D,Buena,Nocturna,Buen Tiempo,S/D,S/D,Atropello,S/D,Faltante,Ninguna,Sin restricción,POINT (-60.646703949999996 -32.99069289999999),"['San Martin', 'Uriburu']",2,José de San Martín; Avenida José Uriburu,-32.99069289999999,-60.64670395,55.0,538.0,Municipio Rosario,Municipio,Rosario,820210,Servicio de Catastro e Información Territorial,IGN
2013,11564,2013-10-22,Martes,0.0,18:20:00,,0.0,2,"Automóvil,Moto/Ciclomotor",Av. Ntra.Sra.del Rosario Y El Mangrullo,3,1,1,0,1,0,0,,Avenida,,ROSARIO,Rosario,Asfalto,No existe,II,Dentro,Urbana,Ninguna,No existe,Intersección,"Con baches,Deteriorada",Buena,Diurna,S/D,Lateral,S/D,Colisión,S/D,S/D,Ninguna,Sin restricción,POINT (-60.615388300000006 -32.999675499999995),"['Nuestra Señora del Rosario', 'El Mangrullo']",2,Puente Nuestra Señora del Rosario; El Mangrullo,-32.999675499999995,-60.615388300000006,55.0,538.0,Municipio Rosario,Municipio,Rosario,820210,Servicio de Catastro e Información Territorial,IGN