anio_acci,nro_acci,fecha,desc_dia,fecha_aprox,hora_aprox,desc_ruta,km,cant_participantes,desc_participante,calle_avenida_km,total,heridos_leves,heridos_graves,heridos_gravisimos,ilesos,fallecidos,sin_datos,posicion_XY,desc_tipo_via,desc_ruta_ori,desc_loc,desc_dpto,desc_tipo_calzada,desc_tipo_banquina,desc_unidad_regional,desc_lugar_calzada,desc_zona,desc_prioridad,desc_estado_semaforo,desc_lugar_via,desc_estado_via,desc_estado_visibilidad,desc_luminosidad,desc_estado_clima,desc_tipo_colision,desc_tipo_atropello,desc_tipo_hecho,desc_pres_calzada,desc_senializacion,desc_separacion_via,desc_restriccion,forma_geocod,calle_lista,numero_calles,calles_osm,lat,lon,index_right,gid,fna,gna,nam,in1,fdc,sag
2013,11569,2013-10-31,Jueves,0.0,09:00:00,,0.0,2,"Moto/Ciclomotor,Automóvil",Pte.Roca Y Biedma,2,1,0,0,1,0,0,,Avenida,,ROSARIO,Rosario,Asfalto,No existe,II,Dentro,Urbana,Ninguna,No existe,Intersección,Bueno,Buena,Diurna,Buen Tiempo,Lateral,S/D,Colisión,S/D,Faltante,Ninguna,Sin restricción,POINT (-60.6539217 -32.9801492),"['Roca', 'Coronel Biedma']",2,Presidente Roca; Coronel Biedma,-32.9801492,-60.6539217,55.0,538.0,Municipio Rosario,Municipio,Rosario,820210,Servicio de Catastro e Información Territorial,IGN
2013,11570,2013-10-08,Martes,0.0,10:00:00,,0.0,2,"Pickup/Utilitario,Moto/Ciclomotor",España 4300,2,1,0,0,1,0,0,,Calle,,ROSARIO,Rosario,Asfalto,No existe,II,Dentro,Urbana,Ninguna,No existe,Intersección,Bueno,Buena,Diurna,Buen Tiempo,Lateral,S/D,Colisión,S/D,Faltante,Ninguna,Sin restricción,"-32.9855198, -60.6567428",['España 4300'],1,España 4300,-32.9855198,-60.6567428,55.0,538.0,Municipio Rosario,Municipio,Rosario,820210,Servicio de Catastro e Información Territorial,IGN
2013,11573,2013-10-24,Jueves,0.0,20:00:00,,0.0,2,"Moto/Ciclomotor,Automóvil",Av. Ntra.Sra.del Rosario Y Checoslovaquia,3,2,0,0,1,0,0,,Avenida,,ROSARIO,Rosario,Asfalto,No existe,II,Dentro,Urbana,Ninguna,No existe,Intersección,S/D,S/D,Nocturna,Buen Tiempo,Lateral,S/D,Colisión,S/D,S/D,Ninguna,Sin restricción,POINT (-60.61911785 -32.9985536),"['Nuestra Señora del Rosario', 'Checoslovaquia']",2,Puente Nuestra Señora del Rosario; República de Checoslovaquia,-32.9985536,-60.61911785,55.0,538.0,Municipio Rosario,Municipio,Rosario,820210,Servicio de Catastro e Información Territorial,IGN
2013,11574,2013-10-07,Lunes,0.0,,,0.0,2,"Peatón,Moto/Ciclomotor",San Martin Y Av. Uriburu,2,1,0,0,1,0,0,,Avenida,,ROSARIO,Rosario,S/D,S/D,II,S/D,Urbana,S/D,S/D,S/D,S/D,S/D,S/D,S/D,S/D,S/D,Atropello,S/D,S/D,S/D,S/D,POINT (-60.646703949999996 -32.99069289999999),"['San Martin', 'Uriburu']",2,José de San Martín; Avenida José Uriburu,-32.99069289999999,-60.64670395,55.0,538.0,Municipio Rosario,Municipio,Rosario,820210,Servicio de Catastro e Información Territorial,IGN
2013,11580,2013-10-06,Domingo,0.0,,,0.0,2,"Automóvil,Automóvil",Av. Ntra.Sra.del Rosario Y Ayacucho,1,1,0,0,0,0,0,,Avenida,,ROSARIO,Rosario,S/D,No existe,II,Dentro,Urbana,S/D,Funciona,Intersección,Bueno,S/D,Nocturna,Buen Tiempo,Contra objeto fijo,S/D,Colisión,S/D,S/D,Ninguna,S/D,POINT (-60.63633029999999 -32.99953090000001),"['Nuestra Señora del Rosario', 'Ayacucho']",2,Puente Nuestra Señora del Rosario; Ayacucho,-32.99953090000001,-60.63633029999999,55.0,538.0,Municipio Rosario,Municipio,Rosario,820210,Servicio de Catastro e Información Territorial,IGN
2013,11581,2013-10-25,Viernes,0.0,23:45:00,,0.0,2,"Automóvil,Automóvil",Av. Uriburu Y Ayacucho,6,4,0,0,2,0,0,,Calle,,ROSARIO,Rosario,Asfalto,No existe,II,S/D,Urbana,Semáforo,Intermitente,Intersección,S/D,S/D,Nocturna,S/D,Lateral,S/D,Colisión,S/D,S/D,Ninguna,Sin restricción,POINT (-60.63691935000001 -32.990357849999995),"['Uriburu', 'Ayacucho']",2,Avenida José Uriburu; Ayacucho,-32.990357849999995,-60.63691935000001,55.0,538.0,Municipio Rosario,Municipio,Rosario,820210,Servicio de Catastro e Información Territorial,IGN
2013,11583,2013-10-08,Martes,0.0,16:50:00,,0.0,2,"Automóvil,Moto/Ciclomotor",Av. Corrientes 3500,2,1,0,0,1,0,0,,Calle,,ROSARIO,Rosario,Asfalto,No existe,II,S/D,Urbana,Ninguna,No existe,Intersección,Bueno,Buena,Diurna,Buen Tiempo,Lateral,S/D,Colisión,S/D,Faltante,Ninguna,Sin restricción,"-32.9770555, -60.6503615",['Corrientes 3500'],1,Corrientes 3500,-32.9770555,-60.6503615,55.0,538.0,Municipio Rosario,Municipio,Rosario,820210,Servicio de Catastro e Información Territorial,IGN
2013,11587,2013-10-09,Miercoles,0.0,14:45:00,,0.0,2,"Bicicleta,Automóvil",San Martin Y Ayolas,2,1,0,0,1,0,0,,Avenida,,ROSARIO,Rosario,Asfalto,No existe,II,Dentro,Urbana,Ninguna,No existe,Recta,Bueno,Buena,Diurna,Buen Tiempo,S/D,S/D,Atropello,S/D,Faltante,Ninguna,Sin restricción,POINT (-60.644083949999995 -32.97709834999999),"['San Martin', 'Ayolas']",2,José de San Martín; Ayolas,-32.97709834999999,-60.64408395,55.0,538.0,Municipio Rosario,Municipio,Rosario,820210,Servicio de Catastro e Información Territorial,IGN
2013,11593,2013-10-09,Miercoles,0.0,,,0.0,2,"Pickup/Utilitario,Moto/Ciclomotor",Bv. Segui Y Sarmiento,3,2,0,0,1,0,0,,S/D,,ROSARIO,Rosario,Asfalto,No existe,II,S/D,Urbana,Ninguna,No existe,Intersección,S/D,Buena,Nocturna,Buen Tiempo,Lateral,S/D,Colisión,S/D,Faltante,Ninguna,Sin restricción,POINT (-60.64638135 -32.9790819),"['Bulevar Juan Francisco Seguí', 'Sarmiento']",2,Bulevar Juan Francisco Seguí; Sarmiento,-32.9790819,-60.64638135,55.0,538.0,Municipio Rosario,Municipio,Rosario,820210,Servicio de Catastro e Información Territorial,IGN
2013,11594,2013-10-05,Sabado,0.0,17:30:00,,0.0,3,"Moto/Ciclomotor,Automóvil,Automóvil",Av. Bermudez Y Av. Arijon,9,2,0,0,7,0,0,,Calle,,ROSARIO,Rosario,Asfalto,No existe,II,Dentro,Urbana,Ninguna,No existe,Intersección,Con baches,Buena,Diurna,S/D,Múltiple,S/D,Colisión,S/D,S/D,Ninguna,Sin restricción,POINT (-60.64252140000001 -33.0028669),"['Bermudez', 'Avenida Manuel Arijón']",2,Avenida José Bermúdez; Avenida Manuel Arijón,-33.0028669,-60.64252140000001,55.0,538.0,Municipio Rosario,Municipio,Rosario,820210,Servicio de Catastro e Información Territorial,IGN
2013,11607,2013-10-10,Jueves,0.0,11:30:00,,0.0,2,"Automóvil,Automóvil",Av. Uriburu Y Pte.Roca,2,1,0,0,1,0,0,,Avenida,,ROSARIO,Rosario,Asfalto,No existe,II,Dentro,Urbana,Ninguna,No existe,Intersección,Bueno,Buena,Diurna,Buen Tiempo,Lateral,S/D,Colisión,S/D,Faltante,S/D,Sin restricción,POINT (-60.65665205 -32.9910065),"['Uriburu', 'Roca']",2,Avenida José Uriburu; Presidente Roca,-32.9910065,-60.65665205,55.0,538.0,Municipio Rosario,Municipio,Rosario,820210,Servicio de Catastro e Información Territorial,IGN
2013,11611,2013-10-10,Jueves,0.0,13:30:00,,0.0,2,"Taxi/Remis,Moto/Ciclomotor",Milan Y Balcarce,2,1,0,0,1,0,0,,Calle,,ROSARIO,Rosario,Asfalto,No existe,II,Dentro,Urbana,Ninguna,No existe,Intersección,Bueno,Buena,Diurna,Buen Tiempo,Lateral,S/D,Colisión,S/D,Faltante,Ninguna,Sin restricción,POINT (-60.6630337 -32.988083399999994),"['Milán', 'Balcarce']",2,Milán; Balcarce,-32.988083399999994,-60.6630337,55.0,538.0,Municipio Rosario,Municipio,Rosario,820210,Servicio de Catastro e Información Territorial,IGN
2013,11662,2013-10-10,Jueves,0.0,07:00:00,,0.0,2,"Otros,Otros",Bv. Rondeau Y Nansen,2,1,0,0,1,0,0,,Avenida,,ROSARIO,Rosario,Asfalto,No existe,I,Dentro,Urbana,Semáforo,Funciona,Recta,Bueno,Buena,Diurna,Buen Tiempo,Lateral,S/D,Colisión,S/D,Horizontal,Cordón divisorio,Sin restricción,POINT (-60.68788825 -32.909382825),"['Rondeau', 'Nansen']",2,Bulevar General José Rondeau; Avenida Nansen,-32.909382825,-60.68788825,55.0,538.0,Municipio Rosario,Municipio,Rosario,820210,Servicio de Catastro e Información Territorial,IGN
2013,11913,2013-11-17,Domingo,0.0,17:00:00,,0.0,2,"Moto/Ciclomotor,Automóvil",Av. Jorge Cura Y Bv. Oroño,3,1,1,0,1,0,0,,Calle,,ROSARIO,Rosario,Asfalto,No existe,II,Dentro,Urbana,Ninguna,No existe,Intersección,Bueno,Buena,Diurna,Buen Tiempo,Lateral,S/D,Colisión,Otro,Faltante,Ninguna,Sin restricción,POINT (-60.6603234 -32.971199399999996),"['Avenida Jorge Cura', 'Bulevar Nicasio Oroño']",2,Avenida Jorge Cura; Bulevar Nicasio Oroño,-32.9711994,-60.6603234,55.0,538.0,Municipio Rosario,Municipio,Rosario,820210,Servicio de Catastro e Información Territorial,IGN
2013,11917,2013-11-17,Domingo,0.0,10:30:00,,0.0,2,"Moto/Ciclomotor,Bicicleta",Rodriguez Y Av. Jorge Cura,2,2,0,0,0,0,0,,Avenida,,ROSARIO,Rosario,Asfalto,No existe,II,Dentro,Urbana,Ninguna,No existe,Intersección,Bueno,Buena,Diurna,Buen Tiempo,S/D,S/D,Atropello,S/D,Faltante,Ninguna,Sin restricción,POINT (-60.6656507 -32.970242),"['Rodríguez', 'Avenida Jorge Cura']",2,Rodríguez de Escobedo; Avenida Jorge Cura,-32.970242,-60.6656507,55.0,538.0,Municipio Rosario,Municipio,Rosario,820210,Servicio de Catastro e Información Territorial,IGN
2013,11924,2013-11-29,Viernes,0.0,08:00:00,,0.0,2,"Automóvil,Automóvil",Bv. 27 De Febrero 1100,3,1,0,0,2,0,0,,Avenida,,ROSARIO,Rosario,Asfalto,S/D,II,S/D,Urbana,S/D,Funciona,Recta,Bueno,S/D,S/D,S/D,Frontal,S/D,Colisión,S/D,Vertical,S/D,S/D,"-32.9675156, -60.6431799",['27 De Febrero 1100'],1,27 De Febrero 1100,-32.9675156,-60.6431799,55.0,538.0,Municipio Rosario,Municipio,Rosario,820210,Servicio de Catastro e Información Territorial,IGN
2013,11926,2013-11-16,Sabado,0.0,13:00:00,,0.0,2,"Moto/Ciclomotor,Automóvil",Ayacucho Y Muñoz,3,2,0,0,1,0,0,,Calle,,ROSARIO,Rosario,Asfalto,No existe,II,Dentro,Urbana,Ninguna,Funciona,Intersección,Bueno,Buena,Diurna,Buen Tiempo,Lateral,S/D,Colisión,Agua,S/D,Ninguna,Sin restricción,POINT (-60.6358186 -33.00798210000001),"['Ayacucho', 'Muñoz']",2,Ayacucho; Osella Muñoz,-33.00798210000001,-60.6358186,55.0,538.0,Municipio Rosario,Municipio,Rosario,820210,Servicio de Catastro e Información Territorial,IGN
2013,11927,2013-11-16,Sabado,0.0,11:00:00,,0.0,2,"Peatón,Otros",Bv. Segui 1700,2,1,0,0,0,0,1,,Avenida,,ROSARIO,Rosario,Asfalto,No existe,II,Dentro,Urbana,Ninguna,No existe,Intersección,Bueno,Buena,Diurna,Buen Tiempo,S/D,S/D,"Colisión,Atropello",S/D,Faltante,Ninguna,Sin restricción,"-32.9774569, -60.6544696",['Bulevar Juan Francisco Seguí 1700'],1,Bulevar Juan Francisco Seguí 1700,-32.9774569,-60.6544696,55.0,538.0,Municipio Rosario,Municipio,Rosario,820210,Servicio de Catastro e Información Territorial,IGN
2013,11930,2013-11-23,Sabado,0.0,22:10:00,,0.0,2,"Automóvil,Automóvil",Ayacucho Y Saavedra,2,1,0,0,1,0,0,,Calle,,ROSARIO,Rosario,Asfalto,No existe,II,Dentro,Urbana,Marca Vial,No existe,Intersección,Bueno,Buena,"Nocturna,Con luz artificial",Buen Tiempo,Lateral,S/D,Colisión,Otro,Vertical,Línea divisoria pintada,Sin restricción,POINT (-60.63530850000001 -32.9798574),"['Ayacucho', 'Saavedra']",2,Ayacucho; Saavedra,-32.9798574,-60.63530850000001,55.0,538.0,Municipio Rosario,Municipio,Rosario,820210,Servicio de Catastro e Información Territorial,IGN
2013,11931,2013-11-26,Martes,0.0,18:45:00,,0.0,2,"Peatón,Automóvil",España ,2,1,0,0,1,0,0,,Calle,,ROSARIO,Rosario,Asfalto,S/D,II,Dentro,Urbana,S/D,S/D,Recta,Bueno,Buena,Atardecer,Buen Tiempo,S/D,S/D,Atropello,S/D,S/D,S/D,S/D,"-32.9367746, -60.6444305",['España'],1,España,-32.9367746,-60.6444305,55.0,538.0,Municipio Rosario,Municipio,Rosario,820210,Servicio de Catastro e Información Territorial,IGN
2013,11932,2013-11-18,Lunes,0.0,17:00:00,,0.0,2,"Peatón,Otros",Av. Jorge Cura Y Bv. Oroño,2,1,0,0,0,0,1,,Avenida,,ROSARIO,Rosario,S/D,S/D,II,Dentro,Urbana,S/D,S/D,Intersección,S/D,S/D,Diurna,S/D,S/D,S/D,Atropello,S/D,S/D,S/D,S/D,POINT (-60.6603234 -32.971199399999996),"['Avenida Jorge Cura', 'Bulevar Nicasio Oroño']",2,Avenida Jorge Cura; Bulevar Nicasio Oroño,-32.9711994,-60.6603234,55.0,538.0,Municipio Rosario,Municipio,Rosario,820210,Servicio de Catastro e Información Territorial,IGN
2013,11936,2013-11-22,Viernes,0.0,02:00:00,,0.0,2,"Moto/Ciclomotor,Automóvil",Colon Y Biedma,2,1,0,0,1,0,0,,Calle,,ROSARIO,Rosario,Asfalto,No existe,II,Dentro,Urbana,Marca Vial,No existe,Intersección,Bueno,Buena,"Nocturna,Con luz artificial",Buen Tiempo,Lateral,S/D,Colisión,Ninguna,Vertical,Línea divisoria pintada,Sin restricción,POINT (-60.6342981 -32.983636399999995),"['Colon', 'Coronel Biedma']",2,Cristóbal Colón; Coronel Biedma,-32.983636399999995,-60.6342981,55.0,538.0,Municipio Rosario,Municipio,Rosario,820210,Servicio de Catastro e Información Territorial,IGN
2013,11937,2013-11-18,Lunes,0.0,14:50:00,,0.0,2,"Automóvil,Moto/Ciclomotor",Bv. Oroño Y Av. Jorge Cura,2,2,0,0,0,0,0,,Avenida,,ROSARIO,Rosario,Asfalto,No existe,II,Dentro,Urbana,Ninguna,No existe,Intersección,Bueno,Buena,Diurna,Buen Tiempo,Lateral,S/D,Colisión,Otro,Faltante,Ninguna,Sin restricción,POINT (-60.6603234 -32.971199399999996),"['Bulevar Nicasio Oroño', 'Avenida Jorge Cura']",2,Bulevar Nicasio Oroño; Avenida Jorge Cura,-32.9711994,-60.6603234,55.0,538.0,Municipio Rosario,Municipio,Rosario,820210,Servicio de Catastro e Información Territorial,IGN
2013,11942,2013-11-29,Viernes,0.0,19:40:00,,0.0,2,"Automóvil,Moto/Ciclomotor",Galvez Y Sarmiento,2,1,0,0,1,0,0,,Calle,,ROSARIO,Rosario,Asfalto,S/D,II,S/D,Urbana,S/D,S/D,Intersección,Bueno,Buena,Atardecer,S/D,Lateral,S/D,Colisión,S/D,Faltante,S/D,S/D,POINT (-60.6437699 -32.968772),"['Galvez', 'Sarmiento']",2,José Gálvez; Sarmiento,-32.968772,-60.6437699,55.0,538.0,Municipio Rosario,Municipio,Rosario,820210,Servicio de Catastro e Información Territorial,IGN
2013,11943,2013-11-22,Viernes,0.0,08:00:00,,0.0,2,"Moto/Ciclomotor,Automóvil",Necochea Y Garay,3,2,0,0,1,0,0,,Calle,,ROSARIO,Rosario,Asfalto,No existe,II,Dentro,Urbana,Marca Vial,No existe,Intersección,Bueno,Buena,Diurna,Buen Tiempo,Lateral,S/D,Colisión,Ninguna,Vertical,Línea divisoria pintada,Sin restricción,POINT (-60.631237799999994 -32.9770099),"['Necochea', 'Garay']",2,Necochea; Juan de Garay,-32.9770099,-60.6312378,55.0,538.0,Municipio Rosario,Municipio,Rosario,820210,Servicio de Catastro e Información Territorial,IGN
2013,11944,2013-11-19,Martes,0.0,,,0.0,2,"Pickup/Utilitario,Moto/Ciclomotor",San Martin Y Ayolas,2,1,0,0,1,0,0,,Calle,,ROSARIO,Rosario,Asfalto,No existe,II,Dentro,Urbana,Semáforo,Funciona,Recta,Bueno,Buena,Diurna,Buen Tiempo,De alcance,S/D,Colisión,Otro,Faltante,Ninguna,Sin restricción,POINT (-60.644083949999995 -32.97709834999999),"['San Martin', 'Ayolas']",2,José de San Martín; Ayolas,-32.97709834999999,-60.64408395,55.0,538.0,Municipio Rosario,Municipio,Rosario,820210,Servicio de Catastro e Información Territorial,IGN
2013,11946,2013-11-24,Domingo,0.0,,,0.0,2,"Moto/Ciclomotor,Automóvil",Av. Ntra.Sra.del Rosario Y Ayacucho,2,1,0,0,1,0,0,,Calle,,ROSARIO,Rosario,Asfalto,No existe,II,Dentro,Urbana,Semáforo,Funciona,Intersección,Bueno,Buena,S/D,Buen Tiempo,Lateral,S/D,Colisión,S/D,S/D,Línea divisoria pintada,Sin restricción,POINT (-60.63633029999999 -32.99953090000001),"['Nuestra Señora del Rosario', 'Ayacucho']",2,Puente Nuestra Señora del Rosario; Ayacucho,-32.99953090000001,-60.63633029999999,55.0,538.0,Municipio Rosario,Municipio,Rosario,820210,Servicio de Catastro e Información Territorial,IGN
2013,11947,2013-11-19,Martes,0.0,19:50:00,,0.0,2,"Taxi/Remis,Moto/Ciclomotor",Saavedra Y Av. Corrientes,2,1,0,0,1,0,0,,Calle,,ROSARIO,Rosario,Asfalto,No existe,II,Dentro,Urbana,Ninguna,No existe,Intersección,Bueno,Buena,Diurna,Buen Tiempo,Lateral,S/D,Colisión,Otro,Faltante,Ninguna,Sin restricción,POINT (-60.6503148 -32.9771937),"['Saavedra', 'Corrientes']",2,Saavedra; Corrientes,-32.9771937,-60.6503148,55.0,538.0,Municipio Rosario,Municipio,Rosario,820210,Servicio de Catastro e Información Territorial,IGN
2013,11950,2013-11-20,Miercoles,0.0,08:30:00,,0.0,2,"Moto/Ciclomotor,Automóvil",Sanchez de Bustamante Y Av. Corrientes,2,1,0,0,1,0,0,,Calle,,ROSARIO,Rosario,Asfalto,No existe,II,Dentro,Urbana,Ninguna,No existe,Intersección,Bueno,Buena,Diurna,Buen Tiempo,Lateral,S/D,Colisión,Otro,Faltante,Ninguna,Sin restricción,POINT (-60.65327370000001 -33.00215680000001),"['Sánchez de Bustamante', 'Corrientes']",2,Sánchez de Bustamante; Corrientes,-33.00215680000001,-60.65327370000001,55.0,538.0,Municipio Rosario,Municipio,Rosario,820210,Servicio de Catastro e Información Territorial,IGN
2013,11954,2013-11-17,Domingo,0.0,15:20:00,,0.0,2,"Automóvil,Taxi/Remis",Av. Pte.Peron Y Av. Ovidio Lagos,5,4,0,0,1,0,0,,Calle,,ROSARIO,Rosario,Asfalto,S/D,II,S/D,Urbana,S/D,Funciona,Intersección,Bueno,Buena,Atardecer,S/D,Frontal,S/D,Colisión,S/D,Vertical,S/D,S/D,POINT (-60.6647377 -32.955408150000004),"['Avenida Presidente Perón', 'Avenida Ovidio Lagos']",2,Avenida Presidente Perón; Avenida Ovidio Lagos,-32.955408150000004,-60.6647377,55.0,538.0,Municipio Rosario,Municipio,Rosario,820210,Servicio de Catastro e Información Territorial,IGN
2013,11955,2013-11-20,Miercoles,0.0,,,0.0,2,"Moto/Ciclomotor,Automóvil",Sanchez de Bustamante Y Av. Bermudez,3,2,0,0,1,0,0,,Calle,,ROSARIO,Rosario,Asfalto,No existe,II,Dentro,Urbana,Ninguna,No existe,Intersección,Bueno,Buena,S/D,Buen Tiempo,Lateral,S/D,Colisión,S/D,S/D,Ninguna,Sin restricción,POINT (-60.64258159999999 -33.0018078),"['Sánchez de Bustamante', 'Bermudez']",2,Sánchez de Bustamante; Avenida José Bermúdez,-33.0018078,-60.64258159999999,55.0,538.0,Municipio Rosario,Municipio,Rosario,820210,Servicio de Catastro e Información Territorial,IGN
2013,11956,2013-11-20,Miercoles,0.0,21:30:00,,0.0,2,"Moto/Ciclomotor,Automóvil",Sarmiento Y Benito Juarez,3,1,0,0,1,0,1,,Calle,,ROSARIO,Rosario,Asfalto,No existe,II,Dentro,Urbana,Ninguna,No existe,Intersección,Bueno,Buena,Nocturna,Buen Tiempo,Lateral,S/D,Colisión,Otro,Faltante,Ninguna,Sin restricción,POINT (-60.649302399999996 -32.9929276),"['Sarmiento', 'Benito Juárez']",2,Sarmiento; Benito Juárez,-32.9929276,-60.6493024,55.0,538.0,Municipio Rosario,Municipio,Rosario,820210,Servicio de Catastro e Información Territorial,IGN
2013,11957,2013-11-24,Domingo,0.0,,,0.0,2,"Moto/Ciclomotor,Automóvil",España Y Cochabamba,2,1,0,0,1,0,0,,S/D,,ROSARIO,Rosario,Asfalto,S/D,II,S/D,S/D,S/D,S/D,Intersección,Bueno,Buena,S/D,Buen Tiempo,Lateral,S/D,Colisión,S/D,S/D,S/D,S/D,POINT (-60.649499 -32.9569347),"['España', 'Cochabamba']",2,España; Cochabamba,-32.9569347,-60.649499,55.0,538.0,Municipio Rosario,Municipio,Rosario,820210,Servicio de Catastro e Información Territorial,IGN
2013,11958,2013-11-30,Sabado,0.0,,,0.0,2,"Moto/Ciclomotor,Automóvil",Colon Y Ocampo,2,1,0,0,1,0,0,,Calle,,ROSARIO,Rosario,Asfalto,No existe,II,Dentro,Urbana,Ninguna,No existe,Intersección,Bueno,Buena,Diurna,Buen Tiempo,Lateral,S/D,Colisión,Ninguna,Faltante,Ninguna,Sin restricción,POINT (-60.6305784 -32.96870069999999),"['Colon', 'Ocampo']",2,Cristóbal Colón; Ocampo,-32.96870069999999,-60.6305784,55.0,538.0,Municipio Rosario,Municipio,Rosario,820210,Servicio de Catastro e Información Territorial,IGN
2013,11959,2013-11-28,Jueves,0.0,08:00:00,,0.0,2,"Automóvil,Moto/Ciclomotor",Bv. 27 De Febrero Y Rodriguez,2,1,0,0,1,0,0,,Avenida,,ROSARIO,Rosario,Hormigón,Pavimento,II,S/D,Urbana,S/D,No existe,Recta,S/D,Buena,Diurna,S/D,Frontal,S/D,Colisión,S/D,Faltante,S/D,S/D,POINT (-60.664033700000005 -32.9639167),"['27 de Febrero', 'Rodríguez']",2,Bulevar 27 de Febrero; Rodríguez de Escobedo,-32.9639167,-60.664033700000005,55.0,538.0,Municipio Rosario,Municipio,Rosario,820210,Servicio de Catastro e Información Territorial,IGN
2013,11960,2013-11-21,Jueves,0.0,17:30:00,,0.0,2,"Moto/Ciclomotor,Automóvil",Ayolas Y J.M.de Rosas,2,1,0,0,1,0,0,,Calle,,ROSARIO,Rosario,Asfalto,No existe,II,Dentro,Urbana,Marca Vial,No existe,Intersección,S/D,Buena,Atardecer,Buen Tiempo,Lateral,S/D,Colisión,S/D,S/D,Línea divisoria pintada,Sin restricción,POINT (-60.6389095 -32.9780403),"['Ayolas', 'De Rosas']",2,Ayolas; Juan Manuel de Rosas,-32.9780403,-60.6389095,55.0,538.0,Municipio Rosario,Municipio,Rosario,820210,Servicio de Catastro e Información Territorial,IGN
2013,11961,2013-11-21,Jueves,0.0,10:14:00,,0.0,1,Transporte de Pasajeros Urbano (> 8 asientos),Entre Rios Y Pte.Quintana,1,1,0,0,0,0,0,,Calle,,ROSARIO,Rosario,Asfalto,No existe,II,Dentro,Urbana,Ninguna,No existe,Intersección,Bueno,Buena,Diurna,Buen Tiempo,S/D,S/D,Otro,Otro,Faltante,Ninguna,Sin restricción,POINT (-60.6500252 -32.98202810000001),"['Entre Ríos', 'Quintana']",2,"('Entre Ríos', 'Presidente Quintana')",-32.98202810000001,-60.6500252,55.0,538.0,Municipio Rosario,Municipio,Rosario,820210,Servicio de Catastro e Información Territorial,IGN
2013,11962,2013-11-23,Sabado,0.0,,,0.0,2,"Peatón,Automóvil",Viamonte 1500,3,1,0,0,2,0,0,,Calle,,ROSARIO,Rosario,Asfalto,S/D,II,Dentro,Urbana,S/D,S/D,Recta,S/D,S/D,S/D,Buen Tiempo,S/D,S/D,Atropello,S/D,S/D,S/D,S/D,"-32.9643203, -60.6482799",['Viamonte 1500'],1,Viamonte 1500,-32.9643203,-60.6482799,55.0,538.0,Municipio Rosario,Municipio,Rosario,820210,Servicio de Catastro e Información Territorial,IGN
2013,11964,2013-11-23,Sabado,0.0,,,0.0,2,"Automóvil,Automóvil",Ayacucho 6100,2,2,0,0,0,0,0,,Calle,,ROSARIO,Rosario,Asfalto,No existe,II,S/D,Urbana,Semáforo,Funciona,Recta,Bueno,S/D,S/D,S/D,"Contra objeto fijo,Lateral",S/D,Colisión,S/D,S/D,Línea divisoria pintada,Sin restricción,"-32.9810423, -60.6354799",['Ayacucho 6100'],1,Ayacucho 6100,-32.9810423,-60.6354799,55.0,538.0,Municipio Rosario,Municipio,Rosario,820210,Servicio de Catastro e Información Territorial,IGN
2013,11965,2013-11-21,Jueves,0.0,14:15:00,,0.0,2,"Automóvil,Moto/Ciclomotor",Av. Corrientes Y Av. Uriburu,2,1,0,0,1,0,0,,Avenida,,ROSARIO,Rosario,Asfalto,No existe,II,Dentro,Urbana,Ninguna,No existe,Intersección,Bueno,Buena,Diurna,Buen Tiempo,Lateral,S/D,Colisión,Otro,Faltante,Ninguna,Sin restricción,POINT (-60.653706549999995 -32.99091685),"['Corrientes', 'Uriburu']",2,Corrientes; Avenida José Uriburu,-32.99091685,-60.65370655,55.0,538.0,Municipio Rosario,Municipio,Rosario,820210,Servicio de Catastro e Información Territorial,IGN
2013,11966,2013-11-29,Viernes,0.0,,,0.0,2,"Moto/Ciclomotor,Pickup/Utilitario",Colon Y Viamonte,2,1,0,0,1,0,0,,S/D,,ROSARIO,Rosario,Asfalto,No existe,II,S/D,S/D,Ninguna,No existe,Intersección,Bueno,Buena,Diurna,Buen Tiempo,Lateral,S/D,Colisión,Ninguna,Faltante,Ninguna,Sin restricción,POINT (-60.6302946 -32.967576599999994),"['Colon', 'Viamonte']",2,Cristóbal Colón; Viamonte,-32.967576599999994,-60.6302946,55.0,538.0,Municipio Rosario,Municipio,Rosario,820210,Servicio de Catastro e Información Territorial,IGN
2013,11968,2013-11-21,Jueves,0.0,12:20:00,,0.0,2,"Bicicleta,Otros",Mitre Y La Paz,2,1,0,0,1,0,0,,Calle,,ROSARIO,Rosario,Asfalto,S/D,II,Dentro,Urbana,S/D,S/D,Recta,Bueno,Buena,Diurna,Buen Tiempo,S/D,S/D,Atropello,S/D,S/D,S/D,S/D,POINT (-60.6440084 -32.9639253),"['Mitre', 'La Paz']",2,Bartolomé Mitre; La Paz,-32.9639253,-60.6440084,55.0,538.0,Municipio Rosario,Municipio,Rosario,820210,Servicio de Catastro e Información Territorial,IGN