anio_acci,nro_acci,fecha,desc_dia,fecha_aprox,hora_aprox,desc_ruta,km,cant_participantes,desc_participante,calle_avenida_km,total,heridos_leves,heridos_graves,heridos_gravisimos,ilesos,fallecidos,sin_datos,posicion_XY,desc_tipo_via,desc_ruta_ori,desc_loc,desc_dpto,desc_tipo_calzada,desc_tipo_banquina,desc_unidad_regional,desc_lugar_calzada,desc_zona,desc_prioridad,desc_estado_semaforo,desc_lugar_via,desc_estado_via,desc_estado_visibilidad,desc_luminosidad,desc_estado_clima,desc_tipo_colision,desc_tipo_atropello,desc_tipo_hecho,desc_pres_calzada,desc_senializacion,desc_separacion_via,desc_restriccion,forma_geocod,calle_lista,numero_calles,calles_osm,lat,lon,index_right,gid,fna,gna,nam,in1,fdc,sag
2013,11971,2013-11-21,Jueves,0.0,18:43:00,,0.0,2,"Moto/Ciclomotor,Moto/Ciclomotor",Garibaldi Y Pueyrredon,2,2,0,0,0,0,0,,Avenida,,ROSARIO,Rosario,Asfalto,No existe,II,Dentro,Urbana,Ninguna,No existe,Intersección,Bueno,Buena,Diurna,Buen Tiempo,Lateral,S/D,Colisión,Otro,Faltante,Ninguna,Sin restricción,POINT (-60.6673291 -32.9825342),"['José Garibaldi', 'Pueyrredón']",2,José Garibaldi; Pueyrredón,-32.9825342,-60.6673291,55.0,538.0,Municipio Rosario,Municipio,Rosario,820210,Servicio de Catastro e Información Territorial,IGN
2013,11972,2013-11-20,Miercoles,0.0,10:05:00,,0.0,2,"Peatón,Automóvil",Pte.Roca Y Riobamba,2,1,0,0,1,0,0,,Calle,,ROSARIO,Rosario,S/D,S/D,II,Dentro,Urbana,S/D,S/D,Recta,S/D,S/D,Diurna,Buen Tiempo,S/D,S/D,Atropello,S/D,S/D,S/D,S/D,POINT (-60.6492775 -32.961788899999995),"['Roca', 'Riobamba']",2,Presidente Roca; Riobamba,-32.961788899999995,-60.6492775,55.0,538.0,Municipio Rosario,Municipio,Rosario,820210,Servicio de Catastro e Información Territorial,IGN
2013,11973,2013-11-21,Jueves,0.0,,,0.0,2,"Moto/Ciclomotor,Automóvil",Sanchez de Bustamante Y Leiva,2,1,0,0,1,0,0,,Calle,,ROSARIO,Rosario,Asfalto,No existe,II,Dentro,Urbana,Ninguna,No existe,Intersección,Bueno,Buena,S/D,Buen Tiempo,Lateral,S/D,Colisión,S/D,S/D,Ninguna,Sin restricción,POINT (-60.6379454 -33.00166550000001),"['Sánchez de Bustamante', 'Leiva']",2,Sánchez de Bustamante; Julián de Leiva,-33.00166550000001,-60.6379454,55.0,538.0,Municipio Rosario,Municipio,Rosario,820210,Servicio de Catastro e Información Territorial,IGN
2013,11975,2013-11-28,Jueves,0.0,,,0.0,2,"Moto/Ciclomotor,Automóvil",Pasco Y 1 de Mayo,2,1,0,0,1,0,0,,S/D,,ROSARIO,Rosario,Asfalto,No existe,II,S/D,S/D,Señal Pare,No existe,Intersección,Bueno,S/D,Diurna,Buen Tiempo,Lateral,S/D,Colisión,Ninguna,Vertical,Ninguna,Sin restricción,POINT (-60.63300919999999 -32.9610952),"['Pasco', 'Primero de Mayo']",2,Pasco; Primero de Mayo,-32.9610952,-60.63300919999999,55.0,538.0,Municipio Rosario,Municipio,Rosario,820210,Servicio de Catastro e Información Territorial,IGN
2013,11976,2013-11-16,Sabado,0.0,12:05:00,,0.0,2,"Automóvil,Moto/Ciclomotor",Av. Pellegrini Y Suipacha,2,1,0,0,1,0,0,,Calle,,ROSARIO,Rosario,Asfalto,Pavimento,II,S/D,Urbana,S/D,Funciona,Recta,Bueno,Buena,Diurna,S/D,Frontal,S/D,Colisión,S/D,Vertical,S/D,S/D,POINT (-60.666887849999995 -32.95262544999999),"['Pellegrini', 'Suipacha']",2,Avenida Carlos Pellegrini; Suipacha,-32.95262544999999,-60.66688785,55.0,538.0,Municipio Rosario,Municipio,Rosario,820210,Servicio de Catastro e Información Territorial,IGN
2013,11978,2013-11-25,Lunes,0.0,10:00:00,,0.0,2,"Automóvil,Taxi/Remis",L.N.Alem Y Cochabamba,3,2,0,0,1,0,0,,Calle,,ROSARIO,Rosario,Asfalto,S/D,II,Dentro,Urbana,Señal Pare,No existe,Intersección,Bueno,Buena,Diurna,Lluvia,Lateral,S/D,Colisión,Agua,Vertical,Ninguna,Sin restricción,POINT (-60.6312845 -32.96022949999999),"['Alem', 'Cochabamba']",2,Leandro N. Alem; Cochabamba,-32.96022949999999,-60.6312845,55.0,538.0,Municipio Rosario,Municipio,Rosario,820210,Servicio de Catastro e Información Territorial,IGN
2013,11979,2013-11-22,Viernes,0.0,13:10:00,,0.0,1,Automóvil,Amenabar Y Italia,3,2,0,0,1,0,0,,Calle,,ROSARIO,Rosario,Asfalto,No existe,II,Dentro,Urbana,Ninguna,No existe,Intersección,Bueno,Buena,Diurna,Buen Tiempo,Lateral,S/D,Colisión,Otro,Faltante,Ninguna,Sin restricción,POINT (-60.65435750000001 -32.9704785),"['Amenabar', 'Italia']",2,José de Amenábar; Italia,-32.9704785,-60.65435750000001,55.0,538.0,Municipio Rosario,Municipio,Rosario,820210,Servicio de Catastro e Información Territorial,IGN
2013,11982,2013-12-24,Martes,0.0,15:00:00,,0.0,2,"Moto/Ciclomotor,Automóvil",Necochea Y Ocampo,2,1,0,0,1,0,0,,Calle,,ROSARIO,Rosario,Asfalto,No existe,II,Dentro,Urbana,Señal Pare,No existe,Intersección,Bueno,Buena,Diurna,Buen Tiempo,Lateral,S/D,Colisión,Ninguna,Vertical,Ninguna,Sin restricción,POINT (-60.6291842 -32.9689484),"['Necochea', 'Ocampo']",2,Necochea; Ocampo,-32.9689484,-60.6291842,55.0,538.0,Municipio Rosario,Municipio,Rosario,820210,Servicio de Catastro e Información Territorial,IGN
2013,11984,2013-11-21,Jueves,0.0,,,0.0,2,"Peatón,Automóvil",Ocampo Y Paraguay,2,1,0,0,1,0,0,,Calle,,ROSARIO,Rosario,S/D,S/D,II,Dentro,Urbana,S/D,S/D,Recta,S/D,S/D,S/D,Buen Tiempo,S/D,S/D,Atropello,S/D,S/D,S/D,S/D,POINT (-60.6487815 -32.965473599999996),"['Ocampo', 'Paraguay']",2,Ocampo; Paraguay,-32.9654736,-60.6487815,55.0,538.0,Municipio Rosario,Municipio,Rosario,820210,Servicio de Catastro e Información Territorial,IGN
2013,11985,2013-11-19,Martes,0.0,16:30:00,,0.0,2,"Moto/Ciclomotor,Moto/Ciclomotor",Chacabuco Y Pte.Quintana,3,3,0,0,0,0,0,,Calle,,ROSARIO,Rosario,Asfalto,No existe,II,Dentro,Urbana,Marca Vial,No existe,Intersección,Bueno,Buena,Atardecer,Buen Tiempo,Lateral,S/D,Colisión,Ninguna,Vertical,Línea divisoria pintada,Sin restricción,POINT (-60.6318609 -32.985268299999994),"['Chacabuco', 'Quintana']",2,Chacabuco; Presidente Quintana,-32.985268299999994,-60.6318609,55.0,538.0,Municipio Rosario,Municipio,Rosario,820210,Servicio de Catastro e Información Territorial,IGN
2013,11987,2013-12-23,Lunes,0.0,15:00:00,,0.0,1,Otros,L.N.Alem Y Cochabamba,1,0,0,0,0,0,1,,Calle,,ROSARIO,Rosario,Asfalto,S/D,II,Dentro,Urbana,Señal Pare,S/D,Intersección,Bueno,Buena,Diurna,Buen Tiempo,S/D,S/D,Colisión,Ninguna,Vertical,Ninguna,Sin restricción,POINT (-60.6312845 -32.96022949999999),"['Alem', 'Cochabamba']",2,Leandro N. Alem; Cochabamba,-32.96022949999999,-60.6312845,55.0,538.0,Municipio Rosario,Municipio,Rosario,820210,Servicio de Catastro e Información Territorial,IGN
2013,11988,2013-11-20,Miercoles,0.0,11:00:00,,0.0,2,"Peatón,Otros",Bv. Oroño Y Cochabamba,2,1,0,0,1,0,0,,Avenida,,ROSARIO,Rosario,Asfalto,S/D,II,Dentro,Urbana,S/D,S/D,Intersección,Bueno,S/D,Diurna,Buen Tiempo,S/D,S/D,Atropello,S/D,S/D,S/D,S/D,POINT (-60.656339 -32.9556154),"['Bulevar Nicasio Oroño', 'Cochabamba']",2,Bulevar Nicasio Oroño; Cochabamba,-32.9556154,-60.656339,55.0,538.0,Municipio Rosario,Municipio,Rosario,820210,Servicio de Catastro e Información Territorial,IGN
2013,11990,2013-11-17,Domingo,0.0,08:30:00,,0.0,2,"Moto/Ciclomotor,Automóvil",Ayolas Y Grandoli,2,1,0,0,1,0,0,,Calle,,ROSARIO,Rosario,Asfalto,No existe,II,Dentro,Urbana,Marca Vial,No existe,Intersección,Bueno,Buena,Diurna,Buen Tiempo,Lateral,S/D,Colisión,Ninguna,Vertical,Línea divisoria pintada,Sin restricción,POINT (-60.627759100000006 -32.98002065),"['Ayolas', 'Avenida Abanderado Grandoli']",2,Ayolas; Avenida Abanderado Grandoli,-32.98002065,-60.627759100000006,55.0,538.0,Municipio Rosario,Municipio,Rosario,820210,Servicio de Catastro e Información Territorial,IGN
2013,11991,2013-11-16,Sabado,0.0,17:30:00,,0.0,2,"Moto/Ciclomotor,Automóvil",Bv. 27 De Febrero Y San Martin,3,1,0,0,2,0,0,,Calle,,ROSARIO,Rosario,Asfalto,S/D,II,S/D,Urbana,S/D,Funciona,Recta,Bueno,Buena,Atardecer,S/D,Lateral,S/D,Colisión,S/D,Vertical,S/D,S/D,POINT (-60.642020650000006 -32.96785644999999),"['27 de Febrero', 'San Martin']",2,Bulevar 27 de Febrero; José de San Martín,-32.96785644999999,-60.642020650000006,55.0,538.0,Municipio Rosario,Municipio,Rosario,820210,Servicio de Catastro e Información Territorial,IGN
2013,11992,2013-11-21,Jueves,0.0,18:20:00,,0.0,2,"Automóvil,Moto/Ciclomotor",Pte.Roca Y Biedma,4,2,1,0,0,0,1,,Calle,,ROSARIO,Rosario,Asfalto,No existe,II,Dentro,Urbana,Ninguna,No existe,Intersección,Bueno,Buena,Diurna,Buen Tiempo,Lateral,S/D,Colisión,Otro,Faltante,Ninguna,Sin restricción,POINT (-60.6539217 -32.9801492),"['Roca', 'Coronel Biedma']",2,Presidente Roca; Coronel Biedma,-32.9801492,-60.6539217,55.0,538.0,Municipio Rosario,Municipio,Rosario,820210,Servicio de Catastro e Información Territorial,IGN
2013,11994,2013-11-19,Martes,0.0,,,0.0,2,"Moto/Ciclomotor,Pickup/Utilitario",Dorrego Y Ocampo,3,2,0,0,1,0,0,,Calle,,ROSARIO,Rosario,Asfalto,S/D,II,Dentro,Urbana,S/D,S/D,Intersección,Bueno,Buena,S/D,S/D,Lateral,S/D,Colisión,S/D,S/D,S/D,S/D,POINT (-60.6542649 -32.96451880000001),"['Dorrego', 'Ocampo']",2,Manuel Dorrego; Ocampo,-32.96451880000001,-60.6542649,55.0,538.0,Municipio Rosario,Municipio,Rosario,820210,Servicio de Catastro e Información Territorial,IGN
2013,11999,2013-11-20,Miercoles,0.0,15:40:00,,0.0,2,"Moto/Ciclomotor,Automóvil",Ocampo Y Buenos Aires,4,1,0,0,3,0,0,,S/D,,ROSARIO,Rosario,Asfalto,No existe,II,S/D,Urbana,Ninguna,No existe,Intersección,Bueno,Buena,Diurna,Buen Tiempo,Lateral,S/D,Colisión,Ninguna,Vertical,Ninguna,Sin restricción,POINT (-60.637728 -32.9674326),"['Ocampo', 'Buenos Aires']",2,Ocampo; Buenos Aires,-32.9674326,-60.637728,55.0,538.0,Municipio Rosario,Municipio,Rosario,820210,Servicio de Catastro e Información Territorial,IGN
2013,12000,2013-11-16,Sabado,0.0,21:00:00,,0.0,2,"Moto/Ciclomotor,Automóvil",Amenabar Y J.M.de Rosas,2,1,0,0,1,0,0,,Calle,,ROSARIO,Rosario,Asfalto,No existe,II,Dentro,Urbana,Marca Vial,No existe,Intersección,Bueno,Buena,"Nocturna,Con luz artificial",Buen Tiempo,Lateral,S/D,Colisión,Ninguna,Vertical,Línea divisoria pintada,Sin restricción,POINT (-60.6377304 -32.973460999999986),"['Amenabar', 'De Rosas']",2,José de Amenábar; Juan Manuel de Rosas,-32.973460999999986,-60.6377304,55.0,538.0,Municipio Rosario,Municipio,Rosario,820210,Servicio de Catastro e Información Territorial,IGN
2013,12004,2013-11-16,Sabado,0.0,01:00:00,,0.0,2,"Moto/Ciclomotor,Moto/Ciclomotor",Garay Y Ayacucho,2,1,0,0,1,0,0,,Calle,,ROSARIO,Rosario,Asfalto,No existe,II,Dentro,Urbana,Marca Vial,No existe,Intersección,Bueno,Buena,"Nocturna,Con luz artificial",Buen Tiempo,Lateral,S/D,Colisión,Ninguna,Vertical,Línea divisoria pintada,Sin restricción,POINT (-60.6339717 -32.9765122),"['Garay', 'Ayacucho']",2,Juan de Garay; Ayacucho,-32.9765122,-60.6339717,55.0,538.0,Municipio Rosario,Municipio,Rosario,820210,Servicio de Catastro e Información Territorial,IGN
2013,12005,2013-11-28,Jueves,0.0,22:30:00,,0.0,2,"Moto/Ciclomotor,Automóvil",Estado de Israel Y Pje. Yugoslavia,3,2,0,0,1,0,0,,Calle,,ROSARIO,Rosario,Asfalto,No existe,II,Dentro,Urbana,Ninguna,No existe,Intersección,Bueno,Buena,Nocturna,Buen Tiempo,S/D,S/D,S/D,Otro,S/D,Ninguna,S/D,POINT (-60.6559143 -32.992065499999995),"['Estado de Israel', 'Yugoslavia']",2,Estado de Israel; Yugoslavia,-32.992065499999995,-60.6559143,55.0,538.0,Municipio Rosario,Municipio,Rosario,820210,Servicio de Catastro e Información Territorial,IGN
2013,12006,2013-11-20,Miercoles,0.0,,,0.0,2,"Peatón,Automóvil",Bv. 27 de Febrero Bis Y Beruti,2,1,0,0,1,0,0,,Calle,,ROSARIO,Rosario,Asfalto,No existe,II,S/D,Urbana,Ninguna,No existe,Intersección,Con baches,Reducida,Nocturna,Buen Tiempo,S/D,S/D,Atropello,Ninguna,Faltante,Ninguna,Sin restricción,POINT (-60.6253907 -32.971059149999995),"['27 de Febrero', 'Luis Beruti']",2,Bulevar 27 de Febrero; Luis Beruti,-32.971059149999995,-60.6253907,55.0,538.0,Municipio Rosario,Municipio,Rosario,820210,Servicio de Catastro e Información Territorial,IGN
2013,12009,2013-11-15,Viernes,0.0,08:00:00,,0.0,1,,Bv. Segui Y Buenos Aires,2,1,0,0,1,0,0,,Avenida,,ROSARIO,Rosario,Asfalto,No existe,II,Dentro,Urbana,Marca Vial,No existe,Intersección,Bueno,Buena,Diurna,Buen Tiempo,Lateral,S/D,Colisión,Ninguna,Vertical,Línea divisoria pintada,Sin restricción,POINT (-60.640923400000005 -32.98006374999999),"['Bulevar Juan Francisco Seguí', 'Buenos Aires']",2,Bulevar Juan Francisco Seguí; Buenos Aires,-32.98006374999999,-60.640923400000005,55.0,538.0,Municipio Rosario,Municipio,Rosario,820210,Servicio de Catastro e Información Territorial,IGN
2013,12011,2013-11-18,Lunes,0.0,17:30:00,,0.0,2,"Peatón,Automóvil",Riobamba 2944,2,1,0,0,1,0,0,,Calle,,ROSARIO,Rosario,S/D,S/D,II,Dentro,Urbana,S/D,S/D,S/D,S/D,Buena,Diurna,Buen Tiempo,S/D,S/D,Atropello,S/D,Horizontal,S/D,S/D,"-32.95841297142857, -60.66763711428571",['Riobamba 2944'],1,Riobamba 2944,-32.95841297142857,-60.66763711428571,55.0,538.0,Municipio Rosario,Municipio,Rosario,820210,Servicio de Catastro e Información Territorial,IGN
2013,12012,2013-11-27,Miercoles,0.0,13:50:00,,0.0,2,"Moto/Ciclomotor,Automóvil",Entre Rios Y Sanchez de Bustamante,2,0,0,0,1,0,1,,Calle,,ROSARIO,Rosario,Asfalto,No existe,II,Dentro,Urbana,Ninguna,No existe,Intersección,Bueno,Buena,Diurna,Buen Tiempo,Lateral,S/D,Colisión,Otro,Faltante,Ninguna,Sin restricción,POINT (-60.6518161 -33.002103999999996),"['Entre Ríos', 'Sánchez de Bustamante']",2,Entre Ríos; Sánchez de Bustamante,-33.002104,-60.6518161,55.0,538.0,Municipio Rosario,Municipio,Rosario,820210,Servicio de Catastro e Información Territorial,IGN
2013,12014,2013-11-18,Lunes,0.0,,,0.0,2,"Peatón,Automóvil",Paraguay Y Ituzaingo,2,1,0,0,1,0,0,,Calle,,ROSARIO,Rosario,Asfalto,S/D,II,Dentro,Urbana,S/D,S/D,Intersección,Bueno,S/D,S/D,Buen Tiempo,S/D,S/D,Atropello,S/D,S/D,S/D,S/D,POINT (-60.6473339 -32.959742299999995),"['Paraguay', 'Ituzaingó']",2,Paraguay; Ituzaingó,-32.959742299999995,-60.6473339,55.0,538.0,Municipio Rosario,Municipio,Rosario,820210,Servicio de Catastro e Información Territorial,IGN
2013,12015,2013-11-27,Miercoles,0.0,21:45:00,,0.0,2,"Automóvil,Moto/Ciclomotor",Pte.Roca Y Biedma,3,2,0,0,0,0,1,,Calle,,ROSARIO,Rosario,Asfalto,No existe,II,Dentro,Urbana,Ninguna,No existe,Intersección,Bueno,Buena,Nocturna,Buen Tiempo,Lateral,S/D,Colisión,Otro,Faltante,Ninguna,Sin restricción,POINT (-60.6539217 -32.9801492),"['Roca', 'Coronel Biedma']",2,Presidente Roca; Coronel Biedma,-32.9801492,-60.6539217,55.0,538.0,Municipio Rosario,Municipio,Rosario,820210,Servicio de Catastro e Información Territorial,IGN
2013,12019,2013-11-28,Jueves,0.0,19:30:00,,0.0,2,"Automóvil,Moto/Ciclomotor",España 4518,2,1,0,0,1,0,0,,Calle,,ROSARIO,Rosario,Asfalto,No existe,II,Dentro,Urbana,Ninguna,No existe,Intersección,Bueno,Buena,Nocturna,Buen Tiempo,Lateral,S/D,Colisión,Otro,Faltante,Ninguna,Sin restricción,"-32.988208640816325, -60.65745138571428",['España 4518'],1,España 4518,-32.988208640816325,-60.65745138571428,55.0,538.0,Municipio Rosario,Municipio,Rosario,820210,Servicio de Catastro e Información Territorial,IGN
2013,12021,2013-11-28,Jueves,0.0,18:00:00,,0.0,2,"Automóvil,Moto/Ciclomotor",Saavedra Y Dorrego,2,2,0,0,0,0,0,,Calle,,ROSARIO,Rosario,Asfalto,No existe,II,Dentro,Urbana,Ninguna,No existe,Intersección,Bueno,Buena,Diurna,Buen Tiempo,Lateral,S/D,Colisión,Otro,Faltante,Ninguna,Sin restricción,POINT (-60.657167 -32.9759652),"['Saavedra', 'Dorrego']",2,Saavedra; Manuel Dorrego,-32.9759652,-60.657167,55.0,538.0,Municipio Rosario,Municipio,Rosario,820210,Servicio de Catastro e Información Territorial,IGN
2013,12022,2013-11-14,Jueves,0.0,12:00:00,,0.0,2,"Bicicleta,Automóvil",Av. Pellegrini 1800,2,1,0,0,1,0,0,,Calle,,ROSARIO,Rosario,Asfalto,S/D,II,Dentro,Urbana,Ninguna,No existe,Recta,Bueno,Buena,Diurna,Buen Tiempo,Frontal,S/D,"Colisión,Atropello",S/D,Faltante,Cordón divisorio,Sin restricción,"-32.9554744, -60.6504813",['Pellegrini 1800'],1,Pellegrini 1800,-32.9554744,-60.6504813,55.0,538.0,Municipio Rosario,Municipio,Rosario,820210,Servicio de Catastro e Información Territorial,IGN
2013,12024,2013-11-19,Martes,0.0,14:00:00,,0.0,2,"Peatón,Moto/Ciclomotor",Cochabamba Y Buenos Aires,2,1,0,0,1,0,0,,Calle,,ROSARIO,Rosario,Asfalto,No existe,II,S/D,Urbana,Paso Peatonal,No existe,Intersección,Bueno,Buena,Diurna,Buen Tiempo,Otro,S/D,Atropello,Ninguna,Vertical,Ninguna,Sin restricción,POINT (-60.63572169999999 -32.9594532),"['Cochabamba', 'Buenos Aires']",2,Cochabamba; Buenos Aires,-32.9594532,-60.63572169999999,55.0,538.0,Municipio Rosario,Municipio,Rosario,820210,Servicio de Catastro e Información Territorial,IGN
2013,12025,2013-11-28,Jueves,0.0,11:30:00,,0.0,2,"Automóvil,Moto/Ciclomotor",Bv. Segui Y Santiago,3,2,0,0,1,0,0,,Calle,,ROSARIO,Rosario,Asfalto,No existe,II,Dentro,Urbana,Ninguna,No existe,Intersección,Bueno,Buena,Diurna,Buen Tiempo,Lateral,S/D,Colisión,Otro,Faltante,Ninguna,Sin restricción,POINT (-60.66421355000001 -32.97588705),"['Bulevar Juan Francisco Seguí', 'Santiago']",2,Bulevar Juan Francisco Seguí; Santiago,-32.97588705,-60.66421355000001,55.0,538.0,Municipio Rosario,Municipio,Rosario,820210,Servicio de Catastro e Información Territorial,IGN
2013,12028,2013-11-27,Miercoles,0.0,22:10:00,,0.0,2,"Taxi/Remis,Moto/Ciclomotor",Bv. 27 De Febrero 1000,3,2,0,0,1,0,0,,Avenida,,ROSARIO,Rosario,Asfalto,S/D,II,Dentro,Urbana,S/D,Funciona,Recta,S/D,Buena,Nocturna,S/D,S/D,S/D,Colisión,S/D,Vertical,S/D,S/D,"-32.9677021, -60.6417872",['27 De Febrero 1000'],1,27 De Febrero 1000,-32.9677021,-60.6417872,55.0,538.0,Municipio Rosario,Municipio,Rosario,820210,Servicio de Catastro e Información Territorial,IGN
2013,12029,2013-11-07,Jueves,0.0,20:30:00,,0.0,2,"Moto/Ciclomotor,Automóvil",Junin Y Florida,2,1,0,0,1,0,0,,S/D,,ROSARIO,Rosario,S/D,S/D,II,S/D,S/D,S/D,S/D,S/D,S/D,S/D,S/D,S/D,S/D,S/D,S/D,S/D,S/D,S/D,S/D,POINT (-60.6832825 -32.9267754),"['Junín', 'Florida']",2,Junín; Florida,-32.9267754,-60.6832825,55.0,538.0,Municipio Rosario,Municipio,Rosario,820210,Servicio de Catastro e Información Territorial,IGN
2013,12030,2013-11-08,Viernes,0.0,23:50:00,,0.0,2,"Automóvil,Peatón",J.J.Paso Y Cullen,2,1,1,0,0,0,0,,Calle,,ROSARIO,Rosario,Asfalto,No existe,II,Dentro,Urbana,Semáforo,Funciona,Intersección,Bueno,Buena,"Nocturna,Con luz artificial",Buen Tiempo,S/D,S/D,Atropello,S/D,Faltante,Línea divisoria pintada,Sin restricción,POINT (-60.7097063 -32.92013579999998),"['Paso', 'Cullen']",2,Avenida Juan José Paso; Cullen,-32.92013579999998,-60.7097063,55.0,538.0,Municipio Rosario,Municipio,Rosario,820210,Servicio de Catastro e Información Territorial,IGN
2013,12033,2013-11-27,Miercoles,0.0,22:30:00,,0.0,2,"Moto/Ciclomotor,Automóvil",Italia Y Galvez,2,1,0,0,1,0,0,,Calle,,ROSARIO,Rosario,Asfalto,S/D,II,S/D,Urbana,S/D,No existe,Recta,Bueno,Buena,Nocturna,S/D,Lateral,S/D,Colisión,S/D,Faltante,S/D,S/D,POINT (-60.6534929 -32.9670467),"['Italia', 'Galvez']",2,Italia; José Gálvez,-32.9670467,-60.6534929,55.0,538.0,Municipio Rosario,Municipio,Rosario,820210,Servicio de Catastro e Información Territorial,IGN
2013,12034,2013-11-09,Sabado,0.0,01:50:00,,0.0,2,"Moto/Ciclomotor,Otros",J.J.Paso Y Peru,3,1,0,0,1,0,1,,Calle,,ROSARIO,Rosario,Asfalto,No existe,II,S/D,Urbana,Ninguna,No existe,Recta,Bueno,Buena,"Nocturna,Con luz artificial",S/D,Frontal,S/D,Colisión,S/D,Faltante,Línea divisoria pintada,Sin restricción,POINT (-60.7122445 -32.92020970000001),"['Paso', 'Peru']",2,Avenida Juan José Paso; Perú,-32.92020970000001,-60.7122445,55.0,538.0,Municipio Rosario,Municipio,Rosario,820210,Servicio de Catastro e Información Territorial,IGN
2013,12035,2013-11-26,Martes,0.0,10:50:00,,0.0,2,"Moto/Ciclomotor,Automóvil",Pasco Y España,3,1,0,0,2,0,0,,Calle,,ROSARIO,Rosario,Asfalto,S/D,II,S/D,Urbana,S/D,No existe,Recta,Bueno,S/D,S/D,S/D,Lateral,S/D,Colisión,S/D,Faltante,S/D,S/D,POINT (-60.6498031 -32.958074700000004),"['Pasco', 'España']",2,Pasco; España,-32.958074700000004,-60.6498031,55.0,538.0,Municipio Rosario,Municipio,Rosario,820210,Servicio de Catastro e Información Territorial,IGN
2013,12036,2013-11-09,Sabado,0.0,19:00:00,,0.0,2,"Moto/Ciclomotor,Automóvil",G.Carrasco Y Camilo Aldao,3,2,0,0,1,0,0,,Calle,,ROSARIO,Rosario,S/D,No existe,II,S/D,Urbana,Ninguna,No existe,Intersección,Bueno,Buena,Atardecer,Buen Tiempo,Frontal,S/D,Colisión,S/D,Faltante,Ninguna,Sin restricción,POINT (-60.696714 -32.9205458),"['Carrasco', 'Camilo Aldao']",2,Omar Carrasco; Camilo Aldao,-32.9205458,-60.696714,55.0,538.0,Municipio Rosario,Municipio,Rosario,820210,Servicio de Catastro e Información Territorial,IGN
2013,12038,2013-11-07,Jueves,0.0,,,0.0,2,"Automóvil,Moto/Ciclomotor",Av. Luis Carballo Y Albert Sabin,3,1,0,0,2,0,0,,Avenida,,ROSARIO,Rosario,S/D,S/D,II,S/D,Urbana,S/D,S/D,S/D,S/D,S/D,S/D,S/D,S/D,S/D,S/D,S/D,S/D,S/D,S/D,POINT (-60.685682340000014 -32.92234279999999),"['Avenida Doctor Luis Cándido Carballo', 'Avenida Travesía Albert Sabin']",2,Avenida Doctor Luis Cándido Carballo; Avenida Travesía Albert Sabin,-32.92234279999999,-60.685682340000014,55.0,538.0,Municipio Rosario,Municipio,Rosario,820210,Servicio de Catastro e Información Territorial,IGN
2013,12039,2013-11-05,Martes,0.0,05:30:00,,0.0,2,"Moto/Ciclomotor,Automóvil",3 De Febrero Y Balcarce,2,1,0,0,1,0,0,,Calle,,ROSARIO,Rosario,Asfalto,S/D,II,Dentro,Urbana,Ninguna,No existe,Intersección,Bueno,Buena,"Atardecer,Con luz artificial",Buen Tiempo,Lateral,S/D,Colisión,S/D,Faltante,Cordón divisorio,S/D,POINT (-60.6535421 -32.95033519999999),"['3 de Febrero', 'Balcarce']",2,3 de Febrero; Balcarce,-32.95033519999999,-60.6535421,55.0,538.0,Municipio Rosario,Municipio,Rosario,820210,Servicio de Catastro e Información Territorial,IGN
2013,12040,2013-11-17,Domingo,0.0,01:50:00,,0.0,2,"Taxi/Remis,Automóvil",J.M.de Rosas 1600,2,1,0,0,1,0,0,,Calle,,ROSARIO,Rosario,Asfalto,S/D,II,Dentro,Urbana,Semáforo,Funciona,Recta,Bueno,Buena,Nocturna,S/D,Otro,S/D,Colisión,S/D,S/D,Cordón divisorio,S/D,"-32.9490771, -60.6315334",['J M De Rosas 1600'],1,J M De Rosas 1600,-32.9490771,-60.6315334,55.0,538.0,Municipio Rosario,Municipio,Rosario,820210,Servicio de Catastro e Información Territorial,IGN
2013,12042,2013-11-05,Martes,0.0,18:15:00,,0.0,2,"Taxi/Remis,Automóvil",Buenos Aires 1000,4,3,0,0,1,0,0,,Calle,,ROSARIO,Rosario,Asfalto,S/D,II,Dentro,Urbana,Semáforo,Funciona,Recta,Bueno,Buena,Diurna,S/D,Otro,S/D,Colisión,S/D,S/D,Cordón divisorio,S/D,"-32.9499227, -60.6333832",['Buenos Aires 1000'],1,Buenos Aires 1000,-32.9499227,-60.6333832,55.0,538.0,Municipio Rosario,Municipio,Rosario,820210,Servicio de Catastro e Información Territorial,IGN
2013,12043,2013-11-15,Viernes,0.0,09:30:00,,0.0,2,"Transporte de Pasajeros Urbano (> 8 asientos),Peatón",Junin Y Pje. Echevarria,2,1,0,0,1,0,0,,S/D,,ROSARIO,Rosario,S/D,S/D,II,S/D,S/D,S/D,S/D,S/D,S/D,S/D,Diurna,S/D,S/D,S/D,Atropello,S/D,S/D,S/D,S/D,POINT (-60.67208925 -32.926587399999995),"['Junín', 'Echeverría']",2,Junín; Echeverría,-32.926587399999995,-60.67208925,55.0,538.0,Municipio Rosario,Municipio,Rosario,820210,Servicio de Catastro e Información Territorial,IGN