anio_acci,nro_acci,fecha,desc_dia,fecha_aprox,hora_aprox,desc_ruta,km,cant_participantes,desc_participante,calle_avenida_km,total,heridos_leves,heridos_graves,heridos_gravisimos,ilesos,fallecidos,sin_datos,posicion_XY,desc_tipo_via,desc_ruta_ori,desc_loc,desc_dpto,desc_tipo_calzada,desc_tipo_banquina,desc_unidad_regional,desc_lugar_calzada,desc_zona,desc_prioridad,desc_estado_semaforo,desc_lugar_via,desc_estado_via,desc_estado_visibilidad,desc_luminosidad,desc_estado_clima,desc_tipo_colision,desc_tipo_atropello,desc_tipo_hecho,desc_pres_calzada,desc_senializacion,desc_separacion_via,desc_restriccion,forma_geocod,calle_lista,numero_calles,calles_osm,lat,lon,index_right,gid,fna,gna,nam,in1,fdc,sag
2013,12044,2013-11-15,Viernes,0.0,06:10:00,,0.0,2,"Bicicleta,Automóvil",San Nicolas Y Biedma,3,2,0,0,1,0,0,,Calle,,ROSARIO,Rosario,Asfalto,No existe,II,Dentro,Urbana,Ninguna,No existe,Intersección,Bueno,Buena,Diurna,Buen Tiempo,S/D,S/D,Atropello,Ninguna,Faltante,Ninguna,Sin restricción,POINT (-60.6811426 -32.9752879),"['San Nicolás', 'Coronel Biedma']",2,San Nicolás; Coronel Biedma,-32.9752879,-60.6811426,55.0,538.0,Municipio Rosario,Municipio,Rosario,820210,Servicio de Catastro e Información Territorial,IGN
2013,12045,2013-11-13,Miercoles,0.0,12:15:00,,0.0,2,"Bicicleta,Bicicleta",Bv. Oroño Y Montevideo,2,2,0,0,0,0,0,,Calle,,ROSARIO,Rosario,Asfalto,S/D,II,Dentro,Urbana,Semáforo,Funciona,Recta,Bueno,Buena,Diurna,Buen Tiempo,S/D,S/D,Colisión,S/D,Vertical,Cordón divisorio,Sin restricción,POINT (-60.65574455 -32.95341725),"['Bulevar Nicasio Oroño', 'Montevideo']",2,Bulevar Nicasio Oroño; Montevideo,-32.95341725,-60.65574455,55.0,538.0,Municipio Rosario,Municipio,Rosario,820210,Servicio de Catastro e Información Territorial,IGN
2013,12047,2013-11-09,Sabado,0.0,12:30:00,,0.0,2,"Peatón,Automóvil",Gorriti Y Bv. Avellaneda,2,1,0,0,1,0,0,,Avenida,,ROSARIO,Rosario,S/D,S/D,II,S/D,Urbana,S/D,S/D,S/D,S/D,S/D,Diurna,S/D,S/D,S/D,Atropello,S/D,S/D,S/D,S/D,POINT (-60.675163999999995 -32.92336300000001),"['Gorriti', 'Avellaneda']",2,Gorriti; Bulevar Nicolás Avellaneda,-32.92336300000001,-60.675164,55.0,538.0,Municipio Rosario,Municipio,Rosario,820210,Servicio de Catastro e Información Territorial,IGN
2013,12048,2013-11-04,Lunes,0.0,16:50:00,,0.0,2,"Automóvil,Moto/Ciclomotor",Entre Rios Y 24 De Setiembre,2,1,0,0,1,0,0,,Calle,,ROSARIO,Rosario,Asfalto,No existe,II,Dentro,Urbana,Ninguna,No existe,Intersección,Bueno,Buena,Diurna,Buen Tiempo,Lateral,S/D,Colisión,S/D,Faltante,Ninguna,Sin restricción,POINT (-60.6494421 -32.97972499999999),"['Entre Ríos', '24 de Septiembre']",2,Entre Ríos; 24 de Septiembre,-32.97972499999999,-60.6494421,55.0,538.0,Municipio Rosario,Municipio,Rosario,820210,Servicio de Catastro e Información Territorial,IGN
2013,12049,2013-11-15,Viernes,0.0,06:10:00,,0.0,2,"Moto/Ciclomotor,Automóvil",La Paz Y Necochea,2,1,0,0,1,0,0,,Calle,,ROSARIO,Rosario,Asfalto,No existe,II,S/D,Urbana,Ninguna,No existe,Intersección,Bueno,Buena,Diurna,Buen Tiempo,Lateral,S/D,Colisión,Ninguna,Faltante,Ninguna,Sin restricción,POINT (-60.6285924 -32.966664399999985),"['La Paz', 'Necochea']",2,La Paz; Necochea,-32.966664399999985,-60.6285924,55.0,538.0,Municipio Rosario,Municipio,Rosario,820210,Servicio de Catastro e Información Territorial,IGN
2013,12050,2013-11-01,Viernes,0.0,20:40:00,,0.0,2,"Automóvil,Moto/Ciclomotor",Av. Pellegrini 200,2,1,0,0,1,0,0,,Calle,,ROSARIO,Rosario,Asfalto,S/D,II,Dentro,Urbana,S/D,S/D,Recta,Bueno,Buena,Nocturna,S/D,Otro,S/D,Colisión,S/D,S/D,Cordón divisorio,S/D,"-32.9594663, -60.6281002",['Pellegrini 200'],1,Pellegrini 200,-32.9594663,-60.6281002,55.0,538.0,Municipio Rosario,Municipio,Rosario,820210,Servicio de Catastro e Información Territorial,IGN
2013,12051,2013-11-13,Miercoles,0.0,10:00:00,,0.0,2,"Automóvil,Automóvil",Av. Corrientes Y Av. Pellegrini,3,1,0,0,2,0,0,,Avenida,,ROSARIO,Rosario,Asfalto,S/D,II,Dentro,Urbana,Ninguna,No existe,Recta,Bueno,Buena,Diurna,Buen Tiempo,Frontal,S/D,Colisión,S/D,Faltante,Barrera de alto impacto,Sin restricción,POINT (-60.645055850000006 -32.95655624999999),"['Corrientes', 'Pellegrini']",2,Corrientes; Avenida Carlos Pellegrini,-32.95655624999999,-60.645055850000006,55.0,538.0,Municipio Rosario,Municipio,Rosario,820210,Servicio de Catastro e Información Territorial,IGN
2013,12053,2013-11-26,Martes,0.0,07:45:00,,0.0,2,"Automóvil,Automóvil",Bv. 27 De Febrero 1200,3,1,0,0,2,0,0,,Avenida,,ROSARIO,Rosario,Asfalto,S/D,II,Dentro,Urbana,S/D,Funciona,Recta,Bueno,S/D,Diurna,S/D,Frontal,S/D,Colisión,S/D,Vertical,Barrera de hormigón,Sin restricción,"-32.9672554, -60.6446373",['27 De Febrero 1200'],1,27 De Febrero 1200,-32.9672554,-60.6446373,55.0,538.0,Municipio Rosario,Municipio,Rosario,820210,Servicio de Catastro e Información Territorial,IGN
2013,12054,2013-11-01,Viernes,1.0,18:15:00,,0.0,2,"Peatón,Moto/Ciclomotor",San Martin Y Av. Ntra.Sra.del Rosario,4,2,0,0,1,0,1,,Avenida,,ROSARIO,Rosario,Asfalto,No existe,II,Dentro,Urbana,Ninguna,No existe,Intersección,Bueno,Buena,Diurna,Buen Tiempo,S/D,S/D,Atropello,S/D,Faltante,Ninguna,Sin restricción,POINT (-60.64865950000001 -32.999877549999994),"['San Martin', 'Nuestra Señora del Rosario']",2,José de San Martín; Puente Nuestra Señora del Rosario,-32.999877549999994,-60.64865950000001,55.0,538.0,Municipio Rosario,Municipio,Rosario,820210,Servicio de Catastro e Información Territorial,IGN
2013,12057,2013-11-01,Viernes,0.0,,,0.0,2,"Automóvil,Automóvil",Alberdi Y Bv. Avellaneda,2,1,0,0,1,0,0,,Avenida,,ROSARIO,Rosario,S/D,S/D,II,S/D,Urbana,S/D,S/D,S/D,S/D,S/D,S/D,S/D,S/D,S/D,S/D,S/D,S/D,S/D,S/D,POINT (-60.676114299999995 -32.92712292499999),"['Alberdi', 'Avellaneda']",2,Avenida Alberdi; Bulevar Nicolás Avellaneda,-32.92712292499999,-60.6761143,55.0,538.0,Municipio Rosario,Municipio,Rosario,820210,Servicio de Catastro e Información Territorial,IGN
2013,12058,2013-11-11,Lunes,0.0,16:30:00,,0.0,2,"Peatón,Moto/Ciclomotor",Mitre Y Cordoba,2,1,0,0,1,0,0,,Calle,,ROSARIO,Rosario,Asfalto,S/D,II,Dentro,Urbana,Paso Peatonal,No existe,Intersección,Bueno,Buena,Diurna,Buen Tiempo,Otro,S/D,Atropello,S/D,Faltante,Cordón divisorio,Sin restricción,POINT (-60.639588999999994 -32.9461704),"['Mitre', 'Córdoba']",2,Bartolomé Mitre; Córdoba,-32.9461704,-60.639589,55.0,538.0,Municipio Rosario,Municipio,Rosario,820210,Servicio de Catastro e Información Territorial,IGN
2013,12059,2013-11-13,Miercoles,0.0,21:20:00,,0.0,2,"Peatón,Moto/Ciclomotor",Entre Rios Y Mendoza,2,1,0,0,1,0,0,,Calle,,ROSARIO,Rosario,Asfalto,S/D,II,Dentro,Urbana,Semáforo,Funciona,Intersección,Bueno,Buena,"Nocturna,Con luz artificial",Buen Tiempo,S/D,S/D,Atropello,S/D,Vertical,Cordón divisorio,Sin restricción,POINT (-60.64219219999999 -32.951012899999995),"['Entre Ríos', 'Mendoza']",2,Entre Ríos; Mendoza,-32.951012899999995,-60.64219219999999,55.0,538.0,Municipio Rosario,Municipio,Rosario,820210,Servicio de Catastro e Información Territorial,IGN
2013,12060,2013-11-06,Miercoles,0.0,17:30:00,,0.0,2,"Automóvil,Automóvil",Bv. Segui Y Italia,3,1,0,0,2,0,0,,Calle,,ROSARIO,Rosario,Asfalto,No existe,II,Dentro,Urbana,Ninguna,No existe,Intersección,Bueno,Buena,Diurna,Buen Tiempo,De alcance,S/D,Colisión,S/D,S/D,Ninguna,Sin restricción,POINT (-60.6560807 -32.977334),"['Bulevar Juan Francisco Seguí', 'Italia']",2,Bulevar Juan Francisco Seguí; Italia,-32.977334,-60.6560807,55.0,538.0,Municipio Rosario,Municipio,Rosario,820210,Servicio de Catastro e Información Territorial,IGN
2013,12061,2013-11-26,Martes,0.0,,,0.0,3,"Automóvil,Pickup/Utilitario,Automóvil",Bv. 27 De Febrero Y Entre Rios,3,1,0,0,2,0,0,,Avenida,,ROSARIO,Rosario,Asfalto,Pavimento,II,S/D,Urbana,Semáforo,Funciona,Intersección,S/D,Buena,Diurna,S/D,Frontal,S/D,Colisión,S/D,S/D,S/D,S/D,POINT (-60.64626885000001 -32.967096450000014),"['27 de Febrero', 'Entre Ríos']",2,Bulevar 27 de Febrero; Entre Ríos,-32.967096450000014,-60.64626885000001,55.0,538.0,Municipio Rosario,Municipio,Rosario,820210,Servicio de Catastro e Información Territorial,IGN
2013,12062,2013-11-28,Jueves,0.0,12:00:00,,0.0,2,"Automóvil,Moto/Ciclomotor",San Martin Y Ayolas,2,1,0,0,1,0,0,,Calle,,ROSARIO,Rosario,Asfalto,No existe,II,Dentro,Urbana,Ninguna,No existe,Intersección,Bueno,Buena,Diurna,Buen Tiempo,Lateral,S/D,Colisión,Otro,Faltante,Ninguna,Sin restricción,POINT (-60.644083949999995 -32.97709834999999),"['San Martin', 'Ayolas']",2,José de San Martín; Ayolas,-32.97709834999999,-60.64408395,55.0,538.0,Municipio Rosario,Municipio,Rosario,820210,Servicio de Catastro e Información Territorial,IGN
2013,12063,2013-11-14,Jueves,0.0,18:30:00,,0.0,2,"Peatón,Automóvil",Italia 900,2,1,0,0,1,0,0,,Calle,,ROSARIO,Rosario,Asfalto,S/D,II,Dentro,Urbana,Ninguna,No existe,Recta,Bueno,Buena,Diurna,Buen Tiempo,S/D,S/D,Atropello,S/D,Faltante,Cordón divisorio,Sin restricción,"-32.9457901, -60.6481953",['Italia 900'],1,Italia 900,-32.9457901,-60.6481953,55.0,538.0,Municipio Rosario,Municipio,Rosario,820210,Servicio de Catastro e Información Territorial,IGN
2013,12064,2013-11-11,Lunes,0.0,19:00:00,,0.0,2,"Automóvil,Moto/Ciclomotor",9 De Julio 2300,3,1,0,0,2,0,0,,Calle,,ROSARIO,Rosario,Asfalto,S/D,II,Dentro,Urbana,Ninguna,No existe,Recta,Bueno,Buena,"Nocturna,Con luz artificial",Buen Tiempo,Frontal,S/D,Colisión,S/D,Faltante,Cordón divisorio,Sin restricción,"-32.9508977, -60.6563725",['9 De Julio 2300'],1,9 De Julio 2300,-32.9508977,-60.6563725,55.0,538.0,Municipio Rosario,Municipio,Rosario,820210,Servicio de Catastro e Información Territorial,IGN
2013,12065,2013-11-09,Sabado,0.0,07:00:00,,0.0,3,"Automóvil,Automóvil,Moto/Ciclomotor",Av. Ntra.Sra.del Rosario Y Av. Corrientes,4,3,0,0,1,0,0,,Avenida,,ROSARIO,Rosario,Asfalto,No existe,II,Dentro,Urbana,Ninguna,No existe,Intersección,Bueno,Buena,Diurna,Buen Tiempo,Lateral,S/D,Colisión,S/D,Faltante,Ninguna,Sin restricción,POINT (-60.6533567 -33.0000033),"['Nuestra Señora del Rosario', 'Corrientes']",2,Puente Nuestra Señora del Rosario; Corrientes,-33.0000033,-60.6533567,55.0,538.0,Municipio Rosario,Municipio,Rosario,820210,Servicio de Catastro e Información Territorial,IGN
2013,12066,2013-11-16,Sabado,0.0,13:20:00,,0.0,2,"Automóvil,Moto/Ciclomotor",J.M.de Rosas Y Mendoza,2,1,0,0,1,0,0,,Calle,,ROSARIO,Rosario,Asfalto,S/D,II,Dentro,Urbana,S/D,S/D,Intersección,Bueno,Buena,Diurna,S/D,Lateral,S/D,Colisión,S/D,S/D,Cordón divisorio,S/D,POINT (-60.632511699999995 -32.95272829999999),"['De Rosas', 'Mendoza']",2,Juan Manuel de Rosas; Mendoza,-32.95272829999999,-60.6325117,55.0,538.0,Municipio Rosario,Municipio,Rosario,820210,Servicio de Catastro e Información Territorial,IGN
2013,12069,2013-11-06,Miercoles,0.0,21:00:00,,0.0,2,"Peatón,Automóvil",Cochabamba Y Colon,2,1,0,0,0,0,1,,Calle,,ROSARIO,Rosario,Asfalto,No existe,II,S/D,Urbana,Ninguna,No existe,Intersección,Bueno,Buena,Nocturna,Buen Tiempo,S/D,S/D,Atropello,Ninguna,Faltante,Ninguna,Sin restricción,POINT (-60.62856320000001 -32.9607063),"['Cochabamba', 'Colon']",2,Cochabamba; Cristóbal Colón,-32.9607063,-60.62856320000001,55.0,538.0,Municipio Rosario,Municipio,Rosario,820210,Servicio de Catastro e Información Territorial,IGN
2013,12071,2013-11-29,Viernes,0.0,15:20:00,,0.0,2,"Automóvil,Bicicleta",Paraguay Y Garibaldi,2,1,0,0,1,0,0,,Calle,,ROSARIO,Rosario,Asfalto,No existe,II,Dentro,Urbana,Ninguna,No existe,Intersección,Bueno,Buena,Diurna,Buen Tiempo,S/D,S/D,Atropello,Otro,Faltante,Ninguna,Sin restricción,POINT (-60.6537097 -32.9849852),"['Paraguay', 'José Garibaldi']",2,Paraguay; José Garibaldi,-32.9849852,-60.6537097,55.0,538.0,Municipio Rosario,Municipio,Rosario,820210,Servicio de Catastro e Información Territorial,IGN
2013,12072,2013-11-17,Domingo,0.0,08:00:00,,0.0,2,"Automóvil,Peatón",San Luis Y 1 de Mayo,2,1,0,0,1,0,0,,Calle,,ROSARIO,Rosario,Asfalto,S/D,II,Dentro,Urbana,S/D,S/D,Intersección,Bueno,S/D,Diurna,S/D,Otro,S/D,Atropello,S/D,S/D,Cordón divisorio,S/D,POINT (-60.63044390000001 -32.9505492),"['San Luis', 'Primero de Mayo']",2,San Luis; Primero de Mayo,-32.9505492,-60.63044390000001,55.0,538.0,Municipio Rosario,Municipio,Rosario,820210,Servicio de Catastro e Información Territorial,IGN
2013,12073,2013-11-12,Martes,0.0,06:15:00,,0.0,2,"Automóvil,Automóvil",Mariano Moreno Y Cordoba,2,1,0,0,1,0,0,,Calle,,ROSARIO,Rosario,Asfalto,S/D,II,Dentro,Urbana,Ninguna,No existe,Intersección,Bueno,Buena,Amanecer,Buen Tiempo,Lateral,S/D,Colisión,S/D,Faltante,Ninguna,Sin restricción,POINT (-60.650609200000005 -32.944206400000006),"['Mariano Moreno', 'Córdoba']",2,Mariano Moreno; Córdoba,-32.944206400000006,-60.650609200000005,55.0,538.0,Municipio Rosario,Municipio,Rosario,820210,Servicio de Catastro e Información Territorial,IGN
2013,12075,2013-11-30,Sabado,0.0,11:45:00,,0.0,2,"Automóvil,Automóvil",San Martin Y Juan Canals,3,1,0,0,2,0,0,,Calle,,ROSARIO,Rosario,Asfalto,No existe,II,Dentro,Urbana,Ninguna,No existe,Intersección,Bueno,Buena,Diurna,Buen Tiempo,Lateral,S/D,Colisión,Otro,Faltante,Ninguna,Sin restricción,POINT (-60.646518549999996 -32.98985395),"['San Martin', 'Juan Canals']",2,José de San Martín; Juan Canals,-32.98985395,-60.64651855,55.0,538.0,Municipio Rosario,Municipio,Rosario,820210,Servicio de Catastro e Información Territorial,IGN
2013,12077,2013-11-02,Sabado,0.0,18:00:00,,0.0,2,"Moto/Ciclomotor,Transporte de Pasajeros Urbano (> 8 asientos)",3 De Febrero 800,2,1,0,0,1,0,0,,Calle,,ROSARIO,Rosario,Asfalto,S/D,II,Dentro,Urbana,S/D,S/D,Recta,Bueno,Buena,Diurna,S/D,Otro,S/D,Colisión,S/D,S/D,Cordón divisorio,S/D,"-32.9534518, -60.6355595",['3 De Febrero 800'],1,3 De Febrero 800,-32.9534518,-60.6355595,55.0,538.0,Municipio Rosario,Municipio,Rosario,820210,Servicio de Catastro e Información Territorial,IGN
2013,12079,2013-11-30,Sabado,0.0,14:15:00,,0.0,2,"Automóvil,Moto/Ciclomotor",Bv. Oroño Y Juan Canals,2,1,0,0,1,0,0,,Calle,,ROSARIO,Rosario,Asfalto,No existe,II,Dentro,Urbana,Ninguna,No existe,Intersección,Bueno,Buena,Diurna,Buen Tiempo,Lateral,S/D,Colisión,Otro,Faltante,Ninguna,Sin restricción,POINT (-60.66411445 -32.9867086),"['Bulevar Nicasio Oroño', 'Juan Canals']",2,Bulevar Nicasio Oroño; Juan Canals,-32.9867086,-60.66411445,55.0,538.0,Municipio Rosario,Municipio,Rosario,820210,Servicio de Catastro e Información Territorial,IGN
2013,12083,2013-11-14,Jueves,0.0,04:40:00,,0.0,2,"Moto/Ciclomotor,Automóvil",Bv. Segui Y Bv. Oroño,2,1,0,0,1,0,0,,Avenida,,ROSARIO,Rosario,Asfalto,No existe,II,Dentro,Urbana,Ninguna,No existe,Recta,Bueno,Buena,Nocturna,Buen Tiempo,De alcance,S/D,Colisión,S/D,Faltante,Ninguna,Sin restricción,POINT (-60.661523700000004 -32.976367025),"['Bulevar Juan Francisco Seguí', 'Bulevar Nicasio Oroño']",2,Bulevar Juan Francisco Seguí; Bulevar Nicasio Oroño,-32.976367025,-60.6615237,55.0,538.0,Municipio Rosario,Municipio,Rosario,820210,Servicio de Catastro e Información Territorial,IGN
2013,12085,2013-11-05,Martes,0.0,07:20:00,,0.0,2,"Transporte de Pasajeros Urbano (> 8 asientos),Taxi/Remis",Maipu Y Rioja,4,3,0,0,1,0,0,,Calle,,ROSARIO,Rosario,Asfalto,S/D,II,Dentro,Urbana,Semáforo,Funciona,Intersección,Bueno,Buena,Diurna,S/D,Lateral,S/D,Colisión,S/D,S/D,Cordón divisorio,S/D,POINT (-60.6355516 -32.948277499999996),"['Maipú', 'Rioja']",2,Maipú; Rioja,-32.9482775,-60.6355516,55.0,538.0,Municipio Rosario,Municipio,Rosario,820210,Servicio de Catastro e Información Territorial,IGN
2013,12096,2013-11-12,Martes,0.0,16:50:00,,0.0,2,"Moto/Ciclomotor,Otros",Av. Sorrento Y Av. Provincias Unidas,3,2,0,0,1,0,0,,S/D,,ROSARIO,Rosario,Asfalto,S/D,II,S/D,Urbana,S/D,No existe,Rotonda,Bueno,Buena,Diurna,Buen Tiempo,Frontal,S/D,Colisión,S/D,Vertical,Ninguna,Sin restricción,POINT (-60.714102249999996 -32.9083328),"['Sorrento', 'Avenida Provincias Unidas']",2,Avenida Sorrento; Avenida Provincias Unidas,-32.9083328,-60.71410225,55.0,538.0,Municipio Rosario,Municipio,Rosario,820210,Servicio de Catastro e Información Territorial,IGN
2013,12098,2013-11-19,Martes,0.0,23:30:00,,0.0,2,"Moto/Ciclomotor,Automóvil",Alvear 500,3,2,0,0,1,0,0,,Calle,,ROSARIO,Rosario,Asfalto,No existe,II,Dentro,Urbana,Ninguna,No existe,Recta,Bueno,S/D,"Nocturna,Con luz artificial",Buen Tiempo,Lateral,S/D,Colisión,S/D,S/D,Ninguna,Sin restricción,"-32.9398246, -60.6538512",['Alvear 500'],1,Alvear 500,-32.9398246,-60.6538512,55.0,538.0,Municipio Rosario,Municipio,Rosario,820210,Servicio de Catastro e Información Territorial,IGN
2013,12099,2013-11-29,Viernes,0.0,22:45:00,,0.0,2,"Automóvil,Taxi/Remis",G.Carrasco Y Tte.Agneta,4,1,0,0,2,0,1,,Calle,,ROSARIO,Rosario,Asfalto,S/D,II,S/D,Urbana,Ninguna,S/D,Intersección,Bueno,S/D,S/D,Buen Tiempo,Lateral,S/D,Colisión,S/D,Faltante,Ninguna,Sin restricción,POINT (-60.7005905 -32.92064779999999),"['Carrasco', 'Teniente Agneta']",2,Omar Carrasco; Teniente Agneta,-32.92064779999999,-60.7005905,55.0,538.0,Municipio Rosario,Municipio,Rosario,820210,Servicio de Catastro e Información Territorial,IGN
2013,12105,2013-11-13,Miercoles,0.0,22:30:00,,0.0,2,"Pickup/Utilitario,Pickup/Utilitario",Av. Provincias Unidas Y J.B.Justo,2,1,0,0,1,0,0,,Avenida,,ROSARIO,Rosario,Asfalto,S/D,II,S/D,Urbana,S/D,No existe,Intersección,Bueno,Buena,"Nocturna,Con luz artificial",Buen Tiempo,Frontal,S/D,Colisión,S/D,Faltante,Ninguna,S/D,POINT (-60.71293324999999 -32.93344005),"['Avenida Provincias Unidas', 'Justo']",2,"('Avenida Provincias Unidas', 'Justo José de Urquiza')",-32.93344005,-60.71293324999999,55.0,538.0,Municipio Rosario,Municipio,Rosario,820210,Servicio de Catastro e Información Territorial,IGN
2013,12106,2013-11-12,Martes,0.0,09:10:00,,0.0,2,"Bicicleta,Automóvil",Santiago 300,2,1,0,0,1,0,0,,Calle,,ROSARIO,Rosario,Asfalto,No existe,III,Dentro,Urbana,Ninguna,No existe,Recta,Bueno,Buena,Diurna,Buen Tiempo,Lateral,S/D,Atropello,S/D,Faltante,Ninguna,Sin restricción,"-32.9372592, -60.6545613",['Santiago 300'],1,Santiago 300,-32.9372592,-60.6545613,55.0,538.0,Municipio Rosario,Municipio,Rosario,820210,Servicio de Catastro e Información Territorial,IGN
2013,12109,2013-11-22,Viernes,0.0,09:25:00,,0.0,2,"Automóvil,Camión",Salta Y Entre Rios,2,1,0,0,1,0,0,,S/D,,ROSARIO,Rosario,S/D,S/D,II,S/D,S/D,S/D,S/D,S/D,S/D,S/D,S/D,S/D,S/D,S/D,Colisión,S/D,S/D,S/D,S/D,POINT (-60.63918240000001 -32.938972),"['Salta', 'Entre Ríos']",2,Salta; Entre Ríos,-32.938972,-60.63918240000001,55.0,538.0,Municipio Rosario,Municipio,Rosario,820210,Servicio de Catastro e Información Territorial,IGN
2013,12110,2013-11-19,Martes,0.0,19:15:00,,0.0,1,Transporte de Pasajeros Urbano (> 8 asientos),San Lorenzo Y San Martin,2,1,0,0,1,0,0,,Calle,,ROSARIO,Rosario,Asfalto,No existe,II,Dentro,Urbana,Ninguna,No existe,Intersección,Bueno,Buena,"Diurna,Con luz artificial",Buen Tiempo,S/D,S/D,Otro,S/D,Faltante,Ninguna,Sin restricción,POINT (-60.636237 -32.944804399999995),"['San Lorenzo', 'San Martin']",2,San Lorenzo; José de San Martín,-32.944804399999995,-60.636237,55.0,538.0,Municipio Rosario,Municipio,Rosario,820210,Servicio de Catastro e Información Territorial,IGN
2013,12111,2013-11-17,Domingo,0.0,16:00:00,,0.0,2,"Automóvil,Moto/Ciclomotor",Balcarce Y Tucuman,2,1,0,0,1,0,0,,Calle,,ROSARIO,Rosario,Asfalto,No existe,II,Dentro,Urbana,Ninguna,No existe,Intersección,Bueno,Buena,Diurna,Buen Tiempo,Frontal,S/D,Colisión,S/D,Faltante,Ninguna,Sin restricción,POINT (-60.65075780000001 -32.93932099999999),"['Balcarce', 'Tucumán']",2,Balcarce; Tucumán,-32.93932099999999,-60.65075780000001,55.0,538.0,Municipio Rosario,Municipio,Rosario,820210,Servicio de Catastro e Información Territorial,IGN
2013,12113,2013-11-27,Miercoles,0.0,17:00:00,,0.0,2,"Moto/Ciclomotor,Automóvil",Montevideo 2100,2,1,0,0,1,0,0,,Calle,,ROSARIO,Rosario,Asfalto,S/D,II,Dentro,Urbana,Ninguna,No existe,Recta,Bueno,Buena,Diurna,Buen Tiempo,Frontal,S/D,Colisión,S/D,Faltante,S/D,Sin restricción,"-32.9536564, -60.6542618",['Montevideo 2100'],1,Montevideo 2100,-32.9536564,-60.6542618,55.0,538.0,Municipio Rosario,Municipio,Rosario,820210,Servicio de Catastro e Información Territorial,IGN
2013,12114,2013-11-21,Jueves,0.0,20:30:00,,0.0,2,"Moto/Ciclomotor,Automóvil",España Y San Lorenzo,3,1,0,0,2,0,0,,Calle,,ROSARIO,Rosario,Asfalto,No existe,II,Dentro,Urbana,Ninguna,No existe,Intersección,Bueno,Buena,"Nocturna,Con luz artificial",Buen Tiempo,Lateral,S/D,Colisión,Agua,Faltante,Ninguna,Sin restricción,POINT (-60.6459074 -32.942649599999996),"['España', 'San Lorenzo']",2,España; San Lorenzo,-32.9426496,-60.6459074,55.0,538.0,Municipio Rosario,Municipio,Rosario,820210,Servicio de Catastro e Información Territorial,IGN
2013,12115,2013-11-19,Martes,0.0,10:30:00,,0.0,2,"Moto/Ciclomotor,Automóvil",Italia 550,2,1,0,0,1,0,0,,Calle,,ROSARIO,Rosario,Asfalto,No existe,II,Dentro,Urbana,Señal Pare,No existe,Recta,Bueno,Buena,Diurna,Buen Tiempo,Lateral,S/D,Colisión,S/D,Vertical,Ninguna,Sin restricción,"-32.94179267755102, -60.6471972",['Italia 550'],1,Italia 550,-32.94179267755102,-60.6471972,55.0,538.0,Municipio Rosario,Municipio,Rosario,820210,Servicio de Catastro e Información Territorial,IGN
2013,12116,2013-11-28,Jueves,0.0,18:45:00,,0.0,2,"Taxi/Remis,Automóvil",Italia Y San Luis,2,1,0,0,1,0,0,,Calle,,ROSARIO,Rosario,Asfalto,S/D,II,Dentro,Urbana,Ninguna,No existe,Recta,Bueno,Buena,Diurna,Buen Tiempo,Frontal,S/D,Colisión,S/D,Faltante,S/D,Sin restricción,POINT (-60.648517399999996 -32.9472927),"['Italia', 'San Luis']",2,Italia; San Luis,-32.9472927,-60.6485174,55.0,538.0,Municipio Rosario,Municipio,Rosario,820210,Servicio de Catastro e Información Territorial,IGN
2013,12166,2013-01-27,Domingo,0.0,11:30:00,,0.0,2,"Automóvil,Automóvil",Mendoza 4000,4,2,0,0,2,0,0,,Calle,,ROSARIO,Rosario,Asfalto,S/D,II,Dentro,Urbana,Semáforo,Funciona,Recta,Bueno,Buena,Diurna,Buen Tiempo,Frontal,S/D,Colisión,S/D,Vertical,Cordón divisorio,Sin restricción,"-32.9444369, -60.6788832",['Mendoza 4000'],1,Mendoza 4000,-32.9444369,-60.6788832,55.0,538.0,Municipio Rosario,Municipio,Rosario,820210,Servicio de Catastro e Información Territorial,IGN
2013,12167,2013-11-06,Miercoles,0.0,15:15:00,,0.0,2,"Moto/Ciclomotor,Automóvil",San Luis Y Bv. Avellaneda,2,1,0,0,1,0,0,,Avenida,,ROSARIO,Rosario,Asfalto,S/D,II,Dentro,Urbana,S/D,S/D,Intersección,S/D,S/D,Diurna,S/D,S/D,S/D,Colisión,S/D,S/D,Cordón divisorio,S/D,POINT (-60.6798066 -32.9417232),"['San Luis', 'Avellaneda']",2,San Luis; Bulevar Nicolás Avellaneda,-32.9417232,-60.6798066,55.0,538.0,Municipio Rosario,Municipio,Rosario,820210,Servicio de Catastro e Información Territorial,IGN
2013,12168,2013-11-29,Viernes,0.0,13:30:00,,0.0,3,"Automóvil,Automóvil,Moto/Ciclomotor",Av. Pellegrini 200,4,2,0,0,2,0,0,,Calle,,ROSARIO,Rosario,Asfalto,S/D,II,Dentro,Urbana,Semáforo,Funciona,Recta,Bueno,Buena,Diurna,S/D,Otro,S/D,Colisión,S/D,S/D,Cordón divisorio,S/D,"-32.9594663, -60.6281002",['Pellegrini 200'],1,Pellegrini 200,-32.9594663,-60.6281002,55.0,538.0,Municipio Rosario,Municipio,Rosario,820210,Servicio de Catastro e Información Territorial,IGN