anio_acci,nro_acci,fecha,desc_dia,fecha_aprox,hora_aprox,desc_ruta,km,cant_participantes,desc_participante,calle_avenida_km,total,heridos_leves,heridos_graves,heridos_gravisimos,ilesos,fallecidos,sin_datos,posicion_XY,desc_tipo_via,desc_ruta_ori,desc_loc,desc_dpto,desc_tipo_calzada,desc_tipo_banquina,desc_unidad_regional,desc_lugar_calzada,desc_zona,desc_prioridad,desc_estado_semaforo,desc_lugar_via,desc_estado_via,desc_estado_visibilidad,desc_luminosidad,desc_estado_clima,desc_tipo_colision,desc_tipo_atropello,desc_tipo_hecho,desc_pres_calzada,desc_senializacion,desc_separacion_via,desc_restriccion,forma_geocod,calle_lista,numero_calles,calles_osm,lat,lon,index_right,gid,fna,gna,nam,in1,fdc,sag
2013,12169,2013-11-26,Martes,0.0,11:00:00,,0.0,2,"Taxi/Remis,Automóvil",Pueyrredon Y Urquiza,5,3,0,0,2,0,0,,Calle,,ROSARIO,Rosario,Asfalto,Pavimento,II,Dentro,Urbana,S/D,No existe,Intersección,Bueno,Buena,Diurna,Buen Tiempo,S/D,S/D,Colisión,S/D,S/D,Ninguna,S/D,POINT (-60.6564923 -32.9395203),"['Pueyrredón', 'Urquiza']",2,Pueyrredón; Justo José de Urquiza,-32.9395203,-60.6564923,55.0,538.0,Municipio Rosario,Municipio,Rosario,820210,Servicio de Catastro e Información Territorial,IGN
2013,12170,2013-11-10,Domingo,0.0,22:00:00,,0.0,2,"Automóvil,Bicicleta",Tucuman Y Mariano Moreno,2,1,0,0,1,0,0,,Calle,,ROSARIO,Rosario,Asfalto,No existe,II,Dentro,Urbana,Ninguna,No existe,Intersección,Bueno,Buena,"Nocturna,Con luz artificial",Buen Tiempo,Lateral,S/D,Atropello,Agua,Faltante,Ninguna,Sin restricción,POINT (-60.64941760000001 -32.93956089999999),"['Tucumán', 'Mariano Moreno']",2,Tucumán; Mariano Moreno,-32.93956089999999,-60.64941760000001,55.0,538.0,Municipio Rosario,Municipio,Rosario,820210,Servicio de Catastro e Información Territorial,IGN
2013,12171,2013-11-18,Lunes,0.0,18:45:00,,0.0,2,"Moto/Ciclomotor,Pickup/Utilitario",Montevideo Y Italia,3,2,0,0,1,0,0,,Calle,,ROSARIO,Rosario,Asfalto,S/D,II,Dentro,Urbana,Ninguna,No existe,Intersección,Bueno,Buena,Diurna,Buen Tiempo,Lateral,S/D,Colisión,S/D,Faltante,Cordón divisorio,Sin restricción,POINT (-60.6503083 -32.954403599999985),"['Montevideo', 'Italia']",2,Montevideo; Italia,-32.954403599999985,-60.6503083,55.0,538.0,Municipio Rosario,Municipio,Rosario,820210,Servicio de Catastro e Información Territorial,IGN
2013,12172,2013-11-18,Lunes,0.0,12:00:00,,0.0,2,"Moto/Ciclomotor,Automóvil",Av. Pellegrini Y San Martin,2,1,0,0,1,0,0,,Avenida,,ROSARIO,Rosario,Asfalto,S/D,II,Dentro,Urbana,Ninguna,No existe,Recta,Bueno,Buena,Diurna,Buen Tiempo,Frontal,S/D,Colisión,S/D,Faltante,Cordón divisorio,Sin restricción,POINT (-60.68038573333334 -32.9696798),"['Pellegrini', 'San Martin']",2,Avenida Carlos Pellegrini; José de San Martín,-32.9696798,-60.68038573333334,55.0,538.0,Municipio Rosario,Municipio,Rosario,820210,Servicio de Catastro e Información Territorial,IGN
2013,12173,2013-11-28,Jueves,0.0,13:30:00,,0.0,2,"Peatón,Moto/Ciclomotor",Av. Pellegrini Y Av. Corrientes,2,1,0,0,1,0,0,,Calle,,ROSARIO,Rosario,Asfalto,S/D,II,Dentro,Urbana,Semáforo,Funciona,Intersección,Bueno,Buena,Diurna,Buen Tiempo,Otro,S/D,Atropello,S/D,Vertical,Cordón divisorio,Sin restricción,POINT (-60.645055850000006 -32.95655624999999),"['Pellegrini', 'Corrientes']",2,Avenida Carlos Pellegrini; Corrientes,-32.95655624999999,-60.645055850000006,55.0,538.0,Municipio Rosario,Municipio,Rosario,820210,Servicio de Catastro e Información Territorial,IGN
2013,12174,2013-11-17,Domingo,0.0,05:30:00,,0.0,2,"Automóvil,Moto/Ciclomotor",Tucuman Y Italia,2,1,0,0,1,0,0,,Calle,,ROSARIO,Rosario,Asfalto,No existe,II,Dentro,Urbana,Ninguna,No existe,Intersección,Bueno,Buena,"Amanecer,Con luz artificial",Buen Tiempo,Lateral,S/D,Colisión,S/D,Faltante,Ninguna,Sin restricción,POINT (-60.6466936 -32.9400487),"['Tucumán', 'Italia']",2,Tucumán; Italia,-32.9400487,-60.6466936,55.0,538.0,Municipio Rosario,Municipio,Rosario,820210,Servicio de Catastro e Información Territorial,IGN
2013,12175,2013-11-06,Miercoles,0.0,18:50:00,,0.0,2,"Automóvil,Moto/Ciclomotor",9 De Julio Y Gutenberg,3,2,0,0,1,0,0,,Calle,,ROSARIO,Rosario,Asfalto,S/D,II,Dentro,Urbana,S/D,S/D,Intersección,S/D,S/D,Atardecer,S/D,S/D,S/D,Colisión,S/D,S/D,S/D,S/D,POINT (-60.6891601 -32.94506019999999),"['9 de Julio', 'Gutenberg']",2,9 de Julio; Gutenberg,-32.94506019999999,-60.6891601,55.0,538.0,Municipio Rosario,Municipio,Rosario,820210,Servicio de Catastro e Información Territorial,IGN
2013,12176,2013-11-22,Viernes,0.0,11:00:00,,0.0,2,"Peatón,Moto/Ciclomotor",Santa Fe Y Pte.Roca,2,1,0,0,1,0,0,,Calle,,ROSARIO,Rosario,Asfalto,S/D,II,S/D,Urbana,Semáforo,Funciona,Intersección,Bueno,Buena,Diurna,Buen Tiempo,Otro,S/D,Atropello,S/D,Vertical,Cordón divisorio,Sin restricción,POINT (-60.644754 -32.9438641),"['Santa Fe', 'Roca']",2,Santa Fe; Presidente Roca,-32.9438641,-60.644754,55.0,538.0,Municipio Rosario,Municipio,Rosario,820210,Servicio de Catastro e Información Territorial,IGN
2013,12177,2013-11-13,Miercoles,0.0,12:10:00,,0.0,2,"Automóvil,Pickup/Utilitario",E.Zeballos Y Callao,2,1,0,0,1,0,0,,Calle,,ROSARIO,Rosario,Asfalto,No existe,II,Dentro,Urbana,Semáforo,Funciona,Intersección,Bueno,Buena,Diurna,Buen Tiempo,Otro,S/D,Colisión,S/D,Horizontal,Ninguna,Sin restricción,POINT (-60.66226300000001 -32.95106679999999),"['Zeballos', 'Callao']",2,Zeballos; Callao,-32.95106679999999,-60.66226300000001,55.0,538.0,Municipio Rosario,Municipio,Rosario,820210,Servicio de Catastro e Información Territorial,IGN
2013,12178,2013-11-18,Lunes,0.0,10:30:00,,0.0,2,"Peatón,Automóvil",Warnes Y Luis Vila,2,1,0,0,1,0,0,,Calle,,ROSARIO,Rosario,Asfalto,S/D,II,Dentro,Urbana,Ninguna,S/D,Recta,S/D,S/D,Diurna,S/D,S/D,S/D,Atropello,S/D,S/D,S/D,Sin restricción,POINT (-60.6927375 -32.898481),"['Warnes', 'Doctor Vila']",2,Ignacio Warnes; Doctor Vila,-32.898481,-60.6927375,55.0,538.0,Municipio Rosario,Municipio,Rosario,820210,Servicio de Catastro e Información Territorial,IGN
2013,12180,2013-11-23,Sabado,0.0,20:40:00,,0.0,2,"Moto/Ciclomotor,Automóvil",E.Zeballos Y San Martin,3,2,0,0,1,0,0,,Calle,,ROSARIO,Rosario,Asfalto,S/D,II,Dentro,Urbana,Ninguna,No existe,Intersección,Bueno,Reducida,"Nocturna,Con luz artificial",Lluvia,Lateral,S/D,Colisión,Agua,Faltante,Cordón divisorio,Sin restricción,POINT (-60.638849300000004 -32.95529809999999),"['Zeballos', 'San Martin']",2,Zeballos; José de San Martín,-32.95529809999999,-60.6388493,55.0,538.0,Municipio Rosario,Municipio,Rosario,820210,Servicio de Catastro e Información Territorial,IGN
2013,12181,2013-11-04,Lunes,0.0,11:10:00,,0.0,2,"Transporte de Pasajeros Urbano (> 8 asientos),Bicicleta",Mitre Y San Luis,2,1,0,0,1,0,0,,Calle,,ROSARIO,Rosario,Asfalto,S/D,II,Dentro,Urbana,Ninguna,No existe,Intersección,Bueno,Buena,Diurna,Buen Tiempo,Lateral,S/D,Colisión,S/D,Faltante,Cordón divisorio,Sin restricción,POINT (-60.64024150000001 -32.9487917),"['Mitre', 'San Luis']",2,Bartolomé Mitre; San Luis,-32.9487917,-60.64024150000001,55.0,538.0,Municipio Rosario,Municipio,Rosario,820210,Servicio de Catastro e Información Territorial,IGN
2013,12183,2013-11-21,Jueves,0.0,22:10:00,,0.0,2,"Automóvil,Automóvil",Av. Sorrento Y Cavia,2,1,0,0,1,0,0,,Avenida,,ROSARIO,Rosario,Asfalto,S/D,II,Dentro,Urbana,Ninguna,S/D,Intersección,Deteriorada,S/D,"Nocturna,Con luz artificial",S/D,Lateral,S/D,Colisión,S/D,S/D,S/D,Sin restricción,POINT (-60.704794 -32.90745820000001),"['Sorrento', 'Cavia']",2,Avenida Sorrento; Cavia,-32.90745820000001,-60.704794,55.0,538.0,Municipio Rosario,Municipio,Rosario,820210,Servicio de Catastro e Información Territorial,IGN
2013,12185,2013-11-26,Martes,0.0,08:00:00,,0.0,2,"Automóvil,Automóvil",Av. Del Valle Y Av. Ovidio Lagos,2,1,0,0,1,0,0,,Avenida,,ROSARIO,Rosario,Asfalto,Pavimento,II,Dentro,Urbana,Semáforo,Funciona,Recta,Bueno,Buena,Diurna,S/D,De alcance,S/D,Colisión,S/D,Vertical,Ninguna,S/D,POINT (-60.65863300000001 -32.9310287),"['Del Valle', 'Avenida Ovidio Lagos']",2,Avenida Aristóbulo del Valle; Avenida Ovidio Lagos,-32.9310287,-60.65863300000001,55.0,538.0,Municipio Rosario,Municipio,Rosario,820210,Servicio de Catastro e Información Territorial,IGN
2013,12186,2013-11-17,Domingo,0.0,12:40:00,,0.0,2,"Moto/Ciclomotor,Moto/Ciclomotor",Av. Pellegrini Y Pascual Rosas,3,1,0,0,1,0,1,,Calle,,ROSARIO,Rosario,Asfalto,Natural,II,Dentro,Urbana,Semáforo,Funciona,Recta,Bueno,Buena,Diurna,Buen Tiempo,Otro,S/D,Colisión,S/D,Horizontal,Ninguna,Sin restricción,POINT (-60.688683100000006 -32.948717099999996),"['Pellegrini', 'Pascual Rosas']",2,Avenida Carlos Pellegrini; Pascual Rosas,-32.9487171,-60.688683100000006,55.0,538.0,Municipio Rosario,Municipio,Rosario,820210,Servicio de Catastro e Información Territorial,IGN
2013,12187,2013-11-12,Martes,0.0,14:10:00,,0.0,2,"Pickup/Utilitario,Automóvil",Cordoba Y Alsina,3,1,0,0,2,0,0,,Calle,,ROSARIO,Rosario,Asfalto,No existe,II,Dentro,Urbana,Semáforo,S/D,Recta,Bueno,Buena,Diurna,Buen Tiempo,S/D,S/D,Colisión,S/D,S/D,Barrera de hormigón,S/D,POINT (-60.676385200000006 -32.9395798),"['Córdoba', 'Alsina']",2,Córdoba; Alsina,-32.9395798,-60.676385200000006,55.0,538.0,Municipio Rosario,Municipio,Rosario,820210,Servicio de Catastro e Información Territorial,IGN
2013,12189,2013-11-18,Lunes,0.0,12:00:00,,0.0,2,"Automóvil,Automóvil",Callao Y Rioja,3,1,0,0,2,0,0,,Calle,,ROSARIO,Rosario,Asfalto,No existe,II,Dentro,Urbana,Otra Señal,No existe,Recta,Bueno,Buena,Diurna,Buen Tiempo,Otro,S/D,Colisión,S/D,S/D,Ninguna,S/D,POINT (-60.6604097 -32.9436475),"['Callao', 'Rioja']",2,Callao; Rioja,-32.9436475,-60.6604097,55.0,538.0,Municipio Rosario,Municipio,Rosario,820210,Servicio de Catastro e Información Territorial,IGN
2013,12190,2013-11-22,Viernes,1.0,16:30:00,,0.0,2,"Automóvil,Moto/Ciclomotor",Italia Y 3 De Febrero,3,2,0,0,1,0,0,,Calle,,ROSARIO,Rosario,Asfalto,S/D,II,Dentro,Urbana,Ninguna,No existe,Intersección,Bueno,Buena,Diurna,Buen Tiempo,Lateral,S/D,Colisión,S/D,Faltante,Cordón divisorio,Sin restricción,POINT (-60.6494628 -32.95104619999999),"['Italia', '3 de Febrero']",2,Italia; 3 de Febrero,-32.95104619999999,-60.6494628,55.0,538.0,Municipio Rosario,Municipio,Rosario,820210,Servicio de Catastro e Información Territorial,IGN
2013,12191,2013-11-20,Miercoles,0.0,21:30:00,,0.0,2,"Moto/Ciclomotor,Moto/Ciclomotor",Valentin Gomez Y Av. Circunvalacion,2,2,0,0,0,0,0,,Calle,,ROSARIO,Rosario,Asfalto,S/D,II,Dentro,Urbana,Ninguna,S/D,Intersección,S/D,S/D,Nocturna,S/D,Frontal,S/D,Colisión,S/D,S/D,S/D,Sin restricción,POINT (-60.70201140000001 -32.87411180000001),"['Valentín Gómez', 'Circunvalacion']",2,"('Valentín Gómez', 'Juan Pablo II')",-32.87411180000001,-60.70201140000001,55.0,538.0,Municipio Rosario,Municipio,Rosario,820210,Servicio de Catastro e Información Territorial,IGN
2013,12194,2013-11-24,Domingo,0.0,06:00:00,,0.0,2,"Moto/Ciclomotor,Automóvil",Dr.D.Peña Y A.Maza,2,1,0,0,1,0,0,,Calle,,ROSARIO,Rosario,Asfalto,S/D,II,Dentro,Urbana,Ninguna,S/D,Intersección,S/D,S/D,Amanecer,S/D,Lateral,S/D,Colisión,S/D,S/D,Ninguna,Sin restricción,POINT (-60.6914202 -32.877964),"['David Peña', 'Maza']",2,David Peña; Juan Agustín Maza,-32.877964,-60.6914202,55.0,538.0,Municipio Rosario,Municipio,Rosario,820210,Servicio de Catastro e Información Territorial,IGN
2013,12196,2013-11-18,Lunes,0.0,12:15:00,,0.0,2,"Automóvil,Bicicleta",San Luis Y Av. Francia,2,1,0,0,1,0,0,,Calle,,ROSARIO,Rosario,Asfalto,S/D,II,Dentro,Urbana,Semáforo,Funciona,Recta,Bueno,Buena,Diurna,Buen Tiempo,S/D,S/D,Atropello,S/D,S/D,Cordón divisorio,S/D,POINT (-60.66618015 -32.9441667),"['San Luis', 'Avenida Francia']",2,San Luis; Avenida Francia,-32.9441667,-60.66618015,55.0,538.0,Municipio Rosario,Municipio,Rosario,820210,Servicio de Catastro e Información Territorial,IGN
2013,12198,2013-11-12,Martes,0.0,12:10:00,,0.0,2,"Automóvil,Bicicleta",9 De Julio 3000,2,1,0,0,1,0,0,,Calle,,ROSARIO,Rosario,Asfalto,Pavimento,II,S/D,Urbana,Ninguna,No existe,Recta,Bueno,Buena,Diurna,Buen Tiempo,S/D,S/D,Atropello,S/D,S/D,Barrera de hormigón,S/D,"-32.949193, -60.6658685",['9 De Julio 3000'],1,9 De Julio 3000,-32.949193,-60.6658685,55.0,538.0,Municipio Rosario,Municipio,Rosario,820210,Servicio de Catastro e Información Territorial,IGN
2013,12199,2013-11-10,Domingo,0.0,06:10:00,,0.0,2,"Automóvil,Taxi/Remis",Jujuy Y Vera Mujica,2,1,0,0,1,0,0,,Calle,,ROSARIO,Rosario,Asfalto,No existe,II,S/D,Urbana,Ninguna,No existe,Recta,Bueno,Buena,Amanecer,Buen Tiempo,Otro,S/D,Colisión,Otro,Faltante,Ninguna,Sin restricción,POINT (-60.664834400000004 -32.9331183),"['Jujuy', 'Vera Mujíca']",2,Jujuy; Vera Mujíca,-32.9331183,-60.6648344,55.0,538.0,Municipio Rosario,Municipio,Rosario,820210,Servicio de Catastro e Información Territorial,IGN
2013,12200,2013-11-16,Sabado,0.0,01:10:00,,0.0,2,"Automóvil,Moto/Ciclomotor",Entre Rios Y 9 De Julio,2,1,0,0,1,0,0,,Calle,,ROSARIO,Rosario,Asfalto,S/D,II,Dentro,Urbana,Ninguna,No existe,Intersección,S/D,Reducida,"Diurna,Con luz artificial",Buen Tiempo,Lateral,S/D,Colisión,S/D,Faltante,Cordón divisorio,Sin restricción,POINT (-60.64278060000001 -32.953352300000006),"['Entre Ríos', '9 de Julio']",2,Entre Ríos; 9 de Julio,-32.953352300000006,-60.64278060000001,55.0,538.0,Municipio Rosario,Municipio,Rosario,820210,Servicio de Catastro e Información Territorial,IGN
2013,12201,2013-11-23,Sabado,0.0,20:40:00,,0.0,2,"Moto/Ciclomotor,Automóvil",E.Zeballos Y San Martin,3,2,0,0,1,0,0,,Calle,,ROSARIO,Rosario,Asfalto,S/D,II,Dentro,Urbana,Ninguna,No existe,Intersección,Bueno,Buena,"Nocturna,Con luz artificial",Buen Tiempo,Frontal,S/D,Colisión,S/D,S/D,Barrera de hormigón,Sin restricción,POINT (-60.638849300000004 -32.95529809999999),"['Zeballos', 'San Martin']",2,Zeballos; José de San Martín,-32.95529809999999,-60.6388493,55.0,538.0,Municipio Rosario,Municipio,Rosario,820210,Servicio de Catastro e Información Territorial,IGN
2013,12202,2013-11-13,Miercoles,0.0,07:45:00,,0.0,2,"Bicicleta,Moto/Ciclomotor",San Luis Y Vera Mujica,3,1,0,0,2,0,0,,Calle,,ROSARIO,Rosario,Asfalto,No existe,II,S/D,Urbana,S/D,S/D,Recta,Bueno,S/D,Amanecer,Buen Tiempo,S/D,S/D,Atropello,S/D,S/D,S/D,S/D,POINT (-60.66756749999999 -32.9439264),"['San Luis', 'Vera Mujíca']",2,San Luis; Vera Mujíca,-32.9439264,-60.66756749999999,55.0,538.0,Municipio Rosario,Municipio,Rosario,820210,Servicio de Catastro e Información Territorial,IGN
2013,12204,2013-11-26,Martes,0.0,16:30:00,,0.0,2,"Moto/Ciclomotor,Camión",Darragueira Y Marull,2,1,0,0,1,0,0,,Calle,,ROSARIO,Rosario,Asfalto,S/D,II,Dentro,Urbana,Ninguna,S/D,Intersección,S/D,S/D,Diurna,S/D,Lateral,S/D,Colisión,S/D,S/D,S/D,Sin restricción,POINT (-60.6913353 -32.906731),"['José Darragueira', 'Marull']",2,José Darragueira; Marull,-32.906731,-60.6913353,55.0,538.0,Municipio Rosario,Municipio,Rosario,820210,Servicio de Catastro e Información Territorial,IGN
2013,12205,2013-11-16,Sabado,0.0,17:00:00,,0.0,2,"Moto/Ciclomotor,Automóvil",Paraguay Y Dr.J.Alvarez,2,1,0,0,1,0,0,,Calle,,ROSARIO,Rosario,Asfalto,S/D,II,Dentro,Urbana,Ninguna,No existe,Recta,Bueno,Buena,Diurna,Buen Tiempo,Frontal,S/D,Colisión,S/D,Faltante,Cordón divisorio,Sin restricción,POINT (-60.643626399999995 -32.944991599999994),"['Paraguay', 'Álvarez']",2,Paraguay; Oscar Álvarez,-32.944991599999994,-60.6436264,55.0,538.0,Municipio Rosario,Municipio,Rosario,820210,Servicio de Catastro e Información Territorial,IGN
2013,12206,2013-11-04,Lunes,0.0,,,0.0,2,"Automóvil,Automóvil",Victor Mercante Y Av. Genova,4,2,0,0,2,0,0,,Calle,,ROSARIO,Rosario,Asfalto,No existe,II,Dentro,Urbana,Ninguna,No existe,Intersección,Bueno,Buena,Diurna,Buen Tiempo,Lateral,S/D,Colisión,S/D,Faltante,S/D,Sin restricción,POINT (-60.6841316 -32.9151559),"['Víctor Mercante', 'Genova']",2,Víctor Mercante; Avenida Génova,-32.9151559,-60.6841316,55.0,538.0,Municipio Rosario,Municipio,Rosario,820210,Servicio de Catastro e Información Territorial,IGN
2013,12207,2013-11-10,Domingo,0.0,13:00:00,,0.0,2,"Moto/Ciclomotor,Automóvil",Montevideo 1600,3,2,0,0,1,0,0,,Calle,,ROSARIO,Rosario,Asfalto,S/D,II,Dentro,Urbana,Ninguna,S/D,Recta,Bueno,Buena,Diurna,Buen Tiempo,Frontal,S/D,Colisión,S/D,Faltante,Cordón divisorio,Sin restricción,"-32.9548672, -60.6473935",['Montevideo 1600'],1,Montevideo 1600,-32.9548672,-60.6473935,55.0,538.0,Municipio Rosario,Municipio,Rosario,820210,Servicio de Catastro e Información Territorial,IGN
2013,12210,2013-11-10,Domingo,0.0,12:25:00,,0.0,2,"Automóvil,Moto/Ciclomotor",Santa Fe Y Alsina,2,1,0,0,1,0,0,,Calle,,ROSARIO,Rosario,Asfalto,No existe,II,S/D,Urbana,Semáforo,Funciona,Recta,Bueno,Buena,Diurna,Buen Tiempo,Otro,S/D,Colisión,Otro,Horizontal,Ninguna,Sin restricción,POINT (-60.676048 -32.9382392),"['Santa Fe', 'Alsina']",2,Santa Fe; Alsina,-32.9382392,-60.676048,55.0,538.0,Municipio Rosario,Municipio,Rosario,820210,Servicio de Catastro e Información Territorial,IGN
2013,12211,2013-11-27,Miercoles,0.0,11:30:00,,0.0,2,"Bicicleta,Automóvil",Olive Y Bv. Rondeau,2,1,0,0,1,0,0,,Avenida,,ROSARIO,Rosario,Asfalto,S/D,II,Dentro,Urbana,Semáforo,Funciona,Intersección,Bueno,S/D,S/D,Buen Tiempo,S/D,S/D,Atropello,S/D,Vertical,S/D,Sin restricción,POINT (-60.68672205 -32.9130919),"['Olive', 'Rondeau']",2,Olivé; Bulevar General José Rondeau,-32.9130919,-60.68672205,55.0,538.0,Municipio Rosario,Municipio,Rosario,820210,Servicio de Catastro e Información Territorial,IGN
2013,12212,2013-11-03,Domingo,0.0,05:50:00,,0.0,2,"Moto/Ciclomotor,Automóvil",Av. Pellegrini Y Entre Rios,2,1,0,0,1,0,0,,Calle,,ROSARIO,Rosario,Asfalto,S/D,II,Dentro,Urbana,Semáforo,Funciona,Intersección,Bueno,Buena,"Nocturna,Con luz artificial",Buen Tiempo,Lateral,S/D,Colisión,S/D,Vertical,Cordón divisorio,Sin restricción,POINT (-60.6436612 -32.95680645),"['Pellegrini', 'Entre Ríos']",2,Avenida Carlos Pellegrini; Entre Ríos,-32.95680645,-60.6436612,55.0,538.0,Municipio Rosario,Municipio,Rosario,820210,Servicio de Catastro e Información Territorial,IGN
2013,12213,2013-11-12,Martes,0.0,,,0.0,2,"Automóvil,Automóvil",Av. Eudoro Carrasco Y Gallo,2,1,0,0,1,0,0,,Avenida,,ROSARIO,Rosario,Asfalto,No existe,II,Dentro,Urbana,Ninguna,No existe,Recta,Bueno,Buena,Atardecer,Lluvia,Otro,S/D,Otro,Agua,Horizontal,Cordón divisorio,Sin restricción,POINT (-60.68684433333334 -32.88912166666666),"['Avenida Eudoro Carrasco', 'Gallo']",2,Avenida Eudoro Carrasco; Cangallo,-32.88912166666666,-60.68684433333334,55.0,538.0,Municipio Rosario,Municipio,Rosario,820210,Servicio de Catastro e Información Territorial,IGN
2013,12214,2013-11-21,Jueves,0.0,09:00:00,,0.0,2,"Moto/Ciclomotor,Automóvil",Mendoza Y Av. Corrientes,3,2,0,0,1,0,0,,Calle,,ROSARIO,Rosario,Asfalto,S/D,II,Dentro,Urbana,Semáforo,Funciona,Recta,Bueno,Buena,Diurna,Buen Tiempo,Frontal,S/D,Colisión,S/D,Vertical,Cordón divisorio,Sin restricción,POINT (-60.643583500000005 -32.9507824),"['Mendoza', 'Corrientes']",2,Mendoza; Corrientes,-32.9507824,-60.643583500000005,55.0,538.0,Municipio Rosario,Municipio,Rosario,820210,Servicio de Catastro e Información Territorial,IGN
2013,12215,2013-11-13,Miercoles,0.0,,,0.0,2,"Moto/Ciclomotor,Moto/Ciclomotor",Bv. Avellaneda Y J.J.Paso,3,3,0,0,0,0,0,,Calle,,ROSARIO,Rosario,Asfalto,S/D,II,Dentro,Urbana,S/D,S/D,Intersección,S/D,S/D,Nocturna,S/D,S/D,S/D,S/D,S/D,S/D,S/D,S/D,POINT (-60.674093 -32.9190602),"['Avellaneda', 'Paso']",2,Bulevar Nicolás Avellaneda; Avenida Juan José Paso,-32.9190602,-60.674093,55.0,538.0,Municipio Rosario,Municipio,Rosario,820210,Servicio de Catastro e Información Territorial,IGN
2013,12216,2013-11-23,Sabado,0.0,22:35:00,,0.0,2,"Automóvil,Moto/Ciclomotor",Ricchieri Y San Lorenzo,3,1,0,0,2,0,0,,Calle,,ROSARIO,Rosario,S/D,Pavimento,II,S/D,Urbana,Ninguna,No existe,Recta,Bueno,Buena,Nocturna,Buen Tiempo,Frontal,S/D,Colisión,S/D,S/D,Ninguna,S/D,POINT (-60.66225899999999 -32.939696399999995),"['Ricchieri', 'San Lorenzo']",2,Ricchieri; San Lorenzo,-32.939696399999995,-60.66225899999999,55.0,538.0,Municipio Rosario,Municipio,Rosario,820210,Servicio de Catastro e Información Territorial,IGN
2013,12217,2013-11-15,Viernes,0.0,09:30:00,,0.0,2,"Automóvil,Transporte de Pasajeros Urbano (> 8 asientos)",Carriego Y Rioja,3,1,0,0,2,0,0,,Calle,,ROSARIO,Rosario,Asfalto,Pavimento,II,Dentro,Urbana,Ninguna,No existe,Recta,Bueno,Buena,Diurna,Buen Tiempo,S/D,S/D,Aplastamiento,S/D,S/D,Barrera de hormigón,S/D,POINT (-60.688956499999996 -32.93854830000001),"['Carriego', 'Rioja']",2,Carriego; Rioja,-32.93854830000001,-60.6889565,55.0,538.0,Municipio Rosario,Municipio,Rosario,820210,Servicio de Catastro e Información Territorial,IGN
2013,12219,2013-11-12,Martes,0.0,20:15:00,,0.0,2,"Automóvil,Automóvil",3 De Febrero Y Balcarce,2,1,0,0,1,0,0,,Calle,,ROSARIO,Rosario,Asfalto,S/D,II,Dentro,Urbana,Ninguna,No existe,Recta,S/D,Buena,"Nocturna,Con luz artificial",Buen Tiempo,Frontal,S/D,Colisión,S/D,Faltante,Cordón divisorio,Sin restricción,POINT (-60.6535421 -32.95033519999999),"['3 de Febrero', 'Balcarce']",2,3 de Febrero; Balcarce,-32.95033519999999,-60.6535421,55.0,538.0,Municipio Rosario,Municipio,Rosario,820210,Servicio de Catastro e Información Territorial,IGN
2013,12220,2013-11-14,Jueves,0.0,17:00:00,,0.0,2,"Pickup/Utilitario,Automóvil",Av. Pellegrini 1500,2,1,0,0,1,0,0,,Calle,,ROSARIO,Rosario,Asfalto,S/D,II,Dentro,Urbana,Ninguna,No existe,Recta,Bueno,Buena,Atardecer,Buen Tiempo,Frontal,S/D,Colisión,S/D,Faltante,Cordón divisorio,Sin restricción,"-32.9562125, -60.646318",['Pellegrini 1500'],1,Pellegrini 1500,-32.9562125,-60.646318,55.0,538.0,Municipio Rosario,Municipio,Rosario,820210,Servicio de Catastro e Información Territorial,IGN
2013,12221,2013-11-04,Lunes,0.0,19:10:00,,0.0,2,"Automóvil,Bicicleta",Cordoba Y Pueyrredon,2,1,0,0,1,0,0,,Calle,,ROSARIO,Rosario,Asfalto,S/D,II,Dentro,Urbana,S/D,S/D,Intersección,S/D,S/D,S/D,S/D,S/D,S/D,Atropello,S/D,S/D,Cordón divisorio,S/D,POINT (-60.65737260000001 -32.94301),"['Córdoba', 'Pueyrredón']",2,Córdoba; Pueyrredón,-32.94301,-60.65737260000001,55.0,538.0,Municipio Rosario,Municipio,Rosario,820210,Servicio de Catastro e Información Territorial,IGN
2013,12222,2013-07-07,Domingo,0.0,12:00:00,,0.0,2,"Peatón,Automóvil",J.J.Paso Y Pje. Ariel Bis,2,1,0,0,1,0,0,,Calle,,ROSARIO,Rosario,Asfalto,No existe,II,Dentro,Urbana,Ninguna,No existe,Intersección,Bueno,Buena,Diurna,Buen Tiempo,S/D,S/D,Atropello,S/D,Faltante,Ninguna,Sin restricción,POINT (-60.6999658 -32.91984539999999),"['Paso', 'Ariel']",2,Avenida Juan José Paso; Ariel,-32.91984539999999,-60.6999658,55.0,538.0,Municipio Rosario,Municipio,Rosario,820210,Servicio de Catastro e Información Territorial,IGN
2013,12223,2013-11-24,Domingo,0.0,10:15:00,,0.0,1,Moto/Ciclomotor,Urquiza Y San Nicolas,2,2,0,0,0,0,0,,Calle,,ROSARIO,Rosario,Asfalto,Pavimento,II,Dentro,Urbana,S/D,No existe,Recta,Bueno,Buena,Diurna,Buen Tiempo,Frontal,S/D,Colisión,S/D,S/D,Ninguna,Sin restricción,POINT (-60.6714596 -32.93685429999999),"['Urquiza', 'San Nicolás']",2,Justo José de Urquiza; San Nicolás,-32.93685429999999,-60.6714596,55.0,538.0,Municipio Rosario,Municipio,Rosario,820210,Servicio de Catastro e Información Territorial,IGN