anio_acci,nro_acci,fecha,desc_dia,fecha_aprox,hora_aprox,desc_ruta,km,cant_participantes,desc_participante,calle_avenida_km,total,heridos_leves,heridos_graves,heridos_gravisimos,ilesos,fallecidos,sin_datos,posicion_XY,desc_tipo_via,desc_ruta_ori,desc_loc,desc_dpto,desc_tipo_calzada,desc_tipo_banquina,desc_unidad_regional,desc_lugar_calzada,desc_zona,desc_prioridad,desc_estado_semaforo,desc_lugar_via,desc_estado_via,desc_estado_visibilidad,desc_luminosidad,desc_estado_clima,desc_tipo_colision,desc_tipo_atropello,desc_tipo_hecho,desc_pres_calzada,desc_senializacion,desc_separacion_via,desc_restriccion,forma_geocod,calle_lista,numero_calles,calles_osm,lat,lon,index_right,gid,fna,gna,nam,in1,fdc,sag
2013,12224,2013-11-21,Jueves,0.0,00:10:00,,0.0,2,"Automóvil,Taxi/Remis",San Luis Y Santiago,4,2,0,0,2,0,0,,Calle,,ROSARIO,Rosario,Asfalto,S/D,II,Dentro,Urbana,S/D,No existe,Recta,Bueno,Reducida,Nocturna,Buen Tiempo,Otro,S/D,Colisión,S/D,S/D,S/D,Sin restricción,POINT (-60.656666 -32.945839899999996),"['San Luis', 'Santiago']",2,San Luis; Santiago,-32.9458399,-60.656666,55.0,538.0,Municipio Rosario,Municipio,Rosario,820210,Servicio de Catastro e Información Territorial,IGN
2013,12225,2013-11-12,Martes,0.0,14:20:00,,0.0,2,"Moto/Ciclomotor,Automóvil",Castagnino 1200,2,1,0,0,1,0,0,,Avenida,,ROSARIO,Rosario,Asfalto,No existe,II,Dentro,Urbana,Ninguna,No existe,Recta,Bueno,Buena,Diurna,Buen Tiempo,Lateral,S/D,Colisión,Otro,Horizontal,Ninguna,Sin restricción,"-32.8984883, -60.6973816",['Castagnino 1200'],1,Castagnino 1200,-32.8984883,-60.6973816,55.0,538.0,Municipio Rosario,Municipio,Rosario,820210,Servicio de Catastro e Información Territorial,IGN
2013,12227,2013-11-14,Jueves,0.0,16:00:00,,0.0,2,"Peatón,Automóvil",Alvear Y San Juan,2,1,0,0,1,0,0,,Calle,,ROSARIO,Rosario,Asfalto,S/D,II,Dentro,Urbana,Semáforo,Funciona,Intersección,Bueno,S/D,Diurna,Buen Tiempo,Otro,S/D,Atropello,S/D,Vertical,Cordón divisorio,Sin restricción,POINT (-60.6556081 -32.94720589999999),"['Alvear', 'San Juan']",2,Alvear; San Juan,-32.94720589999999,-60.6556081,55.0,538.0,Municipio Rosario,Municipio,Rosario,820210,Servicio de Catastro e Información Territorial,IGN
2013,12228,2013-11-19,Martes,0.0,10:00:00,,0.0,2,"Moto/Ciclomotor,Automóvil",Mendoza Y Rio De Janeiro,2,1,0,0,1,0,0,,Calle,,ROSARIO,Rosario,Asfalto,No existe,II,Dentro,Urbana,Semáforo,S/D,Recta,Bueno,Buena,Diurna,Buen Tiempo,Otro,S/D,Colisión,S/D,S/D,Ninguna,S/D,POINT (-60.68179719999999 -32.9439921),"['Mendoza', 'Río de Janeiro']",2,Mendoza; Río de Janeiro,-32.9439921,-60.68179719999999,55.0,538.0,Municipio Rosario,Municipio,Rosario,820210,Servicio de Catastro e Información Territorial,IGN
2013,12229,2013-11-10,Domingo,0.0,13:00:00,,0.0,2,"Automóvil,Moto/Ciclomotor",Montevideo Y Pte.Roca,3,1,0,0,2,0,0,,Calle,,ROSARIO,Rosario,Asfalto,S/D,II,Dentro,Urbana,Ninguna,No existe,Recta,Bueno,Buena,Diurna,Buen Tiempo,Frontal,S/D,Colisión,S/D,Faltante,Cordón divisorio,Sin restricción,POINT (-60.6475352 -32.954896299999994),"['Montevideo', 'Roca']",2,Montevideo; Presidente Roca,-32.954896299999994,-60.6475352,55.0,538.0,Municipio Rosario,Municipio,Rosario,820210,Servicio de Catastro e Información Territorial,IGN
2013,12230,2013-11-05,Martes,0.0,07:30:00,,0.0,2,"Bicicleta,Taxi/Remis",Pueyrredon Y 9 De Julio,2,1,0,0,1,0,0,,Calle,,ROSARIO,Rosario,Asfalto,S/D,II,Dentro,Urbana,S/D,S/D,Intersección,S/D,S/D,S/D,S/D,S/D,S/D,Atropello,S/D,S/D,S/D,S/D,POINT (-60.65923800000001 -32.95042960000001),"['Pueyrredón', '9 de Julio']",2,Pueyrredón; 9 de Julio,-32.95042960000001,-60.65923800000001,55.0,538.0,Municipio Rosario,Municipio,Rosario,820210,Servicio de Catastro e Información Territorial,IGN
2013,12231,2013-11-17,Domingo,0.0,11:45:00,,0.0,2,"Moto/Ciclomotor,Pickup/Utilitario",Av. Alberdi Bis Y Av. Genova,3,1,0,0,2,0,0,,Calle,,ROSARIO,Rosario,Asfalto,S/D,II,Dentro,Urbana,Semáforo,S/D,Intersección,Bueno,S/D,Diurna,Buen Tiempo,Lateral,S/D,Colisión,S/D,"Horizontal,Vertical",Cordón divisorio,S/D,POINT (-60.685641200000006 -32.91519955000001),"['Alberdi', 'Genova']",2,Avenida Alberdi; Avenida Génova,-32.91519955000001,-60.685641200000006,55.0,538.0,Municipio Rosario,Municipio,Rosario,820210,Servicio de Catastro e Información Territorial,IGN
2013,12232,2013-11-25,Lunes,0.0,07:00:00,,0.0,1,Automóvil,Espora ,6,5,0,0,1,0,0,,S/D,,ROSARIO,Rosario,Asfalto,Pavimento,II,Dentro,Urbana,S/D,No existe,Curva,Resbaladiza,Buena,"Diurna,Con luz artificial",Lluvia,Lateral,S/D,Otro,Agua,S/D,S/D,S/D,"-32.9524914, -60.6476829",['Espora'],1,Espora,-32.9524914,-60.6476829,55.0,538.0,Municipio Rosario,Municipio,Rosario,820210,Servicio de Catastro e Información Territorial,IGN
2013,12234,2013-11-03,Domingo,0.0,,,0.0,2,"Automóvil,Automóvil",Nansen Y Jose Hernandez,3,2,0,0,1,0,0,,Calle,,ROSARIO,Rosario,Asfalto,No existe,II,Dentro,Urbana,Semáforo,Funciona,Intersección,Bueno,Buena,Diurna,Buen Tiempo,S/D,S/D,Colisión,Otro,Horizontal,Cordón divisorio,Sin restricción,POINT (-60.6817487 -32.909132400000004),"['Nansen', 'José Hernández']",2,Avenida Nansen; José Hernández,-32.909132400000004,-60.6817487,55.0,538.0,Municipio Rosario,Municipio,Rosario,820210,Servicio de Catastro e Información Territorial,IGN
2013,12236,2013-11-01,Viernes,0.0,17:25:00,,0.0,2,"Moto/Ciclomotor,Automóvil",Bv. Rondeau 1214,2,1,0,0,1,0,0,,Avenida,,ROSARIO,Rosario,Asfalto,No existe,II,Dentro,Urbana,Semáforo,Funciona,Otro,Bueno,Buena,Diurna,Buen Tiempo,De alcance,S/D,Colisión,S/D,Horizontal,Cordón divisorio,Sin restricción,"-32.90219835714286, -60.689790099999996",['Rondeau 1214'],1,Rondeau 1214,-32.90219835714286,-60.6897901,55.0,538.0,Municipio Rosario,Municipio,Rosario,820210,Servicio de Catastro e Información Territorial,IGN
2013,12237,2013-11-04,Lunes,0.0,10:15:00,,0.0,2,"Peatón,Automóvil",Av. Pellegrini Y Italia,2,1,0,0,1,0,0,,Avenida,,ROSARIO,Rosario,Asfalto,S/D,II,Dentro,Urbana,Semáforo,Funciona,Intersección,Bueno,Buena,Diurna,Buen Tiempo,Otro,S/D,Atropello,S/D,Vertical,Cordón divisorio,Sin restricción,POINT (-60.650600100000005 -32.955561700000004),"['Pellegrini', 'Italia']",2,Avenida Carlos Pellegrini; Italia,-32.955561700000004,-60.650600100000005,55.0,538.0,Municipio Rosario,Municipio,Rosario,820210,Servicio de Catastro e Información Territorial,IGN
2013,12238,2013-10-31,Jueves,0.0,14:30:00,,0.0,2,"Taxi/Remis,Pickup/Utilitario",Mendoza 3200,2,1,0,0,1,0,0,,Calle,,ROSARIO,Rosario,Asfalto,S/D,II,Dentro,Urbana,S/D,S/D,Intersección,S/D,S/D,S/D,S/D,S/D,S/D,Colisión,S/D,S/D,S/D,S/D,"-32.9463892, -60.6680599",['Mendoza 3200'],1,Mendoza 3200,-32.9463892,-60.6680599,55.0,538.0,Municipio Rosario,Municipio,Rosario,820210,Servicio de Catastro e Información Territorial,IGN
2013,12239,2013-11-12,Martes,0.0,14:00:00,,0.0,2,"Moto/Ciclomotor,Automóvil",Av. Pellegrini Y Rio De Janeiro,2,1,0,0,1,0,0,,Avenida,,ROSARIO,Rosario,Asfalto,S/D,II,Dentro,Urbana,Semáforo,S/D,Intersección,Bueno,Buena,Diurna,Buen Tiempo,S/D,S/D,Colisión,S/D,S/D,S/D,S/D,POINT (-60.6832499 -32.949701950000005),"['Pellegrini', 'Río de Janeiro']",2,Avenida Carlos Pellegrini; Río de Janeiro,-32.949701950000005,-60.6832499,55.0,538.0,Municipio Rosario,Municipio,Rosario,820210,Servicio de Catastro e Información Territorial,IGN
2013,12240,2013-11-04,Lunes,0.0,09:30:00,,0.0,2,"Bicicleta,Automóvil",Italia 1200,2,1,0,0,1,0,0,,Calle,,ROSARIO,Rosario,Asfalto,No existe,II,Dentro,Urbana,Ninguna,No existe,Recta,Bueno,Buena,Diurna,Buen Tiempo,S/D,S/D,Atropello,S/D,Faltante,Cordón divisorio,Sin restricción,"-32.9497193, -60.6491867",['Italia 1200'],1,Italia 1200,-32.9497193,-60.6491867,55.0,538.0,Municipio Rosario,Municipio,Rosario,820210,Servicio de Catastro e Información Territorial,IGN
2013,12241,2013-11-15,Viernes,0.0,10:20:00,,0.0,2,"Automóvil,Moto/Ciclomotor",Uriarte Y Anchoris,2,1,0,0,1,0,0,,Calle,,ROSARIO,Rosario,Asfalto,S/D,II,Dentro,Urbana,Ninguna,S/D,Intersección,S/D,S/D,Diurna,S/D,Frontal,S/D,Colisión,S/D,S/D,S/D,Sin restricción,POINT (-60.69879280000001 -32.9007237),"['Uriarte', 'Anchoris']",2,Uriarte; Anchoris,-32.9007237,-60.69879280000001,55.0,538.0,Municipio Rosario,Municipio,Rosario,820210,Servicio de Catastro e Información Territorial,IGN
2013,12242,2013-11-02,Sabado,0.0,18:00:00,,0.0,2,"Moto/Ciclomotor,Automóvil",Galvez Y Chacabuco,3,2,0,0,1,0,0,,Calle,,ROSARIO,Rosario,Asfalto,No existe,II,Dentro,Urbana,Ninguna,No existe,Intersección,Bueno,Buena,Diurna,Buen Tiempo,Lateral,S/D,Colisión,S/D,S/D,Ninguna,Sin restricción,POINT (-60.62842580000001 -32.9715043),"['Galvez', 'Chacabuco']",2,José Gálvez; Chacabuco,-32.9715043,-60.62842580000001,55.0,538.0,Municipio Rosario,Municipio,Rosario,820210,Servicio de Catastro e Información Territorial,IGN
2013,12243,2013-11-25,Lunes,0.0,01:15:00,,0.0,2,"Automóvil,Automóvil",Av. Francia Y Brown,2,1,0,0,1,0,0,,Avenida,,ROSARIO,Rosario,Asfalto,Pavimento,II,Dentro,Urbana,S/D,No existe,Intersección,"Bueno,Resbaladiza",Buena,"Nocturna,Con luz artificial",Lluvia,Lateral,S/D,Colisión,S/D,S/D,S/D,S/D,POINT (-60.66318115 -32.93220974999999),"['Avenida Francia', 'Brown']",2,Avenida Francia; Almirante Brown,-32.93220974999999,-60.66318115,55.0,538.0,Municipio Rosario,Municipio,Rosario,820210,Servicio de Catastro e Información Territorial,IGN
2013,12244,2013-11-19,Martes,0.0,18:15:00,,0.0,2,"Automóvil,Automóvil",1 de Mayo Y 3 De Febrero,2,2,0,0,0,0,0,,Calle,,ROSARIO,Rosario,Asfalto,S/D,II,Dentro,Urbana,S/D,S/D,Intersección,Bueno,Buena,Diurna,Buen Tiempo,Lateral,S/D,Colisión,S/D,S/D,Cordón divisorio,S/D,POINT (-60.6312992 -32.954230499999994),"['Primero de Mayo', '3 de Febrero']",2,Primero de Mayo; 3 de Febrero,-32.954230499999994,-60.6312992,55.0,538.0,Municipio Rosario,Municipio,Rosario,820210,Servicio de Catastro e Información Territorial,IGN
2013,12245,2013-11-04,Lunes,0.0,18:15:00,,0.0,2,"Moto/Ciclomotor,Automóvil",Av. Pellegrini Y Av. Corrientes,2,1,0,0,1,0,0,,Avenida,,ROSARIO,Rosario,Asfalto,No existe,II,Dentro,Urbana,Semáforo,Funciona,Intersección,Bueno,Buena,Diurna,Buen Tiempo,Lateral,S/D,Colisión,S/D,Vertical,Cordón divisorio,Sin restricción,POINT (-60.645055850000006 -32.95655624999999),"['Pellegrini', 'Corrientes']",2,Avenida Carlos Pellegrini; Corrientes,-32.95655624999999,-60.645055850000006,55.0,538.0,Municipio Rosario,Municipio,Rosario,820210,Servicio de Catastro e Información Territorial,IGN
2013,12246,2013-11-30,Sabado,0.0,,,0.0,2,"Taxi/Remis,Bicicleta",Av. Pellegrini Y Iriondo,2,1,0,0,1,0,0,,Avenida,,ROSARIO,Rosario,Asfalto,No existe,II,Dentro,Urbana,Otra Señal,Funciona,Recta,Bueno,S/D,S/D,Buen Tiempo,S/D,S/D,Atropello,S/D,S/D,Barrera de hormigón,S/D,POINT (-60.6723408 -32.95164905),"['Pellegrini', 'Iriondo']",2,Avenida Carlos Pellegrini; Iriondo,-32.95164905,-60.6723408,55.0,538.0,Municipio Rosario,Municipio,Rosario,820210,Servicio de Catastro e Información Territorial,IGN
2013,12247,2013-11-07,Jueves,0.0,07:40:00,,0.0,2,"Moto/Ciclomotor,Moto/Ciclomotor",Zelaya Y Baigorria,2,1,0,0,0,0,1,,S/D,,ROSARIO,Rosario,Asfalto,No existe,II,S/D,S/D,Ninguna,No existe,Intersección,Bueno,Buena,Diurna,Buen Tiempo,Otro,S/D,Colisión,Otro,Horizontal,Ninguna,Sin restricción,POINT (-60.69689309999999 -32.8923404),"['Zelaya', 'Baigorria']",2,Zelaya; Baigorria,-32.8923404,-60.69689309999999,55.0,538.0,Municipio Rosario,Municipio,Rosario,820210,Servicio de Catastro e Información Territorial,IGN
2013,12248,2013-11-05,Martes,0.0,23:45:00,,0.0,2,"Moto/Ciclomotor,Moto/Ciclomotor",Washington Y Machain,2,2,0,0,0,0,0,,Calle,,ROSARIO,Rosario,Asfalto,No existe,II,Dentro,Urbana,Ninguna,No existe,Recta,Bueno,Buena,"Nocturna,Con luz artificial",Buen Tiempo,Otro,S/D,Colisión,S/D,Faltante,Ninguna,Sin restricción,POINT (-60.69705700000001 -32.90266499999999),"['Washington', 'Machain']",2,Washington; Machain,-32.90266499999999,-60.69705700000001,55.0,538.0,Municipio Rosario,Municipio,Rosario,820210,Servicio de Catastro e Información Territorial,IGN
2013,12249,2013-11-17,Domingo,0.0,02:10:00,,0.0,2,"Moto/Ciclomotor,Automóvil",3 De Febrero Y Sarmiento,3,2,0,0,1,0,0,,Calle,,ROSARIO,Rosario,Asfalto,S/D,II,Dentro,Urbana,Ninguna,No existe,Intersección,Bueno,Buena,"Nocturna,Con luz artificial",Buen Tiempo,Lateral,S/D,Colisión,S/D,Faltante,Cordón divisorio,Sin restricción,POINT (-60.63974480000001 -32.9527553),"['3 de Febrero', 'Sarmiento']",2,3 de Febrero; Sarmiento,-32.9527553,-60.63974480000001,55.0,538.0,Municipio Rosario,Municipio,Rosario,820210,Servicio de Catastro e Información Territorial,IGN
2013,12251,2013-11-12,Martes,0.0,17:30:00,,0.0,2,"Moto/Ciclomotor,Automóvil",Mendoza Y Alsina,3,2,0,0,1,0,0,,Calle,,ROSARIO,Rosario,Asfalto,No existe,II,Dentro,Urbana,Semáforo,Funciona,Recta,Bueno,Buena,S/D,Buen Tiempo,S/D,S/D,Colisión,S/D,S/D,S/D,Sin restricción,POINT (-60.67769160000001 -32.94473060000001),"['Mendoza', 'Alsina']",2,Mendoza; Alsina,-32.94473060000001,-60.67769160000001,55.0,538.0,Municipio Rosario,Municipio,Rosario,820210,Servicio de Catastro e Información Territorial,IGN
2013,12252,2013-11-18,Lunes,0.0,13:30:00,,0.0,2,"Peatón,Moto/Ciclomotor",Av. Corrientes Y Cordoba,2,1,0,0,1,0,0,,Calle,,ROSARIO,Rosario,Asfalto,No existe,II,Dentro,Urbana,Semáforo,Funciona,Intersección,Bueno,Buena,Diurna,Buen Tiempo,Otro,S/D,Atropello,S/D,Vertical,Cordón divisorio,Sin restricción,POINT (-60.64233070000001 -32.94567669999999),"['Corrientes', 'Córdoba']",2,Corrientes; Córdoba,-32.94567669999999,-60.64233070000001,55.0,538.0,Municipio Rosario,Municipio,Rosario,820210,Servicio de Catastro e Información Territorial,IGN
2013,12253,2013-11-14,Jueves,0.0,21:15:00,,0.0,2,"Moto/Ciclomotor,Peatón",Buenos Aires Y Cordoba,2,1,0,0,1,0,0,,Calle,,ROSARIO,Rosario,Asfalto,S/D,II,Dentro,Urbana,S/D,S/D,Intersección,Bueno,Buena,"Nocturna,Con luz artificial",Buen Tiempo,Otro,S/D,Atropello,S/D,S/D,Cordón divisorio,S/D,POINT (-60.632749 -32.9475389),"['Buenos Aires', 'Córdoba']",2,Buenos Aires; Córdoba,-32.9475389,-60.632749,55.0,538.0,Municipio Rosario,Municipio,Rosario,820210,Servicio de Catastro e Información Territorial,IGN
2013,12254,2013-11-06,Miercoles,0.0,09:00:00,,0.0,2,"Automóvil,Transporte Escolar",Av. Pte.Peron Y Av. Ovidio Lagos,3,2,0,0,1,0,0,,Avenida,,ROSARIO,Rosario,Asfalto,S/D,II,Dentro,Urbana,Semáforo,Funciona,Recta,Bueno,Buena,Diurna,Buen Tiempo,De alcance,S/D,Colisión,S/D,Vertical,Cordón divisorio,S/D,POINT (-60.6647377 -32.955408150000004),"['Avenida Presidente Perón', 'Avenida Ovidio Lagos']",2,Avenida Presidente Perón; Avenida Ovidio Lagos,-32.955408150000004,-60.6647377,55.0,538.0,Municipio Rosario,Municipio,Rosario,820210,Servicio de Catastro e Información Territorial,IGN
2013,12255,2013-11-06,Miercoles,0.0,16:00:00,,0.0,2,"Moto/Ciclomotor,Pickup/Utilitario",San Luis Y Iriondo,3,2,0,0,1,0,0,,Calle,,ROSARIO,Rosario,Asfalto,No existe,II,Dentro,Urbana,S/D,S/D,Intersección,S/D,S/D,Diurna,S/D,S/D,S/D,Colisión,S/D,S/D,Ninguna,S/D,POINT (-60.6702694 -32.9434407),"['San Luis', 'Iriondo']",2,San Luis; Iriondo,-32.9434407,-60.6702694,55.0,538.0,Municipio Rosario,Municipio,Rosario,820210,Servicio de Catastro e Información Territorial,IGN
2013,12256,2013-11-05,Martes,0.0,17:00:00,,0.0,1,Taxi/Remis,J.M.de Rosas 2300,2,1,0,0,1,0,0,,Calle,,ROSARIO,Rosario,Asfalto,No existe,II,Dentro,Urbana,Ninguna,No existe,Recta,Bueno,Buena,Atardecer,Buen Tiempo,Lateral,S/D,Colisión,S/D,Faltante,Ninguna,Sin restricción,"-32.9490771, -60.6315334",['J M De Rosas 2300'],1,J M De Rosas 2300,-32.9490771,-60.6315334,55.0,538.0,Municipio Rosario,Municipio,Rosario,820210,Servicio de Catastro e Información Territorial,IGN
2013,12257,2013-11-03,Domingo,0.0,18:00:00,,0.0,2,"Moto/Ciclomotor,Automóvil",Alsina Y Mendoza,2,1,0,0,1,0,0,,Calle,,ROSARIO,Rosario,Asfalto,No existe,II,Dentro,Urbana,Ninguna,S/D,Intersección,S/D,S/D,Diurna,S/D,S/D,S/D,Colisión,S/D,S/D,Cordón divisorio,S/D,POINT (-60.67769160000001 -32.94473060000001),"['Alsina', 'Mendoza']",2,Alsina; Mendoza,-32.94473060000001,-60.67769160000001,55.0,538.0,Municipio Rosario,Municipio,Rosario,820210,Servicio de Catastro e Información Territorial,IGN
2013,12258,2013-11-17,Domingo,0.0,17:35:00,,0.0,2,"Moto/Ciclomotor,Moto/Ciclomotor",Maiztegui Y Pintor Musto,3,2,0,0,0,0,1,,Calle,,ROSARIO,Rosario,Asfalto,Natural,II,Dentro,Urbana,S/D,S/D,Recta,S/D,S/D,Diurna,S/D,Frontal,S/D,Colisión,S/D,S/D,S/D,Sin restricción,POINT (-60.691905600000005 -32.872775),"['Maiztegui', 'Pintor Musto']",2,Maiztegui; Pintor Musto,-32.872775,-60.691905600000005,55.0,538.0,Municipio Rosario,Municipio,Rosario,820210,Servicio de Catastro e Información Territorial,IGN
2013,12259,2013-11-14,Jueves,0.0,21:00:00,,0.0,2,"Automóvil,Moto/Ciclomotor",Valparaiso Y Montevideo,2,1,0,0,1,0,0,,Calle,,ROSARIO,Rosario,Asfalto,Natural,II,Dentro,Urbana,Otra Señal,No existe,Recta,Bueno,Buena,Nocturna,Buen Tiempo,De alcance,S/D,Colisión,S/D,S/D,Ninguna,Sin restricción,POINT (-60.6842986 -32.9483258),"['Valparaíso', 'Montevideo']",2,Valparaíso; Montevideo,-32.9483258,-60.6842986,55.0,538.0,Municipio Rosario,Municipio,Rosario,820210,Servicio de Catastro e Información Territorial,IGN
2013,12260,2013-11-06,Miercoles,0.0,20:30:00,,0.0,2,"Moto/Ciclomotor,Automóvil",Casiano Casas Y Washington,2,1,0,0,1,0,0,,Avenida,,ROSARIO,Rosario,Asfalto,No existe,II,Dentro,Urbana,Semáforo,Funciona,Intersección,Bueno,Buena,Nocturna,Buen Tiempo,Lateral,S/D,Colisión,Otro,Horizontal,Línea divisoria pintada,Sin restricción,POINT (-60.7007901 -32.9034752),"['Avenida Casiano Casas', 'Washington']",2,Avenida Casiano Casas; Washington,-32.9034752,-60.7007901,55.0,538.0,Municipio Rosario,Municipio,Rosario,820210,Servicio de Catastro e Información Territorial,IGN
2013,12261,2013-11-24,Domingo,0.0,15:00:00,,0.0,2,"Automóvil,Automóvil",Pueyrredon Y E.Zeballos,3,1,0,0,2,0,0,,S/D,,ROSARIO,Rosario,Asfalto,No existe,II,Dentro,Urbana,S/D,No existe,Recta,Bueno,Buena,Diurna,Buen Tiempo,S/D,S/D,Colisión,S/D,S/D,S/D,S/D,POINT (-60.6595219 -32.95155700000002),"['Pueyrredón', 'Zeballos']",2,Pueyrredón; Zeballos,-32.95155700000002,-60.6595219,55.0,538.0,Municipio Rosario,Municipio,Rosario,820210,Servicio de Catastro e Información Territorial,IGN
2013,12262,2013-11-22,Viernes,0.0,18:15:00,,0.0,2,"Peatón,Automóvil",Bv. Oroño Y Urquiza,2,1,0,0,1,0,0,,Avenida,,ROSARIO,Rosario,Asfalto,No existe,II,Dentro,Urbana,Ninguna,No existe,Intersección,Bueno,Buena,"Atardecer,Con luz artificial",Buen Tiempo,Otro,S/D,Atropello,S/D,Faltante,Ninguna,Sin restricción,POINT (-60.652427200000005 -32.940226100000004),"['Bulevar Nicasio Oroño', 'Urquiza']",2,Bulevar Nicasio Oroño; Justo José de Urquiza,-32.940226100000004,-60.652427200000005,55.0,538.0,Municipio Rosario,Municipio,Rosario,820210,Servicio de Catastro e Información Territorial,IGN
2013,12263,2013-11-05,Martes,0.0,11:55:00,,0.0,2,"Moto/Ciclomotor,Automóvil",1 de Mayo Y Cerrito,3,2,0,0,1,0,0,,Calle,,ROSARIO,Rosario,Asfalto,No existe,II,Dentro,Urbana,Ninguna,No existe,Intersección,Bueno,Buena,Diurna,Buen Tiempo,Lateral,S/D,Colisión,S/D,Faltante,Ninguna,Sin restricción,POINT (-60.6335613 -32.9633903),"['Primero de Mayo', 'Cerrito']",2,Primero de Mayo; Cerrito,-32.9633903,-60.6335613,55.0,538.0,Municipio Rosario,Municipio,Rosario,820210,Servicio de Catastro e Información Territorial,IGN
2013,12264,2013-11-03,Domingo,0.0,22:00:00,,0.0,2,"Automóvil,Moto/Ciclomotor",Av. Pellegrini Y Callao,2,1,0,0,1,0,0,,Avenida,,ROSARIO,Rosario,Asfalto,S/D,II,Dentro,Urbana,S/D,S/D,Intersección,Bueno,Buena,Con luz artificial,Buen Tiempo,Lateral,S/D,Colisión,S/D,S/D,Cordón divisorio,S/D,POINT (-60.66283325 -32.95334939999999),"['Pellegrini', 'Callao']",2,Avenida Carlos Pellegrini; Callao,-32.95334939999999,-60.66283325,55.0,538.0,Municipio Rosario,Municipio,Rosario,820210,Servicio de Catastro e Información Territorial,IGN
2013,12265,2013-11-19,Martes,0.0,10:25:00,,0.0,3,"Automóvil,Moto/Ciclomotor,Automóvil",Av. Ovidio Lagos Y 3 De Febrero,3,1,0,0,2,0,0,,Calle,,ROSARIO,Rosario,Asfalto,No existe,II,Dentro,Urbana,Semáforo,Funciona,Intersección,Bueno,Buena,Diurna,Buen Tiempo,Múltiple,S/D,Colisión,S/D,S/D,Ninguna,Sin restricción,POINT (-60.6630574 -32.9486394),"['Avenida Ovidio Lagos', '3 de Febrero']",2,Avenida Ovidio Lagos; 3 de Febrero,-32.9486394,-60.6630574,55.0,538.0,Municipio Rosario,Municipio,Rosario,820210,Servicio de Catastro e Información Territorial,IGN
2013,12266,2013-11-05,Martes,0.0,,,0.0,2,"Moto/Ciclomotor,Automóvil",Riobamba Y L.N.Alem,3,2,0,0,1,0,0,,Calle,,ROSARIO,Rosario,Asfalto,No existe,II,Dentro,Urbana,Señal Pare,No existe,Intersección,Bueno,Buena,Con luz artificial,Buen Tiempo,Lateral,S/D,Colisión,S/D,Vertical,Ninguna,Sin restricción,POINT (-60.6324245 -32.9647893),"['Riobamba', 'Alem']",2,Riobamba; Leandro N. Alem,-32.9647893,-60.6324245,55.0,538.0,Municipio Rosario,Municipio,Rosario,820210,Servicio de Catastro e Información Territorial,IGN
2013,12267,2013-11-22,Viernes,0.0,18:50:00,,0.0,2,"Automóvil,Automóvil",Balcarce 00,2,1,0,0,1,0,0,,Calle,,ROSARIO,Rosario,Asfalto,No existe,II,Dentro,Urbana,Ninguna,No existe,Recta,Bueno,Buena,Diurna,Buen Tiempo,De alcance,S/D,Colisión,S/D,Faltante,Ninguna,Sin restricción,"-32.939321, -60.6507578",['Balcarce 00'],1,Balcarce 00,-32.939321,-60.6507578,55.0,538.0,Municipio Rosario,Municipio,Rosario,820210,Servicio de Catastro e Información Territorial,IGN
2013,12268,2013-10-24,Jueves,0.0,18:00:00,,0.0,2,"Automóvil,Pickup/Utilitario",Pje. Raffo Y Lamadrid,2,1,0,0,1,0,0,,S/D,,ROSARIO,Rosario,Asfalto,No existe,II,S/D,Urbana,Ninguna,No existe,Intersección,Bueno,Buena,Diurna,Buen Tiempo,Lateral,S/D,Colisión,S/D,Faltante,Ninguna,Sin restricción,POINT (-60.64951330000001 -32.9971088),"['Raffo', 'Lamadrid']",2,Raffo; Gregorio Aráoz de Lamadrid,-32.9971088,-60.64951330000001,55.0,538.0,Municipio Rosario,Municipio,Rosario,820210,Servicio de Catastro e Información Territorial,IGN
2013,12269,2013-11-07,Jueves,0.0,07:00:00,,0.0,2,"Automóvil,Moto/Ciclomotor",Bv. Oroño Y Galvez,2,1,0,0,1,0,0,,Calle,,ROSARIO,Rosario,Asfalto,S/D,II,Dentro,Urbana,Semáforo,Funciona,Recta,Bueno,Buena,Diurna,Buen Tiempo,De alcance,S/D,Colisión,S/D,Vertical,S/D,S/D,POINT (-60.658933899999994 -32.9660708),"['Bulevar Nicasio Oroño', 'Galvez']",2,Bulevar Nicasio Oroño; José Gálvez,-32.9660708,-60.6589339,55.0,538.0,Municipio Rosario,Municipio,Rosario,820210,Servicio de Catastro e Información Territorial,IGN
2013,12270,2013-11-06,Miercoles,0.0,17:30:00,,0.0,2,"Moto/Ciclomotor,Automóvil",1 de Mayo Y Cerrito,3,2,0,0,1,0,0,,Calle,,ROSARIO,Rosario,Asfalto,No existe,II,Dentro,Urbana,Ninguna,No existe,Intersección,Bueno,Buena,Atardecer,Buen Tiempo,Lateral,S/D,Colisión,S/D,Faltante,Ninguna,Sin restricción,POINT (-60.6335613 -32.9633903),"['Primero de Mayo', 'Cerrito']",2,Primero de Mayo; Cerrito,-32.9633903,-60.6335613,55.0,538.0,Municipio Rosario,Municipio,Rosario,820210,Servicio de Catastro e Información Territorial,IGN