anio_acci,nro_acci,fecha,desc_dia,fecha_aprox,hora_aprox,desc_ruta,km,cant_participantes,desc_participante,calle_avenida_km,total,heridos_leves,heridos_graves,heridos_gravisimos,ilesos,fallecidos,sin_datos,posicion_XY,desc_tipo_via,desc_ruta_ori,desc_loc,desc_dpto,desc_tipo_calzada,desc_tipo_banquina,desc_unidad_regional,desc_lugar_calzada,desc_zona,desc_prioridad,desc_estado_semaforo,desc_lugar_via,desc_estado_via,desc_estado_visibilidad,desc_luminosidad,desc_estado_clima,desc_tipo_colision,desc_tipo_atropello,desc_tipo_hecho,desc_pres_calzada,desc_senializacion,desc_separacion_via,desc_restriccion,forma_geocod,calle_lista,numero_calles,calles_osm,lat,lon,index_right,gid,fna,gna,nam,in1,fdc,sag
2013,12271,2013-11-16,Sabado,0.0,20:50:00,,0.0,2,"Automóvil,Automóvil",Av. Genova Y Campbell,2,1,0,0,1,0,0,,Avenida,,ROSARIO,Rosario,Asfalto,No existe,II,Dentro,Urbana,Ninguna,No existe,Intersección,Bueno,Buena,"Nocturna,Con luz artificial",Buen Tiempo,S/D,S/D,Colisión,S/D,Faltante,Ninguna,Sin restricción,POINT (-60.709037349999996 -32.91588289999999),"['Genova', 'Campbell']",2,Avenida Génova; Campbell,-32.91588289999999,-60.70903735,55.0,538.0,Municipio Rosario,Municipio,Rosario,820210,Servicio de Catastro e Información Territorial,IGN
2013,12272,2013-10-23,Miercoles,0.0,11:30:00,,0.0,2,"Moto/Ciclomotor,Automóvil",Av. Corrientes Y Bv. Segui,2,1,0,0,1,0,0,,Calle,,ROSARIO,Rosario,Asfalto,No existe,II,Dentro,Urbana,Ninguna,No existe,Recta,Bueno,Buena,Diurna,Buen Tiempo,De alcance,S/D,Colisión,S/D,Faltante,Ninguna,Sin restricción,POINT (-60.65060229999999 -32.97832124999999),"['Corrientes', 'Bulevar Juan Francisco Seguí']",2,Corrientes; Bulevar Juan Francisco Seguí,-32.97832124999999,-60.65060229999999,55.0,538.0,Municipio Rosario,Municipio,Rosario,820210,Servicio de Catastro e Información Territorial,IGN
2013,12273,2013-11-01,Viernes,0.0,,,0.0,2,"Automóvil,Moto/Ciclomotor",Galicia Y Francisco De Miranda,2,1,0,0,1,0,0,,Calle,,ROSARIO,Rosario,Asfalto,No existe,II,S/D,Urbana,Ninguna,No existe,Recta,Bueno,Buena,Atardecer,Buen Tiempo,Otro,S/D,Colisión,Otro,Faltante,Ninguna,Sin restricción,POINT (-60.6938116 -32.874877399999995),"['Galicia', 'Francisco de Miranda']",2,Galicia; Francisco de Miranda,-32.874877399999995,-60.6938116,55.0,538.0,Municipio Rosario,Municipio,Rosario,820210,Servicio de Catastro e Información Territorial,IGN
2013,12274,2013-07-01,Lunes,0.0,12:10:00,,0.0,2,"Moto/Ciclomotor,Automóvil",J.B.Justo Y Colombia,2,1,0,0,1,0,0,,Calle,,ROSARIO,Rosario,Asfalto,No existe,II,Dentro,Urbana,Ninguna,No existe,Intersección,Bueno,Buena,Diurna,Buen Tiempo,Lateral,S/D,Colisión,S/D,Faltante,Ninguna,Sin restricción,POINT (-60.7164811 -32.9335344),"['Justo', 'Colombia']",2,"('Justo José de Urquiza', 'Colombia')",-32.9335344,-60.7164811,55.0,538.0,Municipio Rosario,Municipio,Rosario,820210,Servicio de Catastro e Información Territorial,IGN
2013,12275,2013-11-01,Viernes,1.0,,,0.0,2,"Moto/Ciclomotor,Automóvil",Pte.Roca Y Cochabamba,3,2,0,0,1,0,0,,Calle,,ROSARIO,Rosario,Asfalto,S/D,II,Dentro,Urbana,S/D,S/D,Intersección,Bueno,S/D,S/D,Buen Tiempo,Lateral,S/D,Colisión,S/D,S/D,S/D,S/D,POINT (-60.6481136 -32.957187099999985),"['Roca', 'Cochabamba']",2,Presidente Roca; Cochabamba,-32.957187099999985,-60.6481136,55.0,538.0,Municipio Rosario,Municipio,Rosario,820210,Servicio de Catastro e Información Territorial,IGN
2013,12276,2013-10-21,Lunes,0.0,15:00:00,,0.0,2,"Automóvil,Automóvil",Comodoro Rivadavia Y Santiago,2,1,0,0,1,0,0,,S/D,,ROSARIO,Rosario,Asfalto,No existe,II,S/D,S/D,Ninguna,No existe,Intersección,Bueno,Buena,Diurna,Buen Tiempo,Lateral,S/D,Colisión,S/D,Faltante,Ninguna,Sin restricción,POINT (-60.6680318 -32.99079780000001),"['Comodoro Rivadavia', 'Santiago']",2,Comodoro Rivadavia; Santiago,-32.99079780000001,-60.6680318,55.0,538.0,Municipio Rosario,Municipio,Rosario,820210,Servicio de Catastro e Información Territorial,IGN
2013,12277,2013-11-13,Miercoles,0.0,15:00:00,,0.0,2,"Moto/Ciclomotor,Camión",Pueyrredon Y E.Zeballos,2,1,0,0,1,0,0,,Calle,,ROSARIO,Rosario,Asfalto,No existe,II,S/D,Urbana,S/D,S/D,Recta,Bueno,Buena,S/D,Buen Tiempo,S/D,S/D,Colisión,S/D,S/D,S/D,S/D,POINT (-60.6595219 -32.95155700000002),"['Pueyrredón', 'Zeballos']",2,Pueyrredón; Zeballos,-32.95155700000002,-60.6595219,55.0,538.0,Municipio Rosario,Municipio,Rosario,820210,Servicio de Catastro e Información Territorial,IGN
2013,12278,2013-11-04,Lunes,0.0,08:50:00,,0.0,2,"Bicicleta,Automóvil",Italia Y Ituzaingo,2,1,0,0,1,0,0,,Calle,,ROSARIO,Rosario,Asfalto,S/D,II,Dentro,Urbana,S/D,S/D,Intersección,Bueno,Buena,Diurna,Buen Tiempo,S/D,S/D,Atropello,S/D,S/D,S/D,S/D,POINT (-60.6514654 -32.95899740000001),"['Italia', 'Ituzaingó']",2,Italia; Ituzaingó,-32.95899740000001,-60.6514654,55.0,538.0,Municipio Rosario,Municipio,Rosario,820210,Servicio de Catastro e Información Territorial,IGN
2013,12280,2013-11-18,Lunes,0.0,15:00:00,,0.0,2,"Automóvil,Moto/Ciclomotor",Blas Parera Y Miller,2,0,0,0,0,0,2,,Calle,,ROSARIO,Rosario,Asfalto,S/D,II,S/D,Urbana,Ninguna,S/D,Recta,S/D,S/D,Diurna,S/D,Frontal,S/D,Colisión,S/D,S/D,Ninguna,Sin restricción,POINT (-60.70580090000001 -32.9031716),"['Blas Parera', 'Miller']",2,Blas Parera; Miller,-32.9031716,-60.70580090000001,55.0,538.0,Municipio Rosario,Municipio,Rosario,820210,Servicio de Catastro e Información Territorial,IGN
2013,12281,2013-11-07,Jueves,0.0,19:45:00,,0.0,2,"Automóvil,Automóvil",1 de Mayo Y Pasco,2,1,0,0,1,0,0,,Calle,,ROSARIO,Rosario,Asfalto,No existe,II,Dentro,Urbana,Ninguna,No existe,Intersección,Bueno,Buena,Atardecer,Buen Tiempo,Lateral,S/D,Colisión,S/D,Faltante,Ninguna,Sin restricción,POINT (-60.63300919999999 -32.9610952),"['Primero de Mayo', 'Pasco']",2,Primero de Mayo; Pasco,-32.9610952,-60.63300919999999,55.0,538.0,Municipio Rosario,Municipio,Rosario,820210,Servicio de Catastro e Información Territorial,IGN
2013,12282,2013-11-09,Sabado,0.0,18:40:00,,0.0,2,"Automóvil,Automóvil",Casiano Casas Y Washington,4,1,2,0,1,0,0,,Avenida,,ROSARIO,Rosario,Asfalto,No existe,II,Dentro,Urbana,Semáforo,Funciona,Recta,Bueno,Buena,"Diurna,Con luz artificial",Buen Tiempo,Otro,S/D,Otro,Otro,Horizontal,Cordón divisorio,Sin restricción,POINT (-60.7007901 -32.9034752),"['Avenida Casiano Casas', 'Washington']",2,Avenida Casiano Casas; Washington,-32.9034752,-60.7007901,55.0,538.0,Municipio Rosario,Municipio,Rosario,820210,Servicio de Catastro e Información Territorial,IGN
2013,12283,2013-10-20,Domingo,0.0,13:30:00,,0.0,2,"Moto/Ciclomotor,Automóvil",Pte.Quintana Y Alvear,5,4,0,0,1,0,0,,Calle,,ROSARIO,Rosario,Asfalto,No existe,II,Dentro,Urbana,Ninguna,No existe,Intersección,Bueno,Buena,Diurna,Buen Tiempo,Lateral,S/D,Colisión,S/D,Faltante,Ninguna,Sin restricción,POINT (-60.6637239 -32.9795759),"['Quintana', 'Alvear']",2,"('Presidente Quintana', 'Alvear')",-32.9795759,-60.6637239,55.0,538.0,Municipio Rosario,Municipio,Rosario,820210,Servicio de Catastro e Información Territorial,IGN
2013,12284,2013-11-12,Martes,0.0,20:05:00,,0.0,2,"Moto/Ciclomotor,Pickup/Utilitario",Mendoza Y Constitucion,2,1,0,0,1,0,0,,Calle,,ROSARIO,Rosario,Asfalto,No existe,II,S/D,Urbana,S/D,S/D,Recta,Bueno,Buena,Diurna,Buen Tiempo,S/D,S/D,Colisión,S/D,S/D,S/D,S/D,POINT (-60.6749889 -32.945215299999994),"['Mendoza', 'Constitución']",2,Mendoza; Constitución,-32.945215299999994,-60.6749889,55.0,538.0,Municipio Rosario,Municipio,Rosario,820210,Servicio de Catastro e Información Territorial,IGN
2013,12285,2013-11-04,Lunes,0.0,11:00:00,,0.0,2,"Bicicleta,Automóvil",Cochabamba 1700,2,1,0,0,1,0,0,,Calle,,ROSARIO,Rosario,Asfalto,S/D,II,Dentro,Urbana,S/D,S/D,Recta,Bueno,Buena,Diurna,Buen Tiempo,S/D,S/D,Atropello,S/D,S/D,S/D,S/D,"-32.9569289, -60.6492348",['Cochabamba 1700'],1,Cochabamba 1700,-32.9569289,-60.6492348,55.0,538.0,Municipio Rosario,Municipio,Rosario,820210,Servicio de Catastro e Información Territorial,IGN
2013,12287,2013-11-10,Domingo,0.0,10:00:00,,0.0,2,"Moto/Ciclomotor,Automóvil",Mitre Y Amenabar,2,1,0,0,1,0,0,,Calle,,ROSARIO,Rosario,Asfalto,S/D,II,Dentro,Urbana,S/D,S/D,Intersección,Bueno,Buena,Diurna,Buen Tiempo,Lateral,S/D,Colisión,S/D,S/D,S/D,S/D,POINT (-60.64601179999999 -32.9719662),"['Mitre', 'Amenabar']",2,Bartolomé Mitre; José de Amenábar,-32.9719662,-60.64601179999999,55.0,538.0,Municipio Rosario,Municipio,Rosario,820210,Servicio de Catastro e Información Territorial,IGN
2013,12288,2013-11-09,Sabado,0.0,07:00:00,,0.0,2,"Taxi/Remis,Moto/Ciclomotor",Bv. 27 De Febrero Y Dorrego,2,1,0,0,1,0,0,,Avenida,,ROSARIO,Rosario,Asfalto,S/D,II,Dentro,Urbana,S/D,Funciona,Intersección,Bueno,Buena,Diurna,Buen Tiempo,Lateral,S/D,Colisión,S/D,Vertical,S/D,S/D,POINT (-60.654544 -32.965619399999994),"['27 de Febrero', 'Dorrego']",2,Bulevar 27 de Febrero; Manuel Dorrego,-32.965619399999994,-60.654544,55.0,538.0,Municipio Rosario,Municipio,Rosario,820210,Servicio de Catastro e Información Territorial,IGN
2013,12289,2013-11-09,Sabado,0.0,23:20:00,,0.0,2,"Moto/Ciclomotor,Pickup/Utilitario",Warnes Y P.Araoz,3,2,0,0,1,0,0,,Calle,,ROSARIO,Rosario,Asfalto,No existe,II,Dentro,Urbana,Ninguna,No existe,Intersección,Bueno,Buena,Nocturna,Buen Tiempo,Otro,S/D,Colisión,Otro,Faltante,Ninguna,Sin restricción,POINT (-60.6955766 -32.889210299999995),"['Warnes', 'Aráoz']",2,Ignacio Warnes; Gregorio Aráoz de Lamadrid,-32.889210299999995,-60.6955766,55.0,538.0,Municipio Rosario,Municipio,Rosario,820210,Servicio de Catastro e Información Territorial,IGN
2013,12290,2013-11-05,Martes,0.0,12:30:00,,0.0,2,"Automóvil,Pickup/Utilitario",Av. Pellegrini Y Bv. Oroño,2,1,0,0,1,0,0,,Avenida,,ROSARIO,Rosario,Asfalto,S/D,II,Dentro,Urbana,Semáforo,Intermitente,Rotonda,Bueno,Buena,Diurna,Buen Tiempo,De alcance,S/D,Colisión,S/D,Vertical,S/D,S/D,POINT (-60.656023850000004 -32.95457175),"['Pellegrini', 'Bulevar Nicasio Oroño']",2,Avenida Carlos Pellegrini; Bulevar Nicasio Oroño,-32.95457175,-60.65602385,55.0,538.0,Municipio Rosario,Municipio,Rosario,820210,Servicio de Catastro e Información Territorial,IGN
2013,12291,2013-11-24,Domingo,0.0,04:20:00,,0.0,2,"Moto/Ciclomotor,Automóvil",Bv. Oroño Y San Lorenzo,3,2,0,0,1,0,0,,Calle,,ROSARIO,Rosario,Asfalto,No existe,II,Dentro,Urbana,Ninguna,No existe,Intersección,Bueno,Buena,"Nocturna,Con luz artificial",Buen Tiempo,Lateral,S/D,Colisión,S/D,Faltante,Ninguna,Sin restricción,POINT (-60.652740599999994 -32.9414065),"['Bulevar Nicasio Oroño', 'San Lorenzo']",2,Bulevar Nicasio Oroño; San Lorenzo,-32.9414065,-60.6527406,55.0,538.0,Municipio Rosario,Municipio,Rosario,820210,Servicio de Catastro e Información Territorial,IGN
2013,12292,2013-11-30,Sabado,0.0,03:50:00,,0.0,2,"Moto/Ciclomotor,Moto/Ciclomotor",Av. Pellegrini Y Cafferata,3,2,0,0,1,0,0,,Calle,,ROSARIO,Rosario,Asfalto,S/D,II,Dentro,Urbana,Semáforo,Funciona,Recta,Bueno,Buena,Nocturna,Buen Tiempo,S/D,S/D,Colisión,S/D,S/D,Ninguna,Sin restricción,POINT (-60.66279733333334 -32.9781999),"['Pellegrini', 'Cafferata']",2,Avenida Carlos Pellegrini; Cafferata,-32.9781999,-60.66279733333334,55.0,538.0,Municipio Rosario,Municipio,Rosario,820210,Servicio de Catastro e Información Territorial,IGN
2013,12293,2013-11-02,Sabado,0.0,13:35:00,,0.0,2,"Automóvil,Moto/Ciclomotor",España Y Bv. 27 De Febrero,2,1,0,0,1,0,0,,Calle,,ROSARIO,Rosario,Asfalto,S/D,II,Dentro,Urbana,Semáforo,Funciona,Intersección,Bueno,Buena,Diurna,Buen Tiempo,Lateral,S/D,Colisión,S/D,Vertical,S/D,S/D,POINT (-60.6518035 -32.966108549999994),"['España', '27 de Febrero']",2,España; Bulevar 27 de Febrero,-32.966108549999994,-60.6518035,55.0,538.0,Municipio Rosario,Municipio,Rosario,820210,Servicio de Catastro e Información Territorial,IGN
2013,12294,2013-10-19,Sabado,0.0,,,0.0,2,"Taxi/Remis,Moto/Ciclomotor",San Martin Y Av. Uriburu,2,1,0,0,1,0,0,,Avenida,,ROSARIO,Rosario,S/D,S/D,II,Dentro,Urbana,S/D,S/D,S/D,S/D,S/D,S/D,S/D,S/D,S/D,S/D,S/D,S/D,S/D,S/D,POINT (-60.646703949999996 -32.99069289999999),"['San Martin', 'Uriburu']",2,José de San Martín; Avenida José Uriburu,-32.99069289999999,-60.64670395,55.0,538.0,Municipio Rosario,Municipio,Rosario,820210,Servicio de Catastro e Información Territorial,IGN
2013,12295,2013-11-06,Miercoles,0.0,11:10:00,,0.0,2,"Bicicleta,Automóvil",Mitre ,2,1,0,0,1,0,0,,Calle,,ROSARIO,Rosario,Asfalto,S/D,II,Dentro,Urbana,S/D,S/D,Recta,Bueno,Buena,Diurna,Buen Tiempo,S/D,S/D,Atropello,S/D,S/D,S/D,S/D,"-32.9782182, -60.6475757",['Mitre'],1,Mitre,-32.9782182,-60.6475757,55.0,538.0,Municipio Rosario,Municipio,Rosario,820210,Servicio de Catastro e Información Territorial,IGN
2013,12296,2013-11-02,Sabado,0.0,17:45:00,,0.0,2,"Automóvil,Moto/Ciclomotor",Italia Y Av. Pellegrini,3,1,0,0,2,0,0,,Calle,,ROSARIO,Rosario,Asfalto,S/D,II,Dentro,Urbana,Semáforo,Funciona,Recta,Bueno,Buena,Diurna,Buen Tiempo,Lateral,S/D,Colisión,S/D,Vertical,S/D,S/D,POINT (-60.650600100000005 -32.955561700000004),"['Italia', 'Pellegrini']",2,Italia; Avenida Carlos Pellegrini,-32.955561700000004,-60.650600100000005,55.0,538.0,Municipio Rosario,Municipio,Rosario,820210,Servicio de Catastro e Información Territorial,IGN
2013,12297,2013-10-17,Jueves,0.0,10:00:00,,0.0,2,"Moto/Ciclomotor,Automóvil",Saavedra Y Santiago,2,1,0,0,1,0,0,,Calle,,ROSARIO,Rosario,Asfalto,No existe,II,Dentro,Urbana,Ninguna,No existe,Intersección,Bueno,Buena,Diurna,Buen Tiempo,Lateral,S/D,Colisión,S/D,S/D,Ninguna,Sin restricción,POINT (-60.663933400000005 -32.9747489),"['Saavedra', 'Santiago']",2,Saavedra; Santiago,-32.9747489,-60.663933400000005,55.0,538.0,Municipio Rosario,Municipio,Rosario,820210,Servicio de Catastro e Información Territorial,IGN
2013,12298,2013-11-12,Martes,0.0,09:30:00,,0.0,2,"Automóvil,Bicicleta",Rueda Y Pte.Roca,2,1,0,0,1,0,0,,Calle,,ROSARIO,Rosario,Asfalto,S/D,II,Dentro,Urbana,S/D,S/D,Intersección,Bueno,Buena,Diurna,Buen Tiempo,S/D,S/D,Atropello,S/D,S/D,S/D,S/D,POINT (-60.651312299999994 -32.9698337),"['Rueda', 'Roca']",2,Rueda; Presidente Roca,-32.9698337,-60.6513123,55.0,538.0,Municipio Rosario,Municipio,Rosario,820210,Servicio de Catastro e Información Territorial,IGN
2013,12299,2013-11-12,Martes,0.0,09:00:00,,0.0,2,"Moto/Ciclomotor,Automóvil",Av. Uriburu 600,2,1,0,0,1,0,0,,Avenida,,ROSARIO,Rosario,Asfalto,No existe,II,Fuera,Urbana,S/D,No existe,Recta,Bueno,Buena,Diurna,S/D,S/D,S/D,S/D,Ninguna,S/D,S/D,S/D,"-32.9904126, -60.6422005",['Uriburu 600'],1,Uriburu 600,-32.9904126,-60.6422005,55.0,538.0,Municipio Rosario,Municipio,Rosario,820210,Servicio de Catastro e Información Territorial,IGN
2013,12300,2013-11-09,Sabado,0.0,,,0.0,2,"Camión,Moto/Ciclomotor",Casiano Casas Y F.Netri,3,1,0,0,2,0,0,,Calle,,ROSARIO,Rosario,Asfalto,No existe,II,Dentro,Urbana,Semáforo,Funciona,Recta,Bueno,Buena,S/D,Buen Tiempo,Otro,S/D,Colisión,Otro,Faltante,Línea divisoria pintada,Sin restricción,POINT (-60.69916125 -32.9046656),"['Avenida Casiano Casas', 'Netri']",2,Avenida Casiano Casas; Netri,-32.9046656,-60.69916125,55.0,538.0,Municipio Rosario,Municipio,Rosario,820210,Servicio de Catastro e Información Territorial,IGN
2013,12301,2013-11-03,Domingo,0.0,10:00:00,,0.0,2,"Taxi/Remis,Camión",Av. Corrientes Y E.Zeballos,3,2,0,0,1,0,0,,Calle,,ROSARIO,Rosario,Asfalto,S/D,II,Dentro,Urbana,Semáforo,Funciona,Recta,Bueno,Buena,Diurna,Buen Tiempo,Frontal,S/D,Colisión,S/D,Vertical,Cordón divisorio,Sin restricción,POINT (-60.6444742 -32.95427719999999),"['Corrientes', 'Zeballos']",2,Corrientes; Zeballos,-32.95427719999999,-60.6444742,55.0,538.0,Municipio Rosario,Municipio,Rosario,820210,Servicio de Catastro e Información Territorial,IGN
2013,12302,2013-11-29,Viernes,0.0,13:30:00,,0.0,2,"Bicicleta,Automóvil",Callao 400,2,1,0,0,1,0,0,,Calle,,ROSARIO,Rosario,Asfalto,No existe,II,Dentro,Urbana,S/D,Funciona,Recta,Bueno,Buena,Diurna,Buen Tiempo,S/D,S/D,Atropello,S/D,S/D,Ninguna,Sin restricción,"-32.937714, -60.6589982",['Callao 400'],1,Callao 400,-32.937714,-60.6589982,55.0,538.0,Municipio Rosario,Municipio,Rosario,820210,Servicio de Catastro e Información Territorial,IGN
2013,12303,2013-11-21,Jueves,0.0,17:00:00,,0.0,2,"Moto/Ciclomotor,Automóvil",Av. Genova Y Ottone Bis,2,1,0,0,1,0,0,,Avenida,,ROSARIO,Rosario,Asfalto,Pavimento,II,Dentro,Urbana,Semáforo,Funciona,Intersección,Bueno,Buena,Diurna,Buen Tiempo,De alcance,S/D,Colisión,S/D,Vertical,Ninguna,Sin restricción,POINT (-60.70101400000001 -32.9156454),"['Genova', 'Ottone']",2,Avenida Génova; Ottone,-32.9156454,-60.70101400000001,55.0,538.0,Municipio Rosario,Municipio,Rosario,820210,Servicio de Catastro e Información Territorial,IGN
2013,12304,2013-11-02,Sabado,0.0,18:05:00,,0.0,2,"Moto/Ciclomotor,Automóvil",Esmeralda Y Gaboto,3,2,0,0,1,0,0,,Calle,,ROSARIO,Rosario,Asfalto,No existe,II,Dentro,Urbana,Marca Vial,No existe,Intersección,Bueno,Buena,Atardecer,Buen Tiempo,Lateral,S/D,Colisión,S/D,Vertical,Línea divisoria pintada,Sin restricción,POINT (-60.62820159999999 -32.976314),"['Esmeralda', 'Gaboto']",2,Esmeralda; Gaboto,-32.976314,-60.62820159999999,55.0,538.0,Municipio Rosario,Municipio,Rosario,820210,Servicio de Catastro e Información Territorial,IGN
2013,12305,2013-11-13,Miercoles,0.0,22:15:00,,0.0,2,"Automóvil,Moto/Ciclomotor",Riobamba Y Entre Rios,2,1,0,0,1,0,0,,Calle,,ROSARIO,Rosario,Asfalto,Pavimento,II,S/D,Urbana,S/D,S/D,Recta,Bueno,Buena,Diurna,S/D,Frontal,S/D,Colisión,S/D,S/D,S/D,S/D,POINT (-60.6451139 -32.962534399999996),"['Riobamba', 'Entre Ríos']",2,Riobamba; Entre Ríos,-32.9625344,-60.6451139,55.0,538.0,Municipio Rosario,Municipio,Rosario,820210,Servicio de Catastro e Información Territorial,IGN
2013,12306,2013-11-04,Lunes,0.0,13:30:00,,0.0,2,"Transporte de Pasajeros Urbano (> 8 asientos),Taxi/Remis",Serrano Y Hilarion de la Quintana,5,2,0,0,3,0,0,,Calle,,ROSARIO,Rosario,Asfalto,No existe,II,S/D,Urbana,Ninguna,No existe,Intersección,Bueno,Buena,Diurna,Buen Tiempo,Lateral,S/D,Colisión,S/D,S/D,Ninguna,Sin restricción,POINT (-60.63186129999999 -33.00041780000001),"['Serrano', 'Hilarión de la Quintana']",2,José Mariano Serrano; Hilarión de la Quintana,-33.00041780000001,-60.63186129999999,55.0,538.0,Municipio Rosario,Municipio,Rosario,820210,Servicio de Catastro e Información Territorial,IGN
2013,12307,2013-11-01,Viernes,0.0,17:00:00,,0.0,2,"Automóvil,Moto/Ciclomotor",Poeta Fontanarrosa Y Bv. Rondeau,3,2,0,0,1,0,0,,Avenida,,ROSARIO,Rosario,Asfalto,No existe,II,Dentro,Urbana,Ninguna,No existe,Intersección,Bueno,Buena,Diurna,Buen Tiempo,Otro,S/D,Colisión,Otro,Horizontal,Cordón divisorio,Sin restricción,POINT (-60.697561799999995 -32.8768753),"['Pasaje Poeta Fontanarrosa', 'Rondeau']",2,Pasaje Poeta Fontanarrosa; Bulevar General José Rondeau,-32.8768753,-60.6975618,55.0,538.0,Municipio Rosario,Municipio,Rosario,820210,Servicio de Catastro e Información Territorial,IGN
2013,12308,2013-11-06,Miercoles,0.0,16:50:00,,0.0,2,"Pickup/Utilitario,Transporte de Pasajeros Larga Distancia (> 8 asientos)",Amenabar Y Chacabuco,3,2,0,0,1,0,0,,Calle,,ROSARIO,Rosario,Asfalto,No existe,II,Dentro,Urbana,Marca Vial,No existe,Intersección,Bueno,Buena,Atardecer,Buen Tiempo,Lateral,S/D,Colisión,Ninguna,Vertical,Línea divisoria pintada,Sin restricción,POINT (-60.629293800000006 -32.974972099999995),"['Amenabar', 'Chacabuco']",2,José de Amenábar; Chacabuco,-32.974972099999995,-60.629293800000006,55.0,538.0,Municipio Rosario,Municipio,Rosario,820210,Servicio de Catastro e Información Territorial,IGN
2013,12309,2013-11-17,Domingo,0.0,05:10:00,,0.0,2,"Automóvil,Automóvil",Entre Rios Y San Lorenzo,6,6,0,0,0,0,0,,Calle,,ROSARIO,Rosario,Asfalto,No existe,II,Dentro,Urbana,Ninguna,No existe,Intersección,Bueno,Buena,"Diurna,Con luz artificial",Buen Tiempo,Lateral,S/D,Colisión,S/D,Faltante,Ninguna,Sin restricción,POINT (-60.6403682 -32.94364579999999),"['Entre Ríos', 'San Lorenzo']",2,Entre Ríos; San Lorenzo,-32.94364579999999,-60.6403682,55.0,538.0,Municipio Rosario,Municipio,Rosario,820210,Servicio de Catastro e Información Territorial,IGN
2013,12310,2013-11-20,Miercoles,0.0,17:40:00,,0.0,2,"Bicicleta,Automóvil",J.B.Justo Y Av. Provincias Unidas,2,1,0,0,1,0,0,,Avenida,,ROSARIO,Rosario,Asfalto,No existe,II,Dentro,Urbana,Ninguna,No existe,Intersección,Bueno,Buena,Diurna,Buen Tiempo,S/D,S/D,Atropello,Ninguna,Faltante,Ninguna,Sin restricción,POINT (-60.71293324999999 -32.93344005),"['Justo', 'Avenida Provincias Unidas']",2,"('Justo José de Urquiza', 'Avenida Provincias Unidas')",-32.93344005,-60.71293324999999,55.0,538.0,Municipio Rosario,Municipio,Rosario,820210,Servicio de Catastro e Información Territorial,IGN
2013,12311,2013-11-02,Sabado,0.0,15:00:00,,0.0,2,"Automóvil,Moto/Ciclomotor",Sanchez de Loria Y Benegas,2,1,0,0,1,0,0,,Calle,,ROSARIO,Rosario,Asfalto,No existe,II,Dentro,Rural,Ninguna,No existe,Recta,Bueno,Buena,Diurna,S/D,Frontal,S/D,Colisión,S/D,Horizontal,Ninguna,Sin restricción,POINT (-60.732058900000006 -32.930946999999996),"['Sánchez de Loria', 'Benegas']",2,Sánchez de Loria; Benegas,-32.930947,-60.732058900000006,55.0,538.0,Municipio Rosario,Municipio,Rosario,820210,Servicio de Catastro e Información Territorial,IGN
2013,12312,2013-11-06,Miercoles,0.0,11:40:00,,0.0,2,"Automóvil,Automóvil",Necochea Y Gaboto,2,2,0,0,0,0,0,,Calle,,ROSARIO,Rosario,Asfalto,No existe,II,Dentro,Urbana,Marca Vial,No existe,Intersección,Bueno,Buena,Diurna,Buen Tiempo,Lateral,S/D,Colisión,Ninguna,Vertical,Línea divisoria pintada,Sin restricción,POINT (-60.630944 -32.97584009999999),"['Necochea', 'Gaboto']",2,Necochea; Gaboto,-32.97584009999999,-60.630944,55.0,538.0,Municipio Rosario,Municipio,Rosario,820210,Servicio de Catastro e Información Territorial,IGN
2013,12313,2013-11-18,Lunes,0.0,23:30:00,,0.0,2,"Automóvil,Moto/Ciclomotor",J.B.Justo Y Av. Provincias Unidas,2,1,0,0,1,0,0,,Avenida,,ROSARIO,Rosario,Asfalto,No existe,II,S/D,Urbana,Ninguna,No existe,Intersección,Bueno,Buena,"Nocturna,Con luz artificial",Buen Tiempo,De alcance,S/D,Colisión,Ninguna,Faltante,Ninguna,Sin restricción,POINT (-60.71293324999999 -32.93344005),"['Justo', 'Avenida Provincias Unidas']",2,"('Justo José de Urquiza', 'Avenida Provincias Unidas')",-32.93344005,-60.71293324999999,55.0,538.0,Municipio Rosario,Municipio,Rosario,820210,Servicio de Catastro e Información Territorial,IGN
2013,12314,2013-11-14,Jueves,0.0,09:30:00,,0.0,2,"Moto/Ciclomotor,Automóvil",Sarmiento Y Rueda,2,1,0,0,1,0,0,,Calle,,ROSARIO,Rosario,Asfalto,S/D,II,S/D,Urbana,S/D,S/D,Recta,Bueno,Buena,Diurna,S/D,Lateral,S/D,Colisión,S/D,S/D,S/D,S/D,POINT (-60.6443533 -32.971076200000006),"['Sarmiento', 'Rueda']",2,Sarmiento; Rueda,-32.971076200000006,-60.6443533,55.0,538.0,Municipio Rosario,Municipio,Rosario,820210,Servicio de Catastro e Información Territorial,IGN