anio_acci,nro_acci,fecha,desc_dia,fecha_aprox,hora_aprox,desc_ruta,km,cant_participantes,desc_participante,calle_avenida_km,total,heridos_leves,heridos_graves,heridos_gravisimos,ilesos,fallecidos,sin_datos,posicion_XY,desc_tipo_via,desc_ruta_ori,desc_loc,desc_dpto,desc_tipo_calzada,desc_tipo_banquina,desc_unidad_regional,desc_lugar_calzada,desc_zona,desc_prioridad,desc_estado_semaforo,desc_lugar_via,desc_estado_via,desc_estado_visibilidad,desc_luminosidad,desc_estado_clima,desc_tipo_colision,desc_tipo_atropello,desc_tipo_hecho,desc_pres_calzada,desc_senializacion,desc_separacion_via,desc_restriccion,forma_geocod,calle_lista,numero_calles,calles_osm,lat,lon,index_right,gid,fna,gna,nam,in1,fdc,sag
2013,12315,2013-11-02,Sabado,0.0,20:30:00,,0.0,2,"Moto/Ciclomotor,Automóvil",Rueda Y Ayacucho,3,0,0,3,0,0,0,,Calle,,ROSARIO,Rosario,Asfalto,No existe,II,Dentro,Urbana,Marca Vial,No existe,Intersección,Bueno,Buena,"Nocturna,Con luz artificial",Buen Tiempo,Lateral,S/D,Colisión,S/D,Vertical,Línea divisoria pintada,Sin restricción,POINT (-60.6331082 -32.9730883),"['Rueda', 'Ayacucho']",2,Rueda; Ayacucho,-32.9730883,-60.6331082,55.0,538.0,Municipio Rosario,Municipio,Rosario,820210,Servicio de Catastro e Información Territorial,IGN
2013,12316,2013-11-07,Jueves,0.0,,,0.0,2,"Moto/Ciclomotor,Automóvil",Bv. Rondeau Y Guayaquil,3,2,0,0,1,0,0,,Avenida,,ROSARIO,Rosario,Asfalto,S/D,II,Dentro,Urbana,Ninguna,No existe,Recta,Bueno,Buena,S/D,Buen Tiempo,Otro,S/D,Otro,Otro,Vertical,Cordón divisorio,Sin restricción,POINT (-60.695426100000006 -32.8839143),"['Rondeau', 'Guayaquil']",2,Bulevar General José Rondeau; Guayaquil,-32.8839143,-60.695426100000006,55.0,538.0,Municipio Rosario,Municipio,Rosario,820210,Servicio de Catastro e Información Territorial,IGN
2013,12317,2013-10-17,Jueves,0.0,11:15:00,,0.0,2,"Moto/Ciclomotor,Automóvil",Saavedra Y España,2,1,0,0,1,0,0,,Avenida,,ROSARIO,Rosario,Asfalto,No existe,II,Dentro,Urbana,Ninguna,No existe,Intersección,Bueno,Buena,Diurna,Buen Tiempo,De alcance,S/D,Colisión,S/D,Faltante,Ninguna,Sin restricción,POINT (-60.65441920000001 -32.9764598),"['Saavedra', 'España']",2,Saavedra; España,-32.9764598,-60.65441920000001,55.0,538.0,Municipio Rosario,Municipio,Rosario,820210,Servicio de Catastro e Información Territorial,IGN
2013,12318,2013-11-04,Lunes,0.0,10:00:00,,0.0,2,"Bicicleta,Pickup/Utilitario",Laprida 5600,2,0,1,0,1,0,0,,Calle,,ROSARIO,Rosario,Asfalto,No existe,II,Dentro,Urbana,Ninguna,No existe,Recta,Bueno,Buena,Diurna,Buen Tiempo,S/D,S/D,Atropello,S/D,S/D,Ninguna,Sin restricción,"-32.9465076, -60.6335304",['Laprida 5600'],1,Laprida 5600,-32.9465076,-60.6335304,55.0,538.0,Municipio Rosario,Municipio,Rosario,820210,Servicio de Catastro e Información Territorial,IGN
2013,12319,2013-11-05,Martes,0.0,01:00:00,,0.0,2,"Moto/Ciclomotor,Automóvil",Beruti Y Centeno,3,2,0,0,1,0,0,,Calle,,ROSARIO,Rosario,Asfalto,No existe,II,Dentro,Urbana,Marca Vial,No existe,Intersección,Bueno,Buena,"Amanecer,Con luz artificial",Buen Tiempo,Lateral,S/D,Colisión,Ninguna,Vertical,Línea divisoria pintada,Sin restricción,POINT (-60.629729600000005 -32.98804949999998),"['Luis Beruti', 'Centeno']",2,Luis Beruti; Coronel Centeno,-32.98804949999998,-60.629729600000005,55.0,538.0,Municipio Rosario,Municipio,Rosario,820210,Servicio de Catastro e Información Territorial,IGN
2013,12320,2013-10-16,Miercoles,0.0,13:00:00,,0.0,1,Moto/Ciclomotor,San Martin Y Hilarion de la Quintana,2,1,0,0,1,0,0,,Avenida,,ROSARIO,Rosario,Asfalto,No existe,II,S/D,Urbana,S/D,S/D,S/D,S/D,S/D,Diurna,S/D,S/D,S/D,Colisión,S/D,S/D,Ninguna,S/D,POINT (-60.64892185 -33.00095949999999),"['San Martin', 'Hilarión de la Quintana']",2,José de San Martín; Hilarión de la Quintana,-33.00095949999999,-60.64892185,55.0,538.0,Municipio Rosario,Municipio,Rosario,820210,Servicio de Catastro e Información Territorial,IGN
2013,12322,2013-11-16,Sabado,0.0,19:30:00,,0.0,2,"Automóvil,Automóvil",Sgto Cabral Y Urquiza,2,1,0,0,1,0,0,,Calle,,ROSARIO,Rosario,Asfalto,No existe,II,Dentro,Urbana,Ninguna,No existe,Recta,Bueno,Buena,"Atardecer,Con luz artificial",Buen Tiempo,De alcance,S/D,Colisión,S/D,Faltante,Ninguna,Sin restricción,POINT (-60.634967575000005 -32.9437417),"['Sargento Cabral', 'Urquiza']",2,Sargento Cabral; Justo José de Urquiza,-32.9437417,-60.634967575000005,55.0,538.0,Municipio Rosario,Municipio,Rosario,820210,Servicio de Catastro e Información Territorial,IGN
2013,12323,2013-11-01,Viernes,1.0,15:00:00,,0.0,2,"Pickup/Utilitario,Moto/Ciclomotor",Roullon Y Gorriti,2,1,0,0,1,0,0,,Calle,,ROSARIO,Rosario,Asfalto,No existe,II,Dentro,Urbana,S/D,No existe,Intersección,Bueno,S/D,Diurna,S/D,S/D,S/D,S/D,S/D,Faltante,S/D,S/D,POINT (-60.7029016 -32.92408),"['Alfredo Rouillón', 'Gorriti']",2,Alfredo Rouillón; Gorriti,-32.92408,-60.7029016,55.0,538.0,Municipio Rosario,Municipio,Rosario,820210,Servicio de Catastro e Información Territorial,IGN
2013,12324,2013-11-08,Viernes,0.0,07:45:00,,0.0,2,"Automóvil,Pickup/Utilitario",Av. Uriburu ,3,1,0,0,2,0,0,,Avenida,,ROSARIO,Rosario,Asfalto,No existe,II,Dentro,Urbana,Semáforo,Funciona,Intersección,S/D,Buena,Diurna,Lluvia,De alcance,S/D,Colisión,S/D,S/D,Ninguna,Sin restricción,"-32.995369100000005, -60.693576086643915",['Uriburu'],1,Uriburu,-32.995369100000005,-60.69357608664392,55.0,538.0,Municipio Rosario,Municipio,Rosario,820210,Servicio de Catastro e Información Territorial,IGN
2013,12325,2013-11-05,Martes,0.0,12:00:00,,0.0,2,"Automóvil,Moto/Ciclomotor",Rep.Dominicana Y Humberto I,3,1,0,0,1,0,1,,Calle,,ROSARIO,Rosario,Asfalto,No existe,II,Dentro,Urbana,S/D,No existe,Intersección,Bueno,Buena,Diurna,Buen Tiempo,S/D,S/D,S/D,S/D,Faltante,S/D,S/D,POINT (-60.689815900000006 -32.929869999999994),"['República Dominicana', 'Humberto']",2,República Dominicana; Humberto Primero,-32.929869999999994,-60.689815900000006,55.0,538.0,Municipio Rosario,Municipio,Rosario,820210,Servicio de Catastro e Información Territorial,IGN
2013,12326,2013-11-11,Lunes,0.0,14:20:00,,0.0,2,"Automóvil,Moto/Ciclomotor",Juan B.De La Salle Y Colombia,2,1,0,0,1,0,0,,Calle,,ROSARIO,Rosario,Asfalto,No existe,II,Dentro,Urbana,Ninguna,No existe,Recta,S/D,S/D,Amanecer,Buen Tiempo,S/D,S/D,S/D,S/D,Horizontal,Ninguna,Sin restricción,POINT (-60.716936800000006 -32.92259330000001),"['De La Salle', 'Colombia']",2,De La Salle; Colombia,-32.92259330000001,-60.716936800000006,55.0,538.0,Municipio Rosario,Municipio,Rosario,820210,Servicio de Catastro e Información Territorial,IGN
2013,12327,2013-11-11,Lunes,0.0,12:00:00,,0.0,2,"Moto/Ciclomotor,Pickup/Utilitario",Ecuador Y Navarro,2,1,0,0,1,0,0,,Calle,,ROSARIO,Rosario,Asfalto,No existe,II,Dentro,Urbana,Ninguna,No existe,Recta,S/D,S/D,Atardecer,Buen Tiempo,Frontal,S/D,Colisión,S/D,Horizontal,Ninguna,Sin restricción,POINT (-60.71541830000001 -32.9315871),"['Ecuador', 'Navarro']",2,Ecuador; Navarro,-32.9315871,-60.71541830000001,55.0,538.0,Municipio Rosario,Municipio,Rosario,820210,Servicio de Catastro e Información Territorial,IGN
2013,12331,2013-11-02,Sabado,0.0,,,0.0,2,"Moto/Ciclomotor,Automóvil",Tarragona Y Av. Jorge Newbery,2,1,0,0,1,0,0,,S/D,,ROSARIO,Rosario,Asfalto,S/D,II,S/D,Urbana,S/D,S/D,Intersección,S/D,S/D,S/D,S/D,S/D,S/D,S/D,S/D,S/D,S/D,S/D,POINT (-60.7354351 -32.90855883333332),"['Tarragona', 'Jorge Newbery']",2,Tarragona; Avenida Jorge Newbery,-32.90855883333332,-60.7354351,55.0,538.0,Municipio Rosario,Municipio,Rosario,820210,Servicio de Catastro e Información Territorial,IGN
2013,12334,2013-11-13,Miercoles,0.0,09:40:00,,0.0,2,"Bicicleta,Automóvil",Callao Y Cordoba,2,1,0,0,1,0,0,,Calle,,ROSARIO,Rosario,Asfalto,No existe,II,Dentro,Urbana,Ninguna,No existe,Recta,Bueno,Buena,Diurna,Buen Tiempo,S/D,S/D,Atropello,S/D,Faltante,Barrera de hormigón,Sin restricción,POINT (-60.6601292 -32.94251589999998),"['Callao', 'Córdoba']",2,Callao; Córdoba,-32.94251589999998,-60.6601292,55.0,538.0,Municipio Rosario,Municipio,Rosario,820210,Servicio de Catastro e Información Territorial,IGN
2013,12336,2013-11-14,Jueves,0.0,,,0.0,2,"Bicicleta,Taxi/Remis",J.B.Justo Y Bv. Wilde,3,2,0,0,1,0,0,,S/D,,ROSARIO,Rosario,Asfalto,S/D,II,S/D,Urbana,S/D,S/D,Intersección,S/D,S/D,S/D,S/D,S/D,S/D,Atropello,S/D,S/D,S/D,S/D,POINT (-60.7386835 -32.934138000000004),"['Justo', 'Bulevar Wilde']",2,"('Justo José de Urquiza', 'Bulevar Wilde')",-32.934138000000004,-60.7386835,55.0,538.0,Municipio Rosario,Municipio,Rosario,820210,Servicio de Catastro e Información Territorial,IGN
2013,12338,2013-11-04,Lunes,0.0,08:50:00,,0.0,2,"Peatón,Moto/Ciclomotor",Av. Bermudez Y Av. Arijon,2,1,0,0,1,0,0,,Avenida,,ROSARIO,Rosario,Asfalto,No existe,II,Dentro,Urbana,Ninguna,No existe,Intersección,Con baches,Buena,Diurna,Buen Tiempo,S/D,S/D,Atropello,S/D,Vertical,Ninguna,Sin restricción,POINT (-60.64252140000001 -33.0028669),"['Bermudez', 'Avenida Manuel Arijón']",2,Avenida José Bermúdez; Avenida Manuel Arijón,-33.0028669,-60.64252140000001,55.0,538.0,Municipio Rosario,Municipio,Rosario,820210,Servicio de Catastro e Información Territorial,IGN
2013,12339,2013-11-04,Lunes,0.0,18:20:00,,0.0,2,"Moto/Ciclomotor,Automóvil",L.N.Alem Y Bv. Segui,2,1,0,0,1,0,0,,Calle,,ROSARIO,Rosario,Asfalto,No existe,II,Dentro,Urbana,Marca Vial,No existe,Intersección,Bueno,Buena,Atardecer,Buen Tiempo,Lateral,S/D,Colisión,Ninguna,Vertical,Línea divisoria pintada,Sin restricción,POINT (-60.63650380000001 -32.980857400000005),"['Alem', 'Bulevar Juan Francisco Seguí']",2,Leandro N. Alem; Bulevar Juan Francisco Seguí,-32.980857400000005,-60.63650380000001,55.0,538.0,Municipio Rosario,Municipio,Rosario,820210,Servicio de Catastro e Información Territorial,IGN
2013,12340,2013-11-13,Miercoles,0.0,21:40:00,,0.0,2,"Peatón,Transporte de Pasajeros Urbano (> 8 asientos)",Cafferata Y Av. Pellegrini,2,1,0,0,1,0,0,,Calle,,ROSARIO,Rosario,Asfalto,No existe,II,Dentro,Urbana,Semáforo,Funciona,Recta,Bueno,Buena,"Nocturna,Con luz artificial",Buen Tiempo,Otro,S/D,Caída ocupante,S/D,Faltante,Cordón divisorio,Sin restricción,POINT (-60.66279733333334 -32.9781999),"['Cafferata', 'Pellegrini']",2,Cafferata; Avenida Carlos Pellegrini,-32.9781999,-60.66279733333334,55.0,538.0,Municipio Rosario,Municipio,Rosario,820210,Servicio de Catastro e Información Territorial,IGN
2013,12341,2013-11-14,Jueves,0.0,22:00:00,,0.0,2,"Moto/Ciclomotor,Automóvil",Necochea Y Garay,3,2,0,0,1,0,0,,Calle,,ROSARIO,Rosario,Asfalto,No existe,II,Dentro,Urbana,Marca Vial,No existe,Intersección,Bueno,Buena,"Nocturna,Con luz artificial",Buen Tiempo,Lateral,S/D,Colisión,Ninguna,Vertical,Línea divisoria pintada,Sin restricción,POINT (-60.631237799999994 -32.9770099),"['Necochea', 'Garay']",2,Necochea; Juan de Garay,-32.9770099,-60.6312378,55.0,538.0,Municipio Rosario,Municipio,Rosario,820210,Servicio de Catastro e Información Territorial,IGN
2013,12342,2013-11-07,Jueves,0.0,18:00:00,,0.0,1,Peatón,Venezuela 1400,2,1,0,0,1,0,0,,Calle,,ROSARIO,Rosario,Asfalto,S/D,II,S/D,Urbana,S/D,S/D,Recta,Bueno,S/D,S/D,S/D,S/D,S/D,S/D,S/D,S/D,S/D,S/D,"-32.9474914, -60.724333",['Venezuela 1400'],1,Venezuela 1400,-32.9474914,-60.724333,55.0,538.0,Municipio Rosario,Municipio,Rosario,820210,Servicio de Catastro e Información Territorial,IGN
2013,12343,2013-11-02,Sabado,0.0,18:50:00,,0.0,2,"Automóvil,Automóvil",Chacabuco Y Amenabar,3,1,0,0,2,0,0,,Calle,,ROSARIO,Rosario,Asfalto,No existe,II,Dentro,Urbana,Marca Vial,No existe,Intersección,Bueno,Buena,Atardecer,Buen Tiempo,Lateral,S/D,Colisión,Ninguna,Vertical,Línea divisoria pintada,Sin restricción,POINT (-60.629293800000006 -32.974972099999995),"['Chacabuco', 'Amenabar']",2,Chacabuco; José de Amenábar,-32.974972099999995,-60.629293800000006,55.0,538.0,Municipio Rosario,Municipio,Rosario,820210,Servicio de Catastro e Información Territorial,IGN
2013,12344,2013-11-13,Miercoles,0.0,21:45:00,,0.0,2,"Moto/Ciclomotor,Automóvil",J.M.de Rosas Y Rueda,3,2,0,0,1,0,0,,Calle,,ROSARIO,Rosario,Asfalto,No existe,II,Dentro,Urbana,S/D,S/D,Intersección,S/D,S/D,Nocturna,S/D,S/D,S/D,Colisión,S/D,S/D,Ninguna,S/D,POINT (-60.63745850000001 -32.9723002),"['De Rosas', 'Rueda']",2,Juan Manuel de Rosas; Rueda,-32.9723002,-60.63745850000001,55.0,538.0,Municipio Rosario,Municipio,Rosario,820210,Servicio de Catastro e Información Territorial,IGN
2013,12345,2013-11-03,Domingo,0.0,19:00:00,,0.0,2,"Moto/Ciclomotor,Automóvil",Jose Ingenieros Y Gonzalez del Solar,2,1,0,0,1,0,0,,Calle,,ROSARIO,Rosario,Asfalto,No existe,II,Dentro,Rural,Ninguna,No existe,Recta,Con baches,S/D,Atardecer,S/D,Frontal,S/D,Colisión,S/D,S/D,Ninguna,Sin restricción,POINT (-60.73744820000001 -32.9177486),"['José Ingenieros', 'González del Solar']",2,José Ingenieros; González del Solar,-32.9177486,-60.73744820000001,55.0,538.0,Municipio Rosario,Municipio,Rosario,820210,Servicio de Catastro e Información Territorial,IGN
2013,12346,2013-10-11,Viernes,0.0,08:30:00,,0.0,1,Moto/Ciclomotor,Av. Uriburu Y Av. Ovidio Lagos,1,1,0,0,0,0,0,,Calle,,ROSARIO,Rosario,Asfalto,No existe,II,Dentro,Urbana,Ninguna,No existe,S/D,Bueno,Buena,Diurna,Buen Tiempo,S/D,S/D,Caída ocupante,S/D,Faltante,Ninguna,Sin restricción,POINT (-60.67337785 -32.991524999999996),"['Uriburu', 'Avenida Ovidio Lagos']",2,Avenida José Uriburu; Avenida Ovidio Lagos,-32.991525,-60.67337785,55.0,538.0,Municipio Rosario,Municipio,Rosario,820210,Servicio de Catastro e Información Territorial,IGN
2013,12348,2013-11-13,Miercoles,0.0,17:20:00,,0.0,2,"Automóvil,Automóvil",Ayacucho Y Amenabar,2,2,0,0,0,0,0,,Calle,,ROSARIO,Rosario,Asfalto,No existe,II,Dentro,Urbana,Marca Vial,No existe,Intersección,Bueno,Buena,Atardecer,Buen Tiempo,Lateral,S/D,Colisión,Ninguna,Vertical,Línea divisoria pintada,Sin restricción,POINT (-60.6333886 -32.9742331),"['Ayacucho', 'Amenabar']",2,Ayacucho; José de Amenábar,-32.9742331,-60.6333886,55.0,538.0,Municipio Rosario,Municipio,Rosario,820210,Servicio de Catastro e Información Territorial,IGN
2013,12349,2013-10-31,Jueves,0.0,08:00:00,,0.0,2,"Automóvil,Moto/Ciclomotor",Garibaldi Y Mitre,2,1,0,0,1,0,0,,Calle,,ROSARIO,Rosario,Asfalto,No existe,II,Dentro,Urbana,Ninguna,No existe,Intersección,Bueno,Buena,Diurna,Buen Tiempo,Lateral,S/D,Colisión,S/D,Faltante,Ninguna,Sin restricción,POINT (-60.6495149 -32.985726799999995),"['José Garibaldi', 'Mitre']",2,José Garibaldi; Bartolomé Mitre,-32.985726799999995,-60.6495149,55.0,538.0,Municipio Rosario,Municipio,Rosario,820210,Servicio de Catastro e Información Territorial,IGN
2013,12350,2013-11-08,Viernes,0.0,17:30:00,,0.0,2,"Taxi/Remis,Bicicleta",Donado Y Santa Fe,2,1,0,0,1,0,0,,Calle,,ROSARIO,Rosario,Asfalto,No existe,II,S/D,Urbana,Ninguna,No existe,Recta,Bueno,Buena,Amanecer,Buen Tiempo,S/D,S/D,Atropello,Agua,Faltante,S/D,Sin restricción,POINT (-60.72725940000001 -32.93612229999999),"['Donado', 'Santa Fe']",2,José Agustín Donado; Santa Fe,-32.93612229999999,-60.72725940000001,55.0,538.0,Municipio Rosario,Municipio,Rosario,820210,Servicio de Catastro e Información Territorial,IGN
2013,12352,2013-10-23,Miercoles,0.0,15:30:00,,0.0,2,"Automóvil,Automóvil",San Martin Y Estado de Israel,2,1,0,0,1,0,0,,Calle,,ROSARIO,Rosario,Asfalto,No existe,II,Dentro,Urbana,Ninguna,No existe,Intersección,Bueno,Buena,Diurna,S/D,S/D,S/D,S/D,S/D,Faltante,Ninguna,Sin restricción,POINT (-60.64694925 -32.991824199999996),"['San Martin', 'Estado de Israel']",2,José de San Martín; Estado de Israel,-32.9918242,-60.64694925,55.0,538.0,Municipio Rosario,Municipio,Rosario,820210,Servicio de Catastro e Información Territorial,IGN
2013,12353,2013-11-12,Martes,0.0,10:20:00,,0.0,2,"Peatón,Moto/Ciclomotor",Ayacucho 4219,2,1,0,0,1,0,0,,Calle,,ROSARIO,Rosario,Asfalto,No existe,II,Dentro,Urbana,Ninguna,No existe,Recta,Bueno,Buena,Diurna,S/D,S/D,S/D,Atropello,S/D,S/D,Ninguna,Sin restricción,"-32.98832029591836, -60.63649089795918",['Ayacucho 4219'],1,Ayacucho 4219,-32.98832029591836,-60.63649089795918,55.0,538.0,Municipio Rosario,Municipio,Rosario,820210,Servicio de Catastro e Información Territorial,IGN
2013,12356,2013-11-04,Lunes,0.0,17:00:00,,0.0,2,"Peatón,Automóvil",Bv. Avellaneda Y Rioja,4,3,0,0,1,0,0,,Calle,,ROSARIO,Rosario,Asfalto,S/D,II,Dentro,Urbana,S/D,S/D,Intersección,S/D,S/D,Diurna,S/D,S/D,S/D,Colisión,S/D,S/D,Cordón divisorio,S/D,POINT (-60.679463549999994 -32.940277300000005),"['Avellaneda', 'Rioja']",2,Bulevar Nicolás Avellaneda; Rioja,-32.940277300000005,-60.67946355,55.0,538.0,Municipio Rosario,Municipio,Rosario,820210,Servicio de Catastro e Información Territorial,IGN
2013,12357,2013-11-12,Martes,0.0,18:00:00,,0.0,2,"Moto/Ciclomotor,Automóvil",Ayacucho Y Virasoro,3,2,0,0,1,0,0,,Calle,,ROSARIO,Rosario,Asfalto,No existe,II,Dentro,Urbana,Marca Vial,No existe,Intersección,Bueno,Buena,Atardecer,Buen Tiempo,Lateral,S/D,Colisión,Ninguna,Vertical,Línea divisoria pintada,Sin restricción,POINT (-60.6328196 -32.9719441),"['Ayacucho', 'Virasoro']",2,Ayacucho; Benjamín Virasoro,-32.9719441,-60.6328196,55.0,538.0,Municipio Rosario,Municipio,Rosario,820210,Servicio de Catastro e Información Territorial,IGN
2013,12358,2013-11-27,Miercoles,0.0,10:30:00,,0.0,2,"Moto/Ciclomotor,Pickup/Utilitario",De Angelis Bis Y Pje. Pelayo,3,2,0,0,1,0,0,,Calle,,ROSARIO,Rosario,Asfalto,No existe,II,Dentro,Urbana,Ninguna,No existe,Intersección,Bueno,Buena,Diurna,Buen Tiempo,Lateral,S/D,Colisión,S/D,Faltante,Ninguna,Sin restricción,POINT (-60.698871700000005 -32.919251),"['De Ángelis', 'Pelayo']",2,De Ángelis; Pelayo,-32.919251,-60.698871700000005,55.0,538.0,Municipio Rosario,Municipio,Rosario,820210,Servicio de Catastro e Información Territorial,IGN
2013,12359,2013-11-15,Viernes,0.0,05:30:00,,0.0,2,"Automóvil,Automóvil",Cafferata Y San Juan,5,5,0,0,0,0,0,,Calle,,ROSARIO,Rosario,Asfalto,No existe,II,Dentro,Urbana,Semáforo,Funciona,Recta,Bueno,Buena,Nocturna,Buen Tiempo,S/D,S/D,Colisión,S/D,Horizontal,Ninguna,S/D,POINT (-60.6719098 -32.94428909999999),"['Cafferata', 'San Juan']",2,Cafferata; San Juan,-32.94428909999999,-60.6719098,55.0,538.0,Municipio Rosario,Municipio,Rosario,820210,Servicio de Catastro e Información Territorial,IGN
2013,12362,2013-11-11,Lunes,0.0,19:30:00,,0.0,2,"Peatón,Moto/Ciclomotor",Grandoli Y Centeno,2,2,0,0,0,0,0,,Avenida,,ROSARIO,Rosario,Asfalto,No existe,II,Dentro,Urbana,Marca Vial,No existe,Intersección,Bueno,Buena,"Atardecer,Con luz artificial",Buen Tiempo,S/D,S/D,Atropello,Ninguna,Vertical,Línea divisoria pintada,Sin restricción,POINT (-60.62837625 -32.98829645000001),"['Avenida Abanderado Grandoli', 'Centeno']",2,Avenida Abanderado Grandoli; Coronel Centeno,-32.98829645000001,-60.62837625,55.0,538.0,Municipio Rosario,Municipio,Rosario,820210,Servicio de Catastro e Información Territorial,IGN
2013,12363,2013-11-29,Viernes,0.0,18:00:00,,0.0,2,"Bicicleta,Automóvil",J.J.Paso Y Roullon,2,1,0,0,1,0,0,,Calle,,ROSARIO,Rosario,Asfalto,S/D,II,S/D,Urbana,Ninguna,No existe,Intersección,Bueno,Buena,Diurna,Buen Tiempo,Lateral,S/D,Colisión,S/D,Faltante,Ninguna,Sin restricción,POINT (-60.7030661 -32.919940499999996),"['Paso', 'Alfredo Rouillón']",2,"('Avenida Juan José Paso', 'Alfredo Rouillón')",-32.9199405,-60.7030661,55.0,538.0,Municipio Rosario,Municipio,Rosario,820210,Servicio de Catastro e Información Territorial,IGN
2013,12364,2013-11-16,Sabado,0.0,12:15:00,,0.0,2,"Taxi/Remis,Automóvil",Av. Pellegrini Y Crespo,3,1,0,0,2,0,0,,Calle,,ROSARIO,Rosario,Asfalto,No existe,II,Dentro,Urbana,Semáforo,Funciona,Recta,Bueno,Buena,Diurna,Buen Tiempo,S/D,S/D,Colisión,S/D,Horizontal,Cordón divisorio,Sin restricción,POINT (-60.670978700000006 -32.951893749999996),"['Pellegrini', 'Crespo']",2,Avenida Carlos Pellegrini; Crespo,-32.95189375,-60.670978700000006,55.0,538.0,Municipio Rosario,Municipio,Rosario,820210,Servicio de Catastro e Información Territorial,IGN
2013,12365,2013-10-15,Martes,0.0,10:00:00,,0.0,2,"Bicicleta,Automóvil",Garay ,2,1,0,0,1,0,0,,Calle,,ROSARIO,Rosario,Asfalto,S/D,II,S/D,Urbana,Ninguna,No existe,Otro,Bueno,Buena,Diurna,S/D,S/D,S/D,Atropello,S/D,Faltante,Ninguna,Sin restricción,"-32.9665405, -60.6895966",['Garay'],1,Garay,-32.9665405,-60.6895966,55.0,538.0,Municipio Rosario,Municipio,Rosario,820210,Servicio de Catastro e Información Territorial,IGN
2013,12366,2013-10-25,Viernes,0.0,10:30:00,,0.0,2,"Moto/Ciclomotor,Automóvil",Lamadrid Y Sarmiento,2,1,0,0,1,0,0,,Calle,,ROSARIO,Rosario,Asfalto,No existe,II,Fuera,Urbana,Ninguna,No existe,Intersección,Bueno,Buena,Diurna,Buen Tiempo,Lateral,S/D,Colisión,S/D,Faltante,Ninguna,Sin restricción,POINT (-60.6491277 -32.9970986),"['Lamadrid', 'Sarmiento']",2,"('Gregorio Aráoz de Lamadrid', 'Sarmiento')",-32.9970986,-60.6491277,55.0,538.0,Municipio Rosario,Municipio,Rosario,820210,Servicio de Catastro e Información Territorial,IGN
2013,12367,2013-11-03,Domingo,0.0,22:15:00,,0.0,2,"Moto/Ciclomotor,Automóvil",Manuel De Falla Y Palestina,3,1,0,0,2,0,0,,Calle,,ROSARIO,Rosario,Asfalto,No existe,II,Dentro,Urbana,Ninguna,No existe,Intersección,Bueno,Reducida,Nocturna,Buen Tiempo,Lateral,S/D,Colisión,Ninguna,Faltante,Ninguna,Sin restricción,POINT (-60.7120775 -32.886088),"['Manuel de Falla', 'Palestina']",2,Manuel de Falla; Palestina,-32.886088,-60.7120775,55.0,538.0,Municipio Rosario,Municipio,Rosario,820210,Servicio de Catastro e Información Territorial,IGN
2013,12368,2013-11-02,Sabado,0.0,20:43:00,,0.0,2,"Moto/Ciclomotor,Automóvil",Rodriguez Y 3 De Febrero,3,1,0,0,2,0,0,,S/D,,ROSARIO,Rosario,Asfalto,S/D,II,Dentro,Urbana,S/D,S/D,Intersección,S/D,S/D,S/D,S/D,S/D,S/D,Colisión,S/D,S/D,Ninguna,S/D,POINT (-60.6603081 -32.9491249),"['Rodríguez', '3 de Febrero']",2,Rodríguez de Escobedo; 3 de Febrero,-32.9491249,-60.6603081,55.0,538.0,Municipio Rosario,Municipio,Rosario,820210,Servicio de Catastro e Información Territorial,IGN
2013,12371,2013-11-04,Lunes,0.0,08:05:00,,0.0,2,"Automóvil,Moto/Ciclomotor",Av. Pellegrini 4700,3,2,0,0,1,0,0,,Avenida,,ROSARIO,Rosario,Asfalto,S/D,II,Dentro,Urbana,S/D,S/D,Intersección,S/D,S/D,S/D,S/D,S/D,S/D,Colisión,S/D,S/D,Cordón divisorio,S/D,"-32.9484019, -60.6897907",['Pellegrini 4700'],1,Pellegrini 4700,-32.9484019,-60.6897907,55.0,538.0,Municipio Rosario,Municipio,Rosario,820210,Servicio de Catastro e Información Territorial,IGN
2013,12372,2013-11-13,Miercoles,0.0,11:30:00,,0.0,2,"Automóvil,Automóvil",Castagnino Y Esquivel,4,1,0,0,2,0,1,,Calle,,ROSARIO,Rosario,Asfalto,No existe,II,S/D,Urbana,Ninguna,No existe,Intersección,Bueno,Buena,Diurna,Buen Tiempo,Lateral,S/D,Colisión,Otro,Faltante,Cordón divisorio,Sin restricción,POINT (-60.705685900000006 -32.900319749999994),"['Castagnino', 'Esquivel']",2,Castagnino; Esquivel,-32.900319749999994,-60.705685900000006,55.0,538.0,Municipio Rosario,Municipio,Rosario,820210,Servicio de Catastro e Información Territorial,IGN