anio_acci,nro_acci,fecha,desc_dia,fecha_aprox,hora_aprox,desc_ruta,km,cant_participantes,desc_participante,calle_avenida_km,total,heridos_leves,heridos_graves,heridos_gravisimos,ilesos,fallecidos,sin_datos,posicion_XY,desc_tipo_via,desc_ruta_ori,desc_loc,desc_dpto,desc_tipo_calzada,desc_tipo_banquina,desc_unidad_regional,desc_lugar_calzada,desc_zona,desc_prioridad,desc_estado_semaforo,desc_lugar_via,desc_estado_via,desc_estado_visibilidad,desc_luminosidad,desc_estado_clima,desc_tipo_colision,desc_tipo_atropello,desc_tipo_hecho,desc_pres_calzada,desc_senializacion,desc_separacion_via,desc_restriccion,forma_geocod,calle_lista,numero_calles,calles_osm,lat,lon,index_right,gid,fna,gna,nam,in1,fdc,sag
2013,12548,2013-11-07,Jueves,0.0,20:05:00,,0.0,2,"Automóvil,Moto/Ciclomotor",Av. Circunvalacion Y San Martin,3,2,0,0,1,0,0,,Avenida,,ROSARIO,Rosario,Asfalto,No existe,II,Dentro,Urbana,Semáforo,Funciona,Intersección,Bueno,Buena,"Nocturna,Con luz artificial",Buen Tiempo,Lateral,S/D,Colisión,Ninguna,Vertical,Cordón divisorio,Sin restricción,POINT (-60.652223580418244 -33.0164074304026),"['Circunvalacion', 'San Martin']",2,"('Avenida de Circunvalación 25 de Mayo', 'José de San Martín')",-33.0164074304026,-60.65222358041824,55.0,538.0,Municipio Rosario,Municipio,Rosario,820210,Servicio de Catastro e Información Territorial,IGN
2013,12550,2013-11-06,Miercoles,0.0,19:20:00,,0.0,2,"Bicicleta,Transporte de Pasajeros Urbano (> 8 asientos)",Paraguay Y Khantuta,2,1,0,0,1,0,0,,Calle,,ROSARIO,Rosario,Asfalto,No existe,II,Dentro,Urbana,Marca Vial,No existe,Intersección,Bueno,Buena,Diurna,Buen Tiempo,S/D,S/D,Atropello,Ninguna,Horizontal,Cordón divisorio,Sin restricción,POINT (-60.65429540000001 -33.0120571),"['Paraguay', 'Khantuta']",2,Paraguay; Khantuta,-33.0120571,-60.65429540000001,55.0,538.0,Municipio Rosario,Municipio,Rosario,820210,Servicio de Catastro e Información Territorial,IGN
2013,12551,2013-11-04,Lunes,0.0,14:00:00,,0.0,2,"Moto/Ciclomotor,Taxi/Remis",Buenos Aires Y Rui Barbosa,2,1,0,0,1,0,0,,Calle,,ROSARIO,Rosario,Asfalto,No existe,II,Dentro,Urbana,Marca Vial,No existe,Intersección,Bueno,Buena,Diurna,Buen Tiempo,Lateral,S/D,Colisión,Ninguna,Horizontal,Cordón divisorio,Sin restricción,POINT (-60.64479980000001 -33.00620899999999),"['Buenos Aires', 'Rui Barbosa']",2,Buenos Aires; Rui Barbosa,-33.00620899999999,-60.64479980000001,55.0,538.0,Municipio Rosario,Municipio,Rosario,820210,Servicio de Catastro e Información Territorial,IGN
2013,12553,2013-11-24,Domingo,0.0,00:15:00,,0.0,2,"Moto/Ciclomotor,Automóvil",Av. Francia 5718,2,1,0,0,1,0,0,,Calle,,ROSARIO,Rosario,Asfalto,No existe,II,Dentro,Urbana,Ninguna,No existe,Recta,Bueno,Buena,"Nocturna,Con luz artificial",Buen Tiempo,Lateral,S/D,Colisión,S/D,S/D,Ninguna,Sin restricción,"-32.9466403, -60.6668992",['Francia 5718'],1,Francia 5718,-32.9466403,-60.6668992,55.0,538.0,Municipio Rosario,Municipio,Rosario,820210,Servicio de Catastro e Información Territorial,IGN
2013,12594,2013-11-23,Sabado,0.0,11:20:00,,0.0,2,"Moto/Ciclomotor,Automóvil",Av. Battle y Ordoñez 4100,2,1,0,0,1,0,0,,Calle,,ROSARIO,Rosario,Asfalto,No existe,II,Dentro,Urbana,Ninguna,No existe,Recta,Bueno,Buena,Diurna,Buen Tiempo,Lateral,S/D,Colisión,S/D,S/D,Vegetación,Sin restricción,"-33.0084731, -60.6332815",['Avenida Battle y Ordoñez 4100'],1,Avenida Battle y Ordoñez 4100,-33.0084731,-60.6332815,55.0,538.0,Municipio Rosario,Municipio,Rosario,820210,Servicio de Catastro e Información Territorial,IGN
2013,12595,2013-11-03,Domingo,0.0,16:15:00,,0.0,2,"Moto/Ciclomotor,Automóvil",Bv. Avellaneda 3800,2,1,0,0,1,0,0,,Calle,,ROSARIO,Rosario,Asfalto,No existe,II,Dentro,Urbana,Ninguna,No existe,Recta,Bueno,Buena,Atardecer,Lluvia,S/D,S/D,Colisión,Ninguna,Faltante,Cordón divisorio,Sin restricción,"-32.9499307, -60.6819034",['Avellaneda 3800'],1,Avellaneda 3800,-32.9499307,-60.6819034,55.0,538.0,Municipio Rosario,Municipio,Rosario,820210,Servicio de Catastro e Información Territorial,IGN
2013,12596,2013-11-23,Sabado,0.0,,,0.0,2,"Moto/Ciclomotor,Pickup/Utilitario",Av. Ovidio Lagos Y Camino Nuevo Soldini,2,1,0,0,1,0,0,,Calle,,ROSARIO,Rosario,Asfalto,Natural,II,Dentro,Urbana,S/D,No existe,Recta,Deteriorada,Buena,S/D,Buen Tiempo,Lateral,S/D,Colisión,S/D,S/D,Ninguna,Sin restricción,POINT (-60.67985206666666 -33.02094146666666),"['Avenida Ovidio Lagos', 'Camino Nuevo a Soldini']",2,Avenida Ovidio Lagos; Camino Nuevo a Soldini,-33.02094146666666,-60.67985206666666,55.0,538.0,Municipio Rosario,Municipio,Rosario,820210,Servicio de Catastro e Información Territorial,IGN
2013,12597,2013-11-12,Martes,0.0,16:20:00,,0.0,2,"Moto/Ciclomotor,Automóvil",Bv. Avellaneda Y Bv. Segui,3,2,0,0,1,0,0,,Avenida,,ROSARIO,Rosario,Asfalto,No existe,II,Dentro,Urbana,Semáforo,Funciona,Intersección,Bueno,Buena,Diurna,Buen Tiempo,S/D,S/D,Colisión,Ninguna,Faltante,Cordón divisorio,Sin restricción,POINT (-60.6873526625 -32.9717476875),"['Avellaneda', 'Bulevar Juan Francisco Seguí']",2,Bulevar Nicolás Avellaneda; Bulevar Juan Francisco Seguí,-32.9717476875,-60.6873526625,55.0,538.0,Municipio Rosario,Municipio,Rosario,820210,Servicio de Catastro e Información Territorial,IGN
2013,12598,2013-11-20,Miercoles,0.0,22:00:00,,0.0,2,"Moto/Ciclomotor,Automóvil",Av. Ovidio Lagos Y Av. Battle y Ordoñez,3,1,0,0,2,0,0,,Avenida,,ROSARIO,Rosario,Asfalto,No existe,II,Dentro,Urbana,S/D,No existe,Recta,Bueno,Buena,Nocturna,Buen Tiempo,Lateral,S/D,Colisión,S/D,S/D,Cordón divisorio,Sin restricción,POINT (-60.677360275 -33.009728399999986),"['Avenida Ovidio Lagos', 'Avenida Battle y Ordoñez']",2,Avenida Ovidio Lagos; Avenida Battle y Ordoñez,-33.009728399999986,-60.677360275,55.0,538.0,Municipio Rosario,Municipio,Rosario,820210,Servicio de Catastro e Información Territorial,IGN
2013,12599,2013-11-11,Lunes,0.0,13:15:00,,0.0,2,"Moto/Ciclomotor,Moto/Ciclomotor",Dean Funes Y Valparaiso,3,1,0,0,2,0,0,,Calle,,ROSARIO,Rosario,S/D,S/D,II,Dentro,Urbana,S/D,S/D,S/D,S/D,S/D,S/D,S/D,S/D,S/D,S/D,S/D,S/D,S/D,S/D,POINT (-60.689170000000004 -32.9678317),"['Deán Gregorio Funes', 'Valparaíso']",2,Deán Gregorio Funes; Valparaíso,-32.9678317,-60.68917,55.0,538.0,Municipio Rosario,Municipio,Rosario,820210,Servicio de Catastro e Información Territorial,IGN
2013,12600,2013-11-05,Martes,0.0,20:30:00,,0.0,1,Automóvil,Av. Circunvalacion Y Bv. Avellaneda,2,2,0,0,0,0,0,,Avenida,,ROSARIO,Rosario,Asfalto,Natural,II,Dentro,Urbana,Otra Señal,S/D,Recta,Con baches,S/D,Nocturna,Lluvia,Contra objeto fijo,S/D,Colisión,S/D,Vertical,Guardarrail,Sin restricción,POINT (-60.68941966610684 -33.00080705152485),"['Circunvalacion', 'Avellaneda']",2,Avenida de Circunvalación 25 de Mayo; Bulevar Nicolás Avellaneda,-33.00080705152485,-60.68941966610684,55.0,538.0,Municipio Rosario,Municipio,Rosario,820210,Servicio de Catastro e Información Territorial,IGN
2013,12602,2013-11-09,Sabado,0.0,14:25:00,,0.0,2,"Moto/Ciclomotor,Automóvil",Bv. Segui Y Vera Mujica,2,1,0,0,1,0,0,,Avenida,,ROSARIO,Rosario,Asfalto,S/D,II,Dentro,Urbana,Ninguna,S/D,Intersección,Deteriorada,S/D,S/D,Buen Tiempo,Otro,S/D,Colisión,Ninguna,Faltante,Cordón divisorio,Sin restricción,POINT (-60.6751543 -32.973938649999994),"['Bulevar Juan Francisco Seguí', 'Vera Mujíca']",2,Bulevar Juan Francisco Seguí; Vera Mujíca,-32.973938649999994,-60.6751543,55.0,538.0,Municipio Rosario,Municipio,Rosario,820210,Servicio de Catastro e Información Territorial,IGN
2013,12604,2013-11-02,Sabado,0.0,14:00:00,,0.0,2,"Moto/Ciclomotor,Automóvil",Av. Arijon Y Av. Ovidio Lagos,2,1,0,0,1,0,0,,Avenida,,ROSARIO,Rosario,Asfalto,Natural,II,S/D,Urbana,Semáforo,Funciona,Cruce,Con baches,Buena,Diurna,Buen Tiempo,Lateral,S/D,Colisión,S/D,S/D,Barrera de hormigón,Sin restricción,POINT (-60.6761369 -33.0038701),"['Avenida Manuel Arijón', 'Avenida Ovidio Lagos']",2,Avenida Manuel Arijón; Avenida Ovidio Lagos,-33.0038701,-60.6761369,55.0,538.0,Municipio Rosario,Municipio,Rosario,820210,Servicio de Catastro e Información Territorial,IGN
2013,12606,2013-11-24,Domingo,0.0,10:00:00,,0.0,2,"Bicicleta,Automóvil",Av. Battle y Ordoñez Y Sadi Carnot,2,1,0,0,1,0,0,,Avenida,,ROSARIO,Rosario,Asfalto,No existe,II,Dentro,Urbana,Marca Vial,No existe,Intersección,Bueno,Buena,Diurna,Buen Tiempo,Lateral,S/D,Atropello,S/D,Horizontal,Cordón divisorio,Sin restricción,POINT (-60.648497000000006 -33.008926200000005),"['Avenida Battle y Ordoñez', 'Sadi Carnot']",2,Avenida Battle y Ordoñez; Sadi Carnot,-33.008926200000005,-60.648497000000006,55.0,538.0,Municipio Rosario,Municipio,Rosario,820210,Servicio de Catastro e Información Territorial,IGN
2013,12607,2013-11-15,Viernes,0.0,19:15:00,,0.0,2,"Moto/Ciclomotor,Pickup/Utilitario",Suipacha Y 24 De Setiembre,3,2,0,0,1,0,0,,Calle,,ROSARIO,Rosario,Asfalto,No existe,II,Dentro,Urbana,Ninguna,No existe,Intersección,Deteriorada,Buena,Atardecer,Buen Tiempo,Otro,S/D,Colisión,Ninguna,Faltante,Ninguna,Sin restricción,POINT (-60.67269339999999 -32.975589899999996),"['Suipacha', '24 de Septiembre']",2,Suipacha; 24 de Septiembre,-32.9755899,-60.67269339999999,55.0,538.0,Municipio Rosario,Municipio,Rosario,820210,Servicio de Catastro e Información Territorial,IGN
2013,12608,2013-11-30,Sabado,0.0,01:30:00,,0.0,2,"Moto/Ciclomotor,Automóvil",Av. Ovidio Lagos 6600,2,1,0,0,1,0,0,,Avenida,,ROSARIO,Rosario,Asfalto,No existe,II,Dentro,Urbana,Semáforo,Funciona,Recta,Bueno,S/D,"Nocturna,Con luz artificial",Buen Tiempo,Lateral,S/D,Colisión,S/D,Vertical,Barrera de hormigón,Sin restricción,"-32.9700442, -60.668095",['Ovidio Lagos 6600'],1,Ovidio Lagos 6600,-32.9700442,-60.668095,55.0,538.0,Municipio Rosario,Municipio,Rosario,820210,Servicio de Catastro e Información Territorial,IGN
2013,12610,2013-11-18,Lunes,0.0,05:40:00,,0.0,1,Peatón,Bv. Wilde Y J.B.Justo,1,1,0,0,0,0,0,,Calle,,ROSARIO,Rosario,Asfalto,Pavimento,II,Dentro,Urbana,S/D,S/D,Recta,S/D,S/D,Amanecer,S/D,S/D,S/D,Atropello,S/D,S/D,S/D,S/D,POINT (-60.7386835 -32.934138000000004),"['Bulevar Wilde', 'Justo']",2,"('Bulevar Wilde', 'Justo José de Urquiza')",-32.934138000000004,-60.7386835,55.0,538.0,Municipio Rosario,Municipio,Rosario,820210,Servicio de Catastro e Información Territorial,IGN
2013,12611,2013-11-12,Martes,0.0,,,0.0,2,"Moto/Ciclomotor,Taxi/Remis",Av. Battle y Ordoñez 3200,2,1,0,0,1,0,0,,Calle,,ROSARIO,Rosario,Asfalto,Natural,II,Dentro,Urbana,Ninguna,No existe,Recta,Deteriorada,Buena,S/D,Buen Tiempo,Lateral,S/D,Colisión,S/D,S/D,Ninguna,Sin restricción,"-33.0084731, -60.6332815",['Avenida Battle y Ordoñez 3200'],1,Avenida Battle y Ordoñez 3200,-33.0084731,-60.6332815,55.0,538.0,Municipio Rosario,Municipio,Rosario,820210,Servicio de Catastro e Información Territorial,IGN
2013,12612,2013-11-16,Sabado,0.0,19:40:00,,0.0,2,"Moto/Ciclomotor,Automóvil",Av. Francia Y Av. Uriburu,3,2,0,0,1,0,0,,Avenida,,ROSARIO,Rosario,Asfalto,No existe,II,Dentro,Urbana,Semáforo,Funciona,Intersección,Bueno,Buena,Atardecer,Buen Tiempo,S/D,S/D,Colisión,Ninguna,Faltante,Cordón divisorio,Sin restricción,POINT (-60.678139125 -32.991649800000005),"['Avenida Francia', 'Uriburu']",2,Avenida Francia; Avenida José Uriburu,-32.991649800000005,-60.678139125,55.0,538.0,Municipio Rosario,Municipio,Rosario,820210,Servicio de Catastro e Información Territorial,IGN
2013,12614,2013-11-05,Martes,0.0,15:30:00,,0.0,2,"Automóvil,Moto/Ciclomotor",Ocampo Y Fraga,2,2,0,0,0,0,0,,Calle,,ROSARIO,Rosario,"Asfalto,Hormigón",Natural,II,S/D,Urbana,Ninguna,No existe,Intersección,Con baches,Buena,Diurna,Lluvia,Lateral,S/D,Colisión,S/D,S/D,S/D,Sin restricción,POINT (-60.70953440000001 -32.957954599999994),"['Ocampo', 'Fraga']",2,Ocampo; Rosendo María Fraga,-32.957954599999994,-60.70953440000001,55.0,538.0,Municipio Rosario,Municipio,Rosario,820210,Servicio de Catastro e Información Territorial,IGN
2013,12616,2013-11-22,Viernes,0.0,10:30:00,,0.0,2,"Pickup/Utilitario,Peatón",Bv. Wilde 800,2,1,0,0,1,0,0,,Calle,,ROSARIO,Rosario,S/D,No existe,II,S/D,Urbana,S/D,No existe,S/D,S/D,Buena,Diurna,S/D,S/D,S/D,Atropello,S/D,S/D,S/D,S/D,"-32.9376589, -60.7387128",['Wilde 800'],1,Wilde 800,-32.9376589,-60.7387128,55.0,538.0,Municipio Rosario,Municipio,Rosario,820210,Servicio de Catastro e Información Territorial,IGN
2013,12617,2013-11-18,Lunes,0.0,16:30:00,,0.0,2,"Moto/Ciclomotor,Taxi/Remis",Bv. Segui Y Cafferata,2,1,0,0,1,0,0,,Avenida,,ROSARIO,Rosario,Asfalto,No existe,II,Dentro,Urbana,Semáforo,Funciona,Intersección,Bueno,Buena,Atardecer,Buen Tiempo,Otro,S/D,Colisión,Ninguna,Faltante,Barrera de alto impacto,Sin restricción,POINT (-60.67922995000001 -32.973209649999994),"['Bulevar Juan Francisco Seguí', 'Cafferata']",2,Bulevar Juan Francisco Seguí; Cafferata,-32.973209649999994,-60.67922995000001,55.0,538.0,Municipio Rosario,Municipio,Rosario,820210,Servicio de Catastro e Información Territorial,IGN
2013,12619,2013-11-23,Sabado,0.0,11:00:00,,0.0,2,"Automóvil,Moto/Ciclomotor",Arturo Jauretche Y Fernando Fader,2,2,0,0,0,0,0,,Calle,,ROSARIO,Rosario,"Asfalto,Hormigón",Natural,II,S/D,Urbana,Ninguna,No existe,Intersección,Con baches,Buena,Diurna,Buen Tiempo,Lateral,S/D,Colisión,S/D,S/D,S/D,Sin restricción,POINT (-60.7224018 -32.9682991),"['Arturo Jauretche', 'Fernando Fader']",2,Arturo Jauretche; Fernando Fader,-32.9682991,-60.7224018,55.0,538.0,Municipio Rosario,Municipio,Rosario,820210,Servicio de Catastro e Información Territorial,IGN
2013,12620,2013-11-20,Miercoles,0.0,18:45:00,,0.0,2,"Moto/Ciclomotor,Automóvil",Av. Battle y Ordoñez Y Buenos Aires,3,2,0,0,1,0,0,,Calle,,ROSARIO,Rosario,Asfalto,No existe,II,Dentro,Urbana,Marca Vial,No existe,Intersección,Bueno,Buena,Diurna,Buen Tiempo,Lateral,S/D,Colisión,S/D,Horizontal,Cordón divisorio,Sin restricción,POINT (-60.6446941 -33.00881379999999),"['Avenida Battle y Ordoñez', 'Buenos Aires']",2,Avenida Battle y Ordoñez; Buenos Aires,-33.00881379999999,-60.6446941,55.0,538.0,Municipio Rosario,Municipio,Rosario,820210,Servicio de Catastro e Información Territorial,IGN
2013,12622,2013-11-09,Sabado,0.0,17:30:00,,0.0,2,"Automóvil,Moto/Ciclomotor",Av. Circunvalacion Y Av. Uriburu,2,2,0,0,0,0,0,,Avenida,,ROSARIO,Rosario,"Asfalto,Hormigón",Natural,II,S/D,Urbana,Ninguna,No existe,Intersección,Con baches,Buena,Diurna,Buen Tiempo,Lateral,S/D,Colisión,S/D,S/D,S/D,Sin restricción,POINT (-60.70053645 -32.992253950000006),"['Circunvalacion', 'Uriburu']",2,"('Juan Pablo II', 'Avenida José Uriburu')",-32.992253950000006,-60.70053645,55.0,538.0,Municipio Rosario,Municipio,Rosario,820210,Servicio de Catastro e Información Territorial,IGN
2013,12623,2013-11-19,Martes,0.0,13:00:00,,0.0,2,"Bicicleta,Automóvil",Bv. Segui Y Castellanos,3,2,0,0,1,0,0,,Calle,,ROSARIO,Rosario,Asfalto,No existe,II,Dentro,Urbana,Ninguna,No existe,Intersección,Bueno,Buena,Diurna,Buen Tiempo,S/D,S/D,Atropello,Ninguna,Faltante,Cordón divisorio,Sin restricción,POINT (-60.6832904 -32.972482649999996),"['Bulevar Juan Francisco Seguí', 'Aaron Castellanos']",2,Bulevar Juan Francisco Seguí; Aaron Castellanos,-32.97248265,-60.6832904,55.0,538.0,Municipio Rosario,Municipio,Rosario,820210,Servicio de Catastro e Información Territorial,IGN
2013,12625,2013-11-24,Domingo,0.0,19:00:00,,0.0,2,"Pickup/Utilitario,Moto/Ciclomotor",Irurtia Y Fader,2,2,0,0,0,0,0,,Calle,,ROSARIO,Rosario,"Asfalto,Hormigón",Natural,II,S/D,Urbana,Ninguna,No existe,Intersección,Con baches,Reducida,Atardecer,Lluvia,Lateral,S/D,Colisión,Agua,S/D,S/D,Sin restricción,POINT (-60.7224788 -32.96693749999999),"['Irurtia', 'Fader']",2,Irurtia; Fernando Fader,-32.96693749999999,-60.7224788,55.0,538.0,Municipio Rosario,Municipio,Rosario,820210,Servicio de Catastro e Información Territorial,IGN
2013,12626,2013-11-26,Martes,0.0,13:05:00,,0.0,1,,Brasil Y Pasco,2,1,0,0,1,0,0,,Calle,,ROSARIO,Rosario,Asfalto,Natural,II,S/D,Urbana,Ninguna,No existe,Recta,Bueno,Buena,Diurna,Buen Tiempo,Lateral,S/D,Colisión,Otro,Faltante,S/D,Sin restricción,POINT (-60.718885650000004 -32.95102839999999),"['Brasil', 'Pasco']",2,Brasil; Pasco,-32.95102839999999,-60.71888565,55.0,538.0,Municipio Rosario,Municipio,Rosario,820210,Servicio de Catastro e Información Territorial,IGN
2013,12627,2013-11-26,Martes,0.0,13:05:00,,0.0,2,"Automóvil,Moto/Ciclomotor",Brasil Y Pasco,2,1,0,0,1,0,0,,Calle,,ROSARIO,Rosario,Asfalto,Natural,II,S/D,Urbana,Ninguna,No existe,Recta,Bueno,Buena,Diurna,Buen Tiempo,Lateral,S/D,Colisión,Otro,Faltante,S/D,Sin restricción,POINT (-60.718885650000004 -32.95102839999999),"['Brasil', 'Pasco']",2,Brasil; Pasco,-32.95102839999999,-60.71888565,55.0,538.0,Municipio Rosario,Municipio,Rosario,820210,Servicio de Catastro e Información Territorial,IGN
2013,12629,2013-11-12,Martes,0.0,,,0.0,2,"Moto/Ciclomotor,Automóvil",Av. Francia Y Hilarion de la Quintana,2,1,0,0,1,0,0,,Avenida,,ROSARIO,Rosario,Asfalto,No existe,II,Dentro,Urbana,Otra Señal,No existe,Recta,Bueno,Buena,S/D,Buen Tiempo,Lateral,S/D,Colisión,S/D,S/D,Cordón divisorio,Sin restricción,POINT (-60.6777043 -33.0017457),"['Avenida Francia', 'Hilarión de la Quintana']",2,Avenida Francia; Hilarión de la Quintana,-33.0017457,-60.6777043,55.0,538.0,Municipio Rosario,Municipio,Rosario,820210,Servicio de Catastro e Información Territorial,IGN
2013,12633,2013-11-18,Lunes,0.0,16:35:00,,0.0,2,"Moto/Ciclomotor,Automóvil",Av. Battle y Ordoñez Y Laprida,3,2,0,0,1,0,0,,Avenida,,ROSARIO,Rosario,Asfalto,No existe,II,Dentro,Urbana,Semáforo,Funciona,Intersección,Bueno,Buena,Diurna,Buen Tiempo,Lateral,S/D,Colisión,S/D,Vertical,Cordón divisorio,Sin restricción,POINT (-60.64674879999999 -33.00887749999998),"['Avenida Battle y Ordoñez', 'Laprida']",2,Avenida Battle y Ordoñez; Francisco Narciso Laprida,-33.00887749999998,-60.64674879999999,55.0,538.0,Municipio Rosario,Municipio,Rosario,820210,Servicio de Catastro e Información Territorial,IGN
2013,12634,2013-11-20,Miercoles,0.0,14:15:00,,0.0,2,"Automóvil,Moto/Ciclomotor",Tarragona Y Av. Genova,2,1,0,0,1,0,0,,Calle,,ROSARIO,Rosario,Asfalto,No existe,II,Dentro,Urbana,Ninguna,No existe,Recta,Bueno,Buena,Atardecer,S/D,Frontal,S/D,Colisión,S/D,Horizontal,Barrera de hormigón,Sin restricción,POINT (-60.7351375 -32.9165976),"['Tarragona', 'Genova']",2,Tarragona; Avenida Génova,-32.9165976,-60.7351375,55.0,538.0,Municipio Rosario,Municipio,Rosario,820210,Servicio de Catastro e Información Territorial,IGN
2013,12637,2013-11-27,Miercoles,0.0,,,0.0,2,"Automóvil,Moto/Ciclomotor",AV SAN JOSE DE CALASANZ Y OSVALDO PUGLIESE,2,1,0,0,1,0,0,,Avenida,,ROSARIO,Rosario,Asfalto,No existe,II,S/D,Urbana,Ninguna,No existe,Recta,Bueno,Buena,S/D,Buen Tiempo,Frontal,S/D,Colisión,S/D,Faltante,S/D,Sin restricción,POINT (-60.753320366666664 -32.94069563333332),"['Avenida San José de Calasanz', 'Osvaldo Pugliese']",2,Avenida San José de Calasanz; Osvaldo Pugliese,-32.94069563333332,-60.75332036666666,55.0,538.0,Municipio Rosario,Municipio,Rosario,820210,Servicio de Catastro e Información Territorial,IGN
2013,12638,2013-11-20,Miercoles,0.0,21:17:00,,0.0,1,Moto/Ciclomotor,F.More Y Gaboto,2,1,0,0,1,0,0,,S/D,,ROSARIO,Rosario,Asfalto,No existe,II,Dentro,Urbana,Ninguna,Intermitente,Intersección,S/D,Reducida,"Nocturna,Con luz artificial",Otro,Lateral,S/D,Colisión,S/D,Faltante,Ninguna,Sin restricción,POINT (-60.6927903 -32.96461279999998),"['Felipe Moré', 'Gaboto']",2,Felipe Moré; Gaboto,-32.96461279999998,-60.6927903,55.0,538.0,Municipio Rosario,Municipio,Rosario,820210,Servicio de Catastro e Información Territorial,IGN
2013,12639,2013-11-06,Miercoles,0.0,18:30:00,,0.0,3,"Automóvil,Automóvil,Automóvil",Santiago Y San Luis,3,1,0,0,2,0,0,,Calle,,ROSARIO,Rosario,S/D,S/D,II,Dentro,Urbana,S/D,S/D,S/D,S/D,S/D,Atardecer,S/D,Múltiple,S/D,Colisión,S/D,S/D,S/D,S/D,POINT (-60.656666 -32.945839899999996),"['Santiago', 'San Luis']",2,Santiago; San Luis,-32.9458399,-60.656666,55.0,538.0,Municipio Rosario,Municipio,Rosario,820210,Servicio de Catastro e Información Territorial,IGN
2013,12640,2013-11-06,Miercoles,0.0,20:10:00,,0.0,2,"Automóvil,Moto/Ciclomotor",Rodriguez Y Madre Cabrini,2,1,0,0,1,0,0,,Calle,,ROSARIO,Rosario,Asfalto,S/D,II,Dentro,Urbana,S/D,S/D,S/D,S/D,S/D,S/D,S/D,S/D,S/D,S/D,S/D,S/D,S/D,S/D,POINT (-60.6701377 -33.005649399999996),"['Rodríguez', 'Madre Cabrini']",2,Rodríguez de Escobedo; Madre Cabrini,-33.0056494,-60.6701377,55.0,538.0,Municipio Rosario,Municipio,Rosario,820210,Servicio de Catastro e Información Territorial,IGN
2013,12641,2013-11-24,Domingo,0.0,21:30:00,,0.0,2,"Moto/Ciclomotor,Automóvil",Forest 7600,2,1,0,0,1,0,0,,Calle,,ROSARIO,Rosario,S/D,No existe,II,S/D,Urbana,Ninguna,No existe,S/D,Bueno,Buena,Nocturna,Buen Tiempo,Lateral,S/D,Colisión,Otro,Faltante,S/D,Sin restricción,"-32.9437721, -60.724472",['Forest 7600'],1,Forest 7600,-32.9437721,-60.724472,55.0,538.0,Municipio Rosario,Municipio,Rosario,820210,Servicio de Catastro e Información Territorial,IGN
2013,12642,2013-11-18,Lunes,0.0,17:00:00,,0.0,1,Moto/Ciclomotor,Av. Provincias Unidas Y Amenabar,2,2,0,0,0,0,0,,Avenida,,ROSARIO,Rosario,Asfalto,Natural,II,Dentro,Urbana,Ninguna,No existe,Intersección,Con baches,Buena,Diurna,Buen Tiempo,Contra objeto fijo,S/D,Colisión,S/D,S/D,S/D,Sin restricción,POINT (-60.71163094999999 -32.96397379999999),"['Avenida Provincias Unidas', 'Amenabar']",2,Avenida Provincias Unidas; José de Amenábar,-32.96397379999999,-60.71163094999999,55.0,538.0,Municipio Rosario,Municipio,Rosario,820210,Servicio de Catastro e Información Territorial,IGN
2013,12643,2013-11-21,Jueves,0.0,13:10:00,,0.0,2,"Moto/Ciclomotor,Otros",Av. Pte.Peron Y Campbell,2,1,0,0,1,0,0,,S/D,,ROSARIO,Rosario,Asfalto,No existe,II,Dentro,Urbana,Ninguna,No existe,Intersección,Otro,Buena,Diurna,Otro,Lateral,S/D,Colisión,Otro,Faltante,Ninguna,Sin restricción,POINT (-60.70692735 -32.96568669999999),"['Avenida Presidente Perón', 'Campbell']",2,Avenida Presidente Perón; Campbell,-32.96568669999999,-60.70692735,55.0,538.0,Municipio Rosario,Municipio,Rosario,820210,Servicio de Catastro e Información Territorial,IGN
2013,12644,2013-11-21,Jueves,0.0,14:10:00,,0.0,2,"Moto/Ciclomotor,Automóvil",Av. Provincias Unidas Y Cochabamba,2,1,0,0,1,0,0,,Avenida,,ROSARIO,Rosario,Asfalto,No existe,II,Dentro,Urbana,Semáforo,Funciona,Intersección,Bueno,Buena,Diurna,Buen Tiempo,Lateral,S/D,Colisión,Ninguna,Vertical,Cordón divisorio,Sin restricción,POINT (-60.71220315 -32.949799999999996),"['Avenida Provincias Unidas', 'Cochabamba']",2,Avenida Provincias Unidas; Cochabamba,-32.9498,-60.71220315,55.0,538.0,Municipio Rosario,Municipio,Rosario,820210,Servicio de Catastro e Información Territorial,IGN
2013,12647,2013-11-05,Martes,0.0,20:50:00,,0.0,2,"Automóvil,Moto/Ciclomotor",Av. Provincias Unidas Y Cochabamba,2,1,0,0,1,0,0,,Avenida,,ROSARIO,Rosario,Asfalto,No existe,II,Dentro,Urbana,Semáforo,Funciona,Intersección,Bueno,Buena,"Nocturna,Con luz artificial",Buen Tiempo,Lateral,S/D,Colisión,Ninguna,Vertical,Cordón divisorio,Sin restricción,POINT (-60.71220315 -32.949799999999996),"['Avenida Provincias Unidas', 'Cochabamba']",2,Avenida Provincias Unidas; Cochabamba,-32.9498,-60.71220315,55.0,538.0,Municipio Rosario,Municipio,Rosario,820210,Servicio de Catastro e Información Territorial,IGN