anio_acci,nro_acci,fecha,desc_dia,fecha_aprox,hora_aprox,desc_ruta,km,cant_participantes,desc_participante,calle_avenida_km,total,heridos_leves,heridos_graves,heridos_gravisimos,ilesos,fallecidos,sin_datos,posicion_XY,desc_tipo_via,desc_ruta_ori,desc_loc,desc_dpto,desc_tipo_calzada,desc_tipo_banquina,desc_unidad_regional,desc_lugar_calzada,desc_zona,desc_prioridad,desc_estado_semaforo,desc_lugar_via,desc_estado_via,desc_estado_visibilidad,desc_luminosidad,desc_estado_clima,desc_tipo_colision,desc_tipo_atropello,desc_tipo_hecho,desc_pres_calzada,desc_senializacion,desc_separacion_via,desc_restriccion,forma_geocod,calle_lista,numero_calles,calles_osm,lat,lon,index_right,gid,fna,gna,nam,in1,fdc,sag
2013,12650,2013-11-11,Lunes,0.0,18:25:00,,0.0,2,"Moto/Ciclomotor,Peatón",Viamonte 7000,2,1,0,0,1,0,0,,Calle,,ROSARIO,Rosario,Asfalto,No existe,II,Dentro,Urbana,Marca Vial,No existe,Recta,Bueno,Buena,Diurna,Buen Tiempo,S/D,S/D,Atropello,Ninguna,Faltante,Cordón divisorio,Sin restricción,"-32.9568896, -60.7151156",['Viamonte 7000'],1,Viamonte 7000,-32.9568896,-60.7151156,55.0,538.0,Municipio Rosario,Municipio,Rosario,820210,Servicio de Catastro e Información Territorial,IGN
2013,12652,2013-11-26,Martes,0.0,17:30:00,,0.0,2,"Automóvil,Automóvil",Mendoza Y Campbell,2,1,0,0,1,0,0,,Avenida,,ROSARIO,Rosario,Asfalto,No existe,II,Dentro,Urbana,Semáforo,Funciona,Recta,Bueno,Buena,Diurna,Buen Tiempo,Lateral,S/D,Colisión,Ninguna,"Horizontal,Vertical",Cordón divisorio,Sin restricción,POINT (-60.707938850000005 -32.940105),"['Mendoza', 'Campbell']",2,Mendoza; Campbell,-32.940105,-60.707938850000005,55.0,538.0,Municipio Rosario,Municipio,Rosario,820210,Servicio de Catastro e Información Territorial,IGN
2013,12653,2013-11-25,Lunes,0.0,16:20:00,,0.0,2,"Automóvil,Moto/Ciclomotor",Colombia Y Marcos Paz,3,2,0,0,1,0,0,,Calle,,ROSARIO,Rosario,Asfalto,No existe,II,Dentro,Urbana,Ninguna,No existe,Recta,Bueno,Buena,Diurna,Buen Tiempo,Lateral,S/D,Colisión,Ninguna,Horizontal,S/D,Sin restricción,POINT (-60.7161728 -32.93915659999999),"['Colombia', 'Marcos Paz']",2,Colombia; Marcos Paz,-32.93915659999999,-60.7161728,55.0,538.0,Municipio Rosario,Municipio,Rosario,820210,Servicio de Catastro e Información Territorial,IGN
2013,12655,2013-11-16,Sabado,0.0,19:50:00,,0.0,2,"Moto/Ciclomotor,Automóvil",Av. Pellegrini 5900,2,1,0,0,1,0,0,,Avenida,,ROSARIO,Rosario,Asfalto,No existe,II,S/D,Urbana,Ninguna,No existe,Recta,Bueno,Buena,"Atardecer,Con luz artificial",Buen Tiempo,Lateral,S/D,Colisión,Ninguna,Vertical,Cordón divisorio,Sin restricción,"-32.9481787, -60.7028797",['Pellegrini 5900'],1,Pellegrini 5900,-32.9481787,-60.7028797,55.0,538.0,Municipio Rosario,Municipio,Rosario,820210,Servicio de Catastro e Información Territorial,IGN
2013,12656,2013-11-20,Miercoles,0.0,21:30:00,,0.0,2,"Automóvil,Moto/Ciclomotor",Rivarola Y Anderson,2,2,0,0,0,0,0,,Calle,,ROSARIO,Rosario,"Asfalto,Hormigón",Natural,II,S/D,Urbana,Ninguna,No existe,Intersección,Con baches,Reducida,Nocturna,Buen Tiempo,Lateral,S/D,Colisión,S/D,S/D,S/D,Sin restricción,POINT (-60.72145329999999 -32.966099400000004),"['Rivarola', 'Anderson']",2,Avenida Doctor Rivarola; Anderson,-32.966099400000004,-60.72145329999999,55.0,538.0,Municipio Rosario,Municipio,Rosario,820210,Servicio de Catastro e Información Territorial,IGN
2013,12657,2013-11-18,Lunes,0.0,14:30:00,,0.0,2,"Automóvil,Moto/Ciclomotor",Av. Eva Peron Y Ambrosetti,2,1,0,0,1,0,0,,Avenida,,ROSARIO,Rosario,Asfalto,No existe,II,Dentro,Urbana,S/D,No existe,Recta,Bueno,S/D,Diurna,S/D,S/D,S/D,Colisión,S/D,Vertical,Cordón divisorio,S/D,POINT (-60.73785945 -32.9285309),"['Avenida Eva Perón', 'Ambrosetti']",2,Avenida Eva Perón; Ambrosetti,-32.9285309,-60.73785945,55.0,538.0,Municipio Rosario,Municipio,Rosario,820210,Servicio de Catastro e Información Territorial,IGN
2013,12658,2013-11-14,Jueves,0.0,16:00:00,,0.0,2,"Moto/Ciclomotor,Automóvil",Av. Provincias Unidas Y Urquiza,2,1,0,0,1,0,0,,Avenida,,ROSARIO,Rosario,Asfalto,No existe,II,Dentro,Urbana,Paso Peatonal,No existe,Recta,Bueno,Buena,Diurna,Buen Tiempo,Lateral,S/D,Colisión,Ninguna,Horizontal,Cordón divisorio,Sin restricción,POINT (-60.71293324999999 -32.93344005),"['Avenida Provincias Unidas', 'Urquiza']",2,Avenida Provincias Unidas; Justo José de Urquiza,-32.93344005,-60.71293324999999,55.0,538.0,Municipio Rosario,Municipio,Rosario,820210,Servicio de Catastro e Información Territorial,IGN
2013,12659,2013-11-13,Miercoles,0.0,,,0.0,2,"Moto/Ciclomotor,Camión",Av. Ovidio Lagos Y Copacabana,3,1,0,0,2,0,0,,Avenida,,ROSARIO,Rosario,Asfalto,No existe,II,Dentro,Urbana,Marca Vial,No existe,Recta,Bueno,Buena,S/D,Buen Tiempo,Lateral,S/D,Colisión,S/D,S/D,Cordón divisorio,Sin restricción,POINT (-60.6816917 -33.028151099999995),"['Avenida Ovidio Lagos', 'Copacabana']",2,Avenida Ovidio Lagos; Copacabana,-33.028151099999995,-60.6816917,55.0,538.0,Municipio Rosario,Municipio,Rosario,820210,Servicio de Catastro e Información Territorial,IGN
2013,12661,2013-11-20,Miercoles,0.0,20:10:00,,0.0,2,"Automóvil,Moto/Ciclomotor",Mendoza Y Colombia,3,2,0,0,1,0,0,,Avenida,,ROSARIO,Rosario,Asfalto,No existe,II,Dentro,Urbana,Marca Vial,No existe,Intersección,Bueno,Buena,"Nocturna,Con luz artificial",Buen Tiempo,Lateral,S/D,Colisión,Ninguna,Faltante,Cordón divisorio,Sin restricción,POINT (-60.71610885 -32.94033145),"['Mendoza', 'Colombia']",2,Mendoza; Colombia,-32.94033145,-60.71610885,55.0,538.0,Municipio Rosario,Municipio,Rosario,820210,Servicio de Catastro e Información Territorial,IGN
2013,12662,2013-11-01,Viernes,0.0,13:00:00,,0.0,2,"Automóvil,Moto/Ciclomotor",Av. Provincias Unidas Y Rivarola,2,2,0,0,0,0,0,,Calle,,ROSARIO,Rosario,Asfalto,Natural,II,S/D,Urbana,Ninguna,No existe,Intersección,Con baches,Buena,Diurna,Buen Tiempo,Lateral,S/D,Colisión,S/D,S/D,S/D,Sin restricción,POINT (-60.71157050000001 -32.965788749999994),"['Avenida Provincias Unidas', 'Rivarola']",2,Avenida Provincias Unidas; Avenida Doctor Rivarola,-32.965788749999994,-60.71157050000001,55.0,538.0,Municipio Rosario,Municipio,Rosario,820210,Servicio de Catastro e Información Territorial,IGN
2013,12663,2013-11-14,Jueves,0.0,09:30:00,,0.0,2,"Automóvil,Moto/Ciclomotor",Av. Provincias Unidas Y Urquiza,2,1,0,0,1,0,0,,Avenida,,ROSARIO,Rosario,Asfalto,No existe,II,Dentro,Urbana,Ninguna,Funciona,Recta,Bueno,Buena,Diurna,Buen Tiempo,Lateral,S/D,Colisión,S/D,"Horizontal,Vertical",Cordón divisorio,Sin restricción,POINT (-60.71293324999999 -32.93344005),"['Avenida Provincias Unidas', 'Urquiza']",2,Avenida Provincias Unidas; Justo José de Urquiza,-32.93344005,-60.71293324999999,55.0,538.0,Municipio Rosario,Municipio,Rosario,820210,Servicio de Catastro e Información Territorial,IGN
2013,12664,2013-11-18,Lunes,0.0,,,0.0,2,"Moto/Ciclomotor,Automóvil",AV. OVIDIO LAGOS Y COLECTORA,2,1,0,0,1,0,0,,Avenida,,ROSARIO,Rosario,Asfalto,Natural,II,S/D,Urbana,Semáforo,Funciona,Recta,Deteriorada,Buena,S/D,Buen Tiempo,S/D,S/D,Colisión,S/D,S/D,Guardarrail,Sin restricción,POINT (-60.676798850000004 -33.0069795),"['Avenida Ovidio Lagos', 'Colectora']",2,"('Avenida Ovidio Lagos', 'Colectora Juan Pablo II')",-33.0069795,-60.67679885,55.0,538.0,Municipio Rosario,Municipio,Rosario,820210,Servicio de Catastro e Información Territorial,IGN
2013,12667,2013-11-18,Lunes,0.0,16:00:00,,0.0,2,"Automóvil,Moto/Ciclomotor",Av. Battle y Ordoñez Y Laprida,3,2,0,0,1,0,0,,Calle,,ROSARIO,Rosario,Asfalto,No existe,II,Dentro,Urbana,Semáforo,Funciona,Intersección,Bueno,Buena,Diurna,Buen Tiempo,Lateral,S/D,Colisión,S/D,Vertical,Cordón divisorio,Sin restricción,POINT (-60.64674879999999 -33.00887749999998),"['Avenida Battle y Ordoñez', 'Laprida']",2,Avenida Battle y Ordoñez; Francisco Narciso Laprida,-33.00887749999998,-60.64674879999999,55.0,538.0,Municipio Rosario,Municipio,Rosario,820210,Servicio de Catastro e Información Territorial,IGN
2013,12670,2013-11-15,Viernes,0.0,12:40:00,,0.0,2,"Pickup/Utilitario,Moto/Ciclomotor",Viamonte Y P.L.Funes,2,1,0,0,1,0,0,,Calle,,ROSARIO,Rosario,Asfalto,No existe,II,Dentro,Urbana,Ninguna,No existe,Recta,Bueno,Buena,Diurna,Buen Tiempo,Lateral,S/D,Colisión,S/D,Faltante,Cordón divisorio,Sin restricción,POINT (-60.7005144 -32.9566154),"['Viamonte', 'Funes']",2,Viamonte; Deán Gregorio Funes,-32.9566154,-60.7005144,55.0,538.0,Municipio Rosario,Municipio,Rosario,820210,Servicio de Catastro e Información Territorial,IGN
2013,12672,2013-11-16,Sabado,0.0,01:05:00,,0.0,2,"Moto/Ciclomotor,Moto/Ciclomotor",Av. Arijon Y Pte.Roca,3,1,0,0,2,0,0,,Calle,,ROSARIO,Rosario,Asfalto,No existe,II,Dentro,Urbana,S/D,S/D,Intersección,Bueno,Buena,"Nocturna,Con luz artificial",Buen Tiempo,Lateral,S/D,Colisión,S/D,S/D,Cordón divisorio,S/D,POINT (-60.65627085 -33.003274499999996),"['Avenida Manuel Arijón', 'Roca']",2,Avenida Manuel Arijón; Presidente Roca,-33.0032745,-60.65627085,55.0,538.0,Municipio Rosario,Municipio,Rosario,820210,Servicio de Catastro e Información Territorial,IGN
2013,12676,2013-11-12,Martes,0.0,16:20:00,,0.0,2,"Moto/Ciclomotor,Peatón",Mendoza Y Ecuador,2,1,0,0,1,0,0,,Avenida,,ROSARIO,Rosario,Asfalto,No existe,II,Dentro,Urbana,Ninguna,No existe,Recta,Bueno,Buena,Diurna,Buen Tiempo,S/D,S/D,Atropello,S/D,Vertical,Cordón divisorio,Sin restricción,POINT (-60.71499095 -32.9402982),"['Mendoza', 'Ecuador']",2,Mendoza; Ecuador,-32.9402982,-60.71499095,55.0,538.0,Municipio Rosario,Municipio,Rosario,820210,Servicio de Catastro e Información Territorial,IGN
2013,12678,2013-11-15,Viernes,0.0,05:35:00,,0.0,2,"Bicicleta,Otros",Av. Battle y Ordoñez Y Buenos Aires,2,1,0,0,1,0,0,,Avenida,,ROSARIO,Rosario,Asfalto,No existe,II,Dentro,Urbana,Marca Vial,No existe,Intersección,Bueno,Buena,S/D,Buen Tiempo,Lateral,S/D,Atropello,S/D,Horizontal,Cordón divisorio,Sin restricción,POINT (-60.6446941 -33.00881379999999),"['Avenida Battle y Ordoñez', 'Buenos Aires']",2,Avenida Battle y Ordoñez; Buenos Aires,-33.00881379999999,-60.6446941,55.0,538.0,Municipio Rosario,Municipio,Rosario,820210,Servicio de Catastro e Información Territorial,IGN
2013,12681,2013-11-09,Sabado,0.0,22:00:00,,0.0,2,"Moto/Ciclomotor,Automóvil",Av. Arijon Y Dorrego,2,1,0,0,1,0,0,,Calle,,ROSARIO,Rosario,Asfalto,S/D,II,Dentro,Urbana,S/D,S/D,S/D,S/D,S/D,Nocturna,S/D,S/D,S/D,Colisión,S/D,S/D,S/D,S/D,POINT (-60.660499800000004 -33.003405999999984),"['Avenida Manuel Arijón', 'Dorrego']",2,Avenida Manuel Arijón; Manuel Dorrego,-33.003405999999984,-60.6604998,55.0,538.0,Municipio Rosario,Municipio,Rosario,820210,Servicio de Catastro e Información Territorial,IGN
2013,12682,2013-11-12,Martes,0.0,20:05:00,,0.0,2,"Moto/Ciclomotor,Otros",San Martin 6300,3,2,0,0,1,0,0,,Avenida,,ROSARIO,Rosario,Asfalto,No existe,II,Dentro,Urbana,Marca Vial,No existe,Recta,Bueno,Buena,"Nocturna,Con luz artificial",Buen Tiempo,Lateral,S/D,Colisión,S/D,Horizontal,Cordón divisorio,Sin restricción,"-32.9764777, -60.6372639",['San Martin 6300'],1,San Martin 6300,-32.9764777,-60.6372639,55.0,538.0,Municipio Rosario,Municipio,Rosario,820210,Servicio de Catastro e Información Territorial,IGN
2013,12683,2013-11-24,Domingo,0.0,23:50:00,,0.0,2,"Moto/Ciclomotor,Automóvil",Dr.Rivas Y Roullon,2,1,0,0,1,0,0,,S/D,,ROSARIO,Rosario,Asfalto,No existe,II,Dentro,Urbana,S/D,S/D,Intersección,Otro,S/D,Nocturna,S/D,Lateral,S/D,Colisión,Otro,S/D,Ninguna,Sin restricción,POINT (-60.7008833 -32.975646649999995),"['Doctor Francisco Riva', 'Alfredo Rouillón']",2,Doctor Francisco Riva; Alfredo Rouillón,-32.975646649999995,-60.7008833,55.0,538.0,Municipio Rosario,Municipio,Rosario,820210,Servicio de Catastro e Información Territorial,IGN
2013,12684,2013-11-15,Viernes,0.0,23:20:00,,0.0,2,"Automóvil,Moto/Ciclomotor",Av. Ntra.Sra.del Rosario ,2,1,0,0,1,0,0,,Avenida,,ROSARIO,Rosario,S/D,S/D,II,Dentro,Urbana,S/D,S/D,S/D,S/D,S/D,Nocturna,S/D,S/D,S/D,Colisión,S/D,S/D,S/D,S/D,"-32.9979308, -60.620699",['Nuestra Señora del Rosario'],1,Nuestra Señora del Rosario,-32.9979308,-60.620699,55.0,538.0,Municipio Rosario,Municipio,Rosario,820210,Servicio de Catastro e Información Territorial,IGN
2013,12685,2013-11-24,Domingo,0.0,03:55:00,,0.0,2,"Moto/Ciclomotor,Automóvil",J.B.Justo Y Acevedo Bis,5,0,1,0,4,0,0,,Calle,,ROSARIO,Rosario,Asfalto,S/D,II,Dentro,Urbana,S/D,S/D,Recta,S/D,S/D,Nocturna,S/D,S/D,S/D,Colisión,S/D,S/D,S/D,S/D,POINT (-60.74913360000001 -32.91588899999999),"['Justo', 'Acevedo']",2,Justo José de Urquiza; Manuel Acevedo,-32.91588899999999,-60.74913360000001,55.0,538.0,Municipio Rosario,Municipio,Rosario,820210,Servicio de Catastro e Información Territorial,IGN
2013,12686,2013-11-20,Miercoles,0.0,19:40:00,,0.0,2,"Moto/Ciclomotor,Automóvil",Gorriti Y Larrea,2,0,1,0,1,0,0,,S/D,,ROSARIO,Rosario,Asfalto,No existe,II,S/D,S/D,S/D,No existe,Intersección,Bueno,Buena,Atardecer,S/D,S/D,S/D,S/D,Ninguna,Faltante,S/D,S/D,POINT (-60.6978938 -32.9239418),"['Gorriti', 'Larrea']",2,Gorriti; Larrea,-32.9239418,-60.6978938,55.0,538.0,Municipio Rosario,Municipio,Rosario,820210,Servicio de Catastro e Información Territorial,IGN
2013,12687,2013-11-25,Lunes,0.0,23:45:00,,0.0,2,"Taxi/Remis,Automóvil",Cordoba Y Matienzo,2,1,0,0,1,0,0,,S/D,,ROSARIO,Rosario,Asfalto,No existe,II,Dentro,Urbana,Semáforo,Funciona,Intersección,Bueno,Buena,Nocturna,Buen Tiempo,Lateral,S/D,Colisión,Ninguna,Vertical,Cordón divisorio,Sin restricción,POINT (-60.693881399999995 -32.96057929999999),"['Córdoba', 'Matienzo']",2,Córdoba; Benjamín Matienzo,-32.96057929999999,-60.6938814,55.0,538.0,Municipio Rosario,Municipio,Rosario,820210,Servicio de Catastro e Información Territorial,IGN
2013,12688,2013-11-13,Miercoles,0.0,14:30:00,,0.0,2,"Automóvil,Automóvil",Mariano Moreno Y J.M.Gutierrez,2,1,0,0,1,0,0,,Calle,,ROSARIO,Rosario,Asfalto,Pavimento,II,Dentro,Urbana,S/D,S/D,Intersección,S/D,Buena,Diurna,S/D,S/D,S/D,Colisión,S/D,S/D,S/D,S/D,POINT (-60.662316000000004 -32.9944295),"['Mariano Moreno', 'Gutierrez']",2,Mariano Moreno; Ricardo Gutierrez,-32.9944295,-60.662316,55.0,538.0,Municipio Rosario,Municipio,Rosario,820210,Servicio de Catastro e Información Territorial,IGN
2013,12690,2013-11-29,Viernes,0.0,14:00:00,,0.0,2,"Automóvil,Moto/Ciclomotor",Liniers A Y Marcos Paz,2,1,0,0,1,0,0,,Calle,,ROSARIO,Rosario,Asfalto,No existe,II,Dentro,Urbana,Ninguna,No existe,Intersección,Bueno,Buena,Diurna,Buen Tiempo,Lateral,S/D,Colisión,Ninguna,Horizontal,Cordón divisorio,Sin restricción,POINT (-60.6986061 -32.93868419999998),"['Liniers', 'Marcos Paz']",2,Liniers; Marcos Paz,-32.93868419999998,-60.6986061,55.0,538.0,Municipio Rosario,Municipio,Rosario,820210,Servicio de Catastro e Información Territorial,IGN
2013,12692,2013-11-05,Martes,0.0,07:20:00,,0.0,2,"Automóvil,Peatón",Mendoza Y Tte.Agneta,2,1,0,0,1,0,0,,Avenida,,ROSARIO,Rosario,Asfalto,No existe,II,Dentro,Urbana,Semáforo,Funciona,Intersección,Bueno,Buena,Amanecer,Buen Tiempo,S/D,S/D,Atropello,Ninguna,Vertical,Cordón divisorio,Sin restricción,POINT (-60.6998065 -32.94075749999999),"['Mendoza', 'Teniente Agneta']",2,Mendoza; Teniente Agneta,-32.94075749999999,-60.6998065,55.0,538.0,Municipio Rosario,Municipio,Rosario,820210,Servicio de Catastro e Información Territorial,IGN
2013,12693,2013-11-11,Lunes,0.0,11:30:00,,0.0,2,"Pickup/Utilitario,Moto/Ciclomotor",Colombia Y Cerrito,2,1,0,0,1,0,0,,S/D,,ROSARIO,Rosario,Asfalto,No existe,II,Dentro,Urbana,Ninguna,No existe,Intersección,Bueno,Buena,Diurna,Buen Tiempo,Lateral,S/D,Colisión,Ninguna,Horizontal,Cordón divisorio,Sin restricción,POINT (-60.71559119999999 -32.953429199999995),"['Colombia', 'Cerrito']",2,Colombia; Cerrito,-32.953429199999995,-60.71559119999999,55.0,538.0,Municipio Rosario,Municipio,Rosario,820210,Servicio de Catastro e Información Territorial,IGN
2013,12695,2013-11-04,Lunes,0.0,11:50:00,,0.0,2,"Peatón,Transporte de Pasajeros Urbano (> 8 asientos)",Av. Pellegrini Y Camilo Aldao,2,1,0,0,1,0,0,,Avenida,,ROSARIO,Rosario,Asfalto,No existe,II,Dentro,Urbana,Paso Peatonal,No existe,Recta,Bueno,Buena,Diurna,Buen Tiempo,S/D,S/D,Atropello,Ninguna,Horizontal,Cordón divisorio,Sin restricción,POINT (-60.6956263 -32.948147999999996),"['Pellegrini', 'Camilo Aldao']",2,Avenida Carlos Pellegrini; Camilo Aldao,-32.948148,-60.6956263,55.0,538.0,Municipio Rosario,Municipio,Rosario,820210,Servicio de Catastro e Información Territorial,IGN
2013,12696,2013-11-15,Viernes,0.0,20:30:00,,0.0,2,"Moto/Ciclomotor,Automóvil",Gorriti Y Garzon,2,1,0,0,1,0,0,,Calle,,ROSARIO,Rosario,Asfalto,No existe,II,S/D,Urbana,S/D,S/D,Intersección,Bueno,Buena,Nocturna,S/D,S/D,S/D,S/D,Otro,Faltante,S/D,S/D,POINT (-60.70633589999999 -32.9241748),"['Gorriti', 'Garzón']",2,Gorriti; Garzón,-32.9241748,-60.70633589999999,55.0,538.0,Municipio Rosario,Municipio,Rosario,820210,Servicio de Catastro e Información Territorial,IGN
2013,12697,2013-11-02,Sabado,0.0,18:45:00,,0.0,2,"Peatón,Moto/Ciclomotor",Castellanos Y Bv. Segui,2,1,0,0,1,0,0,,Calle,,ROSARIO,Rosario,Asfalto,Pavimento,II,Dentro,Urbana,Ninguna,No existe,Intersección,Bueno,Buena,Atardecer,Buen Tiempo,Frontal,S/D,Atropello,S/D,Faltante,Barrera de hormigón,Sin restricción,POINT (-60.6832904 -32.972482649999996),"['Aaron Castellanos', 'Bulevar Juan Francisco Seguí']",2,Aaron Castellanos; Bulevar Juan Francisco Seguí,-32.97248265,-60.6832904,55.0,538.0,Municipio Rosario,Municipio,Rosario,820210,Servicio de Catastro e Información Territorial,IGN
2013,12698,2013-11-05,Martes,0.0,12:50:00,,0.0,2,"Automóvil,Moto/Ciclomotor",Av. Provincias Unidas Y Ituzaingo,2,1,0,0,1,0,0,,Avenida,,ROSARIO,Rosario,Asfalto,No existe,II,Dentro,Urbana,Ninguna,No existe,Recta,Bueno,Buena,Diurna,Buen Tiempo,Lateral,S/D,Colisión,Ninguna,Horizontal,Cordón divisorio,Sin restricción,POINT (-60.712099249999994 -32.95218625),"['Avenida Provincias Unidas', 'Ituzaingó']",2,Avenida Provincias Unidas; Ituzaingó,-32.95218625,-60.71209925,55.0,538.0,Municipio Rosario,Municipio,Rosario,820210,Servicio de Catastro e Información Territorial,IGN
2013,12699,2013-11-04,Lunes,0.0,20:30:00,,0.0,2,"Moto/Ciclomotor,Automóvil",Lamadrid Y Balcarce,2,1,0,0,1,0,0,,Calle,,ROSARIO,Rosario,Asfalto,S/D,II,Dentro,Urbana,S/D,S/D,Intersección,S/D,S/D,Atardecer,S/D,S/D,S/D,Colisión,S/D,S/D,S/D,S/D,POINT (-60.663541 -32.997564),"['Lamadrid', 'Balcarce']",2,Gregorio Aráoz de Lamadrid; Balcarce,-32.997564,-60.663541,55.0,538.0,Municipio Rosario,Municipio,Rosario,820210,Servicio de Catastro e Información Territorial,IGN
2013,12700,2013-11-04,Lunes,0.0,16:35:00,,0.0,2,"Automóvil,Automóvil",Guatemala Y Ituzaingo,2,1,0,0,1,0,0,,S/D,,ROSARIO,Rosario,Asfalto,No existe,II,Dentro,Urbana,Ninguna,No existe,Intersección,Bueno,Buena,Diurna,Buen Tiempo,Lateral,S/D,Colisión,Ninguna,Horizontal,Cordón divisorio,Sin restricción,POINT (-60.71677820000001 -32.95230799999999),"['Guatemala', 'Ituzaingó']",2,Guatemala; Ituzaingó,-32.95230799999999,-60.71677820000001,55.0,538.0,Municipio Rosario,Municipio,Rosario,820210,Servicio de Catastro e Información Territorial,IGN
2013,12701,2013-11-03,Domingo,0.0,01:45:00,,0.0,2,"Automóvil,Moto/Ciclomotor",Bv. Segui 3400,4,2,0,0,2,0,0,,Calle,,ROSARIO,Rosario,Asfalto,No existe,II,Dentro,Urbana,Semáforo,Funciona,Recta,Bueno,Buena,Nocturna,Buen Tiempo,S/D,S/D,Colisión,S/D,Faltante,Barrera de hormigón,Sin restricción,"-32.9733248, -60.6776816",['Bulevar Juan Francisco Seguí 3400'],1,Bulevar Juan Francisco Seguí 3400,-32.9733248,-60.6776816,55.0,538.0,Municipio Rosario,Municipio,Rosario,820210,Servicio de Catastro e Información Territorial,IGN
2013,12702,2013-11-01,Viernes,0.0,11:50:00,,0.0,2,"Moto/Ciclomotor,Automóvil",Lavalle Y Pje. Pampero,3,2,0,0,1,0,0,,Calle,,ROSARIO,Rosario,Tierra,No existe,II,Dentro,Urbana,Ninguna,No existe,Intersección,Deteriorada,Buena,Diurna,Buen Tiempo,S/D,S/D,Colisión,Ninguna,Faltante,Ninguna,Sin restricción,POINT (-60.68472160000001 -32.9668736),"['Lavalle', 'Pampero']",2,Lavalle; Pampero,-32.9668736,-60.68472160000001,55.0,538.0,Municipio Rosario,Municipio,Rosario,820210,Servicio de Catastro e Información Territorial,IGN
2013,12703,2013-11-24,Domingo,0.0,22:00:00,,0.0,2,"Automóvil,Peatón",Madre Cabrini C 2764 ,2,1,0,0,1,0,0,,Calle,,ROSARIO,Rosario,S/D,Pavimento,II,Dentro,Urbana,S/D,S/D,Otro,S/D,S/D,Nocturna,S/D,S/D,S/D,Atropello,S/D,S/D,S/D,S/D,"-33.0052299, -60.6560705",['Madre Cabrini C 2764'],1,Madre Cabrini C 2764,-33.0052299,-60.6560705,55.0,538.0,Municipio Rosario,Municipio,Rosario,820210,Servicio de Catastro e Información Territorial,IGN
2013,12704,2013-11-09,Sabado,0.0,21:50:00,,0.0,2,"Moto/Ciclomotor,Automóvil",Av. Provincias Unidas Y Santa Fe,2,1,0,0,1,0,0,,Avenida,,ROSARIO,Rosario,Asfalto,No existe,II,Dentro,Urbana,Ninguna,No existe,Recta,Bueno,Reducida,Nocturna,Buen Tiempo,Lateral,S/D,Colisión,Ninguna,Faltante,Cordón divisorio,Sin restricción,POINT (-60.71282755 -32.93571179999999),"['Avenida Provincias Unidas', 'Santa Fe']",2,Avenida Provincias Unidas; Santa Fe,-32.93571179999999,-60.71282755,55.0,538.0,Municipio Rosario,Municipio,Rosario,820210,Servicio de Catastro e Información Territorial,IGN
2013,12705,2013-11-02,Sabado,0.0,12:45:00,,0.0,2,"Moto/Ciclomotor,Automóvil",Iriondo Y Bv. Segui,2,1,0,0,1,0,0,,Avenida,,ROSARIO,Rosario,Asfalto,No existe,VII,S/D,Urbana,Ninguna,No existe,Intersección,Bueno,Buena,Diurna,Buen Tiempo,Lateral,S/D,Colisión,Ninguna,Faltante,Cordón divisorio,Sin restricción,POINT (-60.67784519999999 -32.973457749999994),"['Iriondo', 'Bulevar Juan Francisco Seguí']",2,Iriondo; Bulevar Juan Francisco Seguí,-32.973457749999994,-60.67784519999999,55.0,538.0,Municipio Rosario,Municipio,Rosario,820210,Servicio de Catastro e Información Territorial,IGN
2013,12706,2013-11-04,Lunes,0.0,19:00:00,,0.0,2,"Peatón,Automóvil",Biedma Y Suipacha,2,1,0,0,1,0,0,,Calle,,ROSARIO,Rosario,Asfalto,No existe,II,Dentro,Urbana,Ninguna,No existe,Intersección,Deteriorada,Buena,Atardecer,Buen Tiempo,Frontal,S/D,Atropello,S/D,Faltante,Ninguna,Sin restricción,POINT (-60.6729792 -32.9767231),"['Coronel Biedma', 'Suipacha']",2,Coronel Biedma; Suipacha,-32.9767231,-60.6729792,55.0,538.0,Municipio Rosario,Municipio,Rosario,820210,Servicio de Catastro e Información Territorial,IGN
2013,12707,2013-11-07,Jueves,0.0,22:00:00,,0.0,2,"Moto/Ciclomotor,Moto/Ciclomotor",Av. Eva Peron 5800,2,1,0,0,1,0,0,,Avenida,,ROSARIO,Rosario,Asfalto,No existe,II,Dentro,Urbana,Ninguna,Funciona,Recta,Bueno,Reducida,Nocturna,Buen Tiempo,S/D,S/D,Caída ocupante,Ninguna,"Horizontal,Vertical",Cordón divisorio,Sin restricción,"-32.9313892, -60.7220589",['Eva Peron 5800'],1,Eva Peron 5800,-32.9313892,-60.7220589,55.0,538.0,Municipio Rosario,Municipio,Rosario,820210,Servicio de Catastro e Información Territorial,IGN