anio_acci,nro_acci,fecha,desc_dia,fecha_aprox,hora_aprox,desc_ruta,km,cant_participantes,desc_participante,calle_avenida_km,total,heridos_leves,heridos_graves,heridos_gravisimos,ilesos,fallecidos,sin_datos,posicion_XY,desc_tipo_via,desc_ruta_ori,desc_loc,desc_dpto,desc_tipo_calzada,desc_tipo_banquina,desc_unidad_regional,desc_lugar_calzada,desc_zona,desc_prioridad,desc_estado_semaforo,desc_lugar_via,desc_estado_via,desc_estado_visibilidad,desc_luminosidad,desc_estado_clima,desc_tipo_colision,desc_tipo_atropello,desc_tipo_hecho,desc_pres_calzada,desc_senializacion,desc_separacion_via,desc_restriccion,forma_geocod,calle_lista,numero_calles,calles_osm,lat,lon,index_right,gid,fna,gna,nam,in1,fdc,sag
2013,12709,2013-11-15,Viernes,0.0,18:00:00,,0.0,2,"Moto/Ciclomotor,Automóvil",Cazadores Y Pje. B.Suarez,2,1,0,0,1,0,0,,Calle,,ROSARIO,Rosario,Asfalto,Pavimento,II,Dentro,Urbana,S/D,S/D,S/D,S/D,Buena,Atardecer,S/D,S/D,S/D,Colisión,S/D,S/D,S/D,S/D,POINT (-60.6624598 -33.00443659999999),"['Cazadores', 'Suarez']",2,Cazadores; Manuel Suárez,-33.00443659999999,-60.6624598,55.0,538.0,Municipio Rosario,Municipio,Rosario,820210,Servicio de Catastro e Información Territorial,IGN
2013,12710,2013-11-22,Viernes,0.0,19:30:00,,0.0,2,"Moto/Ciclomotor,Automóvil",Av. Ntra.Sra.del Rosario Y Santiago,3,2,0,0,1,0,0,,Avenida,,ROSARIO,Rosario,Asfalto,S/D,II,Dentro,Urbana,S/D,S/D,Recta,Bueno,Buena,Atardecer,Buen Tiempo,Lateral,S/D,Colisión,S/D,S/D,S/D,S/D,POINT (-60.6677458 -33.00066499999999),"['Nuestra Señora del Rosario', 'Santiago']",2,Puente Nuestra Señora del Rosario; Santiago,-33.00066499999999,-60.6677458,55.0,538.0,Municipio Rosario,Municipio,Rosario,820210,Servicio de Catastro e Información Territorial,IGN
2013,12713,2013-11-05,Martes,0.0,10:00:00,,0.0,2,"Moto/Ciclomotor,Automóvil",Iriondo Y Pte.Quintana,3,1,0,0,2,0,0,,Calle,,ROSARIO,Rosario,Asfalto,No existe,II,Dentro,Urbana,Ninguna,No existe,Intersección,Deteriorada,Buena,Diurna,Buen Tiempo,S/D,S/D,Colisión,S/D,Faltante,Ninguna,Sin restricción,POINT (-60.67871530000001 -32.97690539999999),"['Iriondo', 'Quintana']",2,"('Iriondo', 'Presidente Quintana')",-32.97690539999999,-60.67871530000001,55.0,538.0,Municipio Rosario,Municipio,Rosario,820210,Servicio de Catastro e Información Territorial,IGN
2013,12715,2013-11-12,Martes,0.0,22:55:00,,0.0,2,"Moto/Ciclomotor,Automóvil",San Lorenzo Y Av. Provincias Unidas,3,2,0,0,1,0,0,,Calle,,ROSARIO,Rosario,Asfalto,No existe,II,Dentro,Urbana,Semáforo,Funciona,Recta,Bueno,Reducida,Nocturna,Buen Tiempo,Lateral,S/D,Colisión,Ninguna,Vertical,Cordón divisorio,Sin restricción,POINT (-60.71288325 -32.934510450000005),"['San Lorenzo', 'Avenida Provincias Unidas']",2,San Lorenzo; Avenida Provincias Unidas,-32.934510450000005,-60.71288325,55.0,538.0,Municipio Rosario,Municipio,Rosario,820210,Servicio de Catastro e Información Territorial,IGN
2013,12716,2013-11-06,Miercoles,0.0,18:40:00,,0.0,2,"Automóvil,Moto/Ciclomotor",Av. Provincias Unidas Y Pje. Bianchi,2,1,0,0,1,0,0,,Avenida,,ROSARIO,Rosario,Asfalto,No existe,II,Dentro,Urbana,Paso Peatonal,No existe,Recta,Bueno,Buena,Diurna,Buen Tiempo,Lateral,S/D,Colisión,Ninguna,Horizontal,Cordón divisorio,Sin restricción,POINT (-60.71246190000001 -32.9451163),"['Avenida Provincias Unidas', 'Bianchi']",2,Avenida Provincias Unidas; Bianchi,-32.9451163,-60.71246190000001,55.0,538.0,Municipio Rosario,Municipio,Rosario,820210,Servicio de Catastro e Información Territorial,IGN
2013,12717,2013-11-02,Sabado,0.0,16:45:00,,0.0,2,"Moto/Ciclomotor,Automóvil",Av. Provincias Unidas Y Neuquen,2,1,0,0,1,0,0,,Avenida,,ROSARIO,Rosario,Asfalto,No existe,II,Dentro,Urbana,Ninguna,No existe,Recta,Bueno,Buena,Diurna,Buen Tiempo,Lateral,S/D,Colisión,Ninguna,Horizontal,Cordón divisorio,Sin restricción,POINT (-60.71241810000001 -32.944582350000005),"['Avenida Provincias Unidas', 'Neuquen']",2,Avenida Provincias Unidas; Neuquén,-32.944582350000005,-60.71241810000001,55.0,538.0,Municipio Rosario,Municipio,Rosario,820210,Servicio de Catastro e Información Territorial,IGN
2013,12718,2013-11-01,Viernes,0.0,15:00:00,,0.0,2,"Moto/Ciclomotor,Automóvil",Forest Y Bolivia,2,1,0,0,1,0,0,,Calle,,ROSARIO,Rosario,Asfalto,No existe,II,Dentro,Urbana,Marca Vial,No existe,Intersección,Bueno,Buena,Diurna,Buen Tiempo,Lateral,S/D,Colisión,Ninguna,Faltante,Cordón divisorio,Sin restricción,POINT (-60.7136768 -32.94355790000001),"['Carlos Forest', 'Bolivia']",2,Carlos Forest; Bolivia,-32.94355790000001,-60.7136768,55.0,538.0,Municipio Rosario,Municipio,Rosario,820210,Servicio de Catastro e Información Territorial,IGN
2013,13019,2013-12-04,Miercoles,0.0,18:30:00,,0.0,2,"Automóvil,Automóvil",Laprida Y Bv. Segui,2,2,0,0,0,0,0,,Calle,,ROSARIO,Rosario,Asfalto,No existe,II,Dentro,Urbana,Marca Vial,No existe,Intersección,Bueno,Buena,Diurna,Buen Tiempo,Lateral,S/D,Colisión,S/D,Vertical,Línea divisoria pintada,Sin restricción,POINT (-60.64243230000001 -32.97979135),"['Laprida', 'Bulevar Juan Francisco Seguí']",2,Francisco Narciso Laprida; Bulevar Juan Francisco Seguí,-32.97979135,-60.64243230000001,55.0,538.0,Municipio Rosario,Municipio,Rosario,820210,Servicio de Catastro e Información Territorial,IGN
2013,13027,2013-12-15,Domingo,0.0,09:00:00,,0.0,2,"Moto/Ciclomotor,Automóvil",Bv. Avellaneda Y Bv. Segui,2,1,0,0,1,0,0,,Avenida,,ROSARIO,Rosario,Asfalto,No existe,II,Dentro,Urbana,Semáforo,Funciona,Intersección,Bueno,Buena,Diurna,Buen Tiempo,Lateral,S/D,Colisión,S/D,S/D,Línea divisoria pintada,Sin restricción,POINT (-60.6873526625 -32.9717476875),"['Avellaneda', 'Bulevar Juan Francisco Seguí']",2,Bulevar Nicolás Avellaneda; Bulevar Juan Francisco Seguí,-32.9717476875,-60.6873526625,55.0,538.0,Municipio Rosario,Municipio,Rosario,820210,Servicio de Catastro e Información Territorial,IGN
2013,13029,2013-12-04,Miercoles,0.0,13:00:00,,0.0,2,"Moto/Ciclomotor,Automóvil",Maipu Y Saavedra,2,1,0,0,1,0,0,,Calle,,ROSARIO,Rosario,Asfalto,No existe,II,Dentro,Urbana,Marca Vial,No existe,Intersección,Bueno,Buena,Diurna,Buen Tiempo,Lateral,S/D,Colisión,S/D,Vertical,Línea divisoria pintada,Sin restricción,POINT (-60.6433538 -32.97843379999999),"['Maipú', 'Saavedra']",2,Maipú; Saavedra,-32.97843379999999,-60.6433538,55.0,538.0,Municipio Rosario,Municipio,Rosario,820210,Servicio de Catastro e Información Territorial,IGN
2013,13032,2013-12-14,Sabado,0.0,09:00:00,,0.0,2,"Moto/Ciclomotor,Automóvil",Av. Ovidio Lagos Y Av. Arijon,2,1,0,0,1,0,0,,Avenida,,ROSARIO,Rosario,Asfalto,No existe,II,Dentro,Urbana,Semáforo,Funciona,Intersección,Bueno,Buena,Diurna,Buen Tiempo,Lateral,S/D,Colisión,S/D,Vertical,Línea divisoria pintada,Sin restricción,POINT (-60.6761369 -33.0038701),"['Avenida Ovidio Lagos', 'Avenida Manuel Arijón']",2,Avenida Ovidio Lagos; Avenida Manuel Arijón,-33.0038701,-60.6761369,55.0,538.0,Municipio Rosario,Municipio,Rosario,820210,Servicio de Catastro e Información Territorial,IGN
2013,13036,2013-12-03,Martes,0.0,16:30:00,,0.0,2,"Moto/Ciclomotor,Automóvil",L.N.Alem Y Dean Funes,3,2,0,0,1,0,0,,Calle,,ROSARIO,Rosario,Asfalto,No existe,II,Dentro,Urbana,Marca Vial,No existe,Intersección,Bueno,Buena,Amanecer,Buen Tiempo,Lateral,S/D,Colisión,S/D,Vertical,Línea divisoria pintada,Sin restricción,POINT (-60.6356395 -32.97742120000001),"['Alem', 'Deán Gregorio Funes']",2,Leandro N. Alem; Deán Gregorio Funes,-32.97742120000001,-60.6356395,55.0,538.0,Municipio Rosario,Municipio,Rosario,820210,Servicio de Catastro e Información Territorial,IGN
2013,13039,2013-12-14,Sabado,0.0,09:00:00,,0.0,2,"Moto/Ciclomotor,Automóvil",Av. Pellegrini Y Entre Rios,2,1,0,0,1,0,0,,Avenida,,ROSARIO,Rosario,Asfalto,No existe,II,Dentro,Urbana,Semáforo,Funciona,Intersección,Bueno,Buena,Diurna,Buen Tiempo,Lateral,S/D,Colisión,S/D,Vertical,Línea divisoria pintada,Sin restricción,POINT (-60.6436612 -32.95680645),"['Pellegrini', 'Entre Ríos']",2,Avenida Carlos Pellegrini; Entre Ríos,-32.95680645,-60.6436612,55.0,538.0,Municipio Rosario,Municipio,Rosario,820210,Servicio de Catastro e Información Territorial,IGN
2013,13041,2013-12-28,Sabado,0.0,18:45:00,,0.0,2,"Moto/Ciclomotor,Automóvil",Pte.Quintana Y Chacabuco,3,2,0,0,1,0,0,,Calle,,ROSARIO,Rosario,Asfalto,No existe,II,Dentro,Urbana,Marca Vial,No existe,Intersección,Bueno,Buena,Atardecer,Buen Tiempo,Lateral,S/D,Colisión,S/D,Vertical,Línea divisoria pintada,Sin restricción,POINT (-60.6318609 -32.985268299999994),"['Quintana', 'Chacabuco']",2,Presidente Quintana; Chacabuco,-32.985268299999994,-60.6318609,55.0,538.0,Municipio Rosario,Municipio,Rosario,820210,Servicio de Catastro e Información Territorial,IGN
2013,13042,2013-12-13,Viernes,0.0,16:40:00,,0.0,2,"Moto/Ciclomotor,Automóvil",Colon Y Galvez,3,2,0,0,1,0,0,,Calle,,ROSARIO,Rosario,Asfalto,No existe,II,Dentro,Urbana,Marca Vial,No existe,Intersección,Bueno,Buena,Atardecer,Buen Tiempo,Lateral,S/D,Colisión,Ninguna,Vertical,Línea divisoria pintada,Sin restricción,POINT (-60.6311573 -32.97101279999999),"['Colon', 'Galvez']",2,Cristóbal Colón; José Gálvez,-32.97101279999999,-60.6311573,55.0,538.0,Municipio Rosario,Municipio,Rosario,820210,Servicio de Catastro e Información Territorial,IGN
2013,13043,2013-12-13,Viernes,0.0,09:00:00,,0.0,2,"Moto/Ciclomotor,Automóvil",Buenos Aires Y Ayolas,2,1,0,0,1,0,0,,Calle,,ROSARIO,Rosario,Asfalto,No existe,II,Dentro,Urbana,Marca Vial,No existe,Intersección,Bueno,Buena,Diurna,Buen Tiempo,Lateral,S/D,Colisión,Ninguna,Vertical,Línea divisoria pintada,Sin restricción,POINT (-60.64034620000001 -32.9777879),"['Buenos Aires', 'Ayolas']",2,Buenos Aires; Ayolas,-32.9777879,-60.64034620000001,55.0,538.0,Municipio Rosario,Municipio,Rosario,820210,Servicio de Catastro e Información Territorial,IGN
2013,13045,2013-12-25,Miercoles,0.0,09:00:00,,0.0,2,"Moto/Ciclomotor,Automóvil",Buenos Aires ,3,2,0,0,1,0,0,,Calle,,ROSARIO,Rosario,Asfalto,No existe,II,Dentro,Urbana,Marca Vial,No existe,Intersección,Bueno,Buena,Diurna,Buen Tiempo,Lateral,S/D,Colisión,S/D,Vertical,Línea divisoria pintada,Sin restricción,"-32.9455116, -60.6321604",['Buenos Aires'],1,Buenos Aires,-32.9455116,-60.6321604,55.0,538.0,Municipio Rosario,Municipio,Rosario,820210,Servicio de Catastro e Información Territorial,IGN
2013,13047,2013-12-03,Martes,0.0,13:30:00,,0.0,2,"Moto/Ciclomotor,Automóvil",Colon Y Pje. Falcon,2,1,0,0,1,0,0,,Calle,,ROSARIO,Rosario,Asfalto,No existe,II,Dentro,Urbana,Marca Vial,No existe,Intersección,Bueno,Buena,Diurna,Buen Tiempo,Lateral,S/D,Colisión,S/D,Vertical,Línea divisoria pintada,Sin restricción,POINT (-60.6318739 -32.9738926),"['Colon', 'Biblioteca Vigil']",2,Cristóbal Colón; Biblioteca Vigil,-32.9738926,-60.6318739,55.0,538.0,Municipio Rosario,Municipio,Rosario,820210,Servicio de Catastro e Información Territorial,IGN
2013,13048,2013-12-11,Miercoles,0.0,21:00:00,,0.0,2,"Automóvil,Automóvil",L.N.Alem Y Gaboto,2,2,0,0,0,0,0,,Calle,,ROSARIO,Rosario,Asfalto,No existe,II,Dentro,Urbana,Marca Vial,No existe,Intersección,Bueno,Buena,"Nocturna,Con luz artificial",Buen Tiempo,Lateral,S/D,Colisión,Ninguna,Vertical,Línea divisoria pintada,Sin restricción,POINT (-60.635075900000004 -32.9751272),"['Alem', 'Gaboto']",2,Leandro N. Alem; Gaboto,-32.9751272,-60.6350759,55.0,538.0,Municipio Rosario,Municipio,Rosario,820210,Servicio de Catastro e Información Territorial,IGN
2013,13051,2013-12-01,Domingo,0.0,00:30:00,,0.0,2,"Moto/Ciclomotor,Automóvil",Colon Y Pte.Quintana,3,1,0,0,2,0,0,,Calle,,ROSARIO,Rosario,Asfalto,No existe,II,Dentro,Urbana,Marca Vial,No existe,Intersección,Bueno,Buena,"Nocturna,Con luz artificial",Buen Tiempo,Lateral,S/D,Colisión,Ninguna,Horizontal,Línea divisoria pintada,Sin restricción,POINT (-60.6345865 -32.984795),"['Colon', 'Quintana']",2,Cristóbal Colón; Presidente Quintana,-32.984795,-60.6345865,55.0,538.0,Municipio Rosario,Municipio,Rosario,820210,Servicio de Catastro e Información Territorial,IGN
2013,13052,2013-12-09,Lunes,0.0,14:00:00,,0.0,2,"Moto/Ciclomotor,Automóvil",L.N.Alem Y Rueda,2,1,0,0,1,0,0,,Calle,,ROSARIO,Rosario,Asfalto,No existe,II,Dentro,Urbana,Marca Vial,No existe,Intersección,Bueno,Buena,Diurna,Buen Tiempo,Lateral,S/D,Colisión,S/D,S/D,Línea divisoria pintada,Sin restricción,POINT (-60.63449020000001 -32.9728384),"['Alem', 'Rueda']",2,Leandro N. Alem; Rueda,-32.9728384,-60.63449020000001,55.0,538.0,Municipio Rosario,Municipio,Rosario,820210,Servicio de Catastro e Información Territorial,IGN
2013,13054,2013-12-10,Martes,0.0,20:30:00,,0.0,2,"Moto/Ciclomotor,Automóvil",Virasoro Y Chacabuco,2,1,0,0,1,0,0,,Calle,,ROSARIO,Rosario,Asfalto,No existe,II,Dentro,Urbana,Marca Vial,No existe,Intersección,Bueno,Buena,"Nocturna,Con luz artificial",Buen Tiempo,Lateral,S/D,Colisión,Ninguna,Vertical,Línea divisoria pintada,Sin restricción,POINT (-60.6287142 -32.97265610000001),"['Virasoro', 'Chacabuco']",2,Benjamín Virasoro; Chacabuco,-32.97265610000001,-60.6287142,55.0,538.0,Municipio Rosario,Municipio,Rosario,820210,Servicio de Catastro e Información Territorial,IGN
2013,13055,2013-12-05,Jueves,0.0,16:00:00,,0.0,2,"Automóvil,Automóvil",Laprida Y Garay,3,1,0,0,2,0,0,,Calle,,ROSARIO,Rosario,Asfalto,No existe,II,Dentro,Urbana,Marca Vial,No existe,Intersección,Bueno,Buena,Atardecer,Buen Tiempo,Lateral,S/D,Colisión,Ninguna,Vertical,Línea divisoria pintada,Sin restricción,POINT (-60.64128159999999 -32.97521689999999),"['Laprida', 'Garay']",2,"('Francisco Narciso Laprida', 'Juan de Garay')",-32.97521689999999,-60.64128159999999,55.0,538.0,Municipio Rosario,Municipio,Rosario,820210,Servicio de Catastro e Información Territorial,IGN
2013,13056,2013-12-04,Miercoles,0.0,16:30:00,,0.0,2,"Moto/Ciclomotor,Pickup/Utilitario",Chacabuco Y Dean Funes,3,2,0,0,1,0,0,,Calle,,ROSARIO,Rosario,Asfalto,No existe,II,Dentro,Urbana,Marca Vial,No existe,Intersección,Bueno,Buena,Diurna,Buen Tiempo,Lateral,S/D,Colisión,Ninguna,Vertical,Línea divisoria pintada,Sin restricción,POINT (-60.6301335 -32.978413499999995),"['Chacabuco', 'Deán Gregorio Funes']",2,Chacabuco; Deán Gregorio Funes,-32.978413499999995,-60.6301335,55.0,538.0,Municipio Rosario,Municipio,Rosario,820210,Servicio de Catastro e Información Territorial,IGN
2013,13057,2013-12-31,Martes,0.0,21:00:00,,0.0,2,"Bicicleta,Pickup/Utilitario",Necochea Y Ayolas,2,1,0,0,1,0,0,,Calle,,ROSARIO,Rosario,Asfalto,No existe,II,Dentro,Urbana,Marca Vial,No existe,Intersección,Bueno,Buena,"Nocturna,Con luz artificial",Buen Tiempo,S/D,S/D,Atropello,S/D,Vertical,Línea divisoria pintada,Sin restricción,POINT (-60.631812499999995 -32.97929800000001),"['Necochea', 'Ayolas']",2,Necochea; Ayolas,-32.97929800000001,-60.6318125,55.0,538.0,Municipio Rosario,Municipio,Rosario,820210,Servicio de Catastro e Información Territorial,IGN
2013,13058,2013-12-30,Lunes,0.0,19:30:00,,0.0,2,"Moto/Ciclomotor,Automóvil",Bv. Segui Y L.N.Alem,3,2,0,0,1,0,0,,Avenida,,ROSARIO,Rosario,Asfalto,No existe,II,Dentro,Urbana,Paso Peatonal,No existe,Intersección,Bueno,Buena,Atardecer,Buen Tiempo,Lateral,S/D,Colisión,Ninguna,Vertical,Cordón divisorio,Sin restricción,POINT (-60.63650380000001 -32.980857400000005),"['Bulevar Juan Francisco Seguí', 'Alem']",2,Bulevar Juan Francisco Seguí; Leandro N. Alem,-32.980857400000005,-60.63650380000001,55.0,538.0,Municipio Rosario,Municipio,Rosario,820210,Servicio de Catastro e Información Territorial,IGN
2013,13063,2013-12-26,Jueves,0.0,21:50:00,,0.0,2,"Moto/Ciclomotor,Automóvil",Garibaldi Y Pje. Turin,3,2,0,0,1,0,0,,Calle,,ROSARIO,Rosario,Asfalto,No existe,II,Dentro,Urbana,Marca Vial,No existe,Intersección,Bueno,Buena,Nocturna,Buen Tiempo,Lateral,S/D,Colisión,Ninguna,Vertical,Línea divisoria pintada,Sin restricción,POINT (-60.6598186 -32.9838916),"['José Garibaldi', 'Turín']",2,José Garibaldi; Pasaje Turín,-32.9838916,-60.6598186,55.0,538.0,Municipio Rosario,Municipio,Rosario,820210,Servicio de Catastro e Información Territorial,IGN
2013,13111,2013-12-23,Lunes,0.0,06:00:00,,0.0,2,"Automóvil,Automóvil",L.N.Alem Y Rueda,2,1,0,0,1,0,0,,Calle,,ROSARIO,Rosario,Asfalto,No existe,II,Dentro,Urbana,Marca Vial,No existe,Intersección,Bueno,Buena,Diurna,Buen Tiempo,Lateral,S/D,Colisión,S/D,Vertical,Cordón divisorio,Sin restricción,POINT (-60.63449020000001 -32.9728384),"['Alem', 'Rueda']",2,Leandro N. Alem; Rueda,-32.9728384,-60.63449020000001,55.0,538.0,Municipio Rosario,Municipio,Rosario,820210,Servicio de Catastro e Información Territorial,IGN
2013,13113,2013-12-12,Jueves,0.0,23:45:00,,0.0,2,"Automóvil,Moto/Ciclomotor",Av. Uriburu Y Dorrego,2,2,0,0,0,0,0,,Avenida,,ROSARIO,Rosario,Asfalto,No existe,II,S/D,Urbana,Ninguna,No existe,Intersección,Bueno,Buena,Nocturna,Buen Tiempo,Otro,S/D,Colisión,Ninguna,S/D,Ninguna,Sin restricción,POINT (-60.660994099999996 -32.99114285),"['Uriburu', 'Dorrego']",2,Avenida José Uriburu; Manuel Dorrego,-32.99114285,-60.6609941,55.0,538.0,Municipio Rosario,Municipio,Rosario,820210,Servicio de Catastro e Información Territorial,IGN
2013,13114,2013-12-26,Jueves,0.0,13:30:00,,0.0,2,"Automóvil,Moto/Ciclomotor",Bv. Segui Y Entre Rios,3,2,0,0,1,0,0,,Avenida,,ROSARIO,Rosario,Asfalto,No existe,II,Dentro,Urbana,Ninguna,No existe,Intersección,Bueno,Buena,Diurna,Buen Tiempo,Lateral,S/D,Colisión,Ninguna,Faltante,Ninguna,Sin restricción,POINT (-60.6491681 -32.97857979999999),"['Bulevar Juan Francisco Seguí', 'Entre Ríos']",2,Bulevar Juan Francisco Seguí; Entre Ríos,-32.97857979999999,-60.6491681,55.0,538.0,Municipio Rosario,Municipio,Rosario,820210,Servicio de Catastro e Información Territorial,IGN
2013,13115,2013-12-12,Jueves,0.0,14:15:00,,0.0,1,Bicicleta,San Martin Y Dr.Rivas,2,1,0,0,1,0,0,,Avenida,,ROSARIO,Rosario,Asfalto,No existe,II,S/D,Urbana,Ninguna,Funciona,Recta,Bueno,Buena,Diurna,Buen Tiempo,S/D,S/D,Atropello,S/D,Faltante,Ninguna,Sin restricción,POINT (-60.645282200000004 -32.984076599999995),"['San Martin', 'Doctor Francisco Riva']",2,José de San Martín; Doctor Francisco Riva,-32.984076599999995,-60.6452822,55.0,538.0,Municipio Rosario,Municipio,Rosario,820210,Servicio de Catastro e Información Territorial,IGN
2013,13116,2013-12-02,Lunes,0.0,08:50:00,,0.0,2,"Automóvil,Moto/Ciclomotor",Uruguay Y Mariano Moreno,2,1,0,0,0,0,1,,Calle,,ROSARIO,Rosario,Asfalto,No existe,II,Dentro,Urbana,Ninguna,No existe,Intersección,Bueno,Buena,Diurna,Buen Tiempo,Lateral,S/D,Colisión,Ninguna,Faltante,Ninguna,Sin restricción,POINT (-60.65820020000001 -32.97458339999999),"['Uruguay', 'Mariano Moreno']",2,Uruguay; Mariano Moreno,-32.97458339999999,-60.65820020000001,55.0,538.0,Municipio Rosario,Municipio,Rosario,820210,Servicio de Catastro e Información Territorial,IGN
2013,13120,2013-12-04,Miercoles,0.0,08:00:00,,0.0,2,"Automóvil,Moto/Ciclomotor",Av. Uriburu Y Pueyrredon,2,1,0,0,1,0,0,,Calle,,ROSARIO,Rosario,Asfalto,No existe,II,Dentro,Urbana,Ninguna,No existe,Intersección,Bueno,Buena,Diurna,Buen Tiempo,Frontal,S/D,Colisión,S/D,Faltante,Ninguna,Sin restricción,POINT (-60.66954815 -32.991416199999996),"['Uriburu', 'Pueyrredón']",2,Avenida José Uriburu; Pueyrredón,-32.9914162,-60.66954815,55.0,538.0,Municipio Rosario,Municipio,Rosario,820210,Servicio de Catastro e Información Territorial,IGN
2013,13121,2013-12-04,Miercoles,0.0,08:00:00,,0.0,1,,Av. Uriburu Y Pueyrredon,2,1,0,0,1,0,0,,Calle,,ROSARIO,Rosario,Asfalto,No existe,II,Dentro,Urbana,Ninguna,No existe,Intersección,Bueno,Buena,Diurna,Buen Tiempo,Frontal,S/D,Colisión,S/D,Faltante,Ninguna,Sin restricción,POINT (-60.66954815 -32.991416199999996),"['Uriburu', 'Pueyrredón']",2,Avenida José Uriburu; Pueyrredón,-32.9914162,-60.66954815,55.0,538.0,Municipio Rosario,Municipio,Rosario,820210,Servicio de Catastro e Información Territorial,IGN
2013,13122,2013-12-26,Jueves,0.0,21:00:00,,0.0,2,"Moto/Ciclomotor,Automóvil",Abanderado Grandoli Y Dr.Rivas,2,1,0,0,1,0,0,,Avenida,,ROSARIO,Rosario,Asfalto,No existe,II,Dentro,Urbana,Marca Vial,No existe,Intersección,Bueno,Buena,"Nocturna,Con luz artificial",Buen Tiempo,Lateral,S/D,Colisión,S/D,Vertical,"Cordón divisorio,Línea divisoria pintada",Sin restricción,POINT (-60.62830819999999 -32.98712985),"['Avenida Abanderado Grandoli', 'Doctor Francisco Riva']",2,Avenida Abanderado Grandoli; Doctor Francisco Riva,-32.98712985,-60.62830819999999,55.0,538.0,Municipio Rosario,Municipio,Rosario,820210,Servicio de Catastro e Información Territorial,IGN
2013,13123,2013-12-05,Jueves,0.0,18:15:00,,0.0,2,"Moto/Ciclomotor,Automóvil",Dr.Rivas Y Pueyrredon,2,1,0,0,0,0,1,,Calle,,ROSARIO,Rosario,Asfalto,No existe,II,Dentro,Urbana,Ninguna,No existe,Intersección,Bueno,Buena,Diurna,Buen Tiempo,Lateral,S/D,Colisión,Ninguna,Faltante,Ninguna,Sin restricción,POINT (-60.6667508 -32.9802387),"['Doctor Francisco Riva', 'Pueyrredón']",2,Doctor Francisco Riva; Pueyrredón,-32.9802387,-60.6667508,55.0,538.0,Municipio Rosario,Municipio,Rosario,820210,Servicio de Catastro e Información Territorial,IGN
2013,13124,2013-12-12,Jueves,0.0,14:15:00,,0.0,2,"Bicicleta,Automóvil",San Martin Y Dr.Rivas,2,1,0,0,1,0,0,,Avenida,,ROSARIO,Rosario,Asfalto,No existe,II,S/D,Urbana,Ninguna,Funciona,Recta,Bueno,Buena,Diurna,Buen Tiempo,S/D,S/D,Atropello,Ninguna,Faltante,Ninguna,Sin restricción,POINT (-60.645282200000004 -32.984076599999995),"['San Martin', 'Doctor Francisco Riva']",2,José de San Martín; Doctor Francisco Riva,-32.984076599999995,-60.6452822,55.0,538.0,Municipio Rosario,Municipio,Rosario,820210,Servicio de Catastro e Información Territorial,IGN
2013,13125,2013-12-12,Jueves,0.0,14:15:00,,0.0,1,,San Martin Y Dr.Rivas,2,1,0,0,1,0,0,,Avenida,,ROSARIO,Rosario,Asfalto,No existe,II,S/D,Urbana,Ninguna,Funciona,Recta,Bueno,Buena,Diurna,Buen Tiempo,S/D,S/D,Atropello,Ninguna,Faltante,Ninguna,Sin restricción,POINT (-60.645282200000004 -32.984076599999995),"['San Martin', 'Doctor Francisco Riva']",2,José de San Martín; Doctor Francisco Riva,-32.984076599999995,-60.6452822,55.0,538.0,Municipio Rosario,Municipio,Rosario,820210,Servicio de Catastro e Información Territorial,IGN
2013,13127,2013-12-06,Viernes,0.0,20:20:00,,0.0,2,"Moto/Ciclomotor,Automóvil",Biedma Y España,2,1,0,0,1,0,0,,Calle,,ROSARIO,Rosario,Asfalto,No existe,II,Dentro,Urbana,Ninguna,No existe,Intersección,Bueno,Buena,Diurna,Buen Tiempo,Lateral,S/D,Colisión,Ninguna,Faltante,Ninguna,Sin restricción,POINT (-60.65528230000001 -32.979903900000004),"['Coronel Biedma', 'España']",2,Coronel Biedma; España,-32.979903900000004,-60.65528230000001,55.0,538.0,Municipio Rosario,Municipio,Rosario,820210,Servicio de Catastro e Información Territorial,IGN
2013,13128,2013-12-26,Jueves,0.0,00:00:00,,0.0,2,"Automóvil,Moto/Ciclomotor",Av. Corrientes Y Garibaldi,4,3,0,0,1,0,0,,Calle,,ROSARIO,Rosario,Asfalto,No existe,II,Dentro,Urbana,Ninguna,No existe,Intersección,Bueno,Buena,Nocturna,Buen Tiempo,Lateral,S/D,Colisión,Ninguna,Faltante,Ninguna,Sin restricción,POINT (-60.6523162 -32.98523470000001),"['Corrientes', 'José Garibaldi']",2,Corrientes; José Garibaldi,-32.98523470000001,-60.6523162,55.0,538.0,Municipio Rosario,Municipio,Rosario,820210,Servicio de Catastro e Información Territorial,IGN