anio_acci,nro_acci,fecha,desc_dia,fecha_aprox,hora_aprox,desc_ruta,km,cant_participantes,desc_participante,calle_avenida_km,total,heridos_leves,heridos_graves,heridos_gravisimos,ilesos,fallecidos,sin_datos,posicion_XY,desc_tipo_via,desc_ruta_ori,desc_loc,desc_dpto,desc_tipo_calzada,desc_tipo_banquina,desc_unidad_regional,desc_lugar_calzada,desc_zona,desc_prioridad,desc_estado_semaforo,desc_lugar_via,desc_estado_via,desc_estado_visibilidad,desc_luminosidad,desc_estado_clima,desc_tipo_colision,desc_tipo_atropello,desc_tipo_hecho,desc_pres_calzada,desc_senializacion,desc_separacion_via,desc_restriccion,forma_geocod,calle_lista,numero_calles,calles_osm,lat,lon,index_right,gid,fna,gna,nam,in1,fdc,sag
2013,13131,2013-12-06,Viernes,0.0,16:30:00,,0.0,2,"Moto/Ciclomotor,Pickup/Utilitario",Fragata Sarmiento Y Bv. Oroño,2,1,0,0,0,0,1,,Avenida,,ROSARIO,Rosario,Asfalto,No existe,II,Dentro,Urbana,Ninguna,No existe,Intersección,Bueno,Buena,Diurna,Buen Tiempo,Lateral,S/D,Colisión,Ninguna,Faltante,Ninguna,Sin restricción,POINT (-60.66505970000001 -32.99014039999999),"['Fragata Sarmiento', 'Bulevar Nicasio Oroño']",2,Fragata Sarmiento; Bulevar Nicasio Oroño,-32.99014039999999,-60.66505970000001,55.0,538.0,Municipio Rosario,Municipio,Rosario,820210,Servicio de Catastro e Información Territorial,IGN
2013,13132,2013-12-25,Miercoles,0.0,13:00:00,,0.0,2,"Automóvil,Automóvil",J.M.de Rosas Y Amenabar,2,1,0,0,1,0,0,,Calle,,ROSARIO,Rosario,Asfalto,No existe,II,Dentro,Urbana,Marca Vial,No existe,Intersección,Bueno,Buena,Diurna,Buen Tiempo,Lateral,S/D,Colisión,Ninguna,Vertical,Línea divisoria pintada,Sin restricción,POINT (-60.6377304 -32.973460999999986),"['De Rosas', 'Amenabar']",2,Juan Manuel de Rosas; José de Amenábar,-32.973460999999986,-60.6377304,55.0,538.0,Municipio Rosario,Municipio,Rosario,820210,Servicio de Catastro e Información Territorial,IGN
2013,13133,2013-12-26,Jueves,0.0,09:30:00,,0.0,2,"Automóvil,Moto/Ciclomotor",Paraguay Y Av. Uriburu,2,1,0,0,1,0,0,,Calle,,ROSARIO,Rosario,Asfalto,No existe,II,Dentro,Urbana,Ninguna,No existe,Intersección,Bueno,Buena,Diurna,Buen Tiempo,Lateral,S/D,Colisión,Ninguna,Faltante,Ninguna,Sin restricción,POINT (-60.655215850000005 -32.990962749999994),"['Paraguay', 'Uriburu']",2,Paraguay; Avenida José Uriburu,-32.990962749999994,-60.655215850000005,55.0,538.0,Municipio Rosario,Municipio,Rosario,820210,Servicio de Catastro e Información Territorial,IGN
2013,13135,2013-12-11,Miercoles,0.0,10:30:00,,0.0,2,"Automóvil,Automóvil",Gaboto Y España,2,2,0,0,0,0,0,,Calle,,ROSARIO,Rosario,Asfalto,No existe,II,S/D,Urbana,S/D,No existe,Intersección,Bueno,Buena,Diurna,Buen Tiempo,Lateral,S/D,Colisión,Ninguna,S/D,Ninguna,Sin restricción,POINT (-60.6532559 -32.9718629),"['Gaboto', 'España']",2,Gaboto; España,-32.9718629,-60.6532559,55.0,538.0,Municipio Rosario,Municipio,Rosario,820210,Servicio de Catastro e Información Territorial,IGN
2013,13136,2013-12-24,Martes,0.0,11:30:00,,0.0,2,"Moto/Ciclomotor,Automóvil",Buenos Aires Y Amenabar,2,1,0,0,1,0,0,,Calle,,ROSARIO,Rosario,Asfalto,No existe,II,Dentro,Urbana,Marca Vial,No existe,Intersección,Bueno,Buena,Diurna,Buen Tiempo,Lateral,S/D,Colisión,Ninguna,Vertical,Línea divisoria pintada,Sin restricción,POINT (-60.639182299999995 -32.973197600000006),"['Buenos Aires', 'Amenabar']",2,Buenos Aires; José de Amenábar,-32.973197600000006,-60.6391823,55.0,538.0,Municipio Rosario,Municipio,Rosario,820210,Servicio de Catastro e Información Territorial,IGN
2013,13138,2013-12-11,Miercoles,0.0,16:30:00,,0.0,2,"Taxi/Remis,Moto/Ciclomotor",Sarmiento Y J.M.Gutierrez,2,1,0,0,1,0,0,,Calle,,ROSARIO,Rosario,Asfalto,No existe,II,S/D,Urbana,Ninguna,No existe,Intersección,Bueno,Buena,Diurna,Buen Tiempo,Lateral,S/D,Colisión,Ninguna,S/D,Ninguna,Sin restricción,POINT (-60.649265 -32.9940194),"['Sarmiento', 'Gutierrez']",2,Sarmiento; Ricardo Gutierrez,-32.9940194,-60.649265,55.0,538.0,Municipio Rosario,Municipio,Rosario,820210,Servicio de Catastro e Información Territorial,IGN
2013,13139,2013-12-22,Domingo,0.0,12:30:00,,0.0,2,"Moto/Ciclomotor,Pickup/Utilitario",Ayacucho Y Virasoro,3,1,0,0,2,0,0,,Calle,,ROSARIO,Rosario,Asfalto,No existe,II,Dentro,Urbana,Marca Vial,S/D,Intersección,Bueno,Buena,Diurna,Buen Tiempo,Lateral,S/D,Colisión,Ninguna,Vertical,Línea divisoria pintada,Sin restricción,POINT (-60.6328196 -32.9719441),"['Ayacucho', 'Virasoro']",2,Ayacucho; Benjamín Virasoro,-32.9719441,-60.6328196,55.0,538.0,Municipio Rosario,Municipio,Rosario,820210,Servicio de Catastro e Información Territorial,IGN
2013,13141,2013-12-26,Jueves,0.0,18:45:00,,0.0,2,"Moto/Ciclomotor,Automóvil",Dr.Rivas Y Bv. Oroño,3,2,0,0,1,0,0,,Avenida,,ROSARIO,Rosario,Asfalto,No existe,II,Dentro,Urbana,Ninguna,No existe,Intersección,Bueno,Buena,Diurna,Buen Tiempo,Lateral,S/D,Colisión,Ninguna,Faltante,Ninguna,Sin restricción,POINT (-60.6626747 -32.9809666),"['Doctor Francisco Riva', 'Bulevar Nicasio Oroño']",2,Doctor Francisco Riva; Bulevar Nicasio Oroño,-32.9809666,-60.6626747,55.0,538.0,Municipio Rosario,Municipio,Rosario,820210,Servicio de Catastro e Información Territorial,IGN
2013,13144,2013-12-21,Sabado,0.0,13:20:00,,0.0,2,"Moto/Ciclomotor,Automóvil",Buenos Aires Y Biedma,2,1,0,0,1,0,0,,Calle,,ROSARIO,Rosario,Asfalto,No existe,II,Dentro,Urbana,Marca Vial,No existe,Intersección,Bueno,Buena,Diurna,Buen Tiempo,Lateral,S/D,Colisión,Ninguna,Vertical,Línea divisoria pintada,Sin restricción,POINT (-60.6414998 -32.9823454),"['Buenos Aires', 'Coronel Biedma']",2,Buenos Aires; Coronel Biedma,-32.9823454,-60.6414998,55.0,538.0,Municipio Rosario,Municipio,Rosario,820210,Servicio de Catastro e Información Territorial,IGN
2013,13145,2013-12-26,Jueves,0.0,09:00:00,,0.0,2,"Moto/Ciclomotor,Automóvil",Bv. Segui Y Entre Rios,2,1,0,0,1,0,0,,Avenida,,ROSARIO,Rosario,Asfalto,No existe,II,S/D,Urbana,Ninguna,No existe,Intersección,Bueno,Buena,Diurna,Buen Tiempo,Lateral,S/D,Colisión,Ninguna,S/D,Ninguna,Sin restricción,POINT (-60.6491681 -32.97857979999999),"['Bulevar Juan Francisco Seguí', 'Entre Ríos']",2,Bulevar Juan Francisco Seguí; Entre Ríos,-32.97857979999999,-60.6491681,55.0,538.0,Municipio Rosario,Municipio,Rosario,820210,Servicio de Catastro e Información Territorial,IGN
2013,13147,2013-12-24,Martes,0.0,16:00:00,,0.0,2,"Automóvil,Automóvil",Bv. Segui Y Mariano Moreno,2,2,0,0,0,0,0,,Calle,,ROSARIO,Rosario,Asfalto,No existe,II,S/D,Urbana,Ninguna,No existe,Intersección,Bueno,Buena,Diurna,Buen Tiempo,Lateral,S/D,Colisión,Ninguna,S/D,Ninguna,Sin restricción,POINT (-60.658756600000004 -32.97685955),"['Bulevar Juan Francisco Seguí', 'Mariano Moreno']",2,Bulevar Juan Francisco Seguí; Mariano Moreno,-32.97685955,-60.6587566,55.0,538.0,Municipio Rosario,Municipio,Rosario,820210,Servicio de Catastro e Información Territorial,IGN
2013,13148,2013-12-18,Miercoles,0.0,14:50:00,,0.0,2,"Pickup/Utilitario,Transporte de Pasajeros (H/ 8 asientos)",Pje. Villar Y Necochea,2,1,0,0,1,0,0,,Calle,,ROSARIO,Rosario,Asfalto,No existe,II,Dentro,Urbana,Marca Vial,No existe,Intersección,Bueno,Buena,Diurna,Buen Tiempo,Lateral,S/D,Colisión,S/D,Vertical,Línea divisoria pintada,Sin restricción,POINT (-60.6321854 -32.980772300000005),"['Villar', 'Necochea']",2,Villar; Necochea,-32.980772300000005,-60.6321854,55.0,538.0,Municipio Rosario,Municipio,Rosario,820210,Servicio de Catastro e Información Territorial,IGN
2013,13153,2013-12-19,Jueves,0.0,08:10:00,,0.0,2,"Moto/Ciclomotor,Automóvil",L.N.Alem Y Bv. Segui,2,1,0,0,1,0,0,,Avenida,,ROSARIO,Rosario,Asfalto,No existe,II,Dentro,Urbana,Señal Pare,No existe,Intersección,Bueno,Buena,Diurna,Buen Tiempo,Lateral,S/D,Colisión,Ninguna,Vertical,Línea divisoria pintada,Sin restricción,POINT (-60.63650380000001 -32.980857400000005),"['Alem', 'Bulevar Juan Francisco Seguí']",2,Leandro N. Alem; Bulevar Juan Francisco Seguí,-32.980857400000005,-60.63650380000001,55.0,538.0,Municipio Rosario,Municipio,Rosario,820210,Servicio de Catastro e Información Territorial,IGN
2013,13155,2013-12-31,Martes,0.0,13:15:00,,0.0,2,"Pickup/Utilitario,Moto/Ciclomotor",Bv. Segui Y Italia,2,1,0,0,1,0,0,,Calle,,ROSARIO,Rosario,Asfalto,No existe,II,Dentro,Urbana,Ninguna,No existe,Intersección,Bueno,Buena,Diurna,Buen Tiempo,Lateral,S/D,Colisión,Ninguna,Faltante,Ninguna,Sin restricción,POINT (-60.6560807 -32.977334),"['Bulevar Juan Francisco Seguí', 'Italia']",2,Bulevar Juan Francisco Seguí; Italia,-32.977334,-60.6560807,55.0,538.0,Municipio Rosario,Municipio,Rosario,820210,Servicio de Catastro e Información Territorial,IGN
2013,13156,2013-12-04,Miercoles,0.0,16:30:00,,0.0,2,"Camión,Moto/Ciclomotor",Pte.Quintana Y Rodriguez,2,1,0,0,1,0,0,,Calle,,ROSARIO,Rosario,Asfalto,No existe,II,S/D,Urbana,Ninguna,No existe,Intersección,Bueno,Buena,Diurna,Buen Tiempo,Lateral,S/D,Colisión,Ninguna,S/D,Ninguna,Sin restricción,POINT (-60.66784679999999 -32.978851),"['Quintana', 'Rodríguez']",2,"('Presidente Quintana', 'Martín Rodríguez')",-32.978851,-60.66784679999999,55.0,538.0,Municipio Rosario,Municipio,Rosario,820210,Servicio de Catastro e Información Territorial,IGN
2013,13158,2013-12-24,Martes,0.0,13:00:00,,0.0,2,"Automóvil,Moto/Ciclomotor",Dean Funes Y San Martin,3,1,0,0,1,0,1,,Avenida,,ROSARIO,Rosario,Asfalto,No existe,II,S/D,Urbana,Ninguna,No existe,Intersección,Bueno,Buena,Diurna,Buen Tiempo,Lateral,S/D,Colisión,Ninguna,S/D,Ninguna,Sin restricción,POINT (-60.6440372 -32.97592170000001),"['Deán Gregorio Funes', 'San Martin']",2,Deán Gregorio Funes; José de San Martín,-32.97592170000001,-60.6440372,55.0,538.0,Municipio Rosario,Municipio,Rosario,820210,Servicio de Catastro e Información Territorial,IGN
2013,13160,2013-12-05,Jueves,0.0,17:30:00,,0.0,2,"Moto/Ciclomotor,Automóvil",Saavedra Y Av. Corrientes,2,1,0,0,1,0,0,,Calle,,ROSARIO,Rosario,Asfalto,No existe,II,Dentro,Urbana,Ninguna,No existe,Intersección,Bueno,Buena,Diurna,Buen Tiempo,Lateral,S/D,Colisión,Ninguna,Faltante,Ninguna,Sin restricción,POINT (-60.6503148 -32.9771937),"['Saavedra', 'Corrientes']",2,Saavedra; Corrientes,-32.9771937,-60.6503148,55.0,538.0,Municipio Rosario,Municipio,Rosario,820210,Servicio de Catastro e Información Territorial,IGN
2013,13171,2013-12-03,Martes,0.0,08:15:00,,0.0,2,"Automóvil,Moto/Ciclomotor",Bv. Segui Y Mitre,2,1,0,0,1,0,0,,Avenida,,ROSARIO,Rosario,Asfalto,No existe,II,Dentro,Urbana,Ninguna,No existe,Intersección,Bueno,Buena,Diurna,Buen Tiempo,Lateral,S/D,Colisión,Ninguna,Faltante,Ninguna,Sin restricción,POINT (-60.6477426 -32.97883275),"['Bulevar Juan Francisco Seguí', 'Mitre']",2,Bulevar Juan Francisco Seguí; Bartolomé Mitre,-32.97883275,-60.6477426,55.0,538.0,Municipio Rosario,Municipio,Rosario,820210,Servicio de Catastro e Información Territorial,IGN
2013,13188,2013-12-30,Lunes,0.0,16:40:00,,0.0,2,"Automóvil,Camión",Pueyrredon Y Av. Jorge Cura,4,1,0,0,3,0,0,,Calle,,ROSARIO,Rosario,Asfalto,No existe,II,Dentro,Urbana,Ninguna,No existe,Intersección,Bueno,Buena,Diurna,Buen Tiempo,Lateral,S/D,Colisión,Ninguna,Faltante,Ninguna,Sin restricción,POINT (-60.664293900000004 -32.970485800000006),"['Pueyrredón', 'Avenida Jorge Cura']",2,Pueyrredón; Avenida Jorge Cura,-32.970485800000006,-60.6642939,55.0,538.0,Municipio Rosario,Municipio,Rosario,820210,Servicio de Catastro e Información Territorial,IGN
2013,13235,2013-12-28,Sabado,0.0,19:15:00,,0.0,3,"Automóvil,Automóvil,Moto/Ciclomotor",Mr.Ross Y Pje. Piano,5,3,0,0,2,0,0,,Calle,,ROSARIO,Rosario,Asfalto,No existe,II,Dentro,Urbana,Ninguna,No existe,Intersección,Bueno,Buena,Diurna,Buen Tiempo,Múltiple,S/D,Colisión,Ninguna,Faltante,Ninguna,Sin restricción,POINT (-60.652171700000004 -32.9876394),"['Rodrigo M. Ross', 'Piano']",2,Rodrigo M. Ross; Piano,-32.9876394,-60.6521717,55.0,538.0,Municipio Rosario,Municipio,Rosario,820210,Servicio de Catastro e Información Territorial,IGN
2013,13265,2013-12-26,Jueves,0.0,,,0.0,2,"Moto/Ciclomotor,Automóvil",San Martin Y Dr.Rivas,2,1,0,0,1,0,0,,Avenida,,ROSARIO,Rosario,Asfalto,No existe,II,Dentro,Urbana,Ninguna,No existe,Intersección,Bueno,Buena,S/D,Buen Tiempo,Lateral,S/D,Colisión,Ninguna,Faltante,Ninguna,Sin restricción,POINT (-60.645282200000004 -32.984076599999995),"['San Martin', 'Doctor Francisco Riva']",2,José de San Martín; Doctor Francisco Riva,-32.984076599999995,-60.6452822,55.0,538.0,Municipio Rosario,Municipio,Rosario,820210,Servicio de Catastro e Información Territorial,IGN
2013,13348,2013-12-23,Lunes,0.0,23:30:00,,0.0,2,"Automóvil,Moto/Ciclomotor",Pte.Quintana Y San Martin,2,1,0,0,1,0,0,,Avenida,,ROSARIO,Rosario,Asfalto,No existe,II,Dentro,Urbana,Ninguna,No existe,Intersección,Bueno,Buena,Nocturna,Buen Tiempo,Lateral,S/D,Colisión,Ninguna,Faltante,Ninguna,Sin restricción,POINT (-60.6450385 -32.982916249999995),"['Quintana', 'San Martin']",2,"('Presidente Quintana', 'José de San Martín')",-32.982916249999995,-60.6450385,55.0,538.0,Municipio Rosario,Municipio,Rosario,820210,Servicio de Catastro e Información Territorial,IGN
2013,13353,2013-12-23,Lunes,0.0,17:50:00,,0.0,2,"Automóvil,Moto/Ciclomotor",Santiago B Y Milan,3,2,0,0,1,0,0,,Calle,,ROSARIO,Rosario,Asfalto,No existe,II,Dentro,Urbana,Ninguna,No existe,Intersección,Bueno,Buena,Diurna,Buen Tiempo,Lateral,S/D,Colisión,Ninguna,Faltante,Ninguna,Sin restricción,POINT (-60.66716000000001 -32.9873413),"['Santiago', 'Milán']",2,Santiago; Milán,-32.9873413,-60.66716000000001,55.0,538.0,Municipio Rosario,Municipio,Rosario,820210,Servicio de Catastro e Información Territorial,IGN
2013,13360,2013-12-21,Sabado,0.0,09:45:00,,0.0,2,"Camión,Peatón",España Y Centeno,2,0,0,0,1,0,1,,Calle,,ROSARIO,Rosario,Asfalto,No existe,II,S/D,Urbana,Ninguna,No existe,Intersección,Bueno,Buena,Diurna,Buen Tiempo,S/D,S/D,Atropello,Ninguna,Faltante,Ninguna,Sin restricción,POINT (-60.6561499 -32.98333439999999),"['España', 'Centeno']",2,España; Coronel Centeno,-32.98333439999999,-60.6561499,55.0,538.0,Municipio Rosario,Municipio,Rosario,820210,Servicio de Catastro e Información Territorial,IGN
2013,13368,2013-12-20,Viernes,0.0,16:00:00,,0.0,2,"Pickup/Utilitario,Moto/Ciclomotor",Balcarce Y Pte.Quintana,2,1,0,0,1,0,0,,Calle,,ROSARIO,Rosario,Asfalto,No existe,II,Dentro,Urbana,Ninguna,No existe,Intersección,Bueno,Buena,Diurna,Buen Tiempo,Lateral,S/D,Colisión,Ninguna,Faltante,Ninguna,Sin restricción,POINT (-60.66103 -32.9800504),"['Balcarce', 'Quintana']",2,"('Balcarce', 'Presidente Quintana')",-32.9800504,-60.66103,55.0,538.0,Municipio Rosario,Municipio,Rosario,820210,Servicio de Catastro e Información Territorial,IGN
2013,13371,2013-12-20,Viernes,0.0,11:30:00,,0.0,2,"Automóvil,Automóvil",Garibaldi Y Sarmiento,2,1,0,0,1,0,0,,Calle,,ROSARIO,Rosario,Asfalto,No existe,II,Dentro,Urbana,Ninguna,No existe,Intersección,Bueno,Buena,Diurna,Buen Tiempo,Lateral,S/D,Colisión,Ninguna,Faltante,Ninguna,Sin restricción,POINT (-60.6481261 -32.9859707),"['José Garibaldi', 'Sarmiento']",2,José Garibaldi; Sarmiento,-32.9859707,-60.6481261,55.0,538.0,Municipio Rosario,Municipio,Rosario,820210,Servicio de Catastro e Información Territorial,IGN
2013,13375,2013-12-28,Sabado,0.0,15:00:00,,0.0,1,Moto/Ciclomotor,Laprida Y La Paz,2,1,1,0,0,0,0,,Calle,,ROSARIO,Rosario,Asfalto,No existe,II,Dentro,Urbana,Ninguna,No existe,Intersección,Bueno,Buena,Diurna,Buen Tiempo,S/D,S/D,Caída ocupante,Ninguna,Faltante,Ninguna,Sin restricción,POINT (-60.6387109 -32.96486649999999),"['Laprida', 'La Paz']",2,Francisco Narciso Laprida; La Paz,-32.96486649999999,-60.6387109,55.0,538.0,Municipio Rosario,Municipio,Rosario,820210,Servicio de Catastro e Información Territorial,IGN
2013,13378,2013-12-22,Domingo,0.0,06:45:00,,0.0,2,"Automóvil,Automóvil",Bv. 27 De Febrero Y Av. Circunvalacion,4,4,0,0,0,0,0,,Avenida,,ROSARIO,Rosario,Asfalto,S/D,II,S/D,Urbana,Ninguna,No existe,S/D,Bueno,Buena,Amanecer,Buen Tiempo,Lateral,S/D,Colisión,Ninguna,S/D,Ninguna,Sin restricción,POINT (-60.671730569613096 -32.965475411263625),"['27 de Febrero', 'Circunvalacion']",2,Bulevar 27 de Febrero; Avenida de Circunvalación 25 de Mayo,-32.965475411263625,-60.671730569613096,55.0,538.0,Municipio Rosario,Municipio,Rosario,820210,Servicio de Catastro e Información Territorial,IGN
2013,13379,2013-12-20,Viernes,0.0,00:20:00,,0.0,2,"Moto/Ciclomotor,Automóvil",Chacabuco Y Ituzaingo,2,2,0,0,0,0,0,,Calle,,ROSARIO,Rosario,Asfalto,No existe,II,S/D,Urbana,Ninguna,No existe,Intersección,Bueno,Buena,"Nocturna,Con luz artificial",Buen Tiempo,Lateral,S/D,Colisión,S/D,Faltante,Ninguna,Sin restricción,POINT (-60.6263707 -32.9634485),"['Chacabuco', 'Ituzaingó']",2,Chacabuco; Ituzaingó,-32.9634485,-60.6263707,55.0,538.0,Municipio Rosario,Municipio,Rosario,820210,Servicio de Catastro e Información Territorial,IGN
2013,13381,2013-12-20,Viernes,0.0,16:35:00,,0.0,2,"Automóvil,Moto/Ciclomotor",Ayacucho Y Viamonte,3,2,0,0,1,0,0,,Calle,,ROSARIO,Rosario,Asfalto,S/D,II,S/D,Urbana,Ninguna,No existe,Intersección,Bueno,Buena,Diurna,Buen Tiempo,Lateral,S/D,Colisión,Ninguna,Faltante,Ninguna,Sin restricción,POINT (-60.6316573 -32.96733489999999),"['Ayacucho', 'Viamonte']",2,Ayacucho; Viamonte,-32.96733489999999,-60.6316573,55.0,538.0,Municipio Rosario,Municipio,Rosario,820210,Servicio de Catastro e Información Territorial,IGN
2013,13382,2013-12-19,Jueves,0.0,12:30:00,,0.0,2,"Moto/Ciclomotor,Automóvil",Colon Y Cerrito,2,1,0,0,1,0,0,,Calle,,ROSARIO,Rosario,Asfalto,S/D,II,S/D,Urbana,Ninguna,No existe,Recta,Bueno,Buena,Diurna,Buen Tiempo,Lateral,S/D,Colisión,Ninguna,Faltante,Ninguna,Sin restricción,POINT (-60.6294042 -32.96412489999999),"['Colon', 'Cerrito']",2,Cristóbal Colón; Cerrito,-32.96412489999999,-60.6294042,55.0,538.0,Municipio Rosario,Municipio,Rosario,820210,Servicio de Catastro e Información Territorial,IGN
2013,13384,2013-12-18,Miercoles,0.0,,,0.0,2,"Automóvil,Automóvil",San Martin 4800,3,1,0,0,1,0,1,,Avenida,,ROSARIO,Rosario,Asfalto,No existe,II,Dentro,Urbana,Ninguna,No existe,Recta,Bueno,Buena,S/D,Buen Tiempo,Lateral,S/D,Colisión,Ninguna,S/D,Ninguna,Sin restricción,"-32.9621322, -60.6405848",['San Martin 4800'],1,San Martin 4800,-32.9621322,-60.6405848,55.0,538.0,Municipio Rosario,Municipio,Rosario,820210,Servicio de Catastro e Información Territorial,IGN
2013,13386,2013-12-20,Viernes,0.0,04:20:00,,0.0,2,"Automóvil,Moto/Ciclomotor",Bv. 27 De Febrero Y Buenos Aires,4,4,0,0,0,0,0,,Avenida,,ROSARIO,Rosario,Asfalto,S/D,II,S/D,Urbana,Semáforo,Intermitente,Intersección,Bueno,Buena,Nocturna,Buen Tiempo,Lateral,S/D,Colisión,Ninguna,Vertical,Ninguna,Sin restricción,POINT (-60.638013349999994 -32.9685675),"['27 de Febrero', 'Buenos Aires']",2,Bulevar 27 de Febrero; Buenos Aires,-32.9685675,-60.63801335,55.0,538.0,Municipio Rosario,Municipio,Rosario,820210,Servicio de Catastro e Información Territorial,IGN
2013,13387,2013-12-17,Martes,0.0,14:15:00,,0.0,2,"Moto/Ciclomotor,Pickup/Utilitario",Buenos Aires Y La Paz,2,1,0,0,1,0,0,,Calle,,ROSARIO,Rosario,Asfalto,No existe,II,S/D,Urbana,Señal Pare,No existe,Intersección,Bueno,Buena,Diurna,Buen Tiempo,Lateral,S/D,Colisión,Ninguna,Vertical,Ninguna,Sin restricción,POINT (-60.6371524 -32.96514349999999),"['Buenos Aires', 'La Paz']",2,Buenos Aires; La Paz,-32.96514349999999,-60.6371524,55.0,538.0,Municipio Rosario,Municipio,Rosario,820210,Servicio de Catastro e Información Territorial,IGN
2013,13389,2013-12-19,Jueves,0.0,16:00:00,,0.0,2,"Automóvil,Moto/Ciclomotor",Paraguay 1400,4,3,0,0,1,0,0,,Calle,,ROSARIO,Rosario,Asfalto,No existe,II,S/D,Urbana,Ninguna,No existe,Recta,Bueno,Buena,Diurna,Buen Tiempo,Lateral,S/D,Colisión,Ninguna,S/D,Ninguna,Sin restricción,"-32.9527655, -60.64563",['Paraguay 1400'],1,Paraguay 1400,-32.9527655,-60.64563,55.0,538.0,Municipio Rosario,Municipio,Rosario,820210,Servicio de Catastro e Información Territorial,IGN
2013,13391,2013-12-07,Sabado,0.0,17:30:00,,0.0,2,"Bicicleta,Pickup/Utilitario",Ituzaingo Y Ayacucho,3,1,0,0,2,0,0,,Calle,,ROSARIO,Rosario,Asfalto,No existe,II,Dentro,Urbana,Ninguna,No existe,Intersección,Bueno,Buena,Atardecer,Buen Tiempo,S/D,S/D,Atropello,Ninguna,Faltante,Ninguna,Sin restricción,POINT (-60.63049190000001 -32.96271439999999),"['Ituzaingó', 'Ayacucho']",2,Ituzaingó; Ayacucho,-32.96271439999999,-60.63049190000001,55.0,538.0,Municipio Rosario,Municipio,Rosario,820210,Servicio de Catastro e Información Territorial,IGN
2013,13394,2013-12-13,Viernes,0.0,12:30:00,,0.0,2,"Peatón,Automóvil",Pasco 200,3,2,0,0,1,0,0,,Calle,,ROSARIO,Rosario,Asfalto,No existe,II,Dentro,Urbana,Ninguna,No existe,Recta,Bueno,Buena,Diurna,Buen Tiempo,S/D,S/D,Atropello,S/D,Faltante,Ninguna,Sin restricción,"-32.9618031, -60.6286982",['Pasco 200'],1,Pasco 200,-32.9618031,-60.6286982,55.0,538.0,Municipio Rosario,Municipio,Rosario,820210,Servicio de Catastro e Información Territorial,IGN
2013,13395,2013-12-11,Miercoles,0.0,18:55:00,,0.0,2,"Moto/Ciclomotor,Automóvil",Viamonte Y Ayacucho,2,1,0,0,1,0,0,,Calle,,ROSARIO,Rosario,Asfalto,No existe,II,S/D,Urbana,Ninguna,No existe,Intersección,Bueno,Buena,Atardecer,Buen Tiempo,Frontal,S/D,Colisión,Ninguna,Faltante,Ninguna,Sin restricción,POINT (-60.6316573 -32.96733489999999),"['Viamonte', 'Ayacucho']",2,Viamonte; Ayacucho,-32.96733489999999,-60.6316573,55.0,538.0,Municipio Rosario,Municipio,Rosario,820210,Servicio de Catastro e Información Territorial,IGN
2013,13396,2013-12-19,Jueves,0.0,12:30:00,,0.0,2,"Automóvil,Moto/Ciclomotor",Entre Rios Y Bv. Segui,2,2,0,0,0,0,0,,Avenida,,ROSARIO,Rosario,Asfalto,No existe,II,S/D,Urbana,Ninguna,No existe,Intersección,Bueno,Buena,Diurna,Buen Tiempo,Lateral,S/D,Colisión,Ninguna,S/D,Ninguna,Sin restricción,POINT (-60.6491681 -32.97857979999999),"['Entre Ríos', 'Bulevar Juan Francisco Seguí']",2,Entre Ríos; Bulevar Juan Francisco Seguí,-32.97857979999999,-60.6491681,55.0,538.0,Municipio Rosario,Municipio,Rosario,820210,Servicio de Catastro e Información Territorial,IGN
2013,13397,2013-12-05,Jueves,0.0,07:10:00,,0.0,2,"Automóvil,Moto/Ciclomotor",Maipu Y Ocampo,2,1,0,0,1,0,0,,Calle,,ROSARIO,Rosario,Asfalto,No existe,II,S/D,Urbana,Ninguna,Funciona,Intersección,Bueno,Buena,Diurna,Buen Tiempo,Lateral,S/D,Colisión,Ninguna,Vertical,Ninguna,Sin restricción,POINT (-60.64044229999999 -32.966951000000016),"['Maipú', 'Ocampo']",2,Maipú; Ocampo,-32.966951000000016,-60.64044229999999,55.0,538.0,Municipio Rosario,Municipio,Rosario,820210,Servicio de Catastro e Información Territorial,IGN
2013,13398,2013-12-09,Lunes,0.0,19:00:00,,0.0,2,"Moto/Ciclomotor,Automóvil",Ituzaingo Y Buenos Aires,3,2,0,0,1,0,0,,Calle,,ROSARIO,Rosario,Asfalto,No existe,II,S/D,Urbana,Ninguna,No existe,Recta,Bueno,Buena,Atardecer,Buen Tiempo,Lateral,S/D,Colisión,Ninguna,Faltante,Ninguna,Sin restricción,POINT (-60.636284800000006 -32.9616928),"['Ituzaingó', 'Buenos Aires']",2,Ituzaingó; Buenos Aires,-32.9616928,-60.636284800000006,55.0,538.0,Municipio Rosario,Municipio,Rosario,820210,Servicio de Catastro e Información Territorial,IGN