anio_acci,nro_acci,fecha,desc_dia,fecha_aprox,hora_aprox,desc_ruta,km,cant_participantes,desc_participante,calle_avenida_km,total,heridos_leves,heridos_graves,heridos_gravisimos,ilesos,fallecidos,sin_datos,posicion_XY,desc_tipo_via,desc_ruta_ori,desc_loc,desc_dpto,desc_tipo_calzada,desc_tipo_banquina,desc_unidad_regional,desc_lugar_calzada,desc_zona,desc_prioridad,desc_estado_semaforo,desc_lugar_via,desc_estado_via,desc_estado_visibilidad,desc_luminosidad,desc_estado_clima,desc_tipo_colision,desc_tipo_atropello,desc_tipo_hecho,desc_pres_calzada,desc_senializacion,desc_separacion_via,desc_restriccion,forma_geocod,calle_lista,numero_calles,calles_osm,lat,lon,index_right,gid,fna,gna,nam,in1,fdc,sag
2013,13399,2013-12-05,Jueves,0.0,19:00:00,,0.0,2,"Automóvil,Automóvil",Ocampo Y Ayacucho,6,3,0,0,3,0,0,,Calle,,ROSARIO,Rosario,Asfalto,No existe,II,S/D,Urbana,Ninguna,No existe,Intersección,Bueno,Buena,Diurna,Buen Tiempo,Lateral,S/D,Colisión,Ninguna,Faltante,Ninguna,Sin restricción,POINT (-60.6319408 -32.9684595),"['Ocampo', 'Ayacucho']",2,Ocampo; Ayacucho,-32.9684595,-60.6319408,55.0,538.0,Municipio Rosario,Municipio,Rosario,820210,Servicio de Catastro e Información Territorial,IGN
2013,13400,2013-12-01,Domingo,0.0,00:20:00,,0.0,2,"Automóvil,Moto/Ciclomotor",San Martin Y Viamonte,3,1,0,0,2,0,0,,Avenida,,ROSARIO,Rosario,Asfalto,S/D,II,S/D,Urbana,S/D,S/D,Intersección,S/D,S/D,Nocturna,S/D,S/D,S/D,S/D,S/D,S/D,S/D,S/D,POINT (-60.64145630000001 -32.96560950000001),"['San Martin', 'Viamonte']",2,José de San Martín; Viamonte,-32.96560950000001,-60.64145630000001,55.0,538.0,Municipio Rosario,Municipio,Rosario,820210,Servicio de Catastro e Información Territorial,IGN
2013,13401,2013-12-19,Jueves,0.0,,,0.0,2,"Taxi/Remis,Moto/Ciclomotor",Dr.Rivas Y Santiago,2,1,0,0,1,0,0,,Calle,,ROSARIO,Rosario,Asfalto,No existe,II,S/D,Urbana,Ninguna,No existe,Intersección,Bueno,Buena,S/D,Buen Tiempo,Lateral,S/D,Colisión,Ninguna,S/D,Ninguna,Sin restricción,POINT (-60.66534680000001 -32.980489),"['Doctor Francisco Riva', 'Santiago']",2,Doctor Francisco Riva; Santiago,-32.980489,-60.66534680000001,55.0,538.0,Municipio Rosario,Municipio,Rosario,820210,Servicio de Catastro e Información Territorial,IGN
2013,13402,2013-12-09,Lunes,0.0,17:30:00,,0.0,2,"Moto/Ciclomotor,Pickup/Utilitario",Riobamba Y J.M.de Rosas,3,2,0,0,1,0,0,,Calle,,ROSARIO,Rosario,Asfalto,No existe,II,S/D,Urbana,Ninguna,No existe,Intersección,Bueno,Buena,Atardecer,Buen Tiempo,Lateral,S/D,Colisión,Ninguna,Faltante,Ninguna,Sin restricción,POINT (-60.635437700000004 -32.964253500000005),"['Riobamba', 'De Rosas']",2,Riobamba; Juan Manuel de Rosas,-32.964253500000005,-60.6354377,55.0,538.0,Municipio Rosario,Municipio,Rosario,820210,Servicio de Catastro e Información Territorial,IGN
2013,13404,2013-12-02,Lunes,0.0,06:15:00,,0.0,2,"Taxi/Remis,Automóvil",Bv. 27 De Febrero Y San Martin,3,3,0,0,0,0,0,,Avenida,,ROSARIO,Rosario,Asfalto,S/D,II,Dentro,Urbana,S/D,Funciona,Intersección,S/D,S/D,Diurna,S/D,S/D,S/D,Colisión,S/D,Vertical,S/D,S/D,POINT (-60.642020650000006 -32.96785644999999),"['27 de Febrero', 'San Martin']",2,Bulevar 27 de Febrero; José de San Martín,-32.96785644999999,-60.642020650000006,55.0,538.0,Municipio Rosario,Municipio,Rosario,820210,Servicio de Catastro e Información Territorial,IGN
2013,13405,2013-12-17,Martes,0.0,,,0.0,2,"Moto/Ciclomotor,Automóvil",24 De Setiembre Y Callao,2,1,0,0,1,0,0,,Calle,,ROSARIO,Rosario,Asfalto,No existe,II,Dentro,Urbana,Ninguna,No existe,Intersección,Bueno,Buena,Diurna,Buen Tiempo,Lateral,S/D,Colisión,Ninguna,Faltante,Ninguna,Sin restricción,POINT (-60.66858870000001 -32.976327999999995),"['24 de Septiembre', 'Callao']",2,24 de Septiembre; Callao,-32.976327999999995,-60.66858870000001,55.0,538.0,Municipio Rosario,Municipio,Rosario,820210,Servicio de Catastro e Información Territorial,IGN
2013,13406,2013-12-04,Miercoles,0.0,17:00:00,,0.0,2,"Automóvil,Automóvil",Av. Belgrano 2500,2,1,0,0,1,0,0,,Avenida,,ROSARIO,Rosario,Asfalto,No existe,II,S/D,Urbana,Marca Vial,No existe,Recta,Con baches,Buena,Diurna,Buen Tiempo,De alcance,S/D,Colisión,Otro,"Horizontal,Vertical",Barrera de hormigón,Reparación de Vía,"-32.9409711, -60.7133596",['Belgrano 2500'],1,Belgrano 2500,-32.9409711,-60.7133596,55.0,538.0,Municipio Rosario,Municipio,Rosario,820210,Servicio de Catastro e Información Territorial,IGN
2013,13407,2013-12-02,Lunes,0.0,12:30:00,,0.0,2,"Automóvil,Automóvil",Bv. Oroño Y Cochabamba,2,1,0,0,0,0,1,,Avenida,,ROSARIO,Rosario,Asfalto,S/D,II,Dentro,Urbana,S/D,S/D,Intersección,S/D,S/D,Diurna,S/D,Lateral,S/D,Colisión,S/D,S/D,S/D,S/D,POINT (-60.656339 -32.9556154),"['Bulevar Nicasio Oroño', 'Cochabamba']",2,Bulevar Nicasio Oroño; Cochabamba,-32.9556154,-60.656339,55.0,538.0,Municipio Rosario,Municipio,Rosario,820210,Servicio de Catastro e Información Territorial,IGN
2013,13409,2013-12-03,Martes,0.0,06:55:00,,0.0,2,"Pickup/Utilitario,Moto/Ciclomotor",Bv. Oroño Y Virasoro,2,1,0,0,1,0,0,,Avenida,,ROSARIO,Rosario,Asfalto,S/D,II,S/D,Urbana,S/D,S/D,Intersección,S/D,S/D,S/D,S/D,S/D,S/D,Colisión,S/D,S/D,S/D,S/D,POINT (-60.65921435 -32.967215949999996),"['Bulevar Nicasio Oroño', 'Virasoro']",2,Bulevar Nicasio Oroño; Benjamín Virasoro,-32.96721595,-60.65921435,55.0,538.0,Municipio Rosario,Municipio,Rosario,820210,Servicio de Catastro e Información Territorial,IGN
2013,13413,2013-12-17,Martes,0.0,19:30:00,,0.0,2,"Automóvil,Moto/Ciclomotor",Reg.11 de Infanteria Y Pje. Raffo,3,2,0,0,1,0,0,,Calle,,ROSARIO,Rosario,Asfalto,No existe,II,Dentro,Urbana,Ninguna,No existe,Intersección,Bueno,Buena,Diurna,Buen Tiempo,Lateral,S/D,Colisión,Ninguna,Faltante,Ninguna,Sin restricción,POINT (-60.6499411 -32.998851599999995),"['Regimiento 11', 'Raffo']",2,Regimiento 11; Raffo,-32.998851599999995,-60.6499411,55.0,538.0,Municipio Rosario,Municipio,Rosario,820210,Servicio de Catastro e Información Territorial,IGN
2013,13414,2013-12-18,Miercoles,0.0,08:00:00,,0.0,3,"Automóvil,Automóvil,Automóvil",Entre Rios Y Gaboto,4,2,0,0,2,0,0,,Calle,,ROSARIO,Rosario,Asfalto,No existe,II,Dentro,Urbana,Ninguna,No existe,Intersección,Bueno,Buena,Diurna,Buen Tiempo,Múltiple,S/D,Colisión,Ninguna,Faltante,Ninguna,Sin restricción,POINT (-60.6477294 -32.9728456),"['Entre Ríos', 'Gaboto']",2,Entre Ríos; Gaboto,-32.9728456,-60.6477294,55.0,538.0,Municipio Rosario,Municipio,Rosario,820210,Servicio de Catastro e Información Territorial,IGN
2013,13415,2013-12-17,Martes,0.0,04:30:00,,0.0,2,"Taxi/Remis,Taxi/Remis",Bv. Oroño Y Bv. Segui,4,2,0,0,2,0,0,,Avenida,,ROSARIO,Rosario,Asfalto,No existe,II,Dentro,Urbana,Ninguna,Funciona,Intersección,Bueno,Buena,Nocturna,Buen Tiempo,De alcance,S/D,Colisión,Ninguna,Faltante,Ninguna,Sin restricción,POINT (-60.661523700000004 -32.976367025),"['Bulevar Nicasio Oroño', 'Bulevar Juan Francisco Seguí']",2,Bulevar Nicasio Oroño; Bulevar Juan Francisco Seguí,-32.976367025,-60.6615237,55.0,538.0,Municipio Rosario,Municipio,Rosario,820210,Servicio de Catastro e Información Territorial,IGN
2013,13466,2013-12-18,Miercoles,0.0,18:45:00,,0.0,2,"Moto/Ciclomotor,Automóvil",Santa Fe Y Av. Francia,2,1,0,0,1,0,0,,Avenida,,ROSARIO,Rosario,Asfalto,S/D,II,S/D,Urbana,S/D,S/D,Intersección,S/D,S/D,S/D,S/D,S/D,S/D,S/D,S/D,S/D,S/D,S/D,POINT (-60.66519785 -32.94019899999999),"['Santa Fe', 'Avenida Francia']",2,Santa Fe; Avenida Francia,-32.94019899999999,-60.66519785,55.0,538.0,Municipio Rosario,Municipio,Rosario,820210,Servicio de Catastro e Información Territorial,IGN
2013,13467,2013-12-20,Viernes,0.0,18:45:00,,0.0,2,"Moto/Ciclomotor,Otros",9 De Julio Y Alsina,3,2,0,0,0,0,1,,Calle,,ROSARIO,Rosario,Asfalto,S/D,II,S/D,Urbana,S/D,S/D,Intersección,S/D,S/D,Diurna,S/D,S/D,S/D,Colisión,S/D,S/D,S/D,S/D,POINT (-60.6782616 -32.9469818),"['9 de Julio', 'Alsina']",2,9 de Julio; Alsina,-32.9469818,-60.6782616,55.0,538.0,Municipio Rosario,Municipio,Rosario,820210,Servicio de Catastro e Información Territorial,IGN
2013,13468,2013-12-24,Martes,0.0,13:25:00,,0.0,2,"Automóvil,Automóvil",Gutenberg Y Montevideo,4,3,0,0,1,0,0,,Calle,,ROSARIO,Rosario,S/D,S/D,II,S/D,Urbana,S/D,S/D,S/D,S/D,S/D,S/D,S/D,S/D,S/D,S/D,S/D,S/D,S/D,S/D,POINT (-60.6897468 -32.947364699999994),"['Gutenberg', 'Montevideo']",2,Gutenberg; Montevideo,-32.947364699999994,-60.6897468,55.0,538.0,Municipio Rosario,Municipio,Rosario,820210,Servicio de Catastro e Información Territorial,IGN
2013,13469,2013-12-16,Lunes,0.0,12:00:00,,0.0,2,"Moto/Ciclomotor,Pickup/Utilitario",Casiano Casas ,2,1,0,0,1,0,0,,Calle,,ROSARIO,Rosario,Asfalto,S/D,II,Dentro,Urbana,Semáforo,Funciona,Recta,Bueno,Buena,Diurna,S/D,Frontal,S/D,Colisión,S/D,S/D,S/D,S/D,"-32.8952875, -60.7155748",['Avenida Casiano Casas'],1,Avenida Casiano Casas,-32.8952875,-60.7155748,55.0,538.0,Municipio Rosario,Municipio,Rosario,820210,Servicio de Catastro e Información Territorial,IGN
2013,13470,2013-12-22,Domingo,0.0,11:05:00,,0.0,2,"Automóvil,Moto/Ciclomotor",J.B.Justo Y Bolivia,2,1,0,0,1,0,0,,Calle,,ROSARIO,Rosario,Asfalto,No existe,II,Dentro,Urbana,Ninguna,No existe,Recta,Bueno,Buena,Diurna,Buen Tiempo,Frontal,S/D,Colisión,S/D,Horizontal,Ninguna,Sin restricción,POINT (-60.71417160000001 -32.93347289999999),"['Justo', 'Bolivia']",2,"('Justo José de Urquiza', 'Bolivia')",-32.93347289999999,-60.71417160000001,55.0,538.0,Municipio Rosario,Municipio,Rosario,820210,Servicio de Catastro e Información Territorial,IGN
2013,13471,2013-12-20,Viernes,0.0,13:00:00,,0.0,2,"Peatón,Otros",Av. Ovidio Lagos Y Mendoza,2,1,0,0,1,0,0,,Calle,,ROSARIO,Rosario,Asfalto,S/D,II,S/D,Urbana,S/D,S/D,Intersección,S/D,S/D,Diurna,S/D,S/D,S/D,Atropello,S/D,S/D,S/D,S/D,POINT (-60.6627415 -32.947382499999996),"['Avenida Ovidio Lagos', 'Mendoza']",2,Avenida Ovidio Lagos; Mendoza,-32.9473825,-60.6627415,55.0,538.0,Municipio Rosario,Municipio,Rosario,820210,Servicio de Catastro e Información Territorial,IGN
2013,13472,2013-12-18,Miercoles,0.0,10:00:00,,0.0,2,"Automóvil,Moto/Ciclomotor",Iriondo Y Av. Pellegrini,2,0,1,0,1,0,0,,Calle,,ROSARIO,Rosario,Asfalto,S/D,II,S/D,Urbana,S/D,S/D,Intersección,S/D,S/D,Diurna,S/D,S/D,S/D,Colisión,S/D,S/D,S/D,S/D,POINT (-60.6723408 -32.95164905),"['Iriondo', 'Pellegrini']",2,Iriondo; Avenida Carlos Pellegrini,-32.95164905,-60.6723408,55.0,538.0,Municipio Rosario,Municipio,Rosario,820210,Servicio de Catastro e Información Territorial,IGN
2013,13473,2013-12-24,Martes,0.0,,,0.0,2,"Automóvil,Moto/Ciclomotor",Rio De Janeiro Y San Juan,2,1,0,0,1,0,0,,Calle,,ROSARIO,Rosario,Asfalto,S/D,II,S/D,Urbana,S/D,S/D,Intersección,S/D,S/D,S/D,S/D,S/D,S/D,S/D,S/D,S/D,S/D,S/D,POINT (-60.6814488 -32.942599),"['Río de Janeiro', 'San Juan']",2,Río de Janeiro; San Juan,-32.942599,-60.6814488,55.0,538.0,Municipio Rosario,Municipio,Rosario,820210,Servicio de Catastro e Información Territorial,IGN
2013,13477,2013-12-20,Viernes,0.0,09:30:00,,0.0,2,"Moto/Ciclomotor,Automóvil",Catamarca ,2,1,0,0,1,0,0,,Calle,,ROSARIO,Rosario,Asfalto,S/D,II,S/D,Urbana,S/D,S/D,Recta,S/D,S/D,S/D,S/D,S/D,S/D,S/D,S/D,S/D,S/D,S/D,"-32.9393896, -60.6436265",['Catamarca'],1,Catamarca,-32.9393896,-60.6436265,55.0,538.0,Municipio Rosario,Municipio,Rosario,820210,Servicio de Catastro e Información Territorial,IGN
2013,13478,2013-12-17,Martes,0.0,15:50:00,,0.0,2,"Bicicleta,Automóvil",Catamarca Y Rodriguez,2,1,0,0,1,0,0,,Calle,,ROSARIO,Rosario,Asfalto,S/D,II,Dentro,Urbana,S/D,No existe,Recta,Bueno,S/D,S/D,Buen Tiempo,S/D,S/D,Atropello,S/D,Vertical,S/D,S/D,POINT (-60.6572387 -32.9369145),"['Catamarca', 'Rodríguez']",2,Catamarca; Rodríguez de Escobedo,-32.9369145,-60.6572387,55.0,538.0,Municipio Rosario,Municipio,Rosario,820210,Servicio de Catastro e Información Territorial,IGN
2013,13479,2013-12-20,Viernes,0.0,11:35:00,,0.0,2,"Pickup/Utilitario,Moto/Ciclomotor",Rodriguez Y San Luis,2,1,0,0,1,0,0,,Calle,,ROSARIO,Rosario,Asfalto,S/D,II,S/D,Urbana,S/D,S/D,Intersección,S/D,S/D,Diurna,S/D,S/D,S/D,Colisión,S/D,S/D,S/D,S/D,POINT (-60.6593596 -32.9453712),"['Rodríguez', 'San Luis']",2,Rodríguez de Escobedo; San Luis,-32.9453712,-60.6593596,55.0,538.0,Municipio Rosario,Municipio,Rosario,820210,Servicio de Catastro e Información Territorial,IGN
2013,13480,2013-12-16,Lunes,0.0,,,0.0,2,"Automóvil,Moto/Ciclomotor",Don Bosco 100,2,1,0,0,1,0,0,,Calle,,ROSARIO,Rosario,S/D,S/D,II,S/D,Urbana,S/D,S/D,S/D,S/D,S/D,S/D,S/D,S/D,S/D,Colisión,S/D,S/D,S/D,S/D,"-32.9283771, -60.6804422",['Don Bosco 100'],1,Don Bosco 100,-32.9283771,-60.6804422,55.0,538.0,Municipio Rosario,Municipio,Rosario,820210,Servicio de Catastro e Información Territorial,IGN
2013,13481,2013-12-13,Viernes,0.0,09:40:00,,0.0,2,"Moto/Ciclomotor,Automóvil",Suipacha Y Rioja,2,1,0,0,1,0,0,,Calle,,ROSARIO,Rosario,Asfalto,S/D,II,S/D,Urbana,S/D,S/D,Intersección,S/D,S/D,S/D,S/D,S/D,S/D,S/D,S/D,S/D,S/D,S/D,POINT (-60.66447840000001 -32.94294049999999),"['Suipacha', 'Rioja']",2,Suipacha; Rioja,-32.94294049999999,-60.66447840000001,55.0,538.0,Municipio Rosario,Municipio,Rosario,820210,Servicio de Catastro e Información Territorial,IGN
2013,13482,2013-12-17,Martes,1.0,14:40:00,,0.0,1,Camión,Cordoba 4800,1,1,0,0,0,0,0,,Calle,,ROSARIO,Rosario,Asfalto,S/D,II,S/D,Urbana,S/D,S/D,Recta,S/D,S/D,S/D,S/D,S/D,S/D,S/D,S/D,S/D,S/D,S/D,"-32.9278875, -60.7405743",['Cordoba 4800'],1,Cordoba 4800,-32.9278875,-60.7405743,55.0,538.0,Municipio Rosario,Municipio,Rosario,820210,Servicio de Catastro e Información Territorial,IGN
2013,13483,2013-12-05,Jueves,0.0,07:40:00,,0.0,2,"Moto/Ciclomotor,Automóvil",Martin Fierro Y Bv. Rondeau,2,1,0,0,1,0,0,,Avenida,,ROSARIO,Rosario,Asfalto,S/D,II,Dentro,Urbana,Ninguna,S/D,Intersección,S/D,S/D,Amanecer,S/D,S/D,S/D,Colisión,S/D,S/D,S/D,Sin restricción,POINT (-60.69743998 -32.87802498),"['Martin Fierro', 'Rondeau']",2,Martin Fierro; Bulevar General José Rondeau,-32.87802498,-60.69743998,55.0,538.0,Municipio Rosario,Municipio,Rosario,820210,Servicio de Catastro e Información Territorial,IGN
2013,13484,2013-12-22,Domingo,0.0,02:30:00,,0.0,2,"Moto/Ciclomotor,Automóvil",Bv. Avellaneda Y San Lorenzo,2,1,0,0,1,0,0,,Avenida,,ROSARIO,Rosario,Asfalto,Pavimento,II,Dentro,Urbana,Semáforo,Funciona,Recta,Bueno,Buena,Nocturna,Buen Tiempo,Frontal,S/D,Colisión,Ninguna,S/D,Ninguna,S/D,POINT (-60.67856895 -32.936793300000005),"['Avellaneda', 'San Lorenzo']",2,Bulevar Nicolás Avellaneda; San Lorenzo,-32.936793300000005,-60.67856895,55.0,538.0,Municipio Rosario,Municipio,Rosario,820210,Servicio de Catastro e Información Territorial,IGN
2013,13485,2013-12-11,Miercoles,0.0,09:40:00,,0.0,2,"Moto/Ciclomotor,Pickup/Utilitario",Av. Francia Y Cordoba,2,1,0,0,1,0,0,,Calle,,ROSARIO,Rosario,Asfalto,S/D,II,Dentro,Urbana,S/D,S/D,Intersección,S/D,S/D,Diurna,S/D,S/D,S/D,S/D,S/D,S/D,S/D,S/D,POINT (-60.6655272 -32.94154475),"['Avenida Francia', 'Córdoba']",2,Avenida Francia; Córdoba,-32.94154475,-60.6655272,55.0,538.0,Municipio Rosario,Municipio,Rosario,820210,Servicio de Catastro e Información Territorial,IGN
2013,13486,2013-12-18,Miercoles,0.0,08:50:00,,0.0,2,"Moto/Ciclomotor,Taxi/Remis",Tucuman Y Av. Francia,3,2,0,0,1,0,0,,Avenida,,ROSARIO,Rosario,Asfalto,S/D,II,Dentro,Urbana,S/D,No existe,Recta,Bueno,Buena,Diurna,Buen Tiempo,Frontal,S/D,Colisión,S/D,Horizontal,S/D,S/D,POINT (-60.66436195 -32.9369176),"['Tucumán', 'Avenida Francia']",2,Tucumán; Avenida Francia,-32.9369176,-60.66436195,55.0,538.0,Municipio Rosario,Municipio,Rosario,820210,Servicio de Catastro e Información Territorial,IGN
2013,13487,2013-12-23,Lunes,0.0,13:15:00,,0.0,2,"Moto/Ciclomotor,Otros",E.Zeballos Y Servando Bayo,2,1,0,0,0,0,1,,Calle,,ROSARIO,Rosario,S/D,S/D,II,S/D,Urbana,S/D,S/D,S/D,S/D,S/D,S/D,S/D,S/D,S/D,S/D,S/D,S/D,S/D,S/D,POINT (-60.686719 -32.946714199999995),"['Zeballos', 'Servando Bayo']",2,Zeballos; Servando Bayo,-32.946714199999995,-60.686719,55.0,538.0,Municipio Rosario,Municipio,Rosario,820210,Servicio de Catastro e Información Territorial,IGN
2013,13489,2013-12-20,Viernes,0.0,06:50:00,,0.0,2,"Automóvil,Automóvil",Suipacha Y 3 De Febrero,2,1,0,0,1,0,0,,Calle,,ROSARIO,Rosario,Asfalto,S/D,II,S/D,Urbana,S/D,S/D,Intersección,S/D,S/D,Amanecer,S/D,S/D,S/D,Colisión,S/D,S/D,S/D,S/D,POINT (-60.6657584 -32.94813949999999),"['Suipacha', '3 de Febrero']",2,Suipacha; 3 de Febrero,-32.94813949999999,-60.6657584,55.0,538.0,Municipio Rosario,Municipio,Rosario,820210,Servicio de Catastro e Información Territorial,IGN
2013,13490,2013-12-12,Jueves,0.0,16:20:00,,0.0,2,"Moto/Ciclomotor,Transporte de Pasajeros Urbano (> 8 asientos)",Albert Sabin Y Bv. Avellaneda,2,1,0,0,1,0,0,,Avenida,,ROSARIO,Rosario,S/D,S/D,II,S/D,Urbana,S/D,S/D,Intersección,S/D,S/D,S/D,S/D,Lateral,S/D,Colisión,S/D,S/D,S/D,S/D,POINT (-60.67658666 -32.9288765),"['Avenida Travesía Albert Sabin', 'Avellaneda']",2,Avenida Travesía Albert Sabin; Bulevar Nicolás Avellaneda,-32.9288765,-60.67658666,55.0,538.0,Municipio Rosario,Municipio,Rosario,820210,Servicio de Catastro e Información Territorial,IGN
2013,13491,2013-11-19,Martes,0.0,11:30:00,,0.0,2,"Moto/Ciclomotor,Automóvil",Av. Ovidio Lagos Y Tucuman,3,1,0,0,2,0,0,,Avenida,,ROSARIO,Rosario,Asfalto,Pavimento,II,Dentro,Urbana,Semáforo,Funciona,Recta,Bueno,Buena,Diurna,Buen Tiempo,S/D,S/D,Colisión,S/D,Horizontal,Ninguna,S/D,POINT (-60.660284499999996 -32.93765479999999),"['Avenida Ovidio Lagos', 'Tucumán']",2,Avenida Ovidio Lagos; Tucumán,-32.93765479999999,-60.6602845,55.0,538.0,Municipio Rosario,Municipio,Rosario,820210,Servicio de Catastro e Información Territorial,IGN
2013,13492,2013-12-23,Lunes,0.0,,,0.0,2,"Camión,Moto/Ciclomotor",Suipacha Y San Luis,3,2,0,0,1,0,0,,Calle,,ROSARIO,Rosario,Asfalto,S/D,II,S/D,Urbana,S/D,S/D,Intersección,S/D,S/D,S/D,S/D,S/D,S/D,S/D,S/D,S/D,S/D,S/D,POINT (-60.664829000000005 -32.94441909999999),"['Suipacha', 'San Luis']",2,Suipacha; San Luis,-32.94441909999999,-60.664829000000005,55.0,538.0,Municipio Rosario,Municipio,Rosario,820210,Servicio de Catastro e Información Territorial,IGN
2013,13493,2013-12-17,Martes,0.0,09:00:00,,0.0,2,"Moto/Ciclomotor,Automóvil",Av. Pellegrini Y Crespo,2,1,0,0,0,0,1,,Calle,,ROSARIO,Rosario,Asfalto,S/D,II,Fuera,Urbana,S/D,S/D,Intersección,Bueno,S/D,Diurna,S/D,S/D,S/D,Colisión,S/D,S/D,Cordón divisorio,S/D,POINT (-60.670978700000006 -32.951893749999996),"['Pellegrini', 'Crespo']",2,Avenida Carlos Pellegrini; Crespo,-32.95189375,-60.670978700000006,55.0,538.0,Municipio Rosario,Municipio,Rosario,820210,Servicio de Catastro e Información Territorial,IGN
2013,13494,2013-12-14,Sabado,0.0,,,0.0,2,"Taxi/Remis,Automóvil",9 De Julio Y Ricchieri,5,3,0,0,2,0,0,,Calle,,ROSARIO,Rosario,Asfalto,S/D,II,Dentro,Urbana,S/D,S/D,Intersección,S/D,S/D,S/D,S/D,S/D,S/D,S/D,S/D,S/D,S/D,S/D,POINT (-60.6647054 -32.9494569),"['9 de Julio', 'Ricchieri']",2,9 de Julio; Ricchieri,-32.9494569,-60.6647054,55.0,538.0,Municipio Rosario,Municipio,Rosario,820210,Servicio de Catastro e Información Territorial,IGN
2013,13495,2013-12-13,Viernes,0.0,13:30:00,,0.0,2,"Moto/Ciclomotor,Automóvil",Florida Y Av. Luis Carballo,2,1,0,0,1,0,0,,Calle,,ROSARIO,Rosario,S/D,S/D,II,S/D,Urbana,S/D,S/D,Intersección,S/D,S/D,Diurna,S/D,Lateral,S/D,Colisión,S/D,S/D,S/D,S/D,POINT (-60.68344275 -32.92226555),"['Florida', 'Avenida Doctor Luis Cándido Carballo']",2,Florida; Avenida Doctor Luis Cándido Carballo,-32.92226555,-60.68344275,55.0,538.0,Municipio Rosario,Municipio,Rosario,820210,Servicio de Catastro e Información Territorial,IGN
2013,13496,2013-12-13,Viernes,0.0,08:00:00,,0.0,3,"Automóvil,Automóvil,Automóvil",San Lorenzo Y Bv. Avellaneda,3,2,0,0,1,0,0,,Calle,,ROSARIO,Rosario,Asfalto,Pavimento,II,Dentro,Urbana,Semáforo,Funciona,Recta,Bueno,Buena,Diurna,Buen Tiempo,Múltiple,S/D,Colisión,S/D,Horizontal,Ninguna,Sin restricción,POINT (-60.67856895 -32.936793300000005),"['San Lorenzo', 'Avellaneda']",2,San Lorenzo; Bulevar Nicolás Avellaneda,-32.936793300000005,-60.67856895,55.0,538.0,Municipio Rosario,Municipio,Rosario,820210,Servicio de Catastro e Información Territorial,IGN
2013,13497,2013-12-06,Viernes,0.0,16:30:00,,0.0,1,Taxi/Remis,G.Carrasco Y Dr.D.Peña,3,2,0,0,0,0,1,,Calle,,ROSARIO,Rosario,Asfalto,S/D,II,Dentro,Urbana,S/D,S/D,Recta,S/D,S/D,S/D,S/D,Contra objeto fijo,S/D,Colisión,S/D,S/D,S/D,Sin restricción,POINT (-60.68799125000001 -32.877218199999994),"['Carrasco', 'David Peña']",2,Omar Carrasco; David Peña,-32.877218199999994,-60.68799125000001,55.0,538.0,Municipio Rosario,Municipio,Rosario,820210,Servicio de Catastro e Información Territorial,IGN
2013,13498,2013-12-23,Lunes,0.0,12:00:00,,0.0,2,"Pickup/Utilitario,Automóvil",Av. Provincias Unidas Y Av. Sorrento,2,1,0,0,1,0,0,,Avenida,,ROSARIO,Rosario,Asfalto,No existe,II,Dentro,Urbana,S/D,S/D,Recta,Bueno,Buena,Diurna,Buen Tiempo,S/D,S/D,Colisión,S/D,Horizontal,S/D,Sin restricción,POINT (-60.714102249999996 -32.9083328),"['Avenida Provincias Unidas', 'Sorrento']",2,Avenida Provincias Unidas; Avenida Sorrento,-32.9083328,-60.71410225,55.0,538.0,Municipio Rosario,Municipio,Rosario,820210,Servicio de Catastro e Información Territorial,IGN
2013,13499,2013-12-13,Viernes,0.0,15:15:00,,0.0,2,"Taxi/Remis,Moto/Ciclomotor",Carriego Y Mendoza,2,2,0,0,0,0,0,,Calle,,ROSARIO,Rosario,Asfalto,S/D,II,Dentro,Urbana,S/D,S/D,Intersección,S/D,S/D,Diurna,S/D,S/D,S/D,S/D,S/D,S/D,S/D,S/D,POINT (-60.6899344 -32.9425285),"['Carriego', 'Mendoza']",2,Carriego; Mendoza,-32.9425285,-60.6899344,55.0,538.0,Municipio Rosario,Municipio,Rosario,820210,Servicio de Catastro e Información Territorial,IGN
2013,13500,2013-12-11,Miercoles,0.0,16:30:00,,0.0,1,Taxi/Remis,Rioja Y Pueyrredon,2,1,0,0,1,0,0,,Calle,,ROSARIO,Rosario,Asfalto,S/D,II,Fuera,Urbana,S/D,S/D,Intersección,Bueno,S/D,Diurna,S/D,S/D,S/D,Colisión,S/D,S/D,Ninguna,S/D,POINT (-60.6576513 -32.944126799999985),"['Rioja', 'Pueyrredón']",2,Rioja; Pueyrredón,-32.944126799999985,-60.6576513,55.0,538.0,Municipio Rosario,Municipio,Rosario,820210,Servicio de Catastro e Información Territorial,IGN
2013,13501,2013-12-19,Jueves,0.0,16:00:00,,0.0,2,"Automóvil,Automóvil",Av. Ovidio Lagos 400,2,1,0,0,1,0,0,,Avenida,,ROSARIO,Rosario,Asfalto,S/D,II,Dentro,Urbana,Semáforo,Funciona,Recta,Bueno,Buena,Diurna,Buen Tiempo,Lateral,S/D,Colisión,S/D,Horizontal,S/D,S/D,"-32.9374753, -60.6603145",['Ovidio Lagos 400'],1,Ovidio Lagos 400,-32.9374753,-60.6603145,55.0,538.0,Municipio Rosario,Municipio,Rosario,820210,Servicio de Catastro e Información Territorial,IGN
2013,13502,2013-12-19,Jueves,0.0,13:40:00,,0.0,2,"Automóvil,Automóvil",E.Zeballos Y Rodriguez,2,1,0,0,1,0,0,,Calle,,ROSARIO,Rosario,Asfalto,S/D,II,S/D,Urbana,S/D,S/D,Intersección,S/D,S/D,S/D,S/D,S/D,S/D,S/D,S/D,S/D,S/D,S/D,POINT (-60.6608622 -32.9513173),"['Zeballos', 'Rodríguez']",2,Zeballos; Rodríguez de Escobedo,-32.9513173,-60.6608622,55.0,538.0,Municipio Rosario,Municipio,Rosario,820210,Servicio de Catastro e Información Territorial,IGN