anio_acci,nro_acci,fecha,desc_dia,fecha_aprox,hora_aprox,desc_ruta,km,cant_participantes,desc_participante,calle_avenida_km,total,heridos_leves,heridos_graves,heridos_gravisimos,ilesos,fallecidos,sin_datos,posicion_XY,desc_tipo_via,desc_ruta_ori,desc_loc,desc_dpto,desc_tipo_calzada,desc_tipo_banquina,desc_unidad_regional,desc_lugar_calzada,desc_zona,desc_prioridad,desc_estado_semaforo,desc_lugar_via,desc_estado_via,desc_estado_visibilidad,desc_luminosidad,desc_estado_clima,desc_tipo_colision,desc_tipo_atropello,desc_tipo_hecho,desc_pres_calzada,desc_senializacion,desc_separacion_via,desc_restriccion,forma_geocod,calle_lista,numero_calles,calles_osm,lat,lon,index_right,gid,fna,gna,nam,in1,fdc,sag
2013,13503,2013-12-26,Jueves,0.0,13:00:00,,0.0,2,"Automóvil,Automóvil",Pueyrredon Y Catamarca,3,1,0,0,2,0,0,,Calle,,ROSARIO,Rosario,Asfalto,S/D,II,Dentro,Urbana,S/D,No existe,Intersección,Bueno,Buena,Diurna,Buen Tiempo,Lateral,S/D,Colisión,S/D,S/D,S/D,Sin restricción,POINT (-60.6558961 -32.93715339999999),"['Pueyrredón', 'Catamarca']",2,Pueyrredón; Catamarca,-32.93715339999999,-60.6558961,55.0,538.0,Municipio Rosario,Municipio,Rosario,820210,Servicio de Catastro e Información Territorial,IGN
2013,13504,2013-12-21,Sabado,0.0,13:00:00,,0.0,2,"Automóvil,Automóvil",J.J.Paso Y Av. Circunvalacion,2,1,0,0,1,0,0,,Avenida,,ROSARIO,Rosario,Asfalto,No existe,II,Dentro,Urbana,Ninguna,No existe,Recta,Bueno,Buena,Diurna,Buen Tiempo,S/D,S/D,Colisión,S/D,S/D,Ninguna,Sin restricción,POINT (-60.723727529563504 -32.92055900258327),"['Paso', 'Circunvalacion']",2,Avenida Juan José Paso; Avenida de Circunvalación 25 de Mayo,-32.92055900258327,-60.723727529563504,55.0,538.0,Municipio Rosario,Municipio,Rosario,820210,Servicio de Catastro e Información Territorial,IGN
2013,13505,2013-12-17,Martes,0.0,12:25:00,,0.0,2,"Automóvil,Moto/Ciclomotor",Garay Y San Martin,2,1,0,0,1,0,0,,Avenida,,ROSARIO,Rosario,Asfalto,No existe,II,Dentro,Urbana,Ninguna,No existe,Intersección,Bueno,Buena,Diurna,Buen Tiempo,Lateral,S/D,Colisión,Otro,Faltante,Ninguna,Sin restricción,POINT (-60.6437417 -32.97477079999999),"['Garay', 'San Martin']",2,"('Juan de Garay', 'José de San Martín')",-32.97477079999999,-60.6437417,55.0,538.0,Municipio Rosario,Municipio,Rosario,820210,Servicio de Catastro e Información Territorial,IGN
2013,13506,2013-12-20,Viernes,0.0,00:20:00,,0.0,2,"Automóvil,Moto/Ciclomotor",Jujuy 3000,3,2,0,0,1,0,0,,Calle,,ROSARIO,Rosario,Asfalto,Pavimento,II,Dentro,Urbana,S/D,S/D,Recta,Bueno,Buena,Nocturna,Buen Tiempo,Frontal,S/D,Colisión,Ninguna,S/D,Ninguna,Sin restricción,"-32.9335697, -60.6619409",['Jujuy 3000'],1,Jujuy 3000,-32.9335697,-60.6619409,55.0,538.0,Municipio Rosario,Municipio,Rosario,820210,Servicio de Catastro e Información Territorial,IGN
2013,13507,2013-12-11,Miercoles,0.0,02:50:00,,0.0,2,"Automóvil,Moto/Ciclomotor",Av. Francia Y Catamarca,5,0,1,1,3,0,0,,Avenida,,ROSARIO,Rosario,Asfalto,Pavimento,II,S/D,Urbana,Ninguna,S/D,Recta,Bueno,Buena,"Nocturna,Con luz artificial",Buen Tiempo,Frontal,S/D,Colisión,S/D,S/D,S/D,S/D,POINT (-60.66406215000001 -32.93570015),"['Avenida Francia', 'Catamarca']",2,Avenida Francia; Catamarca,-32.93570015,-60.66406215000001,55.0,538.0,Municipio Rosario,Municipio,Rosario,820210,Servicio de Catastro e Información Territorial,IGN
2013,13508,2013-12-21,Sabado,0.0,11:30:00,,0.0,2,"Bicicleta,Camión",Av. Eva Peron 4500,2,1,0,0,1,0,0,,Avenida,,ROSARIO,Rosario,S/D,S/D,II,S/D,Urbana,S/D,S/D,S/D,S/D,S/D,S/D,S/D,S/D,S/D,Atropello,S/D,S/D,S/D,S/D,"-32.9381314, -60.6843131",['Eva Peron 4500'],1,Eva Peron 4500,-32.9381314,-60.6843131,55.0,538.0,Municipio Rosario,Municipio,Rosario,820210,Servicio de Catastro e Información Territorial,IGN
2013,13509,2013-12-29,Domingo,0.0,13:00:00,,0.0,2,"Moto/Ciclomotor,Automóvil",Pueyrredon Y Salta,2,1,0,0,1,0,0,,Calle,,ROSARIO,Rosario,Asfalto,S/D,II,Dentro,Urbana,S/D,Funciona,Recta,Bueno,S/D,S/D,Buen Tiempo,Lateral,S/D,Colisión,S/D,Vertical,S/D,S/D,POINT (-60.6556216 -32.93601499999999),"['Pueyrredón', 'Salta']",2,"('Pueyrredón', 'Salta')",-32.93601499999999,-60.6556216,55.0,538.0,Municipio Rosario,Municipio,Rosario,820210,Servicio de Catastro e Información Territorial,IGN
2013,13511,2013-12-27,Viernes,0.0,11:30:00,,0.0,2,"Moto/Ciclomotor,Pickup/Utilitario",Olive Y Av. Portugal,2,1,0,0,1,0,0,,Calle,,ROSARIO,Rosario,Asfalto,No existe,II,Dentro,Urbana,Ninguna,No existe,Curva,Bueno,Buena,Diurna,Buen Tiempo,S/D,S/D,Colisión,S/D,Faltante,Ninguna,Sin restricción,POINT (-60.68457275000001 -32.91302474999999),"['Olive', 'Portugal']",2,Olivé; Avenida Portugal,-32.91302474999999,-60.68457275000001,55.0,538.0,Municipio Rosario,Municipio,Rosario,820210,Servicio de Catastro e Información Territorial,IGN
2013,13512,2013-12-28,Sabado,0.0,,,0.0,1,Pickup/Utilitario,Antelo Bis Y Jose Ingenieros,3,2,0,0,1,0,0,,Calle,,ROSARIO,Rosario,Asfalto,S/D,II,Dentro,Urbana,Ninguna,S/D,Intersección,Bueno,S/D,S/D,Buen Tiempo,Lateral,S/D,Colisión,S/D,Faltante,S/D,Sin restricción,POINT (-60.68667630000001 -32.91632700000001),"['Antelo', 'José Ingenieros']",2,Mario Antelo; José Ingenieros,-32.91632700000001,-60.68667630000001,55.0,538.0,Municipio Rosario,Municipio,Rosario,820210,Servicio de Catastro e Información Territorial,IGN
2013,13513,2013-12-16,Lunes,0.0,07:40:00,,0.0,1,Automóvil,Gaboto 1717,1,1,0,0,0,0,0,,Calle,,ROSARIO,Rosario,Asfalto,No existe,II,S/D,Urbana,Ninguna,No existe,Recta,Bueno,Buena,Diurna,Buen Tiempo,Contra objeto fijo,S/D,Atropello,Otro,Faltante,Ninguna,Sin restricción,"-32.97186313673469, -60.65365083061224",['Gaboto 1717'],1,Gaboto 1717,-32.97186313673469,-60.65365083061224,55.0,538.0,Municipio Rosario,Municipio,Rosario,820210,Servicio de Catastro e Información Territorial,IGN
2013,13514,2013-11-27,Miercoles,0.0,13:50:00,,0.0,2,"Bicicleta,Automóvil",9 De Julio 2300,2,1,0,0,1,0,0,,Calle,,ROSARIO,Rosario,Asfalto,S/D,II,S/D,Urbana,S/D,S/D,Recta,S/D,S/D,S/D,S/D,S/D,S/D,Atropello,S/D,S/D,S/D,S/D,"-32.9508977, -60.6563725",['9 De Julio 2300'],1,9 De Julio 2300,-32.9508977,-60.6563725,55.0,538.0,Municipio Rosario,Municipio,Rosario,820210,Servicio de Catastro e Información Territorial,IGN
2013,13515,2013-12-20,Viernes,0.0,04:20:00,,0.0,2,"Taxi/Remis,Automóvil",Av. Ovidio Lagos Y Urquiza,2,1,0,0,1,0,0,,Avenida,,ROSARIO,Rosario,Asfalto,Pavimento,II,Dentro,Urbana,Semáforo,Funciona,Recta,Bueno,Buena,Nocturna,Buen Tiempo,Lateral,S/D,Colisión,Ninguna,Horizontal,Ninguna,S/D,POINT (-60.660585299999994 -32.938803599999986),"['Avenida Ovidio Lagos', 'Urquiza']",2,Avenida Ovidio Lagos; Justo José de Urquiza,-32.938803599999986,-60.6605853,55.0,538.0,Municipio Rosario,Municipio,Rosario,820210,Servicio de Catastro e Información Territorial,IGN
2013,13516,2013-12-25,Miercoles,0.0,00:00:00,,0.0,2,"Moto/Ciclomotor,Automóvil",Donado Y Chubut,3,1,0,0,2,0,0,,Calle,,ROSARIO,Rosario,Asfalto,No existe,II,Dentro,Urbana,Ninguna,No existe,Intersección,Bueno,Buena,"Nocturna,Con luz artificial",Buen Tiempo,Lateral,S/D,Colisión,Ninguna,S/D,Ninguna,Sin restricción,POINT (-60.726780600000005 -32.94597619999999),"['Donado', 'Chubut']",2,José Agustín Donado; Chubut,-32.94597619999999,-60.726780600000005,55.0,538.0,Municipio Rosario,Municipio,Rosario,820210,Servicio de Catastro e Información Territorial,IGN
2013,13517,2013-12-11,Miercoles,0.0,15:30:00,,0.0,2,"Moto/Ciclomotor,Automóvil",Castellanos Y San Luis,3,1,0,0,2,0,0,,Calle,,ROSARIO,Rosario,Asfalto,S/D,II,Fuera,Urbana,S/D,S/D,Intersección,Bueno,S/D,Diurna,S/D,S/D,S/D,Colisión,S/D,S/D,Ninguna,S/D,POINT (-60.675738800000005 -32.942445799999994),"['Aaron Castellanos', 'San Luis']",2,Aaron Castellanos; San Luis,-32.942445799999994,-60.675738800000005,55.0,538.0,Municipio Rosario,Municipio,Rosario,820210,Servicio de Catastro e Información Territorial,IGN
2013,13518,2013-12-21,Sabado,0.0,10:45:00,,0.0,2,"Moto/Ciclomotor,Automóvil",San Juan 3200,2,1,0,0,1,0,0,,Calle,,ROSARIO,Rosario,Asfalto,S/D,II,S/D,Urbana,S/D,S/D,Recta,S/D,S/D,S/D,S/D,S/D,S/D,S/D,S/D,S/D,S/D,S/D,"-32.9449821, -60.6677162",['San Juan 3200'],1,San Juan 3200,-32.9449821,-60.6677162,55.0,538.0,Municipio Rosario,Municipio,Rosario,820210,Servicio de Catastro e Información Territorial,IGN
2013,13519,2013-12-16,Lunes,0.0,11:30:00,,0.0,1,Moto/Ciclomotor,España Y Cochabamba,2,1,0,0,1,0,0,,Calle,,ROSARIO,Rosario,Asfalto,S/D,II,Dentro,Urbana,S/D,S/D,Recta,S/D,S/D,Diurna,S/D,S/D,S/D,S/D,S/D,S/D,S/D,S/D,POINT (-60.649499 -32.9569347),"['España', 'Cochabamba']",2,España; Cochabamba,-32.9569347,-60.649499,55.0,538.0,Municipio Rosario,Municipio,Rosario,820210,Servicio de Catastro e Información Territorial,IGN
2013,13521,2013-12-20,Viernes,0.0,08:30:00,,0.0,2,"Automóvil,Automóvil",San Juan Y Vera Mujica,3,1,0,0,2,0,0,,Calle,,ROSARIO,Rosario,Asfalto,S/D,II,S/D,Urbana,S/D,S/D,Intersección,S/D,S/D,Diurna,S/D,S/D,S/D,Colisión,S/D,S/D,S/D,S/D,POINT (-60.6678428 -32.94501609999999),"['San Juan', 'Vera Mujíca']",2,San Juan; Vera Mujíca,-32.94501609999999,-60.6678428,55.0,538.0,Municipio Rosario,Municipio,Rosario,820210,Servicio de Catastro e Información Territorial,IGN
2013,13524,2013-12-16,Lunes,0.0,11:45:00,,0.0,2,"Automóvil,Automóvil",Salta Y Santiago,2,1,0,0,1,0,0,,Calle,,ROSARIO,Rosario,Asfalto,S/D,II,Dentro,Urbana,S/D,No existe,Recta,Bueno,Buena,Diurna,Buen Tiempo,De alcance,S/D,Colisión,S/D,Horizontal,S/D,S/D,POINT (-60.65423690000001 -32.93626109999999),"['Salta', 'Santiago']",2,Salta; Santiago,-32.93626109999999,-60.65423690000001,55.0,538.0,Municipio Rosario,Municipio,Rosario,820210,Servicio de Catastro e Información Territorial,IGN
2013,13525,2013-01-05,Sabado,0.0,17:20:00,,0.0,2,"Moto/Ciclomotor,Automóvil",Av. Ovidio Lagos Y Garay,2,1,0,0,1,0,0,,Avenida,,ROSARIO,Rosario,Asfalto,No existe,II,S/D,Urbana,Ninguna,No existe,Intersección,Bueno,Buena,Atardecer,Buen Tiempo,Lateral,S/D,Colisión,Ninguna,Faltante,Cordón divisorio,Sin restricción,POINT (-60.66824390000001 -32.970363899999995),"['Avenida Ovidio Lagos', 'Garay']",2,Avenida Ovidio Lagos; Juan de Garay,-32.970363899999995,-60.66824390000001,55.0,538.0,Municipio Rosario,Municipio,Rosario,820210,Servicio de Catastro e Información Territorial,IGN
2013,13526,2013-12-21,Sabado,0.0,08:45:00,,0.0,2,"Pickup/Utilitario,Automóvil",Av. Ovidio Lagos Y E.Zeballos,2,2,0,0,0,0,0,,Calle,,ROSARIO,Rosario,S/D,S/D,II,S/D,Urbana,S/D,S/D,S/D,S/D,S/D,S/D,S/D,S/D,S/D,S/D,S/D,S/D,S/D,S/D,POINT (-60.66360710000001 -32.95082639999999),"['Avenida Ovidio Lagos', 'Zeballos']",2,Avenida Ovidio Lagos; Zeballos,-32.95082639999999,-60.66360710000001,55.0,538.0,Municipio Rosario,Municipio,Rosario,820210,Servicio de Catastro e Información Territorial,IGN
2013,13528,2013-12-01,Domingo,0.0,,,0.0,3,"Moto/Ciclomotor,Moto/Ciclomotor,Automóvil",Ayacucho Y Av. Battle y Ordoñez,4,1,0,0,3,0,0,,Avenida,,ROSARIO,Rosario,Asfalto,No existe,II,Dentro,Urbana,Semáforo,Intermitente,Intersección,Bueno,Buena,Nocturna,S/D,"De alcance,Múltiple",S/D,Colisión,S/D,S/D,Línea divisoria pintada,Sin restricción,POINT (-60.6358011 -33.008555699999995),"['Ayacucho', 'Avenida Battle y Ordoñez']",2,Ayacucho; Avenida Battle y Ordoñez,-33.008555699999995,-60.6358011,55.0,538.0,Municipio Rosario,Municipio,Rosario,820210,Servicio de Catastro e Información Territorial,IGN
2013,13529,2013-12-21,Sabado,0.0,03:40:00,,0.0,2,"Taxi/Remis,Moto/Ciclomotor",Salta Y Ricchieri,3,2,0,0,1,0,0,,Calle,,ROSARIO,Rosario,Asfalto,Pavimento,II,Dentro,Urbana,Semáforo,Funciona,Recta,Bueno,Buena,Nocturna,Buen Tiempo,Lateral,S/D,Colisión,Ninguna,Horizontal,Ninguna,Sin restricción,POINT (-60.66109260000001 -32.93504239999999),"['Salta', 'Ricchieri']",2,Salta; Ricchieri,-32.93504239999999,-60.66109260000001,55.0,538.0,Municipio Rosario,Municipio,Rosario,820210,Servicio de Catastro e Información Territorial,IGN
2013,13531,2013-12-20,Viernes,0.0,11:10:00,,0.0,2,"Bicicleta,Automóvil",FLORIDA Y DON ORIONE,2,1,0,0,1,0,0,,Calle,,ROSARIO,Rosario,S/D,S/D,II,S/D,Urbana,S/D,S/D,S/D,S/D,S/D,Diurna,S/D,S/D,S/D,Atropello,S/D,S/D,S/D,S/D,POINT (-60.6834066 -32.923058299999994),"['Florida', 'Pasaje Don Orione']",2,Florida; Pasaje Don Orione,-32.923058299999994,-60.6834066,55.0,538.0,Municipio Rosario,Municipio,Rosario,820210,Servicio de Catastro e Información Territorial,IGN
2013,13532,2013-12-16,Lunes,0.0,14:30:00,,0.0,3,"Camión,Moto/Ciclomotor,Pickup/Utilitario",Bv. Avellaneda Y San Juan,3,1,0,0,2,0,0,,Calle,,ROSARIO,Rosario,Asfalto,S/D,II,S/D,Urbana,S/D,S/D,Intersección,S/D,S/D,Diurna,S/D,Múltiple,S/D,Colisión,S/D,S/D,S/D,S/D,POINT (-60.680076299999996 -32.94284435),"['Avellaneda', 'San Juan']",2,Bulevar Nicolás Avellaneda; San Juan,-32.94284435,-60.6800763,55.0,538.0,Municipio Rosario,Municipio,Rosario,820210,Servicio de Catastro e Información Territorial,IGN
2013,13533,2013-12-08,Domingo,0.0,11:45:00,,0.0,2,"Moto/Ciclomotor,Pickup/Utilitario",Ayacucho Y Calle 529,3,2,0,0,1,0,0,,Calle,,ROSARIO,Rosario,Asfalto,No existe,II,Dentro,Urbana,Ninguna,No existe,Intersección,Bueno,Buena,Diurna,Buen Tiempo,Lateral,S/D,Colisión,S/D,S/D,Ninguna,Sin restricción,POINT (-60.6356653 -33.0118161),"['Ayacucho', 'Calle 529']",2,Ayacucho; Calle 529,-33.0118161,-60.6356653,55.0,538.0,Municipio Rosario,Municipio,Rosario,820210,Servicio de Catastro e Información Territorial,IGN
2013,13534,2013-12-05,Jueves,0.0,11:30:00,,0.0,2,"Pickup/Utilitario,Pickup/Utilitario",Av. Castro Barros Y Anchorena,2,1,0,0,1,0,0,,Avenida,,ROSARIO,Rosario,Asfalto,No existe,II,Dentro,Urbana,Ninguna,No existe,Intersección,Bueno,Buena,Diurna,Buen Tiempo,Lateral,S/D,Colisión,S/D,S/D,Ninguna,Sin restricción,POINT (-60.62964120000001 -32.997229000000004),"['Castro Barros', 'Anchorena']",2,Avenida Pedro de Castro Barros; Tomás de Anchorena,-32.997229000000004,-60.62964120000001,55.0,538.0,Municipio Rosario,Municipio,Rosario,820210,Servicio de Catastro e Información Territorial,IGN
2013,13535,2013-12-20,Viernes,0.0,21:00:00,,0.0,2,"Automóvil,Moto/Ciclomotor",Iriondo Y Marcos Paz,2,2,0,0,0,0,0,,Calle,,ROSARIO,Rosario,S/D,S/D,II,S/D,Urbana,S/D,S/D,S/D,S/D,S/D,S/D,S/D,S/D,S/D,S/D,S/D,S/D,S/D,S/D,POINT (-60.6707242 -32.945242799999995),"['Iriondo', 'Marcos Paz']",2,Iriondo; Marcos Paz,-32.945242799999995,-60.6707242,55.0,538.0,Municipio Rosario,Municipio,Rosario,820210,Servicio de Catastro e Información Territorial,IGN
2013,13536,2013-12-25,Miercoles,0.0,23:00:00,,0.0,2,"Moto/Ciclomotor,Moto/Ciclomotor",G.Carrasco Y Pje. Aquino Bis,3,2,0,0,0,0,1,,Calle,,ROSARIO,Rosario,Asfalto,No existe,II,Dentro,Urbana,Ninguna,No existe,Recta,Bueno,Buena,"Nocturna,Con luz artificial",Buen Tiempo,S/D,S/D,Colisión,S/D,S/D,Ninguna,Sin restricción,POINT (-60.6975169 -32.92056879999999),"['Carrasco', 'Aquino']",2,Omar Carrasco; Pedro Aquino,-32.92056879999999,-60.6975169,55.0,538.0,Municipio Rosario,Municipio,Rosario,820210,Servicio de Catastro e Información Territorial,IGN
2013,13537,2013-12-22,Domingo,0.0,03:15:00,,0.0,2,"Automóvil,Moto/Ciclomotor",Bv. Avellaneda Y Junin,2,1,0,0,1,0,0,,Avenida,,ROSARIO,Rosario,S/D,S/D,II,S/D,Urbana,S/D,S/D,S/D,S/D,S/D,"Nocturna,Con luz artificial",S/D,S/D,S/D,Colisión,S/D,S/D,S/D,S/D,POINT (-60.675987000000006 -32.9266012),"['Avellaneda', 'Junín']",2,Bulevar Nicolás Avellaneda; Junín,-32.9266012,-60.675987000000006,55.0,538.0,Municipio Rosario,Municipio,Rosario,820210,Servicio de Catastro e Información Territorial,IGN
2013,13539,2013-12-21,Sabado,0.0,08:30:00,,0.0,2,"Pickup/Utilitario,Automóvil",Vera Mujica ,3,2,0,0,1,0,0,,Calle,,ROSARIO,Rosario,Asfalto,Pavimento,II,Dentro,Urbana,Semáforo,No funciona,Recta,Bueno,Buena,Diurna,Buen Tiempo,Lateral,S/D,Colisión,Ninguna,Horizontal,Ninguna,Sin restricción,"-32.9560278, -60.6706323",['Vera Mujíca'],1,Vera Mujíca,-32.9560278,-60.6706323,55.0,538.0,Municipio Rosario,Municipio,Rosario,820210,Servicio de Catastro e Información Territorial,IGN
2013,13540,2013-12-25,Miercoles,0.0,14:20:00,,0.0,2,"Moto/Ciclomotor,Taxi/Remis",Av. Provincias Unidas Y Jose Ingenieros,3,2,0,0,0,0,1,,Calle,,ROSARIO,Rosario,Asfalto,No existe,II,Dentro,Urbana,Ninguna,No existe,Recta,Bueno,Buena,Diurna,Buen Tiempo,S/D,S/D,Colisión,S/D,S/D,Ninguna,Sin restricción,POINT (-60.71377375000001 -32.917122899999995),"['Avenida Provincias Unidas', 'José Ingenieros']",2,Avenida Provincias Unidas; José Ingenieros,-32.917122899999995,-60.71377375000001,55.0,538.0,Municipio Rosario,Municipio,Rosario,820210,Servicio de Catastro e Información Territorial,IGN
2013,13541,2013-12-07,Sabado,0.0,20:40:00,,0.0,2,"Moto/Ciclomotor,Moto/Ciclomotor",AV. NUESTRA SEÑORA DEL ROSARIO Y ACCESO SUR,4,4,0,0,0,0,0,,Avenida,,ROSARIO,Rosario,Asfalto,S/D,II,Dentro,Urbana,Ninguna,No existe,Intersección,Bueno,S/D,Nocturna,S/D,Lateral,S/D,Colisión,S/D,S/D,Cordón divisorio,Sin restricción,POINT (-60.617663975 -32.998938125),"['Nuestra Señora del Rosario', 'Belgrano']",2,Puente Nuestra Señora del Rosario; Avenida Manuel Belgrano,-32.998938125,-60.617663975,55.0,538.0,Municipio Rosario,Municipio,Rosario,820210,Servicio de Catastro e Información Territorial,IGN
2013,13542,2013-12-09,Lunes,0.0,20:00:00,,0.0,2,"Moto/Ciclomotor,Taxi/Remis",Hilarion de la Quintana Y Leiva,2,1,0,0,1,0,0,,Calle,,ROSARIO,Rosario,Asfalto,No existe,II,Dentro,Urbana,Ninguna,No existe,Intersección,Bueno,Buena,Atardecer,Buen Tiempo,Lateral,S/D,Colisión,S/D,S/D,Ninguna,Sin restricción,POINT (-60.6379928 -33.000607099999996),"['Hilarión de la Quintana', 'Leiva']",2,Hilarión de la Quintana; Julián de Leiva,-33.0006071,-60.6379928,55.0,538.0,Municipio Rosario,Municipio,Rosario,820210,Servicio de Catastro e Información Territorial,IGN
2013,13543,2013-12-20,Viernes,0.0,18:15:00,,0.0,2,"Automóvil,Pickup/Utilitario",Rio De Janeiro ,3,2,0,0,1,0,0,,Calle,,ROSARIO,Rosario,Asfalto,S/D,II,S/D,Urbana,S/D,S/D,Recta,S/D,S/D,S/D,S/D,S/D,S/D,S/D,S/D,S/D,S/D,S/D,"-32.9578424, -60.6852857",['Río de Janeiro'],1,Río de Janeiro,-32.9578424,-60.6852857,55.0,538.0,Municipio Rosario,Municipio,Rosario,820210,Servicio de Catastro e Información Territorial,IGN
2013,13544,2013-12-08,Domingo,0.0,15:10:00,,0.0,3,"Pickup/Utilitario,Pickup/Utilitario,Peatón",French Y Larrea,3,2,0,0,1,0,0,,Calle,,ROSARIO,Rosario,Asfalto,No existe,II,S/D,Urbana,Ninguna,No existe,Intersección,Bueno,Buena,Diurna,Buen Tiempo,S/D,S/D,"Colisión,Atropello",S/D,Faltante,Ninguna,Sin restricción,POINT (-60.697986 -32.92137499999999),"['French', 'Larrea']",2,Domingo French; Larrea,-32.92137499999999,-60.697986,55.0,538.0,Municipio Rosario,Municipio,Rosario,820210,Servicio de Catastro e Información Territorial,IGN
2013,13546,2013-11-14,Jueves,0.0,,,0.0,2,"Moto/Ciclomotor,Automóvil",Montevideo Y Vera Mujica,3,2,0,0,1,0,0,,Calle,,ROSARIO,Rosario,Asfalto,S/D,II,S/D,Urbana,S/D,S/D,Intersección,S/D,S/D,S/D,S/D,S/D,S/D,Colisión,S/D,S/D,S/D,S/D,POINT (-60.6693572 -32.95101059999999),"['Montevideo', 'Vera Mujíca']",2,Montevideo; Vera Mujíca,-32.95101059999999,-60.6693572,55.0,538.0,Municipio Rosario,Municipio,Rosario,820210,Servicio de Catastro e Información Territorial,IGN
2013,13548,2013-12-08,Domingo,0.0,16:15:00,,0.0,2,"Automóvil,Moto/Ciclomotor",Santa Fe Y Vera Mujica,2,1,0,0,1,0,0,,Calle,,ROSARIO,Rosario,Asfalto,No existe,II,S/D,Urbana,Semáforo,Funciona,Recta,Bueno,Buena,Diurna,Buen Tiempo,S/D,S/D,Colisión,Ninguna,Horizontal,Ninguna,Sin restricción,POINT (-60.6665625 -32.9399498),"['Santa Fe', 'Vera Mujíca']",2,Santa Fe; Vera Mujíca,-32.9399498,-60.6665625,55.0,538.0,Municipio Rosario,Municipio,Rosario,820210,Servicio de Catastro e Información Territorial,IGN
2013,13549,2013-12-16,Lunes,0.0,10:30:00,,0.0,2,"Peatón,Automóvil",Av. Uriburu Y San Martin,2,1,0,0,1,0,0,,Calle,,ROSARIO,Rosario,Asfalto,No existe,II,Dentro,Urbana,Semáforo,Funciona,Intersección,S/D,Buena,Diurna,S/D,S/D,S/D,Atropello,S/D,S/D,Cordón divisorio,Sin restricción,POINT (-60.646703949999996 -32.99069289999999),"['Uriburu', 'San Martin']",2,Avenida José Uriburu; José de San Martín,-32.99069289999999,-60.64670395,55.0,538.0,Municipio Rosario,Municipio,Rosario,820210,Servicio de Catastro e Información Territorial,IGN
2013,13551,2013-12-13,Viernes,0.0,22:20:00,,0.0,2,"Moto/Ciclomotor,Automóvil",Ayacucho Y Av. Arijon,2,1,0,0,1,0,0,,Calle,,ROSARIO,Rosario,Asfalto,No existe,II,Dentro,Urbana,Ninguna,Intermitente,Intersección,Bueno,Buena,Nocturna,Buen Tiempo,Lateral,S/D,Colisión,S/D,S/D,Ninguna,Sin restricción,POINT (-60.6360487 -33.00266679999999),"['Ayacucho', 'Avenida Manuel Arijón']",2,Ayacucho; Avenida Manuel Arijón,-33.00266679999999,-60.6360487,55.0,538.0,Municipio Rosario,Municipio,Rosario,820210,Servicio de Catastro e Información Territorial,IGN
2013,13552,2013-12-20,Viernes,0.0,12:30:00,,0.0,2,"Moto/Ciclomotor,Automóvil",Lola Mora Y Pavon,3,1,0,0,2,0,0,,Calle,,ROSARIO,Rosario,Asfalto,No existe,II,Dentro,Urbana,Ninguna,No existe,Intersección,S/D,Buena,Diurna,S/D,Lateral,S/D,Colisión,S/D,S/D,Ninguna,S/D,POINT (-60.6346048 -32.9910567),"['Lola Mora', 'Pavón']",2,Lola Mora; Pavón,-32.9910567,-60.6346048,55.0,538.0,Municipio Rosario,Municipio,Rosario,820210,Servicio de Catastro e Información Territorial,IGN
2013,13553,2013-12-17,Martes,0.0,08:40:00,,0.0,2,"Automóvil,Moto/Ciclomotor",Dorrego Y Coulin,2,1,0,0,1,0,0,,Avenida,,ROSARIO,Rosario,Asfalto,No existe,II,Dentro,Urbana,Ninguna,No existe,Intersección,Bueno,Buena,Diurna,Buen Tiempo,Lateral,S/D,Colisión,Ninguna,Faltante,Ninguna,Sin restricción,POINT (-60.6606613 -32.9897457),"['Dorrego', 'Coulin']",2,Manuel Dorrego; Coulin,-32.9897457,-60.6606613,55.0,538.0,Municipio Rosario,Municipio,Rosario,820210,Servicio de Catastro e Información Territorial,IGN
2013,13554,2013-12-04,Miercoles,0.0,12:15:00,,0.0,2,"Bicicleta,Automóvil",España Y Viamonte,2,1,0,0,1,0,0,,Calle,,ROSARIO,Rosario,Asfalto,S/D,II,S/D,Urbana,S/D,S/D,Recta,S/D,S/D,S/D,S/D,S/D,S/D,Atropello,S/D,S/D,S/D,S/D,POINT (-60.651243300000004 -32.9638718),"['España', 'Viamonte']",2,España; Viamonte,-32.9638718,-60.6512433,55.0,538.0,Municipio Rosario,Municipio,Rosario,820210,Servicio de Catastro e Información Territorial,IGN
2013,13555,2013-12-22,Domingo,0.0,06:15:00,,0.0,1,Moto/Ciclomotor,Callao Y Tucuman,2,1,0,0,1,0,0,,Calle,,ROSARIO,Rosario,Asfalto,S/D,II,Dentro,Urbana,Semáforo,Funciona,Recta,Bueno,S/D,S/D,S/D,S/D,S/D,Vuelco,S/D,Horizontal,S/D,S/D,POINT (-60.65895690000001 -32.93787960000001),"['Callao', 'Tucumán']",2,Callao; Tucumán,-32.93787960000001,-60.65895690000001,55.0,538.0,Municipio Rosario,Municipio,Rosario,820210,Servicio de Catastro e Información Territorial,IGN