anio_acci,nro_acci,fecha,desc_dia,fecha_aprox,hora_aprox,desc_ruta,km,cant_participantes,desc_participante,calle_avenida_km,total,heridos_leves,heridos_graves,heridos_gravisimos,ilesos,fallecidos,sin_datos,posicion_XY,desc_tipo_via,desc_ruta_ori,desc_loc,desc_dpto,desc_tipo_calzada,desc_tipo_banquina,desc_unidad_regional,desc_lugar_calzada,desc_zona,desc_prioridad,desc_estado_semaforo,desc_lugar_via,desc_estado_via,desc_estado_visibilidad,desc_luminosidad,desc_estado_clima,desc_tipo_colision,desc_tipo_atropello,desc_tipo_hecho,desc_pres_calzada,desc_senializacion,desc_separacion_via,desc_restriccion,forma_geocod,calle_lista,numero_calles,calles_osm,lat,lon,index_right,gid,fna,gna,nam,in1,fdc,sag
2013,13556,2013-12-07,Sabado,0.0,04:45:00,,0.0,2,"Moto/Ciclomotor,Moto/Ciclomotor",J.J.Paso Y Peru,3,2,0,0,0,0,1,,S/D,,ROSARIO,Rosario,Asfalto,S/D,II,S/D,Urbana,Ninguna,No existe,Intersección,Bueno,Buena,Nocturna,Otro,Lateral,S/D,Colisión,S/D,Faltante,Ninguna,Sin restricción,POINT (-60.7122445 -32.92020970000001),"['Paso', 'Peru']",2,Avenida Juan José Paso; Perú,-32.92020970000001,-60.7122445,55.0,538.0,Municipio Rosario,Municipio,Rosario,820210,Servicio de Catastro e Información Territorial,IGN
2013,13558,2013-12-05,Jueves,0.0,13:00:00,,0.0,2,"Automóvil,Moto/Ciclomotor",Alvear Y Rueda,2,1,0,0,1,0,0,,Calle,,ROSARIO,Rosario,Asfalto,No existe,II,S/D,Urbana,S/D,S/D,Intersección,S/D,S/D,Diurna,S/D,S/D,S/D,Colisión,S/D,S/D,S/D,S/D,POINT (-60.66085950000001 -32.96812210000001),"['Alvear', 'Rueda']",2,Alvear; Rueda,-32.96812210000001,-60.66085950000001,55.0,538.0,Municipio Rosario,Municipio,Rosario,820210,Servicio de Catastro e Información Territorial,IGN
2013,13560,2013-12-16,Lunes,0.0,08:00:00,,0.0,2,"Automóvil,Moto/Ciclomotor",3 De Febrero Y Carriego,2,1,0,0,1,0,0,,Calle,,ROSARIO,Rosario,Asfalto,S/D,II,S/D,Urbana,S/D,S/D,Intersección,S/D,S/D,S/D,S/D,S/D,S/D,Colisión,S/D,S/D,S/D,S/D,POINT (-60.6902317 -32.9437381),"['3 de Febrero', 'Carriego']",2,3 de Febrero; Carriego,-32.9437381,-60.6902317,55.0,538.0,Municipio Rosario,Municipio,Rosario,820210,Servicio de Catastro e Información Territorial,IGN
2013,13563,2013-12-01,Domingo,0.0,06:55:00,,0.0,2,"Automóvil,Taxi/Remis",Av. Alberti Y J.Canning Bis,4,3,0,0,1,0,0,,Avenida,,ROSARIO,Rosario,S/D,S/D,II,S/D,Urbana,S/D,S/D,S/D,S/D,S/D,Amanecer,S/D,S/D,S/D,Colisión,S/D,S/D,S/D,S/D,POINT (-60.6747853 -32.92866630000002),"['Alberdi', 'Canning']",2,Avenida Alberdi; Canning,-32.92866630000002,-60.6747853,55.0,538.0,Municipio Rosario,Municipio,Rosario,820210,Servicio de Catastro e Información Territorial,IGN
2013,13564,2013-12-05,Jueves,0.0,12:00:00,,0.0,2,"Automóvil,Moto/Ciclomotor",Bv. 27 De Febrero Y San Martin,2,1,0,0,1,0,0,,Avenida,,ROSARIO,Rosario,Asfalto,S/D,II,S/D,Urbana,S/D,Funciona,Intersección,S/D,S/D,Diurna,S/D,Frontal,S/D,Colisión,S/D,Vertical,S/D,S/D,POINT (-60.642020650000006 -32.96785644999999),"['27 de Febrero', 'San Martin']",2,Bulevar 27 de Febrero; José de San Martín,-32.96785644999999,-60.642020650000006,55.0,538.0,Municipio Rosario,Municipio,Rosario,820210,Servicio de Catastro e Información Territorial,IGN
2013,13568,2013-12-26,Jueves,0.0,16:45:00,,0.0,2,"Moto/Ciclomotor,Automóvil",Av. Uriburu Y Laprida,3,2,0,0,1,0,0,,S/D,,ROSARIO,Rosario,Asfalto,No existe,II,S/D,S/D,Señal Pare,No existe,Intersección,S/D,Buena,Diurna,Buen Tiempo,Lateral,S/D,Colisión,S/D,S/D,Cordón divisorio,Sin restricción,POINT (-60.645184500000006 -32.990651),"['Uriburu', 'Laprida']",2,Avenida José Uriburu; Francisco Narciso Laprida,-32.990651,-60.645184500000006,55.0,538.0,Municipio Rosario,Municipio,Rosario,820210,Servicio de Catastro e Información Territorial,IGN
2013,13570,2013-12-16,Lunes,0.0,01:10:00,,0.0,2,"Automóvil,Moto/Ciclomotor",San Juan Y Constitucion,5,2,0,0,3,0,0,,Calle,,ROSARIO,Rosario,Asfalto,S/D,II,S/D,Urbana,S/D,S/D,Intersección,S/D,S/D,Nocturna,S/D,S/D,S/D,Colisión,S/D,S/D,S/D,S/D,POINT (-60.674634700000006 -32.9438015),"['San Juan', 'Constitución']",2,San Juan; Constitución,-32.9438015,-60.674634700000006,55.0,538.0,Municipio Rosario,Municipio,Rosario,820210,Servicio de Catastro e Información Territorial,IGN
2013,13572,2013-12-30,Lunes,0.0,19:30:00,,0.0,2,"Moto/Ciclomotor,Automóvil",Av. Uriburu Y Laprida,4,2,0,0,2,0,0,,Avenida,,ROSARIO,Rosario,Asfalto,No existe,II,Dentro,Urbana,Señal Pare,No existe,Intersección,S/D,Buena,Diurna,Buen Tiempo,Lateral,S/D,Colisión,S/D,Horizontal,Cordón divisorio,Sin restricción,POINT (-60.645184500000006 -32.990651),"['Uriburu', 'Laprida']",2,Avenida José Uriburu; Francisco Narciso Laprida,-32.990651,-60.645184500000006,55.0,538.0,Municipio Rosario,Municipio,Rosario,820210,Servicio de Catastro e Información Territorial,IGN
2013,13574,2013-12-23,Lunes,0.0,21:20:00,,0.0,2,"Moto/Ciclomotor,Automóvil",Bv. Rondeau Y Maciel,2,1,0,0,1,0,0,,Avenida,,ROSARIO,Rosario,S/D,S/D,II,Dentro,Urbana,Semáforo,Funciona,Intersección,S/D,S/D,Nocturna,S/D,Frontal,S/D,Colisión,S/D,S/D,S/D,S/D,POINT (-60.689565099999996 -32.90381935),"['Rondeau', 'Maciel']",2,Bulevar General José Rondeau; Maciel,-32.90381935,-60.6895651,55.0,538.0,Municipio Rosario,Municipio,Rosario,820210,Servicio de Catastro e Información Territorial,IGN
2013,13576,2013-12-06,Viernes,0.0,09:40:00,,0.0,2,"Moto/Ciclomotor,Automóvil",Viamonte Y Paraguay,2,1,0,0,1,0,0,,Calle,,ROSARIO,Rosario,Asfalto,S/D,II,S/D,Urbana,S/D,S/D,Intersección,S/D,S/D,Diurna,S/D,Frontal,S/D,Colisión,S/D,S/D,S/D,S/D,POINT (-60.64849989999999 -32.9643589),"['Viamonte', 'Paraguay']",2,Viamonte; Paraguay,-32.9643589,-60.64849989999999,55.0,538.0,Municipio Rosario,Municipio,Rosario,820210,Servicio de Catastro e Información Territorial,IGN
2013,13577,2013-12-06,Viernes,0.0,10:30:00,,0.0,2,"Peatón,Moto/Ciclomotor",Luis Vila Y Valentin Gomez,2,2,0,0,0,0,0,,Calle,,ROSARIO,Rosario,Asfalto,S/D,II,Dentro,Urbana,Ninguna,S/D,Recta,S/D,S/D,Diurna,S/D,Frontal,S/D,Atropello,S/D,S/D,S/D,Sin restricción,POINT (-60.6959299 -32.8991771),"['Doctor Vila', 'Valentín Gómez']",2,Doctor Vila; Valentín Gómez,-32.8991771,-60.6959299,55.0,538.0,Municipio Rosario,Municipio,Rosario,820210,Servicio de Catastro e Información Territorial,IGN
2013,13578,2013-12-14,Sabado,0.0,21:00:00,,0.0,2,"Automóvil,Moto/Ciclomotor",Lima Y Av. Pellegrini,3,2,0,0,1,0,0,,Calle,,ROSARIO,Rosario,S/D,S/D,II,S/D,Urbana,S/D,S/D,S/D,S/D,S/D,Nocturna,S/D,S/D,S/D,Colisión,S/D,S/D,S/D,S/D,POINT (-60.68596305 -32.94921605),"['Lima', 'Pellegrini']",2,Lima; Avenida Carlos Pellegrini,-32.94921605,-60.68596305,55.0,538.0,Municipio Rosario,Municipio,Rosario,820210,Servicio de Catastro e Información Territorial,IGN
2013,13579,2013-12-10,Martes,0.0,18:30:00,,0.0,2,"Automóvil,Pickup/Utilitario",Av. Sorrento Y Renan,2,1,0,0,0,0,1,,Calle,,ROSARIO,Rosario,Asfalto,S/D,II,S/D,S/D,Semáforo,Funciona,Intersección,S/D,S/D,Diurna,S/D,Frontal,S/D,Colisión,S/D,S/D,S/D,Sin restricción,POINT (-60.69517745 -32.90728005),"['Sorrento', 'Renán']",2,Avenida Sorrento; Renán,-32.90728005,-60.69517745,55.0,538.0,Municipio Rosario,Municipio,Rosario,820210,Servicio de Catastro e Información Territorial,IGN
2013,13580,2013-05-21,Martes,0.0,,,0.0,3,"Automóvil,Automóvil,Taxi/Remis",Mendoza Y Lavalle,4,0,0,0,1,0,3,,S/D,,ROSARIO,Rosario,Asfalto,S/D,II,S/D,Urbana,S/D,S/D,Intersección,S/D,S/D,S/D,S/D,S/D,S/D,Colisión,S/D,S/D,Cordón divisorio,S/D,POINT (-60.6790805 -32.94448080000001),"['Mendoza', 'Lavalle']",2,Mendoza; Lavalle,-32.94448080000001,-60.6790805,55.0,538.0,Municipio Rosario,Municipio,Rosario,820210,Servicio de Catastro e Información Territorial,IGN
2013,13581,2013-12-11,Miercoles,0.0,12:00:00,,0.0,2,"Automóvil,Automóvil",Bv. 27 De Febrero Y Dorrego,3,1,0,0,2,0,0,,Avenida,,ROSARIO,Rosario,Asfalto,S/D,II,S/D,Urbana,S/D,Funciona,Recta,S/D,S/D,Diurna,S/D,De alcance,S/D,Colisión,S/D,Vertical,S/D,S/D,POINT (-60.654544 -32.965619399999994),"['27 de Febrero', 'Dorrego']",2,Bulevar 27 de Febrero; Manuel Dorrego,-32.965619399999994,-60.654544,55.0,538.0,Municipio Rosario,Municipio,Rosario,820210,Servicio de Catastro e Información Territorial,IGN
2013,13582,2013-12-07,Sabado,0.0,07:20:00,,0.0,2,"Camión,Moto/Ciclomotor",Av. Sorrento Y Pacheco,4,3,0,0,1,0,0,,Calle,,ROSARIO,Rosario,Asfalto,S/D,II,Dentro,Urbana,Ninguna,S/D,Recta,S/D,S/D,Amanecer,S/D,Frontal,S/D,Colisión,S/D,S/D,S/D,Sin restricción,POINT (-60.6933549 -32.907241199999994),"['Sorrento', 'Ángel Pacheco']",2,Avenida Sorrento; Ángel Pacheco,-32.907241199999994,-60.6933549,55.0,538.0,Municipio Rosario,Municipio,Rosario,820210,Servicio de Catastro e Información Territorial,IGN
2013,13583,2013-12-15,Domingo,0.0,09:30:00,,0.0,2,"Moto/Ciclomotor,Automóvil",Mitre Y Ocampo,3,1,0,0,2,0,0,,Calle,,ROSARIO,Rosario,Asfalto,S/D,II,S/D,Urbana,S/D,S/D,Intersección,S/D,S/D,Diurna,S/D,S/D,S/D,Colisión,S/D,S/D,S/D,S/D,POINT (-60.6445716 -32.96621689999999),"['Mitre', 'Ocampo']",2,Bartolomé Mitre; Ocampo,-32.96621689999999,-60.6445716,55.0,538.0,Municipio Rosario,Municipio,Rosario,820210,Servicio de Catastro e Información Territorial,IGN
2013,13584,2013-12-07,Sabado,0.0,06:50:00,,0.0,2,"Pickup/Utilitario,Moto/Ciclomotor",Av. Genova Y Olavarria Bis,3,2,0,0,1,0,0,,Calle,,ROSARIO,Rosario,Asfalto,S/D,II,S/D,Urbana,S/D,Funciona,Intersección,Bueno,Buena,Amanecer,Buen Tiempo,Lateral,S/D,Colisión,S/D,Horizontal,Ninguna,Sin restricción,POINT (-60.7045378 -32.9157452),"['Genova', 'Olavarría']",2,Avenida Génova; Olavarría,-32.9157452,-60.7045378,55.0,538.0,Municipio Rosario,Municipio,Rosario,820210,Servicio de Catastro e Información Territorial,IGN
2013,13586,2013-12-17,Martes,0.0,12:40:00,,0.0,2,"Peatón,Automóvil",Rioja Y Rodriguez,2,1,0,0,1,0,0,,Calle,,ROSARIO,Rosario,Asfalto,S/D,II,S/D,Urbana,S/D,S/D,Intersección,S/D,S/D,Diurna,S/D,S/D,S/D,Atropello,S/D,S/D,S/D,S/D,POINT (-60.6733344 -32.94138749999999),"['Rioja', 'Rodríguez']",2,"('Rioja', 'Rodríguez de Escobedo')",-32.94138749999999,-60.6733344,55.0,538.0,Municipio Rosario,Municipio,Rosario,820210,Servicio de Catastro e Información Territorial,IGN
2013,13587,2013-12-22,Domingo,0.0,00:00:00,,0.0,2,"Moto/Ciclomotor,Automóvil",Bv. Rondeau Y Av. Puccio,3,2,0,0,1,0,0,,Avenida,,ROSARIO,Rosario,Asfalto,S/D,II,Dentro,Urbana,S/D,S/D,Recta,S/D,S/D,Nocturna,S/D,Frontal,S/D,Colisión,S/D,S/D,S/D,S/D,POINT (-60.69223824000001 -32.894806720000005),"['Rondeau', 'Puccio']",2,Bulevar General José Rondeau; Avenida José Nicolás Puccio,-32.894806720000005,-60.69223824000001,55.0,538.0,Municipio Rosario,Municipio,Rosario,820210,Servicio de Catastro e Información Territorial,IGN
2013,13588,2013-12-13,Viernes,0.0,12:30:00,,0.0,2,"Automóvil,Automóvil",Castellanos Y 3 De Febrero,2,2,0,0,0,0,0,,Calle,,ROSARIO,Rosario,Asfalto,S/D,II,S/D,Urbana,S/D,S/D,Intersección,S/D,S/D,S/D,S/D,S/D,S/D,S/D,S/D,S/D,S/D,S/D,POINT (-60.6767004 -32.9461743),"['Aaron Castellanos', '3 de Febrero']",2,Aaron Castellanos; 3 de Febrero,-32.9461743,-60.6767004,55.0,538.0,Municipio Rosario,Municipio,Rosario,820210,Servicio de Catastro e Información Territorial,IGN
2013,13589,2013-12-21,Sabado,0.0,19:00:00,,0.0,2,"Moto/Ciclomotor,Automóvil",Av. Francia Y Riobamba,3,1,0,0,2,0,0,,Avenida,,ROSARIO,Rosario,Asfalto,S/D,II,S/D,Urbana,S/D,S/D,Intersección,S/D,S/D,Atardecer,S/D,S/D,S/D,Colisión,S/D,S/D,S/D,S/D,POINT (-60.669701450000005 -32.958119749999994),"['Avenida Francia', 'Riobamba']",2,Avenida Francia; Riobamba,-32.958119749999994,-60.669701450000005,55.0,538.0,Municipio Rosario,Municipio,Rosario,820210,Servicio de Catastro e Información Territorial,IGN
2013,13590,2013-12-08,Domingo,0.0,19:40:00,,0.0,2,"Automóvil,Automóvil",J.C.Paz Y Freyre,2,1,0,0,1,0,0,,Calle,,ROSARIO,Rosario,Asfalto,S/D,II,Dentro,Urbana,S/D,S/D,Intersección,S/D,S/D,Atardecer,S/D,Lateral,S/D,Colisión,S/D,S/D,S/D,Sin restricción,POINT (-60.6902908 -32.892774599999996),"['Paz', 'Freyre']",2,Marcos Paz; Freyre,-32.8927746,-60.6902908,55.0,538.0,Municipio Rosario,Municipio,Rosario,820210,Servicio de Catastro e Información Territorial,IGN
2013,13591,2013-12-18,Miercoles,0.0,15:30:00,,0.0,2,"Moto/Ciclomotor,Moto/Ciclomotor",Pje. Bogado Y Diaz Velez,2,1,0,0,1,0,0,,Calle,,ROSARIO,Rosario,S/D,S/D,II,S/D,Urbana,S/D,S/D,S/D,S/D,S/D,Diurna,S/D,S/D,S/D,Colisión,S/D,S/D,S/D,S/D,POINT (-60.68466949999999 -32.92567319999999),"['Bogado', 'Díaz Vélez']",2,Pasaje Bogado; Díaz Vélez,-32.92567319999999,-60.68466949999999,55.0,538.0,Municipio Rosario,Municipio,Rosario,820210,Servicio de Catastro e Información Territorial,IGN
2013,13592,2013-12-12,Jueves,0.0,,,0.0,2,"Moto/Ciclomotor,Moto/Ciclomotor",Constitucion Y 9 De Julio,3,3,0,0,0,0,0,,Calle,,ROSARIO,Rosario,Asfalto,S/D,II,S/D,Urbana,S/D,S/D,Intersección,S/D,S/D,S/D,S/D,S/D,S/D,S/D,S/D,S/D,S/D,S/D,POINT (-60.67555579999999 -32.9474772),"['Constitución', '9 de Julio']",2,Constitución; 9 de Julio,-32.9474772,-60.67555579999999,55.0,538.0,Municipio Rosario,Municipio,Rosario,820210,Servicio de Catastro e Información Territorial,IGN
2013,13593,2013-12-20,Viernes,0.0,19:30:00,,0.0,2,"Automóvil,Automóvil",Bv. Rondeau Y Nansen,4,2,0,0,1,0,1,,Avenida,,ROSARIO,Rosario,Asfalto,S/D,II,S/D,Urbana,Semáforo,Funciona,Intersección,S/D,S/D,Atardecer,S/D,Frontal,S/D,Colisión,S/D,S/D,S/D,S/D,POINT (-60.68788825 -32.909382825),"['Rondeau', 'Nansen']",2,Bulevar General José Rondeau; Avenida Nansen,-32.909382825,-60.68788825,55.0,538.0,Municipio Rosario,Municipio,Rosario,820210,Servicio de Catastro e Información Territorial,IGN
2013,13594,2013-12-10,Martes,0.0,18:30:00,,0.0,2,"Moto/Ciclomotor,Taxi/Remis",Cafferata Y Montevideo,2,1,0,0,1,0,0,,S/D,,ROSARIO,Rosario,Asfalto,S/D,II,S/D,Urbana,S/D,S/D,Intersección,S/D,S/D,S/D,S/D,S/D,S/D,S/D,S/D,S/D,S/D,S/D,POINT (-60.67339379999999 -32.950285199999996),"['Cafferata', 'Montevideo']",2,Cafferata; Montevideo,-32.9502852,-60.67339379999999,55.0,538.0,Municipio Rosario,Municipio,Rosario,820210,Servicio de Catastro e Información Territorial,IGN
2013,13595,2013-12-12,Jueves,0.0,01:20:00,,0.0,2,"Moto/Ciclomotor,Automóvil",G.Carrasco 3700,3,2,0,0,1,0,0,,Calle,,ROSARIO,Rosario,Asfalto,S/D,II,Dentro,Urbana,S/D,S/D,Recta,S/D,S/D,Nocturna,S/D,Frontal,S/D,Colisión,S/D,Horizontal,S/D,Sin restricción,"-32.87174, -60.6901909",['G Carrasco 3700'],1,G Carrasco 3700,-32.87174,-60.6901909,55.0,538.0,Municipio Rosario,Municipio,Rosario,820210,Servicio de Catastro e Información Territorial,IGN
2013,13597,2013-12-14,Sabado,0.0,22:00:00,,0.0,2,"Peatón,Taxi/Remis",San Luis Y Mariano Moreno,2,1,0,0,1,0,0,,Calle,,ROSARIO,Rosario,Asfalto,S/D,II,Dentro,Urbana,Marca Vial,No existe,Intersección,Bueno,Buena,"Nocturna,Con luz artificial",Buen Tiempo,S/D,S/D,Atropello,S/D,Faltante,Cordón divisorio,Sin restricción,POINT (-60.6512659 -32.94680389999999),"['San Luis', 'Mariano Moreno']",2,San Luis; Mariano Moreno,-32.94680389999999,-60.6512659,55.0,538.0,Municipio Rosario,Municipio,Rosario,820210,Servicio de Catastro e Información Territorial,IGN
2013,13598,2013-12-05,Jueves,0.0,15:00:00,,0.0,2,"Automóvil,Automóvil",Catamarca Y Alsina,2,1,0,0,1,0,0,,Calle,,ROSARIO,Rosario,Asfalto,No existe,II,S/D,Urbana,Ninguna,No existe,Recta,Bueno,Buena,Diurna,Buen Tiempo,Otro,S/D,Colisión,Ninguna,Faltante,Ninguna,Sin restricción,POINT (-60.674936100000004 -32.933791899999996),"['Catamarca', 'Alsina']",2,Catamarca; Alsina,-32.9337919,-60.6749361,55.0,538.0,Municipio Rosario,Municipio,Rosario,820210,Servicio de Catastro e Información Territorial,IGN
2013,13599,2013-12-23,Lunes,0.0,07:55:00,,0.0,2,"Automóvil,Automóvil",Cochabamba Y España,2,1,0,0,1,0,0,,Calle,,ROSARIO,Rosario,Asfalto,S/D,II,S/D,Urbana,S/D,S/D,Recta,S/D,S/D,Diurna,S/D,De alcance,S/D,Colisión,S/D,S/D,S/D,S/D,POINT (-60.649499 -32.9569347),"['Cochabamba', 'España']",2,Cochabamba; España,-32.9569347,-60.649499,55.0,538.0,Municipio Rosario,Municipio,Rosario,820210,Servicio de Catastro e Información Territorial,IGN
2013,13600,2013-12-06,Viernes,0.0,05:05:00,,0.0,2,"Automóvil,Automóvil",Av. Pellegrini Y Av. Corrientes,4,2,0,0,2,0,0,,Avenida,,ROSARIO,Rosario,Asfalto,S/D,II,Dentro,Urbana,Semáforo,Funciona,Intersección,Bueno,S/D,Nocturna,Buen Tiempo,Lateral,S/D,Colisión,S/D,Vertical,Cordón divisorio,Sin restricción,POINT (-60.645055850000006 -32.95655624999999),"['Pellegrini', 'Corrientes']",2,Avenida Carlos Pellegrini; Corrientes,-32.95655624999999,-60.645055850000006,55.0,538.0,Municipio Rosario,Municipio,Rosario,820210,Servicio de Catastro e Información Territorial,IGN
2013,13601,2013-12-11,Miercoles,0.0,07:00:00,,0.0,2,"Automóvil,Automóvil",Servando Bayo Y Montevideo,2,1,0,0,1,0,0,,S/D,,ROSARIO,Rosario,Asfalto,S/D,II,S/D,Urbana,S/D,S/D,Intersección,S/D,S/D,S/D,S/D,S/D,S/D,S/D,S/D,S/D,S/D,S/D,POINT (-60.6870051 -32.9478573),"['Servando Bayo', 'Montevideo']",2,Servando Bayo; Montevideo,-32.9478573,-60.6870051,55.0,538.0,Municipio Rosario,Municipio,Rosario,820210,Servicio de Catastro e Información Territorial,IGN
2013,13602,2013-12-23,Lunes,0.0,08:45:00,,0.0,2,"Taxi/Remis,Moto/Ciclomotor",Av. Corrientes Y Cochabamba,2,1,0,0,1,0,0,,Calle,,ROSARIO,Rosario,Asfalto,S/D,II,S/D,Urbana,S/D,S/D,Intersección,S/D,S/D,Diurna,S/D,S/D,S/D,Colisión,S/D,Faltante,S/D,S/D,POINT (-60.6453441 -32.9576917),"['Corrientes', 'Cochabamba']",2,Corrientes; Cochabamba,-32.9576917,-60.6453441,55.0,538.0,Municipio Rosario,Municipio,Rosario,820210,Servicio de Catastro e Información Territorial,IGN
2013,13603,2013-12-08,Domingo,0.0,21:00:00,,0.0,2,"Moto/Ciclomotor,Automóvil",E.Zeballos Y Balcarce,3,1,0,0,2,0,0,,Calle,,ROSARIO,Rosario,Asfalto,S/D,II,Dentro,Urbana,Ninguna,No existe,Recta,Bueno,Buena,"Nocturna,Con luz artificial",Buen Tiempo,Frontal,S/D,Colisión,S/D,Faltante,Cordón divisorio,Sin restricción,POINT (-60.6541017 -32.9525317),"['Zeballos', 'Balcarce']",2,Zeballos; Balcarce,-32.9525317,-60.6541017,55.0,538.0,Municipio Rosario,Municipio,Rosario,820210,Servicio de Catastro e Información Territorial,IGN
2013,13604,2013-12-01,Domingo,0.0,13:00:00,,0.0,2,"Bicicleta,Automóvil",3 De Febrero 1100,2,1,0,0,1,0,0,,Calle,,ROSARIO,Rosario,Asfalto,S/D,II,Dentro,Urbana,Ninguna,No existe,Recta,Bueno,Buena,Diurna,Buen Tiempo,Otro,S/D,Otro,S/D,Faltante,Cordón divisorio,Sin restricción,"-32.9527281, -60.6396255",['3 De Febrero 1100'],1,3 De Febrero 1100,-32.9527281,-60.6396255,55.0,538.0,Municipio Rosario,Municipio,Rosario,820210,Servicio de Catastro e Información Territorial,IGN
2013,13605,2013-12-09,Lunes,0.0,14:25:00,,0.0,2,"Automóvil,Automóvil",E.Zeballos Y Vera Mujica,3,2,0,0,1,0,0,,Calle,,ROSARIO,Rosario,Asfalto,S/D,II,S/D,Urbana,S/D,S/D,Intersección,S/D,S/D,S/D,S/D,S/D,S/D,S/D,S/D,S/D,S/D,S/D,POINT (-60.6690626 -32.9498445),"['Zeballos', 'Vera Mujíca']",2,Zeballos; Vera Mujíca,-32.9498445,-60.6690626,55.0,538.0,Municipio Rosario,Municipio,Rosario,820210,Servicio de Catastro e Información Territorial,IGN
2013,13606,2013-12-01,Domingo,0.0,05:00:00,,0.0,2,"Automóvil,Automóvil",Italia Y 3 De Febrero,6,6,0,0,0,0,0,,Calle,,ROSARIO,Rosario,Asfalto,S/D,II,Dentro,Urbana,Ninguna,No existe,Intersección,Bueno,Buena,"Nocturna,Con luz artificial",Buen Tiempo,Lateral,S/D,Colisión,S/D,Faltante,Cordón divisorio,Sin restricción,POINT (-60.6494628 -32.95104619999999),"['Italia', '3 de Febrero']",2,Italia; 3 de Febrero,-32.95104619999999,-60.6494628,55.0,538.0,Municipio Rosario,Municipio,Rosario,820210,Servicio de Catastro e Información Territorial,IGN
2013,13607,2013-12-30,Lunes,0.0,23:00:00,,0.0,2,"Automóvil,Pickup/Utilitario",Pte.Roca Y San Luis,2,1,0,0,1,0,0,,Calle,,ROSARIO,Rosario,Asfalto,No existe,II,Dentro,Urbana,Ninguna,No existe,Recta,Con baches,Buena,Diurna,Buen Tiempo,Frontal,S/D,Colisión,S/D,Faltante,Ninguna,Sin restricción,POINT (-60.6457427 -32.9477862),"['Roca', 'San Luis']",2,Presidente Roca; San Luis,-32.9477862,-60.6457427,55.0,538.0,Municipio Rosario,Municipio,Rosario,820210,Servicio de Catastro e Información Territorial,IGN
2013,13608,2013-12-28,Sabado,0.0,18:10:00,,0.0,2,"Moto/Ciclomotor,Automóvil",Mendoza 1600,2,1,0,0,1,0,0,,Calle,,ROSARIO,Rosario,Asfalto,S/D,II,Dentro,Urbana,Ninguna,No existe,Recta,Bueno,Buena,Diurna,Buen Tiempo,Frontal,S/D,Colisión,S/D,Faltante,Ninguna,Sin restricción,"-32.9502701, -60.6462432",['Mendoza 1600'],1,Mendoza 1600,-32.9502701,-60.6462432,55.0,538.0,Municipio Rosario,Municipio,Rosario,820210,Servicio de Catastro e Información Territorial,IGN
2013,13609,2013-12-28,Sabado,0.0,12:40:00,,0.0,2,"Automóvil,Automóvil",Av. Sorrento Y Av. Casiano Casas,4,1,0,0,3,0,0,,Avenida,,ROSARIO,Rosario,S/D,S/D,II,Dentro,Urbana,S/D,S/D,Intersección,S/D,S/D,Diurna,S/D,Frontal,S/D,Colisión,S/D,S/D,S/D,S/D,POINT (-60.695695025000006 -32.90729415),"['Sorrento', 'Avenida Casiano Casas']",2,Avenida Sorrento; Avenida Casiano Casas,-32.90729415,-60.695695025000006,55.0,538.0,Municipio Rosario,Municipio,Rosario,820210,Servicio de Catastro e Información Territorial,IGN
2013,13610,2013-12-06,Viernes,0.0,16:00:00,,0.0,2,"Moto/Ciclomotor,Automóvil",Santiago Y Jujuy,2,1,0,0,1,0,0,,Calle,,ROSARIO,Rosario,Asfalto,No existe,II,S/D,Urbana,Ninguna,No existe,Recta,Bueno,Buena,Diurna,Buen Tiempo,Otro,S/D,Colisión,S/D,Faltante,Ninguna,Sin restricción,POINT (-60.65392260000001 -32.9350458),"['Santiago', 'Jujuy']",2,Santiago; Jujuy,-32.9350458,-60.65392260000001,55.0,538.0,Municipio Rosario,Municipio,Rosario,820210,Servicio de Catastro e Información Territorial,IGN
2013,13612,2013-12-22,Domingo,0.0,22:10:00,,0.0,2,"Moto/Ciclomotor,Automóvil",Sarmiento 800,2,1,0,0,1,0,0,,Calle,,ROSARIO,Rosario,Asfalto,S/D,II,Dentro,Urbana,Ninguna,No existe,Recta,Bueno,Buena,"Nocturna,Con luz artificial",Buen Tiempo,Frontal,S/D,Colisión,S/D,Faltante,Cordón divisorio,Sin restricción,"-32.9463723, -60.6382183",['Sarmiento 800'],1,Sarmiento 800,-32.9463723,-60.6382183,55.0,538.0,Municipio Rosario,Municipio,Rosario,820210,Servicio de Catastro e Información Territorial,IGN
2013,13613,2013-12-24,Martes,0.0,14:15:00,,0.0,2,"Automóvil,Automóvil",Mariano Moreno Y San Luis,2,1,0,0,1,0,0,,Calle,,ROSARIO,Rosario,Asfalto,S/D,II,Dentro,Urbana,Ninguna,No existe,Intersección,Bueno,Buena,Diurna,Buen Tiempo,Lateral,S/D,Colisión,S/D,Faltante,Cordón divisorio,Sin restricción,POINT (-60.6512659 -32.94680389999999),"['Mariano Moreno', 'San Luis']",2,Mariano Moreno; San Luis,-32.94680389999999,-60.6512659,55.0,538.0,Municipio Rosario,Municipio,Rosario,820210,Servicio de Catastro e Información Territorial,IGN
2013,13614,2013-12-11,Miercoles,0.0,,,0.0,2,"Automóvil,Camión",J.J.Paso Y Brasil,2,1,0,0,1,0,0,,Avenida,,ROSARIO,Rosario,Asfalto,No existe,II,S/D,Urbana,Ninguna,No existe,Intersección,Bueno,Buena,Diurna,Buen Tiempo,De alcance,S/D,Colisión,Ninguna,Faltante,Ninguna,Sin restricción,POINT (-60.72048530000001 -32.920458533333324),"['Paso', 'Brasil']",2,Avenida Juan José Paso; Brasil,-32.920458533333324,-60.72048530000001,55.0,538.0,Municipio Rosario,Municipio,Rosario,820210,Servicio de Catastro e Información Territorial,IGN