anio_acci,nro_acci,fecha,desc_dia,fecha_aprox,hora_aprox,desc_ruta,km,cant_participantes,desc_participante,calle_avenida_km,total,heridos_leves,heridos_graves,heridos_gravisimos,ilesos,fallecidos,sin_datos,posicion_XY,desc_tipo_via,desc_ruta_ori,desc_loc,desc_dpto,desc_tipo_calzada,desc_tipo_banquina,desc_unidad_regional,desc_lugar_calzada,desc_zona,desc_prioridad,desc_estado_semaforo,desc_lugar_via,desc_estado_via,desc_estado_visibilidad,desc_luminosidad,desc_estado_clima,desc_tipo_colision,desc_tipo_atropello,desc_tipo_hecho,desc_pres_calzada,desc_senializacion,desc_separacion_via,desc_restriccion,forma_geocod,calle_lista,numero_calles,calles_osm,lat,lon,index_right,gid,fna,gna,nam,in1,fdc,sag
2013,13615,2013-12-31,Martes,0.0,16:30:00,,0.0,1,Moto/Ciclomotor,3 De Febrero 1800,2,1,0,0,1,0,0,,Calle,,ROSARIO,Rosario,Asfalto,S/D,II,Dentro,Urbana,Ninguna,No existe,Recta,Bueno,Buena,Diurna,Buen Tiempo,Frontal,S/D,Colisión,S/D,Faltante,Cordón divisorio,Sin restricción,"-32.9510252, -60.6493632",['3 De Febrero 1800'],1,3 De Febrero 1800,-32.9510252,-60.6493632,55.0,538.0,Municipio Rosario,Municipio,Rosario,820210,Servicio de Catastro e Información Territorial,IGN
2013,13616,2013-12-31,Martes,0.0,13:00:00,,0.0,2,"Moto/Ciclomotor,Pickup/Utilitario",San Juan Y Mitre,2,1,0,0,1,0,0,,Calle,,ROSARIO,Rosario,Asfalto,S/D,II,Dentro,Urbana,Ninguna,No existe,Intersección,Bueno,Buena,Diurna,Buen Tiempo,Lateral,S/D,Colisión,S/D,Faltante,Cordón divisorio,Sin restricción,POINT (-60.64049610000001 -32.9499007),"['San Juan', 'Mitre']",2,San Juan; Bartolomé Mitre,-32.9499007,-60.64049610000001,55.0,538.0,Municipio Rosario,Municipio,Rosario,820210,Servicio de Catastro e Información Territorial,IGN
2013,13617,2013-12-14,Sabado,0.0,13:30:00,,0.0,2,"Moto/Ciclomotor,Automóvil",Esquivel Y Blas Parera,3,1,1,0,0,0,1,,Calle,,ROSARIO,Rosario,Asfalto,S/D,II,Dentro,Urbana,S/D,S/D,Intersección,S/D,S/D,Diurna,S/D,Lateral,S/D,Colisión,S/D,S/D,S/D,S/D,POINT (-60.7047482 -32.902942799999984),"['Esquivel', 'Blas Parera']",2,Esquivel; Blas Parera,-32.902942799999984,-60.7047482,55.0,538.0,Municipio Rosario,Municipio,Rosario,820210,Servicio de Catastro e Información Territorial,IGN
2013,13618,2013-12-17,Martes,0.0,07:50:00,,0.0,2,"Automóvil,Bicicleta",Paraguay Y Cerrito,2,1,0,0,1,0,0,,Calle,,ROSARIO,Rosario,Asfalto,S/D,II,S/D,Urbana,S/D,No existe,Recta,S/D,S/D,Diurna,S/D,S/D,S/D,Atropello,S/D,Faltante,S/D,S/D,POINT (-60.647618 -32.96086729999999),"['Paraguay', 'Cerrito']",2,Paraguay; Cerrito,-32.96086729999999,-60.647618,55.0,538.0,Municipio Rosario,Municipio,Rosario,820210,Servicio de Catastro e Información Territorial,IGN
2013,13619,2013-12-02,Lunes,0.0,11:20:00,,0.0,2,"Moto/Ciclomotor,Automóvil",Cordoba 1700,2,1,0,0,1,0,0,,S/D,,ROSARIO,Rosario,Asfalto,S/D,II,S/D,Urbana,Ninguna,No existe,Recta,Bueno,Buena,Diurna,Buen Tiempo,Frontal,S/D,Colisión,S/D,Faltante,Cordón divisorio,Sin restricción,"-32.944882, -60.6465425",['Cordoba 1700'],1,Cordoba 1700,-32.944882,-60.6465425,55.0,538.0,Municipio Rosario,Municipio,Rosario,820210,Servicio de Catastro e Información Territorial,IGN
2013,13620,2013-12-14,Sabado,0.0,05:15:00,,0.0,2,"Automóvil,Camión",Av. Circunvalacion ,2,1,0,0,1,0,0,,Calle,,ROSARIO,Rosario,Asfalto,S/D,II,Dentro,Urbana,S/D,S/D,Recta,S/D,S/D,Amanecer,S/D,Frontal,S/D,Colisión,S/D,S/D,S/D,S/D,"-32.9954148, -60.6940772",['Circunvalacion'],1,Circunvalacion,-32.9954148,-60.6940772,55.0,538.0,Municipio Rosario,Municipio,Rosario,820210,Servicio de Catastro e Información Territorial,IGN
2013,13621,2013-12-21,Sabado,0.0,10:40:00,,0.0,2,"Automóvil,Transporte de Pasajeros Urbano (> 8 asientos)",BUENOS AIRES  1600,2,1,0,0,1,0,0,,Calle,,ROSARIO,Rosario,Asfalto,S/D,II,Dentro,Urbana,Semáforo,Funciona,Recta,Bueno,Buena,Diurna,S/D,Otro,S/D,Colisión,S/D,S/D,Cordón divisorio,S/D,"-32.9570038, -60.6351694",['Buenos Aires 1600'],1,Buenos Aires 1600,-32.9570038,-60.6351694,55.0,538.0,Municipio Rosario,Municipio,Rosario,820210,Servicio de Catastro e Información Territorial,IGN
2013,13622,2013-11-30,Sabado,0.0,18:30:00,,0.0,2,"Peatón,Automóvil",Salta Y Entre Rios,2,1,0,0,1,0,0,,Calle,,ROSARIO,Rosario,Asfalto,No existe,II,Dentro,Urbana,S/D,No existe,Intersección,Bueno,Buena,"Atardecer,Con luz artificial",S/D,S/D,S/D,Atropello,S/D,Faltante,S/D,S/D,POINT (-60.63918240000001 -32.938972),"['Salta', 'Entre Ríos']",2,Salta; Entre Ríos,-32.938972,-60.63918240000001,55.0,538.0,Municipio Rosario,Municipio,Rosario,820210,Servicio de Catastro e Información Territorial,IGN
2013,13624,2013-12-08,Domingo,0.0,,,0.0,2,"Automóvil,Automóvil",Rioja Y Ricchieri,3,1,0,0,2,0,0,,Calle,,ROSARIO,Rosario,Asfalto,S/D,II,S/D,Urbana,S/D,S/D,Intersección,S/D,S/D,S/D,S/D,S/D,S/D,S/D,S/D,S/D,S/D,S/D,POINT (-60.6631309 -32.943174600000006),"['Rioja', 'Ricchieri']",2,Rioja; Ricchieri,-32.943174600000006,-60.6631309,55.0,538.0,Municipio Rosario,Municipio,Rosario,820210,Servicio de Catastro e Información Territorial,IGN
2013,13625,2013-12-02,Lunes,0.0,13:35:00,,0.0,2,"Bicicleta,Automóvil",Mendoza 1000,2,1,0,0,1,0,0,,Calle,,ROSARIO,Rosario,Asfalto,S/D,II,Dentro,Urbana,Ninguna,No existe,Recta,Bueno,Buena,Diurna,Buen Tiempo,S/D,S/D,Atropello,S/D,Faltante,Cordón divisorio,Sin restricción,"-32.9517102, -60.6377915",['Mendoza 1000'],1,Mendoza 1000,-32.9517102,-60.6377915,55.0,538.0,Municipio Rosario,Municipio,Rosario,820210,Servicio de Catastro e Información Territorial,IGN
2013,13626,2013-12-13,Viernes,0.0,11:10:00,,0.0,2,"Automóvil,Moto/Ciclomotor",Bv. Oroño Y San Luis,2,1,0,0,1,0,0,,Avenida,,ROSARIO,Rosario,Asfalto,No existe,II,Dentro,Urbana,Ninguna,No existe,Recta,Bueno,Buena,Diurna,Buen Tiempo,Frontal,S/D,Colisión,S/D,Faltante,Cordón divisorio,Sin restricción,POINT (-60.6539474 -32.946329600000006),"['Bulevar Nicasio Oroño', 'San Luis']",2,Bulevar Nicasio Oroño; San Luis,-32.946329600000006,-60.6539474,55.0,538.0,Municipio Rosario,Municipio,Rosario,820210,Servicio de Catastro e Información Territorial,IGN
2013,13627,2013-12-30,Lunes,0.0,13:00:00,,0.0,2,"Moto/Ciclomotor,Automóvil",Urquiza Y Dorrego,2,1,0,0,1,0,0,,Calle,,ROSARIO,Rosario,Asfalto,No existe,II,Dentro,Urbana,Señal Pare,No existe,Recta,Bueno,Buena,Diurna,Buen Tiempo,De alcance,S/D,Colisión,S/D,Faltante,Ninguna,Sin restricción,POINT (-60.64830039999999 -32.9409883),"['Urquiza', 'Dorrego']",2,Justo José de Urquiza; Manuel Dorrego,-32.9409883,-60.64830039999999,55.0,538.0,Municipio Rosario,Municipio,Rosario,820210,Servicio de Catastro e Información Territorial,IGN
2013,13628,2013-12-07,Sabado,0.0,11:10:00,,0.0,2,"Automóvil,Moto/Ciclomotor",Suipacha Y Rioja,2,1,0,0,1,0,0,,Calle,,ROSARIO,Rosario,Asfalto,S/D,II,S/D,Urbana,S/D,S/D,Intersección,S/D,S/D,S/D,S/D,S/D,S/D,S/D,S/D,S/D,S/D,S/D,POINT (-60.66447840000001 -32.94294049999999),"['Suipacha', 'Rioja']",2,Suipacha; Rioja,-32.94294049999999,-60.66447840000001,55.0,538.0,Municipio Rosario,Municipio,Rosario,820210,Servicio de Catastro e Información Territorial,IGN
2013,13629,2013-12-04,Miercoles,0.0,11:40:00,,0.0,2,"Automóvil,Moto/Ciclomotor",Bv. Oroño Y Catamarca,3,2,0,0,1,0,0,,Avenida,,ROSARIO,Rosario,Asfalto,No existe,II,Dentro,Urbana,Ninguna,No existe,Intersección,Bueno,Buena,Diurna,Buen Tiempo,Lateral,S/D,Colisión,S/D,Faltante,Ninguna,Sin restricción,POINT (-60.651806750000006 -32.9378818),"['Bulevar Nicasio Oroño', 'Catamarca']",2,Bulevar Nicasio Oroño; Catamarca,-32.9378818,-60.651806750000006,55.0,538.0,Municipio Rosario,Municipio,Rosario,820210,Servicio de Catastro e Información Territorial,IGN
2013,13631,2013-12-30,Lunes,0.0,21:15:00,,0.0,2,"Moto/Ciclomotor,Taxi/Remis",Av. Corrientes Y Tucuman,2,1,0,0,1,0,0,,Calle,,ROSARIO,Rosario,Asfalto,No existe,II,Dentro,Urbana,Ninguna,No existe,Intersección,Bueno,Buena,"Nocturna,Con luz artificial",Buen Tiempo,Frontal,S/D,Colisión,S/D,Faltante,Ninguna,Sin restricción,POINT (-60.64117209999999 -32.9410577),"['Corrientes', 'Tucumán']",2,Corrientes; Tucumán,-32.9410577,-60.64117209999999,55.0,538.0,Municipio Rosario,Municipio,Rosario,820210,Servicio de Catastro e Información Territorial,IGN
2013,13632,2013-12-02,Lunes,0.0,11:30:00,,0.0,2,"Moto/Ciclomotor,Automóvil",Mendoza Y Castellanos,2,1,0,0,1,0,0,,Calle,,ROSARIO,Rosario,Asfalto,S/D,II,S/D,Urbana,S/D,S/D,Intersección,S/D,S/D,S/D,S/D,S/D,S/D,S/D,S/D,S/D,S/D,S/D,POINT (-60.6763884 -32.94496500000001),"['Mendoza', 'Aaron Castellanos']",2,Mendoza; Aaron Castellanos,-32.94496500000001,-60.6763884,55.0,538.0,Municipio Rosario,Municipio,Rosario,820210,Servicio de Catastro e Información Territorial,IGN
2013,13633,2013-12-22,Domingo,0.0,05:00:00,,0.0,2,"Automóvil,Taxi/Remis",San Juan Y Dorrego,4,1,0,0,3,0,0,,Calle,,ROSARIO,Rosario,Asfalto,S/D,II,Dentro,Urbana,Ninguna,No existe,Intersección,Bueno,Buena,"Nocturna,Con luz artificial",Buen Tiempo,Lateral,S/D,Colisión,S/D,Faltante,Cordón divisorio,Sin restricción,POINT (-60.650125 -32.948187199999985),"['San Juan', 'Dorrego']",2,"('San Juan', 'Manuel Dorrego')",-32.948187199999985,-60.650125,55.0,538.0,Municipio Rosario,Municipio,Rosario,820210,Servicio de Catastro e Información Territorial,IGN
2013,13634,2013-12-19,Jueves,0.0,07:40:00,,0.0,2,"Bicicleta,Automóvil",Bv. Oroño Y Rivadavia,2,1,0,0,1,0,0,,Avenida,,ROSARIO,Rosario,Asfalto,No existe,II,S/D,Urbana,Semáforo,Funciona,Intersección,Bueno,Buena,"Diurna,Con luz artificial",Buen Tiempo,Lateral,S/D,Atropello,S/D,Vertical,Cordón divisorio,S/D,POINT (-60.65036005 -32.93210415),"['Bulevar Nicasio Oroño', 'Rivadavia']",2,Bulevar Nicasio Oroño; Avenida Bernardino Rivadavia,-32.93210415,-60.65036005,55.0,538.0,Municipio Rosario,Municipio,Rosario,820210,Servicio de Catastro e Información Territorial,IGN
2013,13635,2013-12-05,Jueves,0.0,11:30:00,,0.0,1,Moto/Ciclomotor,3 De Febrero Y Lavalle,2,1,0,0,1,0,0,,Calle,,ROSARIO,Rosario,Asfalto,S/D,II,S/D,Urbana,S/D,S/D,Intersección,S/D,S/D,S/D,S/D,S/D,S/D,S/D,S/D,S/D,S/D,S/D,POINT (-60.6793582 -32.94569909999999),"['3 de Febrero', 'Lavalle']",2,3 de Febrero; Lavalle,-32.94569909999999,-60.6793582,55.0,538.0,Municipio Rosario,Municipio,Rosario,820210,Servicio de Catastro e Información Territorial,IGN
2013,13636,2013-12-30,Lunes,0.0,09:30:00,,0.0,2,"Peatón,Pickup/Utilitario",Balcarce 100,2,1,0,0,1,0,0,,Calle,,ROSARIO,Rosario,Asfalto,No existe,II,Dentro,Urbana,Ninguna,No existe,Recta,Bueno,Buena,Diurna,Buen Tiempo,S/D,S/D,Atropello,S/D,Faltante,Ninguna,Sin restricción,"-32.9356348, -60.6499579",['Balcarce 100'],1,Balcarce 100,-32.9356348,-60.6499579,55.0,538.0,Municipio Rosario,Municipio,Rosario,820210,Servicio de Catastro e Información Territorial,IGN
2013,13637,2013-12-14,Sabado,0.0,,,0.0,1,Moto/Ciclomotor,Bv. Rondeau Y Gurruchaga,1,0,1,0,0,0,0,,Avenida,,ROSARIO,Rosario,Asfalto,S/D,II,Dentro,Urbana,S/D,S/D,Recta,S/D,S/D,S/D,S/D,S/D,S/D,Caída ocupante,S/D,S/D,S/D,S/D,POINT (-60.68916395 -32.90512564999999),"['Rondeau', 'Gurruchaga']",2,Bulevar General José Rondeau; Gurruchaga,-32.90512564999999,-60.68916395,55.0,538.0,Municipio Rosario,Municipio,Rosario,820210,Servicio de Catastro e Información Territorial,IGN
2013,13638,2013-12-16,Lunes,0.0,19:00:00,,0.0,2,"Automóvil,Automóvil",Dorrego 1500,2,1,0,0,1,0,0,,Calle,,ROSARIO,Rosario,Asfalto,S/D,II,Dentro,Urbana,Ninguna,S/D,Recta,Bueno,Buena,"Atardecer,Con luz artificial",Buen Tiempo,Frontal,S/D,Colisión,S/D,Faltante,S/D,Sin restricción,"-32.9528554, -60.6513607",['Dorrego 1500'],1,Dorrego 1500,-32.9528554,-60.6513607,55.0,538.0,Municipio Rosario,Municipio,Rosario,820210,Servicio de Catastro e Información Territorial,IGN
2013,13639,2013-12-13,Viernes,0.0,14:00:00,,0.0,2,"Pickup/Utilitario,Automóvil",Darragueira Y La Cumbre,3,1,1,0,1,0,0,,Calle,,ROSARIO,Rosario,Asfalto,S/D,II,Dentro,Urbana,Semáforo,Funciona,Recta,Bueno,Buena,Diurna,Buen Tiempo,Frontal,S/D,Colisión,S/D,Vertical,S/D,Sin restricción,POINT (-60.696988600000005 -32.88505380000001),"['José Darragueira', 'La Cumbre']",2,José Darragueira; La Cumbre,-32.88505380000001,-60.696988600000005,55.0,538.0,Municipio Rosario,Municipio,Rosario,820210,Servicio de Catastro e Información Territorial,IGN
2013,13640,2013-12-29,Domingo,0.0,19:25:00,,0.0,2,"Moto/Ciclomotor,Automóvil",Bv. Oroño Y Tucuman,2,1,0,0,1,0,0,,Calle,,ROSARIO,Rosario,Asfalto,No existe,II,Dentro,Urbana,Ninguna,No existe,Intersección,Bueno,Buena,Diurna,Buen Tiempo,Lateral,S/D,Colisión,S/D,Faltante,Ninguna,Sin restricción,POINT (-60.6521219 -32.9390762),"['Bulevar Nicasio Oroño', 'Tucumán']",2,Bulevar Nicasio Oroño; Tucumán,-32.9390762,-60.6521219,55.0,538.0,Municipio Rosario,Municipio,Rosario,820210,Servicio de Catastro e Información Territorial,IGN
2013,13641,2013-12-06,Viernes,0.0,18:10:00,,0.0,1,Automóvil,Alsina Y 9 De Julio,2,1,0,0,1,0,0,,Calle,,ROSARIO,Rosario,Asfalto,S/D,II,S/D,Urbana,S/D,S/D,Intersección,S/D,S/D,S/D,S/D,S/D,S/D,S/D,S/D,S/D,S/D,S/D,POINT (-60.6782616 -32.9469818),"['Alsina', '9 de Julio']",2,Alsina; 9 de Julio,-32.9469818,-60.6782616,55.0,538.0,Municipio Rosario,Municipio,Rosario,820210,Servicio de Catastro e Información Territorial,IGN
2013,13642,2013-12-04,Miercoles,0.0,12:45:00,,0.0,2,"Bicicleta,Automóvil",Alvear Y Brown,2,1,0,0,1,0,0,,Calle,,ROSARIO,Rosario,Asfalto,No existe,II,Dentro,Urbana,Ninguna,No existe,Recta,Bueno,Buena,Diurna,Buen Tiempo,Lateral,S/D,Atropello,S/D,Faltante,Ninguna,Sin restricción,POINT (-60.6523455 -32.9341688),"['Alvear', 'Brown']",2,Alvear; Almirante Brown,-32.9341688,-60.6523455,55.0,538.0,Municipio Rosario,Municipio,Rosario,820210,Servicio de Catastro e Información Territorial,IGN
2013,13643,2013-12-17,Martes,0.0,08:00:00,,0.0,2,"Moto/Ciclomotor,Pickup/Utilitario",Av. Sorrento Y Av. Casiano Casas,3,2,0,0,1,0,0,,Avenida,,ROSARIO,Rosario,Asfalto,S/D,II,S/D,Urbana,S/D,S/D,Intersección,S/D,S/D,Amanecer,S/D,Frontal,S/D,Colisión,S/D,S/D,S/D,Sin restricción,POINT (-60.695695025000006 -32.90729415),"['Sorrento', 'Avenida Casiano Casas']",2,Avenida Sorrento; Avenida Casiano Casas,-32.90729415,-60.695695025000006,55.0,538.0,Municipio Rosario,Municipio,Rosario,820210,Servicio de Catastro e Información Territorial,IGN
2013,13644,2013-12-19,Jueves,0.0,16:00:00,,0.0,2,"Moto/Ciclomotor,Pickup/Utilitario",España Y Catamarca,3,2,0,0,1,0,0,,Calle,,ROSARIO,Rosario,Asfalto,No existe,II,Dentro,Urbana,Semáforo,Funciona,Intersección,Bueno,Buena,Diurna,Buen Tiempo,Lateral,S/D,Colisión,S/D,Faltante,Ninguna,Sin restricción,POINT (-60.6450235 -32.93913189999999),"['España', 'Catamarca']",2,España; Catamarca,-32.93913189999999,-60.6450235,55.0,538.0,Municipio Rosario,Municipio,Rosario,820210,Servicio de Catastro e Información Territorial,IGN
2013,13645,2013-11-01,Viernes,0.0,21:00:00,,0.0,2,"Automóvil,Camión",Montevideo Y Lima,2,1,0,0,1,0,0,,Calle,,ROSARIO,Rosario,Asfalto,S/D,II,S/D,Urbana,S/D,S/D,Intersección,S/D,S/D,S/D,S/D,S/D,S/D,S/D,S/D,S/D,S/D,S/D,POINT (-60.685678900000006 -32.9480955),"['Montevideo', 'Lima']",2,Montevideo; Lima,-32.9480955,-60.685678900000006,55.0,538.0,Municipio Rosario,Municipio,Rosario,820210,Servicio de Catastro e Información Territorial,IGN
2013,13646,2013-12-22,Domingo,0.0,05:00:00,,0.0,2,"Automóvil,Taxi/Remis",San Juan Y Dorrego,4,1,0,0,3,0,0,,Calle,,ROSARIO,Rosario,Asfalto,S/D,II,Dentro,Urbana,Ninguna,No existe,Intersección,Bueno,Buena,"Nocturna,Con luz artificial",Buen Tiempo,Lateral,S/D,Colisión,S/D,Faltante,Cordón divisorio,Sin restricción,POINT (-60.650125 -32.948187199999985),"['San Juan', 'Dorrego']",2,"('San Juan', 'Manuel Dorrego')",-32.948187199999985,-60.650125,55.0,538.0,Municipio Rosario,Municipio,Rosario,820210,Servicio de Catastro e Información Territorial,IGN
2013,13647,2013-11-28,Jueves,0.0,13:40:00,,0.0,2,"Bicicleta,Automóvil",Marcos Paz 4000,2,1,0,0,1,0,0,,Calle,,ROSARIO,Rosario,S/D,S/D,II,S/D,Urbana,S/D,S/D,S/D,S/D,S/D,S/D,S/D,S/D,S/D,Atropello,S/D,S/D,S/D,S/D,"-32.9437586, -60.6787024",['Marcos Paz 4000'],1,Marcos Paz 4000,-32.9437586,-60.6787024,55.0,538.0,Municipio Rosario,Municipio,Rosario,820210,Servicio de Catastro e Información Territorial,IGN
2013,13649,2013-12-06,Viernes,0.0,04:00:00,,0.0,2,"Automóvil,Automóvil",Av. Illia Y Sarmiento,2,1,0,0,1,0,0,,Avenida,,ROSARIO,Rosario,Asfalto,No existe,II,Dentro,Urbana,Semáforo,Funciona,Intersección,S/D,Buena,"Nocturna,Con luz artificial",Buen Tiempo,Frontal,S/D,Colisión,S/D,Faltante,Ninguna,Sin restricción,POINT (-60.6365283 -32.93969129999999),"['Illia', 'Sarmiento']",2,Avenida Arturo Illia; Sarmiento,-32.93969129999999,-60.6365283,55.0,538.0,Municipio Rosario,Municipio,Rosario,820210,Servicio de Catastro e Información Territorial,IGN
2013,13650,2013-12-05,Jueves,0.0,05:00:00,,0.0,2,"Automóvil,Moto/Ciclomotor",Cordoba Y Callao,3,1,0,0,2,0,0,,Calle,,ROSARIO,Rosario,Asfalto,S/D,II,S/D,Urbana,S/D,S/D,Intersección,S/D,S/D,S/D,S/D,Otro,S/D,Inmersión,S/D,S/D,S/D,S/D,POINT (-60.6601292 -32.94251589999998),"['Córdoba', 'Callao']",2,Córdoba; Callao,-32.94251589999998,-60.6601292,55.0,538.0,Municipio Rosario,Municipio,Rosario,820210,Servicio de Catastro e Información Territorial,IGN
2013,13651,2013-12-12,Jueves,0.0,16:00:00,,0.0,2,"Peatón,Automóvil",San Martin 1300,2,1,0,0,1,0,0,,Calle,,ROSARIO,Rosario,Asfalto,S/D,II,Dentro,Urbana,Ninguna,No existe,Recta,Bueno,Buena,Diurna,Buen Tiempo,S/D,S/D,Atropello,S/D,Faltante,Cordón divisorio,Sin restricción,"-32.9529454, -60.6383004",['San Martin 1300'],1,San Martin 1300,-32.9529454,-60.6383004,55.0,538.0,Municipio Rosario,Municipio,Rosario,820210,Servicio de Catastro e Información Territorial,IGN
2013,13652,2013-12-20,Viernes,0.0,09:30:00,,0.0,2,"Peatón,Automóvil",GUEMES  2189,2,1,0,0,1,0,0,,S/D,,ROSARIO,Rosario,Asfalto,No existe,II,Dentro,Urbana,Ninguna,No existe,Recta,Bueno,Buena,Diurna,Buen Tiempo,Frontal,S/D,Atropello,S/D,Faltante,Ninguna,Sin restricción,"-32.9333732877551, -60.65027441836734",['Guemes 2189'],1,Guemes 2189,-32.9333732877551,-60.65027441836734,55.0,538.0,Municipio Rosario,Municipio,Rosario,820210,Servicio de Catastro e Información Territorial,IGN
2013,13653,2013-10-27,Domingo,0.0,,,0.0,2,"Automóvil,Automóvil",Bv. Avellaneda Y Av. Pellegrini,3,3,0,0,0,0,0,,Calle,,ROSARIO,Rosario,Asfalto,S/D,II,S/D,Urbana,S/D,S/D,Intersección,S/D,S/D,S/D,S/D,S/D,S/D,S/D,S/D,S/D,S/D,S/D,POINT (-60.68184480000001 -32.949949249999996),"['Avellaneda', 'Pellegrini']",2,Bulevar Nicolás Avellaneda; Avenida Carlos Pellegrini,-32.94994925,-60.68184480000001,55.0,538.0,Municipio Rosario,Municipio,Rosario,820210,Servicio de Catastro e Información Territorial,IGN
2013,13654,2013-12-29,Domingo,0.0,18:00:00,,0.0,2,"Peatón,Transporte de Pasajeros Urbano (> 8 asientos)",Av. Corrientes Y Santa Fe,2,1,0,0,1,0,0,,Calle,,ROSARIO,Rosario,S/D,S/D,II,Dentro,Urbana,Semáforo,S/D,Recta,Bueno,S/D,Diurna,Buen Tiempo,S/D,S/D,Atropello,S/D,Faltante,Ninguna,Sin restricción,POINT (-60.6420191 -32.9443578),"['Corrientes', 'Santa Fe']",2,Corrientes; Santa Fe,-32.9443578,-60.6420191,55.0,538.0,Municipio Rosario,Municipio,Rosario,820210,Servicio de Catastro e Información Territorial,IGN
2013,13655,2013-12-11,Miercoles,0.0,16:00:00,,0.0,2,"Taxi/Remis,Peatón",Santa Fe Y Maipu,2,1,0,0,1,0,0,,Calle,,ROSARIO,Rosario,Asfalto,No existe,II,Dentro,Urbana,Ninguna,No existe,Intersección,Bueno,Buena,Diurna,Buen Tiempo,S/D,S/D,Atropello,S/D,Faltante,Ninguna,Sin restricción,POINT (-60.634976699999996 -32.9461175),"['Santa Fe', 'Maipú']",2,Santa Fe; Maipú,-32.9461175,-60.6349767,55.0,538.0,Municipio Rosario,Municipio,Rosario,820210,Servicio de Catastro e Información Territorial,IGN
2013,13656,2013-12-25,Miercoles,0.0,09:40:00,,0.0,2,"Taxi/Remis,Transporte de Pasajeros Urbano (> 8 asientos)",San Lorenzo Y Italia,2,1,0,0,1,0,0,,Calle,,ROSARIO,Rosario,Asfalto,No existe,II,Dentro,Urbana,Semáforo,Funciona,Intersección,Bueno,Buena,Diurna,Buen Tiempo,De alcance,S/D,Colisión,S/D,Vertical,Ninguna,Sin restricción,POINT (-60.647285499999995 -32.94240099999999),"['San Lorenzo', 'Italia']",2,San Lorenzo; Italia,-32.94240099999999,-60.6472855,55.0,538.0,Municipio Rosario,Municipio,Rosario,820210,Servicio de Catastro e Información Territorial,IGN
2013,13657,2013-12-16,Lunes,0.0,15:00:00,,0.0,2,"Automóvil,Transporte de Pasajeros Urbano (> 8 asientos)",Santa Fe 1000,5,2,0,0,3,0,0,,Calle,,ROSARIO,Rosario,Asfalto,No existe,II,Dentro,Urbana,Ninguna,No existe,Recta,Bueno,Buena,Diurna,Buen Tiempo,Lateral,S/D,Colisión,S/D,Faltante,Ninguna,Sin restricción,"-32.9455599, -60.6365034",['Santa Fe 1000'],1,Santa Fe 1000,-32.9455599,-60.6365034,55.0,538.0,Municipio Rosario,Municipio,Rosario,820210,Servicio de Catastro e Información Territorial,IGN
2013,13658,2013-12-12,Jueves,0.0,11:15:00,,0.0,2,"Moto/Ciclomotor,Automóvil",San Lorenzo 1682,2,1,0,0,1,0,0,,Calle,,ROSARIO,Rosario,Asfalto,No existe,II,Dentro,Urbana,Ninguna,No existe,Recta,Bueno,Buena,Diurna,Buen Tiempo,De alcance,S/D,Colisión,S/D,Faltante,Ninguna,Sin restricción,"-32.94267444285715, -60.6454736755102",['San Lorenzo 1682'],1,San Lorenzo 1682,-32.94267444285715,-60.6454736755102,55.0,538.0,Municipio Rosario,Municipio,Rosario,820210,Servicio de Catastro e Información Territorial,IGN
2013,13695,2013-12-22,Domingo,0.0,08:00:00,,0.0,2,"Pickup/Utilitario,Moto/Ciclomotor",España Y 3 De Febrero,2,1,0,0,1,0,0,,Calle,,ROSARIO,Rosario,Asfalto,S/D,II,Dentro,Urbana,Ninguna,No existe,Intersección,Bueno,Buena,Diurna,Buen Tiempo,Lateral,S/D,Colisión,S/D,Faltante,Cordón divisorio,Sin restricción,POINT (-60.6480793 -32.95128789999999),"['España', '3 de Febrero']",2,España; 3 de Febrero,-32.95128789999999,-60.6480793,55.0,538.0,Municipio Rosario,Municipio,Rosario,820210,Servicio de Catastro e Información Territorial,IGN
2013,13696,2013-12-01,Domingo,0.0,19:00:00,,0.0,2,"Automóvil,Pickup/Utilitario",Camino de los Granaderos 3900,4,2,0,0,2,0,0,,Camino Rural,,ROSARIO,Rosario,Tierra,No existe,II,Dentro,Rural,Ninguna,No existe,Recta,Bueno,"Buena,Reducida polvo",Atardecer,Buen Tiempo,De alcance,S/D,Colisión,S/D,Faltante,Ninguna,S/D,"-32.8929016, -60.7058168",['Camino De Los Granaderos 3900'],1,Camino De Los Granaderos 3900,-32.8929016,-60.7058168,55.0,538.0,Municipio Rosario,Municipio,Rosario,820210,Servicio de Catastro e Información Territorial,IGN
2013,13697,2013-12-09,Lunes,0.0,10:00:00,,0.0,1,Transporte de Pasajeros Urbano (> 8 asientos),Mendoza Y Sarmiento,2,1,0,0,1,0,0,,Calle,,ROSARIO,Rosario,Asfalto,S/D,II,Dentro,Urbana,Ninguna,No existe,Intersección,Bueno,Buena,Diurna,Buen Tiempo,S/D,S/D,Caída ocupante,S/D,Faltante,Cordón divisorio,Sin restricción,POINT (-60.6394302 -32.9514704),"['Mendoza', 'Sarmiento']",2,Mendoza; Sarmiento,-32.9514704,-60.6394302,55.0,538.0,Municipio Rosario,Municipio,Rosario,820210,Servicio de Catastro e Información Territorial,IGN
2013,13698,2013-12-09,Lunes,0.0,19:00:00,,0.0,2,"Peatón,Automóvil",Av. Eva Peron Y Bolivia,2,1,0,0,1,0,0,,Avenida,,ROSARIO,Rosario,Asfalto,No existe,II,Dentro,Urbana,Ninguna,Funciona,Recta,Bueno,Buena,Nocturna,Buen Tiempo,S/D,S/D,Atropello,S/D,Vertical,Ninguna,Sin restricción,POINT (-60.71420685000001 -32.93278665),"['Avenida Eva Perón', 'Bolivia']",2,Avenida Eva Perón; Bolivia,-32.93278665,-60.71420685000001,55.0,538.0,Municipio Rosario,Municipio,Rosario,820210,Servicio de Catastro e Información Territorial,IGN