anio_acci,nro_acci,fecha,desc_dia,fecha_aprox,hora_aprox,desc_ruta,km,cant_participantes,desc_participante,calle_avenida_km,total,heridos_leves,heridos_graves,heridos_gravisimos,ilesos,fallecidos,sin_datos,posicion_XY,desc_tipo_via,desc_ruta_ori,desc_loc,desc_dpto,desc_tipo_calzada,desc_tipo_banquina,desc_unidad_regional,desc_lugar_calzada,desc_zona,desc_prioridad,desc_estado_semaforo,desc_lugar_via,desc_estado_via,desc_estado_visibilidad,desc_luminosidad,desc_estado_clima,desc_tipo_colision,desc_tipo_atropello,desc_tipo_hecho,desc_pres_calzada,desc_senializacion,desc_separacion_via,desc_restriccion,forma_geocod,calle_lista,numero_calles,calles_osm,lat,lon,index_right,gid,fna,gna,nam,in1,fdc,sag
2013,13699,2013-05-22,Miercoles,0.0,05:15:00,,0.0,2,"Moto/Ciclomotor,Automóvil",Junin Y Tte.Agneta,3,2,0,0,1,0,0,,Calle,,ROSARIO,Rosario,Asfalto,No existe,II,S/D,Urbana,Ninguna,No existe,Intersección,S/D,Buena,Diurna,S/D,Lateral,S/D,Colisión,S/D,Faltante,Ninguna,Sin restricción,POINT (-60.70033130000001 -32.9272405),"['Junín', 'Teniente Agneta']",2,Junín; Teniente Agneta,-32.9272405,-60.70033130000001,55.0,538.0,Municipio Rosario,Municipio,Rosario,820210,Servicio de Catastro e Información Territorial,IGN
2013,13700,2013-12-01,Domingo,0.0,11:30:00,,0.0,2,"Moto/Ciclomotor,Otros",Av. Kennedy Y Gambartes,2,1,0,0,1,0,0,,Avenida,,ROSARIO,Rosario,Asfalto,No existe,II,Dentro,Urbana,Ninguna,No existe,Recta,Bueno,Buena,Diurna,Buen Tiempo,Lateral,S/D,Colisión,S/D,Faltante,Ninguna,Sin restricción,POINT (-60.70968725 -32.889597099999996),"['Kennedy', 'Gambartes']",2,Kennedy; Gambartes,-32.8895971,-60.70968725,55.0,538.0,Municipio Rosario,Municipio,Rosario,820210,Servicio de Catastro e Información Territorial,IGN
2013,13701,2013-12-15,Domingo,0.0,22:00:00,,0.0,2,"Moto/Ciclomotor,Automóvil",Mendoza Y Sarmiento,3,1,0,0,2,0,0,,Calle,,ROSARIO,Rosario,Asfalto,S/D,II,Dentro,Urbana,Ninguna,No existe,Intersección,Bueno,Buena,"Nocturna,Con luz artificial",Buen Tiempo,Lateral,S/D,Colisión,S/D,Faltante,Cordón divisorio,Sin restricción,POINT (-60.6394302 -32.9514704),"['Mendoza', 'Sarmiento']",2,Mendoza; Sarmiento,-32.9514704,-60.6394302,55.0,538.0,Municipio Rosario,Municipio,Rosario,820210,Servicio de Catastro e Información Territorial,IGN
2013,13702,2013-12-12,Jueves,0.0,10:15:00,,0.0,2,"Moto/Ciclomotor,Automóvil",Garcia del Cossio Bis Y Av. Genova,2,1,0,0,1,0,0,,Calle,,ROSARIO,Rosario,Asfalto,No existe,II,Dentro,Urbana,S/D,No existe,Recta,S/D,Buena,Diurna,S/D,Frontal,S/D,Colisión,S/D,Horizontal,S/D,S/D,POINT (-60.7467173 -32.9169278),"['García del Cossio', 'Genova']",2,García del Cossio; Avenida Génova,-32.9169278,-60.7467173,55.0,538.0,Municipio Rosario,Municipio,Rosario,820210,Servicio de Catastro e Información Territorial,IGN
2013,13704,2013-12-13,Viernes,0.0,21:00:00,,0.0,2,"Automóvil,Automóvil",Av. Pellegrini 700,2,1,0,0,1,0,0,,Avenida,,ROSARIO,Rosario,Asfalto,S/D,II,Dentro,Urbana,Semáforo,Funciona,Recta,Bueno,Buena,Nocturna,Buen Tiempo,Otro,S/D,Colisión,S/D,S/D,Cordón divisorio,S/D,"-32.9581802, -60.6352963",['Pellegrini 700'],1,Pellegrini 700,-32.9581802,-60.6352963,55.0,538.0,Municipio Rosario,Municipio,Rosario,820210,Servicio de Catastro e Información Territorial,IGN
2013,13705,2013-12-22,Domingo,0.0,04:30:00,,0.0,2,"Automóvil,Moto/Ciclomotor",Av. Provincias Unidas Y Velez Sarsfield,2,1,0,0,1,0,0,,Avenida,,ROSARIO,Rosario,Asfalto,No existe,II,Dentro,Urbana,S/D,No existe,Recta,S/D,Buena,Nocturna,S/D,Frontal,S/D,Colisión,S/D,Horizontal,S/D,S/D,POINT (-60.7132322 -32.92604335),"['Avenida Provincias Unidas', 'Vélez Sarsfield']",2,Avenida Provincias Unidas; Vélez Sarsfield,-32.92604335,-60.7132322,55.0,538.0,Municipio Rosario,Municipio,Rosario,820210,Servicio de Catastro e Información Territorial,IGN
2013,13706,2013-12-16,Lunes,0.0,15:25:00,,0.0,2,"Taxi/Remis,Moto/Ciclomotor",Av. Corrientes Y Urquiza,2,1,0,0,1,0,0,,Calle,,ROSARIO,Rosario,Asfalto,No existe,II,Dentro,Urbana,Semáforo,Funciona,Intersección,Bueno,Buena,"Diurna,Con luz artificial",Buen Tiempo,Lateral,S/D,Colisión,S/D,Vertical,Ninguna,Sin restricción,POINT (-60.6414615 -32.9422391),"['Corrientes', 'Urquiza']",2,Corrientes; Justo José de Urquiza,-32.9422391,-60.6414615,55.0,538.0,Municipio Rosario,Municipio,Rosario,820210,Servicio de Catastro e Información Territorial,IGN
2013,13707,2013-12-27,Viernes,0.0,10:30:00,,0.0,1,Peatón,Mitre Y San Luis,3,2,0,0,1,0,0,,Calle,,ROSARIO,Rosario,Asfalto,S/D,II,Dentro,Urbana,Ninguna,No existe,Intersección,Bueno,Buena,Diurna,Buen Tiempo,S/D,S/D,Atropello,S/D,Faltante,Cordón divisorio,Sin restricción,POINT (-60.64024150000001 -32.9487917),"['Mitre', 'San Luis']",2,Bartolomé Mitre; San Luis,-32.9487917,-60.64024150000001,55.0,538.0,Municipio Rosario,Municipio,Rosario,820210,Servicio de Catastro e Información Territorial,IGN
2013,13709,2013-12-03,Martes,0.0,15:55:00,,0.0,2,"Moto/Ciclomotor,Automóvil",Virasoro Y Dorrego,2,1,0,0,1,0,0,,Calle,,ROSARIO,Rosario,Asfalto,S/D,II,Dentro,Urbana,S/D,No existe,Intersección,S/D,S/D,S/D,S/D,Frontal,S/D,Colisión,S/D,S/D,S/D,S/D,POINT (-60.6551345 -32.96794880000001),"['Virasoro', 'Dorrego']",2,Benjamín Virasoro; Manuel Dorrego,-32.96794880000001,-60.6551345,55.0,538.0,Municipio Rosario,Municipio,Rosario,820210,Servicio de Catastro e Información Territorial,IGN
2013,13710,2013-12-19,Jueves,0.0,21:00:00,,0.0,2,"Moto/Ciclomotor,Automóvil",Velez Sarsfield Y Pje. San Geronimo,3,2,0,0,1,0,0,,Calle,,ROSARIO,Rosario,Asfalto,No existe,II,S/D,Urbana,Ninguna,No existe,Intersección,S/D,Reducida,Nocturna,S/D,Lateral,S/D,Colisión,S/D,Faltante,Ninguna,Sin restricción,POINT (-60.6931197 -32.92532715),"['Vélez Sarsfield', 'San Geronimo']",2,Vélez Sarsfield; Pasaje San Gerónimo,-32.92532715,-60.6931197,55.0,538.0,Municipio Rosario,Municipio,Rosario,820210,Servicio de Catastro e Información Territorial,IGN
2013,13712,2013-12-15,Domingo,0.0,17:00:00,,0.0,2,"Automóvil,Automóvil",Bv. Oroño Y Catamarca,3,2,0,0,1,0,0,,Calle,,ROSARIO,Rosario,Asfalto,No existe,II,Dentro,Urbana,Ninguna,No existe,Intersección,Bueno,Buena,Diurna,Buen Tiempo,Lateral,S/D,Colisión,S/D,Faltante,Cordón divisorio,Sin restricción,POINT (-60.651806750000006 -32.9378818),"['Bulevar Nicasio Oroño', 'Catamarca']",2,Bulevar Nicasio Oroño; Catamarca,-32.9378818,-60.651806750000006,55.0,538.0,Municipio Rosario,Municipio,Rosario,820210,Servicio de Catastro e Información Territorial,IGN
2013,13713,2013-12-10,Martes,0.0,12:00:00,,0.0,2,"Automóvil,Moto/Ciclomotor",1 de Mayo 900,2,1,0,0,1,0,0,,Calle,,ROSARIO,Rosario,Asfalto,S/D,II,Dentro,Urbana,S/D,S/D,Recta,Bueno,Buena,Diurna,Buen Tiempo,Otro,S/D,Colisión,S/D,S/D,Ninguna,S/D,"-32.9492594, -60.6301957",['Primero De Mayo 900'],1,Primero De Mayo 900,-32.9492594,-60.6301957,55.0,538.0,Municipio Rosario,Municipio,Rosario,820210,Servicio de Catastro e Información Territorial,IGN
2013,13714,2013-12-12,Jueves,0.0,20:00:00,,0.0,2,"Moto/Ciclomotor,Automóvil",España Y E.Zeballos,2,1,0,0,1,0,0,,Calle,,ROSARIO,Rosario,Asfalto,S/D,II,Dentro,Urbana,Semáforo,Funciona,Intersección,Bueno,S/D,"Nocturna,Con luz artificial",Buen Tiempo,Lateral,S/D,Colisión,S/D,S/D,Cordón divisorio,Sin restricción,POINT (-60.6486408 -32.953520899999994),"['España', 'Zeballos']",2,España; Zeballos,-32.953520899999994,-60.6486408,55.0,538.0,Municipio Rosario,Municipio,Rosario,820210,Servicio de Catastro e Información Territorial,IGN
2013,13716,2013-12-05,Jueves,0.0,10:45:00,,0.0,2,"Taxi/Remis,Taxi/Remis",Av. Corrientes Y Ocampo,4,1,1,0,2,0,0,,Calle,,ROSARIO,Rosario,Asfalto,S/D,II,S/D,Urbana,S/D,S/D,Intersección,S/D,S/D,Diurna,S/D,Frontal,S/D,Colisión,S/D,S/D,S/D,S/D,POINT (-60.647380000000005 -32.96571769999999),"['Corrientes', 'Ocampo']",2,Corrientes; Ocampo,-32.96571769999999,-60.647380000000005,55.0,538.0,Municipio Rosario,Municipio,Rosario,820210,Servicio de Catastro e Información Territorial,IGN
2013,13717,2013-12-17,Martes,0.0,12:40:00,,0.0,2,"Taxi/Remis,Moto/Ciclomotor",French Y Peru,2,1,0,0,1,0,0,,Calle,,ROSARIO,Rosario,Asfalto,No existe,II,S/D,Urbana,Ninguna,No existe,Intersección,S/D,Buena,Diurna,S/D,Lateral,S/D,Colisión,S/D,Faltante,Ninguna,Sin restricción,POINT (-60.7121846 -32.92176010000001),"['French', 'Peru']",2,Domingo French; Perú,-32.92176010000001,-60.7121846,55.0,538.0,Municipio Rosario,Municipio,Rosario,820210,Servicio de Catastro e Información Territorial,IGN
2013,13720,2013-12-14,Sabado,0.0,22:30:00,,0.0,2,"Taxi/Remis,Automóvil",Av. Corrientes Y Catamarca,2,1,0,0,1,0,0,,Calle,,ROSARIO,Rosario,Asfalto,No existe,II,Dentro,Urbana,Ninguna,No existe,Intersección,Bueno,Buena,"Nocturna,Con luz artificial",Buen Tiempo,De alcance,S/D,Colisión,S/D,Faltante,Ninguna,Sin restricción,POINT (-60.64088370000001 -32.939895699999994),"['Corrientes', 'Catamarca']",2,Corrientes; Catamarca,-32.939895699999994,-60.64088370000001,55.0,538.0,Municipio Rosario,Municipio,Rosario,820210,Servicio de Catastro e Información Territorial,IGN
2013,13721,2013-12-15,Domingo,0.0,05:45:00,,0.0,2,"Transporte de Pasajeros Urbano (> 8 asientos),Automóvil",San Lorenzo Y Entre Rios,4,3,0,0,1,0,0,,Calle,,ROSARIO,Rosario,Asfalto,No existe,II,Dentro,Urbana,Ninguna,S/D,Intersección,Bueno,Buena,"Amanecer,Con luz artificial",Buen Tiempo,Lateral,S/D,Colisión,S/D,Faltante,Ninguna,Sin restricción,POINT (-60.6403682 -32.94364579999999),"['San Lorenzo', 'Entre Ríos']",2,San Lorenzo; Entre Ríos,-32.94364579999999,-60.6403682,55.0,538.0,Municipio Rosario,Municipio,Rosario,820210,Servicio de Catastro e Información Territorial,IGN
2013,13724,2013-12-05,Jueves,0.0,13:00:00,,0.0,2,"Moto/Ciclomotor,Automóvil",Sarmiento Y Riobamba,3,0,1,0,2,0,0,,Calle,,ROSARIO,Rosario,S/D,S/D,II,S/D,Urbana,S/D,S/D,Intersección,S/D,S/D,S/D,S/D,Frontal,S/D,Colisión,S/D,S/D,S/D,S/D,POINT (-60.642316799999996 -32.9630352),"['Sarmiento', 'Riobamba']",2,Sarmiento; Riobamba,-32.9630352,-60.6423168,55.0,538.0,Municipio Rosario,Municipio,Rosario,820210,Servicio de Catastro e Información Territorial,IGN
2013,13727,2013-12-10,Martes,0.0,10:30:00,,0.0,2,"Moto/Ciclomotor,Automóvil",Urquiza 1100,2,1,0,0,1,0,0,,Calle,,ROSARIO,Rosario,Asfalto,No existe,II,Dentro,Urbana,Ninguna,No existe,Recta,Bueno,Buena,Diurna,Buen Tiempo,Lateral,S/D,Colisión,S/D,Faltante,Ninguna,Sin restricción,"-32.9430377, -60.6370837",['Urquiza 1100'],1,Urquiza 1100,-32.9430377,-60.6370837,55.0,538.0,Municipio Rosario,Municipio,Rosario,820210,Servicio de Catastro e Información Territorial,IGN
2013,13731,2013-12-14,Sabado,0.0,07:20:00,,0.0,2,"Moto/Ciclomotor,Automóvil",Rivadavia Y Bv. Oroño,3,2,0,0,1,0,0,,Avenida,,ROSARIO,Rosario,Asfalto,No existe,II,Dentro,Urbana,Ninguna,No existe,Intersección,Bueno,Buena,"Diurna,Con luz artificial",Otro,Lateral,S/D,Colisión,Agua,Faltante,Cordón divisorio,Sin restricción,POINT (-60.65036005 -32.93210415),"['Rivadavia', 'Bulevar Nicasio Oroño']",2,Avenida Bernardino Rivadavia; Bulevar Nicasio Oroño,-32.93210415,-60.65036005,55.0,538.0,Municipio Rosario,Municipio,Rosario,820210,Servicio de Catastro e Información Territorial,IGN
2013,13732,2013-12-30,Lunes,0.0,12:00:00,,0.0,2,"Moto/Ciclomotor,Pickup/Utilitario",Italia Y Ocampo,2,1,0,0,1,0,0,,Calle,,ROSARIO,Rosario,Asfalto,No existe,II,S/D,Urbana,S/D,S/D,Intersección,S/D,S/D,S/D,S/D,S/D,S/D,Colisión,S/D,S/D,S/D,S/D,POINT (-60.6529154 -32.96475379999999),"['Italia', 'Ocampo']",2,Italia; Ocampo,-32.96475379999999,-60.6529154,55.0,538.0,Municipio Rosario,Municipio,Rosario,820210,Servicio de Catastro e Información Territorial,IGN
2013,13736,2013-12-10,Martes,0.0,10:20:00,,0.0,2,"Automóvil,Moto/Ciclomotor",Entre Rios 500,2,1,0,0,1,0,0,,Calle,,ROSARIO,Rosario,Asfalto,No existe,II,Dentro,Urbana,Ninguna,No existe,Recta,Bueno,Buena,Diurna,Buen Tiempo,Lateral,S/D,Colisión,S/D,Faltante,Ninguna,Sin restricción,"-32.9423712, -60.6401004",['Entre Rios 500'],1,Entre Rios 500,-32.9423712,-60.6401004,55.0,538.0,Municipio Rosario,Municipio,Rosario,820210,Servicio de Catastro e Información Territorial,IGN
2013,13740,2013-12-21,Sabado,0.0,11:20:00,,0.0,2,"Camión,Moto/Ciclomotor",Av. Arijon Y Bv. Oroño,3,1,0,0,0,0,2,,Calle,,ROSARIO,Rosario,Asfalto,S/D,II,S/D,Urbana,S/D,S/D,S/D,Bueno,S/D,Diurna,S/D,S/D,S/D,Colisión,S/D,S/D,S/D,S/D,POINT (-60.6650193 -33.003540599999994),"['Avenida Manuel Arijón', 'Bulevar Nicasio Oroño']",2,Avenida Manuel Arijón; Bulevar Nicasio Oroño,-33.003540599999994,-60.6650193,55.0,538.0,Municipio Rosario,Municipio,Rosario,820210,Servicio de Catastro e Información Territorial,IGN
2013,13741,2013-12-30,Lunes,0.0,,,0.0,2,"Moto/Ciclomotor,Otros",Dorrego Y Cochabamba,3,1,0,0,2,0,0,,Calle,,ROSARIO,Rosario,Asfalto,S/D,II,S/D,Urbana,S/D,S/D,Intersección,S/D,S/D,S/D,S/D,S/D,S/D,Colisión,S/D,S/D,S/D,S/D,POINT (-60.652221 -32.9564558),"['Dorrego', 'Cochabamba']",2,Manuel Dorrego; Cochabamba,-32.9564558,-60.652221,55.0,538.0,Municipio Rosario,Municipio,Rosario,820210,Servicio de Catastro e Información Territorial,IGN
2013,13744,2013-12-09,Lunes,0.0,18:00:00,,0.0,2,"Moto/Ciclomotor,Automóvil",San Martin Y Caupolican,3,2,0,0,1,0,0,,Avenida,,ROSARIO,Rosario,Asfalto,No existe,II,Dentro,Urbana,Marca Vial,No existe,Intersección,Bueno,Buena,Diurna,Buen Tiempo,Lateral,S/D,Colisión,Otro,Horizontal,Cordón divisorio,Sin restricción,POINT (-60.650831800000006 -33.00995605),"['San Martin', 'Caupolicán']",2,José de San Martín; Caupolicán,-33.00995605,-60.650831800000006,55.0,538.0,Municipio Rosario,Municipio,Rosario,820210,Servicio de Catastro e Información Territorial,IGN
2013,13746,2013-12-20,Viernes,0.0,21:20:00,,0.0,2,"Bicicleta,Automóvil",Bv. Oroño Y 9 De Julio,2,1,0,0,1,0,0,,Calle,,ROSARIO,Rosario,Asfalto,S/D,II,Dentro,Urbana,Semáforo,Funciona,Intersección,Bueno,Buena,"Nocturna,Con luz artificial",S/D,Lateral,S/D,Atropello,S/D,Vertical,Cordón divisorio,Sin restricción,POINT (-60.65516625 -32.95114735),"['Bulevar Nicasio Oroño', '9 de Julio']",2,Bulevar Nicasio Oroño; 9 de Julio,-32.95114735,-60.65516625,55.0,538.0,Municipio Rosario,Municipio,Rosario,820210,Servicio de Catastro e Información Territorial,IGN
2013,13747,2013-12-26,Jueves,0.0,09:15:00,,0.0,2,"Moto/Ciclomotor,Automóvil",Galvez 1200,3,1,0,0,2,0,0,,Calle,,ROSARIO,Rosario,Asfalto,S/D,II,S/D,Urbana,S/D,S/D,Recta,S/D,S/D,S/D,S/D,De alcance,S/D,Colisión,S/D,S/D,S/D,S/D,"-32.9685019, -60.6448592",['Galvez 1200'],1,Galvez 1200,-32.9685019,-60.6448592,55.0,538.0,Municipio Rosario,Municipio,Rosario,820210,Servicio de Catastro e Información Territorial,IGN
2013,13748,2013-12-22,Domingo,0.0,11:00:00,,0.0,2,"Moto/Ciclomotor,Automóvil",Santiago 1000,2,1,0,0,1,0,0,,Calle,,ROSARIO,Rosario,Asfalto,S/D,II,Dentro,Urbana,Ninguna,No existe,Recta,Bueno,Buena,Diurna,Buen Tiempo,Frontal,S/D,Colisión,S/D,Faltante,Cordón divisorio,Sin restricción,"-32.9456962, -60.6567596",['Santiago 1000'],1,Santiago 1000,-32.9456962,-60.6567596,55.0,538.0,Municipio Rosario,Municipio,Rosario,820210,Servicio de Catastro e Información Territorial,IGN
2013,13749,2013-12-17,Martes,0.0,15:30:00,,0.0,1,Peatón,Av. Eva Peron Y Muniagurria,1,1,0,0,0,0,0,,Avenida,,ROSARIO,Rosario,Asfalto,S/D,II,Dentro,Urbana,Ninguna,Funciona,Recta,S/D,Buena,Diurna,S/D,S/D,S/D,Atropello,S/D,Horizontal,S/D,S/D,POINT (-60.733305349999995 -32.9293465),"['Avenida Eva Perón', 'Muniagurría']",2,Avenida Eva Perón; Muniagurría,-32.9293465,-60.73330535,55.0,538.0,Municipio Rosario,Municipio,Rosario,820210,Servicio de Catastro e Información Territorial,IGN
2013,13751,2013-12-09,Lunes,0.0,22:50:00,,0.0,2,"Moto/Ciclomotor,Automóvil",San Martin Y Av. Circunvalacion,2,1,0,0,1,0,0,,Avenida,,ROSARIO,Rosario,Asfalto,No existe,II,Dentro,Urbana,Ninguna,Funciona,Intersección,Bueno,Buena,Nocturna,Buen Tiempo,Otro,S/D,Colisión,Otro,Faltante,Cordón divisorio,Sin restricción,POINT (-60.64178307863883 -33.0158888269654),"['San Martin', 'Circunvalacion']",2,José de San Martín; Avenida de Circunvalación 25 de Mayo,-33.0158888269654,-60.64178307863883,55.0,538.0,Municipio Rosario,Municipio,Rosario,820210,Servicio de Catastro e Información Territorial,IGN
2013,13752,2013-12-08,Domingo,0.0,12:15:00,,0.0,2,"Automóvil,Automóvil",Av. Carlos Colombres Y Av. Brassey,2,1,0,0,1,0,0,,Avenida,,ROSARIO,Rosario,Asfalto,No existe,II,Dentro,Urbana,S/D,No existe,Recta,Bueno,Buena,Atardecer,S/D,Frontal,S/D,Colisión,S/D,Horizontal,S/D,S/D,POINT (-60.730032400000006 -32.9229721),"['José Colombres', 'Brassey']",2,José Colombres; Brassey,-32.9229721,-60.730032400000006,55.0,538.0,Municipio Rosario,Municipio,Rosario,820210,Servicio de Catastro e Información Territorial,IGN
2013,13754,2013-12-16,Lunes,0.0,08:10:00,,0.0,2,"Moto/Ciclomotor,Automóvil",Av. Provincias Unidas Y Arevalo,2,1,0,0,1,0,0,,Avenida,,ROSARIO,Rosario,Asfalto,No existe,II,Dentro,Urbana,Semáforo,Funciona,Intersección,S/D,Buena,Diurna,Buen Tiempo,Lateral,S/D,Colisión,S/D,Horizontal,S/D,Sin restricción,POINT (-60.713046500000004 -32.9306845),"['Avenida Provincias Unidas', 'Arévalo']",2,Avenida Provincias Unidas; Arévalo,-32.9306845,-60.7130465,55.0,538.0,Municipio Rosario,Municipio,Rosario,820210,Servicio de Catastro e Información Territorial,IGN
2013,13755,2013-12-02,Lunes,0.0,17:00:00,,0.0,2,"Moto/Ciclomotor,Pickup/Utilitario",Av. Ing.Acevedo Y Suipacha,3,0,2,0,1,0,0,,Calle,,ROSARIO,Rosario,Asfalto,No existe,II,S/D,Urbana,Ninguna,No existe,Recta,Bueno,Buena,Atardecer,Buen Tiempo,Frontal,S/D,Colisión,Ninguna,Faltante,Cordón divisorio,Sin restricción,POINT (-60.6743296 -32.984128799999986),"['Acevedo', 'Suipacha']",2,Manuel Acevedo; Suipacha,-32.984128799999986,-60.6743296,55.0,538.0,Municipio Rosario,Municipio,Rosario,820210,Servicio de Catastro e Información Territorial,IGN
2013,13758,2013-12-03,Martes,0.0,20:40:00,,0.0,2,"Moto/Ciclomotor,Automóvil",Colombia Y Bielsa,2,1,0,0,1,0,0,,Calle,,ROSARIO,Rosario,Asfalto,No existe,II,Dentro,Urbana,Ninguna,No existe,Recta,Bueno,Buena,Nocturna,Buen Tiempo,Lateral,S/D,Colisión,S/D,Horizontal,Barrera de hormigón,Sin restricción,POINT (-60.716876 -32.9238682),"['Colombia', 'Bielsa']",2,Colombia; Bielsa,-32.9238682,-60.716876,55.0,538.0,Municipio Rosario,Municipio,Rosario,820210,Servicio de Catastro e Información Territorial,IGN
2013,13759,2013-12-14,Sabado,0.0,15:30:00,,0.0,2,"Automóvil,Moto/Ciclomotor",Sarratea Bis Y Jose Ingenieros,2,1,0,0,1,0,0,,Calle,,ROSARIO,Rosario,Asfalto,No existe,II,Dentro,Urbana,S/D,No existe,Recta,Bueno,Buena,Atardecer,S/D,Frontal,S/D,Colisión,S/D,Horizontal,S/D,S/D,POINT (-60.741484500000006 -32.91786100000001),"['Sarratea', 'José Ingenieros']",2,Sarratea; José Ingenieros,-32.91786100000001,-60.741484500000006,55.0,538.0,Municipio Rosario,Municipio,Rosario,820210,Servicio de Catastro e Información Territorial,IGN
2013,13760,2013-12-20,Viernes,0.0,22:30:00,,0.0,2,"Moto/Ciclomotor,Automóvil",Av. Arijon Y Italia,2,1,0,0,1,0,0,,Calle,,ROSARIO,Rosario,Asfalto,Pavimento,II,Dentro,Urbana,S/D,S/D,S/D,S/D,S/D,Nocturna,Buen Tiempo,S/D,S/D,S/D,S/D,S/D,S/D,S/D,POINT (-60.65911609999999 -33.00336659999999),"['Avenida Manuel Arijón', 'Italia']",2,Avenida Manuel Arijón; Italia,-33.00336659999999,-60.65911609999999,55.0,538.0,Municipio Rosario,Municipio,Rosario,820210,Servicio de Catastro e Información Territorial,IGN
2013,13762,2013-12-06,Viernes,0.0,10:00:00,,0.0,2,"Moto/Ciclomotor,Automóvil",Parana Y Santa Fe,3,2,0,0,1,0,0,,Calle,,ROSARIO,Rosario,Asfalto,No existe,II,S/D,Urbana,S/D,S/D,Intersección,Bueno,S/D,Diurna,S/D,Lateral,S/D,Colisión,S/D,S/D,S/D,S/D,POINT (-60.6910365 -32.9355511),"['Paraná', 'Santa Fe']",2,Paraná; Santa Fe,-32.9355511,-60.6910365,55.0,538.0,Municipio Rosario,Municipio,Rosario,820210,Servicio de Catastro e Información Territorial,IGN
2013,13763,2013-12-12,Jueves,0.0,08:15:00,,0.0,2,"Moto/Ciclomotor,Pickup/Utilitario",Boqueron Y Pje. Escalante,2,0,1,0,1,0,0,,Calle,,ROSARIO,Rosario,Asfalto,No existe,II,Dentro,Urbana,Marca Vial,No existe,Intersección,Bueno,Buena,Diurna,Buen Tiempo,Lateral,S/D,Colisión,Otro,Horizontal,Cordón divisorio,Sin restricción,POINT (-60.64384690000001 -33.0141778),"['Boquerón', 'Escalante']",2,Boquerón; Escalante,-33.0141778,-60.64384690000001,55.0,538.0,Municipio Rosario,Municipio,Rosario,820210,Servicio de Catastro e Información Territorial,IGN
2013,13764,2013-12-05,Jueves,0.0,00:30:00,,0.0,2,"Moto/Ciclomotor,Automóvil",Tarragona Y Pje. Franklin,2,1,0,0,1,0,0,,Calle,,ROSARIO,Rosario,Asfalto,No existe,II,Dentro,Urbana,Ninguna,No existe,Recta,Bueno,Buena,"Nocturna,Con luz artificial",Buen Tiempo,Lateral,S/D,Colisión,S/D,Horizontal,Ninguna,Sin restricción,POINT (-60.73505469999999 -32.9184364),"['Tarragona', 'Franklin']",2,Tarragona; Franklin,-32.9184364,-60.73505469999999,55.0,538.0,Municipio Rosario,Municipio,Rosario,820210,Servicio de Catastro e Información Territorial,IGN
2013,13765,2013-12-04,Miercoles,0.0,16:30:00,,0.0,2,"Moto/Ciclomotor,Automóvil",Bv. Avellaneda 3600,2,1,0,0,1,0,0,,Calle,,ROSARIO,Rosario,Asfalto,No existe,II,S/D,Urbana,Ninguna,No existe,Recta,Bueno,Buena,Atardecer,Buen Tiempo,Lateral,S/D,Colisión,Ninguna,Faltante,Cordón divisorio,Sin restricción,"-32.971515, -60.6875331",['Avellaneda 3600'],1,Avellaneda 3600,-32.971515,-60.6875331,55.0,538.0,Municipio Rosario,Municipio,Rosario,820210,Servicio de Catastro e Información Territorial,IGN
2013,13766,2013-12-19,Jueves,0.0,19:30:00,,0.0,2,"Moto/Ciclomotor,Moto/Ciclomotor",Mariano Moreno 6300,3,3,0,0,0,0,0,,Calle,,ROSARIO,Rosario,Asfalto,Pavimento,II,Dentro,Urbana,S/D,S/D,S/D,S/D,S/D,Atardecer,S/D,S/D,S/D,Colisión,S/D,S/D,S/D,S/D,"-32.9653243, -60.6559022",['Mariano Moreno 6300'],1,Mariano Moreno 6300,-32.9653243,-60.6559022,55.0,538.0,Municipio Rosario,Municipio,Rosario,820210,Servicio de Catastro e Información Territorial,IGN
2013,13767,2013-12-13,Viernes,0.0,04:00:00,,0.0,2,"Moto/Ciclomotor,Taxi/Remis",Av. Arijon Y Mitre,3,2,0,0,1,0,0,,Avenida,,ROSARIO,Rosario,Asfalto,No existe,II,Dentro,Urbana,Ninguna,Intermitente,Intersección,Bueno,Reducida,Nocturna,Buen Tiempo,Otro,S/D,Colisión,Otro,Horizontal,Cordón divisorio,Sin restricción,POINT (-60.6503493 -33.00309120000001),"['Avenida Manuel Arijón', 'Mitre']",2,Avenida Manuel Arijón; Bartolomé Mitre,-33.00309120000001,-60.6503493,55.0,538.0,Municipio Rosario,Municipio,Rosario,820210,Servicio de Catastro e Información Territorial,IGN
2013,13769,2013-12-24,Martes,0.0,,,0.0,2,"Automóvil,Moto/Ciclomotor",Urquiza Y P.L.Funes,3,2,0,0,1,0,0,,Calle,,ROSARIO,Rosario,Asfalto,No existe,II,S/D,Urbana,Ninguna,No existe,Intersección,S/D,Buena,Diurna,S/D,Lateral,S/D,Colisión,S/D,Faltante,Ninguna,Sin restricción,POINT (-60.7014733 -32.9331217),"['Urquiza', 'Funes']",2,Justo José de Urquiza; Deán Gregorio Funes,-32.9331217,-60.7014733,55.0,538.0,Municipio Rosario,Municipio,Rosario,820210,Servicio de Catastro e Información Territorial,IGN