anio_acci,nro_acci,fecha,desc_dia,fecha_aprox,hora_aprox,desc_ruta,km,cant_participantes,desc_participante,calle_avenida_km,total,heridos_leves,heridos_graves,heridos_gravisimos,ilesos,fallecidos,sin_datos,posicion_XY,desc_tipo_via,desc_ruta_ori,desc_loc,desc_dpto,desc_tipo_calzada,desc_tipo_banquina,desc_unidad_regional,desc_lugar_calzada,desc_zona,desc_prioridad,desc_estado_semaforo,desc_lugar_via,desc_estado_via,desc_estado_visibilidad,desc_luminosidad,desc_estado_clima,desc_tipo_colision,desc_tipo_atropello,desc_tipo_hecho,desc_pres_calzada,desc_senializacion,desc_separacion_via,desc_restriccion,forma_geocod,calle_lista,numero_calles,calles_osm,lat,lon,index_right,gid,fna,gna,nam,in1,fdc,sag
2013,13770,2013-12-01,Domingo,0.0,11:30:00,,0.0,2,"Peatón,Pickup/Utilitario",Velez Sarsfield Y Av. Circunvalacion,2,1,0,0,1,0,0,,S/D,,ROSARIO,Rosario,Asfalto,Pavimento,II,Dentro,Urbana,Ninguna,No existe,Recta,Bueno,S/D,S/D,Buen Tiempo,S/D,S/D,Atropello,S/D,S/D,S/D,Sin restricción,POINT (-60.7228813 -32.92630729999999),"['Vélez Sarsfield', 'Circunvalacion']",2,"('Vélez Sarsfield', 'Juan Pablo II')",-32.92630729999999,-60.7228813,55.0,538.0,Municipio Rosario,Municipio,Rosario,820210,Servicio de Catastro e Información Territorial,IGN
2013,13772,2013-12-04,Miercoles,0.0,18:30:00,,0.0,2,"Peatón,Moto/Ciclomotor",Bv. Segui 3700,2,1,0,0,1,0,0,,Avenida,,ROSARIO,Rosario,Asfalto,No existe,II,S/D,Urbana,Ninguna,No existe,Recta,Bueno,Buena,Atardecer,Buen Tiempo,S/D,S/D,Atropello,Ninguna,Faltante,Cordón divisorio,Sin restricción,"-32.9725928, -60.6817141",['Bulevar Juan Francisco Seguí 3700'],1,Bulevar Juan Francisco Seguí 3700,-32.9725928,-60.6817141,55.0,538.0,Municipio Rosario,Municipio,Rosario,820210,Servicio de Catastro e Información Territorial,IGN
2013,13773,2013-12-05,Jueves,0.0,,,0.0,2,"Bicicleta,Automóvil",Bv. Argentino Y Sarratea Bis,2,1,0,0,1,0,0,,Calle,,ROSARIO,Rosario,Asfalto,No existe,II,Dentro,Urbana,Ninguna,No existe,Recta,Bueno,Buena,S/D,Buen Tiempo,S/D,S/D,Atropello,S/D,Horizontal,Barrera de hormigón,Sin restricción,POINT (-60.74117369999999 -32.92451839999999),"['Argentino', 'Sarratea']",2,Avenida Central Argentino; Sarratea,-32.92451839999999,-60.74117369999999,55.0,538.0,Municipio Rosario,Municipio,Rosario,820210,Servicio de Catastro e Información Territorial,IGN
2013,13776,2013-12-15,Domingo,0.0,19:45:00,,0.0,2,"Moto/Ciclomotor,Automóvil",Av. Arijon 1200,4,3,0,0,1,0,0,,Avenida,,ROSARIO,Rosario,Asfalto,No existe,II,Dentro,Urbana,Marca Vial,No existe,Intersección,Bueno,Buena,Atardecer,Buen Tiempo,Lateral,S/D,Colisión,Otro,Horizontal,Cordón divisorio,Sin restricción,"-33.0023231, -60.6252459",['Arijon 1200'],1,Arijon 1200,-33.0023231,-60.6252459,55.0,538.0,Municipio Rosario,Municipio,Rosario,820210,Servicio de Catastro e Información Territorial,IGN
2013,13777,2013-12-14,Sabado,0.0,19:40:00,,0.0,2,"Bicicleta,Pickup/Utilitario",Av. Ovidio Lagos Y 24 De Setiembre,2,1,0,0,1,0,0,,Avenida,,ROSARIO,Rosario,Asfalto,S/D,II,Dentro,Urbana,Ninguna,S/D,Intersección,Bueno,S/D,Atardecer,Buen Tiempo,S/D,S/D,Atropello,Ninguna,Faltante,Cordón divisorio,Sin restricción,POINT (-60.6696692 -32.9761333),"['Avenida Ovidio Lagos', '24 de Septiembre']",2,Avenida Ovidio Lagos; 24 de Septiembre,-32.9761333,-60.6696692,55.0,538.0,Municipio Rosario,Municipio,Rosario,820210,Servicio de Catastro e Información Territorial,IGN
2013,13778,2013-12-05,Jueves,0.0,15:15:00,,0.0,2,"Peatón,Automóvil",Av. Ovidio Lagos Y Dr.Rivas,2,1,0,0,1,0,0,,Avenida,,ROSARIO,Rosario,Asfalto,No existe,II,Dentro,Urbana,Ninguna,No existe,Intersección,Bueno,Buena,Atardecer,Buen Tiempo,S/D,S/D,Atropello,Ninguna,Faltante,Cordón divisorio,Sin restricción,POINT (-60.6705014 -32.979572149999996),"['Avenida Ovidio Lagos', 'Doctor Francisco Riva']",2,Avenida Ovidio Lagos; Doctor Francisco Riva,-32.97957215,-60.6705014,55.0,538.0,Municipio Rosario,Municipio,Rosario,820210,Servicio de Catastro e Información Territorial,IGN
2013,13780,2013-12-06,Viernes,0.0,,,0.0,2,"Automóvil,Moto/Ciclomotor",Gorriti Y Cullen,3,2,0,0,1,0,0,,Calle,,ROSARIO,Rosario,Asfalto,No existe,II,S/D,Urbana,S/D,No existe,Intersección,Bueno,S/D,S/D,S/D,Lateral,S/D,Colisión,S/D,S/D,S/D,S/D,POINT (-60.709779999999995 -32.924334099999996),"['Gorriti', 'Cullen']",2,Gorriti; Cullen,-32.9243341,-60.70978,55.0,538.0,Municipio Rosario,Municipio,Rosario,820210,Servicio de Catastro e Información Territorial,IGN
2013,13781,2013-12-22,Domingo,0.0,11:45:00,,0.0,2,"Moto/Ciclomotor,Automóvil",Rueda Y Barra,2,1,0,0,1,0,0,,Calle,,ROSARIO,Rosario,Asfalto,No existe,II,Dentro,Urbana,S/D,S/D,Intersección,Otro,S/D,Diurna,S/D,Lateral,S/D,Colisión,Otro,S/D,Ninguna,Sin restricción,POINT (-60.7059124 -32.962635299999995),"['Rueda', 'Barra']",2,Rueda; Barraco,-32.962635299999995,-60.7059124,55.0,538.0,Municipio Rosario,Municipio,Rosario,820210,Servicio de Catastro e Información Territorial,IGN
2013,13782,2013-12-25,Miercoles,0.0,17:00:00,,0.0,2,"Moto/Ciclomotor,Automóvil",Bv. 27 De Febrero Y Av. Circunvalacion,2,2,0,0,0,0,0,,Calle,,ROSARIO,Rosario,Asfalto,Pavimento,II,S/D,Urbana,Semáforo,Funciona,Intersección,Resbaladiza,Buena,Diurna,Buen Tiempo,Lateral,S/D,Colisión,S/D,S/D,S/D,Sin restricción,POINT (-60.671730569613096 -32.965475411263625),"['27 de Febrero', 'Circunvalacion']",2,Bulevar 27 de Febrero; Avenida de Circunvalación 25 de Mayo,-32.965475411263625,-60.671730569613096,55.0,538.0,Municipio Rosario,Municipio,Rosario,820210,Servicio de Catastro e Información Territorial,IGN
2013,13783,2013-12-13,Viernes,0.0,03:10:00,,0.0,2,"Moto/Ciclomotor,Transporte de Pasajeros Urbano (> 8 asientos)",Av. Ovidio Lagos Y Av. Uriburu,3,2,0,0,1,0,0,,Avenida,,ROSARIO,Rosario,Asfalto,No existe,II,S/D,Urbana,Semáforo,Funciona,Intersección,Bueno,Buena,Nocturna,Buen Tiempo,Frontal,S/D,Colisión,Ninguna,Faltante,Cordón divisorio,Sin restricción,POINT (-60.67337785 -32.991524999999996),"['Avenida Ovidio Lagos', 'Uriburu']",2,Avenida Ovidio Lagos; Avenida José Uriburu,-32.991525,-60.67337785,55.0,538.0,Municipio Rosario,Municipio,Rosario,820210,Servicio de Catastro e Información Territorial,IGN
2013,13784,2013-12-18,Miercoles,0.0,17:45:00,,0.0,2,"Moto/Ciclomotor,Automóvil",Gaboto Y Vera Mujica,4,3,0,0,1,0,0,,Calle,,ROSARIO,Rosario,Asfalto,No existe,II,S/D,Urbana,Ninguna,No existe,Recta,Deteriorada,Buena,Atardecer,Buen Tiempo,S/D,S/D,Colisión,Ninguna,Faltante,Cordón divisorio,Sin restricción,POINT (-60.6737108 -32.9682305),"['Gaboto', 'Vera Mujíca']",2,Gaboto; Vera Mujíca,-32.9682305,-60.6737108,55.0,538.0,Municipio Rosario,Municipio,Rosario,820210,Servicio de Catastro e Información Territorial,IGN
2013,13785,2013-12-17,Martes,0.0,08:30:00,,0.0,2,"Moto/Ciclomotor,Moto/Ciclomotor",P.L.Funes Y Saavedra,2,1,0,0,0,0,1,,Calle,,ROSARIO,Rosario,Asfalto,No existe,II,S/D,Urbana,Ninguna,No existe,Intersección,Otro,Reducida,Amanecer,Otro,Lateral,S/D,Colisión,S/D,Faltante,Barrera de hormigón,Sin restricción,POINT (-60.70003950000001 -32.9694876),"['Funes', 'Saavedra']",2,Deán Gregorio Funes; Saavedra,-32.9694876,-60.70003950000001,55.0,538.0,Municipio Rosario,Municipio,Rosario,820210,Servicio de Catastro e Información Territorial,IGN
2013,13787,2013-12-10,Martes,0.0,20:00:00,,0.0,2,"Moto/Ciclomotor,Automóvil",AV GODOY  7900,2,2,0,0,0,0,0,,Avenida,,ROSARIO,Rosario,"Asfalto,Hormigón",Pavimento,II,S/D,Urbana,Marca Vial,No existe,Intersección,Con baches,Buena,Nocturna,Buen Tiempo,Lateral,S/D,Colisión,S/D,S/D,S/D,Sin restricción,"-32.97620355503356, -60.72806707583893",['Avenida Presidente Perón 7900'],1,Avenida Presidente Perón 7900,-32.97620355503356,-60.72806707583893,55.0,538.0,Municipio Rosario,Municipio,Rosario,820210,Servicio de Catastro e Información Territorial,IGN
2013,13789,2013-12-19,Jueves,0.0,12:45:00,,0.0,2,"Bicicleta,Automóvil",Rio De Janeiro Y Pje. Chancay,2,1,0,0,1,0,0,,Calle,,ROSARIO,Rosario,Asfalto,No existe,II,S/D,Urbana,Ninguna,No existe,Intersección,Bueno,Buena,Diurna,Buen Tiempo,S/D,S/D,Atropello,Ninguna,Faltante,Cordón divisorio,Sin restricción,POINT (-60.6885646 -32.9708377),"['Río de Janeiro', 'Chancay']",2,Río de Janeiro; Chancay,-32.9708377,-60.6885646,55.0,538.0,Municipio Rosario,Municipio,Rosario,820210,Servicio de Catastro e Información Territorial,IGN
2013,13790,2013-12-03,Martes,0.0,14:00:00,,0.0,2,"Moto/Ciclomotor,Moto/Ciclomotor",Av. Battle y Ordoñez Y Pje. Suriguez y Acha,2,1,0,0,1,0,0,,Calle,,ROSARIO,Rosario,Asfalto,Pavimento,II,Dentro,Urbana,S/D,S/D,S/D,S/D,S/D,Diurna,Buen Tiempo,S/D,S/D,Otro,S/D,S/D,S/D,S/D,POINT (-60.65809839999999 -33.00911459999999),"['Avenida Battle y Ordoñez', 'Suriguez y Acha']",2,Avenida Battle y Ordoñez; Suriguez y Acha,-33.00911459999999,-60.65809839999999,55.0,538.0,Municipio Rosario,Municipio,Rosario,820210,Servicio de Catastro e Información Territorial,IGN
2013,13792,2013-12-07,Sabado,0.0,18:00:00,,0.0,2,"Moto/Ciclomotor,Taxi/Remis",Mariano Moreno 6415,3,0,0,0,1,0,2,,Calle,,ROSARIO,Rosario,Asfalto,S/D,II,Dentro,Urbana,S/D,S/D,S/D,Bueno,S/D,S/D,S/D,S/D,S/D,S/D,S/D,S/D,S/D,S/D,"-32.9653243, -60.6559022",['Mariano Moreno 6415'],1,Mariano Moreno 6415,-32.9653243,-60.6559022,55.0,538.0,Municipio Rosario,Municipio,Rosario,820210,Servicio de Catastro e Información Territorial,IGN
2013,13793,2013-12-07,Sabado,0.0,16:00:00,,0.0,2,"Moto/Ciclomotor,Automóvil",Av. Ovidio Lagos Y Garay,2,1,0,0,1,0,0,,Avenida,,ROSARIO,Rosario,Asfalto,No existe,II,Dentro,Urbana,Ninguna,No existe,Intersección,Bueno,Buena,Atardecer,Buen Tiempo,S/D,S/D,Colisión,Ninguna,Faltante,Cordón divisorio,Sin restricción,POINT (-60.66824390000001 -32.970363899999995),"['Avenida Ovidio Lagos', 'Garay']",2,Avenida Ovidio Lagos; Juan de Garay,-32.970363899999995,-60.66824390000001,55.0,538.0,Municipio Rosario,Municipio,Rosario,820210,Servicio de Catastro e Información Territorial,IGN
2013,13795,2013-12-16,Lunes,0.0,15:30:00,,0.0,2,"Moto/Ciclomotor,Automóvil",Bv. Oroño Y Av. Ntra.Sra.del Rosario,2,1,0,0,0,0,1,,Calle,,ROSARIO,Rosario,Asfalto,S/D,II,Dentro,Urbana,S/D,S/D,Intersección,S/D,S/D,S/D,S/D,S/D,S/D,Colisión,S/D,S/D,S/D,S/D,POINT (-60.665137900000005 -33.000583799999994),"['Bulevar Nicasio Oroño', 'Nuestra Señora del Rosario']",2,Bulevar Nicasio Oroño; Puente Nuestra Señora del Rosario,-33.000583799999994,-60.665137900000005,55.0,538.0,Municipio Rosario,Municipio,Rosario,820210,Servicio de Catastro e Información Territorial,IGN
2013,13797,2013-12-11,Miercoles,0.0,09:00:00,,0.0,2,"Moto/Ciclomotor,Automóvil",Bv. Segui Y San Nicolas,2,1,0,0,1,0,0,,Avenida,,ROSARIO,Rosario,Asfalto,No existe,II,S/D,Urbana,S/D,S/D,Intersección,Bueno,Buena,Diurna,Buen Tiempo,S/D,S/D,Colisión,Ninguna,Faltante,Cordón divisorio,Sin restricción,POINT (-60.680555149999996 -32.97297304999999),"['Bulevar Juan Francisco Seguí', 'San Nicolás']",2,Bulevar Juan Francisco Seguí; San Nicolás,-32.97297304999999,-60.68055515,55.0,538.0,Municipio Rosario,Municipio,Rosario,820210,Servicio de Catastro e Información Territorial,IGN
2013,13800,2013-12-20,Viernes,0.0,01:00:00,,0.0,2,"Bicicleta,Automóvil",Av. Francia Y Saavedra,2,1,0,0,1,0,0,,Calle,,ROSARIO,Rosario,Asfalto,No existe,II,Dentro,Urbana,Ninguna,No existe,Intersección,Deteriorada,Buena,Nocturna,Buen Tiempo,S/D,S/D,Atropello,Ninguna,Faltante,Cordón divisorio,Sin restricción,POINT (-60.6734792 -32.973049950000004),"['Avenida Francia', 'Saavedra']",2,Avenida Francia; Saavedra,-32.973049950000004,-60.6734792,55.0,538.0,Municipio Rosario,Municipio,Rosario,820210,Servicio de Catastro e Información Territorial,IGN
2013,13801,2013-12-18,Miercoles,0.0,09:00:00,,0.0,2,"Moto/Ciclomotor,Bicicleta",Av. Pellegrini Y Larrea,2,2,0,0,0,0,0,,Avenida,,ROSARIO,Rosario,Asfalto,No existe,II,Dentro,Urbana,Marca Vial,No existe,Intersección,Bueno,Buena,Diurna,Buen Tiempo,S/D,S/D,Atropello,Otro,Faltante,Cordón divisorio,Sin restricción,POINT (-60.696965950000006 -32.94818454999999),"['Pellegrini', 'Larrea']",2,Avenida Carlos Pellegrini; Larrea,-32.94818454999999,-60.696965950000006,55.0,538.0,Municipio Rosario,Municipio,Rosario,820210,Servicio de Catastro e Información Territorial,IGN
2013,13802,2013-12-11,Miercoles,0.0,23:00:00,,0.0,2,"Peatón,Automóvil",Bv. Avellaneda Y Av. Uriburu,2,1,0,0,1,0,0,,Avenida,,ROSARIO,Rosario,Asfalto,No existe,II,Dentro,Urbana,Semáforo,Funciona,Recta,Bueno,Buena,Nocturna,Buen Tiempo,S/D,S/D,Atropello,Ninguna,Faltante,Cordón divisorio,Sin restricción,POINT (-60.688810374999996 -32.991943325),"['Avellaneda', 'Uriburu']",2,Bulevar Nicolás Avellaneda; Avenida José Uriburu,-32.991943325,-60.688810375,55.0,538.0,Municipio Rosario,Municipio,Rosario,820210,Servicio de Catastro e Información Territorial,IGN
2013,13804,2013-12-08,Domingo,0.0,18:30:00,,0.0,2,"Moto/Ciclomotor,Automóvil",Pje. Asuncion Y Cullen,3,2,0,0,1,0,0,,Calle,,ROSARIO,Rosario,Asfalto,No existe,II,Dentro,Urbana,Marca Vial,No existe,Intersección,Bueno,Buena,Diurna,Buen Tiempo,Lateral,S/D,Colisión,Ninguna,Faltante,Cordón divisorio,Sin restricción,POINT (-60.708526199999994 -32.9548456),"['Asunción', 'Cullen']",2,Asunción; Cullen,-32.9548456,-60.7085262,55.0,538.0,Municipio Rosario,Municipio,Rosario,820210,Servicio de Catastro e Información Territorial,IGN
2013,13805,2013-12-13,Viernes,0.0,06:45:00,,0.0,2,"Moto/Ciclomotor,Pickup/Utilitario",Av. Francia Y Calle 1209,2,1,0,0,1,0,0,,Calle,,ROSARIO,Rosario,Asfalto,No existe,II,S/D,Urbana,Ninguna,No existe,Intersección,Bueno,Buena,Amanecer,Buen Tiempo,Lateral,S/D,Colisión,Ninguna,Faltante,Cordón divisorio,Sin restricción,POINT (-60.67847275 -32.996535050000006),"['Avenida Francia', 'Calle 1209']",2,Avenida Francia; Calle 1209,-32.996535050000006,-60.67847275,55.0,538.0,Municipio Rosario,Municipio,Rosario,820210,Servicio de Catastro e Información Territorial,IGN
2013,13809,2013-12-10,Martes,0.0,12:30:00,,0.0,2,"Moto/Ciclomotor,Automóvil",Mendoza Y Barra,2,1,0,0,1,0,0,,Avenida,,ROSARIO,Rosario,Asfalto,No existe,II,Dentro,Urbana,Semáforo,Funciona,Intersección,Bueno,Buena,Diurna,Buen Tiempo,Lateral,S/D,Colisión,Ninguna,Vertical,Ninguna,Sin restricción,POINT (-60.7068062 -32.94007349999998),"['Mendoza', 'Barra']",2,Mendoza; Barraco,-32.94007349999998,-60.7068062,55.0,538.0,Municipio Rosario,Municipio,Rosario,820210,Servicio de Catastro e Información Territorial,IGN
2013,13811,2013-12-31,Martes,0.0,12:50:00,,0.0,10,"Transporte de Pasajeros Larga Distancia (> 8 asientos),Pickup/Utilitario,Pickup/Utilitario,Automóvil,Automóvil,Moto/Ciclomotor,Moto/Ciclomotor,Moto/Ciclomotor,Automóvil,Automóvil",Mendoza Y Cullen,12,4,0,0,8,0,0,,Calle,,ROSARIO,Rosario,Asfalto,No existe,II,Dentro,Urbana,Semáforo,Funciona,Intersección,Bueno,Buena,Diurna,Buen Tiempo,Múltiple,S/D,Colisión,S/D,Vertical,Ninguna,Sin restricción,POINT (-60.70910775 -32.940137499999985),"['Mendoza', 'Cullen']",2,Mendoza; Cullen,-32.940137499999985,-60.70910775,55.0,538.0,Municipio Rosario,Municipio,Rosario,820210,Servicio de Catastro e Información Territorial,IGN
2013,13813,2013-12-26,Jueves,0.0,23:30:00,,0.0,2,"Taxi/Remis,Bicicleta",Av. Pellegrini ,2,1,0,0,1,0,0,,Avenida,,ROSARIO,Rosario,Asfalto,No existe,II,S/D,Urbana,Ninguna,No existe,Recta,Bueno,S/D,"Nocturna,Con luz artificial",Buen Tiempo,S/D,S/D,Atropello,Ninguna,Horizontal,Cordón divisorio,Sin restricción,"-32.9484613, -60.7054148",['Pellegrini'],1,Pellegrini,-32.9484613,-60.7054148,55.0,538.0,Municipio Rosario,Municipio,Rosario,820210,Servicio de Catastro e Información Territorial,IGN
2013,13814,2013-12-20,Viernes,0.0,07:50:00,,0.0,2,"Transporte de Pasajeros Larga Distancia (> 8 asientos),Moto/Ciclomotor",Riobamba Y Mejico,2,1,0,0,1,0,0,,Calle,,ROSARIO,Rosario,Asfalto,No existe,II,S/D,Urbana,Ninguna,No existe,Recta,Bueno,Buena,Diurna,Buen Tiempo,Lateral,S/D,Colisión,S/D,Faltante,Ninguna,Sin restricción,POINT (-60.71779990000001 -32.9546742),"['Riobamba', 'Mejico']",2,Riobamba; Méjico,-32.9546742,-60.71779990000001,55.0,538.0,Municipio Rosario,Municipio,Rosario,820210,Servicio de Catastro e Información Territorial,IGN
2013,13815,2013-12-21,Sabado,0.0,04:30:00,,0.0,2,"Automóvil,Automóvil",Av. Circunvalacion Y Av. Uriburu,2,1,0,0,1,0,0,,Avenida,,ROSARIO,Rosario,Asfalto,No existe,II,Fuera,Urbana,Ninguna,No existe,Intersección,Bueno,Buena,Nocturna,Buen Tiempo,S/D,S/D,Despiste,Ninguna,Faltante,Guardarrail,Sin restricción,POINT (-60.70053645 -32.992253950000006),"['Circunvalacion', 'Uriburu']",2,"('Juan Pablo II', 'Avenida José Uriburu')",-32.992253950000006,-60.70053645,55.0,538.0,Municipio Rosario,Municipio,Rosario,820210,Servicio de Catastro e Información Territorial,IGN
2013,13816,2013-12-07,Sabado,0.0,06:30:00,,0.0,2,"Moto/Ciclomotor,Automóvil",Av. Pellegrini Y Peru,2,1,0,0,1,0,0,,Calle,,ROSARIO,Rosario,Asfalto,No existe,II,Dentro,Urbana,Marca Vial,No existe,Intersección,Bueno,Buena,Diurna,Buen Tiempo,Lateral,S/D,Colisión,Otro,Faltante,Cordón divisorio,Sin restricción,POINT (-60.7110387 -32.948551050000006),"['Pellegrini', 'Peru']",2,Avenida Carlos Pellegrini; Perú,-32.948551050000006,-60.7110387,55.0,538.0,Municipio Rosario,Municipio,Rosario,820210,Servicio de Catastro e Información Territorial,IGN
2013,13817,2013-12-07,Sabado,0.0,,,0.0,2,"Automóvil,Moto/Ciclomotor",Camilo Aldao Y Pasco,3,1,0,0,2,0,0,,Calle,,ROSARIO,Rosario,Asfalto,No existe,II,Dentro,Urbana,Marca Vial,No existe,Intersección,Bueno,Buena,S/D,Buen Tiempo,Lateral,S/D,Colisión,Ninguna,Faltante,Cordón divisorio,Sin restricción,POINT (-60.6955377 -32.950518699999996),"['Camilo Aldao', 'Pasco']",2,Camilo Aldao; Pasco,-32.9505187,-60.6955377,55.0,538.0,Municipio Rosario,Municipio,Rosario,820210,Servicio de Catastro e Información Territorial,IGN
2013,13818,2013-12-22,Domingo,0.0,08:00:00,,0.0,2,"Moto/Ciclomotor,Automóvil",Barra Y Pje. Lejarza,2,1,0,0,1,0,0,,Calle,,ROSARIO,Rosario,S/D,No existe,II,S/D,Urbana,Ninguna,No existe,Intersección,Con baches,Buena,Amanecer,Otro,Lateral,S/D,Colisión,Otro,Faltante,Barrera de hormigón,Sin restricción,POINT (-60.7057521 -32.966725999999994),"['Barra', 'Lejarza']",2,Barraco; Joaquín Lejarza,-32.966725999999994,-60.7057521,55.0,538.0,Municipio Rosario,Municipio,Rosario,820210,Servicio de Catastro e Información Territorial,IGN
2013,13820,2013-12-20,Viernes,0.0,08:40:00,,0.0,2,"Automóvil,Automóvil",Dragones de Rosario Y Blandengues,4,1,0,0,3,0,0,,Calle,,ROSARIO,Rosario,Asfalto,No existe,II,Dentro,Urbana,Ninguna,No existe,Intersección,Bueno,Buena,Diurna,Buen Tiempo,Lateral,S/D,Colisión,Otro,Horizontal,Cordón divisorio,Sin restricción,POINT (-60.6508737 -33.01407369999999),"['Dragones de Rosario', 'Blandengues']",2,Dragones de Rosario; Blandengues,-33.01407369999999,-60.6508737,55.0,538.0,Municipio Rosario,Municipio,Rosario,820210,Servicio de Catastro e Información Territorial,IGN
2013,13822,2013-12-23,Lunes,0.0,22:30:00,,0.0,2,"Automóvil,Moto/Ciclomotor",Av. Provincias Unidas Y Av. Pellegrini,2,1,0,0,1,0,0,,Avenida,,ROSARIO,Rosario,Asfalto,No existe,II,S/D,Urbana,Paso Peatonal,Funciona,Recta,Bueno,Reducida,Nocturna,Buen Tiempo,Lateral,S/D,Colisión,S/D,"Horizontal,Vertical",Cordón divisorio,Sin restricción,POINT (-60.71226145000001 -32.948578),"['Avenida Provincias Unidas', 'Pellegrini']",2,Avenida Provincias Unidas; Avenida Carlos Pellegrini,-32.948578,-60.71226145000001,55.0,538.0,Municipio Rosario,Municipio,Rosario,820210,Servicio de Catastro e Información Territorial,IGN
2013,13823,2013-12-23,Lunes,0.0,22:30:00,,0.0,2,"Automóvil,Moto/Ciclomotor",Av. Pellegrini Y Av. Provincias Unidas,2,1,0,0,1,0,0,,Avenida,,ROSARIO,Rosario,Asfalto,No existe,II,Dentro,Urbana,Semáforo,Funciona,Intersección,Bueno,Buena,"Nocturna,Con luz artificial",Buen Tiempo,Lateral,S/D,Colisión,Ninguna,Vertical,Cordón divisorio,Sin restricción,POINT (-60.71226145 -32.948578),"['Pellegrini', 'Avenida Provincias Unidas']",2,Avenida Carlos Pellegrini; Avenida Provincias Unidas,-32.948578,-60.71226145,55.0,538.0,Municipio Rosario,Municipio,Rosario,820210,Servicio de Catastro e Información Territorial,IGN
2013,13825,2013-12-24,Martes,0.0,18:30:00,,0.0,2,"Bicicleta,Moto/Ciclomotor",Bv. Avellaneda Y Amenabar,2,1,0,0,1,0,0,,Avenida,,ROSARIO,Rosario,Asfalto,No existe,II,S/D,Urbana,Ninguna,No existe,Intersección,Bueno,Buena,Atardecer,Buen Tiempo,S/D,S/D,Atropello,Ninguna,Faltante,Cordón divisorio,Sin restricción,POINT (-60.68563305 -32.964875599999985),"['Avellaneda', 'Amenabar']",2,Bulevar Nicolás Avellaneda; José de Amenábar,-32.964875599999985,-60.68563305,55.0,538.0,Municipio Rosario,Municipio,Rosario,820210,Servicio de Catastro e Información Territorial,IGN
2013,13826,2013-12-07,Sabado,0.0,08:00:00,,0.0,2,"Moto/Ciclomotor,Automóvil",Danieri Y Calle 1711,2,2,0,0,0,0,0,,Calle,,ROSARIO,Rosario,"Asfalto,Hormigón",No existe,II,S/D,Urbana,Ninguna,No existe,Intersección,Con baches,Buena,Diurna,Buen Tiempo,Frontal,S/D,Colisión,S/D,S/D,S/D,Sin restricción,POINT (-60.723890600000004 -32.9624917),"['Danieri', 'Carlos Uriarte']",2,Danieri; Carlos Uriarte,-32.9624917,-60.7238906,55.0,538.0,Municipio Rosario,Municipio,Rosario,820210,Servicio de Catastro e Información Territorial,IGN
2013,13827,2013-12-23,Lunes,0.0,22:00:00,,0.0,1,Moto/Ciclomotor,AV. SAN MARTIN Y COLECTORA,1,1,0,0,0,0,0,,Avenida,,ROSARIO,Rosario,Asfalto,No existe,II,Dentro,Urbana,Ninguna,No existe,Recta,Bueno,Buena,Nocturna,Buen Tiempo,Otro,S/D,Otro,Otro,Horizontal,Línea divisoria pintada,Sin restricción,POINT (-60.652083950000005 -33.015736849999996),"['San Martin', 'Colectora']",2,"('José de San Martín', 'Colectora Juan Pablo II')",-33.01573685,-60.652083950000005,55.0,538.0,Municipio Rosario,Municipio,Rosario,820210,Servicio de Catastro e Información Territorial,IGN
2013,13828,2013-12-26,Jueves,0.0,16:30:00,,0.0,2,"Moto/Ciclomotor,Pickup/Utilitario",Saavedra Y Pje. Santa Matilde,2,1,0,0,1,0,0,,Calle,,ROSARIO,Rosario,Asfalto,No existe,II,S/D,Urbana,Ninguna,No existe,Intersección,Bueno,Buena,Atardecer,Buen Tiempo,Lateral,S/D,Colisión,Ninguna,Faltante,Cordón divisorio,Sin restricción,POINT (-60.6836416 -32.971245800000005),"['Saavedra', 'Santa Matilde']",2,Saavedra; Santa Matilde,-32.971245800000005,-60.6836416,55.0,538.0,Municipio Rosario,Municipio,Rosario,820210,Servicio de Catastro e Información Territorial,IGN
2013,13833,2013-12-26,Jueves,0.0,17:00:00,,0.0,2,"Moto/Ciclomotor,Automóvil",Av. Uriburu Y Av. Francia,2,1,0,0,1,0,0,,Avenida,,ROSARIO,Rosario,Asfalto,No existe,II,S/D,Urbana,Semáforo,Funciona,Intersección,Bueno,Buena,Atardecer,Buen Tiempo,Lateral,S/D,Colisión,Ninguna,Faltante,Cordón divisorio,Sin restricción,POINT (-60.678139124999994 -32.991649800000005),"['Uriburu', 'Avenida Francia']",2,Avenida José Uriburu; Avenida Francia,-32.991649800000005,-60.678139125,55.0,538.0,Municipio Rosario,Municipio,Rosario,820210,Servicio de Catastro e Información Territorial,IGN