anio_acci,nro_acci,fecha,desc_dia,fecha_aprox,hora_aprox,desc_ruta,km,cant_participantes,desc_participante,calle_avenida_km,total,heridos_leves,heridos_graves,heridos_gravisimos,ilesos,fallecidos,sin_datos,posicion_XY,desc_tipo_via,desc_ruta_ori,desc_loc,desc_dpto,desc_tipo_calzada,desc_tipo_banquina,desc_unidad_regional,desc_lugar_calzada,desc_zona,desc_prioridad,desc_estado_semaforo,desc_lugar_via,desc_estado_via,desc_estado_visibilidad,desc_luminosidad,desc_estado_clima,desc_tipo_colision,desc_tipo_atropello,desc_tipo_hecho,desc_pres_calzada,desc_senializacion,desc_separacion_via,desc_restriccion,forma_geocod,calle_lista,numero_calles,calles_osm,lat,lon,index_right,gid,fna,gna,nam,in1,fdc,sag
2013,13834,2013-12-18,Miercoles,0.0,16:45:00,,0.0,2,"Moto/Ciclomotor,Automóvil",Ocampo Y Barra,2,1,0,0,1,0,0,,Calle,,ROSARIO,Rosario,S/D,No existe,II,Dentro,Urbana,Ninguna,No existe,Intersección,Otro,Buena,Atardecer,Otro,Otro,S/D,Otro,Otro,Faltante,Barrera de hormigón,Sin restricción,POINT (-60.706115499999996 -32.9578638),"['Ocampo', 'Barra']",2,Ocampo; Barraco,-32.9578638,-60.7061155,55.0,538.0,Municipio Rosario,Municipio,Rosario,820210,Servicio de Catastro e Información Territorial,IGN
2013,13839,2013-12-31,Martes,0.0,12:30:00,,0.0,2,"Moto/Ciclomotor,Automóvil",Av. Francia Y Av. Ntra.Sra.del Rosario,2,1,0,0,1,0,0,,Avenida,,ROSARIO,Rosario,Asfalto,Natural,II,Dentro,Urbana,Semáforo,Funciona,Recta,Deteriorada,Buena,Diurna,Buen Tiempo,Lateral,S/D,Colisión,S/D,Horizontal,Ninguna,Sin restricción,POINT (-60.677752850000005 -33.000956450000004),"['Avenida Francia', 'Nuestra Señora del Rosario']",2,Avenida Francia; Puente Nuestra Señora del Rosario,-33.000956450000004,-60.677752850000005,55.0,538.0,Municipio Rosario,Municipio,Rosario,820210,Servicio de Catastro e Información Territorial,IGN
2013,13842,2013-12-13,Viernes,0.0,09:15:00,,0.0,2,"Moto/Ciclomotor,Automóvil",Av. Arijon Y Av. Ovidio Lagos,2,1,0,0,1,0,0,,Calle,,ROSARIO,Rosario,Asfalto,No existe,II,Dentro,Urbana,Semáforo,Funciona,Recta,Con baches,Buena,Diurna,Buen Tiempo,Lateral,S/D,Colisión,S/D,"Horizontal,Vertical",Cordón divisorio,Sin restricción,POINT (-60.6761369 -33.0038701),"['Avenida Manuel Arijón', 'Avenida Ovidio Lagos']",2,Avenida Manuel Arijón; Avenida Ovidio Lagos,-33.0038701,-60.6761369,55.0,538.0,Municipio Rosario,Municipio,Rosario,820210,Servicio de Catastro e Información Territorial,IGN
2013,13843,2013-12-26,Jueves,0.0,07:00:00,,0.0,2,"Moto/Ciclomotor,Otros",Bv. Segui Y F.More,2,1,0,0,0,0,1,,Calle,,ROSARIO,Rosario,Asfalto,No existe,II,Dentro,Urbana,Semáforo,Funciona,Intersección,Bueno,Buena,Amanecer,Otro,Lateral,S/D,Colisión,Otro,Vertical,Barrera de hormigón,Sin restricción,POINT (-60.6925779 -32.9705265),"['Bulevar Juan Francisco Seguí', 'Felipe Moré']",2,Bulevar Juan Francisco Seguí; Felipe Moré,-32.9705265,-60.6925779,55.0,538.0,Municipio Rosario,Municipio,Rosario,820210,Servicio de Catastro e Información Territorial,IGN
2013,13847,2013-12-14,Sabado,0.0,14:00:00,,0.0,2,"Moto/Ciclomotor,Automóvil",Av. Ovidio Lagos Y Cazadores,2,1,0,0,1,0,0,,Avenida,,ROSARIO,Rosario,Asfalto,No existe,II,Dentro,Urbana,Semáforo,Funciona,Recta,Con baches,Buena,Diurna,Buen Tiempo,Lateral,S/D,Colisión,S/D,Horizontal,Cordón divisorio,Sin restricción,POINT (-60.676358699999994 -33.00488949999999),"['Avenida Ovidio Lagos', 'Cazadores']",2,Avenida Ovidio Lagos; Cazadores,-33.00488949999999,-60.6763587,55.0,538.0,Municipio Rosario,Municipio,Rosario,820210,Servicio de Catastro e Información Territorial,IGN
2013,13855,2013-12-06,Viernes,0.0,17:00:00,,0.0,2,"Automóvil,Automóvil",Av. Pellegrini Y Solis,2,1,0,0,1,0,0,,Avenida,,ROSARIO,Rosario,Asfalto,No existe,II,Dentro,Urbana,Semáforo,Funciona,Intersección,Bueno,Buena,Diurna,Buen Tiempo,Lateral,S/D,Colisión,Otro,Vertical,Ninguna,Sin restricción,POINT (-60.702975050000006 -32.948345350000004),"['Pellegrini', 'Solis']",2,Avenida Carlos Pellegrini; Juan Díaz de Solís,-32.948345350000004,-60.702975050000006,55.0,538.0,Municipio Rosario,Municipio,Rosario,820210,Servicio de Catastro e Información Territorial,IGN
2013,13862,2013-12-21,Sabado,0.0,13:30:00,,0.0,2,"Bicicleta,Moto/Ciclomotor",Av. Provincias Unidas Y Rueda,2,1,0,0,0,0,1,,Calle,,ROSARIO,Rosario,"Asfalto,Hormigón",Pavimento,II,S/D,Urbana,Ninguna,No existe,Intersección,Con baches,Buena,Diurna,Buen Tiempo,S/D,S/D,Atropello,S/D,S/D,S/D,Sin restricción,POINT (-60.711669799999996 -32.9627928),"['Avenida Provincias Unidas', 'Rueda']",2,Avenida Provincias Unidas; Rueda,-32.9627928,-60.7116698,55.0,538.0,Municipio Rosario,Municipio,Rosario,820210,Servicio de Catastro e Información Territorial,IGN
2013,13863,2013-12-24,Martes,0.0,07:00:00,,0.0,2,"Moto/Ciclomotor,Moto/Ciclomotor",EL ZORZAL Y LAS PALMERAS,2,2,0,0,0,0,0,,Calle,,ROSARIO,Rosario,"Asfalto,Hormigón",No existe,II,S/D,Urbana,Ninguna,No existe,Intersección,Bueno,Buena,Diurna,Buen Tiempo,Lateral,S/D,Colisión,S/D,S/D,S/D,Sin restricción,POINT (-60.7346065 -32.97447859999999),"['El Zorzal', 'Las Palmeras']",2,El Zorzal; Avenida Las Palmeras,-32.97447859999999,-60.7346065,55.0,538.0,Municipio Rosario,Municipio,Rosario,820210,Servicio de Catastro e Información Territorial,IGN
2013,13898,2013-12-22,Domingo,0.0,08:00:00,,0.0,1,Pickup/Utilitario,España Y 3 De Febrero,2,1,0,0,1,0,0,,Calle,,ROSARIO,Rosario,Asfalto,S/D,II,Dentro,Urbana,Ninguna,No existe,Intersección,Bueno,Buena,Diurna,Buen Tiempo,Lateral,S/D,Colisión,S/D,Faltante,S/D,Sin restricción,POINT (-60.6480793 -32.95128789999999),"['España', '3 de Febrero']",2,España; 3 de Febrero,-32.95128789999999,-60.6480793,55.0,538.0,Municipio Rosario,Municipio,Rosario,820210,Servicio de Catastro e Información Territorial,IGN
2013,13923,2013-12-08,Domingo,0.0,19:00:00,,0.0,2,"Moto/Ciclomotor,Pickup/Utilitario",Av. Circunvalacion Y Mendoza,2,1,0,0,1,0,0,,Avenida,,ROSARIO,Rosario,Asfalto,Natural,II,S/D,Urbana,Ninguna,Funciona,Recta,Bueno,Buena,Nocturna,Buen Tiempo,Otro,S/D,Colisión,Ninguna,Faltante,S/D,Sin restricción,POINT (-60.72253500134355 -32.94050844672854),"['Circunvalacion', 'Mendoza']",2,Avenida de Circunvalación 25 de Mayo; Mendoza,-32.94050844672854,-60.72253500134355,55.0,538.0,Municipio Rosario,Municipio,Rosario,820210,Servicio de Catastro e Información Territorial,IGN
2013,13955,2013-12-05,Jueves,0.0,20:00:00,,0.0,2,"Automóvil,Automóvil",Mendoza Y Brasil,3,2,0,0,1,0,0,,Calle,,ROSARIO,Rosario,Asfalto,Pavimento,II,Dentro,Urbana,Ninguna,Funciona,S/D,Bueno,Buena,Nocturna,Buen Tiempo,Lateral,S/D,Colisión,Ninguna,Faltante,S/D,Sin restricción,POINT (-60.71957110000001 -32.940424),"['Mendoza', 'Brasil']",2,Mendoza; Brasil,-32.940424,-60.71957110000001,55.0,538.0,Municipio Rosario,Municipio,Rosario,820210,Servicio de Catastro e Información Territorial,IGN
2013,13956,2013-12-17,Martes,0.0,08:15:00,,0.0,2,"Moto/Ciclomotor,Automóvil",Av. Circunvalacion Y Cerrito,2,1,0,0,1,0,0,,Avenida,,ROSARIO,Rosario,Asfalto,Pavimento,II,S/D,Urbana,Ninguna,No existe,Recta,Bueno,Buena,Diurna,Buen Tiempo,Lateral,S/D,Colisión,Ninguna,Faltante,S/D,Sin restricción,POINT (-60.721055500000006 -32.95357749999999),"['Circunvalacion', 'Cerrito']",2,"('Juan Pablo II', 'Cerrito')",-32.95357749999999,-60.721055500000006,55.0,538.0,Municipio Rosario,Municipio,Rosario,820210,Servicio de Catastro e Información Territorial,IGN
2013,13968,2013-12-03,Martes,0.0,19:50:00,,0.0,2,"Moto/Ciclomotor,Bicicleta",Laprida Y 9 De Julio,3,3,0,0,0,0,0,,Calle,,ROSARIO,Rosario,Tierra,No existe,XIII,Dentro,Urbana,Ninguna,No existe,Intersección,Bueno,Buena,Atardecer,Buen Tiempo,S/D,S/D,Atropello,S/D,Faltante,Ninguna,Sin restricción,POINT (-60.6360021 -32.9546257),"['Laprida', '9 de Julio']",2,Francisco Narciso Laprida; 9 de Julio,-32.9546257,-60.6360021,55.0,538.0,Municipio Rosario,Municipio,Rosario,820210,Servicio de Catastro e Información Territorial,IGN
2013,13994,2013-12-22,Domingo,0.0,23:50:00,,0.0,2,"Moto/Ciclomotor,Vehículo Oficial",Bv. Wilde Bis Y J.B.Justo,4,2,0,0,2,0,0,,S/D,,ROSARIO,Rosario,Asfalto,S/D,II,S/D,Urbana,S/D,S/D,Intersección,S/D,S/D,Nocturna,S/D,S/D,S/D,Colisión,S/D,S/D,S/D,S/D,POINT (-60.7386835 -32.934138000000004),"['Bulevar Wilde', 'Justo']",2,"('Bulevar Wilde', 'Justo José de Urquiza')",-32.934138000000004,-60.7386835,55.0,538.0,Municipio Rosario,Municipio,Rosario,820210,Servicio de Catastro e Información Territorial,IGN
2013,14004,2013-12-08,Domingo,0.0,23:40:00,,0.0,2,"Moto/Ciclomotor,Taxi/Remis",Av. Sorrento Y Av. Circunvalacion,2,1,0,0,1,0,0,,S/D,,ROSARIO,Rosario,Asfalto,S/D,II,S/D,Urbana,S/D,S/D,Intersección,Bueno,S/D,S/D,Buen Tiempo,S/D,S/D,Colisión,S/D,S/D,S/D,S/D,POINT (-60.72270983333334 -32.90836276666666),"['Sorrento', 'Circunvalacion']",2,"('Avenida Sorrento', 'Juan Pablo II')",-32.90836276666666,-60.72270983333334,55.0,538.0,Municipio Rosario,Municipio,Rosario,820210,Servicio de Catastro e Información Territorial,IGN
2013,14005,2013-12-05,Jueves,0.0,20:30:00,,0.0,2,"Moto/Ciclomotor,Peatón",Donado Y Mendoza,2,1,0,0,1,0,0,,Calle,,ROSARIO,Rosario,Asfalto,Pavimento,II,S/D,Urbana,Ninguna,Funciona,S/D,Bueno,Buena,Nocturna,Buen Tiempo,Lateral,S/D,"Colisión,Atropello",Agua,Faltante,S/D,Sin restricción,POINT (-60.7269807 -32.94063034999999),"['Donado', 'Mendoza']",2,José Agustín Donado; Mendoza,-32.94063034999999,-60.7269807,55.0,538.0,Municipio Rosario,Municipio,Rosario,820210,Servicio de Catastro e Información Territorial,IGN
2013,14007,2013-12-02,Lunes,0.0,07:00:00,,0.0,2,"Pickup/Utilitario,Peatón",Bv. Wilde 800,2,1,0,0,1,0,0,,S/D,,ROSARIO,Rosario,Asfalto,S/D,II,S/D,Urbana,Ninguna,S/D,Recta,Bueno,Buena,Diurna,Buen Tiempo,Otro,S/D,Atropello,S/D,Faltante,S/D,S/D,"-32.9376589, -60.7387128",['Wilde 800'],1,Wilde 800,-32.9376589,-60.7387128,55.0,538.0,Municipio Rosario,Municipio,Rosario,820210,Servicio de Catastro e Información Territorial,IGN
2013,14009,2013-12-22,Domingo,0.0,,,0.0,2,"Automóvil,Moto/Ciclomotor",Mendoza Y Av. Circunvalacion,2,1,0,0,1,0,0,,S/D,,ROSARIO,Rosario,Asfalto,Pavimento,II,S/D,Urbana,Ninguna,Funciona,Recta,Bueno,Buena,S/D,Otro,Lateral,S/D,Colisión,Ninguna,Faltante,S/D,Sin restricción,POINT (-60.72253500134355 -32.94050844672854),"['Mendoza', 'Circunvalacion']",2,Mendoza; Avenida de Circunvalación 25 de Mayo,-32.94050844672854,-60.72253500134355,55.0,538.0,Municipio Rosario,Municipio,Rosario,820210,Servicio de Catastro e Información Territorial,IGN
2013,14036,2013-12-03,Martes,0.0,11:30:00,,0.0,2,"Automóvil,Moto/Ciclomotor",Av. Provincias Unidas Y Perez Bulnes,2,1,0,0,1,0,0,,Avenida,,ROSARIO,Rosario,Asfalto,No existe,II,Dentro,Urbana,Semáforo,Funciona,Intersección,Bueno,Buena,Diurna,Buen Tiempo,Lateral,S/D,Colisión,Ninguna,Vertical,Cordón divisorio,Sin restricción,POINT (-60.712500750000004 -32.9424588),"['Avenida Provincias Unidas', 'Pérez Bulnes']",2,Avenida Provincias Unidas; Pérez Bulnes,-32.9424588,-60.71250075,55.0,538.0,Municipio Rosario,Municipio,Rosario,820210,Servicio de Catastro e Información Territorial,IGN
2013,14041,2013-12-06,Viernes,0.0,,,0.0,1,Peatón,J.B.Justo Y Bv. Wilde,2,1,0,0,1,0,0,,Calle,,ROSARIO,Rosario,Asfalto,S/D,II,S/D,Urbana,S/D,S/D,Intersección,S/D,S/D,S/D,S/D,S/D,S/D,Atropello,S/D,S/D,S/D,S/D,POINT (-60.7386835 -32.934138000000004),"['Justo', 'Bulevar Wilde']",2,"('Justo José de Urquiza', 'Bulevar Wilde')",-32.934138000000004,-60.7386835,55.0,538.0,Municipio Rosario,Municipio,Rosario,820210,Servicio de Catastro e Información Territorial,IGN
2013,14049,2013-07-07,Domingo,0.0,04:35:00,,0.0,2,"Moto/Ciclomotor,Automóvil",Av. Eva Peron Y Mejico,3,1,0,0,1,1,0,,Avenida,,ROSARIO,Rosario,Asfalto,Pavimento,II,Dentro,Urbana,Ninguna,No existe,Intersección,Bueno,Reducida,Nocturna,Lluvia,Lateral,S/D,Colisión,Agua,"Horizontal,Vertical","Cordón divisorio,Vegetación",Sin restricción,POINT (-60.71884035 -32.931943149999995),"['Avenida Eva Perón', 'Mejico']",2,Avenida Eva Perón; Méjico,-32.931943149999995,-60.71884035,55.0,538.0,Municipio Rosario,Municipio,Rosario,820210,Servicio de Catastro e Información Territorial,IGN
2013,14050,2013-07-07,Domingo,0.0,04:40:00,,0.0,1,Automóvil,Ayacucho Y Rui Barbosa,5,4,0,0,0,1,0,,Avenida,,ROSARIO,Rosario,Asfalto,No existe,II,Dentro,Urbana,Semáforo,Intermitente,Intersección,Bueno,Buena,Nocturna,S/D,Contra objeto fijo,S/D,Colisión,S/D,S/D,Línea divisoria pintada,S/D,POINT (-60.6358998 -33.00598659999999),"['Ayacucho', 'Rui Barbosa']",2,Ayacucho; Rui Barbosa,-33.00598659999999,-60.6358998,55.0,538.0,Municipio Rosario,Municipio,Rosario,820210,Servicio de Catastro e Información Territorial,IGN
2013,14128,2013-12-17,Martes,0.0,19:05:00,,0.0,2,"Moto/Ciclomotor,Automóvil",Av. Provincias Unidas Y Av. Pellegrini,2,1,0,0,1,0,0,,Avenida,,ROSARIO,Rosario,Asfalto,No existe,II,Dentro,Urbana,Semáforo,Funciona,Intersección,Bueno,Buena,Atardecer,Buen Tiempo,Lateral,S/D,Colisión,Ninguna,Vertical,Ninguna,Sin restricción,POINT (-60.71226145000001 -32.948578),"['Avenida Provincias Unidas', 'Pellegrini']",2,Avenida Provincias Unidas; Avenida Carlos Pellegrini,-32.948578,-60.71226145000001,55.0,538.0,Municipio Rosario,Municipio,Rosario,820210,Servicio de Catastro e Información Territorial,IGN
2013,14133,2013-12-05,Jueves,0.0,17:45:00,,0.0,2,"Moto/Ciclomotor,Automóvil",Camino Viejo Soldini Y Biarritz,2,1,0,0,0,0,1,,Calle,,ROSARIO,Rosario,Asfalto,Natural,II,S/D,Urbana,Ninguna,No existe,Recta,Deteriorada,Buena,Atardecer,Buen Tiempo,De alcance,S/D,Colisión,Agua,S/D,S/D,Sin restricción,POINT (-60.6847283 -33.02598989999999),"['Camino viejo a Soldini', 'Biarritz']",2,Camino viejo a Soldini; Biarritz,-33.02598989999999,-60.6847283,55.0,538.0,Municipio Rosario,Municipio,Rosario,820210,Servicio de Catastro e Información Territorial,IGN
2013,14135,2013-12-01,Domingo,1.0,06:00:00,,0.0,2,"Moto/Ciclomotor,Automóvil",Av. Ovidio Lagos 6700,2,1,0,0,1,0,0,,Avenida,,ROSARIO,Rosario,Asfalto,Natural,II,Dentro,Urbana,Marca Vial,No existe,Recta,Deteriorada,Buena,Amanecer,Buen Tiempo,Lateral,S/D,Colisión,S/D,S/D,Línea divisoria pintada,Obra en Construcción,"-32.9700442, -60.668095",['Ovidio Lagos 6700'],1,Ovidio Lagos 6700,-32.9700442,-60.668095,55.0,538.0,Municipio Rosario,Municipio,Rosario,820210,Servicio de Catastro e Información Territorial,IGN
2013,14138,2013-12-23,Lunes,0.0,18:15:00,,0.0,2,"Automóvil,Camión",Riobamba Y Pje. Morse,2,1,0,0,1,0,0,,Calle,,ROSARIO,Rosario,Asfalto,No existe,II,Dentro,Urbana,Marca Vial,No existe,Intersección,Bueno,Buena,Diurna,Buen Tiempo,Lateral,S/D,Colisión,Ninguna,Faltante,Cordón divisorio,Sin restricción,POINT (-60.697323899999994 -32.9541535),"['Riobamba', 'Morse']",2,Riobamba; Morse,-32.9541535,-60.6973239,55.0,538.0,Municipio Rosario,Municipio,Rosario,820210,Servicio de Catastro e Información Territorial,IGN
2013,14156,2013-07-13,Sabado,0.0,15:25:00,,0.0,2,"Moto/Ciclomotor,Automóvil",Bv. 27 De Febrero Y Castellanos,2,0,0,0,1,1,0,,Avenida,,ROSARIO,Rosario,Asfalto,No existe,II,Dentro,Urbana,Semáforo,Funciona,Intersección,Bueno,Buena,Diurna,Buen Tiempo,S/D,S/D,Colisión,Ninguna,S/D,Ninguna,Sin restricción,POINT (-60.680369799999994 -32.96100625),"['27 de Febrero', 'Aaron Castellanos']",2,Bulevar 27 de Febrero; Aaron Castellanos,-32.96100625,-60.6803698,55.0,538.0,Municipio Rosario,Municipio,Rosario,820210,Servicio de Catastro e Información Territorial,IGN
2013,14185,2013-07-15,Lunes,0.0,22:00:00,,0.0,2,"Moto/Ciclomotor,Tren",Av. Francia ,2,0,0,0,1,1,0,,Avenida,,ROSARIO,Rosario,Asfalto,S/D,II,Dentro,Urbana,Señal Pare,No existe,Paso a Nivel FFCC,S/D,Reducida,Nocturna,S/D,Lateral,S/D,Colisión,S/D,"Horizontal,Vertical",Ninguna,S/D,"-32.9466403, -60.6668992",['Francia'],1,Francia,-32.9466403,-60.6668992,55.0,538.0,Municipio Rosario,Municipio,Rosario,820210,Servicio de Catastro e Información Territorial,IGN
2013,14741,2013-03-20,Miercoles,0.0,,,0.0,2,"Otros,Otros",Ituzaingo Y Colon,2,0,0,0,0,0,2,,Calle,,ROSARIO,Rosario,Asfalto,No existe,II,Dentro,Urbana,Ninguna,No existe,Intersección,Bueno,S/D,S/D,S/D,S/D,S/D,Colisión,S/D,S/D,Ninguna,S/D,POINT (-60.62911900000001 -32.962965600000004),"['Ituzaingó', 'Colon']",2,Ituzaingó; Cristóbal Colón,-32.962965600000004,-60.62911900000001,55.0,538.0,Municipio Rosario,Municipio,Rosario,820210,Servicio de Catastro e Información Territorial,IGN
2013,15186,2013-09-01,Domingo,0.0,02:15:00,,0.0,1,Moto/Ciclomotor,Leopoldo Kanner 8000,1,0,0,0,0,1,0,,Calle,,ROSARIO,Rosario,Asfalto,S/D,II,Dentro,Urbana,Ninguna,No existe,Recta,Bueno,S/D,Nocturna,Buen Tiempo,S/D,S/D,Caída ocupante,S/D,S/D,Ninguna,Sin restricción,"-32.9078088, -60.737813",['Leopoldo Kanner 8000'],1,Leopoldo Kanner 8000,-32.9078088,-60.737813,55.0,538.0,Municipio Rosario,Municipio,Rosario,820210,Servicio de Catastro e Información Territorial,IGN
2013,15200,2013-08-09,Viernes,0.0,22:05:00,,0.0,1,Pickup/Utilitario,Bv. Wilde 900,1,0,0,0,0,1,0,,Calle,,ROSARIO,Rosario,Asfalto,No existe,II,Dentro,Urbana,Ninguna,No existe,Recta,S/D,Reducida p/ objetos,Nocturna,S/D,S/D,S/D,Vuelco,S/D,Faltante,S/D,Sin restricción,"-32.9387118, -60.7386878",['Wilde 900'],1,Wilde 900,-32.9387118,-60.7386878,55.0,538.0,Municipio Rosario,Municipio,Rosario,820210,Servicio de Catastro e Información Territorial,IGN
2013,15201,2013-08-03,Sabado,0.0,09:30:00,,0.0,2,"Peatón,Automóvil",España 2086,2,0,0,0,1,1,0,,Calle,,ROSARIO,Rosario,Asfalto,S/D,II,Dentro,Urbana,S/D,S/D,Recta,Bueno,Buena,Diurna,Buen Tiempo,S/D,S/D,Atropello,S/D,S/D,S/D,S/D,"-32.960100614285714, -60.650392585714286",['España 2086'],1,España 2086,-32.960100614285714,-60.650392585714286,55.0,538.0,Municipio Rosario,Municipio,Rosario,820210,Servicio de Catastro e Información Territorial,IGN
2013,15202,2013-08-02,Viernes,0.0,11:15:00,,0.0,2,"Automóvil,Moto/Ciclomotor",Av. Provincias Unidas Y Santa Fe,2,0,0,0,1,1,0,,Avenida,,ROSARIO,Rosario,Asfalto,No existe,I,S/D,Urbana,Semáforo,Funciona,Intersección,Bueno,Buena,Diurna,Buen Tiempo,Lateral,S/D,Colisión,Ninguna,Horizontal,S/D,Sin restricción,POINT (-60.71282755 -32.93571179999999),"['Avenida Provincias Unidas', 'Santa Fe']",2,Avenida Provincias Unidas; Santa Fe,-32.93571179999999,-60.71282755,55.0,538.0,Municipio Rosario,Municipio,Rosario,820210,Servicio de Catastro e Información Territorial,IGN
2013,15217,2013-08-01,Jueves,0.0,08:00:00,,0.0,2,"Automóvil,Moto/Ciclomotor",San Nicolas Y San Luis,3,2,0,0,1,0,0,,Calle,,ROSARIO,Rosario,Asfalto,S/D,II,Dentro,Urbana,S/D,S/D,Intersección,S/D,S/D,Diurna,S/D,S/D,S/D,Colisión,S/D,S/D,S/D,S/D,POINT (-60.6729863 -32.942945),"['San Nicolás', 'San Luis']",2,San Nicolás; San Luis,-32.942945,-60.6729863,55.0,538.0,Municipio Rosario,Municipio,Rosario,820210,Servicio de Catastro e Información Territorial,IGN
2013,15221,2013-08-11,Domingo,0.0,00:30:00,,0.0,2,"Moto/Ciclomotor,Automóvil",Bv. 27 De Febrero Y Bv. Avellaneda,2,0,1,0,1,0,0,,Avenida,,ROSARIO,Rosario,Asfalto,S/D,II,Dentro,Urbana,S/D,S/D,Intersección,S/D,S/D,Nocturna,S/D,S/D,S/D,Colisión,S/D,S/D,S/D,S/D,POINT (-60.68448515 -32.96026405),"['27 de Febrero', 'Avellaneda']",2,Bulevar 27 de Febrero; Bulevar Nicolás Avellaneda,-32.96026405,-60.68448515,55.0,538.0,Municipio Rosario,Municipio,Rosario,820210,Servicio de Catastro e Información Territorial,IGN
2013,15234,2013-08-27,Martes,0.0,20:30:00,,0.0,4,"Tren,Automóvil,Automóvil,Automóvil",Av. Ovidio Lagos Y Acevedo Bis,5,2,0,0,3,0,0,,Calle,,ROSARIO,Rosario,S/D,S/D,II,Dentro,Urbana,S/D,S/D,Paso a Nivel FFCC,S/D,S/D,Nocturna,S/D,Múltiple,S/D,Colisión,S/D,S/D,S/D,S/D,POINT (-60.671599500000006 -32.9840813),"['Avenida Ovidio Lagos', 'Acevedo']",2,Avenida Ovidio Lagos; Manuel Acevedo,-32.9840813,-60.671599500000006,55.0,538.0,Municipio Rosario,Municipio,Rosario,820210,Servicio de Catastro e Información Territorial,IGN
2013,15238,2013-08-23,Viernes,0.0,15:30:00,,0.0,2,"Automóvil,Vehículo Oficial",Larrea Y Dean Funes,3,2,0,0,1,0,0,,Calle,,ROSARIO,Rosario,S/D,S/D,II,Dentro,Urbana,S/D,S/D,S/D,S/D,S/D,Diurna,S/D,S/D,S/D,Colisión,S/D,S/D,S/D,S/D,POINT (-60.6961864 -32.9670392),"['Larrea', 'Deán Gregorio Funes']",2,Larrea; Deán Gregorio Funes,-32.9670392,-60.6961864,55.0,538.0,Municipio Rosario,Municipio,Rosario,820210,Servicio de Catastro e Información Territorial,IGN
2013,15245,2013-09-11,Miercoles,0.0,17:00:00,,0.0,2,"Moto/Ciclomotor,Pickup/Utilitario",Valparaiso Y Pje. 1115,2,0,0,0,1,1,0,,Calle,,ROSARIO,Rosario,Asfalto,No existe,II,Dentro,Urbana,Ninguna,No existe,Intersección,Deteriorada,Buena,Atardecer,Buen Tiempo,S/D,S/D,Colisión,S/D,Faltante,Ninguna,Sin restricción,POINT (-60.68853010000001 -32.96523849999999),"['Valparaíso', 'Gaboto']",2,Valparaíso; Gaboto,-32.96523849999999,-60.68853010000001,55.0,538.0,Municipio Rosario,Municipio,Rosario,820210,Servicio de Catastro e Información Territorial,IGN
2013,15253,2013-09-21,Sabado,0.0,00:30:00,,0.0,1,Moto/Ciclomotor,Godoy Cruz 4200,1,0,0,0,0,1,0,,Calle,,ROSARIO,Rosario,Asfalto,S/D,II,Dentro,Urbana,S/D,S/D,Recta,Bueno,S/D,Nocturna,S/D,Contra objeto fijo,S/D,Colisión,S/D,S/D,S/D,S/D,"-32.8920533, -60.7065149",['Godoy Cruz 4200'],1,Godoy Cruz 4200,-32.8920533,-60.7065149,55.0,538.0,Municipio Rosario,Municipio,Rosario,820210,Servicio de Catastro e Información Territorial,IGN
2013,15259,2013-09-22,Domingo,0.0,17:00:00,,0.0,1,Moto/Ciclomotor,Av. Circunvalacion Y Av. Sorrento,1,0,0,0,0,1,0,,Avenida,,ROSARIO,Rosario,S/D,S/D,II,Dentro,Urbana,S/D,No existe,S/D,S/D,S/D,Atardecer,S/D,Contra objeto fijo,S/D,Colisión,S/D,S/D,S/D,S/D,POINT (-60.72270983333334 -32.90836276666667),"['Circunvalacion', 'Sorrento']",2,"('Juan Pablo II', 'Avenida Sorrento')",-32.90836276666667,-60.72270983333334,55.0,538.0,Municipio Rosario,Municipio,Rosario,820210,Servicio de Catastro e Información Territorial,IGN
2013,15263,2013-09-28,Sabado,0.0,07:00:00,,0.0,1,Automóvil,Bv. Avellaneda Y Virasoro,2,1,0,0,0,1,0,,Avenida,,ROSARIO,Rosario,Asfalto,S/D,II,Dentro,Urbana,S/D,S/D,Recta,Bueno,S/D,Diurna,Buen Tiempo,Contra objeto fijo,S/D,Colisión,S/D,S/D,Cordón divisorio,Sin restricción,POINT (-60.68506785 -32.962598),"['Avellaneda', 'Virasoro']",2,Bulevar Nicolás Avellaneda; Benjamín Virasoro,-32.962598,-60.68506785,55.0,538.0,Municipio Rosario,Municipio,Rosario,820210,Servicio de Catastro e Información Territorial,IGN
2013,15268,2013-09-01,Domingo,0.0,21:00:00,,0.0,2,"Bicicleta,Tren",Urquiza Y Pje. Cuba,2,0,1,0,1,0,0,,Calle,,ROSARIO,Rosario,S/D,S/D,II,Dentro,Urbana,S/D,S/D,Paso a Nivel FFCC,S/D,S/D,Nocturna,S/D,S/D,S/D,Atropello,S/D,S/D,S/D,S/D,POINT (-60.6993328 -32.9330631),"['Urquiza', 'Cuba']",2,Justo José de Urquiza; Cuba,-32.9330631,-60.6993328,55.0,538.0,Municipio Rosario,Municipio,Rosario,820210,Servicio de Catastro e Información Territorial,IGN