anio_acci,nro_acci,fecha,desc_dia,fecha_aprox,hora_aprox,desc_ruta,km,cant_participantes,desc_participante,calle_avenida_km,total,heridos_leves,heridos_graves,heridos_gravisimos,ilesos,fallecidos,sin_datos,posicion_XY,desc_tipo_via,desc_ruta_ori,desc_loc,desc_dpto,desc_tipo_calzada,desc_tipo_banquina,desc_unidad_regional,desc_lugar_calzada,desc_zona,desc_prioridad,desc_estado_semaforo,desc_lugar_via,desc_estado_via,desc_estado_visibilidad,desc_luminosidad,desc_estado_clima,desc_tipo_colision,desc_tipo_atropello,desc_tipo_hecho,desc_pres_calzada,desc_senializacion,desc_separacion_via,desc_restriccion,forma_geocod,calle_lista,numero_calles,calles_osm,lat,lon,index_right,gid,fna,gna,nam,in1,fdc,sag
2013,15272,2013-09-05,Jueves,0.0,01:45:00,,0.0,2,"Moto/Ciclomotor,Moto/Ciclomotor",Campbell Y Riobamba,3,2,0,0,1,0,0,,Calle,,ROSARIO,Rosario,S/D,S/D,II,Dentro,Urbana,S/D,S/D,S/D,S/D,S/D,Nocturna,S/D,S/D,S/D,Colisión,S/D,S/D,S/D,S/D,POINT (-60.7073847 -32.9544107),"['Campbell', 'Riobamba']",2,Campbell; Riobamba,-32.9544107,-60.7073847,55.0,538.0,Municipio Rosario,Municipio,Rosario,820210,Servicio de Catastro e Información Territorial,IGN
2013,15283,2013-09-10,Martes,0.0,21:00:00,,0.0,2,"Automóvil,Moto/Ciclomotor",Alvear Y Av. Ntra.Sra.del Rosario,2,0,1,0,1,0,0,,Avenida,,ROSARIO,Rosario,S/D,S/D,II,Dentro,Urbana,S/D,S/D,S/D,S/D,S/D,Nocturna,S/D,S/D,S/D,Colisión,S/D,S/D,S/D,S/D,POINT (-60.6663034 -33.0006201),"['Alvear', 'Nuestra Señora del Rosario']",2,Alvear; Puente Nuestra Señora del Rosario,-33.0006201,-60.6663034,55.0,538.0,Municipio Rosario,Municipio,Rosario,820210,Servicio de Catastro e Información Territorial,IGN
2013,15289,2013-09-20,Viernes,0.0,15:00:00,,0.0,2,"Vehículo Oficial,Automóvil",Roullon Y Montevideo,3,3,0,0,0,0,0,,Calle,,ROSARIO,Rosario,S/D,S/D,II,Dentro,Urbana,S/D,S/D,S/D,S/D,S/D,Diurna,S/D,S/D,S/D,Colisión,S/D,S/D,S/D,S/D,POINT (-60.701961499999996 -32.9471749),"['Alfredo Rouillón', 'Montevideo']",2,Alfredo Rouillón; Montevideo,-32.9471749,-60.7019615,55.0,538.0,Municipio Rosario,Municipio,Rosario,820210,Servicio de Catastro e Información Territorial,IGN
2013,15292,2013-09-22,Domingo,0.0,08:00:00,,0.0,2,"Automóvil,Tren",Washington ,2,1,0,0,1,0,0,,Calle,,ROSARIO,Rosario,S/D,S/D,II,Dentro,Urbana,S/D,S/D,Paso a Nivel FFCC,S/D,S/D,Diurna,S/D,Lateral,S/D,Colisión,S/D,S/D,S/D,S/D,"-32.9012443, -60.6905384",['Washington'],1,Washington,-32.9012443,-60.6905384,55.0,538.0,Municipio Rosario,Municipio,Rosario,820210,Servicio de Catastro e Información Territorial,IGN
2013,15293,2013-09-24,Martes,0.0,08:00:00,,0.0,2,"Taxi/Remis,Moto/Ciclomotor",Cordoba Y Italia,2,1,0,0,1,0,0,,Calle,,ROSARIO,Rosario,S/D,S/D,II,Dentro,Urbana,S/D,S/D,S/D,S/D,S/D,Diurna,S/D,S/D,S/D,Colisión,S/D,S/D,S/D,S/D,POINT (-60.647863199999996 -32.944685),"['Córdoba', 'Italia']",2,Córdoba; Italia,-32.944685,-60.6478632,55.0,538.0,Municipio Rosario,Municipio,Rosario,820210,Servicio de Catastro e Información Territorial,IGN
2013,15294,2013-09-24,Martes,0.0,15:00:00,,0.0,2,"Moto/Ciclomotor,Automóvil",Mitre Y Ocampo,2,1,0,0,1,0,0,,Calle,,ROSARIO,Rosario,S/D,S/D,II,Dentro,Urbana,S/D,S/D,S/D,S/D,S/D,Diurna,S/D,S/D,S/D,Colisión,S/D,S/D,S/D,S/D,POINT (-60.6445716 -32.96621689999999),"['Mitre', 'Ocampo']",2,Bartolomé Mitre; Ocampo,-32.96621689999999,-60.6445716,55.0,538.0,Municipio Rosario,Municipio,Rosario,820210,Servicio de Catastro e Información Territorial,IGN
2013,15295,2013-09-25,Miercoles,0.0,01:50:00,,0.0,2,"Moto/Ciclomotor,Automóvil",Molina 2499,3,2,0,0,1,0,0,,Calle,,ROSARIO,Rosario,S/D,S/D,II,Dentro,Urbana,S/D,S/D,S/D,S/D,S/D,Nocturna,S/D,S/D,S/D,Colisión,S/D,S/D,S/D,S/D,"-32.8920919, -60.7048835",['Molina 2499'],1,Molina 2499,-32.8920919,-60.7048835,55.0,538.0,Municipio Rosario,Municipio,Rosario,820210,Servicio de Catastro e Información Territorial,IGN
2013,15300,2013-09-28,Sabado,0.0,16:30:00,,0.0,2,"Moto/Ciclomotor,Automóvil",Av. Pellegrini Y Ricchieri,3,1,0,0,2,0,0,,Avenida,,ROSARIO,Rosario,S/D,S/D,II,Dentro,Urbana,S/D,S/D,S/D,S/D,S/D,Diurna,S/D,S/D,S/D,Colisión,S/D,S/D,S/D,S/D,POINT (-60.661411533333336 -32.979310700000006),"['Pellegrini', 'Ricchieri']",2,Avenida Carlos Pellegrini; Ricchieri,-32.979310700000006,-60.661411533333336,55.0,538.0,Municipio Rosario,Municipio,Rosario,820210,Servicio de Catastro e Información Territorial,IGN
2013,15307,2013-09-21,Sabado,0.0,17:30:00,,0.0,1,Moto/Ciclomotor,Av. Ovidio Lagos 3900,1,0,0,0,0,1,0,,Avenida,,ROSARIO,Rosario,Asfalto,No existe,II,Dentro,Urbana,Ninguna,No existe,Recta,Bueno,Buena,Atardecer,S/D,Contra objeto fijo,S/D,"Caída ocupante,Colisión",S/D,Faltante,"Barrera de hormigón,Cordón divisorio",Sin restricción,"-32.9700442, -60.668095",['Ovidio Lagos 3900'],1,Ovidio Lagos 3900,-32.9700442,-60.668095,55.0,538.0,Municipio Rosario,Municipio,Rosario,820210,Servicio de Catastro e Información Territorial,IGN
2013,15308,2013-09-17,Martes,0.0,01:00:00,,0.0,2,"Transporte de Pasajeros Urbano (> 8 asientos),Moto/Ciclomotor",Santa Fe Y Ricchieri,2,0,0,0,1,1,0,,Calle,,ROSARIO,Rosario,Asfalto,Pavimento,II,Dentro,Urbana,Semáforo,Funciona,Recta,Bueno,Buena,Nocturna,Buen Tiempo,S/D,S/D,Aplastamiento,S/D,S/D,Ninguna,Sin restricción,POINT (-60.6625073 -32.94067769999999),"['Santa Fe', 'Ricchieri']",2,Santa Fe; Ricchieri,-32.94067769999999,-60.6625073,55.0,538.0,Municipio Rosario,Municipio,Rosario,820210,Servicio de Catastro e Información Territorial,IGN
2013,15315,2013-10-24,Jueves,0.0,23:00:00,,0.0,2,"Moto/Ciclomotor,Moto/Ciclomotor",Bv. Segui Y Av. Provincias Unidas,2,1,0,0,0,1,0,,Calle,,ROSARIO,Rosario,"Asfalto,Hormigón",S/D,II,Dentro,Urbana,Semáforo,Funciona,Intersección,Resbaladiza,Buena,Nocturna,Buen Tiempo,De alcance,S/D,Colisión,S/D,S/D,S/D,Sin restricción,POINT (-60.71134141428571 -32.971028042857135),"['Bulevar Juan Francisco Seguí', 'Avenida Provincias Unidas']",2,Bulevar Juan Francisco Seguí; Avenida Provincias Unidas,-32.971028042857135,-60.71134141428571,55.0,538.0,Municipio Rosario,Municipio,Rosario,820210,Servicio de Catastro e Información Territorial,IGN
2013,15321,2013-11-05,Martes,0.0,07:20:00,,0.0,2,"Transporte de Pasajeros Urbano (> 8 asientos),Taxi/Remis",Maipu Y Rioja,5,4,0,0,1,0,0,,Calle,,ROSARIO,Rosario,S/D,S/D,II,Dentro,Urbana,S/D,S/D,Intersección,S/D,S/D,Diurna,S/D,S/D,S/D,Colisión,S/D,S/D,S/D,S/D,POINT (-60.6355516 -32.948277499999996),"['Maipú', 'Rioja']",2,Maipú; Rioja,-32.9482775,-60.6355516,55.0,538.0,Municipio Rosario,Municipio,Rosario,820210,Servicio de Catastro e Información Territorial,IGN
2013,15323,2013-11-05,Martes,0.0,08:20:00,,0.0,2,"Camión,Moto/Ciclomotor",Garibaldi Y Pje. Lett,5,3,0,0,2,0,0,,Calle,,ROSARIO,Rosario,S/D,S/D,II,S/D,Urbana,S/D,S/D,Intersección,S/D,S/D,Diurna,S/D,S/D,S/D,Colisión,S/D,S/D,S/D,S/D,POINT (-60.680256099999994 -32.98023119999999),"['José Garibaldi', 'Lett']",2,José Garibaldi; Francisco N. Lett,-32.98023119999999,-60.6802561,55.0,538.0,Municipio Rosario,Municipio,Rosario,820210,Servicio de Catastro e Información Territorial,IGN
2013,15334,2013-11-08,Viernes,0.0,02:40:00,,0.0,2,"Transporte de Pasajeros Urbano (> 8 asientos),Automóvil",Av. Ovidio Lagos Y Santa Fe,5,2,1,0,1,1,0,,Avenida,,ROSARIO,Rosario,Asfalto,No existe,II,Dentro,Urbana,Semáforo,Funciona,Recta,Bueno,Buena,Nocturna,Lluvia,S/D,S/D,Colisión,S/D,Horizontal,Ninguna,Sin restricción,POINT (-60.661118 -32.94092100000001),"['Avenida Ovidio Lagos', 'Santa Fe']",2,Avenida Ovidio Lagos; Santa Fe,-32.94092100000001,-60.661118,55.0,538.0,Municipio Rosario,Municipio,Rosario,820210,Servicio de Catastro e Información Territorial,IGN
2013,15347,2013-10-16,Miercoles,0.0,,,0.0,2,"Moto/Ciclomotor,Transporte de Pasajeros Urbano (> 8 asientos)",J.J.Paso Y Camilo Aldao,2,1,0,0,1,0,0,,Calle,,ROSARIO,Rosario,S/D,S/D,II,Dentro,Urbana,S/D,S/D,Recta,S/D,S/D,S/D,S/D,Otro,S/D,Colisión,S/D,S/D,S/D,S/D,POINT (-60.6967437 -32.91976129999999),"['Paso', 'Camilo Aldao']",2,Avenida Juan José Paso; Camilo Aldao,-32.91976129999999,-60.6967437,55.0,538.0,Municipio Rosario,Municipio,Rosario,820210,Servicio de Catastro e Información Territorial,IGN
2013,15352,2013-10-21,Lunes,0.0,23:35:00,,0.0,2,"Peatón,Tren",Piedras 1300,2,0,0,1,1,0,0,,Calle,,ROSARIO,Rosario,S/D,S/D,II,Dentro,Urbana,S/D,S/D,Paso a Nivel FFCC,S/D,S/D,Diurna,S/D,S/D,S/D,Atropello,S/D,S/D,S/D,S/D,"-33.007148, -60.6545287",['Piedras 1300'],1,Piedras 1300,-33.007148,-60.6545287,55.0,538.0,Municipio Rosario,Municipio,Rosario,820210,Servicio de Catastro e Información Territorial,IGN
2013,15360,2013-10-23,Miercoles,0.0,19:00:00,,0.0,2,"Peatón,Camión",Av. Corrientes Y Tucuman,2,0,0,0,1,1,0,,Calle,,ROSARIO,Rosario,S/D,S/D,II,Dentro,Urbana,S/D,S/D,S/D,S/D,S/D,Atardecer,S/D,S/D,S/D,Atropello,S/D,S/D,S/D,S/D,POINT (-60.64117209999999 -32.9410577),"['Corrientes', 'Tucumán']",2,Corrientes; Tucumán,-32.9410577,-60.64117209999999,55.0,538.0,Municipio Rosario,Municipio,Rosario,820210,Servicio de Catastro e Información Territorial,IGN
2013,15368,2013-11-11,Lunes,0.0,19:30:00,,0.0,2,"Peatón,Moto/Ciclomotor",Centeno Y Grandoli,2,1,0,0,0,1,0,,Calle,,ROSARIO,Rosario,Asfalto,No existe,II,Dentro,Urbana,Marca Vial,No existe,Intersección,Bueno,Buena,Atardecer,Buen Tiempo,S/D,S/D,Atropello,Ninguna,Vertical,Línea divisoria pintada,Sin restricción,POINT (-60.62837625 -32.98829645000001),"['Centeno', 'Avenida Abanderado Grandoli']",2,Coronel Centeno; Avenida Abanderado Grandoli,-32.98829645000001,-60.62837625,55.0,538.0,Municipio Rosario,Municipio,Rosario,820210,Servicio de Catastro e Información Territorial,IGN
2013,15369,2013-10-30,Miercoles,0.0,05:10:00,,0.0,2,"Peatón,Moto/Ciclomotor",Tucuman 7900,3,1,0,0,0,0,2,,Calle,,ROSARIO,Rosario,S/D,S/D,II,S/D,Urbana,S/D,S/D,S/D,S/D,S/D,Amanecer,S/D,S/D,S/D,Atropello,S/D,S/D,S/D,S/D,"-32.9329897, -60.7321425",['Tucuman 7900'],1,Tucuman 7900,-32.9329897,-60.7321425,55.0,538.0,Municipio Rosario,Municipio,Rosario,820210,Servicio de Catastro e Información Territorial,IGN
2013,15374,2013-11-11,Lunes,0.0,06:05:00,,0.0,1,Automóvil,Av. Centenario Bis Y J.B.Cordiviola,4,4,0,0,0,0,0,,Avenida,,ROSARIO,Rosario,S/D,S/D,II,S/D,Urbana,S/D,S/D,Recta,S/D,S/D,Diurna,S/D,Contra objeto fijo,S/D,Colisión,S/D,S/D,S/D,S/D,POINT (-60.675419399999996 -32.9121454),"['Centenario', 'Cordiviola']",2,Avenida Centenario Rosario Central; Juan B. Cordiviola,-32.9121454,-60.6754194,55.0,538.0,Municipio Rosario,Municipio,Rosario,820210,Servicio de Catastro e Información Territorial,IGN
2013,15376,2013-10-27,Domingo,0.0,07:15:00,,0.0,2,"Moto/Ciclomotor,Automóvil",Castro Y Anchorena,2,0,0,0,1,1,0,,Calle,,ROSARIO,Rosario,Asfalto,No existe,II,Dentro,Urbana,Ninguna,No existe,Intersección,Bueno,Buena,Amanecer,Buen Tiempo,Lateral,S/D,Colisión,S/D,S/D,Ninguna,Sin restricción,POINT (-60.62964120000001 -32.997229000000004),"['Castro', 'Anchorena']",2,Avenida Pedro de Castro Barros; Tomás de Anchorena,-32.997229000000004,-60.62964120000001,55.0,538.0,Municipio Rosario,Municipio,Rosario,820210,Servicio de Catastro e Información Territorial,IGN
2013,15377,2013-10-19,Sabado,0.0,00:35:00,,0.0,2,"Moto/Ciclomotor,Bicicleta",Urquiza Y Dorrego,2,1,0,0,0,1,0,,Calle,,ROSARIO,Rosario,Asfalto,No existe,II,Dentro,Urbana,Ninguna,No existe,Intersección,Bueno,Buena,"Nocturna,Con luz artificial",Buen Tiempo,S/D,S/D,Atropello,S/D,Faltante,Ninguna,Sin restricción,POINT (-60.64830039999999 -32.9409883),"['Urquiza', 'Dorrego']",2,Justo José de Urquiza; Manuel Dorrego,-32.9409883,-60.64830039999999,55.0,538.0,Municipio Rosario,Municipio,Rosario,820210,Servicio de Catastro e Información Territorial,IGN
2013,15378,2013-10-20,Domingo,0.0,07:00:00,,0.0,1,Moto/Ciclomotor,Av. Provincias Unidas Y Ituzaingo,1,0,0,0,0,1,0,,Avenida,,ROSARIO,Rosario,Asfalto,No existe,II,Dentro,Urbana,Ninguna,No existe,Intersección,Bueno,Buena,Amanecer,Buen Tiempo,Contra objeto fijo,S/D,Colisión,S/D,Vertical,Cordón divisorio,Sin restricción,POINT (-60.712099249999994 -32.95218625),"['Avenida Provincias Unidas', 'Ituzaingó']",2,Avenida Provincias Unidas; Ituzaingó,-32.95218625,-60.71209925,55.0,538.0,Municipio Rosario,Municipio,Rosario,820210,Servicio de Catastro e Información Territorial,IGN
2013,15398,2013-12-11,Miercoles,0.0,21:35:00,,0.0,2,"Moto/Ciclomotor,Transporte de Pasajeros Larga Distancia (> 8 asientos)",Av. Ovidio Lagos Y Esteban de Luca,3,1,0,0,1,1,0,,Avenida,,ROSARIO,Rosario,Asfalto,No existe,II,Dentro,Urbana,Ninguna,No existe,Intersección,Bueno,Buena,Nocturna,Buen Tiempo,S/D,S/D,Colisión,Ninguna,Faltante,Cordón divisorio,Sin restricción,POINT (-60.674375250000004 -32.9957393),"['Avenida Ovidio Lagos', 'Esteban de Luca']",2,Avenida Ovidio Lagos; Esteban de Luca,-32.9957393,-60.67437525,55.0,538.0,Municipio Rosario,Municipio,Rosario,820210,Servicio de Catastro e Información Territorial,IGN
2013,15400,2013-12-18,Miercoles,0.0,04:50:00,,0.0,1,Automóvil,Av. Pellegrini Y Gutenberg,1,0,0,0,0,1,0,,Avenida,,ROSARIO,Rosario,Asfalto,S/D,II,Dentro,Urbana,S/D,S/D,Intersección,S/D,S/D,Nocturna,S/D,Contra objeto fijo,S/D,Colisión,S/D,S/D,S/D,S/D,POINT (-60.690030349999994 -32.94847924999999),"['Pellegrini', 'Gutenberg']",2,Avenida Carlos Pellegrini; Gutenberg,-32.94847924999999,-60.69003035,55.0,538.0,Municipio Rosario,Municipio,Rosario,820210,Servicio de Catastro e Información Territorial,IGN
2013,15403,2013-06-12,Miercoles,0.0,,,0.0,2,"Vehículo Oficial,Camión",Bv. 27 De Febrero Y San Nicolas,5,2,0,0,3,0,0,,Avenida,,ROSARIO,Rosario,Asfalto,No existe,II,Dentro,Urbana,Ninguna,S/D,Intersección,Bueno,S/D,S/D,S/D,S/D,S/D,Colisión,Ninguna,"Horizontal,Vertical",Cordón divisorio,Sin restricción,POINT (-60.6776684 -32.9614927),"['27 de Febrero', 'San Nicolás']",2,Bulevar 27 de Febrero; San Nicolás,-32.9614927,-60.6776684,55.0,538.0,Municipio Rosario,Municipio,Rosario,820210,Servicio de Catastro e Información Territorial,IGN
2013,15404,2013-06-14,Viernes,0.0,01:00:00,,0.0,4,"Moto/Ciclomotor,Automóvil,Automóvil,Automóvil",San Martin 3900,7,6,1,0,0,0,0,,Avenida,,ROSARIO,Rosario,Asfalto,No existe,II,Dentro,Urbana,Ninguna,S/D,S/D,Bueno,S/D,Nocturna,Buen Tiempo,Múltiple,S/D,Colisión,Ninguna,S/D,Cordón divisorio,Sin restricción,"-32.9764777, -60.6372639",['San Martin 3900'],1,San Martin 3900,-32.9764777,-60.6372639,55.0,538.0,Municipio Rosario,Municipio,Rosario,820210,Servicio de Catastro e Información Territorial,IGN
2013,15405,2013-06-13,Jueves,0.0,22:00:00,,0.0,2,"Moto/Ciclomotor,Moto/Ciclomotor",Rueda Y Valparaiso,3,2,0,0,0,0,1,,Calle,,ROSARIO,Rosario,Asfalto,No existe,II,Dentro,Urbana,Ninguna,No existe,Intersección,Bueno,S/D,Nocturna,Buen Tiempo,Lateral,S/D,Colisión,Ninguna,S/D,Ninguna,Sin restricción,POINT (-60.6880757 -32.963231900000004),"['Rueda', 'Valparaíso']",2,Rueda; Valparaíso,-32.963231900000004,-60.6880757,55.0,538.0,Municipio Rosario,Municipio,Rosario,820210,Servicio de Catastro e Información Territorial,IGN
2013,15408,2013-11-14,Jueves,0.0,07:45:00,,0.0,2,"Automóvil,Moto/Ciclomotor",Donado Y Mendoza,2,1,0,0,1,0,0,,Calle,,ROSARIO,Rosario,S/D,S/D,II,Dentro,Urbana,S/D,S/D,S/D,S/D,S/D,Diurna,S/D,De alcance,S/D,Colisión,S/D,S/D,S/D,S/D,POINT (-60.7269807 -32.94063034999999),"['Donado', 'Mendoza']",2,José Agustín Donado; Mendoza,-32.94063034999999,-60.7269807,55.0,538.0,Municipio Rosario,Municipio,Rosario,820210,Servicio de Catastro e Información Territorial,IGN
2013,15409,2013-12-22,Domingo,0.0,05:10:00,,0.0,1,Pickup/Utilitario,Casiano Casas Y Esquivel,5,1,1,0,1,1,1,,Avenida,,ROSARIO,Rosario,Asfalto,No existe,II,Dentro,Urbana,Semáforo,Intermitente,Curva,Bueno,Buena,"Nocturna,Con luz artificial",Buen Tiempo,Contra objeto fijo,S/D,Colisión,Otro,Vertical,Ninguna,Sin restricción,POINT (-60.70527853333334 -32.901184433333334),"['Avenida Casiano Casas', 'Esquivel']",2,Avenida Casiano Casas; Esquivel,-32.901184433333334,-60.70527853333334,55.0,538.0,Municipio Rosario,Municipio,Rosario,820210,Servicio de Catastro e Información Territorial,IGN
2013,15413,2013-11-15,Viernes,0.0,04:50:00,,0.0,2,"Transporte de Pasajeros Urbano (> 8 asientos),Automóvil",Av. Genova Y Albert Sabin,2,1,0,0,1,0,0,,Avenida,,ROSARIO,Rosario,S/D,S/D,II,Dentro,Urbana,S/D,S/D,Intersección,S/D,S/D,S/D,S/D,S/D,S/D,Colisión,S/D,S/D,S/D,S/D,POINT (-60.69145555 -32.9153654),"['Genova', 'Avenida Travesía Albert Sabin']",2,Avenida Génova; Avenida Travesía Albert Sabin,-32.9153654,-60.69145555,55.0,538.0,Municipio Rosario,Municipio,Rosario,820210,Servicio de Catastro e Información Territorial,IGN
2013,15424,2013-06-14,Viernes,0.0,15:05:00,,0.0,2,"Automóvil,Camión",Gutiérrez Y acceso Sur,3,2,1,0,0,0,0,,Calle,,ROSARIO,Rosario,Asfalto,No existe,II,Dentro,Urbana,Ninguna,S/D,Intersección,Bueno,Buena,Diurna,Buen Tiempo,Lateral,S/D,Colisión,Ninguna,"Horizontal,Vertical",S/D,Sin restricción,POINT (-60.6184193 -32.993110899999984),"['Gutiérrez', 'Belgrano']",2,Ricardo Gutierrez; Avenida Manuel Belgrano,-32.993110899999984,-60.6184193,55.0,538.0,Municipio Rosario,Municipio,Rosario,820210,Servicio de Catastro e Información Territorial,IGN
2013,15440,2013-11-17,Domingo,0.0,17:15:00,,0.0,2,"Vehículo Oficial,Automóvil",Laprida Y Ivanowski,4,1,0,0,3,0,0,,Calle,,ROSARIO,Rosario,S/D,S/D,II,Dentro,Urbana,S/D,S/D,Intersección,S/D,S/D,Diurna,S/D,S/D,S/D,Colisión,S/D,S/D,S/D,S/D,POINT (-60.6434436 -32.98379880000001),"['Laprida', 'Ivanowski']",2,Francisco Narciso Laprida; Ivanowski,-32.98379880000001,-60.6434436,55.0,538.0,Municipio Rosario,Municipio,Rosario,820210,Servicio de Catastro e Información Territorial,IGN
2013,15450,2013-12-08,Domingo,0.0,19:00:00,,0.0,1,Automóvil,Av. Circunvalacion Y Mendoza,3,0,2,0,0,1,0,,Avenida,,ROSARIO,Rosario,Asfalto,Pavimento,II,Fuera,Urbana,S/D,Funciona,Recta,Bueno,S/D,Atardecer,S/D,Contra objeto fijo,S/D,Colisión,Ninguna,Faltante,S/D,S/D,POINT (-60.72253500134355 -32.94050844672854),"['Circunvalacion', 'Mendoza']",2,Avenida de Circunvalación 25 de Mayo; Mendoza,-32.94050844672854,-60.72253500134355,55.0,538.0,Municipio Rosario,Municipio,Rosario,820210,Servicio de Catastro e Información Territorial,IGN
2013,15451,2013-12-08,Domingo,0.0,05:10:00,,0.0,1,Moto/Ciclomotor,Francia F Y Pje. Boman,1,0,0,0,0,1,0,,Calle,,ROSARIO,Rosario,Asfalto,No existe,II,Dentro,Urbana,Ninguna,No existe,Intersección,Deteriorada,Buena,Amanecer,Buen Tiempo,S/D,S/D,S/D,Ninguna,Faltante,Cordón divisorio,Sin restricción,POINT (-60.6778451 -32.99875540000001),"['Avenida Francia', 'Boman']",2,Avenida Francia; Boman,-32.99875540000001,-60.6778451,55.0,538.0,Municipio Rosario,Municipio,Rosario,820210,Servicio de Catastro e Información Territorial,IGN
2013,15453,2013-12-08,Domingo,0.0,17:20:00,,0.0,2,"Peatón,Automóvil",Bv. Oroño Y Hilarion de la Quintana,2,0,0,0,1,1,0,,Calle,,ROSARIO,Rosario,Asfalto,S/D,II,S/D,Urbana,S/D,S/D,S/D,S/D,S/D,Atardecer,S/D,S/D,S/D,Atropello,S/D,S/D,S/D,S/D,POINT (-60.66510195000001 -33.00156164999999),"['Bulevar Nicasio Oroño', 'Hilarión de la Quintana']",2,Bulevar Nicasio Oroño; Hilarión de la Quintana,-33.00156164999999,-60.66510195000001,55.0,538.0,Municipio Rosario,Municipio,Rosario,820210,Servicio de Catastro e Información Territorial,IGN
2013,15455,2013-12-29,Domingo,0.0,22:08:00,,0.0,2,"Peatón,Tren",Av. Arijon Y Flamarion,3,0,0,0,2,1,0,,Avenida,,ROSARIO,Rosario,S/D,No existe,II,Dentro,Urbana,Ninguna,No existe,Paso a Nivel FFCC,S/D,Buena,Nocturna,Buen Tiempo,S/D,S/D,Atropello,Ninguna,Faltante,Ninguna,Sin restricción,POINT (-60.654500199999994 -33.003224200000005),"['Avenida Manuel Arijón', 'Camilo Flammarion']",2,Avenida Manuel Arijón; Camilo Flammarion,-33.003224200000005,-60.6545002,55.0,538.0,Municipio Rosario,Municipio,Rosario,820210,Servicio de Catastro e Información Territorial,IGN
2013,15466,2013-12-03,Martes,0.0,08:00:00,,0.0,2,"Bicicleta,Automóvil",Paraguay Y 9 De Julio,2,1,0,0,1,0,0,,Calle,,ROSARIO,Rosario,S/D,S/D,II,Dentro,Urbana,S/D,S/D,S/D,S/D,S/D,Diurna,S/D,S/D,S/D,Atropello,S/D,S/D,S/D,S/D,POINT (-60.645596 -32.952859899999986),"['Paraguay', '9 de Julio']",2,Paraguay; 9 de Julio,-32.952859899999986,-60.645596,55.0,538.0,Municipio Rosario,Municipio,Rosario,820210,Servicio de Catastro e Información Territorial,IGN
2013,15473,2013-12-20,Viernes,0.0,16:00:00,,0.0,2,"Moto/Ciclomotor,Automóvil",3 De Febrero Y Iriondo,2,0,0,0,0,0,2,,Calle,,ROSARIO,Rosario,Asfalto,S/D,II,S/D,Urbana,S/D,S/D,Intersección,S/D,S/D,Diurna,S/D,S/D,S/D,S/D,S/D,S/D,S/D,S/D,POINT (-60.6712086 -32.947162299999995),"['3 de Febrero', 'Iriondo']",2,3 de Febrero; Iriondo,-32.947162299999995,-60.6712086,55.0,538.0,Municipio Rosario,Municipio,Rosario,820210,Servicio de Catastro e Información Territorial,IGN
2013,15479,2013-12-11,Miercoles,0.0,08:00:00,,0.0,2,"Automóvil,Moto/Ciclomotor",San Lorenzo Y Sucre,2,0,1,0,1,0,0,,Calle,,ROSARIO,Rosario,S/D,S/D,II,Dentro,Urbana,S/D,S/D,S/D,S/D,S/D,Diurna,S/D,S/D,S/D,Colisión,S/D,S/D,S/D,S/D,POINT (-60.689453799999995 -32.934847999999995),"['San Lorenzo', 'Sucre']",2,San Lorenzo; Sucre,-32.934847999999995,-60.6894538,55.0,538.0,Municipio Rosario,Municipio,Rosario,820210,Servicio de Catastro e Información Territorial,IGN
2013,15481,2013-12-14,Sabado,0.0,03:30:00,,0.0,2,"Moto/Ciclomotor,Transporte de Pasajeros Urbano (> 8 asientos)",Av. Uriburu Y Av. Ovidio Lagos,2,0,1,0,1,0,0,,Avenida,,ROSARIO,Rosario,Hormigón,S/D,II,Dentro,Urbana,S/D,S/D,S/D,S/D,S/D,Nocturna,S/D,S/D,S/D,Colisión,S/D,S/D,S/D,S/D,POINT (-60.67337785 -32.991524999999996),"['Uriburu', 'Avenida Ovidio Lagos']",2,Avenida José Uriburu; Avenida Ovidio Lagos,-32.991525,-60.67337785,55.0,538.0,Municipio Rosario,Municipio,Rosario,820210,Servicio de Catastro e Información Territorial,IGN
2013,15482,2013-06-29,Sabado,0.0,10:20:00,,0.0,2,"Moto/Ciclomotor,Automóvil",Rueda Y Dorrego,2,1,0,0,1,0,0,,Calle,,ROSARIO,Rosario,Asfalto,No existe,II,Dentro,Urbana,Ninguna,No existe,Intersección,Bueno,Buena,Diurna,Buen Tiempo,Lateral,S/D,Colisión,Ninguna,"Horizontal,Vertical",Ninguna,Sin restricción,POINT (-60.65542609999999 -32.9690992),"['Rueda', 'Dorrego']",2,Rueda; Manuel Dorrego,-32.9690992,-60.65542609999999,55.0,538.0,Municipio Rosario,Municipio,Rosario,820210,Servicio de Catastro e Información Territorial,IGN
2013,15485,2013-12-15,Domingo,0.0,01:00:00,,0.0,1,Moto/Ciclomotor,San Nicolas Y Santa Fe,1,1,0,0,0,0,0,,Calle,,ROSARIO,Rosario,Hormigón,S/D,II,Dentro,Urbana,S/D,S/D,S/D,Otro,S/D,Nocturna,S/D,S/D,S/D,Otro,S/D,S/D,S/D,S/D,POINT (-60.6719792 -32.93897129999999),"['San Nicolás', 'Santa Fe']",2,San Nicolás; Santa Fe,-32.93897129999999,-60.6719792,55.0,538.0,Municipio Rosario,Municipio,Rosario,820210,Servicio de Catastro e Información Territorial,IGN
2013,15493,2013-12-17,Martes,0.0,07:50:00,,0.0,2,"Moto/Ciclomotor,Automóvil",24 De Setiembre Y Callao,2,1,0,0,1,0,0,,Calle,,ROSARIO,Rosario,Hormigón,S/D,II,Dentro,Urbana,S/D,S/D,S/D,S/D,S/D,Diurna,S/D,S/D,S/D,Colisión,S/D,S/D,S/D,S/D,POINT (-60.66858870000001 -32.976327999999995),"['24 de Septiembre', 'Callao']",2,24 de Septiembre; Callao,-32.976327999999995,-60.66858870000001,55.0,538.0,Municipio Rosario,Municipio,Rosario,820210,Servicio de Catastro e Información Territorial,IGN