anio_acci,nro_acci,fecha,desc_dia,fecha_aprox,hora_aprox,desc_ruta,km,cant_participantes,desc_participante,calle_avenida_km,total,heridos_leves,heridos_graves,heridos_gravisimos,ilesos,fallecidos,sin_datos,posicion_XY,desc_tipo_via,desc_ruta_ori,desc_loc,desc_dpto,desc_tipo_calzada,desc_tipo_banquina,desc_unidad_regional,desc_lugar_calzada,desc_zona,desc_prioridad,desc_estado_semaforo,desc_lugar_via,desc_estado_via,desc_estado_visibilidad,desc_luminosidad,desc_estado_clima,desc_tipo_colision,desc_tipo_atropello,desc_tipo_hecho,desc_pres_calzada,desc_senializacion,desc_separacion_via,desc_restriccion,forma_geocod,calle_lista,numero_calles,calles_osm,lat,lon,index_right,gid,fna,gna,nam,in1,fdc,sag
2013,15497,2013-06-30,Domingo,0.0,08:00:00,,0.0,5,"Moto/Ciclomotor,Automóvil,Automóvil,Peatón,Moto/Ciclomotor",Lima 3000,7,3,1,0,3,0,0,,Calle,,ROSARIO,Rosario,Asfalto,No existe,II,Dentro,Urbana,Ninguna,No existe,Recta,Bueno,Buena,Diurna,Buen Tiempo,Múltiple,S/D,Colisión,Ninguna,S/D,Ninguna,Sin restricción,"-32.9639706, -60.6897702",['Lima 3000'],1,Lima 3000,-32.9639706,-60.6897702,55.0,538.0,Municipio Rosario,Municipio,Rosario,820210,Servicio de Catastro e Información Territorial,IGN
2013,15510,2013-12-19,Jueves,0.0,05:10:00,,0.0,2,"Automóvil,Moto/Ciclomotor",Baigorria Y Union,2,0,0,0,1,0,1,,Calle,,ROSARIO,Rosario,Hormigón,S/D,II,Dentro,Urbana,S/D,S/D,Intersección,S/D,S/D,Amanecer,S/D,Lateral,S/D,Colisión,S/D,S/D,S/D,S/D,POINT (-60.7031515 -32.89371549999999),"['Baigorria', 'Unión']",2,Baigorria; Unión,-32.89371549999999,-60.7031515,55.0,538.0,Municipio Rosario,Municipio,Rosario,820210,Servicio de Catastro e Información Territorial,IGN
2013,15511,2013-12-18,Miercoles,0.0,08:00:00,,0.0,2,"Moto/Ciclomotor,Otros",Av. Uriburu y Acceso Sur ,2,0,0,0,0,1,1,,Avenida,,ROSARIO,Rosario,Hormigón,S/D,II,Dentro,Urbana,S/D,S/D,S/D,S/D,S/D,Diurna,S/D,S/D,S/D,S/D,S/D,S/D,S/D,S/D,POINT (-60.624043500000006 -32.989954000000004),"['Uriburu', 'Belgrano']",2,Avenida José Uriburu; Avenida Manuel Belgrano,-32.989954000000004,-60.624043500000006,55.0,538.0,Municipio Rosario,Municipio,Rosario,820210,Servicio de Catastro e Información Territorial,IGN
2013,15518,2013-12-27,Viernes,0.0,00:15:00,,0.0,2,"Peatón,Automóvil",Av. Pellegrini Y Liniers,2,1,0,0,1,0,0,,Avenida,,ROSARIO,Rosario,S/D,S/D,II,Dentro,Urbana,S/D,S/D,S/D,S/D,S/D,Nocturna,S/D,S/D,S/D,Atropello,S/D,S/D,S/D,S/D,POINT (-60.69824345 -32.9482175),"['Pellegrini', 'Liniers']",2,"('Avenida Carlos Pellegrini', 'Liniers')",-32.9482175,-60.69824345,55.0,538.0,Municipio Rosario,Municipio,Rosario,820210,Servicio de Catastro e Información Territorial,IGN
2013,15519,2013-12-27,Viernes,0.0,03:00:00,,0.0,2,"Automóvil,Moto/Ciclomotor",Garibaldi Y Pje. Turin,3,2,0,0,1,0,0,,Calle,,ROSARIO,Rosario,S/D,S/D,II,Dentro,Urbana,S/D,S/D,S/D,S/D,S/D,Nocturna,S/D,S/D,S/D,Colisión,S/D,S/D,S/D,S/D,POINT (-60.6598186 -32.9838916),"['José Garibaldi', 'Turín']",2,José Garibaldi; Pasaje Turín,-32.9838916,-60.6598186,55.0,538.0,Municipio Rosario,Municipio,Rosario,820210,Servicio de Catastro e Información Territorial,IGN
2013,15523,2013-01-14,Lunes,0.0,20:30:00,,0.0,2,"Moto/Ciclomotor,Pickup/Utilitario",Av. Ovidio Lagos Y Bv. Segui,3,1,0,0,1,0,1,,Avenida,,ROSARIO,Rosario,Asfalto,No existe,II,Dentro,Urbana,Semáforo,Funciona,Intersección,Bueno,Buena,Nocturna,Buen Tiempo,Lateral,S/D,Colisión,Ninguna,Faltante,Cordón divisorio,Sin restricción,POINT (-60.66940506666666 -32.974966166666654),"['Avenida Ovidio Lagos', 'Bulevar Juan Francisco Seguí']",2,Avenida Ovidio Lagos; Bulevar Juan Francisco Seguí,-32.974966166666654,-60.66940506666666,55.0,538.0,Municipio Rosario,Municipio,Rosario,820210,Servicio de Catastro e Información Territorial,IGN
2013,15546,2013-06-27,Jueves,0.0,06:00:00,,0.0,1,Automóvil,Av. Circunvalacion Y Av. Eva Peron,1,1,0,0,0,0,0,,Calle,,ROSARIO,Rosario,Asfalto,S/D,II,Dentro,Urbana,S/D,S/D,S/D,S/D,Buena,Amanecer,S/D,Contra objeto fijo,S/D,Colisión,S/D,Vertical,S/D,"Obra en Construcción,Reparación de Vía",POINT (-60.7231582311677 -32.93112605584158),"['Circunvalacion', 'Avenida Eva Perón']",2,Avenida de Circunvalación 25 de Mayo; Avenida Eva Perón,-32.93112605584158,-60.7231582311677,55.0,538.0,Municipio Rosario,Municipio,Rosario,820210,Servicio de Catastro e Información Territorial,IGN
2013,15561,2013-11-23,Sabado,0.0,08:20:00,,0.0,2,"Automóvil,Automóvil",Bv. Avellaneda Y Pasco,4,4,0,0,0,0,0,,Avenida,,ROSARIO,Rosario,S/D,S/D,II,Dentro,Urbana,S/D,S/D,Intersección,S/D,S/D,Diurna,S/D,S/D,S/D,Colisión,S/D,S/D,S/D,S/D,POINT (-60.68246960000001 -32.952270733333336),"['Avellaneda', 'Pasco']",2,Bulevar Nicolás Avellaneda; Pasco,-32.952270733333336,-60.68246960000001,55.0,538.0,Municipio Rosario,Municipio,Rosario,820210,Servicio de Catastro e Información Territorial,IGN
2013,15568,2013-07-10,Miercoles,0.0,08:00:00,,0.0,2,"Automóvil,Automóvil",Junin Y Matienzo,3,3,0,0,0,0,0,,Calle,,ROSARIO,Rosario,S/D,S/D,II,Dentro,Urbana,S/D,S/D,S/D,S/D,S/D,Diurna,S/D,"Contra objeto fijo,Lateral",S/D,"Colisión,Despiste",S/D,S/D,S/D,S/D,POINT (-60.6951903 -32.9271049),"['Junín', 'Matienzo']",2,Junín; Benjamín Matienzo,-32.9271049,-60.6951903,55.0,538.0,Municipio Rosario,Municipio,Rosario,820210,Servicio de Catastro e Información Territorial,IGN
2013,15569,2013-12-04,Miercoles,0.0,15:30:00,,0.0,2,"Automóvil,Moto/Ciclomotor",Bv. 27 De Febrero Y Bv. Oroño,3,2,0,0,1,0,0,,Avenida,,ROSARIO,Rosario,Asfalto,S/D,II,S/D,Urbana,S/D,Funciona,Intersección,S/D,S/D,Diurna,S/D,S/D,S/D,Colisión,S/D,Vertical,Barrera de hormigón,S/D,POINT (-60.658642825 -32.964892400000004),"['27 de Febrero', 'Bulevar Nicasio Oroño']",2,Bulevar 27 de Febrero; Bulevar Nicasio Oroño,-32.964892400000004,-60.658642825,55.0,538.0,Municipio Rosario,Municipio,Rosario,820210,Servicio de Catastro e Información Territorial,IGN
2013,15577,2013-07-30,Martes,0.0,09:00:00,,0.0,3,"Taxi/Remis,Peatón,Peatón",Urquiza Y Paraguay,3,2,0,0,1,0,0,,Calle,,ROSARIO,Rosario,S/D,S/D,II,Dentro,Urbana,S/D,S/D,S/D,S/D,S/D,Diurna,S/D,S/D,S/D,Atropello,S/D,S/D,S/D,S/D,POINT (-60.642866000000005 -32.941996),"['Urquiza', 'Paraguay']",2,Justo José de Urquiza; Paraguay,-32.941996,-60.642866000000005,55.0,538.0,Municipio Rosario,Municipio,Rosario,820210,Servicio de Catastro e Información Territorial,IGN
2013,15592,2013-11-30,Sabado,0.0,11:40:00,,0.0,1,,España Y Cochabamba,3,1,0,1,1,0,0,,Calle,,ROSARIO,Rosario,Asfalto,S/D,II,S/D,Urbana,S/D,S/D,Intersección,Bueno,Buena,Diurna,S/D,Frontal,S/D,Colisión,S/D,S/D,S/D,S/D,POINT (-60.649499 -32.9569347),"['España', 'Cochabamba']",2,España; Cochabamba,-32.9569347,-60.649499,55.0,538.0,Municipio Rosario,Municipio,Rosario,820210,Servicio de Catastro e Información Territorial,IGN
2013,15593,2013-11-30,Sabado,0.0,11:40:00,,0.0,1,,España Y Cochabamba,3,1,0,1,1,0,0,,Calle,,ROSARIO,Rosario,Asfalto,S/D,II,S/D,Urbana,S/D,S/D,Intersección,Bueno,Buena,Diurna,S/D,Frontal,S/D,Colisión,S/D,S/D,S/D,S/D,POINT (-60.649499 -32.9569347),"['España', 'Cochabamba']",2,España; Cochabamba,-32.9569347,-60.649499,55.0,538.0,Municipio Rosario,Municipio,Rosario,820210,Servicio de Catastro e Información Territorial,IGN
2013,15594,2013-11-30,Sabado,0.0,11:40:00,,0.0,2,"Automóvil,Moto/Ciclomotor",España Y Cochabamba,3,1,0,1,1,0,0,,Calle,,ROSARIO,Rosario,Asfalto,S/D,II,S/D,Urbana,S/D,S/D,Intersección,Bueno,Buena,Diurna,S/D,Frontal,S/D,Colisión,S/D,S/D,S/D,S/D,POINT (-60.649499 -32.9569347),"['España', 'Cochabamba']",2,España; Cochabamba,-32.9569347,-60.649499,55.0,538.0,Municipio Rosario,Municipio,Rosario,820210,Servicio de Catastro e Información Territorial,IGN
2013,15657,2013-10-22,Martes,0.0,,,0.0,2,"Moto/Ciclomotor,Automóvil",Montevideo Y Crespo,3,2,0,0,1,0,0,,Calle,,ROSARIO,Rosario,Asfalto,S/D,II,S/D,Urbana,S/D,S/D,Intersección,S/D,S/D,S/D,S/D,S/D,S/D,Colisión,S/D,S/D,S/D,S/D,POINT (-60.67066460000001 -32.950771199999984),"['Montevideo', 'Crespo']",2,Montevideo; Crespo,-32.950771199999984,-60.67066460000001,55.0,538.0,Municipio Rosario,Municipio,Rosario,820210,Servicio de Catastro e Información Territorial,IGN
2013,15729,2013-11-04,Lunes,0.0,00:50:00,,0.0,2,"Automóvil,Automóvil",Av. Circunvalacion ,2,0,0,0,0,0,2,,Avenida,,ROSARIO,Rosario,S/D,S/D,II,Dentro,Urbana,S/D,S/D,Paso a Nivel FFCC,S/D,S/D,Nocturna,S/D,Frontal,S/D,Colisión,S/D,S/D,S/D,S/D,"-32.9954148, -60.6940772",['Circunvalacion'],1,Circunvalacion,-32.9954148,-60.6940772,55.0,538.0,Municipio Rosario,Municipio,Rosario,820210,Servicio de Catastro e Información Territorial,IGN
2013,15807,2013-06-30,Domingo,0.0,,,0.0,2,"Moto/Ciclomotor,Otros",San Martin 6300,2,0,0,0,0,1,1,,Avenida,,ROSARIO,Rosario,Asfalto,No existe,II,Dentro,Urbana,S/D,S/D,S/D,Bueno,S/D,S/D,S/D,S/D,S/D,Colisión,S/D,S/D,S/D,S/D,"-32.9764777, -60.6372639",['San Martin 6300'],1,San Martin 6300,-32.9764777,-60.6372639,55.0,538.0,Municipio Rosario,Municipio,Rosario,820210,Servicio de Catastro e Información Territorial,IGN
2014,450,2014-01-07,Martes,0.0,01:00:00,,0.0,2,"Peatón,Automóvil",Davalos Y Irma Peyrano,2,1,0,0,1,0,0,,Calle,,ROSARIO,Rosario,Asfalto,No existe,II,Dentro,Urbana,Ninguna,No existe,Recta,Bueno,Buena,"Nocturna,Con luz artificial",Buen Tiempo,S/D,S/D,Atropello,S/D,Faltante,Ninguna,Sin restricción,POINT (-60.718191 -32.8899495),"['Dávalos', 'Irma Peirano']",2,Dávalos; Irma Peirano,-32.8899495,-60.718191,55.0,538.0,Municipio Rosario,Municipio,Rosario,820210,Servicio de Catastro e Información Territorial,IGN
2014,453,2014-01-18,Sabado,0.0,03:00:00,,0.0,2,"Bicicleta,Automóvil",Salvat ,2,1,0,0,1,0,0,,Calle,,ROSARIO,Rosario,Asfalto,No existe,II,Dentro,Urbana,Ninguna,No existe,Recta,Bueno,Buena,Nocturna,Buen Tiempo,S/D,S/D,Atropello,Ninguna,Faltante,Ninguna,Sin restricción,"-32.8832765, -60.7230842",['Salvat'],1,Salvat,-32.8832765,-60.7230842,55.0,538.0,Municipio Rosario,Municipio,Rosario,820210,Servicio de Catastro e Información Territorial,IGN
2014,456,2014-01-08,Miercoles,0.0,07:30:00,,0.0,2,"Moto/Ciclomotor,Otros",Av. Circunvalacion Y España,2,0,1,0,1,0,0,,Avenida,,ROSARIO,Rosario,Asfalto,No existe,XV,Dentro,Urbana,Ninguna,No existe,Intersección,Bueno,Buena,Amanecer,Buen Tiempo,Lateral,S/D,Colisión,Otro,Faltante,Ninguna,Sin restricción,POINT (-60.65680843645818 -33.016017846657775),"['Circunvalacion', 'España']",2,Avenida de Circunvalación 25 de Mayo; España,-33.016017846657775,-60.65680843645818,55.0,538.0,Municipio Rosario,Municipio,Rosario,820210,Servicio de Catastro e Información Territorial,IGN
2014,457,2014-01-18,Sabado,0.0,17:10:00,,0.0,1,Bicicleta,Herrera Y Cavia,3,2,0,0,1,0,0,,Calle,,ROSARIO,Rosario,Asfalto,No existe,II,S/D,Urbana,Ninguna,No existe,Intersección,Bueno,Buena,Diurna,Buen Tiempo,S/D,S/D,Atropello,S/D,Faltante,Ninguna,Sin restricción,POINT (-60.70939539999999 -32.897679800000006),"['Herrera', 'Cavia']",2,Franzini Herrera; Cavia,-32.897679800000006,-60.70939539999999,55.0,538.0,Municipio Rosario,Municipio,Rosario,820210,Servicio de Catastro e Información Territorial,IGN
2014,460,2014-01-19,Domingo,0.0,18:00:00,,0.0,2,"Peatón,Automóvil",Bufano 2600,2,1,0,0,1,0,0,,Calle,,ROSARIO,Rosario,Asfalto,No existe,II,Dentro,Urbana,Ninguna,No existe,Recta,Bueno,Buena,Atardecer,Buen Tiempo,Lateral,S/D,Atropello,Ninguna,Faltante,Ninguna,Sin restricción,"-32.8880309, -60.7180413",['Bufano 2600'],1,Bufano 2600,-32.8880309,-60.7180413,55.0,538.0,Municipio Rosario,Municipio,Rosario,820210,Servicio de Catastro e Información Territorial,IGN
2014,470,2014-01-25,Sabado,0.0,08:10:00,,0.0,2,"Automóvil,Automóvil",Miller Y Blas Parera,4,0,1,0,3,0,0,,Calle,,ROSARIO,Rosario,Asfalto,No existe,II,Dentro,Urbana,Ninguna,No existe,Recta,Bueno,Buena,Diurna,Buen Tiempo,Otro,S/D,Colisión,Otro,Faltante,Ninguna,Sin restricción,POINT (-60.70580090000001 -32.9031716),"['Miller', 'Blas Parera']",2,Miller; Blas Parera,-32.9031716,-60.70580090000001,55.0,538.0,Municipio Rosario,Municipio,Rosario,820210,Servicio de Catastro e Información Territorial,IGN
2014,473,2014-01-28,Martes,0.0,18:50:00,,0.0,2,"Automóvil,Moto/Ciclomotor",Huerta Grande Y Medrano,4,2,0,0,2,0,0,,Calle,,ROSARIO,Rosario,Asfalto,No existe,II,Dentro,Urbana,Ninguna,No existe,Intersección,Bueno,Buena,Diurna,Buen Tiempo,Lateral,S/D,Colisión,Ninguna,Faltante,Ninguna,Sin restricción,POINT (-60.70369970000001 -32.88369509999999),"['Huerta Grande', 'Medrano']",2,Huerta Grande; Medrano,-32.88369509999999,-60.70369970000001,55.0,538.0,Municipio Rosario,Municipio,Rosario,820210,Servicio de Catastro e Información Territorial,IGN
2014,474,2014-01-24,Viernes,0.0,13:45:00,,0.0,2,"Automóvil,Moto/Ciclomotor",J.B.Justo Y J.V.Gonzalez Bis,3,2,0,0,1,0,0,,Calle,,ROSARIO,Rosario,Asfalto,Pavimento,II,Dentro,Urbana,S/D,No existe,Intersección,Bueno,Buena,Diurna,Buen Tiempo,Lateral,S/D,Colisión,S/D,S/D,Cordón divisorio,S/D,POINT (-60.736657 -32.9340887),"['Justo', 'Gonzalez']",2,"('Justo José de Urquiza', 'González del Solar')",-32.9340887,-60.736657,55.0,538.0,Municipio Rosario,Municipio,Rosario,820210,Servicio de Catastro e Información Territorial,IGN
2014,475,2014-01-17,Viernes,0.0,18:00:00,,0.0,2,"Moto/Ciclomotor,Taxi/Remis",Junin Y Florida,2,1,0,0,1,0,0,,Calle,,ROSARIO,Rosario,Asfalto,No existe,II,S/D,Urbana,Ninguna,No existe,Intersección,Bueno,Buena,Diurna,Buen Tiempo,S/D,S/D,S/D,S/D,S/D,S/D,S/D,POINT (-60.6832825 -32.9267754),"['Junín', 'Florida']",2,Junín; Florida,-32.9267754,-60.6832825,55.0,538.0,Municipio Rosario,Municipio,Rosario,820210,Servicio de Catastro e Información Territorial,IGN
2014,476,2014-01-10,Viernes,0.0,21:00:00,,0.0,2,"Automóvil,Pickup/Utilitario",Casilda Y Mar del Plata,2,1,0,0,1,0,0,,Calle,,ROSARIO,Rosario,Asfalto,No existe,II,S/D,Urbana,Ninguna,No existe,Intersección,Bueno,Buena,Nocturna,Buen Tiempo,S/D,S/D,Colisión,S/D,S/D,S/D,Sin restricción,POINT (-60.68188539999999 -32.92827729999999),"['Casilda', 'Mar del Plata']",2,Casilda; Mar del Plata,-32.92827729999999,-60.68188539999999,55.0,538.0,Municipio Rosario,Municipio,Rosario,820210,Servicio de Catastro e Información Territorial,IGN
2014,477,2014-01-16,Jueves,0.0,16:00:00,,0.0,2,"Moto/Ciclomotor,Taxi/Remis",Pueyrredon Y Jujuy,2,1,0,0,1,0,0,,Calle,,ROSARIO,Rosario,Asfalto,No existe,II,S/D,Urbana,Ninguna,No existe,Recta,Bueno,Buena,Diurna,Buen Tiempo,Otro,S/D,Colisión,Ninguna,Vertical,Ninguna,Sin restricción,POINT (-60.655304 -32.93480099999999),"['Pueyrredón', 'Jujuy']",2,Pueyrredón; Jujuy,-32.93480099999999,-60.655304,55.0,538.0,Municipio Rosario,Municipio,Rosario,820210,Servicio de Catastro e Información Territorial,IGN
2014,478,2014-01-23,Jueves,0.0,08:00:00,,0.0,2,"Pickup/Utilitario,Automóvil",Bv. Avellaneda Y J.J.Paso,3,2,0,0,0,0,1,,Calle,,ROSARIO,Rosario,Asfalto,S/D,II,Dentro,Urbana,Semáforo,S/D,Intersección,Bueno,S/D,Diurna,Buen Tiempo,Lateral,S/D,Colisión,S/D,"Horizontal,Vertical",Cordón divisorio,Sin restricción,POINT (-60.674093 -32.9190602),"['Avellaneda', 'Paso']",2,Bulevar Nicolás Avellaneda; Avenida Juan José Paso,-32.9190602,-60.674093,55.0,538.0,Municipio Rosario,Municipio,Rosario,820210,Servicio de Catastro e Información Territorial,IGN
2014,479,2014-01-15,Miercoles,0.0,22:40:00,,0.0,2,"Moto/Ciclomotor,Automóvil",Av. Luis Carballo Y Rawson Bis,4,2,0,0,2,0,0,,Avenida,,ROSARIO,Rosario,Asfalto,No existe,II,S/D,Urbana,S/D,S/D,Intersección,Bueno,S/D,Nocturna,Buen Tiempo,S/D,S/D,S/D,S/D,S/D,S/D,S/D,POINT (-60.66940076666666 -32.92182163333333),"['Avenida Doctor Luis Cándido Carballo', 'Rawson']",2,Avenida Doctor Luis Cándido Carballo; Rawson,-32.92182163333333,-60.66940076666666,55.0,538.0,Municipio Rosario,Municipio,Rosario,820210,Servicio de Catastro e Información Territorial,IGN
2014,480,2014-01-17,Viernes,0.0,10:20:00,,0.0,2,"Moto/Ciclomotor,Automóvil",Av. Ovidio Lagos Y Salta,2,1,0,0,1,0,0,,Calle,,ROSARIO,Rosario,Asfalto,No existe,II,S/D,Urbana,Semáforo,Funciona,Recta,Bueno,Buena,Diurna,Buen Tiempo,Otro,S/D,Colisión,Ninguna,Vertical,Ninguna,Sin restricción,POINT (-60.6597135 -32.93528760000001),"['Avenida Ovidio Lagos', 'Salta']",2,Avenida Ovidio Lagos; Salta,-32.93528760000001,-60.6597135,55.0,538.0,Municipio Rosario,Municipio,Rosario,820210,Servicio de Catastro e Información Territorial,IGN
2014,482,2014-01-23,Jueves,0.0,18:15:00,,0.0,2,"Moto/Ciclomotor,Taxi/Remis",Crespo Y Catamarca,2,1,0,0,1,0,0,,Calle,,ROSARIO,Rosario,S/D,No existe,II,S/D,Urbana,Semáforo,Funciona,Recta,Bueno,Buena,Diurna,Buen Tiempo,Otro,S/D,Colisión,Ninguna,Vertical,Ninguna,Sin restricción,POINT (-60.66680019999999 -32.93523249999999),"['Crespo', 'Catamarca']",2,Crespo; Catamarca,-32.93523249999999,-60.66680019999999,55.0,538.0,Municipio Rosario,Municipio,Rosario,820210,Servicio de Catastro e Información Territorial,IGN
2014,483,2014-01-17,Viernes,0.0,16:30:00,,0.0,2,"Moto/Ciclomotor,Automóvil",Bv. Avellaneda Y Albert Sabin,2,0,1,0,1,0,0,,Avenida,,ROSARIO,Rosario,Asfalto,No existe,II,S/D,Urbana,Semáforo,Funciona,Intersección,S/D,Buena,Diurna,Buen Tiempo,S/D,S/D,Colisión,S/D,S/D,S/D,Sin restricción,POINT (-60.67658666 -32.928876499999994),"['Avellaneda', 'Avenida Travesía Albert Sabin']",2,Bulevar Nicolás Avellaneda; Avenida Travesía Albert Sabin,-32.928876499999994,-60.67658666,55.0,538.0,Municipio Rosario,Municipio,Rosario,820210,Servicio de Catastro e Información Territorial,IGN
2014,486,2014-01-23,Jueves,0.0,10:30:00,,0.0,2,"Automóvil,Automóvil",Catamarca Y Pueyrredon,2,1,0,0,1,0,0,,Calle,,ROSARIO,Rosario,Asfalto,S/D,II,S/D,Urbana,S/D,No existe,Recta,Bueno,Buena,Diurna,Buen Tiempo,S/D,S/D,Colisión,Ninguna,S/D,Ninguna,Sin restricción,POINT (-60.6558961 -32.93715339999999),"['Catamarca', 'Pueyrredón']",2,Catamarca; Pueyrredón,-32.93715339999999,-60.6558961,55.0,538.0,Municipio Rosario,Municipio,Rosario,820210,Servicio de Catastro e Información Territorial,IGN
2014,488,2014-01-24,Viernes,0.0,08:00:00,,0.0,2,"Moto/Ciclomotor,Automóvil",Av. Francia Y Brown,2,1,0,0,1,0,0,,Calle,,ROSARIO,Rosario,Asfalto,No existe,II,S/D,Urbana,Semáforo,Funciona,Recta,Bueno,S/D,Diurna,Buen Tiempo,S/D,S/D,Colisión,Ninguna,S/D,Ninguna,Sin restricción,POINT (-60.66318115 -32.93220974999999),"['Avenida Francia', 'Brown']",2,Avenida Francia; Almirante Brown,-32.93220974999999,-60.66318115,55.0,538.0,Municipio Rosario,Municipio,Rosario,820210,Servicio de Catastro e Información Territorial,IGN
2014,489,2014-01-18,Sabado,0.0,19:00:00,,0.0,2,"Automóvil,Moto/Ciclomotor",Iguazu Y G.Carrasco,4,2,0,0,2,0,0,,Calle,,ROSARIO,Rosario,Asfalto,Pavimento,II,Dentro,Urbana,S/D,No existe,Intersección,Bueno,S/D,Atardecer,Buen Tiempo,Lateral,S/D,Colisión,S/D,Faltante,S/D,Sin restricción,POINT (-60.68620810000001 -32.92022129999999),"['Iguazu', 'Carrasco']",2,Iguazú; Omar Carrasco,-32.92022129999999,-60.68620810000001,55.0,538.0,Municipio Rosario,Municipio,Rosario,820210,Servicio de Catastro e Información Territorial,IGN
2014,494,2014-01-18,Sabado,0.0,09:45:00,,0.0,2,"Peatón,Automóvil",Av. Ovidio Lagos Y Cordoba,2,1,0,0,1,0,0,,Calle,,ROSARIO,Rosario,Asfalto,S/D,II,S/D,Urbana,S/D,S/D,Intersección,S/D,S/D,S/D,S/D,S/D,S/D,Atropello,S/D,S/D,S/D,S/D,POINT (-60.6614607 -32.9422773),"['Avenida Ovidio Lagos', 'Córdoba']",2,Avenida Ovidio Lagos; Córdoba,-32.9422773,-60.6614607,55.0,538.0,Municipio Rosario,Municipio,Rosario,820210,Servicio de Catastro e Información Territorial,IGN
2014,495,2014-01-25,Sabado,0.0,07:55:00,,0.0,2,"Peatón,Taxi/Remis",Santa Fe Y Rodriguez,2,1,0,0,1,0,0,,Calle,,ROSARIO,Rosario,Asfalto,No existe,II,S/D,Urbana,Semáforo,Funciona,Recta,Bueno,Buena,Diurna,Buen Tiempo,S/D,S/D,Atropello,Ninguna,Vertical,Barrera de hormigón,Sin restricción,POINT (-60.6583799 -32.9414046),"['Santa Fe', 'Rodríguez']",2,Santa Fe; Rodríguez de Escobedo,-32.9414046,-60.6583799,55.0,538.0,Municipio Rosario,Municipio,Rosario,820210,Servicio de Catastro e Información Territorial,IGN
2014,497,2014-01-25,Sabado,0.0,06:20:00,,0.0,2,"Automóvil,Moto/Ciclomotor",Av. Alberdi Bis Y Av. Portugal,3,2,0,0,1,0,0,,Calle,,ROSARIO,Rosario,Asfalto,S/D,II,Dentro,Urbana,Semáforo,S/D,Intersección,Bueno,S/D,S/D,Buen Tiempo,Lateral,S/D,Colisión,S/D,"Horizontal,Vertical",Cordón divisorio,Sin restricción,POINT (-60.68625125 -32.914380200000004),"['Alberdi', 'Portugal']",2,Avenida Alberdi; Avenida Portugal,-32.914380200000004,-60.68625125,55.0,538.0,Municipio Rosario,Municipio,Rosario,820210,Servicio de Catastro e Información Territorial,IGN
2014,499,2014-01-29,Miercoles,0.0,10:00:00,,0.0,2,"Automóvil,Automóvil",Av. Ovidio Lagos 600,3,1,0,0,2,0,0,,Calle,,ROSARIO,Rosario,Asfalto,No existe,II,S/D,Urbana,S/D,Funciona,Recta,Bueno,Buena,Diurna,Buen Tiempo,Otro,S/D,Colisión,Ninguna,Vertical,Ninguna,Sin restricción,"-32.9397842, -60.6608874",['Ovidio Lagos 600'],1,Ovidio Lagos 600,-32.9397842,-60.6608874,55.0,538.0,Municipio Rosario,Municipio,Rosario,820210,Servicio de Catastro e Información Territorial,IGN
2014,501,2014-01-25,Sabado,0.0,07:50:00,,0.0,3,"Taxi/Remis,Moto/Ciclomotor,Moto/Ciclomotor",E.Zeballos Y Servando Bayo,5,0,4,0,1,0,0,,Calle,,ROSARIO,Rosario,Asfalto,S/D,II,S/D,Urbana,S/D,S/D,Intersección,S/D,S/D,S/D,S/D,S/D,S/D,S/D,S/D,S/D,S/D,S/D,POINT (-60.686719 -32.946714199999995),"['Zeballos', 'Servando Bayo']",2,Zeballos; Servando Bayo,-32.946714199999995,-60.686719,55.0,538.0,Municipio Rosario,Municipio,Rosario,820210,Servicio de Catastro e Información Territorial,IGN
2014,504,2014-01-28,Martes,0.0,14:20:00,,0.0,2,"Automóvil,Moto/Ciclomotor",San Luis Y Suipacha,2,1,0,0,1,0,0,,Calle,,ROSARIO,Rosario,Asfalto,S/D,II,S/D,Urbana,S/D,S/D,Intersección,S/D,S/D,S/D,S/D,S/D,S/D,S/D,S/D,S/D,S/D,S/D,POINT (-60.664829000000005 -32.94441909999999),"['San Luis', 'Suipacha']",2,San Luis; Suipacha,-32.94441909999999,-60.664829000000005,55.0,538.0,Municipio Rosario,Municipio,Rosario,820210,Servicio de Catastro e Información Territorial,IGN
2014,505,2014-01-24,Viernes,0.0,12:20:00,,0.0,2,"Pickup/Utilitario,Moto/Ciclomotor",Av. Pellegrini Y Gutenberg,2,1,0,0,1,0,0,,Calle,,ROSARIO,Rosario,Asfalto,S/D,II,S/D,Urbana,S/D,S/D,Intersección,S/D,S/D,S/D,S/D,S/D,S/D,S/D,S/D,S/D,S/D,S/D,POINT (-60.690030349999994 -32.94847924999999),"['Pellegrini', 'Gutenberg']",2,Avenida Carlos Pellegrini; Gutenberg,-32.94847924999999,-60.69003035,55.0,538.0,Municipio Rosario,Municipio,Rosario,820210,Servicio de Catastro e Información Territorial,IGN
2014,506,2014-01-16,Jueves,0.0,18:00:00,,0.0,2,"Bicicleta,Automóvil",San Juan Y Ricchieri,2,1,0,0,1,0,0,,Calle,,ROSARIO,Rosario,Asfalto,S/D,II,Dentro,Urbana,S/D,S/D,Intersección,S/D,S/D,S/D,S/D,S/D,S/D,Atropello,S/D,S/D,S/D,S/D,POINT (-60.6637743 -32.9457443),"['San Juan', 'Ricchieri']",2,San Juan; Ricchieri,-32.9457443,-60.6637743,55.0,538.0,Municipio Rosario,Municipio,Rosario,820210,Servicio de Catastro e Información Territorial,IGN