anio_acci,nro_acci,fecha,desc_dia,fecha_aprox,hora_aprox,desc_ruta,km,cant_participantes,desc_participante,calle_avenida_km,total,heridos_leves,heridos_graves,heridos_gravisimos,ilesos,fallecidos,sin_datos,posicion_XY,desc_tipo_via,desc_ruta_ori,desc_loc,desc_dpto,desc_tipo_calzada,desc_tipo_banquina,desc_unidad_regional,desc_lugar_calzada,desc_zona,desc_prioridad,desc_estado_semaforo,desc_lugar_via,desc_estado_via,desc_estado_visibilidad,desc_luminosidad,desc_estado_clima,desc_tipo_colision,desc_tipo_atropello,desc_tipo_hecho,desc_pres_calzada,desc_senializacion,desc_separacion_via,desc_restriccion,forma_geocod,calle_lista,numero_calles,calles_osm,lat,lon,index_right,gid,fna,gna,nam,in1,fdc,sag
2014,508,2014-01-24,Viernes,0.0,17:30:00,,0.0,2,"Automóvil,Automóvil",Santiago Y Rioja,2,2,0,0,0,0,0,,Calle,,ROSARIO,Rosario,Asfalto,S/D,II,S/D,Urbana,S/D,S/D,Intersección,S/D,S/D,S/D,S/D,S/D,S/D,S/D,S/D,S/D,S/D,S/D,POINT (-60.656289699999995 -32.9443719),"['Santiago', 'Rioja']",2,Santiago; Rioja,-32.9443719,-60.6562897,55.0,538.0,Municipio Rosario,Municipio,Rosario,820210,Servicio de Catastro e Información Territorial,IGN
2014,511,2014-01-20,Lunes,0.0,17:45:00,,0.0,2,"Moto/Ciclomotor,Otros",E.Zeballos Y Iriondo,2,1,0,0,0,0,1,,Calle,,ROSARIO,Rosario,S/D,S/D,II,S/D,Urbana,S/D,S/D,S/D,S/D,S/D,Diurna,S/D,S/D,S/D,S/D,S/D,S/D,S/D,S/D,POINT (-60.671761499999995 -32.9493534),"['Zeballos', 'Iriondo']",2,Zeballos; Iriondo,-32.9493534,-60.6717615,55.0,538.0,Municipio Rosario,Municipio,Rosario,820210,Servicio de Catastro e Información Territorial,IGN
2014,512,2014-01-17,Viernes,0.0,09:20:00,,0.0,2,"Moto/Ciclomotor,Automóvil",E.Zeballos Y Ricchieri,3,1,0,0,2,0,0,,Calle,,ROSARIO,Rosario,Asfalto,S/D,II,S/D,Urbana,S/D,S/D,Intersección,S/D,S/D,Diurna,S/D,S/D,S/D,Colisión,S/D,S/D,S/D,S/D,POINT (-60.664986799999994 -32.95057959999998),"['Zeballos', 'Ricchieri']",2,Zeballos; Ricchieri,-32.95057959999998,-60.6649868,55.0,538.0,Municipio Rosario,Municipio,Rosario,820210,Servicio de Catastro e Información Territorial,IGN
2014,513,2014-01-23,Jueves,0.0,10:30:00,,0.0,2,"Moto/Ciclomotor,Automóvil",San Lorenzo Y Santiago,3,2,0,0,1,0,0,,Calle,,ROSARIO,Rosario,Asfalto,S/D,II,S/D,Urbana,S/D,S/D,Intersección,S/D,S/D,S/D,S/D,S/D,S/D,S/D,S/D,S/D,S/D,S/D,POINT (-60.6554119 -32.9409275),"['San Lorenzo', 'Santiago']",2,San Lorenzo; Santiago,-32.9409275,-60.6554119,55.0,538.0,Municipio Rosario,Municipio,Rosario,820210,Servicio de Catastro e Información Territorial,IGN
2014,514,2014-01-23,Jueves,0.0,19:00:00,,0.0,2,"Automóvil,Pickup/Utilitario",San Juan Y Vera Mujica,3,1,0,0,0,0,2,,Calle,,ROSARIO,Rosario,Asfalto,S/D,II,S/D,Urbana,S/D,S/D,Intersección,S/D,S/D,S/D,S/D,S/D,S/D,S/D,S/D,S/D,S/D,S/D,POINT (-60.6678428 -32.94501609999999),"['San Juan', 'Vera Mujíca']",2,San Juan; Vera Mujíca,-32.94501609999999,-60.6678428,55.0,538.0,Municipio Rosario,Municipio,Rosario,820210,Servicio de Catastro e Información Territorial,IGN
2014,516,2014-01-18,Sabado,0.0,22:00:00,,0.0,2,"Moto/Ciclomotor,Automóvil",Pampa Y Av. Provincias Unidas,2,1,0,0,0,0,1,,Avenida,,ROSARIO,Rosario,Asfalto,S/D,II,S/D,Urbana,S/D,S/D,Intersección,S/D,S/D,S/D,S/D,S/D,S/D,S/D,S/D,S/D,S/D,S/D,POINT (-60.7123341 -32.94672514999999),"['Pampa', 'Avenida Provincias Unidas']",2,Pampa; Avenida Provincias Unidas,-32.94672514999999,-60.7123341,55.0,538.0,Municipio Rosario,Municipio,Rosario,820210,Servicio de Catastro e Información Territorial,IGN
2014,517,2014-01-18,Sabado,0.0,05:10:00,,0.0,2,"Automóvil,Automóvil",Rioja Y Bv. Avellaneda,3,2,0,0,1,0,0,,Calle,,ROSARIO,Rosario,Asfalto,S/D,II,S/D,Urbana,S/D,S/D,Intersección,S/D,S/D,Nocturna,S/D,S/D,S/D,Colisión,S/D,S/D,S/D,S/D,POINT (-60.679463549999994 -32.940277300000005),"['Rioja', 'Avellaneda']",2,Rioja; Bulevar Nicolás Avellaneda,-32.940277300000005,-60.67946355,55.0,538.0,Municipio Rosario,Municipio,Rosario,820210,Servicio de Catastro e Información Territorial,IGN
2014,518,2014-01-03,Viernes,0.0,,,0.0,2,"Automóvil,Automóvil",Molina Y Baigorria,4,2,0,0,2,0,0,,Calle,,ROSARIO,Rosario,Asfalto,No existe,II,Dentro,Urbana,Ninguna,No existe,Intersección,Bueno,Buena,S/D,Buen Tiempo,Lateral,S/D,Colisión,Otro,Faltante,Ninguna,Sin restricción,POINT (-60.704748900000006 -32.8937796),"['Molina', 'Baigorria']",2,Molina; Baigorria,-32.8937796,-60.704748900000006,55.0,538.0,Municipio Rosario,Municipio,Rosario,820210,Servicio de Catastro e Información Territorial,IGN
2014,519,2014-01-20,Lunes,0.0,14:30:00,,0.0,2,"Moto/Ciclomotor,Pickup/Utilitario",San Juan Y Pueyrredon,2,1,0,0,1,0,0,,Calle,,ROSARIO,Rosario,Asfalto,S/D,II,S/D,Urbana,S/D,S/D,Intersección,S/D,S/D,S/D,S/D,S/D,S/D,S/D,S/D,S/D,S/D,S/D,POINT (-60.6583043 -32.94672330000001),"['San Juan', 'Pueyrredón']",2,San Juan; Pueyrredón,-32.94672330000001,-60.6583043,55.0,538.0,Municipio Rosario,Municipio,Rosario,820210,Servicio de Catastro e Información Territorial,IGN
2014,520,2014-01-17,Viernes,0.0,11:00:00,,0.0,2,"Automóvil,Automóvil",San Juan Y Rio De Janeiro,2,1,0,0,1,0,0,,Calle,,ROSARIO,Rosario,Asfalto,S/D,II,Dentro,Urbana,S/D,S/D,Intersección,S/D,S/D,Diurna,S/D,S/D,S/D,S/D,S/D,S/D,S/D,S/D,POINT (-60.6814488 -32.942599),"['San Juan', 'Río de Janeiro']",2,San Juan; Río de Janeiro,-32.942599,-60.6814488,55.0,538.0,Municipio Rosario,Municipio,Rosario,820210,Servicio de Catastro e Información Territorial,IGN
2014,521,2014-01-17,Viernes,0.0,08:30:00,,0.0,2,"Automóvil,Moto/Ciclomotor",Castellanos Y Montevideo,3,1,0,0,2,0,0,,Calle,,ROSARIO,Rosario,Asfalto,S/D,II,S/D,Urbana,S/D,S/D,Intersección,S/D,S/D,Diurna,S/D,S/D,S/D,Colisión,S/D,S/D,S/D,S/D,POINT (-60.67753410000001 -32.9495461),"['Aaron Castellanos', 'Montevideo']",2,Aaron Castellanos; Montevideo,-32.9495461,-60.67753410000001,55.0,538.0,Municipio Rosario,Municipio,Rosario,820210,Servicio de Catastro e Información Territorial,IGN
2014,522,2014-01-22,Miercoles,0.0,11:00:00,,0.0,2,"Automóvil,Automóvil",E.Zeballos Y Constitucion,2,1,0,0,1,0,0,,Calle,,ROSARIO,Rosario,Asfalto,S/D,II,S/D,Urbana,S/D,S/D,Intersección,S/D,S/D,S/D,S/D,S/D,S/D,S/D,S/D,S/D,S/D,S/D,POINT (-60.6758432 -32.9486251),"['Zeballos', 'Constitución']",2,Zeballos; Constitución,-32.9486251,-60.6758432,55.0,538.0,Municipio Rosario,Municipio,Rosario,820210,Servicio de Catastro e Información Territorial,IGN
2014,524,2014-01-15,Miercoles,0.0,09:55:00,,0.0,1,Pickup/Utilitario,San Juan Y Suipacha,1,0,0,0,0,0,1,,Calle,,ROSARIO,Rosario,Asfalto,S/D,II,S/D,Urbana,S/D,S/D,Intersección,S/D,S/D,S/D,S/D,S/D,S/D,S/D,S/D,S/D,S/D,S/D,POINT (-60.6651091 -32.94550539999999),"['San Juan', 'Suipacha']",2,San Juan; Suipacha,-32.94550539999999,-60.6651091,55.0,538.0,Municipio Rosario,Municipio,Rosario,820210,Servicio de Catastro e Información Territorial,IGN
2014,525,2014-01-20,Lunes,0.0,12:30:00,,0.0,2,"Automóvil,Automóvil",Bv. Avellaneda 1000,5,0,0,0,0,0,5,,Avenida,,ROSARIO,Rosario,Asfalto,S/D,II,S/D,Urbana,S/D,S/D,Recta,S/D,S/D,S/D,S/D,S/D,S/D,S/D,S/D,S/D,S/D,S/D,"-32.9416052, -60.6799569",['Avellaneda 1000'],1,Avellaneda 1000,-32.9416052,-60.6799569,55.0,538.0,Municipio Rosario,Municipio,Rosario,820210,Servicio de Catastro e Información Territorial,IGN
2014,526,2014-01-12,Domingo,0.0,19:00:00,,0.0,2,"Moto/Ciclomotor,Moto/Ciclomotor",Mendoza Y San Nicolas,3,3,0,0,0,0,0,,Calle,,ROSARIO,Rosario,Asfalto,S/D,II,S/D,Urbana,S/D,S/D,Intersección,S/D,S/D,Atardecer,S/D,S/D,S/D,Colisión,S/D,S/D,S/D,S/D,POINT (-60.673616 -32.945460800000006),"['Mendoza', 'San Nicolás']",2,Mendoza; San Nicolás,-32.945460800000006,-60.673616,55.0,538.0,Municipio Rosario,Municipio,Rosario,820210,Servicio de Catastro e Información Territorial,IGN
2014,528,2014-01-05,Domingo,0.0,16:00:00,,0.0,2,"Moto/Ciclomotor,Automóvil",San Juan Y Iriondo,3,2,0,0,1,0,0,,Calle,,ROSARIO,Rosario,Asfalto,S/D,II,Dentro,Urbana,S/D,S/D,Intersección,S/D,S/D,Diurna,S/D,S/D,S/D,S/D,S/D,S/D,S/D,S/D,POINT (-60.6705496 -32.94453),"['San Juan', 'Iriondo']",2,San Juan; Iriondo,-32.94453,-60.6705496,55.0,538.0,Municipio Rosario,Municipio,Rosario,820210,Servicio de Catastro e Información Territorial,IGN
2014,529,2014-01-10,Viernes,0.0,08:15:00,,0.0,2,"Moto/Ciclomotor,Automóvil",Av. Pellegrini Y Pje. Daract,2,1,0,0,1,0,0,,Calle,,ROSARIO,Rosario,Asfalto,S/D,II,S/D,Urbana,S/D,S/D,Intersección,S/D,S/D,Diurna,S/D,S/D,S/D,Colisión,S/D,S/D,S/D,S/D,POINT (-60.68799239999999 -32.948890599999984),"['Pellegrini', 'Daract']",2,Avenida Carlos Pellegrini; Pasaje Daract,-32.948890599999984,-60.68799239999999,55.0,538.0,Municipio Rosario,Municipio,Rosario,820210,Servicio de Catastro e Información Territorial,IGN
2014,530,2014-01-09,Jueves,0.0,10:00:00,,0.0,2,"Moto/Ciclomotor,Automóvil",Constitucion Y E.Zeballos,2,1,0,0,1,0,0,,Calle,,ROSARIO,Rosario,Asfalto,S/D,II,S/D,Urbana,S/D,S/D,Intersección,S/D,S/D,Diurna,S/D,S/D,S/D,Colisión,S/D,S/D,S/D,S/D,POINT (-60.6758432 -32.9486251),"['Constitución', 'Zeballos']",2,Constitución; Zeballos,-32.9486251,-60.6758432,55.0,538.0,Municipio Rosario,Municipio,Rosario,820210,Servicio de Catastro e Información Territorial,IGN
2014,532,2014-01-07,Martes,0.0,07:45:00,,0.0,2,"Automóvil,Automóvil",Av. Pellegrini 3700,2,1,0,0,1,0,0,,Calle,,ROSARIO,Rosario,Asfalto,S/D,II,Dentro,Urbana,S/D,S/D,Recta,S/D,S/D,Diurna,S/D,S/D,S/D,S/D,S/D,S/D,S/D,S/D,"-32.9508498, -60.676236",['Pellegrini 3700'],1,Pellegrini 3700,-32.9508498,-60.676236,55.0,538.0,Municipio Rosario,Municipio,Rosario,820210,Servicio de Catastro e Información Territorial,IGN
2014,534,2014-01-07,Martes,0.0,11:15:00,,0.0,2,"Automóvil,Pickup/Utilitario",Av. Avellaneda B Y 9 De Julio,3,1,0,0,2,0,0,,Calle,,ROSARIO,Rosario,Asfalto,S/D,II,Dentro,Urbana,S/D,S/D,Intersección,S/D,S/D,Diurna,S/D,S/D,S/D,S/D,S/D,S/D,S/D,S/D,POINT (-60.680971 -32.946485599999995),"['Avellaneda', '9 de Julio']",2,Bulevar Nicolás Avellaneda; 9 de Julio,-32.946485599999995,-60.680971,55.0,538.0,Municipio Rosario,Municipio,Rosario,820210,Servicio de Catastro e Información Territorial,IGN
2014,535,2014-01-09,Jueves,0.0,19:30:00,,0.0,2,"Peatón,Automóvil",Av. Pellegrini Y Callao,2,1,0,0,1,0,0,,Calle,,ROSARIO,Rosario,Asfalto,S/D,II,S/D,Urbana,S/D,S/D,Intersección,S/D,S/D,Atardecer,Buen Tiempo,S/D,S/D,Atropello,S/D,S/D,S/D,S/D,POINT (-60.66283325 -32.95334939999999),"['Pellegrini', 'Callao']",2,Avenida Carlos Pellegrini; Callao,-32.95334939999999,-60.66283325,55.0,538.0,Municipio Rosario,Municipio,Rosario,820210,Servicio de Catastro e Información Territorial,IGN
2014,536,2014-01-05,Domingo,0.0,,,0.0,2,"Moto/Ciclomotor,Automóvil",San Luis Y Alsina,3,2,0,0,1,0,0,,S/D,,ROSARIO,Rosario,Asfalto,S/D,II,S/D,S/D,S/D,S/D,Intersección,S/D,S/D,S/D,S/D,S/D,S/D,S/D,S/D,S/D,S/D,S/D,POINT (-60.67705600000001 -32.9422069),"['San Luis', 'Alsina']",2,San Luis; Alsina,-32.9422069,-60.67705600000001,55.0,538.0,Municipio Rosario,Municipio,Rosario,820210,Servicio de Catastro e Información Territorial,IGN
2014,537,2014-01-07,Martes,0.0,11:00:00,,0.0,2,"Moto/Ciclomotor,Automóvil",Av. Eva Peron Y Sanchez de Loria,2,1,0,0,1,0,0,,Avenida,,ROSARIO,Rosario,Asfalto,No existe,II,Dentro,Urbana,Ninguna,Funciona,Recta,Bueno,Buena,Diurna,S/D,Frontal,S/D,Colisión,S/D,Vertical,Barrera de hormigón,S/D,POINT (-60.73211405 -32.9295609),"['Avenida Eva Perón', 'Sánchez de Loria']",2,Avenida Eva Perón; Sánchez de Loria,-32.9295609,-60.73211405,55.0,538.0,Municipio Rosario,Municipio,Rosario,820210,Servicio de Catastro e Información Territorial,IGN
2014,538,2014-01-06,Lunes,0.0,,,0.0,2,"Moto/Ciclomotor,Otros",Constitucion Y E.Zeballos,2,0,1,0,0,0,1,,Calle,,ROSARIO,Rosario,Asfalto,S/D,II,Dentro,Urbana,S/D,S/D,Intersección,S/D,S/D,S/D,S/D,S/D,S/D,S/D,S/D,S/D,S/D,S/D,POINT (-60.6758432 -32.9486251),"['Constitución', 'Zeballos']",2,Constitución; Zeballos,-32.9486251,-60.6758432,55.0,538.0,Municipio Rosario,Municipio,Rosario,820210,Servicio de Catastro e Información Territorial,IGN
2014,539,2014-01-12,Domingo,0.0,08:50:00,,0.0,2,"Moto/Ciclomotor,Otros",Cordoba Y Av. Francia,2,1,0,0,0,0,1,,Calle,,ROSARIO,Rosario,Asfalto,S/D,II,S/D,Urbana,S/D,S/D,Intersección,S/D,S/D,Diurna,S/D,S/D,S/D,Colisión,S/D,S/D,S/D,S/D,POINT (-60.6655272 -32.94154475),"['Córdoba', 'Avenida Francia']",2,Córdoba; Avenida Francia,-32.94154475,-60.6655272,55.0,538.0,Municipio Rosario,Municipio,Rosario,820210,Servicio de Catastro e Información Territorial,IGN
2014,540,2014-01-08,Miercoles,0.0,11:45:00,,0.0,2,"Moto/Ciclomotor,Automóvil",Av. Eva Peron 9000,2,1,0,0,1,0,0,,Calle,,ROSARIO,Rosario,Asfalto,No existe,II,Dentro,Urbana,Ninguna,No existe,Recta,Bueno,S/D,Diurna,S/D,Frontal,S/D,Colisión,S/D,Horizontal,Barrera de hormigón,S/D,"-32.9255653, -60.7593676",['Eva Peron 9000'],1,Eva Peron 9000,-32.9255653,-60.7593676,55.0,538.0,Municipio Rosario,Municipio,Rosario,820210,Servicio de Catastro e Información Territorial,IGN
2014,541,2014-01-06,Lunes,0.0,17:15:00,,0.0,2,"Automóvil,Automóvil",Montevideo Y Suipacha,3,0,0,0,0,0,3,,Calle,,ROSARIO,Rosario,Asfalto,S/D,II,Dentro,Urbana,S/D,S/D,Intersección,S/D,S/D,S/D,S/D,S/D,S/D,S/D,S/D,S/D,S/D,S/D,POINT (-60.666596600000005 -32.95149549999999),"['Montevideo', 'Suipacha']",2,Montevideo; Suipacha,-32.95149549999999,-60.666596600000005,55.0,538.0,Municipio Rosario,Municipio,Rosario,820210,Servicio de Catastro e Información Territorial,IGN
2014,542,2014-01-11,Sabado,0.0,11:50:00,,0.0,2,"Automóvil,Moto/Ciclomotor",San Juan Y Crespo,2,1,0,0,1,0,0,,Calle,,ROSARIO,Rosario,Asfalto,S/D,II,S/D,Urbana,S/D,S/D,Intersección,S/D,S/D,S/D,S/D,S/D,S/D,Colisión,S/D,S/D,S/D,S/D,POINT (-60.6691479 -32.944778299999996),"['San Juan', 'Crespo']",2,San Juan; Crespo,-32.9447783,-60.6691479,55.0,538.0,Municipio Rosario,Municipio,Rosario,820210,Servicio de Catastro e Información Territorial,IGN
2014,543,2014-01-12,Domingo,0.0,23:45:00,,0.0,2,"Moto/Ciclomotor,Automóvil",J.J.Paso Y J.Colombres,2,1,0,0,1,0,0,,Calle,,ROSARIO,Rosario,Asfalto,No existe,II,Dentro,Urbana,Ninguna,No existe,Recta,Con baches,S/D,Nocturna,S/D,Frontal,S/D,Colisión,S/D,Horizontal,Ninguna,Sin restricción,POINT (-60.7301755 -32.92071824999999),"['Paso', 'José Colombres']",2,Avenida Juan José Paso; José Colombres,-32.92071824999999,-60.7301755,55.0,538.0,Municipio Rosario,Municipio,Rosario,820210,Servicio de Catastro e Información Territorial,IGN
2014,544,2014-01-04,Sabado,0.0,10:30:00,,0.0,2,"Automóvil,Peatón",Santa Fe Y Rodriguez,2,0,1,0,1,0,0,,Calle,,ROSARIO,Rosario,Asfalto,S/D,II,S/D,Urbana,S/D,S/D,Intersección,S/D,S/D,Diurna,Buen Tiempo,S/D,S/D,Atropello,S/D,S/D,S/D,S/D,POINT (-60.6583799 -32.9414046),"['Santa Fe', 'Rodríguez']",2,Santa Fe; Rodríguez de Escobedo,-32.9414046,-60.6583799,55.0,538.0,Municipio Rosario,Municipio,Rosario,820210,Servicio de Catastro e Información Territorial,IGN
2014,545,2014-01-15,Miercoles,0.0,,,0.0,2,"Moto/Ciclomotor,Otros",Av. Eva Peron Y Rodo,2,1,0,0,1,0,0,,Calle,,ROSARIO,Rosario,Asfalto,S/D,II,Dentro,Urbana,Ninguna,No existe,Recta,Bueno,S/D,S/D,S/D,Frontal,S/D,Colisión,S/D,Horizontal,Ninguna,Sin restricción,POINT (-60.72619725 -32.930618249999995),"['Avenida Eva Perón', 'Rodó']",2,Avenida Eva Perón; Rodó,-32.930618249999995,-60.72619725,55.0,538.0,Municipio Rosario,Municipio,Rosario,820210,Servicio de Catastro e Información Territorial,IGN
2014,546,2014-01-03,Viernes,0.0,08:30:00,,0.0,2,"Bicicleta,Automóvil",3 De Febrero 4600,2,1,0,0,1,0,0,,Calle,,ROSARIO,Rosario,Asfalto,S/D,II,S/D,Urbana,S/D,S/D,Recta,S/D,S/D,Diurna,S/D,S/D,S/D,Atropello,S/D,S/D,S/D,S/D,"-32.9442258, -60.6872881",['3 De Febrero 4600'],1,3 De Febrero 4600,-32.9442258,-60.6872881,55.0,538.0,Municipio Rosario,Municipio,Rosario,820210,Servicio de Catastro e Información Territorial,IGN
2014,547,2014-01-03,Viernes,0.0,09:30:00,,0.0,2,"Moto/Ciclomotor,Pickup/Utilitario",San Nicolas 1300,2,1,0,0,1,0,0,,Calle,,ROSARIO,Rosario,Asfalto,S/D,II,S/D,Urbana,S/D,S/D,Recta,S/D,S/D,S/D,S/D,S/D,S/D,Colisión,S/D,S/D,S/D,S/D,"-32.9465454, -60.6739589",['San Nicolas 1300'],1,San Nicolas 1300,-32.9465454,-60.6739589,55.0,538.0,Municipio Rosario,Municipio,Rosario,820210,Servicio de Catastro e Información Territorial,IGN
2014,548,2014-01-13,Lunes,0.0,,,0.0,2,"Moto/Ciclomotor,Automóvil",Av. Provincias Unidas Y Junin,2,1,0,0,1,0,0,,Avenida,,ROSARIO,Rosario,Asfalto,S/D,II,Dentro,Urbana,Semáforo,Funciona,Recta,Bueno,S/D,S/D,S/D,Frontal,S/D,Colisión,S/D,Horizontal,Barrera de hormigón,Sin restricción,POINT (-60.71317195 -32.92757884999999),"['Avenida Provincias Unidas', 'Junín']",2,Avenida Provincias Unidas; Junín,-32.92757884999999,-60.71317195,55.0,538.0,Municipio Rosario,Municipio,Rosario,820210,Servicio de Catastro e Información Territorial,IGN
2014,549,2014-01-03,Viernes,0.0,15:00:00,,0.0,2,"Moto/Ciclomotor,Pickup/Utilitario",Mendoza Y Vera Mujica,2,0,0,0,0,0,2,,Calle,,ROSARIO,Rosario,Asfalto,S/D,II,S/D,Urbana,S/D,S/D,Intersección,S/D,S/D,S/D,S/D,S/D,S/D,S/D,S/D,S/D,S/D,S/D,POINT (-60.66819559999999 -32.946412599999995),"['Mendoza', 'Vera Mujíca']",2,Mendoza; Vera Mujíca,-32.946412599999995,-60.66819559999999,55.0,538.0,Municipio Rosario,Municipio,Rosario,820210,Servicio de Catastro e Información Territorial,IGN
2014,550,2014-01-10,Viernes,0.0,18:10:00,,0.0,2,"Automóvil,Moto/Ciclomotor",9 De Julio Y Pueyrredon,2,0,0,0,0,0,2,,Calle,,ROSARIO,Rosario,Asfalto,S/D,II,S/D,Urbana,S/D,S/D,Intersección,S/D,S/D,Diurna,S/D,S/D,S/D,Colisión,S/D,S/D,S/D,S/D,POINT (-60.65923800000001 -32.95042960000001),"['9 de Julio', 'Pueyrredón']",2,9 de Julio; Pueyrredón,-32.95042960000001,-60.65923800000001,55.0,538.0,Municipio Rosario,Municipio,Rosario,820210,Servicio de Catastro e Información Territorial,IGN
2014,551,2014-01-15,Miercoles,0.0,20:10:00,,0.0,2,"Moto/Ciclomotor,Pickup/Utilitario",Casilda Y Nicaragua,3,1,1,0,1,0,0,,Calle,,ROSARIO,Rosario,Asfalto,No existe,II,Dentro,Urbana,Ninguna,No existe,Recta,Deteriorada,S/D,Atardecer,S/D,Frontal,S/D,Colisión,S/D,S/D,Ninguna,Sin restricción,POINT (-60.72121330000001 -32.92969800000001),"['Casilda', 'Nicaragua']",2,Casilda; Nicaragua,-32.92969800000001,-60.72121330000001,55.0,538.0,Municipio Rosario,Municipio,Rosario,820210,Servicio de Catastro e Información Territorial,IGN
2014,552,2014-01-02,Jueves,0.0,11:30:00,,0.0,2,"Automóvil,Moto/Ciclomotor",Camilo Aldao Y French,3,2,0,0,1,0,0,,Calle,,ROSARIO,Rosario,Asfalto,No existe,II,Dentro,Urbana,Ninguna,No existe,Intersección,S/D,S/D,Diurna,S/D,Lateral,S/D,Colisión,S/D,Faltante,Ninguna,Sin restricción,POINT (-60.6966829 -32.92136919999999),"['Camilo Aldao', 'French']",2,Camilo Aldao; Domingo French,-32.92136919999999,-60.6966829,55.0,538.0,Municipio Rosario,Municipio,Rosario,820210,Servicio de Catastro e Información Territorial,IGN
2014,553,2014-01-05,Domingo,0.0,14:00:00,,0.0,2,"Automóvil,Moto/Ciclomotor",Navarro Y Magallanes,3,2,0,0,1,0,0,,Calle,,ROSARIO,Rosario,Asfalto,S/D,II,Dentro,Urbana,Ninguna,S/D,Intersección,S/D,S/D,Diurna,S/D,Lateral,S/D,Colisión,S/D,Faltante,Ninguna,Sin restricción,POINT (-60.7049164 -32.931294099999995),"['Navarro', 'Magallanes']",2,Navarro; Magallanes,-32.931294099999995,-60.7049164,55.0,538.0,Municipio Rosario,Municipio,Rosario,820210,Servicio de Catastro e Información Territorial,IGN
2014,555,2014-01-11,Sabado,0.0,,,0.0,2,"Moto/Ciclomotor,Bicicleta",Av. Avellaneda B Y Santa Fe,2,1,0,0,1,0,0,,Calle,,ROSARIO,Rosario,S/D,No existe,II,S/D,Urbana,Ninguna,No existe,Intersección,S/D,S/D,S/D,S/D,Lateral,S/D,Colisión,S/D,Faltante,S/D,Sin restricción,POINT (-60.678825950000004 -32.937741700000004),"['Avellaneda', 'Santa Fe']",2,Bulevar Nicolás Avellaneda; Santa Fe,-32.937741700000004,-60.67882595,55.0,538.0,Municipio Rosario,Municipio,Rosario,820210,Servicio de Catastro e Información Territorial,IGN
2014,563,2014-01-01,Miercoles,0.0,19:55:00,,0.0,2,"Moto/Ciclomotor,Automóvil",Av. Jorge Newbery Y Donado,5,5,0,0,0,0,0,,Avenida,,ROSARIO,Rosario,Asfalto,No existe,II,S/D,Urbana,S/D,No existe,Recta,S/D,S/D,S/D,S/D,S/D,S/D,S/D,S/D,S/D,S/D,S/D,POINT (-60.728404966666666 -32.908371466666665),"['Jorge Newbery', 'Donado']",2,Avenida Jorge Newbery; José Agustín Donado,-32.908371466666665,-60.728404966666666,55.0,538.0,Municipio Rosario,Municipio,Rosario,820210,Servicio de Catastro e Información Territorial,IGN
2014,570,2014-01-08,Miercoles,0.0,19:20:00,,0.0,1,Moto/Ciclomotor,Av. Circunvalacion Y Mendoza,1,1,0,0,0,0,0,,Calle,,ROSARIO,Rosario,Asfalto,No existe,II,Dentro,Urbana,Ninguna,No existe,Intersección,Bueno,Buena,Nocturna,Buen Tiempo,S/D,S/D,Caída ocupante,S/D,S/D,Guardarrail,Sin restricción,POINT (-60.72253500134355 -32.94050844672854),"['Circunvalacion', 'Mendoza']",2,Avenida de Circunvalación 25 de Mayo; Mendoza,-32.94050844672854,-60.72253500134355,55.0,538.0,Municipio Rosario,Municipio,Rosario,820210,Servicio de Catastro e Información Territorial,IGN
2014,572,2014-01-05,Domingo,0.0,20:45:00,,0.0,2,"Moto/Ciclomotor,Automóvil",Av. Jorge Newbery Y Donado,2,1,0,0,1,0,0,,Avenida,,ROSARIO,Rosario,Asfalto,Pavimento,II,S/D,S/D,S/D,No existe,Intersección,S/D,S/D,Nocturna,S/D,S/D,S/D,S/D,S/D,S/D,S/D,S/D,POINT (-60.728404966666666 -32.908371466666665),"['Jorge Newbery', 'Donado']",2,Avenida Jorge Newbery; José Agustín Donado,-32.908371466666665,-60.728404966666666,55.0,538.0,Municipio Rosario,Municipio,Rosario,820210,Servicio de Catastro e Información Territorial,IGN
2014,574,2014-01-02,Jueves,0.0,22:15:00,,0.0,2,"Moto/Ciclomotor,Automóvil",San Martin Y Av. Circunvalacion,2,1,0,0,1,0,0,,Avenida,,ROSARIO,Rosario,Asfalto,No existe,II,Dentro,Urbana,Ninguna,No existe,Recta,Bueno,Buena,Nocturna,Buen Tiempo,Lateral,S/D,Colisión,Otro,Faltante,Ninguna,Sin restricción,POINT (-60.64178307863883 -33.0158888269654),"['San Martin', 'Circunvalacion']",2,José de San Martín; Avenida de Circunvalación 25 de Mayo,-33.0158888269654,-60.64178307863883,55.0,538.0,Municipio Rosario,Municipio,Rosario,820210,Servicio de Catastro e Información Territorial,IGN
2014,575,2014-01-13,Lunes,0.0,,,0.0,2,"Moto/Ciclomotor,Automóvil",J.B.Justo Y Gonzalez del Solar,3,1,0,0,2,0,0,,Calle,,ROSARIO,Rosario,Asfalto,No existe,II,Dentro,Urbana,S/D,No existe,Intersección,S/D,S/D,S/D,S/D,S/D,S/D,S/D,S/D,S/D,S/D,S/D,POINT (-60.736657 -32.9340887),"['Justo', 'González del Solar']",2,"('Justo José de Urquiza', 'González del Solar')",-32.9340887,-60.736657,55.0,538.0,Municipio Rosario,Municipio,Rosario,820210,Servicio de Catastro e Información Territorial,IGN
2014,577,2014-01-03,Viernes,0.0,08:10:00,,0.0,2,"Moto/Ciclomotor,Camión",MENDOZA Y JUAN PABLO II,2,1,0,0,1,0,0,,Calle,,ROSARIO,Rosario,Asfalto,No existe,II,Dentro,Urbana,Semáforo,Funciona,Intersección,Bueno,Buena,"Nocturna,Con luz artificial",Buen Tiempo,Lateral,S/D,Colisión,S/D,S/D,Cordón divisorio,Sin restricción,POINT (-60.72178340000001 -32.94048439999999),"['Mendoza', 'Juan Pablo II']",2,Mendoza; Colectora Juan Pablo II,-32.94048439999999,-60.72178340000001,55.0,538.0,Municipio Rosario,Municipio,Rosario,820210,Servicio de Catastro e Información Territorial,IGN