anio_acci,nro_acci,fecha,desc_dia,fecha_aprox,hora_aprox,desc_ruta,km,cant_participantes,desc_participante,calle_avenida_km,total,heridos_leves,heridos_graves,heridos_gravisimos,ilesos,fallecidos,sin_datos,posicion_XY,desc_tipo_via,desc_ruta_ori,desc_loc,desc_dpto,desc_tipo_calzada,desc_tipo_banquina,desc_unidad_regional,desc_lugar_calzada,desc_zona,desc_prioridad,desc_estado_semaforo,desc_lugar_via,desc_estado_via,desc_estado_visibilidad,desc_luminosidad,desc_estado_clima,desc_tipo_colision,desc_tipo_atropello,desc_tipo_hecho,desc_pres_calzada,desc_senializacion,desc_separacion_via,desc_restriccion,forma_geocod,calle_lista,numero_calles,calles_osm,lat,lon,index_right,gid,fna,gna,nam,in1,fdc,sag
2014,580,2014-01-03,Viernes,0.0,13:30:00,,0.0,2,"Moto/Ciclomotor,Automóvil",Santiago Y Jujuy,2,1,0,0,0,0,1,,Calle,,ROSARIO,Rosario,Asfalto,S/D,II,Dentro,Urbana,Ninguna,No existe,Intersección,Bueno,Buena,Diurna,Buen Tiempo,Lateral,S/D,Colisión,S/D,Faltante,Ninguna,Sin restricción,POINT (-60.65392260000001 -32.9350458),"['Santiago', 'Jujuy']",2,Santiago; Jujuy,-32.9350458,-60.65392260000001,55.0,538.0,Municipio Rosario,Municipio,Rosario,820210,Servicio de Catastro e Información Territorial,IGN
2014,582,2014-01-10,Viernes,0.0,13:30:00,,0.0,2,"Pickup/Utilitario,Moto/Ciclomotor",Casiano Casas Y Esquivel,2,1,0,0,1,0,0,,Calle,,ROSARIO,Rosario,Asfalto,No existe,II,S/D,Urbana,Semáforo,Funciona,Intersección,Bueno,Buena,Diurna,Buen Tiempo,Lateral,S/D,Colisión,S/D,Vertical,Ninguna,Sin restricción,POINT (-60.70527853333334 -32.901184433333334),"['Avenida Casiano Casas', 'Esquivel']",2,Avenida Casiano Casas; Esquivel,-32.901184433333334,-60.70527853333334,55.0,538.0,Municipio Rosario,Municipio,Rosario,820210,Servicio de Catastro e Información Territorial,IGN
2014,584,2014-01-02,Jueves,0.0,04:45:00,,0.0,2,"Moto/Ciclomotor,Taxi/Remis",Urquiza Y Balcarce,2,1,0,0,1,0,0,,Calle,,ROSARIO,Rosario,Asfalto,S/D,II,Dentro,Urbana,Ninguna,No existe,Intersección,Bueno,Buena,"Diurna,Con luz artificial",Buen Tiempo,Frontal,S/D,Colisión,S/D,S/D,S/D,Sin restricción,POINT (-60.6510554 -32.94048039999999),"['Urquiza', 'Balcarce']",2,"('Justo José de Urquiza', 'Balcarce')",-32.94048039999999,-60.6510554,55.0,538.0,Municipio Rosario,Municipio,Rosario,820210,Servicio de Catastro e Información Territorial,IGN
2014,593,2014-01-06,Lunes,0.0,20:30:00,,0.0,2,"Moto/Ciclomotor,Automóvil",Angel Carranza Y Derqui,6,5,0,0,1,0,0,,S/D,,ROSARIO,Rosario,Asfalto,No existe,II,S/D,Urbana,Ninguna,No existe,Intersección,Bueno,Buena,"Nocturna,Con luz artificial",Buen Tiempo,Lateral,S/D,Colisión,Ninguna,S/D,Ninguna,Sin restricción,POINT (-60.7286219 -32.9384743),"['Ángel Carranza', 'Derqui']",2,Ángel Carranza; Derqui,-32.9384743,-60.7286219,55.0,538.0,Municipio Rosario,Municipio,Rosario,820210,Servicio de Catastro e Información Territorial,IGN
2014,604,2014-01-05,Domingo,0.0,21:15:00,,0.0,2,"Automóvil,Moto/Ciclomotor",Mendoza 7500,5,1,0,0,4,0,0,,Avenida,,ROSARIO,Rosario,Asfalto,No existe,II,S/D,Urbana,Ninguna,No existe,Recta,Bueno,Buena,"Nocturna,Con luz artificial",Buen Tiempo,Lateral,S/D,Colisión,Ninguna,S/D,Cordón divisorio,Sin restricción,"-32.9404161, -60.7235199",['Mendoza 7500'],1,Mendoza 7500,-32.9404161,-60.7235199,55.0,538.0,Municipio Rosario,Municipio,Rosario,820210,Servicio de Catastro e Información Territorial,IGN
2014,606,2014-01-04,Sabado,0.0,15:15:00,,0.0,1,Transporte de Pasajeros Urbano (> 8 asientos),Palestina 2500,7,1,0,0,6,0,0,,Calle,,ROSARIO,Rosario,Asfalto,No existe,II,S/D,Urbana,Ninguna,No existe,Recta,Bueno,Buena,Diurna,Buen Tiempo,Contra objeto fijo,S/D,Colisión,Ninguna,Faltante,Ninguna,Sin restricción,"-32.8865187, -60.7181958",['Palestina 2500'],1,Palestina 2500,-32.8865187,-60.7181958,55.0,538.0,Municipio Rosario,Municipio,Rosario,820210,Servicio de Catastro e Información Territorial,IGN
2014,608,2014-01-06,Lunes,0.0,13:30:00,,0.0,2,"Automóvil,Moto/Ciclomotor",Av. Circunvalacion Y Pasco,4,3,0,0,1,0,0,,Calle,,ROSARIO,Rosario,Asfalto,No existe,II,S/D,Urbana,Ninguna,No existe,Recta,Bueno,Buena,Diurna,Buen Tiempo,S/D,S/D,Colisión,Ninguna,S/D,Guardarrail,Sin restricción,POINT (-60.7213901 -32.951208),"['Circunvalacion', 'Pasco']",2,"('Juan Pablo II', 'Pasco')",-32.951208,-60.7213901,55.0,538.0,Municipio Rosario,Municipio,Rosario,820210,Servicio de Catastro e Información Territorial,IGN
2014,612,2014-01-13,Lunes,0.0,07:05:00,,0.0,2,"Automóvil,Automóvil",Av. Belgrano Y Sgto Cabral,2,1,0,0,1,0,0,,Avenida,,ROSARIO,Rosario,Asfalto,No existe,II,Dentro,Urbana,S/D,Funciona,Intersección,S/D,Buena,Diurna,Buen Tiempo,Lateral,S/D,Colisión,S/D,Vertical,Cordón divisorio,Sin restricción,POINT (-60.63405088333334 -32.94321101666666),"['Belgrano', 'Sargento Cabral']",2,Avenida Manuel Belgrano; Sargento Cabral,-32.94321101666666,-60.63405088333334,55.0,538.0,Municipio Rosario,Municipio,Rosario,820210,Servicio de Catastro e Información Territorial,IGN
2014,614,2014-01-06,Lunes,0.0,16:00:00,,0.0,2,"Automóvil,Bicicleta",Derqui Y Av. Circunvalacion,2,1,0,0,1,0,0,,Calle,,ROSARIO,Rosario,Asfalto,No existe,II,S/D,Urbana,Señal Pare,No existe,Intersección,Bueno,Buena,Diurna,Buen Tiempo,S/D,S/D,Atropello,Ninguna,Vertical,Ninguna,Sin restricción,POINT (-60.72198360000001 -32.93829910000001),"['Derqui', 'Circunvalacion']",2,"('Derqui', 'Juan Pablo II')",-32.93829910000001,-60.72198360000001,55.0,538.0,Municipio Rosario,Municipio,Rosario,820210,Servicio de Catastro e Información Territorial,IGN
2014,617,2014-01-12,Domingo,0.0,09:30:00,,0.0,2,"Automóvil,Automóvil",Mariano Moreno Y Salta,3,1,0,0,2,0,0,,Calle,,ROSARIO,Rosario,Asfalto,No existe,II,Dentro,Urbana,Ninguna,No existe,Intersección,Bueno,Buena,Diurna,Buen Tiempo,Lateral,S/D,Colisión,S/D,Faltante,Ninguna,Sin restricción,POINT (-60.648842800000004 -32.937196199999995),"['Mariano Moreno', 'Salta']",2,Mariano Moreno; Salta,-32.937196199999995,-60.6488428,55.0,538.0,Municipio Rosario,Municipio,Rosario,820210,Servicio de Catastro e Información Territorial,IGN
2014,618,2014-01-12,Domingo,0.0,,,0.0,2,"Moto/Ciclomotor,Pickup/Utilitario",Av. Circunvalacion Y Mendoza,3,1,0,0,2,0,0,,Calle,,ROSARIO,Rosario,Asfalto,Natural,II,Dentro,Urbana,Semáforo,Funciona,Recta,Bueno,Buena,"Nocturna,Con luz artificial",Buen Tiempo,Otro,S/D,Colisión,Ninguna,S/D,Ninguna,Sin restricción,POINT (-60.72253500134355 -32.94050844672854),"['Circunvalacion', 'Mendoza']",2,Avenida de Circunvalación 25 de Mayo; Mendoza,-32.94050844672854,-60.72253500134355,55.0,538.0,Municipio Rosario,Municipio,Rosario,820210,Servicio de Catastro e Información Territorial,IGN
2014,620,2014-01-11,Sabado,0.0,01:25:00,,0.0,2,"Taxi/Remis,Automóvil",Bv. Oroño Y Catamarca,5,4,0,0,1,0,0,,Avenida,,ROSARIO,Rosario,Asfalto,No existe,II,Dentro,Urbana,Ninguna,No existe,Intersección,Bueno,Buena,"Nocturna,Con luz artificial",Buen Tiempo,Lateral,S/D,Colisión,S/D,Faltante,Ninguna,Sin restricción,POINT (-60.651806750000006 -32.9378818),"['Bulevar Nicasio Oroño', 'Catamarca']",2,Bulevar Nicasio Oroño; Catamarca,-32.9378818,-60.651806750000006,55.0,538.0,Municipio Rosario,Municipio,Rosario,820210,Servicio de Catastro e Información Territorial,IGN
2014,621,2014-01-13,Lunes,0.0,21:30:00,,0.0,2,"Moto/Ciclomotor,Moto/Ciclomotor",Donado Y Gustavo Cochet,2,2,0,0,0,0,0,,Calle,,ROSARIO,Rosario,Asfalto,Pavimento,II,S/D,Urbana,Ninguna,No existe,Recta,Bueno,Buena,"Nocturna,Con luz artificial",Buen Tiempo,Frontal,S/D,Colisión,Ninguna,S/D,Ninguna,Sin restricción,POINT (-60.72701020000001 -32.93988949999999),"['Donado', 'Gustavo Cochet']",2,José Agustín Donado; Gustavo Cochet,-32.93988949999999,-60.72701020000001,55.0,538.0,Municipio Rosario,Municipio,Rosario,820210,Servicio de Catastro e Información Territorial,IGN
2014,624,2014-01-11,Sabado,0.0,00:05:00,,0.0,2,"Automóvil,Automóvil",Bv. Oroño Y Catamarca,3,1,0,0,2,0,0,,Avenida,,ROSARIO,Rosario,Asfalto,No existe,II,Dentro,Urbana,Ninguna,No existe,Intersección,Bueno,Buena,"Nocturna,Con luz artificial",Buen Tiempo,De alcance,S/D,Colisión,S/D,Faltante,Ninguna,Sin restricción,POINT (-60.651806750000006 -32.9378818),"['Bulevar Nicasio Oroño', 'Catamarca']",2,Bulevar Nicasio Oroño; Catamarca,-32.9378818,-60.651806750000006,55.0,538.0,Municipio Rosario,Municipio,Rosario,820210,Servicio de Catastro e Información Territorial,IGN
2014,629,2014-01-08,Miercoles,0.0,18:15:00,,0.0,2,"Peatón,Taxi/Remis",Buenos Aires Y San Lorenzo,2,1,0,0,1,0,0,,Calle,,ROSARIO,Rosario,Asfalto,No existe,II,Dentro,Urbana,Ninguna,No existe,Recta,Bueno,Buena,Diurna,Buen Tiempo,S/D,S/D,Atropello,S/D,Faltante,Ninguna,Sin restricción,POINT (-60.6324389 -32.9463952),"['Buenos Aires', 'San Lorenzo']",2,Buenos Aires; San Lorenzo,-32.9463952,-60.6324389,55.0,538.0,Municipio Rosario,Municipio,Rosario,820210,Servicio de Catastro e Información Territorial,IGN
2014,632,2014-01-04,Sabado,0.0,19:35:00,,0.0,2,"Taxi/Remis,Moto/Ciclomotor",Tucuman Y Mariano Moreno,2,1,0,0,1,0,0,,Calle,,ROSARIO,Rosario,Asfalto,No existe,II,Dentro,Urbana,Ninguna,No existe,Intersección,Bueno,Buena,"Atardecer,Con luz artificial",Buen Tiempo,Lateral,S/D,Colisión,S/D,Faltante,Ninguna,Sin restricción,POINT (-60.64941760000001 -32.93956089999999),"['Tucumán', 'Mariano Moreno']",2,Tucumán; Mariano Moreno,-32.93956089999999,-60.64941760000001,55.0,538.0,Municipio Rosario,Municipio,Rosario,820210,Servicio de Catastro e Información Territorial,IGN
2014,636,2014-01-05,Domingo,0.0,07:00:00,,0.0,2,"Moto/Ciclomotor,Transporte de Pasajeros Larga Distancia (> 8 asientos)",San Lorenzo Y Mitre,3,2,0,0,1,0,0,,Calle,,ROSARIO,Rosario,Asfalto,No existe,II,Dentro,Urbana,Ninguna,No existe,Intersección,Bueno,Buena,"Diurna,Con luz artificial",Buen Tiempo,Frontal,S/D,Colisión,S/D,Faltante,Ninguna,Sin restricción,POINT (-60.6390063 -32.9438873),"['San Lorenzo', 'Mitre']",2,"('San Lorenzo', 'Bartolomé Mitre')",-32.9438873,-60.6390063,55.0,538.0,Municipio Rosario,Municipio,Rosario,820210,Servicio de Catastro e Información Territorial,IGN
2014,638,2014-01-10,Viernes,0.0,23:10:00,,0.0,2,"Moto/Ciclomotor,Pickup/Utilitario",Av. Wheelwright Y Italia,4,0,1,0,3,0,0,,Calle,,ROSARIO,Rosario,Asfalto,No existe,II,Dentro,Urbana,Ninguna,No existe,Intersección,Bueno,Buena,"Nocturna,Con luz artificial",Buen Tiempo,Lateral,S/D,Colisión,S/D,Faltante,Ninguna,Sin restricción,POINT (-60.64530140000001 -32.9343899),"['Avenida Guillermo Wheelwright', 'Italia']",2,Avenida Guillermo Wheelwright; Italia,-32.9343899,-60.64530140000001,55.0,538.0,Municipio Rosario,Municipio,Rosario,820210,Servicio de Catastro e Información Territorial,IGN
2014,653,2014-01-22,Miercoles,0.0,12:20:00,,0.0,2,"Automóvil,Moto/Ciclomotor",Bv. Oroño Y Urquiza,2,1,0,0,1,0,0,,Avenida,,ROSARIO,Rosario,Asfalto,No existe,II,Dentro,Urbana,Ninguna,No existe,Intersección,Bueno,Buena,"Diurna,Con luz artificial",Buen Tiempo,Lateral,S/D,Colisión,S/D,Faltante,Ninguna,Sin restricción,POINT (-60.652427200000005 -32.940226100000004),"['Bulevar Nicasio Oroño', 'Urquiza']",2,Bulevar Nicasio Oroño; Justo José de Urquiza,-32.940226100000004,-60.652427200000005,55.0,538.0,Municipio Rosario,Municipio,Rosario,820210,Servicio de Catastro e Información Territorial,IGN
2014,655,2014-01-22,Miercoles,0.0,18:25:00,,0.0,2,"Taxi/Remis,Automóvil",Tucuman Y Pte.Roca,2,1,0,0,1,0,0,,Calle,,ROSARIO,Rosario,Asfalto,No existe,II,Dentro,Urbana,Ninguna,No existe,Intersección,Bueno,Buena,Diurna,Buen Tiempo,De alcance,S/D,Colisión,S/D,Faltante,Ninguna,Sin restricción,POINT (-60.64392070000001 -32.9405554),"['Tucumán', 'Roca']",2,Tucumán; Presidente Roca,-32.9405554,-60.64392070000001,55.0,538.0,Municipio Rosario,Municipio,Rosario,820210,Servicio de Catastro e Información Territorial,IGN
2014,656,2014-01-17,Viernes,0.0,17:30:00,,0.0,2,"Automóvil,Moto/Ciclomotor",Buenos Aires Y Mendoza,2,1,0,0,1,0,0,,Calle,,ROSARIO,Rosario,Asfalto,S/D,II,Dentro,Urbana,S/D,S/D,Intersección,Bueno,S/D,Diurna,Buen Tiempo,Lateral,S/D,Colisión,S/D,S/D,S/D,S/D,POINT (-60.6339667 -32.952472600000014),"['Buenos Aires', 'Mendoza']",2,Buenos Aires; Mendoza,-32.952472600000014,-60.6339667,55.0,538.0,Municipio Rosario,Municipio,Rosario,820210,Servicio de Catastro e Información Territorial,IGN
2014,657,2014-01-14,Martes,0.0,14:30:00,,0.0,2,"Peatón,Automóvil",Av. Pellegrini Y San Martin,2,1,0,0,1,0,0,,Calle,,ROSARIO,Rosario,Asfalto,S/D,II,Dentro,Urbana,Semáforo,Funciona,Intersección,Bueno,Buena,Diurna,S/D,Otro,S/D,Atropello,S/D,Vertical,Cordón divisorio,Sin restricción,POINT (-60.68038573333334 -32.9696798),"['Pellegrini', 'San Martin']",2,Avenida Carlos Pellegrini; José de San Martín,-32.9696798,-60.68038573333334,55.0,538.0,Municipio Rosario,Municipio,Rosario,820210,Servicio de Catastro e Información Territorial,IGN
2014,659,2014-01-25,Sabado,0.0,17:30:00,,0.0,2,"Moto/Ciclomotor,Automóvil",Av. Provincias Unidas Y La Republica,2,1,0,0,1,0,0,,Calle,,ROSARIO,Rosario,Asfalto,No existe,II,Dentro,Urbana,Ninguna,No existe,Recta,Bueno,Buena,Diurna,Buen Tiempo,De alcance,S/D,Colisión,S/D,Horizontal,Ninguna,Sin restricción,POINT (-60.713721250000006 -32.9186124),"['Avenida Provincias Unidas', 'La República']",2,Avenida Provincias Unidas; La República,-32.9186124,-60.713721250000006,55.0,538.0,Municipio Rosario,Municipio,Rosario,820210,Servicio de Catastro e Información Territorial,IGN
2014,660,2014-01-09,Jueves,0.0,02:30:00,,0.0,2,"Moto/Ciclomotor,Automóvil",E.Zeballos Y España,3,2,0,0,1,0,0,,Calle,,ROSARIO,Rosario,Asfalto,S/D,II,S/D,Urbana,Semáforo,Funciona,Intersección,Bueno,Buena,"Nocturna,Con luz artificial",Buen Tiempo,Lateral,S/D,Colisión,S/D,Vertical,Cordón divisorio,Sin restricción,POINT (-60.6486408 -32.953520899999994),"['Zeballos', 'España']",2,Zeballos; España,-32.953520899999994,-60.6486408,55.0,538.0,Municipio Rosario,Municipio,Rosario,820210,Servicio de Catastro e Información Territorial,IGN
2014,661,2014-01-15,Miercoles,0.0,18:30:00,,0.0,2,"Automóvil,Peatón",España Y Rioja,2,1,0,0,1,0,0,,Calle,,ROSARIO,Rosario,Asfalto,S/D,II,Dentro,Urbana,Marca Vial,No existe,Intersección,Bueno,Buena,"Atardecer,Con luz artificial",Buen Tiempo,S/D,S/D,Atropello,S/D,Horizontal,Cordón divisorio,Sin restricción,POINT (-60.64678310000001 -32.9461326),"['España', 'Rioja']",2,España; Rioja,-32.9461326,-60.64678310000001,55.0,538.0,Municipio Rosario,Municipio,Rosario,820210,Servicio de Catastro e Información Territorial,IGN
2014,662,2014-01-31,Viernes,0.0,07:55:00,,0.0,2,"Pickup/Utilitario,Moto/Ciclomotor",Av. Provincias Unidas Y Schweitzer,2,1,0,0,1,0,0,,Calle,,ROSARIO,Rosario,Asfalto,No existe,II,Dentro,Urbana,Ninguna,No existe,Cruce,Bueno,Buena,Diurna,Buen Tiempo,Lateral,S/D,Colisión,S/D,S/D,S/D,Sin restricción,POINT (-60.713941950000006 -32.913199899999995),"['Avenida Provincias Unidas', 'Albert Schweitzer']",2,Avenida Provincias Unidas; Albert Schweitzer,-32.913199899999995,-60.713941950000006,55.0,538.0,Municipio Rosario,Municipio,Rosario,820210,Servicio de Catastro e Información Territorial,IGN
2014,663,2014-01-16,Jueves,0.0,17:45:00,,0.0,2,"Moto/Ciclomotor,Automóvil",Dorrego 1500,2,1,0,0,1,0,0,,Calle,,ROSARIO,Rosario,Asfalto,S/D,II,Dentro,Urbana,Ninguna,No existe,Recta,Con baches,Buena,"Diurna,Con luz artificial",Buen Tiempo,Frontal,S/D,Colisión,S/D,Faltante,Cordón divisorio,Sin restricción,"-32.9528554, -60.6513607",['Dorrego 1500'],1,Dorrego 1500,-32.9528554,-60.6513607,55.0,538.0,Municipio Rosario,Municipio,Rosario,820210,Servicio de Catastro e Información Territorial,IGN
2014,665,2014-01-13,Lunes,0.0,15:30:00,,0.0,2,"Pickup/Utilitario,Moto/Ciclomotor",Paraguay 700,2,1,0,0,1,0,0,,Calle,,ROSARIO,Rosario,Asfalto,S/D,II,Dentro,Urbana,Ninguna,No existe,Recta,Bueno,Buena,Diurna,Buen Tiempo,Frontal,S/D,Colisión,S/D,Faltante,Cordón divisorio,Sin restricción,"-32.9440223, -60.6434493",['Paraguay 700'],1,Paraguay 700,-32.9440223,-60.6434493,55.0,538.0,Municipio Rosario,Municipio,Rosario,820210,Servicio de Catastro e Información Territorial,IGN
2014,666,2014-01-24,Viernes,0.0,01:20:00,,0.0,2,"Moto/Ciclomotor,Automóvil",Av. Corrientes 900,2,1,0,0,1,0,0,,Calle,,ROSARIO,Rosario,Asfalto,S/D,II,Dentro,Urbana,Ninguna,No existe,Recta,Bueno,Buena,"Nocturna,Con luz artificial",Buen Tiempo,Frontal,S/D,Colisión,S/D,Faltante,Cordón divisorio,Sin restricción,"-32.9467976, -60.6426358",['Corrientes 900'],1,Corrientes 900,-32.9467976,-60.6426358,55.0,538.0,Municipio Rosario,Municipio,Rosario,820210,Servicio de Catastro e Información Territorial,IGN
2014,667,2014-01-13,Lunes,0.0,15:30:00,,0.0,2,"Automóvil,Moto/Ciclomotor",Sarmiento 1200,3,1,0,0,2,0,0,,Calle,,ROSARIO,Rosario,Asfalto,S/D,II,Dentro,Urbana,S/D,No existe,Recta,Bueno,Buena,Diurna,Buen Tiempo,Frontal,S/D,Colisión,S/D,Faltante,Cordón divisorio,Sin restricción,"-32.9514007, -60.639465",['Sarmiento 1200'],1,Sarmiento 1200,-32.9514007,-60.639465,55.0,538.0,Municipio Rosario,Municipio,Rosario,820210,Servicio de Catastro e Información Territorial,IGN
2014,668,2014-01-22,Miercoles,0.0,11:20:00,,0.0,2,"Automóvil,Automóvil",Montevideo 1800,4,1,0,0,3,0,0,,Calle,,ROSARIO,Rosario,Asfalto,S/D,II,Dentro,Urbana,Ninguna,No existe,Recta,Bueno,Buena,Diurna,Buen Tiempo,Frontal,S/D,Colisión,S/D,Faltante,Cordón divisorio,Sin restricción,"-32.9543737, -60.6502205",['Montevideo 1800'],1,Montevideo 1800,-32.9543737,-60.6502205,55.0,538.0,Municipio Rosario,Municipio,Rosario,820210,Servicio de Catastro e Información Territorial,IGN
2014,669,2014-01-22,Miercoles,0.0,18:30:00,,0.0,2,"Taxi/Remis,Automóvil",Buenos Aires Y Av. Battle y Ordoñez,2,1,0,0,1,0,0,,Avenida,,ROSARIO,Rosario,Asfalto,No existe,II,Dentro,Urbana,Marca Vial,No existe,Intersección,Bueno,Buena,Diurna,Buen Tiempo,Lateral,S/D,Colisión,Ninguna,Horizontal,Cordón divisorio,Sin restricción,POINT (-60.6446941 -33.00881379999999),"['Buenos Aires', 'Avenida Battle y Ordoñez']",2,Buenos Aires; Avenida Battle y Ordoñez,-33.00881379999999,-60.6446941,55.0,538.0,Municipio Rosario,Municipio,Rosario,820210,Servicio de Catastro e Información Territorial,IGN
2014,670,2014-01-04,Sabado,0.0,12:00:00,,0.0,2,"Automóvil,Moto/Ciclomotor",Mendoza 2000,2,1,0,0,1,0,0,,Calle,,ROSARIO,Rosario,Asfalto,S/D,II,Dentro,Urbana,Ninguna,No existe,Recta,Bueno,Buena,Diurna,Buen Tiempo,Frontal,S/D,Colisión,S/D,Faltante,Cordón divisorio,Sin restricción,"-32.9505432, -60.6450108",['Mendoza 2000'],1,Mendoza 2000,-32.9505432,-60.6450108,55.0,538.0,Municipio Rosario,Municipio,Rosario,820210,Servicio de Catastro e Información Territorial,IGN
2014,671,2014-01-22,Miercoles,0.0,11:30:00,,0.0,2,"Moto/Ciclomotor,Automóvil",Rui Barbosa Y Sadi Carnot,2,1,0,0,0,0,1,,Calle,,ROSARIO,Rosario,Asfalto,No existe,II,Dentro,Urbana,Marca Vial,No existe,Recta,Bueno,Buena,Diurna,Buen Tiempo,Lateral,S/D,Colisión,Ninguna,Horizontal,Cordón divisorio,Sin restricción,POINT (-60.6486196 -33.0063245),"['Rui Barbosa', 'Sadi Carnot']",2,Rui Barbosa; Sadi Carnot,-33.0063245,-60.6486196,55.0,538.0,Municipio Rosario,Municipio,Rosario,820210,Servicio de Catastro e Información Territorial,IGN
2014,673,2014-01-10,Viernes,0.0,12:30:00,,0.0,2,"Moto/Ciclomotor,Automóvil",E.Zeballos 2200,2,1,0,0,1,0,0,,Calle,,ROSARIO,Rosario,Asfalto,S/D,II,Dentro,Urbana,Ninguna,No existe,Recta,Bueno,Buena,Diurna,Buen Tiempo,Frontal,S/D,Colisión,S/D,Faltante,Cordón divisorio,Sin restricción,"-32.9458625, -60.7009796",['E Zeballos 2200'],1,E Zeballos 2200,-32.9458625,-60.7009796,55.0,538.0,Municipio Rosario,Municipio,Rosario,820210,Servicio de Catastro e Información Territorial,IGN
2014,674,2014-01-02,Jueves,0.0,13:30:00,,0.0,2,"Automóvil,Automóvil",Av. Ovidio Lagos Y Av. Circunvalacion,2,1,0,0,1,0,0,,Calle,,ROSARIO,Rosario,Asfalto,S/D,II,S/D,Urbana,Semáforo,Funciona,Recta,Bueno,Buena,Diurna,Buen Tiempo,Lateral,S/D,Colisión,S/D,S/D,Barrera de hormigón,Obra en Construcción,POINT (-60.67699098957188 -33.00797177001669),"['Avenida Ovidio Lagos', 'Circunvalacion']",2,Avenida Ovidio Lagos; Avenida de Circunvalación 25 de Mayo,-33.00797177001669,-60.67699098957188,55.0,538.0,Municipio Rosario,Municipio,Rosario,820210,Servicio de Catastro e Información Territorial,IGN
2014,675,2014-01-11,Sabado,0.0,08:45:00,,0.0,2,"Moto/Ciclomotor,Moto/Ciclomotor",Montevideo Y Italia,2,1,0,0,1,0,0,,Calle,,ROSARIO,Rosario,Asfalto,S/D,II,Dentro,Urbana,Ninguna,No existe,Intersección,Bueno,Buena,Diurna,Buen Tiempo,Lateral,S/D,Colisión,S/D,Faltante,Cordón divisorio,Sin restricción,POINT (-60.6503083 -32.954403599999985),"['Montevideo', 'Italia']",2,Montevideo; Italia,-32.954403599999985,-60.6503083,55.0,538.0,Municipio Rosario,Municipio,Rosario,820210,Servicio de Catastro e Información Territorial,IGN
2014,676,2014-01-12,Domingo,0.0,11:40:00,,0.0,2,"Automóvil,Moto/Ciclomotor",Lamadrid Y Balcarce,3,2,0,0,1,0,0,,S/D,,ROSARIO,Rosario,Asfalto,S/D,II,Dentro,Urbana,S/D,S/D,Intersección,S/D,S/D,Diurna,S/D,S/D,S/D,S/D,S/D,S/D,S/D,S/D,POINT (-60.663541 -32.997564),"['Lamadrid', 'Balcarce']",2,Gregorio Aráoz de Lamadrid; Balcarce,-32.997564,-60.663541,55.0,538.0,Municipio Rosario,Municipio,Rosario,820210,Servicio de Catastro e Información Territorial,IGN
2014,677,2014-01-24,Viernes,0.0,07:10:00,,0.0,2,"Moto/Ciclomotor,Pickup/Utilitario",3 De Febrero Y San Martin,2,1,0,0,1,0,0,,Calle,,ROSARIO,Rosario,Asfalto,S/D,II,Dentro,Urbana,Ninguna,No existe,Intersección,Con baches,Buena,Diurna,Buen Tiempo,Lateral,S/D,Colisión,S/D,Faltante,Cordón divisorio,Sin restricción,POINT (-60.63825700000001 -32.953026799999996),"['3 de Febrero', 'San Martin']",2,3 de Febrero; José de San Martín,-32.9530268,-60.63825700000001,55.0,538.0,Municipio Rosario,Municipio,Rosario,820210,Servicio de Catastro e Información Territorial,IGN
2014,679,2014-01-09,Jueves,0.0,22:10:00,,0.0,2,"Moto/Ciclomotor,Automóvil",Bv. Oroño Y Santa Fe,3,2,0,0,1,0,0,,Avenida,,ROSARIO,Rosario,Asfalto,S/D,II,Dentro,Urbana,Semáforo,Funciona,Recta,Bueno,Buena,"Nocturna,Con luz artificial",Buen Tiempo,Frontal,S/D,Colisión,S/D,Vertical,Cordón divisorio,Sin restricción,POINT (-60.65298555 -32.94236794999999),"['Bulevar Nicasio Oroño', 'Santa Fe']",2,Bulevar Nicasio Oroño; Santa Fe,-32.94236794999999,-60.65298555,55.0,538.0,Municipio Rosario,Municipio,Rosario,820210,Servicio de Catastro e Información Territorial,IGN
2014,680,2014-01-05,Domingo,0.0,07:20:00,,0.0,2,"Automóvil,Automóvil",San Juan Y Sarmiento,4,2,0,0,2,0,0,,Calle,,ROSARIO,Rosario,Asfalto,S/D,II,Dentro,Urbana,Ninguna,No existe,Intersección,Bueno,Buena,Diurna,Buen Tiempo,Lateral,S/D,Colisión,S/D,Faltante,S/D,Sin restricción,POINT (-60.6391042 -32.950156699999994),"['San Juan', 'Sarmiento']",2,San Juan; Sarmiento,-32.950156699999994,-60.6391042,55.0,538.0,Municipio Rosario,Municipio,Rosario,820210,Servicio de Catastro e Información Territorial,IGN