anio_acci,nro_acci,fecha,desc_dia,fecha_aprox,hora_aprox,desc_ruta,km,cant_participantes,desc_participante,calle_avenida_km,total,heridos_leves,heridos_graves,heridos_gravisimos,ilesos,fallecidos,sin_datos,posicion_XY,desc_tipo_via,desc_ruta_ori,desc_loc,desc_dpto,desc_tipo_calzada,desc_tipo_banquina,desc_unidad_regional,desc_lugar_calzada,desc_zona,desc_prioridad,desc_estado_semaforo,desc_lugar_via,desc_estado_via,desc_estado_visibilidad,desc_luminosidad,desc_estado_clima,desc_tipo_colision,desc_tipo_atropello,desc_tipo_hecho,desc_pres_calzada,desc_senializacion,desc_separacion_via,desc_restriccion,forma_geocod,calle_lista,numero_calles,calles_osm,lat,lon,index_right,gid,fna,gna,nam,in1,fdc,sag
2014,731,2014-01-05,Domingo,0.0,20:00:00,,0.0,2,"Moto/Ciclomotor,Automóvil",Cafferata Y 24 De Setiembre,3,0,0,0,1,0,2,,Calle,,ROSARIO,Rosario,Asfalto,No existe,II,Dentro,Urbana,S/D,No existe,Intersección,Bueno,Buena,Nocturna,Buen Tiempo,S/D,S/D,Colisión,Ninguna,Faltante,Ninguna,Sin restricción,POINT (-60.6794707 -32.974370099999994),"['Cafferata', '24 de Septiembre']",2,Cafferata; 24 de Septiembre,-32.974370099999994,-60.6794707,55.0,538.0,Municipio Rosario,Municipio,Rosario,820210,Servicio de Catastro e Información Territorial,IGN
2014,732,2014-01-02,Jueves,0.0,14:30:00,,0.0,2,"Moto/Ciclomotor,Automóvil",Lainez Y Sadi Carnot,3,2,0,0,1,0,0,,Calle,,ROSARIO,Rosario,Asfalto,No existe,II,Dentro,Urbana,Marca Vial,No existe,Intersección,Bueno,Buena,Diurna,Buen Tiempo,Lateral,S/D,Colisión,S/D,Horizontal,Cordón divisorio,Sin restricción,POINT (-60.6486591 -33.0052924),"['Láinez', 'Sadi Carnot']",2,Láinez; Sadi Carnot,-33.0052924,-60.6486591,55.0,538.0,Municipio Rosario,Municipio,Rosario,820210,Servicio de Catastro e Información Territorial,IGN
2014,733,2014-01-15,Miercoles,0.0,16:30:00,,0.0,2,"Transporte de Pasajeros Urbano (> 8 asientos),Automóvil",Bv. Segui 2800,4,3,0,0,0,0,1,,Avenida,,ROSARIO,Rosario,Asfalto,No existe,II,Dentro,Urbana,Ninguna,No existe,Recta,Bueno,Buena,Diurna,Buen Tiempo,Contra objeto fijo,S/D,Colisión,Ninguna,S/D,Cordón divisorio,Sin restricción,"-32.9748483, -60.6691197",['Bulevar Juan Francisco Seguí 2800'],1,Bulevar Juan Francisco Seguí 2800,-32.9748483,-60.6691197,55.0,538.0,Municipio Rosario,Municipio,Rosario,820210,Servicio de Catastro e Información Territorial,IGN
2014,734,2014-01-18,Sabado,0.0,13:20:00,,0.0,2,"Taxi/Remis,Moto/Ciclomotor",Av. Battle y Ordoñez Y Melincue,2,1,0,0,1,0,0,,Avenida,,ROSARIO,Rosario,Asfalto,No existe,II,Dentro,Urbana,Marca Vial,No existe,Intersección,Bueno,Buena,Diurna,Buen Tiempo,Lateral,S/D,Colisión,S/D,Horizontal,Cordón divisorio,Sin restricción,POINT (-60.647600700000005 -33.00889619999998),"['Avenida Battle y Ordoñez', 'Melincué']",2,Avenida Battle y Ordoñez; Melincué,-33.00889619999998,-60.647600700000005,55.0,538.0,Municipio Rosario,Municipio,Rosario,820210,Servicio de Catastro e Información Territorial,IGN
2014,735,2014-01-20,Lunes,0.0,11:30:00,,0.0,2,"Bicicleta,Automóvil",San Martin Y Leon,2,1,0,0,1,0,0,,Avenida,,ROSARIO,Rosario,Asfalto,No existe,II,Dentro,Urbana,Marca Vial,No existe,Intersección,Bueno,Buena,Diurna,Buen Tiempo,S/D,S/D,Atropello,S/D,Horizontal,Cordón divisorio,Sin restricción,POINT (-60.652605 -33.0181764),"['San Martin', 'León']",2,José de San Martín; José León Pagano,-33.0181764,-60.652605,55.0,538.0,Municipio Rosario,Municipio,Rosario,820210,Servicio de Catastro e Información Territorial,IGN
2014,736,2014-01-17,Viernes,0.0,18:30:00,,0.0,2,"Moto/Ciclomotor,Automóvil",Bv. Avellaneda Y Uruguay,2,1,0,0,1,0,0,,Calle,,ROSARIO,Rosario,Asfalto,No existe,II,Dentro,Urbana,Ninguna,No existe,Intersección,Bueno,Buena,Atardecer,Buen Tiempo,Lateral,S/D,Colisión,Ninguna,Faltante,Cordón divisorio,Sin restricción,POINT (-60.686775850000004 -32.96944285),"['Avellaneda', 'Uruguay']",2,Bulevar Nicolás Avellaneda; Uruguay,-32.96944285,-60.68677585,55.0,538.0,Municipio Rosario,Municipio,Rosario,820210,Servicio de Catastro e Información Territorial,IGN
2014,737,2014-01-30,Jueves,0.0,17:00:00,,0.0,2,"Pickup/Utilitario,Moto/Ciclomotor",Rep.Dominicana Y Pje. Alemania,3,2,0,0,1,0,0,,Calle,,ROSARIO,Rosario,Asfalto,No existe,II,S/D,Urbana,Ninguna,No existe,Intersección,S/D,S/D,Diurna,S/D,Lateral,S/D,Colisión,S/D,Faltante,Ninguna,Sin restricción,POINT (-60.6899113 -32.927728300000005),"['República Dominicana', 'Alemania']",2,República Dominicana; Alemania,-32.927728300000005,-60.6899113,55.0,538.0,Municipio Rosario,Municipio,Rosario,820210,Servicio de Catastro e Información Territorial,IGN
2014,738,2014-01-26,Domingo,0.0,13:30:00,,0.0,2,"Automóvil,Taxi/Remis",Donado 1290,2,1,0,0,1,0,0,,S/D,,ROSARIO,Rosario,Asfalto,No existe,II,S/D,S/D,Ninguna,No existe,Recta,Bueno,Buena,Diurna,Buen Tiempo,Lateral,S/D,Colisión,Ninguna,Faltante,S/D,Sin restricción,"-32.94363871428571, -60.72693620204082",['Donado 1290'],1,Donado 1290,-32.94363871428571,-60.72693620204082,55.0,538.0,Municipio Rosario,Municipio,Rosario,820210,Servicio de Catastro e Información Territorial,IGN
2014,739,2014-01-19,Domingo,0.0,18:00:00,,0.0,2,"Automóvil,Automóvil",Bv. Avellaneda Y Gaboto,3,1,0,0,2,0,0,,Calle,,ROSARIO,Rosario,Asfalto,No existe,II,Dentro,Urbana,Ninguna,No existe,Intersección,Bueno,Buena,Diurna,Buen Tiempo,S/D,S/D,Colisión,S/D,Horizontal,Ninguna,Sin restricción,POINT (-60.685925600000004 -32.96604479999999),"['Avellaneda', 'Gaboto']",2,Bulevar Nicolás Avellaneda; Gaboto,-32.96604479999999,-60.6859256,55.0,538.0,Municipio Rosario,Municipio,Rosario,820210,Servicio de Catastro e Información Territorial,IGN
2014,740,2014-01-25,Sabado,0.0,11:30:00,,0.0,2,"Automóvil,Automóvil",Gutenberg 500,3,2,0,0,1,0,0,,Calle,,ROSARIO,Rosario,Asfalto,No existe,II,S/D,Urbana,Ninguna,No existe,Recta,S/D,S/D,Diurna,S/D,Contra objeto fijo,S/D,Colisión,S/D,Faltante,Ninguna,Sin restricción,"-32.9530761, -60.6911975",['Gutenberg 500'],1,Gutenberg 500,-32.9530761,-60.6911975,55.0,538.0,Municipio Rosario,Municipio,Rosario,820210,Servicio de Catastro e Información Territorial,IGN
2014,741,2014-01-31,Viernes,0.0,07:15:00,,0.0,2,"Moto/Ciclomotor,Pickup/Utilitario",Bv. Segui Y Italia,2,1,0,0,1,0,0,,Calle,,ROSARIO,Rosario,Asfalto,S/D,II,Dentro,Urbana,Ninguna,No existe,Intersección,Bueno,Buena,Diurna,Buen Tiempo,De alcance,S/D,Colisión,S/D,S/D,S/D,Sin restricción,POINT (-60.6560807 -32.977334),"['Bulevar Juan Francisco Seguí', 'Italia']",2,Bulevar Juan Francisco Seguí; Italia,-32.977334,-60.6560807,55.0,538.0,Municipio Rosario,Municipio,Rosario,820210,Servicio de Catastro e Información Territorial,IGN
2014,743,2014-01-19,Domingo,0.0,12:00:00,,0.0,2,"Automóvil,Moto/Ciclomotor",Ayacucho Y Av. Battle y Ordoñez,2,1,0,0,1,0,0,,Calle,,ROSARIO,Rosario,S/D,Ripio,II,Dentro,Urbana,Ninguna,No existe,Intersección,Bueno,Buena,Diurna,Buen Tiempo,Otro,S/D,Colisión,S/D,Horizontal,Ninguna,Sin restricción,POINT (-60.6358011 -33.008555699999995),"['Ayacucho', 'Avenida Battle y Ordoñez']",2,Ayacucho; Avenida Battle y Ordoñez,-33.008555699999995,-60.6358011,55.0,538.0,Municipio Rosario,Municipio,Rosario,820210,Servicio de Catastro e Información Territorial,IGN
2014,744,2014-01-13,Lunes,0.0,14:30:00,,0.0,2,"Automóvil,Moto/Ciclomotor",Pje. Polonia Y Florida,2,1,0,0,0,0,1,,Calle,,ROSARIO,Rosario,Asfalto,No existe,II,S/D,Urbana,Semáforo,Funciona,Recta,Bueno,Buena,Diurna,Buen Tiempo,S/D,S/D,Colisión,S/D,S/D,Ninguna,Sin restricción,POINT (-60.6833014 -32.9261819),"['Polonia', 'Florida']",2,Polonia; Florida,-32.9261819,-60.6833014,55.0,538.0,Municipio Rosario,Municipio,Rosario,820210,Servicio de Catastro e Información Territorial,IGN
2014,745,2014-01-21,Martes,0.0,21:30:00,,0.0,2,"Camión,Bicicleta",Casilda Y Matienzo,3,2,0,0,1,0,0,,Calle,,ROSARIO,Rosario,S/D,S/D,II,S/D,Urbana,S/D,S/D,S/D,S/D,S/D,S/D,S/D,S/D,S/D,Atropello,S/D,S/D,S/D,S/D,POINT (-60.6951332 -32.92863329999999),"['Casilda', 'Matienzo']",2,Casilda; Benjamín Matienzo,-32.92863329999999,-60.6951332,55.0,538.0,Municipio Rosario,Municipio,Rosario,820210,Servicio de Catastro e Información Territorial,IGN
2014,746,2014-01-20,Lunes,0.0,10:45:00,,0.0,2,"Automóvil,Automóvil",Bv. 27 De Febrero Y Laprida,3,2,0,0,1,0,0,,Avenida,,ROSARIO,Rosario,Asfalto,No existe,II,Dentro,Urbana,Semáforo,Funciona,Intersección,Bueno,Buena,Diurna,Buen Tiempo,Lateral,S/D,Colisión,Ninguna,Vertical,Cordón divisorio,Sin restricción,POINT (-60.639549849999995 -32.9682981),"['27 de Febrero', 'Laprida']",2,Bulevar 27 de Febrero; Francisco Narciso Laprida,-32.9682981,-60.63954985,55.0,538.0,Municipio Rosario,Municipio,Rosario,820210,Servicio de Catastro e Información Territorial,IGN
2014,747,2014-01-31,Viernes,0.0,15:20:00,,0.0,2,"Moto/Ciclomotor,Automóvil",Lamadrid Y Pje. Piano,2,1,0,0,1,0,0,,Calle,,ROSARIO,Rosario,Asfalto,S/D,II,Dentro,Urbana,S/D,No existe,Recta,Bueno,Buena,Diurna,Buen Tiempo,De alcance,S/D,Colisión,S/D,S/D,S/D,Sin restricción,POINT (-60.652753000000004 -32.997214500000005),"['Lamadrid', 'Piano']",2,Gregorio Aráoz de Lamadrid; Piano,-32.997214500000005,-60.652753,55.0,538.0,Municipio Rosario,Municipio,Rosario,820210,Servicio de Catastro e Información Territorial,IGN
2014,754,2014-01-15,Miercoles,0.0,10:10:00,,0.0,2,"Automóvil,Moto/Ciclomotor",Bv. Segui Y 1 de Mayo,2,2,0,0,0,0,0,,Calle,,ROSARIO,Rosario,Asfalto,Pavimento,II,Dentro,Urbana,Paso Peatonal,No existe,Intersección,Bueno,Buena,Diurna,Buen Tiempo,Lateral,S/D,Colisión,S/D,Horizontal,Cordón divisorio,Sin restricción,POINT (-60.63787925 -32.98061510000001),"['Bulevar Juan Francisco Seguí', 'Primero de Mayo']",2,Bulevar Juan Francisco Seguí; Primero de Mayo,-32.98061510000001,-60.63787925,55.0,538.0,Municipio Rosario,Municipio,Rosario,820210,Servicio de Catastro e Información Territorial,IGN
2014,757,2014-01-29,Miercoles,0.0,18:30:00,,0.0,2,"Peatón,Moto/Ciclomotor",Biedma 1154,2,1,0,0,1,0,0,,Calle,,ROSARIO,Rosario,Asfalto,S/D,II,Dentro,Urbana,S/D,S/D,Otro,Bueno,Buena,Diurna,Buen Tiempo,S/D,S/D,Atropello,S/D,S/D,S/D,S/D,"-32.98118893687525, -60.64767338777483",['Biedma 1154'],1,Biedma 1154,-32.98118893687525,-60.64767338777483,55.0,538.0,Municipio Rosario,Municipio,Rosario,820210,Servicio de Catastro e Información Territorial,IGN
2014,758,2014-01-14,Martes,0.0,17:30:00,,0.0,2,"Automóvil,Moto/Ciclomotor",L.N.Alem Y Rueda,3,1,0,0,2,0,0,,Calle,,ROSARIO,Rosario,Asfalto,No existe,II,Dentro,Urbana,Otra Señal,No existe,Intersección,Bueno,Buena,Diurna,Buen Tiempo,Lateral,S/D,Colisión,S/D,Horizontal,Línea divisoria pintada,Sin restricción,POINT (-60.63449020000001 -32.9728384),"['Alem', 'Rueda']",2,Leandro N. Alem; Rueda,-32.9728384,-60.63449020000001,55.0,538.0,Municipio Rosario,Municipio,Rosario,820210,Servicio de Catastro e Información Territorial,IGN
2014,759,2014-01-04,Sabado,0.0,05:30:00,,0.0,2,"Automóvil,Peatón",Crespo Y Santa Fe,2,1,0,0,1,0,0,,Calle,,ROSARIO,Rosario,Asfalto,No existe,II,S/D,Urbana,Semáforo,Funciona,Recta,Otro,Buena,Amanecer,Buen Tiempo,S/D,S/D,Atropello,Ninguna,Horizontal,Ninguna,Accidente Previo,POINT (-60.66793810000001 -32.9397011),"['Crespo', 'Santa Fe']",2,Crespo; Santa Fe,-32.9397011,-60.66793810000001,55.0,538.0,Municipio Rosario,Municipio,Rosario,820210,Servicio de Catastro e Información Territorial,IGN
2014,761,2014-01-14,Martes,0.0,14:30:00,,0.0,2,"Automóvil,Bicicleta",1 de Mayo Y Garay,2,1,0,0,1,0,0,,Calle,,ROSARIO,Rosario,Asfalto,No existe,II,Dentro,Urbana,Ninguna,No existe,Intersección,Bueno,Buena,Diurna,Buen Tiempo,De alcance,S/D,Atropello,S/D,Horizontal,Ninguna,Sin restricción,POINT (-60.6367274 -32.976025799999995),"['Primero de Mayo', 'Garay']",2,Primero de Mayo; Juan de Garay,-32.976025799999995,-60.6367274,55.0,538.0,Municipio Rosario,Municipio,Rosario,820210,Servicio de Catastro e Información Territorial,IGN
2014,762,2014-01-28,Martes,0.0,12:45:00,,0.0,2,"Automóvil,Moto/Ciclomotor",Bv. Segui Y Entre Rios,2,1,0,0,1,0,0,,Calle,,ROSARIO,Rosario,Asfalto,S/D,II,Dentro,Urbana,S/D,No existe,Intersección,Bueno,Buena,Diurna,Buen Tiempo,De alcance,S/D,Colisión,S/D,S/D,S/D,Sin restricción,POINT (-60.6491681 -32.97857979999999),"['Bulevar Juan Francisco Seguí', 'Entre Ríos']",2,Bulevar Juan Francisco Seguí; Entre Ríos,-32.97857979999999,-60.6491681,55.0,538.0,Municipio Rosario,Municipio,Rosario,820210,Servicio de Catastro e Información Territorial,IGN
2014,763,2014-01-06,Lunes,0.0,06:40:00,,0.0,2,"Automóvil,Moto/Ciclomotor",Santiago Y Salta,2,1,0,0,1,0,0,,Calle,,ROSARIO,Rosario,Asfalto,No existe,II,S/D,Urbana,Semáforo,Funciona,Recta,Bueno,Buena,Amanecer,Buen Tiempo,Otro,S/D,Colisión,Ninguna,Horizontal,Ninguna,Sin restricción,POINT (-60.65423690000001 -32.93626109999999),"['Santiago', 'Salta']",2,Santiago; Salta,-32.93626109999999,-60.65423690000001,55.0,538.0,Municipio Rosario,Municipio,Rosario,820210,Servicio de Catastro e Información Territorial,IGN
2014,764,2014-01-18,Sabado,0.0,19:20:00,,0.0,2,"Moto/Ciclomotor,Transporte de Pasajeros Urbano (> 8 asientos)",Ayala Gauna 7800,2,1,0,0,1,0,0,,Calle,,ROSARIO,Rosario,Asfalto,S/D,II,S/D,Urbana,S/D,S/D,Recta,S/D,S/D,S/D,S/D,S/D,S/D,S/D,S/D,S/D,S/D,S/D,"-32.9123207, -60.7272136",['Ayala Gauna 7800'],1,Ayala Gauna 7800,-32.9123207,-60.7272136,55.0,538.0,Municipio Rosario,Municipio,Rosario,820210,Servicio de Catastro e Información Territorial,IGN
2014,765,2014-01-14,Martes,0.0,15:00:00,,0.0,2,"Moto/Ciclomotor,Peatón",Ayacucho Y Saavedra,2,1,0,0,1,0,0,,Calle,,ROSARIO,Rosario,Asfalto,No existe,II,Dentro,Urbana,Ninguna,No existe,Intersección,Bueno,Buena,Diurna,Buen Tiempo,S/D,S/D,Atropello,S/D,Horizontal,Ninguna,Sin restricción,POINT (-60.63530850000001 -32.9798574),"['Ayacucho', 'Saavedra']",2,Ayacucho; Saavedra,-32.9798574,-60.63530850000001,55.0,538.0,Municipio Rosario,Municipio,Rosario,820210,Servicio de Catastro e Información Territorial,IGN
2014,766,2014-01-26,Domingo,0.0,20:00:00,,0.0,1,Transporte de Pasajeros Urbano (> 8 asientos),Mariano Moreno Y Bv. Segui,2,1,0,0,1,0,0,,Calle,,ROSARIO,Rosario,Asfalto,S/D,II,Dentro,Urbana,S/D,No existe,Recta,Bueno,Buena,Atardecer,Buen Tiempo,S/D,S/D,Atropello,S/D,S/D,S/D,Sin restricción,POINT (-60.658756600000004 -32.97685955),"['Mariano Moreno', 'Bulevar Juan Francisco Seguí']",2,Mariano Moreno; Bulevar Juan Francisco Seguí,-32.97685955,-60.6587566,55.0,538.0,Municipio Rosario,Municipio,Rosario,820210,Servicio de Catastro e Información Territorial,IGN
2014,768,2014-01-26,Domingo,0.0,20:05:00,,0.0,2,"Automóvil,Transporte de Pasajeros Urbano (> 8 asientos)",Av. Jorge Newbery Y Tarragona,4,2,0,0,2,0,0,,Calle,,ROSARIO,Rosario,Asfalto,S/D,II,S/D,Urbana,S/D,S/D,Recta,S/D,S/D,Nocturna,S/D,S/D,S/D,S/D,S/D,S/D,S/D,S/D,POINT (-60.7354351 -32.90855883333333),"['Jorge Newbery', 'Tarragona']",2,Avenida Jorge Newbery; Tarragona,-32.90855883333333,-60.7354351,55.0,538.0,Municipio Rosario,Municipio,Rosario,820210,Servicio de Catastro e Información Territorial,IGN
2014,770,2014-01-07,Martes,0.0,12:20:00,,0.0,2,"Automóvil,Bicicleta",Cafferata Y Urquiza,2,1,0,0,1,0,0,,Calle,,ROSARIO,Rosario,Asfalto,No existe,II,S/D,Urbana,Semáforo,Funciona,Recta,Bueno,Buena,Diurna,Buen Tiempo,S/D,S/D,Atropello,Ninguna,Horizontal,Ninguna,Sin restricción,POINT (-60.6700925 -32.9371023),"['Cafferata', 'Urquiza']",2,Cafferata; Justo José de Urquiza,-32.9371023,-60.6700925,55.0,538.0,Municipio Rosario,Municipio,Rosario,820210,Servicio de Catastro e Información Territorial,IGN
2014,771,2014-01-25,Sabado,0.0,12:00:00,,0.0,2,"Automóvil,Automóvil",J.M.de Rosas Y Cerrito,2,1,0,0,1,0,0,,Calle,,ROSARIO,Rosario,Asfalto,No existe,II,Dentro,Urbana,Ninguna,No existe,Intersección,Bueno,Buena,Diurna,Buen Tiempo,De alcance,S/D,Colisión,Ninguna,Faltante,Ninguna,Sin restricción,POINT (-60.635146 -32.96309560000001),"['De Rosas', 'Cerrito']",2,Juan Manuel de Rosas; Cerrito,-32.96309560000001,-60.635146,55.0,538.0,Municipio Rosario,Municipio,Rosario,820210,Servicio de Catastro e Información Territorial,IGN
2014,772,2014-01-14,Martes,0.0,20:00:00,,0.0,2,"Automóvil,Moto/Ciclomotor",Chacabuco Y Rueda,3,1,0,0,2,0,0,,Calle,,ROSARIO,Rosario,Asfalto,No existe,II,Dentro,Urbana,Ninguna,No existe,Intersección,Bueno,Buena,Nocturna,Buen Tiempo,Lateral,S/D,Colisión,S/D,Horizontal,Cordón divisorio,Sin restricción,POINT (-60.6290154 -32.97383119999999),"['Chacabuco', 'Rueda']",2,Chacabuco; Rueda,-32.97383119999999,-60.6290154,55.0,538.0,Municipio Rosario,Municipio,Rosario,820210,Servicio de Catastro e Información Territorial,IGN
2014,773,2014-01-26,Domingo,0.0,20:05:00,,0.0,2,"Moto/Ciclomotor,Automóvil",Schweitzer 7700,2,2,0,0,0,0,0,,S/D,,ROSARIO,Rosario,Asfalto,S/D,II,S/D,S/D,S/D,S/D,Recta,S/D,S/D,Nocturna,S/D,S/D,S/D,S/D,S/D,S/D,S/D,S/D,"-32.913363, -60.7283968",['Schweitzer 7700'],1,Schweitzer 7700,-32.913363,-60.7283968,55.0,538.0,Municipio Rosario,Municipio,Rosario,820210,Servicio de Catastro e Información Territorial,IGN
2014,774,2014-01-29,Miercoles,0.0,19:30:00,,0.0,2,"Automóvil,Automóvil",Buenos Aires Y Biedma,3,1,0,0,2,0,0,,Calle,,ROSARIO,Rosario,Asfalto,Pavimento,II,S/D,Urbana,Ninguna,No existe,Intersección,Bueno,Buena,Diurna,Buen Tiempo,Lateral,S/D,Colisión,Ninguna,Horizontal,Cordón divisorio,Sin restricción,POINT (-60.6414998 -32.9823454),"['Buenos Aires', 'Coronel Biedma']",2,Buenos Aires; Coronel Biedma,-32.9823454,-60.6414998,55.0,538.0,Municipio Rosario,Municipio,Rosario,820210,Servicio de Catastro e Información Territorial,IGN
2014,775,2014-01-25,Sabado,0.0,22:20:00,,0.0,2,"Bicicleta,Taxi/Remis",Av. Ntra.Sra.del Rosario Y Av. Corrientes,3,2,0,0,1,0,0,,Calle,,ROSARIO,Rosario,Asfalto,S/D,II,Dentro,Urbana,S/D,S/D,Recta,Bueno,Buena,Nocturna,Buen Tiempo,S/D,S/D,Atropello,S/D,S/D,S/D,S/D,POINT (-60.6533567 -33.0000033),"['Nuestra Señora del Rosario', 'Corrientes']",2,Puente Nuestra Señora del Rosario; Corrientes,-33.0000033,-60.6533567,55.0,538.0,Municipio Rosario,Municipio,Rosario,820210,Servicio de Catastro e Información Territorial,IGN
2014,776,2014-01-14,Martes,0.0,22:45:00,,0.0,2,"Taxi/Remis,Automóvil",Crespo Y Santa Fe,3,2,0,0,1,0,0,,Calle,,ROSARIO,Rosario,Asfalto,No existe,II,S/D,Urbana,Semáforo,Funciona,Recta,Bueno,Buena,Nocturna,Buen Tiempo,S/D,S/D,Colisión,Ninguna,Horizontal,Ninguna,Sin restricción,POINT (-60.66793810000001 -32.9397011),"['Crespo', 'Santa Fe']",2,Crespo; Santa Fe,-32.9397011,-60.66793810000001,55.0,538.0,Municipio Rosario,Municipio,Rosario,820210,Servicio de Catastro e Información Territorial,IGN
2014,777,2014-01-02,Jueves,0.0,,,0.0,2,"Moto/Ciclomotor,Automóvil",Buenos Aires Y Pasco,2,1,0,0,1,0,0,,Calle,,ROSARIO,Rosario,Asfalto,No existe,II,S/D,Urbana,Ninguna,No existe,Recta,Bueno,Buena,Diurna,Buen Tiempo,Frontal,S/D,Colisión,Ninguna,Faltante,Ninguna,Sin restricción,POINT (-60.63599930000001 -32.960557399999985),"['Buenos Aires', 'Pasco']",2,Buenos Aires; Pasco,-32.960557399999985,-60.63599930000001,55.0,538.0,Municipio Rosario,Municipio,Rosario,820210,Servicio de Catastro e Información Territorial,IGN
2014,778,2014-01-14,Martes,0.0,19:45:00,,0.0,2,"Taxi/Remis,Moto/Ciclomotor",Bv. Segui Y L.N.Alem,2,1,0,0,1,0,0,,Calle,,ROSARIO,Rosario,Asfalto,Natural,II,Dentro,Urbana,Marca Vial,No existe,Intersección,Bueno,S/D,Atardecer,Buen Tiempo,De alcance,S/D,Colisión,S/D,Horizontal,Cordón divisorio,Sin restricción,POINT (-60.63650380000001 -32.980857400000005),"['Bulevar Juan Francisco Seguí', 'Alem']",2,Bulevar Juan Francisco Seguí; Leandro N. Alem,-32.980857400000005,-60.63650380000001,55.0,538.0,Municipio Rosario,Municipio,Rosario,820210,Servicio de Catastro e Información Territorial,IGN
2014,779,2014-01-28,Martes,0.0,17:15:00,,0.0,2,"Moto/Ciclomotor,Automóvil",Buenos Aires Y Centeno,2,1,0,0,0,0,1,,Calle,,ROSARIO,Rosario,Asfalto,No existe,II,S/D,Urbana,Ninguna,S/D,Recta,Bueno,S/D,S/D,Buen Tiempo,De alcance,S/D,Colisión,Ninguna,Horizontal,Ninguna,Sin restricción,POINT (-60.64233725000001 -32.98566005),"['Buenos Aires', 'Centeno']",2,Buenos Aires; Coronel Centeno,-32.98566005,-60.64233725000001,55.0,538.0,Municipio Rosario,Municipio,Rosario,820210,Servicio de Catastro e Información Territorial,IGN
2014,780,2014-01-25,Sabado,0.0,,,0.0,2,"Moto/Ciclomotor,Moto/Ciclomotor",Av. Genova 8000,3,3,0,0,0,0,0,,Avenida,,ROSARIO,Rosario,Asfalto,Pavimento,II,Dentro,Urbana,Semáforo,Funciona,Recta,Bueno,S/D,S/D,S/D,Frontal,S/D,Colisión,S/D,Horizontal,Barrera de hormigón,Sin restricción,"-32.9165404, -60.7352981",['Genova 8000'],1,Genova 8000,-32.9165404,-60.7352981,55.0,538.0,Municipio Rosario,Municipio,Rosario,820210,Servicio de Catastro e Información Territorial,IGN
2014,781,2014-01-28,Martes,0.0,,,0.0,3,"Automóvil,Moto/Ciclomotor,Bicicleta",Entre Rios Y Ocampo,3,2,0,0,1,0,0,,Calle,,ROSARIO,Rosario,Asfalto,S/D,II,Dentro,Urbana,S/D,S/D,Intersección,S/D,S/D,S/D,S/D,Múltiple,S/D,Atropello,S/D,S/D,S/D,S/D,POINT (-60.645984299999995 -32.96596579999999),"['Entre Ríos', 'Ocampo']",2,Entre Ríos; Ocampo,-32.96596579999999,-60.6459843,55.0,538.0,Municipio Rosario,Municipio,Rosario,820210,Servicio de Catastro e Información Territorial,IGN
2014,782,2014-01-25,Sabado,0.0,08:10:00,,0.0,2,"Camión,Moto/Ciclomotor",Paraguay ,3,2,0,0,1,0,0,,Calle,,ROSARIO,Rosario,Asfalto,S/D,II,Dentro,Urbana,S/D,No existe,S/D,Bueno,Buena,Diurna,Buen Tiempo,De alcance,S/D,Colisión,S/D,S/D,S/D,S/D,"-32.9910237, -60.6552287",['Paraguay'],1,Paraguay,-32.9910237,-60.6552287,55.0,538.0,Municipio Rosario,Municipio,Rosario,820210,Servicio de Catastro e Información Territorial,IGN
2014,783,2014-01-29,Miercoles,0.0,,,0.0,2,"Automóvil,Automóvil",La Paz Y Chacabuco,3,1,0,0,2,0,0,,Calle,,ROSARIO,Rosario,Asfalto,S/D,II,S/D,Urbana,Ninguna,S/D,Recta,Bueno,S/D,S/D,Buen Tiempo,De alcance,S/D,Colisión,Ninguna,Faltante,Ninguna,Sin restricción,POINT (-60.62723890000001 -32.96690489999999),"['La Paz', 'Chacabuco']",2,La Paz; Chacabuco,-32.96690489999999,-60.62723890000001,55.0,538.0,Municipio Rosario,Municipio,Rosario,820210,Servicio de Catastro e Información Territorial,IGN
2014,784,2014-01-28,Martes,0.0,08:20:00,,0.0,2,"Taxi/Remis,Moto/Ciclomotor",L.N.Alem Y Bv. Segui,2,1,0,0,1,0,0,,Calle,,ROSARIO,Rosario,Asfalto,No existe,II,S/D,Urbana,Ninguna,No existe,Intersección,Bueno,Buena,Diurna,Lluvia,Frontal,S/D,Colisión,Ninguna,Horizontal,Cordón divisorio,Sin restricción,POINT (-60.63650380000001 -32.980857400000005),"['Alem', 'Bulevar Juan Francisco Seguí']",2,Leandro N. Alem; Bulevar Juan Francisco Seguí,-32.980857400000005,-60.63650380000001,55.0,538.0,Municipio Rosario,Municipio,Rosario,820210,Servicio de Catastro e Información Territorial,IGN
2014,785,2014-01-24,Viernes,0.0,,,0.0,2,"Automóvil,Automóvil",Gonzalez del Solar Y Av. Eva Peron,2,1,0,0,1,0,0,,Avenida,,ROSARIO,Rosario,Asfalto,Pavimento,II,Dentro,Urbana,Ninguna,Funciona,Recta,Bueno,S/D,S/D,S/D,Lateral,S/D,Colisión,S/D,Horizontal,Barrera de hormigón,Sin restricción,POINT (-60.73683559999999 -32.928717649999996),"['González del Solar', 'Avenida Eva Perón']",2,González del Solar; Avenida Eva Perón,-32.92871765,-60.73683559999999,55.0,538.0,Municipio Rosario,Municipio,Rosario,820210,Servicio de Catastro e Información Territorial,IGN