anio_acci,nro_acci,fecha,desc_dia,fecha_aprox,hora_aprox,desc_ruta,km,cant_participantes,desc_participante,calle_avenida_km,total,heridos_leves,heridos_graves,heridos_gravisimos,ilesos,fallecidos,sin_datos,posicion_XY,desc_tipo_via,desc_ruta_ori,desc_loc,desc_dpto,desc_tipo_calzada,desc_tipo_banquina,desc_unidad_regional,desc_lugar_calzada,desc_zona,desc_prioridad,desc_estado_semaforo,desc_lugar_via,desc_estado_via,desc_estado_visibilidad,desc_luminosidad,desc_estado_clima,desc_tipo_colision,desc_tipo_atropello,desc_tipo_hecho,desc_pres_calzada,desc_senializacion,desc_separacion_via,desc_restriccion,forma_geocod,calle_lista,numero_calles,calles_osm,lat,lon,index_right,gid,fna,gna,nam,in1,fdc,sag
2014,786,2014-01-27,Lunes,0.0,10:30:00,,0.0,2,"Automóvil,Automóvil",Beruti Y Amenabar,2,1,0,0,1,0,0,,Calle,,ROSARIO,Rosario,Asfalto,No existe,II,S/D,Urbana,Ninguna,No existe,Intersección,Bueno,Buena,Diurna,Buen Tiempo,Lateral,S/D,Colisión,Ninguna,Horizontal,Línea divisoria pintada,Sin restricción,POINT (-60.62655410000001 -32.9754682),"['Luis Beruti', 'Amenabar']",2,Luis Beruti; José de Amenábar,-32.9754682,-60.62655410000001,55.0,538.0,Municipio Rosario,Municipio,Rosario,820210,Servicio de Catastro e Información Territorial,IGN
2014,787,2014-01-29,Miercoles,0.0,,,0.0,2,"Moto/Ciclomotor,Automóvil",Ituzaingo Y Buenos Aires,2,1,0,0,1,0,0,,Calle,,ROSARIO,Rosario,Asfalto,No existe,II,S/D,Urbana,Señal Pare,No existe,Intersección,Bueno,Buena,Diurna,Buen Tiempo,De alcance,S/D,Despiste,Ninguna,Vertical,Ninguna,Sin restricción,POINT (-60.636284800000006 -32.9616928),"['Ituzaingó', 'Buenos Aires']",2,Ituzaingó; Buenos Aires,-32.9616928,-60.636284800000006,55.0,538.0,Municipio Rosario,Municipio,Rosario,820210,Servicio de Catastro e Información Territorial,IGN
2014,788,2014-01-27,Lunes,0.0,08:45:00,,0.0,2,"Pickup/Utilitario,Moto/Ciclomotor",Virasoro Y Sarmiento,2,1,0,0,1,0,0,,Calle,,ROSARIO,Rosario,Asfalto,S/D,II,Dentro,Urbana,S/D,S/D,Recta,S/D,S/D,Diurna,S/D,S/D,S/D,S/D,S/D,S/D,S/D,S/D,POINT (-60.6440624 -32.969927),"['Virasoro', 'Sarmiento']",2,Benjamín Virasoro; Sarmiento,-32.969927,-60.6440624,55.0,538.0,Municipio Rosario,Municipio,Rosario,820210,Servicio de Catastro e Información Territorial,IGN
2014,789,2014-01-24,Viernes,0.0,21:00:00,,0.0,2,"Automóvil,Bicicleta",Ayolas Y Buenos Aires,3,2,0,0,1,0,0,,Calle,,ROSARIO,Rosario,Asfalto,No existe,II,S/D,Urbana,Semáforo,Funciona,Recta,Con baches,Buena,Nocturna,Buen Tiempo,S/D,S/D,Atropello,S/D,Vertical,Cordón divisorio,Sin restricción,POINT (-60.64034620000001 -32.9777879),"['Ayolas', 'Buenos Aires']",2,Ayolas; Buenos Aires,-32.9777879,-60.64034620000001,55.0,538.0,Municipio Rosario,Municipio,Rosario,820210,Servicio de Catastro e Información Territorial,IGN
2014,790,2014-01-22,Miercoles,0.0,,,0.0,2,"Moto/Ciclomotor,Automóvil",Av. Eva Peron Y Sanchez de Loria,2,1,0,0,1,0,0,,Avenida,,ROSARIO,Rosario,Asfalto,Pavimento,II,Dentro,Urbana,Semáforo,S/D,Recta,Bueno,S/D,S/D,S/D,S/D,S/D,Colisión,S/D,"Horizontal,Vertical",Barrera de hormigón,Sin restricción,POINT (-60.73211405 -32.9295609),"['Avenida Eva Perón', 'Sánchez de Loria']",2,Avenida Eva Perón; Sánchez de Loria,-32.9295609,-60.73211405,55.0,538.0,Municipio Rosario,Municipio,Rosario,820210,Servicio de Catastro e Información Territorial,IGN
2014,791,2014-01-23,Jueves,0.0,17:50:00,,0.0,2,"Automóvil,Moto/Ciclomotor",Av. Corrientes Y Uruguay,2,1,0,0,1,0,0,,Calle,,ROSARIO,Rosario,Asfalto,S/D,II,Dentro,Urbana,S/D,No existe,Intersección,Bueno,Buena,Diurna,Buen Tiempo,De alcance,S/D,Colisión,S/D,S/D,S/D,Sin restricción,POINT (-60.650026 -32.976060399999994),"['Corrientes', 'Uruguay']",2,Corrientes; Uruguay,-32.976060399999994,-60.650026,55.0,538.0,Municipio Rosario,Municipio,Rosario,820210,Servicio de Catastro e Información Territorial,IGN
2014,792,2014-01-28,Martes,0.0,18:00:00,,0.0,2,"Pickup/Utilitario,Moto/Ciclomotor",Dorrego Y Galvez,3,2,0,0,1,0,0,,Calle,,ROSARIO,Rosario,Asfalto,S/D,II,Dentro,Urbana,S/D,S/D,Intersección,S/D,S/D,S/D,S/D,S/D,S/D,S/D,S/D,S/D,S/D,S/D,POINT (-60.65484430000001 -32.966804299999986),"['Dorrego', 'Galvez']",2,Manuel Dorrego; José Gálvez,-32.966804299999986,-60.65484430000001,55.0,538.0,Municipio Rosario,Municipio,Rosario,820210,Servicio de Catastro e Información Territorial,IGN
2014,793,2014-01-25,Sabado,0.0,12:50:00,,0.0,2,"Moto/Ciclomotor,Automóvil",Riobamba Y Laprida,2,1,0,0,1,0,0,,Calle,,ROSARIO,Rosario,Asfalto,No existe,II,Dentro,Urbana,Ninguna,No existe,Intersección,Bueno,Buena,Diurna,Buen Tiempo,Lateral,S/D,Colisión,Ninguna,Faltante,Ninguna,Sin restricción,POINT (-60.6384293 -32.9637312),"['Riobamba', 'Laprida']",2,Riobamba; Francisco Narciso Laprida,-32.9637312,-60.6384293,55.0,538.0,Municipio Rosario,Municipio,Rosario,820210,Servicio de Catastro e Información Territorial,IGN
2014,794,2014-01-13,Lunes,0.0,23:30:00,,0.0,2,"Pickup/Utilitario,Moto/Ciclomotor",Bv. Segui Y Laprida,3,2,0,0,1,0,0,,Calle,,ROSARIO,Rosario,Asfalto,Pavimento,II,Dentro,Urbana,Marca Vial,No existe,Intersección,Bueno,Buena,Nocturna,Buen Tiempo,S/D,S/D,Atropello,Ninguna,Horizontal,Cordón divisorio,Sin restricción,POINT (-60.64243230000001 -32.97979135),"['Bulevar Juan Francisco Seguí', 'Laprida']",2,Bulevar Juan Francisco Seguí; Francisco Narciso Laprida,-32.97979135,-60.64243230000001,55.0,538.0,Municipio Rosario,Municipio,Rosario,820210,Servicio de Catastro e Información Territorial,IGN
2014,795,2014-01-23,Jueves,0.0,19:00:00,,0.0,2,"Moto/Ciclomotor,Moto/Ciclomotor",Grandoli Y Pte.Quintana,3,0,3,0,0,0,0,,Calle,,ROSARIO,Rosario,Asfalto,Pavimento,II,Dentro,Urbana,Marca Vial,No existe,Intersección,Bueno,Buena,Atardecer,Buen Tiempo,Lateral,S/D,Colisión,Ninguna,Horizontal,Cordón divisorio,Sin restricción,POINT (-60.628233550000004 -32.985896600000004),"['Avenida Abanderado Grandoli', 'Quintana']",2,Avenida Abanderado Grandoli; Presidente Quintana,-32.985896600000004,-60.62823355,55.0,538.0,Municipio Rosario,Municipio,Rosario,820210,Servicio de Catastro e Información Territorial,IGN
2014,796,2014-01-22,Miercoles,0.0,09:15:00,,0.0,2,"Peatón,Automóvil",Av. Provincias Unidas Y Velez Sarsfield,2,1,0,0,1,0,0,,Avenida,,ROSARIO,Rosario,Asfalto,Pavimento,II,Dentro,Urbana,Semáforo,Funciona,Recta,Bueno,S/D,Diurna,S/D,S/D,S/D,Atropello,S/D,"Horizontal,Vertical",Barrera de hormigón,Sin restricción,POINT (-60.7132322 -32.92604335),"['Avenida Provincias Unidas', 'Vélez Sarsfield']",2,Avenida Provincias Unidas; Vélez Sarsfield,-32.92604335,-60.7132322,55.0,538.0,Municipio Rosario,Municipio,Rosario,820210,Servicio de Catastro e Información Territorial,IGN
2014,797,2014-01-21,Martes,0.0,18:20:00,,0.0,2,"Automóvil,Moto/Ciclomotor",San Martin Y Pte.Quintana,3,2,0,0,1,0,0,,Avenida,,ROSARIO,Rosario,Asfalto,S/D,II,Dentro,Urbana,S/D,No existe,Intersección,Bueno,Buena,Diurna,Buen Tiempo,De alcance,S/D,Colisión,S/D,S/D,S/D,Sin restricción,POINT (-60.6450385 -32.982916249999995),"['San Martin', 'Quintana']",2,"('José de San Martín', 'Presidente Quintana')",-32.982916249999995,-60.6450385,55.0,538.0,Municipio Rosario,Municipio,Rosario,820210,Servicio de Catastro e Información Territorial,IGN
2014,798,2014-01-22,Miercoles,0.0,10:15:00,,0.0,2,"Automóvil,Moto/Ciclomotor",1 de Mayo Y Garibaldi,2,1,0,0,1,0,0,,Calle,,ROSARIO,Rosario,Asfalto,No existe,II,Dentro,Urbana,Ninguna,No existe,Intersección,Bueno,Buena,Diurna,Buen Tiempo,Lateral,S/D,Colisión,Ninguna,Horizontal,Cordón divisorio,Sin restricción,POINT (-60.6395995 -32.9874685),"['Primero de Mayo', 'José Garibaldi']",2,Primero de Mayo; José Garibaldi,-32.9874685,-60.6395995,55.0,538.0,Municipio Rosario,Municipio,Rosario,820210,Servicio de Catastro e Información Territorial,IGN
2014,799,2014-01-27,Lunes,0.0,11:30:00,,0.0,2,"Automóvil,Moto/Ciclomotor",Cerrito Y Av. Corrientes,2,1,0,0,1,0,0,,Calle,,ROSARIO,Rosario,Asfalto,S/D,II,Dentro,Urbana,S/D,S/D,Intersección,S/D,S/D,Diurna,S/D,S/D,S/D,S/D,S/D,S/D,S/D,S/D,POINT (-60.6462178 -32.96111909999998),"['Cerrito', 'Corrientes']",2,Cerrito; Corrientes,-32.96111909999998,-60.6462178,55.0,538.0,Municipio Rosario,Municipio,Rosario,820210,Servicio de Catastro e Información Territorial,IGN
2014,800,2014-01-06,Lunes,0.0,07:50:00,,0.0,2,"Moto/Ciclomotor,Pickup/Utilitario",Bv. 27 De Febrero Y Colon,2,1,0,0,1,0,0,,Avenida,,ROSARIO,Rosario,Asfalto,No existe,II,Dentro,Urbana,Ninguna,No existe,Recta,Bueno,Buena,Diurna,Buen Tiempo,Lateral,S/D,Colisión,Ninguna,Faltante,Ninguna,Sin restricción,POINT (-60.63087325 -32.96985020000001),"['27 de Febrero', 'Colon']",2,Bulevar 27 de Febrero; Cristóbal Colón,-32.96985020000001,-60.63087325,55.0,538.0,Municipio Rosario,Municipio,Rosario,820210,Servicio de Catastro e Información Territorial,IGN
2014,801,2014-01-25,Sabado,0.0,19:10:00,,0.0,2,"Automóvil,Moto/Ciclomotor",Av. Pellegrini Y Mariano Moreno,2,1,0,0,1,0,0,,Calle,,ROSARIO,Rosario,S/D,S/D,II,Dentro,Urbana,S/D,S/D,S/D,S/D,S/D,Atardecer,S/D,S/D,S/D,S/D,S/D,S/D,S/D,S/D,POINT (-60.65335815 -32.955066949999996),"['Pellegrini', 'Mariano Moreno']",2,Avenida Carlos Pellegrini; Mariano Moreno,-32.95506695,-60.65335815,55.0,538.0,Municipio Rosario,Municipio,Rosario,820210,Servicio de Catastro e Información Territorial,IGN
2014,802,2014-01-21,Martes,0.0,13:00:00,,0.0,2,"Automóvil,Bicicleta",Laprida Y P.L.Funes,2,1,0,0,1,0,0,,Calle,,ROSARIO,Rosario,Asfalto,No existe,II,S/D,Urbana,Ninguna,No existe,Intersección,Bueno,Buena,Diurna,Buen Tiempo,S/D,S/D,Atropello,Ninguna,Horizontal,Cordón divisorio,Sin restricción,POINT (-60.6415715 -32.9763678),"['Laprida', 'Funes']",2,Francisco Narciso Laprida; Deán Gregorio Funes,-32.9763678,-60.6415715,55.0,538.0,Municipio Rosario,Municipio,Rosario,820210,Servicio de Catastro e Información Territorial,IGN
2014,803,2014-01-21,Martes,0.0,04:00:00,,0.0,2,"Moto/Ciclomotor,Pickup/Utilitario",Av. Eva Peron Y Av. Provincias Unidas,3,2,0,0,1,0,0,,Avenida,,ROSARIO,Rosario,Asfalto,Pavimento,II,Dentro,Urbana,Semáforo,Funciona,Recta,Bueno,S/D,Nocturna,S/D,Frontal,S/D,Colisión,S/D,"Horizontal,Vertical",Cordón divisorio,Sin restricción,POINT (-60.712952900000005 -32.933009625),"['Avenida Eva Perón', 'Avenida Provincias Unidas']",2,Avenida Eva Perón; Avenida Provincias Unidas,-32.933009625,-60.712952900000005,55.0,538.0,Municipio Rosario,Municipio,Rosario,820210,Servicio de Catastro e Información Territorial,IGN
2014,804,2014-01-23,Jueves,0.0,16:30:00,,0.0,2,"Taxi/Remis,Moto/Ciclomotor",Pte.Roca Y Rueda,2,1,0,0,1,0,0,,Calle,,ROSARIO,Rosario,S/D,S/D,II,Dentro,Urbana,S/D,S/D,S/D,S/D,S/D,S/D,S/D,S/D,S/D,S/D,S/D,S/D,S/D,S/D,POINT (-60.651312299999994 -32.9698337),"['Roca', 'Rueda']",2,Presidente Roca; Rueda,-32.9698337,-60.6513123,55.0,538.0,Municipio Rosario,Municipio,Rosario,820210,Servicio de Catastro e Información Territorial,IGN
2014,805,2014-01-25,Sabado,0.0,17:30:00,,0.0,2,"Pickup/Utilitario,Automóvil",San Martin Y Viamonte,3,2,0,0,1,0,0,,Calle,,ROSARIO,Rosario,S/D,S/D,II,Dentro,Urbana,S/D,S/D,S/D,S/D,S/D,S/D,S/D,S/D,S/D,S/D,S/D,S/D,S/D,S/D,POINT (-60.64145630000001 -32.96560950000001),"['San Martin', 'Viamonte']",2,José de San Martín; Viamonte,-32.96560950000001,-60.64145630000001,55.0,538.0,Municipio Rosario,Municipio,Rosario,820210,Servicio de Catastro e Información Territorial,IGN
2014,807,2014-01-06,Lunes,0.0,20:15:00,,0.0,2,"Bicicleta,Automóvil",Ocampo Y Buenos Aires,2,1,0,0,1,0,0,,Calle,,ROSARIO,Rosario,Asfalto,No existe,II,Dentro,Urbana,Señal Pare,No existe,Intersección,Bueno,Buena,Atardecer,Buen Tiempo,S/D,S/D,Atropello,Ninguna,Vertical,Ninguna,Sin restricción,POINT (-60.637728 -32.9674326),"['Ocampo', 'Buenos Aires']",2,Ocampo; Buenos Aires,-32.9674326,-60.637728,55.0,538.0,Municipio Rosario,Municipio,Rosario,820210,Servicio de Catastro e Información Territorial,IGN
2014,808,2014-01-20,Lunes,0.0,08:30:00,,0.0,2,"Moto/Ciclomotor,Automóvil",Av. Eva Peron 9000,2,1,0,0,1,0,0,,Avenida,,ROSARIO,Rosario,Asfalto,No existe,II,Dentro,Urbana,Ninguna,No existe,Recta,Bueno,S/D,Diurna,S/D,Frontal,S/D,Colisión,S/D,Horizontal,Barrera de hormigón,S/D,"-32.9255653, -60.7593676",['Eva Peron 9000'],1,Eva Peron 9000,-32.9255653,-60.7593676,55.0,538.0,Municipio Rosario,Municipio,Rosario,820210,Servicio de Catastro e Información Territorial,IGN
2014,809,2014-01-16,Jueves,0.0,12:00:00,,0.0,2,"Moto/Ciclomotor,Automóvil",Av. Provincias Unidas Y Bielsa,2,1,0,0,1,0,0,,Avenida,,ROSARIO,Rosario,Asfalto,Pavimento,II,Dentro,Urbana,Ninguna,S/D,Recta,Bueno,S/D,Diurna,S/D,Frontal,S/D,Colisión,S/D,Horizontal,Barrera de hormigón,Sin restricción,POINT (-60.713336850000005 -32.92376639999999),"['Avenida Provincias Unidas', 'Bielsa']",2,Avenida Provincias Unidas; Bielsa,-32.92376639999999,-60.713336850000005,55.0,538.0,Municipio Rosario,Municipio,Rosario,820210,Servicio de Catastro e Información Territorial,IGN
2014,810,2014-01-01,Miercoles,0.0,,,0.0,2,"Automóvil,Moto/Ciclomotor",Bv. 27 De Febrero Y Chacabuco,2,0,1,0,0,0,1,,Avenida,,ROSARIO,Rosario,Asfalto,No existe,II,S/D,Urbana,Ninguna,No existe,Intersección,Bueno,Buena,Nocturna,Buen Tiempo,Lateral,S/D,Colisión,S/D,Vertical,Cordón divisorio,Sin restricción,POINT (-60.6281393 -32.97034194999999),"['27 de Febrero', 'Chacabuco']",2,Bulevar 27 de Febrero; Chacabuco,-32.97034194999999,-60.6281393,55.0,538.0,Municipio Rosario,Municipio,Rosario,820210,Servicio de Catastro e Información Territorial,IGN
2014,811,2014-01-25,Sabado,0.0,08:45:00,,0.0,2,"Automóvil,Automóvil",Bv. 27 De Febrero Y Av. Ovidio Lagos,2,1,0,0,1,0,0,,Calle,,ROSARIO,Rosario,Asfalto,S/D,II,Dentro,Urbana,Semáforo,S/D,Intersección,S/D,S/D,S/D,S/D,S/D,S/D,S/D,S/D,S/D,S/D,S/D,POINT (-60.66661663333334 -32.963496),"['27 de Febrero', 'Avenida Ovidio Lagos']",2,Bulevar 27 de Febrero; Avenida Ovidio Lagos,-32.963496,-60.66661663333334,55.0,538.0,Municipio Rosario,Municipio,Rosario,820210,Servicio de Catastro e Información Territorial,IGN
2014,812,2014-01-21,Martes,0.0,,,0.0,3,"Automóvil,Automóvil,Automóvil",Av. Uriburu Y Flamarion,4,2,0,0,2,0,0,,Calle,,ROSARIO,Rosario,Asfalto,S/D,II,S/D,Urbana,Otra Señal,No existe,Paso a Nivel FFCC,S/D,Buena,S/D,Buen Tiempo,Múltiple,S/D,Colisión,S/D,S/D,S/D,S/D,POINT (-60.66255125 -32.991189549999994),"['Uriburu', 'Camilo Flammarion']",2,Avenida José Uriburu; Camilo Flammarion,-32.991189549999994,-60.66255125,55.0,538.0,Municipio Rosario,Municipio,Rosario,820210,Servicio de Catastro e Información Territorial,IGN
2014,814,2014-01-12,Domingo,0.0,09:00:00,,0.0,2,"Automóvil,Moto/Ciclomotor",Saavedra Y Maipu,3,1,0,0,2,0,0,,Calle,,ROSARIO,Rosario,Asfalto,No existe,II,Dentro,Urbana,Señal Ceda el Paso,No existe,Recta,Bueno,Buena,Diurna,Buen Tiempo,De alcance,S/D,Colisión,Ninguna,Horizontal,Línea divisoria pintada,Sin restricción,POINT (-60.6433538 -32.97843379999999),"['Saavedra', 'Maipú']",2,Saavedra; Maipú,-32.97843379999999,-60.6433538,55.0,538.0,Municipio Rosario,Municipio,Rosario,820210,Servicio de Catastro e Información Territorial,IGN
2014,815,2014-01-22,Miercoles,0.0,12:10:00,,0.0,2,"Pickup/Utilitario,Moto/Ciclomotor",Av. Ovidio Lagos Y Galvez,2,1,0,0,1,0,0,,Calle,,ROSARIO,Rosario,S/D,S/D,II,Dentro,Urbana,S/D,S/D,S/D,S/D,S/D,S/D,S/D,S/D,S/D,S/D,S/D,S/D,S/D,S/D,POINT (-60.666903 -32.96464895),"['Avenida Ovidio Lagos', 'Galvez']",2,Avenida Ovidio Lagos; José Gálvez,-32.96464895,-60.666903,55.0,538.0,Municipio Rosario,Municipio,Rosario,820210,Servicio de Catastro e Información Territorial,IGN
2014,816,2014-01-13,Lunes,0.0,20:00:00,,0.0,2,"Automóvil,Automóvil",Av. Corrientes Y Garay,2,2,0,0,0,0,0,,Calle,,ROSARIO,Rosario,Asfalto,S/D,II,Dentro,Urbana,S/D,No existe,Intersección,Bueno,Buena,Nocturna,Buen Tiempo,De alcance,S/D,Colisión,S/D,S/D,S/D,Obra en Construcción,POINT (-60.6494391 -32.97375759999999),"['Corrientes', 'Garay']",2,Corrientes; Juan de Garay,-32.97375759999999,-60.6494391,55.0,538.0,Municipio Rosario,Municipio,Rosario,820210,Servicio de Catastro e Información Territorial,IGN
2014,817,2014-01-20,Lunes,0.0,18:10:00,,0.0,2,"Pickup/Utilitario,Moto/Ciclomotor",Bv. Segui Y Paraguay,2,1,0,0,1,0,0,,Calle,,ROSARIO,Rosario,Asfalto,S/D,II,Dentro,Urbana,S/D,No existe,S/D,Bueno,Buena,Diurna,Buen Tiempo,De alcance,S/D,Colisión,S/D,S/D,S/D,Sin restricción,POINT (-60.6519554 -32.9780774),"['Bulevar Juan Francisco Seguí', 'Paraguay']",2,Bulevar Juan Francisco Seguí; Paraguay,-32.9780774,-60.6519554,55.0,538.0,Municipio Rosario,Municipio,Rosario,820210,Servicio de Catastro e Información Territorial,IGN
2014,818,2014-01-08,Miercoles,0.0,01:00:00,,0.0,2,"Moto/Ciclomotor,Taxi/Remis",Pte.Quintana Y Necochea,2,1,0,0,1,0,0,,Calle,,ROSARIO,Rosario,Asfalto,No existe,II,Dentro,Urbana,Marca Vial,No existe,Intersección,Bueno,Buena,"Nocturna,Con luz artificial",Buen Tiempo,Lateral,S/D,Colisión,Ninguna,Vertical,Línea divisoria pintada,Sin restricción,POINT (-60.6332612 -32.9850252),"['Quintana', 'Necochea']",2,Presidente Quintana; Necochea,-32.9850252,-60.6332612,55.0,538.0,Municipio Rosario,Municipio,Rosario,820210,Servicio de Catastro e Información Territorial,IGN
2014,819,2014-01-06,Lunes,0.0,10:10:00,,0.0,2,"Bicicleta,Pickup/Utilitario",Ayacucho 2300,2,1,0,0,1,0,0,,Calle,,ROSARIO,Rosario,Asfalto,No existe,II,Dentro,Urbana,Ninguna,No existe,Recta,Bueno,Buena,Diurna,Buen Tiempo,Contra objeto fijo,S/D,Colisión,Ninguna,Faltante,Ninguna,Sin restricción,"-32.9660296, -60.6314037",['Ayacucho 2300'],1,Ayacucho 2300,-32.9660296,-60.6314037,55.0,538.0,Municipio Rosario,Municipio,Rosario,820210,Servicio de Catastro e Información Territorial,IGN
2014,820,2014-01-13,Lunes,0.0,14:30:00,,0.0,2,"Taxi/Remis,Camión",San Martin Y Dr.Rivas,4,3,0,0,1,0,0,,Avenida,,ROSARIO,Rosario,Asfalto,S/D,II,Dentro,Urbana,S/D,S/D,Intersección,Bueno,Buena,Diurna,Buen Tiempo,De alcance,S/D,Despeñamiento,S/D,S/D,S/D,Sin restricción,POINT (-60.645282200000004 -32.984076599999995),"['San Martin', 'Doctor Francisco Riva']",2,José de San Martín; Doctor Francisco Riva,-32.984076599999995,-60.6452822,55.0,538.0,Municipio Rosario,Municipio,Rosario,820210,Servicio de Catastro e Información Territorial,IGN
2014,821,2014-01-05,Domingo,0.0,09:30:00,,0.0,2,"Bicicleta,Moto/Ciclomotor",Pte.Quintana Y L.N.Alem,2,1,0,0,1,0,0,,Calle,,ROSARIO,Rosario,Asfalto,No existe,II,Dentro,Urbana,Marca Vial,No existe,Intersección,Bueno,Buena,Diurna,Buen Tiempo,S/D,S/D,Atropello,Otro,Vertical,Línea divisoria pintada,Sin restricción,POINT (-60.6373705 -32.9843019),"['Quintana', 'Alem']",2,Presidente Quintana; Leandro N. Alem,-32.9843019,-60.6373705,55.0,538.0,Municipio Rosario,Municipio,Rosario,820210,Servicio de Catastro e Información Territorial,IGN
2014,822,2014-01-20,Lunes,0.0,16:55:00,,0.0,2,"Automóvil,Moto/Ciclomotor",Av. Corrientes Y Viamonte,2,1,0,0,1,0,0,,Calle,,ROSARIO,Rosario,S/D,S/D,II,Dentro,Urbana,S/D,S/D,S/D,S/D,S/D,S/D,S/D,S/D,S/D,S/D,S/D,S/D,S/D,S/D,POINT (-60.6471065 -32.96460619999999),"['Corrientes', 'Viamonte']",2,Corrientes; Viamonte,-32.96460619999999,-60.6471065,55.0,538.0,Municipio Rosario,Municipio,Rosario,820210,Servicio de Catastro e Información Territorial,IGN
2014,823,2014-01-20,Lunes,0.0,12:20:00,,0.0,2,"Pickup/Utilitario,Moto/Ciclomotor",Bv. Segui Y Mitre,2,1,0,0,1,0,0,,Calle,,ROSARIO,Rosario,Asfalto,S/D,II,Dentro,Urbana,S/D,No existe,Intersección,Bueno,Buena,Diurna,Buen Tiempo,De alcance,S/D,Colisión,S/D,S/D,S/D,Sin restricción,POINT (-60.6477426 -32.97883275),"['Bulevar Juan Francisco Seguí', 'Mitre']",2,Bulevar Juan Francisco Seguí; Bartolomé Mitre,-32.97883275,-60.6477426,55.0,538.0,Municipio Rosario,Municipio,Rosario,820210,Servicio de Catastro e Información Territorial,IGN
2014,824,2014-01-13,Lunes,0.0,16:30:00,,0.0,2,"Peatón,Pickup/Utilitario",Lamadrid Y Pje. Raffo,2,1,0,0,1,0,0,,S/D,,ROSARIO,Rosario,Asfalto,S/D,II,S/D,S/D,S/D,No existe,Recta,Bueno,Buena,Diurna,Buen Tiempo,S/D,S/D,Atropello,S/D,S/D,S/D,S/D,POINT (-60.64951330000001 -32.9971088),"['Lamadrid', 'Raffo']",2,Gregorio Aráoz de Lamadrid; Raffo,-32.9971088,-60.64951330000001,55.0,538.0,Municipio Rosario,Municipio,Rosario,820210,Servicio de Catastro e Información Territorial,IGN
2014,825,2014-01-14,Martes,0.0,13:15:00,,0.0,2,"Moto/Ciclomotor,Automóvil",Pte.Roca Y Centeno,2,1,0,0,1,0,0,,Calle,,ROSARIO,Rosario,Asfalto,No existe,II,Dentro,Urbana,Ninguna,No existe,Intersección,Bueno,Buena,Diurna,Buen Tiempo,Lateral,S/D,Colisión,Ninguna,Faltante,Ninguna,Sin restricción,POINT (-60.6547889 -32.9835668),"['Roca', 'Centeno']",2,Presidente Roca; Coronel Centeno,-32.9835668,-60.6547889,55.0,538.0,Municipio Rosario,Municipio,Rosario,820210,Servicio de Catastro e Información Territorial,IGN
2014,826,2014-01-01,Miercoles,0.0,,,0.0,2,"Automóvil,Automóvil",Buenos Aires Y Av. Pellegrini,4,3,0,0,1,0,0,,Avenida,,ROSARIO,Rosario,Asfalto,No existe,II,Dentro,Urbana,Semáforo,Funciona,Recta,Bueno,Buena,Nocturna,Buen Tiempo,De alcance,S/D,Colisión,Ninguna,Vertical,Ninguna,Sin restricción,POINT (-60.63639453333334 -32.982757233333324),"['Buenos Aires', 'Pellegrini']",2,Buenos Aires; Avenida Carlos Pellegrini,-32.982757233333324,-60.63639453333334,55.0,538.0,Municipio Rosario,Municipio,Rosario,820210,Servicio de Catastro e Información Territorial,IGN
2014,827,2014-01-19,Domingo,0.0,12:50:00,,0.0,2,"Moto/Ciclomotor,Automóvil",Bv. Segui Y Italia,3,2,0,0,1,0,0,,Calle,,ROSARIO,Rosario,Asfalto,S/D,II,Dentro,Urbana,S/D,No existe,S/D,Bueno,Buena,Diurna,Buen Tiempo,De alcance,S/D,Colisión,S/D,S/D,S/D,S/D,POINT (-60.6560807 -32.977334),"['Bulevar Juan Francisco Seguí', 'Italia']",2,Bulevar Juan Francisco Seguí; Italia,-32.977334,-60.6560807,55.0,538.0,Municipio Rosario,Municipio,Rosario,820210,Servicio de Catastro e Información Territorial,IGN
2014,828,2014-01-16,Jueves,0.0,,,0.0,2,"Pickup/Utilitario,Moto/Ciclomotor",Virasoro Y Sarmiento,3,1,0,0,2,0,0,,Calle,,ROSARIO,Rosario,S/D,S/D,II,Dentro,Urbana,S/D,S/D,S/D,S/D,S/D,S/D,S/D,S/D,S/D,S/D,S/D,S/D,S/D,S/D,POINT (-60.6440624 -32.969927),"['Virasoro', 'Sarmiento']",2,Benjamín Virasoro; Sarmiento,-32.969927,-60.6440624,55.0,538.0,Municipio Rosario,Municipio,Rosario,820210,Servicio de Catastro e Información Territorial,IGN
2014,829,2014-01-14,Martes,0.0,10:40:00,,0.0,2,"Moto/Ciclomotor,Automóvil",Entre Rios Y Dean Funes,2,1,0,0,1,0,0,,Calle,,ROSARIO,Rosario,Asfalto,No existe,II,Dentro,Urbana,Ninguna,No existe,Intersección,Bueno,Buena,Diurna,Buen Tiempo,Lateral,S/D,Colisión,S/D,Faltante,Ninguna,Sin restricción,POINT (-60.6483161 -32.9751589),"['Entre Ríos', 'Deán Gregorio Funes']",2,Entre Ríos; Deán Gregorio Funes,-32.9751589,-60.6483161,55.0,538.0,Municipio Rosario,Municipio,Rosario,820210,Servicio de Catastro e Información Territorial,IGN