anio_acci,nro_acci,fecha,desc_dia,fecha_aprox,hora_aprox,desc_ruta,km,cant_participantes,desc_participante,calle_avenida_km,total,heridos_leves,heridos_graves,heridos_gravisimos,ilesos,fallecidos,sin_datos,posicion_XY,desc_tipo_via,desc_ruta_ori,desc_loc,desc_dpto,desc_tipo_calzada,desc_tipo_banquina,desc_unidad_regional,desc_lugar_calzada,desc_zona,desc_prioridad,desc_estado_semaforo,desc_lugar_via,desc_estado_via,desc_estado_visibilidad,desc_luminosidad,desc_estado_clima,desc_tipo_colision,desc_tipo_atropello,desc_tipo_hecho,desc_pres_calzada,desc_senializacion,desc_separacion_via,desc_restriccion,forma_geocod,calle_lista,numero_calles,calles_osm,lat,lon,index_right,gid,fna,gna,nam,in1,fdc,sag
2014,934,2014-02-09,Domingo,0.0,22:30:00,,0.0,2,"Peatón,Moto/Ciclomotor",Ayacucho Y Gaboto,2,1,0,0,1,0,0,,Calle,,ROSARIO,Rosario,Asfalto,No existe,II,Dentro,Urbana,Marca Vial,No existe,Intersección,Bueno,Buena,Nocturna,Buen Tiempo,S/D,S/D,Atropello,Ninguna,Vertical,Línea divisoria pintada,Sin restricción,POINT (-60.633682699999994 -32.975366199999996),"['Ayacucho', 'Gaboto']",2,Ayacucho; Gaboto,-32.9753662,-60.6336827,55.0,538.0,Municipio Rosario,Municipio,Rosario,820210,Servicio de Catastro e Información Territorial,IGN
2014,935,2014-02-25,Martes,0.0,17:12:00,,0.0,2,"Automóvil,Moto/Ciclomotor",San Martin Y Garibaldi,3,2,0,0,1,0,0,,Calle,,ROSARIO,Rosario,Asfalto,No existe,II,Dentro,Urbana,S/D,No existe,Intersección,Bueno,Buena,Diurna,Buen Tiempo,Lateral,S/D,Colisión,Ninguna,Faltante,Ninguna,Sin restricción,POINT (-60.645777800000005 -32.986383249999996),"['San Martin', 'José Garibaldi']",2,José de San Martín; José Garibaldi,-32.98638325,-60.645777800000005,55.0,538.0,Municipio Rosario,Municipio,Rosario,820210,Servicio de Catastro e Información Territorial,IGN
2014,936,2014-02-05,Miercoles,0.0,19:50:00,,0.0,2,"Pickup/Utilitario,Moto/Ciclomotor",Alvear Y Pte.Quintana,3,2,0,0,1,0,0,,Calle,,ROSARIO,Rosario,Asfalto,No existe,II,Dentro,Urbana,Ninguna,No existe,Intersección,Bueno,Buena,Diurna,Buen Tiempo,Lateral,S/D,Colisión,Ninguna,Faltante,Ninguna,Sin restricción,POINT (-60.6637239 -32.9795759),"['Alvear', 'Quintana']",2,"('Alvear', 'Presidente Quintana')",-32.9795759,-60.6637239,55.0,538.0,Municipio Rosario,Municipio,Rosario,820210,Servicio de Catastro e Información Territorial,IGN
2014,937,2014-02-08,Sabado,0.0,02:00:00,,0.0,2,"Moto/Ciclomotor,Automóvil",Bv. Avellaneda Y Bv. Segui,3,2,0,0,1,0,0,,Avenida,,ROSARIO,Rosario,Asfalto,Pavimento,II,Dentro,Urbana,Marca Vial,Funciona,Intersección,Bueno,Buena,"Nocturna,Con luz artificial",Buen Tiempo,Lateral,S/D,Colisión,Ninguna,Vertical,Cordón divisorio,Sin restricción,POINT (-60.6873526625 -32.9717476875),"['Avellaneda', 'Bulevar Juan Francisco Seguí']",2,Bulevar Nicolás Avellaneda; Bulevar Juan Francisco Seguí,-32.9717476875,-60.6873526625,55.0,538.0,Municipio Rosario,Municipio,Rosario,820210,Servicio de Catastro e Información Territorial,IGN
2014,938,2014-02-24,Lunes,0.0,17:20:00,,0.0,2,"Automóvil,Moto/Ciclomotor",Bv. Oroño Y Bv. Segui,2,1,0,0,1,0,0,,Avenida,,ROSARIO,Rosario,Asfalto,No existe,II,Dentro,Urbana,Ninguna,No existe,Intersección,Bueno,Buena,Diurna,Buen Tiempo,Lateral,S/D,Colisión,Ninguna,Faltante,Ninguna,Sin restricción,POINT (-60.661523700000004 -32.976367025),"['Bulevar Nicasio Oroño', 'Bulevar Juan Francisco Seguí']",2,Bulevar Nicasio Oroño; Bulevar Juan Francisco Seguí,-32.976367025,-60.6615237,55.0,538.0,Municipio Rosario,Municipio,Rosario,820210,Servicio de Catastro e Información Territorial,IGN
2014,939,2014-02-08,Sabado,0.0,20:00:00,,0.0,2,"Moto/Ciclomotor,Automóvil",Buenos Aires Y Bv. Segui,3,2,0,0,1,0,0,,Calle,,ROSARIO,Rosario,Asfalto,No existe,II,Dentro,Urbana,Marca Vial,No existe,Intersección,Bueno,Buena,"Nocturna,Con luz artificial",Buen Tiempo,Lateral,S/D,Colisión,Ninguna,Vertical,Cordón divisorio,Sin restricción,POINT (-60.640923400000005 -32.98006374999999),"['Buenos Aires', 'Bulevar Juan Francisco Seguí']",2,Buenos Aires; Bulevar Juan Francisco Seguí,-32.98006374999999,-60.640923400000005,55.0,538.0,Municipio Rosario,Municipio,Rosario,820210,Servicio de Catastro e Información Territorial,IGN
2014,940,2014-02-08,Sabado,0.0,16:50:00,,0.0,2,"Automóvil,Moto/Ciclomotor",Dr.Rivas Y Rodriguez,4,3,0,0,1,0,0,,Calle,,ROSARIO,Rosario,Asfalto,No existe,II,Dentro,Urbana,Ninguna,No existe,Intersección,Bueno,Buena,Diurna,Buen Tiempo,Lateral,S/D,Colisión,Ninguna,Faltante,Ninguna,Sin restricción,POINT (-60.66813750000001 -32.97999129999999),"['Doctor Francisco Riva', 'Rodríguez']",2,Doctor Francisco Riva; Rodríguez de Escobedo,-32.97999129999999,-60.66813750000001,55.0,538.0,Municipio Rosario,Municipio,Rosario,820210,Servicio de Catastro e Información Territorial,IGN
2014,941,2014-02-06,Jueves,0.0,20:00:00,,0.0,2,"Moto/Ciclomotor,Automóvil",J.M.de Rosas Y Gaboto,3,2,0,0,1,0,0,,Calle,,ROSARIO,Rosario,Asfalto,No existe,II,Dentro,Urbana,Marca Vial,No existe,Intersección,Bueno,Buena,"Nocturna,Con luz artificial",Buen Tiempo,Lateral,S/D,Colisión,Ninguna,Vertical,Línea divisoria pintada,Sin restricción,POINT (-60.6380379 -32.9745911),"['De Rosas', 'Gaboto']",2,Juan Manuel de Rosas; Gaboto,-32.9745911,-60.6380379,55.0,538.0,Municipio Rosario,Municipio,Rosario,820210,Servicio de Catastro e Información Territorial,IGN
2014,942,2014-02-21,Viernes,0.0,09:00:00,,0.0,2,"Automóvil,Moto/Ciclomotor",San Martin Y Hilarion de la Quintana,2,1,0,0,1,0,0,,Avenida,,ROSARIO,Rosario,Asfalto,No existe,II,Dentro,Urbana,Ninguna,No existe,Intersección,Bueno,Buena,Diurna,Buen Tiempo,Lateral,S/D,Colisión,Ninguna,Faltante,Ninguna,Sin restricción,POINT (-60.64892185 -33.00095949999999),"['San Martin', 'Hilarión de la Quintana']",2,José de San Martín; Hilarión de la Quintana,-33.00095949999999,-60.64892185,55.0,538.0,Municipio Rosario,Municipio,Rosario,820210,Servicio de Catastro e Información Territorial,IGN
2014,943,2014-02-15,Sabado,0.0,13:15:00,,0.0,2,"Taxi/Remis,Moto/Ciclomotor",Sarmiento Y J.M.Gutierrez,2,1,0,0,1,0,0,,Calle,,ROSARIO,Rosario,Asfalto,No existe,II,Dentro,Urbana,Ninguna,No existe,Intersección,Bueno,Buena,Diurna,Buen Tiempo,Lateral,S/D,Colisión,Ninguna,Faltante,Ninguna,Sin restricción,POINT (-60.649265 -32.9940194),"['Sarmiento', 'Gutierrez']",2,Sarmiento; Ricardo Gutierrez,-32.9940194,-60.649265,55.0,538.0,Municipio Rosario,Municipio,Rosario,820210,Servicio de Catastro e Información Territorial,IGN
2014,944,2014-02-09,Domingo,0.0,03:17:00,,0.0,2,"Automóvil,Automóvil",Amenabar Y Paraguay,4,1,0,0,3,0,0,,Calle,,ROSARIO,Rosario,Asfalto,No existe,II,Dentro,Urbana,Ninguna,No existe,Intersección,Bueno,Buena,Nocturna,Buen Tiempo,Lateral,S/D,Colisión,Ninguna,Faltante,Ninguna,Sin restricción,POINT (-60.65023029999999 -32.97121039999999),"['Amenabar', 'Paraguay']",2,José de Amenábar; Paraguay,-32.97121039999999,-60.65023029999999,55.0,538.0,Municipio Rosario,Municipio,Rosario,820210,Servicio de Catastro e Información Territorial,IGN
2014,945,2014-02-06,Jueves,0.0,18:30:00,,0.0,2,"Moto/Ciclomotor,Automóvil",Dr.Rivas Y Chacabuco,2,1,0,0,1,0,0,,Calle,,ROSARIO,Rosario,Asfalto,No existe,II,Dentro,Urbana,Marca Vial,No existe,Intersección,Bueno,Buena,Atardecer,Buen Tiempo,Lateral,S/D,Colisión,Ninguna,Horizontal,Línea divisoria pintada,Sin restricción,POINT (-60.6321576 -32.986458899999995),"['Doctor Francisco Riva', 'Chacabuco']",2,Doctor Francisco Riva; Chacabuco,-32.986458899999995,-60.6321576,55.0,538.0,Municipio Rosario,Municipio,Rosario,820210,Servicio de Catastro e Información Territorial,IGN
2014,946,2014-02-21,Viernes,0.0,09:45:00,,0.0,2,"Peatón,Automóvil",Pte.Roca Y Bv. Segui,2,1,0,0,1,0,0,,Calle,,ROSARIO,Rosario,S/D,S/D,II,Dentro,Urbana,S/D,No existe,Intersección,S/D,S/D,Diurna,S/D,S/D,S/D,Atropello,S/D,S/D,S/D,S/D,POINT (-60.653334750000006 -32.97782885),"['Roca', 'Bulevar Juan Francisco Seguí']",2,Presidente Roca; Bulevar Juan Francisco Seguí,-32.97782885,-60.653334750000006,55.0,538.0,Municipio Rosario,Municipio,Rosario,820210,Servicio de Catastro e Información Territorial,IGN
2014,947,2014-02-05,Miercoles,0.0,18:00:00,,0.0,2,"Moto/Ciclomotor,Automóvil",1 de Mayo Y Bv. Segui,2,1,0,0,1,0,0,,Calle,,ROSARIO,Rosario,Asfalto,No existe,II,Dentro,Urbana,Marca Vial,No existe,Intersección,Bueno,Buena,Atardecer,Buen Tiempo,Lateral,S/D,Colisión,Ninguna,Vertical,Línea divisoria pintada,Sin restricción,POINT (-60.63787925 -32.98061510000001),"['Primero de Mayo', 'Bulevar Juan Francisco Seguí']",2,Primero de Mayo; Bulevar Juan Francisco Seguí,-32.98061510000001,-60.63787925,55.0,538.0,Municipio Rosario,Municipio,Rosario,820210,Servicio de Catastro e Información Territorial,IGN
2014,948,2014-02-09,Domingo,0.0,11:00:00,,0.0,2,"Automóvil,Moto/Ciclomotor",Italia Y Bv. Segui,3,2,0,0,1,0,0,,Calle,,ROSARIO,Rosario,Asfalto,No existe,II,Dentro,Urbana,Ninguna,No existe,Intersección,Bueno,Buena,Diurna,Buen Tiempo,Lateral,S/D,Colisión,Ninguna,Faltante,Ninguna,Sin restricción,POINT (-60.6560807 -32.977334),"['Italia', 'Bulevar Juan Francisco Seguí']",2,Italia; Bulevar Juan Francisco Seguí,-32.977334,-60.6560807,55.0,538.0,Municipio Rosario,Municipio,Rosario,820210,Servicio de Catastro e Información Territorial,IGN
2014,949,2014-02-19,Miercoles,0.0,13:10:00,,0.0,2,"Automóvil,Taxi/Remis",San Martin Y Gaboto,3,2,0,0,1,0,0,,Calle,,ROSARIO,Rosario,Asfalto,No existe,II,Dentro,Urbana,Semáforo,Funciona,Intersección,Bueno,Buena,Diurna,Buen Tiempo,Lateral,S/D,Colisión,S/D,S/D,Ninguna,Sin restricción,POINT (-60.6434439 -32.9736111),"['San Martin', 'Gaboto']",2,José de San Martín; Gaboto,-32.9736111,-60.6434439,55.0,538.0,Municipio Rosario,Municipio,Rosario,820210,Servicio de Catastro e Información Territorial,IGN
2014,950,2014-02-10,Lunes,0.0,15:50:00,,0.0,2,"Automóvil,Pickup/Utilitario",Callao Y 24 De Setiembre,2,1,0,0,1,0,0,,Calle,,ROSARIO,Rosario,Asfalto,No existe,II,Dentro,Urbana,Ninguna,No existe,Intersección,Bueno,Buena,Diurna,Buen Tiempo,Lateral,S/D,Colisión,Ninguna,Faltante,Ninguna,Sin restricción,POINT (-60.66858870000001 -32.976327999999995),"['Callao', '24 de Septiembre']",2,Callao; 24 de Septiembre,-32.976327999999995,-60.66858870000001,55.0,538.0,Municipio Rosario,Municipio,Rosario,820210,Servicio de Catastro e Información Territorial,IGN
2014,951,2014-02-16,Domingo,0.0,14:40:00,,0.0,2,"Moto/Ciclomotor,Taxi/Remis",Ayacucho Y Bv. Segui,2,1,0,0,1,0,0,,Calle,,ROSARIO,Rosario,Asfalto,No existe,II,Dentro,Urbana,Marca Vial,No existe,Intersección,Bueno,Buena,Diurna,Buen Tiempo,Lateral,S/D,Colisión,Ninguna,Vertical,Línea divisoria pintada,Sin restricción,POINT (-60.63548025 -32.9810463),"['Ayacucho', 'Bulevar Juan Francisco Seguí']",2,Ayacucho; Bulevar Juan Francisco Seguí,-32.9810463,-60.63548025,55.0,538.0,Municipio Rosario,Municipio,Rosario,820210,Servicio de Catastro e Información Territorial,IGN
2014,952,2014-02-19,Miercoles,0.0,06:00:00,,0.0,2,"Bicicleta,Automóvil",Av. Corrientes Y J.M.Gutierrez,2,1,0,0,1,0,0,,Calle,,ROSARIO,Rosario,Asfalto,No existe,II,Dentro,Urbana,Ninguna,No existe,Intersección,Bueno,Buena,Diurna,Buen Tiempo,S/D,S/D,Atropello,Ninguna,Faltante,Ninguna,Sin restricción,POINT (-60.653581100000004 -32.9941629),"['Corrientes', 'Gutierrez']",2,Corrientes; Ricardo Gutierrez,-32.9941629,-60.6535811,55.0,538.0,Municipio Rosario,Municipio,Rosario,820210,Servicio de Catastro e Información Territorial,IGN
2014,953,2014-02-10,Lunes,0.0,12:45:00,,0.0,2,"Pickup/Utilitario,Automóvil",San Martin Y Garibaldi,3,1,0,0,2,0,0,,Calle,,ROSARIO,Rosario,Asfalto,No existe,II,Dentro,Urbana,Ninguna,S/D,Intersección,Bueno,Buena,Diurna,Buen Tiempo,Lateral,S/D,Colisión,Ninguna,Faltante,Ninguna,Sin restricción,POINT (-60.645777800000005 -32.986383249999996),"['San Martin', 'José Garibaldi']",2,José de San Martín; José Garibaldi,-32.98638325,-60.645777800000005,55.0,538.0,Municipio Rosario,Municipio,Rosario,820210,Servicio de Catastro e Información Territorial,IGN
2014,954,2014-02-25,Martes,0.0,16:00:00,,0.0,2,"Moto/Ciclomotor,Automóvil",L.N.Alem Y Pte.Quintana,3,2,0,0,1,0,0,,Calle,,ROSARIO,Rosario,Asfalto,No existe,II,Dentro,Urbana,Marca Vial,No existe,Intersección,Bueno,Buena,Diurna,Buen Tiempo,Lateral,S/D,Colisión,Ninguna,Vertical,Línea divisoria pintada,Sin restricción,POINT (-60.6373705 -32.9843019),"['Alem', 'Quintana']",2,Leandro N. Alem; Presidente Quintana,-32.9843019,-60.6373705,55.0,538.0,Municipio Rosario,Municipio,Rosario,820210,Servicio de Catastro e Información Territorial,IGN
2014,955,2014-02-17,Lunes,0.0,19:10:00,,0.0,2,"Taxi/Remis,Automóvil",Sarmiento Y Ameghino,3,1,0,0,2,0,0,,Calle,,ROSARIO,Rosario,Asfalto,No existe,II,Dentro,Urbana,Ninguna,No existe,Intersección,Bueno,Buena,Diurna,Buen Tiempo,Lateral,S/D,Colisión,S/D,Faltante,Ninguna,Sin restricción,POINT (-60.648415699999994 -32.987113400000005),"['Sarmiento', 'Ameghino']",2,Sarmiento; Ameghino,-32.987113400000005,-60.6484157,55.0,538.0,Municipio Rosario,Municipio,Rosario,820210,Servicio de Catastro e Información Territorial,IGN
2014,956,2014-02-24,Lunes,0.0,09:15:00,,0.0,2,"Moto/Ciclomotor,Automóvil",Buenos Aires Y Gaboto,3,2,0,0,1,0,0,,Calle,,ROSARIO,Rosario,Asfalto,No existe,II,Dentro,Urbana,Marca Vial,No existe,Intersección,Bueno,Buena,Diurna,Buen Tiempo,Lateral,S/D,Colisión,Ninguna,Vertical,Línea divisoria pintada,Sin restricción,POINT (-60.6394701 -32.97433370000001),"['Buenos Aires', 'Gaboto']",2,Buenos Aires; Gaboto,-32.97433370000001,-60.6394701,55.0,538.0,Municipio Rosario,Municipio,Rosario,820210,Servicio de Catastro e Información Territorial,IGN
2014,957,2014-02-28,Viernes,1.0,16:30:00,,0.0,2,"Moto/Ciclomotor,Otros",Av. Ovidio Lagos Y Garibaldi,3,2,0,0,0,0,1,,Calle,,ROSARIO,Rosario,Asfalto,No existe,II,Dentro,Urbana,Ninguna,No existe,Intersección,Bueno,Buena,Diurna,Buen Tiempo,Lateral,S/D,Colisión,Ninguna,Faltante,Ninguna,Sin restricción,POINT (-60.671054299999994 -32.981854),"['Avenida Ovidio Lagos', 'José Garibaldi']",2,Avenida Ovidio Lagos; José Garibaldi,-32.981854,-60.6710543,55.0,538.0,Municipio Rosario,Municipio,Rosario,820210,Servicio de Catastro e Información Territorial,IGN
2014,958,2014-02-17,Lunes,0.0,11:20:00,,0.0,2,"Automóvil,Moto/Ciclomotor",Bv. Segui Y Pte.Roca,2,1,0,0,1,0,0,,Calle,,ROSARIO,Rosario,Asfalto,No existe,II,Dentro,Urbana,Ninguna,No existe,Intersección,Bueno,Buena,Diurna,Buen Tiempo,Lateral,S/D,Colisión,Ninguna,S/D,Ninguna,Sin restricción,POINT (-60.653334750000006 -32.97782885),"['Bulevar Juan Francisco Seguí', 'Roca']",2,Bulevar Juan Francisco Seguí; Presidente Roca,-32.97782885,-60.653334750000006,55.0,538.0,Municipio Rosario,Municipio,Rosario,820210,Servicio de Catastro e Información Territorial,IGN
2014,959,2014-02-28,Viernes,0.0,17:30:00,,0.0,2,"Moto/Ciclomotor,Automóvil",Av. Jorge Cura Y Callao,2,1,0,0,1,0,0,,Calle,,ROSARIO,Rosario,Asfalto,No existe,II,Dentro,Urbana,Ninguna,No existe,Intersección,Bueno,Buena,Diurna,Buen Tiempo,Lateral,S/D,Colisión,Ninguna,Faltante,Ninguna,S/D,POINT (-60.66700440000001 -32.96999869999999),"['Avenida Jorge Cura', 'Callao']",2,Avenida Jorge Cura; Callao,-32.96999869999999,-60.66700440000001,55.0,538.0,Municipio Rosario,Municipio,Rosario,820210,Servicio de Catastro e Información Territorial,IGN
2014,960,2014-02-17,Lunes,0.0,11:00:00,,0.0,2,"Automóvil,Moto/Ciclomotor",Biedma Y Bv. Oroño,2,1,0,0,1,0,0,,Avenida,,ROSARIO,Rosario,Asfalto,No existe,II,Dentro,Urbana,Ninguna,No existe,Intersección,Bueno,Buena,Diurna,Buen Tiempo,Lateral,S/D,Colisión,Ninguna,Faltante,Ninguna,Sin restricción,POINT (-60.66209965000001 -32.97866725),"['Coronel Biedma', 'Bulevar Nicasio Oroño']",2,Coronel Biedma; Bulevar Nicasio Oroño,-32.97866725,-60.66209965000001,55.0,538.0,Municipio Rosario,Municipio,Rosario,820210,Servicio de Catastro e Información Territorial,IGN
2014,961,2014-02-12,Miercoles,0.0,18:45:00,,0.0,2,"Automóvil,Taxi/Remis",Pje. Casablanca Y Mitre,2,1,0,0,1,0,0,,Calle,,ROSARIO,Rosario,Asfalto,No existe,II,Dentro,Urbana,Ninguna,No existe,Intersección,Bueno,Buena,Diurna,Buen Tiempo,Lateral,S/D,Colisión,Ninguna,Faltante,Ninguna,Sin restricción,POINT (-60.647907599999996 -32.97947049999999),"['Casablanca', 'Mitre']",2,Casablanca; Bartolomé Mitre,-32.97947049999999,-60.6479076,55.0,538.0,Municipio Rosario,Municipio,Rosario,820210,Servicio de Catastro e Información Territorial,IGN
2014,962,2014-02-02,Domingo,0.0,12:51:00,,0.0,3,"Automóvil,Automóvil,Peatón",Mariano Moreno Y Uruguay,3,3,0,0,0,0,0,,Calle,,ROSARIO,Rosario,Asfalto,No existe,II,Dentro,Urbana,Ninguna,No existe,Intersección,Bueno,Buena,Diurna,Buen Tiempo,Lateral,S/D,Colisión,Ninguna,Faltante,Ninguna,Sin restricción,POINT (-60.65820020000001 -32.97458339999999),"['Mariano Moreno', 'Uruguay']",2,Mariano Moreno; Uruguay,-32.97458339999999,-60.65820020000001,55.0,538.0,Municipio Rosario,Municipio,Rosario,820210,Servicio de Catastro e Información Territorial,IGN
2014,963,2014-02-18,Martes,0.0,23:30:00,,0.0,2,"Automóvil,Automóvil",Lamadrid Y Sarmiento,2,1,0,0,1,0,0,,Calle,,ROSARIO,Rosario,Asfalto,No existe,II,Dentro,Urbana,Ninguna,No existe,Intersección,Bueno,Buena,Nocturna,Buen Tiempo,Lateral,S/D,Colisión,Ninguna,Faltante,Ninguna,Sin restricción,POINT (-60.6491277 -32.9970986),"['Lamadrid', 'Sarmiento']",2,"('Gregorio Aráoz de Lamadrid', 'Sarmiento')",-32.9970986,-60.6491277,55.0,538.0,Municipio Rosario,Municipio,Rosario,820210,Servicio de Catastro e Información Territorial,IGN
2014,965,2014-02-08,Sabado,0.0,17:15:00,,0.0,2,"Automóvil,Automóvil",Grandoli Y Av. Uriburu,2,1,0,0,1,0,0,,Calle,,ROSARIO,Rosario,Asfalto,Pavimento,II,Dentro,Urbana,Ninguna,Funciona,Intersección,Bueno,Buena,Diurna,Buen Tiempo,Lateral,S/D,Colisión,S/D,Vertical,Cordón divisorio,Sin restricción,POINT (-60.62847275000001 -32.99009015),"['Avenida Abanderado Grandoli', 'Uriburu']",2,Avenida Abanderado Grandoli; Avenida José Uriburu,-32.99009015,-60.62847275000001,55.0,538.0,Municipio Rosario,Municipio,Rosario,820210,Servicio de Catastro e Información Territorial,IGN
2014,973,2014-02-10,Lunes,0.0,17:00:00,,0.0,2,"Moto/Ciclomotor,Automóvil",Rueda Y Campbell,2,1,0,0,1,0,0,,Calle,,ROSARIO,Rosario,Asfalto,No existe,II,Dentro,Urbana,Ninguna,No existe,Intersección,Con baches,Reducida,"Atardecer,Con luz artificial",Otro,Lateral,S/D,Colisión,S/D,Faltante,Ninguna,Sin restricción,POINT (-60.7070581 -32.9626666),"['Rueda', 'Campbell']",2,Rueda; Campbell,-32.9626666,-60.7070581,55.0,538.0,Municipio Rosario,Municipio,Rosario,820210,Servicio de Catastro e Información Territorial,IGN
2014,977,2014-02-25,Martes,0.0,07:30:00,,0.0,2,"Otros,Moto/Ciclomotor",Bv. Segui Y Pje. Espinillo,2,1,0,0,0,0,1,,Calle,,ROSARIO,Rosario,Asfalto,No existe,II,Dentro,Urbana,Ninguna,No existe,Intersección,Bueno,Buena,Amanecer,S/D,Lateral,S/D,Colisión,S/D,Faltante,Cordón divisorio,Sin restricción,POINT (-60.69908875 -32.970709400000004),"['Bulevar Juan Francisco Seguí', 'Espinillo']",2,Bulevar Juan Francisco Seguí; Espinillo,-32.970709400000004,-60.69908875,55.0,538.0,Municipio Rosario,Municipio,Rosario,820210,Servicio de Catastro e Información Territorial,IGN
2014,989,2014-02-08,Sabado,0.0,12:10:00,,0.0,2,"Automóvil,Moto/Ciclomotor",Matienzo Y Galvez,3,1,0,0,2,0,0,,Calle,,ROSARIO,Rosario,Asfalto,No existe,II,Dentro,Urbana,Ninguna,No existe,Intersección,Bueno,Reducida,Amanecer,Otro,Lateral,S/D,Colisión,S/D,Faltante,Ninguna,Sin restricción,POINT (-60.693907200000005 -32.959975099999994),"['Matienzo', 'Galvez']",2,Benjamín Matienzo; José Gálvez,-32.959975099999994,-60.693907200000005,55.0,538.0,Municipio Rosario,Municipio,Rosario,820210,Servicio de Catastro e Información Territorial,IGN
2014,993,2014-02-08,Sabado,0.0,16:30:00,,0.0,2,"Moto/Ciclomotor,Automóvil",Av. Ntra.Sra.del Rosario Y Pedernera,2,1,0,0,1,0,0,,Calle,,ROSARIO,Rosario,Asfalto,Pavimento,II,Dentro,Urbana,Ninguna,Funciona,Intersección,Bueno,Buena,Diurna,Buen Tiempo,Lateral,S/D,Colisión,S/D,Vertical,Ninguna,Sin restricción,POINT (-60.62338859999999 -32.9981183),"['Nuestra Señora del Rosario', 'Pedernera']",2,Puente Nuestra Señora del Rosario; Pedernera,-32.9981183,-60.62338859999999,55.0,538.0,Municipio Rosario,Municipio,Rosario,820210,Servicio de Catastro e Información Territorial,IGN
2014,994,2014-02-13,Jueves,0.0,18:40:00,,0.0,2,"Automóvil,Peatón",Bv. Rondeau Y Baigorria,2,1,0,0,1,0,0,,Avenida,,ROSARIO,Rosario,Asfalto,S/D,II,Dentro,Urbana,S/D,S/D,Recta,S/D,S/D,Diurna,S/D,S/D,S/D,Atropello,S/D,S/D,S/D,S/D,POINT (-60.693283075000004 -32.89152782499999),"['Rondeau', 'Baigorria']",2,Bulevar General José Rondeau; Baigorria,-32.89152782499999,-60.693283075,55.0,538.0,Municipio Rosario,Municipio,Rosario,820210,Servicio de Catastro e Información Territorial,IGN
2014,995,2014-02-05,Miercoles,0.0,15:45:00,,0.0,2,"Moto/Ciclomotor,Automóvil",Laprida Y Av. Uriburu,2,1,0,0,1,0,0,,Avenida,,ROSARIO,Rosario,Asfalto,Pavimento,II,Dentro,Urbana,Ninguna,Funciona,Intersección,Bueno,Buena,Diurna,Buen Tiempo,Lateral,S/D,Colisión,S/D,Vertical,Cordón divisorio,Sin restricción,POINT (-60.645184500000006 -32.990651),"['Laprida', 'Uriburu']",2,Francisco Narciso Laprida; Avenida José Uriburu,-32.990651,-60.645184500000006,55.0,538.0,Municipio Rosario,Municipio,Rosario,820210,Servicio de Catastro e Información Territorial,IGN
2014,996,2014-02-05,Miercoles,0.0,19:30:00,,0.0,2,"Moto/Ciclomotor,Automóvil",Matienzo Y Rueda,2,1,0,0,1,0,0,,Calle,,ROSARIO,Rosario,Asfalto,No existe,II,Dentro,Urbana,Ninguna,S/D,Intersección,Otro,Reducida,Atardecer,Otro,Lateral,S/D,Colisión,Otro,Faltante,Ninguna,Sin restricción,POINT (-60.69380760000001 -32.9623039),"['Matienzo', 'Rueda']",2,Benjamín Matienzo; Rueda,-32.9623039,-60.69380760000001,55.0,538.0,Municipio Rosario,Municipio,Rosario,820210,Servicio de Catastro e Información Territorial,IGN
2014,997,2014-02-08,Sabado,0.0,18:30:00,,0.0,2,"Bicicleta,Moto/Ciclomotor",J.B.Justo Y Bolivia,2,2,0,0,0,0,0,,Calle,,ROSARIO,Rosario,Asfalto,No existe,II,Dentro,Urbana,Ninguna,No existe,Recta,Bueno,Buena,Atardecer,Buen Tiempo,Frontal,S/D,Colisión,S/D,S/D,S/D,Sin restricción,POINT (-60.71417160000001 -32.93347289999999),"['Justo', 'Bolivia']",2,"('Justo José de Urquiza', 'Bolivia')",-32.93347289999999,-60.71417160000001,55.0,538.0,Municipio Rosario,Municipio,Rosario,820210,Servicio de Catastro e Información Territorial,IGN
2014,1001,2014-02-25,Martes,0.0,22:00:00,,0.0,2,"Moto/Ciclomotor,Automóvil",Av. Ntra.Sra.del Rosario ,2,1,0,0,1,0,0,,Avenida,,ROSARIO,Rosario,Asfalto,No existe,II,Dentro,Urbana,Ninguna,No existe,Intersección,Bueno,Reducida,Nocturna,S/D,Lateral,S/D,Colisión,S/D,S/D,Guardarrail,Sin restricción,"-32.9979308, -60.620699",['Nuestra Señora del Rosario'],1,Nuestra Señora del Rosario,-32.9979308,-60.620699,55.0,538.0,Municipio Rosario,Municipio,Rosario,820210,Servicio de Catastro e Información Territorial,IGN