anio_acci,nro_acci,fecha,desc_dia,fecha_aprox,hora_aprox,desc_ruta,km,cant_participantes,desc_participante,calle_avenida_km,total,heridos_leves,heridos_graves,heridos_gravisimos,ilesos,fallecidos,sin_datos,posicion_XY,desc_tipo_via,desc_ruta_ori,desc_loc,desc_dpto,desc_tipo_calzada,desc_tipo_banquina,desc_unidad_regional,desc_lugar_calzada,desc_zona,desc_prioridad,desc_estado_semaforo,desc_lugar_via,desc_estado_via,desc_estado_visibilidad,desc_luminosidad,desc_estado_clima,desc_tipo_colision,desc_tipo_atropello,desc_tipo_hecho,desc_pres_calzada,desc_senializacion,desc_separacion_via,desc_restriccion,forma_geocod,calle_lista,numero_calles,calles_osm,lat,lon,index_right,gid,fna,gna,nam,in1,fdc,sag
2014,1002,2014-02-24,Lunes,0.0,09:15:00,,0.0,2,"Moto/Ciclomotor,Taxi/Remis",Av. Provincias Unidas Y Neuquen,2,1,0,0,1,0,0,,Avenida,,ROSARIO,Rosario,Asfalto,No existe,II,Dentro,Urbana,Ninguna,No existe,Intersección,Bueno,Buena,Diurna,Buen Tiempo,Lateral,S/D,Colisión,Otro,Horizontal,Ninguna,Sin restricción,POINT (-60.71241810000001 -32.944582350000005),"['Avenida Provincias Unidas', 'Neuquen']",2,Avenida Provincias Unidas; Neuquén,-32.944582350000005,-60.71241810000001,55.0,538.0,Municipio Rosario,Municipio,Rosario,820210,Servicio de Catastro e Información Territorial,IGN
2014,1003,2014-02-18,Martes,0.0,19:15:00,,0.0,2,"Moto/Ciclomotor,Automóvil",GUILLERMO TELL Y LOZZI,2,1,0,0,0,0,1,,Calle,,ROSARIO,Rosario,Asfalto,No existe,II,Dentro,Urbana,Ninguna,No existe,Intersección,Bueno,Buena,Atardecer,Buen Tiempo,Lateral,S/D,Colisión,S/D,S/D,Ninguna,Sin restricción,POINT (-60.6382653 -33.0129864),"['Calle 529', 'Lozzia']",2,Calle 529; Lozzia,-33.0129864,-60.6382653,55.0,538.0,Municipio Rosario,Municipio,Rosario,820210,Servicio de Catastro e Información Territorial,IGN
2014,1004,2014-02-22,Sabado,0.0,01:40:00,,0.0,2,"Moto/Ciclomotor,Automóvil",Bolivia Y J.B.Justo,3,2,0,0,0,0,1,,Calle,,ROSARIO,Rosario,Asfalto,No existe,II,S/D,Urbana,Ninguna,No existe,Intersección,Bueno,Reducida,Nocturna,Otro,De alcance,S/D,Colisión,S/D,Faltante,Ninguna,Sin restricción,POINT (-60.71417160000001 -32.93347289999999),"['Bolivia', 'Justo']",2,"('Bolivia', 'Justo José de Urquiza')",-32.93347289999999,-60.71417160000001,55.0,538.0,Municipio Rosario,Municipio,Rosario,820210,Servicio de Catastro e Información Territorial,IGN
2014,1005,2014-02-17,Lunes,0.0,10:40:00,,0.0,2,"Moto/Ciclomotor,Automóvil",Blas Parera Y Calvo,2,2,0,0,0,0,0,,Calle,,ROSARIO,Rosario,S/D,S/D,II,Dentro,Urbana,S/D,S/D,Recta,S/D,S/D,Diurna,S/D,Frontal,S/D,Colisión,S/D,S/D,S/D,S/D,POINT (-60.70684020000001 -32.903391699999986),"['Blas Parera', 'Calvo']",2,Blas Parera; Calvo,-32.903391699999986,-60.70684020000001,55.0,538.0,Municipio Rosario,Municipio,Rosario,820210,Servicio de Catastro e Información Territorial,IGN
2014,1008,2014-02-24,Lunes,0.0,13:10:00,,0.0,2,"Automóvil,Moto/Ciclomotor",Matienzo Y E.Zeballos,2,1,0,0,1,0,0,,Calle,,ROSARIO,Rosario,Asfalto,No existe,II,S/D,Urbana,Ninguna,No existe,Intersección,Bueno,Buena,Diurna,Buen Tiempo,Lateral,S/D,Colisión,Otro,Horizontal,Ninguna,Sin restricción,POINT (-60.69448950000001 -32.94569999999999),"['Matienzo', 'Zeballos']",2,Benjamín Matienzo; Zeballos,-32.94569999999999,-60.69448950000001,55.0,538.0,Municipio Rosario,Municipio,Rosario,820210,Servicio de Catastro e Información Territorial,IGN
2014,1009,2014-02-21,Viernes,0.0,,,0.0,2,"Automóvil,Moto/Ciclomotor",Cochabamba Y Italia,2,1,0,0,1,0,0,,Calle,,ROSARIO,Rosario,S/D,S/D,II,S/D,Urbana,S/D,S/D,Intersección,S/D,S/D,S/D,S/D,S/D,S/D,Colisión,S/D,S/D,S/D,S/D,POINT (-60.6508824 -32.956682699999995),"['Cochabamba', 'Italia']",2,Cochabamba; Italia,-32.956682699999995,-60.6508824,55.0,538.0,Municipio Rosario,Municipio,Rosario,820210,Servicio de Catastro e Información Territorial,IGN
2014,1010,2014-02-20,Jueves,0.0,16:00:00,,0.0,2,"Moto/Ciclomotor,Automóvil",Casiano Casas Y Comercio,2,2,0,0,0,0,0,,S/D,,ROSARIO,Rosario,Asfalto,S/D,II,Dentro,Urbana,S/D,S/D,Recta,S/D,S/D,Diurna,S/D,Frontal,S/D,Colisión,S/D,S/D,S/D,S/D,POINT (-60.69773335 -32.90573255),"['Avenida Casiano Casas', 'Comercio']",2,Avenida Casiano Casas; Comercio,-32.90573255,-60.69773335,55.0,538.0,Municipio Rosario,Municipio,Rosario,820210,Servicio de Catastro e Información Territorial,IGN
2014,1011,2014-02-15,Sabado,0.0,22:00:00,,0.0,2,"Automóvil,Moto/Ciclomotor",Superi 1100,3,2,0,0,1,0,0,,Calle,,ROSARIO,Rosario,Asfalto,S/D,II,Dentro,Urbana,S/D,S/D,Paso a Nivel FFCC,S/D,S/D,Nocturna,S/D,Frontal,S/D,Colisión,S/D,S/D,S/D,S/D,"-32.8952574, -60.6973229",['Superi 1100'],1,Superi 1100,-32.8952574,-60.6973229,55.0,538.0,Municipio Rosario,Municipio,Rosario,820210,Servicio de Catastro e Información Territorial,IGN
2014,1012,2014-02-22,Sabado,0.0,02:30:00,,0.0,2,"Taxi/Remis,Moto/Ciclomotor",San Martin Y Cerrito,2,1,0,0,1,0,0,,Avenida,,ROSARIO,Rosario,S/D,S/D,II,S/D,Urbana,S/D,S/D,S/D,S/D,S/D,S/D,S/D,S/D,S/D,Colisión,S/D,S/D,S/D,S/D,POINT (-60.6405848 -32.96213219999999),"['San Martin', 'Cerrito']",2,José de San Martín; Cerrito,-32.96213219999999,-60.6405848,55.0,538.0,Municipio Rosario,Municipio,Rosario,820210,Servicio de Catastro e Información Territorial,IGN
2014,1013,2014-02-20,Jueves,0.0,12:00:00,,0.0,2,"Pickup/Utilitario,Peatón",Av. Provincias Unidas 665,2,1,0,0,1,0,0,,Avenida,,ROSARIO,Rosario,Asfalto,No existe,II,Dentro,Urbana,Semáforo,Funciona,Recta,Bueno,Buena,Diurna,Buen Tiempo,S/D,S/D,Atropello,Otro,Vertical,Ninguna,Sin restricción,"-32.921017885714285, -60.71357871020408",['Provincias Unidas 665'],1,Provincias Unidas 665,-32.921017885714285,-60.71357871020408,55.0,538.0,Municipio Rosario,Municipio,Rosario,820210,Servicio de Catastro e Información Territorial,IGN
2014,1014,2014-02-20,Jueves,0.0,11:32:00,,0.0,2,"Automóvil,Bicicleta",BV 27 DE FEBRERO Y CESAR,2,1,0,0,1,0,0,,Avenida,,ROSARIO,Rosario,S/D,S/D,II,S/D,Urbana,S/D,S/D,Intersección,S/D,S/D,Diurna,S/D,S/D,S/D,Atropello,S/D,S/D,S/D,S/D,POINT (-60.662850425 -32.964128724999995),"['27 de Febrero', 'Avenida Gobernador Caesar']",2,Bulevar 27 de Febrero; Avenida Gobernador Caesar,-32.964128724999995,-60.662850425,55.0,538.0,Municipio Rosario,Municipio,Rosario,820210,Servicio de Catastro e Información Territorial,IGN
2014,1015,2014-02-23,Domingo,0.0,22:55:00,,0.0,2,"Moto/Ciclomotor,Automóvil",Bv. Rondeau Y Marull,2,1,0,0,1,0,0,,Calle,,ROSARIO,Rosario,Asfalto,S/D,II,Dentro,Urbana,S/D,S/D,Intersección,S/D,S/D,Nocturna,S/D,Frontal,S/D,Colisión,S/D,S/D,S/D,S/D,POINT (-60.68886415000001 -32.9061829),"['Rondeau', 'Marull']",2,Bulevar General José Rondeau; Marull,-32.9061829,-60.68886415000001,55.0,538.0,Municipio Rosario,Municipio,Rosario,820210,Servicio de Catastro e Información Territorial,IGN
2014,1017,2014-02-19,Miercoles,0.0,,,0.0,2,"Moto/Ciclomotor,Automóvil",Cerrito Y Sarmiento,3,2,0,0,1,0,0,,Calle,,ROSARIO,Rosario,S/D,S/D,II,S/D,Urbana,S/D,S/D,Intersección,S/D,S/D,S/D,S/D,S/D,S/D,Colisión,S/D,S/D,S/D,S/D,POINT (-60.6420226 -32.9618734),"['Cerrito', 'Sarmiento']",2,Cerrito; Sarmiento,-32.9618734,-60.6420226,55.0,538.0,Municipio Rosario,Municipio,Rosario,820210,Servicio de Catastro e Información Territorial,IGN
2014,1018,2014-02-20,Jueves,0.0,16:00:00,,0.0,2,"Automóvil,Moto/Ciclomotor",Matienzo Y San Juan,4,1,0,0,3,0,0,,Calle,,ROSARIO,Rosario,Asfalto,No existe,II,Dentro,Urbana,Ninguna,No existe,Intersección,Bueno,Buena,Diurna,Buen Tiempo,Lateral,S/D,Colisión,Otro,Horizontal,Ninguna,Sin restricción,POINT (-60.694659 -32.94064099999999),"['Matienzo', 'San Juan']",2,Benjamín Matienzo; San Juan,-32.94064099999999,-60.694659,55.0,538.0,Municipio Rosario,Municipio,Rosario,820210,Servicio de Catastro e Información Territorial,IGN
2014,1019,2014-02-19,Miercoles,0.0,10:30:00,,0.0,2,"Moto/Ciclomotor,Automóvil",Dorrego Y Sanchez de Bustamante,3,0,0,0,0,0,3,,Calle,,ROSARIO,Rosario,Asfalto,No existe,II,Dentro,Urbana,Ninguna,No existe,Intersección,Bueno,Buena,Diurna,Buen Tiempo,Lateral,S/D,Colisión,Ninguna,Faltante,Ninguna,Sin restricción,POINT (-60.6605377 -33.00239860000001),"['Dorrego', 'Sánchez de Bustamante']",2,Manuel Dorrego; Sánchez de Bustamante,-33.00239860000001,-60.6605377,55.0,538.0,Municipio Rosario,Municipio,Rosario,820210,Servicio de Catastro e Información Territorial,IGN
2014,1022,2014-02-19,Miercoles,0.0,13:40:00,,0.0,2,"Automóvil,Moto/Ciclomotor",Entre Rios Y Juan Canals,3,2,0,0,1,0,0,,Calle,,ROSARIO,Rosario,Asfalto,No existe,II,S/D,Urbana,Ninguna,No existe,Intersección,Bueno,Buena,Diurna,Buen Tiempo,Lateral,S/D,Colisión,Ninguna,Faltante,Ninguna,Sin restricción,POINT (-60.651768 -32.988912099999986),"['Entre Ríos', 'Juan Canals']",2,Entre Ríos; Juan Canals,-32.988912099999986,-60.651768,55.0,538.0,Municipio Rosario,Municipio,Rosario,820210,Servicio de Catastro e Información Territorial,IGN
2014,1024,2014-02-05,Miercoles,0.0,07:50:00,,0.0,2,"Camión,Moto/Ciclomotor",Av. Provincias Unidas Y Casilda,2,1,0,0,1,0,0,,Calle,,ROSARIO,Rosario,Asfalto,No existe,II,Dentro,Urbana,Ninguna,No existe,Recta,Bueno,Buena,Amanecer,S/D,Frontal,S/D,Colisión,S/D,Horizontal,Barrera de hormigón,Sin restricción,POINT (-60.7131324 -32.92948909999999),"['Avenida Provincias Unidas', 'Casilda']",2,Avenida Provincias Unidas; Casilda,-32.92948909999999,-60.7131324,55.0,538.0,Municipio Rosario,Municipio,Rosario,820210,Servicio de Catastro e Información Territorial,IGN
2014,1025,2014-02-20,Jueves,0.0,23:40:00,,0.0,2,"Automóvil,Moto/Ciclomotor",Liniers Y Mendoza,2,1,0,0,1,0,0,,Calle,,ROSARIO,Rosario,Asfalto,No existe,II,Dentro,Urbana,Ninguna,No existe,Intersección,Bueno,Buena,Con luz artificial,Buen Tiempo,Lateral,S/D,Colisión,Otro,Horizontal,Ninguna,Sin restricción,POINT (-60.6986281 -32.94096869999999),"['Liniers', 'Mendoza']",2,Liniers; Mendoza,-32.94096869999999,-60.6986281,55.0,538.0,Municipio Rosario,Municipio,Rosario,820210,Servicio de Catastro e Información Territorial,IGN
2014,1026,2014-02-18,Martes,0.0,16:10:00,,0.0,2,"Automóvil,Bicicleta",Av. Pte.Peron Y Av. Francia,2,1,0,0,1,0,0,,Avenida,,ROSARIO,Rosario,S/D,S/D,II,S/D,Urbana,S/D,S/D,Intersección,S/D,S/D,Diurna,S/D,S/D,S/D,Atropello,S/D,S/D,S/D,S/D,POINT (-60.669141599999996 -32.95590709999999),"['Avenida Presidente Perón', 'Avenida Francia']",2,Avenida Presidente Perón; Avenida Francia,-32.95590709999999,-60.6691416,55.0,538.0,Municipio Rosario,Municipio,Rosario,820210,Servicio de Catastro e Información Territorial,IGN
2014,1029,2014-02-18,Martes,0.0,17:50:00,,0.0,2,"Automóvil,Bicicleta",Bv. 27 De Febrero 2100,2,1,0,0,1,0,0,,Avenida,,ROSARIO,Rosario,S/D,S/D,II,S/D,Urbana,S/D,S/D,Intersección,S/D,S/D,Diurna,S/D,S/D,S/D,Atropello,S/D,S/D,S/D,S/D,"-32.965004896969695, -60.657249105050504",['27 De Febrero 2100'],1,27 De Febrero 2100,-32.965004896969695,-60.6572491050505,55.0,538.0,Municipio Rosario,Municipio,Rosario,820210,Servicio de Catastro e Información Territorial,IGN
2014,1030,2014-02-10,Lunes,0.0,22:00:00,,0.0,2,"Automóvil,Moto/Ciclomotor",Av. Provincias Unidas Y Bielsa,2,1,0,0,1,0,0,,Calle,,ROSARIO,Rosario,Asfalto,No existe,II,Dentro,Urbana,Ninguna,No existe,Recta,S/D,S/D,Nocturna,S/D,Frontal,S/D,Colisión,S/D,Horizontal,Barrera de hormigón,Sin restricción,POINT (-60.713336850000005 -32.92376639999999),"['Avenida Provincias Unidas', 'Bielsa']",2,Avenida Provincias Unidas; Bielsa,-32.92376639999999,-60.713336850000005,55.0,538.0,Municipio Rosario,Municipio,Rosario,820210,Servicio de Catastro e Información Territorial,IGN
2014,1031,2014-02-12,Miercoles,0.0,14:45:00,,0.0,2,"Moto/Ciclomotor,Automóvil",Av. Provincias Unidas Y Velez Sarsfield,2,1,0,0,1,0,0,,Avenida,,ROSARIO,Rosario,Asfalto,S/D,II,Dentro,Urbana,Ninguna,S/D,Recta,S/D,S/D,Diurna,S/D,Frontal,S/D,Colisión,S/D,Horizontal,Barrera de hormigón,Sin restricción,POINT (-60.7132322 -32.92604335),"['Avenida Provincias Unidas', 'Vélez Sarsfield']",2,Avenida Provincias Unidas; Vélez Sarsfield,-32.92604335,-60.7132322,55.0,538.0,Municipio Rosario,Municipio,Rosario,820210,Servicio de Catastro e Información Territorial,IGN
2014,1033,2014-02-09,Domingo,0.0,17:10:00,,0.0,2,"Moto/Ciclomotor,Automóvil",Zelaya Y Superi,3,2,0,0,1,0,0,,Calle,,ROSARIO,Rosario,Asfalto,S/D,II,Dentro,Urbana,Ninguna,No existe,Recta,Bueno,Buena,Diurna,S/D,Frontal,S/D,Colisión,Ninguna,S/D,S/D,Sin restricción,POINT (-60.69607249999999 -32.89503299999999),"['Zelaya', 'Superi']",2,Zelaya; Comandante José Superí,-32.89503299999999,-60.69607249999999,55.0,538.0,Municipio Rosario,Municipio,Rosario,820210,Servicio de Catastro e Información Territorial,IGN
2014,1034,2014-02-01,Sabado,0.0,04:15:00,,0.0,2,"Moto/Ciclomotor,Automóvil",Av. Provincias Unidas Y Pasco,2,0,1,0,1,0,0,,Avenida,,ROSARIO,Rosario,Asfalto,No existe,II,Dentro,Urbana,Semáforo,Funciona,Intersección,Bueno,Buena,"Nocturna,Con luz artificial",Buen Tiempo,Lateral,S/D,Colisión,Otro,Vertical,Ninguna,Sin restricción,POINT (-60.712149999999994 -32.9509506),"['Avenida Provincias Unidas', 'Pasco']",2,Avenida Provincias Unidas; Pasco,-32.9509506,-60.71215,55.0,538.0,Municipio Rosario,Municipio,Rosario,820210,Servicio de Catastro e Información Territorial,IGN
2014,1035,2014-02-12,Miercoles,0.0,18:50:00,,0.0,2,"Automóvil,Automóvil",Av. Eva Peron Y J.Colombres,2,1,0,0,1,0,0,,Avenida,,ROSARIO,Rosario,Asfalto,No existe,II,Dentro,Urbana,Ninguna,Funciona,Recta,S/D,S/D,Atardecer,S/D,Frontal,S/D,Colisión,S/D,Vertical,Barrera de hormigón,Sin restricción,POINT (-60.72975095 -32.929982849999995),"['Avenida Eva Perón', 'José Colombres']",2,Avenida Eva Perón; José Colombres,-32.929982849999995,-60.72975095,55.0,538.0,Municipio Rosario,Municipio,Rosario,820210,Servicio de Catastro e Información Territorial,IGN
2014,1037,2014-02-23,Domingo,0.0,17:48:00,,0.0,2,"Automóvil,Moto/Ciclomotor",Entre Rios 1742,2,1,0,0,1,0,0,,Calle,,ROSARIO,Rosario,S/D,S/D,II,S/D,Urbana,S/D,S/D,Recta,S/D,S/D,Diurna,S/D,S/D,S/D,Colisión,S/D,S/D,S/D,S/D,"-32.95730200792191, -60.64386806836757",['Entre Rios 1742'],1,Entre Rios 1742,-32.95730200792191,-60.64386806836757,55.0,538.0,Municipio Rosario,Municipio,Rosario,820210,Servicio de Catastro e Información Territorial,IGN
2014,1038,2014-02-07,Viernes,0.0,12:00:00,,0.0,2,"Automóvil,Moto/Ciclomotor",Mendoza 8300,3,2,0,0,1,0,0,,Calle,,ROSARIO,Rosario,S/D,Natural,II,Dentro,S/D,Ninguna,No existe,S/D,Bueno,Buena,Diurna,Buen Tiempo,Lateral,S/D,Colisión,Ninguna,Faltante,S/D,Sin restricción,"-32.9403905, -60.7161056",['Mendoza 8300'],1,Mendoza 8300,-32.9403905,-60.7161056,55.0,538.0,Municipio Rosario,Municipio,Rosario,820210,Servicio de Catastro e Información Territorial,IGN
2014,1039,2014-02-24,Lunes,0.0,10:00:00,,0.0,2,"Otros,Moto/Ciclomotor",Pasco Y San Martin,2,1,0,0,1,0,0,,Calle,,ROSARIO,Rosario,S/D,S/D,II,S/D,Urbana,S/D,S/D,Intersección,S/D,S/D,Diurna,S/D,S/D,S/D,Colisión,S/D,S/D,S/D,S/D,POINT (-60.64001 -32.959838399999995),"['Pasco', 'San Martin']",2,Pasco; José de San Martín,-32.959838399999995,-60.64001,55.0,538.0,Municipio Rosario,Municipio,Rosario,820210,Servicio de Catastro e Información Territorial,IGN
2014,1040,2014-02-03,Lunes,0.0,10:00:00,,0.0,2,"Automóvil,Automóvil",Bv. Segui Y Av. Circunvalacion,2,2,0,0,0,0,0,,Avenida,,ROSARIO,Rosario,S/D,S/D,II,Dentro,Urbana,Semáforo,S/D,Intersección,Bueno,Buena,Diurna,Buen Tiempo,Lateral,S/D,Colisión,S/D,S/D,S/D,S/D,POINT (-60.71584339999999 -32.9711824),"['Bulevar Juan Francisco Seguí', 'Circunvalacion']",2,"('Bulevar Juan Francisco Seguí', 'Juan Pablo II')",-32.9711824,-60.71584339999999,55.0,538.0,Municipio Rosario,Municipio,Rosario,820210,Servicio de Catastro e Información Territorial,IGN
2014,1042,2014-02-07,Viernes,0.0,17:30:00,,0.0,2,"Transporte de Pasajeros Larga Distancia (> 8 asientos),Automóvil",Mendoza 7500,4,2,0,0,2,0,0,,Calle,,ROSARIO,Rosario,S/D,Pavimento,II,Dentro,Urbana,Ninguna,Funciona,S/D,Bueno,Buena,Atardecer,Buen Tiempo,Lateral,S/D,Colisión,Ninguna,Faltante,S/D,Sin restricción,"-32.9404161, -60.7235199",['Mendoza 7500'],1,Mendoza 7500,-32.9404161,-60.7235199,55.0,538.0,Municipio Rosario,Municipio,Rosario,820210,Servicio de Catastro e Información Territorial,IGN
2014,1043,2014-02-10,Lunes,0.0,11:20:00,,0.0,2,"Automóvil,Automóvil",Bv. Rondeau Y Av. Irigoyen,2,1,0,0,1,0,0,,Avenida,,ROSARIO,Rosario,Asfalto,S/D,II,Dentro,Urbana,S/D,Funciona,Intersección,S/D,S/D,Diurna,S/D,Frontal,S/D,Colisión,S/D,S/D,S/D,Sin restricción,POINT (-60.695452875 -32.884458699999996),"['Rondeau', 'Avenida Hipólito Irigoyen']",2,Bulevar General José Rondeau; Avenida Hipólito Irigoyen,-32.8844587,-60.695452875,55.0,538.0,Municipio Rosario,Municipio,Rosario,820210,Servicio de Catastro e Información Territorial,IGN
2014,1044,2014-02-24,Lunes,0.0,11:20:00,,0.0,1,Transporte de Pasajeros,Balcarce Y Galvez,2,1,0,0,1,0,0,,Calle,,ROSARIO,Rosario,S/D,S/D,II,S/D,Urbana,S/D,S/D,Intersección,S/D,S/D,Diurna,S/D,S/D,S/D,S/D,S/D,S/D,S/D,S/D,POINT (-60.657551600000005 -32.9663187),"['Balcarce', 'Galvez']",2,Balcarce; José Gálvez,-32.9663187,-60.657551600000005,55.0,538.0,Municipio Rosario,Municipio,Rosario,820210,Servicio de Catastro e Información Territorial,IGN
2014,1048,2014-02-22,Sabado,0.0,10:30:00,,0.0,2,"Taxi/Remis,Automóvil",Cochabamba Y Italia,3,1,0,0,2,0,0,,Calle,,ROSARIO,Rosario,S/D,S/D,II,S/D,Urbana,S/D,S/D,Intersección,S/D,S/D,Diurna,S/D,S/D,S/D,Colisión,S/D,S/D,S/D,S/D,POINT (-60.6508824 -32.956682699999995),"['Cochabamba', 'Italia']",2,Cochabamba; Italia,-32.956682699999995,-60.6508824,55.0,538.0,Municipio Rosario,Municipio,Rosario,820210,Servicio de Catastro e Información Territorial,IGN
2014,1050,2014-02-17,Lunes,0.0,,,0.0,2,"Automóvil,Bicicleta",AV. INTENDENTE MORCILLO ,2,1,0,0,1,0,0,,Calle,,ROSARIO,Rosario,S/D,S/D,II,S/D,Urbana,S/D,S/D,Recta,S/D,S/D,S/D,S/D,S/D,S/D,Atropello,S/D,S/D,S/D,S/D,"-32.9547681, -60.6626509",['Avenida Intendente Morcillo'],1,Avenida Intendente Morcillo,-32.9547681,-60.6626509,55.0,538.0,Municipio Rosario,Municipio,Rosario,820210,Servicio de Catastro e Información Territorial,IGN
2014,1052,2014-03-18,Martes,0.0,21:00:00,,0.0,2,"Pickup/Utilitario,Moto/Ciclomotor",MILLER Y CAVASSA,2,1,0,0,1,0,0,,Calle,,ROSARIO,Rosario,S/D,S/D,II,Dentro,Urbana,S/D,S/D,Intersección,S/D,S/D,Nocturna,Buen Tiempo,S/D,S/D,Colisión,S/D,S/D,S/D,S/D,POINT (-60.7033966 -32.90594740000001),"['Miller', 'Avenida Cabassa']",2,Miller; Avenida Cabassa,-32.90594740000001,-60.7033966,55.0,538.0,Municipio Rosario,Municipio,Rosario,820210,Servicio de Catastro e Información Territorial,IGN
2014,1056,2014-02-14,Viernes,0.0,15:00:00,,0.0,2,"Moto/Ciclomotor,Automóvil",Av. Provincias Unidas Y J.B.Justo,2,1,0,0,0,0,1,,Calle,,ROSARIO,Rosario,Asfalto,No existe,II,Dentro,Urbana,Ninguna,S/D,Recta,Bueno,Buena,Diurna,Buen Tiempo,Lateral,S/D,Colisión,S/D,S/D,Ninguna,Sin restricción,POINT (-60.71293324999999 -32.93344005),"['Avenida Provincias Unidas', 'Justo']",2,"('Avenida Provincias Unidas', 'Justo José de Urquiza')",-32.93344005,-60.71293324999999,55.0,538.0,Municipio Rosario,Municipio,Rosario,820210,Servicio de Catastro e Información Territorial,IGN
2014,1057,2014-02-08,Sabado,0.0,14:55:00,,0.0,3,"Automóvil,Moto/Ciclomotor,Peatón",F.M.Esquiu Y Barra,4,3,0,0,1,0,0,,Calle,,ROSARIO,Rosario,Asfalto,No existe,II,S/D,Urbana,Ninguna,No existe,Intersección,S/D,S/D,Diurna,S/D,S/D,S/D,Atropello,S/D,Faltante,Ninguna,Sin restricción,POINT (-60.707532500000006 -32.9229525),"['Esquiú', 'Barra']",2,Esquiú; Barraco,-32.9229525,-60.707532500000006,55.0,538.0,Municipio Rosario,Municipio,Rosario,820210,Servicio de Catastro e Información Territorial,IGN
2014,1058,2014-02-01,Sabado,0.0,10:45:00,,0.0,2,"Peatón,Automóvil",Washington Y Bv. Rondeau,2,1,0,0,1,0,0,,Avenida,,ROSARIO,Rosario,Asfalto,S/D,II,Dentro,Urbana,S/D,Funciona,Intersección,S/D,S/D,Diurna,S/D,S/D,S/D,Atropello,S/D,S/D,S/D,S/D,POINT (-60.6903563 -32.901208475000004),"['Washington', 'Rondeau']",2,Washington; Bulevar General José Rondeau,-32.901208475000004,-60.6903563,55.0,538.0,Municipio Rosario,Municipio,Rosario,820210,Servicio de Catastro e Información Territorial,IGN
2014,1059,2014-02-13,Jueves,0.0,16:30:00,,0.0,2,"Automóvil,Automóvil",Entre Rios Y Virasoro,3,2,0,0,1,0,0,,Calle,,ROSARIO,Rosario,Asfalto,S/D,II,S/D,Urbana,S/D,S/D,Intersección,S/D,S/D,Diurna,Buen Tiempo,S/D,S/D,Colisión,S/D,S/D,S/D,S/D,POINT (-60.6468657 -32.9694381),"['Entre Ríos', 'Virasoro']",2,Entre Ríos; Benjamín Virasoro,-32.9694381,-60.6468657,55.0,538.0,Municipio Rosario,Municipio,Rosario,820210,Servicio de Catastro e Información Territorial,IGN
2014,1060,2014-02-07,Viernes,0.0,19:25:00,,0.0,2,"Moto/Ciclomotor,Pickup/Utilitario",Av. Pellegrini Y Campbell,4,1,0,0,3,0,0,,Calle,,ROSARIO,Rosario,Asfalto,S/D,II,Dentro,Urbana,Ninguna,S/D,Intersección,Bueno,Buena,Atardecer,Lluvia,Lateral,S/D,Colisión,Agua,Horizontal,Ninguna,Sin restricción,POINT (-60.70760005 -32.9484703),"['Pellegrini', 'Campbell']",2,Avenida Carlos Pellegrini; Campbell,-32.9484703,-60.70760005,55.0,538.0,Municipio Rosario,Municipio,Rosario,820210,Servicio de Catastro e Información Territorial,IGN
2014,1062,2014-02-27,Jueves,0.0,20:25:00,,0.0,1,Moto/Ciclomotor,Casiano Casas Y Washington,3,2,0,0,1,0,0,,Calle,,ROSARIO,Rosario,Asfalto,S/D,II,S/D,Urbana,S/D,S/D,Recta,S/D,S/D,Nocturna,S/D,S/D,S/D,Colisión,S/D,S/D,S/D,S/D,POINT (-60.7007901 -32.9034752),"['Avenida Casiano Casas', 'Washington']",2,Avenida Casiano Casas; Washington,-32.9034752,-60.7007901,55.0,538.0,Municipio Rosario,Municipio,Rosario,820210,Servicio de Catastro e Información Territorial,IGN
2014,1064,2014-02-07,Viernes,0.0,17:00:00,,0.0,2,"Peatón,Moto/Ciclomotor",GODOY CRUZ  Y 25 MAYO,2,1,0,0,0,0,1,,Calle,,ROSARIO,Rosario,Asfalto,No existe,II,Dentro,Urbana,Ninguna,S/D,S/D,Con baches,Buena,Diurna,Buen Tiempo,S/D,S/D,Atropello,S/D,S/D,S/D,Sin restricción,POINT (-60.71697254694366 -32.970708102842494),"['Avenida Presidente Perón', '25 de Mayo']",2,Avenida Presidente Perón; Avenida de Circunvalación 25 de Mayo,-32.970708102842494,-60.71697254694366,55.0,538.0,Municipio Rosario,Municipio,Rosario,820210,Servicio de Catastro e Información Territorial,IGN
2014,1067,2014-02-05,Miercoles,0.0,12:00:00,,0.0,2,"Peatón,Moto/Ciclomotor",Bv. 27 De Febrero ,2,2,0,0,0,0,0,,Calle,,ROSARIO,Rosario,"Asfalto,Hormigón",Pavimento,II,Dentro,Urbana,Semáforo,Funciona,Intersección,Con baches,Buena,Diurna,Buen Tiempo,S/D,S/D,Atropello,S/D,S/D,S/D,Sin restricción,"-32.9612285, -60.6788841",['27 de Febrero'],1,27 de Febrero,-32.9612285,-60.6788841,55.0,538.0,Municipio Rosario,Municipio,Rosario,820210,Servicio de Catastro e Información Territorial,IGN
2014,1069,2014-02-10,Lunes,0.0,10:30:00,,0.0,2,"Moto/Ciclomotor,Automóvil",Av. Provincias Unidas Y Rivarola,2,2,0,0,0,0,0,,Calle,,ROSARIO,Rosario,Asfalto,Natural,II,Dentro,Urbana,Ninguna,No existe,Intersección,Bueno,Buena,Diurna,Buen Tiempo,Lateral,S/D,Colisión,S/D,S/D,S/D,Sin restricción,POINT (-60.71157050000001 -32.965788749999994),"['Avenida Provincias Unidas', 'Rivarola']",2,Avenida Provincias Unidas; Avenida Doctor Rivarola,-32.965788749999994,-60.71157050000001,55.0,538.0,Municipio Rosario,Municipio,Rosario,820210,Servicio de Catastro e Información Territorial,IGN