anio_acci,nro_acci,fecha,desc_dia,fecha_aprox,hora_aprox,desc_ruta,km,cant_participantes,desc_participante,calle_avenida_km,total,heridos_leves,heridos_graves,heridos_gravisimos,ilesos,fallecidos,sin_datos,posicion_XY,desc_tipo_via,desc_ruta_ori,desc_loc,desc_dpto,desc_tipo_calzada,desc_tipo_banquina,desc_unidad_regional,desc_lugar_calzada,desc_zona,desc_prioridad,desc_estado_semaforo,desc_lugar_via,desc_estado_via,desc_estado_visibilidad,desc_luminosidad,desc_estado_clima,desc_tipo_colision,desc_tipo_atropello,desc_tipo_hecho,desc_pres_calzada,desc_senializacion,desc_separacion_via,desc_restriccion,forma_geocod,calle_lista,numero_calles,calles_osm,lat,lon,index_right,gid,fna,gna,nam,in1,fdc,sag
2014,1070,2014-02-07,Viernes,0.0,19:30:00,,0.0,2,"Moto/Ciclomotor,Automóvil",Av. Pellegrini Y Campbell,5,1,0,0,4,0,0,,Avenida,,ROSARIO,Rosario,Asfalto,No existe,II,Dentro,Urbana,Ninguna,No existe,Intersección,Bueno,Buena,Atardecer,Lluvia,Lateral,S/D,Colisión,Agua,Horizontal,Ninguna,Sin restricción,POINT (-60.70760005 -32.9484703),"['Pellegrini', 'Campbell']",2,Avenida Carlos Pellegrini; Campbell,-32.9484703,-60.70760005,55.0,538.0,Municipio Rosario,Municipio,Rosario,820210,Servicio de Catastro e Información Territorial,IGN
2014,1071,2014-02-13,Jueves,0.0,11:30:00,,0.0,2,"Moto/Ciclomotor,Moto/Ciclomotor",Donado Y Av. Jorge Newbery,2,2,0,0,0,0,0,,S/D,,ROSARIO,Rosario,S/D,S/D,II,S/D,Urbana,S/D,S/D,S/D,S/D,S/D,S/D,S/D,S/D,S/D,Colisión,S/D,S/D,S/D,S/D,POINT (-60.728404966666666 -32.908371466666665),"['Donado', 'Jorge Newbery']",2,José Agustín Donado; Avenida Jorge Newbery,-32.908371466666665,-60.728404966666666,55.0,538.0,Municipio Rosario,Municipio,Rosario,820210,Servicio de Catastro e Información Territorial,IGN
2014,1072,2014-02-13,Jueves,0.0,08:30:00,,0.0,2,"Automóvil,Automóvil",Bv. 27 De Febrero Y Campbell,2,1,0,0,1,0,0,,Calle,,ROSARIO,Rosario,Asfalto,Natural,II,Dentro,Urbana,Ninguna,No existe,Intersección,Bueno,Buena,Diurna,Buen Tiempo,Lateral,S/D,Colisión,S/D,S/D,S/D,Sin restricción,POINT (-60.70720419999999 -32.9592378),"['27 de Febrero', 'Campbell']",2,Bulevar 27 de Febrero; Campbell,-32.9592378,-60.70720419999999,55.0,538.0,Municipio Rosario,Municipio,Rosario,820210,Servicio de Catastro e Información Territorial,IGN
2014,1074,2014-02-13,Jueves,0.0,22:10:00,,0.0,2,"Otros,Otros",Schweitzer 7900,2,1,0,0,0,0,1,,S/D,,ROSARIO,Rosario,Asfalto,S/D,II,S/D,Urbana,S/D,S/D,Recta,S/D,S/D,Nocturna,S/D,S/D,S/D,Atropello,S/D,S/D,S/D,S/D,"-32.9136583, -60.7330651",['Schweitzer 7900'],1,Schweitzer 7900,-32.9136583,-60.7330651,55.0,538.0,Municipio Rosario,Municipio,Rosario,820210,Servicio de Catastro e Información Territorial,IGN
2014,1076,2014-02-05,Miercoles,0.0,21:50:00,,0.0,2,"Moto/Ciclomotor,Bicicleta",Rio Negro Y Av. Provincias Unidas,2,1,0,0,1,0,0,,Calle,,ROSARIO,Rosario,Asfalto,No existe,II,Dentro,Urbana,Ninguna,No existe,Intersección,Bueno,Buena,Nocturna,Lluvia,S/D,S/D,Atropello,Agua,Horizontal,Ninguna,Sin restricción,POINT (-60.71235555 -32.94607385),"['Rio Negro', 'Avenida Provincias Unidas']",2,Río Negro; Avenida Provincias Unidas,-32.94607385,-60.71235555,55.0,538.0,Municipio Rosario,Municipio,Rosario,820210,Servicio de Catastro e Información Territorial,IGN
2014,1080,2014-02-13,Jueves,0.0,17:30:00,,0.0,2,"Bicicleta,Taxi/Remis",Av. Provincias Unidas Y Perez Bulnes,2,1,0,0,1,0,0,,Calle,,ROSARIO,Rosario,Asfalto,No existe,II,Dentro,Urbana,Semáforo,Funciona,Intersección,Bueno,Buena,Diurna,Buen Tiempo,S/D,S/D,Atropello,Ninguna,Vertical,Ninguna,Sin restricción,POINT (-60.712500750000004 -32.9424588),"['Avenida Provincias Unidas', 'Pérez Bulnes']",2,Avenida Provincias Unidas; Pérez Bulnes,-32.9424588,-60.71250075,55.0,538.0,Municipio Rosario,Municipio,Rosario,820210,Servicio de Catastro e Información Territorial,IGN
2014,1082,2014-02-16,Domingo,0.0,18:00:00,,0.0,2,"Peatón,Automóvil",Av. Provincias Unidas Y Godoy Cruz,2,1,0,0,1,0,0,,Calle,,ROSARIO,Rosario,Asfalto,Pavimento,II,Dentro,Urbana,Semáforo,Funciona,Intersección,Con baches,Buena,Diurna,Buen Tiempo,Lateral,S/D,Atropello,S/D,S/D,S/D,Sin restricción,POINT (-60.711466349999995 -32.9679676),"['Avenida Provincias Unidas', 'Avenida Presidente Perón']",2,Avenida Provincias Unidas; Avenida Presidente Perón,-32.9679676,-60.71146635,55.0,538.0,Municipio Rosario,Municipio,Rosario,820210,Servicio de Catastro e Información Territorial,IGN
2014,1083,2014-02-19,Miercoles,0.0,19:00:00,,0.0,2,"Moto/Ciclomotor,Automóvil",Av. Provincias Unidas Y Rueda,2,1,0,0,1,0,0,,Calle,,ROSARIO,Rosario,Asfalto,No existe,II,Dentro,Urbana,Ninguna,No existe,Intersección,Con baches,Buena,Diurna,Buen Tiempo,De alcance,S/D,Colisión,S/D,S/D,S/D,Sin restricción,POINT (-60.711669799999996 -32.9627928),"['Avenida Provincias Unidas', 'Rueda']",2,Avenida Provincias Unidas; Rueda,-32.9627928,-60.7116698,55.0,538.0,Municipio Rosario,Municipio,Rosario,820210,Servicio de Catastro e Información Territorial,IGN
2014,1085,2014-02-01,Sabado,0.0,23:10:00,,0.0,2,"Automóvil,Moto/Ciclomotor",Derqui Y Nicaragua,3,2,0,0,1,0,0,,Calle,,ROSARIO,Rosario,Asfalto,Natural,II,Dentro,Urbana,Ninguna,No existe,Recta,Bueno,Buena,Nocturna,Buen Tiempo,Lateral,S/D,Colisión,Ninguna,Faltante,S/D,Sin restricción,POINT (-60.720800200000006 -32.93826429999999),"['Derqui', 'Nicaragua']",2,Derqui; Nicaragua,-32.93826429999999,-60.720800200000006,55.0,538.0,Municipio Rosario,Municipio,Rosario,820210,Servicio de Catastro e Información Territorial,IGN
2014,1087,2014-02-23,Domingo,0.0,02:30:00,,0.0,2,"Moto/Ciclomotor,Automóvil",Ocampo Y Fraga,2,2,0,0,0,0,0,,Calle,,ROSARIO,Rosario,Asfalto,No existe,II,S/D,Urbana,Ninguna,No existe,Intersección,Con baches,Buena,Nocturna,Buen Tiempo,Lateral,S/D,Colisión,S/D,S/D,S/D,Sin restricción,POINT (-60.70953440000001 -32.957954599999994),"['Ocampo', 'Fraga']",2,Ocampo; Rosendo María Fraga,-32.957954599999994,-60.70953440000001,55.0,538.0,Municipio Rosario,Municipio,Rosario,820210,Servicio de Catastro e Información Territorial,IGN
2014,1088,2014-02-01,Sabado,0.0,13:50:00,,0.0,2,"Automóvil,Bicicleta",Av. Circunvalacion Y San Lorenzo,2,1,0,0,1,0,0,,Calle,,ROSARIO,Rosario,Asfalto,No existe,II,S/D,Urbana,Ninguna,No existe,S/D,Bueno,Buena,Diurna,Buen Tiempo,Lateral,S/D,Atropello,Ninguna,Faltante,S/D,Sin restricción,POINT (-60.72217239999999 -32.9347785),"['Circunvalacion', 'San Lorenzo']",2,"('Juan Pablo II', 'San Lorenzo')",-32.9347785,-60.72217239999999,55.0,538.0,Municipio Rosario,Municipio,Rosario,820210,Servicio de Catastro e Información Territorial,IGN
2014,1089,2014-02-04,Martes,0.0,07:30:00,,0.0,2,"Camión,Peatón",Bv. Wilde Y Mendoza,2,1,0,0,1,0,0,,Avenida,,ROSARIO,Rosario,Asfalto,Pavimento,II,S/D,Urbana,Ninguna,No existe,S/D,Bueno,Buena,Diurna,Buen Tiempo,S/D,S/D,Atropello,Ninguna,Faltante,S/D,Sin restricción,POINT (-60.738499825 -32.9402949),"['Bulevar Wilde', 'Mendoza']",2,Bulevar Wilde; Mendoza,-32.9402949,-60.738499825,55.0,538.0,Municipio Rosario,Municipio,Rosario,820210,Servicio de Catastro e Información Territorial,IGN
2014,1090,2014-02-27,Jueves,0.0,10:00:00,,0.0,2,"Automóvil,Automóvil",Ocampo Y Cullen,2,1,0,0,1,0,0,,Calle,,ROSARIO,Rosario,Asfalto,No existe,II,S/D,Urbana,Ninguna,No existe,Intersección,Con baches,Buena,Diurna,Buen Tiempo,Lateral,S/D,Colisión,S/D,S/D,S/D,Sin restricción,POINT (-60.70839970000001 -32.957926300000004),"['Ocampo', 'Cullen']",2,Ocampo; Cullen,-32.957926300000004,-60.70839970000001,55.0,538.0,Municipio Rosario,Municipio,Rosario,820210,Servicio de Catastro e Información Territorial,IGN
2014,1091,2014-02-03,Lunes,0.0,20:30:00,,0.0,2,"Automóvil,Moto/Ciclomotor",Mendoza Y J.Colombres,3,2,0,0,1,0,0,,Calle,,ROSARIO,Rosario,Asfalto,Pavimento,II,S/D,Urbana,Semáforo,Funciona,Recta,Bueno,Buena,Nocturna,Buen Tiempo,Lateral,S/D,Colisión,Ninguna,S/D,S/D,Sin restricción,POINT (-60.729335899999995 -32.940691099999995),"['Mendoza', 'José Colombres']",2,Mendoza; José Colombres,-32.940691099999995,-60.7293359,55.0,538.0,Municipio Rosario,Municipio,Rosario,820210,Servicio de Catastro e Información Territorial,IGN
2014,1092,2014-02-22,Sabado,0.0,05:15:00,,0.0,2,"Peatón,Automóvil",Forest 7500,2,0,1,0,0,0,1,,Calle,,ROSARIO,Rosario,Asfalto,No existe,II,S/D,Urbana,Ninguna,No existe,Recta,Bueno,Buena,Amanecer,Buen Tiempo,S/D,S/D,Atropello,S/D,Faltante,S/D,Sin restricción,"-32.9437409, -60.7230595",['Forest 7500'],1,Forest 7500,-32.9437409,-60.7230595,55.0,538.0,Municipio Rosario,Municipio,Rosario,820210,Servicio de Catastro e Información Territorial,IGN
2014,1093,2014-02-20,Jueves,0.0,13:40:00,,0.0,2,"Automóvil,Automóvil",Av. Circunvalacion 880,4,3,0,0,0,0,1,,Avenida,,ROSARIO,Rosario,Asfalto,Natural,II,S/D,Urbana,Ninguna,No existe,Recta,Bueno,Buena,Diurna,Buen Tiempo,Frontal,S/D,Colisión,Ninguna,Faltante,S/D,Sin restricción,"-32.938019053061225, -60.72326388367347",['Circunvalacion 880'],1,Circunvalacion 880,-32.938019053061225,-60.72326388367347,55.0,538.0,Municipio Rosario,Municipio,Rosario,820210,Servicio de Catastro e Información Territorial,IGN
2014,1094,2014-02-14,Viernes,0.0,09:50:00,,0.0,2,"Moto/Ciclomotor,Automóvil",Montevideo Y Mitre,2,1,0,0,1,0,0,,Calle,,ROSARIO,Rosario,Asfalto,S/D,II,Dentro,Urbana,Ninguna,No existe,Intersección,Bueno,Buena,Diurna,Buen Tiempo,Lateral,S/D,Colisión,S/D,Faltante,Cordón divisorio,Sin restricción,POINT (-60.6420026 -32.95589439999999),"['Montevideo', 'Mitre']",2,Montevideo; Bartolomé Mitre,-32.95589439999999,-60.6420026,55.0,538.0,Municipio Rosario,Municipio,Rosario,820210,Servicio de Catastro e Información Territorial,IGN
2014,1097,2014-02-16,Domingo,0.0,19:00:00,,0.0,2,"Automóvil,Moto/Ciclomotor",Machain Y Castagnino,3,2,0,0,1,0,0,,Calle,,ROSARIO,Rosario,Asfalto,No existe,II,Dentro,Urbana,Ninguna,No existe,Intersección,Bueno,Buena,Diurna,Buen Tiempo,Lateral,S/D,Colisión,S/D,Faltante,Ninguna,Sin restricción,POINT (-60.698274 -32.898760300000006),"['Machain', 'Castagnino']",2,Machain; Castagnino,-32.898760300000006,-60.698274,55.0,538.0,Municipio Rosario,Municipio,Rosario,820210,Servicio de Catastro e Información Territorial,IGN
2014,1100,2014-02-20,Jueves,0.0,17:30:00,,0.0,2,"Bicicleta,Pickup/Utilitario",Av. Brassey Y J.Colombres,2,1,0,0,0,0,1,,Avenida,,ROSARIO,Rosario,Asfalto,No existe,II,Dentro,Urbana,Ninguna,No existe,Intersección,Bueno,Buena,Atardecer,Buen Tiempo,S/D,S/D,Atropello,S/D,Horizontal,Ninguna,Sin restricción,POINT (-60.730032400000006 -32.9229721),"['Brassey', 'José Colombres']",2,Brassey; José Colombres,-32.9229721,-60.730032400000006,55.0,538.0,Municipio Rosario,Municipio,Rosario,820210,Servicio de Catastro e Información Territorial,IGN
2014,1104,2014-02-16,Domingo,0.0,16:00:00,,0.0,2,"Moto/Ciclomotor,Automóvil",Donado Y Martinez Estrada,2,1,0,0,1,0,0,,Calle,,ROSARIO,Rosario,Asfalto,S/D,II,Dentro,Urbana,S/D,S/D,Intersección,S/D,S/D,Diurna,S/D,S/D,S/D,S/D,S/D,S/D,S/D,S/D,POINT (-60.72830845 -32.91112455),"['Donado', 'Martinez Estrada']",2,José Agustín Donado; Martinez Estrada,-32.91112455,-60.72830845,55.0,538.0,Municipio Rosario,Municipio,Rosario,820210,Servicio de Catastro e Información Territorial,IGN
2014,1105,2014-02-28,Viernes,0.0,14:30:00,,0.0,2,"Moto/Ciclomotor,Automóvil",Magallanes Y French,2,1,0,0,1,0,0,,Calle,,ROSARIO,Rosario,S/D,No existe,II,Dentro,Urbana,Ninguna,No existe,Intersección,S/D,Buena,Diurna,S/D,Lateral,S/D,Colisión,S/D,Faltante,Ninguna,Sin restricción,POINT (-60.7052971 -32.9215733),"['Magallanes', 'French']",2,Magallanes; Domingo French,-32.9215733,-60.7052971,55.0,538.0,Municipio Rosario,Municipio,Rosario,820210,Servicio de Catastro e Información Territorial,IGN
2014,1106,2014-02-28,Viernes,1.0,06:30:00,,0.0,2,"Moto/Ciclomotor,Automóvil",Av. Circunvalacion Y Av. Jorge Newbery,2,1,0,0,1,0,0,,Calle,,ROSARIO,Rosario,Asfalto,S/D,II,Dentro,Urbana,S/D,S/D,Intersección,S/D,S/D,Amanecer,Buen Tiempo,S/D,S/D,S/D,S/D,S/D,S/D,S/D,POINT (-60.72420769617581 -32.90836527388017),"['Circunvalacion', 'Jorge Newbery']",2,Avenida de Circunvalación 25 de Mayo; Avenida Jorge Newbery,-32.90836527388017,-60.72420769617581,55.0,538.0,Municipio Rosario,Municipio,Rosario,820210,Servicio de Catastro e Información Territorial,IGN
2014,1107,2014-02-21,Viernes,0.0,21:10:00,,0.0,2,"Otros,Peatón",Av. Jorge Newbery Y Donado,2,1,0,0,1,0,0,,Calle,,ROSARIO,Rosario,Asfalto,S/D,II,Dentro,Urbana,S/D,S/D,Intersección,S/D,S/D,Nocturna,S/D,S/D,S/D,Atropello,S/D,S/D,S/D,S/D,POINT (-60.728404966666666 -32.908371466666665),"['Jorge Newbery', 'Donado']",2,Avenida Jorge Newbery; José Agustín Donado,-32.908371466666665,-60.728404966666666,55.0,538.0,Municipio Rosario,Municipio,Rosario,820210,Servicio de Catastro e Información Territorial,IGN
2014,1109,2014-02-19,Miercoles,0.0,10:30:00,,0.0,2,"Moto/Ciclomotor,Automóvil",Tucuman Y F.More,2,1,0,0,1,0,0,,Calle,,ROSARIO,Rosario,S/D,No existe,II,Dentro,Rural,Ninguna,S/D,Intersección,S/D,S/D,S/D,S/D,Lateral,S/D,Colisión,S/D,Faltante,Ninguna,Sin restricción,POINT (-60.6937669 -32.9320478),"['Tucumán', 'Felipe Moré']",2,Tucumán; Felipe Moré,-32.9320478,-60.6937669,55.0,538.0,Municipio Rosario,Municipio,Rosario,820210,Servicio de Catastro e Información Territorial,IGN
2014,1111,2014-02-23,Domingo,0.0,14:00:00,,0.0,2,"Moto/Ciclomotor,Automóvil",Av. Battle y Ordoñez 700,2,0,0,1,1,0,0,,Calle,,ROSARIO,Rosario,Asfalto,No existe,II,Dentro,Urbana,Marca Vial,No existe,Intersección,Bueno,Buena,Diurna,Buen Tiempo,Lateral,S/D,Colisión,Ninguna,Horizontal,Cordón divisorio,Sin restricción,"-33.009042, -60.6558939",['Avenida Battle y Ordoñez 700'],1,Avenida Battle y Ordoñez 700,-33.009042,-60.6558939,55.0,538.0,Municipio Rosario,Municipio,Rosario,820210,Servicio de Catastro e Información Territorial,IGN
2014,1116,2014-02-04,Martes,0.0,07:00:00,,0.0,2,"Bicicleta,Otros",San Martin Y Rui Barbosa,2,1,0,0,1,0,0,,Avenida,,ROSARIO,Rosario,Asfalto,No existe,II,Dentro,Urbana,Marca Vial,No existe,Intersección,Bueno,Buena,Diurna,Buen Tiempo,S/D,S/D,Atropello,Ninguna,Horizontal,Cordón divisorio,Sin restricción,POINT (-60.65008304999999 -33.0063681),"['San Martin', 'Rui Barbosa']",2,José de San Martín; Rui Barbosa,-33.0063681,-60.65008304999999,55.0,538.0,Municipio Rosario,Municipio,Rosario,820210,Servicio de Catastro e Información Territorial,IGN
2014,1117,2014-02-13,Jueves,0.0,07:30:00,,0.0,2,"Moto/Ciclomotor,Automóvil",Madre Cabrini Y España,2,1,0,0,1,0,0,,Calle,,ROSARIO,Rosario,Asfalto,No existe,II,Dentro,Urbana,Marca Vial,No existe,Intersección,Bueno,Buena,Diurna,Buen Tiempo,Lateral,S/D,Colisión,Ninguna,Horizontal,Cordón divisorio,Sin restricción,POINT (-60.6575269 -33.005268300000004),"['Madre Cabrini', 'España']",2,Madre Cabrini; España,-33.005268300000004,-60.6575269,55.0,538.0,Municipio Rosario,Municipio,Rosario,820210,Servicio de Catastro e Información Territorial,IGN
2014,1121,2014-02-17,Lunes,0.0,14:00:00,,0.0,2,"Automóvil,Moto/Ciclomotor",Lainez Y Laprida,2,2,0,0,0,0,0,,Calle,,ROSARIO,Rosario,S/D,S/D,II,Dentro,Urbana,Marca Vial,No existe,Intersección,Bueno,Buena,Diurna,Buen Tiempo,Lateral,S/D,Colisión,Ninguna,Horizontal,Cordón divisorio,Sin restricción,POINT (-60.6468915 -33.00524060000001),"['Láinez', 'Laprida']",2,Láinez; Francisco Narciso Laprida,-33.00524060000001,-60.6468915,55.0,538.0,Municipio Rosario,Municipio,Rosario,820210,Servicio de Catastro e Información Territorial,IGN
2014,1122,2014-02-18,Martes,0.0,23:30:00,,0.0,2,"Moto/Ciclomotor,Automóvil",Av. Arijon Y Rodriguez,2,1,0,0,1,0,0,,Avenida,,ROSARIO,Rosario,Asfalto,Natural,II,Dentro,Urbana,Ninguna,S/D,Recta,S/D,S/D,Nocturna,Buen Tiempo,De alcance,S/D,Colisión,S/D,S/D,Vegetación,Sin restricción,POINT (-60.670217300000004 -33.00366629999999),"['Avenida Manuel Arijón', 'Rodríguez']",2,Avenida Manuel Arijón; Rodríguez de Escobedo,-33.00366629999999,-60.6702173,55.0,538.0,Municipio Rosario,Municipio,Rosario,820210,Servicio de Catastro e Información Territorial,IGN
2014,1123,2014-02-19,Miercoles,0.0,02:45:00,,0.0,2,"Moto/Ciclomotor,Camión",Av. Circunvalacion Y Av. Ovidio Lagos,2,1,0,0,1,0,0,,Avenida,,ROSARIO,Rosario,Asfalto,Pavimento,II,Dentro,Urbana,Otra Señal,S/D,Recta,Bueno,Buena,Nocturna,Buen Tiempo,Frontal,S/D,Colisión,S/D,Vertical,Guardarrail,Sin restricción,POINT (-60.67699098957188 -33.00797177001669),"['Circunvalacion', 'Avenida Ovidio Lagos']",2,Avenida de Circunvalación 25 de Mayo; Avenida Ovidio Lagos,-33.00797177001669,-60.67699098957188,55.0,538.0,Municipio Rosario,Municipio,Rosario,820210,Servicio de Catastro e Información Territorial,IGN
2014,1124,2014-02-19,Miercoles,0.0,18:20:00,,0.0,2,"Automóvil,Peatón",Av. Arijon Y Mariano Moreno,2,1,0,0,1,0,0,,Avenida,,ROSARIO,Rosario,Asfalto,Pavimento,II,Dentro,Urbana,S/D,S/D,Intersección,S/D,S/D,Diurna,S/D,S/D,S/D,Atropello,S/D,S/D,S/D,S/D,POINT (-60.6618893 -33.003447599999994),"['Avenida Manuel Arijón', 'Mariano Moreno']",2,Avenida Manuel Arijón; Mariano Moreno,-33.003447599999994,-60.6618893,55.0,538.0,Municipio Rosario,Municipio,Rosario,820210,Servicio de Catastro e Información Territorial,IGN
2014,1125,2014-02-03,Lunes,0.0,21:45:00,,0.0,2,"Automóvil,Peatón",J.M.Gutierrez Y Vuelta De Obligado,2,1,0,0,1,0,0,,Calle,,ROSARIO,Rosario,Asfalto,S/D,II,Dentro,Urbana,S/D,S/D,Intersección,Bueno,S/D,Nocturna,S/D,S/D,S/D,Atropello,S/D,S/D,S/D,S/D,POINT (-60.6612654 -32.9943945),"['Gutierrez', 'Vuelta de Obligado']",2,Ricardo Gutierrez; Vuelta de Obligado,-32.9943945,-60.6612654,55.0,538.0,Municipio Rosario,Municipio,Rosario,820210,Servicio de Catastro e Información Territorial,IGN
2014,1127,2014-03-04,Martes,0.0,20:55:00,,0.0,2,"Automóvil,Peatón",Av. Battle y Ordoñez Y España,2,1,0,0,1,0,0,,Calle,,ROSARIO,Rosario,Asfalto,S/D,II,Dentro,Urbana,S/D,S/D,Intersección,S/D,S/D,Nocturna,S/D,S/D,S/D,Atropello,S/D,S/D,S/D,S/D,POINT (-60.65730380000001 -33.00912425),"['Avenida Battle y Ordoñez', 'España']",2,Avenida Battle y Ordoñez; España,-33.00912425,-60.65730380000001,55.0,538.0,Municipio Rosario,Municipio,Rosario,820210,Servicio de Catastro e Información Territorial,IGN
2014,1128,2014-02-12,Miercoles,0.0,19:20:00,,0.0,2,"Moto/Ciclomotor,Otros",Av. Ovidio Lagos Y Bv. Segui,2,1,0,0,1,0,0,,Avenida,,ROSARIO,Rosario,S/D,S/D,II,Dentro,Urbana,Ninguna,Funciona,Intersección,Bueno,Buena,Atardecer,Buen Tiempo,Lateral,S/D,Colisión,Ninguna,S/D,Ninguna,Sin restricción,POINT (-60.66940506666666 -32.974966166666654),"['Avenida Ovidio Lagos', 'Bulevar Juan Francisco Seguí']",2,Avenida Ovidio Lagos; Bulevar Juan Francisco Seguí,-32.974966166666654,-60.66940506666666,55.0,538.0,Municipio Rosario,Municipio,Rosario,820210,Servicio de Catastro e Información Territorial,IGN
2014,1129,2014-02-17,Lunes,0.0,17:00:00,,0.0,2,"Moto/Ciclomotor,Otros",Av. Francia Y Acevedo Bis,2,1,0,0,1,0,0,,Avenida,,ROSARIO,Rosario,Asfalto,No existe,II,Dentro,Urbana,Ninguna,Funciona,Recta,Bueno,Buena,Atardecer,Buen Tiempo,Lateral,S/D,Colisión,Ninguna,Faltante,Ninguna,Sin restricción,POINT (-60.677015250000004 -32.984204899999995),"['Avenida Francia', 'Acevedo']",2,Avenida Francia; Manuel Acevedo,-32.984204899999995,-60.67701525,55.0,538.0,Municipio Rosario,Municipio,Rosario,820210,Servicio de Catastro e Información Territorial,IGN
2014,1130,2014-02-13,Jueves,0.0,19:00:00,,0.0,1,Moto/Ciclomotor,Castellanos Y Saavedra,1,1,0,0,0,0,0,,Calle,,ROSARIO,Rosario,Asfalto,No existe,II,Dentro,Urbana,Ninguna,No existe,Intersección,Bueno,Buena,Atardecer,Buen Tiempo,S/D,S/D,Colisión,Ninguna,Faltante,Ninguna,Sin restricción,POINT (-60.6830046 -32.971297199999995),"['Aaron Castellanos', 'Saavedra']",2,Aaron Castellanos; Saavedra,-32.971297199999995,-60.6830046,55.0,538.0,Municipio Rosario,Municipio,Rosario,820210,Servicio de Catastro e Información Territorial,IGN
2014,1131,2014-02-13,Jueves,0.0,16:15:00,,0.0,1,Automóvil,Av. Uriburu Y Bv. Avellaneda,3,1,0,0,2,0,0,,Avenida,,ROSARIO,Rosario,Asfalto,No existe,II,Dentro,Urbana,Ninguna,Funciona,Intersección,Bueno,Buena,Diurna,Buen Tiempo,Lateral,S/D,Colisión,Ninguna,S/D,Ninguna,Sin restricción,POINT (-60.688810375 -32.991943325),"['Uriburu', 'Avellaneda']",2,Avenida José Uriburu; Bulevar Nicolás Avellaneda,-32.991943325,-60.688810375,55.0,538.0,Municipio Rosario,Municipio,Rosario,820210,Servicio de Catastro e Información Territorial,IGN
2014,1132,2014-02-02,Domingo,0.0,01:45:00,,0.0,1,Automóvil,Bv. Avellaneda Y Dr.Rivas,1,1,0,0,0,0,0,,Avenida,,ROSARIO,Rosario,Asfalto,No existe,II,Dentro,Urbana,Ninguna,No existe,Recta,Bueno,Buena,Diurna,Buen Tiempo,Lateral,S/D,Colisión,Ninguna,Faltante,Ninguna,Sin restricción,POINT (-60.688509350000004 -32.97635819999999),"['Avellaneda', 'Doctor Francisco Riva']",2,Bulevar Nicolás Avellaneda; Doctor Francisco Riva,-32.97635819999999,-60.68850935,55.0,538.0,Municipio Rosario,Municipio,Rosario,820210,Servicio de Catastro e Información Territorial,IGN
2014,1133,2014-02-07,Viernes,0.0,05:30:00,,0.0,1,Moto/Ciclomotor,Av. Ovidio Lagos Y Rivadavia,1,1,0,0,0,0,0,,Avenida,,ROSARIO,Rosario,Asfalto,No existe,II,Dentro,Urbana,Ninguna,No existe,Recta,Bueno,Buena,Amanecer,Buen Tiempo,S/D,S/D,Colisión,Ninguna,Faltante,Ninguna,Sin restricción,POINT (-60.672997499999994 -32.989899199999996),"['Avenida Ovidio Lagos', 'Rivadavia']",2,Avenida Ovidio Lagos; Avenida Bernardino Rivadavia,-32.9898992,-60.6729975,55.0,538.0,Municipio Rosario,Municipio,Rosario,820210,Servicio de Catastro e Información Territorial,IGN
2014,1134,2014-02-06,Jueves,0.0,15:10:00,,0.0,2,"Bicicleta,Otros",Av. Ovidio Lagos 4500,2,1,0,0,0,0,1,,Avenida,,ROSARIO,Rosario,Asfalto,No existe,II,Dentro,Urbana,Ninguna,No existe,Intersección,Bueno,Buena,Atardecer,Buen Tiempo,S/D,S/D,Atropello,Ninguna,Faltante,Ninguna,Sin restricción,"-32.9818631, -60.6709989",['Ovidio Lagos 4500'],1,Ovidio Lagos 4500,-32.9818631,-60.6709989,55.0,538.0,Municipio Rosario,Municipio,Rosario,820210,Servicio de Catastro e Información Territorial,IGN
2014,1135,2014-02-06,Jueves,0.0,21:15:00,,0.0,2,"Peatón,Otros",Crespo Y Dr.Rivas,2,1,0,0,0,0,1,,Calle,,ROSARIO,Rosario,Asfalto,No existe,II,Dentro,Urbana,Ninguna,No existe,Intersección,Bueno,Buena,"Nocturna,Con luz artificial",Buen Tiempo,S/D,S/D,Atropello,Ninguna,Faltante,Ninguna,Sin restricción,POINT (-60.6776144 -32.9783008),"['Crespo', 'Doctor Francisco Riva']",2,Crespo; Doctor Francisco Riva,-32.9783008,-60.6776144,55.0,538.0,Municipio Rosario,Municipio,Rosario,820210,Servicio de Catastro e Información Territorial,IGN