anio_acci,nro_acci,fecha,desc_dia,fecha_aprox,hora_aprox,desc_ruta,km,cant_participantes,desc_participante,calle_avenida_km,total,heridos_leves,heridos_graves,heridos_gravisimos,ilesos,fallecidos,sin_datos,posicion_XY,desc_tipo_via,desc_ruta_ori,desc_loc,desc_dpto,desc_tipo_calzada,desc_tipo_banquina,desc_unidad_regional,desc_lugar_calzada,desc_zona,desc_prioridad,desc_estado_semaforo,desc_lugar_via,desc_estado_via,desc_estado_visibilidad,desc_luminosidad,desc_estado_clima,desc_tipo_colision,desc_tipo_atropello,desc_tipo_hecho,desc_pres_calzada,desc_senializacion,desc_separacion_via,desc_restriccion,forma_geocod,calle_lista,numero_calles,calles_osm,lat,lon,index_right,gid,fna,gna,nam,in1,fdc,sag
2014,1136,2014-02-05,Miercoles,0.0,21:30:00,,0.0,2,"Bicicleta,Moto/Ciclomotor",Bv. Segui 3400,2,1,0,0,0,0,1,,Avenida,,ROSARIO,Rosario,Asfalto,No existe,II,Dentro,Urbana,Ninguna,No existe,Recta,Bueno,Buena,Nocturna,Buen Tiempo,S/D,S/D,Atropello,Ninguna,Faltante,Ninguna,Sin restricción,"-32.9733248, -60.6776816",['Bulevar Juan Francisco Seguí 3400'],1,Bulevar Juan Francisco Seguí 3400,-32.9733248,-60.6776816,55.0,538.0,Municipio Rosario,Municipio,Rosario,820210,Servicio de Catastro e Información Territorial,IGN
2014,1137,2014-02-04,Martes,0.0,17:00:00,,0.0,2,"Moto/Ciclomotor,Otros",Castellanos Y Saavedra,2,1,0,0,0,0,1,,Calle,,ROSARIO,Rosario,Asfalto,Pavimento,II,Dentro,Urbana,Ninguna,No existe,Intersección,Bueno,Buena,Atardecer,Buen Tiempo,Lateral,S/D,Colisión,Ninguna,Faltante,Ninguna,Sin restricción,POINT (-60.6830046 -32.971297199999995),"['Aaron Castellanos', 'Saavedra']",2,Aaron Castellanos; Saavedra,-32.971297199999995,-60.6830046,55.0,538.0,Municipio Rosario,Municipio,Rosario,820210,Servicio de Catastro e Información Territorial,IGN
2014,1139,2014-02-04,Martes,0.0,11:00:00,,0.0,2,"Peatón,Taxi/Remis",Paraguay 1400,2,1,0,0,1,0,0,,Calle,,ROSARIO,Rosario,Asfalto,S/D,II,S/D,Urbana,Ninguna,No existe,Recta,Bueno,Buena,Diurna,Buen Tiempo,S/D,S/D,Atropello,S/D,Faltante,S/D,Sin restricción,"-32.9527655, -60.64563",['Paraguay 1400'],1,Paraguay 1400,-32.9527655,-60.64563,55.0,538.0,Municipio Rosario,Municipio,Rosario,820210,Servicio de Catastro e Información Territorial,IGN
2014,1141,2014-02-18,Martes,0.0,10:00:00,,0.0,2,"Moto/Ciclomotor,Automóvil",Buenos Aires Y 9 De Julio,2,1,0,0,1,0,0,,Calle,,ROSARIO,Rosario,Asfalto,S/D,II,Dentro,Urbana,S/D,No existe,Intersección,Bueno,Buena,Diurna,S/D,Lateral,S/D,Colisión,S/D,S/D,S/D,S/D,POINT (-60.6345741 -32.9548812),"['Buenos Aires', '9 de Julio']",2,Buenos Aires; 9 de Julio,-32.9548812,-60.6345741,55.0,538.0,Municipio Rosario,Municipio,Rosario,820210,Servicio de Catastro e Información Territorial,IGN
2014,1142,2014-02-20,Jueves,0.0,20:00:00,,0.0,2,"Moto/Ciclomotor,Moto/Ciclomotor",Santa Fe Y Bv. Oroño,2,1,0,0,1,0,0,,Calle,,ROSARIO,Rosario,Asfalto,S/D,II,Dentro,Urbana,Ninguna,No existe,Intersección,Bueno,Buena,"Nocturna,Con luz artificial",Buen Tiempo,Lateral,S/D,Colisión,S/D,Faltante,S/D,S/D,POINT (-60.65298555 -32.94236794999999),"['Santa Fe', 'Bulevar Nicasio Oroño']",2,Santa Fe; Bulevar Nicasio Oroño,-32.94236794999999,-60.65298555,55.0,538.0,Municipio Rosario,Municipio,Rosario,820210,Servicio de Catastro e Información Territorial,IGN
2014,1143,2014-02-19,Miercoles,0.0,02:00:00,,0.0,2,"Automóvil,Automóvil",Av. Pellegrini Y Paraguay,3,2,0,0,1,0,0,,Calle,,ROSARIO,Rosario,Asfalto,S/D,II,Dentro,Urbana,Ninguna,No existe,Intersección,Bueno,Buena,"Nocturna,Con luz artificial",Buen Tiempo,Frontal,S/D,Colisión,S/D,Faltante,Cordón divisorio,Sin restricción,POINT (-60.64646545 -32.95630334999999),"['Pellegrini', 'Paraguay']",2,Avenida Carlos Pellegrini; Paraguay,-32.95630334999999,-60.64646545,55.0,538.0,Municipio Rosario,Municipio,Rosario,820210,Servicio de Catastro e Información Territorial,IGN
2014,1144,2014-02-08,Sabado,0.0,04:15:00,,0.0,2,"Automóvil,Automóvil",San Luis Y Av. Corrientes,4,4,0,0,0,0,0,,Calle,,ROSARIO,Rosario,Asfalto,S/D,II,Dentro,Urbana,Semáforo,Funciona,Intersección,Bueno,Buena,"Nocturna,Con luz artificial",Buen Tiempo,Lateral,S/D,Colisión,S/D,Vertical,Cordón divisorio,Sin restricción,POINT (-60.6429694 -32.948293099999994),"['San Luis', 'Corrientes']",2,San Luis; Corrientes,-32.948293099999994,-60.6429694,55.0,538.0,Municipio Rosario,Municipio,Rosario,820210,Servicio de Catastro e Información Territorial,IGN
2014,1145,2014-02-08,Sabado,0.0,22:50:00,,0.0,2,"Moto/Ciclomotor,Taxi/Remis",Av. Corrientes 1600,3,2,0,0,1,0,0,,Calle,,ROSARIO,Rosario,Asfalto,S/D,II,Dentro,Urbana,Ninguna,No existe,Recta,Bueno,Buena,"Nocturna,Con luz artificial",Buen Tiempo,Frontal,S/D,Colisión,S/D,Faltante,Cordón divisorio,Sin restricción,"-32.9552973, -60.6448027",['Corrientes 1600'],1,Corrientes 1600,-32.9552973,-60.6448027,55.0,538.0,Municipio Rosario,Municipio,Rosario,820210,Servicio de Catastro e Información Territorial,IGN
2014,1146,2014-02-08,Sabado,0.0,17:15:00,,0.0,2,"Automóvil,Automóvil",Mariano Moreno Y San Luis,2,1,0,0,1,0,0,,Calle,,ROSARIO,Rosario,Asfalto,S/D,II,Dentro,Urbana,Ninguna,S/D,Intersección,Con baches,Buena,Diurna,Buen Tiempo,Lateral,S/D,Colisión,S/D,Faltante,Cordón divisorio,Sin restricción,POINT (-60.6512659 -32.94680389999999),"['Mariano Moreno', 'San Luis']",2,Mariano Moreno; San Luis,-32.94680389999999,-60.6512659,55.0,538.0,Municipio Rosario,Municipio,Rosario,820210,Servicio de Catastro e Información Territorial,IGN
2014,1147,2014-02-04,Martes,0.0,11:20:00,,0.0,2,"Pickup/Utilitario,Bicicleta",Mitre 1200,2,1,0,0,1,0,0,,Calle,,ROSARIO,Rosario,Asfalto,S/D,II,Dentro,Urbana,Ninguna,No existe,Recta,Con baches,Buena,Diurna,Buen Tiempo,S/D,S/D,Atropello,S/D,S/D,Cordón divisorio,Sin restricción,"-32.9511689, -60.6408718",['Mitre 1200'],1,Mitre 1200,-32.9511689,-60.6408718,55.0,538.0,Municipio Rosario,Municipio,Rosario,820210,Servicio de Catastro e Información Territorial,IGN
2014,1148,2014-02-12,Miercoles,0.0,14:30:00,,0.0,2,"Moto/Ciclomotor,Automóvil",3 De Febrero Y Ricchieri,2,1,0,0,1,0,0,,Calle,,ROSARIO,Rosario,Asfalto,S/D,II,Dentro,Urbana,S/D,S/D,Intersección,S/D,S/D,S/D,S/D,S/D,S/D,Colisión,S/D,S/D,Cordón divisorio,S/D,POINT (-60.6644345 -32.9483761),"['3 de Febrero', 'Ricchieri']",2,3 de Febrero; Ricchieri,-32.9483761,-60.6644345,55.0,538.0,Municipio Rosario,Municipio,Rosario,820210,Servicio de Catastro e Información Territorial,IGN
2014,1149,2014-02-18,Martes,0.0,07:45:00,,0.0,2,"Automóvil,Moto/Ciclomotor",9 De Julio Y Av. Ovidio Lagos,2,1,0,0,1,0,0,,Calle,,ROSARIO,Rosario,Asfalto,S/D,II,Dentro,Urbana,S/D,S/D,Intersección,S/D,S/D,Diurna,S/D,S/D,S/D,Colisión,S/D,S/D,Cordón divisorio,S/D,POINT (-60.663324700000004 -32.9497026),"['9 de Julio', 'Avenida Ovidio Lagos']",2,9 de Julio; Avenida Ovidio Lagos,-32.9497026,-60.6633247,55.0,538.0,Municipio Rosario,Municipio,Rosario,820210,Servicio de Catastro e Información Territorial,IGN
2014,1150,2014-02-24,Lunes,0.0,22:00:00,,0.0,2,"Moto/Ciclomotor,Automóvil",Baigorria Y Warnes,3,1,0,0,2,0,0,,Calle,,ROSARIO,Rosario,S/D,S/D,II,Dentro,Urbana,S/D,S/D,Recta,S/D,S/D,Nocturna,S/D,S/D,S/D,S/D,S/D,S/D,S/D,S/D,POINT (-60.6947491 -32.89186080000001),"['Baigorria', 'Warnes']",2,Baigorria; Ignacio Warnes,-32.89186080000001,-60.6947491,55.0,538.0,Municipio Rosario,Municipio,Rosario,820210,Servicio de Catastro e Información Territorial,IGN
2014,1151,2014-02-24,Lunes,0.0,06:10:00,,0.0,2,"Moto/Ciclomotor,Moto/Ciclomotor",Tucuman ,2,2,0,0,0,0,0,,Calle,,ROSARIO,Rosario,S/D,S/D,II,S/D,Urbana,S/D,S/D,S/D,S/D,S/D,Amanecer,S/D,S/D,S/D,S/D,S/D,S/D,S/D,S/D,"-32.9322411, -60.6979815",['Tucumán'],1,Tucumán,-32.9322411,-60.6979815,55.0,538.0,Municipio Rosario,Municipio,Rosario,820210,Servicio de Catastro e Información Territorial,IGN
2014,1152,2014-02-19,Miercoles,0.0,16:25:00,,0.0,2,"Moto/Ciclomotor,Automóvil",Av. Alberdi Bis Y French,2,1,0,0,1,0,0,,Avenida,,ROSARIO,Rosario,Asfalto,S/D,II,S/D,Urbana,S/D,Intermitente,Recta,Bueno,Buena,Diurna,Buen Tiempo,Lateral,S/D,Colisión,S/D,Vertical,Cordón divisorio,S/D,POINT (-60.68109575 -32.920867199999996),"['Alberdi', 'French']",2,Avenida Alberdi; Domingo French,-32.9208672,-60.68109575,55.0,538.0,Municipio Rosario,Municipio,Rosario,820210,Servicio de Catastro e Información Territorial,IGN
2014,1153,2014-02-12,Miercoles,0.0,21:45:00,,0.0,2,"Automóvil,Moto/Ciclomotor",Albert Sabin Y Av. Alberdi Bis,2,1,0,0,1,0,0,,Calle,,ROSARIO,Rosario,Asfalto,S/D,II,Dentro,Urbana,Semáforo,Funciona,Intersección,Bueno,Buena,Nocturna,Buen Tiempo,Lateral,S/D,Colisión,S/D,S/D,Barrera de hormigón,S/D,POINT (-60.67368635 -32.93013245),"['Avenida Travesía Albert Sabin', 'Alberdi']",2,Avenida Travesía Albert Sabin; Avenida Alberdi,-32.93013245,-60.67368635,55.0,538.0,Municipio Rosario,Municipio,Rosario,820210,Servicio de Catastro e Información Territorial,IGN
2014,1154,2014-02-10,Lunes,0.0,19:00:00,,0.0,2,"Automóvil,Automóvil",Av. Alberdi Bis Y Velez Sarsfield,2,1,0,0,1,0,0,,S/D,,ROSARIO,Rosario,S/D,S/D,II,S/D,Urbana,S/D,S/D,S/D,S/D,S/D,Diurna,S/D,S/D,S/D,S/D,S/D,S/D,S/D,S/D,POINT (-60.677820800000006 -32.9249456),"['Alberdi', 'Vélez Sarsfield']",2,Avenida Alberdi; Vélez Sarsfield,-32.9249456,-60.677820800000006,55.0,538.0,Municipio Rosario,Municipio,Rosario,820210,Servicio de Catastro e Información Territorial,IGN
2014,1155,2014-02-03,Lunes,0.0,18:00:00,,0.0,2,"Automóvil,Automóvil",Av. Frondizi A Y Av. de los Trabajadores,4,2,0,0,2,0,0,,Avenida,,ROSARIO,Rosario,Asfalto,Pavimento,II,S/D,Urbana,S/D,Funciona,Recta,Bueno,Buena,Diurna,Buen Tiempo,De alcance,S/D,Colisión,S/D,Vertical,S/D,S/D,POINT (-60.676001649999996 -32.91192864999999),"['Frondizi', 'De Los Trabajadores']",2,Avenida Arturo Frondizi; De Los Trabajadores,-32.91192864999999,-60.67600165,55.0,538.0,Municipio Rosario,Municipio,Rosario,820210,Servicio de Catastro e Información Territorial,IGN
2014,1157,2014-02-27,Jueves,0.0,18:30:00,,0.0,2,"Moto/Ciclomotor,Automóvil",Constitucion Y San Lorenzo,2,1,0,0,1,0,0,,S/D,,ROSARIO,Rosario,S/D,S/D,II,S/D,S/D,S/D,S/D,S/D,S/D,S/D,Atardecer,S/D,S/D,S/D,S/D,S/D,S/D,S/D,S/D,POINT (-60.6730946 -32.9377649),"['Constitución', 'San Lorenzo']",2,Constitución; San Lorenzo,-32.9377649,-60.6730946,55.0,538.0,Municipio Rosario,Municipio,Rosario,820210,Servicio de Catastro e Información Territorial,IGN
2014,1158,2014-02-04,Martes,0.0,12:20:00,,0.0,2,"Peatón,Automóvil",Pueyrredon Y Urquiza,2,1,0,0,1,0,0,,Calle,,ROSARIO,Rosario,Asfalto,No existe,II,Dentro,Urbana,Señal Pare,No existe,Recta,Bueno,Buena,Diurna,Buen Tiempo,S/D,S/D,Atropello,Ninguna,S/D,Ninguna,Sin restricción,POINT (-60.6564923 -32.9395203),"['Pueyrredón', 'Urquiza']",2,Pueyrredón; Justo José de Urquiza,-32.9395203,-60.6564923,55.0,538.0,Municipio Rosario,Municipio,Rosario,820210,Servicio de Catastro e Información Territorial,IGN
2014,1159,2014-02-17,Lunes,0.0,18:40:00,,0.0,1,Moto/Ciclomotor,Montevideo 3800,1,1,0,0,0,0,0,,Calle,,ROSARIO,Rosario,Asfalto,S/D,II,S/D,Urbana,S/D,S/D,S/D,S/D,S/D,Diurna,S/D,S/D,S/D,Caída ocupante,S/D,S/D,S/D,S/D,"-32.9495271, -60.6773323",['Montevideo 3800'],1,Montevideo 3800,-32.9495271,-60.6773323,55.0,538.0,Municipio Rosario,Municipio,Rosario,820210,Servicio de Catastro e Información Territorial,IGN
2014,1160,2014-02-20,Jueves,0.0,20:45:00,,0.0,2,"Moto/Ciclomotor,Moto/Ciclomotor",Humberto I Y Florida,3,3,0,0,0,0,0,,Calle,,ROSARIO,Rosario,Asfalto,S/D,II,Dentro,Urbana,S/D,S/D,Intersección,Bueno,S/D,S/D,S/D,S/D,S/D,S/D,S/D,S/D,S/D,S/D,POINT (-60.6831907 -32.92966049999999),"['Humberto', 'Florida']",2,Humberto Primero; Florida,-32.92966049999999,-60.6831907,55.0,538.0,Municipio Rosario,Municipio,Rosario,820210,Servicio de Catastro e Información Territorial,IGN
2014,1162,2014-02-05,Miercoles,0.0,20:30:00,,0.0,2,"Pickup/Utilitario,Moto/Ciclomotor",San Lorenzo Y Constitucion,2,1,0,0,1,0,0,,Calle,,ROSARIO,Rosario,Asfalto,Pavimento,II,Dentro,Urbana,Ninguna,No existe,Recta,Bueno,Buena,Nocturna,Buen Tiempo,Lateral,S/D,Colisión,S/D,S/D,S/D,S/D,POINT (-60.6730946 -32.9377649),"['San Lorenzo', 'Constitución']",2,San Lorenzo; Constitución,-32.9377649,-60.6730946,55.0,538.0,Municipio Rosario,Municipio,Rosario,820210,Servicio de Catastro e Información Territorial,IGN
2014,1163,2014-02-22,Sabado,0.0,18:25:00,,0.0,2,"Transporte de Pasajeros Urbano (> 8 asientos),Automóvil",Junin Y Ing.Thedy Bis,2,1,0,0,1,0,0,,Calle,,ROSARIO,Rosario,Asfalto,S/D,II,Dentro,Urbana,Semáforo,Funciona,Recta,Resbaladiza,S/D,S/D,Lluvia,S/D,S/D,S/D,S/D,S/D,S/D,S/D,POINT (-60.665852550000004 -32.92643209999999),"['Junín', 'Thedy']",2,Junín; Héctor Thedy,-32.92643209999999,-60.66585255,55.0,538.0,Municipio Rosario,Municipio,Rosario,820210,Servicio de Catastro e Información Territorial,IGN
2014,1164,2014-02-17,Lunes,0.0,08:40:00,,0.0,2,"Moto/Ciclomotor,Automóvil",Av. Pellegrini 3300,2,1,0,0,1,0,0,,Avenida,,ROSARIO,Rosario,S/D,S/D,II,S/D,Urbana,S/D,S/D,Recta,S/D,S/D,Diurna,S/D,S/D,S/D,Colisión,S/D,S/D,S/D,S/D,"-32.9518219, -60.6707455",['Pellegrini 3300'],1,Pellegrini 3300,-32.9518219,-60.6707455,55.0,538.0,Municipio Rosario,Municipio,Rosario,820210,Servicio de Catastro e Información Territorial,IGN
2014,1165,2014-02-07,Viernes,0.0,21:30:00,,0.0,2,"Automóvil,Automóvil",Urquiza Y Callao,3,2,0,0,1,0,0,,Calle,,ROSARIO,Rosario,Asfalto,Pavimento,II,Dentro,Urbana,Semáforo,Funciona,Intersección,Bueno,Buena,Nocturna,Buen Tiempo,Lateral,S/D,Colisión,S/D,Vertical,Ninguna,S/D,POINT (-60.65924820000001 -32.93904169999998),"['Urquiza', 'Callao']",2,Justo José de Urquiza; Callao,-32.93904169999998,-60.65924820000001,55.0,538.0,Municipio Rosario,Municipio,Rosario,820210,Servicio de Catastro e Información Territorial,IGN
2014,1166,2014-02-09,Domingo,0.0,18:30:00,,0.0,2,"Automóvil,Moto/Ciclomotor",Alberdi Y Av. Genova,4,1,0,0,3,0,0,,Avenida,,ROSARIO,Rosario,S/D,S/D,II,S/D,Urbana,S/D,S/D,Recta,Bueno,S/D,S/D,S/D,Lateral,S/D,Colisión,S/D,S/D,S/D,S/D,POINT (-60.685641200000006 -32.91519955000001),"['Alberdi', 'Genova']",2,Avenida Alberdi; Avenida Génova,-32.91519955000001,-60.685641200000006,55.0,538.0,Municipio Rosario,Municipio,Rosario,820210,Servicio de Catastro e Información Territorial,IGN
2014,1167,2014-02-03,Lunes,0.0,15:30:00,,0.0,2,"Automóvil,Moto/Ciclomotor",Echeverria Bis Y Av. Luis Carballo,3,1,0,0,2,0,0,,Calle,,ROSARIO,Rosario,S/D,S/D,II,Dentro,Urbana,S/D,S/D,S/D,S/D,S/D,Diurna,S/D,S/D,S/D,S/D,S/D,S/D,S/D,S/D,POINT (-60.672244250000006 -32.921920799999995),"['Echeverría', 'Avenida Doctor Luis Cándido Carballo']",2,Echeverría; Avenida Doctor Luis Cándido Carballo,-32.921920799999995,-60.672244250000006,55.0,538.0,Municipio Rosario,Municipio,Rosario,820210,Servicio de Catastro e Información Territorial,IGN
2014,1168,2014-02-07,Viernes,0.0,08:15:00,,0.0,2,"Moto/Ciclomotor,Automóvil",Salta Y Crespo,2,1,0,0,1,0,0,,Calle,,ROSARIO,Rosario,Asfalto,Pavimento,II,Dentro,Urbana,Semáforo,Funciona,Recta,Bueno,Buena,Diurna,Buen Tiempo,Lateral,S/D,Colisión,Ninguna,Vertical,Ninguna,Sin restricción,POINT (-60.6665068 -32.93408000000001),"['Salta', 'Crespo']",2,Salta; Crespo,-32.93408000000001,-60.6665068,55.0,538.0,Municipio Rosario,Municipio,Rosario,820210,Servicio de Catastro e Información Territorial,IGN
2014,1171,2014-02-15,Sabado,0.0,18:20:00,,0.0,2,"Automóvil,Moto/Ciclomotor",Bv. Avellaneda Y 3 De Febrero,2,1,0,0,1,0,0,,Avenida,,ROSARIO,Rosario,S/D,S/D,II,Dentro,Urbana,S/D,S/D,Intersección,S/D,S/D,Diurna,S/D,S/D,S/D,Colisión,S/D,S/D,Cordón divisorio,S/D,POINT (-60.6807366 -32.945458),"['Avellaneda', '3 de Febrero']",2,Bulevar Nicolás Avellaneda; 3 de Febrero,-32.945458,-60.6807366,55.0,538.0,Municipio Rosario,Municipio,Rosario,820210,Servicio de Catastro e Información Territorial,IGN
2014,1172,2014-02-10,Lunes,0.0,14:30:00,,0.0,2,"Automóvil,Moto/Ciclomotor",3 De Febrero Y Pueyrredon,2,2,0,0,0,0,0,,Calle,,ROSARIO,Rosario,S/D,S/D,II,Dentro,Urbana,S/D,S/D,Intersección,S/D,S/D,Diurna,S/D,S/D,S/D,Colisión,S/D,S/D,S/D,S/D,POINT (-60.65897040000001 -32.9493667),"['3 de Febrero', 'Pueyrredón']",2,3 de Febrero; Pueyrredón,-32.9493667,-60.65897040000001,55.0,538.0,Municipio Rosario,Municipio,Rosario,820210,Servicio de Catastro e Información Territorial,IGN
2014,1174,2014-02-08,Sabado,0.0,11:40:00,,0.0,2,"Taxi/Remis,Moto/Ciclomotor",Bv. Avellaneda Y Rioja,3,2,0,0,1,0,0,,Avenida,,ROSARIO,Rosario,S/D,S/D,II,S/D,Urbana,S/D,S/D,Intersección,S/D,S/D,Diurna,S/D,S/D,S/D,Colisión,S/D,S/D,S/D,S/D,POINT (-60.679463549999994 -32.940277300000005),"['Avellaneda', 'Rioja']",2,Bulevar Nicolás Avellaneda; Rioja,-32.940277300000005,-60.67946355,55.0,538.0,Municipio Rosario,Municipio,Rosario,820210,Servicio de Catastro e Información Territorial,IGN
2014,1175,2014-02-11,Martes,0.0,15:00:00,,0.0,2,"Automóvil,Automóvil",Salta Y Suipacha,3,1,0,0,1,0,1,,Calle,,ROSARIO,Rosario,S/D,S/D,II,Dentro,Urbana,S/D,S/D,S/D,S/D,S/D,Diurna,S/D,S/D,S/D,Colisión,S/D,S/D,S/D,S/D,POINT (-60.6624133 -32.9348077),"['Salta', 'Suipacha']",2,Salta; Suipacha,-32.9348077,-60.6624133,55.0,538.0,Municipio Rosario,Municipio,Rosario,820210,Servicio de Catastro e Información Territorial,IGN
2014,1176,2014-02-07,Viernes,0.0,09:15:00,,0.0,2,"Moto/Ciclomotor,Pickup/Utilitario",Av. Pellegrini Y Iriondo,2,1,0,0,1,0,0,,Avenida,,ROSARIO,Rosario,S/D,S/D,II,S/D,Urbana,S/D,S/D,Intersección,S/D,S/D,Diurna,S/D,S/D,S/D,Colisión,S/D,S/D,S/D,S/D,POINT (-60.6723408 -32.95164905),"['Pellegrini', 'Iriondo']",2,Avenida Carlos Pellegrini; Iriondo,-32.95164905,-60.6723408,55.0,538.0,Municipio Rosario,Municipio,Rosario,820210,Servicio de Catastro e Información Territorial,IGN
2014,1178,2014-02-04,Martes,0.0,17:50:00,,0.0,2,"Automóvil,Automóvil",Bv. Avellaneda ,3,1,0,0,2,0,0,,Avenida,,ROSARIO,Rosario,S/D,S/D,II,S/D,Urbana,S/D,S/D,S/D,S/D,S/D,Diurna,S/D,S/D,S/D,S/D,S/D,S/D,S/D,S/D,"-32.9626088, -60.6850077",['Avellaneda'],1,Avellaneda,-32.9626088,-60.6850077,55.0,538.0,Municipio Rosario,Municipio,Rosario,820210,Servicio de Catastro e Información Territorial,IGN
2014,1179,2014-02-13,Jueves,0.0,12:30:00,,0.0,2,"Moto/Ciclomotor,Automóvil",Av. Del Valle Y Av. Ovidio Lagos,2,1,0,0,1,0,0,,Avenida,,ROSARIO,Rosario,S/D,S/D,II,Dentro,Urbana,S/D,S/D,S/D,S/D,S/D,Diurna,S/D,S/D,S/D,Colisión,S/D,S/D,S/D,S/D,POINT (-60.65863300000001 -32.9310287),"['Del Valle', 'Avenida Ovidio Lagos']",2,Avenida Aristóbulo del Valle; Avenida Ovidio Lagos,-32.9310287,-60.65863300000001,55.0,538.0,Municipio Rosario,Municipio,Rosario,820210,Servicio de Catastro e Información Territorial,IGN
2014,1181,2014-02-07,Viernes,0.0,20:15:00,,0.0,2,"Moto/Ciclomotor,Automóvil",Bahia Blanca Bis Y Velez Sarsfield,2,1,0,0,1,0,0,,Calle,,ROSARIO,Rosario,S/D,S/D,II,Dentro,Urbana,S/D,S/D,S/D,S/D,S/D,Diurna,S/D,S/D,S/D,S/D,S/D,S/D,S/D,S/D,POINT (-60.6887143 -32.92521080000001),"['Bahía Blanca', 'Vélez Sarsfield']",2,Bahía Blanca; Vélez Sarsfield,-32.92521080000001,-60.6887143,55.0,538.0,Municipio Rosario,Municipio,Rosario,820210,Servicio de Catastro e Información Territorial,IGN
2014,1183,2014-01-24,Viernes,0.0,10:30:00,,0.0,2,"Automóvil,Automóvil",E.Zeballos Y Santiago,3,1,0,0,2,0,0,,Calle,,ROSARIO,Rosario,S/D,S/D,II,S/D,Urbana,S/D,S/D,Intersección,S/D,S/D,S/D,S/D,S/D,S/D,Colisión,S/D,S/D,S/D,S/D,POINT (-60.6581792 -32.95179709999999),"['Zeballos', 'Santiago']",2,Zeballos; Santiago,-32.95179709999999,-60.6581792,55.0,538.0,Municipio Rosario,Municipio,Rosario,820210,Servicio de Catastro e Información Territorial,IGN
2014,1184,2014-02-14,Viernes,0.0,09:15:00,,0.0,2,"Moto/Ciclomotor,Automóvil",Salta Y Suipacha,2,1,0,0,1,0,0,,Calle,,ROSARIO,Rosario,S/D,S/D,II,S/D,Urbana,S/D,S/D,S/D,S/D,S/D,Diurna,S/D,S/D,S/D,Colisión,S/D,S/D,S/D,S/D,POINT (-60.6624133 -32.9348077),"['Salta', 'Suipacha']",2,Salta; Suipacha,-32.9348077,-60.6624133,55.0,538.0,Municipio Rosario,Municipio,Rosario,820210,Servicio de Catastro e Información Territorial,IGN
2014,1185,2014-02-17,Lunes,0.0,05:00:00,,0.0,2,"Moto/Ciclomotor,Pickup/Utilitario",Salta Y Pueyrredon,2,1,0,0,0,0,1,,Calle,,ROSARIO,Rosario,S/D,S/D,II,S/D,Urbana,S/D,S/D,Intersección,S/D,S/D,Amanecer,S/D,S/D,S/D,Colisión,S/D,S/D,S/D,S/D,POINT (-60.6556216 -32.93601499999999),"['Salta', 'Pueyrredón']",2,"('Salta', 'Pueyrredón')",-32.93601499999999,-60.6556216,55.0,538.0,Municipio Rosario,Municipio,Rosario,820210,Servicio de Catastro e Información Territorial,IGN
2014,1187,2014-02-07,Viernes,0.0,,,0.0,2,"Bicicleta,Automóvil",San Nicolas Y 9 De Julio,2,1,0,0,1,0,0,,Calle,,ROSARIO,Rosario,S/D,S/D,II,S/D,Urbana,S/D,S/D,Intersección,S/D,S/D,S/D,S/D,S/D,S/D,Atropello,S/D,S/D,Cordón divisorio,S/D,POINT (-60.674188699999995 -32.94772739999999),"['San Nicolás', '9 de Julio']",2,San Nicolás; 9 de Julio,-32.94772739999999,-60.6741887,55.0,538.0,Municipio Rosario,Municipio,Rosario,820210,Servicio de Catastro e Información Territorial,IGN
2014,1188,2014-02-17,Lunes,0.0,13:00:00,,0.0,2,"Bicicleta,Automóvil",Pueyrredon Y Tucuman,2,1,0,0,1,0,0,,Calle,,ROSARIO,Rosario,Asfalto,S/D,II,Dentro,Urbana,S/D,S/D,Intersección,S/D,S/D,Diurna,S/D,S/D,S/D,Atropello,S/D,S/D,S/D,S/D,POINT (-60.65618919999999 -32.9383657),"['Pueyrredón', 'Tucumán']",2,Pueyrredón; Tucumán,-32.9383657,-60.65618919999999,55.0,538.0,Municipio Rosario,Municipio,Rosario,820210,Servicio de Catastro e Información Territorial,IGN
2014,1190,2014-02-07,Viernes,0.0,17:20:00,,0.0,2,"Automóvil,Moto/Ciclomotor",Montevideo Y Gutenberg,3,2,0,0,1,0,0,,Calle,,ROSARIO,Rosario,S/D,S/D,II,S/D,Urbana,S/D,S/D,Intersección,S/D,S/D,Diurna,S/D,S/D,S/D,Colisión,S/D,S/D,Cordón divisorio,S/D,POINT (-60.6897468 -32.947364699999994),"['Montevideo', 'Gutenberg']",2,Montevideo; Gutenberg,-32.947364699999994,-60.6897468,55.0,538.0,Municipio Rosario,Municipio,Rosario,820210,Servicio de Catastro e Información Territorial,IGN
2014,1191,2014-02-21,Viernes,0.0,18:45:00,,0.0,1,Automóvil,Anchorena 2276,1,1,0,0,0,0,0,,Calle,,ROSARIO,Rosario,Asfalto,S/D,II,Dentro,Urbana,S/D,S/D,S/D,Bueno,S/D,S/D,S/D,S/D,S/D,S/D,S/D,S/D,S/D,S/D,"-32.9981666, -60.6564117",['Anchorena 2276'],1,Anchorena 2276,-32.9981666,-60.6564117,55.0,538.0,Municipio Rosario,Municipio,Rosario,820210,Servicio de Catastro e Información Territorial,IGN
2014,1192,2014-02-22,Sabado,0.0,17:30:00,,0.0,2,"Moto/Ciclomotor,Otros",Pueyrredon Y Catamarca,2,1,0,0,0,0,1,,Calle,,ROSARIO,Rosario,Asfalto,S/D,II,S/D,Urbana,S/D,S/D,Intersección,S/D,S/D,Diurna,S/D,S/D,S/D,Colisión,S/D,S/D,S/D,S/D,POINT (-60.6558961 -32.93715339999999),"['Pueyrredón', 'Catamarca']",2,Pueyrredón; Catamarca,-32.93715339999999,-60.6558961,55.0,538.0,Municipio Rosario,Municipio,Rosario,820210,Servicio de Catastro e Información Territorial,IGN
2014,1197,2014-02-21,Viernes,0.0,18:30:00,,0.0,2,"Automóvil,Moto/Ciclomotor",Lamadrid Y Dorrego,2,1,0,0,1,0,0,,Calle,,ROSARIO,Rosario,Asfalto,S/D,II,Dentro,Urbana,S/D,S/D,Recta,Bueno,S/D,Diurna,S/D,S/D,S/D,S/D,S/D,S/D,S/D,S/D,POINT (-60.6607229 -32.9974771),"['Lamadrid', 'Dorrego']",2,Gregorio Aráoz de Lamadrid; Manuel Dorrego,-32.9974771,-60.6607229,55.0,538.0,Municipio Rosario,Municipio,Rosario,820210,Servicio de Catastro e Información Territorial,IGN