anio_acci,nro_acci,fecha,desc_dia,fecha_aprox,hora_aprox,desc_ruta,km,cant_participantes,desc_participante,calle_avenida_km,total,heridos_leves,heridos_graves,heridos_gravisimos,ilesos,fallecidos,sin_datos,posicion_XY,desc_tipo_via,desc_ruta_ori,desc_loc,desc_dpto,desc_tipo_calzada,desc_tipo_banquina,desc_unidad_regional,desc_lugar_calzada,desc_zona,desc_prioridad,desc_estado_semaforo,desc_lugar_via,desc_estado_via,desc_estado_visibilidad,desc_luminosidad,desc_estado_clima,desc_tipo_colision,desc_tipo_atropello,desc_tipo_hecho,desc_pres_calzada,desc_senializacion,desc_separacion_via,desc_restriccion,forma_geocod,calle_lista,numero_calles,calles_osm,lat,lon,index_right,gid,fna,gna,nam,in1,fdc,sag
2014,1199,2014-02-07,Viernes,0.0,17:30:00,,0.0,2,"Automóvil,Moto/Ciclomotor",Rioja 3800,2,1,0,0,1,0,0,,Calle,,ROSARIO,Rosario,Asfalto,S/D,II,Dentro,Urbana,S/D,S/D,Recta,S/D,S/D,Diurna,S/D,S/D,S/D,Colisión,S/D,S/D,Cordón divisorio,S/D,"-32.9410163, -60.675182",['Rioja 3800'],1,Rioja 3800,-32.9410163,-60.675182,55.0,538.0,Municipio Rosario,Municipio,Rosario,820210,Servicio de Catastro e Información Territorial,IGN
2014,1201,2014-02-26,Miercoles,0.0,18:30:00,,0.0,2,"Pickup/Utilitario,Moto/Ciclomotor",Av. Ntra.Sra.del Rosario Y Dorrego,3,2,0,0,1,0,0,,Calle,,ROSARIO,Rosario,Asfalto,Pavimento,II,Dentro,Urbana,S/D,S/D,Intersección,S/D,S/D,Diurna,S/D,S/D,S/D,S/D,S/D,S/D,S/D,S/D,POINT (-60.6606112 -33.0004429),"['Nuestra Señora del Rosario', 'Dorrego']",2,Puente Nuestra Señora del Rosario; Manuel Dorrego,-33.0004429,-60.6606112,55.0,538.0,Municipio Rosario,Municipio,Rosario,820210,Servicio de Catastro e Información Territorial,IGN
2014,1203,2014-02-07,Viernes,0.0,12:00:00,,0.0,2,"Moto/Ciclomotor,Automóvil",Mendoza Y Bv. Avellaneda,3,2,0,0,1,0,0,,Avenida,,ROSARIO,Rosario,S/D,S/D,II,S/D,Urbana,S/D,S/D,Intersección,S/D,S/D,Diurna,S/D,S/D,S/D,Colisión,S/D,S/D,Cordón divisorio,S/D,POINT (-60.680421100000004 -32.94423964999999),"['Mendoza', 'Avellaneda']",2,Mendoza; Bulevar Nicolás Avellaneda,-32.94423964999999,-60.6804211,55.0,538.0,Municipio Rosario,Municipio,Rosario,820210,Servicio de Catastro e Información Territorial,IGN
2014,1207,2014-02-07,Viernes,0.0,04:55:00,,0.0,2,"Automóvil,Taxi/Remis",Cafferata Y Santa Fe,5,3,0,0,2,0,0,,Calle,,ROSARIO,Rosario,Asfalto,S/D,II,S/D,Urbana,S/D,S/D,Intersección,S/D,S/D,Nocturna,S/D,S/D,S/D,Colisión,S/D,S/D,Cordón divisorio,S/D,POINT (-60.67063869999999 -32.939213),"['Cafferata', 'Santa Fe']",2,Cafferata; Santa Fe,-32.939213,-60.67063869999999,55.0,538.0,Municipio Rosario,Municipio,Rosario,820210,Servicio de Catastro e Información Territorial,IGN
2014,1208,2014-02-22,Sabado,0.0,10:40:00,,0.0,2,"Automóvil,Automóvil",Av. Ovidio Lagos 1100,2,1,0,0,1,0,0,,Calle,,ROSARIO,Rosario,Asfalto,S/D,II,Dentro,Urbana,S/D,S/D,Intersección,S/D,S/D,Diurna,S/D,S/D,S/D,Colisión,S/D,S/D,Cordón divisorio,S/D,"-32.9459119, -60.6624429",['Ovidio Lagos 1100'],1,Ovidio Lagos 1100,-32.9459119,-60.6624429,55.0,538.0,Municipio Rosario,Municipio,Rosario,820210,Servicio de Catastro e Información Territorial,IGN
2014,1215,2014-02-01,Sabado,0.0,04:00:00,,0.0,2,"Taxi/Remis,Automóvil",San Juan Y Bv. Avellaneda,3,1,0,0,1,0,1,,Avenida,,ROSARIO,Rosario,Asfalto,S/D,II,S/D,Urbana,S/D,S/D,Intersección,S/D,S/D,Nocturna,S/D,S/D,S/D,Colisión,S/D,S/D,Cordón divisorio,S/D,POINT (-60.680076299999996 -32.94284435),"['San Juan', 'Avellaneda']",2,San Juan; Bulevar Nicolás Avellaneda,-32.94284435,-60.6800763,55.0,538.0,Municipio Rosario,Municipio,Rosario,820210,Servicio de Catastro e Información Territorial,IGN
2014,1219,2014-01-31,Viernes,0.0,11:00:00,,0.0,2,"Automóvil,Pickup/Utilitario",Alvear Y Mendoza,2,1,0,0,1,0,0,,Calle,,ROSARIO,Rosario,Asfalto,S/D,II,S/D,Urbana,S/D,S/D,Intersección,S/D,S/D,Diurna,S/D,S/D,S/D,Colisión,S/D,S/D,S/D,S/D,POINT (-60.6559491 -32.9485925),"['Alvear', 'Mendoza']",2,Alvear; Mendoza,-32.9485925,-60.6559491,55.0,538.0,Municipio Rosario,Municipio,Rosario,820210,Servicio de Catastro e Información Territorial,IGN
2014,1222,2014-01-31,Viernes,0.0,09:15:00,,0.0,2,"Automóvil,Automóvil",3 De Febrero Y Vera Mujica,2,1,0,0,1,0,0,,Calle,,ROSARIO,Rosario,Asfalto,S/D,II,S/D,Urbana,S/D,S/D,Intersección,S/D,S/D,Diurna,S/D,S/D,S/D,Colisión,S/D,S/D,S/D,S/D,POINT (-60.668509099999994 -32.94765369999999),"['3 de Febrero', 'Vera Mujíca']",2,3 de Febrero; Vera Mujíca,-32.94765369999999,-60.6685091,55.0,538.0,Municipio Rosario,Municipio,Rosario,820210,Servicio de Catastro e Información Territorial,IGN
2014,1225,2014-02-16,Domingo,0.0,19:49:00,,0.0,2,"Taxi/Remis,Automóvil",Av. Pellegrini Y Crespo,2,1,0,0,1,0,0,,Calle,,ROSARIO,Rosario,Asfalto,S/D,II,Dentro,Urbana,S/D,S/D,Intersección,S/D,S/D,Diurna,S/D,S/D,S/D,Colisión,S/D,S/D,S/D,S/D,POINT (-60.670978700000006 -32.951893749999996),"['Pellegrini', 'Crespo']",2,Avenida Carlos Pellegrini; Crespo,-32.95189375,-60.670978700000006,55.0,538.0,Municipio Rosario,Municipio,Rosario,820210,Servicio de Catastro e Información Territorial,IGN
2014,1230,2014-02-02,Domingo,0.0,,,0.0,2,"Moto/Ciclomotor,Automóvil",Vera Mujica 875,3,2,0,0,1,0,0,,Calle,,ROSARIO,Rosario,Asfalto,S/D,II,S/D,Urbana,S/D,S/D,Recta,S/D,S/D,S/D,S/D,S/D,S/D,Colisión,S/D,S/D,S/D,S/D,"-32.94214397755102, -60.66704840816327",['Vera Mujica 875'],1,Vera Mujica 875,-32.94214397755102,-60.66704840816327,55.0,538.0,Municipio Rosario,Municipio,Rosario,820210,Servicio de Catastro e Información Territorial,IGN
2014,1235,2014-02-18,Martes,0.0,19:00:00,,0.0,2,"Automóvil,Moto/Ciclomotor",San Juan Y Vera Mujica,3,1,0,0,2,0,0,,Calle,,ROSARIO,Rosario,Asfalto,S/D,II,S/D,Urbana,S/D,S/D,Intersección,S/D,S/D,S/D,S/D,S/D,S/D,Colisión,S/D,S/D,S/D,S/D,POINT (-60.6678428 -32.94501609999999),"['San Juan', 'Vera Mujíca']",2,San Juan; Vera Mujíca,-32.94501609999999,-60.6678428,55.0,538.0,Municipio Rosario,Municipio,Rosario,820210,Servicio de Catastro e Información Territorial,IGN
2014,1236,2014-02-22,Sabado,0.0,14:20:00,,0.0,2,"Automóvil,Transporte de Pasajeros Urbano (> 8 asientos)",Cafferata Y Av. Pellegrini,3,1,0,0,2,0,0,,Avenida,,ROSARIO,Rosario,Asfalto,S/D,II,S/D,Urbana,S/D,S/D,Intersección,S/D,S/D,S/D,S/D,S/D,S/D,Colisión,S/D,S/D,S/D,S/D,POINT (-60.66279733333334 -32.9781999),"['Cafferata', 'Pellegrini']",2,Cafferata; Avenida Carlos Pellegrini,-32.9781999,-60.66279733333334,55.0,538.0,Municipio Rosario,Municipio,Rosario,820210,Servicio de Catastro e Información Territorial,IGN
2014,1255,2014-02-19,Miercoles,0.0,15:45:00,,0.0,2,"Automóvil,Moto/Ciclomotor",3 De Febrero Y Sucre,3,2,0,0,1,0,0,,Calle,,ROSARIO,Rosario,Asfalto,S/D,II,Dentro,Urbana,S/D,S/D,Intersección,S/D,S/D,S/D,S/D,S/D,S/D,Colisión,S/D,S/D,Cordón divisorio,S/D,POINT (-60.691616700000004 -32.9434871),"['3 de Febrero', 'Sucre']",2,3 de Febrero; Sucre,-32.9434871,-60.6916167,55.0,538.0,Municipio Rosario,Municipio,Rosario,820210,Servicio de Catastro e Información Territorial,IGN
2014,1259,2014-02-13,Jueves,0.0,21:30:00,,0.0,2,"Moto/Ciclomotor,Automóvil",Av. Pellegrini 3400,2,1,0,0,1,0,0,,Calle,,ROSARIO,Rosario,Asfalto,S/D,II,Dentro,Urbana,S/D,S/D,Intersección,S/D,S/D,Nocturna,S/D,S/D,S/D,Colisión,S/D,S/D,Cordón divisorio,S/D,"-32.9515704, -60.6721928",['Pellegrini 3400'],1,Pellegrini 3400,-32.9515704,-60.6721928,55.0,538.0,Municipio Rosario,Municipio,Rosario,820210,Servicio de Catastro e Información Territorial,IGN
2014,1262,2014-02-23,Domingo,0.0,21:50:00,,0.0,2,"Automóvil,Moto/Ciclomotor",Poeta Fontanarrosa Y G.Carrasco,3,2,0,0,1,0,0,,Calle,,ROSARIO,Rosario,Asfalto,S/D,II,Dentro,Urbana,S/D,S/D,Recta,S/D,S/D,Nocturna,S/D,Frontal,S/D,Colisión,S/D,S/D,S/D,S/D,POINT (-60.68865154999999 -32.87495215),"['Pasaje Poeta Fontanarrosa', 'Carrasco']",2,Pasaje Poeta Fontanarrosa; Omar Carrasco,-32.87495215,-60.68865154999999,55.0,538.0,Municipio Rosario,Municipio,Rosario,820210,Servicio de Catastro e Información Territorial,IGN
2014,1631,2014-03-18,Martes,0.0,23:00:00,,0.0,2,"Moto/Ciclomotor,Automóvil",Ayacucho Y Rueda,2,1,0,0,1,0,0,,Calle,,ROSARIO,Rosario,Asfalto,No existe,II,S/D,Urbana,Marca Vial,No existe,Intersección,Bueno,Buena,"Nocturna,Con luz artificial",Buen Tiempo,Lateral,S/D,Colisión,Ninguna,Vertical,Línea divisoria pintada,Sin restricción,POINT (-60.6331082 -32.9730883),"['Ayacucho', 'Rueda']",2,Ayacucho; Rueda,-32.9730883,-60.6331082,55.0,538.0,Municipio Rosario,Municipio,Rosario,820210,Servicio de Catastro e Información Territorial,IGN
2014,1634,2014-03-14,Viernes,0.0,15:00:00,,0.0,2,"Automóvil,Automóvil",Laprida Y Amenabar,2,1,0,0,1,0,0,,Calle,,ROSARIO,Rosario,Asfalto,No existe,II,Dentro,Urbana,Marca Vial,No existe,Intersección,Bueno,Buena,Diurna,Buen Tiempo,Lateral,S/D,Colisión,Ninguna,Vertical,Línea divisoria pintada,Sin restricción,POINT (-60.640707500000005 -32.97290979999999),"['Laprida', 'Amenabar']",2,Francisco Narciso Laprida; José de Amenábar,-32.97290979999999,-60.640707500000005,55.0,538.0,Municipio Rosario,Municipio,Rosario,820210,Servicio de Catastro e Información Territorial,IGN
2014,1637,2014-03-18,Martes,0.0,16:00:00,,0.0,2,"Peatón,Automóvil",L.N.Alem Y Rueda,2,1,0,0,1,0,0,,Calle,,ROSARIO,Rosario,Asfalto,S/D,II,Dentro,Urbana,Marca Vial,No existe,Intersección,Bueno,Buena,Diurna,Buen Tiempo,S/D,S/D,Atropello,Ninguna,Vertical,Línea divisoria pintada,Sin restricción,POINT (-60.63449020000001 -32.9728384),"['Alem', 'Rueda']",2,Leandro N. Alem; Rueda,-32.9728384,-60.63449020000001,55.0,538.0,Municipio Rosario,Municipio,Rosario,820210,Servicio de Catastro e Información Territorial,IGN
2014,1642,2014-03-20,Jueves,0.0,16:00:00,,0.0,2,"Moto/Ciclomotor,Automóvil",J.M.de Rosas Y Ayolas,2,1,0,0,1,0,0,,Calle,,ROSARIO,Rosario,Asfalto,No existe,II,Dentro,Urbana,Marca Vial,Intermitente,Intersección,Bueno,Buena,Atardecer,Buen Tiempo,De alcance,S/D,Colisión,Ninguna,Vertical,Línea divisoria pintada,Sin restricción,POINT (-60.6389095 -32.9780403),"['De Rosas', 'Ayolas']",2,Juan Manuel de Rosas; Ayolas,-32.9780403,-60.6389095,55.0,538.0,Municipio Rosario,Municipio,Rosario,820210,Servicio de Catastro e Información Territorial,IGN
2014,1645,2014-03-28,Viernes,0.0,23:50:00,,0.0,2,"Peatón,Otros",Av. Ntra.Sra.del Rosario Y El Mangrullo,2,1,0,0,0,0,1,,Calle,,ROSARIO,Rosario,Asfalto,No existe,II,Dentro,Urbana,Ninguna,No existe,Intersección,Con baches,S/D,Nocturna,Buen Tiempo,S/D,S/D,Atropello,S/D,S/D,Ninguna,Sin restricción,POINT (-60.615388300000006 -32.999675499999995),"['Nuestra Señora del Rosario', 'El Mangrullo']",2,Puente Nuestra Señora del Rosario; El Mangrullo,-32.999675499999995,-60.615388300000006,55.0,538.0,Municipio Rosario,Municipio,Rosario,820210,Servicio de Catastro e Información Territorial,IGN
2014,1647,2014-03-19,Miercoles,0.0,18:30:00,,0.0,2,"Pickup/Utilitario,Moto/Ciclomotor",Leiva Y Sanchez de Bustamante,2,0,1,0,0,0,1,,Calle,,ROSARIO,Rosario,Asfalto,No existe,II,Dentro,Urbana,Ninguna,No existe,Intersección,Bueno,Buena,Atardecer,Buen Tiempo,Lateral,S/D,Colisión,S/D,S/D,Ninguna,Sin restricción,POINT (-60.6379454 -33.00166550000001),"['Leiva', 'Sánchez de Bustamante']",2,Julián de Leiva; Sánchez de Bustamante,-33.00166550000001,-60.6379454,55.0,538.0,Municipio Rosario,Municipio,Rosario,820210,Servicio de Catastro e Información Territorial,IGN
2014,1648,2014-03-02,Domingo,0.0,05:30:00,,0.0,2,"Moto/Ciclomotor,Automóvil",Ayolas Y Buenos Aires,2,1,0,0,1,0,0,,Calle,,ROSARIO,Rosario,Asfalto,S/D,II,Dentro,Urbana,Marca Vial,S/D,Intersección,Bueno,Buena,Nocturna,Buen Tiempo,Lateral,S/D,Colisión,Ninguna,Horizontal,S/D,Sin restricción,POINT (-60.64034620000001 -32.9777879),"['Ayolas', 'Buenos Aires']",2,Ayolas; Buenos Aires,-32.9777879,-60.64034620000001,55.0,538.0,Municipio Rosario,Municipio,Rosario,820210,Servicio de Catastro e Información Territorial,IGN
2014,1650,2014-03-20,Jueves,0.0,19:30:00,,0.0,2,"Moto/Ciclomotor,Automóvil",Bv. 27 De Febrero Y Av. Corrientes,2,1,0,0,1,0,0,,Avenida,,ROSARIO,Rosario,Asfalto,No existe,II,Dentro,Urbana,Semáforo,Funciona,Intersección,Bueno,Buena,"Nocturna,Con luz artificial",Buen Tiempo,De alcance,S/D,Colisión,Ninguna,Vertical,Línea divisoria pintada,Sin restricción,POINT (-60.64767495000001 -32.9668455),"['27 de Febrero', 'Corrientes']",2,Bulevar 27 de Febrero; Corrientes,-32.9668455,-60.64767495000001,55.0,538.0,Municipio Rosario,Municipio,Rosario,820210,Servicio de Catastro e Información Territorial,IGN
2014,1651,2014-03-15,Sabado,0.0,23:00:00,,0.0,2,"Moto/Ciclomotor,Automóvil",Anchorena Y Av. Bermudez,3,2,0,0,1,0,0,,Avenida,,ROSARIO,Rosario,Asfalto,No existe,II,Dentro,Urbana,Ninguna,No existe,Intersección,Bueno,Buena,Nocturna,S/D,De alcance,S/D,Colisión,S/D,S/D,Ninguna,Sin restricción,POINT (-60.642757100000004 -32.9975989),"['Anchorena', 'Bermudez']",2,Tomás de Anchorena; Avenida José Bermúdez,-32.9975989,-60.6427571,55.0,538.0,Municipio Rosario,Municipio,Rosario,820210,Servicio de Catastro e Información Territorial,IGN
2014,1652,2014-03-02,Domingo,0.0,08:00:00,,0.0,2,"Moto/Ciclomotor,Automóvil",Buenos Aires 1300,2,1,0,0,1,0,0,,Calle,,ROSARIO,Rosario,Asfalto,No existe,II,Dentro,Urbana,Marca Vial,No existe,Recta,Bueno,Buena,Diurna,Buen Tiempo,Lateral,S/D,Colisión,Ninguna,S/D,Línea divisoria pintada,Sin restricción,"-32.95362, -60.6343135",['Buenos Aires 1300'],1,Buenos Aires 1300,-32.95362,-60.6343135,55.0,538.0,Municipio Rosario,Municipio,Rosario,820210,Servicio de Catastro e Información Territorial,IGN
2014,1654,2014-03-17,Lunes,0.0,,,0.0,2,"Moto/Ciclomotor,Automóvil",Buenos Aires Y Reg.11 de Infanteria,2,1,0,0,1,0,0,,S/D,,ROSARIO,Rosario,Asfalto,No existe,II,S/D,S/D,Señal Pare,No existe,Intersección,Bueno,S/D,S/D,S/D,Lateral,S/D,Colisión,S/D,Vertical,Ninguna,Sin restricción,POINT (-60.64509290000001 -32.99870039999999),"['Buenos Aires', 'Regimiento 11']",2,Buenos Aires; Regimiento 11,-32.99870039999999,-60.64509290000001,55.0,538.0,Municipio Rosario,Municipio,Rosario,820210,Servicio de Catastro e Información Territorial,IGN
2014,1655,2014-03-18,Martes,0.0,23:50:00,,0.0,2,"Moto/Ciclomotor,Automóvil",Necochea Y Pte.Quintana,2,1,0,0,1,0,0,,Calle,,ROSARIO,Rosario,Asfalto,No existe,II,Dentro,Urbana,Marca Vial,No existe,Intersección,Bueno,Buena,"Nocturna,Con luz artificial",Buen Tiempo,Lateral,S/D,Colisión,Ninguna,Vertical,Línea divisoria pintada,Sin restricción,POINT (-60.6332612 -32.9850252),"['Necochea', 'Quintana']",2,Necochea; Presidente Quintana,-32.9850252,-60.6332612,55.0,538.0,Municipio Rosario,Municipio,Rosario,820210,Servicio de Catastro e Información Territorial,IGN
2014,1656,2014-03-02,Domingo,0.0,08:30:00,,0.0,2,"Moto/Ciclomotor,Pickup/Utilitario",Bv. Segui Y Maipu,3,2,0,0,1,0,0,,Calle,,ROSARIO,Rosario,Asfalto,No existe,II,Dentro,Urbana,Marca Vial,No existe,Intersección,Bueno,Buena,Diurna,Buen Tiempo,Lateral,S/D,Colisión,Ninguna,Vertical,Línea divisoria pintada,Sin restricción,POINT (-60.64363730000001 -32.979574850000006),"['Bulevar Juan Francisco Seguí', 'Maipú']",2,Bulevar Juan Francisco Seguí; Maipú,-32.979574850000006,-60.64363730000001,55.0,538.0,Municipio Rosario,Municipio,Rosario,820210,Servicio de Catastro e Información Territorial,IGN
2014,1659,2014-03-10,Lunes,0.0,20:00:00,,0.0,2,"Automóvil,Peatón",Dr.Rivas Y Paraguay,2,1,0,0,1,0,0,,Calle,,ROSARIO,Rosario,Asfalto,S/D,II,Dentro,Urbana,Ninguna,S/D,Intersección,Bueno,Buena,Nocturna,Buen Tiempo,S/D,S/D,Atropello,Ninguna,Faltante,Ninguna,Sin restricción,POINT (-60.653127000000005 -32.982678099999994),"['Doctor Francisco Riva', 'Paraguay']",2,Doctor Francisco Riva; Paraguay,-32.982678099999994,-60.653127000000005,55.0,538.0,Municipio Rosario,Municipio,Rosario,820210,Servicio de Catastro e Información Territorial,IGN
2014,1660,2014-03-03,Lunes,0.0,17:00:00,,0.0,2,"Pickup/Utilitario,Moto/Ciclomotor",España Y Galvez,3,1,0,0,0,0,2,,Calle,,ROSARIO,Rosario,S/D,S/D,II,Dentro,Urbana,S/D,S/D,S/D,S/D,S/D,S/D,S/D,S/D,S/D,S/D,S/D,S/D,S/D,S/D,POINT (-60.652104200000004 -32.9672958),"['España', 'Galvez']",2,España; José Gálvez,-32.9672958,-60.6521042,55.0,538.0,Municipio Rosario,Municipio,Rosario,820210,Servicio de Catastro e Información Territorial,IGN
2014,1661,2014-03-03,Lunes,0.0,20:25:00,,0.0,2,"Moto/Ciclomotor,Automóvil",Chacabuco Y Centeno,2,1,0,0,1,0,0,,Calle,,ROSARIO,Rosario,Asfalto,No existe,II,Dentro,Urbana,Marca Vial,No existe,Intersección,Bueno,Buena,"Nocturna,Con luz artificial",Buen Tiempo,Lateral,S/D,Colisión,Ninguna,Vertical,Línea divisoria pintada,Sin restricción,POINT (-60.632431000000004 -32.9875566),"['Chacabuco', 'Centeno']",2,Chacabuco; Coronel Centeno,-32.9875566,-60.632431,55.0,538.0,Municipio Rosario,Municipio,Rosario,820210,Servicio de Catastro e Información Territorial,IGN
2014,1662,2014-03-07,Viernes,0.0,18:40:00,,0.0,2,"Bicicleta,Automóvil",Entre Rios Y Ocampo,2,1,0,0,1,0,0,,Calle,,ROSARIO,Rosario,S/D,S/D,II,S/D,Urbana,S/D,S/D,S/D,S/D,S/D,Atardecer,S/D,S/D,S/D,Atropello,S/D,S/D,S/D,S/D,POINT (-60.645984299999995 -32.96596579999999),"['Entre Ríos', 'Ocampo']",2,Entre Ríos; Ocampo,-32.96596579999999,-60.6459843,55.0,538.0,Municipio Rosario,Municipio,Rosario,820210,Servicio de Catastro e Información Territorial,IGN
2014,1663,2014-03-27,Jueves,0.0,19:15:00,,0.0,2,"Moto/Ciclomotor,Automóvil",Necochea Y Amenabar,2,1,0,0,1,0,0,,Calle,,ROSARIO,Rosario,Asfalto,No existe,II,Dentro,Urbana,Marca Vial,No existe,Intersección,Bueno,Buena,"Nocturna,Con luz artificial",Buen Tiempo,Lateral,S/D,Colisión,Ninguna,Vertical,Línea divisoria pintada,Sin restricción,POINT (-60.6306647 -32.9747282),"['Necochea', 'Amenabar']",2,Necochea; José de Amenábar,-32.9747282,-60.6306647,55.0,538.0,Municipio Rosario,Municipio,Rosario,820210,Servicio de Catastro e Información Territorial,IGN
2014,1665,2014-03-23,Domingo,0.0,15:00:00,,0.0,2,"Moto/Ciclomotor,Automóvil",Ayolas Y Beruti,2,1,0,0,1,0,0,,Calle,,ROSARIO,Rosario,Asfalto,No existe,II,Dentro,Urbana,Marca Vial,No existe,Intersección,Bueno,Buena,Atardecer,Buen Tiempo,Lateral,S/D,Colisión,Ninguna,Vertical,Línea divisoria pintada,Sin restricción,POINT (-60.6277139 -32.9800263),"['Ayolas', 'Luis Beruti']",2,Ayolas; Luis Beruti,-32.9800263,-60.6277139,55.0,538.0,Municipio Rosario,Municipio,Rosario,820210,Servicio de Catastro e Información Territorial,IGN
2014,1666,2014-03-07,Viernes,0.0,19:45:00,,0.0,2,"Automóvil,Peatón",Sarmiento Y Ituzaingo,3,2,0,0,1,0,0,,Calle,,ROSARIO,Rosario,S/D,S/D,II,Dentro,Urbana,S/D,S/D,Intersección,S/D,S/D,S/D,S/D,S/D,S/D,Atropello,S/D,S/D,S/D,S/D,POINT (-60.6417314 -32.96072360000001),"['Sarmiento', 'Ituzaingó']",2,Sarmiento; Ituzaingó,-32.96072360000001,-60.6417314,55.0,538.0,Municipio Rosario,Municipio,Rosario,820210,Servicio de Catastro e Información Territorial,IGN
2014,1668,2014-03-09,Domingo,0.0,10:30:00,,0.0,2,"Automóvil,Bicicleta",Sarmiento Y La Paz,2,1,0,0,1,0,0,,Calle,,ROSARIO,Rosario,S/D,S/D,II,S/D,Urbana,S/D,S/D,S/D,S/D,S/D,S/D,S/D,S/D,S/D,Atropello,S/D,S/D,S/D,S/D,POINT (-60.64260529999999 -32.96417459999999),"['Sarmiento', 'La Paz']",2,Sarmiento; La Paz,-32.96417459999999,-60.64260529999999,55.0,538.0,Municipio Rosario,Municipio,Rosario,820210,Servicio de Catastro e Información Territorial,IGN
2014,1669,2014-03-15,Sabado,0.0,10:30:00,,0.0,2,"Automóvil,Otros",Mitre Y Bv. Segui,2,1,0,0,0,0,1,,Calle,,ROSARIO,Rosario,Asfalto,No existe,II,Dentro,Urbana,Ninguna,No existe,Intersección,Bueno,Buena,Diurna,Buen Tiempo,Contra objeto fijo,S/D,Atropello,Ninguna,Faltante,Ninguna,Sin restricción,POINT (-60.6477426 -32.97883275),"['Mitre', 'Bulevar Juan Francisco Seguí']",2,Bartolomé Mitre; Bulevar Juan Francisco Seguí,-32.97883275,-60.6477426,55.0,538.0,Municipio Rosario,Municipio,Rosario,820210,Servicio de Catastro e Información Territorial,IGN
2014,1670,2014-03-20,Jueves,0.0,11:00:00,,0.0,2,"Moto/Ciclomotor,Automóvil",Servando Bayo Y Marcos Paz,2,1,0,0,1,0,0,,Calle,,ROSARIO,Rosario,Asfalto,Pavimento,II,S/D,Urbana,Marca Vial,No existe,Intersección,Bueno,S/D,Diurna,Buen Tiempo,Lateral,S/D,Colisión,Ninguna,Vertical,Ninguna,Sin restricción,POINT (-60.68568170000001 -32.94256669999999),"['Servando Bayo', 'Marcos Paz']",2,Servando Bayo; Marcos Paz,-32.94256669999999,-60.68568170000001,55.0,538.0,Municipio Rosario,Municipio,Rosario,820210,Servicio de Catastro e Información Territorial,IGN
2014,1672,2014-03-10,Lunes,0.0,11:45:00,,0.0,2,"Automóvil,Moto/Ciclomotor",Virasoro Y Balcarce,2,1,0,0,1,0,0,,Calle,,ROSARIO,Rosario,S/D,S/D,II,S/D,Urbana,S/D,S/D,Intersección,S/D,S/D,S/D,S/D,S/D,S/D,S/D,S/D,S/D,S/D,S/D,POINT (-60.65783150000001 -32.967462399999995),"['Virasoro', 'Balcarce']",2,Benjamín Virasoro; Balcarce,-32.967462399999995,-60.65783150000001,55.0,538.0,Municipio Rosario,Municipio,Rosario,820210,Servicio de Catastro e Información Territorial,IGN
2014,1673,2014-03-15,Sabado,0.0,04:30:00,,0.0,1,Automóvil,Bv. Segui Y Alvear,2,2,0,0,0,0,0,,Calle,,ROSARIO,Rosario,Asfalto,No existe,II,Dentro,Urbana,Ninguna,No existe,Recta,Resbaladiza,Reducida,Nocturna,Lluvia,Contra objeto fijo,S/D,Colisión,Agua,Faltante,Ninguna,Sin restricción,POINT (-60.662849800000004 -32.97612874999999),"['Bulevar Juan Francisco Seguí', 'Alvear']",2,Bulevar Juan Francisco Seguí; Alvear,-32.97612874999999,-60.6628498,55.0,538.0,Municipio Rosario,Municipio,Rosario,820210,Servicio de Catastro e Información Territorial,IGN
2014,1674,2014-03-10,Lunes,0.0,09:40:00,,0.0,2,"Automóvil,Moto/Ciclomotor",Cochabamba Y Bv. Oroño,2,1,0,0,1,0,0,,Avenida,,ROSARIO,Rosario,S/D,S/D,II,S/D,Urbana,S/D,S/D,S/D,S/D,S/D,S/D,S/D,S/D,S/D,S/D,S/D,S/D,S/D,S/D,POINT (-60.656339 -32.9556154),"['Cochabamba', 'Bulevar Nicasio Oroño']",2,Cochabamba; Bulevar Nicasio Oroño,-32.9556154,-60.656339,55.0,538.0,Municipio Rosario,Municipio,Rosario,820210,Servicio de Catastro e Información Territorial,IGN
2014,1675,2014-03-20,Jueves,0.0,20:00:00,,0.0,2,"Automóvil,Automóvil",Palestina Y Camino de los Granaderos,2,1,0,0,1,0,0,,Calle,,ROSARIO,Rosario,Asfalto,No existe,II,Dentro,Urbana,Marca Vial,No existe,Intersección,Bueno,Buena,"Nocturna,Con luz artificial",Buen Tiempo,Lateral,S/D,Colisión,Ninguna,Vertical,Línea divisoria pintada,Sin restricción,POINT (-60.710063950000006 -32.88599805),"['Palestina', 'Camino de los Granaderos']",2,Palestina; Camino de los Granaderos,-32.88599805,-60.710063950000006,55.0,538.0,Municipio Rosario,Municipio,Rosario,820210,Servicio de Catastro e Información Territorial,IGN
2014,1676,2014-03-11,Martes,0.0,08:55:00,,0.0,2,"Moto/Ciclomotor,Pickup/Utilitario",Av. Dante Alighieri Y Bv. Oroño,4,2,0,0,2,0,0,,Avenida,,ROSARIO,Rosario,S/D,S/D,II,Dentro,Urbana,S/D,No existe,Intersección,S/D,S/D,Diurna,S/D,S/D,S/D,S/D,S/D,S/D,S/D,S/D,POINT (-60.6579301 -32.961999649999996),"['Dante Alighieri', 'Bulevar Nicasio Oroño']",2,"('Avenida Dante Alighieri', 'Ciclovía Bulevar Nicasio Oroño')",-32.96199965,-60.6579301,55.0,538.0,Municipio Rosario,Municipio,Rosario,820210,Servicio de Catastro e Información Territorial,IGN