anio_acci,nro_acci,fecha,desc_dia,fecha_aprox,hora_aprox,desc_ruta,km,cant_participantes,desc_participante,calle_avenida_km,total,heridos_leves,heridos_graves,heridos_gravisimos,ilesos,fallecidos,sin_datos,posicion_XY,desc_tipo_via,desc_ruta_ori,desc_loc,desc_dpto,desc_tipo_calzada,desc_tipo_banquina,desc_unidad_regional,desc_lugar_calzada,desc_zona,desc_prioridad,desc_estado_semaforo,desc_lugar_via,desc_estado_via,desc_estado_visibilidad,desc_luminosidad,desc_estado_clima,desc_tipo_colision,desc_tipo_atropello,desc_tipo_hecho,desc_pres_calzada,desc_senializacion,desc_separacion_via,desc_restriccion,forma_geocod,calle_lista,numero_calles,calles_osm,lat,lon,index_right,gid,fna,gna,nam,in1,fdc,sag
2014,1677,2014-03-21,Viernes,0.0,07:00:00,,0.0,2,"Moto/Ciclomotor,Pickup/Utilitario",Rueda Y Lavalle,3,2,0,0,1,0,0,,Calle,,ROSARIO,Rosario,Asfalto,No existe,II,Dentro,Urbana,Marca Vial,No existe,Intersección,Bueno,Buena,Diurna,Buen Tiempo,Lateral,S/D,Colisión,Ninguna,Vertical,Línea divisoria pintada,Sin restricción,POINT (-60.6839964 -32.9639798),"['Rueda', 'Lavalle']",2,Rueda; Lavalle,-32.9639798,-60.6839964,55.0,538.0,Municipio Rosario,Municipio,Rosario,820210,Servicio de Catastro e Información Territorial,IGN
2014,1680,2014-03-13,Jueves,0.0,16:00:00,,0.0,2,"Automóvil,Moto/Ciclomotor",Virasoro Y Italia,2,1,0,0,1,0,0,,Calle,,ROSARIO,Rosario,S/D,S/D,II,S/D,Urbana,S/D,S/D,Intersección,S/D,S/D,S/D,S/D,S/D,S/D,S/D,S/D,S/D,S/D,S/D,POINT (-60.65378160000001 -32.9681924),"['Virasoro', 'Italia']",2,Benjamín Virasoro; Italia,-32.9681924,-60.65378160000001,55.0,538.0,Municipio Rosario,Municipio,Rosario,820210,Servicio de Catastro e Información Territorial,IGN
2014,1682,2014-03-12,Miercoles,0.0,23:55:00,,0.0,2,"Transporte de Pasajeros Larga Distancia (> 8 asientos),Moto/Ciclomotor",Av. Corrientes Y Gaboto,2,1,0,0,1,0,0,,Calle,,ROSARIO,Rosario,Asfalto,No existe,II,Dentro,Urbana,Ninguna,No existe,Intersección,Bueno,Buena,Nocturna,Buen Tiempo,De alcance,S/D,Colisión,Ninguna,Faltante,Ninguna,Sin restricción,POINT (-60.6491421 -32.9725927),"['Corrientes', 'Gaboto']",2,Corrientes; Gaboto,-32.9725927,-60.6491421,55.0,538.0,Municipio Rosario,Municipio,Rosario,820210,Servicio de Catastro e Información Territorial,IGN
2014,1683,2014-03-07,Viernes,0.0,09:35:00,,0.0,2,"Automóvil,Moto/Ciclomotor",Entre Rios Y Sanchez de Bustamante,3,1,0,0,2,0,0,,Calle,,ROSARIO,Rosario,Asfalto,No existe,II,Dentro,Urbana,Ninguna,No existe,Intersección,Bueno,Buena,Diurna,Buen Tiempo,Lateral,S/D,Colisión,Ninguna,Vertical,Ninguna,Sin restricción,POINT (-60.6518161 -33.002103999999996),"['Entre Ríos', 'Sánchez de Bustamante']",2,Entre Ríos; Sánchez de Bustamante,-33.002104,-60.6518161,55.0,538.0,Municipio Rosario,Municipio,Rosario,820210,Servicio de Catastro e Información Territorial,IGN
2014,1685,2014-03-20,Jueves,0.0,11:00:00,,0.0,2,"Automóvil,Pickup/Utilitario",Av. Circunvalacion Y J.J.Paso,2,1,0,0,1,0,0,,Avenida,,ROSARIO,Rosario,Asfalto,Pavimento,II,Dentro,Urbana,Marca Vial,No existe,Recta,Bueno,Buena,Diurna,Buen Tiempo,De alcance,S/D,Colisión,Ninguna,Vertical,Línea divisoria pintada,Sin restricción,POINT (-60.723727529563504 -32.92055900258326),"['Circunvalacion', 'Paso']",2,Avenida de Circunvalación 25 de Mayo; Avenida Juan José Paso,-32.92055900258326,-60.723727529563504,55.0,538.0,Municipio Rosario,Municipio,Rosario,820210,Servicio de Catastro e Información Territorial,IGN
2014,1686,2014-03-23,Domingo,0.0,00:00:00,,0.0,2,"Moto/Ciclomotor,Automóvil",Ayolas Y Buenos Aires,2,1,0,0,1,0,0,,Calle,,ROSARIO,Rosario,S/D,S/D,II,Dentro,Urbana,S/D,S/D,Intersección,S/D,S/D,Nocturna,S/D,S/D,S/D,Colisión,S/D,S/D,S/D,S/D,POINT (-60.64034620000001 -32.9777879),"['Ayolas', 'Buenos Aires']",2,Ayolas; Buenos Aires,-32.9777879,-60.64034620000001,55.0,538.0,Municipio Rosario,Municipio,Rosario,820210,Servicio de Catastro e Información Territorial,IGN
2014,1687,2014-03-10,Lunes,0.0,23:50:00,,0.0,2,"Automóvil,Moto/Ciclomotor",Italia Y Garay,2,1,0,0,1,0,0,,Calle,,ROSARIO,Rosario,Asfalto,No existe,II,Dentro,Urbana,Ninguna,No existe,Intersección,Bueno,Buena,Nocturna,Buen Tiempo,Lateral,S/D,Colisión,S/D,Faltante,Ninguna,Sin restricción,POINT (-60.65493490000001 -32.972771099999996),"['Italia', 'Garay']",2,Italia; Juan de Garay,-32.9727711,-60.65493490000001,55.0,538.0,Municipio Rosario,Municipio,Rosario,820210,Servicio de Catastro e Información Territorial,IGN
2014,1689,2014-03-13,Jueves,0.0,,,0.0,2,"Moto/Ciclomotor,Pickup/Utilitario",Dorrego 2900,3,2,0,0,1,0,0,,Calle,,ROSARIO,Rosario,S/D,S/D,II,S/D,Urbana,S/D,S/D,S/D,S/D,S/D,S/D,S/D,S/D,S/D,S/D,S/D,S/D,S/D,S/D,"-32.9689575, -60.6554834",['Dorrego 2900'],1,Dorrego 2900,-32.9689575,-60.6554834,55.0,538.0,Municipio Rosario,Municipio,Rosario,820210,Servicio de Catastro e Información Territorial,IGN
2014,1690,2014-03-11,Martes,0.0,18:25:00,,0.0,2,"Automóvil,Moto/Ciclomotor",Mariano Moreno 4200,2,1,0,0,1,0,0,,Calle,,ROSARIO,Rosario,Asfalto,No existe,II,Dentro,Urbana,Ninguna,No existe,Intersección,Bueno,Buena,Diurna,Buen Tiempo,Lateral,S/D,Colisión,Ninguna,Faltante,Ninguna,Sin restricción,"-32.9838927, -60.6606149",['Mariano Moreno 4200'],1,Mariano Moreno 4200,-32.9838927,-60.6606149,55.0,538.0,Municipio Rosario,Municipio,Rosario,820210,Servicio de Catastro e Información Territorial,IGN
2014,1691,2014-03-13,Jueves,0.0,10:30:00,,0.0,2,"Pickup/Utilitario,Moto/Ciclomotor",Amenabar Y Santiago,2,1,0,0,1,0,0,,Calle,,ROSARIO,Rosario,S/D,S/D,II,S/D,Urbana,S/D,No existe,Intersección,S/D,S/D,Diurna,S/D,S/D,S/D,S/D,S/D,S/D,S/D,S/D,POINT (-60.6624407 -32.9689955),"['Amenabar', 'Santiago']",2,José de Amenábar; Santiago,-32.9689955,-60.6624407,55.0,538.0,Municipio Rosario,Municipio,Rosario,820210,Servicio de Catastro e Información Territorial,IGN
2014,1696,2014-03-02,Domingo,0.0,,,0.0,3,"Automóvil,Automóvil,Automóvil",Bv. 27 De Febrero Y Maipu,3,1,0,0,0,0,2,,Calle,,ROSARIO,Rosario,Hormigón,S/D,II,Dentro,Urbana,Semáforo,S/D,Recta,Bueno,S/D,S/D,Buen Tiempo,Múltiple,S/D,Colisión,Ninguna,Vertical,Cordón divisorio,Sin restricción,POINT (-60.640725849999995 -32.9680891),"['27 de Febrero', 'Maipú']",2,Bulevar 27 de Febrero; Maipú,-32.9680891,-60.64072585,55.0,538.0,Municipio Rosario,Municipio,Rosario,820210,Servicio de Catastro e Información Territorial,IGN
2014,1698,2014-03-07,Viernes,0.0,,,0.0,2,"Bicicleta,Moto/Ciclomotor",Ayacucho Y Lamadrid,2,1,0,0,1,0,0,,Calle,,ROSARIO,Rosario,Asfalto,No existe,II,Dentro,Urbana,Ninguna,Funciona,Intersección,Bueno,Buena,Diurna,Buen Tiempo,S/D,S/D,Colisión,S/D,Horizontal,Línea divisoria pintada,Sin restricción,POINT (-60.6365709 -32.9967541),"['Ayacucho', 'Lamadrid']",2,Ayacucho; Gregorio Aráoz de Lamadrid,-32.9967541,-60.6365709,55.0,538.0,Municipio Rosario,Municipio,Rosario,820210,Servicio de Catastro e Información Territorial,IGN
2014,1700,2014-03-01,Sabado,0.0,13:10:00,,0.0,2,"Moto/Ciclomotor,Automóvil",Ayacucho Y Pje. Pelikan,4,1,0,0,2,0,1,,Calle,,ROSARIO,Rosario,Asfalto,No existe,II,Dentro,Urbana,Ninguna,No existe,Intersección,Bueno,Buena,Diurna,S/D,Lateral,S/D,Colisión,S/D,S/D,Línea divisoria pintada,Sin restricción,POINT (-60.6358297 -33.0074673),"['Ayacucho', 'Pelikán']",2,Ayacucho; Pelikán,-33.0074673,-60.6358297,55.0,538.0,Municipio Rosario,Municipio,Rosario,820210,Servicio de Catastro e Información Territorial,IGN
2014,1702,2014-03-17,Lunes,0.0,23:00:00,,0.0,3,"Moto/Ciclomotor,Moto/Ciclomotor,Automóvil",San Martin Y Pasco,3,1,1,0,1,0,0,,Calle,,ROSARIO,Rosario,Asfalto,S/D,II,Dentro,Urbana,S/D,S/D,Intersección,S/D,S/D,Nocturna,S/D,"Lateral,Múltiple",S/D,Colisión,S/D,S/D,S/D,S/D,POINT (-60.64001 -32.959838399999995),"['San Martin', 'Pasco']",2,José de San Martín; Pasco,-32.959838399999995,-60.64001,55.0,538.0,Municipio Rosario,Municipio,Rosario,820210,Servicio de Catastro e Información Territorial,IGN
2014,1704,2014-03-25,Martes,0.0,17:40:00,,0.0,2,"Moto/Ciclomotor,Camión",Av. Pellegrini Y Dorrego,2,1,0,0,1,0,0,,S/D,,ROSARIO,Rosario,S/D,S/D,II,S/D,Urbana,Ninguna,S/D,Intersección,S/D,S/D,Diurna,S/D,S/D,S/D,Colisión,S/D,S/D,S/D,S/D,POINT (-60.6519337 -32.95532245),"['Pellegrini', 'Dorrego']",2,Avenida Carlos Pellegrini; Manuel Dorrego,-32.95532245,-60.6519337,55.0,538.0,Municipio Rosario,Municipio,Rosario,820210,Servicio de Catastro e Información Territorial,IGN
2014,1707,2014-03-18,Martes,0.0,,,0.0,2,"Moto/Ciclomotor,Automóvil",Av. D.Infante ,2,1,0,0,1,0,0,,Calle,,ROSARIO,Rosario,S/D,S/D,II,S/D,Urbana,S/D,S/D,S/D,S/D,S/D,S/D,S/D,S/D,S/D,S/D,S/D,S/D,S/D,S/D,"-32.9549987, -60.6627825",['D Infante'],1,D Infante,-32.9549987,-60.6627825,55.0,538.0,Municipio Rosario,Municipio,Rosario,820210,Servicio de Catastro e Información Territorial,IGN
2014,1708,2014-03-19,Miercoles,0.0,12:37:00,,0.0,2,"Automóvil,Moto/Ciclomotor",Av. Corrientes Y Pasco,2,1,0,0,1,0,0,,Calle,,ROSARIO,Rosario,S/D,S/D,II,Dentro,Urbana,S/D,No existe,Intersección,S/D,S/D,Diurna,S/D,Lateral,S/D,Colisión,S/D,Vertical,S/D,S/D,POINT (-60.6456329 -32.95882430000001),"['Corrientes', 'Pasco']",2,Corrientes; Pasco,-32.95882430000001,-60.6456329,55.0,538.0,Municipio Rosario,Municipio,Rosario,820210,Servicio de Catastro e Información Territorial,IGN
2014,1712,2014-03-20,Jueves,0.0,11:07:00,,0.0,2,"Automóvil,Moto/Ciclomotor",Av. Corrientes Y Cerrito,2,1,0,0,1,0,0,,Calle,,ROSARIO,Rosario,S/D,S/D,II,Dentro,Urbana,S/D,S/D,Intersección,S/D,S/D,Diurna,S/D,Lateral,S/D,Colisión,S/D,S/D,S/D,S/D,POINT (-60.6462178 -32.96111909999998),"['Corrientes', 'Cerrito']",2,Corrientes; Cerrito,-32.96111909999998,-60.6462178,55.0,538.0,Municipio Rosario,Municipio,Rosario,820210,Servicio de Catastro e Información Territorial,IGN
2014,1714,2014-03-20,Jueves,0.0,14:30:00,,0.0,1,Transporte de Pasajeros Urbano (> 8 asientos),Bv. 27 De Febrero Y Av. Ovidio Lagos,2,1,0,0,1,0,0,,Avenida,,ROSARIO,Rosario,S/D,S/D,II,Dentro,Urbana,S/D,S/D,Intersección,S/D,S/D,Diurna,S/D,S/D,S/D,Caída ocupante,S/D,S/D,S/D,S/D,POINT (-60.66661663333334 -32.963496),"['27 de Febrero', 'Avenida Ovidio Lagos']",2,Bulevar 27 de Febrero; Avenida Ovidio Lagos,-32.963496,-60.66661663333334,55.0,538.0,Municipio Rosario,Municipio,Rosario,820210,Servicio de Catastro e Información Territorial,IGN
2014,1716,2014-03-20,Jueves,0.0,11:48:00,,0.0,2,"Bicicleta,Automóvil",Mitre Y Ocampo,2,1,0,0,1,0,0,,Calle,,ROSARIO,Rosario,S/D,S/D,II,Dentro,Urbana,S/D,S/D,Recta,S/D,S/D,Diurna,S/D,S/D,S/D,Atropello,S/D,S/D,S/D,S/D,POINT (-60.6445716 -32.96621689999999),"['Mitre', 'Ocampo']",2,Bartolomé Mitre; Ocampo,-32.96621689999999,-60.6445716,55.0,538.0,Municipio Rosario,Municipio,Rosario,820210,Servicio de Catastro e Información Territorial,IGN
2014,1722,2014-03-25,Martes,0.0,02:20:00,,0.0,2,"Moto/Ciclomotor,Moto/Ciclomotor",Bv. Oroño Y Lugones,2,1,0,0,1,0,0,,Avenida,,ROSARIO,Rosario,S/D,S/D,II,Dentro,Urbana,S/D,S/D,Intersección,S/D,S/D,Nocturna,S/D,Lateral,S/D,Colisión,S/D,S/D,S/D,S/D,POINT (-60.65693518333333 -32.95818631666667),"['Bulevar Nicasio Oroño', 'Lugones']",2,Bulevar Nicasio Oroño; Lorenzo Lugones,-32.95818631666667,-60.65693518333333,55.0,538.0,Municipio Rosario,Municipio,Rosario,820210,Servicio de Catastro e Información Territorial,IGN
2014,1732,2014-03-24,Lunes,0.0,22:00:00,,0.0,1,Transporte de Pasajeros Urbano (> 8 asientos),Av. Pellegrini Y Mariano Moreno,2,1,0,0,1,0,0,,Calle,,ROSARIO,Rosario,Asfalto,S/D,II,Dentro,Urbana,S/D,S/D,Intersección,S/D,S/D,Nocturna,S/D,S/D,S/D,Caída ocupante,S/D,S/D,S/D,S/D,POINT (-60.65335815 -32.955066949999996),"['Pellegrini', 'Mariano Moreno']",2,Avenida Carlos Pellegrini; Mariano Moreno,-32.95506695,-60.65335815,55.0,538.0,Municipio Rosario,Municipio,Rosario,820210,Servicio de Catastro e Información Territorial,IGN
2014,1741,2014-03-31,Lunes,0.0,15:50:00,,0.0,2,"Bicicleta,Moto/Ciclomotor",España Y Rueda,2,1,0,0,1,0,0,,Calle,,ROSARIO,Rosario,S/D,S/D,II,Dentro,Urbana,S/D,S/D,Intersección,S/D,S/D,Diurna,S/D,S/D,S/D,Atropello,S/D,S/D,S/D,S/D,POINT (-60.652680999999994 -32.9695893),"['España', 'Rueda']",2,España; Rueda,-32.9695893,-60.652681,55.0,538.0,Municipio Rosario,Municipio,Rosario,820210,Servicio de Catastro e Información Territorial,IGN
2014,1742,2014-03-28,Viernes,0.0,16:00:00,,0.0,2,"Moto/Ciclomotor,Automóvil",Av. Corrientes Y Ocampo,2,1,0,0,1,0,0,,Calle,,ROSARIO,Rosario,S/D,S/D,II,Dentro,Urbana,S/D,S/D,Intersección,S/D,S/D,Diurna,S/D,Lateral,S/D,Colisión,S/D,S/D,S/D,S/D,POINT (-60.647380000000005 -32.96571769999999),"['Corrientes', 'Ocampo']",2,Corrientes; Ocampo,-32.96571769999999,-60.647380000000005,55.0,538.0,Municipio Rosario,Municipio,Rosario,820210,Servicio de Catastro e Información Territorial,IGN
2014,1744,2014-03-27,Jueves,0.0,21:00:00,,0.0,2,"Peatón,Automóvil",Av. Corrientes Y Ocampo,2,1,0,0,1,0,0,,Calle,,ROSARIO,Rosario,S/D,S/D,II,Dentro,Urbana,S/D,S/D,Intersección,S/D,S/D,Nocturna,S/D,S/D,S/D,Atropello,S/D,S/D,S/D,S/D,POINT (-60.647380000000005 -32.96571769999999),"['Corrientes', 'Ocampo']",2,Corrientes; Ocampo,-32.96571769999999,-60.647380000000005,55.0,538.0,Municipio Rosario,Municipio,Rosario,820210,Servicio de Catastro e Información Territorial,IGN
2014,1745,2014-03-25,Martes,0.0,09:50:00,,0.0,2,"Bicicleta,Automóvil",La Paz Y Sarmiento,2,1,0,0,1,0,0,,Calle,,ROSARIO,Rosario,S/D,S/D,II,Dentro,Urbana,S/D,S/D,Intersección,S/D,S/D,Diurna,S/D,S/D,S/D,Atropello,S/D,S/D,S/D,S/D,POINT (-60.64260529999999 -32.96417459999999),"['La Paz', 'Sarmiento']",2,La Paz; Sarmiento,-32.96417459999999,-60.64260529999999,55.0,538.0,Municipio Rosario,Municipio,Rosario,820210,Servicio de Catastro e Información Territorial,IGN
2014,1747,2014-03-27,Jueves,0.0,10:30:00,,0.0,2,"Moto/Ciclomotor,Moto/Ciclomotor",Av. Pellegrini Y Callao,2,1,0,0,1,0,0,,Avenida,,ROSARIO,Rosario,Asfalto,S/D,II,Dentro,Urbana,S/D,S/D,Intersección,S/D,S/D,Diurna,S/D,Lateral,S/D,Colisión,S/D,S/D,S/D,S/D,POINT (-60.66283325 -32.95334939999999),"['Pellegrini', 'Callao']",2,Avenida Carlos Pellegrini; Callao,-32.95334939999999,-60.66283325,55.0,538.0,Municipio Rosario,Municipio,Rosario,820210,Servicio de Catastro e Información Territorial,IGN
2014,1749,2014-03-21,Viernes,0.0,11:13:00,,0.0,2,"Automóvil,Otros",La Paz 1000,3,1,0,0,2,0,0,,Calle,,ROSARIO,Rosario,S/D,S/D,II,Dentro,Urbana,S/D,S/D,Recta,S/D,S/D,Diurna,S/D,Lateral,S/D,Colisión,S/D,S/D,S/D,S/D,"-32.964356, -60.6409594",['La Paz 1000'],1,La Paz 1000,-32.964356,-60.6409594,55.0,538.0,Municipio Rosario,Municipio,Rosario,820210,Servicio de Catastro e Información Territorial,IGN
2014,1758,2014-03-09,Domingo,0.0,14:00:00,,0.0,2,"Automóvil,Moto/Ciclomotor",Pasco Y Necochea,3,1,0,0,2,0,0,,Calle,,ROSARIO,Rosario,S/D,S/D,II,Dentro,Urbana,S/D,S/D,Intersección,S/D,S/D,Diurna,S/D,Lateral,S/D,Colisión,S/D,S/D,S/D,S/D,POINT (-60.6274676 -32.9620944),"['Pasco', 'Necochea']",2,Pasco; Necochea,-32.9620944,-60.6274676,55.0,538.0,Municipio Rosario,Municipio,Rosario,820210,Servicio de Catastro e Información Territorial,IGN
2014,1759,2014-03-17,Lunes,0.0,14:30:00,,0.0,2,"Automóvil,Automóvil",Riobamba Y Ayacucho,3,2,0,0,1,0,0,,Calle,,ROSARIO,Rosario,S/D,S/D,II,Dentro,Urbana,S/D,S/D,Intersección,S/D,S/D,Diurna,S/D,Lateral,S/D,Colisión,S/D,S/D,S/D,S/D,POINT (-60.6310742 -32.9650233),"['Riobamba', 'Ayacucho']",2,Riobamba; Ayacucho,-32.9650233,-60.6310742,55.0,538.0,Municipio Rosario,Municipio,Rosario,820210,Servicio de Catastro e Información Territorial,IGN
2014,1760,2014-03-18,Martes,0.0,18:00:00,,0.0,2,"Automóvil,Moto/Ciclomotor",L.N.Alem Y Galvez,2,1,0,0,1,0,0,,Calle,,ROSARIO,Rosario,S/D,S/D,II,Dentro,Urbana,Ninguna,S/D,Intersección,S/D,S/D,Diurna,Buen Tiempo,Lateral,S/D,Colisión,S/D,S/D,Ninguna,Sin restricción,POINT (-60.63391070000001 -32.97051729999999),"['Alem', 'Galvez']",2,Leandro N. Alem; José Gálvez,-32.97051729999999,-60.63391070000001,55.0,538.0,Municipio Rosario,Municipio,Rosario,820210,Servicio de Catastro e Información Territorial,IGN
2014,1762,2014-03-15,Sabado,0.0,,,0.0,2,"Moto/Ciclomotor,Moto/Ciclomotor",Av. Genova Y Tarragona,2,2,0,0,0,0,0,,Calle,,ROSARIO,Rosario,Asfalto,No existe,II,Dentro,Urbana,Ninguna,No existe,Recta,S/D,S/D,S/D,S/D,Frontal,S/D,Colisión,S/D,Horizontal,Ninguna,Sin restricción,POINT (-60.7351375 -32.9165976),"['Genova', 'Tarragona']",2,Avenida Génova; Tarragona,-32.9165976,-60.7351375,55.0,538.0,Municipio Rosario,Municipio,Rosario,820210,Servicio de Catastro e Información Territorial,IGN
2014,1764,2014-03-14,Viernes,0.0,10:30:00,,0.0,2,"Automóvil,Moto/Ciclomotor",Av. Provincias Unidas Y Velez Sarsfield,2,1,0,0,1,0,0,,Avenida,,ROSARIO,Rosario,Asfalto,No existe,II,Dentro,Urbana,Ninguna,No existe,Recta,S/D,Buena,Amanecer,S/D,Frontal,S/D,Colisión,S/D,Horizontal,Ninguna,Sin restricción,POINT (-60.7132322 -32.92604335),"['Avenida Provincias Unidas', 'Vélez Sarsfield']",2,Avenida Provincias Unidas; Vélez Sarsfield,-32.92604335,-60.7132322,55.0,538.0,Municipio Rosario,Municipio,Rosario,820210,Servicio de Catastro e Información Territorial,IGN
2014,1765,2014-03-06,Jueves,0.0,15:50:00,,0.0,2,"Automóvil,Automóvil",Santiago Y Brown,2,1,0,0,1,0,0,,Calle,,ROSARIO,Rosario,Asfalto,No existe,II,S/D,Urbana,Señal Pare,No existe,Recta,Bueno,Buena,Diurna,Buen Tiempo,Frontal,S/D,Colisión,S/D,Vertical,Ninguna,Sin restricción,POINT (-60.653646800000004 -32.9339372),"['Santiago', 'Brown']",2,Santiago; Almirante Brown,-32.9339372,-60.6536468,55.0,538.0,Municipio Rosario,Municipio,Rosario,820210,Servicio de Catastro e Información Territorial,IGN
2014,1767,2014-03-11,Martes,0.0,18:35:00,,0.0,2,"Bicicleta,Automóvil",J.J.Paso Y Pje. Craig Bis,2,1,0,0,1,0,0,,Calle,,ROSARIO,Rosario,Asfalto,No existe,II,Dentro,Urbana,Ninguna,No existe,Recta,S/D,Buena,Diurna,S/D,S/D,S/D,Atropello,S/D,Horizontal,Ninguna,Sin restricción,POINT (-60.726583 -32.9206213),"['Paso', 'Craig']",2,Avenida Juan José Paso; Craig,-32.9206213,-60.726583,55.0,538.0,Municipio Rosario,Municipio,Rosario,820210,Servicio de Catastro e Información Territorial,IGN
2014,1768,2014-03-08,Sabado,0.0,09:30:00,,0.0,2,"Automóvil,Pickup/Utilitario",Rodriguez Y Urquiza,2,1,0,0,1,0,0,,Calle,,ROSARIO,Rosario,Asfalto,No existe,II,S/D,Urbana,Ninguna,No existe,Recta,Bueno,Buena,Diurna,Buen Tiempo,S/D,S/D,Colisión,S/D,Faltante,Ninguna,Sin restricción,POINT (-60.65783139999999 -32.939287699999994),"['Rodríguez', 'Urquiza']",2,Rodríguez de Escobedo; Justo José de Urquiza,-32.939287699999994,-60.65783139999999,55.0,538.0,Municipio Rosario,Municipio,Rosario,820210,Servicio de Catastro e Información Territorial,IGN
2014,1769,2014-03-06,Jueves,0.0,11:00:00,,0.0,2,"Automóvil,Automóvil",Av. Brassey Y Donado,2,1,0,0,1,0,0,,Avenida,,ROSARIO,Rosario,Asfalto,No existe,II,Dentro,Urbana,Ninguna,No existe,Recta,Bueno,Buena,Diurna,S/D,Frontal,S/D,Colisión,S/D,Vertical,Ninguna,Sin restricción,POINT (-60.7276771 -32.92290909999999),"['Brassey', 'Donado']",2,Brassey; José Agustín Donado,-32.92290909999999,-60.7276771,55.0,538.0,Municipio Rosario,Municipio,Rosario,820210,Servicio de Catastro e Información Territorial,IGN
2014,1770,2014-03-08,Sabado,0.0,12:00:00,,0.0,2,"Moto/Ciclomotor,Taxi/Remis",Santa Fe Y Av. Francia,2,1,0,0,1,0,0,,Avenida,,ROSARIO,Rosario,Asfalto,S/D,II,Dentro,Urbana,Semáforo,Funciona,Recta,Bueno,Buena,Diurna,S/D,S/D,S/D,Colisión,S/D,Vertical,Ninguna,S/D,POINT (-60.66519785 -32.94019899999999),"['Santa Fe', 'Avenida Francia']",2,Santa Fe; Avenida Francia,-32.94019899999999,-60.66519785,55.0,538.0,Municipio Rosario,Municipio,Rosario,820210,Servicio de Catastro e Información Territorial,IGN
2014,1772,2014-03-11,Martes,0.0,08:00:00,,0.0,2,"Peatón,Automóvil",Iriondo 300,2,1,0,0,1,0,0,,Calle,,ROSARIO,Rosario,Asfalto,S/D,II,S/D,Urbana,Ninguna,S/D,Recta,Bueno,Buena,Diurna,Buen Tiempo,S/D,S/D,Atropello,S/D,Faltante,Ninguna,Sin restricción,"-32.9348802, -60.6681928",['Iriondo 300'],1,Iriondo 300,-32.9348802,-60.6681928,55.0,538.0,Municipio Rosario,Municipio,Rosario,820210,Servicio de Catastro e Información Territorial,IGN
2014,1774,2014-03-13,Jueves,0.0,09:00:00,,0.0,2,"Automóvil,Automóvil",Salta Y Av. Francia,2,1,0,0,1,0,0,,Avenida,,ROSARIO,Rosario,Asfalto,No existe,II,S/D,Urbana,Semáforo,Funciona,Recta,Bueno,Buena,Diurna,Buen Tiempo,S/D,S/D,S/D,S/D,Horizontal,Ninguna,Sin restricción,POINT (-60.6637821 -32.93456435),"['Salta', 'Avenida Francia']",2,Salta; Avenida Francia,-32.93456435,-60.6637821,55.0,538.0,Municipio Rosario,Municipio,Rosario,820210,Servicio de Catastro e Información Territorial,IGN
2014,1775,2014-03-07,Viernes,0.0,11:00:00,,0.0,2,"Moto/Ciclomotor,Automóvil",Junin Y F.More,2,1,0,0,1,0,0,,Calle,,ROSARIO,Rosario,Asfalto,No existe,II,S/D,Urbana,Ninguna,No existe,Intersección,S/D,Buena,Diurna,S/D,Lateral,S/D,Colisión,S/D,Faltante,Ninguna,Sin restricción,POINT (-60.693953 -32.927062799999995),"['Junín', 'Felipe Moré']",2,Junín; Felipe Moré,-32.927062799999995,-60.693953,55.0,538.0,Municipio Rosario,Municipio,Rosario,820210,Servicio de Catastro e Información Territorial,IGN
2014,1776,2014-03-14,Viernes,0.0,10:30:00,,0.0,2,"Automóvil,Moto/Ciclomotor",Urquiza Y Iriondo,2,1,0,0,1,0,0,,Calle,,ROSARIO,Rosario,Asfalto,S/D,II,Dentro,Urbana,Ninguna,S/D,Recta,Bueno,Buena,Diurna,Buen Tiempo,Otro,S/D,Colisión,S/D,Faltante,Ninguna,S/D,POINT (-60.66874130000001 -32.93734760000002),"['Urquiza', 'Iriondo']",2,Justo José de Urquiza; Iriondo,-32.93734760000002,-60.66874130000001,55.0,538.0,Municipio Rosario,Municipio,Rosario,820210,Servicio de Catastro e Información Territorial,IGN
2014,1777,2014-03-11,Martes,0.0,,,0.0,2,"Automóvil,Pickup/Utilitario",Junin Y Formosa,2,1,0,0,1,0,0,,Calle,,ROSARIO,Rosario,S/D,S/D,II,S/D,Urbana,Semáforo,S/D,Rotonda,S/D,S/D,S/D,S/D,Otro,S/D,Colisión,S/D,Horizontal,Ninguna,Sin restricción,POINT (-60.691256499999994 -32.9269887),"['Junín', 'Formosa']",2,Junín; Formosa,-32.9269887,-60.6912565,55.0,538.0,Municipio Rosario,Municipio,Rosario,820210,Servicio de Catastro e Información Territorial,IGN
2014,1779,2014-03-03,Lunes,0.0,21:50:00,,0.0,2,"Automóvil,Camión",Av. Circunvalacion 7500,2,1,0,0,1,0,0,,Avenida,,ROSARIO,Rosario,Asfalto,Pavimento,II,Dentro,Urbana,Ninguna,No existe,S/D,Bueno,Buena,Nocturna,Buen Tiempo,Lateral,S/D,Colisión,Ninguna,Faltante,S/D,Sin restricción,"-32.9405327, -60.7232736",['Circunvalacion 7500'],1,Circunvalacion 7500,-32.9405327,-60.7232736,55.0,538.0,Municipio Rosario,Municipio,Rosario,820210,Servicio de Catastro e Información Territorial,IGN
2014,1780,2014-03-15,Sabado,0.0,12:35:00,,0.0,2,"Moto/Ciclomotor,Automóvil",Santa Fe Y Callao,2,1,0,0,1,0,0,,S/D,,ROSARIO,Rosario,Asfalto,No existe,II,Dentro,Urbana,S/D,Funciona,Recta,Bueno,Buena,Diurna,S/D,S/D,S/D,S/D,S/D,Horizontal,S/D,S/D,POINT (-60.6597746 -32.94115649999999),"['Santa Fe', 'Callao']",2,Santa Fe; Callao,-32.94115649999999,-60.6597746,55.0,538.0,Municipio Rosario,Municipio,Rosario,820210,Servicio de Catastro e Información Territorial,IGN