anio_acci,nro_acci,fecha,desc_dia,fecha_aprox,hora_aprox,desc_ruta,km,cant_participantes,desc_participante,calle_avenida_km,total,heridos_leves,heridos_graves,heridos_gravisimos,ilesos,fallecidos,sin_datos,posicion_XY,desc_tipo_via,desc_ruta_ori,desc_loc,desc_dpto,desc_tipo_calzada,desc_tipo_banquina,desc_unidad_regional,desc_lugar_calzada,desc_zona,desc_prioridad,desc_estado_semaforo,desc_lugar_via,desc_estado_via,desc_estado_visibilidad,desc_luminosidad,desc_estado_clima,desc_tipo_colision,desc_tipo_atropello,desc_tipo_hecho,desc_pres_calzada,desc_senializacion,desc_separacion_via,desc_restriccion,forma_geocod,calle_lista,numero_calles,calles_osm,lat,lon,index_right,gid,fna,gna,nam,in1,fdc,sag
2014,1783,2014-03-13,Jueves,0.0,22:15:00,,0.0,2,"Automóvil,Moto/Ciclomotor",Santa Fe Y Av. Circunvalacion,3,1,0,0,0,0,2,,Calle,,ROSARIO,Rosario,Asfalto,Natural,II,S/D,Urbana,Ninguna,No existe,S/D,Bueno,Buena,Nocturna,Buen Tiempo,Lateral,S/D,Colisión,Ninguna,Faltante,S/D,Sin restricción,POINT (-60.722110400000005 -32.93596779999999),"['Santa Fe', 'Circunvalacion']",2,"('Santa Fe', 'Juan Pablo II')",-32.93596779999999,-60.722110400000005,55.0,538.0,Municipio Rosario,Municipio,Rosario,820210,Servicio de Catastro e Información Territorial,IGN
2014,1784,2014-03-04,Martes,0.0,02:20:00,,0.0,2,"Moto/Ciclomotor,Automóvil",Santa Fe ,2,1,0,0,0,0,1,,S/D,,ROSARIO,Rosario,Asfalto,S/D,II,S/D,Urbana,Semáforo,Funciona,Cruce,Bueno,Buena,Nocturna,Buen Tiempo,Otro,S/D,Colisión,S/D,Vertical,Barrera de hormigón,Sin restricción,"-32.9404683, -60.6637104",['Santa Fe'],1,Santa Fe,-32.9404683,-60.6637104,55.0,538.0,Municipio Rosario,Municipio,Rosario,820210,Servicio de Catastro e Información Territorial,IGN
2014,1785,2014-03-13,Jueves,0.0,14:30:00,,0.0,2,"Automóvil,Moto/Ciclomotor",Av. Circunvalacion 7500,2,0,0,0,0,0,2,,Avenida,,ROSARIO,Rosario,Asfalto,No existe,II,S/D,S/D,Ninguna,No existe,S/D,Bueno,Buena,Diurna,Buen Tiempo,Lateral,S/D,Colisión,Ninguna,Faltante,S/D,Sin restricción,"-32.9405327, -60.7232736",['Circunvalacion 7500'],1,Circunvalacion 7500,-32.9405327,-60.7232736,55.0,538.0,Municipio Rosario,Municipio,Rosario,820210,Servicio de Catastro e Información Territorial,IGN
2014,1786,2014-03-07,Viernes,0.0,10:30:00,,0.0,1,Taxi/Remis,Av. Provincias Unidas Y Junin,2,1,0,0,0,0,1,,Calle,,ROSARIO,Rosario,Asfalto,No existe,II,S/D,Urbana,Ninguna,No existe,Recta,Bueno,Buena,Diurna,S/D,Contra objeto fijo,S/D,Colisión,S/D,Vertical,Ninguna,S/D,POINT (-60.71317195 -32.92757884999999),"['Avenida Provincias Unidas', 'Junín']",2,Avenida Provincias Unidas; Junín,-32.92757884999999,-60.71317195,55.0,538.0,Municipio Rosario,Municipio,Rosario,820210,Servicio de Catastro e Información Territorial,IGN
2014,1792,2014-03-05,Miercoles,0.0,19:00:00,,0.0,2,"Automóvil,Moto/Ciclomotor",Pje. Polonia Y Bahia Blanca Bis,3,1,0,0,0,0,2,,Calle,,ROSARIO,Rosario,Asfalto,S/D,II,Dentro,Urbana,S/D,No existe,Intersección,S/D,S/D,Atardecer,S/D,Lateral,S/D,Colisión,S/D,S/D,S/D,S/D,POINT (-60.6886522 -32.9263215),"['Polonia', 'Bahía Blanca']",2,Polonia; Bahía Blanca,-32.9263215,-60.6886522,55.0,538.0,Municipio Rosario,Municipio,Rosario,820210,Servicio de Catastro e Información Territorial,IGN
2014,1798,2014-03-07,Viernes,0.0,23:15:00,,0.0,2,"Moto/Ciclomotor,Automóvil",Av. Genova Y J.V.Gonzalez Bis,2,1,0,0,1,0,0,,Avenida,,ROSARIO,Rosario,Asfalto,S/D,II,S/D,Urbana,Ninguna,S/D,Intersección,Bueno,S/D,S/D,Buen Tiempo,S/D,S/D,Colisión,S/D,Faltante,Ninguna,Sin restricción,POINT (-60.6816319 -32.9150901),"['Genova', 'Gonzalez']",2,"('Avenida Génova', 'Joaquín V. González')",-32.9150901,-60.6816319,55.0,538.0,Municipio Rosario,Municipio,Rosario,820210,Servicio de Catastro e Información Territorial,IGN
2014,1800,2014-03-10,Lunes,0.0,,,0.0,2,"Moto/Ciclomotor,Moto/Ciclomotor",Valle Hermoso Y Medrano,5,3,0,0,2,0,0,,Calle,,ROSARIO,Rosario,Asfalto,No existe,II,Dentro,Urbana,Ninguna,No existe,Intersección,Bueno,Buena,Diurna,Buen Tiempo,Otro,S/D,Colisión,S/D,Faltante,Ninguna,Sin restricción,POINT (-60.7035682 -32.8862849),"['Valle Hermoso', 'Medrano']",2,Valle Hermoso; Medrano,-32.8862849,-60.7035682,55.0,538.0,Municipio Rosario,Municipio,Rosario,820210,Servicio de Catastro e Información Territorial,IGN
2014,1801,2014-03-01,Sabado,0.0,12:20:00,,0.0,2,"Peatón,Pickup/Utilitario",Av. Circunvalacion Y Av. Sorrento,2,1,0,0,1,0,0,,Avenida,,ROSARIO,Rosario,Asfalto,S/D,II,S/D,Urbana,Semáforo,Funciona,Intersección,Bueno,Buena,Diurna,Buen Tiempo,S/D,S/D,Atropello,S/D,Vertical,Línea divisoria pintada,S/D,POINT (-60.72270983333334 -32.90836276666667),"['Circunvalacion', 'Sorrento']",2,"('Juan Pablo II', 'Avenida Sorrento')",-32.90836276666667,-60.72270983333334,55.0,538.0,Municipio Rosario,Municipio,Rosario,820210,Servicio de Catastro e Información Territorial,IGN
2014,1804,2014-03-01,Sabado,0.0,22:00:00,,0.0,2,"Automóvil,Automóvil",Av. Circunvalacion ,2,1,0,0,1,0,0,,Avenida,,ROSARIO,Rosario,Asfalto,S/D,II,S/D,Urbana,Ninguna,No existe,Recta,Bueno,Buena,"Nocturna,Con luz artificial",Buen Tiempo,Otro,S/D,Colisión,S/D,Faltante,Barrera de hormigón,Obra en Construcción,"-32.9954148, -60.6940772",['Circunvalacion'],1,Circunvalacion,-32.9954148,-60.6940772,55.0,538.0,Municipio Rosario,Municipio,Rosario,820210,Servicio de Catastro e Información Territorial,IGN
2014,1806,2014-03-02,Domingo,0.0,15:00:00,,0.0,3,"Automóvil,Automóvil,Pickup/Utilitario",Av. Circunvalacion 2500,3,1,0,0,2,0,0,,Avenida,,ROSARIO,Rosario,Asfalto,Pavimento,II,Dentro,Urbana,Ninguna,No existe,Recta,Otro,Buena,Diurna,Buen Tiempo,Múltiple,S/D,Colisión,Otro,Vertical,Guardarrail,Obra en Construcción,"-32.9954148, -60.6940772",['Circunvalacion 2500'],1,Circunvalacion 2500,-32.9954148,-60.6940772,55.0,538.0,Municipio Rosario,Municipio,Rosario,820210,Servicio de Catastro e Información Territorial,IGN
2014,1810,2014-03-12,Miercoles,0.0,17:30:00,,0.0,2,"Moto/Ciclomotor,Automóvil",Bv. Rondeau Y Ricardo Gutierrez,3,2,0,0,1,0,0,,Avenida,,ROSARIO,Rosario,Asfalto,S/D,II,Dentro,Urbana,S/D,S/D,S/D,S/D,S/D,Diurna,S/D,Frontal,S/D,Colisión,S/D,S/D,S/D,S/D,POINT (-60.69635505 -32.881465649999996),"['Rondeau', 'Ricardo Gutierrez']",2,Bulevar General José Rondeau; Ricardo Gutierrez,-32.88146565,-60.69635505,55.0,538.0,Municipio Rosario,Municipio,Rosario,820210,Servicio de Catastro e Información Territorial,IGN
2014,1811,2014-03-05,Miercoles,0.0,19:30:00,,0.0,2,"Automóvil,Moto/Ciclomotor",Palestina Y Blomberg,3,1,0,0,2,0,0,,Calle,,ROSARIO,Rosario,Asfalto,No existe,II,Dentro,Urbana,Ninguna,No existe,Recta,Bueno,Buena,Atardecer,Buen Tiempo,De alcance,S/D,Colisión,Ninguna,Faltante,Ninguna,Sin restricción,POINT (-60.71947170000001 -32.88660709999999),"['Palestina', 'Blomberg']",2,Palestina; Blomberg,-32.88660709999999,-60.71947170000001,55.0,538.0,Municipio Rosario,Municipio,Rosario,820210,Servicio de Catastro e Información Territorial,IGN
2014,1865,2014-03-07,Viernes,0.0,08:10:00,,0.0,2,"Moto/Ciclomotor,Automóvil",Av. Irigoyen Y Varela,3,2,0,0,1,0,0,,Calle,,ROSARIO,Rosario,Asfalto,S/D,II,Dentro,Urbana,S/D,S/D,Intersección,S/D,S/D,Diurna,S/D,Lateral,S/D,Colisión,S/D,S/D,S/D,S/D,POINT (-60.70037859999999 -32.88461629999998),"['Avenida Hipólito Irigoyen', 'Varela']",2,Avenida Hipólito Irigoyen; Varela,-32.88461629999998,-60.70037859999999,55.0,538.0,Municipio Rosario,Municipio,Rosario,820210,Servicio de Catastro e Información Territorial,IGN
2014,1904,2014-03-01,Sabado,0.0,,,0.0,2,"Bicicleta,Transporte de Pasajeros Urbano (> 8 asientos)",Bv. 27 De Febrero Y Necochea,2,1,0,0,0,0,1,,Calle,,ROSARIO,Rosario,Hormigón,No existe,II,Dentro,Urbana,Semáforo,Funciona,Intersección,Bueno,Buena,Diurna,Buen Tiempo,S/D,S/D,Atropello,Ninguna,Vertical,Ninguna,Sin restricción,POINT (-60.6294936 -32.9701003),"['27 de Febrero', 'Necochea']",2,Bulevar 27 de Febrero; Necochea,-32.9701003,-60.6294936,55.0,538.0,Municipio Rosario,Municipio,Rosario,820210,Servicio de Catastro e Información Territorial,IGN
2014,1905,2014-03-17,Lunes,0.0,12:05:00,,0.0,2,"Moto/Ciclomotor,Automóvil",Laprida Y Riobamba,2,1,0,0,1,0,0,,Calle,,ROSARIO,Rosario,S/D,S/D,II,Dentro,Urbana,S/D,S/D,S/D,S/D,S/D,Diurna,S/D,S/D,S/D,Colisión,S/D,S/D,S/D,S/D,POINT (-60.6384293 -32.9637312),"['Laprida', 'Riobamba']",2,Francisco Narciso Laprida; Riobamba,-32.9637312,-60.6384293,55.0,538.0,Municipio Rosario,Municipio,Rosario,820210,Servicio de Catastro e Información Territorial,IGN
2014,1908,2014-03-10,Lunes,0.0,22:40:00,,0.0,2,"Automóvil,Moto/Ciclomotor",Cochabamba Y L.N.Alem,3,2,0,0,1,0,0,,Calle,,ROSARIO,Rosario,S/D,S/D,II,Dentro,Urbana,S/D,S/D,S/D,S/D,S/D,Nocturna,S/D,S/D,S/D,Colisión,S/D,S/D,S/D,S/D,POINT (-60.6312845 -32.96022949999999),"['Cochabamba', 'Alem']",2,Cochabamba; Leandro N. Alem,-32.96022949999999,-60.6312845,55.0,538.0,Municipio Rosario,Municipio,Rosario,820210,Servicio de Catastro e Información Territorial,IGN
2014,1924,2014-03-02,Domingo,0.0,23:00:00,,0.0,2,"Moto/Ciclomotor,Automóvil",Schweitzer Y Pje. Candelaria Bis,2,1,0,0,1,0,0,,Calle,,ROSARIO,Rosario,S/D,S/D,II,Dentro,Urbana,S/D,S/D,S/D,S/D,S/D,Nocturna,S/D,S/D,S/D,Colisión,S/D,S/D,S/D,S/D,POINT (-60.7275556 -32.913514199999995),"['Albert Schweitzer', 'Candelaria']",2,Albert Schweitzer; Candelaria,-32.913514199999995,-60.7275556,55.0,538.0,Municipio Rosario,Municipio,Rosario,820210,Servicio de Catastro e Información Territorial,IGN
2014,1945,2014-03-10,Lunes,0.0,11:30:00,,0.0,3,"Automóvil,Automóvil,Pickup/Utilitario",Av. Sorrento Y Av. Circunvalacion,5,3,0,0,2,0,0,,Avenida,,ROSARIO,Rosario,Asfalto,S/D,II,Dentro,Urbana,S/D,S/D,Intersección,S/D,S/D,Diurna,S/D,Múltiple,S/D,Colisión,S/D,S/D,S/D,S/D,POINT (-60.72270983333334 -32.90836276666666),"['Sorrento', 'Circunvalacion']",2,"('Avenida Sorrento', 'Juan Pablo II')",-32.90836276666666,-60.72270983333334,55.0,538.0,Municipio Rosario,Municipio,Rosario,820210,Servicio de Catastro e Información Territorial,IGN
2014,2026,2014-03-31,Lunes,0.0,12:00:00,,0.0,2,"Bicicleta,Pickup/Utilitario",Cochabamba 1529,2,1,0,0,1,0,0,,Calle,,ROSARIO,Rosario,Asfalto,S/D,II,S/D,Urbana,S/D,S/D,Recta,S/D,S/D,Diurna,S/D,S/D,S/D,Atropello,S/D,S/D,S/D,S/D,"-32.95744537142857, -60.647195614285714",['Cochabamba 1529'],1,Cochabamba 1529,-32.95744537142857,-60.647195614285714,55.0,538.0,Municipio Rosario,Municipio,Rosario,820210,Servicio de Catastro e Información Territorial,IGN
2014,2028,2014-03-31,Lunes,0.0,12:00:00,,0.0,2,"Taxi/Remis,Moto/Ciclomotor",Rueda 1300,2,1,0,0,1,0,0,,S/D,,ROSARIO,Rosario,Asfalto,S/D,II,S/D,S/D,S/D,S/D,Recta,S/D,S/D,Diurna,S/D,S/D,S/D,Colisión,S/D,S/D,S/D,S/D,"-32.9705283, -60.6468861",['Rueda 1300'],1,Rueda 1300,-32.9705283,-60.6468861,55.0,538.0,Municipio Rosario,Municipio,Rosario,820210,Servicio de Catastro e Información Territorial,IGN
2014,2034,2014-03-27,Jueves,0.0,11:05:00,,0.0,2,"Bicicleta,Automóvil",Buenos Aires Y Ituzaingo,2,1,0,0,1,0,0,,Calle,,ROSARIO,Rosario,S/D,S/D,II,Dentro,Urbana,S/D,S/D,Intersección,S/D,S/D,Diurna,S/D,S/D,S/D,Atropello,S/D,S/D,S/D,S/D,POINT (-60.636284800000006 -32.9616928),"['Buenos Aires', 'Ituzaingó']",2,Buenos Aires; Ituzaingó,-32.9616928,-60.636284800000006,55.0,538.0,Municipio Rosario,Municipio,Rosario,820210,Servicio de Catastro e Información Territorial,IGN
2014,2036,2014-03-18,Martes,0.0,18:00:00,,0.0,2,"Automóvil,Moto/Ciclomotor",L.N.Alem Y Galvez,2,1,0,0,1,0,0,,Calle,,ROSARIO,Rosario,S/D,S/D,II,Dentro,Urbana,S/D,S/D,Intersección,S/D,S/D,Diurna,S/D,S/D,S/D,Colisión,S/D,S/D,S/D,S/D,POINT (-60.63391070000001 -32.97051729999999),"['Alem', 'Galvez']",2,Leandro N. Alem; José Gálvez,-32.97051729999999,-60.63391070000001,55.0,538.0,Municipio Rosario,Municipio,Rosario,820210,Servicio de Catastro e Información Territorial,IGN
2014,2129,2014-03-15,Sabado,0.0,11:50:00,,0.0,2,"Moto/Ciclomotor,Moto/Ciclomotor",Av. Genova Y Tarragona,2,1,0,0,1,0,0,,Calle,,ROSARIO,Rosario,Asfalto,No existe,II,Dentro,Urbana,Ninguna,No existe,Recta,Bueno,Buena,Amanecer,S/D,Frontal,S/D,Colisión,S/D,Horizontal,Ninguna,Sin restricción,POINT (-60.7351375 -32.9165976),"['Genova', 'Tarragona']",2,Avenida Génova; Tarragona,-32.9165976,-60.7351375,55.0,538.0,Municipio Rosario,Municipio,Rosario,820210,Servicio de Catastro e Información Territorial,IGN
2014,2131,2014-03-21,Viernes,0.0,14:00:00,,0.0,2,"Camión,Automóvil",Av. Carlos Colombres Y Mendoza,2,1,0,0,1,0,0,,Calle,,ROSARIO,Rosario,Asfalto,Pavimento,II,Dentro,Urbana,Semáforo,Funciona,S/D,Bueno,Buena,Diurna,Buen Tiempo,Lateral,S/D,Colisión,S/D,Faltante,S/D,Sin restricción,POINT (-60.729335899999995 -32.940691099999995),"['José Colombres', 'Mendoza']",2,José Colombres; Mendoza,-32.940691099999995,-60.7293359,55.0,538.0,Municipio Rosario,Municipio,Rosario,820210,Servicio de Catastro e Información Territorial,IGN
2014,2133,2014-03-24,Lunes,0.0,06:30:00,,0.0,2,"Moto/Ciclomotor,Taxi/Remis",Av. Jorge Newbery Y Av. Circunvalacion,2,0,1,0,1,0,0,,Calle,,ROSARIO,Rosario,S/D,S/D,II,Dentro,Urbana,S/D,S/D,S/D,S/D,S/D,Diurna,S/D,S/D,S/D,Colisión,S/D,S/D,S/D,S/D,POINT (-60.72420769617581 -32.90836527388018),"['Jorge Newbery', 'Circunvalacion']",2,Avenida Jorge Newbery; Avenida de Circunvalación 25 de Mayo,-32.90836527388018,-60.72420769617581,55.0,538.0,Municipio Rosario,Municipio,Rosario,820210,Servicio de Catastro e Información Territorial,IGN
2014,2146,2014-03-25,Martes,0.0,,,0.0,2,"Automóvil,Moto/Ciclomotor",Baigorria Y Av. Circunvalacion,2,1,0,0,1,0,0,,Calle,,ROSARIO,Rosario,S/D,S/D,II,Dentro,Urbana,S/D,S/D,S/D,S/D,S/D,S/D,S/D,S/D,S/D,Colisión,S/D,S/D,S/D,S/D,POINT (-60.719770260245994 -32.893468154963045),"['Baigorria', 'Circunvalacion']",2,Baigorria; Avenida de Circunvalación 25 de Mayo,-32.893468154963045,-60.719770260246,55.0,538.0,Municipio Rosario,Municipio,Rosario,820210,Servicio de Catastro e Información Territorial,IGN
2014,2150,2014-03-23,Domingo,0.0,17:10:00,,0.0,2,"Moto/Ciclomotor,Automóvil",Superi Y Avalos,3,2,0,0,1,0,0,,Calle,,ROSARIO,Rosario,Asfalto,No existe,II,Dentro,Urbana,Semáforo,Funciona,Intersección,Bueno,Buena,Diurna,Buen Tiempo,Lateral,S/D,Colisión,Otro,Vertical,Ninguna,Sin restricción,POINT (-60.7078412 -32.89671559999999),"['Superi', 'Ávalos']",2,Comandante José Superí; Ávalos,-32.89671559999999,-60.7078412,55.0,538.0,Municipio Rosario,Municipio,Rosario,820210,Servicio de Catastro e Información Territorial,IGN
2014,2153,2014-03-14,Viernes,0.0,08:45:00,,0.0,2,"Peatón,Otros",Av. Battle y Ordoñez 3600,2,1,0,0,0,0,1,,Calle,,ROSARIO,Rosario,Asfalto,No existe,II,Dentro,Urbana,Señal Ceda el Paso,No existe,Recta,Bueno,Buena,Diurna,Buen Tiempo,S/D,S/D,Atropello,S/D,Horizontal,Ninguna,Sin restricción,"-33.009042, -60.6558939",['Avenida Battle y Ordoñez 3600'],1,Avenida Battle y Ordoñez 3600,-33.009042,-60.6558939,55.0,538.0,Municipio Rosario,Municipio,Rosario,820210,Servicio de Catastro e Información Territorial,IGN
2014,2156,2014-03-11,Martes,0.0,15:00:00,,0.0,2,"Moto/Ciclomotor,Automóvil",Av. Ovidio Lagos Y Av. Arijon,2,1,0,0,1,0,0,,Avenida,,ROSARIO,Rosario,Asfalto,No existe,II,Dentro,Urbana,Semáforo,Funciona,Recta,Con baches,Buena,Diurna,Buen Tiempo,Lateral,S/D,Colisión,S/D,Vertical,Ninguna,Sin restricción,POINT (-60.6761369 -33.0038701),"['Avenida Ovidio Lagos', 'Avenida Manuel Arijón']",2,Avenida Ovidio Lagos; Avenida Manuel Arijón,-33.0038701,-60.6761369,55.0,538.0,Municipio Rosario,Municipio,Rosario,820210,Servicio de Catastro e Información Territorial,IGN
2014,2159,2014-03-14,Viernes,0.0,11:30:00,,0.0,2,"Peatón,Automóvil",Buenos Aires Y 3 De Febrero,2,1,0,0,1,0,0,,Calle,,ROSARIO,Rosario,Asfalto,S/D,II,Dentro,Urbana,Paso Peatonal,S/D,Intersección,Bueno,S/D,Diurna,S/D,Otro,S/D,Atropello,S/D,S/D,S/D,S/D,POINT (-60.63427490000001 -32.9536983),"['Buenos Aires', '3 de Febrero']",2,Buenos Aires; 3 de Febrero,-32.9536983,-60.63427490000001,55.0,538.0,Municipio Rosario,Municipio,Rosario,820210,Servicio de Catastro e Información Territorial,IGN
2014,2162,2014-03-16,Domingo,0.0,19:30:00,,0.0,2,"Moto/Ciclomotor,Automóvil",Av. Pellegrini 600,3,1,0,0,1,0,1,,Avenida,,ROSARIO,Rosario,Asfalto,S/D,II,Dentro,Urbana,Semáforo,Funciona,Recta,Bueno,Buena,Atardecer,S/D,Otro,S/D,Colisión,S/D,S/D,Cordón divisorio,S/D,"-32.9584332, -60.6338523",['Pellegrini 600'],1,Pellegrini 600,-32.9584332,-60.6338523,55.0,538.0,Municipio Rosario,Municipio,Rosario,820210,Servicio de Catastro e Información Territorial,IGN
2014,2164,2014-03-12,Miercoles,0.0,12:55:00,,0.0,2,"Moto/Ciclomotor,Automóvil",Av. Ntra.Sra.del Rosario Y Av. Francia,2,1,0,0,1,0,0,,Avenida,,ROSARIO,Rosario,Asfalto,No existe,II,Dentro,Urbana,Señal Pare,No existe,Recta,Bueno,S/D,S/D,Buen Tiempo,Lateral,S/D,Colisión,S/D,Horizontal,Barrera de hormigón,Sin restricción,POINT (-60.677752850000005 -33.000956450000004),"['Nuestra Señora del Rosario', 'Avenida Francia']",2,Puente Nuestra Señora del Rosario; Avenida Francia,-33.000956450000004,-60.677752850000005,55.0,538.0,Municipio Rosario,Municipio,Rosario,820210,Servicio de Catastro e Información Territorial,IGN
2014,2166,2014-03-11,Martes,0.0,12:30:00,,0.0,2,"Moto/Ciclomotor,Pickup/Utilitario",9 De Julio 300,2,1,0,0,1,0,0,,Calle,,ROSARIO,Rosario,Asfalto,S/D,II,Dentro,Urbana,S/D,S/D,Recta,Bueno,S/D,Diurna,Buen Tiempo,Otro,S/D,Colisión,S/D,S/D,S/D,S/D,"-32.9558481, -60.6286782",['9 De Julio 300'],1,9 De Julio 300,-32.9558481,-60.6286782,55.0,538.0,Municipio Rosario,Municipio,Rosario,820210,Servicio de Catastro e Información Territorial,IGN
2014,2170,2014-03-01,Sabado,0.0,07:50:00,,0.0,1,Automóvil,Pueyrredon 700,1,1,0,0,0,0,0,,Calle,,ROSARIO,Rosario,Asfalto,S/D,II,Dentro,Urbana,S/D,S/D,Recta,S/D,S/D,Amanecer,S/D,S/D,S/D,Vuelco,S/D,S/D,S/D,S/D,"-32.9414881, -60.6570474",['Pueyrredon 700'],1,Pueyrredon 700,-32.9414881,-60.6570474,55.0,538.0,Municipio Rosario,Municipio,Rosario,820210,Servicio de Catastro e Información Territorial,IGN
2014,2174,2014-03-02,Domingo,0.0,00:15:00,,0.0,2,"Automóvil,Automóvil",Constitucion Y Montevideo,2,1,0,0,1,0,0,,Calle,,ROSARIO,Rosario,Asfalto,S/D,II,Dentro,Urbana,S/D,S/D,Intersección,S/D,S/D,Nocturna,S/D,S/D,S/D,Colisión,S/D,S/D,S/D,S/D,POINT (-60.676135699999996 -32.949792200000005),"['Constitución', 'Montevideo']",2,Constitución; Montevideo,-32.949792200000005,-60.6761357,55.0,538.0,Municipio Rosario,Municipio,Rosario,820210,Servicio de Catastro e Información Territorial,IGN
2014,2175,2014-03-22,Sabado,0.0,20:30:00,,0.0,2,"Pickup/Utilitario,Moto/Ciclomotor",Jose Ingenieros 8200,2,1,0,0,1,0,0,,Calle,,ROSARIO,Rosario,Asfalto,No existe,II,Dentro,Urbana,Ninguna,No existe,Recta,S/D,Buena,Nocturna,S/D,Frontal,S/D,Colisión,S/D,Horizontal,Ninguna,Sin restricción,"-32.9177303, -60.7395146",['Jose Ingenieros 8200'],1,Jose Ingenieros 8200,-32.9177303,-60.7395146,55.0,538.0,Municipio Rosario,Municipio,Rosario,820210,Servicio de Catastro e Información Territorial,IGN
2014,2176,2014-03-18,Martes,0.0,15:15:00,,0.0,2,"Moto/Ciclomotor,Pickup/Utilitario",Bv. Avellaneda Y Lamadrid,5,4,0,0,1,0,0,,Avenida,,ROSARIO,Rosario,Asfalto,No existe,II,Dentro,Urbana,Ninguna,No existe,Recta,Bueno,Buena,Diurna,Buen Tiempo,Lateral,S/D,Colisión,S/D,Faltante,Barrera de hormigón,Sin restricción,POINT (-60.6888668 -32.998344450000005),"['Avellaneda', 'Lamadrid']",2,Bulevar Nicolás Avellaneda; Gregorio Aráoz de Lamadrid,-32.998344450000005,-60.6888668,55.0,538.0,Municipio Rosario,Municipio,Rosario,820210,Servicio de Catastro e Información Territorial,IGN
2014,2178,2014-03-17,Lunes,0.0,17:30:00,,0.0,2,"Automóvil,Automóvil",Av. Circunvalacion Y Av. Circunvalacion,2,1,0,0,1,0,0,,Calle,,ROSARIO,Rosario,Asfalto,Pavimento,II,Dentro,Urbana,Ninguna,No existe,Recta,S/D,Buena,Atardecer,S/D,De alcance,S/D,Colisión,S/D,Vertical,Guardarrail,Sin restricción,POINT (-60.68232633784333 -32.92244612005323),"['Circunvalacion', 'Circunvalacion']",2,"('Avenida de Circunvalación 25 de Mayo', 'Colectora de Circunvalación')",-32.92244612005323,-60.68232633784333,55.0,538.0,Municipio Rosario,Municipio,Rosario,820210,Servicio de Catastro e Información Territorial,IGN
2014,2179,2014-03-18,Martes,0.0,18:00:00,,0.0,2,"Automóvil,Moto/Ciclomotor",Navarro Y Donado,2,1,0,0,1,0,0,,Calle,,ROSARIO,Rosario,Asfalto,No existe,II,Dentro,Urbana,Ninguna,No existe,Recta,Bueno,Buena,Atardecer,S/D,Frontal,S/D,Colisión,S/D,Horizontal,Ninguna,Sin restricción,POINT (-60.7273059 -32.93193669999999),"['Navarro', 'Donado']",2,Navarro; José Agustín Donado,-32.93193669999999,-60.7273059,55.0,538.0,Municipio Rosario,Municipio,Rosario,820210,Servicio de Catastro e Información Territorial,IGN
2014,2180,2014-03-02,Domingo,0.0,,,0.0,2,"Automóvil,Moto/Ciclomotor",Cordoba Y Vera Mujica,2,1,0,0,1,0,0,,Calle,,ROSARIO,Rosario,Asfalto,S/D,II,Dentro,Urbana,S/D,S/D,Intersección,S/D,S/D,S/D,S/D,S/D,S/D,Colisión,S/D,S/D,S/D,S/D,POINT (-60.666903 -32.94129629999999),"['Córdoba', 'Vera Mujíca']",2,Córdoba; Vera Mujíca,-32.94129629999999,-60.666903,55.0,538.0,Municipio Rosario,Municipio,Rosario,820210,Servicio de Catastro e Información Territorial,IGN
2014,2182,2014-03-20,Jueves,0.0,08:30:00,,0.0,2,"Moto/Ciclomotor,Automóvil",Arevalo Y Mejico,2,1,0,0,1,0,0,,Calle,,ROSARIO,Rosario,Asfalto,No existe,II,Dentro,Urbana,Ninguna,Funciona,Recta,Bueno,Buena,Amanecer,S/D,Frontal,S/D,Colisión,S/D,Vertical,Ninguna,Sin restricción,POINT (-60.7188965 -32.930839899999995),"['Arévalo', 'Mejico']",2,Arévalo; Méjico,-32.930839899999995,-60.7188965,55.0,538.0,Municipio Rosario,Municipio,Rosario,820210,Servicio de Catastro e Información Territorial,IGN
2014,2183,2014-03-02,Domingo,0.0,22:30:00,,0.0,2,"Moto/Ciclomotor,Automóvil",Av. Pellegrini 4400,2,1,0,0,1,0,0,,Avenida,,ROSARIO,Rosario,Asfalto,S/D,II,Dentro,Urbana,S/D,S/D,Intersección,S/D,S/D,Nocturna,S/D,S/D,S/D,Colisión,S/D,S/D,S/D,S/D,"-32.949139, -60.6858005",['Pellegrini 4400'],1,Pellegrini 4400,-32.949139,-60.6858005,55.0,538.0,Municipio Rosario,Municipio,Rosario,820210,Servicio de Catastro e Información Territorial,IGN
2014,2186,2014-03-21,Viernes,0.0,16:15:00,,0.0,2,"Bicicleta,Camión",Av. Ovidio Lagos Y Av. Arijon,2,1,0,0,1,0,0,,Avenida,,ROSARIO,Rosario,Asfalto,No existe,II,Dentro,Urbana,Semáforo,Funciona,Recta,Bueno,Buena,Atardecer,Buen Tiempo,De alcance,S/D,Colisión,S/D,Vertical,Barrera de hormigón,Sin restricción,POINT (-60.6761369 -33.0038701),"['Avenida Ovidio Lagos', 'Avenida Manuel Arijón']",2,Avenida Ovidio Lagos; Avenida Manuel Arijón,-33.0038701,-60.6761369,55.0,538.0,Municipio Rosario,Municipio,Rosario,820210,Servicio de Catastro e Información Territorial,IGN
2014,2187,2014-03-09,Domingo,0.0,06:30:00,,0.0,2,"Automóvil,Moto/Ciclomotor",3 De Febrero Y Santiago,3,2,0,0,1,0,0,,Calle,,ROSARIO,Rosario,Asfalto,S/D,II,Dentro,Urbana,S/D,S/D,Intersección,S/D,S/D,Diurna,S/D,S/D,S/D,Colisión,S/D,S/D,S/D,S/D,POINT (-60.6576192 -32.9496077),"['3 de Febrero', 'Santiago']",2,3 de Febrero; Santiago,-32.9496077,-60.6576192,55.0,538.0,Municipio Rosario,Municipio,Rosario,820210,Servicio de Catastro e Información Territorial,IGN