anio_acci,nro_acci,fecha,desc_dia,fecha_aprox,hora_aprox,desc_ruta,km,cant_participantes,desc_participante,calle_avenida_km,total,heridos_leves,heridos_graves,heridos_gravisimos,ilesos,fallecidos,sin_datos,posicion_XY,desc_tipo_via,desc_ruta_ori,desc_loc,desc_dpto,desc_tipo_calzada,desc_tipo_banquina,desc_unidad_regional,desc_lugar_calzada,desc_zona,desc_prioridad,desc_estado_semaforo,desc_lugar_via,desc_estado_via,desc_estado_visibilidad,desc_luminosidad,desc_estado_clima,desc_tipo_colision,desc_tipo_atropello,desc_tipo_hecho,desc_pres_calzada,desc_senializacion,desc_separacion_via,desc_restriccion,forma_geocod,calle_lista,numero_calles,calles_osm,lat,lon,index_right,gid,fna,gna,nam,in1,fdc,sag
2014,2190,2014-03-12,Miercoles,0.0,17:45:00,,0.0,2,"Automóvil,Moto/Ciclomotor",3 De Febrero Y Av. Avellaneda B,3,2,0,0,1,0,0,,Calle,,ROSARIO,Rosario,Asfalto,S/D,II,Dentro,Urbana,S/D,S/D,Intersección,S/D,S/D,Diurna,S/D,S/D,S/D,Colisión,S/D,S/D,S/D,S/D,POINT (-60.6807366 -32.945458),"['3 de Febrero', 'Avellaneda']",2,3 de Febrero; Bulevar Nicolás Avellaneda,-32.945458,-60.6807366,55.0,538.0,Municipio Rosario,Municipio,Rosario,820210,Servicio de Catastro e Información Territorial,IGN
2014,2193,2014-03-13,Jueves,0.0,12:00:00,,0.0,2,"Taxi/Remis,Automóvil",Rodriguez Y Montevideo,2,1,0,0,1,0,0,,Calle,,ROSARIO,Rosario,Asfalto,S/D,II,Dentro,Urbana,S/D,S/D,Intersección,S/D,S/D,Diurna,S/D,S/D,S/D,Colisión,S/D,S/D,S/D,S/D,POINT (-60.6611618 -32.9524613),"['Rodríguez', 'Montevideo']",2,Rodríguez de Escobedo; Montevideo,-32.9524613,-60.6611618,55.0,538.0,Municipio Rosario,Municipio,Rosario,820210,Servicio de Catastro e Información Territorial,IGN
2014,2195,2014-03-13,Jueves,0.0,22:10:00,,0.0,2,"Automóvil,Moto/Ciclomotor",Av. Francia 700,2,1,0,0,1,0,0,,Calle,,ROSARIO,Rosario,Asfalto,S/D,II,Dentro,Urbana,S/D,S/D,Recta,S/D,S/D,Nocturna,S/D,S/D,S/D,Colisión,S/D,S/D,S/D,S/D,"-32.9349356, -60.6639852",['Francia 700'],1,Francia 700,-32.9349356,-60.6639852,55.0,538.0,Municipio Rosario,Municipio,Rosario,820210,Servicio de Catastro e Información Territorial,IGN
2014,2196,2014-03-11,Martes,0.0,10:50:00,,0.0,2,"Moto/Ciclomotor,Automóvil",Vera Mujica Y San Luis,2,1,0,0,1,0,0,,Calle,,ROSARIO,Rosario,Asfalto,S/D,II,S/D,Urbana,S/D,S/D,Intersección,S/D,S/D,Diurna,S/D,S/D,S/D,Colisión,S/D,S/D,S/D,S/D,POINT (-60.66756749999999 -32.9439264),"['Vera Mujíca', 'San Luis']",2,Vera Mujíca; San Luis,-32.9439264,-60.66756749999999,55.0,538.0,Municipio Rosario,Municipio,Rosario,820210,Servicio de Catastro e Información Territorial,IGN
2014,2197,2014-03-14,Viernes,0.0,12:00:00,,0.0,2,"Automóvil,Automóvil",Pueyrredon Y 9 De Julio,2,1,0,0,1,0,0,,Calle,,ROSARIO,Rosario,Asfalto,S/D,II,Dentro,Urbana,S/D,S/D,Intersección,S/D,S/D,Diurna,S/D,S/D,S/D,Colisión,S/D,S/D,S/D,S/D,POINT (-60.65923800000001 -32.95042960000001),"['Pueyrredón', '9 de Julio']",2,Pueyrredón; 9 de Julio,-32.95042960000001,-60.65923800000001,55.0,538.0,Municipio Rosario,Municipio,Rosario,820210,Servicio de Catastro e Información Territorial,IGN
2014,2199,2014-03-05,Miercoles,0.0,10:50:00,,0.0,2,"Moto/Ciclomotor,Automóvil",Montevideo Y Santiago,2,1,0,0,1,0,0,,Calle,,ROSARIO,Rosario,Asfalto,S/D,II,Dentro,Urbana,S/D,S/D,Intersección,S/D,S/D,Diurna,S/D,S/D,S/D,Colisión,S/D,S/D,S/D,S/D,POINT (-60.6584724 -32.95294310000001),"['Montevideo', 'Santiago']",2,Montevideo; Santiago,-32.95294310000001,-60.6584724,55.0,538.0,Municipio Rosario,Municipio,Rosario,820210,Servicio de Catastro e Información Territorial,IGN
2014,2200,2014-03-07,Viernes,0.0,10:45:00,,0.0,2,"Automóvil,Moto/Ciclomotor",San Luis 2700,3,2,0,0,1,0,0,,Calle,,ROSARIO,Rosario,Asfalto,S/D,II,Dentro,Urbana,S/D,S/D,Recta,S/D,S/D,Diurna,S/D,S/D,S/D,Colisión,S/D,S/D,S/D,S/D,"-32.944954, -60.6609623",['San Luis 2700'],1,San Luis 2700,-32.944954,-60.6609623,55.0,538.0,Municipio Rosario,Municipio,Rosario,820210,Servicio de Catastro e Información Territorial,IGN
2014,2202,2014-03-14,Viernes,0.0,14:55:00,,0.0,2,"Automóvil,Otros",Av. Pellegrini Y Av. Corrientes,3,2,0,0,1,0,0,,Avenida,,ROSARIO,Rosario,Asfalto,S/D,II,Dentro,Urbana,Semáforo,Funciona,Intersección,Bueno,Buena,Diurna,Buen Tiempo,Lateral,S/D,Colisión,S/D,Vertical,Cordón divisorio,Sin restricción,POINT (-60.645055850000006 -32.95655624999999),"['Pellegrini', 'Corrientes']",2,Avenida Carlos Pellegrini; Corrientes,-32.95655624999999,-60.645055850000006,55.0,538.0,Municipio Rosario,Municipio,Rosario,820210,Servicio de Catastro e Información Territorial,IGN
2014,2203,2014-03-03,Lunes,0.0,15:35:00,,0.0,2,"Pickup/Utilitario,Moto/Ciclomotor",3 De Febrero Y Rodriguez,2,1,0,0,1,0,0,,Calle,,ROSARIO,Rosario,Asfalto,S/D,II,Dentro,Urbana,S/D,S/D,Intersección,S/D,S/D,Diurna,S/D,S/D,S/D,Colisión,S/D,S/D,S/D,S/D,POINT (-60.6603081 -32.9491249),"['3 de Febrero', 'Rodríguez']",2,3 de Febrero; Rodríguez de Escobedo,-32.9491249,-60.6603081,55.0,538.0,Municipio Rosario,Municipio,Rosario,820210,Servicio de Catastro e Información Territorial,IGN
2014,2205,2014-03-14,Viernes,0.0,19:00:00,,0.0,2,"Pickup/Utilitario,Moto/Ciclomotor",Montevideo Y Constitucion,3,1,0,0,2,0,0,,Calle,,ROSARIO,Rosario,Asfalto,S/D,II,Dentro,Urbana,S/D,S/D,Intersección,S/D,S/D,Diurna,S/D,S/D,S/D,Colisión,S/D,S/D,S/D,S/D,POINT (-60.676135699999996 -32.949792200000005),"['Montevideo', 'Constitución']",2,Montevideo; Constitución,-32.949792200000005,-60.6761357,55.0,538.0,Municipio Rosario,Municipio,Rosario,820210,Servicio de Catastro e Información Territorial,IGN
2014,2206,2014-03-07,Viernes,0.0,08:15:00,,0.0,2,"Camión,Moto/Ciclomotor",Mendoza Y Carriego,2,0,1,0,1,0,0,,Calle,,ROSARIO,Rosario,Asfalto,S/D,II,Dentro,Urbana,S/D,S/D,Intersección,S/D,S/D,Diurna,S/D,S/D,S/D,Colisión,S/D,S/D,S/D,S/D,POINT (-60.6899344 -32.9425285),"['Mendoza', 'Carriego']",2,Mendoza; Carriego,-32.9425285,-60.6899344,55.0,538.0,Municipio Rosario,Municipio,Rosario,820210,Servicio de Catastro e Información Territorial,IGN
2014,2208,2014-03-15,Sabado,0.0,06:50:00,,0.0,2,"Moto/Ciclomotor,Taxi/Remis",Mendoza Y Lima,2,1,0,0,1,0,0,,Calle,,ROSARIO,Rosario,Asfalto,S/D,II,Dentro,Urbana,S/D,S/D,Intersección,S/D,S/D,Diurna,S/D,S/D,S/D,Colisión,S/D,S/D,S/D,S/D,POINT (-60.6845195 -32.94350250000001),"['Mendoza', 'Lima']",2,Mendoza; Lima,-32.94350250000001,-60.6845195,55.0,538.0,Municipio Rosario,Municipio,Rosario,820210,Servicio de Catastro e Información Territorial,IGN
2014,2210,2014-03-08,Sabado,0.0,08:30:00,,0.0,2,"Moto/Ciclomotor,Automóvil",Montevideo Y Rio De Janeiro,2,1,0,0,1,0,0,,Calle,,ROSARIO,Rosario,Asfalto,S/D,II,Dentro,Urbana,S/D,S/D,Intersección,S/D,S/D,Diurna,S/D,S/D,S/D,Colisión,S/D,S/D,S/D,S/D,POINT (-60.6829543 -32.948562300000006),"['Montevideo', 'Río de Janeiro']",2,Montevideo; Río de Janeiro,-32.948562300000006,-60.6829543,55.0,538.0,Municipio Rosario,Municipio,Rosario,820210,Servicio de Catastro e Información Territorial,IGN
2014,2211,2014-03-21,Viernes,0.0,20:00:00,,0.0,2,"Taxi/Remis,Pickup/Utilitario",Santa Fe Y Balcarce,3,1,0,0,2,0,0,,Calle,,ROSARIO,Rosario,Asfalto,S/D,II,Dentro,Urbana,Semáforo,Funciona,Intersección,Bueno,Buena,"Nocturna,Con luz artificial",Buen Tiempo,Lateral,S/D,Colisión,S/D,Vertical,S/D,Sin restricción,POINT (-60.65159370000001 -32.94261169999999),"['Santa Fe', 'Balcarce']",2,Santa Fe; Balcarce,-32.94261169999999,-60.65159370000001,55.0,538.0,Municipio Rosario,Municipio,Rosario,820210,Servicio de Catastro e Información Territorial,IGN
2014,2214,2014-03-10,Lunes,0.0,09:55:00,,0.0,2,"Automóvil,Camión",Mendoza Y Crespo,2,1,0,0,1,0,0,,Calle,,ROSARIO,Rosario,Asfalto,S/D,II,Dentro,Urbana,S/D,S/D,Intersección,S/D,S/D,Diurna,S/D,S/D,S/D,Colisión,S/D,S/D,S/D,S/D,POINT (-60.66950320000001 -32.946183),"['Mendoza', 'Crespo']",2,Mendoza; Crespo,-32.946183,-60.66950320000001,55.0,538.0,Municipio Rosario,Municipio,Rosario,820210,Servicio de Catastro e Información Territorial,IGN
2014,2216,2014-03-15,Sabado,0.0,19:40:00,,0.0,2,"Moto/Ciclomotor,Automóvil",Italia Y San Luis,2,1,0,0,1,0,0,,Calle,,ROSARIO,Rosario,Asfalto,S/D,II,Dentro,Urbana,Ninguna,No existe,Recta,Bueno,Buena,Diurna,Buen Tiempo,Frontal,S/D,Colisión,S/D,Faltante,S/D,Sin restricción,POINT (-60.648517399999996 -32.9472927),"['Italia', 'San Luis']",2,Italia; San Luis,-32.9472927,-60.6485174,55.0,538.0,Municipio Rosario,Municipio,Rosario,820210,Servicio de Catastro e Información Territorial,IGN
2014,2219,2014-03-10,Lunes,0.0,22:00:00,,0.0,2,"Automóvil,Pickup/Utilitario",Montevideo Y Pascual Rosas,2,1,0,0,1,0,0,,Calle,,ROSARIO,Rosario,Asfalto,S/D,II,Dentro,Urbana,S/D,S/D,Intersección,S/D,S/D,Nocturna,S/D,S/D,S/D,Colisión,S/D,S/D,S/D,S/D,POINT (-60.6884023 -32.94760229999999),"['Montevideo', 'Pascual Rosas']",2,Montevideo; Pascual Rosas,-32.94760229999999,-60.6884023,55.0,538.0,Municipio Rosario,Municipio,Rosario,820210,Servicio de Catastro e Información Territorial,IGN
2014,2220,2014-03-24,Lunes,0.0,19:00:00,,0.0,2,"Taxi/Remis,Automóvil",Entre Rios 1200,2,1,0,0,1,0,0,,Calle,,ROSARIO,Rosario,Asfalto,No existe,II,Dentro,Urbana,Ninguna,No existe,Recta,Bueno,Buena,"Atardecer,Con luz artificial",Buen Tiempo,Frontal,S/D,Colisión,S/D,Faltante,S/D,Sin restricción,"-32.9509525, -60.642213",['Entre Rios 1200'],1,Entre Rios 1200,-32.9509525,-60.642213,55.0,538.0,Municipio Rosario,Municipio,Rosario,820210,Servicio de Catastro e Información Territorial,IGN
2014,2221,2014-03-15,Sabado,0.0,20:25:00,,0.0,2,"Automóvil,Moto/Ciclomotor",Castellanos Y Marcos Paz,2,1,0,0,1,0,0,,Calle,,ROSARIO,Rosario,Asfalto,S/D,II,Dentro,Urbana,S/D,S/D,Intersección,S/D,S/D,Atardecer,S/D,S/D,S/D,Colisión,S/D,S/D,S/D,S/D,POINT (-60.676207399999996 -32.94426299999999),"['Aaron Castellanos', 'Marcos Paz']",2,Aaron Castellanos; Marcos Paz,-32.94426299999999,-60.6762074,55.0,538.0,Municipio Rosario,Municipio,Rosario,820210,Servicio de Catastro e Información Territorial,IGN
2014,2222,2014-03-10,Lunes,0.0,,,0.0,2,"Pickup/Utilitario,Moto/Ciclomotor",E.Zeballos Y Rodriguez,2,1,0,0,1,0,0,,Calle,,ROSARIO,Rosario,Asfalto,S/D,II,Dentro,Urbana,S/D,S/D,Intersección,S/D,S/D,S/D,S/D,S/D,S/D,Colisión,S/D,S/D,S/D,S/D,POINT (-60.6608622 -32.9513173),"['Zeballos', 'Rodríguez']",2,Zeballos; Rodríguez de Escobedo,-32.9513173,-60.6608622,55.0,538.0,Municipio Rosario,Municipio,Rosario,820210,Servicio de Catastro e Información Territorial,IGN
2014,2228,2014-02-19,Miercoles,0.0,21:00:00,,0.0,2,"Peatón,Moto/Ciclomotor",Suipacha Y San Juan,2,1,0,0,1,0,0,,S/D,,ROSARIO,Rosario,Asfalto,S/D,II,Dentro,Urbana,S/D,S/D,Intersección,S/D,S/D,S/D,S/D,S/D,S/D,Atropello,S/D,S/D,Cordón divisorio,S/D,POINT (-60.6651091 -32.94550539999999),"['Suipacha', 'San Juan']",2,Suipacha; San Juan,-32.94550539999999,-60.6651091,55.0,538.0,Municipio Rosario,Municipio,Rosario,820210,Servicio de Catastro e Información Territorial,IGN
2014,2229,2014-03-23,Domingo,0.0,12:55:00,,0.0,2,"Automóvil,Automóvil",Mendoza 2000,2,1,0,0,1,0,0,,Calle,,ROSARIO,Rosario,Asfalto,No existe,II,Dentro,Urbana,Ninguna,No existe,Recta,Bueno,Buena,Diurna,Buen Tiempo,S/D,S/D,Colisión,S/D,Faltante,S/D,Sin restricción,"-32.9505432, -60.6450108",['Mendoza 2000'],1,Mendoza 2000,-32.9505432,-60.6450108,55.0,538.0,Municipio Rosario,Municipio,Rosario,820210,Servicio de Catastro e Información Territorial,IGN
2014,2231,2014-03-20,Jueves,0.0,12:15:00,,0.0,2,"Moto/Ciclomotor,Automóvil",Montevideo Y Santiago,2,1,0,0,1,0,0,,Calle,,ROSARIO,Rosario,Asfalto,S/D,II,Dentro,Urbana,S/D,S/D,Intersección,S/D,S/D,Diurna,S/D,S/D,S/D,Colisión,S/D,S/D,S/D,S/D,POINT (-60.6584724 -32.95294310000001),"['Montevideo', 'Santiago']",2,Montevideo; Santiago,-32.95294310000001,-60.6584724,55.0,538.0,Municipio Rosario,Municipio,Rosario,820210,Servicio de Catastro e Información Territorial,IGN
2014,2232,2014-03-20,Jueves,1.0,07:00:00,,0.0,2,"Moto/Ciclomotor,Bicicleta",Montevideo 4200,2,1,0,0,1,0,0,,Calle,,ROSARIO,Rosario,Asfalto,S/D,II,Dentro,Urbana,S/D,S/D,Recta,S/D,S/D,Diurna,S/D,S/D,S/D,Atropello,S/D,S/D,S/D,S/D,"-32.948568, -60.6827478",['Montevideo 4200'],1,Montevideo 4200,-32.948568,-60.6827478,55.0,538.0,Municipio Rosario,Municipio,Rosario,820210,Servicio de Catastro e Información Territorial,IGN
2014,2233,2014-03-22,Sabado,0.0,11:30:00,,0.0,2,"Automóvil,Automóvil",Bv. Avellaneda Y San Luis,3,2,0,0,1,0,0,,Calle,,ROSARIO,Rosario,Asfalto,S/D,II,Dentro,Urbana,S/D,S/D,Intersección,S/D,S/D,Diurna,S/D,S/D,S/D,Colisión,S/D,S/D,S/D,S/D,POINT (-60.6798066 -32.9417232),"['Avellaneda', 'San Luis']",2,Bulevar Nicolás Avellaneda; San Luis,-32.9417232,-60.6798066,55.0,538.0,Municipio Rosario,Municipio,Rosario,820210,Servicio de Catastro e Información Territorial,IGN
2014,2235,2014-03-22,Sabado,0.0,11:30:00,,0.0,2,"Moto/Ciclomotor,Moto/Ciclomotor",Callao Y Cordoba,2,2,0,0,0,0,0,,Calle,,ROSARIO,Rosario,Asfalto,S/D,II,Dentro,Urbana,S/D,S/D,Intersección,S/D,S/D,Diurna,S/D,S/D,S/D,Colisión,S/D,S/D,S/D,S/D,POINT (-60.6601292 -32.94251589999998),"['Callao', 'Córdoba']",2,Callao; Córdoba,-32.94251589999998,-60.6601292,55.0,538.0,Municipio Rosario,Municipio,Rosario,820210,Servicio de Catastro e Información Territorial,IGN
2014,2243,2014-03-23,Domingo,0.0,12:55:00,,0.0,2,"Automóvil,Automóvil",Santa Fe Y Mariano Moreno,7,6,0,0,1,0,0,,Calle,,ROSARIO,Rosario,Asfalto,S/D,II,Dentro,Urbana,Semáforo,Funciona,Intersección,Bueno,Buena,Diurna,Buen Tiempo,Lateral,S/D,Colisión,S/D,Vertical,S/D,Sin restricción,POINT (-60.65025920000001 -32.942853299999996),"['Santa Fe', 'Mariano Moreno']",2,Santa Fe; Mariano Moreno,-32.9428533,-60.65025920000001,55.0,538.0,Municipio Rosario,Municipio,Rosario,820210,Servicio de Catastro e Información Territorial,IGN
2014,2245,2014-03-12,Miercoles,0.0,12:10:00,,0.0,2,"Moto/Ciclomotor,Otros",Av. Pellegrini Y Bv. Avellaneda,2,1,0,0,0,0,1,,Avenida,,ROSARIO,Rosario,Asfalto,S/D,II,Dentro,Urbana,S/D,S/D,Intersección,S/D,S/D,Diurna,S/D,S/D,S/D,Colisión,S/D,S/D,S/D,S/D,POINT (-60.68184480000001 -32.949949249999996),"['Pellegrini', 'Avellaneda']",2,Avenida Carlos Pellegrini; Bulevar Nicolás Avellaneda,-32.94994925,-60.68184480000001,55.0,538.0,Municipio Rosario,Municipio,Rosario,820210,Servicio de Catastro e Información Territorial,IGN
2014,2246,2014-03-08,Sabado,0.0,23:00:00,,0.0,2,"Moto/Ciclomotor,Pickup/Utilitario",Rioja Y Balcarce,3,2,0,0,1,0,0,,Calle,,ROSARIO,Rosario,Asfalto,S/D,II,Dentro,Urbana,Ninguna,S/D,Intersección,Bueno,Buena,"Nocturna,Con luz artificial",Buen Tiempo,Lateral,S/D,Colisión,S/D,S/D,S/D,Sin restricción,POINT (-60.6522012 -32.9451043),"['Rioja', 'Balcarce']",2,Rioja; Balcarce,-32.9451043,-60.6522012,55.0,538.0,Municipio Rosario,Municipio,Rosario,820210,Servicio de Catastro e Información Territorial,IGN
2014,2247,2014-03-03,Lunes,0.0,12:30:00,,0.0,2,"Bicicleta,Automóvil",Bv. Avellaneda Y Cordoba,2,1,0,0,1,0,0,,Calle,,ROSARIO,Rosario,Asfalto,S/D,II,Dentro,Urbana,S/D,S/D,Intersección,S/D,S/D,S/D,S/D,S/D,S/D,Atropello,S/D,S/D,S/D,S/D,POINT (-60.67916835 -32.939088049999995),"['Avellaneda', 'Córdoba']",2,Bulevar Nicolás Avellaneda; Córdoba,-32.939088049999995,-60.67916835,55.0,538.0,Municipio Rosario,Municipio,Rosario,820210,Servicio de Catastro e Información Territorial,IGN
2014,2248,2014-03-07,Viernes,0.0,17:00:00,,0.0,2,"Moto/Ciclomotor,Automóvil",3 De Febrero Y Pueyrredon,2,1,0,0,1,0,0,,Calle,,ROSARIO,Rosario,Asfalto,S/D,II,Dentro,Urbana,S/D,S/D,Intersección,S/D,S/D,Diurna,S/D,S/D,S/D,Colisión,S/D,S/D,S/D,S/D,POINT (-60.65897040000001 -32.9493667),"['3 de Febrero', 'Pueyrredón']",2,3 de Febrero; Pueyrredón,-32.9493667,-60.65897040000001,55.0,538.0,Municipio Rosario,Municipio,Rosario,820210,Servicio de Catastro e Información Territorial,IGN
2014,2249,2014-03-24,Lunes,0.0,03:40:00,,0.0,2,"Taxi/Remis,Automóvil",Mendoza Y Cafferata,4,3,0,0,1,0,0,,Calle,,ROSARIO,Rosario,Asfalto,S/D,II,Dentro,Urbana,S/D,S/D,Intersección,S/D,S/D,Nocturna,S/D,S/D,S/D,Colisión,S/D,S/D,S/D,S/D,POINT (-60.672258799999994 -32.9456991),"['Mendoza', 'Cafferata']",2,Mendoza; Cafferata,-32.9456991,-60.6722588,55.0,538.0,Municipio Rosario,Municipio,Rosario,820210,Servicio de Catastro e Información Territorial,IGN
2014,2250,2014-03-24,Lunes,0.0,21:15:00,,0.0,2,"Automóvil,Moto/Ciclomotor",9 De Julio Y Bv. Avellaneda,2,1,0,0,1,0,0,,Calle,,ROSARIO,Rosario,Asfalto,S/D,II,Dentro,Urbana,S/D,S/D,Intersección,S/D,S/D,S/D,S/D,S/D,S/D,Colisión,S/D,S/D,S/D,S/D,POINT (-60.680971 -32.946485599999995),"['9 de Julio', 'Avellaneda']",2,9 de Julio; Bulevar Nicolás Avellaneda,-32.946485599999995,-60.680971,55.0,538.0,Municipio Rosario,Municipio,Rosario,820210,Servicio de Catastro e Información Territorial,IGN
2014,2251,2014-03-07,Viernes,0.0,17:45:00,,0.0,2,"Bicicleta,Pickup/Utilitario",Pascual Rosas 800,2,1,0,0,1,0,0,,Calle,,ROSARIO,Rosario,Asfalto,S/D,II,S/D,S/D,S/D,S/D,Recta,S/D,S/D,Diurna,S/D,S/D,S/D,Atropello,S/D,S/D,S/D,S/D,"-32.9376858, -60.6859876",['Pascual Rosas 800'],1,Pascual Rosas 800,-32.9376858,-60.6859876,55.0,538.0,Municipio Rosario,Municipio,Rosario,820210,Servicio de Catastro e Información Territorial,IGN
2014,2253,2014-03-24,Lunes,0.0,20:30:00,,0.0,2,"Automóvil,Automóvil",Av. Pellegrini Y Rio De Janeiro,3,2,0,0,1,0,0,,Calle,,ROSARIO,Rosario,Asfalto,S/D,II,Dentro,Urbana,S/D,S/D,Intersección,S/D,S/D,S/D,S/D,S/D,S/D,Colisión,S/D,S/D,S/D,S/D,POINT (-60.6832499 -32.949701950000005),"['Pellegrini', 'Río de Janeiro']",2,Avenida Carlos Pellegrini; Río de Janeiro,-32.949701950000005,-60.6832499,55.0,538.0,Municipio Rosario,Municipio,Rosario,820210,Servicio de Catastro e Información Territorial,IGN
2014,2254,2014-03-01,Sabado,1.0,17:00:00,,0.0,2,"Automóvil,Pickup/Utilitario",San Luis Y Pascual Rosas,2,1,0,0,1,0,0,,Calle,,ROSARIO,Rosario,Asfalto,S/D,II,Dentro,Urbana,S/D,S/D,Intersección,S/D,S/D,Diurna,S/D,S/D,S/D,Colisión,S/D,S/D,S/D,S/D,POINT (-60.68658630000001 -32.940494400000006),"['San Luis', 'Pascual Rosas']",2,San Luis; Pascual Rosas,-32.940494400000006,-60.68658630000001,55.0,538.0,Municipio Rosario,Municipio,Rosario,820210,Servicio de Catastro e Información Territorial,IGN
2014,2255,2014-03-17,Lunes,0.0,10:30:00,,0.0,2,"Taxi/Remis,Automóvil",San Juan 4800,5,3,0,0,2,0,0,,Calle,,ROSARIO,Rosario,Asfalto,S/D,II,Dentro,Urbana,S/D,S/D,Intersección,S/D,S/D,Diurna,S/D,S/D,S/D,Colisión,S/D,S/D,S/D,S/D,"-32.9411299, -60.6894156",['San Juan 4800'],1,San Juan 4800,-32.9411299,-60.6894156,55.0,538.0,Municipio Rosario,Municipio,Rosario,820210,Servicio de Catastro e Información Territorial,IGN
2014,2256,2014-03-16,Domingo,0.0,,,0.0,1,Moto/Ciclomotor,Pascual Rosas Y Av. Pellegrini,2,2,0,0,0,0,0,,Calle,,ROSARIO,Rosario,Asfalto,S/D,II,Dentro,Urbana,S/D,S/D,Intersección,S/D,S/D,S/D,S/D,S/D,S/D,Caída ocupante,S/D,S/D,S/D,S/D,POINT (-60.688683100000006 -32.948717099999996),"['Pascual Rosas', 'Pellegrini']",2,Pascual Rosas; Avenida Carlos Pellegrini,-32.9487171,-60.688683100000006,55.0,538.0,Municipio Rosario,Municipio,Rosario,820210,Servicio de Catastro e Información Territorial,IGN
2014,2257,2014-03-11,Martes,0.0,11:45:00,,0.0,2,"Automóvil,Moto/Ciclomotor",Rioja Y Av. Ovidio Lagos,2,1,0,0,1,0,0,,Calle,,ROSARIO,Rosario,Asfalto,S/D,II,Dentro,Urbana,S/D,S/D,Intersección,S/D,S/D,Diurna,S/D,S/D,S/D,Colisión,S/D,S/D,S/D,S/D,POINT (-60.661744600000006 -32.943415499999986),"['Rioja', 'Avenida Ovidio Lagos']",2,Rioja; Avenida Ovidio Lagos,-32.943415499999986,-60.661744600000006,55.0,538.0,Municipio Rosario,Municipio,Rosario,820210,Servicio de Catastro e Información Territorial,IGN
2014,2259,2014-03-17,Lunes,0.0,14:00:00,,0.0,2,"Automóvil,Pickup/Utilitario",Av. Ovidio Lagos Y Av. Pellegrini,2,1,0,0,1,0,0,,Calle,,ROSARIO,Rosario,Asfalto,S/D,II,Dentro,Urbana,S/D,S/D,Intersección,S/D,S/D,Diurna,S/D,S/D,S/D,Colisión,S/D,S/D,S/D,S/D,POINT (-60.664182350000004 -32.953107599999996),"['Avenida Ovidio Lagos', 'Pellegrini']",2,Avenida Ovidio Lagos; Avenida Carlos Pellegrini,-32.9531076,-60.66418235,55.0,538.0,Municipio Rosario,Municipio,Rosario,820210,Servicio de Catastro e Información Territorial,IGN
2014,2260,2014-03-17,Lunes,0.0,,,0.0,2,"Automóvil,Transporte de Pasajeros Urbano (> 8 asientos)",Constitucion Y Santa Fe,5,3,0,0,2,0,0,,Calle,,ROSARIO,Rosario,S/D,S/D,II,Dentro,Urbana,S/D,S/D,Intersección,S/D,S/D,S/D,S/D,S/D,S/D,Colisión,S/D,S/D,S/D,S/D,POINT (-60.67332640000001 -32.938728899999994),"['Constitución', 'Santa Fe']",2,Constitución; Santa Fe,-32.938728899999994,-60.67332640000001,55.0,538.0,Municipio Rosario,Municipio,Rosario,820210,Servicio de Catastro e Información Territorial,IGN
2014,2261,2014-03-08,Sabado,0.0,10:00:00,,0.0,2,"Peatón,Taxi/Remis",E.Zeballos Y Mitre,2,1,0,0,1,0,0,,Calle,,ROSARIO,Rosario,Asfalto,S/D,II,Dentro,Urbana,Marca Vial,No existe,Intersección,Bueno,Buena,Diurna,Buen Tiempo,S/D,S/D,Atropello,S/D,Faltante,S/D,Sin restricción,POINT (-60.641725300000004 -32.95477609999999),"['Zeballos', 'Mitre']",2,Zeballos; Bartolomé Mitre,-32.95477609999999,-60.6417253,55.0,538.0,Municipio Rosario,Municipio,Rosario,820210,Servicio de Catastro e Información Territorial,IGN
2014,2263,2014-03-10,Lunes,0.0,,,0.0,2,"Automóvil,Moto/Ciclomotor",Cafferata Y Av. Pellegrini,2,1,0,0,1,0,0,,Calle,,ROSARIO,Rosario,Asfalto,S/D,II,Dentro,Urbana,S/D,S/D,Intersección,S/D,S/D,S/D,S/D,S/D,S/D,Colisión,S/D,S/D,S/D,S/D,POINT (-60.66279733333334 -32.9781999),"['Cafferata', 'Pellegrini']",2,Cafferata; Avenida Carlos Pellegrini,-32.9781999,-60.66279733333334,55.0,538.0,Municipio Rosario,Municipio,Rosario,820210,Servicio de Catastro e Información Territorial,IGN
2014,2264,2014-03-17,Lunes,0.0,22:50:00,,0.0,2,"Automóvil,Automóvil",Av. Ovidio Lagos Y 9 De Julio,2,2,0,0,0,0,0,,Calle,,ROSARIO,Rosario,Asfalto,S/D,II,Dentro,Urbana,S/D,S/D,Intersección,S/D,S/D,Nocturna,S/D,S/D,S/D,Colisión,S/D,S/D,S/D,S/D,POINT (-60.663324700000004 -32.9497026),"['Avenida Ovidio Lagos', '9 de Julio']",2,Avenida Ovidio Lagos; 9 de Julio,-32.9497026,-60.6633247,55.0,538.0,Municipio Rosario,Municipio,Rosario,820210,Servicio de Catastro e Información Territorial,IGN
2014,2266,2014-03-10,Lunes,0.0,,,0.0,2,"Camión,Moto/Ciclomotor",Cafferata Y Montevideo,3,1,0,0,2,0,0,,Calle,,ROSARIO,Rosario,Asfalto,S/D,II,Dentro,Urbana,S/D,S/D,Intersección,S/D,S/D,S/D,S/D,S/D,S/D,Colisión,S/D,S/D,S/D,S/D,POINT (-60.67339379999999 -32.950285199999996),"['Cafferata', 'Montevideo']",2,Cafferata; Montevideo,-32.9502852,-60.67339379999999,55.0,538.0,Municipio Rosario,Municipio,Rosario,820210,Servicio de Catastro e Información Territorial,IGN
2014,2269,2014-03-22,Sabado,0.0,13:00:00,,0.0,2,"Transporte de Pasajeros Urbano (> 8 asientos),Moto/Ciclomotor",9 De Julio Y Entre Rios,2,0,0,1,1,0,0,,Avenida,,ROSARIO,Rosario,Asfalto,S/D,II,Dentro,Urbana,Ninguna,No existe,Recta,Bueno,Buena,Diurna,Buen Tiempo,Frontal,S/D,Colisión,S/D,Faltante,S/D,Sin restricción,POINT (-60.64278060000001 -32.953352300000006),"['9 de Julio', 'Entre Ríos']",2,9 de Julio; Entre Ríos,-32.953352300000006,-60.64278060000001,55.0,538.0,Municipio Rosario,Municipio,Rosario,820210,Servicio de Catastro e Información Territorial,IGN