anio_acci,nro_acci,fecha,desc_dia,fecha_aprox,hora_aprox,desc_ruta,km,cant_participantes,desc_participante,calle_avenida_km,total,heridos_leves,heridos_graves,heridos_gravisimos,ilesos,fallecidos,sin_datos,posicion_XY,desc_tipo_via,desc_ruta_ori,desc_loc,desc_dpto,desc_tipo_calzada,desc_tipo_banquina,desc_unidad_regional,desc_lugar_calzada,desc_zona,desc_prioridad,desc_estado_semaforo,desc_lugar_via,desc_estado_via,desc_estado_visibilidad,desc_luminosidad,desc_estado_clima,desc_tipo_colision,desc_tipo_atropello,desc_tipo_hecho,desc_pres_calzada,desc_senializacion,desc_separacion_via,desc_restriccion,forma_geocod,calle_lista,numero_calles,calles_osm,lat,lon,index_right,gid,fna,gna,nam,in1,fdc,sag
2014,2271,2014-03-21,Viernes,0.0,07:40:00,,0.0,2,"Automóvil,Moto/Ciclomotor",Fraga Y San Lorenzo,2,0,1,0,1,0,0,,Calle,,ROSARIO,Rosario,Asfalto,No existe,II,Dentro,Urbana,Ninguna,No existe,Intersección,Bueno,Buena,Diurna,Buen Tiempo,Lateral,S/D,Colisión,Ninguna,Horizontal,Ninguna,Sin restricción,POINT (-60.7105082 -32.934441099999994),"['Fraga', 'San Lorenzo']",2,Rosendo María Fraga; San Lorenzo,-32.934441099999994,-60.7105082,55.0,538.0,Municipio Rosario,Municipio,Rosario,820210,Servicio de Catastro e Información Territorial,IGN
2014,2274,2014-03-24,Lunes,0.0,10:50:00,,0.0,2,"Bicicleta,Pickup/Utilitario",Av. Provincias Unidas Y Rueda,2,1,0,0,0,0,1,,S/D,,ROSARIO,Rosario,"Asfalto,Hormigón",No existe,I,S/D,Urbana,Ninguna,No existe,Intersección,"Bueno,Con baches",Buena,Diurna,Buen Tiempo,S/D,S/D,Atropello,S/D,S/D,S/D,Sin restricción,POINT (-60.711669799999996 -32.9627928),"['Avenida Provincias Unidas', 'Rueda']",2,Avenida Provincias Unidas; Rueda,-32.9627928,-60.7116698,55.0,538.0,Municipio Rosario,Municipio,Rosario,820210,Servicio de Catastro e Información Territorial,IGN
2014,2275,2014-03-11,Martes,0.0,09:45:00,,0.0,2,"Automóvil,Automóvil",Av. Alberdi Bis Y Jose Ingenieros,3,1,0,0,2,0,0,,Avenida,,ROSARIO,Rosario,Asfalto,S/D,II,S/D,Urbana,S/D,S/D,Recta,Bueno,S/D,S/D,Buen Tiempo,De alcance,S/D,Colisión,S/D,S/D,S/D,S/D,POINT (-60.68477695 -32.916276550000006),"['Alberdi', 'José Ingenieros']",2,Avenida Alberdi; José Ingenieros,-32.916276550000006,-60.68477695,55.0,538.0,Municipio Rosario,Municipio,Rosario,820210,Servicio de Catastro e Información Territorial,IGN
2014,2276,2014-03-19,Miercoles,0.0,10:10:00,,0.0,2,"Taxi/Remis,Peatón",Bolivia Y Marcos Paz,2,1,0,0,1,0,0,,Calle,,ROSARIO,Rosario,Asfalto,No existe,II,Dentro,Urbana,Ninguna,No existe,Intersección,Bueno,Buena,Diurna,Buen Tiempo,S/D,S/D,Atropello,Ninguna,Horizontal,Ninguna,Sin restricción,POINT (-60.7139125 -32.939095699999996),"['Bolivia', 'Marcos Paz']",2,Bolivia; Marcos Paz,-32.9390957,-60.7139125,55.0,538.0,Municipio Rosario,Municipio,Rosario,820210,Servicio de Catastro e Información Territorial,IGN
2014,2280,2014-03-07,Viernes,0.0,23:15:00,,0.0,2,"Moto/Ciclomotor,Automóvil",Av. Genova Y J.V.Gonzalez Bis,2,1,0,0,1,0,0,,S/D,,ROSARIO,Rosario,Asfalto,S/D,II,S/D,Urbana,S/D,No existe,Recta,Bueno,Buena,Nocturna,Buen Tiempo,Lateral,S/D,Colisión,Ninguna,Vertical,S/D,S/D,POINT (-60.6816319 -32.9150901),"['Genova', 'Gonzalez']",2,"('Avenida Génova', 'Joaquín V. González')",-32.9150901,-60.6816319,55.0,538.0,Municipio Rosario,Municipio,Rosario,820210,Servicio de Catastro e Información Territorial,IGN
2014,2281,2014-03-03,Lunes,0.0,10:30:00,,0.0,2,"Automóvil,Moto/Ciclomotor",Av. Provincias Unidas Y Viamonte,2,2,0,0,0,0,0,,Calle,,ROSARIO,Rosario,Asfalto,No existe,II,S/D,Urbana,Ninguna,No existe,Intersección,Con baches,Buena,Diurna,Buen Tiempo,Lateral,S/D,Colisión,S/D,S/D,S/D,S/D,POINT (-60.71191390000001 -32.95690404999999),"['Avenida Provincias Unidas', 'Viamonte']",2,Avenida Provincias Unidas; Viamonte,-32.95690404999999,-60.71191390000001,55.0,538.0,Municipio Rosario,Municipio,Rosario,820210,Servicio de Catastro e Información Territorial,IGN
2014,2283,2014-03-29,Sabado,0.0,16:25:00,,0.0,2,"Bicicleta,Pickup/Utilitario",J.J.Paso Y Cullen,2,0,1,0,1,0,0,,Calle,,ROSARIO,Rosario,Asfalto,No existe,II,Dentro,Urbana,Semáforo,S/D,Intersección,Con baches,Buena,Diurna,Buen Tiempo,S/D,S/D,Atropello,Agua,Horizontal,Ninguna,Sin restricción,POINT (-60.7097063 -32.92013579999998),"['Paso', 'Cullen']",2,Avenida Juan José Paso; Cullen,-32.92013579999998,-60.7097063,55.0,538.0,Municipio Rosario,Municipio,Rosario,820210,Servicio de Catastro e Información Territorial,IGN
2014,2284,2014-03-01,Sabado,0.0,07:00:00,,0.0,2,"Moto/Ciclomotor,Automóvil",Av. Provincias Unidas Y Montevideo,2,1,0,0,1,0,0,,Avenida,,ROSARIO,Rosario,Asfalto,No existe,II,Dentro,Urbana,Semáforo,Funciona,Intersección,Bueno,Buena,Diurna,Buen Tiempo,Lateral,S/D,Colisión,Ninguna,Vertical,Ninguna,Sin restricción,POINT (-60.71230545 -32.9474568),"['Avenida Provincias Unidas', 'Montevideo']",2,Avenida Provincias Unidas; Montevideo,-32.9474568,-60.71230545,55.0,538.0,Municipio Rosario,Municipio,Rosario,820210,Servicio de Catastro e Información Territorial,IGN
2014,2287,2014-03-12,Miercoles,0.0,10:00:00,,0.0,2,"Moto/Ciclomotor,Automóvil",Av. Provincias Unidas Y Bv. 27 De Febrero,2,1,0,0,0,0,1,,Calle,,ROSARIO,Rosario,"Asfalto,Hormigón",Pavimento,II,S/D,Urbana,Semáforo,Funciona,Intersección,Con baches,Buena,Diurna,Buen Tiempo,Lateral,S/D,Colisión,S/D,S/D,S/D,Sin restricción,POINT (-60.711817525 -32.959359825),"['Avenida Provincias Unidas', '27 de Febrero']",2,Avenida Provincias Unidas; Bulevar 27 de Febrero,-32.959359825,-60.711817525,55.0,538.0,Municipio Rosario,Municipio,Rosario,820210,Servicio de Catastro e Información Territorial,IGN
2014,2289,2014-03-12,Miercoles,0.0,19:55:00,,0.0,2,"Automóvil,Moto/Ciclomotor",Av. Provincias Unidas Y Cerrito,3,2,0,0,1,0,0,,Calle,,ROSARIO,Rosario,Asfalto,No existe,II,S/D,Urbana,Ninguna,No existe,Intersección,Bueno,Buena,Atardecer,Buen Tiempo,Lateral,S/D,Colisión,Ninguna,Horizontal,Ninguna,Sin restricción,POINT (-60.7120531 -32.95333595),"['Avenida Provincias Unidas', 'Cerrito']",2,Avenida Provincias Unidas; Cerrito,-32.95333595,-60.7120531,55.0,538.0,Municipio Rosario,Municipio,Rosario,820210,Servicio de Catastro e Información Territorial,IGN
2014,2291,2014-03-23,Domingo,0.0,20:30:00,,0.0,2,"Moto/Ciclomotor,Automóvil",Av. Sorrento Y Av. Provincias Unidas,2,0,1,0,1,0,0,,Avenida,,ROSARIO,Rosario,Asfalto,S/D,II,S/D,Urbana,S/D,S/D,Rotonda,Bueno,S/D,Nocturna,Buen Tiempo,"Frontal,Lateral",S/D,Colisión,S/D,Vertical,Ninguna,Sin restricción,POINT (-60.714102249999996 -32.9083328),"['Sorrento', 'Avenida Provincias Unidas']",2,Avenida Sorrento; Avenida Provincias Unidas,-32.9083328,-60.71410225,55.0,538.0,Municipio Rosario,Municipio,Rosario,820210,Servicio de Catastro e Información Territorial,IGN
2014,2294,2014-03-18,Martes,0.0,17:30:00,,0.0,2,"Automóvil,Taxi/Remis",Av. Provincias Unidas Y Chubut,2,1,0,0,1,0,0,,Avenida,,ROSARIO,Rosario,Asfalto,No existe,II,Dentro,Urbana,Ninguna,No existe,Intersección,Bueno,Buena,Diurna,Lluvia,Lateral,S/D,Colisión,Agua,Horizontal,Ninguna,Sin restricción,POINT (-60.71231160000001 -32.94563169999999),"['Avenida Provincias Unidas', 'Chubut']",2,Avenida Provincias Unidas; Chubut,-32.94563169999999,-60.71231160000001,55.0,538.0,Municipio Rosario,Municipio,Rosario,820210,Servicio de Catastro e Información Territorial,IGN
2014,2296,2014-03-23,Domingo,0.0,19:40:00,,0.0,2,"Automóvil,Moto/Ciclomotor",Av. Genova ,3,1,0,0,0,0,2,,Avenida,,ROSARIO,Rosario,Asfalto,Pavimento,II,S/D,Urbana,S/D,No existe,Intersección,Bueno,Buena,Nocturna,Buen Tiempo,"Frontal,Lateral",S/D,Colisión,S/D,Faltante,Ninguna,Sin restricción,"-32.9440455, -60.6432457",['Genova'],1,Genova,-32.9440455,-60.6432457,55.0,538.0,Municipio Rosario,Municipio,Rosario,820210,Servicio de Catastro e Información Territorial,IGN
2014,2298,2014-03-05,Miercoles,0.0,17:00:00,,0.0,2,"Automóvil,Automóvil",Av. Pellegrini Y Roullon,2,1,0,0,1,0,0,,Avenida,,ROSARIO,Rosario,Asfalto,No existe,II,S/D,Urbana,Semáforo,Funciona,Intersección,Bueno,Buena,Diurna,Buen Tiempo,Lateral,S/D,Colisión,Ninguna,Vertical,Ninguna,Sin restricción,POINT (-60.70191075 -32.94831669999999),"['Pellegrini', 'Alfredo Rouillón']",2,Avenida Carlos Pellegrini; Alfredo Rouillón,-32.94831669999999,-60.70191075,55.0,538.0,Municipio Rosario,Municipio,Rosario,820210,Servicio de Catastro e Información Territorial,IGN
2014,2306,2014-03-01,Sabado,0.0,20:30:00,,0.0,2,"Moto/Ciclomotor,Automóvil",Cullen Y Av. Pellegrini,2,1,0,0,1,0,0,,Calle,,ROSARIO,Rosario,Asfalto,S/D,II,S/D,Urbana,Semáforo,Funciona,Intersección,Bueno,Buena,"Nocturna,Con luz artificial",Buen Tiempo,Lateral,S/D,Colisión,Ninguna,Vertical,Ninguna,Sin restricción,POINT (-60.7087499 -32.9484991),"['Cullen', 'Pellegrini']",2,Cullen; Avenida Carlos Pellegrini,-32.9484991,-60.7087499,55.0,538.0,Municipio Rosario,Municipio,Rosario,820210,Servicio de Catastro e Información Territorial,IGN
2014,2309,2014-03-27,Jueves,0.0,06:00:00,,0.0,2,"Bicicleta,Automóvil",Mendoza ,2,1,0,0,1,0,0,,Avenida,,ROSARIO,Rosario,Asfalto,S/D,II,Dentro,Urbana,Ninguna,No existe,Intersección,Bueno,Buena,Amanecer,Buen Tiempo,S/D,S/D,Atropello,Ninguna,Horizontal,Ninguna,S/D,"-32.9401903, -60.7332648",['Mendoza'],1,Mendoza,-32.9401903,-60.7332648,55.0,538.0,Municipio Rosario,Municipio,Rosario,820210,Servicio de Catastro e Información Territorial,IGN
2014,2312,2014-03-12,Miercoles,0.0,09:30:00,,0.0,2,"Automóvil,Automóvil",Av. Pellegrini Y Camilo Aldao,2,1,0,0,1,0,0,,Avenida,,ROSARIO,Rosario,Asfalto,No existe,II,Dentro,Urbana,Semáforo,Funciona,Otro,Otro,Buena,Diurna,Buen Tiempo,Lateral,S/D,Colisión,Ninguna,Vertical,Ninguna,Sin restricción,POINT (-60.6956263 -32.948147999999996),"['Pellegrini', 'Camilo Aldao']",2,Avenida Carlos Pellegrini; Camilo Aldao,-32.948148,-60.6956263,55.0,538.0,Municipio Rosario,Municipio,Rosario,820210,Servicio de Catastro e Información Territorial,IGN
2014,2314,2014-03-27,Jueves,0.0,11:30:00,,0.0,3,"Pickup/Utilitario,Automóvil,Moto/Ciclomotor",San Juan Y F.More,3,1,0,0,2,0,0,,Calle,,ROSARIO,Rosario,Asfalto,No existe,II,Dentro,Urbana,Semáforo,Funciona,Intersección,Bueno,Buena,Diurna,Buen Tiempo,"Lateral,Múltiple",S/D,Colisión,Ninguna,Vertical,Ninguna,Sin restricción,POINT (-60.6935598 -32.94061539999999),"['San Juan', 'Felipe Moré']",2,San Juan; Felipe Moré,-32.94061539999999,-60.6935598,55.0,538.0,Municipio Rosario,Municipio,Rosario,820210,Servicio de Catastro e Información Territorial,IGN
2014,2316,2014-03-26,Miercoles,0.0,,,0.0,2,"Automóvil,Automóvil",Bv. Avellaneda Y San Juan,2,1,0,0,1,0,0,,Calle,,ROSARIO,Rosario,Asfalto,S/D,II,Dentro,Urbana,S/D,S/D,Intersección,S/D,S/D,S/D,S/D,S/D,S/D,Colisión,S/D,S/D,S/D,S/D,POINT (-60.680076299999996 -32.94284435),"['Avellaneda', 'San Juan']",2,Bulevar Nicolás Avellaneda; San Juan,-32.94284435,-60.6800763,55.0,538.0,Municipio Rosario,Municipio,Rosario,820210,Servicio de Catastro e Información Territorial,IGN
2014,2319,2014-03-07,Viernes,0.0,19:03:00,,0.0,2,"Automóvil,Automóvil",Av. Pellegrini Y Fraga,3,1,0,0,2,0,0,,Avenida,,ROSARIO,Rosario,Asfalto,No existe,II,S/D,Urbana,Semáforo,Funciona,Intersección,Bueno,Buena,Atardecer,Buen Tiempo,Lateral,S/D,Colisión,Ninguna,Vertical,Ninguna,Sin restricción,POINT (-60.709896549999996 -32.94852544999999),"['Pellegrini', 'Fraga']",2,Avenida Carlos Pellegrini; Rosendo María Fraga,-32.94852544999999,-60.70989655,55.0,538.0,Municipio Rosario,Municipio,Rosario,820210,Servicio de Catastro e Información Territorial,IGN
2014,2321,2014-03-28,Viernes,0.0,,,0.0,2,"Automóvil,Peatón",Vera Mujica Y San Juan,2,1,0,0,1,0,0,,Calle,,ROSARIO,Rosario,Asfalto,S/D,II,Dentro,Urbana,S/D,S/D,Intersección,S/D,S/D,S/D,S/D,S/D,S/D,Atropello,S/D,S/D,S/D,S/D,POINT (-60.6678428 -32.94501609999999),"['Vera Mujíca', 'San Juan']",2,Vera Mujíca; San Juan,-32.94501609999999,-60.6678428,55.0,538.0,Municipio Rosario,Municipio,Rosario,820210,Servicio de Catastro e Información Territorial,IGN
2014,2324,2014-03-29,Sabado,0.0,21:15:00,,0.0,2,"Pickup/Utilitario,Moto/Ciclomotor",Benegas Y Bv. Wilde,3,2,0,0,0,0,1,,Calle,,ROSARIO,Rosario,Asfalto,S/D,II,Dentro,Urbana,Ninguna,S/D,Recta,Bueno,Buena,Nocturna,S/D,S/D,S/D,S/D,S/D,S/D,Ninguna,Sin restricción,POINT (-60.738831950000005 -32.931149899999994),"['Benegas', 'Bulevar Wilde']",2,Benegas; Bulevar Wilde,-32.931149899999994,-60.738831950000005,55.0,538.0,Municipio Rosario,Municipio,Rosario,820210,Servicio de Catastro e Información Territorial,IGN
2014,2325,2014-03-08,Sabado,0.0,20:00:00,,0.0,2,"Moto/Ciclomotor,Automóvil",Av. Pte.Peron Y Av. Circunvalacion,2,2,0,0,0,0,0,,Avenida,,ROSARIO,Rosario,"Asfalto,Hormigón",Pavimento,II,S/D,Urbana,Semáforo,Funciona,Intersección,Con baches,Buena,"Nocturna,Con luz artificial",Buen Tiempo,Lateral,S/D,Colisión,S/D,S/D,S/D,Sin restricción,POINT (-60.71697254694366 -32.970708102842494),"['Avenida Presidente Perón', 'Circunvalacion']",2,Avenida Presidente Perón; Avenida de Circunvalación 25 de Mayo,-32.970708102842494,-60.71697254694366,55.0,538.0,Municipio Rosario,Municipio,Rosario,820210,Servicio de Catastro e Información Territorial,IGN
2014,2326,2014-03-27,Jueves,0.0,,,0.0,2,"Taxi/Remis,Automóvil",Av. Pellegrini 4700,4,2,0,0,2,0,0,,Avenida,,ROSARIO,Rosario,S/D,S/D,II,Dentro,Urbana,S/D,S/D,Recta,S/D,S/D,S/D,S/D,S/D,S/D,Colisión,S/D,S/D,S/D,S/D,"-32.9484019, -60.6897907",['Pellegrini 4700'],1,Pellegrini 4700,-32.9484019,-60.6897907,55.0,538.0,Municipio Rosario,Municipio,Rosario,820210,Servicio de Catastro e Información Territorial,IGN
2014,2327,2014-03-31,Lunes,0.0,18:00:00,,0.0,2,"Bicicleta,Automóvil",Venezuela Y Av. Genova,2,2,0,0,0,0,0,,Calle,,ROSARIO,Rosario,Asfalto,S/D,II,Dentro,Urbana,Ninguna,S/D,Recta,Bueno,Buena,Atardecer,S/D,S/D,S/D,Atropello,S/D,S/D,Ninguna,Sin restricción,POINT (-60.7255057 -32.916349100000005),"['Venezuela', 'Genova']",2,Venezuela; Avenida Génova,-32.916349100000005,-60.7255057,55.0,538.0,Municipio Rosario,Municipio,Rosario,820210,Servicio de Catastro e Información Territorial,IGN
2014,2329,2014-03-26,Miercoles,0.0,23:40:00,,0.0,2,"Taxi/Remis,Automóvil",3 De Febrero Y Av. Ovidio Lagos,4,3,0,0,1,0,0,,Calle,,ROSARIO,Rosario,Asfalto,S/D,II,Dentro,Urbana,S/D,S/D,Intersección,S/D,S/D,Nocturna,S/D,S/D,S/D,Colisión,S/D,S/D,S/D,S/D,POINT (-60.6630574 -32.9486394),"['3 de Febrero', 'Avenida Ovidio Lagos']",2,3 de Febrero; Avenida Ovidio Lagos,-32.9486394,-60.6630574,55.0,538.0,Municipio Rosario,Municipio,Rosario,820210,Servicio de Catastro e Información Territorial,IGN
2014,2332,2014-03-17,Lunes,0.0,11:10:00,,0.0,2,"Automóvil,Moto/Ciclomotor",Solis Y Tucuman,2,1,0,0,1,0,0,,Calle,,ROSARIO,Rosario,Asfalto,No existe,II,Dentro,Urbana,Ninguna,No existe,Intersección,S/D,Buena,Diurna,S/D,Lateral,S/D,Colisión,S/D,Faltante,S/D,Sin restricción,POINT (-60.703743800000005 -32.932303799999985),"['Solis', 'Tucumán']",2,Juan Díaz de Solís; Tucumán,-32.932303799999985,-60.703743800000005,55.0,538.0,Municipio Rosario,Municipio,Rosario,820210,Servicio de Catastro e Información Territorial,IGN
2014,2333,2014-03-12,Miercoles,0.0,07:50:00,,0.0,2,"Bicicleta,Camión",Av. Circunvalacion Y San Martin,2,1,0,0,1,0,0,,Avenida,,ROSARIO,Rosario,Asfalto,S/D,II,Dentro,Urbana,Ninguna,Funciona,Recta,Bueno,Buena,Diurna,Otro,S/D,S/D,Atropello,Ninguna,Vertical,Cordón divisorio,Sin restricción,POINT (-60.652223580418244 -33.0164074304026),"['Circunvalacion', 'San Martin']",2,"('Avenida de Circunvalación 25 de Mayo', 'José de San Martín')",-33.0164074304026,-60.65222358041824,55.0,538.0,Municipio Rosario,Municipio,Rosario,820210,Servicio de Catastro e Información Territorial,IGN
2014,2337,2014-03-29,Sabado,0.0,04:30:00,,0.0,2,"Automóvil,Moto/Ciclomotor",Urquiza Y San Nicolas,2,1,0,0,1,0,0,,Calle,,ROSARIO,Rosario,S/D,No existe,II,S/D,Urbana,S/D,No existe,Recta,Bueno,Buena,Nocturna,Buen Tiempo,Otro,S/D,Colisión,Otro,Faltante,Ninguna,Sin restricción,POINT (-60.6714596 -32.93685429999999),"['Urquiza', 'San Nicolás']",2,Justo José de Urquiza; San Nicolás,-32.93685429999999,-60.6714596,55.0,538.0,Municipio Rosario,Municipio,Rosario,820210,Servicio de Catastro e Información Territorial,IGN
2014,2339,2014-03-18,Martes,0.0,15:10:00,,0.0,2,"Moto/Ciclomotor,Automóvil",Junin Y Formosa,2,1,0,0,1,0,0,,Calle,,ROSARIO,Rosario,Asfalto,S/D,II,S/D,Urbana,Semáforo,S/D,Intersección,S/D,S/D,Diurna,S/D,Lateral,S/D,Colisión,S/D,Vertical,Línea divisoria pintada,Sin restricción,POINT (-60.691256499999994 -32.9269887),"['Junín', 'Formosa']",2,Junín; Formosa,-32.9269887,-60.6912565,55.0,538.0,Municipio Rosario,Municipio,Rosario,820210,Servicio de Catastro e Información Territorial,IGN
2014,2342,2014-03-27,Jueves,0.0,10:00:00,,0.0,2,"Automóvil,Bicicleta",Jujuy Y Pueyrredon,2,1,0,0,1,0,0,,Calle,,ROSARIO,Rosario,S/D,No existe,II,Dentro,Urbana,Ninguna,No existe,Recta,Bueno,Buena,Diurna,Buen Tiempo,Otro,S/D,Atropello,Otro,Faltante,S/D,Sin restricción,POINT (-60.655304 -32.93480099999999),"['Jujuy', 'Pueyrredón']",2,Jujuy; Pueyrredón,-32.93480099999999,-60.655304,55.0,538.0,Municipio Rosario,Municipio,Rosario,820210,Servicio de Catastro e Información Territorial,IGN
2014,2345,2014-03-12,Miercoles,0.0,07:50:00,,0.0,2,"Bicicleta,Moto/Ciclomotor",Av. Circunvalacion Y San Martin,2,1,0,0,1,0,0,,Avenida,,ROSARIO,Rosario,Asfalto,S/D,II,Dentro,Urbana,Ninguna,Funciona,Recta,Bueno,Buena,Diurna,Otro,S/D,S/D,Atropello,S/D,"Horizontal,Vertical",Cordón divisorio,Sin restricción,POINT (-60.652223580418244 -33.0164074304026),"['Circunvalacion', 'San Martin']",2,"('Avenida de Circunvalación 25 de Mayo', 'José de San Martín')",-33.0164074304026,-60.65222358041824,55.0,538.0,Municipio Rosario,Municipio,Rosario,820210,Servicio de Catastro e Información Territorial,IGN
2014,2348,2014-03-19,Miercoles,0.0,17:45:00,,0.0,2,"Bicicleta,Pickup/Utilitario",Solis Y Junin,2,1,0,0,1,0,0,,Calle,,ROSARIO,Rosario,Asfalto,S/D,II,S/D,Urbana,Semáforo,S/D,Intersección,Bueno,S/D,S/D,S/D,S/D,S/D,Atropello,S/D,Vertical,Ninguna,Sin restricción,POINT (-60.70393299999999 -32.92734089999999),"['Solis', 'Junín']",2,Juan Díaz de Solís; Junín,-32.92734089999999,-60.70393299999999,55.0,538.0,Municipio Rosario,Municipio,Rosario,820210,Servicio de Catastro e Información Territorial,IGN
2014,2349,2014-03-25,Martes,0.0,12:30:00,,0.0,2,"Bicicleta,Automóvil",Av. Francia Y Urquiza,2,1,0,0,1,0,0,,Calle,,ROSARIO,Rosario,Asfalto,No existe,II,S/D,Urbana,S/D,No existe,Recta,Bueno,Buena,Diurna,Buen Tiempo,Otro,S/D,Atropello,S/D,Faltante,Barrera de hormigón,Sin restricción,POINT (-60.664649350000005 -32.9380825),"['Avenida Francia', 'Urquiza']",2,Avenida Francia; Justo José de Urquiza,-32.9380825,-60.664649350000005,55.0,538.0,Municipio Rosario,Municipio,Rosario,820210,Servicio de Catastro e Información Territorial,IGN
2014,2350,2014-03-18,Martes,0.0,14:40:00,,0.0,2,"Moto/Ciclomotor,Automóvil",Dorrego Y Hilarion de la Quintana,2,1,0,0,1,0,0,,Calle,,ROSARIO,Rosario,S/D,No existe,II,Dentro,Urbana,Ninguna,No existe,Intersección,Bueno,Buena,Diurna,Buen Tiempo,Lateral,S/D,Colisión,S/D,Faltante,Ninguna,Sin restricción,POINT (-60.6605745 -33.0014204),"['Dorrego', 'Hilarión de la Quintana']",2,Manuel Dorrego; Hilarión de la Quintana,-33.0014204,-60.6605745,55.0,538.0,Municipio Rosario,Municipio,Rosario,820210,Servicio de Catastro e Información Territorial,IGN
2014,2353,2014-03-23,Domingo,0.0,20:40:00,,0.0,2,"Moto/Ciclomotor,Automóvil",Bv. Avellaneda Y Bv. Segui,2,0,1,0,1,0,0,,Calle,,ROSARIO,Rosario,Asfalto,No existe,II,Dentro,Urbana,Semáforo,Funciona,Intersección,Bueno,Buena,Nocturna,Buen Tiempo,Lateral,S/D,Colisión,Ninguna,Faltante,Cordón divisorio,Sin restricción,POINT (-60.6873526625 -32.9717476875),"['Avellaneda', 'Bulevar Juan Francisco Seguí']",2,Bulevar Nicolás Avellaneda; Bulevar Juan Francisco Seguí,-32.9717476875,-60.6873526625,55.0,538.0,Municipio Rosario,Municipio,Rosario,820210,Servicio de Catastro e Información Territorial,IGN
2014,2354,2014-03-13,Jueves,0.0,14:00:00,,0.0,2,"Moto/Ciclomotor,Automóvil",Av. Battle y Ordoñez ,3,1,0,0,2,0,0,,Avenida,,ROSARIO,Rosario,Asfalto,S/D,II,Dentro,Urbana,Ninguna,No existe,Recta,Bueno,Buena,Diurna,Otro,Otro,S/D,Colisión,Ninguna,Horizontal,Cordón divisorio,S/D,"-33.009042, -60.6558939",['Avenida Battle y Ordoñez'],1,Avenida Battle y Ordoñez,-33.009042,-60.6558939,55.0,538.0,Municipio Rosario,Municipio,Rosario,820210,Servicio de Catastro e Información Territorial,IGN
2014,2356,2014-03-19,Miercoles,0.0,00:30:00,,0.0,2,"Moto/Ciclomotor,Taxi/Remis",Av. Ovidio Lagos Y Salta,2,1,0,0,1,0,0,,Calle,,ROSARIO,Rosario,S/D,No existe,II,S/D,Urbana,Semáforo,Funciona,Recta,Bueno,Buena,Nocturna,Buen Tiempo,Otro,S/D,Colisión,Otro,Vertical,Ninguna,Sin restricción,POINT (-60.6597135 -32.93528760000001),"['Avenida Ovidio Lagos', 'Salta']",2,Avenida Ovidio Lagos; Salta,-32.93528760000001,-60.6597135,55.0,538.0,Municipio Rosario,Municipio,Rosario,820210,Servicio de Catastro e Información Territorial,IGN
2014,2360,2014-03-01,Sabado,0.0,18:15:00,,0.0,2,"Moto/Ciclomotor,Automóvil",Saavedra Y Lavalle,3,1,1,0,1,0,0,,Calle,,ROSARIO,Rosario,Hormigón,No existe,II,Dentro,Urbana,Ninguna,No existe,Intersección,Bueno,Buena,Atardecer,Buen Tiempo,Lateral,S/D,Colisión,Ninguna,Faltante,Cordón divisorio,Sin restricción,POINT (-60.6857241 -32.97087379999999),"['Saavedra', 'Lavalle']",2,Saavedra; Lavalle,-32.97087379999999,-60.6857241,55.0,538.0,Municipio Rosario,Municipio,Rosario,820210,Servicio de Catastro e Información Territorial,IGN
2014,2362,2014-03-13,Jueves,0.0,21:30:00,,0.0,2,"Moto/Ciclomotor,Moto/Ciclomotor",Av. Battle y Ordoñez Y España,3,2,0,0,1,0,0,,Avenida,,ROSARIO,Rosario,Asfalto,S/D,II,Dentro,Urbana,S/D,Funciona,Recta,Bueno,Buena,Nocturna,Buen Tiempo,S/D,S/D,Colisión,Ninguna,Vertical,S/D,Sin restricción,POINT (-60.65730380000001 -33.00912425),"['Avenida Battle y Ordoñez', 'España']",2,Avenida Battle y Ordoñez; España,-33.00912425,-60.65730380000001,55.0,538.0,Municipio Rosario,Municipio,Rosario,820210,Servicio de Catastro e Información Territorial,IGN
2014,2364,2014-03-16,Domingo,0.0,12:35:00,,0.0,2,"Moto/Ciclomotor,Automóvil",Santa Fe Y Callao,2,1,0,0,1,0,0,,Calle,,ROSARIO,Rosario,Asfalto,No existe,II,S/D,Urbana,Semáforo,Funciona,Recta,Otro,Buena,Diurna,Buen Tiempo,Otro,S/D,Colisión,Otro,Horizontal,Ninguna,Sin restricción,POINT (-60.6597746 -32.94115649999999),"['Santa Fe', 'Callao']",2,Santa Fe; Callao,-32.94115649999999,-60.6597746,55.0,538.0,Municipio Rosario,Municipio,Rosario,820210,Servicio de Catastro e Información Territorial,IGN