anio_acci,nro_acci,fecha,desc_dia,fecha_aprox,hora_aprox,desc_ruta,km,cant_participantes,desc_participante,calle_avenida_km,total,heridos_leves,heridos_graves,heridos_gravisimos,ilesos,fallecidos,sin_datos,posicion_XY,desc_tipo_via,desc_ruta_ori,desc_loc,desc_dpto,desc_tipo_calzada,desc_tipo_banquina,desc_unidad_regional,desc_lugar_calzada,desc_zona,desc_prioridad,desc_estado_semaforo,desc_lugar_via,desc_estado_via,desc_estado_visibilidad,desc_luminosidad,desc_estado_clima,desc_tipo_colision,desc_tipo_atropello,desc_tipo_hecho,desc_pres_calzada,desc_senializacion,desc_separacion_via,desc_restriccion,forma_geocod,calle_lista,numero_calles,calles_osm,lat,lon,index_right,gid,fna,gna,nam,in1,fdc,sag
2014,2365,2014-03-25,Martes,0.0,10:00:00,,0.0,2,"Bicicleta,Pickup/Utilitario",Bv. Segui Y Rio De Janeiro,2,0,1,0,1,0,0,,Avenida,,ROSARIO,Rosario,Asfalto,No existe,II,Dentro,Urbana,Ninguna,No existe,Intersección,Bueno,Buena,Diurna,Buen Tiempo,Lateral,S/D,Atropello,Ninguna,Faltante,Cordón divisorio,Sin restricción,POINT (-60.688717075 -32.971499525),"['Bulevar Juan Francisco Seguí', 'Río de Janeiro']",2,Bulevar Juan Francisco Seguí; Río de Janeiro,-32.971499525,-60.688717075,55.0,538.0,Municipio Rosario,Municipio,Rosario,820210,Servicio de Catastro e Información Territorial,IGN
2014,2368,2014-03-13,Jueves,0.0,21:30:00,,0.0,2,"Moto/Ciclomotor,Automóvil",Av. Battle y Ordoñez Y Entre Rios,2,1,0,0,1,0,0,,Avenida,,ROSARIO,Rosario,Asfalto,S/D,II,Dentro,Urbana,Ninguna,No existe,Intersección,Bueno,Buena,Nocturna,Otro,Otro,S/D,Colisión,Ninguna,Horizontal,Cordón divisorio,Sin restricción,POINT (-60.651645650000006 -33.00894785),"['Avenida Battle y Ordoñez', 'Entre Ríos']",2,Avenida Battle y Ordoñez; Entre Ríos,-33.00894785,-60.651645650000006,55.0,538.0,Municipio Rosario,Municipio,Rosario,820210,Servicio de Catastro e Información Territorial,IGN
2014,2377,2014-03-22,Sabado,0.0,13:00:00,,0.0,3,"Automóvil,Automóvil,Automóvil",Av. Pellegrini 1000,6,4,0,0,2,0,0,,Calle,,ROSARIO,Rosario,Asfalto,S/D,II,Dentro,Urbana,Semáforo,Funciona,Recta,Bueno,Buena,Diurna,Buen Tiempo,Múltiple,S/D,Colisión,S/D,Vertical,Cordón divisorio,Sin restricción,"-32.9574672, -60.6393083",['Pellegrini 1000'],1,Pellegrini 1000,-32.9574672,-60.6393083,55.0,538.0,Municipio Rosario,Municipio,Rosario,820210,Servicio de Catastro e Información Territorial,IGN
2014,2378,2014-03-14,Viernes,0.0,21:00:00,,0.0,2,"Moto/Ciclomotor,Automóvil",Bv. Segui Y Crespo,5,2,0,0,3,0,0,,Avenida,,ROSARIO,Rosario,Asfalto,No existe,II,Dentro,Urbana,Ninguna,No existe,Intersección,Bueno,Buena,Nocturna,Buen Tiempo,S/D,S/D,Colisión,Ninguna,Faltante,Barrera de hormigón,Sin restricción,POINT (-60.676448699999995 -32.973707299999994),"['Bulevar Juan Francisco Seguí', 'Crespo']",2,Bulevar Juan Francisco Seguí; Crespo,-32.973707299999994,-60.6764487,55.0,538.0,Municipio Rosario,Municipio,Rosario,820210,Servicio de Catastro e Información Territorial,IGN
2014,2379,2014-03-08,Sabado,0.0,,,0.0,1,Automóvil,Santiago Y San Luis,4,1,0,0,3,0,0,,Calle,,ROSARIO,Rosario,Asfalto,S/D,II,Dentro,Urbana,S/D,S/D,Intersección,S/D,S/D,S/D,S/D,S/D,S/D,Vuelco,S/D,S/D,S/D,S/D,POINT (-60.656666 -32.945839899999996),"['Santiago', 'San Luis']",2,Santiago; San Luis,-32.9458399,-60.656666,55.0,538.0,Municipio Rosario,Municipio,Rosario,820210,Servicio de Catastro e Información Territorial,IGN
2014,2381,2014-03-07,Viernes,0.0,,,0.0,2,"Automóvil,Moto/Ciclomotor",Montevideo Y Castellanos,3,2,0,0,1,0,0,,Calle,,ROSARIO,Rosario,Asfalto,S/D,II,Dentro,Urbana,S/D,S/D,Intersección,S/D,S/D,S/D,S/D,S/D,S/D,Colisión,S/D,S/D,S/D,S/D,POINT (-60.67753410000001 -32.9495461),"['Montevideo', 'Aaron Castellanos']",2,Montevideo; Aaron Castellanos,-32.9495461,-60.67753410000001,55.0,538.0,Municipio Rosario,Municipio,Rosario,820210,Servicio de Catastro e Información Territorial,IGN
2014,2383,2014-03-15,Sabado,0.0,18:30:00,,0.0,2,"Moto/Ciclomotor,Automóvil",MENCHACA Y ARDEOPA,2,1,0,0,1,0,0,,Calle,,ROSARIO,Rosario,Asfalto,S/D,II,Dentro,Urbana,S/D,S/D,Intersección,Bueno,Buena,Diurna,Buen Tiempo,Otro,S/D,Colisión,Ninguna,S/D,S/D,Sin restricción,POINT (-60.6433871 -33.0113045),"['Menchaca', 'Alfredo de Arteaga']",2,Menchaca; Alfredo de Arteaga,-33.0113045,-60.6433871,55.0,538.0,Municipio Rosario,Municipio,Rosario,820210,Servicio de Catastro e Información Territorial,IGN
2014,2384,2014-03-11,Martes,0.0,07:30:00,,0.0,2,"Moto/Ciclomotor,Automóvil",Av. Francia Y Calle 1211,2,1,0,0,1,0,0,,Calle,,ROSARIO,Rosario,Asfalto,No existe,II,S/D,Urbana,Ninguna,No existe,Intersección,Bueno,Buena,Amanecer,Buen Tiempo,S/D,S/D,Colisión,Ninguna,Faltante,Cordón divisorio,Sin restricción,POINT (-60.6762336 -32.98286985),"['Avenida Francia', 'Néstor Ferraza']",2,Avenida Francia; Néstor Ferraza,-32.98286985,-60.6762336,55.0,538.0,Municipio Rosario,Municipio,Rosario,820210,Servicio de Catastro e Información Territorial,IGN
2014,2387,2014-03-07,Viernes,0.0,,,0.0,2,"Automóvil,Moto/Ciclomotor",Rodriguez Y E.Zeballos,3,2,0,0,1,0,0,,Calle,,ROSARIO,Rosario,Asfalto,S/D,II,Dentro,Urbana,S/D,S/D,Intersección,S/D,S/D,S/D,S/D,S/D,S/D,Colisión,S/D,S/D,S/D,S/D,POINT (-60.6608622 -32.9513173),"['Rodríguez', 'Zeballos']",2,Rodríguez de Escobedo; Zeballos,-32.9513173,-60.6608622,55.0,538.0,Municipio Rosario,Municipio,Rosario,820210,Servicio de Catastro e Información Territorial,IGN
2014,2389,2014-03-06,Jueves,0.0,08:50:00,,0.0,2,"Automóvil,Pickup/Utilitario",Bv. Segui Y Av. Ovidio Lagos,2,1,0,0,1,0,0,,Avenida,,ROSARIO,Rosario,Asfalto,No existe,II,Dentro,Urbana,Semáforo,Funciona,Intersección,Bueno,Buena,Diurna,Buen Tiempo,De alcance,S/D,Colisión,Ninguna,Faltante,Cordón divisorio,Sin restricción,POINT (-60.66940506666668 -32.97496616666667),"['Bulevar Juan Francisco Seguí', 'Avenida Ovidio Lagos']",2,Bulevar Juan Francisco Seguí; Avenida Ovidio Lagos,-32.97496616666667,-60.66940506666668,55.0,538.0,Municipio Rosario,Municipio,Rosario,820210,Servicio de Catastro e Información Territorial,IGN
2014,2391,2014-03-03,Lunes,0.0,,,0.0,2,"Automóvil,Moto/Ciclomotor",Av. Avellaneda B Y Av. Pellegrini,3,2,0,0,1,0,0,,Calle,,ROSARIO,Rosario,Asfalto,S/D,II,Dentro,Urbana,S/D,S/D,Intersección,S/D,S/D,S/D,S/D,S/D,S/D,Colisión,S/D,S/D,S/D,S/D,POINT (-60.68184480000001 -32.949949249999996),"['Avellaneda', 'Pellegrini']",2,Bulevar Nicolás Avellaneda; Avenida Carlos Pellegrini,-32.94994925,-60.68184480000001,55.0,538.0,Municipio Rosario,Municipio,Rosario,820210,Servicio de Catastro e Información Territorial,IGN
2014,2392,2014-03-15,Sabado,0.0,19:00:00,,0.0,2,"Moto/Ciclomotor,Automóvil",Laprida Y Muñoz,2,1,0,0,1,0,0,,Calle,,ROSARIO,Rosario,Asfalto,S/D,II,Dentro,Urbana,S/D,No existe,Recta,Bueno,Buena,Diurna,Buen Tiempo,Otro,S/D,Colisión,S/D,Horizontal,S/D,Sin restricción,POINT (-60.64676480000001 -33.0083116),"['Laprida', 'Muñoz']",2,Francisco Narciso Laprida; Osella Muñoz,-33.0083116,-60.64676480000001,55.0,538.0,Municipio Rosario,Municipio,Rosario,820210,Servicio de Catastro e Información Territorial,IGN
2014,2393,2014-03-03,Lunes,0.0,06:20:00,,0.0,2,"Automóvil,Automóvil",Cafferata Y Montevideo,3,1,0,0,2,0,0,,Calle,,ROSARIO,Rosario,Asfalto,S/D,II,Dentro,Urbana,S/D,S/D,Intersección,S/D,S/D,S/D,S/D,S/D,S/D,Colisión,S/D,S/D,S/D,S/D,POINT (-60.67339379999999 -32.950285199999996),"['Cafferata', 'Montevideo']",2,Cafferata; Montevideo,-32.9502852,-60.67339379999999,55.0,538.0,Municipio Rosario,Municipio,Rosario,820210,Servicio de Catastro e Información Territorial,IGN
2014,2395,2014-03-05,Miercoles,0.0,20:20:00,,0.0,2,"Automóvil,Moto/Ciclomotor",San Juan Y Gutenberg,4,3,0,0,1,0,0,,Calle,,ROSARIO,Rosario,Asfalto,S/D,II,Dentro,Urbana,S/D,S/D,Intersección,S/D,S/D,Nocturna,S/D,S/D,S/D,Colisión,S/D,S/D,S/D,S/D,POINT (-60.6882278 -32.941398),"['San Juan', 'Gutenberg']",2,San Juan; Gutenberg,-32.941398,-60.6882278,55.0,538.0,Municipio Rosario,Municipio,Rosario,820210,Servicio de Catastro e Información Territorial,IGN
2014,2399,2014-03-01,Sabado,0.0,11:50:00,,0.0,2,"Taxi/Remis,Automóvil",Montevideo Y Crespo,4,3,0,0,1,0,0,,Calle,,ROSARIO,Rosario,Asfalto,S/D,II,Dentro,Urbana,S/D,S/D,Intersección,S/D,S/D,Diurna,S/D,S/D,S/D,Colisión,S/D,S/D,S/D,S/D,POINT (-60.67066460000001 -32.950771199999984),"['Montevideo', 'Crespo']",2,Montevideo; Crespo,-32.950771199999984,-60.67066460000001,55.0,538.0,Municipio Rosario,Municipio,Rosario,820210,Servicio de Catastro e Información Territorial,IGN
2014,2405,2014-03-17,Lunes,0.0,11:15:00,,0.0,2,"Peatón,Moto/Ciclomotor",Copihue Y Ceibo,2,1,0,0,0,0,1,,Calle,,ROSARIO,Rosario,Asfalto,S/D,II,Dentro,Urbana,S/D,No existe,Intersección,Bueno,Buena,Diurna,Buen Tiempo,S/D,S/D,Atropello,Ninguna,Horizontal,S/D,S/D,POINT (-60.6546447 -33.013467),"['Copihue', 'Ceibo']",2,Copihue; El Ceibo,-33.013467,-60.6546447,55.0,538.0,Municipio Rosario,Municipio,Rosario,820210,Servicio de Catastro e Información Territorial,IGN
2014,2434,2014-03-02,Domingo,0.0,20:50:00,,0.0,2,"Peatón,Moto/Ciclomotor",Laprida Y Caupolican,3,1,0,0,2,0,0,,Calle,,ROSARIO,Rosario,Asfalto,No existe,II,Dentro,Urbana,Ninguna,No existe,Intersección,Bueno,Buena,Nocturna,Otro,S/D,S/D,Atropello,Ninguna,Horizontal,S/D,Sin restricción,POINT (-60.64672910000001 -33.00987609999999),"['Laprida', 'Caupolicán']",2,Francisco Narciso Laprida; Caupolicán,-33.00987609999999,-60.64672910000001,55.0,538.0,Municipio Rosario,Municipio,Rosario,820210,Servicio de Catastro e Información Territorial,IGN
2014,2436,2014-03-04,Martes,0.0,17:35:00,,0.0,2,"Moto/Ciclomotor,Automóvil",Av. Arijon Y San Martin,2,1,0,0,0,0,1,,Calle,,ROSARIO,Rosario,Asfalto,S/D,II,Dentro,Urbana,Ninguna,Funciona,Intersección,Bueno,Buena,Diurna,Otro,S/D,S/D,Colisión,S/D,Vertical,Cordón divisorio,Sin restricción,POINT (-60.649363550000004 -33.003052149999995),"['Avenida Manuel Arijón', 'San Martin']",2,Avenida Manuel Arijón; José de San Martín,-33.003052149999995,-60.64936355,55.0,538.0,Municipio Rosario,Municipio,Rosario,820210,Servicio de Catastro e Información Territorial,IGN
2014,2438,2014-03-09,Domingo,0.0,15:00:00,,0.0,2,"Automóvil,Moto/Ciclomotor",Paraguay Y Caña De Ambar,2,0,0,0,1,0,1,,Calle,,ROSARIO,Rosario,Asfalto,S/D,II,Dentro,Urbana,S/D,No existe,Intersección,Bueno,Buena,Diurna,Otro,S/D,S/D,Colisión,Ninguna,Horizontal,S/D,Sin restricción,POINT (-60.6541171 -33.01496579999999),"['Paraguay', 'Caña de Ambar']",2,Paraguay; Caña de Ambar,-33.01496579999999,-60.6541171,55.0,538.0,Municipio Rosario,Municipio,Rosario,820210,Servicio de Catastro e Información Territorial,IGN
2014,2440,2014-03-10,Lunes,0.0,18:00:00,,0.0,2,"Moto/Ciclomotor,Automóvil",Av. Corrientes 5900,3,2,0,0,1,0,0,,Avenida,,ROSARIO,Rosario,Asfalto,S/D,II,Dentro,Urbana,Ninguna,No existe,Recta,Bueno,Buena,Diurna,S/D,S/D,S/D,Colisión,Ninguna,Horizontal,S/D,Sin restricción,"-32.990913, -60.6537067",['Corrientes 5900'],1,Corrientes 5900,-32.990913,-60.6537067,55.0,538.0,Municipio Rosario,Municipio,Rosario,820210,Servicio de Catastro e Información Territorial,IGN
2014,2442,2014-03-17,Lunes,0.0,14:00:00,,0.0,2,"Moto/Ciclomotor,Automóvil",Rafael Arrieta Y Pje. Humahuaca,2,0,1,0,1,0,0,,Calle,,ROSARIO,Rosario,Asfalto,S/D,II,Dentro,Urbana,Ninguna,No existe,Intersección,Bueno,Buena,Diurna,S/D,S/D,S/D,Colisión,Ninguna,Horizontal,S/D,Sin restricción,POINT (-60.6536901 -33.0096378),"['Rafael Arrieta', 'Humahuaca']",2,Rafael Arrieta; Humahuaca,-33.0096378,-60.6536901,55.0,538.0,Municipio Rosario,Municipio,Rosario,820210,Servicio de Catastro e Información Territorial,IGN
2014,2444,2014-03-19,Miercoles,0.0,11:30:00,,0.0,2,"Moto/Ciclomotor,Camión",Av. Battle y Ordoñez Y Av. Bermudez,2,1,0,0,1,0,0,,Avenida,,ROSARIO,Rosario,Asfalto,S/D,II,Dentro,Urbana,Ninguna,S/D,Intersección,Bueno,Buena,Diurna,S/D,S/D,S/D,Colisión,Ninguna,Horizontal,S/D,Sin restricción,POINT (-60.642303600000005 -33.00874819999999),"['Avenida Battle y Ordoñez', 'Bermudez']",2,Avenida Battle y Ordoñez; Avenida José Bermúdez,-33.00874819999999,-60.642303600000005,55.0,538.0,Municipio Rosario,Municipio,Rosario,820210,Servicio de Catastro e Información Territorial,IGN
2014,2453,2014-04-01,Martes,0.0,08:05:00,,0.0,2,"Automóvil,Moto/Ciclomotor",Av. Pellegrini Y Alsina,3,2,0,0,1,0,0,,Calle,,ROSARIO,Rosario,Asfalto,S/D,II,Dentro,Urbana,S/D,S/D,Intersección,S/D,S/D,Diurna,S/D,S/D,S/D,Colisión,S/D,S/D,S/D,S/D,POINT (-60.67913495 -32.950431099999996),"['Pellegrini', 'Alsina']",2,Avenida Carlos Pellegrini; Alsina,-32.9504311,-60.67913495,55.0,538.0,Municipio Rosario,Municipio,Rosario,820210,Servicio de Catastro e Información Territorial,IGN
2014,2454,2014-03-10,Lunes,0.0,19:55:00,,0.0,2,"Moto/Ciclomotor,Moto/Ciclomotor",Buenos Aires Y Av. Battle y Ordoñez,3,2,0,0,1,0,0,,Avenida,,ROSARIO,Rosario,Asfalto,S/D,II,Dentro,Urbana,Ninguna,No existe,Recta,Bueno,Buena,Nocturna,Otro,Otro,S/D,Colisión,Ninguna,Horizontal,Cordón divisorio,Sin restricción,POINT (-60.6446941 -33.00881379999999),"['Buenos Aires', 'Avenida Battle y Ordoñez']",2,Buenos Aires; Avenida Battle y Ordoñez,-33.00881379999999,-60.6446941,55.0,538.0,Municipio Rosario,Municipio,Rosario,820210,Servicio de Catastro e Información Territorial,IGN
2014,2457,2014-03-17,Lunes,0.0,22:35:00,,0.0,2,"Vehículo Oficial,Automóvil",Junin 1800,3,2,0,0,1,0,0,,Calle,,ROSARIO,Rosario,Asfalto,No existe,II,Dentro,Urbana,S/D,S/D,Intersección,S/D,S/D,Nocturna,S/D,S/D,S/D,Colisión,S/D,S/D,S/D,S/D,"-32.9268383, -60.6887385",['Junin 1800'],1,Junin 1800,-32.9268383,-60.6887385,55.0,538.0,Municipio Rosario,Municipio,Rosario,820210,Servicio de Catastro e Información Territorial,IGN
2014,2458,2014-04-01,Martes,0.0,08:40:00,,0.0,2,"Automóvil,Moto/Ciclomotor",San Luis Y Crespo,2,1,0,0,1,0,0,,Calle,,ROSARIO,Rosario,Asfalto,S/D,II,Dentro,Urbana,S/D,S/D,Intersección,S/D,S/D,Diurna,S/D,S/D,S/D,Colisión,S/D,S/D,S/D,S/D,POINT (-60.668872300000004 -32.9436884),"['San Luis', 'Crespo']",2,San Luis; Crespo,-32.9436884,-60.6688723,55.0,538.0,Municipio Rosario,Municipio,Rosario,820210,Servicio de Catastro e Información Territorial,IGN
2014,2460,2014-04-24,Jueves,0.0,12:30:00,,0.0,2,"Automóvil,Automóvil",Montevideo 1200,2,1,0,0,1,0,0,,Calle,,ROSARIO,Rosario,Asfalto,S/D,II,Dentro,Urbana,S/D,S/D,Recta,Bueno,Buena,Diurna,Buen Tiempo,De alcance,S/D,Colisión,S/D,S/D,Cordón divisorio,S/D,"-32.9558622, -60.6419088",['Montevideo 1200'],1,Montevideo 1200,-32.9558622,-60.6419088,55.0,538.0,Municipio Rosario,Municipio,Rosario,820210,Servicio de Catastro e Información Territorial,IGN
2014,2463,2014-04-01,Martes,0.0,16:30:00,,0.0,2,"Peatón,Taxi/Remis",Av. Francia Y San Luis,2,1,0,0,1,0,0,,Avenida,,ROSARIO,Rosario,S/D,S/D,II,Dentro,Urbana,S/D,S/D,Intersección,S/D,S/D,Diurna,S/D,S/D,S/D,Atropello,S/D,S/D,S/D,S/D,POINT (-60.66618015 -32.9441667),"['Avenida Francia', 'San Luis']",2,Avenida Francia; San Luis,-32.9441667,-60.66618015,55.0,538.0,Municipio Rosario,Municipio,Rosario,820210,Servicio de Catastro e Información Territorial,IGN
2014,2466,2014-04-15,Martes,0.0,20:30:00,,0.0,2,"Vehículo Oficial,Automóvil",Rioja 700,2,1,0,0,1,0,0,,Calle,,ROSARIO,Rosario,Asfalto,S/D,II,Dentro,Urbana,S/D,S/D,Recta,Bueno,Buena,Nocturna,Buen Tiempo,De alcance,S/D,Colisión,S/D,S/D,Barrera de alto impacto,S/D,"-32.9487728, -60.6329349",['Rioja 700'],1,Rioja 700,-32.9487728,-60.6329349,55.0,538.0,Municipio Rosario,Municipio,Rosario,820210,Servicio de Catastro e Información Territorial,IGN
2014,2467,2014-03-15,Sabado,0.0,20:30:00,,0.0,2,"Bicicleta,Automóvil",Patricios Y Arteaga,2,1,0,0,1,0,0,,Calle,,ROSARIO,Rosario,Asfalto,S/D,II,Dentro,Urbana,Ninguna,No existe,Intersección,Bueno,Buena,Nocturna,Otro,Otro,S/D,Colisión,Ninguna,Horizontal,Cordón divisorio,Sin restricción,POINT (-60.643425 -33.01079279999998),"['Patricios', 'Arteaga']",2,Patricios; Alfredo de Arteaga,-33.01079279999998,-60.643425,55.0,538.0,Municipio Rosario,Municipio,Rosario,820210,Servicio de Catastro e Información Territorial,IGN
2014,2470,2014-04-12,Sabado,0.0,11:00:00,,0.0,2,"Taxi/Remis,Pickup/Utilitario",L.N.Alem Y 3 De Febrero,2,2,0,0,0,0,0,,Calle,,ROSARIO,Rosario,Asfalto,S/D,II,Dentro,Urbana,S/D,S/D,Intersección,Bueno,S/D,Diurna,S/D,Lateral,S/D,Colisión,S/D,S/D,Cordón divisorio,S/D,POINT (-60.6299037 -32.95446179999999),"['Alem', '3 de Febrero']",2,Leandro N. Alem; 3 de Febrero,-32.95446179999999,-60.6299037,55.0,538.0,Municipio Rosario,Municipio,Rosario,820210,Servicio de Catastro e Información Territorial,IGN
2014,2472,2014-04-04,Viernes,0.0,15:30:00,,0.0,2,"Bicicleta,Automóvil",Pueyrredon Y San Luis,2,1,0,0,1,0,0,,Calle,,ROSARIO,Rosario,Asfalto,S/D,II,Dentro,Urbana,S/D,S/D,Intersección,S/D,S/D,S/D,S/D,S/D,S/D,Atropello,S/D,S/D,S/D,S/D,POINT (-60.6580233 -32.945603899999995),"['Pueyrredón', 'San Luis']",2,Pueyrredón; San Luis,-32.945603899999995,-60.6580233,55.0,538.0,Municipio Rosario,Municipio,Rosario,820210,Servicio de Catastro e Información Territorial,IGN
2014,2475,2014-04-11,Viernes,0.0,13:50:00,,0.0,2,"Moto/Ciclomotor,Bicicleta",Av. De La Libertad Y San Juan,3,2,0,0,1,0,0,,Calle,,ROSARIO,Rosario,Asfalto,S/D,II,Dentro,Urbana,S/D,S/D,Intersección,Bueno,Buena,Diurna,Buen Tiempo,S/D,S/D,Atropello,S/D,S/D,Cordón divisorio,S/D,POINT (-60.6279432 -32.9522997),"['De La Libertad', 'San Juan']",2,Avenida de la Libertad; San Juan,-32.9522997,-60.6279432,55.0,538.0,Municipio Rosario,Municipio,Rosario,820210,Servicio de Catastro e Información Territorial,IGN
2014,2478,2014-04-07,Lunes,0.0,12:30:00,,0.0,2,"Taxi/Remis,Pickup/Utilitario",Italia Y San Juan,2,1,0,0,1,0,0,,Calle,,ROSARIO,Rosario,Asfalto,S/D,II,Dentro,Urbana,Ninguna,No existe,Recta,Bueno,Buena,Diurna,Buen Tiempo,Frontal,S/D,Colisión,S/D,Faltante,Cordón divisorio,Sin restricción,POINT (-60.64880240000001 -32.948424),"['Italia', 'San Juan']",2,Italia; San Juan,-32.948424,-60.64880240000001,55.0,538.0,Municipio Rosario,Municipio,Rosario,820210,Servicio de Catastro e Información Territorial,IGN
2014,2482,2014-04-09,Miercoles,0.0,08:30:00,,0.0,2,"Moto/Ciclomotor,Automóvil",Mendoza Y Mitre,3,2,0,0,1,0,0,,Calle,,ROSARIO,Rosario,Asfalto,S/D,II,Dentro,Urbana,Ninguna,No existe,Recta,Bueno,Buena,Diurna,Buen Tiempo,Frontal,S/D,Colisión,S/D,Faltante,Cordón divisorio,Sin restricción,POINT (-60.640847900000004 -32.95123559999999),"['Mendoza', 'Mitre']",2,Mendoza; Bartolomé Mitre,-32.95123559999999,-60.6408479,55.0,538.0,Municipio Rosario,Municipio,Rosario,820210,Servicio de Catastro e Información Territorial,IGN
2014,2485,2014-04-04,Viernes,0.0,17:50:00,,0.0,2,"Peatón,Automóvil",Servando Bayo Y Marcos Paz,2,1,0,0,1,0,0,,Calle,,ROSARIO,Rosario,Asfalto,No existe,II,Dentro,Urbana,Otra Señal,No existe,S/D,Bueno,Buena,Diurna,Buen Tiempo,S/D,S/D,Atropello,Otro,Horizontal,S/D,Sin restricción,POINT (-60.68568170000001 -32.94256669999999),"['Servando Bayo', 'Marcos Paz']",2,Servando Bayo; Marcos Paz,-32.94256669999999,-60.68568170000001,55.0,538.0,Municipio Rosario,Municipio,Rosario,820210,Servicio de Catastro e Información Territorial,IGN
2014,2487,2014-04-06,Domingo,0.0,04:00:00,,0.0,2,"Automóvil,Taxi/Remis",Rioja Y Av. Corrientes,3,1,0,0,2,0,0,,Calle,,ROSARIO,Rosario,Asfalto,S/D,II,Dentro,Urbana,Semáforo,Intermitente,Intersección,Bueno,Buena,"Nocturna,Con luz artificial",Buen Tiempo,Lateral,S/D,Colisión,S/D,Vertical,Cordón divisorio,Sin restricción,POINT (-60.6426087 -32.94686299999999),"['Rioja', 'Corrientes']",2,Rioja; Corrientes,-32.94686299999999,-60.6426087,55.0,538.0,Municipio Rosario,Municipio,Rosario,820210,Servicio de Catastro e Información Territorial,IGN
2014,2491,2014-04-05,Sabado,0.0,12:10:00,,0.0,2,"Automóvil,Automóvil",Santa Fe Y Balcarce,3,2,0,0,1,0,0,,Calle,,ROSARIO,Rosario,Asfalto,No existe,II,Dentro,Urbana,Semáforo,Funciona,Recta,Bueno,Buena,Diurna,Buen Tiempo,Frontal,S/D,Colisión,S/D,Vertical,Cordón divisorio,Sin restricción,POINT (-60.65159370000001 -32.94261169999999),"['Santa Fe', 'Balcarce']",2,Santa Fe; Balcarce,-32.94261169999999,-60.65159370000001,55.0,538.0,Municipio Rosario,Municipio,Rosario,820210,Servicio de Catastro e Información Territorial,IGN
2014,2498,2014-04-04,Viernes,0.0,17:50:00,,0.0,2,"Peatón,Otros",Av. Ovidio Lagos Y Montevideo,2,1,0,0,1,0,0,,Calle,,ROSARIO,Rosario,Asfalto,No existe,II,Dentro,Urbana,Otra Señal,Funciona,Recta,Bueno,Reducida polvo,Diurna,Buen Tiempo,S/D,S/D,Atropello,S/D,Horizontal,Barrera de hormigón,Sin restricción,POINT (-60.663899 -32.95198729999999),"['Avenida Ovidio Lagos', 'Montevideo']",2,Avenida Ovidio Lagos; Montevideo,-32.95198729999999,-60.663899,55.0,538.0,Municipio Rosario,Municipio,Rosario,820210,Servicio de Catastro e Información Territorial,IGN
2014,2500,2014-04-07,Lunes,0.0,08:45:00,,0.0,2,"Peatón,Moto/Ciclomotor",Av. Pellegrini Y San Martin,3,2,0,0,1,0,0,,Avenida,,ROSARIO,Rosario,Asfalto,S/D,II,Dentro,Urbana,Semáforo,Funciona,Intersección,Bueno,Buena,Diurna,Buen Tiempo,S/D,S/D,Atropello,S/D,Vertical,Cordón divisorio,Sin restricción,POINT (-60.68038573333334 -32.9696798),"['Pellegrini', 'San Martin']",2,Avenida Carlos Pellegrini; José de San Martín,-32.9696798,-60.68038573333334,55.0,538.0,Municipio Rosario,Municipio,Rosario,820210,Servicio de Catastro e Información Territorial,IGN
2014,2501,2014-03-10,Lunes,0.0,11:30:00,,0.0,3,"Bicicleta,Peatón,Automóvil",Av. Battle y Ordoñez Y Paraguay,3,1,1,0,1,0,0,,Avenida,,ROSARIO,Rosario,Asfalto,S/D,II,Dentro,Urbana,Ninguna,No existe,Recta,Bueno,Buena,Diurna,Otro,Múltiple,S/D,"Colisión,Atropello",S/D,Horizontal,Cordón divisorio,Sin restricción,POINT (-60.65444640000001 -33.0090283),"['Avenida Battle y Ordoñez', 'Paraguay']",2,Avenida Battle y Ordoñez; Paraguay,-33.0090283,-60.65444640000001,55.0,538.0,Municipio Rosario,Municipio,Rosario,820210,Servicio de Catastro e Información Territorial,IGN
2014,2503,2014-04-07,Lunes,0.0,22:00:00,,0.0,2,"Transporte de Pasajeros Larga Distancia (> 8 asientos),Automóvil",Mendoza Y Bv. Avellaneda,2,1,0,0,1,0,0,,Calle,,ROSARIO,Rosario,Asfalto,Pavimento,II,Dentro,Urbana,Paso Peatonal,No existe,S/D,Bueno,Reducida polvo,Nocturna,Buen Tiempo,Otro,S/D,S/D,S/D,Horizontal,Guardarrail,Sin restricción,POINT (-60.680421100000004 -32.94423964999999),"['Mendoza', 'Avellaneda']",2,Mendoza; Bulevar Nicolás Avellaneda,-32.94423964999999,-60.6804211,55.0,538.0,Municipio Rosario,Municipio,Rosario,820210,Servicio de Catastro e Información Territorial,IGN
2014,2505,2014-04-12,Sabado,0.0,18:00:00,,0.0,2,"Moto/Ciclomotor,Automóvil",Valparaiso 900,2,1,0,0,1,0,0,,Calle,,ROSARIO,Rosario,Asfalto,S/D,II,Dentro,Urbana,S/D,S/D,Recta,S/D,S/D,Diurna,S/D,Contra objeto fijo,S/D,Colisión,S/D,S/D,S/D,S/D,"-32.9396308, -60.6821864",['Valparaiso 900'],1,Valparaiso 900,-32.9396308,-60.6821864,55.0,538.0,Municipio Rosario,Municipio,Rosario,820210,Servicio de Catastro e Información Territorial,IGN
2014,2509,2014-04-03,Jueves,0.0,11:35:00,,0.0,2,"Peatón,Automóvil",3 De Febrero Y San Nicolas,2,1,0,0,1,0,0,,Calle,,ROSARIO,Rosario,Asfalto,S/D,II,Dentro,Urbana,S/D,S/D,Intersección,S/D,S/D,Diurna,S/D,S/D,S/D,Atropello,S/D,S/D,S/D,S/D,POINT (-60.6739228 -32.94667499999999),"['3 de Febrero', 'San Nicolás']",2,3 de Febrero; San Nicolás,-32.94667499999999,-60.6739228,55.0,538.0,Municipio Rosario,Municipio,Rosario,820210,Servicio de Catastro e Información Territorial,IGN