anio_acci,nro_acci,fecha,desc_dia,fecha_aprox,hora_aprox,desc_ruta,km,cant_participantes,desc_participante,calle_avenida_km,total,heridos_leves,heridos_graves,heridos_gravisimos,ilesos,fallecidos,sin_datos,posicion_XY,desc_tipo_via,desc_ruta_ori,desc_loc,desc_dpto,desc_tipo_calzada,desc_tipo_banquina,desc_unidad_regional,desc_lugar_calzada,desc_zona,desc_prioridad,desc_estado_semaforo,desc_lugar_via,desc_estado_via,desc_estado_visibilidad,desc_luminosidad,desc_estado_clima,desc_tipo_colision,desc_tipo_atropello,desc_tipo_hecho,desc_pres_calzada,desc_senializacion,desc_separacion_via,desc_restriccion,forma_geocod,calle_lista,numero_calles,calles_osm,lat,lon,index_right,gid,fna,gna,nam,in1,fdc,sag
2014,2513,2014-04-01,Martes,0.0,17:00:00,,0.0,2,"Automóvil,Moto/Ciclomotor",Iriondo Y Montevideo,3,0,0,2,1,0,0,,Calle,,ROSARIO,Rosario,Asfalto,No existe,II,Dentro,Urbana,Otra Señal,No existe,S/D,Bueno,Buena,Diurna,Buen Tiempo,Otro,S/D,Colisión,Otro,Vertical,Cordón divisorio,Sin restricción,POINT (-60.6720567 -32.9505233),"['Iriondo', 'Montevideo']",2,Iriondo; Montevideo,-32.9505233,-60.6720567,55.0,538.0,Municipio Rosario,Municipio,Rosario,820210,Servicio de Catastro e Información Territorial,IGN
2014,2514,2014-04-11,Viernes,0.0,14:20:00,,0.0,3,"Automóvil,Automóvil,Pickup/Utilitario",Mendoza Y Ecuador,4,1,0,0,3,0,0,,Avenida,,ROSARIO,Rosario,Asfalto,No existe,II,Dentro,Urbana,Semáforo,Funciona,Intersección,Bueno,Buena,Diurna,Buen Tiempo,Lateral,S/D,Colisión,Ninguna,Vertical,Ninguna,Sin restricción,POINT (-60.71499095 -32.9402982),"['Mendoza', 'Ecuador']",2,Mendoza; Ecuador,-32.9402982,-60.71499095,55.0,538.0,Municipio Rosario,Municipio,Rosario,820210,Servicio de Catastro e Información Territorial,IGN
2014,2515,2014-04-28,Lunes,0.0,07:45:00,,0.0,2,"Automóvil,Peatón",Villa del Parque Y Robles,2,1,0,0,1,0,0,,S/D,,ROSARIO,Rosario,S/D,S/D,II,S/D,Urbana,S/D,S/D,S/D,S/D,S/D,Diurna,S/D,S/D,S/D,Atropello,S/D,S/D,S/D,S/D,POINT (-60.7284335 -32.87997970000001),"['Villa del Parque', 'Robles']",2,Villa del Parque; Robles,-32.87997970000001,-60.7284335,55.0,538.0,Municipio Rosario,Municipio,Rosario,820210,Servicio de Catastro e Información Territorial,IGN
2014,2521,2014-04-21,Lunes,0.0,04:00:00,,0.0,2,"Automóvil,Automóvil",Union Y Baigorria,4,3,1,0,0,0,0,,Calle,,ROSARIO,Rosario,Asfalto,No existe,II,S/D,Urbana,Ninguna,No existe,Intersección,Bueno,Buena,Nocturna,Buen Tiempo,Lateral,S/D,Colisión,Otro,Faltante,Ninguna,Sin restricción,POINT (-60.7031515 -32.89371549999999),"['Unión', 'Baigorria']",2,Unión; Baigorria,-32.89371549999999,-60.7031515,55.0,538.0,Municipio Rosario,Municipio,Rosario,820210,Servicio de Catastro e Información Territorial,IGN
2014,2522,2014-04-06,Domingo,0.0,10:00:00,,0.0,2,"Peatón,Automóvil",Ituzaingo Y Av. Provincias Unidas,2,1,0,0,1,0,0,,Calle,,ROSARIO,Rosario,Asfalto,No existe,II,Dentro,Urbana,Ninguna,No existe,Intersección,Bueno,Buena,Diurna,Lluvia,S/D,S/D,Atropello,Agua,Horizontal,Ninguna,Sin restricción,POINT (-60.712099249999994 -32.95218625),"['Ituzaingó', 'Avenida Provincias Unidas']",2,Ituzaingó; Avenida Provincias Unidas,-32.95218625,-60.71209925,55.0,538.0,Municipio Rosario,Municipio,Rosario,820210,Servicio de Catastro e Información Territorial,IGN
2014,2524,2014-04-10,Jueves,0.0,06:20:00,,0.0,2,"Automóvil,Automóvil",Mendoza Y Valparaiso,2,1,0,0,1,0,0,,Calle,,ROSARIO,Rosario,Asfalto,Pavimento,II,Dentro,Urbana,Otra Señal,Funciona,Recta,Bueno,Buena,Diurna,Buen Tiempo,S/D,S/D,S/D,Agua,Vertical,Barrera de hormigón,Sin restricción,POINT (-60.6831208 -32.9437541),"['Mendoza', 'Valparaíso']",2,Mendoza; Valparaíso,-32.9437541,-60.6831208,55.0,538.0,Municipio Rosario,Municipio,Rosario,820210,Servicio de Catastro e Información Territorial,IGN
2014,2527,2014-04-11,Viernes,0.0,19:55:00,,0.0,2,"Moto/Ciclomotor,Automóvil",San Juan Y Ricchieri,2,1,0,0,1,0,0,,Calle,,ROSARIO,Rosario,Asfalto,Pavimento,II,Dentro,Urbana,Otra Señal,Funciona,Recta,Bueno,Buena,Nocturna,Buen Tiempo,Lateral,S/D,Colisión,Otro,Horizontal,S/D,Sin restricción,POINT (-60.6637743 -32.9457443),"['San Juan', 'Ricchieri']",2,San Juan; Ricchieri,-32.9457443,-60.6637743,55.0,538.0,Municipio Rosario,Municipio,Rosario,820210,Servicio de Catastro e Información Territorial,IGN
2014,2529,2014-04-12,Sabado,0.0,20:25:00,,0.0,2,"Taxi/Remis,Moto/Ciclomotor",Av. Provincias Unidas Y Cerrito,2,1,0,0,1,0,0,,S/D,,ROSARIO,Rosario,Asfalto,No existe,II,Dentro,Urbana,Semáforo,Funciona,Intersección,Bueno,Buena,"Nocturna,Con luz artificial",Buen Tiempo,Lateral,S/D,Colisión,Ninguna,Vertical,Ninguna,Sin restricción,POINT (-60.7120531 -32.95333595),"['Avenida Provincias Unidas', 'Cerrito']",2,Avenida Provincias Unidas; Cerrito,-32.95333595,-60.7120531,55.0,538.0,Municipio Rosario,Municipio,Rosario,820210,Servicio de Catastro e Información Territorial,IGN
2014,2531,2014-04-11,Viernes,0.0,23:00:00,,0.0,2,"Moto/Ciclomotor,Automóvil",Montevideo Y Rodriguez,3,2,0,0,1,0,0,,Calle,,ROSARIO,Rosario,Asfalto,No existe,II,Dentro,Urbana,Otra Señal,No existe,Recta,Bueno,Buena,Nocturna,Buen Tiempo,S/D,S/D,S/D,S/D,Horizontal,Guardarrail,Sin restricción,POINT (-60.6611618 -32.9524613),"['Montevideo', 'Rodríguez']",2,Montevideo; Rodríguez de Escobedo,-32.9524613,-60.6611618,55.0,538.0,Municipio Rosario,Municipio,Rosario,820210,Servicio de Catastro e Información Territorial,IGN
2014,2532,2014-04-14,Lunes,0.0,13:25:00,,0.0,2,"Automóvil,Moto/Ciclomotor",Camino de los Granaderos ,2,1,0,0,1,0,0,,Avenida,,ROSARIO,Rosario,Asfalto,No existe,II,Dentro,Urbana,Semáforo,Funciona,Recta,Bueno,Buena,Diurna,Buen Tiempo,Lateral,S/D,Colisión,Ninguna,Faltante,Cordón divisorio,Sin restricción,"-32.8859965, -60.7100114",['Camino de los Granaderos'],1,Camino de los Granaderos,-32.8859965,-60.7100114,55.0,538.0,Municipio Rosario,Municipio,Rosario,820210,Servicio de Catastro e Información Territorial,IGN
2014,2533,2014-04-21,Lunes,0.0,16:30:00,,0.0,2,"Moto/Ciclomotor,Pickup/Utilitario",Av. Eva Peron 5800,3,2,0,0,1,0,0,,Avenida,,ROSARIO,Rosario,Asfalto,No existe,II,Dentro,Urbana,Ninguna,No existe,Recta,Bueno,Buena,Diurna,Buen Tiempo,Lateral,S/D,Colisión,Ninguna,Horizontal,Ninguna,Sin restricción,"-32.9332358, -60.7119331",['Eva Peron 5800'],1,Eva Peron 5800,-32.9332358,-60.7119331,55.0,538.0,Municipio Rosario,Municipio,Rosario,820210,Servicio de Catastro e Información Territorial,IGN
2014,2536,2014-04-12,Sabado,0.0,18:25:00,,0.0,2,"Automóvil,Automóvil",Av. Pellegrini Y San Nicolas,2,1,0,0,1,0,0,,Avenida,,ROSARIO,Rosario,Asfalto,Pavimento,II,Dentro,Urbana,Semáforo,Funciona,Recta,Bueno,Buena,Diurna,Buen Tiempo,Otro,S/D,Colisión,S/D,Horizontal,Barrera de hormigón,Sin restricción,POINT (-60.663254 -32.97802039999999),"['Pellegrini', 'San Nicolás']",2,Avenida Carlos Pellegrini; San Nicolás,-32.97802039999999,-60.663254,55.0,538.0,Municipio Rosario,Municipio,Rosario,820210,Servicio de Catastro e Información Territorial,IGN
2014,2538,2014-04-26,Sabado,0.0,11:20:00,,0.0,2,"Automóvil,Moto/Ciclomotor",Campbell Y Derqui,2,1,0,0,1,0,0,,Calle,,ROSARIO,Rosario,Asfalto,No existe,II,Dentro,Urbana,Ninguna,No existe,Intersección,Bueno,Buena,Diurna,Buen Tiempo,Lateral,S/D,Colisión,Ninguna,Horizontal,Ninguna,Sin restricción,POINT (-60.708047199999996 -32.937890599999996),"['Campbell', 'Derqui']",2,Campbell; Derqui,-32.9378906,-60.7080472,55.0,538.0,Municipio Rosario,Municipio,Rosario,820210,Servicio de Catastro e Información Territorial,IGN
2014,2541,2014-04-26,Sabado,0.0,19:30:00,,0.0,2,"Automóvil,Moto/Ciclomotor",Neuquen Y Av. Provincias Unidas,2,1,0,0,1,0,0,,Avenida,,ROSARIO,Rosario,Asfalto,No existe,II,S/D,Urbana,Ninguna,No existe,Intersección,Bueno,Buena,S/D,Buen Tiempo,Lateral,S/D,Colisión,Ninguna,Horizontal,Ninguna,Sin restricción,POINT (-60.71241810000001 -32.944582350000005),"['Neuquen', 'Avenida Provincias Unidas']",2,Neuquén; Avenida Provincias Unidas,-32.944582350000005,-60.71241810000001,55.0,538.0,Municipio Rosario,Municipio,Rosario,820210,Servicio de Catastro e Información Territorial,IGN
2014,2544,2014-04-17,Jueves,0.0,10:00:00,,0.0,2,"Moto/Ciclomotor,Automóvil",Av. Pellegrini Y Ricchieri,3,2,0,0,1,0,0,,Calle,,ROSARIO,Rosario,Asfalto,No existe,II,Dentro,Urbana,Ninguna,Funciona,Recta,Bueno,Buena,Diurna,Buen Tiempo,S/D,S/D,Colisión,Ninguna,Horizontal,Barrera de hormigón,Sin restricción,POINT (-60.661411533333336 -32.979310700000006),"['Pellegrini', 'Ricchieri']",2,Avenida Carlos Pellegrini; Ricchieri,-32.979310700000006,-60.661411533333336,55.0,538.0,Municipio Rosario,Municipio,Rosario,820210,Servicio de Catastro e Información Territorial,IGN
2014,2548,2014-04-23,Miercoles,0.0,06:30:00,,0.0,2,"Automóvil,Moto/Ciclomotor",Pje. Asuncion Y Campbell,2,1,0,0,1,0,0,,Calle,,ROSARIO,Rosario,Asfalto,No existe,II,Dentro,Urbana,Ninguna,No existe,Intersección,Bueno,Buena,Amanecer,Buen Tiempo,Lateral,S/D,Colisión,Ninguna,Horizontal,Ninguna,Sin restricción,POINT (-60.7073695 -32.9548161),"['Asunción', 'Campbell']",2,Asunción; Campbell,-32.9548161,-60.7073695,55.0,538.0,Municipio Rosario,Municipio,Rosario,820210,Servicio de Catastro e Información Territorial,IGN
2014,2550,2014-04-02,Miercoles,0.0,11:00:00,,0.0,2,"Automóvil,Pickup/Utilitario",Bv. 27 De Febrero Y Av. Provincias Unidas,2,2,0,0,0,0,0,,Avenida,,ROSARIO,Rosario,Asfalto,No existe,II,S/D,Urbana,Ninguna,Funciona,Intersección,Con baches,Buena,Diurna,Buen Tiempo,Lateral,S/D,Colisión,S/D,Faltante,S/D,Sin restricción,POINT (-60.711817525 -32.959359825),"['27 de Febrero', 'Avenida Provincias Unidas']",2,Bulevar 27 de Febrero; Avenida Provincias Unidas,-32.959359825,-60.711817525,55.0,538.0,Municipio Rosario,Municipio,Rosario,820210,Servicio de Catastro e Información Territorial,IGN
2014,2553,2014-03-27,Jueves,0.0,11:35:00,,0.0,2,"Moto/Ciclomotor,Automóvil",Patricios Y Melincue,3,2,0,0,1,0,0,,Calle,,ROSARIO,Rosario,Asfalto,S/D,II,Dentro,Urbana,Ninguna,No existe,Intersección,Bueno,Buena,Diurna,Otro,Otro,S/D,Colisión,Ninguna,Horizontal,Cordón divisorio,Sin restricción,POINT (-60.6475346 -33.010924599999996),"['Patricios', 'Melincué']",2,Patricios; Melincué,-33.0109246,-60.6475346,55.0,538.0,Municipio Rosario,Municipio,Rosario,820210,Servicio de Catastro e Información Territorial,IGN
2014,2554,2014-04-08,Martes,0.0,19:00:00,,0.0,2,"Automóvil,Otros",Godoy Cruz Y Av. Provincias Unidas,2,1,0,0,1,0,0,,Avenida,,ROSARIO,Rosario,Asfalto,No existe,II,S/D,Urbana,Ninguna,Intermitente,Intersección,Con baches,Buena,Atardecer,Buen Tiempo,Lateral,S/D,Colisión,S/D,Faltante,S/D,Sin restricción,POINT (-60.71146635 -32.9679676),"['Avenida Presidente Perón', 'Avenida Provincias Unidas']",2,Avenida Presidente Perón; Avenida Provincias Unidas,-32.9679676,-60.71146635,55.0,538.0,Municipio Rosario,Municipio,Rosario,820210,Servicio de Catastro e Información Territorial,IGN
2014,2555,2014-04-16,Miercoles,0.0,20:05:00,,0.0,2,"Moto/Ciclomotor,Pickup/Utilitario",Av. Francia Y Av. Ntra.Sra.del Rosario,3,2,0,0,1,0,0,,Avenida,,ROSARIO,Rosario,Asfalto,Natural,II,Dentro,Urbana,Señal Pare,No existe,Recta,Bueno,Buena,Nocturna,Buen Tiempo,Lateral,S/D,Colisión,S/D,Horizontal,Ninguna,Sin restricción,POINT (-60.677752850000005 -33.000956450000004),"['Avenida Francia', 'Nuestra Señora del Rosario']",2,Avenida Francia; Puente Nuestra Señora del Rosario,-33.000956450000004,-60.677752850000005,55.0,538.0,Municipio Rosario,Municipio,Rosario,820210,Servicio de Catastro e Información Territorial,IGN
2014,2556,2014-04-19,Sabado,0.0,15:45:00,,0.0,2,"Automóvil,Moto/Ciclomotor",Neuquen Y P.L.Funes,2,0,1,0,1,0,0,,Calle,,ROSARIO,Rosario,Asfalto,No existe,II,Dentro,Urbana,Ninguna,No existe,Intersección,Bueno,Buena,Diurna,Buen Tiempo,Lateral,S/D,Colisión,Ninguna,Horizontal,Ninguna,Sin restricción,POINT (-60.701047800000005 -32.944286899999994),"['Neuquen', 'Funes']",2,Neuquén; Deán Gregorio Funes,-32.944286899999994,-60.701047800000005,55.0,538.0,Municipio Rosario,Municipio,Rosario,820210,Servicio de Catastro e Información Territorial,IGN
2014,2559,2014-04-05,Sabado,0.0,14:30:00,,0.0,2,"Moto/Ciclomotor,Otros",Av. Pellegrini Y Av. Provincias Unidas,2,1,0,0,1,0,0,,Avenida,,ROSARIO,Rosario,Asfalto,No existe,II,Dentro,Urbana,Ninguna,No existe,Recta,Bueno,Buena,Diurna,Lluvia,Lateral,S/D,Colisión,Agua,Horizontal,Barrera de hormigón,Sin restricción,POINT (-60.71226145 -32.948578),"['Pellegrini', 'Avenida Provincias Unidas']",2,Avenida Carlos Pellegrini; Avenida Provincias Unidas,-32.948578,-60.71226145,55.0,538.0,Municipio Rosario,Municipio,Rosario,820210,Servicio de Catastro e Información Territorial,IGN
2014,2561,2014-04-14,Lunes,0.0,14:00:00,,0.0,2,"Bicicleta,Automóvil",Bv. 27 De Febrero Y Av. Circunvalacion,2,2,0,0,0,0,0,,Avenida,,ROSARIO,Rosario,Asfalto,Pavimento,II,S/D,Urbana,Ninguna,No existe,Intersección,Con baches,Buena,Diurna,Lluvia,S/D,S/D,Atropello,Agua,Faltante,S/D,Sin restricción,POINT (-60.671730569613096 -32.965475411263625),"['27 de Febrero', 'Circunvalacion']",2,Bulevar 27 de Febrero; Avenida de Circunvalación 25 de Mayo,-32.965475411263625,-60.671730569613096,55.0,538.0,Municipio Rosario,Municipio,Rosario,820210,Servicio de Catastro e Información Territorial,IGN
2014,2564,2014-04-16,Miercoles,0.0,21:00:00,,0.0,2,"Moto/Ciclomotor,Automóvil",Rivarola Y Mendez,2,2,0,0,0,0,0,,Calle,,ROSARIO,Rosario,Asfalto,No existe,II,S/D,Urbana,Ninguna,No existe,Intersección,Con baches,Buena,Nocturna,Buen Tiempo,Lateral,S/D,Colisión,S/D,Faltante,S/D,Sin restricción,POINT (-60.716544 -32.965938200000004),"['Rivarola', 'Mendez']",2,Avenida Doctor Rivarola; Gervasio Mendez,-32.965938200000004,-60.716544,55.0,538.0,Municipio Rosario,Municipio,Rosario,820210,Servicio de Catastro e Información Territorial,IGN
2014,2565,2014-04-22,Martes,0.0,16:30:00,,0.0,2,"Moto/Ciclomotor,Automóvil",Colombia Y Zuviria,3,2,0,0,1,0,0,,Calle,,ROSARIO,Rosario,Asfalto,No existe,II,Dentro,Urbana,Ninguna,No existe,Intersección,Bueno,Buena,Atardecer,Buen Tiempo,Lateral,S/D,Colisión,Ninguna,Horizontal,Ninguna,Sin restricción,POINT (-60.7162883 -32.9370546),"['Colombia', 'Zuviría']",2,Colombia; Juez José María Zuviría,-32.9370546,-60.7162883,55.0,538.0,Municipio Rosario,Municipio,Rosario,820210,Servicio de Catastro e Información Territorial,IGN
2014,2566,2014-04-19,Sabado,0.0,15:00:00,,0.0,2,"Moto/Ciclomotor,Pickup/Utilitario",Bv. 27 De Febrero Y Peru,2,2,0,0,0,0,0,,Avenida,,ROSARIO,Rosario,Asfalto,No existe,II,S/D,Urbana,Ninguna,No existe,Intersección,Con baches,Buena,Diurna,Buen Tiempo,Lateral,S/D,Colisión,S/D,Faltante,S/D,Sin restricción,POINT (-60.71063455 -32.959329350000004),"['27 de Febrero', 'Peru']",2,Bulevar 27 de Febrero; Perú,-32.959329350000004,-60.71063455,55.0,538.0,Municipio Rosario,Municipio,Rosario,820210,Servicio de Catastro e Información Territorial,IGN
2014,2570,2014-04-03,Jueves,0.0,07:00:00,,0.0,2,"Bicicleta,Pickup/Utilitario",Bv. Avellaneda Y Av. Uriburu,2,1,0,0,1,0,0,,Avenida,,ROSARIO,Rosario,Asfalto,No existe,II,S/D,Urbana,Semáforo,Funciona,Intersección,Bueno,Buena,Amanecer,Buen Tiempo,S/D,S/D,Atropello,Ninguna,Faltante,Cordón divisorio,Sin restricción,POINT (-60.688810374999996 -32.991943325),"['Avellaneda', 'Uriburu']",2,Bulevar Nicolás Avellaneda; Avenida José Uriburu,-32.991943325,-60.688810375,55.0,538.0,Municipio Rosario,Municipio,Rosario,820210,Servicio de Catastro e Información Territorial,IGN
2014,2571,2014-04-15,Martes,0.0,11:50:00,,0.0,2,"Automóvil,Moto/Ciclomotor",Iriondo Y E.Zeballos,2,2,0,0,0,0,0,,Calle,,ROSARIO,Rosario,Asfalto,No existe,II,Dentro,Urbana,Ninguna,S/D,Recta,Bueno,Buena,Diurna,Buen Tiempo,S/D,S/D,Colisión,Otro,Horizontal,S/D,Sin restricción,POINT (-60.671761499999995 -32.9493534),"['Iriondo', 'Zeballos']",2,Iriondo; Zeballos,-32.9493534,-60.6717615,55.0,538.0,Municipio Rosario,Municipio,Rosario,820210,Servicio de Catastro e Información Territorial,IGN
2014,2573,2014-04-22,Martes,0.0,09:00:00,,0.0,2,"Moto/Ciclomotor,Automóvil",BERTOLE Y AV. COLECTORA,2,2,0,0,0,0,0,,Avenida,,ROSARIO,Rosario,Asfalto,Pavimento,II,S/D,Urbana,Ninguna,No existe,Intersección,Con baches,Buena,Diurna,Buen Tiempo,De alcance,S/D,Colisión,S/D,Faltante,S/D,Sin restricción,POINT (-60.71875550000001 -32.9651796),"['Bertole', 'Colectora']",2,"('Bertole', 'Colectora Juan Pablo II')",-32.9651796,-60.71875550000001,55.0,538.0,Municipio Rosario,Municipio,Rosario,820210,Servicio de Catastro e Información Territorial,IGN
2014,2575,2014-04-03,Jueves,0.0,09:00:00,,0.0,2,"Moto/Ciclomotor,Automóvil",Suipacha Y Bv. Segui,2,1,0,0,1,0,0,,Avenida,,ROSARIO,Rosario,Asfalto,No existe,II,S/D,Urbana,Ninguna,No existe,Intersección,Bueno,Buena,Diurna,Buen Tiempo,S/D,S/D,Colisión,Ninguna,Faltante,Cordón divisorio,Sin restricción,POINT (-60.6724039 -32.974430325),"['Suipacha', 'Bulevar Juan Francisco Seguí']",2,Suipacha; Bulevar Juan Francisco Seguí,-32.974430325,-60.6724039,55.0,538.0,Municipio Rosario,Municipio,Rosario,820210,Servicio de Catastro e Información Territorial,IGN
2014,2576,2014-04-23,Miercoles,0.0,10:00:00,,0.0,2,"Peatón,Otros",Rivarola Y Av. Circunvalacion,2,1,0,0,0,0,1,,Avenida,,ROSARIO,Rosario,Asfalto,No existe,II,S/D,Urbana,Ninguna,No existe,Intersección,Con baches,Buena,Diurna,Buen Tiempo,S/D,S/D,Atropello,S/D,Faltante,S/D,Sin restricción,POINT (-60.71916028403352 -32.96601604560884),"['Rivarola', 'Circunvalacion']",2,Avenida Doctor Rivarola; Avenida de Circunvalación 25 de Mayo,-32.96601604560884,-60.71916028403352,55.0,538.0,Municipio Rosario,Municipio,Rosario,820210,Servicio de Catastro e Información Territorial,IGN
2014,2577,2014-04-07,Lunes,0.0,16:00:00,,0.0,2,"Moto/Ciclomotor,Automóvil",Av. Ntra.Sra.del Rosario Y Pueyrredon,2,1,0,0,1,0,0,,Avenida,,ROSARIO,Rosario,Asfalto,No existe,II,Dentro,Urbana,Ninguna,No existe,Intersección,Con baches,Buena,Diurna,Buen Tiempo,Lateral,S/D,Colisión,S/D,Faltante,Ninguna,Sin restricción,POINT (-60.66919180000001 -33.00071),"['Nuestra Señora del Rosario', 'Pueyrredón']",2,Puente Nuestra Señora del Rosario; Pueyrredón,-33.00071,-60.66919180000001,55.0,538.0,Municipio Rosario,Municipio,Rosario,820210,Servicio de Catastro e Información Territorial,IGN
2014,2578,2014-04-15,Martes,0.0,14:35:00,,0.0,2,"Peatón,Automóvil",San Luis Y Santiago,2,1,0,0,1,0,0,,Calle,,ROSARIO,Rosario,Asfalto,Pavimento,II,Dentro,Urbana,Ninguna,No existe,Curva,Bueno,Reducida polvo,Diurna,Buen Tiempo,S/D,S/D,Atropello,Otro,Vertical,Barrera de hormigón,Sin restricción,POINT (-60.656666 -32.945839899999996),"['San Luis', 'Santiago']",2,San Luis; Santiago,-32.9458399,-60.656666,55.0,538.0,Municipio Rosario,Municipio,Rosario,820210,Servicio de Catastro e Información Territorial,IGN
2014,2579,2014-04-05,Sabado,0.0,21:45:00,,0.0,2,"Automóvil,Automóvil",Lamadrid Y Vera Mujica,2,1,0,0,1,0,0,,Calle,,ROSARIO,Rosario,Asfalto,No existe,II,Dentro,Urbana,Ninguna,No existe,Recta,Deteriorada,Buena,"Nocturna,Con luz artificial",Buen Tiempo,Otro,S/D,Colisión,Ninguna,Faltante,Cordón divisorio,Sin restricción,POINT (-60.6793225 -32.9980506),"['Lamadrid', 'Vera Mujíca']",2,Gregorio Aráoz de Lamadrid; Vera Mujíca,-32.9980506,-60.6793225,55.0,538.0,Municipio Rosario,Municipio,Rosario,820210,Servicio de Catastro e Información Territorial,IGN
2014,2580,2014-04-15,Martes,0.0,08:30:00,,0.0,2,"Pickup/Utilitario,Automóvil",Av. Pellegrini Y F.More,2,1,0,0,1,0,0,,Calle,,ROSARIO,Rosario,Asfalto,Pavimento,II,Dentro,Urbana,Semáforo,Funciona,Recta,Bueno,Buena,Diurna,Buen Tiempo,Otro,S/D,Colisión,Ninguna,Horizontal,Guardarrail,Sin restricción,POINT (-60.69342855000001 -32.94809525),"['Pellegrini', 'Felipe Moré']",2,Avenida Carlos Pellegrini; Felipe Moré,-32.94809525,-60.69342855000001,55.0,538.0,Municipio Rosario,Municipio,Rosario,820210,Servicio de Catastro e Información Territorial,IGN
2014,2581,2014-04-04,Viernes,0.0,20:20:00,,0.0,2,"Automóvil,Moto/Ciclomotor",F.More Y Riobamba,3,2,0,0,1,0,0,,Calle,,ROSARIO,Rosario,Asfalto,No existe,II,Dentro,Urbana,Ninguna,No existe,Intersección,Bueno,Buena,"Nocturna,Con luz artificial",Buen Tiempo,Lateral,S/D,Colisión,Ninguna,Horizontal,Ninguna,Sin restricción,POINT (-60.6931928 -32.954012399999996),"['Felipe Moré', 'Riobamba']",2,Felipe Moré; Riobamba,-32.9540124,-60.6931928,55.0,538.0,Municipio Rosario,Municipio,Rosario,820210,Servicio de Catastro e Información Territorial,IGN
2014,2583,2014-04-09,Miercoles,0.0,11:45:00,,0.0,2,"Moto/Ciclomotor,Automóvil",Bv. Segui Y Castellanos,2,1,0,0,1,0,0,,Avenida,,ROSARIO,Rosario,Asfalto,No existe,II,S/D,Urbana,S/D,S/D,Intersección,Bueno,Buena,Diurna,Buen Tiempo,Lateral,S/D,Colisión,Ninguna,Faltante,Cordón divisorio,Sin restricción,POINT (-60.6832904 -32.972482649999996),"['Bulevar Juan Francisco Seguí', 'Aaron Castellanos']",2,Bulevar Juan Francisco Seguí; Aaron Castellanos,-32.97248265,-60.6832904,55.0,538.0,Municipio Rosario,Municipio,Rosario,820210,Servicio de Catastro e Información Territorial,IGN
2014,2584,2014-04-15,Martes,0.0,10:50:00,,0.0,2,"Moto/Ciclomotor,Automóvil",Cordoba Y Lavalle,3,2,0,0,1,0,0,,Calle,,ROSARIO,Rosario,Asfalto,Pavimento,II,Dentro,Urbana,Ninguna,No existe,Recta,Bueno,S/D,Diurna,Buen Tiempo,S/D,S/D,Otro,S/D,S/D,S/D,Sin restricción,POINT (-60.6777703 -32.93933809999999),"['Córdoba', 'Lavalle']",2,Córdoba; Lavalle,-32.93933809999999,-60.6777703,55.0,538.0,Municipio Rosario,Municipio,Rosario,820210,Servicio de Catastro e Información Territorial,IGN
2014,2585,2014-04-16,Miercoles,0.0,20:10:00,,0.0,2,"Bicicleta,Automóvil",Dorrego Y Madre Cabrini,2,1,0,0,1,0,0,,Calle,,ROSARIO,Rosario,Asfalto,No existe,II,S/D,Urbana,Ninguna,No existe,Intersección,Con baches,Buena,"Nocturna,Con luz artificial",Buen Tiempo,S/D,S/D,Atropello,S/D,Faltante,Ninguna,Sin restricción,POINT (-60.6604268 -33.00535479999999),"['Dorrego', 'Madre Cabrini']",2,Manuel Dorrego; Madre Cabrini,-33.00535479999999,-60.6604268,55.0,538.0,Municipio Rosario,Municipio,Rosario,820210,Servicio de Catastro e Información Territorial,IGN
2014,2587,2014-04-12,Sabado,0.0,09:25:00,,0.0,2,"Moto/Ciclomotor,Automóvil",Bv. Segui Y Constitucion,2,1,0,0,1,0,0,,Avenida,,ROSARIO,Rosario,Asfalto,No existe,II,Dentro,Urbana,S/D,S/D,Intersección,Bueno,Buena,Diurna,Buen Tiempo,S/D,S/D,Colisión,Ninguna,Faltante,Cordón divisorio,Sin restricción,POINT (-60.6819282 -32.97272762499999),"['Bulevar Juan Francisco Seguí', 'Constitución']",2,Bulevar Juan Francisco Seguí; Constitución,-32.97272762499999,-60.6819282,55.0,538.0,Municipio Rosario,Municipio,Rosario,820210,Servicio de Catastro e Información Territorial,IGN