anio_acci,nro_acci,fecha,desc_dia,fecha_aprox,hora_aprox,desc_ruta,km,cant_participantes,desc_participante,calle_avenida_km,total,heridos_leves,heridos_graves,heridos_gravisimos,ilesos,fallecidos,sin_datos,posicion_XY,desc_tipo_via,desc_ruta_ori,desc_loc,desc_dpto,desc_tipo_calzada,desc_tipo_banquina,desc_unidad_regional,desc_lugar_calzada,desc_zona,desc_prioridad,desc_estado_semaforo,desc_lugar_via,desc_estado_via,desc_estado_visibilidad,desc_luminosidad,desc_estado_clima,desc_tipo_colision,desc_tipo_atropello,desc_tipo_hecho,desc_pres_calzada,desc_senializacion,desc_separacion_via,desc_restriccion,forma_geocod,calle_lista,numero_calles,calles_osm,lat,lon,index_right,gid,fna,gna,nam,in1,fdc,sag
2014,2589,2014-05-20,Martes,0.0,10:20:00,,0.0,2,"Automóvil,Moto/Ciclomotor",San Luis Y Av. Ovidio Lagos,3,2,0,0,1,0,0,,Calle,,ROSARIO,Rosario,Asfalto,No existe,II,Dentro,Urbana,Semáforo,No funciona,Recta,Bueno,Buena,Diurna,Buen Tiempo,Otro,S/D,Colisión,Material Suelto,Vertical,S/D,Sin restricción,POINT (-60.6621155 -32.9448915),"['San Luis', 'Avenida Ovidio Lagos']",2,San Luis; Avenida Ovidio Lagos,-32.9448915,-60.6621155,55.0,538.0,Municipio Rosario,Municipio,Rosario,820210,Servicio de Catastro e Información Territorial,IGN
2014,2590,2014-04-04,Viernes,0.0,16:30:00,,0.0,2,"Bicicleta,Automóvil",Sanchez de Bustamante Y Pte.Roca,3,2,0,0,1,0,0,,Calle,,ROSARIO,Rosario,Asfalto,No existe,II,Dentro,Urbana,Ninguna,No existe,Recta,Bueno,Buena,Diurna,Buen Tiempo,S/D,S/D,Atropello,S/D,Faltante,Ninguna,Sin restricción,POINT (-60.65638229999999 -33.002286600000005),"['Sánchez de Bustamante', 'Roca']",2,Sánchez de Bustamante; Presidente Roca,-33.002286600000005,-60.65638229999999,55.0,538.0,Municipio Rosario,Municipio,Rosario,820210,Servicio de Catastro e Información Territorial,IGN
2014,2591,2014-04-14,Lunes,0.0,15:15:00,,0.0,2,"Moto/Ciclomotor,Automóvil",Bv. Segui Y Cafferata,2,1,0,0,1,0,0,,Avenida,,ROSARIO,Rosario,Asfalto,No existe,II,S/D,Urbana,Semáforo,Funciona,Intersección,Bueno,Buena,Diurna,Buen Tiempo,S/D,S/D,Colisión,Ninguna,Faltante,Cordón divisorio,Sin restricción,POINT (-60.67922995000001 -32.973209649999994),"['Bulevar Juan Francisco Seguí', 'Cafferata']",2,Bulevar Juan Francisco Seguí; Cafferata,-32.973209649999994,-60.67922995000001,55.0,538.0,Municipio Rosario,Municipio,Rosario,820210,Servicio de Catastro e Información Territorial,IGN
2014,2593,2014-03-31,Lunes,1.0,13:15:00,,0.0,2,"Automóvil,Moto/Ciclomotor",Diaz Velez Y Pje. Bogado,3,2,0,0,1,0,0,,Calle,,ROSARIO,Rosario,Hormigón,S/D,II,Dentro,Urbana,S/D,S/D,Intersección,S/D,S/D,Diurna,S/D,S/D,S/D,S/D,S/D,S/D,S/D,S/D,POINT (-60.68466949999999 -32.92567319999999),"['Díaz Vélez', 'Bogado']",2,Díaz Vélez; Pasaje Bogado,-32.92567319999999,-60.68466949999999,55.0,538.0,Municipio Rosario,Municipio,Rosario,820210,Servicio de Catastro e Información Territorial,IGN
2014,2594,2014-03-27,Jueves,0.0,23:30:00,,0.0,2,"Moto/Ciclomotor,Automóvil",San Martin Y Av. Circunvalacion,2,1,0,0,1,0,0,,Avenida,,ROSARIO,Rosario,Asfalto,S/D,II,Dentro,Urbana,Ninguna,Funciona,Recta,Bueno,Buena,Nocturna,Otro,De alcance,S/D,Colisión,Ninguna,Vertical,Cordón divisorio,Sin restricción,POINT (-60.64178307863883 -33.0158888269654),"['San Martin', 'Circunvalacion']",2,José de San Martín; Avenida de Circunvalación 25 de Mayo,-33.0158888269654,-60.64178307863883,55.0,538.0,Municipio Rosario,Municipio,Rosario,820210,Servicio de Catastro e Información Territorial,IGN
2014,2595,2014-04-16,Miercoles,0.0,14:15:00,,0.0,2,"Moto/Ciclomotor,Automóvil",Pueyrredon Y 3 De Febrero,2,1,0,0,1,0,0,,Calle,,ROSARIO,Rosario,Asfalto,Natural,II,Dentro,Urbana,Policía de tránsito,No existe,Recta,Bueno,Buena,Diurna,Buen Tiempo,Otro,S/D,Colisión,S/D,Horizontal,Guardarrail,Sin restricción,POINT (-60.65897040000001 -32.9493667),"['Pueyrredón', '3 de Febrero']",2,Pueyrredón; 3 de Febrero,-32.9493667,-60.65897040000001,55.0,538.0,Municipio Rosario,Municipio,Rosario,820210,Servicio de Catastro e Información Territorial,IGN
2014,2596,2014-04-16,Miercoles,0.0,15:00:00,,0.0,2,"Moto/Ciclomotor,Automóvil",Pje. Boman Y Av. Ovidio Lagos,2,1,0,0,1,0,0,,Avenida,,ROSARIO,Rosario,Asfalto,No existe,II,S/D,Urbana,Ninguna,No existe,Intersección,Bueno,Buena,Diurna,Buen Tiempo,De alcance,S/D,Colisión,Ninguna,Faltante,Cordón divisorio,Sin restricción,POINT (-60.67508620000001 -32.9986761),"['Boman', 'Avenida Ovidio Lagos']",2,Boman; Avenida Ovidio Lagos,-32.9986761,-60.67508620000001,55.0,538.0,Municipio Rosario,Municipio,Rosario,820210,Servicio de Catastro e Información Territorial,IGN
2014,2599,2014-04-16,Miercoles,0.0,16:15:00,,0.0,2,"Automóvil,Moto/Ciclomotor",Av. Pellegrini Y Crespo,2,1,0,0,1,0,0,,Avenida,,ROSARIO,Rosario,Asfalto,Natural,II,Dentro,Urbana,Semáforo,Funciona,Recta,Bueno,Buena,Diurna,Buen Tiempo,Otro,S/D,Colisión,Ninguna,Vertical,Barrera de hormigón,Sin restricción,POINT (-60.670978700000006 -32.951893749999996),"['Pellegrini', 'Crespo']",2,Avenida Carlos Pellegrini; Crespo,-32.95189375,-60.670978700000006,55.0,538.0,Municipio Rosario,Municipio,Rosario,820210,Servicio de Catastro e Información Territorial,IGN
2014,2600,2014-03-28,Viernes,0.0,13:35:00,,0.0,2,"Moto/Ciclomotor,Automóvil",San Martin Y Platon,2,1,0,0,1,0,0,,Calle,,ROSARIO,Rosario,Asfalto,S/D,II,Dentro,Urbana,Ninguna,No existe,Intersección,Bueno,Buena,Diurna,Otro,S/D,S/D,Colisión,S/D,Horizontal,Cordón divisorio,Sin restricción,POINT (-60.65303175 -33.020102449999996),"['San Martin', 'Platón']",2,José de San Martín; Platón,-33.02010245,-60.65303175,55.0,538.0,Municipio Rosario,Municipio,Rosario,820210,Servicio de Catastro e Información Territorial,IGN
2014,2601,2014-04-19,Sabado,0.0,11:15:00,,0.0,2,"Moto/Ciclomotor,Moto/Ciclomotor",Lavalle Y Centeno,2,2,0,0,0,0,0,,Calle,,ROSARIO,Rosario,Asfalto,No existe,II,Dentro,Urbana,Ninguna,No existe,Intersección,Bueno,Buena,Diurna,Buen Tiempo,S/D,S/D,Colisión,Ninguna,Faltante,Vegetación,Sin restricción,POINT (-60.6874541 -32.97772959999999),"['Lavalle', 'Centeno']",2,Lavalle; Coronel Centeno,-32.97772959999999,-60.6874541,55.0,538.0,Municipio Rosario,Municipio,Rosario,820210,Servicio de Catastro e Información Territorial,IGN
2014,2602,2014-04-23,Miercoles,0.0,12:00:00,,0.0,2,"Moto/Ciclomotor,Automóvil",Irurtia Y Fernandez Diaz,2,1,0,0,1,0,0,,Calle,,ROSARIO,Rosario,Asfalto,No existe,II,Dentro,Urbana,Ninguna,No existe,Intersección,Con baches,Buena,Diurna,Buen Tiempo,Lateral,S/D,Colisión,S/D,Faltante,S/D,Sin restricción,POINT (-60.7284488 -32.9671532),"['Irurtia', 'Fernández Díaz']",2,Irurtia; Fernández Díaz,-32.9671532,-60.7284488,55.0,538.0,Municipio Rosario,Municipio,Rosario,820210,Servicio de Catastro e Información Territorial,IGN
2014,2605,2014-04-03,Jueves,0.0,20:00:00,,0.0,2,"Peatón,Moto/Ciclomotor",Av. Battle y Ordoñez Y España,2,1,0,0,1,0,0,,Avenida,,ROSARIO,Rosario,Asfalto,S/D,II,Dentro,Urbana,Ninguna,No existe,Intersección,Bueno,Buena,"Nocturna,Con luz artificial",Otro,S/D,S/D,Atropello,Ninguna,Horizontal,Cordón divisorio,Sin restricción,POINT (-60.65730380000001 -33.00912425),"['Avenida Battle y Ordoñez', 'España']",2,Avenida Battle y Ordoñez; España,-33.00912425,-60.65730380000001,55.0,538.0,Municipio Rosario,Municipio,Rosario,820210,Servicio de Catastro e Información Territorial,IGN
2014,2606,2014-04-16,Miercoles,0.0,16:00:00,,0.0,2,"Automóvil,Automóvil",Mendoza 4500,2,1,0,0,1,0,0,,Calle,,ROSARIO,Rosario,Asfalto,No existe,II,Dentro,Urbana,Otra Señal,No existe,Recta,Bueno,Buena,Diurna,Buen Tiempo,S/D,S/D,S/D,Otro,Horizontal,Barrera de hormigón,Sin restricción,"-32.9431986, -60.6856483",['Mendoza 4500'],1,Mendoza 4500,-32.9431986,-60.6856483,55.0,538.0,Municipio Rosario,Municipio,Rosario,820210,Servicio de Catastro e Información Territorial,IGN
2014,2608,2014-04-26,Sabado,0.0,19:00:00,,0.0,2,"Automóvil,Automóvil",Av. Battle y Ordoñez Y Melincue,3,1,0,0,2,0,0,,Avenida,,ROSARIO,Rosario,Asfalto,No existe,II,Dentro,Urbana,Ninguna,No existe,Recta,Bueno,Buena,Diurna,S/D,De alcance,S/D,Colisión,Ninguna,Horizontal,S/D,Sin restricción,POINT (-60.647600700000005 -33.00889619999998),"['Avenida Battle y Ordoñez', 'Melincué']",2,Avenida Battle y Ordoñez; Melincué,-33.00889619999998,-60.647600700000005,55.0,538.0,Municipio Rosario,Municipio,Rosario,820210,Servicio de Catastro e Información Territorial,IGN
2014,2610,2014-04-13,Domingo,0.0,18:00:00,,0.0,1,Automóvil,San Martin Y Patricios,2,0,1,0,1,0,0,,Calle,,ROSARIO,Rosario,Asfalto,No existe,II,Dentro,Urbana,Ninguna,No existe,Recta,Bueno,Buena,Diurna,Otro,Contra objeto fijo,S/D,Colisión,Ninguna,Vertical,Cordón divisorio,Sin restricción,POINT (-60.651072799999994 -33.010990250000006),"['San Martin', 'Patricios']",2,José de San Martín; Patricios,-33.010990250000006,-60.6510728,55.0,538.0,Municipio Rosario,Municipio,Rosario,820210,Servicio de Catastro e Información Territorial,IGN
2014,2611,2014-04-19,Sabado,0.0,15:00:00,,0.0,2,"Pickup/Utilitario,Moto/Ciclomotor",Rodriguez Y San Luis,2,1,0,0,1,0,0,,Calle,,ROSARIO,Rosario,Asfalto,No existe,II,S/D,Urbana,Semáforo,No existe,Recta,Bueno,Buena,Diurna,Buen Tiempo,Otro,S/D,Colisión,Ninguna,Horizontal,Barrera de hormigón,Sin restricción,POINT (-60.6593596 -32.9453712),"['Rodríguez', 'San Luis']",2,Rodríguez de Escobedo; San Luis,-32.9453712,-60.6593596,55.0,538.0,Municipio Rosario,Municipio,Rosario,820210,Servicio de Catastro e Información Territorial,IGN
2014,2612,2014-04-21,Lunes,0.0,01:00:00,,0.0,2,"Moto/Ciclomotor,Automóvil",Bv. Avellaneda Y Av. Uriburu,4,2,0,0,2,0,0,,Avenida,,ROSARIO,Rosario,S/D,No existe,II,Dentro,Urbana,Semáforo,Intermitente,Intersección,S/D,Buena,Nocturna,Buen Tiempo,S/D,S/D,Colisión,Otro,Faltante,Cordón divisorio,Sin restricción,POINT (-60.688810374999996 -32.991943325),"['Avellaneda', 'Uriburu']",2,Bulevar Nicolás Avellaneda; Avenida José Uriburu,-32.991943325,-60.688810375,55.0,538.0,Municipio Rosario,Municipio,Rosario,820210,Servicio de Catastro e Información Territorial,IGN
2014,2613,2014-03-10,Lunes,0.0,20:45:00,,0.0,2,"Moto/Ciclomotor,Pickup/Utilitario",Av. Arijon Y Corralito,2,1,0,0,1,0,0,,Calle,,ROSARIO,Rosario,Asfalto,No existe,II,Dentro,Urbana,Semáforo,Intermitente,Intersección,Bueno,Buena,"Nocturna,Con luz artificial",Buen Tiempo,Lateral,S/D,Colisión,S/D,Vertical,Línea divisoria pintada,Sin restricción,POINT (-60.6724486 -33.00374860000001),"['Avenida Manuel Arijón', 'Corralito']",2,Avenida Manuel Arijón; Corralito,-33.00374860000001,-60.6724486,55.0,538.0,Municipio Rosario,Municipio,Rosario,820210,Servicio de Catastro e Información Territorial,IGN
2014,2614,2014-04-03,Jueves,0.0,13:00:00,,0.0,2,"Moto/Ciclomotor,Automóvil",Irurtia Y Av. Provincias Unidas,2,2,0,0,0,0,0,,Avenida,,ROSARIO,Rosario,Asfalto,No existe,II,Dentro,Urbana,Ninguna,No existe,Intersección,Con baches,Buena,Diurna,Buen Tiempo,Lateral,S/D,Colisión,S/D,Faltante,S/D,Sin restricción,POINT (-60.7115306 -32.966581149999996),"['Irurtia', 'Avenida Provincias Unidas']",2,Irurtia; Avenida Provincias Unidas,-32.96658115,-60.7115306,55.0,538.0,Municipio Rosario,Municipio,Rosario,820210,Servicio de Catastro e Información Territorial,IGN
2014,2615,2014-04-03,Jueves,0.0,14:15:00,,0.0,2,"Moto/Ciclomotor,Taxi/Remis",Av. Arijon Y Balcarce,2,1,0,0,1,0,0,,Avenida,,ROSARIO,Rosario,Asfalto,No existe,II,Dentro,Urbana,Ninguna,No existe,Recta,Bueno,Buena,Diurna,Buen Tiempo,Lateral,S/D,Colisión,S/D,Faltante,Línea divisoria pintada,Sin restricción,POINT (-60.6633107 -33.00349020000001),"['Avenida Manuel Arijón', 'Balcarce']",2,Avenida Manuel Arijón; Balcarce,-33.00349020000001,-60.6633107,55.0,538.0,Municipio Rosario,Municipio,Rosario,820210,Servicio de Catastro e Información Territorial,IGN
2014,2616,2014-04-19,Sabado,0.0,,,0.0,2,"Automóvil,Automóvil",Av. Eva Peron ,3,2,0,0,1,0,0,,Avenida,,ROSARIO,Rosario,Asfalto,Pavimento,II,Dentro,Urbana,Ninguna,No existe,Recta,Bueno,Buena,"Nocturna,Con luz artificial",Otro,Otro,S/D,Colisión,Ninguna,Horizontal,Ninguna,Sin restricción,"-32.931428, -60.7218503",['Eva Peron'],1,Eva Peron,-32.931428,-60.7218503,55.0,538.0,Municipio Rosario,Municipio,Rosario,820210,Servicio de Catastro e Información Territorial,IGN
2014,2617,2014-04-28,Lunes,0.0,20:00:00,,0.0,2,"Moto/Ciclomotor,Automóvil",San Martin Y Av. Circunvalacion,4,4,0,0,0,0,0,,Avenida,,ROSARIO,Rosario,Asfalto,No existe,II,Dentro,Urbana,Ninguna,Funciona,Recta,Bueno,Buena,Nocturna,S/D,S/D,S/D,Colisión,Ninguna,Vertical,Cordón divisorio,Sin restricción,POINT (-60.64178307863883 -33.0158888269654),"['San Martin', 'Circunvalacion']",2,José de San Martín; Avenida de Circunvalación 25 de Mayo,-33.0158888269654,-60.64178307863883,55.0,538.0,Municipio Rosario,Municipio,Rosario,820210,Servicio de Catastro e Información Territorial,IGN
2014,2618,2014-04-21,Lunes,0.0,23:10:00,,0.0,2,"Moto/Ciclomotor,Pickup/Utilitario",Av. Provincias Unidas Y Velez Sarsfield,2,1,0,0,1,0,0,,Avenida,,ROSARIO,Rosario,Asfalto,Natural,II,Dentro,Urbana,Ninguna,No existe,Curva,Bueno,Buena,"Nocturna,Con luz artificial",Buen Tiempo,Otro,S/D,Colisión,Ninguna,Faltante,Ninguna,Sin restricción,POINT (-60.7132322 -32.92604335),"['Avenida Provincias Unidas', 'Vélez Sarsfield']",2,Avenida Provincias Unidas; Vélez Sarsfield,-32.92604335,-60.7132322,55.0,538.0,Municipio Rosario,Municipio,Rosario,820210,Servicio de Catastro e Información Territorial,IGN
2014,2620,2014-04-26,Sabado,0.0,13:20:00,,0.0,2,"Moto/Ciclomotor,Automóvil",Av. Arijon 1600,3,1,0,0,2,0,0,,Avenida,,ROSARIO,Rosario,Asfalto,No existe,II,Dentro,Urbana,Ninguna,Funciona,Recta,Bueno,Buena,Diurna,S/D,S/D,S/D,Colisión,Ninguna,Vertical,Cordón divisorio,Sin restricción,"-33.0033024, -60.6572523",['Arijon 1600'],1,Arijon 1600,-33.0033024,-60.6572523,55.0,538.0,Municipio Rosario,Municipio,Rosario,820210,Servicio de Catastro e Información Territorial,IGN
2014,2622,2014-04-20,Domingo,0.0,20:00:00,,0.0,2,"Automóvil,Taxi/Remis",3 De Febrero Y Castellanos,3,3,0,0,0,0,0,,Calle,,ROSARIO,Rosario,Asfalto,Pavimento,II,Dentro,Urbana,Ninguna,No existe,Recta,Bueno,Buena,Nocturna,Buen Tiempo,Otro,S/D,Colisión,Ninguna,Horizontal,Barrera de hormigón,Sin restricción,POINT (-60.6767004 -32.9461743),"['3 de Febrero', 'Aaron Castellanos']",2,3 de Febrero; Aaron Castellanos,-32.9461743,-60.6767004,55.0,538.0,Municipio Rosario,Municipio,Rosario,820210,Servicio de Catastro e Información Territorial,IGN
2014,2623,2014-04-20,Domingo,0.0,14:00:00,,0.0,2,"Automóvil,Taxi/Remis",Rioja Y Av. Ovidio Lagos,4,1,0,0,3,0,0,,Calle,,ROSARIO,Rosario,Asfalto,No existe,II,Dentro,Urbana,Ninguna,Funciona,Recta,Bueno,Buena,Diurna,Buen Tiempo,Otro,S/D,Colisión,Ninguna,Horizontal,Barrera de hormigón,Sin restricción,POINT (-60.661744600000006 -32.943415499999986),"['Rioja', 'Avenida Ovidio Lagos']",2,Rioja; Avenida Ovidio Lagos,-32.943415499999986,-60.661744600000006,55.0,538.0,Municipio Rosario,Municipio,Rosario,820210,Servicio de Catastro e Información Territorial,IGN
2014,2624,2014-04-20,Domingo,0.0,13:00:00,,0.0,2,"Automóvil,Moto/Ciclomotor",Montevideo Y Francia F,3,2,0,0,1,0,0,,Avenida,,ROSARIO,Rosario,Asfalto,No existe,II,Dentro,Urbana,Semáforo,Funciona,Recta,Bueno,Buena,Diurna,Buen Tiempo,S/D,S/D,Colisión,Ninguna,Horizontal,S/D,Sin restricción,POINT (-60.66796585 -32.95125175),"['Montevideo', 'Avenida Francia']",2,Montevideo; Avenida Francia,-32.95125175,-60.66796585,55.0,538.0,Municipio Rosario,Municipio,Rosario,820210,Servicio de Catastro e Información Territorial,IGN
2014,2625,2014-04-21,Lunes,0.0,08:50:00,,0.0,2,"Camión,Moto/Ciclomotor",Gutenberg Y Mendoza,2,1,0,0,1,0,0,,Calle,,ROSARIO,Rosario,Asfalto,No existe,II,Dentro,Urbana,Semáforo,No existe,Recta,Bueno,Buena,Diurna,Buen Tiempo,Otro,S/D,Colisión,S/D,S/D,Barrera de hormigón,Sin restricción,POINT (-60.68857770000001 -32.94277249999998),"['Gutenberg', 'Mendoza']",2,Gutenberg; Mendoza,-32.94277249999998,-60.68857770000001,55.0,538.0,Municipio Rosario,Municipio,Rosario,820210,Servicio de Catastro e Información Territorial,IGN
2014,2626,2014-04-07,Lunes,0.0,08:50:00,,0.0,2,"Automóvil,Moto/Ciclomotor",Bv. Segui Y Rodriguez,2,1,0,0,1,0,0,,Calle,,ROSARIO,Rosario,Asfalto,No existe,II,Dentro,Urbana,Ninguna,No existe,Intersección,Bueno,Buena,Diurna,Buen Tiempo,Lateral,S/D,Colisión,Ninguna,Faltante,Ninguna,Sin restricción,POINT (-60.66696664999999 -32.975399),"['Bulevar Juan Francisco Seguí', 'Rodríguez']",2,Bulevar Juan Francisco Seguí; Rodríguez de Escobedo,-32.975399,-60.66696664999999,55.0,538.0,Municipio Rosario,Municipio,Rosario,820210,Servicio de Catastro e Información Territorial,IGN
2014,2628,2014-04-05,Sabado,0.0,10:10:00,,0.0,2,"Moto/Ciclomotor,Automóvil",Alberdi Y Albert Sabin,2,1,0,0,1,0,0,,Avenida,,ROSARIO,Rosario,Asfalto,S/D,II,Dentro,Urbana,S/D,S/D,Intersección,S/D,S/D,Diurna,S/D,Lateral,S/D,Colisión,S/D,S/D,S/D,S/D,POINT (-60.67368635 -32.93013245),"['Alberdi', 'Avenida Travesía Albert Sabin']",2,Avenida Alberdi; Avenida Travesía Albert Sabin,-32.93013245,-60.67368635,55.0,538.0,Municipio Rosario,Municipio,Rosario,820210,Servicio de Catastro e Información Territorial,IGN
2014,2629,2014-04-28,Lunes,0.0,13:20:00,,0.0,2,"Automóvil,Automóvil",J.C.Paz Y Uriarte,3,2,0,0,1,0,0,,Calle,,ROSARIO,Rosario,Asfalto,No existe,II,Dentro,Urbana,Ninguna,No existe,Intersección,Bueno,Buena,Diurna,Buen Tiempo,Frontal,S/D,Colisión,Ninguna,Faltante,Ninguna,Sin restricción,POINT (-60.688563800000004 -32.8985049),"['Paz', 'Uriarte']",2,Marcos Paz; Uriarte,-32.8985049,-60.6885638,55.0,538.0,Municipio Rosario,Municipio,Rosario,820210,Servicio de Catastro e Información Territorial,IGN
2014,2630,2014-04-07,Lunes,0.0,12:00:00,,0.0,2,"Automóvil,Taxi/Remis",Entre Rios Y Saavedra,2,1,0,0,1,0,0,,Calle,,ROSARIO,Rosario,Asfalto,No existe,II,Dentro,Urbana,Ninguna,No existe,Intersección,Bueno,Buena,Diurna,Buen Tiempo,Lateral,S/D,Colisión,Ninguna,Faltante,Ninguna,Sin restricción,POINT (-60.6488964 -32.977447199999986),"['Entre Ríos', 'Saavedra']",2,Entre Ríos; Saavedra,-32.977447199999986,-60.6488964,55.0,538.0,Municipio Rosario,Municipio,Rosario,820210,Servicio de Catastro e Información Territorial,IGN
2014,2632,2014-04-05,Sabado,0.0,12:30:00,,0.0,2,"Moto/Ciclomotor,Automóvil",Laprida Y Ituzaingo,3,2,0,0,1,0,0,,Calle,,ROSARIO,Rosario,Asfalto,No existe,II,Dentro,Urbana,S/D,S/D,Intersección,S/D,S/D,Diurna,Buen Tiempo,S/D,S/D,Colisión,S/D,S/D,S/D,S/D,POINT (-60.6378573 -32.961426),"['Laprida', 'Ituzaingó']",2,Francisco Narciso Laprida; Ituzaingó,-32.961426,-60.6378573,55.0,538.0,Municipio Rosario,Municipio,Rosario,820210,Servicio de Catastro e Información Territorial,IGN
2014,2633,2014-04-21,Lunes,0.0,20:15:00,,0.0,2,"Moto/Ciclomotor,Otros",Pje. Santa Matilde 3637,2,1,0,0,1,0,0,,Calle,,ROSARIO,Rosario,Asfalto,No existe,II,Dentro,Urbana,Otra Señal,No existe,Recta,Bueno,Buena,Nocturna,Buen Tiempo,Otro,S/D,Colisión,Ninguna,Horizontal,Barrera de hormigón,Sin restricción,"-32.9769648, -60.6851037",['Pasaje Santa Matilde 3637'],1,Pasaje Santa Matilde 3637,-32.9769648,-60.6851037,55.0,538.0,Municipio Rosario,Municipio,Rosario,820210,Servicio de Catastro e Información Territorial,IGN
2014,2635,2014-04-09,Miercoles,0.0,20:00:00,,0.0,2,"Automóvil,Taxi/Remis",Albert Sabin 246 B,4,2,0,0,2,0,0,,Avenida,,ROSARIO,Rosario,Asfalto,S/D,II,Dentro,Urbana,S/D,S/D,Recta,S/D,S/D,Nocturna,S/D,De alcance,S/D,Colisión,S/D,S/D,S/D,S/D,"-32.921679, -60.6868928",['Albert Sabin 246 B'],1,Albert Sabin 246 B,-32.921679,-60.6868928,55.0,538.0,Municipio Rosario,Municipio,Rosario,820210,Servicio de Catastro e Información Territorial,IGN
2014,2638,2014-04-22,Martes,0.0,08:00:00,,0.0,3,"Automóvil,Automóvil,Automóvil",3 De Febrero Y San Nicolas,3,1,0,0,2,0,0,,Calle,,ROSARIO,Rosario,Asfalto,No existe,II,Dentro,Urbana,Otra Señal,No existe,Recta,Bueno,Buena,Diurna,Buen Tiempo,Múltiple,S/D,Colisión,Otro,S/D,Guardarrail,Sin restricción,POINT (-60.6739228 -32.94667499999999),"['3 de Febrero', 'San Nicolás']",2,3 de Febrero; San Nicolás,-32.94667499999999,-60.6739228,55.0,538.0,Municipio Rosario,Municipio,Rosario,820210,Servicio de Catastro e Información Territorial,IGN
2014,2639,2014-04-03,Jueves,0.0,19:25:00,,0.0,2,"Automóvil,Moto/Ciclomotor",Gaboto 1300,2,1,0,0,1,0,0,,Calle,,ROSARIO,Rosario,Asfalto,No existe,II,Dentro,Urbana,Ninguna,No existe,Intersección,Bueno,Buena,Diurna,Buen Tiempo,Lateral,S/D,Colisión,Ninguna,Faltante,Ninguna,Sin restricción,"-32.972761, -60.6475038",['Gaboto 1300'],1,Gaboto 1300,-32.972761,-60.6475038,55.0,538.0,Municipio Rosario,Municipio,Rosario,820210,Servicio de Catastro e Información Territorial,IGN
2014,2640,2014-04-27,Domingo,0.0,17:20:00,,0.0,2,"Automóvil,Vehículo Oficial",Dr.D.Peña Y Spegazzini,6,5,0,0,1,0,0,,Calle,,ROSARIO,Rosario,Asfalto,No existe,II,Dentro,Urbana,Ninguna,No existe,Intersección,Bueno,Buena,Diurna,Buen Tiempo,Frontal,S/D,Colisión,Ninguna,Faltante,Ninguna,Sin restricción,POINT (-60.7015619 -32.88021539999998),"['David Peña', 'Spegazzini']",2,David Peña; Spegazzini,-32.88021539999998,-60.7015619,55.0,538.0,Municipio Rosario,Municipio,Rosario,820210,Servicio de Catastro e Información Territorial,IGN
2014,2641,2014-04-07,Lunes,0.0,08:30:00,,0.0,2,"Bicicleta,Pickup/Utilitario",San Martin Y Primera Junta,2,1,0,0,1,0,0,,Calle,,ROSARIO,Rosario,Asfalto,No existe,II,Dentro,Urbana,S/D,S/D,S/D,S/D,S/D,Diurna,S/D,S/D,S/D,Atropello,S/D,S/D,S/D,S/D,POINT (-60.64237519999999 -32.9694312),"['San Martin', 'Primera Junta']",2,José de San Martín; Primera Junta,-32.9694312,-60.64237519999999,55.0,538.0,Municipio Rosario,Municipio,Rosario,820210,Servicio de Catastro e Información Territorial,IGN
2014,2642,2014-04-12,Sabado,0.0,18:00:00,,0.0,1,Moto/Ciclomotor,Alberdi Y Av. Luis Carballo,1,1,0,0,0,0,0,,Avenida,,ROSARIO,Rosario,Asfalto,S/D,II,Dentro,Urbana,S/D,S/D,Intersección,S/D,S/D,Diurna,S/D,S/D,S/D,Otro,S/D,S/D,S/D,S/D,POINT (-60.68009227500001 -32.922158075),"['Alberdi', 'Avenida Doctor Luis Cándido Carballo']",2,Avenida Alberdi; Avenida Doctor Luis Cándido Carballo,-32.922158075,-60.68009227500001,55.0,538.0,Municipio Rosario,Municipio,Rosario,820210,Servicio de Catastro e Información Territorial,IGN
2014,2644,2014-04-19,Sabado,0.0,02:00:00,,0.0,2,"Automóvil,Automóvil",Mendoza Y Bv. Avellaneda,2,1,0,0,1,0,0,,Avenida,,ROSARIO,Rosario,Asfalto,No existe,II,Dentro,Urbana,Otra Señal,No existe,Recta,Bueno,Buena,Nocturna,Buen Tiempo,Otro,S/D,Colisión,Agua,Faltante,Guardarrail,Sin restricción,POINT (-60.680421100000004 -32.94423964999999),"['Mendoza', 'Avellaneda']",2,Mendoza; Bulevar Nicolás Avellaneda,-32.94423964999999,-60.6804211,55.0,538.0,Municipio Rosario,Municipio,Rosario,820210,Servicio de Catastro e Información Territorial,IGN
2014,2645,2014-04-11,Viernes,0.0,13:30:00,,0.0,2,"Moto/Ciclomotor,Automóvil",Velez Sarsfield Y Diaz Velez,2,1,0,0,1,0,0,,Calle,,ROSARIO,Rosario,Asfalto,S/D,II,Dentro,Urbana,S/D,S/D,Intersección,S/D,S/D,Diurna,S/D,Lateral,S/D,Colisión,S/D,S/D,S/D,S/D,POINT (-60.6846919 -32.92511309999999),"['Vélez Sarsfield', 'Díaz Vélez']",2,Vélez Sarsfield; Díaz Vélez,-32.92511309999999,-60.6846919,55.0,538.0,Municipio Rosario,Municipio,Rosario,820210,Servicio de Catastro e Información Territorial,IGN