anio_acci,nro_acci,fecha,desc_dia,fecha_aprox,hora_aprox,desc_ruta,km,cant_participantes,desc_participante,calle_avenida_km,total,heridos_leves,heridos_graves,heridos_gravisimos,ilesos,fallecidos,sin_datos,posicion_XY,desc_tipo_via,desc_ruta_ori,desc_loc,desc_dpto,desc_tipo_calzada,desc_tipo_banquina,desc_unidad_regional,desc_lugar_calzada,desc_zona,desc_prioridad,desc_estado_semaforo,desc_lugar_via,desc_estado_via,desc_estado_visibilidad,desc_luminosidad,desc_estado_clima,desc_tipo_colision,desc_tipo_atropello,desc_tipo_hecho,desc_pres_calzada,desc_senializacion,desc_separacion_via,desc_restriccion,forma_geocod,calle_lista,numero_calles,calles_osm,lat,lon,index_right,gid,fna,gna,nam,in1,fdc,sag
2014,2649,2014-04-01,Martes,0.0,12:00:00,,0.0,2,"Moto/Ciclomotor,Automóvil",Bv. Avellaneda Y Albert Sabin,2,1,0,0,1,0,0,,Avenida,,ROSARIO,Rosario,Asfalto,S/D,II,Dentro,Urbana,S/D,S/D,Recta,S/D,S/D,Diurna,S/D,Lateral,S/D,Colisión,S/D,S/D,S/D,S/D,POINT (-60.67658666 -32.928876499999994),"['Avellaneda', 'Avenida Travesía Albert Sabin']",2,Bulevar Nicolás Avellaneda; Avenida Travesía Albert Sabin,-32.928876499999994,-60.67658666,55.0,538.0,Municipio Rosario,Municipio,Rosario,820210,Servicio de Catastro e Información Territorial,IGN
2014,2652,2014-04-25,Viernes,0.0,14:36:00,,0.0,2,"Automóvil,Automóvil",Laprida Y Ocampo,2,2,0,0,0,0,0,,Calle,,ROSARIO,Rosario,Asfalto,No existe,II,Dentro,Urbana,S/D,S/D,S/D,S/D,S/D,Diurna,Buen Tiempo,S/D,S/D,Colisión,S/D,S/D,S/D,S/D,POINT (-60.6392734 -32.967158299999994),"['Laprida', 'Ocampo']",2,Francisco Narciso Laprida; Ocampo,-32.967158299999994,-60.6392734,55.0,538.0,Municipio Rosario,Municipio,Rosario,820210,Servicio de Catastro e Información Territorial,IGN
2014,2653,2014-04-18,Viernes,0.0,23:30:00,,0.0,2,"Moto/Ciclomotor,Automóvil",Vera Mujica Y San Luis,3,0,1,0,0,0,2,,Calle,,ROSARIO,Rosario,Asfalto,No existe,II,Dentro,Urbana,Otra Señal,No existe,Recta,Bueno,Buena,Nocturna,Buen Tiempo,S/D,S/D,Colisión,Otro,S/D,Guardarrail,Sin restricción,POINT (-60.66756749999999 -32.9439264),"['Vera Mujíca', 'San Luis']",2,Vera Mujíca; San Luis,-32.9439264,-60.66756749999999,55.0,538.0,Municipio Rosario,Municipio,Rosario,820210,Servicio de Catastro e Información Territorial,IGN
2014,2655,2014-04-01,Martes,0.0,18:00:00,,0.0,1,Moto/Ciclomotor,Ricchieri Y Tucuman,2,1,0,0,1,0,0,,Calle,,ROSARIO,Rosario,Asfalto,No existe,II,Dentro,Urbana,Ninguna,No existe,Recta,Bueno,Buena,Diurna,Buen Tiempo,Lateral,S/D,Colisión,Otro,Faltante,Ninguna,Sin restricción,POINT (-60.661682 -32.937394000000005),"['Ricchieri', 'Tucumán']",2,Ricchieri; Tucumán,-32.937394000000005,-60.661682,55.0,538.0,Municipio Rosario,Municipio,Rosario,820210,Servicio de Catastro e Información Territorial,IGN
2014,2657,2014-04-25,Viernes,0.0,13:30:00,,0.0,2,"Automóvil,Moto/Ciclomotor",Mitre Y Uruguay,2,1,0,0,1,0,0,,Calle,,ROSARIO,Rosario,Asfalto,No existe,II,Dentro,Urbana,Ninguna,No existe,Intersección,Bueno,Buena,Diurna,Buen Tiempo,Lateral,S/D,Colisión,Ninguna,Faltante,Ninguna,Sin restricción,POINT (-60.64715669999999 -32.97657820000001),"['Mitre', 'Uruguay']",2,Bartolomé Mitre; Uruguay,-32.97657820000001,-60.64715669999999,55.0,538.0,Municipio Rosario,Municipio,Rosario,820210,Servicio de Catastro e Información Territorial,IGN
2014,2658,2014-04-02,Miercoles,0.0,04:25:00,,0.0,2,"Automóvil,Automóvil",Av. Ovidio Lagos Y Catamarca,2,1,0,0,1,0,0,,Calle,,ROSARIO,Rosario,S/D,No existe,II,Dentro,Urbana,Semáforo,Funciona,Recta,Otro,Buena,Amanecer,Buen Tiempo,Lateral,S/D,Colisión,Otro,Horizontal,Ninguna,Sin restricción,POINT (-60.65998750000001 -32.9364253),"['Avenida Ovidio Lagos', 'Catamarca']",2,Avenida Ovidio Lagos; Catamarca,-32.9364253,-60.65998750000001,55.0,538.0,Municipio Rosario,Municipio,Rosario,820210,Servicio de Catastro e Información Territorial,IGN
2014,2660,2014-04-14,Lunes,0.0,07:00:00,,0.0,2,"Moto/Ciclomotor,Automóvil",Av. Ovidio Lagos 7200,2,1,0,0,1,0,0,,Avenida,,ROSARIO,Rosario,Asfalto,Natural,II,Dentro,Urbana,Otra Señal,No existe,S/D,Otro,Buena,Diurna,Buen Tiempo,Lateral,S/D,Colisión,Otro,S/D,Barrera de hormigón,Obra en Construcción,"-32.9818631, -60.6709989",['Ovidio Lagos 7200'],1,Ovidio Lagos 7200,-32.9818631,-60.6709989,55.0,538.0,Municipio Rosario,Municipio,Rosario,820210,Servicio de Catastro e Información Territorial,IGN
2014,2662,2014-04-21,Lunes,0.0,12:30:00,,0.0,2,"Moto/Ciclomotor,Automóvil",Rioja Y Bv. Avellaneda,3,1,0,0,2,0,0,,Avenida,,ROSARIO,Rosario,Asfalto,Natural,II,S/D,Urbana,Ninguna,No funciona,Recta,Bueno,Buena,Diurna,Buen Tiempo,Múltiple,S/D,Colisión,Otro,S/D,Barrera de hormigón,Sin restricción,POINT (-60.679463549999994 -32.940277300000005),"['Rioja', 'Avellaneda']",2,Rioja; Bulevar Nicolás Avellaneda,-32.940277300000005,-60.67946355,55.0,538.0,Municipio Rosario,Municipio,Rosario,820210,Servicio de Catastro e Información Territorial,IGN
2014,2665,2014-04-03,Jueves,0.0,23:30:00,,0.0,2,"Moto/Ciclomotor,Pickup/Utilitario",Brown Y Callao,2,0,1,0,1,0,0,,Calle,,ROSARIO,Rosario,Asfalto,No existe,II,Dentro,Urbana,Semáforo,Funciona,Recta,Bueno,Buena,Nocturna,Buen Tiempo,Lateral,S/D,Colisión,Otro,Horizontal,Ninguna,Sin restricción,POINT (-60.6577969 -32.9331877),"['Brown', 'Callao']",2,Almirante Brown; Callao,-32.9331877,-60.6577969,55.0,538.0,Municipio Rosario,Municipio,Rosario,820210,Servicio de Catastro e Información Territorial,IGN
2014,2667,2014-04-23,Miercoles,0.0,14:00:00,,0.0,2,"Pickup/Utilitario,Peatón",Bv. Avellaneda Y E.Zeballos,2,1,0,0,1,0,0,,Avenida,,ROSARIO,Rosario,Asfalto,S/D,II,S/D,Urbana,Ninguna,S/D,Recta,Bueno,Buena,Diurna,Buen Tiempo,S/D,S/D,Atropello,Otro,S/D,Barrera de hormigón,Sin restricción,POINT (-60.68126855 -32.94766455),"['Avellaneda', 'Zeballos']",2,Bulevar Nicolás Avellaneda; Zeballos,-32.94766455,-60.68126855,55.0,538.0,Municipio Rosario,Municipio,Rosario,820210,Servicio de Catastro e Información Territorial,IGN
2014,2668,2014-04-08,Martes,0.0,23:00:00,,0.0,2,"Moto/Ciclomotor,Automóvil",Baigorria Y Zelaya,3,2,0,0,1,0,0,,Calle,,ROSARIO,Rosario,Asfalto,S/D,II,Dentro,Urbana,Semáforo,Funciona,Recta,Bueno,Buena,Nocturna,Buen Tiempo,Lateral,S/D,Colisión,Ninguna,"Horizontal,Vertical",Ninguna,Sin restricción,POINT (-60.69689309999999 -32.8923404),"['Baigorria', 'Zelaya']",2,Baigorria; Zelaya,-32.8923404,-60.69689309999999,55.0,538.0,Municipio Rosario,Municipio,Rosario,820210,Servicio de Catastro e Información Territorial,IGN
2014,2669,2014-04-06,Domingo,0.0,21:55:00,,0.0,2,"Moto/Ciclomotor,Pickup/Utilitario",San Lorenzo Y Constitucion,2,1,0,0,1,0,0,,Calle,,ROSARIO,Rosario,Asfalto,No existe,II,Dentro,Urbana,Ninguna,No existe,Recta,Bueno,Buena,Nocturna,Buen Tiempo,Lateral,S/D,Colisión,Otro,Faltante,Ninguna,Sin restricción,POINT (-60.6730946 -32.9377649),"['San Lorenzo', 'Constitución']",2,San Lorenzo; Constitución,-32.9377649,-60.6730946,55.0,538.0,Municipio Rosario,Municipio,Rosario,820210,Servicio de Catastro e Información Territorial,IGN
2014,2671,2014-04-02,Miercoles,0.0,20:15:00,,0.0,2,"Peatón,Automóvil",Bv. Segui Y Dorrego,2,1,0,0,1,0,0,,Avenida,,ROSARIO,Rosario,Asfalto,No existe,II,Dentro,Urbana,Ninguna,No existe,Intersección,Bueno,Buena,Diurna,Buen Tiempo,S/D,S/D,Atropello,Ninguna,Faltante,Ninguna,Sin restricción,POINT (-60.657444850000005 -32.97709334999999),"['Bulevar Juan Francisco Seguí', 'Dorrego']",2,Bulevar Juan Francisco Seguí; Manuel Dorrego,-32.97709334999999,-60.657444850000005,55.0,538.0,Municipio Rosario,Municipio,Rosario,820210,Servicio de Catastro e Información Territorial,IGN
2014,2672,2014-04-19,Sabado,0.0,13:59:00,,0.0,2,"Moto/Ciclomotor,Automóvil",Av. Ovidio Lagos 7300,2,1,0,0,1,0,0,,Avenida,,ROSARIO,Rosario,Asfalto,Natural,II,Dentro,Urbana,S/D,No existe,Recta,Otro,Buena,Diurna,Buen Tiempo,Lateral,S/D,Colisión,Otro,S/D,Barrera de hormigón,Obra en Construcción,"-33.0259193, -60.6809495",['Ovidio Lagos 7300'],1,Ovidio Lagos 7300,-33.0259193,-60.6809495,55.0,538.0,Municipio Rosario,Municipio,Rosario,820210,Servicio de Catastro e Información Territorial,IGN
2014,2673,2014-04-24,Jueves,0.0,12:20:00,,0.0,2,"Automóvil,Automóvil",Warnes Y M.Perdriel,2,1,0,0,1,0,0,,Calle,,ROSARIO,Rosario,Asfalto,No existe,II,Dentro,Urbana,Ninguna,No existe,Intersección,Bueno,Buena,Diurna,Buen Tiempo,Frontal,S/D,Colisión,Ninguna,Faltante,Ninguna,Sin restricción,POINT (-60.69448479999999 -32.892773600000005),"['Warnes', 'Perdriel']",2,Ignacio Warnes; Perdriel,-32.892773600000005,-60.69448479999999,55.0,538.0,Municipio Rosario,Municipio,Rosario,820210,Servicio de Catastro e Información Territorial,IGN
2014,2674,2014-04-09,Miercoles,0.0,11:50:00,,0.0,2,"Automóvil,Pickup/Utilitario",Bv. Rondeau 900,2,1,0,0,1,0,0,,Avenida,,ROSARIO,Rosario,Asfalto,No existe,II,Dentro,Urbana,Semáforo,Funciona,Recta,Bueno,Buena,Diurna,Buen Tiempo,Frontal,S/D,Colisión,Ninguna,Vertical,Cordón divisorio,Sin restricción,"-32.9059584, -60.6886429",['Rondeau 900'],1,Rondeau 900,-32.9059584,-60.6886429,55.0,538.0,Municipio Rosario,Municipio,Rosario,820210,Servicio de Catastro e Información Territorial,IGN
2014,2675,2014-04-25,Viernes,0.0,17:50:00,,0.0,3,"Automóvil,Automóvil,Automóvil",Av. Ovidio Lagos Y Santa Fe,3,1,0,0,2,0,0,,Calle,,ROSARIO,Rosario,Asfalto,No existe,II,S/D,Urbana,Semáforo,Intermitente,Recta,Bueno,Buena,Atardecer,Buen Tiempo,Otro,S/D,Colisión,Otro,S/D,S/D,Sin restricción,POINT (-60.661118 -32.94092100000001),"['Avenida Ovidio Lagos', 'Santa Fe']",2,Avenida Ovidio Lagos; Santa Fe,-32.94092100000001,-60.661118,55.0,538.0,Municipio Rosario,Municipio,Rosario,820210,Servicio de Catastro e Información Territorial,IGN
2014,2678,2014-04-30,Miercoles,0.0,10:40:00,,0.0,2,"Moto/Ciclomotor,Automóvil",Laprida Y Cerrito,3,2,0,0,1,0,0,,Calle,,ROSARIO,Rosario,Asfalto,No existe,II,Dentro,Urbana,S/D,S/D,S/D,S/D,S/D,Diurna,S/D,S/D,S/D,Colisión,S/D,S/D,S/D,S/D,POINT (-60.63814120000001 -32.962570299999996),"['Laprida', 'Cerrito']",2,Francisco Narciso Laprida; Cerrito,-32.9625703,-60.63814120000001,55.0,538.0,Municipio Rosario,Municipio,Rosario,820210,Servicio de Catastro e Información Territorial,IGN
2014,2679,2014-04-18,Viernes,0.0,12:00:00,,0.0,2,"Bicicleta,Automóvil",Av. Ntra.Sra.del Rosario Y San Martin,2,1,0,0,1,0,0,,Avenida,,ROSARIO,Rosario,Asfalto,No existe,II,Dentro,Urbana,Ninguna,No existe,Intersección,Bueno,Buena,Diurna,Buen Tiempo,S/D,S/D,Atropello,Ninguna,Faltante,Ninguna,Sin restricción,POINT (-60.64865950000001 -32.999877549999994),"['Nuestra Señora del Rosario', 'San Martin']",2,Puente Nuestra Señora del Rosario; José de San Martín,-32.999877549999994,-60.64865950000001,55.0,538.0,Municipio Rosario,Municipio,Rosario,820210,Servicio de Catastro e Información Territorial,IGN
2014,2682,2014-04-23,Miercoles,0.0,15:09:00,,0.0,2,"Moto/Ciclomotor,Automóvil",Bv. Rondeau Y Baigorria,2,1,0,0,1,0,0,,Avenida,,ROSARIO,Rosario,Asfalto,No existe,II,Dentro,Urbana,Semáforo,Funciona,Recta,Bueno,Buena,Diurna,Buen Tiempo,Lateral,S/D,Colisión,Ninguna,Vertical,Cordón divisorio,Sin restricción,POINT (-60.693283075000004 -32.89152782499999),"['Rondeau', 'Baigorria']",2,Bulevar General José Rondeau; Baigorria,-32.89152782499999,-60.693283075,55.0,538.0,Municipio Rosario,Municipio,Rosario,820210,Servicio de Catastro e Información Territorial,IGN
2014,2683,2014-04-11,Viernes,0.0,21:00:00,,0.0,2,"Automóvil,Moto/Ciclomotor",J.J.Paso Y Garzon,2,1,0,0,1,0,0,,Calle,,ROSARIO,Rosario,Asfalto,No existe,II,Dentro,Urbana,Ninguna,No existe,Intersección,Con baches,Buena,Nocturna,Buen Tiempo,De alcance,S/D,Colisión,Ninguna,Faltante,Ninguna,Sin restricción,POINT (-60.7063232 -32.92003734999999),"['Paso', 'Garzón']",2,"('Avenida Juan José Paso', 'Garzón')",-32.92003734999999,-60.7063232,55.0,538.0,Municipio Rosario,Municipio,Rosario,820210,Servicio de Catastro e Información Territorial,IGN
2014,2684,2014-04-12,Sabado,0.0,11:30:00,,0.0,2,"Pickup/Utilitario,Bicicleta",Bv. Rondeau 100,2,1,0,0,1,0,0,,Avenida,,ROSARIO,Rosario,Asfalto,No existe,II,Dentro,Urbana,Semáforo,Funciona,Recta,Bueno,Buena,Diurna,Buen Tiempo,S/D,S/D,Atropello,Ninguna,Vertical,Cordón divisorio,Sin restricción,"-32.9140603, -60.6861994",['Rondeau 100'],1,Rondeau 100,-32.9140603,-60.6861994,55.0,538.0,Municipio Rosario,Municipio,Rosario,820210,Servicio de Catastro e Información Territorial,IGN
2014,2686,2014-04-11,Viernes,0.0,17:00:00,,0.0,2,"Moto/Ciclomotor,Automóvil",Ocampo Y Buenos Aires,2,1,0,0,1,0,0,,Calle,,ROSARIO,Rosario,Asfalto,No existe,II,Dentro,Urbana,Ninguna,No existe,Recta,Bueno,S/D,Diurna,Buen Tiempo,Lateral,S/D,Colisión,Ninguna,S/D,Ninguna,Sin restricción,POINT (-60.637728 -32.9674326),"['Ocampo', 'Buenos Aires']",2,Ocampo; Buenos Aires,-32.9674326,-60.637728,55.0,538.0,Municipio Rosario,Municipio,Rosario,820210,Servicio de Catastro e Información Territorial,IGN
2014,2687,2014-04-17,Jueves,0.0,18:00:00,,0.0,2,"Bicicleta,Automóvil",San Martin Y Gaboto,2,1,0,0,1,0,0,,Avenida,,ROSARIO,Rosario,Asfalto,No existe,II,Dentro,Urbana,Ninguna,No existe,Intersección,Bueno,Buena,Diurna,Buen Tiempo,S/D,S/D,Atropello,Ninguna,Faltante,Ninguna,Sin restricción,POINT (-60.6434439 -32.9736111),"['San Martin', 'Gaboto']",2,José de San Martín; Gaboto,-32.9736111,-60.6434439,55.0,538.0,Municipio Rosario,Municipio,Rosario,820210,Servicio de Catastro e Información Territorial,IGN
2014,2688,2014-04-23,Miercoles,0.0,22:00:00,,0.0,2,"Automóvil,Moto/Ciclomotor",Av. Battle y Ordoñez 3500,2,1,0,0,1,0,0,,Avenida,,ROSARIO,Rosario,Asfalto,Natural,II,Dentro,Urbana,Señal Pare,No existe,Recta,Bueno,Buena,Nocturna,Buen Tiempo,Lateral,S/D,Colisión,S/D,Horizontal,Ninguna,Sin restricción,"-33.009042, -60.6558939",['Avenida Battle y Ordoñez 3500'],1,Avenida Battle y Ordoñez 3500,-33.009042,-60.6558939,55.0,538.0,Municipio Rosario,Municipio,Rosario,820210,Servicio de Catastro e Información Territorial,IGN
2014,2690,2014-01-19,Domingo,0.0,14:00:00,,0.0,2,"Automóvil,Bicicleta",San Juan 2800,2,1,0,0,1,0,0,,Calle,,ROSARIO,Rosario,Asfalto,No existe,II,S/D,Urbana,Otra Señal,No existe,Recta,Bueno,Buena,Diurna,Buen Tiempo,S/D,S/D,Atropello,Otro,Faltante,Ninguna,Sin restricción,"-32.9459717, -60.6622323",['San Juan 2800'],1,San Juan 2800,-32.9459717,-60.6622323,55.0,538.0,Municipio Rosario,Municipio,Rosario,820210,Servicio de Catastro e Información Territorial,IGN
2014,2692,2014-04-08,Martes,0.0,18:30:00,,0.0,2,"Moto/Ciclomotor,Automóvil",J.J.Paso 2000,2,1,0,0,1,0,0,,Calle,,ROSARIO,Rosario,Asfalto,Pavimento,II,Dentro,Urbana,Semáforo,Funciona,Intersección,Bueno,Buena,Atardecer,Buen Tiempo,Lateral,S/D,Colisión,S/D,S/D,Ninguna,Sin restricción,"-32.9189815, -60.6723573",['Juan José Paso 2000'],1,Juan José Paso 2000,-32.9189815,-60.6723573,55.0,538.0,Municipio Rosario,Municipio,Rosario,820210,Servicio de Catastro e Información Territorial,IGN
2014,2693,2014-04-21,Lunes,0.0,13:30:00,,0.0,2,"Automóvil,Moto/Ciclomotor",Washington Y Darragueira,3,2,0,0,1,0,0,,Calle,,ROSARIO,Rosario,Asfalto,No existe,II,Dentro,Urbana,Señal Pare,No existe,Intersección,Bueno,Buena,Diurna,Buen Tiempo,Frontal,S/D,Colisión,Ninguna,Faltante,Ninguna,Sin restricción,POINT (-60.69286400000001 -32.9017565),"['Washington', 'José Darragueira']",2,Washington; José Darragueira,-32.9017565,-60.69286400000001,55.0,538.0,Municipio Rosario,Municipio,Rosario,820210,Servicio de Catastro e Información Territorial,IGN
2014,2694,2014-04-16,Miercoles,0.0,20:20:00,,0.0,2,"Automóvil,Moto/Ciclomotor",Bv. Oroño Y Dean Funes,2,1,0,0,1,0,0,,Avenida,,ROSARIO,Rosario,Asfalto,No existe,II,Dentro,Urbana,Ninguna,No existe,Intersección,Bueno,Buena,Nocturna,Buen Tiempo,Lateral,S/D,Colisión,Ninguna,Faltante,Ninguna,Sin restricción,POINT (-60.660666600000006 -32.972956899999986),"['Bulevar Nicasio Oroño', 'Deán Gregorio Funes']",2,Bulevar Nicasio Oroño; Deán Gregorio Funes,-32.972956899999986,-60.660666600000006,55.0,538.0,Municipio Rosario,Municipio,Rosario,820210,Servicio de Catastro e Información Territorial,IGN
2014,2695,2014-04-12,Sabado,0.0,07:40:00,,0.0,2,"Moto/Ciclomotor,Moto/Ciclomotor",Necochea Y La Paz,3,3,0,0,0,0,0,,Calle,,ROSARIO,Rosario,Asfalto,No existe,II,Dentro,Urbana,Ninguna,No existe,Recta,Bueno,Buena,Diurna,Buen Tiempo,Lateral,S/D,Colisión,Otro,Faltante,Ninguna,Sin restricción,POINT (-60.6285924 -32.966664399999985),"['Necochea', 'La Paz']",2,Necochea; La Paz,-32.966664399999985,-60.6285924,55.0,538.0,Municipio Rosario,Municipio,Rosario,820210,Servicio de Catastro e Información Territorial,IGN
2014,2696,2014-04-10,Jueves,0.0,17:15:00,,0.0,2,"Automóvil,Moto/Ciclomotor",Ameghino Y Mitre,2,1,0,0,1,0,0,,Calle,,ROSARIO,Rosario,Asfalto,No existe,II,Dentro,Urbana,Ninguna,No existe,Intersección,Bueno,Buena,Diurna,Buen Tiempo,Lateral,S/D,Colisión,Ninguna,Faltante,Ninguna,Sin restricción,POINT (-60.649806600000005 -32.9868629),"['Ameghino', 'Mitre']",2,Ameghino; Bartolomé Mitre,-32.9868629,-60.649806600000005,55.0,538.0,Municipio Rosario,Municipio,Rosario,820210,Servicio de Catastro e Información Territorial,IGN
2014,2698,2014-04-29,Martes,0.0,14:15:00,,0.0,2,"Automóvil,Automóvil",Pascual Rosas Y Av. Pellegrini,3,2,0,0,1,0,0,,Avenida,,ROSARIO,Rosario,Asfalto,S/D,II,Fuera,Urbana,Semáforo,Funciona,Recta,Bueno,Buena,Diurna,Otro,S/D,S/D,Colisión,Otro,Horizontal,S/D,Sin restricción,POINT (-60.688683100000006 -32.948717099999996),"['Pascual Rosas', 'Pellegrini']",2,Pascual Rosas; Avenida Carlos Pellegrini,-32.9487171,-60.688683100000006,55.0,538.0,Municipio Rosario,Municipio,Rosario,820210,Servicio de Catastro e Información Territorial,IGN
2014,2700,2014-04-06,Domingo,0.0,17:40:00,,0.0,2,"Automóvil,Vehículo Oficial",Matheu Y Bv. Rondeau,3,2,0,0,1,0,0,,Avenida,,ROSARIO,Rosario,Asfalto,No existe,II,Dentro,Urbana,Semáforo,Funciona,Intersección,Bueno,Buena,Diurna,Buen Tiempo,Frontal,S/D,Colisión,Ninguna,Vertical,Cordón divisorio,Sin restricción,POINT (-60.694274275000005 -32.888422175),"['Matheu', 'Rondeau']",2,Domingo Matheu; Bulevar General José Rondeau,-32.888422175,-60.694274275000005,55.0,538.0,Municipio Rosario,Municipio,Rosario,820210,Servicio de Catastro e Información Territorial,IGN
2014,2701,2014-04-02,Miercoles,0.0,03:30:00,,0.0,2,"Moto/Ciclomotor,Automóvil",Ayacucho Y Av. Uriburu,3,2,0,0,1,0,0,,Avenida,,ROSARIO,Rosario,Asfalto,No existe,II,Dentro,Urbana,Semáforo,Intermitente,Intersección,S/D,S/D,Nocturna,S/D,Lateral,S/D,Colisión,S/D,Vertical,Cordón divisorio,S/D,POINT (-60.63691935000001 -32.990357849999995),"['Ayacucho', 'Uriburu']",2,Ayacucho; Avenida José Uriburu,-32.990357849999995,-60.63691935000001,55.0,538.0,Municipio Rosario,Municipio,Rosario,820210,Servicio de Catastro e Información Territorial,IGN
2014,2702,2014-04-13,Domingo,0.0,10:00:00,,0.0,2,"Peatón,Otros",Bv. 27 De Febrero Y J.M.de Rosas,2,0,1,0,0,0,1,,Avenida,,ROSARIO,Rosario,Asfalto,No existe,II,Dentro,Urbana,Ninguna,No existe,S/D,Bueno,S/D,Diurna,Otro,S/D,S/D,Atropello,Ninguna,Faltante,Cordón divisorio,Sin restricción,POINT (-60.63658995 -32.968827499999996),"['27 de Febrero', 'De Rosas']",2,Bulevar 27 de Febrero; Juan Manuel de Rosas,-32.9688275,-60.63658995,55.0,538.0,Municipio Rosario,Municipio,Rosario,820210,Servicio de Catastro e Información Territorial,IGN
2014,2703,2014-04-02,Miercoles,0.0,06:30:00,,0.0,1,Moto/Ciclomotor,J.J.Paso 2000,1,1,0,0,0,0,0,,Calle,,ROSARIO,Rosario,Asfalto,Pavimento,II,Dentro,Urbana,Ninguna,No existe,Intersección,Bueno,Buena,Amanecer,Otro,S/D,S/D,Colisión,Otro,Faltante,Ninguna,Sin restricción,"-32.9189815, -60.6723573",['Juan José Paso 2000'],1,Juan José Paso 2000,-32.9189815,-60.6723573,55.0,538.0,Municipio Rosario,Municipio,Rosario,820210,Servicio de Catastro e Información Territorial,IGN
2014,2704,2014-04-18,Viernes,0.0,13:10:00,,0.0,2,"Automóvil,Moto/Ciclomotor",Bv. Rondeau Y Av. Sorrento,2,1,0,0,1,0,0,,Avenida,,ROSARIO,Rosario,Asfalto,No existe,II,Dentro,Urbana,Semáforo,Funciona,Recta,Bueno,Buena,Diurna,Buen Tiempo,Frontal,S/D,Colisión,Ninguna,Vertical,Cordón divisorio,Sin restricción,POINT (-60.68858005 -32.90707667499999),"['Rondeau', 'Sorrento']",2,Bulevar General José Rondeau; Avenida Sorrento,-32.90707667499999,-60.68858005,55.0,538.0,Municipio Rosario,Municipio,Rosario,820210,Servicio de Catastro e Información Territorial,IGN
2014,2705,2014-04-10,Jueves,0.0,11:40:00,,0.0,2,"Automóvil,Moto/Ciclomotor",Dorrego Y Dean Funes,3,1,0,0,2,0,0,,Calle,,ROSARIO,Rosario,Asfalto,No existe,II,S/D,S/D,Ninguna,No existe,Intersección,Bueno,Buena,Diurna,Buen Tiempo,Lateral,S/D,Colisión,Ninguna,Faltante,Ninguna,Sin restricción,POINT (-60.656588500000005 -32.9736841),"['Dorrego', 'Deán Gregorio Funes']",2,Manuel Dorrego; Deán Gregorio Funes,-32.9736841,-60.656588500000005,55.0,538.0,Municipio Rosario,Municipio,Rosario,820210,Servicio de Catastro e Información Territorial,IGN
2014,2707,2014-04-11,Viernes,0.0,14:00:00,,0.0,2,"Vehículo Oficial,Automóvil",French Y Ecuador,2,1,0,0,1,0,0,,Calle,,ROSARIO,Rosario,Asfalto,No existe,II,Dentro,Urbana,Ninguna,No existe,Intersección,Bueno,Buena,Diurna,Buen Tiempo,Lateral,S/D,Colisión,S/D,Faltante,Ninguna,Sin restricción,POINT (-60.7157852 -32.9218568),"['French', 'Ecuador']",2,Domingo French; Ecuador,-32.9218568,-60.7157852,55.0,538.0,Municipio Rosario,Municipio,Rosario,820210,Servicio de Catastro e Información Territorial,IGN
2014,2711,2014-04-23,Miercoles,0.0,07:00:00,,0.0,2,"Moto/Ciclomotor,Automóvil",Av. Ovidio Lagos 7100,2,1,0,0,1,0,0,,Calle,,ROSARIO,Rosario,Asfalto,Natural,II,S/D,S/D,Otra Señal,S/D,Recta,Otro,Buena,Diurna,Buen Tiempo,Lateral,S/D,Colisión,S/D,Horizontal,Barrera de hormigón,Obra en Construcción,"-33.0259193, -60.6809495",['Ovidio Lagos 7100'],1,Ovidio Lagos 7100,-33.0259193,-60.6809495,55.0,538.0,Municipio Rosario,Municipio,Rosario,820210,Servicio de Catastro e Información Territorial,IGN
2014,2712,2014-04-04,Viernes,0.0,07:50:00,,0.0,2,"Moto/Ciclomotor,Automóvil",Gral. J.M.Paz Y Anchorena,3,2,0,0,1,0,0,,Calle,,ROSARIO,Rosario,Asfalto,No existe,II,Dentro,Urbana,Ninguna,No existe,Intersección,S/D,Buena,Diurna,S/D,De alcance,S/D,Colisión,S/D,S/D,Ninguna,Sin restricción,POINT (-60.627302 -32.997146199999996),"['Paz', 'Anchorena']",2,Marcos Paz; Tomás de Anchorena,-32.9971462,-60.627302,55.0,538.0,Municipio Rosario,Municipio,Rosario,820210,Servicio de Catastro e Información Territorial,IGN
2014,2715,2014-04-08,Martes,0.0,11:00:00,,0.0,2,"Automóvil,Taxi/Remis",Bv. Segui Y Av. Corrientes,3,1,0,0,2,0,0,,Avenida,,ROSARIO,Rosario,Asfalto,No existe,II,Dentro,Urbana,Ninguna,No existe,Intersección,Bueno,Buena,Diurna,Buen Tiempo,Lateral,S/D,Colisión,Ninguna,Faltante,Ninguna,Sin restricción,POINT (-60.65060229999999 -32.97832124999999),"['Bulevar Juan Francisco Seguí', 'Corrientes']",2,Bulevar Juan Francisco Seguí; Corrientes,-32.97832124999999,-60.65060229999999,55.0,538.0,Municipio Rosario,Municipio,Rosario,820210,Servicio de Catastro e Información Territorial,IGN