anio_acci,nro_acci,fecha,desc_dia,fecha_aprox,hora_aprox,desc_ruta,km,cant_participantes,desc_participante,calle_avenida_km,total,heridos_leves,heridos_graves,heridos_gravisimos,ilesos,fallecidos,sin_datos,posicion_XY,desc_tipo_via,desc_ruta_ori,desc_loc,desc_dpto,desc_tipo_calzada,desc_tipo_banquina,desc_unidad_regional,desc_lugar_calzada,desc_zona,desc_prioridad,desc_estado_semaforo,desc_lugar_via,desc_estado_via,desc_estado_visibilidad,desc_luminosidad,desc_estado_clima,desc_tipo_colision,desc_tipo_atropello,desc_tipo_hecho,desc_pres_calzada,desc_senializacion,desc_separacion_via,desc_restriccion,forma_geocod,calle_lista,numero_calles,calles_osm,lat,lon,index_right,gid,fna,gna,nam,in1,fdc,sag
2014,2717,2014-04-22,Martes,0.0,07:45:00,,0.0,2,"Moto/Ciclomotor,Automóvil",Washington Y Darragueira,4,2,0,0,2,0,0,,Calle,,ROSARIO,Rosario,Asfalto,No existe,II,Dentro,Urbana,Señal Pare,No existe,Intersección,Bueno,Buena,Diurna,Buen Tiempo,Frontal,S/D,Colisión,Ninguna,Vertical,Ninguna,Sin restricción,POINT (-60.69286400000001 -32.9017565),"['Washington', 'José Darragueira']",2,Washington; José Darragueira,-32.9017565,-60.69286400000001,55.0,538.0,Municipio Rosario,Municipio,Rosario,820210,Servicio de Catastro e Información Territorial,IGN
2014,2718,2014-04-08,Martes,0.0,12:20:00,,0.0,2,"Automóvil,Pickup/Utilitario",Santa Fe Y Av. Francia,2,1,0,0,0,0,1,,Avenida,,ROSARIO,Rosario,Asfalto,S/D,II,S/D,Urbana,Semáforo,Funciona,Recta,Bueno,Buena,Diurna,Buen Tiempo,S/D,S/D,Colisión,S/D,Vertical,Cordón divisorio,S/D,POINT (-60.66519785 -32.94019899999999),"['Santa Fe', 'Avenida Francia']",2,Santa Fe; Avenida Francia,-32.94019899999999,-60.66519785,55.0,538.0,Municipio Rosario,Municipio,Rosario,820210,Servicio de Catastro e Información Territorial,IGN
2014,2720,2014-04-09,Miercoles,0.0,17:35:00,,0.0,2,"Automóvil,Moto/Ciclomotor",Av. Corrientes Y Sanchez de Bustamante,2,1,0,0,1,0,0,,Calle,,ROSARIO,Rosario,Asfalto,No existe,II,Dentro,Urbana,Ninguna,No existe,Intersección,Bueno,Buena,Diurna,Buen Tiempo,Lateral,S/D,Colisión,Ninguna,Faltante,Ninguna,Sin restricción,POINT (-60.65327370000001 -33.00215680000001),"['Corrientes', 'Sánchez de Bustamante']",2,Corrientes; Sánchez de Bustamante,-33.00215680000001,-60.65327370000001,55.0,538.0,Municipio Rosario,Municipio,Rosario,820210,Servicio de Catastro e Información Territorial,IGN
2014,2722,2014-04-11,Viernes,0.0,17:20:00,,0.0,2,"Moto/Ciclomotor,Transporte de Pasajeros Urbano (> 8 asientos)",Sanchez de Thompson Y Abanderado Grandoli,2,1,0,0,1,0,0,,Calle,,ROSARIO,Rosario,Asfalto,No existe,II,Dentro,Urbana,Ninguna,No existe,Intersección,S/D,Buena,Diurna,S/D,Lateral,S/D,Colisión,S/D,S/D,Ninguna,Sin restricción,POINT (-60.62861240000001 -32.9925495),"['Sánchez de Thomson', 'Avenida Abanderado Grandoli']",2,Sánchez de Thomson; Avenida Abanderado Grandoli,-32.9925495,-60.62861240000001,55.0,538.0,Municipio Rosario,Municipio,Rosario,820210,Servicio de Catastro e Información Territorial,IGN
2014,2724,2014-04-15,Martes,0.0,19:40:00,,0.0,2,"Moto/Ciclomotor,Moto/Ciclomotor",Esmeralda Y Viamonte,3,3,0,0,0,0,0,,Calle,,ROSARIO,Rosario,Asfalto,No existe,II,Dentro,Urbana,Señal Pare,No existe,Intersección,Bueno,Buena,"Atardecer,Con luz artificial",Buen Tiempo,De alcance,S/D,Colisión,Ninguna,Vertical,Ninguna,Sin restricción,POINT (-60.626222299999995 -32.968298999999995),"['Esmeralda', 'Viamonte']",2,Esmeralda; Viamonte,-32.968298999999995,-60.6262223,55.0,538.0,Municipio Rosario,Municipio,Rosario,820210,Servicio de Catastro e Información Territorial,IGN
2014,2726,2014-04-05,Sabado,0.0,10:30:00,,0.0,1,Moto/Ciclomotor,Machain 1300,2,2,0,0,0,0,0,,Calle,,ROSARIO,Rosario,Asfalto,No existe,II,Dentro,Urbana,Ninguna,No existe,Recta,Bueno,Buena,Diurna,Buen Tiempo,Atropello animal,S/D,Colisión,Ninguna,Faltante,Ninguna,Sin restricción,"-32.9025051, -60.6970366",['Machain 1300'],1,Machain 1300,-32.9025051,-60.6970366,55.0,538.0,Municipio Rosario,Municipio,Rosario,820210,Servicio de Catastro e Información Territorial,IGN
2014,2727,2014-04-10,Jueves,0.0,11:25:00,,0.0,2,"Automóvil,Taxi/Remis",Catamarca Y Iriondo,2,1,0,0,1,0,0,,Calle,,ROSARIO,Rosario,Asfalto,S/D,II,S/D,Urbana,Semáforo,Funciona,Recta,Bueno,Buena,Diurna,Buen Tiempo,S/D,S/D,S/D,S/D,Vertical,Ninguna,S/D,POINT (-60.6681604 -32.93499529999999),"['Catamarca', 'Iriondo']",2,Catamarca; Iriondo,-32.93499529999999,-60.6681604,55.0,538.0,Municipio Rosario,Municipio,Rosario,820210,Servicio de Catastro e Información Territorial,IGN
2014,2730,2014-04-17,Jueves,0.0,20:00:00,,0.0,2,"Moto/Ciclomotor,Pickup/Utilitario",Ayacucho Y Centenario,4,3,0,0,1,0,0,,Calle,,ROSARIO,Rosario,Asfalto,No existe,II,Dentro,Urbana,Ninguna,No existe,Intersección,Con baches,S/D,Nocturna,S/D,Lateral,S/D,Colisión,Agua,S/D,Ninguna,Sin restricción,POINT (-60.6359918 -33.003850499999984),"['Ayacucho', 'Centenario']",2,Ayacucho; Avenida Centenario Rosario Central,-33.003850499999984,-60.6359918,55.0,538.0,Municipio Rosario,Municipio,Rosario,820210,Servicio de Catastro e Información Territorial,IGN
2014,2731,2014-04-15,Martes,0.0,13:40:00,,0.0,2,"Automóvil,Taxi/Remis",Ayacucho Y Riobamba,2,1,0,0,1,0,0,,Calle,,ROSARIO,Rosario,Asfalto,No existe,II,Dentro,Urbana,Señal Ceda el Paso,No existe,Intersección,Bueno,Buena,Diurna,Buen Tiempo,De alcance,S/D,Colisión,Ninguna,Vertical,Ninguna,Sin restricción,POINT (-60.6310742 -32.9650233),"['Ayacucho', 'Riobamba']",2,Ayacucho; Riobamba,-32.9650233,-60.6310742,55.0,538.0,Municipio Rosario,Municipio,Rosario,820210,Servicio de Catastro e Información Territorial,IGN
2014,2734,2014-04-14,Lunes,0.0,11:50:00,,0.0,2,"Automóvil,Moto/Ciclomotor",Rodriguez Y Guemes,2,1,0,0,1,0,0,,Calle,,ROSARIO,Rosario,Asfalto,No existe,II,S/D,Urbana,Ninguna,No existe,Recta,Bueno,Buena,Diurna,Buen Tiempo,S/D,S/D,Colisión,S/D,Vertical,Ninguna,Sin restricción,POINT (-60.6560836 -32.9322852),"['Rodríguez', 'Güemes']",2,Rodríguez de Escobedo; Güemes,-32.9322852,-60.6560836,55.0,538.0,Municipio Rosario,Municipio,Rosario,820210,Servicio de Catastro e Información Territorial,IGN
2014,2735,2014-04-22,Martes,0.0,15:30:00,,0.0,2,"Moto/Ciclomotor,Automóvil",Pje. Huergo Y Estado de Israel,2,1,0,0,1,0,0,,Calle,,ROSARIO,Rosario,Asfalto,No existe,II,Dentro,Urbana,Ninguna,No existe,Intersección,S/D,Buena,Diurna,Buen Tiempo,Lateral,S/D,Colisión,S/D,S/D,Ninguna,Sin restricción,POINT (-60.6395241 -32.991553999999994),"['Huergo', 'Estado de Israel']",2,Ingeniero Huergo; Estado de Israel,-32.991553999999994,-60.6395241,55.0,538.0,Municipio Rosario,Municipio,Rosario,820210,Servicio de Catastro e Información Territorial,IGN
2014,2737,2014-04-06,Domingo,0.0,18:30:00,,0.0,2,"Automóvil,Automóvil",Mitre Y 24 De Setiembre,4,3,0,0,1,0,0,,Calle,,ROSARIO,Rosario,Asfalto,No existe,II,Dentro,Urbana,Ninguna,No existe,Intersección,Bueno,Buena,Diurna,Buen Tiempo,Lateral,S/D,Colisión,Ninguna,Faltante,Ninguna,Sin restricción,POINT (-60.6480366 -32.979972499999995),"['Mitre', '24 de Septiembre']",2,Bartolomé Mitre; 24 de Septiembre,-32.979972499999995,-60.6480366,55.0,538.0,Municipio Rosario,Municipio,Rosario,820210,Servicio de Catastro e Información Territorial,IGN
2014,2738,2014-04-02,Miercoles,0.0,04:30:00,,0.0,2,"Automóvil,Automóvil",Av. Ovidio Lagos Y La Paz,3,2,0,0,1,0,0,,Calle,,ROSARIO,Rosario,S/D,S/D,II,Dentro,Urbana,S/D,S/D,Intersección,S/D,S/D,Nocturna,S/D,S/D,S/D,S/D,S/D,S/D,S/D,S/D,POINT (-60.6657993 -32.960048499999985),"['Avenida Ovidio Lagos', 'La Paz']",2,Avenida Ovidio Lagos; La Paz,-32.960048499999985,-60.6657993,55.0,538.0,Municipio Rosario,Municipio,Rosario,820210,Servicio de Catastro e Información Territorial,IGN
2014,2742,2014-04-12,Sabado,0.0,13:00:00,,0.0,2,"Bicicleta,Otros",J.J.Paso Y Barra,2,1,0,0,1,0,0,,Calle,,ROSARIO,Rosario,Asfalto,S/D,II,Dentro,Urbana,Ninguna,S/D,Intersección,Bueno,S/D,Diurna,Buen Tiempo,S/D,S/D,Atropello,S/D,Faltante,Ninguna,Sin restricción,POINT (-60.7077707 -32.9200795),"['Paso', 'Barra']",2,Avenida Juan José Paso; Barraco,-32.9200795,-60.7077707,55.0,538.0,Municipio Rosario,Municipio,Rosario,820210,Servicio de Catastro e Información Territorial,IGN
2014,2744,2014-04-16,Miercoles,0.0,16:15:00,,0.0,2,"Bicicleta,Otros",Riobamba Y Ayacucho,2,1,0,0,0,0,1,,Calle,,ROSARIO,Rosario,Asfalto,No existe,II,Dentro,Urbana,Señal Pare,No existe,Intersección,Bueno,Buena,Diurna,Buen Tiempo,S/D,S/D,Atropello,Ninguna,Vertical,Ninguna,Sin restricción,POINT (-60.6310742 -32.9650233),"['Riobamba', 'Ayacucho']",2,Riobamba; Ayacucho,-32.9650233,-60.6310742,55.0,538.0,Municipio Rosario,Municipio,Rosario,820210,Servicio de Catastro e Información Territorial,IGN
2014,2745,2014-04-05,Sabado,0.0,12:25:00,,0.0,2,"Automóvil,Moto/Ciclomotor",Pje. Blanque Y Paraguay,2,1,0,0,1,0,0,,Calle,,ROSARIO,Rosario,Asfalto,No existe,II,Dentro,Urbana,S/D,No existe,Intersección,Bueno,Buena,Diurna,Buen Tiempo,Lateral,S/D,Colisión,Ninguna,Faltante,Ninguna,Sin restricción,POINT (-60.651247 -32.975235500000004),"['Blanqué', 'Paraguay']",2,Blanqué; Paraguay,-32.975235500000004,-60.651247,55.0,538.0,Municipio Rosario,Municipio,Rosario,820210,Servicio de Catastro e Información Territorial,IGN
2014,2746,2014-04-03,Jueves,0.0,14:20:00,,0.0,2,"Moto/Ciclomotor,Automóvil",Av. Corrientes Y Ituzaingo,2,1,0,0,1,0,0,,Calle,,ROSARIO,Rosario,S/D,S/D,II,Dentro,Urbana,S/D,S/D,S/D,S/D,S/D,Diurna,S/D,S/D,S/D,S/D,S/D,S/D,S/D,S/D,POINT (-60.6459293 -32.959987399999996),"['Corrientes', 'Ituzaingó']",2,Corrientes; Ituzaingó,-32.9599874,-60.6459293,55.0,538.0,Municipio Rosario,Municipio,Rosario,820210,Servicio de Catastro e Información Territorial,IGN
2014,2747,2014-04-09,Miercoles,0.0,15:00:00,,0.0,2,"Moto/Ciclomotor,Automóvil",Uriarte Y Laplace,2,1,0,0,1,0,0,,Calle,,ROSARIO,Rosario,Asfalto,S/D,II,Dentro,Urbana,Ninguna,S/D,Intersección,Bueno,Buena,Diurna,Buen Tiempo,Lateral,S/D,Colisión,Ninguna,S/D,Ninguna,Sin restricción,POINT (-60.70190199999999 -32.9014049),"['Uriarte', 'Laplace']",2,Uriarte; Laplace,-32.9014049,-60.70190199999999,55.0,538.0,Municipio Rosario,Municipio,Rosario,820210,Servicio de Catastro e Información Territorial,IGN
2014,2750,2014-04-19,Sabado,0.0,12:00:00,,0.0,2,"Moto/Ciclomotor,Automóvil",Riobamba Y L.N.Alem,2,1,0,0,0,0,1,,Calle,,ROSARIO,Rosario,Asfalto,No existe,II,Dentro,Urbana,Señal Pare,No existe,Intersección,Bueno,Buena,Diurna,Buen Tiempo,De alcance,S/D,Colisión,Ninguna,Vertical,Ninguna,Sin restricción,POINT (-60.6324245 -32.9647893),"['Riobamba', 'Alem']",2,Riobamba; Leandro N. Alem,-32.9647893,-60.6324245,55.0,538.0,Municipio Rosario,Municipio,Rosario,820210,Servicio de Catastro e Información Territorial,IGN
2014,2751,2014-04-14,Lunes,0.0,15:45:00,,0.0,2,"Automóvil,Moto/Ciclomotor",Entre Rios Y Uruguay,2,1,0,0,1,0,0,,S/D,,ROSARIO,Rosario,Asfalto,No existe,II,S/D,S/D,Ninguna,No existe,Intersección,Bueno,Buena,Diurna,Buen Tiempo,Lateral,S/D,Colisión,Ninguna,Faltante,Ninguna,Sin restricción,POINT (-60.6486096 -32.97631599999999),"['Entre Ríos', 'Uruguay']",2,Entre Ríos; Uruguay,-32.97631599999999,-60.6486096,55.0,538.0,Municipio Rosario,Municipio,Rosario,820210,Servicio de Catastro e Información Territorial,IGN
2014,2752,2014-03-19,Miercoles,0.0,,,0.0,2,"Automóvil,Automóvil",Blas Parera Y Esquivel,3,2,0,0,1,0,0,,Calle,,ROSARIO,Rosario,Asfalto,S/D,II,Dentro,Urbana,Ninguna,S/D,Recta,Bueno,S/D,S/D,Buen Tiempo,Frontal,S/D,Colisión,Ninguna,Faltante,Ninguna,Sin restricción,POINT (-60.7047482 -32.902942799999984),"['Blas Parera', 'Esquivel']",2,Blas Parera; Esquivel,-32.902942799999984,-60.7047482,55.0,538.0,Municipio Rosario,Municipio,Rosario,820210,Servicio de Catastro e Información Territorial,IGN
2014,2754,2014-04-03,Jueves,0.0,16:30:00,,0.0,3,"Taxi/Remis,Automóvil,Automóvil",Bv. 27 De Febrero 2600,3,2,0,0,1,0,0,,Avenida,,ROSARIO,Rosario,S/D,S/D,II,Dentro,Urbana,S/D,S/D,Intersección,S/D,S/D,S/D,S/D,Múltiple,S/D,Colisión,S/D,S/D,S/D,S/D,"-32.96371055234899, -60.6642424147651",['27 De Febrero 2600'],1,27 De Febrero 2600,-32.96371055234899,-60.6642424147651,55.0,538.0,Municipio Rosario,Municipio,Rosario,820210,Servicio de Catastro e Información Territorial,IGN
2014,2755,2014-04-19,Sabado,0.0,19:00:00,,0.0,2,"Moto/Ciclomotor,Peatón",Casiano Casas Y Pavlov,2,1,0,0,1,0,0,,Calle,,ROSARIO,Rosario,Asfalto,S/D,II,Dentro,Urbana,Semáforo,Funciona,Recta,Bueno,Buena,Atardecer,Buen Tiempo,S/D,S/D,Atropello,Ninguna,Vertical,Cordón divisorio,Sin restricción,POINT (-60.70402385 -32.901810499999996),"['Avenida Casiano Casas', 'Pavlov']",2,Avenida Casiano Casas; Pavlov,-32.9018105,-60.70402385,55.0,538.0,Municipio Rosario,Municipio,Rosario,820210,Servicio de Catastro e Información Territorial,IGN
2014,2758,2014-04-14,Lunes,0.0,16:50:00,,0.0,2,"Moto/Ciclomotor,Automóvil",Santiago 40,2,1,0,0,1,0,0,,S/D,,ROSARIO,Rosario,Asfalto,No existe,II,S/D,S/D,Ninguna,No existe,Recta,Bueno,Buena,Diurna,Buen Tiempo,Otro,S/D,Colisión,Otro,Faltante,Ninguna,Sin restricción,"-32.934388324489795, -60.65382945306122",['Santiago 40'],1,Santiago 40,-32.934388324489795,-60.65382945306122,55.0,538.0,Municipio Rosario,Municipio,Rosario,820210,Servicio de Catastro e Información Territorial,IGN
2014,2759,2014-04-04,Viernes,0.0,07:30:00,,0.0,2,"Pickup/Utilitario,Moto/Ciclomotor",San Martin Y Sanchez de Bustamante,3,2,0,0,1,0,0,,Avenida,,ROSARIO,Rosario,Asfalto,No existe,II,S/D,S/D,Ninguna,No existe,Intersección,Bueno,Buena,Diurna,Buen Tiempo,Lateral,S/D,Colisión,Ninguna,Faltante,Ninguna,Sin restricción,POINT (-60.64913584999999 -33.0020069),"['San Martin', 'Sánchez de Bustamante']",2,José de San Martín; Sánchez de Bustamante,-33.0020069,-60.64913584999999,55.0,538.0,Municipio Rosario,Municipio,Rosario,820210,Servicio de Catastro e Información Territorial,IGN
2014,2761,2014-04-05,Sabado,0.0,12:00:00,,0.0,2,"Pickup/Utilitario,Moto/Ciclomotor",Bv. 27 De Febrero Y Av. Circunvalacion,2,2,0,0,0,0,0,,Avenida,,ROSARIO,Rosario,"Asfalto,Hormigón",Natural,II,Dentro,Urbana,Semáforo,Funciona,Intersección,Con baches,Buena,Diurna,Buen Tiempo,Lateral,S/D,Colisión,S/D,S/D,S/D,Sin restricción,POINT (-60.671730569613096 -32.965475411263625),"['27 de Febrero', 'Circunvalacion']",2,Bulevar 27 de Febrero; Avenida de Circunvalación 25 de Mayo,-32.965475411263625,-60.671730569613096,55.0,538.0,Municipio Rosario,Municipio,Rosario,820210,Servicio de Catastro e Información Territorial,IGN
2014,2762,2014-04-25,Viernes,0.0,,,0.0,2,"Moto/Ciclomotor,Automóvil",Riobamba Y Buenos Aires,2,1,0,0,1,0,0,,Calle,,ROSARIO,Rosario,Hormigón,S/D,II,Dentro,Urbana,Ninguna,S/D,Intersección,Bueno,S/D,S/D,Buen Tiempo,Lateral,S/D,Colisión,S/D,Faltante,Ninguna,S/D,POINT (-60.6368644 -32.963997699999986),"['Riobamba', 'Buenos Aires']",2,Riobamba; Buenos Aires,-32.963997699999986,-60.6368644,55.0,538.0,Municipio Rosario,Municipio,Rosario,820210,Servicio de Catastro e Información Territorial,IGN
2014,2764,2014-04-09,Miercoles,0.0,,,0.0,2,"Moto/Ciclomotor,Automóvil",J.C.Paz Y Nansen,2,1,0,0,1,0,0,,Calle,,ROSARIO,Rosario,Asfalto,No existe,II,Dentro,Urbana,Ninguna,No existe,Intersección,Bueno,Buena,S/D,Buen Tiempo,Frontal,S/D,Colisión,Ninguna,Faltante,Ninguna,Sin restricción,POINT (-60.6856607 -32.90925910000001),"['Paz', 'Nansen']",2,Marcos Paz; Avenida Nansen,-32.90925910000001,-60.6856607,55.0,538.0,Municipio Rosario,Municipio,Rosario,820210,Servicio de Catastro e Información Territorial,IGN
2014,2765,2014-04-07,Lunes,0.0,19:45:00,,0.0,2,"Automóvil,Automóvil",Bv. Rondeau 4300,2,1,0,0,1,0,0,,Avenida,,ROSARIO,Rosario,Asfalto,S/D,II,Dentro,Urbana,Ninguna,S/D,Recta,Bueno,Buena,Atardecer,Buen Tiempo,S/D,S/D,Colisión,Ninguna,S/D,Cordón divisorio,Sin restricción,"-32.8744917, -60.6982076",['Rondeau 4300'],1,Rondeau 4300,-32.8744917,-60.6982076,55.0,538.0,Municipio Rosario,Municipio,Rosario,820210,Servicio de Catastro e Información Territorial,IGN
2014,2766,2014-04-04,Viernes,0.0,18:00:00,,0.0,2,"Moto/Ciclomotor,Automóvil",Entre Rios Y Ocampo,2,1,0,0,1,0,0,,Calle,,ROSARIO,Rosario,S/D,S/D,II,Dentro,Urbana,S/D,S/D,Intersección,S/D,S/D,Atardecer,S/D,S/D,S/D,Colisión,S/D,S/D,S/D,S/D,POINT (-60.645984299999995 -32.96596579999999),"['Entre Ríos', 'Ocampo']",2,Entre Ríos; Ocampo,-32.96596579999999,-60.6459843,55.0,538.0,Municipio Rosario,Municipio,Rosario,820210,Servicio de Catastro e Información Territorial,IGN
2014,2769,2014-04-15,Martes,0.0,09:30:00,,0.0,2,"Peatón,Automóvil",San Lorenzo Y Bv. Avellaneda,2,1,0,0,1,0,0,,Avenida,,ROSARIO,Rosario,Asfalto,No existe,II,S/D,Urbana,Semáforo,Funciona,Recta,Bueno,Buena,Diurna,Buen Tiempo,S/D,S/D,Atropello,Otro,Horizontal,Ninguna,Sin restricción,POINT (-60.67856895 -32.936793300000005),"['San Lorenzo', 'Avellaneda']",2,San Lorenzo; Bulevar Nicolás Avellaneda,-32.936793300000005,-60.67856895,55.0,538.0,Municipio Rosario,Municipio,Rosario,820210,Servicio de Catastro e Información Territorial,IGN
2014,2771,2014-04-14,Lunes,0.0,13:00:00,,0.0,2,"Automóvil,Moto/Ciclomotor",Riobamba Y Brasil,2,1,0,0,1,0,0,,Calle,,ROSARIO,Rosario,Asfalto,No existe,II,Fuera,Urbana,Ninguna,No existe,Recta,Bueno,Buena,Diurna,Buen Tiempo,Lateral,S/D,Colisión,Ninguna,Faltante,S/D,Sin restricción,POINT (-60.71897270000001 -32.95470110000001),"['Riobamba', 'Brasil']",2,Riobamba; Brasil,-32.95470110000001,-60.71897270000001,55.0,538.0,Municipio Rosario,Municipio,Rosario,820210,Servicio de Catastro e Información Territorial,IGN
2014,2773,2014-04-07,Lunes,0.0,07:45:00,,0.0,2,"Taxi/Remis,Moto/Ciclomotor",Av. Corrientes Y Ocampo,2,1,0,0,1,0,0,,Calle,,ROSARIO,Rosario,S/D,S/D,II,Dentro,Urbana,S/D,S/D,Intersección,S/D,S/D,Diurna,S/D,S/D,S/D,Colisión,S/D,S/D,S/D,S/D,POINT (-60.647380000000005 -32.96571769999999),"['Corrientes', 'Ocampo']",2,Corrientes; Ocampo,-32.96571769999999,-60.647380000000005,55.0,538.0,Municipio Rosario,Municipio,Rosario,820210,Servicio de Catastro e Información Territorial,IGN
2014,2774,2014-04-30,Miercoles,0.0,19:00:00,,0.0,2,"Peatón,Automóvil",Av. Alberdi Bis Y Montes Carballo,2,1,0,0,1,0,0,,Avenida,,ROSARIO,Rosario,Asfalto,S/D,II,Dentro,Urbana,S/D,S/D,Intersección,S/D,S/D,Atardecer,S/D,S/D,S/D,Atropello,S/D,S/D,S/D,S/D,POINT (-60.68009227500001 -32.922158075),"['Alberdi', 'Avenida Doctor Luis Cándido Carballo']",2,Avenida Alberdi; Avenida Doctor Luis Cándido Carballo,-32.922158075,-60.68009227500001,55.0,538.0,Municipio Rosario,Municipio,Rosario,820210,Servicio de Catastro e Información Territorial,IGN
2014,2775,2014-04-27,Domingo,0.0,,,0.0,2,"Automóvil,Moto/Ciclomotor",Pasco Y L.N.Alem,2,1,0,0,1,0,0,,Calle,,ROSARIO,Rosario,Asfalto,S/D,II,Dentro,Urbana,Señal Pare,S/D,Recta,Bueno,S/D,S/D,Buen Tiempo,S/D,S/D,S/D,S/D,Vertical,Ninguna,S/D,POINT (-60.6315826 -32.9613524),"['Pasco', 'Alem']",2,Pasco; Leandro N. Alem,-32.9613524,-60.6315826,55.0,538.0,Municipio Rosario,Municipio,Rosario,820210,Servicio de Catastro e Información Territorial,IGN
2014,2779,2014-04-01,Martes,0.0,08:50:00,,0.0,2,"Automóvil,Moto/Ciclomotor",Sarmiento Y Pje. Chopin,2,1,0,0,1,0,0,,Calle,,ROSARIO,Rosario,Asfalto,No existe,II,Dentro,Urbana,Ninguna,No existe,Intersección,Bueno,Buena,Diurna,Buen Tiempo,Lateral,S/D,Colisión,Ninguna,Faltante,Ninguna,Sin restricción,POINT (-60.6476897 -32.9842501),"['Sarmiento', 'Chopin']",2,Sarmiento; Federico Chopin,-32.9842501,-60.6476897,55.0,538.0,Municipio Rosario,Municipio,Rosario,820210,Servicio de Catastro e Información Territorial,IGN
2014,2780,2014-04-08,Martes,0.0,18:35:00,,0.0,2,"Peatón,Automóvil",Cochabamba Y Pte.Roca,3,2,0,0,1,0,0,,Calle,,ROSARIO,Rosario,S/D,S/D,II,S/D,Urbana,S/D,S/D,S/D,S/D,S/D,Atardecer,S/D,S/D,S/D,Atropello,S/D,S/D,S/D,S/D,POINT (-60.6481136 -32.957187099999985),"['Cochabamba', 'Roca']",2,Cochabamba; Presidente Roca,-32.957187099999985,-60.6481136,55.0,538.0,Municipio Rosario,Municipio,Rosario,820210,Servicio de Catastro e Información Territorial,IGN
2014,2782,2014-04-09,Miercoles,0.0,13:20:00,,0.0,2,"Automóvil,Moto/Ciclomotor",Mariano Cabal Bis Y Jose Ingenieros,2,1,0,0,1,0,0,,Calle,,ROSARIO,Rosario,Asfalto,S/D,II,Dentro,Urbana,S/D,S/D,Intersección,Con baches,Buena,Diurna,Buen Tiempo,Frontal,S/D,Colisión,S/D,Faltante,Ninguna,Sin restricción,POINT (-60.70274800000001 -32.9167849),"['Mariano Cabal', 'José Ingenieros']",2,Mariano Cabal; José Ingenieros,-32.9167849,-60.70274800000001,55.0,538.0,Municipio Rosario,Municipio,Rosario,820210,Servicio de Catastro e Información Territorial,IGN
2014,2784,2014-04-29,Martes,0.0,09:30:00,,0.0,2,"Automóvil,Taxi/Remis",Rivadavia Y Alvear,3,2,0,0,1,0,0,,Avenida,,ROSARIO,Rosario,Asfalto,No existe,II,Dentro,Urbana,Ninguna,No existe,Intersección,Bueno,Buena,Diurna,Buen Tiempo,Lateral,S/D,Colisión,S/D,Faltante,Ninguna,Sin restricción,POINT (-60.651756600000006 -32.93184980000001),"['Rivadavia', 'Alvear']",2,"('Avenida Bernardino Rivadavia', 'Alvear')",-32.93184980000001,-60.651756600000006,55.0,538.0,Municipio Rosario,Municipio,Rosario,820210,Servicio de Catastro e Información Territorial,IGN
2014,2786,2014-04-08,Martes,0.0,19:05:00,,0.0,2,"Automóvil,Bicicleta",Paraguay Y Av. Pellegrini,2,1,0,0,1,0,0,,Avenida,,ROSARIO,Rosario,S/D,S/D,II,Dentro,Urbana,S/D,S/D,Intersección,S/D,S/D,Atardecer,S/D,S/D,S/D,Atropello,S/D,S/D,S/D,S/D,POINT (-60.64646545 -32.95630334999999),"['Paraguay', 'Pellegrini']",2,Paraguay; Avenida Carlos Pellegrini,-32.95630334999999,-60.64646545,55.0,538.0,Municipio Rosario,Municipio,Rosario,820210,Servicio de Catastro e Información Territorial,IGN
2014,2788,2014-04-09,Miercoles,0.0,01:55:00,,0.0,2,"Moto/Ciclomotor,Taxi/Remis",Av. Provincias Unidas Y Gorriti,2,1,0,0,0,0,1,,Avenida,,ROSARIO,Rosario,Asfalto,Pavimento,II,Dentro,Urbana,S/D,Funciona,Recta,Bueno,Buena,"Nocturna,Con luz artificial",Otro,Otro,S/D,Colisión,Ninguna,Horizontal,Ninguna,Sin restricción,POINT (-60.71330590000001 -32.92438785),"['Avenida Provincias Unidas', 'Gorriti']",2,Avenida Provincias Unidas; Gorriti,-32.92438785,-60.71330590000001,55.0,538.0,Municipio Rosario,Municipio,Rosario,820210,Servicio de Catastro e Información Territorial,IGN
2014,2789,2014-04-12,Sabado,0.0,09:30:00,,0.0,2,"Moto/Ciclomotor,Automóvil",Dorrego Y San Lorenzo,2,1,0,0,1,0,0,,Calle,,ROSARIO,Rosario,Asfalto,No existe,II,Dentro,Urbana,Señal Pare,No existe,Intersección,Bueno,Buena,Diurna,Buen Tiempo,Lateral,S/D,Colisión,S/D,Vertical,Ninguna,Sin restricción,POINT (-60.6486306 -32.94215729999999),"['Dorrego', 'San Lorenzo']",2,Manuel Dorrego; San Lorenzo,-32.94215729999999,-60.6486306,55.0,538.0,Municipio Rosario,Municipio,Rosario,820210,Servicio de Catastro e Información Territorial,IGN