anio_acci,nro_acci,fecha,desc_dia,fecha_aprox,hora_aprox,desc_ruta,km,cant_participantes,desc_participante,calle_avenida_km,total,heridos_leves,heridos_graves,heridos_gravisimos,ilesos,fallecidos,sin_datos,posicion_XY,desc_tipo_via,desc_ruta_ori,desc_loc,desc_dpto,desc_tipo_calzada,desc_tipo_banquina,desc_unidad_regional,desc_lugar_calzada,desc_zona,desc_prioridad,desc_estado_semaforo,desc_lugar_via,desc_estado_via,desc_estado_visibilidad,desc_luminosidad,desc_estado_clima,desc_tipo_colision,desc_tipo_atropello,desc_tipo_hecho,desc_pres_calzada,desc_senializacion,desc_separacion_via,desc_restriccion,forma_geocod,calle_lista,numero_calles,calles_osm,lat,lon,index_right,gid,fna,gna,nam,in1,fdc,sag
2014,2790,2014-04-10,Jueves,0.0,17:15:00,,0.0,2,"Automóvil,Moto/Ciclomotor",Entre Rios Y Bv. 27 De Febrero,2,1,0,0,1,0,0,,Avenida,,ROSARIO,Rosario,S/D,S/D,II,S/D,Urbana,Semáforo,Funciona,Recta,S/D,S/D,Diurna,S/D,De alcance,S/D,Colisión,S/D,Vertical,S/D,S/D,POINT (-60.64626885000001 -32.967096450000014),"['Entre Ríos', '27 de Febrero']",2,Entre Ríos; Bulevar 27 de Febrero,-32.967096450000014,-60.64626885000001,55.0,538.0,Municipio Rosario,Municipio,Rosario,820210,Servicio de Catastro e Información Territorial,IGN
2014,2795,2014-04-23,Miercoles,0.0,19:30:00,,0.0,2,"Bicicleta,Automóvil",Av. Battle y Ordoñez Y Laprida,2,1,0,0,1,0,0,,Avenida,,ROSARIO,Rosario,Asfalto,No existe,II,Dentro,Urbana,Ninguna,Funciona,Recta,Bueno,Buena,Atardecer,Otro,S/D,S/D,Atropello,Ninguna,Vertical,Cordón divisorio,Sin restricción,POINT (-60.64674879999999 -33.00887749999998),"['Avenida Battle y Ordoñez', 'Laprida']",2,Avenida Battle y Ordoñez; Francisco Narciso Laprida,-33.00887749999998,-60.64674879999999,55.0,538.0,Municipio Rosario,Municipio,Rosario,820210,Servicio de Catastro e Información Territorial,IGN
2014,2796,2014-04-19,Sabado,0.0,13:45:00,,0.0,2,"Moto/Ciclomotor,Automóvil",Santiago Y Tucuman,2,1,0,0,1,0,0,,Calle,,ROSARIO,Rosario,Asfalto,No existe,II,Dentro,Urbana,Ninguna,No existe,Intersección,Bueno,Buena,Diurna,Buen Tiempo,De alcance,S/D,Colisión,S/D,Faltante,Ninguna,Sin restricción,POINT (-60.6547977 -32.9386111),"['Santiago', 'Tucumán']",2,Santiago; Tucumán,-32.9386111,-60.6547977,55.0,538.0,Municipio Rosario,Municipio,Rosario,820210,Servicio de Catastro e Información Territorial,IGN
2014,2805,2014-04-08,Martes,0.0,20:10:00,,0.0,2,"Moto/Ciclomotor,Automóvil",Navarro Y Muniagurria,3,2,0,0,0,0,1,,Calle,,ROSARIO,Rosario,Asfalto,S/D,II,Dentro,Urbana,Ninguna,S/D,Recta,Bueno,Buena,Nocturna,Otro,S/D,S/D,Colisión,Ninguna,Horizontal,Ninguna,Sin restricción,POINT (-60.733205500000004 -32.93207019999999),"['Navarro', 'Muniagurría']",2,Navarro; Muniagurría,-32.93207019999999,-60.7332055,55.0,538.0,Municipio Rosario,Municipio,Rosario,820210,Servicio de Catastro e Información Territorial,IGN
2014,2806,2014-04-14,Lunes,0.0,22:40:00,,0.0,2,"Automóvil,Automóvil",Entre Rios Y Gaboto,2,1,0,0,1,0,0,,Calle,,ROSARIO,Rosario,Asfalto,No existe,II,S/D,Urbana,Ninguna,No existe,Intersección,Bueno,Buena,Nocturna,Buen Tiempo,Lateral,S/D,Colisión,Ninguna,Faltante,Ninguna,Sin restricción,POINT (-60.6477294 -32.9728456),"['Entre Ríos', 'Gaboto']",2,Entre Ríos; Gaboto,-32.9728456,-60.6477294,55.0,538.0,Municipio Rosario,Municipio,Rosario,820210,Servicio de Catastro e Información Territorial,IGN
2014,2809,2014-04-07,Lunes,0.0,12:00:00,,0.0,2,"Taxi/Remis,Automóvil",Salta Y Entre Rios,2,1,0,0,1,0,0,,Calle,,ROSARIO,Rosario,Asfalto,No existe,II,Dentro,Urbana,Ninguna,No existe,Intersección,Bueno,Buena,Diurna,Buen Tiempo,De alcance,S/D,Colisión,S/D,Faltante,Ninguna,Sin restricción,POINT (-60.63918240000001 -32.938972),"['Salta', 'Entre Ríos']",2,Salta; Entre Ríos,-32.938972,-60.63918240000001,55.0,538.0,Municipio Rosario,Municipio,Rosario,820210,Servicio de Catastro e Información Territorial,IGN
2014,2810,2014-04-25,Viernes,0.0,17:05:00,,0.0,2,"Pickup/Utilitario,Automóvil",Iguazu Y Gorriti,3,3,0,0,0,0,0,,Calle,,ROSARIO,Rosario,Asfalto,S/D,II,S/D,Urbana,S/D,S/D,Intersección,S/D,S/D,Diurna,S/D,Otro,S/D,Colisión,S/D,S/D,S/D,S/D,POINT (-60.6865399 -32.9236246),"['Iguazu', 'Gorriti']",2,Iguazú; Gorriti,-32.9236246,-60.6865399,55.0,538.0,Municipio Rosario,Municipio,Rosario,820210,Servicio de Catastro e Información Territorial,IGN
2014,2811,2014-04-05,Sabado,0.0,16:40:00,,0.0,2,"Automóvil,Moto/Ciclomotor",Av. Genova Y Venezuela,2,1,0,0,1,0,0,,Avenida,,ROSARIO,Rosario,Asfalto,No existe,II,Dentro,Urbana,Ninguna,S/D,Recta,Bueno,Buena,Atardecer,Otro,Otro,S/D,Colisión,Ninguna,Horizontal,Ninguna,Sin restricción,POINT (-60.7255057 -32.916349100000005),"['Genova', 'Venezuela']",2,Avenida Génova; Venezuela,-32.916349100000005,-60.7255057,55.0,538.0,Municipio Rosario,Municipio,Rosario,820210,Servicio de Catastro e Información Territorial,IGN
2014,2812,2014-04-14,Lunes,0.0,08:10:00,,0.0,2,"Pickup/Utilitario,Moto/Ciclomotor",Hilarion de la Quintana Y Pueyrredon,2,1,0,0,1,0,0,,Calle,,ROSARIO,Rosario,Asfalto,No existe,II,Dentro,Urbana,Ninguna,No existe,Intersección,Bueno,Buena,Diurna,Buen Tiempo,Lateral,S/D,Colisión,Ninguna,Faltante,Ninguna,Sin restricción,POINT (-60.6691346 -33.00167379999999),"['Hilarión de la Quintana', 'Pueyrredón']",2,Hilarión de la Quintana; Pueyrredón,-33.00167379999999,-60.6691346,55.0,538.0,Municipio Rosario,Municipio,Rosario,820210,Servicio de Catastro e Información Territorial,IGN
2014,2813,2014-04-22,Martes,0.0,11:15:00,,0.0,2,"Automóvil,Bicicleta",Bv. Oroño Y Av. Lugones,2,1,0,0,1,0,0,,Avenida,,ROSARIO,Rosario,S/D,S/D,II,Dentro,Urbana,S/D,S/D,Intersección,S/D,S/D,Diurna,S/D,S/D,S/D,Atropello,S/D,S/D,S/D,S/D,POINT (-60.65693518333333 -32.95818631666667),"['Bulevar Nicasio Oroño', 'Lugones']",2,Bulevar Nicasio Oroño; Lorenzo Lugones,-32.95818631666667,-60.65693518333333,55.0,538.0,Municipio Rosario,Municipio,Rosario,820210,Servicio de Catastro e Información Territorial,IGN
2014,2814,2014-04-04,Viernes,0.0,18:45:00,,0.0,2,"Moto/Ciclomotor,Peatón",Bielsa Y Mejico,2,1,0,0,1,0,0,,Calle,,ROSARIO,Rosario,Asfalto,No existe,II,Dentro,Urbana,Ninguna,S/D,Recta,Bueno,Buena,Atardecer,Otro,S/D,S/D,Atropello,Ninguna,Horizontal,Ninguna,Sin restricción,POINT (-60.7191647 -32.9239336),"['Bielsa', 'Mejico']",2,Bielsa; Méjico,-32.9239336,-60.7191647,55.0,538.0,Municipio Rosario,Municipio,Rosario,820210,Servicio de Catastro e Información Territorial,IGN
2014,2815,2014-04-25,Viernes,0.0,08:45:00,,0.0,2,"Moto/Ciclomotor,Moto/Ciclomotor",Av. Alberdi Bis Y Velez Sarsfield,2,2,0,0,0,0,0,,Avenida,,ROSARIO,Rosario,Asfalto,S/D,II,S/D,Urbana,S/D,S/D,Intersección,S/D,S/D,Diurna,S/D,S/D,S/D,Colisión,S/D,S/D,S/D,S/D,POINT (-60.677820800000006 -32.9249456),"['Alberdi', 'Vélez Sarsfield']",2,Avenida Alberdi; Vélez Sarsfield,-32.9249456,-60.677820800000006,55.0,538.0,Municipio Rosario,Municipio,Rosario,820210,Servicio de Catastro e Información Territorial,IGN
2014,2816,2014-04-12,Sabado,0.0,09:20:00,,0.0,2,"Automóvil,Moto/Ciclomotor",Sarmiento Y Pje. Gral.Savio,3,2,0,0,1,0,0,,Calle,,ROSARIO,Rosario,Asfalto,No existe,II,Dentro,Urbana,Ninguna,No existe,Intersección,Bueno,Buena,Diurna,Buen Tiempo,Lateral,S/D,Colisión,Ninguna,Faltante,Ninguna,Sin restricción,POINT (-60.64915220000001 -32.99650659999999),"['Sarmiento', 'Savio']",2,Sarmiento; General Manuel Savio,-32.99650659999999,-60.64915220000001,55.0,538.0,Municipio Rosario,Municipio,Rosario,820210,Servicio de Catastro e Información Territorial,IGN
2014,2818,2014-04-10,Jueves,0.0,17:40:00,,0.0,2,"Automóvil,Moto/Ciclomotor",Mitre Y Bv. 27 De Febrero,3,2,0,0,1,0,0,,Calle,,ROSARIO,Rosario,S/D,S/D,II,Dentro,Urbana,S/D,S/D,Intersección,S/D,S/D,Diurna,S/D,S/D,S/D,Colisión,S/D,S/D,S/D,S/D,POINT (-60.6448502 -32.96734965),"['Mitre', '27 de Febrero']",2,Bartolomé Mitre; Bulevar 27 de Febrero,-32.96734965,-60.6448502,55.0,538.0,Municipio Rosario,Municipio,Rosario,820210,Servicio de Catastro e Información Territorial,IGN
2014,2820,2014-04-04,Viernes,0.0,23:55:00,,0.0,2,"Automóvil,Moto/Ciclomotor",Av. Genova Y Sarratea Bis,2,1,0,0,1,0,0,,Avenida,,ROSARIO,Rosario,Asfalto,No existe,II,Dentro,Urbana,Ninguna,No existe,Recta,Bueno,Buena,"Nocturna,Con luz artificial",Otro,Otro,S/D,Colisión,Ninguna,Horizontal,Ninguna,Sin restricción,POINT (-60.741520200000004 -32.9167921),"['Genova', 'Sarratea']",2,Avenida Génova; Sarratea,-32.9167921,-60.7415202,55.0,538.0,Municipio Rosario,Municipio,Rosario,820210,Servicio de Catastro e Información Territorial,IGN
2014,2824,2014-04-04,Viernes,0.0,19:43:00,,0.0,2,"Automóvil,Moto/Ciclomotor",Bv. 27 De Febrero Y España,3,2,0,0,1,0,0,,Avenida,,ROSARIO,Rosario,S/D,S/D,II,Dentro,Urbana,S/D,S/D,Intersección,S/D,S/D,Atardecer,S/D,S/D,S/D,Colisión,S/D,S/D,S/D,S/D,POINT (-60.6518035 -32.966108549999994),"['27 de Febrero', 'España']",2,Bulevar 27 de Febrero; España,-32.966108549999994,-60.6518035,55.0,538.0,Municipio Rosario,Municipio,Rosario,820210,Servicio de Catastro e Información Territorial,IGN
2014,2827,2014-04-25,Viernes,0.0,13:30:00,,0.0,2,"Automóvil,Moto/Ciclomotor",España Y Viamonte,2,1,0,0,1,0,0,,Calle,,ROSARIO,Rosario,S/D,S/D,II,Dentro,Urbana,S/D,S/D,Intersección,S/D,S/D,Diurna,S/D,S/D,S/D,Colisión,S/D,S/D,S/D,S/D,POINT (-60.651243300000004 -32.9638718),"['España', 'Viamonte']",2,España; Viamonte,-32.9638718,-60.6512433,55.0,538.0,Municipio Rosario,Municipio,Rosario,820210,Servicio de Catastro e Información Territorial,IGN
2014,2828,2014-04-24,Jueves,0.0,19:15:00,,0.0,2,"Automóvil,Bicicleta",Albert Sabin Y Junin,2,1,0,0,1,0,0,,Avenida,,ROSARIO,Rosario,Asfalto,S/D,II,Dentro,Urbana,S/D,S/D,Intersección,S/D,S/D,Atardecer,S/D,S/D,S/D,Atropello,S/D,S/D,S/D,S/D,POINT (-60.679945950000004 -32.92670269999999),"['Avenida Travesía Albert Sabin', 'Junín']",2,Avenida Travesía Albert Sabin; Junín,-32.92670269999999,-60.67994595,55.0,538.0,Municipio Rosario,Municipio,Rosario,820210,Servicio de Catastro e Información Territorial,IGN
2014,2837,2014-03-11,Martes,0.0,15:30:00,,0.0,2,"Moto/Ciclomotor,Automóvil",Bv. Oroño Y Av. Ntra.Sra.del Rosario,2,1,0,0,1,0,0,,Avenida,,ROSARIO,Rosario,Asfalto,No existe,II,Dentro,Urbana,Semáforo,Funciona,Intersección,Bueno,Buena,Diurna,Buen Tiempo,Lateral,S/D,Colisión,S/D,Vertical,Cordón divisorio,Sin restricción,POINT (-60.665137900000005 -33.000583799999994),"['Bulevar Nicasio Oroño', 'Nuestra Señora del Rosario']",2,Bulevar Nicasio Oroño; Puente Nuestra Señora del Rosario,-33.000583799999994,-60.665137900000005,55.0,538.0,Municipio Rosario,Municipio,Rosario,820210,Servicio de Catastro e Información Territorial,IGN
2014,2838,2014-04-11,Viernes,0.0,12:42:00,,0.0,2,"Automóvil,Moto/Ciclomotor",San Martin 530,2,1,0,0,1,0,0,,Calle,,ROSARIO,Rosario,Asfalto,No existe,II,Dentro,Urbana,Ninguna,No existe,Intersección,Bueno,Buena,Diurna,Buen Tiempo,Lateral,S/D,Colisión,Ninguna,Faltante,Ninguna,Sin restricción,"-32.943800566830085, -60.63605790244012",['San Martin 530'],1,San Martin 530,-32.943800566830085,-60.63605790244012,55.0,538.0,Municipio Rosario,Municipio,Rosario,820210,Servicio de Catastro e Información Territorial,IGN
2014,2839,2014-04-24,Jueves,0.0,23:30:00,,0.0,2,"Moto/Ciclomotor,Camión",DONADO Y BROSSEY,2,1,0,0,1,0,0,,Calle,,ROSARIO,Rosario,Asfalto,Pavimento,II,Dentro,Urbana,Ninguna,No existe,Otro,Otro,Buena,Nocturna,Buen Tiempo,Otro,S/D,Colisión,Otro,S/D,Ninguna,Sin restricción,POINT (-60.7276771 -32.92290909999999),"['Donado', 'Brassey']",2,José Agustín Donado; Brassey,-32.92290909999999,-60.7276771,55.0,538.0,Municipio Rosario,Municipio,Rosario,820210,Servicio de Catastro e Información Territorial,IGN
2014,2845,2014-04-11,Viernes,0.0,11:20:00,,0.0,2,"Automóvil,Moto/Ciclomotor",Pje. Del Campo Y Milan,2,1,0,0,1,0,0,,Calle,,ROSARIO,Rosario,Asfalto,No existe,II,Dentro,Urbana,Ninguna,No existe,Intersección,Bueno,Buena,Diurna,Buen Tiempo,Lateral,S/D,Colisión,Ninguna,Faltante,Ninguna,Sin restricción,POINT (-60.6540957 -32.98970280000001),"['Del Campo', 'Milán']",2,Del Campo; Milán,-32.98970280000001,-60.6540957,55.0,538.0,Municipio Rosario,Municipio,Rosario,820210,Servicio de Catastro e Información Territorial,IGN
2014,2846,2014-03-15,Sabado,0.0,14:20:00,,0.0,2,"Bicicleta,Automóvil",Pueyrredon Y Cazadores,2,1,0,0,1,0,0,,Calle,,ROSARIO,Rosario,Asfalto,No existe,II,Dentro,Urbana,Ninguna,No existe,Intersección,Bueno,Buena,Diurna,Buen Tiempo,Lateral,S/D,Atropello,S/D,S/D,Ninguna,Sin restricción,POINT (-60.6690821 -33.004630999999996),"['Pueyrredón', 'Cazadores']",2,Pueyrredón; Cazadores,-33.004631,-60.6690821,55.0,538.0,Municipio Rosario,Municipio,Rosario,820210,Servicio de Catastro e Información Territorial,IGN
2014,2849,2014-04-26,Sabado,0.0,,,0.0,2,"Moto/Ciclomotor,Moto/Ciclomotor",Av. Genova Y Pje. Aguapey Bis,3,1,0,0,0,0,2,,Avenida,,ROSARIO,Rosario,Asfalto,No existe,II,S/D,Urbana,Ninguna,No existe,Intersección,Bueno,Buena,S/D,Buen Tiempo,Otro,S/D,Colisión,Otro,Faltante,Ninguna,Sin restricción,POINT (-60.7057083 -32.915781),"['Genova', 'Aguapey']",2,Avenida Génova; Aguapey,-32.915781,-60.7057083,55.0,538.0,Municipio Rosario,Municipio,Rosario,820210,Servicio de Catastro e Información Territorial,IGN
2014,2850,2014-04-27,Domingo,0.0,20:45:00,,0.0,2,"Pickup/Utilitario,Bicicleta",Entre Rios Y La Paz,2,1,0,0,1,0,0,,Calle,,ROSARIO,Rosario,S/D,S/D,II,Dentro,Urbana,S/D,S/D,S/D,S/D,S/D,Nocturna,S/D,S/D,S/D,Atropello,S/D,S/D,S/D,S/D,POINT (-60.64540379999999 -32.9636773),"['Entre Ríos', 'La Paz']",2,Entre Ríos; La Paz,-32.9636773,-60.64540379999999,55.0,538.0,Municipio Rosario,Municipio,Rosario,820210,Servicio de Catastro e Información Territorial,IGN
2014,2852,2014-04-04,Viernes,0.0,09:00:00,,0.0,2,"Automóvil,Moto/Ciclomotor",Bv. Argentino Y Tarragona,2,1,0,0,1,0,0,,Avenida,,ROSARIO,Rosario,Asfalto,Pavimento,II,Dentro,Urbana,Ninguna,No existe,Recta,Bueno,Buena,Diurna,Otro,Otro,S/D,Colisión,Ninguna,Horizontal,Ninguna,Sin restricción,POINT (-60.7346713 -32.9243627),"['Argentino', 'Tarragona']",2,Avenida Central Argentino; Tarragona,-32.9243627,-60.7346713,55.0,538.0,Municipio Rosario,Municipio,Rosario,820210,Servicio de Catastro e Información Territorial,IGN
2014,2853,2014-04-28,Lunes,0.0,22:00:00,,0.0,2,"Moto/Ciclomotor,Pickup/Utilitario",J.B.Justo Y Av. Provincias Unidas,3,1,0,0,1,0,1,,Avenida,,ROSARIO,Rosario,Asfalto,S/D,II,S/D,Urbana,Ninguna,S/D,Intersección,Bueno,S/D,S/D,Buen Tiempo,Lateral,S/D,Colisión,Otro,Faltante,Ninguna,Sin restricción,POINT (-60.71293324999999 -32.93344005),"['Justo', 'Avenida Provincias Unidas']",2,"('Justo José de Urquiza', 'Avenida Provincias Unidas')",-32.93344005,-60.71293324999999,55.0,538.0,Municipio Rosario,Municipio,Rosario,820210,Servicio de Catastro e Información Territorial,IGN
2014,2856,2014-04-20,Domingo,0.0,18:15:00,,0.0,2,"Automóvil,Moto/Ciclomotor",Italia 1900,3,2,0,0,1,0,0,,Calle,,ROSARIO,Rosario,S/D,S/D,II,S/D,S/D,S/D,S/D,S/D,S/D,S/D,Atardecer,S/D,S/D,S/D,S/D,S/D,S/D,S/D,S/D,"-32.9577277, -60.6512103",['Italia 1900'],1,Italia 1900,-32.9577277,-60.6512103,55.0,538.0,Municipio Rosario,Municipio,Rosario,820210,Servicio de Catastro e Información Territorial,IGN
2014,2858,2014-04-20,Domingo,0.0,22:00:00,,0.0,2,"Automóvil,Automóvil",Junin Y Matienzo,3,2,0,0,1,0,0,,Calle,,ROSARIO,Rosario,Asfalto,No existe,II,Dentro,Urbana,Ninguna,No existe,Intersección,S/D,Reducida,Nocturna,S/D,Lateral,S/D,Colisión,S/D,Faltante,Ninguna,Sin restricción,POINT (-60.6951903 -32.9271049),"['Junín', 'Matienzo']",2,Junín; Benjamín Matienzo,-32.9271049,-60.6951903,55.0,538.0,Municipio Rosario,Municipio,Rosario,820210,Servicio de Catastro e Información Territorial,IGN
2014,2859,2014-04-26,Sabado,0.0,,,0.0,2,"Moto/Ciclomotor,Automóvil",Av. Genova Y Olavarria Bis,2,1,0,0,1,0,0,,Avenida,,ROSARIO,Rosario,Asfalto,No existe,II,S/D,Urbana,Semáforo,No existe,Intersección,Bueno,Buena,Diurna,Buen Tiempo,Lateral,S/D,Colisión,S/D,Faltante,Ninguna,Sin restricción,POINT (-60.7045378 -32.9157452),"['Genova', 'Olavarría']",2,Avenida Génova; Olavarría,-32.9157452,-60.7045378,55.0,538.0,Municipio Rosario,Municipio,Rosario,820210,Servicio de Catastro e Información Territorial,IGN
2014,2860,2014-04-01,Martes,0.0,15:30:00,,0.0,2,"Pickup/Utilitario,Moto/Ciclomotor",Velez Sarsfield Y Brasil,2,1,0,0,1,0,0,,Calle,,ROSARIO,Rosario,Asfalto,S/D,II,Dentro,Urbana,Ninguna,No existe,Recta,Bueno,Buena,Diurna,Buen Tiempo,S/D,S/D,Colisión,S/D,Horizontal,Ninguna,Sin restricción,POINT (-60.72020880000001 -32.9262342),"['Vélez Sarsfield', 'Brasil']",2,Vélez Sarsfield; Brasil,-32.9262342,-60.72020880000001,55.0,538.0,Municipio Rosario,Municipio,Rosario,820210,Servicio de Catastro e Información Territorial,IGN
2014,2861,2014-04-19,Sabado,0.0,14:50:00,,0.0,2,"Moto/Ciclomotor,Automóvil",Solis Y Casilda,2,1,0,0,1,0,0,,Calle,,ROSARIO,Rosario,Asfalto,No existe,II,Dentro,Urbana,Ninguna,No existe,Intersección,Bueno,Buena,Diurna,S/D,Lateral,S/D,Colisión,S/D,Faltante,Ninguna,Sin restricción,POINT (-60.7038788 -32.9288839),"['Solis', 'Casilda']",2,Juan Díaz de Solís; Casilda,-32.9288839,-60.7038788,55.0,538.0,Municipio Rosario,Municipio,Rosario,820210,Servicio de Catastro e Información Territorial,IGN
2014,2862,2014-04-28,Lunes,0.0,,,0.0,2,"Moto/Ciclomotor,Otros",Av. Sorrento Y Av. Provincias Unidas,2,1,0,0,0,0,1,,Avenida,,ROSARIO,Rosario,Asfalto,Natural,II,Dentro,Urbana,Semáforo,No funciona,Recta,Bueno,Buena,Nocturna,Buen Tiempo,De alcance,S/D,Colisión,Ninguna,Faltante,Ninguna,Sin restricción,POINT (-60.714102249999996 -32.9083328),"['Sorrento', 'Avenida Provincias Unidas']",2,Avenida Sorrento; Avenida Provincias Unidas,-32.9083328,-60.71410225,55.0,538.0,Municipio Rosario,Municipio,Rosario,820210,Servicio de Catastro e Información Territorial,IGN
2014,2865,2014-04-16,Miercoles,0.0,09:20:00,,0.0,3,"Automóvil,Automóvil,Taxi/Remis",Av. Arijon Y Entre Rios,4,2,0,0,2,0,0,,Avenida,,ROSARIO,Rosario,Asfalto,No existe,II,Dentro,Urbana,Ninguna,Funciona,Recta,Bueno,Buena,Diurna,Otro,Múltiple,S/D,Colisión,Ninguna,Vertical,Cordón divisorio,Sin restricción,POINT (-60.6517823 -33.00314459999999),"['Avenida Manuel Arijón', 'Entre Ríos']",2,Avenida Manuel Arijón; Entre Ríos,-33.00314459999999,-60.6517823,55.0,538.0,Municipio Rosario,Municipio,Rosario,820210,Servicio de Catastro e Información Territorial,IGN
2014,2866,2014-04-01,Martes,0.0,10:30:00,,0.0,2,"Automóvil,Moto/Ciclomotor",J.B.Justo Y Donado,2,1,0,0,1,0,0,,Calle,,ROSARIO,Rosario,Asfalto,Pavimento,II,Dentro,Urbana,Ninguna,S/D,Recta,Bueno,Buena,Diurna,Otro,Otro,S/D,Colisión,Ninguna,Horizontal,Ninguna,Sin restricción,POINT (-60.72724740000001 -32.933859999999996),"['Justo', 'Donado']",2,"('Justo José de Urquiza', 'José Agustín Donado')",-32.93386,-60.72724740000001,55.0,538.0,Municipio Rosario,Municipio,Rosario,820210,Servicio de Catastro e Información Territorial,IGN
2014,2870,2014-04-23,Miercoles,0.0,13:00:00,,0.0,2,"Moto/Ciclomotor,Automóvil",Jose Ingenieros Y De Angelis Bis,2,1,0,0,1,0,0,,Calle,,ROSARIO,Rosario,Asfalto,No existe,II,Dentro,Urbana,Ninguna,No existe,Intersección,Bueno,Buena,Diurna,Buen Tiempo,De alcance,S/D,Colisión,Ninguna,Faltante,Ninguna,Sin restricción,POINT (-60.6989795 -32.916668900000005),"['José Ingenieros', 'De Ángelis']",2,José Ingenieros; De Ángelis,-32.916668900000005,-60.6989795,55.0,538.0,Municipio Rosario,Municipio,Rosario,820210,Servicio de Catastro e Información Territorial,IGN
2014,2872,2014-04-22,Martes,0.0,20:00:00,,0.0,2,"Automóvil,Moto/Ciclomotor",Av. Provincias Unidas Y Jose Ingenieros,2,1,0,0,1,0,0,,Avenida,,ROSARIO,Rosario,Asfalto,No existe,II,Dentro,Urbana,Ninguna,No existe,Intersección,Bueno,Buena,Nocturna,Buen Tiempo,De alcance,S/D,Colisión,Ninguna,Faltante,Ninguna,Sin restricción,POINT (-60.71377375000001 -32.917122899999995),"['Avenida Provincias Unidas', 'José Ingenieros']",2,Avenida Provincias Unidas; José Ingenieros,-32.917122899999995,-60.71377375000001,55.0,538.0,Municipio Rosario,Municipio,Rosario,820210,Servicio de Catastro e Información Territorial,IGN
2014,2874,2014-04-12,Sabado,0.0,23:00:00,,0.0,2,"Moto/Ciclomotor,Automóvil",Ayacucho Y Rueda,2,1,0,0,1,0,0,,Calle,,ROSARIO,Rosario,Asfalto,No existe,II,Dentro,Urbana,Marca Vial,No existe,Intersección,Bueno,Buena,"Nocturna,Con luz artificial",Buen Tiempo,Lateral,S/D,Colisión,Ninguna,Vertical,Línea divisoria pintada,Sin restricción,POINT (-60.6331082 -32.9730883),"['Ayacucho', 'Rueda']",2,Ayacucho; Rueda,-32.9730883,-60.6331082,55.0,538.0,Municipio Rosario,Municipio,Rosario,820210,Servicio de Catastro e Información Territorial,IGN
2014,2876,2014-04-22,Martes,0.0,12:55:00,,0.0,2,"Moto/Ciclomotor,Moto/Ciclomotor",J.J.Paso Y Camilo Aldao,2,1,0,0,1,0,0,,Calle,,ROSARIO,Rosario,Asfalto,No existe,II,Dentro,Urbana,Ninguna,No existe,Intersección,Bueno,Buena,Diurna,Buen Tiempo,De alcance,S/D,Colisión,Ninguna,Faltante,Ninguna,Sin restricción,POINT (-60.6967437 -32.91976129999999),"['Paso', 'Camilo Aldao']",2,Avenida Juan José Paso; Camilo Aldao,-32.91976129999999,-60.6967437,55.0,538.0,Municipio Rosario,Municipio,Rosario,820210,Servicio de Catastro e Información Territorial,IGN
2014,2877,2014-04-10,Jueves,0.0,17:30:00,,0.0,2,"Automóvil,Moto/Ciclomotor",Av. Uriburu Y Dorrego,3,2,0,0,1,0,0,,Avenida,,ROSARIO,Rosario,Asfalto,No existe,II,Dentro,Urbana,Ninguna,No existe,Intersección,Bueno,Buena,Diurna,Buen Tiempo,Lateral,S/D,Colisión,Ninguna,Faltante,Ninguna,Sin restricción,POINT (-60.660994099999996 -32.99114285),"['Uriburu', 'Dorrego']",2,Avenida José Uriburu; Manuel Dorrego,-32.99114285,-60.6609941,55.0,538.0,Municipio Rosario,Municipio,Rosario,820210,Servicio de Catastro e Información Territorial,IGN
2014,2894,2014-04-23,Miercoles,0.0,15:00:00,,0.0,2,"Bicicleta,Automóvil",Garay Y L.N.Alem,2,1,0,0,1,0,0,,Calle,,ROSARIO,Rosario,Asfalto,No existe,II,Dentro,Urbana,Marca Vial,No existe,Intersección,Bueno,Buena,Diurna,Buen Tiempo,S/D,S/D,Atropello,Ninguna,Vertical,Línea divisoria pintada,Sin restricción,POINT (-60.635357000000006 -32.97627119999999),"['Garay', 'Alem']",2,Juan de Garay; Leandro N. Alem,-32.97627119999999,-60.635357000000006,55.0,538.0,Municipio Rosario,Municipio,Rosario,820210,Servicio de Catastro e Información Territorial,IGN
2014,2898,2014-04-28,Lunes,0.0,13:00:00,,0.0,2,"Moto/Ciclomotor,Automóvil",Maipu Y Garay,2,1,0,0,1,0,0,,Calle,,ROSARIO,Rosario,Asfalto,No existe,II,Dentro,Urbana,Marca Vial,No existe,Intersección,Bueno,Buena,Diurna,Buen Tiempo,Lateral,S/D,Colisión,Ninguna,Vertical,Línea divisoria pintada,Sin restricción,POINT (-60.64248510000001 -32.974995799999995),"['Maipú', 'Garay']",2,Maipú; Juan de Garay,-32.974995799999995,-60.64248510000001,55.0,538.0,Municipio Rosario,Municipio,Rosario,820210,Servicio de Catastro e Información Territorial,IGN