anio_acci,nro_acci,fecha,desc_dia,fecha_aprox,hora_aprox,desc_ruta,km,cant_participantes,desc_participante,calle_avenida_km,total,heridos_leves,heridos_graves,heridos_gravisimos,ilesos,fallecidos,sin_datos,posicion_XY,desc_tipo_via,desc_ruta_ori,desc_loc,desc_dpto,desc_tipo_calzada,desc_tipo_banquina,desc_unidad_regional,desc_lugar_calzada,desc_zona,desc_prioridad,desc_estado_semaforo,desc_lugar_via,desc_estado_via,desc_estado_visibilidad,desc_luminosidad,desc_estado_clima,desc_tipo_colision,desc_tipo_atropello,desc_tipo_hecho,desc_pres_calzada,desc_senializacion,desc_separacion_via,desc_restriccion,forma_geocod,calle_lista,numero_calles,calles_osm,lat,lon,index_right,gid,fna,gna,nam,in1,fdc,sag
2014,3381,2014-05-21,Miercoles,0.0,04:20:00,,0.0,2,"Transporte de Pasajeros Urbano (> 8 asientos),Transporte de Pasajeros Urbano (> 8 asientos)",Velez Sarsfield Y Av. Alberdi Bis,4,2,0,0,0,0,2,,Calle,,ROSARIO,Rosario,Asfalto,S/D,II,Dentro,Urbana,S/D,S/D,Intersección,S/D,S/D,Nocturna,Buen Tiempo,Otro,S/D,Otro,S/D,S/D,S/D,S/D,POINT (-60.677820800000006 -32.9249456),"['Vélez Sarsfield', 'Alberdi']",2,Vélez Sarsfield; Avenida Alberdi,-32.9249456,-60.677820800000006,55.0,538.0,Municipio Rosario,Municipio,Rosario,820210,Servicio de Catastro e Información Territorial,IGN
2014,3382,2014-05-22,Jueves,0.0,18:35:00,,0.0,2,"Moto/Ciclomotor,Camión",Urquiza Y Pje. San Jacinto,2,1,0,0,1,0,0,,Calle,,ROSARIO,Rosario,Asfalto,S/D,II,S/D,Urbana,Ninguna,S/D,Recta,S/D,Buena,Diurna,Buen Tiempo,Otro,S/D,Otro,S/D,Faltante,Ninguna,S/D,POINT (-60.6735226 -32.93647990000001),"['Urquiza', 'San Jacinto']",2,Justo José de Urquiza; San Jacinto,-32.93647990000001,-60.6735226,55.0,538.0,Municipio Rosario,Municipio,Rosario,820210,Servicio de Catastro e Información Territorial,IGN
2014,3383,2014-05-21,Miercoles,0.0,10:40:00,,0.0,2,"Moto/Ciclomotor,Automóvil",Callao Y San Lorenzo,2,1,0,0,1,0,0,,Calle,,ROSARIO,Rosario,Asfalto,No existe,II,S/D,Urbana,Semáforo,Funciona,Recta,Otro,Buena,Diurna,Buen Tiempo,Otro,S/D,Colisión,Otro,Vertical,Ninguna,Sin restricción,POINT (-60.659544499999996 -32.9401845),"['Callao', 'San Lorenzo']",2,Callao; San Lorenzo,-32.9401845,-60.6595445,55.0,538.0,Municipio Rosario,Municipio,Rosario,820210,Servicio de Catastro e Información Territorial,IGN
2014,3384,2014-05-20,Martes,0.0,08:50:00,,0.0,2,"Automóvil,Automóvil",Av. Del Valle Y Av. Ovidio Lagos,2,1,0,0,1,0,0,,Calle,,ROSARIO,Rosario,Asfalto,No existe,II,S/D,Urbana,Semáforo,Funciona,Recta,Bueno,Buena,Diurna,Buen Tiempo,Otro,S/D,Colisión,Otro,Horizontal,Ninguna,Sin restricción,POINT (-60.65863300000001 -32.9310287),"['Del Valle', 'Avenida Ovidio Lagos']",2,Avenida Aristóbulo del Valle; Avenida Ovidio Lagos,-32.9310287,-60.65863300000001,55.0,538.0,Municipio Rosario,Municipio,Rosario,820210,Servicio de Catastro e Información Territorial,IGN
2014,3385,2014-04-02,Miercoles,0.0,19:30:00,,0.0,2,"Automóvil,Automóvil",Av. Ovidio Lagos 1100,2,1,0,0,1,0,0,,Calle,,ROSARIO,Rosario,Asfalto,No existe,II,Dentro,Urbana,Otra Señal,Funciona,Recta,Bueno,Buena,Nocturna,Buen Tiempo,S/D,S/D,Colisión,S/D,Vertical,Ninguna,Sin restricción,"-32.9459119, -60.6624429",['Ovidio Lagos 1100'],1,Ovidio Lagos 1100,-32.9459119,-60.6624429,55.0,538.0,Municipio Rosario,Municipio,Rosario,820210,Servicio de Catastro e Información Territorial,IGN
2014,3386,2014-05-19,Lunes,0.0,23:10:00,,0.0,2,"Automóvil,Moto/Ciclomotor",Salta Y Suipacha,2,1,0,0,1,0,0,,Calle,,ROSARIO,Rosario,Asfalto,No existe,II,S/D,Urbana,Semáforo,Funciona,Recta,Bueno,Buena,Nocturna,Buen Tiempo,Otro,S/D,Colisión,Otro,Vertical,Ninguna,Sin restricción,POINT (-60.6624133 -32.9348077),"['Salta', 'Suipacha']",2,Salta; Suipacha,-32.9348077,-60.6624133,55.0,538.0,Municipio Rosario,Municipio,Rosario,820210,Servicio de Catastro e Información Territorial,IGN
2014,3387,2014-05-09,Viernes,0.0,13:10:00,,0.0,2,"Automóvil,Moto/Ciclomotor",9 De Julio Y Vera Mujica,2,1,0,0,1,0,0,,Calle,,ROSARIO,Rosario,Asfalto,No existe,II,Dentro,Urbana,Otra Señal,Intermitente,Recta,Bueno,Buena,Diurna,Buen Tiempo,S/D,S/D,Colisión,Ninguna,Vertical,Ninguna,Sin restricción,POINT (-60.66877800000001 -32.9487179),"['9 de Julio', 'Vera Mujíca']",2,9 de Julio; Vera Mujíca,-32.9487179,-60.66877800000001,55.0,538.0,Municipio Rosario,Municipio,Rosario,820210,Servicio de Catastro e Información Territorial,IGN
2014,3388,2014-05-19,Lunes,0.0,10:20:00,,0.0,2,"Moto/Ciclomotor,Automóvil",Rep.Dominicana Y Pje. Franco,2,1,0,0,1,0,0,,Calle,,ROSARIO,Rosario,S/D,S/D,II,Dentro,Urbana,S/D,S/D,S/D,S/D,S/D,Diurna,S/D,Otro,S/D,Colisión,S/D,S/D,S/D,S/D,POINT (-60.690607699999994 -32.9225882),"['República Dominicana', 'Franco']",2,República Dominicana; Pasaje Franco,-32.9225882,-60.6906077,55.0,538.0,Municipio Rosario,Municipio,Rosario,820210,Servicio de Catastro e Información Territorial,IGN
2014,3389,2014-05-15,Jueves,0.0,20:45:00,,0.0,2,"Automóvil,Moto/Ciclomotor",Ferreyra Y J.B.Justo,3,2,0,0,0,0,1,,S/D,,ROSARIO,Rosario,Asfalto,S/D,II,S/D,Urbana,S/D,S/D,S/D,Bueno,S/D,Nocturna,Buen Tiempo,Lateral,S/D,Colisión,S/D,S/D,Cordón divisorio,S/D,POINT (-60.680430099999995 -32.913966800000004),"['Ferreyra', 'Justo']",2,Ferreyra; Justo José de Urquiza,-32.913966800000004,-60.6804301,55.0,538.0,Municipio Rosario,Municipio,Rosario,820210,Servicio de Catastro e Información Territorial,IGN
2014,3390,2014-05-18,Domingo,0.0,16:30:00,,0.0,2,"Taxi/Remis,Automóvil",Entre Rios Y Riobamba,3,1,0,0,2,0,0,,Calle,,ROSARIO,Rosario,S/D,S/D,II,Dentro,Urbana,S/D,S/D,Intersección,Bueno,Buena,Diurna,Buen Tiempo,S/D,S/D,Colisión,S/D,S/D,S/D,S/D,POINT (-60.6451139 -32.962534399999996),"['Entre Ríos', 'Riobamba']",2,Entre Ríos; Riobamba,-32.9625344,-60.6451139,55.0,538.0,Municipio Rosario,Municipio,Rosario,820210,Servicio de Catastro e Información Territorial,IGN
2014,3391,2014-05-16,Viernes,0.0,18:15:00,,0.0,2,"Automóvil,Bicicleta",Ferreyra Y Del Valle Iberlucea,2,1,0,0,1,0,0,,S/D,,ROSARIO,Rosario,S/D,S/D,II,S/D,Urbana,S/D,S/D,S/D,S/D,S/D,Diurna,S/D,S/D,S/D,Atropello,S/D,S/D,S/D,S/D,POINT (-60.6802629 -32.91865820000001),"['Ferreyra', 'Del Valle Iberlucea']",2,Ferreyra; Del Valle Iberlucea,-32.91865820000001,-60.6802629,55.0,538.0,Municipio Rosario,Municipio,Rosario,820210,Servicio de Catastro e Información Territorial,IGN
2014,3392,2014-05-19,Lunes,0.0,21:00:00,,0.0,2,"Automóvil,Moto/Ciclomotor",Av. Provincias Unidas Y La Republica,2,1,0,0,1,0,0,,Avenida,,ROSARIO,Rosario,Asfalto,No existe,II,S/D,Urbana,Ninguna,No existe,Intersección,Bueno,Buena,Nocturna,Buen Tiempo,Otro,S/D,Colisión,S/D,Faltante,Ninguna,Sin restricción,POINT (-60.713721250000006 -32.9186124),"['Avenida Provincias Unidas', 'La República']",2,Avenida Provincias Unidas; La República,-32.9186124,-60.713721250000006,55.0,538.0,Municipio Rosario,Municipio,Rosario,820210,Servicio de Catastro e Información Territorial,IGN
2014,3393,2014-05-18,Domingo,0.0,02:15:00,,0.0,2,"Automóvil,Automóvil",Junin Y Diaz Velez,2,1,0,0,1,0,0,,Calle,,ROSARIO,Rosario,Asfalto,S/D,II,Dentro,Urbana,S/D,S/D,Intersección,S/D,S/D,Nocturna,S/D,Otro,S/D,Colisión,S/D,S/D,S/D,S/D,POINT (-60.6846242 -32.926808799999996),"['Junín', 'Díaz Vélez']",2,Junín; Díaz Vélez,-32.9268088,-60.6846242,55.0,538.0,Municipio Rosario,Municipio,Rosario,820210,Servicio de Catastro e Información Territorial,IGN
2014,3394,2014-05-18,Domingo,0.0,,,0.0,2,"Bicicleta,Automóvil",Bahia Blanca Bis Y Pje. Bogado,2,1,0,0,1,0,0,,Calle,,ROSARIO,Rosario,Asfalto,S/D,II,Dentro,Urbana,S/D,S/D,Intersección,S/D,S/D,S/D,S/D,S/D,S/D,Atropello,S/D,S/D,S/D,S/D,POINT (-60.6886824 -32.9257818),"['Bahía Blanca', 'Bogado']",2,Bahía Blanca; Pasaje Bogado,-32.9257818,-60.6886824,55.0,538.0,Municipio Rosario,Municipio,Rosario,820210,Servicio de Catastro e Información Territorial,IGN
2014,3395,2014-05-19,Lunes,0.0,08:00:00,,0.0,2,"Moto/Ciclomotor,Transporte de Pasajeros Urbano (> 8 asientos)",Albert Sabin Y Gorriti,2,1,0,0,0,0,1,,Calle,,ROSARIO,Rosario,Asfalto,S/D,II,Dentro,Urbana,S/D,S/D,Recta,S/D,S/D,Diurna,S/D,S/D,S/D,Colisión,S/D,S/D,S/D,S/D,POINT (-60.68419035000001 -32.923566449999996),"['Avenida Travesía Albert Sabin', 'Gorriti']",2,Avenida Travesía Albert Sabin; Gorriti,-32.92356645,-60.68419035000001,55.0,538.0,Municipio Rosario,Municipio,Rosario,820210,Servicio de Catastro e Información Territorial,IGN
2014,3396,2014-05-05,Lunes,0.0,12:30:00,,0.0,2,"Moto/Ciclomotor,Automóvil",San Luis Y Alsina,3,2,0,0,1,0,0,,Calle,,ROSARIO,Rosario,Asfalto,Natural,II,Dentro,Urbana,Otra Señal,No existe,Recta,Bueno,Buena,Diurna,Buen Tiempo,Otro,S/D,Colisión,Otro,Horizontal,Barrera de hormigón,Sin restricción,POINT (-60.67705600000001 -32.9422069),"['San Luis', 'Alsina']",2,San Luis; Alsina,-32.9422069,-60.67705600000001,55.0,538.0,Municipio Rosario,Municipio,Rosario,820210,Servicio de Catastro e Información Territorial,IGN
2014,3397,2014-05-08,Jueves,0.0,14:40:00,,0.0,2,"Automóvil,Automóvil",San Juan Y Pueyrredon,4,4,0,0,0,0,0,,Calle,,ROSARIO,Rosario,Asfalto,No existe,II,Dentro,Urbana,S/D,S/D,Recta,Bueno,Buena,Diurna,Buen Tiempo,S/D,S/D,Colisión,S/D,S/D,S/D,Sin restricción,POINT (-60.6583043 -32.94672330000001),"['San Juan', 'Pueyrredón']",2,San Juan; Pueyrredón,-32.94672330000001,-60.6583043,55.0,538.0,Municipio Rosario,Municipio,Rosario,820210,Servicio de Catastro e Información Territorial,IGN
2014,3398,2014-05-09,Viernes,0.0,22:00:00,,0.0,2,"Peatón,Automóvil",Virasoro Y Av. Corrientes,2,1,0,0,1,0,0,,Calle,,ROSARIO,Rosario,S/D,S/D,II,Dentro,Urbana,S/D,S/D,Recta,S/D,S/D,S/D,S/D,S/D,S/D,Atropello,S/D,S/D,S/D,S/D,POINT (-60.648275299999995 -32.9691923),"['Virasoro', 'Corrientes']",2,Benjamín Virasoro; Corrientes,-32.9691923,-60.6482753,55.0,538.0,Municipio Rosario,Municipio,Rosario,820210,Servicio de Catastro e Información Territorial,IGN
2014,3399,2014-05-17,Sabado,0.0,11:30:00,,0.0,2,"Moto/Ciclomotor,Automóvil",Montes Carballo ,2,1,0,0,1,0,0,,Calle,,ROSARIO,Rosario,Asfalto,S/D,II,Dentro,Urbana,S/D,S/D,Intersección,S/D,S/D,Diurna,S/D,Otro,S/D,Colisión,S/D,S/D,S/D,S/D,"-32.9664234, -60.7321577",['Montes Carballo'],1,Montes Carballo,-32.9664234,-60.7321577,55.0,538.0,Municipio Rosario,Municipio,Rosario,820210,Servicio de Catastro e Información Territorial,IGN
2014,3400,2014-05-06,Martes,0.0,17:30:00,,0.0,2,"Automóvil,Bicicleta",Cochabamba Y Italia,2,1,0,0,1,0,0,,Calle,,ROSARIO,Rosario,S/D,S/D,II,Dentro,Urbana,S/D,S/D,Recta,S/D,S/D,S/D,S/D,S/D,S/D,Atropello,S/D,S/D,S/D,S/D,POINT (-60.6508824 -32.956682699999995),"['Cochabamba', 'Italia']",2,Cochabamba; Italia,-32.956682699999995,-60.6508824,55.0,538.0,Municipio Rosario,Municipio,Rosario,820210,Servicio de Catastro e Información Territorial,IGN
2014,3401,2014-05-01,Jueves,0.0,,,0.0,2,"Moto/Ciclomotor,Moto/Ciclomotor",San Juan Y Pascual Rosas,2,1,0,0,1,0,0,,Calle,,ROSARIO,Rosario,Asfalto,Natural,II,S/D,Urbana,Otra Señal,No funciona,Recta,Bueno,Buena,Diurna,Lluvia,Otro,S/D,Colisión,Agua,Faltante,Guardarrail,Obra en Construcción,POINT (-60.6868745 -32.9416378),"['San Juan', 'Pascual Rosas']",2,San Juan; Pascual Rosas,-32.9416378,-60.6868745,55.0,538.0,Municipio Rosario,Municipio,Rosario,820210,Servicio de Catastro e Información Territorial,IGN
2014,3402,2014-05-30,Viernes,0.0,19:25:00,,0.0,2,"Moto/Ciclomotor,Automóvil",San Nicolas Y San Lorenzo,2,1,0,0,1,0,0,,Avenida,,ROSARIO,Rosario,Asfalto,No existe,II,S/D,Urbana,Ninguna,No existe,Recta,Bueno,Buena,Nocturna,Lluvia,Otro,S/D,Colisión,Otro,Faltante,Ninguna,Sin restricción,POINT (-60.67174630000001 -32.9380145),"['San Nicolás', 'San Lorenzo']",2,San Nicolás; San Lorenzo,-32.9380145,-60.67174630000001,55.0,538.0,Municipio Rosario,Municipio,Rosario,820210,Servicio de Catastro e Información Territorial,IGN
2014,3403,2014-05-28,Miercoles,0.0,15:00:00,,0.0,2,"Automóvil,Moto/Ciclomotor",San Nicolas Y Tucuman,2,1,0,0,1,0,0,,Calle,,ROSARIO,Rosario,S/D,No existe,II,S/D,Urbana,Ninguna,No existe,Recta,Bueno,Buena,Diurna,Buen Tiempo,Otro,S/D,Colisión,S/D,Faltante,Ninguna,Sin restricción,POINT (-60.6711576 -32.93566819999999),"['San Nicolás', 'Tucumán']",2,San Nicolás; Tucumán,-32.93566819999999,-60.6711576,55.0,538.0,Municipio Rosario,Municipio,Rosario,820210,Servicio de Catastro e Información Territorial,IGN
2014,3404,2014-04-04,Viernes,0.0,14:10:00,,0.0,2,"Bicicleta,Automóvil",Pueyrredon 900,2,1,0,0,1,0,0,,Calle,,ROSARIO,Rosario,Asfalto,S/D,II,Dentro,Urbana,Semáforo,Intermitente,Recta,Bueno,Buena,Diurna,Buen Tiempo,S/D,S/D,Atropello,Otro,Vertical,S/D,Sin restricción,"-32.9439906, -60.657675",['Pueyrredon 900'],1,Pueyrredon 900,-32.9439906,-60.657675,55.0,538.0,Municipio Rosario,Municipio,Rosario,820210,Servicio de Catastro e Información Territorial,IGN
2014,3405,2014-05-15,Jueves,0.0,03:25:00,,0.0,2,"Taxi/Remis,Moto/Ciclomotor",Necochea Y Viamonte,2,0,1,0,1,0,0,,Calle,,ROSARIO,Rosario,Asfalto,No existe,II,Dentro,Urbana,Ninguna,No existe,Intersección,Bueno,Buena,"Nocturna,Con luz artificial",Buen Tiempo,De alcance,S/D,Colisión,Ninguna,Faltante,Ninguna,Sin restricción,POINT (-60.6288834 -32.967826999999986),"['Necochea', 'Viamonte']",2,Necochea; Viamonte,-32.967826999999986,-60.6288834,55.0,538.0,Municipio Rosario,Municipio,Rosario,820210,Servicio de Catastro e Información Territorial,IGN
2014,3406,2014-04-29,Martes,0.0,14:00:00,,0.0,2,"Moto/Ciclomotor,Automóvil",Av. Pellegrini Y Valparaiso,3,2,0,0,1,0,0,,Calle,,ROSARIO,Rosario,Asfalto,No existe,II,Dentro,Urbana,Otra Señal,Intermitente,Intersección,Bueno,Buena,Diurna,Buen Tiempo,Otro,S/D,Colisión,Otro,Horizontal,Barrera de hormigón,Sin restricción,POINT (-60.6845797 -32.94946225),"['Pellegrini', 'Valparaíso']",2,Avenida Carlos Pellegrini; Valparaíso,-32.94946225,-60.6845797,55.0,538.0,Municipio Rosario,Municipio,Rosario,820210,Servicio de Catastro e Información Territorial,IGN
2014,3407,2014-05-12,Lunes,0.0,09:15:00,,0.0,3,"Pickup/Utilitario,Moto/Ciclomotor,Automóvil",Bv. Segui Y Mariano Moreno,3,1,0,0,2,0,0,,S/D,,ROSARIO,Rosario,Asfalto,Pavimento,II,Dentro,Urbana,S/D,S/D,Intersección,Bueno,Buena,Diurna,Buen Tiempo,Múltiple,S/D,Colisión,S/D,S/D,S/D,S/D,POINT (-60.658756600000004 -32.97685955),"['Bulevar Juan Francisco Seguí', 'Mariano Moreno']",2,Bulevar Juan Francisco Seguí; Mariano Moreno,-32.97685955,-60.6587566,55.0,538.0,Municipio Rosario,Municipio,Rosario,820210,Servicio de Catastro e Información Territorial,IGN
2014,3408,2014-05-13,Martes,0.0,19:00:00,,0.0,2,"Automóvil,Bicicleta",Mitre 1700,2,1,0,0,1,0,0,,Calle,,ROSARIO,Rosario,S/D,S/D,II,Dentro,Urbana,S/D,S/D,Recta,Bueno,Buena,Diurna,Buen Tiempo,S/D,S/D,Colisión,S/D,S/D,S/D,S/D,"-32.9569001, -60.6423128",['Mitre 1700'],1,Mitre 1700,-32.9569001,-60.6423128,55.0,538.0,Municipio Rosario,Municipio,Rosario,820210,Servicio de Catastro e Información Territorial,IGN
2014,3409,2014-05-08,Jueves,0.0,07:25:00,,0.0,2,"Bicicleta,Automóvil",Ayacucho Y Bv. 27 De Febrero,2,1,0,0,1,0,0,,Calle,,ROSARIO,Rosario,Asfalto,No existe,II,Dentro,Urbana,Ninguna,No existe,Recta,Bueno,Buena,Diurna,Buen Tiempo,S/D,S/D,Atropello,Ninguna,S/D,Ninguna,Sin restricción,POINT (-60.6322277 -32.96960704999999),"['Ayacucho', '27 de Febrero']",2,Ayacucho; Bulevar 27 de Febrero,-32.96960704999999,-60.6322277,55.0,538.0,Municipio Rosario,Municipio,Rosario,820210,Servicio de Catastro e Información Territorial,IGN
2014,3410,2014-05-06,Martes,0.0,14:15:00,,0.0,2,"Automóvil,Automóvil",Bv. Avellaneda 1000,2,1,0,0,1,0,0,,S/D,,ROSARIO,Rosario,Asfalto,Natural,II,Dentro,Urbana,Ninguna,No funciona,Curva,Bueno,Reducida humo,Diurna,Buen Tiempo,Otro,S/D,Colisión,Ninguna,Vertical,Cordón divisorio,Obra en Construcción,"-32.9416052, -60.6799569",['Avellaneda 1000'],1,Avellaneda 1000,-32.9416052,-60.6799569,55.0,538.0,Municipio Rosario,Municipio,Rosario,820210,Servicio de Catastro e Información Territorial,IGN
2014,3411,2014-05-08,Jueves,0.0,18:30:00,,0.0,2,"Moto/Ciclomotor,Automóvil",Av. Pellegrini 3932,3,2,0,0,1,0,0,,Avenida,,ROSARIO,Rosario,Asfalto,No existe,II,Dentro,Urbana,S/D,Intermitente,Recta,Bueno,Buena,Diurna,Buen Tiempo,S/D,S/D,Colisión,Ninguna,Horizontal,S/D,Sin restricción,"-32.95025573265306, -60.67957893673469",['Pellegrini 3932'],1,Pellegrini 3932,-32.95025573265306,-60.67957893673469,55.0,538.0,Municipio Rosario,Municipio,Rosario,820210,Servicio de Catastro e Información Territorial,IGN
2014,3412,2014-05-20,Martes,0.0,14:00:00,,0.0,2,"Automóvil,Moto/Ciclomotor",Santiago 1300,2,1,1,0,0,0,0,,Calle,,ROSARIO,Rosario,Asfalto,Natural,II,Dentro,Urbana,Otra Señal,No existe,Recta,Bueno,Buena,Diurna,Buen Tiempo,Otro,S/D,Colisión,Otro,Vertical,Barrera de alto impacto,Sin restricción,"-32.9494754, -60.6576745",['Santiago 1300'],1,Santiago 1300,-32.9494754,-60.6576745,55.0,538.0,Municipio Rosario,Municipio,Rosario,820210,Servicio de Catastro e Información Territorial,IGN
2014,3413,2014-05-13,Martes,0.0,07:05:00,,0.0,2,"Automóvil,Automóvil",Bv. 27 De Febrero Y Mitre,2,2,0,0,0,0,0,,Avenida,,ROSARIO,Rosario,S/D,S/D,II,Dentro,Urbana,S/D,S/D,Intersección,S/D,Buena,Diurna,Buen Tiempo,S/D,S/D,Colisión,S/D,S/D,S/D,S/D,POINT (-60.6448502 -32.96734965),"['27 de Febrero', 'Mitre']",2,Bulevar 27 de Febrero; Bartolomé Mitre,-32.96734965,-60.6448502,55.0,538.0,Municipio Rosario,Municipio,Rosario,820210,Servicio de Catastro e Información Territorial,IGN
2014,3414,2014-05-06,Martes,0.0,12:20:00,,0.0,2,"Automóvil,Moto/Ciclomotor",Av. Pellegrini 3200,3,2,0,0,1,0,0,,Calle,,ROSARIO,Rosario,Asfalto,Natural,II,Dentro,Urbana,Semáforo,Intermitente,Recta,Bueno,Buena,Diurna,Buen Tiempo,Múltiple,S/D,Explosión,Otro,Horizontal,Guardarrail,Obra en Construcción,"-32.9520637, -60.6694935",['Pellegrini 3200'],1,Pellegrini 3200,-32.9520637,-60.6694935,55.0,538.0,Municipio Rosario,Municipio,Rosario,820210,Servicio de Catastro e Información Territorial,IGN
2014,3415,2014-05-14,Miercoles,0.0,09:30:00,,0.0,2,"Peatón,Taxi/Remis",Santa Fe Y Cafferata,2,1,0,0,1,0,0,,Calle,,ROSARIO,Rosario,Asfalto,S/D,II,Dentro,Urbana,Otra Señal,No existe,Recta,Bueno,Buena,Diurna,Buen Tiempo,S/D,S/D,Atropello,Otro,Horizontal,S/D,Sin restricción,POINT (-60.67063869999999 -32.939213),"['Santa Fe', 'Cafferata']",2,Santa Fe; Cafferata,-32.939213,-60.67063869999999,55.0,538.0,Municipio Rosario,Municipio,Rosario,820210,Servicio de Catastro e Información Territorial,IGN
2014,3416,2014-05-10,Sabado,0.0,13:45:00,,0.0,2,"Moto/Ciclomotor,Pickup/Utilitario",España Y Saavedra,3,1,0,0,2,0,0,,Calle,,ROSARIO,Rosario,Asfalto,Pavimento,II,Dentro,Urbana,S/D,S/D,Intersección,Bueno,Buena,Diurna,S/D,S/D,S/D,Colisión,S/D,S/D,S/D,S/D,POINT (-60.65441920000001 -32.9764598),"['España', 'Saavedra']",2,España; Saavedra,-32.9764598,-60.65441920000001,55.0,538.0,Municipio Rosario,Municipio,Rosario,820210,Servicio de Catastro e Información Territorial,IGN
2014,3417,2014-05-28,Miercoles,0.0,10:30:00,,0.0,2,"Moto/Ciclomotor,Automóvil",Av. Francia Y Santa Fe,2,1,0,0,1,0,0,,Calle,,ROSARIO,Rosario,S/D,No existe,II,S/D,Urbana,S/D,Funciona,Recta,Bueno,Buena,Diurna,Buen Tiempo,Otro,S/D,Colisión,Otro,Vertical,Ninguna,Sin restricción,POINT (-60.66519785 -32.94019899999999),"['Avenida Francia', 'Santa Fe']",2,Avenida Francia; Santa Fe,-32.94019899999999,-60.66519785,55.0,538.0,Municipio Rosario,Municipio,Rosario,820210,Servicio de Catastro e Información Territorial,IGN
2014,3418,2014-05-14,Miercoles,0.0,20:00:00,,0.0,2,"Automóvil,Automóvil",Mendoza Y Rio De Janeiro,2,1,0,0,1,0,0,,Calle,,ROSARIO,Rosario,Asfalto,No existe,II,Dentro,Urbana,Paso Peatonal,No existe,Curva,Bueno,Buena,Nocturna,Buen Tiempo,Múltiple,S/D,Colisión,Otro,Vertical,Barrera de hormigón,Sin restricción,POINT (-60.68179719999999 -32.9439921),"['Mendoza', 'Río de Janeiro']",2,Mendoza; Río de Janeiro,-32.9439921,-60.68179719999999,55.0,538.0,Municipio Rosario,Municipio,Rosario,820210,Servicio de Catastro e Información Territorial,IGN
2014,3419,2014-05-14,Miercoles,0.0,10:00:00,,0.0,2,"Pickup/Utilitario,Moto/Ciclomotor",Alsina Y 9 De Julio,2,1,0,0,1,0,0,,Calle,,ROSARIO,Rosario,Asfalto,S/D,II,Dentro,Urbana,Paso Peatonal,S/D,Recta,Bueno,Buena,Diurna,Buen Tiempo,S/D,S/D,Colisión,Ninguna,Horizontal,S/D,Sin restricción,POINT (-60.6782616 -32.9469818),"['Alsina', '9 de Julio']",2,Alsina; 9 de Julio,-32.9469818,-60.6782616,55.0,538.0,Municipio Rosario,Municipio,Rosario,820210,Servicio de Catastro e Información Territorial,IGN
2014,3420,2014-05-14,Miercoles,0.0,21:00:00,,0.0,2,"Taxi/Remis,Moto/Ciclomotor",Bv. 27 De Febrero Y Av. Ovidio Lagos,3,2,0,0,1,0,0,,Avenida,,ROSARIO,Rosario,S/D,S/D,II,Dentro,Urbana,S/D,S/D,S/D,Bueno,Buena,Diurna,Buen Tiempo,S/D,S/D,Colisión,S/D,S/D,S/D,S/D,POINT (-60.66661663333334 -32.963496),"['27 de Febrero', 'Avenida Ovidio Lagos']",2,Bulevar 27 de Febrero; Avenida Ovidio Lagos,-32.963496,-60.66661663333334,55.0,538.0,Municipio Rosario,Municipio,Rosario,820210,Servicio de Catastro e Información Territorial,IGN
2014,3421,2014-04-04,Viernes,0.0,12:30:00,,0.0,2,"Bicicleta,Automóvil",Av. Pellegrini Y Castellanos,2,1,0,0,1,0,0,,Avenida,,ROSARIO,Rosario,Asfalto,S/D,II,Dentro,Urbana,Otra Señal,S/D,Recta,Bueno,Buena,Diurna,Buen Tiempo,S/D,S/D,Atropello,Ninguna,Horizontal,S/D,Sin restricción,POINT (-60.677811000000005 -32.950665749999985),"['Pellegrini', 'Aaron Castellanos']",2,Avenida Carlos Pellegrini; Aaron Castellanos,-32.950665749999985,-60.677811000000005,55.0,538.0,Municipio Rosario,Municipio,Rosario,820210,Servicio de Catastro e Información Territorial,IGN
2014,3422,2014-05-23,Viernes,0.0,10:30:00,,0.0,2,"Automóvil,Moto/Ciclomotor",Av. Pellegrini Y Pte.Roca,2,1,0,0,1,0,0,,Calle,,ROSARIO,Rosario,S/D,S/D,II,Dentro,Urbana,S/D,S/D,Intersección,S/D,S/D,Diurna,S/D,S/D,S/D,Colisión,S/D,S/D,S/D,S/D,POINT (-60.6478283 -32.95605889999999),"['Pellegrini', 'Roca']",2,Avenida Carlos Pellegrini; Presidente Roca,-32.95605889999999,-60.6478283,55.0,538.0,Municipio Rosario,Municipio,Rosario,820210,Servicio de Catastro e Información Territorial,IGN
2014,3423,2014-05-13,Martes,0.0,15:50:00,,0.0,2,"Automóvil,Pickup/Utilitario",Sucre 800,2,1,0,0,1,0,0,,Calle,,ROSARIO,Rosario,Asfalto,No existe,II,Dentro,Urbana,Paso Peatonal,S/D,Recta,Bueno,Buena,Diurna,Buen Tiempo,S/D,S/D,Colisión,Ninguna,Horizontal,Barrera de hormigón,Sin restricción,"-32.9369775, -60.690056",['Sucre 800'],1,Sucre 800,-32.9369775,-60.690056,55.0,538.0,Municipio Rosario,Municipio,Rosario,820210,Servicio de Catastro e Información Territorial,IGN
2014,3424,2014-05-31,Sabado,0.0,12:15:00,,0.0,2,"Bicicleta,Pickup/Utilitario",Buenos Aires Y Saavedra,2,1,0,0,1,0,0,,Calle,,ROSARIO,Rosario,Asfalto,No existe,II,Dentro,Urbana,Marca Vial,No existe,Intersección,Bueno,Buena,Diurna,Buen Tiempo,S/D,S/D,Atropello,Ninguna,Vertical,Línea divisoria pintada,Sin restricción,POINT (-60.6406363 -32.97893169999999),"['Buenos Aires', 'Saavedra']",2,Buenos Aires; Saavedra,-32.97893169999999,-60.6406363,55.0,538.0,Municipio Rosario,Municipio,Rosario,820210,Servicio de Catastro e Información Territorial,IGN