anio_acci,nro_acci,fecha,desc_dia,fecha_aprox,hora_aprox,desc_ruta,km,cant_participantes,desc_participante,calle_avenida_km,total,heridos_leves,heridos_graves,heridos_gravisimos,ilesos,fallecidos,sin_datos,posicion_XY,desc_tipo_via,desc_ruta_ori,desc_loc,desc_dpto,desc_tipo_calzada,desc_tipo_banquina,desc_unidad_regional,desc_lugar_calzada,desc_zona,desc_prioridad,desc_estado_semaforo,desc_lugar_via,desc_estado_via,desc_estado_visibilidad,desc_luminosidad,desc_estado_clima,desc_tipo_colision,desc_tipo_atropello,desc_tipo_hecho,desc_pres_calzada,desc_senializacion,desc_separacion_via,desc_restriccion,forma_geocod,calle_lista,numero_calles,calles_osm,lat,lon,index_right,gid,fna,gna,nam,in1,fdc,sag
2014,3425,2014-05-19,Lunes,0.0,10:50:00,,0.0,2,"Automóvil,Automóvil",Sarmiento Y Lamadrid,2,1,0,0,1,0,0,,Calle,,ROSARIO,Rosario,Asfalto,No existe,II,Dentro,Urbana,S/D,No existe,Intersección,Bueno,Buena,Diurna,Buen Tiempo,De alcance,S/D,Colisión,S/D,S/D,S/D,Sin restricción,POINT (-60.6491277 -32.9970986),"['Sarmiento', 'Lamadrid']",2,"('Sarmiento', 'Gregorio Aráoz de Lamadrid')",-32.9970986,-60.6491277,55.0,538.0,Municipio Rosario,Municipio,Rosario,820210,Servicio de Catastro e Información Territorial,IGN
2014,3427,2014-05-31,Sabado,0.0,14:35:00,,0.0,2,"Moto/Ciclomotor,Automóvil",Amenabar Y Ayacucho,3,2,0,0,1,0,0,,Calle,,ROSARIO,Rosario,Asfalto,No existe,II,Dentro,Urbana,Marca Vial,No existe,Intersección,Bueno,Buena,Diurna,Buen Tiempo,Lateral,S/D,Colisión,Ninguna,Vertical,Línea divisoria pintada,Sin restricción,POINT (-60.6333886 -32.9742331),"['Amenabar', 'Ayacucho']",2,José de Amenábar; Ayacucho,-32.9742331,-60.6333886,55.0,538.0,Municipio Rosario,Municipio,Rosario,820210,Servicio de Catastro e Información Territorial,IGN
2014,3428,2014-05-27,Martes,0.0,14:30:00,,0.0,2,"Automóvil,Automóvil",Virasoro Y Paraguay,3,1,0,0,2,0,0,,Calle,,ROSARIO,Rosario,S/D,S/D,II,Dentro,Urbana,S/D,S/D,Intersección,S/D,S/D,Diurna,S/D,S/D,S/D,Colisión,S/D,S/D,S/D,S/D,POINT (-60.64965960000001 -32.9689509),"['Virasoro', 'Paraguay']",2,Benjamín Virasoro; Paraguay,-32.9689509,-60.64965960000001,55.0,538.0,Municipio Rosario,Municipio,Rosario,820210,Servicio de Catastro e Información Territorial,IGN
2014,3429,2014-05-21,Miercoles,0.0,11:30:00,,0.0,2,"Automóvil,Bicicleta",Ocampo Y Sarmiento,2,1,0,0,1,0,0,,Calle,,ROSARIO,Rosario,S/D,S/D,II,Dentro,Urbana,S/D,S/D,Intersección,S/D,S/D,Diurna,S/D,S/D,S/D,Atropello,S/D,S/D,S/D,S/D,POINT (-60.643185100000004 -32.966463399999995),"['Ocampo', 'Sarmiento']",2,Ocampo; Sarmiento,-32.966463399999995,-60.6431851,55.0,538.0,Municipio Rosario,Municipio,Rosario,820210,Servicio de Catastro e Información Territorial,IGN
2014,3430,2014-05-10,Sabado,0.0,11:25:00,,0.0,2,"Automóvil,Bicicleta",Centeno Y Entre Rios,2,1,0,0,1,0,0,,Calle,,ROSARIO,Rosario,Asfalto,Pavimento,II,Dentro,Urbana,S/D,S/D,Intersección,Bueno,Buena,Diurna,S/D,S/D,S/D,Atropello,S/D,S/D,S/D,S/D,POINT (-60.650610400000005 -32.9843397),"['Centeno', 'Entre Ríos']",2,Coronel Centeno; Entre Ríos,-32.9843397,-60.650610400000005,55.0,538.0,Municipio Rosario,Municipio,Rosario,820210,Servicio de Catastro e Información Territorial,IGN
2014,3432,2014-05-08,Jueves,0.0,07:15:00,,0.0,2,"Automóvil,Bicicleta",Dean Funes Y Pte.Roca,2,1,0,0,1,0,0,,Calle,,ROSARIO,Rosario,Asfalto,S/D,II,Dentro,Urbana,S/D,S/D,Intersección,Bueno,S/D,Amanecer,S/D,S/D,S/D,Atropello,S/D,S/D,S/D,S/D,POINT (-60.6524719 -32.974418),"['Deán Gregorio Funes', 'Roca']",2,Deán Gregorio Funes; Presidente Roca,-32.974418,-60.6524719,55.0,538.0,Municipio Rosario,Municipio,Rosario,820210,Servicio de Catastro e Información Territorial,IGN
2014,3433,2014-05-11,Domingo,0.0,13:40:00,,0.0,2,"Moto/Ciclomotor,Automóvil",Dorrego Y La Paz,2,1,0,0,1,0,0,,Calle,,ROSARIO,Rosario,Asfalto,S/D,II,Dentro,Urbana,S/D,S/D,Intersección,S/D,S/D,Diurna,S/D,S/D,S/D,S/D,S/D,S/D,S/D,S/D,POINT (-60.6536788 -32.96220689999999),"['Dorrego', 'La Paz']",2,Manuel Dorrego; La Paz,-32.96220689999999,-60.6536788,55.0,538.0,Municipio Rosario,Municipio,Rosario,820210,Servicio de Catastro e Información Territorial,IGN
2014,3434,2014-05-09,Viernes,0.0,15:15:00,,0.0,3,"Automóvil,Taxi/Remis,Taxi/Remis",Av. Uriburu Y Rodriguez,3,1,0,0,2,0,0,,Calle,,ROSARIO,Rosario,Asfalto,Pavimento,II,S/D,Urbana,S/D,S/D,Intersección,Bueno,Buena,Atardecer,S/D,Múltiple,S/D,Colisión,S/D,S/D,S/D,S/D,POINT (-60.670962900000006 -32.99145754999999),"['Uriburu', 'Rodríguez']",2,Avenida José Uriburu; Rodríguez de Escobedo,-32.99145754999999,-60.670962900000006,55.0,538.0,Municipio Rosario,Municipio,Rosario,820210,Servicio de Catastro e Información Territorial,IGN
2014,3435,2014-05-30,Viernes,0.0,12:00:00,,0.0,2,"Moto/Ciclomotor,Automóvil",Grandoli Y Centeno,2,1,0,0,1,0,0,,Avenida,,ROSARIO,Rosario,Asfalto,No existe,II,Dentro,Urbana,Marca Vial,No existe,Intersección,Bueno,Buena,Diurna,Buen Tiempo,Lateral,S/D,Colisión,Ninguna,Vertical,Línea divisoria pintada,Sin restricción,POINT (-60.62837625 -32.98829645000001),"['Avenida Abanderado Grandoli', 'Centeno']",2,Avenida Abanderado Grandoli; Coronel Centeno,-32.98829645000001,-60.62837625,55.0,538.0,Municipio Rosario,Municipio,Rosario,820210,Servicio de Catastro e Información Territorial,IGN
2014,3436,2014-05-09,Viernes,0.0,13:25:00,,0.0,2,"Automóvil,Bicicleta",Pasco Y Italia,2,1,0,0,1,0,0,,Calle,,ROSARIO,Rosario,S/D,S/D,II,Dentro,Urbana,S/D,S/D,Intersección,S/D,S/D,Diurna,S/D,S/D,S/D,Atropello,S/D,S/D,S/D,S/D,POINT (-60.6511878 -32.9578258),"['Pasco', 'Italia']",2,Pasco; Italia,-32.9578258,-60.6511878,55.0,538.0,Municipio Rosario,Municipio,Rosario,820210,Servicio de Catastro e Información Territorial,IGN
2014,3437,2014-05-06,Martes,0.0,11:45:00,,0.0,2,"Automóvil,Automóvil",Ayacucho Y Pasco,2,1,0,0,1,0,0,,Calle,,ROSARIO,Rosario,Asfalto,No existe,II,Dentro,Urbana,Señal Pare,No existe,Intersección,Bueno,Buena,Diurna,Buen Tiempo,Lateral,S/D,Colisión,S/D,S/D,Ninguna,Sin restricción,POINT (-60.630227500000004 -32.961596799999995),"['Ayacucho', 'Pasco']",2,Ayacucho; Pasco,-32.961596799999995,-60.6302275,55.0,538.0,Municipio Rosario,Municipio,Rosario,820210,Servicio de Catastro e Información Territorial,IGN
2014,3438,2014-05-08,Jueves,0.0,19:10:00,,0.0,2,"Automóvil,Moto/Ciclomotor",Mr.Ross Y Pte.Roca,3,1,0,0,2,0,0,,Calle,,ROSARIO,Rosario,Asfalto,Pavimento,II,Dentro,Urbana,S/D,S/D,Intersección,Bueno,Buena,Atardecer,S/D,S/D,S/D,Colisión,S/D,S/D,S/D,S/D,POINT (-60.6556614 -32.98702569999999),"['Rodrigo M. Ross', 'Roca']",2,Rodrigo M. Ross; Presidente Roca,-32.98702569999999,-60.6556614,55.0,538.0,Municipio Rosario,Municipio,Rosario,820210,Servicio de Catastro e Información Territorial,IGN
2014,3440,2014-05-23,Viernes,0.0,16:50:00,,0.0,2,"Automóvil,Moto/Ciclomotor",Paraguay Y Galvez,3,1,0,0,2,0,0,,Calle,,ROSARIO,Rosario,S/D,S/D,II,Dentro,Urbana,S/D,S/D,Intersección,S/D,S/D,S/D,S/D,De alcance,S/D,Colisión,S/D,S/D,S/D,S/D,POINT (-60.64936409999999 -32.9677811),"['Paraguay', 'Galvez']",2,Paraguay; José Gálvez,-32.9677811,-60.64936409999999,55.0,538.0,Municipio Rosario,Municipio,Rosario,820210,Servicio de Catastro e Información Territorial,IGN
2014,3442,2014-05-28,Miercoles,0.0,,,0.0,2,"Automóvil,Bicicleta",Suipacha Y Galvez,2,1,0,0,1,0,0,,Calle,,ROSARIO,Rosario,S/D,S/D,II,Dentro,Urbana,S/D,S/D,Intersección,S/D,S/D,S/D,S/D,S/D,S/D,Atropello,S/D,S/D,S/D,S/D,POINT (-60.669811499999994 -32.96412999999998),"['Suipacha', 'Galvez']",2,Suipacha; José Gálvez,-32.96412999999998,-60.6698115,55.0,538.0,Municipio Rosario,Municipio,Rosario,820210,Servicio de Catastro e Información Territorial,IGN
2014,3443,2014-05-18,Domingo,0.0,04:50:00,,0.0,2,"Moto/Ciclomotor,Automóvil",Jose Ingenieros Y Barra,3,2,0,0,1,0,0,,Calle,,ROSARIO,Rosario,Asfalto,No existe,II,Dentro,Urbana,Ninguna,No existe,Intersección,Bueno,Buena,Nocturna,Buen Tiempo,Lateral,S/D,Colisión,S/D,Faltante,Ninguna,Sin restricción,POINT (-60.70805320000001 -32.916948599999984),"['José Ingenieros', 'Barra']",2,José Ingenieros; Barraco,-32.916948599999984,-60.70805320000001,55.0,538.0,Municipio Rosario,Municipio,Rosario,820210,Servicio de Catastro e Información Territorial,IGN
2014,3444,2014-05-08,Jueves,0.0,,,0.0,2,"Peatón,Moto/Ciclomotor",Pte.Roca Y Ituzaingo,2,1,0,0,1,0,0,,Calle,,ROSARIO,Rosario,S/D,S/D,II,Dentro,Urbana,S/D,S/D,Intersección,S/D,S/D,S/D,S/D,S/D,S/D,Atropello,S/D,S/D,S/D,S/D,POINT (-60.64869579999999 -32.95948909999999),"['Roca', 'Ituzaingó']",2,Presidente Roca; Ituzaingó,-32.95948909999999,-60.64869579999999,55.0,538.0,Municipio Rosario,Municipio,Rosario,820210,Servicio de Catastro e Información Territorial,IGN
2014,3445,2014-05-08,Jueves,0.0,16:20:00,,0.0,2,"Bicicleta,Pickup/Utilitario",Bv. Oroño Y Reino de Marruecos,2,1,0,0,0,0,1,,Avenida,,ROSARIO,Rosario,Asfalto,Pavimento,II,Dentro,Urbana,S/D,S/D,Recta,Bueno,S/D,Diurna,S/D,S/D,S/D,Atropello,S/D,S/D,S/D,S/D,POINT (-60.6633468 -32.983356),"['Bulevar Nicasio Oroño', 'Republica de Marruecos']",2,Bulevar Nicasio Oroño; Republica de Marruecos,-32.983356,-60.6633468,55.0,538.0,Municipio Rosario,Municipio,Rosario,820210,Servicio de Catastro e Información Territorial,IGN
2014,3446,2014-05-28,Miercoles,0.0,21:00:00,,0.0,2,"Automóvil,Moto/Ciclomotor",Cerrito Y Sarmiento,2,1,0,0,1,0,0,,Calle,,ROSARIO,Rosario,S/D,S/D,II,Dentro,Urbana,S/D,S/D,Intersección,S/D,S/D,Nocturna,S/D,S/D,S/D,Colisión,S/D,S/D,S/D,S/D,POINT (-60.6420226 -32.9618734),"['Cerrito', 'Sarmiento']",2,Cerrito; Sarmiento,-32.9618734,-60.6420226,55.0,538.0,Municipio Rosario,Municipio,Rosario,820210,Servicio de Catastro e Información Territorial,IGN
2014,3447,2014-05-23,Viernes,0.0,16:05:00,,0.0,2,"Automóvil,Automóvil",Italia Y Garay,4,1,0,0,3,0,0,,Calle,,ROSARIO,Rosario,Asfalto,S/D,II,Dentro,Urbana,S/D,No existe,Intersección,Bueno,Buena,Diurna,Buen Tiempo,De alcance,S/D,Colisión,S/D,S/D,S/D,S/D,POINT (-60.65493490000001 -32.972771099999996),"['Italia', 'Garay']",2,Italia; Juan de Garay,-32.9727711,-60.65493490000001,55.0,538.0,Municipio Rosario,Municipio,Rosario,820210,Servicio de Catastro e Información Territorial,IGN
2014,3448,2014-05-22,Jueves,0.0,15:15:00,,0.0,2,"Moto/Ciclomotor,Pickup/Utilitario",Esmeralda Y Pje. Falcon,2,1,0,0,1,0,0,,Calle,,ROSARIO,Rosario,Asfalto,No existe,II,S/D,Urbana,Marca Vial,No existe,Intersección,Bueno,Buena,Diurna,Buen Tiempo,Lateral,S/D,Colisión,Ninguna,Vertical,Línea divisoria pintada,Sin restricción,POINT (-60.62776399999999 -32.974618199999995),"['Esmeralda', 'Biblioteca Vigil']",2,Esmeralda; Biblioteca Vigil,-32.974618199999995,-60.62776399999999,55.0,538.0,Municipio Rosario,Municipio,Rosario,820210,Servicio de Catastro e Información Territorial,IGN
2014,3449,2014-05-02,Viernes,0.0,19:40:00,,0.0,2,"Moto/Ciclomotor,Automóvil",L.N.Alem Y Ocampo,3,2,0,0,1,0,0,,Calle,,ROSARIO,Rosario,Asfalto,No existe,II,Dentro,Urbana,Señal Pare,No existe,Intersección,Bueno,Buena,Atardecer,Buen Tiempo,Lateral,S/D,Colisión,S/D,Vertical,Ninguna,Sin restricción,POINT (-60.6333137 -32.9682159),"['Alem', 'Ocampo']",2,Leandro N. Alem; Ocampo,-32.9682159,-60.6333137,55.0,538.0,Municipio Rosario,Municipio,Rosario,820210,Servicio de Catastro e Información Territorial,IGN
2014,3450,2014-05-28,Miercoles,0.0,09:00:00,,0.0,2,"Moto/Ciclomotor,Taxi/Remis",Grandoli Y Garibaldi,2,1,0,0,1,0,0,,Avenida,,ROSARIO,Rosario,Asfalto,No existe,II,Dentro,Urbana,Marca Vial,No existe,Intersección,Bueno,Buena,Diurna,Buen Tiempo,Lateral,S/D,Colisión,Ninguna,Vertical,Línea divisoria pintada,Sin restricción,POINT (-60.6284414 -32.98951155),"['Avenida Abanderado Grandoli', 'José Garibaldi']",2,Avenida Abanderado Grandoli; José Garibaldi,-32.98951155,-60.6284414,55.0,538.0,Municipio Rosario,Municipio,Rosario,820210,Servicio de Catastro e Información Territorial,IGN
2014,3451,2014-05-08,Jueves,0.0,,,0.0,2,"Transporte de Pasajeros Urbano (> 8 asientos),Peatón",Pueyrredon Y Rueda,2,1,0,0,1,0,0,,Calle,,ROSARIO,Rosario,Asfalto,S/D,II,Dentro,Urbana,S/D,S/D,S/D,S/D,S/D,S/D,S/D,S/D,S/D,Atropello,S/D,S/D,S/D,S/D,POINT (-60.6635663 -32.96762390000001),"['Pueyrredón', 'Rueda']",2,Pueyrredón; Rueda,-32.96762390000001,-60.6635663,55.0,538.0,Municipio Rosario,Municipio,Rosario,820210,Servicio de Catastro e Información Territorial,IGN
2014,3452,2014-05-26,Lunes,0.0,15:10:00,,0.0,2,"Bicicleta,Automóvil",Amenabar Y Necochea,2,1,0,0,1,0,0,,Calle,,ROSARIO,Rosario,Asfalto,No existe,II,Dentro,Urbana,Marca Vial,No existe,Intersección,Bueno,Buena,Diurna,Buen Tiempo,S/D,S/D,Atropello,Ninguna,Vertical,Línea divisoria pintada,Sin restricción,POINT (-60.6306647 -32.9747282),"['Amenabar', 'Necochea']",2,José de Amenábar; Necochea,-32.9747282,-60.6306647,55.0,538.0,Municipio Rosario,Municipio,Rosario,820210,Servicio de Catastro e Información Territorial,IGN
2014,3453,2014-05-23,Viernes,0.0,15:45:00,,0.0,2,"Automóvil,Moto/Ciclomotor",Mitre Y Sanchez de Bustamante,3,2,0,0,1,0,0,,Calle,,ROSARIO,Rosario,Asfalto,S/D,II,Dentro,Urbana,S/D,No existe,Recta,Bueno,Buena,Diurna,Buen Tiempo,De alcance,S/D,Colisión,Ninguna,S/D,S/D,Sin restricción,POINT (-60.650391400000004 -33.00205210000001),"['Mitre', 'Sánchez de Bustamante']",2,Bartolomé Mitre; Sánchez de Bustamante,-33.00205210000001,-60.6503914,55.0,538.0,Municipio Rosario,Municipio,Rosario,820210,Servicio de Catastro e Información Territorial,IGN
2014,3455,2014-05-18,Domingo,0.0,01:45:00,,0.0,2,"Moto/Ciclomotor,Automóvil",Av. Provincias Unidas Y Av. Genova,3,1,0,0,2,0,0,,Avenida,,ROSARIO,Rosario,Asfalto,No existe,II,Dentro,Urbana,Semáforo,Intermitente,Intersección,Bueno,Buena,"Nocturna,Con luz artificial",Buen Tiempo,Lateral,S/D,Colisión,Ninguna,Faltante,Ninguna,Sin restricción,POINT (-60.713807349999996 -32.916028749999995),"['Avenida Provincias Unidas', 'Genova']",2,Avenida Provincias Unidas; Avenida Génova,-32.916028749999995,-60.71380735,55.0,538.0,Municipio Rosario,Municipio,Rosario,820210,Servicio de Catastro e Información Territorial,IGN
2014,3457,2014-05-22,Jueves,0.0,19:00:00,,0.0,2,"Bicicleta,Taxi/Remis",L.N.Alem Y Gaboto,2,1,0,0,1,0,0,,Calle,,ROSARIO,Rosario,Asfalto,No existe,II,Dentro,Urbana,Marca Vial,Funciona,Intersección,Bueno,Buena,"Atardecer,Con luz artificial",Buen Tiempo,S/D,S/D,Atropello,Ninguna,S/D,Línea divisoria pintada,Sin restricción,POINT (-60.635075900000004 -32.9751272),"['Alem', 'Gaboto']",2,Leandro N. Alem; Gaboto,-32.9751272,-60.6350759,55.0,538.0,Municipio Rosario,Municipio,Rosario,820210,Servicio de Catastro e Información Territorial,IGN
2014,3458,2014-05-25,Domingo,0.0,06:00:00,,0.0,2,"Peatón,Automóvil",Av. Genova Y Olavarria Bis,2,1,0,0,1,0,0,,S/D,,ROSARIO,Rosario,Asfalto,S/D,II,S/D,Urbana,Ninguna,Funciona,Intersección,Bueno,Buena,Amanecer,Buen Tiempo,S/D,S/D,Atropello,S/D,S/D,Ninguna,Sin restricción,POINT (-60.7045378 -32.9157452),"['Genova', 'Olavarría']",2,Avenida Génova; Olavarría,-32.9157452,-60.7045378,55.0,538.0,Municipio Rosario,Municipio,Rosario,820210,Servicio de Catastro e Información Territorial,IGN
2014,3459,2014-05-28,Miercoles,0.0,07:50:00,,0.0,2,"Automóvil,Transporte de Pasajeros Urbano (> 8 asientos)",Av. Sorrento Y Av. Casiano Casas,3,1,0,0,2,0,0,,Avenida,,ROSARIO,Rosario,Asfalto,No existe,II,Dentro,Urbana,Semáforo,Funciona,Intersección,Bueno,Buena,Diurna,Buen Tiempo,Frontal,S/D,Colisión,Ninguna,Vertical,Ninguna,Sin restricción,POINT (-60.695695025000006 -32.90729415),"['Sorrento', 'Avenida Casiano Casas']",2,Avenida Sorrento; Avenida Casiano Casas,-32.90729415,-60.695695025000006,55.0,538.0,Municipio Rosario,Municipio,Rosario,820210,Servicio de Catastro e Información Territorial,IGN
2014,3460,2014-05-01,Jueves,0.0,19:45:00,,0.0,2,"Moto/Ciclomotor,Automóvil",Laprida Y Cerrito,3,2,0,0,1,0,0,,Calle,,ROSARIO,Rosario,Asfalto,No existe,II,S/D,Urbana,Señal Pare,No existe,Intersección,Bueno,Buena,Atardecer,Buen Tiempo,Lateral,S/D,Colisión,Ninguna,Vertical,Ninguna,Sin restricción,POINT (-60.63814120000001 -32.962570299999996),"['Laprida', 'Cerrito']",2,Francisco Narciso Laprida; Cerrito,-32.9625703,-60.63814120000001,55.0,538.0,Municipio Rosario,Municipio,Rosario,820210,Servicio de Catastro e Información Territorial,IGN
2014,3461,2014-05-23,Viernes,0.0,19:10:00,,0.0,2,"Moto/Ciclomotor,Pickup/Utilitario",San Martin Y 24 De Setiembre,2,1,0,0,1,0,0,,Avenida,,ROSARIO,Rosario,Asfalto,No existe,II,Dentro,Urbana,Marca Vial,No existe,Intersección,Bueno,Buena,"Nocturna,Con luz artificial",Buen Tiempo,Lateral,S/D,Colisión,Ninguna,Vertical,Línea divisoria pintada,Sin restricción,POINT (-60.64455705 -32.98058454999999),"['San Martin', '24 de Septiembre']",2,José de San Martín; 24 de Septiembre,-32.98058454999999,-60.64455705,55.0,538.0,Municipio Rosario,Municipio,Rosario,820210,Servicio de Catastro e Información Territorial,IGN
2014,3462,2014-05-26,Lunes,0.0,10:30:00,,0.0,2,"Pickup/Utilitario,Peatón",Av. Sorrento Y Cavia,2,1,0,0,1,0,0,,Avenida,,ROSARIO,Rosario,Asfalto,No existe,II,Dentro,Urbana,Ninguna,No existe,Recta,Bueno,Buena,Diurna,Buen Tiempo,S/D,S/D,Atropello,Ninguna,Faltante,Ninguna,Sin restricción,POINT (-60.704794 -32.90745820000001),"['Sorrento', 'Cavia']",2,Avenida Sorrento; Cavia,-32.90745820000001,-60.704794,55.0,538.0,Municipio Rosario,Municipio,Rosario,820210,Servicio de Catastro e Información Territorial,IGN
2014,3463,2014-05-19,Lunes,0.0,15:15:00,,0.0,2,"Automóvil,Taxi/Remis",Laprida Y Gaboto,2,1,0,0,1,0,0,,Calle,,ROSARIO,Rosario,Asfalto,No existe,II,Dentro,Urbana,Marca Vial,No existe,Intersección,Bueno,Buena,Diurna,Buen Tiempo,Lateral,S/D,Colisión,Ninguna,Vertical,Línea divisoria pintada,Sin restricción,POINT (-60.6409907 -32.9740619),"['Laprida', 'Gaboto']",2,Francisco Narciso Laprida; Gaboto,-32.9740619,-60.6409907,55.0,538.0,Municipio Rosario,Municipio,Rosario,820210,Servicio de Catastro e Información Territorial,IGN
2014,3464,2014-05-19,Lunes,0.0,22:30:00,,0.0,2,"Moto/Ciclomotor,Pickup/Utilitario",Pje. Boedo Y Freyre,3,2,0,0,1,0,0,,Calle,,ROSARIO,Rosario,Asfalto,No existe,II,Dentro,Urbana,Ninguna,No existe,Intersección,Bueno,Buena,Nocturna,Buen Tiempo,Frontal,S/D,Colisión,Ninguna,Faltante,Ninguna,Sin restricción,POINT (-60.70628789999999 -32.895649799999994),"['Boedo', 'Freyre']",2,Boedo; Freyre,-32.895649799999994,-60.70628789999999,55.0,538.0,Municipio Rosario,Municipio,Rosario,820210,Servicio de Catastro e Información Territorial,IGN
2014,3465,2014-05-05,Lunes,0.0,11:00:00,,0.0,2,"Automóvil,Automóvil",Uruguay Y España,2,1,0,0,1,0,0,,Calle,,ROSARIO,Rosario,Asfalto,Pavimento,II,Dentro,Urbana,S/D,No existe,Recta,Bueno,Buena,Diurna,Buen Tiempo,Lateral,S/D,Colisión,S/D,Faltante,S/D,Sin restricción,POINT (-60.654130699999996 -32.975319799999994),"['Uruguay', 'España']",2,Uruguay; España,-32.975319799999994,-60.6541307,55.0,538.0,Municipio Rosario,Municipio,Rosario,820210,Servicio de Catastro e Información Territorial,IGN
2014,3467,2014-05-21,Miercoles,0.0,06:45:00,,0.0,2,"Moto/Ciclomotor,Automóvil",Bv. Rondeau 1900,2,1,0,0,1,0,0,,Avenida,,ROSARIO,Rosario,Asfalto,No existe,II,Dentro,Urbana,Ninguna,No existe,Recta,Bueno,Buena,Amanecer,Buen Tiempo,Frontal,S/D,Colisión,Ninguna,Faltante,Ninguna,Sin restricción,"-32.8953153, -60.6917864",['Rondeau 1900'],1,Rondeau 1900,-32.8953153,-60.6917864,55.0,538.0,Municipio Rosario,Municipio,Rosario,820210,Servicio de Catastro e Información Territorial,IGN
2014,3468,2014-05-04,Domingo,0.0,20:23:00,,0.0,2,"Automóvil,Bicicleta",Ameghino Y Dorrego,2,1,0,0,0,0,1,,Calle,,ROSARIO,Rosario,Asfalto,Pavimento,II,Dentro,Urbana,S/D,S/D,Recta,Bueno,Buena,Diurna,Buen Tiempo,S/D,S/D,Atropello,S/D,Faltante,S/D,Sin restricción,POINT (-60.659489900000004 -32.98512669999999),"['Ameghino', 'Dorrego']",2,Ameghino; Manuel Dorrego,-32.98512669999999,-60.6594899,55.0,538.0,Municipio Rosario,Municipio,Rosario,820210,Servicio de Catastro e Información Territorial,IGN
2014,3469,2014-05-04,Domingo,0.0,13:50:00,,0.0,2,"Automóvil,Automóvil",Entre Rios Y Juan Canals,2,2,0,0,0,0,0,,Calle,,ROSARIO,Rosario,Asfalto,Pavimento,II,Dentro,Urbana,S/D,S/D,Intersección,Bueno,Buena,Diurna,Buen Tiempo,De alcance,S/D,Colisión,S/D,S/D,S/D,Sin restricción,POINT (-60.651768 -32.988912099999986),"['Entre Ríos', 'Juan Canals']",2,Entre Ríos; Juan Canals,-32.988912099999986,-60.651768,55.0,538.0,Municipio Rosario,Municipio,Rosario,820210,Servicio de Catastro e Información Territorial,IGN
2014,3470,2014-05-19,Lunes,0.0,14:00:00,,0.0,2,"Moto/Ciclomotor,Automóvil",Buenos Aires Y Dean Funes,3,2,0,0,1,0,0,,Calle,,ROSARIO,Rosario,Asfalto,No existe,II,Dentro,Urbana,Marca Vial,No existe,Intersección,Bueno,Buena,Diurna,Buen Tiempo,Lateral,S/D,Colisión,Ninguna,Vertical,Línea divisoria pintada,Sin restricción,POINT (-60.640053 -32.976632099999996),"['Buenos Aires', 'Deán Gregorio Funes']",2,Buenos Aires; Deán Gregorio Funes,-32.9766321,-60.640053,55.0,538.0,Municipio Rosario,Municipio,Rosario,820210,Servicio de Catastro e Información Territorial,IGN
2014,3471,2014-05-01,Jueves,0.0,19:45:00,,0.0,2,"Moto/Ciclomotor,Automóvil",1 de Mayo Y Cerrito,3,2,0,0,1,0,0,,Calle,,ROSARIO,Rosario,Asfalto,No existe,II,Dentro,Urbana,Ninguna,No existe,Intersección,Bueno,Buena,Atardecer,Buen Tiempo,Lateral,S/D,Colisión,Ninguna,Faltante,Ninguna,Sin restricción,POINT (-60.6335613 -32.9633903),"['Primero de Mayo', 'Cerrito']",2,Primero de Mayo; Cerrito,-32.9633903,-60.6335613,55.0,538.0,Municipio Rosario,Municipio,Rosario,820210,Servicio de Catastro e Información Territorial,IGN
2014,3472,2014-05-02,Viernes,0.0,02:30:00,,0.0,2,"Automóvil,Automóvil",Bv. Oroño Y Gaboto,5,4,0,0,1,0,0,,Avenida,,ROSARIO,Rosario,Asfalto,No existe,II,Dentro,Urbana,Semáforo,Funciona,Recta,Bueno,Buena,"Nocturna,Con luz artificial",Buen Tiempo,De alcance,S/D,Colisión,S/D,Horizontal,S/D,Sin restricción,POINT (-60.660093950000004 -32.970649650000006),"['Bulevar Nicasio Oroño', 'Gaboto']",2,Bulevar Nicasio Oroño; Gaboto,-32.970649650000006,-60.66009395,55.0,538.0,Municipio Rosario,Municipio,Rosario,820210,Servicio de Catastro e Información Territorial,IGN
2014,3473,2014-05-04,Domingo,0.0,17:35:00,,0.0,2,"Automóvil,Taxi/Remis",Mendoza ,2,1,0,0,1,0,0,,Calle,,ROSARIO,Rosario,Asfalto,Natural,II,Dentro,Urbana,S/D,Intermitente,Recta,Bueno,Buena,Diurna,Buen Tiempo,Otro,S/D,Colisión,S/D,S/D,S/D,Sin restricción,"-32.9401903, -60.7332648",['Mendoza'],1,Mendoza,-32.9401903,-60.7332648,55.0,538.0,Municipio Rosario,Municipio,Rosario,820210,Servicio de Catastro e Información Territorial,IGN