anio_acci,nro_acci,fecha,desc_dia,fecha_aprox,hora_aprox,desc_ruta,km,cant_participantes,desc_participante,calle_avenida_km,total,heridos_leves,heridos_graves,heridos_gravisimos,ilesos,fallecidos,sin_datos,posicion_XY,desc_tipo_via,desc_ruta_ori,desc_loc,desc_dpto,desc_tipo_calzada,desc_tipo_banquina,desc_unidad_regional,desc_lugar_calzada,desc_zona,desc_prioridad,desc_estado_semaforo,desc_lugar_via,desc_estado_via,desc_estado_visibilidad,desc_luminosidad,desc_estado_clima,desc_tipo_colision,desc_tipo_atropello,desc_tipo_hecho,desc_pres_calzada,desc_senializacion,desc_separacion_via,desc_restriccion,forma_geocod,calle_lista,numero_calles,calles_osm,lat,lon,index_right,gid,fna,gna,nam,in1,fdc,sag
2014,3474,2014-05-19,Lunes,0.0,19:40:00,,0.0,2,"Automóvil,Transporte de Pasajeros Urbano (> 8 asientos)",Av. Sorrento Y Bv. Rondeau,2,1,0,0,1,0,0,,Avenida,,ROSARIO,Rosario,Asfalto,No existe,II,Dentro,Urbana,Semáforo,Funciona,Intersección,Bueno,Buena,Atardecer,Buen Tiempo,Frontal,S/D,Colisión,Ninguna,Vertical,Ninguna,Sin restricción,POINT (-60.68858005 -32.90707667499999),"['Sorrento', 'Rondeau']",2,Avenida Sorrento; Bulevar General José Rondeau,-32.90707667499999,-60.68858005,55.0,538.0,Municipio Rosario,Municipio,Rosario,820210,Servicio de Catastro e Información Territorial,IGN
2014,3475,2014-05-20,Martes,0.0,18:15:00,,0.0,2,"Automóvil,Bicicleta",Ameghino Y Pje. Humboldt,2,1,0,0,1,0,0,,S/D,,ROSARIO,Rosario,S/D,No existe,II,Dentro,Urbana,S/D,No existe,Intersección,Bueno,Buena,Diurna,Buen Tiempo,S/D,S/D,Atropello,S/D,S/D,S/D,Sin restricción,POINT (-60.6471947 -32.9873334),"['Ameghino', 'Humboldt']",2,Ameghino; Federico Humboldt,-32.9873334,-60.6471947,55.0,538.0,Municipio Rosario,Municipio,Rosario,820210,Servicio de Catastro e Información Territorial,IGN
2014,3476,2014-05-14,Miercoles,0.0,09:30:00,,0.0,2,"Automóvil,Moto/Ciclomotor",Centeno Y Italia,2,1,0,0,1,0,0,,Calle,,ROSARIO,Rosario,Asfalto,S/D,II,Dentro,Urbana,S/D,S/D,Intersección,Bueno,Buena,Diurna,Buen Tiempo,De alcance,S/D,Colisión,S/D,S/D,S/D,Sin restricción,POINT (-60.6575463 -32.983089099999994),"['Centeno', 'Italia']",2,Coronel Centeno; Italia,-32.983089099999994,-60.6575463,55.0,538.0,Municipio Rosario,Municipio,Rosario,820210,Servicio de Catastro e Información Territorial,IGN
2014,3477,2014-05-02,Viernes,0.0,12:10:00,,0.0,2,"Automóvil,Moto/Ciclomotor",Callao Y 3 De Febrero,2,1,0,0,1,0,0,,Calle,,ROSARIO,Rosario,Asfalto,Natural,II,Dentro,Urbana,Paso Peatonal,Funciona,Recta,Bueno,Buena,Diurna,Buen Tiempo,Atropello animal,S/D,"Colisión,Despeñamiento",Ninguna,Vertical,S/D,Sin restricción,POINT (-60.6617148 -32.9488728),"['Callao', '3 de Febrero']",2,Callao; 3 de Febrero,-32.9488728,-60.6617148,55.0,538.0,Municipio Rosario,Municipio,Rosario,820210,Servicio de Catastro e Información Territorial,IGN
2014,3478,2014-05-23,Viernes,0.0,13:00:00,,0.0,2,"Moto/Ciclomotor,Automóvil",Balcarce Y Montevideo,3,2,0,0,1,0,0,,Calle,,ROSARIO,Rosario,Asfalto,No existe,II,Dentro,Urbana,Marca Vial,No existe,Intersección,Bueno,Buena,Diurna,Buen Tiempo,S/D,S/D,S/D,Ninguna,Vertical,Línea divisoria pintada,S/D,POINT (-60.6543933 -32.953676800000004),"['Balcarce', 'Montevideo']",2,Balcarce; Montevideo,-32.953676800000004,-60.6543933,55.0,538.0,Municipio Rosario,Municipio,Rosario,820210,Servicio de Catastro e Información Territorial,IGN
2014,3479,2014-05-22,Jueves,0.0,21:30:00,,0.0,2,"Bicicleta,Automóvil",Grandoli Y 24 De Setiembre,1,1,0,0,0,0,0,,Calle,,ROSARIO,Rosario,Asfalto,No existe,I,Dentro,Urbana,Marca Vial,No existe,Intersección,Bueno,Buena,"Nocturna,Con luz artificial",Buen Tiempo,S/D,S/D,Atropello,Ninguna,Vertical,Cordón divisorio,Sin restricción,POINT (-60.62809635000001 -32.98357419999999),"['Avenida Abanderado Grandoli', '24 de Septiembre']",2,Avenida Abanderado Grandoli; 24 de Septiembre,-32.98357419999999,-60.62809635000001,55.0,538.0,Municipio Rosario,Municipio,Rosario,820210,Servicio de Catastro e Información Territorial,IGN
2014,3480,2014-05-23,Viernes,0.0,22:30:00,,0.0,2,"Bicicleta,Bicicleta",San Martin Y Saavedra,1,1,0,0,0,0,0,,Calle,,ROSARIO,Rosario,Asfalto,S/D,II,Dentro,Urbana,Semáforo,Funciona,Intersección,Bueno,Buena,"Nocturna,Con luz artificial",Buen Tiempo,De alcance,S/D,Atropello,S/D,Horizontal,S/D,Sin restricción,POINT (-60.64439204999999 -32.978251650000004),"['San Martin', 'Saavedra']",2,José de San Martín; Saavedra,-32.978251650000004,-60.64439204999999,55.0,538.0,Municipio Rosario,Municipio,Rosario,820210,Servicio de Catastro e Información Territorial,IGN
2014,3481,2014-05-27,Martes,0.0,15:05:00,,0.0,2,"Pickup/Utilitario,Moto/Ciclomotor",Pje. Del Campo Y Milan,3,2,0,0,1,0,0,,Calle,,ROSARIO,Rosario,Asfalto,No existe,II,Dentro,Urbana,S/D,No existe,Intersección,Bueno,Buena,Diurna,Buen Tiempo,De alcance,S/D,Colisión,S/D,S/D,S/D,S/D,POINT (-60.6540957 -32.98970280000001),"['Del Campo', 'Milán']",2,Del Campo; Milán,-32.98970280000001,-60.6540957,55.0,538.0,Municipio Rosario,Municipio,Rosario,820210,Servicio de Catastro e Información Territorial,IGN
2014,3482,2014-05-24,Sabado,0.0,00:45:00,,0.0,2,"Moto/Ciclomotor,Automóvil",Gaboto Y Paraguay,1,1,0,0,0,0,0,,Calle,,ROSARIO,Rosario,Asfalto,S/D,II,Dentro,Urbana,S/D,No existe,Intersección,Bueno,Buena,S/D,Buen Tiempo,De alcance,S/D,Colisión,Ninguna,S/D,S/D,Sin restricción,POINT (-60.65051780000001 -32.972348700000005),"['Gaboto', 'Paraguay']",2,Gaboto; Paraguay,-32.972348700000005,-60.65051780000001,55.0,538.0,Municipio Rosario,Municipio,Rosario,820210,Servicio de Catastro e Información Territorial,IGN
2014,3483,2014-05-21,Miercoles,0.0,22:10:00,,0.0,2,"Automóvil,Pickup/Utilitario",J.M.de Rosas Y Amenabar,2,2,0,0,0,0,0,,Calle,,ROSARIO,Rosario,Asfalto,No existe,II,Dentro,Urbana,S/D,No existe,Intersección,Bueno,Buena,"Nocturna,Con luz artificial",Buen Tiempo,Lateral,S/D,Colisión,Ninguna,Vertical,Línea divisoria pintada,Sin restricción,POINT (-60.6377304 -32.973460999999986),"['De Rosas', 'Amenabar']",2,Juan Manuel de Rosas; José de Amenábar,-32.973460999999986,-60.6377304,55.0,538.0,Municipio Rosario,Municipio,Rosario,820210,Servicio de Catastro e Información Territorial,IGN
2014,3484,2014-05-21,Miercoles,0.0,12:00:00,,0.0,2,"Moto/Ciclomotor,Automóvil",Dean Funes Y 1 de Mayo,1,1,0,0,0,0,0,,Calle,,ROSARIO,Rosario,Asfalto,No existe,II,Dentro,Urbana,Marca Vial,No existe,Intersección,Bueno,Buena,Diurna,Buen Tiempo,Lateral,S/D,Colisión,Ninguna,Vertical,Línea divisoria pintada,Sin restricción,POINT (-60.6370174 -32.9771752),"['Deán Gregorio Funes', 'Primero de Mayo']",2,Deán Gregorio Funes; Primero de Mayo,-32.9771752,-60.6370174,55.0,538.0,Municipio Rosario,Municipio,Rosario,820210,Servicio de Catastro e Información Territorial,IGN
2014,3485,2014-05-23,Viernes,0.0,14:00:00,,0.0,2,"Moto/Ciclomotor,Automóvil",Chacabuco Y Rueda,2,1,0,0,1,0,0,,Calle,,ROSARIO,Rosario,Asfalto,No existe,II,Dentro,Urbana,Marca Vial,No existe,Intersección,Bueno,Buena,Diurna,Buen Tiempo,Lateral,S/D,Colisión,Ninguna,Vertical,Línea divisoria pintada,Sin restricción,POINT (-60.6290154 -32.97383119999999),"['Chacabuco', 'Rueda']",2,Chacabuco; Rueda,-32.97383119999999,-60.6290154,55.0,538.0,Municipio Rosario,Municipio,Rosario,820210,Servicio de Catastro e Información Territorial,IGN
2014,3486,2014-05-23,Viernes,0.0,12:00:00,,0.0,2,"Moto/Ciclomotor,Automóvil",Ayolas Y L.N.Alem,2,1,0,0,1,0,0,,Calle,,ROSARIO,Rosario,Asfalto,No existe,II,Dentro,Urbana,Semáforo,Funciona,Intersección,Bueno,Buena,Diurna,Buen Tiempo,Lateral,S/D,Colisión,Ninguna,Vertical,Línea divisoria pintada,Sin restricción,POINT (-60.635922 -32.9785708),"['Ayolas', 'Alem']",2,Ayolas; Leandro N. Alem,-32.9785708,-60.635922,55.0,538.0,Municipio Rosario,Municipio,Rosario,820210,Servicio de Catastro e Información Territorial,IGN
2014,3487,2014-05-24,Sabado,0.0,12:30:00,,0.0,2,"Automóvil,Automóvil",Buenos Aires Y Dean Funes,2,1,0,0,1,0,0,,Calle,,ROSARIO,Rosario,Asfalto,No existe,II,Dentro,Urbana,Marca Vial,No existe,Intersección,Bueno,Buena,Diurna,Buen Tiempo,Lateral,S/D,Colisión,Ninguna,Vertical,Línea divisoria pintada,Sin restricción,POINT (-60.640053 -32.976632099999996),"['Buenos Aires', 'Deán Gregorio Funes']",2,Buenos Aires; Deán Gregorio Funes,-32.9766321,-60.640053,55.0,538.0,Municipio Rosario,Municipio,Rosario,820210,Servicio de Catastro e Información Territorial,IGN
2014,3488,2014-05-24,Sabado,0.0,22:30:00,,0.0,2,"Moto/Ciclomotor,Automóvil",Buenos Aires Y Rueda,2,1,0,0,1,0,0,,Calle,,ROSARIO,Rosario,Asfalto,No existe,II,Dentro,Urbana,Marca Vial,S/D,Intersección,Bueno,Buena,"Nocturna,Con luz artificial",Buen Tiempo,Lateral,S/D,Colisión,Ninguna,Vertical,Línea divisoria pintada,Sin restricción,POINT (-60.638891900000004 -32.9720512),"['Buenos Aires', 'Rueda']",2,Buenos Aires; Rueda,-32.9720512,-60.6388919,55.0,538.0,Municipio Rosario,Municipio,Rosario,820210,Servicio de Catastro e Información Territorial,IGN
2014,3490,2014-05-21,Miercoles,0.0,08:15:00,,0.0,2,"Automóvil,Automóvil",Castellanos Y San Luis,4,2,0,0,2,0,0,,Calle,,ROSARIO,Rosario,Asfalto,No existe,II,Dentro,Urbana,Semáforo,No existe,Intersección,Bueno,Buena,Diurna,Granizo,S/D,S/D,Colisión,S/D,Horizontal,Línea divisoria pintada,Desvío Provisorio,POINT (-60.675738800000005 -32.942445799999994),"['Aaron Castellanos', 'San Luis']",2,Aaron Castellanos; San Luis,-32.942445799999994,-60.675738800000005,55.0,538.0,Municipio Rosario,Municipio,Rosario,820210,Servicio de Catastro e Información Territorial,IGN
2014,3492,2014-05-08,Jueves,0.0,11:45:00,,0.0,1,Moto/Ciclomotor,Ameghino Y L.N.Alem,1,1,0,0,0,0,0,,Calle,,ROSARIO,Rosario,Asfalto,No existe,II,Dentro,Urbana,Ninguna,No existe,Intersección,Bueno,Buena,Diurna,S/D,S/D,S/D,S/D,S/D,S/D,Ninguna,Sin restricción,POINT (-60.63852820000001 -32.98888290000001),"['Ameghino', 'Alem']",2,Ameghino; Leandro N. Alem,-32.98888290000001,-60.63852820000001,55.0,538.0,Municipio Rosario,Municipio,Rosario,820210,Servicio de Catastro e Información Territorial,IGN
2014,3494,2014-05-04,Domingo,0.0,10:20:00,,0.0,2,"Automóvil,Automóvil",San Juan Y Gutenberg,6,3,0,0,3,0,0,,Calle,,ROSARIO,Rosario,Asfalto,Pavimento,II,Dentro,Urbana,Ninguna,Intermitente,Recta,Bueno,Buena,Diurna,Buen Tiempo,S/D,S/D,Colisión,Ninguna,Vertical,Barrera de hormigón,Sin restricción,POINT (-60.6882278 -32.941398),"['San Juan', 'Gutenberg']",2,San Juan; Gutenberg,-32.941398,-60.6882278,55.0,538.0,Municipio Rosario,Municipio,Rosario,820210,Servicio de Catastro e Información Territorial,IGN
2014,3498,2014-05-05,Lunes,0.0,19:20:00,,0.0,2,"Moto/Ciclomotor,Automóvil",Ayacucho Y Caupolican,2,1,0,0,1,0,0,,Calle,,ROSARIO,Rosario,Asfalto,No existe,II,Dentro,Urbana,Ninguna,No existe,Intersección,Bueno,Buena,Nocturna,S/D,Lateral,S/D,Colisión,S/D,Horizontal,Línea divisoria pintada,Sin restricción,POINT (-60.63574520000001 -33.00950679999999),"['Ayacucho', 'Caupolicán']",2,Ayacucho; Caupolicán,-33.00950679999999,-60.63574520000001,55.0,538.0,Municipio Rosario,Municipio,Rosario,820210,Servicio de Catastro e Información Territorial,IGN
2014,3500,2014-05-07,Miercoles,0.0,07:30:00,,0.0,2,"Moto/Ciclomotor,Automóvil",Av. Eva Peron 8700,2,1,0,0,1,0,0,,Avenida,,ROSARIO,Rosario,Asfalto,No existe,II,Dentro,Urbana,Ninguna,No existe,Otro,Bueno,Reducida,Amanecer,Niebla,Otro,S/D,Colisión,Ninguna,Faltante,Ninguna,Sin restricción,"-32.9262863, -60.7523686",['Eva Peron 8700'],1,Eva Peron 8700,-32.9262863,-60.7523686,55.0,538.0,Municipio Rosario,Municipio,Rosario,820210,Servicio de Catastro e Información Territorial,IGN
2014,3504,2014-05-21,Miercoles,0.0,12:45:00,,0.0,2,"Peatón,Automóvil",Av. Francia Y E.Zeballos,2,1,0,0,1,0,0,,Calle,,ROSARIO,Rosario,Asfalto,S/D,II,Dentro,Urbana,Otra Señal,No existe,S/D,Bueno,Buena,Diurna,Buen Tiempo,S/D,S/D,Atropello,S/D,Vertical,S/D,S/D,POINT (-60.667674500000004 -32.950099099999996),"['Avenida Francia', 'Zeballos']",2,Avenida Francia; Zeballos,-32.9500991,-60.6676745,55.0,538.0,Municipio Rosario,Municipio,Rosario,820210,Servicio de Catastro e Información Territorial,IGN
2014,3508,2014-05-04,Domingo,0.0,22:10:00,,0.0,2,"Moto/Ciclomotor,Automóvil",Castagnino Y Miller,2,0,1,0,1,0,0,,Calle,,ROSARIO,Rosario,Asfalto,No existe,II,S/D,Urbana,Ninguna,No existe,Intersección,Bueno,Reducida,Nocturna,Buen Tiempo,Lateral,S/D,Colisión,Otro,Faltante,Ninguna,Sin restricción,POINT (-60.706619700000005 -32.90052920000001),"['Castagnino', 'Miller']",2,Castagnino; Miller,-32.90052920000001,-60.706619700000005,55.0,538.0,Municipio Rosario,Municipio,Rosario,820210,Servicio de Catastro e Información Territorial,IGN
2014,3510,2014-05-05,Lunes,0.0,01:30:00,,0.0,1,Otros,Martinez Estrada Y Sanchez de Loria,1,1,0,0,0,0,0,,Calle,,ROSARIO,Rosario,S/D,S/D,II,Dentro,Urbana,S/D,S/D,S/D,S/D,S/D,Nocturna,S/D,S/D,S/D,S/D,S/D,S/D,S/D,S/D,POINT (-60.7329862 -32.9112576),"['Martinez Estrada', 'Sánchez de Loria']",2,Martinez Estrada; Sánchez de Loria,-32.9112576,-60.7329862,55.0,538.0,Municipio Rosario,Municipio,Rosario,820210,Servicio de Catastro e Información Territorial,IGN
2014,3511,2014-05-07,Miercoles,0.0,08:30:00,,0.0,2,"Automóvil,Automóvil",Av. Circunvalacion Y Av. Sorrento,3,3,0,0,0,0,0,,Avenida,,ROSARIO,Rosario,Asfalto,No existe,II,S/D,Urbana,Ninguna,Funciona,Recta,Bueno,Reducida polvo,Diurna,Buen Tiempo,Otro,S/D,Colisión,S/D,"Horizontal,Vertical",Ninguna,Sin restricción,POINT (-60.72270983333334 -32.90836276666667),"['Circunvalacion', 'Sorrento']",2,"('Juan Pablo II', 'Avenida Sorrento')",-32.90836276666667,-60.72270983333334,55.0,538.0,Municipio Rosario,Municipio,Rosario,820210,Servicio de Catastro e Información Territorial,IGN
2014,3512,2014-05-11,Domingo,0.0,10:10:00,,0.0,2,"Moto/Ciclomotor,Automóvil",Donado Y Av. Jorge Newbery,2,0,0,0,1,0,1,,S/D,,ROSARIO,Rosario,S/D,S/D,II,S/D,Urbana,S/D,S/D,Curva,S/D,S/D,Diurna,S/D,S/D,S/D,Colisión,S/D,S/D,S/D,S/D,POINT (-60.728404966666666 -32.908371466666665),"['Donado', 'Jorge Newbery']",2,José Agustín Donado; Avenida Jorge Newbery,-32.908371466666665,-60.728404966666666,55.0,538.0,Municipio Rosario,Municipio,Rosario,820210,Servicio de Catastro e Información Territorial,IGN
2014,3513,2014-05-06,Martes,0.0,17:00:00,,0.0,2,"Bicicleta,Automóvil",Baigorria Y Medrano,2,1,0,0,1,0,0,,Calle,,ROSARIO,Rosario,Asfalto,No existe,II,S/D,Urbana,Ninguna,No existe,Intersección,Bueno,Buena,Diurna,Buen Tiempo,S/D,S/D,Atropello,Otro,Faltante,Ninguna,Sin restricción,POINT (-60.7021183 -32.8934763),"['Baigorria', 'Medrano']",2,Baigorria; Medrano,-32.8934763,-60.7021183,55.0,538.0,Municipio Rosario,Municipio,Rosario,820210,Servicio de Catastro e Información Territorial,IGN
2014,3515,2014-05-20,Martes,0.0,11:00:00,,0.0,2,"Peatón,Otros",San Martin 6300,2,1,0,0,0,0,1,,Avenida,,ROSARIO,Rosario,Asfalto,No existe,II,Dentro,Urbana,Marca Vial,No existe,Recta,Bueno,Buena,Diurna,Buen Tiempo,S/D,S/D,Atropello,S/D,Horizontal,Cordón divisorio,Sin restricción,"-32.9764777, -60.6372639",['San Martin 6300'],1,San Martin 6300,-32.9764777,-60.6372639,55.0,538.0,Municipio Rosario,Municipio,Rosario,820210,Servicio de Catastro e Información Territorial,IGN
2014,3516,2014-05-06,Martes,0.0,19:20:00,,0.0,1,Moto/Ciclomotor,Av. Eva Peron Y Ambrosetti,2,1,0,0,1,0,0,,Avenida,,ROSARIO,Rosario,Asfalto,No existe,II,Dentro,Urbana,Ninguna,No existe,Intersección,Bueno,Buena,"Atardecer,Con luz artificial",Buen Tiempo,S/D,S/D,Caída ocupante,Ninguna,Faltante,Cordón divisorio,Sin restricción,POINT (-60.73785945 -32.9285309),"['Avenida Eva Perón', 'Ambrosetti']",2,Avenida Eva Perón; Ambrosetti,-32.9285309,-60.73785945,55.0,538.0,Municipio Rosario,Municipio,Rosario,820210,Servicio de Catastro e Información Territorial,IGN
2014,3517,2014-05-15,Jueves,0.0,07:30:00,,0.0,2,"Moto/Ciclomotor,Otros",Mendoza 7500,2,1,0,0,1,0,0,,Calle,,ROSARIO,Rosario,Asfalto,No existe,II,S/D,Urbana,Ninguna,No existe,Otro,Bueno,Buena,Diurna,Buen Tiempo,Lateral,S/D,Colisión,Ninguna,Faltante,S/D,Sin restricción,"-32.9404161, -60.7235199",['Mendoza 7500'],1,Mendoza 7500,-32.9404161,-60.7235199,55.0,538.0,Municipio Rosario,Municipio,Rosario,820210,Servicio de Catastro e Información Territorial,IGN
2014,3518,2014-05-01,Jueves,0.0,19:50:00,,0.0,2,"Moto/Ciclomotor,Automóvil",24 De Setiembre Y Pje. Santa Matilde,2,1,0,0,1,0,0,,Calle,,ROSARIO,Rosario,Asfalto,No existe,II,S/D,Urbana,Ninguna,No existe,Intersección,Deteriorada,Buena,Nocturna,Buen Tiempo,S/D,S/D,Colisión,S/D,Faltante,Cordón divisorio,Sin restricción,POINT (-60.6842164 -32.9735264),"['24 de Septiembre', 'Santa Matilde']",2,24 de Septiembre; Santa Matilde,-32.9735264,-60.6842164,55.0,538.0,Municipio Rosario,Municipio,Rosario,820210,Servicio de Catastro e Información Territorial,IGN
2014,3520,2014-05-06,Martes,0.0,08:50:00,,0.0,2,"Moto/Ciclomotor,Automóvil",J.J.Paso Y Pje. Ascot Bis,2,1,0,0,1,0,0,,Calle,,ROSARIO,Rosario,Asfalto,No existe,II,Dentro,Urbana,Ninguna,No existe,Intersección,Bueno,Buena,Diurna,Buen Tiempo,Lateral,S/D,Colisión,Ninguna,Faltante,Ninguna,Sin restricción,POINT (-60.7316629 -32.92075599999999),"['Paso', 'Ascot']",2,Avenida Juan José Paso; Ascot,-32.92075599999999,-60.7316629,55.0,538.0,Municipio Rosario,Municipio,Rosario,820210,Servicio de Catastro e Información Territorial,IGN
2014,3522,2014-05-03,Sabado,0.0,06:50:00,,0.0,2,"Automóvil,Moto/Ciclomotor",Bv. Oroño Y Rueda,2,0,1,0,1,0,0,,Avenida,,ROSARIO,Rosario,Asfalto,S/D,II,Dentro,Urbana,S/D,S/D,Intersección,S/D,S/D,Amanecer,S/D,S/D,S/D,Colisión,S/D,S/D,S/D,S/D,POINT (-60.65951415 -32.96836919999999),"['Bulevar Nicasio Oroño', 'Rueda']",2,Bulevar Nicasio Oroño; Rueda,-32.96836919999999,-60.65951415,55.0,538.0,Municipio Rosario,Municipio,Rosario,820210,Servicio de Catastro e Información Territorial,IGN
2014,3523,2014-05-19,Lunes,0.0,12:25:00,,0.0,2,"Automóvil,Moto/Ciclomotor",San Martin Y F.Frias,2,1,0,0,1,0,0,,Avenida,,ROSARIO,Rosario,Asfalto,No existe,II,Dentro,Urbana,Marca Vial,No existe,Intersección,Bueno,Buena,Diurna,Buen Tiempo,Lateral,S/D,Colisión,Ninguna,Horizontal,Cordón divisorio,Sin restricción,POINT (-60.65123249999999 -33.012044399999986),"['San Martin', 'Frias']",2,José de San Martín; Frias,-33.012044399999986,-60.65123249999999,55.0,538.0,Municipio Rosario,Municipio,Rosario,820210,Servicio de Catastro e Información Territorial,IGN
2014,3525,2014-05-13,Martes,0.0,13:20:00,,0.0,2,"Bicicleta,Automóvil",Av. Pellegrini Y Brasil,3,2,0,0,1,0,0,,Avenida,,ROSARIO,Rosario,Asfalto,No existe,II,Dentro,Urbana,Ninguna,No existe,S/D,Bueno,Buena,Diurna,Buen Tiempo,S/D,S/D,Atropello,Agua,Faltante,S/D,Sin restricción,POINT (-60.719202949999996 -32.94877779999999),"['Pellegrini', 'Brasil']",2,Avenida Carlos Pellegrini; Brasil,-32.94877779999999,-60.71920295,55.0,538.0,Municipio Rosario,Municipio,Rosario,820210,Servicio de Catastro e Información Territorial,IGN
2014,3526,2014-04-04,Viernes,0.0,16:30:00,,0.0,2,"Automóvil,Moto/Ciclomotor",Bv. Argentino Y Venezuela,2,2,0,0,0,0,0,,Calle,,ROSARIO,Rosario,Asfalto,No existe,II,Dentro,Urbana,Ninguna,No existe,Intersección,Bueno,Buena,Diurna,Buen Tiempo,Lateral,S/D,Colisión,Ninguna,Faltante,Ninguna,Sin restricción,POINT (-60.7252617 -32.92411419999999),"['Argentino', 'Venezuela']",2,Avenida Central Argentino; Venezuela,-32.92411419999999,-60.7252617,55.0,538.0,Municipio Rosario,Municipio,Rosario,820210,Servicio de Catastro e Información Territorial,IGN
2014,3527,2014-05-22,Jueves,0.0,,,0.0,3,"Automóvil,Automóvil,Automóvil",Paraguay Y La Paz,4,4,0,0,0,0,0,,Calle,,ROSARIO,Rosario,S/D,S/D,II,Dentro,Urbana,S/D,S/D,Intersección,S/D,S/D,S/D,S/D,Múltiple,S/D,Colisión,S/D,S/D,S/D,S/D,POINT (-60.648202100000006 -32.963180099999995),"['Paraguay', 'La Paz']",2,Paraguay; La Paz,-32.963180099999995,-60.648202100000006,55.0,538.0,Municipio Rosario,Municipio,Rosario,820210,Servicio de Catastro e Información Territorial,IGN
2014,3530,2014-05-02,Viernes,0.0,05:40:00,,0.0,2,"Automóvil,Automóvil",Santa Fe Y Lima,3,2,0,0,1,0,0,,Calle,,ROSARIO,Rosario,Asfalto,No existe,II,Dentro,Urbana,Semáforo,Funciona,Intersección,Bueno,Reducida humo,Amanecer,Buen Tiempo,De alcance,S/D,Colisión,S/D,Faltante,Ninguna,S/D,POINT (-60.68288160000001 -32.937014100000006),"['Santa Fe', 'Lima']",2,Santa Fe; Lima,-32.937014100000006,-60.68288160000001,55.0,538.0,Municipio Rosario,Municipio,Rosario,820210,Servicio de Catastro e Información Territorial,IGN
2014,3531,2014-05-22,Jueves,0.0,18:10:00,,0.0,2,"Moto/Ciclomotor,Pickup/Utilitario",Madre Cabrini Y Arengreen,2,1,0,0,1,0,0,,Calle,,ROSARIO,Rosario,Asfalto,No existe,II,Dentro,Urbana,Ninguna,No existe,Intersección,Con baches,Buena,Atardecer,Buen Tiempo,Lateral,S/D,Colisión,S/D,Faltante,Ninguna,Sin restricción,POINT (-60.6747462 -33.005792400000004),"['Madre Cabrini', 'Arengreen']",2,Madre Cabrini; Arengreen,-33.005792400000004,-60.6747462,55.0,538.0,Municipio Rosario,Municipio,Rosario,820210,Servicio de Catastro e Información Territorial,IGN
2014,3535,2014-05-16,Viernes,0.0,17:30:00,,0.0,2,"Moto/Ciclomotor,Automóvil",Patricios Y Arteaga,3,2,0,0,1,0,0,,Calle,,ROSARIO,Rosario,Asfalto,No existe,II,Dentro,Urbana,Marca Vial,No existe,Intersección,Bueno,Buena,Atardecer,Buen Tiempo,Lateral,S/D,Colisión,Ninguna,Horizontal,Cordón divisorio,Sin restricción,POINT (-60.643425 -33.01079279999998),"['Patricios', 'Arteaga']",2,Patricios; Alfredo de Arteaga,-33.01079279999998,-60.643425,55.0,538.0,Municipio Rosario,Municipio,Rosario,820210,Servicio de Catastro e Información Territorial,IGN
2014,3536,2014-05-11,Domingo,0.0,23:45:00,,0.0,2,"Moto/Ciclomotor,Automóvil",Gonzalez del Solar Y Tucuman,3,1,1,0,1,0,0,,Calle,,ROSARIO,Rosario,Asfalto,No existe,II,S/D,Urbana,Ninguna,No existe,S/D,Bueno,Buena,Nocturna,Buen Tiempo,Lateral,S/D,Colisión,Ninguna,Faltante,S/D,Sin restricción,POINT (-60.7366768 -32.933219599999994),"['González del Solar', 'Tucumán']",2,González del Solar; Tucumán,-32.933219599999994,-60.7366768,55.0,538.0,Municipio Rosario,Municipio,Rosario,820210,Servicio de Catastro e Información Territorial,IGN
2014,3538,2014-05-04,Domingo,0.0,20:45:00,,0.0,2,"Taxi/Remis,Pickup/Utilitario",Mariano Moreno Y Cazadores,2,1,0,0,1,0,0,,Calle,,ROSARIO,Rosario,Asfalto,No existe,II,Dentro,Urbana,Ninguna,No existe,Cruce,Bueno,Buena,Nocturna,Buen Tiempo,Lateral,S/D,Colisión,S/D,Faltante,Ninguna,Sin restricción,POINT (-60.6618971 -33.00442069999999),"['Mariano Moreno', 'Cazadores']",2,Mariano Moreno; Cazadores,-33.00442069999999,-60.6618971,55.0,538.0,Municipio Rosario,Municipio,Rosario,820210,Servicio de Catastro e Información Territorial,IGN
2014,3539,2014-05-11,Domingo,0.0,11:30:00,,0.0,2,"Bicicleta,Automóvil",Av. Arijon Y Paraguay,2,1,0,0,1,0,0,,Avenida,,ROSARIO,Rosario,Asfalto,No existe,II,Dentro,Urbana,Marca Vial,No existe,Intersección,Bueno,Buena,Diurna,Buen Tiempo,S/D,S/D,Atropello,Ninguna,Horizontal,Cordón divisorio,Sin restricción,POINT (-60.65470270000001 -33.003229900000015),"['Avenida Manuel Arijón', 'Paraguay']",2,Avenida Manuel Arijón; Paraguay,-33.003229900000015,-60.65470270000001,55.0,538.0,Municipio Rosario,Municipio,Rosario,820210,Servicio de Catastro e Información Territorial,IGN