anio_acci,nro_acci,fecha,desc_dia,fecha_aprox,hora_aprox,desc_ruta,km,cant_participantes,desc_participante,calle_avenida_km,total,heridos_leves,heridos_graves,heridos_gravisimos,ilesos,fallecidos,sin_datos,posicion_XY,desc_tipo_via,desc_ruta_ori,desc_loc,desc_dpto,desc_tipo_calzada,desc_tipo_banquina,desc_unidad_regional,desc_lugar_calzada,desc_zona,desc_prioridad,desc_estado_semaforo,desc_lugar_via,desc_estado_via,desc_estado_visibilidad,desc_luminosidad,desc_estado_clima,desc_tipo_colision,desc_tipo_atropello,desc_tipo_hecho,desc_pres_calzada,desc_senializacion,desc_separacion_via,desc_restriccion,forma_geocod,calle_lista,numero_calles,calles_osm,lat,lon,index_right,gid,fna,gna,nam,in1,fdc,sag
2014,3541,2014-05-15,Jueves,0.0,21:15:00,,0.0,2,"Moto/Ciclomotor,Automóvil",Av. Jorge Newbery Y Av. Circunvalacion,2,1,0,0,1,0,0,,Calle,,ROSARIO,Rosario,S/D,S/D,II,Dentro,Urbana,S/D,S/D,Intersección,S/D,S/D,Diurna,S/D,S/D,S/D,Colisión,S/D,S/D,S/D,S/D,POINT (-60.72420769617581 -32.90836527388018),"['Jorge Newbery', 'Circunvalacion']",2,Avenida Jorge Newbery; Avenida de Circunvalación 25 de Mayo,-32.90836527388018,-60.72420769617581,55.0,538.0,Municipio Rosario,Municipio,Rosario,820210,Servicio de Catastro e Información Territorial,IGN
2014,3543,2014-05-23,Viernes,0.0,03:45:00,,0.0,2,"Automóvil,Automóvil",Bv. Rondeau Y Av. Puccio,3,3,0,0,0,0,0,,Calle,,ROSARIO,Rosario,Asfalto,No existe,II,Dentro,Urbana,Semáforo,Funciona,Intersección,Bueno,Buena,Nocturna,Buen Tiempo,Frontal,S/D,Colisión,Ninguna,Vertical,S/D,Sin restricción,POINT (-60.69223824000001 -32.894806720000005),"['Rondeau', 'Puccio']",2,Bulevar General José Rondeau; Avenida José Nicolás Puccio,-32.894806720000005,-60.69223824000001,55.0,538.0,Municipio Rosario,Municipio,Rosario,820210,Servicio de Catastro e Información Territorial,IGN
2014,3545,2014-05-26,Lunes,0.0,12:15:00,,0.0,2,"Moto/Ciclomotor,Automóvil",Schweitzer Y Donado,2,1,0,0,1,0,0,,Calle,,ROSARIO,Rosario,S/D,S/D,II,Dentro,Urbana,S/D,S/D,S/D,S/D,S/D,Diurna,S/D,S/D,S/D,Colisión,S/D,S/D,S/D,S/D,POINT (-60.72819055 -32.9135311),"['Albert Schweitzer', 'Donado']",2,Albert Schweitzer; José Agustín Donado,-32.9135311,-60.72819055,55.0,538.0,Municipio Rosario,Municipio,Rosario,820210,Servicio de Catastro e Información Territorial,IGN
2014,3546,2014-05-09,Viernes,0.0,22:30:00,,0.0,2,"Moto/Ciclomotor,Automóvil",Av. Bermudez Y Av. Battle y Ordoñez,3,0,2,0,1,0,0,,Avenida,,ROSARIO,Rosario,Asfalto,No existe,II,Dentro,Urbana,Marca Vial,No existe,Intersección,Bueno,Buena,Nocturna,Buen Tiempo,Lateral,S/D,Colisión,Ninguna,Horizontal,Cordón divisorio,Sin restricción,POINT (-60.642303600000005 -33.00874819999999),"['Bermudez', 'Avenida Battle y Ordoñez']",2,Avenida José Bermúdez; Avenida Battle y Ordoñez,-33.00874819999999,-60.642303600000005,55.0,538.0,Municipio Rosario,Municipio,Rosario,820210,Servicio de Catastro e Información Territorial,IGN
2014,3547,2014-05-06,Martes,0.0,14:00:00,,0.0,2,"Camión,Moto/Ciclomotor",Mendoza 7500,2,0,1,0,1,0,0,,Calle,,ROSARIO,Rosario,Asfalto,Pavimento,II,S/D,Urbana,Ninguna,No existe,S/D,Bueno,Buena,Diurna,Buen Tiempo,Lateral,S/D,Colisión,Ninguna,S/D,S/D,Sin restricción,"-32.9404161, -60.7235199",['Mendoza 7500'],1,Mendoza 7500,-32.9404161,-60.7235199,55.0,538.0,Municipio Rosario,Municipio,Rosario,820210,Servicio de Catastro e Información Territorial,IGN
2014,3548,2014-05-05,Lunes,0.0,12:35:00,,0.0,2,"Automóvil,Automóvil",J.M.Gutierrez Y Pueyrredon,3,2,0,0,1,0,0,,Calle,,ROSARIO,Rosario,Asfalto,No existe,II,Dentro,Urbana,Ninguna,No existe,Recta,Resbaladiza,Buena,Diurna,Lluvia,Lateral,S/D,Colisión,S/D,Faltante,Ninguna,Sin restricción,POINT (-60.669444399999996 -32.9946675),"['Gutierrez', 'Pueyrredón']",2,Ricardo Gutierrez; Pueyrredón,-32.9946675,-60.6694444,55.0,538.0,Municipio Rosario,Municipio,Rosario,820210,Servicio de Catastro e Información Territorial,IGN
2014,3549,2014-05-12,Lunes,0.0,19:15:00,,0.0,1,Transporte de Pasajeros Larga Distancia (Doble Piso),Montevideo Y Bv. Avellaneda,3,2,0,0,1,0,0,,Avenida,,ROSARIO,Rosario,Asfalto,No existe,II,Dentro,Urbana,Semáforo,Funciona,Recta,Bueno,Buena,"Atardecer,Con luz artificial",Buen Tiempo,S/D,S/D,Colisión,S/D,Vertical,Cordón divisorio,Sin restricción,POINT (-60.68156305 -32.948831999999996),"['Montevideo', 'Avellaneda']",2,Montevideo; Bulevar Nicolás Avellaneda,-32.948832,-60.68156305,55.0,538.0,Municipio Rosario,Municipio,Rosario,820210,Servicio de Catastro e Información Territorial,IGN
2014,3550,2014-05-28,Miercoles,0.0,00:20:00,,0.0,2,"Moto/Ciclomotor,Pickup/Utilitario",Biedma Y Santiago,2,1,0,0,1,0,0,,Calle,,ROSARIO,Rosario,Asfalto,No existe,II,Dentro,Urbana,S/D,No existe,Intersección,Bueno,Buena,"Nocturna,Con luz artificial",Buen Tiempo,De alcance,S/D,Colisión,S/D,S/D,S/D,Sin restricción,POINT (-60.664781299999994 -32.97819239999999),"['Coronel Biedma', 'Santiago']",2,Coronel Biedma; Santiago,-32.97819239999999,-60.6647813,55.0,538.0,Municipio Rosario,Municipio,Rosario,820210,Servicio de Catastro e Información Territorial,IGN
2014,3554,2014-05-25,Domingo,0.0,17:00:00,,0.0,2,"Moto/Ciclomotor,Automóvil",Crespo Y Amenabar,4,1,0,0,3,0,0,,Calle,,ROSARIO,Rosario,Asfalto,No existe,II,S/D,Urbana,Ninguna,No existe,Intersección,Bueno,Buena,Diurna,Buen Tiempo,S/D,S/D,Colisión,Ninguna,Faltante,Cordón divisorio,Sin restricción,POINT (-60.6747024 -32.966823999999995),"['Crespo', 'Amenabar']",2,Crespo; José de Amenábar,-32.966823999999995,-60.6747024,55.0,538.0,Municipio Rosario,Municipio,Rosario,820210,Servicio de Catastro e Información Territorial,IGN
2014,3557,2014-05-03,Sabado,0.0,18:20:00,,0.0,2,"Automóvil,Moto/Ciclomotor",Av. Circunvalacion 1200,3,2,0,0,1,0,0,,Avenida,,ROSARIO,Rosario,Asfalto,No existe,II,S/D,Urbana,Ninguna,No existe,S/D,Bueno,Buena,Diurna,Buen Tiempo,Frontal,S/D,Colisión,Ninguna,Faltante,S/D,Sin restricción,"-32.9420604, -60.7231039",['Circunvalacion 1200'],1,Circunvalacion 1200,-32.9420604,-60.7231039,55.0,538.0,Municipio Rosario,Municipio,Rosario,820210,Servicio de Catastro e Información Territorial,IGN
2014,3558,2014-05-28,Miercoles,0.0,01:35:00,,0.0,2,"Taxi/Remis,Moto/Ciclomotor",Entre Rios Y Mr.Ross,2,1,0,0,1,0,0,,Calle,,ROSARIO,Rosario,Asfalto,No existe,II,Dentro,Urbana,S/D,S/D,Intersección,Bueno,S/D,"Nocturna,Con luz artificial",Buen Tiempo,Lateral,S/D,Colisión,S/D,S/D,S/D,Sin restricción,POINT (-60.6514768 -32.98776199999999),"['Entre Ríos', 'Rodrigo M. Ross']",2,Entre Ríos; Rodrigo M. Ross,-32.98776199999999,-60.6514768,55.0,538.0,Municipio Rosario,Municipio,Rosario,820210,Servicio de Catastro e Información Territorial,IGN
2014,3559,2014-05-04,Domingo,0.0,04:15:00,,0.0,2,"Automóvil,Moto/Ciclomotor",Bv. 27 De Febrero Y Av. Francia,4,2,0,0,2,0,0,,Avenida,,ROSARIO,Rosario,Asfalto,S/D,II,Dentro,Urbana,S/D,Funciona,Intersección,Bueno,S/D,"Nocturna,Con luz artificial",S/D,S/D,S/D,Colisión,S/D,S/D,S/D,S/D,POINT (-60.670860125 -32.962700725000005),"['27 de Febrero', 'Avenida Francia']",2,Bulevar 27 de Febrero; Avenida Francia,-32.962700725000005,-60.670860125,55.0,538.0,Municipio Rosario,Municipio,Rosario,820210,Servicio de Catastro e Información Territorial,IGN
2014,3563,2014-05-10,Sabado,0.0,11:00:00,,0.0,2,"Moto/Ciclomotor,Taxi/Remis",Av. Arijon Y Tabare,3,2,0,0,1,0,0,,Avenida,,ROSARIO,Rosario,Asfalto,No existe,II,Dentro,Urbana,Ninguna,No existe,Intersección,Bueno,Buena,Diurna,Buen Tiempo,Lateral,S/D,Colisión,S/D,Faltante,Línea divisoria pintada,Sin restricción,POINT (-60.67185769999999 -33.0037255),"['Avenida Manuel Arijón', 'Tabare']",2,Avenida Manuel Arijón; Tabares,-33.0037255,-60.67185769999999,55.0,538.0,Municipio Rosario,Municipio,Rosario,820210,Servicio de Catastro e Información Territorial,IGN
2014,3566,2014-05-18,Domingo,0.0,14:25:00,,0.0,2,"Moto/Ciclomotor,Moto/Ciclomotor",Bv. Segui Y Crespo,3,2,0,0,1,0,0,,Avenida,,ROSARIO,Rosario,Asfalto,S/D,II,Dentro,Urbana,Ninguna,No existe,Intersección,Bueno,Buena,Diurna,Lluvia,Lateral,S/D,Colisión,Ninguna,Faltante,Cordón divisorio,Sin restricción,POINT (-60.676448699999995 -32.973707299999994),"['Bulevar Juan Francisco Seguí', 'Crespo']",2,Bulevar Juan Francisco Seguí; Crespo,-32.973707299999994,-60.6764487,55.0,538.0,Municipio Rosario,Municipio,Rosario,820210,Servicio de Catastro e Información Territorial,IGN
2014,3567,2014-05-29,Jueves,0.0,16:06:00,,0.0,2,"Automóvil,Pickup/Utilitario",San Martin Y Ameghino,2,1,0,0,1,0,0,,Avenida,,ROSARIO,Rosario,Asfalto,S/D,II,Dentro,Urbana,Ninguna,Funciona,Intersección,Bueno,Buena,Atardecer,Buen Tiempo,S/D,S/D,Colisión,S/D,S/D,S/D,Sin restricción,POINT (-60.6460194 -32.987542250000004),"['San Martin', 'Ameghino']",2,José de San Martín; Ameghino,-32.987542250000004,-60.6460194,55.0,538.0,Municipio Rosario,Municipio,Rosario,820210,Servicio de Catastro e Información Territorial,IGN
2014,3568,2014-05-04,Domingo,0.0,05:30:00,,0.0,2,"Automóvil,Automóvil",Av. Pellegrini Y Bv. Oroño,2,2,0,0,0,0,0,,Avenida,,ROSARIO,Rosario,Asfalto,S/D,II,Dentro,Urbana,S/D,Funciona,Intersección,Bueno,S/D,S/D,S/D,S/D,S/D,Colisión,S/D,Vertical,Cordón divisorio,S/D,POINT (-60.656023850000004 -32.95457175),"['Pellegrini', 'Bulevar Nicasio Oroño']",2,Avenida Carlos Pellegrini; Bulevar Nicasio Oroño,-32.95457175,-60.65602385,55.0,538.0,Municipio Rosario,Municipio,Rosario,820210,Servicio de Catastro e Información Territorial,IGN
2014,3572,2014-05-30,Viernes,0.0,07:45:00,,0.0,2,"Moto/Ciclomotor,Moto/Ciclomotor",Av. Corrientes Y Biedma,3,3,0,0,0,0,0,,S/D,,ROSARIO,Rosario,Asfalto,No existe,II,S/D,Urbana,Ninguna,No existe,Intersección,Bueno,Buena,Amanecer,Buen Tiempo,Lateral,S/D,Colisión,Ninguna,S/D,S/D,Sin restricción,POINT (-60.6511938 -32.9806414),"['Corrientes', 'Coronel Biedma']",2,Corrientes; Coronel Biedma,-32.9806414,-60.6511938,55.0,538.0,Municipio Rosario,Municipio,Rosario,820210,Servicio de Catastro e Información Territorial,IGN
2014,3576,2014-05-20,Martes,0.0,09:45:00,,0.0,2,"Automóvil,Moto/Ciclomotor",Juan B.De La Salle Y Peru,2,1,0,0,1,0,0,,Calle,,ROSARIO,Rosario,Asfalto,No existe,II,Dentro,Urbana,Ninguna,No existe,Intersección,S/D,Buena,Diurna,S/D,Lateral,S/D,Colisión,S/D,Faltante,Ninguna,Sin restricción,POINT (-60.7121573 -32.9224695),"['De La Salle', 'Peru']",2,De La Salle; Perú,-32.9224695,-60.7121573,55.0,538.0,Municipio Rosario,Municipio,Rosario,820210,Servicio de Catastro e Información Territorial,IGN
2014,3577,2014-05-21,Miercoles,0.0,20:40:00,,0.0,2,"Moto/Ciclomotor,Automóvil",Av. Ntra.Sra.del Rosario Y Alvear,2,1,0,0,1,0,0,,Calle,,ROSARIO,Rosario,Asfalto,No existe,II,Dentro,Urbana,Ninguna,No existe,Intersección,Bueno,Buena,Nocturna,Buen Tiempo,Lateral,S/D,Colisión,S/D,Faltante,Ninguna,Sin restricción,POINT (-60.6663034 -33.0006201),"['Nuestra Señora del Rosario', 'Alvear']",2,Puente Nuestra Señora del Rosario; Alvear,-33.0006201,-60.6663034,55.0,538.0,Municipio Rosario,Municipio,Rosario,820210,Servicio de Catastro e Información Territorial,IGN
2014,3578,2014-05-18,Domingo,0.0,11:20:00,,0.0,2,"Moto/Ciclomotor,Automóvil",Av. Francia Y Bv. Segui,2,1,0,0,0,0,1,,Avenida,,ROSARIO,Rosario,Asfalto,No existe,II,Dentro,Urbana,Semáforo,Funciona,Intersección,Bueno,Buena,Diurna,Lluvia,Lateral,S/D,Colisión,Ninguna,Vertical,Cordón divisorio,Sin restricción,POINT (-60.673763175000005 -32.97418725),"['Avenida Francia', 'Bulevar Juan Francisco Seguí']",2,Avenida Francia; Bulevar Juan Francisco Seguí,-32.97418725,-60.673763175000005,55.0,538.0,Municipio Rosario,Municipio,Rosario,820210,Servicio de Catastro e Información Territorial,IGN
2014,3580,2014-05-18,Domingo,0.0,03:30:00,,0.0,2,"Automóvil,Moto/Ciclomotor",Santa Fe Y Liniers,5,3,0,0,2,0,0,,Calle,,ROSARIO,Rosario,Asfalto,S/D,II,Dentro,Urbana,Semáforo,Funciona,Intersección,S/D,Reducida,Diurna,S/D,Lateral,S/D,Colisión,S/D,Horizontal,Ninguna,Sin restricción,POINT (-60.69874070000001 -32.9353252),"['Santa Fe', 'Liniers']",2,Santa Fe; Liniers,-32.9353252,-60.69874070000001,55.0,538.0,Municipio Rosario,Municipio,Rosario,820210,Servicio de Catastro e Información Territorial,IGN
2014,3583,2014-05-31,Sabado,0.0,12:20:00,,0.0,2,"Automóvil,Bicicleta",Bv. Oroño Y Dean Funes,2,1,0,0,1,0,0,,Avenida,,ROSARIO,Rosario,Asfalto,S/D,II,Dentro,Urbana,Semáforo,Funciona,Recta,Bueno,Buena,Diurna,Buen Tiempo,S/D,S/D,Atropello,S/D,Horizontal,S/D,Sin restricción,POINT (-60.660666600000006 -32.972956899999986),"['Bulevar Nicasio Oroño', 'Deán Gregorio Funes']",2,Bulevar Nicasio Oroño; Deán Gregorio Funes,-32.972956899999986,-60.660666600000006,55.0,538.0,Municipio Rosario,Municipio,Rosario,820210,Servicio de Catastro e Información Territorial,IGN
2014,3584,2014-05-15,Jueves,0.0,18:30:00,,0.0,2,"Bicicleta,Moto/Ciclomotor",Av. Francia Y Amenabar,2,1,0,0,1,0,0,,Avenida,,ROSARIO,Rosario,Asfalto,No existe,II,Dentro,Urbana,Ninguna,No existe,Intersección,Bueno,Buena,Atardecer,Buen Tiempo,S/D,S/D,Caída ocupante,Ninguna,Faltante,Cordón divisorio,Sin restricción,POINT (-60.67202045 -32.967278349999994),"['Avenida Francia', 'Amenabar']",2,Avenida Francia; José de Amenábar,-32.967278349999994,-60.67202045,55.0,538.0,Municipio Rosario,Municipio,Rosario,820210,Servicio de Catastro e Información Territorial,IGN
2014,3586,2014-05-28,Miercoles,0.0,14:45:00,,0.0,2,"Automóvil,Automóvil",Morrison Y Donado,2,1,0,0,0,0,1,,Calle,,ROSARIO,Rosario,Asfalto,Pavimento,II,Dentro,Urbana,Ninguna,No existe,Intersección,Bueno,Buena,Diurna,Buen Tiempo,Lateral,S/D,Colisión,Ninguna,Faltante,Ninguna,Sin restricción,POINT (-60.7275603 -32.92546369999999),"['Morrison', 'Donado']",2,Avenida Morrison; José Agustín Donado,-32.92546369999999,-60.7275603,55.0,538.0,Municipio Rosario,Municipio,Rosario,820210,Servicio de Catastro e Información Territorial,IGN
2014,3588,2014-05-19,Lunes,0.0,18:50:00,,0.0,2,"Pickup/Utilitario,Bicicleta",Pte.Roca Y Ocampo,2,1,0,0,1,0,0,,Calle,,ROSARIO,Rosario,S/D,S/D,II,Dentro,Urbana,S/D,S/D,Intersección,S/D,S/D,Diurna,S/D,S/D,S/D,Atropello,S/D,S/D,S/D,S/D,POINT (-60.6501493 -32.965235500000006),"['Roca', 'Ocampo']",2,Presidente Roca; Ocampo,-32.965235500000006,-60.6501493,55.0,538.0,Municipio Rosario,Municipio,Rosario,820210,Servicio de Catastro e Información Territorial,IGN
2014,3589,2014-05-06,Martes,0.0,18:00:00,,0.0,2,"Moto/Ciclomotor,Automóvil",Alsina Y Garay,3,2,0,0,1,0,0,,Calle,,ROSARIO,Rosario,Asfalto,No existe,II,Dentro,Urbana,Ninguna,No existe,Intersección,Deteriorada,Buena,Atardecer,Buen Tiempo,S/D,S/D,Colisión,Ninguna,Faltante,Cordón divisorio,Sin restricción,POINT (-60.683481799999996 -32.967666900000005),"['Alsina', 'Garay']",2,Alsina; Juan de Garay,-32.967666900000005,-60.6834818,55.0,538.0,Municipio Rosario,Municipio,Rosario,820210,Servicio de Catastro e Información Territorial,IGN
2014,3590,2014-05-05,Lunes,0.0,14:45:00,,0.0,2,"Moto/Ciclomotor,Taxi/Remis",3 De Febrero Y Sarmiento,2,1,0,0,1,0,0,,Calle,,ROSARIO,Rosario,Asfalto,S/D,II,Dentro,Urbana,Ninguna,No existe,Intersección,Con baches,Buena,Diurna,Buen Tiempo,Lateral,S/D,Colisión,S/D,Faltante,Cordón divisorio,Sin restricción,POINT (-60.63974480000001 -32.9527553),"['3 de Febrero', 'Sarmiento']",2,3 de Febrero; Sarmiento,-32.9527553,-60.63974480000001,55.0,538.0,Municipio Rosario,Municipio,Rosario,820210,Servicio de Catastro e Información Territorial,IGN
2014,3591,2014-05-28,Miercoles,0.0,09:30:00,,0.0,2,"Bicicleta,Automóvil",La Republica Y Av. Circunvalacion,2,1,0,0,0,0,1,,Calle,,ROSARIO,Rosario,Asfalto,Pavimento,II,Dentro,Urbana,Ninguna,No existe,Intersección,Bueno,Buena,Diurna,Buen Tiempo,S/D,S/D,Atropello,Ninguna,Faltante,Ninguna,Sin restricción,POINT (-60.723125 -32.9188523),"['La República', 'Circunvalacion']",2,"('La República', 'Juan Pablo II')",-32.9188523,-60.723125,55.0,538.0,Municipio Rosario,Municipio,Rosario,820210,Servicio de Catastro e Información Territorial,IGN
2014,3592,2014-05-31,Sabado,0.0,11:00:00,,0.0,2,"Automóvil,Automóvil",San Martin Y Garibaldi,2,1,0,0,1,0,0,,Avenida,,ROSARIO,Rosario,Asfalto,S/D,II,Dentro,Urbana,S/D,No existe,Intersección,Bueno,Buena,Diurna,Buen Tiempo,Lateral,S/D,Colisión,S/D,S/D,S/D,Sin restricción,POINT (-60.645777800000005 -32.986383249999996),"['San Martin', 'José Garibaldi']",2,José de San Martín; José Garibaldi,-32.98638325,-60.645777800000005,55.0,538.0,Municipio Rosario,Municipio,Rosario,820210,Servicio de Catastro e Información Territorial,IGN
2014,3596,2014-05-20,Martes,0.0,08:00:00,,0.0,2,"Moto/Ciclomotor,Automóvil",Sarratea Bis Y Bv. Argentino,2,1,0,0,0,0,1,,Avenida,,ROSARIO,Rosario,Asfalto,No existe,II,Dentro,Urbana,S/D,No existe,Intersección,Bueno,Buena,Diurna,Buen Tiempo,Lateral,S/D,Colisión,S/D,Faltante,Ninguna,Sin restricción,POINT (-60.74117369999999 -32.92451839999999),"['Sarratea', 'Argentino']",2,Sarratea; Avenida Central Argentino,-32.92451839999999,-60.74117369999999,55.0,538.0,Municipio Rosario,Municipio,Rosario,820210,Servicio de Catastro e Información Territorial,IGN
2014,3597,2014-05-03,Sabado,0.0,12:00:00,,0.0,2,"Moto/Ciclomotor,Automóvil",Av. Ovidio Lagos Y Bv. Segui,2,1,0,0,1,0,0,,Avenida,,ROSARIO,Rosario,Asfalto,No existe,II,S/D,Urbana,Semáforo,Funciona,Intersección,Bueno,Buena,Diurna,Buen Tiempo,S/D,S/D,Colisión,Ninguna,Vertical,Cordón divisorio,Sin restricción,POINT (-60.66940506666666 -32.974966166666654),"['Avenida Ovidio Lagos', 'Bulevar Juan Francisco Seguí']",2,Avenida Ovidio Lagos; Bulevar Juan Francisco Seguí,-32.974966166666654,-60.66940506666666,55.0,538.0,Municipio Rosario,Municipio,Rosario,820210,Servicio de Catastro e Información Territorial,IGN
2014,3598,2014-05-04,Domingo,0.0,18:00:00,,0.0,2,"Moto/Ciclomotor,Automóvil",Ayolas Y Maipu,3,2,0,0,1,0,0,,Calle,,ROSARIO,Rosario,Asfalto,No existe,II,Dentro,Urbana,Marca Vial,No existe,Intersección,Bueno,Buena,Atardecer,Buen Tiempo,Lateral,S/D,Colisión,Ninguna,Vertical,Línea divisoria pintada,Sin restricción,POINT (-60.64305350000001 -32.977283299999996),"['Ayolas', 'Maipú']",2,Ayolas; Maipú,-32.9772833,-60.64305350000001,55.0,538.0,Municipio Rosario,Municipio,Rosario,820210,Servicio de Catastro e Información Territorial,IGN
2014,3599,2014-05-20,Martes,0.0,18:00:00,,0.0,2,"Moto/Ciclomotor,Automóvil",Galvez Y Dorrego,2,1,0,0,1,0,0,,Calle,,ROSARIO,Rosario,Asfalto,S/D,II,Dentro,Urbana,S/D,S/D,Intersección,Bueno,S/D,Diurna,S/D,S/D,S/D,Colisión,S/D,S/D,S/D,S/D,POINT (-60.65484430000001 -32.966804299999986),"['Galvez', 'Dorrego']",2,José Gálvez; Manuel Dorrego,-32.966804299999986,-60.65484430000001,55.0,538.0,Municipio Rosario,Municipio,Rosario,820210,Servicio de Catastro e Información Territorial,IGN
2014,3600,2014-05-05,Lunes,0.0,16:30:00,,0.0,2,"Automóvil,Automóvil",Pueyrredon Y Rioja,2,1,0,0,1,0,0,,Calle,,ROSARIO,Rosario,Asfalto,S/D,II,Dentro,Urbana,Ninguna,No existe,Recta,S/D,Buena,Diurna,Buen Tiempo,Frontal,S/D,Colisión,S/D,Faltante,Cordón divisorio,Sin restricción,POINT (-60.6576513 -32.944126799999985),"['Pueyrredón', 'Rioja']",2,Pueyrredón; Rioja,-32.944126799999985,-60.6576513,55.0,538.0,Municipio Rosario,Municipio,Rosario,820210,Servicio de Catastro e Información Territorial,IGN
2014,3602,2014-05-05,Lunes,0.0,18:00:00,,0.0,2,"Automóvil,Peatón",9 De Julio Y Italia,2,1,0,0,1,0,0,,Calle,,ROSARIO,Rosario,Asfalto,S/D,II,Dentro,Urbana,Ninguna,No existe,Intersección,Bueno,Buena,Atardecer,Buen Tiempo,S/D,S/D,Atropello,S/D,Faltante,S/D,Sin restricción,POINT (-60.649733700000006 -32.95212239999999),"['9 de Julio', 'Italia']",2,9 de Julio; Italia,-32.95212239999999,-60.649733700000006,55.0,538.0,Municipio Rosario,Municipio,Rosario,820210,Servicio de Catastro e Información Territorial,IGN
2014,3603,2014-05-03,Sabado,0.0,10:00:00,,0.0,2,"Moto/Ciclomotor,Automóvil",Ayolas Y Maipu,3,2,0,0,1,0,0,,Calle,,ROSARIO,Rosario,Asfalto,No existe,II,Dentro,Urbana,Marca Vial,No existe,Intersección,Bueno,Buena,Diurna,Buen Tiempo,Lateral,S/D,Colisión,Ninguna,Vertical,Línea divisoria pintada,Sin restricción,POINT (-60.64305350000001 -32.977283299999996),"['Ayolas', 'Maipú']",2,Ayolas; Maipú,-32.9772833,-60.64305350000001,55.0,538.0,Municipio Rosario,Municipio,Rosario,820210,Servicio de Catastro e Información Territorial,IGN
2014,3604,2014-05-06,Martes,0.0,09:30:00,,0.0,2,"Moto/Ciclomotor,Automóvil",3 De Febrero Y Dorrego,2,1,0,0,1,0,0,,Calle,,ROSARIO,Rosario,Asfalto,S/D,II,Dentro,Urbana,Ninguna,No existe,Intersección,Bueno,Buena,Diurna,Buen Tiempo,Lateral,S/D,Colisión,S/D,Faltante,Cordón divisorio,Sin restricción,POINT (-60.65079089999999 -32.9508141),"['3 de Febrero', 'Dorrego']",2,3 de Febrero; Manuel Dorrego,-32.9508141,-60.65079089999999,55.0,538.0,Municipio Rosario,Municipio,Rosario,820210,Servicio de Catastro e Información Territorial,IGN
2014,3605,2014-05-21,Miercoles,0.0,08:20:00,,0.0,2,"Pickup/Utilitario,Moto/Ciclomotor",Av. Corrientes Y Cerrito,2,1,0,0,1,0,0,,Avenida,,ROSARIO,Rosario,Asfalto,S/D,II,Dentro,Urbana,S/D,S/D,Intersección,Bueno,S/D,Diurna,S/D,S/D,S/D,Colisión,S/D,S/D,S/D,S/D,POINT (-60.6462178 -32.96111909999998),"['Corrientes', 'Cerrito']",2,Corrientes; Cerrito,-32.96111909999998,-60.6462178,55.0,538.0,Municipio Rosario,Municipio,Rosario,820210,Servicio de Catastro e Información Territorial,IGN
2014,3606,2014-05-17,Sabado,0.0,17:00:00,,0.0,2,"Automóvil,Bicicleta",Brasil Y Av. Eva Peron,2,1,0,0,0,0,1,,Calle,,ROSARIO,Rosario,Asfalto,No existe,II,Dentro,Urbana,Ninguna,No existe,Intersección,Bueno,Buena,Diurna,Buen Tiempo,S/D,S/D,Atropello,Ninguna,Faltante,Ninguna,Sin restricción,POINT (-60.7200174 -32.931729749999995),"['Brasil', 'Avenida Eva Perón']",2,Brasil; Avenida Eva Perón,-32.931729749999995,-60.7200174,55.0,538.0,Municipio Rosario,Municipio,Rosario,820210,Servicio de Catastro e Información Territorial,IGN
2014,3607,2014-05-03,Sabado,0.0,07:00:00,,0.0,2,"Moto/Ciclomotor,Automóvil",Rueda Y Ayacucho,3,2,0,0,1,0,0,,Calle,,ROSARIO,Rosario,Asfalto,No existe,II,Dentro,Urbana,Marca Vial,No existe,Intersección,Bueno,Buena,Diurna,Buen Tiempo,Lateral,S/D,Colisión,Ninguna,Vertical,Línea divisoria pintada,Sin restricción,POINT (-60.6331082 -32.9730883),"['Rueda', 'Ayacucho']",2,Rueda; Ayacucho,-32.9730883,-60.6331082,55.0,538.0,Municipio Rosario,Municipio,Rosario,820210,Servicio de Catastro e Información Territorial,IGN
2014,3608,2014-05-28,Miercoles,0.0,14:00:00,,0.0,2,"Automóvil,Automóvil",San Lorenzo Y Alvear,3,2,0,0,1,0,0,,Calle,,ROSARIO,Rosario,Asfalto,No existe,II,Dentro,Urbana,Ninguna,No existe,Recta,Bueno,Buena,Diurna,Buen Tiempo,Lateral,S/D,Colisión,S/D,Faltante,Ninguna,Sin restricción,POINT (-60.6540993 -32.941162199999994),"['San Lorenzo', 'Alvear']",2,San Lorenzo; Alvear,-32.941162199999994,-60.6540993,55.0,538.0,Municipio Rosario,Municipio,Rosario,820210,Servicio de Catastro e Información Territorial,IGN