anio_acci,nro_acci,fecha,desc_dia,fecha_aprox,hora_aprox,desc_ruta,km,cant_participantes,desc_participante,calle_avenida_km,total,heridos_leves,heridos_graves,heridos_gravisimos,ilesos,fallecidos,sin_datos,posicion_XY,desc_tipo_via,desc_ruta_ori,desc_loc,desc_dpto,desc_tipo_calzada,desc_tipo_banquina,desc_unidad_regional,desc_lugar_calzada,desc_zona,desc_prioridad,desc_estado_semaforo,desc_lugar_via,desc_estado_via,desc_estado_visibilidad,desc_luminosidad,desc_estado_clima,desc_tipo_colision,desc_tipo_atropello,desc_tipo_hecho,desc_pres_calzada,desc_senializacion,desc_separacion_via,desc_restriccion,forma_geocod,calle_lista,numero_calles,calles_osm,lat,lon,index_right,gid,fna,gna,nam,in1,fdc,sag
2014,3667,2014-05-07,Miercoles,0.0,09:00:00,,0.0,2,"Moto/Ciclomotor,Automóvil",Nansen Y Bv. Rondeau,2,1,0,0,1,0,0,,Avenida,,ROSARIO,Rosario,Asfalto,No existe,II,Dentro,Urbana,Semáforo,Funciona,Recta,Bueno,Buena,Diurna,Buen Tiempo,Lateral,S/D,Colisión,Ninguna,Vertical,Ninguna,Sin restricción,POINT (-60.68788825 -32.909382825),"['Nansen', 'Rondeau']",2,Avenida Nansen; Bulevar General José Rondeau,-32.909382825,-60.68788825,55.0,538.0,Municipio Rosario,Municipio,Rosario,820210,Servicio de Catastro e Información Territorial,IGN
2014,3668,2014-05-30,Viernes,0.0,17:20:00,,0.0,2,"Automóvil,Moto/Ciclomotor",Paraguay Y Rueda,3,2,0,0,1,0,0,,Calle,,ROSARIO,Rosario,Asfalto,S/D,II,Dentro,Urbana,S/D,S/D,Intersección,S/D,S/D,Diurna,S/D,S/D,S/D,Colisión,S/D,S/D,S/D,S/D,POINT (-60.6499444 -32.9700779),"['Paraguay', 'Rueda']",2,Paraguay; Rueda,-32.9700779,-60.6499444,55.0,538.0,Municipio Rosario,Municipio,Rosario,820210,Servicio de Catastro e Información Territorial,IGN
2014,3671,2014-05-17,Sabado,0.0,11:50:00,,0.0,2,"Moto/Ciclomotor,Automóvil",Grandoli Y Pte.Quintana,3,0,0,2,1,0,0,,Calle,,ROSARIO,Rosario,Asfalto,Pavimento,II,Dentro,Urbana,Marca Vial,No existe,Intersección,Bueno,Buena,Diurna,Buen Tiempo,Lateral,S/D,Colisión,Ninguna,Vertical,Cordón divisorio,Sin restricción,POINT (-60.628233550000004 -32.985896600000004),"['Avenida Abanderado Grandoli', 'Quintana']",2,Avenida Abanderado Grandoli; Presidente Quintana,-32.985896600000004,-60.62823355,55.0,538.0,Municipio Rosario,Municipio,Rosario,820210,Servicio de Catastro e Información Territorial,IGN
2014,3674,2014-05-17,Sabado,0.0,20:10:00,,0.0,2,"Moto/Ciclomotor,Automóvil",Ayolas Y Esmeralda,2,1,0,0,1,0,0,,Calle,,ROSARIO,Rosario,Asfalto,No existe,II,Dentro,Urbana,Marca Vial,No existe,Intersección,Bueno,Buena,"Nocturna,Con luz artificial",Buen Tiempo,Lateral,S/D,Colisión,Ninguna,Vertical,Línea divisoria pintada,Sin restricción,POINT (-60.629082600000004 -32.9797835),"['Ayolas', 'Esmeralda']",2,Ayolas; Esmeralda,-32.9797835,-60.6290826,55.0,538.0,Municipio Rosario,Municipio,Rosario,820210,Servicio de Catastro e Información Territorial,IGN
2014,3675,2014-05-08,Jueves,0.0,14:45:00,,0.0,2,"Moto/Ciclomotor,Pickup/Utilitario",Bv. Rondeau Y Ricardo Nuñez,2,1,0,0,1,0,0,,Calle,,ROSARIO,Rosario,Asfalto,No existe,II,Dentro,Urbana,Ninguna,Funciona,Recta,Bueno,Buena,Diurna,Buen Tiempo,Lateral,S/D,Colisión,Ninguna,Vertical,Ninguna,Sin restricción,POINT (-60.69541701428572 -32.88466172857143),"['Rondeau', 'Ricardo Nuñez']",2,Bulevar General José Rondeau; Ricardo Nuñez,-32.88466172857143,-60.69541701428572,55.0,538.0,Municipio Rosario,Municipio,Rosario,820210,Servicio de Catastro e Información Territorial,IGN
2014,3677,2014-05-06,Martes,0.0,18:30:00,,0.0,2,"Moto/Ciclomotor,Pickup/Utilitario",Mina Clavero Y Darragueira,2,1,0,0,1,0,0,,Calle,,ROSARIO,Rosario,Asfalto,No existe,II,Dentro,Urbana,Ninguna,No existe,Intersección,Bueno,Buena,Atardecer,Buen Tiempo,Frontal,S/D,Colisión,Ninguna,Faltante,Ninguna,Sin restricción,POINT (-60.697046 -32.88396509999999),"['Mina Clavero', 'José Darragueira']",2,Mina Clavero; José Darragueira,-32.88396509999999,-60.697046,55.0,538.0,Municipio Rosario,Municipio,Rosario,820210,Servicio de Catastro e Información Territorial,IGN
2014,3678,2014-05-10,Sabado,0.0,21:30:00,,0.0,2,"Pickup/Utilitario,Moto/Ciclomotor",Av. Circunvalacion 17,2,1,0,0,1,0,0,,Avenida,,ROSARIO,Rosario,Asfalto,S/D,II,Dentro,Urbana,Otra Señal,S/D,Recta,Bueno,Buena,Nocturna,Buen Tiempo,De alcance,S/D,Colisión,S/D,Horizontal,Guardarrail,Obra en Construcción,"-32.9405327, -60.7232736",['Circunvalacion 17'],1,Circunvalacion 17,-32.9405327,-60.7232736,55.0,538.0,Municipio Rosario,Municipio,Rosario,820210,Servicio de Catastro e Información Territorial,IGN
2014,3679,2014-05-23,Viernes,0.0,10:30:00,,0.0,2,"Automóvil,Peatón",Cerrito Y Mitre,2,1,0,0,1,0,0,,Calle,,ROSARIO,Rosario,Asfalto,S/D,II,Dentro,Urbana,S/D,S/D,Intersección,S/D,S/D,Diurna,S/D,S/D,S/D,Atropello,S/D,S/D,S/D,S/D,POINT (-60.6434414 -32.96161829999999),"['Cerrito', 'Mitre']",2,Cerrito; Bartolomé Mitre,-32.96161829999999,-60.6434414,55.0,538.0,Municipio Rosario,Municipio,Rosario,820210,Servicio de Catastro e Información Territorial,IGN
2014,3680,2014-05-13,Martes,0.0,08:00:00,,0.0,2,"Moto/Ciclomotor,Automóvil",3 De Febrero Y Dorrego,3,2,0,0,1,0,0,,Calle,,ROSARIO,Rosario,Asfalto,S/D,II,Dentro,Urbana,Ninguna,No existe,Intersección,Bueno,Buena,Diurna,Buen Tiempo,Lateral,S/D,Colisión,S/D,Faltante,Cordón divisorio,Sin restricción,POINT (-60.65079089999999 -32.9508141),"['3 de Febrero', 'Dorrego']",2,3 de Febrero; Manuel Dorrego,-32.9508141,-60.65079089999999,55.0,538.0,Municipio Rosario,Municipio,Rosario,820210,Servicio de Catastro e Información Territorial,IGN
2014,3681,2014-05-06,Martes,0.0,23:00:00,,0.0,2,"Moto/Ciclomotor,Automóvil",Av. Ovidio Lagos Y Av. Battle y Ordoñez,2,1,0,0,1,0,0,,Avenida,,ROSARIO,Rosario,Asfalto,No existe,II,Dentro,Urbana,Otra Señal,S/D,Recta,Deteriorada,Buena,Nocturna,Buen Tiempo,Lateral,S/D,Colisión,S/D,Vertical,S/D,Obra en Construcción,POINT (-60.677360275 -33.009728399999986),"['Avenida Ovidio Lagos', 'Avenida Battle y Ordoñez']",2,Avenida Ovidio Lagos; Avenida Battle y Ordoñez,-33.009728399999986,-60.677360275,55.0,538.0,Municipio Rosario,Municipio,Rosario,820210,Servicio de Catastro e Información Territorial,IGN
2014,3683,2014-05-16,Viernes,0.0,18:40:00,,0.0,2,"Automóvil,Moto/Ciclomotor",Virasoro Y Paraguay,3,1,0,0,2,0,0,,Calle,,ROSARIO,Rosario,Asfalto,S/D,II,Dentro,Urbana,S/D,S/D,Intersección,S/D,S/D,Diurna,S/D,S/D,S/D,Colisión,S/D,S/D,S/D,S/D,POINT (-60.64965960000001 -32.9689509),"['Virasoro', 'Paraguay']",2,Benjamín Virasoro; Paraguay,-32.9689509,-60.64965960000001,55.0,538.0,Municipio Rosario,Municipio,Rosario,820210,Servicio de Catastro e Información Territorial,IGN
2014,3684,2014-05-17,Sabado,0.0,14:00:00,,0.0,2,"Moto/Ciclomotor,Automóvil",Tte.Agneta Y Urquiza,2,1,0,0,1,0,0,,Calle,,ROSARIO,Rosario,Asfalto,No existe,II,Dentro,Urbana,Ninguna,No existe,Intersección,S/D,Buena,Diurna,S/D,Lateral,S/D,Colisión,S/D,Faltante,Ninguna,Sin restricción,POINT (-60.7001118 -32.93308439999999),"['Teniente Agneta', 'Urquiza']",2,Teniente Agneta; Justo José de Urquiza,-32.93308439999999,-60.7001118,55.0,538.0,Municipio Rosario,Municipio,Rosario,820210,Servicio de Catastro e Información Territorial,IGN
2014,3685,2014-05-09,Viernes,0.0,12:30:00,,0.0,2,"Moto/Ciclomotor,Automóvil",Casilda Y Stephenson,2,1,0,0,1,0,0,,Calle,,ROSARIO,Rosario,Asfalto,S/D,II,Dentro,Urbana,S/D,S/D,Intersección,S/D,S/D,Diurna,S/D,Lateral,S/D,Colisión,S/D,S/D,S/D,S/D,POINT (-60.6790103 -32.928199599999985),"['Casilda', 'Stephenson']",2,Casilda; Stephenson,-32.928199599999985,-60.6790103,55.0,538.0,Municipio Rosario,Municipio,Rosario,820210,Servicio de Catastro e Información Territorial,IGN
2014,3686,2014-05-29,Jueves,0.0,09:00:00,,0.0,2,"Bicicleta,Camión",J.Colombres Y Av. Genova,2,1,0,0,1,0,0,,Calle,,ROSARIO,Rosario,Asfalto,Pavimento,II,Dentro,Urbana,Ninguna,No existe,Intersección,Bueno,Buena,Diurna,Buen Tiempo,Otro,S/D,Atropello,S/D,Faltante,Ninguna,Sin restricción,POINT (-60.7304305 -32.9165025),"['José Colombres', 'Genova']",2,José Colombres; Avenida Génova,-32.9165025,-60.7304305,55.0,538.0,Municipio Rosario,Municipio,Rosario,820210,Servicio de Catastro e Información Territorial,IGN
2014,3687,2014-05-29,Jueves,0.0,20:00:00,,0.0,2,"Moto/Ciclomotor,Automóvil",San Martin Y Av. Arijon,4,1,0,0,3,0,0,,Avenida,,ROSARIO,Rosario,Asfalto,No existe,II,Dentro,Urbana,Ninguna,Funciona,Recta,Bueno,Buena,Nocturna,Otro,De alcance,S/D,Colisión,Ninguna,Vertical,Cordón divisorio,Sin restricción,POINT (-60.649363550000004 -33.003052149999995),"['San Martin', 'Avenida Manuel Arijón']",2,José de San Martín; Avenida Manuel Arijón,-33.003052149999995,-60.64936355,55.0,538.0,Municipio Rosario,Municipio,Rosario,820210,Servicio de Catastro e Información Territorial,IGN
2014,3688,2014-05-05,Lunes,0.0,23:00:00,,0.0,2,"Automóvil,Moto/Ciclomotor",Mitre Y Pasco,3,2,0,0,1,0,0,,Calle,,ROSARIO,Rosario,Asfalto,S/D,II,Dentro,Urbana,S/D,S/D,Intersección,S/D,S/D,"Nocturna,Con luz artificial",S/D,S/D,S/D,Colisión,S/D,S/D,S/D,S/D,POINT (-60.6428728 -32.95932040000001),"['Mitre', 'Pasco']",2,Bartolomé Mitre; Pasco,-32.95932040000001,-60.6428728,55.0,538.0,Municipio Rosario,Municipio,Rosario,820210,Servicio de Catastro e Información Territorial,IGN
2014,3692,2014-05-11,Domingo,0.0,15:35:00,,0.0,2,"Automóvil,Pickup/Utilitario",Bv. Avellaneda Y Albert Sabin,3,1,0,0,2,0,0,,Calle,,ROSARIO,Rosario,Asfalto,S/D,II,S/D,Urbana,S/D,S/D,Intersección,S/D,S/D,Diurna,S/D,S/D,S/D,Colisión,S/D,S/D,S/D,S/D,POINT (-60.67658666 -32.928876499999994),"['Avellaneda', 'Avenida Travesía Albert Sabin']",2,Bulevar Nicolás Avellaneda; Avenida Travesía Albert Sabin,-32.928876499999994,-60.67658666,55.0,538.0,Municipio Rosario,Municipio,Rosario,820210,Servicio de Catastro e Información Territorial,IGN
2014,3693,2014-05-29,Jueves,0.0,12:40:00,,0.0,2,"Moto/Ciclomotor,Automóvil",Av. Battle y Ordoñez Y Pte.Roca,2,1,0,0,1,0,0,,Avenida,,ROSARIO,Rosario,Asfalto,No existe,II,Dentro,Urbana,Ninguna,No existe,Intersección,Bueno,Buena,Diurna,Otro,Otro,S/D,Colisión,Ninguna,Vertical,Cordón divisorio,Sin restricción,POINT (-60.65589215 -33.0090795),"['Avenida Battle y Ordoñez', 'Roca']",2,Avenida Battle y Ordoñez; Presidente Roca,-33.0090795,-60.65589215,55.0,538.0,Municipio Rosario,Municipio,Rosario,820210,Servicio de Catastro e Información Territorial,IGN
2014,3695,2014-05-04,Domingo,0.0,19:10:00,,0.0,2,"Automóvil,Moto/Ciclomotor",Tucuman Y Pte.Roca,3,1,0,0,2,0,0,,Calle,,ROSARIO,Rosario,Asfalto,No existe,II,Dentro,Urbana,Ninguna,No existe,Intersección,Bueno,Buena,"Atardecer,Con luz artificial",Buen Tiempo,Lateral,S/D,Colisión,S/D,Faltante,Ninguna,Sin restricción,POINT (-60.64392070000001 -32.9405554),"['Tucumán', 'Roca']",2,Tucumán; Presidente Roca,-32.9405554,-60.64392070000001,55.0,538.0,Municipio Rosario,Municipio,Rosario,820210,Servicio de Catastro e Información Territorial,IGN
2014,3702,2014-05-14,Miercoles,0.0,18:10:00,,0.0,2,"Moto/Ciclomotor,Pickup/Utilitario",Dean Funes Y Av. Francia,4,3,0,0,0,0,1,,Avenida,,ROSARIO,Rosario,Asfalto,S/D,II,Dentro,Urbana,Ninguna,S/D,Intersección,Bueno,S/D,Diurna,Buen Tiempo,Lateral,S/D,Colisión,Ninguna,Faltante,Cordón divisorio,Sin restricción,POINT (-60.672891 -32.9707371),"['Deán Gregorio Funes', 'Avenida Francia']",2,Deán Gregorio Funes; Avenida Francia,-32.9707371,-60.672891,55.0,538.0,Municipio Rosario,Municipio,Rosario,820210,Servicio de Catastro e Información Territorial,IGN
2014,3703,2014-05-31,Sabado,0.0,02:30:00,,0.0,2,"Automóvil,Automóvil",Tucuman Y Mariano Moreno,3,1,2,0,0,0,0,,Calle,,ROSARIO,Rosario,Asfalto,No existe,II,Dentro,Urbana,Ninguna,No existe,Intersección,Bueno,Buena,S/D,Buen Tiempo,Lateral,S/D,Colisión,S/D,Faltante,Ninguna,Sin restricción,POINT (-60.64941760000001 -32.93956089999999),"['Tucumán', 'Mariano Moreno']",2,Tucumán; Mariano Moreno,-32.93956089999999,-60.64941760000001,55.0,538.0,Municipio Rosario,Municipio,Rosario,820210,Servicio de Catastro e Información Territorial,IGN
2014,3709,2014-05-02,Viernes,0.0,13:20:00,,0.0,2,"Moto/Ciclomotor,Automóvil",San Nicolas Y Tucuman,2,1,0,0,0,0,1,,Calle,,ROSARIO,Rosario,Asfalto,No existe,II,S/D,Urbana,Ninguna,No existe,Recta,Otro,Buena,Diurna,Buen Tiempo,Otro,S/D,Colisión,Otro,Faltante,Ninguna,Sin restricción,POINT (-60.6711576 -32.93566819999999),"['San Nicolás', 'Tucumán']",2,San Nicolás; Tucumán,-32.93566819999999,-60.6711576,55.0,538.0,Municipio Rosario,Municipio,Rosario,820210,Servicio de Catastro e Información Territorial,IGN
2014,3714,2014-05-09,Viernes,0.0,13:30:00,,0.0,2,"Moto/Ciclomotor,Peatón",Cafferata Y Tucuman,2,1,0,0,1,0,0,,S/D,,ROSARIO,Rosario,Asfalto,No existe,II,S/D,S/D,Semáforo,Funciona,Recta,Otro,Buena,Diurna,Buen Tiempo,S/D,S/D,Atropello,Otro,Vertical,Ninguna,Sin restricción,POINT (-60.669785399999995 -32.9359153),"['Cafferata', 'Tucumán']",2,Cafferata; Tucumán,-32.9359153,-60.6697854,55.0,538.0,Municipio Rosario,Municipio,Rosario,820210,Servicio de Catastro e Información Territorial,IGN
2014,3720,2014-05-07,Miercoles,0.0,17:20:00,,0.0,2,"Automóvil,Automóvil",Jujuy Y Vera Mujica,2,1,0,0,0,0,1,,Calle,,ROSARIO,Rosario,Asfalto,S/D,II,S/D,Urbana,Ninguna,No existe,Recta,S/D,Buena,Diurna,Buen Tiempo,S/D,S/D,Colisión,S/D,Vertical,Ninguna,Sin restricción,POINT (-60.664834400000004 -32.9331183),"['Jujuy', 'Vera Mujíca']",2,Jujuy; Vera Mujíca,-32.9331183,-60.6648344,55.0,538.0,Municipio Rosario,Municipio,Rosario,820210,Servicio de Catastro e Información Territorial,IGN
2014,3727,2014-05-10,Sabado,0.0,13:00:00,,0.0,2,"Moto/Ciclomotor,Automóvil",E.Zeballos Y Lavalle,2,1,0,0,1,0,0,,Calle,,ROSARIO,Rosario,Asfalto,S/D,II,S/D,Urbana,S/D,S/D,Recta,Bueno,S/D,Diurna,S/D,S/D,S/D,Colisión,Ninguna,S/D,S/D,S/D,POINT (-60.6799243 -32.94792209999999),"['Zeballos', 'Lavalle']",2,Zeballos; Lavalle,-32.94792209999999,-60.6799243,55.0,538.0,Municipio Rosario,Municipio,Rosario,820210,Servicio de Catastro e Información Territorial,IGN
2014,3734,2014-05-15,Jueves,0.0,18:30:00,,0.0,2,"Automóvil,Peatón",Tucuman Y Castellanos,2,1,0,0,1,0,0,,Calle,,ROSARIO,Rosario,Asfalto,No existe,II,S/D,Urbana,Ninguna,No existe,Recta,Bueno,Buena,Diurna,Buen Tiempo,S/D,S/D,Atropello,Otro,Faltante,Ninguna,Sin restricción,POINT (-60.673877000000005 -32.93517829999999),"['Tucumán', 'Aaron Castellanos']",2,Tucumán; Aaron Castellanos,-32.93517829999999,-60.673877000000005,55.0,538.0,Municipio Rosario,Municipio,Rosario,820210,Servicio de Catastro e Información Territorial,IGN
2014,3755,2014-05-24,Sabado,0.0,08:45:00,,0.0,2,"Pickup/Utilitario,Automóvil",Entre Rios Y Cochabamba,2,2,0,0,0,0,0,,Calle,,ROSARIO,Rosario,S/D,S/D,II,Dentro,Urbana,S/D,S/D,Intersección,S/D,S/D,Diurna,S/D,Lateral,S/D,Colisión,S/D,S/D,S/D,S/D,POINT (-60.6439501 -32.9579457),"['Entre Ríos', 'Cochabamba']",2,Entre Ríos; Cochabamba,-32.9579457,-60.6439501,55.0,538.0,Municipio Rosario,Municipio,Rosario,820210,Servicio de Catastro e Información Territorial,IGN
2014,3762,2014-05-23,Viernes,0.0,19:00:00,,0.0,2,"Moto/Ciclomotor,Moto/Ciclomotor",Amenabar Y Bv. Oroño,2,2,0,0,0,0,0,,Calle,,ROSARIO,Rosario,S/D,S/D,II,Dentro,Urbana,S/D,S/D,Intersección,S/D,S/D,Atardecer,S/D,Frontal,S/D,Colisión,S/D,S/D,S/D,S/D,POINT (-60.65980065000001 -32.969474749999996),"['Amenabar', 'Bulevar Nicasio Oroño']",2,José de Amenábar; Bulevar Nicasio Oroño,-32.96947475,-60.65980065000001,55.0,538.0,Municipio Rosario,Municipio,Rosario,820210,Servicio de Catastro e Información Territorial,IGN
2014,3768,2014-05-27,Martes,0.0,20:55:00,,0.0,2,"Automóvil,Automóvil",Virasoro Y Mariano Moreno,3,1,0,0,2,0,0,,Calle,,ROSARIO,Rosario,S/D,S/D,II,Dentro,Urbana,S/D,S/D,S/D,S/D,S/D,Nocturna,S/D,S/D,S/D,Colisión,S/D,S/D,S/D,S/D,POINT (-60.65651549999999 -32.9677001),"['Virasoro', 'Mariano Moreno']",2,Benjamín Virasoro; Mariano Moreno,-32.9677001,-60.65651549999999,55.0,538.0,Municipio Rosario,Municipio,Rosario,820210,Servicio de Catastro e Información Territorial,IGN
2014,3801,2014-05-22,Jueves,0.0,13:40:00,,0.0,2,"Moto/Ciclomotor,Automóvil",Bv. Avellaneda Y Av. Circunvalacion,4,2,0,0,2,0,0,,Avenida,,ROSARIO,Rosario,Asfalto,No existe,II,Dentro,Urbana,Ninguna,No existe,Curva,"Con baches,Deteriorada",Buena,Diurna,Buen Tiempo,Lateral,S/D,Colisión,S/D,Faltante,Cordón divisorio,Sin restricción,POINT (-60.68941966610684 -33.00080705152485),"['Avellaneda', 'Circunvalacion']",2,Bulevar Nicolás Avellaneda; Avenida de Circunvalación 25 de Mayo,-33.00080705152485,-60.68941966610684,55.0,538.0,Municipio Rosario,Municipio,Rosario,820210,Servicio de Catastro e Información Territorial,IGN
2014,3805,2014-05-30,Viernes,0.0,13:10:00,,0.0,2,"Moto/Ciclomotor,Automóvil",Av. Battle y Ordoñez 3400,4,2,0,0,2,0,0,,Calle,,ROSARIO,Rosario,Asfalto,No existe,II,Dentro,Urbana,S/D,No existe,Recta,Bueno,Buena,Diurna,Buen Tiempo,Lateral,S/D,Colisión,S/D,S/D,Barrera de hormigón,Sin restricción,"-33.009042, -60.6558939",['Avenida Battle y Ordoñez 3400'],1,Avenida Battle y Ordoñez 3400,-33.009042,-60.6558939,55.0,538.0,Municipio Rosario,Municipio,Rosario,820210,Servicio de Catastro e Información Territorial,IGN
2014,3840,2014-05-10,Sabado,0.0,18:00:00,,0.0,2,"Moto/Ciclomotor,Automóvil",Av. Alberdi Bis Y Bv. Avellaneda,2,0,1,0,1,0,0,,Avenida,,ROSARIO,Rosario,S/D,S/D,II,Dentro,Urbana,S/D,S/D,Intersección,S/D,S/D,Atardecer,S/D,S/D,S/D,Colisión,S/D,S/D,S/D,S/D,POINT (-60.676114299999995 -32.92712292499999),"['Alberdi', 'Avellaneda']",2,Avenida Alberdi; Bulevar Nicolás Avellaneda,-32.92712292499999,-60.6761143,55.0,538.0,Municipio Rosario,Municipio,Rosario,820210,Servicio de Catastro e Información Territorial,IGN
2014,3846,2014-05-10,Sabado,0.0,18:10:00,,0.0,2,"Moto/Ciclomotor,Automóvil",Velez Sarsfield ,3,1,0,0,2,0,0,,Calle,,ROSARIO,Rosario,Asfalto,S/D,II,Dentro,Urbana,S/D,S/D,Intersección,S/D,S/D,Diurna,S/D,Frontal,S/D,Colisión,S/D,S/D,S/D,S/D,"-32.9252556, -60.6903858",['Vélez Sarsfield'],1,Vélez Sarsfield,-32.9252556,-60.6903858,55.0,538.0,Municipio Rosario,Municipio,Rosario,820210,Servicio de Catastro e Información Territorial,IGN
2014,3859,2014-05-29,Jueves,0.0,06:40:00,,0.0,2,"Bicicleta,Automóvil",Av. Battle y Ordoñez Y Laprida,2,1,0,0,0,0,1,,Avenida,,ROSARIO,Rosario,Asfalto,No existe,II,Dentro,Urbana,Ninguna,Funciona,Recta,Bueno,Buena,Diurna,Otro,S/D,S/D,Colisión,Ninguna,Vertical,Cordón divisorio,Sin restricción,POINT (-60.64674879999999 -33.00887749999998),"['Avenida Battle y Ordoñez', 'Laprida']",2,Avenida Battle y Ordoñez; Francisco Narciso Laprida,-33.00887749999998,-60.64674879999999,55.0,538.0,Municipio Rosario,Municipio,Rosario,820210,Servicio de Catastro e Información Territorial,IGN
2014,3864,2014-05-23,Viernes,0.0,19:55:00,,0.0,2,"Moto/Ciclomotor,Automóvil",Pje. Villegas Y Piedras,3,2,0,0,1,0,0,,Calle,,ROSARIO,Rosario,Asfalto,No existe,II,Dentro,Urbana,Marca Vial,No existe,Intersección,Bueno,Buena,"Atardecer,Con luz artificial",Buen Tiempo,Lateral,S/D,Colisión,Ninguna,Horizontal,Cordón divisorio,Sin restricción,POINT (-60.6523825 -33.00709299999999),"['Villegas', 'Piedras']",2,Villegas; Piedras,-33.00709299999999,-60.6523825,55.0,538.0,Municipio Rosario,Municipio,Rosario,820210,Servicio de Catastro e Información Territorial,IGN
2014,3896,2014-05-04,Domingo,0.0,16:15:00,,0.0,2,"Automóvil,Moto/Ciclomotor",Tucuman Y Dorrego,3,1,0,0,2,0,0,,Calle,,ROSARIO,Rosario,Asfalto,No existe,II,Dentro,Urbana,Ninguna,No existe,Intersección,Bueno,Buena,Diurna,Buen Tiempo,Frontal,S/D,Colisión,S/D,Faltante,Ninguna,Sin restricción,POINT (-60.6479902 -32.939811699999986),"['Tucumán', 'Dorrego']",2,Tucumán; Manuel Dorrego,-32.939811699999986,-60.6479902,55.0,538.0,Municipio Rosario,Municipio,Rosario,820210,Servicio de Catastro e Información Territorial,IGN
2014,4141,2014-05-14,Miercoles,0.0,19:10:00,,0.0,2,"Pickup/Utilitario,Moto/Ciclomotor",Av. Genova Y Chaco Bis,4,2,0,0,1,0,1,,Calle,,ROSARIO,Rosario,Asfalto,No existe,II,S/D,Urbana,Ninguna,No existe,Intersección,Bueno,Reducida humo,Atardecer,Lluvia,Lateral,S/D,Colisión,Agua,Vertical,Ninguna,S/D,POINT (-60.6964954 -32.9155168),"['Genova', 'Chaco']",2,Avenida Génova; Chaco,-32.9155168,-60.6964954,55.0,538.0,Municipio Rosario,Municipio,Rosario,820210,Servicio de Catastro e Información Territorial,IGN
2014,4220,2014-06-17,Martes,0.0,03:00:00,,0.0,2,"Automóvil,Automóvil",Gorriti Y Pje. Franchini Bis,2,1,0,0,0,0,1,,Calle,,ROSARIO,Rosario,S/D,S/D,II,Dentro,Urbana,S/D,S/D,Recta,Bueno,S/D,Nocturna,Buen Tiempo,Lateral,S/D,Colisión,S/D,S/D,S/D,S/D,POINT (-60.67014030000001 -32.9232402),"['Gorriti', 'Pasaje Franchini']",2,Gorriti; Pasaje Franchini,-32.9232402,-60.67014030000001,55.0,538.0,Municipio Rosario,Municipio,Rosario,820210,Servicio de Catastro e Información Territorial,IGN
2014,4234,2014-06-06,Viernes,0.0,12:30:00,,0.0,2,"Automóvil,Moto/Ciclomotor",Junin Y Florida,2,1,0,0,1,0,0,,Calle,,ROSARIO,Rosario,Asfalto,S/D,II,Dentro,Urbana,S/D,S/D,Intersección,S/D,S/D,Diurna,S/D,S/D,S/D,Colisión,S/D,S/D,S/D,S/D,POINT (-60.6832825 -32.9267754),"['Junín', 'Florida']",2,Junín; Florida,-32.9267754,-60.6832825,55.0,538.0,Municipio Rosario,Municipio,Rosario,820210,Servicio de Catastro e Información Territorial,IGN
2014,4236,2014-06-23,Lunes,0.0,12:00:00,,0.0,2,"Bicicleta,Automóvil",Av. Francia 5400,2,1,0,0,1,0,0,,Avenida,,ROSARIO,Rosario,Asfalto,No existe,II,Dentro,Urbana,Semáforo,Funciona,Recta,Deteriorada,Buena,Diurna,Buen Tiempo,S/D,S/D,Atropello,S/D,Horizontal,Cordón divisorio,Sin restricción,"-32.9349356, -60.6639852",['Francia 5400'],1,Francia 5400,-32.9349356,-60.6639852,55.0,538.0,Municipio Rosario,Municipio,Rosario,820210,Servicio de Catastro e Información Territorial,IGN
2014,4237,2014-06-25,Miercoles,0.0,19:10:00,,0.0,2,"Bicicleta,Moto/Ciclomotor",Av. Circunvalacion Y Bv. Avellaneda,2,1,0,0,1,0,0,,Avenida,,ROSARIO,Rosario,Asfalto,No existe,II,Dentro,Urbana,Marca Vial,No existe,Recta,"Con baches,Deteriorada",Buena,"Atardecer,Con luz artificial",Buen Tiempo,S/D,S/D,Atropello,S/D,Horizontal,Cordón divisorio,S/D,POINT (-60.68941966610684 -33.00080705152485),"['Circunvalacion', 'Avellaneda']",2,Avenida de Circunvalación 25 de Mayo; Bulevar Nicolás Avellaneda,-33.00080705152485,-60.68941966610684,55.0,538.0,Municipio Rosario,Municipio,Rosario,820210,Servicio de Catastro e Información Territorial,IGN
2014,4238,2014-06-05,Jueves,0.0,19:20:00,,0.0,2,"Moto/Ciclomotor,Automóvil",Bv. Oroño Y J.M.Gutierrez,2,1,0,0,1,0,0,,Calle,,ROSARIO,Rosario,Asfalto,No existe,II,S/D,Urbana,Semáforo,No existe,Intersección,Bueno,Buena,Atardecer,Buen Tiempo,Lateral,S/D,Colisión,S/D,Faltante,Cordón divisorio,Sin restricción,POINT (-60.6653076 -32.994528599999995),"['Bulevar Nicasio Oroño', 'Gutierrez']",2,Bulevar Nicasio Oroño; Ricardo Gutierrez,-32.994528599999995,-60.6653076,55.0,538.0,Municipio Rosario,Municipio,Rosario,820210,Servicio de Catastro e Información Territorial,IGN
2014,4239,2014-06-07,Sabado,0.0,10:50:00,,0.0,2,"Moto/Ciclomotor,Automóvil",Pje. Alemania Y Iguazu,3,1,0,0,0,0,2,,Calle,,ROSARIO,Rosario,S/D,S/D,II,Dentro,Urbana,S/D,S/D,Intersección,S/D,S/D,Diurna,S/D,Lateral,S/D,Colisión,S/D,S/D,S/D,S/D,POINT (-60.6857685 -32.927618100000004),"['Alemania', 'Iguazu']",2,Alemania; Iguazú,-32.927618100000004,-60.6857685,55.0,538.0,Municipio Rosario,Municipio,Rosario,820210,Servicio de Catastro e Información Territorial,IGN