anio_acci,nro_acci,fecha,desc_dia,fecha_aprox,hora_aprox,desc_ruta,km,cant_participantes,desc_participante,calle_avenida_km,total,heridos_leves,heridos_graves,heridos_gravisimos,ilesos,fallecidos,sin_datos,posicion_XY,desc_tipo_via,desc_ruta_ori,desc_loc,desc_dpto,desc_tipo_calzada,desc_tipo_banquina,desc_unidad_regional,desc_lugar_calzada,desc_zona,desc_prioridad,desc_estado_semaforo,desc_lugar_via,desc_estado_via,desc_estado_visibilidad,desc_luminosidad,desc_estado_clima,desc_tipo_colision,desc_tipo_atropello,desc_tipo_hecho,desc_pres_calzada,desc_senializacion,desc_separacion_via,desc_restriccion,forma_geocod,calle_lista,numero_calles,calles_osm,lat,lon,index_right,gid,fna,gna,nam,in1,fdc,sag
2014,4240,2014-06-17,Martes,0.0,17:15:00,,0.0,2,"Peatón,Automóvil",Av. Battle y Ordoñez Y Mariano Moreno,2,1,0,0,1,0,0,,Calle,,ROSARIO,Rosario,Asfalto,No existe,II,Dentro,Urbana,Semáforo,Funciona,Intersección,Bueno,Buena,Diurna,Buen Tiempo,S/D,S/D,Atropello,S/D,Vertical,Ninguna,Sin restricción,POINT (-60.661635649999994 -33.0093064),"['Avenida Battle y Ordoñez', 'Mariano Moreno']",2,Avenida Battle y Ordoñez; Mariano Moreno,-33.0093064,-60.66163565,55.0,538.0,Municipio Rosario,Municipio,Rosario,820210,Servicio de Catastro e Información Territorial,IGN
2014,4241,2014-06-10,Martes,0.0,06:30:00,,0.0,2,"Moto/Ciclomotor,Automóvil",Av. Alberti Y Velez Sarsfield,3,1,0,0,1,0,1,,Calle,,ROSARIO,Rosario,Asfalto,S/D,II,Dentro,Urbana,S/D,S/D,Intersección,S/D,S/D,S/D,S/D,S/D,S/D,Colisión,S/D,S/D,S/D,S/D,POINT (-60.677820800000006 -32.9249456),"['Alberdi', 'Vélez Sarsfield']",2,Avenida Alberdi; Vélez Sarsfield,-32.9249456,-60.677820800000006,55.0,538.0,Municipio Rosario,Municipio,Rosario,820210,Servicio de Catastro e Información Territorial,IGN
2014,4242,2014-06-17,Martes,0.0,11:30:00,,0.0,2,"Automóvil,Automóvil",Av. Ntra.Sra.del Rosario 2300,2,1,0,0,1,0,0,,Calle,,ROSARIO,Rosario,Asfalto,No existe,II,Dentro,Urbana,Ninguna,No existe,Recta,Bueno,Buena,Diurna,Lluvia,Otro,S/D,Colisión,S/D,Faltante,Ninguna,Sin restricción,"-32.9979308, -60.620699",['Ntra Sra Del Rosario 2300'],1,Ntra Sra Del Rosario 2300,-32.9979308,-60.620699,55.0,538.0,Municipio Rosario,Municipio,Rosario,820210,Servicio de Catastro e Información Territorial,IGN
2014,4243,2014-06-10,Martes,0.0,15:30:00,,0.0,2,"Moto/Ciclomotor,Pickup/Utilitario",Manfredi Y Callao,2,1,0,0,1,0,0,,Calle,,ROSARIO,Rosario,Asfalto,No existe,II,S/D,Urbana,Ninguna,No existe,Intersección,Bueno,Buena,Diurna,Buen Tiempo,Lateral,S/D,Colisión,S/D,Faltante,Ninguna,Sin restricción,POINT (-60.67106020000001 -33.008976499999996),"['Manfredi', 'Callao']",2,Manfredi; Callao,-33.0089765,-60.67106020000001,55.0,538.0,Municipio Rosario,Municipio,Rosario,820210,Servicio de Catastro e Información Territorial,IGN
2014,4244,2014-06-13,Viernes,0.0,12:15:00,,0.0,2,"Moto/Ciclomotor,Automóvil",Catamarca Y Santiago,2,1,0,0,0,0,1,,Calle,,ROSARIO,Rosario,S/D,No existe,II,S/D,Urbana,Ninguna,No existe,Recta,Otro,Buena,Diurna,Buen Tiempo,Otro,S/D,Colisión,Otro,Faltante,Ninguna,Sin restricción,POINT (-60.6545083 -32.9374004),"['Catamarca', 'Santiago']",2,Catamarca; Santiago,-32.9374004,-60.6545083,55.0,538.0,Municipio Rosario,Municipio,Rosario,820210,Servicio de Catastro e Información Territorial,IGN
2014,4245,2014-06-11,Miercoles,0.0,17:30:00,,0.0,2,"Moto/Ciclomotor,Automóvil",Av. Francia 3600,3,2,0,0,1,0,0,,Avenida,,ROSARIO,Rosario,Asfalto,No existe,II,Dentro,Urbana,Semáforo,Funciona,Recta,Bueno,S/D,Atardecer,Buen Tiempo,S/D,S/D,Colisión,Ninguna,Faltante,Cordón divisorio,Sin restricción,"-32.9739226, -60.6739343",['Francia 3600'],1,Francia 3600,-32.9739226,-60.6739343,55.0,538.0,Municipio Rosario,Municipio,Rosario,820210,Servicio de Catastro e Información Territorial,IGN
2014,4246,2014-06-20,Viernes,0.0,16:45:00,,0.0,2,"Moto/Ciclomotor,Automóvil",Bv. Oroño Y Sanchez de Bustamante,2,1,0,0,1,0,0,,Avenida,,ROSARIO,Rosario,Asfalto,No existe,II,Dentro,Urbana,Semáforo,Funciona,Recta,Bueno,Buena,Diurna,Buen Tiempo,Lateral,S/D,Colisión,S/D,Vertical,Cordón divisorio,Sin restricción,POINT (-60.66506820000001 -33.00250765),"['Bulevar Nicasio Oroño', 'Sánchez de Bustamante']",2,Bulevar Nicasio Oroño; Sánchez de Bustamante,-33.00250765,-60.66506820000001,55.0,538.0,Municipio Rosario,Municipio,Rosario,820210,Servicio de Catastro e Información Territorial,IGN
2014,4247,2014-06-11,Miercoles,0.0,12:15:00,,0.0,2,"Moto/Ciclomotor,Automóvil",Av. Ovidio Lagos Y Gaboto,2,1,0,0,1,0,0,,Avenida,,ROSARIO,Rosario,Asfalto,No existe,II,Dentro,Urbana,Ninguna,No existe,Intersección,Bueno,Buena,Diurna,Buen Tiempo,S/D,S/D,Colisión,Ninguna,Faltante,Cordón divisorio,Sin restricción,POINT (-60.667967250000004 -32.9692062),"['Avenida Ovidio Lagos', 'Gaboto']",2,Avenida Ovidio Lagos; Gaboto,-32.9692062,-60.66796725,55.0,538.0,Municipio Rosario,Municipio,Rosario,820210,Servicio de Catastro e Información Territorial,IGN
2014,4248,2014-06-06,Viernes,0.0,21:00:00,,0.0,2,"Automóvil,Moto/Ciclomotor",Santa Fe Y San Nicolas,2,1,0,0,1,0,0,,Calle,,ROSARIO,Rosario,S/D,No existe,II,S/D,Urbana,Semáforo,Funciona,Recta,Otro,Buena,Nocturna,Buen Tiempo,Otro,S/D,Colisión,Otro,Vertical,Ninguna,Sin restricción,POINT (-60.6719792 -32.93897129999999),"['Santa Fe', 'San Nicolás']",2,Santa Fe; San Nicolás,-32.93897129999999,-60.6719792,55.0,538.0,Municipio Rosario,Municipio,Rosario,820210,Servicio de Catastro e Información Territorial,IGN
2014,4249,2014-06-20,Viernes,0.0,12:15:00,,0.0,2,"Bicicleta,Automóvil",J.M.Gutierrez Y Pje. Owen,2,1,0,0,1,0,0,,Calle,,ROSARIO,Rosario,Asfalto,No existe,II,Dentro,Urbana,Ninguna,No existe,Recta,Bueno,Buena,Diurna,Buen Tiempo,S/D,S/D,Atropello,S/D,Faltante,Ninguna,Sin restricción,POINT (-60.6673013 -32.99459269999999),"['Gutierrez', 'Owen']",2,Ricardo Gutierrez; Owen,-32.99459269999999,-60.6673013,55.0,538.0,Municipio Rosario,Municipio,Rosario,820210,Servicio de Catastro e Información Territorial,IGN
2014,4250,2014-06-26,Jueves,0.0,13:30:00,,0.0,2,"Peatón,Pickup/Utilitario",Bv. Avellaneda Y Dr.Rivas,2,1,0,0,1,0,0,,Avenida,,ROSARIO,Rosario,Asfalto,No existe,II,S/D,Urbana,Ninguna,No existe,Intersección,Bueno,Buena,Diurna,Buen Tiempo,S/D,S/D,Atropello,Ninguna,Faltante,Cordón divisorio,Sin restricción,POINT (-60.688509350000004 -32.97635819999999),"['Avellaneda', 'Doctor Francisco Riva']",2,Bulevar Nicolás Avellaneda; Doctor Francisco Riva,-32.97635819999999,-60.68850935,55.0,538.0,Municipio Rosario,Municipio,Rosario,820210,Servicio de Catastro e Información Territorial,IGN
2014,4251,2014-06-01,Domingo,0.0,23:30:00,,0.0,2,"Automóvil,Automóvil",Alberdi Y Reconquista,3,1,0,0,2,0,0,,S/D,,ROSARIO,Rosario,Asfalto,S/D,II,S/D,Urbana,Semáforo,S/D,Recta,Bueno,S/D,Nocturna,Buen Tiempo,De alcance,S/D,Colisión,S/D,Vertical,Cordón divisorio,S/D,POINT (-60.68332389999999 -32.91808799999999),"['Alberdi', 'Reconquista']",2,Avenida Alberdi; Reconquista,-32.91808799999999,-60.68332389999999,55.0,538.0,Municipio Rosario,Municipio,Rosario,820210,Servicio de Catastro e Información Territorial,IGN
2014,4252,2014-06-14,Sabado,0.0,14:55:00,,0.0,2,"Moto/Ciclomotor,Automóvil",Santiago 5800,2,1,0,0,1,0,0,,Calle,,ROSARIO,Rosario,Asfalto,No existe,II,Dentro,Urbana,Ninguna,No existe,Recta,Bueno,Buena,Diurna,Buen Tiempo,Lateral,S/D,Colisión,S/D,Faltante,Ninguna,Sin restricción,"-32.9317134, -60.6530935",['Santiago 5800'],1,Santiago 5800,-32.9317134,-60.6530935,55.0,538.0,Municipio Rosario,Municipio,Rosario,820210,Servicio de Catastro e Información Territorial,IGN
2014,4253,2014-06-07,Sabado,0.0,12:45:00,,0.0,1,Moto/Ciclomotor,Av. Ntra.Sra.del Rosario Y Rodriguez,1,1,0,0,0,0,0,,Avenida,,ROSARIO,Rosario,Asfalto,No existe,II,Dentro,Urbana,Ninguna,No existe,Intersección,Bueno,Buena,Diurna,Lluvia,S/D,S/D,Caída ocupante,S/D,Vertical,Ninguna,Sin restricción,POINT (-60.6703096 -33.00074479999999),"['Nuestra Señora del Rosario', 'Rodríguez']",2,Puente Nuestra Señora del Rosario; Rodríguez de Escobedo,-33.00074479999999,-60.6703096,55.0,538.0,Municipio Rosario,Municipio,Rosario,820210,Servicio de Catastro e Información Territorial,IGN
2014,4254,2014-06-26,Jueves,0.0,11:30:00,,0.0,2,"Moto/Ciclomotor,Taxi/Remis",Av. Ovidio Lagos Y Bv. Segui,2,1,0,0,1,0,0,,Avenida,,ROSARIO,Rosario,Asfalto,No existe,II,S/D,Urbana,Semáforo,Funciona,Intersección,Bueno,Buena,Diurna,Buen Tiempo,S/D,S/D,Colisión,Ninguna,Faltante,Cordón divisorio,Sin restricción,POINT (-60.66940506666666 -32.974966166666654),"['Avenida Ovidio Lagos', 'Bulevar Juan Francisco Seguí']",2,Avenida Ovidio Lagos; Bulevar Juan Francisco Seguí,-32.974966166666654,-60.66940506666666,55.0,538.0,Municipio Rosario,Municipio,Rosario,820210,Servicio de Catastro e Información Territorial,IGN
2014,4255,2014-06-06,Viernes,0.0,19:15:00,,0.0,2,"Moto/Ciclomotor,Automóvil",Av. Ovidio Lagos Y Bv. Segui,3,2,0,0,1,0,0,,Avenida,,ROSARIO,Rosario,Asfalto,No existe,II,Dentro,Urbana,Semáforo,Funciona,Intersección,Bueno,Buena,Atardecer,Buen Tiempo,S/D,S/D,Colisión,Ninguna,Faltante,Cordón divisorio,Sin restricción,POINT (-60.66940506666666 -32.974966166666654),"['Avenida Ovidio Lagos', 'Bulevar Juan Francisco Seguí']",2,Avenida Ovidio Lagos; Bulevar Juan Francisco Seguí,-32.974966166666654,-60.66940506666666,55.0,538.0,Municipio Rosario,Municipio,Rosario,820210,Servicio de Catastro e Información Territorial,IGN
2014,4256,2014-06-03,Martes,0.0,11:50:00,,0.0,1,Moto/Ciclomotor,JJ PASO Y TRAVESIA,2,1,0,0,1,0,0,,Calle,,ROSARIO,Rosario,Asfalto,Pavimento,II,S/D,Urbana,Semáforo,Funciona,Intersección,Bueno,Buena,Diurna,Buen Tiempo,Contra objeto fijo,S/D,Colisión,S/D,Vertical,Ninguna,Sin restricción,POINT (-60.6889194 -32.919526100000006),"['Juan José Paso', 'Avenida Travesía Albert Sabin']",2,Avenida Juan José Paso; Avenida Travesía Albert Sabin,-32.919526100000006,-60.6889194,55.0,538.0,Municipio Rosario,Municipio,Rosario,820210,Servicio de Catastro e Información Territorial,IGN
2014,4257,2014-06-21,Sabado,0.0,19:30:00,,0.0,2,"Automóvil,Pickup/Utilitario",Fraga Y Derqui,2,1,0,0,1,0,0,,Calle,,ROSARIO,Rosario,Asfalto,No existe,II,Dentro,Urbana,Ninguna,No existe,Intersección,Bueno,Buena,Amanecer,Buen Tiempo,Lateral,S/D,Colisión,Ninguna,Horizontal,Ninguna,Sin restricción,POINT (-60.710338 -32.937963399999994),"['Fraga', 'Derqui']",2,Rosendo María Fraga; Derqui,-32.937963399999994,-60.710338,55.0,538.0,Municipio Rosario,Municipio,Rosario,820210,Servicio de Catastro e Información Territorial,IGN
2014,4258,2014-06-10,Martes,0.0,06:00:00,,0.0,2,"Moto/Ciclomotor,Moto/Ciclomotor",J.J.Paso 7400,2,2,0,0,0,0,0,,Calle,,ROSARIO,Rosario,Asfalto,S/D,II,S/D,Urbana,S/D,No existe,Recta,Resbaladiza,S/D,Nocturna,S/D,S/D,S/D,S/D,S/D,S/D,S/D,S/D,"-32.9204003, -60.7218897",['Juan José Paso 7400'],1,Juan José Paso 7400,-32.9204003,-60.7218897,55.0,538.0,Municipio Rosario,Municipio,Rosario,820210,Servicio de Catastro e Información Territorial,IGN
2014,4259,2014-06-19,Jueves,0.0,17:15:00,,0.0,2,"Moto/Ciclomotor,Automóvil",Larrea Y Marcos Paz,2,1,0,0,1,0,0,,Calle,,ROSARIO,Rosario,Asfalto,S/D,II,Dentro,Urbana,Ninguna,No existe,Intersección,Bueno,Buena,Diurna,Buen Tiempo,Lateral,S/D,Colisión,Ninguna,Horizontal,Ninguna,Sin restricción,POINT (-60.69732760000001 -32.938646199999994),"['Larrea', 'Marcos Paz']",2,Larrea; Marcos Paz,-32.938646199999994,-60.69732760000001,55.0,538.0,Municipio Rosario,Municipio,Rosario,820210,Servicio de Catastro e Información Territorial,IGN
2014,4260,2014-06-12,Jueves,0.0,20:30:00,,0.0,2,"Peatón,Automóvil",Av. Pellegrini 6770,2,1,0,0,1,0,0,,Avenida,,ROSARIO,Rosario,Asfalto,No existe,II,Dentro,Urbana,Ninguna,No existe,Recta,Bueno,Buena,"Nocturna,Con luz artificial",Buen Tiempo,S/D,S/D,Atropello,Ninguna,Horizontal,Ninguna,Sin restricción,"-32.94846382244898, -60.71307605714286",['Pellegrini 6770'],1,Pellegrini 6770,-32.94846382244898,-60.71307605714286,55.0,538.0,Municipio Rosario,Municipio,Rosario,820210,Servicio de Catastro e Información Territorial,IGN
2014,4261,2014-06-25,Miercoles,0.0,12:30:00,,0.0,2,"Moto/Ciclomotor,Moto/Ciclomotor",Pje. Asuncion Y Campbell,2,1,0,0,1,0,0,,Calle,,ROSARIO,Rosario,Asfalto,No existe,II,Dentro,Urbana,Ninguna,No existe,Intersección,Bueno,Buena,Diurna,Buen Tiempo,Lateral,S/D,Colisión,Ninguna,Horizontal,Ninguna,Sin restricción,POINT (-60.7073695 -32.9548161),"['Asunción', 'Campbell']",2,Asunción; Campbell,-32.9548161,-60.7073695,55.0,538.0,Municipio Rosario,Municipio,Rosario,820210,Servicio de Catastro e Información Territorial,IGN
2014,4263,2014-06-18,Miercoles,0.0,16:10:00,,0.0,2,"Automóvil,Moto/Ciclomotor",Av. Provincias Unidas Y Ituzaingo,2,1,0,0,1,0,0,,Avenida,,ROSARIO,Rosario,Asfalto,No existe,II,Dentro,Urbana,Semáforo,Funciona,Intersección,Bueno,Buena,Diurna,Buen Tiempo,Lateral,S/D,Colisión,Ninguna,Vertical,Cordón divisorio,Sin restricción,POINT (-60.712099249999994 -32.95218625),"['Avenida Provincias Unidas', 'Ituzaingó']",2,Avenida Provincias Unidas; Ituzaingó,-32.95218625,-60.71209925,55.0,538.0,Municipio Rosario,Municipio,Rosario,820210,Servicio de Catastro e Información Territorial,IGN
2014,4264,2014-06-20,Viernes,0.0,21:50:00,,0.0,2,"Moto/Ciclomotor,Pickup/Utilitario",Av. Francia Y Av. Uriburu,3,2,0,0,1,0,0,,Avenida,,ROSARIO,Rosario,Asfalto,No existe,II,Dentro,Urbana,Semáforo,Funciona,Intersección,Bueno,Buena,Nocturna,Buen Tiempo,S/D,S/D,Colisión,Ninguna,Faltante,Cordón divisorio,Sin restricción,POINT (-60.678139125 -32.991649800000005),"['Avenida Francia', 'Uriburu']",2,Avenida Francia; Avenida José Uriburu,-32.991649800000005,-60.678139125,55.0,538.0,Municipio Rosario,Municipio,Rosario,820210,Servicio de Catastro e Información Territorial,IGN
2014,4266,2014-06-15,Domingo,0.0,16:50:00,,0.0,2,"Moto/Ciclomotor,Automóvil",Av. Ovidio Lagos Y Acevedo Bis,2,1,0,0,1,0,0,,Avenida,,ROSARIO,Rosario,Asfalto,No existe,II,Dentro,Urbana,Semáforo,Funciona,Intersección,Bueno,Buena,Atardecer,Buen Tiempo,S/D,S/D,Colisión,Ninguna,Faltante,Cordón divisorio,Sin restricción,POINT (-60.671599500000006 -32.9840813),"['Avenida Ovidio Lagos', 'Acevedo']",2,Avenida Ovidio Lagos; Manuel Acevedo,-32.9840813,-60.671599500000006,55.0,538.0,Municipio Rosario,Municipio,Rosario,820210,Servicio de Catastro e Información Territorial,IGN
2014,4267,2014-06-27,Viernes,0.0,19:10:00,,0.0,2,"Automóvil,Bicicleta",F.More Y Av. Eva Peron,2,1,0,0,1,0,0,,Avenida,,ROSARIO,Rosario,Asfalto,No existe,II,Dentro,Urbana,Ninguna,No existe,Intersección,Bueno,Buena,Atardecer,Buen Tiempo,S/D,S/D,Atropello,Ninguna,Vertical,Ninguna,Sin restricción,POINT (-60.693572700000004 -32.93650279999999),"['Felipe Moré', 'Avenida Eva Perón']",2,Felipe Moré; Avenida Eva Perón,-32.93650279999999,-60.6935727,55.0,538.0,Municipio Rosario,Municipio,Rosario,820210,Servicio de Catastro e Información Territorial,IGN
2014,4268,2014-06-02,Lunes,0.0,10:00:00,,0.0,2,"Moto/Ciclomotor,Automóvil",Bertole Y Mendez,2,2,0,0,0,0,0,,Calle,,ROSARIO,Rosario,"Asfalto,Hormigón",No existe,II,S/D,Urbana,Ninguna,No existe,Intersección,Con baches,Buena,Diurna,Buen Tiempo,Lateral,S/D,Colisión,S/D,S/D,S/D,Sin restricción,POINT (-60.716570000000004 -32.965107300000014),"['Bertole', 'Mendez']",2,Bertole; Gervasio Mendez,-32.965107300000014,-60.71657,55.0,538.0,Municipio Rosario,Municipio,Rosario,820210,Servicio de Catastro e Información Territorial,IGN
2014,4269,2014-06-17,Martes,0.0,16:00:00,,0.0,2,"Automóvil,Moto/Ciclomotor",Av. Pte.Peron Y Av. Circunvalacion,2,2,0,0,0,0,0,,Calle,,ROSARIO,Rosario,Hormigón,Pavimento,II,S/D,Urbana,Semáforo,Funciona,Intersección,Resbaladiza,Buena,Diurna,Buen Tiempo,Lateral,S/D,Colisión,S/D,S/D,S/D,Sin restricción,POINT (-60.71697254694366 -32.970708102842494),"['Avenida Presidente Perón', 'Circunvalacion']",2,Avenida Presidente Perón; Avenida de Circunvalación 25 de Mayo,-32.970708102842494,-60.71697254694366,55.0,538.0,Municipio Rosario,Municipio,Rosario,820210,Servicio de Catastro e Información Territorial,IGN
2014,4270,2014-06-24,Martes,0.0,21:20:00,,0.0,2,"Automóvil,Moto/Ciclomotor",Castagnino Y Esquivel,3,2,0,0,1,0,0,,Calle,,ROSARIO,Rosario,Asfalto,No existe,II,S/D,Urbana,Señal Pare,No existe,Intersección,Bueno,Buena,Nocturna,Buen Tiempo,Lateral,S/D,Colisión,Ninguna,Faltante,Ninguna,Sin restricción,POINT (-60.705685900000006 -32.900319749999994),"['Castagnino', 'Esquivel']",2,Castagnino; Esquivel,-32.900319749999994,-60.705685900000006,55.0,538.0,Municipio Rosario,Municipio,Rosario,820210,Servicio de Catastro e Información Territorial,IGN
2014,4271,2014-06-04,Miercoles,0.0,17:00:00,,0.0,2,"Moto/Ciclomotor,Automóvil",RIVAROLA  Y B. FIRRI,2,1,0,0,0,0,1,,Calle,,ROSARIO,Rosario,"Asfalto,Hormigón",No existe,II,S/D,Urbana,Ninguna,No existe,Intersección,Con baches,Buena,Diurna,Buen Tiempo,Lateral,S/D,Colisión,S/D,S/D,S/D,Sin restricción,POINT (-60.71406955 -32.965863999999996),"['Rivarola', 'Doctor Rafael Biancofiori']",2,Avenida Doctor Rivarola; Doctor Rafael Biancofiori,-32.965864,-60.71406955,55.0,538.0,Municipio Rosario,Municipio,Rosario,820210,Servicio de Catastro e Información Territorial,IGN
2014,4273,2014-06-07,Sabado,0.0,12:00:00,,0.0,2,"Bicicleta,Moto/Ciclomotor",Av. Provincias Unidas Y Monte Flores,2,2,0,0,0,0,0,,Calle,,ROSARIO,Rosario,"Asfalto,Hormigón",No existe,II,S/D,Urbana,Ninguna,No existe,Intersección,Bueno,Buena,Diurna,Buen Tiempo,S/D,S/D,Atropello,S/D,S/D,S/D,Sin restricción,POINT (-60.71194499999999 -32.957650099999995),"['Avenida Provincias Unidas', 'Monte Flores']",2,Avenida Provincias Unidas; Monte Flores,-32.957650099999995,-60.71194499999999,55.0,538.0,Municipio Rosario,Municipio,Rosario,820210,Servicio de Catastro e Información Territorial,IGN
2014,4276,2014-06-20,Viernes,0.0,21:00:00,,0.0,2,"Moto/Ciclomotor,Automóvil",Bv. 27 De Febrero Y Peru,2,1,0,0,0,0,1,,Calle,,ROSARIO,Rosario,Asfalto,Pavimento,II,S/D,Urbana,Ninguna,No existe,Intersección,Con baches,Buena,Nocturna,Buen Tiempo,Lateral,S/D,Colisión,S/D,S/D,S/D,Sin restricción,POINT (-60.71063455 -32.959329350000004),"['27 de Febrero', 'Peru']",2,Bulevar 27 de Febrero; Perú,-32.959329350000004,-60.71063455,55.0,538.0,Municipio Rosario,Municipio,Rosario,820210,Servicio de Catastro e Información Territorial,IGN
2014,4277,2014-06-12,Jueves,0.0,10:00:00,,0.0,2,"Automóvil,Moto/Ciclomotor",Irurtia Y Anderson,2,2,0,0,0,0,0,,Calle,,ROSARIO,Rosario,Asfalto,No existe,II,S/D,Urbana,Ninguna,No existe,Intersección,Con baches,Buena,Diurna,Buen Tiempo,Lateral,S/D,Colisión,S/D,S/D,S/D,Sin restricción,POINT (-60.7214276 -32.96689949999999),"['Irurtia', 'Anderson']",2,Irurtia; Anderson,-32.96689949999999,-60.7214276,55.0,538.0,Municipio Rosario,Municipio,Rosario,820210,Servicio de Catastro e Información Territorial,IGN
2014,4278,2014-06-22,Domingo,0.0,11:00:00,,0.0,2,"Bicicleta,Moto/Ciclomotor",Av. Provincias Unidas Y Viamonte,2,2,0,0,0,0,0,,S/D,,ROSARIO,Rosario,Hormigón,Pavimento,II,Dentro,Urbana,Marca Vial,No existe,Intersección,Resbaladiza,Buena,Diurna,Buen Tiempo,S/D,S/D,Atropello,S/D,S/D,S/D,Sin restricción,POINT (-60.71191390000001 -32.95690404999999),"['Avenida Provincias Unidas', 'Viamonte']",2,Avenida Provincias Unidas; Viamonte,-32.95690404999999,-60.71191390000001,55.0,538.0,Municipio Rosario,Municipio,Rosario,820210,Servicio de Catastro e Información Territorial,IGN
2014,4279,2014-06-09,Lunes,0.0,13:00:00,,0.0,2,"Moto/Ciclomotor,Pickup/Utilitario",Zelaya Y Matheu,2,1,0,0,1,0,0,,Calle,,ROSARIO,Rosario,Asfalto,No existe,II,Dentro,Urbana,Ninguna,No existe,Intersección,Bueno,Buena,Diurna,Buen Tiempo,Frontal,S/D,Colisión,S/D,Faltante,Ninguna,Sin restricción,POINT (-60.6979453 -32.88857320000001),"['Zelaya', 'Matheu']",2,Zelaya; Domingo Matheu,-32.88857320000001,-60.6979453,55.0,538.0,Municipio Rosario,Municipio,Rosario,820210,Servicio de Catastro e Información Territorial,IGN
2014,4281,2014-06-25,Miercoles,0.0,08:30:00,,0.0,2,"Camión,Camión",Av. Pte.Peron Y Av. Circunvalacion,2,1,0,0,1,0,0,,Avenida,,ROSARIO,Rosario,"Asfalto,Hormigón",Pavimento,II,S/D,Urbana,Semáforo,Funciona,Intersección,Resbaladiza,Buena,Diurna,Lluvia,S/D,S/D,Colisión,S/D,S/D,S/D,Sin restricción,POINT (-60.71697254694366 -32.970708102842494),"['Avenida Presidente Perón', 'Circunvalacion']",2,Avenida Presidente Perón; Avenida de Circunvalación 25 de Mayo,-32.970708102842494,-60.71697254694366,55.0,538.0,Municipio Rosario,Municipio,Rosario,820210,Servicio de Catastro e Información Territorial,IGN
2014,4285,2014-06-04,Miercoles,0.0,20:30:00,,0.0,2,"Automóvil,Moto/Ciclomotor",Baigorria Y Zelaya,2,1,0,0,1,0,0,,Calle,,ROSARIO,Rosario,Asfalto,No existe,II,Dentro,Urbana,Semáforo,Intermitente,Intersección,Bueno,Buena,Nocturna,Buen Tiempo,Lateral,S/D,Colisión,S/D,Vertical,Ninguna,Sin restricción,POINT (-60.69689309999999 -32.8923404),"['Baigorria', 'Zelaya']",2,Baigorria; Zelaya,-32.8923404,-60.69689309999999,55.0,538.0,Municipio Rosario,Municipio,Rosario,820210,Servicio de Catastro e Información Territorial,IGN
2014,4287,2014-06-03,Martes,0.0,15:10:00,,0.0,2,"Automóvil,Moto/Ciclomotor",Bv. Rondeau 4300,2,1,0,0,1,0,0,,Avenida,,ROSARIO,Rosario,Asfalto,No existe,II,Dentro,Urbana,Semáforo,Funciona,Recta,Bueno,Buena,Diurna,Buen Tiempo,Lateral,S/D,Colisión,S/D,Vertical,Vegetación,Sin restricción,"-32.8744917, -60.6982076",['Rondeau 4300'],1,Rondeau 4300,-32.8744917,-60.6982076,55.0,538.0,Municipio Rosario,Municipio,Rosario,820210,Servicio de Catastro e Información Territorial,IGN
2014,4292,2014-06-02,Lunes,0.0,17:30:00,,0.0,2,"Automóvil,Moto/Ciclomotor",M.Perdriel Y Zelaya,2,1,0,0,1,0,0,,Calle,,ROSARIO,Rosario,Asfalto,No existe,II,Dentro,Urbana,Ninguna,No existe,Intersección,Bueno,Buena,Diurna,Buen Tiempo,Lateral,S/D,Colisión,S/D,Faltante,Ninguna,Sin restricción,POINT (-60.696625299999994 -32.893219099999996),"['Perdriel', 'Zelaya']",2,Perdriel; Zelaya,-32.8932191,-60.6966253,55.0,538.0,Municipio Rosario,Municipio,Rosario,820210,Servicio de Catastro e Información Territorial,IGN
2014,4305,2014-06-27,Viernes,0.0,04:05:00,,0.0,2,"Automóvil,Automóvil",Av. Battle y Ordoñez 1400,3,1,0,0,2,0,0,,Avenida,,ROSARIO,Rosario,Asfalto,No existe,II,Dentro,Urbana,Marca Vial,No existe,Recta,Bueno,Buena,"Amanecer,Con luz artificial",Buen Tiempo,Lateral,S/D,Colisión,Ninguna,Horizontal,Cordón divisorio,Sin restricción,"-33.009042, -60.6558939",['Avenida Battle y Ordoñez 1400'],1,Avenida Battle y Ordoñez 1400,-33.009042,-60.6558939,55.0,538.0,Municipio Rosario,Municipio,Rosario,820210,Servicio de Catastro e Información Territorial,IGN