anio_acci,nro_acci,fecha,desc_dia,fecha_aprox,hora_aprox,desc_ruta,km,cant_participantes,desc_participante,calle_avenida_km,total,heridos_leves,heridos_graves,heridos_gravisimos,ilesos,fallecidos,sin_datos,posicion_XY,desc_tipo_via,desc_ruta_ori,desc_loc,desc_dpto,desc_tipo_calzada,desc_tipo_banquina,desc_unidad_regional,desc_lugar_calzada,desc_zona,desc_prioridad,desc_estado_semaforo,desc_lugar_via,desc_estado_via,desc_estado_visibilidad,desc_luminosidad,desc_estado_clima,desc_tipo_colision,desc_tipo_atropello,desc_tipo_hecho,desc_pres_calzada,desc_senializacion,desc_separacion_via,desc_restriccion,forma_geocod,calle_lista,numero_calles,calles_osm,lat,lon,index_right,gid,fna,gna,nam,in1,fdc,sag
2014,4310,2014-06-27,Viernes,0.0,22:00:00,,0.0,2,"Moto/Ciclomotor,Taxi/Remis",Laprida Y Alzugaray,3,2,0,0,1,0,0,,Calle,,ROSARIO,Rosario,Asfalto,No existe,II,Dentro,Urbana,Marca Vial,No existe,Intersección,Bueno,Buena,"Nocturna,Con luz artificial",Buen Tiempo,Lateral,S/D,Colisión,Ninguna,Horizontal,Cordón divisorio,Sin restricción,POINT (-60.6465591 -33.0129427),"['Laprida', 'Alzugaray']",2,Francisco Narciso Laprida; Alzugaray,-33.0129427,-60.6465591,55.0,538.0,Municipio Rosario,Municipio,Rosario,820210,Servicio de Catastro e Información Territorial,IGN
2014,4317,2014-06-23,Lunes,0.0,03:50:00,,0.0,2,"Automóvil,Automóvil",San Martin Y Av. Circunvalacion,2,2,0,0,0,0,0,,Avenida,,ROSARIO,Rosario,Asfalto,No existe,II,Dentro,Urbana,Semáforo,Funciona,Intersección,Bueno,Buena,"Nocturna,Con luz artificial",Buen Tiempo,Lateral,S/D,Colisión,Ninguna,Vertical,Cordón divisorio,Sin restricción,POINT (-60.64178307863883 -33.0158888269654),"['San Martin', 'Circunvalacion']",2,José de San Martín; Avenida de Circunvalación 25 de Mayo,-33.0158888269654,-60.64178307863883,55.0,538.0,Municipio Rosario,Municipio,Rosario,820210,Servicio de Catastro e Información Territorial,IGN
2014,4322,2014-06-16,Lunes,0.0,07:30:00,,0.0,2,"Moto/Ciclomotor,Automóvil",Av. Battle y Ordoñez Y Paraguay,2,1,0,0,1,0,0,,Avenida,,ROSARIO,Rosario,Asfalto,No existe,II,Dentro,Urbana,Ninguna,No existe,Intersección,Bueno,Buena,Diurna,Otro,De alcance,S/D,Colisión,Ninguna,Horizontal,Cordón divisorio,Sin restricción,POINT (-60.65444640000001 -33.0090283),"['Avenida Battle y Ordoñez', 'Paraguay']",2,Avenida Battle y Ordoñez; Paraguay,-33.0090283,-60.65444640000001,55.0,538.0,Municipio Rosario,Municipio,Rosario,820210,Servicio de Catastro e Información Territorial,IGN
2014,4326,2014-06-07,Sabado,0.0,15:00:00,,0.0,2,"Moto/Ciclomotor,Automóvil",Av. Circunvalacion Y España,2,1,0,0,1,0,0,,Avenida,,ROSARIO,Rosario,Asfalto,No existe,II,Dentro,Urbana,Ninguna,No existe,Recta,Bueno,Buena,Diurna,Otro,Otro,S/D,Colisión,Ninguna,Horizontal,Cordón divisorio,Sin restricción,POINT (-60.65680843645818 -33.016017846657775),"['Circunvalacion', 'España']",2,Avenida de Circunvalación 25 de Mayo; España,-33.016017846657775,-60.65680843645818,55.0,538.0,Municipio Rosario,Municipio,Rosario,820210,Servicio de Catastro e Información Territorial,IGN
2014,4330,2014-06-09,Lunes,0.0,08:50:00,,0.0,2,"Moto/Ciclomotor,Automóvil",San Martin Y Cabildo,2,1,0,0,1,0,0,,Avenida,,ROSARIO,Rosario,Asfalto,No existe,II,Dentro,Urbana,Ninguna,No existe,Intersección,Bueno,Buena,Diurna,Otro,Otro,S/D,Colisión,Ninguna,Horizontal,Cordón divisorio,Sin restricción,POINT (-60.65030445000001 -33.0074006),"['San Martin', 'Cabildo']",2,José de San Martín; Cabildo,-33.0074006,-60.65030445000001,55.0,538.0,Municipio Rosario,Municipio,Rosario,820210,Servicio de Catastro e Información Territorial,IGN
2014,4333,2014-06-07,Sabado,0.0,20:30:00,,0.0,2,"Moto/Ciclomotor,Automóvil",F.Frias Y Pago de los Arroyos,3,1,0,0,2,0,0,,Calle,,ROSARIO,Rosario,Asfalto,No existe,II,Dentro,Urbana,Ninguna,No existe,Recta,Bueno,Buena,Nocturna,Otro,Otro,S/D,Colisión,Ninguna,Vertical,Cordón divisorio,Sin restricción,POINT (-60.650088800000006 -33.01199859999999),"['Frias', 'Pago de los Arroyos']",2,Frias; Pago de los Arroyos,-33.01199859999999,-60.650088800000006,55.0,538.0,Municipio Rosario,Municipio,Rosario,820210,Servicio de Catastro e Información Territorial,IGN
2014,4345,2014-06-04,Miercoles,0.0,23:15:00,,0.0,2,"Moto/Ciclomotor,Automóvil",Marco Polo Y Av. Bermudez,2,0,1,0,0,0,1,,Avenida,,ROSARIO,Rosario,Asfalto,No existe,II,Dentro,Urbana,Ninguna,No existe,Recta,Bueno,Buena,"Nocturna,Con luz artificial",Otro,S/D,S/D,Colisión,Ninguna,Horizontal,Cordón divisorio,Sin restricción,POINT (-60.6422162 -33.0107564),"['Marco Polo', 'Bermudez']",2,Marco Polo; Avenida José Bermúdez,-33.0107564,-60.6422162,55.0,538.0,Municipio Rosario,Municipio,Rosario,820210,Servicio de Catastro e Información Territorial,IGN
2014,4363,2014-06-17,Martes,0.0,14:50:00,,0.0,2,"Pickup/Utilitario,Moto/Ciclomotor",Mendoza Y Ecuador,2,0,1,0,1,0,0,,Calle,,ROSARIO,Rosario,Asfalto,No existe,II,S/D,Urbana,Semáforo,Funciona,Intersección,Bueno,Buena,Diurna,Buen Tiempo,Lateral,S/D,Colisión,Ninguna,Vertical,Ninguna,Sin restricción,POINT (-60.71499095 -32.9402982),"['Mendoza', 'Ecuador']",2,Mendoza; Ecuador,-32.9402982,-60.71499095,55.0,538.0,Municipio Rosario,Municipio,Rosario,820210,Servicio de Catastro e Información Territorial,IGN
2014,4388,2014-06-01,Domingo,0.0,22:40:00,,0.0,2,"Moto/Ciclomotor,Automóvil",Av. Battle y Ordoñez Y Av. Bermudez,2,1,0,0,1,0,0,,Avenida,,ROSARIO,Rosario,Asfalto,No existe,II,Dentro,Urbana,Ninguna,No existe,Intersección,Bueno,Buena,Nocturna,Otro,Otro,S/D,Colisión,Ninguna,Horizontal,Cordón divisorio,Sin restricción,POINT (-60.642303600000005 -33.00874819999999),"['Avenida Battle y Ordoñez', 'Bermudez']",2,Avenida Battle y Ordoñez; Avenida José Bermúdez,-33.00874819999999,-60.642303600000005,55.0,538.0,Municipio Rosario,Municipio,Rosario,820210,Servicio de Catastro e Información Territorial,IGN
2014,4439,2014-06-06,Viernes,0.0,15:10:00,,0.0,2,"Automóvil,Automóvil",Av. Ovidio Lagos 5800,2,1,0,0,1,0,0,,Avenida,,ROSARIO,Rosario,Asfalto,No existe,II,Dentro,Urbana,Semáforo,S/D,Recta,Con baches,Buena,Diurna,Buen Tiempo,Lateral,S/D,Colisión,S/D,Horizontal,Cordón divisorio,Sin restricción,"-33.0259193, -60.6809495",['Ovidio Lagos 5800'],1,Ovidio Lagos 5800,-33.0259193,-60.6809495,55.0,538.0,Municipio Rosario,Municipio,Rosario,820210,Servicio de Catastro e Información Territorial,IGN
2014,4441,2014-06-07,Sabado,0.0,19:30:00,,0.0,2,"Moto/Ciclomotor,Automóvil",Av. Ovidio Lagos 5700,4,3,0,0,1,0,0,,Avenida,,ROSARIO,Rosario,Asfalto,No existe,II,Dentro,Urbana,Semáforo,Funciona,Recta,Deteriorada,Buena,Atardecer,Buen Tiempo,Lateral,S/D,Colisión,S/D,Horizontal,Cordón divisorio,Sin restricción,"-33.0259193, -60.6809495",['Ovidio Lagos 5700'],1,Ovidio Lagos 5700,-33.0259193,-60.6809495,55.0,538.0,Municipio Rosario,Municipio,Rosario,820210,Servicio de Catastro e Información Territorial,IGN
2014,4444,2014-06-16,Lunes,0.0,08:00:00,,0.0,2,"Bicicleta,Moto/Ciclomotor",Av. Circunvalacion ,2,1,0,0,1,0,0,,Avenida,,ROSARIO,Rosario,Asfalto,Pavimento,II,Dentro,Urbana,Ninguna,No existe,Recta,Con baches,Buena,Diurna,Buen Tiempo,S/D,S/D,Atropello,S/D,Faltante,Guardarrail,Sin restricción,"-32.9954148, -60.6940772",['Circunvalacion'],1,Circunvalacion,-32.9954148,-60.6940772,55.0,538.0,Municipio Rosario,Municipio,Rosario,820210,Servicio de Catastro e Información Territorial,IGN
2014,4451,2014-06-19,Jueves,0.0,18:15:00,,0.0,2,"Automóvil,Pickup/Utilitario",Av. Circunvalacion Y Av. Ovidio Lagos,3,1,0,0,2,0,0,,Avenida,,ROSARIO,Rosario,Asfalto,S/D,II,Dentro,Urbana,Semáforo,Funciona,Intersección,Deteriorada,Buena,Atardecer,Buen Tiempo,S/D,S/D,Colisión,S/D,S/D,Cordón divisorio,Sin restricción,POINT (-60.67699098957188 -33.00797177001669),"['Circunvalacion', 'Avenida Ovidio Lagos']",2,Avenida de Circunvalación 25 de Mayo; Avenida Ovidio Lagos,-33.00797177001669,-60.67699098957188,55.0,538.0,Municipio Rosario,Municipio,Rosario,820210,Servicio de Catastro e Información Territorial,IGN
2014,4464,2014-06-13,Viernes,0.0,08:20:00,,0.0,2,"Pickup/Utilitario,Automóvil",White Y Av. Provincias Unidas,2,1,0,0,1,0,0,,Avenida,,ROSARIO,Rosario,Asfalto,No existe,II,Dentro,Urbana,Semáforo,Funciona,Intersección,Bueno,Buena,Diurna,Buen Tiempo,Lateral,S/D,Colisión,Ninguna,Vertical,Ninguna,Sin restricción,POINT (-60.7125441 -32.94137124999999),"['White', 'Avenida Provincias Unidas']",2,Ingeniero White; Avenida Provincias Unidas,-32.94137124999999,-60.7125441,55.0,538.0,Municipio Rosario,Municipio,Rosario,820210,Servicio de Catastro e Información Territorial,IGN
2014,4523,2014-06-17,Martes,0.0,06:45:00,,0.0,2,"Automóvil,Camión",Maipu Y San Luis,3,1,0,0,2,0,0,,Calle,,ROSARIO,Rosario,Asfalto,S/D,II,Dentro,Urbana,Semáforo,Funciona,Intersección,Bueno,Buena,Diurna,Buen Tiempo,Lateral,S/D,Colisión,S/D,S/D,Cordón divisorio,S/D,POINT (-60.63589509999999 -32.949566),"['Maipú', 'San Luis']",2,Maipú; San Luis,-32.949566,-60.63589509999999,55.0,538.0,Municipio Rosario,Municipio,Rosario,820210,Servicio de Catastro e Información Territorial,IGN
2014,4534,2014-06-15,Domingo,0.0,01:30:00,,0.0,2,"Moto/Ciclomotor,Automóvil",Maipu Y Av. Pellegrini,2,1,0,0,1,0,0,,Calle,,ROSARIO,Rosario,Asfalto,S/D,II,Dentro,Urbana,Semáforo,Funciona,Intersección,Bueno,Buena,Nocturna,S/D,Lateral,S/D,Colisión,S/D,S/D,Cordón divisorio,S/D,POINT (-60.6381258 -32.95780119999999),"['Maipú', 'Pellegrini']",2,Maipú; Avenida Carlos Pellegrini,-32.95780119999999,-60.6381258,55.0,538.0,Municipio Rosario,Municipio,Rosario,820210,Servicio de Catastro e Información Territorial,IGN
2014,4549,2014-06-18,Miercoles,0.0,18:10:00,,0.0,2,"Bicicleta,Taxi/Remis",J.M.de Rosas 1500,2,1,0,0,1,0,0,,Calle,,ROSARIO,Rosario,Asfalto,S/D,II,Dentro,Urbana,S/D,No existe,Recta,Bueno,Buena,Diurna,Buen Tiempo,S/D,S/D,Atropello,S/D,S/D,Barrera de alto impacto,S/D,"-32.9490771, -60.6315334",['J M De Rosas 1500'],1,J M De Rosas 1500,-32.9490771,-60.6315334,55.0,538.0,Municipio Rosario,Municipio,Rosario,820210,Servicio de Catastro e Información Territorial,IGN
2014,4556,2014-06-11,Miercoles,0.0,13:15:00,,0.0,2,"Automóvil,Moto/Ciclomotor",Av. Eva Peron Y Av. Provincias Unidas,2,1,0,0,1,0,0,,Avenida,,ROSARIO,Rosario,Asfalto,Pavimento,II,Dentro,Urbana,Semáforo,Funciona,Intersección,Bueno,Buena,Diurna,Buen Tiempo,De alcance,S/D,Colisión,Ninguna,S/D,Barrera de hormigón,Sin restricción,POINT (-60.712952900000005 -32.933009625),"['Avenida Eva Perón', 'Avenida Provincias Unidas']",2,Avenida Eva Perón; Avenida Provincias Unidas,-32.933009625,-60.712952900000005,55.0,538.0,Municipio Rosario,Municipio,Rosario,820210,Servicio de Catastro e Información Territorial,IGN
2014,4560,2014-06-25,Miercoles,0.0,18:30:00,,0.0,2,"Automóvil,Automóvil",Salta Y Bv. Oroño,3,2,0,0,1,0,0,,Calle,,ROSARIO,Rosario,Asfalto,No existe,II,Dentro,Urbana,S/D,No existe,Intersección,Bueno,Buena,"Atardecer,Con luz artificial",Buen Tiempo,De alcance,S/D,Colisión,S/D,Faltante,Ninguna,Sin restricción,POINT (-60.6515116 -32.93672015),"['Salta', 'Bulevar Nicasio Oroño']",2,Salta; Bulevar Nicasio Oroño,-32.93672015,-60.6515116,55.0,538.0,Municipio Rosario,Municipio,Rosario,820210,Servicio de Catastro e Información Territorial,IGN
2014,4564,2014-06-16,Lunes,0.0,19:25:00,,0.0,2,"Automóvil,Moto/Ciclomotor",Sanchez de Loria Y Chassaing,2,1,0,0,1,0,0,,Calle,,ROSARIO,Rosario,Asfalto,Pavimento,II,Dentro,Urbana,Ninguna,No existe,Intersección,Bueno,Buena,Atardecer,Buen Tiempo,Lateral,S/D,Colisión,Ninguna,S/D,Ninguna,Sin restricción,POINT (-60.73213630000001 -32.9288084),"['Sánchez de Loria', 'Chassaing']",2,Sánchez de Loria; Chassaing,-32.9288084,-60.73213630000001,55.0,538.0,Municipio Rosario,Municipio,Rosario,820210,Servicio de Catastro e Información Territorial,IGN
2014,4570,2014-06-16,Lunes,0.0,14:40:00,,0.0,2,"Automóvil,Automóvil",Catamarca Y Bv. Oroño,4,1,0,0,3,0,0,,Calle,,ROSARIO,Rosario,Asfalto,No existe,II,S/D,Urbana,Ninguna,No existe,Intersección,Bueno,Buena,Diurna,Buen Tiempo,Lateral,S/D,Colisión,S/D,Faltante,Ninguna,Sin restricción,POINT (-60.651806750000006 -32.9378818),"['Catamarca', 'Bulevar Nicasio Oroño']",2,Catamarca; Bulevar Nicasio Oroño,-32.9378818,-60.651806750000006,55.0,538.0,Municipio Rosario,Municipio,Rosario,820210,Servicio de Catastro e Información Territorial,IGN
2014,4583,2014-06-10,Martes,0.0,12:30:00,,0.0,2,"Automóvil,Automóvil",Pte.Roca Y Urquiza,2,1,0,0,1,0,0,,Calle,,ROSARIO,Rosario,Asfalto,No existe,II,Dentro,Urbana,Ninguna,No existe,Intersección,Bueno,Buena,Diurna,Buen Tiempo,De alcance,S/D,Colisión,S/D,Faltante,Ninguna,Sin restricción,POINT (-60.6442177 -32.9417364),"['Roca', 'Urquiza']",2,Presidente Roca; Justo José de Urquiza,-32.9417364,-60.6442177,55.0,538.0,Municipio Rosario,Municipio,Rosario,820210,Servicio de Catastro e Información Territorial,IGN
2014,4589,2014-06-11,Miercoles,0.0,14:45:00,,0.0,2,"Automóvil,Automóvil",Urquiza Y Alvear,4,2,0,0,2,0,0,,Calle,,ROSARIO,Rosario,Asfalto,No existe,II,Dentro,Urbana,Ninguna,No existe,Intersección,Bueno,Buena,Diurna,Buen Tiempo,Lateral,S/D,Colisión,S/D,Faltante,Ninguna,Sin restricción,POINT (-60.653803100000005 -32.9399875),"['Urquiza', 'Alvear']",2,Justo José de Urquiza; Alvear,-32.9399875,-60.653803100000005,55.0,538.0,Municipio Rosario,Municipio,Rosario,820210,Servicio de Catastro e Información Territorial,IGN
2014,4594,2014-06-19,Jueves,0.0,07:00:00,,0.0,2,"Automóvil,Moto/Ciclomotor",AV 25 DE MAYO Y JJ PASO,2,1,0,0,1,0,0,,Avenida,,ROSARIO,Rosario,Asfalto,Pavimento,II,Dentro,Urbana,Ninguna,No existe,Intersección,Bueno,Buena,Diurna,Buen Tiempo,Frontal,S/D,Colisión,Ninguna,S/D,Línea divisoria pintada,Sin restricción,POINT (-60.723727529563504 -32.92055900258326),"['25 de Mayo', 'Juan José Paso']",2,Avenida de Circunvalación 25 de Mayo; Avenida Juan José Paso,-32.92055900258326,-60.723727529563504,55.0,538.0,Municipio Rosario,Municipio,Rosario,820210,Servicio de Catastro e Información Territorial,IGN
2014,4600,2014-06-14,Sabado,0.0,13:00:00,,0.0,2,"Automóvil,Automóvil",Junin Y Tte.Agneta,3,1,0,0,2,0,0,,Calle,,ROSARIO,Rosario,Asfalto,No existe,II,Dentro,Urbana,Ninguna,No existe,Intersección,S/D,S/D,Diurna,S/D,S/D,S/D,Colisión,S/D,Faltante,Ninguna,Sin restricción,POINT (-60.70033130000001 -32.9272405),"['Junín', 'Teniente Agneta']",2,Junín; Teniente Agneta,-32.9272405,-60.70033130000001,55.0,538.0,Municipio Rosario,Municipio,Rosario,820210,Servicio de Catastro e Información Territorial,IGN
2014,4602,2014-06-13,Viernes,0.0,14:00:00,,0.0,2,"Automóvil,Automóvil",Sarmiento 600,2,1,0,0,1,0,0,,Calle,,ROSARIO,Rosario,Asfalto,No existe,II,Dentro,Urbana,Ninguna,No existe,Recta,Bueno,Buena,Diurna,Buen Tiempo,De alcance,S/D,Colisión,S/D,Faltante,Ninguna,Sin restricción,"-32.944068, -60.6376773",['Sarmiento 600'],1,Sarmiento 600,-32.944068,-60.6376773,55.0,538.0,Municipio Rosario,Municipio,Rosario,820210,Servicio de Catastro e Información Territorial,IGN
2014,4612,2014-06-23,Lunes,0.0,23:30:00,,0.0,2,"Automóvil,Moto/Ciclomotor",Solis Y Gorriti,3,1,0,0,2,0,0,,Calle,,ROSARIO,Rosario,S/D,No existe,II,Dentro,Urbana,Ninguna,No existe,Intersección,S/D,Reducida,Nocturna,S/D,Lateral,S/D,Colisión,S/D,Faltante,Ninguna,Sin restricción,POINT (-60.70404950000001 -32.92411169999999),"['Solis', 'Gorriti']",2,Juan Díaz de Solís; Gorriti,-32.92411169999999,-60.70404950000001,55.0,538.0,Municipio Rosario,Municipio,Rosario,820210,Servicio de Catastro e Información Territorial,IGN
2014,4617,2014-06-09,Lunes,0.0,17:35:00,,0.0,2,"Bicicleta,Transporte de Pasajeros Urbano (> 8 asientos)",Catamarca Y España,2,1,0,0,1,0,0,,Calle,,ROSARIO,Rosario,Asfalto,No existe,II,Dentro,Urbana,Ninguna,No existe,Intersección,Bueno,Buena,Diurna,Buen Tiempo,S/D,S/D,Atropello,S/D,Faltante,Ninguna,Sin restricción,POINT (-60.6450235 -32.93913189999999),"['Catamarca', 'España']",2,Catamarca; España,-32.93913189999999,-60.6450235,55.0,538.0,Municipio Rosario,Municipio,Rosario,820210,Servicio de Catastro e Información Territorial,IGN
2014,4622,2014-06-09,Lunes,0.0,09:30:00,,0.0,2,"Automóvil,Taxi/Remis",Av. Wheelwright 1300,2,1,0,0,1,0,0,,Calle,,ROSARIO,Rosario,Asfalto,No existe,II,Dentro,Urbana,Ninguna,No existe,Recta,Bueno,Buena,Diurna,Buen Tiempo,De alcance,S/D,Colisión,S/D,Faltante,Ninguna,Sin restricción,"-32.9366499, -60.6415423",['Avenida Guillermo Wheelwright 1300'],1,Avenida Guillermo Wheelwright 1300,-32.9366499,-60.6415423,55.0,538.0,Municipio Rosario,Municipio,Rosario,820210,Servicio de Catastro e Información Territorial,IGN
2014,4631,2014-06-26,Jueves,0.0,13:30:00,,0.0,2,"Moto/Ciclomotor,Moto/Ciclomotor",Pje. Minetti Y Camilo Aldao,2,2,0,0,0,0,0,,Calle,,ROSARIO,Rosario,S/D,No existe,II,Dentro,Urbana,Ninguna,No existe,Intersección,S/D,Buena,Diurna,S/D,Lateral,S/D,Colisión,S/D,Faltante,Ninguna,Sin restricción,POINT (-60.69643539999999 -32.92790859999999),"['Minetti', 'Camilo Aldao']",2,Minetti; Camilo Aldao,-32.92790859999999,-60.69643539999999,55.0,538.0,Municipio Rosario,Municipio,Rosario,820210,Servicio de Catastro e Información Territorial,IGN
2014,4638,2014-06-02,Lunes,0.0,19:30:00,,0.0,2,"Moto/Ciclomotor,Automóvil",PUJATO Y LOS ALERCES,2,2,0,0,0,0,0,,Calle,,ROSARIO,Rosario,Asfalto,S/D,II,Dentro,Urbana,S/D,S/D,Intersección,S/D,S/D,Atardecer,S/D,S/D,S/D,Colisión,S/D,S/D,S/D,S/D,POINT (-60.730012900000006 -32.90615975),"['Pujato', 'Los Alerces']",2,Pujato; Los Alerces,-32.90615975,-60.730012900000006,55.0,538.0,Municipio Rosario,Municipio,Rosario,820210,Servicio de Catastro e Información Territorial,IGN
2014,4639,2014-06-29,Domingo,0.0,17:15:00,,0.0,2,"Automóvil,Automóvil",Av. Jorge Newbery Y Donado,4,1,0,0,1,0,2,,Avenida,,ROSARIO,Rosario,Asfalto,S/D,II,Dentro,Urbana,S/D,S/D,Intersección,S/D,S/D,Diurna,S/D,S/D,S/D,Colisión,S/D,S/D,S/D,S/D,POINT (-60.728404966666666 -32.908371466666665),"['Jorge Newbery', 'Donado']",2,Avenida Jorge Newbery; José Agustín Donado,-32.908371466666665,-60.728404966666666,55.0,538.0,Municipio Rosario,Municipio,Rosario,820210,Servicio de Catastro e Información Territorial,IGN
2014,4643,2014-06-01,Domingo,0.0,19:30:00,,0.0,2,"Automóvil,Camión",Av. Circunvalacion Y Av. Jorge Newbery,4,1,0,0,3,0,0,,Avenida,,ROSARIO,Rosario,Asfalto,S/D,II,Dentro,Urbana,S/D,S/D,Intersección,S/D,S/D,Atardecer,S/D,S/D,S/D,Colisión,S/D,S/D,S/D,S/D,POINT (-60.72420769617581 -32.90836527388017),"['Circunvalacion', 'Jorge Newbery']",2,Avenida de Circunvalación 25 de Mayo; Avenida Jorge Newbery,-32.90836527388017,-60.72420769617581,55.0,538.0,Municipio Rosario,Municipio,Rosario,820210,Servicio de Catastro e Información Territorial,IGN
2014,4649,2014-06-19,Jueves,0.0,14:00:00,,0.0,2,"Moto/Ciclomotor,Automóvil",Av. Jorge Newbery Y Donado,2,1,0,0,1,0,0,,Calle,,ROSARIO,Rosario,Asfalto,S/D,II,Dentro,Urbana,S/D,S/D,Intersección,S/D,S/D,Diurna,S/D,S/D,S/D,Colisión,S/D,S/D,S/D,S/D,POINT (-60.728404966666666 -32.908371466666665),"['Jorge Newbery', 'Donado']",2,Avenida Jorge Newbery; José Agustín Donado,-32.908371466666665,-60.728404966666666,55.0,538.0,Municipio Rosario,Municipio,Rosario,820210,Servicio de Catastro e Información Territorial,IGN
2014,4651,2014-06-03,Martes,0.0,04:50:00,,0.0,2,"Taxi/Remis,Moto/Ciclomotor",Santa Fe Y Balcarce,2,1,0,0,1,0,0,,Calle,,ROSARIO,Rosario,Asfalto,S/D,II,Dentro,Urbana,Semáforo,Funciona,Intersección,Bueno,Reducida,"Nocturna,Con luz artificial",Buen Tiempo,Lateral,S/D,Colisión,S/D,Vertical,Cordón divisorio,Sin restricción,POINT (-60.65159370000001 -32.94261169999999),"['Santa Fe', 'Balcarce']",2,Santa Fe; Balcarce,-32.94261169999999,-60.65159370000001,55.0,538.0,Municipio Rosario,Municipio,Rosario,820210,Servicio de Catastro e Información Territorial,IGN
2014,4653,2014-06-06,Viernes,0.0,07:00:00,,0.0,2,"Moto/Ciclomotor,Moto/Ciclomotor",Av. Circunvalacion ,2,1,0,0,1,0,0,,Avenida,,ROSARIO,Rosario,Asfalto,No existe,II,Dentro,Urbana,Ninguna,No existe,Intersección,Bueno,Buena,Diurna,Buen Tiempo,Lateral,S/D,Colisión,Ninguna,Faltante,S/D,Sin restricción,"-32.9954148, -60.6940772",['Circunvalacion'],1,Circunvalacion,-32.9954148,-60.6940772,55.0,538.0,Municipio Rosario,Municipio,Rosario,820210,Servicio de Catastro e Información Territorial,IGN
2014,4660,2014-06-07,Sabado,0.0,09:00:00,,0.0,2,"Moto/Ciclomotor,Automóvil",Urquiza 9000,2,1,0,0,1,0,0,,Calle,,ROSARIO,Rosario,Asfalto,No existe,II,Dentro,Urbana,Ninguna,No existe,Recta,Bueno,Buena,Diurna,Buen Tiempo,Lateral,S/D,Colisión,Ninguna,Faltante,S/D,Sin restricción,"-32.9437649, -60.634951",['Urquiza 9000'],1,Urquiza 9000,-32.9437649,-60.634951,55.0,538.0,Municipio Rosario,Municipio,Rosario,820210,Servicio de Catastro e Información Territorial,IGN
2014,4662,2014-06-06,Viernes,0.0,10:00:00,,0.0,2,"Automóvil,Pickup/Utilitario",Entre Rios 1400,2,1,0,0,1,0,0,,Calle,,ROSARIO,Rosario,Asfalto,S/D,II,Dentro,Urbana,Ninguna,No existe,Recta,Bueno,Buena,Diurna,Buen Tiempo,Frontal,S/D,Colisión,S/D,Faltante,Cordón divisorio,Sin restricción,"-32.9532777, -60.6428109",['Entre Rios 1400'],1,Entre Rios 1400,-32.9532777,-60.6428109,55.0,538.0,Municipio Rosario,Municipio,Rosario,820210,Servicio de Catastro e Información Territorial,IGN
2014,4665,2014-06-09,Lunes,0.0,09:40:00,,0.0,2,"Automóvil,Moto/Ciclomotor",La Paz Y Brasil,2,1,0,0,1,0,0,,Calle,,ROSARIO,Rosario,Asfalto,Natural,II,Dentro,Urbana,Ninguna,No existe,Intersección,Bueno,Buena,Diurna,Buen Tiempo,Lateral,S/D,Colisión,Ninguna,Faltante,S/D,Sin restricción,POINT (-60.7189275 -32.95591),"['La Paz', 'Brasil']",2,La Paz; Brasil,-32.95591,-60.7189275,55.0,538.0,Municipio Rosario,Municipio,Rosario,820210,Servicio de Catastro e Información Territorial,IGN
2014,4666,2014-06-06,Viernes,0.0,08:00:00,,0.0,2,"Moto/Ciclomotor,Automóvil",Montevideo Y Italia,3,2,0,0,1,0,0,,Calle,,ROSARIO,Rosario,Asfalto,S/D,II,Dentro,Urbana,Ninguna,No existe,Recta,Bueno,Buena,Diurna,Buen Tiempo,Lateral,S/D,Colisión,S/D,Faltante,Cordón divisorio,Sin restricción,POINT (-60.6503083 -32.954403599999985),"['Montevideo', 'Italia']",2,Montevideo; Italia,-32.954403599999985,-60.6503083,55.0,538.0,Municipio Rosario,Municipio,Rosario,820210,Servicio de Catastro e Información Territorial,IGN
2014,4675,2014-06-03,Martes,0.0,09:15:00,,0.0,2,"Automóvil,Automóvil",Mendoza Y Av. Corrientes,2,1,0,0,1,0,0,,Calle,,ROSARIO,Rosario,Asfalto,S/D,II,Dentro,Urbana,Semáforo,Funciona,Intersección,Bueno,Buena,Diurna,Buen Tiempo,Lateral,S/D,Colisión,S/D,Vertical,Cordón divisorio,Sin restricción,POINT (-60.643583500000005 -32.9507824),"['Mendoza', 'Corrientes']",2,Mendoza; Corrientes,-32.9507824,-60.643583500000005,55.0,538.0,Municipio Rosario,Municipio,Rosario,820210,Servicio de Catastro e Información Territorial,IGN
2014,4676,2014-06-12,Jueves,0.0,23:00:00,,0.0,2,"Moto/Ciclomotor,Peatón",Mendoza Y Chaparro,2,2,0,0,0,0,0,,Calle,,ROSARIO,Rosario,Asfalto,Pavimento,II,Dentro,Urbana,Ninguna,No existe,S/D,Bueno,Buena,"Nocturna,Con luz artificial",Lluvia,Lateral,S/D,Colisión,Ninguna,Faltante,S/D,Sin restricción,POINT (-60.730721100000004 -32.9406121),"['Mendoza', 'Chaparro']",2,Mendoza; Chaparro,-32.9406121,-60.7307211,55.0,538.0,Municipio Rosario,Municipio,Rosario,820210,Servicio de Catastro e Información Territorial,IGN