anio_acci,nro_acci,fecha,desc_dia,fecha_aprox,hora_aprox,desc_ruta,km,cant_participantes,desc_participante,calle_avenida_km,total,heridos_leves,heridos_graves,heridos_gravisimos,ilesos,fallecidos,sin_datos,posicion_XY,desc_tipo_via,desc_ruta_ori,desc_loc,desc_dpto,desc_tipo_calzada,desc_tipo_banquina,desc_unidad_regional,desc_lugar_calzada,desc_zona,desc_prioridad,desc_estado_semaforo,desc_lugar_via,desc_estado_via,desc_estado_visibilidad,desc_luminosidad,desc_estado_clima,desc_tipo_colision,desc_tipo_atropello,desc_tipo_hecho,desc_pres_calzada,desc_senializacion,desc_separacion_via,desc_restriccion,forma_geocod,calle_lista,numero_calles,calles_osm,lat,lon,index_right,gid,fna,gna,nam,in1,fdc,sag
2014,4679,2014-06-04,Miercoles,0.0,11:20:00,,0.0,2,"Moto/Ciclomotor,Automóvil",Montevideo Y España,3,2,0,0,1,0,0,,Calle,,ROSARIO,Rosario,Asfalto,S/D,I,Dentro,Urbana,Semáforo,Funciona,Recta,Bueno,Buena,Diurna,Buen Tiempo,Lateral,S/D,Colisión,S/D,Vertical,Cordón divisorio,Sin restricción,POINT (-60.648924400000006 -32.9546495),"['Montevideo', 'España']",2,Montevideo; España,-32.9546495,-60.648924400000006,55.0,538.0,Municipio Rosario,Municipio,Rosario,820210,Servicio de Catastro e Información Territorial,IGN
2014,4680,2014-06-16,Lunes,0.0,21:40:00,,0.0,1,Moto/Ciclomotor,J.Colombres 7900,2,2,0,0,0,0,0,,Calle,,ROSARIO,Rosario,Asfalto,No existe,II,Dentro,Urbana,Ninguna,No existe,Recta,Bueno,Buena,"Nocturna,Con luz artificial",Buen Tiempo,Atropello animal,S/D,Atropello,Ninguna,Faltante,S/D,Sin restricción,"-32.9065205, -60.6783682",['J Colombres 7900'],1,J Colombres 7900,-32.9065205,-60.6783682,55.0,538.0,Municipio Rosario,Municipio,Rosario,820210,Servicio de Catastro e Información Territorial,IGN
2014,4686,2014-06-04,Miercoles,0.0,10:00:00,,0.0,2,"Moto/Ciclomotor,Automóvil",Montevideo Y España,3,2,0,0,1,0,0,,Calle,,ROSARIO,Rosario,Asfalto,S/D,II,Dentro,Urbana,Semáforo,Funciona,Intersección,Bueno,Buena,Diurna,Buen Tiempo,Lateral,S/D,Colisión,S/D,Faltante,Cordón divisorio,Sin restricción,POINT (-60.648924400000006 -32.9546495),"['Montevideo', 'España']",2,Montevideo; España,-32.9546495,-60.648924400000006,55.0,538.0,Municipio Rosario,Municipio,Rosario,820210,Servicio de Catastro e Información Territorial,IGN
2014,4687,2014-06-05,Jueves,0.0,00:40:00,,0.0,2,"Automóvil,Pickup/Utilitario",E.Zeballos Y Sarmiento,3,2,0,0,1,0,0,,Calle,,ROSARIO,Rosario,Asfalto,S/D,II,Dentro,Urbana,Ninguna,No existe,Intersección,Bueno,Buena,"Nocturna,Con luz artificial",Buen Tiempo,Lateral,S/D,Colisión,S/D,Faltante,Cordón divisorio,Sin restricción,POINT (-60.640305899999994 -32.95503369999999),"['Zeballos', 'Sarmiento']",2,Zeballos; Sarmiento,-32.95503369999999,-60.6403059,55.0,538.0,Municipio Rosario,Municipio,Rosario,820210,Servicio de Catastro e Información Territorial,IGN
2014,4688,2014-06-16,Lunes,0.0,17:05:00,,0.0,2,"Automóvil,Transporte de Pasajeros Urbano (> 8 asientos)",Mariano Moreno Y San Juan,2,1,0,0,1,0,0,,Calle,,ROSARIO,Rosario,Asfalto,S/D,II,Dentro,Urbana,Ninguna,No existe,Recta,Bueno,Buena,Diurna,Buen Tiempo,Lateral,S/D,Colisión,S/D,Faltante,Cordón divisorio,Sin restricción,POINT (-60.651551100000006 -32.94793200000001),"['Mariano Moreno', 'San Juan']",2,Mariano Moreno; San Juan,-32.94793200000001,-60.651551100000006,55.0,538.0,Municipio Rosario,Municipio,Rosario,820210,Servicio de Catastro e Información Territorial,IGN
2014,4693,2014-07-12,Sabado,0.0,20:30:00,,0.0,2,"Automóvil,Automóvil",Av. Luis Carballo Y Florida,3,2,0,0,1,0,0,,Calle,,ROSARIO,Rosario,Asfalto,S/D,II,Dentro,Urbana,S/D,S/D,Intersección,S/D,S/D,Diurna,Buen Tiempo,S/D,S/D,Colisión,S/D,S/D,S/D,S/D,POINT (-60.68344275 -32.92226555),"['Avenida Doctor Luis Cándido Carballo', 'Florida']",2,Avenida Doctor Luis Cándido Carballo; Florida,-32.92226555,-60.68344275,55.0,538.0,Municipio Rosario,Municipio,Rosario,820210,Servicio de Catastro e Información Territorial,IGN
2014,4694,2014-07-16,Miercoles,0.0,00:25:00,,0.0,2,"Taxi/Remis,Automóvil",Superi Y Darragueira,2,0,0,0,1,0,1,,Calle,,ROSARIO,Rosario,Asfalto,No existe,II,Dentro,Urbana,Ninguna,No existe,Intersección,Bueno,Buena,Nocturna,Buen Tiempo,Frontal,S/D,Colisión,Otro,Faltante,Ninguna,Sin restricción,POINT (-60.695001399999995 -32.8947943),"['Superi', 'José Darragueira']",2,Comandante José Superí; José Darragueira,-32.8947943,-60.6950014,55.0,538.0,Municipio Rosario,Municipio,Rosario,820210,Servicio de Catastro e Información Territorial,IGN
2014,4695,2014-07-22,Martes,0.0,14:00:00,,0.0,2,"Moto/Ciclomotor,Automóvil",Brown Y Rodriguez,2,1,0,0,1,0,0,,Calle,,ROSARIO,Rosario,Asfalto,No existe,II,Dentro,Urbana,Ninguna,No existe,Recta,Otro,Buena,Diurna,Buen Tiempo,Otro,S/D,Colisión,Otro,Faltante,Ninguna,Sin restricción,POINT (-60.6563725 -32.9334435),"['Brown', 'Rodríguez']",2,Almirante Brown; Rodríguez de Escobedo,-32.9334435,-60.6563725,55.0,538.0,Municipio Rosario,Municipio,Rosario,820210,Servicio de Catastro e Información Territorial,IGN
2014,4697,2014-07-03,Jueves,0.0,19:10:00,,0.0,2,"Automóvil,Pickup/Utilitario",Albert Sabin Y Av. Avellaneda B,3,1,0,0,1,0,1,,Calle,,ROSARIO,Rosario,Asfalto,S/D,II,Dentro,Urbana,S/D,Funciona,Intersección,S/D,S/D,S/D,S/D,S/D,S/D,Colisión,S/D,S/D,S/D,S/D,POINT (-60.67658666 -32.9288765),"['Avenida Travesía Albert Sabin', 'Avellaneda']",2,Avenida Travesía Albert Sabin; Bulevar Nicolás Avellaneda,-32.9288765,-60.67658666,55.0,538.0,Municipio Rosario,Municipio,Rosario,820210,Servicio de Catastro e Información Territorial,IGN
2014,4699,2014-07-07,Lunes,0.0,08:30:00,,0.0,2,"Moto/Ciclomotor,Automóvil",Albert Sabin Y Av. Avellaneda B,2,1,0,0,1,0,0,,Calle,,ROSARIO,Rosario,Asfalto,S/D,II,Dentro,Urbana,S/D,S/D,Intersección,S/D,S/D,S/D,S/D,S/D,S/D,Colisión,S/D,S/D,S/D,S/D,POINT (-60.67658666 -32.9288765),"['Avenida Travesía Albert Sabin', 'Avellaneda']",2,Avenida Travesía Albert Sabin; Bulevar Nicolás Avellaneda,-32.9288765,-60.67658666,55.0,538.0,Municipio Rosario,Municipio,Rosario,820210,Servicio de Catastro e Información Territorial,IGN
2014,4701,2014-07-19,Sabado,0.0,15:30:00,,0.0,2,"Moto/Ciclomotor,Automóvil",Laplace Y Blas Parera,3,2,0,0,1,0,0,,Calle,,ROSARIO,Rosario,Asfalto,No existe,II,Dentro,Urbana,Ninguna,No existe,Intersección,Bueno,Buena,Diurna,Buen Tiempo,Lateral,S/D,Colisión,Otro,Faltante,Ninguna,Sin restricción,POINT (-60.701632399999994 -32.902270099999996),"['Laplace', 'Blas Parera']",2,Laplace; Blas Parera,-32.9022701,-60.7016324,55.0,538.0,Municipio Rosario,Municipio,Rosario,820210,Servicio de Catastro e Información Territorial,IGN
2014,4703,2014-07-02,Miercoles,0.0,12:20:00,,0.0,2,"Moto/Ciclomotor,Automóvil",Av. Alberdi Bis Y Gorriti,2,1,0,0,0,0,1,,Calle,,ROSARIO,Rosario,Asfalto,S/D,II,Dentro,Urbana,S/D,S/D,Intersección,S/D,S/D,S/D,S/D,S/D,S/D,Colisión,S/D,S/D,S/D,S/D,POINT (-60.6790462 -32.923453200000004),"['Alberdi', 'Gorriti']",2,Avenida Alberdi; Gorriti,-32.923453200000004,-60.6790462,55.0,538.0,Municipio Rosario,Municipio,Rosario,820210,Servicio de Catastro e Información Territorial,IGN
2014,4705,2014-07-04,Viernes,0.0,20:30:00,,0.0,2,"Moto/Ciclomotor,Pickup/Utilitario",Av. Genova ,2,1,0,0,1,0,0,,Calle,,ROSARIO,Rosario,Asfalto,S/D,II,Dentro,Urbana,Semáforo,Funciona,Intersección,Bueno,Buena,Nocturna,Buen Tiempo,Lateral,S/D,Colisión,S/D,S/D,Ninguna,Sin restricción,"-32.9440455, -60.6432457",['Genova'],1,Genova,-32.9440455,-60.6432457,55.0,538.0,Municipio Rosario,Municipio,Rosario,820210,Servicio de Catastro e Información Territorial,IGN
2014,4708,2014-07-25,Viernes,0.0,16:45:00,,0.0,2,"Moto/Ciclomotor,Automóvil",Catamarca Y Cafferata,2,1,0,0,1,0,0,,Calle,,ROSARIO,Rosario,Asfalto,No existe,II,S/D,Urbana,Semáforo,Funciona,Recta,Otro,Buena,Diurna,Buen Tiempo,Otro,S/D,Colisión,Otro,Horizontal,Ninguna,Sin restricción,POINT (-60.6694858 -32.9347574),"['Catamarca', 'Cafferata']",2,Catamarca; Cafferata,-32.9347574,-60.6694858,55.0,538.0,Municipio Rosario,Municipio,Rosario,820210,Servicio de Catastro e Información Territorial,IGN
2014,4711,2014-07-01,Martes,0.0,19:00:00,,0.0,2,"Moto/Ciclomotor,Pickup/Utilitario",Av. Genova Y Victor Mercante,2,1,0,0,1,0,0,,Calle,,ROSARIO,Rosario,Asfalto,S/D,II,Dentro,Urbana,Ninguna,S/D,Intersección,Bueno,Buena,Atardecer,Buen Tiempo,Lateral,S/D,Colisión,S/D,S/D,Ninguna,Sin restricción,POINT (-60.6841316 -32.9151559),"['Genova', 'Víctor Mercante']",2,Avenida Génova; Víctor Mercante,-32.9151559,-60.6841316,55.0,538.0,Municipio Rosario,Municipio,Rosario,820210,Servicio de Catastro e Información Territorial,IGN
2014,4712,2014-06-30,Lunes,0.0,15:50:00,,0.0,2,"Moto/Ciclomotor,Pickup/Utilitario",L.N.Alem Y 24 De Setiembre,2,1,0,0,1,0,0,,Calle,,ROSARIO,Rosario,Asfalto,No existe,II,Dentro,Urbana,Marca Vial,No existe,Intersección,Bueno,Buena,Diurna,Buen Tiempo,Lateral,S/D,Colisión,Ninguna,Vertical,Línea divisoria pintada,Sin restricción,POINT (-60.6367922 -32.9820138),"['Alem', '24 de Septiembre']",2,Leandro N. Alem; 24 de Septiembre,-32.9820138,-60.6367922,55.0,538.0,Municipio Rosario,Municipio,Rosario,820210,Servicio de Catastro e Información Territorial,IGN
2014,4715,2014-07-26,Sabado,0.0,16:00:00,,0.0,2,"Automóvil,Automóvil",Salta Y Santiago,3,1,0,0,2,0,0,,Calle,,ROSARIO,Rosario,Asfalto,No existe,II,S/D,Urbana,Semáforo,Funciona,Recta,Bueno,Buena,Diurna,Buen Tiempo,Otro,S/D,Colisión,Otro,Vertical,Ninguna,Sin restricción,POINT (-60.65423690000001 -32.93626109999999),"['Salta', 'Santiago']",2,Salta; Santiago,-32.93626109999999,-60.65423690000001,55.0,538.0,Municipio Rosario,Municipio,Rosario,820210,Servicio de Catastro e Información Territorial,IGN
2014,4717,2014-06-06,Viernes,0.0,09:30:00,,0.0,2,"Bicicleta,Automóvil",Entre Rios Y Mr.Ross,2,1,0,0,1,0,0,,Calle,,ROSARIO,Rosario,Asfalto,Pavimento,II,Dentro,Urbana,S/D,S/D,Intersección,Bueno,Buena,Diurna,Buen Tiempo,S/D,S/D,Atropello,S/D,S/D,S/D,S/D,POINT (-60.6514768 -32.98776199999999),"['Entre Ríos', 'Rodrigo M. Ross']",2,Entre Ríos; Rodrigo M. Ross,-32.98776199999999,-60.6514768,55.0,538.0,Municipio Rosario,Municipio,Rosario,820210,Servicio de Catastro e Información Territorial,IGN
2014,4720,2014-06-29,Domingo,0.0,20:40:00,,0.0,2,"Automóvil,Automóvil",Virasoro Y Colon,4,1,0,3,0,0,0,,Calle,,ROSARIO,Rosario,Asfalto,No existe,II,Dentro,Urbana,Marca Vial,No existe,Intersección,Bueno,Buena,"Nocturna,Con luz artificial",Buen Tiempo,Lateral,S/D,Colisión,Ninguna,Vertical,Línea divisoria pintada,Sin restricción,POINT (-60.6314383 -32.9721415),"['Virasoro', 'Colon']",2,Benjamín Virasoro; Cristóbal Colón,-32.9721415,-60.6314383,55.0,538.0,Municipio Rosario,Municipio,Rosario,820210,Servicio de Catastro e Información Territorial,IGN
2014,4724,2014-06-09,Lunes,0.0,18:05:00,,0.0,2,"Automóvil,Moto/Ciclomotor",Bv. Segui Y España,2,1,0,0,1,0,0,,Avenida,,ROSARIO,Rosario,Asfalto,S/D,II,Dentro,Urbana,Semáforo,Funciona,Intersección,Bueno,Buena,Atardecer,Buen Tiempo,Lateral,S/D,Colisión,Ninguna,Horizontal,S/D,Sin restricción,POINT (-60.65470295 -32.977582),"['Bulevar Juan Francisco Seguí', 'España']",2,Bulevar Juan Francisco Seguí; España,-32.977582,-60.65470295,55.0,538.0,Municipio Rosario,Municipio,Rosario,820210,Servicio de Catastro e Información Territorial,IGN
2014,4727,2014-07-28,Lunes,0.0,12:30:00,,0.0,2,"Bicicleta,Automóvil",Catamarca Y Iriondo,2,1,0,0,1,0,0,,Calle,,ROSARIO,Rosario,Asfalto,No existe,II,S/D,Urbana,Semáforo,Funciona,Recta,Bueno,Buena,Diurna,Buen Tiempo,S/D,S/D,Atropello,S/D,Vertical,Ninguna,S/D,POINT (-60.6681604 -32.93499529999999),"['Catamarca', 'Iriondo']",2,Catamarca; Iriondo,-32.93499529999999,-60.6681604,55.0,538.0,Municipio Rosario,Municipio,Rosario,820210,Servicio de Catastro e Información Territorial,IGN
2014,4730,2014-06-26,Jueves,0.0,19:20:00,,0.0,2,"Moto/Ciclomotor,Automóvil",Chacabuco Y Virasoro,3,2,0,0,1,0,0,,Calle,,ROSARIO,Rosario,Asfalto,No existe,II,Dentro,Urbana,Marca Vial,No existe,Intersección,Bueno,Buena,"Nocturna,Con luz artificial",Buen Tiempo,Lateral,S/D,Colisión,Ninguna,Vertical,Línea divisoria pintada,Sin restricción,POINT (-60.6287142 -32.97265610000001),"['Chacabuco', 'Virasoro']",2,Chacabuco; Benjamín Virasoro,-32.97265610000001,-60.6287142,55.0,538.0,Municipio Rosario,Municipio,Rosario,820210,Servicio de Catastro e Información Territorial,IGN
2014,4733,2014-06-24,Martes,0.0,18:15:00,,0.0,2,"Automóvil,Pickup/Utilitario",Urquiza Y Muniagurria,4,3,0,0,1,0,0,,Calle,,ROSARIO,Rosario,Asfalto,Natural,II,S/D,Urbana,Ninguna,No existe,S/D,Bueno,Buena,Atardecer,Buen Tiempo,Frontal,S/D,Colisión,Ninguna,Faltante,S/D,Sin restricción,POINT (-60.733119200000004 -32.93400269999999),"['Urquiza', 'Muniagurría']",2,Justo José de Urquiza; Muniagurría,-32.93400269999999,-60.7331192,55.0,538.0,Municipio Rosario,Municipio,Rosario,820210,Servicio de Catastro e Información Territorial,IGN
2014,4735,2014-07-17,Jueves,0.0,14:00:00,,0.0,2,"Moto/Ciclomotor,Pickup/Utilitario",Iriondo Y Urquiza,2,1,0,0,1,0,0,,Calle,,ROSARIO,Rosario,Asfalto,No existe,II,S/D,Urbana,Ninguna,No existe,Recta,Bueno,Buena,Diurna,Buen Tiempo,Otro,S/D,Colisión,Otro,Faltante,Ninguna,Sin restricción,POINT (-60.66874130000001 -32.93734760000002),"['Iriondo', 'Urquiza']",2,Iriondo; Justo José de Urquiza,-32.93734760000002,-60.66874130000001,55.0,538.0,Municipio Rosario,Municipio,Rosario,820210,Servicio de Catastro e Información Territorial,IGN
2014,4736,2014-06-12,Jueves,0.0,19:00:00,,0.0,2,"Automóvil,Moto/Ciclomotor",Av. Corrientes Y Dr.Rivas,2,1,0,0,1,0,0,,Calle,,ROSARIO,Rosario,Asfalto,S/D,II,Dentro,Urbana,S/D,S/D,Intersección,Bueno,Buena,Atardecer,Buen Tiempo,Lateral,S/D,Colisión,Ninguna,S/D,S/D,S/D,POINT (-60.6517384 -32.98292569999999),"['Corrientes', 'Doctor Francisco Riva']",2,Corrientes; Doctor Francisco Riva,-32.98292569999999,-60.6517384,55.0,538.0,Municipio Rosario,Municipio,Rosario,820210,Servicio de Catastro e Información Territorial,IGN
2014,4738,2014-06-12,Jueves,0.0,22:00:00,,0.0,2,"Moto/Ciclomotor,Automóvil",Entre Rios Y Ameghino,3,2,0,0,1,0,0,,Calle,,ROSARIO,Rosario,Asfalto,S/D,II,Dentro,Urbana,S/D,S/D,Intersección,Bueno,Buena,"Nocturna,Con luz artificial",Buen Tiempo,Lateral,S/D,Colisión,Ninguna,S/D,S/D,S/D,POINT (-60.6511862 -32.98661430000001),"['Entre Ríos', 'Ameghino']",2,Entre Ríos; Ameghino,-32.98661430000001,-60.6511862,55.0,538.0,Municipio Rosario,Municipio,Rosario,820210,Servicio de Catastro e Información Territorial,IGN
2014,4740,2014-06-26,Jueves,0.0,11:30:00,,0.0,2,"Moto/Ciclomotor,Automóvil",Ayacucho Y Anchorena,2,1,0,0,1,0,0,,Calle,,ROSARIO,Rosario,Asfalto,No existe,II,Dentro,Urbana,Ninguna,No existe,Intersección,S/D,Buena,Diurna,Buen Tiempo,Lateral,S/D,Colisión,S/D,Horizontal,Línea divisoria pintada,Sin restricción,POINT (-60.63653260000001 -32.9974085),"['Ayacucho', 'Anchorena']",2,Ayacucho; Tomás de Anchorena,-32.9974085,-60.63653260000001,55.0,538.0,Municipio Rosario,Municipio,Rosario,820210,Servicio de Catastro e Información Territorial,IGN
2014,4742,2014-06-09,Lunes,0.0,12:45:00,,0.0,2,"Automóvil,Automóvil",Pueyrredon Y Av. Uriburu,2,1,0,0,1,0,0,,Avenida,,ROSARIO,Rosario,Asfalto,Pavimento,II,Dentro,Urbana,S/D,S/D,Intersección,Bueno,Buena,Diurna,Buen Tiempo,Lateral,S/D,Colisión,Ninguna,S/D,S/D,S/D,POINT (-60.66954815 -32.991416199999996),"['Pueyrredón', 'Uriburu']",2,Pueyrredón; Avenida José Uriburu,-32.9914162,-60.66954815,55.0,538.0,Municipio Rosario,Municipio,Rosario,820210,Servicio de Catastro e Información Territorial,IGN
2014,4743,2014-06-08,Domingo,0.0,20:50:00,,0.0,2,"Moto/Ciclomotor,Automóvil",Pte.Roca Y Biedma,3,2,0,0,1,0,0,,Calle,,ROSARIO,Rosario,Asfalto,S/D,II,Dentro,Urbana,S/D,S/D,Intersección,Bueno,Buena,Nocturna,Buen Tiempo,Lateral,S/D,Colisión,Ninguna,S/D,S/D,S/D,POINT (-60.6539217 -32.9801492),"['Roca', 'Coronel Biedma']",2,Presidente Roca; Coronel Biedma,-32.9801492,-60.6539217,55.0,538.0,Municipio Rosario,Municipio,Rosario,820210,Servicio de Catastro e Información Territorial,IGN
2014,4747,2014-06-10,Martes,0.0,09:30:00,,0.0,2,"Moto/Ciclomotor,Automóvil",Ayacucho Y ,3,2,0,0,1,0,0,,Calle,,ROSARIO,Rosario,Asfalto,No existe,II,Dentro,Urbana,Ninguna,S/D,Intersección,Bueno,Buena,Diurna,Buen Tiempo,Lateral,S/D,Colisión,S/D,S/D,Ninguna,Sin restricción,"-32.9892027, -60.6367444",['Ayacucho'],1,Ayacucho,-32.9892027,-60.6367444,55.0,538.0,Municipio Rosario,Municipio,Rosario,820210,Servicio de Catastro e Información Territorial,IGN
2014,4749,2014-07-18,Viernes,0.0,10:15:00,,0.0,2,"Automóvil,Moto/Ciclomotor",Santa Fe Y Suipacha,2,1,0,0,1,0,0,,Calle,,ROSARIO,Rosario,Asfalto,No existe,II,S/D,Urbana,Semáforo,Funciona,Recta,Otro,S/D,Diurna,Buen Tiempo,Otro,S/D,Colisión,Otro,Vertical,Ninguna,Sin restricción,POINT (-60.6638496 -32.94044770000001),"['Santa Fe', 'Suipacha']",2,Santa Fe; Suipacha,-32.94044770000001,-60.6638496,55.0,538.0,Municipio Rosario,Municipio,Rosario,820210,Servicio de Catastro e Información Territorial,IGN
2014,4752,2014-06-27,Viernes,0.0,09:20:00,,0.0,2,"Moto/Ciclomotor,Pickup/Utilitario",Virasoro Y Necochea,2,1,0,0,1,0,0,,Calle,,ROSARIO,Rosario,Asfalto,No existe,II,Dentro,Urbana,Marca Vial,No existe,Intersección,Bueno,Buena,Diurna,Buen Tiempo,Lateral,S/D,Colisión,Ninguna,Vertical,Línea divisoria pintada,Sin restricción,POINT (-60.63008000000001 -32.97240299999999),"['Virasoro', 'Necochea']",2,Benjamín Virasoro; Necochea,-32.97240299999999,-60.63008000000001,55.0,538.0,Municipio Rosario,Municipio,Rosario,820210,Servicio de Catastro e Información Territorial,IGN
2014,4755,2014-07-04,Viernes,0.0,19:00:00,,0.0,2,"Automóvil,Moto/Ciclomotor",Uriarte Y Alvarez Thomas,3,1,0,0,2,0,0,,Calle,,ROSARIO,Rosario,Asfalto,No existe,II,Dentro,Urbana,Ninguna,No existe,Intersección,Bueno,Buena,Diurna,Buen Tiempo,Frontal,S/D,Colisión,Otro,Faltante,Ninguna,Sin restricción,POINT (-60.6863902 -32.89804629999999),"['Uriarte', 'Alvarez Thomas']",2,Uriarte; Alvarez Thomas,-32.89804629999999,-60.6863902,55.0,538.0,Municipio Rosario,Municipio,Rosario,820210,Servicio de Catastro e Información Territorial,IGN
2014,4758,2014-06-26,Jueves,0.0,16:20:00,,0.0,2,"Moto/Ciclomotor,Automóvil",Bv. Segui Y Buenos Aires,2,1,0,0,1,0,0,,Calle,,ROSARIO,Rosario,Asfalto,No existe,II,Dentro,Urbana,Marca Vial,No existe,Intersección,Bueno,Buena,Atardecer,Buen Tiempo,Lateral,S/D,Colisión,Ninguna,Vertical,S/D,Sin restricción,POINT (-60.640923400000005 -32.98006374999999),"['Bulevar Juan Francisco Seguí', 'Buenos Aires']",2,Bulevar Juan Francisco Seguí; Buenos Aires,-32.98006374999999,-60.640923400000005,55.0,538.0,Municipio Rosario,Municipio,Rosario,820210,Servicio de Catastro e Información Territorial,IGN
2014,4760,2014-07-04,Viernes,0.0,,,0.0,2,"Moto/Ciclomotor,Taxi/Remis",Reconquista Y Antelo Bis,3,1,0,0,2,0,0,,Calle,,ROSARIO,Rosario,Asfalto,S/D,II,S/D,Urbana,Semáforo,S/D,Intersección,Bueno,Buena,Diurna,Buen Tiempo,Lateral,S/D,Colisión,Ninguna,S/D,Cordón divisorio,Sin restricción,POINT (-60.6866014 -32.9182298),"['Reconquista', 'Antelo']",2,Reconquista; Mario Antelo,-32.9182298,-60.6866014,55.0,538.0,Municipio Rosario,Municipio,Rosario,820210,Servicio de Catastro e Información Territorial,IGN
2014,4761,2014-06-08,Domingo,0.0,14:45:00,,0.0,2,"Automóvil,Moto/Ciclomotor",Av. Uriburu Y Paraguay,3,1,0,0,2,0,0,,Avenida,,ROSARIO,Rosario,Asfalto,S/D,II,Dentro,Urbana,S/D,S/D,Intersección,Bueno,Buena,Diurna,Buen Tiempo,Lateral,S/D,Colisión,Ninguna,S/D,S/D,S/D,POINT (-60.655215850000005 -32.990962749999994),"['Uriburu', 'Paraguay']",2,Avenida José Uriburu; Paraguay,-32.990962749999994,-60.655215850000005,55.0,538.0,Municipio Rosario,Municipio,Rosario,820210,Servicio de Catastro e Información Territorial,IGN
2014,4764,2014-06-23,Lunes,0.0,20:15:00,,0.0,2,"Moto/Ciclomotor,Pickup/Utilitario",Biedma 500,2,1,0,0,1,0,0,,Calle,,ROSARIO,Rosario,Asfalto,No existe,II,Dentro,Urbana,Marca Vial,No existe,Recta,Bueno,Buena,"Nocturna,Con luz artificial",Buen Tiempo,Lateral,S/D,Colisión,Ninguna,Vertical,Línea divisoria pintada,Sin restricción,"-32.9827813, -60.6386154",['Biedma 500'],1,Biedma 500,-32.9827813,-60.6386154,55.0,538.0,Municipio Rosario,Municipio,Rosario,820210,Servicio de Catastro e Información Territorial,IGN
2014,4768,2014-06-28,Sabado,0.0,18:10:00,,0.0,2,"Moto/Ciclomotor,Automóvil",Pte.Roca Y Mr.Ross,3,2,0,0,1,0,0,,Calle,,ROSARIO,Rosario,Asfalto,S/D,II,Dentro,Urbana,Ninguna,No existe,Intersección,Bueno,Buena,Atardecer,Buen Tiempo,De alcance,S/D,Colisión,S/D,S/D,S/D,Sin restricción,POINT (-60.6556614 -32.98702569999999),"['Roca', 'Rodrigo M. Ross']",2,Presidente Roca; Rodrigo M. Ross,-32.98702569999999,-60.6556614,55.0,538.0,Municipio Rosario,Municipio,Rosario,820210,Servicio de Catastro e Información Territorial,IGN
2014,4769,2014-07-06,Domingo,0.0,20:49:00,,0.0,2,"Pickup/Utilitario,Pickup/Utilitario",Albert Sabin Y French,3,1,0,0,2,0,0,,Calle,,ROSARIO,Rosario,Asfalto,S/D,II,S/D,Urbana,Semáforo,S/D,Intersección,Bueno,Buena,Nocturna,Buen Tiempo,Lateral,S/D,Colisión,S/D,"Horizontal,Vertical",Cordón divisorio,Sin restricción,POINT (-60.68749615 -32.92103829999999),"['Avenida Travesía Albert Sabin', 'French']",2,Avenida Travesía Albert Sabin; Domingo French,-32.92103829999999,-60.68749615,55.0,538.0,Municipio Rosario,Municipio,Rosario,820210,Servicio de Catastro e Información Territorial,IGN
2014,4772,2014-06-19,Jueves,0.0,12:30:00,,0.0,2,"Automóvil,Moto/Ciclomotor",Nicaragua Y Santa Fe,2,2,0,0,0,0,0,,Calle,,ROSARIO,Rosario,Asfalto,No existe,II,S/D,Urbana,Ninguna,No existe,S/D,Bueno,Buena,Diurna,Buen Tiempo,Lateral,S/D,Colisión,Ninguna,Faltante,S/D,Sin restricción,POINT (-60.72094570000001 -32.9359363),"['Nicaragua', 'Santa Fe']",2,Nicaragua; Santa Fe,-32.9359363,-60.72094570000001,55.0,538.0,Municipio Rosario,Municipio,Rosario,820210,Servicio de Catastro e Información Territorial,IGN
2014,4773,2014-06-08,Domingo,0.0,14:10:00,,0.0,2,"Automóvil,Peatón",San Martin 4702,2,1,0,0,1,0,0,,Calle,,ROSARIO,Rosario,Asfalto,Pavimento,II,Dentro,Urbana,S/D,S/D,Recta,Bueno,Buena,Atardecer,Buen Tiempo,Lateral,S/D,Colisión,Ninguna,S/D,S/D,S/D,"-32.9764777, -60.6372639",['San Martin 4702'],1,San Martin 4702,-32.9764777,-60.6372639,55.0,538.0,Municipio Rosario,Municipio,Rosario,820210,Servicio de Catastro e Información Territorial,IGN
2014,4776,2014-07-27,Domingo,0.0,21:30:00,,0.0,2,"Moto/Ciclomotor,Automóvil",Miller Y Uriarte,2,1,0,0,1,0,0,,Calle,,ROSARIO,Rosario,Asfalto,No existe,II,Dentro,Urbana,Ninguna,No existe,Intersección,Bueno,Buena,Nocturna,Buen Tiempo,Lateral,S/D,Colisión,Otro,Faltante,Ninguna,Sin restricción,POINT (-60.706062700000004 -32.9022903),"['Miller', 'Uriarte']",2,Miller; Uriarte,-32.9022903,-60.7060627,55.0,538.0,Municipio Rosario,Municipio,Rosario,820210,Servicio de Catastro e Información Territorial,IGN