anio_acci,nro_acci,fecha,desc_dia,fecha_aprox,hora_aprox,desc_ruta,km,cant_participantes,desc_participante,calle_avenida_km,total,heridos_leves,heridos_graves,heridos_gravisimos,ilesos,fallecidos,sin_datos,posicion_XY,desc_tipo_via,desc_ruta_ori,desc_loc,desc_dpto,desc_tipo_calzada,desc_tipo_banquina,desc_unidad_regional,desc_lugar_calzada,desc_zona,desc_prioridad,desc_estado_semaforo,desc_lugar_via,desc_estado_via,desc_estado_visibilidad,desc_luminosidad,desc_estado_clima,desc_tipo_colision,desc_tipo_atropello,desc_tipo_hecho,desc_pres_calzada,desc_senializacion,desc_separacion_via,desc_restriccion,forma_geocod,calle_lista,numero_calles,calles_osm,lat,lon,index_right,gid,fna,gna,nam,in1,fdc,sag
2014,4777,2014-07-02,Miercoles,0.0,01:00:00,,0.0,2,"Moto/Ciclomotor,Peatón",Cafferata Y Santa Fe,2,1,0,0,1,0,0,,Calle,,ROSARIO,Rosario,Asfalto,No existe,II,S/D,Urbana,Semáforo,Funciona,Recta,Bueno,Buena,"Nocturna,Con luz artificial",Buen Tiempo,S/D,S/D,Atropello,S/D,Vertical,Ninguna,Sin restricción,POINT (-60.67063869999999 -32.939213),"['Cafferata', 'Santa Fe']",2,Cafferata; Santa Fe,-32.939213,-60.67063869999999,55.0,538.0,Municipio Rosario,Municipio,Rosario,820210,Servicio de Catastro e Información Territorial,IGN
2014,4782,2014-06-27,Viernes,0.0,15:30:00,,0.0,2,"Pickup/Utilitario,Automóvil",Pje. Yugoslavia Y Juan Canals,3,2,0,0,1,0,0,,Calle,,ROSARIO,Rosario,Asfalto,S/D,II,Dentro,Urbana,Ninguna,No existe,Intersección,Bueno,Buena,Diurna,Buen Tiempo,De alcance,S/D,Colisión,S/D,S/D,S/D,Sin restricción,POINT (-60.655263600000005 -32.9882894),"['Yugoslavia', 'Juan Canals']",2,Yugoslavia; Juan Canals,-32.9882894,-60.655263600000005,55.0,538.0,Municipio Rosario,Municipio,Rosario,820210,Servicio de Catastro e Información Territorial,IGN
2014,4783,2014-06-08,Domingo,0.0,21:00:00,,0.0,2,"Automóvil,Pickup/Utilitario",Bv. Segui Y Bv. Oroño,2,1,0,0,1,0,0,,Avenida,,ROSARIO,Rosario,Asfalto,S/D,II,Dentro,Urbana,S/D,Funciona,Recta,Bueno,Buena,"Nocturna,Con luz artificial",Buen Tiempo,Lateral,S/D,Colisión,S/D,Horizontal,S/D,S/D,POINT (-60.661523700000004 -32.976367025),"['Bulevar Juan Francisco Seguí', 'Bulevar Nicasio Oroño']",2,Bulevar Juan Francisco Seguí; Bulevar Nicasio Oroño,-32.976367025,-60.6615237,55.0,538.0,Municipio Rosario,Municipio,Rosario,820210,Servicio de Catastro e Información Territorial,IGN
2014,4785,2014-06-23,Lunes,0.0,13:45:00,,0.0,2,"Moto/Ciclomotor,Taxi/Remis",Bv. Segui Y Buenos Aires,2,1,0,0,1,0,0,,Calle,,ROSARIO,Rosario,Asfalto,No existe,II,Dentro,Urbana,Semáforo,Funciona,Intersección,Bueno,Buena,Diurna,Buen Tiempo,Lateral,S/D,Colisión,Ninguna,Vertical,Línea divisoria pintada,Sin restricción,POINT (-60.640923400000005 -32.98006374999999),"['Bulevar Juan Francisco Seguí', 'Buenos Aires']",2,Bulevar Juan Francisco Seguí; Buenos Aires,-32.98006374999999,-60.640923400000005,55.0,538.0,Municipio Rosario,Municipio,Rosario,820210,Servicio de Catastro e Información Territorial,IGN
2014,4789,2014-07-04,Viernes,0.0,15:20:00,,0.0,2,"Automóvil,Automóvil",Vera Mujica Y Catamarca,2,1,0,0,1,0,0,,Calle,,ROSARIO,Rosario,Asfalto,S/D,II,S/D,Urbana,Semáforo,Funciona,Recta,Bueno,Buena,Diurna,Buen Tiempo,Frontal,S/D,Colisión,S/D,Vertical,Ninguna,Sin restricción,POINT (-60.665426 -32.93545739999998),"['Vera Mujíca', 'Catamarca']",2,Vera Mujíca; Catamarca,-32.93545739999998,-60.665426,55.0,538.0,Municipio Rosario,Municipio,Rosario,820210,Servicio de Catastro e Información Territorial,IGN
2014,4791,2014-06-22,Domingo,0.0,05:00:00,,0.0,2,"Moto/Ciclomotor,Automóvil",Gaboto Y Ayacucho,2,0,0,1,1,0,0,,Calle,,ROSARIO,Rosario,Asfalto,No existe,II,Dentro,Urbana,Marca Vial,No existe,Intersección,Bueno,Buena,"Nocturna,Con luz artificial",Buen Tiempo,Lateral,S/D,Colisión,Ninguna,Vertical,Línea divisoria pintada,Sin restricción,POINT (-60.633682699999994 -32.975366199999996),"['Gaboto', 'Ayacucho']",2,Gaboto; Ayacucho,-32.9753662,-60.6336827,55.0,538.0,Municipio Rosario,Municipio,Rosario,820210,Servicio de Catastro e Información Territorial,IGN
2014,4796,2014-06-06,Viernes,0.0,15:33:00,,0.0,2,"Moto/Ciclomotor,Automóvil",Sarmiento Y Ameghino,2,1,0,0,1,0,0,,Calle,,ROSARIO,Rosario,Asfalto,S/D,II,Dentro,Urbana,S/D,No existe,Intersección,Bueno,Buena,Diurna,Buen Tiempo,Lateral,S/D,Colisión,S/D,S/D,S/D,S/D,POINT (-60.648415699999994 -32.987113400000005),"['Sarmiento', 'Ameghino']",2,Sarmiento; Ameghino,-32.987113400000005,-60.6484157,55.0,538.0,Municipio Rosario,Municipio,Rosario,820210,Servicio de Catastro e Información Territorial,IGN
2014,4797,2014-06-26,Jueves,0.0,13:10:00,,0.0,2,"Bicicleta,Automóvil",Paraguay Y Biedma,2,1,0,0,1,0,0,,Calle,,ROSARIO,Rosario,Asfalto,S/D,II,Dentro,Urbana,S/D,No existe,Intersección,Bueno,Buena,Diurna,Buen Tiempo,De alcance,S/D,Atropello,S/D,S/D,S/D,S/D,POINT (-60.6525535 -32.9804077),"['Paraguay', 'Coronel Biedma']",2,Paraguay; Coronel Biedma,-32.9804077,-60.6525535,55.0,538.0,Municipio Rosario,Municipio,Rosario,820210,Servicio de Catastro e Información Territorial,IGN
2014,4799,2014-06-06,Viernes,0.0,15:03:00,,0.0,2,"Peatón,Taxi/Remis",San Martin Y Garay,2,1,0,0,1,0,0,,Avenida,,ROSARIO,Rosario,Asfalto,S/D,II,Dentro,Urbana,Semáforo,Funciona,Intersección,Bueno,Buena,Diurna,Buen Tiempo,S/D,S/D,Atropello,Ninguna,S/D,S/D,S/D,POINT (-60.6437417 -32.97477079999999),"['San Martin', 'Garay']",2,"('José de San Martín', 'Juan de Garay')",-32.97477079999999,-60.6437417,55.0,538.0,Municipio Rosario,Municipio,Rosario,820210,Servicio de Catastro e Información Territorial,IGN
2014,4800,2014-06-14,Sabado,0.0,14:00:00,,0.0,2,"Moto/Ciclomotor,Automóvil",Dean Funes Y J.M.de Rosas,2,1,0,0,1,0,0,,Calle,,ROSARIO,Rosario,Asfalto,No existe,II,Dentro,Urbana,Marca Vial,No existe,Intersección,Bueno,Buena,Diurna,Buen Tiempo,Lateral,S/D,Colisión,Ninguna,Vertical,Línea divisoria pintada,Sin restricción,POINT (-60.6386186 -32.97688930000001),"['Deán Gregorio Funes', 'De Rosas']",2,Deán Gregorio Funes; Juan Manuel de Rosas,-32.97688930000001,-60.6386186,55.0,538.0,Municipio Rosario,Municipio,Rosario,820210,Servicio de Catastro e Información Territorial,IGN
2014,4802,2014-07-27,Domingo,0.0,18:00:00,,0.0,2,"Automóvil,Peatón",Cafferata Y Tucuman,2,1,0,0,1,0,0,,Calle,,ROSARIO,Rosario,Asfalto,S/D,II,S/D,Urbana,Semáforo,Funciona,Recta,Bueno,Buena,Diurna,Buen Tiempo,S/D,S/D,Atropello,S/D,Vertical,Ninguna,Sin restricción,POINT (-60.669785399999995 -32.9359153),"['Cafferata', 'Tucumán']",2,Cafferata; Tucumán,-32.9359153,-60.6697854,55.0,538.0,Municipio Rosario,Municipio,Rosario,820210,Servicio de Catastro e Información Territorial,IGN
2014,4803,2014-07-23,Miercoles,0.0,15:50:00,,0.0,2,"Moto/Ciclomotor,Automóvil",Av. Luis Carballo 200,2,1,0,0,1,0,0,,S/D,,ROSARIO,Rosario,S/D,S/D,II,S/D,Urbana,S/D,S/D,S/D,S/D,S/D,S/D,S/D,S/D,S/D,S/D,S/D,S/D,S/D,S/D,"-32.9221961, -60.6858644",['Luis Carballo 200'],1,Luis Carballo 200,-32.9221961,-60.6858644,55.0,538.0,Municipio Rosario,Municipio,Rosario,820210,Servicio de Catastro e Información Territorial,IGN
2014,4804,2014-06-12,Jueves,0.0,10:40:00,,0.0,2,"Moto/Ciclomotor,Automóvil",Pje. J.Blanco Y Cabildo,2,1,0,0,1,0,0,,Calle,,ROSARIO,Rosario,Asfalto,No existe,II,Dentro,Urbana,Marca Vial,No existe,Intersección,Bueno,Buena,Diurna,Buen Tiempo,Lateral,S/D,Colisión,Ninguna,Vertical,Línea divisoria pintada,Sin restricción,POINT (-60.64939510000001 -33.00737000000001),"['Blanco', 'Cabildo']",2,Juan Elena Blanco; Cabildo,-33.00737000000001,-60.64939510000001,55.0,538.0,Municipio Rosario,Municipio,Rosario,820210,Servicio de Catastro e Información Territorial,IGN
2014,4806,2014-06-03,Martes,0.0,10:00:00,,0.0,2,"Automóvil,Moto/Ciclomotor",Hilarion de la Quintana Y Entre Rios,2,1,0,0,1,0,0,,Calle,,ROSARIO,Rosario,Asfalto,S/D,II,Dentro,Urbana,Ninguna,No existe,Recta,Bueno,Buena,Diurna,Buen Tiempo,De alcance,S/D,Colisión,S/D,S/D,S/D,S/D,POINT (-60.6518524 -33.001046499999994),"['Hilarión de la Quintana', 'Entre Ríos']",2,Hilarión de la Quintana; Entre Ríos,-33.001046499999994,-60.6518524,55.0,538.0,Municipio Rosario,Municipio,Rosario,820210,Servicio de Catastro e Información Territorial,IGN
2014,4808,2014-06-13,Viernes,0.0,17:00:00,,0.0,2,"Moto/Ciclomotor,Automóvil",Ayacucho Y Pte.Quintana,2,1,0,0,1,0,0,,Calle,,ROSARIO,Rosario,Asfalto,No existe,II,Dentro,Urbana,Marca Vial,No existe,Intersección,Bueno,Buena,Diurna,Buen Tiempo,Lateral,S/D,Colisión,Ninguna,S/D,Línea divisoria pintada,Sin restricción,POINT (-60.63599090000001 -32.98455119999999),"['Ayacucho', 'Quintana']",2,"('Ayacucho', 'Presidente Quintana')",-32.98455119999999,-60.63599090000001,55.0,538.0,Municipio Rosario,Municipio,Rosario,820210,Servicio de Catastro e Información Territorial,IGN
2014,4809,2014-06-02,Lunes,0.0,11:30:00,,0.0,2,"Moto/Ciclomotor,Automóvil",Pte.Roca Y Juan Canals,3,2,0,0,1,0,0,,Calle,,ROSARIO,Rosario,Asfalto,S/D,II,Dentro,Urbana,Señal Pare,No existe,Recta,Bueno,Buena,Diurna,Buen Tiempo,Lateral,S/D,Colisión,S/D,S/D,S/D,S/D,POINT (-60.6559503 -32.9881674),"['Roca', 'Juan Canals']",2,Presidente Roca; Juan Canals,-32.9881674,-60.6559503,55.0,538.0,Municipio Rosario,Municipio,Rosario,820210,Servicio de Catastro e Información Territorial,IGN
2014,4810,2014-07-23,Miercoles,0.0,07:00:00,,0.0,2,"Bicicleta,Automóvil",Rep.Dominicana Y Gorriti,2,1,0,0,0,0,1,,Calle,,ROSARIO,Rosario,S/D,S/D,II,S/D,S/D,S/D,S/D,S/D,S/D,S/D,Diurna,S/D,S/D,S/D,Atropello,S/D,S/D,S/D,S/D,POINT (-60.6901886 -32.923736899999994),"['República Dominicana', 'Gorriti']",2,República Dominicana; Gorriti,-32.923736899999994,-60.6901886,55.0,538.0,Municipio Rosario,Municipio,Rosario,820210,Servicio de Catastro e Información Territorial,IGN
2014,4811,2014-06-02,Lunes,0.0,15:10:00,,0.0,2,"Pickup/Utilitario,Taxi/Remis",Italia Y Gaboto,2,1,0,0,1,0,0,,Calle,,ROSARIO,Rosario,Asfalto,S/D,II,Dentro,Urbana,S/D,No existe,Recta,Bueno,Buena,Diurna,Buen Tiempo,Lateral,S/D,Colisión,Ninguna,S/D,S/D,S/D,POINT (-60.65464420000001 -32.9716166),"['Italia', 'Gaboto']",2,Italia; Gaboto,-32.9716166,-60.65464420000001,55.0,538.0,Municipio Rosario,Municipio,Rosario,820210,Servicio de Catastro e Información Territorial,IGN
2014,4813,2014-07-08,Martes,0.0,11:00:00,,0.0,2,"Moto/Ciclomotor,Automóvil",Brown Y Santiago,2,1,0,0,1,0,0,,Calle,,ROSARIO,Rosario,Asfalto,No existe,II,S/D,Urbana,Señal Pare,No existe,Recta,Bueno,Buena,Diurna,Buen Tiempo,Frontal,S/D,Colisión,S/D,Vertical,Ninguna,Sin restricción,POINT (-60.653646800000004 -32.9339372),"['Brown', 'Santiago']",2,Almirante Brown; Santiago,-32.9339372,-60.6536468,55.0,538.0,Municipio Rosario,Municipio,Rosario,820210,Servicio de Catastro e Información Territorial,IGN
2014,4818,2014-07-18,Viernes,0.0,20:45:00,,0.0,2,"Peatón,Automóvil",Junin 501,2,1,0,0,1,0,0,,Calle,,ROSARIO,Rosario,S/D,S/D,II,Dentro,Urbana,S/D,S/D,S/D,S/D,S/D,Nocturna,S/D,S/D,S/D,Atropello,S/D,S/D,S/D,S/D,"-32.9276797, -60.6697789",['Junin 501'],1,Junin 501,-32.9276797,-60.6697789,55.0,538.0,Municipio Rosario,Municipio,Rosario,820210,Servicio de Catastro e Información Territorial,IGN
2014,4821,2014-07-08,Martes,0.0,13:00:00,,0.0,2,"Vehículo Oficial,Automóvil",Cafferata Y Tucuman,2,1,0,0,1,0,0,,Calle,,ROSARIO,Rosario,Asfalto,No existe,II,S/D,Urbana,Semáforo,Funciona,Recta,Bueno,Buena,Nocturna,Buen Tiempo,S/D,S/D,Colisión,S/D,Vertical,Ninguna,Sin restricción,POINT (-60.669785399999995 -32.9359153),"['Cafferata', 'Tucumán']",2,Cafferata; Tucumán,-32.9359153,-60.6697854,55.0,538.0,Municipio Rosario,Municipio,Rosario,820210,Servicio de Catastro e Información Territorial,IGN
2014,4826,2014-07-17,Jueves,0.0,17:50:00,,0.0,2,"Moto/Ciclomotor,Automóvil",Av. Luis Carballo 200,2,1,0,0,1,0,0,,Avenida,,ROSARIO,Rosario,S/D,S/D,II,Dentro,Urbana,S/D,S/D,S/D,S/D,S/D,Diurna,S/D,S/D,S/D,S/D,S/D,S/D,S/D,S/D,"-32.9221961, -60.6858644",['Luis Carballo 200'],1,Luis Carballo 200,-32.9221961,-60.6858644,55.0,538.0,Municipio Rosario,Municipio,Rosario,820210,Servicio de Catastro e Información Territorial,IGN
2014,4830,2014-06-11,Miercoles,0.0,09:10:00,,0.0,2,"Moto/Ciclomotor,Pickup/Utilitario",E.Zeballos Y 1 de Mayo,2,1,0,0,1,0,0,,Calle,,ROSARIO,Rosario,Asfalto,No existe,II,Dentro,Urbana,Marca Vial,No existe,Intersección,Bueno,Buena,Diurna,Buen Tiempo,Lateral,S/D,Colisión,Ninguna,Vertical,Línea divisoria pintada,Sin restricción,POINT (-60.63190680000001 -32.95671779999999),"['Zeballos', 'Primero de Mayo']",2,Zeballos; Primero de Mayo,-32.95671779999999,-60.63190680000001,55.0,538.0,Municipio Rosario,Municipio,Rosario,820210,Servicio de Catastro e Información Territorial,IGN
2014,4831,2014-07-10,Jueves,0.0,14:00:00,,0.0,2,"Automóvil,Moto/Ciclomotor",Urquiza Y Pueyrredon,3,0,2,0,1,0,0,,Calle,,ROSARIO,Rosario,Asfalto,No existe,II,S/D,Urbana,Ninguna,S/D,Recta,Bueno,Buena,Diurna,Buen Tiempo,Frontal,S/D,Colisión,S/D,Vertical,Ninguna,S/D,POINT (-60.6564923 -32.9395203),"['Urquiza', 'Pueyrredón']",2,Justo José de Urquiza; Pueyrredón,-32.9395203,-60.6564923,55.0,538.0,Municipio Rosario,Municipio,Rosario,820210,Servicio de Catastro e Información Territorial,IGN
2014,4832,2014-06-12,Jueves,0.0,10:30:00,,0.0,2,"Moto/Ciclomotor,Automóvil",Virasoro Y Italia,2,1,0,0,1,0,0,,Calle,,ROSARIO,Rosario,Asfalto,No existe,II,Dentro,Urbana,Marca Vial,No existe,Intersección,Bueno,Buena,Diurna,Buen Tiempo,Lateral,S/D,Colisión,Ninguna,Vertical,Línea divisoria pintada,Sin restricción,POINT (-60.65378160000001 -32.9681924),"['Virasoro', 'Italia']",2,Benjamín Virasoro; Italia,-32.9681924,-60.65378160000001,55.0,538.0,Municipio Rosario,Municipio,Rosario,820210,Servicio de Catastro e Información Territorial,IGN
2014,4833,2014-06-10,Martes,0.0,17:30:00,,0.0,2,"Moto/Ciclomotor,Automóvil",Chacabuco Y Gaboto,2,1,0,0,1,0,0,,Calle,,ROSARIO,Rosario,Asfalto,No existe,II,Dentro,Urbana,Marca Vial,No existe,Intersección,Bueno,Buena,Atardecer,Buen Tiempo,Lateral,S/D,Colisión,Ninguna,Vertical,Línea divisoria pintada,Sin restricción,POINT (-60.6295639 -32.976079299999995),"['Chacabuco', 'Gaboto']",2,Chacabuco; Gaboto,-32.976079299999995,-60.6295639,55.0,538.0,Municipio Rosario,Municipio,Rosario,820210,Servicio de Catastro e Información Territorial,IGN
2014,4835,2014-06-09,Lunes,0.0,09:00:00,,0.0,2,"Bicicleta,Automóvil",Bv. Segui Y Laprida,2,1,0,0,1,0,0,,Calle,,ROSARIO,Rosario,Asfalto,No existe,II,Dentro,Urbana,Marca Vial,No existe,Intersección,Bueno,Buena,Diurna,Buen Tiempo,S/D,S/D,Atropello,Ninguna,Vertical,"Cordón divisorio,Línea divisoria pintada",Sin restricción,POINT (-60.64243230000001 -32.97979135),"['Bulevar Juan Francisco Seguí', 'Laprida']",2,Bulevar Juan Francisco Seguí; Francisco Narciso Laprida,-32.97979135,-60.64243230000001,55.0,538.0,Municipio Rosario,Municipio,Rosario,820210,Servicio de Catastro e Información Territorial,IGN
2014,4836,2014-06-11,Miercoles,0.0,14:40:00,,0.0,2,"Moto/Ciclomotor,Automóvil",Bv. Segui Y San Martin,2,1,0,0,1,0,0,,Avenida,,ROSARIO,Rosario,Asfalto,No existe,II,Dentro,Urbana,Semáforo,Funciona,Intersección,Bueno,Buena,Diurna,Buen Tiempo,Lateral,S/D,Colisión,Ninguna,Vertical,"Cordón divisorio,Línea divisoria pintada",Sin restricción,POINT (-60.644363766666665 -32.979480866666655),"['Bulevar Juan Francisco Seguí', 'San Martin']",2,Bulevar Juan Francisco Seguí; José de San Martín,-32.979480866666655,-60.644363766666665,55.0,538.0,Municipio Rosario,Municipio,Rosario,820210,Servicio de Catastro e Información Territorial,IGN
2014,4837,2014-06-06,Viernes,0.0,14:10:00,,0.0,2,"Bicicleta,Automóvil",Ayolas Y Necochea,2,1,0,0,1,0,0,,Calle,,ROSARIO,Rosario,Asfalto,No existe,II,Dentro,Urbana,Marca Vial,No existe,Intersección,Bueno,Buena,Diurna,Buen Tiempo,S/D,S/D,Atropello,Ninguna,Vertical,Línea divisoria pintada,Sin restricción,POINT (-60.631812499999995 -32.97929800000001),"['Ayolas', 'Necochea']",2,Ayolas; Necochea,-32.97929800000001,-60.6318125,55.0,538.0,Municipio Rosario,Municipio,Rosario,820210,Servicio de Catastro e Información Territorial,IGN
2014,4839,2014-06-06,Viernes,0.0,17:55:00,,0.0,2,"Moto/Ciclomotor,Automóvil",Colon Y Rueda,2,1,0,0,1,0,0,,Calle,,ROSARIO,Rosario,Asfalto,No existe,II,Dentro,Urbana,Marca Vial,No existe,Intersección,Bueno,Buena,Atardecer,Buen Tiempo,Lateral,S/D,Colisión,Ninguna,Vertical,Línea divisoria pintada,Sin restricción,POINT (-60.63173689999999 -32.9733415),"['Colon', 'Rueda']",2,Cristóbal Colón; Rueda,-32.9733415,-60.63173689999999,55.0,538.0,Municipio Rosario,Municipio,Rosario,820210,Servicio de Catastro e Información Territorial,IGN
2014,4840,2014-06-04,Miercoles,0.0,08:00:00,,0.0,2,"Moto/Ciclomotor,Automóvil",L.N.Alem Y Pte.Quintana,2,1,0,0,1,0,0,,Calle,,ROSARIO,Rosario,Asfalto,No existe,II,Dentro,Urbana,Marca Vial,No existe,Intersección,Bueno,Buena,Diurna,Buen Tiempo,Lateral,S/D,Colisión,Ninguna,Vertical,Línea divisoria pintada,Sin restricción,POINT (-60.6373705 -32.9843019),"['Alem', 'Quintana']",2,Leandro N. Alem; Presidente Quintana,-32.9843019,-60.6373705,55.0,538.0,Municipio Rosario,Municipio,Rosario,820210,Servicio de Catastro e Información Territorial,IGN
2014,4841,2014-07-13,Domingo,0.0,10:05:00,,0.0,2,"Taxi/Remis,Automóvil",Catamarca Y Pueyrredon,3,1,0,0,2,0,0,,Calle,,ROSARIO,Rosario,Asfalto,S/D,II,S/D,Urbana,Ninguna,S/D,Recta,Bueno,Buena,Diurna,Buen Tiempo,S/D,S/D,Colisión,S/D,Faltante,Ninguna,Sin restricción,POINT (-60.6558961 -32.93715339999999),"['Catamarca', 'Pueyrredón']",2,Catamarca; Pueyrredón,-32.93715339999999,-60.6558961,55.0,538.0,Municipio Rosario,Municipio,Rosario,820210,Servicio de Catastro e Información Territorial,IGN
2014,4842,2014-06-01,Domingo,0.0,21:15:00,,0.0,2,"Moto/Ciclomotor,Automóvil",Maipu Y Pje. Casablanca,2,1,0,0,1,0,0,,Calle,,ROSARIO,Rosario,Asfalto,No existe,II,Dentro,Urbana,Marca Vial,No existe,Intersección,Bueno,Buena,"Nocturna,Con luz artificial",Buen Tiempo,Lateral,S/D,Colisión,Ninguna,Vertical,Línea divisoria pintada,Sin restricción,POINT (-60.64379459999999 -32.98020779999999),"['Maipú', 'Casablanca']",2,Maipú; Casablanca,-32.98020779999999,-60.64379459999999,55.0,538.0,Municipio Rosario,Municipio,Rosario,820210,Servicio de Catastro e Información Territorial,IGN
2014,4846,2014-06-07,Sabado,0.0,11:45:00,,0.0,2,"Automóvil,Vehículo Oficial",Grandoli Y Bv. Segui,3,1,0,0,2,0,0,,Avenida,,ROSARIO,Rosario,Asfalto,No existe,II,Dentro,Urbana,Semáforo,Funciona,Intersección,Bueno,Buena,Diurna,Buen Tiempo,Lateral,S/D,Colisión,Ninguna,Vertical,Cordón divisorio,Sin restricción,POINT (-60.62803015 -32.98236034999999),"['Avenida Abanderado Grandoli', 'Bulevar Juan Francisco Seguí']",2,Avenida Abanderado Grandoli; Bulevar Juan Francisco Seguí,-32.98236034999999,-60.62803015,55.0,538.0,Municipio Rosario,Municipio,Rosario,820210,Servicio de Catastro e Información Territorial,IGN
2014,4847,2014-08-19,Martes,0.0,17:25:00,,0.0,2,"Moto/Ciclomotor,Pickup/Utilitario",Gorriti Y Iguazu,2,1,0,0,1,0,0,,Calle,,ROSARIO,Rosario,Asfalto,S/D,II,Dentro,Urbana,S/D,S/D,Intersección,S/D,S/D,S/D,S/D,S/D,S/D,Colisión,S/D,S/D,S/D,S/D,POINT (-60.6865399 -32.9236246),"['Gorriti', 'Iguazu']",2,Gorriti; Iguazú,-32.9236246,-60.6865399,55.0,538.0,Municipio Rosario,Municipio,Rosario,820210,Servicio de Catastro e Información Territorial,IGN
2014,4849,2014-06-03,Martes,0.0,19:45:00,,0.0,4,"Automóvil,Automóvil,Automóvil,Camión",Av. Battle y Ordoñez ,7,6,0,0,1,0,0,,Calle,,ROSARIO,Rosario,Asfalto,No existe,II,Dentro,Urbana,Semáforo,Funciona,Intersección,Bueno,Buena,"Nocturna,Con luz artificial",Buen Tiempo,"De alcance,Múltiple",S/D,Colisión,Ninguna,S/D,Línea divisoria pintada,Sin restricción,"-33.009042, -60.6558939",['Avenida Battle y Ordoñez'],1,Avenida Battle y Ordoñez,-33.009042,-60.6558939,55.0,538.0,Municipio Rosario,Municipio,Rosario,820210,Servicio de Catastro e Información Territorial,IGN
2014,4850,2014-06-25,Miercoles,0.0,10:45:00,,0.0,2,"Automóvil,Moto/Ciclomotor",Dean Funes Y Pte.Roca,2,1,0,0,1,0,0,,Calle,,ROSARIO,Rosario,Asfalto,S/D,II,Dentro,Urbana,S/D,No existe,Intersección,Bueno,Buena,Diurna,Buen Tiempo,De alcance,S/D,Colisión,S/D,S/D,S/D,Sin restricción,POINT (-60.6524719 -32.974418),"['Deán Gregorio Funes', 'Roca']",2,Deán Gregorio Funes; Presidente Roca,-32.974418,-60.6524719,55.0,538.0,Municipio Rosario,Municipio,Rosario,820210,Servicio de Catastro e Información Territorial,IGN
2014,4852,2014-07-01,Martes,0.0,10:30:00,,0.0,2,"Moto/Ciclomotor,Automóvil",Bv. Rondeau Y Av. Irigoyen,2,1,0,0,1,0,0,,Calle,,ROSARIO,Rosario,Asfalto,No existe,II,Dentro,Urbana,Semáforo,Funciona,Intersección,Bueno,Buena,Diurna,Buen Tiempo,Frontal,S/D,Colisión,S/D,Vertical,Vegetación,Sin restricción,POINT (-60.695452875 -32.884458699999996),"['Rondeau', 'Avenida Hipólito Irigoyen']",2,Bulevar General José Rondeau; Avenida Hipólito Irigoyen,-32.8844587,-60.695452875,55.0,538.0,Municipio Rosario,Municipio,Rosario,820210,Servicio de Catastro e Información Territorial,IGN
2014,4853,2014-06-24,Martes,0.0,19:50:00,,0.0,2,"Automóvil,Bicicleta",24 De Setiembre Y Rodriguez,2,1,0,0,1,0,0,,Calle,,ROSARIO,Rosario,Asfalto,S/D,II,Dentro,Urbana,S/D,No existe,Intersección,Bueno,Buena,Atardecer,Buen Tiempo,De alcance,S/D,Atropello,S/D,S/D,S/D,Sin restricción,POINT (-60.667264 -32.97656549999999),"['24 de Septiembre', 'Rodríguez']",2,24 de Septiembre; Rodríguez de Escobedo,-32.97656549999999,-60.667264,55.0,538.0,Municipio Rosario,Municipio,Rosario,820210,Servicio de Catastro e Información Territorial,IGN
2014,4854,2014-06-06,Viernes,0.0,12:00:00,,0.0,2,"Automóvil,Moto/Ciclomotor",Anchorena Y Laprida,2,1,0,0,0,0,1,,Calle,,ROSARIO,Rosario,Asfalto,No existe,II,Dentro,Urbana,Ninguna,No existe,Intersección,Bueno,Buena,Diurna,Buen Tiempo,Lateral,S/D,Colisión,Agua,Faltante,Ninguna,Sin restricción,POINT (-60.647173900000006 -32.9977416),"['Anchorena', 'Laprida']",2,Tomás de Anchorena; Francisco Narciso Laprida,-32.9977416,-60.647173900000006,55.0,538.0,Municipio Rosario,Municipio,Rosario,820210,Servicio de Catastro e Información Territorial,IGN
2014,4857,2014-06-23,Lunes,0.0,11:40:00,,0.0,2,"Automóvil,Automóvil",Mitre Y Bv. Segui,2,2,0,0,0,0,0,,Calle,,ROSARIO,Rosario,Asfalto,S/D,II,Dentro,Urbana,S/D,No existe,Intersección,Bueno,Buena,Diurna,Buen Tiempo,De alcance,S/D,Colisión,S/D,S/D,S/D,S/D,POINT (-60.6477426 -32.97883275),"['Mitre', 'Bulevar Juan Francisco Seguí']",2,Bartolomé Mitre; Bulevar Juan Francisco Seguí,-32.97883275,-60.6477426,55.0,538.0,Municipio Rosario,Municipio,Rosario,820210,Servicio de Catastro e Información Territorial,IGN
2014,4858,2014-07-08,Martes,0.0,07:50:00,,0.0,2,"Automóvil,Bicicleta",Av. Sorrento Y Av. Casiano Casas,2,1,0,0,1,0,0,,Calle,,ROSARIO,Rosario,Asfalto,No existe,II,Dentro,Urbana,Semáforo,Funciona,Intersección,Bueno,Buena,Diurna,Buen Tiempo,S/D,S/D,Atropello,S/D,Vertical,Ninguna,Sin restricción,POINT (-60.695695025000006 -32.90729415),"['Sorrento', 'Avenida Casiano Casas']",2,Avenida Sorrento; Avenida Casiano Casas,-32.90729415,-60.695695025000006,55.0,538.0,Municipio Rosario,Municipio,Rosario,820210,Servicio de Catastro e Información Territorial,IGN