anio_acci,nro_acci,fecha,desc_dia,fecha_aprox,hora_aprox,desc_ruta,km,cant_participantes,desc_participante,calle_avenida_km,total,heridos_leves,heridos_graves,heridos_gravisimos,ilesos,fallecidos,sin_datos,posicion_XY,desc_tipo_via,desc_ruta_ori,desc_loc,desc_dpto,desc_tipo_calzada,desc_tipo_banquina,desc_unidad_regional,desc_lugar_calzada,desc_zona,desc_prioridad,desc_estado_semaforo,desc_lugar_via,desc_estado_via,desc_estado_visibilidad,desc_luminosidad,desc_estado_clima,desc_tipo_colision,desc_tipo_atropello,desc_tipo_hecho,desc_pres_calzada,desc_senializacion,desc_separacion_via,desc_restriccion,forma_geocod,calle_lista,numero_calles,calles_osm,lat,lon,index_right,gid,fna,gna,nam,in1,fdc,sag
2014,4862,2014-07-08,Martes,0.0,19:30:00,,0.0,2,"Bicicleta,Automóvil",Bv. Rondeau Y Av. Portugal,3,2,0,0,1,0,0,,Calle,,ROSARIO,Rosario,Asfalto,No existe,II,Dentro,Urbana,S/D,S/D,Intersección,Bueno,Buena,Diurna,Buen Tiempo,S/D,S/D,Atropello,S/D,S/D,Ninguna,Sin restricción,POINT (-60.6862287 -32.914245300000005),"['Rondeau', 'Portugal']",2,Bulevar General José Rondeau; Avenida Portugal,-32.914245300000005,-60.6862287,55.0,538.0,Municipio Rosario,Municipio,Rosario,820210,Servicio de Catastro e Información Territorial,IGN
2014,4863,2014-07-18,Viernes,0.0,09:20:00,,0.0,1,Tracción animal / Carro,Garzon 2000b,1,0,1,0,0,0,0,,Calle,,ROSARIO,Rosario,Asfalto,Pavimento,II,Dentro,Urbana,Ninguna,No existe,Recta,Otro,Buena,Diurna,Buen Tiempo,Atropello animal,S/D,Colisión,S/D,Faltante,Ninguna,Sin restricción,"-32.9299535, -60.7061263",['Garzon 2000b'],1,Garzon 2000b,-32.9299535,-60.7061263,55.0,538.0,Municipio Rosario,Municipio,Rosario,820210,Servicio de Catastro e Información Territorial,IGN
2014,4865,2014-07-24,Jueves,0.0,13:20:00,,0.0,2,"Moto/Ciclomotor,Automóvil",Alberdi Y Av. Luis Carballo,2,1,0,0,0,0,1,,Avenida,,ROSARIO,Rosario,Asfalto,S/D,II,Dentro,Urbana,S/D,S/D,Intersección,S/D,S/D,Diurna,S/D,Lateral,S/D,Colisión,S/D,S/D,S/D,S/D,POINT (-60.68009227500001 -32.922158075),"['Alberdi', 'Avenida Doctor Luis Cándido Carballo']",2,Avenida Alberdi; Avenida Doctor Luis Cándido Carballo,-32.922158075,-60.68009227500001,55.0,538.0,Municipio Rosario,Municipio,Rosario,820210,Servicio de Catastro e Información Territorial,IGN
2014,4869,2014-07-26,Sabado,0.0,10:40:00,,0.0,2,"Moto/Ciclomotor,Automóvil",Av. Genova Y De Angelis Bis,3,1,0,0,2,0,0,,Calle,,ROSARIO,Rosario,Asfalto,Pavimento,II,Dentro,Urbana,Semáforo,Funciona,Recta,Otro,Buena,Diurna,Buen Tiempo,Lateral,S/D,Colisión,S/D,Vertical,Ninguna,Sin restricción,POINT (-60.6990246 -32.915588699999994),"['Genova', 'De Ángelis']",2,Avenida Génova; De Ángelis,-32.915588699999994,-60.6990246,55.0,538.0,Municipio Rosario,Municipio,Rosario,820210,Servicio de Catastro e Información Territorial,IGN
2014,4870,2014-07-03,Jueves,0.0,15:50:00,,0.0,2,"Bicicleta,Automóvil",Darragueira Y Matheu,2,1,0,0,0,0,1,,Calle,,ROSARIO,Rosario,Asfalto,No existe,II,Dentro,Urbana,Ninguna,No existe,Intersección,Bueno,Buena,Diurna,Buen Tiempo,S/D,S/D,Atropello,S/D,Faltante,Ninguna,Sin restricción,POINT (-60.6967964 -32.8885263),"['José Darragueira', 'Matheu']",2,José Darragueira; Domingo Matheu,-32.8885263,-60.6967964,55.0,538.0,Municipio Rosario,Municipio,Rosario,820210,Servicio de Catastro e Información Territorial,IGN
2014,4871,2014-07-23,Miercoles,0.0,10:40:00,,0.0,2,"Automóvil,Automóvil",French Y Albert Sabin,3,1,0,0,2,0,0,,Avenida,,ROSARIO,Rosario,Asfalto,S/D,II,Dentro,Urbana,Ninguna,S/D,Intersección,Bueno,S/D,Diurna,Buen Tiempo,De alcance,S/D,Colisión,S/D,S/D,S/D,S/D,POINT (-60.68749615 -32.92103829999999),"['French', 'Avenida Travesía Albert Sabin']",2,Domingo French; Avenida Travesía Albert Sabin,-32.92103829999999,-60.68749615,55.0,538.0,Municipio Rosario,Municipio,Rosario,820210,Servicio de Catastro e Información Territorial,IGN
2014,4873,2014-07-07,Lunes,0.0,17:00:00,,0.0,2,"Pickup/Utilitario,Otros",Albert Sabin Y French,3,1,0,0,1,0,1,,Calle,,ROSARIO,Rosario,Asfalto,S/D,II,Dentro,Urbana,Semáforo,S/D,Intersección,Bueno,Buena,Diurna,Buen Tiempo,Lateral,S/D,Colisión,S/D,Vertical,Cordón divisorio,S/D,POINT (-60.68749615 -32.92103829999999),"['Avenida Travesía Albert Sabin', 'French']",2,Avenida Travesía Albert Sabin; Domingo French,-32.92103829999999,-60.68749615,55.0,538.0,Municipio Rosario,Municipio,Rosario,820210,Servicio de Catastro e Información Territorial,IGN
2014,4962,2014-08-11,Lunes,0.0,15:00:00,,0.0,2,"Taxi/Remis,Automóvil",Salta Y Iriondo,3,1,1,0,1,0,0,,Calle,,ROSARIO,Rosario,Asfalto,No existe,II,Dentro,Urbana,Semáforo,Funciona,Intersección,Bueno,Buena,Diurna,Buen Tiempo,De alcance,S/D,Colisión,S/D,S/D,Ninguna,Sin restricción,POINT (-60.6678744 -32.933836899999996),"['Salta', 'Iriondo']",2,Salta; Iriondo,-32.9338369,-60.6678744,55.0,538.0,Municipio Rosario,Municipio,Rosario,820210,Servicio de Catastro e Información Territorial,IGN
2014,4963,2014-06-23,Lunes,0.0,10:45:00,,0.0,2,"Camión,Moto/Ciclomotor",Pte.Roca Y Saavedra,2,1,0,0,1,0,0,,Calle,,ROSARIO,Rosario,Asfalto,S/D,II,Dentro,Urbana,S/D,No existe,Intersección,Bueno,Buena,Diurna,Buen Tiempo,De alcance,S/D,Colisión,Ninguna,S/D,S/D,S/D,POINT (-60.6530503 -32.9767046),"['Roca', 'Saavedra']",2,Presidente Roca; Saavedra,-32.9767046,-60.6530503,55.0,538.0,Municipio Rosario,Municipio,Rosario,820210,Servicio de Catastro e Información Territorial,IGN
2014,4971,2014-06-20,Viernes,0.0,18:40:00,,0.0,2,"Pickup/Utilitario,Moto/Ciclomotor",San Martin 5300,2,1,0,0,1,0,0,,Calle,,ROSARIO,Rosario,Asfalto,S/D,II,Dentro,Urbana,S/D,S/D,Intersección,Bueno,Buena,Atardecer,Buen Tiempo,De alcance,S/D,Colisión,S/D,S/D,S/D,S/D,"-32.9764777, -60.6372639",['San Martin 5300'],1,San Martin 5300,-32.9764777,-60.6372639,55.0,538.0,Municipio Rosario,Municipio,Rosario,820210,Servicio de Catastro e Información Territorial,IGN
2014,4979,2014-06-19,Jueves,0.0,20:55:00,,0.0,2,"Automóvil,Moto/Ciclomotor",Juan Canals Y Pje. Turin,2,1,0,0,1,0,0,,Calle,,ROSARIO,Rosario,Asfalto,No existe,II,Dentro,Urbana,Ninguna,No existe,Intersección,Bueno,Buena,"Nocturna,Con luz artificial",Buen Tiempo,De alcance,S/D,Colisión,Ninguna,S/D,S/D,S/D,POINT (-60.660734999999995 -32.9873163),"['Juan Canals', 'Turín']",2,Juan Canals; Pasaje Turín,-32.9873163,-60.660735,55.0,538.0,Municipio Rosario,Municipio,Rosario,820210,Servicio de Catastro e Información Territorial,IGN
2014,4988,2014-06-19,Jueves,0.0,10:00:00,,0.0,2,"Bicicleta,Automóvil",San Martin Y 24 De Setiembre,2,1,0,0,1,0,0,,Avenida,,ROSARIO,Rosario,Asfalto,No existe,II,Dentro,Urbana,S/D,No existe,Recta,Bueno,Buena,Diurna,Buen Tiempo,S/D,S/D,Atropello,Ninguna,S/D,S/D,Sin restricción,POINT (-60.64455705 -32.98058454999999),"['San Martin', '24 de Septiembre']",2,José de San Martín; 24 de Septiembre,-32.98058454999999,-60.64455705,55.0,538.0,Municipio Rosario,Municipio,Rosario,820210,Servicio de Catastro e Información Territorial,IGN
2014,4994,2014-06-18,Miercoles,0.0,17:30:00,,0.0,2,"Automóvil,Moto/Ciclomotor",Pueyrredon 3400,2,1,0,0,1,0,0,,Calle,,ROSARIO,Rosario,Asfalto,S/D,II,Dentro,Urbana,S/D,No existe,Recta,Bueno,Buena,Diurna,Buen Tiempo,De alcance,S/D,Colisión,S/D,S/D,S/D,Sin restricción,"-32.9732017, -60.6650896",['Pueyrredon 3400'],1,Pueyrredon 3400,-32.9732017,-60.6650896,55.0,538.0,Municipio Rosario,Municipio,Rosario,820210,Servicio de Catastro e Información Territorial,IGN
2014,4996,2014-06-14,Sabado,0.0,19:50:00,,0.0,2,"Automóvil,Bicicleta",Mitre Y Saavedra,2,1,0,0,1,0,0,,Calle,,ROSARIO,Rosario,Asfalto,S/D,II,Dentro,Urbana,S/D,No existe,Recta,Bueno,Buena,"Nocturna,Con luz artificial",Buen Tiempo,S/D,S/D,Atropello,Ninguna,S/D,Ninguna,S/D,POINT (-60.64743719999999 -32.977708099999994),"['Mitre', 'Saavedra']",2,Bartolomé Mitre; Saavedra,-32.977708099999994,-60.64743719999999,55.0,538.0,Municipio Rosario,Municipio,Rosario,820210,Servicio de Catastro e Información Territorial,IGN
2014,5001,2014-06-06,Viernes,0.0,16:45:00,,0.0,2,"Moto/Ciclomotor,Automóvil",Hilarion de la Quintana Y Leiva,3,2,0,0,1,0,0,,Calle,,ROSARIO,Rosario,Asfalto,No existe,II,Dentro,Urbana,Ninguna,No existe,Intersección,Bueno,Buena,Diurna,Buen Tiempo,Lateral,S/D,Colisión,S/D,S/D,Ninguna,Sin restricción,POINT (-60.6379928 -33.000607099999996),"['Hilarión de la Quintana', 'Leiva']",2,Hilarión de la Quintana; Julián de Leiva,-33.0006071,-60.6379928,55.0,538.0,Municipio Rosario,Municipio,Rosario,820210,Servicio de Catastro e Información Territorial,IGN
2014,5002,2014-08-10,Domingo,0.0,11:50:00,,0.0,2,"Automóvil,Automóvil",Urquiza Y Callao,2,1,0,0,1,0,0,,Calle,,ROSARIO,Rosario,Asfalto,No existe,II,Dentro,Urbana,Semáforo,Funciona,Intersección,Bueno,Buena,Diurna,S/D,Otro,S/D,Colisión,S/D,Vertical,Ninguna,Sin restricción,POINT (-60.65924820000001 -32.93904169999998),"['Urquiza', 'Callao']",2,Justo José de Urquiza; Callao,-32.93904169999998,-60.65924820000001,55.0,538.0,Municipio Rosario,Municipio,Rosario,820210,Servicio de Catastro e Información Territorial,IGN
2014,5007,2014-08-07,Jueves,0.0,12:20:00,,0.0,2,"Automóvil,Automóvil",Salta 3300,2,1,0,0,1,0,0,,Calle,,ROSARIO,Rosario,Asfalto,No existe,II,Dentro,Urbana,S/D,No existe,Intersección,Con baches,Buena,Diurna,Buen Tiempo,S/D,S/D,Colisión,S/D,S/D,Ninguna,Sin restricción,"-32.9339953, -60.6662594",['Salta 3300'],1,Salta 3300,-32.9339953,-60.6662594,55.0,538.0,Municipio Rosario,Municipio,Rosario,820210,Servicio de Catastro e Información Territorial,IGN
2014,5011,2014-08-07,Jueves,0.0,16:40:00,,0.0,2,"Moto/Ciclomotor,Peatón",Pueyrredon Y Santa Fe,2,1,0,0,1,0,0,,Calle,,ROSARIO,Rosario,Asfalto,No existe,II,Dentro,Urbana,Semáforo,Funciona,Intersección,Bueno,Buena,Diurna,Buen Tiempo,S/D,S/D,Atropello,S/D,Vertical,Ninguna,Sin restricción,POINT (-60.657033000000006 -32.9416413),"['Pueyrredón', 'Santa Fe']",2,Pueyrredón; Santa Fe,-32.9416413,-60.657033000000006,55.0,538.0,Municipio Rosario,Municipio,Rosario,820210,Servicio de Catastro e Información Territorial,IGN
2014,5013,2014-08-05,Martes,0.0,17:30:00,,0.0,2,"Peatón,Automóvil",Urquiza Y Pueyrredon,2,1,0,0,1,0,0,,Calle,,ROSARIO,Rosario,Asfalto,No existe,II,Dentro,Urbana,Ninguna,No existe,Intersección,Bueno,Buena,Diurna,Buen Tiempo,Otro,S/D,Colisión,S/D,Faltante,Ninguna,Sin restricción,POINT (-60.6564923 -32.9395203),"['Urquiza', 'Pueyrredón']",2,Justo José de Urquiza; Pueyrredón,-32.9395203,-60.6564923,55.0,538.0,Municipio Rosario,Municipio,Rosario,820210,Servicio de Catastro e Información Territorial,IGN
2014,5014,2014-08-03,Domingo,0.0,22:30:00,,0.0,2,"Automóvil,Moto/Ciclomotor",Washington Y Machain,2,1,0,0,1,0,0,,Calle,,ROSARIO,Rosario,Asfalto,No existe,II,Dentro,Urbana,Ninguna,No existe,Intersección,Bueno,Buena,Nocturna,Buen Tiempo,Lateral,S/D,Colisión,Otro,Faltante,Ninguna,Sin restricción,POINT (-60.69705700000001 -32.90266499999999),"['Washington', 'Machain']",2,Washington; Machain,-32.90266499999999,-60.69705700000001,55.0,538.0,Municipio Rosario,Municipio,Rosario,820210,Servicio de Catastro e Información Territorial,IGN
2014,5017,2014-08-12,Martes,0.0,07:00:00,,0.0,2,"Bicicleta,Automóvil",Washington Y Warnes,2,1,0,0,1,0,0,,Calle,,ROSARIO,Rosario,Asfalto,No existe,II,Dentro,Urbana,Ninguna,No existe,Intersección,Bueno,Buena,Diurna,Buen Tiempo,S/D,S/D,Atropello,Otro,Faltante,Ninguna,Sin restricción,POINT (-60.691807 -32.90152369999999),"['Washington', 'Warnes']",2,Washington; Ignacio Warnes,-32.90152369999999,-60.691807,55.0,538.0,Municipio Rosario,Municipio,Rosario,820210,Servicio de Catastro e Información Territorial,IGN
2014,5023,2014-08-04,Lunes,0.0,10:00:00,,0.0,2,"Automóvil,Moto/Ciclomotor",Santa Fe Y Constitucion,2,1,0,0,1,0,0,,Calle,,ROSARIO,Rosario,Asfalto,No existe,II,Dentro,Urbana,Ninguna,Funciona,Intersección,Bueno,Buena,Diurna,Buen Tiempo,Otro,S/D,Colisión,S/D,Vertical,Ninguna,Sin restricción,POINT (-60.67332640000001 -32.938728899999994),"['Santa Fe', 'Constitución']",2,Santa Fe; Constitución,-32.938728899999994,-60.67332640000001,55.0,538.0,Municipio Rosario,Municipio,Rosario,820210,Servicio de Catastro e Información Territorial,IGN
2014,5026,2014-08-04,Lunes,0.0,13:10:00,,0.0,2,"Moto/Ciclomotor,Automóvil",Av. Ovidio Lagos Y Catamarca,2,1,0,0,1,0,0,,Calle,,ROSARIO,Rosario,Asfalto,No existe,II,Dentro,Urbana,Semáforo,Funciona,Intersección,Bueno,Buena,Diurna,Buen Tiempo,S/D,S/D,Colisión,Agua,Vertical,Ninguna,Sin restricción,POINT (-60.65998750000001 -32.9364253),"['Avenida Ovidio Lagos', 'Catamarca']",2,Avenida Ovidio Lagos; Catamarca,-32.9364253,-60.65998750000001,55.0,538.0,Municipio Rosario,Municipio,Rosario,820210,Servicio de Catastro e Información Territorial,IGN
2014,5027,2014-08-02,Sabado,0.0,12:30:00,,0.0,2,"Taxi/Remis,Automóvil",Urquiza Y Santiago,2,1,0,0,1,0,0,,Calle,,ROSARIO,Rosario,Asfalto,S/D,II,Dentro,Urbana,Ninguna,S/D,Intersección,Bueno,Buena,Diurna,Buen Tiempo,De alcance,S/D,Colisión,S/D,Vertical,Ninguna,Sin restricción,POINT (-60.6551027 -32.939761499999996),"['Urquiza', 'Santiago']",2,Justo José de Urquiza; Santiago,-32.9397615,-60.6551027,55.0,538.0,Municipio Rosario,Municipio,Rosario,820210,Servicio de Catastro e Información Territorial,IGN
2014,5030,2014-08-02,Sabado,0.0,02:40:00,,0.0,2,"Automóvil,Taxi/Remis",Jujuy Y Suipacha,3,1,0,0,2,0,0,,Calle,,ROSARIO,Rosario,Asfalto,No existe,II,Dentro,Urbana,Semáforo,S/D,Intersección,Bueno,Buena,Diurna,Buen Tiempo,De alcance,S/D,Colisión,S/D,Vertical,Ninguna,Sin restricción,POINT (-60.662088700000005 -32.933598499999995),"['Jujuy', 'Suipacha']",2,Jujuy; Suipacha,-32.933598499999995,-60.662088700000005,55.0,538.0,Municipio Rosario,Municipio,Rosario,820210,Servicio de Catastro e Información Territorial,IGN
2014,5034,2014-08-01,Viernes,0.0,14:30:00,,0.0,2,"Moto/Ciclomotor,Automóvil",Herrera Y Zelaya,3,2,0,0,1,0,0,,Calle,,ROSARIO,Rosario,Asfalto,No existe,II,Dentro,Urbana,Ninguna,No existe,Intersección,Bueno,Buena,Diurna,Buen Tiempo,Lateral,S/D,Colisión,Otro,Faltante,Ninguna,Sin restricción,POINT (-60.69570139999999 -32.896250999999985),"['Herrera', 'Zelaya']",2,Franzini Herrera; Zelaya,-32.896250999999985,-60.69570139999999,55.0,538.0,Municipio Rosario,Municipio,Rosario,820210,Servicio de Catastro e Información Territorial,IGN
2014,5036,2014-08-02,Sabado,0.0,17:00:00,,0.0,2,"Automóvil,Taxi/Remis",Santa Fe Y Castellanos,2,1,0,0,1,0,0,,Calle,,ROSARIO,Rosario,Asfalto,No existe,II,Dentro,Urbana,Semáforo,Funciona,Intersección,Bueno,Buena,Diurna,Buen Tiempo,Otro,S/D,Colisión,S/D,Horizontal,Ninguna,Sin restricción,POINT (-60.6747156 -32.938478899999986),"['Santa Fe', 'Aaron Castellanos']",2,Santa Fe; Aaron Castellanos,-32.938478899999986,-60.6747156,55.0,538.0,Municipio Rosario,Municipio,Rosario,820210,Servicio de Catastro e Información Territorial,IGN
2014,5039,2014-08-06,Miercoles,0.0,12:15:00,,0.0,2,"Automóvil,Automóvil",Av. Avellaneda B Y J.J.Paso,2,1,0,0,1,0,0,,Avenida,,ROSARIO,Rosario,Asfalto,S/D,II,S/D,Urbana,Semáforo,S/D,Recta,Bueno,S/D,Diurna,Buen Tiempo,De alcance,S/D,Colisión,S/D,Vertical,Cordón divisorio,S/D,POINT (-60.674093 -32.9190602),"['Avellaneda', 'Paso']",2,Bulevar Nicolás Avellaneda; Avenida Juan José Paso,-32.9190602,-60.674093,55.0,538.0,Municipio Rosario,Municipio,Rosario,820210,Servicio de Catastro e Información Territorial,IGN
2014,5046,2014-08-11,Lunes,0.0,13:00:00,,0.0,2,"Automóvil,Taxi/Remis",R.de Escalada 100,2,1,0,0,1,0,0,,Calle,,ROSARIO,Rosario,S/D,S/D,II,Dentro,Urbana,S/D,S/D,Recta,S/D,S/D,Diurna,S/D,S/D,S/D,Colisión,S/D,S/D,S/D,S/D,"-32.8737719, -60.7344962",['R De Escalada 100'],1,R De Escalada 100,-32.8737719,-60.7344962,55.0,538.0,Municipio Rosario,Municipio,Rosario,820210,Servicio de Catastro e Información Territorial,IGN
2014,5050,2014-08-12,Martes,0.0,18:00:00,,0.0,2,"Automóvil,Moto/Ciclomotor",Av. Luis Carballo 300,2,1,0,0,1,0,0,,Avenida,,ROSARIO,Rosario,Asfalto,S/D,II,Dentro,Urbana,S/D,S/D,Intersección,Bueno,S/D,Diurna,S/D,S/D,S/D,Colisión,S/D,S/D,S/D,S/D,"-32.9221961, -60.6858644",['Luis Carballo 300'],1,Luis Carballo 300,-32.9221961,-60.6858644,55.0,538.0,Municipio Rosario,Municipio,Rosario,820210,Servicio de Catastro e Información Territorial,IGN
2014,5055,2014-08-02,Sabado,0.0,22:40:00,,0.0,2,"Moto/Ciclomotor,Automóvil",J.J.Paso Y Dr.Victor Cue Bis,2,1,0,0,0,0,1,,Calle,,ROSARIO,Rosario,Asfalto,Pavimento,II,Dentro,Urbana,S/D,No existe,Intersección,Bueno,Buena,"Nocturna,Con luz artificial",Buen Tiempo,Lateral,S/D,Colisión,S/D,Faltante,S/D,Sin restricción,POINT (-60.69705220000001 -32.91976859999999),"['Paso', 'Victor Cue']",2,Avenida Juan José Paso; Victor Cue,-32.91976859999999,-60.69705220000001,55.0,538.0,Municipio Rosario,Municipio,Rosario,820210,Servicio de Catastro e Información Territorial,IGN
2014,5056,2014-05-26,Lunes,0.0,19:00:00,,0.0,1,Transporte de Pasajeros Urbano (> 8 asientos),Casilda Y Iguazu,1,1,0,0,0,0,0,,Calle,,ROSARIO,Rosario,S/D,S/D,II,Dentro,Urbana,S/D,S/D,Intersección,S/D,S/D,Atardecer,S/D,S/D,S/D,Colisión,S/D,S/D,S/D,S/D,POINT (-60.6857448 -32.92838129999999),"['Casilda', 'Iguazu']",2,Casilda; Iguazú,-32.92838129999999,-60.6857448,55.0,538.0,Municipio Rosario,Municipio,Rosario,820210,Servicio de Catastro e Información Territorial,IGN
2014,5060,2014-08-09,Sabado,0.0,04:25:00,,0.0,2,"Automóvil,Taxi/Remis",Junin Y Alberdi,2,1,0,0,1,0,0,,Calle,,ROSARIO,Rosario,S/D,S/D,II,Dentro,Urbana,S/D,Funciona,Intersección,S/D,S/D,Nocturna,S/D,S/D,S/D,Colisión,S/D,S/D,S/D,S/D,POINT (-60.67651425 -32.92661249999999),"['Junín', 'Alberdi']",2,Junín; Avenida Alberdi,-32.92661249999999,-60.67651425,55.0,538.0,Municipio Rosario,Municipio,Rosario,820210,Servicio de Catastro e Información Territorial,IGN
2014,5061,2014-08-04,Lunes,0.0,19:30:00,,0.0,2,"Automóvil,Moto/Ciclomotor",J.B.Justo Y Bolivia,2,1,0,0,0,0,1,,Calle,,ROSARIO,Rosario,Asfalto,Pavimento,II,Dentro,Urbana,S/D,No existe,Recta,Bueno,Buena,Atardecer,Buen Tiempo,Lateral,S/D,Colisión,S/D,S/D,Ninguna,Sin restricción,POINT (-60.71417160000001 -32.93347289999999),"['Justo', 'Bolivia']",2,"('Justo José de Urquiza', 'Bolivia')",-32.93347289999999,-60.71417160000001,55.0,538.0,Municipio Rosario,Municipio,Rosario,820210,Servicio de Catastro e Información Territorial,IGN
2014,5069,2014-06-27,Viernes,0.0,,,0.0,2,"Automóvil,Moto/Ciclomotor",Bv. Oroño Y Av. Dante Alighieri,2,1,0,0,1,0,0,,Avenida,,ROSARIO,Rosario,Asfalto,S/D,II,Dentro,Urbana,S/D,S/D,Intersección,Bueno,S/D,S/D,Buen Tiempo,Frontal,S/D,Colisión,S/D,S/D,S/D,S/D,POINT (-60.6579301 -32.961999649999996),"['Bulevar Nicasio Oroño', 'Dante Alighieri']",2,"('Ciclovía Bulevar Nicasio Oroño', 'Avenida Dante Alighieri')",-32.96199965,-60.6579301,55.0,538.0,Municipio Rosario,Municipio,Rosario,820210,Servicio de Catastro e Información Territorial,IGN
2014,5073,2014-06-04,Miercoles,0.0,,,0.0,2,"Automóvil,Vehículo Oficial",Pte.Roca Y Viamonte,2,1,0,0,1,0,0,,Calle,,ROSARIO,Rosario,Asfalto,S/D,II,Dentro,Urbana,S/D,S/D,Intersección,Bueno,S/D,Nocturna,Buen Tiempo,Frontal,S/D,Colisión,S/D,S/D,S/D,S/D,POINT (-60.6498661 -32.96411629999999),"['Roca', 'Viamonte']",2,Presidente Roca; Viamonte,-32.96411629999999,-60.6498661,55.0,538.0,Municipio Rosario,Municipio,Rosario,820210,Servicio de Catastro e Información Territorial,IGN
2014,5078,2014-08-11,Lunes,0.0,16:30:00,,0.0,2,"Automóvil,Tracción animal / Carro",Jose Ingenieros Y Cullen,5,1,0,0,4,0,0,,Calle,,ROSARIO,Rosario,Asfalto,Pavimento,II,Dentro,Urbana,Ninguna,No existe,Recta,Bueno,Buena,Atardecer,Buen Tiempo,Atropello animal,S/D,Colisión,Otro,Faltante,Ninguna,Sin restricción,POINT (-60.7098102 -32.91700209999999),"['José Ingenieros', 'Cullen']",2,José Ingenieros; Cullen,-32.91700209999999,-60.7098102,55.0,538.0,Municipio Rosario,Municipio,Rosario,820210,Servicio de Catastro e Información Territorial,IGN
2014,5101,2014-08-08,Viernes,0.0,14:00:00,,0.0,3,"Moto/Ciclomotor,Automóvil,Camión",J.J.Paso Y Mejico,4,2,0,0,0,0,2,,Calle,,ROSARIO,Rosario,Asfalto,S/D,II,Dentro,Urbana,S/D,No existe,Recta,Bueno,Buena,Diurna,Buen Tiempo,Múltiple,S/D,Colisión,S/D,Faltante,Ninguna,Sin restricción,POINT (-60.7193214 -32.920441249999996),"['Paso', 'Mejico']",2,Avenida Juan José Paso; Méjico,-32.92044125,-60.7193214,55.0,538.0,Municipio Rosario,Municipio,Rosario,820210,Servicio de Catastro e Información Territorial,IGN
2014,5103,2014-07-26,Sabado,0.0,16:30:00,,0.0,2,"Moto/Ciclomotor,Pickup/Utilitario",Av. Provincias Unidas Y La Paz,2,1,0,0,1,0,0,,Avenida,,ROSARIO,Rosario,Asfalto,No existe,II,Dentro,Urbana,Ninguna,No existe,Intersección,Bueno,Buena,Diurna,Buen Tiempo,Lateral,S/D,Colisión,Ninguna,Horizontal,Ninguna,Sin restricción,POINT (-60.7119598 -32.95573699999999),"['Avenida Provincias Unidas', 'La Paz']",2,Avenida Provincias Unidas; La Paz,-32.95573699999999,-60.7119598,55.0,538.0,Municipio Rosario,Municipio,Rosario,820210,Servicio de Catastro e Información Territorial,IGN
2014,5105,2014-08-07,Jueves,0.0,,,0.0,2,"Peatón,Automóvil",J.J.Paso Y Dr.Victor Cue Bis,2,0,0,0,0,0,2,,S/D,,ROSARIO,Rosario,Asfalto,No existe,II,S/D,S/D,Ninguna,No existe,Intersección,Bueno,Buena,Diurna,Buen Tiempo,S/D,S/D,Atropello,S/D,Faltante,S/D,Sin restricción,POINT (-60.69705220000001 -32.91976859999999),"['Paso', 'Victor Cue']",2,Avenida Juan José Paso; Victor Cue,-32.91976859999999,-60.69705220000001,55.0,538.0,Municipio Rosario,Municipio,Rosario,820210,Servicio de Catastro e Información Territorial,IGN
2014,5107,2014-06-04,Miercoles,0.0,,,0.0,2,"Automóvil,Automóvil",Ocampo Y Av. Corrientes,3,1,0,0,2,0,0,,Calle,,ROSARIO,Rosario,Asfalto,S/D,II,Dentro,Urbana,S/D,S/D,Recta,Bueno,Buena,S/D,Buen Tiempo,Frontal,S/D,Colisión,S/D,S/D,Ninguna,S/D,POINT (-60.647380000000005 -32.96571769999999),"['Ocampo', 'Corrientes']",2,Ocampo; Corrientes,-32.96571769999999,-60.647380000000005,55.0,538.0,Municipio Rosario,Municipio,Rosario,820210,Servicio de Catastro e Información Territorial,IGN
2014,5109,2014-07-18,Viernes,0.0,17:00:00,,0.0,2,"Peatón,Automóvil",Pje. Raffo Y Lamadrid,2,1,0,0,1,0,0,,Calle,,ROSARIO,Rosario,Asfalto,S/D,II,Dentro,Urbana,Ninguna,No existe,Intersección,Bueno,Buena,Atardecer,Buen Tiempo,S/D,S/D,Atropello,Ninguna,S/D,S/D,Sin restricción,POINT (-60.64951330000001 -32.9971088),"['Raffo', 'Lamadrid']",2,Raffo; Gregorio Aráoz de Lamadrid,-32.9971088,-60.64951330000001,55.0,538.0,Municipio Rosario,Municipio,Rosario,820210,Servicio de Catastro e Información Territorial,IGN
2014,5110,2014-07-29,Martes,0.0,09:00:00,,0.0,2,"Pickup/Utilitario,Automóvil",Av. Uriburu Y Av. Circunvalacion,2,2,0,0,0,0,0,,Avenida,,ROSARIO,Rosario,Hormigón,Pavimento,II,Dentro,Urbana,Marca Vial,No existe,Intersección,Resbaladiza,Reducida,Diurna,Niebla,Lateral,S/D,Colisión,S/D,S/D,S/D,Sin restricción,POINT (-60.661478219834294 -32.991061565588964),"['Uriburu', 'Circunvalacion']",2,Avenida José Uriburu; Avenida de Circunvalación 25 de Mayo,-32.991061565588964,-60.66147821983429,55.0,538.0,Municipio Rosario,Municipio,Rosario,820210,Servicio de Catastro e Información Territorial,IGN