anio_acci,nro_acci,fecha,desc_dia,fecha_aprox,hora_aprox,desc_ruta,km,cant_participantes,desc_participante,calle_avenida_km,total,heridos_leves,heridos_graves,heridos_gravisimos,ilesos,fallecidos,sin_datos,posicion_XY,desc_tipo_via,desc_ruta_ori,desc_loc,desc_dpto,desc_tipo_calzada,desc_tipo_banquina,desc_unidad_regional,desc_lugar_calzada,desc_zona,desc_prioridad,desc_estado_semaforo,desc_lugar_via,desc_estado_via,desc_estado_visibilidad,desc_luminosidad,desc_estado_clima,desc_tipo_colision,desc_tipo_atropello,desc_tipo_hecho,desc_pres_calzada,desc_senializacion,desc_separacion_via,desc_restriccion,forma_geocod,calle_lista,numero_calles,calles_osm,lat,lon,index_right,gid,fna,gna,nam,in1,fdc,sag
2014,5178,2014-07-04,Viernes,0.0,09:30:00,,0.0,2,"Camión,Moto/Ciclomotor",Av. Uriburu Y Santiago,3,2,0,0,1,0,0,,Avenida,,ROSARIO,Rosario,Asfalto,S/D,II,Dentro,Urbana,Ninguna,No existe,Intersección,Bueno,Buena,Diurna,Buen Tiempo,De alcance,S/D,Colisión,S/D,S/D,S/D,Sin restricción,POINT (-60.66820034999999 -32.991376699999996),"['Uriburu', 'Santiago']",2,Avenida José Uriburu; Santiago,-32.9913767,-60.66820034999999,55.0,538.0,Municipio Rosario,Municipio,Rosario,820210,Servicio de Catastro e Información Territorial,IGN
2014,5179,2014-07-27,Domingo,0.0,12:30:00,,0.0,2,"Automóvil,Moto/Ciclomotor",Mariano Moreno Y Gaboto,3,1,0,0,2,0,0,,Calle,,ROSARIO,Rosario,Asfalto,No existe,II,Dentro,Urbana,Ninguna,No existe,Intersección,Bueno,Buena,Diurna,Buen Tiempo,De alcance,S/D,Colisión,Ninguna,Faltante,Ninguna,Sin restricción,POINT (-60.6573562 -32.97113540000001),"['Mariano Moreno', 'Gaboto']",2,Mariano Moreno; Gaboto,-32.97113540000001,-60.6573562,55.0,538.0,Municipio Rosario,Municipio,Rosario,820210,Servicio de Catastro e Información Territorial,IGN
2014,5181,2014-07-09,Miercoles,0.0,21:00:00,,0.0,3,"Automóvil,Automóvil,Camión",Av. Del Huerto 1000,3,1,0,0,0,0,2,,Calle,,ROSARIO,Rosario,Asfalto,S/D,II,Dentro,Urbana,Ninguna,S/D,Recta,Bueno,Buena,Nocturna,Buen Tiempo,Múltiple,S/D,Colisión,S/D,S/D,S/D,Sin restricción,"-32.9404529, -60.635879",['Del Huerto 1000'],1,Del Huerto 1000,-32.9404529,-60.635879,55.0,538.0,Municipio Rosario,Municipio,Rosario,820210,Servicio de Catastro e Información Territorial,IGN
2014,5183,2014-07-09,Miercoles,0.0,18:15:00,,0.0,2,"Automóvil,Moto/Ciclomotor",La Paz Y Ecuador,4,3,0,0,1,0,0,,Calle,,ROSARIO,Rosario,Asfalto,No existe,II,Dentro,Urbana,Marca Vial,No existe,Intersección,Bueno,Buena,Diurna,Buen Tiempo,Lateral,S/D,Colisión,Otro,Faltante,Cordón divisorio,Sin restricción,POINT (-60.7143395 -32.9558027),"['La Paz', 'Ecuador']",2,La Paz; Ecuador,-32.9558027,-60.7143395,55.0,538.0,Municipio Rosario,Municipio,Rosario,820210,Servicio de Catastro e Información Territorial,IGN
2014,5184,2014-07-04,Viernes,0.0,00:00:00,,0.0,2,"Moto/Ciclomotor,Automóvil",Necochea Y Amenabar,2,1,0,0,1,0,0,,Calle,,ROSARIO,Rosario,Asfalto,No existe,II,Dentro,Urbana,Marca Vial,No existe,Intersección,Bueno,Buena,"Nocturna,Con luz artificial",Buen Tiempo,Lateral,S/D,Colisión,Ninguna,Faltante,Línea divisoria pintada,Sin restricción,POINT (-60.6306647 -32.9747282),"['Necochea', 'Amenabar']",2,Necochea; José de Amenábar,-32.9747282,-60.6306647,55.0,538.0,Municipio Rosario,Municipio,Rosario,820210,Servicio de Catastro e Información Territorial,IGN
2014,5185,2014-07-28,Lunes,0.0,09:10:00,,0.0,2,"Camión,Moto/Ciclomotor",Gutenberg Y Av. Pellegrini,2,1,0,0,1,0,0,,Avenida,,ROSARIO,Rosario,Asfalto,No existe,II,S/D,Urbana,S/D,S/D,Intersección,Bueno,Buena,Diurna,Buen Tiempo,Lateral,S/D,Colisión,Ninguna,Horizontal,S/D,Sin restricción,POINT (-60.690030349999994 -32.94847924999999),"['Gutenberg', 'Pellegrini']",2,Gutenberg; Avenida Carlos Pellegrini,-32.94847924999999,-60.69003035,55.0,538.0,Municipio Rosario,Municipio,Rosario,820210,Servicio de Catastro e Información Territorial,IGN
2014,5187,2014-07-07,Lunes,0.0,18:00:00,,0.0,2,"Moto/Ciclomotor,Automóvil",Paraguay Y Madre Cabrini,2,0,1,0,1,0,0,,Calle,,ROSARIO,Rosario,Asfalto,No existe,II,Dentro,Urbana,Ninguna,No existe,Intersección,Deteriorada,Buena,Atardecer,Otro,Otro,S/D,Colisión,Ninguna,Horizontal,Cordón divisorio,Sin restricción,POINT (-60.6546161 -33.005179899999995),"['Paraguay', 'Madre Cabrini']",2,Paraguay; Madre Cabrini,-33.005179899999995,-60.6546161,55.0,538.0,Municipio Rosario,Municipio,Rosario,820210,Servicio de Catastro e Información Territorial,IGN
2014,5188,2014-07-06,Domingo,0.0,10:25:00,,0.0,2,"Moto/Ciclomotor,Automóvil",Av. Corrientes Y Biedma,3,2,0,0,1,0,0,,Calle,,ROSARIO,Rosario,Asfalto,S/D,II,Dentro,Urbana,Ninguna,No existe,Intersección,Bueno,Buena,Diurna,Buen Tiempo,De alcance,S/D,Colisión,S/D,S/D,S/D,Sin restricción,POINT (-60.6511938 -32.9806414),"['Corrientes', 'Coronel Biedma']",2,Corrientes; Coronel Biedma,-32.9806414,-60.6511938,55.0,538.0,Municipio Rosario,Municipio,Rosario,820210,Servicio de Catastro e Información Territorial,IGN
2014,5190,2014-07-20,Domingo,0.0,15:45:00,,0.0,2,"Automóvil,Automóvil",Paraguay Y 3 De Febrero,4,1,0,0,3,0,0,,Calle,,ROSARIO,Rosario,Asfalto,S/D,II,Dentro,Urbana,Ninguna,No existe,Intersección,Bueno,Buena,Diurna,Buen Tiempo,Lateral,S/D,Colisión,S/D,Faltante,Cordón divisorio,Sin restricción,POINT (-60.6453207 -32.95177),"['Paraguay', '3 de Febrero']",2,Paraguay; 3 de Febrero,-32.95177,-60.6453207,55.0,538.0,Municipio Rosario,Municipio,Rosario,820210,Servicio de Catastro e Información Territorial,IGN
2014,5192,2014-07-13,Domingo,0.0,00:45:00,,0.0,2,"Bicicleta,Automóvil",Av. Provincias Unidas Y Derqui,2,1,0,0,1,0,0,,Avenida,,ROSARIO,Rosario,Asfalto,No existe,II,Dentro,Urbana,Semáforo,Funciona,Intersección,Bueno,Buena,"Nocturna,Con luz artificial",Buen Tiempo,S/D,S/D,Atropello,S/D,Horizontal,Cordón divisorio,Sin restricción,POINT (-60.71271935 -32.93803875),"['Avenida Provincias Unidas', 'Derqui']",2,Avenida Provincias Unidas; Derqui,-32.93803875,-60.71271935,55.0,538.0,Municipio Rosario,Municipio,Rosario,820210,Servicio de Catastro e Información Territorial,IGN
2014,5193,2014-07-24,Jueves,0.0,21:30:00,,0.0,2,"Automóvil,Moto/Ciclomotor",9 De Julio Y Bv. Avellaneda,2,1,0,0,1,0,0,,Calle,,ROSARIO,Rosario,Asfalto,No existe,II,S/D,Urbana,S/D,S/D,Intersección,Bueno,Buena,Nocturna,Buen Tiempo,Lateral,S/D,Colisión,Ninguna,S/D,S/D,Sin restricción,POINT (-60.680971 -32.946485599999995),"['9 de Julio', 'Avellaneda']",2,9 de Julio; Bulevar Nicolás Avellaneda,-32.946485599999995,-60.680971,55.0,538.0,Municipio Rosario,Municipio,Rosario,820210,Servicio de Catastro e Información Territorial,IGN
2014,5194,2014-07-08,Martes,0.0,15:55:00,,0.0,2,"Automóvil,Moto/Ciclomotor",Av. Pellegrini 1000,2,1,0,0,1,0,0,,Calle,,ROSARIO,Rosario,Asfalto,S/D,II,Dentro,Urbana,Ninguna,No existe,Recta,Bueno,Buena,Diurna,Buen Tiempo,Frontal,S/D,Colisión,S/D,Faltante,Cordón divisorio,Sin restricción,"-32.9574672, -60.6393083",['Pellegrini 1000'],1,Pellegrini 1000,-32.9574672,-60.6393083,55.0,538.0,Municipio Rosario,Municipio,Rosario,820210,Servicio de Catastro e Información Territorial,IGN
2014,5196,2014-07-07,Lunes,0.0,09:25:00,,0.0,2,"Automóvil,Moto/Ciclomotor",Av. Corrientes 3800,2,1,0,0,1,0,0,,Avenida,,ROSARIO,Rosario,Asfalto,S/D,II,Dentro,Urbana,Ninguna,No existe,Intersección,Bueno,Buena,Diurna,Buen Tiempo,De alcance,S/D,Colisión,S/D,Faltante,S/D,Sin restricción,"-32.9807626, -60.651324",['Corrientes 3800'],1,Corrientes 3800,-32.9807626,-60.651324,55.0,538.0,Municipio Rosario,Municipio,Rosario,820210,Servicio de Catastro e Información Territorial,IGN
2014,5198,2014-07-17,Jueves,0.0,14:30:00,,0.0,2,"Peatón,Taxi/Remis",Cordoba Y Sarmiento,2,1,0,0,1,0,0,,Calle,,ROSARIO,Rosario,Asfalto,S/D,II,Dentro,Urbana,Paso Peatonal,No existe,Intersección,Bueno,Buena,Diurna,Buen Tiempo,S/D,S/D,Atropello,S/D,Horizontal,Cordón divisorio,S/D,POINT (-60.63819269999999 -32.9464518),"['Córdoba', 'Sarmiento']",2,Córdoba; Sarmiento,-32.9464518,-60.63819269999999,55.0,538.0,Municipio Rosario,Municipio,Rosario,820210,Servicio de Catastro e Información Territorial,IGN
2014,5199,2014-07-07,Lunes,0.0,13:00:00,,0.0,2,"Automóvil,Moto/Ciclomotor",Rioja Y Pte.Roca,2,1,0,0,1,0,0,,Calle,,ROSARIO,Rosario,Asfalto,S/D,II,Dentro,Urbana,Ninguna,No existe,Intersección,Bueno,Buena,Diurna,Buen Tiempo,Lateral,S/D,Colisión,S/D,Faltante,Cordón divisorio,Sin restricción,POINT (-60.6453839 -32.94636289999999),"['Rioja', 'Roca']",2,Rioja; Presidente Roca,-32.94636289999999,-60.6453839,55.0,538.0,Municipio Rosario,Municipio,Rosario,820210,Servicio de Catastro e Información Territorial,IGN
2014,5200,2014-07-05,Sabado,0.0,09:00:00,,0.0,2,"Moto/Ciclomotor,Pickup/Utilitario",Saavedra Y Laprida,2,1,0,0,1,0,0,,Calle,,ROSARIO,Rosario,Asfalto,No existe,II,Dentro,Urbana,Marca Vial,No existe,Intersección,Bueno,Buena,Diurna,Buen Tiempo,Lateral,S/D,Colisión,Ninguna,Vertical,Línea divisoria pintada,Sin restricción,POINT (-60.6421496 -32.978662299999996),"['Saavedra', 'Laprida']",2,Saavedra; Francisco Narciso Laprida,-32.9786623,-60.6421496,55.0,538.0,Municipio Rosario,Municipio,Rosario,820210,Servicio de Catastro e Información Territorial,IGN
2014,5202,2014-07-23,Miercoles,0.0,07:30:00,,0.0,2,"Automóvil,Automóvil",Av. Eva Peron Y Parana,3,1,0,0,2,0,0,,Avenida,,ROSARIO,Rosario,Asfalto,No existe,II,S/D,Urbana,S/D,Funciona,Intersección,Bueno,Buena,Diurna,Buen Tiempo,De alcance,S/D,Colisión,Ninguna,Horizontal,S/D,Sin restricción,POINT (-60.691371399999994 -32.936901000000006),"['Avenida Eva Perón', 'Paraná']",2,Avenida Eva Perón; Paraná,-32.936901000000006,-60.6913714,55.0,538.0,Municipio Rosario,Municipio,Rosario,820210,Servicio de Catastro e Información Territorial,IGN
2014,5203,2014-07-05,Sabado,0.0,20:30:00,,0.0,2,"Moto/Ciclomotor,Moto/Ciclomotor",Dorrego 1300,2,1,0,0,1,0,0,,Calle,,ROSARIO,Rosario,Asfalto,S/D,II,Dentro,Urbana,Ninguna,No existe,Recta,Bueno,Reducida,"Nocturna,Con luz artificial",Buen Tiempo,Frontal,S/D,Colisión,S/D,Faltante,Cordón divisorio,Sin restricción,"-32.9507142, -60.6508229",['Dorrego 1300'],1,Dorrego 1300,-32.9507142,-60.6508229,55.0,538.0,Municipio Rosario,Municipio,Rosario,820210,Servicio de Catastro e Información Territorial,IGN
2014,5205,2014-07-30,Miercoles,0.0,12:00:00,,0.0,2,"Peatón,Pickup/Utilitario",Mitre Y San Juan,2,1,0,0,1,0,0,,Calle,,ROSARIO,Rosario,Asfalto,S/D,II,Dentro,Urbana,Ninguna,No existe,Recta,Bueno,Buena,Diurna,Buen Tiempo,S/D,S/D,Atropello,S/D,Faltante,Cordón divisorio,Sin restricción,POINT (-60.64049610000001 -32.9499007),"['Mitre', 'San Juan']",2,Bartolomé Mitre; San Juan,-32.9499007,-60.64049610000001,55.0,538.0,Municipio Rosario,Municipio,Rosario,820210,Servicio de Catastro e Información Territorial,IGN
2014,5208,2014-07-07,Lunes,0.0,10:00:00,,0.0,2,"Moto/Ciclomotor,Automóvil",3 De Febrero 2300,3,2,0,0,1,0,0,,Calle,,ROSARIO,Rosario,Asfalto,S/D,II,Dentro,Urbana,Ninguna,No existe,Recta,Bueno,Buena,Diurna,Buen Tiempo,Frontal,S/D,Colisión,S/D,Faltante,Cordón divisorio,Sin restricción,"-32.9498254, -60.6561098",['3 De Febrero 2300'],1,3 De Febrero 2300,-32.9498254,-60.6561098,55.0,538.0,Municipio Rosario,Municipio,Rosario,820210,Servicio de Catastro e Información Territorial,IGN
2014,5210,2014-07-24,Jueves,0.0,21:00:00,,0.0,2,"Pickup/Utilitario,Taxi/Remis",Pte.Roca Y San Luis,2,1,0,0,1,0,0,,Calle,,ROSARIO,Rosario,Asfalto,S/D,II,Dentro,Urbana,Ninguna,S/D,Intersección,Bueno,Buena,"Nocturna,Con luz artificial",Buen Tiempo,Lateral,S/D,Colisión,S/D,Faltante,Cordón divisorio,Sin restricción,POINT (-60.6457427 -32.9477862),"['Roca', 'San Luis']",2,Presidente Roca; San Luis,-32.9477862,-60.6457427,55.0,538.0,Municipio Rosario,Municipio,Rosario,820210,Servicio de Catastro e Información Territorial,IGN
2014,5211,2014-06-21,Sabado,0.0,,,0.0,2,"Automóvil,Automóvil",Balcarce Y Bv. 27 De Febrero,3,2,0,0,1,0,0,,Avenida,,ROSARIO,Rosario,Asfalto,S/D,II,S/D,Urbana,S/D,S/D,Recta,Bueno,Buena,Diurna,Buen Tiempo,Frontal,S/D,Colisión,S/D,S/D,S/D,S/D,POINT (-60.6572501 -32.9651418),"['Balcarce', '27 de Febrero']",2,Balcarce; Bulevar 27 de Febrero,-32.9651418,-60.6572501,55.0,538.0,Municipio Rosario,Municipio,Rosario,820210,Servicio de Catastro e Información Territorial,IGN
2014,5212,2014-07-24,Jueves,0.0,11:15:00,,0.0,2,"Peatón,Automóvil",Italia 700,2,1,0,0,0,0,1,,Calle,,ROSARIO,Rosario,Asfalto,S/D,II,Dentro,Urbana,Ninguna,No existe,Recta,Bueno,Buena,Diurna,Buen Tiempo,S/D,S/D,Atropello,S/D,Faltante,Cordón divisorio,Sin restricción,"-32.9432419, -60.6475476",['Italia 700'],1,Italia 700,-32.9432419,-60.6475476,55.0,538.0,Municipio Rosario,Municipio,Rosario,820210,Servicio de Catastro e Información Territorial,IGN
2014,5213,2014-07-18,Viernes,0.0,12:00:00,,0.0,2,"Moto/Ciclomotor,Camión",Av. Ovidio Lagos Y 24 De Setiembre,3,1,0,1,1,0,0,,Avenida,,ROSARIO,Rosario,Asfalto,No existe,II,S/D,Urbana,Semáforo,Funciona,Intersección,Bueno,Buena,Diurna,Buen Tiempo,S/D,S/D,Colisión,Ninguna,Faltante,Cordón divisorio,Sin restricción,POINT (-60.6696692 -32.9761333),"['Avenida Ovidio Lagos', '24 de Septiembre']",2,Avenida Ovidio Lagos; 24 de Septiembre,-32.9761333,-60.6696692,55.0,538.0,Municipio Rosario,Municipio,Rosario,820210,Servicio de Catastro e Información Territorial,IGN
2014,5214,2014-07-06,Domingo,0.0,18:00:00,,0.0,2,"Moto/Ciclomotor,Automóvil",1 de Mayo Y Garay,2,1,0,0,1,0,0,,Calle,,ROSARIO,Rosario,Asfalto,No existe,II,Dentro,Urbana,Marca Vial,No existe,Intersección,Bueno,Buena,Atardecer,Buen Tiempo,Lateral,S/D,Colisión,Ninguna,Vertical,Línea divisoria pintada,Sin restricción,POINT (-60.6367274 -32.976025799999995),"['Primero de Mayo', 'Garay']",2,Primero de Mayo; Juan de Garay,-32.976025799999995,-60.6367274,55.0,538.0,Municipio Rosario,Municipio,Rosario,820210,Servicio de Catastro e Información Territorial,IGN
2014,5215,2014-07-23,Miercoles,0.0,19:30:00,,0.0,2,"Automóvil,Moto/Ciclomotor",Pascual Rosas Y San Juan,2,1,0,0,1,0,0,,Calle,,ROSARIO,Rosario,Asfalto,No existe,II,S/D,Urbana,S/D,S/D,Intersección,Bueno,Buena,Atardecer,Buen Tiempo,Lateral,S/D,Colisión,Ninguna,Horizontal,S/D,Sin restricción,POINT (-60.6868745 -32.9416378),"['Pascual Rosas', 'San Juan']",2,Pascual Rosas; San Juan,-32.9416378,-60.6868745,55.0,538.0,Municipio Rosario,Municipio,Rosario,820210,Servicio de Catastro e Información Territorial,IGN
2014,5216,2014-07-23,Miercoles,0.0,08:40:00,,0.0,2,"Automóvil,Moto/Ciclomotor",Montevideo Y Suipacha,2,1,0,0,1,0,0,,Calle,,ROSARIO,Rosario,Asfalto,No existe,II,S/D,Urbana,S/D,S/D,Intersección,Bueno,Buena,Diurna,Buen Tiempo,Lateral,S/D,Colisión,Ninguna,Horizontal,S/D,Sin restricción,POINT (-60.666596600000005 -32.95149549999999),"['Montevideo', 'Suipacha']",2,Montevideo; Suipacha,-32.95149549999999,-60.666596600000005,55.0,538.0,Municipio Rosario,Municipio,Rosario,820210,Servicio de Catastro e Información Territorial,IGN
2014,5217,2014-06-20,Viernes,0.0,,,0.0,2,"Moto/Ciclomotor,Automóvil",Dorrego Y Virasoro,3,1,0,0,2,0,0,,Calle,,ROSARIO,Rosario,Asfalto,S/D,II,S/D,Urbana,S/D,S/D,Recta,Bueno,S/D,S/D,Buen Tiempo,Frontal,S/D,Colisión,S/D,S/D,S/D,S/D,POINT (-60.6551345 -32.96794880000001),"['Dorrego', 'Virasoro']",2,Manuel Dorrego; Benjamín Virasoro,-32.96794880000001,-60.6551345,55.0,538.0,Municipio Rosario,Municipio,Rosario,820210,Servicio de Catastro e Información Territorial,IGN
2014,5219,2014-07-07,Lunes,0.0,19:20:00,,0.0,2,"Taxi/Remis,Moto/Ciclomotor",Entre Rios Y Mr.Ross,2,1,0,0,1,0,0,,Calle,,ROSARIO,Rosario,Asfalto,S/D,II,Dentro,Urbana,Ninguna,No existe,Intersección,Bueno,Buena,Atardecer,Buen Tiempo,De alcance,S/D,Colisión,S/D,Faltante,S/D,Sin restricción,POINT (-60.6514768 -32.98776199999999),"['Entre Ríos', 'Rodrigo M. Ross']",2,Entre Ríos; Rodrigo M. Ross,-32.98776199999999,-60.6514768,55.0,538.0,Municipio Rosario,Municipio,Rosario,820210,Servicio de Catastro e Información Territorial,IGN
2014,5220,2014-07-26,Sabado,0.0,22:00:00,,0.0,2,"Moto/Ciclomotor,Automóvil",Pte.Roca Y 9 De Julio,3,2,0,0,1,0,0,,Calle,,ROSARIO,Rosario,Asfalto,S/D,II,Dentro,Urbana,S/D,No existe,Intersección,Bueno,Buena,"Nocturna,Con luz artificial",Buen Tiempo,Lateral,S/D,Colisión,S/D,Faltante,Cordón divisorio,Sin restricción,POINT (-60.64696059999999 -32.9526213),"['Roca', '9 de Julio']",2,Presidente Roca; 9 de Julio,-32.9526213,-60.64696059999999,55.0,538.0,Municipio Rosario,Municipio,Rosario,820210,Servicio de Catastro e Información Territorial,IGN
2014,5222,2014-07-03,Jueves,0.0,10:00:00,,0.0,2,"Bicicleta,Automóvil",Bv. Avellaneda 3700,2,1,0,0,1,0,0,,Avenida,,ROSARIO,Rosario,Asfalto,No existe,II,S/D,Urbana,Ninguna,No existe,Recta,Bueno,Buena,Diurna,Buen Tiempo,S/D,S/D,Atropello,Ninguna,Faltante,Cordón divisorio,Sin restricción,"-32.9533844, -60.6827991",['Avellaneda 3700'],1,Avellaneda 3700,-32.9533844,-60.6827991,55.0,538.0,Municipio Rosario,Municipio,Rosario,820210,Servicio de Catastro e Información Territorial,IGN
2014,5223,2014-07-21,Lunes,0.0,13:30:00,,0.0,2,"Automóvil,Moto/Ciclomotor",9 De Julio Y Pueyrredon,2,1,0,0,1,0,0,,Calle,,ROSARIO,Rosario,Asfalto,S/D,II,S/D,Urbana,S/D,S/D,Intersección,Bueno,Buena,Diurna,Buen Tiempo,S/D,S/D,Colisión,S/D,S/D,S/D,Sin restricción,POINT (-60.65923800000001 -32.95042960000001),"['9 de Julio', 'Pueyrredón']",2,9 de Julio; Pueyrredón,-32.95042960000001,-60.65923800000001,55.0,538.0,Municipio Rosario,Municipio,Rosario,820210,Servicio de Catastro e Información Territorial,IGN
2014,5224,2014-06-19,Jueves,0.0,,,0.0,3,"Automóvil,Automóvil,Automóvil",San Martin Y Bv. 27 De Febrero,4,1,0,0,3,0,0,,Avenida,,ROSARIO,Rosario,Asfalto,S/D,II,S/D,Urbana,Semáforo,Funciona,Recta,Bueno,Buena,Diurna,Buen Tiempo,Múltiple,S/D,Colisión,S/D,Vertical,S/D,S/D,POINT (-60.642020650000006 -32.96785644999999),"['San Martin', '27 de Febrero']",2,José de San Martín; Bulevar 27 de Febrero,-32.96785644999999,-60.642020650000006,55.0,538.0,Municipio Rosario,Municipio,Rosario,820210,Servicio de Catastro e Información Territorial,IGN
2014,5225,2014-07-04,Viernes,0.0,16:20:00,,0.0,2,"Moto/Ciclomotor,Automóvil",3 De Febrero Y Dorrego,2,1,0,0,1,0,0,,Calle,,ROSARIO,Rosario,Asfalto,S/D,II,Dentro,Urbana,Ninguna,No existe,Intersección,Bueno,Buena,Diurna,Buen Tiempo,Lateral,S/D,Colisión,S/D,Faltante,Cordón divisorio,Sin restricción,POINT (-60.65079089999999 -32.9508141),"['3 de Febrero', 'Dorrego']",2,3 de Febrero; Manuel Dorrego,-32.9508141,-60.65079089999999,55.0,538.0,Municipio Rosario,Municipio,Rosario,820210,Servicio de Catastro e Información Territorial,IGN
2014,5226,2014-07-18,Viernes,0.0,10:45:00,,0.0,2,"Automóvil,Automóvil",Bv. Oroño Y San Juan,5,3,0,0,2,0,0,,Calle,,ROSARIO,Rosario,Asfalto,S/D,II,Dentro,Urbana,Semáforo,Funciona,Intersección,Bueno,Buena,Diurna,Buen Tiempo,Lateral,S/D,Colisión,S/D,Vertical,Cordón divisorio,Sin restricción,POINT (-60.6542222 -32.947453949999996),"['Bulevar Nicasio Oroño', 'San Juan']",2,Bulevar Nicasio Oroño; San Juan,-32.94745395,-60.6542222,55.0,538.0,Municipio Rosario,Municipio,Rosario,820210,Servicio de Catastro e Información Territorial,IGN
2014,5227,2014-07-06,Domingo,0.0,16:10:00,,0.0,2,"Moto/Ciclomotor,Automóvil",Maipu Y Garay,2,1,0,0,1,0,0,,Calle,,ROSARIO,Rosario,Asfalto,No existe,II,Dentro,Urbana,Marca Vial,No existe,Intersección,Bueno,Buena,Atardecer,Buen Tiempo,Lateral,S/D,Colisión,Ninguna,Vertical,Línea divisoria pintada,Sin restricción,POINT (-60.64248510000001 -32.974995799999995),"['Maipú', 'Garay']",2,Maipú; Juan de Garay,-32.974995799999995,-60.64248510000001,55.0,538.0,Municipio Rosario,Municipio,Rosario,820210,Servicio de Catastro e Información Territorial,IGN
2014,5229,2014-07-08,Martes,0.0,12:00:00,,0.0,2,"Automóvil,Automóvil",Italia Y Pje. Blanque,2,1,0,0,1,0,0,,Calle,,ROSARIO,Rosario,Asfalto,S/D,II,Dentro,Urbana,Ninguna,No existe,Intersección,Bueno,Buena,Diurna,Buen Tiempo,De alcance,S/D,Colisión,Ninguna,S/D,S/D,Sin restricción,POINT (-60.6553715 -32.974503599999984),"['Italia', 'Blanqué']",2,Italia; Blanqué,-32.974503599999984,-60.6553715,55.0,538.0,Municipio Rosario,Municipio,Rosario,820210,Servicio de Catastro e Información Territorial,IGN
2014,5230,2014-07-21,Lunes,0.0,01:30:00,,0.0,2,"Taxi/Remis,Moto/Ciclomotor",Alsina Y 9 De Julio,4,2,0,0,2,0,0,,Calle,,ROSARIO,Rosario,Asfalto,S/D,II,Dentro,Urbana,Otra Señal,S/D,Intersección,Bueno,Buena,Nocturna,Buen Tiempo,Lateral,S/D,Colisión,Ninguna,Horizontal,S/D,S/D,POINT (-60.6782616 -32.9469818),"['Alsina', '9 de Julio']",2,Alsina; 9 de Julio,-32.9469818,-60.6782616,55.0,538.0,Municipio Rosario,Municipio,Rosario,820210,Servicio de Catastro e Información Territorial,IGN
2014,5231,2014-07-11,Viernes,0.0,20:00:00,,0.0,2,"Moto/Ciclomotor,Automóvil",Bv. Segui Y Iriondo,5,5,0,0,0,0,0,,Avenida,,ROSARIO,Rosario,Asfalto,No existe,XVIII,S/D,Urbana,Ninguna,No existe,Intersección,Bueno,Buena,Nocturna,Buen Tiempo,S/D,S/D,Colisión,Ninguna,Faltante,Cordón divisorio,Sin restricción,POINT (-60.67784519999999 -32.973457749999994),"['Bulevar Juan Francisco Seguí', 'Iriondo']",2,Bulevar Juan Francisco Seguí; Iriondo,-32.973457749999994,-60.67784519999999,55.0,538.0,Municipio Rosario,Municipio,Rosario,820210,Servicio de Catastro e Información Territorial,IGN
2014,5232,2014-07-02,Miercoles,0.0,19:00:00,,0.0,3,"Automóvil,Taxi/Remis,Automóvil",Entre Rios Y E.Zeballos,3,1,0,0,2,0,0,,Calle,,ROSARIO,Rosario,Asfalto,S/D,II,Dentro,Urbana,Ninguna,No existe,Recta,Bueno,Buena,Atardecer,Buen Tiempo,"Frontal,Múltiple",S/D,Colisión,S/D,Faltante,Cordón divisorio,Sin restricción,POINT (-60.64308380000001 -32.9545295),"['Entre Ríos', 'Zeballos']",2,Entre Ríos; Zeballos,-32.9545295,-60.64308380000001,55.0,538.0,Municipio Rosario,Municipio,Rosario,820210,Servicio de Catastro e Información Territorial,IGN
2014,5233,2014-07-08,Martes,0.0,12:50:00,,0.0,2,"Pickup/Utilitario,Bicicleta",Av. Uriburu Y Mitre,2,1,0,0,1,0,0,,Avenida,,ROSARIO,Rosario,Asfalto,S/D,II,Dentro,Urbana,Ninguna,No existe,Intersección,Bueno,Buena,Diurna,Buen Tiempo,S/D,S/D,Atropello,S/D,S/D,S/D,S/D,POINT (-60.65080725 -32.9908231),"['Uriburu', 'Mitre']",2,Avenida José Uriburu; Bartolomé Mitre,-32.9908231,-60.65080725,55.0,538.0,Municipio Rosario,Municipio,Rosario,820210,Servicio de Catastro e Información Territorial,IGN
2014,5234,2014-07-20,Domingo,0.0,15:30:00,,0.0,2,"Taxi/Remis,Automóvil",San Juan 1000,2,1,0,0,1,0,0,,Calle,,ROSARIO,Rosario,Asfalto,S/D,II,Dentro,Urbana,S/D,S/D,Recta,Bueno,S/D,Diurna,S/D,De alcance,S/D,Colisión,S/D,S/D,Cordón divisorio,S/D,"-32.9503982, -60.6374521",['San Juan 1000'],1,San Juan 1000,-32.9503982,-60.6374521,55.0,538.0,Municipio Rosario,Municipio,Rosario,820210,Servicio de Catastro e Información Territorial,IGN
2014,5235,2014-06-18,Miercoles,0.0,,,0.0,2,"Moto/Ciclomotor,Automóvil",Sarmiento Y Riobamba,3,2,0,0,1,0,0,,Calle,,ROSARIO,Rosario,Asfalto,S/D,II,S/D,Urbana,S/D,S/D,Recta,Bueno,Buena,Diurna,S/D,S/D,S/D,Colisión,S/D,S/D,S/D,S/D,POINT (-60.642316799999996 -32.9630352),"['Sarmiento', 'Riobamba']",2,Sarmiento; Riobamba,-32.9630352,-60.6423168,55.0,538.0,Municipio Rosario,Municipio,Rosario,820210,Servicio de Catastro e Información Territorial,IGN