anio_acci,nro_acci,fecha,desc_dia,fecha_aprox,hora_aprox,desc_ruta,km,cant_participantes,desc_participante,calle_avenida_km,total,heridos_leves,heridos_graves,heridos_gravisimos,ilesos,fallecidos,sin_datos,posicion_XY,desc_tipo_via,desc_ruta_ori,desc_loc,desc_dpto,desc_tipo_calzada,desc_tipo_banquina,desc_unidad_regional,desc_lugar_calzada,desc_zona,desc_prioridad,desc_estado_semaforo,desc_lugar_via,desc_estado_via,desc_estado_visibilidad,desc_luminosidad,desc_estado_clima,desc_tipo_colision,desc_tipo_atropello,desc_tipo_hecho,desc_pres_calzada,desc_senializacion,desc_separacion_via,desc_restriccion,forma_geocod,calle_lista,numero_calles,calles_osm,lat,lon,index_right,gid,fna,gna,nam,in1,fdc,sag
2014,5290,2014-07-25,Viernes,0.0,21:20:00,,0.0,2,"Moto/Ciclomotor,Automóvil",Sanchez de Loria Y Av. Jorge Newbery,3,1,0,0,2,0,0,,Avenida,,ROSARIO,Rosario,Asfalto,S/D,II,Dentro,Urbana,S/D,S/D,Intersección,S/D,S/D,Nocturna,S/D,S/D,S/D,Colisión,S/D,S/D,S/D,S/D,POINT (-60.733099159999995 -32.90848276),"['Sánchez de Loria', 'Jorge Newbery']",2,Sánchez de Loria; Avenida Jorge Newbery,-32.90848276,-60.73309916,55.0,538.0,Municipio Rosario,Municipio,Rosario,820210,Servicio de Catastro e Información Territorial,IGN
2014,5293,2014-07-26,Sabado,0.0,19:30:00,,0.0,2,"Moto/Ciclomotor,Automóvil",J.J.Paso 7622,3,2,0,0,1,0,0,,Calle,,ROSARIO,Rosario,Asfalto,No existe,II,S/D,Urbana,S/D,Intermitente,Recta,S/D,Buena,Nocturna,Buen Tiempo,Lateral,S/D,Colisión,S/D,Faltante,Ninguna,Sin restricción,"-32.92053993673469, -60.72598557142857",['Juan José Paso 7622'],1,Juan José Paso 7622,-32.92053993673469,-60.72598557142857,55.0,538.0,Municipio Rosario,Municipio,Rosario,820210,Servicio de Catastro e Información Territorial,IGN
2014,5298,2014-07-16,Miercoles,0.0,20:45:00,,0.0,2,"Automóvil,Moto/Ciclomotor",Av. Circunvalacion Y Av. Eva Peron,4,1,0,0,3,0,0,,Avenida,,ROSARIO,Rosario,Hormigón,Pavimento,II,Dentro,Urbana,Semáforo,Funciona,Otro,Bueno,Buena,Nocturna,Buen Tiempo,Otro,S/D,Colisión,Otro,Faltante,Ninguna,Sin restricción,POINT (-60.7231582311677 -32.93112605584158),"['Circunvalacion', 'Avenida Eva Perón']",2,Avenida de Circunvalación 25 de Mayo; Avenida Eva Perón,-32.93112605584158,-60.7231582311677,55.0,538.0,Municipio Rosario,Municipio,Rosario,820210,Servicio de Catastro e Información Territorial,IGN
2014,5299,2014-07-13,Domingo,0.0,01:25:00,,0.0,1,Moto/Ciclomotor,Av. Francia Y Av. Pellegrini,1,1,0,0,0,0,0,,Avenida,,ROSARIO,Rosario,Asfalto,No existe,II,Dentro,Urbana,S/D,S/D,Intersección,Bueno,Buena,Nocturna,Buen Tiempo,S/D,S/D,"Caída ocupante,Despiste",Ninguna,Horizontal,S/D,Sin restricción,POINT (-60.668265950000006 -32.95238069999999),"['Avenida Francia', 'Pellegrini']",2,Avenida Francia; Avenida Carlos Pellegrini,-32.95238069999999,-60.668265950000006,55.0,538.0,Municipio Rosario,Municipio,Rosario,820210,Servicio de Catastro e Información Territorial,IGN
2014,5300,2014-07-21,Lunes,0.0,15:00:00,,0.0,2,"Automóvil,Moto/Ciclomotor",Brasil 7500,3,2,0,0,1,0,0,,Calle,,ROSARIO,Rosario,Asfalto,Pavimento,II,Dentro,Urbana,Ninguna,No existe,Intersección,Bueno,Buena,Diurna,Buen Tiempo,Lateral,S/D,Colisión,Ninguna,Faltante,S/D,Sin restricción,"-32.9523674, -60.7190602",['Brasil 7500'],1,Brasil 7500,-32.9523674,-60.7190602,55.0,538.0,Municipio Rosario,Municipio,Rosario,820210,Servicio de Catastro e Información Territorial,IGN
2014,5301,2014-07-31,Jueves,0.0,20:00:00,,0.0,2,"Moto/Ciclomotor,Automóvil",Av. Ntra.Sra.del Rosario 400,3,2,0,0,1,0,0,,Avenida,,ROSARIO,Rosario,Asfalto,No existe,II,S/D,Urbana,Ninguna,No existe,Recta,S/D,Buena,Nocturna,Buen Tiempo,Lateral,S/D,Colisión,S/D,S/D,Ninguna,Sin restricción,"-32.9997432, -60.6154115",['Ntra Sra Del Rosario 400'],1,Ntra Sra Del Rosario 400,-32.9997432,-60.6154115,55.0,538.0,Municipio Rosario,Municipio,Rosario,820210,Servicio de Catastro e Información Territorial,IGN
2014,5304,2014-07-16,Miercoles,0.0,15:40:00,,0.0,2,"Automóvil,Taxi/Remis",Pte.Roca Y Dean Funes,3,1,0,0,2,0,0,,Calle,,ROSARIO,Rosario,Asfalto,S/D,II,Dentro,Urbana,Ninguna,No existe,Intersección,Bueno,Buena,Diurna,Buen Tiempo,De alcance,S/D,Colisión,S/D,S/D,S/D,Sin restricción,POINT (-60.6524719 -32.974418),"['Roca', 'Deán Gregorio Funes']",2,Presidente Roca; Deán Gregorio Funes,-32.974418,-60.6524719,55.0,538.0,Municipio Rosario,Municipio,Rosario,820210,Servicio de Catastro e Información Territorial,IGN
2014,5309,2014-07-17,Jueves,0.0,08:20:00,,0.0,2,"Moto/Ciclomotor,Automóvil",Av. Ovidio Lagos Y Av. Battle y Ordoñez,2,1,0,0,1,0,0,,S/D,,ROSARIO,Rosario,Asfalto,No existe,II,Dentro,Urbana,Señal Pare,No existe,Recta,Bueno,Buena,Amanecer,Buen Tiempo,Lateral,S/D,Colisión,S/D,Horizontal,Barrera de hormigón,Sin restricción,POINT (-60.677360275 -33.009728399999986),"['Avenida Ovidio Lagos', 'Avenida Battle y Ordoñez']",2,Avenida Ovidio Lagos; Avenida Battle y Ordoñez,-33.009728399999986,-60.677360275,55.0,538.0,Municipio Rosario,Municipio,Rosario,820210,Servicio de Catastro e Información Territorial,IGN
2014,5310,2014-07-06,Domingo,0.0,17:00:00,,0.0,2,"Peatón,Pickup/Utilitario",Camino Viejo Soldini Y Av. Ovidio Lagos,2,1,0,0,1,0,0,,Avenida,,ROSARIO,Rosario,Asfalto,Natural,II,Dentro,Urbana,Señal Pare,No existe,Recta,Bueno,Buena,Atardecer,Buen Tiempo,S/D,S/D,Atropello,S/D,Horizontal,S/D,Sin restricción,POINT (-60.68099246666667 -33.025825966666666),"['Camino viejo a Soldini', 'Avenida Ovidio Lagos']",2,Camino viejo a Soldini; Avenida Ovidio Lagos,-33.025825966666666,-60.68099246666667,55.0,538.0,Municipio Rosario,Municipio,Rosario,820210,Servicio de Catastro e Información Territorial,IGN
2014,5311,2014-07-02,Miercoles,0.0,12:10:00,,0.0,1,Transporte de Pasajeros Urbano (> 8 asientos),Av. Ovidio Lagos 5800,2,1,0,0,0,0,1,,Avenida,,ROSARIO,Rosario,Asfalto,No existe,II,Dentro,Urbana,Semáforo,Funciona,Recta,Bueno,Buena,Diurna,Buen Tiempo,S/D,S/D,Caída ocupante,S/D,Horizontal,Guardarrail,Sin restricción,"-33.0259193, -60.6809495",['Ovidio Lagos 5800'],1,Ovidio Lagos 5800,-33.0259193,-60.6809495,55.0,538.0,Municipio Rosario,Municipio,Rosario,820210,Servicio de Catastro e Información Territorial,IGN
2014,5352,2014-07-20,Domingo,0.0,05:10:00,,0.0,2,"Moto/Ciclomotor,Pickup/Utilitario",CARESETO Y AV. ROSARIO,3,0,2,0,1,0,0,,Calle,,ROSARIO,Rosario,Asfalto,No existe,II,Dentro,Urbana,Otra Señal,No existe,Intersección,Bueno,Buena,Diurna,Buen Tiempo,Frontal,S/D,Colisión,S/D,S/D,Cordón divisorio,Sin restricción,POINT (-60.6739631 -33.0008585),"['Cereseto', 'Rosario']",2,Cereseto; Puente Nuestra Señora del Rosario,-33.0008585,-60.6739631,55.0,538.0,Municipio Rosario,Municipio,Rosario,820210,Servicio de Catastro e Información Territorial,IGN
2014,5358,2014-07-19,Sabado,0.0,13:00:00,,0.0,2,"Moto/Ciclomotor,Automóvil",Mariano Moreno Y Rafael Arrieta,2,1,0,0,1,0,0,,S/D,,ROSARIO,Rosario,Asfalto,No existe,II,S/D,Urbana,Otra Señal,No existe,Intersección,Bueno,Buena,Diurna,Buen Tiempo,Lateral,S/D,Colisión,Otro,S/D,Cordón divisorio,Sin restricción,POINT (-60.661582 -33.00988579999999),"['Mariano Moreno', 'Rafael Arrieta']",2,Mariano Moreno; Rafael Arrieta,-33.00988579999999,-60.661582,55.0,538.0,Municipio Rosario,Municipio,Rosario,820210,Servicio de Catastro e Información Territorial,IGN
2014,5363,2014-07-02,Miercoles,0.0,17:00:00,,0.0,2,"Bicicleta,Automóvil",Madre Cabrini 2454,3,2,0,0,1,0,0,,Calle,,ROSARIO,Rosario,Asfalto,No existe,II,S/D,Urbana,Ninguna,No existe,Otro,Bueno,Buena,Diurna,Buen Tiempo,S/D,S/D,Atropello,S/D,S/D,Ninguna,Sin restricción,"-33.0053939, -60.6618514",['Madre Cabrini 2454'],1,Madre Cabrini 2454,-33.0053939,-60.6618514,55.0,538.0,Municipio Rosario,Municipio,Rosario,820210,Servicio de Catastro e Información Territorial,IGN
2014,5368,2014-07-18,Viernes,0.0,13:00:00,,0.0,2,"Moto/Ciclomotor,Automóvil",Av. Arijon Y Callao,2,1,0,0,1,0,0,,Avenida,,ROSARIO,Rosario,Asfalto,No existe,II,Dentro,Urbana,Semáforo,Funciona,Recta,Bueno,Buena,Diurna,Buen Tiempo,Otro,S/D,Colisión,S/D,Vertical,Línea divisoria pintada,Sin restricción,POINT (-60.67125310000001 -33.00370230000001),"['Avenida Manuel Arijón', 'Callao']",2,Avenida Manuel Arijón; Callao,-33.00370230000001,-60.67125310000001,55.0,538.0,Municipio Rosario,Municipio,Rosario,820210,Servicio de Catastro e Información Territorial,IGN
2014,5371,2014-07-06,Domingo,0.0,,,0.0,2,"Moto/Ciclomotor,Automóvil",Italia Y Padre R. Giaccone,2,1,0,0,1,0,0,,Calle,,ROSARIO,Rosario,Asfalto,No existe,II,Dentro,Urbana,S/D,S/D,Intersección,Bueno,Buena,Diurna,Buen Tiempo,Lateral,S/D,Colisión,S/D,S/D,Cordón divisorio,Sin restricción,POINT (-60.6589175 -33.008242599999996),"['Italia', 'Padre R. Giaccone']",2,Italia; Padre R. Giaccone,-33.0082426,-60.6589175,55.0,538.0,Municipio Rosario,Municipio,Rosario,820210,Servicio de Catastro e Información Territorial,IGN
2014,5372,2014-07-23,Miercoles,0.0,13:15:00,,0.0,2,"Moto/Ciclomotor,Automóvil",Reg.11 de Infanteria Y Santiago,3,2,0,0,1,0,0,,S/D,,ROSARIO,Rosario,Asfalto,No existe,II,S/D,Urbana,Otra Señal,No existe,Intersección,Bueno,Buena,Diurna,Buen Tiempo,Lateral,S/D,Colisión,S/D,S/D,Barrera de hormigón,Sin restricción,POINT (-60.6678287 -32.999375799999996),"['Regimiento 11', 'Santiago']",2,Regimiento 11; Santiago,-32.9993758,-60.6678287,55.0,538.0,Municipio Rosario,Municipio,Rosario,820210,Servicio de Catastro e Información Territorial,IGN
2014,5373,2014-07-05,Sabado,0.0,11:40:00,,0.0,2,"Automóvil,Moto/Ciclomotor",Av. Arijon Y Tabare,2,1,0,0,1,0,0,,Calle,,ROSARIO,Rosario,Asfalto,No existe,II,Dentro,Urbana,Semáforo,No existe,Intersección,Bueno,Buena,Diurna,Buen Tiempo,Lateral,S/D,Colisión,S/D,S/D,Línea divisoria pintada,Sin restricción,POINT (-60.67185769999999 -33.0037255),"['Avenida Manuel Arijón', 'Tabare']",2,Avenida Manuel Arijón; Tabares,-33.0037255,-60.67185769999999,55.0,538.0,Municipio Rosario,Municipio,Rosario,820210,Servicio de Catastro e Información Territorial,IGN
2014,5374,2014-07-23,Miercoles,0.0,06:00:00,,0.0,2,"Moto/Ciclomotor,Taxi/Remis",Lamadrid 1700,2,1,0,0,1,0,0,,Calle,,ROSARIO,Rosario,Asfalto,No existe,II,Dentro,Urbana,Otra Señal,No existe,Recta,Bueno,Buena,Amanecer,Buen Tiempo,Lateral,S/D,Colisión,Otro,S/D,Barrera de hormigón,Sin restricción,"-32.9964408, -60.6268465",['Lamadrid 1700'],1,Lamadrid 1700,-32.9964408,-60.6268465,55.0,538.0,Municipio Rosario,Municipio,Rosario,820210,Servicio de Catastro e Información Territorial,IGN
2014,5377,2014-07-22,Martes,0.0,12:45:00,,0.0,2,"Automóvil,Automóvil",Bv. Oroño Y Sanchez de Bustamante,2,1,0,0,1,0,0,,Calle,,ROSARIO,Rosario,Asfalto,No existe,II,Dentro,Urbana,Semáforo,Funciona,Recta,Bueno,Buena,Diurna,Buen Tiempo,Otro,S/D,Colisión,S/D,Vertical,Barrera de hormigón,Sin restricción,POINT (-60.66506820000001 -33.00250765),"['Bulevar Nicasio Oroño', 'Sánchez de Bustamante']",2,Bulevar Nicasio Oroño; Sánchez de Bustamante,-33.00250765,-60.66506820000001,55.0,538.0,Municipio Rosario,Municipio,Rosario,820210,Servicio de Catastro e Información Territorial,IGN
2014,5380,2014-07-01,Martes,0.0,11:15:00,,0.0,2,"Bicicleta,Automóvil",Av. Battle y Ordoñez Y Melian,2,1,0,0,1,0,0,,Avenida,,ROSARIO,Rosario,Asfalto,No existe,II,Dentro,Urbana,Semáforo,Funciona,Intersección,Bueno,Buena,Diurna,Buen Tiempo,S/D,S/D,Atropello,S/D,S/D,Cordón divisorio,Sin restricción,POINT (-60.65935770000001 -33.0092303),"['Avenida Battle y Ordoñez', 'José Melian']",2,Avenida Battle y Ordoñez; José Melian,-33.0092303,-60.65935770000001,55.0,538.0,Municipio Rosario,Municipio,Rosario,820210,Servicio de Catastro e Información Territorial,IGN
2014,5383,2014-07-01,Martes,0.0,20:15:00,,0.0,2,"Peatón,Automóvil",Bv. Oroño Y Sanchez de Bustamante,4,1,0,0,3,0,0,,Avenida,,ROSARIO,Rosario,Asfalto,No existe,II,Dentro,Urbana,Semáforo,S/D,Intersección,Bueno,Buena,Nocturna,Buen Tiempo,S/D,S/D,Atropello,S/D,S/D,Cordón divisorio,Sin restricción,POINT (-60.66506820000001 -33.00250765),"['Bulevar Nicasio Oroño', 'Sánchez de Bustamante']",2,Bulevar Nicasio Oroño; Sánchez de Bustamante,-33.00250765,-60.66506820000001,55.0,538.0,Municipio Rosario,Municipio,Rosario,820210,Servicio de Catastro e Información Territorial,IGN
2014,5384,2014-07-06,Domingo,0.0,17:15:00,,0.0,2,"Automóvil,Taxi/Remis",Lamadrid Y Pueyrredon,2,1,0,0,1,0,0,,Calle,,ROSARIO,Rosario,Asfalto,No existe,II,Dentro,Urbana,Ninguna,No existe,Intersección,S/D,Buena,Diurna,Buen Tiempo,Lateral,S/D,Colisión,S/D,S/D,Cordón divisorio,S/D,POINT (-60.669333400000006 -32.99774649999999),"['Lamadrid', 'Pueyrredón']",2,Gregorio Aráoz de Lamadrid; Pueyrredón,-32.99774649999999,-60.669333400000006,55.0,538.0,Municipio Rosario,Municipio,Rosario,820210,Servicio de Catastro e Información Territorial,IGN
2014,5387,2014-07-04,Viernes,0.0,20:00:00,,0.0,2,"Moto/Ciclomotor,Automóvil",Dorrego Y Piedras,3,2,0,0,1,0,0,,S/D,,ROSARIO,Rosario,Asfalto,No existe,II,S/D,S/D,Ninguna,S/D,Intersección,Bueno,Buena,Nocturna,Buen Tiempo,Lateral,S/D,Colisión,S/D,S/D,Ninguna,Sin restricción,POINT (-60.6603601 -33.00727489999999),"['Dorrego', 'Piedras']",2,Manuel Dorrego; Piedras,-33.00727489999999,-60.6603601,55.0,538.0,Municipio Rosario,Municipio,Rosario,820210,Servicio de Catastro e Información Territorial,IGN
2014,5390,2014-07-09,Miercoles,0.0,22:48:00,,0.0,2,"Taxi/Remis,Automóvil",Av. Ntra.Sra.del Rosario Y Italia,3,1,0,0,1,0,1,,Avenida,,ROSARIO,Rosario,Asfalto,No existe,II,Dentro,Urbana,Ninguna,No existe,Intersección,Bueno,S/D,Nocturna,Buen Tiempo,Lateral,S/D,Colisión,S/D,S/D,Cordón divisorio,Sin restricción,POINT (-60.6592342 -33.00039999999999),"['Nuestra Señora del Rosario', 'Italia']",2,Puente Nuestra Señora del Rosario; Italia,-33.00039999999999,-60.6592342,55.0,538.0,Municipio Rosario,Municipio,Rosario,820210,Servicio de Catastro e Información Territorial,IGN
2014,5393,2014-07-13,Domingo,0.0,11:30:00,,0.0,2,"Moto/Ciclomotor,Otros",Lamadrid Y Bv. Oroño,2,1,0,0,1,0,0,,Avenida,,ROSARIO,Rosario,Asfalto,No existe,II,Dentro,Urbana,Semáforo,Funciona,Intersección,Bueno,Buena,Diurna,Buen Tiempo,Lateral,S/D,Colisión,S/D,Vertical,Cordón divisorio,Sin restricción,POINT (-60.66524270000001 -32.9976152),"['Lamadrid', 'Bulevar Nicasio Oroño']",2,Gregorio Aráoz de Lamadrid; Bulevar Nicasio Oroño,-32.9976152,-60.66524270000001,55.0,538.0,Municipio Rosario,Municipio,Rosario,820210,Servicio de Catastro e Información Territorial,IGN
2014,5458,2014-08-10,Domingo,0.0,19:00:00,,0.0,2,"Automóvil,Moto/Ciclomotor",Washington Y Anchoris,2,1,0,0,1,0,0,,Calle,,ROSARIO,Rosario,Asfalto,No existe,II,Dentro,Urbana,Ninguna,No existe,Intersección,Bueno,Buena,Atardecer,Buen Tiempo,Lateral,S/D,Colisión,S/D,Faltante,Ninguna,Sin restricción,POINT (-60.698135300000004 -32.9028931),"['Washington', 'Anchoris']",2,Washington; Anchoris,-32.9028931,-60.6981353,55.0,538.0,Municipio Rosario,Municipio,Rosario,820210,Servicio de Catastro e Información Territorial,IGN
2014,5460,2014-08-10,Domingo,0.0,18:20:00,,0.0,2,"Moto/Ciclomotor,Automóvil",Esteco Y Av. Sorrento,2,1,0,0,1,0,0,,Avenida,,ROSARIO,Rosario,S/D,No existe,II,S/D,Urbana,Ninguna,Funciona,Recta,Bueno,Buena,Diurna,Buen Tiempo,Lateral,S/D,Colisión,Ninguna,Faltante,Ninguna,Sin restricción,POINT (-60.6965407 -32.90731849999999),"['Esteco', 'Sorrento']",2,Esteco; Avenida Sorrento,-32.90731849999999,-60.6965407,55.0,538.0,Municipio Rosario,Municipio,Rosario,820210,Servicio de Catastro e Información Territorial,IGN
2014,5463,2014-08-04,Lunes,0.0,08:20:00,,0.0,3,"Automóvil,Peatón,Peatón",Jose Ingenieros Y Mejico,3,1,0,0,2,0,0,,Calle,,ROSARIO,Rosario,Asfalto,Pavimento,II,Dentro,Urbana,Paso Peatonal,S/D,Recta,Otro,Buena,Diurna,Buen Tiempo,S/D,S/D,Atropello,Otro,S/D,S/D,Sin restricción,POINT (-60.7194281 -32.9172645),"['José Ingenieros', 'Mejico']",2,José Ingenieros; Méjico,-32.9172645,-60.7194281,55.0,538.0,Municipio Rosario,Municipio,Rosario,820210,Servicio de Catastro e Información Territorial,IGN
2014,5468,2014-07-13,Domingo,0.0,19:00:00,,0.0,2,"Taxi/Remis,Automóvil",E.Zeballos Y Rodriguez,2,1,0,0,1,0,0,,Calle,,ROSARIO,Rosario,Asfalto,No existe,II,S/D,Urbana,S/D,S/D,Intersección,Bueno,Buena,Atardecer,Buen Tiempo,S/D,S/D,Colisión,Ninguna,Horizontal,S/D,Sin restricción,POINT (-60.6608622 -32.9513173),"['Zeballos', 'Rodríguez']",2,Zeballos; Rodríguez de Escobedo,-32.9513173,-60.6608622,55.0,538.0,Municipio Rosario,Municipio,Rosario,820210,Servicio de Catastro e Información Territorial,IGN
2014,5469,2014-07-17,Jueves,0.0,22:20:00,,0.0,2,"Automóvil,Automóvil",Av. Ovidio Lagos Y Av. Circunvalacion,4,4,0,0,0,0,0,,Calle,,ROSARIO,Rosario,Asfalto,No existe,II,Dentro,Urbana,Semáforo,Funciona,Recta,Bueno,Buena,Nocturna,Buen Tiempo,Lateral,S/D,Colisión,S/D,Horizontal,Barrera de hormigón,Sin restricción,POINT (-60.67699098957188 -33.00797177001669),"['Avenida Ovidio Lagos', 'Circunvalacion']",2,Avenida Ovidio Lagos; Avenida de Circunvalación 25 de Mayo,-33.00797177001669,-60.67699098957188,55.0,538.0,Municipio Rosario,Municipio,Rosario,820210,Servicio de Catastro e Información Territorial,IGN
2014,5471,2014-07-10,Jueves,0.0,21:25:00,,0.0,2,"Moto/Ciclomotor,Automóvil",San Juan Y Suipacha,3,2,0,0,1,0,0,,Calle,,ROSARIO,Rosario,S/D,S/D,II,S/D,Urbana,S/D,S/D,Intersección,S/D,S/D,Nocturna,S/D,S/D,S/D,Colisión,S/D,S/D,S/D,S/D,POINT (-60.6651091 -32.94550539999999),"['San Juan', 'Suipacha']",2,San Juan; Suipacha,-32.94550539999999,-60.6651091,55.0,538.0,Municipio Rosario,Municipio,Rosario,820210,Servicio de Catastro e Información Territorial,IGN
2014,5475,2014-07-02,Miercoles,0.0,17:20:00,,0.0,2,"Automóvil,Moto/Ciclomotor",San Juan Y San Nicolas,2,1,0,0,1,0,0,,Calle,,ROSARIO,Rosario,Asfalto,No existe,II,S/D,Urbana,S/D,S/D,Intersección,Bueno,Buena,Diurna,Buen Tiempo,Lateral,S/D,Colisión,Ninguna,Horizontal,S/D,Sin restricción,POINT (-60.6732647 -32.944049),"['San Juan', 'San Nicolás']",2,San Juan; San Nicolás,-32.944049,-60.6732647,55.0,538.0,Municipio Rosario,Municipio,Rosario,820210,Servicio de Catastro e Información Territorial,IGN
2014,5477,2014-07-28,Lunes,0.0,21:45:00,,0.0,2,"Bicicleta,Automóvil",Biarritz Y Camino Viejo Soldini,2,1,0,0,1,0,0,,Calle,,ROSARIO,Rosario,Asfalto,Natural,II,Dentro,Urbana,Ninguna,No existe,Recta,Con baches,Buena,Nocturna,Buen Tiempo,S/D,S/D,Atropello,S/D,Faltante,Ninguna,Sin restricción,POINT (-60.6847283 -33.02598989999999),"['Biarritz', 'Camino viejo a Soldini']",2,Biarritz; Camino viejo a Soldini,-33.02598989999999,-60.6847283,55.0,538.0,Municipio Rosario,Municipio,Rosario,820210,Servicio de Catastro e Información Territorial,IGN
2014,5479,2014-07-01,Martes,0.0,12:25:00,,0.0,2,"Automóvil,Moto/Ciclomotor",9 De Julio Y Alsina,3,1,0,0,2,0,0,,Calle,,ROSARIO,Rosario,Asfalto,No existe,II,S/D,Urbana,S/D,S/D,Intersección,Bueno,Buena,Diurna,Buen Tiempo,Lateral,S/D,Colisión,Ninguna,Horizontal,S/D,Sin restricción,POINT (-60.6782616 -32.9469818),"['9 de Julio', 'Alsina']",2,9 de Julio; Alsina,-32.9469818,-60.6782616,55.0,538.0,Municipio Rosario,Municipio,Rosario,820210,Servicio de Catastro e Información Territorial,IGN
2014,5484,2014-07-16,Miercoles,0.0,11:30:00,,0.0,2,"Automóvil,Moto/Ciclomotor",Dorrego Y Av. Wheelwright,3,1,0,0,2,0,0,,Avenida,,ROSARIO,Rosario,Asfalto,S/D,II,Dentro,Urbana,Semáforo,S/D,Intersección,Bueno,Buena,Diurna,S/D,Lateral,S/D,Colisión,S/D,Vertical,Ninguna,Sin restricción,POINT (-60.64646990000001 -32.93362040000001),"['Dorrego', 'Avenida Guillermo Wheelwright']",2,Manuel Dorrego; Avenida Guillermo Wheelwright,-32.93362040000001,-60.64646990000001,55.0,538.0,Municipio Rosario,Municipio,Rosario,820210,Servicio de Catastro e Información Territorial,IGN
2014,5490,2014-07-15,Martes,0.0,12:40:00,,0.0,2,"Automóvil,Moto/Ciclomotor",Catamarca 1600,2,1,0,0,1,0,0,,Calle,,ROSARIO,Rosario,Asfalto,S/D,II,Dentro,Urbana,Ninguna,S/D,Recta,Bueno,Buena,Diurna,S/D,De alcance,S/D,Colisión,S/D,S/D,Ninguna,Sin restricción,"-32.9393538, -60.643393",['Catamarca 1600'],1,Catamarca 1600,-32.9393538,-60.643393,55.0,538.0,Municipio Rosario,Municipio,Rosario,820210,Servicio de Catastro e Información Territorial,IGN
2014,5496,2014-07-18,Viernes,0.0,14:45:00,,0.0,2,"Automóvil,Taxi/Remis",Catamarca Y Pte.Roca,2,1,0,0,1,0,0,,Calle,,ROSARIO,Rosario,Asfalto,S/D,II,Dentro,Urbana,Ninguna,S/D,Intersección,Bueno,Buena,Diurna,Buen Tiempo,Lateral,S/D,Colisión,S/D,Vertical,Ninguna,Sin restricción,POINT (-60.64362650000001 -32.9393896),"['Catamarca', 'Roca']",2,Catamarca; Presidente Roca,-32.9393896,-60.64362650000001,55.0,538.0,Municipio Rosario,Municipio,Rosario,820210,Servicio de Catastro e Información Territorial,IGN
2014,5500,2014-08-08,Viernes,0.0,,,0.0,2,"Automóvil,Moto/Ciclomotor",Av. Ovidio Lagos Y La Paz,2,1,0,0,0,0,1,,Avenida,,ROSARIO,Rosario,S/D,S/D,II,S/D,Urbana,S/D,S/D,Recta,Bueno,Buena,Diurna,Buen Tiempo,Frontal,S/D,Colisión,S/D,Horizontal,S/D,S/D,POINT (-60.6657993 -32.960048499999985),"['Avenida Ovidio Lagos', 'La Paz']",2,Avenida Ovidio Lagos; La Paz,-32.960048499999985,-60.6657993,55.0,538.0,Municipio Rosario,Municipio,Rosario,820210,Servicio de Catastro e Información Territorial,IGN
2014,5504,2014-06-07,Sabado,0.0,,,0.0,2,"Taxi/Remis,Bicicleta",San Martin Y Ocampo,2,1,0,0,1,0,0,,Calle,,ROSARIO,Rosario,Asfalto,S/D,II,S/D,Urbana,S/D,S/D,Recta,Bueno,Buena,"Nocturna,Con luz artificial",Buen Tiempo,S/D,S/D,Atropello,S/D,S/D,S/D,S/D,POINT (-60.641734899999996 -32.9667212),"['San Martin', 'Ocampo']",2,José de San Martín; Ocampo,-32.9667212,-60.6417349,55.0,538.0,Municipio Rosario,Municipio,Rosario,820210,Servicio de Catastro e Información Territorial,IGN
2014,5506,2014-06-10,Martes,0.0,,,0.0,2,"Automóvil,Moto/Ciclomotor",Entre Rios Y Cochabamba,3,2,0,0,1,0,0,,Calle,,ROSARIO,Rosario,Asfalto,S/D,II,S/D,Urbana,Señal Pare,No existe,Recta,Bueno,Buena,Diurna,S/D,Frontal,S/D,Colisión,S/D,Horizontal,S/D,S/D,POINT (-60.6439501 -32.9579457),"['Entre Ríos', 'Cochabamba']",2,Entre Ríos; Cochabamba,-32.9579457,-60.6439501,55.0,538.0,Municipio Rosario,Municipio,Rosario,820210,Servicio de Catastro e Información Territorial,IGN
2014,5510,2014-08-09,Sabado,0.0,18:30:00,,0.0,1,Transporte de Pasajeros,Junin Y Av. Caseros Bis,4,3,0,0,0,0,1,,Avenida,,ROSARIO,Rosario,S/D,S/D,II,S/D,Urbana,S/D,S/D,Intersección,S/D,S/D,Diurna,S/D,S/D,S/D,S/D,S/D,S/D,S/D,S/D,POINT (-60.66514975 -32.92642635),"['Junín', 'Caseros']",2,Junín; Avenida Caseros,-32.92642635,-60.66514975,55.0,538.0,Municipio Rosario,Municipio,Rosario,820210,Servicio de Catastro e Información Territorial,IGN
2014,5519,2014-08-05,Martes,0.0,,,0.0,2,"Otros,Otros",Barra Y Av. Genova,2,0,0,0,0,0,2,,Calle,,ROSARIO,Rosario,Asfalto,No existe,II,S/D,Urbana,S/D,S/D,Recta,Bueno,Buena,Diurna,S/D,S/D,S/D,Colisión,Otro,Faltante,S/D,S/D,POINT (-60.7080879 -32.9158538),"['Barra', 'Genova']",2,Barraco; Avenida Génova,-32.9158538,-60.7080879,55.0,538.0,Municipio Rosario,Municipio,Rosario,820210,Servicio de Catastro e Información Territorial,IGN