anio_acci,nro_acci,fecha,desc_dia,fecha_aprox,hora_aprox,desc_ruta,km,cant_participantes,desc_participante,calle_avenida_km,total,heridos_leves,heridos_graves,heridos_gravisimos,ilesos,fallecidos,sin_datos,posicion_XY,desc_tipo_via,desc_ruta_ori,desc_loc,desc_dpto,desc_tipo_calzada,desc_tipo_banquina,desc_unidad_regional,desc_lugar_calzada,desc_zona,desc_prioridad,desc_estado_semaforo,desc_lugar_via,desc_estado_via,desc_estado_visibilidad,desc_luminosidad,desc_estado_clima,desc_tipo_colision,desc_tipo_atropello,desc_tipo_hecho,desc_pres_calzada,desc_senializacion,desc_separacion_via,desc_restriccion,forma_geocod,calle_lista,numero_calles,calles_osm,lat,lon,index_right,gid,fna,gna,nam,in1,fdc,sag
2014,5521,2014-07-05,Sabado,0.0,19:15:00,,0.0,2,"Automóvil,Automóvil",Av. Bermudez Y Hilarion de la Quintana,2,1,0,0,1,0,0,,Calle,,ROSARIO,Rosario,Asfalto,No existe,II,S/D,Urbana,Ninguna,No existe,Intersección,S/D,S/D,Atardecer,S/D,Lateral,S/D,Colisión,S/D,S/D,Ninguna,Sin restricción,POINT (-60.6426299 -33.000763000000006),"['Bermudez', 'Hilarión de la Quintana']",2,Avenida José Bermúdez; Hilarión de la Quintana,-33.000763000000006,-60.6426299,55.0,538.0,Municipio Rosario,Municipio,Rosario,820210,Servicio de Catastro e Información Territorial,IGN
2014,5651,2014-01-05,Domingo,0.0,02:00:00,,0.0,2,"Moto/Ciclomotor,Automóvil",Galvez Y Cafferata,3,1,1,0,1,0,0,,Calle,,ROSARIO,Rosario,S/D,S/D,II,Dentro,Urbana,S/D,S/D,S/D,S/D,S/D,Nocturna,S/D,S/D,S/D,Colisión,S/D,S/D,S/D,S/D,POINT (-60.6766073 -32.9629176),"['Galvez', 'Cafferata']",2,José Gálvez; Cafferata,-32.9629176,-60.6766073,55.0,538.0,Municipio Rosario,Municipio,Rosario,820210,Servicio de Catastro e Información Territorial,IGN
2014,5700,2014-06-13,Viernes,0.0,17:30:00,,0.0,2,"Automóvil,Automóvil",Av. Jorge Newbery Y Donado,3,1,0,0,0,0,2,,Calle,,ROSARIO,Rosario,S/D,S/D,II,Dentro,Urbana,S/D,S/D,Intersección,S/D,S/D,Diurna,S/D,S/D,S/D,Colisión,S/D,S/D,S/D,S/D,POINT (-60.728404966666666 -32.908371466666665),"['Jorge Newbery', 'Donado']",2,Avenida Jorge Newbery; José Agustín Donado,-32.908371466666665,-60.728404966666666,55.0,538.0,Municipio Rosario,Municipio,Rosario,820210,Servicio de Catastro e Información Territorial,IGN
2014,5753,2014-07-12,Sabado,0.0,07:25:00,,0.0,2,"Automóvil,Taxi/Remis",Av. Arijon Y San Martin,4,2,0,0,2,0,0,,Avenida,,ROSARIO,Rosario,Asfalto,No existe,II,Dentro,Urbana,Ninguna,Funciona,Intersección,Bueno,Buena,Diurna,Otro,Otro,S/D,Colisión,Ninguna,Vertical,Cordón divisorio,Sin restricción,POINT (-60.649363550000004 -33.003052149999995),"['Avenida Manuel Arijón', 'San Martin']",2,Avenida Manuel Arijón; José de San Martín,-33.003052149999995,-60.64936355,55.0,538.0,Municipio Rosario,Municipio,Rosario,820210,Servicio de Catastro e Información Territorial,IGN
2014,6130,2014-08-30,Sabado,0.0,16:15:00,,0.0,2,"Moto/Ciclomotor,Camión",San Juan Y Pascual Rosas,2,1,0,0,1,0,0,,Calle,,ROSARIO,Rosario,Asfalto,No existe,II,Dentro,Urbana,Ninguna,S/D,Recta,Bueno,Buena,Diurna,Buen Tiempo,S/D,S/D,Colisión,S/D,S/D,S/D,Sin restricción,POINT (-60.6868745 -32.9416378),"['San Juan', 'Pascual Rosas']",2,San Juan; Pascual Rosas,-32.9416378,-60.6868745,55.0,538.0,Municipio Rosario,Municipio,Rosario,820210,Servicio de Catastro e Información Territorial,IGN
2014,6133,2014-08-13,Miercoles,0.0,10:00:00,,0.0,2,"Moto/Ciclomotor,Automóvil",Montevideo Y Dorrego,3,2,0,0,1,0,0,,Calle,,ROSARIO,Rosario,Asfalto,S/D,II,Dentro,Urbana,Ninguna,No existe,Intersección,Bueno,Buena,Diurna,Buen Tiempo,Frontal,S/D,Colisión,S/D,Faltante,Cordón divisorio,Sin restricción,POINT (-60.651640799999996 -32.95416689999999),"['Montevideo', 'Dorrego']",2,Montevideo; Manuel Dorrego,-32.95416689999999,-60.6516408,55.0,538.0,Municipio Rosario,Municipio,Rosario,820210,Servicio de Catastro e Información Territorial,IGN
2014,6134,2014-08-11,Lunes,0.0,13:50:00,,0.0,2,"Automóvil,Moto/Ciclomotor",Gorriti Y Camilo Aldao,2,0,1,0,1,0,0,,Calle,,ROSARIO,Rosario,S/D,No existe,II,S/D,S/D,Ninguna,No existe,Intersección,S/D,Buena,Diurna,S/D,Lateral,S/D,Colisión,S/D,Faltante,Ninguna,Sin restricción,POINT (-60.69658689999999 -32.9239058),"['Gorriti', 'Camilo Aldao']",2,Gorriti; Camilo Aldao,-32.9239058,-60.69658689999999,55.0,538.0,Municipio Rosario,Municipio,Rosario,820210,Servicio de Catastro e Información Territorial,IGN
2014,6135,2014-08-30,Sabado,0.0,21:50:00,,0.0,2,"Automóvil,Moto/Ciclomotor",Av. Provincias Unidas Y J.B.Justo,3,1,0,0,2,0,0,,Calle,,ROSARIO,Rosario,Asfalto,S/D,II,Dentro,Urbana,S/D,No existe,Recta,Bueno,Buena,Nocturna,Buen Tiempo,Lateral,S/D,Colisión,S/D,S/D,S/D,S/D,POINT (-60.71293324999999 -32.93344005),"['Avenida Provincias Unidas', 'Justo']",2,"('Avenida Provincias Unidas', 'Justo José de Urquiza')",-32.93344005,-60.71293324999999,55.0,538.0,Municipio Rosario,Municipio,Rosario,820210,Servicio de Catastro e Información Territorial,IGN
2014,6137,2014-08-28,Jueves,0.0,07:45:00,,0.0,2,"Automóvil,Moto/Ciclomotor",Pascual Rosas Y 3 De Febrero,3,2,1,0,0,0,0,,Calle,,ROSARIO,Rosario,Asfalto,No existe,II,Dentro,Urbana,S/D,S/D,S/D,Bueno,Buena,Diurna,Buen Tiempo,Lateral,S/D,Colisión,S/D,S/D,S/D,Sin restricción,POINT (-60.687509199999994 -32.9442313),"['Pascual Rosas', '3 de Febrero']",2,Pascual Rosas; 3 de Febrero,-32.9442313,-60.6875092,55.0,538.0,Municipio Rosario,Municipio,Rosario,820210,Servicio de Catastro e Información Territorial,IGN
2014,6139,2014-08-30,Sabado,0.0,12:00:00,,0.0,2,"Pickup/Utilitario,Camión",Alsina Y Mendoza,4,0,0,0,1,0,3,,Calle,,ROSARIO,Rosario,Asfalto,No existe,II,Dentro,Urbana,S/D,No existe,Recta,Bueno,Buena,Diurna,Buen Tiempo,S/D,S/D,Colisión,S/D,S/D,S/D,Sin restricción,POINT (-60.67769160000001 -32.94473060000001),"['Alsina', 'Mendoza']",2,Alsina; Mendoza,-32.94473060000001,-60.67769160000001,55.0,538.0,Municipio Rosario,Municipio,Rosario,820210,Servicio de Catastro e Información Territorial,IGN
2014,6140,2014-08-03,Domingo,0.0,02:30:00,,0.0,1,Automóvil,Av. Eva Peron Y Av. Circunvalacion,3,2,0,0,1,0,0,,Avenida,,ROSARIO,Rosario,Asfalto,Pavimento,II,Dentro,Urbana,Ninguna,S/D,Intersección,Otro,Buena,Nocturna,Buen Tiempo,S/D,S/D,Otro,S/D,S/D,Ninguna,Sin restricción,POINT (-60.7231582311677 -32.931126055841574),"['Avenida Eva Perón', 'Circunvalacion']",2,Avenida Eva Perón; Avenida de Circunvalación 25 de Mayo,-32.931126055841574,-60.7231582311677,55.0,538.0,Municipio Rosario,Municipio,Rosario,820210,Servicio de Catastro e Información Territorial,IGN
2014,6141,2014-08-15,Viernes,0.0,10:00:00,,0.0,2,"Moto/Ciclomotor,Automóvil",San Juan 1500,3,2,0,0,1,0,0,,Calle,,ROSARIO,Rosario,Asfalto,S/D,II,Dentro,Urbana,Ninguna,S/D,Recta,Bueno,Buena,Diurna,Buen Tiempo,Otro,S/D,Otro,S/D,Faltante,Cordón divisorio,Sin restricción,"-32.9491356, -60.6445539",['San Juan 1500'],1,San Juan 1500,-32.9491356,-60.6445539,55.0,538.0,Municipio Rosario,Municipio,Rosario,820210,Servicio de Catastro e Información Territorial,IGN
2014,6143,2014-08-18,Lunes,0.0,11:00:00,,0.0,2,"Automóvil,Peatón",Urquiza Y Pueyrredon,2,1,0,0,1,0,0,,Calle,,ROSARIO,Rosario,Asfalto,No existe,II,Dentro,Urbana,Ninguna,No existe,Recta,Bueno,Buena,Diurna,Buen Tiempo,S/D,S/D,Atropello,S/D,Vertical,Ninguna,Sin restricción,POINT (-60.6564923 -32.9395203),"['Urquiza', 'Pueyrredón']",2,Justo José de Urquiza; Pueyrredón,-32.9395203,-60.6564923,55.0,538.0,Municipio Rosario,Municipio,Rosario,820210,Servicio de Catastro e Información Territorial,IGN
2014,6147,2014-08-15,Viernes,0.0,16:25:00,,0.0,2,"Moto/Ciclomotor,Taxi/Remis",Alvear Y Mendoza,3,2,0,0,1,0,0,,Calle,,ROSARIO,Rosario,Asfalto,S/D,II,Dentro,Urbana,Semáforo,Funciona,Intersección,Bueno,Buena,Diurna,Buen Tiempo,Lateral,S/D,Colisión,S/D,Vertical,Cordón divisorio,Sin restricción,POINT (-60.6559491 -32.9485925),"['Alvear', 'Mendoza']",2,Alvear; Mendoza,-32.9485925,-60.6559491,55.0,538.0,Municipio Rosario,Municipio,Rosario,820210,Servicio de Catastro e Información Territorial,IGN
2014,6148,2014-08-22,Viernes,0.0,09:30:00,,0.0,1,Transporte de Pasajeros,Cordoba Y Pje. Gould,2,1,0,0,0,0,1,,Calle,,ROSARIO,Rosario,Asfalto,No existe,II,S/D,Urbana,Ninguna,S/D,Intersección,Bueno,Buena,Diurna,Buen Tiempo,S/D,S/D,S/D,Ninguna,S/D,S/D,Sin restricción,POINT (-60.67002589999999 -32.94073220000001),"['Córdoba', 'Gould']",2,Córdoba; Gould,-32.94073220000001,-60.67002589999999,55.0,538.0,Municipio Rosario,Municipio,Rosario,820210,Servicio de Catastro e Información Territorial,IGN
2014,6150,2014-08-20,Miercoles,0.0,,,0.0,2,"Moto/Ciclomotor,Automóvil",Av. Alberdi Bis Y Pje. Neil,3,2,0,0,1,0,0,,Calle,,ROSARIO,Rosario,Asfalto,No existe,II,Dentro,Urbana,S/D,No existe,Intersección,Bueno,Buena,Diurna,Buen Tiempo,Lateral,S/D,Colisión,S/D,Faltante,Cordón divisorio,Sin restricción,POINT (-60.686069200000006 -32.914522099999985),"['Alberdi', 'Neil']",2,Avenida Alberdi; Neil,-32.914522099999985,-60.686069200000006,55.0,538.0,Municipio Rosario,Municipio,Rosario,820210,Servicio de Catastro e Información Territorial,IGN
2014,6151,2014-08-19,Martes,0.0,07:10:00,,0.0,2,"Pickup/Utilitario,Automóvil",San Luis Y San Nicolas,5,1,0,0,4,0,0,,Calle,,ROSARIO,Rosario,Asfalto,No existe,II,S/D,Urbana,Ninguna,No existe,Intersección,Bueno,Buena,Diurna,Buen Tiempo,Lateral,S/D,Colisión,Ninguna,S/D,S/D,Sin restricción,POINT (-60.6729863 -32.942945),"['San Luis', 'San Nicolás']",2,San Luis; San Nicolás,-32.942945,-60.6729863,55.0,538.0,Municipio Rosario,Municipio,Rosario,820210,Servicio de Catastro e Información Territorial,IGN
2014,6152,2014-08-22,Viernes,0.0,20:10:00,,0.0,2,"Moto/Ciclomotor,Automóvil",Av. Provincias Unidas Y Av. Sorrento,3,1,0,0,2,0,0,,Calle,,ROSARIO,Rosario,Asfalto,S/D,II,S/D,Urbana,S/D,S/D,Curva,Bueno,S/D,Nocturna,S/D,S/D,S/D,S/D,S/D,S/D,S/D,S/D,POINT (-60.714102249999996 -32.9083328),"['Avenida Provincias Unidas', 'Sorrento']",2,Avenida Provincias Unidas; Avenida Sorrento,-32.9083328,-60.71410225,55.0,538.0,Municipio Rosario,Municipio,Rosario,820210,Servicio de Catastro e Información Territorial,IGN
2014,6155,2014-08-15,Viernes,0.0,14:40:00,,0.0,2,"Moto/Ciclomotor,Peatón",Santa Fe Y España,2,2,0,0,0,0,0,,Calle,,ROSARIO,Rosario,Asfalto,S/D,II,Dentro,Urbana,Semáforo,Funciona,Intersección,Bueno,Buena,Diurna,Buen Tiempo,Otro,S/D,Atropello,S/D,Vertical,Cordón divisorio,Sin restricción,POINT (-60.6461476 -32.943604900000004),"['Santa Fe', 'España']",2,Santa Fe; España,-32.943604900000004,-60.6461476,55.0,538.0,Municipio Rosario,Municipio,Rosario,820210,Servicio de Catastro e Información Territorial,IGN
2014,6156,2014-08-08,Viernes,0.0,07:10:00,,0.0,2,"Moto/Ciclomotor,Automóvil",Velez Sarsfield Y Av. Provincias Unidas,2,1,0,0,1,0,0,,Avenida,,ROSARIO,Rosario,Asfalto,Pavimento,II,Dentro,Urbana,S/D,S/D,Intersección,S/D,Buena,Diurna,Buen Tiempo,Otro,S/D,Colisión,S/D,S/D,S/D,Sin restricción,POINT (-60.7132322 -32.92604335),"['Vélez Sarsfield', 'Avenida Provincias Unidas']",2,Vélez Sarsfield; Avenida Provincias Unidas,-32.92604335,-60.7132322,55.0,538.0,Municipio Rosario,Municipio,Rosario,820210,Servicio de Catastro e Información Territorial,IGN
2014,6157,2014-08-14,Jueves,0.0,21:15:00,,0.0,2,"Automóvil,Otros",3 De Febrero Y Bv. Avellaneda,2,1,0,0,0,0,1,,Calle,,ROSARIO,Rosario,Asfalto,No existe,II,S/D,Urbana,Ninguna,No existe,Intersección,Bueno,Buena,Nocturna,Buen Tiempo,Frontal,S/D,Colisión,Ninguna,S/D,S/D,Sin restricción,POINT (-60.6807366 -32.945458),"['3 de Febrero', 'Avellaneda']",2,3 de Febrero; Bulevar Nicolás Avellaneda,-32.945458,-60.6807366,55.0,538.0,Municipio Rosario,Municipio,Rosario,820210,Servicio de Catastro e Información Territorial,IGN
2014,6158,2014-08-02,Sabado,0.0,20:10:00,,0.0,2,"Automóvil,Automóvil",COLECTORA 25 DE MAYO 2500,3,1,0,0,2,0,0,,Calle,,ROSARIO,Rosario,Asfalto,Natural,II,Dentro,Urbana,S/D,S/D,Intersección,Bueno,Buena,Nocturna,Buen Tiempo,Lateral,S/D,Colisión,S/D,Vertical,Ninguna,Sin restricción,"-32.9483408, -60.781437",['Colectora 25 De Mayo 2500'],1,Colectora 25 De Mayo 2500,-32.9483408,-60.781437,55.0,538.0,Municipio Rosario,Municipio,Rosario,820210,Servicio de Catastro e Información Territorial,IGN
2014,6162,2014-08-07,Jueves,0.0,20:50:00,,0.0,2,"Automóvil,Bicicleta",Av. Pellegrini Y Lima,2,1,0,0,1,0,0,,Avenida,,ROSARIO,Rosario,S/D,S/D,II,S/D,Urbana,S/D,S/D,Intersección,S/D,S/D,Nocturna,S/D,S/D,S/D,Atropello,S/D,S/D,S/D,S/D,POINT (-60.68596305 -32.94921605),"['Pellegrini', 'Lima']",2,Avenida Carlos Pellegrini; Lima,-32.94921605,-60.68596305,55.0,538.0,Municipio Rosario,Municipio,Rosario,820210,Servicio de Catastro e Información Territorial,IGN
2014,6163,2014-08-13,Miercoles,0.0,11:00:00,,0.0,3,"Automóvil,Automóvil,Peatón",M.Perdriel Y Pizurno,3,2,0,0,1,0,0,,Calle,,ROSARIO,Rosario,Asfalto,No existe,II,Dentro,Urbana,Ninguna,No existe,Intersección,Bueno,Buena,Diurna,Buen Tiempo,S/D,S/D,Atropello,S/D,Faltante,Ninguna,Sin restricción,POINT (-60.7116593 -32.894940899999995),"['Perdriel', 'Pablo Pizzurno']",2,Perdriel; Pablo Pizzurno,-32.894940899999995,-60.7116593,55.0,538.0,Municipio Rosario,Municipio,Rosario,820210,Servicio de Catastro e Información Territorial,IGN
2014,6165,2014-08-14,Jueves,0.0,16:35:00,,0.0,2,"Automóvil,Moto/Ciclomotor",Paraguay Y San Luis,2,1,0,0,1,0,0,,Calle,,ROSARIO,Rosario,Asfalto,S/D,II,Dentro,Urbana,Semáforo,Funciona,Intersección,Bueno,Buena,Diurna,Buen Tiempo,Lateral,S/D,Colisión,S/D,Vertical,Cordón divisorio,Sin restricción,POINT (-60.6443776 -32.94803569999999),"['Paraguay', 'San Luis']",2,Paraguay; San Luis,-32.94803569999999,-60.6443776,55.0,538.0,Municipio Rosario,Municipio,Rosario,820210,Servicio de Catastro e Información Territorial,IGN
2014,6166,2014-08-31,Domingo,0.0,12:30:00,,0.0,2,"Pickup/Utilitario,Automóvil",Pueyrredon Y E.Zeballos,2,1,0,0,1,0,0,,Calle,,ROSARIO,Rosario,Asfalto,No existe,II,S/D,Urbana,S/D,No existe,Intersección,Bueno,Buena,Diurna,Buen Tiempo,Lateral,S/D,Colisión,Ninguna,S/D,S/D,Sin restricción,POINT (-60.6595219 -32.95155700000002),"['Pueyrredón', 'Zeballos']",2,Pueyrredón; Zeballos,-32.95155700000002,-60.6595219,55.0,538.0,Municipio Rosario,Municipio,Rosario,820210,Servicio de Catastro e Información Territorial,IGN
2014,6168,2014-08-27,Miercoles,0.0,17:00:00,,0.0,3,"Automóvil,Automóvil,Automóvil",Alberdi Y Gorriti,3,2,0,0,1,0,0,,Calle,,ROSARIO,Rosario,S/D,S/D,II,S/D,Urbana,S/D,Funciona,Recta,S/D,S/D,Diurna,S/D,S/D,S/D,S/D,S/D,S/D,S/D,S/D,POINT (-60.6790462 -32.923453200000004),"['Alberdi', 'Gorriti']",2,Avenida Alberdi; Gorriti,-32.923453200000004,-60.6790462,55.0,538.0,Municipio Rosario,Municipio,Rosario,820210,Servicio de Catastro e Información Territorial,IGN
2014,6169,2014-08-10,Domingo,0.0,,,0.0,2,"Automóvil,Moto/Ciclomotor",Palliere 2900,3,0,0,0,0,0,3,,Calle,,ROSARIO,Rosario,Asfalto,No existe,II,Dentro,Urbana,Ninguna,No existe,Intersección,Bueno,Buena,Diurna,Buen Tiempo,S/D,S/D,Colisión,S/D,S/D,S/D,S/D,"-32.8886262, -60.7137081",['Palliere 2900'],1,Palliere 2900,-32.8886262,-60.7137081,55.0,538.0,Municipio Rosario,Municipio,Rosario,820210,Servicio de Catastro e Información Territorial,IGN
2014,6172,2014-08-25,Lunes,0.0,08:20:00,,0.0,2,"Taxi/Remis,Moto/Ciclomotor",Medrano Y Blas Parera,2,1,0,0,1,0,0,,Calle,,ROSARIO,Rosario,Asfalto,No existe,II,Dentro,Urbana,Ninguna,No existe,Intersección,Bueno,Buena,Diurna,Buen Tiempo,Frontal,S/D,Colisión,Ninguna,Faltante,Ninguna,Sin restricción,POINT (-60.6995473 -32.90181139999999),"['Medrano', 'Blas Parera']",2,Medrano; Blas Parera,-32.90181139999999,-60.6995473,55.0,538.0,Municipio Rosario,Municipio,Rosario,820210,Servicio de Catastro e Información Territorial,IGN
2014,6174,2014-08-13,Miercoles,0.0,10:05:00,,0.0,2,"Automóvil,Peatón",Dorrego Y E.Zeballos,2,1,0,0,1,0,0,,Calle,,ROSARIO,Rosario,Asfalto,S/D,II,Dentro,Urbana,Ninguna,No existe,Intersección,Bueno,Buena,Diurna,Buen Tiempo,S/D,S/D,Atropello,S/D,Faltante,Cordón divisorio,Sin restricción,POINT (-60.6513524 -32.95302869999999),"['Dorrego', 'Zeballos']",2,Manuel Dorrego; Zeballos,-32.95302869999999,-60.6513524,55.0,538.0,Municipio Rosario,Municipio,Rosario,820210,Servicio de Catastro e Información Territorial,IGN
2014,6175,2014-08-18,Lunes,0.0,18:15:00,,0.0,2,"Bicicleta,Automóvil",Solis Y Tucuman,2,1,0,0,1,0,0,,Calle,,ROSARIO,Rosario,S/D,No existe,II,Dentro,Urbana,Ninguna,No existe,Intersección,S/D,S/D,Diurna,S/D,S/D,S/D,Atropello,S/D,"Horizontal,Vertical",Ninguna,Sin restricción,POINT (-60.703743800000005 -32.932303799999985),"['Solis', 'Tucumán']",2,Juan Díaz de Solís; Tucumán,-32.932303799999985,-60.703743800000005,55.0,538.0,Municipio Rosario,Municipio,Rosario,820210,Servicio de Catastro e Información Territorial,IGN
2014,6176,2014-08-15,Viernes,0.0,20:10:00,,0.0,2,"Camión,Otros",Bv. Bouchard Y Gazcon,2,1,0,0,1,0,0,,Calle,,ROSARIO,Rosario,S/D,S/D,II,Dentro,Urbana,S/D,S/D,S/D,S/D,S/D,Atardecer,S/D,S/D,S/D,Colisión,S/D,S/D,S/D,S/D,POINT (-60.7275546 -32.8902487),"['Bouchard', 'Gascón']",2,Bulevar Bouchard; Gascón,-32.8902487,-60.7275546,55.0,538.0,Municipio Rosario,Municipio,Rosario,820210,Servicio de Catastro e Información Territorial,IGN
2014,6177,2014-08-23,Sabado,0.0,14:00:00,,0.0,3,"Automóvil,Automóvil,Automóvil",Velez Sarsfield 600,3,1,0,0,1,0,1,,Calle,,ROSARIO,Rosario,S/D,S/D,II,S/D,Urbana,S/D,Funciona,S/D,S/D,S/D,Diurna,S/D,S/D,S/D,S/D,S/D,S/D,S/D,S/D,"-32.9247698, -60.6723075",['Velez Sarsfield 600'],1,Velez Sarsfield 600,-32.9247698,-60.6723075,55.0,538.0,Municipio Rosario,Municipio,Rosario,820210,Servicio de Catastro e Información Territorial,IGN
2014,6180,2014-08-16,Sabado,0.0,21:41:00,,0.0,2,"Moto/Ciclomotor,Automóvil",Camilo Aldao 419 B,3,1,0,0,2,0,0,,Calle,,ROSARIO,Rosario,Asfalto,No existe,II,Dentro,Urbana,Ninguna,No existe,Recta,S/D,Buena,Nocturna,S/D,Lateral,S/D,Colisión,S/D,S/D,Ninguna,Sin restricción,"-32.9236577875, -60.69666045",['Camilo Aldao 419 B'],1,Camilo Aldao 419 B,-32.9236577875,-60.69666045,55.0,538.0,Municipio Rosario,Municipio,Rosario,820210,Servicio de Catastro e Información Territorial,IGN
2014,6184,2014-08-18,Lunes,0.0,14:14:00,,0.0,2,"Automóvil,Moto/Ciclomotor",Av. Sorrento Y Av. Casiano Casas,3,1,0,0,2,0,0,,Avenida,,ROSARIO,Rosario,Asfalto,No existe,II,Dentro,Urbana,Semáforo,Funciona,Intersección,Bueno,Buena,Diurna,Buen Tiempo,Frontal,S/D,Colisión,Ninguna,Vertical,Ninguna,Sin restricción,POINT (-60.695695025000006 -32.90729415),"['Sorrento', 'Avenida Casiano Casas']",2,Avenida Sorrento; Avenida Casiano Casas,-32.90729415,-60.695695025000006,55.0,538.0,Municipio Rosario,Municipio,Rosario,820210,Servicio de Catastro e Información Territorial,IGN
2014,6186,2014-08-11,Lunes,0.0,15:00:00,,0.0,2,"Moto/Ciclomotor,Automóvil",Bv. Oroño Y 3 De Febrero,3,1,0,0,2,0,0,,Calle,,ROSARIO,Rosario,Asfalto,S/D,II,Dentro,Urbana,Semáforo,Funciona,Intersección,Bueno,Buena,Diurna,Buen Tiempo,Frontal,S/D,Colisión,S/D,Vertical,Cordón divisorio,Sin restricción,POINT (-60.654906749999995 -32.950095049999995),"['Bulevar Nicasio Oroño', '3 de Febrero']",2,Bulevar Nicasio Oroño; 3 de Febrero,-32.950095049999995,-60.65490675,55.0,538.0,Municipio Rosario,Municipio,Rosario,820210,Servicio de Catastro e Información Territorial,IGN
2014,6187,2014-08-08,Viernes,0.0,20:10:00,,0.0,1,Moto/Ciclomotor,Av. Pellegrini Y San Nicolas,1,1,0,0,0,0,0,,Calle,,ROSARIO,Rosario,Asfalto,No existe,II,S/D,Urbana,S/D,S/D,Intersección,Bueno,Buena,Diurna,Buen Tiempo,S/D,S/D,S/D,Ninguna,S/D,S/D,Sin restricción,POINT (-60.663254 -32.97802039999999),"['Pellegrini', 'San Nicolás']",2,Avenida Carlos Pellegrini; San Nicolás,-32.97802039999999,-60.663254,55.0,538.0,Municipio Rosario,Municipio,Rosario,820210,Servicio de Catastro e Información Territorial,IGN
2014,6188,2014-08-19,Martes,0.0,,,0.0,2,"Moto/Ciclomotor,Automóvil",Av. Alberti Y Bv. Avellaneda,2,1,0,0,1,0,0,,Calle,,ROSARIO,Rosario,Asfalto,S/D,II,S/D,Urbana,S/D,S/D,Recta,Bueno,S/D,S/D,S/D,S/D,S/D,S/D,S/D,S/D,S/D,S/D,POINT (-60.676114299999995 -32.92712292499999),"['Alberdi', 'Avellaneda']",2,Avenida Alberdi; Bulevar Nicolás Avellaneda,-32.92712292499999,-60.6761143,55.0,538.0,Municipio Rosario,Municipio,Rosario,820210,Servicio de Catastro e Información Territorial,IGN
2014,6189,2014-08-15,Viernes,0.0,12:00:00,,0.0,2,"Automóvil,Transporte de Pasajeros Urbano (> 8 asientos)",Av. Francia Y San Luis,2,1,0,0,1,0,0,,Calle,,ROSARIO,Rosario,Asfalto,No existe,II,S/D,Urbana,Ninguna,S/D,Intersección,Bueno,Buena,Diurna,Buen Tiempo,S/D,S/D,Colisión,Ninguna,S/D,S/D,Sin restricción,POINT (-60.66618015 -32.9441667),"['Avenida Francia', 'San Luis']",2,Avenida Francia; San Luis,-32.9441667,-60.66618015,55.0,538.0,Municipio Rosario,Municipio,Rosario,820210,Servicio de Catastro e Información Territorial,IGN
2014,6192,2014-08-20,Miercoles,0.0,17:10:00,,0.0,2,"Moto/Ciclomotor,Pickup/Utilitario",Casilda Y Larrea,3,2,0,0,1,0,0,,Calle,,ROSARIO,Rosario,S/D,No existe,II,S/D,Urbana,S/D,No existe,Intersección,S/D,S/D,Diurna,Buen Tiempo,Lateral,S/D,Colisión,S/D,S/D,S/D,S/D,POINT (-60.6977227 -32.928707499999994),"['Casilda', 'Larrea']",2,Casilda; Larrea,-32.928707499999994,-60.6977227,55.0,538.0,Municipio Rosario,Municipio,Rosario,820210,Servicio de Catastro e Información Territorial,IGN
2014,6193,2014-08-29,Viernes,0.0,05:10:00,,0.0,2,"Automóvil,Automóvil",Bv. Rondeau Y Baigorria,2,1,0,0,1,0,0,,Avenida,,ROSARIO,Rosario,Asfalto,No existe,II,Dentro,Urbana,Semáforo,Funciona,Recta,Bueno,Buena,Amanecer,Buen Tiempo,Lateral,S/D,Colisión,S/D,Vertical,Cordón divisorio,Sin restricción,POINT (-60.693283075000004 -32.89152782499999),"['Rondeau', 'Baigorria']",2,Bulevar General José Rondeau; Baigorria,-32.89152782499999,-60.693283075,55.0,538.0,Municipio Rosario,Municipio,Rosario,820210,Servicio de Catastro e Información Territorial,IGN
2014,6195,2014-08-25,Lunes,0.0,21:15:00,,0.0,2,"Moto/Ciclomotor,Automóvil",E.Zeballos Y San Nicolas,3,1,0,0,2,0,0,,Calle,,ROSARIO,Rosario,Asfalto,No existe,II,S/D,Urbana,Ninguna,No existe,Intersección,Bueno,Buena,Nocturna,Buen Tiempo,S/D,S/D,Colisión,Ninguna,S/D,S/D,Sin restricción,POINT (-60.6744781 -32.9488731),"['Zeballos', 'San Nicolás']",2,Zeballos; San Nicolás,-32.9488731,-60.6744781,55.0,538.0,Municipio Rosario,Municipio,Rosario,820210,Servicio de Catastro e Información Territorial,IGN
2014,6198,2014-08-16,Sabado,0.0,13:30:00,,0.0,2,"Automóvil,Automóvil",Bv. Avellaneda Y Av. Pellegrini,2,1,0,0,1,0,0,,Calle,,ROSARIO,Rosario,Asfalto,No existe,II,S/D,Urbana,Ninguna,Funciona,Intersección,Bueno,Buena,Diurna,Buen Tiempo,De alcance,S/D,Colisión,Ninguna,S/D,S/D,Sin restricción,POINT (-60.68184480000001 -32.949949249999996),"['Avellaneda', 'Pellegrini']",2,Bulevar Nicolás Avellaneda; Avenida Carlos Pellegrini,-32.94994925,-60.68184480000001,55.0,538.0,Municipio Rosario,Municipio,Rosario,820210,Servicio de Catastro e Información Territorial,IGN