anio_acci,nro_acci,fecha,desc_dia,fecha_aprox,hora_aprox,desc_ruta,km,cant_participantes,desc_participante,calle_avenida_km,total,heridos_leves,heridos_graves,heridos_gravisimos,ilesos,fallecidos,sin_datos,posicion_XY,desc_tipo_via,desc_ruta_ori,desc_loc,desc_dpto,desc_tipo_calzada,desc_tipo_banquina,desc_unidad_regional,desc_lugar_calzada,desc_zona,desc_prioridad,desc_estado_semaforo,desc_lugar_via,desc_estado_via,desc_estado_visibilidad,desc_luminosidad,desc_estado_clima,desc_tipo_colision,desc_tipo_atropello,desc_tipo_hecho,desc_pres_calzada,desc_senializacion,desc_separacion_via,desc_restriccion,forma_geocod,calle_lista,numero_calles,calles_osm,lat,lon,index_right,gid,fna,gna,nam,in1,fdc,sag
2014,6199,2014-08-19,Martes,0.0,12:15:00,,0.0,2,"Peatón,Automóvil",Av. Sorrento Y Renan,2,1,0,0,1,0,0,,Calle,,ROSARIO,Rosario,Asfalto,No existe,II,Dentro,Urbana,Ninguna,No existe,Intersección,Bueno,Buena,Diurna,Buen Tiempo,S/D,S/D,Atropello,Ninguna,Faltante,Ninguna,Sin restricción,POINT (-60.69517745 -32.90728005),"['Sorrento', 'Renán']",2,Avenida Sorrento; Renán,-32.90728005,-60.69517745,55.0,538.0,Municipio Rosario,Municipio,Rosario,820210,Servicio de Catastro e Información Territorial,IGN
2014,6201,2014-08-22,Viernes,0.0,,,0.0,2,"Moto/Ciclomotor,Transporte de Pasajeros Larga Distancia (> 8 asientos)",Donado 290,3,1,0,0,2,0,0,,Calle,,ROSARIO,Rosario,Asfalto,S/D,II,S/D,S/D,S/D,S/D,Recta,Bueno,Buena,S/D,S/D,S/D,S/D,Colisión,S/D,S/D,S/D,S/D,"-32.931650324489794, -60.727410497959184",['Donado 290'],1,Donado 290,-32.931650324489794,-60.727410497959184,55.0,538.0,Municipio Rosario,Municipio,Rosario,820210,Servicio de Catastro e Información Territorial,IGN
2014,6203,2014-08-26,Martes,0.0,21:35:00,,0.0,2,"Automóvil,Moto/Ciclomotor",Diaz Velez Y Pje. Caggiano,3,2,0,0,1,0,0,,Calle,,ROSARIO,Rosario,S/D,S/D,II,S/D,Urbana,S/D,S/D,Intersección,S/D,S/D,Nocturna,S/D,S/D,S/D,S/D,S/D,S/D,S/D,S/D,POINT (-60.6847332 -32.92407689999999),"['Díaz Vélez', 'Caggiano']",2,Díaz Vélez; Pasaje Caggiano,-32.92407689999999,-60.6847332,55.0,538.0,Municipio Rosario,Municipio,Rosario,820210,Servicio de Catastro e Información Territorial,IGN
2014,6204,2014-08-15,Viernes,0.0,12:30:00,,0.0,2,"Automóvil,Moto/Ciclomotor",Iriondo Y Montevideo,3,2,0,0,1,0,0,,Calle,,ROSARIO,Rosario,Asfalto,No existe,II,S/D,Urbana,Ninguna,S/D,Intersección,Bueno,Buena,Diurna,Buen Tiempo,Lateral,S/D,Colisión,Ninguna,S/D,Ninguna,Sin restricción,POINT (-60.6720567 -32.9505233),"['Iriondo', 'Montevideo']",2,Iriondo; Montevideo,-32.9505233,-60.6720567,55.0,538.0,Municipio Rosario,Municipio,Rosario,820210,Servicio de Catastro e Información Territorial,IGN
2014,6205,2014-08-22,Viernes,0.0,19:15:00,,0.0,2,"Moto/Ciclomotor,Automóvil",P.L.Funes Y French,2,1,0,0,1,0,0,,Calle,,ROSARIO,Rosario,Asfalto,S/D,II,S/D,Urbana,S/D,S/D,Recta,Con baches,S/D,Atardecer,S/D,S/D,S/D,Colisión,S/D,S/D,S/D,S/D,POINT (-60.70192310000001 -32.921481799999995),"['Funes', 'French']",2,Deán Gregorio Funes; Domingo French,-32.921481799999995,-60.70192310000001,55.0,538.0,Municipio Rosario,Municipio,Rosario,820210,Servicio de Catastro e Información Territorial,IGN
2014,6208,2014-08-04,Lunes,0.0,04:20:00,,0.0,1,Moto/Ciclomotor,Av. Corrientes 700,2,2,0,0,0,0,0,,Calle,,ROSARIO,Rosario,Asfalto,S/D,II,Dentro,Urbana,Semáforo,Funciona,Recta,Bueno,Buena,"Nocturna,Con luz artificial",Buen Tiempo,Otro,S/D,Caída ocupante,S/D,Vertical,Cordón divisorio,Sin restricción,"-32.9442624, -60.6420603",['Corrientes 700'],1,Corrientes 700,-32.9442624,-60.6420603,55.0,538.0,Municipio Rosario,Municipio,Rosario,820210,Servicio de Catastro e Información Territorial,IGN
2014,6210,2014-08-15,Viernes,0.0,14:20:00,,0.0,2,"Automóvil,Automóvil",E.Zeballos Y Lima,2,1,0,0,1,0,0,,Calle,,ROSARIO,Rosario,Asfalto,No existe,II,S/D,Urbana,Ninguna,S/D,Intersección,Bueno,Buena,Diurna,Buen Tiempo,Lateral,S/D,Colisión,Ninguna,S/D,S/D,Sin restricción,POINT (-60.6853927 -32.9469522),"['Zeballos', 'Lima']",2,Zeballos; Lima,-32.9469522,-60.6853927,55.0,538.0,Municipio Rosario,Municipio,Rosario,820210,Servicio de Catastro e Información Territorial,IGN
2014,6211,2014-08-27,Miercoles,0.0,,,0.0,2,"Automóvil,Automóvil",Av. Luis Carballo Y Bv. Avellaneda,2,1,0,0,1,0,0,,Avenida,,ROSARIO,Rosario,S/D,S/D,II,S/D,Urbana,S/D,S/D,Intersección,S/D,S/D,S/D,S/D,S/D,S/D,S/D,S/D,S/D,S/D,S/D,POINT (-60.674817000000004 -32.9219776),"['Avenida Doctor Luis Cándido Carballo', 'Avellaneda']",2,Avenida Doctor Luis Cándido Carballo; Bulevar Nicolás Avellaneda,-32.9219776,-60.674817,55.0,538.0,Municipio Rosario,Municipio,Rosario,820210,Servicio de Catastro e Información Territorial,IGN
2014,6212,2014-08-15,Viernes,0.0,06:00:00,,0.0,2,"Transporte de Pasajeros Urbano (> 8 asientos),Moto/Ciclomotor",Mendoza Y Cafferata,2,1,0,0,1,0,0,,Calle,,ROSARIO,Rosario,Asfalto,No existe,II,S/D,Urbana,Ninguna,S/D,Intersección,Bueno,Buena,Amanecer,Buen Tiempo,Lateral,S/D,Colisión,Ninguna,S/D,S/D,Sin restricción,POINT (-60.672258799999994 -32.9456991),"['Mendoza', 'Cafferata']",2,Mendoza; Cafferata,-32.9456991,-60.6722588,55.0,538.0,Municipio Rosario,Municipio,Rosario,820210,Servicio de Catastro e Información Territorial,IGN
2014,6213,2014-08-05,Martes,0.0,18:00:00,,0.0,2,"Moto/Ciclomotor,Automóvil",Bv. Oroño Y San Juan,2,1,0,0,1,0,0,,Calle,,ROSARIO,Rosario,Asfalto,S/D,II,Dentro,Urbana,Semáforo,Funciona,Intersección,Bueno,Buena,"Nocturna,Con luz artificial",Buen Tiempo,Lateral,S/D,Colisión,S/D,Vertical,Cordón divisorio,Sin restricción,POINT (-60.6542222 -32.947453949999996),"['Bulevar Nicasio Oroño', 'San Juan']",2,Bulevar Nicasio Oroño; San Juan,-32.94745395,-60.6542222,55.0,538.0,Municipio Rosario,Municipio,Rosario,820210,Servicio de Catastro e Información Territorial,IGN
2014,6215,2014-08-26,Martes,0.0,14:10:00,,0.0,2,"Bicicleta,Automóvil",Salta Y Vera Mujica,2,1,0,0,1,0,0,,Calle,,ROSARIO,Rosario,Asfalto,S/D,II,Dentro,Urbana,Semáforo,Funciona,Recta,Bueno,Buena,Diurna,Buen Tiempo,S/D,S/D,Atropello,S/D,Vertical,Línea divisoria pintada,Sin restricción,POINT (-60.66513909999999 -32.934323199999994),"['Salta', 'Vera Mujíca']",2,Salta; Vera Mujíca,-32.934323199999994,-60.66513909999999,55.0,538.0,Municipio Rosario,Municipio,Rosario,820210,Servicio de Catastro e Información Territorial,IGN
2014,6216,2014-08-27,Miercoles,0.0,09:00:00,,0.0,2,"Bicicleta,Automóvil",Salta Y Suipacha,2,1,0,0,1,0,0,,Calle,,ROSARIO,Rosario,Asfalto,No existe,II,S/D,Urbana,Semáforo,Funciona,Recta,Bueno,Buena,Diurna,Buen Tiempo,S/D,S/D,Atropello,Otro,Vertical,Ninguna,Sin restricción,POINT (-60.6624133 -32.9348077),"['Salta', 'Suipacha']",2,Salta; Suipacha,-32.9348077,-60.6624133,55.0,538.0,Municipio Rosario,Municipio,Rosario,820210,Servicio de Catastro e Información Territorial,IGN
2014,6217,2014-08-24,Domingo,0.0,22:15:00,,0.0,2,"Automóvil,Automóvil",Ricchieri Y Urquiza,2,1,0,0,1,0,0,,Calle,,ROSARIO,Rosario,Asfalto,No existe,II,S/D,Urbana,Ninguna,No existe,Recta,Bueno,Buena,Nocturna,Buen Tiempo,Otro,S/D,Colisión,Otro,Faltante,Ninguna,Sin restricción,POINT (-60.6619733 -32.9385564),"['Ricchieri', 'Urquiza']",2,Ricchieri; Justo José de Urquiza,-32.9385564,-60.6619733,55.0,538.0,Municipio Rosario,Municipio,Rosario,820210,Servicio de Catastro e Información Territorial,IGN
2014,6219,2014-08-05,Martes,0.0,09:40:00,,0.0,2,"Automóvil,Moto/Ciclomotor",Cordoba 3800,3,1,0,0,2,0,0,,Calle,,ROSARIO,Rosario,Asfalto,No existe,II,S/D,Urbana,Ninguna,S/D,S/D,Bueno,Buena,Diurna,Buen Tiempo,Lateral,S/D,Colisión,Ninguna,S/D,S/D,Sin restricción,"-32.9397969, -60.6748933",['Cordoba 3800'],1,Cordoba 3800,-32.9397969,-60.6748933,55.0,538.0,Municipio Rosario,Municipio,Rosario,820210,Servicio de Catastro e Información Territorial,IGN
2014,6220,2014-08-16,Sabado,0.0,12:15:00,,0.0,2,"Automóvil,Moto/Ciclomotor",Bv. Avellaneda Y San Lorenzo,2,1,0,0,1,0,0,,Calle,,ROSARIO,Rosario,Asfalto,No existe,II,S/D,Urbana,Semáforo,Funciona,Recta,Bueno,Buena,Diurna,Buen Tiempo,Otro,S/D,Colisión,Otro,Vertical,Ninguna,Sin restricción,POINT (-60.67856895 -32.936793300000005),"['Avellaneda', 'San Lorenzo']",2,Bulevar Nicolás Avellaneda; San Lorenzo,-32.936793300000005,-60.67856895,55.0,538.0,Municipio Rosario,Municipio,Rosario,820210,Servicio de Catastro e Información Territorial,IGN
2014,6224,2014-08-02,Sabado,0.0,11:20:00,,0.0,2,"Camión,Automóvil",9 De Julio Y Ricchieri,3,2,0,0,1,0,0,,Calle,,ROSARIO,Rosario,Asfalto,No existe,II,S/D,Urbana,Ninguna,S/D,Intersección,Bueno,Buena,Diurna,Buen Tiempo,Lateral,S/D,Colisión,Ninguna,S/D,S/D,Sin restricción,POINT (-60.6647054 -32.9494569),"['9 de Julio', 'Ricchieri']",2,9 de Julio; Ricchieri,-32.9494569,-60.6647054,55.0,538.0,Municipio Rosario,Municipio,Rosario,820210,Servicio de Catastro e Información Territorial,IGN
2014,6228,2014-08-07,Jueves,0.0,19:00:00,,0.0,2,"Automóvil,Moto/Ciclomotor",Tucuman Y Rodo,3,3,0,0,0,0,0,,Calle,,ROSARIO,Rosario,Asfalto,Natural,II,S/D,Urbana,Ninguna,No existe,Curva,Bueno,Buena,Atardecer,Buen Tiempo,Lateral,S/D,Colisión,Ninguna,Faltante,S/D,Sin restricción,POINT (-60.72610850000001 -32.9329176),"['Tucumán', 'Rodó']",2,Tucumán; Rodó,-32.9329176,-60.72610850000001,55.0,538.0,Municipio Rosario,Municipio,Rosario,820210,Servicio de Catastro e Información Territorial,IGN
2014,6232,2014-08-07,Jueves,0.0,19:00:00,,0.0,2,"Peatón,Automóvil",San Luis Y Mitre,2,1,0,0,1,0,0,,Calle,,ROSARIO,Rosario,Asfalto,S/D,II,Dentro,Urbana,Ninguna,No existe,Intersección,Bueno,Buena,Atardecer,Buen Tiempo,Otro,S/D,Atropello,S/D,Faltante,Cordón divisorio,Sin restricción,POINT (-60.64024150000001 -32.9487917),"['San Luis', 'Mitre']",2,San Luis; Bartolomé Mitre,-32.9487917,-60.64024150000001,55.0,538.0,Municipio Rosario,Municipio,Rosario,820210,Servicio de Catastro e Información Territorial,IGN
2014,6235,2014-08-07,Jueves,0.0,14:35:00,,0.0,2,"Automóvil,Peatón",Av. Pellegrini ,2,1,0,0,1,0,0,,Calle,,ROSARIO,Rosario,Asfalto,S/D,II,Fuera,Urbana,Ninguna,No existe,Recta,Bueno,Buena,Diurna,Buen Tiempo,Otro,S/D,Atropello,S/D,Faltante,Cordón divisorio,Sin restricción,"-32.9533922, -60.6629192",['Pellegrini'],1,Pellegrini,-32.9533922,-60.6629192,55.0,538.0,Municipio Rosario,Municipio,Rosario,820210,Servicio de Catastro e Información Territorial,IGN
2014,6237,2014-08-08,Viernes,0.0,15:40:00,,0.0,2,"Transporte de Pasajeros Urbano (> 8 asientos),Moto/Ciclomotor",Urquiza Y Av. Carlos Colombres,2,1,0,0,1,0,0,,Calle,,ROSARIO,Rosario,Asfalto,Natural,II,Dentro,Urbana,Ninguna,No existe,S/D,Bueno,Buena,Diurna,Buen Tiempo,Lateral,S/D,Colisión,Ninguna,Faltante,S/D,S/D,POINT (-60.72959840000001 -32.933917099999995),"['Urquiza', 'José Colombres']",2,Justo José de Urquiza; José Colombres,-32.933917099999995,-60.72959840000001,55.0,538.0,Municipio Rosario,Municipio,Rosario,820210,Servicio de Catastro e Información Territorial,IGN
2014,6238,2014-08-15,Viernes,0.0,14:00:00,,0.0,2,"Automóvil,Automóvil",Av. Corrientes Y Salta,2,1,0,0,1,0,0,,Calle,,ROSARIO,Rosario,Asfalto,No existe,II,Dentro,Urbana,Ninguna,No existe,Intersección,Bueno,Buena,Diurna,Buen Tiempo,Lateral,S/D,Colisión,S/D,S/D,Ninguna,Sin restricción,POINT (-60.64058790000001 -32.9387076),"['Corrientes', 'Salta']",2,Corrientes; Salta,-32.9387076,-60.64058790000001,55.0,538.0,Municipio Rosario,Municipio,Rosario,820210,Servicio de Catastro e Información Territorial,IGN
2014,6240,2014-08-01,Viernes,0.0,19:00:00,,0.0,2,"Automóvil,Automóvil",E.Zeballos Y Ricchieri,4,3,0,0,1,0,0,,Calle,,ROSARIO,Rosario,Asfalto,No existe,II,S/D,Urbana,S/D,S/D,Intersección,Bueno,Buena,Atardecer,Buen Tiempo,S/D,S/D,Colisión,Ninguna,S/D,S/D,Sin restricción,POINT (-60.664986799999994 -32.95057959999998),"['Zeballos', 'Ricchieri']",2,Zeballos; Ricchieri,-32.95057959999998,-60.6649868,55.0,538.0,Municipio Rosario,Municipio,Rosario,820210,Servicio de Catastro e Información Territorial,IGN
2014,6242,2014-08-21,Jueves,0.0,10:10:00,,0.0,2,"Automóvil,Automóvil",Tucuman Y Muniagurria,3,0,0,0,2,0,1,,Calle,,ROSARIO,Rosario,Asfalto,S/D,II,S/D,Urbana,S/D,S/D,Intersección,Bueno,Buena,Diurna,Buen Tiempo,S/D,S/D,S/D,S/D,S/D,S/D,S/D,POINT (-60.7331541 -32.93311889999999),"['Tucumán', 'Muniagurría']",2,Tucumán; Muniagurría,-32.93311889999999,-60.7331541,55.0,538.0,Municipio Rosario,Municipio,Rosario,820210,Servicio de Catastro e Información Territorial,IGN
2014,6243,2014-08-22,Viernes,0.0,08:45:00,,0.0,2,"Peatón,Transporte de Pasajeros Urbano (> 8 asientos)",Mitre Y San Lorenzo,2,1,0,0,1,0,0,,Calle,,ROSARIO,Rosario,Asfalto,No existe,II,Dentro,Urbana,Ninguna,No existe,Intersección,Bueno,Buena,Diurna,Buen Tiempo,S/D,S/D,Caída ocupante,S/D,S/D,Ninguna,Sin restricción,POINT (-60.6390063 -32.9438873),"['Mitre', 'San Lorenzo']",2,"('Bartolomé Mitre', 'San Lorenzo')",-32.9438873,-60.6390063,55.0,538.0,Municipio Rosario,Municipio,Rosario,820210,Servicio de Catastro e Información Territorial,IGN
2014,6245,2014-08-02,Sabado,0.0,06:15:00,,0.0,2,"Automóvil,Moto/Ciclomotor",Cordoba Y Suipacha,2,1,0,0,1,0,0,,Calle,,ROSARIO,Rosario,Asfalto,No existe,II,S/D,Urbana,Ninguna,S/D,Intersección,Bueno,Buena,Amanecer,Buen Tiempo,Lateral,S/D,Colisión,Ninguna,S/D,S/D,Sin restricción,POINT (-60.6642044 -32.9417837),"['Córdoba', 'Suipacha']",2,Córdoba; Suipacha,-32.9417837,-60.6642044,55.0,538.0,Municipio Rosario,Municipio,Rosario,820210,Servicio de Catastro e Información Territorial,IGN
2014,6247,2014-08-20,Miercoles,0.0,19:30:00,,0.0,2,"Automóvil,Moto/Ciclomotor",Av. Provincias Unidas 300B,3,1,0,0,2,0,0,,Calle,,ROSARIO,Rosario,Asfalto,Pavimento,II,S/D,Urbana,S/D,S/D,Recta,Bueno,Buena,Atardecer,Buen Tiempo,S/D,S/D,S/D,Ninguna,S/D,S/D,S/D,"-32.9260446, -60.713277",['Provincias Unidas 300b'],1,Provincias Unidas 300b,-32.9260446,-60.713277,55.0,538.0,Municipio Rosario,Municipio,Rosario,820210,Servicio de Catastro e Información Territorial,IGN
2014,6249,2014-08-07,Jueves,0.0,19:00:00,,0.0,2,"Moto/Ciclomotor,Automóvil",San Nicolas Y 9 De Julio,3,1,0,0,2,0,0,,Calle,,ROSARIO,Rosario,Asfalto,No existe,II,S/D,Urbana,S/D,S/D,Intersección,Bueno,S/D,Diurna,Buen Tiempo,Lateral,S/D,Colisión,Agua,S/D,S/D,Sin restricción,POINT (-60.674188699999995 -32.94772739999999),"['San Nicolás', '9 de Julio']",2,San Nicolás; 9 de Julio,-32.94772739999999,-60.6741887,55.0,538.0,Municipio Rosario,Municipio,Rosario,820210,Servicio de Catastro e Información Territorial,IGN
2014,6251,2014-08-12,Martes,0.0,10:50:00,,0.0,2,"Automóvil,Automóvil",Callao Y 3 De Febrero,3,1,0,0,2,0,0,,Calle,,ROSARIO,Rosario,Asfalto,No existe,II,Dentro,Urbana,S/D,S/D,Intersección,Bueno,Buena,Diurna,Buen Tiempo,Lateral,S/D,Colisión,Ninguna,S/D,S/D,Sin restricción,POINT (-60.6617148 -32.9488728),"['Callao', '3 de Febrero']",2,Callao; 3 de Febrero,-32.9488728,-60.6617148,55.0,538.0,Municipio Rosario,Municipio,Rosario,820210,Servicio de Catastro e Información Territorial,IGN
2014,6255,2014-08-31,Domingo,0.0,23:40:00,,0.0,1,Moto/Ciclomotor,Montevideo Y Carriego,1,0,0,0,0,0,1,,Calle,,ROSARIO,Rosario,Asfalto,No existe,II,Dentro,Urbana,S/D,S/D,Intersección,Bueno,Buena,Nocturna,Buen Tiempo,S/D,S/D,S/D,S/D,S/D,S/D,Sin restricción,POINT (-60.6911076 -32.94711439999999),"['Montevideo', 'Carriego']",2,Montevideo; Carriego,-32.94711439999999,-60.6911076,55.0,538.0,Municipio Rosario,Municipio,Rosario,820210,Servicio de Catastro e Información Territorial,IGN
2014,6256,2014-08-07,Jueves,0.0,13:10:00,,0.0,2,"Bicicleta,Automóvil",Av. Brassey Y Sarratea Bis,2,1,0,0,1,0,0,,Calle,,ROSARIO,Rosario,Asfalto,S/D,II,S/D,Urbana,S/D,No existe,Recta,Bueno,Buena,Diurna,Buen Tiempo,S/D,S/D,Atropello,S/D,Faltante,S/D,S/D,POINT (-60.7412249 -32.9232607),"['Brassey', 'Sarratea']",2,Brassey; Sarratea,-32.9232607,-60.7412249,55.0,538.0,Municipio Rosario,Municipio,Rosario,820210,Servicio de Catastro e Información Territorial,IGN
2014,6257,2014-08-29,Viernes,0.0,10:15:00,,0.0,2,"Moto/Ciclomotor,Transporte de Pasajeros Urbano (> 8 asientos)",Constitucion ,2,1,0,0,1,0,0,,Calle,,ROSARIO,Rosario,Asfalto,No existe,II,S/D,Urbana,S/D,S/D,S/D,Bueno,Buena,Diurna,Buen Tiempo,S/D,S/D,Colisión,Ninguna,S/D,S/D,Sin restricción,"-32.9377649, -60.6730946",['Constitución'],1,Constitución,-32.9377649,-60.6730946,55.0,538.0,Municipio Rosario,Municipio,Rosario,820210,Servicio de Catastro e Información Territorial,IGN
2014,6260,2014-08-19,Martes,0.0,19:30:00,,0.0,2,"Taxi/Remis,Automóvil",Catamarca Y Bv. Oroño,4,3,0,0,1,0,0,,Calle,,ROSARIO,Rosario,Asfalto,No existe,II,Dentro,Urbana,Ninguna,No existe,Intersección,Bueno,Buena,Atardecer,Buen Tiempo,S/D,S/D,Colisión,S/D,S/D,Ninguna,S/D,POINT (-60.651806750000006 -32.9378818),"['Catamarca', 'Bulevar Nicasio Oroño']",2,Catamarca; Bulevar Nicasio Oroño,-32.9378818,-60.651806750000006,55.0,538.0,Municipio Rosario,Municipio,Rosario,820210,Servicio de Catastro e Información Territorial,IGN
2014,6264,2014-08-10,Domingo,0.0,11:20:00,,0.0,2,"Automóvil,Automóvil",Cafferata Y Rioja,4,1,0,0,3,0,0,,Calle,,ROSARIO,Rosario,Asfalto,No existe,II,S/D,Urbana,Ninguna,S/D,Intersección,Bueno,S/D,Diurna,Buen Tiempo,Lateral,S/D,Colisión,Ninguna,S/D,S/D,S/D,POINT (-60.67128389999999 -32.94176),"['Cafferata', 'Rioja']",2,Cafferata; Rioja,-32.94176,-60.67128389999999,55.0,538.0,Municipio Rosario,Municipio,Rosario,820210,Servicio de Catastro e Información Territorial,IGN
2014,6268,2014-08-17,Domingo,0.0,19:00:00,,0.0,2,"Moto/Ciclomotor,Pickup/Utilitario",Av. Provincias Unidas 300,3,0,2,0,1,0,0,,Calle,,ROSARIO,Rosario,Asfalto,Pavimento,II,Dentro,Urbana,S/D,S/D,Recta,Bueno,Buena,Atardecer,Buen Tiempo,S/D,S/D,Colisión,S/D,S/D,S/D,S/D,"-32.9314265, -60.7132079",['Provincias Unidas 300'],1,Provincias Unidas 300,-32.9314265,-60.7132079,55.0,538.0,Municipio Rosario,Municipio,Rosario,820210,Servicio de Catastro e Información Territorial,IGN
2014,6269,2014-08-31,Domingo,0.0,11:30:00,,0.0,2,"Automóvil,Automóvil",Jujuy Y Suipacha,2,1,0,0,1,0,0,,Calle,,ROSARIO,Rosario,Asfalto,No existe,II,S/D,Urbana,Ninguna,No existe,Recta,Otro,Buena,Diurna,Buen Tiempo,Otro,S/D,Colisión,Otro,Faltante,Ninguna,Sin restricción,POINT (-60.662088700000005 -32.933598499999995),"['Jujuy', 'Suipacha']",2,Jujuy; Suipacha,-32.933598499999995,-60.662088700000005,55.0,538.0,Municipio Rosario,Municipio,Rosario,820210,Servicio de Catastro e Información Territorial,IGN
2014,6275,2014-08-14,Jueves,0.0,11:30:00,,0.0,2,"Moto/Ciclomotor,Pickup/Utilitario",Urquiza Y Sgto Cabral,2,1,0,0,1,0,0,,Calle,,ROSARIO,Rosario,Asfalto,No existe,II,Dentro,Urbana,Ninguna,No existe,Recta,Bueno,Buena,Diurna,Buen Tiempo,S/D,S/D,Colisión,S/D,S/D,Ninguna,Sin restricción,POINT (-60.634967575000005 -32.9437417),"['Urquiza', 'Sargento Cabral']",2,Justo José de Urquiza; Sargento Cabral,-32.9437417,-60.634967575000005,55.0,538.0,Municipio Rosario,Municipio,Rosario,820210,Servicio de Catastro e Información Territorial,IGN
2014,6279,2014-08-31,Domingo,0.0,14:20:00,,0.0,2,"Automóvil,Automóvil",Av. Pellegrini Y Vera Mujica,2,1,0,0,1,0,0,,Avenida,,ROSARIO,Rosario,Asfalto,No existe,II,S/D,Urbana,Semáforo,Funciona,S/D,Bueno,Buena,Diurna,Buen Tiempo,De alcance,S/D,Colisión,Ninguna,S/D,S/D,Sin restricción,POINT (-60.6696235 -32.952139450000004),"['Pellegrini', 'Vera Mujíca']",2,Avenida Carlos Pellegrini; Vera Mujíca,-32.952139450000004,-60.6696235,55.0,538.0,Municipio Rosario,Municipio,Rosario,820210,Servicio de Catastro e Información Territorial,IGN
2014,6283,2014-08-25,Lunes,0.0,18:10:00,,0.0,2,"Peatón,Automóvil",Santa Fe 1000,2,1,0,0,1,0,0,,Calle,,ROSARIO,Rosario,Asfalto,No existe,II,Dentro,Urbana,Ninguna,No existe,Recta,Bueno,Buena,Diurna,Buen Tiempo,S/D,S/D,Atropello,S/D,Faltante,Ninguna,Sin restricción,"-32.9455599, -60.6365034",['Santa Fe 1000'],1,Santa Fe 1000,-32.9455599,-60.6365034,55.0,538.0,Municipio Rosario,Municipio,Rosario,820210,Servicio de Catastro e Información Territorial,IGN
2014,6287,2014-08-31,Domingo,0.0,15:30:00,,0.0,2,"Moto/Ciclomotor,Taxi/Remis",Av. Ovidio Lagos Y Cordoba,2,1,0,0,1,0,0,,Calle,,ROSARIO,Rosario,Asfalto,No existe,II,S/D,Urbana,Ninguna,No existe,S/D,Bueno,Buena,Diurna,Buen Tiempo,Lateral,S/D,Colisión,S/D,S/D,S/D,Sin restricción,POINT (-60.6614607 -32.9422773),"['Avenida Ovidio Lagos', 'Córdoba']",2,Avenida Ovidio Lagos; Córdoba,-32.9422773,-60.6614607,55.0,538.0,Municipio Rosario,Municipio,Rosario,820210,Servicio de Catastro e Información Territorial,IGN
2014,6288,2014-08-10,Domingo,0.0,19:30:00,,0.0,2,"Automóvil,Moto/Ciclomotor",3 De Febrero Y Bv. Avellaneda,2,1,0,0,1,0,0,,Calle,,ROSARIO,Rosario,Asfalto,No existe,II,S/D,Urbana,Ninguna,S/D,Intersección,Bueno,Buena,Atardecer,Buen Tiempo,Lateral,S/D,Colisión,Ninguna,S/D,S/D,Sin restricción,POINT (-60.6807366 -32.945458),"['3 de Febrero', 'Avellaneda']",2,3 de Febrero; Bulevar Nicolás Avellaneda,-32.945458,-60.6807366,55.0,538.0,Municipio Rosario,Municipio,Rosario,820210,Servicio de Catastro e Información Territorial,IGN
2014,6292,2014-08-25,Lunes,0.0,22:30:00,,0.0,2,"Moto/Ciclomotor,Automóvil",3 De Febrero Y Lavalle,3,1,0,0,2,0,0,,Calle,,ROSARIO,Rosario,Asfalto,No existe,II,S/D,Urbana,S/D,S/D,Intersección,Bueno,Buena,Nocturna,Buen Tiempo,S/D,S/D,S/D,Ninguna,S/D,S/D,Sin restricción,POINT (-60.6793582 -32.94569909999999),"['3 de Febrero', 'Lavalle']",2,3 de Febrero; Lavalle,-32.94569909999999,-60.6793582,55.0,538.0,Municipio Rosario,Municipio,Rosario,820210,Servicio de Catastro e Información Territorial,IGN
2014,6295,2014-08-08,Viernes,0.0,08:14:00,,0.0,2,"Automóvil,Camión",Av. Circunvalacion 1400,2,1,0,0,1,0,0,,Calle,,ROSARIO,Rosario,Asfalto,S/D,II,Dentro,Urbana,S/D,S/D,Otro,Bueno,S/D,Diurna,Buen Tiempo,S/D,S/D,Colisión,S/D,S/D,S/D,S/D,"-32.9448763, -60.7229429",['Circunvalacion 1400'],1,Circunvalacion 1400,-32.9448763,-60.7229429,55.0,538.0,Municipio Rosario,Municipio,Rosario,820210,Servicio de Catastro e Información Territorial,IGN
2014,6296,2014-08-22,Viernes,0.0,07:15:00,,0.0,2,"Taxi/Remis,Automóvil",Lima Y Av. Pellegrini,2,2,0,0,0,0,0,,Calle,,ROSARIO,Rosario,Asfalto,No existe,II,S/D,Urbana,S/D,No existe,Intersección,Bueno,Buena,Diurna,Buen Tiempo,Lateral,S/D,Colisión,Ninguna,S/D,S/D,Sin restricción,POINT (-60.68596305 -32.94921605),"['Lima', 'Pellegrini']",2,Lima; Avenida Carlos Pellegrini,-32.94921605,-60.68596305,55.0,538.0,Municipio Rosario,Municipio,Rosario,820210,Servicio de Catastro e Información Territorial,IGN
2014,6297,2014-08-23,Sabado,0.0,17:30:00,,0.0,2,"Automóvil,Automóvil",Av. Wheelwright Y Mariano Moreno,2,2,0,0,0,0,0,,Calle,,ROSARIO,Rosario,Asfalto,No existe,II,Dentro,Urbana,Ninguna,No existe,Intersección,Bueno,Buena,Diurna,Buen Tiempo,Lateral,S/D,Colisión,S/D,Faltante,Ninguna,Sin restricción,POINT (-60.6477294 -32.9328498),"['Avenida Guillermo Wheelwright', 'Mariano Moreno']",2,Avenida Guillermo Wheelwright; Mariano Moreno,-32.9328498,-60.6477294,55.0,538.0,Municipio Rosario,Municipio,Rosario,820210,Servicio de Catastro e Información Territorial,IGN