anio_acci,nro_acci,fecha,desc_dia,fecha_aprox,hora_aprox,desc_ruta,km,cant_participantes,desc_participante,calle_avenida_km,total,heridos_leves,heridos_graves,heridos_gravisimos,ilesos,fallecidos,sin_datos,posicion_XY,desc_tipo_via,desc_ruta_ori,desc_loc,desc_dpto,desc_tipo_calzada,desc_tipo_banquina,desc_unidad_regional,desc_lugar_calzada,desc_zona,desc_prioridad,desc_estado_semaforo,desc_lugar_via,desc_estado_via,desc_estado_visibilidad,desc_luminosidad,desc_estado_clima,desc_tipo_colision,desc_tipo_atropello,desc_tipo_hecho,desc_pres_calzada,desc_senializacion,desc_separacion_via,desc_restriccion,forma_geocod,calle_lista,numero_calles,calles_osm,lat,lon,index_right,gid,fna,gna,nam,in1,fdc,sag
2014,6864,2014-08-21,Jueves,0.0,12:10:00,,0.0,2,"Automóvil,Bicicleta",Saavedra Y España,2,1,0,0,1,0,0,,Calle,,ROSARIO,Rosario,Asfalto,S/D,II,Dentro,Urbana,Ninguna,No existe,Intersección,Bueno,Buena,Diurna,Buen Tiempo,S/D,S/D,Atropello,Ninguna,Faltante,S/D,Sin restricción,POINT (-60.65441920000001 -32.9764598),"['Saavedra', 'España']",2,Saavedra; España,-32.9764598,-60.65441920000001,55.0,538.0,Municipio Rosario,Municipio,Rosario,820210,Servicio de Catastro e Información Territorial,IGN
2014,6868,2014-07-28,Lunes,0.0,20:00:00,,0.0,2,"Moto/Ciclomotor,Automóvil",J.M.de Rosas Y Bv. 27 De Febrero,2,1,0,0,1,0,0,,Avenida,,ROSARIO,Rosario,Asfalto,No existe,II,Dentro,Urbana,Ninguna,No existe,Recta,Bueno,Buena,"Nocturna,Con luz artificial",Buen Tiempo,S/D,S/D,Colisión,Ninguna,S/D,Ninguna,Sin restricción,POINT (-60.63658995 -32.968827499999996),"['De Rosas', '27 de Febrero']",2,Juan Manuel de Rosas; Bulevar 27 de Febrero,-32.9688275,-60.63658995,55.0,538.0,Municipio Rosario,Municipio,Rosario,820210,Servicio de Catastro e Información Territorial,IGN
2014,6869,2014-08-12,Martes,0.0,16:22:00,,0.0,2,"Pickup/Utilitario,Taxi/Remis",Av. Corrientes Y Garibaldi,3,0,0,1,2,0,0,,Avenida,,ROSARIO,Rosario,Asfalto,S/D,II,Dentro,Urbana,S/D,No existe,Intersección,Bueno,Buena,Diurna,Buen Tiempo,De alcance,S/D,Colisión,Ninguna,S/D,S/D,S/D,POINT (-60.6523162 -32.98523470000001),"['Corrientes', 'José Garibaldi']",2,Corrientes; José Garibaldi,-32.98523470000001,-60.6523162,55.0,538.0,Municipio Rosario,Municipio,Rosario,820210,Servicio de Catastro e Información Territorial,IGN
2014,6873,2014-07-30,Miercoles,0.0,10:15:00,,0.0,2,"Moto/Ciclomotor,Automóvil",Ocampo Y Maipu,2,1,0,0,1,0,0,,Calle,,ROSARIO,Rosario,Asfalto,No existe,II,Dentro,Urbana,Ninguna,Funciona,Intersección,Bueno,Buena,Diurna,Buen Tiempo,S/D,S/D,Colisión,Agua,S/D,Ninguna,Sin restricción,POINT (-60.64044229999999 -32.966951000000016),"['Ocampo', 'Maipú']",2,Ocampo; Maipú,-32.966951000000016,-60.64044229999999,55.0,538.0,Municipio Rosario,Municipio,Rosario,820210,Servicio de Catastro e Información Territorial,IGN
2014,6875,2014-08-19,Martes,0.0,19:30:00,,0.0,2,"Moto/Ciclomotor,Automóvil",San Martin Y Bv. Segui,2,0,1,0,1,0,0,,Avenida,,ROSARIO,Rosario,Asfalto,S/D,II,Dentro,Urbana,Semáforo,Funciona,Recta,Bueno,Buena,Atardecer,Buen Tiempo,De alcance,S/D,Colisión,Ninguna,Vertical,S/D,Sin restricción,POINT (-60.644363766666665 -32.97948086666666),"['San Martin', 'Bulevar Juan Francisco Seguí']",2,José de San Martín; Bulevar Juan Francisco Seguí,-32.97948086666666,-60.644363766666665,55.0,538.0,Municipio Rosario,Municipio,Rosario,820210,Servicio de Catastro e Información Territorial,IGN
2014,6881,2014-08-19,Martes,0.0,07:45:00,,0.0,2,"Automóvil,Moto/Ciclomotor",San Martin Y Garibaldi,2,1,0,0,1,0,0,,Avenida,,ROSARIO,Rosario,Asfalto,S/D,II,Dentro,Urbana,Semáforo,Funciona,S/D,Bueno,Buena,Amanecer,Buen Tiempo,De alcance,S/D,Colisión,Ninguna,Vertical,S/D,Sin restricción,POINT (-60.645777800000005 -32.986383249999996),"['San Martin', 'José Garibaldi']",2,José de San Martín; José Garibaldi,-32.98638325,-60.645777800000005,55.0,538.0,Municipio Rosario,Municipio,Rosario,820210,Servicio de Catastro e Información Territorial,IGN
2014,6885,2014-08-25,Lunes,0.0,20:00:00,,0.0,2,"Bicicleta,Moto/Ciclomotor",Grandoli Y Pje. Spiro Bis,2,1,0,0,1,0,0,,Calle,,ROSARIO,Rosario,Asfalto,No existe,II,S/D,Urbana,Paso Peatonal,No existe,Recta,Bueno,Buena,Atardecer,Buen Tiempo,S/D,S/D,Atropello,S/D,S/D,Cordón divisorio,Sin restricción,POINT (-60.62815959999999 -32.98532490000001),"['Avenida Abanderado Grandoli', 'Spiro']",2,Avenida Abanderado Grandoli; Spiro,-32.98532490000001,-60.62815959999999,55.0,538.0,Municipio Rosario,Municipio,Rosario,820210,Servicio de Catastro e Información Territorial,IGN
2014,6886,2014-08-10,Domingo,0.0,11:00:00,,0.0,2,"Automóvil,Automóvil",Pueyrredon Y Uruguay,4,1,0,0,3,0,0,,Calle,,ROSARIO,Rosario,Asfalto,S/D,II,Dentro,Urbana,S/D,No existe,Intersección,Bueno,Buena,Diurna,Buen Tiempo,S/D,S/D,Colisión,Ninguna,S/D,S/D,S/D,POINT (-60.665016 -32.9733513),"['Pueyrredón', 'Uruguay']",2,Pueyrredón; Uruguay,-32.9733513,-60.665016,55.0,538.0,Municipio Rosario,Municipio,Rosario,820210,Servicio de Catastro e Información Territorial,IGN
2014,6888,2014-08-26,Martes,0.0,,,0.0,2,"Camión,Moto/Ciclomotor",Bv. 27 De Febrero Y San Martin,2,1,0,0,1,0,0,,Avenida,,ROSARIO,Rosario,S/D,S/D,II,Dentro,Urbana,S/D,S/D,Intersección,S/D,S/D,S/D,S/D,S/D,S/D,Colisión,S/D,S/D,S/D,S/D,POINT (-60.642020650000006 -32.96785644999999),"['27 de Febrero', 'San Martin']",2,Bulevar 27 de Febrero; José de San Martín,-32.96785644999999,-60.642020650000006,55.0,538.0,Municipio Rosario,Municipio,Rosario,820210,Servicio de Catastro e Información Territorial,IGN
2014,6889,2014-08-05,Martes,0.0,13:30:00,,0.0,2,"Peatón,Automóvil",Mitre Y Viamonte,2,1,0,0,1,0,0,,Calle,,ROSARIO,Rosario,S/D,S/D,II,Dentro,Urbana,S/D,S/D,Intersección,S/D,S/D,Diurna,Buen Tiempo,S/D,S/D,Atropello,S/D,S/D,S/D,S/D,POINT (-60.6442984 -32.965104799999985),"['Mitre', 'Viamonte']",2,Bartolomé Mitre; Viamonte,-32.965104799999985,-60.6442984,55.0,538.0,Municipio Rosario,Municipio,Rosario,820210,Servicio de Catastro e Información Territorial,IGN
2014,6892,2014-08-25,Lunes,0.0,,,0.0,1,Taxi/Remis,Cerrito 1062,1,1,0,0,0,0,0,,Calle,,ROSARIO,Rosario,S/D,S/D,II,Dentro,Urbana,S/D,S/D,S/D,S/D,S/D,S/D,S/D,Contra objeto fijo,S/D,Colisión,S/D,S/D,S/D,S/D,"-32.96185999795918, -60.64138920612245",['Cerrito 1062'],1,Cerrito 1062,-32.96185999795918,-60.64138920612245,55.0,538.0,Municipio Rosario,Municipio,Rosario,820210,Servicio de Catastro e Información Territorial,IGN
2014,6893,2014-08-09,Sabado,0.0,19:30:00,,0.0,2,"Otros,Otros",Rodriguez Y Av. Jorge Cura,2,1,0,0,1,0,0,,Calle,,ROSARIO,Rosario,Asfalto,S/D,II,Dentro,Urbana,S/D,S/D,Intersección,Bueno,Buena,Atardecer,Buen Tiempo,De alcance,S/D,Colisión,S/D,S/D,S/D,S/D,POINT (-60.6656507 -32.970242),"['Rodríguez', 'Avenida Jorge Cura']",2,Rodríguez de Escobedo; Avenida Jorge Cura,-32.970242,-60.6656507,55.0,538.0,Municipio Rosario,Municipio,Rosario,820210,Servicio de Catastro e Información Territorial,IGN
2014,6896,2014-08-24,Domingo,0.0,18:00:00,,0.0,2,"Moto/Ciclomotor,Automóvil",Ayacucho 3100,2,1,0,0,1,0,0,,Calle,,ROSARIO,Rosario,Asfalto,No existe,II,Dentro,Urbana,Ninguna,No existe,Recta,Bueno,Buena,Atardecer,Buen Tiempo,De alcance,S/D,Colisión,Ninguna,Faltante,Ninguna,Sin restricción,"-32.9752398, -60.6337435",['Ayacucho 3100'],1,Ayacucho 3100,-32.9752398,-60.6337435,55.0,538.0,Municipio Rosario,Municipio,Rosario,820210,Servicio de Catastro e Información Territorial,IGN
2014,6897,2014-08-04,Lunes,0.0,09:50:00,,0.0,2,"Automóvil,Moto/Ciclomotor",24 De Setiembre Y Av. Corrientes,2,0,0,1,1,0,0,,Avenida,,ROSARIO,Rosario,Asfalto,S/D,II,Dentro,Urbana,Ninguna,No existe,Intersección,Bueno,Buena,Diurna,Buen Tiempo,De alcance,S/D,Colisión,Ninguna,Faltante,S/D,Sin restricción,POINT (-60.65089570000001 -32.9794687),"['24 de Septiembre', 'Corrientes']",2,24 de Septiembre; Corrientes,-32.9794687,-60.65089570000001,55.0,538.0,Municipio Rosario,Municipio,Rosario,820210,Servicio de Catastro e Información Territorial,IGN
2014,6899,2014-08-04,Lunes,0.0,14:30:00,,0.0,2,"Automóvil,Bicicleta",Riobamba Y Dorrego,2,1,0,0,1,0,0,,Calle,,ROSARIO,Rosario,S/D,S/D,II,Dentro,Urbana,S/D,S/D,Intersección,S/D,S/D,Diurna,S/D,S/D,S/D,Atropello,S/D,S/D,S/D,S/D,POINT (-60.6533864 -32.961053199999995),"['Riobamba', 'Dorrego']",2,Riobamba; Manuel Dorrego,-32.961053199999995,-60.6533864,55.0,538.0,Municipio Rosario,Municipio,Rosario,820210,Servicio de Catastro e Información Territorial,IGN
2014,6903,2014-08-21,Jueves,0.0,10:00:00,,0.0,2,"Moto/Ciclomotor,Automóvil",Colon Y Gaboto,2,1,0,0,1,0,0,,Calle,,ROSARIO,Rosario,Asfalto,No existe,II,Dentro,Urbana,Marca Vial,No existe,Intersección,Bueno,Buena,Diurna,Buen Tiempo,Lateral,S/D,Colisión,Ninguna,Vertical,Línea divisoria pintada,Sin restricción,POINT (-60.63230000000001 -32.9756052),"['Colon', 'Gaboto']",2,Cristóbal Colón; Gaboto,-32.9756052,-60.63230000000001,55.0,538.0,Municipio Rosario,Municipio,Rosario,820210,Servicio de Catastro e Información Territorial,IGN
2014,6905,2014-08-31,Domingo,0.0,10:00:00,,0.0,2,"Automóvil,Moto/Ciclomotor",Paraguay Y Galvez,3,1,0,0,2,0,0,,Calle,,ROSARIO,Rosario,S/D,S/D,II,Dentro,Urbana,S/D,S/D,S/D,S/D,S/D,Diurna,S/D,S/D,S/D,S/D,S/D,S/D,S/D,S/D,POINT (-60.64936409999999 -32.9677811),"['Paraguay', 'Galvez']",2,Paraguay; José Gálvez,-32.9677811,-60.64936409999999,55.0,538.0,Municipio Rosario,Municipio,Rosario,820210,Servicio de Catastro e Información Territorial,IGN
2014,6906,2014-08-09,Sabado,0.0,19:40:00,,0.0,2,"Automóvil,Peatón",Mitre 4400,2,0,0,1,1,0,0,,Calle,,ROSARIO,Rosario,Asfalto,No existe,II,Dentro,Urbana,S/D,No existe,Recta,Bueno,Buena,Atardecer,Buen Tiempo,S/D,S/D,Atropello,Ninguna,S/D,S/D,Sin restricción,"-32.987892, -60.6501695",['Mitre 4400'],1,Mitre 4400,-32.987892,-60.6501695,55.0,538.0,Municipio Rosario,Municipio,Rosario,820210,Servicio de Catastro e Información Territorial,IGN
2014,6908,2014-08-23,Sabado,0.0,09:00:00,,0.0,2,"Moto/Ciclomotor,Pickup/Utilitario",Buenos Aires Y Gaboto,2,1,0,0,1,0,0,,S/D,,ROSARIO,Rosario,S/D,No existe,II,S/D,S/D,Ninguna,No existe,Recta,Bueno,Buena,Diurna,Buen Tiempo,Lateral,S/D,Colisión,Ninguna,Horizontal,Ninguna,Sin restricción,POINT (-60.6394701 -32.97433370000001),"['Buenos Aires', 'Gaboto']",2,Buenos Aires; Gaboto,-32.97433370000001,-60.6394701,55.0,538.0,Municipio Rosario,Municipio,Rosario,820210,Servicio de Catastro e Información Territorial,IGN
2014,6911,2014-08-22,Viernes,0.0,22:00:00,,0.0,2,"Moto/Ciclomotor,Automóvil",Convencion Y Rueda,2,1,0,0,1,0,0,,Calle,,ROSARIO,Rosario,Asfalto,No existe,II,Dentro,Urbana,Marca Vial,No existe,Intersección,Bueno,Buena,"Nocturna,Con luz artificial",Buen Tiempo,Lateral,S/D,Colisión,S/D,Vertical,Línea divisoria pintada,Sin restricción,POINT (-60.6249446 -32.974561800000004),"['Convención', 'Rueda']",2,Convención; Rueda,-32.974561800000004,-60.6249446,55.0,538.0,Municipio Rosario,Municipio,Rosario,820210,Servicio de Catastro e Información Territorial,IGN
2014,6914,2014-08-04,Lunes,0.0,05:50:00,,0.0,2,"Automóvil,Automóvil",Bv. 27 De Febrero Y Bv. Oroño,2,1,0,0,1,0,0,,Avenida,,ROSARIO,Rosario,S/D,S/D,II,Dentro,Urbana,S/D,Funciona,Intersección,S/D,S/D,Diurna,S/D,S/D,S/D,Colisión,S/D,S/D,S/D,S/D,POINT (-60.658642825 -32.964892400000004),"['27 de Febrero', 'Bulevar Nicasio Oroño']",2,Bulevar 27 de Febrero; Bulevar Nicasio Oroño,-32.964892400000004,-60.658642825,55.0,538.0,Municipio Rosario,Municipio,Rosario,820210,Servicio de Catastro e Información Territorial,IGN
2014,6918,2014-08-20,Miercoles,0.0,10:30:00,,0.0,2,"Automóvil,Taxi/Remis",Mitre Y Ocampo,3,2,0,0,1,0,0,,Calle,,ROSARIO,Rosario,S/D,S/D,II,Dentro,Urbana,S/D,S/D,Intersección,S/D,S/D,Diurna,S/D,S/D,S/D,Colisión,S/D,S/D,S/D,S/D,POINT (-60.6445716 -32.96621689999999),"['Mitre', 'Ocampo']",2,Bartolomé Mitre; Ocampo,-32.96621689999999,-60.6445716,55.0,538.0,Municipio Rosario,Municipio,Rosario,820210,Servicio de Catastro e Información Territorial,IGN
2014,6919,2014-08-21,Jueves,0.0,08:00:00,,0.0,2,"Moto/Ciclomotor,Automóvil",Esmeralda Y La Paz,2,1,0,0,1,0,0,,Calle,,ROSARIO,Rosario,Asfalto,No existe,II,Dentro,Urbana,Ninguna,No existe,Intersección,Bueno,Buena,Diurna,Buen Tiempo,Lateral,S/D,Colisión,Ninguna,Faltante,Ninguna,Sin restricción,POINT (-60.625933200000006 -32.9671369),"['Esmeralda', 'La Paz']",2,Esmeralda; La Paz,-32.9671369,-60.625933200000006,55.0,538.0,Municipio Rosario,Municipio,Rosario,820210,Servicio de Catastro e Información Territorial,IGN
2014,6923,2014-09-18,Jueves,0.0,09:00:00,,0.0,2,"Automóvil,Automóvil",Alberdi Y Harding,3,1,0,0,2,0,0,,Avenida,,ROSARIO,Rosario,S/D,S/D,II,Dentro,Urbana,S/D,S/D,Intersección,S/D,S/D,Diurna,S/D,Lateral,S/D,Colisión,S/D,S/D,S/D,S/D,POINT (-60.6749507 -32.928549200000006),"['Alberdi', 'Harding']",2,Avenida Alberdi; Harding,-32.928549200000006,-60.6749507,55.0,538.0,Municipio Rosario,Municipio,Rosario,820210,Servicio de Catastro e Información Territorial,IGN
2014,6924,2014-08-20,Miercoles,0.0,19:00:00,,0.0,2,"Moto/Ciclomotor,Automóvil",Av. Ovidio Lagos Y Bv. Segui,2,1,0,0,1,0,0,,Calle,,ROSARIO,Rosario,Asfalto,No existe,II,Dentro,Urbana,Marca Vial,Funciona,Intersección,Bueno,Buena,"Atardecer,Con luz artificial",Buen Tiempo,Lateral,S/D,Colisión,Ninguna,Vertical,Línea divisoria pintada,Sin restricción,POINT (-60.66940506666666 -32.974966166666654),"['Avenida Ovidio Lagos', 'Bulevar Juan Francisco Seguí']",2,Avenida Ovidio Lagos; Bulevar Juan Francisco Seguí,-32.974966166666654,-60.66940506666666,55.0,538.0,Municipio Rosario,Municipio,Rosario,820210,Servicio de Catastro e Información Territorial,IGN
2014,6928,2014-08-04,Lunes,0.0,13:20:00,,0.0,2,"Moto/Ciclomotor,Automóvil",Viamonte Y Dorrego,2,1,0,0,1,0,0,,Calle,,ROSARIO,Rosario,S/D,S/D,II,Dentro,Urbana,S/D,No existe,Intersección,S/D,S/D,Diurna,Buen Tiempo,S/D,S/D,S/D,S/D,S/D,S/D,S/D,POINT (-60.6539778 -32.963386299999996),"['Viamonte', 'Dorrego']",2,Viamonte; Manuel Dorrego,-32.9633863,-60.6539778,55.0,538.0,Municipio Rosario,Municipio,Rosario,820210,Servicio de Catastro e Información Territorial,IGN
2014,6930,2014-08-19,Martes,0.0,08:30:00,,0.0,2,"Moto/Ciclomotor,Automóvil",San Martin Y Pte.Quintana,2,1,0,0,1,0,0,,Calle,,ROSARIO,Rosario,Asfalto,No existe,II,Dentro,Urbana,Marca Vial,No existe,Intersección,Bueno,Buena,Diurna,Buen Tiempo,Lateral,S/D,Colisión,Ninguna,Vertical,Línea divisoria pintada,Sin restricción,POINT (-60.6450385 -32.982916249999995),"['San Martin', 'Quintana']",2,"('José de San Martín', 'Presidente Quintana')",-32.982916249999995,-60.6450385,55.0,538.0,Municipio Rosario,Municipio,Rosario,820210,Servicio de Catastro e Información Territorial,IGN
2014,6933,2014-08-04,Lunes,0.0,11:05:00,,0.0,2,"Automóvil,Moto/Ciclomotor",Av. Ovidio Lagos Y Rueda,3,1,0,0,2,0,0,,Avenida,,ROSARIO,Rosario,S/D,S/D,II,S/D,Urbana,S/D,S/D,Intersección,S/D,S/D,Diurna,Buen Tiempo,S/D,S/D,S/D,S/D,S/D,S/D,S/D,POINT (-60.667435000000005 -32.96692475),"['Avenida Ovidio Lagos', 'Rueda']",2,Avenida Ovidio Lagos; Rueda,-32.96692475,-60.667435000000005,55.0,538.0,Municipio Rosario,Municipio,Rosario,820210,Servicio de Catastro e Información Territorial,IGN
2014,6936,2014-09-04,Jueves,0.0,13:45:00,,0.0,2,"Automóvil,Moto/Ciclomotor",Baigorria Y A.Maza,2,1,0,0,1,0,0,,Calle,,ROSARIO,Rosario,Asfalto,No existe,II,Dentro,Urbana,Ninguna,No existe,Intersección,Bueno,Buena,Diurna,Buen Tiempo,Frontal,S/D,Colisión,Ninguna,Faltante,Ninguna,Sin restricción,POINT (-60.689754300000004 -32.89077189999998),"['Baigorria', 'Maza']",2,Baigorria; Juan Agustín Maza,-32.89077189999998,-60.6897543,55.0,538.0,Municipio Rosario,Municipio,Rosario,820210,Servicio de Catastro e Información Territorial,IGN
2014,6937,2014-08-04,Lunes,0.0,,,0.0,2,"Moto/Ciclomotor,Automóvil",Bv. 27 De Febrero Y Alvear,2,1,0,0,1,0,0,,Avenida,,ROSARIO,Rosario,S/D,S/D,II,S/D,Urbana,S/D,No existe,S/D,S/D,S/D,S/D,Buen Tiempo,S/D,S/D,S/D,S/D,S/D,S/D,S/D,POINT (-60.65997045 -32.9646488),"['27 de Febrero', 'Alvear']",2,Bulevar 27 de Febrero; Alvear,-32.9646488,-60.65997045,55.0,538.0,Municipio Rosario,Municipio,Rosario,820210,Servicio de Catastro e Información Territorial,IGN
2014,6938,2014-08-20,Miercoles,0.0,18:00:00,,0.0,2,"Moto/Ciclomotor,Automóvil",Garibaldi Y Chacabuco,2,1,0,0,1,0,0,,Calle,,ROSARIO,Rosario,Asfalto,No existe,II,Dentro,Urbana,Marca Vial,No existe,Intersección,Bueno,Buena,Atardecer,Buen Tiempo,Lateral,S/D,Colisión,Ninguna,Vertical,Línea divisoria pintada,Sin restricción,POINT (-60.63272620000001 -32.9887392),"['José Garibaldi', 'Chacabuco']",2,José Garibaldi; Chacabuco,-32.9887392,-60.63272620000001,55.0,538.0,Municipio Rosario,Municipio,Rosario,820210,Servicio de Catastro e Información Territorial,IGN
2014,6939,2014-09-04,Jueves,0.0,17:10:00,,0.0,2,"Automóvil,Moto/Ciclomotor",Superi Y Warnes,2,1,0,0,1,0,0,,Calle,,ROSARIO,Rosario,Asfalto,No existe,II,Dentro,Urbana,Ninguna,No existe,Intersección,Bueno,Buena,Diurna,Buen Tiempo,Frontal,S/D,Colisión,Ninguna,Faltante,Ninguna,Sin restricción,POINT (-60.6939113 -32.89455149999999),"['Superi', 'Warnes']",2,Comandante José Superí; Ignacio Warnes,-32.89455149999999,-60.6939113,55.0,538.0,Municipio Rosario,Municipio,Rosario,820210,Servicio de Catastro e Información Territorial,IGN
2014,6940,2014-08-22,Viernes,0.0,17:30:00,,0.0,2,"Pickup/Utilitario,Moto/Ciclomotor",Entre Rios Y Cochabamba,2,1,0,0,1,0,0,,Calle,,ROSARIO,Rosario,S/D,S/D,II,Dentro,Urbana,S/D,S/D,Intersección,S/D,S/D,Diurna,S/D,S/D,S/D,S/D,S/D,S/D,S/D,S/D,POINT (-60.6439501 -32.9579457),"['Entre Ríos', 'Cochabamba']",2,Entre Ríos; Cochabamba,-32.9579457,-60.6439501,55.0,538.0,Municipio Rosario,Municipio,Rosario,820210,Servicio de Catastro e Información Territorial,IGN
2014,6942,2014-08-15,Viernes,0.0,10:00:00,,0.0,2,"Peatón,Pickup/Utilitario",Pje. Falcon Y Necochea,2,1,0,0,1,0,0,,Calle,,ROSARIO,Rosario,Asfalto,No existe,II,Dentro,Urbana,Marca Vial,No existe,Intersección,Bueno,Buena,Diurna,Buen Tiempo,S/D,S/D,Atropello,Ninguna,Vertical,Línea divisoria pintada,Sin restricción,POINT (-60.63051509999999 -32.9741327),"['Biblioteca Vigil', 'Necochea']",2,Biblioteca Vigil; Necochea,-32.9741327,-60.63051509999999,55.0,538.0,Municipio Rosario,Municipio,Rosario,820210,Servicio de Catastro e Información Territorial,IGN
2014,6943,2014-08-21,Jueves,0.0,21:20:00,,0.0,2,"Moto/Ciclomotor,Automóvil",Bv. Oroño Y Av. Dante Alighieri,2,1,0,0,1,0,0,,Avenida,,ROSARIO,Rosario,S/D,S/D,II,Dentro,Urbana,S/D,S/D,Intersección,S/D,S/D,Nocturna,S/D,S/D,S/D,Colisión,S/D,S/D,S/D,S/D,POINT (-60.6579301 -32.961999649999996),"['Bulevar Nicasio Oroño', 'Dante Alighieri']",2,"('Ciclovía Bulevar Nicasio Oroño', 'Avenida Dante Alighieri')",-32.96199965,-60.6579301,55.0,538.0,Municipio Rosario,Municipio,Rosario,820210,Servicio de Catastro e Información Territorial,IGN
2014,6944,2014-09-09,Martes,0.0,16:20:00,,0.0,2,"Taxi/Remis,Automóvil",Av. Casiano Casas Y Comercio,2,1,0,0,1,0,0,,Calle,,ROSARIO,Rosario,Asfalto,No existe,II,Dentro,Urbana,Ninguna,No existe,Intersección,Bueno,Buena,Diurna,Buen Tiempo,Frontal,S/D,Colisión,Ninguna,Faltante,Ninguna,Sin restricción,POINT (-60.69773335 -32.90573255),"['Avenida Casiano Casas', 'Comercio']",2,Avenida Casiano Casas; Comercio,-32.90573255,-60.69773335,55.0,538.0,Municipio Rosario,Municipio,Rosario,820210,Servicio de Catastro e Información Territorial,IGN
2014,6945,2014-08-09,Sabado,0.0,13:40:00,,0.0,2,"Peatón,Automóvil",Gaboto Y Maipu,2,1,0,0,1,0,0,,Calle,,ROSARIO,Rosario,Asfalto,No existe,II,Dentro,Urbana,Marca Vial,No existe,Intersección,Bueno,Buena,Diurna,Buen Tiempo,S/D,S/D,Atropello,Ninguna,Vertical,Línea divisoria pintada,Sin restricción,POINT (-60.642193 -32.97384099999999),"['Gaboto', 'Maipú']",2,Gaboto; Maipú,-32.97384099999999,-60.642193,55.0,538.0,Municipio Rosario,Municipio,Rosario,820210,Servicio de Catastro e Información Territorial,IGN
2014,6946,2014-08-06,Miercoles,0.0,22:30:00,,0.0,2,"Moto/Ciclomotor,Automóvil",Av. Corrientes Y Galvez,3,2,0,0,1,0,0,,Calle,,ROSARIO,Rosario,S/D,S/D,II,Dentro,Urbana,S/D,S/D,Intersección,S/D,S/D,Nocturna,S/D,S/D,S/D,Colisión,S/D,S/D,S/D,S/D,POINT (-60.64797829999999 -32.968026599999995),"['Corrientes', 'Galvez']",2,Corrientes; José Gálvez,-32.968026599999995,-60.64797829999999,55.0,538.0,Municipio Rosario,Municipio,Rosario,820210,Servicio de Catastro e Información Territorial,IGN
2014,6948,2014-08-19,Martes,0.0,12:00:00,,0.0,2,"Moto/Ciclomotor,Automóvil",Ayolas Y Grandoli,3,2,0,0,1,0,0,,Avenida,,ROSARIO,Rosario,Asfalto,No existe,II,Dentro,Urbana,Ninguna,Funciona,Recta,Bueno,Buena,Diurna,Buen Tiempo,Lateral,S/D,Colisión,S/D,"Horizontal,Vertical",Línea divisoria pintada,Sin restricción,POINT (-60.627759100000006 -32.98002065),"['Ayolas', 'Avenida Abanderado Grandoli']",2,Ayolas; Avenida Abanderado Grandoli,-32.98002065,-60.627759100000006,55.0,538.0,Municipio Rosario,Municipio,Rosario,820210,Servicio de Catastro e Información Territorial,IGN
2014,6949,2014-09-08,Lunes,0.0,17:00:00,,0.0,2,"Bicicleta,Taxi/Remis",Bv. Rondeau 800,2,1,0,0,1,0,0,,Calle,,ROSARIO,Rosario,Asfalto,No existe,II,Dentro,Urbana,Ninguna,No existe,Recta,Bueno,Buena,Diurna,Buen Tiempo,S/D,S/D,Atropello,Ninguna,Faltante,Ninguna,Sin restricción,"-32.9069116, -60.6883657",['Rondeau 800'],1,Rondeau 800,-32.9069116,-60.6883657,55.0,538.0,Municipio Rosario,Municipio,Rosario,820210,Servicio de Catastro e Información Territorial,IGN
2014,6950,2014-08-07,Jueves,0.0,18:15:00,,0.0,2,"Bicicleta,Automóvil",Laprida Y Dean Funes,2,1,0,0,1,0,0,,Calle,,ROSARIO,Rosario,Asfalto,No existe,II,Dentro,Urbana,Marca Vial,No existe,Intersección,Bueno,Buena,Atardecer,Buen Tiempo,S/D,S/D,Atropello,Ninguna,Vertical,Línea divisoria pintada,Sin restricción,POINT (-60.6415715 -32.9763678),"['Laprida', 'Deán Gregorio Funes']",2,Francisco Narciso Laprida; Deán Gregorio Funes,-32.9763678,-60.6415715,55.0,538.0,Municipio Rosario,Municipio,Rosario,820210,Servicio de Catastro e Información Territorial,IGN
2014,6952,2014-08-08,Viernes,0.0,,,0.0,2,"Automóvil,Moto/Ciclomotor",Bv. Oroño Y Cochabamba,2,1,0,0,1,0,0,,Avenida,,ROSARIO,Rosario,S/D,S/D,II,Dentro,Urbana,S/D,S/D,Intersección,S/D,S/D,S/D,S/D,S/D,S/D,Colisión,S/D,Vertical,S/D,S/D,POINT (-60.656339 -32.9556154),"['Bulevar Nicasio Oroño', 'Cochabamba']",2,Bulevar Nicasio Oroño; Cochabamba,-32.9556154,-60.656339,55.0,538.0,Municipio Rosario,Municipio,Rosario,820210,Servicio de Catastro e Información Territorial,IGN
2014,6953,2014-08-14,Jueves,0.0,20:30:00,,0.0,2,"Automóvil,Bicicleta",Av. Pellegrini Y Bv. Oroño,2,1,0,0,1,0,0,,Avenida,,ROSARIO,Rosario,S/D,S/D,II,Dentro,Urbana,S/D,Funciona,Rotonda,S/D,S/D,Nocturna,S/D,S/D,S/D,Atropello,S/D,Vertical,S/D,S/D,POINT (-60.656023850000004 -32.95457175),"['Pellegrini', 'Bulevar Nicasio Oroño']",2,Avenida Carlos Pellegrini; Bulevar Nicasio Oroño,-32.95457175,-60.65602385,55.0,538.0,Municipio Rosario,Municipio,Rosario,820210,Servicio de Catastro e Información Territorial,IGN