anio_acci,nro_acci,fecha,desc_dia,fecha_aprox,hora_aprox,desc_ruta,km,cant_participantes,desc_participante,calle_avenida_km,total,heridos_leves,heridos_graves,heridos_gravisimos,ilesos,fallecidos,sin_datos,posicion_XY,desc_tipo_via,desc_ruta_ori,desc_loc,desc_dpto,desc_tipo_calzada,desc_tipo_banquina,desc_unidad_regional,desc_lugar_calzada,desc_zona,desc_prioridad,desc_estado_semaforo,desc_lugar_via,desc_estado_via,desc_estado_visibilidad,desc_luminosidad,desc_estado_clima,desc_tipo_colision,desc_tipo_atropello,desc_tipo_hecho,desc_pres_calzada,desc_senializacion,desc_separacion_via,desc_restriccion,forma_geocod,calle_lista,numero_calles,calles_osm,lat,lon,index_right,gid,fna,gna,nam,in1,fdc,sag
2014,6955,2014-08-19,Martes,0.0,14:30:00,,0.0,2,"Automóvil,Automóvil",Mitre 2100,3,3,0,0,0,0,0,,Calle,,ROSARIO,Rosario,S/D,S/D,II,Dentro,Urbana,S/D,S/D,Intersección,S/D,S/D,Diurna,S/D,S/D,S/D,Colisión,S/D,S/D,S/D,S/D,"-32.9614926, -60.6434721",['Mitre 2100'],1,Mitre 2100,-32.9614926,-60.6434721,55.0,538.0,Municipio Rosario,Municipio,Rosario,820210,Servicio de Catastro e Información Territorial,IGN
2014,6956,2014-08-10,Domingo,0.0,09:15:00,,0.0,2,"Automóvil,Automóvil",Paraguay Y Bv. 27 De Febrero,3,3,0,0,0,0,0,,Avenida,,ROSARIO,Rosario,S/D,S/D,II,Dentro,Urbana,S/D,Funciona,S/D,S/D,S/D,Diurna,S/D,S/D,S/D,Colisión,S/D,S/D,S/D,S/D,POINT (-60.64906305 -32.966597750000005),"['Paraguay', '27 de Febrero']",2,Paraguay; Bulevar 27 de Febrero,-32.966597750000005,-60.64906305,55.0,538.0,Municipio Rosario,Municipio,Rosario,820210,Servicio de Catastro e Información Territorial,IGN
2014,6957,2014-09-05,Viernes,0.0,18:25:00,,0.0,2,"Automóvil,Bicicleta",A.Piaggio Y Pje. Williams,2,1,0,0,1,0,0,,Calle,,ROSARIO,Rosario,Asfalto,No existe,II,Dentro,Urbana,Ninguna,No existe,Intersección,Bueno,Buena,Diurna,Buen Tiempo,S/D,S/D,Atropello,Ninguna,Faltante,Ninguna,Sin restricción,POINT (-60.69399229999999 -32.885166),"['Piaggio', 'Williams']",2,Piaggio; Williams,-32.885166,-60.69399229999999,55.0,538.0,Municipio Rosario,Municipio,Rosario,820210,Servicio de Catastro e Información Territorial,IGN
2014,6960,2014-08-29,Viernes,0.0,,,0.0,2,"Moto/Ciclomotor,Automóvil",Rueda Y Paraguay,3,2,0,0,1,0,0,,Calle,,ROSARIO,Rosario,S/D,S/D,II,Dentro,Urbana,S/D,S/D,Intersección,S/D,S/D,S/D,S/D,S/D,S/D,Colisión,S/D,S/D,S/D,S/D,POINT (-60.6499444 -32.9700779),"['Rueda', 'Paraguay']",2,Rueda; Paraguay,-32.9700779,-60.6499444,55.0,538.0,Municipio Rosario,Municipio,Rosario,820210,Servicio de Catastro e Información Territorial,IGN
2014,6962,2014-09-21,Domingo,0.0,18:30:00,,0.0,2,"Automóvil,Moto/Ciclomotor",J.B.Justo Y Pje. Pirayu Bis,5,2,0,0,3,0,0,,Calle,,ROSARIO,Rosario,Asfalto,No existe,II,Dentro,Urbana,Ninguna,No existe,Recta,Con baches,Buena,Atardecer,Otro,Frontal,S/D,Colisión,Otro,Faltante,Ninguna,Sin restricción,POINT (-60.71827770000001 -32.915058099999996),"['Justo', 'Pirayu']",2,Justo José de Urquiza; Pirayu,-32.9150581,-60.71827770000001,55.0,538.0,Municipio Rosario,Municipio,Rosario,820210,Servicio de Catastro e Información Territorial,IGN
2014,6963,2014-08-14,Jueves,0.0,19:50:00,,0.0,2,"Moto/Ciclomotor,Automóvil",Av. Francia Y Viamonte,2,1,0,0,1,0,0,,Avenida,,ROSARIO,Rosario,S/D,S/D,II,Dentro,Urbana,S/D,S/D,Intersección,S/D,S/D,Nocturna,S/D,S/D,S/D,Colisión,S/D,S/D,S/D,S/D,POINT (-60.670278800000006 -32.96040305),"['Avenida Francia', 'Viamonte']",2,Avenida Francia; Viamonte,-32.96040305,-60.670278800000006,55.0,538.0,Municipio Rosario,Municipio,Rosario,820210,Servicio de Catastro e Información Territorial,IGN
2014,6964,2014-08-13,Miercoles,0.0,12:47:00,,0.0,2,"Moto/Ciclomotor,Peatón",Milan Y Pje. Del Campo,2,1,0,0,1,0,0,,S/D,,ROSARIO,Rosario,Asfalto,S/D,II,Dentro,Urbana,S/D,No existe,Intersección,Bueno,Buena,Diurna,Buen Tiempo,S/D,S/D,Atropello,Ninguna,S/D,S/D,S/D,POINT (-60.6540957 -32.98970280000001),"['Milán', 'Del Campo']",2,Milán; Del Campo,-32.98970280000001,-60.6540957,55.0,538.0,Municipio Rosario,Municipio,Rosario,820210,Servicio de Catastro e Información Territorial,IGN
2014,6966,2014-08-06,Miercoles,0.0,15:20:00,,0.0,2,"Moto/Ciclomotor,Moto/Ciclomotor",Ayolas Y Esmeralda,2,1,0,0,1,0,0,,Calle,,ROSARIO,Rosario,Asfalto,No existe,II,Dentro,Urbana,Marca Vial,No existe,Intersección,Bueno,Buena,Diurna,Buen Tiempo,Lateral,S/D,Colisión,Ninguna,Vertical,Línea divisoria pintada,Sin restricción,POINT (-60.629082600000004 -32.9797835),"['Ayolas', 'Esmeralda']",2,Ayolas; Esmeralda,-32.9797835,-60.6290826,55.0,538.0,Municipio Rosario,Municipio,Rosario,820210,Servicio de Catastro e Información Territorial,IGN
2014,6967,2014-08-30,Sabado,0.0,,,0.0,2,"Moto/Ciclomotor,Automóvil",Sarmiento Y Rueda,3,2,0,0,1,0,0,,Calle,,ROSARIO,Rosario,S/D,S/D,II,Dentro,Urbana,S/D,S/D,Intersección,S/D,S/D,S/D,S/D,S/D,S/D,Colisión,S/D,S/D,S/D,S/D,POINT (-60.6443533 -32.971076200000006),"['Sarmiento', 'Rueda']",2,Sarmiento; Rueda,-32.971076200000006,-60.6443533,55.0,538.0,Municipio Rosario,Municipio,Rosario,820210,Servicio de Catastro e Información Territorial,IGN
2014,6968,2014-09-21,Domingo,0.0,14:00:00,,0.0,2,"Automóvil,Automóvil",Av. Sorrento Y Av. Circunvalacion,4,1,0,0,2,0,1,,S/D,,ROSARIO,Rosario,Asfalto,Pavimento,II,S/D,S/D,Ninguna,Funciona,Recta,Bueno,Buena,Atardecer,Buen Tiempo,Lateral,S/D,Colisión,Otro,Horizontal,Ninguna,Sin restricción,POINT (-60.72270983333334 -32.90836276666666),"['Sorrento', 'Circunvalacion']",2,"('Avenida Sorrento', 'Juan Pablo II')",-32.90836276666666,-60.72270983333334,55.0,538.0,Municipio Rosario,Municipio,Rosario,820210,Servicio de Catastro e Información Territorial,IGN
2014,6970,2014-09-17,Miercoles,0.0,17:15:00,,0.0,2,"Peatón,Pickup/Utilitario",Bv. Rondeau Y Olive,2,1,0,0,1,0,0,,Avenida,,ROSARIO,Rosario,Asfalto,No existe,II,Dentro,Urbana,Ninguna,No existe,Recta,Bueno,Buena,Diurna,Buen Tiempo,S/D,S/D,Atropello,Otro,Faltante,Ninguna,Sin restricción,POINT (-60.68672205 -32.9130919),"['Rondeau', 'Olive']",2,Bulevar General José Rondeau; Olivé,-32.9130919,-60.68672205,55.0,538.0,Municipio Rosario,Municipio,Rosario,820210,Servicio de Catastro e Información Territorial,IGN
2014,6971,2014-08-05,Martes,0.0,10:20:00,,0.0,2,"Moto/Ciclomotor,Taxi/Remis",L.N.Alem Y Bv. Segui,2,1,0,0,1,0,0,,Calle,,ROSARIO,Rosario,Asfalto,No existe,II,Dentro,Urbana,Marca Vial,No existe,Intersección,Bueno,Buena,Diurna,Buen Tiempo,Lateral,S/D,Colisión,Ninguna,Vertical,Cordón divisorio,Sin restricción,POINT (-60.63650380000001 -32.980857400000005),"['Alem', 'Bulevar Juan Francisco Seguí']",2,Leandro N. Alem; Bulevar Juan Francisco Seguí,-32.980857400000005,-60.63650380000001,55.0,538.0,Municipio Rosario,Municipio,Rosario,820210,Servicio de Catastro e Información Territorial,IGN
2014,6973,2014-08-11,Lunes,0.0,13:00:00,,0.0,3,"Automóvil,Pickup/Utilitario,Moto/Ciclomotor",Cochabamba Y Pte.Roca,3,1,1,0,1,0,0,,Calle,,ROSARIO,Rosario,S/D,S/D,II,Dentro,Urbana,S/D,S/D,Intersección,S/D,S/D,Diurna,Buen Tiempo,S/D,S/D,Colisión,S/D,S/D,S/D,S/D,POINT (-60.6481136 -32.957187099999985),"['Cochabamba', 'Roca']",2,Cochabamba; Presidente Roca,-32.957187099999985,-60.6481136,55.0,538.0,Municipio Rosario,Municipio,Rosario,820210,Servicio de Catastro e Información Territorial,IGN
2014,6975,2014-09-27,Sabado,0.0,12:10:00,,0.0,2,"Automóvil,Peatón",La Republica Y Ottone Bis,2,1,0,0,0,0,1,,Calle,,ROSARIO,Rosario,Asfalto,Pavimento,II,Dentro,Urbana,Ninguna,No existe,Recta,Bueno,Buena,Diurna,Otro,S/D,S/D,Atropello,Otro,Faltante,Ninguna,Sin restricción,POINT (-60.70089010000001 -32.918243399999994),"['La República', 'Ottone']",2,La República; Ottone,-32.918243399999994,-60.70089010000001,55.0,538.0,Municipio Rosario,Municipio,Rosario,820210,Servicio de Catastro e Información Territorial,IGN
2014,6976,2014-09-19,Viernes,0.0,22:00:00,,0.0,2,"Automóvil,Pickup/Utilitario",Gurruchaga Y Zelaya,2,1,0,0,1,0,0,,Calle,,ROSARIO,Rosario,Asfalto,No existe,II,Dentro,Urbana,Ninguna,No existe,Intersección,Bueno,Buena,Nocturna,Buen Tiempo,Otro,S/D,Colisión,Ninguna,Faltante,Ninguna,Sin restricción,POINT (-60.6928597 -32.9059287),"['Gurruchaga', 'Zelaya']",2,Gurruchaga; Zelaya,-32.9059287,-60.6928597,55.0,538.0,Municipio Rosario,Municipio,Rosario,820210,Servicio de Catastro e Información Territorial,IGN
2014,6980,2014-08-05,Martes,0.0,05:20:00,,0.0,2,"Moto/Ciclomotor,Automóvil",Biedma Y Grandoli,2,1,0,0,1,0,0,,Calle,,ROSARIO,Rosario,Asfalto,No existe,II,Dentro,Urbana,Marca Vial,No existe,Intersección,Bueno,Buena,Amanecer,Buen Tiempo,Lateral,S/D,Colisión,Ninguna,Vertical,Línea divisoria pintada,Sin restricción,POINT (-60.62816415 -32.984736049999995),"['Coronel Biedma', 'Avenida Abanderado Grandoli']",2,Coronel Biedma; Avenida Abanderado Grandoli,-32.984736049999995,-60.62816415,55.0,538.0,Municipio Rosario,Municipio,Rosario,820210,Servicio de Catastro e Información Territorial,IGN
2014,6981,2014-08-12,Martes,0.0,23:00:00,,0.0,2,"Bicicleta,Taxi/Remis",Virasoro Y Av. Corrientes,2,1,0,0,1,0,0,,Calle,,ROSARIO,Rosario,S/D,S/D,II,Dentro,Urbana,S/D,S/D,Intersección,S/D,S/D,Nocturna,S/D,S/D,S/D,Atropello,S/D,S/D,S/D,S/D,POINT (-60.648275299999995 -32.9691923),"['Virasoro', 'Corrientes']",2,Benjamín Virasoro; Corrientes,-32.9691923,-60.6482753,55.0,538.0,Municipio Rosario,Municipio,Rosario,820210,Servicio de Catastro e Información Territorial,IGN
2014,6982,2014-09-17,Miercoles,0.0,17:00:00,,0.0,2,"Automóvil,Automóvil",Bv. Rondeau Y Washington,2,1,0,0,1,0,0,,Avenida,,ROSARIO,Rosario,Asfalto,No existe,II,Dentro,Urbana,Ninguna,Funciona,Intersección,Bueno,Buena,Diurna,Buen Tiempo,S/D,S/D,Atropello,Ninguna,Vertical,Cordón divisorio,Sin restricción,POINT (-60.6903563 -32.901208475000004),"['Rondeau', 'Washington']",2,Bulevar General José Rondeau; Washington,-32.901208475000004,-60.6903563,55.0,538.0,Municipio Rosario,Municipio,Rosario,820210,Servicio de Catastro e Información Territorial,IGN
2014,6983,2014-08-04,Lunes,0.0,08:30:00,,0.0,2,"Moto/Ciclomotor,Automóvil",Bv. Segui Y Laprida,2,1,0,0,1,0,0,,Calle,,ROSARIO,Rosario,Asfalto,No existe,II,Dentro,Urbana,Marca Vial,No existe,Intersección,Bueno,Buena,Diurna,Buen Tiempo,Lateral,S/D,Colisión,Ninguna,Vertical,Cordón divisorio,Sin restricción,POINT (-60.64243230000001 -32.97979135),"['Bulevar Juan Francisco Seguí', 'Laprida']",2,Bulevar Juan Francisco Seguí; Francisco Narciso Laprida,-32.97979135,-60.64243230000001,55.0,538.0,Municipio Rosario,Municipio,Rosario,820210,Servicio de Catastro e Información Territorial,IGN
2014,6987,2014-09-20,Sabado,0.0,03:10:00,,0.0,2,"Automóvil,Moto/Ciclomotor",Junin Y Albert Sabin,2,1,0,0,1,0,0,,Avenida,,ROSARIO,Rosario,S/D,S/D,II,S/D,Urbana,S/D,S/D,S/D,S/D,Buena,Nocturna,S/D,S/D,S/D,Colisión,S/D,S/D,S/D,S/D,POINT (-60.679945950000004 -32.92670269999999),"['Junín', 'Avenida Travesía Albert Sabin']",2,Junín; Avenida Travesía Albert Sabin,-32.92670269999999,-60.67994595,55.0,538.0,Municipio Rosario,Municipio,Rosario,820210,Servicio de Catastro e Información Territorial,IGN
2014,6989,2014-08-15,Viernes,0.0,14:40:00,,0.0,2,"Pickup/Utilitario,Automóvil",Bv. Oroño Y Rueda,3,2,0,0,1,0,0,,Avenida,,ROSARIO,Rosario,S/D,S/D,II,Dentro,Urbana,S/D,S/D,Intersección,S/D,S/D,Diurna,S/D,S/D,S/D,Colisión,S/D,S/D,S/D,S/D,POINT (-60.65951415 -32.96836919999999),"['Bulevar Nicasio Oroño', 'Rueda']",2,Bulevar Nicasio Oroño; Rueda,-32.96836919999999,-60.65951415,55.0,538.0,Municipio Rosario,Municipio,Rosario,820210,Servicio de Catastro e Información Territorial,IGN
2014,6990,2014-09-22,Lunes,0.0,21:00:00,,0.0,2,"Transporte de Pasajeros Urbano (> 8 asientos),Bicicleta",Washington Y Union,3,2,0,0,1,0,0,,Calle,,ROSARIO,Rosario,Asfalto,No existe,II,Dentro,Urbana,S/D,No existe,Intersección,Bueno,Buena,Nocturna,Buen Tiempo,S/D,S/D,Atropello,Ninguna,Faltante,Ninguna,Sin restricción,POINT (-60.70018509999999 -32.9033337),"['Washington', 'Unión']",2,Washington; Unión,-32.9033337,-60.70018509999999,55.0,538.0,Municipio Rosario,Municipio,Rosario,820210,Servicio de Catastro e Información Territorial,IGN
2014,6993,2014-08-07,Jueves,0.0,23:35:00,,0.0,2,"Moto/Ciclomotor,Moto/Ciclomotor",Bv. 27 De Febrero Y Colon,2,2,0,0,0,0,0,,Calle,,ROSARIO,Rosario,Asfalto,No existe,II,Dentro,Urbana,Ninguna,No existe,Intersección,Bueno,Buena,"Nocturna,Con luz artificial",Buen Tiempo,S/D,S/D,Colisión,Ninguna,S/D,Ninguna,Sin restricción,POINT (-60.63087325 -32.96985020000001),"['27 de Febrero', 'Colon']",2,Bulevar 27 de Febrero; Cristóbal Colón,-32.96985020000001,-60.63087325,55.0,538.0,Municipio Rosario,Municipio,Rosario,820210,Servicio de Catastro e Información Territorial,IGN
2014,6994,2014-08-18,Lunes,0.0,21:30:00,,0.0,2,"Automóvil,Moto/Ciclomotor",Italia 3900,2,1,0,0,1,0,0,,Calle,,ROSARIO,Rosario,Asfalto,S/D,II,Dentro,Urbana,Ninguna,No existe,Intersección,Bueno,Buena,Nocturna,Buen Tiempo,De alcance,S/D,Colisión,S/D,Faltante,S/D,Sin restricción,"-32.9809174, -60.6571069",['Italia 3900'],1,Italia 3900,-32.9809174,-60.6571069,55.0,538.0,Municipio Rosario,Municipio,Rosario,820210,Servicio de Catastro e Información Territorial,IGN
2014,6995,2014-08-12,Martes,0.0,10:00:00,,0.0,2,"Automóvil,Moto/Ciclomotor",Necochea Y Cochabamba,2,1,0,0,1,0,0,,Calle,,ROSARIO,Rosario,Asfalto,No existe,II,Dentro,Urbana,Ninguna,No existe,Intersección,Bueno,Buena,Diurna,Buen Tiempo,S/D,S/D,Colisión,Ninguna,S/D,Ninguna,Sin restricción,POINT (-60.62717440000001 -32.960948899999984),"['Necochea', 'Cochabamba']",2,Necochea; Cochabamba,-32.960948899999984,-60.62717440000001,55.0,538.0,Municipio Rosario,Municipio,Rosario,820210,Servicio de Catastro e Información Territorial,IGN
2014,6997,2014-08-14,Jueves,0.0,11:10:00,,0.0,2,"Automóvil,Automóvil",Colon Y Ocampo,2,1,0,0,1,0,0,,Calle,,ROSARIO,Rosario,Asfalto,No existe,II,Dentro,Urbana,Ninguna,No existe,Intersección,Bueno,Buena,Diurna,Buen Tiempo,Otro,S/D,Colisión,Ninguna,S/D,Ninguna,Sin restricción,POINT (-60.6305784 -32.96870069999999),"['Colon', 'Ocampo']",2,Cristóbal Colón; Ocampo,-32.96870069999999,-60.6305784,55.0,538.0,Municipio Rosario,Municipio,Rosario,820210,Servicio de Catastro e Información Territorial,IGN
2014,6998,2014-08-23,Sabado,0.0,11:30:00,,0.0,2,"Peatón,Automóvil",Necochea Y Ocampo,2,1,0,0,0,0,1,,Calle,,ROSARIO,Rosario,Asfalto,No existe,II,Dentro,Urbana,Ninguna,No existe,Intersección,Bueno,Buena,Diurna,Buen Tiempo,S/D,S/D,Atropello,Ninguna,S/D,Ninguna,Sin restricción,POINT (-60.6291842 -32.9689484),"['Necochea', 'Ocampo']",2,Necochea; Ocampo,-32.9689484,-60.6291842,55.0,538.0,Municipio Rosario,Municipio,Rosario,820210,Servicio de Catastro e Información Territorial,IGN
2014,6999,2014-08-28,Jueves,0.0,22:00:00,,0.0,2,"Peatón,Automóvil",Pasco 114,2,1,0,0,1,0,0,,Calle,,ROSARIO,Rosario,Asfalto,S/D,II,Dentro,Urbana,S/D,S/D,Recta,S/D,Buena,Diurna,Buen Tiempo,S/D,S/D,Atropello,Ninguna,S/D,Ninguna,S/D,"-32.96196395510204, -60.62774070408163",['Pasco 114'],1,Pasco 114,-32.96196395510204,-60.62774070408163,55.0,538.0,Municipio Rosario,Municipio,Rosario,820210,Servicio de Catastro e Información Territorial,IGN
2014,7000,2014-08-13,Miercoles,0.0,14:00:00,,0.0,2,"Peatón,Pickup/Utilitario",Dean Funes Y San Martin,2,1,0,0,1,0,0,,Calle,,ROSARIO,Rosario,Asfalto,No existe,II,Dentro,Urbana,Ninguna,No existe,Intersección,Bueno,Buena,Diurna,S/D,S/D,S/D,Atropello,Ninguna,Faltante,S/D,Sin restricción,POINT (-60.6440372 -32.97592170000001),"['Deán Gregorio Funes', 'San Martin']",2,Deán Gregorio Funes; José de San Martín,-32.97592170000001,-60.6440372,55.0,538.0,Municipio Rosario,Municipio,Rosario,820210,Servicio de Catastro e Información Territorial,IGN
2014,7001,2014-08-14,Jueves,0.0,05:50:00,,0.0,1,Automóvil,San Martin Y Ayolas,2,1,0,0,1,0,0,,Calle,,ROSARIO,Rosario,Asfalto,S/D,II,Dentro,Urbana,Semáforo,Funciona,Recta,Bueno,Buena,Amanecer,Buen Tiempo,Contra objeto fijo,S/D,Colisión,Ninguna,Vertical,Línea divisoria pintada,Sin restricción,POINT (-60.644083949999995 -32.97709834999999),"['San Martin', 'Ayolas']",2,José de San Martín; Ayolas,-32.97709834999999,-60.64408395,55.0,538.0,Municipio Rosario,Municipio,Rosario,820210,Servicio de Catastro e Información Territorial,IGN
2014,7002,2014-08-15,Viernes,0.0,14:45:00,,0.0,2,"Moto/Ciclomotor,Automóvil",Bv. Segui Y Sarmiento,2,1,0,0,1,0,0,,Avenida,,ROSARIO,Rosario,Asfalto,S/D,II,Dentro,Urbana,Ninguna,No existe,Intersección,Bueno,Buena,Diurna,Buen Tiempo,De alcance,S/D,Colisión,Ninguna,Faltante,S/D,Sin restricción,POINT (-60.64638135 -32.9790819),"['Bulevar Juan Francisco Seguí', 'Sarmiento']",2,Bulevar Juan Francisco Seguí; Sarmiento,-32.9790819,-60.64638135,55.0,538.0,Municipio Rosario,Municipio,Rosario,820210,Servicio de Catastro e Información Territorial,IGN
2014,7003,2014-08-07,Jueves,0.0,,,0.0,3,"Taxi/Remis,Automóvil,Automóvil",Sarmiento Y Virasoro,5,1,0,0,4,0,0,,S/D,,ROSARIO,Rosario,S/D,S/D,II,S/D,S/D,S/D,S/D,Intersección,S/D,S/D,S/D,S/D,Múltiple,S/D,Colisión,S/D,S/D,S/D,S/D,POINT (-60.6440624 -32.969927),"['Sarmiento', 'Virasoro']",2,Sarmiento; Benjamín Virasoro,-32.969927,-60.6440624,55.0,538.0,Municipio Rosario,Municipio,Rosario,820210,Servicio de Catastro e Información Territorial,IGN
2014,7004,2014-08-19,Martes,0.0,20:30:00,,0.0,2,"Automóvil,Moto/Ciclomotor",Cochabamba Y Paraguay,2,1,0,0,1,0,0,,Calle,,ROSARIO,Rosario,S/D,S/D,II,Dentro,Urbana,S/D,S/D,Intersección,S/D,S/D,Nocturna,S/D,S/D,S/D,Colisión,S/D,S/D,S/D,S/D,POINT (-60.646751300000005 -32.9574353),"['Cochabamba', 'Paraguay']",2,Cochabamba; Paraguay,-32.9574353,-60.646751300000005,55.0,538.0,Municipio Rosario,Municipio,Rosario,820210,Servicio de Catastro e Información Territorial,IGN
2014,7007,2014-08-02,Sabado,0.0,23:00:00,,0.0,2,"Automóvil,Moto/Ciclomotor",Dr.Rivas Y Pueyrredon,4,2,0,0,2,0,0,,Calle,,ROSARIO,Rosario,Asfalto,S/D,II,Dentro,Urbana,Ninguna,No existe,Intersección,Bueno,Buena,"Nocturna,Con luz artificial",Buen Tiempo,De alcance,S/D,Colisión,S/D,Faltante,S/D,Sin restricción,POINT (-60.6667508 -32.9802387),"['Doctor Francisco Riva', 'Pueyrredón']",2,Doctor Francisco Riva; Pueyrredón,-32.9802387,-60.6667508,55.0,538.0,Municipio Rosario,Municipio,Rosario,820210,Servicio de Catastro e Información Territorial,IGN
2014,7008,2014-09-10,Miercoles,0.0,17:55:00,,0.0,2,"Transporte Escolar,Peatón",J.B.Justo Y De Angelis Bis,3,1,0,0,0,0,2,,Calle,,ROSARIO,Rosario,Asfalto,Natural,II,Dentro,Urbana,Ninguna,No existe,Recta,Bueno,Buena,Atardecer,Otro,S/D,S/D,Atropello,Otro,Faltante,Ninguna,Sin restricción,POINT (-60.6990704 -32.91449349999999),"['Justo', 'De Ángelis']",2,Justo José de Urquiza; De Ángelis,-32.91449349999999,-60.6990704,55.0,538.0,Municipio Rosario,Municipio,Rosario,820210,Servicio de Catastro e Información Territorial,IGN
2014,7009,2014-08-01,Viernes,0.0,19:15:00,,0.0,2,"Pickup/Utilitario,Peatón",San Martin Y Gaboto,3,2,0,0,1,0,0,,Calle,,ROSARIO,Rosario,Asfalto,S/D,II,Dentro,Urbana,Semáforo,Funciona,Intersección,Bueno,Buena,Atardecer,Buen Tiempo,S/D,S/D,Atropello,S/D,Horizontal,S/D,Sin restricción,POINT (-60.6434439 -32.9736111),"['San Martin', 'Gaboto']",2,José de San Martín; Gaboto,-32.9736111,-60.6434439,55.0,538.0,Municipio Rosario,Municipio,Rosario,820210,Servicio de Catastro e Información Territorial,IGN
2014,7010,2014-09-01,Lunes,0.0,15:45:00,,0.0,2,"Bicicleta,Automóvil",French Y Cullen,3,1,0,0,2,0,0,,Calle,,ROSARIO,Rosario,S/D,Pavimento,II,Dentro,Urbana,Ninguna,No existe,Recta,Con baches,Buena,Atardecer,Buen Tiempo,S/D,S/D,Atropello,Otro,Faltante,Ninguna,Sin restricción,POINT (-60.70976655 -32.9216945),"['French', 'Cullen']",2,Domingo French; Cullen,-32.9216945,-60.70976655,55.0,538.0,Municipio Rosario,Municipio,Rosario,820210,Servicio de Catastro e Información Territorial,IGN
2014,7011,2014-09-25,Jueves,0.0,14:30:00,,0.0,2,"Moto/Ciclomotor,Moto/Ciclomotor",San Martin Y Av. Pellegrini,2,1,0,0,1,0,0,,Calle,,ROSARIO,Rosario,Asfalto,S/D,II,Dentro,Urbana,Ninguna,Funciona,Intersección,Bueno,Buena,Diurna,Buen Tiempo,Frontal,S/D,Colisión,S/D,Horizontal,Cordón divisorio,Sin restricción,POINT (-60.68038573333334 -32.9696798),"['San Martin', 'Pellegrini']",2,José de San Martín; Avenida Carlos Pellegrini,-32.9696798,-60.68038573333334,55.0,538.0,Municipio Rosario,Municipio,Rosario,820210,Servicio de Catastro e Información Territorial,IGN
2014,7012,2014-09-18,Jueves,0.0,10:00:00,,0.0,2,"Moto/Ciclomotor,Pickup/Utilitario",E.Zeballos 2300,3,2,0,0,1,0,0,,Calle,,ROSARIO,Rosario,Asfalto,S/D,II,Dentro,Urbana,Ninguna,No existe,Recta,Bueno,Buena,Diurna,Buen Tiempo,Frontal,S/D,Colisión,S/D,Faltante,Cordón divisorio,Sin restricción,"-32.9458625, -60.7009796",['E Zeballos 2300'],1,E Zeballos 2300,-32.9458625,-60.7009796,55.0,538.0,Municipio Rosario,Municipio,Rosario,820210,Servicio de Catastro e Información Territorial,IGN
2014,7014,2014-08-01,Viernes,0.0,06:45:00,,0.0,2,"Moto/Ciclomotor,Automóvil",Av. Uriburu Y Ayacucho,3,2,0,0,1,0,0,,Calle,,ROSARIO,Rosario,Asfalto,No existe,II,Dentro,Urbana,Semáforo,Funciona,Intersección,Bueno,Buena,Nocturna,S/D,Lateral,S/D,Colisión,S/D,S/D,Cordón divisorio,Sin restricción,POINT (-60.63691935000001 -32.990357849999995),"['Uriburu', 'Ayacucho']",2,Avenida José Uriburu; Ayacucho,-32.990357849999995,-60.63691935000001,55.0,538.0,Municipio Rosario,Municipio,Rosario,820210,Servicio de Catastro e Información Territorial,IGN
2014,7015,2014-09-05,Viernes,0.0,21:10:00,,0.0,2,"Moto/Ciclomotor,Bicicleta",J.J.Paso Y Campbell,2,1,0,0,1,0,0,,Calle,,ROSARIO,Rosario,Asfalto,Pavimento,II,Dentro,Urbana,Ninguna,Funciona,Recta,Bueno,Buena,"Nocturna,Con luz artificial",Buen Tiempo,S/D,S/D,Atropello,Otro,Faltante,Ninguna,Sin restricción,POINT (-60.70865715000001 -32.92010505),"['Paso', 'Campbell']",2,Avenida Juan José Paso; Campbell,-32.92010505,-60.70865715000001,55.0,538.0,Municipio Rosario,Municipio,Rosario,820210,Servicio de Catastro e Información Territorial,IGN
2014,7016,2014-09-19,Viernes,0.0,14:30:00,,0.0,2,"Moto/Ciclomotor,Taxi/Remis",E.Zeballos Y Balcarce,3,2,0,0,1,0,0,,Calle,,ROSARIO,Rosario,Asfalto,S/D,II,Dentro,Urbana,Ninguna,No existe,Recta,Bueno,Buena,Diurna,Buen Tiempo,Frontal,S/D,Colisión,S/D,Faltante,Cordón divisorio,Sin restricción,POINT (-60.6541017 -32.9525317),"['Zeballos', 'Balcarce']",2,Zeballos; Balcarce,-32.9525317,-60.6541017,55.0,538.0,Municipio Rosario,Municipio,Rosario,820210,Servicio de Catastro e Información Territorial,IGN
2014,7017,2014-09-18,Jueves,0.0,10:30:00,,0.0,2,"Moto/Ciclomotor,Automóvil",Montevideo 1500,3,1,0,0,2,0,0,,Calle,,ROSARIO,Rosario,Asfalto,S/D,II,Dentro,Urbana,Ninguna,No existe,Recta,Bueno,Buena,Diurna,Buen Tiempo,Frontal,S/D,Colisión,S/D,Faltante,Cordón divisorio,Sin restricción,"-32.9474166, -60.7105213",['Montevideo'],1,Montevideo,-32.9474166,-60.7105213,55.0,538.0,Municipio Rosario,Municipio,Rosario,820210,Servicio de Catastro e Información Territorial,IGN