anio_acci,nro_acci,fecha,desc_dia,fecha_aprox,hora_aprox,desc_ruta,km,cant_participantes,desc_participante,calle_avenida_km,total,heridos_leves,heridos_graves,heridos_gravisimos,ilesos,fallecidos,sin_datos,posicion_XY,desc_tipo_via,desc_ruta_ori,desc_loc,desc_dpto,desc_tipo_calzada,desc_tipo_banquina,desc_unidad_regional,desc_lugar_calzada,desc_zona,desc_prioridad,desc_estado_semaforo,desc_lugar_via,desc_estado_via,desc_estado_visibilidad,desc_luminosidad,desc_estado_clima,desc_tipo_colision,desc_tipo_atropello,desc_tipo_hecho,desc_pres_calzada,desc_senializacion,desc_separacion_via,desc_restriccion,forma_geocod,calle_lista,numero_calles,calles_osm,lat,lon,index_right,gid,fna,gna,nam,in1,fdc,sag
2014,7066,2014-09-23,Martes,0.0,22:50:00,,0.0,2,"Moto/Ciclomotor,Automóvil",Pueyrredon Y Cordoba,3,1,0,0,2,0,0,,Calle,,ROSARIO,Rosario,Asfalto,S/D,II,S/D,Urbana,S/D,S/D,S/D,S/D,S/D,S/D,S/D,S/D,S/D,Colisión,S/D,S/D,S/D,S/D,POINT (-60.65737260000001 -32.94301),"['Pueyrredón', 'Córdoba']",2,Pueyrredón; Córdoba,-32.94301,-60.65737260000001,55.0,538.0,Municipio Rosario,Municipio,Rosario,820210,Servicio de Catastro e Información Territorial,IGN
2014,7067,2014-09-27,Sabado,0.0,17:20:00,,0.0,2,"Automóvil,Automóvil",Tucuman Y Vera Mujica,2,1,0,0,1,0,0,,Calle,,ROSARIO,Rosario,Asfalto,No existe,II,Dentro,Urbana,S/D,No existe,Recta,Bueno,Buena,Diurna,Buen Tiempo,S/D,S/D,Colisión,S/D,Faltante,S/D,Sin restricción,POINT (-60.66572680000001 -32.936646399999994),"['Tucumán', 'Vera Mujíca']",2,Tucumán; Vera Mujíca,-32.936646399999994,-60.66572680000001,55.0,538.0,Municipio Rosario,Municipio,Rosario,820210,Servicio de Catastro e Información Territorial,IGN
2014,7068,2014-09-02,Martes,0.0,18:55:00,,0.0,2,"Taxi/Remis,Automóvil",Av. Pellegrini Y Pte.Roca,3,2,0,0,1,0,0,,Avenida,,ROSARIO,Rosario,Asfalto,S/D,II,Dentro,Urbana,Ninguna,Funciona,Intersección,Bueno,Buena,"Atardecer,Con luz artificial",Buen Tiempo,Frontal,S/D,Colisión,S/D,Horizontal,Cordón divisorio,Sin restricción,POINT (-60.6478283 -32.95605889999999),"['Pellegrini', 'Roca']",2,Avenida Carlos Pellegrini; Presidente Roca,-32.95605889999999,-60.6478283,55.0,538.0,Municipio Rosario,Municipio,Rosario,820210,Servicio de Catastro e Información Territorial,IGN
2014,7069,2014-09-16,Martes,0.0,10:15:00,,0.0,2,"Automóvil,Pickup/Utilitario",Sarmiento Y Tucuman,2,1,0,0,1,0,0,,Calle,,ROSARIO,Rosario,Asfalto,No existe,II,Dentro,Urbana,Ninguna,No existe,Intersección,Bueno,Buena,Diurna,Buen Tiempo,Lateral,S/D,Colisión,S/D,Faltante,Ninguna,Sin restricción,POINT (-60.6370593 -32.9418483),"['Sarmiento', 'Tucumán']",2,Sarmiento; Tucumán,-32.9418483,-60.6370593,55.0,538.0,Municipio Rosario,Municipio,Rosario,820210,Servicio de Catastro e Información Territorial,IGN
2014,7070,2014-09-22,Lunes,0.0,10:20:00,,0.0,2,"Peatón,Transporte de Pasajeros Urbano (> 8 asientos)",Sarmiento Y Cordoba,2,1,0,0,1,0,0,,Calle,,ROSARIO,Rosario,Asfalto,S/D,II,Dentro,Urbana,Ninguna,No existe,Recta,Bueno,Buena,Diurna,Buen Tiempo,S/D,S/D,Atropello,S/D,Horizontal,Cordón divisorio,Sin restricción,POINT (-60.63819269999999 -32.9464518),"['Sarmiento', 'Córdoba']",2,Sarmiento; Córdoba,-32.9464518,-60.63819269999999,55.0,538.0,Municipio Rosario,Municipio,Rosario,820210,Servicio de Catastro e Información Territorial,IGN
2014,7071,2014-09-10,Miercoles,0.0,09:00:00,,0.0,2,"Peatón,Automóvil",Bv. Oroño Y San Lorenzo,2,1,0,0,1,0,0,,Avenida,,ROSARIO,Rosario,Asfalto,No existe,II,Dentro,Urbana,Ninguna,No existe,Intersección,Bueno,Buena,Diurna,Buen Tiempo,S/D,S/D,Atropello,S/D,Faltante,Ninguna,Sin restricción,POINT (-60.652740599999994 -32.9414065),"['Bulevar Nicasio Oroño', 'San Lorenzo']",2,Bulevar Nicasio Oroño; San Lorenzo,-32.9414065,-60.6527406,55.0,538.0,Municipio Rosario,Municipio,Rosario,820210,Servicio de Catastro e Información Territorial,IGN
2014,7072,2014-09-15,Lunes,0.0,11:00:00,,0.0,2,"Moto/Ciclomotor,Pickup/Utilitario",9 De Julio 2300,3,2,0,0,1,0,0,,Calle,,ROSARIO,Rosario,Asfalto,S/D,II,Dentro,Urbana,Ninguna,No existe,Intersección,Bueno,Buena,Diurna,Buen Tiempo,Frontal,S/D,Colisión,S/D,Horizontal,S/D,Sin restricción,"-32.9508977, -60.6563725",['9 De Julio 2300'],1,9 De Julio 2300,-32.9508977,-60.6563725,55.0,538.0,Municipio Rosario,Municipio,Rosario,820210,Servicio de Catastro e Información Territorial,IGN
2014,7073,2014-09-22,Lunes,0.0,12:00:00,,0.0,1,Taxi/Remis,Dorrego Y 9 De Julio,2,1,0,0,1,0,0,,Calle,,ROSARIO,Rosario,Asfalto,S/D,II,Dentro,Urbana,Ninguna,No existe,Recta,Bueno,Buena,Diurna,Buen Tiempo,Frontal,S/D,Colisión,S/D,Horizontal,Cordón divisorio,Sin restricción,POINT (-60.65106190000001 -32.95188339999999),"['Dorrego', '9 de Julio']",2,Manuel Dorrego; 9 de Julio,-32.95188339999999,-60.65106190000001,55.0,538.0,Municipio Rosario,Municipio,Rosario,820210,Servicio de Catastro e Información Territorial,IGN
2014,7074,2014-09-03,Miercoles,0.0,23:50:00,,0.0,2,"Camión,Automóvil",J.J.Paso 7400,2,1,0,0,1,0,0,,Calle,,ROSARIO,Rosario,Asfalto,Pavimento,II,S/D,Urbana,Ninguna,No existe,Recta,Bueno,Buena,Nocturna,Buen Tiempo,Frontal,S/D,Colisión,Otro,Faltante,Ninguna,Sin restricción,"-32.9204003, -60.7218897",['Juan José Paso 7400'],1,Juan José Paso 7400,-32.9204003,-60.7218897,55.0,538.0,Municipio Rosario,Municipio,Rosario,820210,Servicio de Catastro e Información Territorial,IGN
2014,7075,2014-09-28,Domingo,0.0,15:30:00,,0.0,2,"Automóvil,Automóvil",Bv. Avellaneda Y 3 De Febrero,4,2,0,0,2,0,0,,Avenida,,ROSARIO,Rosario,Asfalto,S/D,II,S/D,Urbana,S/D,S/D,S/D,S/D,S/D,S/D,S/D,S/D,S/D,Colisión,S/D,S/D,S/D,S/D,POINT (-60.6807366 -32.945458),"['Avellaneda', '3 de Febrero']",2,Bulevar Nicolás Avellaneda; 3 de Febrero,-32.945458,-60.6807366,55.0,538.0,Municipio Rosario,Municipio,Rosario,820210,Servicio de Catastro e Información Territorial,IGN
2014,7076,2014-09-03,Miercoles,0.0,09:00:00,,0.0,2,"Automóvil,Pickup/Utilitario",Salta Y Italia,3,1,0,0,2,0,0,,Calle,,ROSARIO,Rosario,Asfalto,No existe,II,Dentro,Urbana,Ninguna,No existe,Intersección,Bueno,Buena,Diurna,Buen Tiempo,Lateral,S/D,Colisión,S/D,Faltante,Ninguna,Sin restricción,POINT (-60.6461132 -32.937695999999995),"['Salta', 'Italia']",2,Salta; Italia,-32.937695999999995,-60.6461132,55.0,538.0,Municipio Rosario,Municipio,Rosario,820210,Servicio de Catastro e Información Territorial,IGN
2014,7077,2014-09-02,Martes,0.0,05:40:00,,0.0,2,"Moto/Ciclomotor,Automóvil",Bv. Oroño Y San Luis,2,1,0,0,1,0,0,,Avenida,,ROSARIO,Rosario,Asfalto,S/D,II,Dentro,Urbana,Ninguna,No existe,Intersección,Bueno,Buena,Amanecer,Buen Tiempo,Frontal,S/D,Colisión,S/D,Horizontal,Cordón divisorio,Sin restricción,POINT (-60.6539474 -32.946329600000006),"['Bulevar Nicasio Oroño', 'San Luis']",2,Bulevar Nicasio Oroño; San Luis,-32.946329600000006,-60.6539474,55.0,538.0,Municipio Rosario,Municipio,Rosario,820210,Servicio de Catastro e Información Territorial,IGN
2014,7078,2014-09-09,Martes,0.0,09:20:00,,0.0,2,"Peatón,Transporte de Pasajeros Urbano (> 8 asientos)",Av. Corrientes Y San Luis,2,1,0,0,1,0,0,,Calle,,ROSARIO,Rosario,Asfalto,S/D,II,Dentro,Urbana,Ninguna,Funciona,Intersección,Bueno,Buena,Diurna,Buen Tiempo,S/D,S/D,Atropello,S/D,Horizontal,S/D,Sin restricción,POINT (-60.6429694 -32.948293099999994),"['Corrientes', 'San Luis']",2,Corrientes; San Luis,-32.948293099999994,-60.6429694,55.0,538.0,Municipio Rosario,Municipio,Rosario,820210,Servicio de Catastro e Información Territorial,IGN
2014,7079,2014-09-08,Lunes,0.0,12:15:00,,0.0,2,"Pickup/Utilitario,Automóvil",Mendoza Y Santiago,2,1,0,0,1,0,0,,Calle,,ROSARIO,Rosario,Asfalto,S/D,II,Dentro,Urbana,Ninguna,Funciona,Recta,Bueno,Buena,Diurna,Buen Tiempo,Frontal,S/D,Colisión,S/D,Horizontal,Cordón divisorio,Sin restricción,POINT (-60.6573014 -32.94835160000001),"['Mendoza', 'Santiago']",2,Mendoza; Santiago,-32.94835160000001,-60.6573014,55.0,538.0,Municipio Rosario,Municipio,Rosario,820210,Servicio de Catastro e Información Territorial,IGN
2014,7080,2014-09-15,Lunes,0.0,14:30:00,,0.0,3,"Moto/Ciclomotor,Automóvil,Automóvil",San Juan 1200,4,1,0,0,3,0,0,,Calle,,ROSARIO,Rosario,Asfalto,S/D,II,Dentro,Urbana,Ninguna,S/D,Recta,Bueno,Buena,Diurna,Buen Tiempo,Múltiple,S/D,Colisión,S/D,Horizontal,Cordón divisorio,Sin restricción,"-32.9498735, -60.6404051",['San Juan 1200'],1,San Juan 1200,-32.9498735,-60.6404051,55.0,538.0,Municipio Rosario,Municipio,Rosario,820210,Servicio de Catastro e Información Territorial,IGN
2014,7081,2014-09-05,Viernes,0.0,12:30:00,,0.0,2,"Bicicleta,Automóvil",Mariano Moreno Y Mendoza,2,1,0,0,1,0,0,,Calle,,ROSARIO,Rosario,Asfalto,S/D,II,Dentro,Urbana,Ninguna,No existe,Recta,Bueno,Buena,Diurna,Buen Tiempo,S/D,S/D,Atropello,S/D,Horizontal,Cordón divisorio,Sin restricción,POINT (-60.6519029 -32.949323199999995),"['Mariano Moreno', 'Mendoza']",2,Mariano Moreno; Mendoza,-32.949323199999995,-60.6519029,55.0,538.0,Municipio Rosario,Municipio,Rosario,820210,Servicio de Catastro e Información Territorial,IGN
2014,7082,2014-09-08,Lunes,0.0,19:00:00,,0.0,2,"Peatón,Automóvil",San Lorenzo Y Paraguay,2,1,0,0,1,0,0,,Calle,,ROSARIO,Rosario,Asfalto,No existe,II,Dentro,Urbana,Ninguna,No existe,Intersección,Bueno,Buena,Atardecer,Buen Tiempo,S/D,S/D,Atropello,S/D,Faltante,Ninguna,Sin restricción,POINT (-60.643162000000004 -32.9431566),"['San Lorenzo', 'Paraguay']",2,San Lorenzo; Paraguay,-32.9431566,-60.643162,55.0,538.0,Municipio Rosario,Municipio,Rosario,820210,Servicio de Catastro e Información Territorial,IGN
2014,7083,2014-09-17,Miercoles,0.0,09:00:00,,0.0,2,"Moto/Ciclomotor,Taxi/Remis",Balcarce Y Urquiza,2,1,0,0,1,0,0,,Calle,,ROSARIO,Rosario,Asfalto,No existe,II,Dentro,Urbana,Ninguna,No existe,Intersección,Bueno,Buena,Diurna,Buen Tiempo,Lateral,S/D,Colisión,S/D,Faltante,Ninguna,Sin restricción,POINT (-60.6510554 -32.94048039999999),"['Balcarce', 'Urquiza']",2,"('Balcarce', 'Justo José de Urquiza')",-32.94048039999999,-60.6510554,55.0,538.0,Municipio Rosario,Municipio,Rosario,820210,Servicio de Catastro e Información Territorial,IGN
2014,7084,2014-09-03,Miercoles,0.0,17:30:00,,0.0,2,"Vehículo Oficial,Moto/Ciclomotor",Jose Ingenieros Y Barra,3,1,0,0,1,0,1,,Calle,,ROSARIO,Rosario,Asfalto,Pavimento,II,Dentro,Urbana,Ninguna,No existe,Recta,Bueno,Buena,Atardecer,Otro,Frontal,S/D,Colisión,Otro,Faltante,Ninguna,Sin restricción,POINT (-60.70805320000001 -32.916948599999984),"['José Ingenieros', 'Barra']",2,José Ingenieros; Barraco,-32.916948599999984,-60.70805320000001,55.0,538.0,Municipio Rosario,Municipio,Rosario,820210,Servicio de Catastro e Información Territorial,IGN
2014,7085,2014-09-29,Lunes,0.0,12:30:00,,0.0,2,"Automóvil,Automóvil",San Nicolas Y Tucuman,2,1,0,0,1,0,0,,Calle,,ROSARIO,Rosario,Asfalto,No existe,II,Dentro,Urbana,Señal Pare,No existe,Recta,Bueno,Buena,Diurna,Buen Tiempo,S/D,S/D,Colisión,S/D,Vertical,S/D,Sin restricción,POINT (-60.6711576 -32.93566819999999),"['San Nicolás', 'Tucumán']",2,San Nicolás; Tucumán,-32.93566819999999,-60.6711576,55.0,538.0,Municipio Rosario,Municipio,Rosario,820210,Servicio de Catastro e Información Territorial,IGN
2014,7086,2014-09-06,Sabado,0.0,02:15:00,,0.0,2,"Automóvil,Automóvil",Urquiza Y Entre Rios,2,1,0,0,1,0,0,,Calle,,ROSARIO,Rosario,Asfalto,No existe,II,Dentro,Urbana,Ninguna,No existe,Intersección,Bueno,Buena,Nocturna,Buen Tiempo,De alcance,S/D,Colisión,S/D,Faltante,Ninguna,Sin restricción,POINT (-60.64007050000001 -32.9424732),"['Urquiza', 'Entre Ríos']",2,Justo José de Urquiza; Entre Ríos,-32.9424732,-60.64007050000001,55.0,538.0,Municipio Rosario,Municipio,Rosario,820210,Servicio de Catastro e Información Territorial,IGN
2014,7087,2014-09-09,Martes,0.0,12:30:00,,0.0,2,"Pickup/Utilitario,Peatón",Dorrego Y Montevideo,2,1,0,0,1,0,0,,Calle,,ROSARIO,Rosario,Asfalto,S/D,II,Dentro,Urbana,Ninguna,No existe,Recta,Bueno,Buena,Diurna,Buen Tiempo,S/D,S/D,Atropello,S/D,Horizontal,Cordón divisorio,Sin restricción,POINT (-60.651640799999996 -32.95416689999999),"['Dorrego', 'Montevideo']",2,Manuel Dorrego; Montevideo,-32.95416689999999,-60.6516408,55.0,538.0,Municipio Rosario,Municipio,Rosario,820210,Servicio de Catastro e Información Territorial,IGN
2014,7088,2014-09-03,Miercoles,0.0,16:45:00,,0.0,2,"Automóvil,Moto/Ciclomotor",Urquiza Y Ricchieri,2,1,0,0,1,0,0,,Calle,,ROSARIO,Rosario,Asfalto,No existe,II,Dentro,Urbana,S/D,No existe,Recta,Bueno,Buena,Diurna,Buen Tiempo,S/D,S/D,Colisión,S/D,Faltante,S/D,S/D,POINT (-60.6619733 -32.9385564),"['Urquiza', 'Ricchieri']",2,Justo José de Urquiza; Ricchieri,-32.9385564,-60.6619733,55.0,538.0,Municipio Rosario,Municipio,Rosario,820210,Servicio de Catastro e Información Territorial,IGN
2014,7089,2014-09-18,Jueves,0.0,13:00:00,,0.0,2,"Automóvil,Moto/Ciclomotor",San Lorenzo Y Bv. Oroño,2,1,0,0,1,0,0,,Avenida,,ROSARIO,Rosario,Asfalto,No existe,II,Dentro,Urbana,Ninguna,No existe,Intersección,Bueno,Buena,Diurna,Buen Tiempo,Lateral,S/D,Colisión,S/D,Faltante,Ninguna,Sin restricción,POINT (-60.652740599999994 -32.9414065),"['San Lorenzo', 'Bulevar Nicasio Oroño']",2,San Lorenzo; Bulevar Nicasio Oroño,-32.9414065,-60.6527406,55.0,538.0,Municipio Rosario,Municipio,Rosario,820210,Servicio de Catastro e Información Territorial,IGN
2014,7090,2014-09-07,Domingo,0.0,17:00:00,,0.0,2,"Peatón,Moto/Ciclomotor",Mariano Moreno Y San Luis,2,1,0,0,1,0,0,,Calle,,ROSARIO,Rosario,Asfalto,S/D,II,Dentro,Urbana,Ninguna,No existe,Recta,Bueno,Buena,Diurna,Buen Tiempo,S/D,S/D,Atropello,S/D,Horizontal,Cordón divisorio,Sin restricción,POINT (-60.6512659 -32.94680389999999),"['Mariano Moreno', 'San Luis']",2,Mariano Moreno; San Luis,-32.94680389999999,-60.6512659,55.0,538.0,Municipio Rosario,Municipio,Rosario,820210,Servicio de Catastro e Información Territorial,IGN
2014,7091,2014-09-12,Viernes,0.0,20:00:00,,0.0,2,"Automóvil,Peatón",Bv. Oroño Y 3 De Febrero,2,1,0,0,1,0,0,,Avenida,,ROSARIO,Rosario,Asfalto,S/D,II,Dentro,Urbana,Ninguna,Funciona,Intersección,Bueno,S/D,S/D,Buen Tiempo,S/D,S/D,Atropello,S/D,Horizontal,Cordón divisorio,Sin restricción,POINT (-60.654906749999995 -32.950095049999995),"['Bulevar Nicasio Oroño', '3 de Febrero']",2,Bulevar Nicasio Oroño; 3 de Febrero,-32.950095049999995,-60.65490675,55.0,538.0,Municipio Rosario,Municipio,Rosario,820210,Servicio de Catastro e Información Territorial,IGN
2014,7092,2014-09-05,Viernes,0.0,15:15:00,,0.0,2,"Taxi/Remis,Pickup/Utilitario",Bv. Avellaneda ,2,1,0,0,1,0,0,,Avenida,,ROSARIO,Rosario,Asfalto,S/D,II,Dentro,Urbana,S/D,No existe,Recta,Bueno,Buena,Diurna,Buen Tiempo,S/D,S/D,Colisión,S/D,Faltante,S/D,Sin restricción,"-32.9200121, -60.6742638",['Avellaneda'],1,Avellaneda,-32.9200121,-60.6742638,55.0,538.0,Municipio Rosario,Municipio,Rosario,820210,Servicio de Catastro e Información Territorial,IGN
2014,7093,2014-09-07,Domingo,0.0,18:00:00,,0.0,2,"Bicicleta,Automóvil",Jujuy 3000,2,1,0,0,1,0,0,,Calle,,ROSARIO,Rosario,Asfalto,No existe,II,Dentro,Urbana,S/D,No existe,Recta,Bueno,Buena,Diurna,Buen Tiempo,S/D,S/D,Atropello,S/D,Faltante,S/D,Sin restricción,"-32.9335697, -60.6619409",['Jujuy 3000'],1,Jujuy 3000,-32.9335697,-60.6619409,55.0,538.0,Municipio Rosario,Municipio,Rosario,820210,Servicio de Catastro e Información Territorial,IGN
2014,7094,2014-09-06,Sabado,0.0,18:30:00,,0.0,2,"Moto/Ciclomotor,Pickup/Utilitario",Paraguay Y San Lorenzo,2,1,0,0,1,0,0,,Calle,,ROSARIO,Rosario,Asfalto,No existe,II,Dentro,Urbana,Ninguna,No existe,Intersección,Bueno,Buena,Diurna,Buen Tiempo,De alcance,S/D,Colisión,S/D,Faltante,Ninguna,Sin restricción,POINT (-60.643162000000004 -32.9431566),"['Paraguay', 'San Lorenzo']",2,Paraguay; San Lorenzo,-32.9431566,-60.643162,55.0,538.0,Municipio Rosario,Municipio,Rosario,820210,Servicio de Catastro e Información Territorial,IGN
2014,7095,2014-09-15,Lunes,0.0,19:00:00,,0.0,2,"Pickup/Utilitario,Moto/Ciclomotor",3 De Febrero Y Dorrego,3,2,0,0,1,0,0,,Calle,,ROSARIO,Rosario,Asfalto,S/D,II,Dentro,Urbana,Ninguna,No existe,Intersección,Bueno,S/D,Atardecer,Buen Tiempo,Frontal,S/D,Colisión,S/D,S/D,S/D,Sin restricción,POINT (-60.65079089999999 -32.9508141),"['3 de Febrero', 'Dorrego']",2,3 de Febrero; Manuel Dorrego,-32.9508141,-60.65079089999999,55.0,538.0,Municipio Rosario,Municipio,Rosario,820210,Servicio de Catastro e Información Territorial,IGN
2014,7096,2014-09-06,Sabado,0.0,11:00:00,,0.0,2,"Automóvil,Automóvil",Zelaya Y Av. Irigoyen,2,0,0,0,1,0,1,,Calle,,ROSARIO,Rosario,Asfalto,No existe,II,Dentro,Urbana,Ninguna,No existe,Intersección,Bueno,Buena,Diurna,Buen Tiempo,Frontal,S/D,Colisión,Ninguna,Faltante,Ninguna,Sin restricción,POINT (-60.698125999999995 -32.88454930000001),"['Zelaya', 'Avenida Hipólito Irigoyen']",2,Zelaya; Avenida Hipólito Irigoyen,-32.88454930000001,-60.698126,55.0,538.0,Municipio Rosario,Municipio,Rosario,820210,Servicio de Catastro e Información Territorial,IGN
2014,7097,2014-09-23,Martes,0.0,20:30:00,,0.0,2,"Taxi/Remis,Automóvil",Mariano Moreno 1000,3,1,0,0,2,0,0,,Calle,,ROSARIO,Rosario,Asfalto,S/D,II,Dentro,Urbana,Ninguna,No existe,Recta,Bueno,Buena,"Nocturna,Con luz artificial",Buen Tiempo,Frontal,S/D,Colisión,S/D,Horizontal,Cordón divisorio,Sin restricción,"-32.9466631, -60.6513302",['Mariano Moreno 1000'],1,Mariano Moreno 1000,-32.9466631,-60.6513302,55.0,538.0,Municipio Rosario,Municipio,Rosario,820210,Servicio de Catastro e Información Territorial,IGN
2014,7098,2014-09-07,Domingo,0.0,04:00:00,,0.0,2,"Automóvil,Moto/Ciclomotor",Bv. Rondeau Y Luis Vila,2,1,0,0,1,0,0,,Avenida,,ROSARIO,Rosario,Asfalto,No existe,II,Dentro,Urbana,Ninguna,No existe,Intersección,Bueno,Buena,Nocturna,Buen Tiempo,Frontal,S/D,Colisión,Ninguna,Faltante,Ninguna,Sin restricción,POINT (-60.691285475 -32.89816437499999),"['Rondeau', 'Doctor Vila']",2,Bulevar General José Rondeau; Doctor Vila,-32.89816437499999,-60.691285475,55.0,538.0,Municipio Rosario,Municipio,Rosario,820210,Servicio de Catastro e Información Territorial,IGN
2014,7099,2014-09-04,Jueves,0.0,,,0.0,2,"Automóvil,Moto/Ciclomotor",Bv. Avellaneda Y Marcos Paz,2,1,0,0,1,0,0,,Avenida,,ROSARIO,Rosario,Asfalto,No existe,II,Dentro,Urbana,Ninguna,S/D,S/D,Bueno,Buena,S/D,Buen Tiempo,S/D,S/D,Colisión,Ninguna,S/D,S/D,Sin restricción,POINT (-60.680249 -32.94354319999999),"['Avellaneda', 'Marcos Paz']",2,Bulevar Nicolás Avellaneda; Marcos Paz,-32.94354319999999,-60.680249,55.0,538.0,Municipio Rosario,Municipio,Rosario,820210,Servicio de Catastro e Información Territorial,IGN
2014,7100,2014-09-23,Martes,0.0,21:30:00,,0.0,3,"Automóvil,Moto/Ciclomotor,Moto/Ciclomotor",Italia Y Rioja,3,2,0,0,1,0,0,,Calle,,ROSARIO,Rosario,Asfalto,S/D,II,S/D,Urbana,Ninguna,No existe,Recta,Bueno,Reducida,Nocturna,Buen Tiempo,Múltiple,S/D,Colisión,S/D,Horizontal,Cordón divisorio,Sin restricción,POINT (-60.6481592 -32.945870500000005),"['Italia', 'Rioja']",2,Italia; Rioja,-32.945870500000005,-60.6481592,55.0,538.0,Municipio Rosario,Municipio,Rosario,820210,Servicio de Catastro e Información Territorial,IGN
2014,7101,2014-09-12,Viernes,0.0,13:30:00,,0.0,2,"Otros,Moto/Ciclomotor",Esteco Y Av. Sorrento,2,1,0,0,1,0,0,,Avenida,,ROSARIO,Rosario,Asfalto,No existe,II,Dentro,Urbana,Ninguna,No existe,Intersección,Bueno,Buena,Diurna,Buen Tiempo,Frontal,S/D,Colisión,Ninguna,Faltante,Ninguna,Sin restricción,POINT (-60.6965407 -32.90731849999999),"['Esteco', 'Sorrento']",2,Esteco; Avenida Sorrento,-32.90731849999999,-60.6965407,55.0,538.0,Municipio Rosario,Municipio,Rosario,820210,Servicio de Catastro e Información Territorial,IGN
2014,7102,2014-09-05,Viernes,0.0,12:10:00,,0.0,2,"Automóvil,Moto/Ciclomotor",Santiago Y Rioja,2,1,0,0,1,0,0,,Calle,,ROSARIO,Rosario,Asfalto,No existe,II,Dentro,Urbana,Ninguna,S/D,Intersección,Bueno,Buena,Diurna,Buen Tiempo,S/D,S/D,Colisión,Ninguna,S/D,S/D,Sin restricción,POINT (-60.656289699999995 -32.9443719),"['Santiago', 'Rioja']",2,Santiago; Rioja,-32.9443719,-60.6562897,55.0,538.0,Municipio Rosario,Municipio,Rosario,820210,Servicio de Catastro e Información Territorial,IGN
2014,7103,2014-09-05,Viernes,0.0,13:30:00,,0.0,2,"Moto/Ciclomotor,Pickup/Utilitario",Cordoba Y Suipacha,2,1,0,0,1,0,0,,Calle,,ROSARIO,Rosario,Asfalto,No existe,II,Dentro,Urbana,Ninguna,S/D,Intersección,Bueno,Buena,Diurna,Buen Tiempo,S/D,S/D,Colisión,Ninguna,S/D,S/D,Sin restricción,POINT (-60.6642044 -32.9417837),"['Córdoba', 'Suipacha']",2,Córdoba; Suipacha,-32.9417837,-60.6642044,55.0,538.0,Municipio Rosario,Municipio,Rosario,820210,Servicio de Catastro e Información Territorial,IGN
2014,7104,2014-09-07,Domingo,0.0,10:00:00,,0.0,2,"Peatón,Automóvil",Freyre 393,2,1,0,0,1,0,0,,Calle,,ROSARIO,Rosario,S/D,No existe,II,Dentro,Urbana,Ninguna,No existe,Otro,Bueno,Buena,Diurna,Buen Tiempo,S/D,S/D,Atropello,Ninguna,Faltante,Ninguna,Sin restricción,"-32.89256029387755, -60.689018987755105",['Freyre 393'],1,Freyre 393,-32.89256029387755,-60.68901898775511,55.0,538.0,Municipio Rosario,Municipio,Rosario,820210,Servicio de Catastro e Información Territorial,IGN
2014,7105,2014-09-08,Lunes,0.0,09:20:00,,0.0,2,"Automóvil,Moto/Ciclomotor",Mendoza Y Parana,3,1,0,0,1,0,1,,Calle,,ROSARIO,Rosario,Asfalto,S/D,II,Dentro,Urbana,S/D,S/D,Intersección,S/D,S/D,Diurna,S/D,S/D,S/D,Colisión,S/D,S/D,S/D,S/D,POINT (-60.69255820000001 -32.94205654999999),"['Mendoza', 'Paraná']",2,Mendoza; Paraná,-32.94205654999999,-60.69255820000001,55.0,538.0,Municipio Rosario,Municipio,Rosario,820210,Servicio de Catastro e Información Territorial,IGN
2014,7107,2014-09-02,Martes,0.0,17:00:00,,0.0,2,"Bicicleta,Taxi/Remis",Av. Francia Y Pje. Arenales,2,1,0,0,0,0,1,,Avenida,,ROSARIO,Rosario,S/D,S/D,II,S/D,Urbana,S/D,S/D,Intersección,S/D,S/D,Diurna,S/D,S/D,S/D,Atropello,S/D,S/D,S/D,S/D,POINT (-60.661593700000005 -32.925860349999994),"['Avenida Francia', 'Arenales']",2,Avenida Francia; Arenales,-32.925860349999994,-60.661593700000005,55.0,538.0,Municipio Rosario,Municipio,Rosario,820210,Servicio de Catastro e Información Territorial,IGN
2014,7108,2014-09-10,Miercoles,0.0,12:00:00,,0.0,2,"Automóvil,Moto/Ciclomotor",Jujuy Y Mariano Moreno,2,1,0,0,1,0,0,,Calle,,ROSARIO,Rosario,Asfalto,No existe,II,Dentro,Urbana,Ninguna,No existe,Intersección,Bueno,Buena,Diurna,Buen Tiempo,Lateral,S/D,Colisión,S/D,Faltante,Ninguna,Sin restricción,POINT (-60.6485289 -32.93605399999999),"['Jujuy', 'Mariano Moreno']",2,Jujuy; Mariano Moreno,-32.93605399999999,-60.6485289,55.0,538.0,Municipio Rosario,Municipio,Rosario,820210,Servicio de Catastro e Información Territorial,IGN
2014,7109,2014-09-16,Martes,0.0,12:15:00,,0.0,2,"Automóvil,Moto/Ciclomotor",Mitre Y 3 De Febrero,2,1,0,0,1,0,0,,Calle,,ROSARIO,Rosario,Asfalto,S/D,II,S/D,Urbana,Ninguna,No existe,Recta,Bueno,Buena,Diurna,Buen Tiempo,S/D,S/D,Colisión,S/D,Horizontal,Cordón divisorio,Sin restricción,POINT (-60.64116020000001 -32.952497),"['Mitre', '3 de Febrero']",2,Bartolomé Mitre; 3 de Febrero,-32.952497,-60.64116020000001,55.0,538.0,Municipio Rosario,Municipio,Rosario,820210,Servicio de Catastro e Información Territorial,IGN