anio_acci,nro_acci,fecha,desc_dia,fecha_aprox,hora_aprox,desc_ruta,km,cant_participantes,desc_participante,calle_avenida_km,total,heridos_leves,heridos_graves,heridos_gravisimos,ilesos,fallecidos,sin_datos,posicion_XY,desc_tipo_via,desc_ruta_ori,desc_loc,desc_dpto,desc_tipo_calzada,desc_tipo_banquina,desc_unidad_regional,desc_lugar_calzada,desc_zona,desc_prioridad,desc_estado_semaforo,desc_lugar_via,desc_estado_via,desc_estado_visibilidad,desc_luminosidad,desc_estado_clima,desc_tipo_colision,desc_tipo_atropello,desc_tipo_hecho,desc_pres_calzada,desc_senializacion,desc_separacion_via,desc_restriccion,forma_geocod,calle_lista,numero_calles,calles_osm,lat,lon,index_right,gid,fna,gna,nam,in1,fdc,sag
2014,7110,2014-09-19,Viernes,0.0,22:55:00,,0.0,2,"Moto/Ciclomotor,Automóvil",9 De Julio Y España,2,1,0,0,1,0,0,,Calle,,ROSARIO,Rosario,Asfalto,S/D,II,Dentro,Urbana,Ninguna,Funciona,Intersección,S/D,Reducida,"Nocturna,Con luz artificial",Buen Tiempo,Frontal,S/D,Colisión,S/D,Horizontal,S/D,Sin restricción,POINT (-60.6483514 -32.95237109999999),"['9 de Julio', 'España']",2,9 de Julio; España,-32.95237109999999,-60.6483514,55.0,538.0,Municipio Rosario,Municipio,Rosario,820210,Servicio de Catastro e Información Territorial,IGN
2014,7111,2014-09-10,Miercoles,0.0,12:15:00,,0.0,2,"Moto/Ciclomotor,Pickup/Utilitario",CARBALLO Y AVELLANEDA,2,1,0,0,1,0,0,,Avenida,,ROSARIO,Rosario,Asfalto,S/D,II,S/D,Urbana,S/D,No existe,Curva,Bueno,S/D,Diurna,S/D,S/D,S/D,Colisión,S/D,S/D,S/D,S/D,POINT (-60.674817000000004 -32.9219776),"['Avenida Doctor Luis Cándido Carballo', 'Avellaneda']",2,Avenida Doctor Luis Cándido Carballo; Bulevar Nicolás Avellaneda,-32.9219776,-60.674817,55.0,538.0,Municipio Rosario,Municipio,Rosario,820210,Servicio de Catastro e Información Territorial,IGN
2014,7112,2014-09-07,Domingo,0.0,05:50:00,,0.0,2,"Moto/Ciclomotor,Automóvil",Cordoba Y Av. Corrientes,2,1,0,0,0,0,1,,Avenida,,ROSARIO,Rosario,Asfalto,S/D,II,Dentro,Urbana,Ninguna,Funciona,Intersección,Bueno,Reducida,Nocturna,Buen Tiempo,Frontal,S/D,Colisión,S/D,S/D,S/D,Sin restricción,POINT (-60.64233070000001 -32.94567669999999),"['Córdoba', 'Corrientes']",2,Córdoba; Corrientes,-32.94567669999999,-60.64233070000001,55.0,538.0,Municipio Rosario,Municipio,Rosario,820210,Servicio de Catastro e Información Territorial,IGN
2014,7113,2014-09-08,Lunes,0.0,14:30:00,,0.0,2,"Automóvil,Bicicleta",Anchoris Y Uriarte,2,1,0,0,1,0,0,,Calle,,ROSARIO,Rosario,Asfalto,No existe,II,Dentro,Urbana,Ninguna,No existe,Intersección,Bueno,Buena,Diurna,Buen Tiempo,S/D,S/D,Atropello,Ninguna,Faltante,Ninguna,S/D,POINT (-60.69879280000001 -32.9007237),"['Anchoris', 'Uriarte']",2,Anchoris; Uriarte,-32.9007237,-60.69879280000001,55.0,538.0,Municipio Rosario,Municipio,Rosario,820210,Servicio de Catastro e Información Territorial,IGN
2014,7114,2014-09-09,Martes,0.0,13:00:00,,0.0,2,"Automóvil,Moto/Ciclomotor",Tucuman Y Av. Francia,2,1,0,0,1,0,0,,Avenida,,ROSARIO,Rosario,Asfalto,No existe,II,Dentro,Urbana,Ninguna,No existe,Intersección,Bueno,Buena,Diurna,Buen Tiempo,S/D,S/D,Colisión,S/D,Faltante,S/D,Sin restricción,POINT (-60.66436195 -32.9369176),"['Tucumán', 'Avenida Francia']",2,Tucumán; Avenida Francia,-32.9369176,-60.66436195,55.0,538.0,Municipio Rosario,Municipio,Rosario,820210,Servicio de Catastro e Información Territorial,IGN
2014,7115,2014-09-12,Viernes,0.0,21:30:00,,0.0,2,"Peatón,Automóvil",San Lorenzo Y Vera Mujica,2,1,0,0,0,0,1,,Calle,,ROSARIO,Rosario,Asfalto,S/D,II,Dentro,Urbana,Ninguna,No existe,Intersección,Bueno,Buena,Nocturna,Buen Tiempo,S/D,S/D,Atropello,S/D,Faltante,S/D,Sin restricción,POINT (-60.6663154 -32.938987100000006),"['San Lorenzo', 'Vera Mujíca']",2,San Lorenzo; Vera Mujíca,-32.938987100000006,-60.6663154,55.0,538.0,Municipio Rosario,Municipio,Rosario,820210,Servicio de Catastro e Información Territorial,IGN
2014,7116,2014-09-01,Lunes,0.0,20:30:00,,0.0,3,"Automóvil,Automóvil,Automóvil",Av. Luis Carballo Y Echeverria Bis,4,1,0,0,2,0,1,,Avenida,,ROSARIO,Rosario,S/D,S/D,II,S/D,Urbana,S/D,S/D,S/D,S/D,S/D,Nocturna,S/D,S/D,S/D,S/D,S/D,S/D,S/D,S/D,POINT (-60.672244250000006 -32.921920799999995),"['Avenida Doctor Luis Cándido Carballo', 'Echeverría']",2,Avenida Doctor Luis Cándido Carballo; Echeverría,-32.921920799999995,-60.672244250000006,55.0,538.0,Municipio Rosario,Municipio,Rosario,820210,Servicio de Catastro e Información Territorial,IGN
2014,7121,2014-09-08,Lunes,0.0,17:15:00,,0.0,2,"Moto/Ciclomotor,Moto/Ciclomotor",Alberdi Y Casilda,5,1,0,0,0,0,4,,Avenida,,ROSARIO,Rosario,S/D,S/D,II,S/D,Urbana,S/D,S/D,S/D,S/D,S/D,Diurna,S/D,S/D,S/D,S/D,S/D,S/D,S/D,S/D,POINT (-60.6753803 -32.9280932),"['Alberdi', 'Casilda']",2,Avenida Alberdi; Casilda,-32.9280932,-60.6753803,55.0,538.0,Municipio Rosario,Municipio,Rosario,820210,Servicio de Catastro e Información Territorial,IGN
2014,7124,2014-09-10,Miercoles,0.0,09:30:00,,0.0,2,"Moto/Ciclomotor,Taxi/Remis",Av. Central Y Echeverria Bis,2,1,0,0,1,0,0,,Avenida,,ROSARIO,Rosario,Asfalto,S/D,II,S/D,Urbana,S/D,S/D,Recta,Bueno,S/D,Diurna,S/D,S/D,S/D,S/D,S/D,S/D,S/D,S/D,POINT (-60.67154740000001 -32.929344699999994),"['Central', 'Echeverría']",2,Avenida Centenario Rosario Central; Echeverría,-32.929344699999994,-60.67154740000001,55.0,538.0,Municipio Rosario,Municipio,Rosario,820210,Servicio de Catastro e Información Territorial,IGN
2014,7126,2014-09-14,Domingo,0.0,02:00:00,,0.0,2,"Automóvil,Automóvil",Humberto I Y Rep.Dominicana,4,2,0,0,2,0,0,,Calle,,ROSARIO,Rosario,S/D,No existe,II,Dentro,Urbana,Ninguna,No existe,Intersección,Bueno,Reducida polvo,Nocturna,S/D,Lateral,S/D,Colisión,S/D,Faltante,Ninguna,Sin restricción,POINT (-60.689815900000006 -32.929869999999994),"['Humberto', 'República Dominicana']",2,Humberto Primero; República Dominicana,-32.929869999999994,-60.689815900000006,55.0,538.0,Municipio Rosario,Municipio,Rosario,820210,Servicio de Catastro e Información Territorial,IGN
2014,7127,2014-06-10,Martes,0.0,19:20:00,,0.0,2,"Taxi/Remis,Peatón",Ocampo Y Buenos Aires,2,1,0,0,1,0,0,,Calle,,ROSARIO,Rosario,Asfalto,S/D,II,Dentro,Urbana,Señal Pare,S/D,Intersección,Bueno,S/D,Atardecer,Buen Tiempo,S/D,S/D,Atropello,S/D,Vertical,Ninguna,S/D,POINT (-60.637728 -32.9674326),"['Ocampo', 'Buenos Aires']",2,Ocampo; Buenos Aires,-32.9674326,-60.637728,55.0,538.0,Municipio Rosario,Municipio,Rosario,820210,Servicio de Catastro e Información Territorial,IGN
2014,7129,2014-09-06,Sabado,0.0,15:10:00,,0.0,2,"Automóvil,Taxi/Remis",Bv. Rondeau Y Av. Sorrento,3,3,0,0,0,0,0,,Avenida,,ROSARIO,Rosario,Asfalto,No existe,II,Dentro,Urbana,Semáforo,Funciona,Intersección,Bueno,Buena,Diurna,Buen Tiempo,Frontal,S/D,Colisión,Ninguna,Vertical,Ninguna,Sin restricción,POINT (-60.68858005 -32.90707667499999),"['Rondeau', 'Sorrento']",2,Bulevar General José Rondeau; Avenida Sorrento,-32.90707667499999,-60.68858005,55.0,538.0,Municipio Rosario,Municipio,Rosario,820210,Servicio de Catastro e Información Territorial,IGN
2014,7132,2014-09-13,Sabado,0.0,13:48:00,,0.0,2,"Moto/Ciclomotor,Automóvil",San Lorenzo Y Valparaiso,2,1,0,0,1,0,0,,Calle,,ROSARIO,Rosario,Asfalto,S/D,II,Dentro,Urbana,Ninguna,S/D,Intersección,Bueno,S/D,Diurna,S/D,Lateral,S/D,Colisión,S/D,Faltante,Ninguna,Sin restricción,POINT (-60.68124529999999 -32.93631500000001),"['San Lorenzo', 'Valparaíso']",2,San Lorenzo; Valparaíso,-32.93631500000001,-60.68124529999999,55.0,538.0,Municipio Rosario,Municipio,Rosario,820210,Servicio de Catastro e Información Territorial,IGN
2014,7135,2014-09-05,Viernes,0.0,07:40:00,,0.0,2,"Automóvil,Camión",Bv. Rondeau Y Av. Sorrento,4,3,0,0,1,0,0,,Avenida,,ROSARIO,Rosario,Asfalto,S/D,II,Dentro,Urbana,Semáforo,S/D,Recta,Bueno,Buena,Diurna,Buen Tiempo,Contra objeto fijo,S/D,Colisión,Ninguna,Vertical,Ninguna,Sin restricción,POINT (-60.68858005 -32.90707667499999),"['Rondeau', 'Sorrento']",2,Bulevar General José Rondeau; Avenida Sorrento,-32.90707667499999,-60.68858005,55.0,538.0,Municipio Rosario,Municipio,Rosario,820210,Servicio de Catastro e Información Territorial,IGN
2014,7136,2014-09-08,Lunes,0.0,07:45:00,,0.0,2,"Bicicleta,Automóvil",Peru Y Tupac Amaru,2,1,0,0,1,0,0,,Calle,,ROSARIO,Rosario,Asfalto,No existe,II,Dentro,Urbana,Ninguna,No existe,Intersección,Bueno,Buena,Diurna,Buen Tiempo,S/D,S/D,Atropello,S/D,Faltante,Ninguna,Sin restricción,POINT (-60.7119572 -32.9292522),"['Peru', 'Tupac Amaru']",2,Perú; Tupac Amaru,-32.9292522,-60.7119572,55.0,538.0,Municipio Rosario,Municipio,Rosario,820210,Servicio de Catastro e Información Territorial,IGN
2014,7138,2014-09-06,Sabado,0.0,10:55:00,,0.0,2,"Taxi/Remis,Moto/Ciclomotor",Junin Y Campbell,2,1,0,0,1,0,0,,Calle,,ROSARIO,Rosario,Asfalto,No existe,II,Dentro,Urbana,Ninguna,No existe,Intersección,S/D,Buena,Diurna,S/D,Lateral,S/D,Colisión,S/D,Faltante,Ninguna,Sin restricción,POINT (-60.708518700000006 -32.9274588),"['Junín', 'Campbell']",2,Junín; Campbell,-32.9274588,-60.708518700000006,55.0,538.0,Municipio Rosario,Municipio,Rosario,820210,Servicio de Catastro e Información Territorial,IGN
2014,7141,2014-09-22,Lunes,0.0,18:30:00,,0.0,2,"Automóvil,Moto/Ciclomotor",Velez Sarsfield Y Larrea,3,1,0,0,2,0,0,,Calle,,ROSARIO,Rosario,S/D,No existe,II,Dentro,Urbana,Ninguna,No existe,Intersección,S/D,S/D,Diurna,S/D,Lateral,S/D,Colisión,S/D,Faltante,Ninguna,Sin restricción,POINT (-60.6978349 -32.92558259999999),"['Vélez Sarsfield', 'Larrea']",2,Vélez Sarsfield; Larrea,-32.92558259999999,-60.6978349,55.0,538.0,Municipio Rosario,Municipio,Rosario,820210,Servicio de Catastro e Información Territorial,IGN
2014,7151,2014-06-09,Lunes,0.0,16:30:00,,0.0,2,"Moto/Ciclomotor,Automóvil",Laprida Y Riobamba,2,1,0,0,1,0,0,,Calle,,ROSARIO,Rosario,Asfalto,No existe,II,Dentro,Urbana,Ninguna,No existe,Intersección,Bueno,Buena,Diurna,Buen Tiempo,S/D,S/D,Colisión,S/D,S/D,Ninguna,Sin restricción,POINT (-60.6384293 -32.9637312),"['Laprida', 'Riobamba']",2,Francisco Narciso Laprida; Riobamba,-32.9637312,-60.6384293,55.0,538.0,Municipio Rosario,Municipio,Rosario,820210,Servicio de Catastro e Información Territorial,IGN
2014,7161,2014-06-24,Martes,0.0,10:40:00,,0.0,2,"Automóvil,Moto/Ciclomotor",1 de Mayo Y La Paz,2,1,0,0,1,0,0,,Calle,,ROSARIO,Rosario,Asfalto,No existe,II,Dentro,Urbana,Ninguna,No existe,Intersección,Bueno,Buena,Diurna,Buen Tiempo,S/D,S/D,Colisión,Ninguna,S/D,Ninguna,Sin restricción,POINT (-60.6341292 -32.9656806),"['Primero de Mayo', 'La Paz']",2,Primero de Mayo; La Paz,-32.9656806,-60.6341292,55.0,538.0,Municipio Rosario,Municipio,Rosario,820210,Servicio de Catastro e Información Territorial,IGN
2014,7168,2014-06-27,Viernes,0.0,08:50:00,,0.0,2,"Moto/Ciclomotor,Automóvil",Necochea 2300,3,3,0,0,0,0,0,,Calle,,ROSARIO,Rosario,Asfalto,No existe,II,Dentro,Urbana,Ninguna,S/D,Recta,Bueno,Buena,Diurna,Buen Tiempo,S/D,S/D,Colisión,S/D,S/D,Ninguna,Sin restricción,"-32.9665366, -60.6286166",['Necochea 2300'],1,Necochea 2300,-32.9665366,-60.6286166,55.0,538.0,Municipio Rosario,Municipio,Rosario,820210,Servicio de Catastro e Información Territorial,IGN
2014,7174,2014-06-19,Jueves,0.0,21:40:00,,0.0,2,"Moto/Ciclomotor,Automóvil",Ituzaingo Y Necochea,2,1,0,0,1,0,0,,Calle,,ROSARIO,Rosario,Asfalto,No existe,II,Dentro,Urbana,Semáforo,S/D,Intersección,Bueno,Buena,"Nocturna,Con luz artificial",Buen Tiempo,S/D,S/D,Colisión,S/D,S/D,Ninguna,S/D,POINT (-60.6277525 -32.96320729999999),"['Ituzaingó', 'Necochea']",2,Ituzaingó; Necochea,-32.96320729999999,-60.6277525,55.0,538.0,Municipio Rosario,Municipio,Rosario,820210,Servicio de Catastro e Información Territorial,IGN
2014,7178,2014-06-19,Jueves,0.0,20:40:00,,0.0,2,"Moto/Ciclomotor,Automóvil",La Paz Y Laprida,2,1,0,0,1,0,0,,Calle,,ROSARIO,Rosario,Asfalto,No existe,II,Dentro,Urbana,Ninguna,No existe,Intersección,Bueno,Buena,"Nocturna,Con luz artificial",Buen Tiempo,S/D,S/D,Colisión,S/D,S/D,Ninguna,Sin restricción,POINT (-60.6387109 -32.96486649999999),"['La Paz', 'Laprida']",2,La Paz; Francisco Narciso Laprida,-32.96486649999999,-60.6387109,55.0,538.0,Municipio Rosario,Municipio,Rosario,820210,Servicio de Catastro e Información Territorial,IGN
2014,7182,2014-06-14,Sabado,0.0,16:45:00,,0.0,2,"Moto/Ciclomotor,Otros",Bv. 27 De Febrero Y Necochea,2,1,0,0,0,0,1,,Calle,,ROSARIO,Rosario,Asfalto,No existe,II,Dentro,Urbana,S/D,No existe,Recta,Bueno,Buena,Diurna,Buen Tiempo,S/D,S/D,Colisión,S/D,S/D,Ninguna,S/D,POINT (-60.6294936 -32.9701003),"['27 de Febrero', 'Necochea']",2,Bulevar 27 de Febrero; Necochea,-32.9701003,-60.6294936,55.0,538.0,Municipio Rosario,Municipio,Rosario,820210,Servicio de Catastro e Información Territorial,IGN
2014,7183,2014-09-10,Miercoles,0.0,19:40:00,,0.0,2,"Moto/Ciclomotor,Bicicleta",Av. Genova Y Av. Alberdi Bis,2,1,0,0,1,0,0,,Avenida,,ROSARIO,Rosario,Asfalto,S/D,II,S/D,Urbana,S/D,S/D,Intersección,Bueno,Buena,Nocturna,Buen Tiempo,S/D,S/D,Atropello,S/D,Vertical,Cordón divisorio,S/D,POINT (-60.685641200000006 -32.91519955000001),"['Genova', 'Alberdi']",2,Avenida Génova; Avenida Alberdi,-32.91519955000001,-60.685641200000006,55.0,538.0,Municipio Rosario,Municipio,Rosario,820210,Servicio de Catastro e Información Territorial,IGN
2014,7184,2014-09-08,Lunes,0.0,10:15:00,,0.0,2,"Transporte de Pasajeros Urbano (> 8 asientos),Otros",Av. Alberdi Bis Y Velez Sarsfield,2,1,0,0,0,0,1,,Avenida,,ROSARIO,Rosario,Asfalto,No existe,II,S/D,Urbana,S/D,S/D,Intersección,S/D,S/D,Diurna,S/D,S/D,S/D,Colisión,S/D,S/D,S/D,S/D,POINT (-60.677820800000006 -32.9249456),"['Alberdi', 'Vélez Sarsfield']",2,Avenida Alberdi; Vélez Sarsfield,-32.9249456,-60.677820800000006,55.0,538.0,Municipio Rosario,Municipio,Rosario,820210,Servicio de Catastro e Información Territorial,IGN
2014,7185,2014-09-14,Domingo,0.0,07:55:00,,0.0,2,"Automóvil,Moto/Ciclomotor",Catamarca Y Callao,2,1,0,0,1,0,0,,Avenida,,ROSARIO,Rosario,Asfalto,No existe,II,S/D,Urbana,Semáforo,Funciona,Recta,Bueno,Buena,Diurna,Buen Tiempo,Otro,S/D,Colisión,S/D,Vertical,Ninguna,Sin restricción,POINT (-60.6586643 -32.93666069999999),"['Catamarca', 'Callao']",2,Catamarca; Callao,-32.93666069999999,-60.6586643,55.0,538.0,Municipio Rosario,Municipio,Rosario,820210,Servicio de Catastro e Información Territorial,IGN
2014,7187,2014-06-15,Domingo,0.0,20:40:00,,0.0,2,"Automóvil,Moto/Ciclomotor",Laprida Y Ituzaingo,2,1,0,0,1,0,0,,Calle,,ROSARIO,Rosario,Asfalto,No existe,II,Dentro,Urbana,S/D,S/D,S/D,Bueno,Buena,Diurna,Buen Tiempo,S/D,S/D,Colisión,S/D,S/D,Ninguna,S/D,POINT (-60.6378573 -32.961426),"['Laprida', 'Ituzaingó']",2,Francisco Narciso Laprida; Ituzaingó,-32.961426,-60.6378573,55.0,538.0,Municipio Rosario,Municipio,Rosario,820210,Servicio de Catastro e Información Territorial,IGN
2014,7190,2014-06-21,Sabado,0.0,19:00:00,,0.0,2,"Automóvil,Moto/Ciclomotor",L.N.Alem Y Viamonte,3,2,0,0,1,0,0,,Calle,,ROSARIO,Rosario,Asfalto,No existe,II,Dentro,Urbana,S/D,S/D,Intersección,Bueno,Buena,"Atardecer,Con luz artificial",Buen Tiempo,S/D,S/D,Colisión,S/D,S/D,Ninguna,S/D,POINT (-60.633022200000006 -32.967092799999996),"['Alem', 'Viamonte']",2,Leandro N. Alem; Viamonte,-32.9670928,-60.633022200000006,55.0,538.0,Municipio Rosario,Municipio,Rosario,820210,Servicio de Catastro e Información Territorial,IGN
2014,7192,2014-10-08,Miercoles,0.0,,,0.0,2,"Bicicleta,Automóvil",Baigorria Y Av. Circunvalacion,2,2,0,0,0,0,0,,Calle,,ROSARIO,Rosario,Asfalto,S/D,II,S/D,Urbana,S/D,S/D,Intersección,S/D,S/D,Diurna,S/D,S/D,S/D,Atropello,S/D,S/D,S/D,S/D,POINT (-60.719770260245994 -32.893468154963045),"['Baigorria', 'Circunvalacion']",2,Baigorria; Avenida de Circunvalación 25 de Mayo,-32.893468154963045,-60.719770260246,55.0,538.0,Municipio Rosario,Municipio,Rosario,820210,Servicio de Catastro e Información Territorial,IGN
2014,7195,2014-08-30,Sabado,0.0,,,0.0,2,"Moto/Ciclomotor,Automóvil",Av. Circunvalacion Y Av. Ntra.Sra.del Rosario,3,1,1,0,1,0,0,,Avenida,,ROSARIO,Rosario,Asfalto,Natural,II,Dentro,Urbana,S/D,Funciona,Recta,Bueno,Buena,Atardecer,Buen Tiempo,S/D,S/D,S/D,S/D,S/D,S/D,S/D,POINT (-60.64527568345747 -32.95690863877888),"['Circunvalacion', 'Nuestra Señora del Rosario']",2,Avenida de Circunvalación 25 de Mayo; Puente Nuestra Señora del Rosario,-32.95690863877888,-60.64527568345747,55.0,538.0,Municipio Rosario,Municipio,Rosario,820210,Servicio de Catastro e Información Territorial,IGN
2014,7196,2014-09-29,Lunes,0.0,10:00:00,,0.0,2,"Pickup/Utilitario,Automóvil",J.J.Paso 8200,2,1,0,0,1,0,0,,Calle,,ROSARIO,Rosario,Asfalto,No existe,II,S/D,Urbana,S/D,S/D,Recta,Bueno,S/D,S/D,S/D,S/D,S/D,Colisión,S/D,S/D,S/D,S/D,"-32.920896, -60.7393912",['Juan José Paso 8200'],1,Juan José Paso 8200,-32.920896,-60.7393912,55.0,538.0,Municipio Rosario,Municipio,Rosario,820210,Servicio de Catastro e Información Territorial,IGN
2014,7197,2014-08-14,Jueves,0.0,08:15:00,,0.0,2,"Automóvil,Moto/Ciclomotor",Cullen Y San Lorenzo,2,1,0,0,1,0,0,,Calle,,ROSARIO,Rosario,Asfalto,No existe,II,Dentro,Urbana,Ninguna,No existe,Intersección,Bueno,Buena,Diurna,Buen Tiempo,Lateral,S/D,Colisión,Ninguna,Horizontal,Ninguna,Sin restricción,POINT (-60.7093785 -32.9344082),"['Cullen', 'San Lorenzo']",2,Cullen; San Lorenzo,-32.9344082,-60.7093785,55.0,538.0,Municipio Rosario,Municipio,Rosario,820210,Servicio de Catastro e Información Territorial,IGN
2014,7198,2014-09-17,Miercoles,0.0,,,0.0,2,"Moto/Ciclomotor,Moto/Ciclomotor",Superi 1600,2,1,0,0,1,0,0,,Calle,,ROSARIO,Rosario,Asfalto,No existe,II,S/D,Urbana,Ninguna,No existe,Intersección,Bueno,Buena,Diurna,Otro,Lateral,S/D,Colisión,Otro,Faltante,Ninguna,Sin restricción,"-32.8963526, -60.7024699",['Superi 1600'],1,Superi 1600,-32.8963526,-60.7024699,55.0,538.0,Municipio Rosario,Municipio,Rosario,820210,Servicio de Catastro e Información Territorial,IGN
2014,7199,2014-08-23,Sabado,0.0,17:45:00,,0.0,2,"Moto/Ciclomotor,Tracción animal / Carro",Av. Provincias Unidas Y Av. Pellegrini,4,1,0,0,3,0,0,,Avenida,,ROSARIO,Rosario,Asfalto,No existe,II,Dentro,Urbana,Semáforo,Funciona,Intersección,Bueno,Buena,Diurna,Buen Tiempo,Lateral,S/D,Colisión,Ninguna,Vertical,Ninguna,Sin restricción,POINT (-60.71226145000001 -32.948578),"['Avenida Provincias Unidas', 'Pellegrini']",2,Avenida Provincias Unidas; Avenida Carlos Pellegrini,-32.948578,-60.71226145000001,55.0,538.0,Municipio Rosario,Municipio,Rosario,820210,Servicio de Catastro e Información Territorial,IGN
2014,7200,2014-08-21,Jueves,0.0,,,0.0,2,"Moto/Ciclomotor,Pickup/Utilitario",Av. Circunvalacion Y Baigorria,2,1,0,0,1,0,0,,Avenida,,ROSARIO,Rosario,S/D,S/D,II,S/D,Urbana,S/D,S/D,Intersección,S/D,S/D,S/D,S/D,S/D,S/D,S/D,S/D,S/D,S/D,S/D,POINT (-60.719770260245994 -32.893468154963045),"['Circunvalacion', 'Baigorria']",2,Avenida de Circunvalación 25 de Mayo; Baigorria,-32.893468154963045,-60.719770260246,55.0,538.0,Municipio Rosario,Municipio,Rosario,820210,Servicio de Catastro e Información Territorial,IGN
2014,7201,2014-09-20,Sabado,0.0,14:30:00,,0.0,2,"Automóvil,Moto/Ciclomotor",Valle Hermoso Y Anchoris,2,1,0,0,1,0,0,,Calle,,ROSARIO,Rosario,Asfalto,No existe,II,S/D,Urbana,Ninguna,S/D,Intersección,Bueno,Buena,Diurna,Buen Tiempo,Lateral,S/D,Colisión,Otro,Faltante,Ninguna,Sin restricción,POINT (-60.702488800000005 -32.8862429),"['Valle Hermoso', 'Anchoris']",2,Valle Hermoso; Anchoris,-32.8862429,-60.702488800000005,55.0,538.0,Municipio Rosario,Municipio,Rosario,820210,Servicio de Catastro e Información Territorial,IGN
2014,7204,2014-08-28,Jueves,0.0,20:55:00,,0.0,2,"Automóvil,Moto/Ciclomotor",Cerrito 6500,2,1,0,0,1,0,0,,Calle,,ROSARIO,Rosario,Asfalto,No existe,II,Dentro,Urbana,Ninguna,No existe,Recta,Bueno,Buena,"Nocturna,Con luz artificial",Buen Tiempo,Lateral,S/D,Colisión,Ninguna,Horizontal,Ninguna,Sin restricción,"-32.9531974, -60.7096214",['Cerrito 6500'],1,Cerrito 6500,-32.9531974,-60.7096214,55.0,538.0,Municipio Rosario,Municipio,Rosario,820210,Servicio de Catastro e Información Territorial,IGN
2014,7206,2014-08-15,Viernes,0.0,08:30:00,,0.0,2,"Automóvil,Pickup/Utilitario",Campbell Y La Paz,2,1,0,0,1,0,0,,Calle,,ROSARIO,Rosario,Asfalto,No existe,II,Dentro,Urbana,Ninguna,No existe,Intersección,Bueno,Buena,Diurna,Buen Tiempo,Lateral,S/D,Colisión,Ninguna,Horizontal,Ninguna,Sin restricción,POINT (-60.7073397 -32.95561450000001),"['Campbell', 'La Paz']",2,Campbell; La Paz,-32.95561450000001,-60.7073397,55.0,538.0,Municipio Rosario,Municipio,Rosario,820210,Servicio de Catastro e Información Territorial,IGN
2014,7207,2014-09-18,Jueves,0.0,15:30:00,,0.0,2,"Camión,Moto/Ciclomotor",Sarratea Bis Y Morrison,2,1,0,0,1,0,0,,Calle,,ROSARIO,Rosario,Asfalto,S/D,II,S/D,Urbana,S/D,S/D,Intersección,Bueno,S/D,S/D,S/D,S/D,S/D,S/D,S/D,S/D,S/D,S/D,POINT (-60.74112089999999 -32.92581400000001),"['Sarratea', 'Morrison']",2,Sarratea; Avenida Morrison,-32.92581400000001,-60.74112089999999,55.0,538.0,Municipio Rosario,Municipio,Rosario,820210,Servicio de Catastro e Información Territorial,IGN
2014,7208,2014-06-02,Lunes,0.0,17:55:00,,0.0,2,"Automóvil,Moto/Ciclomotor",Bv. 27 De Febrero Y Laprida,3,2,0,0,1,0,0,,Calle,,ROSARIO,Rosario,Asfalto,No existe,II,Dentro,Urbana,S/D,S/D,Intersección,S/D,S/D,Diurna,S/D,Lateral,S/D,Colisión,S/D,S/D,Ninguna,Sin restricción,POINT (-60.639549849999995 -32.9682981),"['27 de Febrero', 'Laprida']",2,Bulevar 27 de Febrero; Francisco Narciso Laprida,-32.9682981,-60.63954985,55.0,538.0,Municipio Rosario,Municipio,Rosario,820210,Servicio de Catastro e Información Territorial,IGN
2014,7209,2014-08-02,Sabado,0.0,10:00:00,,0.0,2,"Automóvil,Moto/Ciclomotor",Rivarola Y Av. Circunvalacion,2,2,0,0,0,0,0,,Calle,,ROSARIO,Rosario,Asfalto,No existe,II,S/D,Urbana,S/D,No existe,Intersección,"Con baches,Resbaladiza",Buena,Diurna,Buen Tiempo,Lateral,S/D,Colisión,S/D,S/D,S/D,S/D,POINT (-60.71916028403352 -32.96601604560884),"['Rivarola', 'Circunvalacion']",2,Avenida Doctor Rivarola; Avenida de Circunvalación 25 de Mayo,-32.96601604560884,-60.71916028403352,55.0,538.0,Municipio Rosario,Municipio,Rosario,820210,Servicio de Catastro e Información Territorial,IGN
2014,7210,2014-08-15,Viernes,0.0,22:50:00,,0.0,2,"Moto/Ciclomotor,Automóvil",La Paz Y Guatemala,2,1,0,0,1,0,0,,Calle,,ROSARIO,Rosario,Asfalto,No existe,II,Dentro,Urbana,Ninguna,No existe,Intersección,Bueno,Buena,"Nocturna,Con luz artificial",Buen Tiempo,Lateral,S/D,Colisión,Ninguna,Horizontal,Ninguna,Sin restricción,POINT (-60.7166316 -32.955854099999996),"['La Paz', 'Guatemala']",2,La Paz; Guatemala,-32.9558541,-60.7166316,55.0,538.0,Municipio Rosario,Municipio,Rosario,820210,Servicio de Catastro e Información Territorial,IGN
2014,7219,2014-09-12,Viernes,0.0,17:30:00,,0.0,2,"Moto/Ciclomotor,Camión",Casilda Y Nicaragua,3,1,0,0,2,0,0,,Calle,,ROSARIO,Rosario,S/D,S/D,II,Dentro,Urbana,S/D,S/D,Intersección,S/D,S/D,Diurna,S/D,Lateral,S/D,Colisión,S/D,S/D,S/D,S/D,POINT (-60.72121330000001 -32.92969800000001),"['Casilda', 'Nicaragua']",2,Casilda; Nicaragua,-32.92969800000001,-60.72121330000001,55.0,538.0,Municipio Rosario,Municipio,Rosario,820210,Servicio de Catastro e Información Territorial,IGN