anio_acci,nro_acci,fecha,desc_dia,fecha_aprox,hora_aprox,desc_ruta,km,cant_participantes,desc_participante,calle_avenida_km,total,heridos_leves,heridos_graves,heridos_gravisimos,ilesos,fallecidos,sin_datos,posicion_XY,desc_tipo_via,desc_ruta_ori,desc_loc,desc_dpto,desc_tipo_calzada,desc_tipo_banquina,desc_unidad_regional,desc_lugar_calzada,desc_zona,desc_prioridad,desc_estado_semaforo,desc_lugar_via,desc_estado_via,desc_estado_visibilidad,desc_luminosidad,desc_estado_clima,desc_tipo_colision,desc_tipo_atropello,desc_tipo_hecho,desc_pres_calzada,desc_senializacion,desc_separacion_via,desc_restriccion,forma_geocod,calle_lista,numero_calles,calles_osm,lat,lon,index_right,gid,fna,gna,nam,in1,fdc,sag
2014,7221,2014-09-01,Lunes,0.0,,,0.0,2,"Automóvil,Moto/Ciclomotor",Av. Brassey 8250,2,1,0,0,1,0,0,,Avenida,,ROSARIO,Rosario,Asfalto,S/D,II,Dentro,Urbana,S/D,S/D,Recta,Bueno,S/D,S/D,S/D,De alcance,S/D,Colisión,S/D,S/D,S/D,S/D,"-32.92288485, -60.739858100392375",['Brassey 8250'],1,Brassey 8250,-32.92288485,-60.739858100392375,55.0,538.0,Municipio Rosario,Municipio,Rosario,820210,Servicio de Catastro e Información Territorial,IGN
2014,7222,2014-09-01,Lunes,0.0,,,0.0,2,"Moto/Ciclomotor,Automóvil",Av. Genova Y Sanchez de Loria,2,0,0,0,0,0,2,,Avenida,,ROSARIO,Rosario,Asfalto,S/D,II,Dentro,Urbana,S/D,S/D,Intersección,S/D,S/D,S/D,S/D,Lateral,S/D,Colisión,S/D,S/D,S/D,S/D,POINT (-60.732781 -32.916539199999995),"['Genova', 'Sánchez de Loria']",2,Avenida Génova; Sánchez de Loria,-32.916539199999995,-60.732781,55.0,538.0,Municipio Rosario,Municipio,Rosario,820210,Servicio de Catastro e Información Territorial,IGN
2014,7228,2014-06-14,Sabado,0.0,17:30:00,,0.0,2,"Moto/Ciclomotor,Automóvil",Cerrito Y Chacabuco,2,1,0,0,0,0,1,,Calle,,ROSARIO,Rosario,Asfalto,No existe,II,Dentro,Urbana,S/D,No existe,Intersección,Bueno,Buena,Diurna,Buen Tiempo,S/D,S/D,Colisión,S/D,Faltante,Ninguna,S/D,POINT (-60.6266621 -32.9646086),"['Cerrito', 'Chacabuco']",2,Cerrito; Chacabuco,-32.9646086,-60.6266621,55.0,538.0,Municipio Rosario,Municipio,Rosario,820210,Servicio de Catastro e Información Territorial,IGN
2014,7231,2014-09-14,Domingo,0.0,11:40:00,,0.0,2,"Automóvil,Moto/Ciclomotor",Mendoza Y J.Colombres Bis,4,1,0,0,3,0,0,,Calle,,ROSARIO,Rosario,Asfalto,Pavimento,II,Dentro,Urbana,Ninguna,Funciona,Recta,Bueno,Buena,Diurna,Lluvia,Lateral,S/D,Colisión,Ninguna,Faltante,S/D,Sin restricción,POINT (-60.729335899999995 -32.940691099999995),"['Mendoza', 'José Colombres']",2,Mendoza; José Colombres,-32.940691099999995,-60.7293359,55.0,538.0,Municipio Rosario,Municipio,Rosario,820210,Servicio de Catastro e Información Territorial,IGN
2014,7232,2014-08-18,Lunes,0.0,,,0.0,2,"Moto/Ciclomotor,Moto/Ciclomotor",Av. Provincias Unidas Y Av. Pte.Peron,2,2,0,0,0,0,0,,Avenida,,ROSARIO,Rosario,Hormigón,Pavimento,II,S/D,Urbana,Semáforo,Funciona,Intersección,"Con baches,Resbaladiza",Buena,Diurna,Buen Tiempo,Lateral,S/D,Colisión,S/D,S/D,S/D,Sin restricción,POINT (-60.711466349999995 -32.9679676),"['Avenida Provincias Unidas', 'Avenida Presidente Perón']",2,Avenida Provincias Unidas; Avenida Presidente Perón,-32.9679676,-60.71146635,55.0,538.0,Municipio Rosario,Municipio,Rosario,820210,Servicio de Catastro e Información Territorial,IGN
2014,7233,2014-06-12,Jueves,0.0,15:40:00,,0.0,2,"Automóvil,Moto/Ciclomotor",Ocampo Y J.M.de Rosas,3,2,0,0,1,0,0,,Calle,,ROSARIO,Rosario,Asfalto,No existe,II,S/D,Urbana,S/D,No existe,Intersección,Bueno,S/D,Diurna,Buen Tiempo,S/D,S/D,Colisión,S/D,S/D,Ninguna,S/D,POINT (-60.6363023 -32.9676855),"['Ocampo', 'De Rosas']",2,Ocampo; Juan Manuel de Rosas,-32.9676855,-60.6363023,55.0,538.0,Municipio Rosario,Municipio,Rosario,820210,Servicio de Catastro e Información Territorial,IGN
2014,7235,2014-09-10,Miercoles,0.0,15:45:00,,0.0,2,"Moto/Ciclomotor,Automóvil",Albert Sabin Y Gorriti,3,1,0,0,2,0,0,,Avenida,,ROSARIO,Rosario,Asfalto,S/D,II,S/D,Urbana,S/D,Funciona,Recta,Bueno,S/D,Diurna,S/D,S/D,S/D,Colisión,S/D,S/D,S/D,S/D,POINT (-60.68419035000001 -32.923566449999996),"['Avenida Travesía Albert Sabin', 'Gorriti']",2,Avenida Travesía Albert Sabin; Gorriti,-32.92356645,-60.68419035000001,55.0,538.0,Municipio Rosario,Municipio,Rosario,820210,Servicio de Catastro e Información Territorial,IGN
2014,7236,2014-08-22,Viernes,0.0,20:00:00,,0.0,2,"Automóvil,Moto/Ciclomotor",Dean Funes 7600,2,2,0,0,0,0,0,,Calle,,ROSARIO,Rosario,Asfalto,No existe,II,S/D,Urbana,Ninguna,No existe,Recta,Con baches,Buena,Nocturna,Buen Tiempo,De alcance,S/D,Colisión,S/D,S/D,S/D,S/D,"-32.9789895, -60.6268555",['Dean Funes 7600'],1,Dean Funes 7600,-32.9789895,-60.6268555,55.0,538.0,Municipio Rosario,Municipio,Rosario,820210,Servicio de Catastro e Información Territorial,IGN
2014,7240,2014-06-09,Lunes,0.0,19:45:00,,0.0,2,"Moto/Ciclomotor,Automóvil",Laprida Y Riobamba,2,1,0,0,1,0,0,,Calle,,ROSARIO,Rosario,Asfalto,No existe,II,Dentro,Urbana,Ninguna,No existe,Intersección,Bueno,Buena,"Atardecer,Con luz artificial",Buen Tiempo,Lateral,S/D,Colisión,S/D,Faltante,Ninguna,Sin restricción,POINT (-60.6384293 -32.9637312),"['Laprida', 'Riobamba']",2,Francisco Narciso Laprida; Riobamba,-32.9637312,-60.6384293,55.0,538.0,Municipio Rosario,Municipio,Rosario,820210,Servicio de Catastro e Información Territorial,IGN
2014,7244,2014-08-08,Viernes,0.0,17:00:00,,0.0,2,"Pickup/Utilitario,Moto/Ciclomotor",Av. Provincias Unidas Y Ocampo,2,2,0,0,0,0,0,,Calle,,ROSARIO,Rosario,"Asfalto,Hormigón",Pavimento,II,S/D,Urbana,Marca Vial,No existe,Intersección,"Con baches,Resbaladiza",Buena,Diurna,Buen Tiempo,Lateral,S/D,Colisión,S/D,S/D,S/D,Sin restricción,POINT (-60.7118703 -32.95801295),"['Avenida Provincias Unidas', 'Ocampo']",2,Avenida Provincias Unidas; Ocampo,-32.95801295,-60.7118703,55.0,538.0,Municipio Rosario,Municipio,Rosario,820210,Servicio de Catastro e Información Territorial,IGN
2014,7245,2014-08-19,Martes,0.0,15:45:00,,0.0,2,"Automóvil,Automóvil",Av. Pellegrini 5100,3,1,0,0,2,0,0,,Avenida,,ROSARIO,Rosario,Asfalto,No existe,II,Dentro,Urbana,Ninguna,No existe,Recta,Bueno,Buena,Diurna,Buen Tiempo,Lateral,S/D,Colisión,Otro,Horizontal,Cordón divisorio,Sin restricción,"-32.9479278, -60.6933284",['Pellegrini 5100'],1,Pellegrini 5100,-32.9479278,-60.6933284,55.0,538.0,Municipio Rosario,Municipio,Rosario,820210,Servicio de Catastro e Información Territorial,IGN
2014,7247,2014-08-10,Domingo,0.0,12:00:00,,0.0,2,"Pickup/Utilitario,Automóvil",Av. Circunvalacion Y Av. Pte.Peron,2,2,0,0,0,0,0,,Avenida,,ROSARIO,Rosario,"Asfalto,Hormigón",Pavimento,II,S/D,Urbana,Semáforo,Funciona,Intersección,"Con baches,Resbaladiza",Buena,Diurna,Buen Tiempo,Lateral,S/D,Colisión,S/D,S/D,S/D,Sin restricción,POINT (-60.71697254694366 -32.9707081028425),"['Circunvalacion', 'Avenida Presidente Perón']",2,Avenida de Circunvalación 25 de Mayo; Avenida Presidente Perón,-32.9707081028425,-60.71697254694366,55.0,538.0,Municipio Rosario,Municipio,Rosario,820210,Servicio de Catastro e Información Territorial,IGN
2014,7249,2014-08-05,Martes,0.0,15:40:00,,0.0,2,"Pickup/Utilitario,Automóvil",Ecuador Y San Lorenzo,3,1,0,0,2,0,0,,Calle,,ROSARIO,Rosario,Asfalto,No existe,II,Dentro,Urbana,Ninguna,No existe,Intersección,Bueno,Buena,Diurna,Buen Tiempo,Lateral,S/D,Colisión,Otro,Horizontal,Ninguna,Sin restricción,POINT (-60.7152714 -32.9345801),"['Ecuador', 'San Lorenzo']",2,Ecuador; San Lorenzo,-32.9345801,-60.7152714,55.0,538.0,Municipio Rosario,Municipio,Rosario,820210,Servicio de Catastro e Información Territorial,IGN
2014,7251,2014-08-26,Martes,0.0,12:00:00,,0.0,2,"Pickup/Utilitario,Peatón",Bv. 27 De Febrero Y Av. Circunvalacion,2,1,0,0,1,0,0,,Avenida,,ROSARIO,Rosario,Asfalto,Pavimento,II,S/D,Urbana,Semáforo,Funciona,Intersección,Con baches,Buena,Diurna,Buen Tiempo,S/D,S/D,Atropello,S/D,S/D,S/D,Sin restricción,POINT (-60.671730569613096 -32.965475411263625),"['27 de Febrero', 'Circunvalacion']",2,Bulevar 27 de Febrero; Avenida de Circunvalación 25 de Mayo,-32.965475411263625,-60.671730569613096,55.0,538.0,Municipio Rosario,Municipio,Rosario,820210,Servicio de Catastro e Información Territorial,IGN
2014,7253,2014-09-28,Domingo,0.0,00:55:00,,0.0,4,"Pickup/Utilitario,Automóvil,Automóvil,Automóvil",Av. Eva Peron Y Liniers,4,1,0,0,3,0,0,,Avenida,,ROSARIO,Rosario,Asfalto,No existe,II,Dentro,Urbana,Ninguna,No existe,Intersección,Bueno,Buena,Con luz artificial,Buen Tiempo,Múltiple,S/D,Colisión,Otro,Horizontal,Ninguna,Sin restricción,POINT (-60.6987284 -32.935604899999994),"['Avenida Eva Perón', 'Liniers']",2,Avenida Eva Perón; Liniers,-32.935604899999994,-60.6987284,55.0,538.0,Municipio Rosario,Municipio,Rosario,820210,Servicio de Catastro e Información Territorial,IGN
2014,7256,2014-08-28,Jueves,0.0,16:00:00,,0.0,2,"Automóvil,Moto/Ciclomotor",Ocampo Y Peru,2,1,0,0,1,0,0,,Calle,,ROSARIO,Rosario,"Asfalto,Hormigón",No existe,II,S/D,Urbana,Ninguna,No existe,Intersección,Deteriorada,Buena,Diurna,Buen Tiempo,Lateral,S/D,Colisión,S/D,S/D,S/D,Sin restricción,POINT (-60.71068110000001 -32.957983299999995),"['Ocampo', 'Peru']",2,Ocampo; Perú,-32.957983299999995,-60.71068110000001,55.0,538.0,Municipio Rosario,Municipio,Rosario,820210,Servicio de Catastro e Información Territorial,IGN
2014,7258,2014-09-08,Lunes,0.0,11:27:00,,0.0,2,"Moto/Ciclomotor,Automóvil",Brasil 7400,2,1,0,0,1,0,0,,Calle,,ROSARIO,Rosario,Asfalto,Natural,II,Fuera,Urbana,Ninguna,No existe,S/D,Bueno,Buena,Diurna,Buen Tiempo,Lateral,S/D,Colisión,Ninguna,Faltante,S/D,Sin restricción,"-32.9204349, -60.720591",['Brasil 7400'],1,Brasil 7400,-32.9204349,-60.720591,55.0,538.0,Municipio Rosario,Municipio,Rosario,820210,Servicio de Catastro e Información Territorial,IGN
2014,7259,2014-09-12,Viernes,0.0,12:55:00,,0.0,2,"Moto/Ciclomotor,Moto/Ciclomotor",Nicaragua Y Mendoza,3,2,0,0,1,0,0,,Calle,,ROSARIO,Rosario,Asfalto,No existe,II,Fuera,Urbana,Semáforo,No existe,S/D,Bueno,Buena,Diurna,Buen Tiempo,Lateral,S/D,Colisión,Ninguna,Faltante,S/D,Sin restricción,POINT (-60.720695799999994 -32.94045335),"['Nicaragua', 'Mendoza']",2,Nicaragua; Mendoza,-32.94045335,-60.7206958,55.0,538.0,Municipio Rosario,Municipio,Rosario,820210,Servicio de Catastro e Información Territorial,IGN
2014,7260,2014-08-23,Sabado,0.0,15:15:00,,0.0,2,"Automóvil,Moto/Ciclomotor",Manuel Garcia Y Calle 1345,2,1,0,0,1,0,0,,Calle,,ROSARIO,Rosario,Asfalto,Pavimento,II,Dentro,Urbana,Ninguna,No existe,Intersección,Bueno,Buena,Diurna,Buen Tiempo,Lateral,S/D,Colisión,Otro,Faltante,Ninguna,Sin restricción,POINT (-60.7140163 -32.894655799999995),"['Manuel García', 'Graciela Lo Tufo']",2,Manuel García; Graciela Lo Tufo,-32.894655799999995,-60.7140163,55.0,538.0,Municipio Rosario,Municipio,Rosario,820210,Servicio de Catastro e Información Territorial,IGN
2014,7262,2014-08-26,Martes,0.0,17:15:00,,0.0,3,"Automóvil,Pickup/Utilitario,Automóvil",Av. Eva Peron Y Barra,4,1,0,0,3,0,0,,Avenida,,ROSARIO,Rosario,Asfalto,No existe,II,Dentro,Urbana,Semáforo,Funciona,Intersección,Bueno,Buena,Diurna,Buen Tiempo,Lateral,S/D,Colisión,Otro,Vertical,Ninguna,Sin restricción,POINT (-60.70707305 -32.934056049999995),"['Avenida Eva Perón', 'Barra']",2,Avenida Eva Perón; Barraco,-32.934056049999995,-60.70707305,55.0,538.0,Municipio Rosario,Municipio,Rosario,820210,Servicio de Catastro e Información Territorial,IGN
2014,7263,2014-08-04,Lunes,0.0,22:10:00,,0.0,2,"Automóvil,Automóvil",Av. Provincias Unidas Y Perez Bulnes,4,1,0,0,3,0,0,,Calle,,ROSARIO,Rosario,Asfalto,No existe,II,Dentro,Urbana,Semáforo,Funciona,Intersección,Bueno,Buena,"Nocturna,Con luz artificial",Buen Tiempo,Lateral,S/D,Colisión,Otro,Vertical,Ninguna,Sin restricción,POINT (-60.712500750000004 -32.9424588),"['Avenida Provincias Unidas', 'Pérez Bulnes']",2,Avenida Provincias Unidas; Pérez Bulnes,-32.9424588,-60.71250075,55.0,538.0,Municipio Rosario,Municipio,Rosario,820210,Servicio de Catastro e Información Territorial,IGN
2014,7266,2014-08-13,Miercoles,0.0,16:30:00,,0.0,2,"Bicicleta,Automóvil",Ecuador Y Perez Bulnes,2,1,0,0,1,0,0,,Calle,,ROSARIO,Rosario,Asfalto,No existe,II,Dentro,Urbana,Ninguna,No existe,Intersección,Bueno,Buena,Diurna,Buen Tiempo,S/D,S/D,Atropello,S/D,Horizontal,Ninguna,Sin restricción,POINT (-60.7148832 -32.942529400000005),"['Ecuador', 'Pérez Bulnes']",2,Ecuador; Pérez Bulnes,-32.942529400000005,-60.7148832,55.0,538.0,Municipio Rosario,Municipio,Rosario,820210,Servicio de Catastro e Información Territorial,IGN
2014,7269,2014-08-06,Miercoles,0.0,17:00:00,,0.0,2,"Bicicleta,Automóvil",Solis Y White,2,1,0,0,1,0,0,,Calle,,ROSARIO,Rosario,Asfalto,No existe,II,Dentro,Urbana,Ninguna,No existe,Intersección,Bueno,Buena,Diurna,Buen Tiempo,S/D,S/D,Atropello,S/D,Horizontal,Ninguna,Sin restricción,POINT (-60.7033377 -32.94110109999999),"['Solis', 'White']",2,Juan Díaz de Solís; Ingeniero White,-32.94110109999999,-60.7033377,55.0,538.0,Municipio Rosario,Municipio,Rosario,820210,Servicio de Catastro e Información Territorial,IGN
2014,7272,2014-08-06,Miercoles,0.0,11:00:00,,0.0,2,"Automóvil,Automóvil",Garzon Y Mendoza,2,1,0,0,1,0,0,,Calle,,ROSARIO,Rosario,Asfalto,No existe,II,Dentro,Urbana,Ninguna,No existe,Intersección,Bueno,Buena,Diurna,Buen Tiempo,Lateral,S/D,Colisión,S/D,Horizontal,Ninguna,Sin restricción,POINT (-60.7056814 -32.94004240000001),"['Garzón', 'Mendoza']",2,Garzón; Mendoza,-32.94004240000001,-60.7056814,55.0,538.0,Municipio Rosario,Municipio,Rosario,820210,Servicio de Catastro e Información Territorial,IGN
2014,7276,2014-08-13,Miercoles,0.0,09:30:00,,0.0,2,"Bicicleta,Pickup/Utilitario",Barra Y Pasco,2,1,0,0,1,0,0,,Calle,,ROSARIO,Rosario,Asfalto,No existe,II,Dentro,Urbana,Ninguna,No existe,Intersección,Bueno,Buena,Diurna,Buen Tiempo,Lateral,S/D,Colisión,S/D,Horizontal,Ninguna,Sin restricción,POINT (-60.7063727 -32.9508003),"['Barra', 'Pasco']",2,Barraco; Pasco,-32.9508003,-60.7063727,55.0,538.0,Municipio Rosario,Municipio,Rosario,820210,Servicio de Catastro e Información Territorial,IGN
2014,7284,2014-08-20,Miercoles,0.0,11:00:00,,0.0,2,"Moto/Ciclomotor,Automóvil",Av. Pellegrini Y Barra,2,1,0,0,1,0,0,,Calle,,ROSARIO,Rosario,Asfalto,No existe,II,Dentro,Urbana,Ninguna,No existe,Intersección,Bueno,Buena,Diurna,Buen Tiempo,Lateral,S/D,Colisión,S/D,Horizontal,Ninguna,Sin restricción,POINT (-60.7064564 -32.948440399999996),"['Pellegrini', 'Barra']",2,Avenida Carlos Pellegrini; Barraco,-32.9484404,-60.7064564,55.0,538.0,Municipio Rosario,Municipio,Rosario,820210,Servicio de Catastro e Información Territorial,IGN
2014,7286,2014-08-20,Miercoles,0.0,09:30:00,,0.0,2,"Automóvil,Automóvil",Zuviria Y Correa,2,1,0,0,1,0,0,,Calle,,ROSARIO,Rosario,Asfalto,No existe,II,Dentro,Urbana,Ninguna,No existe,Intersección,Bueno,Buena,Diurna,Buen Tiempo,Lateral,S/D,Colisión,S/D,Horizontal,Ninguna,Sin restricción,POINT (-60.69546640000001 -32.9364856),"['Zuviría', 'Correa']",2,Juez José María Zuviría; Correa,-32.9364856,-60.69546640000001,55.0,538.0,Municipio Rosario,Municipio,Rosario,820210,Servicio de Catastro e Información Territorial,IGN
2014,7363,2014-03-01,Sabado,0.0,12:10:00,,0.0,1,Automóvil,San Martin Y Saavedra,1,1,0,0,0,0,0,,Calle,,ROSARIO,Rosario,Asfalto,S/D,II,S/D,Urbana,S/D,S/D,Intersección,S/D,S/D,Diurna,S/D,Contra objeto fijo,S/D,Colisión,S/D,S/D,S/D,S/D,POINT (-60.64439204999999 -32.978251650000004),"['San Martin', 'Saavedra']",2,José de San Martín; Saavedra,-32.978251650000004,-60.64439204999999,55.0,538.0,Municipio Rosario,Municipio,Rosario,820210,Servicio de Catastro e Información Territorial,IGN
2014,7372,2014-03-09,Domingo,0.0,05:00:00,,0.0,2,"Automóvil,Automóvil",Darragueira Y Matheu,3,0,0,0,0,0,3,,Calle,,ROSARIO,Rosario,Asfalto,No existe,II,Dentro,Urbana,S/D,S/D,Intersección,Bueno,S/D,Nocturna,S/D,S/D,S/D,Colisión,S/D,S/D,S/D,S/D,POINT (-60.6967964 -32.8885263),"['José Darragueira', 'Matheu']",2,José Darragueira; Domingo Matheu,-32.8885263,-60.6967964,55.0,538.0,Municipio Rosario,Municipio,Rosario,820210,Servicio de Catastro e Información Territorial,IGN
2014,7381,2014-03-19,Miercoles,0.0,10:00:00,,0.0,2,"Automóvil,Automóvil",Urquiza Y Av. Ovidio Lagos,2,1,0,0,1,0,0,,Avenida,,ROSARIO,Rosario,Asfalto,S/D,II,Dentro,Urbana,S/D,S/D,Intersección,Bueno,S/D,Diurna,S/D,S/D,S/D,Colisión,S/D,S/D,S/D,S/D,POINT (-60.660585299999994 -32.938803599999986),"['Urquiza', 'Avenida Ovidio Lagos']",2,Justo José de Urquiza; Avenida Ovidio Lagos,-32.938803599999986,-60.6605853,55.0,538.0,Municipio Rosario,Municipio,Rosario,820210,Servicio de Catastro e Información Territorial,IGN
2014,7403,2014-03-27,Jueves,0.0,17:30:00,,0.0,2,"Taxi/Remis,Moto/Ciclomotor",Rioja Y Lavalle,3,1,0,0,2,0,0,,Calle,,ROSARIO,Rosario,S/D,S/D,II,S/D,Urbana,S/D,S/D,Intersección,S/D,S/D,Diurna,S/D,Lateral,S/D,Colisión,S/D,S/D,S/D,S/D,POINT (-60.67807470000001 -32.94053099999999),"['Rioja', 'Lavalle']",2,Rioja; Lavalle,-32.94053099999999,-60.67807470000001,55.0,538.0,Municipio Rosario,Municipio,Rosario,820210,Servicio de Catastro e Información Territorial,IGN
2014,7429,2014-03-20,Jueves,0.0,21:45:00,,0.0,2,"Moto/Ciclomotor,Automóvil",Santa Fe Y Alvear,2,0,1,0,1,0,0,,Calle,,ROSARIO,Rosario,Asfalto,S/D,II,Dentro,Urbana,S/D,S/D,Intersección,Bueno,S/D,"Nocturna,Con luz artificial",S/D,S/D,S/D,Colisión,S/D,S/D,S/D,S/D,POINT (-60.6543266 -32.94212459999999),"['Santa Fe', 'Alvear']",2,Santa Fe; Alvear,-32.94212459999999,-60.6543266,55.0,538.0,Municipio Rosario,Municipio,Rosario,820210,Servicio de Catastro e Información Territorial,IGN
2014,7450,2014-04-20,Domingo,0.0,07:30:00,,0.0,2,"Vehículo Oficial,Pickup/Utilitario",Av. Pte.Peron Y Cullen,2,1,0,0,1,0,0,,Avenida,,ROSARIO,Rosario,S/D,S/D,II,Dentro,Urbana,S/D,S/D,Intersección,S/D,S/D,Diurna,Buen Tiempo,Lateral,S/D,Colisión,S/D,S/D,S/D,S/D,POINT (-60.70807085 -32.96626105),"['Avenida Presidente Perón', 'Cullen']",2,Avenida Presidente Perón; Cullen,-32.96626105,-60.70807085,55.0,538.0,Municipio Rosario,Municipio,Rosario,820210,Servicio de Catastro e Información Territorial,IGN
2014,7553,2014-06-17,Martes,0.0,08:50:00,,0.0,2,"Moto/Ciclomotor,Automóvil",Av. Pellegrini Y Bv. Avellaneda,3,1,1,0,1,0,0,,Avenida,,ROSARIO,Rosario,Asfalto,No existe,II,Dentro,Urbana,S/D,S/D,Intersección,S/D,S/D,Diurna,S/D,S/D,S/D,Colisión,S/D,S/D,S/D,S/D,POINT (-60.68184480000001 -32.949949249999996),"['Pellegrini', 'Avellaneda']",2,Avenida Carlos Pellegrini; Bulevar Nicolás Avellaneda,-32.94994925,-60.68184480000001,55.0,538.0,Municipio Rosario,Municipio,Rosario,820210,Servicio de Catastro e Información Territorial,IGN
2014,7562,2014-06-22,Domingo,0.0,23:50:00,,0.0,2,"Moto/Ciclomotor,Taxi/Remis",Cafferata Y Mendoza,2,0,1,0,1,0,0,,Calle,,ROSARIO,Rosario,Asfalto,No existe,II,Dentro,Urbana,S/D,S/D,Intersección,S/D,S/D,Nocturna,S/D,S/D,S/D,Colisión,S/D,S/D,S/D,S/D,POINT (-60.672258799999994 -32.9456991),"['Cafferata', 'Mendoza']",2,Cafferata; Mendoza,-32.9456991,-60.6722588,55.0,538.0,Municipio Rosario,Municipio,Rosario,820210,Servicio de Catastro e Información Territorial,IGN
2014,7563,2014-06-23,Lunes,0.0,08:00:00,,0.0,2,"Moto/Ciclomotor,Automóvil",Av. Arijon Y Santiago,3,2,0,0,1,0,0,,Avenida,,ROSARIO,Rosario,Asfalto,No existe,II,S/D,Urbana,S/D,S/D,S/D,S/D,S/D,Diurna,S/D,S/D,S/D,Colisión,S/D,S/D,S/D,S/D,POINT (-60.6676718 -33.0035862),"['Avenida Manuel Arijón', 'Santiago']",2,Avenida Manuel Arijón; Santiago,-33.0035862,-60.6676718,55.0,538.0,Municipio Rosario,Municipio,Rosario,820210,Servicio de Catastro e Información Territorial,IGN
2014,7718,2014-07-02,Miercoles,0.0,,,0.0,2,"Automóvil,Bicicleta",Ituzaingo Y Castellanos,2,1,0,0,1,0,0,,Calle,,ROSARIO,Rosario,Asfalto,S/D,II,Dentro,Urbana,S/D,S/D,Intersección,S/D,S/D,Diurna,S/D,S/D,S/D,Atropello,S/D,S/D,S/D,S/D,POINT (-60.67866550000001 -32.9541197),"['Ituzaingó', 'Aaron Castellanos']",2,Ituzaingó; Aaron Castellanos,-32.9541197,-60.67866550000001,55.0,538.0,Municipio Rosario,Municipio,Rosario,820210,Servicio de Catastro e Información Territorial,IGN
2014,7842,2014-08-21,Jueves,0.0,23:55:00,,0.0,1,Vehículo Oficial,Av. Circunvalacion Y Pje. Estudiante Aguilar,1,0,1,0,0,0,0,,Avenida,,ROSARIO,Rosario,Asfalto,Pavimento,II,Fuera,Urbana,S/D,No existe,Recta,S/D,S/D,Nocturna,S/D,Contra objeto fijo,S/D,Colisión,Otro,S/D,Guardarrail,S/D,POINT (-60.7210242 -32.9563759),"['Circunvalacion', 'Estudiante Aguilar']",2,"('Juan Pablo II', 'Estudiante Aguilar')",-32.9563759,-60.7210242,55.0,538.0,Municipio Rosario,Municipio,Rosario,820210,Servicio de Catastro e Información Territorial,IGN
2014,7863,2014-08-28,Jueves,0.0,01:40:00,,0.0,2,"Moto/Ciclomotor,Taxi/Remis",Ayacucho Y Centenario,2,1,0,0,1,0,0,,Calle,,ROSARIO,Rosario,Asfalto,No existe,II,Dentro,Urbana,S/D,S/D,Intersección,S/D,S/D,Nocturna,S/D,S/D,S/D,Colisión,S/D,S/D,S/D,S/D,POINT (-60.6359918 -33.003850499999984),"['Ayacucho', 'Centenario']",2,Ayacucho; Avenida Centenario Rosario Central,-33.003850499999984,-60.6359918,55.0,538.0,Municipio Rosario,Municipio,Rosario,820210,Servicio de Catastro e Información Territorial,IGN
2014,8239,2014-09-02,Martes,0.0,13:30:00,,0.0,2,"Moto/Ciclomotor,Automóvil",Necochea Y Centeno,2,1,0,0,1,0,0,,Calle,,ROSARIO,Rosario,Asfalto,No existe,II,Dentro,Urbana,Marca Vial,No existe,Intersección,Bueno,Buena,Diurna,Buen Tiempo,Lateral,S/D,Colisión,Ninguna,Vertical,Línea divisoria pintada,Sin restricción,POINT (-60.6338364 -32.98730019999999),"['Necochea', 'Centeno']",2,Necochea; Coronel Centeno,-32.98730019999999,-60.6338364,55.0,538.0,Municipio Rosario,Municipio,Rosario,820210,Servicio de Catastro e Información Territorial,IGN
2014,8240,2014-09-06,Sabado,0.0,23:00:00,,0.0,2,"Moto/Ciclomotor,Transporte de Pasajeros Urbano (> 8 asientos)",Colon Y Gaboto,3,2,0,0,1,0,0,,Calle,,ROSARIO,Rosario,Asfalto,No existe,II,Dentro,Urbana,Marca Vial,No existe,Intersección,Bueno,Buena,"Nocturna,Con luz artificial",Buen Tiempo,Lateral,S/D,Colisión,Ninguna,Vertical,Línea divisoria pintada,Sin restricción,POINT (-60.63230000000001 -32.9756052),"['Colon', 'Gaboto']",2,Cristóbal Colón; Gaboto,-32.9756052,-60.63230000000001,55.0,538.0,Municipio Rosario,Municipio,Rosario,820210,Servicio de Catastro e Información Territorial,IGN
2014,8244,2014-09-08,Lunes,0.0,,,0.0,2,"Automóvil,Automóvil",Grandoli Y Pje. Spiro Bis,5,5,0,0,0,0,0,,Calle,,ROSARIO,Rosario,Asfalto,No existe,II,Dentro,Urbana,Marca Vial,No existe,Intersección,Bueno,Buena,Amanecer,Buen Tiempo,Lateral,S/D,Colisión,Ninguna,Vertical,Línea divisoria pintada,Sin restricción,POINT (-60.62815959999999 -32.98532490000001),"['Avenida Abanderado Grandoli', 'Spiro']",2,Avenida Abanderado Grandoli; Spiro,-32.98532490000001,-60.62815959999999,55.0,538.0,Municipio Rosario,Municipio,Rosario,820210,Servicio de Catastro e Información Territorial,IGN