anio_acci,nro_acci,fecha,desc_dia,fecha_aprox,hora_aprox,desc_ruta,km,cant_participantes,desc_participante,calle_avenida_km,total,heridos_leves,heridos_graves,heridos_gravisimos,ilesos,fallecidos,sin_datos,posicion_XY,desc_tipo_via,desc_ruta_ori,desc_loc,desc_dpto,desc_tipo_calzada,desc_tipo_banquina,desc_unidad_regional,desc_lugar_calzada,desc_zona,desc_prioridad,desc_estado_semaforo,desc_lugar_via,desc_estado_via,desc_estado_visibilidad,desc_luminosidad,desc_estado_clima,desc_tipo_colision,desc_tipo_atropello,desc_tipo_hecho,desc_pres_calzada,desc_senializacion,desc_separacion_via,desc_restriccion,forma_geocod,calle_lista,numero_calles,calles_osm,lat,lon,index_right,gid,fna,gna,nam,in1,fdc,sag
2014,8378,2014-09-12,Viernes,0.0,05:00:00,,0.0,1,Moto/Ciclomotor,Ayacucho Y Caupolican,2,2,0,0,0,0,0,,S/D,,ROSARIO,Rosario,Asfalto,No existe,II,S/D,Urbana,Ninguna,No existe,Intersección,S/D,S/D,Nocturna,Buen Tiempo,Contra objeto fijo,S/D,Colisión,S/D,S/D,Ninguna,Sin restricción,POINT (-60.63574520000001 -33.00950679999999),"['Ayacucho', 'Caupolicán']",2,Ayacucho; Caupolicán,-33.00950679999999,-60.63574520000001,55.0,538.0,Municipio Rosario,Municipio,Rosario,820210,Servicio de Catastro e Información Territorial,IGN
2014,8382,2014-09-10,Miercoles,0.0,12:45:00,,0.0,2,"Moto/Ciclomotor,Camión",Buenos Aires Y Amenabar,2,1,0,0,1,0,0,,Calle,,ROSARIO,Rosario,Asfalto,No existe,II,Dentro,Urbana,Marca Vial,No existe,Intersección,Bueno,Buena,Diurna,Buen Tiempo,Lateral,S/D,Colisión,Ninguna,Vertical,Línea divisoria pintada,Sin restricción,POINT (-60.639182299999995 -32.973197600000006),"['Buenos Aires', 'Amenabar']",2,Buenos Aires; José de Amenábar,-32.973197600000006,-60.6391823,55.0,538.0,Municipio Rosario,Municipio,Rosario,820210,Servicio de Catastro e Información Territorial,IGN
2014,8393,2014-09-08,Lunes,0.0,15:50:00,,0.0,2,"Moto/Ciclomotor,Automóvil",Pueyrredon Y Amenabar,2,1,0,0,1,0,0,,Calle,,ROSARIO,Rosario,Asfalto,No existe,II,Dentro,Urbana,Marca Vial,S/D,Intersección,Bueno,Buena,Diurna,Buen Tiempo,Lateral,S/D,Colisión,Ninguna,Vertical,Línea divisoria pintada,Sin restricción,POINT (-60.6638549 -32.96874249999999),"['Pueyrredón', 'Amenabar']",2,Pueyrredón; José de Amenábar,-32.96874249999999,-60.6638549,55.0,538.0,Municipio Rosario,Municipio,Rosario,820210,Servicio de Catastro e Información Territorial,IGN
2014,8395,2014-09-13,Sabado,0.0,22:40:00,,0.0,2,"Moto/Ciclomotor,Automóvil",Abanderado Grandoli Y J.M.Gutierrez,2,0,1,0,1,0,0,,S/D,,ROSARIO,Rosario,Asfalto,No existe,II,S/D,Urbana,Semáforo,Intermitente,Intersección,Bueno,Buena,Nocturna,S/D,Lateral,S/D,Colisión,S/D,S/D,Cordón divisorio,Sin restricción,POINT (-60.62865455000001 -32.993396849999996),"['Avenida Abanderado Grandoli', 'Gutierrez']",2,Avenida Abanderado Grandoli; Ricardo Gutierrez,-32.99339685,-60.62865455000001,55.0,538.0,Municipio Rosario,Municipio,Rosario,820210,Servicio de Catastro e Información Territorial,IGN
2014,8397,2014-09-16,Martes,0.0,21:00:00,,0.0,2,"Peatón,Automóvil",Ayacucho Y Caupolican,2,1,0,0,1,0,0,,Calle,,ROSARIO,Rosario,Asfalto,No existe,II,S/D,Urbana,Ninguna,No existe,Intersección,Bueno,Buena,Nocturna,S/D,S/D,S/D,Atropello,S/D,S/D,Línea divisoria pintada,Sin restricción,POINT (-60.63574520000001 -33.00950679999999),"['Ayacucho', 'Caupolicán']",2,Ayacucho; Caupolicán,-33.00950679999999,-60.63574520000001,55.0,538.0,Municipio Rosario,Municipio,Rosario,820210,Servicio de Catastro e Información Territorial,IGN
2014,8400,2014-09-20,Sabado,0.0,19:10:00,,0.0,2,"Moto/Ciclomotor,Pickup/Utilitario",Lainez Y Leiva,2,1,0,0,1,0,0,,Calle,,ROSARIO,Rosario,Asfalto,No existe,II,Dentro,Urbana,Ninguna,No existe,Intersección,S/D,S/D,Atardecer,S/D,Lateral,S/D,Colisión,S/D,S/D,Ninguna,Sin restricción,POINT (-60.637807900000006 -33.00499479999999),"['Láinez', 'Leiva']",2,Láinez; Julián de Leiva,-33.00499479999999,-60.637807900000006,55.0,538.0,Municipio Rosario,Municipio,Rosario,820210,Servicio de Catastro e Información Territorial,IGN
2014,8404,2014-09-13,Sabado,0.0,18:30:00,,0.0,2,"Automóvil,Taxi/Remis",Sarmiento Y Pasco,5,3,0,0,2,0,0,,Calle,,ROSARIO,Rosario,Asfalto,S/D,II,Dentro,Urbana,S/D,S/D,Intersección,Bueno,Buena,Diurna,Buen Tiempo,Lateral,S/D,Colisión,S/D,S/D,S/D,S/D,POINT (-60.6414543 -32.95957909999999),"['Sarmiento', 'Pasco']",2,Sarmiento; Pasco,-32.95957909999999,-60.6414543,55.0,538.0,Municipio Rosario,Municipio,Rosario,820210,Servicio de Catastro e Información Territorial,IGN
2014,8408,2014-09-30,Martes,0.0,10:00:00,,0.0,1,Transporte de Pasajeros Urbano (> 8 asientos),Bv. 27 De Febrero Y Paraguay,5,3,0,0,2,0,0,,Avenida,,ROSARIO,Rosario,Asfalto,S/D,II,Dentro,Urbana,S/D,Funciona,Intersección,Bueno,Buena,Diurna,Buen Tiempo,S/D,S/D,S/D,S/D,Vertical,S/D,S/D,POINT (-60.64906305 -32.966597750000005),"['27 de Febrero', 'Paraguay']",2,Bulevar 27 de Febrero; Paraguay,-32.966597750000005,-60.64906305,55.0,538.0,Municipio Rosario,Municipio,Rosario,820210,Servicio de Catastro e Información Territorial,IGN
2014,8410,2014-09-11,Jueves,0.0,08:30:00,,0.0,2,"Moto/Ciclomotor,Pickup/Utilitario",Dean Funes Y Laprida,2,1,0,0,1,0,0,,Calle,,ROSARIO,Rosario,Asfalto,No existe,II,Dentro,Urbana,Marca Vial,No existe,Intersección,Bueno,Buena,Diurna,Buen Tiempo,Lateral,S/D,Colisión,Ninguna,Vertical,Línea divisoria pintada,Sin restricción,POINT (-60.6415715 -32.9763678),"['Deán Gregorio Funes', 'Laprida']",2,Deán Gregorio Funes; Francisco Narciso Laprida,-32.9763678,-60.6415715,55.0,538.0,Municipio Rosario,Municipio,Rosario,820210,Servicio de Catastro e Información Territorial,IGN
2014,8412,2014-09-29,Lunes,0.0,,,0.0,2,"Automóvil,Automóvil",Cochabamba Y Entre Rios,3,2,0,0,1,0,0,,Calle,,ROSARIO,Rosario,Asfalto,S/D,II,Dentro,Urbana,S/D,S/D,Recta,Bueno,Buena,S/D,Buen Tiempo,Lateral,S/D,Colisión,S/D,S/D,S/D,S/D,POINT (-60.6439501 -32.9579457),"['Cochabamba', 'Entre Ríos']",2,Cochabamba; Entre Ríos,-32.9579457,-60.6439501,55.0,538.0,Municipio Rosario,Municipio,Rosario,820210,Servicio de Catastro e Información Territorial,IGN
2014,8415,2014-09-22,Lunes,0.0,16:15:00,,0.0,1,Moto/Ciclomotor,Av. Pellegrini Y Pueyrredon,3,2,0,0,1,0,0,,Avenida,,ROSARIO,Rosario,Asfalto,S/D,II,Dentro,Urbana,S/D,Funciona,Intersección,Bueno,Buena,Diurna,Buen Tiempo,Lateral,S/D,Colisión,S/D,Vertical,S/D,S/D,POINT (-60.66011240000001 -32.95378149999999),"['Pellegrini', 'Pueyrredón']",2,Avenida Carlos Pellegrini; Pueyrredón,-32.95378149999999,-60.66011240000001,55.0,538.0,Municipio Rosario,Municipio,Rosario,820210,Servicio de Catastro e Información Territorial,IGN
2014,8416,2014-09-12,Viernes,0.0,09:00:00,,0.0,2,"Moto/Ciclomotor,Automóvil",Bv. Segui Y Laprida,2,1,0,0,1,0,0,,Avenida,,ROSARIO,Rosario,Asfalto,No existe,II,Dentro,Urbana,Marca Vial,No existe,Intersección,Bueno,Buena,Diurna,Buen Tiempo,Lateral,S/D,Colisión,Ninguna,Vertical,Línea divisoria pintada,Sin restricción,POINT (-60.64243230000001 -32.97979135),"['Bulevar Juan Francisco Seguí', 'Laprida']",2,Bulevar Juan Francisco Seguí; Francisco Narciso Laprida,-32.97979135,-60.64243230000001,55.0,538.0,Municipio Rosario,Municipio,Rosario,820210,Servicio de Catastro e Información Territorial,IGN
2014,8425,2014-09-17,Miercoles,0.0,11:10:00,,0.0,2,"Moto/Ciclomotor,Otros",Mitre Y La Paz,3,2,0,0,1,0,0,,Calle,,ROSARIO,Rosario,Asfalto,S/D,II,Dentro,Urbana,S/D,S/D,Intersección,Bueno,Buena,Diurna,Buen Tiempo,Lateral,S/D,Colisión,S/D,S/D,S/D,S/D,POINT (-60.6440084 -32.9639253),"['Mitre', 'La Paz']",2,Bartolomé Mitre; La Paz,-32.9639253,-60.6440084,55.0,538.0,Municipio Rosario,Municipio,Rosario,820210,Servicio de Catastro e Información Territorial,IGN
2014,8429,2014-09-15,Lunes,0.0,19:30:00,,0.0,2,"Moto/Ciclomotor,Automóvil",Cerrito Y Mariano Moreno,2,1,0,0,1,0,0,,Calle,,ROSARIO,Rosario,Asfalto,S/D,II,Dentro,Urbana,S/D,S/D,Recta,Bueno,Buena,Atardecer,Buen Tiempo,Lateral,S/D,Colisión,S/D,S/D,S/D,S/D,POINT (-60.6544697 -32.95964020000001),"['Cerrito', 'Mariano Moreno']",2,Cerrito; Mariano Moreno,-32.95964020000001,-60.6544697,55.0,538.0,Municipio Rosario,Municipio,Rosario,820210,Servicio de Catastro e Información Territorial,IGN
2014,8430,2014-09-12,Viernes,0.0,09:00:00,,0.0,2,"Moto/Ciclomotor,Automóvil",Grandoli 3700,2,1,0,0,1,0,0,,Calle,,ROSARIO,Rosario,Asfalto,No existe,II,Dentro,Urbana,Marca Vial,No existe,Intersección,Bueno,Buena,Diurna,Buen Tiempo,Lateral,S/D,Colisión,Ninguna,Vertical,Línea divisoria pintada,Sin restricción,"-32.9833682, -60.6282406",['Grandoli 3700'],1,Grandoli 3700,-32.9833682,-60.6282406,55.0,538.0,Municipio Rosario,Municipio,Rosario,820210,Servicio de Catastro e Información Territorial,IGN
2014,8433,2014-09-15,Lunes,0.0,18:15:00,,0.0,2,"Moto/Ciclomotor,Automóvil",Ituzaingo Y Dorrego,3,1,0,0,2,0,0,,Calle,,ROSARIO,Rosario,Asfalto,S/D,II,Dentro,Urbana,S/D,S/D,Intersección,Bueno,Buena,Diurna,Buen Tiempo,Lateral,S/D,Colisión,S/D,S/D,S/D,S/D,POINT (-60.65280490000001 -32.958759499999985),"['Ituzaingó', 'Dorrego']",2,Ituzaingó; Manuel Dorrego,-32.958759499999985,-60.65280490000001,55.0,538.0,Municipio Rosario,Municipio,Rosario,820210,Servicio de Catastro e Información Territorial,IGN
2014,8440,2014-10-04,Sabado,0.0,23:15:00,,0.0,2,"Automóvil,Automóvil",DR. CUE Y ALMAFUERTE,3,1,0,0,0,0,2,,Calle,,ROSARIO,Rosario,Asfalto,Natural,II,Dentro,Urbana,Ninguna,No existe,Recta,Bueno,Buena,Nocturna,Otro,S/D,S/D,Otro,Otro,Faltante,Ninguna,Sin restricción,POINT (-60.6971349 -32.91769089999998),"['Victor Cue', 'Almafuerte']",2,Victor Cue; Almafuerte,-32.91769089999998,-60.6971349,55.0,538.0,Municipio Rosario,Municipio,Rosario,820210,Servicio de Catastro e Información Territorial,IGN
2014,8457,2014-09-14,Domingo,0.0,09:00:00,,0.0,2,"Moto/Ciclomotor,Pickup/Utilitario",Ayolas Y Maipu,3,2,0,0,1,0,0,,Calle,,ROSARIO,Rosario,Asfalto,No existe,II,Dentro,Urbana,Ninguna,No existe,Intersección,Bueno,Buena,Diurna,Buen Tiempo,Lateral,S/D,Colisión,Ninguna,Vertical,Línea divisoria pintada,Sin restricción,POINT (-60.64305350000001 -32.977283299999996),"['Ayolas', 'Maipú']",2,Ayolas; Maipú,-32.9772833,-60.64305350000001,55.0,538.0,Municipio Rosario,Municipio,Rosario,820210,Servicio de Catastro e Información Territorial,IGN
2014,8469,2014-09-15,Lunes,0.0,16:45:00,,0.0,2,"Moto/Ciclomotor,Automóvil",España Y Cerrito,2,1,0,0,1,0,0,,Calle,,ROSARIO,Rosario,Asfalto,S/D,II,Dentro,Urbana,S/D,No existe,Intersección,Bueno,Buena,Diurna,Buen Tiempo,Lateral,S/D,Colisión,S/D,S/D,S/D,S/D,POINT (-60.650363600000006 -32.9603736),"['España', 'Cerrito']",2,España; Cerrito,-32.9603736,-60.650363600000006,55.0,538.0,Municipio Rosario,Municipio,Rosario,820210,Servicio de Catastro e Información Territorial,IGN
2014,8471,2014-10-02,Jueves,0.0,15:30:00,,0.0,2,"Taxi/Remis,Moto/Ciclomotor",Av. Provincias Unidas Y La Republica,2,1,0,0,1,0,0,,Calle,,ROSARIO,Rosario,Asfalto,Pavimento,II,Dentro,Urbana,S/D,Funciona,Recta,Bueno,Buena,Diurna,S/D,S/D,S/D,S/D,S/D,S/D,S/D,S/D,POINT (-60.713721250000006 -32.9186124),"['Avenida Provincias Unidas', 'La República']",2,Avenida Provincias Unidas; La República,-32.9186124,-60.713721250000006,55.0,538.0,Municipio Rosario,Municipio,Rosario,820210,Servicio de Catastro e Información Territorial,IGN
2014,8475,2014-09-13,Sabado,0.0,17:00:00,,0.0,2,"Automóvil,Automóvil",Av. Pellegrini Y Callao,3,1,0,0,2,0,0,,Avenida,,ROSARIO,Rosario,Asfalto,S/D,II,Dentro,Urbana,Semáforo,Funciona,Recta,Bueno,Buena,Diurna,Buen Tiempo,De alcance,S/D,Colisión,S/D,Vertical,S/D,S/D,POINT (-60.66283325 -32.95334939999999),"['Pellegrini', 'Callao']",2,Avenida Carlos Pellegrini; Callao,-32.95334939999999,-60.66283325,55.0,538.0,Municipio Rosario,Municipio,Rosario,820210,Servicio de Catastro e Información Territorial,IGN
2014,8477,2014-09-11,Jueves,0.0,21:30:00,,0.0,2,"Moto/Ciclomotor,Automóvil",San Martin Y Bv. 27 De Febrero,3,2,0,0,1,0,0,,Avenida,,ROSARIO,Rosario,S/D,S/D,II,Dentro,Urbana,S/D,Funciona,Intersección,S/D,S/D,Nocturna,S/D,S/D,S/D,Colisión,S/D,Vertical,S/D,S/D,POINT (-60.642020650000006 -32.96785644999999),"['San Martin', '27 de Febrero']",2,José de San Martín; Bulevar 27 de Febrero,-32.96785644999999,-60.642020650000006,55.0,538.0,Municipio Rosario,Municipio,Rosario,820210,Servicio de Catastro e Información Territorial,IGN
2014,8478,2014-09-10,Miercoles,0.0,09:00:00,,0.0,2,"Automóvil,Moto/Ciclomotor",Mariano Moreno Y Cochabamba,2,1,0,0,1,0,0,,Calle,,ROSARIO,Rosario,Asfalto,S/D,II,Dentro,Urbana,S/D,S/D,Intersección,S/D,S/D,Diurna,S/D,S/D,S/D,Colisión,S/D,S/D,S/D,S/D,POINT (-60.6536242 -32.9562251),"['Mariano Moreno', 'Cochabamba']",2,Mariano Moreno; Cochabamba,-32.9562251,-60.6536242,55.0,538.0,Municipio Rosario,Municipio,Rosario,820210,Servicio de Catastro e Información Territorial,IGN
2014,8480,2014-10-13,Lunes,0.0,03:45:00,,0.0,2,"Taxi/Remis,Taxi/Remis",Urquiza Y Iriondo,2,1,0,0,1,0,0,,Calle,,ROSARIO,Rosario,Asfalto,No existe,II,Dentro,Urbana,Ninguna,No existe,Recta,S/D,Buena,Nocturna,Buen Tiempo,De alcance,S/D,Colisión,S/D,S/D,Ninguna,Sin restricción,POINT (-60.66874130000001 -32.93734760000002),"['Urquiza', 'Iriondo']",2,Justo José de Urquiza; Iriondo,-32.93734760000002,-60.66874130000001,55.0,538.0,Municipio Rosario,Municipio,Rosario,820210,Servicio de Catastro e Información Territorial,IGN
2014,8481,2014-09-10,Miercoles,0.0,08:30:00,,0.0,2,"Moto/Ciclomotor,Bicicleta",Av. Pellegrini Y Pueyrredon,2,1,0,0,1,0,0,,Avenida,,ROSARIO,Rosario,S/D,S/D,II,Dentro,Urbana,S/D,S/D,Intersección,S/D,S/D,Diurna,S/D,S/D,S/D,Atropello,S/D,S/D,S/D,S/D,POINT (-60.66011240000001 -32.95378149999999),"['Pellegrini', 'Pueyrredón']",2,Avenida Carlos Pellegrini; Pueyrredón,-32.95378149999999,-60.66011240000001,55.0,538.0,Municipio Rosario,Municipio,Rosario,820210,Servicio de Catastro e Información Territorial,IGN
2014,8482,2014-09-09,Martes,0.0,12:15:00,,0.0,2,"Automóvil,Otros",San Martin Y La Paz,2,1,0,0,1,0,0,,Avenida,,ROSARIO,Rosario,S/D,S/D,II,Dentro,Urbana,S/D,S/D,Intersección,S/D,S/D,Diurna,S/D,S/D,S/D,S/D,S/D,S/D,S/D,S/D,POINT (-60.64116099999999 -32.964431299999994),"['San Martin', 'La Paz']",2,José de San Martín; La Paz,-32.964431299999994,-60.64116099999999,55.0,538.0,Municipio Rosario,Municipio,Rosario,820210,Servicio de Catastro e Información Territorial,IGN
2014,8484,2014-10-03,Viernes,0.0,16:40:00,,0.0,2,"Moto/Ciclomotor,Automóvil",Av. Sorrento Y Av. Circunvalacion,2,1,0,0,0,0,1,,Calle,,ROSARIO,Rosario,Asfalto,Pavimento,II,Dentro,Urbana,Ninguna,No existe,Puente,Bueno,Buena,Atardecer,Otro,Lateral,S/D,Colisión,Otro,Faltante,Ninguna,Sin restricción,POINT (-60.72270983333334 -32.90836276666666),"['Sorrento', 'Circunvalacion']",2,"('Avenida Sorrento', 'Juan Pablo II')",-32.90836276666666,-60.72270983333334,55.0,538.0,Municipio Rosario,Municipio,Rosario,820210,Servicio de Catastro e Información Territorial,IGN
2014,8486,2014-10-07,Martes,0.0,08:30:00,,0.0,2,"Moto/Ciclomotor,Automóvil",Rivadavia Y Santiago,2,1,0,0,1,0,0,,Calle,,ROSARIO,Rosario,S/D,No existe,II,S/D,Urbana,Semáforo,Funciona,Recta,Bueno,Buena,Diurna,Buen Tiempo,Otro,S/D,Colisión,Otro,Vertical,Ninguna,Sin restricción,POINT (-60.65306759999999 -32.9316094),"['Rivadavia', 'Santiago']",2,"('Avenida Bernardino Rivadavia', 'Santiago')",-32.9316094,-60.65306759999999,55.0,538.0,Municipio Rosario,Municipio,Rosario,820210,Servicio de Catastro e Información Territorial,IGN
2014,8487,2014-09-30,Martes,0.0,22:00:00,,0.0,2,"Automóvil,Automóvil",Entre Rios Y Virasoro,4,2,0,0,2,0,0,,Calle,,ROSARIO,Rosario,Asfalto,S/D,II,Dentro,Urbana,S/D,Funciona,Recta,Bueno,Buena,Nocturna,Buen Tiempo,De alcance,S/D,Colisión,S/D,Vertical,S/D,S/D,POINT (-60.6468657 -32.9694381),"['Entre Ríos', 'Virasoro']",2,Entre Ríos; Benjamín Virasoro,-32.9694381,-60.6468657,55.0,538.0,Municipio Rosario,Municipio,Rosario,820210,Servicio de Catastro e Información Territorial,IGN
2014,8490,2014-10-05,Domingo,0.0,11:15:00,,0.0,2,"Automóvil,Automóvil",San Lorenzo Y Castellanos,2,1,0,0,1,0,0,,Calle,,ROSARIO,Rosario,S/D,No existe,II,S/D,Urbana,Ninguna,No existe,Recta,Otro,Buena,Diurna,Buen Tiempo,Otro,S/D,Colisión,Otro,Faltante,Ninguna,Sin restricción,POINT (-60.6744722 -32.9375212),"['San Lorenzo', 'Aaron Castellanos']",2,San Lorenzo; Aaron Castellanos,-32.9375212,-60.6744722,55.0,538.0,Municipio Rosario,Municipio,Rosario,820210,Servicio de Catastro e Información Territorial,IGN
2014,8491,2014-10-22,Miercoles,0.0,07:30:00,,0.0,2,"Automóvil,Moto/Ciclomotor",Velez Sarsfield Y Iguazu,2,1,0,0,1,0,0,,S/D,,ROSARIO,Rosario,S/D,S/D,II,S/D,Urbana,S/D,S/D,S/D,S/D,S/D,Diurna,S/D,S/D,S/D,S/D,S/D,S/D,S/D,S/D,POINT (-60.68647740000001 -32.92515409999999),"['Vélez Sarsfield', 'Iguazu']",2,Vélez Sarsfield; Iguazú,-32.92515409999999,-60.68647740000001,55.0,538.0,Municipio Rosario,Municipio,Rosario,820210,Servicio de Catastro e Información Territorial,IGN
2014,8492,2014-10-16,Jueves,0.0,19:50:00,,0.0,2,"Moto/Ciclomotor,Automóvil",J.J.Paso 7400,2,1,0,0,1,0,0,,Calle,,ROSARIO,Rosario,Asfalto,Pavimento,II,Dentro,Urbana,Ninguna,No existe,Otro,Bueno,Buena,Atardecer,S/D,Lateral,S/D,Colisión,Otro,Faltante,Ninguna,Sin restricción,"-32.9204003, -60.7218897",['Juan José Paso 7400'],1,Juan José Paso 7400,-32.9204003,-60.7218897,55.0,538.0,Municipio Rosario,Municipio,Rosario,820210,Servicio de Catastro e Información Territorial,IGN
2014,8493,2014-09-08,Lunes,0.0,11:00:00,,0.0,2,"Automóvil,Bicicleta",Bv. Oroño Y Av. Dante Alighieri,2,1,0,0,1,0,0,,Avenida,,ROSARIO,Rosario,Asfalto,S/D,II,Dentro,Urbana,S/D,S/D,Intersección,S/D,S/D,Diurna,S/D,S/D,S/D,Atropello,S/D,S/D,S/D,S/D,POINT (-60.6579301 -32.961999649999996),"['Bulevar Nicasio Oroño', 'Dante Alighieri']",2,"('Ciclovía Bulevar Nicasio Oroño', 'Avenida Dante Alighieri')",-32.96199965,-60.6579301,55.0,538.0,Municipio Rosario,Municipio,Rosario,820210,Servicio de Catastro e Información Territorial,IGN
2014,8495,2014-09-04,Jueves,0.0,10:10:00,,0.0,2,"Taxi/Remis,Automóvil",Entre Rios Y La Paz,3,2,0,0,1,0,0,,Calle,,ROSARIO,Rosario,Asfalto,S/D,II,Dentro,Urbana,Semáforo,Funciona,Intersección,Bueno,Buena,Diurna,Buen Tiempo,De alcance,S/D,Colisión,S/D,Vertical,S/D,S/D,POINT (-60.64540379999999 -32.9636773),"['Entre Ríos', 'La Paz']",2,Entre Ríos; La Paz,-32.9636773,-60.64540379999999,55.0,538.0,Municipio Rosario,Municipio,Rosario,820210,Servicio de Catastro e Información Territorial,IGN
2014,8496,2014-10-04,Sabado,0.0,09:15:00,,0.0,2,"Otros,Otros",Av. Francia Y Tucuman,2,1,0,0,1,0,0,,Calle,,ROSARIO,Rosario,S/D,No existe,II,S/D,Urbana,Ninguna,No existe,Recta,Bueno,Buena,Diurna,Buen Tiempo,Otro,S/D,Colisión,Otro,Faltante,Ninguna,Sin restricción,POINT (-60.66436195 -32.9369176),"['Avenida Francia', 'Tucumán']",2,Avenida Francia; Tucumán,-32.9369176,-60.66436195,55.0,538.0,Municipio Rosario,Municipio,Rosario,820210,Servicio de Catastro e Información Territorial,IGN
2014,8497,2014-10-04,Sabado,0.0,09:15:00,,0.0,2,"Moto/Ciclomotor,Automóvil",Av. Francia Y Tucuman,2,1,0,0,1,0,0,,Calle,,ROSARIO,Rosario,S/D,No existe,II,S/D,Urbana,Ninguna,No existe,Recta,Bueno,Buena,Diurna,Buen Tiempo,Otro,S/D,Colisión,Otro,Faltante,Ninguna,Sin restricción,POINT (-60.66436195 -32.9369176),"['Avenida Francia', 'Tucumán']",2,Avenida Francia; Tucumán,-32.9369176,-60.66436195,55.0,538.0,Municipio Rosario,Municipio,Rosario,820210,Servicio de Catastro e Información Territorial,IGN
2014,8499,2014-09-04,Jueves,0.0,,,0.0,2,"Automóvil,Bicicleta",Sarmiento Y Cerrito,2,1,0,0,1,0,0,,Calle,,ROSARIO,Rosario,S/D,S/D,II,Dentro,Urbana,S/D,S/D,Intersección,S/D,S/D,S/D,S/D,S/D,S/D,Atropello,S/D,S/D,S/D,S/D,POINT (-60.6420226 -32.9618734),"['Sarmiento', 'Cerrito']",2,Sarmiento; Cerrito,-32.9618734,-60.6420226,55.0,538.0,Municipio Rosario,Municipio,Rosario,820210,Servicio de Catastro e Información Territorial,IGN
2014,8501,2014-10-03,Viernes,0.0,16:30:00,,0.0,2,"Automóvil,Automóvil",Tucuman Y Crespo,3,1,0,0,2,0,0,,Calle,,ROSARIO,Rosario,Asfalto,No existe,II,Dentro,Urbana,Ninguna,No existe,Recta,Bueno,Buena,Diurna,Buen Tiempo,De alcance,S/D,Colisión,S/D,Faltante,Ninguna,Sin restricción,POINT (-60.6670974 -32.936399599999994),"['Tucumán', 'Crespo']",2,Tucumán; Crespo,-32.936399599999994,-60.6670974,55.0,538.0,Municipio Rosario,Municipio,Rosario,820210,Servicio de Catastro e Información Territorial,IGN
2014,8502,2014-09-08,Lunes,0.0,23:35:00,,0.0,2,"Automóvil,Moto/Ciclomotor",Cochabamba Y Buenos Aires,2,1,0,0,1,0,0,,Calle,,ROSARIO,Rosario,Asfalto,No existe,II,Dentro,Urbana,Ninguna,No existe,Intersección,Bueno,Buena,"Nocturna,Con luz artificial",Buen Tiempo,Otro,S/D,Colisión,Ninguna,S/D,Ninguna,Sin restricción,POINT (-60.63572169999999 -32.9594532),"['Cochabamba', 'Buenos Aires']",2,Cochabamba; Buenos Aires,-32.9594532,-60.63572169999999,55.0,538.0,Municipio Rosario,Municipio,Rosario,820210,Servicio de Catastro e Información Territorial,IGN
2014,8504,2014-09-01,Lunes,0.0,10:30:00,,0.0,3,"Automóvil,Automóvil,Automóvil",Buenos Aires Y Av. Pellegrini,4,1,0,0,3,0,0,,Avenida,,ROSARIO,Rosario,Asfalto,No existe,II,Dentro,Urbana,Semáforo,Funciona,Recta,Bueno,Buena,Diurna,Buen Tiempo,Múltiple,S/D,Colisión,Ninguna,S/D,Ninguna,S/D,POINT (-60.63639453333334 -32.982757233333324),"['Buenos Aires', 'Pellegrini']",2,Buenos Aires; Avenida Carlos Pellegrini,-32.982757233333324,-60.63639453333334,55.0,538.0,Municipio Rosario,Municipio,Rosario,820210,Servicio de Catastro e Información Territorial,IGN
2014,8506,2014-10-17,Viernes,0.0,21:30:00,,0.0,2,"Automóvil,Moto/Ciclomotor",Washington Y Union,2,0,1,0,1,0,0,,Calle,,ROSARIO,Rosario,Asfalto,No existe,II,Dentro,Urbana,Ninguna,No existe,Intersección,Bueno,Buena,Nocturna,Buen Tiempo,Lateral,S/D,Colisión,S/D,Faltante,Ninguna,Sin restricción,POINT (-60.70018509999999 -32.9033337),"['Washington', 'Unión']",2,Washington; Unión,-32.9033337,-60.70018509999999,55.0,538.0,Municipio Rosario,Municipio,Rosario,820210,Servicio de Catastro e Información Territorial,IGN
2014,8509,2014-10-27,Lunes,0.0,12:00:00,,0.0,2,"Moto/Ciclomotor,Automóvil",Bv. Rondeau Y Ricardo Nuñez,2,1,0,0,1,0,0,,Avenida,,ROSARIO,Rosario,Asfalto,No existe,II,Dentro,Urbana,Semáforo,Funciona,Intersección,Bueno,Buena,Diurna,Buen Tiempo,Otro,S/D,Colisión,Ninguna,Vertical,Cordón divisorio,Sin restricción,POINT (-60.69541701428572 -32.88466172857143),"['Rondeau', 'Ricardo Nuñez']",2,Bulevar General José Rondeau; Ricardo Nuñez,-32.88466172857143,-60.69541701428572,55.0,538.0,Municipio Rosario,Municipio,Rosario,820210,Servicio de Catastro e Información Territorial,IGN
2014,8510,2014-10-03,Viernes,0.0,19:30:00,,0.0,2,"Automóvil,Moto/Ciclomotor",Bordabehere 4000,2,1,0,0,1,0,0,,Calle,,ROSARIO,Rosario,Asfalto,No existe,II,Dentro,Urbana,Ninguna,No existe,Recta,Bueno,Buena,Diurna,Buen Tiempo,Contra objeto fijo,S/D,Colisión,S/D,Vertical,Ninguna,Sin restricción,"-32.9334573, -60.6761393",['Bordabehere 4000'],1,Bordabehere 4000,-32.9334573,-60.6761393,55.0,538.0,Municipio Rosario,Municipio,Rosario,820210,Servicio de Catastro e Información Territorial,IGN