anio_acci,nro_acci,fecha,desc_dia,fecha_aprox,hora_aprox,desc_ruta,km,cant_participantes,desc_participante,calle_avenida_km,total,heridos_leves,heridos_graves,heridos_gravisimos,ilesos,fallecidos,sin_datos,posicion_XY,desc_tipo_via,desc_ruta_ori,desc_loc,desc_dpto,desc_tipo_calzada,desc_tipo_banquina,desc_unidad_regional,desc_lugar_calzada,desc_zona,desc_prioridad,desc_estado_semaforo,desc_lugar_via,desc_estado_via,desc_estado_visibilidad,desc_luminosidad,desc_estado_clima,desc_tipo_colision,desc_tipo_atropello,desc_tipo_hecho,desc_pres_calzada,desc_senializacion,desc_separacion_via,desc_restriccion,forma_geocod,calle_lista,numero_calles,calles_osm,lat,lon,index_right,gid,fna,gna,nam,in1,fdc,sag
2014,8513,2014-10-08,Miercoles,0.0,19:50:00,,0.0,2,"Moto/Ciclomotor,Moto/Ciclomotor",Av. Sorrento Y Casiano Casas,2,1,0,0,1,0,0,,Avenida,,ROSARIO,Rosario,Asfalto,No existe,II,Dentro,Urbana,Ninguna,No existe,Intersección,Bueno,Buena,Atardecer,Buen Tiempo,Lateral,S/D,Colisión,Ninguna,Faltante,Ninguna,Sin restricción,POINT (-60.695695025000006 -32.90729415),"['Sorrento', 'Avenida Casiano Casas']",2,Avenida Sorrento; Avenida Casiano Casas,-32.90729415,-60.695695025000006,55.0,538.0,Municipio Rosario,Municipio,Rosario,820210,Servicio de Catastro e Información Territorial,IGN
2014,8514,2014-10-28,Martes,0.0,14:00:00,,0.0,2,"Automóvil,Taxi/Remis",Pje. Bogado Y Bahia Blanca Bis,3,3,0,0,0,0,0,,S/D,,ROSARIO,Rosario,S/D,S/D,II,S/D,Urbana,S/D,S/D,S/D,S/D,S/D,Diurna,S/D,S/D,S/D,S/D,S/D,S/D,S/D,S/D,POINT (-60.6886824 -32.9257818),"['Bogado', 'Bahía Blanca']",2,Pasaje Bogado; Bahía Blanca,-32.9257818,-60.6886824,55.0,538.0,Municipio Rosario,Municipio,Rosario,820210,Servicio de Catastro e Información Territorial,IGN
2014,8516,2014-10-02,Jueves,0.0,20:10:00,,0.0,2,"Automóvil,Moto/Ciclomotor",Urquiza Y Castellanos,2,1,0,0,1,0,0,,Calle,,ROSARIO,Rosario,S/D,No existe,II,S/D,Urbana,Ninguna,No existe,Recta,S/D,Buena,Nocturna,Buen Tiempo,Otro,S/D,Colisión,S/D,Faltante,Ninguna,Sin restricción,POINT (-60.6741775 -32.9363611),"['Urquiza', 'Aaron Castellanos']",2,Justo José de Urquiza; Aaron Castellanos,-32.9363611,-60.6741775,55.0,538.0,Municipio Rosario,Municipio,Rosario,820210,Servicio de Catastro e Información Territorial,IGN
2014,8517,2014-10-01,Miercoles,0.0,21:00:00,,0.0,2,"Moto/Ciclomotor,Automóvil",Alberdi Y Ruben Dario,2,1,0,0,1,0,0,,Calle,,ROSARIO,Rosario,Asfalto,S/D,II,S/D,Urbana,S/D,S/D,Recta,Bueno,Buena,Nocturna,Buen Tiempo,De alcance,S/D,Colisión,S/D,Faltante,Cordón divisorio,S/D,POINT (-60.6806685 -32.92150339999999),"['Alberdi', 'Ruben Dario']",2,Avenida Alberdi; Rubén Darío,-32.92150339999999,-60.6806685,55.0,538.0,Municipio Rosario,Municipio,Rosario,820210,Servicio de Catastro e Información Territorial,IGN
2014,8520,2014-10-18,Sabado,0.0,13:30:00,,0.0,2,"Moto/Ciclomotor,Automóvil",Almafuerte Y Av. Alberti,2,1,0,0,1,0,0,,S/D,,ROSARIO,Rosario,Asfalto,S/D,II,S/D,Urbana,Ninguna,S/D,Intersección,Bueno,S/D,Diurna,Buen Tiempo,Lateral,S/D,Colisión,S/D,Vertical,Cordón divisorio,Sin restricción,POINT (-60.683913999999994 -32.917345749999996),"['Almafuerte', 'Alberdi']",2,Almafuerte; Avenida Alberdi,-32.91734575,-60.683914,55.0,538.0,Municipio Rosario,Municipio,Rosario,820210,Servicio de Catastro e Información Territorial,IGN
2014,8521,2014-10-23,Jueves,0.0,14:20:00,,0.0,2,"Taxi/Remis,Moto/Ciclomotor",Reconquista Y Alberdi,2,1,0,0,1,0,0,,Avenida,,ROSARIO,Rosario,S/D,S/D,I,S/D,Urbana,S/D,S/D,S/D,S/D,S/D,Diurna,S/D,S/D,S/D,S/D,S/D,S/D,S/D,S/D,POINT (-60.68332389999999 -32.91808799999999),"['Reconquista', 'Alberdi']",2,Reconquista; Avenida Alberdi,-32.91808799999999,-60.68332389999999,55.0,538.0,Municipio Rosario,Municipio,Rosario,820210,Servicio de Catastro e Información Territorial,IGN
2014,8523,2014-10-04,Sabado,0.0,10:30:00,,0.0,2,"Moto/Ciclomotor,Automóvil",Av. Luis Carballo Y Ing.Thedy Bis,2,0,0,0,1,0,1,,S/D,,ROSARIO,Rosario,S/D,S/D,II,S/D,Urbana,S/D,S/D,S/D,S/D,S/D,Diurna,S/D,S/D,S/D,S/D,S/D,S/D,S/D,S/D,POINT (-60.66546826666667 -32.923339166666665),"['Avenida Doctor Luis Cándido Carballo', 'Thedy']",2,Avenida Doctor Luis Cándido Carballo; Héctor Thedy,-32.923339166666665,-60.66546826666667,55.0,538.0,Municipio Rosario,Municipio,Rosario,820210,Servicio de Catastro e Información Territorial,IGN
2014,8524,2014-10-18,Sabado,0.0,18:45:00,,0.0,2,"Automóvil,Moto/Ciclomotor",Baigorria Y Bv. Rondeau,2,1,0,0,1,0,0,,Avenida,,ROSARIO,Rosario,Asfalto,No existe,II,Dentro,Urbana,Semáforo,Funciona,Intersección,Bueno,Buena,Diurna,Buen Tiempo,Lateral,S/D,Colisión,S/D,Vertical,Cordón divisorio,Sin restricción,POINT (-60.693283075000004 -32.89152782499999),"['Baigorria', 'Rondeau']",2,Baigorria; Bulevar General José Rondeau,-32.89152782499999,-60.693283075,55.0,538.0,Municipio Rosario,Municipio,Rosario,820210,Servicio de Catastro e Información Territorial,IGN
2014,8526,2014-10-01,Miercoles,0.0,07:15:00,,0.0,2,"Automóvil,Automóvil",Av. Luis Carballo Y Bv. Avellaneda,4,2,0,0,2,0,0,,S/D,,ROSARIO,Rosario,S/D,S/D,II,S/D,Urbana,S/D,S/D,S/D,S/D,S/D,Diurna,S/D,S/D,S/D,S/D,S/D,S/D,S/D,S/D,POINT (-60.674817000000004 -32.9219776),"['Avenida Doctor Luis Cándido Carballo', 'Avellaneda']",2,Avenida Doctor Luis Cándido Carballo; Bulevar Nicolás Avellaneda,-32.9219776,-60.674817,55.0,538.0,Municipio Rosario,Municipio,Rosario,820210,Servicio de Catastro e Información Territorial,IGN
2014,8527,2014-10-02,Jueves,0.0,17:00:00,,0.0,2,"Automóvil,Automóvil",Bv. Rondeau 200,2,1,0,0,1,0,0,,Avenida,,ROSARIO,Rosario,Asfalto,No existe,II,Dentro,Urbana,Ninguna,Funciona,Recta,Bueno,Buena,Diurna,Buen Tiempo,De alcance,S/D,Colisión,S/D,"Horizontal,Vertical",Cordón divisorio,Sin restricción,"-32.912957, -60.6865078",['Rondeau 200'],1,Rondeau 200,-32.912957,-60.6865078,55.0,538.0,Municipio Rosario,Municipio,Rosario,820210,Servicio de Catastro e Información Territorial,IGN
2014,8528,2014-10-03,Viernes,0.0,19:00:00,,0.0,2,"Otros,Otros",Warnes Y Matheu,2,1,0,0,1,0,0,,Calle,,ROSARIO,Rosario,Asfalto,No existe,II,Dentro,Urbana,Ninguna,No existe,Intersección,Bueno,Buena,"Atardecer,Con luz artificial",Buen Tiempo,Lateral,S/D,Colisión,Otro,Faltante,Ninguna,Sin restricción,POINT (-60.695688600000004 -32.8884809),"['Warnes', 'Matheu']",2,Ignacio Warnes; Domingo Matheu,-32.8884809,-60.6956886,55.0,538.0,Municipio Rosario,Municipio,Rosario,820210,Servicio de Catastro e Información Territorial,IGN
2014,8529,2014-10-03,Viernes,0.0,19:00:00,,0.0,2,"Moto/Ciclomotor,Automóvil",Warnes Y Matheu,2,1,0,0,1,0,0,,Calle,,ROSARIO,Rosario,Asfalto,No existe,II,Dentro,Urbana,Ninguna,No existe,Intersección,Bueno,Buena,"Atardecer,Con luz artificial",Buen Tiempo,Lateral,S/D,Colisión,Otro,Faltante,Ninguna,Sin restricción,POINT (-60.695688600000004 -32.8884809),"['Warnes', 'Matheu']",2,Ignacio Warnes; Domingo Matheu,-32.8884809,-60.6956886,55.0,538.0,Municipio Rosario,Municipio,Rosario,820210,Servicio de Catastro e Información Territorial,IGN
2014,8530,2014-10-01,Miercoles,0.0,15:50:00,,0.0,2,"Automóvil,Camión",Av. Luis Carballo 500,3,0,0,0,1,0,2,,Avenida,,ROSARIO,Rosario,Asfalto,S/D,II,S/D,Urbana,S/D,S/D,S/D,S/D,S/D,Diurna,S/D,S/D,S/D,S/D,S/D,S/D,S/D,S/D,"-32.9222628, -60.6852365",['Luis Carballo 500'],1,Luis Carballo 500,-32.9222628,-60.6852365,55.0,538.0,Municipio Rosario,Municipio,Rosario,820210,Servicio de Catastro e Información Territorial,IGN
2014,8531,2014-10-12,Domingo,0.0,17:40:00,,0.0,2,"Automóvil,Moto/Ciclomotor",Albert Sabin Y Alberdi,2,1,0,0,1,0,0,,Avenida,,ROSARIO,Rosario,Asfalto,S/D,II,S/D,Urbana,S/D,S/D,S/D,S/D,S/D,Diurna,S/D,S/D,S/D,S/D,S/D,S/D,S/D,S/D,POINT (-60.67368635 -32.93013245),"['Avenida Travesía Albert Sabin', 'Alberdi']",2,Avenida Travesía Albert Sabin; Avenida Alberdi,-32.93013245,-60.67368635,55.0,538.0,Municipio Rosario,Municipio,Rosario,820210,Servicio de Catastro e Información Territorial,IGN
2014,8533,2014-10-20,Lunes,0.0,10:00:00,,0.0,2,"Transporte de Pasajeros Urbano (> 8 asientos),Peatón",J.J.Paso Y P.L.Funes,2,1,0,0,1,0,0,,Calle,,ROSARIO,Rosario,Asfalto,Pavimento,II,Dentro,Urbana,S/D,No existe,Recta,Con baches,Buena,Diurna,Otro,S/D,S/D,Atropello,Otro,Faltante,Ninguna,Sin restricción,POINT (-60.7019811 -32.9199072),"['Paso', 'Funes']",2,Avenida Juan José Paso; Deán Gregorio Funes,-32.9199072,-60.7019811,55.0,538.0,Municipio Rosario,Municipio,Rosario,820210,Servicio de Catastro e Información Territorial,IGN
2014,8535,2014-10-26,Domingo,0.0,11:30:00,,0.0,2,"Moto/Ciclomotor,Automóvil",Catamarca Y Rodriguez,2,1,0,0,1,0,0,,Calle,,ROSARIO,Rosario,S/D,No existe,II,S/D,Urbana,S/D,No existe,Recta,Bueno,Buena,Diurna,Buen Tiempo,Otro,S/D,Colisión,Otro,Faltante,Ninguna,Sin restricción,POINT (-60.6572387 -32.9369145),"['Catamarca', 'Rodríguez']",2,Catamarca; Rodríguez de Escobedo,-32.9369145,-60.6572387,55.0,538.0,Municipio Rosario,Municipio,Rosario,820210,Servicio de Catastro e Información Territorial,IGN
2014,8537,2014-09-18,Jueves,0.0,17:10:00,,0.0,2,"Bicicleta,Automóvil",Buenos Aires Y Ituzaingo,2,1,0,0,1,0,0,,Calle,,ROSARIO,Rosario,Asfalto,No existe,II,Dentro,Rural,Ninguna,No existe,Intersección,Bueno,Buena,Diurna,Buen Tiempo,S/D,S/D,Atropello,Ninguna,S/D,Ninguna,Sin restricción,POINT (-60.636284800000006 -32.9616928),"['Buenos Aires', 'Ituzaingó']",2,Buenos Aires; Ituzaingó,-32.9616928,-60.636284800000006,55.0,538.0,Municipio Rosario,Municipio,Rosario,820210,Servicio de Catastro e Información Territorial,IGN
2014,8538,2014-09-29,Lunes,0.0,08:00:00,,0.0,2,"Pickup/Utilitario,Camión",Bv. Rondeau 2769,2,1,0,0,1,0,0,,Avenida,,ROSARIO,Rosario,Hormigón,No existe,II,Dentro,Urbana,Ninguna,Funciona,Recta,Bueno,Buena,Diurna,Buen Tiempo,De alcance,S/D,Colisión,Otro,Vertical,Cordón divisorio,Sin restricción,"-32.887810144897955, -60.69479335510204",['Rondeau 2769'],1,Rondeau 2769,-32.887810144897955,-60.69479335510204,55.0,538.0,Municipio Rosario,Municipio,Rosario,820210,Servicio de Catastro e Información Territorial,IGN
2014,8539,2014-10-27,Lunes,0.0,18:20:00,,0.0,2,"Bicicleta,Automóvil",Solis Y J.J.Paso,2,1,0,0,0,0,1,,Calle,,ROSARIO,Rosario,Asfalto,Pavimento,II,Dentro,Urbana,Ninguna,Funciona,Recta,Otro,Buena,Diurna,Buen Tiempo,S/D,S/D,Atropello,Otro,Vertical,Ninguna,Sin restricción,POINT (-60.7041987 -32.91997529999999),"['Solis', 'Paso']",2,Juan Díaz de Solís; Avenida Juan José Paso,-32.91997529999999,-60.7041987,55.0,538.0,Municipio Rosario,Municipio,Rosario,820210,Servicio de Catastro e Información Territorial,IGN
2014,8540,2014-09-19,Viernes,0.0,14:30:00,,0.0,2,"Automóvil,Bicicleta",Ayacucho Y Riobamba,2,1,0,0,1,0,0,,Calle,,ROSARIO,Rosario,Asfalto,No existe,II,Dentro,Urbana,Otra Señal,No existe,Intersección,Bueno,Buena,Diurna,Buen Tiempo,S/D,S/D,Atropello,Ninguna,"Horizontal,Vertical",Ninguna,Sin restricción,POINT (-60.6310742 -32.9650233),"['Ayacucho', 'Riobamba']",2,Ayacucho; Riobamba,-32.9650233,-60.6310742,55.0,538.0,Municipio Rosario,Municipio,Rosario,820210,Servicio de Catastro e Información Territorial,IGN
2014,8541,2014-10-04,Sabado,0.0,11:00:00,,0.0,2,"Moto/Ciclomotor,Automóvil",Bv. Rondeau Y Av. Sorrento,2,1,0,0,1,0,0,,Avenida,,ROSARIO,Rosario,Asfalto,No existe,II,Dentro,Urbana,Ninguna,Funciona,Intersección,Bueno,Buena,Diurna,Buen Tiempo,De alcance,S/D,Colisión,Otro,"Horizontal,Vertical",Cordón divisorio,Sin restricción,POINT (-60.68858005 -32.90707667499999),"['Rondeau', 'Sorrento']",2,Bulevar General José Rondeau; Avenida Sorrento,-32.90707667499999,-60.68858005,55.0,538.0,Municipio Rosario,Municipio,Rosario,820210,Servicio de Catastro e Información Territorial,IGN
2014,8542,2014-10-04,Sabado,0.0,20:30:00,,0.0,2,"Peatón,Moto/Ciclomotor",Marull Y Zelaya,2,2,0,0,0,0,0,,Calle,,ROSARIO,Rosario,Asfalto,No existe,II,Dentro,Urbana,Ninguna,No existe,Intersección,Bueno,Buena,Nocturna,Buen Tiempo,S/D,S/D,Atropello,Otro,Faltante,Ninguna,Sin restricción,POINT (-60.6926332 -32.90700799999999),"['Marull', 'Zelaya']",2,Marull; Zelaya,-32.90700799999999,-60.6926332,55.0,538.0,Municipio Rosario,Municipio,Rosario,820210,Servicio de Catastro e Información Territorial,IGN
2014,8543,2014-10-08,Miercoles,0.0,18:00:00,,0.0,2,"Moto/Ciclomotor,Automóvil",Superi Y Darragueira,3,2,0,0,1,0,0,,Calle,,ROSARIO,Rosario,Asfalto,No existe,II,Dentro,Urbana,Ninguna,No existe,Intersección,Bueno,Buena,Diurna,Buen Tiempo,Lateral,S/D,Colisión,Otro,Vertical,Ninguna,Sin restricción,POINT (-60.695001399999995 -32.8947943),"['Superi', 'José Darragueira']",2,Comandante José Superí; José Darragueira,-32.8947943,-60.6950014,55.0,538.0,Municipio Rosario,Municipio,Rosario,820210,Servicio de Catastro e Información Territorial,IGN
2014,8544,2014-10-22,Miercoles,0.0,13:50:00,,0.0,2,"Automóvil,Automóvil",Brown Y Santiago,2,1,0,0,1,0,0,,Calle,,ROSARIO,Rosario,S/D,No existe,II,S/D,Urbana,Ninguna,No existe,Recta,Otro,Buena,Diurna,Buen Tiempo,Otro,S/D,Colisión,Otro,Faltante,Ninguna,Sin restricción,POINT (-60.653646800000004 -32.9339372),"['Brown', 'Santiago']",2,Almirante Brown; Santiago,-32.9339372,-60.6536468,55.0,538.0,Municipio Rosario,Municipio,Rosario,820210,Servicio de Catastro e Información Territorial,IGN
2014,8549,2014-10-18,Sabado,0.0,10:30:00,,0.0,2,"Taxi/Remis,Automóvil",Tucuman Y Cafferata,2,1,0,0,1,0,0,,Calle,,ROSARIO,Rosario,Asfalto,No existe,II,S/D,Urbana,Semáforo,Funciona,Recta,Otro,Buena,Diurna,Buen Tiempo,Otro,S/D,Colisión,Otro,Vertical,Ninguna,Sin restricción,POINT (-60.669785399999995 -32.9359153),"['Tucumán', 'Cafferata']",2,Tucumán; Cafferata,-32.9359153,-60.6697854,55.0,538.0,Municipio Rosario,Municipio,Rosario,820210,Servicio de Catastro e Información Territorial,IGN
2014,8550,2014-10-16,Jueves,0.0,12:35:00,,0.0,2,"Automóvil,Moto/Ciclomotor",Tucuman Y Ricchieri,2,1,0,0,1,0,0,,Calle,,ROSARIO,Rosario,Asfalto,No existe,II,S/D,Urbana,Ninguna,No existe,Recta,Bueno,Buena,Diurna,Buen Tiempo,Otro,S/D,Colisión,Otro,Faltante,Ninguna,Sin restricción,POINT (-60.661682 -32.937394000000005),"['Tucumán', 'Ricchieri']",2,Tucumán; Ricchieri,-32.937394000000005,-60.661682,55.0,538.0,Municipio Rosario,Municipio,Rosario,820210,Servicio de Catastro e Información Territorial,IGN
2014,8554,2014-10-08,Miercoles,0.0,11:00:00,,0.0,2,"Moto/Ciclomotor,Automóvil",Echesortu Y Darragueira,2,1,0,0,1,0,0,,Calle,,ROSARIO,Rosario,Asfalto,No existe,II,Dentro,Urbana,Ninguna,No existe,Intersección,Bueno,Buena,Diurna,Buen Tiempo,Lateral,S/D,Colisión,Otro,Faltante,Ninguna,Sin restricción,POINT (-60.6911892 -32.907917299999994),"['Echesortu', 'José Darragueira']",2,Echesortu; José Darragueira,-32.907917299999994,-60.6911892,55.0,538.0,Municipio Rosario,Municipio,Rosario,820210,Servicio de Catastro e Información Territorial,IGN
2014,8555,2014-10-03,Viernes,0.0,21:10:00,,0.0,2,"Moto/Ciclomotor,Moto/Ciclomotor",j. b. justo Y colectora,2,1,0,0,1,0,0,,Avenida,,ROSARIO,Rosario,Asfalto,Pavimento,II,Dentro,Urbana,S/D,No existe,Curva,Bueno,S/D,Nocturna,S/D,S/D,S/D,Colisión,S/D,S/D,S/D,S/D,POINT (-60.72222620000001 -32.9336861),"['Justo', 'Colectora']",2,"('Justo José de Urquiza', 'Colectora Juan Pablo II')",-32.9336861,-60.72222620000001,55.0,538.0,Municipio Rosario,Municipio,Rosario,820210,Servicio de Catastro e Información Territorial,IGN
2014,8558,2014-10-12,Domingo,0.0,10:00:00,,0.0,2,"Moto/Ciclomotor,Pickup/Utilitario",Av. Arijon Y Av. Bermudez,2,1,0,0,1,0,0,,S/D,,ROSARIO,Rosario,Asfalto,No existe,II,S/D,S/D,Ninguna,No existe,Intersección,S/D,Buena,Diurna,S/D,Lateral,S/D,Colisión,S/D,S/D,Ninguna,Sin restricción,POINT (-60.64252140000001 -33.0028669),"['Avenida Manuel Arijón', 'Bermudez']",2,Avenida Manuel Arijón; Avenida José Bermúdez,-33.0028669,-60.64252140000001,55.0,538.0,Municipio Rosario,Municipio,Rosario,820210,Servicio de Catastro e Información Territorial,IGN
2014,8559,2014-10-26,Domingo,0.0,13:10:00,,0.0,2,"Automóvil,Automóvil",Dorrego Y Ituzaingo,7,3,0,0,4,0,0,,Calle,,ROSARIO,Rosario,Asfalto,S/D,II,S/D,Urbana,S/D,No existe,S/D,Bueno,Buena,Diurna,Buen Tiempo,De alcance,S/D,Colisión,S/D,Vertical,S/D,S/D,POINT (-60.65280490000001 -32.958759499999985),"['Dorrego', 'Ituzaingó']",2,Manuel Dorrego; Ituzaingó,-32.958759499999985,-60.65280490000001,55.0,538.0,Municipio Rosario,Municipio,Rosario,820210,Servicio de Catastro e Información Territorial,IGN
2014,8560,2014-10-21,Martes,0.0,13:10:00,,0.0,2,"Moto/Ciclomotor,Automóvil",Dean Funes Y L.N.Alem,3,2,0,0,1,0,0,,Calle,,ROSARIO,Rosario,Asfalto,No existe,II,Dentro,Urbana,Marca Vial,No existe,Intersección,Bueno,Buena,Diurna,Buen Tiempo,Lateral,S/D,Colisión,Ninguna,Vertical,Línea divisoria pintada,Sin restricción,POINT (-60.6356395 -32.97742120000001),"['Deán Gregorio Funes', 'Alem']",2,Deán Gregorio Funes; Leandro N. Alem,-32.97742120000001,-60.6356395,55.0,538.0,Municipio Rosario,Municipio,Rosario,820210,Servicio de Catastro e Información Territorial,IGN
2014,8561,2014-10-25,Sabado,0.0,11:00:00,,0.0,2,"Automóvil,Moto/Ciclomotor",Uruguay Y España,3,2,0,0,1,0,0,,Calle,,ROSARIO,Rosario,Asfalto,No existe,II,S/D,Urbana,Ninguna,No existe,Intersección,Bueno,Buena,Diurna,Buen Tiempo,De alcance,S/D,Colisión,Ninguna,Faltante,Ninguna,Sin restricción,POINT (-60.654130699999996 -32.975319799999994),"['Uruguay', 'España']",2,Uruguay; España,-32.975319799999994,-60.6541307,55.0,538.0,Municipio Rosario,Municipio,Rosario,820210,Servicio de Catastro e Información Territorial,IGN
2014,8562,2014-09-22,Lunes,0.0,08:50:00,,0.0,2,"Automóvil,Moto/Ciclomotor",Av. Belgrano 2000,2,1,0,0,1,0,0,,Avenida,,ROSARIO,Rosario,Asfalto,No existe,II,Dentro,Urbana,Ninguna,No existe,Recta,Bueno,Buena,Diurna,Buen Tiempo,Otro,S/D,Colisión,Ninguna,S/D,Ninguna,Sin restricción,"-32.9409711, -60.7133596",['Belgrano 2000'],1,Belgrano 2000,-32.9409711,-60.7133596,55.0,538.0,Municipio Rosario,Municipio,Rosario,820210,Servicio de Catastro e Información Territorial,IGN
2014,8563,2014-10-11,Sabado,0.0,18:10:00,,0.0,2,"Moto/Ciclomotor,Automóvil",Cerrito Y Italia,3,2,0,0,1,0,0,,Calle,,ROSARIO,Rosario,Asfalto,S/D,II,Dentro,Urbana,Ninguna,No existe,Recta,Bueno,Buena,Atardecer,Buen Tiempo,De alcance,S/D,Colisión,S/D,Vertical,S/D,S/D,POINT (-60.65174940000001 -32.9601244),"['Cerrito', 'Italia']",2,Cerrito; Italia,-32.9601244,-60.65174940000001,55.0,538.0,Municipio Rosario,Municipio,Rosario,820210,Servicio de Catastro e Información Territorial,IGN
2014,8564,2014-09-22,Lunes,0.0,19:00:00,,0.0,2,"Automóvil,Bicicleta",Ayacucho Y Riobamba,2,1,0,0,1,0,0,,Calle,,ROSARIO,Rosario,Asfalto,No existe,II,Dentro,Urbana,Ninguna,No existe,Intersección,Bueno,Buena,Atardecer,Buen Tiempo,S/D,S/D,Atropello,Ninguna,"Horizontal,Vertical",Ninguna,Sin restricción,POINT (-60.6310742 -32.9650233),"['Ayacucho', 'Riobamba']",2,Ayacucho; Riobamba,-32.9650233,-60.6310742,55.0,538.0,Municipio Rosario,Municipio,Rosario,820210,Servicio de Catastro e Información Territorial,IGN
2014,8565,2014-10-10,Viernes,0.0,19:00:00,,0.0,2,"Moto/Ciclomotor,Peatón",Av. Pellegrini Y Italia,2,2,0,0,0,0,0,,Avenida,,ROSARIO,Rosario,Asfalto,S/D,II,Dentro,Urbana,Semáforo,Funciona,Recta,Bueno,Buena,"Atardecer,Con luz artificial",Buen Tiempo,S/D,S/D,Atropello,S/D,Vertical,S/D,S/D,POINT (-60.650600100000005 -32.955561700000004),"['Pellegrini', 'Italia']",2,Avenida Carlos Pellegrini; Italia,-32.955561700000004,-60.650600100000005,55.0,538.0,Municipio Rosario,Municipio,Rosario,820210,Servicio de Catastro e Información Territorial,IGN
2014,8566,2014-10-18,Sabado,0.0,17:15:00,,0.0,2,"Moto/Ciclomotor,Automóvil",Necochea Y Amenabar,3,2,0,0,1,0,0,,Calle,,ROSARIO,Rosario,Asfalto,No existe,II,Dentro,Urbana,Marca Vial,No existe,Intersección,Bueno,Buena,Atardecer,Buen Tiempo,Lateral,S/D,Colisión,Ninguna,Vertical,Línea divisoria pintada,Sin restricción,POINT (-60.6306647 -32.9747282),"['Necochea', 'Amenabar']",2,Necochea; José de Amenábar,-32.9747282,-60.6306647,55.0,538.0,Municipio Rosario,Municipio,Rosario,820210,Servicio de Catastro e Información Territorial,IGN
2014,8567,2014-09-29,Lunes,0.0,17:30:00,,0.0,2,"Automóvil,Automóvil",Necochea Y Viamonte,2,2,0,0,0,0,0,,Calle,,ROSARIO,Rosario,Asfalto,No existe,II,Dentro,Urbana,Ninguna,No existe,Intersección,Bueno,Buena,Diurna,Buen Tiempo,Otro,S/D,Colisión,Ninguna,S/D,Ninguna,Sin restricción,POINT (-60.6288834 -32.967826999999986),"['Necochea', 'Viamonte']",2,Necochea; Viamonte,-32.967826999999986,-60.6288834,55.0,538.0,Municipio Rosario,Municipio,Rosario,820210,Servicio de Catastro e Información Territorial,IGN
2014,8568,2014-10-10,Viernes,0.0,16:30:00,,0.0,2,"Moto/Ciclomotor,Peatón",Av. Pellegrini Y Italia,2,2,0,0,0,0,0,,Avenida,,ROSARIO,Rosario,Asfalto,S/D,II,Dentro,Urbana,Semáforo,Funciona,Curva,Bueno,Buena,Diurna,Buen Tiempo,S/D,S/D,Atropello,S/D,Vertical,S/D,S/D,POINT (-60.650600100000005 -32.955561700000004),"['Pellegrini', 'Italia']",2,Avenida Carlos Pellegrini; Italia,-32.955561700000004,-60.650600100000005,55.0,538.0,Municipio Rosario,Municipio,Rosario,820210,Servicio de Catastro e Información Territorial,IGN
2014,8569,2014-10-27,Lunes,0.0,13:30:00,,0.0,2,"Moto/Ciclomotor,Automóvil",Garibaldi Y Paraguay,2,1,0,0,1,0,0,,Calle,,ROSARIO,Rosario,Asfalto,No existe,II,S/D,Urbana,Ninguna,No existe,Recta,Bueno,Buena,Diurna,Buen Tiempo,S/D,S/D,Atropello,Ninguna,Faltante,Ninguna,Sin restricción,POINT (-60.6537097 -32.9849852),"['José Garibaldi', 'Paraguay']",2,José Garibaldi; Paraguay,-32.9849852,-60.6537097,55.0,538.0,Municipio Rosario,Municipio,Rosario,820210,Servicio de Catastro e Información Territorial,IGN
2014,8570,2014-09-30,Martes,0.0,19:15:00,,0.0,2,"Automóvil,Moto/Ciclomotor",Esmeralda Y Ocampo,2,1,0,0,1,0,0,,Calle,,ROSARIO,Rosario,Asfalto,No existe,II,Dentro,Urbana,Ninguna,No existe,Intersección,Bueno,Buena,Atardecer,Buen Tiempo,Otro,S/D,Colisión,Ninguna,S/D,Ninguna,Sin restricción,POINT (-60.6264744 -32.96942939999998),"['Esmeralda', 'Ocampo']",2,Esmeralda; Ocampo,-32.96942939999998,-60.6264744,55.0,538.0,Municipio Rosario,Municipio,Rosario,820210,Servicio de Catastro e Información Territorial,IGN
2014,8571,2014-10-10,Viernes,0.0,15:45:00,,0.0,2,"Automóvil,Moto/Ciclomotor",Riobamba Y Sarmiento,3,2,0,0,1,0,0,,Calle,,ROSARIO,Rosario,Asfalto,S/D,II,Dentro,Urbana,Señal Ceda el Paso,No existe,Intersección,Bueno,Buena,Diurna,Buen Tiempo,De alcance,S/D,Colisión,S/D,Vertical,S/D,S/D,POINT (-60.642316799999996 -32.9630352),"['Riobamba', 'Sarmiento']",2,Riobamba; Sarmiento,-32.9630352,-60.6423168,55.0,538.0,Municipio Rosario,Municipio,Rosario,820210,Servicio de Catastro e Información Territorial,IGN