anio_acci,nro_acci,fecha,desc_dia,fecha_aprox,hora_aprox,desc_ruta,km,cant_participantes,desc_participante,calle_avenida_km,total,heridos_leves,heridos_graves,heridos_gravisimos,ilesos,fallecidos,sin_datos,posicion_XY,desc_tipo_via,desc_ruta_ori,desc_loc,desc_dpto,desc_tipo_calzada,desc_tipo_banquina,desc_unidad_regional,desc_lugar_calzada,desc_zona,desc_prioridad,desc_estado_semaforo,desc_lugar_via,desc_estado_via,desc_estado_visibilidad,desc_luminosidad,desc_estado_clima,desc_tipo_colision,desc_tipo_atropello,desc_tipo_hecho,desc_pres_calzada,desc_senializacion,desc_separacion_via,desc_restriccion,forma_geocod,calle_lista,numero_calles,calles_osm,lat,lon,index_right,gid,fna,gna,nam,in1,fdc,sag
2014,8572,2014-10-15,Miercoles,0.0,14:40:00,,0.0,2,"Moto/Ciclomotor,Automóvil",Bv. Segui Y 1 de Mayo,2,1,0,0,1,0,0,,Calle,,ROSARIO,Rosario,Asfalto,No existe,II,Dentro,Urbana,Marca Vial,No existe,Intersección,Bueno,Buena,Diurna,Buen Tiempo,Lateral,S/D,Colisión,Ninguna,Vertical,"Cordón divisorio,Línea divisoria pintada",Sin restricción,POINT (-60.63787925 -32.98061510000001),"['Bulevar Juan Francisco Seguí', 'Primero de Mayo']",2,Bulevar Juan Francisco Seguí; Primero de Mayo,-32.98061510000001,-60.63787925,55.0,538.0,Municipio Rosario,Municipio,Rosario,820210,Servicio de Catastro e Información Territorial,IGN
2014,8573,2014-09-17,Miercoles,0.0,13:30:00,,0.0,2,"Automóvil,Moto/Ciclomotor",Av. Corrientes Y Bv. Segui,4,3,0,0,1,0,0,,Avenida,,ROSARIO,Rosario,Asfalto,No existe,II,S/D,Urbana,Ninguna,No existe,Intersección,Bueno,Buena,Diurna,Buen Tiempo,De alcance,S/D,Colisión,Ninguna,Faltante,Ninguna,Sin restricción,POINT (-60.65060229999999 -32.97832124999999),"['Corrientes', 'Bulevar Juan Francisco Seguí']",2,Corrientes; Bulevar Juan Francisco Seguí,-32.97832124999999,-60.65060229999999,55.0,538.0,Municipio Rosario,Municipio,Rosario,820210,Servicio de Catastro e Información Territorial,IGN
2014,8574,2014-09-13,Sabado,0.0,17:30:00,,0.0,2,"Moto/Ciclomotor,Automóvil",Bv. Segui Y San Martin,2,1,0,0,1,0,0,,Calle,,ROSARIO,Rosario,Asfalto,No existe,II,Dentro,Urbana,Marca Vial,Funciona,Intersección,Bueno,Buena,Atardecer,Buen Tiempo,Lateral,S/D,Colisión,Ninguna,Vertical,Línea divisoria pintada,Sin restricción,POINT (-60.644363766666665 -32.979480866666655),"['Bulevar Juan Francisco Seguí', 'San Martin']",2,Bulevar Juan Francisco Seguí; José de San Martín,-32.979480866666655,-60.644363766666665,55.0,538.0,Municipio Rosario,Municipio,Rosario,820210,Servicio de Catastro e Información Territorial,IGN
2014,8575,2014-10-06,Lunes,0.0,10:55:00,,0.0,2,"Peatón,Taxi/Remis",Virasoro Y Sarmiento,2,1,0,0,1,0,0,,Calle,,ROSARIO,Rosario,Asfalto,S/D,II,Dentro,Urbana,Paso Peatonal,No existe,Recta,Bueno,Buena,Diurna,Buen Tiempo,S/D,S/D,Atropello,S/D,Vertical,S/D,S/D,POINT (-60.6440624 -32.969927),"['Virasoro', 'Sarmiento']",2,Benjamín Virasoro; Sarmiento,-32.969927,-60.6440624,55.0,538.0,Municipio Rosario,Municipio,Rosario,820210,Servicio de Catastro e Información Territorial,IGN
2014,8576,2014-10-20,Lunes,0.0,14:00:00,,0.0,2,"Taxi/Remis,Moto/Ciclomotor",Entre Rios Y Cochabamba,2,1,0,0,1,0,0,,Calle,,ROSARIO,Rosario,Asfalto,S/D,II,Dentro,Urbana,S/D,No existe,S/D,Bueno,Buena,Diurna,Buen Tiempo,De alcance,S/D,Colisión,S/D,Vertical,S/D,S/D,POINT (-60.6439501 -32.9579457),"['Entre Ríos', 'Cochabamba']",2,Entre Ríos; Cochabamba,-32.9579457,-60.6439501,55.0,538.0,Municipio Rosario,Municipio,Rosario,820210,Servicio de Catastro e Información Territorial,IGN
2014,8577,2014-09-17,Miercoles,0.0,20:45:00,,0.0,2,"Automóvil,Tracción animal / Carro",Italia Y Garay,2,1,0,0,1,0,0,,Calle,,ROSARIO,Rosario,Asfalto,No existe,II,S/D,S/D,Ninguna,No existe,Recta,Bueno,Buena,Nocturna,Buen Tiempo,De alcance,S/D,Colisión,Ninguna,Faltante,S/D,Sin restricción,POINT (-60.65493490000001 -32.972771099999996),"['Italia', 'Garay']",2,Italia; Juan de Garay,-32.9727711,-60.65493490000001,55.0,538.0,Municipio Rosario,Municipio,Rosario,820210,Servicio de Catastro e Información Territorial,IGN
2014,8578,2014-10-20,Lunes,0.0,14:30:00,,0.0,2,"Automóvil,Moto/Ciclomotor",España Y Riobamba,2,1,0,0,1,0,0,,Calle,,ROSARIO,Rosario,Asfalto,S/D,II,Dentro,Urbana,S/D,No existe,S/D,Bueno,Buena,Diurna,Buen Tiempo,De alcance,S/D,Colisión,S/D,Vertical,S/D,S/D,POINT (-60.6506574 -32.9615418),"['España', 'Riobamba']",2,España; Riobamba,-32.9615418,-60.6506574,55.0,538.0,Municipio Rosario,Municipio,Rosario,820210,Servicio de Catastro e Información Territorial,IGN
2014,8579,2014-10-21,Martes,0.0,14:30:00,,0.0,2,"Moto/Ciclomotor,Automóvil",España 2300,2,1,0,0,1,0,0,,Calle,,ROSARIO,Rosario,Asfalto,S/D,II,S/D,Urbana,S/D,No existe,S/D,Bueno,Buena,Diurna,Buen Tiempo,De alcance,S/D,Colisión,S/D,Vertical,S/D,S/D,"-32.9625382, -60.6509747",['España 2300'],1,España 2300,-32.9625382,-60.6509747,55.0,538.0,Municipio Rosario,Municipio,Rosario,820210,Servicio de Catastro e Información Territorial,IGN
2014,8580,2014-09-18,Jueves,0.0,19:00:00,,0.0,2,"Automóvil,Moto/Ciclomotor",Saavedra Y Entre Rios,3,2,0,0,1,0,0,,Calle,,ROSARIO,Rosario,Asfalto,No existe,II,S/D,Urbana,Ninguna,No existe,Intersección,Bueno,Buena,"Nocturna,Con luz artificial",Buen Tiempo,De alcance,S/D,Colisión,Ninguna,Faltante,Ninguna,S/D,POINT (-60.6488964 -32.977447199999986),"['Saavedra', 'Entre Ríos']",2,Saavedra; Entre Ríos,-32.977447199999986,-60.6488964,55.0,538.0,Municipio Rosario,Municipio,Rosario,820210,Servicio de Catastro e Información Territorial,IGN
2014,8581,2014-10-28,Martes,0.0,10:50:00,,0.0,2,"Automóvil,Pickup/Utilitario",Dorrego Y Garibaldi,2,1,0,0,1,0,0,,Calle,,ROSARIO,Rosario,Asfalto,No existe,II,S/D,Urbana,Ninguna,No existe,Intersección,Bueno,Buena,Diurna,Buen Tiempo,De alcance,S/D,Colisión,Ninguna,Faltante,Ninguna,Sin restricción,POINT (-60.6592046 -32.984001500000005),"['Dorrego', 'José Garibaldi']",2,Manuel Dorrego; José Garibaldi,-32.984001500000005,-60.6592046,55.0,538.0,Municipio Rosario,Municipio,Rosario,820210,Servicio de Catastro e Información Territorial,IGN
2014,8582,2014-10-08,Miercoles,0.0,14:30:00,,0.0,2,"Transporte de Pasajeros Urbano (> 8 asientos),Moto/Ciclomotor",San Martin Y Pte.Quintana,3,2,0,0,1,0,0,,Avenida,,ROSARIO,Rosario,Asfalto,No existe,II,S/D,Urbana,Ninguna,No existe,Intersección,Bueno,Buena,Diurna,Buen Tiempo,De alcance,S/D,Colisión,Ninguna,Faltante,Ninguna,Sin restricción,POINT (-60.6450385 -32.982916249999995),"['San Martin', 'Quintana']",2,"('José de San Martín', 'Presidente Quintana')",-32.982916249999995,-60.6450385,55.0,538.0,Municipio Rosario,Municipio,Rosario,820210,Servicio de Catastro e Información Territorial,IGN
2014,8583,2014-09-20,Sabado,0.0,18:35:00,,0.0,2,"Automóvil,Automóvil",Av. Uriburu Y Santiago,3,1,0,0,2,0,0,,Avenida,,ROSARIO,Rosario,Asfalto,No existe,II,S/D,Urbana,Ninguna,No existe,Intersección,Bueno,Buena,Atardecer,Buen Tiempo,De alcance,S/D,Colisión,Ninguna,Faltante,S/D,Sin restricción,POINT (-60.66820034999999 -32.991376699999996),"['Uriburu', 'Santiago']",2,Avenida José Uriburu; Santiago,-32.9913767,-60.66820034999999,55.0,538.0,Municipio Rosario,Municipio,Rosario,820210,Servicio de Catastro e Información Territorial,IGN
2014,8584,2014-10-25,Sabado,0.0,13:00:00,,0.0,2,"Moto/Ciclomotor,Taxi/Remis",Bv. 27 De Febrero Y Balcarce,2,1,0,0,1,0,0,,Avenida,,ROSARIO,Rosario,Asfalto,S/D,II,Dentro,Urbana,Semáforo,Funciona,S/D,Bueno,Buena,Diurna,Buen Tiempo,De alcance,S/D,Colisión,S/D,Vertical,S/D,S/D,POINT (-60.6572501 -32.9651418),"['27 de Febrero', 'Balcarce']",2,Bulevar 27 de Febrero; Balcarce,-32.9651418,-60.6572501,55.0,538.0,Municipio Rosario,Municipio,Rosario,820210,Servicio de Catastro e Información Territorial,IGN
2014,8585,2014-10-04,Sabado,0.0,12:15:00,,0.0,2,"Automóvil,Moto/Ciclomotor",Entre Rios Y Galvez,2,1,0,0,1,0,0,,Calle,,ROSARIO,Rosario,Asfalto,S/D,II,Dentro,Urbana,S/D,No existe,Recta,Bueno,Buena,Diurna,Buen Tiempo,Lateral,S/D,Colisión,S/D,S/D,S/D,S/D,POINT (-60.6465702 -32.968276),"['Entre Ríos', 'Galvez']",2,Entre Ríos; José Gálvez,-32.968276,-60.6465702,55.0,538.0,Municipio Rosario,Municipio,Rosario,820210,Servicio de Catastro e Información Territorial,IGN
2014,8586,2014-10-29,Miercoles,0.0,16:40:00,,0.0,2,"Automóvil,Moto/Ciclomotor",Pte.Quintana Y España,2,1,0,0,1,0,0,,Calle,,ROSARIO,Rosario,Asfalto,No existe,II,S/D,Rural,Ninguna,No existe,Intersección,Bueno,Buena,Diurna,Buen Tiempo,De alcance,S/D,Colisión,Ninguna,Faltante,Ninguna,Sin restricción,POINT (-60.65556600000001 -32.9810414),"['Quintana', 'España']",2,"('Presidente Quintana', 'España')",-32.9810414,-60.65556600000001,55.0,538.0,Municipio Rosario,Municipio,Rosario,820210,Servicio de Catastro e Información Territorial,IGN
2014,8587,2014-10-03,Viernes,0.0,15:30:00,,0.0,2,"Moto/Ciclomotor,Automóvil",L.N.Alem Y Galvez,2,1,0,0,1,0,0,,Calle,,ROSARIO,Rosario,Asfalto,No existe,II,Dentro,Urbana,Marca Vial,No existe,Intersección,Bueno,Buena,Diurna,Buen Tiempo,Lateral,S/D,Colisión,Ninguna,Vertical,Línea divisoria pintada,Sin restricción,POINT (-60.63391070000001 -32.97051729999999),"['Alem', 'Galvez']",2,Leandro N. Alem; José Gálvez,-32.97051729999999,-60.63391070000001,55.0,538.0,Municipio Rosario,Municipio,Rosario,820210,Servicio de Catastro e Información Territorial,IGN
2014,8589,2014-10-02,Jueves,0.0,16:45:00,,0.0,2,"Moto/Ciclomotor,Automóvil",Bv. Oroño Y Av. Lugones,2,1,0,0,1,0,0,,Avenida,,ROSARIO,Rosario,Asfalto,S/D,II,Dentro,Urbana,Ninguna,No existe,Rotonda,Bueno,Buena,Atardecer,Buen Tiempo,De alcance,S/D,Colisión,S/D,Vertical,S/D,S/D,POINT (-60.65693518333333 -32.95818631666667),"['Bulevar Nicasio Oroño', 'Lugones']",2,Bulevar Nicasio Oroño; Lorenzo Lugones,-32.95818631666667,-60.65693518333333,55.0,538.0,Municipio Rosario,Municipio,Rosario,820210,Servicio de Catastro e Información Territorial,IGN
2014,8590,2014-10-30,Jueves,0.0,11:55:00,,0.0,2,"Moto/Ciclomotor,Automóvil",Pueyrredon Y Pje. Colegiales,2,1,0,0,1,0,0,,Calle,,ROSARIO,Rosario,Asfalto,No existe,II,S/D,Urbana,Ninguna,No existe,Intersección,Bueno,Buena,Diurna,Buen Tiempo,De alcance,S/D,Colisión,Ninguna,Faltante,Ninguna,Sin restricción,POINT (-60.66837900000001 -32.9865348),"['Pueyrredón', 'Colegiales']",2,Pueyrredón; Colegiales,-32.9865348,-60.66837900000001,55.0,538.0,Municipio Rosario,Municipio,Rosario,820210,Servicio de Catastro e Información Territorial,IGN
2014,8591,2014-09-22,Lunes,0.0,13:30:00,,0.0,2,"Automóvil,Moto/Ciclomotor",Garibaldi Y Trento,3,2,0,0,1,0,0,,Calle,,ROSARIO,Rosario,Asfalto,No existe,II,S/D,Urbana,Ninguna,No existe,Intersección,Bueno,Buena,Diurna,Buen Tiempo,De alcance,S/D,Colisión,Ninguna,Faltante,S/D,Sin restricción,POINT (-60.66119340000001 -32.9836455),"['José Garibaldi', 'Trento']",2,José Garibaldi; Trento,-32.9836455,-60.66119340000001,55.0,538.0,Municipio Rosario,Municipio,Rosario,820210,Servicio de Catastro e Información Territorial,IGN
2014,8593,2014-10-05,Domingo,0.0,14:00:00,,0.0,2,"Bicicleta,Moto/Ciclomotor",Av. Provincias Unidas Y Gaboto,2,1,0,0,1,0,0,,Avenida,,ROSARIO,Rosario,"Asfalto,Hormigón",No existe,II,S/D,Urbana,Marca Vial,No existe,Intersección,Con baches,Buena,Diurna,Buen Tiempo,S/D,S/D,Atropello,S/D,S/D,S/D,Sin restricción,POINT (-60.711592350000004 -32.96514434999999),"['Avenida Provincias Unidas', 'Gaboto']",2,Avenida Provincias Unidas; Gaboto,-32.96514434999999,-60.71159235,55.0,538.0,Municipio Rosario,Municipio,Rosario,820210,Servicio de Catastro e Información Territorial,IGN
2014,8594,2014-10-10,Viernes,0.0,14:35:00,,0.0,2,"Otros,Otros",Av. Corrientes Y Galvez,2,1,0,0,0,0,1,,Calle,,ROSARIO,Rosario,Asfalto,S/D,II,S/D,Urbana,S/D,No existe,Recta,Bueno,Buena,Diurna,Buen Tiempo,S/D,S/D,Otro,S/D,Vertical,S/D,S/D,POINT (-60.64797829999999 -32.968026599999995),"['Corrientes', 'Galvez']",2,Corrientes; José Gálvez,-32.968026599999995,-60.64797829999999,55.0,538.0,Municipio Rosario,Municipio,Rosario,820210,Servicio de Catastro e Información Territorial,IGN
2014,8595,2014-09-22,Lunes,0.0,19:30:00,,0.0,2,"Automóvil,Moto/Ciclomotor",Dorrego Y Mr.Ross,2,0,1,0,1,0,0,,Calle,,ROSARIO,Rosario,Asfalto,No existe,II,S/D,Urbana,Ninguna,No existe,Intersección,Bueno,Buena,Atardecer,Buen Tiempo,De alcance,S/D,Colisión,Ninguna,Faltante,S/D,Sin restricción,POINT (-60.6597877 -32.986300699999994),"['Dorrego', 'Rodrigo M. Ross']",2,Manuel Dorrego; Rodrigo M. Ross,-32.986300699999994,-60.6597877,55.0,538.0,Municipio Rosario,Municipio,Rosario,820210,Servicio de Catastro e Información Territorial,IGN
2014,8596,2014-09-14,Domingo,0.0,16:15:00,,0.0,2,"Moto/Ciclomotor,Automóvil",Ayolas Y Laprida,2,1,0,0,1,0,0,,Calle,,ROSARIO,Rosario,Asfalto,No existe,II,Dentro,Urbana,Marca Vial,No existe,Intersección,Bueno,Buena,Atardecer,Buen Tiempo,Lateral,S/D,Colisión,Ninguna,Vertical,Línea divisoria pintada,Sin restricción,POINT (-60.64185640000001 -32.97749820000001),"['Ayolas', 'Laprida']",2,Ayolas; Francisco Narciso Laprida,-32.97749820000001,-60.64185640000001,55.0,538.0,Municipio Rosario,Municipio,Rosario,820210,Servicio de Catastro e Información Territorial,IGN
2014,8597,2014-10-12,Domingo,0.0,16:45:00,,0.0,2,"Moto/Ciclomotor,Automóvil",Mitre Y Galvez,2,1,0,0,1,0,0,,Calle,,ROSARIO,Rosario,Asfalto,S/D,II,S/D,Urbana,S/D,No existe,Recta,Bueno,Buena,Diurna,Buen Tiempo,De alcance,S/D,Colisión,S/D,Vertical,S/D,S/D,POINT (-60.64514630000001 -32.968528199999994),"['Mitre', 'Galvez']",2,Bartolomé Mitre; José Gálvez,-32.968528199999994,-60.64514630000001,55.0,538.0,Municipio Rosario,Municipio,Rosario,820210,Servicio de Catastro e Información Territorial,IGN
2014,8599,2014-10-03,Viernes,0.0,18:30:00,,0.0,2,"Automóvil,Peatón",San Martin Y Esteban de Luca,2,0,1,0,1,0,0,,Avenida,,ROSARIO,Rosario,Asfalto,No existe,II,S/D,Urbana,Ninguna,Funciona,Intersección,Bueno,Buena,Atardecer,Buen Tiempo,S/D,S/D,Atropello,Ninguna,Horizontal,Ninguna,Sin restricción,POINT (-60.69698706666666 -32.97095953333332),"['San Martin', 'Esteban de Luca']",2,José de San Martín; Esteban de Luca,-32.97095953333332,-60.69698706666666,55.0,538.0,Municipio Rosario,Municipio,Rosario,820210,Servicio de Catastro e Información Territorial,IGN
2014,8600,2014-10-06,Lunes,0.0,13:55:00,,0.0,2,"Automóvil,Moto/Ciclomotor",Pte.Roca Y Av. Pellegrini,2,1,0,0,1,0,0,,Avenida,,ROSARIO,Rosario,Asfalto,S/D,II,S/D,Urbana,Semáforo,Funciona,Recta,Bueno,Buena,Diurna,Buen Tiempo,De alcance,S/D,Colisión,S/D,Vertical,S/D,S/D,POINT (-60.6478283 -32.95605889999999),"['Roca', 'Pellegrini']",2,Presidente Roca; Avenida Carlos Pellegrini,-32.95605889999999,-60.6478283,55.0,538.0,Municipio Rosario,Municipio,Rosario,820210,Servicio de Catastro e Información Territorial,IGN
2014,8601,2014-10-01,Miercoles,0.0,07:50:00,,0.0,2,"Automóvil,Automóvil",Bv. 27 De Febrero Y Paraguay,2,1,0,0,1,0,0,,Avenida,,ROSARIO,Rosario,Asfalto,S/D,II,Dentro,Urbana,Semáforo,Funciona,Recta,Bueno,Buena,Diurna,Buen Tiempo,De alcance,S/D,Colisión,S/D,Vertical,S/D,S/D,POINT (-60.64906305 -32.966597750000005),"['27 de Febrero', 'Paraguay']",2,Bulevar 27 de Febrero; Paraguay,-32.966597750000005,-60.64906305,55.0,538.0,Municipio Rosario,Municipio,Rosario,820210,Servicio de Catastro e Información Territorial,IGN
2014,8602,2014-10-18,Sabado,0.0,23:05:00,,0.0,2,"Moto/Ciclomotor,Automóvil",Av. Pellegrini Y Magallanes,2,1,0,0,1,0,0,,Calle,,ROSARIO,Rosario,Asfalto,No existe,II,Dentro,Urbana,Ninguna,No existe,Intersección,Bueno,Buena,"Nocturna,Con luz artificial",Buen Tiempo,Lateral,S/D,Colisión,Ninguna,Horizontal,Ninguna,Sin restricción,POINT (-60.68127633333334 -32.97612283333333),"['Pellegrini', 'Magallanes']",2,Avenida Carlos Pellegrini; Magallanes,-32.97612283333333,-60.68127633333334,55.0,538.0,Municipio Rosario,Municipio,Rosario,820210,Servicio de Catastro e Información Territorial,IGN
2014,8603,2014-10-03,Viernes,0.0,20:15:00,,0.0,2,"Moto/Ciclomotor,Automóvil",Necochea Y Dr.Rivas,2,1,0,0,1,0,0,,Calle,,ROSARIO,Rosario,Asfalto,No existe,II,S/D,Urbana,Marca Vial,No existe,Intersección,Bueno,Buena,"Nocturna,Con luz artificial",Buen Tiempo,Lateral,S/D,Colisión,Ninguna,Vertical,Línea divisoria pintada,Sin restricción,POINT (-60.63355369999999 -32.9861821),"['Necochea', 'Doctor Francisco Riva']",2,Necochea; Doctor Francisco Riva,-32.9861821,-60.63355369999999,55.0,538.0,Municipio Rosario,Municipio,Rosario,820210,Servicio de Catastro e Información Territorial,IGN
2014,8605,2014-10-02,Jueves,0.0,20:30:00,,0.0,2,"Moto/Ciclomotor,Automóvil",L.N.Alem Y Pte.Quintana,2,1,0,0,1,0,0,,Calle,,ROSARIO,Rosario,Asfalto,No existe,II,Dentro,Urbana,Marca Vial,No existe,Intersección,Bueno,Buena,"Nocturna,Con luz artificial",Buen Tiempo,Lateral,S/D,Colisión,Ninguna,Vertical,Ninguna,Sin restricción,POINT (-60.6373705 -32.9843019),"['Alem', 'Quintana']",2,Leandro N. Alem; Presidente Quintana,-32.9843019,-60.6373705,55.0,538.0,Municipio Rosario,Municipio,Rosario,820210,Servicio de Catastro e Información Territorial,IGN
2014,8606,2014-10-19,Domingo,0.0,22:00:00,,0.0,2,"Peatón,Taxi/Remis",Charcas Y Av. Provincias Unidas,2,1,0,0,1,0,0,,Calle,,ROSARIO,Rosario,Asfalto,No existe,II,Dentro,Urbana,Ninguna,No existe,Intersección,Bueno,Buena,"Nocturna,Con luz artificial",Buen Tiempo,S/D,S/D,Atropello,Otro,Horizontal,Ninguna,Sin restricción,POINT (-60.71246010000001 -32.9451643),"['Charcas', 'Avenida Provincias Unidas']",2,Charcas; Avenida Provincias Unidas,-32.9451643,-60.71246010000001,55.0,538.0,Municipio Rosario,Municipio,Rosario,820210,Servicio de Catastro e Información Territorial,IGN
2014,8607,2014-10-16,Jueves,0.0,10:45:00,,0.0,2,"Pickup/Utilitario,Moto/Ciclomotor",Biedma Y Pueyrredon,2,1,0,0,1,0,0,,Calle,,ROSARIO,Rosario,Asfalto,No existe,II,Dentro,Urbana,Ninguna,No existe,Intersección,Bueno,Buena,Diurna,Buen Tiempo,De alcance,S/D,Colisión,Ninguna,Faltante,Ninguna,Sin restricción,POINT (-60.66617329999999 -32.977945899999995),"['Coronel Biedma', 'Pueyrredón']",2,Coronel Biedma; Pueyrredón,-32.977945899999995,-60.66617329999999,55.0,538.0,Municipio Rosario,Municipio,Rosario,820210,Servicio de Catastro e Información Territorial,IGN
2014,8608,2014-10-20,Lunes,0.0,13:45:00,,0.0,2,"Moto/Ciclomotor,Otros",Av. Uriburu Y Paraguay,2,1,0,0,1,0,0,,Avenida,,ROSARIO,Rosario,Asfalto,No existe,II,Dentro,Urbana,Ninguna,No existe,Intersección,Bueno,Buena,Diurna,Buen Tiempo,Lateral,S/D,Colisión,Ninguna,Faltante,Ninguna,Sin restricción,POINT (-60.655215850000005 -32.990962749999994),"['Uriburu', 'Paraguay']",2,Avenida José Uriburu; Paraguay,-32.990962749999994,-60.655215850000005,55.0,538.0,Municipio Rosario,Municipio,Rosario,820210,Servicio de Catastro e Información Territorial,IGN
2014,8610,2014-10-14,Martes,0.0,13:30:00,,0.0,2,"Bicicleta,Automóvil",Av. Provincias Unidas Y Forest,2,1,0,0,1,0,0,,Avenida,,ROSARIO,Rosario,Asfalto,No existe,II,Dentro,Urbana,Ninguna,S/D,Intersección,Bueno,Buena,Diurna,Buen Tiempo,S/D,S/D,Atropello,Ninguna,Horizontal,Ninguna,Sin restricción,POINT (-60.7124582 -32.943523400000004),"['Avenida Provincias Unidas', 'Carlos Forest']",2,Avenida Provincias Unidas; Carlos Forest,-32.943523400000004,-60.7124582,55.0,538.0,Municipio Rosario,Municipio,Rosario,820210,Servicio de Catastro e Información Territorial,IGN
2014,8611,2014-09-23,Martes,0.0,17:00:00,,0.0,2,"Automóvil,Automóvil",Entre Rios Y Ameghino,2,1,0,0,1,0,0,,Calle,,ROSARIO,Rosario,Asfalto,No existe,II,S/D,Urbana,Ninguna,No existe,Intersección,Bueno,Buena,Atardecer,Buen Tiempo,De alcance,S/D,Colisión,Ninguna,Faltante,S/D,Sin restricción,POINT (-60.6511862 -32.98661430000001),"['Entre Ríos', 'Ameghino']",2,Entre Ríos; Ameghino,-32.98661430000001,-60.6511862,55.0,538.0,Municipio Rosario,Municipio,Rosario,820210,Servicio de Catastro e Información Territorial,IGN
2014,8613,2014-09-24,Miercoles,0.0,19:00:00,,0.0,2,"Automóvil,Moto/Ciclomotor",Bv. Oroño Y Dean Funes,2,1,0,0,1,0,0,,Avenida,,ROSARIO,Rosario,Asfalto,No existe,II,S/D,Urbana,S/D,Funciona,Intersección,Bueno,Buena,Atardecer,Buen Tiempo,De alcance,S/D,Colisión,Ninguna,Horizontal,S/D,Sin restricción,POINT (-60.660666600000006 -32.972956899999986),"['Bulevar Nicasio Oroño', 'Deán Gregorio Funes']",2,Bulevar Nicasio Oroño; Deán Gregorio Funes,-32.972956899999986,-60.660666600000006,55.0,538.0,Municipio Rosario,Municipio,Rosario,820210,Servicio de Catastro e Información Territorial,IGN
2014,8614,2014-10-04,Sabado,0.0,21:15:00,,0.0,2,"Moto/Ciclomotor,Peatón",Santiago 3800,2,1,1,0,0,0,0,,Calle,,ROSARIO,Rosario,Asfalto,No existe,II,S/D,Urbana,Ninguna,No existe,Recta,Bueno,Buena,Nocturna,Buen Tiempo,S/D,S/D,Atropello,Ninguna,Faltante,Ninguna,Sin restricción,"-32.9780222, -60.6648445",['Santiago 3800'],1,Santiago 3800,-32.9780222,-60.6648445,55.0,538.0,Municipio Rosario,Municipio,Rosario,820210,Servicio de Catastro e Información Territorial,IGN
2014,8615,2014-09-25,Jueves,0.0,07:45:00,,0.0,2,"Moto/Ciclomotor,Automóvil",Av. Corrientes Y Bv. Segui,2,1,0,0,1,0,0,,Avenida,,ROSARIO,Rosario,Asfalto,No existe,II,S/D,Urbana,Ninguna,No existe,Intersección,Bueno,Buena,Amanecer,Buen Tiempo,De alcance,S/D,Colisión,Ninguna,Faltante,S/D,Sin restricción,POINT (-60.65060229999999 -32.97832124999999),"['Corrientes', 'Bulevar Juan Francisco Seguí']",2,Corrientes; Bulevar Juan Francisco Seguí,-32.97832124999999,-60.65060229999999,55.0,538.0,Municipio Rosario,Municipio,Rosario,820210,Servicio de Catastro e Información Territorial,IGN
2014,8616,2014-10-08,Miercoles,0.0,11:50:00,,0.0,2,"Automóvil,Automóvil",Av. Corrientes Y Gaboto,2,2,0,0,0,0,0,,Calle,,ROSARIO,Rosario,Asfalto,No existe,II,S/D,Urbana,Ninguna,No existe,Intersección,Bueno,Buena,Diurna,Buen Tiempo,De alcance,S/D,Colisión,Ninguna,Faltante,Ninguna,Sin restricción,POINT (-60.6491421 -32.9725927),"['Corrientes', 'Gaboto']",2,Corrientes; Gaboto,-32.9725927,-60.6491421,55.0,538.0,Municipio Rosario,Municipio,Rosario,820210,Servicio de Catastro e Información Territorial,IGN
2014,8617,2014-09-26,Viernes,0.0,17:10:00,,0.0,2,"Automóvil,Bicicleta",San Martin Y Av. Uriburu,2,1,0,0,1,0,0,,Avenida,,ROSARIO,Rosario,Asfalto,No existe,II,S/D,Urbana,Semáforo,Funciona,Intersección,Bueno,Buena,Diurna,Buen Tiempo,S/D,S/D,Atropello,Ninguna,Horizontal,S/D,Sin restricción,POINT (-60.646703949999996 -32.99069289999999),"['San Martin', 'Uriburu']",2,José de San Martín; Avenida José Uriburu,-32.99069289999999,-60.64670395,55.0,538.0,Municipio Rosario,Municipio,Rosario,820210,Servicio de Catastro e Información Territorial,IGN
2014,8619,2014-09-26,Viernes,0.0,19:00:00,,0.0,2,"Automóvil,Automóvil",Dorrego Y Bv. Segui,4,4,0,0,0,0,0,,Avenida,,ROSARIO,Rosario,Asfalto,No existe,II,S/D,Urbana,Ninguna,No existe,Intersección,Bueno,Buena,Atardecer,Buen Tiempo,De alcance,S/D,Colisión,Ninguna,Faltante,S/D,Sin restricción,POINT (-60.657444850000005 -32.97709334999999),"['Dorrego', 'Bulevar Juan Francisco Seguí']",2,Manuel Dorrego; Bulevar Juan Francisco Seguí,-32.97709334999999,-60.657444850000005,55.0,538.0,Municipio Rosario,Municipio,Rosario,820210,Servicio de Catastro e Información Territorial,IGN