anio_acci,nro_acci,fecha,desc_dia,fecha_aprox,hora_aprox,desc_ruta,km,cant_participantes,desc_participante,calle_avenida_km,total,heridos_leves,heridos_graves,heridos_gravisimos,ilesos,fallecidos,sin_datos,posicion_XY,desc_tipo_via,desc_ruta_ori,desc_loc,desc_dpto,desc_tipo_calzada,desc_tipo_banquina,desc_unidad_regional,desc_lugar_calzada,desc_zona,desc_prioridad,desc_estado_semaforo,desc_lugar_via,desc_estado_via,desc_estado_visibilidad,desc_luminosidad,desc_estado_clima,desc_tipo_colision,desc_tipo_atropello,desc_tipo_hecho,desc_pres_calzada,desc_senializacion,desc_separacion_via,desc_restriccion,forma_geocod,calle_lista,numero_calles,calles_osm,lat,lon,index_right,gid,fna,gna,nam,in1,fdc,sag
2014,8620,2014-09-28,Domingo,0.0,15:30:00,,0.0,2,"Automóvil,Moto/Ciclomotor",Dr.Rivas Y Alvear,3,2,0,0,1,0,0,,Calle,,ROSARIO,Rosario,Asfalto,No existe,II,S/D,Urbana,Ninguna,No existe,Intersección,Bueno,Buena,Diurna,Buen Tiempo,De alcance,S/D,Colisión,Ninguna,Faltante,S/D,Sin restricción,POINT (-60.6640148 -32.98072549999999),"['Doctor Francisco Riva', 'Alvear']",2,Doctor Francisco Riva; Alvear,-32.98072549999999,-60.6640148,55.0,538.0,Municipio Rosario,Municipio,Rosario,820210,Servicio de Catastro e Información Territorial,IGN
2014,8622,2014-10-08,Miercoles,0.0,11:30:00,,0.0,2,"Bicicleta,Pickup/Utilitario",San Martin Y Hilarion de la Quintana,2,1,0,0,1,0,0,,Avenida,,ROSARIO,Rosario,Asfalto,No existe,II,S/D,Urbana,S/D,No existe,Recta,Bueno,Buena,Diurna,Buen Tiempo,S/D,S/D,Atropello,Ninguna,Faltante,Ninguna,Sin restricción,POINT (-60.64892185 -33.00095949999999),"['San Martin', 'Hilarión de la Quintana']",2,José de San Martín; Hilarión de la Quintana,-33.00095949999999,-60.64892185,55.0,538.0,Municipio Rosario,Municipio,Rosario,820210,Servicio de Catastro e Información Territorial,IGN
2014,8623,2014-09-13,Sabado,0.0,08:20:00,,0.0,2,"Moto/Ciclomotor,Automóvil",Bv. Segui Y Av. Francia,2,1,0,0,1,0,0,,Avenida,,ROSARIO,Rosario,Asfalto,No existe,II,Dentro,Urbana,Marca Vial,Funciona,Intersección,Bueno,S/D,"Nocturna,Con luz artificial",Buen Tiempo,De alcance,S/D,Colisión,Ninguna,Vertical,Cordón divisorio,Sin restricción,POINT (-60.673763175 -32.97418725),"['Bulevar Juan Francisco Seguí', 'Avenida Francia']",2,Bulevar Juan Francisco Seguí; Avenida Francia,-32.97418725,-60.673763175,55.0,538.0,Municipio Rosario,Municipio,Rosario,820210,Servicio de Catastro e Información Territorial,IGN
2014,8624,2014-10-12,Domingo,0.0,07:30:00,,0.0,2,"Ambulancia,Moto/Ciclomotor",Av. Provincias Unidas Y Av. Pellegrini,3,1,1,0,1,0,0,,Avenida,,ROSARIO,Rosario,Asfalto,No existe,II,Dentro,Urbana,Ninguna,No existe,Intersección,Bueno,Buena,Diurna,Buen Tiempo,Lateral,S/D,Colisión,Ninguna,Horizontal,Ninguna,Sin restricción,POINT (-60.71226145000001 -32.948578),"['Avenida Provincias Unidas', 'Pellegrini']",2,Avenida Provincias Unidas; Avenida Carlos Pellegrini,-32.948578,-60.71226145000001,55.0,538.0,Municipio Rosario,Municipio,Rosario,820210,Servicio de Catastro e Información Territorial,IGN
2014,8625,2014-10-23,Jueves,0.0,16:00:00,,0.0,2,"Automóvil,Peatón",Amenabar Y Cullen,2,1,0,0,1,0,0,,S/D,,ROSARIO,Rosario,Asfalto,No existe,II,S/D,Urbana,Ninguna,No existe,Intersección,Con baches,Buena,Diurna,Buen Tiempo,S/D,S/D,Atropello,S/D,S/D,S/D,Sin restricción,POINT (-60.7081395 -32.9638727),"['Amenabar', 'Cullen']",2,José de Amenábar; Cullen,-32.9638727,-60.7081395,55.0,538.0,Municipio Rosario,Municipio,Rosario,820210,Servicio de Catastro e Información Territorial,IGN
2014,8626,2014-10-09,Jueves,0.0,12:00:00,,0.0,2,"Automóvil,Moto/Ciclomotor",Bv. Segui Y Italia,3,2,0,0,1,0,0,,Calle,,ROSARIO,Rosario,Asfalto,No existe,II,S/D,Urbana,Ninguna,No existe,Intersección,Bueno,Buena,Diurna,Buen Tiempo,De alcance,S/D,Colisión,Ninguna,Faltante,Ninguna,Sin restricción,POINT (-60.6560807 -32.977334),"['Bulevar Juan Francisco Seguí', 'Italia']",2,Bulevar Juan Francisco Seguí; Italia,-32.977334,-60.6560807,55.0,538.0,Municipio Rosario,Municipio,Rosario,820210,Servicio de Catastro e Información Territorial,IGN
2014,8628,2014-10-07,Martes,0.0,14:30:00,,0.0,2,"Automóvil,Automóvil",Mendoza Y Fraga,2,1,0,0,1,0,0,,Calle,,ROSARIO,Rosario,Asfalto,No existe,II,Dentro,Urbana,Ninguna,No existe,Intersección,Bueno,Buena,Diurna,Buen Tiempo,Lateral,S/D,Colisión,Ninguna,Horizontal,Ninguna,Sin restricción,POINT (-60.7102314 -32.9401675),"['Mendoza', 'Fraga']",2,Mendoza; Rosendo María Fraga,-32.9401675,-60.7102314,55.0,538.0,Municipio Rosario,Municipio,Rosario,820210,Servicio de Catastro e Información Territorial,IGN
2014,8629,2014-10-09,Jueves,0.0,13:30:00,,0.0,2,"Otros,Otros",ACCESO SUR Y AV. ROSARIO,4,3,0,0,1,0,0,,S/D,,ROSARIO,Rosario,Asfalto,No existe,II,S/D,S/D,Ninguna,No existe,Intersección,S/D,S/D,Diurna,Otro,Lateral,S/D,Colisión,S/D,S/D,Cordón divisorio,Sin restricción,POINT (-60.617663975 -32.998938125),"['Belgrano', 'Rosario']",2,Avenida Manuel Belgrano; Puente Nuestra Señora del Rosario,-32.998938125,-60.617663975,55.0,538.0,Municipio Rosario,Municipio,Rosario,820210,Servicio de Catastro e Información Territorial,IGN
2014,8630,2014-09-12,Viernes,0.0,16:00:00,,0.0,2,"Moto/Ciclomotor,Automóvil",Matienzo Y Sanguinetti,2,1,0,0,1,0,0,,Calle,,ROSARIO,Rosario,Asfalto,No existe,II,Dentro,Urbana,Marca Vial,No existe,Intersección,Bueno,Buena,Atardecer,Buen Tiempo,Lateral,S/D,Colisión,Ninguna,Vertical,Línea divisoria pintada,Sin restricción,POINT (-60.6934929 -32.971815),"['Matienzo', 'Sanguinetti']",2,Benjamín Matienzo; Sanguinetti,-32.971815,-60.6934929,55.0,538.0,Municipio Rosario,Municipio,Rosario,820210,Servicio de Catastro e Información Territorial,IGN
2014,8631,2014-10-03,Viernes,0.0,12:30:00,,0.0,2,"Moto/Ciclomotor,Automóvil",Pasco Y Mejico,2,1,0,0,1,0,0,,Calle,,ROSARIO,Rosario,Asfalto,No existe,II,Dentro,Urbana,Ninguna,S/D,Intersección,Bueno,Buena,Diurna,Buen Tiempo,Lateral,S/D,Colisión,Ninguna,Horizontal,Ninguna,Sin restricción,POINT (-60.71793720000001 -32.9511076),"['Pasco', 'Mejico']",2,Pasco; Méjico,-32.9511076,-60.71793720000001,55.0,538.0,Municipio Rosario,Municipio,Rosario,820210,Servicio de Catastro e Información Territorial,IGN
2014,8632,2014-10-20,Lunes,0.0,,,0.0,2,"Automóvil,Automóvil",Av. Uriburu Y Laprida,4,4,0,0,0,0,0,,S/D,,ROSARIO,Rosario,Asfalto,No existe,II,S/D,S/D,Señal Pare,No existe,Intersección,S/D,S/D,Diurna,Buen Tiempo,Lateral,S/D,Colisión,S/D,Vertical,Cordón divisorio,Sin restricción,POINT (-60.645184500000006 -32.990651),"['Uriburu', 'Laprida']",2,Avenida José Uriburu; Francisco Narciso Laprida,-32.990651,-60.645184500000006,55.0,538.0,Municipio Rosario,Municipio,Rosario,820210,Servicio de Catastro e Información Territorial,IGN
2014,8633,2014-10-10,Viernes,0.0,19:00:00,,0.0,2,"Automóvil,Moto/Ciclomotor",Dorrego Y Bv. Segui,3,2,0,0,1,0,0,,Calle,,ROSARIO,Rosario,Asfalto,No existe,II,S/D,Urbana,Ninguna,No existe,Intersección,Bueno,Buena,"Nocturna,Con luz artificial",Buen Tiempo,De alcance,S/D,Colisión,Ninguna,Faltante,Ninguna,Sin restricción,POINT (-60.657444850000005 -32.97709334999999),"['Dorrego', 'Bulevar Juan Francisco Seguí']",2,Manuel Dorrego; Bulevar Juan Francisco Seguí,-32.97709334999999,-60.657444850000005,55.0,538.0,Municipio Rosario,Municipio,Rosario,820210,Servicio de Catastro e Información Territorial,IGN
2014,8634,2014-10-17,Viernes,0.0,19:45:00,,0.0,2,"Taxi/Remis,Automóvil",Cordoba 6500,2,1,0,0,1,0,0,,Calle,,ROSARIO,Rosario,Asfalto,No existe,II,Dentro,Urbana,Ninguna,No existe,Intersección,Bueno,Buena,Diurna,Buen Tiempo,Lateral,S/D,Colisión,Ninguna,Horizontal,Ninguna,Sin restricción,"-32.94301, -60.6573726",['Cordoba 6500'],1,Cordoba 6500,-32.94301,-60.6573726,55.0,538.0,Municipio Rosario,Municipio,Rosario,820210,Servicio de Catastro e Información Territorial,IGN
2014,8635,2014-10-27,Lunes,0.0,09:30:00,,0.0,2,"Pickup/Utilitario,Moto/Ciclomotor",Bv. 27 De Febrero Y Av. Provincias Unidas,2,1,0,0,1,0,0,,S/D,,ROSARIO,Rosario,Hormigón,Pavimento,II,S/D,Urbana,Semáforo,Funciona,Intersección,Bueno,Buena,Diurna,Buen Tiempo,Lateral,S/D,Colisión,S/D,S/D,S/D,Sin restricción,POINT (-60.711817525 -32.959359825),"['27 de Febrero', 'Avenida Provincias Unidas']",2,Bulevar 27 de Febrero; Avenida Provincias Unidas,-32.959359825,-60.711817525,55.0,538.0,Municipio Rosario,Municipio,Rosario,820210,Servicio de Catastro e Información Territorial,IGN
2014,8636,2014-10-20,Lunes,0.0,21:00:00,,0.0,2,"Automóvil,Moto/Ciclomotor",Monte Flores Y Nicaragua,2,2,0,0,0,0,0,,S/D,,ROSARIO,Rosario,"Asfalto,Hormigón",No existe,II,S/D,Urbana,Ninguna,No existe,Intersección,Con baches,Buena,Nocturna,Lluvia,Lateral,S/D,Colisión,S/D,S/D,S/D,Sin restricción,POINT (-60.7199704 -32.957913899999994),"['Monte Flores', 'Nicaragua']",2,Monte Flores; Nicaragua,-32.957913899999994,-60.7199704,55.0,538.0,Municipio Rosario,Municipio,Rosario,820210,Servicio de Catastro e Información Territorial,IGN
2014,8637,2014-10-17,Viernes,0.0,19:30:00,,0.0,2,"Bicicleta,Taxi/Remis",Montevideo Y F.More,2,1,0,0,1,0,0,,Calle,,ROSARIO,Rosario,Asfalto,No existe,II,Dentro,Urbana,Ninguna,No existe,Intersección,Bueno,Buena,Diurna,Buen Tiempo,S/D,S/D,Atropello,Ninguna,Horizontal,Ninguna,Sin restricción,POINT (-60.69347770000001 -32.94695349999999),"['Montevideo', 'Felipe Moré']",2,Montevideo; Felipe Moré,-32.94695349999999,-60.69347770000001,55.0,538.0,Municipio Rosario,Municipio,Rosario,820210,Servicio de Catastro e Información Territorial,IGN
2014,8638,2014-10-04,Sabado,0.0,08:55:00,,0.0,2,"Automóvil,Moto/Ciclomotor",Av. Provincias Unidas Y Perez Bulnes,2,1,0,0,1,0,0,,Calle,,ROSARIO,Rosario,Asfalto,No existe,II,Dentro,Urbana,Ninguna,No existe,Intersección,Bueno,Buena,Diurna,Lluvia,Lateral,S/D,Colisión,Ninguna,Horizontal,Ninguna,Sin restricción,POINT (-60.712500750000004 -32.9424588),"['Avenida Provincias Unidas', 'Pérez Bulnes']",2,Avenida Provincias Unidas; Pérez Bulnes,-32.9424588,-60.71250075,55.0,538.0,Municipio Rosario,Municipio,Rosario,820210,Servicio de Catastro e Información Territorial,IGN
2014,8639,2014-10-22,Miercoles,0.0,01:45:00,,0.0,3,"Moto/Ciclomotor,Taxi/Remis,Automóvil",Ayacucho Y Av. Arijon,4,3,0,0,1,0,0,,Avenida,,ROSARIO,Rosario,Asfalto,No existe,II,S/D,Urbana,Semáforo,Intermitente,Intersección,Bueno,Buena,Nocturna,S/D,Lateral,S/D,Colisión,Ninguna,S/D,Línea divisoria pintada,Sin restricción,POINT (-60.6360487 -33.00266679999999),"['Ayacucho', 'Avenida Manuel Arijón']",2,Ayacucho; Avenida Manuel Arijón,-33.00266679999999,-60.6360487,55.0,538.0,Municipio Rosario,Municipio,Rosario,820210,Servicio de Catastro e Información Territorial,IGN
2014,8640,2014-10-16,Jueves,0.0,07:00:00,,0.0,2,"Automóvil,Automóvil",Av. Pte.Peron Y Av. Circunvalacion,2,2,0,0,0,0,0,,S/D,,ROSARIO,Rosario,"Asfalto,Hormigón",S/D,II,S/D,Urbana,Semáforo,Funciona,Intersección,"Con baches,Resbaladiza",S/D,Diurna,Buen Tiempo,Lateral,S/D,Colisión,S/D,S/D,S/D,Sin restricción,POINT (-60.71697254694366 -32.970708102842494),"['Avenida Presidente Perón', 'Circunvalacion']",2,Avenida Presidente Perón; Avenida de Circunvalación 25 de Mayo,-32.970708102842494,-60.71697254694366,55.0,538.0,Municipio Rosario,Municipio,Rosario,820210,Servicio de Catastro e Información Territorial,IGN
2014,8641,2014-09-13,Sabado,0.0,08:30:00,,0.0,2,"Moto/Ciclomotor,Automóvil",Laprida Y Ayolas,3,1,0,0,2,0,0,,Calle,,ROSARIO,Rosario,Asfalto,No existe,II,Dentro,Urbana,Marca Vial,No existe,Intersección,Bueno,Buena,Atardecer,Buen Tiempo,Lateral,S/D,Colisión,Ninguna,Vertical,Línea divisoria pintada,Sin restricción,POINT (-60.64185640000001 -32.97749820000001),"['Laprida', 'Ayolas']",2,Francisco Narciso Laprida; Ayolas,-32.97749820000001,-60.64185640000001,55.0,538.0,Municipio Rosario,Municipio,Rosario,820210,Servicio de Catastro e Información Territorial,IGN
2014,8642,2014-09-13,Sabado,0.0,08:45:00,,0.0,2,"Moto/Ciclomotor,Automóvil",Bv. Segui Y Pte.Roca,2,1,0,0,1,0,0,,Calle,,ROSARIO,Rosario,Asfalto,No existe,II,Dentro,Urbana,Marca Vial,No existe,Intersección,Bueno,Buena,Diurna,Buen Tiempo,Lateral,S/D,Colisión,Ninguna,Vertical,"Cordón divisorio,Línea divisoria pintada",Sin restricción,POINT (-60.653334750000006 -32.97782885),"['Bulevar Juan Francisco Seguí', 'Roca']",2,Bulevar Juan Francisco Seguí; Presidente Roca,-32.97782885,-60.653334750000006,55.0,538.0,Municipio Rosario,Municipio,Rosario,820210,Servicio de Catastro e Información Territorial,IGN
2014,8643,2014-09-19,Viernes,0.0,23:40:00,,0.0,2,"Moto/Ciclomotor,Automóvil",Bv. Segui Y L.N.Alem,2,1,0,0,1,0,0,,Avenida,,ROSARIO,Rosario,Asfalto,No existe,II,Dentro,Urbana,Marca Vial,No existe,Intersección,Bueno,Buena,"Nocturna,Con luz artificial",Buen Tiempo,Lateral,S/D,Colisión,Ninguna,Vertical,Línea divisoria pintada,Sin restricción,POINT (-60.63650380000001 -32.980857400000005),"['Bulevar Juan Francisco Seguí', 'Alem']",2,Bulevar Juan Francisco Seguí; Leandro N. Alem,-32.980857400000005,-60.63650380000001,55.0,538.0,Municipio Rosario,Municipio,Rosario,820210,Servicio de Catastro e Información Territorial,IGN
2014,8644,2014-10-15,Miercoles,0.0,13:30:00,,0.0,2,"Automóvil,Moto/Ciclomotor",Bv. Segui Y Alvear,2,1,0,0,1,0,0,,Avenida,,ROSARIO,Rosario,Asfalto,No existe,II,S/D,Urbana,Ninguna,No existe,Intersección,Bueno,Buena,Diurna,Buen Tiempo,De alcance,S/D,Colisión,Ninguna,Faltante,Ninguna,Sin restricción,POINT (-60.662849800000004 -32.97612874999999),"['Bulevar Juan Francisco Seguí', 'Alvear']",2,Bulevar Juan Francisco Seguí; Alvear,-32.97612874999999,-60.6628498,55.0,538.0,Municipio Rosario,Municipio,Rosario,820210,Servicio de Catastro e Información Territorial,IGN
2014,8645,2014-10-15,Miercoles,0.0,13:00:00,,0.0,2,"Automóvil,Moto/Ciclomotor",Bv. Segui Y Pte.Roca,3,2,0,0,1,0,0,,Avenida,,ROSARIO,Rosario,Asfalto,No existe,II,S/D,Urbana,Ninguna,No existe,Intersección,Bueno,Buena,Diurna,Buen Tiempo,De alcance,S/D,Colisión,Ninguna,Faltante,Ninguna,Sin restricción,POINT (-60.653334750000006 -32.97782885),"['Bulevar Juan Francisco Seguí', 'Roca']",2,Bulevar Juan Francisco Seguí; Presidente Roca,-32.97782885,-60.653334750000006,55.0,538.0,Municipio Rosario,Municipio,Rosario,820210,Servicio de Catastro e Información Territorial,IGN
2014,8646,2014-09-20,Sabado,0.0,08:00:00,,0.0,2,"Moto/Ciclomotor,Automóvil",L.N.Alem Y Rueda,2,1,0,0,1,0,0,,Calle,,ROSARIO,Rosario,Asfalto,No existe,II,Dentro,Urbana,Marca Vial,No existe,Intersección,Bueno,Buena,Diurna,Buen Tiempo,Lateral,S/D,Colisión,Ninguna,Vertical,Línea divisoria pintada,Sin restricción,POINT (-60.63449020000001 -32.9728384),"['Alem', 'Rueda']",2,Leandro N. Alem; Rueda,-32.9728384,-60.63449020000001,55.0,538.0,Municipio Rosario,Municipio,Rosario,820210,Servicio de Catastro e Información Territorial,IGN
2014,8647,2014-09-21,Domingo,0.0,12:20:00,,0.0,2,"Automóvil,Transporte de Pasajeros Urbano (> 8 asientos)",Bv. Segui Y J.M.de Rosas,2,1,0,0,1,0,0,,Calle,,ROSARIO,Rosario,Asfalto,No existe,II,Dentro,Urbana,Marca Vial,No existe,Intersección,Bueno,Buena,Diurna,Buen Tiempo,Lateral,S/D,Colisión,Ninguna,Vertical,Línea divisoria pintada,Sin restricción,POINT (-60.63947580000001 -32.98032074999999),"['Bulevar Juan Francisco Seguí', 'De Rosas']",2,Bulevar Juan Francisco Seguí; Juan Manuel de Rosas,-32.98032074999999,-60.63947580000001,55.0,538.0,Municipio Rosario,Municipio,Rosario,820210,Servicio de Catastro e Información Territorial,IGN
2014,8648,2014-10-04,Sabado,0.0,13:55:00,,0.0,2,"Moto/Ciclomotor,Automóvil",Montevideo Y F.More,2,1,0,0,1,0,0,,Calle,,ROSARIO,Rosario,Asfalto,No existe,II,Dentro,Urbana,Ninguna,No existe,Intersección,Bueno,Buena,Diurna,Lluvia,Lateral,S/D,Colisión,Ninguna,Horizontal,Ninguna,Sin restricción,POINT (-60.69347770000001 -32.94695349999999),"['Montevideo', 'Felipe Moré']",2,Montevideo; Felipe Moré,-32.94695349999999,-60.69347770000001,55.0,538.0,Municipio Rosario,Municipio,Rosario,820210,Servicio de Catastro e Información Territorial,IGN
2014,8649,2014-10-15,Miercoles,0.0,17:15:00,,0.0,2,"Automóvil,Moto/Ciclomotor",Sanchez de Bustamante Y Av. Corrientes,2,1,0,0,1,0,0,,Calle,,ROSARIO,Rosario,Asfalto,No existe,II,S/D,Urbana,Ninguna,No existe,Intersección,Bueno,Buena,Atardecer,Buen Tiempo,De alcance,S/D,Colisión,Ninguna,Faltante,Ninguna,Sin restricción,POINT (-60.65327370000001 -33.00215680000001),"['Sánchez de Bustamante', 'Corrientes']",2,Sánchez de Bustamante; Corrientes,-33.00215680000001,-60.65327370000001,55.0,538.0,Municipio Rosario,Municipio,Rosario,820210,Servicio de Catastro e Información Territorial,IGN
2014,8650,2014-10-12,Domingo,0.0,04:30:00,,0.0,2,"Automóvil,Otros",Mendoza Y Tte.Agneta,3,1,0,0,2,0,0,,Calle,,ROSARIO,Rosario,Asfalto,No existe,II,Dentro,Urbana,Ninguna,No existe,Intersección,Bueno,Buena,"Nocturna,Con luz artificial",Buen Tiempo,Lateral,S/D,Colisión,Ninguna,Horizontal,Ninguna,Sin restricción,POINT (-60.6998065 -32.94075749999999),"['Mendoza', 'Teniente Agneta']",2,Mendoza; Teniente Agneta,-32.94075749999999,-60.6998065,55.0,538.0,Municipio Rosario,Municipio,Rosario,820210,Servicio de Catastro e Información Territorial,IGN
2014,8651,2014-10-16,Jueves,0.0,11:00:00,,0.0,2,"Bicicleta,Moto/Ciclomotor",Dorrego Y Pte.Quintana,2,1,0,0,1,0,0,,Calle,,ROSARIO,Rosario,Asfalto,No existe,II,S/D,Urbana,Ninguna,No existe,Recta,Bueno,Buena,Diurna,Buen Tiempo,S/D,S/D,Atropello,Ninguna,Faltante,Ninguna,Sin restricción,POINT (-60.6583274 -32.98054290000001),"['Dorrego', 'Quintana']",2,"('Manuel Dorrego', 'Presidente Quintana')",-32.98054290000001,-60.6583274,55.0,538.0,Municipio Rosario,Municipio,Rosario,820210,Servicio de Catastro e Información Territorial,IGN
2014,8652,2014-10-05,Domingo,0.0,00:50:00,,0.0,2,"Transporte de Pasajeros Urbano (> 8 asientos),Moto/Ciclomotor",Cochabamba Y Camilo Aldao,2,1,0,0,1,0,0,,Calle,,ROSARIO,Rosario,Asfalto,No existe,II,Dentro,Urbana,Ninguna,No existe,Intersección,Bueno,Buena,Nocturna,Lluvia,Lateral,S/D,Colisión,Ninguna,S/D,Ninguna,Sin restricción,POINT (-60.69558060000001 -32.949353699999996),"['Cochabamba', 'Camilo Aldao']",2,Cochabamba; Camilo Aldao,-32.9493537,-60.69558060000001,55.0,538.0,Municipio Rosario,Municipio,Rosario,820210,Servicio de Catastro e Información Territorial,IGN
2014,8653,2014-10-16,Jueves,0.0,17:30:00,,0.0,2,"Moto/Ciclomotor,Automóvil",Garibaldi Y Pueyrredon,2,1,0,0,1,0,0,,Calle,,ROSARIO,Rosario,Asfalto,No existe,II,S/D,Urbana,S/D,No existe,Recta,Bueno,Buena,Atardecer,Buen Tiempo,Lateral,S/D,Colisión,Ninguna,Faltante,Ninguna,Sin restricción,POINT (-60.6673291 -32.9825342),"['José Garibaldi', 'Pueyrredón']",2,José Garibaldi; Pueyrredón,-32.9825342,-60.6673291,55.0,538.0,Municipio Rosario,Municipio,Rosario,820210,Servicio de Catastro e Información Territorial,IGN
2014,8654,2014-10-03,Viernes,0.0,19:20:00,,0.0,2,"Moto/Ciclomotor,Peatón",Av. Pellegrini 6300,2,0,1,0,1,0,0,,Calle,,ROSARIO,Rosario,Asfalto,No existe,II,Dentro,Urbana,Ninguna,No existe,Intersección,Bueno,Buena,Diurna,Buen Tiempo,S/D,S/D,Atropello,Ninguna,Horizontal,Ninguna,Sin restricción,"-32.9483613, -60.7074482",['Pellegrini 6300'],1,Pellegrini 6300,-32.9483613,-60.7074482,55.0,538.0,Municipio Rosario,Municipio,Rosario,820210,Servicio de Catastro e Información Territorial,IGN
2014,8656,2014-09-21,Domingo,0.0,19:20:00,,0.0,2,"Moto/Ciclomotor,Automóvil",Laprida Y Amenabar,3,2,0,0,1,0,0,,Calle,,ROSARIO,Rosario,Asfalto,No existe,II,Dentro,Urbana,Marca Vial,No existe,Intersección,Bueno,Buena,"Nocturna,Con luz artificial",Buen Tiempo,Lateral,S/D,Colisión,Ninguna,Vertical,Línea divisoria pintada,Sin restricción,POINT (-60.640707500000005 -32.97290979999999),"['Laprida', 'Amenabar']",2,Francisco Narciso Laprida; José de Amenábar,-32.97290979999999,-60.640707500000005,55.0,538.0,Municipio Rosario,Municipio,Rosario,820210,Servicio de Catastro e Información Territorial,IGN
2014,8657,2014-10-11,Sabado,0.0,12:15:00,,0.0,2,"Automóvil,Automóvil",España Y Pje. Rep.de Armenia,4,3,0,0,1,0,0,,Calle,,ROSARIO,Rosario,Asfalto,No existe,II,S/D,Urbana,Ninguna,No existe,Intersección,Bueno,Buena,Diurna,Buen Tiempo,De alcance,S/D,Colisión,Ninguna,Faltante,Ninguna,S/D,POINT (-60.657929300000006 -32.9948028),"['España', 'República de Armenia']",2,España; República de Armenia,-32.9948028,-60.657929300000006,55.0,538.0,Municipio Rosario,Municipio,Rosario,820210,Servicio de Catastro e Información Territorial,IGN
2014,8658,2014-10-10,Viernes,0.0,15:00:00,,0.0,2,"Automóvil,Automóvil",Rivarola Y Danieri,2,2,0,0,0,0,0,,S/D,,ROSARIO,Rosario,"Asfalto,Hormigón",Pavimento,III,S/D,Urbana,Marca Vial,No existe,Intersección,Resbaladiza,Buena,Diurna,Buen Tiempo,Lateral,S/D,Colisión,S/D,S/D,S/D,Sin restricción,POINT (-60.7235467 -32.96616965),"['Rivarola', 'Danieri']",2,Avenida Doctor Rivarola; Danieri,-32.96616965,-60.7235467,55.0,538.0,Municipio Rosario,Municipio,Rosario,820210,Servicio de Catastro e Información Territorial,IGN
2014,8659,2014-10-02,Jueves,0.0,17:30:00,,0.0,2,"Automóvil,Moto/Ciclomotor",Juan Canals Y San Martin,2,1,0,0,1,0,0,,Avenida,,ROSARIO,Rosario,Asfalto,No existe,II,S/D,Urbana,Ninguna,No existe,Intersección,Bueno,Buena,Atardecer,Buen Tiempo,De alcance,S/D,Colisión,Ninguna,Faltante,Ninguna,Sin restricción,POINT (-60.646518549999996 -32.98985395),"['Juan Canals', 'San Martin']",2,Juan Canals; José de San Martín,-32.98985395,-60.64651855,55.0,538.0,Municipio Rosario,Municipio,Rosario,820210,Servicio de Catastro e Información Territorial,IGN
2014,8660,2014-10-14,Martes,0.0,07:15:00,,0.0,2,"Moto/Ciclomotor,Automóvil",Balcarce Y Gaboto,3,2,0,0,1,0,0,,Calle,,ROSARIO,Rosario,Asfalto,No existe,II,Dentro,Urbana,Ninguna,No existe,Intersección,Bueno,Buena,Diurna,Buen Tiempo,De alcance,S/D,Colisión,Ninguna,Faltante,Ninguna,Sin restricción,POINT (-60.658695300000005 -32.970897900000004),"['Balcarce', 'Gaboto']",2,Balcarce; Gaboto,-32.970897900000004,-60.658695300000005,55.0,538.0,Municipio Rosario,Municipio,Rosario,820210,Servicio de Catastro e Información Territorial,IGN
2014,8661,2014-10-21,Martes,0.0,16:00:00,,0.0,2,"Moto/Ciclomotor,Automóvil",Bv. Segui Y Roullon,2,1,0,0,1,0,0,,Calle,,ROSARIO,Rosario,Asfalto,No existe,II,Dentro,Urbana,Marca Vial,Funciona,Intersección,Bueno,Buena,Diurna,Buen Tiempo,Lateral,S/D,Colisión,Ninguna,Vertical,Línea divisoria pintada,Sin restricción,POINT (-60.701049250000004 -32.970761249999995),"['Bulevar Juan Francisco Seguí', 'Alfredo Rouillón']",2,Bulevar Juan Francisco Seguí; Alfredo Rouillón,-32.970761249999995,-60.70104925,55.0,538.0,Municipio Rosario,Municipio,Rosario,820210,Servicio de Catastro e Información Territorial,IGN
2014,8662,2014-10-21,Martes,0.0,10:15:00,,0.0,2,"Pickup/Utilitario,Bicicleta",Dr.Rivas Y San Martin,3,1,0,0,2,0,0,,Avenida,,ROSARIO,Rosario,Asfalto,No existe,II,Dentro,Urbana,Ninguna,Funciona,Intersección,Bueno,Buena,Diurna,Buen Tiempo,S/D,S/D,Atropello,Ninguna,Horizontal,Ninguna,Sin restricción,POINT (-60.645282200000004 -32.984076599999995),"['Doctor Francisco Riva', 'San Martin']",2,Doctor Francisco Riva; José de San Martín,-32.984076599999995,-60.6452822,55.0,538.0,Municipio Rosario,Municipio,Rosario,820210,Servicio de Catastro e Información Territorial,IGN