anio_acci,nro_acci,fecha,desc_dia,fecha_aprox,hora_aprox,desc_ruta,km,cant_participantes,desc_participante,calle_avenida_km,total,heridos_leves,heridos_graves,heridos_gravisimos,ilesos,fallecidos,sin_datos,posicion_XY,desc_tipo_via,desc_ruta_ori,desc_loc,desc_dpto,desc_tipo_calzada,desc_tipo_banquina,desc_unidad_regional,desc_lugar_calzada,desc_zona,desc_prioridad,desc_estado_semaforo,desc_lugar_via,desc_estado_via,desc_estado_visibilidad,desc_luminosidad,desc_estado_clima,desc_tipo_colision,desc_tipo_atropello,desc_tipo_hecho,desc_pres_calzada,desc_senializacion,desc_separacion_via,desc_restriccion,forma_geocod,calle_lista,numero_calles,calles_osm,lat,lon,index_right,gid,fna,gna,nam,in1,fdc,sag
2014,8663,2014-10-21,Martes,0.0,08:30:00,,0.0,2,"Moto/Ciclomotor,Pickup/Utilitario",Garibaldi 4100,2,1,0,0,1,0,0,,Calle,,ROSARIO,Rosario,Asfalto,Pavimento,II,Dentro,Urbana,Marca Vial,No existe,Recta,Bueno,Buena,Diurna,Buen Tiempo,Lateral,S/D,Colisión,Ninguna,Vertical,Línea divisoria pintada,Sin restricción,"-32.980586, -60.6781943",['Garibaldi 4100'],1,Garibaldi 4100,-32.980586,-60.6781943,55.0,538.0,Municipio Rosario,Municipio,Rosario,820210,Servicio de Catastro e Información Territorial,IGN
2014,8664,2014-10-22,Miercoles,0.0,18:20:00,,0.0,2,"Moto/Ciclomotor,Automóvil",Bv. Oroño Y 24 De Setiembre,3,2,0,0,1,0,0,,Avenida,,ROSARIO,Rosario,Asfalto,No existe,II,Dentro,Urbana,Ninguna,No existe,Intersección,Bueno,Buena,Atardecer,Buen Tiempo,Lateral,S/D,Colisión,Agua,Faltante,Ninguna,Sin restricción,POINT (-60.6618182 -32.9775439),"['Bulevar Nicasio Oroño', '24 de Septiembre']",2,Bulevar Nicasio Oroño; 24 de Septiembre,-32.9775439,-60.6618182,55.0,538.0,Municipio Rosario,Municipio,Rosario,820210,Servicio de Catastro e Información Territorial,IGN
2014,8665,2014-10-07,Martes,0.0,20:00:00,,0.0,2,"Automóvil,Moto/Ciclomotor",Bv. 27 De Febrero Y Av. Provincias Unidas,2,2,0,0,0,0,0,,Avenida,,ROSARIO,Rosario,"Asfalto,Hormigón",Pavimento,II,S/D,Urbana,Semáforo,Funciona,Intersección,Con baches,Buena,Nocturna,Buen Tiempo,Lateral,S/D,Colisión,S/D,S/D,S/D,Sin restricción,POINT (-60.711817525 -32.959359825),"['27 de Febrero', 'Avenida Provincias Unidas']",2,Bulevar 27 de Febrero; Avenida Provincias Unidas,-32.959359825,-60.711817525,55.0,538.0,Municipio Rosario,Municipio,Rosario,820210,Servicio de Catastro e Información Territorial,IGN
2014,8666,2014-10-20,Lunes,0.0,16:50:00,,0.0,2,"Automóvil,Automóvil",Gaboto Y España,3,1,0,0,2,0,0,,Calle,,ROSARIO,Rosario,Asfalto,No existe,II,S/D,Urbana,Ninguna,No existe,Intersección,Bueno,Buena,Diurna,Buen Tiempo,De alcance,S/D,Colisión,Ninguna,Faltante,Ninguna,Sin restricción,POINT (-60.6532559 -32.9718629),"['Gaboto', 'España']",2,Gaboto; España,-32.9718629,-60.6532559,55.0,538.0,Municipio Rosario,Municipio,Rosario,820210,Servicio de Catastro e Información Territorial,IGN
2014,8667,2014-10-23,Jueves,0.0,18:20:00,,0.0,2,"Automóvil,Moto/Ciclomotor",Juan Canals Y Italia,3,2,0,0,1,0,0,,Calle,,ROSARIO,Rosario,Asfalto,No existe,I,S/D,Urbana,Ninguna,No existe,Intersección,Bueno,Buena,Atardecer,Buen Tiempo,De alcance,S/D,Colisión,Ninguna,Faltante,Ninguna,Sin restricción,POINT (-60.658672200000005 -32.98768429999999),"['Juan Canals', 'Italia']",2,Juan Canals; Italia,-32.98768429999999,-60.658672200000005,55.0,538.0,Municipio Rosario,Municipio,Rosario,820210,Servicio de Catastro e Información Territorial,IGN
2014,8668,2014-10-25,Sabado,0.0,11:00:00,,0.0,2,"Automóvil,Automóvil",Uruguay Y Italia,2,1,0,0,1,0,0,,Calle,,ROSARIO,Rosario,Asfalto,No existe,II,S/D,Urbana,Ninguna,No existe,Intersección,Bueno,Buena,Diurna,Buen Tiempo,De alcance,S/D,Colisión,Ninguna,Faltante,Ninguna,Sin restricción,POINT (-60.6555142 -32.975070099999996),"['Uruguay', 'Italia']",2,Uruguay; Italia,-32.9750701,-60.6555142,55.0,538.0,Municipio Rosario,Municipio,Rosario,820210,Servicio de Catastro e Información Territorial,IGN
2014,8676,2014-10-22,Miercoles,0.0,22:10:00,,0.0,2,"Moto/Ciclomotor,Taxi/Remis",Av. Pellegrini 100,3,2,0,0,1,0,0,,Calle,,ROSARIO,Rosario,Asfalto,S/D,II,Dentro,Urbana,S/D,S/D,Recta,Bueno,Buena,Nocturna,Buen Tiempo,Otro,S/D,Colisión,S/D,S/D,Cordón divisorio,S/D,"-32.959721, -60.6267244",['Pellegrini 100'],1,Pellegrini 100,-32.959721,-60.6267244,55.0,538.0,Municipio Rosario,Municipio,Rosario,820210,Servicio de Catastro e Información Territorial,IGN
2014,8677,2014-09-05,Viernes,0.0,,,0.0,2,"Moto/Ciclomotor,Camión",Bv. Segui Y Rodriguez,2,1,0,0,1,0,0,,Avenida,,ROSARIO,Rosario,Asfalto,No existe,II,S/D,S/D,Ninguna,No existe,Recta,Bueno,Buena,Atardecer,Buen Tiempo,De alcance,S/D,Colisión,Ninguna,Faltante,S/D,Sin restricción,POINT (-60.66696664999999 -32.975399),"['Bulevar Juan Francisco Seguí', 'Rodríguez']",2,Bulevar Juan Francisco Seguí; Rodríguez de Escobedo,-32.975399,-60.66696664999999,55.0,538.0,Municipio Rosario,Municipio,Rosario,820210,Servicio de Catastro e Información Territorial,IGN
2014,8678,2014-10-01,Miercoles,0.0,23:00:00,,0.0,2,"Automóvil,Moto/Ciclomotor",Cordoba Y Dorrego,3,2,0,0,1,0,0,,Calle,,ROSARIO,Rosario,Asfalto,S/D,II,Dentro,Urbana,Ninguna,No existe,Intersección,Bueno,Buena,"Nocturna,Con luz artificial",Buen Tiempo,Frontal,S/D,Colisión,S/D,Faltante,Cordón divisorio,Sin restricción,POINT (-60.64918180000001 -32.94445519999999),"['Córdoba', 'Dorrego']",2,Córdoba; Manuel Dorrego,-32.94445519999999,-60.64918180000001,55.0,538.0,Municipio Rosario,Municipio,Rosario,820210,Servicio de Catastro e Información Territorial,IGN
2014,8679,2014-10-11,Sabado,0.0,13:30:00,,0.0,2,"Automóvil,Moto/Ciclomotor",Dorrego Y Biedma,2,0,1,0,1,0,0,,Calle,,ROSARIO,Rosario,Asfalto,No existe,II,S/D,Urbana,Ninguna,No existe,Intersección,Bueno,Buena,Diurna,Buen Tiempo,De alcance,S/D,Colisión,Ninguna,Faltante,Ninguna,Sin restricción,POINT (-60.6580395 -32.979406299999994),"['Dorrego', 'Coronel Biedma']",2,Manuel Dorrego; Coronel Biedma,-32.979406299999994,-60.6580395,55.0,538.0,Municipio Rosario,Municipio,Rosario,820210,Servicio de Catastro e Información Territorial,IGN
2014,8680,2014-10-25,Sabado,0.0,15:50:00,,0.0,2,"Taxi/Remis,Automóvil",Ricchieri Y E.Zeballos,3,2,0,0,1,0,0,,Calle,,ROSARIO,Rosario,Asfalto,S/D,II,Dentro,Urbana,S/D,S/D,Intersección,S/D,S/D,Diurna,S/D,Lateral,S/D,Colisión,S/D,S/D,S/D,S/D,POINT (-60.664986799999994 -32.95057959999998),"['Ricchieri', 'Zeballos']",2,Ricchieri; Zeballos,-32.95057959999998,-60.6649868,55.0,538.0,Municipio Rosario,Municipio,Rosario,820210,Servicio de Catastro e Información Territorial,IGN
2014,8681,2014-09-05,Viernes,0.0,15:50:00,,0.0,2,"Automóvil,Automóvil",Dorrego Y Amenabar,2,1,0,0,1,0,0,,Calle,,ROSARIO,Rosario,Asfalto,No existe,II,S/D,Urbana,Ninguna,No existe,Intersección,Bueno,Buena,Diurna,Buen Tiempo,De alcance,S/D,Colisión,Ninguna,Faltante,S/D,Sin restricción,POINT (-60.6557125 -32.9702288),"['Dorrego', 'Amenabar']",2,Manuel Dorrego; José de Amenábar,-32.9702288,-60.6557125,55.0,538.0,Municipio Rosario,Municipio,Rosario,820210,Servicio de Catastro e Información Territorial,IGN
2014,8682,2014-10-10,Viernes,0.0,08:00:00,,0.0,2,"Moto/Ciclomotor,Pickup/Utilitario",San Martin 5500,3,2,0,0,1,0,0,,Avenida,,ROSARIO,Rosario,Asfalto,No existe,II,S/D,Urbana,Ninguna,No existe,Intersección,Bueno,Buena,Diurna,Buen Tiempo,De alcance,S/D,Colisión,Ninguna,Faltante,Ninguna,Sin restricción,"-32.9764777, -60.6372639",['San Martin 5500'],1,San Martin 5500,-32.9764777,-60.6372639,55.0,538.0,Municipio Rosario,Municipio,Rosario,820210,Servicio de Catastro e Información Territorial,IGN
2014,8683,2014-09-08,Lunes,0.0,11:42:00,,0.0,2,"Automóvil,Automóvil",Santiago Y Coulin,4,2,0,0,2,0,0,,Calle,,ROSARIO,Rosario,Asfalto,No existe,II,S/D,Urbana,Ninguna,No existe,Intersección,Bueno,Buena,Diurna,Buen Tiempo,De alcance,S/D,Colisión,Ninguna,Faltante,S/D,Sin restricción,POINT (-60.6674628 -32.98848799999998),"['Santiago', 'Coulin']",2,Santiago; Coulin,-32.98848799999998,-60.6674628,55.0,538.0,Municipio Rosario,Municipio,Rosario,820210,Servicio de Catastro e Información Territorial,IGN
2014,8684,2014-10-16,Jueves,0.0,11:00:00,,0.0,2,"Transporte de Pasajeros,Peatón",Maipu Y Cordoba,2,1,0,0,1,0,0,,Calle,,ROSARIO,Rosario,Asfalto,S/D,II,Dentro,Urbana,Ninguna,No existe,Recta,Bueno,Buena,Diurna,Buen Tiempo,S/D,S/D,Atropello,S/D,S/D,Cordón divisorio,S/D,POINT (-60.6352351 -32.947069500000005),"['Maipú', 'Córdoba']",2,Maipú; Córdoba,-32.947069500000005,-60.6352351,55.0,538.0,Municipio Rosario,Municipio,Rosario,820210,Servicio de Catastro e Información Territorial,IGN
2014,8685,2014-10-23,Jueves,0.0,09:00:00,,0.0,2,"Pickup/Utilitario,Moto/Ciclomotor",Valparaiso Y Pje. Fernando El Catolico,2,1,0,0,1,0,0,,Calle,,ROSARIO,Rosario,Asfalto,S/D,II,Dentro,Urbana,S/D,S/D,Intersección,Bueno,Buena,Diurna,Buen Tiempo,Lateral,S/D,Colisión,S/D,S/D,S/D,S/D,POINT (-60.6823705 -32.9407472),"['Valparaíso', 'Fernando El Católico']",2,Valparaíso; Fernando El Católico,-32.9407472,-60.6823705,55.0,538.0,Municipio Rosario,Municipio,Rosario,820210,Servicio de Catastro e Información Territorial,IGN
2014,8686,2014-10-06,Lunes,0.0,19:15:00,,0.0,2,"Automóvil,Automóvil",Gutenberg Y Rioja,5,1,0,0,4,0,0,,Calle,,ROSARIO,Rosario,Asfalto,S/D,II,Dentro,Urbana,S/D,S/D,S/D,Bueno,Buena,Atardecer,Buen Tiempo,S/D,S/D,Colisión,S/D,S/D,S/D,Sin restricción,POINT (-60.687566800000006 -32.93880099999999),"['Gutenberg', 'Rioja']",2,Gutenberg; Rioja,-32.93880099999999,-60.687566800000006,55.0,538.0,Municipio Rosario,Municipio,Rosario,820210,Servicio de Catastro e Información Territorial,IGN
2014,8687,2014-09-09,Martes,0.0,11:15:00,,0.0,2,"Automóvil,Bicicleta",Santiago Y Fragata Sarmiento,2,0,1,0,1,0,0,,Calle,,ROSARIO,Rosario,Asfalto,No existe,II,S/D,Urbana,Ninguna,No existe,Recta,Bueno,Buena,Diurna,Buen Tiempo,S/D,S/D,Atropello,Ninguna,Faltante,S/D,Sin restricción,POINT (-60.66774130000001 -32.9896398),"['Santiago', 'Fragata Sarmiento']",2,Santiago; Fragata Sarmiento,-32.9896398,-60.66774130000001,55.0,538.0,Municipio Rosario,Municipio,Rosario,820210,Servicio de Catastro e Información Territorial,IGN
2014,8688,2014-09-22,Lunes,0.0,19:20:00,,0.0,2,"Moto/Ciclomotor,Automóvil",Laprida Y Saavedra,3,2,0,0,1,0,0,,Calle,,ROSARIO,Rosario,Asfalto,No existe,II,Dentro,Urbana,Marca Vial,No existe,Intersección,Bueno,Buena,"Atardecer,Con luz artificial",Buen Tiempo,Lateral,S/D,Colisión,Ninguna,Vertical,Línea divisoria pintada,Sin restricción,POINT (-60.6421496 -32.978662299999996),"['Laprida', 'Saavedra']",2,Francisco Narciso Laprida; Saavedra,-32.9786623,-60.6421496,55.0,538.0,Municipio Rosario,Municipio,Rosario,820210,Servicio de Catastro e Información Territorial,IGN
2014,8689,2014-10-21,Martes,0.0,14:50:00,,0.0,2,"Moto/Ciclomotor,Pickup/Utilitario",Mendoza Y Bv. Avellaneda,2,1,0,0,1,0,0,,Avenida,,ROSARIO,Rosario,Asfalto,S/D,II,Dentro,Urbana,S/D,S/D,Recta,S/D,S/D,Diurna,S/D,Contra objeto fijo,S/D,Colisión,S/D,S/D,S/D,S/D,POINT (-60.680421100000004 -32.94423964999999),"['Mendoza', 'Avellaneda']",2,Mendoza; Bulevar Nicolás Avellaneda,-32.94423964999999,-60.6804211,55.0,538.0,Municipio Rosario,Municipio,Rosario,820210,Servicio de Catastro e Información Territorial,IGN
2014,8691,2014-10-12,Domingo,0.0,21:40:00,,0.0,2,"Automóvil,Automóvil",Bv. Segui Y Entre Rios,5,2,0,0,3,0,0,,Avenida,,ROSARIO,Rosario,Asfalto,No existe,II,S/D,Urbana,S/D,No existe,Intersección,Bueno,Buena,"Nocturna,Con luz artificial",Buen Tiempo,De alcance,S/D,Colisión,Ninguna,Faltante,Ninguna,Sin restricción,POINT (-60.6491681 -32.97857979999999),"['Bulevar Juan Francisco Seguí', 'Entre Ríos']",2,Bulevar Juan Francisco Seguí; Entre Ríos,-32.97857979999999,-60.6491681,55.0,538.0,Municipio Rosario,Municipio,Rosario,820210,Servicio de Catastro e Información Territorial,IGN
2014,8692,2014-10-08,Miercoles,0.0,17:30:00,,0.0,2,"Automóvil,Moto/Ciclomotor",L.N.Alem Y San Juan,2,1,0,0,1,0,0,,Calle,,ROSARIO,Rosario,Asfalto,S/D,II,Dentro,Urbana,S/D,S/D,Intersección,Bueno,Buena,Diurna,S/D,Lateral,S/D,Colisión,S/D,S/D,Cordón divisorio,S/D,POINT (-60.6292917 -32.9520629),"['Alem', 'San Juan']",2,Leandro N. Alem; San Juan,-32.9520629,-60.6292917,55.0,538.0,Municipio Rosario,Municipio,Rosario,820210,Servicio de Catastro e Información Territorial,IGN
2014,8693,2014-09-11,Jueves,0.0,18:00:00,,0.0,2,"Automóvil,Automóvil",Av. Corrientes Y Bv. Segui,2,1,0,0,1,0,0,,Avenida,,ROSARIO,Rosario,Asfalto,No existe,II,S/D,Urbana,Ninguna,No existe,Intersección,Bueno,Buena,Atardecer,Buen Tiempo,De alcance,S/D,Colisión,Ninguna,Faltante,S/D,Sin restricción,POINT (-60.65060229999999 -32.97832124999999),"['Corrientes', 'Bulevar Juan Francisco Seguí']",2,Corrientes; Bulevar Juan Francisco Seguí,-32.97832124999999,-60.65060229999999,55.0,538.0,Municipio Rosario,Municipio,Rosario,820210,Servicio de Catastro e Información Territorial,IGN
2014,8694,2014-10-22,Miercoles,0.0,18:30:00,,0.0,2,"Peatón,Automóvil",Jujuy Y Mariano Moreno,2,1,0,0,1,0,0,,Calle,,ROSARIO,Rosario,Asfalto,No existe,II,Dentro,Urbana,Ninguna,No existe,Intersección,Bueno,Buena,Atardecer,Buen Tiempo,S/D,S/D,Atropello,S/D,Faltante,Ninguna,Sin restricción,POINT (-60.6485289 -32.93605399999999),"['Jujuy', 'Mariano Moreno']",2,Jujuy; Mariano Moreno,-32.93605399999999,-60.6485289,55.0,538.0,Municipio Rosario,Municipio,Rosario,820210,Servicio de Catastro e Información Territorial,IGN
2014,8695,2014-10-01,Miercoles,0.0,21:00:00,,0.0,2,"Moto/Ciclomotor,Bicicleta",Av. Pellegrini 400,2,1,0,0,1,0,0,,Calle,,ROSARIO,Rosario,Asfalto,S/D,II,Dentro,Urbana,Semáforo,Funciona,Recta,Bueno,S/D,Diurna,S/D,S/D,S/D,Atropello,S/D,S/D,Cordón divisorio,S/D,"-32.958959, -60.6308602",['Pellegrini 400'],1,Pellegrini 400,-32.958959,-60.6308602,55.0,538.0,Municipio Rosario,Municipio,Rosario,820210,Servicio de Catastro e Información Territorial,IGN
2014,8696,2014-09-11,Jueves,0.0,17:00:00,,0.0,2,"Automóvil,Moto/Ciclomotor",Mitre Y Bv. Segui,2,1,0,0,1,0,0,,Avenida,,ROSARIO,Rosario,Asfalto,No existe,II,S/D,Urbana,Ninguna,No existe,Intersección,Bueno,Buena,Diurna,Buen Tiempo,De alcance,S/D,Colisión,Ninguna,Faltante,S/D,Sin restricción,POINT (-60.6477426 -32.97883275),"['Mitre', 'Bulevar Juan Francisco Seguí']",2,Bartolomé Mitre; Bulevar Juan Francisco Seguí,-32.97883275,-60.6477426,55.0,538.0,Municipio Rosario,Municipio,Rosario,820210,Servicio de Catastro e Información Territorial,IGN
2014,8698,2014-10-19,Domingo,0.0,21:40:00,,0.0,1,Moto/Ciclomotor,Cordoba 4000,2,1,0,0,1,0,0,,Calle,,ROSARIO,Rosario,Asfalto,S/D,II,Dentro,Urbana,S/D,S/D,Recta,S/D,S/D,Nocturna,S/D,S/D,S/D,Caída ocupante,S/D,S/D,S/D,S/D,"-32.939282, -60.6775695",['Cordoba 4000'],1,Cordoba 4000,-32.939282,-60.6775695,55.0,538.0,Municipio Rosario,Municipio,Rosario,820210,Servicio de Catastro e Información Territorial,IGN
2014,8700,2014-10-03,Viernes,0.0,08:00:00,,0.0,2,"Automóvil,Moto/Ciclomotor",3 De Febrero 2300,3,2,0,0,1,0,0,,Calle,,ROSARIO,Rosario,Asfalto,S/D,II,Dentro,Urbana,Ninguna,No existe,Recta,Bueno,Buena,Diurna,Buen Tiempo,S/D,S/D,Caída ocupante,S/D,Faltante,Cordón divisorio,Sin restricción,"-32.9498254, -60.6561098",['3 De Febrero 2300'],1,3 De Febrero 2300,-32.9498254,-60.6561098,55.0,538.0,Municipio Rosario,Municipio,Rosario,820210,Servicio de Catastro e Información Territorial,IGN
2014,8702,2014-09-15,Lunes,0.0,06:40:00,,0.0,2,"Moto/Ciclomotor,Taxi/Remis",Balcarce Y Garay,3,2,0,0,1,0,0,,Calle,,ROSARIO,Rosario,Asfalto,No existe,II,S/D,Urbana,Ninguna,No existe,Recta,Bueno,Buena,Diurna,Buen Tiempo,Lateral,S/D,Caída ocupante,Ninguna,Faltante,S/D,S/D,POINT (-60.658983600000006 -32.972044499999996),"['Balcarce', 'Garay']",2,Balcarce; Juan de Garay,-32.9720445,-60.658983600000006,55.0,538.0,Municipio Rosario,Municipio,Rosario,820210,Servicio de Catastro e Información Territorial,IGN
2014,8703,2014-09-24,Miercoles,0.0,17:10:00,,0.0,2,"Moto/Ciclomotor,Moto/Ciclomotor",Grandoli Y Biedma,3,3,0,0,0,0,0,,Calle,,ROSARIO,Rosario,Asfalto,No existe,II,Dentro,Urbana,Marca Vial,No existe,Intersección,Bueno,Buena,Atardecer,Buen Tiempo,Lateral,S/D,Colisión,Ninguna,Vertical,Línea divisoria pintada,Sin restricción,POINT (-60.62816415 -32.984736049999995),"['Avenida Abanderado Grandoli', 'Coronel Biedma']",2,Avenida Abanderado Grandoli; Coronel Biedma,-32.984736049999995,-60.62816415,55.0,538.0,Municipio Rosario,Municipio,Rosario,820210,Servicio de Catastro e Información Territorial,IGN
2014,8704,2014-10-17,Viernes,0.0,11:30:00,,0.0,2,"Automóvil,Automóvil",Catamarca Y Sarmiento,3,2,0,0,1,0,0,,Calle,,ROSARIO,Rosario,Asfalto,No existe,II,Dentro,Urbana,Ninguna,No existe,Intersección,Bueno,Buena,Diurna,Buen Tiempo,De alcance,S/D,Colisión,S/D,Faltante,Ninguna,Sin restricción,POINT (-60.6367735 -32.940687399999995),"['Catamarca', 'Sarmiento']",2,Catamarca; Sarmiento,-32.940687399999995,-60.6367735,55.0,538.0,Municipio Rosario,Municipio,Rosario,820210,Servicio de Catastro e Información Territorial,IGN
2014,8705,2014-09-16,Martes,0.0,15:10:00,,0.0,2,"Moto/Ciclomotor,Automóvil",Sarmiento Y Gaboto,3,2,0,0,1,0,0,,Calle,,ROSARIO,Rosario,Asfalto,No existe,II,S/D,Urbana,Ninguna,No existe,Intersección,Bueno,Buena,Diurna,Buen Tiempo,De alcance,S/D,Colisión,Ninguna,Faltante,S/D,Sin restricción,POINT (-60.64492839999999 -32.973346899999996),"['Sarmiento', 'Gaboto']",2,Sarmiento; Gaboto,-32.9733469,-60.64492839999999,55.0,538.0,Municipio Rosario,Municipio,Rosario,820210,Servicio de Catastro e Información Territorial,IGN
2014,8706,2014-09-16,Martes,0.0,19:00:00,,0.0,2,"Moto/Ciclomotor,Automóvil",Alvear Y 24 De Setiembre,3,2,0,0,1,0,0,,Calle,,ROSARIO,Rosario,Asfalto,No existe,II,S/D,Urbana,Ninguna,No existe,Recta,Bueno,Buena,Nocturna,Buen Tiempo,De alcance,S/D,Colisión,Ninguna,Faltante,S/D,Sin restricción,POINT (-60.66314870000001 -32.97730319999999),"['Alvear', '24 de Septiembre']",2,Alvear; 24 de Septiembre,-32.97730319999999,-60.66314870000001,55.0,538.0,Municipio Rosario,Municipio,Rosario,820210,Servicio de Catastro e Información Territorial,IGN
2014,8708,2014-10-03,Viernes,0.0,09:00:00,,0.0,2,"Moto/Ciclomotor,Automóvil",3 De Febrero Y Santiago,3,2,0,0,1,0,0,,Calle,,ROSARIO,Rosario,Asfalto,S/D,II,Dentro,Urbana,Ninguna,No existe,Intersección,Bueno,Buena,Diurna,Buen Tiempo,Lateral,S/D,Colisión,S/D,Faltante,Cordón divisorio,Sin restricción,POINT (-60.6576192 -32.9496077),"['3 de Febrero', 'Santiago']",2,3 de Febrero; Santiago,-32.9496077,-60.6576192,55.0,538.0,Municipio Rosario,Municipio,Rosario,820210,Servicio de Catastro e Información Territorial,IGN
2014,8710,2014-10-06,Lunes,0.0,15:45:00,,0.0,2,"Automóvil,Peatón",Entre Rios Y San Lorenzo,2,1,0,0,1,0,0,,Calle,,ROSARIO,Rosario,Asfalto,No existe,II,Dentro,Urbana,Ninguna,No existe,Intersección,Bueno,S/D,Diurna,Buen Tiempo,S/D,S/D,Atropello,S/D,S/D,Ninguna,Sin restricción,POINT (-60.6403682 -32.94364579999999),"['Entre Ríos', 'San Lorenzo']",2,Entre Ríos; San Lorenzo,-32.94364579999999,-60.6403682,55.0,538.0,Municipio Rosario,Municipio,Rosario,820210,Servicio de Catastro e Información Territorial,IGN
2014,8711,2014-09-25,Jueves,0.0,13:15:00,,0.0,2,"Moto/Ciclomotor,Pickup/Utilitario",Bv. Segui Y J.M.de Rosas,2,1,0,0,1,0,0,,Calle,,ROSARIO,Rosario,Asfalto,No existe,II,Dentro,Urbana,Marca Vial,No existe,Intersección,Bueno,Buena,Diurna,Buen Tiempo,Lateral,S/D,Colisión,Agua,Vertical,Línea divisoria pintada,Sin restricción,POINT (-60.63947580000001 -32.98032074999999),"['Bulevar Juan Francisco Seguí', 'De Rosas']",2,Bulevar Juan Francisco Seguí; Juan Manuel de Rosas,-32.98032074999999,-60.63947580000001,55.0,538.0,Municipio Rosario,Municipio,Rosario,820210,Servicio de Catastro e Información Territorial,IGN
2014,8712,2014-09-04,Jueves,0.0,11:30:00,,0.0,2,"Bicicleta,Otros",Bv. Oroño Y Av. Uriburu,2,1,0,0,0,0,1,,Avenida,,ROSARIO,Rosario,Asfalto,No existe,II,S/D,Urbana,Ninguna,Funciona,Recta,Bueno,Buena,Diurna,Buen Tiempo,S/D,S/D,Atropello,Agua,Horizontal,S/D,Sin restricción,POINT (-60.665160500000006 -32.99123049999999),"['Bulevar Nicasio Oroño', 'Uriburu']",2,Bulevar Nicasio Oroño; Avenida José Uriburu,-32.99123049999999,-60.665160500000006,55.0,538.0,Municipio Rosario,Municipio,Rosario,820210,Servicio de Catastro e Información Territorial,IGN
2014,8713,2014-10-16,Jueves,0.0,13:20:00,,0.0,2,"Automóvil,Automóvil",Av. Ovidio Lagos Y San Luis,3,1,0,0,2,0,0,,Avenida,,ROSARIO,Rosario,Asfalto,S/D,II,Dentro,Urbana,S/D,Funciona,Recta,S/D,S/D,Diurna,S/D,De alcance,S/D,Colisión,S/D,S/D,S/D,S/D,POINT (-60.6621155 -32.9448915),"['Avenida Ovidio Lagos', 'San Luis']",2,Avenida Ovidio Lagos; San Luis,-32.9448915,-60.6621155,55.0,538.0,Municipio Rosario,Municipio,Rosario,820210,Servicio de Catastro e Información Territorial,IGN
2014,8714,2014-09-29,Lunes,0.0,13:30:00,,0.0,2,"Automóvil,Automóvil",San Martin Y Saavedra,4,4,0,0,0,0,0,,Avenida,,ROSARIO,Rosario,Asfalto,No existe,II,S/D,Urbana,Semáforo,Funciona,Recta,Bueno,Buena,Diurna,Buen Tiempo,De alcance,S/D,Colisión,Ninguna,Horizontal,Ninguna,Sin restricción,POINT (-60.64439204999999 -32.978251650000004),"['San Martin', 'Saavedra']",2,José de San Martín; Saavedra,-32.978251650000004,-60.64439204999999,55.0,538.0,Municipio Rosario,Municipio,Rosario,820210,Servicio de Catastro e Información Territorial,IGN
2014,8715,2014-10-16,Jueves,0.0,12:45:00,,0.0,2,"Automóvil,Moto/Ciclomotor",San Martin Y San Lorenzo,2,1,0,0,1,0,0,,Calle,,ROSARIO,Rosario,Asfalto,No existe,II,Dentro,Urbana,Ninguna,No existe,Intersección,Bueno,Buena,Diurna,Buen Tiempo,Lateral,S/D,Colisión,S/D,Faltante,Ninguna,Sin restricción,POINT (-60.636237 -32.944804399999995),"['San Martin', 'San Lorenzo']",2,José de San Martín; San Lorenzo,-32.944804399999995,-60.636237,55.0,538.0,Municipio Rosario,Municipio,Rosario,820210,Servicio de Catastro e Información Territorial,IGN
2014,8716,2014-09-29,Lunes,0.0,23:00:00,,0.0,2,"Moto/Ciclomotor,Automóvil",Av. Corrientes Y Mr.Ross,3,1,1,0,1,0,0,,Calle,,ROSARIO,Rosario,Asfalto,No existe,II,S/D,Urbana,Ninguna,No existe,Intersección,Bueno,Buena,Nocturna,Buen Tiempo,De alcance,S/D,Colisión,Ninguna,Faltante,Ninguna,Sin restricción,POINT (-60.65288110000001 -32.9875142),"['Corrientes', 'Rodrigo M. Ross']",2,Corrientes; Rodrigo M. Ross,-32.9875142,-60.65288110000001,55.0,538.0,Municipio Rosario,Municipio,Rosario,820210,Servicio de Catastro e Información Territorial,IGN
2014,8717,2014-10-07,Martes,0.0,08:55:00,,0.0,2,"Transporte de Pasajeros Urbano (> 8 asientos),Peatón",San Lorenzo 1300,2,0,1,0,1,0,0,,Calle,,ROSARIO,Rosario,Asfalto,No existe,II,Dentro,Urbana,Ninguna,No existe,Recta,Bueno,Buena,Diurna,Buen Tiempo,Lateral,S/D,Atropello,S/D,Faltante,Ninguna,Sin restricción,"-32.9436143, -60.6402372",['San Lorenzo 1300'],1,San Lorenzo 1300,-32.9436143,-60.6402372,55.0,538.0,Municipio Rosario,Municipio,Rosario,820210,Servicio de Catastro e Información Territorial,IGN