anio_acci,nro_acci,fecha,desc_dia,fecha_aprox,hora_aprox,desc_ruta,km,cant_participantes,desc_participante,calle_avenida_km,total,heridos_leves,heridos_graves,heridos_gravisimos,ilesos,fallecidos,sin_datos,posicion_XY,desc_tipo_via,desc_ruta_ori,desc_loc,desc_dpto,desc_tipo_calzada,desc_tipo_banquina,desc_unidad_regional,desc_lugar_calzada,desc_zona,desc_prioridad,desc_estado_semaforo,desc_lugar_via,desc_estado_via,desc_estado_visibilidad,desc_luminosidad,desc_estado_clima,desc_tipo_colision,desc_tipo_atropello,desc_tipo_hecho,desc_pres_calzada,desc_senializacion,desc_separacion_via,desc_restriccion,forma_geocod,calle_lista,numero_calles,calles_osm,lat,lon,index_right,gid,fna,gna,nam,in1,fdc,sag
2014,8767,2014-10-25,Sabado,0.0,,,0.0,2,"Automóvil,Transporte de Pasajeros Urbano (> 8 asientos)",Bv. Rondeau Y Av. Puccio,2,1,0,0,1,0,0,,Avenida,,ROSARIO,Rosario,Asfalto,No existe,II,Dentro,Urbana,Semáforo,Funciona,Intersección,Bueno,Buena,S/D,Buen Tiempo,Lateral,S/D,Colisión,S/D,Vertical,Cordón divisorio,Sin restricción,POINT (-60.69223824000001 -32.894806720000005),"['Rondeau', 'Puccio']",2,Bulevar General José Rondeau; Avenida José Nicolás Puccio,-32.894806720000005,-60.69223824000001,55.0,538.0,Municipio Rosario,Municipio,Rosario,820210,Servicio de Catastro e Información Territorial,IGN
2014,8768,2014-10-12,Domingo,0.0,07:30:00,,0.0,2,"Moto/Ciclomotor,Automóvil",Mariano Moreno Y Av. Pellegrini,4,1,0,0,3,0,0,,Avenida,,ROSARIO,Rosario,Asfalto,S/D,II,Dentro,Urbana,Semáforo,Funciona,Intersección,Bueno,Buena,Diurna,Buen Tiempo,Lateral,S/D,Colisión,S/D,Vertical,Cordón divisorio,Sin restricción,POINT (-60.65335815 -32.955066949999996),"['Mariano Moreno', 'Pellegrini']",2,Mariano Moreno; Avenida Carlos Pellegrini,-32.95506695,-60.65335815,55.0,538.0,Municipio Rosario,Municipio,Rosario,820210,Servicio de Catastro e Información Territorial,IGN
2014,8769,2014-10-04,Sabado,0.0,19:45:00,,0.0,3,"Peatón,Peatón,Moto/Ciclomotor",J.J.Paso Y Tte.Agneta,3,2,0,0,1,0,0,,Calle,,ROSARIO,Rosario,Asfalto,Pavimento,II,Dentro,Urbana,S/D,Funciona,Intersección,Otro,Buena,Atardecer,S/D,S/D,S/D,Atropello,S/D,Horizontal,S/D,S/D,POINT (-60.7006212 -32.91986549999999),"['Paso', 'Teniente Agneta']",2,Avenida Juan José Paso; Teniente Agneta,-32.91986549999999,-60.7006212,55.0,538.0,Municipio Rosario,Municipio,Rosario,820210,Servicio de Catastro e Información Territorial,IGN
2014,8771,2014-10-17,Viernes,0.0,08:50:00,,0.0,2,"Automóvil,Moto/Ciclomotor",Bv. 27 De Febrero Y Colon,3,1,0,0,2,0,0,,Calle,,ROSARIO,Rosario,Asfalto,No existe,II,Dentro,Urbana,Ninguna,No existe,Intersección,Bueno,Buena,Diurna,Buen Tiempo,S/D,S/D,Colisión,Ninguna,S/D,Cordón divisorio,Sin restricción,POINT (-60.63087325 -32.96985020000001),"['27 de Febrero', 'Colon']",2,Bulevar 27 de Febrero; Cristóbal Colón,-32.96985020000001,-60.63087325,55.0,538.0,Municipio Rosario,Municipio,Rosario,820210,Servicio de Catastro e Información Territorial,IGN
2014,8772,2014-10-16,Jueves,0.0,10:00:00,,0.0,2,"Peatón,Automóvil",Av. Pellegrini Y Mitre,2,1,0,0,1,0,0,,Avenida,,ROSARIO,Rosario,Asfalto,S/D,II,Dentro,Urbana,Semáforo,Funciona,Intersección,Bueno,Buena,Diurna,Buen Tiempo,S/D,S/D,Atropello,S/D,Vertical,Cordón divisorio,Sin restricción,POINT (-60.642289899999994 -32.9570524),"['Pellegrini', 'Mitre']",2,Avenida Carlos Pellegrini; Bartolomé Mitre,-32.9570524,-60.6422899,55.0,538.0,Municipio Rosario,Municipio,Rosario,820210,Servicio de Catastro e Información Territorial,IGN
2014,8773,2014-10-09,Jueves,0.0,22:30:00,,0.0,2,"Moto/Ciclomotor,Moto/Ciclomotor",San Juan Y Vera Mujica,3,1,0,0,2,0,0,,Calle,,ROSARIO,Rosario,Asfalto,S/D,II,Dentro,Urbana,S/D,S/D,S/D,S/D,S/D,Nocturna,S/D,S/D,S/D,Colisión,S/D,S/D,S/D,S/D,POINT (-60.6678428 -32.94501609999999),"['San Juan', 'Vera Mujíca']",2,San Juan; Vera Mujíca,-32.94501609999999,-60.6678428,55.0,538.0,Municipio Rosario,Municipio,Rosario,820210,Servicio de Catastro e Información Territorial,IGN
2014,8776,2014-10-13,Lunes,0.0,13:45:00,,0.0,2,"Automóvil,Moto/Ciclomotor",1 de Mayo Y Ituzaingo,2,1,0,0,1,0,0,,Calle,,ROSARIO,Rosario,Asfalto,No existe,II,Dentro,Urbana,Ninguna,No existe,Intersección,Bueno,Buena,Diurna,Buen Tiempo,S/D,S/D,Colisión,Ninguna,S/D,Ninguna,Sin restricción,POINT (-60.63327600000001 -32.962239499999995),"['Primero de Mayo', 'Ituzaingó']",2,Primero de Mayo; Ituzaingó,-32.962239499999995,-60.63327600000001,55.0,538.0,Municipio Rosario,Municipio,Rosario,820210,Servicio de Catastro e Información Territorial,IGN
2014,8778,2014-10-08,Miercoles,0.0,18:30:00,,0.0,2,"Automóvil,Bicicleta",España 1000,2,1,0,0,1,0,0,,S/D,,ROSARIO,Rosario,Asfalto,S/D,II,S/D,Urbana,Ninguna,No existe,Recta,Bueno,Buena,Diurna,Buen Tiempo,S/D,S/D,Atropello,S/D,Faltante,Cordón divisorio,Sin restricción,"-32.947433, -60.647166",['España 1000'],1,España 1000,-32.947433,-60.647166,55.0,538.0,Municipio Rosario,Municipio,Rosario,820210,Servicio de Catastro e Información Territorial,IGN
2014,8779,2014-10-12,Domingo,0.0,19:30:00,,0.0,2,"Taxi/Remis,Moto/Ciclomotor",J.M.de Rosas Y Ocampo,3,2,0,0,1,0,0,,Calle,,ROSARIO,Rosario,Asfalto,No existe,II,Dentro,Urbana,Ninguna,No existe,Intersección,Bueno,Buena,Atardecer,Buen Tiempo,S/D,S/D,Colisión,Ninguna,S/D,Ninguna,Sin restricción,POINT (-60.6363023 -32.9676855),"['De Rosas', 'Ocampo']",2,Juan Manuel de Rosas; Ocampo,-32.9676855,-60.6363023,55.0,538.0,Municipio Rosario,Municipio,Rosario,820210,Servicio de Catastro e Información Territorial,IGN
2014,8780,2014-10-06,Lunes,0.0,06:50:00,,0.0,2,"Moto/Ciclomotor,Moto/Ciclomotor",Ricchieri Y Mendoza,4,4,0,0,0,0,0,,Calle,,ROSARIO,Rosario,Asfalto,S/D,II,Dentro,Urbana,S/D,S/D,S/D,S/D,S/D,Diurna,S/D,S/D,S/D,Colisión,S/D,S/D,S/D,S/D,POINT (-60.664123800000006 -32.9471363),"['Ricchieri', 'Mendoza']",2,Ricchieri; Mendoza,-32.9471363,-60.664123800000006,55.0,538.0,Municipio Rosario,Municipio,Rosario,820210,Servicio de Catastro e Información Territorial,IGN
2014,8781,2014-10-05,Domingo,0.0,19:10:00,,0.0,2,"Automóvil,Moto/Ciclomotor",3 De Febrero 1400,3,2,0,0,1,0,0,,Calle,,ROSARIO,Rosario,Asfalto,S/D,II,Dentro,Urbana,Ninguna,No existe,Recta,Bueno,Buena,Atardecer,Buen Tiempo,S/D,S/D,Colisión,S/D,Faltante,Cordón divisorio,Sin restricción,"-32.9519974, -60.6437891",['3 De Febrero 1400'],1,3 De Febrero 1400,-32.9519974,-60.6437891,55.0,538.0,Municipio Rosario,Municipio,Rosario,820210,Servicio de Catastro e Información Territorial,IGN
2014,8783,2014-10-12,Domingo,0.0,13:00:00,,0.0,2,"Automóvil,Automóvil",Buenos Aires Y Ocampo,2,1,0,0,1,0,0,,Calle,,ROSARIO,Rosario,Asfalto,No existe,II,Dentro,Urbana,Ninguna,No existe,Intersección,Bueno,Buena,Diurna,Buen Tiempo,Otro,S/D,Colisión,Ninguna,S/D,Ninguna,Sin restricción,POINT (-60.637728 -32.9674326),"['Buenos Aires', 'Ocampo']",2,Buenos Aires; Ocampo,-32.9674326,-60.637728,55.0,538.0,Municipio Rosario,Municipio,Rosario,820210,Servicio de Catastro e Información Territorial,IGN
2014,8784,2014-10-04,Sabado,0.0,,,0.0,2,"Taxi/Remis,Automóvil",San Nicolas Y Mendoza,3,1,0,0,0,0,2,,Calle,,ROSARIO,Rosario,Asfalto,S/D,II,Dentro,Urbana,S/D,S/D,S/D,S/D,S/D,S/D,S/D,S/D,S/D,S/D,S/D,S/D,S/D,S/D,POINT (-60.673616 -32.945460800000006),"['San Nicolás', 'Mendoza']",2,San Nicolás; Mendoza,-32.945460800000006,-60.673616,55.0,538.0,Municipio Rosario,Municipio,Rosario,820210,Servicio de Catastro e Información Territorial,IGN
2014,8786,2014-11-14,Viernes,0.0,20:00:00,,0.0,2,"Moto/Ciclomotor,Taxi/Remis",Urquiza Y Castellanos,2,1,0,0,1,0,0,,Calle,,ROSARIO,Rosario,Asfalto,No existe,II,Dentro,Urbana,Ninguna,No existe,Recta,S/D,Buena,Nocturna,Buen Tiempo,Lateral,S/D,Colisión,S/D,Faltante,Ninguna,Sin restricción,POINT (-60.6741775 -32.9363611),"['Urquiza', 'Aaron Castellanos']",2,Justo José de Urquiza; Aaron Castellanos,-32.9363611,-60.6741775,55.0,538.0,Municipio Rosario,Municipio,Rosario,820210,Servicio de Catastro e Información Territorial,IGN
2014,8787,2014-10-29,Miercoles,0.0,12:00:00,,0.0,2,"Automóvil,Peatón",Av. Pellegrini Y L.N.Alem,2,1,0,0,1,0,0,,Calle,,ROSARIO,Rosario,Asfalto,S/D,II,Dentro,Urbana,Semáforo,Funciona,Intersección,Bueno,Buena,Diurna,Buen Tiempo,Otro,S/D,Colisión,S/D,S/D,Cordón divisorio,S/D,POINT (-60.63099875 -32.95908519999999),"['Pellegrini', 'Alem']",2,Avenida Carlos Pellegrini; Leandro N. Alem,-32.95908519999999,-60.63099875,55.0,538.0,Municipio Rosario,Municipio,Rosario,820210,Servicio de Catastro e Información Territorial,IGN
2014,8790,2014-10-15,Miercoles,0.0,10:40:00,,0.0,2,"Moto/Ciclomotor,Bicicleta",Mendoza Y Ecuador,2,2,0,0,0,0,0,,Calle,,ROSARIO,Rosario,Asfalto,No existe,II,Dentro,Urbana,Ninguna,No existe,Intersección,Bueno,Buena,Diurna,Buen Tiempo,S/D,S/D,Atropello,Otro,Horizontal,Ninguna,Sin restricción,POINT (-60.71499095 -32.9402982),"['Mendoza', 'Ecuador']",2,Mendoza; Ecuador,-32.9402982,-60.71499095,55.0,538.0,Municipio Rosario,Municipio,Rosario,820210,Servicio de Catastro e Información Territorial,IGN
2014,8791,2014-10-09,Jueves,0.0,14:20:00,,0.0,2,"Automóvil,Moto/Ciclomotor",Buenos Aires Y Ituzaingo,5,1,0,0,4,0,0,,Calle,,ROSARIO,Rosario,Asfalto,No existe,II,Dentro,Urbana,Ninguna,No existe,Intersección,Bueno,Buena,Diurna,Buen Tiempo,S/D,S/D,Colisión,Ninguna,S/D,Ninguna,Sin restricción,POINT (-60.636284800000006 -32.9616928),"['Buenos Aires', 'Ituzaingó']",2,Buenos Aires; Ituzaingó,-32.9616928,-60.636284800000006,55.0,538.0,Municipio Rosario,Municipio,Rosario,820210,Servicio de Catastro e Información Territorial,IGN
2014,8792,2014-10-03,Viernes,0.0,09:15:00,,0.0,2,"Automóvil,Moto/Ciclomotor",San Luis Y Rodriguez,2,1,0,0,1,0,0,,Calle,,ROSARIO,Rosario,Asfalto,S/D,II,Dentro,Urbana,S/D,S/D,S/D,S/D,S/D,Diurna,S/D,S/D,S/D,Colisión,S/D,S/D,S/D,S/D,POINT (-60.6593596 -32.9453712),"['San Luis', 'Rodríguez']",2,San Luis; Rodríguez de Escobedo,-32.9453712,-60.6593596,55.0,538.0,Municipio Rosario,Municipio,Rosario,820210,Servicio de Catastro e Información Territorial,IGN
2014,8793,2014-11-12,Miercoles,0.0,07:40:00,,0.0,2,"Moto/Ciclomotor,Automóvil",Tucuman Y Crespo,3,2,0,0,1,0,0,,Calle,,ROSARIO,Rosario,Asfalto,No existe,II,Dentro,Urbana,Ninguna,No existe,Recta,S/D,Buena,Diurna,Buen Tiempo,Lateral,S/D,Colisión,S/D,Faltante,Ninguna,Sin restricción,POINT (-60.6670974 -32.936399599999994),"['Tucumán', 'Crespo']",2,Tucumán; Crespo,-32.936399599999994,-60.6670974,55.0,538.0,Municipio Rosario,Municipio,Rosario,820210,Servicio de Catastro e Información Territorial,IGN
2014,8794,2014-11-11,Martes,0.0,14:05:00,,0.0,2,"Automóvil,Peatón",Lavalle Y Urquiza,2,1,0,0,1,0,0,,Calle,,ROSARIO,Rosario,Asfalto,No existe,II,Dentro,Urbana,Ninguna,No existe,Recta,S/D,Buena,Diurna,Buen Tiempo,S/D,S/D,Atropello,S/D,Faltante,Ninguna,Sin restricción,POINT (-60.676888 -32.93587049999999),"['Lavalle', 'Urquiza']",2,Lavalle; Justo José de Urquiza,-32.93587049999999,-60.676888,55.0,538.0,Municipio Rosario,Municipio,Rosario,820210,Servicio de Catastro e Información Territorial,IGN
2014,8795,2014-10-02,Jueves,0.0,19:35:00,,0.0,2,"Automóvil,Moto/Ciclomotor",E.Zeballos Y Ricchieri,2,1,0,0,1,0,0,,Calle,,ROSARIO,Rosario,Asfalto,S/D,II,Dentro,Urbana,S/D,S/D,S/D,S/D,S/D,Atardecer,S/D,S/D,S/D,Colisión,S/D,S/D,S/D,S/D,POINT (-60.664986799999994 -32.95057959999998),"['Zeballos', 'Ricchieri']",2,Zeballos; Ricchieri,-32.95057959999998,-60.6649868,55.0,538.0,Municipio Rosario,Municipio,Rosario,820210,Servicio de Catastro e Información Territorial,IGN
2014,8796,2014-11-08,Sabado,0.0,06:20:00,,0.0,2,"Moto/Ciclomotor,Taxi/Remis",San Lorenzo Y San Nicolas,2,1,0,0,1,0,0,,Calle,,ROSARIO,Rosario,S/D,No existe,II,Dentro,Urbana,Ninguna,No existe,Recta,S/D,S/D,Diurna,Buen Tiempo,Lateral,S/D,Colisión,S/D,Faltante,S/D,Sin restricción,POINT (-60.67174630000001 -32.9380145),"['San Lorenzo', 'San Nicolás']",2,San Lorenzo; San Nicolás,-32.9380145,-60.67174630000001,55.0,538.0,Municipio Rosario,Municipio,Rosario,820210,Servicio de Catastro e Información Territorial,IGN
2014,8797,2014-10-03,Viernes,0.0,08:30:00,,0.0,2,"Automóvil,Automóvil",La Paz Y J.M.de Rosas,2,1,0,0,1,0,0,,Calle,,ROSARIO,Rosario,Asfalto,No existe,II,Dentro,Urbana,Ninguna,No existe,Intersección,Bueno,Buena,Diurna,Buen Tiempo,Otro,S/D,Colisión,Ninguna,S/D,Ninguna,Sin restricción,POINT (-60.63572580000001 -32.9653969),"['La Paz', 'De Rosas']",2,La Paz; Juan Manuel de Rosas,-32.9653969,-60.63572580000001,55.0,538.0,Municipio Rosario,Municipio,Rosario,820210,Servicio de Catastro e Información Territorial,IGN
2014,8798,2014-10-18,Sabado,0.0,19:05:00,,0.0,2,"Taxi/Remis,Moto/Ciclomotor",La Paz Y Fraga,3,2,0,0,1,0,0,,Calle,,ROSARIO,Rosario,Asfalto,No existe,II,Dentro,Urbana,Ninguna,No existe,Intersección,Bueno,Buena,Diurna,Lluvia,Lateral,S/D,Colisión,Ninguna,Horizontal,Ninguna,Sin restricción,POINT (-60.70962200000001 -32.9556724),"['La Paz', 'Fraga']",2,La Paz; Rosendo María Fraga,-32.9556724,-60.70962200000001,55.0,538.0,Municipio Rosario,Municipio,Rosario,820210,Servicio de Catastro e Información Territorial,IGN
2014,8799,2014-10-01,Miercoles,0.0,17:40:00,,0.0,2,"Automóvil,Automóvil",Av. Pellegrini Y Carriego,2,1,0,0,1,0,0,,Avenida,,ROSARIO,Rosario,Asfalto,S/D,II,Dentro,Urbana,S/D,S/D,S/D,S/D,S/D,Diurna,S/D,S/D,S/D,Colisión,S/D,S/D,S/D,S/D,POINT (-60.69138540000001 -32.9482472),"['Pellegrini', 'Carriego']",2,Avenida Carlos Pellegrini; Carriego,-32.9482472,-60.69138540000001,55.0,538.0,Municipio Rosario,Municipio,Rosario,820210,Servicio de Catastro e Información Territorial,IGN
2014,8800,2014-10-25,Sabado,0.0,19:00:00,,0.0,2,"Automóvil,Moto/Ciclomotor",Furlong Y Mendoza,3,1,1,0,0,0,1,,Calle,,ROSARIO,Rosario,Asfalto,Pavimento,II,S/D,Urbana,Ninguna,No existe,S/D,Bueno,Buena,Atardecer,Buen Tiempo,Lateral,S/D,Colisión,Ninguna,Faltante,S/D,Sin restricción,POINT (-60.735218950000004 -32.940202049999996),"['Furlong', 'Mendoza']",2,Furlong; Mendoza,-32.94020205,-60.73521895,55.0,538.0,Municipio Rosario,Municipio,Rosario,820210,Servicio de Catastro e Información Territorial,IGN
2014,8801,2014-10-05,Domingo,0.0,20:31:00,,0.0,2,"Moto/Ciclomotor,Automóvil",Benegas Y J.Colombres,2,1,0,0,1,0,0,,Calle,,ROSARIO,Rosario,Asfalto,S/D,II,S/D,Urbana,S/D,S/D,Intersección,Bueno,S/D,Nocturna,S/D,S/D,S/D,S/D,S/D,S/D,S/D,S/D,POINT (-60.7297153 -32.930873899999995),"['Benegas', 'José Colombres']",2,Benegas; José Colombres,-32.930873899999995,-60.7297153,55.0,538.0,Municipio Rosario,Municipio,Rosario,820210,Servicio de Catastro e Información Territorial,IGN
2014,8802,2014-10-08,Miercoles,0.0,17:30:00,,0.0,2,"Automóvil,Automóvil",Sanchez de Loria Y Morrison,4,1,0,0,3,0,0,,Calle,,ROSARIO,Rosario,Asfalto,Pavimento,II,Dentro,Urbana,Otra Señal,No existe,Intersección,Bueno,Buena,Diurna,Buen Tiempo,Otro,S/D,Colisión,Ninguna,Faltante,Ninguna,Sin restricción,POINT (-60.732284099999994 -32.92557829999999),"['Sánchez de Loria', 'Morrison']",2,Sánchez de Loria; Avenida Morrison,-32.92557829999999,-60.7322841,55.0,538.0,Municipio Rosario,Municipio,Rosario,820210,Servicio de Catastro e Información Territorial,IGN
2014,8803,2014-10-01,Miercoles,0.0,09:40:00,,0.0,2,"Automóvil,Moto/Ciclomotor",9 De Julio Y Cafferata,2,1,0,0,1,0,0,,Calle,,ROSARIO,Rosario,Asfalto,S/D,II,Dentro,Urbana,S/D,S/D,S/D,S/D,S/D,Diurna,S/D,S/D,S/D,Colisión,S/D,S/D,S/D,S/D,POINT (-60.672821500000005 -32.9479728),"['9 de Julio', 'Cafferata']",2,9 de Julio; Cafferata,-32.9479728,-60.672821500000005,55.0,538.0,Municipio Rosario,Municipio,Rosario,820210,Servicio de Catastro e Información Territorial,IGN
2014,8804,2014-10-01,Miercoles,0.0,08:30:00,,0.0,2,"Pickup/Utilitario,Moto/Ciclomotor",Av. Pellegrini Y Alsina,3,2,0,0,1,0,0,,Avenida,,ROSARIO,Rosario,Asfalto,S/D,II,Dentro,Urbana,S/D,S/D,S/D,S/D,S/D,Diurna,S/D,S/D,S/D,Colisión,S/D,S/D,S/D,S/D,POINT (-60.67913495 -32.950431099999996),"['Pellegrini', 'Alsina']",2,Avenida Carlos Pellegrini; Alsina,-32.9504311,-60.67913495,55.0,538.0,Municipio Rosario,Municipio,Rosario,820210,Servicio de Catastro e Información Territorial,IGN
2014,8806,2014-10-21,Martes,0.0,12:45:00,,0.0,2,"Peatón,Automóvil",Urquiza Y Entre Rios,2,1,0,0,1,0,0,,Calle,,ROSARIO,Rosario,Asfalto,No existe,II,Dentro,Urbana,Ninguna,S/D,S/D,Bueno,Buena,Diurna,Buen Tiempo,S/D,S/D,Atropello,S/D,Faltante,Ninguna,Sin restricción,POINT (-60.64007050000001 -32.9424732),"['Urquiza', 'Entre Ríos']",2,Justo José de Urquiza; Entre Ríos,-32.9424732,-60.64007050000001,55.0,538.0,Municipio Rosario,Municipio,Rosario,820210,Servicio de Catastro e Información Territorial,IGN
2014,8807,2014-11-07,Viernes,0.0,10:00:00,,0.0,2,"Moto/Ciclomotor,Automóvil",Av. Ovidio Lagos Y Catamarca,2,1,0,0,1,0,0,,Avenida,,ROSARIO,Rosario,Asfalto,No existe,II,Dentro,Urbana,Semáforo,Funciona,Recta,S/D,Buena,Diurna,Buen Tiempo,Lateral,S/D,Colisión,S/D,Vertical,Ninguna,Sin restricción,POINT (-60.65998750000001 -32.9364253),"['Avenida Ovidio Lagos', 'Catamarca']",2,Avenida Ovidio Lagos; Catamarca,-32.9364253,-60.65998750000001,55.0,538.0,Municipio Rosario,Municipio,Rosario,820210,Servicio de Catastro e Información Territorial,IGN
2014,8811,2014-11-02,Domingo,0.0,04:45:00,,0.0,2,"Automóvil,Automóvil",Guemes Y Rodriguez,2,1,0,0,1,0,0,,Calle,,ROSARIO,Rosario,Asfalto,No existe,II,Dentro,Urbana,Ninguna,No existe,Recta,S/D,Buena,Nocturna,Buen Tiempo,Lateral,S/D,Colisión,S/D,Faltante,Ninguna,Sin restricción,POINT (-60.6560836 -32.9322852),"['Güemes', 'Rodríguez']",2,Güemes; Rodríguez de Escobedo,-32.9322852,-60.6560836,55.0,538.0,Municipio Rosario,Municipio,Rosario,820210,Servicio de Catastro e Información Territorial,IGN
2014,8821,2014-10-22,Miercoles,0.0,10:05:00,,0.0,2,"Automóvil,Automóvil",Mr.Ross Y Paraguay,6,6,0,0,0,0,0,,Calle,,ROSARIO,Rosario,Asfalto,No existe,II,Dentro,Urbana,Ninguna,No existe,Intersección,Bueno,Buena,Diurna,Buen Tiempo,De alcance,S/D,Colisión,S/D,Faltante,Ninguna,Sin restricción,POINT (-60.6542864 -32.9872673),"['Rodrigo M. Ross', 'Paraguay']",2,Rodrigo M. Ross; Paraguay,-32.9872673,-60.6542864,55.0,538.0,Municipio Rosario,Municipio,Rosario,820210,Servicio de Catastro e Información Territorial,IGN
2014,8824,2014-11-11,Martes,0.0,16:40:00,,0.0,2,"Moto/Ciclomotor,Peatón",Barra Y La Republica,2,0,0,0,1,0,1,,Calle,,ROSARIO,Rosario,Asfalto,Pavimento,II,Dentro,Urbana,Ninguna,Intermitente,Recta,Bueno,Buena,Atardecer,S/D,S/D,S/D,Atropello,S/D,Faltante,Ninguna,Sin restricción,POINT (-60.7079885 -32.9184476),"['Barra', 'La República']",2,Barraco; La República,-32.9184476,-60.7079885,55.0,538.0,Municipio Rosario,Municipio,Rosario,820210,Servicio de Catastro e Información Territorial,IGN
2014,8827,2014-11-11,Martes,0.0,17:15:00,,0.0,2,"Automóvil,Moto/Ciclomotor",J.J.Paso Y Bolivia,2,1,0,0,1,0,0,,Calle,,ROSARIO,Rosario,Asfalto,S/D,II,Dentro,Urbana,S/D,S/D,Recta,S/D,S/D,S/D,S/D,Frontal,S/D,Colisión,S/D,Faltante,S/D,S/D,POINT (-60.71514495000001 -32.9203332),"['Paso', 'Bolivia']",2,Avenida Juan José Paso; Bolivia,-32.9203332,-60.71514495000001,55.0,538.0,Municipio Rosario,Municipio,Rosario,820210,Servicio de Catastro e Información Territorial,IGN
2014,8831,2014-11-07,Viernes,0.0,10:00:00,,0.0,2,"Moto/Ciclomotor,Automóvil",Av. Luis Carballo Y Mar del Plata,2,1,0,0,1,0,0,,S/D,,ROSARIO,Rosario,S/D,S/D,II,S/D,Urbana,S/D,S/D,Intersección,S/D,S/D,Diurna,S/D,S/D,S/D,Colisión,S/D,S/D,S/D,S/D,POINT (-60.68210305000001 -32.92223235),"['Avenida Doctor Luis Cándido Carballo', 'Mar del Plata']",2,Avenida Doctor Luis Cándido Carballo; Mar del Plata,-32.92223235,-60.68210305000001,55.0,538.0,Municipio Rosario,Municipio,Rosario,820210,Servicio de Catastro e Información Territorial,IGN
2014,8832,2014-11-12,Miercoles,0.0,19:10:00,,0.0,2,"Pickup/Utilitario,Moto/Ciclomotor",Av. Genova Y Ottone Bis,2,0,1,0,0,0,1,,Calle,,ROSARIO,Rosario,S/D,Pavimento,II,Dentro,Urbana,Ninguna,S/D,Recta,S/D,Buena,"Nocturna,Con luz artificial",S/D,S/D,S/D,Colisión,S/D,Faltante,Ninguna,Sin restricción,POINT (-60.70101400000001 -32.9156454),"['Genova', 'Ottone']",2,Avenida Génova; Ottone,-32.9156454,-60.70101400000001,55.0,538.0,Municipio Rosario,Municipio,Rosario,820210,Servicio de Catastro e Información Territorial,IGN
2014,8834,2014-11-12,Miercoles,0.0,10:00:00,,0.0,2,"Automóvil,Automóvil",Alberdi Y Velez Sarsfield,2,1,0,0,1,0,0,,Avenida,,ROSARIO,Rosario,S/D,S/D,II,Dentro,Urbana,S/D,S/D,Intersección,S/D,S/D,Diurna,S/D,S/D,S/D,Colisión,S/D,S/D,S/D,S/D,POINT (-60.677820800000006 -32.9249456),"['Alberdi', 'Vélez Sarsfield']",2,Avenida Alberdi; Vélez Sarsfield,-32.9249456,-60.677820800000006,55.0,538.0,Municipio Rosario,Municipio,Rosario,820210,Servicio de Catastro e Información Territorial,IGN
2014,8835,2014-11-05,Miercoles,0.0,17:00:00,,0.0,2,"Automóvil,Automóvil",Casilda Y Pje. Nueva York Bis,2,1,0,0,1,0,0,,Calle,,ROSARIO,Rosario,S/D,S/D,II,S/D,Urbana,S/D,S/D,Intersección,S/D,S/D,Diurna,S/D,S/D,S/D,Colisión,S/D,S/D,S/D,S/D,POINT (-60.6882703 -32.928449699999994),"['Casilda', 'Nueva York']",2,Casilda; Nueva York,-32.928449699999994,-60.6882703,55.0,538.0,Municipio Rosario,Municipio,Rosario,820210,Servicio de Catastro e Información Territorial,IGN
2014,8837,2014-11-04,Martes,0.0,08:20:00,,0.0,2,"Moto/Ciclomotor,Automóvil",Junin Y Bahia Blanca Bis,3,1,0,0,2,0,0,,Calle,,ROSARIO,Rosario,Asfalto,S/D,II,S/D,Urbana,S/D,S/D,Intersección,S/D,S/D,Diurna,S/D,S/D,S/D,Colisión,S/D,S/D,S/D,S/D,POINT (-60.68862000000001 -32.92689620000001),"['Junín', 'Bahía Blanca']",2,Junín; Bahía Blanca,-32.92689620000001,-60.68862000000001,55.0,538.0,Municipio Rosario,Municipio,Rosario,820210,Servicio de Catastro e Información Territorial,IGN
2014,8839,2014-11-02,Domingo,0.0,06:45:00,,0.0,2,"Moto/Ciclomotor,Automóvil",Albert Sabin Y Velez Sarsfield,2,1,0,0,1,0,0,,Avenida,,ROSARIO,Rosario,Asfalto,S/D,II,S/D,Urbana,S/D,S/D,Recta,S/D,S/D,Diurna,Buen Tiempo,S/D,S/D,Colisión,S/D,S/D,S/D,S/D,POINT (-60.6821659 -32.92505235),"['Avenida Travesía Albert Sabin', 'Vélez Sarsfield']",2,Avenida Travesía Albert Sabin; Vélez Sarsfield,-32.92505235,-60.6821659,55.0,538.0,Municipio Rosario,Municipio,Rosario,820210,Servicio de Catastro e Información Territorial,IGN
2014,8841,2014-10-14,Martes,0.0,17:40:00,,0.0,2,"Pickup/Utilitario,Moto/Ciclomotor",J.J.Paso 6000,2,1,0,0,1,0,0,,Calle,,ROSARIO,Rosario,Asfalto,Natural,II,Dentro,Urbana,S/D,S/D,Intersección,Bueno,S/D,Diurna,S/D,S/D,S/D,Colisión,S/D,S/D,S/D,S/D,"-32.919936899999996, -60.705487633333334",['Juan José Paso 6000'],1,Juan José Paso 6000,-32.9199369,-60.70548763333333,55.0,538.0,Municipio Rosario,Municipio,Rosario,820210,Servicio de Catastro e Información Territorial,IGN
2014,8842,2014-11-04,Martes,0.0,12:00:00,,0.0,2,"Automóvil,Otros",Av. Luis Carballo Y Bv. Avellaneda,3,1,0,0,2,0,0,,Avenida,,ROSARIO,Rosario,Asfalto,S/D,II,S/D,Urbana,S/D,S/D,Intersección,S/D,S/D,Diurna,S/D,S/D,S/D,Colisión,S/D,S/D,S/D,S/D,POINT (-60.674817000000004 -32.9219776),"['Avenida Doctor Luis Cándido Carballo', 'Avellaneda']",2,Avenida Doctor Luis Cándido Carballo; Bulevar Nicolás Avellaneda,-32.9219776,-60.674817,55.0,538.0,Municipio Rosario,Municipio,Rosario,820210,Servicio de Catastro e Información Territorial,IGN