anio_acci,nro_acci,fecha,desc_dia,fecha_aprox,hora_aprox,desc_ruta,km,cant_participantes,desc_participante,calle_avenida_km,total,heridos_leves,heridos_graves,heridos_gravisimos,ilesos,fallecidos,sin_datos,posicion_XY,desc_tipo_via,desc_ruta_ori,desc_loc,desc_dpto,desc_tipo_calzada,desc_tipo_banquina,desc_unidad_regional,desc_lugar_calzada,desc_zona,desc_prioridad,desc_estado_semaforo,desc_lugar_via,desc_estado_via,desc_estado_visibilidad,desc_luminosidad,desc_estado_clima,desc_tipo_colision,desc_tipo_atropello,desc_tipo_hecho,desc_pres_calzada,desc_senializacion,desc_separacion_via,desc_restriccion,forma_geocod,calle_lista,numero_calles,calles_osm,lat,lon,index_right,gid,fna,gna,nam,in1,fdc,sag
2014,8846,2014-11-04,Martes,0.0,08:10:00,,0.0,2,"Moto/Ciclomotor,Automóvil",Albert Sabin Y Alberdi,3,1,0,0,2,0,0,,Avenida,,ROSARIO,Rosario,S/D,S/D,II,S/D,Urbana,S/D,S/D,Intersección,S/D,S/D,Diurna,S/D,S/D,S/D,Colisión,S/D,S/D,S/D,S/D,POINT (-60.67368635 -32.93013245),"['Avenida Travesía Albert Sabin', 'Alberdi']",2,Avenida Travesía Albert Sabin; Avenida Alberdi,-32.93013245,-60.67368635,55.0,538.0,Municipio Rosario,Municipio,Rosario,820210,Servicio de Catastro e Información Territorial,IGN
2014,8861,2014-11-12,Miercoles,0.0,14:40:00,,0.0,2,"Moto/Ciclomotor,Automóvil",Francisco De Miranda Y Dr.D.Peña,3,2,0,0,1,0,0,,Calle,,ROSARIO,Rosario,Asfalto,No existe,II,Dentro,Urbana,Ninguna,No existe,Intersección,Bueno,Buena,Diurna,Buen Tiempo,Lateral,S/D,Colisión,S/D,Faltante,Ninguna,Sin restricción,POINT (-60.69275619999999 -32.87825449999999),"['Francisco de Miranda', 'David Peña']",2,Francisco de Miranda; David Peña,-32.87825449999999,-60.69275619999999,55.0,538.0,Municipio Rosario,Municipio,Rosario,820210,Servicio de Catastro e Información Territorial,IGN
2014,8863,2014-11-12,Miercoles,0.0,14:10:00,,0.0,2,"Moto/Ciclomotor,Pickup/Utilitario",Av. Irigoyen Y Zelaya,3,2,0,0,1,0,0,,Calle,,ROSARIO,Rosario,Asfalto,No existe,II,Dentro,Urbana,Ninguna,No existe,Intersección,Bueno,Buena,Diurna,Buen Tiempo,Lateral,S/D,Colisión,S/D,Vertical,Ninguna,Sin restricción,POINT (-60.698125999999995 -32.88454930000001),"['Avenida Hipólito Irigoyen', 'Zelaya']",2,Avenida Hipólito Irigoyen; Zelaya,-32.88454930000001,-60.698126,55.0,538.0,Municipio Rosario,Municipio,Rosario,820210,Servicio de Catastro e Información Territorial,IGN
2014,8866,2014-11-12,Miercoles,0.0,14:15:00,,0.0,2,"Moto/Ciclomotor,Automóvil",Av. Sorrento ,2,1,0,0,1,0,0,,Calle,,ROSARIO,Rosario,Asfalto,No existe,II,Dentro,Urbana,Ninguna,No existe,Recta,Bueno,Buena,Diurna,Buen Tiempo,Lateral,S/D,Colisión,S/D,Faltante,Línea divisoria pintada,Sin restricción,"-32.9064347, -60.68773",['Sorrento'],1,Sorrento,-32.9064347,-60.68773,55.0,538.0,Municipio Rosario,Municipio,Rosario,820210,Servicio de Catastro e Información Territorial,IGN
2014,8868,2014-10-30,Jueves,0.0,18:00:00,,0.0,2,"Bicicleta,Automóvil",Pje. Reclus Y Agustin Alvarez,2,1,0,0,1,0,0,,Calle,,ROSARIO,Rosario,Asfalto,No existe,II,Dentro,Urbana,Ninguna,No existe,Intersección,Bueno,Buena,Diurna,Buen Tiempo,Lateral,S/D,Atropello,S/D,Faltante,Ninguna,Sin restricción,POINT (-60.691295 -32.8829464),"['Reclus', 'Agustín Álvarez']",2,Reclus; Agustín Álvarez,-32.8829464,-60.691295,55.0,538.0,Municipio Rosario,Municipio,Rosario,820210,Servicio de Catastro e Información Territorial,IGN
2014,8869,2014-11-06,Jueves,0.0,07:20:00,,0.0,2,"Automóvil,Automóvil",J.J.Paso Y Ferreyra,2,2,0,0,0,0,0,,Calle,,ROSARIO,Rosario,Asfalto,S/D,II,Dentro,Urbana,Ninguna,S/D,Intersección,Bueno,S/D,Diurna,Buen Tiempo,Lateral,S/D,Colisión,S/D,Faltante,Cordón divisorio,Sin restricción,POINT (-60.68024090000001 -32.9192793),"['Paso', 'Ferreyra']",2,Avenida Juan José Paso; Ferreyra,-32.9192793,-60.68024090000001,55.0,538.0,Municipio Rosario,Municipio,Rosario,820210,Servicio de Catastro e Información Territorial,IGN
2014,8907,2014-10-28,Martes,0.0,18:30:00,,0.0,2,"Automóvil,Automóvil",Av. Circunvalacion Y Av. Jorge Newbery,3,3,0,0,0,0,0,,Avenida,,ROSARIO,Rosario,S/D,S/D,II,Dentro,Urbana,S/D,S/D,Intersección,S/D,S/D,Diurna,S/D,Lateral,S/D,Colisión,S/D,S/D,S/D,S/D,POINT (-60.72420769617581 -32.90836527388017),"['Circunvalacion', 'Jorge Newbery']",2,Avenida de Circunvalación 25 de Mayo; Avenida Jorge Newbery,-32.90836527388017,-60.72420769617581,55.0,538.0,Municipio Rosario,Municipio,Rosario,820210,Servicio de Catastro e Información Territorial,IGN
2014,8912,2014-09-12,Viernes,0.0,16:30:00,,0.0,2,"Automóvil,Peatón",Av. Arijon Y San Martin,2,1,0,0,1,0,0,,Avenida,,ROSARIO,Rosario,Asfalto,Pavimento,II,Dentro,Urbana,Semáforo,Funciona,Recta,Bueno,Buena,Diurna,Buen Tiempo,S/D,S/D,Atropello,Ninguna,Vertical,Cordón divisorio,Sin restricción,POINT (-60.649363550000004 -33.003052149999995),"['Avenida Manuel Arijón', 'San Martin']",2,Avenida Manuel Arijón; José de San Martín,-33.003052149999995,-60.64936355,55.0,538.0,Municipio Rosario,Municipio,Rosario,820210,Servicio de Catastro e Información Territorial,IGN
2014,8913,2014-10-25,Sabado,0.0,,,0.0,2,"Bicicleta,Moto/Ciclomotor",J.B.Justo Y Av. Circunvalacion,2,2,0,0,0,0,0,,Avenida,,ROSARIO,Rosario,S/D,S/D,II,Dentro,Urbana,S/D,S/D,Intersección,S/D,S/D,S/D,S/D,S/D,S/D,Atropello,S/D,S/D,S/D,S/D,POINT (-60.72395654453496 -32.91522030000024),"['Justo', 'Circunvalacion']",2,Justo José de Urquiza; Avenida de Circunvalación 25 de Mayo,-32.91522030000024,-60.72395654453496,55.0,538.0,Municipio Rosario,Municipio,Rosario,820210,Servicio de Catastro e Información Territorial,IGN
2014,8915,2014-09-01,Lunes,0.0,07:45:00,,0.0,2,"Pickup/Utilitario,Moto/Ciclomotor",Cabildo Y Buenos Aires,2,1,0,0,1,0,0,,Calle,,ROSARIO,Rosario,Asfalto,Pavimento,II,Dentro,Urbana,Ninguna,No existe,Intersección,Bueno,Buena,Diurna,Otro,Otro,S/D,Colisión,Ninguna,Horizontal,Cordón divisorio,Sin restricción,POINT (-60.6447564 -33.0072288),"['Cabildo', 'Buenos Aires']",2,Cabildo; Buenos Aires,-33.0072288,-60.6447564,55.0,538.0,Municipio Rosario,Municipio,Rosario,820210,Servicio de Catastro e Información Territorial,IGN
2014,8917,2014-08-30,Sabado,0.0,12:00:00,,0.0,2,"Moto/Ciclomotor,Automóvil",Paraguay Y H. Brandoni,2,1,0,0,1,0,0,,Calle,,ROSARIO,Rosario,Asfalto,Pavimento,II,Dentro,Urbana,Ninguna,No existe,Recta,Bueno,Buena,Diurna,Otro,Otro,S/D,Colisión,Ninguna,Horizontal,Cordón divisorio,Sin restricción,POINT (-60.6545733 -33.00614350000001),"['Paraguay', 'Brandoni']",2,Paraguay; Brandoni,-33.00614350000001,-60.6545733,55.0,538.0,Municipio Rosario,Municipio,Rosario,820210,Servicio de Catastro e Información Territorial,IGN
2014,8921,2014-10-31,Viernes,0.0,,,0.0,2,"Pickup/Utilitario,Peatón",Nicaragua Y J.J.Paso,2,1,0,0,1,0,0,,Calle,,ROSARIO,Rosario,Asfalto,Pavimento,II,Dentro,Urbana,Ninguna,S/D,Recta,Bueno,S/D,S/D,Buen Tiempo,S/D,S/D,Atropello,Otro,Horizontal,Ninguna,Sin restricción,POINT (-60.721380025 -32.9204958),"['Nicaragua', 'Paso']",2,Nicaragua; Avenida Juan José Paso,-32.9204958,-60.721380025,55.0,538.0,Municipio Rosario,Municipio,Rosario,820210,Servicio de Catastro e Información Territorial,IGN
2014,8922,2014-09-11,Jueves,0.0,17:50:00,,0.0,2,"Automóvil,Moto/Ciclomotor",San Martin Y Leon,3,2,0,0,1,0,0,,Avenida,,ROSARIO,Rosario,Asfalto,Pavimento,II,Dentro,Urbana,Ninguna,No existe,Intersección,Bueno,Buena,Atardecer,Otro,Otro,S/D,Colisión,Ninguna,Horizontal,Cordón divisorio,Sin restricción,POINT (-60.652605 -33.0181764),"['San Martin', 'León']",2,José de San Martín; José León Pagano,-33.0181764,-60.652605,55.0,538.0,Municipio Rosario,Municipio,Rosario,820210,Servicio de Catastro e Información Territorial,IGN
2014,8926,2014-09-19,Viernes,0.0,23:30:00,,0.0,2,"Moto/Ciclomotor,Peatón",Sadi Carnot 6500,2,1,0,0,1,0,0,,Calle,,ROSARIO,Rosario,Asfalto,Pavimento,II,S/D,Urbana,Ninguna,No existe,Recta,Bueno,Reducida,Nocturna,Otro,S/D,S/D,Atropello,S/D,Horizontal,Cordón divisorio,Sin restricción,"-33.0109579, -60.6484178",['Sadi Carnot 6500'],1,Sadi Carnot 6500,-33.0109579,-60.6484178,55.0,538.0,Municipio Rosario,Municipio,Rosario,820210,Servicio de Catastro e Información Territorial,IGN
2014,8928,2014-09-15,Lunes,0.0,17:30:00,,0.0,2,"Otros,Peatón",Bv. Segui Y Av. Ovidio Lagos,2,1,0,0,0,0,1,,Avenida,,ROSARIO,Rosario,Asfalto,Pavimento,II,S/D,Urbana,Ninguna,Funciona,Intersección,Bueno,Buena,Diurna,Buen Tiempo,S/D,S/D,Atropello,Ninguna,Vertical,Ninguna,Sin restricción,POINT (-60.66940506666668 -32.97496616666667),"['Bulevar Juan Francisco Seguí', 'Avenida Ovidio Lagos']",2,Bulevar Juan Francisco Seguí; Avenida Ovidio Lagos,-32.97496616666667,-60.66940506666668,55.0,538.0,Municipio Rosario,Municipio,Rosario,820210,Servicio de Catastro e Información Territorial,IGN
2014,8932,2014-09-12,Viernes,0.0,,,0.0,2,"Otros,Moto/Ciclomotor",Av. Ovidio Lagos Y Gaboto,2,1,0,0,0,0,1,,Avenida,,ROSARIO,Rosario,Asfalto,Pavimento,II,S/D,Urbana,Ninguna,No existe,Intersección,Bueno,Buena,Diurna,Buen Tiempo,Lateral,S/D,Colisión,Ninguna,Faltante,Ninguna,Sin restricción,POINT (-60.667967250000004 -32.9692062),"['Avenida Ovidio Lagos', 'Gaboto']",2,Avenida Ovidio Lagos; Gaboto,-32.9692062,-60.66796725,55.0,538.0,Municipio Rosario,Municipio,Rosario,820210,Servicio de Catastro e Información Territorial,IGN
2014,8936,2014-09-12,Viernes,0.0,12:00:00,,0.0,2,"Moto/Ciclomotor,Otros",Av. Francia Y Estado de Israel,2,1,0,0,0,0,1,,Avenida,,ROSARIO,Rosario,Asfalto,No existe,II,Dentro,Urbana,Ninguna,No existe,Intersección,Bueno,Buena,Diurna,Buen Tiempo,Lateral,S/D,Colisión,Otro,Faltante,Ninguna,Sin restricción,POINT (-60.67809525 -32.99271395000001),"['Avenida Francia', 'Estado de Israel']",2,Avenida Francia; Estado de Israel,-32.99271395000001,-60.67809525,55.0,538.0,Municipio Rosario,Municipio,Rosario,820210,Servicio de Catastro e Información Territorial,IGN
2014,8939,2014-09-19,Viernes,0.0,13:15:00,,0.0,2,"Moto/Ciclomotor,Automóvil",Av. Arijon 2200,2,1,0,0,1,0,0,,Avenida,,ROSARIO,Rosario,Asfalto,No existe,II,Dentro,Urbana,Semáforo,Funciona,Intersección,Bueno,Buena,S/D,Buen Tiempo,Lateral,S/D,Colisión,S/D,Vertical,Cordón divisorio,Sin restricción,"-33.0034552, -60.6621434",['Arijon 2200'],1,Arijon 2200,-33.0034552,-60.6621434,55.0,538.0,Municipio Rosario,Municipio,Rosario,820210,Servicio de Catastro e Información Territorial,IGN
2014,8940,2014-09-09,Martes,0.0,20:15:00,,0.0,2,"Otros,Moto/Ciclomotor",Bv. Avellaneda Y Gaboto,2,1,0,0,0,0,1,,Avenida,,ROSARIO,Rosario,Asfalto,No existe,II,S/D,Urbana,Ninguna,No existe,Intersección,Bueno,Buena,Nocturna,Buen Tiempo,Otro,S/D,Colisión,Ninguna,Faltante,Ninguna,Sin restricción,POINT (-60.685925600000004 -32.96604479999999),"['Avellaneda', 'Gaboto']",2,Bulevar Nicolás Avellaneda; Gaboto,-32.96604479999999,-60.6859256,55.0,538.0,Municipio Rosario,Municipio,Rosario,820210,Servicio de Catastro e Información Territorial,IGN
2014,8942,2014-09-07,Domingo,0.0,20:15:00,,0.0,2,"Otros,Moto/Ciclomotor",Av. Francia 4700,3,2,0,0,0,0,1,,Avenida,,ROSARIO,Rosario,Asfalto,No existe,II,Dentro,Urbana,Ninguna,No existe,Recta,Bueno,Buena,Nocturna,Buen Tiempo,Lateral,S/D,Colisión,Ninguna,Faltante,Ninguna,Sin restricción,"-32.9466403, -60.6668992",['Francia 4700'],1,Francia 4700,-32.9466403,-60.6668992,55.0,538.0,Municipio Rosario,Municipio,Rosario,820210,Servicio de Catastro e Información Territorial,IGN
2014,8943,2014-09-15,Lunes,0.0,19:30:00,,0.0,2,"Peatón,Moto/Ciclomotor",Av. Arijon Y Balcarce,2,1,0,0,1,0,0,,Avenida,,ROSARIO,Rosario,Asfalto,No existe,II,Dentro,Urbana,Ninguna,No existe,Intersección,Bueno,Buena,Atardecer,Buen Tiempo,S/D,S/D,Atropello,S/D,Faltante,Cordón divisorio,Sin restricción,POINT (-60.6633107 -33.00349020000001),"['Avenida Manuel Arijón', 'Balcarce']",2,Avenida Manuel Arijón; Balcarce,-33.00349020000001,-60.6633107,55.0,538.0,Municipio Rosario,Municipio,Rosario,820210,Servicio de Catastro e Información Territorial,IGN
2014,8945,2014-09-04,Jueves,0.0,18:45:00,,0.0,3,"Peatón,Peatón,Automóvil",Sanchez de Bustamante 2400,3,2,0,0,1,0,0,,Calle,,ROSARIO,Rosario,Asfalto,S/D,II,Dentro,Urbana,Ninguna,No existe,Intersección,Bueno,Buena,Atardecer,Buen Tiempo,S/D,S/D,Atropello,S/D,Faltante,Ninguna,Sin restricción,"-33.0024743, -60.6633504",['Sanchez De Bustamante 2400'],1,Sanchez De Bustamante 2400,-33.0024743,-60.6633504,55.0,538.0,Municipio Rosario,Municipio,Rosario,820210,Servicio de Catastro e Información Territorial,IGN
2014,8947,2014-09-01,Lunes,0.0,16:00:00,,0.0,2,"Moto/Ciclomotor,Automóvil",Dorrego Y Piedras,2,1,0,0,1,0,0,,Calle,,ROSARIO,Rosario,Asfalto,S/D,II,S/D,Urbana,Ninguna,No existe,Intersección,Bueno,Buena,Atardecer,Buen Tiempo,Lateral,S/D,Colisión,S/D,Faltante,Ninguna,Sin restricción,POINT (-60.6603601 -33.00727489999999),"['Dorrego', 'Piedras']",2,Manuel Dorrego; Piedras,-33.00727489999999,-60.6603601,55.0,538.0,Municipio Rosario,Municipio,Rosario,820210,Servicio de Catastro e Información Territorial,IGN
2014,8949,2014-09-05,Viernes,0.0,19:30:00,,0.0,2,"Moto/Ciclomotor,Automóvil",Av. Arijon Y Cereseto,3,1,1,0,1,0,0,,Avenida,,ROSARIO,Rosario,Asfalto,No existe,II,Dentro,Urbana,Semáforo,Funciona,Intersección,Bueno,Buena,Atardecer,Buen Tiempo,Lateral,S/D,Colisión,S/D,Vertical,Línea divisoria pintada,Sin restricción,POINT (-60.67382760000001 -33.0037959),"['Avenida Manuel Arijón', 'Cereseto']",2,Avenida Manuel Arijón; Cereseto,-33.0037959,-60.67382760000001,55.0,538.0,Municipio Rosario,Municipio,Rosario,820210,Servicio de Catastro e Información Territorial,IGN
2014,8951,2014-09-12,Viernes,0.0,13:00:00,,0.0,2,"Automóvil,Automóvil",Pje. Casaccia Y Hilarion de la Quintana,2,1,0,0,1,0,0,,Calle,,ROSARIO,Rosario,Asfalto,No existe,II,Dentro,Urbana,Ninguna,No existe,Intersección,S/D,Buena,Diurna,Buen Tiempo,Lateral,S/D,Colisión,S/D,Faltante,Cordón divisorio,Sin restricción,POINT (-60.6728122 -33.00177429999999),"['Casaccia', 'Hilarión de la Quintana']",2,Casaccia; Hilarión de la Quintana,-33.00177429999999,-60.6728122,55.0,538.0,Municipio Rosario,Municipio,Rosario,820210,Servicio de Catastro e Información Territorial,IGN
2014,8953,2014-09-04,Jueves,0.0,08:00:00,,0.0,2,"Moto/Ciclomotor,Automóvil",Callao Y Anchorena,2,1,0,0,1,0,0,,Calle,,ROSARIO,Rosario,Asfalto,No existe,II,S/D,Urbana,Ninguna,No existe,Intersección,Bueno,Buena,Diurna,Buen Tiempo,Lateral,S/D,Colisión,S/D,Faltante,Cordón divisorio,Sin restricción,POINT (-60.67148399999999 -32.9984681),"['Callao', 'Anchorena']",2,Callao; Tomás de Anchorena,-32.9984681,-60.67148399999999,55.0,538.0,Municipio Rosario,Municipio,Rosario,820210,Servicio de Catastro e Información Territorial,IGN
2014,8957,2014-09-02,Martes,0.0,18:15:00,,0.0,2,"Bicicleta,Moto/Ciclomotor",España Y Piedras,2,1,0,0,1,0,0,,Calle,,ROSARIO,Rosario,Asfalto,No existe,II,Dentro,Urbana,Ninguna,No existe,Intersección,Bueno,Buena,Atardecer,Buen Tiempo,S/D,S/D,Atropello,S/D,Faltante,Cordón divisorio,Sin restricción,POINT (-60.657419000000004 -33.0072219),"['España', 'Piedras']",2,España; Piedras,-33.0072219,-60.657419,55.0,538.0,Municipio Rosario,Municipio,Rosario,820210,Servicio de Catastro e Información Territorial,IGN
2014,8958,2014-10-11,Sabado,0.0,21:04:00,,0.0,2,"Bicicleta,Automóvil",Santa Fe 7600,2,1,0,0,1,0,0,,Calle,,ROSARIO,Rosario,Asfalto,Pavimento,II,Dentro,Urbana,Ninguna,No existe,Recta,Bueno,Buena,Nocturna,Buen Tiempo,S/D,S/D,Atropello,Ninguna,Faltante,S/D,Sin restricción,"-32.93597716666667, -60.724942999999996",['Santa Fe 7600'],1,Santa Fe 7600,-32.93597716666667,-60.724943,55.0,538.0,Municipio Rosario,Municipio,Rosario,820210,Servicio de Catastro e Información Territorial,IGN
2014,8959,2014-09-14,Domingo,0.0,02:50:00,,0.0,2,"Moto/Ciclomotor,Automóvil",Padre R. Giaccone Y Mariano Moreno,2,0,1,0,1,0,0,,Calle,,ROSARIO,Rosario,Asfalto,No existe,II,Dentro,Urbana,Ninguna,No existe,Intersección,Resbaladiza,Buena,Nocturna,Lluvia,Lateral,S/D,Colisión,Agua,S/D,Cordón divisorio,Sin restricción,POINT (-60.661707099999994 -33.0083179),"['Padre R. Giaccone', 'Mariano Moreno']",2,Padre R. Giaccone; Mariano Moreno,-33.0083179,-60.6617071,55.0,538.0,Municipio Rosario,Municipio,Rosario,820210,Servicio de Catastro e Información Territorial,IGN
2014,8960,2014-10-13,Lunes,0.0,21:20:00,,0.0,2,"Automóvil,Moto/Ciclomotor",Chubut 7500,2,1,0,0,1,0,0,,Calle,,ROSARIO,Rosario,Asfalto,Natural,II,Dentro,Urbana,Ninguna,No existe,S/D,Bueno,Buena,Nocturna,Buen Tiempo,S/D,S/D,Colisión,Ninguna,Faltante,S/D,Sin restricción,"-32.945805, -60.7229415",['Chubut 7500'],1,Chubut 7500,-32.945805,-60.7229415,55.0,538.0,Municipio Rosario,Municipio,Rosario,820210,Servicio de Catastro e Información Territorial,IGN
2014,8961,2014-09-14,Domingo,0.0,07:20:00,,0.0,2,"Automóvil,Automóvil",J.M.Gutierrez Y Rodriguez,2,1,0,0,1,0,0,,Calle,,ROSARIO,Rosario,Asfalto,No existe,II,Dentro,Urbana,Ninguna,No existe,Intersección,Bueno,Buena,Amanecer,Buen Tiempo,Lateral,S/D,Colisión,S/D,Faltante,Cordón divisorio,Sin restricción,POINT (-60.670760800000004 -32.994704899999995),"['Gutierrez', 'Rodríguez']",2,Ricardo Gutierrez; Rodríguez de Escobedo,-32.994704899999995,-60.6707608,55.0,538.0,Municipio Rosario,Municipio,Rosario,820210,Servicio de Catastro e Información Territorial,IGN
2014,8963,2014-10-23,Jueves,0.0,19:00:00,,0.0,2,"Automóvil,Camión",Mendoza Y Angel Carranza,2,1,0,0,1,0,0,,Calle,,ROSARIO,Rosario,Asfalto,Natural,II,Dentro,Urbana,Ninguna,No existe,S/D,Bueno,Buena,Atardecer,Buen Tiempo,Lateral,S/D,Colisión,S/D,Faltante,S/D,Sin restricción,POINT (-60.7285475 -32.94071459999999),"['Mendoza', 'Ángel Carranza']",2,Mendoza; Ángel Carranza,-32.94071459999999,-60.7285475,55.0,538.0,Municipio Rosario,Municipio,Rosario,820210,Servicio de Catastro e Información Territorial,IGN
2014,8972,2014-09-08,Lunes,0.0,21:30:00,,0.0,2,"Moto/Ciclomotor,Automóvil",Av. Battle y Ordoñez Y Mariano Moreno,3,1,0,0,2,0,0,,Avenida,,ROSARIO,Rosario,Asfalto,No existe,II,Dentro,Urbana,Semáforo,Funciona,Intersección,Bueno,Buena,Nocturna,Buen Tiempo,Lateral,S/D,Colisión,S/D,Vertical,Cordón divisorio,Sin restricción,POINT (-60.661635649999994 -33.0093064),"['Avenida Battle y Ordoñez', 'Mariano Moreno']",2,Avenida Battle y Ordoñez; Mariano Moreno,-33.0093064,-60.66163565,55.0,538.0,Municipio Rosario,Municipio,Rosario,820210,Servicio de Catastro e Información Territorial,IGN
2014,9079,2014-10-25,Sabado,0.0,19:01:00,,0.0,2,"Automóvil,Peatón",Calderon 8900,2,1,0,0,0,0,1,,Calle,,ROSARIO,Rosario,Asfalto,No existe,II,S/D,Urbana,Ninguna,No existe,S/D,Bueno,Buena,Atardecer,Buen Tiempo,S/D,S/D,Atropello,Ninguna,Faltante,S/D,Sin restricción,"-32.8826885, -60.731198",['Calderon 8900'],1,Calderon 8900,-32.8826885,-60.731198,55.0,538.0,Municipio Rosario,Municipio,Rosario,820210,Servicio de Catastro e Información Territorial,IGN
2014,9088,2014-11-10,Lunes,0.0,13:40:00,,0.0,2,"Automóvil,Moto/Ciclomotor",San Telmo 1800,3,1,0,0,0,0,2,,Calle,,ROSARIO,Rosario,Asfalto,No existe,II,S/D,Urbana,Ninguna,S/D,Recta,Bueno,S/D,Diurna,Buen Tiempo,Otro,S/D,Colisión,Otro,Faltante,Ninguna,Sin restricción,"-32.8973906, -60.703389",['San Telmo 1800'],1,San Telmo 1800,-32.8973906,-60.703389,55.0,538.0,Municipio Rosario,Municipio,Rosario,820210,Servicio de Catastro e Información Territorial,IGN
2014,9098,2014-10-04,Sabado,0.0,19:00:00,,0.0,2,"Automóvil,Moto/Ciclomotor",Garzon Y Urquiza,2,1,0,0,1,0,0,,Calle,,ROSARIO,Rosario,Asfalto,No existe,II,S/D,Urbana,S/D,No existe,Intersección,S/D,S/D,Nocturna,S/D,Lateral,S/D,Colisión,S/D,Faltante,Ninguna,Sin restricción,POINT (-60.705997 -32.9332447),"['Garzón', 'Urquiza']",2,Garzón; Justo José de Urquiza,-32.9332447,-60.705997,55.0,538.0,Municipio Rosario,Municipio,Rosario,820210,Servicio de Catastro e Información Territorial,IGN
2014,9099,2014-11-12,Miercoles,0.0,15:20:00,,0.0,2,"Moto/Ciclomotor,Automóvil",Av. Irigoyen Y Los Cocos,2,1,0,0,1,0,0,,Calle,,ROSARIO,Rosario,Asfalto,No existe,II,S/D,Urbana,S/D,S/D,Recta,S/D,Buena,Diurna,Buen Tiempo,S/D,S/D,Colisión,S/D,S/D,Ninguna,S/D,POINT (-60.708027400000006 -32.884862),"['Avenida Hipólito Irigoyen', 'Los Cocos']",2,Avenida Hipólito Irigoyen; Los Cocos,-32.884862,-60.708027400000006,55.0,538.0,Municipio Rosario,Municipio,Rosario,820210,Servicio de Catastro e Información Territorial,IGN
2014,9100,2014-10-08,Miercoles,0.0,18:20:00,,0.0,2,"Automóvil,Moto/Ciclomotor",Av. Casiano Casas 1900,4,1,0,0,3,0,0,,Avenida,,ROSARIO,Rosario,Asfalto,No existe,II,S/D,Urbana,Ninguna,No existe,Intersección,Bueno,Buena,Diurna,Buen Tiempo,Lateral,S/D,Colisión,Otro,Faltante,Ninguna,Sin restricción,"-32.8985775, -60.7136514",['Casiano Casas 1900'],1,Casiano Casas 1900,-32.8985775,-60.7136514,55.0,538.0,Municipio Rosario,Municipio,Rosario,820210,Servicio de Catastro e Información Territorial,IGN
2014,9101,2014-10-10,Viernes,0.0,13:50:00,,0.0,2,"Automóvil,Pickup/Utilitario",Magallanes Y Junin,2,1,0,0,1,0,0,,Calle,,ROSARIO,Rosario,S/D,No existe,II,Dentro,Urbana,Ninguna,No existe,Intersección,S/D,S/D,Diurna,S/D,Lateral,S/D,Colisión,Otro,Faltante,Ninguna,Sin restricción,POINT (-60.7050784 -32.92737029999999),"['Magallanes', 'Junín']",2,Magallanes; Junín,-32.92737029999999,-60.7050784,55.0,538.0,Municipio Rosario,Municipio,Rosario,820210,Servicio de Catastro e Información Territorial,IGN
2014,9103,2014-10-15,Miercoles,0.0,17:30:00,,0.0,2,"Moto/Ciclomotor,Automóvil",Velez Sarsfield Y Camilo Aldao,2,1,0,0,1,0,0,,Calle,,ROSARIO,Rosario,Asfalto,No existe,II,Dentro,Urbana,Ninguna,No existe,Intersección,S/D,S/D,Diurna,S/D,Lateral,S/D,Colisión,S/D,Faltante,Ninguna,Sin restricción,POINT (-60.696525 -32.9255427),"['Vélez Sarsfield', 'Camilo Aldao']",2,Vélez Sarsfield; Camilo Aldao,-32.9255427,-60.696525,55.0,538.0,Municipio Rosario,Municipio,Rosario,820210,Servicio de Catastro e Información Territorial,IGN
2014,9105,2014-10-21,Martes,0.0,08:15:00,,0.0,2,"Moto/Ciclomotor,Pickup/Utilitario",Junin Y Pje. Colibri Bis,3,2,0,0,1,0,0,,Calle,,ROSARIO,Rosario,S/D,No existe,II,S/D,Urbana,Ninguna,No existe,Intersección,S/D,S/D,Diurna,S/D,Lateral,S/D,Colisión,S/D,S/D,Ninguna,Sin restricción,POINT (-60.692416400000006 -32.9270243),"['Junín', 'Colibri']",2,Junín; Colibrí,-32.9270243,-60.692416400000006,55.0,538.0,Municipio Rosario,Municipio,Rosario,820210,Servicio de Catastro e Información Territorial,IGN
2014,9107,2014-10-25,Sabado,0.0,18:45:00,,0.0,2,"Automóvil,Moto/Ciclomotor",Molina Y Baigorria,2,2,0,0,0,0,0,,Calle,,ROSARIO,Rosario,Asfalto,No existe,II,Dentro,Urbana,Ninguna,No existe,Intersección,Bueno,Buena,Diurna,Buen Tiempo,Lateral,S/D,Colisión,Otro,Faltante,Ninguna,Sin restricción,POINT (-60.704748900000006 -32.8937796),"['Molina', 'Baigorria']",2,Molina; Baigorria,-32.8937796,-60.704748900000006,55.0,538.0,Municipio Rosario,Municipio,Rosario,820210,Servicio de Catastro e Información Territorial,IGN