anio_acci,nro_acci,fecha,desc_dia,fecha_aprox,hora_aprox,desc_ruta,km,cant_participantes,desc_participante,calle_avenida_km,total,heridos_leves,heridos_graves,heridos_gravisimos,ilesos,fallecidos,sin_datos,posicion_XY,desc_tipo_via,desc_ruta_ori,desc_loc,desc_dpto,desc_tipo_calzada,desc_tipo_banquina,desc_unidad_regional,desc_lugar_calzada,desc_zona,desc_prioridad,desc_estado_semaforo,desc_lugar_via,desc_estado_via,desc_estado_visibilidad,desc_luminosidad,desc_estado_clima,desc_tipo_colision,desc_tipo_atropello,desc_tipo_hecho,desc_pres_calzada,desc_senializacion,desc_separacion_via,desc_restriccion,forma_geocod,calle_lista,numero_calles,calles_osm,lat,lon,index_right,gid,fna,gna,nam,in1,fdc,sag
2014,9360,2014-12-19,Viernes,0.0,21:00:00,,0.0,2,"Automóvil,Bicicleta",La Paz Y Garzon,2,1,0,0,1,0,0,,Calle,,ROSARIO,Rosario,Asfalto,No existe,II,Dentro,Urbana,Marca Vial,No existe,Intersección,Bueno,Buena,"Nocturna,Con luz artificial",Buen Tiempo,Lateral,S/D,Colisión,Ninguna,Faltante,Cordón divisorio,Sin restricción,POINT (-60.70504420000001 -32.955546299999995),"['La Paz', 'Garzón']",2,La Paz; Garzón,-32.955546299999995,-60.70504420000001,55.0,538.0,Municipio Rosario,Municipio,Rosario,820210,Servicio de Catastro e Información Territorial,IGN
2014,9365,2014-12-07,Domingo,0.0,11:30:00,,0.0,2,"Automóvil,Moto/Ciclomotor",Rivarola 8000,2,1,0,0,1,0,0,,S/D,,ROSARIO,Rosario,Asfalto,Pavimento,II,S/D,Urbana,Marca Vial,No existe,Intersección,Con baches,Buena,Diurna,Buen Tiempo,Lateral,S/D,Colisión,S/D,S/D,S/D,Sin restricción,"-32.9920624, -60.6278173",['Rivarola 8000'],1,Rivarola 8000,-32.9920624,-60.6278173,55.0,538.0,Municipio Rosario,Municipio,Rosario,820210,Servicio de Catastro e Información Territorial,IGN
2014,9368,2014-12-09,Martes,0.0,08:50:00,,0.0,2,"Automóvil,Automóvil",C.Larralde Y Irurtia,2,1,0,0,1,0,0,,Calle,,ROSARIO,Rosario,Asfalto,No existe,I,S/D,Urbana,Ninguna,No existe,Intersección,Con baches,Buena,Diurna,Buen Tiempo,Lateral,S/D,Colisión,S/D,S/D,S/D,Sin restricción,POINT (-60.725996200000004 -32.9670634),"['Larralde', 'Irurtia']",2,Crisologo Larralde; Irurtia,-32.9670634,-60.7259962,55.0,538.0,Municipio Rosario,Municipio,Rosario,820210,Servicio de Catastro e Información Territorial,IGN
2014,9369,2014-12-20,Sabado,0.0,20:00:00,,0.0,2,"Moto/Ciclomotor,Automóvil",Av. Eva Peron Y Cullen,2,1,0,0,1,0,0,,Avenida,,ROSARIO,Rosario,Asfalto,No existe,II,Dentro,Urbana,Semáforo,Funciona,Intersección,Bueno,Buena,"Nocturna,Con luz artificial",Buen Tiempo,Lateral,S/D,Colisión,Ninguna,Faltante,Cordón divisorio,Sin restricción,POINT (-60.709416950000005 -32.93363715),"['Avenida Eva Perón', 'Cullen']",2,Avenida Eva Perón; Cullen,-32.93363715,-60.709416950000005,55.0,538.0,Municipio Rosario,Municipio,Rosario,820210,Servicio de Catastro e Información Territorial,IGN
2014,9370,2014-12-29,Lunes,0.0,13:30:00,,0.0,2,"Automóvil,Moto/Ciclomotor",Urquiza Y Solis,3,1,0,0,2,0,0,,Calle,,ROSARIO,Rosario,S/D,S/D,II,Dentro,Urbana,S/D,S/D,Intersección,S/D,S/D,S/D,S/D,Lateral,S/D,Colisión,S/D,Faltante,S/D,Sin restricción,POINT (-60.7037076 -32.9331829),"['Urquiza', 'Solis']",2,Justo José de Urquiza; Juan Díaz de Solís,-32.9331829,-60.7037076,55.0,538.0,Municipio Rosario,Municipio,Rosario,820210,Servicio de Catastro e Información Territorial,IGN
2014,9371,2014-12-11,Jueves,0.0,09:00:00,,0.0,2,"Automóvil,Moto/Ciclomotor",Rivarola Y Benitez,2,1,0,0,1,0,0,,S/D,,ROSARIO,Rosario,Asfalto,Pavimento,II,S/D,Urbana,Ninguna,No existe,Intersección,Con baches,Buena,Diurna,Buen Tiempo,De alcance,S/D,Colisión,S/D,S/D,S/D,Sin restricción,POINT (-60.72022135 -32.96605805),"['Rivarola', 'Benitez']",2,Avenida Doctor Rivarola; Benitez,-32.96605805,-60.72022135,55.0,538.0,Municipio Rosario,Municipio,Rosario,820210,Servicio de Catastro e Información Territorial,IGN
2014,9373,2014-01-05,Domingo,0.0,18:45:00,,0.0,2,"Automóvil,Automóvil",Ecuador Y Derqui,3,1,0,0,2,0,0,,Calle,,ROSARIO,Rosario,Asfalto,No existe,II,Dentro,Urbana,Marca Vial,No existe,Intersección,Bueno,Buena,Diurna,Buen Tiempo,Lateral,S/D,Colisión,Ninguna,Faltante,Cordón divisorio,Sin restricción,POINT (-60.715098700000006 -32.93810200000001),"['Ecuador', 'Derqui']",2,Ecuador; Derqui,-32.93810200000001,-60.715098700000006,55.0,538.0,Municipio Rosario,Municipio,Rosario,820210,Servicio de Catastro e Información Territorial,IGN
2014,9374,2014-12-06,Sabado,0.0,20:00:00,,0.0,2,"Automóvil,Moto/Ciclomotor",Av. Provincias Unidas Y Rueda,2,2,0,0,0,0,0,,Calle,,ROSARIO,Rosario,"Asfalto,Hormigón",No existe,II,S/D,Urbana,Marca Vial,S/D,Intersección,Con baches,Buena,Nocturna,Buen Tiempo,Lateral,S/D,Colisión,S/D,S/D,S/D,Sin restricción,POINT (-60.711669799999996 -32.9627928),"['Avenida Provincias Unidas', 'Rueda']",2,Avenida Provincias Unidas; Rueda,-32.9627928,-60.7116698,55.0,538.0,Municipio Rosario,Municipio,Rosario,820210,Servicio de Catastro e Información Territorial,IGN
2014,9375,2014-12-26,Viernes,0.0,21:15:00,,0.0,1,Moto/Ciclomotor,Junin Y Larrea,1,1,0,0,0,0,0,,Calle,,ROSARIO,Rosario,S/D,No existe,II,Dentro,Urbana,S/D,No existe,Recta,S/D,S/D,Nocturna,S/D,S/D,S/D,Caída ocupante,S/D,Faltante,Ninguna,Sin restricción,POINT (-60.6977779 -32.9271693),"['Junín', 'Larrea']",2,Junín; Larrea,-32.9271693,-60.6977779,55.0,538.0,Municipio Rosario,Municipio,Rosario,820210,Servicio de Catastro e Información Territorial,IGN
2014,9377,2014-12-10,Miercoles,0.0,15:00:00,,0.0,2,"Automóvil,Moto/Ciclomotor",Bv. 27 De Febrero Y Dr.G.Colombres,2,1,0,0,1,0,0,,Avenida,,ROSARIO,Rosario,Asfalto,Pavimento,II,S/D,Urbana,S/D,No existe,Intersección,Con baches,Buena,Diurna,Buen Tiempo,S/D,S/D,S/D,S/D,S/D,S/D,S/D,POINT (-60.7250904 -32.959706350000005),"['27 de Febrero', 'Doctor G. Colombres']",2,Bulevar 27 de Febrero; Doctor G. Colombres,-32.959706350000005,-60.7250904,55.0,538.0,Municipio Rosario,Municipio,Rosario,820210,Servicio de Catastro e Información Territorial,IGN
2014,9379,2014-12-20,Sabado,0.0,09:00:00,,0.0,2,"Moto/Ciclomotor,Moto/Ciclomotor",Av. Provincias Unidas Y Bv. Segui,2,2,0,0,0,0,0,,S/D,,ROSARIO,Rosario,Asfalto,Pavimento,II,S/D,Urbana,Semáforo,Funciona,Intersección,Resbaladiza,Buena,Diurna,Buen Tiempo,Lateral,S/D,Colisión,S/D,S/D,S/D,Sin restricción,POINT (-60.71134141428571 -32.97102804285714),"['Avenida Provincias Unidas', 'Bulevar Juan Francisco Seguí']",2,Avenida Provincias Unidas; Bulevar Juan Francisco Seguí,-32.97102804285714,-60.71134141428571,55.0,538.0,Municipio Rosario,Municipio,Rosario,820210,Servicio de Catastro e Información Territorial,IGN
2014,9380,2014-12-23,Martes,0.0,11:00:00,,0.0,2,"Automóvil,Moto/Ciclomotor",Campbell Y Gorriti,2,1,0,0,1,0,0,,Calle,,ROSARIO,Rosario,S/D,No existe,II,Dentro,Urbana,Ninguna,No existe,Intersección,S/D,Buena,Diurna,S/D,Lateral,S/D,Colisión,S/D,Faltante,Ninguna,Sin restricción,POINT (-60.708721499999996 -32.9242655),"['Campbell', 'Gorriti']",2,Campbell; Gorriti,-32.9242655,-60.7087215,55.0,538.0,Municipio Rosario,Municipio,Rosario,820210,Servicio de Catastro e Información Territorial,IGN
2014,9381,2014-12-22,Lunes,0.0,12:45:00,,260.0,2,"Moto/Ciclomotor,Automóvil",Ludueña Y Gambartes,2,1,0,0,1,0,0,,Calle,,ROSARIO,Rosario,Asfalto,No existe,II,Dentro,Rural,Ninguna,No existe,Recta,Bueno,Buena,Diurna,Buen Tiempo,S/D,S/D,Colisión,Ninguna,Faltante,Ninguna,Sin restricción,POINT (-60.70803875 -32.89322935),"['Ludueña', 'Gambartes']",2,Ludueña; Gambartes,-32.89322935,-60.70803875,55.0,538.0,Municipio Rosario,Municipio,Rosario,820210,Servicio de Catastro e Información Territorial,IGN
2014,9382,2014-12-15,Lunes,0.0,10:00:00,,0.0,2,"Moto/Ciclomotor,Automóvil",Fraga Y Chubut,2,1,0,0,1,0,0,,Calle,,ROSARIO,Rosario,Asfalto,No existe,II,Dentro,Urbana,Marca Vial,No existe,Intersección,Bueno,Buena,Diurna,S/D,Lateral,S/D,Colisión,Ninguna,Faltante,Cordón divisorio,Sin restricción,POINT (-60.71000050000001 -32.945570399999994),"['Fraga', 'Chubut']",2,Rosendo María Fraga; Chubut,-32.945570399999994,-60.71000050000001,55.0,538.0,Municipio Rosario,Municipio,Rosario,820210,Servicio de Catastro e Información Territorial,IGN
2014,9383,2014-12-22,Lunes,0.0,,,0.0,2,"Moto/Ciclomotor,Camión",Av. Circunvalacion Y Baigorria,2,1,0,0,1,0,0,,Calle,,ROSARIO,Rosario,S/D,No existe,II,S/D,Urbana,Ninguna,No existe,Recta,Bueno,Buena,Diurna,Buen Tiempo,Otro,S/D,Colisión,Otro,Faltante,Ninguna,Sin restricción,POINT (-60.719770260245994 -32.893468154963045),"['Circunvalacion', 'Baigorria']",2,Avenida de Circunvalación 25 de Mayo; Baigorria,-32.893468154963045,-60.719770260246,55.0,538.0,Municipio Rosario,Municipio,Rosario,820210,Servicio de Catastro e Información Territorial,IGN
2014,9385,2014-12-26,Viernes,0.0,21:00:00,,0.0,2,"Automóvil,Moto/Ciclomotor",Garay Y Av. Provincias Unidas,2,1,0,0,1,0,0,,Avenida,,ROSARIO,Rosario,Asfalto,Pavimento,II,S/D,Urbana,Ninguna,No existe,Intersección,Con baches,Buena,Nocturna,Buen Tiempo,Lateral,S/D,Colisión,S/D,S/D,S/D,Sin restricción,POINT (-60.71154395000001 -32.96631855),"['Garay', 'Avenida Provincias Unidas']",2,Juan de Garay; Avenida Provincias Unidas,-32.96631855,-60.71154395000001,55.0,538.0,Municipio Rosario,Municipio,Rosario,820210,Servicio de Catastro e Información Territorial,IGN
2014,9386,2014-12-19,Viernes,0.0,07:15:00,,0.0,2,"Moto/Ciclomotor,Automóvil",Av. Pellegrini ,2,1,0,0,1,0,0,,Avenida,,ROSARIO,Rosario,Asfalto,No existe,II,Dentro,Urbana,Semáforo,Funciona,Recta,Bueno,Buena,Diurna,Buen Tiempo,Lateral,S/D,Colisión,Otro,Faltante,Cordón divisorio,Sin restricción,"-32.9484613, -60.7054148",['Pellegrini'],1,Pellegrini,-32.9484613,-60.7054148,55.0,538.0,Municipio Rosario,Municipio,Rosario,820210,Servicio de Catastro e Información Territorial,IGN
2014,9388,2014-12-16,Martes,0.0,20:40:00,,0.0,2,"Automóvil,Moto/Ciclomotor",Humberto I Y Carriego,2,1,0,0,1,0,0,,Calle,,ROSARIO,Rosario,Asfalto,No existe,II,S/D,Urbana,Ninguna,No existe,Intersección,S/D,S/D,Nocturna,S/D,S/D,S/D,Colisión,S/D,Faltante,Ninguna,Sin restricción,POINT (-60.6874527 -32.9298039),"['Humberto', 'Carriego']",2,Humberto Primero; Carriego,-32.9298039,-60.6874527,55.0,538.0,Municipio Rosario,Municipio,Rosario,820210,Servicio de Catastro e Información Territorial,IGN
2014,9390,2014-12-27,Sabado,0.0,,,0.0,2,"Automóvil,Moto/Ciclomotor",Bv. J.Granel 2800,2,1,0,0,1,0,0,,Avenida,,ROSARIO,Rosario,Asfalto,No existe,II,S/D,Urbana,Ninguna,No existe,Recta,Bueno,Buena,Diurna,Buen Tiempo,Otro,S/D,Colisión,Ninguna,Faltante,Ninguna,Sin restricción,"-32.8931912, -60.7202038",['J Granel 2800'],1,J Granel 2800,-32.8931912,-60.7202038,55.0,538.0,Municipio Rosario,Municipio,Rosario,820210,Servicio de Catastro e Información Territorial,IGN
2014,9393,2014-12-12,Viernes,0.0,17:20:00,,0.0,2,"Moto/Ciclomotor,Moto/Ciclomotor",Garzon Y Gorriti,2,1,0,0,1,0,0,,Calle,,ROSARIO,Rosario,S/D,No existe,II,S/D,Urbana,Ninguna,No existe,Intersección,S/D,S/D,Diurna,S/D,S/D,S/D,Colisión,S/D,S/D,Ninguna,Sin restricción,POINT (-60.70633589999999 -32.9241748),"['Garzón', 'Gorriti']",2,Garzón; Gorriti,-32.9241748,-60.70633589999999,55.0,538.0,Municipio Rosario,Municipio,Rosario,820210,Servicio de Catastro e Información Territorial,IGN
2014,9397,2014-12-07,Domingo,0.0,16:00:00,,0.0,2,"Pickup/Utilitario,Moto/Ciclomotor",Roullon Y F.M.Esquiu,3,2,0,0,1,0,0,,Calle,,ROSARIO,Rosario,S/D,No existe,II,S/D,Urbana,Ninguna,No existe,Intersección,S/D,S/D,Diurna,S/D,S/D,S/D,Colisión,S/D,S/D,Ninguna,Sin restricción,POINT (-60.7029511 -32.9228338),"['Alfredo Rouillón', 'Esquiú']",2,Alfredo Rouillón; Esquiú,-32.9228338,-60.7029511,55.0,538.0,Municipio Rosario,Municipio,Rosario,820210,Servicio de Catastro e Información Territorial,IGN
2014,9401,2014-12-07,Domingo,0.0,21:45:00,,0.0,2,"Automóvil,Automóvil",Rep.Dominicana Y Humberto I,2,1,0,0,1,0,0,,Calle,,ROSARIO,Rosario,S/D,No existe,II,S/D,Urbana,Ninguna,No existe,Intersección,S/D,S/D,Nocturna,S/D,S/D,S/D,S/D,S/D,Faltante,Ninguna,Sin restricción,POINT (-60.689815900000006 -32.929869999999994),"['República Dominicana', 'Humberto']",2,República Dominicana; Humberto Primero,-32.929869999999994,-60.689815900000006,55.0,538.0,Municipio Rosario,Municipio,Rosario,820210,Servicio de Catastro e Información Territorial,IGN
2014,9407,2014-12-09,Martes,0.0,15:30:00,,0.0,2,"Automóvil,Moto/Ciclomotor",Av. Eva Peron Y Pje. J.Kay,2,1,0,0,1,0,0,,Avenida,,ROSARIO,Rosario,Asfalto,S/D,II,S/D,Urbana,S/D,S/D,Intersección,Bueno,S/D,S/D,S/D,S/D,S/D,S/D,S/D,S/D,S/D,S/D,POINT (-60.7309228 -32.92977395),"['Avenida Eva Perón', 'Kay']",2,Avenida Eva Perón; Jorge Kay,-32.92977395,-60.7309228,55.0,538.0,Municipio Rosario,Municipio,Rosario,820210,Servicio de Catastro e Información Territorial,IGN
2014,9409,2014-12-30,Martes,0.0,11:40:00,,0.0,2,"Moto/Ciclomotor,Automóvil",Av. Pellegrini Y Fraga,3,1,0,0,2,0,0,,Avenida,,ROSARIO,Rosario,Asfalto,No existe,II,Dentro,Urbana,Marca Vial,No existe,Intersección,Bueno,Buena,Diurna,Buen Tiempo,Lateral,S/D,Colisión,Ninguna,Faltante,Cordón divisorio,Sin restricción,POINT (-60.709896549999996 -32.94852544999999),"['Pellegrini', 'Fraga']",2,Avenida Carlos Pellegrini; Rosendo María Fraga,-32.94852544999999,-60.70989655,55.0,538.0,Municipio Rosario,Municipio,Rosario,820210,Servicio de Catastro e Información Territorial,IGN
2014,10290,2014-11-01,Sabado,0.0,23:30:00,,0.0,2,"Peatón,Taxi/Remis",J.M.de Rosas Y Av. Pellegrini,2,1,0,0,1,0,0,,Avenida,,ROSARIO,Rosario,Asfalto,S/D,II,Dentro,Urbana,Semáforo,Funciona,Intersección,Bueno,Buena,Nocturna,Buen Tiempo,S/D,S/D,Atropello,S/D,S/D,Cordón divisorio,S/D,POINT (-60.63399975 -32.95854455),"['De Rosas', 'Pellegrini']",2,Juan Manuel de Rosas; Avenida Carlos Pellegrini,-32.95854455,-60.63399975,55.0,538.0,Municipio Rosario,Municipio,Rosario,820210,Servicio de Catastro e Información Territorial,IGN
2014,10293,2014-11-10,Lunes,0.0,11:00:00,,0.0,2,"Automóvil,Moto/Ciclomotor",Rivarola Y C.Larralde,2,1,0,0,1,0,0,,Calle,,ROSARIO,Rosario,Asfalto,No existe,II,Dentro,Urbana,Ninguna,No existe,Intersección,Bueno,Buena,Diurna,Buen Tiempo,S/D,S/D,Colisión,S/D,Faltante,S/D,S/D,POINT (-60.7260058 -32.9662522),"['Rivarola', 'Larralde']",2,Avenida Doctor Rivarola; Crisologo Larralde,-32.9662522,-60.7260058,55.0,538.0,Municipio Rosario,Municipio,Rosario,820210,Servicio de Catastro e Información Territorial,IGN
2014,10295,2014-11-22,Sabado,0.0,21:30:00,,0.0,2,"Moto/Ciclomotor,Automóvil",Av. Arijon Y Bv. Oroño,2,1,0,0,1,0,0,,Avenida,,ROSARIO,Rosario,Asfalto,No existe,II,Dentro,Urbana,Semáforo,Funciona,Intersección,Bueno,Buena,Nocturna,Buen Tiempo,Frontal,S/D,Colisión,S/D,Vertical,Línea divisoria pintada,Sin restricción,POINT (-60.6650193 -33.003540599999994),"['Avenida Manuel Arijón', 'Bulevar Nicasio Oroño']",2,Avenida Manuel Arijón; Bulevar Nicasio Oroño,-33.003540599999994,-60.6650193,55.0,538.0,Municipio Rosario,Municipio,Rosario,820210,Servicio de Catastro e Información Territorial,IGN
2014,10305,2014-11-20,Jueves,0.0,13:45:00,,0.0,2,"Moto/Ciclomotor,Pickup/Utilitario",Pje. Suriguez y Acha Y Cazadores,2,1,0,0,1,0,0,,Calle,,ROSARIO,Rosario,Asfalto,No existe,II,Dentro,Urbana,Ninguna,No existe,Intersección,Bueno,Buena,Diurna,Buen Tiempo,Lateral,S/D,Colisión,S/D,Faltante,Cordón divisorio,Sin restricción,POINT (-60.6583502 -33.00432909999999),"['Suriguez y Acha', 'Cazadores']",2,Suriguez y Acha; Cazadores,-33.00432909999999,-60.6583502,55.0,538.0,Municipio Rosario,Municipio,Rosario,820210,Servicio de Catastro e Información Territorial,IGN
2014,10318,2014-10-11,Sabado,0.0,21:10:00,,0.0,2,"Moto/Ciclomotor,Automóvil",San Martin Y Patricios,2,0,1,0,1,0,0,,Calle,,ROSARIO,Rosario,Asfalto,No existe,II,Dentro,Urbana,Ninguna,No existe,Recta,Bueno,Buena,Nocturna,Otro,S/D,S/D,Colisión,Otro,Horizontal,Cordón divisorio,Sin restricción,POINT (-60.651072799999994 -33.010990250000006),"['San Martin', 'Patricios']",2,José de San Martín; Patricios,-33.010990250000006,-60.6510728,55.0,538.0,Municipio Rosario,Municipio,Rosario,820210,Servicio de Catastro e Información Territorial,IGN
2014,10322,2014-11-15,Sabado,0.0,16:40:00,,0.0,2,"Moto/Ciclomotor,Automóvil",Bv. Segui 3800,3,2,0,0,1,0,0,,Avenida,,ROSARIO,Rosario,Asfalto,No existe,II,Dentro,Urbana,Semáforo,Funciona,Intersección,Bueno,Buena,Diurna,Buen Tiempo,Frontal,S/D,Colisión,Ninguna,Vertical,Cordón divisorio,Sin restricción,"-32.97234, -60.6830942",['Bulevar Juan Francisco Seguí 3800'],1,Bulevar Juan Francisco Seguí 3800,-32.97234,-60.6830942,55.0,538.0,Municipio Rosario,Municipio,Rosario,820210,Servicio de Catastro e Información Territorial,IGN
2014,10323,2014-11-17,Lunes,0.0,,,0.0,2,"Automóvil,Moto/Ciclomotor",Suipacha Y 9 De Julio,2,1,0,0,1,0,0,,Calle,,ROSARIO,Rosario,Asfalto,S/D,II,Dentro,Urbana,S/D,S/D,Intersección,S/D,S/D,S/D,S/D,S/D,S/D,Colisión,S/D,S/D,S/D,S/D,POINT (-60.666029 -32.949221400000006),"['Suipacha', '9 de Julio']",2,Suipacha; 9 de Julio,-32.949221400000006,-60.666029,55.0,538.0,Municipio Rosario,Municipio,Rosario,820210,Servicio de Catastro e Información Territorial,IGN
2014,10328,2014-10-21,Martes,0.0,18:40:00,,0.0,2,"Moto/Ciclomotor,Automóvil",Av. Arijon Y Cereseto,2,1,0,0,1,0,0,,S/D,,ROSARIO,Rosario,Asfalto,No existe,II,Dentro,Urbana,Semáforo,Funciona,Intersección,Bueno,Buena,Atardecer,Buen Tiempo,Lateral,S/D,Colisión,S/D,Vertical,Cordón divisorio,Sin restricción,POINT (-60.67382760000001 -33.0037959),"['Avenida Manuel Arijón', 'Cereseto']",2,Avenida Manuel Arijón; Cereseto,-33.0037959,-60.67382760000001,55.0,538.0,Municipio Rosario,Municipio,Rosario,820210,Servicio de Catastro e Información Territorial,IGN
2014,10330,2014-11-05,Miercoles,0.0,19:45:00,,0.0,2,"Peatón,Automóvil",E.Zeballos Y L.N.Alem,2,1,0,0,1,0,0,,Calle,,ROSARIO,Rosario,Asfalto,S/D,II,Dentro,Urbana,S/D,S/D,Intersección,Bueno,Buena,Diurna,S/D,S/D,S/D,Atropello,S/D,S/D,Cordón divisorio,S/D,POINT (-60.630486 -32.956978299999996),"['Zeballos', 'Alem']",2,Zeballos; Leandro N. Alem,-32.9569783,-60.630486,55.0,538.0,Municipio Rosario,Municipio,Rosario,820210,Servicio de Catastro e Información Territorial,IGN
2014,10335,2014-11-15,Sabado,0.0,17:10:00,,0.0,2,"Moto/Ciclomotor,Pickup/Utilitario",Lavalle 4000,2,1,0,0,1,0,0,,Calle,,ROSARIO,Rosario,Asfalto,No existe,II,Dentro,Urbana,Ninguna,No existe,Intersección,Bueno,Buena,Diurna,Buen Tiempo,Frontal,S/D,Colisión,Ninguna,Vertical,Ninguna,Sin restricción,"-32.9777296, -60.6874541",['Lavalle 4000'],1,Lavalle 4000,-32.9777296,-60.6874541,55.0,538.0,Municipio Rosario,Municipio,Rosario,820210,Servicio de Catastro e Información Territorial,IGN
2014,10337,2014-11-10,Lunes,0.0,17:10:00,,0.0,2,"Pickup/Utilitario,Moto/Ciclomotor",L.N.Alem Y 3 De Febrero,3,2,0,0,1,0,0,,Calle,,ROSARIO,Rosario,S/D,S/D,II,Dentro,Urbana,S/D,S/D,S/D,S/D,S/D,Diurna,S/D,S/D,S/D,S/D,S/D,S/D,S/D,S/D,POINT (-60.6299037 -32.95446179999999),"['Alem', '3 de Febrero']",2,Leandro N. Alem; 3 de Febrero,-32.95446179999999,-60.6299037,55.0,538.0,Municipio Rosario,Municipio,Rosario,820210,Servicio de Catastro e Información Territorial,IGN
2014,10339,2014-10-22,Miercoles,0.0,17:30:00,,0.0,2,"Bicicleta,Automóvil",San Martin 6300,2,1,0,0,1,0,0,,Avenida,,ROSARIO,Rosario,Asfalto,No existe,II,Dentro,Urbana,Ninguna,No existe,Recta,Con baches,Buena,Diurna,Otro,Otro,S/D,Atropello,Ninguna,Horizontal,Cordón divisorio,Sin restricción,"-32.9764777, -60.6372639",['San Martin 6300'],1,San Martin 6300,-32.9764777,-60.6372639,55.0,538.0,Municipio Rosario,Municipio,Rosario,820210,Servicio de Catastro e Información Territorial,IGN
2014,10342,2014-11-18,Martes,0.0,23:10:00,,0.0,2,"Peatón,Pickup/Utilitario",Lamadrid Y Bv. Oroño,2,1,0,0,1,0,0,,Calle,,ROSARIO,Rosario,Asfalto,S/D,II,Dentro,Urbana,Semáforo,S/D,Intersección,Bueno,Buena,Nocturna,Buen Tiempo,S/D,S/D,Atropello,S/D,Vertical,Cordón divisorio,Sin restricción,POINT (-60.66524270000001 -32.9976152),"['Lamadrid', 'Bulevar Nicasio Oroño']",2,Gregorio Aráoz de Lamadrid; Bulevar Nicasio Oroño,-32.9976152,-60.66524270000001,55.0,538.0,Municipio Rosario,Municipio,Rosario,820210,Servicio de Catastro e Información Territorial,IGN
2014,10344,2014-10-22,Miercoles,0.0,10:40:00,,0.0,2,"Bicicleta,Automóvil",Pje. Villegas Y Padre R. Giaccone,2,1,0,0,1,0,0,,Calle,,ROSARIO,Rosario,Asfalto,No existe,II,Dentro,Urbana,Ninguna,No existe,Intersección,Bueno,Buena,Diurna,Otro,Otro,S/D,Atropello,Ninguna,Horizontal,Ninguna,Sin restricción,POINT (-60.65234060000001 -33.0080809),"['Villegas', 'Padre R. Giaccone']",2,Villegas; Padre R. Giaccone,-33.0080809,-60.65234060000001,55.0,538.0,Municipio Rosario,Municipio,Rosario,820210,Servicio de Catastro e Información Territorial,IGN
2014,10346,2014-11-04,Martes,0.0,18:50:00,,0.0,2,"Moto/Ciclomotor,Pickup/Utilitario",Ombu Y Callao,2,1,0,0,1,0,0,,Calle,,ROSARIO,Rosario,Asfalto,No existe,II,Dentro,Urbana,Ninguna,No existe,Intersección,Bueno,Buena,Atardecer,Buen Tiempo,Lateral,S/D,Colisión,S/D,Faltante,Cordón divisorio,Sin restricción,POINT (-60.6711432 -33.006649),"['Ombú', 'Callao']",2,Ombú; Callao,-33.006649,-60.6711432,55.0,538.0,Municipio Rosario,Municipio,Rosario,820210,Servicio de Catastro e Información Territorial,IGN
2014,10348,2014-10-15,Miercoles,0.0,09:00:00,,0.0,2,"Moto/Ciclomotor,Automóvil",San Martin Y Lainez,2,1,0,0,1,0,0,,Avenida,,ROSARIO,Rosario,Asfalto,No existe,II,Dentro,Urbana,Ninguna,No existe,Intersección,Bueno,Buena,Diurna,Otro,Otro,S/D,Colisión,Ninguna,Horizontal,Cordón divisorio,Sin restricción,POINT (-60.649860849999996 -33.00533775),"['San Martin', 'Láinez']",2,José de San Martín; Láinez,-33.00533775,-60.64986085,55.0,538.0,Municipio Rosario,Municipio,Rosario,820210,Servicio de Catastro e Información Territorial,IGN
2014,10349,2014-11-18,Martes,0.0,21:00:00,,0.0,2,"Pickup/Utilitario,Moto/Ciclomotor",Av. Circunvalacion Y Av. Uriburu,2,2,0,0,0,0,0,,Calle,,ROSARIO,Rosario,Asfalto,No existe,II,Dentro,Urbana,Marca Vial,No existe,Recta,Bueno,S/D,Nocturna,Buen Tiempo,De alcance,S/D,Colisión,S/D,Faltante,S/D,S/D,POINT (-60.70053645 -32.992253950000006),"['Circunvalacion', 'Uriburu']",2,"('Juan Pablo II', 'Avenida José Uriburu')",-32.992253950000006,-60.70053645,55.0,538.0,Municipio Rosario,Municipio,Rosario,820210,Servicio de Catastro e Información Territorial,IGN
2014,10351,2014-11-13,Jueves,0.0,08:20:00,,0.0,2,"Taxi/Remis,Otros",Av. Corrientes 1500,3,1,0,0,2,0,0,,Avenida,,ROSARIO,Rosario,Asfalto,S/D,II,Dentro,Urbana,Ninguna,No existe,Recta,Bueno,Buena,Diurna,Buen Tiempo,De alcance,S/D,Colisión,S/D,Faltante,Cordón divisorio,Sin restricción,"-32.9541737, -60.6444998",['Corrientes 1500'],1,Corrientes 1500,-32.9541737,-60.6444998,55.0,538.0,Municipio Rosario,Municipio,Rosario,820210,Servicio de Catastro e Información Territorial,IGN