anio_acci,nro_acci,fecha,desc_dia,fecha_aprox,hora_aprox,desc_ruta,km,cant_participantes,desc_participante,calle_avenida_km,total,heridos_leves,heridos_graves,heridos_gravisimos,ilesos,fallecidos,sin_datos,posicion_XY,desc_tipo_via,desc_ruta_ori,desc_loc,desc_dpto,desc_tipo_calzada,desc_tipo_banquina,desc_unidad_regional,desc_lugar_calzada,desc_zona,desc_prioridad,desc_estado_semaforo,desc_lugar_via,desc_estado_via,desc_estado_visibilidad,desc_luminosidad,desc_estado_clima,desc_tipo_colision,desc_tipo_atropello,desc_tipo_hecho,desc_pres_calzada,desc_senializacion,desc_separacion_via,desc_restriccion,forma_geocod,calle_lista,numero_calles,calles_osm,lat,lon,index_right,gid,fna,gna,nam,in1,fdc,sag
2014,10354,2014-11-14,Viernes,0.0,12:45:00,,0.0,2,"Automóvil,Automóvil",Dorrego Y Av. Pellegrini,3,1,0,0,2,0,0,,Avenida,,ROSARIO,Rosario,Asfalto,S/D,II,Dentro,Urbana,Semáforo,Funciona,Intersección,Bueno,Buena,Diurna,Buen Tiempo,Lateral,S/D,Colisión,S/D,Vertical,Cordón divisorio,Sin restricción,POINT (-60.6519337 -32.95532245),"['Dorrego', 'Pellegrini']",2,Manuel Dorrego; Avenida Carlos Pellegrini,-32.95532245,-60.6519337,55.0,538.0,Municipio Rosario,Municipio,Rosario,820210,Servicio de Catastro e Información Territorial,IGN
2014,10355,2014-10-13,Lunes,0.0,06:00:00,,0.0,2,"Moto/Ciclomotor,Automóvil",San Martin 7200,3,2,0,0,0,0,1,,Avenida,,ROSARIO,Rosario,Asfalto,No existe,II,Dentro,Urbana,Ninguna,No existe,Recta,Bueno,Buena,Amanecer,Otro,Otro,S/D,Colisión,Ninguna,Horizontal,Ninguna,Sin restricción,"-32.9764777, -60.6372639",['San Martin 7200'],1,San Martin 7200,-32.9764777,-60.6372639,55.0,538.0,Municipio Rosario,Municipio,Rosario,820210,Servicio de Catastro e Información Territorial,IGN
2014,10357,2014-10-10,Viernes,0.0,22:35:00,,0.0,2,"Moto/Ciclomotor,Automóvil",Av. Battle y Ordoñez Y Mariano Moreno,2,1,0,0,1,0,0,,Calle,,ROSARIO,Rosario,Asfalto,No existe,II,Dentro,Urbana,Semáforo,Funciona,Intersección,Bueno,Buena,"Nocturna,Con luz artificial",Buen Tiempo,Lateral,S/D,Colisión,S/D,Vertical,Cordón divisorio,Sin restricción,POINT (-60.661635649999994 -33.0093064),"['Avenida Battle y Ordoñez', 'Mariano Moreno']",2,Avenida Battle y Ordoñez; Mariano Moreno,-33.0093064,-60.66163565,55.0,538.0,Municipio Rosario,Municipio,Rosario,820210,Servicio de Catastro e Información Territorial,IGN
2014,10359,2014-11-22,Sabado,0.0,23:40:00,,0.0,2,"Moto/Ciclomotor,Automóvil",Dr.Rivas 3100,3,1,0,0,2,0,0,,Calle,,ROSARIO,Rosario,Asfalto,No existe,II,Dentro,Urbana,Ninguna,No existe,Intersección,Bueno,Buena,Diurna,Buen Tiempo,Frontal,S/D,Colisión,Ninguna,Vertical,Ninguna,Sin restricción,"-32.9755954, -60.6988426",['Doctor Francisco Riva 3100'],1,Doctor Francisco Riva 3100,-32.9755954,-60.6988426,55.0,538.0,Municipio Rosario,Municipio,Rosario,820210,Servicio de Catastro e Información Territorial,IGN
2014,10360,2014-11-10,Lunes,0.0,19:20:00,,0.0,2,"Moto/Ciclomotor,Moto/Ciclomotor",Av. Francia Y Av. Arijon,2,1,0,0,1,0,0,,Avenida,,ROSARIO,Rosario,Asfalto,Pavimento,II,Dentro,Urbana,Semáforo,Funciona,Intersección,Bueno,Buena,Atardecer,Buen Tiempo,De alcance,S/D,Colisión,S/D,Vertical,Ninguna,Sin restricción,POINT (-60.6776235 -33.00390229999999),"['Avenida Francia', 'Avenida Manuel Arijón']",2,Avenida Francia; Avenida Manuel Arijón,-33.00390229999999,-60.6776235,55.0,538.0,Municipio Rosario,Municipio,Rosario,820210,Servicio de Catastro e Información Territorial,IGN
2014,10363,2014-10-10,Viernes,0.0,15:30:00,,0.0,2,"Moto/Ciclomotor,Pickup/Utilitario",Bv. Oroño Y Ombu,2,0,1,0,1,0,0,,Calle,,ROSARIO,Rosario,Asfalto,No existe,II,S/D,Urbana,Semáforo,Funciona,Intersección,Bueno,Buena,Diurna,Buen Tiempo,Lateral,S/D,Colisión,S/D,Vertical,Cordón divisorio,Sin restricción,POINT (-60.6650605 -33.0064775),"['Bulevar Nicasio Oroño', 'Ombú']",2,Bulevar Nicasio Oroño; Ombú,-33.0064775,-60.6650605,55.0,538.0,Municipio Rosario,Municipio,Rosario,820210,Servicio de Catastro e Información Territorial,IGN
2014,10364,2014-11-18,Martes,0.0,16:00:00,,0.0,2,"Moto/Ciclomotor,Pickup/Utilitario",Rivarola 7200,2,1,0,0,1,0,0,,Calle,,ROSARIO,Rosario,Asfalto,No existe,II,Dentro,Urbana,S/D,No existe,Intersección,S/D,S/D,Diurna,Lluvia,Lateral,S/D,Colisión,S/D,S/D,S/D,S/D,"-32.9658634, -60.7176048",['Rivarola 7200'],1,Rivarola 7200,-32.9658634,-60.7176048,55.0,538.0,Municipio Rosario,Municipio,Rosario,820210,Servicio de Catastro e Información Territorial,IGN
2014,10365,2014-11-14,Viernes,0.0,14:15:00,,0.0,2,"Automóvil,Automóvil",Pueyrredon Y E.Zeballos,2,2,0,0,0,0,0,,Calle,,ROSARIO,Rosario,Asfalto,S/D,II,Dentro,Urbana,S/D,S/D,Intersección,S/D,S/D,Diurna,S/D,S/D,S/D,Colisión,S/D,S/D,S/D,S/D,POINT (-60.6595219 -32.95155700000002),"['Pueyrredón', 'Zeballos']",2,Pueyrredón; Zeballos,-32.95155700000002,-60.6595219,55.0,538.0,Municipio Rosario,Municipio,Rosario,820210,Servicio de Catastro e Información Territorial,IGN
2014,10367,2014-11-17,Lunes,0.0,22:30:00,,0.0,2,"Automóvil,Moto/Ciclomotor",San Juan Y Dorrego,3,1,0,0,2,0,0,,Calle,,ROSARIO,Rosario,Asfalto,S/D,II,Dentro,Urbana,Ninguna,No existe,Intersección,Bueno,Buena,Nocturna,Buen Tiempo,Lateral,S/D,Colisión,S/D,Faltante,Cordón divisorio,Sin restricción,POINT (-60.650125 -32.948187199999985),"['San Juan', 'Dorrego']",2,"('San Juan', 'Manuel Dorrego')",-32.948187199999985,-60.650125,55.0,538.0,Municipio Rosario,Municipio,Rosario,820210,Servicio de Catastro e Información Territorial,IGN
2014,10368,2014-11-18,Martes,0.0,10:00:00,,0.0,2,"Automóvil,Transporte de Pasajeros Urbano (> 8 asientos)",Av. Pellegrini 400,2,1,0,0,1,0,0,,Avenida,,ROSARIO,Rosario,Asfalto,S/D,II,Dentro,Urbana,Semáforo,Funciona,Recta,Bueno,Buena,Diurna,S/D,Lateral,S/D,Colisión,S/D,Horizontal,Cordón divisorio,S/D,"-32.958959, -60.6308602",['Pellegrini 400'],1,Pellegrini 400,-32.958959,-60.6308602,55.0,538.0,Municipio Rosario,Municipio,Rosario,820210,Servicio de Catastro e Información Territorial,IGN
2014,10370,2014-11-15,Sabado,0.0,18:00:00,,0.0,2,"Moto/Ciclomotor,Moto/Ciclomotor",Alsina 3400,2,1,0,0,1,0,0,,Calle,,ROSARIO,Rosario,Asfalto,No existe,II,Dentro,Urbana,Ninguna,No existe,Intersección,Bueno,Buena,Diurna,Buen Tiempo,Frontal,S/D,Colisión,Ninguna,Vertical,Ninguna,Sin restricción,"-32.9698058, -60.6841223",['Alsina 3400'],1,Alsina 3400,-32.9698058,-60.6841223,55.0,538.0,Municipio Rosario,Municipio,Rosario,820210,Servicio de Catastro e Información Territorial,IGN
2014,10371,2014-11-03,Lunes,0.0,09:16:00,,0.0,2,"Moto/Ciclomotor,Automóvil",Av. Arijon Y Balcarce,2,1,0,0,1,0,0,,Calle,,ROSARIO,Rosario,Asfalto,No existe,II,Dentro,Urbana,Ninguna,No existe,Intersección,Bueno,Buena,Diurna,Buen Tiempo,Lateral,S/D,Colisión,S/D,Faltante,Línea divisoria pintada,Sin restricción,POINT (-60.6633107 -33.00349020000001),"['Avenida Manuel Arijón', 'Balcarce']",2,Avenida Manuel Arijón; Balcarce,-33.00349020000001,-60.6633107,55.0,538.0,Municipio Rosario,Municipio,Rosario,820210,Servicio de Catastro e Información Territorial,IGN
2014,10372,2014-11-19,Miercoles,0.0,16:00:00,,0.0,2,"Automóvil,Moto/Ciclomotor",Rivarola 7200,2,2,0,0,0,0,0,,Calle,,ROSARIO,Rosario,Asfalto,No existe,II,Dentro,Urbana,Marca Vial,No existe,Intersección,Bueno,Buena,Diurna,Buen Tiempo,Lateral,S/D,Colisión,S/D,S/D,S/D,S/D,"-32.9658634, -60.7176048",['Rivarola 7200'],1,Rivarola 7200,-32.9658634,-60.7176048,55.0,538.0,Municipio Rosario,Municipio,Rosario,820210,Servicio de Catastro e Información Territorial,IGN
2014,10373,2014-10-05,Domingo,0.0,05:50:00,,0.0,2,"Moto/Ciclomotor,Automóvil",Bv. Oroño Y Av. Arijon,2,1,0,0,1,0,0,,Avenida,,ROSARIO,Rosario,Asfalto,No existe,II,S/D,Urbana,Semáforo,Funciona,Intersección,Bueno,S/D,Amanecer,Buen Tiempo,Lateral,S/D,Colisión,S/D,S/D,Cordón divisorio,S/D,POINT (-60.6650193 -33.003540599999994),"['Bulevar Nicasio Oroño', 'Avenida Manuel Arijón']",2,Bulevar Nicasio Oroño; Avenida Manuel Arijón,-33.003540599999994,-60.6650193,55.0,538.0,Municipio Rosario,Municipio,Rosario,820210,Servicio de Catastro e Información Territorial,IGN
2014,10374,2014-11-10,Lunes,0.0,04:30:00,,0.0,2,"Automóvil,Automóvil",Av. Pellegrini Y J.M.de Rosas,2,1,0,0,1,0,0,,Avenida,,ROSARIO,Rosario,Asfalto,S/D,II,Dentro,Urbana,Semáforo,Funciona,Recta,Bueno,Buena,Nocturna,Buen Tiempo,Lateral,S/D,Colisión,S/D,S/D,Cordón divisorio,S/D,POINT (-60.63399975 -32.95854455),"['Pellegrini', 'De Rosas']",2,Avenida Carlos Pellegrini; Juan Manuel de Rosas,-32.95854455,-60.63399975,55.0,538.0,Municipio Rosario,Municipio,Rosario,820210,Servicio de Catastro e Información Territorial,IGN
2014,10375,2014-11-12,Miercoles,0.0,20:45:00,,0.0,3,"Peatón,Moto/Ciclomotor,Automóvil",Iriondo 3900,3,2,0,0,1,0,0,,Calle,,ROSARIO,Rosario,Asfalto,No existe,II,Dentro,Urbana,Ninguna,No existe,Intersección,Bueno,Buena,Diurna,Buen Tiempo,S/D,S/D,Atropello,Ninguna,Vertical,Ninguna,Sin restricción,"-32.9539784, -60.6729313",['Iriondo 3900'],1,Iriondo 3900,-32.9539784,-60.6729313,55.0,538.0,Municipio Rosario,Municipio,Rosario,820210,Servicio de Catastro e Información Territorial,IGN
2014,10379,2014-11-17,Lunes,0.0,09:40:00,,0.0,2,"Taxi/Remis,Pickup/Utilitario",San Nicolas Y 3 De Febrero,2,1,0,0,1,0,0,,Calle,,ROSARIO,Rosario,Asfalto,S/D,II,Dentro,Urbana,S/D,S/D,Intersección,S/D,S/D,Diurna,S/D,S/D,S/D,Colisión,S/D,S/D,S/D,S/D,POINT (-60.6739228 -32.94667499999999),"['San Nicolás', '3 de Febrero']",2,San Nicolás; 3 de Febrero,-32.94667499999999,-60.6739228,55.0,538.0,Municipio Rosario,Municipio,Rosario,820210,Servicio de Catastro e Información Territorial,IGN
2014,10380,2014-11-18,Martes,0.0,23:30:00,,0.0,2,"Peatón,Camión",San Juan De Luz Y Copacabana,2,1,0,0,1,0,0,,Calle,,ROSARIO,Rosario,Asfalto,Natural,II,Dentro,Urbana,Ninguna,Intermitente,Intersección,Bueno,Buena,Nocturna,Buen Tiempo,S/D,S/D,Atropello,S/D,Faltante,Ninguna,Sin restricción,POINT (-60.6891882 -33.02838630000001),"['San Juan de Luz', 'Copacabana']",2,San Juan de Luz; Copacabana,-33.02838630000001,-60.6891882,55.0,538.0,Municipio Rosario,Municipio,Rosario,820210,Servicio de Catastro e Información Territorial,IGN
2014,10382,2014-10-17,Viernes,0.0,23:30:00,,0.0,2,"Vehículo Oficial,Automóvil",Av. Arijon Y Rodriguez,2,1,0,0,1,0,0,,Avenida,,ROSARIO,Rosario,Asfalto,No existe,II,Dentro,Urbana,Semáforo,Funciona,Intersección,Bueno,Buena,Nocturna,Buen Tiempo,Lateral,S/D,Colisión,S/D,Vertical,Cordón divisorio,Sin restricción,POINT (-60.670217300000004 -33.00366629999999),"['Avenida Manuel Arijón', 'Rodríguez']",2,Avenida Manuel Arijón; Rodríguez de Escobedo,-33.00366629999999,-60.6702173,55.0,538.0,Municipio Rosario,Municipio,Rosario,820210,Servicio de Catastro e Información Territorial,IGN
2014,10384,2014-10-14,Martes,0.0,08:20:00,,0.0,2,"Moto/Ciclomotor,Pickup/Utilitario",Italia Y Cazadores,3,2,0,0,1,0,0,,Calle,,ROSARIO,Rosario,Asfalto,No existe,II,Dentro,Urbana,Ninguna,No existe,Intersección,Bueno,Buena,Diurna,Buen Tiempo,Lateral,S/D,Colisión,S/D,Faltante,Cordón divisorio,Sin restricción,POINT (-60.6590566 -33.0043474),"['Italia', 'Cazadores']",2,Italia; Cazadores,-33.0043474,-60.6590566,55.0,538.0,Municipio Rosario,Municipio,Rosario,820210,Servicio de Catastro e Información Territorial,IGN
2014,10385,2014-11-19,Miercoles,0.0,11:50:00,,0.0,2,"Moto/Ciclomotor,Automóvil",Dean Funes 4100,4,2,0,0,2,0,0,,Calle,,ROSARIO,Rosario,Asfalto,No existe,II,Dentro,Urbana,Ninguna,No existe,Intersección,Bueno,Buena,Diurna,Buen Tiempo,Frontal,S/D,Colisión,Ninguna,Vertical,Ninguna,Sin restricción,"-32.9683032, -60.6862784",['Dean Funes 4100'],1,Dean Funes 4100,-32.9683032,-60.6862784,55.0,538.0,Municipio Rosario,Municipio,Rosario,820210,Servicio de Catastro e Información Territorial,IGN
2014,10387,2014-11-20,Jueves,0.0,12:15:00,,0.0,2,"Automóvil,Moto/Ciclomotor",Montevideo Y Italia,3,2,0,0,1,0,0,,Calle,,ROSARIO,Rosario,Asfalto,S/D,II,Dentro,Urbana,Ninguna,No existe,Intersección,Bueno,Buena,Diurna,Buen Tiempo,De alcance,S/D,Colisión,S/D,Faltante,Cordón divisorio,Sin restricción,POINT (-60.6503083 -32.954403599999985),"['Montevideo', 'Italia']",2,Montevideo; Italia,-32.954403599999985,-60.6503083,55.0,538.0,Municipio Rosario,Municipio,Rosario,820210,Servicio de Catastro e Información Territorial,IGN
2014,10388,2014-11-02,Domingo,0.0,16:45:00,,0.0,2,"Taxi/Remis,Bicicleta",Cordoba Y Bv. Oroño,2,1,0,0,1,0,0,,Avenida,,ROSARIO,Rosario,Asfalto,S/D,II,S/D,Urbana,Semáforo,Funciona,Intersección,Bueno,Buena,Diurna,Buen Tiempo,S/D,S/D,Atropello,S/D,Vertical,Cordón divisorio,Sin restricción,POINT (-60.653337 -32.943730650000006),"['Córdoba', 'Bulevar Nicasio Oroño']",2,Córdoba; Bulevar Nicasio Oroño,-32.943730650000006,-60.653337,55.0,538.0,Municipio Rosario,Municipio,Rosario,820210,Servicio de Catastro e Información Territorial,IGN
2014,10390,2014-11-20,Jueves,0.0,18:00:00,,0.0,2,"Moto/Ciclomotor,Automóvil",Av. Pellegrini Y Barra,2,1,0,0,1,0,0,,Calle,,ROSARIO,Rosario,Asfalto,No existe,II,Dentro,Urbana,Ninguna,No existe,Intersección,Bueno,Buena,Diurna,Buen Tiempo,Lateral,S/D,Colisión,Ninguna,Horizontal,Ninguna,Sin restricción,POINT (-60.7064564 -32.948440399999996),"['Pellegrini', 'Barra']",2,Avenida Carlos Pellegrini; Barraco,-32.9484404,-60.7064564,55.0,538.0,Municipio Rosario,Municipio,Rosario,820210,Servicio de Catastro e Información Territorial,IGN
2014,10391,2014-11-17,Lunes,0.0,04:25:00,,0.0,3,"Transporte de Pasajeros Urbano (> 8 asientos),Moto/Ciclomotor,Moto/Ciclomotor",España Y Mendoza,4,2,1,0,1,0,0,,Calle,,ROSARIO,Rosario,Asfalto,S/D,II,Dentro,Urbana,Semáforo,Funciona,Intersección,Bueno,Buena,Nocturna,Buen Tiempo,Múltiple,S/D,Colisión,S/D,Vertical,Cordón divisorio,Sin restricción,POINT (-60.64776750000001 -32.950048100000004),"['España', 'Mendoza']",2,España; Mendoza,-32.950048100000004,-60.64776750000001,55.0,538.0,Municipio Rosario,Municipio,Rosario,820210,Servicio de Catastro e Información Territorial,IGN
2014,10392,2014-11-11,Martes,0.0,12:30:00,,0.0,3,"Automóvil,Automóvil,Transporte Escolar",Bv. Avellaneda 4000,3,3,0,0,0,0,0,,Avenida,,ROSARIO,Rosario,Asfalto,No existe,II,Dentro,Urbana,Semáforo,Funciona,Intersección,Bueno,Buena,Diurna,Buen Tiempo,Múltiple,S/D,Colisión,Ninguna,Vertical,Cordón divisorio,Sin restricción,"-32.9499307, -60.6819034",['Avellaneda 4000'],1,Avellaneda 4000,-32.9499307,-60.6819034,55.0,538.0,Municipio Rosario,Municipio,Rosario,820210,Servicio de Catastro e Información Territorial,IGN
2014,10393,2014-10-16,Jueves,0.0,11:30:00,,0.0,2,"Automóvil,Automóvil",Av. Ntra.Sra.del Rosario Y Bv. Oroño,4,3,0,0,1,0,0,,Avenida,,ROSARIO,Rosario,Asfalto,No existe,II,Dentro,Urbana,Semáforo,Funciona,Intersección,Bueno,Buena,Diurna,Buen Tiempo,Lateral,S/D,Colisión,S/D,Vertical,Cordón divisorio,Sin restricción,POINT (-60.665137900000005 -33.000583799999994),"['Nuestra Señora del Rosario', 'Bulevar Nicasio Oroño']",2,Puente Nuestra Señora del Rosario; Bulevar Nicasio Oroño,-33.000583799999994,-60.665137900000005,55.0,538.0,Municipio Rosario,Municipio,Rosario,820210,Servicio de Catastro e Información Territorial,IGN
2014,10394,2014-10-18,Sabado,0.0,20:30:00,,0.0,2,"Moto/Ciclomotor,Taxi/Remis",Lamadrid Y Balcarce,2,1,0,0,1,0,0,,Calle,,ROSARIO,Rosario,Asfalto,No existe,II,Dentro,Urbana,Ninguna,No existe,Intersección,Bueno,Buena,Diurna,Buen Tiempo,Lateral,S/D,Colisión,S/D,S/D,Cordón divisorio,Sin restricción,POINT (-60.663541 -32.997564),"['Lamadrid', 'Balcarce']",2,Gregorio Aráoz de Lamadrid; Balcarce,-32.997564,-60.663541,55.0,538.0,Municipio Rosario,Municipio,Rosario,820210,Servicio de Catastro e Información Territorial,IGN
2014,10398,2014-11-15,Sabado,0.0,07:00:00,,0.0,2,"Automóvil,Automóvil",San Juan Y Vera Mujica,3,3,0,0,0,0,0,,Calle,,ROSARIO,Rosario,Asfalto,No existe,II,Dentro,Urbana,S/D,S/D,Intersección,S/D,S/D,Amanecer,S/D,S/D,S/D,Colisión,S/D,S/D,Ninguna,S/D,POINT (-60.6678428 -32.94501609999999),"['San Juan', 'Vera Mujíca']",2,San Juan; Vera Mujíca,-32.94501609999999,-60.6678428,55.0,538.0,Municipio Rosario,Municipio,Rosario,820210,Servicio de Catastro e Información Territorial,IGN
2014,10399,2014-11-14,Viernes,0.0,23:00:00,,0.0,2,"Automóvil,Moto/Ciclomotor",Viamonte Y Av. Provincias Unidas,3,2,0,0,1,0,0,,Calle,,ROSARIO,Rosario,Asfalto,No existe,II,Dentro,Urbana,Ninguna,No existe,Intersección,Bueno,Buena,"Nocturna,Con luz artificial",Buen Tiempo,Lateral,S/D,Colisión,Ninguna,Horizontal,Ninguna,Sin restricción,POINT (-60.71191390000001 -32.95690404999999),"['Viamonte', 'Avenida Provincias Unidas']",2,Viamonte; Avenida Provincias Unidas,-32.95690404999999,-60.71191390000001,55.0,538.0,Municipio Rosario,Municipio,Rosario,820210,Servicio de Catastro e Información Territorial,IGN
2014,10400,2014-11-08,Sabado,0.0,09:00:00,,0.0,2,"Moto/Ciclomotor,Pickup/Utilitario",Bv. Avellaneda 4100,2,1,0,0,1,0,0,,Avenida,,ROSARIO,Rosario,Asfalto,No existe,II,Dentro,Urbana,Ninguna,No existe,Intersección,Bueno,Buena,Diurna,Buen Tiempo,Frontal,S/D,Colisión,Ninguna,Vertical,Cordón divisorio,Sin restricción,"-32.9499307, -60.6819034",['Avellaneda 4100'],1,Avellaneda 4100,-32.9499307,-60.6819034,55.0,538.0,Municipio Rosario,Municipio,Rosario,820210,Servicio de Catastro e Información Territorial,IGN
2014,10401,2014-11-26,Miercoles,0.0,22:00:00,,0.0,2,"Moto/Ciclomotor,Pickup/Utilitario",Muñoz Y Laprida,2,1,0,0,1,0,0,,Calle,,ROSARIO,Rosario,Asfalto,Pavimento,II,Dentro,Urbana,Ninguna,No existe,Intersección,Bueno,Buena,Nocturna,Buen Tiempo,Otro,S/D,Colisión,Ninguna,Horizontal,Cordón divisorio,Sin restricción,POINT (-60.64676480000001 -33.0083116),"['Muñoz', 'Laprida']",2,Osella Muñoz; Francisco Narciso Laprida,-33.0083116,-60.64676480000001,55.0,538.0,Municipio Rosario,Municipio,Rosario,820210,Servicio de Catastro e Información Territorial,IGN
2014,10403,2014-11-14,Viernes,0.0,,,0.0,2,"Peatón,Automóvil",San Juan Y Cafferata,2,1,0,0,1,0,0,,Calle,,ROSARIO,Rosario,Asfalto,S/D,II,Dentro,Urbana,S/D,S/D,Intersección,S/D,S/D,S/D,S/D,S/D,S/D,Atropello,S/D,S/D,S/D,S/D,POINT (-60.6719098 -32.94428909999999),"['San Juan', 'Cafferata']",2,San Juan; Cafferata,-32.94428909999999,-60.6719098,55.0,538.0,Municipio Rosario,Municipio,Rosario,820210,Servicio de Catastro e Información Territorial,IGN
2014,10404,2014-11-24,Lunes,0.0,19:30:00,,0.0,2,"Bicicleta,Automóvil",Ecuador B 1162,2,1,0,0,1,0,0,,Calle,,ROSARIO,Rosario,Asfalto,No existe,II,Dentro,Urbana,Ninguna,No existe,Recta,Bueno,Buena,Diurna,Buen Tiempo,S/D,S/D,Atropello,Ninguna,Horizontal,Ninguna,Sin restricción,"-32.9255098, -60.7156446",['Ecuador B 1162'],1,Ecuador B 1162,-32.9255098,-60.7156446,55.0,538.0,Municipio Rosario,Municipio,Rosario,820210,Servicio de Catastro e Información Territorial,IGN
2014,10407,2014-10-12,Domingo,0.0,12:00:00,,0.0,2,"Peatón,Automóvil",Bv. Segui Y San Nicolas,2,1,0,0,1,0,0,,Avenida,,ROSARIO,Rosario,Asfalto,No existe,II,Dentro,Urbana,Ninguna,No existe,Intersección,Bueno,Buena,Diurna,Buen Tiempo,S/D,S/D,Atropello,Ninguna,Faltante,Cordón divisorio,Sin restricción,POINT (-60.680555149999996 -32.97297304999999),"['Bulevar Juan Francisco Seguí', 'San Nicolás']",2,Bulevar Juan Francisco Seguí; San Nicolás,-32.97297304999999,-60.68055515,55.0,538.0,Municipio Rosario,Municipio,Rosario,820210,Servicio de Catastro e Información Territorial,IGN
2014,10408,2014-11-13,Jueves,0.0,23:45:00,,0.0,2,"Taxi/Remis,Peatón",Sucre Y 3 De Febrero,2,1,0,0,1,0,0,,Calle,,ROSARIO,Rosario,Asfalto,S/D,II,Dentro,Urbana,S/D,S/D,Intersección,S/D,S/D,Nocturna,S/D,S/D,S/D,Atropello,S/D,S/D,S/D,S/D,POINT (-60.691616700000004 -32.9434871),"['Sucre', '3 de Febrero']",2,Sucre; 3 de Febrero,-32.9434871,-60.6916167,55.0,538.0,Municipio Rosario,Municipio,Rosario,820210,Servicio de Catastro e Información Territorial,IGN
2014,10409,2014-11-04,Martes,0.0,15:00:00,,0.0,2,"Pickup/Utilitario,Moto/Ciclomotor",San Martin Y Rui Barbosa,3,1,0,0,2,0,0,,Calle,,ROSARIO,Rosario,Asfalto,Pavimento,II,Dentro,Urbana,Ninguna,No existe,Intersección,Bueno,Buena,Diurna,Buen Tiempo,Otro,S/D,Colisión,Ninguna,Horizontal,Cordón divisorio,Sin restricción,POINT (-60.65008304999999 -33.0063681),"['San Martin', 'Rui Barbosa']",2,José de San Martín; Rui Barbosa,-33.0063681,-60.65008304999999,55.0,538.0,Municipio Rosario,Municipio,Rosario,820210,Servicio de Catastro e Información Territorial,IGN
2014,10410,2014-11-15,Sabado,0.0,12:00:00,,0.0,2,"Bicicleta,Automóvil",Alsina Y Montevideo,2,2,0,0,0,0,0,,Calle,,ROSARIO,Rosario,Asfalto,No existe,II,Dentro,Urbana,S/D,S/D,S/D,S/D,S/D,Diurna,S/D,S/D,S/D,Atropello,S/D,S/D,S/D,S/D,POINT (-60.6788522 -32.949314199999996),"['Alsina', 'Montevideo']",2,Alsina; Montevideo,-32.9493142,-60.6788522,55.0,538.0,Municipio Rosario,Municipio,Rosario,820210,Servicio de Catastro e Información Territorial,IGN
2014,10412,2014-11-21,Viernes,0.0,07:30:00,,0.0,2,"Automóvil,Automóvil",Cordoba Y Mariano Moreno,2,1,0,0,1,0,0,,Calle,,ROSARIO,Rosario,Asfalto,S/D,II,Dentro,Urbana,Ninguna,No existe,Intersección,Bueno,Buena,Diurna,Buen Tiempo,Lateral,S/D,Colisión,S/D,Faltante,Cordón divisorio,Sin restricción,POINT (-60.650609200000005 -32.944206400000006),"['Córdoba', 'Mariano Moreno']",2,Córdoba; Mariano Moreno,-32.944206400000006,-60.650609200000005,55.0,538.0,Municipio Rosario,Municipio,Rosario,820210,Servicio de Catastro e Información Territorial,IGN
2014,10413,2014-11-07,Viernes,0.0,09:20:00,,0.0,2,"Automóvil,Moto/Ciclomotor",9 De Julio Y Dorrego,3,2,0,0,1,0,0,,Calle,,ROSARIO,Rosario,Asfalto,S/D,II,S/D,Urbana,Ninguna,No funciona,Intersección,Bueno,Buena,Diurna,Buen Tiempo,Lateral,S/D,Colisión,S/D,Faltante,Cordón divisorio,Sin restricción,POINT (-60.65106190000001 -32.95188339999999),"['9 de Julio', 'Dorrego']",2,9 de Julio; Manuel Dorrego,-32.95188339999999,-60.65106190000001,55.0,538.0,Municipio Rosario,Municipio,Rosario,820210,Servicio de Catastro e Información Territorial,IGN
2014,10414,2014-11-23,Domingo,0.0,20:30:00,,0.0,1,Moto/Ciclomotor,Av. Provincias Unidas Y Marcos Paz,2,1,1,0,0,0,0,,Calle,,ROSARIO,Rosario,Asfalto,No existe,II,Dentro,Urbana,Ninguna,Funciona,Intersección,Bueno,Buena,"Nocturna,Con luz artificial",Buen Tiempo,S/D,S/D,Caída ocupante,Ninguna,Vertical,Ninguna,Sin restricción,POINT (-60.71267265 -32.93906135),"['Avenida Provincias Unidas', 'Marcos Paz']",2,Avenida Provincias Unidas; Marcos Paz,-32.93906135,-60.71267265,55.0,538.0,Municipio Rosario,Municipio,Rosario,820210,Servicio de Catastro e Información Territorial,IGN
2014,10418,2014-11-23,Domingo,0.0,20:00:00,,0.0,2,"Moto/Ciclomotor,Automóvil",Av. Provincias Unidas Y Cerrito,2,1,0,0,1,0,0,,Calle,,ROSARIO,Rosario,Asfalto,No existe,II,Dentro,Urbana,Ninguna,No existe,Intersección,Bueno,Buena,Atardecer,Buen Tiempo,Contra objeto fijo,S/D,Colisión,Ninguna,Horizontal,Ninguna,Sin restricción,POINT (-60.7120531 -32.95333595),"['Avenida Provincias Unidas', 'Cerrito']",2,Avenida Provincias Unidas; Cerrito,-32.95333595,-60.7120531,55.0,538.0,Municipio Rosario,Municipio,Rosario,820210,Servicio de Catastro e Información Territorial,IGN