anio_acci,nro_acci,fecha,desc_dia,fecha_aprox,hora_aprox,desc_ruta,km,cant_participantes,desc_participante,calle_avenida_km,total,heridos_leves,heridos_graves,heridos_gravisimos,ilesos,fallecidos,sin_datos,posicion_XY,desc_tipo_via,desc_ruta_ori,desc_loc,desc_dpto,desc_tipo_calzada,desc_tipo_banquina,desc_unidad_regional,desc_lugar_calzada,desc_zona,desc_prioridad,desc_estado_semaforo,desc_lugar_via,desc_estado_via,desc_estado_visibilidad,desc_luminosidad,desc_estado_clima,desc_tipo_colision,desc_tipo_atropello,desc_tipo_hecho,desc_pres_calzada,desc_senializacion,desc_separacion_via,desc_restriccion,forma_geocod,calle_lista,numero_calles,calles_osm,lat,lon,index_right,gid,fna,gna,nam,in1,fdc,sag
2014,10419,2014-11-06,Jueves,0.0,12:00:00,,0.0,2,"Taxi/Remis,Peatón",Pte.Roca Y Montevideo,2,1,0,0,1,0,0,,Calle,,ROSARIO,Rosario,Asfalto,S/D,II,Dentro,Urbana,Ninguna,No existe,Recta,Bueno,Buena,Diurna,Buen Tiempo,S/D,S/D,Atropello,S/D,Faltante,Cordón divisorio,Sin restricción,POINT (-60.6475352 -32.954896299999994),"['Roca', 'Montevideo']",2,Presidente Roca; Montevideo,-32.954896299999994,-60.6475352,55.0,538.0,Municipio Rosario,Municipio,Rosario,820210,Servicio de Catastro e Información Territorial,IGN
2014,10420,2014-10-15,Miercoles,0.0,14:30:00,,0.0,2,"Moto/Ciclomotor,Automóvil",Av. Ovidio Lagos Y 24 De Setiembre,2,1,0,0,1,0,0,,Avenida,,ROSARIO,Rosario,Asfalto,No existe,II,Dentro,Urbana,Ninguna,No existe,Intersección,Bueno,Buena,Diurna,Buen Tiempo,Frontal,S/D,Colisión,Ninguna,Faltante,Cordón divisorio,Sin restricción,POINT (-60.6696692 -32.9761333),"['Avenida Ovidio Lagos', '24 de Septiembre']",2,Avenida Ovidio Lagos; 24 de Septiembre,-32.9761333,-60.6696692,55.0,538.0,Municipio Rosario,Municipio,Rosario,820210,Servicio de Catastro e Información Territorial,IGN
2014,10421,2014-11-04,Martes,0.0,10:15:00,,0.0,2,"Automóvil,Automóvil",San Luis 2015,3,1,0,0,2,0,0,,Calle,,ROSARIO,Rosario,Asfalto,S/D,II,Dentro,Urbana,Ninguna,No existe,Recta,Bueno,Buena,Diurna,Buen Tiempo,De alcance,S/D,Colisión,S/D,Faltante,Cordón divisorio,Sin restricción,"-32.946813985714286, -60.65155714285714",['San Luis 2015'],1,San Luis 2015,-32.946813985714286,-60.65155714285714,55.0,538.0,Municipio Rosario,Municipio,Rosario,820210,Servicio de Catastro e Información Territorial,IGN
2014,10422,2014-10-15,Miercoles,0.0,16:30:00,,0.0,2,"Moto/Ciclomotor,Automóvil",Rivadavia Y Suipacha,2,1,0,0,1,0,0,,Calle,,ROSARIO,Rosario,Asfalto,No existe,II,Dentro,Urbana,Ninguna,No existe,Intersección,Bueno,Buena,Diurna,Buen Tiempo,Lateral,S/D,Colisión,Ninguna,Faltante,Ninguna,Sin restricción,POINT (-60.676169900000005 -32.9893232),"['Rivadavia', 'Suipacha']",2,Avenida Bernardino Rivadavia; Suipacha,-32.9893232,-60.676169900000005,55.0,538.0,Municipio Rosario,Municipio,Rosario,820210,Servicio de Catastro e Información Territorial,IGN
2014,10423,2014-10-18,Sabado,0.0,12:00:00,,0.0,2,"Peatón,Transporte de Pasajeros Urbano (> 8 asientos)",Av. Ovidio Lagos Y Biedma,2,1,0,0,1,0,0,,Avenida,,ROSARIO,Rosario,Asfalto,No existe,II,Dentro,Urbana,Semáforo,Funciona,Intersección,Bueno,Buena,Diurna,Buen Tiempo,S/D,S/D,Atropello,Ninguna,Faltante,Cordón divisorio,Sin restricción,POINT (-60.669948850000004 -32.97725835),"['Avenida Ovidio Lagos', 'Coronel Biedma']",2,Avenida Ovidio Lagos; Coronel Biedma,-32.97725835,-60.66994885,55.0,538.0,Municipio Rosario,Municipio,Rosario,820210,Servicio de Catastro e Información Territorial,IGN
2014,10425,2014-11-06,Jueves,0.0,14:55:00,,0.0,2,"Automóvil,Moto/Ciclomotor",Av. Arijon Y Paraguay,3,1,0,0,2,0,0,,Avenida,,ROSARIO,Rosario,Asfalto,Pavimento,II,Dentro,Urbana,S/D,No existe,Intersección,Bueno,Buena,Diurna,Buen Tiempo,Otro,S/D,Colisión,Ninguna,Horizontal,Cordón divisorio,Sin restricción,POINT (-60.65470270000001 -33.003229900000015),"['Avenida Manuel Arijón', 'Paraguay']",2,Avenida Manuel Arijón; Paraguay,-33.003229900000015,-60.65470270000001,55.0,538.0,Municipio Rosario,Municipio,Rosario,820210,Servicio de Catastro e Información Territorial,IGN
2014,10426,2014-11-02,Domingo,0.0,06:00:00,,0.0,2,"Transporte de Pasajeros Urbano (> 8 asientos),Automóvil",Sarmiento Y Montevideo,3,2,0,0,1,0,0,,Calle,,ROSARIO,Rosario,Asfalto,S/D,II,Dentro,Urbana,Ninguna,No existe,Intersección,Bueno,Buena,Amanecer,Buen Tiempo,Lateral,S/D,Colisión,S/D,Faltante,Cordón divisorio,Sin restricción,POINT (-60.64057540000001 -32.9561286),"['Sarmiento', 'Montevideo']",2,Sarmiento; Montevideo,-32.9561286,-60.64057540000001,55.0,538.0,Municipio Rosario,Municipio,Rosario,820210,Servicio de Catastro e Información Territorial,IGN
2014,10427,2014-11-06,Jueves,0.0,16:20:00,,0.0,2,"Moto/Ciclomotor,Automóvil",Garzon Y Pampa,2,1,0,0,1,0,0,,Calle,,ROSARIO,Rosario,Asfalto,No existe,II,Dentro,Urbana,Ninguna,No existe,Intersección,Bueno,Buena,Diurna,Buen Tiempo,Lateral,S/D,Colisión,Ninguna,Horizontal,Ninguna,Sin restricción,POINT (-60.705384800000004 -32.9465539),"['Garzón', 'Pampa']",2,Garzón; Pampa,-32.9465539,-60.7053848,55.0,538.0,Municipio Rosario,Municipio,Rosario,820210,Servicio de Catastro e Información Territorial,IGN
2014,10428,2014-11-17,Lunes,0.0,14:55:00,,0.0,2,"Camión,Moto/Ciclomotor",Av. Provincias Unidas Y Perez Bulnes,3,1,0,0,2,0,0,,Calle,,ROSARIO,Rosario,Asfalto,No existe,II,Dentro,Urbana,Ninguna,No existe,Intersección,Bueno,Buena,Diurna,Buen Tiempo,Lateral,S/D,Colisión,Ninguna,Horizontal,Ninguna,Sin restricción,POINT (-60.712500750000004 -32.9424588),"['Avenida Provincias Unidas', 'Pérez Bulnes']",2,Avenida Provincias Unidas; Pérez Bulnes,-32.9424588,-60.71250075,55.0,538.0,Municipio Rosario,Municipio,Rosario,820210,Servicio de Catastro e Información Territorial,IGN
2014,10429,2014-11-17,Lunes,0.0,15:55:00,,0.0,2,"Taxi/Remis,Moto/Ciclomotor",Mendoza 1431,2,1,0,0,1,0,0,,Calle,,ROSARIO,Rosario,Asfalto,S/D,II,S/D,Urbana,Ninguna,No existe,Recta,Bueno,Buena,Diurna,Buen Tiempo,De alcance,S/D,Colisión,S/D,Faltante,Cordón divisorio,Sin restricción,"-32.95074274285714, -60.644068630612246",['Mendoza 1431'],1,Mendoza 1431,-32.95074274285714,-60.644068630612246,55.0,538.0,Municipio Rosario,Municipio,Rosario,820210,Servicio de Catastro e Información Territorial,IGN
2014,10430,2014-11-15,Sabado,0.0,18:30:00,,0.0,2,"Moto/Ciclomotor,Moto/Ciclomotor",Alzugaray Y Pje. Bacle,3,3,0,0,0,0,0,,Calle,,ROSARIO,Rosario,Asfalto,Pavimento,II,Dentro,Urbana,Ninguna,No existe,Intersección,Con baches,Buena,Atardecer,Buen Tiempo,Otro,S/D,Colisión,Ninguna,Horizontal,Ninguna,Sin restricción,POINT (-60.64274149999999 -33.01283089999999),"['Alzugaray', 'Bacle']",2,Alzugaray; Bacle,-33.01283089999999,-60.64274149999999,55.0,538.0,Municipio Rosario,Municipio,Rosario,820210,Servicio de Catastro e Información Territorial,IGN
2014,10432,2014-11-26,Miercoles,0.0,10:00:00,,0.0,2,"Automóvil,Moto/Ciclomotor",E.Zeballos Y Santiago,3,2,0,0,1,0,0,,Calle,,ROSARIO,Rosario,Asfalto,S/D,II,Dentro,Urbana,Ninguna,No existe,Intersección,Bueno,Buena,Diurna,Buen Tiempo,De alcance,S/D,Colisión,S/D,Faltante,Cordón divisorio,Sin restricción,POINT (-60.6581792 -32.95179709999999),"['Zeballos', 'Santiago']",2,Zeballos; Santiago,-32.95179709999999,-60.6581792,55.0,538.0,Municipio Rosario,Municipio,Rosario,820210,Servicio de Catastro e Información Territorial,IGN
2014,10433,2014-11-12,Miercoles,0.0,19:15:00,,0.0,2,"Automóvil,Bicicleta",San Luis Y Castellanos,2,1,0,0,1,0,0,,Calle,,ROSARIO,Rosario,Asfalto,S/D,II,Dentro,Urbana,S/D,S/D,Intersección,S/D,S/D,Diurna,S/D,S/D,S/D,Atropello,S/D,S/D,S/D,S/D,POINT (-60.675738800000005 -32.942445799999994),"['San Luis', 'Aaron Castellanos']",2,San Luis; Aaron Castellanos,-32.942445799999994,-60.675738800000005,55.0,538.0,Municipio Rosario,Municipio,Rosario,820210,Servicio de Catastro e Información Territorial,IGN
2014,10434,2014-11-20,Jueves,0.0,10:00:00,,0.0,1,Taxi/Remis,Sarmiento 800,2,1,0,0,1,0,0,,Calle,,ROSARIO,Rosario,Asfalto,S/D,II,Dentro,Urbana,Ninguna,No existe,Recta,Bueno,Buena,Diurna,Buen Tiempo,S/D,S/D,Atropello,S/D,Faltante,Cordón divisorio,Sin restricción,"-32.9463723, -60.6382183",['Sarmiento 800'],1,Sarmiento 800,-32.9463723,-60.6382183,55.0,538.0,Municipio Rosario,Municipio,Rosario,820210,Servicio de Catastro e Información Territorial,IGN
2014,10436,2014-10-25,Sabado,0.0,04:10:00,,0.0,2,"Moto/Ciclomotor,Pickup/Utilitario",Bv. Oroño Y Av. Ntra.Sra.del Rosario,2,0,1,0,1,0,0,,Avenida,,ROSARIO,Rosario,Asfalto,No existe,II,Dentro,Urbana,Semáforo,Funciona,Intersección,Bueno,Buena,Nocturna,Buen Tiempo,Lateral,S/D,Colisión,S/D,Vertical,Cordón divisorio,Sin restricción,POINT (-60.665137900000005 -33.000583799999994),"['Bulevar Nicasio Oroño', 'Nuestra Señora del Rosario']",2,Bulevar Nicasio Oroño; Puente Nuestra Señora del Rosario,-33.000583799999994,-60.665137900000005,55.0,538.0,Municipio Rosario,Municipio,Rosario,820210,Servicio de Catastro e Información Territorial,IGN
2014,10437,2014-11-17,Lunes,0.0,18:15:00,,0.0,2,"Automóvil,Moto/Ciclomotor",Iriondo Y 3 De Febrero,3,1,0,0,2,0,0,,Calle,,ROSARIO,Rosario,Asfalto,S/D,II,Dentro,Urbana,S/D,S/D,S/D,S/D,S/D,Diurna,S/D,S/D,S/D,Colisión,S/D,S/D,S/D,S/D,POINT (-60.6712086 -32.947162299999995),"['Iriondo', '3 de Febrero']",2,Iriondo; 3 de Febrero,-32.947162299999995,-60.6712086,55.0,538.0,Municipio Rosario,Municipio,Rosario,820210,Servicio de Catastro e Información Territorial,IGN
2014,10438,2014-11-11,Martes,0.0,19:50:00,,0.0,2,"Moto/Ciclomotor,Automóvil",Ituzaingo Y Av. Provincias Unidas,2,1,0,0,1,0,0,,Calle,,ROSARIO,Rosario,Asfalto,No existe,II,Dentro,Urbana,Ninguna,No existe,Intersección,Bueno,Buena,Atardecer,Buen Tiempo,Lateral,S/D,Colisión,Ninguna,Horizontal,Ninguna,Sin restricción,POINT (-60.712099249999994 -32.95218625),"['Ituzaingó', 'Avenida Provincias Unidas']",2,Ituzaingó; Avenida Provincias Unidas,-32.95218625,-60.71209925,55.0,538.0,Municipio Rosario,Municipio,Rosario,820210,Servicio de Catastro e Información Territorial,IGN
2014,10439,2014-11-23,Domingo,0.0,12:30:00,,0.0,2,"Automóvil,Otros",E.Zeballos Y Balcarce,3,2,0,0,1,0,0,,Calle,,ROSARIO,Rosario,Asfalto,S/D,II,Dentro,Urbana,Ninguna,No existe,Intersección,Bueno,Buena,Diurna,Buen Tiempo,De alcance,S/D,Colisión,S/D,Faltante,Cordón divisorio,Sin restricción,POINT (-60.6541017 -32.9525317),"['Zeballos', 'Balcarce']",2,Zeballos; Balcarce,-32.9525317,-60.6541017,55.0,538.0,Municipio Rosario,Municipio,Rosario,820210,Servicio de Catastro e Información Territorial,IGN
2014,10441,2014-11-16,Domingo,0.0,14:00:00,,0.0,2,"Automóvil,Taxi/Remis",9 De Julio Y Ricchieri,3,1,0,0,2,0,0,,Calle,,ROSARIO,Rosario,Asfalto,S/D,II,Dentro,Urbana,S/D,S/D,Intersección,S/D,S/D,Diurna,S/D,S/D,S/D,Colisión,S/D,S/D,S/D,S/D,POINT (-60.6647054 -32.9494569),"['9 de Julio', 'Ricchieri']",2,9 de Julio; Ricchieri,-32.9494569,-60.6647054,55.0,538.0,Municipio Rosario,Municipio,Rosario,820210,Servicio de Catastro e Información Territorial,IGN
2014,10443,2014-10-16,Jueves,0.0,20:20:00,,0.0,2,"Peatón,Pickup/Utilitario",Av. Arijon Y Cereseto,2,1,0,0,1,0,0,,Avenida,,ROSARIO,Rosario,Asfalto,No existe,II,S/D,Urbana,Semáforo,Funciona,Intersección,Bueno,Buena,Nocturna,Buen Tiempo,S/D,S/D,Atropello,S/D,Vertical,Cordón divisorio,Sin restricción,POINT (-60.67382760000001 -33.0037959),"['Avenida Manuel Arijón', 'Cereseto']",2,Avenida Manuel Arijón; Cereseto,-33.0037959,-60.67382760000001,55.0,538.0,Municipio Rosario,Municipio,Rosario,820210,Servicio de Catastro e Información Territorial,IGN
2014,10445,2014-11-16,Domingo,0.0,04:15:00,,0.0,2,"Pickup/Utilitario,Automóvil",Av. Ovidio Lagos Y Cordoba,3,3,0,0,0,0,0,,Calle,,ROSARIO,Rosario,Asfalto,S/D,II,Dentro,Urbana,S/D,S/D,Intersección,S/D,S/D,Nocturna,S/D,S/D,S/D,Colisión,S/D,S/D,S/D,S/D,POINT (-60.6614607 -32.9422773),"['Avenida Ovidio Lagos', 'Córdoba']",2,Avenida Ovidio Lagos; Córdoba,-32.9422773,-60.6614607,55.0,538.0,Municipio Rosario,Municipio,Rosario,820210,Servicio de Catastro e Información Territorial,IGN
2014,10446,2014-11-11,Martes,0.0,17:30:00,,0.0,2,"Automóvil,Moto/Ciclomotor",Pascual Rosas Y Mendoza,2,1,0,0,1,0,0,,Calle,,ROSARIO,Rosario,Asfalto,S/D,II,Dentro,Urbana,S/D,S/D,Intersección,S/D,S/D,Diurna,S/D,S/D,S/D,Colisión,S/D,S/D,S/D,S/D,POINT (-60.687209599999996 -32.9430186),"['Pascual Rosas', 'Mendoza']",2,Pascual Rosas; Mendoza,-32.9430186,-60.6872096,55.0,538.0,Municipio Rosario,Municipio,Rosario,820210,Servicio de Catastro e Información Territorial,IGN
2014,10447,2014-11-15,Sabado,0.0,18:30:00,,0.0,3,"Automóvil,Automóvil,Automóvil",3 De Febrero Y San Nicolas,5,5,0,0,0,0,0,,Calle,,ROSARIO,Rosario,Asfalto,S/D,II,Dentro,Urbana,S/D,S/D,Intersección,S/D,S/D,Diurna,S/D,S/D,S/D,Colisión,S/D,S/D,S/D,S/D,POINT (-60.6739228 -32.94667499999999),"['3 de Febrero', 'San Nicolás']",2,3 de Febrero; San Nicolás,-32.94667499999999,-60.6739228,55.0,538.0,Municipio Rosario,Municipio,Rosario,820210,Servicio de Catastro e Información Territorial,IGN
2014,10448,2014-11-08,Sabado,0.0,16:20:00,,0.0,2,"Taxi/Remis,Moto/Ciclomotor",Castellanos Y 3 De Febrero,2,1,0,0,1,0,0,,Calle,,ROSARIO,Rosario,Asfalto,S/D,II,Dentro,Urbana,S/D,S/D,Intersección,S/D,S/D,Diurna,S/D,S/D,S/D,Colisión,S/D,S/D,S/D,S/D,POINT (-60.6767004 -32.9461743),"['Aaron Castellanos', '3 de Febrero']",2,Aaron Castellanos; 3 de Febrero,-32.9461743,-60.6767004,55.0,538.0,Municipio Rosario,Municipio,Rosario,820210,Servicio de Catastro e Información Territorial,IGN
2014,10450,2014-11-11,Martes,0.0,11:05:00,,0.0,2,"Transporte de Pasajeros Larga Distancia (Piso  y  1/2),Moto/Ciclomotor",9 De Julio Y Pueyrredon,2,1,0,0,1,0,0,,Calle,,ROSARIO,Rosario,Asfalto,S/D,II,Dentro,Urbana,S/D,S/D,Intersección,S/D,S/D,Diurna,S/D,S/D,S/D,Colisión,S/D,S/D,S/D,S/D,POINT (-60.65923800000001 -32.95042960000001),"['9 de Julio', 'Pueyrredón']",2,9 de Julio; Pueyrredón,-32.95042960000001,-60.65923800000001,55.0,538.0,Municipio Rosario,Municipio,Rosario,820210,Servicio de Catastro e Información Territorial,IGN
2014,10451,2014-11-13,Jueves,0.0,,,0.0,2,"Automóvil,Automóvil",Marcos Paz Y Rio De Janeiro,2,1,0,0,1,0,0,,Calle,,ROSARIO,Rosario,Asfalto,S/D,II,Dentro,Urbana,S/D,S/D,Intersección,S/D,S/D,S/D,S/D,S/D,S/D,Colisión,S/D,S/D,S/D,S/D,POINT (-60.6816228 -32.94329449999999),"['Marcos Paz', 'Río de Janeiro']",2,Marcos Paz; Río de Janeiro,-32.94329449999999,-60.6816228,55.0,538.0,Municipio Rosario,Municipio,Rosario,820210,Servicio de Catastro e Información Territorial,IGN
2014,10453,2014-11-11,Martes,0.0,18:30:00,,0.0,2,"Moto/Ciclomotor,Automóvil",Mendoza 6315,2,1,0,0,1,0,0,,Calle,,ROSARIO,Rosario,Asfalto,No existe,II,Dentro,Urbana,Semáforo,Funciona,Intersección,Bueno,Buena,Diurna,Buen Tiempo,Frontal,S/D,Colisión,Ninguna,Vertical,Ninguna,Sin restricción,"-32.9402258, -60.70820524285714",['Mendoza 6315'],1,Mendoza 6315,-32.9402258,-60.70820524285714,55.0,538.0,Municipio Rosario,Municipio,Rosario,820210,Servicio de Catastro e Información Territorial,IGN
2014,10456,2014-11-27,Jueves,0.0,16:30:00,,0.0,2,"Taxi/Remis,Automóvil",Alvear 1100,4,2,0,0,1,0,1,,Calle,,ROSARIO,Rosario,Asfalto,S/D,II,Dentro,Urbana,Ninguna,No existe,Recta,Bueno,Buena,Diurna,Buen Tiempo,De alcance,S/D,Colisión,S/D,Faltante,Cordón divisorio,Sin restricción,"-32.9470985, -60.6556612",['Alvear 1100'],1,Alvear 1100,-32.9470985,-60.6556612,55.0,538.0,Municipio Rosario,Municipio,Rosario,820210,Servicio de Catastro e Información Territorial,IGN
2014,10457,2014-11-11,Martes,0.0,16:20:00,,0.0,2,"Automóvil,Peatón",San Luis Y Rodriguez,2,1,0,0,1,0,0,,Calle,,ROSARIO,Rosario,Asfalto,S/D,II,Dentro,Urbana,S/D,S/D,Intersección,S/D,S/D,Diurna,S/D,S/D,S/D,Atropello,S/D,S/D,S/D,S/D,POINT (-60.6593596 -32.9453712),"['San Luis', 'Rodríguez']",2,San Luis; Rodríguez de Escobedo,-32.9453712,-60.6593596,55.0,538.0,Municipio Rosario,Municipio,Rosario,820210,Servicio de Catastro e Información Territorial,IGN
2014,10459,2014-11-18,Martes,0.0,22:30:00,,0.0,2,"Automóvil,Bicicleta",Av. Pellegrini 1455,2,1,0,0,1,0,0,,Avenida,,ROSARIO,Rosario,Asfalto,S/D,II,Dentro,Urbana,Ninguna,No existe,Recta,Bueno,Buena,Nocturna,Buen Tiempo,S/D,S/D,Atropello,S/D,Faltante,Cordón divisorio,Sin restricción,"-32.9565118, -60.64583384897959",['Pellegrini 1455'],1,Pellegrini 1455,-32.9565118,-60.64583384897959,55.0,538.0,Municipio Rosario,Municipio,Rosario,820210,Servicio de Catastro e Información Territorial,IGN
2014,10460,2014-11-17,Lunes,0.0,22:00:00,,0.0,2,"Automóvil,Moto/Ciclomotor",Mariano Moreno Y San Luis,3,2,0,0,1,0,0,,Calle,,ROSARIO,Rosario,Asfalto,S/D,II,Dentro,Urbana,Ninguna,Funciona,Intersección,Bueno,Buena,Nocturna,Buen Tiempo,Lateral,S/D,Colisión,S/D,Vertical,Cordón divisorio,Sin restricción,POINT (-60.6512659 -32.94680389999999),"['Mariano Moreno', 'San Luis']",2,Mariano Moreno; San Luis,-32.94680389999999,-60.6512659,55.0,538.0,Municipio Rosario,Municipio,Rosario,820210,Servicio de Catastro e Información Territorial,IGN
2014,10461,2014-11-18,Martes,0.0,17:00:00,,0.0,2,"Moto/Ciclomotor,Automóvil",Rioja Y Balcarce,2,1,0,0,1,0,0,,Calle,,ROSARIO,Rosario,Asfalto,No existe,II,Dentro,Urbana,Ninguna,No existe,Intersección,Bueno,Buena,Diurna,Buen Tiempo,Lateral,S/D,Colisión,S/D,Faltante,Cordón divisorio,Sin restricción,POINT (-60.6522012 -32.9451043),"['Rioja', 'Balcarce']",2,Rioja; Balcarce,-32.9451043,-60.6522012,55.0,538.0,Municipio Rosario,Municipio,Rosario,820210,Servicio de Catastro e Información Territorial,IGN
2014,10463,2014-11-12,Miercoles,0.0,14:00:00,,0.0,2,"Bicicleta,Peatón",Sarmiento 460,2,1,0,0,1,0,0,,Calle,,ROSARIO,Rosario,Asfalto,No existe,II,Fuera,Urbana,Ninguna,No existe,Recta,Bueno,Buena,Diurna,Buen Tiempo,S/D,S/D,Atropello,S/D,Faltante,Cordón divisorio,Sin restricción,"-32.942513276785895, -60.63727415544612",['Sarmiento 460'],1,Sarmiento 460,-32.942513276785895,-60.63727415544612,55.0,538.0,Municipio Rosario,Municipio,Rosario,820210,Servicio de Catastro e Información Territorial,IGN
2014,10464,2014-11-11,Martes,0.0,17:25:00,,0.0,2,"Bicicleta,Moto/Ciclomotor",Mendoza Y Sarmiento,2,1,0,0,1,0,0,,Calle,,ROSARIO,Rosario,Asfalto,No existe,II,Dentro,Urbana,Ninguna,No existe,Intersección,Bueno,Buena,Diurna,Buen Tiempo,S/D,S/D,Atropello,S/D,Faltante,S/D,Sin restricción,POINT (-60.6394302 -32.9514704),"['Mendoza', 'Sarmiento']",2,Mendoza; Sarmiento,-32.9514704,-60.6394302,55.0,538.0,Municipio Rosario,Municipio,Rosario,820210,Servicio de Catastro e Información Territorial,IGN
2014,10466,2014-11-17,Lunes,0.0,10:00:00,,0.0,2,"Moto/Ciclomotor,Automóvil",Alvear Y Montevideo,3,2,0,0,1,0,0,,Calle,,ROSARIO,Rosario,Asfalto,No existe,II,Dentro,Urbana,Ninguna,No existe,Intersección,Bueno,Buena,Diurna,Buen Tiempo,De alcance,S/D,Colisión,Ninguna,Faltante,S/D,Sin restricción,POINT (-60.65711929999999 -32.95317479999998),"['Alvear', 'Montevideo']",2,Alvear; Montevideo,-32.95317479999998,-60.65711929999999,55.0,538.0,Municipio Rosario,Municipio,Rosario,820210,Servicio de Catastro e Información Territorial,IGN
2014,10470,2014-11-10,Lunes,0.0,13:25:00,,0.0,2,"Moto/Ciclomotor,Moto/Ciclomotor",Santa Fe Y Paraguay,2,2,0,0,0,0,0,,Calle,,ROSARIO,Rosario,Asfalto,No existe,II,Dentro,Urbana,Ninguna,No existe,Intersección,Bueno,Buena,Diurna,Buen Tiempo,Lateral,S/D,Colisión,S/D,Faltante,Ninguna,Sin restricción,POINT (-60.643403199999995 -32.9441108),"['Santa Fe', 'Paraguay']",2,Santa Fe; Paraguay,-32.9441108,-60.6434032,55.0,538.0,Municipio Rosario,Municipio,Rosario,820210,Servicio de Catastro e Información Territorial,IGN
2014,10473,2014-11-30,Domingo,0.0,00:55:00,,0.0,2,"Moto/Ciclomotor,Automóvil",Bv. 27 De Febrero Y Bv. Oroño,3,1,0,0,2,0,0,,Avenida,,ROSARIO,Rosario,Asfalto,S/D,II,Dentro,Urbana,Señal Pare,S/D,Recta,Bueno,Buena,Nocturna,Buen Tiempo,De alcance,S/D,Colisión,S/D,Vertical,Cordón divisorio,Sin restricción,POINT (-60.658642825 -32.964892400000004),"['27 de Febrero', 'Bulevar Nicasio Oroño']",2,Bulevar 27 de Febrero; Bulevar Nicasio Oroño,-32.964892400000004,-60.658642825,55.0,538.0,Municipio Rosario,Municipio,Rosario,820210,Servicio de Catastro e Información Territorial,IGN
2014,10475,2014-11-05,Miercoles,0.0,19:15:00,,0.0,2,"Automóvil,Moto/Ciclomotor",Biedma Y Dorrego,3,2,0,0,1,0,0,,Calle,,ROSARIO,Rosario,Asfalto,No existe,II,Dentro,Urbana,Ninguna,No existe,Intersección,Bueno,Buena,Atardecer,Buen Tiempo,Otro,S/D,Colisión,Ninguna,Faltante,Ninguna,S/D,POINT (-60.6580395 -32.979406299999994),"['Coronel Biedma', 'Dorrego']",2,Coronel Biedma; Manuel Dorrego,-32.979406299999994,-60.6580395,55.0,538.0,Municipio Rosario,Municipio,Rosario,820210,Servicio de Catastro e Información Territorial,IGN
2014,10477,2014-11-16,Domingo,0.0,09:55:00,,0.0,2,"Moto/Ciclomotor,Taxi/Remis",Av. Ovidio Lagos Y Jujuy,2,1,0,0,1,0,0,,Calle,,ROSARIO,Rosario,S/D,No existe,II,S/D,Urbana,Ninguna,No existe,Recta,Otro,Buena,Diurna,Buen Tiempo,Otro,S/D,Colisión,Otro,Faltante,Ninguna,Sin restricción,POINT (-60.65939970000001 -32.93408639999999),"['Avenida Ovidio Lagos', 'Jujuy']",2,Avenida Ovidio Lagos; Jujuy,-32.93408639999999,-60.65939970000001,55.0,538.0,Municipio Rosario,Municipio,Rosario,820210,Servicio de Catastro e Información Territorial,IGN
2014,10480,2014-11-06,Jueves,0.0,18:15:00,,0.0,2,"Automóvil,Moto/Ciclomotor",Bv. Segui Y Sarmiento,2,1,0,0,1,0,0,,Avenida,,ROSARIO,Rosario,Asfalto,No existe,II,Dentro,Urbana,Ninguna,No existe,Intersección,Bueno,Buena,Diurna,Buen Tiempo,Otro,S/D,Colisión,Ninguna,Faltante,Ninguna,Sin restricción,POINT (-60.64638135 -32.9790819),"['Bulevar Juan Francisco Seguí', 'Sarmiento']",2,Bulevar Juan Francisco Seguí; Sarmiento,-32.9790819,-60.64638135,55.0,538.0,Municipio Rosario,Municipio,Rosario,820210,Servicio de Catastro e Información Territorial,IGN
2014,10481,2014-11-17,Lunes,0.0,16:00:00,,0.0,2,"Moto/Ciclomotor,Moto/Ciclomotor",Tucuman Y Santiago,2,1,0,0,1,0,0,,Calle,,ROSARIO,Rosario,S/D,No existe,II,S/D,Urbana,Ninguna,No existe,Recta,Bueno,Buena,Diurna,Buen Tiempo,Otro,S/D,Colisión,Otro,Faltante,Ninguna,Sin restricción,POINT (-60.6547977 -32.9386111),"['Tucumán', 'Santiago']",2,Tucumán; Santiago,-32.9386111,-60.6547977,55.0,538.0,Municipio Rosario,Municipio,Rosario,820210,Servicio de Catastro e Información Territorial,IGN
2014,10482,2014-12-10,Miercoles,0.0,18:20:00,,0.0,2,"Moto/Ciclomotor,Automóvil",Superi Y Warnes,3,2,0,0,1,0,0,,Calle,,ROSARIO,Rosario,Asfalto,No existe,II,Dentro,Urbana,Señal Pare,No existe,Intersección,Bueno,Buena,Diurna,Buen Tiempo,Lateral,S/D,Colisión,Ninguna,Vertical,Ninguna,Sin restricción,POINT (-60.6939113 -32.89455149999999),"['Superi', 'Warnes']",2,Comandante José Superí; Ignacio Warnes,-32.89455149999999,-60.6939113,55.0,538.0,Municipio Rosario,Municipio,Rosario,820210,Servicio de Catastro e Información Territorial,IGN