anio_acci,nro_acci,fecha,desc_dia,fecha_aprox,hora_aprox,desc_ruta,km,cant_participantes,desc_participante,calle_avenida_km,total,heridos_leves,heridos_graves,heridos_gravisimos,ilesos,fallecidos,sin_datos,posicion_XY,desc_tipo_via,desc_ruta_ori,desc_loc,desc_dpto,desc_tipo_calzada,desc_tipo_banquina,desc_unidad_regional,desc_lugar_calzada,desc_zona,desc_prioridad,desc_estado_semaforo,desc_lugar_via,desc_estado_via,desc_estado_visibilidad,desc_luminosidad,desc_estado_clima,desc_tipo_colision,desc_tipo_atropello,desc_tipo_hecho,desc_pres_calzada,desc_senializacion,desc_separacion_via,desc_restriccion,forma_geocod,calle_lista,numero_calles,calles_osm,lat,lon,index_right,gid,fna,gna,nam,in1,fdc,sag
2014,10485,2014-11-23,Domingo,0.0,09:30:00,,0.0,2,"Moto/Ciclomotor,Automóvil",Av. Pellegrini Y Bv. Oroño,2,1,0,0,1,0,0,,Avenida,,ROSARIO,Rosario,Asfalto,S/D,II,Dentro,Urbana,Semáforo,Funciona,S/D,Bueno,Buena,Diurna,Buen Tiempo,De alcance,S/D,Colisión,S/D,Vertical,Cordón divisorio,S/D,POINT (-60.656023850000004 -32.95457175),"['Pellegrini', 'Bulevar Nicasio Oroño']",2,Avenida Carlos Pellegrini; Bulevar Nicasio Oroño,-32.95457175,-60.65602385,55.0,538.0,Municipio Rosario,Municipio,Rosario,820210,Servicio de Catastro e Información Territorial,IGN
2014,10486,2014-10-18,Sabado,0.0,12:30:00,,0.0,2,"Automóvil,Moto/Ciclomotor",J.J.Paso 7800,3,2,0,0,1,0,0,,Calle,,ROSARIO,Rosario,Asfalto,No existe,II,S/D,Urbana,S/D,S/D,Recta,Bueno,S/D,Diurna,S/D,S/D,S/D,Colisión,S/D,S/D,S/D,S/D,"-32.9206562, -60.7303239",['Juan José Paso 7800'],1,Juan José Paso 7800,-32.9206562,-60.7303239,55.0,538.0,Municipio Rosario,Municipio,Rosario,820210,Servicio de Catastro e Información Territorial,IGN
2014,10488,2014-10-18,Sabado,0.0,23:00:00,,0.0,2,"Pickup/Utilitario,Bicicleta",Tarragona Y Bv. Argentino,2,1,0,0,1,0,0,,Calle,,ROSARIO,Rosario,Asfalto,S/D,II,S/D,Urbana,S/D,S/D,Intersección,Bueno,S/D,S/D,S/D,S/D,S/D,Colisión,S/D,S/D,S/D,S/D,POINT (-60.7346713 -32.9243627),"['Tarragona', 'Argentino']",2,Tarragona; Avenida Central Argentino,-32.9243627,-60.7346713,55.0,538.0,Municipio Rosario,Municipio,Rosario,820210,Servicio de Catastro e Información Territorial,IGN
2014,10492,2014-11-06,Jueves,0.0,20:30:00,,0.0,2,"Automóvil,Automóvil",Sarmiento Y Anchorena,2,1,0,0,1,0,0,,Calle,,ROSARIO,Rosario,Asfalto,No existe,II,Dentro,Urbana,Ninguna,No existe,Intersección,Bueno,Buena,Con luz artificial,Buen Tiempo,Lateral,S/D,Colisión,Ninguna,Faltante,Ninguna,Sin restricción,POINT (-60.6491 -32.99780139999999),"['Sarmiento', 'Anchorena']",2,Sarmiento; Tomás de Anchorena,-32.99780139999999,-60.6491,55.0,538.0,Municipio Rosario,Municipio,Rosario,820210,Servicio de Catastro e Información Territorial,IGN
2014,10493,2014-11-18,Martes,0.0,07:55:00,,0.0,2,"Automóvil,Automóvil",Tucuman 2500,3,1,0,0,2,0,0,,Calle,,ROSARIO,Rosario,Asfalto,No existe,II,S/D,Urbana,Ninguna,No existe,Recta,Bueno,Buena,Diurna,Buen Tiempo,Otro,S/D,Colisión,Otro,Faltante,Ninguna,Sin restricción,"-32.9383356, -60.6559541",['Tucuman 2500'],1,Tucuman 2500,-32.9383356,-60.6559541,55.0,538.0,Municipio Rosario,Municipio,Rosario,820210,Servicio de Catastro e Información Territorial,IGN
2014,10495,2014-11-26,Miercoles,0.0,17:30:00,,0.0,2,"Moto/Ciclomotor,Automóvil",Pueyrredon Y Galvez,2,1,0,0,1,0,0,,Calle,,ROSARIO,Rosario,Asfalto,S/D,II,Dentro,Urbana,S/D,No existe,S/D,Bueno,Buena,Diurna,Buen Tiempo,De alcance,S/D,Colisión,S/D,Vertical,S/D,S/D,POINT (-60.66299490000001 -32.96534619999999),"['Pueyrredón', 'Galvez']",2,Pueyrredón; José Gálvez,-32.96534619999999,-60.66299490000001,55.0,538.0,Municipio Rosario,Municipio,Rosario,820210,Servicio de Catastro e Información Territorial,IGN
2014,10496,2014-12-22,Lunes,0.0,17:20:00,,0.0,2,"Automóvil,Moto/Ciclomotor",Servando Bayo Y E.Zeballos,2,1,0,0,1,0,0,,Calle,,ROSARIO,Rosario,Asfalto,No existe,II,S/D,Urbana,Ninguna,No existe,Intersección,Bueno,Buena,Diurna,Buen Tiempo,Lateral,S/D,Colisión,Ninguna,Faltante,S/D,Sin restricción,POINT (-60.686719 -32.946714199999995),"['Servando Bayo', 'Zeballos']",2,Servando Bayo; Zeballos,-32.946714199999995,-60.686719,55.0,538.0,Municipio Rosario,Municipio,Rosario,820210,Servicio de Catastro e Información Territorial,IGN
2014,10497,2014-11-27,Jueves,0.0,08:15:00,,0.0,2,"Automóvil,Moto/Ciclomotor",Albert Sabin Y Velez Sarsfield,2,1,0,0,1,0,0,,Avenida,,ROSARIO,Rosario,S/D,S/D,II,S/D,Urbana,S/D,S/D,Intersección,S/D,S/D,S/D,S/D,S/D,S/D,S/D,S/D,S/D,S/D,S/D,POINT (-60.6821659 -32.92505235),"['Avenida Travesía Albert Sabin', 'Vélez Sarsfield']",2,Avenida Travesía Albert Sabin; Vélez Sarsfield,-32.92505235,-60.6821659,55.0,538.0,Municipio Rosario,Municipio,Rosario,820210,Servicio de Catastro e Información Territorial,IGN
2014,10498,2014-12-01,Lunes,0.0,22:40:00,,0.0,3,"Automóvil,Automóvil,Pickup/Utilitario",Bv. Rondeau 2700,3,1,0,0,2,0,0,,Avenida,,ROSARIO,Rosario,Asfalto,No existe,II,Dentro,Urbana,Semáforo,Funciona,Recta,Bueno,Buena,Nocturna,Buen Tiempo,"De alcance,Múltiple",S/D,Colisión,Ninguna,Vertical,Vegetación,Sin restricción,"-32.8882861, -60.6940395",['Rondeau 2700'],1,Rondeau 2700,-32.8882861,-60.6940395,55.0,538.0,Municipio Rosario,Municipio,Rosario,820210,Servicio de Catastro e Información Territorial,IGN
2014,10499,2014-10-27,Lunes,0.0,15:30:00,,0.0,2,"Moto/Ciclomotor,Automóvil",Friuli Y Av. Eva Peron,2,1,0,0,1,0,0,,Avenida,,ROSARIO,Rosario,Asfalto,No existe,II,S/D,Urbana,S/D,S/D,Recta,Bueno,S/D,Diurna,S/D,S/D,S/D,Colisión,S/D,S/D,S/D,S/D,POINT (-60.7357064 -32.92891735),"['Friuli', 'Avenida Eva Perón']",2,Friuli; Avenida Eva Perón,-32.92891735,-60.7357064,55.0,538.0,Municipio Rosario,Municipio,Rosario,820210,Servicio de Catastro e Información Territorial,IGN
2014,10501,2014-11-05,Miercoles,0.0,13:45:00,,0.0,2,"Pickup/Utilitario,Automóvil",Sarmiento Y Dr.Rivas,3,1,0,0,2,0,0,,Calle,,ROSARIO,Rosario,Asfalto,No existe,II,Dentro,Urbana,Ninguna,No existe,Recta,Bueno,Buena,Diurna,Buen Tiempo,Lateral,S/D,Colisión,Ninguna,Faltante,Ninguna,Sin restricción,POINT (-60.6475442 -32.98367330000001),"['Sarmiento', 'Doctor Francisco Riva']",2,Sarmiento; Doctor Francisco Riva,-32.98367330000001,-60.6475442,55.0,538.0,Municipio Rosario,Municipio,Rosario,820210,Servicio de Catastro e Información Territorial,IGN
2014,10503,2014-01-28,Martes,0.0,13:50:00,,0.0,2,"Automóvil,Moto/Ciclomotor",Humberto I Y Iguazu,2,1,0,0,1,0,0,,Calle,,ROSARIO,Rosario,S/D,S/D,II,S/D,Urbana,S/D,S/D,Intersección,S/D,S/D,Diurna,S/D,S/D,S/D,S/D,S/D,S/D,S/D,S/D,POINT (-60.685702600000006 -32.9297417),"['Humberto', 'Iguazu']",2,Humberto Primero; Iguazú,-32.9297417,-60.685702600000006,55.0,538.0,Municipio Rosario,Municipio,Rosario,820210,Servicio de Catastro e Información Territorial,IGN
2014,10504,2014-10-28,Martes,0.0,11:00:00,,0.0,2,"Taxi/Remis,Automóvil",Av. Provincias Unidas Y Velez Sarsfield,2,1,0,0,1,0,0,,Avenida,,ROSARIO,Rosario,Asfalto,No existe,II,S/D,Urbana,S/D,S/D,Intersección,Bueno,S/D,Diurna,S/D,S/D,S/D,Colisión,S/D,S/D,S/D,S/D,POINT (-60.7132322 -32.92604335),"['Avenida Provincias Unidas', 'Vélez Sarsfield']",2,Avenida Provincias Unidas; Vélez Sarsfield,-32.92604335,-60.7132322,55.0,538.0,Municipio Rosario,Municipio,Rosario,820210,Servicio de Catastro e Información Territorial,IGN
2014,10505,2014-12-16,Martes,0.0,12:50:00,,0.0,2,"Moto/Ciclomotor,Automóvil",San Lorenzo ,2,1,0,0,1,0,0,,Calle,,ROSARIO,Rosario,Asfalto,No existe,II,Dentro,Urbana,Semáforo,Funciona,Recta,Otro,Buena,Diurna,Buen Tiempo,De alcance,S/D,Colisión,S/D,Vertical,Ninguna,Sin restricción,"-32.9357015, -60.6846784",['San Lorenzo'],1,San Lorenzo,-32.9357015,-60.6846784,55.0,538.0,Municipio Rosario,Municipio,Rosario,820210,Servicio de Catastro e Información Territorial,IGN
2014,10506,2014-10-30,Jueves,0.0,11:30:00,,0.0,2,"Bicicleta,Automóvil",French Y Mejico,2,1,0,0,1,0,0,,Calle,,ROSARIO,Rosario,Asfalto,No existe,II,S/D,Urbana,S/D,S/D,Intersección,Bueno,S/D,Diurna,S/D,S/D,S/D,Atropello,S/D,S/D,S/D,S/D,POINT (-60.71924789999999 -32.92194959999999),"['French', 'Mejico']",2,Domingo French; Méjico,-32.92194959999999,-60.71924789999999,55.0,538.0,Municipio Rosario,Municipio,Rosario,820210,Servicio de Catastro e Información Territorial,IGN
2014,10508,2014-11-28,Viernes,0.0,07:45:00,,0.0,2,"Automóvil,Moto/Ciclomotor",Junin Y Diaz Velez,2,1,0,0,1,0,0,,Calle,,ROSARIO,Rosario,S/D,S/D,II,S/D,Urbana,S/D,S/D,Intersección,S/D,S/D,Diurna,S/D,S/D,S/D,S/D,S/D,S/D,S/D,S/D,POINT (-60.6846242 -32.926808799999996),"['Junín', 'Díaz Vélez']",2,Junín; Díaz Vélez,-32.9268088,-60.6846242,55.0,538.0,Municipio Rosario,Municipio,Rosario,820210,Servicio de Catastro e Información Territorial,IGN
2014,10509,2014-11-19,Miercoles,0.0,16:30:00,,0.0,2,"Moto/Ciclomotor,Automóvil",San Lorenzo Y Alsina,2,1,0,0,1,0,0,,Calle,,ROSARIO,Rosario,Asfalto,No existe,II,S/D,Urbana,Ninguna,No existe,Recta,Bueno,Buena,Diurna,Buen Tiempo,Otro,S/D,Colisión,Otro,Faltante,Ninguna,Sin restricción,POINT (-60.675806900000005 -32.9372869),"['San Lorenzo', 'Alsina']",2,San Lorenzo; Alsina,-32.9372869,-60.675806900000005,55.0,538.0,Municipio Rosario,Municipio,Rosario,820210,Servicio de Catastro e Información Territorial,IGN
2014,10510,2014-12-23,Martes,0.0,20:50:00,,0.0,2,"Automóvil,Moto/Ciclomotor",Bv. Avellaneda ,2,1,0,0,1,0,0,,Calle,,ROSARIO,Rosario,S/D,No existe,II,Dentro,Urbana,Ninguna,No existe,Recta,S/D,Buena,Nocturna,Buen Tiempo,De alcance,S/D,Colisión,S/D,Faltante,Ninguna,Sin restricción,"-32.9200121, -60.6742638",['Avellaneda'],1,Avellaneda,-32.9200121,-60.6742638,55.0,538.0,Municipio Rosario,Municipio,Rosario,820210,Servicio de Catastro e Información Territorial,IGN
2014,10511,2014-11-04,Martes,0.0,08:30:00,,0.0,2,"Automóvil,Moto/Ciclomotor",Garay Y Av. Corrientes,2,1,0,0,1,0,0,,Calle,,ROSARIO,Rosario,Asfalto,No existe,II,Dentro,Urbana,Ninguna,No existe,Intersección,Bueno,Buena,Diurna,Buen Tiempo,Otro,S/D,Colisión,Ninguna,Faltante,Ninguna,Sin restricción,POINT (-60.6494391 -32.97375759999999),"['Garay', 'Corrientes']",2,Juan de Garay; Corrientes,-32.97375759999999,-60.6494391,55.0,538.0,Municipio Rosario,Municipio,Rosario,820210,Servicio de Catastro e Información Territorial,IGN
2014,10513,2014-11-27,Jueves,0.0,12:00:00,,0.0,2,"Moto/Ciclomotor,Automóvil",San Martin Y Pte.Quintana,2,1,0,0,1,0,0,,Avenida,,ROSARIO,Rosario,Asfalto,No existe,II,Dentro,Urbana,Ninguna,No existe,Recta,Bueno,Buena,Diurna,Buen Tiempo,Lateral,S/D,Colisión,Ninguna,Faltante,S/D,S/D,POINT (-60.6450385 -32.982916249999995),"['San Martin', 'Quintana']",2,"('José de San Martín', 'Presidente Quintana')",-32.982916249999995,-60.6450385,55.0,538.0,Municipio Rosario,Municipio,Rosario,820210,Servicio de Catastro e Información Territorial,IGN
2014,10514,2014-12-27,Sabado,0.0,16:50:00,,0.0,2,"Automóvil,Moto/Ciclomotor",Urquiza Y Suipacha,2,1,0,0,1,0,0,,Calle,,ROSARIO,Rosario,S/D,No existe,II,Dentro,Urbana,Ninguna,No existe,Intersección,Bueno,Buena,Diurna,Buen Tiempo,Lateral,S/D,Colisión,S/D,Faltante,Ninguna,Sin restricción,POINT (-60.6633084 -32.9383186),"['Urquiza', 'Suipacha']",2,Justo José de Urquiza; Suipacha,-32.9383186,-60.6633084,55.0,538.0,Municipio Rosario,Municipio,Rosario,820210,Servicio de Catastro e Información Territorial,IGN
2014,10515,2014-11-07,Viernes,0.0,19:10:00,,0.0,2,"Camión,Moto/Ciclomotor",Bv. Wilde Y Filiberto,2,1,0,0,1,0,0,,Avenida,,ROSARIO,Rosario,Asfalto,No existe,II,Dentro,Urbana,Ninguna,No existe,S/D,Bueno,Buena,Nocturna,Buen Tiempo,Lateral,S/D,Colisión,S/D,Faltante,Ninguna,Sin restricción,POINT (-60.73860689999999 -32.9373799),"['Bulevar Wilde', 'Filiberto']",2,Bulevar Wilde; Filiberto,-32.9373799,-60.73860689999999,55.0,538.0,Municipio Rosario,Municipio,Rosario,820210,Servicio de Catastro e Información Territorial,IGN
2014,10516,2014-11-21,Viernes,0.0,12:30:00,,0.0,2,"Moto/Ciclomotor,Automóvil",Rodriguez Y San Lorenzo,2,1,0,0,1,0,0,,Calle,,ROSARIO,Rosario,Asfalto,No existe,II,S/D,Urbana,Ninguna,No existe,Recta,Bueno,Buena,Diurna,Buen Tiempo,Otro,S/D,Colisión,Otro,Faltante,Ninguna,Sin restricción,POINT (-60.658118800000004 -32.9404409),"['Rodríguez', 'San Lorenzo']",2,Rodríguez de Escobedo; San Lorenzo,-32.9404409,-60.6581188,55.0,538.0,Municipio Rosario,Municipio,Rosario,820210,Servicio de Catastro e Información Territorial,IGN
2014,10518,2014-11-19,Miercoles,0.0,19:55:00,,0.0,2,"Otros,Otros",Albert Sabin Y Bv. Avellaneda,2,1,0,0,0,0,1,,S/D,,ROSARIO,Rosario,S/D,S/D,II,S/D,Urbana,S/D,S/D,Intersección,S/D,S/D,Atardecer,S/D,S/D,S/D,S/D,S/D,S/D,S/D,S/D,POINT (-60.67658666 -32.9288765),"['Avenida Travesía Albert Sabin', 'Avellaneda']",2,Avenida Travesía Albert Sabin; Bulevar Nicolás Avellaneda,-32.9288765,-60.67658666,55.0,538.0,Municipio Rosario,Municipio,Rosario,820210,Servicio de Catastro e Información Territorial,IGN
2014,10519,2014-12-29,Lunes,0.0,10:30:00,,0.0,2,"Automóvil,Taxi/Remis",Catamarca Y San Nicolas,2,1,0,0,1,0,0,,Calle,,ROSARIO,Rosario,S/D,No existe,II,Dentro,Urbana,Semáforo,Funciona,Recta,Bueno,Buena,Diurna,Buen Tiempo,Lateral,S/D,Colisión,S/D,Vertical,Ninguna,Sin restricción,POINT (-60.6708811 -32.9345119),"['Catamarca', 'San Nicolás']",2,Catamarca; San Nicolás,-32.9345119,-60.6708811,55.0,538.0,Municipio Rosario,Municipio,Rosario,820210,Servicio de Catastro e Información Territorial,IGN
2014,10522,2014-11-03,Lunes,0.0,17:55:00,,0.0,2,"Automóvil,Automóvil",Av. Corrientes Y Reg.11 de Infanteria,3,2,0,0,1,0,0,,Calle,,ROSARIO,Rosario,Asfalto,No existe,II,Dentro,Urbana,Ninguna,No existe,Intersección,S/D,Buena,Diurna,Buen Tiempo,Otro,S/D,Colisión,Ninguna,Faltante,Ninguna,Sin restricción,POINT (-60.65339740000001 -32.99894449999999),"['Corrientes', 'Regimiento 11']",2,Corrientes; Regimiento 11,-32.99894449999999,-60.65339740000001,55.0,538.0,Municipio Rosario,Municipio,Rosario,820210,Servicio de Catastro e Información Territorial,IGN
2014,10525,2014-11-12,Miercoles,0.0,10:40:00,,0.0,2,"Moto/Ciclomotor,Peatón",Donado Y White,2,1,0,0,1,0,0,,Calle,,ROSARIO,Rosario,Asfalto,Pavimento,II,S/D,Urbana,Ninguna,No existe,S/D,Bueno,Buena,Diurna,Buen Tiempo,S/D,S/D,Atropello,S/D,Faltante,S/D,Sin restricción,POINT (-60.7269047 -32.94204799999999),"['Donado', 'White']",2,José Agustín Donado; Ingeniero White,-32.94204799999999,-60.7269047,55.0,538.0,Municipio Rosario,Municipio,Rosario,820210,Servicio de Catastro e Información Territorial,IGN
2014,10527,2014-12-27,Sabado,0.0,,,0.0,2,"Automóvil,Moto/Ciclomotor",Mendoza Y San Nicolas,2,1,0,0,1,0,0,,Calle,,ROSARIO,Rosario,Asfalto,No existe,II,S/D,Urbana,Ninguna,S/D,Intersección,Bueno,Buena,S/D,Buen Tiempo,Lateral,S/D,Colisión,Ninguna,Faltante,S/D,Sin restricción,POINT (-60.673616 -32.945460800000006),"['Mendoza', 'San Nicolás']",2,Mendoza; San Nicolás,-32.945460800000006,-60.673616,55.0,538.0,Municipio Rosario,Municipio,Rosario,820210,Servicio de Catastro e Información Territorial,IGN
2014,10529,2014-11-01,Sabado,0.0,18:23:00,,0.0,2,"Moto/Ciclomotor,Automóvil",Entre Rios Y Pje. Fotheringhan,2,1,0,0,1,0,0,,Calle,,ROSARIO,Rosario,Asfalto,No existe,II,Dentro,Urbana,Ninguna,No existe,Intersección,Bueno,Buena,Diurna,Buen Tiempo,Otro,S/D,Colisión,Ninguna,Faltante,Ninguna,Sin restricción,POINT (-60.64990890000001 -32.9815691),"['Entre Ríos', 'Fotheringham']",2,Entre Ríos; Fotheringham,-32.9815691,-60.64990890000001,55.0,538.0,Municipio Rosario,Municipio,Rosario,820210,Servicio de Catastro e Información Territorial,IGN
2014,10532,2014-11-01,Sabado,0.0,10:30:00,,0.0,2,"Bicicleta,Automóvil",Sarmiento Y Centeno,3,2,0,0,1,0,0,,Calle,,ROSARIO,Rosario,Asfalto,No existe,II,Dentro,Urbana,Ninguna,No existe,Intersección,Bueno,Buena,Diurna,Buen Tiempo,S/D,S/D,Atropello,Ninguna,Faltante,Ninguna,Sin restricción,POINT (-60.6478364 -32.984826600000005),"['Sarmiento', 'Centeno']",2,Sarmiento; Coronel Centeno,-32.984826600000005,-60.6478364,55.0,538.0,Municipio Rosario,Municipio,Rosario,820210,Servicio de Catastro e Información Territorial,IGN
2014,10533,2014-11-21,Viernes,0.0,17:50:00,,0.0,2,"Moto/Ciclomotor,Moto/Ciclomotor",Entre Rios Y Dean Funes,2,2,0,0,0,0,0,,Calle,,ROSARIO,Rosario,Asfalto,No existe,II,Dentro,Urbana,Ninguna,No existe,Recta,Bueno,Buena,Diurna,Buen Tiempo,De alcance,S/D,Colisión,Ninguna,Faltante,S/D,S/D,POINT (-60.6483161 -32.9751589),"['Entre Ríos', 'Deán Gregorio Funes']",2,Entre Ríos; Deán Gregorio Funes,-32.9751589,-60.6483161,55.0,538.0,Municipio Rosario,Municipio,Rosario,820210,Servicio de Catastro e Información Territorial,IGN
2014,10535,2014-12-03,Miercoles,0.0,16:30:00,,0.0,2,"Pickup/Utilitario,Bicicleta",9 De Julio Y Castellanos,2,1,0,0,1,0,0,,Calle,,ROSARIO,Rosario,Asfalto,S/D,II,Dentro,Urbana,S/D,S/D,Intersección,S/D,S/D,Diurna,S/D,S/D,S/D,Atropello,S/D,S/D,S/D,S/D,POINT (-60.6769591 -32.94722029999999),"['9 de Julio', 'Aaron Castellanos']",2,9 de Julio; Aaron Castellanos,-32.94722029999999,-60.6769591,55.0,538.0,Municipio Rosario,Municipio,Rosario,820210,Servicio de Catastro e Información Territorial,IGN
2014,10536,2014-11-01,Sabado,0.0,15:30:00,,0.0,2,"Automóvil,Moto/Ciclomotor",Bv. Segui Y Pte.Roca,3,2,0,0,1,0,0,,Calle,,ROSARIO,Rosario,Asfalto,No existe,II,Dentro,Urbana,Ninguna,No existe,Intersección,Bueno,Buena,Diurna,Buen Tiempo,Otro,S/D,Colisión,Ninguna,Faltante,Ninguna,Sin restricción,POINT (-60.653334750000006 -32.97782885),"['Bulevar Juan Francisco Seguí', 'Roca']",2,Bulevar Juan Francisco Seguí; Presidente Roca,-32.97782885,-60.653334750000006,55.0,538.0,Municipio Rosario,Municipio,Rosario,820210,Servicio de Catastro e Información Territorial,IGN
2014,10538,2014-11-19,Miercoles,0.0,19:30:00,,0.0,2,"Moto/Ciclomotor,Automóvil",Juan Canals Y Entre Rios,3,2,0,0,1,0,0,,Calle,,ROSARIO,Rosario,Asfalto,Pavimento,II,Dentro,Urbana,Ninguna,No existe,Intersección,Bueno,Buena,Atardecer,Buen Tiempo,De alcance,S/D,Colisión,Ninguna,Faltante,S/D,Sin restricción,POINT (-60.651768 -32.988912099999986),"['Juan Canals', 'Entre Ríos']",2,Juan Canals; Entre Ríos,-32.988912099999986,-60.651768,55.0,538.0,Municipio Rosario,Municipio,Rosario,820210,Servicio de Catastro e Información Territorial,IGN
2014,10539,2014-11-12,Miercoles,0.0,11:20:00,,0.0,2,"Moto/Ciclomotor,Peatón",Donado Y Urquiza,3,1,0,0,1,0,1,,Calle,,ROSARIO,Rosario,Asfalto,Natural,II,S/D,Urbana,Ninguna,No existe,S/D,Bueno,Buena,Diurna,Buen Tiempo,S/D,S/D,Atropello,S/D,Faltante,S/D,Sin restricción,POINT (-60.72724740000001 -32.933859999999996),"['Donado', 'Urquiza']",2,José Agustín Donado; Justo José de Urquiza,-32.93386,-60.72724740000001,55.0,538.0,Municipio Rosario,Municipio,Rosario,820210,Servicio de Catastro e Información Territorial,IGN
2014,10541,2014-12-01,Lunes,0.0,12:30:00,,0.0,2,"Moto/Ciclomotor,Pickup/Utilitario",Av. Alberdi Bis Y Eguren,2,1,0,0,1,0,0,,Avenida,,ROSARIO,Rosario,S/D,S/D,II,Dentro,Urbana,S/D,S/D,Intersección,S/D,S/D,Diurna,S/D,Lateral,S/D,Colisión,S/D,S/D,S/D,S/D,POINT (-60.6772594 -32.92576839999999),"['Alberdi', 'Eguren']",2,Avenida Alberdi; Pasaje Eguren,-32.92576839999999,-60.6772594,55.0,538.0,Municipio Rosario,Municipio,Rosario,820210,Servicio de Catastro e Información Territorial,IGN
2014,10543,2014-12-04,Jueves,0.0,16:10:00,,0.0,2,"Automóvil,Moto/Ciclomotor",Vera Mujica Y San Juan,2,1,0,0,1,0,0,,Calle,,ROSARIO,Rosario,S/D,S/D,II,Dentro,Urbana,S/D,S/D,Intersección,S/D,S/D,Diurna,S/D,S/D,S/D,Colisión,S/D,S/D,S/D,S/D,POINT (-60.6678428 -32.94501609999999),"['Vera Mujíca', 'San Juan']",2,Vera Mujíca; San Juan,-32.94501609999999,-60.6678428,55.0,538.0,Municipio Rosario,Municipio,Rosario,820210,Servicio de Catastro e Información Territorial,IGN
2014,10545,2014-11-24,Lunes,0.0,14:50:00,,0.0,2,"Vehículo Oficial,Pickup/Utilitario",Camilo Aldao Y French,5,1,0,0,4,0,0,,Calle,,ROSARIO,Rosario,Asfalto,No existe,II,Dentro,Urbana,Ninguna,No existe,Intersección,Bueno,Buena,Diurna,S/D,Lateral,S/D,Colisión,S/D,Faltante,Ninguna,Sin restricción,POINT (-60.6966829 -32.92136919999999),"['Camilo Aldao', 'French']",2,Camilo Aldao; Domingo French,-32.92136919999999,-60.6966829,55.0,538.0,Municipio Rosario,Municipio,Rosario,820210,Servicio de Catastro e Información Territorial,IGN
2014,10547,2014-11-04,Martes,0.0,12:30:00,,0.0,2,"Automóvil,Moto/Ciclomotor",San Nicolas Y San Luis,2,1,0,0,1,0,0,,Calle,,ROSARIO,Rosario,Asfalto,S/D,II,Dentro,Urbana,S/D,S/D,Intersección,S/D,S/D,S/D,S/D,S/D,S/D,Colisión,S/D,S/D,S/D,S/D,POINT (-60.6729863 -32.942945),"['San Nicolás', 'San Luis']",2,San Nicolás; San Luis,-32.942945,-60.6729863,55.0,538.0,Municipio Rosario,Municipio,Rosario,820210,Servicio de Catastro e Información Territorial,IGN
2014,10550,2014-11-08,Sabado,0.0,14:30:00,,0.0,2,"Peatón,Pickup/Utilitario",Paraguay Y Centeno,2,1,0,0,1,0,0,,Calle,,ROSARIO,Rosario,Asfalto,No existe,II,Dentro,Urbana,Ninguna,No existe,Recta,Bueno,Buena,Diurna,Buen Tiempo,S/D,S/D,Atropello,Ninguna,Faltante,S/D,Sin restricción,POINT (-60.6534082 -32.9838189),"['Paraguay', 'Centeno']",2,Paraguay; Coronel Centeno,-32.9838189,-60.6534082,55.0,538.0,Municipio Rosario,Municipio,Rosario,820210,Servicio de Catastro e Información Territorial,IGN
2014,10553,2014-12-05,Viernes,0.0,13:25:00,,0.0,2,"Automóvil,Automóvil",9 De Julio Y Constitucion,2,1,0,0,1,0,0,,Calle,,ROSARIO,Rosario,Asfalto,S/D,II,Dentro,Urbana,S/D,S/D,Intersección,S/D,S/D,Diurna,S/D,S/D,S/D,Colisión,S/D,S/D,S/D,S/D,POINT (-60.67555579999999 -32.9474772),"['9 de Julio', 'Constitución']",2,9 de Julio; Constitución,-32.9474772,-60.67555579999999,55.0,538.0,Municipio Rosario,Municipio,Rosario,820210,Servicio de Catastro e Información Territorial,IGN
2014,10554,2014-11-04,Martes,0.0,12:30:00,,0.0,2,"Automóvil,Moto/Ciclomotor",San Nicolas Y Marcos Paz,2,1,0,0,1,0,0,,Calle,,ROSARIO,Rosario,Asfalto,S/D,II,Dentro,Urbana,S/D,S/D,Intersección,S/D,S/D,S/D,S/D,S/D,S/D,Colisión,S/D,S/D,S/D,S/D,POINT (-60.6734384 -32.944757900000006),"['San Nicolás', 'Marcos Paz']",2,San Nicolás; Marcos Paz,-32.944757900000006,-60.6734384,55.0,538.0,Municipio Rosario,Municipio,Rosario,820210,Servicio de Catastro e Información Territorial,IGN
2014,10555,2014-12-06,Sabado,0.0,,,0.0,2,"Moto/Ciclomotor,Automóvil",Matheu Y Nicolas Laguna,2,1,0,0,1,0,0,,Calle,,ROSARIO,Rosario,Asfalto,No existe,II,Dentro,Urbana,Ninguna,No existe,Intersección,Bueno,Buena,"Nocturna,Con luz artificial",Buen Tiempo,S/D,S/D,Colisión,S/D,Faltante,Ninguna,Sin restricción,POINT (-60.724055899999996 -32.88901940000001),"['Matheu', 'Laguna']",2,Domingo Matheu; Laguna Blanca,-32.88901940000001,-60.7240559,55.0,538.0,Municipio Rosario,Municipio,Rosario,820210,Servicio de Catastro e Información Territorial,IGN
2014,10557,2014-11-19,Miercoles,0.0,12:30:00,,0.0,2,"Moto/Ciclomotor,Automóvil",Av. Luis Carballo ,3,1,0,0,2,0,0,,Avenida,,ROSARIO,Rosario,S/D,S/D,II,S/D,Urbana,S/D,S/D,Recta,S/D,S/D,Diurna,S/D,S/D,S/D,Colisión,S/D,S/D,S/D,S/D,"-32.9222628, -60.6852365",['Luis Carballo'],1,Luis Carballo,-32.9222628,-60.6852365,55.0,538.0,Municipio Rosario,Municipio,Rosario,820210,Servicio de Catastro e Información Territorial,IGN