anio_acci,nro_acci,fecha,desc_dia,fecha_aprox,hora_aprox,desc_ruta,km,cant_participantes,desc_participante,calle_avenida_km,total,heridos_leves,heridos_graves,heridos_gravisimos,ilesos,fallecidos,sin_datos,posicion_XY,desc_tipo_via,desc_ruta_ori,desc_loc,desc_dpto,desc_tipo_calzada,desc_tipo_banquina,desc_unidad_regional,desc_lugar_calzada,desc_zona,desc_prioridad,desc_estado_semaforo,desc_lugar_via,desc_estado_via,desc_estado_visibilidad,desc_luminosidad,desc_estado_clima,desc_tipo_colision,desc_tipo_atropello,desc_tipo_hecho,desc_pres_calzada,desc_senializacion,desc_separacion_via,desc_restriccion,forma_geocod,calle_lista,numero_calles,calles_osm,lat,lon,index_right,gid,fna,gna,nam,in1,fdc,sag
2014,10558,2014-11-07,Viernes,0.0,10:45:00,,0.0,2,"Automóvil,Moto/Ciclomotor",Italia Y Garay,2,1,0,0,1,0,0,,Calle,,ROSARIO,Rosario,Asfalto,No existe,II,Dentro,Urbana,Ninguna,No existe,Intersección,Bueno,Buena,Diurna,Buen Tiempo,De alcance,S/D,Colisión,Ninguna,Faltante,S/D,Sin restricción,POINT (-60.65493490000001 -32.972771099999996),"['Italia', 'Garay']",2,Italia; Juan de Garay,-32.9727711,-60.65493490000001,55.0,538.0,Municipio Rosario,Municipio,Rosario,820210,Servicio de Catastro e Información Territorial,IGN
2014,10560,2014-12-06,Sabado,0.0,09:20:00,,0.0,2,"Automóvil,Automóvil",Cordoba Y Callao,2,1,0,0,1,0,0,,Calle,,ROSARIO,Rosario,Asfalto,S/D,II,Dentro,Urbana,S/D,S/D,Intersección,S/D,S/D,Diurna,S/D,S/D,S/D,Colisión,S/D,S/D,S/D,S/D,POINT (-60.6601292 -32.94251589999998),"['Córdoba', 'Callao']",2,Córdoba; Callao,-32.94251589999998,-60.6601292,55.0,538.0,Municipio Rosario,Municipio,Rosario,820210,Servicio de Catastro e Información Territorial,IGN
2014,10562,2014-11-14,Viernes,0.0,11:15:00,,0.0,2,"Automóvil,Automóvil",San Martin Y Anchorena,2,1,0,0,1,0,0,,Avenida,,ROSARIO,Rosario,Asfalto,S/D,II,Dentro,Urbana,Semáforo,Funciona,Intersección,Bueno,Buena,Diurna,Buen Tiempo,De alcance,S/D,Colisión,Ninguna,Horizontal,Ninguna,Sin restricción,POINT (-60.648236499999996 -32.99777095),"['San Martin', 'Anchorena']",2,José de San Martín; Tomás de Anchorena,-32.99777095,-60.6482365,55.0,538.0,Municipio Rosario,Municipio,Rosario,820210,Servicio de Catastro e Información Territorial,IGN
2014,10563,2014-11-27,Jueves,0.0,11:15:00,,0.0,2,"Peatón,Pickup/Utilitario",1 de Mayo 1800,2,1,0,0,1,0,0,,Calle,,ROSARIO,Rosario,Asfalto,No existe,II,S/D,Urbana,Ninguna,No existe,Recta,Bueno,Buena,Diurna,Buen Tiempo,S/D,S/D,Atropello,Ninguna,Faltante,Ninguna,Sin restricción,"-32.9598449, -60.6327638",['Primero De Mayo 1800'],1,Primero De Mayo 1800,-32.9598449,-60.6327638,55.0,538.0,Municipio Rosario,Municipio,Rosario,820210,Servicio de Catastro e Información Territorial,IGN
2014,10564,2014-12-05,Viernes,0.0,,,0.0,2,"Moto/Ciclomotor,Peatón",Calderon 4000,2,1,0,0,1,0,0,,Calle,,ROSARIO,Rosario,S/D,No existe,II,Dentro,Urbana,Ninguna,Intermitente,Recta,Bueno,Buena,Atardecer,Buen Tiempo,S/D,S/D,Atropello,S/D,Faltante,Ninguna,Sin restricción,"-32.880936, -60.7312881",['Calderon 4000'],1,Calderon 4000,-32.880936,-60.7312881,55.0,538.0,Municipio Rosario,Municipio,Rosario,820210,Servicio de Catastro e Información Territorial,IGN
2014,10565,2014-11-11,Martes,0.0,21:30:00,,0.0,2,"Automóvil,Moto/Ciclomotor",Av. Jorge Newbery Y Tarragona,3,2,0,0,1,0,0,,S/D,,ROSARIO,Rosario,S/D,S/D,II,S/D,Urbana,S/D,S/D,S/D,S/D,S/D,Nocturna,S/D,S/D,S/D,S/D,S/D,S/D,S/D,S/D,POINT (-60.7354351 -32.90855883333333),"['Jorge Newbery', 'Tarragona']",2,Avenida Jorge Newbery; Tarragona,-32.90855883333333,-60.7354351,55.0,538.0,Municipio Rosario,Municipio,Rosario,820210,Servicio de Catastro e Información Territorial,IGN
2014,10566,2014-09-12,Viernes,0.0,12:45:00,,0.0,3,"Peatón,Automóvil,Automóvil",Av. Avellaneda B Y Av. Alberdi Bis,3,1,0,0,2,0,0,,Avenida,,ROSARIO,Rosario,S/D,S/D,II,S/D,Urbana,S/D,S/D,S/D,S/D,S/D,Diurna,Buen Tiempo,S/D,S/D,Atropello,S/D,S/D,S/D,S/D,POINT (-60.6761143 -32.92712292499999),"['Avellaneda', 'Alberdi']",2,Bulevar Nicolás Avellaneda; Avenida Alberdi,-32.92712292499999,-60.6761143,55.0,538.0,Municipio Rosario,Municipio,Rosario,820210,Servicio de Catastro e Información Territorial,IGN
2014,10569,2014-11-14,Viernes,0.0,15:15:00,,0.0,2,"Peatón,Automóvil",San Martin Y Pje. Gral.Savio,2,1,0,0,1,0,0,,S/D,,ROSARIO,Rosario,Asfalto,No existe,II,S/D,S/D,Semáforo,Funciona,Recta,Bueno,Buena,S/D,Buen Tiempo,S/D,S/D,Atropello,Ninguna,Horizontal,Ninguna,Sin restricción,POINT (-60.647959150000005 -32.9964993),"['San Martin', 'Savio']",2,José de San Martín; General Manuel Savio,-32.9964993,-60.647959150000005,55.0,538.0,Municipio Rosario,Municipio,Rosario,820210,Servicio de Catastro e Información Territorial,IGN
2014,10570,2014-12-10,Miercoles,0.0,12:00:00,,0.0,3,"Moto/Ciclomotor,Automóvil,Transporte de Pasajeros Urbano (> 8 asientos)",Junin Y Pje. Famatina,3,1,0,0,2,0,0,,Calle,,ROSARIO,Rosario,Asfalto,S/D,II,Dentro,Urbana,S/D,S/D,Intersección,S/D,S/D,Diurna,S/D,Múltiple,S/D,Colisión,S/D,S/D,S/D,S/D,POINT (-60.68117029999999 -32.9267347),"['Junín', 'Famatina']",2,Junín; Famatina,-32.9267347,-60.68117029999999,55.0,538.0,Municipio Rosario,Municipio,Rosario,820210,Servicio de Catastro e Información Territorial,IGN
2014,10571,2014-11-10,Lunes,0.0,20:15:00,,0.0,2,"Automóvil,Automóvil",Av. Pellegrini 4400,3,2,0,0,0,0,1,,Avenida,,ROSARIO,Rosario,Asfalto,S/D,II,Dentro,Urbana,S/D,S/D,Intersección,S/D,S/D,S/D,S/D,S/D,S/D,Colisión,S/D,S/D,S/D,S/D,"-32.949139, -60.6858005",['Pellegrini 4400'],1,Pellegrini 4400,-32.949139,-60.6858005,55.0,538.0,Municipio Rosario,Municipio,Rosario,820210,Servicio de Catastro e Información Territorial,IGN
2014,10572,2014-11-15,Sabado,0.0,01:10:00,,0.0,2,"Taxi/Remis,Moto/Ciclomotor",Av. Avellaneda B Y Albert Sabin,2,1,0,0,1,0,0,,Avenida,,ROSARIO,Rosario,S/D,S/D,II,Dentro,Urbana,S/D,S/D,Intersección,S/D,S/D,Nocturna,S/D,S/D,S/D,Colisión,S/D,S/D,S/D,S/D,POINT (-60.67658666 -32.928876499999994),"['Avellaneda', 'Avenida Travesía Albert Sabin']",2,Bulevar Nicolás Avellaneda; Avenida Travesía Albert Sabin,-32.928876499999994,-60.67658666,55.0,538.0,Municipio Rosario,Municipio,Rosario,820210,Servicio de Catastro e Información Territorial,IGN
2014,10577,2014-11-05,Miercoles,0.0,08:00:00,,0.0,2,"Peatón,Automóvil",Mendoza Y Castellanos,2,1,0,0,1,0,0,,Calle,,ROSARIO,Rosario,Asfalto,S/D,II,Dentro,Urbana,S/D,S/D,Intersección,S/D,S/D,S/D,S/D,S/D,S/D,Atropello,S/D,S/D,S/D,S/D,POINT (-60.6763884 -32.94496500000001),"['Mendoza', 'Aaron Castellanos']",2,Mendoza; Aaron Castellanos,-32.94496500000001,-60.6763884,55.0,538.0,Municipio Rosario,Municipio,Rosario,820210,Servicio de Catastro e Información Territorial,IGN
2014,10578,2014-11-21,Viernes,0.0,11:10:00,,0.0,2,"Bicicleta,Automóvil",Av. Provincias Unidas ,2,0,0,0,1,0,1,,Avenida,,ROSARIO,Rosario,Asfalto,Pavimento,II,Dentro,Urbana,Ninguna,No existe,Recta,Bueno,Buena,Diurna,Buen Tiempo,S/D,S/D,Atropello,Otro,Vertical,Cordón divisorio,Sin restricción,"-32.9083339, -60.7141843",['Avenida Provincias Unidas'],1,Avenida Provincias Unidas,-32.9083339,-60.7141843,55.0,538.0,Municipio Rosario,Municipio,Rosario,820210,Servicio de Catastro e Información Territorial,IGN
2014,10580,2014-11-16,Domingo,0.0,23:15:00,,0.0,1,Moto/Ciclomotor,Bv. 27 De Febrero Y 1 de Mayo,2,2,0,0,0,0,0,,Calle,,ROSARIO,Rosario,Asfalto,No existe,II,S/D,Urbana,Ninguna,Intermitente,Recta,Bueno,Buena,"Nocturna,Con luz artificial",Buen Tiempo,S/D,S/D,Caída ocupante,Ninguna,Horizontal,Ninguna,Sin restricción,POINT (-60.63497995 -32.96911779999999),"['27 de Febrero', 'Primero de Mayo']",2,Bulevar 27 de Febrero; Primero de Mayo,-32.96911779999999,-60.63497995,55.0,538.0,Municipio Rosario,Municipio,Rosario,820210,Servicio de Catastro e Información Territorial,IGN
2014,10581,2014-12-04,Jueves,0.0,11:15:00,,0.0,2,"Automóvil,Moto/Ciclomotor",Alsina Y Urquiza,3,1,0,0,2,0,0,,Calle,,ROSARIO,Rosario,Asfalto,No existe,II,Dentro,Urbana,Ninguna,No existe,Recta,Bueno,Buena,Diurna,Buen Tiempo,Lateral,S/D,Colisión,S/D,Faltante,Ninguna,Sin restricción,POINT (-60.675512999999995 -32.9361188),"['Alsina', 'Urquiza']",2,Alsina; Justo José de Urquiza,-32.9361188,-60.675513,55.0,538.0,Municipio Rosario,Municipio,Rosario,820210,Servicio de Catastro e Información Territorial,IGN
2014,10585,2014-11-25,Martes,0.0,08:20:00,,0.0,2,"Automóvil,Otros",Palliere Y Av. Circunvalacion,2,1,0,0,1,0,0,,Calle,,ROSARIO,Rosario,Asfalto,No existe,II,Dentro,Urbana,S/D,Funciona,Recta,S/D,Buena,Diurna,Buen Tiempo,S/D,S/D,Colisión,S/D,S/D,Ninguna,Sin restricción,POINT (-60.714953753596255 -32.88780796014468),"['Palliere', 'Circunvalacion']",2,Palliere; Avenida de Circunvalación 25 de Mayo,-32.88780796014468,-60.714953753596255,55.0,538.0,Municipio Rosario,Municipio,Rosario,820210,Servicio de Catastro e Información Territorial,IGN
2014,10586,2014-11-07,Viernes,0.0,08:00:00,,0.0,2,"Automóvil,Automóvil",Laprida Y Ituzaingo,2,1,0,0,1,0,0,,Calle,,ROSARIO,Rosario,Asfalto,No existe,II,S/D,Urbana,Ninguna,No existe,Intersección,Bueno,Buena,Diurna,Buen Tiempo,De alcance,S/D,Colisión,Ninguna,Faltante,Ninguna,Sin restricción,POINT (-60.6378573 -32.961426),"['Laprida', 'Ituzaingó']",2,Francisco Narciso Laprida; Ituzaingó,-32.961426,-60.6378573,55.0,538.0,Municipio Rosario,Municipio,Rosario,820210,Servicio de Catastro e Información Territorial,IGN
2014,10588,2014-11-20,Jueves,0.0,08:20:00,,0.0,2,"Moto/Ciclomotor,Peatón",Bv. Rondeau Y Av. Irigoyen,2,0,1,0,1,0,0,,Avenida,,ROSARIO,Rosario,Asfalto,No existe,II,Dentro,Urbana,Ninguna,Funciona,Intersección,Bueno,Buena,Amanecer,Buen Tiempo,Otro,S/D,Atropello,Ninguna,Vertical,Ninguna,Sin restricción,POINT (-60.695452875 -32.884458699999996),"['Rondeau', 'Avenida Hipólito Irigoyen']",2,Bulevar General José Rondeau; Avenida Hipólito Irigoyen,-32.8844587,-60.695452875,55.0,538.0,Municipio Rosario,Municipio,Rosario,820210,Servicio de Catastro e Información Territorial,IGN
2014,10589,2014-12-05,Viernes,0.0,14:00:00,,0.0,2,"Moto/Ciclomotor,Automóvil",Santa Fe Y Cafferata,2,1,0,0,1,0,0,,Calle,,ROSARIO,Rosario,Asfalto,No existe,II,Dentro,Urbana,Semáforo,Funciona,Recta,Bueno,Buena,Diurna,Buen Tiempo,Lateral,S/D,Colisión,S/D,Vertical,Ninguna,Sin restricción,POINT (-60.67063869999999 -32.939213),"['Santa Fe', 'Cafferata']",2,Santa Fe; Cafferata,-32.939213,-60.67063869999999,55.0,538.0,Municipio Rosario,Municipio,Rosario,820210,Servicio de Catastro e Información Territorial,IGN
2014,10590,2014-12-06,Sabado,0.0,,,0.0,2,"Moto/Ciclomotor,Pickup/Utilitario",Alsina Y 9 De Julio,2,1,0,0,0,0,1,,Calle,,ROSARIO,Rosario,Asfalto,S/D,II,Dentro,Urbana,S/D,S/D,Intersección,S/D,S/D,Diurna,Buen Tiempo,S/D,S/D,Colisión,S/D,S/D,S/D,S/D,POINT (-60.6782616 -32.9469818),"['Alsina', '9 de Julio']",2,Alsina; 9 de Julio,-32.9469818,-60.6782616,55.0,538.0,Municipio Rosario,Municipio,Rosario,820210,Servicio de Catastro e Información Territorial,IGN
2014,10591,2014-11-20,Jueves,0.0,15:30:00,,0.0,2,"Peatón,Automóvil",Albert Sabin 200,2,1,0,0,1,0,0,,Avenida,,ROSARIO,Rosario,Asfalto,No existe,II,Dentro,Urbana,Ninguna,No existe,Recta,Bueno,Buena,Diurna,Buen Tiempo,De alcance,S/D,Atropello,Otro,Faltante,Línea divisoria pintada,Sin restricción,"-32.9109092, -60.6921362",['Albert Sabin 200'],1,Albert Sabin 200,-32.9109092,-60.6921362,55.0,538.0,Municipio Rosario,Municipio,Rosario,820210,Servicio de Catastro e Información Territorial,IGN
2014,10592,2014-11-06,Jueves,0.0,09:00:00,,0.0,2,"Automóvil,Automóvil",Alsina Y 9 De Julio,3,1,0,0,2,0,0,,Calle,,ROSARIO,Rosario,Asfalto,S/D,II,Dentro,Urbana,S/D,S/D,Intersección,S/D,S/D,Diurna,S/D,S/D,S/D,Colisión,S/D,S/D,S/D,S/D,POINT (-60.6782616 -32.9469818),"['Alsina', '9 de Julio']",2,Alsina; 9 de Julio,-32.9469818,-60.6782616,55.0,538.0,Municipio Rosario,Municipio,Rosario,820210,Servicio de Catastro e Información Territorial,IGN
2014,10593,2014-11-13,Jueves,0.0,17:15:00,,0.0,2,"Automóvil,Moto/Ciclomotor",Uruguay Y España,2,1,0,0,1,0,0,,Calle,,ROSARIO,Rosario,Asfalto,No existe,II,Dentro,Urbana,S/D,No existe,Intersección,Bueno,Buena,Diurna,Buen Tiempo,De alcance,S/D,Colisión,Ninguna,Faltante,Ninguna,Sin restricción,POINT (-60.654130699999996 -32.975319799999994),"['Uruguay', 'España']",2,Uruguay; España,-32.975319799999994,-60.6541307,55.0,538.0,Municipio Rosario,Municipio,Rosario,820210,Servicio de Catastro e Información Territorial,IGN
2014,10594,2014-11-20,Jueves,0.0,16:10:00,,0.0,2,"Automóvil,Moto/Ciclomotor",Av. Irigoyen 1600,4,1,0,0,1,0,2,,Calle,,ROSARIO,Rosario,Asfalto,No existe,II,Dentro,Urbana,Ninguna,No existe,Recta,S/D,Buena,Diurna,Buen Tiempo,S/D,S/D,Colisión,S/D,S/D,Ninguna,Sin restricción,"-32.8846974, -60.7048313",['Avenida Hipólito Irigoyen 1600'],1,Avenida Hipólito Irigoyen 1600,-32.8846974,-60.7048313,55.0,538.0,Municipio Rosario,Municipio,Rosario,820210,Servicio de Catastro e Información Territorial,IGN
2014,10595,2014-12-05,Viernes,0.0,17:00:00,,0.0,2,"Moto/Ciclomotor,Automóvil",Santiago Y E.Zeballos,2,1,0,0,1,0,0,,Calle,,ROSARIO,Rosario,Asfalto,S/D,II,S/D,Urbana,S/D,S/D,Intersección,S/D,S/D,Diurna,S/D,S/D,S/D,Colisión,S/D,S/D,S/D,S/D,POINT (-60.6581792 -32.95179709999999),"['Santiago', 'Zeballos']",2,Santiago; Zeballos,-32.95179709999999,-60.6581792,55.0,538.0,Municipio Rosario,Municipio,Rosario,820210,Servicio de Catastro e Información Territorial,IGN
2014,10598,2014-11-11,Martes,0.0,12:53:00,,0.0,2,"Moto/Ciclomotor,Camión",Alvear Y Biedma,2,1,0,0,1,0,0,,Calle,,ROSARIO,Rosario,Asfalto,No existe,II,S/D,S/D,Ninguna,No existe,Recta,Bueno,Buena,Diurna,Buen Tiempo,De alcance,S/D,Colisión,Ninguna,Faltante,S/D,Sin restricción,POINT (-60.6634341 -32.978430899999985),"['Alvear', 'Coronel Biedma']",2,Alvear; Coronel Biedma,-32.978430899999985,-60.6634341,55.0,538.0,Municipio Rosario,Municipio,Rosario,820210,Servicio de Catastro e Información Territorial,IGN
2014,10601,2014-11-18,Martes,0.0,18:50:00,,0.0,2,"Moto/Ciclomotor,Pickup/Utilitario",Av. Luis Carballo Y Bv. Avellaneda,2,1,0,0,1,0,0,,S/D,,ROSARIO,Rosario,Asfalto,S/D,II,S/D,Urbana,Ninguna,S/D,Recta,Bueno,Buena,Diurna,Buen Tiempo,De alcance,S/D,Colisión,S/D,S/D,S/D,Sin restricción,POINT (-60.674817000000004 -32.9219776),"['Avenida Doctor Luis Cándido Carballo', 'Avellaneda']",2,Avenida Doctor Luis Cándido Carballo; Bulevar Nicolás Avellaneda,-32.9219776,-60.674817,55.0,538.0,Municipio Rosario,Municipio,Rosario,820210,Servicio de Catastro e Información Territorial,IGN
2014,10604,2014-11-11,Martes,0.0,23:40:00,,0.0,2,"Pickup/Utilitario,Bicicleta",Pueyrredon Y Bv. Segui,2,1,0,0,1,0,0,,Calle,,ROSARIO,Rosario,Asfalto,S/D,II,Dentro,Urbana,Ninguna,No existe,Intersección,Bueno,Buena,"Nocturna,Con luz artificial",Buen Tiempo,S/D,S/D,Atropello,Ninguna,Faltante,S/D,Sin restricción,POINT (-60.66559335 -32.97564369999999),"['Pueyrredón', 'Bulevar Juan Francisco Seguí']",2,Pueyrredón; Bulevar Juan Francisco Seguí,-32.97564369999999,-60.66559335,55.0,538.0,Municipio Rosario,Municipio,Rosario,820210,Servicio de Catastro e Información Territorial,IGN
2014,10606,2014-12-09,Martes,0.0,22:55:00,,0.0,2,"Moto/Ciclomotor,Automóvil",9 De Julio Y Pascual Rosas,2,1,0,0,1,0,0,,Calle,,ROSARIO,Rosario,Asfalto,S/D,II,Dentro,Urbana,S/D,S/D,Intersección,S/D,S/D,Nocturna,S/D,S/D,S/D,Colisión,S/D,S/D,S/D,S/D,POINT (-60.68777450000001 -32.94530619999999),"['9 de Julio', 'Pascual Rosas']",2,9 de Julio; Pascual Rosas,-32.94530619999999,-60.68777450000001,55.0,538.0,Municipio Rosario,Municipio,Rosario,820210,Servicio de Catastro e Información Territorial,IGN
2014,10608,2014-11-04,Martes,0.0,21:00:00,,0.0,3,"Camión,Automóvil,Pickup/Utilitario",Av. Pellegrini Y Lavalle,3,1,0,0,2,0,0,,Calle,,ROSARIO,Rosario,Asfalto,S/D,II,Dentro,Urbana,S/D,S/D,Intersección,S/D,S/D,Diurna,S/D,S/D,S/D,Colisión,S/D,S/D,S/D,S/D,POINT (-60.68050055 -32.9501851),"['Pellegrini', 'Lavalle']",2,Avenida Carlos Pellegrini; Lavalle,-32.9501851,-60.68050055,55.0,538.0,Municipio Rosario,Municipio,Rosario,820210,Servicio de Catastro e Información Territorial,IGN
2014,10610,2014-11-23,Domingo,0.0,20:20:00,,0.0,2,"Automóvil,Moto/Ciclomotor",Av. Eudoro Carrasco Y Dr.D.Peña,1,1,0,0,0,0,0,,Avenida,,ROSARIO,Rosario,Asfalto,No existe,II,Dentro,Urbana,Ninguna,S/D,Intersección,Bueno,Buena,Nocturna,Buen Tiempo,Contra objeto fijo,S/D,Colisión,Otro,Faltante,Ninguna,Sin restricción,POINT (-60.68799125000001 -32.877218199999994),"['Avenida Eudoro Carrasco', 'David Peña']",2,Avenida Eudoro Carrasco; David Peña,-32.877218199999994,-60.68799125000001,55.0,538.0,Municipio Rosario,Municipio,Rosario,820210,Servicio de Catastro e Información Territorial,IGN
2014,10612,2014-11-09,Domingo,0.0,10:29:00,,0.0,2,"Moto/Ciclomotor,Automóvil",Entre Rios Y Sanchez de Bustamante,3,2,0,0,1,0,0,,Calle,,ROSARIO,Rosario,Asfalto,No existe,II,Dentro,Urbana,Ninguna,No existe,Intersección,Bueno,Buena,Diurna,Buen Tiempo,De alcance,S/D,Colisión,Ninguna,Faltante,S/D,Sin restricción,POINT (-60.6518161 -33.002103999999996),"['Entre Ríos', 'Sánchez de Bustamante']",2,Entre Ríos; Sánchez de Bustamante,-33.002104,-60.6518161,55.0,538.0,Municipio Rosario,Municipio,Rosario,820210,Servicio de Catastro e Información Territorial,IGN
2014,10618,2014-11-08,Sabado,0.0,06:40:00,,0.0,2,"Taxi/Remis,Automóvil",Cordoba Y San Nicolas,2,1,0,0,1,0,0,,Calle,,ROSARIO,Rosario,Asfalto,S/D,II,Dentro,Urbana,S/D,S/D,Intersección,S/D,S/D,S/D,S/D,S/D,S/D,Colisión,S/D,S/D,S/D,S/D,POINT (-60.67232460000001 -32.9403107),"['Córdoba', 'San Nicolás']",2,Córdoba; San Nicolás,-32.9403107,-60.67232460000001,55.0,538.0,Municipio Rosario,Municipio,Rosario,820210,Servicio de Catastro e Información Territorial,IGN
2014,10620,2014-11-13,Jueves,0.0,11:50:00,,0.0,2,"Automóvil,Automóvil",E.Zeballos Y Pueyrredon,3,2,0,0,1,0,0,,Calle,,ROSARIO,Rosario,Asfalto,S/D,II,Dentro,Urbana,S/D,S/D,Intersección,S/D,S/D,S/D,S/D,S/D,S/D,Colisión,S/D,S/D,S/D,S/D,POINT (-60.6595219 -32.95155700000002),"['Zeballos', 'Pueyrredón']",2,Zeballos; Pueyrredón,-32.95155700000002,-60.6595219,55.0,538.0,Municipio Rosario,Municipio,Rosario,820210,Servicio de Catastro e Información Territorial,IGN
2014,10622,2014-12-03,Miercoles,0.0,17:00:00,,0.0,2,"Automóvil,Moto/Ciclomotor",3 De Febrero Y Rio De Janeiro,2,1,0,0,1,0,0,,Calle,,ROSARIO,Rosario,Asfalto,S/D,II,Dentro,Urbana,S/D,S/D,Intersección,S/D,S/D,Diurna,S/D,S/D,S/D,Colisión,S/D,S/D,S/D,S/D,POINT (-60.68210090000001 -32.9452066),"['3 de Febrero', 'Río de Janeiro']",2,3 de Febrero; Río de Janeiro,-32.9452066,-60.68210090000001,55.0,538.0,Municipio Rosario,Municipio,Rosario,820210,Servicio de Catastro e Información Territorial,IGN
2014,10623,2014-11-28,Viernes,0.0,19:35:00,,0.0,2,"Bicicleta,Transporte de Pasajeros Urbano (> 8 asientos)",Av. Brassey Y Sarratea Bis,2,1,0,0,1,0,0,,Calle,,ROSARIO,Rosario,Asfalto,S/D,II,S/D,Urbana,S/D,S/D,Intersección,Bueno,S/D,Atardecer,S/D,S/D,S/D,Atropello,S/D,S/D,S/D,S/D,POINT (-60.7412249 -32.9232607),"['Brassey', 'Sarratea']",2,Brassey; Sarratea,-32.9232607,-60.7412249,55.0,538.0,Municipio Rosario,Municipio,Rosario,820210,Servicio de Catastro e Información Territorial,IGN
2014,10626,2014-11-27,Jueves,0.0,,,0.0,2,"Automóvil,Moto/Ciclomotor",Montevideo Y Pueyrredon,3,1,0,0,2,0,0,,Calle,,ROSARIO,Rosario,Asfalto,S/D,II,Dentro,Urbana,S/D,S/D,S/D,S/D,S/D,S/D,S/D,S/D,S/D,Colisión,S/D,S/D,S/D,S/D,POINT (-60.6598108 -32.9527051),"['Montevideo', 'Pueyrredón']",2,Montevideo; Pueyrredón,-32.9527051,-60.6598108,55.0,538.0,Municipio Rosario,Municipio,Rosario,820210,Servicio de Catastro e Información Territorial,IGN
2014,10627,2014-11-07,Viernes,0.0,16:20:00,,0.0,2,"Automóvil,Moto/Ciclomotor",Montevideo Y Av. Provincias Unidas,2,1,0,0,1,0,0,,Calle,,ROSARIO,Rosario,Asfalto,No existe,II,Dentro,Urbana,Ninguna,No existe,Intersección,Bueno,Buena,Diurna,Buen Tiempo,Lateral,S/D,Colisión,Ninguna,Horizontal,Ninguna,Sin restricción,POINT (-60.71230545 -32.9474568),"['Montevideo', 'Avenida Provincias Unidas']",2,Montevideo; Avenida Provincias Unidas,-32.9474568,-60.71230545,55.0,538.0,Municipio Rosario,Municipio,Rosario,820210,Servicio de Catastro e Información Territorial,IGN
2014,10628,2014-11-28,Viernes,0.0,11:00:00,,0.0,2,"Pickup/Utilitario,Bicicleta",Sarratea Bis Y Bv. Argentino,2,1,0,0,1,0,0,,Avenida,,ROSARIO,Rosario,Asfalto,S/D,II,S/D,Urbana,S/D,S/D,Recta,Bueno,S/D,S/D,S/D,S/D,S/D,Atropello,S/D,S/D,S/D,S/D,POINT (-60.74117369999999 -32.92451839999999),"['Sarratea', 'Argentino']",2,Sarratea; Avenida Central Argentino,-32.92451839999999,-60.74117369999999,55.0,538.0,Municipio Rosario,Municipio,Rosario,820210,Servicio de Catastro e Información Territorial,IGN
2014,10630,2014-12-10,Miercoles,0.0,11:10:00,,0.0,2,"Automóvil,Automóvil",Mendoza Y Pascual Rosas,2,1,0,0,1,0,0,,Calle,,ROSARIO,Rosario,Asfalto,S/D,II,Dentro,Urbana,S/D,S/D,Intersección,S/D,S/D,Diurna,S/D,S/D,S/D,Colisión,S/D,S/D,S/D,S/D,POINT (-60.687209599999996 -32.9430186),"['Mendoza', 'Pascual Rosas']",2,Mendoza; Pascual Rosas,-32.9430186,-60.6872096,55.0,538.0,Municipio Rosario,Municipio,Rosario,820210,Servicio de Catastro e Información Territorial,IGN
2014,10634,2014-11-14,Viernes,0.0,12:25:00,,0.0,2,"Automóvil,Pickup/Utilitario",Av. Ovidio Lagos Y Camino de los Quinteros,3,2,0,0,1,0,0,,Avenida,,ROSARIO,Rosario,Asfalto,Pavimento,II,S/D,Urbana,Ninguna,S/D,Intersección,Bueno,Buena,Diurna,Buen Tiempo,S/D,S/D,Atropello,S/D,Faltante,Ninguna,Sin restricción,POINT (-60.67871626666667 -33.015759333333335),"['Avenida Ovidio Lagos', 'Camino de los Quinteros']",2,Avenida Ovidio Lagos; Camino de los Quinteros,-33.015759333333335,-60.67871626666667,55.0,538.0,Municipio Rosario,Municipio,Rosario,820210,Servicio de Catastro e Información Territorial,IGN
2014,10636,2014-12-10,Miercoles,0.0,16:30:00,,0.0,1,Automóvil,Iriondo Y 9 De Julio,1,1,0,0,0,0,0,,Calle,,ROSARIO,Rosario,Asfalto,S/D,II,Dentro,Urbana,S/D,S/D,Intersección,S/D,S/D,Diurna,S/D,Contra objeto fijo,S/D,Colisión,S/D,S/D,S/D,S/D,POINT (-60.6714766 -32.9482239),"['Iriondo', '9 de Julio']",2,Iriondo; 9 de Julio,-32.9482239,-60.6714766,55.0,538.0,Municipio Rosario,Municipio,Rosario,820210,Servicio de Catastro e Información Territorial,IGN
2014,10638,2014-11-14,Viernes,0.0,18:00:00,,0.0,2,"Moto/Ciclomotor,Automóvil",Juan Canals Y Italia,3,2,0,0,1,0,0,,Calle,,ROSARIO,Rosario,Asfalto,No existe,II,Dentro,Urbana,Ninguna,No existe,Intersección,Bueno,Buena,Diurna,Buen Tiempo,De alcance,S/D,Colisión,Ninguna,Faltante,Ninguna,Sin restricción,POINT (-60.658672200000005 -32.98768429999999),"['Juan Canals', 'Italia']",2,Juan Canals; Italia,-32.98768429999999,-60.658672200000005,55.0,538.0,Municipio Rosario,Municipio,Rosario,820210,Servicio de Catastro e Información Territorial,IGN