anio_acci,nro_acci,fecha,desc_dia,fecha_aprox,hora_aprox,desc_ruta,km,cant_participantes,desc_participante,calle_avenida_km,total,heridos_leves,heridos_graves,heridos_gravisimos,ilesos,fallecidos,sin_datos,posicion_XY,desc_tipo_via,desc_ruta_ori,desc_loc,desc_dpto,desc_tipo_calzada,desc_tipo_banquina,desc_unidad_regional,desc_lugar_calzada,desc_zona,desc_prioridad,desc_estado_semaforo,desc_lugar_via,desc_estado_via,desc_estado_visibilidad,desc_luminosidad,desc_estado_clima,desc_tipo_colision,desc_tipo_atropello,desc_tipo_hecho,desc_pres_calzada,desc_senializacion,desc_separacion_via,desc_restriccion,forma_geocod,calle_lista,numero_calles,calles_osm,lat,lon,index_right,gid,fna,gna,nam,in1,fdc,sag
2014,10639,2014-12-11,Jueves,0.0,09:50:00,,0.0,2,"Automóvil,Moto/Ciclomotor",San Luis Y Castellanos,2,1,0,0,1,0,0,,Calle,,ROSARIO,Rosario,Asfalto,S/D,II,Dentro,Urbana,S/D,S/D,Intersección,S/D,S/D,Diurna,S/D,S/D,S/D,Colisión,S/D,S/D,S/D,S/D,POINT (-60.675738800000005 -32.942445799999994),"['San Luis', 'Aaron Castellanos']",2,San Luis; Aaron Castellanos,-32.942445799999994,-60.675738800000005,55.0,538.0,Municipio Rosario,Municipio,Rosario,820210,Servicio de Catastro e Información Territorial,IGN
2014,10645,2014-12-13,Sabado,0.0,02:00:00,,0.0,2,"Automóvil,Moto/Ciclomotor",Bv. Avellaneda Y E.Zeballos,2,1,0,0,1,0,0,,Calle,,ROSARIO,Rosario,Asfalto,S/D,II,Dentro,Urbana,S/D,S/D,Intersección,S/D,S/D,"Nocturna,Con luz artificial",S/D,S/D,S/D,Colisión,S/D,S/D,S/D,S/D,POINT (-60.68126855 -32.94766455),"['Avellaneda', 'Zeballos']",2,Bulevar Nicolás Avellaneda; Zeballos,-32.94766455,-60.68126855,55.0,538.0,Municipio Rosario,Municipio,Rosario,820210,Servicio de Catastro e Información Territorial,IGN
2014,10647,2014-12-10,Miercoles,0.0,16:00:00,,0.0,2,"Bicicleta,Automóvil",Vera Mujica Y 3 De Febrero,2,1,0,0,1,0,0,,Calle,,ROSARIO,Rosario,Asfalto,S/D,II,Dentro,Urbana,S/D,S/D,Intersección,S/D,S/D,Diurna,S/D,S/D,S/D,Atropello,S/D,S/D,S/D,S/D,POINT (-60.668509099999994 -32.94765369999999),"['Vera Mujíca', '3 de Febrero']",2,Vera Mujíca; 3 de Febrero,-32.94765369999999,-60.6685091,55.0,538.0,Municipio Rosario,Municipio,Rosario,820210,Servicio de Catastro e Información Territorial,IGN
2014,10648,2014-11-08,Sabado,0.0,22:10:00,,0.0,2,"Pickup/Utilitario,Moto/Ciclomotor",Av. Pellegrini Y Lavalle,3,2,0,0,1,0,0,,Calle,,ROSARIO,Rosario,Asfalto,S/D,II,Dentro,Urbana,S/D,S/D,Intersección,S/D,S/D,Nocturna,S/D,S/D,S/D,Colisión,S/D,S/D,S/D,S/D,POINT (-60.68050055 -32.9501851),"['Pellegrini', 'Lavalle']",2,Avenida Carlos Pellegrini; Lavalle,-32.9501851,-60.68050055,55.0,538.0,Municipio Rosario,Municipio,Rosario,820210,Servicio de Catastro e Información Territorial,IGN
2014,10649,2014-12-14,Domingo,0.0,12:30:00,,0.0,2,"Automóvil,Taxi/Remis",9 De Julio Y Santiago,3,1,0,0,1,0,1,,Calle,,ROSARIO,Rosario,Asfalto,S/D,II,Dentro,Urbana,S/D,S/D,Intersección,S/D,S/D,Diurna,S/D,S/D,S/D,Colisión,S/D,S/D,S/D,S/D,POINT (-60.6578907 -32.950669299999994),"['9 de Julio', 'Santiago']",2,9 de Julio; Santiago,-32.950669299999994,-60.6578907,55.0,538.0,Municipio Rosario,Municipio,Rosario,820210,Servicio de Catastro e Información Territorial,IGN
2014,10650,2014-11-12,Miercoles,0.0,19:45:00,,0.0,2,"Automóvil,Moto/Ciclomotor",Gutenberg Y Mendoza,3,2,0,0,1,0,0,,Calle,,ROSARIO,Rosario,Asfalto,S/D,II,Dentro,Urbana,S/D,S/D,Intersección,S/D,S/D,Atardecer,S/D,S/D,S/D,Colisión,S/D,S/D,S/D,S/D,POINT (-60.68857770000001 -32.94277249999998),"['Gutenberg', 'Mendoza']",2,Gutenberg; Mendoza,-32.94277249999998,-60.68857770000001,55.0,538.0,Municipio Rosario,Municipio,Rosario,820210,Servicio de Catastro e Información Territorial,IGN
2014,10655,2014-12-06,Sabado,0.0,05:00:00,,0.0,2,"Moto/Ciclomotor,Automóvil",Rodriguez Y Rivadavia,2,1,0,0,0,0,1,,Calle,,ROSARIO,Rosario,S/D,No existe,II,Dentro,Urbana,Semáforo,Funciona,Intersección,Bueno,Buena,Amanecer,Buen Tiempo,Lateral,S/D,Colisión,S/D,"Horizontal,Vertical",Ninguna,Sin restricción,POINT (-60.655692099999996 -32.93112794999999),"['Rodríguez', 'Rivadavia']",2,"('Martín Rodríguez', 'Avenida Bernardino Rivadavia')",-32.93112794999999,-60.6556921,55.0,538.0,Municipio Rosario,Municipio,Rosario,820210,Servicio de Catastro e Información Territorial,IGN
2014,10656,2014-12-10,Miercoles,0.0,18:30:00,,0.0,2,"Automóvil,Moto/Ciclomotor",Urquiza Y San Nicolas,2,1,0,0,1,0,0,,Calle,,ROSARIO,Rosario,Asfalto,No existe,II,Dentro,Urbana,Ninguna,No existe,Intersección,Bueno,Buena,Diurna,Buen Tiempo,Lateral,S/D,Colisión,S/D,Faltante,Ninguna,Sin restricción,POINT (-60.6714596 -32.93685429999999),"['Urquiza', 'San Nicolás']",2,Justo José de Urquiza; San Nicolás,-32.93685429999999,-60.6714596,55.0,538.0,Municipio Rosario,Municipio,Rosario,820210,Servicio de Catastro e Información Territorial,IGN
2014,10657,2014-12-14,Domingo,0.0,22:23:00,,0.0,2,"Peatón,Transporte de Pasajeros Urbano (> 8 asientos)",Santa Fe Y Cafferata,2,1,0,0,1,0,0,,Calle,,ROSARIO,Rosario,Asfalto,No existe,II,Dentro,Urbana,Semáforo,Funciona,Recta,Bueno,Buena,Nocturna,Buen Tiempo,S/D,S/D,Atropello,S/D,"Horizontal,Vertical",Ninguna,S/D,POINT (-60.67063869999999 -32.939213),"['Santa Fe', 'Cafferata']",2,Santa Fe; Cafferata,-32.939213,-60.67063869999999,55.0,538.0,Municipio Rosario,Municipio,Rosario,820210,Servicio de Catastro e Información Territorial,IGN
2014,10659,2014-11-20,Jueves,0.0,06:50:00,,0.0,2,"Moto/Ciclomotor,Pickup/Utilitario",Salta 1600,2,1,0,0,1,0,0,,Calle,,ROSARIO,Rosario,Asfalto,No existe,II,Dentro,Urbana,Ninguna,No existe,Intersección,Bueno,Buena,S/D,Buen Tiempo,Lateral,S/D,"Colisión,Despiste",S/D,Faltante,Ninguna,Sin restricción,"-32.9381852, -60.6430871",['Salta 1600'],1,Salta 1600,-32.9381852,-60.6430871,55.0,538.0,Municipio Rosario,Municipio,Rosario,820210,Servicio de Catastro e Información Territorial,IGN
2014,10660,2014-11-25,Martes,0.0,08:00:00,,0.0,2,"Automóvil,Moto/Ciclomotor",Mariano Moreno Y Salta,2,1,0,0,1,0,0,,Calle,,ROSARIO,Rosario,Asfalto,No existe,II,Dentro,Urbana,Ninguna,No existe,Intersección,Bueno,Buena,Diurna,Buen Tiempo,Lateral,S/D,Colisión,S/D,Faltante,Ninguna,Sin restricción,POINT (-60.648842800000004 -32.937196199999995),"['Mariano Moreno', 'Salta']",2,Mariano Moreno; Salta,-32.937196199999995,-60.6488428,55.0,538.0,Municipio Rosario,Municipio,Rosario,820210,Servicio de Catastro e Información Territorial,IGN
2014,10669,2014-11-17,Lunes,0.0,19:00:00,,0.0,2,"Pickup/Utilitario,Bicicleta",Amenabar Y Dorrego,3,2,0,0,1,0,0,,Calle,,ROSARIO,Rosario,Asfalto,No existe,II,Dentro,Urbana,Ninguna,No existe,Intersección,Bueno,Buena,Atardecer,Buen Tiempo,S/D,S/D,Atropello,Ninguna,Faltante,S/D,Sin restricción,POINT (-60.6557125 -32.9702288),"['Amenabar', 'Dorrego']",2,José de Amenábar; Manuel Dorrego,-32.9702288,-60.6557125,55.0,538.0,Municipio Rosario,Municipio,Rosario,820210,Servicio de Catastro e Información Territorial,IGN
2014,10672,2014-11-05,Miercoles,0.0,12:29:00,,0.0,2,"Moto/Ciclomotor,Automóvil",Sarmiento Y 24 De Setiembre,3,2,0,0,1,0,0,,Calle,,ROSARIO,Rosario,Asfalto,No existe,II,Dentro,Urbana,Ninguna,No existe,Intersección,Bueno,Buena,Diurna,Buen Tiempo,Otro,S/D,Colisión,Ninguna,Faltante,Ninguna,Sin restricción,POINT (-60.6466689 -32.9802135),"['Sarmiento', '24 de Septiembre']",2,Sarmiento; 24 de Septiembre,-32.9802135,-60.6466689,55.0,538.0,Municipio Rosario,Municipio,Rosario,820210,Servicio de Catastro e Información Territorial,IGN
2014,10676,2014-12-15,Lunes,0.0,04:45:00,,0.0,2,"Automóvil,Automóvil",Rioja Y Av. Ovidio Lagos,3,1,0,0,2,0,0,,Calle,,ROSARIO,Rosario,Asfalto,S/D,II,Dentro,Urbana,S/D,S/D,Intersección,S/D,S/D,Nocturna,S/D,S/D,S/D,Colisión,S/D,S/D,S/D,S/D,POINT (-60.661744600000006 -32.943415499999986),"['Rioja', 'Avenida Ovidio Lagos']",2,Rioja; Avenida Ovidio Lagos,-32.943415499999986,-60.661744600000006,55.0,538.0,Municipio Rosario,Municipio,Rosario,820210,Servicio de Catastro e Información Territorial,IGN
2014,10678,2014-11-22,Sabado,0.0,23:30:00,,0.0,2,"Automóvil,Automóvil",1 de Mayo Y Bv. Segui,2,2,0,0,0,0,0,,Avenida,,ROSARIO,Rosario,Asfalto,No existe,II,Dentro,Urbana,Ninguna,No existe,Intersección,Bueno,Buena,Nocturna,Buen Tiempo,Lateral,S/D,Colisión,Ninguna,Faltante,Ninguna,Sin restricción,POINT (-60.63787925 -32.98061510000001),"['Primero de Mayo', 'Bulevar Juan Francisco Seguí']",2,Primero de Mayo; Bulevar Juan Francisco Seguí,-32.98061510000001,-60.63787925,55.0,538.0,Municipio Rosario,Municipio,Rosario,820210,Servicio de Catastro e Información Territorial,IGN
2014,10680,2014-11-20,Jueves,0.0,05:25:00,,0.0,2,"Moto/Ciclomotor,Automóvil",Ayolas Y Buenos Aires,2,1,0,0,1,0,0,,Calle,,ROSARIO,Rosario,Asfalto,No existe,II,Dentro,Urbana,Ninguna,No existe,Intersección,Bueno,Buena,Amanecer,Buen Tiempo,Lateral,S/D,Colisión,Ninguna,Faltante,Ninguna,Sin restricción,POINT (-60.64034620000001 -32.9777879),"['Ayolas', 'Buenos Aires']",2,Ayolas; Buenos Aires,-32.9777879,-60.64034620000001,55.0,538.0,Municipio Rosario,Municipio,Rosario,820210,Servicio de Catastro e Información Territorial,IGN
2014,10681,2014-12-12,Viernes,0.0,15:20:00,,0.0,2,"Pickup/Utilitario,Moto/Ciclomotor",Montevideo Y Castellanos,3,2,0,0,1,0,0,,Calle,,ROSARIO,Rosario,Asfalto,S/D,II,Dentro,Urbana,S/D,S/D,S/D,S/D,S/D,Diurna,S/D,S/D,S/D,Colisión,S/D,S/D,S/D,S/D,POINT (-60.67753410000001 -32.9495461),"['Montevideo', 'Aaron Castellanos']",2,Montevideo; Aaron Castellanos,-32.9495461,-60.67753410000001,55.0,538.0,Municipio Rosario,Municipio,Rosario,820210,Servicio de Catastro e Información Territorial,IGN
2014,10682,2014-11-20,Jueves,0.0,14:00:00,,0.0,2,"Automóvil,Moto/Ciclomotor",3 De Febrero Y Santiago,3,2,0,0,1,0,0,,Calle,,ROSARIO,Rosario,Asfalto,S/D,II,Dentro,Urbana,Ninguna,No existe,Intersección,Bueno,Buena,Diurna,Buen Tiempo,De alcance,S/D,Colisión,S/D,Faltante,Cordón divisorio,Sin restricción,POINT (-60.6576192 -32.9496077),"['3 de Febrero', 'Santiago']",2,3 de Febrero; Santiago,-32.9496077,-60.6576192,55.0,538.0,Municipio Rosario,Municipio,Rosario,820210,Servicio de Catastro e Información Territorial,IGN
2014,10683,2014-11-15,Sabado,0.0,22:00:00,,0.0,2,"Moto/Ciclomotor,Automóvil",Bv. Segui Y Buenos Aires,2,1,0,0,1,0,0,,Avenida,,ROSARIO,Rosario,Asfalto,No existe,II,Dentro,Urbana,Ninguna,No existe,Cruce,Bueno,Buena,Nocturna,Buen Tiempo,Lateral,S/D,Colisión,Ninguna,Faltante,Ninguna,Sin restricción,POINT (-60.640923400000005 -32.98006374999999),"['Bulevar Juan Francisco Seguí', 'Buenos Aires']",2,Bulevar Juan Francisco Seguí; Buenos Aires,-32.98006374999999,-60.640923400000005,55.0,538.0,Municipio Rosario,Municipio,Rosario,820210,Servicio de Catastro e Información Territorial,IGN
2014,10684,2014-12-05,Viernes,0.0,19:00:00,,0.0,2,"Moto/Ciclomotor,Automóvil",Montevideo Y Italia,3,2,0,0,1,0,0,,Calle,,ROSARIO,Rosario,Asfalto,S/D,II,Dentro,Urbana,Ninguna,No existe,Recta,Bueno,Buena,Diurna,Buen Tiempo,Frontal,S/D,Colisión,S/D,Faltante,Cordón divisorio,Sin restricción,POINT (-60.6503083 -32.954403599999985),"['Montevideo', 'Italia']",2,Montevideo; Italia,-32.954403599999985,-60.6503083,55.0,538.0,Municipio Rosario,Municipio,Rosario,820210,Servicio de Catastro e Información Territorial,IGN
2014,10685,2014-11-22,Sabado,0.0,05:00:00,,0.0,2,"Moto/Ciclomotor,Automóvil",Chacabuco 3900,2,1,0,0,1,0,0,,Calle,,ROSARIO,Rosario,Asfalto,No existe,II,Dentro,Urbana,Ninguna,No existe,Recta,Bueno,Buena,Nocturna,Buen Tiempo,Lateral,S/D,Colisión,Ninguna,Faltante,Ninguna,Sin restricción,"-32.9851558, -60.6318913",['Chacabuco 3900'],1,Chacabuco 3900,-32.9851558,-60.6318913,55.0,538.0,Municipio Rosario,Municipio,Rosario,820210,Servicio de Catastro e Información Territorial,IGN
2014,10686,2014-11-26,Miercoles,0.0,18:00:00,,0.0,2,"Automóvil,Cuatriciclo",San Juan Y Cafferata,3,2,0,0,1,0,0,,Calle,,ROSARIO,Rosario,Asfalto,S/D,II,Dentro,Urbana,S/D,S/D,Intersección,S/D,S/D,Diurna,S/D,S/D,S/D,Colisión,S/D,S/D,S/D,S/D,POINT (-60.6719098 -32.94428909999999),"['San Juan', 'Cafferata']",2,San Juan; Cafferata,-32.94428909999999,-60.6719098,55.0,538.0,Municipio Rosario,Municipio,Rosario,820210,Servicio de Catastro e Información Territorial,IGN
2014,10687,2014-11-24,Lunes,0.0,15:30:00,,0.0,2,"Pickup/Utilitario,Automóvil",J.J.Paso Y Larrea,3,1,0,0,1,0,1,,Calle,,ROSARIO,Rosario,Asfalto,Pavimento,II,Dentro,Urbana,S/D,No existe,Recta,Con baches,Buena,Atardecer,Otro,S/D,S/D,Colisión,Otro,Horizontal,Ninguna,Sin restricción,POINT (-60.69799725 -32.91979094999999),"['Paso', 'Larrea']",2,Avenida Juan José Paso; Larrea,-32.91979094999999,-60.69799725,55.0,538.0,Municipio Rosario,Municipio,Rosario,820210,Servicio de Catastro e Información Territorial,IGN
2014,10688,2014-12-14,Domingo,0.0,16:30:00,,0.0,2,"Moto/Ciclomotor,Automóvil",Galvez Y Callao,2,1,0,0,1,0,0,,Calle,,ROSARIO,Rosario,Asfalto,S/D,II,Dentro,Urbana,S/D,No existe,Recta,Bueno,Buena,Diurna,Buen Tiempo,De alcance,S/D,Colisión,S/D,Vertical,S/D,S/D,POINT (-60.66568259999999 -32.96486669999999),"['Galvez', 'Callao']",2,José Gálvez; Callao,-32.96486669999999,-60.66568259999999,55.0,538.0,Municipio Rosario,Municipio,Rosario,820210,Servicio de Catastro e Información Territorial,IGN
2014,10689,2014-12-09,Martes,0.0,21:30:00,,0.0,2,"Automóvil,Moto/Ciclomotor",San Nicolas Y Av. Pellegrini,3,2,0,0,1,0,0,,Avenida,,ROSARIO,Rosario,Asfalto,S/D,II,Dentro,Urbana,S/D,S/D,S/D,S/D,S/D,Nocturna,S/D,S/D,S/D,Colisión,S/D,S/D,S/D,S/D,POINT (-60.6750562 -32.95116189999999),"['San Nicolás', 'Pellegrini']",2,"('San Nicolás', 'Avenida Carlos Pellegrini')",-32.95116189999999,-60.6750562,55.0,538.0,Municipio Rosario,Municipio,Rosario,820210,Servicio de Catastro e Información Territorial,IGN
2014,10690,2014-12-08,Lunes,0.0,09:00:00,,0.0,2,"Moto/Ciclomotor,Automóvil",3 De Febrero Y Santiago,3,2,0,0,1,0,0,,Calle,,ROSARIO,Rosario,Asfalto,S/D,II,Dentro,Urbana,Ninguna,No existe,Intersección,Bueno,Buena,Diurna,Buen Tiempo,Lateral,S/D,Colisión,S/D,Faltante,Cordón divisorio,Sin restricción,POINT (-60.6576192 -32.9496077),"['3 de Febrero', 'Santiago']",2,3 de Febrero; Santiago,-32.9496077,-60.6576192,55.0,538.0,Municipio Rosario,Municipio,Rosario,820210,Servicio de Catastro e Información Territorial,IGN
2014,10691,2014-11-07,Viernes,0.0,09:15:00,,0.0,2,"Automóvil,Taxi/Remis",Laprida Y Av. Uriburu,3,1,0,0,2,0,0,,Avenida,,ROSARIO,Rosario,Asfalto,No existe,II,Dentro,Urbana,Señal Pare,No existe,Intersección,Bueno,Buena,Diurna,S/D,Lateral,S/D,Colisión,S/D,Vertical,Cordón divisorio,Accidente Previo,POINT (-60.645184500000006 -32.990651),"['Laprida', 'Uriburu']",2,Francisco Narciso Laprida; Avenida José Uriburu,-32.990651,-60.645184500000006,55.0,538.0,Municipio Rosario,Municipio,Rosario,820210,Servicio de Catastro e Información Territorial,IGN
2014,10692,2014-10-04,Sabado,0.0,10:45:00,,0.0,2,"Moto/Ciclomotor,Automóvil",Calle 2123 Y Bv. Avellaneda,3,2,0,0,1,0,0,,Avenida,,ROSARIO,Rosario,Asfalto,Natural,II,Dentro,Urbana,Ninguna,No existe,Intersección,Bueno,Buena,Diurna,Buen Tiempo,Frontal,S/D,Colisión,S/D,S/D,S/D,Sin restricción,POINT (-60.68936180000001 -33.015069399999994),"['Calle 2123', 'Avellaneda']",2,Calle 2123; Bulevar Nicolás Avellaneda,-33.015069399999994,-60.68936180000001,55.0,538.0,Municipio Rosario,Municipio,Rosario,820210,Servicio de Catastro e Información Territorial,IGN
2014,10693,2014-10-21,Martes,0.0,08:30:00,,0.0,2,"Moto/Ciclomotor,Automóvil",Bv. Segui Y Laprida,2,1,0,0,1,0,0,,Calle,,ROSARIO,Rosario,Asfalto,No existe,II,Dentro,Urbana,Ninguna,No existe,Intersección,Bueno,Buena,Diurna,Buen Tiempo,Lateral,S/D,Colisión,Ninguna,Faltante,Ninguna,Sin restricción,POINT (-60.64243230000001 -32.97979135),"['Bulevar Juan Francisco Seguí', 'Laprida']",2,Bulevar Juan Francisco Seguí; Francisco Narciso Laprida,-32.97979135,-60.64243230000001,55.0,538.0,Municipio Rosario,Municipio,Rosario,820210,Servicio de Catastro e Información Territorial,IGN
2014,10694,2014-11-15,Sabado,0.0,21:05:00,,0.0,2,"Automóvil,Moto/Ciclomotor",Italia Y Ocampo,3,3,0,0,0,0,0,,Calle,,ROSARIO,Rosario,Asfalto,Pavimento,II,S/D,Urbana,Señal Pare,No existe,Recta,Bueno,Buena,Atardecer,Buen Tiempo,De alcance,S/D,Colisión,S/D,Vertical,Barrera de hormigón,S/D,POINT (-60.6529154 -32.96475379999999),"['Italia', 'Ocampo']",2,Italia; Ocampo,-32.96475379999999,-60.6529154,55.0,538.0,Municipio Rosario,Municipio,Rosario,820210,Servicio de Catastro e Información Territorial,IGN
2014,10695,2014-12-09,Martes,0.0,10:20:00,,0.0,3,"Automóvil,Automóvil,Pickup/Utilitario",Av. Pellegrini Y Castellanos,3,1,0,0,2,0,0,,Avenida,,ROSARIO,Rosario,Asfalto,S/D,II,Dentro,Urbana,S/D,S/D,S/D,S/D,S/D,Diurna,S/D,S/D,S/D,Colisión,S/D,S/D,S/D,S/D,POINT (-60.677811000000005 -32.950665749999985),"['Pellegrini', 'Aaron Castellanos']",2,Avenida Carlos Pellegrini; Aaron Castellanos,-32.950665749999985,-60.677811000000005,55.0,538.0,Municipio Rosario,Municipio,Rosario,820210,Servicio de Catastro e Información Territorial,IGN
2014,10696,2014-11-24,Lunes,0.0,06:15:00,,0.0,2,"Automóvil,Moto/Ciclomotor",Av. Francia Y Av. Pellegrini,3,1,0,0,2,0,0,,Avenida,,ROSARIO,Rosario,Asfalto,S/D,II,Dentro,Urbana,S/D,S/D,Recta,S/D,S/D,Diurna,S/D,S/D,S/D,Colisión,S/D,S/D,S/D,S/D,POINT (-60.668265950000006 -32.95238069999999),"['Avenida Francia', 'Pellegrini']",2,Avenida Francia; Avenida Carlos Pellegrini,-32.95238069999999,-60.668265950000006,55.0,538.0,Municipio Rosario,Municipio,Rosario,820210,Servicio de Catastro e Información Territorial,IGN
2014,10697,2014-12-14,Domingo,0.0,16:35:00,,0.0,2,"Moto/Ciclomotor,Automóvil",3 De Febrero Y Mariano Moreno,3,1,0,0,2,0,0,,Calle,,ROSARIO,Rosario,Asfalto,S/D,II,Dentro,Urbana,Ninguna,No existe,Intersección,Bueno,Buena,Diurna,Buen Tiempo,Lateral,S/D,Colisión,S/D,Faltante,Cordón divisorio,Sin restricción,POINT (-60.6522175 -32.95056480000001),"['3 de Febrero', 'Mariano Moreno']",2,3 de Febrero; Mariano Moreno,-32.95056480000001,-60.6522175,55.0,538.0,Municipio Rosario,Municipio,Rosario,820210,Servicio de Catastro e Información Territorial,IGN
2014,10699,2014-12-12,Viernes,0.0,15:15:00,,0.0,2,"Automóvil,Moto/Ciclomotor",Valparaiso Y E.Zeballos,3,2,0,0,1,0,0,,Calle,,ROSARIO,Rosario,Asfalto,S/D,II,Dentro,Urbana,S/D,S/D,S/D,S/D,S/D,Diurna,S/D,S/D,S/D,Colisión,S/D,S/D,S/D,S/D,POINT (-60.6840021 -32.94719609999999),"['Valparaíso', 'Zeballos']",2,Valparaíso; Zeballos,-32.94719609999999,-60.6840021,55.0,538.0,Municipio Rosario,Municipio,Rosario,820210,Servicio de Catastro e Información Territorial,IGN
2014,10700,2014-10-06,Lunes,0.0,10:00:00,,0.0,2,"Moto/Ciclomotor,Transporte de Pasajeros Urbano (> 8 asientos)",Av. Ovidio Lagos Y Av. Arijon,3,2,0,0,1,0,0,,Avenida,,ROSARIO,Rosario,Asfalto,Natural,II,S/D,Urbana,Semáforo,Funciona,Intersección,Bueno,S/D,Diurna,Buen Tiempo,De alcance,S/D,Colisión,S/D,S/D,Cordón divisorio,Sin restricción,POINT (-60.6761369 -33.0038701),"['Avenida Ovidio Lagos', 'Avenida Manuel Arijón']",2,Avenida Ovidio Lagos; Avenida Manuel Arijón,-33.0038701,-60.6761369,55.0,538.0,Municipio Rosario,Municipio,Rosario,820210,Servicio de Catastro e Información Territorial,IGN
2014,10701,2014-11-16,Domingo,0.0,18:00:00,,0.0,2,"Moto/Ciclomotor,Automóvil",Dean Funes Y Ayacucho,2,1,0,0,1,0,0,,Calle,,ROSARIO,Rosario,Asfalto,No existe,II,Fuera,Urbana,Marca Vial,No existe,Intersección,Bueno,Buena,Atardecer,Buen Tiempo,Lateral,S/D,Colisión,Ninguna,Vertical,Línea divisoria pintada,Sin restricción,POINT (-60.6342614 -32.97766059999999),"['Deán Gregorio Funes', 'Ayacucho']",2,Deán Gregorio Funes; Ayacucho,-32.97766059999999,-60.6342614,55.0,538.0,Municipio Rosario,Municipio,Rosario,820210,Servicio de Catastro e Información Territorial,IGN
2014,10702,2014-12-16,Martes,0.0,17:00:00,,0.0,2,"Taxi/Remis,Moto/Ciclomotor",San Luis Y Ricchieri,3,1,0,0,2,0,0,,S/D,,ROSARIO,Rosario,Asfalto,No existe,II,S/D,S/D,Ninguna,S/D,Intersección,Bueno,Buena,Diurna,Buen Tiempo,Lateral,S/D,Colisión,Ninguna,Faltante,S/D,Sin restricción,POINT (-60.6635007 -32.944650300000006),"['San Luis', 'Ricchieri']",2,San Luis; Ricchieri,-32.944650300000006,-60.6635007,55.0,538.0,Municipio Rosario,Municipio,Rosario,820210,Servicio de Catastro e Información Territorial,IGN
2014,10703,2014-12-05,Viernes,0.0,12:30:00,,0.0,2,"Moto/Ciclomotor,Automóvil",9 De Julio Y Mitre,3,2,0,0,1,0,0,,Calle,,ROSARIO,Rosario,S/D,S/D,II,Dentro,Urbana,Ninguna,No existe,Intersección,Bueno,Buena,Diurna,Buen Tiempo,Lateral,S/D,Colisión,S/D,Faltante,Cordón divisorio,Sin restricción,POINT (-60.6414341 -32.95360519999999),"['9 de Julio', 'Mitre']",2,"('9 de Julio', 'Bartolomé Mitre')",-32.95360519999999,-60.6414341,55.0,538.0,Municipio Rosario,Municipio,Rosario,820210,Servicio de Catastro e Información Territorial,IGN
2014,10704,2014-12-05,Viernes,0.0,12:20:00,,0.0,2,"Taxi/Remis,Automóvil",3 De Febrero Y Pueyrredon,5,1,0,0,4,0,0,,Calle,,ROSARIO,Rosario,Asfalto,S/D,II,Dentro,Urbana,S/D,S/D,S/D,S/D,S/D,Diurna,S/D,S/D,S/D,Colisión,S/D,S/D,S/D,S/D,POINT (-60.65897040000001 -32.9493667),"['3 de Febrero', 'Pueyrredón']",2,3 de Febrero; Pueyrredón,-32.9493667,-60.65897040000001,55.0,538.0,Municipio Rosario,Municipio,Rosario,820210,Servicio de Catastro e Información Territorial,IGN
2014,10706,2014-12-15,Lunes,0.0,08:30:00,,0.0,2,"Taxi/Remis,Peatón",Pte.Roca Y Mendoza,2,1,0,0,1,0,0,,Calle,,ROSARIO,Rosario,Asfalto,S/D,II,Dentro,Urbana,Semáforo,Funciona,Intersección,Bueno,S/D,Diurna,Buen Tiempo,S/D,S/D,Atropello,S/D,Vertical,Cordón divisorio,S/D,POINT (-60.64637449999999 -32.95029259999999),"['Roca', 'Mendoza']",2,Presidente Roca; Mendoza,-32.95029259999999,-60.64637449999999,55.0,538.0,Municipio Rosario,Municipio,Rosario,820210,Servicio de Catastro e Información Territorial,IGN
2014,10707,2014-11-01,Sabado,0.0,08:45:00,,0.0,2,"Automóvil,Moto/Ciclomotor",Amenabar Y Pueyrredon,3,2,0,0,1,0,0,,Calle,,ROSARIO,Rosario,Asfalto,S/D,II,Dentro,Urbana,S/D,S/D,Intersección,Bueno,Buena,Diurna,Buen Tiempo,Lateral,S/D,Colisión,S/D,S/D,S/D,S/D,POINT (-60.6638549 -32.96874249999999),"['Amenabar', 'Pueyrredón']",2,José de Amenábar; Pueyrredón,-32.96874249999999,-60.6638549,55.0,538.0,Municipio Rosario,Municipio,Rosario,820210,Servicio de Catastro e Información Territorial,IGN
2014,10709,2014-12-29,Lunes,0.0,11:20:00,,0.0,2,"Moto/Ciclomotor,Taxi/Remis",Montevideo Y Sarmiento,4,2,0,0,2,0,0,,Calle,,ROSARIO,Rosario,Asfalto,S/D,II,Dentro,Urbana,Ninguna,No existe,Recta,Bueno,Buena,Diurna,Buen Tiempo,Frontal,S/D,Colisión,S/D,Faltante,Cordón divisorio,Sin restricción,POINT (-60.64057540000001 -32.9561286),"['Montevideo', 'Sarmiento']",2,Montevideo; Sarmiento,-32.9561286,-60.64057540000001,55.0,538.0,Municipio Rosario,Municipio,Rosario,820210,Servicio de Catastro e Información Territorial,IGN
2014,10710,2014-11-02,Domingo,0.0,12:40:00,,0.0,2,"Moto/Ciclomotor,Automóvil",Riobamba 1800,2,1,0,0,1,0,0,,Calle,,ROSARIO,Rosario,Asfalto,S/D,II,Dentro,Urbana,S/D,S/D,Recta,Bueno,Buena,Diurna,Buen Tiempo,Lateral,S/D,Colisión,S/D,S/D,S/D,S/D,"-32.9612837, -60.651816",['Riobamba 1800'],1,Riobamba 1800,-32.9612837,-60.651816,55.0,538.0,Municipio Rosario,Municipio,Rosario,820210,Servicio de Catastro e Información Territorial,IGN