anio_acci,nro_acci,fecha,desc_dia,fecha_aprox,hora_aprox,desc_ruta,km,cant_participantes,desc_participante,calle_avenida_km,total,heridos_leves,heridos_graves,heridos_gravisimos,ilesos,fallecidos,sin_datos,posicion_XY,desc_tipo_via,desc_ruta_ori,desc_loc,desc_dpto,desc_tipo_calzada,desc_tipo_banquina,desc_unidad_regional,desc_lugar_calzada,desc_zona,desc_prioridad,desc_estado_semaforo,desc_lugar_via,desc_estado_via,desc_estado_visibilidad,desc_luminosidad,desc_estado_clima,desc_tipo_colision,desc_tipo_atropello,desc_tipo_hecho,desc_pres_calzada,desc_senializacion,desc_separacion_via,desc_restriccion,forma_geocod,calle_lista,numero_calles,calles_osm,lat,lon,index_right,gid,fna,gna,nam,in1,fdc,sag
2014,10758,2014-11-25,Martes,0.0,18:45:00,,0.0,2,"Moto/Ciclomotor,Automóvil",Bv. Oroño Y Rueda,3,2,0,0,1,0,0,,Avenida,,ROSARIO,Rosario,Asfalto,S/D,II,Dentro,Urbana,S/D,Funciona,S/D,Bueno,Buena,Diurna,Buen Tiempo,De alcance,S/D,Colisión,S/D,Vertical,S/D,S/D,POINT (-60.65951415 -32.96836919999999),"['Bulevar Nicasio Oroño', 'Rueda']",2,Bulevar Nicasio Oroño; Rueda,-32.96836919999999,-60.65951415,55.0,538.0,Municipio Rosario,Municipio,Rosario,820210,Servicio de Catastro e Información Territorial,IGN
2014,10759,2014-12-02,Martes,0.0,15:00:00,,0.0,2,"Automóvil,Automóvil",Bv. Oroño Y Cordoba,2,1,0,0,1,0,0,,Calle,,ROSARIO,Rosario,Asfalto,S/D,II,Dentro,Urbana,Semáforo,Funciona,Recta,Bueno,Buena,Diurna,Buen Tiempo,Frontal,S/D,Colisión,S/D,Vertical,Cordón divisorio,Sin restricción,POINT (-60.653337 -32.943730650000006),"['Bulevar Nicasio Oroño', 'Córdoba']",2,Bulevar Nicasio Oroño; Córdoba,-32.943730650000006,-60.653337,55.0,538.0,Municipio Rosario,Municipio,Rosario,820210,Servicio de Catastro e Información Territorial,IGN
2014,10765,2014-12-17,Miercoles,0.0,05:30:00,,0.0,2,"Bicicleta,Automóvil",Cordoba 2200,2,1,0,0,1,0,0,,Calle,,ROSARIO,Rosario,Asfalto,S/D,II,Dentro,Urbana,Ninguna,No existe,Recta,Bueno,Buena,"Amanecer,Con luz artificial",Buen Tiempo,S/D,S/D,Atropello,S/D,Faltante,S/D,Sin restricción,"-32.943637, -60.6534861",['Cordoba 2200'],1,Cordoba 2200,-32.943637,-60.6534861,55.0,538.0,Municipio Rosario,Municipio,Rosario,820210,Servicio de Catastro e Información Territorial,IGN
2014,10766,2014-11-07,Viernes,0.0,13:00:00,,0.0,2,"Moto/Ciclomotor,Automóvil",Bv. 27 De Febrero Y Sarmiento,2,1,0,0,1,0,0,,Calle,,ROSARIO,Rosario,Asfalto,S/D,II,Dentro,Urbana,Semáforo,Funciona,Recta,Bueno,S/D,Diurna,Buen Tiempo,Lateral,S/D,Colisión,S/D,S/D,S/D,S/D,POINT (-60.6434697 -32.96759605),"['27 de Febrero', 'Sarmiento']",2,Bulevar 27 de Febrero; Sarmiento,-32.96759605,-60.6434697,55.0,538.0,Municipio Rosario,Municipio,Rosario,820210,Servicio de Catastro e Información Territorial,IGN
2014,10772,2014-11-15,Sabado,0.0,05:15:00,,0.0,2,"Taxi/Remis,Moto/Ciclomotor",Av. Illia Y Pte.Roca,3,2,0,0,1,0,0,,Calle,,ROSARIO,Rosario,Asfalto,No existe,II,Dentro,Urbana,Ninguna,No existe,Intersección,Bueno,Buena,Amanecer,Buen Tiempo,Lateral,S/D,Colisión,S/D,Faltante,Ninguna,Sin restricción,POINT (-60.6427291 -32.935635),"['Illia', 'Roca']",2,Avenida Arturo Illia; Presidente Roca,-32.935635,-60.6427291,55.0,538.0,Municipio Rosario,Municipio,Rosario,820210,Servicio de Catastro e Información Territorial,IGN
2014,10774,2014-11-08,Sabado,0.0,11:40:00,,0.0,2,"Automóvil,Moto/Ciclomotor",España Y Ituzaingo,2,1,0,0,1,0,0,,Calle,,ROSARIO,Rosario,Asfalto,S/D,II,Dentro,Urbana,S/D,S/D,Intersección,Bueno,Buena,Diurna,Buen Tiempo,Lateral,S/D,Colisión,S/D,S/D,S/D,S/D,POINT (-60.65008399999999 -32.95924599999999),"['España', 'Ituzaingó']",2,España; Ituzaingó,-32.95924599999999,-60.65008399999999,55.0,538.0,Municipio Rosario,Municipio,Rosario,820210,Servicio de Catastro e Información Territorial,IGN
2014,10776,2014-12-03,Miercoles,0.0,19:00:00,,0.0,2,"Bicicleta,Automóvil",San Luis 1165,2,1,0,0,1,0,0,,Calle,,ROSARIO,Rosario,Asfalto,S/D,II,Dentro,Urbana,Ninguna,No existe,Recta,Bueno,Buena,Diurna,Buen Tiempo,S/D,S/D,Atropello,S/D,Faltante,S/D,Sin restricción,"-32.948920897806, -60.63974790836322",['San Luis 1165'],1,San Luis 1165,-32.948920897806,-60.63974790836322,55.0,538.0,Municipio Rosario,Municipio,Rosario,820210,Servicio de Catastro e Información Territorial,IGN
2014,10777,2014-12-07,Domingo,0.0,06:30:00,,0.0,2,"Peatón,Automóvil",Av. Genova Y Campbell,3,1,0,0,2,0,0,,Calle,,ROSARIO,Rosario,Asfalto,S/D,II,S/D,S/D,S/D,S/D,Intersección,S/D,S/D,S/D,S/D,S/D,S/D,Atropello,S/D,S/D,S/D,S/D,POINT (-60.709037349999996 -32.91588289999999),"['Genova', 'Campbell']",2,Avenida Génova; Campbell,-32.91588289999999,-60.70903735,55.0,538.0,Municipio Rosario,Municipio,Rosario,820210,Servicio de Catastro e Información Territorial,IGN
2014,10779,2014-11-18,Martes,0.0,19:00:00,,0.0,2,"Moto/Ciclomotor,Automóvil",Ayolas Y Colon,3,2,0,0,1,0,0,,Calle,,ROSARIO,Rosario,Asfalto,Pavimento,II,Dentro,Urbana,Semáforo,Funciona,Intersección,Bueno,Buena,"Atardecer,Con luz artificial",Buen Tiempo,Lateral,S/D,Colisión,Ninguna,Vertical,Línea divisoria pintada,Sin restricción,POINT (-60.633159899999995 -32.97906139999999),"['Ayolas', 'Colon']",2,Ayolas; Cristóbal Colón,-32.97906139999999,-60.6331599,55.0,538.0,Municipio Rosario,Municipio,Rosario,820210,Servicio de Catastro e Información Territorial,IGN
2014,10780,2014-11-20,Jueves,0.0,19:00:00,,0.0,2,"Moto/Ciclomotor,Automóvil",Ayacucho 3800,3,2,0,0,1,0,0,,Calle,,ROSARIO,Rosario,Asfalto,No existe,II,Dentro,Urbana,Marca Vial,No existe,Recta,Bueno,Buena,"Atardecer,Con luz artificial",Buen Tiempo,Lateral,S/D,Colisión,Ninguna,Vertical,Línea divisoria pintada,Sin restricción,"-32.9832037, -60.6359126",['Ayacucho 3800'],1,Ayacucho 3800,-32.9832037,-60.6359126,55.0,538.0,Municipio Rosario,Municipio,Rosario,820210,Servicio de Catastro e Información Territorial,IGN
2014,10782,2014-12-19,Viernes,0.0,09:00:00,,0.0,2,"Pickup/Utilitario,Moto/Ciclomotor",Balcarce 600,3,1,0,0,2,0,0,,Calle,,ROSARIO,Rosario,Asfalto,No existe,II,Dentro,Urbana,Ninguna,No existe,Recta,Bueno,Buena,Diurna,Buen Tiempo,Lateral,S/D,Colisión,S/D,Faltante,Ninguna,Sin restricción,"-32.9415927, -60.6513944",['Balcarce 600'],1,Balcarce 600,-32.9415927,-60.6513944,55.0,538.0,Municipio Rosario,Municipio,Rosario,820210,Servicio de Catastro e Información Territorial,IGN
2014,10783,2014-11-18,Martes,0.0,07:05:00,,0.0,2,"Moto/Ciclomotor,Automóvil",Av. Belgrano Y Sgto Cabral,2,1,0,0,1,0,0,,Calle,,ROSARIO,Rosario,Asfalto,No existe,II,Dentro,Urbana,Ninguna,No existe,Intersección,Bueno,Buena,Diurna,Buen Tiempo,Lateral,S/D,Colisión,S/D,Faltante,Ninguna,Sin restricción,POINT (-60.63405088333334 -32.94321101666666),"['Belgrano', 'Sargento Cabral']",2,Avenida Manuel Belgrano; Sargento Cabral,-32.94321101666666,-60.63405088333334,55.0,538.0,Municipio Rosario,Municipio,Rosario,820210,Servicio de Catastro e Información Territorial,IGN
2014,10784,2014-12-14,Domingo,0.0,12:30:00,,0.0,2,"Moto/Ciclomotor,Transporte de Pasajeros Urbano (> 8 asientos)",Sarmiento Y Rioja,2,1,0,0,1,0,0,,Calle,,ROSARIO,Rosario,Asfalto,S/D,II,Dentro,Urbana,Ninguna,No existe,Intersección,Bueno,Buena,Diurna,Buen Tiempo,Lateral,S/D,Colisión,S/D,Faltante,Cordón divisorio,Sin restricción,POINT (-60.63849449999999 -32.947679599999994),"['Sarmiento', 'Rioja']",2,Sarmiento; Rioja,-32.947679599999994,-60.63849449999999,55.0,538.0,Municipio Rosario,Municipio,Rosario,820210,Servicio de Catastro e Información Territorial,IGN
2014,10788,2014-12-07,Domingo,0.0,15:00:00,,0.0,2,"Moto/Ciclomotor,Automóvil",Tucuman Y Paraguay,2,1,0,0,1,0,0,,Calle,,ROSARIO,Rosario,Asfalto,No existe,II,Dentro,Urbana,Ninguna,No existe,Intersección,Bueno,Buena,Diurna,Lluvia,Lateral,S/D,Colisión,Agua,S/D,Ninguna,Sin restricción,POINT (-60.6425624 -32.94080369999999),"['Tucumán', 'Paraguay']",2,Tucumán; Paraguay,-32.94080369999999,-60.6425624,55.0,538.0,Municipio Rosario,Municipio,Rosario,820210,Servicio de Catastro e Información Territorial,IGN
2014,10789,2014-11-10,Lunes,0.0,16:30:00,,0.0,2,"Transporte de Pasajeros Urbano (> 8 asientos),Moto/Ciclomotor",Av. Pellegrini Y Ricchieri,2,1,0,0,1,0,0,,Calle,,ROSARIO,Rosario,Asfalto,S/D,II,Dentro,Urbana,S/D,S/D,Intersección,Bueno,S/D,Diurna,Buen Tiempo,Lateral,S/D,Colisión,S/D,S/D,S/D,S/D,POINT (-60.661411533333336 -32.979310700000006),"['Pellegrini', 'Ricchieri']",2,Avenida Carlos Pellegrini; Ricchieri,-32.979310700000006,-60.661411533333336,55.0,538.0,Municipio Rosario,Municipio,Rosario,820210,Servicio de Catastro e Información Territorial,IGN
2014,10790,2014-11-01,Sabado,0.0,18:05:00,,0.0,2,"Moto/Ciclomotor,Automóvil",Ayolas Y Buenos Aires,2,1,0,0,1,0,0,,Calle,,ROSARIO,Rosario,Asfalto,No existe,II,Dentro,Urbana,Marca Vial,No existe,Intersección,Bueno,Buena,Atardecer,Buen Tiempo,Lateral,S/D,Colisión,Ninguna,Vertical,Línea divisoria pintada,Sin restricción,POINT (-60.64034620000001 -32.9777879),"['Ayolas', 'Buenos Aires']",2,Ayolas; Buenos Aires,-32.9777879,-60.64034620000001,55.0,538.0,Municipio Rosario,Municipio,Rosario,820210,Servicio de Catastro e Información Territorial,IGN
2014,10791,2014-11-13,Jueves,0.0,17:45:00,,0.0,2,"Automóvil,Moto/Ciclomotor",Rodriguez Y Bv. 27 De Febrero,3,2,0,0,1,0,0,,Avenida,,ROSARIO,Rosario,Asfalto,No existe,II,Dentro,Urbana,S/D,No existe,Intersección,S/D,Buena,Diurna,Buen Tiempo,De alcance,S/D,Colisión,S/D,Vertical,S/D,S/D,POINT (-60.664033700000005 -32.9639167),"['Rodríguez', '27 de Febrero']",2,Rodríguez de Escobedo; Bulevar 27 de Febrero,-32.9639167,-60.664033700000005,55.0,538.0,Municipio Rosario,Municipio,Rosario,820210,Servicio de Catastro e Información Territorial,IGN
2014,10792,2014-12-04,Jueves,0.0,16:30:00,,0.0,2,"Automóvil,Automóvil",La Republica Y Fraga,2,1,0,0,1,0,0,,Calle,,ROSARIO,Rosario,Asfalto,S/D,II,S/D,Urbana,S/D,S/D,Intersección,Bueno,S/D,S/D,S/D,S/D,S/D,S/D,S/D,S/D,S/D,S/D,POINT (-60.7114863 -32.9185481),"['La República', 'Fraga']",2,La República; Rosendo María Fraga,-32.9185481,-60.7114863,55.0,538.0,Municipio Rosario,Municipio,Rosario,820210,Servicio de Catastro e Información Territorial,IGN
2014,10793,2014-11-17,Lunes,0.0,14:00:00,,0.0,2,"Moto/Ciclomotor,Moto/Ciclomotor",Beruti Y Gaboto,2,1,0,0,1,0,0,,Calle,,ROSARIO,Rosario,Asfalto,No existe,II,Dentro,Urbana,Marca Vial,No existe,Intersección,Bueno,Buena,Diurna,Buen Tiempo,Lateral,S/D,Colisión,Ninguna,Vertical,Línea divisoria pintada,Sin restricción,POINT (-60.6268401 -32.97655939999999),"['Luis Beruti', 'Gaboto']",2,Luis Beruti; Gaboto,-32.97655939999999,-60.6268401,55.0,538.0,Municipio Rosario,Municipio,Rosario,820210,Servicio de Catastro e Información Territorial,IGN
2014,10794,2014-12-06,Sabado,0.0,10:10:00,,0.0,2,"Automóvil,Moto/Ciclomotor",E.Zeballos Y Italia,2,1,0,0,1,0,0,,Calle,,ROSARIO,Rosario,Asfalto,S/D,II,Dentro,Urbana,Ninguna,No existe,Intersección,Bueno,Buena,Diurna,Buen Tiempo,Lateral,S/D,Colisión,S/D,Faltante,S/D,Sin restricción,POINT (-60.650023 -32.95327000000001),"['Zeballos', 'Italia']",2,Zeballos; Italia,-32.95327000000001,-60.650023,55.0,538.0,Municipio Rosario,Municipio,Rosario,820210,Servicio de Catastro e Información Territorial,IGN
2014,10795,2014-11-17,Lunes,0.0,17:30:00,,0.0,2,"Moto/Ciclomotor,Automóvil",J.M.de Rosas Y Bv. 27 De Febrero,2,1,0,0,1,0,0,,Avenida,,ROSARIO,Rosario,Asfalto,Pavimento,II,Dentro,Urbana,Marca Vial,No existe,Intersección,Bueno,Buena,Atardecer,Buen Tiempo,Lateral,S/D,Colisión,Ninguna,Vertical,Línea divisoria pintada,Sin restricción,POINT (-60.63658995 -32.968827499999996),"['De Rosas', '27 de Febrero']",2,Juan Manuel de Rosas; Bulevar 27 de Febrero,-32.9688275,-60.63658995,55.0,538.0,Municipio Rosario,Municipio,Rosario,820210,Servicio de Catastro e Información Territorial,IGN
2014,10796,2014-11-11,Martes,0.0,21:30:00,,0.0,2,"Moto/Ciclomotor,Automóvil",Buenos Aires Y Amenabar,2,1,0,0,1,0,0,,Calle,,ROSARIO,Rosario,Asfalto,No existe,II,Dentro,Urbana,Marca Vial,No existe,Intersección,Bueno,Buena,"Nocturna,Con luz artificial",Buen Tiempo,Lateral,S/D,Colisión,Ninguna,Vertical,Ninguna,Sin restricción,POINT (-60.639182299999995 -32.973197600000006),"['Buenos Aires', 'Amenabar']",2,Buenos Aires; José de Amenábar,-32.973197600000006,-60.6391823,55.0,538.0,Municipio Rosario,Municipio,Rosario,820210,Servicio de Catastro e Información Territorial,IGN
2014,10797,2014-11-17,Lunes,0.0,14:10:00,,0.0,2,"Moto/Ciclomotor,Pickup/Utilitario",Laprida Y Pje. Ivanowsky,2,1,0,0,1,0,0,,Calle,,ROSARIO,Rosario,Asfalto,No existe,II,Dentro,Urbana,Marca Vial,No existe,Intersección,Bueno,Buena,Diurna,Buen Tiempo,Lateral,S/D,Colisión,Ninguna,Vertical,Línea divisoria pintada,Sin restricción,POINT (-60.6434436 -32.98379880000001),"['Laprida', 'Ivanowski']",2,Francisco Narciso Laprida; Ivanowski,-32.98379880000001,-60.6434436,55.0,538.0,Municipio Rosario,Municipio,Rosario,820210,Servicio de Catastro e Información Territorial,IGN
2014,10799,2014-12-14,Domingo,0.0,12:30:00,,0.0,2,"Transporte de Pasajeros Urbano (> 8 asientos),Automóvil",Av. Francia Y Cordoba,3,2,0,0,1,0,0,,Avenida,,ROSARIO,Rosario,Asfalto,S/D,II,Dentro,Urbana,S/D,S/D,S/D,S/D,S/D,Diurna,S/D,S/D,S/D,Colisión,S/D,S/D,S/D,S/D,POINT (-60.6655272 -32.94154475),"['Avenida Francia', 'Córdoba']",2,Avenida Francia; Córdoba,-32.94154475,-60.6655272,55.0,538.0,Municipio Rosario,Municipio,Rosario,820210,Servicio de Catastro e Información Territorial,IGN
2014,10801,2014-12-20,Sabado,0.0,16:50:00,,0.0,2,"Peatón,Pickup/Utilitario",Rioja Y Suipacha,2,1,0,0,1,0,0,,S/D,,ROSARIO,Rosario,Asfalto,No existe,II,Dentro,Urbana,Ninguna,No existe,Intersección,Bueno,Buena,Diurna,Buen Tiempo,Lateral,S/D,Colisión,Ninguna,Faltante,S/D,Sin restricción,POINT (-60.66447840000001 -32.94294049999999),"['Rioja', 'Suipacha']",2,Rioja; Suipacha,-32.94294049999999,-60.66447840000001,55.0,538.0,Municipio Rosario,Municipio,Rosario,820210,Servicio de Catastro e Información Territorial,IGN
2014,10802,2014-11-18,Martes,0.0,17:20:00,,0.0,2,"Automóvil,Pickup/Utilitario",Bv. Oroño Y Urquiza,5,1,0,0,4,0,0,,Calle,,ROSARIO,Rosario,Asfalto,No existe,II,Dentro,Urbana,Ninguna,No existe,Intersección,Bueno,Buena,Atardecer,Buen Tiempo,Lateral,S/D,Colisión,S/D,Faltante,Ninguna,Sin restricción,POINT (-60.652427200000005 -32.940226100000004),"['Bulevar Nicasio Oroño', 'Urquiza']",2,Bulevar Nicasio Oroño; Justo José de Urquiza,-32.940226100000004,-60.652427200000005,55.0,538.0,Municipio Rosario,Municipio,Rosario,820210,Servicio de Catastro e Información Territorial,IGN
2014,10803,2014-12-14,Domingo,0.0,16:40:00,,0.0,2,"Automóvil,Automóvil",Santiago Y 9 De Julio,4,2,0,0,2,0,0,,Calle,,ROSARIO,Rosario,Asfalto,S/D,II,Dentro,Urbana,S/D,S/D,S/D,S/D,S/D,Diurna,S/D,S/D,S/D,Colisión,S/D,S/D,S/D,S/D,POINT (-60.6578907 -32.950669299999994),"['Santiago', '9 de Julio']",2,Santiago; 9 de Julio,-32.950669299999994,-60.6578907,55.0,538.0,Municipio Rosario,Municipio,Rosario,820210,Servicio de Catastro e Información Territorial,IGN
2014,10804,2014-12-10,Miercoles,0.0,00:30:00,,0.0,2,"Automóvil,Moto/Ciclomotor",Av. Pellegrini Y Buenos Aires,3,1,0,0,2,0,0,,Calle,,ROSARIO,Rosario,Asfalto,S/D,II,Dentro,Urbana,Semáforo,Funciona,Intersección,Bueno,Buena,Diurna,Buen Tiempo,Lateral,S/D,Colisión,S/D,S/D,Cordón divisorio,S/D,POINT (-60.6354288 -32.95828709999999),"['Pellegrini', 'Buenos Aires']",2,"('Avenida Carlos Pellegrini', 'Buenos Aires')",-32.95828709999999,-60.6354288,55.0,538.0,Municipio Rosario,Municipio,Rosario,820210,Servicio de Catastro e Información Territorial,IGN
2014,10805,2014-11-21,Viernes,0.0,07:15:00,,0.0,3,"Camión,Automóvil,Automóvil",Bv. Rondeau Y Herrera,4,3,0,0,1,0,0,,Avenida,,ROSARIO,Rosario,Asfalto,No existe,II,Dentro,Urbana,Semáforo,Funciona,Intersección,Bueno,Buena,Amanecer,Buen Tiempo,"De alcance,Múltiple",S/D,Colisión,Otro,Vertical,Ninguna,Sin restricción,POINT (-60.69209 -32.89546034999999),"['Rondeau', 'Herrera']",2,Bulevar General José Rondeau; Franzini Herrera,-32.89546034999999,-60.69209,55.0,538.0,Municipio Rosario,Municipio,Rosario,820210,Servicio de Catastro e Información Territorial,IGN
2014,10806,2014-12-19,Viernes,0.0,,,0.0,2,"Taxi/Remis,Moto/Ciclomotor",Av. Pellegrini Y Gutenberg,2,1,0,0,1,0,0,,S/D,,ROSARIO,Rosario,Asfalto,No existe,II,S/D,S/D,Ninguna,No existe,S/D,Bueno,Buena,S/D,Buen Tiempo,Lateral,S/D,Colisión,Ninguna,Faltante,S/D,Sin restricción,POINT (-60.690030349999994 -32.94847924999999),"['Pellegrini', 'Gutenberg']",2,Avenida Carlos Pellegrini; Gutenberg,-32.94847924999999,-60.69003035,55.0,538.0,Municipio Rosario,Municipio,Rosario,820210,Servicio de Catastro e Información Territorial,IGN
2014,10807,2014-12-10,Miercoles,0.0,22:40:00,,0.0,2,"Automóvil,Moto/Ciclomotor",Laprida Y Mendoza,2,1,0,0,1,0,0,,Calle,,ROSARIO,Rosario,Asfalto,S/D,II,Dentro,Urbana,S/D,S/D,Intersección,Bueno,Buena,Nocturna,S/D,Lateral,S/D,Colisión,S/D,S/D,Cordón divisorio,S/D,POINT (-60.63531510000001 -32.95222530000001),"['Laprida', 'Mendoza']",2,Francisco Narciso Laprida; Mendoza,-32.95222530000001,-60.63531510000001,55.0,538.0,Municipio Rosario,Municipio,Rosario,820210,Servicio de Catastro e Información Territorial,IGN
2014,10808,2014-11-01,Sabado,0.0,21:00:00,,0.0,2,"Automóvil,Automóvil",Av. Wheelwright Y España,4,1,0,0,3,0,0,,Calle,,ROSARIO,Rosario,Asfalto,No existe,II,Dentro,Urbana,Ninguna,No existe,Intersección,Bueno,Buena,Nocturna,Buen Tiempo,Lateral,S/D,Colisión,S/D,Faltante,Ninguna,Sin restricción,POINT (-60.6440259 -32.935137999999995),"['Avenida Guillermo Wheelwright', 'España']",2,Avenida Guillermo Wheelwright; España,-32.935137999999995,-60.6440259,55.0,538.0,Municipio Rosario,Municipio,Rosario,820210,Servicio de Catastro e Información Territorial,IGN
2014,10809,2014-12-12,Viernes,0.0,22:30:00,,0.0,2,"Moto/Ciclomotor,Taxi/Remis",Mitre 700,2,1,0,0,1,0,0,,Calle,,ROSARIO,Rosario,Asfalto,S/D,II,S/D,Urbana,Ninguna,No existe,Recta,Bueno,Buena,"Nocturna,Con luz artificial",Buen Tiempo,Frontal,S/D,Colisión,S/D,Faltante,S/D,Sin restricción,"-32.9447758, -60.6393067",['Mitre 700'],1,Mitre 700,-32.9447758,-60.6393067,55.0,538.0,Municipio Rosario,Municipio,Rosario,820210,Servicio de Catastro e Información Territorial,IGN
2014,10810,2014-12-05,Viernes,0.0,17:10:00,,0.0,2,"Pickup/Utilitario,Moto/Ciclomotor",Dorrego Y San Luis,2,1,0,0,1,0,0,,Calle,,ROSARIO,Rosario,Asfalto,S/D,II,Dentro,Urbana,Ninguna,No existe,Intersección,Bueno,Buena,Diurna,Buen Tiempo,Lateral,S/D,Colisión,S/D,Faltante,S/D,Sin restricción,POINT (-60.6498398 -32.9470618),"['Dorrego', 'San Luis']",2,Manuel Dorrego; San Luis,-32.9470618,-60.6498398,55.0,538.0,Municipio Rosario,Municipio,Rosario,820210,Servicio de Catastro e Información Territorial,IGN
2014,10811,2014-12-18,Jueves,0.0,17:30:00,,0.0,2,"Taxi/Remis,Moto/Ciclomotor",Mendoza Y Valparaiso,2,0,0,0,1,0,1,,Calle,,ROSARIO,Rosario,Asfalto,No existe,II,S/D,Urbana,Ninguna,S/D,Intersección,Bueno,Buena,Diurna,Buen Tiempo,Lateral,S/D,Colisión,Ninguna,Faltante,S/D,Sin restricción,POINT (-60.6831208 -32.9437541),"['Mendoza', 'Valparaíso']",2,Mendoza; Valparaíso,-32.9437541,-60.6831208,55.0,538.0,Municipio Rosario,Municipio,Rosario,820210,Servicio de Catastro e Información Territorial,IGN
2014,10812,2014-12-12,Viernes,0.0,20:30:00,,0.0,2,"Moto/Ciclomotor,Automóvil",Balcarce 1400,2,1,0,0,1,0,0,,Calle,,ROSARIO,Rosario,Asfalto,S/D,II,Dentro,Urbana,Ninguna,No existe,Recta,Bueno,Buena,"Nocturna,Con luz artificial",Buen Tiempo,Frontal,S/D,Colisión,S/D,Faltante,S/D,Sin restricción,"-32.9512824, -60.6539333",['Balcarce 1400'],1,Balcarce 1400,-32.9512824,-60.6539333,55.0,538.0,Municipio Rosario,Municipio,Rosario,820210,Servicio de Catastro e Información Territorial,IGN
2014,10813,2014-12-05,Viernes,0.0,14:00:00,,0.0,2,"Automóvil,Automóvil",Dorrego Y Santa Fe,2,1,0,0,1,0,0,,Calle,,ROSARIO,Rosario,Asfalto,S/D,II,Dentro,Urbana,Semáforo,Funciona,Recta,Bueno,S/D,Diurna,Buen Tiempo,Frontal,S/D,Colisión,S/D,Vertical,S/D,Sin restricción,POINT (-60.648860799999994 -32.94310639999999),"['Dorrego', 'Santa Fe']",2,Manuel Dorrego; Santa Fe,-32.94310639999999,-60.6488608,55.0,538.0,Municipio Rosario,Municipio,Rosario,820210,Servicio de Catastro e Información Territorial,IGN
2014,10814,2014-11-10,Lunes,0.0,21:25:00,,0.0,2,"Automóvil,Moto/Ciclomotor",Dorrego Y Galvez,3,1,0,0,2,0,0,,Calle,,ROSARIO,Rosario,Asfalto,S/D,II,Dentro,Urbana,S/D,S/D,Intersección,Bueno,Buena,Atardecer,Buen Tiempo,Lateral,S/D,Colisión,S/D,S/D,S/D,S/D,POINT (-60.65484430000001 -32.966804299999986),"['Dorrego', 'Galvez']",2,Manuel Dorrego; José Gálvez,-32.966804299999986,-60.65484430000001,55.0,538.0,Municipio Rosario,Municipio,Rosario,820210,Servicio de Catastro e Información Territorial,IGN
2014,10815,2014-11-12,Miercoles,0.0,09:15:00,,0.0,2,"Automóvil,Automóvil",Dorrego Y Virasoro,4,2,0,0,2,0,0,,Calle,,ROSARIO,Rosario,Asfalto,No existe,II,Dentro,Urbana,S/D,No existe,Intersección,Bueno,Buena,Diurna,Buen Tiempo,Lateral,S/D,Colisión,S/D,S/D,Ninguna,S/D,POINT (-60.6551345 -32.96794880000001),"['Dorrego', 'Virasoro']",2,Manuel Dorrego; Benjamín Virasoro,-32.96794880000001,-60.6551345,55.0,538.0,Municipio Rosario,Municipio,Rosario,820210,Servicio de Catastro e Información Territorial,IGN
2014,10817,2014-11-25,Martes,0.0,11:40:00,,0.0,2,"Moto/Ciclomotor,Pickup/Utilitario",L.N.Alem Y Ayolas,2,1,0,0,1,0,0,,Calle,,ROSARIO,Rosario,Asfalto,No existe,II,Dentro,Urbana,Semáforo,Funciona,Intersección,Bueno,Buena,Diurna,Buen Tiempo,Lateral,S/D,Colisión,Ninguna,Vertical,Línea divisoria pintada,Sin restricción,POINT (-60.635922 -32.9785708),"['Alem', 'Ayolas']",2,Leandro N. Alem; Ayolas,-32.9785708,-60.635922,55.0,538.0,Municipio Rosario,Municipio,Rosario,820210,Servicio de Catastro e Información Territorial,IGN
2014,10818,2014-12-03,Miercoles,0.0,10:30:00,,0.0,1,Transporte de Pasajeros Larga Distancia (> 8 asientos),Maipu 800,2,1,0,0,1,0,0,,Calle,,ROSARIO,Rosario,Asfalto,S/D,II,Dentro,Urbana,S/D,No existe,Recta,Bueno,Buena,Diurna,S/D,S/D,S/D,Caída ocupante,S/D,S/D,S/D,S/D,"-32.9470037, -60.6352518",['Maipu 800'],1,Maipu 800,-32.9470037,-60.6352518,55.0,538.0,Municipio Rosario,Municipio,Rosario,820210,Servicio de Catastro e Información Territorial,IGN
2014,10820,2014-11-28,Viernes,0.0,10:10:00,,0.0,2,"Moto/Ciclomotor,Automóvil",Amenabar Y J.M.de Rosas,2,1,0,0,1,0,0,,Calle,,ROSARIO,Rosario,Asfalto,No existe,II,Dentro,Urbana,Marca Vial,No existe,Intersección,Bueno,Buena,Diurna,Buen Tiempo,Lateral,S/D,Colisión,Ninguna,Vertical,Línea divisoria pintada,Sin restricción,POINT (-60.6377304 -32.973460999999986),"['Amenabar', 'De Rosas']",2,José de Amenábar; Juan Manuel de Rosas,-32.973460999999986,-60.6377304,55.0,538.0,Municipio Rosario,Municipio,Rosario,820210,Servicio de Catastro e Información Territorial,IGN
2014,10821,2014-12-02,Martes,0.0,12:30:00,,0.0,2,"Peatón,Moto/Ciclomotor",Buenos Aires 1700,2,1,0,0,1,0,0,,Calle,,ROSARIO,Rosario,Asfalto,S/D,II,Dentro,Urbana,Paso Peatonal,S/D,Recta,Bueno,Buena,Diurna,Buen Tiempo,S/D,S/D,Atropello,S/D,S/D,S/D,S/D,"-32.9581171, -60.6354445",['Buenos Aires 1700'],1,Buenos Aires 1700,-32.9581171,-60.6354445,55.0,538.0,Municipio Rosario,Municipio,Rosario,820210,Servicio de Catastro e Información Territorial,IGN