anio_acci,nro_acci,fecha,desc_dia,fecha_aprox,hora_aprox,desc_ruta,km,cant_participantes,desc_participante,calle_avenida_km,total,heridos_leves,heridos_graves,heridos_gravisimos,ilesos,fallecidos,sin_datos,posicion_XY,desc_tipo_via,desc_ruta_ori,desc_loc,desc_dpto,desc_tipo_calzada,desc_tipo_banquina,desc_unidad_regional,desc_lugar_calzada,desc_zona,desc_prioridad,desc_estado_semaforo,desc_lugar_via,desc_estado_via,desc_estado_visibilidad,desc_luminosidad,desc_estado_clima,desc_tipo_colision,desc_tipo_atropello,desc_tipo_hecho,desc_pres_calzada,desc_senializacion,desc_separacion_via,desc_restriccion,forma_geocod,calle_lista,numero_calles,calles_osm,lat,lon,index_right,gid,fna,gna,nam,in1,fdc,sag
2014,10822,2014-12-24,Miercoles,0.0,01:00:00,,0.0,2,"Automóvil,Automóvil",Gorriti Y Echeverria Bis,5,4,0,0,1,0,0,,Calle,,ROSARIO,Rosario,Asfalto,S/D,II,S/D,Urbana,S/D,S/D,Intersección,S/D,S/D,Nocturna,S/D,S/D,S/D,Colisión,S/D,S/D,S/D,S/D,POINT (-60.6722011 -32.9232899),"['Gorriti', 'Echeverría']",2,Gorriti; Echeverría,-32.9232899,-60.6722011,55.0,538.0,Municipio Rosario,Municipio,Rosario,820210,Servicio de Catastro e Información Territorial,IGN
2014,10824,2014-12-05,Viernes,0.0,09:05:00,,0.0,2,"Automóvil,Pickup/Utilitario",Av. Illia Y Dorrego,2,1,0,0,1,0,0,,Avenida,,ROSARIO,Rosario,Asfalto,No existe,II,Dentro,Urbana,Ninguna,No existe,Intersección,Bueno,Reducida,Diurna,Buen Tiempo,De alcance,S/D,Colisión,S/D,Faltante,Cordón divisorio,Sin restricción,POINT (-60.64637869999999 -32.933465999999996),"['Illia', 'Dorrego']",2,Avenida Arturo Illia; Manuel Dorrego,-32.933466,-60.64637869999999,55.0,538.0,Municipio Rosario,Municipio,Rosario,820210,Servicio de Catastro e Información Territorial,IGN
2014,10827,2014-12-13,Sabado,0.0,18:45:00,,0.0,2,"Pickup/Utilitario,Moto/Ciclomotor",Crespo Y Pje. Noruega,3,2,0,0,1,0,0,,Calle,,ROSARIO,Rosario,Asfalto,S/D,II,Dentro,Urbana,S/D,S/D,Intersección,S/D,S/D,Atardecer,S/D,Lateral,S/D,Colisión,S/D,S/D,S/D,S/D,POINT (-60.67052619999999 -32.9502247),"['Crespo', 'Noruega']",2,Crespo; Noruega,-32.9502247,-60.67052619999999,55.0,538.0,Municipio Rosario,Municipio,Rosario,820210,Servicio de Catastro e Información Territorial,IGN
2014,10831,2014-11-13,Jueves,0.0,07:00:00,,0.0,2,"Pickup/Utilitario,Moto/Ciclomotor",San Lorenzo Y Bv. Oroño,2,1,0,0,1,0,0,,Calle,,ROSARIO,Rosario,Asfalto,No existe,II,Dentro,Urbana,Ninguna,No existe,Intersección,Bueno,Buena,Amanecer,Buen Tiempo,Lateral,S/D,Colisión,S/D,Faltante,Ninguna,Sin restricción,POINT (-60.652740599999994 -32.9414065),"['San Lorenzo', 'Bulevar Nicasio Oroño']",2,San Lorenzo; Bulevar Nicasio Oroño,-32.9414065,-60.6527406,55.0,538.0,Municipio Rosario,Municipio,Rosario,820210,Servicio de Catastro e Información Territorial,IGN
2014,10832,2014-11-19,Miercoles,0.0,22:29:00,,0.0,2,"Moto/Ciclomotor,Automóvil",Garibaldi Y 1 de Mayo,2,1,0,0,1,0,0,,Calle,,ROSARIO,Rosario,Asfalto,No existe,II,Dentro,Urbana,Ninguna,No existe,Intersección,Bueno,Buena,Diurna,Buen Tiempo,Lateral,S/D,Colisión,S/D,S/D,Ninguna,Sin restricción,POINT (-60.6395995 -32.9874685),"['José Garibaldi', 'Primero de Mayo']",2,José Garibaldi; Primero de Mayo,-32.9874685,-60.6395995,55.0,538.0,Municipio Rosario,Municipio,Rosario,820210,Servicio de Catastro e Información Territorial,IGN
2014,10834,2014-11-15,Sabado,0.0,,,0.0,2,"Moto/Ciclomotor,Automóvil",Ciudadela Y Gazcon,3,2,0,0,1,0,0,,Calle,,ROSARIO,Rosario,Asfalto,S/D,II,S/D,Urbana,S/D,S/D,Intersección,S/D,S/D,S/D,S/D,S/D,S/D,S/D,S/D,S/D,S/D,S/D,POINT (-60.7274931 -32.8924395),"['Ciudadela', 'Gascón']",2,Ciudadela; Gascón,-32.8924395,-60.7274931,55.0,538.0,Municipio Rosario,Municipio,Rosario,820210,Servicio de Catastro e Información Territorial,IGN
2014,10835,2014-11-20,Jueves,0.0,15:30:00,,0.0,2,"Automóvil,Moto/Ciclomotor",Av. Casiano Casas Y Baigorria,2,0,0,0,1,0,1,,Calle,,ROSARIO,Rosario,Asfalto,No existe,II,S/D,Urbana,S/D,Funciona,Intersección,Bueno,Buena,Diurna,Buen Tiempo,S/D,S/D,S/D,Otro,Vertical,Ninguna,S/D,POINT (-60.7162912 -32.893906199999996),"['Avenida Casiano Casas', 'Baigorria']",2,Avenida Casiano Casas; Baigorria,-32.8939062,-60.7162912,55.0,538.0,Municipio Rosario,Municipio,Rosario,820210,Servicio de Catastro e Información Territorial,IGN
2015,323,2015-01-11,Domingo,0.0,20:00:00,,0.0,2,"Moto/Ciclomotor,Automóvil",Ayolas Y San Martin,3,2,0,0,1,0,0,,Calle,,ROSARIO,Rosario,Asfalto,Pavimento,II,S/D,Urbana,Semáforo,Funciona,Intersección,Bueno,Buena,Atardecer,Buen Tiempo,Lateral,S/D,Colisión,Ninguna,Vertical,Cordón divisorio,Sin restricción,POINT (-60.644083949999995 -32.97709834999999),"['Ayolas', 'San Martin']",2,Ayolas; José de San Martín,-32.97709834999999,-60.64408395,55.0,538.0,Municipio Rosario,Municipio,Rosario,820210,Servicio de Catastro e Información Territorial,IGN
2015,324,2015-01-03,Sabado,0.0,06:20:00,,0.0,2,"Automóvil,Automóvil",Rioja Y Ricchieri,2,1,0,0,1,0,0,,Calle,,ROSARIO,Rosario,S/D,S/D,II,Dentro,Urbana,S/D,S/D,S/D,S/D,S/D,Amanecer,S/D,S/D,S/D,Colisión,S/D,S/D,S/D,S/D,POINT (-60.6631309 -32.943174600000006),"['Rioja', 'Ricchieri']",2,Rioja; Ricchieri,-32.943174600000006,-60.6631309,55.0,538.0,Municipio Rosario,Municipio,Rosario,820210,Servicio de Catastro e Información Territorial,IGN
2015,325,2015-01-07,Miercoles,0.0,12:15:00,,0.0,2,"Cuatriciclo,Pickup/Utilitario",Bv. Segui Y Sarmiento,4,3,0,0,1,0,0,,Calle,,ROSARIO,Rosario,Asfalto,No existe,II,Dentro,Urbana,Ninguna,No existe,Intersección,Bueno,Buena,Diurna,Buen Tiempo,De alcance,S/D,Colisión,S/D,Faltante,S/D,Sin restricción,POINT (-60.64638135 -32.9790819),"['Bulevar Juan Francisco Seguí', 'Sarmiento']",2,Bulevar Juan Francisco Seguí; Sarmiento,-32.9790819,-60.64638135,55.0,538.0,Municipio Rosario,Municipio,Rosario,820210,Servicio de Catastro e Información Territorial,IGN
2015,326,2015-01-04,Domingo,0.0,22:15:00,,0.0,2,"Moto/Ciclomotor,Pickup/Utilitario",San Martin 4800,3,2,0,0,1,0,0,,Calle,,ROSARIO,Rosario,Asfalto,No existe,II,Dentro,Urbana,Ninguna,No existe,Intersección,Bueno,Buena,Nocturna,Buen Tiempo,De alcance,S/D,Colisión,Ninguna,Faltante,Ninguna,Sin restricción,"-32.9621322, -60.6405848",['San Martin 4800'],1,San Martin 4800,-32.9621322,-60.6405848,55.0,538.0,Municipio Rosario,Municipio,Rosario,820210,Servicio de Catastro e Información Territorial,IGN
2015,327,2015-01-12,Lunes,0.0,,,0.0,2,"Automóvil,Peatón",Jose Ingenieros Y Mejico,2,1,0,0,0,0,1,,S/D,,ROSARIO,Rosario,Asfalto,No existe,II,S/D,S/D,Ninguna,No existe,Recta,Bueno,Buena,Diurna,Buen Tiempo,S/D,S/D,Atropello,Otro,Faltante,Ninguna,Sin restricción,POINT (-60.7194281 -32.9172645),"['José Ingenieros', 'Mejico']",2,José Ingenieros; Méjico,-32.9172645,-60.7194281,55.0,538.0,Municipio Rosario,Municipio,Rosario,820210,Servicio de Catastro e Información Territorial,IGN
2015,329,2015-01-02,Viernes,0.0,13:40:00,,0.0,2,"Moto/Ciclomotor,Moto/Ciclomotor",Abanderado Grandoli Y 24 de Setiembre Bis,2,1,0,0,1,0,0,,Calle,,ROSARIO,Rosario,Asfalto,No existe,II,Dentro,Urbana,Marca Vial,No existe,Intersección,Bueno,Buena,Diurna,Buen Tiempo,Lateral,S/D,Colisión,Ninguna,Vertical,Línea divisoria pintada,Sin restricción,POINT (-60.62809635000001 -32.98357419999999),"['Avenida Abanderado Grandoli', '24 de Septiembre']",2,Avenida Abanderado Grandoli; 24 de Septiembre,-32.98357419999999,-60.62809635000001,55.0,538.0,Municipio Rosario,Municipio,Rosario,820210,Servicio de Catastro e Información Territorial,IGN
2015,331,2015-01-28,Miercoles,0.0,19:30:00,,0.0,2,"Automóvil,Moto/Ciclomotor",Santa Fe 8100,3,1,0,0,2,0,0,,Calle,,ROSARIO,Rosario,Asfalto,No existe,II,Dentro,Urbana,S/D,S/D,S/D,Bueno,S/D,Atardecer,S/D,S/D,S/D,Colisión,S/D,S/D,S/D,S/D,"-32.9362761, -60.7362677",['Santa Fe 8100'],1,Santa Fe 8100,-32.9362761,-60.7362677,55.0,538.0,Municipio Rosario,Municipio,Rosario,820210,Servicio de Catastro e Información Territorial,IGN
2015,332,2015-01-12,Lunes,0.0,06:30:00,,0.0,2,"Automóvil,Automóvil",Chacabuco Y Bv. Segui,3,1,0,0,2,0,0,,Calle,,ROSARIO,Rosario,Asfalto,No existe,II,S/D,Urbana,Otra Señal,No existe,Intersección,Otro,Buena,Diurna,Buen Tiempo,Lateral,S/D,Colisión,Ninguna,Horizontal,Cordón divisorio,Sin restricción,POINT (-60.631003 -32.9818256),"['Chacabuco', 'Bulevar Juan Francisco Seguí']",2,Chacabuco; Bulevar Juan Francisco Seguí,-32.9818256,-60.631003,55.0,538.0,Municipio Rosario,Municipio,Rosario,820210,Servicio de Catastro e Información Territorial,IGN
2015,335,2015-01-21,Miercoles,0.0,10:55:00,,0.0,2,"Automóvil,Peatón",Cafferata Y San Lorenzo,2,1,0,0,1,0,0,,Calle,,ROSARIO,Rosario,Asfalto,No existe,II,S/D,Urbana,Semáforo,Funciona,Recta,Otro,Buena,Diurna,Buen Tiempo,S/D,S/D,Atropello,Otro,Horizontal,Ninguna,Sin restricción,POINT (-60.6703896 -32.938265699999995),"['Cafferata', 'San Lorenzo']",2,Cafferata; San Lorenzo,-32.938265699999995,-60.6703896,55.0,538.0,Municipio Rosario,Municipio,Rosario,820210,Servicio de Catastro e Información Territorial,IGN
2015,338,2015-01-05,Lunes,0.0,,,0.0,1,Automóvil,Av. Circunvalacion ,1,1,0,0,0,0,0,,Avenida,,ROSARIO,Rosario,Hormigón,No existe,II,S/D,Urbana,Ninguna,No existe,Curva,Bueno,Buena,Diurna,Buen Tiempo,Otro,S/D,Colisión,Otro,Vertical,S/D,Sin restricción,"-32.9954148, -60.6940772",['Circunvalacion'],1,Circunvalacion,-32.9954148,-60.6940772,55.0,538.0,Municipio Rosario,Municipio,Rosario,820210,Servicio de Catastro e Información Territorial,IGN
2015,339,2015-01-08,Jueves,0.0,15:30:00,,0.0,2,"Automóvil,Automóvil",Chacabuco Y Gaboto,3,1,0,0,2,0,0,,Calle,,ROSARIO,Rosario,Asfalto,No existe,II,Dentro,Urbana,Marca Vial,No existe,Intersección,Bueno,Buena,Diurna,Buen Tiempo,Lateral,S/D,Colisión,Ninguna,Vertical,Línea divisoria pintada,Sin restricción,POINT (-60.6295639 -32.976079299999995),"['Chacabuco', 'Gaboto']",2,Chacabuco; Gaboto,-32.976079299999995,-60.6295639,55.0,538.0,Municipio Rosario,Municipio,Rosario,820210,Servicio de Catastro e Información Territorial,IGN
2015,340,2015-01-18,Domingo,0.0,10:45:00,,0.0,2,"Moto/Ciclomotor,Automóvil",Mendoza Y Av. Circunvalacion,4,2,0,0,2,0,0,,Calle,,ROSARIO,Rosario,Asfalto,No existe,II,Fuera,Urbana,Semáforo,Funciona,S/D,Bueno,Buena,Diurna,Buen Tiempo,Frontal,S/D,Colisión,Ninguna,Faltante,S/D,S/D,POINT (-60.72253500134355 -32.94050844672854),"['Mendoza', 'Circunvalacion']",2,Mendoza; Avenida de Circunvalación 25 de Mayo,-32.94050844672854,-60.72253500134355,55.0,538.0,Municipio Rosario,Municipio,Rosario,820210,Servicio de Catastro e Información Territorial,IGN
2015,342,2015-01-12,Lunes,0.0,16:20:00,,0.0,2,"Automóvil,Automóvil",Av. Pellegrini Y Alvear,2,1,0,0,1,0,0,,Calle,,ROSARIO,Rosario,Asfalto,S/D,II,Dentro,Urbana,Semáforo,Funciona,Recta,Bueno,Buena,Diurna,Buen Tiempo,Lateral,S/D,Colisión,S/D,Vertical,S/D,S/D,POINT (-60.6574268 -32.95433405),"['Pellegrini', 'Alvear']",2,Avenida Carlos Pellegrini; Alvear,-32.95433405,-60.6574268,55.0,538.0,Municipio Rosario,Municipio,Rosario,820210,Servicio de Catastro e Información Territorial,IGN
2015,343,2015-01-12,Lunes,0.0,18:50:00,,0.0,2,"Moto/Ciclomotor,Automóvil",Bv. Segui Y L.N.Alem,2,1,0,0,1,0,0,,Avenida,,ROSARIO,Rosario,Asfalto,Pavimento,II,S/D,Urbana,Ninguna,No existe,Intersección,Bueno,Buena,Atardecer,Buen Tiempo,De alcance,S/D,Colisión,Ninguna,Horizontal,Vegetación,Sin restricción,POINT (-60.63650380000001 -32.980857400000005),"['Bulevar Juan Francisco Seguí', 'Alem']",2,Bulevar Juan Francisco Seguí; Leandro N. Alem,-32.980857400000005,-60.63650380000001,55.0,538.0,Municipio Rosario,Municipio,Rosario,820210,Servicio de Catastro e Información Territorial,IGN
2015,345,2015-01-15,Jueves,0.0,09:30:00,,0.0,2,"Automóvil,Automóvil",Callao Y Santa Fe,2,1,0,0,1,0,0,,Calle,,ROSARIO,Rosario,S/D,No existe,II,S/D,Urbana,Semáforo,Funciona,Recta,Otro,Buena,Diurna,Buen Tiempo,Otro,S/D,Colisión,Otro,Vertical,Ninguna,Sin restricción,POINT (-60.6597746 -32.94115649999999),"['Callao', 'Santa Fe']",2,Callao; Santa Fe,-32.94115649999999,-60.6597746,55.0,538.0,Municipio Rosario,Municipio,Rosario,820210,Servicio de Catastro e Información Territorial,IGN
2015,346,2015-01-31,Sabado,0.0,14:57:00,,0.0,2,"Taxi/Remis,Automóvil",Urquiza Y Castellanos,2,1,0,0,1,0,0,,Calle,,ROSARIO,Rosario,Asfalto,No existe,II,S/D,Urbana,Ninguna,No existe,Recta,Bueno,Buena,Diurna,Buen Tiempo,Otro,S/D,Colisión,Otro,Faltante,Ninguna,Sin restricción,POINT (-60.6741775 -32.9363611),"['Urquiza', 'Aaron Castellanos']",2,Justo José de Urquiza; Aaron Castellanos,-32.9363611,-60.6741775,55.0,538.0,Municipio Rosario,Municipio,Rosario,820210,Servicio de Catastro e Información Territorial,IGN
2015,347,2015-01-14,Miercoles,0.0,18:20:00,,0.0,2,"Automóvil,Automóvil",Mitre ,2,1,0,0,1,0,0,,Avenida,,ROSARIO,Rosario,Asfalto,S/D,II,S/D,Urbana,Ninguna,S/D,Recta,Bueno,Buena,Nocturna,Buen Tiempo,Lateral,S/D,Colisión,S/D,S/D,Ninguna,Sin restricción,"-32.9782182, -60.6475757",['Mitre'],1,Mitre,-32.9782182,-60.6475757,55.0,538.0,Municipio Rosario,Municipio,Rosario,820210,Servicio de Catastro e Información Territorial,IGN
2015,349,2015-01-12,Lunes,0.0,08:10:00,,0.0,2,"Pickup/Utilitario,Automóvil",Bv. 27 De Febrero Y Mariano Moreno,3,2,0,0,1,0,0,,Avenida,,ROSARIO,Rosario,Asfalto,S/D,II,Dentro,Urbana,Semáforo,Funciona,Recta,Bueno,Buena,Diurna,Buen Tiempo,De alcance,S/D,Colisión,S/D,Vertical,S/D,S/D,POINT (-60.655918650000004 -32.96538055),"['27 de Febrero', 'Mariano Moreno']",2,Bulevar 27 de Febrero; Mariano Moreno,-32.96538055,-60.65591865,55.0,538.0,Municipio Rosario,Municipio,Rosario,820210,Servicio de Catastro e Información Territorial,IGN
2015,350,2015-01-13,Martes,0.0,15:30:00,,0.0,2,"Moto/Ciclomotor,Automóvil",Pte.Quintana Y Beruti,2,1,0,0,1,0,0,,Calle,,ROSARIO,Rosario,Asfalto,Pavimento,II,S/D,Urbana,Ninguna,No existe,Intersección,Deteriorada,Buena,Diurna,Buen Tiempo,Lateral,S/D,Colisión,Ninguna,Horizontal,Cordón divisorio,Sin restricción,POINT (-60.6291512 -32.9857388),"['Quintana', 'Luis Beruti']",2,Presidente Quintana; Luis Beruti,-32.9857388,-60.6291512,55.0,538.0,Municipio Rosario,Municipio,Rosario,820210,Servicio de Catastro e Información Territorial,IGN
2015,351,2015-01-26,Lunes,0.0,18:00:00,,0.0,2,"Automóvil,Moto/Ciclomotor",Av. Provincias Unidas B 600 ,2,1,0,0,1,0,0,,Avenida,,ROSARIO,Rosario,Asfalto,S/D,II,S/D,Urbana,Ninguna,S/D,Recta,Bueno,S/D,Atardecer,Buen Tiempo,Lateral,S/D,Colisión,Otro,Faltante,Ninguna,Sin restricción,"-32.9083339, -60.7141843",['Provincias Unidas B 600'],1,Provincias Unidas B 600,-32.9083339,-60.7141843,55.0,538.0,Municipio Rosario,Municipio,Rosario,820210,Servicio de Catastro e Información Territorial,IGN
2015,352,2015-01-10,Sabado,0.0,,,0.0,2,"Moto/Ciclomotor,Camión",Necochea Y Amenabar,2,1,0,0,1,0,0,,Calle,,ROSARIO,Rosario,Asfalto,No existe,II,S/D,Urbana,Otra Señal,No existe,Intersección,Bueno,Buena,S/D,Buen Tiempo,De alcance,S/D,Colisión,Ninguna,Horizontal,Línea divisoria pintada,Sin restricción,POINT (-60.6306647 -32.9747282),"['Necochea', 'Amenabar']",2,Necochea; José de Amenábar,-32.9747282,-60.6306647,55.0,538.0,Municipio Rosario,Municipio,Rosario,820210,Servicio de Catastro e Información Territorial,IGN
2015,353,2015-01-30,Viernes,0.0,09:45:00,,0.0,2,"Moto/Ciclomotor,Taxi/Remis",Av. Ovidio Lagos Y Tucuman,3,2,0,0,1,0,0,,Calle,,ROSARIO,Rosario,Asfalto,No existe,II,S/D,Urbana,Semáforo,Funciona,Recta,Bueno,Buena,Diurna,Buen Tiempo,Otro,S/D,Colisión,Otro,Vertical,Ninguna,Sin restricción,POINT (-60.660284499999996 -32.93765479999999),"['Avenida Ovidio Lagos', 'Tucumán']",2,Avenida Ovidio Lagos; Tucumán,-32.93765479999999,-60.6602845,55.0,538.0,Municipio Rosario,Municipio,Rosario,820210,Servicio de Catastro e Información Territorial,IGN
2015,354,2015-01-18,Domingo,0.0,12:40:00,,0.0,2,"Automóvil,Moto/Ciclomotor",Av. Eva Peron Y Bv. Avellaneda,2,1,0,0,0,0,1,,Calle,,ROSARIO,Rosario,S/D,S/D,II,Dentro,Urbana,S/D,S/D,S/D,S/D,S/D,Diurna,S/D,S/D,S/D,Colisión,S/D,S/D,S/D,S/D,POINT (-60.679234 -32.9390758),"['Avenida Eva Perón', 'Avellaneda']",2,Avenida Eva Perón; Bulevar Nicolás Avellaneda,-32.9390758,-60.679234,55.0,538.0,Municipio Rosario,Municipio,Rosario,820210,Servicio de Catastro e Información Territorial,IGN
2015,355,2015-01-15,Jueves,0.0,18:30:00,,0.0,2,"Moto/Ciclomotor,Automóvil",Castellanos Y Catamarca,2,1,0,0,1,0,0,,Calle,,ROSARIO,Rosario,Asfalto,No existe,II,S/D,Urbana,Ninguna,No existe,Recta,Bueno,Buena,Diurna,Buen Tiempo,Otro,S/D,Colisión,S/D,S/D,Ninguna,Sin restricción,POINT (-60.673584299999995 -32.93402639999999),"['Aaron Castellanos', 'Catamarca']",2,Aaron Castellanos; Catamarca,-32.93402639999999,-60.6735843,55.0,538.0,Municipio Rosario,Municipio,Rosario,820210,Servicio de Catastro e Información Territorial,IGN
2015,357,2015-01-11,Domingo,0.0,,,0.0,1,Peatón,Bv. 27 De Febrero Y Bv. Oroño,2,1,0,0,1,0,0,,Avenida,,ROSARIO,Rosario,Asfalto,S/D,II,Dentro,Urbana,Semáforo,Funciona,Recta,Bueno,Buena,S/D,S/D,S/D,S/D,Atropello,S/D,Vertical,S/D,S/D,POINT (-60.658642825 -32.964892400000004),"['27 de Febrero', 'Bulevar Nicasio Oroño']",2,Bulevar 27 de Febrero; Bulevar Nicasio Oroño,-32.964892400000004,-60.658642825,55.0,538.0,Municipio Rosario,Municipio,Rosario,820210,Servicio de Catastro e Información Territorial,IGN
2015,358,2015-01-03,Sabado,0.0,19:00:00,,0.0,2,"Taxi/Remis,Moto/Ciclomotor",Pje. Gral.Savio Y San Martin,2,1,0,0,1,0,0,,Calle,,ROSARIO,Rosario,Asfalto,S/D,II,Dentro,Urbana,Ninguna,S/D,Intersección,Bueno,Buena,Atardecer,Buen Tiempo,De alcance,S/D,Colisión,S/D,S/D,S/D,Sin restricción,POINT (-60.647959150000005 -32.9964993),"['Savio', 'San Martin']",2,General Manuel Savio; José de San Martín,-32.9964993,-60.647959150000005,55.0,538.0,Municipio Rosario,Municipio,Rosario,820210,Servicio de Catastro e Información Territorial,IGN
2015,360,2015-01-12,Lunes,0.0,16:00:00,,0.0,1,Moto/Ciclomotor,San Lorenzo Y Pueyrredon,2,1,1,0,0,0,0,,Calle,,ROSARIO,Rosario,Asfalto,S/D,II,S/D,Urbana,Ninguna,S/D,Recta,Bueno,Buena,Diurna,Buen Tiempo,Otro,S/D,Caída ocupante,S/D,S/D,Ninguna,Sin restricción,POINT (-60.656784 -32.94068089999999),"['San Lorenzo', 'Pueyrredón']",2,San Lorenzo; Pueyrredón,-32.94068089999999,-60.656784,55.0,538.0,Municipio Rosario,Municipio,Rosario,820210,Servicio de Catastro e Información Territorial,IGN
2015,361,2015-01-14,Miercoles,0.0,20:00:00,,0.0,2,"Moto/Ciclomotor,Automóvil",Laprida Y Pje. Casablanca,2,1,0,0,1,0,0,,Calle,,ROSARIO,Rosario,Asfalto,No existe,II,S/D,Urbana,Otra Señal,No existe,Intersección,Bueno,Buena,Nocturna,Buen Tiempo,Lateral,S/D,Colisión,Ninguna,Horizontal,Ninguna,Sin restricción,POINT (-60.642594200000005 -32.9804272),"['Laprida', 'Casablanca']",2,Francisco Narciso Laprida; Casablanca,-32.9804272,-60.642594200000005,55.0,538.0,Municipio Rosario,Municipio,Rosario,820210,Servicio de Catastro e Información Territorial,IGN
2015,362,2015-01-08,Jueves,0.0,19:00:00,,0.0,2,"Pickup/Utilitario,Moto/Ciclomotor",San Martin Y Ocampo,4,2,0,0,2,0,0,,Avenida,,ROSARIO,Rosario,Asfalto,S/D,II,Dentro,Urbana,S/D,S/D,Intersección,Bueno,Buena,Atardecer,Buen Tiempo,Lateral,S/D,Colisión,S/D,S/D,S/D,S/D,POINT (-60.641734899999996 -32.9667212),"['San Martin', 'Ocampo']",2,José de San Martín; Ocampo,-32.9667212,-60.6417349,55.0,538.0,Municipio Rosario,Municipio,Rosario,820210,Servicio de Catastro e Información Territorial,IGN
2015,363,2015-01-09,Viernes,0.0,10:30:00,,0.0,2,"Moto/Ciclomotor,Automóvil",Alberdi Y Reconquista,3,1,0,0,2,0,0,,Calle,,ROSARIO,Rosario,Asfalto,Pavimento,II,S/D,Urbana,Ninguna,No existe,Intersección,Bueno,Buena,Diurna,Buen Tiempo,De alcance,S/D,Colisión,Ninguna,Horizontal,Cordón divisorio,Sin restricción,POINT (-60.68332389999999 -32.91808799999999),"['Alberdi', 'Reconquista']",2,Avenida Alberdi; Reconquista,-32.91808799999999,-60.68332389999999,55.0,538.0,Municipio Rosario,Municipio,Rosario,820210,Servicio de Catastro e Información Territorial,IGN
2015,364,2015-01-17,Sabado,0.0,02:45:00,,0.0,2,"Transporte de Pasajeros Larga Distancia (> 8 asientos),Moto/Ciclomotor",Cafferata Y Mendoza,2,1,0,0,1,0,0,,Calle,,ROSARIO,Rosario,S/D,S/D,II,Dentro,Urbana,S/D,S/D,S/D,S/D,S/D,Nocturna,S/D,S/D,S/D,Colisión,S/D,S/D,S/D,S/D,POINT (-60.672258799999994 -32.9456991),"['Cafferata', 'Mendoza']",2,Cafferata; Mendoza,-32.9456991,-60.6722588,55.0,538.0,Municipio Rosario,Municipio,Rosario,820210,Servicio de Catastro e Información Territorial,IGN
2015,366,2015-01-10,Sabado,0.0,02:20:00,,0.0,2,"Moto/Ciclomotor,Peatón",Vera Mujica Y Urquiza,3,2,0,0,1,0,0,,Calle,,ROSARIO,Rosario,Asfalto,S/D,II,S/D,Urbana,Semáforo,Funciona,Recta,Bueno,S/D,Nocturna,Buen Tiempo,S/D,S/D,Atropello,S/D,Vertical,Ninguna,Sin restricción,POINT (-60.6660287 -32.9378397),"['Vera Mujíca', 'Urquiza']",2,Vera Mujíca; Justo José de Urquiza,-32.9378397,-60.6660287,55.0,538.0,Municipio Rosario,Municipio,Rosario,820210,Servicio de Catastro e Información Territorial,IGN
2015,368,2015-01-15,Jueves,0.0,13:13:00,,0.0,2,"Moto/Ciclomotor,Pickup/Utilitario",Bv. Segui Y L.N.Alem,2,1,0,0,1,0,0,,Avenida,,ROSARIO,Rosario,Asfalto,No existe,II,S/D,Urbana,Ninguna,No existe,Intersección,Bueno,Buena,Diurna,Buen Tiempo,Lateral,S/D,Colisión,Ninguna,Faltante,Ninguna,Sin restricción,POINT (-60.63650380000001 -32.980857400000005),"['Bulevar Juan Francisco Seguí', 'Alem']",2,Bulevar Juan Francisco Seguí; Leandro N. Alem,-32.980857400000005,-60.63650380000001,55.0,538.0,Municipio Rosario,Municipio,Rosario,820210,Servicio de Catastro e Información Territorial,IGN
2015,370,2015-01-10,Sabado,0.0,18:40:00,,0.0,2,"Automóvil,Cuatriciclo",San Martin Y Av. Uriburu,2,1,0,0,1,0,0,,Calle,,ROSARIO,Rosario,Asfalto,No existe,II,Dentro,Urbana,Semáforo,Funciona,Intersección,Bueno,Buena,Diurna,Buen Tiempo,De alcance,S/D,Colisión,S/D,Horizontal,Ninguna,Sin restricción,POINT (-60.646703949999996 -32.99069289999999),"['San Martin', 'Uriburu']",2,José de San Martín; Avenida José Uriburu,-32.99069289999999,-60.64670395,55.0,538.0,Municipio Rosario,Municipio,Rosario,820210,Servicio de Catastro e Información Territorial,IGN
2015,371,2015-01-09,Viernes,0.0,,,0.0,2,"Moto/Ciclomotor,Automóvil",Santa Fe Y Lavalle,3,1,0,0,2,0,0,,Calle,,ROSARIO,Rosario,Asfalto,Pavimento,II,S/D,Urbana,Semáforo,Funciona,Recta,Bueno,Buena,S/D,Buen Tiempo,De alcance,S/D,Colisión,Ninguna,Horizontal,Cordón divisorio,Sin restricción,POINT (-60.6774286 -32.9379948),"['Santa Fe', 'Lavalle']",2,Santa Fe; Lavalle,-32.9379948,-60.6774286,55.0,538.0,Municipio Rosario,Municipio,Rosario,820210,Servicio de Catastro e Información Territorial,IGN
2015,372,2015-01-15,Jueves,0.0,18:25:00,,0.0,2,"Pickup/Utilitario,Peatón",San Juan Y Iriondo,2,1,0,0,1,0,0,,Calle,,ROSARIO,Rosario,S/D,S/D,II,Dentro,Urbana,S/D,S/D,S/D,S/D,S/D,Atardecer,S/D,S/D,S/D,Atropello,S/D,S/D,S/D,S/D,POINT (-60.6705496 -32.94453),"['San Juan', 'Iriondo']",2,San Juan; Iriondo,-32.94453,-60.6705496,55.0,538.0,Municipio Rosario,Municipio,Rosario,820210,Servicio de Catastro e Información Territorial,IGN