anio_acci,nro_acci,fecha,desc_dia,fecha_aprox,hora_aprox,desc_ruta,km,cant_participantes,desc_participante,calle_avenida_km,total,heridos_leves,heridos_graves,heridos_gravisimos,ilesos,fallecidos,sin_datos,posicion_XY,desc_tipo_via,desc_ruta_ori,desc_loc,desc_dpto,desc_tipo_calzada,desc_tipo_banquina,desc_unidad_regional,desc_lugar_calzada,desc_zona,desc_prioridad,desc_estado_semaforo,desc_lugar_via,desc_estado_via,desc_estado_visibilidad,desc_luminosidad,desc_estado_clima,desc_tipo_colision,desc_tipo_atropello,desc_tipo_hecho,desc_pres_calzada,desc_senializacion,desc_separacion_via,desc_restriccion,forma_geocod,calle_lista,numero_calles,calles_osm,lat,lon,index_right,gid,fna,gna,nam,in1,fdc,sag
2015,373,2015-01-17,Sabado,0.0,22:30:00,,0.0,2,"Moto/Ciclomotor,Automóvil",Dr.Rivas Y Buenos Aires,2,1,0,0,1,0,0,,Calle,,ROSARIO,Rosario,Asfalto,No existe,II,S/D,Urbana,Ninguna,No existe,Intersección,Bueno,Buena,Nocturna,Buen Tiempo,Lateral,S/D,Colisión,Ninguna,Faltante,Ninguna,Sin restricción,POINT (-60.64209 -32.9846811),"['Doctor Francisco Riva', 'Buenos Aires']",2,Doctor Francisco Riva; Buenos Aires,-32.9846811,-60.64209,55.0,538.0,Municipio Rosario,Municipio,Rosario,820210,Servicio de Catastro e Información Territorial,IGN
2015,375,2015-01-27,Martes,0.0,10:30:00,,0.0,2,"Automóvil,Otros",Av. Ovidio Lagos Y San Lorenzo,2,1,0,0,0,0,1,,Calle,,ROSARIO,Rosario,Asfalto,No existe,II,S/D,Urbana,Semáforo,Funciona,Recta,Otro,Buena,Diurna,Buen Tiempo,Otro,S/D,Colisión,Otro,Vertical,Ninguna,Sin restricción,POINT (-60.6608722 -32.9399458),"['Avenida Ovidio Lagos', 'San Lorenzo']",2,Avenida Ovidio Lagos; San Lorenzo,-32.9399458,-60.6608722,55.0,538.0,Municipio Rosario,Municipio,Rosario,820210,Servicio de Catastro e Información Territorial,IGN
2015,376,2015-01-01,Jueves,0.0,18:00:00,,0.0,2,"Moto/Ciclomotor,Automóvil",San Nicolas Y Tucuman,2,1,0,0,1,0,0,,Calle,,ROSARIO,Rosario,Asfalto,S/D,II,S/D,Urbana,Señal Pare,No existe,Recta,Bueno,Buena,Diurna,Buen Tiempo,Otro,S/D,Colisión,S/D,Vertical,S/D,Sin restricción,POINT (-60.6711576 -32.93566819999999),"['San Nicolás', 'Tucumán']",2,San Nicolás; Tucumán,-32.93566819999999,-60.6711576,55.0,538.0,Municipio Rosario,Municipio,Rosario,820210,Servicio de Catastro e Información Territorial,IGN
2015,378,2015-01-15,Jueves,0.0,16:00:00,,0.0,2,"Automóvil,Moto/Ciclomotor",Marcos Paz Y Servando Bayo,2,1,0,0,1,0,0,,Calle,,ROSARIO,Rosario,S/D,S/D,II,Dentro,Urbana,S/D,S/D,S/D,S/D,S/D,Diurna,S/D,S/D,S/D,Colisión,S/D,S/D,S/D,S/D,POINT (-60.68568170000001 -32.94256669999999),"['Marcos Paz', 'Servando Bayo']",2,Marcos Paz; Servando Bayo,-32.94256669999999,-60.68568170000001,55.0,538.0,Municipio Rosario,Municipio,Rosario,820210,Servicio de Catastro e Información Territorial,IGN
2015,379,2015-01-10,Sabado,0.0,19:30:00,,0.0,2,"Moto/Ciclomotor,Automóvil",Virasoro Y Ayacucho,2,1,0,0,1,0,0,,Calle,,ROSARIO,Rosario,Asfalto,Pavimento,II,S/D,Urbana,Paso Peatonal,No existe,Intersección,Deteriorada,Buena,Atardecer,Buen Tiempo,Frontal,S/D,Colisión,Ninguna,Horizontal,Línea divisoria pintada,Sin restricción,POINT (-60.6328196 -32.9719441),"['Virasoro', 'Ayacucho']",2,Benjamín Virasoro; Ayacucho,-32.9719441,-60.6328196,55.0,538.0,Municipio Rosario,Municipio,Rosario,820210,Servicio de Catastro e Información Territorial,IGN
2015,381,2015-01-19,Lunes,0.0,00:50:00,,0.0,2,"Moto/Ciclomotor,Automóvil",J.M.de Rosas Y Ayolas,2,1,0,0,1,0,0,,Calle,,ROSARIO,Rosario,Asfalto,No existe,II,S/D,Urbana,Ninguna,No existe,Intersección,Bueno,Buena,Nocturna,Buen Tiempo,Lateral,S/D,Colisión,Ninguna,Faltante,Ninguna,Sin restricción,POINT (-60.6389095 -32.9780403),"['De Rosas', 'Ayolas']",2,Juan Manuel de Rosas; Ayolas,-32.9780403,-60.6389095,55.0,538.0,Municipio Rosario,Municipio,Rosario,820210,Servicio de Catastro e Información Territorial,IGN
2015,382,2015-01-16,Viernes,0.0,23:45:00,,0.0,2,"Automóvil,Moto/Ciclomotor",Av. Genova Y Venezuela,2,1,0,0,1,0,0,,Calle,,ROSARIO,Rosario,Asfalto,S/D,II,S/D,Urbana,S/D,S/D,Recta,Bueno,S/D,Nocturna,S/D,S/D,S/D,S/D,S/D,S/D,S/D,S/D,POINT (-60.7255057 -32.916349100000005),"['Genova', 'Venezuela']",2,Avenida Génova; Venezuela,-32.916349100000005,-60.7255057,55.0,538.0,Municipio Rosario,Municipio,Rosario,820210,Servicio de Catastro e Información Territorial,IGN
2015,384,2015-01-11,Domingo,0.0,15:30:00,,0.0,2,"Moto/Ciclomotor,Automóvil",Buenos Aires Y Bv. Segui,3,2,0,0,1,0,0,,Calle,,ROSARIO,Rosario,Asfalto,Pavimento,II,S/D,Urbana,Paso Peatonal,No existe,Intersección,Bueno,Buena,Diurna,Buen Tiempo,Lateral,S/D,Colisión,Ninguna,Horizontal,Cordón divisorio,Sin restricción,POINT (-60.640923400000005 -32.98006374999999),"['Buenos Aires', 'Bulevar Juan Francisco Seguí']",2,Buenos Aires; Bulevar Juan Francisco Seguí,-32.98006374999999,-60.640923400000005,55.0,538.0,Municipio Rosario,Municipio,Rosario,820210,Servicio de Catastro e Información Territorial,IGN
2015,385,2015-01-15,Jueves,0.0,10:20:00,,0.0,2,"Automóvil,Moto/Ciclomotor",Lima Y 9 De Julio,2,1,0,0,1,0,0,,Calle,,ROSARIO,Rosario,S/D,S/D,II,Dentro,Urbana,S/D,S/D,S/D,S/D,S/D,Diurna,S/D,S/D,S/D,Colisión,S/D,S/D,S/D,S/D,POINT (-60.6850949 -32.94578189999999),"['Lima', '9 de Julio']",2,Lima; 9 de Julio,-32.94578189999999,-60.6850949,55.0,538.0,Municipio Rosario,Municipio,Rosario,820210,Servicio de Catastro e Información Territorial,IGN
2015,387,2015-01-18,Domingo,0.0,20:30:00,,0.0,2,"Automóvil,Automóvil",Laprida Y Amenabar,2,1,0,0,1,0,0,,Calle,,ROSARIO,Rosario,Asfalto,No existe,II,S/D,Urbana,Ninguna,No existe,Intersección,Bueno,Buena,Nocturna,Buen Tiempo,Lateral,S/D,Colisión,Ninguna,Faltante,Ninguna,Sin restricción,POINT (-60.640707500000005 -32.97290979999999),"['Laprida', 'Amenabar']",2,Francisco Narciso Laprida; José de Amenábar,-32.97290979999999,-60.640707500000005,55.0,538.0,Municipio Rosario,Municipio,Rosario,820210,Servicio de Catastro e Información Territorial,IGN
2015,388,2015-01-12,Lunes,0.0,16:00:00,,0.0,2,"Moto/Ciclomotor,Automóvil",Sarmiento Y Bv. Segui,3,2,0,0,1,0,0,,Calle,,ROSARIO,Rosario,Asfalto,No existe,II,Dentro,Urbana,Ninguna,No existe,Intersección,Bueno,Buena,Diurna,Buen Tiempo,De alcance,S/D,Colisión,S/D,Faltante,Ninguna,Sin restricción,POINT (-60.64638135 -32.9790819),"['Sarmiento', 'Bulevar Juan Francisco Seguí']",2,Sarmiento; Bulevar Juan Francisco Seguí,-32.9790819,-60.64638135,55.0,538.0,Municipio Rosario,Municipio,Rosario,820210,Servicio de Catastro e Información Territorial,IGN
2015,390,2015-01-19,Lunes,0.0,21:40:00,,0.0,2,"Automóvil,Moto/Ciclomotor",Acevedo Bis Y Morrison,2,1,0,0,1,0,0,,Calle,,ROSARIO,Rosario,Asfalto,Pavimento,II,S/D,Urbana,Ninguna,Funciona,Recta,Bueno,Buena,Nocturna,Buen Tiempo,Frontal,S/D,Colisión,Otro,Horizontal,Ninguna,S/D,POINT (-60.74959779999999 -32.924960399999996),"['Acevedo', 'Morrison']",2,Manuel Acevedo; Avenida Morrison,-32.9249604,-60.74959779999999,55.0,538.0,Municipio Rosario,Municipio,Rosario,820210,Servicio de Catastro e Información Territorial,IGN
2015,392,2015-01-08,Jueves,0.0,11:30:00,,0.0,2,"Moto/Ciclomotor,Automóvil",Av. Pellegrini Y Av. Ovidio Lagos,2,0,1,0,1,0,0,,Avenida,,ROSARIO,Rosario,Asfalto,S/D,II,Dentro,Urbana,Semáforo,Funciona,Intersección,Bueno,Buena,Diurna,Buen Tiempo,Lateral,S/D,Colisión,S/D,Vertical,S/D,S/D,POINT (-60.664182350000004 -32.953107599999996),"['Pellegrini', 'Avenida Ovidio Lagos']",2,Avenida Carlos Pellegrini; Avenida Ovidio Lagos,-32.9531076,-60.66418235,55.0,538.0,Municipio Rosario,Municipio,Rosario,820210,Servicio de Catastro e Información Territorial,IGN
2015,393,2015-01-12,Lunes,0.0,16:40:00,,0.0,2,"Automóvil,Moto/Ciclomotor",Bv. Avellaneda Y 3 De Febrero,2,1,0,0,1,0,0,,Calle,,ROSARIO,Rosario,S/D,S/D,II,Dentro,Urbana,S/D,S/D,S/D,S/D,S/D,Diurna,S/D,S/D,S/D,Colisión,S/D,S/D,S/D,S/D,POINT (-60.6807366 -32.945458),"['Avellaneda', '3 de Febrero']",2,Bulevar Nicolás Avellaneda; 3 de Febrero,-32.945458,-60.6807366,55.0,538.0,Municipio Rosario,Municipio,Rosario,820210,Servicio de Catastro e Información Territorial,IGN
2015,394,2015-01-07,Miercoles,0.0,11:40:00,,0.0,2,"Automóvil,Moto/Ciclomotor",Chassaing Y Juez Zuviria,3,3,0,0,0,0,0,,Calle,,ROSARIO,Rosario,Asfalto,Pavimento,II,S/D,Urbana,Ninguna,S/D,Recta,Bueno,Buena,Diurna,Lluvia,Frontal,S/D,Colisión,Agua,Faltante,Ninguna,S/D,POINT (-60.728625300000004 -32.92872959999999),"['Chassaing', 'Zuviria']",2,Chassaing; Juez José María Zuviría,-32.92872959999999,-60.7286253,55.0,538.0,Municipio Rosario,Municipio,Rosario,820210,Servicio de Catastro e Información Territorial,IGN
2015,395,2015-01-23,Viernes,0.0,10:00:00,,0.0,2,"Moto/Ciclomotor,Pickup/Utilitario",Buenos Aires Y Rueda,2,1,0,0,1,0,0,,Calle,,ROSARIO,Rosario,Asfalto,No existe,II,S/D,Urbana,Ninguna,No existe,Intersección,Bueno,Buena,Diurna,Buen Tiempo,Lateral,S/D,Colisión,Ninguna,Faltante,Ninguna,Sin restricción,POINT (-60.638891900000004 -32.9720512),"['Buenos Aires', 'Rueda']",2,Buenos Aires; Rueda,-32.9720512,-60.6388919,55.0,538.0,Municipio Rosario,Municipio,Rosario,820210,Servicio de Catastro e Información Territorial,IGN
2015,398,2015-01-14,Miercoles,0.0,18:30:00,,0.0,2,"Automóvil,Bicicleta",Dean Funes Y Dorrego,3,2,0,0,1,0,0,,Calle,,ROSARIO,Rosario,Asfalto,No existe,II,Dentro,Urbana,Ninguna,No existe,Intersección,Bueno,Buena,Diurna,Buen Tiempo,De alcance,S/D,Atropello,S/D,Faltante,Ninguna,Sin restricción,POINT (-60.656588500000005 -32.9736841),"['Deán Gregorio Funes', 'Dorrego']",2,Deán Gregorio Funes; Manuel Dorrego,-32.9736841,-60.656588500000005,55.0,538.0,Municipio Rosario,Municipio,Rosario,820210,Servicio de Catastro e Información Territorial,IGN
2015,399,2015-01-08,Jueves,0.0,18:30:00,,0.0,2,"Moto/Ciclomotor,Automóvil",Rueda Y Av. Corrientes,3,2,0,0,1,0,0,,Calle,,ROSARIO,Rosario,Asfalto,S/D,II,Dentro,Urbana,S/D,S/D,Intersección,Bueno,Buena,Diurna,Buen Tiempo,Lateral,S/D,Colisión,S/D,S/D,S/D,S/D,POINT (-60.648564 -32.970324399999996),"['Rueda', 'Corrientes']",2,Rueda; Corrientes,-32.9703244,-60.648564,55.0,538.0,Municipio Rosario,Municipio,Rosario,820210,Servicio de Catastro e Información Territorial,IGN
2015,401,2015-01-17,Sabado,0.0,20:55:00,,0.0,2,"Moto/Ciclomotor,Peatón",Solis Y Casilda,3,1,0,0,2,0,0,,Calle,,ROSARIO,Rosario,S/D,No existe,II,Dentro,Urbana,Ninguna,No existe,Recta,S/D,Reducida,Nocturna,S/D,S/D,S/D,Atropello,S/D,Faltante,Ninguna,Sin restricción,POINT (-60.7038788 -32.9288839),"['Solis', 'Casilda']",2,Juan Díaz de Solís; Casilda,-32.9288839,-60.7038788,55.0,538.0,Municipio Rosario,Municipio,Rosario,820210,Servicio de Catastro e Información Territorial,IGN
2015,402,2015-01-31,Sabado,0.0,08:30:00,,0.0,2,"Moto/Ciclomotor,Automóvil",Mendoza Y Av. Francia,2,1,0,0,1,0,0,,Calle,,ROSARIO,Rosario,S/D,S/D,II,Dentro,Urbana,S/D,S/D,S/D,S/D,S/D,Diurna,S/D,S/D,S/D,Colisión,S/D,S/D,S/D,S/D,POINT (-60.6668048 -32.946657849999994),"['Mendoza', 'Avenida Francia']",2,Mendoza; Avenida Francia,-32.946657849999994,-60.6668048,55.0,538.0,Municipio Rosario,Municipio,Rosario,820210,Servicio de Catastro e Información Territorial,IGN
2015,403,2015-01-08,Jueves,0.0,11:50:00,,0.0,1,Automóvil,Av. Pte.Peron Y Suipacha,3,1,0,0,2,0,0,,Avenida,,ROSARIO,Rosario,Asfalto,S/D,II,Dentro,Urbana,S/D,Funciona,Intersección,Bueno,Buena,Diurna,Buen Tiempo,Lateral,S/D,Colisión,S/D,Vertical,S/D,S/D,POINT (-60.66772315 -32.955745400000005),"['Avenida Presidente Perón', 'Suipacha']",2,Avenida Presidente Perón; Suipacha,-32.955745400000005,-60.66772315,55.0,538.0,Municipio Rosario,Municipio,Rosario,820210,Servicio de Catastro e Información Territorial,IGN
2015,404,2015-01-05,Lunes,0.0,05:50:00,,0.0,2,"Automóvil,Moto/Ciclomotor",Av. Ntra.Sra.del Rosario Y Ayacucho,2,1,0,0,1,0,0,,Calle,,ROSARIO,Rosario,Asfalto,Pavimento,II,S/D,Urbana,Ninguna,Intermitente,Intersección,Bueno,Buena,Nocturna,Buen Tiempo,S/D,S/D,Colisión,Ninguna,Vertical,Ninguna,S/D,POINT (-60.63633029999999 -32.99953090000001),"['Nuestra Señora del Rosario', 'Ayacucho']",2,Puente Nuestra Señora del Rosario; Ayacucho,-32.99953090000001,-60.63633029999999,55.0,538.0,Municipio Rosario,Municipio,Rosario,820210,Servicio de Catastro e Información Territorial,IGN
2015,405,2015-01-22,Jueves,0.0,15:00:00,,0.0,2,"Taxi/Remis,Moto/Ciclomotor",Villa del Parque 4000,2,1,0,0,1,0,0,,Calle,,ROSARIO,Rosario,Asfalto,No existe,II,Dentro,Urbana,Ninguna,No existe,Recta,Con baches,Buena,Diurna,Buen Tiempo,Frontal,S/D,Colisión,Ninguna,Faltante,Ninguna,Sin restricción,"-32.8806587, -60.7283921",['Villa Del Parque 4000'],1,Villa Del Parque 4000,-32.8806587,-60.7283921,55.0,538.0,Municipio Rosario,Municipio,Rosario,820210,Servicio de Catastro e Información Territorial,IGN
2015,406,2015-01-24,Sabado,0.0,12:15:00,,0.0,2,"Moto/Ciclomotor,Automóvil",L.N.Alem Y Ayolas,2,1,0,0,1,0,0,,Calle,,ROSARIO,Rosario,Asfalto,No existe,II,Dentro,Urbana,Semáforo,Funciona,Intersección,Bueno,Buena,Diurna,Buen Tiempo,Lateral,S/D,Colisión,Ninguna,Vertical,Ninguna,Sin restricción,POINT (-60.635922 -32.9785708),"['Alem', 'Ayolas']",2,Leandro N. Alem; Ayolas,-32.9785708,-60.635922,55.0,538.0,Municipio Rosario,Municipio,Rosario,820210,Servicio de Catastro e Información Territorial,IGN
2015,408,2015-01-05,Lunes,0.0,19:40:00,,0.0,2,"Automóvil,Automóvil",Grandoli Y Av. Uriburu,2,1,0,0,1,0,0,,Avenida,,ROSARIO,Rosario,Asfalto,No existe,II,Dentro,Urbana,Ninguna,Funciona,Intersección,Bueno,Buena,Diurna,Buen Tiempo,Lateral,S/D,Colisión,Ninguna,Vertical,Ninguna,S/D,POINT (-60.62847275000001 -32.99009015),"['Avenida Abanderado Grandoli', 'Uriburu']",2,Avenida Abanderado Grandoli; Avenida José Uriburu,-32.99009015,-60.62847275000001,55.0,538.0,Municipio Rosario,Municipio,Rosario,820210,Servicio de Catastro e Información Territorial,IGN
2015,409,2015-01-09,Viernes,0.0,,,0.0,2,"Moto/Ciclomotor,Automóvil",Bv. Rondeau 4156,2,1,0,0,1,0,0,,Avenida,,ROSARIO,Rosario,Asfalto,Pavimento,II,S/D,Urbana,Semáforo,Funciona,Recta,Bueno,Buena,S/D,Buen Tiempo,De alcance,S/D,Colisión,Ninguna,Horizontal,Cordón divisorio,Sin restricción,"-32.8762517, -60.697651657142856",['Rondeau 4156'],1,Rondeau 4156,-32.8762517,-60.697651657142856,55.0,538.0,Municipio Rosario,Municipio,Rosario,820210,Servicio de Catastro e Información Territorial,IGN
2015,410,2015-01-19,Lunes,0.0,08:40:00,,0.0,2,"Automóvil,Moto/Ciclomotor",Av. Corrientes Y Bv. Segui,3,2,0,0,1,0,0,,Calle,,ROSARIO,Rosario,Asfalto,No existe,II,Dentro,Urbana,Ninguna,No existe,Intersección,Bueno,Buena,Diurna,Buen Tiempo,De alcance,S/D,Colisión,S/D,Faltante,Ninguna,Sin restricción,POINT (-60.65060229999999 -32.97832124999999),"['Corrientes', 'Bulevar Juan Francisco Seguí']",2,Corrientes; Bulevar Juan Francisco Seguí,-32.97832124999999,-60.65060229999999,55.0,538.0,Municipio Rosario,Municipio,Rosario,820210,Servicio de Catastro e Información Territorial,IGN
2015,411,2015-01-27,Martes,0.0,09:00:00,,0.0,2,"Automóvil,Automóvil",Roullon Y Pje. Minetti,2,1,0,0,1,0,0,,Calle,,ROSARIO,Rosario,Asfalto,No existe,II,S/D,Urbana,Ninguna,No existe,Intersección,S/D,Buena,Diurna,S/D,Lateral,S/D,Colisión,S/D,Faltante,Ninguna,Sin restricción,POINT (-60.7027423 -32.92808799999999),"['Alfredo Rouillón', 'Minetti']",2,Alfredo Rouillón; Minetti,-32.92808799999999,-60.7027423,55.0,538.0,Municipio Rosario,Municipio,Rosario,820210,Servicio de Catastro e Información Territorial,IGN
2015,412,2015-01-28,Miercoles,0.0,13:45:00,,0.0,2,"Automóvil,Automóvil",Baigorria 1500,3,1,0,0,0,0,2,,Calle,,ROSARIO,Rosario,Asfalto,No existe,II,Dentro,Urbana,S/D,S/D,Intersección,Bueno,Buena,Diurna,S/D,S/D,S/D,S/D,Otro,Vertical,S/D,S/D,"-32.8934377, -60.7023112",['Baigorria 1500'],1,Baigorria 1500,-32.8934377,-60.7023112,55.0,538.0,Municipio Rosario,Municipio,Rosario,820210,Servicio de Catastro e Información Territorial,IGN
2015,413,2015-01-12,Lunes,0.0,,,0.0,2,"Moto/Ciclomotor,Automóvil",Bv. Segui Y Laprida,3,2,0,0,1,0,0,,S/D,,ROSARIO,Rosario,Asfalto,No existe,II,S/D,S/D,Ninguna,No existe,Intersección,Bueno,Buena,Diurna,Buen Tiempo,Lateral,S/D,Colisión,Ninguna,S/D,Ninguna,Sin restricción,POINT (-60.64243230000001 -32.97979135),"['Bulevar Juan Francisco Seguí', 'Laprida']",2,Bulevar Juan Francisco Seguí; Francisco Narciso Laprida,-32.97979135,-60.64243230000001,55.0,538.0,Municipio Rosario,Municipio,Rosario,820210,Servicio de Catastro e Información Territorial,IGN
2015,414,2015-01-20,Martes,0.0,20:30:00,,0.0,2,"Moto/Ciclomotor,Automóvil",Av. Corrientes Y Pte.Quintana,2,1,0,0,1,0,0,,Calle,,ROSARIO,Rosario,Asfalto,No existe,II,Dentro,Urbana,Ninguna,No existe,Intersección,Bueno,Buena,Atardecer,Buen Tiempo,De alcance,S/D,Colisión,S/D,Faltante,Ninguna,Sin restricción,POINT (-60.6514813 -32.9817689),"['Corrientes', 'Quintana']",2,"('Corrientes', 'Presidente Quintana')",-32.9817689,-60.6514813,55.0,538.0,Municipio Rosario,Municipio,Rosario,820210,Servicio de Catastro e Información Territorial,IGN
2015,415,2015-01-09,Viernes,0.0,16:30:00,,0.0,2,"Bicicleta,Taxi/Remis",Larrea Y San Lorenzo,2,1,0,0,1,0,0,,Calle,,ROSARIO,Rosario,S/D,No existe,II,S/D,Urbana,Ninguna,No existe,Intersección,S/D,S/D,Diurna,S/D,S/D,S/D,Atropello,S/D,Faltante,Ninguna,Sin restricción,POINT (-60.6974971 -32.9341067),"['Larrea', 'San Lorenzo']",2,Larrea; San Lorenzo,-32.9341067,-60.6974971,55.0,538.0,Municipio Rosario,Municipio,Rosario,820210,Servicio de Catastro e Información Territorial,IGN
2015,416,2015-01-09,Viernes,0.0,11:37:00,,0.0,2,"Moto/Ciclomotor,Pickup/Utilitario",J.J.Paso 5520,3,2,0,0,1,0,0,,Avenida,,ROSARIO,Rosario,S/D,No existe,II,Fuera,Urbana,Ninguna,No existe,Recta,S/D,S/D,Diurna,Otro,Frontal,S/D,Colisión,S/D,Faltante,Ninguna,Sin restricción,"-32.919764875510204, -60.69968463469388",['Juan José Paso 5520'],1,Juan José Paso 5520,-32.919764875510204,-60.69968463469388,55.0,538.0,Municipio Rosario,Municipio,Rosario,820210,Servicio de Catastro e Información Territorial,IGN
2015,417,2015-01-07,Miercoles,0.0,20:00:00,,0.0,2,"Automóvil,Taxi/Remis",Darragueira Y Valle Hermoso,2,1,0,0,1,0,0,,Calle,,ROSARIO,Rosario,Asfalto,No existe,II,S/D,Urbana,Ninguna,S/D,Recta,Bueno,Buena,"Nocturna,Con luz artificial",Buen Tiempo,De alcance,S/D,Colisión,Ninguna,Faltante,Ninguna,Sin restricción,POINT (-60.696957399999995 -32.8860516),"['José Darragueira', 'Valle Hermoso']",2,José Darragueira; Valle Hermoso,-32.8860516,-60.6969574,55.0,538.0,Municipio Rosario,Municipio,Rosario,820210,Servicio de Catastro e Información Territorial,IGN
2015,418,2015-02-09,Lunes,0.0,18:00:00,,0.0,2,"Automóvil,Moto/Ciclomotor",Bv. J.Granel 2800,2,1,0,0,1,0,0,,Calle,,ROSARIO,Rosario,Asfalto,Natural,II,Dentro,Urbana,Ninguna,No existe,Recta,Bueno,Buena,Diurna,Buen Tiempo,Frontal,S/D,Colisión,Ninguna,Faltante,Ninguna,Sin restricción,"-32.8931912, -60.7202038",['J Granel 2800'],1,J Granel 2800,-32.8931912,-60.7202038,55.0,538.0,Municipio Rosario,Municipio,Rosario,820210,Servicio de Catastro e Información Territorial,IGN
2015,419,2015-01-20,Martes,0.0,15:00:00,,0.0,2,"Automóvil,Automóvil",Gaboto Y Entre Rios,2,1,0,0,1,0,0,,Calle,,ROSARIO,Rosario,Asfalto,No existe,II,Dentro,Urbana,Ninguna,No existe,Recta,Bueno,Buena,Diurna,Buen Tiempo,De alcance,S/D,Colisión,S/D,Faltante,Ninguna,Sin restricción,POINT (-60.6477294 -32.9728456),"['Gaboto', 'Entre Ríos']",2,Gaboto; Entre Ríos,-32.9728456,-60.6477294,55.0,538.0,Municipio Rosario,Municipio,Rosario,820210,Servicio de Catastro e Información Territorial,IGN
2015,420,2015-01-03,Sabado,0.0,22:40:00,,0.0,3,"Peatón,Peatón,Automóvil",Larrea Y Junin,3,2,0,0,1,0,0,,Calle,,ROSARIO,Rosario,Asfalto,No existe,II,S/D,Urbana,S/D,No existe,Recta,S/D,S/D,Nocturna,S/D,S/D,S/D,Atropello,S/D,Faltante,S/D,Sin restricción,POINT (-60.6977779 -32.9271693),"['Larrea', 'Junín']",2,Larrea; Junín,-32.9271693,-60.6977779,55.0,538.0,Municipio Rosario,Municipio,Rosario,820210,Servicio de Catastro e Información Territorial,IGN
2015,421,2015-01-21,Miercoles,0.0,08:30:00,,0.0,2,"Moto/Ciclomotor,Moto/Ciclomotor",San Martin Y Esteban de Luca,2,2,0,0,0,0,0,,Calle,,ROSARIO,Rosario,Asfalto,No existe,II,Dentro,Urbana,Semáforo,Funciona,Intersección,Bueno,Buena,Diurna,Buen Tiempo,De alcance,S/D,Colisión,S/D,Vertical,Ninguna,Sin restricción,POINT (-60.69698706666666 -32.97095953333332),"['San Martin', 'Esteban de Luca']",2,José de San Martín; Esteban de Luca,-32.97095953333332,-60.69698706666666,55.0,538.0,Municipio Rosario,Municipio,Rosario,820210,Servicio de Catastro e Información Territorial,IGN
2015,423,2015-01-07,Miercoles,0.0,21:40:00,,0.0,2,"Peatón,Automóvil",Sarmiento Y Pasco,2,1,0,0,1,0,0,,Calle,,ROSARIO,Rosario,Asfalto,S/D,II,Dentro,Urbana,S/D,S/D,Recta,Bueno,Buena,Nocturna,Buen Tiempo,S/D,S/D,Atropello,S/D,S/D,S/D,S/D,POINT (-60.6414543 -32.95957909999999),"['Sarmiento', 'Pasco']",2,Sarmiento; Pasco,-32.95957909999999,-60.6414543,55.0,538.0,Municipio Rosario,Municipio,Rosario,820210,Servicio de Catastro e Información Territorial,IGN
2015,424,2015-01-22,Jueves,0.0,20:40:00,,0.0,2,"Moto/Ciclomotor,Automóvil",Bv. Segui Y San Martin,2,1,0,0,1,0,0,,Calle,,ROSARIO,Rosario,Asfalto,No existe,II,Dentro,Urbana,Semáforo,Funciona,Intersección,Bueno,Buena,Atardecer,Buen Tiempo,De alcance,S/D,Colisión,S/D,Horizontal,Ninguna,Sin restricción,POINT (-60.644363766666665 -32.979480866666655),"['Bulevar Juan Francisco Seguí', 'San Martin']",2,Bulevar Juan Francisco Seguí; José de San Martín,-32.979480866666655,-60.644363766666665,55.0,538.0,Municipio Rosario,Municipio,Rosario,820210,Servicio de Catastro e Información Territorial,IGN
2015,426,2015-01-25,Domingo,0.0,08:30:00,,0.0,2,"Moto/Ciclomotor,Automóvil",Saavedra Y Buenos Aires,3,1,0,0,2,0,0,,Calle,,ROSARIO,Rosario,Asfalto,No existe,II,Dentro,Urbana,Ninguna,No existe,Intersección,Bueno,Buena,Diurna,Buen Tiempo,De alcance,S/D,Colisión,Ninguna,Faltante,Ninguna,Sin restricción,POINT (-60.6406363 -32.97893169999999),"['Saavedra', 'Buenos Aires']",2,Saavedra; Buenos Aires,-32.97893169999999,-60.6406363,55.0,538.0,Municipio Rosario,Municipio,Rosario,820210,Servicio de Catastro e Información Territorial,IGN
2015,427,2015-01-06,Martes,0.0,11:30:00,,0.0,2,"Automóvil,Pickup/Utilitario",E.Zeballos Y Lima,2,1,0,0,0,0,1,,Calle,,ROSARIO,Rosario,S/D,S/D,II,Dentro,Urbana,S/D,S/D,S/D,S/D,S/D,Diurna,S/D,S/D,S/D,Colisión,S/D,S/D,S/D,S/D,POINT (-60.6853927 -32.9469522),"['Zeballos', 'Lima']",2,Zeballos; Lima,-32.9469522,-60.6853927,55.0,538.0,Municipio Rosario,Municipio,Rosario,820210,Servicio de Catastro e Información Territorial,IGN