anio_acci,nro_acci,fecha,desc_dia,fecha_aprox,hora_aprox,desc_ruta,km,cant_participantes,desc_participante,calle_avenida_km,total,heridos_leves,heridos_graves,heridos_gravisimos,ilesos,fallecidos,sin_datos,posicion_XY,desc_tipo_via,desc_ruta_ori,desc_loc,desc_dpto,desc_tipo_calzada,desc_tipo_banquina,desc_unidad_regional,desc_lugar_calzada,desc_zona,desc_prioridad,desc_estado_semaforo,desc_lugar_via,desc_estado_via,desc_estado_visibilidad,desc_luminosidad,desc_estado_clima,desc_tipo_colision,desc_tipo_atropello,desc_tipo_hecho,desc_pres_calzada,desc_senializacion,desc_separacion_via,desc_restriccion,forma_geocod,calle_lista,numero_calles,calles_osm,lat,lon,index_right,gid,fna,gna,nam,in1,fdc,sag
2015,1283,2015-03-03,Martes,0.0,09:00:00,,0.0,2,"Automóvil,Automóvil",3 De Febrero 2970,2,1,0,0,1,0,0,,Calle,,ROSARIO,Rosario,S/D,S/D,II,Dentro,Urbana,S/D,S/D,Intersección,S/D,S/D,Diurna,S/D,De alcance,S/D,Colisión,S/D,S/D,S/D,S/D,"-32.948182067346934, -60.66528246326531",['3 De Febrero 2970'],1,3 De Febrero 2970,-32.948182067346934,-60.66528246326531,55.0,538.0,Municipio Rosario,Municipio,Rosario,820210,Servicio de Catastro e Información Territorial,IGN
2015,1285,2015-03-18,Miercoles,0.0,21:35:00,,0.0,2,"Automóvil,Moto/Ciclomotor",Rioja Y Ricchieri,2,1,0,0,1,0,0,,S/D,,ROSARIO,Rosario,Asfalto,No existe,II,Dentro,Urbana,S/D,S/D,S/D,S/D,S/D,Nocturna,S/D,S/D,S/D,Colisión,S/D,S/D,S/D,S/D,POINT (-60.6631309 -32.943174600000006),"['Rioja', 'Ricchieri']",2,Rioja; Ricchieri,-32.943174600000006,-60.6631309,55.0,538.0,Municipio Rosario,Municipio,Rosario,820210,Servicio de Catastro e Información Territorial,IGN
2015,1289,2015-03-02,Lunes,0.0,22:00:00,,0.0,2,"Moto/Ciclomotor,Automóvil",Santa Fe Y Av. Ovidio Lagos,2,1,0,0,1,0,0,,Calle,,ROSARIO,Rosario,Asfalto,No existe,II,S/D,Urbana,Semáforo,Funciona,Otro,Bueno,Buena,Nocturna,Buen Tiempo,Otro,S/D,Colisión,S/D,Vertical,Ninguna,Sin restricción,POINT (-60.661118 -32.94092100000001),"['Santa Fe', 'Avenida Ovidio Lagos']",2,Santa Fe; Avenida Ovidio Lagos,-32.94092100000001,-60.661118,55.0,538.0,Municipio Rosario,Municipio,Rosario,820210,Servicio de Catastro e Información Territorial,IGN
2015,1290,2015-03-20,Viernes,0.0,11:30:00,,0.0,2,"Automóvil,Moto/Ciclomotor",San Luis Y Rio De Janeiro,2,1,0,0,1,0,0,,Calle,,ROSARIO,Rosario,Asfalto,No existe,II,S/D,Urbana,S/D,S/D,S/D,S/D,S/D,Diurna,S/D,S/D,S/D,Colisión,S/D,S/D,S/D,S/D,POINT (-60.6811681 -32.94147730000001),"['San Luis', 'Río de Janeiro']",2,San Luis; Río de Janeiro,-32.94147730000001,-60.6811681,55.0,538.0,Municipio Rosario,Municipio,Rosario,820210,Servicio de Catastro e Información Territorial,IGN
2015,1294,2015-03-05,Jueves,0.0,15:15:00,,0.0,2,"Moto/Ciclomotor,Automóvil",Tucuman Y Vera Mujica,2,1,0,0,1,0,0,,Calle,,ROSARIO,Rosario,Asfalto,No existe,II,S/D,Urbana,Ninguna,No existe,Otro,Bueno,Buena,Diurna,Buen Tiempo,Otro,S/D,Colisión,Otro,Faltante,Ninguna,Sin restricción,POINT (-60.66572680000001 -32.936646399999994),"['Tucumán', 'Vera Mujíca']",2,Tucumán; Vera Mujíca,-32.936646399999994,-60.66572680000001,55.0,538.0,Municipio Rosario,Municipio,Rosario,820210,Servicio de Catastro e Información Territorial,IGN
2015,1297,2015-03-09,Lunes,0.0,21:00:00,,0.0,2,"Automóvil,Automóvil",Mitre Y Rioja,4,4,0,0,0,0,0,,Calle,,ROSARIO,Rosario,Asfalto,S/D,II,Dentro,Urbana,Ninguna,No existe,Intersección,Bueno,Buena,"Nocturna,Con luz artificial",Buen Tiempo,Lateral,S/D,Colisión,S/D,Faltante,S/D,Sin restricción,POINT (-60.63989050000001 -32.947396000000005),"['Mitre', 'Rioja']",2,Bartolomé Mitre; Rioja,-32.947396000000005,-60.63989050000001,55.0,538.0,Municipio Rosario,Municipio,Rosario,820210,Servicio de Catastro e Información Territorial,IGN
2015,1298,2015-03-10,Martes,0.0,06:30:00,,0.0,2,"Automóvil,Automóvil",San Nicolas Y San Lorenzo,2,1,0,0,1,0,0,,Calle,,ROSARIO,Rosario,Asfalto,No existe,II,S/D,Urbana,Ninguna,No existe,Otro,Otro,Buena,Amanecer,Buen Tiempo,Otro,S/D,Colisión,Otro,Faltante,Ninguna,Sin restricción,POINT (-60.67174630000001 -32.9380145),"['San Nicolás', 'San Lorenzo']",2,San Nicolás; San Lorenzo,-32.9380145,-60.67174630000001,55.0,538.0,Municipio Rosario,Municipio,Rosario,820210,Servicio de Catastro e Información Territorial,IGN
2015,1299,2015-03-14,Sabado,0.0,08:30:00,,0.0,2,"Moto/Ciclomotor,Automóvil",Salta Y Vera Mujica,2,1,0,0,1,0,0,,Calle,,ROSARIO,Rosario,Asfalto,No existe,II,S/D,Urbana,Semáforo,Funciona,Recta,S/D,Buena,Diurna,Buen Tiempo,S/D,S/D,Colisión,S/D,Vertical,Ninguna,Sin restricción,POINT (-60.66513909999999 -32.934323199999994),"['Salta', 'Vera Mujíca']",2,Salta; Vera Mujíca,-32.934323199999994,-60.66513909999999,55.0,538.0,Municipio Rosario,Municipio,Rosario,820210,Servicio de Catastro e Información Territorial,IGN
2015,1300,2015-03-16,Lunes,0.0,16:10:00,,0.0,2,"Moto/Ciclomotor,Automóvil",Av. Francia Y Guemes,2,1,0,0,1,0,0,,Avenida,,ROSARIO,Rosario,Asfalto,No existe,II,S/D,Urbana,Ninguna,No existe,Recta,Bueno,Buena,Diurna,Buen Tiempo,S/D,S/D,Colisión,Otro,Faltante,Ninguna,Sin restricción,POINT (-60.66227093333333 -32.93117146666666),"['Avenida Francia', 'Güemes']",2,Avenida Francia; Güemes,-32.93117146666666,-60.66227093333333,55.0,538.0,Municipio Rosario,Municipio,Rosario,820210,Servicio de Catastro e Información Territorial,IGN
2015,1301,2015-03-17,Martes,0.0,20:20:00,,0.0,2,"Taxi/Remis,Automóvil",San Juan Y Constitucion,5,3,0,0,2,0,0,,Calle,,ROSARIO,Rosario,Asfalto,S/D,II,Dentro,Urbana,S/D,S/D,S/D,S/D,S/D,S/D,S/D,S/D,S/D,Colisión,S/D,S/D,S/D,S/D,POINT (-60.674634700000006 -32.9438015),"['San Juan', 'Constitución']",2,San Juan; Constitución,-32.9438015,-60.674634700000006,55.0,538.0,Municipio Rosario,Municipio,Rosario,820210,Servicio de Catastro e Información Territorial,IGN
2015,1302,2015-03-20,Viernes,0.0,20:00:00,,0.0,2,"Automóvil,Moto/Ciclomotor",Montevideo Y Servando Bayo,5,3,0,0,0,0,2,,Calle,,ROSARIO,Rosario,Asfalto,No existe,II,Dentro,Urbana,S/D,S/D,S/D,S/D,S/D,Nocturna,S/D,S/D,S/D,Colisión,S/D,S/D,S/D,S/D,POINT (-60.6870051 -32.9478573),"['Montevideo', 'Servando Bayo']",2,Montevideo; Servando Bayo,-32.9478573,-60.6870051,55.0,538.0,Municipio Rosario,Municipio,Rosario,820210,Servicio de Catastro e Información Territorial,IGN
2015,1303,2015-03-24,Martes,0.0,22:55:00,,0.0,2,"Peatón,Pickup/Utilitario",Mendoza Y Bv. Avellaneda,2,1,0,0,1,0,0,,Calle,,ROSARIO,Rosario,Asfalto,No existe,II,Dentro,Urbana,S/D,S/D,S/D,S/D,S/D,Nocturna,S/D,S/D,S/D,Atropello,S/D,S/D,S/D,S/D,POINT (-60.680421100000004 -32.94423964999999),"['Mendoza', 'Avellaneda']",2,Mendoza; Bulevar Nicolás Avellaneda,-32.94423964999999,-60.6804211,55.0,538.0,Municipio Rosario,Municipio,Rosario,820210,Servicio de Catastro e Información Territorial,IGN
2015,1305,2015-03-17,Martes,0.0,23:50:00,,0.0,2,"Automóvil,Vehículo Oficial",Pueyrredon Y 3 De Febrero,2,1,0,0,1,0,0,,Calle,,ROSARIO,Rosario,S/D,S/D,II,Dentro,Urbana,S/D,S/D,S/D,S/D,S/D,S/D,S/D,S/D,S/D,S/D,S/D,S/D,S/D,S/D,POINT (-60.65897040000001 -32.9493667),"['Pueyrredón', '3 de Febrero']",2,Pueyrredón; 3 de Febrero,-32.9493667,-60.65897040000001,55.0,538.0,Municipio Rosario,Municipio,Rosario,820210,Servicio de Catastro e Información Territorial,IGN
2015,1309,2015-03-19,Jueves,0.0,08:05:00,,0.0,2,"Peatón,Automóvil",Salta Y Pueyrredon,2,1,0,0,1,0,0,,Calle,,ROSARIO,Rosario,S/D,No existe,II,S/D,Urbana,Ninguna,No existe,Recta,Otro,Buena,Diurna,Buen Tiempo,S/D,S/D,Atropello,Otro,Faltante,Ninguna,Sin restricción,POINT (-60.6556216 -32.93601499999999),"['Salta', 'Pueyrredón']",2,"('Salta', 'Pueyrredón')",-32.93601499999999,-60.6556216,55.0,538.0,Municipio Rosario,Municipio,Rosario,820210,Servicio de Catastro e Información Territorial,IGN
2015,1311,2015-03-31,Martes,0.0,,,0.0,2,"Taxi/Remis,Moto/Ciclomotor",La Republica Y Barra,2,1,0,0,1,0,0,,Calle,,ROSARIO,Rosario,Asfalto,No existe,II,S/D,Urbana,Ninguna,No existe,Intersección,Bueno,Buena,Nocturna,Buen Tiempo,Frontal,S/D,Colisión,Ninguna,Faltante,Ninguna,S/D,POINT (-60.7079885 -32.9184476),"['La República', 'Barra']",2,La República; Barraco,-32.9184476,-60.7079885,55.0,538.0,Municipio Rosario,Municipio,Rosario,820210,Servicio de Catastro e Información Territorial,IGN
2015,1313,2015-03-18,Miercoles,0.0,13:10:00,,0.0,2,"Pickup/Utilitario,Moto/Ciclomotor",La Republica Y Olavarria Bis,2,1,0,0,1,0,0,,Calle,,ROSARIO,Rosario,Asfalto,No existe,II,S/D,Urbana,Ninguna,No existe,Intersección,Bueno,S/D,Diurna,Buen Tiempo,Frontal,S/D,Colisión,Ninguna,Faltante,Ninguna,Sin restricción,POINT (-60.7044404 -32.9183455),"['La República', 'Olavarría']",2,La República; Olavarría,-32.9183455,-60.7044404,55.0,538.0,Municipio Rosario,Municipio,Rosario,820210,Servicio de Catastro e Información Territorial,IGN
2015,1315,2015-03-23,Lunes,0.0,11:30:00,,0.0,2,"Automóvil,Automóvil",Tucuman Y Iriondo,2,1,0,0,1,0,0,,Calle,,ROSARIO,Rosario,Asfalto,S/D,II,S/D,Urbana,Ninguna,No existe,Recta,Bueno,Buena,Diurna,Buen Tiempo,Lateral,S/D,Colisión,S/D,Faltante,Ninguna,S/D,POINT (-60.6684472 -32.9361566),"['Tucumán', 'Iriondo']",2,Tucumán; Iriondo,-32.9361566,-60.6684472,55.0,538.0,Municipio Rosario,Municipio,Rosario,820210,Servicio de Catastro e Información Territorial,IGN
2015,1317,2015-03-17,Martes,0.0,18:30:00,,0.0,2,"Peatón,Moto/Ciclomotor",Av. Genova 3030,2,1,0,0,1,0,0,,Calle,,ROSARIO,Rosario,Asfalto,No existe,II,S/D,Urbana,Ninguna,No existe,Recta,Bueno,Buena,Diurna,Buen Tiempo,S/D,S/D,Atropello,S/D,Faltante,Ninguna,Sin restricción,"-32.9151878, -60.6852461",['Genova 3030'],1,Genova 3030,-32.9151878,-60.6852461,55.0,538.0,Municipio Rosario,Municipio,Rosario,820210,Servicio de Catastro e Información Territorial,IGN
2015,1318,2015-03-25,Miercoles,0.0,02:50:00,,0.0,2,"Taxi/Remis,Automóvil",Tucuman Y Suipacha,2,1,0,0,0,0,1,,Calle,,ROSARIO,Rosario,Asfalto,No existe,II,S/D,Urbana,Ninguna,No existe,Recta,Bueno,Buena,Nocturna,Buen Tiempo,De alcance,S/D,Colisión,S/D,Faltante,Ninguna,Sin restricción,POINT (-60.662997 -32.937165199999995),"['Tucumán', 'Suipacha']",2,Tucumán; Suipacha,-32.937165199999995,-60.662997,55.0,538.0,Municipio Rosario,Municipio,Rosario,820210,Servicio de Catastro e Información Territorial,IGN
2015,1320,2015-03-12,Jueves,0.0,,,0.0,2,"Peatón,Moto/Ciclomotor",Colombia Y J.B.Justo,2,1,0,0,1,0,0,,Calle,,ROSARIO,Rosario,S/D,S/D,II,S/D,Urbana,S/D,S/D,Intersección,S/D,S/D,S/D,S/D,S/D,S/D,Atropello,S/D,S/D,S/D,S/D,POINT (-60.7164811 -32.9335344),"['Colombia', 'Justo']",2,"('Colombia', 'Justo José de Urquiza')",-32.9335344,-60.7164811,55.0,538.0,Municipio Rosario,Municipio,Rosario,820210,Servicio de Catastro e Información Territorial,IGN
2015,1321,2015-03-25,Miercoles,0.0,22:55:00,,0.0,2,"Moto/Ciclomotor,Automóvil",Av. Pellegrini Y Castellanos,3,2,0,0,0,0,1,,Avenida,,ROSARIO,Rosario,Asfalto,No existe,II,Dentro,Urbana,S/D,S/D,S/D,S/D,S/D,Nocturna,S/D,S/D,S/D,Colisión,S/D,S/D,S/D,S/D,POINT (-60.677811000000005 -32.950665749999985),"['Pellegrini', 'Aaron Castellanos']",2,Avenida Carlos Pellegrini; Aaron Castellanos,-32.950665749999985,-60.677811000000005,55.0,538.0,Municipio Rosario,Municipio,Rosario,820210,Servicio de Catastro e Información Territorial,IGN
2015,1322,2015-03-25,Miercoles,0.0,20:05:00,,0.0,2,"Peatón,Automóvil",Santa Fe Y Vera Mujica,2,1,0,0,1,0,0,,Calle,,ROSARIO,Rosario,Asfalto,No existe,II,S/D,Urbana,Semáforo,Funciona,Recta,Bueno,Buena,Nocturna,Buen Tiempo,S/D,S/D,Atropello,S/D,Vertical,Ninguna,Sin restricción,POINT (-60.6665625 -32.9399498),"['Santa Fe', 'Vera Mujíca']",2,Santa Fe; Vera Mujíca,-32.9399498,-60.6665625,55.0,538.0,Municipio Rosario,Municipio,Rosario,820210,Servicio de Catastro e Información Territorial,IGN
2015,1323,2015-03-28,Sabado,0.0,06:30:00,,0.0,2,"Moto/Ciclomotor,Automóvil",Callao Y E.Zeballos,2,1,0,0,1,0,0,,Calle,,ROSARIO,Rosario,Asfalto,No existe,II,Dentro,Urbana,S/D,S/D,S/D,S/D,S/D,Diurna,S/D,S/D,S/D,Colisión,S/D,S/D,S/D,S/D,POINT (-60.66226300000001 -32.95106679999999),"['Callao', 'Zeballos']",2,Callao; Zeballos,-32.95106679999999,-60.66226300000001,55.0,538.0,Municipio Rosario,Municipio,Rosario,820210,Servicio de Catastro e Información Territorial,IGN
2015,1325,2015-03-11,Miercoles,0.0,22:00:00,,0.0,2,"Automóvil,Peatón",Colombia Y J.B.Justo,2,1,0,0,0,0,1,,Calle,,ROSARIO,Rosario,Asfalto,No existe,II,S/D,Urbana,Ninguna,S/D,Intersección,Bueno,S/D,Nocturna,Buen Tiempo,S/D,S/D,Atropello,S/D,Faltante,Ninguna,Sin restricción,POINT (-60.7164811 -32.9335344),"['Colombia', 'Justo']",2,"('Colombia', 'Justo José de Urquiza')",-32.9335344,-60.7164811,55.0,538.0,Municipio Rosario,Municipio,Rosario,820210,Servicio de Catastro e Información Territorial,IGN
2015,1326,2015-03-28,Sabado,0.0,23:40:00,,0.0,2,"Automóvil,Moto/Ciclomotor",Rioja 2800,3,2,0,0,1,0,0,,Calle,,ROSARIO,Rosario,Asfalto,No existe,II,Dentro,Urbana,S/D,S/D,S/D,S/D,S/D,Nocturna,S/D,S/D,S/D,Colisión,S/D,S/D,S/D,S/D,"-32.943407, -60.6615957",['Rioja 2800'],1,Rioja 2800,-32.943407,-60.6615957,55.0,538.0,Municipio Rosario,Municipio,Rosario,820210,Servicio de Catastro e Información Territorial,IGN
2015,1327,2015-03-29,Domingo,0.0,00:50:00,,0.0,2,"Taxi/Remis,Moto/Ciclomotor",Cordoba Y Pueyrredon,2,1,0,0,1,0,0,,Calle,,ROSARIO,Rosario,Asfalto,No existe,II,Dentro,Urbana,S/D,S/D,S/D,S/D,S/D,Nocturna,S/D,S/D,S/D,Colisión,S/D,S/D,S/D,S/D,POINT (-60.65737260000001 -32.94301),"['Córdoba', 'Pueyrredón']",2,Córdoba; Pueyrredón,-32.94301,-60.65737260000001,55.0,538.0,Municipio Rosario,Municipio,Rosario,820210,Servicio de Catastro e Información Territorial,IGN
2015,1328,2015-03-31,Martes,0.0,17:50:00,,0.0,2,"Bicicleta,Automóvil",Alberdi Y Albert Sabin,2,1,0,0,1,0,0,,Calle,,ROSARIO,Rosario,Asfalto,S/D,II,Dentro,Urbana,S/D,S/D,Intersección,S/D,S/D,Diurna,S/D,S/D,S/D,Atropello,S/D,S/D,S/D,S/D,POINT (-60.67368635 -32.93013245),"['Alberdi', 'Avenida Travesía Albert Sabin']",2,Avenida Alberdi; Avenida Travesía Albert Sabin,-32.93013245,-60.67368635,55.0,538.0,Municipio Rosario,Municipio,Rosario,820210,Servicio de Catastro e Información Territorial,IGN
2015,1329,2015-03-29,Domingo,0.0,05:15:00,,0.0,2,"Automóvil,Moto/Ciclomotor",San Luis Y Suipacha,2,1,0,0,1,0,0,,Calle,,ROSARIO,Rosario,Asfalto,No existe,II,Dentro,Urbana,S/D,S/D,S/D,S/D,S/D,Nocturna,S/D,S/D,S/D,Colisión,S/D,S/D,S/D,S/D,POINT (-60.664829000000005 -32.94441909999999),"['San Luis', 'Suipacha']",2,San Luis; Suipacha,-32.94441909999999,-60.664829000000005,55.0,538.0,Municipio Rosario,Municipio,Rosario,820210,Servicio de Catastro e Información Territorial,IGN
2015,1330,2015-03-29,Domingo,0.0,21:45:00,,0.0,2,"Automóvil,Moto/Ciclomotor",Alsina Y E.Zeballos,3,2,0,0,1,0,0,,Calle,,ROSARIO,Rosario,Asfalto,S/D,II,Dentro,Urbana,S/D,S/D,S/D,S/D,S/D,Nocturna,S/D,S/D,S/D,Colisión,S/D,S/D,S/D,S/D,POINT (-60.6785567 -32.948147299999995),"['Alsina', 'Zeballos']",2,Alsina; Zeballos,-32.948147299999995,-60.6785567,55.0,538.0,Municipio Rosario,Municipio,Rosario,820210,Servicio de Catastro e Información Territorial,IGN
2015,1331,2015-03-29,Domingo,0.0,18:30:00,,0.0,2,"Moto/Ciclomotor,Automóvil",Bv. Avellaneda Y Harding,4,3,0,0,0,0,1,,Calle,,ROSARIO,Rosario,Asfalto,S/D,II,Dentro,Urbana,S/D,S/D,Intersección,S/D,S/D,Diurna,S/D,S/D,S/D,"Colisión,Inmersión",S/D,S/D,S/D,S/D,POINT (-60.67649540000001 -32.92863305),"['Avellaneda', 'Harding']",2,Bulevar Nicolás Avellaneda; Harding,-32.92863305,-60.67649540000001,55.0,538.0,Municipio Rosario,Municipio,Rosario,820210,Servicio de Catastro e Información Territorial,IGN
2015,1332,2015-03-30,Lunes,0.0,15:10:00,,0.0,2,"Taxi/Remis,Automóvil",Vera Mujica Y San Juan,3,1,0,0,2,0,0,,Calle,,ROSARIO,Rosario,S/D,No existe,II,Dentro,Urbana,S/D,S/D,S/D,S/D,S/D,Diurna,S/D,S/D,S/D,Colisión,S/D,S/D,S/D,S/D,POINT (-60.6678428 -32.94501609999999),"['Vera Mujíca', 'San Juan']",2,Vera Mujíca; San Juan,-32.94501609999999,-60.6678428,55.0,538.0,Municipio Rosario,Municipio,Rosario,820210,Servicio de Catastro e Información Territorial,IGN
2015,1334,2015-03-22,Domingo,0.0,18:30:00,,0.0,2,"Moto/Ciclomotor,Automóvil",Warnes Y Baigorria,2,1,0,0,1,0,0,,Calle,,ROSARIO,Rosario,Asfalto,S/D,II,Dentro,Urbana,S/D,S/D,Intersección,S/D,S/D,Diurna,S/D,S/D,S/D,Colisión,S/D,S/D,S/D,S/D,POINT (-60.6947491 -32.89186080000001),"['Warnes', 'Baigorria']",2,Ignacio Warnes; Baigorria,-32.89186080000001,-60.6947491,55.0,538.0,Municipio Rosario,Municipio,Rosario,820210,Servicio de Catastro e Información Territorial,IGN
2015,1336,2015-03-23,Lunes,0.0,17:15:00,,0.0,2,"Taxi/Remis,Automóvil",Av. Luis Carballo Y Rawson Bis,2,1,0,0,0,0,1,,Calle,,ROSARIO,Rosario,Asfalto,S/D,II,S/D,Urbana,S/D,S/D,Intersección,S/D,S/D,Diurna,S/D,S/D,S/D,Colisión,S/D,S/D,S/D,S/D,POINT (-60.66940076666666 -32.92182163333333),"['Avenida Doctor Luis Cándido Carballo', 'Rawson']",2,Avenida Doctor Luis Cándido Carballo; Rawson,-32.92182163333333,-60.66940076666666,55.0,538.0,Municipio Rosario,Municipio,Rosario,820210,Servicio de Catastro e Información Territorial,IGN
2015,1337,2015-03-19,Jueves,0.0,21:30:00,,0.0,2,"Bicicleta,Automóvil",Bv. Rondeau Y Castagnino,2,1,0,0,1,0,0,,Calle,,ROSARIO,Rosario,Asfalto,S/D,II,Dentro,Urbana,S/D,S/D,S/D,S/D,S/D,Nocturna,S/D,S/D,S/D,Atropello,S/D,S/D,S/D,S/D,POINT (-60.69153045 -32.897260900000006),"['Rondeau', 'Castagnino']",2,Bulevar General José Rondeau; Castagnino,-32.897260900000006,-60.69153045,55.0,538.0,Municipio Rosario,Municipio,Rosario,820210,Servicio de Catastro e Información Territorial,IGN
2015,1338,2015-03-20,Viernes,0.0,12:50:00,,0.0,2,"Taxi/Remis,Automóvil",Bv. Rondeau Y Av. Sorrento,2,1,0,0,1,0,0,,Avenida,,ROSARIO,Rosario,S/D,S/D,II,Dentro,Urbana,S/D,S/D,Intersección,S/D,S/D,Diurna,S/D,S/D,S/D,Colisión,S/D,S/D,S/D,S/D,POINT (-60.68858005 -32.90707667499999),"['Rondeau', 'Sorrento']",2,Bulevar General José Rondeau; Avenida Sorrento,-32.90707667499999,-60.68858005,55.0,538.0,Municipio Rosario,Municipio,Rosario,820210,Servicio de Catastro e Información Territorial,IGN
2015,1339,2015-03-20,Viernes,0.0,19:30:00,,0.0,2,"Moto/Ciclomotor,Moto/Ciclomotor",Pje. Boedo Y Herrera,2,2,0,0,0,0,0,,Calle,,ROSARIO,Rosario,Asfalto,No existe,II,Dentro,Urbana,Ninguna,No existe,Intersección,Bueno,Buena,Diurna,Buen Tiempo,Lateral,S/D,Colisión,Otro,Faltante,Ninguna,Sin restricción,POINT (-60.7061784 -32.897557799999994),"['Boedo', 'Herrera']",2,Boedo; Franzini Herrera,-32.897557799999994,-60.7061784,55.0,538.0,Municipio Rosario,Municipio,Rosario,820210,Servicio de Catastro e Información Territorial,IGN
2015,1340,2015-03-25,Miercoles,0.0,16:00:00,,0.0,2,"Automóvil,Transporte de Pasajeros Urbano (> 8 asientos)",Salvat 3300,3,1,0,0,2,0,0,,Calle,,ROSARIO,Rosario,Asfalto,No existe,II,Dentro,Urbana,S/D,No existe,Recta,Bueno,Buena,Diurna,Buen Tiempo,S/D,S/D,Colisión,Ninguna,S/D,S/D,S/D,"-32.8825261, -60.7027146",['Salvat 3300'],1,Salvat 3300,-32.8825261,-60.7027146,55.0,538.0,Municipio Rosario,Municipio,Rosario,820210,Servicio de Catastro e Información Territorial,IGN
2015,1343,2015-03-25,Miercoles,0.0,17:45:00,,0.0,2,"Otros,Otros",Villa del Parque Y Salvat,2,2,0,0,0,0,0,,Calle,,ROSARIO,Rosario,Asfalto,No existe,II,Dentro,Urbana,S/D,No existe,Intersección,Bueno,Buena,Diurna,Buen Tiempo,S/D,S/D,Colisión,Ninguna,S/D,S/D,S/D,POINT (-60.72822670000001 -32.88358019999999),"['Villa del Parque', 'Salvat']",2,Villa del Parque; Salvat,-32.88358019999999,-60.72822670000001,55.0,538.0,Municipio Rosario,Municipio,Rosario,820210,Servicio de Catastro e Información Territorial,IGN
2015,1346,2015-03-11,Miercoles,0.0,15:00:00,,0.0,2,"Camión,Automóvil",Baigorria Y Av. Circunvalacion,2,1,0,0,0,0,1,,S/D,,ROSARIO,Rosario,S/D,Pavimento,II,Dentro,Urbana,Ninguna,S/D,Recta,Bueno,Buena,S/D,Buen Tiempo,S/D,S/D,Colisión,Ninguna,Horizontal,Guardarrail,Obra en Construcción,POINT (-60.719770260245994 -32.893468154963045),"['Baigorria', 'Circunvalacion']",2,Baigorria; Avenida de Circunvalación 25 de Mayo,-32.893468154963045,-60.719770260246,55.0,538.0,Municipio Rosario,Municipio,Rosario,820210,Servicio de Catastro e Información Territorial,IGN
2015,1347,2015-03-02,Lunes,0.0,19:00:00,,0.0,2,"Moto/Ciclomotor,Automóvil",Nicolas Laguna Y Salvat,2,1,0,0,0,0,1,,Calle,,ROSARIO,Rosario,Asfalto,No existe,II,S/D,Urbana,Ninguna,No existe,Recta,Bueno,Buena,Diurna,Buen Tiempo,Lateral,S/D,Colisión,Ninguna,Faltante,Ninguna,Accidente Previo,POINT (-60.724251499999994 -32.883378),"['Laguna', 'Salvat']",2,Laguna Blanca; Salvat,-32.883378,-60.7242515,55.0,538.0,Municipio Rosario,Municipio,Rosario,820210,Servicio de Catastro e Información Territorial,IGN
2015,1351,2015-03-10,Martes,0.0,18:30:00,,0.0,2,"Moto/Ciclomotor,Automóvil",Jose Ingenieros Y Antelo Bis,2,1,0,0,1,0,0,,Calle,,ROSARIO,Rosario,Asfalto,S/D,II,Dentro,Urbana,S/D,S/D,Intersección,Bueno,S/D,Diurna,Buen Tiempo,Lateral,S/D,Colisión,S/D,Faltante,Cordón divisorio,Sin restricción,POINT (-60.68667630000001 -32.91632700000001),"['José Ingenieros', 'Antelo']",2,José Ingenieros; Mario Antelo,-32.91632700000001,-60.68667630000001,55.0,538.0,Municipio Rosario,Municipio,Rosario,820210,Servicio de Catastro e Información Territorial,IGN
2015,1352,2015-03-09,Lunes,0.0,16:00:00,,0.0,2,"Bicicleta,Moto/Ciclomotor",Av. Casiano Casas Y Pavlov,2,1,0,0,1,0,0,,Calle,,ROSARIO,Rosario,Hormigón,No existe,II,Dentro,Urbana,Ninguna,No existe,Intersección,Bueno,Buena,Diurna,Buen Tiempo,S/D,S/D,Atropello,S/D,Faltante,Ninguna,Sin restricción,POINT (-60.70402385 -32.901810499999996),"['Avenida Casiano Casas', 'Pavlov']",2,Avenida Casiano Casas; Pavlov,-32.9018105,-60.70402385,55.0,538.0,Municipio Rosario,Municipio,Rosario,820210,Servicio de Catastro e Información Territorial,IGN
2015,1355,2015-03-29,Domingo,0.0,14:05:00,,0.0,2,"Taxi/Remis,Moto/Ciclomotor",Av. Eva Peron Y Muniagurria,3,1,0,0,2,0,0,,Calle,,ROSARIO,Rosario,Asfalto,S/D,II,Dentro,Urbana,S/D,S/D,Intersección,Bueno,S/D,Diurna,S/D,Lateral,S/D,Colisión,S/D,S/D,Ninguna,S/D,POINT (-60.733305349999995 -32.9293465),"['Avenida Eva Perón', 'Muniagurría']",2,Avenida Eva Perón; Muniagurría,-32.9293465,-60.73330535,55.0,538.0,Municipio Rosario,Municipio,Rosario,820210,Servicio de Catastro e Información Territorial,IGN
2015,1361,2015-03-12,Jueves,0.0,19:00:00,,0.0,2,"Vehículo Oficial,Camión",J.Colombres Y J.B.Justo,3,1,0,0,1,0,1,,Calle,,ROSARIO,Rosario,S/D,S/D,II,S/D,Urbana,S/D,S/D,S/D,S/D,S/D,S/D,S/D,S/D,S/D,S/D,S/D,S/D,S/D,S/D,POINT (-60.72959840000001 -32.933917099999995),"['José Colombres', 'Justo']",2,"('José Colombres', 'Justo José de Urquiza')",-32.933917099999995,-60.72959840000001,55.0,538.0,Municipio Rosario,Municipio,Rosario,820210,Servicio de Catastro e Información Territorial,IGN
2015,1362,2015-03-31,Martes,0.0,20:00:00,,0.0,2,"Moto/Ciclomotor,Pickup/Utilitario",Arevalo Y Av. Provincias Unidas,2,1,0,0,1,0,0,,Avenida,,ROSARIO,Rosario,Asfalto,S/D,II,Dentro,Urbana,S/D,S/D,Intersección,Bueno,S/D,Nocturna,S/D,Lateral,S/D,Colisión,S/D,S/D,S/D,S/D,POINT (-60.713046500000004 -32.9306845),"['Arévalo', 'Avenida Provincias Unidas']",2,Arévalo; Avenida Provincias Unidas,-32.9306845,-60.7130465,55.0,538.0,Municipio Rosario,Municipio,Rosario,820210,Servicio de Catastro e Información Territorial,IGN