anio_acci,nro_acci,fecha,desc_dia,fecha_aprox,hora_aprox,desc_ruta,km,cant_participantes,desc_participante,calle_avenida_km,total,heridos_leves,heridos_graves,heridos_gravisimos,ilesos,fallecidos,sin_datos,posicion_XY,desc_tipo_via,desc_ruta_ori,desc_loc,desc_dpto,desc_tipo_calzada,desc_tipo_banquina,desc_unidad_regional,desc_lugar_calzada,desc_zona,desc_prioridad,desc_estado_semaforo,desc_lugar_via,desc_estado_via,desc_estado_visibilidad,desc_luminosidad,desc_estado_clima,desc_tipo_colision,desc_tipo_atropello,desc_tipo_hecho,desc_pres_calzada,desc_senializacion,desc_separacion_via,desc_restriccion,forma_geocod,calle_lista,numero_calles,calles_osm,lat,lon,index_right,gid,fna,gna,nam,in1,fdc,sag
2015,1363,2015-03-13,Viernes,0.0,18:00:00,,0.0,2,"Automóvil,Pickup/Utilitario",Av. Luis Carballo Y Florida,3,2,0,0,1,0,0,,Calle,,ROSARIO,Rosario,Asfalto,S/D,II,Dentro,Urbana,S/D,S/D,Intersección,S/D,S/D,Diurna,S/D,S/D,S/D,Colisión,S/D,S/D,S/D,S/D,POINT (-60.68344275 -32.92226555),"['Avenida Doctor Luis Cándido Carballo', 'Florida']",2,Avenida Doctor Luis Cándido Carballo; Florida,-32.92226555,-60.68344275,55.0,538.0,Municipio Rosario,Municipio,Rosario,820210,Servicio de Catastro e Información Territorial,IGN
2015,1364,2015-03-21,Sabado,0.0,,,0.0,2,"Automóvil,Moto/Ciclomotor",J.B.Justo Y Tarragona,2,2,0,0,0,0,0,,S/D,,ROSARIO,Rosario,S/D,S/D,II,S/D,S/D,S/D,S/D,S/D,S/D,S/D,S/D,S/D,S/D,S/D,S/D,S/D,S/D,S/D,S/D,POINT (-60.7343068 -32.934028),"['Justo', 'Tarragona']",2,"('Justo José de Urquiza', 'Tarragona')",-32.934028,-60.7343068,55.0,538.0,Municipio Rosario,Municipio,Rosario,820210,Servicio de Catastro e Información Territorial,IGN
2015,1365,2015-03-12,Jueves,0.0,16:00:00,,0.0,2,"Moto/Ciclomotor,Taxi/Remis",Salvador Allende 200,2,1,0,0,1,0,0,,Calle,,ROSARIO,Rosario,Asfalto,No existe,II,Dentro,Urbana,Ninguna,No existe,Recta,Bueno,Buena,Diurna,Buen Tiempo,Frontal,S/D,Colisión,Otro,Faltante,Ninguna,Sin restricción,"-32.9125547, -60.6839673",['Salvador Allende 200'],1,Salvador Allende 200,-32.9125547,-60.6839673,55.0,538.0,Municipio Rosario,Municipio,Rosario,820210,Servicio de Catastro e Información Territorial,IGN
2015,1366,2015-03-29,Domingo,0.0,21:30:00,,0.0,2,"Moto/Ciclomotor,Moto/Ciclomotor",Sanchez de Loria Y Schweitzer,2,1,0,0,0,0,1,,Calle,,ROSARIO,Rosario,S/D,S/D,II,S/D,Urbana,S/D,S/D,S/D,S/D,S/D,S/D,S/D,S/D,S/D,S/D,S/D,S/D,S/D,S/D,POINT (-60.732890600000005 -32.9137264),"['Sánchez de Loria', 'Albert Schweitzer']",2,Sánchez de Loria; Albert Schweitzer,-32.9137264,-60.732890600000005,55.0,538.0,Municipio Rosario,Municipio,Rosario,820210,Servicio de Catastro e Información Territorial,IGN
2015,1370,2015-03-06,Viernes,0.0,03:50:00,,0.0,2,"Automóvil,Automóvil",Av. Luis Carballo Y Av. Avellaneda B,5,3,0,0,2,0,0,,Calle,,ROSARIO,Rosario,Asfalto,S/D,II,Dentro,Urbana,S/D,S/D,Intersección,S/D,S/D,Nocturna,S/D,S/D,S/D,Colisión,S/D,S/D,S/D,S/D,POINT (-60.674817000000004 -32.9219776),"['Avenida Doctor Luis Cándido Carballo', 'Avellaneda']",2,Avenida Doctor Luis Cándido Carballo; Bulevar Nicolás Avellaneda,-32.9219776,-60.674817,55.0,538.0,Municipio Rosario,Municipio,Rosario,820210,Servicio de Catastro e Información Territorial,IGN
2015,1372,2015-03-12,Jueves,0.0,,,0.0,2,"Automóvil,Automóvil",Av. Azcuenaga 8000,2,0,2,0,0,0,0,,Calle,,ROSARIO,Rosario,S/D,S/D,II,Dentro,Urbana,S/D,S/D,Recta,S/D,S/D,S/D,S/D,Lateral,S/D,Colisión,S/D,S/D,S/D,S/D,"-32.9425962, -60.6983631",['Azcuenaga 8000'],1,Azcuenaga 8000,-32.9425962,-60.6983631,55.0,538.0,Municipio Rosario,Municipio,Rosario,820210,Servicio de Catastro e Información Territorial,IGN
2015,1374,2015-03-08,Domingo,0.0,19:50:00,,0.0,2,"Peatón,Automóvil",Bolivia 322 B,2,1,0,0,1,0,0,,Calle,,ROSARIO,Rosario,Asfalto,S/D,II,Dentro,Urbana,S/D,S/D,S/D,S/D,S/D,Nocturna,Buen Tiempo,S/D,S/D,Atropello,S/D,S/D,S/D,S/D,"-32.92562524489796, -60.7144069755102",['Bolivia 322 B'],1,Bolivia 322 B,-32.92562524489796,-60.7144069755102,55.0,538.0,Municipio Rosario,Municipio,Rosario,820210,Servicio de Catastro e Información Territorial,IGN
2015,1376,2015-03-02,Lunes,0.0,14:00:00,,0.0,2,"Moto/Ciclomotor,Automóvil",Washington Y Zelaya,2,1,0,0,1,0,0,,Calle,,ROSARIO,Rosario,Asfalto,No existe,II,Dentro,Urbana,Señal Pare,No existe,Intersección,Bueno,Buena,Diurna,Buen Tiempo,Frontal,S/D,Colisión,S/D,Vertical,Ninguna,Sin restricción,POINT (-60.693950400000006 -32.90199580000001),"['Washington', 'Zelaya']",2,Washington; Zelaya,-32.90199580000001,-60.693950400000006,55.0,538.0,Municipio Rosario,Municipio,Rosario,820210,Servicio de Catastro e Información Territorial,IGN
2015,1382,2015-03-23,Lunes,0.0,11:35:00,,0.0,2,"Peatón,Automóvil",San Lorenzo Y Av. Avellaneda B,2,1,0,0,1,0,0,,Calle,,ROSARIO,Rosario,S/D,No existe,II,Dentro,Urbana,Semáforo,Funciona,Recta,S/D,Buena,Diurna,Buen Tiempo,S/D,S/D,Atropello,S/D,Faltante,Ninguna,Sin restricción,POINT (-60.67856895 -32.936793300000005),"['San Lorenzo', 'Avellaneda']",2,San Lorenzo; Bulevar Nicolás Avellaneda,-32.936793300000005,-60.67856895,55.0,538.0,Municipio Rosario,Municipio,Rosario,820210,Servicio de Catastro e Información Territorial,IGN
2015,1384,2015-03-27,Viernes,0.0,00:25:00,,0.0,2,"Moto/Ciclomotor,Moto/Ciclomotor",Av. Eva Peron Y Av. Circunvalacion,2,1,1,0,0,0,0,,Avenida,,ROSARIO,Rosario,Asfalto,S/D,II,Dentro,Urbana,Semáforo,Funciona,Intersección,Bueno,Reducida,Nocturna,S/D,S/D,S/D,Colisión,S/D,S/D,S/D,Sin restricción,POINT (-60.7231582311677 -32.931126055841574),"['Avenida Eva Perón', 'Circunvalacion']",2,Avenida Eva Perón; Avenida de Circunvalación 25 de Mayo,-32.931126055841574,-60.7231582311677,55.0,538.0,Municipio Rosario,Municipio,Rosario,820210,Servicio de Catastro e Información Territorial,IGN
2015,1389,2015-03-17,Martes,0.0,19:00:00,,0.0,2,"Moto/Ciclomotor,Automóvil",Berna ,2,1,0,0,0,0,1,,Calle,,ROSARIO,Rosario,S/D,S/D,II,S/D,Urbana,S/D,S/D,S/D,S/D,S/D,Nocturna,S/D,S/D,S/D,S/D,S/D,S/D,S/D,S/D,"-32.8745535, -60.7301602",['Berna'],1,Berna,-32.8745535,-60.7301602,55.0,538.0,Municipio Rosario,Municipio,Rosario,820210,Servicio de Catastro e Información Territorial,IGN
2015,1390,2015-03-03,Martes,0.0,20:00:00,,0.0,2,"Automóvil,Automóvil",Av. Luis Carballo Y Rawson Bis,2,1,0,0,1,0,0,,Calle,,ROSARIO,Rosario,Asfalto,S/D,II,Dentro,Urbana,S/D,S/D,Recta,S/D,S/D,Diurna,S/D,S/D,S/D,Colisión,S/D,S/D,S/D,S/D,POINT (-60.66940076666666 -32.92182163333333),"['Avenida Doctor Luis Cándido Carballo', 'Rawson']",2,Avenida Doctor Luis Cándido Carballo; Rawson,-32.92182163333333,-60.66940076666666,55.0,538.0,Municipio Rosario,Municipio,Rosario,820210,Servicio de Catastro e Información Territorial,IGN
2015,1393,2015-03-28,Sabado,0.0,20:15:00,,0.0,2,"Moto/Ciclomotor,Bicicleta",J.J.Paso Y P.L.Funes,2,1,1,0,0,0,0,,Calle,,ROSARIO,Rosario,Asfalto,S/D,II,Dentro,Urbana,Ninguna,S/D,Recta,Bueno,S/D,Nocturna,Buen Tiempo,S/D,S/D,Atropello,S/D,Faltante,Ninguna,S/D,POINT (-60.7019811 -32.9199072),"['Paso', 'Funes']",2,Avenida Juan José Paso; Deán Gregorio Funes,-32.9199072,-60.7019811,55.0,538.0,Municipio Rosario,Municipio,Rosario,820210,Servicio de Catastro e Información Territorial,IGN
2015,1396,2015-03-01,Domingo,0.0,03:15:00,,0.0,2,"Automóvil,Automóvil",Alberdi Y Gorriti,2,1,0,0,1,0,0,,Calle,,ROSARIO,Rosario,Asfalto,S/D,II,Dentro,Urbana,S/D,S/D,Intersección,S/D,S/D,Nocturna,S/D,S/D,S/D,Colisión,S/D,S/D,S/D,S/D,POINT (-60.6790462 -32.923453200000004),"['Alberdi', 'Gorriti']",2,Avenida Alberdi; Gorriti,-32.923453200000004,-60.6790462,55.0,538.0,Municipio Rosario,Municipio,Rosario,820210,Servicio de Catastro e Información Territorial,IGN
2015,1400,2015-03-30,Lunes,0.0,21:00:00,,0.0,2,"Moto/Ciclomotor,Automóvil",White 7600,2,1,0,0,0,0,1,,Calle,,ROSARIO,Rosario,Asfalto,No existe,II,S/D,Urbana,Ninguna,No existe,S/D,Bueno,Buena,Nocturna,Buen Tiempo,Lateral,S/D,Colisión,Ninguna,Faltante,S/D,Sin restricción,"-32.9419057, -60.7245921",['White 7600'],1,White 7600,-32.9419057,-60.7245921,55.0,538.0,Municipio Rosario,Municipio,Rosario,820210,Servicio de Catastro e Información Territorial,IGN
2015,1403,2015-03-04,Miercoles,0.0,20:00:00,,0.0,2,"Peatón,Automóvil",Junin Y Camilo Aldao Bis,2,1,0,0,1,0,0,,Calle,,ROSARIO,Rosario,Asfalto,S/D,II,Dentro,Urbana,Semáforo,S/D,Recta,S/D,S/D,Atardecer,S/D,Frontal,S/D,Atropello,S/D,S/D,S/D,Sin restricción,POINT (-60.6964648 -32.9271327),"['Junín', 'Camilo Aldao']",2,Junín; Camilo Aldao,-32.9271327,-60.6964648,55.0,538.0,Municipio Rosario,Municipio,Rosario,820210,Servicio de Catastro e Información Territorial,IGN
2015,1405,2015-03-16,Lunes,0.0,20:30:00,,0.0,2,"Automóvil,Moto/Ciclomotor",Junin Y Tte.Agneta,2,1,0,0,1,0,0,,Calle,,ROSARIO,Rosario,S/D,No existe,II,Dentro,Urbana,S/D,S/D,Intersección,S/D,Reducida,Nocturna,S/D,Lateral,S/D,Colisión,S/D,Faltante,Ninguna,Sin restricción,POINT (-60.70033130000001 -32.9272405),"['Junín', 'Teniente Agneta']",2,Junín; Teniente Agneta,-32.9272405,-60.70033130000001,55.0,538.0,Municipio Rosario,Municipio,Rosario,820210,Servicio de Catastro e Información Territorial,IGN
2015,1406,2015-03-27,Viernes,0.0,12:30:00,,0.0,2,"Peatón,Pickup/Utilitario",Av. Eva Peron Y Tarragona,2,1,0,0,1,0,0,,Avenida,,ROSARIO,Rosario,Asfalto,S/D,II,S/D,Urbana,S/D,S/D,Recta,Bueno,Buena,Diurna,S/D,S/D,S/D,Colisión,S/D,S/D,S/D,S/D,POINT (-60.73447485 -32.9291379),"['Avenida Eva Perón', 'Tarragona']",2,Avenida Eva Perón; Tarragona,-32.9291379,-60.73447485,55.0,538.0,Municipio Rosario,Municipio,Rosario,820210,Servicio de Catastro e Información Territorial,IGN
2015,1407,2015-03-10,Martes,0.0,17:00:00,,0.0,2,"Moto/Ciclomotor,Peatón",White 7500,2,2,0,0,0,0,0,,Calle,,ROSARIO,Rosario,Asfalto,Natural,II,Fuera,Urbana,S/D,No existe,S/D,Bueno,Buena,Amanecer,S/D,S/D,S/D,Atropello,Ninguna,Faltante,S/D,S/D,"-32.9418643, -60.7232279",['White 7500'],1,White 7500,-32.9418643,-60.7232279,55.0,538.0,Municipio Rosario,Municipio,Rosario,820210,Servicio de Catastro e Información Territorial,IGN
2015,1409,2015-03-10,Martes,0.0,19:30:00,,0.0,2,"Automóvil,Moto/Ciclomotor",Mendoza Y Donado,3,1,0,0,2,0,0,,Calle,,ROSARIO,Rosario,Asfalto,Pavimento,II,S/D,Urbana,Ninguna,Funciona,S/D,Bueno,Buena,Diurna,Buen Tiempo,Lateral,S/D,Colisión,Agua,Faltante,S/D,Sin restricción,POINT (-60.7269807 -32.94063034999999),"['Mendoza', 'Donado']",2,Mendoza; José Agustín Donado,-32.94063034999999,-60.7269807,55.0,538.0,Municipio Rosario,Municipio,Rosario,820210,Servicio de Catastro e Información Territorial,IGN
2015,1410,2015-03-20,Viernes,0.0,10:00:00,,0.0,2,"Automóvil,Peatón",Comenius Y Gonzalez del Solar,2,1,0,0,1,0,0,,Calle,,ROSARIO,Rosario,Asfalto,S/D,II,Dentro,Urbana,Otra Señal,S/D,Intersección,S/D,S/D,Diurna,S/D,S/D,S/D,Colisión,S/D,S/D,Ninguna,S/D,POINT (-60.7369257 -32.9268789),"['Comenius', 'González del Solar']",2,Comenius; González del Solar,-32.9268789,-60.7369257,55.0,538.0,Municipio Rosario,Municipio,Rosario,820210,Servicio de Catastro e Información Territorial,IGN
2015,1411,2015-03-05,Jueves,0.0,,,0.0,2,"Peatón,Moto/Ciclomotor",Olavarria Bis Y Pje. Pelayo,3,1,0,0,2,0,0,,Calle,,ROSARIO,Rosario,Asfalto,No existe,II,Dentro,Urbana,S/D,No existe,Recta,Bueno,Buena,Diurna,Buen Tiempo,Lateral,S/D,Colisión,S/D,Faltante,S/D,Sin restricción,POINT (-60.704401 -32.9193996),"['Olavarría', 'Pelayo']",2,Olavarría; Pelayo,-32.9193996,-60.704401,55.0,538.0,Municipio Rosario,Municipio,Rosario,820210,Servicio de Catastro e Información Territorial,IGN
2015,1412,2015-03-13,Viernes,0.0,11:00:00,,0.0,2,"Pickup/Utilitario,Moto/Ciclomotor",Santa Fe Y J.Colombres,2,1,0,0,1,0,0,,Calle,,ROSARIO,Rosario,Asfalto,S/D,II,S/D,Urbana,Ninguna,No existe,S/D,Bueno,Buena,Diurna,Buen Tiempo,Lateral,S/D,Colisión,Ninguna,Faltante,S/D,Sin restricción,POINT (-60.72951069999999 -32.93617999999999),"['Santa Fe', 'José Colombres']",2,Santa Fe; José Colombres,-32.93617999999999,-60.72951069999999,55.0,538.0,Municipio Rosario,Municipio,Rosario,820210,Servicio de Catastro e Información Territorial,IGN
2015,1416,2015-03-12,Jueves,0.0,,,0.0,2,"Tren,Peatón",P.Araoz ,3,0,1,0,2,0,0,,Calle,,ROSARIO,Rosario,S/D,No existe,II,Dentro,Urbana,Señal Pare,Funciona,Paso a Nivel FFCC,S/D,S/D,S/D,S/D,Otro,S/D,Atropello,S/D,"Horizontal,Vertical",S/D,S/D,"-32.8896787, -60.6977043",['P Araoz'],1,P Araoz,-32.8896787,-60.6977043,55.0,538.0,Municipio Rosario,Municipio,Rosario,820210,Servicio de Catastro e Información Territorial,IGN
2015,1417,2015-03-21,Sabado,0.0,20:30:00,,0.0,2,"Automóvil,Moto/Ciclomotor",Av. Provincias Unidas Y Juan B.De La Salle,3,1,0,0,2,0,0,,Avenida,,ROSARIO,Rosario,Asfalto,S/D,II,Dentro,Urbana,S/D,S/D,Intersección,Bueno,S/D,Nocturna,S/D,S/D,S/D,Colisión,Otro,S/D,S/D,S/D,POINT (-60.713383699999994 -32.922501100000005),"['Avenida Provincias Unidas', 'De La Salle']",2,Avenida Provincias Unidas; De La Salle,-32.922501100000005,-60.7133837,55.0,538.0,Municipio Rosario,Municipio,Rosario,820210,Servicio de Catastro e Información Territorial,IGN
2015,1418,2015-03-25,Miercoles,0.0,,,0.0,2,"Moto/Ciclomotor,Automóvil",Tte.Agneta Y Gorriti,2,1,0,0,1,0,0,,Calle,,ROSARIO,Rosario,S/D,No existe,II,S/D,Urbana,S/D,No existe,Intersección,S/D,S/D,S/D,S/D,Lateral,S/D,Colisión,S/D,Faltante,Ninguna,Sin restricción,POINT (-60.7004582 -32.92401259999999),"['Teniente Agneta', 'Gorriti']",2,Teniente Agneta; Gorriti,-32.92401259999999,-60.7004582,55.0,538.0,Municipio Rosario,Municipio,Rosario,820210,Servicio de Catastro e Información Territorial,IGN
2015,1420,2015-03-21,Sabado,0.0,04:30:00,,0.0,2,"Moto/Ciclomotor,Otros",Humberto I Y Carriego,3,2,0,0,0,0,1,,Calle,,ROSARIO,Rosario,Asfalto,No existe,II,S/D,Urbana,S/D,No existe,Intersección,Bueno,Reducida,Nocturna,S/D,De alcance,S/D,Colisión,S/D,S/D,S/D,S/D,POINT (-60.6874527 -32.9298039),"['Humberto', 'Carriego']",2,Humberto Primero; Carriego,-32.9298039,-60.6874527,55.0,538.0,Municipio Rosario,Municipio,Rosario,820210,Servicio de Catastro e Información Territorial,IGN
2015,1853,2015-04-17,Viernes,0.0,18:40:00,,0.0,2,"Moto/Ciclomotor,Automóvil",Av. Ovidio Lagos Y Hilarion de la Quintana,2,1,0,0,1,0,0,,Avenida,,ROSARIO,Rosario,Asfalto,Pavimento,II,Dentro,Urbana,Semáforo,Funciona,Intersección,Bueno,Buena,Diurna,Buen Tiempo,De alcance,S/D,Colisión,S/D,Vertical,Ninguna,Sin restricción,POINT (-60.675724633333324 -33.00178723333334),"['Avenida Ovidio Lagos', 'Hilarión de la Quintana']",2,Avenida Ovidio Lagos; Hilarión de la Quintana,-33.00178723333334,-60.67572463333333,55.0,538.0,Municipio Rosario,Municipio,Rosario,820210,Servicio de Catastro e Información Territorial,IGN
2015,1854,2015-04-21,Martes,0.0,09:40:00,,0.0,2,"Peatón,Automóvil",Gaboto Y Londres,2,1,0,0,1,0,0,,Calle,,ROSARIO,Rosario,Asfalto,No existe,II,S/D,Urbana,Ninguna,No existe,Intersección,Bueno,Buena,Diurna,Buen Tiempo,S/D,S/D,Atropello,Ninguna,Faltante,Cordón divisorio,Sin restricción,POINT (-60.669577 -32.9689332),"['Gaboto', 'Londres']",2,Gaboto; Londres,-32.9689332,-60.669577,55.0,538.0,Municipio Rosario,Municipio,Rosario,820210,Servicio de Catastro e Información Territorial,IGN
2015,1855,2015-04-01,Miercoles,0.0,10:30:00,,0.0,2,"Bicicleta,Automóvil",Av. Battle y Ordoñez Y Entre Rios,2,1,0,0,1,0,0,,Avenida,,ROSARIO,Rosario,Asfalto,No existe,II,S/D,Urbana,Ninguna,No existe,Recta,Bueno,Buena,Diurna,Otro,S/D,S/D,Atropello,S/D,Horizontal,Cordón divisorio,Desvío Provisorio,POINT (-60.651645650000006 -33.00894785),"['Avenida Battle y Ordoñez', 'Entre Ríos']",2,Avenida Battle y Ordoñez; Entre Ríos,-33.00894785,-60.651645650000006,55.0,538.0,Municipio Rosario,Municipio,Rosario,820210,Servicio de Catastro e Información Territorial,IGN
2015,1856,2015-04-16,Jueves,0.0,20:30:00,,0.0,2,"Automóvil,Moto/Ciclomotor",Reconquista Y Dr.Victor Cue Bis,3,2,0,0,1,0,0,,Calle,,ROSARIO,Rosario,Asfalto,No existe,II,S/D,Urbana,Ninguna,No existe,Recta,Bueno,Buena,Nocturna,Buen Tiempo,De alcance,S/D,Colisión,S/D,S/D,Ninguna,Sin restricción,POINT (-60.69710369999999 -32.9185193),"['Reconquista', 'Victor Cue']",2,Reconquista; Victor Cue,-32.9185193,-60.69710369999999,55.0,538.0,Municipio Rosario,Municipio,Rosario,820210,Servicio de Catastro e Información Territorial,IGN
2015,1857,2015-04-09,Jueves,0.0,21:00:00,,0.0,2,"Peatón,Moto/Ciclomotor",Alsina Y Centeno,2,0,1,0,1,0,0,,Calle,,ROSARIO,Rosario,Tierra,No existe,II,Dentro,Urbana,Ninguna,No existe,Intersección,Deteriorada,Buena,Nocturna,Buen Tiempo,S/D,S/D,Atropello,Ninguna,Faltante,Ninguna,Sin restricción,POINT (-60.6860877 -32.97796689999999),"['Alsina', 'Centeno']",2,Alsina; Coronel Centeno,-32.97796689999999,-60.6860877,55.0,538.0,Municipio Rosario,Municipio,Rosario,820210,Servicio de Catastro e Información Territorial,IGN
2015,1858,2015-04-03,Viernes,0.0,13:50:00,,0.0,2,"Moto/Ciclomotor,Automóvil",Bv. Avellaneda Y Albert Sabin,2,1,0,0,1,0,0,,Calle,,ROSARIO,Rosario,Asfalto,S/D,II,S/D,Urbana,S/D,S/D,Intersección,S/D,S/D,Diurna,S/D,S/D,S/D,Colisión,S/D,S/D,S/D,S/D,POINT (-60.67658666 -32.928876499999994),"['Avellaneda', 'Avenida Travesía Albert Sabin']",2,Bulevar Nicolás Avellaneda; Avenida Travesía Albert Sabin,-32.928876499999994,-60.67658666,55.0,538.0,Municipio Rosario,Municipio,Rosario,820210,Servicio de Catastro e Información Territorial,IGN
2015,1859,2015-04-17,Viernes,0.0,20:15:00,,0.0,2,"Automóvil,Moto/Ciclomotor",J.J.Paso Y Larrea,2,1,0,0,1,0,0,,S/D,,ROSARIO,Rosario,Asfalto,No existe,II,S/D,S/D,Ninguna,No existe,Recta,Bueno,Buena,Nocturna,Buen Tiempo,De alcance,S/D,Colisión,S/D,S/D,Ninguna,Sin restricción,POINT (-60.69799725 -32.91979094999999),"['Paso', 'Larrea']",2,Avenida Juan José Paso; Larrea,-32.91979094999999,-60.69799725,55.0,538.0,Municipio Rosario,Municipio,Rosario,820210,Servicio de Catastro e Información Territorial,IGN
2015,1860,2015-04-29,Miercoles,0.0,19:15:00,,0.0,2,"Automóvil,Bicicleta",Mendoza 4100,2,1,0,0,1,0,0,,Calle,,ROSARIO,Rosario,Asfalto,S/D,II,Dentro,Urbana,S/D,S/D,S/D,S/D,S/D,Atardecer,S/D,S/D,S/D,Atropello,S/D,S/D,S/D,S/D,"-32.94421, -60.6801677",['Mendoza 4100'],1,Mendoza 4100,-32.94421,-60.6801677,55.0,538.0,Municipio Rosario,Municipio,Rosario,820210,Servicio de Catastro e Información Territorial,IGN
2015,1861,2015-04-19,Domingo,0.0,07:40:00,,0.0,2,"Automóvil,Automóvil",Rep.Dominicana Y Velez Sarsfield,3,1,0,0,1,0,1,,Calle,,ROSARIO,Rosario,Asfalto,S/D,II,S/D,Urbana,S/D,S/D,Intersección,S/D,S/D,Diurna,S/D,S/D,S/D,Colisión,S/D,S/D,S/D,S/D,POINT (-60.6895904 -32.9252337),"['República Dominicana', 'Vélez Sarsfield']",2,República Dominicana; Vélez Sarsfield,-32.9252337,-60.6895904,55.0,538.0,Municipio Rosario,Municipio,Rosario,820210,Servicio de Catastro e Información Territorial,IGN
2015,1862,2015-03-29,Domingo,0.0,09:15:00,,0.0,1,Transporte de Pasajeros Urbano (> 8 asientos),Av. Battle y Ordoñez Y Entre Rios,3,2,0,0,1,0,0,,Avenida,,ROSARIO,Rosario,Asfalto,No existe,II,S/D,Urbana,Ninguna,No existe,Recta,Bueno,Buena,Diurna,S/D,Contra objeto fijo,S/D,Colisión,S/D,Horizontal,Cordón divisorio,Desvío Provisorio,POINT (-60.651645650000006 -33.00894785),"['Avenida Battle y Ordoñez', 'Entre Ríos']",2,Avenida Battle y Ordoñez; Entre Ríos,-33.00894785,-60.651645650000006,55.0,538.0,Municipio Rosario,Municipio,Rosario,820210,Servicio de Catastro e Información Territorial,IGN
2015,1863,2015-04-27,Lunes,0.0,21:30:00,,0.0,2,"Peatón,Automóvil",Av. Battle y Ordoñez Y Balcarce,2,1,0,0,1,0,0,,Avenida,,ROSARIO,Rosario,Asfalto,Pavimento,II,Dentro,Urbana,Ninguna,Funciona,Intersección,Bueno,Buena,Nocturna,Buen Tiempo,S/D,S/D,Atropello,S/D,S/D,Ninguna,Sin restricción,POINT (-60.66308240000001 -33.009310600000006),"['Avenida Battle y Ordoñez', 'Balcarce']",2,Avenida Battle y Ordoñez; Balcarce,-33.009310600000006,-60.66308240000001,55.0,538.0,Municipio Rosario,Municipio,Rosario,820210,Servicio de Catastro e Información Territorial,IGN
2015,1864,2015-04-18,Sabado,0.0,15:20:00,,0.0,2,"Moto/Ciclomotor,Bicicleta",J.B.Justo Y Cullen,2,1,0,0,1,0,0,,S/D,,ROSARIO,Rosario,Asfalto,No existe,II,S/D,Urbana,Ninguna,No existe,Recta,Bueno,Buena,Diurna,Buen Tiempo,S/D,S/D,Atropello,S/D,S/D,Ninguna,Sin restricción,POINT (-60.7094288 -32.9333373),"['Justo', 'Cullen']",2,"('Justo José de Urquiza', 'Cullen')",-32.9333373,-60.7094288,55.0,538.0,Municipio Rosario,Municipio,Rosario,820210,Servicio de Catastro e Información Territorial,IGN
2015,1865,2015-04-28,Martes,0.0,15:30:00,,0.0,2,"Moto/Ciclomotor,Automóvil",Junin Y Echeverria Bis,3,0,0,0,0,0,3,,S/D,,ROSARIO,Rosario,Asfalto,S/D,II,S/D,Urbana,S/D,S/D,Intersección,S/D,Buena,Diurna,Buen Tiempo,Lateral,S/D,Caída ocupante,S/D,S/D,Ninguna,S/D,POINT (-60.67208925 -32.926587399999995),"['Junín', 'Echeverría']",2,Junín; Echeverría,-32.926587399999995,-60.67208925,55.0,538.0,Municipio Rosario,Municipio,Rosario,820210,Servicio de Catastro e Información Territorial,IGN
2015,1867,2015-04-08,Miercoles,0.0,20:05:00,,0.0,2,"Pickup/Utilitario,Bicicleta",Maestro Massa Y Ing.Laporte,3,1,0,0,2,0,0,,Calle,,ROSARIO,Rosario,Asfalto,No existe,II,Dentro,Urbana,Ninguna,No existe,Intersección,Bueno,Buena,"Nocturna,Con luz artificial",Buen Tiempo,S/D,S/D,Atropello,S/D,Faltante,Ninguna,Sin restricción,POINT (-60.69546329999999 -32.8740292),"['Maestro Massa', 'Ingeniero Laporte']",2,Maestro Massa; Ingeniero Laporte,-32.8740292,-60.69546329999999,55.0,538.0,Municipio Rosario,Municipio,Rosario,820210,Servicio de Catastro e Información Territorial,IGN
2015,1868,2015-04-06,Lunes,0.0,18:20:00,,0.0,3,"Automóvil,Automóvil,Automóvil",Bv. Avellaneda Y Albert Sabin,3,1,0,0,1,0,1,,Calle,,ROSARIO,Rosario,Asfalto,S/D,II,S/D,Urbana,S/D,S/D,Intersección,S/D,S/D,Diurna,S/D,S/D,S/D,Colisión,S/D,S/D,S/D,S/D,POINT (-60.67658666 -32.928876499999994),"['Avellaneda', 'Avenida Travesía Albert Sabin']",2,Bulevar Nicolás Avellaneda; Avenida Travesía Albert Sabin,-32.928876499999994,-60.67658666,55.0,538.0,Municipio Rosario,Municipio,Rosario,820210,Servicio de Catastro e Información Territorial,IGN
2015,1870,2015-04-28,Martes,0.0,21:30:00,,0.0,2,"Automóvil,Moto/Ciclomotor",Pje. Pelayo Y Olavarria Bis,3,2,0,0,1,0,0,,Calle,,ROSARIO,Rosario,Asfalto,No existe,II,S/D,Urbana,Ninguna,No existe,Recta,Bueno,Buena,Nocturna,Buen Tiempo,De alcance,S/D,Colisión,S/D,S/D,Ninguna,Sin restricción,POINT (-60.704401 -32.9193996),"['Pelayo', 'Olavarría']",2,Pelayo; Olavarría,-32.9193996,-60.704401,55.0,538.0,Municipio Rosario,Municipio,Rosario,820210,Servicio de Catastro e Información Territorial,IGN
2015,1872,2015-04-06,Lunes,0.0,09:25:00,,0.0,1,Moto/Ciclomotor,España Y Av. Circunvalacion,2,2,0,0,0,0,0,,Calle,,ROSARIO,Rosario,Asfalto,S/D,II,Dentro,Urbana,Ninguna,No existe,Recta,Bueno,Buena,Diurna,S/D,S/D,S/D,Colisión,Ninguna,Faltante,S/D,Sin restricción,POINT (-60.65680843645818 -33.016017846657775),"['España', 'Circunvalacion']",2,España; Avenida de Circunvalación 25 de Mayo,-33.016017846657775,-60.65680843645818,55.0,538.0,Municipio Rosario,Municipio,Rosario,820210,Servicio de Catastro e Información Territorial,IGN