anio_acci,nro_acci,fecha,desc_dia,fecha_aprox,hora_aprox,desc_ruta,km,cant_participantes,desc_participante,calle_avenida_km,total,heridos_leves,heridos_graves,heridos_gravisimos,ilesos,fallecidos,sin_datos,posicion_XY,desc_tipo_via,desc_ruta_ori,desc_loc,desc_dpto,desc_tipo_calzada,desc_tipo_banquina,desc_unidad_regional,desc_lugar_calzada,desc_zona,desc_prioridad,desc_estado_semaforo,desc_lugar_via,desc_estado_via,desc_estado_visibilidad,desc_luminosidad,desc_estado_clima,desc_tipo_colision,desc_tipo_atropello,desc_tipo_hecho,desc_pres_calzada,desc_senializacion,desc_separacion_via,desc_restriccion,forma_geocod,calle_lista,numero_calles,calles_osm,lat,lon,index_right,gid,fna,gna,nam,in1,fdc,sag
2015,1873,2015-04-13,Lunes,0.0,14:20:00,,0.0,2,"Automóvil,Camión",Albert Sabin Y Velez Sarsfield,3,2,0,0,1,0,0,,Calle,,ROSARIO,Rosario,Asfalto,S/D,II,S/D,Urbana,S/D,S/D,Intersección,S/D,S/D,Diurna,S/D,S/D,S/D,Colisión,S/D,S/D,S/D,S/D,POINT (-60.6821659 -32.92505235),"['Avenida Travesía Albert Sabin', 'Vélez Sarsfield']",2,Avenida Travesía Albert Sabin; Vélez Sarsfield,-32.92505235,-60.6821659,55.0,538.0,Municipio Rosario,Municipio,Rosario,820210,Servicio de Catastro e Información Territorial,IGN
2015,1874,2015-04-01,Miercoles,0.0,14:00:00,,0.0,1,Moto/Ciclomotor,Av. Ntra.Sra.del Rosario Y Av. Circunvalacion,2,2,0,0,0,0,0,,Avenida,,ROSARIO,Rosario,Asfalto,Pavimento,II,S/D,Urbana,Marca Vial,No existe,Pendiente,Bueno,S/D,Diurna,S/D,Otro,S/D,Caída ocupante,S/D,Horizontal,Guardarrail,Sin restricción,POINT (-60.7004962 -32.87286534999999),"['Nuestra Señora del Rosario', 'Circunvalacion']",2,"('Puente Nuestra Señora del Rosario', 'Avenida de Circunvalación 25 de Mayo')",-32.87286534999999,-60.7004962,55.0,538.0,Municipio Rosario,Municipio,Rosario,820210,Servicio de Catastro e Información Territorial,IGN
2015,1876,2015-03-30,Lunes,0.0,09:25:00,,0.0,2,"Moto/Ciclomotor,Camión",Av. Arijon Y San Martin,2,1,0,0,1,0,0,,Calle,,ROSARIO,Rosario,Asfalto,No existe,II,Dentro,Urbana,Ninguna,Funciona,Recta,Bueno,Buena,Atardecer,Otro,Contra objeto fijo,S/D,"Caída ocupante,Colisión",Ninguna,Vertical,Línea divisoria pintada,Sin restricción,POINT (-60.649363550000004 -33.003052149999995),"['Avenida Manuel Arijón', 'San Martin']",2,Avenida Manuel Arijón; José de San Martín,-33.003052149999995,-60.64936355,55.0,538.0,Municipio Rosario,Municipio,Rosario,820210,Servicio de Catastro e Información Territorial,IGN
2015,1877,2015-04-11,Sabado,0.0,12:00:00,,0.0,2,"Peatón,Pickup/Utilitario",Cabildo 600,2,1,0,0,1,0,0,,Calle,,ROSARIO,Rosario,Asfalto,No existe,II,Dentro,Urbana,Ninguna,No existe,Recta,Bueno,Buena,Diurna,S/D,S/D,S/D,Atropello,Ninguna,Horizontal,Ninguna,Sin restricción,"-33.0070905, -60.6400185",['Cabildo 600'],1,Cabildo 600,-33.0070905,-60.6400185,55.0,538.0,Municipio Rosario,Municipio,Rosario,820210,Servicio de Catastro e Información Territorial,IGN
2015,1878,2015-04-09,Jueves,0.0,17:30:00,,0.0,2,"Automóvil,Moto/Ciclomotor",Av. Sorrento Y Av. Circunvalacion,2,1,0,0,1,0,0,,Avenida,,ROSARIO,Rosario,Asfalto,No existe,II,S/D,Urbana,S/D,No existe,Recta,Con baches,Buena,Diurna,S/D,S/D,S/D,S/D,S/D,S/D,S/D,S/D,POINT (-60.72270983333334 -32.90836276666666),"['Sorrento', 'Circunvalacion']",2,"('Avenida Sorrento', 'Juan Pablo II')",-32.90836276666666,-60.72270983333334,55.0,538.0,Municipio Rosario,Municipio,Rosario,820210,Servicio de Catastro e Información Territorial,IGN
2015,1879,2015-04-04,Sabado,0.0,11:30:00,,0.0,2,"Moto/Ciclomotor,Automóvil",Av. Ovidio Lagos ,2,1,0,0,1,0,0,,Avenida,,ROSARIO,Rosario,Asfalto,Pavimento,II,Dentro,Urbana,Semáforo,Funciona,Intersección,Bueno,Buena,Diurna,Buen Tiempo,De alcance,S/D,Colisión,S/D,Vertical,Ninguna,Sin restricción,"-32.9535331, -60.6642762",['Avenida Ovidio Lagos'],1,Avenida Ovidio Lagos,-32.9535331,-60.6642762,55.0,538.0,Municipio Rosario,Municipio,Rosario,820210,Servicio de Catastro e Información Territorial,IGN
2015,1880,2015-04-24,Viernes,0.0,11:30:00,,0.0,2,"Automóvil,Automóvil",Maipu 1700,2,1,0,0,1,0,0,,S/D,,ROSARIO,Rosario,Asfalto,No existe,II,Dentro,Urbana,Ninguna,No existe,Recta,Bueno,Buena,Diurna,Buen Tiempo,De alcance,S/D,Colisión,Ninguna,Faltante,S/D,Sin restricción,"-32.958084150000005, -60.6379396503916",['Maipu 1700'],1,Maipu 1700,-32.958084150000005,-60.6379396503916,55.0,538.0,Municipio Rosario,Municipio,Rosario,820210,Servicio de Catastro e Información Territorial,IGN
2015,1882,2015-04-24,Viernes,0.0,17:40:00,,0.0,2,"Moto/Ciclomotor,Automóvil",Bv. 27 De Febrero Y Esmeralda,3,2,0,0,1,0,0,,Avenida,,ROSARIO,Rosario,Asfalto,No existe,II,Dentro,Urbana,Ninguna,No existe,Intersección,Bueno,Buena,Diurna,Buen Tiempo,Lateral,S/D,Colisión,Ninguna,Faltante,Cordón divisorio,Sin restricción,POINT (-60.62677386666667 -32.97061539999999),"['27 de Febrero', 'Esmeralda']",2,Bulevar 27 de Febrero; Esmeralda,-32.97061539999999,-60.62677386666667,55.0,538.0,Municipio Rosario,Municipio,Rosario,820210,Servicio de Catastro e Información Territorial,IGN
2015,1884,2015-04-21,Martes,0.0,14:30:00,,0.0,1,Taxi/Remis,J.M.de Rosas Y Pasco,2,1,0,0,1,0,0,,Calle,,ROSARIO,Rosario,Asfalto,No existe,II,Dentro,Urbana,Ninguna,No existe,Intersección,Bueno,Buena,Diurna,Buen Tiempo,Contra objeto fijo,S/D,Colisión,Ninguna,Faltante,Ninguna,Sin restricción,POINT (-60.6345711 -32.960813500000015),"['De Rosas', 'Pasco']",2,Juan Manuel de Rosas; Pasco,-32.960813500000015,-60.6345711,55.0,538.0,Municipio Rosario,Municipio,Rosario,820210,Servicio de Catastro e Información Territorial,IGN
2015,1885,2015-04-09,Jueves,0.0,19:30:00,,0.0,2,"Taxi/Remis,Peatón",Larrea Y J.J.Paso,2,1,0,0,0,0,1,,S/D,,ROSARIO,Rosario,Asfalto,S/D,II,S/D,Urbana,S/D,S/D,Recta,Bueno,S/D,S/D,S/D,S/D,S/D,Atropello,S/D,S/D,S/D,S/D,POINT (-60.69799725 -32.91979094999999),"['Larrea', 'Paso']",2,Larrea; Avenida Juan José Paso,-32.91979094999999,-60.69799725,55.0,538.0,Municipio Rosario,Municipio,Rosario,820210,Servicio de Catastro e Información Territorial,IGN
2015,1886,2015-04-11,Sabado,0.0,18:10:00,,0.0,2,"Moto/Ciclomotor,Automóvil",Leiva Y Av. Battle y Ordoñez,2,1,0,0,1,0,0,,Calle,,ROSARIO,Rosario,Asfalto,No existe,II,S/D,Urbana,Ninguna,No existe,Intersección,Bueno,Buena,Diurna,S/D,Lateral,S/D,Colisión,S/D,S/D,Ninguna,S/D,POINT (-60.6376619 -33.008610899999994),"['Leiva', 'Avenida Battle y Ordoñez']",2,Julián de Leiva; Avenida Battle y Ordoñez,-33.008610899999994,-60.6376619,55.0,538.0,Municipio Rosario,Municipio,Rosario,820210,Servicio de Catastro e Información Territorial,IGN
2015,1887,2015-04-11,Sabado,0.0,,,0.0,2,"Peatón,Otros",J.B.Justo Y Cullen,2,1,0,0,0,0,1,,S/D,,ROSARIO,Rosario,S/D,S/D,II,S/D,Urbana,S/D,S/D,S/D,S/D,S/D,S/D,S/D,S/D,S/D,Atropello,S/D,S/D,S/D,S/D,POINT (-60.7094288 -32.9333373),"['Justo', 'Cullen']",2,"('Justo José de Urquiza', 'Cullen')",-32.9333373,-60.7094288,55.0,538.0,Municipio Rosario,Municipio,Rosario,820210,Servicio de Catastro e Información Territorial,IGN
2015,1888,2015-04-14,Martes,0.0,17:00:00,,0.0,2,"Moto/Ciclomotor,Automóvil",Av. Bermudez Y Anchorena,3,2,0,0,1,0,0,,Calle,,ROSARIO,Rosario,Asfalto,No existe,II,S/D,Urbana,Ninguna,No existe,Intersección,Bueno,Buena,Diurna,Buen Tiempo,Lateral,S/D,Colisión,S/D,S/D,Ninguna,Sin restricción,POINT (-60.642757100000004 -32.9975989),"['Bermudez', 'Anchorena']",2,Avenida José Bermúdez; Tomás de Anchorena,-32.9975989,-60.6427571,55.0,538.0,Municipio Rosario,Municipio,Rosario,820210,Servicio de Catastro e Información Territorial,IGN
2015,1889,2015-04-17,Viernes,0.0,14:50:00,,0.0,2,"Moto/Ciclomotor,Automóvil",Bv. Oroño Y Anchorena,2,1,0,0,1,0,0,,Calle,,ROSARIO,Rosario,Asfalto,Pavimento,II,Dentro,Urbana,Ninguna,S/D,Intersección,Bueno,Buena,Diurna,Buen Tiempo,Lateral,S/D,Colisión,S/D,S/D,Ninguna,Sin restricción,POINT (-60.665221900000006 -32.99827205),"['Bulevar Nicasio Oroño', 'Anchorena']",2,Bulevar Nicasio Oroño; Tomás de Anchorena,-32.99827205,-60.665221900000006,55.0,538.0,Municipio Rosario,Municipio,Rosario,820210,Servicio de Catastro e Información Territorial,IGN
2015,1890,2015-04-16,Jueves,0.0,22:50:00,,0.0,2,"Automóvil,Moto/Ciclomotor",Junin Y Falucho Bis,2,1,0,0,1,0,0,,Calle,,ROSARIO,Rosario,Asfalto,S/D,II,S/D,Urbana,S/D,S/D,Intersección,S/D,S/D,S/D,S/D,S/D,S/D,Colisión,S/D,S/D,S/D,S/D,POINT (-60.67066385 -32.9265549),"['Junín', 'Falucho']",2,Junín; Falucho,-32.9265549,-60.67066385,55.0,538.0,Municipio Rosario,Municipio,Rosario,820210,Servicio de Catastro e Información Territorial,IGN
2015,1891,2015-04-19,Domingo,0.0,12:10:00,,0.0,2,"Bicicleta,Automóvil",Av. Castro Barros Y Sanchez de Bustamante,2,1,0,0,1,0,0,,Calle,,ROSARIO,Rosario,Asfalto,No existe,II,S/D,Urbana,Ninguna,No existe,Intersección,Bueno,Buena,Diurna,S/D,S/D,S/D,Atropello,S/D,S/D,Ninguna,Sin restricción,POINT (-60.6294754 -33.001398),"['Castro Barros', 'Sánchez de Bustamante']",2,Avenida Pedro de Castro Barros; Sánchez de Bustamante,-33.001398,-60.6294754,55.0,538.0,Municipio Rosario,Municipio,Rosario,820210,Servicio de Catastro e Información Territorial,IGN
2015,1893,2015-04-10,Viernes,0.0,13:20:00,,0.0,2,"Automóvil,Moto/Ciclomotor",Albert Sabin Y Cangallo,2,1,0,0,1,0,0,,Calle,,ROSARIO,Rosario,Asfalto,S/D,II,S/D,Urbana,S/D,S/D,Intersección,S/D,S/D,S/D,S/D,S/D,S/D,Colisión,S/D,S/D,S/D,S/D,POINT (-60.67763155 -32.928284899999994),"['Avenida Travesía Albert Sabin', 'Cangallo']",2,Avenida Travesía Albert Sabin; Cangallo,-32.928284899999994,-60.67763155,55.0,538.0,Municipio Rosario,Municipio,Rosario,820210,Servicio de Catastro e Información Territorial,IGN
2015,1894,2015-04-17,Viernes,0.0,07:30:00,,0.0,2,"Automóvil,Camión",Ayacucho Y J.M.Gutierrez,2,1,0,0,1,0,0,,Calle,,ROSARIO,Rosario,Asfalto,No existe,II,Dentro,Urbana,Ninguna,No existe,Recta,Bueno,Buena,Diurna,Lluvia,De alcance,S/D,Colisión,S/D,S/D,Línea divisoria pintada,Sin restricción,POINT (-60.6367712 -32.99364169999999),"['Ayacucho', 'Gutierrez']",2,Ayacucho; Ricardo Gutierrez,-32.99364169999999,-60.6367712,55.0,538.0,Municipio Rosario,Municipio,Rosario,820210,Servicio de Catastro e Información Territorial,IGN
2015,1895,2015-04-09,Jueves,0.0,13:50:00,,0.0,2,"Peatón,Automóvil",Bv. Oroño Y Av. Arijon,2,1,0,0,1,0,0,,Calle,,ROSARIO,Rosario,Asfalto,Pavimento,II,Dentro,Urbana,Ninguna,Funciona,Intersección,Bueno,Buena,Diurna,Buen Tiempo,S/D,S/D,Atropello,S/D,Vertical,Ninguna,Sin restricción,POINT (-60.6650193 -33.003540599999994),"['Bulevar Nicasio Oroño', 'Avenida Manuel Arijón']",2,Bulevar Nicasio Oroño; Avenida Manuel Arijón,-33.003540599999994,-60.6650193,55.0,538.0,Municipio Rosario,Municipio,Rosario,820210,Servicio de Catastro e Información Territorial,IGN
2015,1896,2015-04-03,Viernes,0.0,22:15:00,,0.0,2,"Automóvil,Moto/Ciclomotor",Av. Circunvalacion Y Av. Sorrento,2,1,0,0,1,0,0,,Avenida,,ROSARIO,Rosario,Asfalto,S/D,II,S/D,Urbana,Ninguna,S/D,Recta,Bueno,S/D,S/D,Buen Tiempo,S/D,S/D,Colisión,S/D,Vertical,Ninguna,Sin restricción,POINT (-60.72270983333334 -32.90836276666667),"['Circunvalacion', 'Sorrento']",2,"('Juan Pablo II', 'Avenida Sorrento')",-32.90836276666667,-60.72270983333334,55.0,538.0,Municipio Rosario,Municipio,Rosario,820210,Servicio de Catastro e Información Territorial,IGN
2015,1897,2015-04-23,Jueves,0.0,13:30:00,,0.0,2,"Automóvil,Moto/Ciclomotor",Callao Y Cordoba,2,1,0,0,0,0,1,,Calle,,ROSARIO,Rosario,S/D,S/D,II,Dentro,Urbana,S/D,S/D,S/D,S/D,S/D,S/D,S/D,S/D,S/D,S/D,S/D,S/D,S/D,S/D,POINT (-60.6601292 -32.94251589999998),"['Callao', 'Córdoba']",2,Callao; Córdoba,-32.94251589999998,-60.6601292,55.0,538.0,Municipio Rosario,Municipio,Rosario,820210,Servicio de Catastro e Información Territorial,IGN
2015,1898,2015-04-05,Domingo,0.0,00:50:00,,0.0,2,"Taxi/Remis,Peatón",La Republica Y Olavarria Bis,2,1,0,0,1,0,0,,S/D,,ROSARIO,Rosario,Asfalto,No existe,II,S/D,S/D,Ninguna,No existe,Recta,Bueno,Buena,Nocturna,Buen Tiempo,S/D,S/D,Atropello,S/D,S/D,Ninguna,Sin restricción,POINT (-60.7044404 -32.9183455),"['La República', 'Olavarría']",2,La República; Olavarría,-32.9183455,-60.7044404,55.0,538.0,Municipio Rosario,Municipio,Rosario,820210,Servicio de Catastro e Información Territorial,IGN
2015,1899,2015-04-12,Domingo,0.0,15:00:00,,0.0,2,"Moto/Ciclomotor,Automóvil",Buenos Aires Y Galvez,2,0,1,0,1,0,0,,Calle,,ROSARIO,Rosario,Asfalto,No existe,II,Dentro,Urbana,Ninguna,No existe,Recta,Bueno,Buena,Diurna,Buen Tiempo,De alcance,S/D,Colisión,Ninguna,Faltante,Ninguna,Sin restricción,POINT (-60.63830140000001 -32.9697412),"['Buenos Aires', 'Galvez']",2,Buenos Aires; José Gálvez,-32.9697412,-60.63830140000001,55.0,538.0,Municipio Rosario,Municipio,Rosario,820210,Servicio de Catastro e Información Territorial,IGN
2015,1900,2015-04-01,Miercoles,1.0,,,0.0,2,"Automóvil,Moto/Ciclomotor",J.J.Paso Y Mejico B,2,1,0,0,1,0,0,,S/D,,ROSARIO,Rosario,S/D,S/D,II,S/D,S/D,S/D,S/D,S/D,S/D,S/D,S/D,S/D,S/D,S/D,S/D,S/D,S/D,S/D,S/D,POINT (-60.7193214 -32.920441249999996),"['Paso', 'Mejico']",2,Avenida Juan José Paso; Méjico,-32.92044125,-60.7193214,55.0,538.0,Municipio Rosario,Municipio,Rosario,820210,Servicio de Catastro e Información Territorial,IGN
2015,1901,2015-04-08,Miercoles,0.0,08:00:00,,0.0,2,"Automóvil,Moto/Ciclomotor",Bv. 27 De Febrero Y Colon,2,1,0,0,1,0,0,,Avenida,,ROSARIO,Rosario,Asfalto,No existe,II,Dentro,Urbana,Semáforo,Funciona,Intersección,Bueno,Buena,Diurna,Buen Tiempo,Lateral,S/D,Colisión,Ninguna,Vertical,Cordón divisorio,Sin restricción,POINT (-60.63087325 -32.96985020000001),"['27 de Febrero', 'Colon']",2,Bulevar 27 de Febrero; Cristóbal Colón,-32.96985020000001,-60.63087325,55.0,538.0,Municipio Rosario,Municipio,Rosario,820210,Servicio de Catastro e Información Territorial,IGN
2015,1902,2015-04-08,Miercoles,0.0,06:00:00,,0.0,2,"Moto/Ciclomotor,Taxi/Remis",Catamarca Y Pte.Roca,3,2,0,0,1,0,0,,Calle,,ROSARIO,Rosario,Asfalto,No existe,II,Dentro,Urbana,Ninguna,No existe,Intersección,Bueno,Buena,Diurna,Buen Tiempo,Lateral,S/D,Colisión,S/D,Faltante,Ninguna,Sin restricción,POINT (-60.64362650000001 -32.9393896),"['Catamarca', 'Roca']",2,Catamarca; Presidente Roca,-32.9393896,-60.64362650000001,55.0,538.0,Municipio Rosario,Municipio,Rosario,820210,Servicio de Catastro e Información Territorial,IGN
2015,1904,2015-04-08,Miercoles,0.0,10:10:00,,0.0,2,"Moto/Ciclomotor,Automóvil",Av. Battle y Ordoñez Y Av. Circunvalacion,2,1,0,0,1,0,0,,Avenida,,ROSARIO,Rosario,Asfalto,Pavimento,II,S/D,Urbana,Semáforo,Funciona,Intersección,Bueno,Buena,Diurna,Buen Tiempo,S/D,S/D,Colisión,S/D,Vertical,Ninguna,Sin restricción,POINT (-60.67330510000001 -33.00961959999999),"['Avenida Battle y Ordoñez', 'Circunvalacion']",2,"('Avenida Battle y Ordoñez', 'Juan Pablo II')",-33.00961959999999,-60.67330510000001,55.0,538.0,Municipio Rosario,Municipio,Rosario,820210,Servicio de Catastro e Información Territorial,IGN
2015,1905,2015-04-26,Domingo,0.0,04:35:00,,0.0,2,"Taxi/Remis,Moto/Ciclomotor",San Luis Y Suipacha,4,2,0,0,2,0,0,,Calle,,ROSARIO,Rosario,S/D,S/D,II,Dentro,Urbana,S/D,S/D,S/D,S/D,S/D,Amanecer,S/D,S/D,S/D,Colisión,S/D,S/D,S/D,S/D,POINT (-60.664829000000005 -32.94441909999999),"['San Luis', 'Suipacha']",2,San Luis; Suipacha,-32.94441909999999,-60.664829000000005,55.0,538.0,Municipio Rosario,Municipio,Rosario,820210,Servicio de Catastro e Información Territorial,IGN
2015,1906,2015-04-01,Miercoles,0.0,,,0.0,2,"Moto/Ciclomotor,Pickup/Utilitario",Servando Bayo Y Mendoza,2,1,0,0,1,0,0,,Calle,,ROSARIO,Rosario,S/D,S/D,II,Dentro,Urbana,S/D,S/D,S/D,S/D,S/D,S/D,S/D,S/D,S/D,S/D,S/D,S/D,S/D,S/D,POINT (-60.685855600000004 -32.94326209999999),"['Servando Bayo', 'Mendoza']",2,Servando Bayo; Mendoza,-32.94326209999999,-60.6858556,55.0,538.0,Municipio Rosario,Municipio,Rosario,820210,Servicio de Catastro e Información Territorial,IGN
2015,1907,2015-04-23,Jueves,0.0,16:20:00,,0.0,2,"Moto/Ciclomotor,Automóvil",Italia Y Sanchez de Bustamante,2,1,0,0,1,0,0,,Calle,,ROSARIO,Rosario,Asfalto,S/D,II,Dentro,Urbana,Ninguna,S/D,Recta,Bueno,Buena,Diurna,Buen Tiempo,Lateral,S/D,Colisión,S/D,S/D,Ninguna,Sin restricción,POINT (-60.6591562 -33.00235919999999),"['Italia', 'Sánchez de Bustamante']",2,Italia; Sánchez de Bustamante,-33.00235919999999,-60.6591562,55.0,538.0,Municipio Rosario,Municipio,Rosario,820210,Servicio de Catastro e Información Territorial,IGN
2015,1908,2015-04-14,Martes,0.0,07:15:00,,0.0,2,"Moto/Ciclomotor,Automóvil",Av. Ovidio Lagos Y Av. Battle y Ordoñez,3,2,0,0,1,0,0,,Avenida,,ROSARIO,Rosario,Asfalto,Pavimento,II,Dentro,Urbana,Semáforo,Funciona,Intersección,Bueno,Buena,Diurna,Buen Tiempo,De alcance,S/D,Colisión,S/D,Vertical,Ninguna,Sin restricción,POINT (-60.677360275 -33.009728399999986),"['Avenida Ovidio Lagos', 'Avenida Battle y Ordoñez']",2,Avenida Ovidio Lagos; Avenida Battle y Ordoñez,-33.009728399999986,-60.677360275,55.0,538.0,Municipio Rosario,Municipio,Rosario,820210,Servicio de Catastro e Información Territorial,IGN
2015,1909,2015-04-22,Miercoles,0.0,14:25:00,,0.0,4,"Automóvil,Taxi/Remis,Automóvil,Automóvil",Av. Ovidio Lagos 900,6,0,0,2,4,0,0,,Avenida,,ROSARIO,Rosario,S/D,S/D,II,Dentro,Urbana,S/D,S/D,S/D,S/D,S/D,Diurna,S/D,Múltiple,S/D,Colisión,S/D,S/D,S/D,S/D,"-32.9432748, -60.661768",['Ovidio Lagos 900'],1,Ovidio Lagos 900,-32.9432748,-60.661768,55.0,538.0,Municipio Rosario,Municipio,Rosario,820210,Servicio de Catastro e Información Territorial,IGN
2015,1910,2015-04-06,Lunes,0.0,18:50:00,,0.0,2,"Automóvil,Moto/Ciclomotor",Av. Genova Y Olavarria Bis,2,1,0,0,1,0,0,,S/D,,ROSARIO,Rosario,Asfalto,No existe,II,S/D,Urbana,Ninguna,No existe,Intersección,Bueno,Buena,Amanecer,Buen Tiempo,S/D,S/D,Colisión,S/D,S/D,Ninguna,Sin restricción,POINT (-60.7045378 -32.9157452),"['Genova', 'Olavarría']",2,Avenida Génova; Olavarría,-32.9157452,-60.7045378,55.0,538.0,Municipio Rosario,Municipio,Rosario,820210,Servicio de Catastro e Información Territorial,IGN
2015,1911,2015-04-17,Viernes,0.0,19:50:00,,0.0,2,"Automóvil,Automóvil",Av. Battle y Ordoñez Y Entre Rios,4,2,0,0,2,0,0,,Avenida,,ROSARIO,Rosario,Asfalto,No existe,II,Dentro,Urbana,Ninguna,No existe,Intersección,Bueno,Buena,Atardecer,Otro,Otro,S/D,Colisión,Ninguna,Horizontal,Cordón divisorio,Desvío Provisorio,POINT (-60.651645650000006 -33.00894785),"['Avenida Battle y Ordoñez', 'Entre Ríos']",2,Avenida Battle y Ordoñez; Entre Ríos,-33.00894785,-60.651645650000006,55.0,538.0,Municipio Rosario,Municipio,Rosario,820210,Servicio de Catastro e Información Territorial,IGN
2015,1912,2015-04-19,Domingo,0.0,21:00:00,,0.0,2,"Automóvil,Moto/Ciclomotor",Castellanos Y San Juan,4,2,0,0,2,0,0,,Calle,,ROSARIO,Rosario,S/D,S/D,II,Dentro,Urbana,S/D,S/D,S/D,S/D,S/D,Nocturna,S/D,S/D,S/D,S/D,S/D,S/D,S/D,S/D,POINT (-60.6760251 -32.94355620000001),"['Aaron Castellanos', 'San Juan']",2,Aaron Castellanos; San Juan,-32.94355620000001,-60.6760251,55.0,538.0,Municipio Rosario,Municipio,Rosario,820210,Servicio de Catastro e Información Territorial,IGN
2015,1913,2015-04-23,Jueves,0.0,18:30:00,,0.0,2,"Moto/Ciclomotor,Pickup/Utilitario",Benito Juarez Y Callao,3,2,0,0,1,0,0,,Calle,,ROSARIO,Rosario,Asfalto,Pavimento,II,Dentro,Urbana,Ninguna,No existe,Intersección,Bueno,Buena,Diurna,Buen Tiempo,Lateral,S/D,Colisión,S/D,S/D,Ninguna,Sin restricción,POINT (-60.67221270000001 -32.9936613),"['Benito Juárez', 'Callao']",2,Benito Juárez; Callao,-32.9936613,-60.67221270000001,55.0,538.0,Municipio Rosario,Municipio,Rosario,820210,Servicio de Catastro e Información Territorial,IGN
2015,1914,2015-04-13,Lunes,0.0,07:30:00,,0.0,2,"Bicicleta,Automóvil",San Juan Y Vera Mujica,3,2,0,0,1,0,0,,Calle,,ROSARIO,Rosario,S/D,S/D,II,Dentro,Urbana,S/D,S/D,S/D,S/D,S/D,Diurna,S/D,S/D,S/D,Atropello,S/D,S/D,S/D,S/D,POINT (-60.6678428 -32.94501609999999),"['San Juan', 'Vera Mujíca']",2,San Juan; Vera Mujíca,-32.94501609999999,-60.6678428,55.0,538.0,Municipio Rosario,Municipio,Rosario,820210,Servicio de Catastro e Información Territorial,IGN
2015,1915,2015-04-27,Lunes,0.0,15:00:00,,0.0,2,"Pickup/Utilitario,Moto/Ciclomotor",Baigorria Y Cavia,2,1,0,0,1,0,0,,Calle,,ROSARIO,Rosario,Asfalto,No existe,II,S/D,Urbana,Ninguna,No existe,Intersección,Bueno,Buena,Diurna,Buen Tiempo,Lateral,S/D,Colisión,S/D,Faltante,Ninguna,Sin restricción,POINT (-60.7096106 -32.8937007),"['Baigorria', 'Cavia']",2,Baigorria; Cavia,-32.8937007,-60.7096106,55.0,538.0,Municipio Rosario,Municipio,Rosario,820210,Servicio de Catastro e Información Territorial,IGN
2015,1916,2015-04-13,Lunes,0.0,08:00:00,,0.0,2,"Moto/Ciclomotor,Pickup/Utilitario",San Luis Y Alsina,3,2,0,0,1,0,0,,Calle,,ROSARIO,Rosario,S/D,S/D,II,Dentro,Urbana,S/D,S/D,S/D,S/D,S/D,Diurna,S/D,S/D,S/D,Colisión,S/D,S/D,S/D,S/D,POINT (-60.67705600000001 -32.9422069),"['San Luis', 'Alsina']",2,San Luis; Alsina,-32.9422069,-60.67705600000001,55.0,538.0,Municipio Rosario,Municipio,Rosario,820210,Servicio de Catastro e Información Territorial,IGN
2015,1918,2015-04-17,Viernes,0.0,17:30:00,,0.0,3,"Pickup/Utilitario,Pickup/Utilitario,Automóvil",Av. Bermudez Y Lainez,5,4,0,0,1,0,0,,Avenida,,ROSARIO,Rosario,Asfalto,No existe,II,Dentro,Urbana,Ninguna,No existe,Recta,Bueno,Buena,Diurna,Otro,Múltiple,S/D,Colisión,Otro,Horizontal,Ninguna,Sin restricción,POINT (-60.64243549999999 -33.005123199999986),"['Bermudez', 'Láinez']",2,Avenida José Bermúdez; Láinez,-33.005123199999986,-60.64243549999999,55.0,538.0,Municipio Rosario,Municipio,Rosario,820210,Servicio de Catastro e Información Territorial,IGN
2015,1919,2015-04-19,Domingo,0.0,,,0.0,2,"Moto/Ciclomotor,Automóvil",Bv. Avellaneda Y Mendoza,2,1,0,0,1,0,0,,Calle,,ROSARIO,Rosario,S/D,S/D,II,Dentro,Urbana,S/D,S/D,S/D,S/D,S/D,S/D,S/D,S/D,S/D,Colisión,S/D,S/D,S/D,S/D,POINT (-60.680421100000004 -32.94423964999999),"['Avellaneda', 'Mendoza']",2,Bulevar Nicolás Avellaneda; Mendoza,-32.94423964999999,-60.6804211,55.0,538.0,Municipio Rosario,Municipio,Rosario,820210,Servicio de Catastro e Información Territorial,IGN
2015,1920,2015-04-01,Miercoles,0.0,19:10:00,,0.0,2,"Moto/Ciclomotor,Automóvil",Av. Arijon Y Santiago,2,1,0,0,1,0,0,,Avenida,,ROSARIO,Rosario,Asfalto,Pavimento,II,Dentro,Urbana,Ninguna,No existe,Recta,Bueno,Buena,Atardecer,S/D,Lateral,S/D,Colisión,S/D,Vertical,Línea divisoria pintada,Sin restricción,POINT (-60.6676718 -33.0035862),"['Avenida Manuel Arijón', 'Santiago']",2,Avenida Manuel Arijón; Santiago,-33.0035862,-60.6676718,55.0,538.0,Municipio Rosario,Municipio,Rosario,820210,Servicio de Catastro e Información Territorial,IGN
2015,1921,2015-04-15,Miercoles,0.0,09:15:00,,0.0,3,"Automóvil,Automóvil,Automóvil",Alsina Y Montevideo,3,1,0,0,2,0,0,,Calle,,ROSARIO,Rosario,S/D,S/D,II,Dentro,Urbana,S/D,S/D,S/D,S/D,S/D,Diurna,S/D,S/D,S/D,Colisión,S/D,S/D,S/D,S/D,POINT (-60.6788522 -32.949314199999996),"['Alsina', 'Montevideo']",2,Alsina; Montevideo,-32.9493142,-60.6788522,55.0,538.0,Municipio Rosario,Municipio,Rosario,820210,Servicio de Catastro e Información Territorial,IGN