anio_acci,nro_acci,fecha,desc_dia,fecha_aprox,hora_aprox,desc_ruta,km,cant_participantes,desc_participante,calle_avenida_km,total,heridos_leves,heridos_graves,heridos_gravisimos,ilesos,fallecidos,sin_datos,posicion_XY,desc_tipo_via,desc_ruta_ori,desc_loc,desc_dpto,desc_tipo_calzada,desc_tipo_banquina,desc_unidad_regional,desc_lugar_calzada,desc_zona,desc_prioridad,desc_estado_semaforo,desc_lugar_via,desc_estado_via,desc_estado_visibilidad,desc_luminosidad,desc_estado_clima,desc_tipo_colision,desc_tipo_atropello,desc_tipo_hecho,desc_pres_calzada,desc_senializacion,desc_separacion_via,desc_restriccion,forma_geocod,calle_lista,numero_calles,calles_osm,lat,lon,index_right,gid,fna,gna,nam,in1,fdc,sag
2015,1973,2015-04-02,Jueves,0.0,12:10:00,,0.0,3,"Moto/Ciclomotor,Automóvil,Automóvil",Av. Arijon Y Alvear,4,2,0,0,2,0,0,,Avenida,,ROSARIO,Rosario,Asfalto,Pavimento,II,Dentro,Urbana,Ninguna,No existe,Recta,Bueno,Buena,Diurna,S/D,Lateral,S/D,Colisión,S/D,Vertical,Línea divisoria pintada,S/D,POINT (-60.6237702 -33.0022678),"['Avenida Manuel Arijón', 'Alvear']",2,"('Avenida Manuel Arijón', 'Marcelo T. de Alvear')",-33.0022678,-60.6237702,55.0,538.0,Municipio Rosario,Municipio,Rosario,820210,Servicio de Catastro e Información Territorial,IGN
2015,1974,2015-04-25,Sabado,0.0,23:15:00,,0.0,2,"Bicicleta,Automóvil",AV. E. LOPEZ Y MADRES DE PLAZA 25 DE MAYO,2,1,0,0,0,0,1,,Calle,,ROSARIO,Rosario,S/D,S/D,II,S/D,Urbana,S/D,S/D,Intersección,S/D,S/D,Nocturna,S/D,S/D,S/D,Atropello,S/D,S/D,S/D,S/D,POINT (-60.6568173 -32.92762415),"['Lopez', 'Madres Plaza 25 de Mayo']",2,Autopista Brigadier Estanislao López; Madres Plaza 25 de Mayo,-32.92762415,-60.6568173,55.0,538.0,Municipio Rosario,Municipio,Rosario,820210,Servicio de Catastro e Información Territorial,IGN
2015,1975,2015-04-13,Lunes,0.0,06:00:00,,0.0,2,"Automóvil,Moto/Ciclomotor",3 De Febrero Y Balcarce,2,0,1,0,1,0,0,,Calle,,ROSARIO,Rosario,Asfalto,S/D,II,Dentro,Urbana,Ninguna,No existe,Intersección,Bueno,Buena,Amanecer,Buen Tiempo,Frontal,S/D,Colisión,S/D,Faltante,Cordón divisorio,Sin restricción,POINT (-60.6535421 -32.95033519999999),"['3 de Febrero', 'Balcarce']",2,3 de Febrero; Balcarce,-32.95033519999999,-60.6535421,55.0,538.0,Municipio Rosario,Municipio,Rosario,820210,Servicio de Catastro e Información Territorial,IGN
2015,1978,2015-04-19,Domingo,0.0,19:10:00,,0.0,2,"Automóvil,Moto/Ciclomotor",Beruti Y Centeno,2,2,0,0,0,0,0,,Calle,,ROSARIO,Rosario,Asfalto,No existe,II,Dentro,Urbana,Ninguna,No existe,Intersección,Bueno,Buena,"Atardecer,Con luz artificial",Buen Tiempo,Lateral,S/D,Colisión,Ninguna,S/D,Ninguna,Sin restricción,POINT (-60.629729600000005 -32.98804949999998),"['Luis Beruti', 'Centeno']",2,Luis Beruti; Coronel Centeno,-32.98804949999998,-60.629729600000005,55.0,538.0,Municipio Rosario,Municipio,Rosario,820210,Servicio de Catastro e Información Territorial,IGN
2015,1979,2015-04-18,Sabado,0.0,17:45:00,,0.0,2,"Moto/Ciclomotor,Automóvil",Dean Funes Y Alsina,8,4,0,0,1,0,3,,Calle,,ROSARIO,Rosario,Asfalto,No existe,II,Dentro,Urbana,Ninguna,No existe,Intersección,Deteriorada,Buena,Atardecer,Buen Tiempo,Frontal,S/D,Colisión,Ninguna,Faltante,Ninguna,Sin restricción,POINT (-60.6837681 -32.968809099999994),"['Deán Gregorio Funes', 'Alsina']",2,Deán Gregorio Funes; Alsina,-32.968809099999994,-60.6837681,55.0,538.0,Municipio Rosario,Municipio,Rosario,820210,Servicio de Catastro e Información Territorial,IGN
2015,1980,2015-04-19,Domingo,0.0,14:05:00,,0.0,2,"Moto/Ciclomotor,Automóvil",Casiano Casas 900,3,2,0,0,1,0,0,,Avenida,,ROSARIO,Rosario,Asfalto,No existe,II,Dentro,Urbana,Ninguna,No existe,Recta,Bueno,Buena,Diurna,Buen Tiempo,Frontal,S/D,Colisión,Otro,Faltante,Ninguna,Sin restricción,"-32.8980472, -60.7130456",['Casiano Casas 900'],1,Casiano Casas 900,-32.8980472,-60.7130456,55.0,538.0,Municipio Rosario,Municipio,Rosario,820210,Servicio de Catastro e Información Territorial,IGN
2015,1981,2015-04-10,Viernes,0.0,19:30:00,,0.0,2,"Moto/Ciclomotor,Automóvil",Baigorria Y Alvarez Thomas,3,1,0,0,2,0,0,,Calle,,ROSARIO,Rosario,Asfalto,No existe,II,Dentro,Urbana,Ninguna,No existe,Intersección,Bueno,Buena,Nocturna,Buen Tiempo,Frontal,S/D,Colisión,Otro,Faltante,Ninguna,Sin restricción,POINT (-60.68868739999999 -32.890540999999985),"['Baigorria', 'Alvarez Thomas']",2,Baigorria; Alvarez Thomas,-32.890540999999985,-60.68868739999999,55.0,538.0,Municipio Rosario,Municipio,Rosario,820210,Servicio de Catastro e Información Territorial,IGN
2015,1982,2015-04-17,Viernes,0.0,09:30:00,,0.0,2,"Automóvil,Automóvil",Colon Y Garay,2,1,0,0,1,0,0,,Calle,,ROSARIO,Rosario,Asfalto,No existe,II,Dentro,Urbana,Ninguna,No existe,Recta,Bueno,Buena,Diurna,Buen Tiempo,De alcance,S/D,Colisión,Ninguna,S/D,Ninguna,Sin restricción,POINT (-60.6325871 -32.9767591),"['Colon', 'Garay']",2,Cristóbal Colón; Juan de Garay,-32.9767591,-60.6325871,55.0,538.0,Municipio Rosario,Municipio,Rosario,820210,Servicio de Catastro e Información Territorial,IGN
2015,1983,2015-04-03,Viernes,0.0,,,0.0,1,Otros,Balcarce Y Av. Battle y Ordoñez,1,0,1,0,0,0,0,,Avenida,,ROSARIO,Rosario,S/D,S/D,II,Dentro,Urbana,S/D,S/D,Intersección,S/D,S/D,S/D,S/D,S/D,S/D,S/D,S/D,S/D,S/D,S/D,POINT (-60.66308240000001 -33.009310600000006),"['Balcarce', 'Avenida Battle y Ordoñez']",2,Balcarce; Avenida Battle y Ordoñez,-33.009310600000006,-60.66308240000001,55.0,538.0,Municipio Rosario,Municipio,Rosario,820210,Servicio de Catastro e Información Territorial,IGN
2015,1985,2015-04-18,Sabado,0.0,15:10:00,,0.0,3,"Automóvil,Automóvil,Transporte de Pasajeros Larga Distancia (> 8 asientos)",Bv. Avellaneda Y San Lorenzo,4,2,0,0,2,0,0,,Avenida,,ROSARIO,Rosario,Asfalto,S/D,II,S/D,Urbana,Semáforo,S/D,Recta,S/D,Buena,Diurna,S/D,S/D,S/D,Atropello,S/D,S/D,Barrera de hormigón,Sin restricción,POINT (-60.67856895 -32.936793300000005),"['Avellaneda', 'San Lorenzo']",2,Bulevar Nicolás Avellaneda; San Lorenzo,-32.936793300000005,-60.67856895,55.0,538.0,Municipio Rosario,Municipio,Rosario,820210,Servicio de Catastro e Información Territorial,IGN
2015,1986,2015-04-30,Jueves,0.0,13:20:00,,0.0,2,"Automóvil,Moto/Ciclomotor",Maipu Y Bv. Segui,2,1,0,0,1,0,0,,Calle,,ROSARIO,Rosario,Asfalto,No existe,II,Dentro,Urbana,Ninguna,No existe,Intersección,Bueno,Buena,Diurna,Buen Tiempo,Lateral,S/D,Colisión,Ninguna,Faltante,Ninguna,Sin restricción,POINT (-60.64363730000001 -32.979574850000006),"['Maipú', 'Bulevar Juan Francisco Seguí']",2,Maipú; Bulevar Juan Francisco Seguí,-32.979574850000006,-60.64363730000001,55.0,538.0,Municipio Rosario,Municipio,Rosario,820210,Servicio de Catastro e Información Territorial,IGN
2015,1987,2015-04-23,Jueves,0.0,01:30:00,,0.0,2,"Automóvil,Moto/Ciclomotor",Bielsa Y Liniers,3,1,0,0,2,0,0,,Calle,,ROSARIO,Rosario,S/D,No existe,II,S/D,Urbana,Ninguna,No existe,Intersección,S/D,Reducida,Nocturna,S/D,Lateral,S/D,Colisión,S/D,Faltante,Ninguna,Sin restricción,POINT (-60.6991904 -32.923388599999996),"['Bielsa', 'Liniers']",2,Bielsa; Liniers,-32.9233886,-60.6991904,55.0,538.0,Municipio Rosario,Municipio,Rosario,820210,Servicio de Catastro e Información Territorial,IGN
2015,1988,2015-04-27,Lunes,0.0,10:50:00,,0.0,2,"Automóvil,Moto/Ciclomotor",3 De Febrero Y Santiago,4,2,0,0,2,0,0,,Calle,,ROSARIO,Rosario,Asfalto,S/D,II,Dentro,Urbana,S/D,S/D,S/D,S/D,S/D,Diurna,S/D,S/D,S/D,Colisión,S/D,S/D,S/D,S/D,POINT (-60.6576192 -32.9496077),"['3 de Febrero', 'Santiago']",2,3 de Febrero; Santiago,-32.9496077,-60.6576192,55.0,538.0,Municipio Rosario,Municipio,Rosario,820210,Servicio de Catastro e Información Territorial,IGN
2015,1993,2015-04-29,Miercoles,0.0,10:30:00,,0.0,2,"Automóvil,Automóvil",Bv. Segui Y Buenos Aires,3,1,0,0,2,0,0,,S/D,,ROSARIO,Rosario,Asfalto,No existe,II,S/D,S/D,Ninguna,No existe,Intersección,Bueno,S/D,Diurna,Buen Tiempo,Lateral,S/D,Colisión,Ninguna,S/D,Ninguna,Sin restricción,POINT (-60.640923400000005 -32.98006374999999),"['Bulevar Juan Francisco Seguí', 'Buenos Aires']",2,Bulevar Juan Francisco Seguí; Buenos Aires,-32.98006374999999,-60.640923400000005,55.0,538.0,Municipio Rosario,Municipio,Rosario,820210,Servicio de Catastro e Información Territorial,IGN
2015,1999,2015-04-15,Miercoles,0.0,19:00:00,,0.0,2,"Moto/Ciclomotor,Moto/Ciclomotor",Garibaldi Y Esmeralda,2,1,0,0,1,0,0,,Calle,,ROSARIO,Rosario,Asfalto,No existe,II,S/D,Urbana,Ninguna,No existe,Intersección,Bueno,Buena,"Atardecer,Con luz artificial",Buen Tiempo,Lateral,S/D,Colisión,S/D,Faltante,Ninguna,Sin restricción,POINT (-60.6314068 -32.98898139999999),"['José Garibaldi', 'Esmeralda']",2,José Garibaldi; Esmeralda,-32.98898139999999,-60.6314068,55.0,538.0,Municipio Rosario,Municipio,Rosario,820210,Servicio de Catastro e Información Territorial,IGN
2015,2000,2015-04-19,Domingo,0.0,19:30:00,,0.0,2,"Automóvil,Moto/Ciclomotor",Garay Y Esmeralda,2,1,0,0,1,0,0,,Calle,,ROSARIO,Rosario,Asfalto,No existe,II,Dentro,Urbana,Ninguna,No existe,Intersección,Bueno,Buena,"Atardecer,Con luz artificial",Buen Tiempo,Lateral,S/D,Colisión,S/D,Faltante,Ninguna,Sin restricción,POINT (-60.6284974 -32.977484999999994),"['Garay', 'Esmeralda']",2,Juan de Garay; Esmeralda,-32.977484999999994,-60.6284974,55.0,538.0,Municipio Rosario,Municipio,Rosario,820210,Servicio de Catastro e Información Territorial,IGN
2015,2001,2015-04-27,Lunes,0.0,18:25:00,,0.0,2,"Automóvil,Moto/Ciclomotor",Bv. 27 De Febrero Y Callao,2,1,0,0,1,0,0,,Calle,,ROSARIO,Rosario,Asfalto,S/D,II,Dentro,Urbana,S/D,S/D,Intersección,Bueno,Buena,Atardecer,Buen Tiempo,Lateral,S/D,Colisión,S/D,S/D,S/D,S/D,POINT (-60.665375850000004 -32.9636795),"['27 de Febrero', 'Callao']",2,Bulevar 27 de Febrero; Callao,-32.9636795,-60.66537585,55.0,538.0,Municipio Rosario,Municipio,Rosario,820210,Servicio de Catastro e Información Territorial,IGN
2015,2002,2015-04-22,Miercoles,0.0,19:50:00,,0.0,2,"Taxi/Remis,Moto/Ciclomotor",Av. Uriburu Y Dorrego,2,1,0,0,1,0,0,,Avenida,,ROSARIO,Rosario,Asfalto,No existe,II,Dentro,Urbana,Ninguna,No existe,Intersección,Bueno,Buena,Atardecer,Buen Tiempo,De alcance,S/D,Colisión,Ninguna,Faltante,Ninguna,Sin restricción,POINT (-60.660994099999996 -32.99114285),"['Uriburu', 'Dorrego']",2,Avenida José Uriburu; Manuel Dorrego,-32.99114285,-60.6609941,55.0,538.0,Municipio Rosario,Municipio,Rosario,820210,Servicio de Catastro e Información Territorial,IGN
2015,2003,2015-04-06,Lunes,0.0,12:30:00,,0.0,2,"Automóvil,Moto/Ciclomotor",Sarmiento Y 24 De Setiembre,3,2,0,0,1,0,0,,Calle,,ROSARIO,Rosario,Asfalto,No existe,II,Dentro,Urbana,Ninguna,No existe,Intersección,Bueno,Buena,Diurna,Buen Tiempo,De alcance,S/D,Colisión,Ninguna,Faltante,Ninguna,Sin restricción,POINT (-60.6466689 -32.9802135),"['Sarmiento', '24 de Septiembre']",2,Sarmiento; 24 de Septiembre,-32.9802135,-60.6466689,55.0,538.0,Municipio Rosario,Municipio,Rosario,820210,Servicio de Catastro e Información Territorial,IGN
2015,2004,2015-04-21,Martes,0.0,16:20:00,,0.0,2,"Pickup/Utilitario,Pickup/Utilitario",Av. Uriburu Y Entre Rios,3,1,0,0,2,0,0,,Calle,,ROSARIO,Rosario,Asfalto,No existe,II,Dentro,Urbana,Semáforo,Funciona,Intersección,Bueno,Buena,Diurna,Buen Tiempo,De alcance,S/D,Colisión,S/D,Faltante,Ninguna,Sin restricción,POINT (-60.652262449999995 -32.99087005),"['Uriburu', 'Entre Ríos']",2,Avenida José Uriburu; Entre Ríos,-32.99087005,-60.65226245,55.0,538.0,Municipio Rosario,Municipio,Rosario,820210,Servicio de Catastro e Información Territorial,IGN
2015,2005,2015-04-08,Miercoles,0.0,21:30:00,,0.0,2,"Automóvil,Moto/Ciclomotor",J.M.de Rosas Y Rueda,3,2,0,0,1,0,0,,Calle,,ROSARIO,Rosario,Asfalto,No existe,II,Dentro,Urbana,Ninguna,No existe,Intersección,Bueno,Buena,Nocturna,Buen Tiempo,Lateral,S/D,Colisión,Ninguna,Faltante,Ninguna,Sin restricción,POINT (-60.63745850000001 -32.9723002),"['De Rosas', 'Rueda']",2,Juan Manuel de Rosas; Rueda,-32.9723002,-60.63745850000001,55.0,538.0,Municipio Rosario,Municipio,Rosario,820210,Servicio de Catastro e Información Territorial,IGN
2015,2006,2015-04-29,Miercoles,0.0,06:15:00,,0.0,2,"Automóvil,Automóvil",Bv. 27 De Febrero Y Dorrego,2,1,0,0,1,0,0,,Avenida,,ROSARIO,Rosario,Asfalto,S/D,II,Dentro,Urbana,Semáforo,Funciona,Recta,Bueno,Buena,Diurna,Buen Tiempo,De alcance,S/D,Colisión,S/D,Vertical,S/D,S/D,POINT (-60.654544 -32.965619399999994),"['27 de Febrero', 'Dorrego']",2,Bulevar 27 de Febrero; Manuel Dorrego,-32.965619399999994,-60.654544,55.0,538.0,Municipio Rosario,Municipio,Rosario,820210,Servicio de Catastro e Información Territorial,IGN
2015,2007,2015-04-21,Martes,0.0,16:30:00,,0.0,2,"Automóvil,Moto/Ciclomotor",Gaboto Y Alvear,3,2,0,0,1,0,0,,Calle,,ROSARIO,Rosario,Asfalto,No existe,II,Dentro,Urbana,Ninguna,No existe,Intersección,Bueno,Buena,Diurna,Buen Tiempo,De alcance,S/D,Colisión,Ninguna,Faltante,Ninguna,Sin restricción,POINT (-60.6614422 -32.970403299999994),"['Gaboto', 'Alvear']",2,Gaboto; Alvear,-32.970403299999994,-60.6614422,55.0,538.0,Municipio Rosario,Municipio,Rosario,820210,Servicio de Catastro e Información Territorial,IGN
2015,2008,2015-04-29,Miercoles,0.0,17:00:00,,0.0,2,"Pickup/Utilitario,Taxi/Remis",Cochabamba Y Paraguay,4,1,0,0,3,0,0,,Calle,,ROSARIO,Rosario,Asfalto,S/D,II,Dentro,Urbana,S/D,S/D,Intersección,Bueno,Buena,Diurna,S/D,Lateral,S/D,Colisión,S/D,S/D,S/D,S/D,POINT (-60.646751300000005 -32.9574353),"['Cochabamba', 'Paraguay']",2,Cochabamba; Paraguay,-32.9574353,-60.646751300000005,55.0,538.0,Municipio Rosario,Municipio,Rosario,820210,Servicio de Catastro e Información Territorial,IGN
2015,2009,2015-04-07,Martes,0.0,15:30:00,,0.0,2,"Bicicleta,Automóvil",Grandoli Y Bv. Segui,3,2,0,0,1,0,0,,Calle,,ROSARIO,Rosario,Asfalto,No existe,II,Dentro,Urbana,Ninguna,No existe,Recta,Bueno,Buena,Diurna,Buen Tiempo,De alcance,S/D,Atropello,Ninguna,Faltante,Ninguna,Sin restricción,POINT (-60.62803015 -32.98236034999999),"['Avenida Abanderado Grandoli', 'Bulevar Juan Francisco Seguí']",2,Avenida Abanderado Grandoli; Bulevar Juan Francisco Seguí,-32.98236034999999,-60.62803015,55.0,538.0,Municipio Rosario,Municipio,Rosario,820210,Servicio de Catastro e Información Territorial,IGN
2015,2010,2015-04-05,Domingo,0.0,20:31:00,,0.0,2,"Automóvil,Moto/Ciclomotor",San Martin Y Biedma,2,0,1,0,1,0,0,,Calle,,ROSARIO,Rosario,Asfalto,No existe,II,Dentro,Urbana,Ninguna,No existe,Intersección,Bueno,Reducida polvo,Nocturna,Buen Tiempo,De alcance,S/D,Colisión,Ninguna,Faltante,Ninguna,Sin restricción,POINT (-60.64478916666667 -32.981649),"['San Martin', 'Coronel Biedma']",2,José de San Martín; Coronel Biedma,-32.981649,-60.64478916666667,55.0,538.0,Municipio Rosario,Municipio,Rosario,820210,Servicio de Catastro e Información Territorial,IGN
2015,2011,2015-04-01,Miercoles,0.0,09:15:00,,0.0,3,"Taxi/Remis,Automóvil,Automóvil",Italia Y Pasco,3,1,0,0,2,0,0,,Calle,,ROSARIO,Rosario,Asfalto,S/D,II,Dentro,Urbana,S/D,S/D,Recta,Bueno,Buena,Diurna,Buen Tiempo,Múltiple,S/D,Colisión,S/D,S/D,S/D,S/D,POINT (-60.6511878 -32.9578258),"['Italia', 'Pasco']",2,Italia; Pasco,-32.9578258,-60.6511878,55.0,538.0,Municipio Rosario,Municipio,Rosario,820210,Servicio de Catastro e Información Territorial,IGN
2015,2012,2015-04-19,Domingo,0.0,17:00:00,,0.0,2,"Automóvil,Moto/Ciclomotor",Gaboto Y Sarmiento,3,2,0,0,1,0,0,,Calle,,ROSARIO,Rosario,Asfalto,No existe,II,Dentro,Urbana,Ninguna,No existe,Intersección,Bueno,Buena,Diurna,Buen Tiempo,De alcance,S/D,Colisión,Ninguna,Faltante,Ninguna,Sin restricción,POINT (-60.64492839999999 -32.973346899999996),"['Gaboto', 'Sarmiento']",2,Gaboto; Sarmiento,-32.9733469,-60.64492839999999,55.0,538.0,Municipio Rosario,Municipio,Rosario,820210,Servicio de Catastro e Información Territorial,IGN
2015,2013,2015-04-03,Viernes,0.0,13:20:00,,0.0,2,"Moto/Ciclomotor,Automóvil",Av. Ntra.Sra.del Rosario Y Mitre,3,2,0,0,1,0,0,,Calle,,ROSARIO,Rosario,Asfalto,No existe,II,Dentro,Urbana,Ninguna,No existe,Intersección,Bueno,Buena,Diurna,Buen Tiempo,De alcance,S/D,Colisión,Ninguna,Faltante,Ninguna,Sin restricción,POINT (-60.65068665 -32.999927050000004),"['Nuestra Señora del Rosario', 'Mitre']",2,Puente Nuestra Señora del Rosario; Bartolomé Mitre,-32.999927050000004,-60.65068665,55.0,538.0,Municipio Rosario,Municipio,Rosario,820210,Servicio de Catastro e Información Territorial,IGN
2015,2014,2015-04-20,Lunes,0.0,11:00:00,,0.0,2,"Moto/Ciclomotor,Automóvil",Grandoli Y Dr.Rivas,2,1,0,0,1,0,0,,Calle,,ROSARIO,Rosario,Asfalto,No existe,II,S/D,Urbana,Ninguna,No existe,Intersección,Bueno,Buena,Diurna,Buen Tiempo,Lateral,S/D,Colisión,S/D,Faltante,Ninguna,Sin restricción,POINT (-60.62830819999999 -32.98712985),"['Avenida Abanderado Grandoli', 'Doctor Francisco Riva']",2,Avenida Abanderado Grandoli; Doctor Francisco Riva,-32.98712985,-60.62830819999999,55.0,538.0,Municipio Rosario,Municipio,Rosario,820210,Servicio de Catastro e Información Territorial,IGN
2015,2016,2015-04-30,Jueves,0.0,12:45:00,,0.0,2,"Pickup/Utilitario,Camión",San Martin Y Pte.Quintana,2,1,0,0,1,0,0,,Avenida,,ROSARIO,Rosario,Asfalto,No existe,II,Dentro,Urbana,Ninguna,No existe,Intersección,Bueno,Buena,Diurna,Buen Tiempo,De alcance,S/D,Colisión,Ninguna,Faltante,Ninguna,Sin restricción,POINT (-60.6450385 -32.982916249999995),"['San Martin', 'Quintana']",2,"('José de San Martín', 'Presidente Quintana')",-32.982916249999995,-60.6450385,55.0,538.0,Municipio Rosario,Municipio,Rosario,820210,Servicio de Catastro e Información Territorial,IGN
2015,2017,2015-04-01,Miercoles,0.0,17:50:00,,0.0,2,"Automóvil,Peatón",Bv. Segui Y Santiago,2,1,0,0,1,0,0,,Calle,,ROSARIO,Rosario,Asfalto,No existe,II,Dentro,Urbana,Ninguna,No existe,Intersección,Bueno,Buena,Diurna,Buen Tiempo,S/D,S/D,Atropello,Ninguna,Faltante,Ninguna,Sin restricción,POINT (-60.66421355000001 -32.97588705),"['Bulevar Juan Francisco Seguí', 'Santiago']",2,Bulevar Juan Francisco Seguí; Santiago,-32.97588705,-60.66421355000001,55.0,538.0,Municipio Rosario,Municipio,Rosario,820210,Servicio de Catastro e Información Territorial,IGN
2015,2018,2015-03-24,Martes,0.0,08:30:00,,0.0,2,"Moto/Ciclomotor,Automóvil",Bv. Segui Y Laprida,3,2,0,0,1,0,0,,Calle,,ROSARIO,Rosario,Asfalto,No existe,II,Dentro,Urbana,Ninguna,No existe,Recta,Bueno,Buena,Diurna,Buen Tiempo,De alcance,S/D,Colisión,Ninguna,Faltante,Ninguna,Sin restricción,POINT (-60.64243230000001 -32.97979135),"['Bulevar Juan Francisco Seguí', 'Laprida']",2,Bulevar Juan Francisco Seguí; Francisco Narciso Laprida,-32.97979135,-60.64243230000001,55.0,538.0,Municipio Rosario,Municipio,Rosario,820210,Servicio de Catastro e Información Territorial,IGN
2015,2019,2015-04-18,Sabado,0.0,,,0.0,2,"Automóvil,Automóvil",San Lorenzo Y Brasil,2,1,0,0,1,0,0,,S/D,,ROSARIO,Rosario,S/D,S/D,II,S/D,S/D,S/D,S/D,S/D,S/D,S/D,S/D,S/D,S/D,S/D,Colisión,S/D,S/D,S/D,S/D,POINT (-60.719861300000005 -32.9347141),"['San Lorenzo', 'Brasil']",2,San Lorenzo; Brasil,-32.9347141,-60.719861300000005,55.0,538.0,Municipio Rosario,Municipio,Rosario,820210,Servicio de Catastro e Información Territorial,IGN
2015,2020,2015-04-27,Lunes,0.0,18:00:00,,0.0,2,"Automóvil,Moto/Ciclomotor",Av. Circunvalacion Y Ramos Mejia,3,2,0,0,1,0,0,,Calle,,ROSARIO,Rosario,Asfalto,No existe,II,Dentro,Urbana,Ninguna,No existe,Intersección,Bueno,Buena,Diurna,Buen Tiempo,S/D,S/D,Colisión,Ninguna,Faltante,Ninguna,Sin restricción,POINT (-60.7050025 -32.876858699999985),"['Circunvalacion', 'Ramos Mejía']",2,"('Juan Pablo II', 'Ramos Mejía')",-32.876858699999985,-60.7050025,55.0,538.0,Municipio Rosario,Municipio,Rosario,820210,Servicio de Catastro e Información Territorial,IGN
2015,2021,2015-03-25,Miercoles,0.0,08:00:00,,0.0,2,"Automóvil,Automóvil",Bv. Segui Y Buenos Aires,5,4,0,0,1,0,0,,Calle,,ROSARIO,Rosario,Asfalto,No existe,II,Dentro,Urbana,Ninguna,No existe,Recta,Bueno,Buena,Diurna,Buen Tiempo,De alcance,S/D,Colisión,Ninguna,Faltante,Ninguna,Sin restricción,POINT (-60.640923400000005 -32.98006374999999),"['Bulevar Juan Francisco Seguí', 'Buenos Aires']",2,Bulevar Juan Francisco Seguí; Buenos Aires,-32.98006374999999,-60.640923400000005,55.0,538.0,Municipio Rosario,Municipio,Rosario,820210,Servicio de Catastro e Información Territorial,IGN
2015,2023,2015-04-13,Lunes,0.0,16:24:00,,0.0,2,"Automóvil,Automóvil",San Martin Y Av. Uriburu,3,2,0,0,1,0,0,,Calle,,ROSARIO,Rosario,Asfalto,No existe,II,Dentro,Urbana,Semáforo,Funciona,Intersección,Bueno,Buena,Diurna,Buen Tiempo,De alcance,S/D,Colisión,Ninguna,Horizontal,Ninguna,Sin restricción,POINT (-60.646703949999996 -32.99069289999999),"['San Martin', 'Uriburu']",2,José de San Martín; Avenida José Uriburu,-32.99069289999999,-60.64670395,55.0,538.0,Municipio Rosario,Municipio,Rosario,820210,Servicio de Catastro e Información Territorial,IGN
2015,2026,2015-04-13,Lunes,0.0,07:50:00,,0.0,2,"Moto/Ciclomotor,Taxi/Remis",Bv. Segui Y Italia,2,1,0,0,1,0,0,,Calle,,ROSARIO,Rosario,Asfalto,No existe,II,Dentro,Urbana,Ninguna,No existe,Recta,Bueno,Buena,Diurna,Buen Tiempo,De alcance,S/D,Colisión,Ninguna,Faltante,Ninguna,Sin restricción,POINT (-60.6560807 -32.977334),"['Bulevar Juan Francisco Seguí', 'Italia']",2,Bulevar Juan Francisco Seguí; Italia,-32.977334,-60.6560807,55.0,538.0,Municipio Rosario,Municipio,Rosario,820210,Servicio de Catastro e Información Territorial,IGN
2015,2027,2015-04-18,Sabado,0.0,18:05:00,,0.0,2,"Automóvil,Moto/Ciclomotor",Rodriguez Y Pje. Curie,2,1,0,0,1,0,0,,Calle,,ROSARIO,Rosario,Asfalto,No existe,II,Dentro,Urbana,Ninguna,No existe,Intersección,Bueno,Buena,Atardecer,Buen Tiempo,De alcance,S/D,Colisión,Ninguna,Faltante,Ninguna,Sin restricción,POINT (-60.6653607 -32.96910859999999),"['Rodríguez', 'Pasaje Madame Curie']",2,Rodríguez de Escobedo; Pasaje Madame Curie,-32.96910859999999,-60.6653607,55.0,538.0,Municipio Rosario,Municipio,Rosario,820210,Servicio de Catastro e Información Territorial,IGN
2015,2028,2015-04-18,Sabado,0.0,03:50:00,,0.0,2,"Automóvil,Moto/Ciclomotor",Brasil Y Urquiza,4,3,0,0,0,0,1,,S/D,,ROSARIO,Rosario,S/D,S/D,II,S/D,S/D,S/D,S/D,S/D,S/D,S/D,Nocturna,S/D,S/D,S/D,S/D,S/D,S/D,S/D,S/D,POINT (-60.71991859999999 -32.9336253),"['Brasil', 'Urquiza']",2,Brasil; Justo José de Urquiza,-32.9336253,-60.71991859999999,55.0,538.0,Municipio Rosario,Municipio,Rosario,820210,Servicio de Catastro e Información Territorial,IGN
2015,2029,2015-04-17,Viernes,0.0,23:00:00,,0.0,2,"Automóvil,Peatón",San Martin Y Bv. Segui,2,0,1,0,1,0,0,,Calle,,ROSARIO,Rosario,Asfalto,No existe,II,Dentro,Urbana,Semáforo,Funciona,Intersección,Bueno,Buena,Nocturna,Buen Tiempo,S/D,S/D,Atropello,Ninguna,Horizontal,Ninguna,Sin restricción,POINT (-60.644363766666665 -32.97948086666666),"['San Martin', 'Bulevar Juan Francisco Seguí']",2,José de San Martín; Bulevar Juan Francisco Seguí,-32.97948086666666,-60.644363766666665,55.0,538.0,Municipio Rosario,Municipio,Rosario,820210,Servicio de Catastro e Información Territorial,IGN
2015,2030,2015-04-01,Miercoles,0.0,13:00:00,,0.0,2,"Moto/Ciclomotor,Automóvil",Bv. Segui Y Ayacucho,3,2,0,0,1,0,0,,Calle,,ROSARIO,Rosario,Asfalto,No existe,II,Dentro,Urbana,Ninguna,No existe,Recta,Bueno,Buena,Diurna,Buen Tiempo,De alcance,S/D,Colisión,Ninguna,Faltante,Ninguna,Sin restricción,POINT (-60.63548025 -32.9810463),"['Bulevar Juan Francisco Seguí', 'Ayacucho']",2,Bulevar Juan Francisco Seguí; Ayacucho,-32.9810463,-60.63548025,55.0,538.0,Municipio Rosario,Municipio,Rosario,820210,Servicio de Catastro e Información Territorial,IGN