anio_acci,nro_acci,fecha,desc_dia,fecha_aprox,hora_aprox,desc_ruta,km,cant_participantes,desc_participante,calle_avenida_km,total,heridos_leves,heridos_graves,heridos_gravisimos,ilesos,fallecidos,sin_datos,posicion_XY,desc_tipo_via,desc_ruta_ori,desc_loc,desc_dpto,desc_tipo_calzada,desc_tipo_banquina,desc_unidad_regional,desc_lugar_calzada,desc_zona,desc_prioridad,desc_estado_semaforo,desc_lugar_via,desc_estado_via,desc_estado_visibilidad,desc_luminosidad,desc_estado_clima,desc_tipo_colision,desc_tipo_atropello,desc_tipo_hecho,desc_pres_calzada,desc_senializacion,desc_separacion_via,desc_restriccion,forma_geocod,calle_lista,numero_calles,calles_osm,lat,lon,index_right,gid,fna,gna,nam,in1,fdc,sag
2015,2031,2015-04-11,Sabado,0.0,01:30:00,,0.0,2,"Taxi/Remis,Moto/Ciclomotor",Bv. Oroño Y Bv. Segui,3,2,0,0,1,0,0,,Calle,,ROSARIO,Rosario,Asfalto,No existe,II,Dentro,Urbana,Semáforo,Funciona,Intersección,Bueno,Buena,Nocturna,Buen Tiempo,De alcance,S/D,Colisión,Ninguna,Horizontal,Ninguna,Sin restricción,POINT (-60.661523700000004 -32.976367025),"['Bulevar Nicasio Oroño', 'Bulevar Juan Francisco Seguí']",2,Bulevar Nicasio Oroño; Bulevar Juan Francisco Seguí,-32.976367025,-60.6615237,55.0,538.0,Municipio Rosario,Municipio,Rosario,820210,Servicio de Catastro e Información Territorial,IGN
2015,2032,2015-04-17,Viernes,0.0,09:35:00,,0.0,2,"Automóvil,Automóvil",Pueyrredon Y Gaboto,2,1,0,0,1,0,0,,Calle,,ROSARIO,Rosario,Asfalto,No existe,II,Dentro,Urbana,Ninguna,No existe,Intersección,Bueno,Buena,Diurna,Buen Tiempo,De alcance,S/D,Colisión,Ninguna,Faltante,Ninguna,Sin restricción,POINT (-60.66414820000001 -32.969907),"['Pueyrredón', 'Gaboto']",2,Pueyrredón; Gaboto,-32.969907,-60.66414820000001,55.0,538.0,Municipio Rosario,Municipio,Rosario,820210,Servicio de Catastro e Información Territorial,IGN
2015,2033,2015-04-28,Martes,0.0,13:45:00,,0.0,2,"Automóvil,Moto/Ciclomotor",Rioja Y Sucre,2,1,0,0,1,0,0,,Calle,,ROSARIO,Rosario,Asfalto,No existe,II,Dentro,Urbana,S/D,S/D,Intersección,S/D,S/D,Diurna,S/D,S/D,S/D,Colisión,S/D,S/D,S/D,S/D,POINT (-60.6903182 -32.9383006),"['Rioja', 'Sucre']",2,Rioja; Sucre,-32.9383006,-60.6903182,55.0,538.0,Municipio Rosario,Municipio,Rosario,820210,Servicio de Catastro e Información Territorial,IGN
2015,2034,2015-04-16,Jueves,0.0,17:00:00,,0.0,2,"Automóvil,Moto/Ciclomotor",Buenos Aires Y Bv. Segui,2,1,0,0,1,0,0,,Avenida,,ROSARIO,Rosario,Asfalto,No existe,II,Dentro,Urbana,Ninguna,No existe,Intersección,Bueno,Buena,Diurna,Buen Tiempo,Lateral,S/D,Colisión,S/D,Faltante,Ninguna,Sin restricción,POINT (-60.640923400000005 -32.98006374999999),"['Buenos Aires', 'Bulevar Juan Francisco Seguí']",2,Buenos Aires; Bulevar Juan Francisco Seguí,-32.98006374999999,-60.640923400000005,55.0,538.0,Municipio Rosario,Municipio,Rosario,820210,Servicio de Catastro e Información Territorial,IGN
2015,2036,2015-04-06,Lunes,0.0,16:50:00,,0.0,2,"Automóvil,Moto/Ciclomotor",Pte.Roca Y Virasoro,2,1,0,0,1,0,0,,Calle,,ROSARIO,Rosario,Asfalto,S/D,II,S/D,Urbana,S/D,S/D,Intersección,Bueno,Buena,Diurna,Buen Tiempo,Lateral,S/D,Colisión,S/D,S/D,S/D,S/D,POINT (-60.6510234 -32.9686915),"['Roca', 'Virasoro']",2,Presidente Roca; Benjamín Virasoro,-32.9686915,-60.6510234,55.0,538.0,Municipio Rosario,Municipio,Rosario,820210,Servicio de Catastro e Información Territorial,IGN
2015,2038,2015-04-15,Miercoles,0.0,17:30:00,,0.0,2,"Bicicleta,Moto/Ciclomotor",Ayolas Y Av. Circunvalacion,2,1,0,0,1,0,0,,Avenida,,ROSARIO,Rosario,Asfalto,Pavimento,II,Dentro,Urbana,Ninguna,No existe,Recta,Bueno,Buena,Diurna,Buen Tiempo,S/D,S/D,Atropello,S/D,Faltante,Guardarrail,Sin restricción,POINT (-60.624988288707996 -32.98051623752373),"['Ayolas', 'Circunvalacion']",2,Ayolas; Avenida de Circunvalación 25 de Mayo,-32.98051623752373,-60.624988288708,55.0,538.0,Municipio Rosario,Municipio,Rosario,820210,Servicio de Catastro e Información Territorial,IGN
2015,2039,2015-05-22,Viernes,0.0,,,0.0,2,"Peatón,Otros",Sarratea Bis Y J.B.Justo,2,1,0,0,0,0,1,,Calle,,ROSARIO,Rosario,S/D,S/D,II,S/D,Urbana,S/D,S/D,Intersección,S/D,S/D,S/D,S/D,S/D,S/D,Atropello,S/D,S/D,S/D,S/D,POINT (-60.741556499999994 -32.9156891),"['Sarratea', 'Justo']",2,Sarratea; Justo José de Urquiza,-32.9156891,-60.7415565,55.0,538.0,Municipio Rosario,Municipio,Rosario,820210,Servicio de Catastro e Información Territorial,IGN
2015,2040,2015-04-02,Jueves,0.0,18:55:00,,0.0,2,"Automóvil,Automóvil",San Lorenzo Y Crespo,2,1,0,0,1,0,0,,S/D,,ROSARIO,Rosario,Asfalto,No existe,II,S/D,Urbana,S/D,No existe,Recta,Bueno,Buena,Diurna,Buen Tiempo,S/D,S/D,Colisión,Otro,Faltante,Ninguna,Sin restricción,POINT (-60.66769409999999 -32.938742999999995),"['San Lorenzo', 'Crespo']",2,San Lorenzo; Crespo,-32.938742999999995,-60.66769409999999,55.0,538.0,Municipio Rosario,Municipio,Rosario,820210,Servicio de Catastro e Información Territorial,IGN
2015,2041,2015-04-08,Miercoles,0.0,18:50:00,,0.0,2,"Automóvil,Moto/Ciclomotor",Bv. 27 De Febrero Y Balcarce,2,1,0,0,1,0,0,,Calle,,ROSARIO,Rosario,Asfalto,S/D,II,Dentro,Urbana,Semáforo,Funciona,Intersección,Bueno,Buena,"Atardecer,Con luz artificial",Buen Tiempo,Lateral,S/D,Colisión,S/D,Vertical,S/D,S/D,POINT (-60.6572501 -32.9651418),"['27 de Febrero', 'Balcarce']",2,Bulevar 27 de Febrero; Balcarce,-32.9651418,-60.6572501,55.0,538.0,Municipio Rosario,Municipio,Rosario,820210,Servicio de Catastro e Información Territorial,IGN
2015,2043,2015-04-08,Miercoles,0.0,18:00:00,,0.0,2,"Moto/Ciclomotor,Automóvil",Italia 2500,3,2,0,0,1,0,0,,Calle,,ROSARIO,Rosario,Asfalto,S/D,II,Dentro,Urbana,S/D,S/D,Otro,Bueno,Buena,Atardecer,Buen Tiempo,Lateral,S/D,Colisión,S/D,S/D,S/D,S/D,"-32.9646091, -60.6529524",['Italia 2500'],1,Italia 2500,-32.9646091,-60.6529524,55.0,538.0,Municipio Rosario,Municipio,Rosario,820210,Servicio de Catastro e Información Territorial,IGN
2015,2044,2015-04-10,Viernes,0.0,13:40:00,,0.0,2,"Automóvil,Moto/Ciclomotor",Rodriguez Y Dr.Rivas,2,1,0,0,1,0,0,,Calle,,ROSARIO,Rosario,Asfalto,No existe,II,Dentro,Urbana,Ninguna,No existe,Intersección,Bueno,Buena,Diurna,Buen Tiempo,De alcance,S/D,Colisión,Ninguna,Faltante,Ninguna,Sin restricción,POINT (-60.66813750000001 -32.97999129999999),"['Rodríguez', 'Doctor Francisco Riva']",2,Rodríguez de Escobedo; Doctor Francisco Riva,-32.97999129999999,-60.66813750000001,55.0,538.0,Municipio Rosario,Municipio,Rosario,820210,Servicio de Catastro e Información Territorial,IGN
2015,2045,2015-04-14,Martes,0.0,14:30:00,,0.0,2,"Automóvil,Moto/Ciclomotor",Entre Rios Y La Paz,3,1,0,0,2,0,0,,Calle,,ROSARIO,Rosario,Asfalto,S/D,II,Dentro,Urbana,Semáforo,Funciona,Intersección,Bueno,Buena,Diurna,S/D,Lateral,S/D,Colisión,S/D,Vertical,S/D,S/D,POINT (-60.64540379999999 -32.9636773),"['Entre Ríos', 'La Paz']",2,Entre Ríos; La Paz,-32.9636773,-60.64540379999999,55.0,538.0,Municipio Rosario,Municipio,Rosario,820210,Servicio de Catastro e Información Territorial,IGN
2015,2046,2015-04-27,Lunes,0.0,11:15:00,,0.0,2,"Automóvil,Bicicleta",Av. Corrientes Y Gaboto,2,1,0,0,1,0,0,,Calle,,ROSARIO,Rosario,Asfalto,No existe,II,Dentro,Urbana,Ninguna,No existe,Intersección,Bueno,Buena,Diurna,Buen Tiempo,S/D,S/D,Atropello,Ninguna,Faltante,Ninguna,Sin restricción,POINT (-60.6491421 -32.9725927),"['Corrientes', 'Gaboto']",2,Corrientes; Gaboto,-32.9725927,-60.6491421,55.0,538.0,Municipio Rosario,Municipio,Rosario,820210,Servicio de Catastro e Información Territorial,IGN
2015,2047,2015-04-26,Domingo,0.0,,,0.0,2,"Automóvil,Automóvil",Amenabar Y Sarmiento,3,1,0,0,2,0,0,,Calle,,ROSARIO,Rosario,Asfalto,No existe,II,Dentro,Urbana,Ninguna,No existe,Intersección,Bueno,Buena,Diurna,Buen Tiempo,De alcance,S/D,Colisión,Ninguna,Faltante,Ninguna,Sin restricción,POINT (-60.64464180000001 -32.972218999999996),"['Amenabar', 'Sarmiento']",2,José de Amenábar; Sarmiento,-32.972219,-60.64464180000001,55.0,538.0,Municipio Rosario,Municipio,Rosario,820210,Servicio de Catastro e Información Territorial,IGN
2015,2048,2015-04-25,Sabado,0.0,12:15:00,,0.0,2,"Moto/Ciclomotor,Automóvil",Italia Y Garibaldi,2,1,0,0,1,0,0,,Calle,,ROSARIO,Rosario,Asfalto,No existe,II,Dentro,Urbana,Ninguna,No existe,Intersección,Bueno,Buena,Diurna,Buen Tiempo,De alcance,S/D,Colisión,Ninguna,Faltante,Ninguna,Sin restricción,POINT (-60.6578124 -32.9842508),"['Italia', 'José Garibaldi']",2,Italia; José Garibaldi,-32.9842508,-60.6578124,55.0,538.0,Municipio Rosario,Municipio,Rosario,820210,Servicio de Catastro e Información Territorial,IGN
2015,2049,2015-04-15,Miercoles,0.0,11:00:00,,0.0,3,"Taxi/Remis,Taxi/Remis,Automóvil",España Y Galvez,5,3,0,0,2,0,0,,Calle,,ROSARIO,Rosario,Asfalto,S/D,II,S/D,Urbana,S/D,No existe,Recta,S/D,Buena,Diurna,Buen Tiempo,Múltiple,S/D,Colisión,S/D,S/D,S/D,S/D,POINT (-60.652104200000004 -32.9672958),"['España', 'Galvez']",2,España; José Gálvez,-32.9672958,-60.6521042,55.0,538.0,Municipio Rosario,Municipio,Rosario,820210,Servicio de Catastro e Información Territorial,IGN
2015,2050,2015-04-27,Lunes,0.0,16:30:00,,0.0,5,"Automóvil,Pickup/Utilitario,Pickup/Utilitario,Automóvil,Automóvil",Dorrego Y Santa Fe,6,3,0,0,3,0,0,,Calle,,ROSARIO,Rosario,Asfalto,S/D,II,Dentro,Urbana,Semáforo,Funciona,Recta,Bueno,Buena,Diurna,Buen Tiempo,Múltiple,S/D,Colisión,S/D,Vertical,Cordón divisorio,Sin restricción,POINT (-60.648860799999994 -32.94310639999999),"['Dorrego', 'Santa Fe']",2,Manuel Dorrego; Santa Fe,-32.94310639999999,-60.6488608,55.0,538.0,Municipio Rosario,Municipio,Rosario,820210,Servicio de Catastro e Información Territorial,IGN
2015,2051,2015-04-16,Jueves,0.0,11:50:00,,0.0,2,"Bicicleta,Bicicleta",Beruti Y Rueda,2,1,0,0,1,0,0,,Calle,,ROSARIO,Rosario,Asfalto,No existe,II,Dentro,Urbana,Ninguna,No existe,Intersección,Bueno,Buena,Diurna,Buen Tiempo,S/D,S/D,Atropello,S/D,Faltante,Ninguna,Sin restricción,POINT (-60.6262839 -32.974321599999996),"['Luis Beruti', 'Rueda']",2,Luis Beruti; Rueda,-32.9743216,-60.6262839,55.0,538.0,Municipio Rosario,Municipio,Rosario,820210,Servicio de Catastro e Información Territorial,IGN
2015,2053,2015-04-15,Miercoles,0.0,15:45:00,,0.0,2,"Pickup/Utilitario,Moto/Ciclomotor",Balcarce Y Amenabar,3,2,0,0,1,0,0,,Calle,,ROSARIO,Rosario,Asfalto,S/D,II,Dentro,Urbana,S/D,S/D,Intersección,Bueno,Buena,Diurna,Buen Tiempo,Lateral,S/D,Colisión,S/D,S/D,S/D,S/D,POINT (-60.6584024 -32.969733),"['Balcarce', 'Amenabar']",2,Balcarce; José de Amenábar,-32.969733,-60.6584024,55.0,538.0,Municipio Rosario,Municipio,Rosario,820210,Servicio de Catastro e Información Territorial,IGN
2015,2054,2015-04-15,Miercoles,0.0,18:30:00,,0.0,2,"Moto/Ciclomotor,Moto/Ciclomotor",Centeno Y Cepeda,2,1,0,0,1,0,0,,Calle,,ROSARIO,Rosario,Asfalto,No existe,II,Dentro,Urbana,Ninguna,No existe,Intersección,Bueno,Buena,Diurna,Buen Tiempo,Frontal,S/D,Colisión,Ninguna,Faltante,Ninguna,Sin restricción,POINT (-60.625176700000004 -32.9879701),"['Centeno', 'Cepeda']",2,Coronel Centeno; Cepeda,-32.9879701,-60.6251767,55.0,538.0,Municipio Rosario,Municipio,Rosario,820210,Servicio de Catastro e Información Territorial,IGN
2015,2055,2015-04-10,Viernes,0.0,11:15:00,,0.0,2,"Moto/Ciclomotor,Automóvil",Av. Corrientes Y Pje. Blanque,2,0,1,0,1,0,0,,Calle,,ROSARIO,Rosario,Asfalto,No existe,II,Dentro,Urbana,Ninguna,No existe,Intersección,Bueno,Buena,Diurna,Buen Tiempo,De alcance,S/D,Colisión,Ninguna,Faltante,Ninguna,Sin restricción,POINT (-60.6498777 -32.9754785),"['Corrientes', 'Blanqué']",2,Corrientes; Blanqué,-32.9754785,-60.6498777,55.0,538.0,Municipio Rosario,Municipio,Rosario,820210,Servicio de Catastro e Información Territorial,IGN
2015,2057,2015-04-05,Domingo,0.0,16:45:00,,0.0,2,"Automóvil,Taxi/Remis",San Lorenzo Y Crespo,2,1,0,0,1,0,0,,Calle,,ROSARIO,Rosario,S/D,Ripio,II,S/D,Urbana,Ninguna,No existe,Recta,Bueno,Buena,Diurna,Buen Tiempo,Lateral,S/D,Colisión,Otro,Faltante,Ninguna,Sin restricción,POINT (-60.66769409999999 -32.938742999999995),"['San Lorenzo', 'Crespo']",2,San Lorenzo; Crespo,-32.938742999999995,-60.66769409999999,55.0,538.0,Municipio Rosario,Municipio,Rosario,820210,Servicio de Catastro e Información Territorial,IGN
2015,2058,2015-04-22,Miercoles,0.0,11:30:00,,0.0,2,"Automóvil,Bicicleta",Mitre Y Riobamba,2,1,0,0,1,0,0,,Calle,,ROSARIO,Rosario,Asfalto,S/D,II,Dentro,Urbana,S/D,No existe,Intersección,Bueno,Buena,Diurna,Buen Tiempo,S/D,S/D,Atropello,S/D,S/D,S/D,S/D,POINT (-60.6437275 -32.96278260000001),"['Mitre', 'Riobamba']",2,Bartolomé Mitre; Riobamba,-32.96278260000001,-60.6437275,55.0,538.0,Municipio Rosario,Municipio,Rosario,820210,Servicio de Catastro e Información Territorial,IGN
2015,2059,2015-04-16,Jueves,0.0,18:30:00,,0.0,2,"Automóvil,Taxi/Remis",Av. Pte.Peron Y Av. Ovidio Lagos,3,2,0,0,1,0,0,,Avenida,,ROSARIO,Rosario,Asfalto,S/D,II,Dentro,Urbana,Semáforo,Funciona,Recta,Bueno,Buena,"Atardecer,Con luz artificial",Buen Tiempo,De alcance,S/D,Colisión,S/D,S/D,S/D,S/D,POINT (-60.6647377 -32.955408150000004),"['Avenida Presidente Perón', 'Avenida Ovidio Lagos']",2,Avenida Presidente Perón; Avenida Ovidio Lagos,-32.955408150000004,-60.6647377,55.0,538.0,Municipio Rosario,Municipio,Rosario,820210,Servicio de Catastro e Información Territorial,IGN
2015,2060,2015-04-07,Martes,0.0,14:30:00,,0.0,2,"Automóvil,Automóvil",Santa Fe Y Donado,2,1,0,0,1,0,0,,Calle,,ROSARIO,Rosario,Asfalto,No existe,II,S/D,Urbana,Ninguna,No existe,Recta,Bueno,Buena,Diurna,Buen Tiempo,Otro,S/D,Colisión,Otro,Faltante,Ninguna,Sin restricción,POINT (-60.72725940000001 -32.93612229999999),"['Santa Fe', 'Donado']",2,Santa Fe; José Agustín Donado,-32.93612229999999,-60.72725940000001,55.0,538.0,Municipio Rosario,Municipio,Rosario,820210,Servicio de Catastro e Información Territorial,IGN
2015,2061,2015-04-27,Lunes,0.0,08:00:00,,0.0,2,"Pickup/Utilitario,Automóvil",Av. Pellegrini Y Dorrego,2,1,0,0,1,0,0,,Avenida,,ROSARIO,Rosario,Asfalto,S/D,II,Dentro,Urbana,Semáforo,Funciona,Intersección,Bueno,Buena,Diurna,Buen Tiempo,Lateral,S/D,Colisión,S/D,Vertical,S/D,S/D,POINT (-60.6519337 -32.95532245),"['Pellegrini', 'Dorrego']",2,Avenida Carlos Pellegrini; Manuel Dorrego,-32.95532245,-60.6519337,55.0,538.0,Municipio Rosario,Municipio,Rosario,820210,Servicio de Catastro e Información Territorial,IGN
2015,2062,2015-04-17,Viernes,0.0,17:30:00,,0.0,2,"Moto/Ciclomotor,Otros",Av. Pellegrini Y Paraguay,2,1,0,0,0,0,1,,Calle,,ROSARIO,Rosario,Asfalto,S/D,II,Dentro,Urbana,S/D,S/D,Recta,Bueno,Buena,Diurna,Buen Tiempo,De alcance,S/D,Colisión,S/D,S/D,S/D,S/D,POINT (-60.64646545 -32.95630334999999),"['Pellegrini', 'Paraguay']",2,Avenida Carlos Pellegrini; Paraguay,-32.95630334999999,-60.64646545,55.0,538.0,Municipio Rosario,Municipio,Rosario,820210,Servicio de Catastro e Información Territorial,IGN
2015,2063,2015-04-13,Lunes,0.0,10:35:00,,0.0,2,"Automóvil,Moto/Ciclomotor",Virasoro Y Chacabuco,2,1,0,0,1,0,0,,Calle,,ROSARIO,Rosario,Asfalto,No existe,II,Dentro,Urbana,Ninguna,No existe,Intersección,Bueno,Buena,Diurna,Buen Tiempo,Lateral,S/D,Colisión,Ninguna,Faltante,Ninguna,Sin restricción,POINT (-60.6287142 -32.97265610000001),"['Virasoro', 'Chacabuco']",2,Benjamín Virasoro; Chacabuco,-32.97265610000001,-60.6287142,55.0,538.0,Municipio Rosario,Municipio,Rosario,820210,Servicio de Catastro e Información Territorial,IGN
2015,2064,2015-04-17,Viernes,0.0,18:10:00,,0.0,2,"Pickup/Utilitario,Moto/Ciclomotor",La Paz Y Pte.Roca,2,1,0,0,1,0,0,,Calle,,ROSARIO,Rosario,Asfalto,S/D,II,Dentro,Urbana,S/D,S/D,Intersección,Bueno,Buena,Atardecer,Buen Tiempo,Lateral,S/D,Colisión,S/D,S/D,S/D,S/D,POINT (-60.64956790000001 -32.96293739999999),"['La Paz', 'Roca']",2,La Paz; Presidente Roca,-32.96293739999999,-60.64956790000001,55.0,538.0,Municipio Rosario,Municipio,Rosario,820210,Servicio de Catastro e Información Territorial,IGN
2015,2066,2015-04-13,Lunes,0.0,09:35:00,,0.0,2,"Bicicleta,Automóvil",Centeno Y Buenos Aires,3,2,0,0,1,0,0,,Calle,,ROSARIO,Rosario,Asfalto,No existe,II,Dentro,Urbana,Ninguna,No existe,Intersección,Bueno,Buena,Diurna,Buen Tiempo,S/D,S/D,Atropello,S/D,S/D,Ninguna,Sin restricción,POINT (-60.64233725000001 -32.98566005),"['Centeno', 'Buenos Aires']",2,Coronel Centeno; Buenos Aires,-32.98566005,-60.64233725000001,55.0,538.0,Municipio Rosario,Municipio,Rosario,820210,Servicio de Catastro e Información Territorial,IGN
2015,2067,2015-04-19,Domingo,0.0,12:40:00,,0.0,3,"Automóvil,Automóvil,Automóvil",Italia 2200,3,1,0,0,2,0,0,,Calle,,ROSARIO,Rosario,Asfalto,S/D,II,Dentro,Urbana,S/D,No existe,Recta,Bueno,Buena,Diurna,Buen Tiempo,Múltiple,S/D,Colisión,S/D,S/D,S/D,S/D,"-32.961148, -60.6520808",['Italia 2200'],1,Italia 2200,-32.961148,-60.6520808,55.0,538.0,Municipio Rosario,Municipio,Rosario,820210,Servicio de Catastro e Información Territorial,IGN
2015,2069,2015-04-20,Lunes,0.0,21:00:00,,0.0,2,"Automóvil,Bicicleta",España Y Cerrito,2,1,0,0,1,0,0,,Calle,,ROSARIO,Rosario,Asfalto,S/D,II,Dentro,Urbana,S/D,No existe,Intersección,Bueno,Buena,"Nocturna,Con luz artificial",Buen Tiempo,S/D,S/D,Atropello,S/D,S/D,S/D,S/D,POINT (-60.650363600000006 -32.9603736),"['España', 'Cerrito']",2,España; Cerrito,-32.9603736,-60.650363600000006,55.0,538.0,Municipio Rosario,Municipio,Rosario,820210,Servicio de Catastro e Información Territorial,IGN
2015,2070,2015-04-20,Lunes,0.0,17:45:00,,0.0,2,"Automóvil,Moto/Ciclomotor",Ituzaingo Y Dorrego,2,1,0,0,1,0,0,,Calle,,ROSARIO,Rosario,Asfalto,S/D,II,S/D,Urbana,S/D,S/D,Intersección,Bueno,Buena,Diurna,Buen Tiempo,Lateral,S/D,Colisión,S/D,S/D,S/D,S/D,POINT (-60.65280490000001 -32.958759499999985),"['Ituzaingó', 'Dorrego']",2,Ituzaingó; Manuel Dorrego,-32.958759499999985,-60.65280490000001,55.0,538.0,Municipio Rosario,Municipio,Rosario,820210,Servicio de Catastro e Información Territorial,IGN
2015,2071,2015-04-21,Martes,0.0,09:00:00,,0.0,2,"Automóvil,Moto/Ciclomotor",Italia Y Amenabar,2,1,0,0,1,0,0,,Calle,,ROSARIO,Rosario,Asfalto,S/D,II,Dentro,Urbana,S/D,No existe,Intersección,Bueno,Buena,Diurna,Buen Tiempo,Lateral,S/D,Colisión,S/D,S/D,S/D,S/D,POINT (-60.65435750000001 -32.9704785),"['Italia', 'Amenabar']",2,Italia; José de Amenábar,-32.9704785,-60.65435750000001,55.0,538.0,Municipio Rosario,Municipio,Rosario,820210,Servicio de Catastro e Información Territorial,IGN
2015,2075,2015-04-11,Sabado,0.0,10:55:00,,0.0,2,"Automóvil,Moto/Ciclomotor",Ayacucho Y Amenabar,3,2,0,0,1,0,0,,Calle,,ROSARIO,Rosario,Asfalto,No existe,II,Dentro,Urbana,Ninguna,No existe,Intersección,Bueno,Buena,Diurna,Buen Tiempo,Lateral,S/D,Colisión,S/D,Vertical,Ninguna,Sin restricción,POINT (-60.6333886 -32.9742331),"['Ayacucho', 'Amenabar']",2,Ayacucho; José de Amenábar,-32.9742331,-60.6333886,55.0,538.0,Municipio Rosario,Municipio,Rosario,820210,Servicio de Catastro e Información Territorial,IGN
2015,2076,2015-04-10,Viernes,0.0,06:30:00,,0.0,2,"Taxi/Remis,Moto/Ciclomotor",Dr.Rivas Y 1 de Mayo,2,1,0,0,1,0,0,,Calle,,ROSARIO,Rosario,Asfalto,No existe,II,Dentro,Urbana,Ninguna,No existe,Recta,Bueno,Buena,Diurna,Buen Tiempo,Lateral,S/D,Colisión,Ninguna,S/D,Ninguna,Sin restricción,POINT (-60.6390307 -32.9852327),"['Doctor Francisco Riva', 'Primero de Mayo']",2,Doctor Francisco Riva; Primero de Mayo,-32.9852327,-60.6390307,55.0,538.0,Municipio Rosario,Municipio,Rosario,820210,Servicio de Catastro e Información Territorial,IGN
2015,2079,2015-03-27,Viernes,0.0,05:45:00,,0.0,2,"Moto/Ciclomotor,Automóvil",Rui Barbosa Y Buenos Aires,2,1,0,0,1,0,0,,Calle,,ROSARIO,Rosario,Asfalto,No existe,II,Dentro,Urbana,S/D,No existe,Recta,Bueno,Buena,Amanecer,S/D,De alcance,S/D,Colisión,Ninguna,Horizontal,Ninguna,Sin restricción,POINT (-60.64479980000001 -33.00620899999999),"['Rui Barbosa', 'Buenos Aires']",2,Rui Barbosa; Buenos Aires,-33.00620899999999,-60.64479980000001,55.0,538.0,Municipio Rosario,Municipio,Rosario,820210,Servicio de Catastro e Información Territorial,IGN
2015,2080,2015-03-01,Domingo,0.0,16:30:00,,0.0,2,"Moto/Ciclomotor,Pickup/Utilitario",Mr.Ross Y Paraguay,2,1,0,0,1,0,0,,Calle,,ROSARIO,Rosario,Asfalto,No existe,II,Dentro,Urbana,Ninguna,No existe,Intersección,Bueno,Buena,Diurna,Buen Tiempo,De alcance,S/D,Colisión,Ninguna,Faltante,Ninguna,Sin restricción,POINT (-60.6542864 -32.9872673),"['Rodrigo M. Ross', 'Paraguay']",2,Rodrigo M. Ross; Paraguay,-32.9872673,-60.6542864,55.0,538.0,Municipio Rosario,Municipio,Rosario,820210,Servicio de Catastro e Información Territorial,IGN
2015,2084,2015-03-25,Miercoles,0.0,17:30:00,,0.0,2,"Moto/Ciclomotor,Automóvil",Melincue Y Cabildo,3,2,0,0,1,0,0,,Calle,,ROSARIO,Rosario,Asfalto,No existe,II,Dentro,Urbana,Ninguna,No existe,Intersección,Bueno,Buena,Atardecer,Otro,S/D,S/D,Colisión,S/D,Horizontal,Ninguna,Sin restricción,POINT (-60.6476644 -33.00731760000001),"['Melincué', 'Cabildo']",2,Melincué; Cabildo,-33.00731760000001,-60.6476644,55.0,538.0,Municipio Rosario,Municipio,Rosario,820210,Servicio de Catastro e Información Territorial,IGN
2015,2086,2015-03-21,Sabado,0.0,09:30:00,,0.0,2,"Moto/Ciclomotor,Moto/Ciclomotor",Madre Cabrini Y Mariano Moreno,3,2,0,0,1,0,0,,Calle,,ROSARIO,Rosario,Asfalto,No existe,II,Dentro,Urbana,Ninguna,No existe,Intersección,Bueno,Buena,Diurna,Buen Tiempo,Lateral,S/D,Colisión,S/D,Faltante,Ninguna,Sin restricción,POINT (-60.6618514 -33.005393899999994),"['Madre Cabrini', 'Mariano Moreno']",2,Madre Cabrini; Mariano Moreno,-33.005393899999994,-60.6618514,55.0,538.0,Municipio Rosario,Municipio,Rosario,820210,Servicio de Catastro e Información Territorial,IGN
2015,2088,2015-03-21,Sabado,0.0,11:50:00,,0.0,2,"Moto/Ciclomotor,Moto/Ciclomotor",Melincue Y Patricios,2,2,0,0,0,0,0,,Calle,,ROSARIO,Rosario,Asfalto,No existe,II,Dentro,Urbana,S/D,No existe,Intersección,Bueno,Buena,Diurna,Buen Tiempo,S/D,S/D,Colisión,S/D,Horizontal,S/D,S/D,POINT (-60.6475346 -33.010924599999996),"['Melincué', 'Patricios']",2,Melincué; Patricios,-33.0109246,-60.6475346,55.0,538.0,Municipio Rosario,Municipio,Rosario,820210,Servicio de Catastro e Información Territorial,IGN
2015,2089,2015-03-19,Jueves,0.0,01:40:00,,0.0,2,"Pickup/Utilitario,Automóvil",San Martin Y Esteban de Luca,2,1,0,0,1,0,0,,Calle,,ROSARIO,Rosario,Asfalto,No existe,II,Dentro,Urbana,Ninguna,Funciona,Intersección,Bueno,Buena,Nocturna,Buen Tiempo,De alcance,S/D,Colisión,Ninguna,Horizontal,Ninguna,Sin restricción,POINT (-60.69698706666666 -32.97095953333332),"['San Martin', 'Esteban de Luca']",2,José de San Martín; Esteban de Luca,-32.97095953333332,-60.69698706666666,55.0,538.0,Municipio Rosario,Municipio,Rosario,820210,Servicio de Catastro e Información Territorial,IGN