anio_acci,nro_acci,fecha,desc_dia,fecha_aprox,hora_aprox,desc_ruta,km,cant_participantes,desc_participante,calle_avenida_km,total,heridos_leves,heridos_graves,heridos_gravisimos,ilesos,fallecidos,sin_datos,posicion_XY,desc_tipo_via,desc_ruta_ori,desc_loc,desc_dpto,desc_tipo_calzada,desc_tipo_banquina,desc_unidad_regional,desc_lugar_calzada,desc_zona,desc_prioridad,desc_estado_semaforo,desc_lugar_via,desc_estado_via,desc_estado_visibilidad,desc_luminosidad,desc_estado_clima,desc_tipo_colision,desc_tipo_atropello,desc_tipo_hecho,desc_pres_calzada,desc_senializacion,desc_separacion_via,desc_restriccion,forma_geocod,calle_lista,numero_calles,calles_osm,lat,lon,index_right,gid,fna,gna,nam,in1,fdc,sag
2015,2090,2015-03-29,Domingo,0.0,10:45:00,,0.0,2,"Moto/Ciclomotor,Automóvil",1 de Mayo Y Bv. Segui,2,1,0,0,1,0,0,,Calle,,ROSARIO,Rosario,Asfalto,No existe,II,Dentro,Urbana,Ninguna,No existe,Intersección,Bueno,Buena,Diurna,Otro,Lateral,S/D,Colisión,Ninguna,Faltante,Ninguna,Sin restricción,POINT (-60.63787925 -32.98061510000001),"['Primero de Mayo', 'Bulevar Juan Francisco Seguí']",2,Primero de Mayo; Bulevar Juan Francisco Seguí,-32.98061510000001,-60.63787925,55.0,538.0,Municipio Rosario,Municipio,Rosario,820210,Servicio de Catastro e Información Territorial,IGN
2015,2092,2015-03-20,Viernes,0.0,20:55:00,,0.0,2,"Pickup/Utilitario,Automóvil",San Martin Y Av. Circunvalacion,2,1,0,0,1,0,0,,Avenida,,ROSARIO,Rosario,Asfalto,Natural,II,Dentro,Urbana,S/D,No existe,Recta,Bueno,Reducida,Nocturna,S/D,S/D,S/D,Colisión,S/D,Faltante,Guardarrail,Sin restricción,POINT (-60.64178307863883 -33.0158888269654),"['San Martin', 'Circunvalacion']",2,José de San Martín; Avenida de Circunvalación 25 de Mayo,-33.0158888269654,-60.64178307863883,55.0,538.0,Municipio Rosario,Municipio,Rosario,820210,Servicio de Catastro e Información Territorial,IGN
2015,2093,2015-03-03,Martes,0.0,17:00:00,,0.0,2,"Moto/Ciclomotor,Moto/Ciclomotor",Av. Ovidio Lagos 6298,2,1,0,0,0,0,1,,Avenida,,ROSARIO,Rosario,Asfalto,Pavimento,II,S/D,Urbana,Ninguna,Funciona,Recta,Bueno,Buena,Diurna,Buen Tiempo,Frontal,S/D,Colisión,S/D,S/D,Ninguna,Sin restricción,"-32.9700442, -60.668095",['Ovidio Lagos 6298'],1,Ovidio Lagos 6298,-32.9700442,-60.668095,55.0,538.0,Municipio Rosario,Municipio,Rosario,820210,Servicio de Catastro e Información Territorial,IGN
2015,2094,2015-03-23,Lunes,0.0,14:30:00,,0.0,2,"Moto/Ciclomotor,Automóvil",Anchorena Y Alvear,3,2,0,0,1,0,0,,Calle,,ROSARIO,Rosario,Asfalto,No existe,II,Dentro,Urbana,Ninguna,No existe,Intersección,Bueno,Buena,Diurna,Buen Tiempo,Lateral,S/D,Colisión,S/D,Faltante,Ninguna,Sin restricción,POINT (-60.666422700000005 -32.9983087),"['Anchorena', 'Alvear']",2,Tomás de Anchorena; Alvear,-32.9983087,-60.666422700000005,55.0,538.0,Municipio Rosario,Municipio,Rosario,820210,Servicio de Catastro e Información Territorial,IGN
2015,2095,2015-03-15,Domingo,0.0,,,0.0,2,"Automóvil,Moto/Ciclomotor",Dorrego Y Garibaldi,4,3,0,0,1,0,0,,Calle,,ROSARIO,Rosario,Asfalto,No existe,II,Dentro,Urbana,Ninguna,No existe,Intersección,Bueno,Buena,S/D,Buen Tiempo,De alcance,S/D,Colisión,Ninguna,Faltante,Ninguna,Sin restricción,POINT (-60.6592046 -32.984001500000005),"['Dorrego', 'José Garibaldi']",2,Manuel Dorrego; José Garibaldi,-32.984001500000005,-60.6592046,55.0,538.0,Municipio Rosario,Municipio,Rosario,820210,Servicio de Catastro e Información Territorial,IGN
2015,2096,2015-03-20,Viernes,0.0,20:45:00,,0.0,2,"Moto/Ciclomotor,Taxi/Remis",Av. Battle y Ordoñez Y Buenos Aires,3,2,0,0,1,0,0,,Avenida,,ROSARIO,Rosario,Asfalto,No existe,II,Dentro,Urbana,S/D,No existe,Intersección,Bueno,Reducida,Nocturna,S/D,S/D,S/D,Colisión,S/D,Horizontal,Línea divisoria pintada,Sin restricción,POINT (-60.6446941 -33.00881379999999),"['Avenida Battle y Ordoñez', 'Buenos Aires']",2,Avenida Battle y Ordoñez; Buenos Aires,-33.00881379999999,-60.6446941,55.0,538.0,Municipio Rosario,Municipio,Rosario,820210,Servicio de Catastro e Información Territorial,IGN
2015,2097,2015-03-06,Viernes,0.0,12:40:00,,0.0,2,"Peatón,Transporte de Pasajeros Urbano (> 8 asientos)",Av. Arijon Y Pje. 2034,2,1,0,0,1,0,0,,Avenida,,ROSARIO,Rosario,Asfalto,No existe,II,S/D,Urbana,Ninguna,No existe,Intersección,Bueno,Buena,Diurna,Buen Tiempo,S/D,S/D,Atropello,S/D,Faltante,Ninguna,Sin restricción,POINT (-60.68576815 -33.004188299999996),"['Avenida Manuel Arijón', 'Pasaje 2034']",2,Avenida Manuel Arijón; Pasaje 2034,-33.0041883,-60.68576815,55.0,538.0,Municipio Rosario,Municipio,Rosario,820210,Servicio de Catastro e Información Territorial,IGN
2015,2099,2015-03-19,Jueves,0.0,13:40:00,,0.0,2,"Moto/Ciclomotor,Automóvil",Bv. Oroño Y J.M.Gutierrez,2,1,0,0,1,0,0,,Avenida,,ROSARIO,Rosario,Asfalto,No existe,II,S/D,Urbana,Semáforo,Funciona,Intersección,Bueno,Buena,Diurna,Buen Tiempo,Lateral,S/D,Colisión,S/D,S/D,Cordón divisorio,Sin restricción,POINT (-60.6653076 -32.994528599999995),"['Bulevar Nicasio Oroño', 'Gutierrez']",2,Bulevar Nicasio Oroño; Ricardo Gutierrez,-32.994528599999995,-60.6653076,55.0,538.0,Municipio Rosario,Municipio,Rosario,820210,Servicio de Catastro e Información Territorial,IGN
2015,2100,2015-03-16,Lunes,0.0,18:45:00,,0.0,2,"Moto/Ciclomotor,Automóvil",Av. Battle y Ordoñez Y Pte.Roca,3,1,1,0,1,0,0,,Avenida,,ROSARIO,Rosario,Asfalto,No existe,II,Dentro,Urbana,S/D,No existe,Intersección,Bueno,Buena,Atardecer,S/D,S/D,S/D,Colisión,S/D,Horizontal,Cordón divisorio,Sin restricción,POINT (-60.65589215 -33.0090795),"['Avenida Battle y Ordoñez', 'Roca']",2,Avenida Battle y Ordoñez; Presidente Roca,-33.0090795,-60.65589215,55.0,538.0,Municipio Rosario,Municipio,Rosario,820210,Servicio de Catastro e Información Territorial,IGN
2015,2101,2015-03-14,Sabado,0.0,08:30:00,,0.0,2,"Automóvil,Moto/Ciclomotor",Pueyrredon Y Bv. Segui,2,1,0,0,1,0,0,,Calle,,ROSARIO,Rosario,Asfalto,No existe,II,Dentro,Urbana,Ninguna,No existe,Intersección,Bueno,Buena,Diurna,Buen Tiempo,De alcance,S/D,Colisión,Ninguna,Faltante,Ninguna,Sin restricción,POINT (-60.66559335 -32.97564369999999),"['Pueyrredón', 'Bulevar Juan Francisco Seguí']",2,Pueyrredón; Bulevar Juan Francisco Seguí,-32.97564369999999,-60.66559335,55.0,538.0,Municipio Rosario,Municipio,Rosario,820210,Servicio de Catastro e Información Territorial,IGN
2015,2102,2015-02-06,Viernes,0.0,13:35:00,,0.0,2,"Moto/Ciclomotor,Automóvil",Bv. Oroño Y Av. Dante Alighieri,3,3,0,0,0,0,0,,Avenida,,ROSARIO,Rosario,Asfalto,S/D,II,Dentro,Urbana,S/D,S/D,Recta,Bueno,Buena,Diurna,Buen Tiempo,Contra objeto fijo,S/D,Colisión,S/D,S/D,S/D,S/D,POINT (-60.6579301 -32.961999649999996),"['Bulevar Nicasio Oroño', 'Dante Alighieri']",2,"('Ciclovía Bulevar Nicasio Oroño', 'Avenida Dante Alighieri')",-32.96199965,-60.6579301,55.0,538.0,Municipio Rosario,Municipio,Rosario,820210,Servicio de Catastro e Información Territorial,IGN
2015,2103,2015-03-12,Jueves,0.0,15:40:00,,0.0,3,"Taxi/Remis,Automóvil,Automóvil",Paraguay Y Pasco,3,2,0,0,1,0,0,,Calle,,ROSARIO,Rosario,Asfalto,Pavimento,II,Dentro,Urbana,S/D,No existe,Recta,Bueno,Buena,Diurna,Buen Tiempo,De alcance,S/D,Colisión,S/D,Vertical,S/D,S/D,POINT (-60.64703810000001 -32.9585717),"['Paraguay', 'Pasco']",2,Paraguay; Pasco,-32.9585717,-60.64703810000001,55.0,538.0,Municipio Rosario,Municipio,Rosario,820210,Servicio de Catastro e Información Territorial,IGN
2015,2104,2015-03-30,Lunes,0.0,17:50:00,,0.0,2,"Automóvil,Moto/Ciclomotor",Bv. Segui Y Pte.Roca,2,1,0,0,1,0,0,,Calle,,ROSARIO,Rosario,Asfalto,No existe,II,Dentro,Urbana,Ninguna,No existe,Intersección,Bueno,Buena,Diurna,Buen Tiempo,De alcance,S/D,Colisión,Ninguna,Faltante,Ninguna,Sin restricción,POINT (-60.653334750000006 -32.97782885),"['Bulevar Juan Francisco Seguí', 'Roca']",2,Bulevar Juan Francisco Seguí; Presidente Roca,-32.97782885,-60.653334750000006,55.0,538.0,Municipio Rosario,Municipio,Rosario,820210,Servicio de Catastro e Información Territorial,IGN
2015,2106,2015-03-13,Viernes,0.0,19:00:00,,0.0,2,"Peatón,Moto/Ciclomotor",Corralito Y Madre Cabrini,2,1,0,0,1,0,0,,Calle,,ROSARIO,Rosario,Asfalto,No existe,II,Dentro,Urbana,Ninguna,No existe,Recta,Bueno,Buena,Con luz artificial,Buen Tiempo,S/D,S/D,Atropello,S/D,Faltante,Ninguna,Sin restricción,POINT (-60.6723925 -33.0057222),"['Corralito', 'Madre Cabrini']",2,Corralito; Madre Cabrini,-33.0057222,-60.6723925,55.0,538.0,Municipio Rosario,Municipio,Rosario,820210,Servicio de Catastro e Información Territorial,IGN
2015,2107,2015-03-27,Viernes,0.0,22:00:00,,0.0,2,"Moto/Ciclomotor,Taxi/Remis",Dorrego Y Mr.Ross,2,1,0,0,1,0,0,,Calle,,ROSARIO,Rosario,Asfalto,No existe,II,Dentro,Urbana,Ninguna,No existe,Intersección,Bueno,Buena,Diurna,Buen Tiempo,De alcance,S/D,Colisión,Ninguna,Faltante,Ninguna,Sin restricción,POINT (-60.6597877 -32.986300699999994),"['Dorrego', 'Rodrigo M. Ross']",2,Manuel Dorrego; Rodrigo M. Ross,-32.986300699999994,-60.6597877,55.0,538.0,Municipio Rosario,Municipio,Rosario,820210,Servicio de Catastro e Información Territorial,IGN
2015,2109,2015-03-24,Martes,0.0,12:00:00,,0.0,2,"Moto/Ciclomotor,Automóvil",Av. Battle y Ordoñez Y Mariano Moreno,3,2,0,0,1,0,0,,Avenida,,ROSARIO,Rosario,Asfalto,No existe,II,Dentro,Urbana,Semáforo,Funciona,Intersección,Bueno,Buena,Diurna,Buen Tiempo,Lateral,S/D,Colisión,S/D,Vertical,Cordón divisorio,Sin restricción,POINT (-60.661635649999994 -33.0093064),"['Avenida Battle y Ordoñez', 'Mariano Moreno']",2,Avenida Battle y Ordoñez; Mariano Moreno,-33.0093064,-60.66163565,55.0,538.0,Municipio Rosario,Municipio,Rosario,820210,Servicio de Catastro e Información Territorial,IGN
2015,2110,2015-03-07,Sabado,0.0,12:45:00,,0.0,2,"Peatón,Automóvil",Cerrito 1600,2,1,0,0,0,0,1,,Calle,,ROSARIO,Rosario,Asfalto,S/D,II,Dentro,Urbana,S/D,S/D,Recta,Bueno,Buena,Diurna,Buen Tiempo,S/D,S/D,Atropello,S/D,S/D,S/D,S/D,"-32.9605637, -60.6487504",['Cerrito 1600'],1,Cerrito 1600,-32.9605637,-60.6487504,55.0,538.0,Municipio Rosario,Municipio,Rosario,820210,Servicio de Catastro e Información Territorial,IGN
2015,2111,2015-03-09,Lunes,0.0,14:10:00,,0.0,2,"Automóvil,Camión",Av. Ovidio Lagos 6800,3,2,0,0,1,0,0,,Avenida,,ROSARIO,Rosario,Asfalto,No existe,II,Dentro,Urbana,Semáforo,Funciona,Recta,Bueno,Buena,Diurna,Buen Tiempo,De alcance,S/D,Colisión,S/D,Vertical,Ninguna,Sin restricción,"-32.9700442, -60.668095",['Ovidio Lagos 6800'],1,Ovidio Lagos 6800,-32.9700442,-60.668095,55.0,538.0,Municipio Rosario,Municipio,Rosario,820210,Servicio de Catastro e Información Territorial,IGN
2015,2113,2015-03-23,Lunes,0.0,20:20:00,,0.0,2,"Automóvil,Moto/Ciclomotor",Rueda Y San Martin,2,1,0,0,1,0,0,,S/D,,ROSARIO,Rosario,Asfalto,No existe,II,Dentro,Urbana,Ninguna,No existe,Intersección,Bueno,Buena,Nocturna,Buen Tiempo,Lateral,S/D,Colisión,Ninguna,Faltante,Ninguna,Sin restricción,POINT (-60.642861499999995 -32.9713425),"['Rueda', 'San Martin']",2,Rueda; José de San Martín,-32.9713425,-60.6428615,55.0,538.0,Municipio Rosario,Municipio,Rosario,820210,Servicio de Catastro e Información Territorial,IGN
2015,2114,2015-03-05,Jueves,0.0,09:20:00,,0.0,2,"Moto/Ciclomotor,Pickup/Utilitario",San Martin Y Av. Circunvalacion,2,1,0,0,1,0,0,,Avenida,,ROSARIO,Rosario,Asfalto,No existe,II,Dentro,Urbana,S/D,Funciona,Recta,Bueno,Buena,Diurna,S/D,S/D,S/D,Colisión,S/D,Vertical,Cordón divisorio,Sin restricción,POINT (-60.64178307863883 -33.0158888269654),"['San Martin', 'Circunvalacion']",2,José de San Martín; Avenida de Circunvalación 25 de Mayo,-33.0158888269654,-60.64178307863883,55.0,538.0,Municipio Rosario,Municipio,Rosario,820210,Servicio de Catastro e Información Territorial,IGN
2015,2115,2015-03-06,Viernes,0.0,12:30:00,,0.0,2,"Peatón,Automóvil",Ituzaingo Y Paraguay,2,1,0,0,0,0,1,,S/D,,ROSARIO,Rosario,Asfalto,S/D,II,S/D,S/D,S/D,S/D,Intersección,Bueno,Buena,Diurna,Buen Tiempo,S/D,S/D,Atropello,S/D,S/D,S/D,S/D,POINT (-60.6473339 -32.959742299999995),"['Ituzaingó', 'Paraguay']",2,Ituzaingó; Paraguay,-32.959742299999995,-60.6473339,55.0,538.0,Municipio Rosario,Municipio,Rosario,820210,Servicio de Catastro e Información Territorial,IGN
2015,2118,2015-03-20,Viernes,0.0,18:00:00,,0.0,2,"Moto/Ciclomotor,Automóvil",Av. Uriburu Y Bv. Oroño,2,1,0,0,1,0,0,,Avenida,,ROSARIO,Rosario,Asfalto,No existe,II,Dentro,Urbana,Semáforo,Funciona,Recta,Bueno,Buena,Diurna,Buen Tiempo,De alcance,S/D,Colisión,Ninguna,Horizontal,Ninguna,Sin restricción,POINT (-60.665160500000006 -32.99123049999999),"['Uriburu', 'Bulevar Nicasio Oroño']",2,Avenida José Uriburu; Bulevar Nicasio Oroño,-32.99123049999999,-60.665160500000006,55.0,538.0,Municipio Rosario,Municipio,Rosario,820210,Servicio de Catastro e Información Territorial,IGN
2015,2119,2015-03-18,Miercoles,0.0,23:30:00,,0.0,2,"Moto/Ciclomotor,Automóvil",Pje. 2012 5800,2,1,0,0,1,0,0,,Calle,,ROSARIO,Rosario,Asfalto,Natural,II,S/D,Urbana,S/D,No existe,Recta,Bueno,Buena,Nocturna,S/D,S/D,S/D,S/D,S/D,Faltante,S/D,S/D,"-33.0047737, -60.6881418",['Pasaje 2012 5800'],1,Pasaje 2012 5800,-33.0047737,-60.6881418,55.0,538.0,Municipio Rosario,Municipio,Rosario,820210,Servicio de Catastro e Información Territorial,IGN
2015,2120,2015-03-07,Sabado,0.0,14:45:00,,0.0,2,"Automóvil,Moto/Ciclomotor",España Y Bv. 27 De Febrero,2,1,0,0,1,0,0,,Calle,,ROSARIO,Rosario,Asfalto,S/D,II,Dentro,Urbana,Semáforo,Funciona,Recta,Bueno,Buena,Diurna,Buen Tiempo,Lateral,S/D,Colisión,S/D,Vertical,S/D,S/D,POINT (-60.6518035 -32.966108549999994),"['España', '27 de Febrero']",2,España; Bulevar 27 de Febrero,-32.966108549999994,-60.6518035,55.0,538.0,Municipio Rosario,Municipio,Rosario,820210,Servicio de Catastro e Información Territorial,IGN
2015,2121,2015-03-21,Sabado,0.0,20:00:00,,0.0,1,Automóvil,Bv. Segui Y L.N.Alem,2,1,0,0,1,0,0,,Calle,,ROSARIO,Rosario,Asfalto,Ripio,II,Dentro,Urbana,Ninguna,No existe,Cruce,Bueno,Buena,Nocturna,Buen Tiempo,Lateral,S/D,Colisión,Ninguna,S/D,Ninguna,Sin restricción,POINT (-60.63650380000001 -32.980857400000005),"['Bulevar Juan Francisco Seguí', 'Alem']",2,Bulevar Juan Francisco Seguí; Leandro N. Alem,-32.980857400000005,-60.63650380000001,55.0,538.0,Municipio Rosario,Municipio,Rosario,820210,Servicio de Catastro e Información Territorial,IGN
2015,2122,2015-03-09,Lunes,0.0,09:00:00,,0.0,2,"Moto/Ciclomotor,Automóvil",Riobamba Y Sarmiento,2,1,0,0,1,0,0,,Calle,,ROSARIO,Rosario,Asfalto,Pavimento,II,Dentro,Urbana,S/D,No existe,Recta,Bueno,Buena,Diurna,Buen Tiempo,Lateral,S/D,Colisión,S/D,Vertical,S/D,S/D,POINT (-60.642316799999996 -32.9630352),"['Riobamba', 'Sarmiento']",2,Riobamba; Sarmiento,-32.9630352,-60.6423168,55.0,538.0,Municipio Rosario,Municipio,Rosario,820210,Servicio de Catastro e Información Territorial,IGN
2015,2124,2015-03-24,Martes,0.0,01:00:00,,0.0,2,"Moto/Ciclomotor,Automóvil",Av. Ovidio Lagos Y Av. Arijon,2,1,0,0,1,0,0,,Avenida,,ROSARIO,Rosario,Asfalto,Pavimento,II,S/D,Urbana,Semáforo,Funciona,Intersección,Bueno,Buena,Nocturna,Buen Tiempo,Frontal,S/D,Colisión,S/D,Vertical,Ninguna,Sin restricción,POINT (-60.6761369 -33.0038701),"['Avenida Ovidio Lagos', 'Avenida Manuel Arijón']",2,Avenida Ovidio Lagos; Avenida Manuel Arijón,-33.0038701,-60.6761369,55.0,538.0,Municipio Rosario,Municipio,Rosario,820210,Servicio de Catastro e Información Territorial,IGN
2015,2125,2015-03-08,Domingo,0.0,03:20:00,,0.0,1,Moto/Ciclomotor,Virasoro Y Beruti,2,1,1,0,0,0,0,,Calle,,ROSARIO,Rosario,Asfalto,No existe,II,Dentro,Urbana,Ninguna,No existe,Recta,Bueno,Buena,Nocturna,Buen Tiempo,S/D,S/D,Caída ocupante,Ninguna,Faltante,Ninguna,Sin restricción,POINT (-60.62599920000001 -32.9731564),"['Virasoro', 'Luis Beruti']",2,Benjamín Virasoro; Luis Beruti,-32.9731564,-60.62599920000001,55.0,538.0,Municipio Rosario,Municipio,Rosario,820210,Servicio de Catastro e Información Territorial,IGN
2015,2126,2015-03-20,Viernes,0.0,09:10:00,,0.0,2,"Automóvil,Automóvil",Av. Pellegrini ,2,1,0,0,1,0,0,,Avenida,,ROSARIO,Rosario,Asfalto,Pavimento,II,Dentro,Urbana,Semáforo,Funciona,Recta,Bueno,Buena,Diurna,Buen Tiempo,De alcance,S/D,Colisión,S/D,Vertical,Barrera de hormigón,S/D,"-32.9484613, -60.7054148",['Pellegrini'],1,Pellegrini,-32.9484613,-60.7054148,55.0,538.0,Municipio Rosario,Municipio,Rosario,820210,Servicio de Catastro e Información Territorial,IGN
2015,2127,2015-03-10,Martes,0.0,12:00:00,,0.0,2,"Peatón,Automóvil",Saavedra 271,2,1,0,0,1,0,0,,Calle,,ROSARIO,Rosario,Asfalto,No existe,II,Dentro,Urbana,Ninguna,No existe,Recta,Bueno,Buena,Diurna,Buen Tiempo,S/D,S/D,Atropello,Ninguna,Faltante,Ninguna,Sin restricción,"-32.98010178571429, -60.634311",['Saavedra 271'],1,Saavedra 271,-32.98010178571429,-60.634311,55.0,538.0,Municipio Rosario,Municipio,Rosario,820210,Servicio de Catastro e Información Territorial,IGN
2015,2128,2015-03-22,Domingo,0.0,20:50:00,,0.0,2,"Automóvil,Pickup/Utilitario",Ayacucho ,5,3,0,0,2,0,0,,Calle,,ROSARIO,Rosario,S/D,S/D,II,Dentro,Urbana,S/D,S/D,Intersección,S/D,S/D,Nocturna,S/D,Lateral,S/D,Colisión,S/D,S/D,S/D,S/D,"-32.9810423, -60.6354799",['Ayacucho'],1,Ayacucho,-32.9810423,-60.6354799,55.0,538.0,Municipio Rosario,Municipio,Rosario,820210,Servicio de Catastro e Información Territorial,IGN
2015,2129,2015-03-13,Viernes,0.0,22:45:00,,0.0,2,"Moto/Ciclomotor,Automóvil",Biedma Y Mitre,3,2,0,0,1,0,0,,Calle,,ROSARIO,Rosario,Asfalto,No existe,II,Dentro,Urbana,Ninguna,No existe,Intersección,Bueno,Buena,Nocturna,Buen Tiempo,De alcance,S/D,Colisión,Ninguna,Faltante,Ninguna,Sin restricción,POINT (-60.6483333 -32.9811446),"['Coronel Biedma', 'Mitre']",2,Coronel Biedma; Bartolomé Mitre,-32.9811446,-60.6483333,55.0,538.0,Municipio Rosario,Municipio,Rosario,820210,Servicio de Catastro e Información Territorial,IGN
2015,2130,2015-03-09,Lunes,0.0,22:30:00,,0.0,2,"Automóvil,Automóvil",Ayacucho Y Gaboto,2,1,0,0,1,0,0,,Calle,,ROSARIO,Rosario,Asfalto,No existe,II,Dentro,Urbana,Ninguna,No existe,Recta,Bueno,Buena,Con luz artificial,Buen Tiempo,S/D,S/D,Colisión,Ninguna,Faltante,Ninguna,Sin restricción,POINT (-60.633682699999994 -32.975366199999996),"['Ayacucho', 'Gaboto']",2,Ayacucho; Gaboto,-32.9753662,-60.6336827,55.0,538.0,Municipio Rosario,Municipio,Rosario,820210,Servicio de Catastro e Información Territorial,IGN
2015,2132,2015-03-24,Martes,0.0,13:20:00,,0.0,2,"Moto/Ciclomotor,Automóvil",Laprida Y Reg.11 de Infanteria,2,0,1,0,1,0,0,,Calle,,ROSARIO,Rosario,Asfalto,No existe,II,S/D,Urbana,Ninguna,No existe,Intersección,Bueno,Buena,Diurna,S/D,Lateral,S/D,Colisión,S/D,S/D,Ninguna,Sin restricción,POINT (-60.64713890000001 -32.998761),"['Laprida', 'Regimiento 11']",2,Francisco Narciso Laprida; Regimiento 11,-32.998761,-60.64713890000001,55.0,538.0,Municipio Rosario,Municipio,Rosario,820210,Servicio de Catastro e Información Territorial,IGN
2015,2133,2015-03-19,Jueves,0.0,09:20:00,,0.0,2,"Moto/Ciclomotor,Automóvil",Laprida Y Alzugaray,2,1,0,0,1,0,0,,Calle,,ROSARIO,Rosario,Asfalto,No existe,II,Dentro,Urbana,S/D,No existe,Intersección,Bueno,Buena,Diurna,Buen Tiempo,S/D,S/D,Colisión,S/D,Horizontal,Ninguna,Sin restricción,POINT (-60.6465591 -33.0129427),"['Laprida', 'Alzugaray']",2,Francisco Narciso Laprida; Alzugaray,-33.0129427,-60.6465591,55.0,538.0,Municipio Rosario,Municipio,Rosario,820210,Servicio de Catastro e Información Territorial,IGN
2015,2134,2015-03-13,Viernes,0.0,19:30:00,,0.0,2,"Automóvil,Automóvil",Mitre Y Pte.Quintana,2,1,0,0,1,0,0,,Calle,,ROSARIO,Rosario,Asfalto,No existe,II,Dentro,Urbana,Ninguna,No existe,Intersección,Bueno,Buena,Atardecer,Buen Tiempo,De alcance,S/D,Colisión,Ninguna,Faltante,Ninguna,Sin restricción,POINT (-60.648628699999996 -32.9822769),"['Mitre', 'Quintana']",2,"('Bartolomé Mitre', 'Presidente Quintana')",-32.9822769,-60.6486287,55.0,538.0,Municipio Rosario,Municipio,Rosario,820210,Servicio de Catastro e Información Territorial,IGN
2015,2135,2015-03-12,Jueves,0.0,10:00:00,,0.0,2,"Moto/Ciclomotor,Automóvil",Sanchez de Thompson Y Alice,2,1,0,0,1,0,0,,Calle,,ROSARIO,Rosario,Asfalto,No existe,II,S/D,Urbana,Ninguna,No existe,Intersección,Otro,Buena,Diurna,Otro,Lateral,S/D,Colisión,S/D,S/D,Ninguna,Sin restricción,POINT (-60.6269135 -32.99248810000001),"['Sánchez de Thomson', 'Alice']",2,Sánchez de Thomson; Alice,-32.99248810000001,-60.6269135,55.0,538.0,Municipio Rosario,Municipio,Rosario,820210,Servicio de Catastro e Información Territorial,IGN
2015,2138,2015-03-21,Sabado,0.0,11:20:00,,0.0,2,"Moto/Ciclomotor,Automóvil",Hilarion de la Quintana Y Leiva,2,1,0,0,1,0,0,,Calle,,ROSARIO,Rosario,Asfalto,No existe,II,Dentro,Urbana,Ninguna,No existe,Intersección,S/D,Buena,Diurna,Buen Tiempo,Lateral,S/D,Colisión,S/D,S/D,Ninguna,Sin restricción,POINT (-60.6379928 -33.000607099999996),"['Hilarión de la Quintana', 'Leiva']",2,Hilarión de la Quintana; Julián de Leiva,-33.0006071,-60.6379928,55.0,538.0,Municipio Rosario,Municipio,Rosario,820210,Servicio de Catastro e Información Territorial,IGN
2015,2140,2015-03-08,Domingo,0.0,12:00:00,,0.0,2,"Bicicleta,Automóvil",Juan Canals Y Pje. Humboldt,2,1,0,0,1,0,0,,S/D,,ROSARIO,Rosario,Asfalto,No existe,II,Dentro,Urbana,Ninguna,No existe,Intersección,Bueno,Buena,Diurna,Buen Tiempo,S/D,S/D,Atropello,Ninguna,Faltante,Ninguna,Sin restricción,POINT (-60.6477748 -32.989628599999996),"['Juan Canals', 'Humboldt']",2,Juan Canals; Federico Humboldt,-32.9896286,-60.6477748,55.0,538.0,Municipio Rosario,Municipio,Rosario,820210,Servicio de Catastro e Información Territorial,IGN
2015,2141,2015-03-26,Jueves,0.0,06:00:00,,0.0,2,"Bicicleta,Automóvil",Av. Ovidio Lagos Y Av. Battle y Ordoñez,2,1,0,0,1,0,0,,Avenida,,ROSARIO,Rosario,Asfalto,Pavimento,II,Dentro,Urbana,Semáforo,Funciona,Intersección,Bueno,Buena,Diurna,Buen Tiempo,S/D,S/D,Atropello,S/D,Vertical,Ninguna,Sin restricción,POINT (-60.677360275 -33.009728399999986),"['Avenida Ovidio Lagos', 'Avenida Battle y Ordoñez']",2,Avenida Ovidio Lagos; Avenida Battle y Ordoñez,-33.009728399999986,-60.677360275,55.0,538.0,Municipio Rosario,Municipio,Rosario,820210,Servicio de Catastro e Información Territorial,IGN
2015,2144,2015-03-14,Sabado,0.0,19:00:00,,0.0,2,"Automóvil,Taxi/Remis",Italia Y Ituzaingo,3,1,0,0,2,0,0,,Calle,,ROSARIO,Rosario,Asfalto,Pavimento,II,Dentro,Urbana,Ninguna,No existe,Recta,Bueno,Buena,Diurna,Buen Tiempo,Lateral,S/D,Colisión,S/D,Vertical,Barrera de hormigón,S/D,POINT (-60.6514654 -32.95899740000001),"['Italia', 'Ituzaingó']",2,Italia; Ituzaingó,-32.95899740000001,-60.6514654,55.0,538.0,Municipio Rosario,Municipio,Rosario,820210,Servicio de Catastro e Información Territorial,IGN
2015,2146,2015-03-14,Sabado,0.0,07:40:00,,0.0,2,"Automóvil,Moto/Ciclomotor",Virasoro Y Paraguay,2,1,0,0,1,0,0,,Calle,,ROSARIO,Rosario,Asfalto,Pavimento,II,Dentro,Urbana,S/D,No existe,Recta,Bueno,Buena,Diurna,Buen Tiempo,Lateral,S/D,Colisión,S/D,Vertical,S/D,S/D,POINT (-60.64965960000001 -32.9689509),"['Virasoro', 'Paraguay']",2,Benjamín Virasoro; Paraguay,-32.9689509,-60.64965960000001,55.0,538.0,Municipio Rosario,Municipio,Rosario,820210,Servicio de Catastro e Información Territorial,IGN