anio_acci,nro_acci,fecha,desc_dia,fecha_aprox,hora_aprox,desc_ruta,km,cant_participantes,desc_participante,calle_avenida_km,total,heridos_leves,heridos_graves,heridos_gravisimos,ilesos,fallecidos,sin_datos,posicion_XY,desc_tipo_via,desc_ruta_ori,desc_loc,desc_dpto,desc_tipo_calzada,desc_tipo_banquina,desc_unidad_regional,desc_lugar_calzada,desc_zona,desc_prioridad,desc_estado_semaforo,desc_lugar_via,desc_estado_via,desc_estado_visibilidad,desc_luminosidad,desc_estado_clima,desc_tipo_colision,desc_tipo_atropello,desc_tipo_hecho,desc_pres_calzada,desc_senializacion,desc_separacion_via,desc_restriccion,forma_geocod,calle_lista,numero_calles,calles_osm,lat,lon,index_right,gid,fna,gna,nam,in1,fdc,sag
2015,2147,2015-03-09,Lunes,0.0,09:00:00,,0.0,2,"Bicicleta,Automóvil",Dorrego Y Viamonte,2,1,0,0,1,0,0,,Calle,,ROSARIO,Rosario,Asfalto,S/D,II,Dentro,Urbana,Ninguna,No existe,Recta,S/D,Buena,Diurna,Buen Tiempo,S/D,S/D,Atropello,S/D,Vertical,S/D,S/D,POINT (-60.6539778 -32.963386299999996),"['Dorrego', 'Viamonte']",2,Manuel Dorrego; Viamonte,-32.9633863,-60.6539778,55.0,538.0,Municipio Rosario,Municipio,Rosario,820210,Servicio de Catastro e Información Territorial,IGN
2015,2148,2015-03-14,Sabado,0.0,12:30:00,,0.0,2,"Automóvil,Automóvil",Bv. 27 De Febrero Y Entre Rios,2,1,0,0,1,0,0,,Avenida,,ROSARIO,Rosario,Asfalto,Pavimento,II,Dentro,Urbana,Semáforo,Funciona,Recta,Bueno,Buena,Diurna,Buen Tiempo,Lateral,S/D,Colisión,S/D,Vertical,S/D,S/D,POINT (-60.64626885000001 -32.967096450000014),"['27 de Febrero', 'Entre Ríos']",2,Bulevar 27 de Febrero; Entre Ríos,-32.967096450000014,-60.64626885000001,55.0,538.0,Municipio Rosario,Municipio,Rosario,820210,Servicio de Catastro e Información Territorial,IGN
2015,2149,2015-03-10,Martes,0.0,22:00:00,,0.0,2,"Bicicleta,Pickup/Utilitario",Entre Rios Y Amenabar,2,1,0,0,1,0,0,,Calle,,ROSARIO,Rosario,Asfalto,Pavimento,II,Dentro,Urbana,S/D,No existe,Recta,Bueno,Buena,Nocturna,Buen Tiempo,S/D,S/D,Atropello,S/D,Vertical,S/D,S/D,POINT (-60.64742470000001 -32.97170549999999),"['Entre Ríos', 'Amenabar']",2,Entre Ríos; José de Amenábar,-32.97170549999999,-60.64742470000001,55.0,538.0,Municipio Rosario,Municipio,Rosario,820210,Servicio de Catastro e Información Territorial,IGN
2015,2150,2015-03-16,Lunes,0.0,10:15:00,,0.0,2,"Moto/Ciclomotor,Automóvil",Av. Pellegrini Y Italia,2,1,0,0,1,0,0,,Avenida,,ROSARIO,Rosario,Asfalto,Pavimento,II,Dentro,Urbana,Semáforo,Funciona,Recta,Bueno,Buena,Diurna,Buen Tiempo,Lateral,S/D,Colisión,S/D,Vertical,Cordón divisorio,S/D,POINT (-60.650600100000005 -32.955561700000004),"['Pellegrini', 'Italia']",2,Avenida Carlos Pellegrini; Italia,-32.955561700000004,-60.650600100000005,55.0,538.0,Municipio Rosario,Municipio,Rosario,820210,Servicio de Catastro e Información Territorial,IGN
2015,2151,2015-03-10,Martes,0.0,18:05:00,,0.0,2,"Automóvil,Moto/Ciclomotor",San Martin Y Rueda,3,1,0,0,2,0,0,,Avenida,,ROSARIO,Rosario,Asfalto,No existe,II,Dentro,Urbana,Semáforo,Funciona,Recta,S/D,Buena,Atardecer,Buen Tiempo,Lateral,S/D,Colisión,S/D,S/D,S/D,S/D,POINT (-60.642861499999995 -32.9713425),"['San Martin', 'Rueda']",2,José de San Martín; Rueda,-32.9713425,-60.6428615,55.0,538.0,Municipio Rosario,Municipio,Rosario,820210,Servicio de Catastro e Información Territorial,IGN
2015,2152,2015-03-16,Lunes,0.0,10:30:00,,0.0,2,"Peatón,Moto/Ciclomotor",Av. Pellegrini Y Alvear,3,1,0,0,2,0,0,,Avenida,,ROSARIO,Rosario,Asfalto,Pavimento,II,Dentro,Urbana,Semáforo,Funciona,Recta,Bueno,Buena,Diurna,Buen Tiempo,S/D,S/D,Atropello,S/D,Vertical,Barrera de hormigón,S/D,POINT (-60.6574268 -32.95433405),"['Pellegrini', 'Alvear']",2,Avenida Carlos Pellegrini; Alvear,-32.95433405,-60.6574268,55.0,538.0,Municipio Rosario,Municipio,Rosario,820210,Servicio de Catastro e Información Territorial,IGN
2015,2156,2015-03-09,Lunes,0.0,18:00:00,,0.0,2,"Automóvil,Moto/Ciclomotor",Ayacucho Y Gaboto,2,1,0,0,1,0,0,,Calle,,ROSARIO,Rosario,Asfalto,No existe,II,Dentro,Urbana,Ninguna,No existe,Intersección,Bueno,Buena,Diurna,Buen Tiempo,Otro,S/D,Colisión,Ninguna,Faltante,S/D,Sin restricción,POINT (-60.633682699999994 -32.975366199999996),"['Ayacucho', 'Gaboto']",2,Ayacucho; Gaboto,-32.9753662,-60.6336827,55.0,538.0,Municipio Rosario,Municipio,Rosario,820210,Servicio de Catastro e Información Territorial,IGN
2015,2164,2015-02-19,Jueves,0.0,18:00:00,,0.0,2,"Moto/Ciclomotor,Automóvil",Saavedra Y Maipu,2,1,0,0,1,0,0,,Calle,,ROSARIO,Rosario,Asfalto,No existe,II,Dentro,Urbana,Ninguna,No existe,Intersección,Bueno,Buena,Diurna,Buen Tiempo,Lateral,S/D,Colisión,Ninguna,Faltante,Ninguna,Sin restricción,POINT (-60.6433538 -32.97843379999999),"['Saavedra', 'Maipú']",2,Saavedra; Maipú,-32.97843379999999,-60.6433538,55.0,538.0,Municipio Rosario,Municipio,Rosario,820210,Servicio de Catastro e Información Territorial,IGN
2015,2165,2015-03-05,Jueves,0.0,02:00:00,,0.0,2,"Automóvil,Moto/Ciclomotor",Sarmiento Y Gaboto,2,1,0,0,1,0,0,,S/D,,ROSARIO,Rosario,Asfalto,No existe,II,Dentro,Urbana,Ninguna,No existe,Intersección,Bueno,Buena,Nocturna,Buen Tiempo,De alcance,S/D,Colisión,Ninguna,Faltante,Ninguna,Sin restricción,POINT (-60.64492839999999 -32.973346899999996),"['Sarmiento', 'Gaboto']",2,Sarmiento; Gaboto,-32.9733469,-60.64492839999999,55.0,538.0,Municipio Rosario,Municipio,Rosario,820210,Servicio de Catastro e Información Territorial,IGN
2015,2169,2015-01-05,Lunes,0.0,22:25:00,,0.0,2,"Moto/Ciclomotor,Moto/Ciclomotor",Cochabamba Y Necochea,2,1,0,0,1,0,0,,S/D,,ROSARIO,Rosario,Asfalto,No existe,II,S/D,S/D,Ninguna,No existe,Intersección,Bueno,Buena,"Nocturna,Con luz artificial",Buen Tiempo,De alcance,S/D,Colisión,Ninguna,Faltante,Ninguna,Sin restricción,POINT (-60.62717440000001 -32.960948899999984),"['Cochabamba', 'Necochea']",2,Cochabamba; Necochea,-32.960948899999984,-60.62717440000001,55.0,538.0,Municipio Rosario,Municipio,Rosario,820210,Servicio de Catastro e Información Territorial,IGN
2015,2173,2015-03-02,Lunes,0.0,08:30:00,,0.0,2,"Moto/Ciclomotor,Automóvil",Ayacucho Y Rueda,2,1,0,0,1,0,0,,Calle,,ROSARIO,Rosario,Asfalto,No existe,II,Dentro,Urbana,Ninguna,No existe,Intersección,Bueno,Buena,Diurna,Buen Tiempo,Lateral,S/D,Colisión,Ninguna,Faltante,Ninguna,Sin restricción,POINT (-60.6331082 -32.9730883),"['Ayacucho', 'Rueda']",2,Ayacucho; Rueda,-32.9730883,-60.6331082,55.0,538.0,Municipio Rosario,Municipio,Rosario,820210,Servicio de Catastro e Información Territorial,IGN
2015,2178,2015-03-21,Sabado,0.0,19:00:00,,0.0,2,"Automóvil,Bicicleta",Dr.Rivas Y Buenos Aires,2,1,0,0,1,0,0,,S/D,,ROSARIO,Rosario,Asfalto,No existe,II,Dentro,Urbana,Ninguna,No existe,Intersección,Bueno,Buena,Diurna,Buen Tiempo,S/D,S/D,Atropello,S/D,Faltante,Ninguna,Sin restricción,POINT (-60.64209 -32.9846811),"['Doctor Francisco Riva', 'Buenos Aires']",2,Doctor Francisco Riva; Buenos Aires,-32.9846811,-60.64209,55.0,538.0,Municipio Rosario,Municipio,Rosario,820210,Servicio de Catastro e Información Territorial,IGN
2015,2180,2015-01-10,Sabado,0.0,,,0.0,2,"Moto/Ciclomotor,Automóvil",L.N.Alem Y Viamonte,2,1,0,0,1,0,0,,Calle,,ROSARIO,Rosario,Asfalto,No existe,II,S/D,Urbana,Semáforo,Intermitente,Intersección,Bueno,Buena,Con luz artificial,Buen Tiempo,De alcance,S/D,Colisión,Ninguna,Vertical,Ninguna,Sin restricción,POINT (-60.633022200000006 -32.967092799999996),"['Alem', 'Viamonte']",2,Leandro N. Alem; Viamonte,-32.9670928,-60.633022200000006,55.0,538.0,Municipio Rosario,Municipio,Rosario,820210,Servicio de Catastro e Información Territorial,IGN
2015,2181,2015-02-04,Miercoles,0.0,21:00:00,,0.0,2,"Moto/Ciclomotor,Automóvil",Buenos Aires 3400,2,1,0,0,1,0,0,,Calle,,ROSARIO,Rosario,Asfalto,No existe,II,S/D,Urbana,Ninguna,No existe,Recta,Bueno,Buena,Nocturna,S/D,Lateral,S/D,Colisión,Ninguna,Horizontal,S/D,Sin restricción,"-32.9776303, -60.6403934",['Buenos Aires 3400'],1,Buenos Aires 3400,-32.9776303,-60.6403934,55.0,538.0,Municipio Rosario,Municipio,Rosario,820210,Servicio de Catastro e Información Territorial,IGN
2015,2184,2015-01-09,Viernes,0.0,19:20:00,,0.0,2,"Automóvil,Moto/Ciclomotor",Necochea Y La Paz,3,2,0,0,1,0,0,,Calle,,ROSARIO,Rosario,Asfalto,No existe,II,Dentro,Urbana,Señal Pare,No existe,Intersección,Bueno,Buena,Con luz artificial,Buen Tiempo,Lateral,S/D,Colisión,Ninguna,Vertical,Ninguna,Sin restricción,POINT (-60.6285924 -32.966664399999985),"['Necochea', 'La Paz']",2,Necochea; La Paz,-32.966664399999985,-60.6285924,55.0,538.0,Municipio Rosario,Municipio,Rosario,820210,Servicio de Catastro e Información Territorial,IGN
2015,2186,2015-01-07,Miercoles,0.0,18:00:00,,0.0,2,"Automóvil,Pickup/Utilitario",Bv. 27 De Febrero Y Necochea,3,2,0,0,1,0,0,,Avenida,,ROSARIO,Rosario,Asfalto,No existe,II,Dentro,Urbana,Semáforo,Funciona,Intersección,Bueno,Buena,Diurna,Buen Tiempo,De alcance,S/D,Colisión,Ninguna,Vertical,Cordón divisorio,Sin restricción,POINT (-60.6294936 -32.9701003),"['27 de Febrero', 'Necochea']",2,Bulevar 27 de Febrero; Necochea,-32.9701003,-60.6294936,55.0,538.0,Municipio Rosario,Municipio,Rosario,820210,Servicio de Catastro e Información Territorial,IGN
2015,2188,2015-01-07,Miercoles,0.0,09:25:00,,0.0,2,"Vehículo Oficial,Automóvil",Cerrito Y Necochea,3,2,0,0,1,0,0,,Calle,,ROSARIO,Rosario,Asfalto,No existe,II,S/D,Urbana,Señal Pare,No existe,Intersección,Bueno,Buena,Diurna,Buen Tiempo,Lateral,S/D,Colisión,Ninguna,Vertical,Ninguna,Sin restricción,POINT (-60.628048699999994 -32.96436419999999),"['Cerrito', 'Necochea']",2,Cerrito; Necochea,-32.96436419999999,-60.6280487,55.0,538.0,Municipio Rosario,Municipio,Rosario,820210,Servicio de Catastro e Información Territorial,IGN
2015,2189,2015-03-04,Miercoles,0.0,19:30:00,,0.0,2,"Moto/Ciclomotor,Automóvil",Urquiza Y Bv. Oroño,3,2,0,0,1,0,0,,Avenida,,ROSARIO,Rosario,Asfalto,S/D,II,Dentro,Urbana,S/D,S/D,Recta,Bueno,Buena,Atardecer,S/D,De alcance,S/D,Colisión,S/D,S/D,S/D,S/D,POINT (-60.652427200000005 -32.940226100000004),"['Urquiza', 'Bulevar Nicasio Oroño']",2,Justo José de Urquiza; Bulevar Nicasio Oroño,-32.940226100000004,-60.652427200000005,55.0,538.0,Municipio Rosario,Municipio,Rosario,820210,Servicio de Catastro e Información Territorial,IGN
2015,2193,2015-01-28,Miercoles,0.0,05:30:00,,0.0,2,"Automóvil,Pickup/Utilitario",San Martin 1900,2,1,0,0,1,0,0,,S/D,,ROSARIO,Rosario,Asfalto,No existe,II,S/D,S/D,Ninguna,Intermitente,Recta,Bueno,Buena,Nocturna,Buen Tiempo,Lateral,S/D,Colisión,S/D,Faltante,Línea divisoria pintada,Sin restricción,"-32.9597349, -60.6400744",['San Martin 1900'],1,San Martin 1900,-32.9597349,-60.6400744,55.0,538.0,Municipio Rosario,Municipio,Rosario,820210,Servicio de Catastro e Información Territorial,IGN
2015,2194,2015-03-19,Jueves,0.0,18:30:00,,0.0,2,"Moto/Ciclomotor,Automóvil",Necochea Y Cerrito,3,1,0,0,2,0,0,,Calle,,ROSARIO,Rosario,Asfalto,No existe,II,Dentro,Urbana,Señal Pare,No existe,Intersección,Bueno,Buena,Atardecer,Buen Tiempo,Lateral,S/D,Colisión,Ninguna,Vertical,Ninguna,Sin restricción,POINT (-60.628048699999994 -32.96436419999999),"['Necochea', 'Cerrito']",2,Necochea; Cerrito,-32.96436419999999,-60.6280487,55.0,538.0,Municipio Rosario,Municipio,Rosario,820210,Servicio de Catastro e Información Territorial,IGN
2015,2198,2015-03-08,Domingo,0.0,21:00:00,,0.0,2,"Automóvil,Automóvil",Ituzaingo Y Colon,3,2,0,0,1,0,0,,Calle,,ROSARIO,Rosario,Asfalto,No existe,II,Dentro,Urbana,Ninguna,No existe,Intersección,Bueno,Buena,"Nocturna,Con luz artificial",Buen Tiempo,Lateral,S/D,Colisión,Agua,Faltante,Ninguna,Sin restricción,POINT (-60.62911900000001 -32.962965600000004),"['Ituzaingó', 'Colon']",2,Ituzaingó; Cristóbal Colón,-32.962965600000004,-60.62911900000001,55.0,538.0,Municipio Rosario,Municipio,Rosario,820210,Servicio de Catastro e Información Territorial,IGN
2015,2201,2015-03-06,Viernes,0.0,10:00:00,,0.0,2,"Taxi/Remis,Moto/Ciclomotor",Necochea Y Cochabamba,2,1,0,0,1,0,0,,Calle,,ROSARIO,Rosario,Asfalto,No existe,II,Dentro,Urbana,Señal Pare,No existe,Intersección,Bueno,Buena,Diurna,Buen Tiempo,Lateral,S/D,Colisión,Ninguna,Vertical,Ninguna,Sin restricción,POINT (-60.62717440000001 -32.960948899999984),"['Necochea', 'Cochabamba']",2,Necochea; Cochabamba,-32.960948899999984,-60.62717440000001,55.0,538.0,Municipio Rosario,Municipio,Rosario,820210,Servicio de Catastro e Información Territorial,IGN
2015,2205,2015-02-14,Sabado,0.0,11:00:00,,0.0,2,"Automóvil,Automóvil",Chacabuco Y Viamonte,2,2,0,0,0,0,0,,Calle,,ROSARIO,Rosario,Asfalto,No existe,II,Dentro,Urbana,Ninguna,No existe,Intersección,Bueno,Buena,Diurna,Buen Tiempo,Lateral,S/D,Colisión,Ninguna,Faltante,Ninguna,Sin restricción,POINT (-60.62753089999999 -32.968066900000004),"['Chacabuco', 'Viamonte']",2,Chacabuco; Viamonte,-32.968066900000004,-60.62753089999999,55.0,538.0,Municipio Rosario,Municipio,Rosario,820210,Servicio de Catastro e Información Territorial,IGN
2015,2208,2015-03-19,Jueves,0.0,09:20:00,,0.0,2,"Automóvil,Moto/Ciclomotor",Viamonte Y Av. Corrientes,2,1,0,0,1,0,0,,Calle,,ROSARIO,Rosario,Asfalto,S/D,II,Dentro,Urbana,Señal Pare,No existe,Recta,Bueno,Buena,Diurna,Buen Tiempo,De alcance,S/D,Colisión,S/D,Vertical,Barrera de hormigón,S/D,POINT (-60.6471065 -32.96460619999999),"['Viamonte', 'Corrientes']",2,Viamonte; Corrientes,-32.96460619999999,-60.6471065,55.0,538.0,Municipio Rosario,Municipio,Rosario,820210,Servicio de Catastro e Información Territorial,IGN
2015,2210,2015-03-18,Miercoles,0.0,15:20:00,,0.0,2,"Automóvil,Bicicleta",Av. Corrientes Y Galvez,2,1,0,0,1,0,0,,Calle,,ROSARIO,Rosario,Asfalto,Pavimento,II,Dentro,Urbana,Señal Ceda el Paso,No existe,Recta,Bueno,Buena,Diurna,Buen Tiempo,S/D,S/D,Atropello,S/D,Vertical,Barrera de hormigón,S/D,POINT (-60.64797829999999 -32.968026599999995),"['Corrientes', 'Galvez']",2,Corrientes; José Gálvez,-32.968026599999995,-60.64797829999999,55.0,538.0,Municipio Rosario,Municipio,Rosario,820210,Servicio de Catastro e Información Territorial,IGN
2015,2214,2015-02-10,Martes,0.0,14:55:00,,0.0,2,"Automóvil,Automóvil",Ocampo Y Laprida,3,1,0,0,2,0,0,,Calle,,ROSARIO,Rosario,Asfalto,No existe,II,Dentro,Urbana,Ninguna,No existe,Intersección,Bueno,Buena,Diurna,Buen Tiempo,Lateral,S/D,Colisión,Ninguna,Faltante,Ninguna,Sin restricción,POINT (-60.6392734 -32.967158299999994),"['Ocampo', 'Laprida']",2,Ocampo; Francisco Narciso Laprida,-32.967158299999994,-60.6392734,55.0,538.0,Municipio Rosario,Municipio,Rosario,820210,Servicio de Catastro e Información Territorial,IGN
2015,2217,2015-03-18,Miercoles,0.0,11:05:00,,0.0,1,Automóvil,Bv. 27 De Febrero Y Rodriguez,2,1,0,0,1,0,0,,Avenida,,ROSARIO,Rosario,Asfalto,Pavimento,II,Dentro,Urbana,Señal Pare,No existe,Recta,Bueno,Buena,Diurna,Buen Tiempo,De alcance,S/D,Colisión,S/D,Vertical,Barrera de hormigón,S/D,POINT (-60.664033700000005 -32.9639167),"['27 de Febrero', 'Rodríguez']",2,Bulevar 27 de Febrero; Rodríguez de Escobedo,-32.9639167,-60.664033700000005,55.0,538.0,Municipio Rosario,Municipio,Rosario,820210,Servicio de Catastro e Información Territorial,IGN
2015,2220,2015-02-06,Viernes,0.0,21:00:00,,0.0,2,"Moto/Ciclomotor,Automóvil",Riobamba Y J.M.de Rosas,3,2,0,0,1,0,0,,Calle,,ROSARIO,Rosario,Asfalto,No existe,II,Dentro,Urbana,Ninguna,No existe,Recta,Bueno,Buena,"Nocturna,Con luz artificial",Buen Tiempo,Contra objeto fijo,S/D,Colisión,Ninguna,Faltante,Ninguna,Sin restricción,POINT (-60.635437700000004 -32.964253500000005),"['Riobamba', 'De Rosas']",2,Riobamba; Juan Manuel de Rosas,-32.964253500000005,-60.6354377,55.0,538.0,Municipio Rosario,Municipio,Rosario,820210,Servicio de Catastro e Información Territorial,IGN
2015,2223,2015-03-10,Martes,0.0,16:00:00,,0.0,2,"Moto/Ciclomotor,Moto/Ciclomotor",Galvez Y Italia,2,1,0,0,1,0,0,,Calle,,ROSARIO,Rosario,Asfalto,S/D,II,Dentro,Urbana,Señal Pare,No existe,Recta,S/D,Buena,Diurna,Buen Tiempo,Lateral,S/D,Colisión,S/D,S/D,S/D,S/D,POINT (-60.6534929 -32.9670467),"['Galvez', 'Italia']",2,José Gálvez; Italia,-32.9670467,-60.6534929,55.0,538.0,Municipio Rosario,Municipio,Rosario,820210,Servicio de Catastro e Información Territorial,IGN
2015,2226,2015-03-11,Miercoles,0.0,11:20:00,,0.0,2,"Bicicleta,Automóvil",San Martin Y Av. Pellegrini,2,1,0,0,1,0,0,,Avenida,,ROSARIO,Rosario,Asfalto,No existe,II,Dentro,Urbana,Semáforo,Funciona,Recta,Bueno,Buena,Diurna,Buen Tiempo,S/D,S/D,Atropello,S/D,Vertical,S/D,S/D,POINT (-60.68038573333334 -32.9696798),"['San Martin', 'Pellegrini']",2,José de San Martín; Avenida Carlos Pellegrini,-32.9696798,-60.68038573333334,55.0,538.0,Municipio Rosario,Municipio,Rosario,820210,Servicio de Catastro e Información Territorial,IGN
2015,2229,2015-02-08,Domingo,0.0,11:00:00,,0.0,2,"Moto/Ciclomotor,Automóvil",Cochabamba 50BIS,2,1,0,0,1,0,0,,Calle,,ROSARIO,Rosario,Asfalto,No existe,II,Dentro,Urbana,Ninguna,No existe,Recta,Bueno,Buena,Diurna,Buen Tiempo,De alcance,S/D,Colisión,Ninguna,Faltante,Ninguna,S/D,"-32.9518343, -60.6780999",['Cochabamba 50bis'],1,Cochabamba 50bis,-32.9518343,-60.6780999,55.0,538.0,Municipio Rosario,Municipio,Rosario,820210,Servicio de Catastro e Información Territorial,IGN
2015,2230,2015-03-12,Jueves,0.0,13:25:00,,0.0,2,"Moto/Ciclomotor,Pickup/Utilitario",Entre Rios Y Pasco,2,1,0,0,1,0,0,,Calle,,ROSARIO,Rosario,Asfalto,No existe,II,Dentro,Urbana,Señal Ceda el Paso,No existe,Recta,Bueno,Buena,Diurna,Buen Tiempo,De alcance,S/D,Colisión,S/D,Vertical,S/D,Sin restricción,POINT (-60.644253299999995 -32.9590723),"['Entre Ríos', 'Pasco']",2,Entre Ríos; Pasco,-32.9590723,-60.6442533,55.0,538.0,Municipio Rosario,Municipio,Rosario,820210,Servicio de Catastro e Información Territorial,IGN
2015,2231,2015-03-04,Miercoles,0.0,00:45:00,,0.0,2,"Moto/Ciclomotor,Automóvil",Av. Uriburu Y Paraguay,4,1,0,0,3,0,0,,Avenida,,ROSARIO,Rosario,Asfalto,No existe,II,Dentro,Urbana,Ninguna,No existe,Intersección,Bueno,Buena,Nocturna,Buen Tiempo,De alcance,S/D,Colisión,Ninguna,Faltante,Ninguna,Sin restricción,POINT (-60.655215850000005 -32.990962749999994),"['Uriburu', 'Paraguay']",2,Avenida José Uriburu; Paraguay,-32.990962749999994,-60.655215850000005,55.0,538.0,Municipio Rosario,Municipio,Rosario,820210,Servicio de Catastro e Información Territorial,IGN
2015,2234,2015-01-20,Martes,0.0,19:15:00,,0.0,2,"Automóvil,Automóvil",Cochabamba Y L.N.Alem,3,2,0,0,1,0,0,,Calle,,ROSARIO,Rosario,Asfalto,No existe,II,Dentro,Urbana,Señal Pare,No existe,Intersección,Bueno,Buena,Atardecer,Buen Tiempo,Lateral,S/D,Colisión,Ninguna,Faltante,Ninguna,Sin restricción,POINT (-60.6312845 -32.96022949999999),"['Cochabamba', 'Alem']",2,Cochabamba; Leandro N. Alem,-32.96022949999999,-60.6312845,55.0,538.0,Municipio Rosario,Municipio,Rosario,820210,Servicio de Catastro e Información Territorial,IGN
2015,2236,2015-03-03,Martes,0.0,18:55:00,,0.0,2,"Automóvil,Moto/Ciclomotor",Garibaldi Y Sarmiento,3,2,0,0,0,0,1,,Calle,,ROSARIO,Rosario,Asfalto,No existe,II,Dentro,Urbana,Ninguna,No existe,Intersección,Bueno,Buena,Diurna,Buen Tiempo,De alcance,S/D,Colisión,Ninguna,Faltante,Ninguna,Sin restricción,POINT (-60.6481261 -32.9859707),"['José Garibaldi', 'Sarmiento']",2,José Garibaldi; Sarmiento,-32.9859707,-60.6481261,55.0,538.0,Municipio Rosario,Municipio,Rosario,820210,Servicio de Catastro e Información Territorial,IGN
2015,2239,2015-03-03,Martes,0.0,09:25:00,,0.0,1,,Bv. Segui Y Santiago,2,1,0,0,1,0,0,,Avenida,,ROSARIO,Rosario,Asfalto,No existe,II,Dentro,Urbana,Ninguna,No existe,Intersección,Bueno,Buena,Diurna,Buen Tiempo,De alcance,S/D,Colisión,Ninguna,Faltante,Ninguna,Sin restricción,POINT (-60.66421355000001 -32.97588705),"['Bulevar Juan Francisco Seguí', 'Santiago']",2,Bulevar Juan Francisco Seguí; Santiago,-32.97588705,-60.66421355000001,55.0,538.0,Municipio Rosario,Municipio,Rosario,820210,Servicio de Catastro e Información Territorial,IGN
2015,2316,2015-03-11,Miercoles,0.0,07:20:00,,0.0,2,"Moto/Ciclomotor,Otros",Dr.Rivas Y Necochea,2,1,0,0,1,0,0,,Calle,,ROSARIO,Rosario,Asfalto,No existe,II,Dentro,Urbana,Ninguna,S/D,Recta,Bueno,Buena,Diurna,Buen Tiempo,De alcance,S/D,Colisión,S/D,Faltante,Ninguna,Sin restricción,POINT (-60.63355369999999 -32.9861821),"['Doctor Francisco Riva', 'Necochea']",2,Doctor Francisco Riva; Necochea,-32.9861821,-60.63355369999999,55.0,538.0,Municipio Rosario,Municipio,Rosario,820210,Servicio de Catastro e Información Territorial,IGN
2015,2358,2015-03-05,Jueves,0.0,18:00:00,,0.0,2,"Peatón,Automóvil",Sarmiento Y Tucuman,2,0,1,0,1,0,0,,Calle,,ROSARIO,Rosario,Asfalto,No existe,II,S/D,Urbana,Ninguna,No existe,Intersección,Bueno,Buena,Diurna,Buen Tiempo,Otro,S/D,Atropello,S/D,Faltante,Ninguna,Sin restricción,POINT (-60.6370593 -32.9418483),"['Sarmiento', 'Tucumán']",2,Sarmiento; Tucumán,-32.9418483,-60.6370593,55.0,538.0,Municipio Rosario,Municipio,Rosario,820210,Servicio de Catastro e Información Territorial,IGN
2015,2364,2015-03-10,Martes,0.0,12:45:00,,0.0,2,"Automóvil,Moto/Ciclomotor",Urquiza Y Bv. Oroño,3,2,0,0,1,0,0,,Avenida,,ROSARIO,Rosario,Asfalto,No existe,II,Dentro,Urbana,Ninguna,No existe,Intersección,Bueno,Buena,Diurna,Buen Tiempo,Lateral,S/D,Colisión,S/D,Faltante,Cordón divisorio,Sin restricción,POINT (-60.652427200000005 -32.940226100000004),"['Urquiza', 'Bulevar Nicasio Oroño']",2,Justo José de Urquiza; Bulevar Nicasio Oroño,-32.940226100000004,-60.652427200000005,55.0,538.0,Municipio Rosario,Municipio,Rosario,820210,Servicio de Catastro e Información Territorial,IGN
2015,2369,2015-03-18,Miercoles,0.0,11:30:00,,0.0,2,"Taxi/Remis,Automóvil",Tucuman Y Pte.Roca,2,1,0,0,1,0,0,,Calle,,ROSARIO,Rosario,Asfalto,No existe,II,Dentro,Urbana,Ninguna,No existe,Intersección,Bueno,Buena,Diurna,Buen Tiempo,Lateral,S/D,Colisión,S/D,Faltante,Ninguna,Sin restricción,POINT (-60.64392070000001 -32.9405554),"['Tucumán', 'Roca']",2,Tucumán; Presidente Roca,-32.9405554,-60.64392070000001,55.0,538.0,Municipio Rosario,Municipio,Rosario,820210,Servicio de Catastro e Información Territorial,IGN
2015,2373,2015-03-20,Viernes,0.0,16:30:00,,0.0,2,"Automóvil,Moto/Ciclomotor",Bv. Oroño Y Urquiza,2,1,0,0,1,0,0,,Avenida,,ROSARIO,Rosario,S/D,No existe,II,Dentro,Urbana,Ninguna,No existe,Intersección,Bueno,Buena,Diurna,Buen Tiempo,Lateral,S/D,Colisión,S/D,Faltante,Ninguna,Sin restricción,POINT (-60.652427200000005 -32.940226100000004),"['Bulevar Nicasio Oroño', 'Urquiza']",2,Bulevar Nicasio Oroño; Justo José de Urquiza,-32.940226100000004,-60.652427200000005,55.0,538.0,Municipio Rosario,Municipio,Rosario,820210,Servicio de Catastro e Información Territorial,IGN
2015,2374,2015-04-10,Viernes,0.0,07:50:00,,0.0,2,"Automóvil,Moto/Ciclomotor",Pje. Curie Y Rodriguez,2,1,0,0,1,0,0,,Calle,,ROSARIO,Rosario,Asfalto,No existe,II,Dentro,Urbana,Ninguna,No existe,Intersección,Bueno,Buena,Diurna,Buen Tiempo,De alcance,S/D,Colisión,Ninguna,Faltante,Ninguna,Sin restricción,POINT (-60.6653607 -32.96910859999999),"['Pasaje Madame Curie', 'Rodríguez']",2,Pasaje Madame Curie; Rodríguez de Escobedo,-32.96910859999999,-60.6653607,55.0,538.0,Municipio Rosario,Municipio,Rosario,820210,Servicio de Catastro e Información Territorial,IGN