anio_acci,nro_acci,fecha,desc_dia,fecha_aprox,hora_aprox,desc_ruta,km,cant_participantes,desc_participante,calle_avenida_km,total,heridos_leves,heridos_graves,heridos_gravisimos,ilesos,fallecidos,sin_datos,posicion_XY,desc_tipo_via,desc_ruta_ori,desc_loc,desc_dpto,desc_tipo_calzada,desc_tipo_banquina,desc_unidad_regional,desc_lugar_calzada,desc_zona,desc_prioridad,desc_estado_semaforo,desc_lugar_via,desc_estado_via,desc_estado_visibilidad,desc_luminosidad,desc_estado_clima,desc_tipo_colision,desc_tipo_atropello,desc_tipo_hecho,desc_pres_calzada,desc_senializacion,desc_separacion_via,desc_restriccion,forma_geocod,calle_lista,numero_calles,calles_osm,lat,lon,index_right,gid,fna,gna,nam,in1,fdc,sag
2015,2376,2015-04-10,Viernes,0.0,07:45:00,,0.0,2,"Automóvil,Moto/Ciclomotor",Pje. Curie Y Rodriguez,2,1,0,0,1,0,0,,Calle,,ROSARIO,Rosario,Asfalto,No existe,II,Dentro,Urbana,Ninguna,No existe,Intersección,Bueno,Buena,Diurna,Buen Tiempo,De alcance,S/D,Colisión,Ninguna,Faltante,Ninguna,Sin restricción,POINT (-60.6653607 -32.96910859999999),"['Pasaje Madame Curie', 'Rodríguez']",2,Pasaje Madame Curie; Rodríguez de Escobedo,-32.96910859999999,-60.6653607,55.0,538.0,Municipio Rosario,Municipio,Rosario,820210,Servicio de Catastro e Información Territorial,IGN
2015,2380,2015-03-28,Sabado,0.0,19:30:00,,0.0,2,"Peatón,Automóvil",J.M.de Rosas ,2,1,0,0,1,0,0,,Calle,,ROSARIO,Rosario,Asfalto,S/D,II,Dentro,Urbana,Paso Peatonal,S/D,Recta,Bueno,Buena,Diurna,S/D,Otro,S/D,Atropello,S/D,S/D,Cordón divisorio,S/D,"-32.9688275, -60.63659",['J M De Rosas'],1,J M De Rosas,-32.9688275,-60.63659,55.0,538.0,Municipio Rosario,Municipio,Rosario,820210,Servicio de Catastro e Información Territorial,IGN
2015,2383,2015-04-09,Jueves,0.0,15:30:00,,0.0,2,"Moto/Ciclomotor,Automóvil",Entre Rios Y Saavedra,2,1,0,0,1,0,0,,Calle,,ROSARIO,Rosario,Asfalto,No existe,II,Dentro,Urbana,Ninguna,No existe,Intersección,Bueno,Buena,Diurna,Buen Tiempo,De alcance,S/D,Colisión,Ninguna,Faltante,Ninguna,Sin restricción,POINT (-60.6488964 -32.977447199999986),"['Entre Ríos', 'Saavedra']",2,Entre Ríos; Saavedra,-32.977447199999986,-60.6488964,55.0,538.0,Municipio Rosario,Municipio,Rosario,820210,Servicio de Catastro e Información Territorial,IGN
2015,2396,2015-04-07,Martes,0.0,09:45:00,,0.0,2,"Automóvil,Bicicleta",Bv. Segui Y Mitre,2,1,0,0,1,0,0,,Calle,,ROSARIO,Rosario,Asfalto,No existe,II,Dentro,Urbana,Ninguna,No existe,Intersección,Bueno,Buena,Diurna,Buen Tiempo,S/D,S/D,Atropello,Ninguna,Faltante,Cordón divisorio,Sin restricción,POINT (-60.6477426 -32.97883275),"['Bulevar Juan Francisco Seguí', 'Mitre']",2,Bulevar Juan Francisco Seguí; Bartolomé Mitre,-32.97883275,-60.6477426,55.0,538.0,Municipio Rosario,Municipio,Rosario,820210,Servicio de Catastro e Información Territorial,IGN
2015,2402,2015-04-08,Miercoles,0.0,16:50:00,,0.0,2,"Moto/Ciclomotor,Automóvil",Rodriguez 378,2,1,0,0,1,0,0,,Calle,,ROSARIO,Rosario,Asfalto,No existe,II,S/D,Urbana,Semáforo,Funciona,Intersección,S/D,Buena,Diurna,Buen Tiempo,S/D,S/D,Colisión,Agua,Vertical,Ninguna,Sin restricción,"-32.9639163, -60.6640323",['Rodriguez 378'],1,Rodriguez 378,-32.9639163,-60.6640323,55.0,538.0,Municipio Rosario,Municipio,Rosario,820210,Servicio de Catastro e Información Territorial,IGN
2015,2403,2015-04-20,Lunes,0.0,11:20:00,,0.0,2,"Automóvil,Automóvil",Tucuman Y Ricchieri,2,2,0,0,0,0,0,,Calle,,ROSARIO,Rosario,Asfalto,No existe,II,S/D,Urbana,Ninguna,No existe,Intersección,Bueno,Buena,Diurna,Buen Tiempo,De alcance,S/D,Colisión,S/D,S/D,Ninguna,Sin restricción,POINT (-60.661682 -32.937394000000005),"['Tucumán', 'Ricchieri']",2,Tucumán; Ricchieri,-32.937394000000005,-60.661682,55.0,538.0,Municipio Rosario,Municipio,Rosario,820210,Servicio de Catastro e Información Territorial,IGN
2015,2405,2015-04-20,Lunes,0.0,09:40:00,,0.0,2,"Peatón,Automóvil",San Lorenzo Y Ricchieri,2,1,0,0,1,0,0,,Calle,,ROSARIO,Rosario,Asfalto,No existe,II,S/D,Urbana,Ninguna,No existe,Intersección,Bueno,Buena,Diurna,Buen Tiempo,S/D,S/D,Atropello,S/D,Faltante,Ninguna,Sin restricción,POINT (-60.66225899999999 -32.939696399999995),"['San Lorenzo', 'Ricchieri']",2,San Lorenzo; Ricchieri,-32.939696399999995,-60.66225899999999,55.0,538.0,Municipio Rosario,Municipio,Rosario,820210,Servicio de Catastro e Información Territorial,IGN
2015,2416,2015-03-05,Jueves,0.0,10:00:00,,0.0,2,"Automóvil,Automóvil",Necochea 1200,2,1,0,0,1,0,0,,Calle,,ROSARIO,Rosario,Asfalto,S/D,II,Dentro,Urbana,S/D,S/D,Recta,Bueno,S/D,Diurna,Buen Tiempo,Otro,S/D,Colisión,S/D,S/D,S/D,S/D,"-32.9770099, -60.6312378",['Necochea 1200'],1,Necochea 1200,-32.9770099,-60.6312378,55.0,538.0,Municipio Rosario,Municipio,Rosario,820210,Servicio de Catastro e Información Territorial,IGN
2015,2490,2015-04-29,Miercoles,0.0,17:40:00,,0.0,3,"Automóvil,Automóvil,Automóvil",Bv. Avellaneda Y Av. Del Valle,3,1,0,0,2,0,0,,Calle,,ROSARIO,Rosario,Asfalto,S/D,II,S/D,Urbana,Semáforo,S/D,Intersección,Bueno,S/D,Diurna,Buen Tiempo,Múltiple,S/D,Colisión,Ninguna,"Horizontal,Vertical",Cordón divisorio,Sin restricción,POINT (-60.6739363 -32.91844950000001),"['Avellaneda', 'Del Valle']",2,Bulevar Nicolás Avellaneda; Avenida Aristóbulo del Valle,-32.91844950000001,-60.6739363,55.0,538.0,Municipio Rosario,Municipio,Rosario,820210,Servicio de Catastro e Información Territorial,IGN
2015,2492,2015-04-24,Viernes,0.0,16:30:00,,0.0,2,"Pickup/Utilitario,Moto/Ciclomotor",Urquiza Y Callao,2,1,0,0,1,0,0,,Calle,,ROSARIO,Rosario,S/D,No existe,II,Dentro,Urbana,Semáforo,Funciona,Recta,Bueno,Buena,Diurna,Buen Tiempo,S/D,S/D,Colisión,S/D,Vertical,Ninguna,Accidente Previo,POINT (-60.65924820000001 -32.93904169999998),"['Urquiza', 'Callao']",2,Justo José de Urquiza; Callao,-32.93904169999998,-60.65924820000001,55.0,538.0,Municipio Rosario,Municipio,Rosario,820210,Servicio de Catastro e Información Territorial,IGN
2015,2494,2015-04-28,Martes,0.0,08:45:00,,0.0,2,"Automóvil,Moto/Ciclomotor",Tucuman Y Vera Mujica,2,1,0,0,1,0,0,,Calle,,ROSARIO,Rosario,Asfalto,No existe,II,Dentro,Urbana,Ninguna,No existe,Recta,Bueno,Buena,Diurna,Buen Tiempo,S/D,S/D,Colisión,S/D,Faltante,S/D,Sin restricción,POINT (-60.66572680000001 -32.936646399999994),"['Tucumán', 'Vera Mujíca']",2,Tucumán; Vera Mujíca,-32.936646399999994,-60.66572680000001,55.0,538.0,Municipio Rosario,Municipio,Rosario,820210,Servicio de Catastro e Información Territorial,IGN
2015,2531,2015-04-08,Miercoles,0.0,17:00:00,,0.0,2,"Automóvil,Transporte de Pasajeros Urbano (> 8 asientos)",Urquiza Y San Nicolas,3,2,0,0,1,0,0,,Calle,,ROSARIO,Rosario,Asfalto,No existe,II,S/D,Urbana,Ninguna,No existe,Recta,Bueno,Buena,Diurna,Buen Tiempo,S/D,S/D,Colisión,S/D,Faltante,Ninguna,Sin restricción,POINT (-60.6714596 -32.93685429999999),"['Urquiza', 'San Nicolás']",2,Justo José de Urquiza; San Nicolás,-32.93685429999999,-60.6714596,55.0,538.0,Municipio Rosario,Municipio,Rosario,820210,Servicio de Catastro e Información Territorial,IGN
2015,2726,2015-05-18,Lunes,0.0,18:30:00,,0.0,2,"Moto/Ciclomotor,Automóvil",Balcarce Y Mendoza,2,1,0,0,1,0,0,,Calle,,ROSARIO,Rosario,Asfalto,S/D,II,Dentro,Urbana,Ninguna,No existe,Recta,Bueno,Buena,Diurna,Buen Tiempo,Frontal,S/D,Colisión,S/D,Faltante,Cordón divisorio,Sin restricción,POINT (-60.653223600000004 -32.949085),"['Balcarce', 'Mendoza']",2,Balcarce; Mendoza,-32.949085,-60.6532236,55.0,538.0,Municipio Rosario,Municipio,Rosario,820210,Servicio de Catastro e Información Territorial,IGN
2015,2727,2015-05-16,Sabado,0.0,01:45:00,,0.0,1,Automóvil,Av. Sorrento Y ,3,2,1,0,0,0,0,,Calle,,ROSARIO,Rosario,Asfalto,No existe,II,Dentro,Urbana,Ninguna,No existe,Recta,Bueno,Buena,Nocturna,Buen Tiempo,S/D,S/D,S/D,S/D,Faltante,Ninguna,Sin restricción,"-32.9064347, -60.68773",['Sorrento'],1,Sorrento,-32.9064347,-60.68773,55.0,538.0,Municipio Rosario,Municipio,Rosario,820210,Servicio de Catastro e Información Territorial,IGN
2015,2728,2015-05-29,Viernes,0.0,08:30:00,,0.0,2,"Moto/Ciclomotor,Moto/Ciclomotor",Bv. Avellaneda 600 ,2,2,0,0,0,0,0,,S/D,,ROSARIO,Rosario,Asfalto,S/D,II,S/D,Urbana,S/D,S/D,Intersección,Bueno,S/D,Diurna,Buen Tiempo,Lateral,S/D,Colisión,S/D,S/D,Cordón divisorio,S/D,"-32.9366351, -60.6787082",['Avellaneda 600'],1,Avellaneda 600,-32.9366351,-60.6787082,55.0,538.0,Municipio Rosario,Municipio,Rosario,820210,Servicio de Catastro e Información Territorial,IGN
2015,2729,2015-05-18,Lunes,0.0,14:15:00,,0.0,2,"Automóvil,Pickup/Utilitario",French Y Roullon,2,2,0,0,0,0,0,,Calle,,ROSARIO,Rosario,Asfalto,No existe,II,Dentro,Urbana,Ninguna,No existe,Recta,Bueno,Buena,Diurna,Buen Tiempo,De alcance,S/D,Colisión,S/D,Faltante,Ninguna,Sin restricción,POINT (-60.70300369999999 -32.9215111),"['French', 'Alfredo Rouillón']",2,Domingo French; Alfredo Rouillón,-32.9215111,-60.70300369999999,55.0,538.0,Municipio Rosario,Municipio,Rosario,820210,Servicio de Catastro e Información Territorial,IGN
2015,2730,2015-05-27,Miercoles,0.0,09:30:00,,0.0,2,"Moto/Ciclomotor,Automóvil",Av. Pellegrini Y Paraguay,2,1,0,0,1,0,0,,Calle,,ROSARIO,Rosario,Asfalto,S/D,II,Dentro,Urbana,Ninguna,S/D,Recta,Bueno,Buena,Diurna,Buen Tiempo,Frontal,S/D,Colisión,S/D,Faltante,Cordón divisorio,Sin restricción,POINT (-60.64646545 -32.95630334999999),"['Pellegrini', 'Paraguay']",2,Avenida Carlos Pellegrini; Paraguay,-32.95630334999999,-60.64646545,55.0,538.0,Municipio Rosario,Municipio,Rosario,820210,Servicio de Catastro e Información Territorial,IGN
2015,2732,2015-05-22,Viernes,0.0,08:10:00,,0.0,2,"Moto/Ciclomotor,Moto/Ciclomotor",J.B.Justo Y Colombia,3,3,0,0,0,0,0,,Calle,,ROSARIO,Rosario,Asfalto,No existe,II,Dentro,Urbana,S/D,No existe,Recta,Bueno,Buena,Diurna,Buen Tiempo,De alcance,S/D,Colisión,S/D,Faltante,Ninguna,Sin restricción,POINT (-60.7164811 -32.9335344),"['Justo', 'Colombia']",2,"('Justo José de Urquiza', 'Colombia')",-32.9335344,-60.7164811,55.0,538.0,Municipio Rosario,Municipio,Rosario,820210,Servicio de Catastro e Información Territorial,IGN
2015,2733,2015-05-19,Martes,0.0,18:55:00,,0.0,2,"Moto/Ciclomotor,Automóvil",Alberdi ,2,1,0,0,1,0,0,,Calle,,ROSARIO,Rosario,Asfalto,S/D,II,S/D,Urbana,S/D,S/D,Cruce,Bueno,Buena,Diurna,S/D,S/D,S/D,Colisión,S/D,S/D,S/D,S/D,"-32.8972624, -60.6982029",['Alberdi'],1,Alberdi,-32.8972624,-60.6982029,55.0,538.0,Municipio Rosario,Municipio,Rosario,820210,Servicio de Catastro e Información Territorial,IGN
2015,2734,2015-05-22,Viernes,0.0,09:15:00,,0.0,2,"Moto/Ciclomotor,Automóvil",Alvear 1300,2,1,0,0,1,0,0,,Calle,,ROSARIO,Rosario,Asfalto,S/D,II,Dentro,Urbana,Ninguna,No existe,Recta,Bueno,Buena,Diurna,Buen Tiempo,Frontal,S/D,Colisión,S/D,Faltante,Cordón divisorio,Sin restricción,"-32.9497478, -60.6563185",['Alvear 1300'],1,Alvear 1300,-32.9497478,-60.6563185,55.0,538.0,Municipio Rosario,Municipio,Rosario,820210,Servicio de Catastro e Información Territorial,IGN
2015,2736,2015-05-23,Sabado,0.0,03:00:00,,0.0,2,"Automóvil,Automóvil",Av. Central Y Echeverria Bis,3,1,0,0,2,0,0,,Calle,,ROSARIO,Rosario,S/D,S/D,II,S/D,Urbana,S/D,S/D,Recta,S/D,Buena,"Nocturna,Con luz artificial",Buen Tiempo,S/D,S/D,Colisión,S/D,S/D,S/D,S/D,POINT (-60.67154740000001 -32.929344699999994),"['Central', 'Echeverría']",2,Avenida Centenario Rosario Central; Echeverría,-32.929344699999994,-60.67154740000001,55.0,538.0,Municipio Rosario,Municipio,Rosario,820210,Servicio de Catastro e Información Territorial,IGN
2015,2737,2015-05-04,Lunes,0.0,21:30:00,,0.0,2,"Taxi/Remis,Moto/Ciclomotor",J.J.Paso Y Nicaragua,2,1,0,0,1,0,0,,Calle,,ROSARIO,Rosario,Asfalto,No existe,II,Dentro,Urbana,Ninguna,No existe,Recta,Bueno,Buena,Nocturna,Buen Tiempo,De alcance,S/D,Colisión,S/D,Faltante,Ninguna,Sin restricción,POINT (-60.721380025 -32.9204958),"['Paso', 'Nicaragua']",2,Avenida Juan José Paso; Nicaragua,-32.9204958,-60.721380025,55.0,538.0,Municipio Rosario,Municipio,Rosario,820210,Servicio de Catastro e Información Territorial,IGN
2015,2740,2015-05-24,Domingo,0.0,16:40:00,,0.0,2,"Automóvil,Bicicleta",Bv. Oroño Y San Luis,2,1,0,0,1,0,0,,Calle,,ROSARIO,Rosario,Asfalto,S/D,II,Dentro,Urbana,Semáforo,Funciona,Intersección,Bueno,Buena,Diurna,Buen Tiempo,S/D,S/D,Atropello,S/D,Vertical,Cordón divisorio,Sin restricción,POINT (-60.6539474 -32.946329600000006),"['Bulevar Nicasio Oroño', 'San Luis']",2,Bulevar Nicasio Oroño; San Luis,-32.946329600000006,-60.6539474,55.0,538.0,Municipio Rosario,Municipio,Rosario,820210,Servicio de Catastro e Información Territorial,IGN
2015,2741,2015-05-25,Lunes,0.0,13:10:00,,0.0,1,Moto/Ciclomotor,Cullen 1072,1,1,0,0,0,0,0,,Calle,,ROSARIO,Rosario,Asfalto,No existe,II,Dentro,Urbana,Ninguna,No existe,Recta,S/D,Buena,Diurna,Buen Tiempo,Contra objeto fijo,S/D,Colisión,S/D,Faltante,Ninguna,Sin restricción,"-32.91626057142857, -60.70979573061224",['Cullen 1072'],1,Cullen 1072,-32.91626057142857,-60.70979573061224,55.0,538.0,Municipio Rosario,Municipio,Rosario,820210,Servicio de Catastro e Información Territorial,IGN
2015,2742,2015-05-16,Sabado,0.0,10:20:00,,0.0,2,"Automóvil,Peatón",Cordoba 1700,2,1,0,0,1,0,0,,Calle,,ROSARIO,Rosario,S/D,S/D,II,Dentro,Urbana,Ninguna,No existe,Recta,Bueno,Buena,Diurna,Buen Tiempo,S/D,S/D,Atropello,S/D,Faltante,Cordón divisorio,Sin restricción,"-32.944882, -60.6465425",['Cordoba 1700'],1,Cordoba 1700,-32.944882,-60.6465425,55.0,538.0,Municipio Rosario,Municipio,Rosario,820210,Servicio de Catastro e Información Territorial,IGN
2015,2744,2015-05-04,Lunes,0.0,14:00:00,,0.0,2,"Peatón,Moto/Ciclomotor",Av. Battle y Ordoñez Y Mariano Moreno,2,1,0,0,1,0,0,,Calle,,ROSARIO,Rosario,Asfalto,Pavimento,II,Dentro,Urbana,Ninguna,S/D,Recta,Bueno,Buena,Diurna,Buen Tiempo,S/D,S/D,Atropello,S/D,S/D,Cordón divisorio,Sin restricción,POINT (-60.661635649999994 -33.0093064),"['Avenida Battle y Ordoñez', 'Mariano Moreno']",2,Avenida Battle y Ordoñez; Mariano Moreno,-33.0093064,-60.66163565,55.0,538.0,Municipio Rosario,Municipio,Rosario,820210,Servicio de Catastro e Información Territorial,IGN
2015,2745,2015-05-27,Miercoles,0.0,23:00:00,,0.0,2,"Moto/Ciclomotor,Moto/Ciclomotor",J.J.Paso Y Nicaragua,2,1,0,0,1,0,0,,Calle,,ROSARIO,Rosario,Asfalto,No existe,II,Dentro,Urbana,Ninguna,No existe,Recta,Bueno,Buena,Nocturna,Buen Tiempo,De alcance,S/D,Colisión,S/D,Faltante,Ninguna,Sin restricción,POINT (-60.721380025 -32.9204958),"['Paso', 'Nicaragua']",2,Avenida Juan José Paso; Nicaragua,-32.9204958,-60.721380025,55.0,538.0,Municipio Rosario,Municipio,Rosario,820210,Servicio de Catastro e Información Territorial,IGN
2015,2746,2015-05-15,Viernes,0.0,22:00:00,,0.0,2,"Automóvil,Moto/Ciclomotor",Santa Fe Y Balcarce,2,1,0,0,1,0,0,,Calle,,ROSARIO,Rosario,Asfalto,S/D,II,Dentro,Urbana,Semáforo,Funciona,Intersección,Bueno,Buena,"Nocturna,Con luz artificial",Buen Tiempo,Lateral,S/D,Colisión,S/D,Vertical,Cordón divisorio,Sin restricción,POINT (-60.65159370000001 -32.94261169999999),"['Santa Fe', 'Balcarce']",2,Santa Fe; Balcarce,-32.94261169999999,-60.65159370000001,55.0,538.0,Municipio Rosario,Municipio,Rosario,820210,Servicio de Catastro e Información Territorial,IGN
2015,2749,2015-05-09,Sabado,0.0,14:30:00,,0.0,2,"Moto/Ciclomotor,Automóvil",Nicaragua Y J.B.Justo,2,1,0,0,1,0,0,,Calle,,ROSARIO,Rosario,Asfalto,No existe,II,Dentro,Urbana,Ninguna,No existe,Recta,Bueno,Buena,Diurna,Buen Tiempo,De alcance,S/D,Colisión,S/D,Faltante,Ninguna,Sin restricción,POINT (-60.7210362 -32.933655),"['Nicaragua', 'Justo']",2,"('Nicaragua', 'Justo José de Urquiza')",-32.933655,-60.7210362,55.0,538.0,Municipio Rosario,Municipio,Rosario,820210,Servicio de Catastro e Información Territorial,IGN
2015,2750,2015-05-05,Martes,0.0,12:00:00,,0.0,2,"Moto/Ciclomotor,Pickup/Utilitario",San Martin Y Ceibo,4,1,0,0,3,0,0,,Calle,,ROSARIO,Rosario,Asfalto,No existe,II,Dentro,Urbana,Ninguna,No existe,Recta,Bueno,Buena,Diurna,Otro,Otro,S/D,Colisión,Ninguna,Horizontal,Cordón divisorio,Sin restricción,POINT (-60.69701646666667 -32.983419133333335),"['San Martin', 'Ceibo']",2,José de San Martín; El Ceibo,-32.983419133333335,-60.69701646666667,55.0,538.0,Municipio Rosario,Municipio,Rosario,820210,Servicio de Catastro e Información Territorial,IGN
2015,2751,2015-05-11,Lunes,0.0,14:15:00,,0.0,2,"Moto/Ciclomotor,Automóvil",Av. Corrientes 900,2,1,0,0,1,0,0,,Calle,,ROSARIO,Rosario,Asfalto,S/D,II,Dentro,Urbana,Ninguna,No existe,Recta,Bueno,Buena,Diurna,Buen Tiempo,Frontal,S/D,Colisión,S/D,Faltante,Cordón divisorio,Sin restricción,"-32.9467976, -60.6426358",['Corrientes 900'],1,Corrientes 900,-32.9467976,-60.6426358,55.0,538.0,Municipio Rosario,Municipio,Rosario,820210,Servicio de Catastro e Información Territorial,IGN
2015,2752,2015-05-18,Lunes,0.0,14:40:00,,0.0,2,"Moto/Ciclomotor,Automóvil",Junin Y Monteagudo Bis,3,2,0,0,1,0,0,,Avenida,,ROSARIO,Rosario,S/D,S/D,II,S/D,Urbana,S/D,S/D,S/D,S/D,S/D,Diurna,S/D,S/D,S/D,Colisión,S/D,S/D,S/D,S/D,POINT (-60.66740795 -32.92647035),"['Junín', 'Monteagudo']",2,Junín; Monteagudo,-32.92647035,-60.66740795,55.0,538.0,Municipio Rosario,Municipio,Rosario,820210,Servicio de Catastro e Información Territorial,IGN
2015,2754,2015-05-06,Miercoles,0.0,11:00:00,,0.0,2,"Automóvil,Automóvil",Av. Battle y Ordoñez Y Melincue,2,1,0,0,1,0,0,,Calle,,ROSARIO,Rosario,Asfalto,No existe,II,Dentro,Urbana,Ninguna,No existe,Intersección,Bueno,S/D,Diurna,Otro,Frontal,S/D,Colisión,Ninguna,Horizontal,Ninguna,Sin restricción,POINT (-60.647600700000005 -33.00889619999998),"['Avenida Battle y Ordoñez', 'Melincué']",2,Avenida Battle y Ordoñez; Melincué,-33.00889619999998,-60.647600700000005,55.0,538.0,Municipio Rosario,Municipio,Rosario,820210,Servicio de Catastro e Información Territorial,IGN
2015,2755,2015-05-06,Miercoles,0.0,09:30:00,,0.0,2,"Moto/Ciclomotor,Automóvil",Marull Y A.Maza,2,1,0,0,1,0,0,,Calle,,ROSARIO,Rosario,Asfalto,No existe,II,Dentro,Urbana,Ninguna,No existe,Intersección,Bueno,Buena,Diurna,Buen Tiempo,Lateral,S/D,Colisión,S/D,Faltante,Ninguna,S/D,POINT (-60.6852447 -32.90540169999999),"['Marull', 'Maza']",2,Marull; Juan Agustín Maza,-32.90540169999999,-60.6852447,55.0,538.0,Municipio Rosario,Municipio,Rosario,820210,Servicio de Catastro e Información Territorial,IGN
2015,2757,2015-05-23,Sabado,0.0,12:20:00,,0.0,2,"Taxi/Remis,Automóvil",Bv. Rondeau ,3,1,0,0,2,0,0,,Avenida,,ROSARIO,Rosario,Asfalto,No existe,II,Dentro,Urbana,Señal Pare,Funciona,Intersección,Bueno,Buena,Diurna,Buen Tiempo,Lateral,S/D,Colisión,Otro,Vertical,Vegetación,Sin restricción,"-32.8953858, -60.6921937",['Rondeau'],1,Rondeau,-32.8953858,-60.6921937,55.0,538.0,Municipio Rosario,Municipio,Rosario,820210,Servicio de Catastro e Información Territorial,IGN
2015,2759,2015-05-08,Viernes,0.0,21:20:00,,0.0,2,"Peatón,Automóvil",Mariano Moreno Y Cordoba,2,1,0,0,1,0,0,,Calle,,ROSARIO,Rosario,Asfalto,S/D,II,Dentro,Urbana,Ninguna,No existe,Intersección,Bueno,Reducida,"Nocturna,Con luz artificial",Buen Tiempo,S/D,S/D,Atropello,S/D,Faltante,Cordón divisorio,Sin restricción,POINT (-60.650609200000005 -32.944206400000006),"['Mariano Moreno', 'Córdoba']",2,Mariano Moreno; Córdoba,-32.944206400000006,-60.650609200000005,55.0,538.0,Municipio Rosario,Municipio,Rosario,820210,Servicio de Catastro e Información Territorial,IGN
2015,2760,2015-05-23,Sabado,0.0,04:30:00,,0.0,2,"Moto/Ciclomotor,Automóvil",Av. Provincias Unidas 1300B,2,1,0,0,1,0,0,,Avenida,,ROSARIO,Rosario,Asfalto,No existe,II,Dentro,Urbana,Ninguna,No existe,Curva,Bueno,Buena,Nocturna,Buen Tiempo,Lateral,S/D,Colisión,Otro,Faltante,Ninguna,Sin restricción,"-32.9710173, -60.7113782",['Provincias Unidas 1300b'],1,Provincias Unidas 1300b,-32.9710173,-60.7113782,55.0,538.0,Municipio Rosario,Municipio,Rosario,820210,Servicio de Catastro e Información Territorial,IGN
2015,2763,2015-05-27,Miercoles,0.0,20:35:00,,0.0,2,"Automóvil,Moto/Ciclomotor",Darragueira Y Superi,2,1,0,0,1,0,0,,Calle,,ROSARIO,Rosario,Asfalto,No existe,II,Dentro,Urbana,Otra Señal,No existe,Intersección,Bueno,Buena,Nocturna,Buen Tiempo,Lateral,S/D,Colisión,Otro,Horizontal,Ninguna,Sin restricción,POINT (-60.695001399999995 -32.8947943),"['José Darragueira', 'Superi']",2,José Darragueira; Comandante José Superí,-32.8947943,-60.6950014,55.0,538.0,Municipio Rosario,Municipio,Rosario,820210,Servicio de Catastro e Información Territorial,IGN
2015,2766,2015-05-04,Lunes,0.0,14:00:00,,0.0,2,"Automóvil,Moto/Ciclomotor",Casilda Y Iguazu,3,2,0,0,1,0,0,,Calle,,ROSARIO,Rosario,Asfalto,S/D,II,S/D,Urbana,S/D,S/D,Recta,Bueno,Buena,Diurna,S/D,Contra objeto fijo,S/D,Colisión,S/D,S/D,S/D,S/D,POINT (-60.6857448 -32.92838129999999),"['Casilda', 'Iguazu']",2,Casilda; Iguazú,-32.92838129999999,-60.6857448,55.0,538.0,Municipio Rosario,Municipio,Rosario,820210,Servicio de Catastro e Información Territorial,IGN
2015,2767,2015-05-06,Miercoles,0.0,01:10:00,,0.0,2,"Moto/Ciclomotor,Moto/Ciclomotor",J.J.Paso Y Solis,4,4,0,0,0,0,0,,Calle,,ROSARIO,Rosario,Asfalto,No existe,II,Dentro,Urbana,Semáforo,Intermitente,Recta,Bueno,Buena,Nocturna,Buen Tiempo,De alcance,S/D,Colisión,S/D,S/D,Ninguna,Sin restricción,POINT (-60.7041987 -32.91997529999999),"['Paso', 'Solis']",2,Avenida Juan José Paso; Juan Díaz de Solís,-32.91997529999999,-60.7041987,55.0,538.0,Municipio Rosario,Municipio,Rosario,820210,Servicio de Catastro e Información Territorial,IGN
2015,2770,2015-05-25,Lunes,0.0,19:10:00,,0.0,2,"Automóvil,Vehículo Oficial",Pje. Bogado Y Suiza,4,1,0,0,3,0,0,,Avenida,,ROSARIO,Rosario,Asfalto,S/D,II,S/D,Urbana,S/D,S/D,Recta,Bueno,Buena,Diurna,S/D,S/D,S/D,Colisión,S/D,S/D,S/D,S/D,POINT (-60.687670600000004 -32.9257639),"['Bogado', 'Suiza']",2,Pasaje Bogado; Suiza,-32.9257639,-60.6876706,55.0,538.0,Municipio Rosario,Municipio,Rosario,820210,Servicio de Catastro e Información Territorial,IGN
2015,2772,2015-05-11,Lunes,0.0,,,0.0,2,"Peatón,Moto/Ciclomotor",Av. Pellegrini Y Castellanos,2,1,0,0,1,0,0,,Calle,,ROSARIO,Rosario,S/D,S/D,II,Dentro,Urbana,S/D,S/D,S/D,S/D,S/D,S/D,S/D,S/D,S/D,Atropello,S/D,S/D,S/D,S/D,POINT (-60.677811000000005 -32.950665749999985),"['Pellegrini', 'Aaron Castellanos']",2,Avenida Carlos Pellegrini; Aaron Castellanos,-32.950665749999985,-60.677811000000005,55.0,538.0,Municipio Rosario,Municipio,Rosario,820210,Servicio de Catastro e Información Territorial,IGN
2015,2774,2015-05-11,Lunes,0.0,,,0.0,2,"Automóvil,Bicicleta",Iriondo Y 9 De Julio,2,1,0,0,1,0,0,,Calle,,ROSARIO,Rosario,S/D,S/D,II,Dentro,Urbana,S/D,S/D,S/D,S/D,S/D,S/D,S/D,S/D,S/D,Atropello,S/D,S/D,S/D,S/D,POINT (-60.6714766 -32.9482239),"['Iriondo', '9 de Julio']",2,Iriondo; 9 de Julio,-32.9482239,-60.6714766,55.0,538.0,Municipio Rosario,Municipio,Rosario,820210,Servicio de Catastro e Información Territorial,IGN
2015,2775,2015-05-16,Sabado,0.0,13:50:00,,0.0,2,"Moto/Ciclomotor,Peatón",Av. Pellegrini Y Iriondo,2,2,0,0,0,0,0,,Calle,,ROSARIO,Rosario,S/D,S/D,II,Dentro,Urbana,S/D,S/D,S/D,S/D,S/D,Diurna,S/D,S/D,S/D,Atropello,S/D,S/D,S/D,S/D,POINT (-60.6723408 -32.95164905),"['Pellegrini', 'Iriondo']",2,Avenida Carlos Pellegrini; Iriondo,-32.95164905,-60.6723408,55.0,538.0,Municipio Rosario,Municipio,Rosario,820210,Servicio de Catastro e Información Territorial,IGN