anio_acci,nro_acci,fecha,desc_dia,fecha_aprox,hora_aprox,desc_ruta,km,cant_participantes,desc_participante,calle_avenida_km,total,heridos_leves,heridos_graves,heridos_gravisimos,ilesos,fallecidos,sin_datos,posicion_XY,desc_tipo_via,desc_ruta_ori,desc_loc,desc_dpto,desc_tipo_calzada,desc_tipo_banquina,desc_unidad_regional,desc_lugar_calzada,desc_zona,desc_prioridad,desc_estado_semaforo,desc_lugar_via,desc_estado_via,desc_estado_visibilidad,desc_luminosidad,desc_estado_clima,desc_tipo_colision,desc_tipo_atropello,desc_tipo_hecho,desc_pres_calzada,desc_senializacion,desc_separacion_via,desc_restriccion,forma_geocod,calle_lista,numero_calles,calles_osm,lat,lon,index_right,gid,fna,gna,nam,in1,fdc,sag
2015,2777,2015-05-14,Jueves,0.0,08:50:00,,0.0,2,"Bicicleta,Automóvil",R.de Pineda Y Av. Circunvalacion,2,1,0,0,1,0,0,,Calle,,ROSARIO,Rosario,Asfalto,No existe,II,Dentro,Urbana,Ninguna,No existe,Recta,Otro,Buena,Diurna,Otro,S/D,S/D,Atropello,Ninguna,Horizontal,Ninguna,Sin restricción,POINT (-60.6458373961422 -33.01627981358011),"['De Pineda', 'Circunvalacion']",2,Avenida Romero de Pineda; Avenida de Circunvalación 25 de Mayo,-33.01627981358011,-60.6458373961422,55.0,538.0,Municipio Rosario,Municipio,Rosario,820210,Servicio de Catastro e Información Territorial,IGN
2015,2779,2015-05-11,Lunes,0.0,12:15:00,,0.0,2,"Automóvil,Automóvil",España Y 9 De Julio,2,1,0,0,1,0,0,,Calle,,ROSARIO,Rosario,Asfalto,S/D,II,Dentro,Urbana,Semáforo,Funciona,Recta,Bueno,Buena,Diurna,Buen Tiempo,Frontal,S/D,Colisión,S/D,Vertical,Cordón divisorio,Sin restricción,POINT (-60.6483514 -32.95237109999999),"['España', '9 de Julio']",2,España; 9 de Julio,-32.95237109999999,-60.6483514,55.0,538.0,Municipio Rosario,Municipio,Rosario,820210,Servicio de Catastro e Información Territorial,IGN
2015,2780,2015-05-16,Sabado,0.0,22:00:00,,0.0,3,"Automóvil,Automóvil,Taxi/Remis",Av. Pellegrini Y Gutenberg,4,2,0,0,2,0,0,,Calle,,ROSARIO,Rosario,S/D,S/D,II,Dentro,Urbana,S/D,S/D,S/D,S/D,S/D,Nocturna,S/D,Múltiple,S/D,Colisión,S/D,S/D,S/D,S/D,POINT (-60.690030349999994 -32.94847924999999),"['Pellegrini', 'Gutenberg']",2,Avenida Carlos Pellegrini; Gutenberg,-32.94847924999999,-60.69003035,55.0,538.0,Municipio Rosario,Municipio,Rosario,820210,Servicio de Catastro e Información Territorial,IGN
2015,2781,2015-05-18,Lunes,0.0,16:30:00,,0.0,2,"Moto/Ciclomotor,Taxi/Remis",Av. Arijon Y San Martin,2,1,0,0,1,0,0,,Avenida,,ROSARIO,Rosario,Asfalto,No existe,II,Dentro,Urbana,Ninguna,Funciona,Intersección,Bueno,Buena,Diurna,Otro,Otro,S/D,Colisión,Ninguna,Vertical,Cordón divisorio,Sin restricción,POINT (-60.649363550000004 -33.003052149999995),"['Avenida Manuel Arijón', 'San Martin']",2,Avenida Manuel Arijón; José de San Martín,-33.003052149999995,-60.64936355,55.0,538.0,Municipio Rosario,Municipio,Rosario,820210,Servicio de Catastro e Información Territorial,IGN
2015,2782,2015-05-05,Martes,0.0,19:40:00,,0.0,2,"Moto/Ciclomotor,Peatón",3 De Febrero Y España,2,2,0,0,0,0,0,,Calle,,ROSARIO,Rosario,Asfalto,S/D,II,Dentro,Urbana,Semáforo,Funciona,Intersección,Bueno,Buena,"Atardecer,Con luz artificial",Buen Tiempo,S/D,S/D,Atropello,S/D,Vertical,Cordón divisorio,Sin restricción,POINT (-60.6480793 -32.95128789999999),"['3 de Febrero', 'España']",2,3 de Febrero; España,-32.95128789999999,-60.6480793,55.0,538.0,Municipio Rosario,Municipio,Rosario,820210,Servicio de Catastro e Información Territorial,IGN
2015,2783,2015-05-06,Miercoles,0.0,20:05:00,,0.0,2,"Moto/Ciclomotor,Automóvil",Lamadrid Y Dorrego,2,1,0,0,1,0,0,,Calle,,ROSARIO,Rosario,Asfalto,Pavimento,II,Dentro,Urbana,S/D,No existe,Intersección,Bueno,S/D,Nocturna,S/D,Lateral,S/D,Colisión,S/D,S/D,S/D,S/D,POINT (-60.6607229 -32.9974771),"['Lamadrid', 'Dorrego']",2,Gregorio Aráoz de Lamadrid; Manuel Dorrego,-32.9974771,-60.6607229,55.0,538.0,Municipio Rosario,Municipio,Rosario,820210,Servicio de Catastro e Información Territorial,IGN
2015,2784,2015-05-18,Lunes,0.0,,,0.0,2,"Automóvil,Moto/Ciclomotor",Ricchieri Y San Juan,2,1,0,0,1,0,0,,Calle,,ROSARIO,Rosario,Asfalto,S/D,II,Dentro,Urbana,S/D,S/D,S/D,S/D,S/D,S/D,S/D,S/D,S/D,Colisión,S/D,S/D,S/D,S/D,POINT (-60.6637743 -32.9457443),"['Ricchieri', 'San Juan']",2,Ricchieri; San Juan,-32.9457443,-60.6637743,55.0,538.0,Municipio Rosario,Municipio,Rosario,820210,Servicio de Catastro e Información Territorial,IGN
2015,2789,2015-05-17,Domingo,0.0,07:25:00,,0.0,2,"Automóvil,Moto/Ciclomotor",Necochea Y Montevideo,2,1,0,0,1,0,0,,Calle,,ROSARIO,Rosario,Asfalto,S/D,II,Dentro,Urbana,S/D,S/D,Intersección,Bueno,S/D,Diurna,Buen Tiempo,Lateral,S/D,Colisión,S/D,S/D,S/D,S/D,POINT (-60.6266133 -32.9586352),"['Necochea', 'Montevideo']",2,Necochea; Montevideo,-32.9586352,-60.6266133,55.0,538.0,Municipio Rosario,Municipio,Rosario,820210,Servicio de Catastro e Información Territorial,IGN
2015,2790,2015-05-13,Miercoles,0.0,07:00:00,,0.0,2,"Moto/Ciclomotor,Automóvil",L.N.Alem Y San Juan,2,1,0,0,1,0,0,,Calle,,ROSARIO,Rosario,Asfalto,S/D,II,Dentro,Urbana,S/D,S/D,Intersección,Bueno,S/D,Diurna,Buen Tiempo,Lateral,S/D,Colisión,S/D,S/D,Cordón divisorio,S/D,POINT (-60.6292917 -32.9520629),"['Alem', 'San Juan']",2,Leandro N. Alem; San Juan,-32.9520629,-60.6292917,55.0,538.0,Municipio Rosario,Municipio,Rosario,820210,Servicio de Catastro e Información Territorial,IGN
2015,2792,2015-05-18,Lunes,0.0,22:45:00,,0.0,2,"Taxi/Remis,Moto/Ciclomotor",Av. Pellegrini Y Entre Rios,2,1,0,0,1,0,0,,Avenida,,ROSARIO,Rosario,Asfalto,S/D,II,Dentro,Urbana,Semáforo,Funciona,Intersección,Bueno,Buena,Nocturna,Buen Tiempo,Lateral,S/D,Colisión,S/D,Vertical,Cordón divisorio,Sin restricción,POINT (-60.6436612 -32.95680645),"['Pellegrini', 'Entre Ríos']",2,Avenida Carlos Pellegrini; Entre Ríos,-32.95680645,-60.6436612,55.0,538.0,Municipio Rosario,Municipio,Rosario,820210,Servicio de Catastro e Información Territorial,IGN
2015,2793,2015-05-06,Miercoles,0.0,16:30:00,,0.0,2,"Automóvil,Moto/Ciclomotor",Lavalle 950,2,1,0,0,1,0,0,,Calle,,ROSARIO,Rosario,S/D,S/D,II,Dentro,Urbana,S/D,S/D,S/D,S/D,S/D,Diurna,S/D,S/D,S/D,S/D,S/D,S/D,S/D,S/D,"-32.94123212857143, -60.67832082857143",['Lavalle 950'],1,Lavalle 950,-32.94123212857143,-60.67832082857143,55.0,538.0,Municipio Rosario,Municipio,Rosario,820210,Servicio de Catastro e Información Territorial,IGN
2015,2794,2015-05-06,Miercoles,0.0,17:45:00,,0.0,2,"Automóvil,Moto/Ciclomotor",San Luis Y Carriego,2,0,1,0,1,0,0,,Calle,,ROSARIO,Rosario,Asfalto,S/D,II,Dentro,Urbana,S/D,S/D,S/D,S/D,S/D,Diurna,S/D,S/D,S/D,Colisión,S/D,S/D,S/D,S/D,POINT (-60.6893133 -32.93999980000001),"['San Luis', 'Carriego']",2,San Luis; Carriego,-32.93999980000001,-60.6893133,55.0,538.0,Municipio Rosario,Municipio,Rosario,820210,Servicio de Catastro e Información Territorial,IGN
2015,2795,2015-05-08,Viernes,0.0,23:00:00,,0.0,2,"Taxi/Remis,Peatón",Av. Pellegrini Y Cafferata,2,1,0,0,1,0,0,,Calle,,ROSARIO,Rosario,S/D,S/D,II,Dentro,Urbana,S/D,S/D,Intersección,S/D,S/D,"Nocturna,Con luz artificial",S/D,S/D,S/D,Atropello,S/D,S/D,S/D,S/D,POINT (-60.66279733333334 -32.9781999),"['Pellegrini', 'Cafferata']",2,Avenida Carlos Pellegrini; Cafferata,-32.9781999,-60.66279733333334,55.0,538.0,Municipio Rosario,Municipio,Rosario,820210,Servicio de Catastro e Información Territorial,IGN
2015,2796,2015-05-06,Miercoles,0.0,,,0.0,2,"Automóvil,Moto/Ciclomotor",Montevideo Y Suipacha,3,2,0,0,1,0,0,,Calle,,ROSARIO,Rosario,Asfalto,S/D,II,Dentro,Urbana,S/D,S/D,Intersección,S/D,S/D,S/D,S/D,Lateral,S/D,Colisión,S/D,S/D,S/D,S/D,POINT (-60.666596600000005 -32.95149549999999),"['Montevideo', 'Suipacha']",2,Montevideo; Suipacha,-32.95149549999999,-60.666596600000005,55.0,538.0,Municipio Rosario,Municipio,Rosario,820210,Servicio de Catastro e Información Territorial,IGN
2015,2797,2015-05-26,Martes,0.0,07:00:00,,0.0,2,"Moto/Ciclomotor,Automóvil",Montevideo Y Carriego,3,2,0,0,1,0,0,,Calle,,ROSARIO,Rosario,Asfalto,S/D,II,Dentro,Urbana,S/D,S/D,S/D,S/D,S/D,Diurna,S/D,S/D,S/D,Colisión,S/D,S/D,S/D,S/D,POINT (-60.6911076 -32.94711439999999),"['Montevideo', 'Carriego']",2,Montevideo; Carriego,-32.94711439999999,-60.6911076,55.0,538.0,Municipio Rosario,Municipio,Rosario,820210,Servicio de Catastro e Información Territorial,IGN
2015,2798,2015-05-07,Jueves,0.0,12:25:00,,0.0,2,"Automóvil,Moto/Ciclomotor",Mendoza Y Cafferata,2,1,0,0,1,0,0,,Calle,,ROSARIO,Rosario,S/D,S/D,II,Dentro,Urbana,S/D,S/D,Intersección,S/D,Buena,Diurna,S/D,Lateral,S/D,Colisión,S/D,S/D,S/D,S/D,POINT (-60.672258799999994 -32.9456991),"['Mendoza', 'Cafferata']",2,Mendoza; Cafferata,-32.9456991,-60.6722588,55.0,538.0,Municipio Rosario,Municipio,Rosario,820210,Servicio de Catastro e Información Territorial,IGN
2015,2799,2015-05-07,Jueves,0.0,07:00:00,,0.0,2,"Bicicleta,Automóvil",Lima Y E.Zeballos,3,2,0,0,1,0,0,,Calle,,ROSARIO,Rosario,S/D,S/D,II,Dentro,Urbana,S/D,S/D,Intersección,S/D,S/D,Amanecer,S/D,S/D,S/D,Atropello,S/D,S/D,S/D,S/D,POINT (-60.6853927 -32.9469522),"['Lima', 'Zeballos']",2,Lima; Zeballos,-32.9469522,-60.6853927,55.0,538.0,Municipio Rosario,Municipio,Rosario,820210,Servicio de Catastro e Información Territorial,IGN
2015,2800,2015-05-01,Viernes,0.0,06:00:00,,0.0,2,"Automóvil,Moto/Ciclomotor",Av. Ovidio Lagos Y Rioja,6,2,0,0,4,0,0,,Calle,,ROSARIO,Rosario,Asfalto,S/D,II,Dentro,Urbana,S/D,S/D,S/D,S/D,S/D,Diurna,S/D,S/D,S/D,Colisión,S/D,S/D,S/D,S/D,POINT (-60.661744600000006 -32.943415499999986),"['Avenida Ovidio Lagos', 'Rioja']",2,Avenida Ovidio Lagos; Rioja,-32.943415499999986,-60.661744600000006,55.0,538.0,Municipio Rosario,Municipio,Rosario,820210,Servicio de Catastro e Información Territorial,IGN
2015,2801,2015-05-04,Lunes,0.0,,,0.0,2,"Automóvil,Moto/Ciclomotor",Santa Fe Y Av. Ovidio Lagos,2,1,0,0,1,0,0,,Avenida,,ROSARIO,Rosario,Asfalto,S/D,II,Dentro,Urbana,S/D,S/D,Intersección,S/D,S/D,S/D,S/D,Lateral,S/D,Colisión,S/D,S/D,S/D,S/D,POINT (-60.661118 -32.94092100000001),"['Santa Fe', 'Avenida Ovidio Lagos']",2,Santa Fe; Avenida Ovidio Lagos,-32.94092100000001,-60.661118,55.0,538.0,Municipio Rosario,Municipio,Rosario,820210,Servicio de Catastro e Información Territorial,IGN
2015,2802,2015-05-05,Martes,0.0,17:00:00,,0.0,2,"Automóvil,Bicicleta",Iriondo Y E.Zeballos,2,1,0,0,1,0,0,,Calle,,ROSARIO,Rosario,S/D,S/D,II,Dentro,Urbana,S/D,S/D,Intersección,S/D,S/D,Diurna,Buen Tiempo,S/D,S/D,Atropello,S/D,S/D,S/D,S/D,POINT (-60.671761499999995 -32.9493534),"['Iriondo', 'Zeballos']",2,Iriondo; Zeballos,-32.9493534,-60.6717615,55.0,538.0,Municipio Rosario,Municipio,Rosario,820210,Servicio de Catastro e Información Territorial,IGN
2015,2803,2015-05-12,Martes,0.0,00:50:00,,0.0,2,"Automóvil,Automóvil",Av. Arijon Y Rodriguez,2,1,0,0,1,0,0,,Calle,,ROSARIO,Rosario,Asfalto,Pavimento,II,Dentro,Urbana,Ninguna,S/D,Intersección,Bueno,Buena,Nocturna,S/D,Lateral,S/D,Colisión,S/D,S/D,Ninguna,Sin restricción,POINT (-60.670217300000004 -33.00366629999999),"['Avenida Manuel Arijón', 'Rodríguez']",2,Avenida Manuel Arijón; Rodríguez de Escobedo,-33.00366629999999,-60.6702173,55.0,538.0,Municipio Rosario,Municipio,Rosario,820210,Servicio de Catastro e Información Territorial,IGN
2015,2804,2015-05-05,Martes,0.0,15:00:00,,0.0,2,"Automóvil,Moto/Ciclomotor",Rioja Y Ricchieri,2,1,0,0,1,0,0,,Calle,,ROSARIO,Rosario,S/D,S/D,II,Dentro,Urbana,S/D,S/D,Intersección,S/D,S/D,Diurna,S/D,Lateral,S/D,Colisión,S/D,S/D,S/D,S/D,POINT (-60.6631309 -32.943174600000006),"['Rioja', 'Ricchieri']",2,Rioja; Ricchieri,-32.943174600000006,-60.6631309,55.0,538.0,Municipio Rosario,Municipio,Rosario,820210,Servicio de Catastro e Información Territorial,IGN
2015,2805,2015-05-01,Viernes,0.0,00:50:00,,0.0,1,Automóvil,San Juan 2995,1,1,0,0,0,0,0,,Calle,,ROSARIO,Rosario,Asfalto,S/D,II,Dentro,Urbana,S/D,S/D,S/D,S/D,S/D,Nocturna,S/D,Contra objeto fijo,S/D,Colisión,S/D,S/D,S/D,S/D,"-32.945591104081636, -60.6649426489796",['San Juan 2995'],1,San Juan 2995,-32.94559110408164,-60.6649426489796,55.0,538.0,Municipio Rosario,Municipio,Rosario,820210,Servicio de Catastro e Información Territorial,IGN
2015,2806,2015-05-08,Viernes,0.0,,,0.0,2,"Automóvil,Peatón",Av. Pellegrini Y Valparaiso,2,1,0,0,1,0,0,,Avenida,,ROSARIO,Rosario,Asfalto,S/D,II,Dentro,Urbana,S/D,S/D,Intersección,S/D,S/D,S/D,S/D,S/D,S/D,Atropello,S/D,S/D,S/D,S/D,POINT (-60.6845797 -32.94946225),"['Pellegrini', 'Valparaíso']",2,Avenida Carlos Pellegrini; Valparaíso,-32.94946225,-60.6845797,55.0,538.0,Municipio Rosario,Municipio,Rosario,820210,Servicio de Catastro e Información Territorial,IGN
2015,2807,2015-05-04,Lunes,0.0,08:30:00,,0.0,2,"Moto/Ciclomotor,Automóvil",Av. Battle y Ordoñez Y Italia,3,2,0,0,1,0,0,,Calle,,ROSARIO,Rosario,Asfalto,Pavimento,II,Dentro,Urbana,Ninguna,S/D,Intersección,Bueno,Buena,Diurna,Buen Tiempo,Lateral,S/D,Colisión,S/D,S/D,Ninguna,Sin restricción,POINT (-60.65883935 -33.00917509999999),"['Avenida Battle y Ordoñez', 'Italia']",2,Avenida Battle y Ordoñez; Italia,-33.00917509999999,-60.65883935,55.0,538.0,Municipio Rosario,Municipio,Rosario,820210,Servicio de Catastro e Información Territorial,IGN
2015,2808,2015-05-02,Sabado,0.0,13:15:00,,0.0,2,"Bicicleta,Automóvil",San Luis Y Rio De Janeiro,3,1,0,0,2,0,0,,Calle,,ROSARIO,Rosario,S/D,S/D,II,Dentro,Urbana,S/D,S/D,Intersección,S/D,S/D,Diurna,S/D,S/D,S/D,Atropello,S/D,S/D,S/D,S/D,POINT (-60.6811681 -32.94147730000001),"['San Luis', 'Río de Janeiro']",2,San Luis; Río de Janeiro,-32.94147730000001,-60.6811681,55.0,538.0,Municipio Rosario,Municipio,Rosario,820210,Servicio de Catastro e Información Territorial,IGN
2015,2809,2015-05-14,Jueves,0.0,12:40:00,,0.0,2,"Moto/Ciclomotor,Automóvil",Garibaldi Y Crespo,2,1,0,0,1,0,0,,Calle,,ROSARIO,Rosario,Asfalto,No existe,II,Dentro,Urbana,Ninguna,No existe,Intersección,Deteriorada,S/D,Diurna,Buen Tiempo,S/D,S/D,Colisión,Ninguna,Faltante,Cordón divisorio,Sin restricción,POINT (-60.67819430000001 -32.98058600000001),"['José Garibaldi', 'Crespo']",2,José Garibaldi; Crespo,-32.98058600000001,-60.67819430000001,55.0,538.0,Municipio Rosario,Municipio,Rosario,820210,Servicio de Catastro e Información Territorial,IGN
2015,2810,2015-05-21,Jueves,0.0,12:00:00,,0.0,2,"Moto/Ciclomotor,Automóvil",Mariano Moreno Y Catamarca,2,1,0,0,1,0,0,,Calle,,ROSARIO,Rosario,Asfalto,Pavimento,II,Dentro,Urbana,Ninguna,No existe,Intersección,Bueno,Buena,Diurna,Buen Tiempo,Lateral,S/D,Colisión,S/D,S/D,Ninguna,Sin restricción,POINT (-60.64912919999999 -32.93837429999999),"['Mariano Moreno', 'Catamarca']",2,Mariano Moreno; Catamarca,-32.93837429999999,-60.64912919999999,55.0,538.0,Municipio Rosario,Municipio,Rosario,820210,Servicio de Catastro e Información Territorial,IGN
2015,2811,2015-05-15,Viernes,0.0,06:00:00,,0.0,2,"Taxi/Remis,Automóvil",San Luis Y Av. Corrientes,3,3,0,0,0,0,0,,Calle,,ROSARIO,Rosario,Asfalto,S/D,II,Dentro,Urbana,Semáforo,Funciona,Intersección,Bueno,Buena,Amanecer,Buen Tiempo,Lateral,S/D,Colisión,S/D,Vertical,S/D,S/D,POINT (-60.6429694 -32.948293099999994),"['San Luis', 'Corrientes']",2,San Luis; Corrientes,-32.948293099999994,-60.6429694,55.0,538.0,Municipio Rosario,Municipio,Rosario,820210,Servicio de Catastro e Información Territorial,IGN
2015,2812,2015-05-07,Jueves,0.0,18:30:00,,0.0,2,"Moto/Ciclomotor,Automóvil",Bv. Segui Y Crespo,2,1,0,0,1,0,0,,Calle,,ROSARIO,Rosario,Asfalto,No existe,II,Dentro,Urbana,Ninguna,No existe,Intersección,Bueno,Buena,Atardecer,Buen Tiempo,S/D,S/D,Colisión,Ninguna,Faltante,Cordón divisorio,Sin restricción,POINT (-60.676448699999995 -32.973707299999994),"['Bulevar Juan Francisco Seguí', 'Crespo']",2,Bulevar Juan Francisco Seguí; Crespo,-32.973707299999994,-60.6764487,55.0,538.0,Municipio Rosario,Municipio,Rosario,820210,Servicio de Catastro e Información Territorial,IGN
2015,2813,2015-05-11,Lunes,0.0,,,0.0,2,"Moto/Ciclomotor,Automóvil",Rioja Y Suipacha,2,1,0,0,1,0,0,,Calle,,ROSARIO,Rosario,S/D,S/D,II,Dentro,Urbana,S/D,S/D,S/D,S/D,S/D,S/D,S/D,S/D,S/D,Colisión,S/D,S/D,S/D,S/D,POINT (-60.66447840000001 -32.94294049999999),"['Rioja', 'Suipacha']",2,Rioja; Suipacha,-32.94294049999999,-60.66447840000001,55.0,538.0,Municipio Rosario,Municipio,Rosario,820210,Servicio de Catastro e Información Territorial,IGN
2015,2814,2015-05-05,Martes,0.0,18:00:00,,0.0,2,"Moto/Ciclomotor,Automóvil",Av. Francia Y Biedma,2,1,0,0,1,0,0,,Avenida,,ROSARIO,Rosario,Asfalto,No existe,II,Dentro,Urbana,Ninguna,No existe,Intersección,Deteriorada,Buena,Atardecer,Buen Tiempo,S/D,S/D,Colisión,Ninguna,Faltante,Cordón divisorio,Sin restricción,POINT (-60.6743451 -32.97648615),"['Avenida Francia', 'Coronel Biedma']",2,Avenida Francia; Coronel Biedma,-32.97648615,-60.6743451,55.0,538.0,Municipio Rosario,Municipio,Rosario,820210,Servicio de Catastro e Información Territorial,IGN
2015,2816,2015-05-20,Miercoles,0.0,07:30:00,,0.0,2,"Taxi/Remis,Moto/Ciclomotor",Alvear Y Montevideo,3,2,0,0,1,0,0,,Calle,,ROSARIO,Rosario,Asfalto,S/D,II,Dentro,Urbana,Señal Pare,No existe,Intersección,Bueno,Buena,Diurna,Buen Tiempo,Lateral,S/D,Colisión,S/D,Vertical,Cordón divisorio,Sin restricción,POINT (-60.65711929999999 -32.95317479999998),"['Alvear', 'Montevideo']",2,Alvear; Montevideo,-32.95317479999998,-60.65711929999999,55.0,538.0,Municipio Rosario,Municipio,Rosario,820210,Servicio de Catastro e Información Territorial,IGN
2015,2817,2015-05-22,Viernes,0.0,14:30:00,,0.0,3,"Automóvil,Automóvil,Moto/Ciclomotor",Av. Ovidio Lagos Y Comodoro Rivadavia,4,1,0,0,3,0,0,,Avenida,,ROSARIO,Rosario,Asfalto,No existe,II,Dentro,Urbana,Semáforo,Funciona,Intersección,Bueno,Buena,Diurna,Buen Tiempo,S/D,S/D,Colisión,Ninguna,Faltante,Cordón divisorio,Sin restricción,POINT (-60.672997499999994 -32.989899199999996),"['Avenida Ovidio Lagos', 'Comodoro Rivadavia']",2,Avenida Ovidio Lagos; Comodoro Rivadavia,-32.9898992,-60.6729975,55.0,538.0,Municipio Rosario,Municipio,Rosario,820210,Servicio de Catastro e Información Territorial,IGN
2015,2818,2015-05-17,Domingo,0.0,19:15:00,,0.0,2,"Moto/Ciclomotor,Automóvil",San Luis 1700,3,1,0,0,2,0,0,,Calle,,ROSARIO,Rosario,S/D,S/D,II,Dentro,Urbana,Ninguna,No existe,Recta,Bueno,Buena,"Atardecer,Con luz artificial",Buen Tiempo,Lateral,S/D,Colisión,S/D,Faltante,Barrera de alto impacto,Sin restricción,"-32.9475134, -60.6470096",['San Luis 1700'],1,San Luis 1700,-32.9475134,-60.6470096,55.0,538.0,Municipio Rosario,Municipio,Rosario,820210,Servicio de Catastro e Información Territorial,IGN
2015,2820,2015-05-21,Jueves,0.0,11:40:00,,0.0,2,"Moto/Ciclomotor,Automóvil",Balcarce Y Av. Battle y Ordoñez,2,1,0,0,1,0,0,,Avenida,,ROSARIO,Rosario,Asfalto,Pavimento,II,Dentro,Urbana,S/D,Funciona,Intersección,Bueno,Buena,Diurna,Buen Tiempo,Lateral,S/D,Colisión,S/D,S/D,S/D,Sin restricción,POINT (-60.66308240000001 -33.009310600000006),"['Balcarce', 'Avenida Battle y Ordoñez']",2,Balcarce; Avenida Battle y Ordoñez,-33.009310600000006,-60.66308240000001,55.0,538.0,Municipio Rosario,Municipio,Rosario,820210,Servicio de Catastro e Información Territorial,IGN
2015,2821,2015-05-22,Viernes,0.0,17:30:00,,0.0,2,"Peatón,Automóvil",Italia 5200,2,1,0,0,1,0,0,,Calle,,ROSARIO,Rosario,Asfalto,Pavimento,II,Dentro,Urbana,Ninguna,S/D,Recta,Bueno,Buena,Diurna,Buen Tiempo,S/D,S/D,Atropello,S/D,S/D,Ninguna,Sin restricción,"-32.9932332, -60.6594228",['Italia 5200'],1,Italia 5200,-32.9932332,-60.6594228,55.0,538.0,Municipio Rosario,Municipio,Rosario,820210,Servicio de Catastro e Información Territorial,IGN
2015,2826,2015-05-19,Martes,0.0,19:55:00,,0.0,2,"Pickup/Utilitario,Moto/Ciclomotor",Av. Arijon 1200,3,1,0,0,2,0,0,,Calle,,ROSARIO,Rosario,Asfalto,No existe,II,Dentro,Urbana,Ninguna,No existe,Recta,Bueno,Buena,Nocturna,S/D,S/D,S/D,Colisión,S/D,Horizontal,Línea divisoria pintada,Sin restricción,"-33.0023231, -60.6252459",['Arijon 1200'],1,Arijon 1200,-33.0023231,-60.6252459,55.0,538.0,Municipio Rosario,Municipio,Rosario,820210,Servicio de Catastro e Información Territorial,IGN
2015,2827,2015-05-22,Viernes,0.0,23:10:00,,0.0,2,"Moto/Ciclomotor,Automóvil",Av. Bermudez Y Alzugaray,2,1,0,0,1,0,0,,Calle,,ROSARIO,Rosario,Asfalto,No existe,II,Dentro,Urbana,Ninguna,No existe,Intersección,Bueno,Reducida,Nocturna,S/D,S/D,S/D,Colisión,S/D,Horizontal,Ninguna,Sin restricción,POINT (-60.64217020000001 -33.0128136),"['Bermudez', 'Alzugaray']",2,Avenida José Bermúdez; Alzugaray,-33.0128136,-60.64217020000001,55.0,538.0,Municipio Rosario,Municipio,Rosario,820210,Servicio de Catastro e Información Territorial,IGN
2015,2828,2015-05-26,Martes,0.0,16:00:00,,0.0,2,"Moto/Ciclomotor,Pickup/Utilitario",Av. Battle y Ordoñez Y Laprida,2,1,0,0,1,0,0,,Calle,,ROSARIO,Rosario,Asfalto,No existe,II,Dentro,Urbana,Ninguna,No existe,Intersección,Bueno,Buena,Diurna,S/D,S/D,S/D,Colisión,S/D,Vertical,Ninguna,Sin restricción,POINT (-60.64674879999999 -33.00887749999998),"['Avenida Battle y Ordoñez', 'Laprida']",2,Avenida Battle y Ordoñez; Francisco Narciso Laprida,-33.00887749999998,-60.64674879999999,55.0,538.0,Municipio Rosario,Municipio,Rosario,820210,Servicio de Catastro e Información Territorial,IGN
2015,2831,2015-05-04,Lunes,0.0,15:30:00,,0.0,2,"Moto/Ciclomotor,Camión",Av. Ovidio Lagos Y Av. Circunvalacion,2,1,0,0,1,0,0,,Calle,,ROSARIO,Rosario,Asfalto,Natural,II,Dentro,Urbana,Semáforo,Funciona,Intersección,Bueno,Buena,Diurna,Buen Tiempo,De alcance,S/D,Colisión,S/D,Vertical,Ninguna,Sin restricción,POINT (-60.67699098957188 -33.00797177001669),"['Avenida Ovidio Lagos', 'Circunvalacion']",2,Avenida Ovidio Lagos; Avenida de Circunvalación 25 de Mayo,-33.00797177001669,-60.67699098957188,55.0,538.0,Municipio Rosario,Municipio,Rosario,820210,Servicio de Catastro e Información Territorial,IGN
2015,2832,2015-05-19,Martes,0.0,19:30:00,,0.0,2,"Bicicleta,Automóvil",San Luis Y Vera Mujica,2,1,0,0,1,0,0,,Calle,,ROSARIO,Rosario,S/D,S/D,II,Dentro,Urbana,S/D,S/D,S/D,S/D,S/D,Nocturna,S/D,S/D,S/D,Atropello,S/D,S/D,S/D,S/D,POINT (-60.66756749999999 -32.9439264),"['San Luis', 'Vera Mujíca']",2,San Luis; Vera Mujíca,-32.9439264,-60.66756749999999,55.0,538.0,Municipio Rosario,Municipio,Rosario,820210,Servicio de Catastro e Información Territorial,IGN
2015,2834,2015-05-24,Domingo,0.0,10:00:00,,0.0,2,"Moto/Ciclomotor,Automóvil",Suipacha Y Rioja,3,2,0,0,1,0,0,,Calle,,ROSARIO,Rosario,S/D,S/D,II,Dentro,Urbana,S/D,S/D,S/D,S/D,S/D,Diurna,S/D,S/D,S/D,S/D,S/D,S/D,S/D,S/D,POINT (-60.66447840000001 -32.94294049999999),"['Suipacha', 'Rioja']",2,Suipacha; Rioja,-32.94294049999999,-60.66447840000001,55.0,538.0,Municipio Rosario,Municipio,Rosario,820210,Servicio de Catastro e Información Territorial,IGN