anio_acci,nro_acci,fecha,desc_dia,fecha_aprox,hora_aprox,desc_ruta,km,cant_participantes,desc_participante,calle_avenida_km,total,heridos_leves,heridos_graves,heridos_gravisimos,ilesos,fallecidos,sin_datos,posicion_XY,desc_tipo_via,desc_ruta_ori,desc_loc,desc_dpto,desc_tipo_calzada,desc_tipo_banquina,desc_unidad_regional,desc_lugar_calzada,desc_zona,desc_prioridad,desc_estado_semaforo,desc_lugar_via,desc_estado_via,desc_estado_visibilidad,desc_luminosidad,desc_estado_clima,desc_tipo_colision,desc_tipo_atropello,desc_tipo_hecho,desc_pres_calzada,desc_senializacion,desc_separacion_via,desc_restriccion,forma_geocod,calle_lista,numero_calles,calles_osm,lat,lon,index_right,gid,fna,gna,nam,in1,fdc,sag
2015,2835,2015-05-13,Miercoles,0.0,09:50:00,,0.0,2,"Pickup/Utilitario,Moto/Ciclomotor",Lavalle Y E.Zeballos,2,1,0,0,1,0,0,,Calle,,ROSARIO,Rosario,S/D,S/D,II,Dentro,Urbana,S/D,S/D,S/D,S/D,S/D,Diurna,S/D,S/D,S/D,S/D,S/D,S/D,S/D,S/D,POINT (-60.6799243 -32.94792209999999),"['Lavalle', 'Zeballos']",2,Lavalle; Zeballos,-32.94792209999999,-60.6799243,55.0,538.0,Municipio Rosario,Municipio,Rosario,820210,Servicio de Catastro e Información Territorial,IGN
2015,2836,2015-05-21,Jueves,0.0,,,0.0,2,"Automóvil,Moto/Ciclomotor",Alsina Y 3 De Febrero,2,1,0,0,0,0,1,,Calle,,ROSARIO,Rosario,Asfalto,S/D,II,Dentro,Urbana,S/D,S/D,S/D,S/D,S/D,S/D,S/D,S/D,S/D,Colisión,S/D,S/D,S/D,S/D,POINT (-60.6779986 -32.94594320000001),"['Alsina', '3 de Febrero']",2,Alsina; 3 de Febrero,-32.94594320000001,-60.6779986,55.0,538.0,Municipio Rosario,Municipio,Rosario,820210,Servicio de Catastro e Información Territorial,IGN
2015,2838,2015-05-21,Jueves,0.0,,,0.0,2,"Automóvil,Taxi/Remis",San Luis Y Vera Mujica,3,1,0,0,1,0,1,,S/D,,ROSARIO,Rosario,S/D,S/D,II,S/D,Urbana,S/D,S/D,S/D,S/D,S/D,S/D,S/D,S/D,S/D,S/D,S/D,S/D,S/D,S/D,POINT (-60.66756749999999 -32.9439264),"['San Luis', 'Vera Mujíca']",2,San Luis; Vera Mujíca,-32.9439264,-60.66756749999999,55.0,538.0,Municipio Rosario,Municipio,Rosario,820210,Servicio de Catastro e Información Territorial,IGN
2015,2840,2015-05-20,Miercoles,0.0,22:20:00,,0.0,2,"Automóvil,Automóvil",3 De Febrero Y Cafferata,5,2,0,0,2,0,1,,Calle,,ROSARIO,Rosario,S/D,S/D,II,Dentro,Urbana,S/D,S/D,S/D,S/D,S/D,Nocturna,S/D,S/D,S/D,S/D,S/D,S/D,S/D,S/D,POINT (-60.6725593 -32.946913499999994),"['3 de Febrero', 'Cafferata']",2,3 de Febrero; Cafferata,-32.946913499999994,-60.6725593,55.0,538.0,Municipio Rosario,Municipio,Rosario,820210,Servicio de Catastro e Información Territorial,IGN
2015,2846,2015-05-21,Jueves,0.0,12:45:00,,0.0,2,"Moto/Ciclomotor,Automóvil",Roullon Y Biselli,2,2,0,0,0,0,0,,Calle,,ROSARIO,Rosario,Asfalto,No existe,II,Dentro,Urbana,Ninguna,No existe,Intersección,Bueno,Buena,Diurna,Otro,Lateral,S/D,Colisión,Ninguna,Faltante,Cordón divisorio,Sin restricción,POINT (-60.7009491 -32.97225889999999),"['Alfredo Rouillón', 'Sanguinetti']",2,Alfredo Rouillón; Sanguinetti,-32.97225889999999,-60.7009491,55.0,538.0,Municipio Rosario,Municipio,Rosario,820210,Servicio de Catastro e Información Territorial,IGN
2015,2847,2015-05-16,Sabado,0.0,17:40:00,,0.0,2,"Pickup/Utilitario,Moto/Ciclomotor",Roullon Y Uruguay,2,1,0,0,1,0,0,,Calle,,ROSARIO,Rosario,Asfalto,No existe,II,Dentro,Urbana,Ninguna,No existe,Intersección,Bueno,Buena,Atardecer,Otro,Lateral,S/D,Colisión,S/D,Faltante,Ninguna,Sin restricción,POINT (-60.70114875 -32.96835109999999),"['Alfredo Rouillón', 'Uruguay']",2,Alfredo Rouillón; Uruguay,-32.96835109999999,-60.70114875,55.0,538.0,Municipio Rosario,Municipio,Rosario,820210,Servicio de Catastro e Información Territorial,IGN
2015,2849,2015-05-16,Sabado,0.0,17:50:00,,0.0,2,"Automóvil,Camión",Bv. 27 De Febrero Y Larrea,3,1,1,0,1,0,0,,Calle,,ROSARIO,Rosario,Asfalto,No existe,II,Dentro,Urbana,Ninguna,No existe,Intersección,Bueno,Buena,Atardecer,Buen Tiempo,Frontal,S/D,Colisión,Ninguna,Faltante,Ninguna,Sin restricción,POINT (-60.69651200000001 -32.95882060000001),"['27 de Febrero', 'Larrea']",2,Bulevar 27 de Febrero; Larrea,-32.95882060000001,-60.69651200000001,55.0,538.0,Municipio Rosario,Municipio,Rosario,820210,Servicio de Catastro e Información Territorial,IGN
2015,2853,2015-05-14,Jueves,0.0,10:30:00,,0.0,2,"Automóvil,Moto/Ciclomotor",Bv. Avellaneda Y Mendoza,2,1,0,0,1,0,0,,Calle,,ROSARIO,Rosario,S/D,S/D,II,Dentro,Urbana,S/D,S/D,S/D,S/D,S/D,S/D,S/D,S/D,S/D,S/D,S/D,S/D,S/D,S/D,POINT (-60.680421100000004 -32.94423964999999),"['Avellaneda', 'Mendoza']",2,Bulevar Nicolás Avellaneda; Mendoza,-32.94423964999999,-60.6804211,55.0,538.0,Municipio Rosario,Municipio,Rosario,820210,Servicio de Catastro e Información Territorial,IGN
2015,2854,2015-04-30,Jueves,0.0,08:30:00,,0.0,2,"Automóvil,Automóvil",Garay 4200,3,2,0,0,1,0,0,,Calle,,ROSARIO,Rosario,Asfalto,No existe,II,Dentro,Urbana,Ninguna,No existe,Recta,Bueno,Buena,Diurna,Buen Tiempo,De alcance,S/D,Colisión,S/D,Faltante,Ninguna,Sin restricción,"-32.9668417, -60.6873671",['Garay 4200'],1,Garay 4200,-32.9668417,-60.6873671,55.0,538.0,Municipio Rosario,Municipio,Rosario,820210,Servicio de Catastro e Información Territorial,IGN
2015,2856,2015-05-27,Miercoles,0.0,,,0.0,2,"Moto/Ciclomotor,Bicicleta",Av. Francia Y San Luis,2,1,0,0,1,0,0,,Calle,,ROSARIO,Rosario,Asfalto,S/D,II,Dentro,Urbana,S/D,S/D,S/D,S/D,S/D,S/D,S/D,S/D,S/D,Atropello,S/D,S/D,S/D,S/D,POINT (-60.66618015 -32.9441667),"['Avenida Francia', 'San Luis']",2,Avenida Francia; San Luis,-32.9441667,-60.66618015,55.0,538.0,Municipio Rosario,Municipio,Rosario,820210,Servicio de Catastro e Información Territorial,IGN
2015,2857,2015-04-30,Jueves,0.0,08:30:00,,0.0,2,"Moto/Ciclomotor,Automóvil",Bv. Segui Y San Martin,3,2,0,0,1,0,0,,Calle,,ROSARIO,Rosario,Asfalto,No existe,II,Dentro,Urbana,Semáforo,Funciona,Intersección,Bueno,Buena,Diurna,Buen Tiempo,Lateral,S/D,Colisión,S/D,Faltante,Ninguna,Sin restricción,POINT (-60.644363766666665 -32.979480866666655),"['Bulevar Juan Francisco Seguí', 'San Martin']",2,Bulevar Juan Francisco Seguí; José de San Martín,-32.979480866666655,-60.644363766666665,55.0,538.0,Municipio Rosario,Municipio,Rosario,820210,Servicio de Catastro e Información Territorial,IGN
2015,2858,2015-05-23,Sabado,0.0,20:50:00,,0.0,2,"Automóvil,Automóvil",Bv. Avellaneda 900,3,2,0,0,1,0,0,,Calle,,ROSARIO,Rosario,Asfalto,S/D,II,Dentro,Urbana,S/D,S/D,S/D,S/D,S/D,Nocturna,S/D,S/D,S/D,Colisión,S/D,S/D,S/D,S/D,"-32.9400683, -60.6795881",['Avellaneda 900'],1,Avellaneda 900,-32.9400683,-60.6795881,55.0,538.0,Municipio Rosario,Municipio,Rosario,820210,Servicio de Catastro e Información Territorial,IGN
2015,2861,2015-05-08,Viernes,0.0,10:00:00,,0.0,2,"Bicicleta,Automóvil",Bv. Rondeau Y Artigas,2,1,0,0,1,0,0,,Calle,,ROSARIO,Rosario,Asfalto,No existe,II,Dentro,Urbana,Ninguna,No existe,Intersección,Bueno,Buena,Diurna,Buen Tiempo,Lateral,S/D,Atropello,S/D,Faltante,Ninguna,Sin restricción,POINT (-60.68812075 -32.9086184),"['Rondeau', 'Artigas']",2,Bulevar General José Rondeau; Artigas,-32.9086184,-60.68812075,55.0,538.0,Municipio Rosario,Municipio,Rosario,820210,Servicio de Catastro e Información Territorial,IGN
2015,2862,2015-05-24,Domingo,0.0,10:30:00,,0.0,2,"Bicicleta,Automóvil",San Martin Y Gaboto,2,1,0,0,1,0,0,,Calle,,ROSARIO,Rosario,Asfalto,No existe,II,Dentro,Urbana,Ninguna,No existe,Recta,Bueno,Buena,Diurna,Buen Tiempo,S/D,S/D,Atropello,S/D,Faltante,Ninguna,Sin restricción,POINT (-60.6434439 -32.9736111),"['San Martin', 'Gaboto']",2,José de San Martín; Gaboto,-32.9736111,-60.6434439,55.0,538.0,Municipio Rosario,Municipio,Rosario,820210,Servicio de Catastro e Información Territorial,IGN
2015,2864,2015-05-19,Martes,0.0,20:15:00,,0.0,2,"Bicicleta,Taxi/Remis",Sarmiento Y 9 De Julio,3,1,0,0,2,0,0,,Calle,,ROSARIO,Rosario,Asfalto,S/D,II,Dentro,Urbana,Ninguna,No existe,Intersección,Bueno,Reducida,"Nocturna,Con luz artificial",Buen Tiempo,S/D,S/D,Atropello,S/D,Faltante,Cordón divisorio,Sin restricción,POINT (-60.6400191 -32.9538711),"['Sarmiento', '9 de Julio']",2,Sarmiento; 9 de Julio,-32.9538711,-60.6400191,55.0,538.0,Municipio Rosario,Municipio,Rosario,820210,Servicio de Catastro e Información Territorial,IGN
2015,2866,2015-05-18,Lunes,0.0,12:30:00,,0.0,2,"Automóvil,Automóvil",Garay Y Buenos Aires,3,2,0,0,1,0,0,,Calle,,ROSARIO,Rosario,Asfalto,No existe,II,Dentro,Urbana,Ninguna,No existe,Intersección,Bueno,Buena,Diurna,Buen Tiempo,Lateral,S/D,Colisión,Ninguna,Faltante,Ninguna,Sin restricción,POINT (-60.6397622 -32.9754853),"['Garay', 'Buenos Aires']",2,"('Juan de Garay', 'Buenos Aires')",-32.9754853,-60.6397622,55.0,538.0,Municipio Rosario,Municipio,Rosario,820210,Servicio de Catastro e Información Territorial,IGN
2015,2867,2015-05-26,Martes,0.0,13:45:00,,0.0,2,"Moto/Ciclomotor,Automóvil",Dean Funes Y Colon,2,1,0,0,1,0,0,,Calle,,ROSARIO,Rosario,Asfalto,No existe,II,Dentro,Urbana,Ninguna,No existe,Recta,Bueno,Buena,Diurna,Buen Tiempo,De alcance,S/D,Colisión,S/D,Faltante,Ninguna,Sin restricción,POINT (-60.6328745 -32.9779145),"['Deán Gregorio Funes', 'Colon']",2,Deán Gregorio Funes; Cristóbal Colón,-32.9779145,-60.6328745,55.0,538.0,Municipio Rosario,Municipio,Rosario,820210,Servicio de Catastro e Información Territorial,IGN
2015,2868,2015-05-19,Martes,0.0,00:55:00,,0.0,2,"Taxi/Remis,Moto/Ciclomotor",Sarmiento Y 3 De Febrero,3,2,0,0,1,0,0,,Calle,,ROSARIO,Rosario,Asfalto,S/D,II,Dentro,Urbana,Ninguna,No existe,Intersección,Con baches,Reducida,"Nocturna,Con luz artificial",Buen Tiempo,Lateral,S/D,Colisión,S/D,Faltante,Cordón divisorio,Sin restricción,POINT (-60.63974480000001 -32.9527553),"['Sarmiento', '3 de Febrero']",2,Sarmiento; 3 de Febrero,-32.9527553,-60.63974480000001,55.0,538.0,Municipio Rosario,Municipio,Rosario,820210,Servicio de Catastro e Información Territorial,IGN
2015,2869,2015-05-23,Sabado,0.0,17:40:00,,0.0,2,"Bicicleta,Automóvil",L.N.Alem Y Amenabar,2,1,0,0,1,0,0,,Calle,,ROSARIO,Rosario,Asfalto,No existe,II,Dentro,Urbana,Ninguna,No existe,Intersección,Bueno,Buena,Diurna,Buen Tiempo,S/D,S/D,Atropello,S/D,Faltante,S/D,Sin restricción,POINT (-60.634784399999994 -32.9739879),"['Alem', 'Amenabar']",2,Leandro N. Alem; José de Amenábar,-32.9739879,-60.6347844,55.0,538.0,Municipio Rosario,Municipio,Rosario,820210,Servicio de Catastro e Información Territorial,IGN
2015,2870,2015-05-13,Miercoles,0.0,21:25:00,,0.0,2,"Automóvil,Automóvil",Bv. Segui ,3,2,0,0,1,0,0,,Calle,,ROSARIO,Rosario,Asfalto,No existe,II,Dentro,Urbana,Ninguna,No existe,Intersección,Bueno,Buena,Nocturna,Buen Tiempo,Lateral,S/D,Colisión,Ninguna,Faltante,Cordón divisorio,Sin restricción,"-32.9715813, -60.7338576",['Bulevar Juan Francisco Seguí'],1,Bulevar Juan Francisco Seguí,-32.9715813,-60.7338576,55.0,538.0,Municipio Rosario,Municipio,Rosario,820210,Servicio de Catastro e Información Territorial,IGN
2015,2871,2015-05-09,Sabado,0.0,06:15:00,,0.0,2,"Moto/Ciclomotor,Automóvil",Guemes Y Santiago,2,1,0,0,0,0,1,,Calle,,ROSARIO,Rosario,Asfalto,No existe,II,Dentro,Urbana,Ninguna,No existe,Recta,Bueno,Buena,Diurna,Buen Tiempo,Otro,S/D,Colisión,Otro,Faltante,Ninguna,Sin restricción,POINT (-60.653357400000004 -32.9327745),"['Güemes', 'Santiago']",2,Güemes; Santiago,-32.9327745,-60.6533574,55.0,538.0,Municipio Rosario,Municipio,Rosario,820210,Servicio de Catastro e Información Territorial,IGN
2015,2872,2015-05-20,Miercoles,0.0,12:30:00,,0.0,2,"Moto/Ciclomotor,Pickup/Utilitario",Laprida Y Dr.Rivas,3,2,0,0,1,0,0,,Calle,,ROSARIO,Rosario,Asfalto,No existe,II,Dentro,Urbana,Ninguna,No existe,Intersección,Bueno,Buena,Diurna,Buen Tiempo,Lateral,S/D,Colisión,S/D,Faltante,Ninguna,Sin restricción,POINT (-60.6435977 -32.984410200000006),"['Laprida', 'Doctor Francisco Riva']",2,Francisco Narciso Laprida; Doctor Francisco Riva,-32.984410200000006,-60.6435977,55.0,538.0,Municipio Rosario,Municipio,Rosario,820210,Servicio de Catastro e Información Territorial,IGN
2015,2873,2015-05-13,Miercoles,0.0,10:30:00,,0.0,2,"Automóvil,Moto/Ciclomotor",Av. Francia 100,2,1,0,0,1,0,0,,Avenida,,ROSARIO,Rosario,Asfalto,No existe,II,S/D,Urbana,Ninguna,No existe,Recta,Bueno,Buena,Diurna,Buen Tiempo,Otro,S/D,Colisión,Otro,Faltante,Ninguna,Sin restricción,"-32.9332411, -60.6636129",['Francia 100'],1,Francia 100,-32.9332411,-60.6636129,55.0,538.0,Municipio Rosario,Municipio,Rosario,820210,Servicio de Catastro e Información Territorial,IGN
2015,2874,2015-05-14,Jueves,0.0,15:50:00,,0.0,2,"Moto/Ciclomotor,Automóvil",Buenos Aires Y Bv. Segui,2,1,0,0,1,0,0,,Calle,,ROSARIO,Rosario,Asfalto,No existe,II,Dentro,Urbana,Ninguna,No existe,Intersección,Bueno,Buena,Diurna,Buen Tiempo,Lateral,S/D,Colisión,Ninguna,Faltante,Cordón divisorio,Sin restricción,POINT (-60.640923400000005 -32.98006374999999),"['Buenos Aires', 'Bulevar Juan Francisco Seguí']",2,Buenos Aires; Bulevar Juan Francisco Seguí,-32.98006374999999,-60.640923400000005,55.0,538.0,Municipio Rosario,Municipio,Rosario,820210,Servicio de Catastro e Información Territorial,IGN
2015,2875,2015-05-14,Jueves,0.0,15:30:00,,0.0,2,"Automóvil,Automóvil",Av. Pellegrini Y Fraga,3,1,0,0,2,0,0,,Avenida,,ROSARIO,Rosario,Asfalto,No existe,II,Dentro,Urbana,Semáforo,Funciona,Intersección,Bueno,Buena,Diurna,Buen Tiempo,Lateral,S/D,Colisión,Ninguna,Horizontal,Ninguna,Sin restricción,POINT (-60.709896549999996 -32.94852544999999),"['Pellegrini', 'Fraga']",2,Avenida Carlos Pellegrini; Rosendo María Fraga,-32.94852544999999,-60.70989655,55.0,538.0,Municipio Rosario,Municipio,Rosario,820210,Servicio de Catastro e Información Territorial,IGN
2015,2876,2015-05-03,Domingo,0.0,20:00:00,,0.0,2,"Moto/Ciclomotor,Automóvil",Ayolas Y Maipu,3,2,0,0,1,0,0,,Calle,,ROSARIO,Rosario,Asfalto,No existe,II,Dentro,Urbana,Ninguna,No existe,Intersección,Bueno,Buena,Nocturna,Buen Tiempo,Lateral,S/D,Colisión,S/D,Faltante,Ninguna,Sin restricción,POINT (-60.64305350000001 -32.977283299999996),"['Ayolas', 'Maipú']",2,Ayolas; Maipú,-32.9772833,-60.64305350000001,55.0,538.0,Municipio Rosario,Municipio,Rosario,820210,Servicio de Catastro e Información Territorial,IGN
2015,2877,2015-05-11,Lunes,0.0,18:00:00,,0.0,2,"Moto/Ciclomotor,Automóvil",Mendoza Y Peru,2,1,0,0,1,0,0,,Calle,,ROSARIO,Rosario,Asfalto,No existe,II,Dentro,Urbana,Señal Pare,No existe,Intersección,Bueno,Buena,Diurna,Buen Tiempo,Lateral,S/D,Colisión,Ninguna,Faltante,Cordón divisorio,Sin restricción,POINT (-60.711404900000005 -32.94019885),"['Mendoza', 'Peru']",2,Mendoza; Perú,-32.94019885,-60.711404900000005,55.0,538.0,Municipio Rosario,Municipio,Rosario,820210,Servicio de Catastro e Información Territorial,IGN
2015,2878,2015-05-20,Miercoles,0.0,09:15:00,,0.0,2,"Taxi/Remis,Taxi/Remis",Santa Fe Y Pje. Marchena,2,1,0,0,1,0,0,,Calle,,ROSARIO,Rosario,Asfalto,No existe,II,S/D,Urbana,Semáforo,Funciona,Recta,Otro,S/D,Diurna,Buen Tiempo,Otro,S/D,Colisión,Otro,S/D,Ninguna,Sin restricción,POINT (-60.6672201 -32.939830900000004),"['Santa Fe', 'Marchena']",2,Santa Fe; Marchena,-32.939830900000004,-60.6672201,55.0,538.0,Municipio Rosario,Municipio,Rosario,820210,Servicio de Catastro e Información Territorial,IGN
2015,2879,2015-05-20,Miercoles,0.0,07:30:00,,0.0,2,"Moto/Ciclomotor,Automóvil",Bv. Segui Y Buenos Aires,3,2,0,0,1,0,0,,Calle,,ROSARIO,Rosario,Asfalto,No existe,II,Dentro,Urbana,Ninguna,No existe,Intersección,Bueno,Buena,"Amanecer,Con luz artificial",Buen Tiempo,Lateral,S/D,Colisión,S/D,Faltante,Cordón divisorio,Sin restricción,POINT (-60.640923400000005 -32.98006374999999),"['Bulevar Juan Francisco Seguí', 'Buenos Aires']",2,Bulevar Juan Francisco Seguí; Buenos Aires,-32.98006374999999,-60.640923400000005,55.0,538.0,Municipio Rosario,Municipio,Rosario,820210,Servicio de Catastro e Información Territorial,IGN
2015,2881,2015-05-12,Martes,0.0,17:30:00,,0.0,2,"Automóvil,Bicicleta",Barra Y Zuviria,2,1,0,0,1,0,0,,Calle,,ROSARIO,Rosario,Asfalto,No existe,II,Dentro,Urbana,Marca Vial,No existe,Intersección,Bueno,Buena,Diurna,Buen Tiempo,S/D,S/D,Atropello,Ninguna,Faltante,Cordón divisorio,Sin restricción,POINT (-60.7069519 -32.9367895),"['Barra', 'Zuviría']",2,Barraco; Juez José María Zuviría,-32.9367895,-60.7069519,55.0,538.0,Municipio Rosario,Municipio,Rosario,820210,Servicio de Catastro e Información Territorial,IGN
2015,2882,2015-05-21,Jueves,0.0,15:00:00,,0.0,2,"Moto/Ciclomotor,Automóvil",Jujuy Y Av. Francia,2,1,0,0,1,0,0,,Calle,,ROSARIO,Rosario,Asfalto,No existe,II,S/D,Urbana,Ninguna,No existe,Recta,S/D,Buena,Diurna,Buen Tiempo,Otro,S/D,Colisión,Otro,Faltante,Ninguna,Sin restricción,POINT (-60.6634714 -32.93337134999999),"['Jujuy', 'Avenida Francia']",2,Jujuy; Avenida Francia,-32.93337134999999,-60.6634714,55.0,538.0,Municipio Rosario,Municipio,Rosario,820210,Servicio de Catastro e Información Territorial,IGN
2015,2883,2015-05-16,Sabado,0.0,10:00:00,,0.0,2,"Automóvil,Bicicleta",Rioja Y Matienzo,2,1,0,0,1,0,0,,Calle,,ROSARIO,Rosario,Asfalto,No existe,II,Dentro,Urbana,Marca Vial,No existe,Intersección,Bueno,Buena,Diurna,Buen Tiempo,S/D,S/D,Atropello,Ninguna,Faltante,Cordón divisorio,Sin restricción,POINT (-60.694784 -32.93773939999999),"['Rioja', 'Matienzo']",2,Rioja; Benjamín Matienzo,-32.93773939999999,-60.694784,55.0,538.0,Municipio Rosario,Municipio,Rosario,820210,Servicio de Catastro e Información Territorial,IGN
2015,2884,2015-05-12,Martes,0.0,12:45:00,,0.0,2,"Automóvil,Automóvil",Bv. Segui Y Laprida,4,2,0,0,2,0,0,,Calle,,ROSARIO,Rosario,Asfalto,No existe,II,Dentro,Urbana,Ninguna,No existe,Intersección,Bueno,Buena,Diurna,Buen Tiempo,Lateral,S/D,Colisión,Ninguna,Faltante,Cordón divisorio,Sin restricción,POINT (-60.64243230000001 -32.97979135),"['Bulevar Juan Francisco Seguí', 'Laprida']",2,Bulevar Juan Francisco Seguí; Francisco Narciso Laprida,-32.97979135,-60.64243230000001,55.0,538.0,Municipio Rosario,Municipio,Rosario,820210,Servicio de Catastro e Información Territorial,IGN
2015,2885,2015-05-13,Miercoles,0.0,17:00:00,,0.0,2,"Moto/Ciclomotor,Automóvil",Av. Pellegrini Y Liniers,3,1,0,0,2,0,0,,Avenida,,ROSARIO,Rosario,Asfalto,No existe,II,Dentro,Urbana,Semáforo,Funciona,Intersección,Bueno,Buena,Diurna,Buen Tiempo,Lateral,S/D,Colisión,Ninguna,Horizontal,Cordón divisorio,Sin restricción,POINT (-60.69824345 -32.9482175),"['Pellegrini', 'Liniers']",2,"('Avenida Carlos Pellegrini', 'Liniers')",-32.9482175,-60.69824345,55.0,538.0,Municipio Rosario,Municipio,Rosario,820210,Servicio de Catastro e Información Territorial,IGN
2015,2887,2015-05-22,Viernes,0.0,04:00:00,,0.0,2,"Moto/Ciclomotor,Taxi/Remis",Catamarca Y Vera Mujica,2,1,0,0,1,0,0,,Calle,,ROSARIO,Rosario,S/D,No existe,II,S/D,Urbana,Semáforo,Funciona,Recta,Otro,Buena,Atardecer,Buen Tiempo,Otro,S/D,Colisión,Otro,Vertical,Ninguna,Sin restricción,POINT (-60.665426 -32.93545739999998),"['Catamarca', 'Vera Mujíca']",2,Catamarca; Vera Mujíca,-32.93545739999998,-60.665426,55.0,538.0,Municipio Rosario,Municipio,Rosario,820210,Servicio de Catastro e Información Territorial,IGN
2015,2888,2015-05-25,Lunes,0.0,12:20:00,,0.0,2,"Peatón,Automóvil",Santiago Y Tucuman,2,1,0,0,1,0,0,,Calle,,ROSARIO,Rosario,S/D,No existe,II,S/D,Urbana,Ninguna,No existe,Recta,Otro,Buena,Diurna,Buen Tiempo,S/D,S/D,Atropello,Otro,Faltante,Ninguna,Sin restricción,POINT (-60.6547977 -32.9386111),"['Santiago', 'Tucumán']",2,Santiago; Tucumán,-32.9386111,-60.6547977,55.0,538.0,Municipio Rosario,Municipio,Rosario,820210,Servicio de Catastro e Información Territorial,IGN
2015,2889,2015-04-22,Miercoles,0.0,10:30:00,,0.0,2,"Moto/Ciclomotor,Automóvil",San Martin Y Ayolas,3,2,0,0,1,0,0,,Calle,,ROSARIO,Rosario,Asfalto,No existe,II,Dentro,Urbana,Ninguna,Funciona,Intersección,Bueno,Buena,Diurna,Buen Tiempo,Lateral,S/D,Colisión,Ninguna,Horizontal,Ninguna,Sin restricción,POINT (-60.644083949999995 -32.97709834999999),"['San Martin', 'Ayolas']",2,José de San Martín; Ayolas,-32.97709834999999,-60.64408395,55.0,538.0,Municipio Rosario,Municipio,Rosario,820210,Servicio de Catastro e Información Territorial,IGN
2015,2891,2015-05-07,Jueves,0.0,20:00:00,,0.0,2,"Moto/Ciclomotor,Automóvil",1 de Mayo Y Dr.Rivas,3,2,0,0,1,0,0,,S/D,,ROSARIO,Rosario,Asfalto,No existe,II,S/D,S/D,Ninguna,No existe,Intersección,Bueno,Buena,Nocturna,Buen Tiempo,Lateral,S/D,Colisión,Ninguna,Faltante,Ninguna,Sin restricción,POINT (-60.6390307 -32.9852327),"['Primero de Mayo', 'Doctor Francisco Riva']",2,Primero de Mayo; Doctor Francisco Riva,-32.9852327,-60.6390307,55.0,538.0,Municipio Rosario,Municipio,Rosario,820210,Servicio de Catastro e Información Territorial,IGN
2015,2892,2015-05-27,Miercoles,0.0,19:45:00,,0.0,2,"Moto/Ciclomotor,Automóvil",Rodriguez Y Urquiza,2,1,0,0,0,0,1,,Calle,,ROSARIO,Rosario,S/D,No existe,II,S/D,Urbana,Ninguna,No existe,Recta,S/D,Buena,Diurna,Buen Tiempo,Otro,S/D,Colisión,Otro,Faltante,Ninguna,Sin restricción,POINT (-60.65783139999999 -32.939287699999994),"['Rodríguez', 'Urquiza']",2,Rodríguez de Escobedo; Justo José de Urquiza,-32.939287699999994,-60.65783139999999,55.0,538.0,Municipio Rosario,Municipio,Rosario,820210,Servicio de Catastro e Información Territorial,IGN
2015,2893,2015-05-09,Sabado,0.0,16:55:00,,0.0,2,"Automóvil,Camión",Av. Battle y Ordoñez Y Pueyrredon,2,1,0,0,1,0,0,,Avenida,,ROSARIO,Rosario,Asfalto,No existe,II,Dentro,Urbana,Ninguna,No existe,Intersección,Bueno,Buena,Diurna,Buen Tiempo,Lateral,S/D,Colisión,S/D,Faltante,Ninguna,Sin restricción,POINT (-60.66878450000001 -33.0094948),"['Avenida Battle y Ordoñez', 'Pueyrredón']",2,Avenida Battle y Ordoñez; Pueyrredón,-33.0094948,-60.66878450000001,55.0,538.0,Municipio Rosario,Municipio,Rosario,820210,Servicio de Catastro e Información Territorial,IGN
2015,2894,2015-04-16,Jueves,0.0,08:30:00,,0.0,1,Moto/Ciclomotor,Ayolas Y Laprida,2,2,0,0,0,0,0,,S/D,,ROSARIO,Rosario,Asfalto,No existe,II,S/D,S/D,Ninguna,No existe,Curva,Bueno,Buena,Diurna,Buen Tiempo,Otro,S/D,Caída ocupante,Ninguna,Faltante,Ninguna,Sin restricción,POINT (-60.64185640000001 -32.97749820000001),"['Ayolas', 'Laprida']",2,Ayolas; Francisco Narciso Laprida,-32.97749820000001,-60.64185640000001,55.0,538.0,Municipio Rosario,Municipio,Rosario,820210,Servicio de Catastro e Información Territorial,IGN
2015,2898,2015-05-28,Jueves,0.0,13:20:00,,0.0,2,"Moto/Ciclomotor,Pickup/Utilitario",San Martin Y Viamonte,2,1,0,0,1,0,0,,Calle,,ROSARIO,Rosario,Asfalto,No existe,II,Dentro,Urbana,S/D,No existe,Recta,Bueno,Buena,Diurna,Buen Tiempo,Lateral,S/D,Colisión,Ninguna,Vertical,Línea divisoria pintada,Sin restricción,POINT (-60.64145630000001 -32.96560950000001),"['San Martin', 'Viamonte']",2,José de San Martín; Viamonte,-32.96560950000001,-60.64145630000001,55.0,538.0,Municipio Rosario,Municipio,Rosario,820210,Servicio de Catastro e Información Territorial,IGN
2015,2899,2015-05-07,Jueves,0.0,20:45:00,,0.0,2,"Moto/Ciclomotor,Automóvil",Pasco Y Laprida,2,1,0,0,1,0,0,,Calle,,ROSARIO,Rosario,Asfalto,No existe,II,Dentro,Urbana,S/D,No existe,Intersección,Bueno,Buena,Nocturna,Buen Tiempo,Lateral,S/D,Colisión,Ninguna,Vertical,Ninguna,Sin restricción,POINT (-60.6375564 -32.96027819999998),"['Pasco', 'Laprida']",2,Pasco; Francisco Narciso Laprida,-32.96027819999998,-60.6375564,55.0,538.0,Municipio Rosario,Municipio,Rosario,820210,Servicio de Catastro e Información Territorial,IGN