anio_acci,nro_acci,fecha,desc_dia,fecha_aprox,hora_aprox,desc_ruta,km,cant_participantes,desc_participante,calle_avenida_km,total,heridos_leves,heridos_graves,heridos_gravisimos,ilesos,fallecidos,sin_datos,posicion_XY,desc_tipo_via,desc_ruta_ori,desc_loc,desc_dpto,desc_tipo_calzada,desc_tipo_banquina,desc_unidad_regional,desc_lugar_calzada,desc_zona,desc_prioridad,desc_estado_semaforo,desc_lugar_via,desc_estado_via,desc_estado_visibilidad,desc_luminosidad,desc_estado_clima,desc_tipo_colision,desc_tipo_atropello,desc_tipo_hecho,desc_pres_calzada,desc_senializacion,desc_separacion_via,desc_restriccion,forma_geocod,calle_lista,numero_calles,calles_osm,lat,lon,index_right,gid,fna,gna,nam,in1,fdc,sag
2015,2900,2015-05-10,Domingo,0.0,15:50:00,,0.0,2,"Moto/Ciclomotor,Automóvil",Pasco Y Esmeralda,2,1,0,0,1,0,0,,Calle,,ROSARIO,Rosario,Asfalto,No existe,II,Dentro,Urbana,Ninguna,No existe,Intersección,Bueno,Buena,Diurna,Buen Tiempo,Lateral,S/D,Colisión,Ninguna,Faltante,Ninguna,Sin restricción,POINT (-60.62475129999999 -32.96256670000001),"['Pasco', 'Esmeralda']",2,Pasco; Esmeralda,-32.96256670000001,-60.62475129999999,55.0,538.0,Municipio Rosario,Municipio,Rosario,820210,Servicio de Catastro e Información Territorial,IGN
2015,2901,2015-05-13,Miercoles,0.0,14:55:00,,0.0,2,"Moto/Ciclomotor,Automóvil",L.N.Alem Y Ituzaingo,2,1,0,0,1,0,0,,Calle,,ROSARIO,Rosario,Asfalto,No existe,II,Dentro,Urbana,S/D,No existe,Intersección,Bueno,Buena,Diurna,Buen Tiempo,Lateral,S/D,Colisión,Ninguna,Vertical,Ninguna,Sin restricción,POINT (-60.6318472 -32.9624805),"['Alem', 'Ituzaingó']",2,Leandro N. Alem; Ituzaingó,-32.9624805,-60.6318472,55.0,538.0,Municipio Rosario,Municipio,Rosario,820210,Servicio de Catastro e Información Territorial,IGN
2015,2902,2015-05-29,Viernes,0.0,06:05:00,,0.0,2,"Taxi/Remis,Moto/Ciclomotor",San Martin Y Mr.Ross,2,0,1,0,1,0,0,,Calle,,ROSARIO,Rosario,Asfalto,No existe,II,Dentro,Urbana,Ninguna,No existe,Intersección,Bueno,Buena,Nocturna,Buen Tiempo,De alcance,S/D,Colisión,S/D,Faltante,Ninguna,Sin restricción,POINT (-60.646259300000004 -32.98868269999999),"['San Martin', 'Rodrigo M. Ross']",2,José de San Martín; Rodrigo M. Ross,-32.98868269999999,-60.6462593,55.0,538.0,Municipio Rosario,Municipio,Rosario,820210,Servicio de Catastro e Información Territorial,IGN
2015,2903,2015-05-28,Jueves,0.0,13:00:00,,0.0,2,"Moto/Ciclomotor,Automóvil",España Y Juan Canals,2,1,0,0,1,0,0,,Calle,,ROSARIO,Rosario,Asfalto,No existe,II,Dentro,Urbana,Ninguna,No existe,Intersección,Bueno,Buena,Diurna,Buen Tiempo,De alcance,S/D,Colisión,S/D,Faltante,Ninguna,Sin restricción,POINT (-60.6572841 -32.9879308),"['España', 'Juan Canals']",2,España; Juan Canals,-32.9879308,-60.6572841,55.0,538.0,Municipio Rosario,Municipio,Rosario,820210,Servicio de Catastro e Información Territorial,IGN
2015,2905,2015-05-08,Viernes,0.0,14:20:00,,0.0,3,"Automóvil,Automóvil,Automóvil",Av. Pellegrini 2300,4,2,0,0,2,0,0,,Avenida,,ROSARIO,Rosario,Asfalto,S/D,II,Dentro,Urbana,Semáforo,Funciona,Recta,Bueno,Buena,Diurna,Buen Tiempo,Múltiple,S/D,Colisión,S/D,Vertical,S/D,S/D,"-32.954286, -60.6572093",['Pellegrini 2300'],1,Pellegrini 2300,-32.954286,-60.6572093,55.0,538.0,Municipio Rosario,Municipio,Rosario,820210,Servicio de Catastro e Información Territorial,IGN
2015,2906,2015-05-26,Martes,0.0,13:15:00,,0.0,2,"Moto/Ciclomotor,Ambulancia",Dean Funes Y Dorrego,2,0,1,0,1,0,0,,Calle,,ROSARIO,Rosario,Asfalto,No existe,II,Dentro,Urbana,Ninguna,No existe,Intersección,Bueno,Buena,Diurna,Buen Tiempo,De alcance,S/D,Colisión,S/D,Faltante,Ninguna,Sin restricción,POINT (-60.656588500000005 -32.9736841),"['Deán Gregorio Funes', 'Dorrego']",2,Deán Gregorio Funes; Manuel Dorrego,-32.9736841,-60.656588500000005,55.0,538.0,Municipio Rosario,Municipio,Rosario,820210,Servicio de Catastro e Información Territorial,IGN
2015,2907,2015-05-21,Jueves,0.0,17:10:00,,0.0,2,"Bicicleta,Camión",Ayacucho Y Benito Juarez,3,2,0,0,1,0,0,,Calle,,ROSARIO,Rosario,Asfalto,No existe,II,Dentro,Urbana,Ninguna,No existe,Intersección,Bueno,Buena,Diurna,S/D,Lateral,S/D,Atropello,S/D,S/D,Línea divisoria pintada,Sin restricción,POINT (-60.63683645 -32.9926023),"['Ayacucho', 'Benito Juárez']",2,Ayacucho; Benito Juárez,-32.9926023,-60.63683645,55.0,538.0,Municipio Rosario,Municipio,Rosario,820210,Servicio de Catastro e Información Territorial,IGN
2015,2908,2015-05-12,Martes,0.0,15:50:00,,0.0,2,"Moto/Ciclomotor,Automóvil",Entre Rios Y Ocampo,2,1,0,0,1,0,0,,Calle,,ROSARIO,Rosario,Asfalto,S/D,II,Dentro,Urbana,S/D,S/D,Intersección,Bueno,Buena,Diurna,Buen Tiempo,Lateral,S/D,Colisión,S/D,S/D,S/D,S/D,POINT (-60.645984299999995 -32.96596579999999),"['Entre Ríos', 'Ocampo']",2,Entre Ríos; Ocampo,-32.96596579999999,-60.6459843,55.0,538.0,Municipio Rosario,Municipio,Rosario,820210,Servicio de Catastro e Información Territorial,IGN
2015,2909,2015-05-02,Sabado,0.0,13:30:00,,0.0,2,"Automóvil,Moto/Ciclomotor",Montevideo Y Liniers,2,1,0,0,1,0,0,,Calle,,ROSARIO,Rosario,Asfalto,No existe,II,Dentro,Urbana,Marca Vial,No existe,Intersección,Bueno,Buena,Diurna,Buen Tiempo,Lateral,S/D,Colisión,Ninguna,Faltante,S/D,Sin restricción,POINT (-60.6983742 -32.94708129999998),"['Montevideo', 'Liniers']",2,Montevideo; Liniers,-32.94708129999998,-60.6983742,55.0,538.0,Municipio Rosario,Municipio,Rosario,820210,Servicio de Catastro e Información Territorial,IGN
2015,2910,2015-05-24,Domingo,0.0,15:00:00,,0.0,2,"Moto/Ciclomotor,Automóvil",Necochea Y Ameghino,3,2,0,0,1,0,0,,Calle,,ROSARIO,Rosario,Asfalto,No existe,II,Dentro,Urbana,Ninguna,No existe,Intersección,S/D,S/D,Diurna,Buen Tiempo,Lateral,S/D,Colisión,S/D,S/D,Ninguna,S/D,POINT (-60.6344213 -32.989611999999994),"['Necochea', 'Ameghino']",2,Necochea; Ameghino,-32.989611999999994,-60.6344213,55.0,538.0,Municipio Rosario,Municipio,Rosario,820210,Servicio de Catastro e Información Territorial,IGN
2015,2912,2015-05-09,Sabado,0.0,15:10:00,,0.0,2,"Moto/Ciclomotor,Automóvil",San Lorenzo Y Campbell,2,1,0,0,1,0,0,,Calle,,ROSARIO,Rosario,Asfalto,No existe,II,Dentro,Urbana,Marca Vial,No existe,Intersección,Bueno,Buena,Diurna,Buen Tiempo,Lateral,S/D,Colisión,Ninguna,Faltante,S/D,Sin restricción,POINT (-60.7082193 -32.93437439999999),"['San Lorenzo', 'Campbell']",2,San Lorenzo; Campbell,-32.93437439999999,-60.7082193,55.0,538.0,Municipio Rosario,Municipio,Rosario,820210,Servicio de Catastro e Información Territorial,IGN
2015,2915,2015-05-26,Martes,0.0,14:20:00,,0.0,2,"Automóvil,Moto/Ciclomotor",Bv. Segui Y Av. Corrientes,2,1,0,0,1,0,0,,Calle,,ROSARIO,Rosario,Asfalto,No existe,II,Dentro,Urbana,Ninguna,No existe,Intersección,Bueno,Buena,Diurna,Buen Tiempo,De alcance,S/D,Colisión,S/D,Faltante,Ninguna,Sin restricción,POINT (-60.65060229999999 -32.97832124999999),"['Bulevar Juan Francisco Seguí', 'Corrientes']",2,Bulevar Juan Francisco Seguí; Corrientes,-32.97832124999999,-60.65060229999999,55.0,538.0,Municipio Rosario,Municipio,Rosario,820210,Servicio de Catastro e Información Territorial,IGN
2015,2916,2015-05-19,Martes,0.0,12:25:00,,0.0,2,"Automóvil,Moto/Ciclomotor",Av. Ovidio Lagos Y Amenabar,2,1,0,0,1,0,0,,Avenida,,ROSARIO,Rosario,Asfalto,S/D,II,Dentro,Urbana,S/D,S/D,Intersección,Bueno,S/D,Diurna,Buen Tiempo,Lateral,S/D,Colisión,S/D,S/D,S/D,S/D,POINT (-60.66772746666666 -32.96808026666666),"['Avenida Ovidio Lagos', 'Amenabar']",2,Avenida Ovidio Lagos; José de Amenábar,-32.96808026666666,-60.66772746666666,55.0,538.0,Municipio Rosario,Municipio,Rosario,820210,Servicio de Catastro e Información Territorial,IGN
2015,2917,2015-05-25,Lunes,0.0,13:10:00,,0.0,2,"Automóvil,Moto/Ciclomotor",Bv. Segui Y Dorrego,4,3,0,0,1,0,0,,Calle,,ROSARIO,Rosario,Asfalto,No existe,II,Dentro,Urbana,Ninguna,No existe,Intersección,Bueno,Buena,Diurna,Buen Tiempo,De alcance,S/D,Colisión,S/D,Faltante,Ninguna,Sin restricción,POINT (-60.657444850000005 -32.97709334999999),"['Bulevar Juan Francisco Seguí', 'Dorrego']",2,Bulevar Juan Francisco Seguí; Manuel Dorrego,-32.97709334999999,-60.657444850000005,55.0,538.0,Municipio Rosario,Municipio,Rosario,820210,Servicio de Catastro e Información Territorial,IGN
2015,2918,2015-05-24,Domingo,0.0,04:00:00,,0.0,2,"Moto/Ciclomotor,Automóvil",Laprida 4800,2,0,1,0,1,0,0,,Calle,,ROSARIO,Rosario,S/D,S/D,II,Dentro,Urbana,Señal Pare,S/D,Intersección,S/D,S/D,Nocturna,Buen Tiempo,Lateral,S/D,Colisión,S/D,S/D,Ninguna,S/D,"-32.9465076, -60.6335304",['Laprida 4800'],1,Laprida 4800,-32.9465076,-60.6335304,55.0,538.0,Municipio Rosario,Municipio,Rosario,820210,Servicio de Catastro e Información Territorial,IGN
2015,2919,2015-05-19,Martes,0.0,13:20:00,,0.0,2,"Transporte de Pasajeros Urbano (> 8 asientos),Peatón",Mendoza Y Roullon,2,1,0,0,1,0,0,,Calle,,ROSARIO,Rosario,Asfalto,No existe,II,Dentro,Urbana,Semáforo,Funciona,Intersección,Bueno,Buena,Diurna,Buen Tiempo,S/D,S/D,Atropello,Ninguna,Vertical,S/D,Sin restricción,POINT (-60.7022742 -32.94027259999999),"['Mendoza', 'Alfredo Rouillón']",2,Mendoza; Alfredo Rouillón,-32.94027259999999,-60.7022742,55.0,538.0,Municipio Rosario,Municipio,Rosario,820210,Servicio de Catastro e Información Territorial,IGN
2015,2920,2015-05-15,Viernes,0.0,06:10:00,,0.0,2,"Taxi/Remis,Moto/Ciclomotor",Alvear Y Av. Pellegrini,2,1,0,0,1,0,0,,Calle,,ROSARIO,Rosario,Asfalto,S/D,II,Dentro,Urbana,Semáforo,Funciona,Intersección,Bueno,Buena,Con luz artificial,Buen Tiempo,Lateral,S/D,Colisión,S/D,Vertical,S/D,S/D,POINT (-60.6574268 -32.95433405),"['Alvear', 'Pellegrini']",2,Alvear; Avenida Carlos Pellegrini,-32.95433405,-60.6574268,55.0,538.0,Municipio Rosario,Municipio,Rosario,820210,Servicio de Catastro e Información Territorial,IGN
2015,2921,2015-05-14,Jueves,0.0,11:30:00,,0.0,2,"Vehículo Oficial,Peatón",Rueda 1000,2,2,0,0,0,0,0,,Calle,,ROSARIO,Rosario,Asfalto,S/D,II,Dentro,Urbana,S/D,S/D,Recta,Bueno,Buena,Diurna,Buen Tiempo,S/D,S/D,Atropello,S/D,S/D,S/D,S/D,"-32.9709643, -60.64498",['Rueda 1000'],1,Rueda 1000,-32.9709643,-60.64498,55.0,538.0,Municipio Rosario,Municipio,Rosario,820210,Servicio de Catastro e Información Territorial,IGN
2015,2922,2015-05-13,Miercoles,0.0,12:30:00,,0.0,2,"Peatón,Automóvil",Guatemala Y White,2,0,1,0,1,0,0,,Calle,,ROSARIO,Rosario,Asfalto,No existe,II,Dentro,Urbana,Marca Vial,No existe,Intersección,Bueno,Buena,Diurna,Buen Tiempo,S/D,S/D,Atropello,Ninguna,Faltante,S/D,Sin restricción,POINT (-60.7172096 -32.941517899999994),"['Guatemala', 'White']",2,Guatemala; Ingeniero White,-32.941517899999994,-60.7172096,55.0,538.0,Municipio Rosario,Municipio,Rosario,820210,Servicio de Catastro e Información Territorial,IGN
2015,2923,2015-05-18,Lunes,0.0,14:35:00,,0.0,2,"Moto/Ciclomotor,Pickup/Utilitario",Sanchez de Bustamante Y Buenos Aires,3,2,0,0,1,0,0,,Calle,,ROSARIO,Rosario,Asfalto,S/D,II,S/D,Urbana,Ninguna,S/D,Intersección,Bueno,Buena,Diurna,Buen Tiempo,Lateral,S/D,Colisión,S/D,S/D,Ninguna,Sin restricción,POINT (-60.6449658 -33.00187050000001),"['Sánchez de Bustamante', 'Buenos Aires']",2,Sánchez de Bustamante; Buenos Aires,-33.00187050000001,-60.6449658,55.0,538.0,Municipio Rosario,Municipio,Rosario,820210,Servicio de Catastro e Información Territorial,IGN
2015,2924,2015-05-04,Lunes,0.0,19:00:00,,0.0,2,"Automóvil,Moto/Ciclomotor",Sarmiento Y Cochabamba,2,1,0,0,1,0,0,,Calle,,ROSARIO,Rosario,Asfalto,S/D,II,Dentro,Urbana,S/D,S/D,Intersección,Bueno,S/D,Atardecer,Buen Tiempo,Lateral,S/D,Colisión,S/D,S/D,S/D,S/D,POINT (-60.6411528 -32.958439),"['Sarmiento', 'Cochabamba']",2,Sarmiento; Cochabamba,-32.958439,-60.6411528,55.0,538.0,Municipio Rosario,Municipio,Rosario,820210,Servicio de Catastro e Información Territorial,IGN
2015,2925,2015-05-19,Martes,0.0,17:00:00,,0.0,2,"Peatón,Automóvil",Av. Ntra.Sra.del Rosario 472,2,1,0,0,1,0,0,,Avenida,,ROSARIO,Rosario,Asfalto,S/D,II,Dentro,Urbana,Otra Señal,No existe,Recta,S/D,Buena,Diurna,S/D,S/D,S/D,Atropello,S/D,Vertical,Ninguna,Sin restricción,"-32.9997432, -60.6154115",['Ntra Sra Del Rosario 472'],1,Ntra Sra Del Rosario 472,-32.9997432,-60.6154115,55.0,538.0,Municipio Rosario,Municipio,Rosario,820210,Servicio de Catastro e Información Territorial,IGN
2015,2926,2015-05-10,Domingo,0.0,,,0.0,2,"Moto/Ciclomotor,Automóvil",Alzugaray Y Salva,3,2,0,0,1,0,0,,Calle,,ROSARIO,Rosario,Asfalto,No existe,II,Dentro,Urbana,S/D,No existe,Intersección,S/D,S/D,S/D,S/D,Lateral,S/D,Colisión,S/D,S/D,Ninguna,Sin restricción,POINT (-60.639796600000004 -33.01274730000001),"['Alzugaray', 'Salva']",2,Alzugaray; Salvat,-33.01274730000001,-60.6397966,55.0,538.0,Municipio Rosario,Municipio,Rosario,820210,Servicio de Catastro e Información Territorial,IGN
2015,2927,2015-05-23,Sabado,0.0,15:50:00,,0.0,2,"Taxi/Remis,Moto/Ciclomotor",Uruguay Y España,3,2,0,0,1,0,0,,Calle,,ROSARIO,Rosario,Asfalto,No existe,II,Dentro,Urbana,Ninguna,No existe,Intersección,Bueno,Buena,Diurna,Buen Tiempo,De alcance,S/D,Colisión,S/D,Faltante,Ninguna,Sin restricción,POINT (-60.654130699999996 -32.975319799999994),"['Uruguay', 'España']",2,Uruguay; España,-32.975319799999994,-60.6541307,55.0,538.0,Municipio Rosario,Municipio,Rosario,820210,Servicio de Catastro e Información Territorial,IGN
2015,2929,2015-05-22,Viernes,0.0,22:00:00,,0.0,2,"Automóvil,Bicicleta",Sarmiento 4600,2,1,0,0,1,0,0,,Calle,,ROSARIO,Rosario,Asfalto,No existe,II,Dentro,Urbana,Ninguna,No existe,Recta,Bueno,Buena,Nocturna,Buen Tiempo,De alcance,S/D,Atropello,S/D,Faltante,Ninguna,Sin restricción,"-32.9903783, -60.6493345",['Sarmiento 4600'],1,Sarmiento 4600,-32.9903783,-60.6493345,55.0,538.0,Municipio Rosario,Municipio,Rosario,820210,Servicio de Catastro e Información Territorial,IGN
2015,2930,2015-05-21,Jueves,0.0,17:50:00,,0.0,2,"Bicicleta,Automóvil",Dean Funes Y Entre Rios,2,1,0,0,1,0,0,,Calle,,ROSARIO,Rosario,Asfalto,No existe,II,Dentro,Urbana,Ninguna,No existe,Intersección,Bueno,Buena,Atardecer,Buen Tiempo,De alcance,S/D,Atropello,S/D,Faltante,Ninguna,Sin restricción,POINT (-60.6483161 -32.9751589),"['Deán Gregorio Funes', 'Entre Ríos']",2,Deán Gregorio Funes; Entre Ríos,-32.9751589,-60.6483161,55.0,538.0,Municipio Rosario,Municipio,Rosario,820210,Servicio de Catastro e Información Territorial,IGN
2015,2932,2015-05-07,Jueves,0.0,23:30:00,,0.0,2,"Vehículo Oficial,Taxi/Remis",Av. Ntra.Sra.del Rosario Y Castro,4,4,0,0,0,0,0,,Avenida,,ROSARIO,Rosario,Asfalto,No existe,II,Dentro,Urbana,Semáforo,Funciona,Intersección,Bueno,S/D,Nocturna,S/D,Lateral,S/D,Colisión,S/D,S/D,Ninguna,Sin restricción,POINT (-60.6295565 -32.9993333),"['Nuestra Señora del Rosario', 'Castro']",2,Puente Nuestra Señora del Rosario; Avenida Pedro de Castro Barros,-32.9993333,-60.6295565,55.0,538.0,Municipio Rosario,Municipio,Rosario,820210,Servicio de Catastro e Información Territorial,IGN
2015,2933,2015-05-20,Miercoles,0.0,08:35:00,,0.0,2,"Automóvil,Moto/Ciclomotor",Bv. Segui Y Paraguay,3,2,0,0,1,0,0,,Calle,,ROSARIO,Rosario,Asfalto,No existe,II,Dentro,Urbana,Ninguna,No existe,Intersección,Bueno,Buena,Diurna,Buen Tiempo,De alcance,S/D,Colisión,S/D,Faltante,Ninguna,Sin restricción,POINT (-60.6519554 -32.9780774),"['Bulevar Juan Francisco Seguí', 'Paraguay']",2,Bulevar Juan Francisco Seguí; Paraguay,-32.9780774,-60.6519554,55.0,538.0,Municipio Rosario,Municipio,Rosario,820210,Servicio de Catastro e Información Territorial,IGN
2015,2934,2015-05-05,Martes,0.0,17:15:00,,0.0,2,"Pickup/Utilitario,Moto/Ciclomotor",España Y Ituzaingo,3,2,0,0,1,0,0,,Calle,,ROSARIO,Rosario,Asfalto,S/D,II,Dentro,Urbana,S/D,S/D,Intersección,Bueno,Buena,Atardecer,Buen Tiempo,Lateral,S/D,Colisión,S/D,S/D,S/D,S/D,POINT (-60.65008399999999 -32.95924599999999),"['España', 'Ituzaingó']",2,España; Ituzaingó,-32.95924599999999,-60.65008399999999,55.0,538.0,Municipio Rosario,Municipio,Rosario,820210,Servicio de Catastro e Información Territorial,IGN
2015,2935,2015-05-08,Viernes,0.0,12:00:00,,0.0,2,"Automóvil,Pickup/Utilitario",Pte.Roca Y Ituzaingo,2,1,0,0,1,0,0,,Calle,,ROSARIO,Rosario,Asfalto,S/D,II,Fuera,Urbana,S/D,S/D,Intersección,Bueno,Buena,Diurna,Buen Tiempo,Lateral,S/D,Colisión,S/D,S/D,S/D,S/D,POINT (-60.64869579999999 -32.95948909999999),"['Roca', 'Ituzaingó']",2,Presidente Roca; Ituzaingó,-32.95948909999999,-60.64869579999999,55.0,538.0,Municipio Rosario,Municipio,Rosario,820210,Servicio de Catastro e Información Territorial,IGN
2015,2937,2015-05-01,Viernes,0.0,19:50:00,,0.0,2,"Bicicleta,Automóvil",Laprida Y Av. Ntra.Sra.del Rosario,2,1,0,0,1,0,0,,Avenida,,ROSARIO,Rosario,Asfalto,S/D,II,Dentro,Urbana,Señal Pare,No existe,Intersección,S/D,S/D,Atardecer,S/D,S/D,S/D,Atropello,S/D,Vertical,Ninguna,Sin restricción,POINT (-60.647071600000004 -32.9998271),"['Laprida', 'Nuestra Señora del Rosario']",2,Francisco Narciso Laprida; Puente Nuestra Señora del Rosario,-32.9998271,-60.6470716,55.0,538.0,Municipio Rosario,Municipio,Rosario,820210,Servicio de Catastro e Información Territorial,IGN
2015,2938,2015-05-09,Sabado,0.0,13:05:00,,0.0,2,"Moto/Ciclomotor,Peatón",Av. Pellegrini Y Dorrego,2,2,0,0,0,0,0,,Avenida,,ROSARIO,Rosario,Asfalto,S/D,II,Dentro,Urbana,S/D,Funciona,Recta,Bueno,Buena,S/D,Buen Tiempo,S/D,S/D,Atropello,S/D,Vertical,S/D,S/D,POINT (-60.6519337 -32.95532245),"['Pellegrini', 'Dorrego']",2,Avenida Carlos Pellegrini; Manuel Dorrego,-32.95532245,-60.6519337,55.0,538.0,Municipio Rosario,Municipio,Rosario,820210,Servicio de Catastro e Información Territorial,IGN
2015,2939,2015-05-02,Sabado,0.0,10:20:00,,0.0,2,"Moto/Ciclomotor,Automóvil",Salva Y Av. Ntra.Sra.del Rosario,4,2,0,0,2,0,0,,Avenida,,ROSARIO,Rosario,Asfalto,No existe,II,Dentro,Urbana,Ninguna,No existe,Intersección,S/D,Buena,Diurna,S/D,Lateral,S/D,Colisión,S/D,S/D,Ninguna,Sin restricción,POINT (-60.6403663 -32.9996483),"['Salva', 'Nuestra Señora del Rosario']",2,Salvat; Puente Nuestra Señora del Rosario,-32.9996483,-60.6403663,55.0,538.0,Municipio Rosario,Municipio,Rosario,820210,Servicio de Catastro e Información Territorial,IGN
2015,2940,2015-05-08,Viernes,0.0,12:25:00,,0.0,2,"Moto/Ciclomotor,Automóvil",1 de Mayo Y Ayolas,2,1,0,0,1,0,0,,Calle,,ROSARIO,Rosario,Asfalto,No existe,II,Dentro,Urbana,Señal Pare,No existe,Intersección,Bueno,Buena,Diurna,Buen Tiempo,Lateral,S/D,Colisión,Ninguna,Vertical,Ninguna,Sin restricción,POINT (-60.6373079 -32.9783266),"['Primero de Mayo', 'Ayolas']",2,Primero de Mayo; Ayolas,-32.9783266,-60.6373079,55.0,538.0,Municipio Rosario,Municipio,Rosario,820210,Servicio de Catastro e Información Territorial,IGN
2015,2941,2015-05-05,Martes,0.0,19:30:00,,0.0,2,"Moto/Ciclomotor,Moto/Ciclomotor",Ayacucho Y Dr.Rivas,3,2,0,0,1,0,0,,Calle,,ROSARIO,Rosario,Asfalto,No existe,II,Dentro,Urbana,Ninguna,No existe,Intersección,Bueno,Buena,Nocturna,Buen Tiempo,Lateral,S/D,Colisión,Ninguna,Faltante,Ninguna,Sin restricción,POINT (-60.636109600000005 -32.9852287),"['Ayacucho', 'Doctor Francisco Riva']",2,Ayacucho; Doctor Francisco Riva,-32.9852287,-60.636109600000005,55.0,538.0,Municipio Rosario,Municipio,Rosario,820210,Servicio de Catastro e Información Territorial,IGN
2015,2942,2015-05-24,Domingo,0.0,15:00:00,,0.0,2,"Automóvil,Moto/Ciclomotor",Galvez Y Paraguay,2,1,0,0,1,0,0,,Calle,,ROSARIO,Rosario,Asfalto,S/D,II,Dentro,Urbana,S/D,S/D,Intersección,Bueno,Buena,Diurna,Buen Tiempo,Lateral,S/D,Colisión,S/D,S/D,S/D,S/D,POINT (-60.64936409999999 -32.9677811),"['Galvez', 'Paraguay']",2,José Gálvez; Paraguay,-32.9677811,-60.64936409999999,55.0,538.0,Municipio Rosario,Municipio,Rosario,820210,Servicio de Catastro e Información Territorial,IGN
2015,2943,2015-05-19,Martes,0.0,08:35:00,,0.0,2,"Automóvil,Moto/Ciclomotor",Bv. Segui Y Balcarce,2,1,0,0,1,0,0,,Calle,,ROSARIO,Rosario,Asfalto,No existe,II,Dentro,Urbana,Ninguna,No existe,Intersección,Bueno,Buena,Diurna,Buen Tiempo,De alcance,S/D,Colisión,Ninguna,Faltante,Ninguna,Sin restricción,POINT (-60.66015055 -32.97661384999999),"['Bulevar Juan Francisco Seguí', 'Balcarce']",2,Bulevar Juan Francisco Seguí; Balcarce,-32.97661384999999,-60.66015055,55.0,538.0,Municipio Rosario,Municipio,Rosario,820210,Servicio de Catastro e Información Territorial,IGN
2015,2944,2015-05-18,Lunes,0.0,21:50:00,,0.0,2,"Automóvil,Bicicleta",San Martin Y Ayolas,2,1,0,0,1,0,0,,Calle,,ROSARIO,Rosario,Asfalto,No existe,II,Dentro,Urbana,Semáforo,Funciona,Intersección,Bueno,Buena,Nocturna,Buen Tiempo,S/D,S/D,Atropello,Ninguna,Faltante,Ninguna,Sin restricción,POINT (-60.644083949999995 -32.97709834999999),"['San Martin', 'Ayolas']",2,José de San Martín; Ayolas,-32.97709834999999,-60.64408395,55.0,538.0,Municipio Rosario,Municipio,Rosario,820210,Servicio de Catastro e Información Territorial,IGN
2015,2945,2015-05-16,Sabado,0.0,22:05:00,,0.0,2,"Automóvil,Moto/Ciclomotor",San Martin Y Bv. Segui,2,1,0,0,1,0,0,,Avenida,,ROSARIO,Rosario,Asfalto,No existe,II,Dentro,Urbana,Semáforo,Funciona,Intersección,Bueno,Buena,Nocturna,Buen Tiempo,De alcance,S/D,Colisión,Ninguna,Horizontal,Ninguna,Sin restricción,POINT (-60.644363766666665 -32.97948086666666),"['San Martin', 'Bulevar Juan Francisco Seguí']",2,José de San Martín; Bulevar Juan Francisco Seguí,-32.97948086666666,-60.644363766666665,55.0,538.0,Municipio Rosario,Municipio,Rosario,820210,Servicio de Catastro e Información Territorial,IGN
2015,2946,2015-05-15,Viernes,0.0,18:35:00,,0.0,2,"Automóvil,Tracción animal / Carro",Juan Canals Y Balcarce,2,1,0,0,1,0,0,,Calle,,ROSARIO,Rosario,Asfalto,No existe,II,Dentro,Urbana,Ninguna,No existe,Intersección,Bueno,Buena,Diurna,Buen Tiempo,S/D,S/D,Atropello,Ninguna,Faltante,Ninguna,Sin restricción,POINT (-60.6627529 -32.986959799999994),"['Juan Canals', 'Balcarce']",2,Juan Canals; Balcarce,-32.986959799999994,-60.6627529,55.0,538.0,Municipio Rosario,Municipio,Rosario,820210,Servicio de Catastro e Información Territorial,IGN
2015,2948,2015-05-05,Martes,0.0,20:15:00,,0.0,2,"Automóvil,Bicicleta",Bv. Segui Y Mariano Moreno,2,1,0,0,1,0,0,,Calle,,ROSARIO,Rosario,Asfalto,No existe,II,Dentro,Urbana,Ninguna,No existe,Recta,Bueno,Buena,Nocturna,Buen Tiempo,S/D,S/D,Atropello,Ninguna,Faltante,Ninguna,Sin restricción,POINT (-60.658756600000004 -32.97685955),"['Bulevar Juan Francisco Seguí', 'Mariano Moreno']",2,Bulevar Juan Francisco Seguí; Mariano Moreno,-32.97685955,-60.6587566,55.0,538.0,Municipio Rosario,Municipio,Rosario,820210,Servicio de Catastro e Información Territorial,IGN
2015,2949,2015-05-26,Martes,0.0,22:30:00,,0.0,2,"Automóvil,Automóvil",Galvez Y Pueyrredon,2,2,0,0,0,0,0,,Calle,,ROSARIO,Rosario,Asfalto,S/D,II,Dentro,Urbana,S/D,S/D,Intersección,Bueno,Buena,"Nocturna,Con luz artificial",Buen Tiempo,Lateral,S/D,Colisión,S/D,S/D,S/D,S/D,POINT (-60.66299490000001 -32.96534619999999),"['Galvez', 'Pueyrredón']",2,José Gálvez; Pueyrredón,-32.96534619999999,-60.66299490000001,55.0,538.0,Municipio Rosario,Municipio,Rosario,820210,Servicio de Catastro e Información Territorial,IGN