anio_acci,nro_acci,fecha,desc_dia,fecha_aprox,hora_aprox,desc_ruta,km,cant_participantes,desc_participante,calle_avenida_km,total,heridos_leves,heridos_graves,heridos_gravisimos,ilesos,fallecidos,sin_datos,posicion_XY,desc_tipo_via,desc_ruta_ori,desc_loc,desc_dpto,desc_tipo_calzada,desc_tipo_banquina,desc_unidad_regional,desc_lugar_calzada,desc_zona,desc_prioridad,desc_estado_semaforo,desc_lugar_via,desc_estado_via,desc_estado_visibilidad,desc_luminosidad,desc_estado_clima,desc_tipo_colision,desc_tipo_atropello,desc_tipo_hecho,desc_pres_calzada,desc_senializacion,desc_separacion_via,desc_restriccion,forma_geocod,calle_lista,numero_calles,calles_osm,lat,lon,index_right,gid,fna,gna,nam,in1,fdc,sag
2015,2950,2015-05-08,Viernes,0.0,14:15:00,,0.0,2,"Moto/Ciclomotor,Taxi/Remis",Bv. Segui Y Bv. Oroño,2,1,0,0,1,0,0,,Calle,,ROSARIO,Rosario,Asfalto,No existe,II,Dentro,Urbana,Semáforo,Funciona,Intersección,Bueno,Buena,Diurna,Buen Tiempo,De alcance,S/D,Colisión,Ninguna,Horizontal,Ninguna,Sin restricción,POINT (-60.661523700000004 -32.976367025),"['Bulevar Juan Francisco Seguí', 'Bulevar Nicasio Oroño']",2,Bulevar Juan Francisco Seguí; Bulevar Nicasio Oroño,-32.976367025,-60.6615237,55.0,538.0,Municipio Rosario,Municipio,Rosario,820210,Servicio de Catastro e Información Territorial,IGN
2015,2951,2015-05-08,Viernes,0.0,21:00:00,,0.0,2,"Automóvil,Bicicleta",San Martin Y Amenabar,2,1,0,0,1,0,0,,Avenida,,ROSARIO,Rosario,Asfalto,No existe,II,Dentro,Urbana,Semáforo,Funciona,Intersección,Bueno,Buena,Nocturna,Buen Tiempo,S/D,S/D,Atropello,Ninguna,Horizontal,Ninguna,Sin restricción,POINT (-60.6431535 -32.972471699999986),"['San Martin', 'Amenabar']",2,"('José de San Martín', 'José de Amenábar')",-32.972471699999986,-60.6431535,55.0,538.0,Municipio Rosario,Municipio,Rosario,820210,Servicio de Catastro e Información Territorial,IGN
2015,2952,2015-05-28,Jueves,0.0,21:45:00,,0.0,2,"Moto/Ciclomotor,Automóvil",Brandsen ,2,1,0,0,1,0,0,,Calle,,ROSARIO,Rosario,Asfalto,S/D,II,Dentro,Urbana,S/D,S/D,Intersección,Bueno,Buena,"Nocturna,Con luz artificial",Buen Tiempo,Lateral,S/D,Colisión,S/D,S/D,S/D,Sin restricción,"-32.880813, -60.7013851",['Brandsen'],1,Brandsen,-32.880813,-60.7013851,55.0,538.0,Municipio Rosario,Municipio,Rosario,820210,Servicio de Catastro e Información Territorial,IGN
2015,2955,2015-05-19,Martes,0.0,08:40:00,,0.0,2,"Pickup/Utilitario,Automóvil",Mariano Moreno Y Galvez,4,3,0,0,1,0,0,,Calle,,ROSARIO,Rosario,Asfalto,Pavimento,II,Dentro,Urbana,S/D,No existe,Intersección,Resbaladiza,Buena,Diurna,Buen Tiempo,Lateral,S/D,Colisión,Agua,Vertical,S/D,Sin restricción,POINT (-60.6562351 -32.96655489999999),"['Mariano Moreno', 'Galvez']",2,Mariano Moreno; José Gálvez,-32.96655489999999,-60.6562351,55.0,538.0,Municipio Rosario,Municipio,Rosario,820210,Servicio de Catastro e Información Territorial,IGN
2015,2964,2015-05-20,Miercoles,0.0,23:30:00,,0.0,2,"Pickup/Utilitario,Moto/Ciclomotor",España Y La Paz,2,1,0,0,1,0,0,,Calle,,ROSARIO,Rosario,Asfalto,S/D,II,Dentro,Urbana,S/D,S/D,Intersección,S/D,Buena,"Nocturna,Con luz artificial",Buen Tiempo,Lateral,S/D,Colisión,S/D,S/D,S/D,S/D,POINT (-60.650946700000006 -32.962692399999995),"['España', 'La Paz']",2,España; La Paz,-32.962692399999995,-60.650946700000006,55.0,538.0,Municipio Rosario,Municipio,Rosario,820210,Servicio de Catastro e Información Territorial,IGN
2015,2969,2015-05-26,Martes,0.0,21:40:00,,0.0,2,"Automóvil,Automóvil",Av. Jorge Newbery Y Tarragona,2,2,0,0,0,0,0,,S/D,,ROSARIO,Rosario,S/D,S/D,II,S/D,S/D,S/D,S/D,Intersección,S/D,S/D,Nocturna,S/D,S/D,S/D,S/D,S/D,S/D,S/D,S/D,POINT (-60.7354351 -32.90855883333333),"['Jorge Newbery', 'Tarragona']",2,Avenida Jorge Newbery; Tarragona,-32.90855883333333,-60.7354351,55.0,538.0,Municipio Rosario,Municipio,Rosario,820210,Servicio de Catastro e Información Territorial,IGN
2015,2970,2015-05-23,Sabado,0.0,11:05:00,,0.0,2,"Automóvil,Moto/Ciclomotor",España Y Cochabamba,2,1,0,0,1,0,0,,Calle,,ROSARIO,Rosario,Asfalto,S/D,II,Dentro,Urbana,S/D,S/D,Intersección,Bueno,Buena,S/D,Buen Tiempo,Lateral,S/D,Colisión,S/D,S/D,S/D,S/D,POINT (-60.649499 -32.9569347),"['España', 'Cochabamba']",2,España; Cochabamba,-32.9569347,-60.649499,55.0,538.0,Municipio Rosario,Municipio,Rosario,820210,Servicio de Catastro e Información Territorial,IGN
2015,2976,2015-05-21,Jueves,0.0,16:00:00,,0.0,2,"Moto/Ciclomotor,Moto/Ciclomotor",J.B.Justo Y Donado,2,2,0,0,0,0,0,,Calle,,ROSARIO,Rosario,S/D,S/D,II,S/D,Urbana,S/D,S/D,Intersección,S/D,S/D,Diurna,S/D,S/D,S/D,S/D,S/D,S/D,S/D,S/D,POINT (-60.72724740000001 -32.933859999999996),"['Justo', 'Donado']",2,"('Justo José de Urquiza', 'José Agustín Donado')",-32.93386,-60.72724740000001,55.0,538.0,Municipio Rosario,Municipio,Rosario,820210,Servicio de Catastro e Información Territorial,IGN
2015,2982,2015-04-01,Miercoles,0.0,13:55:00,,0.0,2,"Moto/Ciclomotor,Otros",Av. Circunvalacion Y Ayolas,2,1,0,0,1,0,0,,Calle,,ROSARIO,Rosario,Asfalto,Pavimento,II,Dentro,Urbana,Ninguna,No existe,Intersección,Bueno,Buena,Diurna,Buen Tiempo,De alcance,S/D,Colisión,S/D,Faltante,Guardarrail,Sin restricción,POINT (-60.624988288707996 -32.98051623752373),"['Circunvalacion', 'Ayolas']",2,Avenida de Circunvalación 25 de Mayo; Ayolas,-32.98051623752373,-60.624988288708,55.0,538.0,Municipio Rosario,Municipio,Rosario,820210,Servicio de Catastro e Información Territorial,IGN
2015,2985,2015-05-07,Jueves,0.0,11:40:00,,0.0,2,"Bicicleta,Camión",Cordoba 8600,2,1,0,0,1,0,0,,Calle,,ROSARIO,Rosario,Asfalto,Pavimento,II,Dentro,Urbana,S/D,S/D,Recta,Bueno,Buena,Diurna,Buen Tiempo,S/D,S/D,Atropello,S/D,S/D,S/D,S/D,"-32.9278875, -60.7405743",['Cordoba 8600'],1,Cordoba 8600,-32.9278875,-60.7405743,55.0,538.0,Municipio Rosario,Municipio,Rosario,820210,Servicio de Catastro e Información Territorial,IGN
2015,2988,2015-05-10,Domingo,0.0,21:25:00,,0.0,2,"Automóvil,Moto/Ciclomotor",Av. Eva Peron 8000,2,1,0,0,1,0,0,,Avenida,,ROSARIO,Rosario,Asfalto,Pavimento,II,Dentro,Urbana,S/D,S/D,Intersección,Bueno,Buena,Nocturna,Buen Tiempo,Lateral,S/D,Colisión,S/D,S/D,S/D,S/D,"-32.9319902, -60.7345293",['Eva Peron 8000'],1,Eva Peron 8000,-32.9319902,-60.7345293,55.0,538.0,Municipio Rosario,Municipio,Rosario,820210,Servicio de Catastro e Información Territorial,IGN
2015,2989,2015-05-10,Domingo,0.0,08:00:00,,0.0,2,"Automóvil,Automóvil",Solis Y Gorriti,4,2,1,0,1,0,0,,Calle,,ROSARIO,Rosario,S/D,No existe,II,S/D,Urbana,Semáforo,No existe,Intersección,S/D,S/D,Diurna,S/D,Lateral,S/D,Colisión,S/D,Faltante,Ninguna,S/D,POINT (-60.70404950000001 -32.92411169999999),"['Solis', 'Gorriti']",2,Juan Díaz de Solís; Gorriti,-32.92411169999999,-60.70404950000001,55.0,538.0,Municipio Rosario,Municipio,Rosario,820210,Servicio de Catastro e Información Territorial,IGN
2015,2992,2015-05-26,Martes,0.0,17:30:00,,0.0,2,"Automóvil,Moto/Ciclomotor",Fraga Y F.M.Esquiu,2,1,0,0,1,0,0,,Calle,,ROSARIO,Rosario,S/D,No existe,II,S/D,Urbana,Ninguna,No existe,Intersección,S/D,S/D,Diurna,S/D,Múltiple,S/D,Colisión,S/D,Faltante,Ninguna,Sin restricción,POINT (-60.7109703 -32.923052000000006),"['Fraga', 'Esquiú']",2,Rosendo María Fraga; Esquiú,-32.923052000000006,-60.7109703,55.0,538.0,Municipio Rosario,Municipio,Rosario,820210,Servicio de Catastro e Información Territorial,IGN
2015,2994,2015-05-13,Miercoles,0.0,18:20:00,,0.0,2,"Automóvil,Moto/Ciclomotor",Av. Eva Peron Y Acevedo Bis,2,1,0,0,1,0,0,,Avenida,,ROSARIO,Rosario,"Asfalto,Ripio",Ripio,II,Dentro,Urbana,S/D,S/D,Intersección,Bueno,Buena,Atardecer,Buen Tiempo,Lateral,S/D,Colisión,S/D,S/D,S/D,S/D,POINT (-60.7498153 -32.926681499999994),"['Avenida Eva Perón', 'Acevedo']",2,Avenida Eva Perón; Manuel Acevedo,-32.926681499999994,-60.7498153,55.0,538.0,Municipio Rosario,Municipio,Rosario,820210,Servicio de Catastro e Información Territorial,IGN
2015,3110,2015-04-16,Jueves,0.0,20:30:00,,0.0,2,"Moto/Ciclomotor,Pickup/Utilitario",Ayacucho Y Dr.Rivas,3,2,0,0,1,0,0,,Calle,,ROSARIO,Rosario,Asfalto,No existe,II,S/D,S/D,Ninguna,No existe,Intersección,Bueno,Buena,"Nocturna,Con luz artificial",Buen Tiempo,Lateral,S/D,Colisión,Ninguna,Faltante,Ninguna,Sin restricción,POINT (-60.636109600000005 -32.9852287),"['Ayacucho', 'Doctor Francisco Riva']",2,Ayacucho; Doctor Francisco Riva,-32.9852287,-60.636109600000005,55.0,538.0,Municipio Rosario,Municipio,Rosario,820210,Servicio de Catastro e Información Territorial,IGN
2015,3133,2015-05-05,Martes,0.0,09:40:00,,0.0,2,"Bicicleta,Automóvil",Av. Uriburu Y Bv. Oroño,2,1,0,0,1,0,0,,Avenida,,ROSARIO,Rosario,Asfalto,No existe,II,Dentro,Urbana,Semáforo,Funciona,Intersección,Bueno,Buena,Diurna,Buen Tiempo,S/D,S/D,Atropello,Ninguna,Horizontal,Ninguna,Sin restricción,POINT (-60.665160500000006 -32.99123049999999),"['Uriburu', 'Bulevar Nicasio Oroño']",2,Avenida José Uriburu; Bulevar Nicasio Oroño,-32.99123049999999,-60.665160500000006,55.0,538.0,Municipio Rosario,Municipio,Rosario,820210,Servicio de Catastro e Información Territorial,IGN
2015,3152,2015-05-14,Jueves,0.0,21:50:00,,0.0,2,"Taxi/Remis,Bicicleta",Entre Rios Y Gaboto,2,1,0,0,1,0,0,,Calle,,ROSARIO,Rosario,Asfalto,No existe,II,Dentro,Urbana,Ninguna,No existe,Intersección,Bueno,Buena,Nocturna,Buen Tiempo,S/D,S/D,Atropello,Ninguna,Faltante,Ninguna,Sin restricción,POINT (-60.6477294 -32.9728456),"['Entre Ríos', 'Gaboto']",2,Entre Ríos; Gaboto,-32.9728456,-60.6477294,55.0,538.0,Municipio Rosario,Municipio,Rosario,820210,Servicio de Catastro e Información Territorial,IGN
2015,3155,2015-05-14,Jueves,0.0,12:35:00,,0.0,2,"Automóvil,Peatón",Pje. Raffo Y Lamadrid,2,1,0,0,1,0,0,,Calle,,ROSARIO,Rosario,Asfalto,No existe,II,Dentro,Urbana,Ninguna,No existe,Intersección,Bueno,Buena,Diurna,Buen Tiempo,S/D,S/D,Atropello,Ninguna,Faltante,Ninguna,Sin restricción,POINT (-60.64951330000001 -32.9971088),"['Raffo', 'Lamadrid']",2,Raffo; Gregorio Aráoz de Lamadrid,-32.9971088,-60.64951330000001,55.0,538.0,Municipio Rosario,Municipio,Rosario,820210,Servicio de Catastro e Información Territorial,IGN
2015,3156,2015-05-19,Martes,0.0,13:30:00,,0.0,2,"Automóvil,Moto/Ciclomotor",Donado Y Derqui,2,1,0,0,1,0,0,,Calle,,ROSARIO,Rosario,Asfalto,Pavimento,II,Dentro,Urbana,Ninguna,No existe,S/D,Bueno,Buena,Diurna,Buen Tiempo,Lateral,S/D,Colisión,S/D,Faltante,S/D,Sin restricción,POINT (-60.72706819999999 -32.93843),"['Donado', 'Derqui']",2,José Agustín Donado; Derqui,-32.93843,-60.72706819999999,55.0,538.0,Municipio Rosario,Municipio,Rosario,820210,Servicio de Catastro e Información Territorial,IGN
2015,3159,2015-05-12,Martes,0.0,12:00:00,,0.0,1,Moto/Ciclomotor,Entre Rios Y Av. Uriburu,2,2,0,0,0,0,0,,Calle,,ROSARIO,Rosario,Asfalto,No existe,II,Dentro,Urbana,Ninguna,No existe,Recta,Bueno,Buena,Diurna,Buen Tiempo,Contra objeto fijo,S/D,Colisión,Ninguna,Faltante,Ninguna,Sin restricción,POINT (-60.652262449999995 -32.99087005),"['Entre Ríos', 'Uriburu']",2,Entre Ríos; Avenida José Uriburu,-32.99087005,-60.65226245,55.0,538.0,Municipio Rosario,Municipio,Rosario,820210,Servicio de Catastro e Información Territorial,IGN
2015,3160,2015-05-09,Sabado,0.0,08:15:00,,0.0,2,"Pickup/Utilitario,Camión",Av. Uriburu Y España,2,1,0,0,1,0,0,,Calle,,ROSARIO,Rosario,Asfalto,No existe,II,Dentro,Urbana,Semáforo,Funciona,Recta,Bueno,Buena,Diurna,Buen Tiempo,De alcance,S/D,Colisión,Ninguna,Vertical,Ninguna,Sin restricción,POINT (-60.65809949999999 -32.9910482),"['Uriburu', 'España']",2,Avenida José Uriburu; España,-32.9910482,-60.65809949999999,55.0,538.0,Municipio Rosario,Municipio,Rosario,820210,Servicio de Catastro e Información Territorial,IGN
2015,3164,2015-05-06,Miercoles,0.0,11:00:00,,0.0,2,"Peatón,Automóvil",Av. Ovidio Lagos Y Biedma,2,1,0,0,1,0,0,,Calle,,ROSARIO,Rosario,Asfalto,No existe,II,Dentro,Urbana,Semáforo,Funciona,Intersección,Bueno,Buena,Diurna,Buen Tiempo,S/D,S/D,Atropello,Ninguna,Vertical,Ninguna,S/D,POINT (-60.669948850000004 -32.97725835),"['Avenida Ovidio Lagos', 'Coronel Biedma']",2,Avenida Ovidio Lagos; Coronel Biedma,-32.97725835,-60.66994885,55.0,538.0,Municipio Rosario,Municipio,Rosario,820210,Servicio de Catastro e Información Territorial,IGN
2015,3173,2015-05-05,Martes,0.0,16:15:00,,0.0,2,"Pickup/Utilitario,Moto/Ciclomotor",Bv. Segui Y Rodriguez,2,1,0,0,1,0,0,,Calle,,ROSARIO,Rosario,Asfalto,No existe,II,Dentro,Urbana,Ninguna,No existe,Intersección,Bueno,Buena,Diurna,Buen Tiempo,De alcance,S/D,Colisión,Ninguna,Faltante,Ninguna,Sin restricción,POINT (-60.66696664999999 -32.975399),"['Bulevar Juan Francisco Seguí', 'Rodríguez']",2,Bulevar Juan Francisco Seguí; Rodríguez de Escobedo,-32.975399,-60.66696664999999,55.0,538.0,Municipio Rosario,Municipio,Rosario,820210,Servicio de Catastro e Información Territorial,IGN
2015,3187,2015-05-22,Viernes,0.0,09:20:00,,0.0,2,"Moto/Ciclomotor,Bicicleta",Derqui 7500,3,1,0,0,2,0,0,,Calle,,ROSARIO,Rosario,Asfalto,No existe,II,S/D,Urbana,S/D,No existe,Recta,Bueno,Buena,Diurna,Buen Tiempo,S/D,S/D,Atropello,Ninguna,Faltante,S/D,Sin restricción,"-32.9382623, -60.7234441",['Derqui 7500'],1,Derqui 7500,-32.9382623,-60.7234441,55.0,538.0,Municipio Rosario,Municipio,Rosario,820210,Servicio de Catastro e Información Territorial,IGN
2015,3199,2015-05-14,Jueves,0.0,00:30:00,,0.0,2,"Automóvil,Moto/Ciclomotor",Italia Y Biedma,3,2,0,0,1,0,0,,Calle,,ROSARIO,Rosario,Asfalto,No existe,II,Dentro,Urbana,Ninguna,No existe,Intersección,Bueno,Buena,Nocturna,Buen Tiempo,De alcance,S/D,Colisión,Ninguna,Faltante,Ninguna,Sin restricción,POINT (-60.656682 -32.9796508),"['Italia', 'Coronel Biedma']",2,Italia; Coronel Biedma,-32.9796508,-60.656682,55.0,538.0,Municipio Rosario,Municipio,Rosario,820210,Servicio de Catastro e Información Territorial,IGN
2015,3200,2015-05-12,Martes,0.0,07:30:00,,0.0,3,"Automóvil,Automóvil,Taxi/Remis",San Martin Y Garay,3,1,0,0,2,0,0,,Calle,,ROSARIO,Rosario,Asfalto,No existe,II,Dentro,Urbana,Semáforo,Funciona,Recta,Bueno,Buena,Diurna,Buen Tiempo,De alcance,S/D,Colisión,Ninguna,Horizontal,Ninguna,Sin restricción,POINT (-60.6437417 -32.97477079999999),"['San Martin', 'Garay']",2,"('José de San Martín', 'Juan de Garay')",-32.97477079999999,-60.6437417,55.0,538.0,Municipio Rosario,Municipio,Rosario,820210,Servicio de Catastro e Información Territorial,IGN
2015,3201,2015-05-07,Jueves,0.0,11:00:00,,0.0,2,"Automóvil,Taxi/Remis",Av. Uriburu Y Mitre,3,1,0,0,2,0,0,,Avenida,,ROSARIO,Rosario,Asfalto,No existe,II,Dentro,Urbana,Ninguna,No existe,Intersección,Bueno,Buena,Diurna,Buen Tiempo,De alcance,S/D,Colisión,Ninguna,Faltante,Ninguna,Sin restricción,POINT (-60.65080725 -32.9908231),"['Uriburu', 'Mitre']",2,Avenida José Uriburu; Bartolomé Mitre,-32.9908231,-60.65080725,55.0,538.0,Municipio Rosario,Municipio,Rosario,820210,Servicio de Catastro e Información Territorial,IGN
2015,3216,2015-05-05,Martes,0.0,11:30:00,,0.0,2,"Moto/Ciclomotor,Tractor",Av. Uriburu Y Pueyrredon,2,1,0,0,1,0,0,,Calle,,ROSARIO,Rosario,Asfalto,No existe,II,Dentro,Urbana,Ninguna,No existe,Intersección,Bueno,Buena,Diurna,Buen Tiempo,De alcance,S/D,Colisión,Ninguna,Faltante,Ninguna,Sin restricción,POINT (-60.66954815 -32.991416199999996),"['Uriburu', 'Pueyrredón']",2,Avenida José Uriburu; Pueyrredón,-32.9914162,-60.66954815,55.0,538.0,Municipio Rosario,Municipio,Rosario,820210,Servicio de Catastro e Información Territorial,IGN
2015,3257,2015-05-13,Miercoles,0.0,15:45:00,,0.0,2,"Moto/Ciclomotor,Automóvil",Castagnino Y Anchoris,2,1,0,0,1,0,0,,Calle,,ROSARIO,Rosario,Asfalto,No existe,II,S/D,Urbana,Ninguna,No existe,Intersección,Bueno,Buena,Diurna,Buen Tiempo,Lateral,S/D,Colisión,Otro,Faltante,Ninguna,Sin restricción,POINT (-60.6993065 -32.89898230000001),"['Castagnino', 'Anchoris']",2,Castagnino; Anchoris,-32.89898230000001,-60.6993065,55.0,538.0,Municipio Rosario,Municipio,Rosario,820210,Servicio de Catastro e Información Territorial,IGN
2015,3288,2015-05-02,Sabado,0.0,17:30:00,,0.0,2,"Automóvil,Moto/Ciclomotor",Polledo Y Somoza,3,2,0,0,1,0,0,,Calle,,ROSARIO,Rosario,Asfalto,Natural,II,Dentro,Urbana,S/D,No existe,Intersección,Bueno,Buena,Atardecer,Buen Tiempo,Lateral,S/D,Colisión,S/D,Faltante,S/D,S/D,POINT (-60.7203121 -32.8912035),"['Polledo', 'Somoza']",2,Polledo; Somoza,-32.8912035,-60.7203121,55.0,538.0,Municipio Rosario,Municipio,Rosario,820210,Servicio de Catastro e Información Territorial,IGN
2015,3618,2015-05-15,Viernes,0.0,14:00:00,,0.0,2,"Automóvil,Automóvil",Garibaldi Y Pte.Roca,2,1,0,0,1,0,0,,Calle,,ROSARIO,Rosario,Asfalto,No existe,II,Dentro,Urbana,Ninguna,No existe,Intersección,Bueno,Buena,Diurna,Buen Tiempo,Lateral,S/D,Colisión,Ninguna,Faltante,Ninguna,Sin restricción,POINT (-60.655083000000005 -32.9847394),"['José Garibaldi', 'Roca']",2,José Garibaldi; Presidente Roca,-32.9847394,-60.655083000000005,55.0,538.0,Municipio Rosario,Municipio,Rosario,820210,Servicio de Catastro e Información Territorial,IGN
2015,3636,2015-05-02,Sabado,0.0,19:10:00,,0.0,2,"Bicicleta,Pickup/Utilitario",Av. Uriburu Y Mitre,3,1,0,0,2,0,0,,Avenida,,ROSARIO,Rosario,Asfalto,No existe,II,Dentro,Urbana,Ninguna,No existe,Recta,Bueno,Buena,Atardecer,Buen Tiempo,S/D,S/D,Atropello,Ninguna,Faltante,Ninguna,Sin restricción,POINT (-60.65080725 -32.9908231),"['Uriburu', 'Mitre']",2,Avenida José Uriburu; Bartolomé Mitre,-32.9908231,-60.65080725,55.0,538.0,Municipio Rosario,Municipio,Rosario,820210,Servicio de Catastro e Información Territorial,IGN
2015,3638,2015-05-16,Sabado,0.0,21:30:00,,0.0,2,"Automóvil,Moto/Ciclomotor",Paraguay 4400,4,2,0,0,2,0,0,,Calle,,ROSARIO,Rosario,Asfalto,No existe,II,Dentro,Urbana,Ninguna,No existe,Intersección,Bueno,Buena,Nocturna,Buen Tiempo,De alcance,S/D,Colisión,Ninguna,Faltante,Ninguna,Sin restricción,"-32.9871359, -60.6543299",['Paraguay 4400'],1,Paraguay 4400,-32.9871359,-60.6543299,55.0,538.0,Municipio Rosario,Municipio,Rosario,820210,Servicio de Catastro e Información Territorial,IGN
2015,3647,2015-05-03,Domingo,0.0,03:45:00,,0.0,3,"Automóvil,Automóvil,Automóvil",Av. Uriburu Y San Martin,4,3,0,0,1,0,0,,Avenida,,ROSARIO,Rosario,Asfalto,No existe,II,Dentro,Urbana,Semáforo,Funciona,Recta,Bueno,Buena,Nocturna,Buen Tiempo,"De alcance,Múltiple",S/D,Colisión,Ninguna,Horizontal,S/D,Sin restricción,POINT (-60.646703949999996 -32.99069289999999),"['Uriburu', 'San Martin']",2,Avenida José Uriburu; José de San Martín,-32.99069289999999,-60.64670395,55.0,538.0,Municipio Rosario,Municipio,Rosario,820210,Servicio de Catastro e Información Territorial,IGN
2015,4270,2015-05-01,Viernes,0.0,17:00:00,,0.0,2,"Moto/Ciclomotor,Automóvil",Calle 2106 Y Camino Nuevo Soldini,3,1,0,0,2,0,0,,Calle,,ROSARIO,Rosario,Asfalto,Natural,II,Fuera,Urbana,Ninguna,No existe,Intersección,Bueno,Buena,Diurna,Buen Tiempo,Lateral,S/D,Colisión,S/D,Faltante,Ninguna,Sin restricción,POINT (-60.687254900000006 -33.0211549),"['Calle 2106', 'Camino Nuevo a Soldini']",2,Calle 2106; Camino Nuevo a Soldini,-33.0211549,-60.687254900000006,55.0,538.0,Municipio Rosario,Municipio,Rosario,820210,Servicio de Catastro e Información Territorial,IGN
2015,4275,2015-05-18,Lunes,0.0,20:00:00,,0.0,2,"Moto/Ciclomotor,Automóvil",Mendoza Y Bv. Oroño,2,1,0,0,1,0,0,,Avenida,,ROSARIO,Rosario,Asfalto,S/D,II,Dentro,Urbana,Ninguna,No existe,Recta,Bueno,Buena,"Nocturna,Con luz artificial",Buen Tiempo,De alcance,S/D,Colisión,S/D,Faltante,Cordón divisorio,Sin restricción,POINT (-60.6545801 -32.948842899999995),"['Mendoza', 'Bulevar Nicasio Oroño']",2,Mendoza; Bulevar Nicasio Oroño,-32.948842899999995,-60.6545801,55.0,538.0,Municipio Rosario,Municipio,Rosario,820210,Servicio de Catastro e Información Territorial,IGN
2015,4522,2015-06-17,Miercoles,0.0,12:35:00,,0.0,2,"Automóvil,Pickup/Utilitario",San Martin Y Ameghino,2,2,0,0,0,0,0,,Avenida,,ROSARIO,Rosario,Asfalto,S/D,II,Dentro,Urbana,S/D,S/D,Cruce,Bueno,S/D,S/D,S/D,S/D,S/D,Colisión,S/D,S/D,S/D,S/D,POINT (-60.6460194 -32.987542250000004),"['San Martin', 'Ameghino']",2,José de San Martín; Ameghino,-32.987542250000004,-60.6460194,55.0,538.0,Municipio Rosario,Municipio,Rosario,820210,Servicio de Catastro e Información Territorial,IGN
2015,4523,2015-06-23,Martes,0.0,16:00:00,,0.0,2,"Moto/Ciclomotor,Moto/Ciclomotor",Amenabar Y J.M.de Rosas,2,1,0,0,1,0,0,,Calle,,ROSARIO,Rosario,Asfalto,No existe,II,Dentro,Urbana,Ninguna,No existe,Intersección,Bueno,Buena,Diurna,Buen Tiempo,Lateral,S/D,Colisión,Ninguna,Faltante,Ninguna,Sin restricción,POINT (-60.6377304 -32.973460999999986),"['Amenabar', 'De Rosas']",2,José de Amenábar; Juan Manuel de Rosas,-32.973460999999986,-60.6377304,55.0,538.0,Municipio Rosario,Municipio,Rosario,820210,Servicio de Catastro e Información Territorial,IGN
2015,4524,2015-05-30,Sabado,0.0,02:10:00,,0.0,2,"Moto/Ciclomotor,Automóvil",Bv. Segui Y Laprida,3,2,0,0,1,0,0,,Calle,,ROSARIO,Rosario,Asfalto,No existe,II,Dentro,Urbana,Ninguna,No existe,Intersección,Bueno,Buena,"Nocturna,Con luz artificial",Buen Tiempo,Lateral,S/D,Colisión,S/D,Faltante,Cordón divisorio,Sin restricción,POINT (-60.64243230000001 -32.97979135),"['Bulevar Juan Francisco Seguí', 'Laprida']",2,Bulevar Juan Francisco Seguí; Francisco Narciso Laprida,-32.97979135,-60.64243230000001,55.0,538.0,Municipio Rosario,Municipio,Rosario,820210,Servicio de Catastro e Información Territorial,IGN
2015,4526,2015-06-16,Martes,0.0,19:05:00,,0.0,2,"Peatón,Transporte de Pasajeros Urbano (> 8 asientos)",San Martin Y Amenabar,2,1,0,0,1,0,0,,Avenida,,ROSARIO,Rosario,Asfalto,S/D,II,Dentro,Urbana,Semáforo,S/D,Recta,Bueno,Buena,Con luz artificial,S/D,S/D,S/D,Atropello,S/D,Vertical,S/D,S/D,POINT (-60.6431535 -32.972471699999986),"['San Martin', 'Amenabar']",2,"('José de San Martín', 'José de Amenábar')",-32.972471699999986,-60.6431535,55.0,538.0,Municipio Rosario,Municipio,Rosario,820210,Servicio de Catastro e Información Territorial,IGN
2015,4527,2015-06-16,Martes,0.0,18:00:00,,0.0,2,"Moto/Ciclomotor,Transporte de Pasajeros Urbano (> 8 asientos)",Sanchez de Bustamante ,2,1,0,0,1,0,0,,Calle,,ROSARIO,Rosario,S/D,S/D,II,S/D,Urbana,S/D,S/D,Recta,S/D,S/D,Diurna,S/D,S/D,S/D,Colisión,S/D,S/D,S/D,S/D,"-33.0024743, -60.6633504",['Sánchez de Bustamante'],1,Sánchez de Bustamante,-33.0024743,-60.6633504,55.0,538.0,Municipio Rosario,Municipio,Rosario,820210,Servicio de Catastro e Información Territorial,IGN
2015,4528,2015-06-20,Sabado,0.0,01:30:00,,0.0,2,"Automóvil,Moto/Ciclomotor",Buenos Aires Y Bv. Segui,2,1,0,0,1,0,0,,Calle,,ROSARIO,Rosario,Asfalto,No existe,II,Dentro,Urbana,Ninguna,No existe,Intersección,Bueno,Buena,"Nocturna,Con luz artificial",Buen Tiempo,Lateral,S/D,Colisión,Ninguna,Faltante,Cordón divisorio,Sin restricción,POINT (-60.640923400000005 -32.98006374999999),"['Buenos Aires', 'Bulevar Juan Francisco Seguí']",2,Buenos Aires; Bulevar Juan Francisco Seguí,-32.98006374999999,-60.640923400000005,55.0,538.0,Municipio Rosario,Municipio,Rosario,820210,Servicio de Catastro e Información Territorial,IGN