anio_acci,nro_acci,fecha,desc_dia,fecha_aprox,hora_aprox,desc_ruta,km,cant_participantes,desc_participante,calle_avenida_km,total,heridos_leves,heridos_graves,heridos_gravisimos,ilesos,fallecidos,sin_datos,posicion_XY,desc_tipo_via,desc_ruta_ori,desc_loc,desc_dpto,desc_tipo_calzada,desc_tipo_banquina,desc_unidad_regional,desc_lugar_calzada,desc_zona,desc_prioridad,desc_estado_semaforo,desc_lugar_via,desc_estado_via,desc_estado_visibilidad,desc_luminosidad,desc_estado_clima,desc_tipo_colision,desc_tipo_atropello,desc_tipo_hecho,desc_pres_calzada,desc_senializacion,desc_separacion_via,desc_restriccion,forma_geocod,calle_lista,numero_calles,calles_osm,lat,lon,index_right,gid,fna,gna,nam,in1,fdc,sag
2015,4640,2015-05-22,Viernes,0.0,08:40:00,,0.0,2,"Automóvil,Moto/Ciclomotor",Casiano Casas 1900,2,1,0,0,1,0,0,,Calle,,ROSARIO,Rosario,Asfalto,No existe,II,S/D,Urbana,Ninguna,No existe,Recta,Bueno,Buena,Diurna,Buen Tiempo,Lateral,S/D,Colisión,Otro,Faltante,Ninguna,Sin restricción,"-32.8985775, -60.7136514",['Casiano Casas 1900'],1,Casiano Casas 1900,-32.8985775,-60.7136514,55.0,538.0,Municipio Rosario,Municipio,Rosario,820210,Servicio de Catastro e Información Territorial,IGN
2015,4641,2015-05-31,Domingo,0.0,12:00:00,,0.0,2,"Taxi/Remis,Automóvil",Bv. Oroño Y Catamarca,3,2,0,0,1,0,0,,Calle,,ROSARIO,Rosario,Asfalto,No existe,II,Dentro,Urbana,Ninguna,No existe,Intersección,Bueno,Buena,Diurna,Buen Tiempo,Lateral,S/D,Colisión,S/D,Faltante,Ninguna,Sin restricción,POINT (-60.651806750000006 -32.9378818),"['Bulevar Nicasio Oroño', 'Catamarca']",2,Bulevar Nicasio Oroño; Catamarca,-32.9378818,-60.651806750000006,55.0,538.0,Municipio Rosario,Municipio,Rosario,820210,Servicio de Catastro e Información Territorial,IGN
2015,4642,2015-06-01,Lunes,0.0,11:00:00,,0.0,2,"Automóvil,Pickup/Utilitario",Esmeralda Y La Paz,3,3,0,0,0,0,0,,Calle,,ROSARIO,Rosario,Asfalto,No existe,II,Dentro,Urbana,Señal Pare,No existe,Intersección,Bueno,Buena,Diurna,Buen Tiempo,Lateral,S/D,Colisión,S/D,Vertical,Ninguna,Sin restricción,POINT (-60.625933200000006 -32.9671369),"['Esmeralda', 'La Paz']",2,Esmeralda; La Paz,-32.9671369,-60.625933200000006,55.0,538.0,Municipio Rosario,Municipio,Rosario,820210,Servicio de Catastro e Información Territorial,IGN
2015,4644,2015-06-03,Miercoles,0.0,11:30:00,,0.0,2,"Bicicleta,Automóvil",Riobamba Y Ayacucho,2,1,0,0,1,0,0,,Calle,,ROSARIO,Rosario,Asfalto,No existe,II,Dentro,Urbana,Señal Ceda el Paso,No existe,Intersección,Bueno,Buena,Diurna,Buen Tiempo,Lateral,S/D,Atropello,S/D,Horizontal,Ninguna,Sin restricción,POINT (-60.6310742 -32.9650233),"['Riobamba', 'Ayacucho']",2,Riobamba; Ayacucho,-32.9650233,-60.6310742,55.0,538.0,Municipio Rosario,Municipio,Rosario,820210,Servicio de Catastro e Información Territorial,IGN
2015,4645,2015-06-04,Jueves,0.0,,,0.0,2,"Automóvil,Automóvil",Av. Sorrento ,3,1,0,0,2,0,0,,Avenida,,ROSARIO,Rosario,Asfalto,No existe,II,S/D,Urbana,Ninguna,No funciona,Recta,Bueno,Buena,Nocturna,Buen Tiempo,De alcance,S/D,Colisión,Otro,Faltante,Barrera de hormigón,Sin restricción,"-32.9064347, -60.68773",['Sorrento'],1,Sorrento,-32.9064347,-60.68773,55.0,538.0,Municipio Rosario,Municipio,Rosario,820210,Servicio de Catastro e Información Territorial,IGN
2015,4646,2015-06-03,Miercoles,0.0,14:40:00,,0.0,2,"Moto/Ciclomotor,Moto/Ciclomotor",Bv. 27 De Febrero Y Laprida,2,1,0,0,1,0,0,,Calle,,ROSARIO,Rosario,Asfalto,No existe,II,Dentro,Urbana,Semáforo,Funciona,Recta,Bueno,Buena,Diurna,Buen Tiempo,Lateral,S/D,Colisión,S/D,Horizontal,Cordón divisorio,Sin restricción,POINT (-60.639549849999995 -32.9682981),"['27 de Febrero', 'Laprida']",2,Bulevar 27 de Febrero; Francisco Narciso Laprida,-32.9682981,-60.63954985,55.0,538.0,Municipio Rosario,Municipio,Rosario,820210,Servicio de Catastro e Información Territorial,IGN
2015,4647,2015-06-01,Lunes,0.0,15:20:00,,0.0,2,"Automóvil,Pickup/Utilitario",Av. Pellegrini Y Fraga,2,1,0,0,0,0,1,,Calle,,ROSARIO,Rosario,Asfalto,Pavimento,II,Dentro,Urbana,Ninguna,No existe,Intersección,Bueno,Buena,Diurna,Buen Tiempo,Lateral,S/D,Colisión,Otro,Faltante,Cordón divisorio,Sin restricción,POINT (-60.709896549999996 -32.94852544999999),"['Pellegrini', 'Fraga']",2,Avenida Carlos Pellegrini; Rosendo María Fraga,-32.94852544999999,-60.70989655,55.0,538.0,Municipio Rosario,Municipio,Rosario,820210,Servicio de Catastro e Información Territorial,IGN
2015,4648,2015-06-17,Miercoles,0.0,15:20:00,,0.0,2,"Moto/Ciclomotor,Automóvil",Av. Corrientes Y Reg.11 de Infanteria,2,1,0,0,1,0,0,,Calle,,ROSARIO,Rosario,Asfalto,S/D,II,S/D,Urbana,S/D,S/D,Intersección,Bueno,S/D,Diurna,Buen Tiempo,S/D,S/D,Colisión,S/D,S/D,S/D,S/D,POINT (-60.65339740000001 -32.99894449999999),"['Corrientes', 'Regimiento 11']",2,Corrientes; Regimiento 11,-32.99894449999999,-60.65339740000001,55.0,538.0,Municipio Rosario,Municipio,Rosario,820210,Servicio de Catastro e Información Territorial,IGN
2015,4649,2015-06-02,Martes,0.0,21:15:00,,0.0,2,"Moto/Ciclomotor,Automóvil",Av. Provincias Unidas Y Marcos Paz,2,1,0,0,1,0,0,,S/D,,ROSARIO,Rosario,Asfalto,Pavimento,II,S/D,Urbana,Semáforo,Funciona,Intersección,Bueno,Buena,"Nocturna,Con luz artificial",Buen Tiempo,Lateral,S/D,Colisión,Otro,Vertical,Cordón divisorio,Sin restricción,POINT (-60.71267265 -32.93906135),"['Avenida Provincias Unidas', 'Marcos Paz']",2,Avenida Provincias Unidas; Marcos Paz,-32.93906135,-60.71267265,55.0,538.0,Municipio Rosario,Municipio,Rosario,820210,Servicio de Catastro e Información Territorial,IGN
2015,4650,2015-06-27,Sabado,0.0,23:30:00,,0.0,2,"Bicicleta,Otros",Madre Cabrini Y Mariano Moreno,2,1,0,0,1,0,0,,Calle,,ROSARIO,Rosario,Asfalto,Pavimento,II,Dentro,Urbana,Ninguna,No existe,Intersección,S/D,Buena,Nocturna,Buen Tiempo,S/D,S/D,Atropello,S/D,S/D,Ninguna,Sin restricción,POINT (-60.6618514 -33.005393899999994),"['Madre Cabrini', 'Mariano Moreno']",2,Madre Cabrini; Mariano Moreno,-33.005393899999994,-60.6618514,55.0,538.0,Municipio Rosario,Municipio,Rosario,820210,Servicio de Catastro e Información Territorial,IGN
2015,4652,2015-06-05,Viernes,0.0,10:55:00,,0.0,2,"Moto/Ciclomotor,Automóvil",Ayacucho Y Cochabamba,2,1,0,0,1,0,0,,Calle,,ROSARIO,Rosario,Asfalto,No existe,II,Dentro,Urbana,Otra Señal,No existe,Intersección,Bueno,Buena,Diurna,Buen Tiempo,Lateral,S/D,Colisión,S/D,Vertical,Ninguna,Sin restricción,POINT (-60.629923700000006 -32.960460899999994),"['Ayacucho', 'Cochabamba']",2,Ayacucho; Cochabamba,-32.960460899999994,-60.629923700000006,55.0,538.0,Municipio Rosario,Municipio,Rosario,820210,Servicio de Catastro e Información Territorial,IGN
2015,4653,2015-06-26,Viernes,0.0,12:50:00,,0.0,2,"Moto/Ciclomotor,Automóvil",Av. Arijon 1900,2,1,0,0,1,0,0,,Avenida,,ROSARIO,Rosario,S/D,Pavimento,II,Dentro,Urbana,Ninguna,S/D,Recta,Bueno,Buena,Diurna,Buen Tiempo,De alcance,S/D,Colisión,S/D,S/D,Ninguna,Sin restricción,"-33.0023231, -60.6252459",['Arijon 1900'],1,Arijon 1900,-33.0023231,-60.6252459,55.0,538.0,Municipio Rosario,Municipio,Rosario,820210,Servicio de Catastro e Información Territorial,IGN
2015,4654,2015-06-04,Jueves,0.0,19:00:00,,0.0,2,"Moto/Ciclomotor,Automóvil",Av. Pellegrini Y Cullen,2,1,0,0,1,0,0,,Avenida,,ROSARIO,Rosario,Asfalto,Pavimento,II,Dentro,Urbana,Semáforo,Funciona,Intersección,Bueno,Buena,Atardecer,Buen Tiempo,Lateral,S/D,Colisión,Otro,Vertical,Cordón divisorio,Sin restricción,POINT (-60.7087499 -32.9484991),"['Pellegrini', 'Cullen']",2,Avenida Carlos Pellegrini; Cullen,-32.9484991,-60.7087499,55.0,538.0,Municipio Rosario,Municipio,Rosario,820210,Servicio de Catastro e Información Territorial,IGN
2015,4655,2015-06-09,Martes,0.0,14:00:00,,0.0,2,"Moto/Ciclomotor,Automóvil",Reg.11 de Infanteria Y Alvear,2,1,0,0,1,0,0,,Calle,,ROSARIO,Rosario,Asfalto,Pavimento,II,Dentro,Urbana,Ninguna,No existe,Intersección,Bueno,Buena,Diurna,Buen Tiempo,Lateral,S/D,Colisión,S/D,S/D,Ninguna,Sin restricción,POINT (-60.6663602 -32.99933339999999),"['Regimiento 11', 'Alvear']",2,Regimiento 11; Alvear,-32.99933339999999,-60.6663602,55.0,538.0,Municipio Rosario,Municipio,Rosario,820210,Servicio de Catastro e Información Territorial,IGN
2015,4656,2015-06-08,Lunes,0.0,19:00:00,,0.0,2,"Automóvil,Moto/Ciclomotor",Av. Circunvalacion Y Pago de los Arroyos,3,2,0,0,1,0,0,,Avenida,,ROSARIO,Rosario,Asfalto,Pavimento,II,Dentro,Urbana,Ninguna,No existe,Recta,Bueno,Buena,Nocturna,Buen Tiempo,De alcance,S/D,Colisión,Ninguna,Vertical,Ninguna,Sin restricción,POINT (-60.6499056 -33.01593900000001),"['Circunvalacion', 'Pago de los Arroyos']",2,"('Juan Pablo II', 'Pago de los Arroyos')",-33.01593900000001,-60.6499056,55.0,538.0,Municipio Rosario,Municipio,Rosario,820210,Servicio de Catastro e Información Territorial,IGN
2015,4657,2015-06-10,Miercoles,0.0,21:20:00,,0.0,2,"Taxi/Remis,Automóvil",Cerrito 900,2,2,0,0,0,0,0,,Calle,,ROSARIO,Rosario,Asfalto,No existe,II,Dentro,Urbana,Otra Señal,No existe,Recta,Bueno,Buena,"Nocturna,Con luz artificial",Buen Tiempo,Lateral,S/D,Colisión,S/D,Vertical,Ninguna,Sin restricción,"-32.9623311, -60.6391527",['Cerrito 900'],1,Cerrito 900,-32.9623311,-60.6391527,55.0,538.0,Municipio Rosario,Municipio,Rosario,820210,Servicio de Catastro e Información Territorial,IGN
2015,4658,2015-06-01,Lunes,0.0,17:30:00,,0.0,2,"Moto/Ciclomotor,Automóvil",Salta Y Rodriguez,2,1,0,0,1,0,0,,Calle,,ROSARIO,Rosario,Asfalto,No existe,II,S/D,Urbana,Semáforo,Funciona,Recta,Bueno,Buena,Diurna,Buen Tiempo,Otro,S/D,Colisión,Otro,Horizontal,Ninguna,Sin restricción,POINT (-60.656966399999995 -32.935775899999996),"['Salta', 'Rodríguez']",2,Salta; Rodríguez de Escobedo,-32.9357759,-60.6569664,55.0,538.0,Municipio Rosario,Municipio,Rosario,820210,Servicio de Catastro e Información Territorial,IGN
2015,4659,2015-05-22,Viernes,0.0,20:20:00,,0.0,2,"Automóvil,Moto/Ciclomotor",Salvat 3000,3,1,0,0,2,0,0,,Calle,,ROSARIO,Rosario,Asfalto,No existe,II,Dentro,Urbana,Ninguna,No existe,Recta,Bueno,Buena,Atardecer,Buen Tiempo,De alcance,S/D,Colisión,Ninguna,Faltante,Cordón divisorio,Sin restricción,"-32.8833577, -60.725805",['Salvat 3000'],1,Salvat 3000,-32.8833577,-60.725805,55.0,538.0,Municipio Rosario,Municipio,Rosario,820210,Servicio de Catastro e Información Territorial,IGN
2015,4660,2015-06-07,Domingo,0.0,11:15:00,,0.0,2,"Moto/Ciclomotor,Automóvil",J.J.Paso Y Bolivia,2,1,0,0,1,0,0,,S/D,,ROSARIO,Rosario,Asfalto,No existe,II,S/D,Urbana,Ninguna,No existe,Recta,Bueno,Buena,Diurna,Buen Tiempo,De alcance,S/D,Colisión,Otro,Faltante,Ninguna,Sin restricción,POINT (-60.71514495000001 -32.9203332),"['Paso', 'Bolivia']",2,Avenida Juan José Paso; Bolivia,-32.9203332,-60.71514495000001,55.0,538.0,Municipio Rosario,Municipio,Rosario,820210,Servicio de Catastro e Información Territorial,IGN
2015,4661,2015-06-29,Lunes,0.0,08:30:00,,0.0,1,Pickup/Utilitario,Bv. Segui Y Alsina,2,1,0,0,1,0,0,,Avenida,,ROSARIO,Rosario,Asfalto,S/D,II,Dentro,Urbana,Ninguna,No existe,Recta,Bueno,Reducida,Diurna,Niebla,Contra objeto fijo,S/D,Colisión,Ninguna,Faltante,Cordón divisorio,Sin restricción,POINT (-60.684628425 -32.97224145),"['Bulevar Juan Francisco Seguí', 'Alsina']",2,Bulevar Juan Francisco Seguí; Alsina,-32.97224145,-60.684628425,55.0,538.0,Municipio Rosario,Municipio,Rosario,820210,Servicio de Catastro e Información Territorial,IGN
2015,4663,2015-06-10,Miercoles,0.0,13:30:00,,0.0,2,"Moto/Ciclomotor,Automóvil",Fraga Y Riobamba,2,1,0,0,0,0,1,,Calle,,ROSARIO,Rosario,Asfalto,No existe,II,Dentro,Urbana,Ninguna,No existe,Intersección,Bueno,Buena,Diurna,Buen Tiempo,Lateral,S/D,Colisión,Otro,Faltante,Ninguna,Sin restricción,POINT (-60.709668099999995 -32.954473500000006),"['Fraga', 'Riobamba']",2,Rosendo María Fraga; Riobamba,-32.954473500000006,-60.7096681,55.0,538.0,Municipio Rosario,Municipio,Rosario,820210,Servicio de Catastro e Información Territorial,IGN
2015,4664,2015-06-29,Lunes,0.0,20:27:00,,0.0,2,"Moto/Ciclomotor,Pickup/Utilitario",Aurora Y Av. Ovidio Lagos,2,1,0,0,1,0,0,,Calle,,ROSARIO,Rosario,Asfalto,No existe,II,Dentro,Urbana,Ninguna,No existe,Recta,Bueno,Reducida,Nocturna,Niebla,Lateral,S/D,Colisión,Ninguna,Faltante,Cordón divisorio,Sin restricción,POINT (-60.67519395 -32.9994072),"['Aurora', 'Avenida Ovidio Lagos']",2,Aurora; Avenida Ovidio Lagos,-32.9994072,-60.67519395,55.0,538.0,Municipio Rosario,Municipio,Rosario,820210,Servicio de Catastro e Información Territorial,IGN
2015,4666,2015-06-21,Domingo,0.0,,,0.0,2,"Automóvil,Peatón",Av. Genova Y De Angelis Bis,2,1,0,0,1,0,0,,Avenida,,ROSARIO,Rosario,Asfalto,No existe,II,Dentro,Urbana,Ninguna,No existe,Recta,Bueno,Buena,Diurna,Buen Tiempo,S/D,S/D,Atropello,Ninguna,Faltante,Ninguna,Sin restricción,POINT (-60.6990246 -32.915588699999994),"['Genova', 'De Ángelis']",2,Avenida Génova; De Ángelis,-32.915588699999994,-60.6990246,55.0,538.0,Municipio Rosario,Municipio,Rosario,820210,Servicio de Catastro e Información Territorial,IGN
2015,4667,2015-06-04,Jueves,0.0,12:45:00,,0.0,2,"Bicicleta,Automóvil",San Lorenzo Y Santiago,2,1,0,0,1,0,0,,Calle,,ROSARIO,Rosario,Asfalto,No existe,II,S/D,Urbana,Ninguna,No existe,Recta,Bueno,Buena,Diurna,Buen Tiempo,S/D,S/D,Atropello,Otro,Faltante,Ninguna,Sin restricción,POINT (-60.6554119 -32.9409275),"['San Lorenzo', 'Santiago']",2,San Lorenzo; Santiago,-32.9409275,-60.6554119,55.0,538.0,Municipio Rosario,Municipio,Rosario,820210,Servicio de Catastro e Información Territorial,IGN
2015,4668,2015-06-10,Miercoles,0.0,22:00:00,,0.0,2,"Moto/Ciclomotor,Automóvil",Av. Provincias Unidas Y Montevideo,3,0,2,0,1,0,0,,Avenida,,ROSARIO,Rosario,Asfalto,Pavimento,II,Dentro,Urbana,Semáforo,Funciona,Intersección,Bueno,Buena,"Nocturna,Con luz artificial",Buen Tiempo,Lateral,S/D,Colisión,Otro,Vertical,Cordón divisorio,Sin restricción,POINT (-60.71230545 -32.9474568),"['Avenida Provincias Unidas', 'Montevideo']",2,Avenida Provincias Unidas; Montevideo,-32.9474568,-60.71230545,55.0,538.0,Municipio Rosario,Municipio,Rosario,820210,Servicio de Catastro e Información Territorial,IGN
2015,4669,2015-06-09,Martes,0.0,09:00:00,,0.0,2,"Moto/Ciclomotor,Automóvil",Santiago Y Lamadrid,2,1,0,0,1,0,0,,Calle,,ROSARIO,Rosario,Asfalto,Pavimento,II,Dentro,Urbana,Ninguna,S/D,Intersección,Bueno,Buena,Diurna,Buen Tiempo,Lateral,S/D,Colisión,S/D,S/D,Ninguna,Sin restricción,POINT (-60.6678911 -32.9976984),"['Santiago', 'Lamadrid']",2,Santiago; Gregorio Aráoz de Lamadrid,-32.9976984,-60.6678911,55.0,538.0,Municipio Rosario,Municipio,Rosario,820210,Servicio de Catastro e Información Territorial,IGN
2015,4670,2015-06-29,Lunes,0.0,19:00:00,,0.0,2,"Peatón,Automóvil",Paraguay ,2,1,0,0,1,0,0,,Calle,,ROSARIO,Rosario,S/D,S/D,II,Dentro,Urbana,S/D,S/D,S/D,S/D,S/D,Atardecer,S/D,S/D,S/D,Atropello,S/D,S/D,S/D,S/D,"-32.9735113, -60.6508115",['Paraguay'],1,Paraguay,-32.9735113,-60.6508115,55.0,538.0,Municipio Rosario,Municipio,Rosario,820210,Servicio de Catastro e Información Territorial,IGN
2015,4671,2015-06-15,Lunes,0.0,23:10:00,,0.0,2,"Moto/Ciclomotor,Moto/Ciclomotor",Pueyrredon Y Ombu,2,1,0,0,1,0,0,,Calle,,ROSARIO,Rosario,Asfalto,Pavimento,II,Dentro,Urbana,Ninguna,No existe,Intersección,Bueno,Buena,Nocturna,Buen Tiempo,Lateral,S/D,Colisión,S/D,S/D,Ninguna,Sin restricción,POINT (-60.6689204 -33.006602099999995),"['Pueyrredón', 'Ombú']",2,Pueyrredón; Ombú,-33.006602099999995,-60.6689204,55.0,538.0,Municipio Rosario,Municipio,Rosario,820210,Servicio de Catastro e Información Territorial,IGN
2015,4672,2015-06-07,Domingo,0.0,09:20:00,,0.0,2,"Moto/Ciclomotor,Automóvil",Catamarca Y San Nicolas,3,1,1,0,1,0,0,,Calle,,ROSARIO,Rosario,Asfalto,No existe,II,S/D,Urbana,Semáforo,Funciona,Recta,Bueno,Buena,Diurna,Buen Tiempo,Otro,S/D,Colisión,Otro,Vertical,Ninguna,Sin restricción,POINT (-60.6708811 -32.9345119),"['Catamarca', 'San Nicolás']",2,Catamarca; San Nicolás,-32.9345119,-60.6708811,55.0,538.0,Municipio Rosario,Municipio,Rosario,820210,Servicio de Catastro e Información Territorial,IGN
2015,4673,2015-06-18,Jueves,0.0,17:00:00,,0.0,2,"Moto/Ciclomotor,Automóvil",Colon Y La Paz,2,1,0,0,1,0,0,,Calle,,ROSARIO,Rosario,Asfalto,No existe,II,Dentro,Urbana,Ninguna,No existe,Intersección,Bueno,Buena,Atardecer,Buen Tiempo,Lateral,S/D,Colisión,S/D,Faltante,Ninguna,Sin restricción,POINT (-60.630001099999994 -32.9664142),"['Colon', 'La Paz']",2,Cristóbal Colón; La Paz,-32.9664142,-60.6300011,55.0,538.0,Municipio Rosario,Municipio,Rosario,820210,Servicio de Catastro e Información Territorial,IGN
2015,4674,2015-06-11,Jueves,0.0,,,0.0,2,"Automóvil,Moto/Ciclomotor",Bv. Segui Y Alvear,2,1,0,0,1,0,0,,S/D,,ROSARIO,Rosario,S/D,S/D,II,S/D,S/D,S/D,S/D,Intersección,S/D,S/D,S/D,S/D,S/D,S/D,Colisión,S/D,S/D,S/D,S/D,POINT (-60.662849800000004 -32.97612874999999),"['Bulevar Juan Francisco Seguí', 'Alvear']",2,Bulevar Juan Francisco Seguí; Alvear,-32.97612874999999,-60.6628498,55.0,538.0,Municipio Rosario,Municipio,Rosario,820210,Servicio de Catastro e Información Territorial,IGN
2015,4675,2015-06-17,Miercoles,0.0,17:15:00,,0.0,2,"Automóvil,Automóvil",Mariano Moreno Y Catamarca,3,1,0,0,2,0,0,,Calle,,ROSARIO,Rosario,Asfalto,Pavimento,II,Dentro,Urbana,Ninguna,No existe,Intersección,S/D,Buena,Diurna,Buen Tiempo,Lateral,S/D,Colisión,S/D,S/D,Ninguna,Sin restricción,POINT (-60.64912919999999 -32.93837429999999),"['Mariano Moreno', 'Catamarca']",2,Mariano Moreno; Catamarca,-32.93837429999999,-60.64912919999999,55.0,538.0,Municipio Rosario,Municipio,Rosario,820210,Servicio de Catastro e Información Territorial,IGN
2015,4676,2015-06-14,Domingo,0.0,00:50:00,,0.0,2,"Moto/Ciclomotor,Moto/Ciclomotor",Av. Provincias Unidas Y Rio Negro,2,2,0,0,0,0,0,,Avenida,,ROSARIO,Rosario,Hormigón,Pavimento,II,Dentro,Urbana,Marca Vial,No existe,Recta,Bueno,Buena,"Nocturna,Con luz artificial",Buen Tiempo,Lateral,S/D,Colisión,Otro,Faltante,Cordón divisorio,Sin restricción,POINT (-60.71235555 -32.94607385),"['Avenida Provincias Unidas', 'Rio Negro']",2,Avenida Provincias Unidas; Río Negro,-32.94607385,-60.71235555,55.0,538.0,Municipio Rosario,Municipio,Rosario,820210,Servicio de Catastro e Información Territorial,IGN
2015,4677,2015-06-06,Sabado,0.0,00:50:00,,0.0,2,"Moto/Ciclomotor,Automóvil",Av. Arijon 2000,2,1,0,0,1,0,0,,Avenida,,ROSARIO,Rosario,Asfalto,Pavimento,II,Dentro,Urbana,Ninguna,S/D,Recta,Bueno,Buena,Nocturna,Buen Tiempo,Lateral,S/D,Colisión,S/D,S/D,Ninguna,Sin restricción,"-33.0027979, -60.6402197",['Arijon 2000'],1,Arijon 2000,-33.0027979,-60.6402197,55.0,538.0,Municipio Rosario,Municipio,Rosario,820210,Servicio de Catastro e Información Territorial,IGN
2015,4678,2015-05-27,Miercoles,0.0,21:30:00,,0.0,2,"Moto/Ciclomotor,Automóvil",Santiago Y Comodoro Rivadavia,2,1,0,0,1,0,0,,Calle,,ROSARIO,Rosario,Asfalto,No existe,II,Dentro,Urbana,S/D,S/D,Intersección,S/D,S/D,Nocturna,S/D,S/D,S/D,Colisión,S/D,S/D,S/D,S/D,POINT (-60.6680318 -32.99079780000001),"['Santiago', 'Comodoro Rivadavia']",2,Santiago; Comodoro Rivadavia,-32.99079780000001,-60.6680318,55.0,538.0,Municipio Rosario,Municipio,Rosario,820210,Servicio de Catastro e Información Territorial,IGN
2015,4679,2015-06-11,Jueves,0.0,14:15:00,,0.0,1,,Tucuman Y Ricchieri,2,1,0,0,1,0,0,,Calle,,ROSARIO,Rosario,Asfalto,No existe,II,S/D,Urbana,Ninguna,No existe,Recta,Bueno,Buena,Diurna,Buen Tiempo,Otro,S/D,Colisión,Otro,Faltante,Ninguna,Sin restricción,POINT (-60.661682 -32.937394000000005),"['Tucumán', 'Ricchieri']",2,Tucumán; Ricchieri,-32.937394000000005,-60.661682,55.0,538.0,Municipio Rosario,Municipio,Rosario,820210,Servicio de Catastro e Información Territorial,IGN
2015,4681,2015-06-15,Lunes,0.0,10:00:00,,0.0,2,"Automóvil,Pickup/Utilitario",San Juan Y Matienzo,2,1,0,0,1,0,0,,Calle,,ROSARIO,Rosario,Asfalto,Pavimento,II,Dentro,Urbana,Semáforo,Funciona,Recta,Bueno,Buena,Diurna,Buen Tiempo,De alcance,S/D,Colisión,Otro,Vertical,Ninguna,Sin restricción,POINT (-60.694659 -32.94064099999999),"['San Juan', 'Matienzo']",2,San Juan; Benjamín Matienzo,-32.94064099999999,-60.694659,55.0,538.0,Municipio Rosario,Municipio,Rosario,820210,Servicio de Catastro e Información Territorial,IGN
2015,4682,2015-06-29,Lunes,0.0,16:00:00,,0.0,2,"Automóvil,Automóvil",Cochabamba Y L.N.Alem,4,3,0,0,1,0,0,,Calle,,ROSARIO,Rosario,Asfalto,No existe,II,Dentro,Urbana,Otra Señal,No existe,Intersección,Bueno,Buena,"Nocturna,Con luz artificial",Lluvia,Lateral,S/D,Colisión,Agua,Vertical,Ninguna,Sin restricción,POINT (-60.6312845 -32.96022949999999),"['Cochabamba', 'Alem']",2,Cochabamba; Leandro N. Alem,-32.96022949999999,-60.6312845,55.0,538.0,Municipio Rosario,Municipio,Rosario,820210,Servicio de Catastro e Información Territorial,IGN
2015,4683,2015-06-15,Lunes,0.0,,,0.0,2,"Moto/Ciclomotor,Automóvil",Bv. Segui Y Italia,2,1,0,0,1,0,0,,Avenida,,ROSARIO,Rosario,Asfalto,No existe,II,Dentro,Urbana,Semáforo,Funciona,Intersección,Bueno,Buena,Diurna,S/D,Lateral,S/D,Colisión,Ninguna,S/D,S/D,S/D,POINT (-60.6560807 -32.977334),"['Bulevar Juan Francisco Seguí', 'Italia']",2,Bulevar Juan Francisco Seguí; Italia,-32.977334,-60.6560807,55.0,538.0,Municipio Rosario,Municipio,Rosario,820210,Servicio de Catastro e Información Territorial,IGN
2015,4684,2015-06-17,Miercoles,0.0,14:00:00,,0.0,2,"Taxi/Remis,Bicicleta",San Lorenzo Y Santiago,2,1,0,0,1,0,0,,Calle,,ROSARIO,Rosario,Asfalto,No existe,II,S/D,Urbana,Ninguna,No existe,Recta,Bueno,Buena,Diurna,Buen Tiempo,S/D,S/D,Atropello,Otro,Faltante,Ninguna,Sin restricción,POINT (-60.6554119 -32.9409275),"['San Lorenzo', 'Santiago']",2,San Lorenzo; Santiago,-32.9409275,-60.6554119,55.0,538.0,Municipio Rosario,Municipio,Rosario,820210,Servicio de Catastro e Información Territorial,IGN
2015,4686,2015-06-24,Miercoles,0.0,13:00:00,,0.0,1,Moto/Ciclomotor,French Y Cullen,1,1,0,0,0,0,0,,Calle,,ROSARIO,Rosario,S/D,S/D,II,S/D,Urbana,S/D,S/D,S/D,S/D,S/D,Diurna,S/D,S/D,S/D,Caída ocupante,S/D,S/D,S/D,S/D,POINT (-60.70976655 -32.9216945),"['French', 'Cullen']",2,Domingo French; Cullen,-32.9216945,-60.70976655,55.0,538.0,Municipio Rosario,Municipio,Rosario,820210,Servicio de Catastro e Información Territorial,IGN
2015,4687,2015-06-13,Sabado,0.0,17:00:00,,0.0,2,"Peatón,Pickup/Utilitario",Ing.Thedy Bis Y Av. Central,2,1,0,0,1,0,0,,Avenida,,ROSARIO,Rosario,Asfalto,S/D,II,S/D,Urbana,S/D,S/D,Intersección,Bueno,S/D,Diurna,S/D,S/D,S/D,Atropello,S/D,S/D,S/D,S/D,POINT (-60.6657815 -32.9292199),"['Thedy', 'Central']",2,Héctor Thedy; Avenida Centenario Rosario Central,-32.9292199,-60.6657815,55.0,538.0,Municipio Rosario,Municipio,Rosario,820210,Servicio de Catastro e Información Territorial,IGN
2015,4689,2015-06-27,Sabado,0.0,07:30:00,,0.0,2,"Moto/Ciclomotor,Automóvil",Cafferata Y Catamarca,2,1,0,0,1,0,0,,Calle,,ROSARIO,Rosario,Asfalto,No existe,II,S/D,Urbana,Semáforo,Funciona,Recta,Bueno,Buena,Diurna,Buen Tiempo,Otro,S/D,Colisión,Otro,Vertical,Ninguna,Sin restricción,POINT (-60.6694858 -32.9347574),"['Cafferata', 'Catamarca']",2,Cafferata; Catamarca,-32.9347574,-60.6694858,55.0,538.0,Municipio Rosario,Municipio,Rosario,820210,Servicio de Catastro e Información Territorial,IGN