anio_acci,nro_acci,fecha,desc_dia,fecha_aprox,hora_aprox,desc_ruta,km,cant_participantes,desc_participante,calle_avenida_km,total,heridos_leves,heridos_graves,heridos_gravisimos,ilesos,fallecidos,sin_datos,posicion_XY,desc_tipo_via,desc_ruta_ori,desc_loc,desc_dpto,desc_tipo_calzada,desc_tipo_banquina,desc_unidad_regional,desc_lugar_calzada,desc_zona,desc_prioridad,desc_estado_semaforo,desc_lugar_via,desc_estado_via,desc_estado_visibilidad,desc_luminosidad,desc_estado_clima,desc_tipo_colision,desc_tipo_atropello,desc_tipo_hecho,desc_pres_calzada,desc_senializacion,desc_separacion_via,desc_restriccion,forma_geocod,calle_lista,numero_calles,calles_osm,lat,lon,index_right,gid,fna,gna,nam,in1,fdc,sag
2015,4691,2015-06-23,Martes,0.0,00:15:00,,0.0,2,"Moto/Ciclomotor,Taxi/Remis",Av. Luis Carballo Y Pje. J.M.Estrada Bis,2,1,0,0,1,0,0,,Calle,,ROSARIO,Rosario,Asfalto,S/D,II,S/D,Urbana,S/D,S/D,Intersección,Bueno,S/D,Nocturna,S/D,S/D,S/D,Colisión,S/D,S/D,S/D,S/D,POINT (-60.67689539999999 -32.922036399999996),"['Avenida Doctor Luis Cándido Carballo', 'Estrada']",2,Avenida Doctor Luis Cándido Carballo; Estrada,-32.9220364,-60.67689539999999,55.0,538.0,Municipio Rosario,Municipio,Rosario,820210,Servicio de Catastro e Información Territorial,IGN
2015,4692,2015-06-29,Lunes,0.0,09:05:00,,0.0,2,"Moto/Ciclomotor,Transporte de Pasajeros Urbano (> 8 asientos)",Salta Y Ricchieri,2,1,0,0,1,0,0,,Calle,,ROSARIO,Rosario,Asfalto,No existe,II,S/D,Urbana,Semáforo,Funciona,Recta,Bueno,S/D,Diurna,Buen Tiempo,Otro,S/D,Colisión,Otro,Vertical,Ninguna,Sin restricción,POINT (-60.66109260000001 -32.93504239999999),"['Salta', 'Ricchieri']",2,Salta; Ricchieri,-32.93504239999999,-60.66109260000001,55.0,538.0,Municipio Rosario,Municipio,Rosario,820210,Servicio de Catastro e Información Territorial,IGN
2015,4693,2015-06-24,Miercoles,0.0,23:30:00,,0.0,1,Taxi/Remis,Av. Luis Carballo Y Echeverria Bis,2,2,0,0,0,0,0,,Avenida,,ROSARIO,Rosario,Asfalto,S/D,II,S/D,Urbana,S/D,S/D,Intersección,Bueno,S/D,Nocturna,S/D,S/D,S/D,S/D,S/D,S/D,S/D,S/D,POINT (-60.672244250000006 -32.921920799999995),"['Avenida Doctor Luis Cándido Carballo', 'Echeverría']",2,Avenida Doctor Luis Cándido Carballo; Echeverría,-32.921920799999995,-60.672244250000006,55.0,538.0,Municipio Rosario,Municipio,Rosario,820210,Servicio de Catastro e Información Territorial,IGN
2015,4694,2015-06-28,Domingo,0.0,05:40:00,,0.0,2,"Automóvil,Automóvil",Albert Sabin Y Av. Alberdi Bis,2,1,0,0,1,0,0,,Avenida,,ROSARIO,Rosario,Asfalto,S/D,II,S/D,Urbana,S/D,S/D,Intersección,Bueno,S/D,Amanecer,S/D,S/D,S/D,Colisión,S/D,S/D,S/D,S/D,POINT (-60.67368635 -32.93013245),"['Avenida Travesía Albert Sabin', 'Alberdi']",2,Avenida Travesía Albert Sabin; Avenida Alberdi,-32.93013245,-60.67368635,55.0,538.0,Municipio Rosario,Municipio,Rosario,820210,Servicio de Catastro e Información Territorial,IGN
2015,4695,2015-06-11,Jueves,0.0,15:00:00,,0.0,2,"Moto/Ciclomotor,Automóvil",Casilda Y Pje. Nueva York Bis,2,1,0,0,1,0,0,,Calle,,ROSARIO,Rosario,Hormigón,S/D,II,S/D,Urbana,S/D,S/D,Intersección,Bueno,S/D,Diurna,S/D,S/D,S/D,Colisión,S/D,S/D,S/D,S/D,POINT (-60.6882703 -32.928449699999994),"['Casilda', 'Nueva York']",2,Casilda; Nueva York,-32.928449699999994,-60.6882703,55.0,538.0,Municipio Rosario,Municipio,Rosario,820210,Servicio de Catastro e Información Territorial,IGN
2015,4696,2015-06-30,Martes,0.0,08:30:00,,0.0,2,"Peatón,Taxi/Remis",Guemes Y Av. Ovidio Lagos,2,1,0,0,1,0,0,,Calle,,ROSARIO,Rosario,Asfalto,No existe,II,S/D,Urbana,Semáforo,Funciona,Recta,Bueno,Buena,Diurna,Buen Tiempo,S/D,S/D,Atropello,S/D,S/D,Ninguna,Sin restricción,POINT (-60.658824900000006 -32.93179409999999),"['Güemes', 'Avenida Ovidio Lagos']",2,Güemes; Avenida Ovidio Lagos,-32.93179409999999,-60.658824900000006,55.0,538.0,Municipio Rosario,Municipio,Rosario,820210,Servicio de Catastro e Información Territorial,IGN
2015,4697,2015-06-22,Lunes,0.0,16:10:00,,0.0,2,"Bicicleta,Automóvil",Warnes 1600,2,1,0,0,1,0,0,,Calle,,ROSARIO,Rosario,Asfalto,No existe,II,Dentro,Urbana,Ninguna,No existe,Recta,Bueno,Buena,Diurna,Buen Tiempo,Lateral,S/D,Atropello,S/D,Faltante,Ninguna,Sin restricción,"-32.8983317, -60.6927131",['Warnes 1600'],1,Warnes 1600,-32.8983317,-60.6927131,55.0,538.0,Municipio Rosario,Municipio,Rosario,820210,Servicio de Catastro e Información Territorial,IGN
2015,4698,2015-06-24,Miercoles,0.0,,,0.0,2,"Automóvil,Moto/Ciclomotor",Av. Eva Peron Y Colombia,2,2,0,0,0,0,0,,Avenida,,ROSARIO,Rosario,Asfalto,No existe,II,Dentro,Urbana,Semáforo,Funciona,Intersección,S/D,Buena,S/D,Buen Tiempo,Lateral,S/D,Colisión,S/D,S/D,Cordón divisorio,Sin restricción,POINT (-60.71654285000001 -32.9323615),"['Avenida Eva Perón', 'Colombia']",2,Avenida Eva Perón; Colombia,-32.9323615,-60.71654285000001,55.0,538.0,Municipio Rosario,Municipio,Rosario,820210,Servicio de Catastro e Información Territorial,IGN
2015,4699,2015-06-18,Jueves,0.0,21:00:00,,0.0,2,"Moto/Ciclomotor,Moto/Ciclomotor",J.J.Paso Y P.L.Funes,3,2,0,0,1,0,0,,S/D,,ROSARIO,Rosario,Asfalto,No existe,II,S/D,Urbana,Ninguna,No existe,Recta,Bueno,Buena,Nocturna,Buen Tiempo,De alcance,S/D,Colisión,S/D,Vertical,Ninguna,Sin restricción,POINT (-60.7019811 -32.9199072),"['Paso', 'Funes']",2,Avenida Juan José Paso; Deán Gregorio Funes,-32.9199072,-60.7019811,55.0,538.0,Municipio Rosario,Municipio,Rosario,820210,Servicio de Catastro e Información Territorial,IGN
2015,4700,2015-06-21,Domingo,0.0,03:15:00,,0.0,2,"Automóvil,Moto/Ciclomotor",G.Carrasco Y Ferreyra,2,1,0,0,1,0,0,,Calle,,ROSARIO,Rosario,Asfalto,S/D,II,Dentro,Urbana,Ninguna,S/D,Intersección,Bueno,Buena,Diurna,Buen Tiempo,Lateral,S/D,Colisión,S/D,Faltante,S/D,Sin restricción,POINT (-60.680212299999994 -32.920081399999994),"['Carrasco', 'Ferreyra']",2,Omar Carrasco; Ferreyra,-32.920081399999994,-60.6802123,55.0,538.0,Municipio Rosario,Municipio,Rosario,820210,Servicio de Catastro e Información Territorial,IGN
2015,4701,2015-06-24,Miercoles,0.0,,,0.0,2,"Moto/Ciclomotor,Pickup/Utilitario",Bv. Argentino Y Av. Circunvalacion,2,1,0,0,0,0,1,,Avenida,,ROSARIO,Rosario,Asfalto,Pavimento,II,S/D,Urbana,Ninguna,No existe,Intersección,Bueno,Buena,Diurna,Buen Tiempo,Lateral,S/D,Colisión,Ninguna,S/D,S/D,Sin restricción,POINT (-60.709333300000004 -32.98141940000001),"['Argentino', 'Circunvalacion']",2,"('Aborígenes Argentinos', 'Juan Pablo II')",-32.98141940000001,-60.7093333,55.0,538.0,Municipio Rosario,Municipio,Rosario,820210,Servicio de Catastro e Información Territorial,IGN
2015,4702,2015-06-30,Martes,0.0,19:45:00,,0.0,2,"Moto/Ciclomotor,Automóvil",Bv. 27 De Febrero Y Esmeralda,2,1,0,0,1,0,0,,Avenida,,ROSARIO,Rosario,Asfalto,No existe,II,Dentro,Urbana,Ninguna,No existe,Intersección,Bueno,Buena,Atardecer,Buen Tiempo,Lateral,S/D,Colisión,Ninguna,Faltante,Vegetación,Sin restricción,POINT (-60.62677386666667 -32.97061539999999),"['27 de Febrero', 'Esmeralda']",2,Bulevar 27 de Febrero; Esmeralda,-32.97061539999999,-60.62677386666667,55.0,538.0,Municipio Rosario,Municipio,Rosario,820210,Servicio de Catastro e Información Territorial,IGN
2015,4703,2015-06-20,Sabado,0.0,05:30:00,,0.0,2,"Moto/Ciclomotor,Otros",Av. Battle y Ordoñez Y Pte.Roca,3,2,0,0,0,0,1,,Calle,,ROSARIO,Rosario,Asfalto,No existe,II,Dentro,Urbana,S/D,No existe,Intersección,Bueno,Reducida,Amanecer,S/D,S/D,S/D,Colisión,S/D,Horizontal,Cordón divisorio,Sin restricción,POINT (-60.65589215 -33.0090795),"['Avenida Battle y Ordoñez', 'Roca']",2,Avenida Battle y Ordoñez; Presidente Roca,-33.0090795,-60.65589215,55.0,538.0,Municipio Rosario,Municipio,Rosario,820210,Servicio de Catastro e Información Territorial,IGN
2015,4704,2015-06-06,Sabado,0.0,13:00:00,,0.0,2,"Moto/Ciclomotor,Pickup/Utilitario",Albert Sabin Y Cangallo,2,1,0,0,1,0,0,,S/D,,ROSARIO,Rosario,Asfalto,S/D,II,S/D,Urbana,S/D,S/D,Intersección,Bueno,S/D,Diurna,S/D,S/D,S/D,S/D,S/D,S/D,S/D,S/D,POINT (-60.67763155 -32.928284899999994),"['Avenida Travesía Albert Sabin', 'Cangallo']",2,Avenida Travesía Albert Sabin; Cangallo,-32.928284899999994,-60.67763155,55.0,538.0,Municipio Rosario,Municipio,Rosario,820210,Servicio de Catastro e Información Territorial,IGN
2015,4705,2015-06-22,Lunes,0.0,19:00:00,,0.0,2,"Moto/Ciclomotor,Moto/Ciclomotor",San Martin 6200,3,3,0,0,0,0,0,,Calle,,ROSARIO,Rosario,Asfalto,No existe,II,Dentro,Urbana,Ninguna,No existe,Recta,Bueno,Buena,Atardecer,Buen Tiempo,S/D,S/D,Colisión,S/D,Vertical,Ninguna,Sin restricción,"-32.9764777, -60.6372639",['San Martin 6200'],1,San Martin 6200,-32.9764777,-60.6372639,55.0,538.0,Municipio Rosario,Municipio,Rosario,820210,Servicio de Catastro e Información Territorial,IGN
2015,4707,2015-06-26,Viernes,0.0,09:00:00,,0.0,2,"Moto/Ciclomotor,Automóvil",Av. Arijon Y Av. Corrientes,2,1,0,0,1,0,0,,Calle,,ROSARIO,Rosario,Asfalto,No existe,II,Dentro,Urbana,Ninguna,No existe,Intersección,Bueno,Buena,Diurna,S/D,S/D,S/D,Colisión,S/D,Horizontal,Línea divisoria pintada,Sin restricción,POINT (-60.6532343 -33.003188200000004),"['Avenida Manuel Arijón', 'Corrientes']",2,Avenida Manuel Arijón; Corrientes,-33.003188200000004,-60.6532343,55.0,538.0,Municipio Rosario,Municipio,Rosario,820210,Servicio de Catastro e Información Territorial,IGN
2015,4708,2015-06-26,Viernes,0.0,18:00:00,,0.0,2,"Moto/Ciclomotor,Automóvil",Paraguay Y Ceibo,3,2,0,0,1,0,0,,Calle,,ROSARIO,Rosario,Asfalto,No existe,II,Dentro,Urbana,Ninguna,No existe,Recta,Bueno,Buena,Diurna,S/D,S/D,S/D,Colisión,S/D,Horizontal,Ninguna,Sin restricción,POINT (-60.65420360000001 -33.0134488),"['Paraguay', 'Ceibo']",2,Paraguay; El Ceibo,-33.0134488,-60.65420360000001,55.0,538.0,Municipio Rosario,Municipio,Rosario,820210,Servicio de Catastro e Información Territorial,IGN
2015,4709,2015-06-13,Sabado,0.0,14:00:00,,0.0,2,"Automóvil,Pickup/Utilitario",Av. Alberdi Bis Y Harding,2,1,0,0,1,0,0,,Avenida,,ROSARIO,Rosario,Hormigón,S/D,II,S/D,Urbana,S/D,S/D,Intersección,Bueno,S/D,Diurna,S/D,S/D,S/D,S/D,S/D,S/D,S/D,S/D,POINT (-60.6749507 -32.928549200000006),"['Alberdi', 'Harding']",2,Avenida Alberdi; Harding,-32.928549200000006,-60.6749507,55.0,538.0,Municipio Rosario,Municipio,Rosario,820210,Servicio de Catastro e Información Territorial,IGN
2015,4710,2015-06-16,Martes,0.0,10:05:00,,0.0,2,"Automóvil,Automóvil",Rep.Dominicana Y Pje. Rossini,4,0,0,0,1,0,3,,S/D,,ROSARIO,Rosario,Hormigón,S/D,II,S/D,Urbana,S/D,S/D,Intersección,Bueno,S/D,Diurna,S/D,S/D,S/D,S/D,S/D,S/D,S/D,S/D,POINT (-60.69043440000001 -32.92307079999999),"['República Dominicana', 'Rossini']",2,República Dominicana; Pasaje Rossini,-32.92307079999999,-60.69043440000001,55.0,538.0,Municipio Rosario,Municipio,Rosario,820210,Servicio de Catastro e Información Territorial,IGN
2015,4712,2015-06-02,Martes,0.0,16:40:00,,0.0,2,"Moto/Ciclomotor,Transporte de Pasajeros Larga Distancia (> 8 asientos)",Bv. Avellaneda Y Casilda,2,1,0,0,0,0,1,,S/D,,ROSARIO,Rosario,Hormigón,S/D,II,S/D,Urbana,S/D,S/D,Intersección,Bueno,S/D,Diurna,S/D,S/D,S/D,S/D,S/D,S/D,S/D,S/D,POINT (-60.67635325 -32.928127849999996),"['Avellaneda', 'Casilda']",2,Bulevar Nicolás Avellaneda; Casilda,-32.92812785,-60.67635325,55.0,538.0,Municipio Rosario,Municipio,Rosario,820210,Servicio de Catastro e Información Territorial,IGN
2015,4717,2015-06-07,Domingo,0.0,18:30:00,,0.0,2,"Automóvil,Moto/Ciclomotor",Av. Ovidio Lagos ,2,1,0,0,1,0,0,,Calle,,ROSARIO,Rosario,Asfalto,Pavimento,II,Dentro,Urbana,Ninguna,No existe,Intersección,Bueno,Buena,Diurna,Buen Tiempo,Lateral,S/D,Colisión,S/D,Faltante,Ninguna,Sin restricción,"-33.0274062, -60.6814842",['Avenida Ovidio Lagos'],1,Avenida Ovidio Lagos,-33.0274062,-60.6814842,55.0,538.0,Municipio Rosario,Municipio,Rosario,820210,Servicio de Catastro e Información Territorial,IGN
2015,4719,2015-06-30,Martes,1.0,,,0.0,2,"Peatón,Automóvil",J.B.Justo Y Campbell,2,0,1,0,0,0,1,,Calle,,ROSARIO,Rosario,Asfalto,No existe,II,S/D,S/D,Ninguna,No existe,Recta,Bueno,Buena,Diurna,Buen Tiempo,S/D,S/D,Atropello,Otro,Faltante,Ninguna,Sin restricción,POINT (-60.7082703 -32.933306),"['Justo', 'Campbell']",2,"('Justo José de Urquiza', 'Campbell')",-32.933306,-60.7082703,55.0,538.0,Municipio Rosario,Municipio,Rosario,820210,Servicio de Catastro e Información Territorial,IGN
2015,4721,2015-06-17,Miercoles,0.0,,,0.0,2,"Taxi/Remis,Peatón",Pje. Asturias Bis Y Av. Genova,2,1,0,0,1,0,0,,Avenida,,ROSARIO,Rosario,Asfalto,No existe,II,S/D,S/D,Ninguna,No existe,Recta,Bueno,Buena,Atardecer,Buen Tiempo,S/D,S/D,Atropello,Otro,Faltante,Ninguna,Sin restricción,POINT (-60.7000023 -32.915615399999986),"['Asturias', 'Genova']",2,Asturias; Avenida Génova,-32.915615399999986,-60.7000023,55.0,538.0,Municipio Rosario,Municipio,Rosario,820210,Servicio de Catastro e Información Territorial,IGN
2015,4723,2015-06-15,Lunes,0.0,07:30:00,,0.0,1,Pickup/Utilitario,Bv. Rondeau Y Castagnino,1,1,0,0,0,0,0,,Avenida,,ROSARIO,Rosario,Asfalto,No existe,II,S/D,Urbana,Ninguna,No existe,Recta,Bueno,Buena,Diurna,Buen Tiempo,Contra objeto fijo,S/D,Colisión,S/D,Faltante,Ninguna,Sin restricción,POINT (-60.69153045 -32.897260900000006),"['Rondeau', 'Castagnino']",2,Bulevar General José Rondeau; Castagnino,-32.897260900000006,-60.69153045,55.0,538.0,Municipio Rosario,Municipio,Rosario,820210,Servicio de Catastro e Información Territorial,IGN
2015,4729,2015-06-02,Martes,0.0,14:30:00,,0.0,2,"Automóvil,Automóvil",Padre R. Giaccone Y Paraguay,2,1,0,0,1,0,0,,Calle,,ROSARIO,Rosario,Asfalto,No existe,II,Dentro,Urbana,Ninguna,No existe,Intersección,Bueno,Buena,Diurna,S/D,S/D,S/D,Colisión,S/D,Horizontal,Ninguna,Sin restricción,POINT (-60.65448500000001 -33.0081319),"['Padre R. Giaccone', 'Paraguay']",2,Padre R. Giaccone; Paraguay,-33.0081319,-60.65448500000001,55.0,538.0,Municipio Rosario,Municipio,Rosario,820210,Servicio de Catastro e Información Territorial,IGN
2015,4732,2015-06-22,Lunes,0.0,14:10:00,,0.0,2,"Automóvil,Moto/Ciclomotor",Av. Ovidio Lagos 6400,3,2,0,0,1,0,0,,Avenida,,ROSARIO,Rosario,Asfalto,Pavimento,II,Dentro,Urbana,Ninguna,No existe,Recta,Bueno,Buena,Diurna,Buen Tiempo,De alcance,S/D,Colisión,S/D,Faltante,Ninguna,Sin restricción,"-33.0264856, -60.6811155",['Ovidio Lagos 6400'],1,Ovidio Lagos 6400,-33.0264856,-60.6811155,55.0,538.0,Municipio Rosario,Municipio,Rosario,820210,Servicio de Catastro e Información Territorial,IGN
2015,4738,2015-06-07,Domingo,0.0,20:00:00,,0.0,2,"Automóvil,Moto/Ciclomotor",Cullen Y Arevalo,2,1,0,0,1,0,0,,S/D,,ROSARIO,Rosario,S/D,No existe,II,S/D,S/D,Ninguna,No existe,Intersección,S/D,S/D,Nocturna,Otro,Lateral,S/D,Colisión,S/D,Faltante,Ninguna,Sin restricción,POINT (-60.709537299999994 -32.9305912),"['Cullen', 'Arévalo']",2,Cullen; Arévalo,-32.9305912,-60.7095373,55.0,538.0,Municipio Rosario,Municipio,Rosario,820210,Servicio de Catastro e Información Territorial,IGN
2015,4740,2015-06-06,Sabado,0.0,08:40:00,,0.0,2,"Moto/Ciclomotor,Automóvil",Bv. Rondeau Y Maciel,2,1,0,0,1,0,0,,Calle,,ROSARIO,Rosario,Asfalto,No existe,II,Dentro,Urbana,Ninguna,No existe,Intersección,Bueno,Buena,Diurna,Buen Tiempo,Frontal,S/D,Colisión,S/D,Faltante,S/D,Sin restricción,POINT (-60.689565099999996 -32.90381935),"['Rondeau', 'Maciel']",2,Bulevar General José Rondeau; Maciel,-32.90381935,-60.6895651,55.0,538.0,Municipio Rosario,Municipio,Rosario,820210,Servicio de Catastro e Información Territorial,IGN
2015,4741,2015-06-21,Domingo,0.0,13:15:00,,0.0,2,"Moto/Ciclomotor,Moto/Ciclomotor",Av. Provincias Unidas Y J.B.Justo,3,1,0,0,2,0,0,,Avenida,,ROSARIO,Rosario,Asfalto,No existe,II,S/D,Urbana,Ninguna,No existe,Recta,Bueno,Buena,Diurna,S/D,De alcance,S/D,Colisión,S/D,Faltante,Ninguna,Sin restricción,POINT (-60.71293324999999 -32.93344005),"['Avenida Provincias Unidas', 'Justo']",2,"('Avenida Provincias Unidas', 'Justo José de Urquiza')",-32.93344005,-60.71293324999999,55.0,538.0,Municipio Rosario,Municipio,Rosario,820210,Servicio de Catastro e Información Territorial,IGN
2015,4744,2015-06-21,Domingo,0.0,15:00:00,,0.0,2,"Automóvil,Moto/Ciclomotor",Av. Francia Y Hilarion de la Quintana,3,2,0,0,1,0,0,,Avenida,,ROSARIO,Rosario,Asfalto,Pavimento,II,Dentro,Urbana,Ninguna,No existe,Intersección,Bueno,Buena,Diurna,Buen Tiempo,Lateral,S/D,Colisión,S/D,Faltante,Ninguna,Sin restricción,POINT (-60.6777043 -33.0017457),"['Avenida Francia', 'Hilarión de la Quintana']",2,Avenida Francia; Hilarión de la Quintana,-33.0017457,-60.6777043,55.0,538.0,Municipio Rosario,Municipio,Rosario,820210,Servicio de Catastro e Información Territorial,IGN
2015,4746,2015-06-03,Miercoles,0.0,17:50:00,,0.0,2,"Moto/Ciclomotor,Pickup/Utilitario",Av. Arijon Y España,2,1,0,0,1,0,0,,Calle,,ROSARIO,Rosario,Asfalto,No existe,II,Dentro,Urbana,Ninguna,Funciona,Recta,Bueno,Buena,Atardecer,S/D,S/D,S/D,Colisión,S/D,Vertical,Línea divisoria pintada,Sin restricción,POINT (-60.657634699999996 -33.003316000000005),"['Avenida Manuel Arijón', 'España']",2,Avenida Manuel Arijón; España,-33.003316000000005,-60.6576347,55.0,538.0,Municipio Rosario,Municipio,Rosario,820210,Servicio de Catastro e Información Territorial,IGN
2015,4747,2015-06-21,Domingo,0.0,20:00:00,,0.0,2,"Taxi/Remis,Moto/Ciclomotor",Av. Provincias Unidas Y Av. Sorrento,5,5,0,0,0,0,0,,Avenida,,ROSARIO,Rosario,Asfalto,No existe,II,S/D,Urbana,Señal Ceda el Paso,No existe,Recta,Bueno,Buena,Nocturna,Buen Tiempo,De alcance,S/D,Colisión,S/D,Vertical,Línea divisoria pintada,Sin restricción,POINT (-60.714102249999996 -32.9083328),"['Avenida Provincias Unidas', 'Sorrento']",2,Avenida Provincias Unidas; Avenida Sorrento,-32.9083328,-60.71410225,55.0,538.0,Municipio Rosario,Municipio,Rosario,820210,Servicio de Catastro e Información Territorial,IGN
2015,4752,2015-06-16,Martes,0.0,14:00:00,,0.0,2,"Moto/Ciclomotor,Automóvil",Cullen Y Riobamba,2,1,0,0,1,0,0,,Calle,,ROSARIO,Rosario,Asfalto,Pavimento,II,Dentro,Urbana,Ninguna,No existe,Recta,Bueno,Buena,Diurna,Buen Tiempo,Lateral,S/D,Colisión,Otro,Faltante,Ninguna,Sin restricción,POINT (-60.7085404 -32.9544425),"['Cullen', 'Riobamba']",2,Cullen; Riobamba,-32.9544425,-60.7085404,55.0,538.0,Municipio Rosario,Municipio,Rosario,820210,Servicio de Catastro e Información Territorial,IGN
2015,4754,2015-06-03,Miercoles,0.0,23:15:00,,0.0,2,"Moto/Ciclomotor,Pickup/Utilitario",Viamonte Y Necochea,2,1,0,0,1,0,0,,Calle,,ROSARIO,Rosario,Asfalto,No existe,II,Dentro,Urbana,Semáforo,No existe,Intersección,Bueno,Buena,Nocturna,Buen Tiempo,Lateral,S/D,Colisión,Ninguna,Vertical,S/D,Sin restricción,POINT (-60.6288834 -32.967826999999986),"['Viamonte', 'Necochea']",2,Viamonte; Necochea,-32.967826999999986,-60.6288834,55.0,538.0,Municipio Rosario,Municipio,Rosario,820210,Servicio de Catastro e Información Territorial,IGN
2015,4759,2015-06-19,Viernes,0.0,17:15:00,,0.0,2,"Peatón,Automóvil",Av. Pellegrini Y Liniers,2,1,0,0,1,0,0,,Avenida,,ROSARIO,Rosario,Asfalto,Pavimento,II,Dentro,Urbana,Ninguna,No existe,Intersección,Bueno,Buena,Diurna,Buen Tiempo,S/D,S/D,Atropello,Otro,Faltante,Cordón divisorio,S/D,POINT (-60.69824345 -32.9482175),"['Pellegrini', 'Liniers']",2,"('Avenida Carlos Pellegrini', 'Liniers')",-32.9482175,-60.69824345,55.0,538.0,Municipio Rosario,Municipio,Rosario,820210,Servicio de Catastro e Información Territorial,IGN
2015,4765,2015-06-20,Sabado,0.0,03:30:00,,0.0,2,"Moto/Ciclomotor,Automóvil",Matienzo Y Av. Pellegrini,3,2,0,0,1,0,0,,Avenida,,ROSARIO,Rosario,Asfalto,Pavimento,II,Dentro,Urbana,Semáforo,Funciona,Intersección,Bueno,Buena,Con luz artificial,Buen Tiempo,Lateral,S/D,Colisión,Otro,Vertical,Cordón divisorio,Sin restricción,POINT (-60.69440075 -32.94811425),"['Matienzo', 'Pellegrini']",2,Benjamín Matienzo; Avenida Carlos Pellegrini,-32.94811425,-60.69440075,55.0,538.0,Municipio Rosario,Municipio,Rosario,820210,Servicio de Catastro e Información Territorial,IGN
2015,4780,2015-06-22,Lunes,0.0,12:00:00,,0.0,2,"Moto/Ciclomotor,Automóvil",Rioja Y Pje. Windels,2,1,0,0,1,0,0,,Calle,,ROSARIO,Rosario,Asfalto,Pavimento,II,Dentro,Urbana,Ninguna,No existe,Rotonda,Bueno,Buena,Diurna,Buen Tiempo,De alcance,S/D,Colisión,Otro,Faltante,Ninguna,Sin restricción,POINT (-60.7005905 -32.93789939999999),"['Rioja', 'Windefs']",2,Rioja; Windefs,-32.93789939999999,-60.7005905,55.0,538.0,Municipio Rosario,Municipio,Rosario,820210,Servicio de Catastro e Información Territorial,IGN
2015,4781,2015-06-23,Martes,0.0,11:30:00,,0.0,2,"Moto/Ciclomotor,Automóvil",Viamonte Y Roullon,3,2,0,0,1,0,0,,S/D,,ROSARIO,Rosario,Asfalto,No existe,II,S/D,S/D,Ninguna,No existe,Intersección,Bueno,Buena,Diurna,Buen Tiempo,Lateral,S/D,Colisión,Otro,Faltante,Ninguna,Sin restricción,POINT (-60.70158930000001 -32.95664279999999),"['Viamonte', 'Alfredo Rouillón']",2,Viamonte; Alfredo Rouillón,-32.95664279999999,-60.70158930000001,55.0,538.0,Municipio Rosario,Municipio,Rosario,820210,Servicio de Catastro e Información Territorial,IGN
2015,4823,2015-06-22,Lunes,0.0,20:00:00,,0.0,2,"Tracción animal / Carro,Automóvil",J.B.Justo Y Av. Circunvalacion,3,2,0,0,1,0,0,,Avenida,,ROSARIO,Rosario,S/D,S/D,II,Dentro,Urbana,S/D,S/D,S/D,S/D,S/D,Nocturna,S/D,S/D,S/D,Colisión,S/D,S/D,S/D,S/D,POINT (-60.72395654453496 -32.91522030000024),"['Justo', 'Circunvalacion']",2,Justo José de Urquiza; Avenida de Circunvalación 25 de Mayo,-32.91522030000024,-60.72395654453496,55.0,538.0,Municipio Rosario,Municipio,Rosario,820210,Servicio de Catastro e Información Territorial,IGN
2015,4824,2015-06-22,Lunes,0.0,09:55:00,,0.0,2,"Automóvil,Automóvil",Av. Jorge Newbery Y Av. Circunvalacion,2,1,0,0,1,0,0,,Avenida,,ROSARIO,Rosario,S/D,S/D,II,S/D,Urbana,S/D,S/D,Intersección,S/D,S/D,Diurna,S/D,S/D,S/D,Colisión,S/D,S/D,S/D,S/D,POINT (-60.72420769617581 -32.90836527388018),"['Jorge Newbery', 'Circunvalacion']",2,Avenida Jorge Newbery; Avenida de Circunvalación 25 de Mayo,-32.90836527388018,-60.72420769617581,55.0,538.0,Municipio Rosario,Municipio,Rosario,820210,Servicio de Catastro e Información Territorial,IGN
2015,4832,2015-06-06,Sabado,0.0,15:00:00,,0.0,2,"Moto/Ciclomotor,Pickup/Utilitario",H. Brandoni Y Paraguay,2,1,0,0,1,0,0,,Calle,,ROSARIO,Rosario,Asfalto,No existe,II,Dentro,Urbana,Ninguna,No existe,Otro,Bueno,Buena,Diurna,Otro,S/D,S/D,Colisión,Ninguna,Horizontal,Ninguna,Sin restricción,POINT (-60.6545733 -33.00614350000001),"['Brandoni', 'Paraguay']",2,Brandoni; Paraguay,-33.00614350000001,-60.6545733,55.0,538.0,Municipio Rosario,Municipio,Rosario,820210,Servicio de Catastro e Información Territorial,IGN
2015,4845,2015-06-12,Viernes,0.0,14:00:00,,0.0,2,"Peatón,Moto/Ciclomotor",Av. Battle y Ordoñez Y Av. Corrientes,2,0,1,0,1,0,0,,Avenida,,ROSARIO,Rosario,Asfalto,No existe,II,Dentro,Urbana,Ninguna,No existe,Intersección,Bueno,Buena,Diurna,Otro,S/D,S/D,Atropello,Ninguna,Horizontal,Cordón divisorio,Sin restricción,POINT (-60.6529791 -33.00898595),"['Avenida Battle y Ordoñez', 'Corrientes']",2,Avenida Battle y Ordoñez; Corrientes,-33.00898595,-60.6529791,55.0,538.0,Municipio Rosario,Municipio,Rosario,820210,Servicio de Catastro e Información Territorial,IGN