anio_acci,nro_acci,fecha,desc_dia,fecha_aprox,hora_aprox,desc_ruta,km,cant_participantes,desc_participante,calle_avenida_km,total,heridos_leves,heridos_graves,heridos_gravisimos,ilesos,fallecidos,sin_datos,posicion_XY,desc_tipo_via,desc_ruta_ori,desc_loc,desc_dpto,desc_tipo_calzada,desc_tipo_banquina,desc_unidad_regional,desc_lugar_calzada,desc_zona,desc_prioridad,desc_estado_semaforo,desc_lugar_via,desc_estado_via,desc_estado_visibilidad,desc_luminosidad,desc_estado_clima,desc_tipo_colision,desc_tipo_atropello,desc_tipo_hecho,desc_pres_calzada,desc_senializacion,desc_separacion_via,desc_restriccion,forma_geocod,calle_lista,numero_calles,calles_osm,lat,lon,index_right,gid,fna,gna,nam,in1,fdc,sag
2015,4850,2015-06-12,Viernes,0.0,18:30:00,,0.0,2,"Peatón,Automóvil",San Martin 6800,2,1,0,0,1,0,0,,Avenida,,ROSARIO,Rosario,Asfalto,No existe,II,Dentro,Urbana,Ninguna,No existe,Recta,Bueno,Buena,Atardecer,Buen Tiempo,Otro,S/D,Atropello,Ninguna,Horizontal,Ninguna,Sin restricción,"-32.9764777, -60.6372639",['San Martin 6800'],1,San Martin 6800,-32.9764777,-60.6372639,55.0,538.0,Municipio Rosario,Municipio,Rosario,820210,Servicio de Catastro e Información Territorial,IGN
2015,4992,2015-07-28,Martes,0.0,14:00:00,,0.0,2,"Pickup/Utilitario,Moto/Ciclomotor",Bv. Segui Y Entre Rios,2,1,0,0,1,0,0,,Avenida,,ROSARIO,Rosario,S/D,S/D,II,S/D,Urbana,S/D,S/D,Intersección,S/D,S/D,Diurna,S/D,S/D,S/D,S/D,S/D,S/D,S/D,S/D,POINT (-60.6491681 -32.97857979999999),"['Bulevar Juan Francisco Seguí', 'Entre Ríos']",2,Bulevar Juan Francisco Seguí; Entre Ríos,-32.97857979999999,-60.6491681,55.0,538.0,Municipio Rosario,Municipio,Rosario,820210,Servicio de Catastro e Información Territorial,IGN
2015,4997,2015-07-28,Martes,0.0,08:00:00,,0.0,2,"Automóvil,Automóvil",Bv. Segui ,2,1,0,0,1,0,0,,Avenida,,ROSARIO,Rosario,S/D,S/D,II,S/D,Urbana,S/D,S/D,Intersección,S/D,S/D,Diurna,S/D,S/D,S/D,S/D,S/D,S/D,S/D,S/D,"-32.9715657, -60.6887341",['Bulevar Juan Francisco Seguí'],1,Bulevar Juan Francisco Seguí,-32.9715657,-60.6887341,55.0,538.0,Municipio Rosario,Municipio,Rosario,820210,Servicio de Catastro e Información Territorial,IGN
2015,4999,2015-07-29,Miercoles,0.0,,,0.0,2,"Automóvil,Moto/Ciclomotor",San Martin Y Pte.Quintana,2,1,0,0,1,0,0,,Calle,,ROSARIO,Rosario,S/D,S/D,II,S/D,Urbana,S/D,S/D,Intersección,S/D,Buena,Diurna,S/D,S/D,S/D,Colisión,S/D,S/D,S/D,S/D,POINT (-60.6450385 -32.982916249999995),"['San Martin', 'Quintana']",2,"('José de San Martín', 'Presidente Quintana')",-32.982916249999995,-60.6450385,55.0,538.0,Municipio Rosario,Municipio,Rosario,820210,Servicio de Catastro e Información Territorial,IGN
2015,5003,2015-07-28,Martes,0.0,17:23:00,,0.0,1,Transporte de Pasajeros Urbano (> 8 asientos),Italia Y Ameghino,2,1,0,0,1,0,0,,Calle,,ROSARIO,Rosario,S/D,S/D,II,S/D,S/D,S/D,S/D,Intersección,S/D,S/D,Diurna,S/D,S/D,S/D,S/D,S/D,S/D,S/D,S/D,POINT (-60.65809430000001 -32.985376499999994),"['Italia', 'Ameghino']",2,Italia; Ameghino,-32.985376499999994,-60.65809430000001,55.0,538.0,Municipio Rosario,Municipio,Rosario,820210,Servicio de Catastro e Información Territorial,IGN
2015,5005,2015-07-25,Sabado,0.0,13:10:00,,0.0,2,"Moto/Ciclomotor,Automóvil",San Martin Y Ayolas,2,1,0,0,1,0,0,,Avenida,,ROSARIO,Rosario,S/D,S/D,II,S/D,Urbana,S/D,S/D,Intersección,S/D,S/D,Diurna,S/D,S/D,S/D,S/D,S/D,S/D,S/D,S/D,POINT (-60.644083949999995 -32.97709834999999),"['San Martin', 'Ayolas']",2,José de San Martín; Ayolas,-32.97709834999999,-60.64408395,55.0,538.0,Municipio Rosario,Municipio,Rosario,820210,Servicio de Catastro e Información Territorial,IGN
2015,5014,2015-07-27,Lunes,0.0,17:30:00,,0.0,2,"Moto/Ciclomotor,Automóvil",Bv. Segui 1500,3,2,0,0,1,0,0,,Calle,,ROSARIO,Rosario,S/D,S/D,II,S/D,Urbana,S/D,S/D,Recta,S/D,S/D,Atardecer,S/D,S/D,S/D,S/D,S/D,S/D,S/D,S/D,"-32.9779392, -60.6517599",['Bulevar Juan Francisco Seguí 1500'],1,Bulevar Juan Francisco Seguí 1500,-32.9779392,-60.6517599,55.0,538.0,Municipio Rosario,Municipio,Rosario,820210,Servicio de Catastro e Información Territorial,IGN
2015,5022,2015-07-23,Jueves,0.0,23:00:00,,0.0,2,"Taxi/Remis,Moto/Ciclomotor",Bv. Segui Y Entre Rios,2,1,0,0,1,0,0,,Avenida,,ROSARIO,Rosario,S/D,S/D,II,S/D,Urbana,S/D,S/D,Intersección,S/D,S/D,Nocturna,S/D,S/D,S/D,S/D,S/D,S/D,S/D,S/D,POINT (-60.6491681 -32.97857979999999),"['Bulevar Juan Francisco Seguí', 'Entre Ríos']",2,Bulevar Juan Francisco Seguí; Entre Ríos,-32.97857979999999,-60.6491681,55.0,538.0,Municipio Rosario,Municipio,Rosario,820210,Servicio de Catastro e Información Territorial,IGN
2015,5023,2015-07-23,Jueves,0.0,14:30:00,,0.0,2,"Bicicleta,Automóvil",Gaboto Y Mitre,2,1,0,0,1,0,0,,Calle,,ROSARIO,Rosario,S/D,S/D,II,S/D,Urbana,S/D,S/D,Intersección,S/D,S/D,Diurna,S/D,S/D,S/D,Atropello,S/D,S/D,S/D,S/D,POINT (-60.64629360000001 -32.97310259999999),"['Gaboto', 'Mitre']",2,Gaboto; Bartolomé Mitre,-32.97310259999999,-60.64629360000001,55.0,538.0,Municipio Rosario,Municipio,Rosario,820210,Servicio de Catastro e Información Territorial,IGN
2015,5024,2015-07-20,Lunes,0.0,,,0.0,2,"Automóvil,Pickup/Utilitario",Uruguay Y Italia,2,0,1,0,1,0,0,,Calle,,ROSARIO,Rosario,S/D,S/D,II,S/D,Urbana,S/D,S/D,Intersección,S/D,S/D,S/D,S/D,S/D,S/D,S/D,S/D,S/D,S/D,S/D,POINT (-60.6555142 -32.975070099999996),"['Uruguay', 'Italia']",2,Uruguay; Italia,-32.9750701,-60.6555142,55.0,538.0,Municipio Rosario,Municipio,Rosario,820210,Servicio de Catastro e Información Territorial,IGN
2015,5027,2015-07-18,Sabado,0.0,03:20:00,,0.0,2,"Moto/Ciclomotor,Automóvil",Av. Uriburu Y Entre Rios,2,1,0,0,1,0,0,,Avenida,,ROSARIO,Rosario,S/D,S/D,II,S/D,Urbana,S/D,S/D,Intersección,S/D,S/D,Nocturna,S/D,S/D,S/D,S/D,S/D,S/D,S/D,S/D,POINT (-60.652262449999995 -32.99087005),"['Uriburu', 'Entre Ríos']",2,Avenida José Uriburu; Entre Ríos,-32.99087005,-60.65226245,55.0,538.0,Municipio Rosario,Municipio,Rosario,820210,Servicio de Catastro e Información Territorial,IGN
2015,5035,2015-07-11,Sabado,0.0,08:25:00,,0.0,2,"Automóvil,Moto/Ciclomotor",Bv. Segui Y Mitre,2,1,0,0,1,0,0,,Avenida,,ROSARIO,Rosario,S/D,S/D,II,S/D,Urbana,S/D,S/D,Cruce,S/D,S/D,Diurna,S/D,S/D,S/D,S/D,S/D,S/D,S/D,S/D,POINT (-60.6477426 -32.97883275),"['Bulevar Juan Francisco Seguí', 'Mitre']",2,Bulevar Juan Francisco Seguí; Bartolomé Mitre,-32.97883275,-60.6477426,55.0,538.0,Municipio Rosario,Municipio,Rosario,820210,Servicio de Catastro e Información Territorial,IGN
2015,5036,2015-07-11,Sabado,0.0,18:15:00,,0.0,2,"Moto/Ciclomotor,Automóvil",Vuelta De Obligado Y Av. Uriburu,2,1,0,0,1,0,0,,Avenida,,ROSARIO,Rosario,S/D,S/D,II,S/D,Urbana,S/D,S/D,Intersección,S/D,S/D,Diurna,S/D,S/D,S/D,Colisión,S/D,S/D,S/D,S/D,POINT (-60.663032 -32.99120535),"['Vuelta de Obligado', 'Uriburu']",2,Vuelta de Obligado; Avenida José Uriburu,-32.99120535,-60.663032,55.0,538.0,Municipio Rosario,Municipio,Rosario,820210,Servicio de Catastro e Información Territorial,IGN
2015,5037,2015-07-05,Domingo,0.0,02:15:00,,0.0,2,"Automóvil,Moto/Ciclomotor",Bv. Oroño Y Biedma,3,2,0,0,1,0,0,,Avenida,,ROSARIO,Rosario,Asfalto,S/D,II,S/D,Urbana,S/D,Funciona,Intersección,S/D,S/D,Nocturna,S/D,S/D,S/D,Colisión,S/D,S/D,S/D,S/D,POINT (-60.66209965000001 -32.97866725),"['Bulevar Nicasio Oroño', 'Coronel Biedma']",2,Bulevar Nicasio Oroño; Coronel Biedma,-32.97866725,-60.66209965000001,55.0,538.0,Municipio Rosario,Municipio,Rosario,820210,Servicio de Catastro e Información Territorial,IGN
2015,5038,2015-07-04,Sabado,0.0,22:55:00,,0.0,1,Moto/Ciclomotor,Uruguay Y Mariano Moreno,1,1,0,0,0,0,0,,Calle,,ROSARIO,Rosario,S/D,S/D,II,S/D,Urbana,S/D,S/D,Intersección,S/D,S/D,Nocturna,S/D,S/D,S/D,Caída ocupante,S/D,S/D,S/D,S/D,POINT (-60.65820020000001 -32.97458339999999),"['Uruguay', 'Mariano Moreno']",2,Uruguay; Mariano Moreno,-32.97458339999999,-60.65820020000001,55.0,538.0,Municipio Rosario,Municipio,Rosario,820210,Servicio de Catastro e Información Territorial,IGN
2015,5039,2015-07-09,Jueves,0.0,21:40:00,,0.0,2,"Moto/Ciclomotor,Automóvil",San Martin Y Pte.Quintana,3,2,0,0,1,0,0,,Avenida,,ROSARIO,Rosario,S/D,S/D,II,S/D,Urbana,S/D,S/D,Intersección,S/D,S/D,Nocturna,S/D,S/D,S/D,S/D,S/D,S/D,S/D,S/D,POINT (-60.6450385 -32.982916249999995),"['San Martin', 'Quintana']",2,"('José de San Martín', 'Presidente Quintana')",-32.982916249999995,-60.6450385,55.0,538.0,Municipio Rosario,Municipio,Rosario,820210,Servicio de Catastro e Información Territorial,IGN
2015,5047,2015-06-11,Jueves,0.0,09:30:00,,0.0,2,"Moto/Ciclomotor,Automóvil",Av. Ovidio Lagos Y Av. Arijon,3,2,0,0,1,0,0,,Avenida,,ROSARIO,Rosario,Asfalto,No existe,II,Dentro,Urbana,Ninguna,Funciona,Intersección,Bueno,Buena,Diurna,Buen Tiempo,Lateral,S/D,Colisión,Ninguna,Faltante,Barrera de alto impacto,Sin restricción,POINT (-60.6761369 -33.0038701),"['Avenida Ovidio Lagos', 'Avenida Manuel Arijón']",2,Avenida Ovidio Lagos; Avenida Manuel Arijón,-33.0038701,-60.6761369,55.0,538.0,Municipio Rosario,Municipio,Rosario,820210,Servicio de Catastro e Información Territorial,IGN
2015,5051,2015-06-28,Domingo,0.0,18:15:00,,0.0,2,"Moto/Ciclomotor,Automóvil",Galvez Y Laprida,3,2,0,0,1,0,0,,Calle,,ROSARIO,Rosario,Asfalto,No existe,II,Dentro,Urbana,Ninguna,No existe,Intersección,Bueno,Buena,"Atardecer,Con luz artificial",Buen Tiempo,Lateral,S/D,Colisión,Ninguna,Faltante,Ninguna,Sin restricción,POINT (-60.639834 -32.96946979999999),"['Galvez', 'Laprida']",2,José Gálvez; Francisco Narciso Laprida,-32.96946979999999,-60.639834,55.0,538.0,Municipio Rosario,Municipio,Rosario,820210,Servicio de Catastro e Información Territorial,IGN
2015,5052,2015-07-01,Miercoles,0.0,15:30:00,,0.0,2,"Moto/Ciclomotor,Moto/Ciclomotor",Av. Uriburu Y Vuelta De Obligado,2,1,0,0,0,0,1,,Avenida,,ROSARIO,Rosario,S/D,S/D,II,S/D,Urbana,S/D,S/D,Intersección,S/D,S/D,Diurna,S/D,S/D,S/D,S/D,S/D,S/D,S/D,S/D,POINT (-60.663032 -32.99120535),"['Uriburu', 'Vuelta de Obligado']",2,Avenida José Uriburu; Vuelta de Obligado,-32.99120535,-60.663032,55.0,538.0,Municipio Rosario,Municipio,Rosario,820210,Servicio de Catastro e Información Territorial,IGN
2015,5053,2015-07-05,Domingo,0.0,20:30:00,,0.0,2,"Moto/Ciclomotor,Automóvil",Av. Uriburu Y Ayacucho,3,2,0,0,1,0,0,,Avenida,,ROSARIO,Rosario,Asfalto,No existe,II,Dentro,Urbana,Semáforo,Funciona,Intersección,Bueno,S/D,Nocturna,Buen Tiempo,Lateral,S/D,Colisión,S/D,S/D,Ninguna,Sin restricción,POINT (-60.63691935000001 -32.990357849999995),"['Uriburu', 'Ayacucho']",2,Avenida José Uriburu; Ayacucho,-32.990357849999995,-60.63691935000001,55.0,538.0,Municipio Rosario,Municipio,Rosario,820210,Servicio de Catastro e Información Territorial,IGN
2015,5054,2015-07-19,Domingo,0.0,21:30:00,,0.0,2,"Taxi/Remis,Bicicleta",Entre Rios Y Pje. Valdes,2,1,0,0,1,0,0,,S/D,,ROSARIO,Rosario,S/D,S/D,II,S/D,S/D,S/D,S/D,S/D,S/D,S/D,S/D,S/D,S/D,S/D,Atropello,S/D,S/D,S/D,S/D,POINT (-60.64903030000001 -32.977960100000004),"['Entre Ríos', 'Valdés']",2,Entre Ríos; Valdés,-32.977960100000004,-60.64903030000001,55.0,538.0,Municipio Rosario,Municipio,Rosario,820210,Servicio de Catastro e Información Territorial,IGN
2015,5055,2015-07-17,Viernes,0.0,18:00:00,,0.0,2,"Moto/Ciclomotor,Automóvil",Av. Ntra.Sra.del Rosario ,2,0,1,0,1,0,0,,Avenida,,ROSARIO,Rosario,Asfalto,No existe,II,Dentro,Urbana,Ninguna,No existe,Cruce,Bueno,Buena,Atardecer,S/D,Lateral,S/D,Colisión,S/D,Horizontal,Cordón divisorio,Sin restricción,"-32.9997432, -60.6154115",['Nuestra Señora del Rosario'],1,Nuestra Señora del Rosario,-32.9997432,-60.6154115,55.0,538.0,Municipio Rosario,Municipio,Rosario,820210,Servicio de Catastro e Información Territorial,IGN
2015,5057,2015-07-29,Miercoles,0.0,18:55:00,,0.0,2,"Automóvil,Automóvil",Fragata Sarmiento Y Santiago,2,2,0,0,0,0,0,,S/D,,ROSARIO,Rosario,S/D,S/D,I,S/D,S/D,S/D,S/D,S/D,S/D,S/D,S/D,S/D,S/D,S/D,S/D,S/D,S/D,S/D,S/D,POINT (-60.66774130000001 -32.9896398),"['Fragata Sarmiento', 'Santiago']",2,Fragata Sarmiento; Santiago,-32.9896398,-60.66774130000001,55.0,538.0,Municipio Rosario,Municipio,Rosario,820210,Servicio de Catastro e Información Territorial,IGN
2015,5058,2015-07-30,Jueves,0.0,12:30:00,,0.0,2,"Moto/Ciclomotor,Pickup/Utilitario",Av. Corrientes Y Av. Uriburu,2,1,0,0,1,0,0,,S/D,,ROSARIO,Rosario,S/D,S/D,II,Dentro,Urbana,S/D,S/D,S/D,S/D,S/D,S/D,S/D,S/D,S/D,S/D,S/D,S/D,S/D,S/D,POINT (-60.653706549999995 -32.99091685),"['Corrientes', 'Uriburu']",2,Corrientes; Avenida José Uriburu,-32.99091685,-60.65370655,55.0,538.0,Municipio Rosario,Municipio,Rosario,820210,Servicio de Catastro e Información Territorial,IGN
2015,5059,2015-07-24,Viernes,0.0,18:00:00,,0.0,2,"Moto/Ciclomotor,Moto/Ciclomotor",Av. Uriburu Y Ayacucho,3,3,0,0,0,0,0,,Avenida,,ROSARIO,Rosario,Asfalto,No existe,II,Dentro,Urbana,Semáforo,Funciona,Intersección,S/D,Buena,Atardecer,S/D,Lateral,S/D,Colisión,S/D,S/D,"Cordón divisorio,Línea divisoria pintada",Sin restricción,POINT (-60.63691935000001 -32.990357849999995),"['Uriburu', 'Ayacucho']",2,Avenida José Uriburu; Ayacucho,-32.990357849999995,-60.63691935000001,55.0,538.0,Municipio Rosario,Municipio,Rosario,820210,Servicio de Catastro e Información Territorial,IGN
2015,5060,2015-07-29,Miercoles,0.0,18:45:00,,0.0,2,"Bicicleta,Automóvil",Dean Funes Y Maipu,2,1,0,0,1,0,0,,S/D,,ROSARIO,Rosario,Asfalto,No existe,II,Dentro,Urbana,Ninguna,No existe,Intersección,Bueno,Buena,"Atardecer,Con luz artificial",Buen Tiempo,S/D,S/D,Atropello,Ninguna,Faltante,Ninguna,Sin restricción,POINT (-60.6427558 -32.97615029999999),"['Deán Gregorio Funes', 'Maipú']",2,Deán Gregorio Funes; Maipú,-32.97615029999999,-60.6427558,55.0,538.0,Municipio Rosario,Municipio,Rosario,820210,Servicio de Catastro e Información Territorial,IGN
2015,5061,2015-07-06,Lunes,0.0,21:50:00,,0.0,1,Transporte de Pasajeros Urbano (> 8 asientos),Necochea 4300,2,1,0,0,1,0,0,,Calle,,ROSARIO,Rosario,Asfalto,No existe,II,Dentro,Urbana,Ninguna,No existe,Intersección,S/D,Buena,Nocturna,S/D,S/D,S/D,Caída ocupante,S/D,Vertical,Ninguna,Sin restricción,"-32.9894692, -60.6345168",['Necochea 4300'],1,Necochea 4300,-32.9894692,-60.6345168,55.0,538.0,Municipio Rosario,Municipio,Rosario,820210,Servicio de Catastro e Información Territorial,IGN
2015,5065,2015-07-29,Miercoles,0.0,16:00:00,,0.0,2,"Moto/Ciclomotor,Automóvil",Dean Funes Y Ayacucho,2,1,0,0,1,0,0,,S/D,,ROSARIO,Rosario,Asfalto,No existe,II,Dentro,Urbana,Ninguna,No existe,Intersección,Bueno,Buena,Diurna,Buen Tiempo,Lateral,S/D,Colisión,Ninguna,Faltante,Ninguna,Sin restricción,POINT (-60.6342614 -32.97766059999999),"['Deán Gregorio Funes', 'Ayacucho']",2,Deán Gregorio Funes; Ayacucho,-32.97766059999999,-60.6342614,55.0,538.0,Municipio Rosario,Municipio,Rosario,820210,Servicio de Catastro e Información Territorial,IGN
2015,5066,2015-07-25,Sabado,0.0,14:15:00,,0.0,2,"Moto/Ciclomotor,Automóvil",Necochea 3500,2,1,0,0,1,0,0,,Calle,,ROSARIO,Rosario,Asfalto,No existe,II,Dentro,Urbana,Ninguna,No existe,Intersección,Bueno,Buena,Diurna,Buen Tiempo,Lateral,S/D,Colisión,Ninguna,Faltante,Ninguna,Sin restricción,"-32.9806555, -60.6322332",['Necochea 3500'],1,Necochea 3500,-32.9806555,-60.6322332,55.0,538.0,Municipio Rosario,Municipio,Rosario,820210,Servicio de Catastro e Información Territorial,IGN
2015,5067,2015-07-16,Jueves,0.0,11:10:00,,0.0,2,"Automóvil,Peatón",Alberdi Y French,2,1,0,0,1,0,0,,Calle,,ROSARIO,Rosario,Asfalto,S/D,II,S/D,Urbana,S/D,S/D,Intersección,Bueno,S/D,Diurna,Buen Tiempo,S/D,S/D,Atropello,S/D,Vertical,Cordón divisorio,S/D,POINT (-60.68109575 -32.920867199999996),"['Alberdi', 'French']",2,Avenida Alberdi; Domingo French,-32.9208672,-60.68109575,55.0,538.0,Municipio Rosario,Municipio,Rosario,820210,Servicio de Catastro e Información Territorial,IGN
2015,5068,2015-07-03,Viernes,0.0,15:50:00,,0.0,2,"Moto/Ciclomotor,Automóvil",Bv. 27 De Febrero Y San Martin,2,1,0,0,1,0,0,,Avenida,,ROSARIO,Rosario,S/D,S/D,II,S/D,Urbana,S/D,S/D,Recta,S/D,S/D,Diurna,S/D,S/D,S/D,Caída ocupante,S/D,S/D,S/D,S/D,POINT (-60.642020650000006 -32.96785644999999),"['27 de Febrero', 'San Martin']",2,Bulevar 27 de Febrero; José de San Martín,-32.96785644999999,-60.642020650000006,55.0,538.0,Municipio Rosario,Municipio,Rosario,820210,Servicio de Catastro e Información Territorial,IGN
2015,5069,2015-07-03,Viernes,0.0,17:00:00,,0.0,2,"Bicicleta,Camión",Av. Uriburu Y Bv. Oroño,2,1,0,0,1,0,0,,S/D,,ROSARIO,Rosario,S/D,S/D,II,S/D,Urbana,S/D,S/D,Intersección,S/D,S/D,Diurna,S/D,S/D,S/D,Atropello,S/D,S/D,S/D,S/D,POINT (-60.665160500000006 -32.99123049999999),"['Uriburu', 'Bulevar Nicasio Oroño']",2,Avenida José Uriburu; Bulevar Nicasio Oroño,-32.99123049999999,-60.665160500000006,55.0,538.0,Municipio Rosario,Municipio,Rosario,820210,Servicio de Catastro e Información Territorial,IGN
2015,5070,2015-07-03,Viernes,0.0,18:30:00,,0.0,2,"Automóvil,Moto/Ciclomotor",Pte.Roca Y Gaboto,2,1,0,0,1,0,0,,S/D,,ROSARIO,Rosario,S/D,S/D,II,S/D,Urbana,S/D,S/D,Intersección,S/D,S/D,Atardecer,S/D,S/D,S/D,Colisión,S/D,S/D,S/D,S/D,POINT (-60.651887 -32.9721058),"['Roca', 'Gaboto']",2,Presidente Roca; Gaboto,-32.9721058,-60.651887,55.0,538.0,Municipio Rosario,Municipio,Rosario,820210,Servicio de Catastro e Información Territorial,IGN
2015,5071,2015-07-03,Viernes,0.0,23:00:00,,0.0,2,"Automóvil,Taxi/Remis",San Martin Y Saavedra,2,2,0,0,0,0,0,,Avenida,,ROSARIO,Rosario,Asfalto,S/D,II,S/D,Urbana,S/D,Intermitente,Intersección,S/D,Buena,"Nocturna,Con luz artificial",S/D,S/D,S/D,S/D,S/D,S/D,S/D,S/D,POINT (-60.64439204999999 -32.978251650000004),"['San Martin', 'Saavedra']",2,José de San Martín; Saavedra,-32.978251650000004,-60.64439204999999,55.0,538.0,Municipio Rosario,Municipio,Rosario,820210,Servicio de Catastro e Información Territorial,IGN
2015,5072,2015-07-06,Lunes,0.0,23:55:00,,0.0,1,Transporte de Pasajeros Urbano (> 8 asientos),Mitre Y Av. Uriburu,1,1,0,0,0,0,0,,Avenida,,ROSARIO,Rosario,Asfalto,S/D,II,S/D,Urbana,S/D,S/D,Cruce,S/D,S/D,Nocturna,S/D,S/D,S/D,Caída ocupante,S/D,S/D,S/D,S/D,POINT (-60.65080725 -32.9908231),"['Mitre', 'Uriburu']",2,Bartolomé Mitre; Avenida José Uriburu,-32.9908231,-60.65080725,55.0,538.0,Municipio Rosario,Municipio,Rosario,820210,Servicio de Catastro e Información Territorial,IGN
2015,5073,2015-07-13,Lunes,0.0,13:15:00,,0.0,2,"Moto/Ciclomotor,Automóvil",Bv. Segui Y Mariano Moreno,3,2,0,0,1,0,0,,Avenida,,ROSARIO,Rosario,S/D,S/D,II,Dentro,Urbana,S/D,S/D,S/D,S/D,S/D,Diurna,S/D,S/D,S/D,S/D,S/D,S/D,S/D,S/D,POINT (-60.658756600000004 -32.97685955),"['Bulevar Juan Francisco Seguí', 'Mariano Moreno']",2,Bulevar Juan Francisco Seguí; Mariano Moreno,-32.97685955,-60.6587566,55.0,538.0,Municipio Rosario,Municipio,Rosario,820210,Servicio de Catastro e Información Territorial,IGN
2015,5076,2015-07-10,Viernes,0.0,19:55:00,,0.0,2,"Automóvil,Moto/Ciclomotor",9 De Julio Y Pueyrredon,3,2,0,0,1,0,0,,Calle,,ROSARIO,Rosario,Hormigón,No existe,IX,Dentro,Urbana,Ninguna,No existe,Intersección,Bueno,Buena,Nocturna,Buen Tiempo,Frontal,S/D,Colisión,Ninguna,Vertical,Ninguna,Sin restricción,POINT (-60.65923800000001 -32.95042960000001),"['9 de Julio', 'Pueyrredón']",2,9 de Julio; Pueyrredón,-32.95042960000001,-60.65923800000001,55.0,538.0,Municipio Rosario,Municipio,Rosario,820210,Servicio de Catastro e Información Territorial,IGN
2015,5077,2015-07-10,Viernes,0.0,14:00:00,,0.0,2,"Moto/Ciclomotor,Ambulancia",Darragueira 800,2,1,0,0,1,0,0,,Calle,,ROSARIO,Rosario,Asfalto,No existe,II,Dentro,Urbana,Ninguna,No existe,Recta,Bueno,Buena,Diurna,Buen Tiempo,Frontal,S/D,Colisión,Ninguna,Faltante,Ninguna,Sin restricción,"-32.9070806, -60.6911472",['Darragueira 800'],1,Darragueira 800,-32.9070806,-60.6911472,55.0,538.0,Municipio Rosario,Municipio,Rosario,820210,Servicio de Catastro e Información Territorial,IGN
2015,5078,2015-07-18,Sabado,0.0,17:30:00,,0.0,2,"Automóvil,Moto/Ciclomotor",Av. Corrientes Y Biedma,4,1,2,0,1,0,0,,Calle,,ROSARIO,Rosario,S/D,S/D,II,S/D,Urbana,S/D,S/D,S/D,S/D,S/D,Diurna,S/D,S/D,S/D,S/D,S/D,S/D,S/D,S/D,POINT (-60.6511938 -32.9806414),"['Corrientes', 'Coronel Biedma']",2,Corrientes; Coronel Biedma,-32.9806414,-60.6511938,55.0,538.0,Municipio Rosario,Municipio,Rosario,820210,Servicio de Catastro e Información Territorial,IGN
2015,5079,2015-07-08,Miercoles,0.0,06:00:00,,0.0,2,"Automóvil,Moto/Ciclomotor",Bv. Rondeau Y Luis Vila,2,1,0,0,1,0,0,,Calle,,ROSARIO,Rosario,Asfalto,No existe,II,Dentro,Urbana,Ninguna,Funciona,Intersección,Bueno,Buena,Nocturna,Buen Tiempo,Frontal,S/D,Colisión,Ninguna,"Horizontal,Vertical",Cordón divisorio,Sin restricción,POINT (-60.691285475 -32.89816437499999),"['Rondeau', 'Doctor Vila']",2,Bulevar General José Rondeau; Doctor Vila,-32.89816437499999,-60.691285475,55.0,538.0,Municipio Rosario,Municipio,Rosario,820210,Servicio de Catastro e Información Territorial,IGN
2015,5080,2015-07-06,Lunes,0.0,22:00:00,,0.0,2,"Pickup/Utilitario,Moto/Ciclomotor",G.Carrasco Y Poeta Fontanarrosa,3,2,0,0,1,0,0,,Calle,,ROSARIO,Rosario,Asfalto,No existe,II,S/D,S/D,Ninguna,Funciona,Intersección,Bueno,Buena,Nocturna,Buen Tiempo,Frontal,S/D,Colisión,Ninguna,Horizontal,Ninguna,Sin restricción,POINT (-60.68865154999999 -32.87495215),"['Carrasco', 'Pasaje Poeta Fontanarrosa']",2,Omar Carrasco; Pasaje Poeta Fontanarrosa,-32.87495215,-60.68865154999999,55.0,538.0,Municipio Rosario,Municipio,Rosario,820210,Servicio de Catastro e Información Territorial,IGN
2015,5081,2015-07-14,Martes,0.0,,,0.0,2,"Moto/Ciclomotor,Moto/Ciclomotor",Flamarion Y Av. Uriburu,2,1,0,0,0,0,1,,Calle,,ROSARIO,Rosario,S/D,S/D,II,Dentro,Urbana,S/D,S/D,Intersección,S/D,S/D,S/D,S/D,S/D,S/D,S/D,S/D,S/D,S/D,S/D,POINT (-60.66255125 -32.991189549999994),"['Camilo Flammarion', 'Uriburu']",2,Camilo Flammarion; Avenida José Uriburu,-32.991189549999994,-60.66255125,55.0,538.0,Municipio Rosario,Municipio,Rosario,820210,Servicio de Catastro e Información Territorial,IGN
2015,5086,2015-07-18,Sabado,0.0,17:00:00,,0.0,1,Moto/Ciclomotor,Laprida Y Anchorena,4,2,0,0,2,0,0,,Calle,,ROSARIO,Rosario,Asfalto,No existe,II,Dentro,Urbana,Ninguna,No existe,Intersección,Bueno,Buena,Diurna,Buen Tiempo,Lateral,S/D,Colisión,S/D,S/D,Ninguna,Sin restricción,POINT (-60.647173900000006 -32.9977416),"['Laprida', 'Anchorena']",2,Francisco Narciso Laprida; Tomás de Anchorena,-32.9977416,-60.647173900000006,55.0,538.0,Municipio Rosario,Municipio,Rosario,820210,Servicio de Catastro e Información Territorial,IGN
2015,5091,2015-07-16,Jueves,0.0,23:30:00,,0.0,2,"Moto/Ciclomotor,Automóvil",Darragueira Y Av. Sorrento,3,2,0,0,0,0,1,,Avenida,,ROSARIO,Rosario,Asfalto,No existe,II,Dentro,Urbana,Ninguna,Funciona,Intersección,Bueno,Buena,Nocturna,Buen Tiempo,Frontal,S/D,Colisión,Ninguna,Vertical,Ninguna,Sin restricción,POINT (-60.6912309 -32.90718600000001),"['José Darragueira', 'Sorrento']",2,José Darragueira; Avenida Sorrento,-32.90718600000001,-60.6912309,55.0,538.0,Municipio Rosario,Municipio,Rosario,820210,Servicio de Catastro e Información Territorial,IGN