anio_acci,nro_acci,fecha,desc_dia,fecha_aprox,hora_aprox,desc_ruta,km,cant_participantes,desc_participante,calle_avenida_km,total,heridos_leves,heridos_graves,heridos_gravisimos,ilesos,fallecidos,sin_datos,posicion_XY,desc_tipo_via,desc_ruta_ori,desc_loc,desc_dpto,desc_tipo_calzada,desc_tipo_banquina,desc_unidad_regional,desc_lugar_calzada,desc_zona,desc_prioridad,desc_estado_semaforo,desc_lugar_via,desc_estado_via,desc_estado_visibilidad,desc_luminosidad,desc_estado_clima,desc_tipo_colision,desc_tipo_atropello,desc_tipo_hecho,desc_pres_calzada,desc_senializacion,desc_separacion_via,desc_restriccion,forma_geocod,calle_lista,numero_calles,calles_osm,lat,lon,index_right,gid,fna,gna,nam,in1,fdc,sag
2015,5092,2015-07-17,Viernes,0.0,13:00:00,,0.0,2,"Moto/Ciclomotor,Automóvil",Washington Y Zelaya,2,1,0,0,1,0,0,,Calle,,ROSARIO,Rosario,Asfalto,No existe,II,Dentro,Urbana,Ninguna,No existe,Intersección,Bueno,Buena,Diurna,Buen Tiempo,Frontal,S/D,Colisión,Ninguna,Vertical,Ninguna,Sin restricción,POINT (-60.693950400000006 -32.90199580000001),"['Washington', 'Zelaya']",2,Washington; Zelaya,-32.90199580000001,-60.693950400000006,55.0,538.0,Municipio Rosario,Municipio,Rosario,820210,Servicio de Catastro e Información Territorial,IGN
2015,5093,2015-07-18,Sabado,0.0,21:06:00,,0.0,1,Automóvil,Bv. Rondeau Y Mina Clavero,1,1,0,0,0,0,0,,Avenida,,ROSARIO,Rosario,Asfalto,No existe,II,Dentro,Urbana,Ninguna,No existe,Recta,Bueno,Buena,Nocturna,Otro,Contra objeto fijo,S/D,Colisión,Ninguna,Faltante,Ninguna,Sin restricción,POINT (-60.69578370000001 -32.883919199999994),"['Rondeau', 'Mina Clavero']",2,Bulevar General José Rondeau; Mina Clavero,-32.883919199999994,-60.69578370000001,55.0,538.0,Municipio Rosario,Municipio,Rosario,820210,Servicio de Catastro e Información Territorial,IGN
2015,5097,2015-07-04,Sabado,0.0,12:30:00,,0.0,2,"Automóvil,Automóvil",Bv. Rondeau Y Matheu,2,1,0,0,1,0,0,,S/D,,ROSARIO,Rosario,Asfalto,No existe,II,S/D,S/D,Ninguna,Funciona,Intersección,Bueno,Buena,Diurna,Otro,Frontal,S/D,Colisión,Ninguna,Faltante,Cordón divisorio,Sin restricción,POINT (-60.694274275000005 -32.888422175),"['Rondeau', 'Matheu']",2,Bulevar General José Rondeau; Domingo Matheu,-32.888422175,-60.694274275000005,55.0,538.0,Municipio Rosario,Municipio,Rosario,820210,Servicio de Catastro e Información Territorial,IGN
2015,5106,2015-07-01,Miercoles,0.0,21:30:00,,0.0,2,"Pickup/Utilitario,Moto/Ciclomotor",Av. Sorrento Y Av. Provincias Unidas,2,1,0,0,1,0,0,,Avenida,,ROSARIO,Rosario,Asfalto,No existe,II,S/D,Urbana,Señal Ceda el Paso,No existe,Curva,Bueno,Buena,Nocturna,Buen Tiempo,Lateral,S/D,Colisión,S/D,Vertical,Ninguna,Sin restricción,POINT (-60.714102249999996 -32.9083328),"['Sorrento', 'Avenida Provincias Unidas']",2,Avenida Sorrento; Avenida Provincias Unidas,-32.9083328,-60.71410225,55.0,538.0,Municipio Rosario,Municipio,Rosario,820210,Servicio de Catastro e Información Territorial,IGN
2015,5125,2015-07-10,Viernes,0.0,15:40:00,,0.0,2,"Taxi/Remis,Moto/Ciclomotor",J.J.Paso Y Roullon,2,1,0,0,1,0,0,,Calle,,ROSARIO,Rosario,Asfalto,S/D,II,S/D,S/D,Semáforo,S/D,Recta,Bueno,Buena,Diurna,Buen Tiempo,De alcance,S/D,Colisión,S/D,Vertical,Ninguna,Sin restricción,POINT (-60.7030661 -32.919940499999996),"['Paso', 'Alfredo Rouillón']",2,"('Avenida Juan José Paso', 'Alfredo Rouillón')",-32.9199405,-60.7030661,55.0,538.0,Municipio Rosario,Municipio,Rosario,820210,Servicio de Catastro e Información Territorial,IGN
2015,5133,2015-07-17,Viernes,0.0,19:45:00,,0.0,2,"Moto/Ciclomotor,Peatón",Barra Y J.J.Paso,3,2,0,0,1,0,0,,Calle,,ROSARIO,Rosario,Asfalto,S/D,II,S/D,Urbana,Ninguna,S/D,Recta,Bueno,S/D,Nocturna,Buen Tiempo,S/D,S/D,Atropello,Otro,Vertical,Ninguna,Sin restricción,POINT (-60.7077707 -32.9200795),"['Barra', 'Paso']",2,Barraco; Avenida Juan José Paso,-32.9200795,-60.7077707,55.0,538.0,Municipio Rosario,Municipio,Rosario,820210,Servicio de Catastro e Información Territorial,IGN
2015,5135,2015-05-17,Domingo,0.0,14:00:00,,0.0,2,"Moto/Ciclomotor,Automóvil",Crespo Y Ituzaingo,3,2,0,0,1,0,0,,Calle,,ROSARIO,Rosario,Asfalto,No existe,II,Dentro,Urbana,S/D,No existe,Intersección,Bueno,Buena,Diurna,Buen Tiempo,Lateral,S/D,Colisión,Ninguna,Faltante,Ninguna,Sin restricción,POINT (-60.671847899999996 -32.955332399999996),"['Crespo', 'Ituzaingó']",2,Crespo; Ituzaingó,-32.9553324,-60.6718479,55.0,538.0,Municipio Rosario,Municipio,Rosario,820210,Servicio de Catastro e Información Territorial,IGN
2015,5140,2015-07-06,Lunes,0.0,16:30:00,,0.0,2,"Automóvil,Moto/Ciclomotor",Laprida Y Dean Funes,3,2,0,0,1,0,0,,Calle,,ROSARIO,Rosario,Asfalto,No existe,II,Dentro,Urbana,Ninguna,No existe,Intersección,Bueno,Buena,Diurna,Buen Tiempo,De alcance,S/D,Colisión,Ninguna,Faltante,Ninguna,Sin restricción,POINT (-60.6415715 -32.9763678),"['Laprida', 'Deán Gregorio Funes']",2,Francisco Narciso Laprida; Deán Gregorio Funes,-32.9763678,-60.6415715,55.0,538.0,Municipio Rosario,Municipio,Rosario,820210,Servicio de Catastro e Información Territorial,IGN
2015,5141,2015-07-02,Jueves,0.0,20:15:00,,0.0,2,"Moto/Ciclomotor,Automóvil",1 de Mayo Y Amenabar,2,1,0,0,1,0,0,,Calle,,ROSARIO,Rosario,Asfalto,No existe,II,Dentro,Urbana,Ninguna,No existe,Recta,Bueno,Buena,"Nocturna,Con luz artificial",Buen Tiempo,De alcance,S/D,Colisión,Ninguna,Faltante,Ninguna,Sin restricción,POINT (-60.636153699999994 -32.9737473),"['Primero de Mayo', 'Amenabar']",2,Primero de Mayo; José de Amenábar,-32.9737473,-60.6361537,55.0,538.0,Municipio Rosario,Municipio,Rosario,820210,Servicio de Catastro e Información Territorial,IGN
2015,5143,2015-07-26,Domingo,0.0,11:25:00,,0.0,2,"Moto/Ciclomotor,Pickup/Utilitario",Mitre Y Pasco,3,2,0,0,1,0,0,,Calle,,ROSARIO,Rosario,Asfalto,S/D,II,Dentro,Urbana,S/D,S/D,Intersección,Bueno,Buena,Diurna,Buen Tiempo,Lateral,S/D,Colisión,S/D,S/D,S/D,S/D,POINT (-60.6428728 -32.95932040000001),"['Mitre', 'Pasco']",2,Bartolomé Mitre; Pasco,-32.95932040000001,-60.6428728,55.0,538.0,Municipio Rosario,Municipio,Rosario,820210,Servicio de Catastro e Información Territorial,IGN
2015,5145,2015-07-10,Viernes,0.0,20:15:00,,0.0,2,"Automóvil,Automóvil",J.J.Paso Y Av. Circunvalacion,5,5,0,0,0,0,0,,Avenida,,ROSARIO,Rosario,Asfalto,S/D,II,Dentro,Urbana,S/D,S/D,Curva,S/D,S/D,Diurna,Buen Tiempo,De alcance,S/D,Colisión,S/D,Vertical,S/D,S/D,POINT (-60.723727529563504 -32.92055900258327),"['Paso', 'Circunvalacion']",2,Avenida Juan José Paso; Avenida de Circunvalación 25 de Mayo,-32.92055900258327,-60.723727529563504,55.0,538.0,Municipio Rosario,Municipio,Rosario,820210,Servicio de Catastro e Información Territorial,IGN
2015,5146,2015-07-05,Domingo,0.0,11:40:00,,0.0,2,"Automóvil,Moto/Ciclomotor",Tte.Agneta Y French,3,1,0,0,0,0,2,,S/D,,ROSARIO,Rosario,Asfalto,No existe,II,S/D,Urbana,Ninguna,No existe,Recta,Bueno,Buena,Diurna,Buen Tiempo,De alcance,S/D,Colisión,Otro,Faltante,Ninguna,Sin restricción,POINT (-60.7005591 -32.92144480000001),"['Teniente Agneta', 'French']",2,Teniente Agneta; Domingo French,-32.92144480000001,-60.7005591,55.0,538.0,Municipio Rosario,Municipio,Rosario,820210,Servicio de Catastro e Información Territorial,IGN
2015,5148,2015-07-09,Jueves,0.0,20:50:00,,0.0,2,"Automóvil,Moto/Ciclomotor",J.J.Paso Y P.L.Funes,3,2,0,0,1,0,0,,Calle,,ROSARIO,Rosario,Asfalto,No existe,II,Dentro,Urbana,Ninguna,No existe,Recta,Bueno,Buena,Nocturna,Buen Tiempo,De alcance,S/D,Colisión,S/D,Faltante,Ninguna,Sin restricción,POINT (-60.7019811 -32.9199072),"['Paso', 'Funes']",2,Avenida Juan José Paso; Deán Gregorio Funes,-32.9199072,-60.7019811,55.0,538.0,Municipio Rosario,Municipio,Rosario,820210,Servicio de Catastro e Información Territorial,IGN
2015,5149,2015-07-01,Miercoles,0.0,15:55:00,,0.0,2,"Automóvil,Moto/Ciclomotor",ND ,2,1,0,0,1,0,0,,Calle,,ROSARIO,Rosario,Asfalto,No existe,II,S/D,Urbana,Ninguna,No existe,Recta,Bueno,Buena,Diurna,Buen Tiempo,De alcance,S/D,Colisión,S/D,Faltante,Ninguna,Sin restricción,"-32.9593609, -60.6617024",['Nd'],1,Nd,-32.9593609,-60.6617024,55.0,538.0,Municipio Rosario,Municipio,Rosario,820210,Servicio de Catastro e Información Territorial,IGN
2015,5151,2015-07-09,Jueves,0.0,23:30:00,,0.0,2,"Moto/Ciclomotor,Automóvil",Av. Luis Carballo Y Mar del Plata,2,0,0,0,0,0,2,,Calle,,ROSARIO,Rosario,S/D,S/D,II,S/D,Urbana,S/D,S/D,Intersección,S/D,S/D,Nocturna,S/D,S/D,S/D,Colisión,S/D,S/D,S/D,S/D,POINT (-60.68210305000001 -32.92223235),"['Avenida Doctor Luis Cándido Carballo', 'Mar del Plata']",2,Avenida Doctor Luis Cándido Carballo; Mar del Plata,-32.92223235,-60.68210305000001,55.0,538.0,Municipio Rosario,Municipio,Rosario,820210,Servicio de Catastro e Información Territorial,IGN
2015,5152,2015-07-25,Sabado,0.0,13:00:00,,0.0,2,"Taxi/Remis,Automóvil",Mitre Y Cerrito,5,2,0,0,1,0,2,,S/D,,ROSARIO,Rosario,Asfalto,S/D,II,S/D,S/D,S/D,S/D,Intersección,Bueno,Buena,Diurna,Buen Tiempo,Lateral,S/D,Colisión,S/D,S/D,S/D,S/D,POINT (-60.6434414 -32.96161829999999),"['Mitre', 'Cerrito']",2,Bartolomé Mitre; Cerrito,-32.96161829999999,-60.6434414,55.0,538.0,Municipio Rosario,Municipio,Rosario,820210,Servicio de Catastro e Información Territorial,IGN
2015,5153,2015-07-13,Lunes,0.0,17:15:00,,0.0,2,"Automóvil,Automóvil",Pje. Polonia Y Iguazu,4,1,0,0,0,0,3,,Calle,,ROSARIO,Rosario,S/D,S/D,II,S/D,Urbana,S/D,S/D,Intersección,S/D,S/D,Diurna,S/D,S/D,S/D,Colisión,S/D,S/D,S/D,S/D,POINT (-60.6860301 -32.9262721),"['Polonia', 'Iguazu']",2,Polonia; Iguazú,-32.9262721,-60.6860301,55.0,538.0,Municipio Rosario,Municipio,Rosario,820210,Servicio de Catastro e Información Territorial,IGN
2015,5154,2015-07-24,Viernes,0.0,18:00:00,,0.0,2,"Moto/Ciclomotor,Vehículo Oficial",Bv. Oroño Y Bv. 27 De Febrero,3,1,0,0,2,0,0,,Avenida,,ROSARIO,Rosario,Asfalto,S/D,II,S/D,Urbana,Semáforo,S/D,Intersección,Bueno,Buena,Atardecer,Buen Tiempo,Lateral,S/D,Colisión,S/D,Vertical,Cordón divisorio,S/D,POINT (-60.658642825 -32.964892400000004),"['Bulevar Nicasio Oroño', '27 de Febrero']",2,Bulevar Nicasio Oroño; Bulevar 27 de Febrero,-32.964892400000004,-60.658642825,55.0,538.0,Municipio Rosario,Municipio,Rosario,820210,Servicio de Catastro e Información Territorial,IGN
2015,5156,2015-07-04,Sabado,0.0,13:20:00,,0.0,2,"Automóvil,Automóvil",Urquiza Y Constitucion,2,1,0,0,1,0,0,,Calle,,ROSARIO,Rosario,Asfalto,No existe,II,S/D,Urbana,Ninguna,No existe,Recta,Bueno,Buena,Diurna,Buen Tiempo,Otro,S/D,Colisión,Otro,Faltante,Ninguna,Sin restricción,POINT (-60.6728168 -32.93660800000001),"['Urquiza', 'Constitución']",2,Justo José de Urquiza; Constitución,-32.93660800000001,-60.6728168,55.0,538.0,Municipio Rosario,Municipio,Rosario,820210,Servicio de Catastro e Información Territorial,IGN
2015,5158,2015-07-06,Lunes,0.0,10:30:00,,0.0,2,"Moto/Ciclomotor,Automóvil",Av. Del Valle Y Av. Ovidio Lagos,2,1,0,0,1,0,0,,Calle,,ROSARIO,Rosario,Asfalto,No existe,II,Dentro,Urbana,Semáforo,Funciona,Recta,Bueno,Buena,Diurna,Buen Tiempo,Otro,S/D,Colisión,S/D,Vertical,Línea divisoria pintada,Sin restricción,POINT (-60.65863300000001 -32.9310287),"['Del Valle', 'Avenida Ovidio Lagos']",2,Avenida Aristóbulo del Valle; Avenida Ovidio Lagos,-32.9310287,-60.65863300000001,55.0,538.0,Municipio Rosario,Municipio,Rosario,820210,Servicio de Catastro e Información Territorial,IGN
2015,5159,2015-07-23,Jueves,0.0,16:50:00,,0.0,2,"Bicicleta,Automóvil",Bv. Oroño Y Cochabamba,2,1,0,0,1,0,0,,Avenida,,ROSARIO,Rosario,Asfalto,S/D,II,Dentro,Urbana,Señal Pare,No existe,Rotonda,Bueno,Buena,Diurna,Buen Tiempo,S/D,S/D,Atropello,S/D,Vertical,Línea divisoria pintada,S/D,POINT (-60.656339 -32.9556154),"['Bulevar Nicasio Oroño', 'Cochabamba']",2,Bulevar Nicasio Oroño; Cochabamba,-32.9556154,-60.656339,55.0,538.0,Municipio Rosario,Municipio,Rosario,820210,Servicio de Catastro e Información Territorial,IGN
2015,5160,2015-07-12,Domingo,0.0,08:50:00,,0.0,2,"Automóvil,Ambulancia",Urquiza Y Castellanos,3,1,0,0,2,0,0,,Calle,,ROSARIO,Rosario,Asfalto,No existe,II,S/D,Urbana,Ninguna,No existe,Recta,Bueno,S/D,Diurna,Buen Tiempo,Otro,S/D,Colisión,Otro,Vertical,Ninguna,Sin restricción,POINT (-60.6741775 -32.9363611),"['Urquiza', 'Aaron Castellanos']",2,Justo José de Urquiza; Aaron Castellanos,-32.9363611,-60.6741775,55.0,538.0,Municipio Rosario,Municipio,Rosario,820210,Servicio de Catastro e Información Territorial,IGN
2015,5161,2015-07-14,Martes,0.0,16:45:00,,0.0,2,"Moto/Ciclomotor,Pickup/Utilitario",Tucuman Y Rodriguez,3,1,0,0,2,0,0,,Calle,,ROSARIO,Rosario,Asfalto,Ripio,II,S/D,Urbana,Ninguna,No existe,Recta,Bueno,Buena,Diurna,Buen Tiempo,Otro,S/D,Colisión,Otro,Faltante,Ninguna,Sin restricción,POINT (-60.657529999999994 -32.938129299999986),"['Tucumán', 'Rodríguez']",2,Tucumán; Rodríguez de Escobedo,-32.938129299999986,-60.65753,55.0,538.0,Municipio Rosario,Municipio,Rosario,820210,Servicio de Catastro e Información Territorial,IGN
2015,5163,2015-07-24,Viernes,0.0,14:00:00,,0.0,2,"Automóvil,Moto/Ciclomotor",Italia Y Ituzaingo,2,1,0,0,1,0,0,,Calle,,ROSARIO,Rosario,Asfalto,S/D,II,Dentro,Urbana,S/D,S/D,Intersección,Bueno,Buena,Diurna,Buen Tiempo,Lateral,S/D,Colisión,S/D,S/D,S/D,S/D,POINT (-60.6514654 -32.95899740000001),"['Italia', 'Ituzaingó']",2,Italia; Ituzaingó,-32.95899740000001,-60.6514654,55.0,538.0,Municipio Rosario,Municipio,Rosario,820210,Servicio de Catastro e Información Territorial,IGN
2015,5164,2015-07-20,Lunes,0.0,05:30:00,,0.0,2,"Automóvil,Automóvil",Rivadavia Y Pueyrredon,2,1,0,0,1,0,0,,Calle,,ROSARIO,Rosario,Asfalto,No existe,II,S/D,Urbana,Semáforo,Funciona,Recta,Bueno,Buena,Diurna,Buen Tiempo,Otro,S/D,Colisión,Otro,Vertical,Ninguna,Sin restricción,POINT (-60.6544373 -32.9313581),"['Rivadavia', 'Pueyrredón']",2,"('Avenida Bernardino Rivadavia', 'Pueyrredón')",-32.9313581,-60.6544373,55.0,538.0,Municipio Rosario,Municipio,Rosario,820210,Servicio de Catastro e Información Territorial,IGN
2015,5165,2015-07-23,Jueves,0.0,09:10:00,,0.0,1,Transporte de Pasajeros Urbano (> 8 asientos),Av. Pellegrini 1600,12,12,0,0,0,0,0,,Avenida,,ROSARIO,Rosario,Asfalto,S/D,II,Dentro,Urbana,Semáforo,Funciona,Recta,Bueno,Buena,Diurna,Buen Tiempo,Contra objeto fijo,S/D,Colisión,S/D,Vertical,Cordón divisorio,S/D,"-32.9559648, -60.6476727",['Pellegrini 1600'],1,Pellegrini 1600,-32.9559648,-60.6476727,55.0,538.0,Municipio Rosario,Municipio,Rosario,820210,Servicio de Catastro e Información Territorial,IGN
2015,5166,2015-07-22,Miercoles,0.0,16:00:00,,0.0,2,"Bicicleta,Automóvil",Muniagurria ,2,1,0,0,0,0,1,,Calle,,ROSARIO,Rosario,S/D,S/D,II,Dentro,Urbana,S/D,S/D,Recta,S/D,Buena,Diurna,S/D,S/D,S/D,Atropello,S/D,S/D,S/D,S/D,"-32.9270837, -60.7333787",['Muniagurría'],1,Muniagurría,-32.9270837,-60.7333787,55.0,538.0,Municipio Rosario,Municipio,Rosario,820210,Servicio de Catastro e Información Territorial,IGN
2015,5167,2015-07-23,Jueves,0.0,09:37:00,,0.0,2,"Moto/Ciclomotor,Pickup/Utilitario",San Nicolas Y Salta,2,1,0,0,1,0,0,,Calle,,ROSARIO,Rosario,Asfalto,No existe,II,S/D,Urbana,Semáforo,Funciona,Recta,Bueno,Buena,Diurna,Buen Tiempo,Otro,S/D,Colisión,Otro,Vertical,Ninguna,Sin restricción,POINT (-60.6706038 -32.93335209999999),"['San Nicolás', 'Salta']",2,San Nicolás; Salta,-32.93335209999999,-60.6706038,55.0,538.0,Municipio Rosario,Municipio,Rosario,820210,Servicio de Catastro e Información Territorial,IGN
2015,5168,2015-07-23,Jueves,0.0,18:50:00,,0.0,2,"Automóvil,Moto/Ciclomotor",San Nicolas Y Salta,2,1,0,0,1,0,0,,Calle,,ROSARIO,Rosario,Asfalto,No existe,II,Dentro,Urbana,Semáforo,Funciona,Recta,Otro,Buena,Diurna,Buen Tiempo,Otro,S/D,Colisión,Otro,Horizontal,Ninguna,Sin restricción,POINT (-60.6706038 -32.93335209999999),"['San Nicolás', 'Salta']",2,San Nicolás; Salta,-32.93335209999999,-60.6706038,55.0,538.0,Municipio Rosario,Municipio,Rosario,820210,Servicio de Catastro e Información Territorial,IGN
2015,5169,2015-07-28,Martes,0.0,09:45:00,,0.0,2,"Automóvil,Automóvil",Crespo Y Urquiza,3,1,0,0,2,0,0,,Calle,,ROSARIO,Rosario,Asfalto,No existe,II,S/D,Urbana,Ninguna,No existe,Recta,Bueno,Buena,Diurna,Buen Tiempo,Otro,S/D,Colisión,Otro,Faltante,Ninguna,Sin restricción,POINT (-60.6674008 -32.9375907),"['Crespo', 'Urquiza']",2,Crespo; Justo José de Urquiza,-32.9375907,-60.6674008,55.0,538.0,Municipio Rosario,Municipio,Rosario,820210,Servicio de Catastro e Información Territorial,IGN
2015,5170,2015-07-26,Domingo,0.0,07:30:00,,0.0,2,"Moto/Ciclomotor,Automóvil",Av. Alberdi Bis Y Albert Sabin,2,1,0,0,1,0,0,,Avenida,,ROSARIO,Rosario,Asfalto,S/D,II,Dentro,Urbana,S/D,S/D,Intersección,S/D,Buena,Amanecer,S/D,Lateral,S/D,Colisión,S/D,S/D,S/D,S/D,POINT (-60.67368635 -32.93013245),"['Alberdi', 'Avenida Travesía Albert Sabin']",2,Avenida Alberdi; Avenida Travesía Albert Sabin,-32.93013245,-60.67368635,55.0,538.0,Municipio Rosario,Municipio,Rosario,820210,Servicio de Catastro e Información Territorial,IGN
2015,5171,2015-07-31,Viernes,0.0,11:15:00,,0.0,2,"Automóvil,Moto/Ciclomotor",San Lorenzo Y Vera Mujica,2,1,0,0,1,0,0,,Calle,,ROSARIO,Rosario,S/D,No existe,II,S/D,Urbana,Ninguna,No existe,Recta,Otro,Buena,Diurna,Buen Tiempo,Otro,S/D,Colisión,Otro,Faltante,Ninguna,Sin restricción,POINT (-60.6663154 -32.938987100000006),"['San Lorenzo', 'Vera Mujíca']",2,San Lorenzo; Vera Mujíca,-32.938987100000006,-60.6663154,55.0,538.0,Municipio Rosario,Municipio,Rosario,820210,Servicio de Catastro e Información Territorial,IGN
2015,5172,2015-07-23,Jueves,0.0,18:00:00,,0.0,3,"Taxi/Remis,Automóvil,Automóvil",Albert Sabin Y Bv. Avellaneda,3,2,0,0,1,0,0,,Avenida,,ROSARIO,Rosario,Asfalto,S/D,II,Dentro,Urbana,S/D,S/D,Intersección,S/D,Buena,Diurna,S/D,Lateral,S/D,Colisión,S/D,S/D,S/D,S/D,POINT (-60.67658666 -32.9288765),"['Avenida Travesía Albert Sabin', 'Avellaneda']",2,Avenida Travesía Albert Sabin; Bulevar Nicolás Avellaneda,-32.9288765,-60.67658666,55.0,538.0,Municipio Rosario,Municipio,Rosario,820210,Servicio de Catastro e Información Territorial,IGN
2015,5173,2015-07-21,Martes,0.0,13:00:00,,0.0,2,"Moto/Ciclomotor,Automóvil",Bv. Oroño Y Av. Pellegrini,2,1,0,0,1,0,0,,Avenida,,ROSARIO,Rosario,Asfalto,No existe,II,Dentro,Urbana,Semáforo,Funciona,Rotonda,Bueno,Buena,Diurna,Buen Tiempo,Lateral,S/D,Colisión,S/D,Vertical,Línea divisoria pintada,S/D,POINT (-60.656023850000004 -32.95457175),"['Bulevar Nicasio Oroño', 'Pellegrini']",2,Bulevar Nicasio Oroño; Avenida Carlos Pellegrini,-32.95457175,-60.65602385,55.0,538.0,Municipio Rosario,Municipio,Rosario,820210,Servicio de Catastro e Información Territorial,IGN
2015,5174,2015-07-20,Lunes,0.0,,,0.0,1,Moto/Ciclomotor,Av. Circunvalacion Y Av. Sorrento,2,0,2,0,0,0,0,,Avenida,,ROSARIO,Rosario,S/D,S/D,II,Dentro,Urbana,S/D,S/D,Intersección,S/D,S/D,S/D,S/D,Lateral,S/D,Colisión,S/D,S/D,S/D,S/D,POINT (-60.72270983333334 -32.90836276666667),"['Circunvalacion', 'Sorrento']",2,"('Juan Pablo II', 'Avenida Sorrento')",-32.90836276666667,-60.72270983333334,55.0,538.0,Municipio Rosario,Municipio,Rosario,820210,Servicio de Catastro e Información Territorial,IGN
2015,5175,2015-07-11,Sabado,0.0,08:50:00,,0.0,2,"Moto/Ciclomotor,Automóvil",Av. Sorrento Y Av. Circunvalacion,2,1,0,0,1,0,0,,Avenida,,ROSARIO,Rosario,Asfalto,S/D,II,Dentro,Urbana,Semáforo,Funciona,Intersección,Bueno,S/D,Diurna,Buen Tiempo,Lateral,S/D,Colisión,S/D,Vertical,Ninguna,Sin restricción,POINT (-60.72270983333334 -32.90836276666666),"['Sorrento', 'Circunvalacion']",2,"('Avenida Sorrento', 'Juan Pablo II')",-32.90836276666666,-60.72270983333334,55.0,538.0,Municipio Rosario,Municipio,Rosario,820210,Servicio de Catastro e Información Territorial,IGN
2015,5177,2015-07-22,Miercoles,0.0,08:35:00,,0.0,2,"Automóvil,Automóvil",Av. Luis Carballo Y Rawson Bis,2,1,0,0,1,0,0,,Calle,,ROSARIO,Rosario,Asfalto,S/D,II,Dentro,Urbana,S/D,S/D,Intersección,S/D,S/D,Diurna,S/D,Lateral,S/D,Colisión,S/D,S/D,S/D,S/D,POINT (-60.66940076666666 -32.92182163333333),"['Avenida Doctor Luis Cándido Carballo', 'Rawson']",2,Avenida Doctor Luis Cándido Carballo; Rawson,-32.92182163333333,-60.66940076666666,55.0,538.0,Municipio Rosario,Municipio,Rosario,820210,Servicio de Catastro e Información Territorial,IGN
2015,5178,2015-07-13,Lunes,0.0,07:30:00,,0.0,2,"Automóvil,Camión",J.J.Paso ,2,1,0,0,1,0,0,,Calle,,ROSARIO,Rosario,Asfalto,No existe,II,Dentro,Urbana,Semáforo,Funciona,Recta,S/D,Buena,Diurna,Buen Tiempo,Lateral,S/D,Colisión,S/D,Vertical,Ninguna,Sin restricción,"-32.9199072, -60.7019811",['Juan José Paso'],1,Juan José Paso,-32.9199072,-60.7019811,55.0,538.0,Municipio Rosario,Municipio,Rosario,820210,Servicio de Catastro e Información Territorial,IGN
2015,5179,2015-07-15,Miercoles,0.0,21:45:00,,0.0,2,"Automóvil,Moto/Ciclomotor",Sarmiento ,3,2,0,0,1,0,0,,Calle,,ROSARIO,Rosario,Asfalto,No existe,II,Dentro,Urbana,Ninguna,Funciona,Recta,Bueno,Buena,Nocturna,Buen Tiempo,De alcance,S/D,Colisión,S/D,Vertical,Barrera de hormigón,Sin restricción,"-32.9064347, -60.68773",['Sarmiento'],1,Sarmiento,-32.9064347,-60.68773,55.0,538.0,Municipio Rosario,Municipio,Rosario,820210,Servicio de Catastro e Información Territorial,IGN
2015,5180,2015-03-17,Martes,0.0,09:00:00,,0.0,2,"Automóvil,Automóvil",Italia Y Uruguay,4,3,0,0,1,0,0,,Calle,,ROSARIO,Rosario,Asfalto,No existe,II,Dentro,Urbana,Ninguna,No existe,Intersección,Bueno,Buena,Diurna,Buen Tiempo,Lateral,S/D,Colisión,S/D,Faltante,S/D,Sin restricción,POINT (-60.6555142 -32.975070099999996),"['Italia', 'Uruguay']",2,Italia; Uruguay,-32.9750701,-60.6555142,55.0,538.0,Municipio Rosario,Municipio,Rosario,820210,Servicio de Catastro e Información Territorial,IGN
2015,5181,2015-07-20,Lunes,0.0,16:00:00,,0.0,2,"Moto/Ciclomotor,Automóvil",Av. Pellegrini Y Pueyrredon,2,1,0,0,1,0,0,,Avenida,,ROSARIO,Rosario,Asfalto,S/D,II,Dentro,Urbana,Semáforo,Funciona,Intersección,Bueno,Buena,Diurna,Buen Tiempo,Lateral,S/D,Colisión,S/D,Vertical,S/D,S/D,POINT (-60.66011240000001 -32.95378149999999),"['Pellegrini', 'Pueyrredón']",2,Avenida Carlos Pellegrini; Pueyrredón,-32.95378149999999,-60.66011240000001,55.0,538.0,Municipio Rosario,Municipio,Rosario,820210,Servicio de Catastro e Información Territorial,IGN
2015,5182,2015-07-19,Domingo,0.0,11:00:00,,0.0,2,"Bicicleta,Automóvil",La Paz Y Sarmiento,2,1,0,0,1,0,0,,Calle,,ROSARIO,Rosario,Asfalto,No existe,II,S/D,Urbana,S/D,S/D,Recta,Bueno,Buena,Diurna,Buen Tiempo,Contra objeto fijo,S/D,Otro,S/D,S/D,S/D,S/D,POINT (-60.64260529999999 -32.96417459999999),"['La Paz', 'Sarmiento']",2,La Paz; Sarmiento,-32.96417459999999,-60.64260529999999,55.0,538.0,Municipio Rosario,Municipio,Rosario,820210,Servicio de Catastro e Información Territorial,IGN