anio_acci,nro_acci,fecha,desc_dia,fecha_aprox,hora_aprox,desc_ruta,km,cant_participantes,desc_participante,calle_avenida_km,total,heridos_leves,heridos_graves,heridos_gravisimos,ilesos,fallecidos,sin_datos,posicion_XY,desc_tipo_via,desc_ruta_ori,desc_loc,desc_dpto,desc_tipo_calzada,desc_tipo_banquina,desc_unidad_regional,desc_lugar_calzada,desc_zona,desc_prioridad,desc_estado_semaforo,desc_lugar_via,desc_estado_via,desc_estado_visibilidad,desc_luminosidad,desc_estado_clima,desc_tipo_colision,desc_tipo_atropello,desc_tipo_hecho,desc_pres_calzada,desc_senializacion,desc_separacion_via,desc_restriccion,forma_geocod,calle_lista,numero_calles,calles_osm,lat,lon,index_right,gid,fna,gna,nam,in1,fdc,sag
2015,5184,2015-07-29,Miercoles,0.0,21:00:00,,0.0,2,"Automóvil,Automóvil",Colon Y Dean Funes,3,2,0,0,1,0,0,,Calle,,ROSARIO,Rosario,Asfalto,No existe,II,Dentro,Urbana,Ninguna,No existe,Intersección,Bueno,Buena,"Nocturna,Con luz artificial",Buen Tiempo,Lateral,S/D,Colisión,Ninguna,Faltante,Ninguna,Sin restricción,POINT (-60.6328745 -32.9779145),"['Colon', 'Deán Gregorio Funes']",2,Cristóbal Colón; Deán Gregorio Funes,-32.9779145,-60.6328745,55.0,538.0,Municipio Rosario,Municipio,Rosario,820210,Servicio de Catastro e Información Territorial,IGN
2015,5185,2015-07-29,Miercoles,0.0,19:30:00,,0.0,2,"Automóvil,Moto/Ciclomotor",Garibaldi Y Av. Corrientes,3,1,0,0,2,0,0,,S/D,,ROSARIO,Rosario,S/D,S/D,II,S/D,S/D,S/D,S/D,S/D,S/D,S/D,S/D,S/D,S/D,S/D,S/D,S/D,S/D,S/D,S/D,POINT (-60.6523162 -32.98523470000001),"['José Garibaldi', 'Corrientes']",2,José Garibaldi; Corrientes,-32.98523470000001,-60.6523162,55.0,538.0,Municipio Rosario,Municipio,Rosario,820210,Servicio de Catastro e Información Territorial,IGN
2015,5188,2015-07-17,Viernes,0.0,11:30:00,,0.0,2,"Moto/Ciclomotor,Camión",Mitre Y Ocampo,2,1,0,0,1,0,0,,Calle,,ROSARIO,Rosario,Asfalto,No existe,II,Dentro,Urbana,S/D,S/D,Intersección,Bueno,Buena,Diurna,Buen Tiempo,Lateral,S/D,Colisión,S/D,S/D,S/D,S/D,POINT (-60.6445716 -32.96621689999999),"['Mitre', 'Ocampo']",2,Bartolomé Mitre; Ocampo,-32.96621689999999,-60.6445716,55.0,538.0,Municipio Rosario,Municipio,Rosario,820210,Servicio de Catastro e Información Territorial,IGN
2015,5191,2015-07-13,Lunes,0.0,11:45:00,,0.0,2,"Automóvil,Peatón",Mitre Y Virasoro,2,1,0,0,0,0,1,,S/D,,ROSARIO,Rosario,Asfalto,S/D,II,S/D,S/D,S/D,S/D,Intersección,Bueno,Buena,Diurna,Buen Tiempo,S/D,S/D,Atropello,S/D,S/D,S/D,S/D,POINT (-60.645445900000006 -32.9696759),"['Mitre', 'Virasoro']",2,Bartolomé Mitre; Benjamín Virasoro,-32.9696759,-60.645445900000006,55.0,538.0,Municipio Rosario,Municipio,Rosario,820210,Servicio de Catastro e Información Territorial,IGN
2015,5198,2015-07-09,Jueves,0.0,13:00:00,,0.0,2,"Moto/Ciclomotor,Automóvil",Callao Y Av. Pellegrini,2,1,0,0,1,0,0,,Calle,,ROSARIO,Rosario,Asfalto,S/D,II,Dentro,Urbana,Semáforo,Funciona,Intersección,Bueno,Buena,Diurna,Buen Tiempo,Lateral,S/D,Colisión,S/D,Vertical,Cordón divisorio,S/D,POINT (-60.66283325 -32.95334939999999),"['Callao', 'Pellegrini']",2,Callao; Avenida Carlos Pellegrini,-32.95334939999999,-60.66283325,55.0,538.0,Municipio Rosario,Municipio,Rosario,820210,Servicio de Catastro e Información Territorial,IGN
2015,5199,2015-07-16,Jueves,0.0,11:40:00,,0.0,2,"Automóvil,Bicicleta",Av. Ovidio Lagos Y Virasoro,2,1,0,0,1,0,0,,Avenida,,ROSARIO,Rosario,Asfalto,S/D,II,Dentro,Urbana,S/D,S/D,Intersección,Bueno,Buena,Diurna,Buen Tiempo,S/D,S/D,Atropello,S/D,S/D,S/D,S/D,POINT (-60.667224700000006 -32.96576309999999),"['Avenida Ovidio Lagos', 'Virasoro']",2,Avenida Ovidio Lagos; Benjamín Virasoro,-32.96576309999999,-60.667224700000006,55.0,538.0,Municipio Rosario,Municipio,Rosario,820210,Servicio de Catastro e Información Territorial,IGN
2015,5201,2015-07-02,Jueves,0.0,10:00:00,,0.0,2,"Automóvil,Moto/Ciclomotor",Dorrego Y Garibaldi,2,1,0,0,1,0,0,,Calle,,ROSARIO,Rosario,S/D,S/D,II,S/D,Urbana,S/D,S/D,Intersección,S/D,S/D,Diurna,S/D,S/D,S/D,S/D,S/D,S/D,S/D,S/D,POINT (-60.6592046 -32.984001500000005),"['Dorrego', 'José Garibaldi']",2,Manuel Dorrego; José Garibaldi,-32.984001500000005,-60.6592046,55.0,538.0,Municipio Rosario,Municipio,Rosario,820210,Servicio de Catastro e Información Territorial,IGN
2015,5203,2015-07-14,Martes,0.0,09:45:00,,0.0,2,"Moto/Ciclomotor,Automóvil",Bv. Oroño Y Cochabamba,2,1,0,0,1,0,0,,Avenida,,ROSARIO,Rosario,Asfalto,S/D,II,Dentro,Urbana,S/D,No existe,Rotonda,Bueno,Buena,Diurna,Buen Tiempo,Lateral,S/D,Colisión,S/D,S/D,S/D,S/D,POINT (-60.656339 -32.9556154),"['Bulevar Nicasio Oroño', 'Cochabamba']",2,Bulevar Nicasio Oroño; Cochabamba,-32.9556154,-60.656339,55.0,538.0,Municipio Rosario,Municipio,Rosario,820210,Servicio de Catastro e Información Territorial,IGN
2015,5207,2015-07-14,Martes,0.0,12:50:00,,0.0,2,"Moto/Ciclomotor,Pickup/Utilitario",Bv. Segui Y Pje. Larguia,3,2,0,0,1,0,0,,Avenida,,ROSARIO,Rosario,Asfalto,No existe,II,Dentro,Urbana,Ninguna,No existe,Intersección,Bueno,Buena,Diurna,Buen Tiempo,Lateral,S/D,Colisión,Ninguna,Faltante,Cordón divisorio,Sin restricción,POINT (-60.6371487 -32.98065269999999),"['Bulevar Juan Francisco Seguí', 'Larguia']",2,Bulevar Juan Francisco Seguí; Pasaje Larguía,-32.98065269999999,-60.6371487,55.0,538.0,Municipio Rosario,Municipio,Rosario,820210,Servicio de Catastro e Información Territorial,IGN
2015,5211,2015-07-03,Viernes,0.0,20:10:00,,0.0,2,"Moto/Ciclomotor,Automóvil",Esmeralda Y Gaboto,3,2,0,0,1,0,0,,Calle,,ROSARIO,Rosario,Asfalto,Ripio,II,Dentro,Urbana,Ninguna,No existe,Intersección,Bueno,Buena,"Nocturna,Con luz artificial",Buen Tiempo,Lateral,S/D,Colisión,Ninguna,Faltante,Ninguna,Sin restricción,POINT (-60.62820159999999 -32.976314),"['Esmeralda', 'Gaboto']",2,Esmeralda; Gaboto,-32.976314,-60.62820159999999,55.0,538.0,Municipio Rosario,Municipio,Rosario,820210,Servicio de Catastro e Información Territorial,IGN
2015,5214,2015-07-19,Domingo,0.0,11:45:00,,0.0,2,"Moto/Ciclomotor,Automóvil",Bv. Segui Y Ayacucho,2,1,0,0,1,0,0,,Avenida,,ROSARIO,Rosario,Asfalto,No existe,II,Dentro,Urbana,Ninguna,No existe,Intersección,Bueno,Buena,Diurna,Buen Tiempo,Lateral,S/D,Colisión,Ninguna,Faltante,Cordón divisorio,Sin restricción,POINT (-60.63548025 -32.9810463),"['Bulevar Juan Francisco Seguí', 'Ayacucho']",2,Bulevar Juan Francisco Seguí; Ayacucho,-32.9810463,-60.63548025,55.0,538.0,Municipio Rosario,Municipio,Rosario,820210,Servicio de Catastro e Información Territorial,IGN
2015,5219,2015-07-20,Lunes,0.0,17:00:00,,0.0,2,"Automóvil,Pickup/Utilitario",Laprida Y 24 De Setiembre,2,2,0,0,0,0,0,,Calle,,ROSARIO,Rosario,Asfalto,No existe,II,S/D,Urbana,Ninguna,No existe,Intersección,Bueno,Buena,Diurna,Buen Tiempo,Lateral,S/D,Colisión,Ninguna,Faltante,Ninguna,Sin restricción,POINT (-60.6427339 -32.98093849999999),"['Laprida', '24 de Septiembre']",2,Francisco Narciso Laprida; 24 de Septiembre,-32.98093849999999,-60.6427339,55.0,538.0,Municipio Rosario,Municipio,Rosario,820210,Servicio de Catastro e Información Territorial,IGN
2015,5220,2015-07-14,Martes,0.0,20:00:00,,0.0,2,"Moto/Ciclomotor,Pickup/Utilitario",Colon Y Dean Funes,3,2,0,0,1,0,0,,Calle,,ROSARIO,Rosario,Asfalto,No existe,II,Dentro,Urbana,Ninguna,No existe,Intersección,Bueno,Buena,"Nocturna,Con luz artificial",Buen Tiempo,Lateral,S/D,Colisión,Ninguna,Faltante,Ninguna,Sin restricción,POINT (-60.6328745 -32.9779145),"['Colon', 'Deán Gregorio Funes']",2,Cristóbal Colón; Deán Gregorio Funes,-32.9779145,-60.6328745,55.0,538.0,Municipio Rosario,Municipio,Rosario,820210,Servicio de Catastro e Información Territorial,IGN
2015,5222,2015-07-28,Martes,0.0,14:00:00,,0.0,2,"Automóvil,Pickup/Utilitario",Ayolas Y Colon,3,2,0,0,1,0,0,,Calle,,ROSARIO,Rosario,Asfalto,No existe,II,Dentro,Urbana,Ninguna,No existe,Recta,Bueno,Buena,Diurna,Buen Tiempo,De alcance,S/D,Colisión,Ninguna,Faltante,Ninguna,Sin restricción,POINT (-60.633159899999995 -32.97906139999999),"['Ayolas', 'Colon']",2,Ayolas; Cristóbal Colón,-32.97906139999999,-60.6331599,55.0,538.0,Municipio Rosario,Municipio,Rosario,820210,Servicio de Catastro e Información Territorial,IGN
2015,5223,2015-07-02,Jueves,0.0,17:10:00,,0.0,2,"Moto/Ciclomotor,Automóvil",Bv. 27 De Febrero Y España,2,1,0,0,1,0,0,,Avenida,,ROSARIO,Rosario,Asfalto,S/D,II,Dentro,Urbana,Semáforo,Funciona,Intersección,Bueno,Buena,Diurna,Buen Tiempo,Lateral,S/D,Colisión,S/D,Vertical,S/D,Sin restricción,POINT (-60.6518035 -32.966108549999994),"['27 de Febrero', 'España']",2,Bulevar 27 de Febrero; España,-32.966108549999994,-60.6518035,55.0,538.0,Municipio Rosario,Municipio,Rosario,820210,Servicio de Catastro e Información Territorial,IGN
2015,5224,2015-07-02,Jueves,0.0,15:00:00,,0.0,2,"Moto/Ciclomotor,Pickup/Utilitario",Entre Rios Y Cochabamba,2,1,0,0,1,0,0,,Calle,,ROSARIO,Rosario,Asfalto,S/D,II,Dentro,Urbana,S/D,No existe,Intersección,Bueno,Buena,Diurna,Buen Tiempo,Lateral,S/D,Colisión,S/D,S/D,S/D,S/D,POINT (-60.6439501 -32.9579457),"['Entre Ríos', 'Cochabamba']",2,Entre Ríos; Cochabamba,-32.9579457,-60.6439501,55.0,538.0,Municipio Rosario,Municipio,Rosario,820210,Servicio de Catastro e Información Territorial,IGN
2015,5226,2015-06-08,Lunes,0.0,,,0.0,2,"Automóvil,Moto/Ciclomotor",Av. Circunvalacion Y ,2,1,0,0,1,0,0,,Calle,,ROSARIO,Rosario,Asfalto,Natural,II,Dentro,Urbana,Ninguna,No existe,Recta,Bueno,Reducida p/ objetos,Diurna,Buen Tiempo,S/D,S/D,Colisión,S/D,Faltante,S/D,Reparación de Vía,"-32.9954148, -60.6940772",['Circunvalacion'],1,Circunvalacion,-32.9954148,-60.6940772,55.0,538.0,Municipio Rosario,Municipio,Rosario,820210,Servicio de Catastro e Información Territorial,IGN
2015,5251,2015-07-31,Viernes,0.0,17:00:00,,0.0,2,"Automóvil,Pickup/Utilitario",1 de Mayo 1800,2,1,0,0,1,0,0,,Calle,,ROSARIO,Rosario,Asfalto,Pavimento,II,Dentro,Urbana,Ninguna,No existe,Recta,Bueno,Buena,Diurna,Buen Tiempo,Frontal,S/D,Colisión,S/D,Faltante,Ninguna,Sin restricción,"-32.9598449, -60.6327638",['Primero De Mayo 1800'],1,Primero De Mayo 1800,-32.9598449,-60.6327638,55.0,538.0,Municipio Rosario,Municipio,Rosario,820210,Servicio de Catastro e Información Territorial,IGN
2015,5311,2015-07-01,Miercoles,0.0,16:30:00,,0.0,2,"Automóvil,Moto/Ciclomotor",Bv. Oroño Y Uruguay,4,3,0,0,1,0,0,,Avenida,,ROSARIO,Rosario,S/D,S/D,II,S/D,Urbana,S/D,S/D,Intersección,S/D,S/D,Diurna,S/D,S/D,S/D,Otro,S/D,S/D,S/D,S/D,POINT (-60.66093935000001 -32.97406425),"['Bulevar Nicasio Oroño', 'Uruguay']",2,Bulevar Nicasio Oroño; Uruguay,-32.97406425,-60.66093935000001,55.0,538.0,Municipio Rosario,Municipio,Rosario,820210,Servicio de Catastro e Información Territorial,IGN
2015,5340,2015-07-04,Sabado,0.0,07:15:00,,0.0,2,"Automóvil,Automóvil",Ituzaingo Y Mitre,3,2,0,0,1,0,0,,Calle,,ROSARIO,Rosario,Asfalto,S/D,II,Dentro,Urbana,S/D,S/D,Intersección,Bueno,Buena,Diurna,Buen Tiempo,Lateral,S/D,Colisión,S/D,S/D,S/D,S/D,POINT (-60.64316469999999 -32.96049219999998),"['Ituzaingó', 'Mitre']",2,Ituzaingó; Bartolomé Mitre,-32.96049219999998,-60.64316469999999,55.0,538.0,Municipio Rosario,Municipio,Rosario,820210,Servicio de Catastro e Información Territorial,IGN
2015,5342,2015-07-03,Viernes,0.0,18:30:00,,0.0,2,"Peatón,Automóvil",Pasco Y Buenos Aires,2,0,1,0,1,0,0,,Calle,,ROSARIO,Rosario,Asfalto,No existe,II,Dentro,Urbana,Otra Señal,No existe,Intersección,Bueno,Buena,Atardecer,Buen Tiempo,S/D,S/D,Atropello,Ninguna,Horizontal,Ninguna,Sin restricción,POINT (-60.63599930000001 -32.960557399999985),"['Pasco', 'Buenos Aires']",2,Pasco; Buenos Aires,-32.960557399999985,-60.63599930000001,55.0,538.0,Municipio Rosario,Municipio,Rosario,820210,Servicio de Catastro e Información Territorial,IGN
2015,5343,2015-07-02,Jueves,0.0,19:50:00,,0.0,2,"Moto/Ciclomotor,Automóvil",Ayacucho Y Ocampo,2,1,0,0,1,0,0,,Calle,,ROSARIO,Rosario,Hormigón,No existe,II,Dentro,Urbana,Ninguna,S/D,Intersección,Bueno,Buena,Diurna,Buen Tiempo,Lateral,S/D,Colisión,Ninguna,Faltante,S/D,Sin restricción,POINT (-60.6319408 -32.9684595),"['Ayacucho', 'Ocampo']",2,Ayacucho; Ocampo,-32.9684595,-60.6319408,55.0,538.0,Municipio Rosario,Municipio,Rosario,820210,Servicio de Catastro e Información Territorial,IGN
2015,5349,2015-07-24,Viernes,0.0,08:20:00,,0.0,2,"Moto/Ciclomotor,Pickup/Utilitario",Viamonte Y Colon,3,1,0,0,2,0,0,,Calle,,ROSARIO,Rosario,Asfalto,Pavimento,II,Dentro,Urbana,S/D,No existe,Recta,Bueno,Buena,Diurna,Buen Tiempo,Lateral,S/D,Colisión,Ninguna,Vertical,Ninguna,Sin restricción,POINT (-60.6302946 -32.967576599999994),"['Viamonte', 'Colon']",2,Viamonte; Cristóbal Colón,-32.967576599999994,-60.6302946,55.0,538.0,Municipio Rosario,Municipio,Rosario,820210,Servicio de Catastro e Información Territorial,IGN
2015,5351,2015-07-08,Miercoles,0.0,16:10:00,,0.0,2,"Automóvil,Moto/Ciclomotor",Entre Rios Y Viamonte,2,1,0,0,1,0,0,,S/D,,ROSARIO,Rosario,Asfalto,S/D,II,S/D,S/D,Semáforo,Funciona,Intersección,Bueno,Buena,Diurna,Buen Tiempo,Lateral,S/D,Colisión,S/D,Vertical,S/D,S/D,POINT (-60.64570270000001 -32.9648555),"['Entre Ríos', 'Viamonte']",2,Entre Ríos; Viamonte,-32.9648555,-60.64570270000001,55.0,538.0,Municipio Rosario,Municipio,Rosario,820210,Servicio de Catastro e Información Territorial,IGN
2015,5353,2015-07-08,Miercoles,0.0,07:15:00,,0.0,2,"Moto/Ciclomotor,Pickup/Utilitario",Bv. 27 De Febrero Y Italia,2,1,0,0,1,0,0,,Avenida,,ROSARIO,Rosario,Asfalto,S/D,II,Dentro,Urbana,Semáforo,Funciona,Recta,Bueno,Buena,Diurna,Buen Tiempo,De alcance,S/D,Colisión,S/D,S/D,S/D,S/D,POINT (-60.65319205 -32.96586075),"['27 de Febrero', 'Italia']",2,Bulevar 27 de Febrero; Italia,-32.96586075,-60.65319205,55.0,538.0,Municipio Rosario,Municipio,Rosario,820210,Servicio de Catastro e Información Territorial,IGN
2015,5355,2015-07-06,Lunes,0.0,12:40:00,,0.0,2,"Automóvil,Moto/Ciclomotor",Virasoro Y Dorrego,3,1,0,0,2,0,0,,Calle,,ROSARIO,Rosario,Asfalto,S/D,II,Dentro,Rural,S/D,S/D,Intersección,Bueno,Buena,Diurna,Buen Tiempo,Lateral,S/D,Colisión,S/D,S/D,S/D,S/D,POINT (-60.6551345 -32.96794880000001),"['Virasoro', 'Dorrego']",2,Benjamín Virasoro; Manuel Dorrego,-32.96794880000001,-60.6551345,55.0,538.0,Municipio Rosario,Municipio,Rosario,820210,Servicio de Catastro e Información Territorial,IGN
2015,5357,2015-07-04,Sabado,0.0,19:50:00,,0.0,2,"Moto/Ciclomotor,Transporte de Pasajeros Urbano (> 8 asientos)",Av. Pellegrini Y Pte.Roca,3,2,0,0,1,0,0,,Avenida,,ROSARIO,Rosario,Asfalto,S/D,II,Dentro,Urbana,Semáforo,Funciona,Intersección,Bueno,Buena,"Nocturna,Con luz artificial",Buen Tiempo,Lateral,S/D,Colisión,S/D,Vertical,Cordón divisorio,S/D,POINT (-60.6478283 -32.95605889999999),"['Pellegrini', 'Roca']",2,Avenida Carlos Pellegrini; Presidente Roca,-32.95605889999999,-60.6478283,55.0,538.0,Municipio Rosario,Municipio,Rosario,820210,Servicio de Catastro e Información Territorial,IGN
2015,5362,2015-07-21,Martes,0.0,19:30:00,,0.0,2,"Moto/Ciclomotor,Transporte de Pasajeros Urbano (> 8 asientos)",Colon Y Ituzaingo,2,0,0,1,0,0,1,,Calle,,ROSARIO,Rosario,Asfalto,No existe,II,Dentro,Urbana,Ninguna,No existe,Intersección,Bueno,Buena,Atardecer,Buen Tiempo,Lateral,S/D,Colisión,Ninguna,Faltante,Ninguna,Sin restricción,POINT (-60.62911900000001 -32.962965600000004),"['Colon', 'Ituzaingó']",2,Cristóbal Colón; Ituzaingó,-32.962965600000004,-60.62911900000001,55.0,538.0,Municipio Rosario,Municipio,Rosario,820210,Servicio de Catastro e Información Territorial,IGN
2015,5363,2015-07-10,Viernes,0.0,08:30:00,,0.0,2,"Automóvil,Pickup/Utilitario",Necochea Y Cerrito,3,2,0,0,1,0,0,,Calle,,ROSARIO,Rosario,Asfalto,Pavimento,II,Dentro,Urbana,S/D,S/D,Intersección,Bueno,Buena,Diurna,Buen Tiempo,Lateral,S/D,Colisión,Ninguna,S/D,Ninguna,Sin restricción,POINT (-60.628048699999994 -32.96436419999999),"['Necochea', 'Cerrito']",2,Necochea; Cerrito,-32.96436419999999,-60.6280487,55.0,538.0,Municipio Rosario,Municipio,Rosario,820210,Servicio de Catastro e Información Territorial,IGN
2015,5364,2015-07-12,Domingo,0.0,18:30:00,,0.0,2,"Moto/Ciclomotor,Automóvil",Riobamba Y Ayacucho,2,1,0,0,1,0,0,,Calle,,ROSARIO,Rosario,Asfalto,No existe,II,Dentro,Urbana,Señal Ceda el Paso,No existe,Intersección,Bueno,Buena,Atardecer,Buen Tiempo,Lateral,S/D,Colisión,Ninguna,Horizontal,Ninguna,Sin restricción,POINT (-60.6310742 -32.9650233),"['Riobamba', 'Ayacucho']",2,Riobamba; Ayacucho,-32.9650233,-60.6310742,55.0,538.0,Municipio Rosario,Municipio,Rosario,820210,Servicio de Catastro e Información Territorial,IGN
2015,5365,2015-07-01,Miercoles,0.0,17:15:00,,0.0,2,"Bicicleta,Automóvil",La Paz Y Necochea,2,1,0,0,1,0,0,,Calle,,ROSARIO,Rosario,Asfalto,No existe,II,Dentro,Urbana,Señal Pare,No existe,Intersección,Bueno,Buena,Atardecer,Buen Tiempo,S/D,S/D,Atropello,Ninguna,Vertical,Ninguna,Sin restricción,POINT (-60.6285924 -32.966664399999985),"['La Paz', 'Necochea']",2,La Paz; Necochea,-32.966664399999985,-60.6285924,55.0,538.0,Municipio Rosario,Municipio,Rosario,820210,Servicio de Catastro e Información Territorial,IGN
2015,5370,2015-01-28,Miercoles,0.0,10:00:00,,0.0,2,"Moto/Ciclomotor,Moto/Ciclomotor",Urquiza Y Tte.Agneta,3,1,2,0,0,0,0,,Calle,,ROSARIO,Rosario,Hormigón,S/D,II,Dentro,Urbana,S/D,S/D,S/D,S/D,S/D,Diurna,S/D,S/D,S/D,Colisión,S/D,S/D,S/D,S/D,POINT (-60.7001118 -32.93308439999999),"['Urquiza', 'Teniente Agneta']",2,Justo José de Urquiza; Teniente Agneta,-32.93308439999999,-60.7001118,55.0,538.0,Municipio Rosario,Municipio,Rosario,820210,Servicio de Catastro e Información Territorial,IGN
2015,5384,2015-07-03,Viernes,0.0,18:45:00,,0.0,2,"Moto/Ciclomotor,Automóvil",Bv. Segui Y Constitucion,2,1,0,0,1,0,0,,Calle,,ROSARIO,Rosario,Asfalto,No existe,II,Dentro,Urbana,Ninguna,No existe,Intersección,Bueno,Buena,Atardecer,Buen Tiempo,Frontal,S/D,Colisión,S/D,Faltante,Cordón divisorio,Sin restricción,POINT (-60.6819282 -32.97272762499999),"['Bulevar Juan Francisco Seguí', 'Constitución']",2,Bulevar Juan Francisco Seguí; Constitución,-32.97272762499999,-60.6819282,55.0,538.0,Municipio Rosario,Municipio,Rosario,820210,Servicio de Catastro e Información Territorial,IGN
2015,5388,2015-07-01,Miercoles,0.0,10:00:00,,0.0,2,"Moto/Ciclomotor,Pickup/Utilitario",24 De Setiembre Y Iriondo,2,1,0,0,1,0,0,,Calle,,ROSARIO,Rosario,Asfalto,No existe,II,Dentro,Urbana,Ninguna,No existe,Intersección,Deteriorada,Buena,Diurna,Buen Tiempo,Frontal,S/D,Colisión,S/D,Faltante,Cordón divisorio,Sin restricción,POINT (-60.67813749999999 -32.97461609999999),"['24 de Septiembre', 'Iriondo']",2,24 de Septiembre; Iriondo,-32.97461609999999,-60.67813749999999,55.0,538.0,Municipio Rosario,Municipio,Rosario,820210,Servicio de Catastro e Información Territorial,IGN
2015,5390,2015-07-24,Viernes,0.0,21:55:00,,0.0,2,"Moto/Ciclomotor,Automóvil",Av. Battle y Ordoñez Y Italia,2,1,0,0,1,0,0,,Avenida,,ROSARIO,Rosario,Asfalto,No existe,II,S/D,Urbana,Semáforo,Funciona,Intersección,Bueno,Buena,"Nocturna,Con luz artificial",Buen Tiempo,Lateral,S/D,Colisión,S/D,Vertical,Cordón divisorio,Sin restricción,POINT (-60.65883935 -33.00917509999999),"['Avenida Battle y Ordoñez', 'Italia']",2,Avenida Battle y Ordoñez; Italia,-33.00917509999999,-60.65883935,55.0,538.0,Municipio Rosario,Municipio,Rosario,820210,Servicio de Catastro e Información Territorial,IGN
2015,5391,2015-07-04,Sabado,0.0,04:25:00,,0.0,2,"Pickup/Utilitario,Automóvil",L.N.Alem Y Viamonte,3,3,0,0,0,0,0,,Calle,,ROSARIO,Rosario,Asfalto,No existe,II,Dentro,Urbana,Semáforo,Intermitente,Intersección,Bueno,Buena,Con luz artificial,Buen Tiempo,Lateral,S/D,Colisión,Ninguna,Vertical,Ninguna,Sin restricción,POINT (-60.633022200000006 -32.967092799999996),"['Alem', 'Viamonte']",2,Leandro N. Alem; Viamonte,-32.9670928,-60.633022200000006,55.0,538.0,Municipio Rosario,Municipio,Rosario,820210,Servicio de Catastro e Información Territorial,IGN
2015,5392,2015-07-24,Viernes,0.0,18:05:00,,0.0,2,"Moto/Ciclomotor,Automóvil",Bv. Oroño Y Av. Uriburu,2,1,0,0,1,0,0,,Avenida,,ROSARIO,Rosario,Asfalto,No existe,II,S/D,Urbana,Semáforo,Funciona,Rotonda,Bueno,Buena,Atardecer,Buen Tiempo,Lateral,S/D,Colisión,S/D,Vertical,Cordón divisorio,Sin restricción,POINT (-60.665160500000006 -32.99123049999999),"['Bulevar Nicasio Oroño', 'Uriburu']",2,Bulevar Nicasio Oroño; Avenida José Uriburu,-32.99123049999999,-60.665160500000006,55.0,538.0,Municipio Rosario,Municipio,Rosario,820210,Servicio de Catastro e Información Territorial,IGN
2015,5393,2015-07-04,Sabado,0.0,15:20:00,,0.0,2,"Moto/Ciclomotor,Automóvil",1 de Mayo Y La Paz,2,1,0,0,1,0,0,,Calle,,ROSARIO,Rosario,Asfalto,Pavimento,II,Dentro,Urbana,S/D,S/D,Intersección,Bueno,Buena,Diurna,Buen Tiempo,Lateral,S/D,Colisión,Ninguna,S/D,Ninguna,Sin restricción,POINT (-60.6341292 -32.9656806),"['Primero de Mayo', 'La Paz']",2,Primero de Mayo; La Paz,-32.9656806,-60.6341292,55.0,538.0,Municipio Rosario,Municipio,Rosario,820210,Servicio de Catastro e Información Territorial,IGN
2015,5395,2015-07-11,Sabado,0.0,11:50:00,,0.0,2,"Automóvil,Automóvil",L.N.Alem Y Pasco,2,1,0,0,1,0,0,,Calle,,ROSARIO,Rosario,Asfalto,Pavimento,II,Dentro,Urbana,S/D,S/D,Curva,Bueno,Buena,Diurna,Buen Tiempo,De alcance,S/D,Colisión,Ninguna,S/D,Ninguna,Sin restricción,POINT (-60.6315826 -32.9613524),"['Alem', 'Pasco']",2,Leandro N. Alem; Pasco,-32.9613524,-60.6315826,55.0,538.0,Municipio Rosario,Municipio,Rosario,820210,Servicio de Catastro e Información Territorial,IGN
2015,5397,2015-07-23,Jueves,0.0,05:35:00,,0.0,2,"Moto/Ciclomotor,Automóvil",Av. Battle y Ordoñez Y Balcarce,3,2,0,0,1,0,0,,Avenida,,ROSARIO,Rosario,Asfalto,No existe,II,S/D,Urbana,Semáforo,Funciona,Intersección,Bueno,Buena,"Nocturna,Con luz artificial",Buen Tiempo,Lateral,S/D,Colisión,S/D,Vertical,Cordón divisorio,Sin restricción,POINT (-60.66308240000001 -33.009310600000006),"['Avenida Battle y Ordoñez', 'Balcarce']",2,Avenida Battle y Ordoñez; Balcarce,-33.009310600000006,-60.66308240000001,55.0,538.0,Municipio Rosario,Municipio,Rosario,820210,Servicio de Catastro e Información Territorial,IGN
2015,5398,2015-07-08,Miercoles,0.0,15:15:00,,0.0,2,"Moto/Ciclomotor,Automóvil",Av. Battle y Ordoñez Y Av. Corrientes,3,2,0,0,1,0,0,,Avenida,,ROSARIO,Rosario,Asfalto,No existe,II,Dentro,Urbana,Ninguna,No existe,Intersección,Bueno,Buena,Diurna,Otro,Lateral,S/D,Colisión,Ninguna,Horizontal,Cordón divisorio,Sin restricción,POINT (-60.6529791 -33.00898595),"['Avenida Battle y Ordoñez', 'Corrientes']",2,Avenida Battle y Ordoñez; Corrientes,-33.00898595,-60.6529791,55.0,538.0,Municipio Rosario,Municipio,Rosario,820210,Servicio de Catastro e Información Territorial,IGN
2015,5399,2015-08-18,Martes,0.0,10:15:00,,0.0,2,"Moto/Ciclomotor,Pickup/Utilitario",Lavalle Y Gaboto,2,1,0,0,1,0,0,,Calle,,ROSARIO,Rosario,Asfalto,No existe,II,Dentro,Urbana,Ninguna,No existe,Intersección,Bueno,Buena,Diurna,Buen Tiempo,Lateral,S/D,Colisión,S/D,Faltante,Cordón divisorio,Sin restricción,POINT (-60.68457430000001 -32.9662859),"['Lavalle', 'Gaboto']",2,Lavalle; Gaboto,-32.9662859,-60.68457430000001,55.0,538.0,Municipio Rosario,Municipio,Rosario,820210,Servicio de Catastro e Información Territorial,IGN