anio_acci,nro_acci,fecha,desc_dia,fecha_aprox,hora_aprox,desc_ruta,km,cant_participantes,desc_participante,calle_avenida_km,total,heridos_leves,heridos_graves,heridos_gravisimos,ilesos,fallecidos,sin_datos,posicion_XY,desc_tipo_via,desc_ruta_ori,desc_loc,desc_dpto,desc_tipo_calzada,desc_tipo_banquina,desc_unidad_regional,desc_lugar_calzada,desc_zona,desc_prioridad,desc_estado_semaforo,desc_lugar_via,desc_estado_via,desc_estado_visibilidad,desc_luminosidad,desc_estado_clima,desc_tipo_colision,desc_tipo_atropello,desc_tipo_hecho,desc_pres_calzada,desc_senializacion,desc_separacion_via,desc_restriccion,forma_geocod,calle_lista,numero_calles,calles_osm,lat,lon,index_right,gid,fna,gna,nam,in1,fdc,sag
2015,6194,2015-08-01,Sabado,0.0,12:15:00,,0.0,2,"Moto/Ciclomotor,Automóvil",Montevideo Y Larrea,2,1,0,0,1,0,0,,Calle,,ROSARIO,Rosario,Asfalto,No existe,II,Dentro,Urbana,S/D,No existe,Intersección,Bueno,Buena,Diurna,Buen Tiempo,Lateral,S/D,Colisión,S/D,S/D,S/D,Sin restricción,POINT (-60.69698540000001 -32.947038899999995),"['Montevideo', 'Larrea']",2,Montevideo; Larrea,-32.947038899999995,-60.69698540000001,55.0,538.0,Municipio Rosario,Municipio,Rosario,820210,Servicio de Catastro e Información Territorial,IGN
2015,6196,2015-08-05,Miercoles,0.0,19:10:00,,0.0,2,"Moto/Ciclomotor,Automóvil",Mendoza Y Guatemala,2,1,0,0,1,0,0,,Calle,,ROSARIO,Rosario,Asfalto,No existe,II,Dentro,Urbana,S/D,No existe,Intersección,Bueno,Buena,Atardecer,Buen Tiempo,Lateral,S/D,Colisión,S/D,S/D,S/D,Sin restricción,POINT (-60.717262000000005 -32.94036265),"['Mendoza', 'Guatemala']",2,Mendoza; Guatemala,-32.94036265,-60.717262000000005,55.0,538.0,Municipio Rosario,Municipio,Rosario,820210,Servicio de Catastro e Información Territorial,IGN
2015,6198,2015-08-06,Jueves,0.0,02:35:00,,0.0,2,"Automóvil,Automóvil",Av. Pellegrini Y Campbell,2,1,0,0,1,0,0,,Calle,,ROSARIO,Rosario,Asfalto,No existe,II,Dentro,Urbana,S/D,No existe,Intersección,Bueno,Buena,Nocturna,Buen Tiempo,Lateral,S/D,Colisión,S/D,S/D,S/D,Sin restricción,POINT (-60.70760005 -32.9484703),"['Pellegrini', 'Campbell']",2,Avenida Carlos Pellegrini; Campbell,-32.9484703,-60.70760005,55.0,538.0,Municipio Rosario,Municipio,Rosario,820210,Servicio de Catastro e Información Territorial,IGN
2015,6199,2015-08-06,Jueves,0.0,09:30:00,,0.0,2,"Moto/Ciclomotor,Automóvil",Santa Fe Y Peru,2,1,0,0,1,0,0,,Calle,,ROSARIO,Rosario,Asfalto,No existe,II,Dentro,Urbana,S/D,No existe,Intersección,Bueno,Buena,Diurna,Buen Tiempo,Lateral,S/D,Colisión,S/D,S/D,S/D,Sin restricción,POINT (-60.7116258 -32.935678599999996),"['Santa Fe', 'Peru']",2,Santa Fe; Perú,-32.9356786,-60.7116258,55.0,538.0,Municipio Rosario,Municipio,Rosario,820210,Servicio de Catastro e Información Territorial,IGN
2015,6200,2015-08-07,Viernes,0.0,15:30:00,,0.0,2,"Moto/Ciclomotor,Automóvil",Cullen Y Cochabamba,2,1,0,0,1,0,0,,Calle,,ROSARIO,Rosario,Asfalto,No existe,II,Dentro,Urbana,S/D,No existe,Intersección,Bueno,Buena,Diurna,Buen Tiempo,Lateral,S/D,Colisión,S/D,S/D,S/D,Sin restricción,POINT (-60.708707100000005 -32.9497056),"['Cullen', 'Cochabamba']",2,Cullen; Cochabamba,-32.9497056,-60.708707100000005,55.0,538.0,Municipio Rosario,Municipio,Rosario,820210,Servicio de Catastro e Información Territorial,IGN
2015,6214,2015-08-08,Sabado,0.0,19:30:00,,0.0,2,"Moto/Ciclomotor,Automóvil",Marcos Paz Y Colombia,2,1,0,0,1,0,0,,S/D,,ROSARIO,Rosario,Asfalto,Ripio,II,S/D,S/D,Ninguna,No existe,Intersección,Bueno,Buena,Diurna,Buen Tiempo,Lateral,S/D,Colisión,Otro,S/D,Ninguna,S/D,POINT (-60.7161728 -32.93915659999999),"['Marcos Paz', 'Colombia']",2,Marcos Paz; Colombia,-32.93915659999999,-60.7161728,55.0,538.0,Municipio Rosario,Municipio,Rosario,820210,Servicio de Catastro e Información Territorial,IGN
2015,6216,2015-08-09,Domingo,0.0,08:30:00,,0.0,2,"Moto/Ciclomotor,Automóvil",Mendoza Y Guatemala,2,1,0,0,1,0,0,,Calle,,ROSARIO,Rosario,Asfalto,No existe,II,Dentro,Urbana,Ninguna,S/D,Intersección,Bueno,Buena,Diurna,Buen Tiempo,Lateral,S/D,Colisión,S/D,S/D,S/D,Sin restricción,POINT (-60.717262000000005 -32.94036265),"['Mendoza', 'Guatemala']",2,Mendoza; Guatemala,-32.94036265,-60.717262000000005,55.0,538.0,Municipio Rosario,Municipio,Rosario,820210,Servicio de Catastro e Información Territorial,IGN
2015,6220,2015-08-18,Martes,0.0,09:00:00,,0.0,2,"Peatón,Taxi/Remis",Av. Provincias Unidas Y Viamonte,2,1,0,0,1,0,0,,Calle,,ROSARIO,Rosario,Asfalto,No existe,II,Dentro,Urbana,Ninguna,No existe,Intersección,Bueno,Reducida,Diurna,Buen Tiempo,S/D,S/D,Atropello,Otro,S/D,Ninguna,Sin restricción,POINT (-60.71191390000001 -32.95690404999999),"['Avenida Provincias Unidas', 'Viamonte']",2,Avenida Provincias Unidas; Viamonte,-32.95690404999999,-60.71191390000001,55.0,538.0,Municipio Rosario,Municipio,Rosario,820210,Servicio de Catastro e Información Territorial,IGN
2015,6221,2015-08-19,Miercoles,0.0,14:00:00,,0.0,2,"Peatón,Moto/Ciclomotor",Tte.Agneta Y Av. Pellegrini,2,1,0,0,1,0,0,,Calle,,ROSARIO,Rosario,Asfalto,No existe,II,S/D,Urbana,Ninguna,No existe,Intersección,Bueno,Buena,Diurna,Buen Tiempo,S/D,S/D,Atropello,S/D,Faltante,Ninguna,Sin restricción,POINT (-60.699509000000006 -32.948251049999996),"['Teniente Agneta', 'Pellegrini']",2,Teniente Agneta; Avenida Carlos Pellegrini,-32.94825105,-60.699509000000006,55.0,538.0,Municipio Rosario,Municipio,Rosario,820210,Servicio de Catastro e Información Territorial,IGN
2015,6222,2015-08-19,Miercoles,0.0,17:00:00,,0.0,2,"Moto/Ciclomotor,Automóvil",P.L.Funes ,2,2,0,0,0,0,0,,S/D,,ROSARIO,Rosario,Asfalto,No existe,II,S/D,S/D,Ninguna,No existe,Intersección,Bueno,Buena,Diurna,Buen Tiempo,Lateral,S/D,Colisión,Otro,S/D,S/D,Sin restricción,"-32.9387632, -60.7012591",['Pedro Lino Funes'],1,Pedro Lino Funes,-32.9387632,-60.7012591,55.0,538.0,Municipio Rosario,Municipio,Rosario,820210,Servicio de Catastro e Información Territorial,IGN
2015,6223,2015-04-21,Martes,0.0,20:15:00,,0.0,2,"Moto/Ciclomotor,Automóvil",Av. Eva Peron Y Barra,2,2,0,0,0,0,0,,Calle,,ROSARIO,Rosario,Asfalto,S/D,II,Dentro,Urbana,Ninguna,No existe,Intersección,Bueno,Buena,Diurna,Buen Tiempo,Lateral,S/D,Colisión,S/D,S/D,Ninguna,Sin restricción,POINT (-60.70707305 -32.934056049999995),"['Avenida Eva Perón', 'Barra']",2,Avenida Eva Perón; Barraco,-32.934056049999995,-60.70707305,55.0,538.0,Municipio Rosario,Municipio,Rosario,820210,Servicio de Catastro e Información Territorial,IGN
2015,6224,2015-08-22,Sabado,0.0,21:00:00,,0.0,2,"Bicicleta,Pickup/Utilitario",Ituzaingo Y Matienzo,2,1,0,0,0,0,1,,Calle,,ROSARIO,Rosario,Asfalto,Pavimento,II,Dentro,Urbana,Ninguna,No existe,Intersección,Bueno,Buena,Diurna,Buen Tiempo,S/D,S/D,Atropello,Otro,S/D,Ninguna,Sin restricción,POINT (-60.694264 -32.95171129999999),"['Ituzaingó', 'Matienzo']",2,Ituzaingó; Benjamín Matienzo,-32.95171129999999,-60.694264,55.0,538.0,Municipio Rosario,Municipio,Rosario,820210,Servicio de Catastro e Información Territorial,IGN
2015,6225,2015-08-29,Sabado,0.0,14:00:00,,0.0,2,"Automóvil,Automóvil",Buenos Aires Y La Paz,3,1,0,0,2,0,0,,Calle,,ROSARIO,Rosario,Asfalto,No existe,II,Dentro,Urbana,Señal Pare,No existe,Intersección,Bueno,Buena,Diurna,Buen Tiempo,Lateral,S/D,Colisión,S/D,Vertical,Ninguna,Sin restricción,POINT (-60.6371524 -32.96514349999999),"['Buenos Aires', 'La Paz']",2,Buenos Aires; La Paz,-32.96514349999999,-60.6371524,55.0,538.0,Municipio Rosario,Municipio,Rosario,820210,Servicio de Catastro e Información Territorial,IGN
2015,6226,2015-08-19,Miercoles,0.0,00:45:00,,0.0,2,"Moto/Ciclomotor,Pickup/Utilitario",Bv. 27 De Febrero Y L.N.Alem,3,2,0,0,1,0,0,,Avenida,,ROSARIO,Rosario,Asfalto,No existe,II,Dentro,Urbana,Ninguna,No existe,Intersección,Bueno,Buena,"Nocturna,Con luz artificial",Buen Tiempo,Lateral,S/D,Colisión,Ninguna,S/D,Ninguna,Sin restricción,POINT (-60.63361105 -32.96936275),"['27 de Febrero', 'Alem']",2,Bulevar 27 de Febrero; Leandro N. Alem,-32.96936275,-60.63361105,55.0,538.0,Municipio Rosario,Municipio,Rosario,820210,Servicio de Catastro e Información Territorial,IGN
2015,6227,2015-08-26,Miercoles,0.0,17:15:00,,0.0,2,"Bicicleta,Automóvil",Pasco Y Ayacucho,2,1,0,0,1,0,0,,Calle,,ROSARIO,Rosario,S/D,No existe,II,Dentro,Urbana,Ninguna,No existe,Intersección,Bueno,Buena,Atardecer,Buen Tiempo,S/D,S/D,Atropello,Ninguna,S/D,Ninguna,Sin restricción,POINT (-60.630227500000004 -32.961596799999995),"['Pasco', 'Ayacucho']",2,Pasco; Ayacucho,-32.961596799999995,-60.6302275,55.0,538.0,Municipio Rosario,Municipio,Rosario,820210,Servicio de Catastro e Información Territorial,IGN
2015,6228,2015-08-24,Lunes,0.0,16:40:00,,0.0,2,"Moto/Ciclomotor,Automóvil",Cerrito Y Necochea,2,1,0,0,1,0,0,,Calle,,ROSARIO,Rosario,Asfalto,No existe,II,Dentro,Urbana,Ninguna,No existe,Intersección,Bueno,Buena,Diurna,Buen Tiempo,Lateral,S/D,Colisión,Ninguna,S/D,Ninguna,Sin restricción,POINT (-60.628048699999994 -32.96436419999999),"['Cerrito', 'Necochea']",2,Cerrito; Necochea,-32.96436419999999,-60.6280487,55.0,538.0,Municipio Rosario,Municipio,Rosario,820210,Servicio de Catastro e Información Territorial,IGN
2015,6230,2015-08-03,Lunes,0.0,05:40:00,,0.0,1,Moto/Ciclomotor,Salta Y Cafferata,2,1,0,0,0,0,1,,Calle,,ROSARIO,Rosario,Asfalto,S/D,II,S/D,Urbana,Ninguna,S/D,Recta,Bueno,S/D,Diurna,Buen Tiempo,Otro,S/D,Colisión,Otro,Faltante,Ninguna,Sin restricción,POINT (-60.6691872 -32.933603500000004),"['Salta', 'Cafferata']",2,Salta; Cafferata,-32.933603500000004,-60.6691872,55.0,538.0,Municipio Rosario,Municipio,Rosario,820210,Servicio de Catastro e Información Territorial,IGN
2015,6232,2015-07-09,Jueves,0.0,,,0.0,2,"Moto/Ciclomotor,Automóvil",Av. Jorge Newbery Y Donado,3,1,0,0,0,0,2,,S/D,,ROSARIO,Rosario,S/D,S/D,II,S/D,Urbana,S/D,S/D,S/D,S/D,S/D,S/D,S/D,S/D,S/D,S/D,S/D,S/D,S/D,S/D,POINT (-60.728404966666666 -32.908371466666665),"['Jorge Newbery', 'Donado']",2,Avenida Jorge Newbery; José Agustín Donado,-32.908371466666665,-60.728404966666666,55.0,538.0,Municipio Rosario,Municipio,Rosario,820210,Servicio de Catastro e Información Territorial,IGN
2015,6234,2015-07-23,Jueves,0.0,16:20:00,,0.0,1,Moto/Ciclomotor,Av. Jorge Newbery Y Donado,2,2,0,0,0,0,0,,S/D,,ROSARIO,Rosario,S/D,S/D,II,S/D,Urbana,S/D,S/D,S/D,S/D,S/D,S/D,S/D,S/D,S/D,S/D,S/D,S/D,S/D,S/D,POINT (-60.728404966666666 -32.908371466666665),"['Jorge Newbery', 'Donado']",2,Avenida Jorge Newbery; José Agustín Donado,-32.908371466666665,-60.728404966666666,55.0,538.0,Municipio Rosario,Municipio,Rosario,820210,Servicio de Catastro e Información Territorial,IGN
2015,6235,2015-08-04,Martes,0.0,07:20:00,,0.0,2,"Moto/Ciclomotor,Automóvil",Av. Ovidio Lagos Y Amenabar,2,1,0,0,1,0,0,,Calle,,ROSARIO,Rosario,Asfalto,S/D,II,Dentro,Urbana,S/D,No existe,Intersección,Bueno,Buena,Diurna,Buen Tiempo,Lateral,S/D,Colisión,S/D,S/D,Cordón divisorio,S/D,POINT (-60.66772746666666 -32.96808026666666),"['Avenida Ovidio Lagos', 'Amenabar']",2,Avenida Ovidio Lagos; José de Amenábar,-32.96808026666666,-60.66772746666666,55.0,538.0,Municipio Rosario,Municipio,Rosario,820210,Servicio de Catastro e Información Territorial,IGN
2015,6236,2015-08-25,Martes,0.0,07:45:00,,0.0,2,"Bicicleta,Automóvil",Chacabuco Y Bv. Segui,2,1,0,0,1,0,0,,Calle,,ROSARIO,Rosario,Asfalto,No existe,II,Dentro,Urbana,Ninguna,No existe,Intersección,Bueno,Buena,Amanecer,Buen Tiempo,Lateral,S/D,Atropello,S/D,Faltante,Ninguna,Sin restricción,POINT (-60.631003 -32.9818256),"['Chacabuco', 'Bulevar Juan Francisco Seguí']",2,Chacabuco; Bulevar Juan Francisco Seguí,-32.9818256,-60.631003,55.0,538.0,Municipio Rosario,Municipio,Rosario,820210,Servicio de Catastro e Información Territorial,IGN
2015,6238,2015-08-04,Martes,0.0,18:30:00,,0.0,2,"Moto/Ciclomotor,Automóvil",San Lorenzo 3900,2,1,0,0,1,0,0,,Calle,,ROSARIO,Rosario,S/D,No existe,II,S/D,Urbana,Ninguna,No existe,Recta,Otro,Buena,Diurna,Buen Tiempo,S/D,S/D,Colisión,Otro,Faltante,Ninguna,Sin restricción,"-32.937262, -60.6756234",['San Lorenzo 3900'],1,San Lorenzo 3900,-32.937262,-60.6756234,55.0,538.0,Municipio Rosario,Municipio,Rosario,820210,Servicio de Catastro e Información Territorial,IGN
2015,6239,2015-08-06,Jueves,0.0,15:15:00,,0.0,2,"Moto/Ciclomotor,Transporte de Pasajeros Urbano (> 8 asientos)",Callao Y Santa Fe,3,2,0,0,1,0,0,,Calle,,ROSARIO,Rosario,Asfalto,No existe,II,S/D,Urbana,Semáforo,Funciona,Recta,Bueno,Buena,Diurna,Buen Tiempo,Otro,S/D,Colisión,Otro,Vertical,Ninguna,Sin restricción,POINT (-60.6597746 -32.94115649999999),"['Callao', 'Santa Fe']",2,Callao; Santa Fe,-32.94115649999999,-60.6597746,55.0,538.0,Municipio Rosario,Municipio,Rosario,820210,Servicio de Catastro e Información Territorial,IGN
2015,6240,2015-08-21,Viernes,0.0,23:00:00,,0.0,2,"Automóvil,Bicicleta",Colon Y Bv. Segui,2,1,0,0,1,0,0,,Calle,,ROSARIO,Rosario,Asfalto,No existe,II,Dentro,Urbana,Ninguna,No existe,Intersección,Bueno,Buena,"Nocturna,Con luz artificial",Buen Tiempo,Lateral,S/D,Atropello,S/D,Faltante,Ninguna,Sin restricción,POINT (-60.63372585 -32.98133605000001),"['Colon', 'Bulevar Juan Francisco Seguí']",2,Cristóbal Colón; Bulevar Juan Francisco Seguí,-32.98133605000001,-60.63372585,55.0,538.0,Municipio Rosario,Municipio,Rosario,820210,Servicio de Catastro e Información Territorial,IGN
2015,6241,2015-08-08,Sabado,0.0,15:45:00,,0.0,2,"Automóvil,Transporte de Pasajeros (H/ 8 asientos)",Suipacha Y Tucuman,2,1,0,0,1,0,0,,Calle,,ROSARIO,Rosario,Asfalto,No existe,II,S/D,Urbana,Ninguna,No existe,Recta,Bueno,Buena,Diurna,Buen Tiempo,Otro,S/D,Colisión,Agua,Faltante,Ninguna,Sin restricción,POINT (-60.662997 -32.937165199999995),"['Suipacha', 'Tucumán']",2,Suipacha; Tucumán,-32.937165199999995,-60.662997,55.0,538.0,Municipio Rosario,Municipio,Rosario,820210,Servicio de Catastro e Información Territorial,IGN
2015,6242,2015-08-14,Viernes,0.0,17:00:00,,0.0,2,"Bicicleta,Automóvil",Saavedra Y Laprida,2,1,0,0,1,0,0,,Calle,,ROSARIO,Rosario,Asfalto,No existe,II,Dentro,Urbana,Ninguna,No existe,Intersección,Bueno,Buena,Diurna,Buen Tiempo,Lateral,S/D,Atropello,S/D,Faltante,Ninguna,Sin restricción,POINT (-60.6421496 -32.978662299999996),"['Saavedra', 'Laprida']",2,Saavedra; Francisco Narciso Laprida,-32.9786623,-60.6421496,55.0,538.0,Municipio Rosario,Municipio,Rosario,820210,Servicio de Catastro e Información Territorial,IGN
2015,6243,2015-08-19,Miercoles,0.0,23:20:00,,0.0,2,"Moto/Ciclomotor,Automóvil",Grandoli Y Garibaldi,2,1,0,0,1,0,0,,Calle,,ROSARIO,Rosario,Asfalto,No existe,II,Dentro,Urbana,Ninguna,No existe,Intersección,Bueno,Buena,"Nocturna,Con luz artificial",Buen Tiempo,Lateral,S/D,Colisión,S/D,Faltante,Ninguna,Sin restricción,POINT (-60.6284414 -32.98951155),"['Avenida Abanderado Grandoli', 'José Garibaldi']",2,Avenida Abanderado Grandoli; José Garibaldi,-32.98951155,-60.6284414,55.0,538.0,Municipio Rosario,Municipio,Rosario,820210,Servicio de Catastro e Información Territorial,IGN
2015,6244,2015-08-10,Lunes,0.0,13:25:00,,0.0,2,"Automóvil,Automóvil",Pueyrredon Y Brown,2,1,0,0,1,0,0,,Calle,,ROSARIO,Rosario,Hormigón,No existe,II,S/D,Urbana,Ninguna,S/D,Recta,Bueno,Buena,Diurna,Buen Tiempo,Otro,S/D,Colisión,Otro,Faltante,Ninguna,Sin restricción,POINT (-60.6550238 -32.9336878),"['Pueyrredón', 'Brown']",2,Pueyrredón; Almirante Brown,-32.9336878,-60.6550238,55.0,538.0,Municipio Rosario,Municipio,Rosario,820210,Servicio de Catastro e Información Territorial,IGN
2015,6245,2015-08-17,Lunes,0.0,16:45:00,,0.0,2,"Moto/Ciclomotor,Automóvil",Chacabuco Y Dr.Rivas,3,2,0,0,1,0,0,,Calle,,ROSARIO,Rosario,Asfalto,No existe,II,Dentro,Urbana,Ninguna,No existe,Intersección,Bueno,Buena,Diurna,Buen Tiempo,Lateral,S/D,Colisión,S/D,Faltante,Ninguna,Sin restricción,POINT (-60.6321576 -32.986458899999995),"['Chacabuco', 'Doctor Francisco Riva']",2,Chacabuco; Doctor Francisco Riva,-32.986458899999995,-60.6321576,55.0,538.0,Municipio Rosario,Municipio,Rosario,820210,Servicio de Catastro e Información Territorial,IGN
2015,6246,2015-08-11,Martes,0.0,17:20:00,,0.0,2,"Automóvil,Moto/Ciclomotor",Alsina Y Tucuman,3,1,0,0,2,0,0,,Calle,,ROSARIO,Rosario,Asfalto,No existe,II,S/D,Urbana,Ninguna,No existe,Recta,Bueno,Buena,Diurna,Buen Tiempo,Otro,S/D,Colisión,Otro,Faltante,Ninguna,Sin restricción,POINT (-60.6752198 -32.93493639999999),"['Alsina', 'Tucumán']",2,Alsina; Tucumán,-32.93493639999999,-60.6752198,55.0,538.0,Municipio Rosario,Municipio,Rosario,820210,Servicio de Catastro e Información Territorial,IGN
2015,6247,2015-08-13,Jueves,0.0,20:00:00,,0.0,1,,Colon Y Dean Funes,3,2,0,0,1,0,0,,Calle,,ROSARIO,Rosario,Asfalto,No existe,II,Dentro,Urbana,Ninguna,No existe,Intersección,Bueno,Buena,"Nocturna,Con luz artificial",Buen Tiempo,Lateral,S/D,Colisión,S/D,Faltante,Ninguna,Sin restricción,POINT (-60.6328745 -32.9779145),"['Colon', 'Deán Gregorio Funes']",2,Cristóbal Colón; Deán Gregorio Funes,-32.9779145,-60.6328745,55.0,538.0,Municipio Rosario,Municipio,Rosario,820210,Servicio de Catastro e Información Territorial,IGN
2015,6248,2015-08-13,Jueves,0.0,20:00:00,,0.0,2,"Moto/Ciclomotor,Moto/Ciclomotor",Colon Y Dean Funes,3,2,0,0,1,0,0,,Calle,,ROSARIO,Rosario,Asfalto,No existe,II,Dentro,Urbana,Ninguna,No existe,Intersección,Bueno,Buena,"Nocturna,Con luz artificial",Buen Tiempo,Lateral,S/D,Colisión,S/D,Faltante,Ninguna,Sin restricción,POINT (-60.6328745 -32.9779145),"['Colon', 'Deán Gregorio Funes']",2,Cristóbal Colón; Deán Gregorio Funes,-32.9779145,-60.6328745,55.0,538.0,Municipio Rosario,Municipio,Rosario,820210,Servicio de Catastro e Información Territorial,IGN
2015,6249,2015-08-14,Viernes,0.0,19:20:00,,0.0,2,"Pickup/Utilitario,Moto/Ciclomotor",Vera Mujica Y Santa Fe,2,1,0,0,1,0,0,,Calle,,ROSARIO,Rosario,S/D,No existe,II,Dentro,Urbana,Semáforo,Funciona,Recta,Bueno,Buena,Diurna,Buen Tiempo,Otro,S/D,Colisión,Otro,Vertical,Ninguna,Sin restricción,POINT (-60.6665625 -32.9399498),"['Vera Mujíca', 'Santa Fe']",2,Vera Mujíca; Santa Fe,-32.9399498,-60.6665625,55.0,538.0,Municipio Rosario,Municipio,Rosario,820210,Servicio de Catastro e Información Territorial,IGN
2015,6250,2015-08-12,Miercoles,0.0,19:30:00,,0.0,2,"Moto/Ciclomotor,Automóvil",Ayacucho Y Pte.Quintana,3,2,0,0,1,0,0,,Calle,,ROSARIO,Rosario,Asfalto,No existe,II,Dentro,Urbana,Ninguna,No existe,Intersección,Bueno,Buena,"Nocturna,Con luz artificial",Buen Tiempo,Lateral,S/D,Colisión,S/D,Faltante,Ninguna,Sin restricción,POINT (-60.63599090000001 -32.98455119999999),"['Ayacucho', 'Quintana']",2,"('Ayacucho', 'Presidente Quintana')",-32.98455119999999,-60.63599090000001,55.0,538.0,Municipio Rosario,Municipio,Rosario,820210,Servicio de Catastro e Información Territorial,IGN
2015,6251,2015-08-18,Martes,0.0,10:20:00,,0.0,2,"Automóvil,Moto/Ciclomotor",Tucuman Y San Nicolas,2,1,0,0,1,0,0,,Calle,,ROSARIO,Rosario,Asfalto,No existe,II,S/D,Urbana,S/D,No existe,Recta,Bueno,Buena,Diurna,Buen Tiempo,S/D,S/D,Despeñamiento,S/D,Vertical,Ninguna,Sin restricción,POINT (-60.6711576 -32.93566819999999),"['Tucumán', 'San Nicolás']",2,Tucumán; San Nicolás,-32.93566819999999,-60.6711576,55.0,538.0,Municipio Rosario,Municipio,Rosario,820210,Servicio de Catastro e Información Territorial,IGN
2015,6253,2015-08-10,Lunes,0.0,10:30:00,,0.0,1,Pickup/Utilitario,Rueda Y Ayacucho,2,1,0,0,1,0,0,,Calle,,ROSARIO,Rosario,Asfalto,No existe,II,Dentro,Urbana,Ninguna,No existe,Intersección,Bueno,Buena,Diurna,Buen Tiempo,Lateral,S/D,Colisión,S/D,Faltante,Ninguna,Sin restricción,POINT (-60.6331082 -32.9730883),"['Rueda', 'Ayacucho']",2,Rueda; Ayacucho,-32.9730883,-60.6331082,55.0,538.0,Municipio Rosario,Municipio,Rosario,820210,Servicio de Catastro e Información Territorial,IGN
2015,6260,2015-08-09,Domingo,0.0,21:00:00,,0.0,2,"Automóvil,Automóvil",Grandoli Y Dr.Rivas,3,2,0,0,1,0,0,,Calle,,ROSARIO,Rosario,Asfalto,No existe,II,Dentro,Urbana,Ninguna,No existe,Intersección,Bueno,Buena,"Nocturna,Con luz artificial",Buen Tiempo,De alcance,S/D,Colisión,S/D,Faltante,Ninguna,Sin restricción,POINT (-60.62830819999999 -32.98712985),"['Avenida Abanderado Grandoli', 'Doctor Francisco Riva']",2,Avenida Abanderado Grandoli; Doctor Francisco Riva,-32.98712985,-60.62830819999999,55.0,538.0,Municipio Rosario,Municipio,Rosario,820210,Servicio de Catastro e Información Territorial,IGN
2015,6262,2015-08-31,Lunes,0.0,09:30:00,,0.0,2,"Automóvil,Moto/Ciclomotor",J.J.Paso Y Pje. Ariel Bis,2,1,0,0,1,0,0,,Calle,,ROSARIO,Rosario,Asfalto,No existe,II,Dentro,Urbana,Ninguna,No existe,Recta,Bueno,Buena,Diurna,Buen Tiempo,S/D,S/D,Colisión,S/D,S/D,Ninguna,Sin restricción,POINT (-60.6999658 -32.91984539999999),"['Paso', 'Ariel']",2,Avenida Juan José Paso; Ariel,-32.91984539999999,-60.6999658,55.0,538.0,Municipio Rosario,Municipio,Rosario,820210,Servicio de Catastro e Información Territorial,IGN
2015,6263,2015-08-26,Miercoles,0.0,,,0.0,2,"Automóvil,Moto/Ciclomotor",Av. Genova Y Olavarria Bis,2,1,0,0,1,0,0,,Calle,,ROSARIO,Rosario,Asfalto,No existe,II,Dentro,Urbana,Semáforo,Funciona,Recta,Bueno,Buena,Diurna,Buen Tiempo,S/D,S/D,Colisión,S/D,Vertical,Ninguna,Sin restricción,POINT (-60.7045378 -32.9157452),"['Genova', 'Olavarría']",2,Avenida Génova; Olavarría,-32.9157452,-60.7045378,55.0,538.0,Municipio Rosario,Municipio,Rosario,820210,Servicio de Catastro e Información Territorial,IGN
2015,6264,2015-08-25,Martes,0.0,,,0.0,2,"Peatón,Moto/Ciclomotor",Olavarria Bis Y Av. Genova,3,1,0,0,2,0,0,,Calle,,ROSARIO,Rosario,Asfalto,No existe,II,Dentro,Urbana,Ninguna,Funciona,Recta,Bueno,Buena,Diurna,Buen Tiempo,Frontal,S/D,Atropello,S/D,S/D,Ninguna,Sin restricción,POINT (-60.7045378 -32.9157452),"['Olavarría', 'Genova']",2,Olavarría; Avenida Génova,-32.9157452,-60.7045378,55.0,538.0,Municipio Rosario,Municipio,Rosario,820210,Servicio de Catastro e Información Territorial,IGN
2015,6266,2015-08-24,Lunes,0.0,14:50:00,,0.0,2,"Moto/Ciclomotor,Automóvil",Av. Provincias Unidas Y Av. Genova,2,1,0,0,1,0,0,,Calle,,ROSARIO,Rosario,Asfalto,No existe,II,Dentro,Urbana,S/D,Funciona,Recta,Bueno,Buena,Diurna,Buen Tiempo,S/D,S/D,Colisión,S/D,Faltante,S/D,S/D,POINT (-60.713807349999996 -32.916028749999995),"['Avenida Provincias Unidas', 'Genova']",2,Avenida Provincias Unidas; Avenida Génova,-32.916028749999995,-60.71380735,55.0,538.0,Municipio Rosario,Municipio,Rosario,820210,Servicio de Catastro e Información Territorial,IGN
2015,6267,2015-08-23,Domingo,0.0,,,0.0,1,Automóvil,Mariano Cabal Bis Y Av. Genova,1,1,0,0,0,0,0,,Calle,,ROSARIO,Rosario,Asfalto,No existe,II,Dentro,Urbana,Ninguna,No existe,Recta,Bueno,Buena,Nocturna,Buen Tiempo,S/D,S/D,S/D,S/D,Faltante,Ninguna,Sin restricción,POINT (-60.7027895 -32.9156955),"['Mariano Cabal', 'Genova']",2,Mariano Cabal; Avenida Génova,-32.9156955,-60.7027895,55.0,538.0,Municipio Rosario,Municipio,Rosario,820210,Servicio de Catastro e Información Territorial,IGN