anio_acci,nro_acci,fecha,desc_dia,fecha_aprox,hora_aprox,desc_ruta,km,cant_participantes,desc_participante,calle_avenida_km,total,heridos_leves,heridos_graves,heridos_gravisimos,ilesos,fallecidos,sin_datos,posicion_XY,desc_tipo_via,desc_ruta_ori,desc_loc,desc_dpto,desc_tipo_calzada,desc_tipo_banquina,desc_unidad_regional,desc_lugar_calzada,desc_zona,desc_prioridad,desc_estado_semaforo,desc_lugar_via,desc_estado_via,desc_estado_visibilidad,desc_luminosidad,desc_estado_clima,desc_tipo_colision,desc_tipo_atropello,desc_tipo_hecho,desc_pres_calzada,desc_senializacion,desc_separacion_via,desc_restriccion,forma_geocod,calle_lista,numero_calles,calles_osm,lat,lon,index_right,gid,fna,gna,nam,in1,fdc,sag
2015,6429,2015-08-26,Miercoles,0.0,21:50:00,,0.0,2,"Automóvil,Automóvil",Av. Provincias Unidas Y Av. Pte.Peron,4,3,0,0,1,0,0,,Avenida,,ROSARIO,Rosario,Asfalto,Pavimento,II,Dentro,Urbana,Semáforo,Funciona,Intersección,Bueno,Buena,Nocturna,Buen Tiempo,Lateral,S/D,Colisión,S/D,S/D,S/D,Sin restricción,POINT (-60.711466349999995 -32.9679676),"['Avenida Provincias Unidas', 'Avenida Presidente Perón']",2,Avenida Provincias Unidas; Avenida Presidente Perón,-32.9679676,-60.71146635,55.0,538.0,Municipio Rosario,Municipio,Rosario,820210,Servicio de Catastro e Información Territorial,IGN
2015,6431,2015-08-16,Domingo,0.0,18:00:00,,0.0,2,"Moto/Ciclomotor,Automóvil",Bv. 27 De Febrero Y Av. Circunvalacion,4,3,0,0,1,0,0,,Avenida,,ROSARIO,Rosario,Asfalto,No existe,II,Dentro,Urbana,Semáforo,Funciona,Intersección,Bueno,Buena,Diurna,Buen Tiempo,Lateral,S/D,Colisión,S/D,S/D,S/D,Sin restricción,POINT (-60.671730569613096 -32.965475411263625),"['27 de Febrero', 'Circunvalacion']",2,Bulevar 27 de Febrero; Avenida de Circunvalación 25 de Mayo,-32.965475411263625,-60.671730569613096,55.0,538.0,Municipio Rosario,Municipio,Rosario,820210,Servicio de Catastro e Información Territorial,IGN
2015,6433,2015-08-13,Jueves,0.0,12:00:00,,0.0,2,"Moto/Ciclomotor,Automóvil",Guatemala Y Pje. Volta,2,1,0,0,1,0,0,,Calle,,ROSARIO,Rosario,Asfalto,S/D,II,Dentro,Urbana,S/D,S/D,Intersección,Bueno,Buena,Diurna,Buen Tiempo,Lateral,S/D,Colisión,S/D,S/D,S/D,Sin restricción,POINT (-60.71650880000001 -32.95876570000001),"['Guatemala', 'Volta']",2,Guatemala; Volta,-32.95876570000001,-60.71650880000001,55.0,538.0,Municipio Rosario,Municipio,Rosario,820210,Servicio de Catastro e Información Territorial,IGN
2015,6435,2015-07-06,Lunes,0.0,14:48:00,,0.0,2,"Automóvil,Moto/Ciclomotor",Mendoza Y Valparaiso,2,1,0,0,1,0,0,,Calle,,ROSARIO,Rosario,Asfalto,S/D,II,Dentro,Urbana,S/D,S/D,S/D,S/D,S/D,S/D,S/D,S/D,S/D,Colisión,S/D,S/D,S/D,S/D,POINT (-60.6831208 -32.9437541),"['Mendoza', 'Valparaíso']",2,Mendoza; Valparaíso,-32.9437541,-60.6831208,55.0,538.0,Municipio Rosario,Municipio,Rosario,820210,Servicio de Catastro e Información Territorial,IGN
2015,6436,2015-07-24,Viernes,0.0,,,0.0,2,"Bicicleta,Automóvil",San Luis Y San Nicolas,2,2,0,0,0,0,0,,Calle,,ROSARIO,Rosario,Asfalto,S/D,II,Dentro,Urbana,S/D,S/D,S/D,S/D,S/D,S/D,S/D,S/D,S/D,Atropello,S/D,S/D,S/D,S/D,POINT (-60.6729863 -32.942945),"['San Luis', 'San Nicolás']",2,San Luis; San Nicolás,-32.942945,-60.6729863,55.0,538.0,Municipio Rosario,Municipio,Rosario,820210,Servicio de Catastro e Información Territorial,IGN
2015,6437,2015-07-22,Miercoles,0.0,19:30:00,,0.0,2,"Pickup/Utilitario,Moto/Ciclomotor",Rodriguez Y 9 De Julio,2,2,0,0,0,0,0,,Calle,,ROSARIO,Rosario,Asfalto,S/D,II,Dentro,Urbana,S/D,S/D,S/D,S/D,S/D,S/D,S/D,S/D,S/D,Colisión,S/D,S/D,S/D,S/D,POINT (-60.66057760000001 -32.9501913),"['Rodríguez', '9 de Julio']",2,Rodríguez de Escobedo; 9 de Julio,-32.9501913,-60.66057760000001,55.0,538.0,Municipio Rosario,Municipio,Rosario,820210,Servicio de Catastro e Información Territorial,IGN
2015,6439,2015-07-16,Jueves,0.0,10:00:00,,0.0,2,"Automóvil,Bicicleta",Mendoza Y Pueyrredon,2,1,0,0,1,0,0,,Calle,,ROSARIO,Rosario,Asfalto,S/D,II,Dentro,Urbana,S/D,S/D,S/D,S/D,S/D,S/D,S/D,S/D,S/D,Atropello,S/D,S/D,S/D,S/D,POINT (-60.658654199999994 -32.9481107),"['Mendoza', 'Pueyrredón']",2,Mendoza; Pueyrredón,-32.9481107,-60.6586542,55.0,538.0,Municipio Rosario,Municipio,Rosario,820210,Servicio de Catastro e Información Territorial,IGN
2015,6441,2015-07-15,Miercoles,0.0,18:00:00,,0.0,1,Moto/Ciclomotor,Av. Avellaneda B Y Mendoza,2,1,0,0,0,0,1,,Avenida,,ROSARIO,Rosario,Asfalto,S/D,II,Dentro,Urbana,S/D,S/D,S/D,S/D,S/D,S/D,S/D,S/D,S/D,Colisión,S/D,S/D,S/D,S/D,POINT (-60.680421100000004 -32.94423964999999),"['Avellaneda', 'Mendoza']",2,Bulevar Nicolás Avellaneda; Mendoza,-32.94423964999999,-60.6804211,55.0,538.0,Municipio Rosario,Municipio,Rosario,820210,Servicio de Catastro e Información Territorial,IGN
2015,6442,2015-07-14,Martes,0.0,13:30:00,,0.0,2,"Moto/Ciclomotor,Automóvil",San Luis Y San Nicolas,2,1,0,0,1,0,0,,Calle,,ROSARIO,Rosario,Asfalto,S/D,II,Dentro,Urbana,S/D,S/D,S/D,S/D,S/D,S/D,S/D,S/D,S/D,Colisión,S/D,S/D,S/D,S/D,POINT (-60.6729863 -32.942945),"['San Luis', 'San Nicolás']",2,San Luis; San Nicolás,-32.942945,-60.6729863,55.0,538.0,Municipio Rosario,Municipio,Rosario,820210,Servicio de Catastro e Información Territorial,IGN
2015,6444,2015-07-14,Martes,0.0,09:00:00,,0.0,2,"Automóvil,Pickup/Utilitario",Av. Ovidio Lagos Y Mendoza,3,2,0,0,1,0,0,,Avenida,,ROSARIO,Rosario,Asfalto,S/D,II,Dentro,Urbana,S/D,S/D,S/D,S/D,S/D,S/D,S/D,S/D,S/D,Colisión,S/D,S/D,S/D,S/D,POINT (-60.6627415 -32.947382499999996),"['Avenida Ovidio Lagos', 'Mendoza']",2,Avenida Ovidio Lagos; Mendoza,-32.9473825,-60.6627415,55.0,538.0,Municipio Rosario,Municipio,Rosario,820210,Servicio de Catastro e Información Territorial,IGN
2015,6448,2015-07-17,Viernes,0.0,15:00:00,,0.0,2,"Pickup/Utilitario,Automóvil",3 De Febrero Y Castellanos,3,2,0,0,1,0,0,,Calle,,ROSARIO,Rosario,Asfalto,S/D,II,Dentro,Urbana,S/D,S/D,S/D,S/D,S/D,Diurna,S/D,S/D,S/D,Colisión,S/D,S/D,S/D,S/D,POINT (-60.6767004 -32.9461743),"['3 de Febrero', 'Aaron Castellanos']",2,3 de Febrero; Aaron Castellanos,-32.9461743,-60.6767004,55.0,538.0,Municipio Rosario,Municipio,Rosario,820210,Servicio de Catastro e Información Territorial,IGN
2015,6449,2015-07-25,Sabado,0.0,23:00:00,,0.0,3,"Vehículo Oficial,Automóvil,Automóvil",San Juan Y Servando Bayo,7,3,0,0,4,0,0,,Calle,,ROSARIO,Rosario,Asfalto,S/D,II,Dentro,Urbana,S/D,S/D,S/D,S/D,S/D,Nocturna,S/D,Múltiple,S/D,Colisión,S/D,S/D,S/D,S/D,POINT (-60.6855098 -32.94187949999999),"['San Juan', 'Servando Bayo']",2,San Juan; Servando Bayo,-32.94187949999999,-60.6855098,55.0,538.0,Municipio Rosario,Municipio,Rosario,820210,Servicio de Catastro e Información Territorial,IGN
2015,6450,2015-07-16,Jueves,0.0,07:50:00,,0.0,2,"Automóvil,Automóvil",Vera Mujica Y San Juan,5,1,0,0,4,0,0,,Calle,,ROSARIO,Rosario,Asfalto,S/D,II,Dentro,Urbana,S/D,S/D,S/D,S/D,S/D,Diurna,S/D,S/D,S/D,Colisión,S/D,S/D,S/D,S/D,POINT (-60.6678428 -32.94501609999999),"['Vera Mujíca', 'San Juan']",2,Vera Mujíca; San Juan,-32.94501609999999,-60.6678428,55.0,538.0,Municipio Rosario,Municipio,Rosario,820210,Servicio de Catastro e Información Territorial,IGN
2015,6451,2015-07-24,Viernes,0.0,18:20:00,,0.0,2,"Taxi/Remis,Moto/Ciclomotor",Av. Avellaneda B Y E.Zeballos,3,1,0,0,2,0,0,,Calle,,ROSARIO,Rosario,Asfalto,S/D,II,Dentro,Urbana,S/D,S/D,S/D,S/D,S/D,Diurna,S/D,S/D,S/D,Colisión,S/D,S/D,S/D,S/D,POINT (-60.68126855 -32.94766455),"['Avellaneda', 'Zeballos']",2,Bulevar Nicolás Avellaneda; Zeballos,-32.94766455,-60.68126855,55.0,538.0,Municipio Rosario,Municipio,Rosario,820210,Servicio de Catastro e Información Territorial,IGN
2015,6452,2015-07-14,Martes,0.0,11:00:00,,0.0,2,"Vehículo Oficial,Moto/Ciclomotor",Ricchieri Y San Luis,4,3,0,0,1,0,0,,Calle,,ROSARIO,Rosario,Asfalto,S/D,II,Dentro,Urbana,S/D,S/D,S/D,S/D,S/D,Diurna,S/D,S/D,S/D,Colisión,S/D,S/D,S/D,S/D,POINT (-60.6635007 -32.944650300000006),"['Ricchieri', 'San Luis']",2,Ricchieri; San Luis,-32.944650300000006,-60.6635007,55.0,538.0,Municipio Rosario,Municipio,Rosario,820210,Servicio de Catastro e Información Territorial,IGN
2015,6454,2015-07-03,Viernes,0.0,20:48:00,,0.0,2,"Moto/Ciclomotor,Automóvil",Lavalle Y 3 De Febrero,3,3,0,0,0,0,0,,Calle,,ROSARIO,Rosario,Asfalto,S/D,II,Dentro,Urbana,S/D,S/D,S/D,S/D,S/D,Diurna,S/D,S/D,S/D,Colisión,S/D,S/D,S/D,S/D,POINT (-60.6793582 -32.94569909999999),"['Lavalle', '3 de Febrero']",2,Lavalle; 3 de Febrero,-32.94569909999999,-60.6793582,55.0,538.0,Municipio Rosario,Municipio,Rosario,820210,Servicio de Catastro e Información Territorial,IGN
2015,6456,2015-07-20,Lunes,0.0,22:00:00,,0.0,2,"Moto/Ciclomotor,Automóvil",San Juan Y Av. Ovidio Lagos,2,1,0,0,1,0,0,,Avenida,,ROSARIO,Rosario,Asfalto,S/D,II,Dentro,Urbana,S/D,S/D,S/D,S/D,S/D,Nocturna,S/D,S/D,S/D,Colisión,S/D,S/D,S/D,S/D,POINT (-60.6623913 -32.945991799999994),"['San Juan', 'Avenida Ovidio Lagos']",2,San Juan; Avenida Ovidio Lagos,-32.945991799999994,-60.6623913,55.0,538.0,Municipio Rosario,Municipio,Rosario,820210,Servicio de Catastro e Información Territorial,IGN
2015,6460,2015-08-07,Viernes,0.0,12:30:00,,0.0,2,"Peatón,Automóvil",Bv. 27 De Febrero Y Av. Circunvalacion,2,1,0,0,1,0,0,,Avenida,,ROSARIO,Rosario,Asfalto,No existe,II,Dentro,Urbana,Semáforo,Funciona,Intersección,Bueno,Buena,Diurna,Buen Tiempo,S/D,S/D,Atropello,S/D,S/D,S/D,S/D,POINT (-60.671730569613096 -32.965475411263625),"['27 de Febrero', 'Circunvalacion']",2,Bulevar 27 de Febrero; Avenida de Circunvalación 25 de Mayo,-32.965475411263625,-60.671730569613096,55.0,538.0,Municipio Rosario,Municipio,Rosario,820210,Servicio de Catastro e Información Territorial,IGN
2015,6461,2015-08-24,Lunes,0.0,16:30:00,,0.0,2,"Moto/Ciclomotor,Automóvil",Bv. 27 De Febrero Y P.L.Funes,2,1,0,0,1,0,0,,Avenida,,ROSARIO,Rosario,Asfalto,No existe,II,Dentro,Urbana,S/D,No existe,Intersección,Bueno,Buena,Diurna,Buen Tiempo,Lateral,S/D,Colisión,Ninguna,Faltante,Barrera de hormigón,Sin restricción,POINT (-60.7004364 -32.95892515),"['27 de Febrero', 'Funes']",2,Bulevar 27 de Febrero; Deán Gregorio Funes,-32.95892515,-60.7004364,55.0,538.0,Municipio Rosario,Municipio,Rosario,820210,Servicio de Catastro e Información Territorial,IGN
2015,6468,2015-08-13,Jueves,0.0,16:50:00,,0.0,2,"Bicicleta,Automóvil",Godoy Cruz Y Solis,2,1,0,0,1,0,0,,Avenida,,ROSARIO,Rosario,Asfalto,No existe,II,Dentro,Urbana,S/D,No existe,Intersección,Bueno,Buena,Diurna,Buen Tiempo,S/D,S/D,Atropello,S/D,Faltante,S/D,Sin restricción,POINT (-60.702429949999996 -32.96342739999999),"['Avenida Presidente Perón', 'Solis']",2,Avenida Presidente Perón; Juan Díaz de Solís,-32.96342739999999,-60.70242995,55.0,538.0,Municipio Rosario,Municipio,Rosario,820210,Servicio de Catastro e Información Territorial,IGN
2015,6469,2015-08-07,Viernes,0.0,19:00:00,,0.0,2,"Bicicleta,Moto/Ciclomotor",Bv. Segui Y Campbell,2,1,0,0,1,0,0,,Avenida,,ROSARIO,Rosario,Asfalto,No existe,II,Dentro,Urbana,Semáforo,Funciona,Intersección,Bueno,Buena,Atardecer,Buen Tiempo,S/D,S/D,Atropello,Ninguna,Vertical,Barrera de hormigón,S/D,POINT (-60.706747325 -32.9709138),"['Bulevar Juan Francisco Seguí', 'Campbell']",2,Bulevar Juan Francisco Seguí; Campbell,-32.9709138,-60.706747325,55.0,538.0,Municipio Rosario,Municipio,Rosario,820210,Servicio de Catastro e Información Territorial,IGN
2015,6470,2015-07-02,Jueves,0.0,19:40:00,,0.0,2,"Automóvil,Moto/Ciclomotor",San Luis Y Carriego,3,2,0,0,1,0,0,,Calle,,ROSARIO,Rosario,Asfalto,S/D,II,Dentro,Urbana,S/D,S/D,S/D,S/D,S/D,Diurna,S/D,S/D,S/D,Colisión,S/D,S/D,S/D,S/D,POINT (-60.6893133 -32.93999980000001),"['San Luis', 'Carriego']",2,San Luis; Carriego,-32.93999980000001,-60.6893133,55.0,538.0,Municipio Rosario,Municipio,Rosario,820210,Servicio de Catastro e Información Territorial,IGN
2015,6471,2015-08-04,Martes,0.0,10:50:00,,0.0,2,"Moto/Ciclomotor,Automóvil",Godoy Cruz Y F.More,2,1,0,0,1,0,0,,Calle,,ROSARIO,Rosario,Asfalto,No existe,II,Dentro,Urbana,Semáforo,Funciona,Intersección,Con baches,Buena,Diurna,Buen Tiempo,Lateral,S/D,Colisión,Ninguna,Vertical,S/D,S/D,POINT (-60.69300505 -32.95869104999999),"['Avenida Presidente Perón', 'Felipe Moré']",2,Avenida Presidente Perón; Felipe Moré,-32.95869104999999,-60.69300505,55.0,538.0,Municipio Rosario,Municipio,Rosario,820210,Servicio de Catastro e Información Territorial,IGN
2015,6472,2015-07-02,Jueves,0.0,,,0.0,2,"Peatón,Taxi/Remis",Cordoba Y Ricchieri,2,1,0,0,1,0,0,,Calle,,ROSARIO,Rosario,Asfalto,S/D,II,Dentro,Urbana,S/D,S/D,S/D,S/D,S/D,S/D,S/D,S/D,S/D,Atropello,S/D,S/D,S/D,S/D,POINT (-60.662846 -32.94202899999999),"['Córdoba', 'Ricchieri']",2,Córdoba; Ricchieri,-32.94202899999999,-60.662846,55.0,538.0,Municipio Rosario,Municipio,Rosario,820210,Servicio de Catastro e Información Territorial,IGN
2015,6474,2015-08-06,Jueves,0.0,21:50:00,,0.0,2,"Moto/Ciclomotor,Automóvil",Bv. Segui Y Campbell,3,1,1,0,1,0,0,,Avenida,,ROSARIO,Rosario,Asfalto,No existe,II,Dentro,Urbana,S/D,No existe,Intersección,Bueno,Buena,Nocturna,Buen Tiempo,Lateral,S/D,Colisión,S/D,Faltante,Barrera de hormigón,Sin restricción,POINT (-60.706747325 -32.9709138),"['Bulevar Juan Francisco Seguí', 'Campbell']",2,Bulevar Juan Francisco Seguí; Campbell,-32.9709138,-60.706747325,55.0,538.0,Municipio Rosario,Municipio,Rosario,820210,Servicio de Catastro e Información Territorial,IGN
2015,6475,2015-07-01,Miercoles,0.0,18:30:00,,0.0,2,"Automóvil,Moto/Ciclomotor",Av. Pellegrini Y Vera Mujica,2,1,0,0,1,0,0,,Calle,,ROSARIO,Rosario,Asfalto,S/D,II,Dentro,Urbana,S/D,S/D,S/D,S/D,S/D,Diurna,S/D,S/D,S/D,Colisión,S/D,S/D,S/D,S/D,POINT (-60.6696235 -32.952139450000004),"['Pellegrini', 'Vera Mujíca']",2,Avenida Carlos Pellegrini; Vera Mujíca,-32.952139450000004,-60.6696235,55.0,538.0,Municipio Rosario,Municipio,Rosario,820210,Servicio de Catastro e Información Territorial,IGN
2015,6476,2015-07-01,Miercoles,0.0,08:30:00,,0.0,2,"Moto/Ciclomotor,Moto/Ciclomotor",Callao Y Cordoba,2,2,0,0,0,0,0,,Calle,,ROSARIO,Rosario,Asfalto,S/D,II,Dentro,Urbana,S/D,S/D,S/D,S/D,S/D,Diurna,S/D,S/D,S/D,Colisión,S/D,S/D,S/D,S/D,POINT (-60.6601292 -32.94251589999998),"['Callao', 'Córdoba']",2,Callao; Córdoba,-32.94251589999998,-60.6601292,55.0,538.0,Municipio Rosario,Municipio,Rosario,820210,Servicio de Catastro e Información Territorial,IGN
2015,6499,2015-07-18,Sabado,0.0,10:30:00,,0.0,2,"Automóvil,Moto/Ciclomotor",E.Zeballos Y Cafferata,2,1,0,0,1,0,0,,Calle,,ROSARIO,Rosario,Asfalto,S/D,II,Dentro,Urbana,S/D,S/D,S/D,S/D,S/D,S/D,S/D,S/D,S/D,Colisión,S/D,S/D,S/D,S/D,POINT (-60.67310489999999 -32.949117799999996),"['Zeballos', 'Cafferata']",2,Zeballos; Cafferata,-32.9491178,-60.67310489999999,55.0,538.0,Municipio Rosario,Municipio,Rosario,820210,Servicio de Catastro e Información Territorial,IGN
2015,6500,2015-07-02,Jueves,0.0,16:30:00,,0.0,2,"Automóvil,Automóvil",Bv. Avellaneda Y Cordoba,2,1,0,0,1,0,0,,Calle,,ROSARIO,Rosario,Asfalto,S/D,II,Dentro,Urbana,S/D,S/D,S/D,S/D,S/D,S/D,S/D,S/D,S/D,Colisión,S/D,S/D,S/D,S/D,POINT (-60.67916835 -32.939088049999995),"['Avellaneda', 'Córdoba']",2,Bulevar Nicolás Avellaneda; Córdoba,-32.939088049999995,-60.67916835,55.0,538.0,Municipio Rosario,Municipio,Rosario,820210,Servicio de Catastro e Información Territorial,IGN
2015,6507,2015-07-02,Jueves,0.0,06:30:00,,0.0,2,"Automóvil,Moto/Ciclomotor",Mendoza Y Av. Ovidio Lagos,3,2,0,0,1,0,0,,Calle,,ROSARIO,Rosario,Asfalto,S/D,II,Dentro,Urbana,S/D,S/D,S/D,S/D,S/D,Diurna,S/D,S/D,S/D,Colisión,S/D,S/D,S/D,S/D,POINT (-60.6627415 -32.947382499999996),"['Mendoza', 'Avenida Ovidio Lagos']",2,Mendoza; Avenida Ovidio Lagos,-32.9473825,-60.6627415,55.0,538.0,Municipio Rosario,Municipio,Rosario,820210,Servicio de Catastro e Información Territorial,IGN
2015,6523,2015-07-01,Miercoles,0.0,15:30:00,,0.0,2,"Pickup/Utilitario,Automóvil",Mendoza Y Cafferata,3,3,0,0,0,0,0,,Calle,,ROSARIO,Rosario,Asfalto,S/D,II,Dentro,Urbana,S/D,S/D,S/D,S/D,S/D,S/D,S/D,S/D,S/D,Colisión,S/D,S/D,S/D,S/D,POINT (-60.672258799999994 -32.9456991),"['Mendoza', 'Cafferata']",2,Mendoza; Cafferata,-32.9456991,-60.6722588,55.0,538.0,Municipio Rosario,Municipio,Rosario,820210,Servicio de Catastro e Información Territorial,IGN
2015,6544,2015-07-18,Sabado,0.0,17:40:00,,0.0,2,"Moto/Ciclomotor,Automóvil",Av. Pellegrini Y Lima,2,1,0,0,1,0,0,,Calle,,ROSARIO,Rosario,Asfalto,S/D,II,Dentro,Urbana,S/D,S/D,S/D,S/D,S/D,Diurna,S/D,S/D,S/D,Colisión,S/D,S/D,S/D,S/D,POINT (-60.68596305 -32.94921605),"['Pellegrini', 'Lima']",2,Avenida Carlos Pellegrini; Lima,-32.94921605,-60.68596305,55.0,538.0,Municipio Rosario,Municipio,Rosario,820210,Servicio de Catastro e Información Territorial,IGN
2015,6545,2015-08-19,Miercoles,0.0,09:55:00,,0.0,3,"Moto/Ciclomotor,Automóvil,Pickup/Utilitario",Junin Y Suiza,4,2,0,0,1,0,1,,Calle,,ROSARIO,Rosario,Asfalto,S/D,II,S/D,Urbana,S/D,S/D,Intersección,S/D,S/D,Diurna,S/D,Otro,S/D,Colisión,S/D,S/D,S/D,S/D,POINT (-60.6876273 -32.926874299999994),"['Junín', 'Suiza']",2,Junín; Suiza,-32.926874299999994,-60.6876273,55.0,538.0,Municipio Rosario,Municipio,Rosario,820210,Servicio de Catastro e Información Territorial,IGN
2015,6581,2015-02-23,Lunes,0.0,17:35:00,,0.0,2,"Moto/Ciclomotor,Pickup/Utilitario",Rivarola Y Hermana Paula,2,1,0,0,1,0,0,,Calle,,ROSARIO,Rosario,S/D,S/D,II,Dentro,Urbana,S/D,S/D,S/D,S/D,S/D,Atardecer,S/D,S/D,S/D,Colisión,S/D,S/D,S/D,S/D,POINT (-60.72970015 -32.966375400000004),"['Rivarola', 'Hermana Paula Márquez']",2,Avenida Doctor Rivarola; Hermana Paula Márquez,-32.966375400000004,-60.72970015,55.0,538.0,Municipio Rosario,Municipio,Rosario,820210,Servicio de Catastro e Información Territorial,IGN
2015,6893,2015-03-20,Viernes,0.0,08:00:00,,0.0,1,Vehículo Oficial,Av. Circunvalacion Y Mendoza,1,1,0,0,0,0,0,,Avenida,,ROSARIO,Rosario,S/D,S/D,II,Dentro,Urbana,S/D,S/D,Intersección,S/D,S/D,S/D,S/D,Contra objeto fijo,S/D,"Colisión,Despiste",S/D,S/D,S/D,S/D,POINT (-60.72253500134355 -32.94050844672854),"['Circunvalacion', 'Mendoza']",2,Avenida de Circunvalación 25 de Mayo; Mendoza,-32.94050844672854,-60.72253500134355,55.0,538.0,Municipio Rosario,Municipio,Rosario,820210,Servicio de Catastro e Información Territorial,IGN
2015,7069,2015-05-15,Viernes,0.0,18:30:00,,0.0,2,"Automóvil,Transporte de Pasajeros (H/ 8 asientos)",French Y Nicaragua,3,1,0,0,2,0,0,,Calle,,ROSARIO,Rosario,Asfalto,No existe,II,S/D,Urbana,Ninguna,No existe,Recta,Bueno,Buena,Atardecer,Buen Tiempo,De alcance,S/D,Colisión,Otro,Faltante,Ninguna,Sin restricción,POINT (-60.7215001 -32.92200940000001),"['French', 'Nicaragua']",2,Domingo French; Nicaragua,-32.92200940000001,-60.7215001,55.0,538.0,Municipio Rosario,Municipio,Rosario,820210,Servicio de Catastro e Información Territorial,IGN
2015,7126,2015-10-01,Jueves,0.0,13:25:00,,0.0,2,"Transporte de Pasajeros Urbano (> 8 asientos),Peatón",Av. Ntra.Sra.del Rosario Y San Martin,2,1,0,0,1,0,0,,Calle,,ROSARIO,Rosario,Asfalto,No existe,II,Dentro,Urbana,Ninguna,No existe,Recta,Bueno,Buena,Diurna,Buen Tiempo,S/D,S/D,Atropello,Ninguna,S/D,Ninguna,Sin restricción,POINT (-60.64865950000001 -32.999877549999994),"['Nuestra Señora del Rosario', 'San Martin']",2,Puente Nuestra Señora del Rosario; José de San Martín,-32.999877549999994,-60.64865950000001,55.0,538.0,Municipio Rosario,Municipio,Rosario,820210,Servicio de Catastro e Información Territorial,IGN
2015,7129,2015-06-11,Jueves,0.0,17:45:00,,0.0,2,"Bicicleta,Transporte de Pasajeros Urbano (> 8 asientos)",Cordoba 3800,2,1,0,0,1,0,0,,Calle,,ROSARIO,Rosario,Asfalto,S/D,II,Dentro,Urbana,S/D,S/D,S/D,S/D,S/D,Diurna,S/D,S/D,S/D,Atropello,S/D,S/D,S/D,S/D,"-32.9397969, -60.6748933",['Cordoba 3800'],1,Cordoba 3800,-32.9397969,-60.6748933,55.0,538.0,Municipio Rosario,Municipio,Rosario,820210,Servicio de Catastro e Información Territorial,IGN
2015,7130,2015-07-15,Miercoles,0.0,03:00:00,,0.0,2,"Automóvil,Automóvil",Bv. Oroño Y Santa Fe,2,1,0,0,1,0,0,,Avenida,,ROSARIO,Rosario,Asfalto,S/D,II,Dentro,Urbana,Semáforo,Funciona,Intersección,Bueno,Buena,"Nocturna,Con luz artificial",Buen Tiempo,Lateral,S/D,Colisión,S/D,S/D,Cordón divisorio,S/D,POINT (-60.65298555 -32.94236794999999),"['Bulevar Nicasio Oroño', 'Santa Fe']",2,Bulevar Nicasio Oroño; Santa Fe,-32.94236794999999,-60.65298555,55.0,538.0,Municipio Rosario,Municipio,Rosario,820210,Servicio de Catastro e Información Territorial,IGN
2015,7131,2015-07-06,Lunes,0.0,10:20:00,,0.0,2,"Bicicleta,Pickup/Utilitario",9 De Julio 600,2,1,0,0,1,0,0,,Calle,,ROSARIO,Rosario,Asfalto,S/D,II,Dentro,Urbana,S/D,S/D,Recta,Bueno,Buena,Diurna,Buen Tiempo,S/D,S/D,Atropello,S/D,S/D,Cordón divisorio,S/D,"-32.9550904, -60.6329682",['9 De Julio 600'],1,9 De Julio 600,-32.9550904,-60.6329682,55.0,538.0,Municipio Rosario,Municipio,Rosario,820210,Servicio de Catastro e Información Territorial,IGN
2015,7132,2015-06-12,Viernes,0.0,,,0.0,1,Automóvil,Mendoza Y Av. Ovidio Lagos,4,2,0,0,2,0,0,,Avenida,,ROSARIO,Rosario,Asfalto,S/D,II,Dentro,Urbana,S/D,S/D,Intersección,S/D,S/D,S/D,S/D,Lateral,S/D,Colisión,S/D,S/D,S/D,S/D,POINT (-60.6627415 -32.947382499999996),"['Mendoza', 'Avenida Ovidio Lagos']",2,Mendoza; Avenida Ovidio Lagos,-32.9473825,-60.6627415,55.0,538.0,Municipio Rosario,Municipio,Rosario,820210,Servicio de Catastro e Información Territorial,IGN
2015,7133,2015-06-08,Lunes,0.0,05:45:00,,0.0,2,"Moto/Ciclomotor,Taxi/Remis",Rioja Y Pueyrredon,2,2,0,0,0,0,0,,Calle,,ROSARIO,Rosario,Asfalto,S/D,II,Dentro,Urbana,S/D,S/D,S/D,S/D,S/D,Nocturna,S/D,S/D,S/D,Colisión,S/D,S/D,S/D,S/D,POINT (-60.6576513 -32.944126799999985),"['Rioja', 'Pueyrredón']",2,Rioja; Pueyrredón,-32.944126799999985,-60.6576513,55.0,538.0,Municipio Rosario,Municipio,Rosario,820210,Servicio de Catastro e Información Territorial,IGN
2015,7134,2015-06-08,Lunes,0.0,05:30:00,,0.0,1,Automóvil,Mendoza Y Rodriguez,1,1,0,0,0,0,0,,Calle,,ROSARIO,Rosario,S/D,S/D,II,Dentro,Urbana,S/D,S/D,S/D,S/D,S/D,Nocturna,S/D,Contra objeto fijo,S/D,Colisión,S/D,S/D,S/D,S/D,POINT (-60.6599916 -32.9478724),"['Mendoza', 'Rodríguez']",2,Mendoza; Rodríguez de Escobedo,-32.9478724,-60.6599916,55.0,538.0,Municipio Rosario,Municipio,Rosario,820210,Servicio de Catastro e Información Territorial,IGN
2015,7138,2015-10-06,Martes,0.0,16:15:00,,0.0,2,"Automóvil,Moto/Ciclomotor",Lamadrid Y Av. Corrientes,2,1,0,0,1,0,0,,Calle,,ROSARIO,Rosario,Asfalto,No existe,II,Dentro,Urbana,Ninguna,No existe,Intersección,Bueno,Buena,Diurna,Buen Tiempo,S/D,S/D,Colisión,S/D,S/D,Ninguna,Sin restricción,POINT (-60.653511200000004 -32.99723920000001),"['Lamadrid', 'Corrientes']",2,Gregorio Aráoz de Lamadrid; Corrientes,-32.99723920000001,-60.6535112,55.0,538.0,Municipio Rosario,Municipio,Rosario,820210,Servicio de Catastro e Información Territorial,IGN
2015,7139,2015-10-08,Jueves,0.0,16:00:00,,0.0,2,"Automóvil,Peatón",Entre Rios 3800,2,1,0,0,1,0,0,,Calle,,ROSARIO,Rosario,Asfalto,No existe,II,Dentro,Urbana,S/D,No existe,Recta,Bueno,Buena,Diurna,Buen Tiempo,S/D,S/D,Atropello,S/D,Vertical,Ninguna,Sin restricción,"-32.9809937, -60.6498761",['Entre Rios 3800'],1,Entre Rios 3800,-32.9809937,-60.6498761,55.0,538.0,Municipio Rosario,Municipio,Rosario,820210,Servicio de Catastro e Información Territorial,IGN