anio_acci,nro_acci,fecha,desc_dia,fecha_aprox,hora_aprox,desc_ruta,km,cant_participantes,desc_participante,calle_avenida_km,total,heridos_leves,heridos_graves,heridos_gravisimos,ilesos,fallecidos,sin_datos,posicion_XY,desc_tipo_via,desc_ruta_ori,desc_loc,desc_dpto,desc_tipo_calzada,desc_tipo_banquina,desc_unidad_regional,desc_lugar_calzada,desc_zona,desc_prioridad,desc_estado_semaforo,desc_lugar_via,desc_estado_via,desc_estado_visibilidad,desc_luminosidad,desc_estado_clima,desc_tipo_colision,desc_tipo_atropello,desc_tipo_hecho,desc_pres_calzada,desc_senializacion,desc_separacion_via,desc_restriccion,forma_geocod,calle_lista,numero_calles,calles_osm,lat,lon,index_right,gid,fna,gna,nam,in1,fdc,sag
2015,7140,2015-10-09,Viernes,0.0,22:10:00,,0.0,2,"Automóvil,Moto/Ciclomotor",San Martin Y Ameghino,3,2,0,0,1,0,0,,Calle,,ROSARIO,Rosario,Asfalto,No existe,II,Dentro,Urbana,Semáforo,Funciona,Intersección,Bueno,Buena,Nocturna,Buen Tiempo,Frontal,S/D,Colisión,S/D,S/D,Ninguna,Sin restricción,POINT (-60.6460194 -32.987542250000004),"['San Martin', 'Ameghino']",2,José de San Martín; Ameghino,-32.987542250000004,-60.6460194,55.0,538.0,Municipio Rosario,Municipio,Rosario,820210,Servicio de Catastro e Información Territorial,IGN
2015,7141,2015-10-09,Viernes,0.0,09:10:00,,0.0,2,"Automóvil,Moto/Ciclomotor",Av. Uriburu Y Paraguay,2,1,0,0,1,0,0,,Calle,,ROSARIO,Rosario,Asfalto,No existe,II,Dentro,Urbana,Paso Peatonal,No existe,Intersección,Bueno,Buena,Diurna,Buen Tiempo,Lateral,S/D,Colisión,S/D,S/D,Ninguna,Sin restricción,POINT (-60.655215850000005 -32.990962749999994),"['Uriburu', 'Paraguay']",2,Avenida José Uriburu; Paraguay,-32.990962749999994,-60.655215850000005,55.0,538.0,Municipio Rosario,Municipio,Rosario,820210,Servicio de Catastro e Información Territorial,IGN
2015,7142,2015-10-10,Sabado,0.0,13:55:00,,0.0,2,"Automóvil,Moto/Ciclomotor",Bv. Oroño Y Gaboto,4,1,0,0,3,0,0,,Calle,,ROSARIO,Rosario,Asfalto,No existe,II,Dentro,Urbana,Ninguna,Funciona,Intersección,Bueno,Buena,Diurna,Buen Tiempo,S/D,S/D,Colisión,S/D,S/D,Vegetación,Sin restricción,POINT (-60.660093950000004 -32.970649650000006),"['Bulevar Nicasio Oroño', 'Gaboto']",2,Bulevar Nicasio Oroño; Gaboto,-32.970649650000006,-60.66009395,55.0,538.0,Municipio Rosario,Municipio,Rosario,820210,Servicio de Catastro e Información Territorial,IGN
2015,7143,2015-10-10,Sabado,0.0,18:50:00,,0.0,2,"Automóvil,Moto/Ciclomotor",Dean Funes Y Entre Rios,4,2,0,0,2,0,0,,Calle,,ROSARIO,Rosario,Asfalto,No existe,II,Dentro,Urbana,Ninguna,Funciona,Intersección,Bueno,S/D,Diurna,Buen Tiempo,S/D,S/D,Colisión,S/D,S/D,Ninguna,Sin restricción,POINT (-60.6483161 -32.9751589),"['Deán Gregorio Funes', 'Entre Ríos']",2,Deán Gregorio Funes; Entre Ríos,-32.9751589,-60.6483161,55.0,538.0,Municipio Rosario,Municipio,Rosario,820210,Servicio de Catastro e Información Territorial,IGN
2015,7144,2015-10-10,Sabado,0.0,19:40:00,,0.0,2,"Automóvil,Automóvil",Pte.Roca Y Garay,2,1,0,0,1,0,0,,Calle,,ROSARIO,Rosario,Asfalto,No existe,II,Dentro,Urbana,Ninguna,S/D,Intersección,Bueno,Buena,Atardecer,Buen Tiempo,Lateral,S/D,Colisión,S/D,S/D,Ninguna,Sin restricción,POINT (-60.652180400000006 -32.9732656),"['Roca', 'Garay']",2,Presidente Roca; Juan de Garay,-32.9732656,-60.652180400000006,55.0,538.0,Municipio Rosario,Municipio,Rosario,820210,Servicio de Catastro e Información Territorial,IGN
2015,7145,2015-10-12,Lunes,0.0,18:40:00,,0.0,2,"Moto/Ciclomotor,Automóvil",Sarmiento Y Saavedra,2,1,0,0,1,0,0,,Calle,,ROSARIO,Rosario,Asfalto,No existe,II,Dentro,Urbana,Ninguna,No existe,Intersección,Bueno,Buena,Atardecer,Buen Tiempo,S/D,S/D,Colisión,S/D,S/D,Ninguna,Sin restricción,POINT (-60.6460939 -32.9779483),"['Sarmiento', 'Saavedra']",2,Sarmiento; Saavedra,-32.9779483,-60.6460939,55.0,538.0,Municipio Rosario,Municipio,Rosario,820210,Servicio de Catastro e Información Territorial,IGN
2015,7150,2015-06-15,Lunes,0.0,,,0.0,2,"Vehículo Oficial,Taxi/Remis",9 De Julio Y Crespo,3,3,0,0,0,0,0,,Calle,,ROSARIO,Rosario,S/D,S/D,II,Dentro,Urbana,S/D,S/D,S/D,S/D,S/D,S/D,S/D,S/D,S/D,Colisión,S/D,S/D,S/D,S/D,POINT (-60.670084200000005 -32.9484788),"['9 de Julio', 'Crespo']",2,9 de Julio; Crespo,-32.9484788,-60.670084200000005,55.0,538.0,Municipio Rosario,Municipio,Rosario,820210,Servicio de Catastro e Información Territorial,IGN
2015,7151,2015-06-26,Viernes,0.0,10:00:00,,0.0,2,"Moto/Ciclomotor,Automóvil",San Luis Y Dorrego,2,1,0,0,1,0,0,,Calle,,ROSARIO,Rosario,Asfalto,S/D,II,Dentro,Urbana,Ninguna,No existe,Intersección,Bueno,Buena,Diurna,Buen Tiempo,Lateral,S/D,Colisión,S/D,Faltante,Cordón divisorio,Sin restricción,POINT (-60.6498398 -32.9470618),"['San Luis', 'Dorrego']",2,San Luis; Manuel Dorrego,-32.9470618,-60.6498398,55.0,538.0,Municipio Rosario,Municipio,Rosario,820210,Servicio de Catastro e Información Territorial,IGN
2015,7152,2015-06-12,Viernes,0.0,01:20:00,,0.0,2,"Moto/Ciclomotor,Automóvil",San Martin Y Montevideo,3,2,0,0,1,0,0,,Calle,,ROSARIO,Rosario,Asfalto,S/D,II,Dentro,Urbana,Ninguna,No existe,Intersección,Bueno,Buena,"Nocturna,Con luz artificial",Buen Tiempo,Lateral,S/D,Colisión,S/D,S/D,Cordón divisorio,Sin restricción,POINT (-60.6391327 -32.956385),"['San Martin', 'Montevideo']",2,José de San Martín; Montevideo,-32.956385,-60.6391327,55.0,538.0,Municipio Rosario,Municipio,Rosario,820210,Servicio de Catastro e Información Territorial,IGN
2015,7153,2015-06-21,Domingo,0.0,19:00:00,,0.0,2,"Pickup/Utilitario,Taxi/Remis",San Juan Y Italia,5,2,0,0,3,0,0,,Calle,,ROSARIO,Rosario,Asfalto,S/D,II,Dentro,Urbana,Ninguna,No existe,Intersección,Bueno,Buena,"Atardecer,Con luz artificial",Buen Tiempo,Lateral,S/D,Colisión,S/D,Faltante,Cordón divisorio,Sin restricción,POINT (-60.64880240000001 -32.948424),"['San Juan', 'Italia']",2,San Juan; Italia,-32.948424,-60.64880240000001,55.0,538.0,Municipio Rosario,Municipio,Rosario,820210,Servicio de Catastro e Información Territorial,IGN
2015,7154,2015-10-13,Martes,0.0,13:00:00,,0.0,2,"Camión,Peatón",Av. Uriburu Y España,2,1,0,0,1,0,0,,Calle,,ROSARIO,Rosario,Asfalto,No existe,II,Dentro,Urbana,Ninguna,Funciona,Intersección,Bueno,Buena,Diurna,Buen Tiempo,Frontal,S/D,Atropello,S/D,S/D,Ninguna,Sin restricción,POINT (-60.65809949999999 -32.9910482),"['Uriburu', 'España']",2,Avenida José Uriburu; España,-32.9910482,-60.65809949999999,55.0,538.0,Municipio Rosario,Municipio,Rosario,820210,Servicio de Catastro e Información Territorial,IGN
2015,7155,2015-06-06,Sabado,0.0,21:00:00,,0.0,2,"Pickup/Utilitario,Peatón",Av. Corrientes 900,2,1,0,0,1,0,0,,Calle,,ROSARIO,Rosario,Asfalto,S/D,II,Dentro,Urbana,S/D,No existe,Recta,Bueno,Reducida,"Nocturna,Con luz artificial",Buen Tiempo,S/D,S/D,Atropello,S/D,Faltante,Cordón divisorio,Sin restricción,"-32.9467976, -60.6426358",['Corrientes 900'],1,Corrientes 900,-32.9467976,-60.6426358,55.0,538.0,Municipio Rosario,Municipio,Rosario,820210,Servicio de Catastro e Información Territorial,IGN
2015,7156,2015-10-14,Miercoles,0.0,17:00:00,,0.0,3,"Automóvil,Automóvil,Automóvil",San Martin Y Av. Ntra.Sra.del Rosario,4,1,0,0,3,0,0,,Calle,,ROSARIO,Rosario,Asfalto,No existe,II,Dentro,Urbana,Ninguna,Funciona,Intersección,Bueno,Buena,Diurna,Buen Tiempo,Múltiple,S/D,Colisión,S/D,S/D,Ninguna,Sin restricción,POINT (-60.64865950000001 -32.999877549999994),"['San Martin', 'Nuestra Señora del Rosario']",2,José de San Martín; Puente Nuestra Señora del Rosario,-32.999877549999994,-60.64865950000001,55.0,538.0,Municipio Rosario,Municipio,Rosario,820210,Servicio de Catastro e Información Territorial,IGN
2015,7157,2015-06-15,Lunes,0.0,13:40:00,,0.0,2,"Bicicleta,Pickup/Utilitario",Av. Pellegrini 1300,2,1,0,0,1,0,0,,Avenida,,ROSARIO,Rosario,Asfalto,S/D,II,Dentro,Urbana,Ninguna,No existe,Recta,Bueno,Buena,Diurna,Buen Tiempo,S/D,S/D,Atropello,S/D,Faltante,Cordón divisorio,Sin restricción,"-32.9567109, -60.6435542",['Pellegrini 1300'],1,Pellegrini 1300,-32.9567109,-60.6435542,55.0,538.0,Municipio Rosario,Municipio,Rosario,820210,Servicio de Catastro e Información Territorial,IGN
2015,7158,2015-06-15,Lunes,0.0,11:00:00,,0.0,2,"Automóvil,Taxi/Remis",Pte.Roca Y 9 De Julio,2,1,0,0,1,0,0,,Calle,,ROSARIO,Rosario,Asfalto,S/D,II,Dentro,Urbana,Ninguna,No existe,Intersección,Bueno,Buena,Diurna,Buen Tiempo,Lateral,S/D,Colisión,S/D,Faltante,Cordón divisorio,Sin restricción,POINT (-60.64696059999999 -32.9526213),"['Roca', '9 de Julio']",2,Presidente Roca; 9 de Julio,-32.9526213,-60.64696059999999,55.0,538.0,Municipio Rosario,Municipio,Rosario,820210,Servicio de Catastro e Información Territorial,IGN
2015,7160,2015-06-06,Sabado,0.0,03:00:00,,0.0,2,"Automóvil,Moto/Ciclomotor",9 De Julio Y L.N.Alem,2,1,0,0,1,0,0,,Calle,,ROSARIO,Rosario,Asfalto,S/D,II,Dentro,Urbana,S/D,S/D,Intersección,Bueno,Buena,Nocturna,Buen Tiempo,Lateral,S/D,Colisión,S/D,S/D,Cordón divisorio,S/D,POINT (-60.6301843 -32.9556276),"['9 de Julio', 'Alem']",2,9 de Julio; Leandro N. Alem,-32.9556276,-60.6301843,55.0,538.0,Municipio Rosario,Municipio,Rosario,820210,Servicio de Catastro e Información Territorial,IGN
2015,7161,2015-10-09,Viernes,0.0,,,0.0,2,"Automóvil,Moto/Ciclomotor",Gaboto Y Sarmiento,7,3,0,0,4,0,0,,Calle,,ROSARIO,Rosario,Asfalto,No existe,II,Dentro,Urbana,Ninguna,Funciona,Intersección,Bueno,Buena,Diurna,Buen Tiempo,S/D,S/D,Colisión,S/D,S/D,Ninguna,Sin restricción,POINT (-60.64492839999999 -32.973346899999996),"['Gaboto', 'Sarmiento']",2,Gaboto; Sarmiento,-32.9733469,-60.64492839999999,55.0,538.0,Municipio Rosario,Municipio,Rosario,820210,Servicio de Catastro e Información Territorial,IGN
2015,7162,2015-06-05,Viernes,0.0,07:00:00,,0.0,2,"Taxi/Remis,Moto/Ciclomotor",E.Zeballos Y Gutenberg,2,1,0,0,1,0,0,,Calle,,ROSARIO,Rosario,Asfalto,S/D,II,Dentro,Urbana,S/D,S/D,S/D,S/D,S/D,S/D,S/D,S/D,S/D,Colisión,S/D,S/D,S/D,S/D,POINT (-60.68945050000001 -32.9462015),"['Zeballos', 'Gutenberg']",2,Zeballos; Gutenberg,-32.9462015,-60.68945050000001,55.0,538.0,Municipio Rosario,Municipio,Rosario,820210,Servicio de Catastro e Información Territorial,IGN
2015,7163,2015-06-06,Sabado,0.0,07:25:00,,0.0,2,"Vehículo Oficial,Taxi/Remis",Bv. Avellaneda Y Mendoza,3,2,0,0,1,0,0,,Calle,,ROSARIO,Rosario,Asfalto,S/D,II,Dentro,Urbana,S/D,S/D,S/D,S/D,S/D,Diurna,S/D,S/D,S/D,Colisión,S/D,S/D,S/D,S/D,POINT (-60.680421100000004 -32.94423964999999),"['Avellaneda', 'Mendoza']",2,Bulevar Nicolás Avellaneda; Mendoza,-32.94423964999999,-60.6804211,55.0,538.0,Municipio Rosario,Municipio,Rosario,820210,Servicio de Catastro e Información Territorial,IGN
2015,7164,2015-06-27,Sabado,0.0,,,0.0,2,"Automóvil,Automóvil",Montevideo Y Gutenberg,3,2,0,0,1,0,0,,Calle,,ROSARIO,Rosario,Asfalto,S/D,II,Dentro,Urbana,S/D,S/D,S/D,S/D,S/D,S/D,S/D,S/D,S/D,Colisión,S/D,S/D,S/D,S/D,POINT (-60.6897468 -32.947364699999994),"['Montevideo', 'Gutenberg']",2,Montevideo; Gutenberg,-32.947364699999994,-60.6897468,55.0,538.0,Municipio Rosario,Municipio,Rosario,820210,Servicio de Catastro e Información Territorial,IGN
2015,7165,2015-06-05,Viernes,0.0,,,0.0,2,"Automóvil,Automóvil",Lavalle Y Montevideo,5,5,0,0,0,0,0,,Calle,,ROSARIO,Rosario,Asfalto,S/D,II,Dentro,Urbana,S/D,S/D,S/D,S/D,S/D,S/D,S/D,S/D,S/D,Colisión,S/D,S/D,S/D,S/D,POINT (-60.6802167 -32.949070299999995),"['Lavalle', 'Montevideo']",2,Lavalle; Montevideo,-32.949070299999995,-60.6802167,55.0,538.0,Municipio Rosario,Municipio,Rosario,820210,Servicio de Catastro e Información Territorial,IGN
2015,7166,2015-06-13,Sabado,0.0,01:30:00,,0.0,2,"Taxi/Remis,Moto/Ciclomotor",L.N.Alem Y Montevideo,3,2,0,0,1,0,0,,Calle,,ROSARIO,Rosario,Asfalto,S/D,II,Dentro,Urbana,S/D,S/D,Intersección,Bueno,Buena,Nocturna,Buen Tiempo,Lateral,S/D,Colisión,S/D,S/D,Cordón divisorio,S/D,POINT (-60.6306989 -32.95788709999999),"['Alem', 'Montevideo']",2,Leandro N. Alem; Montevideo,-32.95788709999999,-60.6306989,55.0,538.0,Municipio Rosario,Municipio,Rosario,820210,Servicio de Catastro e Información Territorial,IGN
2015,7167,2015-06-23,Martes,0.0,23:00:00,,0.0,2,"Automóvil,Moto/Ciclomotor",Necochea 1400,2,1,0,0,1,0,0,,Calle,,ROSARIO,Rosario,Asfalto,S/D,II,Dentro,Urbana,S/D,S/D,Recta,Bueno,Buena,Nocturna,Buen Tiempo,Lateral,S/D,Colisión,S/D,S/D,Cordón divisorio,S/D,"-32.9562048, -60.6260606",['Necochea 1400'],1,Necochea 1400,-32.9562048,-60.6260606,55.0,538.0,Municipio Rosario,Municipio,Rosario,820210,Servicio de Catastro e Información Territorial,IGN
2015,7168,2015-06-28,Domingo,0.0,09:30:00,,0.0,2,"Automóvil,Moto/Ciclomotor",Av. Pellegrini Y Lavalle,4,1,0,0,3,0,0,,Calle,,ROSARIO,Rosario,Asfalto,S/D,II,Dentro,Urbana,S/D,S/D,S/D,S/D,S/D,S/D,S/D,S/D,S/D,Colisión,S/D,S/D,S/D,S/D,POINT (-60.68050055 -32.9501851),"['Pellegrini', 'Lavalle']",2,Avenida Carlos Pellegrini; Lavalle,-32.9501851,-60.68050055,55.0,538.0,Municipio Rosario,Municipio,Rosario,820210,Servicio de Catastro e Información Territorial,IGN
2015,7169,2015-07-12,Domingo,0.0,20:10:00,,0.0,2,"Moto/Ciclomotor,Moto/Ciclomotor",San Luis Y Balcarce,3,1,0,0,2,0,0,,Calle,,ROSARIO,Rosario,Asfalto,S/D,II,Dentro,Urbana,Ninguna,No existe,Intersección,Bueno,Buena,"Nocturna,Con luz artificial",Buen Tiempo,Lateral,S/D,Colisión,S/D,Faltante,Cordón divisorio,Sin restricción,POINT (-60.652571800000004 -32.9465716),"['San Luis', 'Balcarce']",2,San Luis; Balcarce,-32.9465716,-60.6525718,55.0,538.0,Municipio Rosario,Municipio,Rosario,820210,Servicio de Catastro e Información Territorial,IGN
2015,7170,2015-07-10,Viernes,0.0,16:00:00,,0.0,2,"Automóvil,Moto/Ciclomotor",Sarmiento 1500,2,1,0,0,1,0,0,,Calle,,ROSARIO,Rosario,Asfalto,S/D,II,Dentro,Urbana,Ninguna,No existe,Recta,Bueno,Buena,Diurna,Buen Tiempo,Frontal,S/D,Colisión,S/D,Faltante,Cordón divisorio,Sin restricción,"-32.9549457, -60.6403388",['Sarmiento 1500'],1,Sarmiento 1500,-32.9549457,-60.6403388,55.0,538.0,Municipio Rosario,Municipio,Rosario,820210,Servicio de Catastro e Información Territorial,IGN
2015,7171,2015-07-02,Jueves,0.0,16:20:00,,0.0,2,"Automóvil,Bicicleta",Montevideo Y Dorrego,2,1,0,0,1,0,0,,Calle,,ROSARIO,Rosario,S/D,S/D,II,Dentro,Urbana,Ninguna,No existe,Intersección,Con baches,Buena,Diurna,Buen Tiempo,Lateral,S/D,Atropello,S/D,Faltante,Cordón divisorio,Sin restricción,POINT (-60.651640799999996 -32.95416689999999),"['Montevideo', 'Dorrego']",2,Montevideo; Manuel Dorrego,-32.95416689999999,-60.6516408,55.0,538.0,Municipio Rosario,Municipio,Rosario,820210,Servicio de Catastro e Información Territorial,IGN
2015,7196,2015-06-17,Miercoles,0.0,11:30:00,,0.0,2,"Automóvil,Bicicleta",Mendoza 1700,2,1,0,0,1,0,0,,Calle,,ROSARIO,Rosario,Asfalto,S/D,II,Dentro,Urbana,Ninguna,No existe,Recta,Bueno,Buena,Diurna,Buen Tiempo,S/D,S/D,Atropello,S/D,Faltante,Cordón divisorio,Sin restricción,"-32.9500215, -60.6476421",['Mendoza 1700'],1,Mendoza 1700,-32.9500215,-60.6476421,55.0,538.0,Municipio Rosario,Municipio,Rosario,820210,Servicio de Catastro e Información Territorial,IGN
2015,7197,2015-06-29,Lunes,0.0,21:30:00,,0.0,2,"Automóvil,Pickup/Utilitario",Mariano Moreno Y 3 De Febrero,2,1,0,0,1,0,0,,Calle,,ROSARIO,Rosario,Asfalto,S/D,II,Dentro,Urbana,Ninguna,S/D,Intersección,Bueno,Buena,"Nocturna,Con luz artificial",Buen Tiempo,Lateral,S/D,Colisión,S/D,Faltante,Cordón divisorio,Sin restricción,POINT (-60.6522175 -32.95056480000001),"['Mariano Moreno', '3 de Febrero']",2,Mariano Moreno; 3 de Febrero,-32.95056480000001,-60.6522175,55.0,538.0,Municipio Rosario,Municipio,Rosario,820210,Servicio de Catastro e Información Territorial,IGN
2015,7198,2015-06-20,Sabado,0.0,03:50:00,,0.0,2,"Automóvil,Automóvil",Mendoza Y Bv. Avellaneda,6,5,0,0,1,0,0,,Calle,,ROSARIO,Rosario,Asfalto,S/D,II,Dentro,Urbana,S/D,S/D,S/D,S/D,S/D,Nocturna,S/D,S/D,S/D,Colisión,S/D,S/D,S/D,S/D,POINT (-60.680421100000004 -32.94423964999999),"['Mendoza', 'Avellaneda']",2,Mendoza; Bulevar Nicolás Avellaneda,-32.94423964999999,-60.6804211,55.0,538.0,Municipio Rosario,Municipio,Rosario,820210,Servicio de Catastro e Información Territorial,IGN
2015,7199,2015-06-03,Miercoles,0.0,11:00:00,,0.0,2,"Pickup/Utilitario,Peatón",Paraguay Y 9 De Julio,2,1,0,0,1,0,0,,Calle,,ROSARIO,Rosario,Asfalto,S/D,II,Dentro,Urbana,Ninguna,No existe,Intersección,Bueno,Buena,Diurna,Buen Tiempo,S/D,S/D,Atropello,S/D,Faltante,Cordón divisorio,Sin restricción,POINT (-60.645596 -32.952859899999986),"['Paraguay', '9 de Julio']",2,Paraguay; 9 de Julio,-32.952859899999986,-60.645596,55.0,538.0,Municipio Rosario,Municipio,Rosario,820210,Servicio de Catastro e Información Territorial,IGN
2015,7200,2015-06-09,Martes,0.0,14:00:00,,0.0,2,"Moto/Ciclomotor,Bicicleta",Av. Pellegrini 1100,2,1,0,0,1,0,0,,Avenida,,ROSARIO,Rosario,Asfalto,S/D,II,Dentro,Urbana,Ninguna,No existe,Recta,Bueno,Buena,Diurna,Buen Tiempo,S/D,S/D,Atropello,S/D,Faltante,Cordón divisorio,Sin restricción,"-32.9572111, -60.6407657",['Pellegrini 1100'],1,Pellegrini 1100,-32.9572111,-60.6407657,55.0,538.0,Municipio Rosario,Municipio,Rosario,820210,Servicio de Catastro e Información Territorial,IGN
2015,7201,2015-06-19,Viernes,0.0,08:50:00,,0.0,2,"Automóvil,Moto/Ciclomotor",Montevideo Y Alsina,2,1,0,0,1,0,0,,Calle,,ROSARIO,Rosario,Asfalto,S/D,II,Dentro,Urbana,S/D,S/D,S/D,S/D,S/D,Diurna,S/D,S/D,S/D,Colisión,S/D,S/D,S/D,S/D,POINT (-60.6788522 -32.949314199999996),"['Montevideo', 'Alsina']",2,Montevideo; Alsina,-32.9493142,-60.6788522,55.0,538.0,Municipio Rosario,Municipio,Rosario,820210,Servicio de Catastro e Información Territorial,IGN
2015,7202,2015-06-03,Miercoles,0.0,15:10:00,,0.0,2,"Automóvil,Moto/Ciclomotor",Alvear Y Montevideo,2,1,0,0,1,0,0,,Calle,,ROSARIO,Rosario,Asfalto,S/D,II,Dentro,Urbana,Señal Pare,No existe,Intersección,Bueno,Buena,Diurna,Buen Tiempo,Lateral,S/D,Colisión,S/D,Horizontal,Cordón divisorio,Sin restricción,POINT (-60.65711929999999 -32.95317479999998),"['Alvear', 'Montevideo']",2,Alvear; Montevideo,-32.95317479999998,-60.65711929999999,55.0,538.0,Municipio Rosario,Municipio,Rosario,820210,Servicio de Catastro e Información Territorial,IGN
2015,7203,2015-06-18,Jueves,0.0,,,0.0,2,"Peatón,Automóvil",Pueyrredon Y Rioja,2,1,0,0,1,0,0,,Calle,,ROSARIO,Rosario,Asfalto,S/D,II,Dentro,Urbana,S/D,S/D,S/D,S/D,S/D,Diurna,S/D,S/D,S/D,Atropello,S/D,S/D,S/D,S/D,POINT (-60.6576513 -32.944126799999985),"['Pueyrredón', 'Rioja']",2,Pueyrredón; Rioja,-32.944126799999985,-60.6576513,55.0,538.0,Municipio Rosario,Municipio,Rosario,820210,Servicio de Catastro e Información Territorial,IGN
2015,7205,2015-06-16,Martes,0.0,,,0.0,2,"Automóvil,Automóvil",San Luis Y Pueyrredon,3,3,0,0,0,0,0,,Calle,,ROSARIO,Rosario,Asfalto,S/D,II,Dentro,Urbana,S/D,S/D,S/D,S/D,S/D,S/D,S/D,S/D,S/D,Colisión,S/D,S/D,S/D,S/D,POINT (-60.6580233 -32.945603899999995),"['San Luis', 'Pueyrredón']",2,San Luis; Pueyrredón,-32.945603899999995,-60.6580233,55.0,538.0,Municipio Rosario,Municipio,Rosario,820210,Servicio de Catastro e Información Territorial,IGN
2015,7206,2015-06-30,Martes,1.0,,,0.0,2,"Automóvil,Automóvil",Gutenberg Y 3 De Febrero,2,1,0,0,1,0,0,,Calle,,ROSARIO,Rosario,S/D,S/D,II,Dentro,Urbana,S/D,S/D,S/D,S/D,S/D,S/D,S/D,S/D,S/D,S/D,S/D,S/D,S/D,S/D,POINT (-60.6888856 -32.943982),"['Gutenberg', '3 de Febrero']",2,Gutenberg; 3 de Febrero,-32.943982,-60.6888856,55.0,538.0,Municipio Rosario,Municipio,Rosario,820210,Servicio de Catastro e Información Territorial,IGN
2015,7207,2015-06-16,Martes,0.0,17:40:00,,0.0,2,"Automóvil,Moto/Ciclomotor",Rio De Janeiro Y Marcos Paz,2,1,0,0,1,0,0,,Calle,,ROSARIO,Rosario,Asfalto,S/D,II,Dentro,Urbana,S/D,S/D,S/D,S/D,S/D,Diurna,S/D,S/D,S/D,Colisión,S/D,S/D,S/D,S/D,POINT (-60.6816228 -32.94329449999999),"['Río de Janeiro', 'Marcos Paz']",2,Río de Janeiro; Marcos Paz,-32.94329449999999,-60.6816228,55.0,538.0,Municipio Rosario,Municipio,Rosario,820210,Servicio de Catastro e Información Territorial,IGN
2015,7208,2015-05-30,Sabado,0.0,12:50:00,,0.0,3,"Automóvil,Automóvil,Automóvil",Av. Avellaneda B Y Cordoba,3,2,0,0,0,0,1,,Calle,,ROSARIO,Rosario,Asfalto,S/D,II,Dentro,Urbana,S/D,S/D,S/D,S/D,S/D,Diurna,S/D,S/D,S/D,Colisión,S/D,S/D,S/D,S/D,POINT (-60.67916835 -32.939088049999995),"['Avellaneda', 'Córdoba']",2,Bulevar Nicolás Avellaneda; Córdoba,-32.939088049999995,-60.67916835,55.0,538.0,Municipio Rosario,Municipio,Rosario,820210,Servicio de Catastro e Información Territorial,IGN
2015,7209,2015-07-16,Jueves,0.0,12:15:00,,0.0,2,"Automóvil,Peatón",Mendoza Y Mitre,2,1,0,0,1,0,0,,Calle,,ROSARIO,Rosario,Asfalto,S/D,II,Dentro,Urbana,Ninguna,S/D,Intersección,Bueno,Buena,Diurna,Buen Tiempo,S/D,S/D,Atropello,S/D,Faltante,Cordón divisorio,Sin restricción,POINT (-60.640847900000004 -32.95123559999999),"['Mendoza', 'Mitre']",2,Mendoza; Bartolomé Mitre,-32.95123559999999,-60.6408479,55.0,538.0,Municipio Rosario,Municipio,Rosario,820210,Servicio de Catastro e Información Territorial,IGN
2015,7210,2015-06-04,Jueves,0.0,09:20:00,,0.0,2,"Taxi/Remis,Automóvil",Pueyrredon Y San Luis,2,2,0,0,0,0,0,,Calle,,ROSARIO,Rosario,S/D,S/D,II,Dentro,Urbana,S/D,S/D,S/D,S/D,S/D,Diurna,S/D,S/D,S/D,Colisión,S/D,S/D,S/D,S/D,POINT (-60.6580233 -32.945603899999995),"['Pueyrredón', 'San Luis']",2,Pueyrredón; San Luis,-32.945603899999995,-60.6580233,55.0,538.0,Municipio Rosario,Municipio,Rosario,820210,Servicio de Catastro e Información Territorial,IGN
2015,7211,2015-07-14,Martes,0.0,12:25:00,,0.0,2,"Automóvil,Peatón",Mendoza 1500,2,1,0,0,1,0,0,,Calle,,ROSARIO,Rosario,Asfalto,S/D,II,Dentro,Urbana,S/D,S/D,Recta,Bueno,Buena,Diurna,Buen Tiempo,S/D,S/D,Atropello,S/D,Faltante,Cordón divisorio,Sin restricción,"-32.9505198, -60.6448959",['Mendoza 1500'],1,Mendoza 1500,-32.9505198,-60.6448959,55.0,538.0,Municipio Rosario,Municipio,Rosario,820210,Servicio de Catastro e Información Territorial,IGN
2015,7213,2015-06-04,Jueves,0.0,,,0.0,3,"Automóvil,Automóvil,Automóvil",Av. Pellegrini Y Vera Mujica,3,2,0,0,1,0,0,,Calle,,ROSARIO,Rosario,S/D,S/D,II,Dentro,Urbana,S/D,S/D,S/D,S/D,S/D,S/D,S/D,S/D,S/D,Colisión,S/D,S/D,S/D,S/D,POINT (-60.6696235 -32.952139450000004),"['Pellegrini', 'Vera Mujíca']",2,Avenida Carlos Pellegrini; Vera Mujíca,-32.952139450000004,-60.6696235,55.0,538.0,Municipio Rosario,Municipio,Rosario,820210,Servicio de Catastro e Información Territorial,IGN
2015,7214,2015-06-02,Martes,0.0,,,0.0,2,"Peatón,Automóvil",Cafferata Y Mendoza,2,1,0,0,1,0,0,,Calle,,ROSARIO,Rosario,Asfalto,S/D,II,Dentro,Urbana,S/D,S/D,S/D,S/D,S/D,S/D,S/D,S/D,S/D,Atropello,S/D,S/D,S/D,S/D,POINT (-60.672258799999994 -32.9456991),"['Cafferata', 'Mendoza']",2,Cafferata; Mendoza,-32.9456991,-60.6722588,55.0,538.0,Municipio Rosario,Municipio,Rosario,820210,Servicio de Catastro e Información Territorial,IGN
2015,7215,2015-07-14,Martes,0.0,11:50:00,,0.0,2,"Peatón,Automóvil",Mitre Y San Luis,2,1,0,0,1,0,0,,Calle,,ROSARIO,Rosario,Asfalto,S/D,II,Dentro,Urbana,Ninguna,No existe,Intersección,Bueno,Buena,Diurna,Buen Tiempo,S/D,S/D,Atropello,S/D,Faltante,Cordón divisorio,Sin restricción,POINT (-60.64024150000001 -32.9487917),"['Mitre', 'San Luis']",2,Bartolomé Mitre; San Luis,-32.9487917,-60.64024150000001,55.0,538.0,Municipio Rosario,Municipio,Rosario,820210,Servicio de Catastro e Información Territorial,IGN