anio_acci,nro_acci,fecha,desc_dia,fecha_aprox,hora_aprox,desc_ruta,km,cant_participantes,desc_participante,calle_avenida_km,total,heridos_leves,heridos_graves,heridos_gravisimos,ilesos,fallecidos,sin_datos,posicion_XY,desc_tipo_via,desc_ruta_ori,desc_loc,desc_dpto,desc_tipo_calzada,desc_tipo_banquina,desc_unidad_regional,desc_lugar_calzada,desc_zona,desc_prioridad,desc_estado_semaforo,desc_lugar_via,desc_estado_via,desc_estado_visibilidad,desc_luminosidad,desc_estado_clima,desc_tipo_colision,desc_tipo_atropello,desc_tipo_hecho,desc_pres_calzada,desc_senializacion,desc_separacion_via,desc_restriccion,forma_geocod,calle_lista,numero_calles,calles_osm,lat,lon,index_right,gid,fna,gna,nam,in1,fdc,sag
2015,7229,2015-06-17,Miercoles,0.0,08:30:00,,0.0,2,"Moto/Ciclomotor,Automóvil",Cordoba Y Bv. Avellaneda,2,1,0,0,1,0,0,,Calle,,ROSARIO,Rosario,S/D,S/D,II,Dentro,Urbana,S/D,S/D,S/D,S/D,S/D,S/D,S/D,S/D,S/D,S/D,S/D,S/D,S/D,S/D,POINT (-60.67916835 -32.939088049999995),"['Córdoba', 'Avellaneda']",2,Córdoba; Bulevar Nicolás Avellaneda,-32.939088049999995,-60.67916835,55.0,538.0,Municipio Rosario,Municipio,Rosario,820210,Servicio de Catastro e Información Territorial,IGN
2015,7231,2015-06-25,Jueves,0.0,13:00:00,,0.0,2,"Moto/Ciclomotor,Automóvil",Bv. Avellaneda Y Av. Pellegrini,2,1,0,0,1,0,0,,Calle,,ROSARIO,Rosario,Asfalto,S/D,II,Dentro,Urbana,S/D,S/D,S/D,S/D,S/D,Diurna,S/D,S/D,S/D,Colisión,S/D,S/D,S/D,S/D,POINT (-60.68184480000001 -32.949949249999996),"['Avellaneda', 'Pellegrini']",2,Bulevar Nicolás Avellaneda; Avenida Carlos Pellegrini,-32.94994925,-60.68184480000001,55.0,538.0,Municipio Rosario,Municipio,Rosario,820210,Servicio de Catastro e Información Territorial,IGN
2015,7232,2015-06-26,Viernes,0.0,19:00:00,,0.0,2,"Moto/Ciclomotor,Automóvil",San Luis Y Av. Ovidio Lagos,2,1,0,0,1,0,0,,Calle,,ROSARIO,Rosario,Asfalto,S/D,II,Dentro,Urbana,S/D,S/D,S/D,S/D,S/D,Nocturna,S/D,S/D,S/D,Colisión,S/D,S/D,S/D,S/D,POINT (-60.6621155 -32.9448915),"['San Luis', 'Avenida Ovidio Lagos']",2,San Luis; Avenida Ovidio Lagos,-32.9448915,-60.6621155,55.0,538.0,Municipio Rosario,Municipio,Rosario,820210,Servicio de Catastro e Información Territorial,IGN
2015,7252,2015-07-09,Jueves,0.0,23:45:00,,0.0,2,"Taxi/Remis,Automóvil",Rioja Y Dorrego,2,1,0,0,1,0,0,,Calle,,ROSARIO,Rosario,Asfalto,S/D,II,Dentro,Urbana,Ninguna,No existe,Intersección,Bueno,Reducida,"Nocturna,Con luz artificial",Buen Tiempo,Lateral,S/D,Colisión,S/D,Faltante,Cordón divisorio,Sin restricción,POINT (-60.6494744 -32.94562),"['Rioja', 'Dorrego']",2,Rioja; Manuel Dorrego,-32.94562,-60.6494744,55.0,538.0,Municipio Rosario,Municipio,Rosario,820210,Servicio de Catastro e Información Territorial,IGN
2015,7253,2015-07-08,Miercoles,0.0,20:25:00,,0.0,4,"Automóvil,Automóvil,Pickup/Utilitario,Automóvil",Sarmiento Y Av. Pellegrini,9,5,0,0,4,0,0,,Calle,,ROSARIO,Rosario,Asfalto,S/D,II,Dentro,Urbana,S/D,Funciona,Recta,Bueno,Buena,"Nocturna,Con luz artificial",Buen Tiempo,Múltiple,S/D,Colisión,S/D,Vertical,Cordón divisorio,Sin restricción,POINT (-60.6408663 -32.95730775),"['Sarmiento', 'Pellegrini']",2,Sarmiento; Avenida Carlos Pellegrini,-32.95730775,-60.6408663,55.0,538.0,Municipio Rosario,Municipio,Rosario,820210,Servicio de Catastro e Información Territorial,IGN
2015,7257,2015-07-06,Lunes,0.0,14:30:00,,0.0,2,"Automóvil,Moto/Ciclomotor",Balcarce Y Salta,2,1,0,0,1,0,0,,Calle,,ROSARIO,Rosario,Asfalto,No existe,II,Dentro,Urbana,Ninguna,No existe,Intersección,Bueno,Buena,Diurna,Buen Tiempo,Lateral,S/D,Colisión,S/D,Faltante,Ninguna,Sin restricción,POINT (-60.6501714 -32.936959299999984),"['Balcarce', 'Salta']",2,Balcarce; Salta,-32.936959299999984,-60.6501714,55.0,538.0,Municipio Rosario,Municipio,Rosario,820210,Servicio de Catastro e Información Territorial,IGN
2015,7258,2015-06-07,Domingo,0.0,17:00:00,,0.0,2,"Moto/Ciclomotor,Automóvil",Tucuman Y Bv. Oroño,3,1,1,0,1,0,0,,Avenida,,ROSARIO,Rosario,Asfalto,No existe,II,Dentro,Urbana,Ninguna,No existe,Intersección,S/D,Buena,Diurna,Buen Tiempo,Lateral,S/D,Colisión,S/D,Faltante,Ninguna,Sin restricción,POINT (-60.6521219 -32.9390762),"['Tucumán', 'Bulevar Nicasio Oroño']",2,Tucumán; Bulevar Nicasio Oroño,-32.9390762,-60.6521219,55.0,538.0,Municipio Rosario,Municipio,Rosario,820210,Servicio de Catastro e Información Territorial,IGN
2015,7259,2015-06-10,Miercoles,0.0,13:35:00,,0.0,2,"Automóvil,Moto/Ciclomotor",Bv. Oroño Y Catamarca,2,0,1,0,1,0,0,,Avenida,,ROSARIO,Rosario,Asfalto,No existe,II,Dentro,Urbana,Ninguna,No existe,Intersección,Bueno,Buena,Diurna,Buen Tiempo,Lateral,S/D,Colisión,S/D,Faltante,Ninguna,Sin restricción,POINT (-60.651806750000006 -32.9378818),"['Bulevar Nicasio Oroño', 'Catamarca']",2,Bulevar Nicasio Oroño; Catamarca,-32.9378818,-60.651806750000006,55.0,538.0,Municipio Rosario,Municipio,Rosario,820210,Servicio de Catastro e Información Territorial,IGN
2015,7261,2015-06-29,Lunes,0.0,23:00:00,,0.0,2,"Taxi/Remis,Peatón",Urquiza Y Maipu,2,1,0,0,1,0,0,,Calle,,ROSARIO,Rosario,Asfalto,S/D,II,Dentro,Urbana,Ninguna,S/D,Intersección,Bueno,S/D,Nocturna,Buen Tiempo,S/D,S/D,Atropello,S/D,Faltante,Ninguna,Sin restricción,POINT (-60.634468600000005 -32.9442497),"['Urquiza', 'Maipú']",2,Justo José de Urquiza; Maipú,-32.9442497,-60.634468600000005,55.0,538.0,Municipio Rosario,Municipio,Rosario,820210,Servicio de Catastro e Información Territorial,IGN
2015,7262,2015-07-05,Domingo,0.0,00:15:00,,0.0,2,"Automóvil,Moto/Ciclomotor",Av. Ntra.Sra.del Rosario 400,3,1,0,0,2,0,0,,Avenida,,ROSARIO,Rosario,Asfalto,Natural,II,S/D,Urbana,Semáforo,Funciona,Intersección,Bueno,Buena,Nocturna,Buen Tiempo,S/D,S/D,Colisión,S/D,Vertical,Ninguna,Sin restricción,"-32.9997432, -60.6154115",['Ntra Sra Del Rosario 400'],1,Ntra Sra Del Rosario 400,-32.9997432,-60.6154115,55.0,538.0,Municipio Rosario,Municipio,Rosario,820210,Servicio de Catastro e Información Territorial,IGN
2015,7263,2015-09-04,Viernes,0.0,13:10:00,,0.0,2,"Automóvil,Moto/Ciclomotor",Av. Battle y Ordoñez Y Pueyrredon,2,1,0,0,1,0,0,,S/D,,ROSARIO,Rosario,Asfalto,Pavimento,II,Dentro,Urbana,Ninguna,No existe,Recta,Bueno,Buena,Diurna,Buen Tiempo,Lateral,S/D,Colisión,S/D,Faltante,Ninguna,Sin restricción,POINT (-60.66878450000001 -33.0094948),"['Avenida Battle y Ordoñez', 'Pueyrredón']",2,Avenida Battle y Ordoñez; Pueyrredón,-33.0094948,-60.66878450000001,55.0,538.0,Municipio Rosario,Municipio,Rosario,820210,Servicio de Catastro e Información Territorial,IGN
2015,7265,2015-07-07,Martes,0.0,17:45:00,,0.0,2,"Automóvil,Moto/Ciclomotor",Av. Ovidio Lagos Y Mar Chiquita,3,2,0,0,1,0,0,,Avenida,,ROSARIO,Rosario,Asfalto,Natural,II,Dentro,Urbana,Ninguna,No existe,Intersección,Bueno,Buena,Diurna,Buen Tiempo,Frontal,S/D,Colisión,S/D,Faltante,Ninguna,Sin restricción,POINT (-60.681262600000004 -33.0266289),"['Avenida Ovidio Lagos', 'Mar Chiquita']",2,Avenida Ovidio Lagos; Mar Chiquita,-33.0266289,-60.6812626,55.0,538.0,Municipio Rosario,Municipio,Rosario,820210,Servicio de Catastro e Información Territorial,IGN
2015,7266,2015-07-27,Lunes,0.0,10:00:00,,0.0,2,"Moto/Ciclomotor,Automóvil",Av. Corrientes Y Uruguay,3,2,0,0,1,0,0,,Calle,,ROSARIO,Rosario,Asfalto,No existe,II,Dentro,Urbana,Ninguna,No existe,Intersección,Bueno,Buena,Diurna,Buen Tiempo,Lateral,S/D,Colisión,S/D,Faltante,Ninguna,Sin restricción,POINT (-60.650026 -32.976060399999994),"['Corrientes', 'Uruguay']",2,Corrientes; Uruguay,-32.976060399999994,-60.650026,55.0,538.0,Municipio Rosario,Municipio,Rosario,820210,Servicio de Catastro e Información Territorial,IGN
2015,7268,2015-09-11,Viernes,0.0,00:40:00,,0.0,1,Moto/Ciclomotor,Av. Circunvalacion Y Bv. Avellaneda,1,1,0,0,0,0,0,,Avenida,,ROSARIO,Rosario,Asfalto,Pavimento,II,Dentro,Urbana,Ninguna,No existe,Recta,Bueno,Buena,Nocturna,Buen Tiempo,Contra objeto fijo,S/D,Colisión,S/D,Faltante,Ninguna,Sin restricción,POINT (-60.68941966610684 -33.00080705152485),"['Circunvalacion', 'Avellaneda']",2,Avenida de Circunvalación 25 de Mayo; Bulevar Nicolás Avellaneda,-33.00080705152485,-60.68941966610684,55.0,538.0,Municipio Rosario,Municipio,Rosario,820210,Servicio de Catastro e Información Territorial,IGN
2015,7269,2015-09-23,Miercoles,0.0,05:15:00,,0.0,2,"Automóvil,Automóvil",Av. Ovidio Lagos Y Av. Circunvalacion,3,1,0,0,2,0,0,,Avenida,,ROSARIO,Rosario,Asfalto,S/D,II,Dentro,Urbana,Semáforo,Funciona,Intersección,Bueno,Buena,Nocturna,Buen Tiempo,De alcance,S/D,Colisión,S/D,Faltante,Ninguna,S/D,POINT (-60.67699098957188 -33.00797177001669),"['Avenida Ovidio Lagos', 'Circunvalacion']",2,Avenida Ovidio Lagos; Avenida de Circunvalación 25 de Mayo,-33.00797177001669,-60.67699098957188,55.0,538.0,Municipio Rosario,Municipio,Rosario,820210,Servicio de Catastro e Información Territorial,IGN
2015,7272,2015-07-08,Miercoles,0.0,12:00:00,,0.0,2,"Moto/Ciclomotor,Moto/Ciclomotor",Gorriti Y Campbell,2,2,0,0,0,0,0,,Calle,,ROSARIO,Rosario,S/D,No existe,II,Dentro,Urbana,Ninguna,No existe,Intersección,S/D,S/D,Diurna,S/D,S/D,S/D,Colisión,S/D,Faltante,Ninguna,Sin restricción,POINT (-60.708721499999996 -32.9242655),"['Gorriti', 'Campbell']",2,Gorriti; Campbell,-32.9242655,-60.7087215,55.0,538.0,Municipio Rosario,Municipio,Rosario,820210,Servicio de Catastro e Información Territorial,IGN
2015,7277,2015-07-23,Jueves,0.0,21:50:00,,0.0,2,"Taxi/Remis,Peatón",Servando Bayo Y Urquiza,2,1,0,0,1,0,0,,Calle,,ROSARIO,Rosario,Asfalto,No existe,II,Dentro,Urbana,Ninguna,No existe,Intersección,S/D,S/D,Nocturna,S/D,Lateral,S/D,Atropello,S/D,Faltante,Ninguna,Sin restricción,POINT (-60.68369630000001 -32.93462980000001),"['Servando Bayo', 'Urquiza']",2,Servando Bayo; Justo José de Urquiza,-32.93462980000001,-60.68369630000001,55.0,538.0,Municipio Rosario,Municipio,Rosario,820210,Servicio de Catastro e Información Territorial,IGN
2015,7278,2015-07-24,Viernes,0.0,21:15:00,,0.0,1,Automóvil,Av. Circunvalacion Y Av. Uriburu,2,1,0,0,1,0,0,,Avenida,,ROSARIO,Rosario,Asfalto,Pavimento,II,S/D,Urbana,Semáforo,Funciona,Intersección,Bueno,Buena,Nocturna,Buen Tiempo,Frontal,S/D,Colisión,S/D,Vertical,Ninguna,Sin restricción,POINT (-60.70053645 -32.992253950000006),"['Circunvalacion', 'Uriburu']",2,"('Juan Pablo II', 'Avenida José Uriburu')",-32.992253950000006,-60.70053645,55.0,538.0,Municipio Rosario,Municipio,Rosario,820210,Servicio de Catastro e Información Territorial,IGN
2015,7280,2015-07-09,Jueves,0.0,13:15:00,,0.0,2,"Moto/Ciclomotor,Automóvil",Junin Y Campbell,2,1,0,0,1,0,0,,Calle,,ROSARIO,Rosario,Asfalto,No existe,II,Dentro,Urbana,Ninguna,No existe,Intersección,S/D,S/D,Diurna,S/D,Lateral,S/D,S/D,S/D,Faltante,Ninguna,Sin restricción,POINT (-60.708518700000006 -32.9274588),"['Junín', 'Campbell']",2,Junín; Campbell,-32.9274588,-60.708518700000006,55.0,538.0,Municipio Rosario,Municipio,Rosario,820210,Servicio de Catastro e Información Territorial,IGN
2015,7281,2015-07-01,Miercoles,0.0,,,0.0,2,"Automóvil,Moto/Ciclomotor",La Republica 8900,2,1,0,0,0,0,1,,Calle,,ROSARIO,Rosario,Asfalto,Pavimento,II,S/D,Urbana,Ninguna,No existe,Intersección,Bueno,Buena,S/D,Buen Tiempo,Lateral,S/D,Colisión,Ninguna,S/D,Ninguna,Sin restricción,"-32.9183964, -60.706206",['La Republica 8900'],1,La Republica 8900,-32.9183964,-60.706206,55.0,538.0,Municipio Rosario,Municipio,Rosario,820210,Servicio de Catastro e Información Territorial,IGN
2015,7282,2015-07-03,Viernes,0.0,,,0.0,2,"Moto/Ciclomotor,Automóvil",Bv. Wilde Y Jose Ingenieros,2,1,0,0,1,0,0,,Calle,,ROSARIO,Rosario,Asfalto,No existe,II,Dentro,Urbana,S/D,No existe,Intersección,Bueno,S/D,S/D,S/D,Lateral,S/D,S/D,Ninguna,S/D,S/D,Sin restricción,POINT (-60.739336900000005 -32.9178009),"['Bulevar Wilde', 'José Ingenieros']",2,Bulevar Wilde; José Ingenieros,-32.9178009,-60.739336900000005,55.0,538.0,Municipio Rosario,Municipio,Rosario,820210,Servicio de Catastro e Información Territorial,IGN
2015,7283,2015-07-05,Domingo,0.0,,,0.0,2,"Moto/Ciclomotor,Automóvil",La Republica Y Sarratea Bis,4,1,2,0,1,0,0,,Calle,,ROSARIO,Rosario,Asfalto,No existe,II,Dentro,Urbana,Ninguna,No existe,Intersección,Bueno,Buena,Diurna,Buen Tiempo,Lateral,S/D,Colisión,Material Suelto,Faltante,S/D,Sin restricción,POINT (-60.741425400000004 -32.91935389999999),"['La República', 'Sarratea']",2,La República; Sarratea,-32.91935389999999,-60.7414254,55.0,538.0,Municipio Rosario,Municipio,Rosario,820210,Servicio de Catastro e Información Territorial,IGN
2015,7284,2015-07-16,Jueves,0.0,,,0.0,2,"Bicicleta,Automóvil",Navarro Y Av. Provincias Unidas,3,2,0,0,1,0,0,,Calle,,ROSARIO,Rosario,Asfalto,No existe,II,Dentro,Urbana,Ninguna,No existe,Intersección,Bueno,Buena,Diurna,Buen Tiempo,S/D,S/D,Atropello,S/D,Faltante,Cordón divisorio,Sin restricción,POINT (-60.713012649999996 -32.931526899999994),"['Navarro', 'Avenida Provincias Unidas']",2,Navarro; Avenida Provincias Unidas,-32.931526899999994,-60.71301265,55.0,538.0,Municipio Rosario,Municipio,Rosario,820210,Servicio de Catastro e Información Territorial,IGN
2015,7286,2015-04-26,Domingo,0.0,17:00:00,,0.0,2,"Peatón,Moto/Ciclomotor",Bv. Avellaneda Y Lamadrid,3,1,0,0,0,0,2,,Calle,,ROSARIO,Rosario,S/D,S/D,II,Dentro,Urbana,S/D,S/D,S/D,S/D,S/D,Diurna,S/D,S/D,S/D,Atropello,S/D,S/D,S/D,S/D,POINT (-60.6888668 -32.998344450000005),"['Avellaneda', 'Lamadrid']",2,Bulevar Nicolás Avellaneda; Gregorio Aráoz de Lamadrid,-32.998344450000005,-60.6888668,55.0,538.0,Municipio Rosario,Municipio,Rosario,820210,Servicio de Catastro e Información Territorial,IGN
2015,7291,2015-07-18,Sabado,0.0,,,0.0,2,"Moto/Ciclomotor,Pickup/Utilitario",Nicaragua Y French,3,2,0,0,1,0,0,,Calle,,ROSARIO,Rosario,Asfalto,No existe,II,Dentro,Urbana,Ninguna,No existe,Intersección,Bueno,Buena,Diurna,Buen Tiempo,Lateral,S/D,Colisión,S/D,Faltante,Ninguna,Sin restricción,POINT (-60.7215001 -32.92200940000001),"['Nicaragua', 'French']",2,Nicaragua; Domingo French,-32.92200940000001,-60.7215001,55.0,538.0,Municipio Rosario,Municipio,Rosario,820210,Servicio de Catastro e Información Territorial,IGN
2015,7292,2015-07-29,Miercoles,0.0,,,0.0,2,"Bicicleta,Automóvil",Venezuela Y French,2,1,0,0,1,0,0,,Calle,,ROSARIO,Rosario,Asfalto,No existe,II,Dentro,Urbana,Ninguna,No existe,Intersección,Bueno,Buena,Diurna,Buen Tiempo,Lateral,S/D,Atropello,S/D,S/D,Ninguna,Sin restricción,POINT (-60.7253558 -32.92178580000001),"['Venezuela', 'French']",2,Venezuela; Domingo French,-32.92178580000001,-60.7253558,55.0,538.0,Municipio Rosario,Municipio,Rosario,820210,Servicio de Catastro e Información Territorial,IGN
2015,7293,2015-07-08,Miercoles,0.0,14:35:00,,0.0,2,"Peatón,Automóvil",Solis ,3,1,0,0,2,0,0,,Calle,,ROSARIO,Rosario,Asfalto,No existe,II,Dentro,Urbana,Ninguna,No existe,Recta,S/D,S/D,Diurna,S/D,De alcance,S/D,Atropello,S/D,Faltante,S/D,Sin restricción,"-32.9312617, -60.7037868",['Solis'],1,Solis,-32.9312617,-60.7037868,55.0,538.0,Municipio Rosario,Municipio,Rosario,820210,Servicio de Catastro e Información Territorial,IGN
2015,7294,2015-07-20,Lunes,0.0,13:30:00,,0.0,2,"Automóvil,Moto/Ciclomotor",España Y 9 De Julio,2,1,0,0,1,0,0,,Calle,,ROSARIO,Rosario,Asfalto,S/D,II,Dentro,Urbana,Ninguna,No existe,Intersección,Bueno,Buena,Diurna,Buen Tiempo,Lateral,S/D,Colisión,S/D,Faltante,Cordón divisorio,Sin restricción,POINT (-60.6483514 -32.95237109999999),"['España', '9 de Julio']",2,España; 9 de Julio,-32.95237109999999,-60.6483514,55.0,538.0,Municipio Rosario,Municipio,Rosario,820210,Servicio de Catastro e Información Territorial,IGN
2015,7295,2015-07-16,Jueves,0.0,15:30:00,,0.0,2,"Moto/Ciclomotor,Taxi/Remis",Mendoza Y Dorrego,2,1,0,0,1,0,0,,Calle,,ROSARIO,Rosario,Asfalto,S/D,II,Dentro,Urbana,Semáforo,Funciona,Intersección,Bueno,Buena,Diurna,Buen Tiempo,Lateral,S/D,Colisión,S/D,Vertical,Cordón divisorio,Sin restricción,POINT (-60.6504762 -32.949572799999984),"['Mendoza', 'Dorrego']",2,Mendoza; Manuel Dorrego,-32.949572799999984,-60.6504762,55.0,538.0,Municipio Rosario,Municipio,Rosario,820210,Servicio de Catastro e Información Territorial,IGN
2015,7296,2015-07-17,Viernes,0.0,21:30:00,,0.0,2,"Automóvil,Automóvil",L.N.Alem Y E.Zeballos,2,1,0,0,1,0,0,,Calle,,ROSARIO,Rosario,Asfalto,S/D,II,Dentro,Urbana,S/D,S/D,Intersección,Bueno,S/D,Nocturna,S/D,Lateral,S/D,Colisión,S/D,S/D,Cordón divisorio,S/D,POINT (-60.630486 -32.956978299999996),"['Alem', 'Zeballos']",2,Leandro N. Alem; Zeballos,-32.9569783,-60.630486,55.0,538.0,Municipio Rosario,Municipio,Rosario,820210,Servicio de Catastro e Información Territorial,IGN
2015,7297,2015-07-17,Viernes,0.0,16:45:00,,0.0,2,"Bicicleta,Automóvil",San Lorenzo Y Pte.Roca,2,1,0,0,0,0,1,,Calle,,ROSARIO,Rosario,Asfalto,S/D,II,Dentro,Urbana,Señal Pare,S/D,Intersección,Bueno,Buena,Con luz artificial,Buen Tiempo,S/D,S/D,Atropello,S/D,Faltante,Ninguna,Sin restricción,POINT (-60.6445114 -32.942901499999984),"['San Lorenzo', 'Roca']",2,San Lorenzo; Presidente Roca,-32.942901499999984,-60.6445114,55.0,538.0,Municipio Rosario,Municipio,Rosario,820210,Servicio de Catastro e Información Territorial,IGN
2015,7299,2015-07-23,Jueves,0.0,12:00:00,,0.0,1,Transporte de Pasajeros Urbano (> 8 asientos),Bv. Oroño Y San Lorenzo,1,1,0,0,0,0,0,,Calle,,ROSARIO,Rosario,Asfalto,S/D,II,Dentro,Urbana,S/D,S/D,Intersección,Bueno,Buena,Diurna,Buen Tiempo,S/D,S/D,Caída ocupante,S/D,S/D,Ninguna,S/D,POINT (-60.652740599999994 -32.9414065),"['Bulevar Nicasio Oroño', 'San Lorenzo']",2,Bulevar Nicasio Oroño; San Lorenzo,-32.9414065,-60.6527406,55.0,538.0,Municipio Rosario,Municipio,Rosario,820210,Servicio de Catastro e Información Territorial,IGN
2015,7300,2015-07-06,Lunes,0.0,15:30:00,,0.0,2,"Moto/Ciclomotor,Automóvil",Alvear Y Guemes,2,1,0,0,0,0,1,,Avenida,,ROSARIO,Rosario,Asfalto,S/D,II,Dentro,Urbana,S/D,S/D,Intersección,Bueno,Buena,Diurna,Buen Tiempo,Lateral,S/D,Colisión,S/D,S/D,Ninguna,S/D,POINT (-60.65205120000001 -32.9330104),"['Alvear', 'Güemes']",2,Alvear; Güemes,-32.9330104,-60.65205120000001,55.0,538.0,Municipio Rosario,Municipio,Rosario,820210,Servicio de Catastro e Información Territorial,IGN
2015,7302,2015-07-25,Sabado,0.0,09:00:00,,0.0,2,"Automóvil,Moto/Ciclomotor",Av. Illia 1000,2,1,0,0,0,0,1,,Calle,,ROSARIO,Rosario,Asfalto,S/D,II,Dentro,Urbana,S/D,S/D,Intersección,Bueno,Buena,"Nocturna,Con luz artificial",Buen Tiempo,S/D,S/D,S/D,S/D,S/D,Ninguna,Sin restricción,"-32.930932, -60.6525685",['Illia 1000'],1,Illia 1000,-32.930932,-60.6525685,55.0,538.0,Municipio Rosario,Municipio,Rosario,820210,Servicio de Catastro e Información Territorial,IGN
2015,7318,2015-08-04,Martes,0.0,17:00:00,,0.0,2,"Automóvil,Automóvil",Rioja Y Mariano Moreno,3,1,0,0,2,0,0,,Calle,,ROSARIO,Rosario,Asfalto,S/D,II,Dentro,Urbana,S/D,No existe,Intersección,Bueno,Buena,Diurna,Buen Tiempo,Lateral,S/D,Colisión,S/D,Faltante,Cordón divisorio,Sin restricción,POINT (-60.6508717 -32.9453541),"['Rioja', 'Mariano Moreno']",2,Rioja; Mariano Moreno,-32.9453541,-60.6508717,55.0,538.0,Municipio Rosario,Municipio,Rosario,820210,Servicio de Catastro e Información Territorial,IGN
2015,7320,2015-08-01,Sabado,0.0,00:10:00,,0.0,2,"Automóvil,Taxi/Remis",9 De Julio Y Balcarce,2,1,0,0,1,0,0,,Calle,,ROSARIO,Rosario,Asfalto,S/D,II,Dentro,Urbana,Ninguna,No existe,Intersección,Bueno,Buena,"Nocturna,Con luz artificial",Buen Tiempo,Lateral,S/D,Colisión,S/D,Faltante,Cordón divisorio,Sin restricción,POINT (-60.6538105 -32.95138879999999),"['9 de Julio', 'Balcarce']",2,9 de Julio; Balcarce,-32.95138879999999,-60.6538105,55.0,538.0,Municipio Rosario,Municipio,Rosario,820210,Servicio de Catastro e Información Territorial,IGN
2015,7322,2015-08-10,Lunes,0.0,14:00:00,,0.0,2,"Automóvil,Moto/Ciclomotor",Av. Uriburu Y Rvdo.J.Margis,3,2,0,0,1,0,0,,Calle,,ROSARIO,Rosario,S/D,S/D,II,Dentro,Urbana,S/D,S/D,Intersección,S/D,Buena,Diurna,S/D,Lateral,S/D,Colisión,S/D,S/D,S/D,S/D,POINT (-60.6620999 -32.9911774),"['Uriburu', 'José Margis']",2,Avenida José Uriburu; Reverendo José Margis,-32.9911774,-60.6620999,55.0,538.0,Municipio Rosario,Municipio,Rosario,820210,Servicio de Catastro e Información Territorial,IGN
2015,7323,2015-08-09,Domingo,0.0,17:25:00,,0.0,2,"Taxi/Remis,Automóvil",Bv. Oroño Y Gaboto,3,3,0,0,0,0,0,,Avenida,,ROSARIO,Rosario,S/D,S/D,II,Dentro,Urbana,S/D,Funciona,Intersección,S/D,Buena,Diurna,Buen Tiempo,Lateral,S/D,Colisión,S/D,S/D,S/D,S/D,POINT (-60.660093950000004 -32.970649650000006),"['Bulevar Nicasio Oroño', 'Gaboto']",2,Bulevar Nicasio Oroño; Gaboto,-32.970649650000006,-60.66009395,55.0,538.0,Municipio Rosario,Municipio,Rosario,820210,Servicio de Catastro e Información Territorial,IGN
2015,7324,2015-08-08,Sabado,0.0,15:10:00,,0.0,2,"Moto/Ciclomotor,Automóvil",Sarmiento 4151,2,1,0,0,1,0,0,,Calle,,ROSARIO,Rosario,S/D,S/D,II,Dentro,Urbana,S/D,No existe,Recta,S/D,Buena,Diurna,Buen Tiempo,Lateral,S/D,Colisión,S/D,S/D,S/D,S/D,"-32.98543653061225, -60.647904008163266",['Sarmiento 4151'],1,Sarmiento 4151,-32.98543653061225,-60.64790400816327,55.0,538.0,Municipio Rosario,Municipio,Rosario,820210,Servicio de Catastro e Información Territorial,IGN
2015,7326,2015-08-09,Domingo,0.0,02:15:00,,0.0,2,"Moto/Ciclomotor,Automóvil",Vera Mujica Y Mendoza,2,1,0,0,1,0,0,,Calle,,ROSARIO,Rosario,Asfalto,S/D,II,Dentro,Urbana,S/D,S/D,S/D,S/D,S/D,S/D,S/D,S/D,S/D,S/D,S/D,S/D,S/D,S/D,POINT (-60.66819559999999 -32.946412599999995),"['Vera Mujíca', 'Mendoza']",2,Vera Mujíca; Mendoza,-32.946412599999995,-60.66819559999999,55.0,538.0,Municipio Rosario,Municipio,Rosario,820210,Servicio de Catastro e Información Territorial,IGN
2015,7327,2015-08-08,Sabado,0.0,06:30:00,,0.0,2,"Automóvil,Automóvil",Cafferata Y 3 De Febrero,3,0,0,0,0,0,3,,Calle,,ROSARIO,Rosario,S/D,S/D,II,Dentro,Urbana,S/D,S/D,S/D,S/D,S/D,Amanecer,S/D,S/D,S/D,S/D,S/D,S/D,S/D,S/D,POINT (-60.6725593 -32.946913499999994),"['Cafferata', '3 de Febrero']",2,Cafferata; 3 de Febrero,-32.946913499999994,-60.6725593,55.0,538.0,Municipio Rosario,Municipio,Rosario,820210,Servicio de Catastro e Información Territorial,IGN
2015,7328,2015-08-13,Jueves,0.0,,,0.0,2,"Automóvil,Automóvil",Vera Mujica Y San Juan,4,1,0,0,3,0,0,,Calle,,ROSARIO,Rosario,Asfalto,S/D,II,Dentro,Urbana,S/D,S/D,S/D,S/D,S/D,S/D,S/D,S/D,S/D,S/D,S/D,S/D,S/D,S/D,POINT (-60.6678428 -32.94501609999999),"['Vera Mujíca', 'San Juan']",2,Vera Mujíca; San Juan,-32.94501609999999,-60.6678428,55.0,538.0,Municipio Rosario,Municipio,Rosario,820210,Servicio de Catastro e Información Territorial,IGN
2015,7329,2015-08-11,Martes,0.0,09:00:00,,0.0,2,"Automóvil,Automóvil",Buenos Aires Y Mendoza,2,1,0,0,1,0,0,,Calle,,ROSARIO,Rosario,Asfalto,S/D,II,Dentro,Urbana,S/D,S/D,Intersección,Bueno,Buena,Diurna,S/D,Lateral,S/D,Colisión,S/D,S/D,Cordón divisorio,S/D,POINT (-60.6339667 -32.952472600000014),"['Buenos Aires', 'Mendoza']",2,Buenos Aires; Mendoza,-32.952472600000014,-60.6339667,55.0,538.0,Municipio Rosario,Municipio,Rosario,820210,Servicio de Catastro e Información Territorial,IGN