anio_acci,nro_acci,fecha,desc_dia,fecha_aprox,hora_aprox,desc_ruta,km,cant_participantes,desc_participante,calle_avenida_km,total,heridos_leves,heridos_graves,heridos_gravisimos,ilesos,fallecidos,sin_datos,posicion_XY,desc_tipo_via,desc_ruta_ori,desc_loc,desc_dpto,desc_tipo_calzada,desc_tipo_banquina,desc_unidad_regional,desc_lugar_calzada,desc_zona,desc_prioridad,desc_estado_semaforo,desc_lugar_via,desc_estado_via,desc_estado_visibilidad,desc_luminosidad,desc_estado_clima,desc_tipo_colision,desc_tipo_atropello,desc_tipo_hecho,desc_pres_calzada,desc_senializacion,desc_separacion_via,desc_restriccion,forma_geocod,calle_lista,numero_calles,calles_osm,lat,lon,index_right,gid,fna,gna,nam,in1,fdc,sag
2015,7330,2015-08-22,Sabado,0.0,20:10:00,,0.0,2,"Automóvil,Taxi/Remis",Av. Pellegrini Y Maipu,3,2,0,0,1,0,0,,Calle,,ROSARIO,Rosario,Asfalto,S/D,II,Dentro,Urbana,S/D,S/D,Intersección,Bueno,S/D,Nocturna,S/D,Lateral,S/D,Colisión,S/D,S/D,S/D,S/D,POINT (-60.6381258 -32.95780119999999),"['Pellegrini', 'Maipú']",2,Avenida Carlos Pellegrini; Maipú,-32.95780119999999,-60.6381258,55.0,538.0,Municipio Rosario,Municipio,Rosario,820210,Servicio de Catastro e Información Territorial,IGN
2015,7331,2015-08-24,Lunes,0.0,21:30:00,,0.0,2,"Taxi/Remis,Moto/Ciclomotor",San Luis Y Laprida,2,1,0,0,1,0,0,,Calle,,ROSARIO,Rosario,Asfalto,S/D,II,Dentro,Urbana,S/D,S/D,Intersección,Bueno,S/D,Nocturna,S/D,Lateral,S/D,Colisión,S/D,S/D,Cordón divisorio,S/D,POINT (-60.6345977 -32.94979709999999),"['San Luis', 'Laprida']",2,San Luis; Francisco Narciso Laprida,-32.94979709999999,-60.6345977,55.0,538.0,Municipio Rosario,Municipio,Rosario,820210,Servicio de Catastro e Información Territorial,IGN
2015,7334,2015-08-26,Miercoles,0.0,16:10:00,,0.0,2,"Pickup/Utilitario,Taxi/Remis",San Juan Y Sarmiento,3,1,0,0,2,0,0,,Calle,,ROSARIO,Rosario,Asfalto,S/D,II,Dentro,Urbana,Ninguna,No existe,Intersección,Bueno,Buena,Atardecer,Buen Tiempo,Lateral,S/D,Colisión,S/D,Faltante,Cordón divisorio,Sin restricción,POINT (-60.6391042 -32.950156699999994),"['San Juan', 'Sarmiento']",2,San Juan; Sarmiento,-32.950156699999994,-60.6391042,55.0,538.0,Municipio Rosario,Municipio,Rosario,820210,Servicio de Catastro e Información Territorial,IGN
2015,7335,2015-08-06,Jueves,0.0,17:15:00,,0.0,2,"Automóvil,Automóvil",Balcarce Y San Juan,2,1,0,0,1,0,0,,Calle,,ROSARIO,Rosario,Asfalto,S/D,II,Dentro,Urbana,Ninguna,No existe,Intersección,Bueno,Buena,Atardecer,Buen Tiempo,Lateral,S/D,Colisión,S/D,Faltante,Cordón divisorio,Sin restricción,POINT (-60.6528703 -32.947698),"['Balcarce', 'San Juan']",2,Balcarce; San Juan,-32.947698,-60.6528703,55.0,538.0,Municipio Rosario,Municipio,Rosario,820210,Servicio de Catastro e Información Territorial,IGN
2015,7336,2015-08-04,Martes,0.0,14:00:00,,0.0,2,"Automóvil,Automóvil",Santa Fe 1800,3,1,0,0,2,0,0,,Calle,,ROSARIO,Rosario,Asfalto,S/D,II,Dentro,Urbana,Ninguna,No existe,Recta,Bueno,Buena,Diurna,Buen Tiempo,Frontal,S/D,Colisión,S/D,Faltante,Cordón divisorio,Sin restricción,"-32.9432674, -60.6476028",['Santa Fe 1800'],1,Santa Fe 1800,-32.9432674,-60.6476028,55.0,538.0,Municipio Rosario,Municipio,Rosario,820210,Servicio de Catastro e Información Territorial,IGN
2015,7337,2015-08-04,Martes,0.0,16:30:00,,0.0,3,"Automóvil,Automóvil,Automóvil",Entre Rios Y 3 De Febrero,4,1,0,0,3,0,0,,Calle,,ROSARIO,Rosario,Asfalto,S/D,II,Dentro,Urbana,Ninguna,No existe,Recta,Bueno,S/D,Diurna,Buen Tiempo,Múltiple,S/D,Colisión,S/D,Faltante,Cordón divisorio,Sin restricción,POINT (-60.6425086 -32.952261299999996),"['Entre Ríos', '3 de Febrero']",2,Entre Ríos; 3 de Febrero,-32.9522613,-60.6425086,55.0,538.0,Municipio Rosario,Municipio,Rosario,820210,Servicio de Catastro e Información Territorial,IGN
2015,7339,2015-08-17,Lunes,0.0,14:35:00,,0.0,2,"Automóvil,Automóvil",Mendoza Y Valparaiso,3,2,0,0,1,0,0,,Calle,,ROSARIO,Rosario,S/D,S/D,II,Dentro,Urbana,S/D,S/D,S/D,S/D,S/D,Diurna,S/D,S/D,S/D,S/D,S/D,S/D,S/D,S/D,POINT (-60.6831208 -32.9437541),"['Mendoza', 'Valparaíso']",2,Mendoza; Valparaíso,-32.9437541,-60.6831208,55.0,538.0,Municipio Rosario,Municipio,Rosario,820210,Servicio de Catastro e Información Territorial,IGN
2015,7340,2015-08-16,Domingo,0.0,,,0.0,2,"Automóvil,Automóvil",Av. Ovidio Lagos Y 9 De Julio,2,0,0,0,1,0,1,,Calle,,ROSARIO,Rosario,S/D,S/D,II,Dentro,Urbana,S/D,S/D,S/D,S/D,S/D,S/D,S/D,S/D,S/D,S/D,S/D,S/D,S/D,S/D,POINT (-60.663324700000004 -32.9497026),"['Avenida Ovidio Lagos', '9 de Julio']",2,Avenida Ovidio Lagos; 9 de Julio,-32.9497026,-60.6633247,55.0,538.0,Municipio Rosario,Municipio,Rosario,820210,Servicio de Catastro e Información Territorial,IGN
2015,7341,2015-08-17,Lunes,0.0,,,0.0,2,"Moto/Ciclomotor,Automóvil",Ricchieri Y San Luis,4,0,0,0,0,0,4,,Calle,,ROSARIO,Rosario,Asfalto,S/D,II,Dentro,Urbana,S/D,S/D,S/D,S/D,S/D,S/D,S/D,S/D,S/D,S/D,S/D,S/D,S/D,S/D,POINT (-60.6635007 -32.944650300000006),"['Ricchieri', 'San Luis']",2,Ricchieri; San Luis,-32.944650300000006,-60.6635007,55.0,538.0,Municipio Rosario,Municipio,Rosario,820210,Servicio de Catastro e Información Territorial,IGN
2015,7342,2015-08-21,Viernes,0.0,13:00:00,,0.0,2,"Bicicleta,Transporte de Pasajeros Urbano (> 8 asientos)",Bv. Avellaneda Y 9 De Julio,4,1,0,0,3,0,0,,Calle,,ROSARIO,Rosario,S/D,S/D,II,Dentro,Urbana,S/D,S/D,S/D,S/D,S/D,Diurna,S/D,S/D,S/D,Atropello,S/D,S/D,S/D,S/D,POINT (-60.680971 -32.946485599999995),"['Avellaneda', '9 de Julio']",2,Bulevar Nicolás Avellaneda; 9 de Julio,-32.946485599999995,-60.680971,55.0,538.0,Municipio Rosario,Municipio,Rosario,820210,Servicio de Catastro e Información Territorial,IGN
2015,7343,2015-08-19,Miercoles,0.0,18:00:00,,0.0,2,"Automóvil,Automóvil",Rioja Y Santiago,3,1,0,0,2,0,0,,Calle,,ROSARIO,Rosario,Asfalto,S/D,II,Dentro,Urbana,S/D,S/D,S/D,S/D,S/D,Diurna,S/D,S/D,S/D,Colisión,S/D,S/D,S/D,S/D,POINT (-60.656289699999995 -32.9443719),"['Rioja', 'Santiago']",2,Rioja; Santiago,-32.9443719,-60.6562897,55.0,538.0,Municipio Rosario,Municipio,Rosario,820210,Servicio de Catastro e Información Territorial,IGN
2015,7344,2015-08-18,Martes,0.0,14:00:00,,0.0,2,"Automóvil,Moto/Ciclomotor",Iriondo Y San Luis,3,2,0,0,1,0,0,,Calle,,ROSARIO,Rosario,S/D,S/D,II,Dentro,Urbana,S/D,S/D,S/D,S/D,S/D,Diurna,S/D,S/D,S/D,S/D,S/D,S/D,S/D,S/D,POINT (-60.6702694 -32.9434407),"['Iriondo', 'San Luis']",2,Iriondo; San Luis,-32.9434407,-60.6702694,55.0,538.0,Municipio Rosario,Municipio,Rosario,820210,Servicio de Catastro e Información Territorial,IGN
2015,7346,2015-08-18,Martes,0.0,07:30:00,,0.0,2,"Bicicleta,Automóvil",Av. Avellaneda B Y Montevideo,2,1,0,0,0,0,1,,Calle,,ROSARIO,Rosario,Asfalto,S/D,II,Dentro,Urbana,S/D,S/D,S/D,S/D,S/D,Diurna,S/D,S/D,S/D,Atropello,S/D,S/D,S/D,S/D,POINT (-60.68156305 -32.948831999999996),"['Avellaneda', 'Montevideo']",2,Bulevar Nicolás Avellaneda; Montevideo,-32.948832,-60.68156305,55.0,538.0,Municipio Rosario,Municipio,Rosario,820210,Servicio de Catastro e Información Territorial,IGN
2015,7347,2015-08-15,Sabado,0.0,19:00:00,,0.0,2,"Peatón,Pickup/Utilitario",E.Zeballos Y Mitre,2,1,0,0,1,0,0,,Calle,,ROSARIO,Rosario,Asfalto,S/D,II,Dentro,Urbana,Paso Peatonal,No existe,Intersección,Bueno,Buena,"Atardecer,Con luz artificial",Buen Tiempo,S/D,S/D,Atropello,S/D,Horizontal,Cordón divisorio,S/D,POINT (-60.641725300000004 -32.95477609999999),"['Zeballos', 'Mitre']",2,Zeballos; Bartolomé Mitre,-32.95477609999999,-60.6417253,55.0,538.0,Municipio Rosario,Municipio,Rosario,820210,Servicio de Catastro e Información Territorial,IGN
2015,7348,2015-08-14,Viernes,0.0,12:15:00,,0.0,2,"Peatón,Automóvil",Montevideo Y Balcarce,2,1,0,0,1,0,0,,Calle,,ROSARIO,Rosario,Asfalto,S/D,II,Dentro,Urbana,Ninguna,S/D,Recta,Bueno,Buena,Diurna,Buen Tiempo,S/D,S/D,Atropello,S/D,S/D,Cordón divisorio,Sin restricción,POINT (-60.6543933 -32.953676800000004),"['Montevideo', 'Balcarce']",2,Montevideo; Balcarce,-32.953676800000004,-60.6543933,55.0,538.0,Municipio Rosario,Municipio,Rosario,820210,Servicio de Catastro e Información Territorial,IGN
2015,7349,2015-08-24,Lunes,0.0,16:00:00,,0.0,1,Automóvil,Pte.Roca Y Montevideo,2,1,0,0,1,0,0,,Calle,,ROSARIO,Rosario,Asfalto,S/D,II,Dentro,Urbana,Ninguna,No existe,Intersección,Bueno,Buena,Diurna,Buen Tiempo,Lateral,S/D,Colisión,S/D,Faltante,Cordón divisorio,Sin restricción,POINT (-60.6475352 -32.954896299999994),"['Roca', 'Montevideo']",2,Presidente Roca; Montevideo,-32.954896299999994,-60.6475352,55.0,538.0,Municipio Rosario,Municipio,Rosario,820210,Servicio de Catastro e Información Territorial,IGN
2015,7350,2015-08-20,Jueves,0.0,17:00:00,,0.0,2,"Bicicleta,Automóvil",Entre Rios Y 9 De Julio,2,1,0,0,1,0,0,,Calle,,ROSARIO,Rosario,Asfalto,S/D,II,Dentro,Urbana,Ninguna,No existe,Recta,Bueno,Buena,Diurna,Buen Tiempo,Frontal,S/D,Atropello,S/D,Faltante,Cordón divisorio,Sin restricción,POINT (-60.64278060000001 -32.953352300000006),"['Entre Ríos', '9 de Julio']",2,Entre Ríos; 9 de Julio,-32.953352300000006,-60.64278060000001,55.0,538.0,Municipio Rosario,Municipio,Rosario,820210,Servicio de Catastro e Información Territorial,IGN
2015,7351,2015-08-10,Lunes,0.0,06:50:00,,0.0,2,"Automóvil,Moto/Ciclomotor",Mendoza Y Mariano Moreno,2,1,0,0,1,0,0,,Calle,,ROSARIO,Rosario,Asfalto,S/D,II,Dentro,Urbana,S/D,No existe,Recta,Bueno,Buena,Diurna,Buen Tiempo,Frontal,S/D,Colisión,S/D,S/D,Cordón divisorio,Sin restricción,POINT (-60.6519029 -32.949323199999995),"['Mendoza', 'Mariano Moreno']",2,Mendoza; Mariano Moreno,-32.949323199999995,-60.6519029,55.0,538.0,Municipio Rosario,Municipio,Rosario,820210,Servicio de Catastro e Información Territorial,IGN
2015,7352,2015-08-10,Lunes,0.0,22:30:00,,0.0,2,"Automóvil,Peatón",Santa Fe Y Mariano Moreno,2,1,0,0,1,0,0,,Calle,,ROSARIO,Rosario,Asfalto,S/D,II,Dentro,Urbana,Semáforo,Funciona,Intersección,Bueno,Buena,"Nocturna,Con luz artificial",Buen Tiempo,S/D,S/D,Atropello,S/D,Vertical,Cordón divisorio,Sin restricción,POINT (-60.65025920000001 -32.942853299999996),"['Santa Fe', 'Mariano Moreno']",2,Santa Fe; Mariano Moreno,-32.9428533,-60.65025920000001,55.0,538.0,Municipio Rosario,Municipio,Rosario,820210,Servicio de Catastro e Información Territorial,IGN
2015,7353,2015-08-07,Viernes,0.0,21:40:00,,0.0,2,"Bicicleta,Automóvil",Av. Pellegrini Y Av. Corrientes,3,1,0,0,2,0,0,,Calle,,ROSARIO,Rosario,Asfalto,S/D,II,Dentro,Urbana,Semáforo,Funciona,Recta,Bueno,Buena,"Nocturna,Con luz artificial",Buen Tiempo,Frontal,S/D,Atropello,S/D,Vertical,Ninguna,Sin restricción,POINT (-60.645055850000006 -32.95655624999999),"['Pellegrini', 'Corrientes']",2,Avenida Carlos Pellegrini; Corrientes,-32.95655624999999,-60.645055850000006,55.0,538.0,Municipio Rosario,Municipio,Rosario,820210,Servicio de Catastro e Información Territorial,IGN
2015,7354,2015-08-24,Lunes,0.0,,,0.0,2,"Automóvil,Automóvil",San Juan Y Bv. Oroño,2,1,0,0,1,0,0,,Avenida,,ROSARIO,Rosario,Asfalto,S/D,II,Dentro,Urbana,Semáforo,Funciona,Intersección,Bueno,Buena,S/D,Buen Tiempo,Lateral,S/D,Colisión,S/D,S/D,S/D,S/D,POINT (-60.6542222 -32.947453949999996),"['San Juan', 'Bulevar Nicasio Oroño']",2,San Juan; Bulevar Nicasio Oroño,-32.94745395,-60.6542222,55.0,538.0,Municipio Rosario,Municipio,Rosario,820210,Servicio de Catastro e Información Territorial,IGN
2015,7355,2015-08-28,Viernes,0.0,11:15:00,,0.0,2,"Automóvil,Peatón",Rioja Y Buenos Aires,2,1,0,0,1,0,0,,Calle,,ROSARIO,Rosario,Asfalto,S/D,II,Dentro,Urbana,Ninguna,No existe,Recta,Bueno,Buena,Diurna,Buen Tiempo,S/D,S/D,Atropello,S/D,Faltante,Cordón divisorio,Sin restricción,POINT (-60.633047700000006 -32.94881029999999),"['Rioja', 'Buenos Aires']",2,Rioja; Buenos Aires,-32.94881029999999,-60.633047700000006,55.0,538.0,Municipio Rosario,Municipio,Rosario,820210,Servicio de Catastro e Información Territorial,IGN
2015,7356,2015-08-28,Viernes,0.0,17:00:00,,0.0,2,"Taxi/Remis,Peatón",San Luis Y Entre Rios,2,1,0,0,1,0,0,,Calle,,ROSARIO,Rosario,Asfalto,S/D,II,Dentro,Urbana,S/D,S/D,Intersección,Bueno,Buena,Diurna,Buen Tiempo,S/D,S/D,Atropello,S/D,S/D,Cordón divisorio,Sin restricción,POINT (-60.6415602 -32.9485507),"['San Luis', 'Entre Ríos']",2,San Luis; Entre Ríos,-32.9485507,-60.6415602,55.0,538.0,Municipio Rosario,Municipio,Rosario,820210,Servicio de Catastro e Información Territorial,IGN
2015,7357,2015-08-01,Sabado,0.0,09:30:00,,0.0,2,"Peatón,Automóvil",9 De Julio Y Av. Corrientes,2,0,1,0,1,0,0,,Calle,,ROSARIO,Rosario,Asfalto,S/D,II,Dentro,Urbana,Semáforo,Funciona,Intersección,Bueno,Buena,Diurna,Buen Tiempo,S/D,S/D,Atropello,S/D,Vertical,Cordón divisorio,Sin restricción,POINT (-60.64417650000001 -32.95310819999999),"['9 de Julio', 'Corrientes']",2,9 de Julio; Corrientes,-32.95310819999999,-60.64417650000001,55.0,538.0,Municipio Rosario,Municipio,Rosario,820210,Servicio de Catastro e Información Territorial,IGN
2015,7358,2015-08-09,Domingo,0.0,13:30:00,,0.0,2,"Automóvil,Peatón",Italia Y Rioja,2,1,0,0,1,0,0,,Calle,,ROSARIO,Rosario,Asfalto,S/D,II,Dentro,Urbana,Ninguna,No existe,Intersección,Bueno,Buena,Diurna,Buen Tiempo,S/D,S/D,Atropello,S/D,Faltante,Cordón divisorio,Sin restricción,POINT (-60.6481592 -32.945870500000005),"['Italia', 'Rioja']",2,Italia; Rioja,-32.945870500000005,-60.6481592,55.0,538.0,Municipio Rosario,Municipio,Rosario,820210,Servicio de Catastro e Información Territorial,IGN
2015,7359,2015-08-03,Lunes,0.0,19:00:00,,0.0,2,"Camión,Bicicleta",Mendoza Y Parana,2,1,0,0,1,0,0,,Calle,,ROSARIO,Rosario,Asfalto,S/D,II,Dentro,Urbana,S/D,S/D,Intersección,S/D,S/D,Atardecer,S/D,S/D,S/D,Atropello,S/D,S/D,S/D,S/D,POINT (-60.69255820000001 -32.94205654999999),"['Mendoza', 'Paraná']",2,Mendoza; Paraná,-32.94205654999999,-60.69255820000001,55.0,538.0,Municipio Rosario,Municipio,Rosario,820210,Servicio de Catastro e Información Territorial,IGN
2015,7360,2015-08-03,Lunes,0.0,07:45:00,,0.0,2,"Automóvil,Automóvil",San Luis Y Valparaiso,2,1,0,0,1,0,0,,Calle,,ROSARIO,Rosario,S/D,S/D,II,Dentro,Urbana,S/D,S/D,Intersección,S/D,Buena,Amanecer,Buen Tiempo,Lateral,S/D,Colisión,S/D,S/D,S/D,S/D,POINT (-60.6824925 -32.9412371),"['San Luis', 'Valparaíso']",2,San Luis; Valparaíso,-32.9412371,-60.6824925,55.0,538.0,Municipio Rosario,Municipio,Rosario,820210,Servicio de Catastro e Información Territorial,IGN
2015,7361,2015-08-10,Lunes,0.0,15:30:00,,0.0,2,"Transporte de Pasajeros Urbano (> 8 asientos),Automóvil",Av. Corrientes Y Rioja,4,2,0,0,2,0,0,,Calle,,ROSARIO,Rosario,Asfalto,S/D,II,Dentro,Urbana,Ninguna,Funciona,Recta,Bueno,Buena,Diurna,Buen Tiempo,Frontal,S/D,Colisión,S/D,S/D,Cordón divisorio,Sin restricción,POINT (-60.6426087 -32.94686299999999),"['Corrientes', 'Rioja']",2,Corrientes; Rioja,-32.94686299999999,-60.6426087,55.0,538.0,Municipio Rosario,Municipio,Rosario,820210,Servicio de Catastro e Información Territorial,IGN
2015,7362,2015-08-20,Jueves,0.0,19:45:00,,0.0,2,"Automóvil,Automóvil",Sarmiento 1300,3,1,0,0,2,0,0,,Calle,,ROSARIO,Rosario,Asfalto,S/D,II,Dentro,Urbana,S/D,No existe,Recta,Bueno,Buena,Diurna,Buen Tiempo,Frontal,S/D,Colisión,S/D,S/D,Cordón divisorio,Sin restricción,"-32.9526617, -60.6397731",['Sarmiento 1300'],1,Sarmiento 1300,-32.9526617,-60.6397731,55.0,538.0,Municipio Rosario,Municipio,Rosario,820210,Servicio de Catastro e Información Territorial,IGN
2015,7363,2015-08-20,Jueves,0.0,19:30:00,,0.0,1,Moto/Ciclomotor,Mariano Moreno Y 9 De Julio,2,1,0,0,1,0,0,,Calle,,ROSARIO,Rosario,Asfalto,S/D,II,Dentro,Urbana,Ninguna,No existe,Intersección,Bueno,Buena,Diurna,Buen Tiempo,Lateral,S/D,Colisión,S/D,Faltante,Cordón divisorio,Sin restricción,POINT (-60.6524866 -32.951627),"['Mariano Moreno', '9 de Julio']",2,Mariano Moreno; 9 de Julio,-32.951627,-60.6524866,55.0,538.0,Municipio Rosario,Municipio,Rosario,820210,Servicio de Catastro e Información Territorial,IGN
2015,7364,2015-08-03,Lunes,0.0,21:50:00,,0.0,3,"Automóvil,Moto/Ciclomotor,Pickup/Utilitario",3 De Febrero Y Alsina,5,1,0,0,4,0,0,,Calle,,ROSARIO,Rosario,S/D,S/D,II,Dentro,Urbana,S/D,S/D,Intersección,S/D,Buena,Nocturna,Buen Tiempo,Múltiple,S/D,Colisión,S/D,S/D,S/D,S/D,POINT (-60.6779986 -32.94594320000001),"['3 de Febrero', 'Alsina']",2,3 de Febrero; Alsina,-32.94594320000001,-60.6779986,55.0,538.0,Municipio Rosario,Municipio,Rosario,820210,Servicio de Catastro e Información Territorial,IGN
2015,7365,2015-08-05,Miercoles,0.0,11:30:00,,0.0,2,"Automóvil,Moto/Ciclomotor",Bv. Avellaneda Y Montevideo,2,1,0,0,1,0,0,,Avenida,,ROSARIO,Rosario,S/D,S/D,II,Dentro,Urbana,S/D,S/D,Intersección,S/D,Buena,Diurna,Buen Tiempo,Lateral,S/D,Colisión,S/D,S/D,S/D,S/D,POINT (-60.68156305 -32.948831999999996),"['Avellaneda', 'Montevideo']",2,Bulevar Nicolás Avellaneda; Montevideo,-32.948832,-60.68156305,55.0,538.0,Municipio Rosario,Municipio,Rosario,820210,Servicio de Catastro e Información Territorial,IGN
2015,7367,2015-08-06,Jueves,0.0,,,0.0,2,"Automóvil,Automóvil",Bv. Avellaneda Y Mendoza,3,2,0,0,1,0,0,,Avenida,,ROSARIO,Rosario,Asfalto,S/D,II,Dentro,Urbana,S/D,S/D,Intersección,Bueno,Buena,S/D,Buen Tiempo,Lateral,S/D,Colisión,S/D,Faltante,S/D,Sin restricción,POINT (-60.680421100000004 -32.94423964999999),"['Avellaneda', 'Mendoza']",2,Bulevar Nicolás Avellaneda; Mendoza,-32.94423964999999,-60.6804211,55.0,538.0,Municipio Rosario,Municipio,Rosario,820210,Servicio de Catastro e Información Territorial,IGN
2015,7368,2015-08-08,Sabado,0.0,13:45:00,,0.0,2,"Automóvil,Taxi/Remis",Mariano Moreno Y Saavedra,3,0,1,0,2,0,0,,Calle,,ROSARIO,Rosario,S/D,S/D,II,Dentro,Urbana,S/D,S/D,S/D,S/D,S/D,S/D,S/D,S/D,S/D,S/D,S/D,S/D,S/D,S/D,POINT (-60.6584801 -32.9757272),"['Mariano Moreno', 'Saavedra']",2,Mariano Moreno; Saavedra,-32.9757272,-60.6584801,55.0,538.0,Municipio Rosario,Municipio,Rosario,820210,Servicio de Catastro e Información Territorial,IGN
2015,7369,2015-08-08,Sabado,0.0,19:10:00,,0.0,2,"Automóvil,Pickup/Utilitario",Mitre Y Bv. Segui,2,1,0,0,1,0,0,,Calle,,ROSARIO,Rosario,S/D,S/D,II,Dentro,Urbana,S/D,S/D,S/D,S/D,S/D,S/D,S/D,S/D,S/D,S/D,S/D,S/D,S/D,S/D,POINT (-60.6477426 -32.97883275),"['Mitre', 'Bulevar Juan Francisco Seguí']",2,Bartolomé Mitre; Bulevar Juan Francisco Seguí,-32.97883275,-60.6477426,55.0,538.0,Municipio Rosario,Municipio,Rosario,820210,Servicio de Catastro e Información Territorial,IGN
2015,7370,2015-08-07,Viernes,0.0,14:00:00,,0.0,1,,Dr.Rivas Y Sarmiento,5,4,0,0,1,0,0,,Calle,,ROSARIO,Rosario,S/D,S/D,II,S/D,Urbana,S/D,S/D,S/D,S/D,S/D,S/D,S/D,S/D,S/D,S/D,S/D,S/D,S/D,S/D,POINT (-60.6475442 -32.98367330000001),"['Doctor Francisco Riva', 'Sarmiento']",2,Doctor Francisco Riva; Sarmiento,-32.98367330000001,-60.6475442,55.0,538.0,Municipio Rosario,Municipio,Rosario,820210,Servicio de Catastro e Información Territorial,IGN
2015,7371,2015-08-09,Domingo,0.0,02:30:00,,0.0,2,"Automóvil,Moto/Ciclomotor",Bv. Avellaneda Y Mendoza,3,2,0,0,1,0,0,,Avenida,,ROSARIO,Rosario,S/D,S/D,II,Dentro,Urbana,S/D,S/D,Intersección,S/D,Buena,Nocturna,Buen Tiempo,Lateral,S/D,Colisión,S/D,S/D,S/D,S/D,POINT (-60.680421100000004 -32.94423964999999),"['Avellaneda', 'Mendoza']",2,Bulevar Nicolás Avellaneda; Mendoza,-32.94423964999999,-60.6804211,55.0,538.0,Municipio Rosario,Municipio,Rosario,820210,Servicio de Catastro e Información Territorial,IGN
2015,7372,2015-08-25,Martes,0.0,17:30:00,,0.0,2,"Moto/Ciclomotor,Peatón",San Juan Y Castellanos,2,1,0,0,1,0,0,,Calle,,ROSARIO,Rosario,Asfalto,S/D,II,Dentro,Urbana,S/D,S/D,Intersección,Bueno,Buena,Diurna,Buen Tiempo,S/D,S/D,Atropello,S/D,S/D,S/D,S/D,POINT (-60.6760251 -32.94355620000001),"['San Juan', 'Aaron Castellanos']",2,San Juan; Aaron Castellanos,-32.94355620000001,-60.6760251,55.0,538.0,Municipio Rosario,Municipio,Rosario,820210,Servicio de Catastro e Información Territorial,IGN
2015,7373,2015-08-07,Viernes,0.0,14:00:00,,0.0,2,"Automóvil,Taxi/Remis",Dr.Rivas Y Sarmiento,5,4,0,0,1,0,0,,Calle,,ROSARIO,Rosario,S/D,S/D,II,S/D,Urbana,S/D,S/D,S/D,S/D,S/D,S/D,S/D,S/D,S/D,S/D,S/D,S/D,S/D,S/D,POINT (-60.6475442 -32.98367330000001),"['Doctor Francisco Riva', 'Sarmiento']",2,Doctor Francisco Riva; Sarmiento,-32.98367330000001,-60.6475442,55.0,538.0,Municipio Rosario,Municipio,Rosario,820210,Servicio de Catastro e Información Territorial,IGN
2015,7374,2015-08-08,Sabado,0.0,,,0.0,2,"Moto/Ciclomotor,Automóvil",Av. Provincias Unidas ,3,2,0,0,1,0,0,,S/D,,ROSARIO,Rosario,Asfalto,Pavimento,II,S/D,S/D,Ninguna,No existe,Intersección,Bueno,Buena,Diurna,Buen Tiempo,Lateral,S/D,Colisión,Ninguna,Faltante,Cordón divisorio,Sin restricción,"-32.9153875, -60.7138888",['Avenida Provincias Unidas'],1,Avenida Provincias Unidas,-32.9153875,-60.7138888,55.0,538.0,Municipio Rosario,Municipio,Rosario,820210,Servicio de Catastro e Información Territorial,IGN
2015,7375,2015-08-30,Domingo,0.0,11:15:00,,0.0,2,"Automóvil,Automóvil",Rio De Janeiro Y Marcos Paz,3,2,0,0,1,0,0,,Calle,,ROSARIO,Rosario,Asfalto,S/D,II,Dentro,Urbana,S/D,S/D,Intersección,S/D,Buena,Diurna,Buen Tiempo,Lateral,S/D,Colisión,S/D,S/D,S/D,S/D,POINT (-60.6816228 -32.94329449999999),"['Río de Janeiro', 'Marcos Paz']",2,Río de Janeiro; Marcos Paz,-32.94329449999999,-60.6816228,55.0,538.0,Municipio Rosario,Municipio,Rosario,820210,Servicio de Catastro e Información Territorial,IGN
2015,7376,2015-08-30,Domingo,0.0,02:30:00,,0.0,2,"Moto/Ciclomotor,Automóvil",Cordoba Y Castellanos,3,2,0,0,1,0,0,,Calle,,ROSARIO,Rosario,Asfalto,S/D,II,Dentro,Urbana,S/D,S/D,Intersección,Bueno,Buena,Nocturna,S/D,Lateral,S/D,Colisión,S/D,S/D,S/D,S/D,POINT (-60.675064000000006 -32.939814),"['Córdoba', 'Aaron Castellanos']",2,Córdoba; Aaron Castellanos,-32.939814,-60.675064000000006,55.0,538.0,Municipio Rosario,Municipio,Rosario,820210,Servicio de Catastro e Información Territorial,IGN
2015,7377,2015-08-03,Lunes,0.0,,,0.0,2,"Moto/Ciclomotor,Pickup/Utilitario",J.J.Paso 7700,2,1,0,0,1,0,0,,Calle,,ROSARIO,Rosario,Asfalto,No existe,II,Dentro,Urbana,Ninguna,No existe,Recta,Bueno,Buena,Diurna,Buen Tiempo,Frontal,S/D,Colisión,Ninguna,Faltante,Cordón divisorio,Sin restricción,"-32.9206083, -60.727832",['Juan José Paso 7700'],1,Juan José Paso 7700,-32.9206083,-60.727832,55.0,538.0,Municipio Rosario,Municipio,Rosario,820210,Servicio de Catastro e Información Territorial,IGN
2015,7381,2015-08-04,Martes,0.0,21:30:00,,0.0,2,"Bicicleta,Moto/Ciclomotor",Lamadrid Y San Martin,2,1,0,0,1,0,0,,Calle,,ROSARIO,Rosario,S/D,S/D,II,Dentro,Urbana,S/D,S/D,S/D,S/D,S/D,S/D,S/D,S/D,S/D,Atropello,S/D,S/D,S/D,S/D,POINT (-60.64808370000001 -32.997063899999986),"['Lamadrid', 'San Martin']",2,Gregorio Aráoz de Lamadrid; José de San Martín,-32.997063899999986,-60.64808370000001,55.0,538.0,Municipio Rosario,Municipio,Rosario,820210,Servicio de Catastro e Información Territorial,IGN