anio_acci,nro_acci,fecha,desc_dia,fecha_aprox,hora_aprox,desc_ruta,km,cant_participantes,desc_participante,calle_avenida_km,total,heridos_leves,heridos_graves,heridos_gravisimos,ilesos,fallecidos,sin_datos,posicion_XY,desc_tipo_via,desc_ruta_ori,desc_loc,desc_dpto,desc_tipo_calzada,desc_tipo_banquina,desc_unidad_regional,desc_lugar_calzada,desc_zona,desc_prioridad,desc_estado_semaforo,desc_lugar_via,desc_estado_via,desc_estado_visibilidad,desc_luminosidad,desc_estado_clima,desc_tipo_colision,desc_tipo_atropello,desc_tipo_hecho,desc_pres_calzada,desc_senializacion,desc_separacion_via,desc_restriccion,forma_geocod,calle_lista,numero_calles,calles_osm,lat,lon,index_right,gid,fna,gna,nam,in1,fdc,sag
2015,7383,2015-08-01,Sabado,0.0,00:10:00,,0.0,2,"Moto/Ciclomotor,Automóvil",J.B.Justo Y Mitre,2,1,0,0,1,0,0,,S/D,,ROSARIO,Rosario,S/D,S/D,II,S/D,S/D,S/D,S/D,S/D,S/D,S/D,Nocturna,S/D,S/D,S/D,S/D,S/D,S/D,S/D,S/D,POINT (-60.6386903 -32.94275089999999),"['Justo', 'Mitre']",2,Justo José de Urquiza; Bartolomé Mitre,-32.94275089999999,-60.6386903,55.0,538.0,Municipio Rosario,Municipio,Rosario,820210,Servicio de Catastro e Información Territorial,IGN
2015,7384,2015-08-01,Sabado,0.0,22:20:00,,0.0,2,"Moto/Ciclomotor,Automóvil",Balcarce Y Bv. Segui,3,1,1,0,1,0,0,,S/D,,ROSARIO,Rosario,S/D,S/D,II,S/D,S/D,S/D,S/D,S/D,S/D,S/D,S/D,S/D,S/D,S/D,S/D,S/D,S/D,S/D,S/D,POINT (-60.66015055 -32.97661384999999),"['Balcarce', 'Bulevar Juan Francisco Seguí']",2,Balcarce; Bulevar Juan Francisco Seguí,-32.97661384999999,-60.66015055,55.0,538.0,Municipio Rosario,Municipio,Rosario,820210,Servicio de Catastro e Información Territorial,IGN
2015,7385,2015-08-19,Miercoles,0.0,09:40:00,,0.0,2,"Automóvil,Automóvil",Donado Y Martinez Estrada,2,1,0,0,1,0,0,,Calle,,ROSARIO,Rosario,S/D,S/D,II,S/D,Urbana,S/D,S/D,Intersección,S/D,S/D,Diurna,S/D,S/D,S/D,S/D,S/D,S/D,S/D,S/D,POINT (-60.72830845 -32.91112455),"['Donado', 'Martinez Estrada']",2,José Agustín Donado; Martinez Estrada,-32.91112455,-60.72830845,55.0,538.0,Municipio Rosario,Municipio,Rosario,820210,Servicio de Catastro e Información Territorial,IGN
2015,7386,2015-08-31,Lunes,0.0,18:30:00,,0.0,2,"Automóvil,Moto/Ciclomotor",Biedma Y Pueyrredon,2,1,0,0,1,0,0,,Calle,,ROSARIO,Rosario,Asfalto,S/D,II,S/D,Urbana,S/D,S/D,Recta,Bueno,S/D,Atardecer,Buen Tiempo,S/D,S/D,Colisión,S/D,S/D,S/D,S/D,POINT (-60.66617329999999 -32.977945899999995),"['Coronel Biedma', 'Pueyrredón']",2,Coronel Biedma; Pueyrredón,-32.977945899999995,-60.66617329999999,55.0,538.0,Municipio Rosario,Municipio,Rosario,820210,Servicio de Catastro e Información Territorial,IGN
2015,7387,2015-08-04,Martes,0.0,19:40:00,,0.0,2,"Automóvil,Automóvil",Mitre Y Pje. Gral.Savio,3,1,0,0,2,0,0,,Calle,,ROSARIO,Rosario,S/D,S/D,II,Dentro,Urbana,S/D,S/D,S/D,S/D,S/D,S/D,S/D,S/D,S/D,S/D,S/D,S/D,S/D,S/D,POINT (-60.6505536 -32.99657099999999),"['Mitre', 'Savio']",2,Bartolomé Mitre; General Manuel Savio,-32.99657099999999,-60.6505536,55.0,538.0,Municipio Rosario,Municipio,Rosario,820210,Servicio de Catastro e Información Territorial,IGN
2015,7388,2015-08-31,Lunes,0.0,13:25:00,,0.0,2,"Bicicleta,Otros",Av. Uriburu Y Vuelta De Obligado,2,1,0,0,0,0,1,,Avenida,,ROSARIO,Rosario,Asfalto,S/D,II,S/D,Urbana,S/D,S/D,Intersección,Bueno,S/D,Diurna,Buen Tiempo,S/D,S/D,Atropello,S/D,S/D,S/D,S/D,POINT (-60.663032 -32.99120535),"['Uriburu', 'Vuelta de Obligado']",2,Avenida José Uriburu; Vuelta de Obligado,-32.99120535,-60.663032,55.0,538.0,Municipio Rosario,Municipio,Rosario,820210,Servicio de Catastro e Información Territorial,IGN
2015,7389,2015-08-31,Lunes,0.0,16:00:00,,0.0,2,"Taxi/Remis,Bicicleta",Sarmiento 3426,2,1,0,0,1,0,0,,Calle,,ROSARIO,Rosario,Asfalto,S/D,II,S/D,Urbana,Ninguna,S/D,Recta,Bueno,S/D,Diurna,Buen Tiempo,S/D,S/D,Atropello,S/D,S/D,Ninguna,S/D,"-32.97715039387755, -60.64599191020408",['Sarmiento 3426'],1,Sarmiento 3426,-32.97715039387755,-60.64599191020408,55.0,538.0,Municipio Rosario,Municipio,Rosario,820210,Servicio de Catastro e Información Territorial,IGN
2015,7390,2015-08-27,Jueves,0.0,23:00:00,,0.0,2,"Moto/Ciclomotor,Otros",Biedma Y Balcarce,2,1,0,0,0,0,1,,Calle,,ROSARIO,Rosario,Asfalto,S/D,II,S/D,Urbana,Ninguna,S/D,Intersección,Bueno,S/D,Nocturna,Buen Tiempo,S/D,S/D,Atropello,S/D,S/D,Ninguna,S/D,POINT (-60.6607457 -32.97891130000001),"['Coronel Biedma', 'Balcarce']",2,Coronel Biedma; Balcarce,-32.97891130000001,-60.6607457,55.0,538.0,Municipio Rosario,Municipio,Rosario,820210,Servicio de Catastro e Información Territorial,IGN
2015,7391,2015-08-28,Viernes,0.0,13:20:00,,0.0,2,"Automóvil,Peatón",San Martin Y Dean Funes,2,1,0,0,1,0,0,,Calle,,ROSARIO,Rosario,Asfalto,S/D,II,S/D,Urbana,S/D,S/D,Intersección,Bueno,S/D,Diurna,S/D,S/D,S/D,Atropello,S/D,S/D,S/D,S/D,POINT (-60.6440372 -32.97592170000001),"['San Martin', 'Deán Gregorio Funes']",2,José de San Martín; Deán Gregorio Funes,-32.97592170000001,-60.6440372,55.0,538.0,Municipio Rosario,Municipio,Rosario,820210,Servicio de Catastro e Información Territorial,IGN
2015,7392,2015-08-26,Miercoles,0.0,18:30:00,,0.0,2,"Automóvil,Moto/Ciclomotor",Av. Corrientes Y Bv. Segui,3,1,0,0,2,0,0,,Calle,,ROSARIO,Rosario,Asfalto,S/D,II,S/D,Urbana,S/D,S/D,Intersección,Bueno,S/D,Atardecer,S/D,S/D,S/D,Colisión,S/D,S/D,Ninguna,S/D,POINT (-60.65060229999999 -32.97832124999999),"['Corrientes', 'Bulevar Juan Francisco Seguí']",2,Corrientes; Bulevar Juan Francisco Seguí,-32.97832124999999,-60.65060229999999,55.0,538.0,Municipio Rosario,Municipio,Rosario,820210,Servicio de Catastro e Información Territorial,IGN
2015,7393,2015-08-27,Jueves,0.0,17:30:00,,0.0,2,"Automóvil,Moto/Ciclomotor",Bv. Oroño Y Coulin,2,1,0,0,1,0,0,,Calle,,ROSARIO,Rosario,Asfalto,S/D,II,S/D,Urbana,S/D,S/D,Intersección,Bueno,S/D,Diurna,S/D,S/D,S/D,S/D,S/D,S/D,S/D,S/D,POINT (-60.6646975 -32.98902485),"['Bulevar Nicasio Oroño', 'Coulin']",2,Bulevar Nicasio Oroño; Coulin,-32.98902485,-60.6646975,55.0,538.0,Municipio Rosario,Municipio,Rosario,820210,Servicio de Catastro e Información Territorial,IGN
2015,7394,2015-08-26,Miercoles,0.0,10:00:00,,0.0,2,"Automóvil,Moto/Ciclomotor",Bv. Segui Y Mitre,3,1,0,0,2,0,0,,Calle,,ROSARIO,Rosario,Asfalto,S/D,II,S/D,Urbana,S/D,S/D,Intersección,Bueno,S/D,Diurna,S/D,S/D,S/D,Colisión,S/D,S/D,S/D,S/D,POINT (-60.6477426 -32.97883275),"['Bulevar Juan Francisco Seguí', 'Mitre']",2,Bulevar Juan Francisco Seguí; Bartolomé Mitre,-32.97883275,-60.6477426,55.0,538.0,Municipio Rosario,Municipio,Rosario,820210,Servicio de Catastro e Información Territorial,IGN
2015,7396,2015-08-25,Martes,0.0,13:45:00,,0.0,2,"Automóvil,Moto/Ciclomotor",Italia Y Saavedra,3,2,0,0,1,0,0,,Calle,,ROSARIO,Rosario,Asfalto,S/D,II,Dentro,Urbana,S/D,S/D,Intersección,Bueno,Buena,Diurna,Buen Tiempo,Lateral,S/D,Colisión,S/D,S/D,S/D,S/D,POINT (-60.655801999999994 -32.976212600000004),"['Italia', 'Saavedra']",2,Italia; Saavedra,-32.976212600000004,-60.655802,55.0,538.0,Municipio Rosario,Municipio,Rosario,820210,Servicio de Catastro e Información Territorial,IGN
2015,7397,2015-08-25,Martes,0.0,06:30:00,,0.0,2,"Automóvil,Moto/Ciclomotor",Bv. Oroño Y Garibaldi,2,1,0,0,1,0,0,,Avenida,,ROSARIO,Rosario,Asfalto,S/D,II,Dentro,Urbana,S/D,S/D,Intersección,Bueno,Buena,Amanecer,Buen Tiempo,Lateral,S/D,Colisión,S/D,S/D,S/D,S/D,POINT (-60.6632508 -32.983266949999994),"['Bulevar Nicasio Oroño', 'José Garibaldi']",2,Bulevar Nicasio Oroño; José Garibaldi,-32.983266949999994,-60.6632508,55.0,538.0,Municipio Rosario,Municipio,Rosario,820210,Servicio de Catastro e Información Territorial,IGN
2015,7398,2015-08-24,Lunes,0.0,15:50:00,,0.0,2,"Automóvil,Automóvil",Bv. Segui Y Mariano Moreno,3,1,0,0,2,0,0,,Avenida,,ROSARIO,Rosario,Asfalto,S/D,II,Dentro,Urbana,S/D,S/D,Intersección,Bueno,Buena,Diurna,Buen Tiempo,Lateral,S/D,Colisión,S/D,S/D,S/D,S/D,POINT (-60.658756600000004 -32.97685955),"['Bulevar Juan Francisco Seguí', 'Mariano Moreno']",2,Bulevar Juan Francisco Seguí; Mariano Moreno,-32.97685955,-60.6587566,55.0,538.0,Municipio Rosario,Municipio,Rosario,820210,Servicio de Catastro e Información Territorial,IGN
2015,7400,2015-08-23,Domingo,0.0,19:00:00,,0.0,2,"Automóvil,Bicicleta",Bv. Segui Y Dorrego,2,1,0,0,1,0,0,,Calle,,ROSARIO,Rosario,S/D,S/D,II,Dentro,Urbana,S/D,S/D,Intersección,S/D,Buena,Atardecer,Buen Tiempo,S/D,S/D,Atropello,S/D,S/D,S/D,S/D,POINT (-60.657444850000005 -32.97709334999999),"['Bulevar Juan Francisco Seguí', 'Dorrego']",2,Bulevar Juan Francisco Seguí; Manuel Dorrego,-32.97709334999999,-60.657444850000005,55.0,538.0,Municipio Rosario,Municipio,Rosario,820210,Servicio de Catastro e Información Territorial,IGN
2015,7401,2015-08-21,Viernes,0.0,07:45:00,,0.0,2,"Automóvil,Bicicleta",Bv. Segui Y Sarmiento,2,1,0,0,1,0,0,,Avenida,,ROSARIO,Rosario,S/D,S/D,II,Dentro,Urbana,S/D,S/D,Intersección,S/D,Buena,Diurna,S/D,S/D,S/D,Atropello,S/D,S/D,S/D,S/D,POINT (-60.64638135 -32.9790819),"['Bulevar Juan Francisco Seguí', 'Sarmiento']",2,Bulevar Juan Francisco Seguí; Sarmiento,-32.9790819,-60.64638135,55.0,538.0,Municipio Rosario,Municipio,Rosario,820210,Servicio de Catastro e Información Territorial,IGN
2015,7402,2015-08-20,Jueves,0.0,21:20:00,,0.0,3,"Automóvil,Automóvil,Moto/Ciclomotor",Bv. Oroño Y Av. Jorge Cura,4,2,0,0,2,0,0,,Avenida,,ROSARIO,Rosario,S/D,S/D,II,Dentro,Urbana,S/D,S/D,Intersección,S/D,Buena,Nocturna,Buen Tiempo,Múltiple,S/D,Colisión,S/D,S/D,S/D,S/D,POINT (-60.6603234 -32.971199399999996),"['Bulevar Nicasio Oroño', 'Avenida Jorge Cura']",2,Bulevar Nicasio Oroño; Avenida Jorge Cura,-32.9711994,-60.6603234,55.0,538.0,Municipio Rosario,Municipio,Rosario,820210,Servicio de Catastro e Información Territorial,IGN
2015,7403,2015-08-19,Miercoles,0.0,19:00:00,,0.0,2,"Automóvil,Moto/Ciclomotor",Amenabar Y España,3,1,0,0,2,0,0,,Calle,,ROSARIO,Rosario,S/D,S/D,II,Dentro,Urbana,S/D,S/D,Intersección,S/D,Buena,Atardecer,Buen Tiempo,Lateral,S/D,Colisión,S/D,S/D,S/D,S/D,POINT (-60.6529679 -32.9707249),"['Amenabar', 'España']",2,José de Amenábar; España,-32.9707249,-60.6529679,55.0,538.0,Municipio Rosario,Municipio,Rosario,820210,Servicio de Catastro e Información Territorial,IGN
2015,7406,2015-08-30,Domingo,0.0,20:30:00,,0.0,2,"Automóvil,Moto/Ciclomotor",Uruguay Y Paraguay,2,1,0,0,1,0,0,,Calle,,ROSARIO,Rosario,Asfalto,S/D,II,S/D,Urbana,S/D,S/D,Intersección,S/D,S/D,S/D,Buen Tiempo,S/D,S/D,Colisión,S/D,S/D,S/D,S/D,POINT (-60.6513931 -32.975813699999996),"['Uruguay', 'Paraguay']",2,Uruguay; Paraguay,-32.9758137,-60.6513931,55.0,538.0,Municipio Rosario,Municipio,Rosario,820210,Servicio de Catastro e Información Territorial,IGN
2015,7408,2015-08-18,Martes,0.0,,,0.0,2,"Moto/Ciclomotor,Pickup/Utilitario",J.C.Paz Y Artigas,3,1,0,0,2,0,0,,Calle,,ROSARIO,Rosario,Asfalto,No existe,II,Dentro,Urbana,Ninguna,No existe,Intersección,Bueno,Buena,Diurna,Buen Tiempo,Frontal,S/D,Colisión,Ninguna,Faltante,Ninguna,Sin restricción,POINT (-60.6856995 -32.90851729999999),"['Paz', 'Artigas']",2,Marcos Paz; Artigas,-32.90851729999999,-60.6856995,55.0,538.0,Municipio Rosario,Municipio,Rosario,820210,Servicio de Catastro e Información Territorial,IGN
2015,7410,2015-08-22,Sabado,0.0,18:00:00,,0.0,2,"Automóvil,Moto/Ciclomotor",G.Carrasco Y Gallo,2,1,0,0,1,0,0,,Avenida,,ROSARIO,Rosario,Asfalto,No existe,II,Dentro,Urbana,Semáforo,Funciona,Intersección,Bueno,Buena,Diurna,Buen Tiempo,Frontal,S/D,Colisión,Ninguna,Faltante,Ninguna,Sin restricción,POINT (-60.686882950000005 -32.88919039999999),"['Carrasco', 'Gallo']",2,Omar Carrasco; Cangallo,-32.88919039999999,-60.686882950000005,55.0,538.0,Municipio Rosario,Municipio,Rosario,820210,Servicio de Catastro e Información Territorial,IGN
2015,7412,2015-08-10,Lunes,0.0,10:50:00,,0.0,2,"Moto/Ciclomotor,Automóvil",Darragueira Y Chiclana,2,1,0,0,1,0,0,,Calle,,ROSARIO,Rosario,Asfalto,No existe,II,Dentro,Urbana,Ninguna,No existe,Intersección,Bueno,Buena,Diurna,Buen Tiempo,Frontal,S/D,Colisión,Ninguna,Faltante,Ninguna,Sin restricción,POINT (-60.6924649 -32.90305639999999),"['José Darragueira', 'Chiclana']",2,José Darragueira; Chiclana,-32.90305639999999,-60.6924649,55.0,538.0,Municipio Rosario,Municipio,Rosario,820210,Servicio de Catastro e Información Territorial,IGN
2015,7413,2015-08-02,Domingo,0.0,02:30:00,,0.0,2,"Automóvil,Automóvil",Bv. Rondeau 4400,4,2,0,0,2,0,0,,Avenida,,ROSARIO,Rosario,Asfalto,No existe,II,Dentro,Urbana,Semáforo,Funciona,Recta,Bueno,Buena,Nocturna,Buen Tiempo,Frontal,S/D,Colisión,Ninguna,Vertical,Ninguna,Sin restricción,"-32.8713476, -60.6993048",['Rondeau 4400'],1,Rondeau 4400,-32.8713476,-60.6993048,55.0,538.0,Municipio Rosario,Municipio,Rosario,820210,Servicio de Catastro e Información Territorial,IGN
2015,7414,2015-08-15,Sabado,0.0,23:20:00,,0.0,2,"Taxi/Remis,Moto/Ciclomotor",Victor Mercante Y Olive,3,2,0,0,1,0,0,,Calle,,ROSARIO,Rosario,Asfalto,S/D,II,S/D,Urbana,Ninguna,S/D,Intersección,Bueno,S/D,Nocturna,Buen Tiempo,Lateral,S/D,Colisión,S/D,Faltante,Cordón divisorio,Sin restricción,POINT (-60.68421599999999 -32.91300349999999),"['Víctor Mercante', 'Olive']",2,Víctor Mercante; Olivé,-32.91300349999999,-60.68421599999999,55.0,538.0,Municipio Rosario,Municipio,Rosario,820210,Servicio de Catastro e Información Territorial,IGN
2015,7415,2015-08-05,Miercoles,0.0,07:30:00,,0.0,2,"Automóvil,Moto/Ciclomotor",Bv. Rondeau Y Gurruchaga,2,1,0,0,1,0,0,,Avenida,,ROSARIO,Rosario,Asfalto,No existe,II,Dentro,Urbana,Ninguna,Funciona,Intersección,Bueno,Buena,Diurna,Buen Tiempo,Frontal,S/D,Colisión,Ninguna,"Horizontal,Vertical",Ninguna,Sin restricción,POINT (-60.68916395 -32.90512564999999),"['Rondeau', 'Gurruchaga']",2,Bulevar General José Rondeau; Gurruchaga,-32.90512564999999,-60.68916395,55.0,538.0,Municipio Rosario,Municipio,Rosario,820210,Servicio de Catastro e Información Territorial,IGN
2015,7416,2015-08-31,Lunes,0.0,06:00:00,,0.0,2,"Moto/Ciclomotor,Automóvil",L.N.Alem Y Amenabar,3,2,0,0,1,0,0,,Calle,,ROSARIO,Rosario,Asfalto,No existe,II,Dentro,Urbana,Ninguna,No existe,Intersección,Bueno,Buena,"Amanecer,Con luz artificial",Buen Tiempo,Lateral,S/D,Colisión,Ninguna,Faltante,Ninguna,Sin restricción,POINT (-60.634784399999994 -32.9739879),"['Alem', 'Amenabar']",2,Leandro N. Alem; José de Amenábar,-32.9739879,-60.6347844,55.0,538.0,Municipio Rosario,Municipio,Rosario,820210,Servicio de Catastro e Información Territorial,IGN
2015,7425,2015-08-18,Martes,0.0,15:30:00,,0.0,2,"Pickup/Utilitario,Moto/Ciclomotor",Bv. Oroño Y Gaboto,3,2,0,0,1,0,0,,Calle,,ROSARIO,Rosario,S/D,No existe,II,Dentro,Urbana,Semáforo,Funciona,Intersección,Bueno,Buena,Diurna,Buen Tiempo,Lateral,S/D,Colisión,S/D,S/D,"Cordón divisorio,Vegetación",S/D,POINT (-60.660093950000004 -32.970649650000006),"['Bulevar Nicasio Oroño', 'Gaboto']",2,Bulevar Nicasio Oroño; Gaboto,-32.970649650000006,-60.66009395,55.0,538.0,Municipio Rosario,Municipio,Rosario,820210,Servicio de Catastro e Información Territorial,IGN
2015,7427,2015-08-31,Lunes,0.0,20:30:00,,0.0,2,"Moto/Ciclomotor,Moto/Ciclomotor",Saavedra 300,3,3,0,0,0,0,0,,Calle,,ROSARIO,Rosario,Asfalto,No existe,II,Dentro,Urbana,Ninguna,No existe,Recta,Bueno,Buena,Nocturna,Buen Tiempo,Frontal,S/D,Colisión,Ninguna,Faltante,Ninguna,Sin restricción,"-32.9798943, -60.6347892",['Saavedra 300'],1,Saavedra 300,-32.9798943,-60.6347892,55.0,538.0,Municipio Rosario,Municipio,Rosario,820210,Servicio de Catastro e Información Territorial,IGN
2015,7429,2015-08-17,Lunes,0.0,19:10:00,,0.0,2,"Moto/Ciclomotor,Automóvil",Dean Funes Y Sarmiento,2,1,0,0,1,0,0,,Calle,,ROSARIO,Rosario,Asfalto,S/D,II,Dentro,Urbana,S/D,No existe,Intersección,Bueno,Buena,Atardecer,Buen Tiempo,Lateral,S/D,Colisión,S/D,S/D,S/D,S/D,POINT (-60.645514000000006 -32.97565850000001),"['Deán Gregorio Funes', 'Sarmiento']",2,Deán Gregorio Funes; Sarmiento,-32.97565850000001,-60.645514000000006,55.0,538.0,Municipio Rosario,Municipio,Rosario,820210,Servicio de Catastro e Información Territorial,IGN
2015,7435,2015-08-14,Viernes,0.0,13:15:00,,0.0,2,"Moto/Ciclomotor,Pickup/Utilitario",Bv. Segui Y Mariano Moreno,2,1,0,0,1,0,0,,Avenida,,ROSARIO,Rosario,Asfalto,S/D,II,Dentro,Urbana,S/D,No existe,Intersección,S/D,Buena,Diurna,Buen Tiempo,Lateral,S/D,Colisión,S/D,S/D,S/D,S/D,POINT (-60.658756600000004 -32.97685955),"['Bulevar Juan Francisco Seguí', 'Mariano Moreno']",2,Bulevar Juan Francisco Seguí; Mariano Moreno,-32.97685955,-60.6587566,55.0,538.0,Municipio Rosario,Municipio,Rosario,820210,Servicio de Catastro e Información Territorial,IGN
2015,7438,2015-08-14,Viernes,0.0,13:00:00,,0.0,2,"Moto/Ciclomotor,Automóvil",Uruguay Y Paraguay,3,2,0,0,1,0,0,,Calle,,ROSARIO,Rosario,Asfalto,No existe,II,Dentro,Urbana,Señal Pare,No existe,Intersección,S/D,Buena,Diurna,Buen Tiempo,Lateral,S/D,Colisión,S/D,S/D,S/D,Sin restricción,POINT (-60.6513931 -32.975813699999996),"['Uruguay', 'Paraguay']",2,Uruguay; Paraguay,-32.9758137,-60.6513931,55.0,538.0,Municipio Rosario,Municipio,Rosario,820210,Servicio de Catastro e Información Territorial,IGN
2015,7441,2015-08-12,Miercoles,0.0,14:55:00,,0.0,2,"Automóvil,Moto/Ciclomotor",Italia Y Uruguay,3,2,0,0,1,0,0,,Calle,,ROSARIO,Rosario,Asfalto,S/D,II,Dentro,Urbana,S/D,S/D,Intersección,S/D,Buena,Diurna,Buen Tiempo,Lateral,S/D,Colisión,S/D,S/D,S/D,S/D,POINT (-60.6555142 -32.975070099999996),"['Italia', 'Uruguay']",2,Italia; Uruguay,-32.9750701,-60.6555142,55.0,538.0,Municipio Rosario,Municipio,Rosario,820210,Servicio de Catastro e Información Territorial,IGN
2015,7454,2015-09-03,Jueves,0.0,12:00:00,,0.0,1,Automóvil,Av. Ntra.Sra.del Rosario Y Callao,2,1,0,0,1,0,0,,Calle,,ROSARIO,Rosario,Asfalto,Pavimento,II,Dentro,Urbana,Ninguna,No existe,Intersección,Bueno,Buena,Diurna,Buen Tiempo,Lateral,S/D,Colisión,S/D,S/D,Ninguna,Sin restricción,POINT (-60.6713888 -33.000778399999994),"['Nuestra Señora del Rosario', 'Callao']",2,Puente Nuestra Señora del Rosario; Callao,-33.000778399999994,-60.6713888,55.0,538.0,Municipio Rosario,Municipio,Rosario,820210,Servicio de Catastro e Información Territorial,IGN
2015,7456,2015-09-19,Sabado,0.0,09:05:00,,0.0,1,Automóvil,Lamadrid Y Mariano Moreno,1,1,0,0,0,0,0,,Calle,,ROSARIO,Rosario,Asfalto,S/D,II,Dentro,Urbana,S/D,S/D,Intersección,Bueno,Buena,Diurna,Buen Tiempo,Contra objeto fijo,S/D,Colisión,S/D,S/D,Ninguna,Sin restricción,POINT (-60.66216970000001 -32.99752169999999),"['Lamadrid', 'Mariano Moreno']",2,Gregorio Aráoz de Lamadrid; Mariano Moreno,-32.99752169999999,-60.66216970000001,55.0,538.0,Municipio Rosario,Municipio,Rosario,820210,Servicio de Catastro e Información Territorial,IGN
2015,7463,2015-09-08,Martes,0.0,17:15:00,,0.0,2,"Peatón,Camión",Av. Arijon Y Balcarce,2,1,0,0,1,0,0,,Avenida,,ROSARIO,Rosario,Asfalto,Pavimento,II,Dentro,Urbana,Ninguna,S/D,Intersección,Bueno,Buena,Diurna,Buen Tiempo,S/D,S/D,Atropello,S/D,S/D,S/D,Sin restricción,POINT (-60.6633107 -33.00349020000001),"['Avenida Manuel Arijón', 'Balcarce']",2,Avenida Manuel Arijón; Balcarce,-33.00349020000001,-60.6633107,55.0,538.0,Municipio Rosario,Municipio,Rosario,820210,Servicio de Catastro e Información Territorial,IGN
2015,7474,2015-09-15,Martes,0.0,13:45:00,,0.0,2,"Moto/Ciclomotor,Automóvil",Av. Arijon Y Rodriguez,2,1,0,0,1,0,0,,Avenida,,ROSARIO,Rosario,Asfalto,Pavimento,II,Dentro,Urbana,Ninguna,No existe,Intersección,Bueno,Buena,Diurna,Buen Tiempo,Lateral,S/D,Colisión,S/D,S/D,Ninguna,Sin restricción,POINT (-60.670217300000004 -33.00366629999999),"['Avenida Manuel Arijón', 'Rodríguez']",2,Avenida Manuel Arijón; Rodríguez de Escobedo,-33.00366629999999,-60.6702173,55.0,538.0,Municipio Rosario,Municipio,Rosario,820210,Servicio de Catastro e Información Territorial,IGN
2015,7476,2015-09-06,Domingo,0.0,05:50:00,,0.0,2,"Moto/Ciclomotor,Pickup/Utilitario",Av. Battle y Ordoñez Y Balcarce,3,2,0,0,1,0,0,,Avenida,,ROSARIO,Rosario,Asfalto,Pavimento,II,Dentro,Urbana,Ninguna,Intermitente,Intersección,Bueno,Buena,Nocturna,Buen Tiempo,Lateral,S/D,Colisión,S/D,S/D,Ninguna,Sin restricción,POINT (-60.66308240000001 -33.009310600000006),"['Avenida Battle y Ordoñez', 'Balcarce']",2,Avenida Battle y Ordoñez; Balcarce,-33.009310600000006,-60.66308240000001,55.0,538.0,Municipio Rosario,Municipio,Rosario,820210,Servicio de Catastro e Información Territorial,IGN
2015,7479,2015-09-04,Viernes,0.0,06:50:00,,0.0,2,"Bicicleta,Pickup/Utilitario",Av. Arijon Y Alvear,2,1,0,0,1,0,0,,Avenida,,ROSARIO,Rosario,Asfalto,Pavimento,II,Dentro,Urbana,Ninguna,No existe,Recta,Bueno,Buena,Amanecer,Buen Tiempo,S/D,S/D,Atropello,S/D,S/D,Ninguna,Sin restricción,POINT (-60.6237702 -33.0022678),"['Avenida Manuel Arijón', 'Alvear']",2,"('Avenida Manuel Arijón', 'Marcelo T. de Alvear')",-33.0022678,-60.6237702,55.0,538.0,Municipio Rosario,Municipio,Rosario,820210,Servicio de Catastro e Información Territorial,IGN
2015,7480,2015-09-08,Martes,0.0,16:00:00,,0.0,2,"Moto/Ciclomotor,Automóvil",España Y Gaboto,2,1,0,0,1,0,0,,S/D,,ROSARIO,Rosario,S/D,S/D,II,S/D,S/D,S/D,S/D,S/D,S/D,S/D,Diurna,S/D,S/D,S/D,S/D,S/D,S/D,S/D,S/D,POINT (-60.6532559 -32.9718629),"['España', 'Gaboto']",2,España; Gaboto,-32.9718629,-60.6532559,55.0,538.0,Municipio Rosario,Municipio,Rosario,820210,Servicio de Catastro e Información Territorial,IGN
2015,7481,2015-09-06,Domingo,0.0,,,0.0,2,"Automóvil,Moto/Ciclomotor",Av. Uriburu Y Sarmiento,2,1,0,0,1,0,0,,S/D,,ROSARIO,Rosario,S/D,S/D,II,S/D,S/D,S/D,S/D,S/D,S/D,S/D,S/D,S/D,S/D,S/D,S/D,S/D,S/D,S/D,S/D,POINT (-60.64935790000001 -32.990775299999996),"['Uriburu', 'Sarmiento']",2,Avenida José Uriburu; Sarmiento,-32.9907753,-60.64935790000001,55.0,538.0,Municipio Rosario,Municipio,Rosario,820210,Servicio de Catastro e Información Territorial,IGN
2015,7482,2015-09-05,Sabado,0.0,23:10:00,,0.0,2,"Automóvil,Moto/Ciclomotor",San Martin Y Av. Uriburu,4,1,0,0,3,0,0,,S/D,,ROSARIO,Rosario,S/D,S/D,II,S/D,S/D,S/D,S/D,S/D,S/D,S/D,Nocturna,S/D,S/D,S/D,S/D,S/D,S/D,S/D,S/D,POINT (-60.646703949999996 -32.99069289999999),"['San Martin', 'Uriburu']",2,José de San Martín; Avenida José Uriburu,-32.99069289999999,-60.64670395,55.0,538.0,Municipio Rosario,Municipio,Rosario,820210,Servicio de Catastro e Información Territorial,IGN
2015,7483,2015-09-05,Sabado,0.0,07:30:00,,0.0,2,"Automóvil,Moto/Ciclomotor",Comodoro Rivadavia Y Callao,2,1,0,0,1,0,0,,S/D,,ROSARIO,Rosario,S/D,S/D,II,S/D,S/D,S/D,S/D,S/D,S/D,S/D,Diurna,S/D,S/D,S/D,S/D,S/D,S/D,S/D,S/D,POINT (-60.6721153 -32.99006659999999),"['Comodoro Rivadavia', 'Callao']",2,Comodoro Rivadavia; Callao,-32.99006659999999,-60.6721153,55.0,538.0,Municipio Rosario,Municipio,Rosario,820210,Servicio de Catastro e Información Territorial,IGN
2015,7484,2015-09-03,Jueves,0.0,13:30:00,,0.0,2,"Pickup/Utilitario,Moto/Ciclomotor",España Y Saavedra,2,1,0,0,1,0,0,,S/D,,ROSARIO,Rosario,S/D,S/D,II,S/D,S/D,S/D,S/D,S/D,S/D,S/D,Diurna,S/D,S/D,S/D,S/D,S/D,S/D,S/D,S/D,POINT (-60.65441920000001 -32.9764598),"['España', 'Saavedra']",2,España; Saavedra,-32.9764598,-60.65441920000001,55.0,538.0,Municipio Rosario,Municipio,Rosario,820210,Servicio de Catastro e Información Territorial,IGN