anio_acci,nro_acci,fecha,desc_dia,fecha_aprox,hora_aprox,desc_ruta,km,cant_participantes,desc_participante,calle_avenida_km,total,heridos_leves,heridos_graves,heridos_gravisimos,ilesos,fallecidos,sin_datos,posicion_XY,desc_tipo_via,desc_ruta_ori,desc_loc,desc_dpto,desc_tipo_calzada,desc_tipo_banquina,desc_unidad_regional,desc_lugar_calzada,desc_zona,desc_prioridad,desc_estado_semaforo,desc_lugar_via,desc_estado_via,desc_estado_visibilidad,desc_luminosidad,desc_estado_clima,desc_tipo_colision,desc_tipo_atropello,desc_tipo_hecho,desc_pres_calzada,desc_senializacion,desc_separacion_via,desc_restriccion,forma_geocod,calle_lista,numero_calles,calles_osm,lat,lon,index_right,gid,fna,gna,nam,in1,fdc,sag
2015,7485,2015-09-03,Jueves,0.0,13:50:00,,0.0,2,"Automóvil,Moto/Ciclomotor",Bv. Segui Y Pte.Roca,3,2,0,0,1,0,0,,S/D,,ROSARIO,Rosario,S/D,S/D,II,S/D,S/D,S/D,S/D,S/D,S/D,S/D,Diurna,S/D,S/D,S/D,Colisión,S/D,S/D,S/D,S/D,POINT (-60.653334750000006 -32.97782885),"['Bulevar Juan Francisco Seguí', 'Roca']",2,Bulevar Juan Francisco Seguí; Presidente Roca,-32.97782885,-60.653334750000006,55.0,538.0,Municipio Rosario,Municipio,Rosario,820210,Servicio de Catastro e Información Territorial,IGN
2015,7486,2015-09-02,Miercoles,0.0,12:30:00,,0.0,2,"Pickup/Utilitario,Moto/Ciclomotor",Uruguay Y Alvear,2,1,0,0,1,0,0,,S/D,,ROSARIO,Rosario,S/D,S/D,II,S/D,S/D,S/D,S/D,S/D,S/D,S/D,Diurna,S/D,S/D,S/D,S/D,S/D,S/D,S/D,S/D,POINT (-60.66228580000001 -32.973828600000004),"['Uruguay', 'Alvear']",2,Uruguay; Alvear,-32.973828600000004,-60.66228580000001,55.0,538.0,Municipio Rosario,Municipio,Rosario,820210,Servicio de Catastro e Información Territorial,IGN
2015,7487,2015-09-27,Domingo,0.0,20:00:00,,0.0,2,"Moto/Ciclomotor,Automóvil",Ayacucho Y Dean Funes,4,3,0,0,1,0,0,,Calle,,ROSARIO,Rosario,Asfalto,No existe,II,Dentro,Urbana,Ninguna,No existe,Intersección,S/D,S/D,Nocturna,Buen Tiempo,Lateral,S/D,Colisión,Ninguna,Faltante,Ninguna,Sin restricción,POINT (-60.6342614 -32.97766059999999),"['Ayacucho', 'Deán Gregorio Funes']",2,Ayacucho; Deán Gregorio Funes,-32.97766059999999,-60.6342614,55.0,538.0,Municipio Rosario,Municipio,Rosario,820210,Servicio de Catastro e Información Territorial,IGN
2015,7489,2015-09-23,Miercoles,0.0,07:55:00,,0.0,2,"Moto/Ciclomotor,Automóvil",Bv. Segui Y Laprida,3,2,0,0,1,0,0,,Calle,,ROSARIO,Rosario,Asfalto,No existe,II,Dentro,Urbana,Ninguna,No existe,Cruce,Bueno,Buena,Amanecer,Buen Tiempo,Lateral,S/D,Colisión,Ninguna,Faltante,Ninguna,Sin restricción,POINT (-60.64243230000001 -32.97979135),"['Bulevar Juan Francisco Seguí', 'Laprida']",2,Bulevar Juan Francisco Seguí; Francisco Narciso Laprida,-32.97979135,-60.64243230000001,55.0,538.0,Municipio Rosario,Municipio,Rosario,820210,Servicio de Catastro e Información Territorial,IGN
2015,7490,2015-09-23,Miercoles,0.0,08:35:00,,0.0,2,"Moto/Ciclomotor,Automóvil",Buenos Aires Y Amenabar,2,1,0,0,1,0,0,,Calle,,ROSARIO,Rosario,Asfalto,No existe,II,Dentro,Urbana,Ninguna,No existe,Intersección,Bueno,Buena,Diurna,Buen Tiempo,De alcance,S/D,Colisión,Ninguna,Faltante,Ninguna,Sin restricción,POINT (-60.639182299999995 -32.973197600000006),"['Buenos Aires', 'Amenabar']",2,Buenos Aires; José de Amenábar,-32.973197600000006,-60.6391823,55.0,538.0,Municipio Rosario,Municipio,Rosario,820210,Servicio de Catastro e Información Territorial,IGN
2015,7491,2015-09-20,Domingo,0.0,19:00:00,,0.0,2,"Moto/Ciclomotor,Otros",Ayolas Y Av. Circunvalacion,3,2,0,0,1,0,0,,S/D,,ROSARIO,Rosario,Asfalto,Pavimento,II,S/D,S/D,Ninguna,No existe,Recta,Bueno,Buena,"Atardecer,Con luz artificial",Buen Tiempo,De alcance,S/D,Colisión,Ninguna,Faltante,Guardarrail,Sin restricción,POINT (-60.624988288707996 -32.98051623752373),"['Ayolas', 'Circunvalacion']",2,Ayolas; Avenida de Circunvalación 25 de Mayo,-32.98051623752373,-60.624988288708,55.0,538.0,Municipio Rosario,Municipio,Rosario,820210,Servicio de Catastro e Información Territorial,IGN
2015,7492,2015-09-18,Viernes,0.0,22:30:00,,0.0,2,"Moto/Ciclomotor,Automóvil",Dr.Rivas Y Beruti,3,2,0,0,1,0,0,,Calle,,ROSARIO,Rosario,Asfalto,No existe,II,Dentro,Urbana,Ninguna,No existe,Intersección,Bueno,Buena,"Nocturna,Con luz artificial",Buen Tiempo,Lateral,S/D,Colisión,Ninguna,Faltante,Ninguna,Sin restricción,POINT (-60.629453100000006 -32.9869389),"['Doctor Francisco Riva', 'Luis Beruti']",2,Doctor Francisco Riva; Luis Beruti,-32.9869389,-60.629453100000006,55.0,538.0,Municipio Rosario,Municipio,Rosario,820210,Servicio de Catastro e Información Territorial,IGN
2015,7495,2015-09-16,Miercoles,0.0,10:00:00,,0.0,2,"Moto/Ciclomotor,Automóvil",Necochea Y Garay,3,2,0,0,1,0,0,,Calle,,ROSARIO,Rosario,S/D,S/D,II,Dentro,Urbana,Ninguna,S/D,Intersección,S/D,S/D,Diurna,Buen Tiempo,Lateral,S/D,Colisión,S/D,S/D,Ninguna,Sin restricción,POINT (-60.631237799999994 -32.9770099),"['Necochea', 'Garay']",2,Necochea; Juan de Garay,-32.9770099,-60.6312378,55.0,538.0,Municipio Rosario,Municipio,Rosario,820210,Servicio de Catastro e Información Territorial,IGN
2015,7497,2015-09-01,Martes,0.0,22:00:00,,0.0,2,"Vehículo Oficial,Moto/Ciclomotor",Esmeralda Y Virasoro,4,1,0,0,2,0,1,,Calle,,ROSARIO,Rosario,Asfalto,No existe,II,Dentro,Urbana,Ninguna,No existe,Intersección,Bueno,Buena,"Nocturna,Con luz artificial",Buen Tiempo,Lateral,S/D,Colisión,Ninguna,Faltante,Ninguna,Sin restricción,POINT (-60.6273375 -32.9729098),"['Esmeralda', 'Virasoro']",2,Esmeralda; Benjamín Virasoro,-32.9729098,-60.6273375,55.0,538.0,Municipio Rosario,Municipio,Rosario,820210,Servicio de Catastro e Información Territorial,IGN
2015,7499,2015-09-15,Martes,0.0,10:00:00,,0.0,2,"Automóvil,Moto/Ciclomotor",Gaboto Y Entre Rios,2,1,0,0,1,0,0,,S/D,,ROSARIO,Rosario,S/D,S/D,II,S/D,S/D,S/D,S/D,S/D,S/D,S/D,Diurna,S/D,S/D,S/D,S/D,S/D,S/D,S/D,S/D,POINT (-60.6477294 -32.9728456),"['Gaboto', 'Entre Ríos']",2,Gaboto; Entre Ríos,-32.9728456,-60.6477294,55.0,538.0,Municipio Rosario,Municipio,Rosario,820210,Servicio de Catastro e Información Territorial,IGN
2015,7500,2015-09-06,Domingo,0.0,01:20:00,,0.0,2,"Moto/Ciclomotor,Automóvil",Bv. Oroño Y Av. Arijon,2,1,0,0,1,0,0,,Avenida,,ROSARIO,Rosario,Asfalto,Pavimento,II,Dentro,Urbana,Ninguna,Funciona,Intersección,Bueno,Buena,Diurna,Buen Tiempo,Lateral,S/D,Colisión,S/D,S/D,Ninguna,Sin restricción,POINT (-60.6650193 -33.003540599999994),"['Bulevar Nicasio Oroño', 'Avenida Manuel Arijón']",2,Bulevar Nicasio Oroño; Avenida Manuel Arijón,-33.003540599999994,-60.6650193,55.0,538.0,Municipio Rosario,Municipio,Rosario,820210,Servicio de Catastro e Información Territorial,IGN
2015,7515,2015-09-06,Domingo,0.0,23:30:00,,0.0,2,"Moto/Ciclomotor,Automóvil",Esmeralda Y Pte.Quintana,2,1,0,0,1,0,0,,Calle,,ROSARIO,Rosario,Asfalto,No existe,II,Dentro,Urbana,Ninguna,Intermitente,Intersección,Bueno,Reducida,"Nocturna,Con luz artificial",Buen Tiempo,Lateral,S/D,Colisión,Ninguna,Faltante,Ninguna,Sin restricción,POINT (-60.63052450000001 -32.98550039999999),"['Esmeralda', 'Quintana']",2,Esmeralda; Presidente Quintana,-32.98550039999999,-60.63052450000001,55.0,538.0,Municipio Rosario,Municipio,Rosario,820210,Servicio de Catastro e Información Territorial,IGN
2015,7518,2015-09-04,Viernes,0.0,18:20:00,,0.0,2,"Moto/Ciclomotor,Automóvil",Biedma 400,3,2,0,0,1,0,0,,Calle,,ROSARIO,Rosario,Asfalto,No existe,II,Dentro,Urbana,Ninguna,No existe,Recta,Bueno,Buena,"Atardecer,Con luz artificial",Buen Tiempo,Frontal,S/D,Colisión,Ninguna,Faltante,Ninguna,Sin restricción,"-32.9830178, -60.6372514",['Biedma 400'],1,Biedma 400,-32.9830178,-60.6372514,55.0,538.0,Municipio Rosario,Municipio,Rosario,820210,Servicio de Catastro e Información Territorial,IGN
2015,7522,2015-09-04,Viernes,0.0,10:10:00,,0.0,2,"Pickup/Utilitario,Pickup/Utilitario",Colon Y Pte.Quintana,2,1,0,0,1,0,0,,Calle,,ROSARIO,Rosario,Asfalto,No existe,II,Dentro,Urbana,Ninguna,No existe,Intersección,Bueno,Buena,Diurna,Buen Tiempo,Lateral,S/D,Colisión,Ninguna,Faltante,Ninguna,Sin restricción,POINT (-60.6345865 -32.984795),"['Colon', 'Quintana']",2,Cristóbal Colón; Presidente Quintana,-32.984795,-60.6345865,55.0,538.0,Municipio Rosario,Municipio,Rosario,820210,Servicio de Catastro e Información Territorial,IGN
2015,7533,2015-09-03,Jueves,0.0,21:20:00,,0.0,2,"Automóvil,Automóvil",Cazadores Y Santiago,2,1,0,0,1,0,0,,Calle,,ROSARIO,Rosario,Asfalto,Pavimento,II,Dentro,Urbana,Ninguna,S/D,Intersección,Bueno,Buena,"Nocturna,Con luz artificial",Buen Tiempo,Lateral,S/D,Colisión,S/D,S/D,Ninguna,Sin restricción,POINT (-60.6676388 -33.00458969999999),"['Cazadores', 'Santiago']",2,Cazadores; Santiago,-33.00458969999999,-60.6676388,55.0,538.0,Municipio Rosario,Municipio,Rosario,820210,Servicio de Catastro e Información Territorial,IGN
2015,7536,2015-09-14,Lunes,0.0,17:30:00,,0.0,2,"Pickup/Utilitario,Automóvil",San Martin Y Anchorena,4,2,0,0,2,0,0,,Calle,,ROSARIO,Rosario,S/D,S/D,II,S/D,Urbana,S/D,S/D,S/D,S/D,S/D,Diurna,S/D,S/D,S/D,Colisión,S/D,S/D,S/D,S/D,POINT (-60.648236499999996 -32.99777095),"['San Martin', 'Anchorena']",2,José de San Martín; Tomás de Anchorena,-32.99777095,-60.6482365,55.0,538.0,Municipio Rosario,Municipio,Rosario,820210,Servicio de Catastro e Información Territorial,IGN
2015,7542,2015-09-14,Lunes,0.0,07:10:00,,0.0,2,"Transporte Escolar,Moto/Ciclomotor",Ameghino Y Dorrego,2,0,1,0,1,0,0,,Calle,,ROSARIO,Rosario,S/D,S/D,II,S/D,Urbana,S/D,S/D,S/D,S/D,S/D,Diurna,S/D,S/D,S/D,Colisión,S/D,S/D,S/D,S/D,POINT (-60.659489900000004 -32.98512669999999),"['Ameghino', 'Dorrego']",2,Ameghino; Manuel Dorrego,-32.98512669999999,-60.6594899,55.0,538.0,Municipio Rosario,Municipio,Rosario,820210,Servicio de Catastro e Información Territorial,IGN
2015,7547,2015-09-14,Lunes,0.0,16:20:00,,0.0,2,"Bicicleta,Automóvil",Av. Corrientes Y Saavedra,2,1,0,0,1,0,0,,Calle,,ROSARIO,Rosario,S/D,S/D,II,S/D,Urbana,S/D,S/D,S/D,S/D,S/D,Diurna,S/D,S/D,S/D,Atropello,S/D,S/D,S/D,S/D,POINT (-60.6503148 -32.9771937),"['Corrientes', 'Saavedra']",2,Corrientes; Saavedra,-32.9771937,-60.6503148,55.0,538.0,Municipio Rosario,Municipio,Rosario,820210,Servicio de Catastro e Información Territorial,IGN
2015,7548,2015-09-17,Jueves,0.0,08:00:00,,0.0,2,"Bicicleta,Automóvil",Av. Corrientes Y Centeno,3,2,0,0,1,0,0,,Calle,,ROSARIO,Rosario,S/D,S/D,II,S/D,Urbana,S/D,S/D,S/D,S/D,S/D,Diurna,S/D,S/D,S/D,Atropello,S/D,S/D,S/D,S/D,POINT (-60.6520326 -32.98407649999999),"['Corrientes', 'Centeno']",2,Corrientes; Coronel Centeno,-32.98407649999999,-60.6520326,55.0,538.0,Municipio Rosario,Municipio,Rosario,820210,Servicio de Catastro e Información Territorial,IGN
2015,7549,2015-09-02,Miercoles,0.0,13:40:00,,0.0,2,"Moto/Ciclomotor,Automóvil",Dorrego Y Ituzaingo,2,1,0,0,1,0,0,,Calle,,ROSARIO,Rosario,Asfalto,S/D,II,Dentro,Urbana,S/D,No existe,Intersección,Bueno,Buena,Diurna,Buen Tiempo,Lateral,S/D,Colisión,S/D,S/D,S/D,S/D,POINT (-60.65280490000001 -32.958759499999985),"['Dorrego', 'Ituzaingó']",2,Manuel Dorrego; Ituzaingó,-32.958759499999985,-60.65280490000001,55.0,538.0,Municipio Rosario,Municipio,Rosario,820210,Servicio de Catastro e Información Territorial,IGN
2015,7550,2015-09-01,Martes,0.0,17:00:00,,0.0,2,"Moto/Ciclomotor,Automóvil",Av. Battle y Ordoñez Y Av. Bermudez,2,1,0,0,1,0,0,,Calle,,ROSARIO,Rosario,Asfalto,No existe,II,Dentro,Urbana,Ninguna,No existe,Intersección,Bueno,Buena,Atardecer,S/D,S/D,S/D,Colisión,S/D,Horizontal,Ninguna,Sin restricción,POINT (-60.642303600000005 -33.00874819999999),"['Avenida Battle y Ordoñez', 'Bermudez']",2,Avenida Battle y Ordoñez; Avenida José Bermúdez,-33.00874819999999,-60.642303600000005,55.0,538.0,Municipio Rosario,Municipio,Rosario,820210,Servicio de Catastro e Información Territorial,IGN
2015,7551,2015-09-04,Viernes,0.0,20:15:00,,0.0,2,"Bicicleta,Moto/Ciclomotor",Av. Battle y Ordoñez Y Entre Rios,2,1,0,0,0,0,1,,Calle,,ROSARIO,Rosario,Asfalto,No existe,II,Dentro,Urbana,Ninguna,No existe,Recta,Bueno,Buena,Nocturna,Buen Tiempo,S/D,S/D,Atropello,S/D,Horizontal,Cordón divisorio,Sin restricción,POINT (-60.651645650000006 -33.00894785),"['Avenida Battle y Ordoñez', 'Entre Ríos']",2,Avenida Battle y Ordoñez; Entre Ríos,-33.00894785,-60.651645650000006,55.0,538.0,Municipio Rosario,Municipio,Rosario,820210,Servicio de Catastro e Información Territorial,IGN
2015,7552,2015-09-14,Lunes,0.0,09:30:00,,0.0,2,"Moto/Ciclomotor,Automóvil",Bv. Segui Y Santiago,2,1,0,0,1,0,0,,Calle,,ROSARIO,Rosario,S/D,S/D,II,S/D,Urbana,S/D,S/D,S/D,S/D,S/D,Diurna,S/D,S/D,S/D,Colisión,S/D,S/D,S/D,S/D,POINT (-60.66421355000001 -32.97588705),"['Bulevar Juan Francisco Seguí', 'Santiago']",2,Bulevar Juan Francisco Seguí; Santiago,-32.97588705,-60.66421355000001,55.0,538.0,Municipio Rosario,Municipio,Rosario,820210,Servicio de Catastro e Información Territorial,IGN
2015,7553,2015-09-12,Sabado,0.0,01:00:00,,0.0,2,"Automóvil,Moto/Ciclomotor",Saavedra Y Entre Rios,2,1,0,0,1,0,0,,Calle,,ROSARIO,Rosario,S/D,S/D,II,S/D,Urbana,S/D,S/D,S/D,S/D,S/D,Nocturna,S/D,S/D,S/D,Colisión,S/D,S/D,S/D,S/D,POINT (-60.6488964 -32.977447199999986),"['Saavedra', 'Entre Ríos']",2,Saavedra; Entre Ríos,-32.977447199999986,-60.6488964,55.0,538.0,Municipio Rosario,Municipio,Rosario,820210,Servicio de Catastro e Información Territorial,IGN
2015,7554,2015-09-12,Sabado,0.0,14:50:00,,0.0,2,"Automóvil,Automóvil",Bv. Oroño Y Garibaldi,2,1,0,0,1,0,0,,Calle,,ROSARIO,Rosario,S/D,S/D,II,S/D,Urbana,S/D,S/D,S/D,S/D,S/D,Diurna,S/D,S/D,S/D,Colisión,S/D,S/D,S/D,S/D,POINT (-60.6632508 -32.983266949999994),"['Bulevar Nicasio Oroño', 'José Garibaldi']",2,Bulevar Nicasio Oroño; José Garibaldi,-32.983266949999994,-60.6632508,55.0,538.0,Municipio Rosario,Municipio,Rosario,820210,Servicio de Catastro e Información Territorial,IGN
2015,7555,2015-09-05,Sabado,0.0,22:00:00,,0.0,2,"Bicicleta,Automóvil",Av. Battle y Ordoñez Y Paraguay,2,1,0,0,1,0,0,,Calle,,ROSARIO,Rosario,Asfalto,No existe,II,Dentro,Urbana,Ninguna,No existe,Recta,Bueno,Buena,Nocturna,Otro,S/D,S/D,Atropello,Ninguna,Horizontal,Cordón divisorio,Sin restricción,POINT (-60.65444640000001 -33.0090283),"['Avenida Battle y Ordoñez', 'Paraguay']",2,Avenida Battle y Ordoñez; Paraguay,-33.0090283,-60.65444640000001,55.0,538.0,Municipio Rosario,Municipio,Rosario,820210,Servicio de Catastro e Información Territorial,IGN
2015,7556,2015-09-18,Viernes,0.0,12:40:00,,0.0,2,"Moto/Ciclomotor,Automóvil",San Martin Y Patricios,3,1,0,0,2,0,0,,Calle,,ROSARIO,Rosario,Asfalto,No existe,II,Dentro,Urbana,Ninguna,No existe,Intersección,Bueno,Buena,Diurna,Otro,Otro,S/D,Colisión,Ninguna,Faltante,Ninguna,Sin restricción,POINT (-60.651072799999994 -33.010990250000006),"['San Martin', 'Patricios']",2,José de San Martín; Patricios,-33.010990250000006,-60.6510728,55.0,538.0,Municipio Rosario,Municipio,Rosario,820210,Servicio de Catastro e Información Territorial,IGN
2015,7557,2015-09-17,Jueves,0.0,18:40:00,,0.0,2,"Moto/Ciclomotor,Pickup/Utilitario",Cabildo Y Sadi Carnot,2,1,0,0,1,0,0,,Calle,,ROSARIO,Rosario,Asfalto,No existe,II,Dentro,Urbana,Ninguna,No existe,Intersección,Bueno,Buena,Atardecer,Otro,Otro,S/D,Colisión,Ninguna,Horizontal,Ninguna,Sin restricción,POINT (-60.64855790000001 -33.00733869999999),"['Cabildo', 'Sadi Carnot']",2,Cabildo; Sadi Carnot,-33.00733869999999,-60.64855790000001,55.0,538.0,Municipio Rosario,Municipio,Rosario,820210,Servicio de Catastro e Información Territorial,IGN
2015,7558,2015-09-15,Martes,0.0,20:00:00,,0.0,2,"Moto/Ciclomotor,Automóvil",San Martin Y Rui Barbosa,3,2,0,0,1,0,0,,Avenida,,ROSARIO,Rosario,S/D,No existe,II,Dentro,Urbana,Ninguna,No existe,Recta,Otro,Reducida,Nocturna,Otro,Otro,S/D,Colisión,Ninguna,Faltante,Cordón divisorio,Sin restricción,POINT (-60.65008304999999 -33.0063681),"['San Martin', 'Rui Barbosa']",2,José de San Martín; Rui Barbosa,-33.0063681,-60.65008304999999,55.0,538.0,Municipio Rosario,Municipio,Rosario,820210,Servicio de Catastro e Información Territorial,IGN
2015,7566,2015-09-03,Jueves,0.0,10:00:00,,0.0,2,"Moto/Ciclomotor,Pickup/Utilitario",24 De Setiembre Y Alsina,2,1,0,0,1,0,0,,Calle,,ROSARIO,Rosario,Asfalto,No existe,II,Dentro,Urbana,Ninguna,No existe,Intersección,Deteriorada,Buena,Diurna,Buen Tiempo,Otro,S/D,Colisión,Ninguna,Faltante,Ninguna,Sin restricción,POINT (-60.68491879999999 -32.973400599999984),"['24 de Septiembre', 'Alsina']",2,24 de Septiembre; Alsina,-32.973400599999984,-60.68491879999999,55.0,538.0,Municipio Rosario,Municipio,Rosario,820210,Servicio de Catastro e Información Territorial,IGN
2015,7567,2015-09-04,Viernes,0.0,11:30:00,,0.0,2,"Moto/Ciclomotor,Taxi/Remis",Bv. Segui Y L.N.Alem,2,1,0,0,1,0,0,,Avenida,,ROSARIO,Rosario,Asfalto,No existe,II,Dentro,Urbana,Ninguna,No existe,Intersección,Bueno,Buena,Diurna,Buen Tiempo,Lateral,S/D,Colisión,Ninguna,Faltante,S/D,Sin restricción,POINT (-60.63650380000001 -32.980857400000005),"['Bulevar Juan Francisco Seguí', 'Alem']",2,Bulevar Juan Francisco Seguí; Leandro N. Alem,-32.980857400000005,-60.63650380000001,55.0,538.0,Municipio Rosario,Municipio,Rosario,820210,Servicio de Catastro e Información Territorial,IGN
2015,7568,2015-09-03,Jueves,0.0,20:15:00,,0.0,2,"Moto/Ciclomotor,Automóvil",Av. Corrientes Y Cochabamba,3,1,0,0,2,0,0,,Calle,,ROSARIO,Rosario,Asfalto,S/D,II,Dentro,Urbana,S/D,S/D,Intersección,Bueno,Buena,"Nocturna,Con luz artificial",Buen Tiempo,Lateral,S/D,Colisión,S/D,S/D,S/D,S/D,POINT (-60.6453441 -32.9576917),"['Corrientes', 'Cochabamba']",2,Corrientes; Cochabamba,-32.9576917,-60.6453441,55.0,538.0,Municipio Rosario,Municipio,Rosario,820210,Servicio de Catastro e Información Territorial,IGN
2015,7569,2015-09-13,Domingo,0.0,15:00:00,,0.0,2,"Moto/Ciclomotor,Pickup/Utilitario",Centeno Y Bv. Avellaneda,3,1,0,0,2,0,0,,Avenida,,ROSARIO,Rosario,Asfalto,No existe,II,Dentro,Urbana,Ninguna,No existe,Intersección,Bueno,Buena,Diurna,Buen Tiempo,S/D,S/D,Colisión,Ninguna,Faltante,Cordón divisorio,Sin restricción,POINT (-60.68879944999999 -32.9775145),"['Centeno', 'Avellaneda']",2,Coronel Centeno; Bulevar Nicolás Avellaneda,-32.9775145,-60.68879944999999,55.0,538.0,Municipio Rosario,Municipio,Rosario,820210,Servicio de Catastro e Información Territorial,IGN
2015,7570,2015-09-19,Sabado,0.0,23:40:00,,0.0,2,"Moto/Ciclomotor,Automóvil",Centenario Y Pavon,2,1,0,0,1,0,0,,Calle,,ROSARIO,Rosario,Asfalto,No existe,II,Dentro,Urbana,Ninguna,No existe,Intersección,Bueno,Buena,Nocturna,S/D,Lateral,S/D,Colisión,S/D,Faltante,Ninguna,Sin restricción,POINT (-60.6340104 -33.00382249999999),"['Centenario', 'Pavón']",2,Avenida Centenario Rosario Central; Pavón,-33.00382249999999,-60.6340104,55.0,538.0,Municipio Rosario,Municipio,Rosario,820210,Servicio de Catastro e Información Territorial,IGN
2015,7571,2015-09-14,Lunes,0.0,23:15:00,,0.0,2,"Moto/Ciclomotor,Automóvil",Ayacucho ,3,2,0,0,1,0,0,,Calle,,ROSARIO,Rosario,Asfalto,No existe,II,Dentro,Urbana,Semáforo,Intermitente,Intersección,S/D,S/D,Nocturna,S/D,Lateral,S/D,Colisión,S/D,S/D,Cordón divisorio,Sin restricción,"-32.9863228, -60.6362795",['Ayacucho'],1,Ayacucho,-32.9863228,-60.6362795,55.0,538.0,Municipio Rosario,Municipio,Rosario,820210,Servicio de Catastro e Información Territorial,IGN
2015,7572,2015-09-14,Lunes,0.0,22:45:00,,0.0,2,"Moto/Ciclomotor,Automóvil",Ayacucho 4470,3,2,0,0,1,0,0,,Calle,,ROSARIO,Rosario,Asfalto,No existe,II,Dentro,Urbana,Ninguna,S/D,Recta,Bueno,Buena,Nocturna,S/D,De alcance,S/D,Colisión,S/D,S/D,S/D,Sin restricción,"-32.9798574, -60.6353085",['Ayacucho 4470'],1,Ayacucho 4470,-32.9798574,-60.6353085,55.0,538.0,Municipio Rosario,Municipio,Rosario,820210,Servicio de Catastro e Información Territorial,IGN
2015,7574,2015-09-02,Miercoles,0.0,17:00:00,,0.0,2,"Moto/Ciclomotor,Automóvil",Bv. 27 De Febrero Y Callao,2,1,0,0,1,0,0,,Avenida,,ROSARIO,Rosario,S/D,S/D,II,Dentro,Urbana,S/D,S/D,Intersección,Bueno,Buena,Diurna,Buen Tiempo,Lateral,S/D,Colisión,S/D,S/D,Cordón divisorio,Sin restricción,POINT (-60.665375850000004 -32.9636795),"['27 de Febrero', 'Callao']",2,Bulevar 27 de Febrero; Callao,-32.9636795,-60.66537585,55.0,538.0,Municipio Rosario,Municipio,Rosario,820210,Servicio de Catastro e Información Territorial,IGN
2015,7576,2015-09-03,Jueves,0.0,03:15:00,,0.0,2,"Moto/Ciclomotor,Transporte de Pasajeros Urbano (> 8 asientos)",Necochea Y Garibaldi,3,2,0,0,1,0,0,,Calle,,ROSARIO,Rosario,Asfalto,No existe,II,Dentro,Urbana,Ninguna,No existe,Intersección,Bueno,S/D,Nocturna,S/D,Lateral,S/D,Colisión,S/D,S/D,Ninguna,Sin restricción,POINT (-60.6341288 -32.9884557),"['Necochea', 'José Garibaldi']",2,Necochea; José Garibaldi,-32.9884557,-60.6341288,55.0,538.0,Municipio Rosario,Municipio,Rosario,820210,Servicio de Catastro e Información Territorial,IGN
2015,7577,2015-09-26,Sabado,0.0,08:10:00,,0.0,2,"Moto/Ciclomotor,Automóvil",Bv. 27 De Febrero Y Bv. Oroño,2,1,0,0,1,0,0,,Avenida,,ROSARIO,Rosario,Asfalto,S/D,II,Dentro,Urbana,Semáforo,Funciona,Recta,Bueno,Buena,Diurna,Buen Tiempo,De alcance,S/D,Colisión,S/D,Vertical,S/D,S/D,POINT (-60.658642825 -32.964892400000004),"['27 de Febrero', 'Bulevar Nicasio Oroño']",2,Bulevar 27 de Febrero; Bulevar Nicasio Oroño,-32.964892400000004,-60.658642825,55.0,538.0,Municipio Rosario,Municipio,Rosario,820210,Servicio de Catastro e Información Territorial,IGN
2015,7578,2015-09-12,Sabado,0.0,14:30:00,,0.0,2,"Camión,Automóvil",Garibaldi Y Pte.Roca,3,1,0,0,2,0,0,,Calle,,ROSARIO,Rosario,S/D,S/D,II,Dentro,Urbana,S/D,S/D,Intersección,S/D,Buena,Diurna,Buen Tiempo,Lateral,S/D,Colisión,S/D,S/D,S/D,S/D,POINT (-60.655083000000005 -32.9847394),"['José Garibaldi', 'Roca']",2,José Garibaldi; Presidente Roca,-32.9847394,-60.655083000000005,55.0,538.0,Municipio Rosario,Municipio,Rosario,820210,Servicio de Catastro e Información Territorial,IGN
2015,7579,2015-09-10,Jueves,0.0,23:30:00,,0.0,2,"Automóvil,Moto/Ciclomotor",Bv. Segui Y Italia,2,1,0,0,1,0,0,,Avenida,,ROSARIO,Rosario,S/D,S/D,II,Dentro,Urbana,S/D,S/D,Intersección,S/D,Buena,Nocturna,Buen Tiempo,Lateral,S/D,Colisión,S/D,S/D,S/D,S/D,POINT (-60.6560807 -32.977334),"['Bulevar Juan Francisco Seguí', 'Italia']",2,Bulevar Juan Francisco Seguí; Italia,-32.977334,-60.6560807,55.0,538.0,Municipio Rosario,Municipio,Rosario,820210,Servicio de Catastro e Información Territorial,IGN
2015,7580,2015-09-01,Martes,0.0,,,0.0,2,"Automóvil,Moto/Ciclomotor",French Y J.Colombres,2,1,0,0,1,0,0,,Calle,,ROSARIO,Rosario,Asfalto,No existe,II,S/D,Urbana,Ninguna,No existe,Recta,Resbaladiza,Reducida,Nocturna,Buen Tiempo,Lateral,S/D,Colisión,Material Suelto,Faltante,Ninguna,Sin restricción,POINT (-60.7300638 -32.9219044),"['French', 'José Colombres']",2,Domingo French; José Colombres,-32.9219044,-60.7300638,55.0,538.0,Municipio Rosario,Municipio,Rosario,820210,Servicio de Catastro e Información Territorial,IGN