anio_acci,nro_acci,fecha,desc_dia,fecha_aprox,hora_aprox,desc_ruta,km,cant_participantes,desc_participante,calle_avenida_km,total,heridos_leves,heridos_graves,heridos_gravisimos,ilesos,fallecidos,sin_datos,posicion_XY,desc_tipo_via,desc_ruta_ori,desc_loc,desc_dpto,desc_tipo_calzada,desc_tipo_banquina,desc_unidad_regional,desc_lugar_calzada,desc_zona,desc_prioridad,desc_estado_semaforo,desc_lugar_via,desc_estado_via,desc_estado_visibilidad,desc_luminosidad,desc_estado_clima,desc_tipo_colision,desc_tipo_atropello,desc_tipo_hecho,desc_pres_calzada,desc_senializacion,desc_separacion_via,desc_restriccion,forma_geocod,calle_lista,numero_calles,calles_osm,lat,lon,index_right,gid,fna,gna,nam,in1,fdc,sag
2015,7581,2015-09-06,Domingo,0.0,,,0.0,1,Bicicleta,Acevedo Bis Y Av. Genova,2,2,0,0,0,0,0,,Calle,,ROSARIO,Rosario,Asfalto,S/D,II,Dentro,Urbana,Ninguna,S/D,Cruce,Bueno,Buena,Diurna,Buen Tiempo,Lateral,S/D,Colisión,Ninguna,Faltante,Ninguna,Sin restricción,POINT (-60.7490725 -32.91698929999999),"['Acevedo', 'Genova']",2,Manuel Acevedo; Avenida Génova,-32.91698929999999,-60.7490725,55.0,538.0,Municipio Rosario,Municipio,Rosario,820210,Servicio de Catastro e Información Territorial,IGN
2015,7582,2015-09-19,Sabado,0.0,20:00:00,,0.0,2,"Automóvil,Moto/Ciclomotor",Rodo Y Pje. Castañares,2,1,0,0,1,0,0,,Calle,,ROSARIO,Rosario,Asfalto,S/D,II,S/D,Urbana,Ninguna,No existe,Recta,Otro,Buena,Diurna,Otro,Otro,S/D,Colisión,Otro,S/D,Ninguna,Sin restricción,POINT (-60.7261279 -32.9323923),"['Rodó', 'Castañares']",2,Rodó; Castañares,-32.9323923,-60.7261279,55.0,538.0,Municipio Rosario,Municipio,Rosario,820210,Servicio de Catastro e Información Territorial,IGN
2015,7583,2015-09-25,Viernes,0.0,16:40:00,,0.0,2,"Moto/Ciclomotor,Automóvil",Rueda Y Dorrego,2,1,0,0,1,0,0,,Calle,,ROSARIO,Rosario,Asfalto,S/D,II,Dentro,Urbana,S/D,S/D,Intersección,Bueno,Buena,Diurna,Buen Tiempo,Lateral,S/D,Colisión,S/D,S/D,S/D,S/D,POINT (-60.65542609999999 -32.9690992),"['Rueda', 'Dorrego']",2,Rueda; Manuel Dorrego,-32.9690992,-60.65542609999999,55.0,538.0,Municipio Rosario,Municipio,Rosario,820210,Servicio de Catastro e Información Territorial,IGN
2015,7584,2015-09-10,Jueves,0.0,20:00:00,,0.0,2,"Automóvil,Moto/Ciclomotor",Colombia Y French,2,1,0,0,1,0,0,,Calle,,ROSARIO,Rosario,Asfalto,S/D,II,S/D,Urbana,Ninguna,S/D,Recta,Otro,Reducida,Nocturna,Otro,Otro,S/D,Colisión,Ninguna,S/D,Ninguna,S/D,POINT (-60.716970399999994 -32.9218887),"['Colombia', 'French']",2,Colombia; Domingo French,-32.9218887,-60.7169704,55.0,538.0,Municipio Rosario,Municipio,Rosario,820210,Servicio de Catastro e Información Territorial,IGN
2015,7585,2015-09-09,Miercoles,0.0,13:45:00,,0.0,2,"Automóvil,Moto/Ciclomotor",Bv. Segui Y Mitre,2,1,0,0,1,0,0,,Avenida,,ROSARIO,Rosario,S/D,S/D,II,Dentro,Urbana,S/D,S/D,Intersección,S/D,Buena,Diurna,Buen Tiempo,Lateral,S/D,Colisión,S/D,S/D,S/D,S/D,POINT (-60.6477426 -32.97883275),"['Bulevar Juan Francisco Seguí', 'Mitre']",2,Bulevar Juan Francisco Seguí; Bartolomé Mitre,-32.97883275,-60.6477426,55.0,538.0,Municipio Rosario,Municipio,Rosario,820210,Servicio de Catastro e Información Territorial,IGN
2015,7586,2015-09-23,Miercoles,0.0,05:50:00,,0.0,2,"Moto/Ciclomotor,Automóvil",Bv. 27 De Febrero Y Av. Ovidio Lagos,2,1,0,0,1,0,0,,Avenida,,ROSARIO,Rosario,Asfalto,S/D,II,Dentro,Urbana,Semáforo,Funciona,Intersección,Bueno,Buena,Con luz artificial,Buen Tiempo,Lateral,S/D,Colisión,S/D,Vertical,Cordón divisorio,S/D,POINT (-60.66661663333334 -32.963496),"['27 de Febrero', 'Avenida Ovidio Lagos']",2,Bulevar 27 de Febrero; Avenida Ovidio Lagos,-32.963496,-60.66661663333334,55.0,538.0,Municipio Rosario,Municipio,Rosario,820210,Servicio de Catastro e Información Territorial,IGN
2015,7595,2015-09-14,Lunes,0.0,21:00:00,,0.0,2,"Automóvil,Taxi/Remis",9 De Julio 1100,3,2,0,0,1,0,0,,Calle,,ROSARIO,Rosario,Asfalto,S/D,II,Dentro,Urbana,Ninguna,No existe,Recta,Bueno,Reducida,Nocturna,Buen Tiempo,Frontal,S/D,Colisión,S/D,Faltante,Cordón divisorio,Sin restricción,"-32.953846, -60.6399092",['9 De Julio 1100'],1,9 De Julio 1100,-32.953846,-60.6399092,55.0,538.0,Municipio Rosario,Municipio,Rosario,820210,Servicio de Catastro e Información Territorial,IGN
2015,7597,2015-09-14,Lunes,0.0,17:30:00,,0.0,2,"Automóvil,Moto/Ciclomotor",San Juan 1740,2,1,0,0,1,0,0,,Calle,,ROSARIO,Rosario,Asfalto,Pavimento,II,Dentro,Urbana,Ninguna,No existe,Recta,Bueno,Buena,Diurna,Buen Tiempo,Frontal,S/D,Colisión,S/D,Faltante,Cordón divisorio,Sin restricción,"-32.94852568367347, -60.64797660204082",['San Juan 1740'],1,San Juan 1740,-32.94852568367347,-60.64797660204082,55.0,538.0,Municipio Rosario,Municipio,Rosario,820210,Servicio de Catastro e Información Territorial,IGN
2015,7598,2015-09-23,Miercoles,0.0,05:50:00,,0.0,2,"Automóvil,Automóvil",Av. Pellegrini Y Entre Rios,2,1,0,0,1,0,0,,Calle,,ROSARIO,Rosario,Asfalto,No existe,II,Dentro,Urbana,Semáforo,Funciona,Recta,Bueno,Buena,Amanecer,Buen Tiempo,Lateral,S/D,Colisión,S/D,S/D,Cordón divisorio,Sin restricción,POINT (-60.6436612 -32.95680645),"['Pellegrini', 'Entre Ríos']",2,Avenida Carlos Pellegrini; Entre Ríos,-32.95680645,-60.6436612,55.0,538.0,Municipio Rosario,Municipio,Rosario,820210,Servicio de Catastro e Información Territorial,IGN
2015,7599,2015-09-25,Viernes,0.0,16:30:00,,0.0,2,"Automóvil,Moto/Ciclomotor",3 De Febrero Y España,2,1,0,0,1,0,0,,Calle,,ROSARIO,Rosario,Asfalto,No existe,II,Dentro,Urbana,Ninguna,No existe,Intersección,Bueno,Buena,Diurna,Buen Tiempo,Lateral,S/D,Colisión,S/D,S/D,Cordón divisorio,Sin restricción,POINT (-60.6480793 -32.95128789999999),"['3 de Febrero', 'España']",2,3 de Febrero; España,-32.95128789999999,-60.6480793,55.0,538.0,Municipio Rosario,Municipio,Rosario,820210,Servicio de Catastro e Información Territorial,IGN
2015,7600,2015-09-23,Miercoles,0.0,20:00:00,,0.0,2,"Transporte de Pasajeros Urbano (> 8 asientos),Automóvil",Mariano Moreno Y Santa Fe,2,1,0,0,1,0,0,,Calle,,ROSARIO,Rosario,Asfalto,No existe,II,Dentro,Urbana,Ninguna,S/D,Recta,Bueno,Buena,Nocturna,Buen Tiempo,Lateral,S/D,Colisión,S/D,S/D,Cordón divisorio,Sin restricción,POINT (-60.65025920000001 -32.942853299999996),"['Mariano Moreno', 'Santa Fe']",2,Mariano Moreno; Santa Fe,-32.9428533,-60.65025920000001,55.0,538.0,Municipio Rosario,Municipio,Rosario,820210,Servicio de Catastro e Información Territorial,IGN
2015,7601,2015-09-26,Sabado,0.0,05:30:00,,0.0,1,Taxi/Remis,Balcarce Y 3 De Febrero,3,1,0,0,2,0,0,,Calle,,ROSARIO,Rosario,Asfalto,No existe,II,Dentro,Urbana,Ninguna,No existe,Intersección,Bueno,Buena,Atardecer,Buen Tiempo,Lateral,S/D,Colisión,S/D,S/D,Cordón divisorio,Sin restricción,POINT (-60.6535421 -32.95033519999999),"['Balcarce', '3 de Febrero']",2,Balcarce; 3 de Febrero,-32.95033519999999,-60.6535421,55.0,538.0,Municipio Rosario,Municipio,Rosario,820210,Servicio de Catastro e Información Territorial,IGN
2015,7602,2015-09-22,Martes,0.0,09:30:00,,0.0,2,"Automóvil,Peatón",Mariano Moreno Y Montevideo,2,1,0,0,1,0,0,,Calle,,ROSARIO,Rosario,Asfalto,S/D,II,Dentro,Urbana,Ninguna,S/D,Intersección,Bueno,S/D,Diurna,Buen Tiempo,S/D,S/D,Atropello,S/D,S/D,Cordón divisorio,Sin restricción,POINT (-60.653066 -32.953913799999995),"['Mariano Moreno', 'Montevideo']",2,Mariano Moreno; Montevideo,-32.953913799999995,-60.653066,55.0,538.0,Municipio Rosario,Municipio,Rosario,820210,Servicio de Catastro e Información Territorial,IGN
2015,7603,2015-09-05,Sabado,0.0,18:00:00,,0.0,2,"Moto/Ciclomotor,Automóvil",España 1300,2,1,0,0,1,0,0,,Calle,,ROSARIO,Rosario,Asfalto,S/D,II,Dentro,Urbana,Ninguna,No existe,Recta,Bueno,Buena,Atardecer,Buen Tiempo,Frontal,S/D,Colisión,S/D,S/D,Cordón divisorio,Sin restricción,"-32.9512001, -60.6481168",['España 1300'],1,España 1300,-32.9512001,-60.6481168,55.0,538.0,Municipio Rosario,Municipio,Rosario,820210,Servicio de Catastro e Información Territorial,IGN
2015,7604,2015-09-07,Lunes,0.0,20:00:00,,0.0,2,"Automóvil,Peatón",Rioja Y Sarmiento,2,1,0,0,1,0,0,,Calle,,ROSARIO,Rosario,Asfalto,S/D,II,Dentro,Urbana,Ninguna,No existe,Intersección,Bueno,Buena,Nocturna,Buen Tiempo,S/D,S/D,Atropello,S/D,S/D,Cordón divisorio,Sin restricción,POINT (-60.63849449999999 -32.947679599999994),"['Rioja', 'Sarmiento']",2,Rioja; Sarmiento,-32.947679599999994,-60.63849449999999,55.0,538.0,Municipio Rosario,Municipio,Rosario,820210,Servicio de Catastro e Información Territorial,IGN
2015,7605,2015-09-15,Martes,0.0,20:00:00,,0.0,2,"Bicicleta,Taxi/Remis",Bv. Oroño Y Montevideo,2,1,0,0,1,0,0,,Avenida,,ROSARIO,Rosario,Asfalto,Pavimento,II,Dentro,Urbana,Ninguna,No existe,Intersección,Bueno,Buena,Nocturna,Buen Tiempo,S/D,S/D,Atropello,S/D,Faltante,Cordón divisorio,Sin restricción,POINT (-60.65574455 -32.95341725),"['Bulevar Nicasio Oroño', 'Montevideo']",2,Bulevar Nicasio Oroño; Montevideo,-32.95341725,-60.65574455,55.0,538.0,Municipio Rosario,Municipio,Rosario,820210,Servicio de Catastro e Información Territorial,IGN
2015,7606,2015-09-03,Jueves,0.0,18:00:00,,0.0,2,"Automóvil,Bicicleta",Dorrego Y 3 De Febrero,2,1,0,0,1,0,0,,Calle,,ROSARIO,Rosario,Asfalto,S/D,II,Dentro,Urbana,Ninguna,No existe,Recta,Bueno,Buena,Diurna,Buen Tiempo,S/D,S/D,Atropello,S/D,Faltante,Cordón divisorio,Sin restricción,POINT (-60.65079089999999 -32.9508141),"['Dorrego', '3 de Febrero']",2,Manuel Dorrego; 3 de Febrero,-32.9508141,-60.65079089999999,55.0,538.0,Municipio Rosario,Municipio,Rosario,820210,Servicio de Catastro e Información Territorial,IGN
2015,7607,2015-09-12,Sabado,0.0,21:15:00,,0.0,1,Moto/Ciclomotor,3 De Febrero Y Pte.Roca,2,1,0,0,1,0,0,,S/D,,ROSARIO,Rosario,Asfalto,Pavimento,II,Dentro,Urbana,Ninguna,No existe,Recta,Bueno,Buena,Nocturna,Buen Tiempo,S/D,S/D,Colisión,S/D,S/D,Cordón divisorio,Sin restricción,POINT (-60.6466869 -32.9515312),"['3 de Febrero', 'Roca']",2,3 de Febrero; Presidente Roca,-32.9515312,-60.6466869,55.0,538.0,Municipio Rosario,Municipio,Rosario,820210,Servicio de Catastro e Información Territorial,IGN
2015,7608,2015-09-08,Martes,0.0,11:30:00,,0.0,2,"Pickup/Utilitario,Moto/Ciclomotor",Uruguay Y Callao,2,1,0,0,1,0,0,,S/D,,ROSARIO,Rosario,S/D,S/D,II,S/D,S/D,S/D,S/D,S/D,S/D,S/D,S/D,S/D,S/D,S/D,S/D,S/D,S/D,S/D,S/D,POINT (-60.6677251 -32.97287759999999),"['Uruguay', 'Callao']",2,Uruguay; Callao,-32.97287759999999,-60.6677251,55.0,538.0,Municipio Rosario,Municipio,Rosario,820210,Servicio de Catastro e Información Territorial,IGN
2015,7609,2015-09-08,Martes,0.0,17:30:00,,0.0,2,"Moto/Ciclomotor,Automóvil",Sarmiento Y Anchorena,2,1,0,0,1,0,0,,S/D,,ROSARIO,Rosario,S/D,S/D,II,S/D,S/D,S/D,S/D,S/D,S/D,S/D,S/D,S/D,S/D,S/D,S/D,S/D,S/D,S/D,S/D,POINT (-60.6491 -32.99780139999999),"['Sarmiento', 'Anchorena']",2,Sarmiento; Tomás de Anchorena,-32.99780139999999,-60.6491,55.0,538.0,Municipio Rosario,Municipio,Rosario,820210,Servicio de Catastro e Información Territorial,IGN
2015,7610,2015-09-07,Lunes,0.0,16:10:00,,0.0,2,"Moto/Ciclomotor,Pickup/Utilitario",1 de Mayo Y Dr.Rivas,2,1,0,0,1,0,0,,Calle,,ROSARIO,Rosario,Asfalto,No existe,II,Dentro,Urbana,Ninguna,No existe,Intersección,Bueno,Buena,Diurna,Buen Tiempo,Lateral,S/D,Colisión,Ninguna,Faltante,Ninguna,Sin restricción,POINT (-60.6390307 -32.9852327),"['Primero de Mayo', 'Doctor Francisco Riva']",2,Primero de Mayo; Doctor Francisco Riva,-32.9852327,-60.6390307,55.0,538.0,Municipio Rosario,Municipio,Rosario,820210,Servicio de Catastro e Información Territorial,IGN
2015,7617,2015-09-17,Jueves,0.0,15:00:00,,0.0,2,"Automóvil,Moto/Ciclomotor",Rodriguez Y 3 De Febrero,3,1,0,0,2,0,0,,Calle,,ROSARIO,Rosario,Asfalto,S/D,II,S/D,Urbana,S/D,S/D,S/D,S/D,S/D,Diurna,S/D,S/D,S/D,Colisión,S/D,S/D,S/D,S/D,POINT (-60.6603081 -32.9491249),"['Rodríguez', '3 de Febrero']",2,Rodríguez de Escobedo; 3 de Febrero,-32.9491249,-60.6603081,55.0,538.0,Municipio Rosario,Municipio,Rosario,820210,Servicio de Catastro e Información Territorial,IGN
2015,7618,2015-09-10,Jueves,0.0,11:15:00,,0.0,2,"Automóvil,Moto/Ciclomotor",Paraguay Y Pje. E.Diaz,2,1,0,0,1,0,0,,S/D,,ROSARIO,Rosario,S/D,S/D,II,S/D,S/D,S/D,S/D,S/D,S/D,S/D,S/D,S/D,S/D,S/D,S/D,S/D,S/D,S/D,S/D,POINT (-60.650658400000005 -32.97290520000001),"['Paraguay', 'Diaz']",2,Paraguay; Juan Díaz de Solís,-32.97290520000001,-60.650658400000005,55.0,538.0,Municipio Rosario,Municipio,Rosario,820210,Servicio de Catastro e Información Territorial,IGN
2015,7624,2015-09-23,Miercoles,0.0,21:20:00,,0.0,1,Moto/Ciclomotor,San Lorenzo Y Av. Corrientes,2,1,0,0,1,0,0,,Calle,,ROSARIO,Rosario,Asfalto,No existe,II,Dentro,Urbana,Ninguna,S/D,Intersección,Bueno,Buena,"Nocturna,Con luz artificial",Buen Tiempo,Frontal,S/D,Colisión,Otro,Faltante,Ninguna,Sin restricción,POINT (-60.64177480000001 -32.9433995),"['San Lorenzo', 'Corrientes']",2,San Lorenzo; Corrientes,-32.9433995,-60.64177480000001,55.0,538.0,Municipio Rosario,Municipio,Rosario,820210,Servicio de Catastro e Información Territorial,IGN
2015,7625,2015-09-07,Lunes,0.0,17:10:00,,0.0,2,"Automóvil,Moto/Ciclomotor",Bv. Oroño Y Catamarca,3,2,0,0,1,0,0,,Calle,,ROSARIO,Rosario,Asfalto,No existe,II,Dentro,Urbana,Ninguna,S/D,Intersección,Bueno,Buena,Diurna,Buen Tiempo,Frontal,S/D,Colisión,Otro,Faltante,Ninguna,Sin restricción,POINT (-60.651806750000006 -32.9378818),"['Bulevar Nicasio Oroño', 'Catamarca']",2,Bulevar Nicasio Oroño; Catamarca,-32.9378818,-60.651806750000006,55.0,538.0,Municipio Rosario,Municipio,Rosario,820210,Servicio de Catastro e Información Territorial,IGN
2015,7627,2015-09-02,Miercoles,0.0,11:00:00,,0.0,2,"Automóvil,Moto/Ciclomotor",San Martin Y Ayolas,2,1,0,0,1,0,0,,Avenida,,ROSARIO,Rosario,S/D,S/D,II,Dentro,Urbana,Semáforo,Funciona,Intersección,S/D,Buena,Diurna,Buen Tiempo,Lateral,S/D,Colisión,S/D,S/D,S/D,Sin restricción,POINT (-60.644083949999995 -32.97709834999999),"['San Martin', 'Ayolas']",2,José de San Martín; Ayolas,-32.97709834999999,-60.64408395,55.0,538.0,Municipio Rosario,Municipio,Rosario,820210,Servicio de Catastro e Información Territorial,IGN
2015,7628,2015-09-18,Viernes,0.0,13:55:00,,0.0,2,"Moto/Ciclomotor,Automóvil",Mariano Moreno Y Catamarca,2,1,0,0,1,0,0,,Calle,,ROSARIO,Rosario,Asfalto,No existe,II,Dentro,Urbana,Ninguna,S/D,Intersección,Bueno,S/D,Diurna,Buen Tiempo,Lateral,S/D,Colisión,Otro,Faltante,Ninguna,Sin restricción,POINT (-60.64912919999999 -32.93837429999999),"['Mariano Moreno', 'Catamarca']",2,Mariano Moreno; Catamarca,-32.93837429999999,-60.64912919999999,55.0,538.0,Municipio Rosario,Municipio,Rosario,820210,Servicio de Catastro e Información Territorial,IGN
2015,7629,2015-09-02,Miercoles,0.0,21:20:00,,0.0,2,"Automóvil,Moto/Ciclomotor",San Martin Y 24 De Setiembre,2,1,0,0,1,0,0,,Avenida,,ROSARIO,Rosario,S/D,S/D,II,Dentro,Urbana,S/D,No existe,Intersección,S/D,Buena,"Nocturna,Con luz artificial",Buen Tiempo,Lateral,S/D,Colisión,S/D,S/D,S/D,S/D,POINT (-60.64455705 -32.98058454999999),"['San Martin', '24 de Septiembre']",2,José de San Martín; 24 de Septiembre,-32.98058454999999,-60.64455705,55.0,538.0,Municipio Rosario,Municipio,Rosario,820210,Servicio de Catastro e Información Territorial,IGN
2015,7630,2015-09-17,Jueves,0.0,11:10:00,,0.0,2,"Moto/Ciclomotor,Automóvil",Paraguay Y San Lorenzo,2,1,0,0,1,0,0,,Calle,,ROSARIO,Rosario,Asfalto,No existe,II,Dentro,Urbana,Ninguna,S/D,Intersección,Bueno,Buena,Diurna,Buen Tiempo,Lateral,S/D,Colisión,Otro,S/D,Ninguna,Sin restricción,POINT (-60.643162000000004 -32.9431566),"['Paraguay', 'San Lorenzo']",2,Paraguay; San Lorenzo,-32.9431566,-60.643162,55.0,538.0,Municipio Rosario,Municipio,Rosario,820210,Servicio de Catastro e Información Territorial,IGN
2015,7631,2015-09-01,Martes,0.0,13:50:00,,0.0,2,"Automóvil,Automóvil",Saavedra Y Mariano Moreno,2,1,0,0,1,0,0,,Calle,,ROSARIO,Rosario,S/D,S/D,II,Dentro,Urbana,S/D,No existe,Intersección,S/D,Buena,Diurna,Buen Tiempo,Lateral,S/D,Colisión,S/D,S/D,S/D,S/D,POINT (-60.6584801 -32.9757272),"['Saavedra', 'Mariano Moreno']",2,Saavedra; Mariano Moreno,-32.9757272,-60.6584801,55.0,538.0,Municipio Rosario,Municipio,Rosario,820210,Servicio de Catastro e Información Territorial,IGN
2015,7632,2015-09-16,Miercoles,0.0,12:25:00,,0.0,2,"Automóvil,Moto/Ciclomotor",Av. E.Lopez Y Dorrego,2,1,0,0,1,0,0,,Calle,,ROSARIO,Rosario,Asfalto,No existe,II,Dentro,Urbana,Ninguna,S/D,Intersección,Bueno,Buena,Diurna,Buen Tiempo,Lateral,S/D,Colisión,Otro,Faltante,Ninguna,Sin restricción,POINT (-60.64646990000001 -32.93362040000001),"['Lopez', 'Dorrego']",2,Autopista Brigadier Estanislao López; Manuel Dorrego,-32.93362040000001,-60.64646990000001,55.0,538.0,Municipio Rosario,Municipio,Rosario,820210,Servicio de Catastro e Información Territorial,IGN
2015,7633,2015-09-14,Lunes,0.0,19:50:00,,0.0,1,Moto/Ciclomotor,Av. Battle y Ordoñez Y Pje. Villegas,2,2,0,0,0,0,0,,Avenida,,ROSARIO,Rosario,Asfalto,No existe,II,Dentro,Urbana,Ninguna,No existe,Recta,Bueno,Buena,Atardecer,Viento Fuerte,S/D,S/D,Caída ocupante,Ninguna,Faltante,Cordón divisorio,Sin restricción,POINT (-60.65225840000001 -33.00892909999999),"['Avenida Battle y Ordoñez', 'Villegas']",2,Avenida Battle y Ordoñez; Villegas,-33.00892909999999,-60.65225840000001,55.0,538.0,Municipio Rosario,Municipio,Rosario,820210,Servicio de Catastro e Información Territorial,IGN
2015,7635,2015-09-29,Martes,0.0,12:10:00,,0.0,2,"Bicicleta,Automóvil",Riobamba 1,2,1,0,0,1,0,0,,Calle,,ROSARIO,Rosario,Asfalto,No existe,II,Dentro,Urbana,Otra Señal,No existe,Recta,Bueno,Buena,Diurna,Buen Tiempo,S/D,S/D,Atropello,Ninguna,Horizontal,Ninguna,Sin restricción,"-32.9657892, -60.6271188",['Riobamba 1'],1,Riobamba 1,-32.9657892,-60.6271188,55.0,538.0,Municipio Rosario,Municipio,Rosario,820210,Servicio de Catastro e Información Territorial,IGN
2015,7637,2015-09-16,Miercoles,0.0,21:30:00,,0.0,2,"Moto/Ciclomotor,Transporte de Pasajeros Urbano (> 8 asientos)",Cerrito Y Colon,2,1,0,0,1,0,0,,Calle,,ROSARIO,Rosario,Asfalto,No existe,II,Dentro,Urbana,S/D,No existe,Intersección,Bueno,Buena,Nocturna,Buen Tiempo,Lateral,S/D,Colisión,Ninguna,Horizontal,Ninguna,Sin restricción,POINT (-60.6294042 -32.96412489999999),"['Cerrito', 'Colon']",2,Cerrito; Cristóbal Colón,-32.96412489999999,-60.6294042,55.0,538.0,Municipio Rosario,Municipio,Rosario,820210,Servicio de Catastro e Información Territorial,IGN
2015,7638,2015-09-09,Miercoles,0.0,07:15:00,,0.0,2,"Moto/Ciclomotor,Taxi/Remis",Necochea Y Ituzaingo,3,2,0,0,1,0,0,,Calle,,ROSARIO,Rosario,Asfalto,No existe,II,Dentro,Urbana,S/D,S/D,Recta,Bueno,Buena,Amanecer,Lluvia,Lateral,S/D,Colisión,Agua,Vertical,Ninguna,S/D,POINT (-60.6277525 -32.96320729999999),"['Necochea', 'Ituzaingó']",2,Necochea; Ituzaingó,-32.96320729999999,-60.6277525,55.0,538.0,Municipio Rosario,Municipio,Rosario,820210,Servicio de Catastro e Información Territorial,IGN
2015,7640,2015-09-09,Miercoles,0.0,,,0.0,2,"Automóvil,Automóvil",Benegas Y J.Colombres,2,2,0,0,0,0,0,,Calle,,ROSARIO,Rosario,Asfalto,No existe,II,Dentro,Urbana,Ninguna,No existe,Intersección,Bueno,Buena,Diurna,Buen Tiempo,Frontal,S/D,Colisión,Ninguna,Faltante,Ninguna,Sin restricción,POINT (-60.7297153 -32.930873899999995),"['Benegas', 'José Colombres']",2,Benegas; José Colombres,-32.930873899999995,-60.7297153,55.0,538.0,Municipio Rosario,Municipio,Rosario,820210,Servicio de Catastro e Información Territorial,IGN
2015,7641,2015-09-18,Viernes,0.0,09:00:00,,0.0,2,"Automóvil,Moto/Ciclomotor",Av. Pellegrini Y Cafferata,2,1,0,0,1,0,0,,Calle,,ROSARIO,Rosario,Asfalto,S/D,II,S/D,Urbana,S/D,S/D,S/D,S/D,S/D,Diurna,S/D,S/D,S/D,Colisión,S/D,S/D,S/D,S/D,POINT (-60.66279733333334 -32.9781999),"['Pellegrini', 'Cafferata']",2,Avenida Carlos Pellegrini; Cafferata,-32.9781999,-60.66279733333334,55.0,538.0,Municipio Rosario,Municipio,Rosario,820210,Servicio de Catastro e Información Territorial,IGN
2015,7643,2015-09-17,Jueves,0.0,,,0.0,2,"Taxi/Remis,Moto/Ciclomotor",Lavalle Y Av. Pellegrini,2,1,0,0,1,0,0,,Calle,,ROSARIO,Rosario,S/D,S/D,II,S/D,Urbana,S/D,S/D,S/D,S/D,S/D,S/D,S/D,S/D,S/D,Colisión,S/D,S/D,S/D,S/D,POINT (-60.68050055 -32.9501851),"['Lavalle', 'Pellegrini']",2,Lavalle; Avenida Carlos Pellegrini,-32.9501851,-60.68050055,55.0,538.0,Municipio Rosario,Municipio,Rosario,820210,Servicio de Catastro e Información Territorial,IGN
2015,7646,2015-09-14,Lunes,0.0,04:30:00,,0.0,2,"Automóvil,Automóvil",Av. Ovidio Lagos Y 9 De Julio,2,1,0,0,1,0,0,,Calle,,ROSARIO,Rosario,S/D,S/D,II,S/D,Urbana,S/D,S/D,S/D,S/D,S/D,Amanecer,S/D,S/D,S/D,Colisión,S/D,S/D,S/D,S/D,POINT (-60.663324700000004 -32.9497026),"['Avenida Ovidio Lagos', '9 de Julio']",2,Avenida Ovidio Lagos; 9 de Julio,-32.9497026,-60.6633247,55.0,538.0,Municipio Rosario,Municipio,Rosario,820210,Servicio de Catastro e Información Territorial,IGN
2015,7647,2015-09-11,Viernes,0.0,08:15:00,,0.0,2,"Automóvil,Moto/Ciclomotor",San Luis Y Vera Mujica,2,1,0,0,1,0,0,,Calle,,ROSARIO,Rosario,S/D,S/D,II,S/D,Urbana,S/D,S/D,S/D,S/D,S/D,Diurna,S/D,S/D,S/D,Colisión,S/D,S/D,S/D,S/D,POINT (-60.66756749999999 -32.9439264),"['San Luis', 'Vera Mujíca']",2,San Luis; Vera Mujíca,-32.9439264,-60.66756749999999,55.0,538.0,Municipio Rosario,Municipio,Rosario,820210,Servicio de Catastro e Información Territorial,IGN
2015,7649,2015-05-09,Sabado,0.0,16:00:00,,0.0,2,"Automóvil,Automóvil",Bv. Rondeau Y Galicia,5,2,0,0,3,0,0,,Calle,,ROSARIO,Rosario,S/D,S/D,II,Dentro,Urbana,S/D,S/D,Intersección,S/D,S/D,Diurna,S/D,S/D,S/D,Colisión,S/D,S/D,S/D,S/D,POINT (-60.6979096 -32.87578340000001),"['Rondeau', 'Galicia']",2,Bulevar General José Rondeau; Galicia,-32.87578340000001,-60.6979096,55.0,538.0,Municipio Rosario,Municipio,Rosario,820210,Servicio de Catastro e Información Territorial,IGN
2015,7652,2015-09-29,Martes,0.0,23:10:00,,0.0,2,"Moto/Ciclomotor,Automóvil",Benegas ,2,0,1,0,0,0,1,,Calle,,ROSARIO,Rosario,Asfalto,S/D,II,Dentro,Urbana,Ninguna,S/D,Recta,Bueno,Reducida,Nocturna,Otro,S/D,S/D,Colisión,S/D,S/D,Ninguna,Sin restricción,"-32.9311497, -60.738825",['Benegas'],1,Benegas,-32.9311497,-60.738825,55.0,538.0,Municipio Rosario,Municipio,Rosario,820210,Servicio de Catastro e Información Territorial,IGN
2015,7653,2015-09-26,Sabado,0.0,22:40:00,,0.0,2,"Automóvil,Moto/Ciclomotor",Tarragona Y Tucuman,2,1,0,0,0,0,1,,Calle,,ROSARIO,Rosario,Asfalto,S/D,II,Dentro,Urbana,Semáforo,S/D,Intersección,Bueno,S/D,Diurna,Otro,S/D,S/D,Colisión,S/D,S/D,Cordón divisorio,Sin restricción,POINT (-60.73432780000001 -32.9331514),"['Tarragona', 'Tucumán']",2,Tarragona; Tucumán,-32.9331514,-60.73432780000001,55.0,538.0,Municipio Rosario,Municipio,Rosario,820210,Servicio de Catastro e Información Territorial,IGN
2015,7654,2015-09-07,Lunes,0.0,,,0.0,2,"Automóvil,Moto/Ciclomotor",Rodo Y Navarro,2,1,0,0,1,0,0,,Calle,,ROSARIO,Rosario,Asfalto,Pavimento,II,Dentro,Urbana,Ninguna,No existe,Intersección,Bueno,Buena,Diurna,Buen Tiempo,Lateral,S/D,Colisión,S/D,S/D,Ninguna,Sin restricción,POINT (-60.7261457 -32.93190270000001),"['Rodó', 'Navarro']",2,Rodó; Navarro,-32.93190270000001,-60.7261457,55.0,538.0,Municipio Rosario,Municipio,Rosario,820210,Servicio de Catastro e Información Territorial,IGN