anio_acci,nro_acci,fecha,desc_dia,fecha_aprox,hora_aprox,desc_ruta,km,cant_participantes,desc_participante,calle_avenida_km,total,heridos_leves,heridos_graves,heridos_gravisimos,ilesos,fallecidos,sin_datos,posicion_XY,desc_tipo_via,desc_ruta_ori,desc_loc,desc_dpto,desc_tipo_calzada,desc_tipo_banquina,desc_unidad_regional,desc_lugar_calzada,desc_zona,desc_prioridad,desc_estado_semaforo,desc_lugar_via,desc_estado_via,desc_estado_visibilidad,desc_luminosidad,desc_estado_clima,desc_tipo_colision,desc_tipo_atropello,desc_tipo_hecho,desc_pres_calzada,desc_senializacion,desc_separacion_via,desc_restriccion,forma_geocod,calle_lista,numero_calles,calles_osm,lat,lon,index_right,gid,fna,gna,nam,in1,fdc,sag
2015,7657,2015-09-07,Lunes,0.0,23:40:00,,0.0,2,"Automóvil,Moto/Ciclomotor",Navarro Y Rodo,2,0,0,0,0,0,2,,Calle,,ROSARIO,Rosario,Asfalto,S/D,II,Dentro,Urbana,Ninguna,No existe,Recta,Bueno,Reducida,Nocturna,Otro,S/D,S/D,Colisión,Otro,S/D,Ninguna,S/D,POINT (-60.7261457 -32.93190270000001),"['Navarro', 'Rodó']",2,Navarro; Rodó,-32.93190270000001,-60.7261457,55.0,538.0,Municipio Rosario,Municipio,Rosario,820210,Servicio de Catastro e Información Territorial,IGN
2015,7658,2015-09-15,Martes,0.0,19:35:00,,0.0,2,"Moto/Ciclomotor,Transporte de Pasajeros Urbano (> 8 asientos)",San Luis Y Laprida,2,1,0,0,1,0,0,,Calle,,ROSARIO,Rosario,Asfalto,S/D,II,Dentro,Urbana,S/D,S/D,Intersección,S/D,Buena,Diurna,S/D,Otro,S/D,Colisión,S/D,S/D,S/D,S/D,POINT (-60.6345977 -32.94979709999999),"['San Luis', 'Laprida']",2,San Luis; Francisco Narciso Laprida,-32.94979709999999,-60.6345977,55.0,538.0,Municipio Rosario,Municipio,Rosario,820210,Servicio de Catastro e Información Territorial,IGN
2015,7659,2015-09-21,Lunes,0.0,21:00:00,,0.0,2,"Moto/Ciclomotor,Automóvil",Benegas Y Muniagurria,2,1,0,0,0,0,1,,Calle,,ROSARIO,Rosario,Asfalto,Pavimento,II,Dentro,Urbana,Ninguna,No existe,Recta,S/D,Reducida,Diurna,Otro,S/D,S/D,Colisión,Otro,S/D,Ninguna,S/D,POINT (-60.7332364 -32.930970200000004),"['Benegas', 'Muniagurría']",2,Benegas; Muniagurría,-32.930970200000004,-60.7332364,55.0,538.0,Municipio Rosario,Municipio,Rosario,820210,Servicio de Catastro e Información Territorial,IGN
2015,7661,2015-09-13,Domingo,0.0,12:55:00,,0.0,2,"Automóvil,Peatón",Italia Y Mendoza,2,1,0,0,1,0,0,,Calle,,ROSARIO,Rosario,Asfalto,S/D,II,Dentro,Urbana,Ninguna,No existe,Intersección,Bueno,S/D,Diurna,Buen Tiempo,S/D,S/D,Atropello,S/D,S/D,Cordón divisorio,Sin restricción,POINT (-60.6491502 -32.9498054),"['Italia', 'Mendoza']",2,Italia; Mendoza,-32.9498054,-60.6491502,55.0,538.0,Municipio Rosario,Municipio,Rosario,820210,Servicio de Catastro e Información Territorial,IGN
2015,7662,2015-09-13,Domingo,0.0,05:10:00,,0.0,2,"Automóvil,Automóvil",Bv. Oroño Y Rioja,3,1,0,0,2,0,0,,Calle,,ROSARIO,Rosario,Asfalto,S/D,II,Dentro,Urbana,Semáforo,Funciona,Intersección,Bueno,Buena,Amanecer,Buen Tiempo,Lateral,S/D,Colisión,S/D,Vertical,Cordón divisorio,Sin restricción,POINT (-60.65360565 -32.944843999999996),"['Bulevar Nicasio Oroño', 'Rioja']",2,Bulevar Nicasio Oroño; Rioja,-32.944844,-60.65360565,55.0,538.0,Municipio Rosario,Municipio,Rosario,820210,Servicio de Catastro e Información Territorial,IGN
2015,7663,2015-09-14,Lunes,0.0,17:40:00,,0.0,2,"Moto/Ciclomotor,Automóvil",Av. Uriburu Y Av. Circunvalacion,3,2,0,0,1,0,0,,Calle,,ROSARIO,Rosario,Asfalto,Pavimento,II,Dentro,Urbana,Ninguna,No existe,Intersección,Bueno,Buena,Atardecer,Buen Tiempo,S/D,S/D,Colisión,S/D,Faltante,Ninguna,Sin restricción,POINT (-60.661478219834294 -32.991061565588964),"['Uriburu', 'Circunvalacion']",2,Avenida José Uriburu; Avenida de Circunvalación 25 de Mayo,-32.991061565588964,-60.66147821983429,55.0,538.0,Municipio Rosario,Municipio,Rosario,820210,Servicio de Catastro e Información Territorial,IGN
2015,7664,2015-09-14,Lunes,0.0,00:30:00,,0.0,2,"Moto/Ciclomotor,Automóvil",Crespo Y Garibaldi,3,1,0,1,1,0,0,,Calle,,ROSARIO,Rosario,Asfalto,No existe,II,Dentro,Urbana,Ninguna,No existe,Intersección,Deteriorada,Buena,Nocturna,Buen Tiempo,S/D,S/D,Colisión,S/D,Faltante,Vegetación,Sin restricción,POINT (-60.67819430000001 -32.98058600000001),"['Crespo', 'José Garibaldi']",2,Crespo; José Garibaldi,-32.98058600000001,-60.67819430000001,55.0,538.0,Municipio Rosario,Municipio,Rosario,820210,Servicio de Catastro e Información Territorial,IGN
2015,7665,2015-09-24,Jueves,0.0,17:00:00,,0.0,2,"Moto/Ciclomotor,Pickup/Utilitario",Crespo Y Bv. Segui,2,1,0,0,1,0,0,,Calle,,ROSARIO,Rosario,Asfalto,No existe,II,Dentro,Urbana,Ninguna,No existe,Intersección,Bueno,Buena,Atardecer,Buen Tiempo,S/D,S/D,Colisión,S/D,Faltante,Barrera de hormigón,Sin restricción,POINT (-60.6764487 -32.97370729999999),"['Crespo', 'Bulevar Juan Francisco Seguí']",2,Crespo; Bulevar Juan Francisco Seguí,-32.97370729999999,-60.6764487,55.0,538.0,Municipio Rosario,Municipio,Rosario,820210,Servicio de Catastro e Información Territorial,IGN
2015,7666,2015-09-20,Domingo,0.0,22:40:00,,0.0,2,"Automóvil,Moto/Ciclomotor",España Y Virasoro,2,1,0,0,1,0,0,,Calle,,ROSARIO,Rosario,Asfalto,S/D,II,Dentro,Urbana,S/D,S/D,Intersección,Bueno,Buena,"Nocturna,Con luz artificial",Buen Tiempo,Lateral,S/D,Colisión,S/D,S/D,S/D,S/D,POINT (-60.6523926 -32.96844250000001),"['España', 'Virasoro']",2,España; Benjamín Virasoro,-32.96844250000001,-60.6523926,55.0,538.0,Municipio Rosario,Municipio,Rosario,820210,Servicio de Catastro e Información Territorial,IGN
2015,7667,2015-09-14,Lunes,0.0,20:50:00,,0.0,2,"Peatón,Automóvil",Centeno Y Vera Mujica,2,1,0,0,1,0,0,,Calle,,ROSARIO,Rosario,Asfalto,No existe,II,Dentro,Urbana,Ninguna,No existe,Intersección,Deteriorada,Buena,Nocturna,Buen Tiempo,S/D,S/D,Atropello,S/D,Faltante,Vegetación,Sin restricción,POINT (-60.6765879 -32.97966999999999),"['Centeno', 'Vera Mujíca']",2,Coronel Centeno; Vera Mujíca,-32.97966999999999,-60.6765879,55.0,538.0,Municipio Rosario,Municipio,Rosario,820210,Servicio de Catastro e Información Territorial,IGN
2015,7668,2015-09-21,Lunes,0.0,17:15:00,,0.0,2,"Automóvil,Camión",Amenabar Y Italia,5,1,0,0,4,0,0,,Calle,,ROSARIO,Rosario,Asfalto,S/D,II,Dentro,Urbana,Señal Pare,S/D,Intersección,Bueno,Buena,Diurna,Buen Tiempo,Lateral,S/D,Colisión,S/D,Vertical,S/D,S/D,POINT (-60.65435750000001 -32.9704785),"['Amenabar', 'Italia']",2,José de Amenábar; Italia,-32.9704785,-60.65435750000001,55.0,538.0,Municipio Rosario,Municipio,Rosario,820210,Servicio de Catastro e Información Territorial,IGN
2015,7669,2015-09-19,Sabado,0.0,14:30:00,,0.0,2,"Moto/Ciclomotor,Automóvil",Bv. 27 De Febrero Y España,3,2,0,0,1,0,0,,Avenida,,ROSARIO,Rosario,Asfalto,S/D,II,Dentro,Urbana,Semáforo,Funciona,Intersección,Bueno,Buena,Diurna,Buen Tiempo,Lateral,S/D,Colisión,S/D,Vertical,S/D,S/D,POINT (-60.6518035 -32.966108549999994),"['27 de Febrero', 'España']",2,Bulevar 27 de Febrero; España,-32.966108549999994,-60.6518035,55.0,538.0,Municipio Rosario,Municipio,Rosario,820210,Servicio de Catastro e Información Territorial,IGN
2015,7670,2015-09-16,Miercoles,0.0,17:30:00,,0.0,2,"Automóvil,Peatón",E.Zeballos Y Laprida,2,1,0,0,1,0,0,,Calle,,ROSARIO,Rosario,Asfalto,S/D,II,Dentro,Urbana,Paso Peatonal,S/D,Intersección,Bueno,S/D,Diurna,S/D,S/D,S/D,Atropello,S/D,S/D,Cordón divisorio,S/D,POINT (-60.6363278 -32.9557887),"['Zeballos', 'Laprida']",2,Zeballos; Francisco Narciso Laprida,-32.9557887,-60.6363278,55.0,538.0,Municipio Rosario,Municipio,Rosario,820210,Servicio de Catastro e Información Territorial,IGN
2015,7673,2015-09-16,Miercoles,0.0,18:10:00,,0.0,2,"Peatón,Pickup/Utilitario",Viamonte Y Entre Rios,2,0,1,0,1,0,0,,Calle,,ROSARIO,Rosario,Asfalto,S/D,II,Dentro,Urbana,S/D,S/D,Recta,Bueno,Buena,Atardecer,Buen Tiempo,S/D,S/D,Atropello,S/D,S/D,S/D,S/D,POINT (-60.64570270000001 -32.9648555),"['Viamonte', 'Entre Ríos']",2,Viamonte; Entre Ríos,-32.9648555,-60.64570270000001,55.0,538.0,Municipio Rosario,Municipio,Rosario,820210,Servicio de Catastro e Información Territorial,IGN
2015,7674,2015-09-15,Martes,0.0,09:00:00,,0.0,2,"Moto/Ciclomotor,Taxi/Remis",Buenos Aires 900,2,1,0,0,1,0,0,,S/D,,ROSARIO,Rosario,Asfalto,S/D,II,S/D,S/D,S/D,S/D,Recta,Bueno,Buena,Diurna,S/D,S/D,S/D,Colisión,S/D,S/D,Cordón divisorio,S/D,"-32.9487141, -60.6330698",['Buenos Aires 900'],1,Buenos Aires 900,-32.9487141,-60.6330698,55.0,538.0,Municipio Rosario,Municipio,Rosario,820210,Servicio de Catastro e Información Territorial,IGN
2015,7677,2015-09-16,Miercoles,0.0,12:10:00,,0.0,2,"Moto/Ciclomotor,Automóvil",Pueyrredon Y Amenabar,2,1,0,0,1,0,0,,Calle,,ROSARIO,Rosario,Asfalto,S/D,II,Dentro,Urbana,S/D,S/D,Intersección,Bueno,Buena,Diurna,Buen Tiempo,Lateral,S/D,Colisión,S/D,S/D,S/D,S/D,POINT (-60.6638549 -32.96874249999999),"['Pueyrredón', 'Amenabar']",2,Pueyrredón; José de Amenábar,-32.96874249999999,-60.6638549,55.0,538.0,Municipio Rosario,Municipio,Rosario,820210,Servicio de Catastro e Información Territorial,IGN
2015,7680,2015-09-15,Martes,0.0,13:00:00,,0.0,2,"Bicicleta,Pickup/Utilitario",Mitre Y Cochabamba,2,1,0,0,1,0,0,,Calle,,ROSARIO,Rosario,Asfalto,S/D,II,Dentro,Urbana,S/D,S/D,Intersección,Bueno,Buena,Diurna,Buen Tiempo,S/D,S/D,Atropello,S/D,S/D,S/D,S/D,POINT (-60.6425819 -32.958201800000005),"['Mitre', 'Cochabamba']",2,Bartolomé Mitre; Cochabamba,-32.958201800000005,-60.6425819,55.0,538.0,Municipio Rosario,Municipio,Rosario,820210,Servicio de Catastro e Información Territorial,IGN
2015,7684,2015-09-14,Lunes,0.0,12:10:00,,0.0,2,"Moto/Ciclomotor,Automóvil",Ituzaingo Y Sarmiento,3,2,0,0,1,0,0,,Calle,,ROSARIO,Rosario,Asfalto,S/D,II,Dentro,Urbana,S/D,S/D,Recta,Bueno,Buena,Diurna,Buen Tiempo,De alcance,S/D,Colisión,S/D,S/D,S/D,S/D,POINT (-60.6417314 -32.96072360000001),"['Ituzaingó', 'Sarmiento']",2,Ituzaingó; Sarmiento,-32.96072360000001,-60.6417314,55.0,538.0,Municipio Rosario,Municipio,Rosario,820210,Servicio de Catastro e Información Territorial,IGN
2015,7691,2015-09-18,Viernes,0.0,10:00:00,,0.0,2,"Pickup/Utilitario,Moto/Ciclomotor",Bv. Avellaneda Y Mendoza,2,1,0,0,1,0,0,,Avenida,,ROSARIO,Rosario,Asfalto,S/D,II,Dentro,Urbana,S/D,S/D,S/D,S/D,S/D,S/D,S/D,S/D,S/D,Colisión,S/D,S/D,S/D,S/D,POINT (-60.680421100000004 -32.94423964999999),"['Avellaneda', 'Mendoza']",2,Bulevar Nicolás Avellaneda; Mendoza,-32.94423964999999,-60.6804211,55.0,538.0,Municipio Rosario,Municipio,Rosario,820210,Servicio de Catastro e Información Territorial,IGN
2015,7696,2015-09-21,Lunes,0.0,11:00:00,,0.0,2,"Moto/Ciclomotor,Camión",Galvez Y Alvear,2,1,0,0,1,0,0,,Calle,,ROSARIO,Rosario,Asfalto,S/D,II,Dentro,Urbana,Señal Pare,S/D,Intersección,S/D,Buena,Diurna,Buen Tiempo,Lateral,S/D,Colisión,S/D,S/D,S/D,S/D,POINT (-60.6602745 -32.9658315),"['Galvez', 'Alvear']",2,José Gálvez; Alvear,-32.9658315,-60.6602745,55.0,538.0,Municipio Rosario,Municipio,Rosario,820210,Servicio de Catastro e Información Territorial,IGN
2015,7697,2015-09-07,Lunes,0.0,18:15:00,,0.0,1,Pickup/Utilitario,Gorriti Y Tte.Agneta,2,1,0,0,1,0,0,,Calle,,ROSARIO,Rosario,S/D,No existe,II,S/D,Urbana,Ninguna,No existe,Intersección,S/D,S/D,Diurna,S/D,Lateral,S/D,Colisión,S/D,Faltante,Ninguna,Sin restricción,POINT (-60.7004582 -32.92401259999999),"['Gorriti', 'Teniente Agneta']",2,Gorriti; Teniente Agneta,-32.92401259999999,-60.7004582,55.0,538.0,Municipio Rosario,Municipio,Rosario,820210,Servicio de Catastro e Información Territorial,IGN
2015,7698,2015-09-12,Sabado,0.0,13:50:00,,0.0,2,"Moto/Ciclomotor,Automóvil",Virasoro Y España,2,1,0,0,1,0,0,,Calle,,ROSARIO,Rosario,Asfalto,S/D,II,Dentro,Urbana,S/D,S/D,Intersección,Bueno,Buena,Diurna,Buen Tiempo,Lateral,S/D,Colisión,S/D,S/D,S/D,S/D,POINT (-60.6523926 -32.96844250000001),"['Virasoro', 'España']",2,Benjamín Virasoro; España,-32.96844250000001,-60.6523926,55.0,538.0,Municipio Rosario,Municipio,Rosario,820210,Servicio de Catastro e Información Territorial,IGN
2015,7699,2015-09-09,Miercoles,0.0,11:20:00,,0.0,2,"Pickup/Utilitario,Pickup/Utilitario",Mitre Y Virasoro,2,1,0,0,1,0,0,,Calle,,ROSARIO,Rosario,Asfalto,S/D,II,Dentro,Urbana,S/D,S/D,Recta,Bueno,Buena,Diurna,Buen Tiempo,De alcance,S/D,Colisión,S/D,S/D,S/D,S/D,POINT (-60.645445900000006 -32.9696759),"['Mitre', 'Virasoro']",2,Bartolomé Mitre; Benjamín Virasoro,-32.9696759,-60.645445900000006,55.0,538.0,Municipio Rosario,Municipio,Rosario,820210,Servicio de Catastro e Información Territorial,IGN
2015,7705,2015-09-08,Martes,0.0,,,0.0,2,"Pickup/Utilitario,Moto/Ciclomotor",Cerrito Y Av. Corrientes,2,1,0,0,1,0,0,,Calle,,ROSARIO,Rosario,S/D,S/D,II,S/D,Urbana,S/D,S/D,S/D,S/D,S/D,S/D,S/D,S/D,S/D,Colisión,S/D,S/D,S/D,S/D,POINT (-60.6462178 -32.96111909999998),"['Cerrito', 'Corrientes']",2,Cerrito; Corrientes,-32.96111909999998,-60.6462178,55.0,538.0,Municipio Rosario,Municipio,Rosario,820210,Servicio de Catastro e Información Territorial,IGN
2015,7706,2015-09-06,Domingo,0.0,12:40:00,,0.0,2,"Taxi/Remis,Moto/Ciclomotor",Av. Pellegrini 2600,2,1,0,0,1,0,0,,Avenida,,ROSARIO,Rosario,Asfalto,S/D,II,Dentro,Urbana,Semáforo,Funciona,Recta,Bueno,Buena,Diurna,Buen Tiempo,Lateral,S/D,Colisión,S/D,Vertical,S/D,S/D,"-32.953524, -60.6611967",['Pellegrini 2600'],1,Pellegrini 2600,-32.953524,-60.6611967,55.0,538.0,Municipio Rosario,Municipio,Rosario,820210,Servicio de Catastro e Información Territorial,IGN
2015,7707,2015-09-05,Sabado,0.0,14:30:00,,0.0,2,"Automóvil,Moto/Ciclomotor",Av. Ovidio Lagos Y Rueda,2,1,0,0,1,0,0,,Calle,,ROSARIO,Rosario,Asfalto,S/D,II,Dentro,Urbana,Semáforo,Funciona,Intersección,Bueno,Buena,Diurna,Buen Tiempo,Lateral,S/D,Colisión,S/D,Vertical,S/D,S/D,POINT (-60.667435000000005 -32.96692475),"['Avenida Ovidio Lagos', 'Rueda']",2,Avenida Ovidio Lagos; Rueda,-32.96692475,-60.667435000000005,55.0,538.0,Municipio Rosario,Municipio,Rosario,820210,Servicio de Catastro e Información Territorial,IGN
2015,7713,2015-09-10,Jueves,0.0,14:00:00,,0.0,2,"Moto/Ciclomotor,Automóvil",Ituzaingo ,2,1,0,0,0,0,1,,Calle,,ROSARIO,Rosario,Asfalto,S/D,II,Dentro,Urbana,S/D,S/D,Recta,Bueno,Buena,Diurna,Buen Tiempo,Lateral,S/D,Colisión,S/D,S/D,S/D,S/D,"-32.9520659, -60.7074723",['Ituzaingó'],1,Ituzaingó,-32.9520659,-60.7074723,55.0,538.0,Municipio Rosario,Municipio,Rosario,820210,Servicio de Catastro e Información Territorial,IGN
2015,7731,2015-09-17,Jueves,0.0,17:05:00,,0.0,2,"Peatón,Bicicleta",Av. Alberdi Bis Y Velez Sarsfield,2,1,0,0,1,0,0,,Calle,,ROSARIO,Rosario,Asfalto,S/D,II,Dentro,Urbana,S/D,S/D,Intersección,S/D,S/D,Diurna,S/D,S/D,S/D,Atropello,S/D,S/D,S/D,S/D,POINT (-60.677820800000006 -32.9249456),"['Alberdi', 'Vélez Sarsfield']",2,Avenida Alberdi; Vélez Sarsfield,-32.9249456,-60.677820800000006,55.0,538.0,Municipio Rosario,Municipio,Rosario,820210,Servicio de Catastro e Información Territorial,IGN
2015,7733,2015-09-09,Miercoles,0.0,11:40:00,,0.0,2,"Moto/Ciclomotor,Automóvil",Valparaiso Y Montevideo,2,1,0,0,1,0,0,,Calle,,ROSARIO,Rosario,S/D,S/D,II,Dentro,Urbana,S/D,S/D,S/D,S/D,S/D,Diurna,S/D,S/D,S/D,S/D,S/D,S/D,S/D,S/D,POINT (-60.6842986 -32.9483258),"['Valparaíso', 'Montevideo']",2,Valparaíso; Montevideo,-32.9483258,-60.6842986,55.0,538.0,Municipio Rosario,Municipio,Rosario,820210,Servicio de Catastro e Información Territorial,IGN
2015,7734,2015-09-09,Miercoles,0.0,09:40:00,,0.0,2,"Automóvil,Pickup/Utilitario",Valparaiso Y Montevideo,3,1,0,0,2,0,0,,Calle,,ROSARIO,Rosario,S/D,S/D,II,Dentro,Urbana,S/D,S/D,S/D,S/D,S/D,Diurna,S/D,S/D,S/D,S/D,S/D,S/D,S/D,S/D,POINT (-60.6842986 -32.9483258),"['Valparaíso', 'Montevideo']",2,Valparaíso; Montevideo,-32.9483258,-60.6842986,55.0,538.0,Municipio Rosario,Municipio,Rosario,820210,Servicio de Catastro e Información Territorial,IGN
2015,7735,2015-09-08,Martes,0.0,,,0.0,2,"Automóvil,Automóvil",Rio De Janeiro Y Santa Fe,4,2,0,0,0,0,2,,Calle,,ROSARIO,Rosario,S/D,S/D,II,Dentro,Urbana,S/D,S/D,S/D,S/D,S/D,S/D,S/D,S/D,S/D,S/D,S/D,S/D,S/D,S/D,POINT (-60.68017389999999 -32.9374999),"['Río de Janeiro', 'Santa Fe']",2,Río de Janeiro; Santa Fe,-32.9374999,-60.68017389999999,55.0,538.0,Municipio Rosario,Municipio,Rosario,820210,Servicio de Catastro e Información Territorial,IGN
2015,7737,2015-09-26,Sabado,0.0,02:05:00,,0.0,2,"Taxi/Remis,Moto/Ciclomotor",Roullon Y Godoy Cruz,2,1,0,0,1,0,0,,Avenida,,ROSARIO,Rosario,Hormigón,No existe,II,Dentro,Urbana,Semáforo,Funciona,Intersección,Bueno,Buena,Nocturna,Otro,Lateral,S/D,Colisión,Otro,Vertical,Ninguna,Sin restricción,POINT (-60.701373475000004 -32.96289577499999),"['Alfredo Rouillón', 'Avenida Presidente Perón']",2,Alfredo Rouillón; Avenida Presidente Perón,-32.96289577499999,-60.701373475,55.0,538.0,Municipio Rosario,Municipio,Rosario,820210,Servicio de Catastro e Información Territorial,IGN
2015,7739,2015-09-08,Martes,0.0,11:40:00,,0.0,2,"Moto/Ciclomotor,Moto/Ciclomotor",Dr.Maradona Y Liniers,3,1,0,0,1,0,1,,S/D,,ROSARIO,Rosario,Asfalto,No existe,II,Dentro,Urbana,Ninguna,No existe,Intersección,Bueno,Buena,Diurna,Otro,Lateral,S/D,Colisión,Otro,Faltante,Barrera de hormigón,Sin restricción,POINT (-60.6970604 -32.97951759999999),"['Doctor Maradona', 'Liniers']",2,Doctor Maradona; Liniers,-32.97951759999999,-60.6970604,55.0,538.0,Municipio Rosario,Municipio,Rosario,820210,Servicio de Catastro e Información Territorial,IGN
2015,7740,2015-09-23,Miercoles,0.0,08:00:00,,0.0,1,Moto/Ciclomotor,Bv. 27 De Febrero Y Magallanes,1,1,0,0,0,0,0,,Calle,,ROSARIO,Rosario,Asfalto,No existe,II,Dentro,Urbana,Ninguna,No existe,Intersección,Bueno,Buena,Diurna,Otro,S/D,S/D,S/D,Otro,Faltante,Ninguna,Sin restricción,POINT (-60.70375729999999 -32.9591521),"['27 de Febrero', 'Magallanes']",2,Bulevar 27 de Febrero; Magallanes,-32.9591521,-60.70375729999999,55.0,538.0,Municipio Rosario,Municipio,Rosario,820210,Servicio de Catastro e Información Territorial,IGN
2015,7741,2015-09-25,Viernes,0.0,09:20:00,,0.0,2,"Moto/Ciclomotor,Automóvil",Bv. 27 De Febrero Y Magallanes,2,1,0,0,1,0,0,,Calle,,ROSARIO,Rosario,Asfalto,No existe,II,S/D,Urbana,Ninguna,No existe,Intersección,Otro,Buena,Diurna,Otro,Lateral,S/D,Colisión,Otro,S/D,Ninguna,Sin restricción,POINT (-60.70375729999999 -32.9591521),"['27 de Febrero', 'Magallanes']",2,Bulevar 27 de Febrero; Magallanes,-32.9591521,-60.70375729999999,55.0,538.0,Municipio Rosario,Municipio,Rosario,820210,Servicio de Catastro e Información Territorial,IGN
2015,7742,2015-09-26,Sabado,0.0,19:00:00,,0.0,2,"Moto/Ciclomotor,Automóvil",P.L.Funes Y Amenabar,2,1,0,0,1,0,0,,Calle,,ROSARIO,Rosario,Asfalto,No existe,II,Dentro,Urbana,Ninguna,No existe,Intersección,Otro,Buena,Atardecer,Otro,Lateral,S/D,Colisión,Otro,Faltante,Ninguna,Sin restricción,POINT (-60.70024719999999 -32.963668799999994),"['Funes', 'Amenabar']",2,Deán Gregorio Funes; José de Amenábar,-32.963668799999994,-60.70024719999999,55.0,538.0,Municipio Rosario,Municipio,Rosario,820210,Servicio de Catastro e Información Territorial,IGN
2015,7743,2015-09-25,Viernes,0.0,18:30:00,,0.0,2,"Moto/Ciclomotor,Automóvil",Bv. Segui Y Roullon,2,1,0,0,1,0,0,,S/D,,ROSARIO,Rosario,S/D,No existe,II,S/D,S/D,Ninguna,Funciona,Intersección,Otro,Buena,Atardecer,Otro,Lateral,S/D,Colisión,Ninguna,Vertical,Barrera de hormigón,Sin restricción,POINT (-60.701049250000004 -32.970761249999995),"['Bulevar Juan Francisco Seguí', 'Alfredo Rouillón']",2,Bulevar Juan Francisco Seguí; Alfredo Rouillón,-32.970761249999995,-60.70104925,55.0,538.0,Municipio Rosario,Municipio,Rosario,820210,Servicio de Catastro e Información Territorial,IGN
2015,7745,2015-09-06,Domingo,0.0,14:00:00,,0.0,2,"Moto/Ciclomotor,Automóvil",Montevideo Y Larrea,2,2,0,0,0,0,0,,Calle,,ROSARIO,Rosario,Asfalto,No existe,II,S/D,Urbana,Ninguna,No existe,Intersección,Bueno,Buena,Diurna,Buen Tiempo,Lateral,S/D,Colisión,Otro,Faltante,Ninguna,Sin restricción,POINT (-60.69698540000001 -32.947038899999995),"['Montevideo', 'Larrea']",2,Montevideo; Larrea,-32.947038899999995,-60.69698540000001,55.0,538.0,Municipio Rosario,Municipio,Rosario,820210,Servicio de Catastro e Información Territorial,IGN
2015,7747,2015-09-04,Viernes,0.0,17:30:00,,0.0,2,"Bicicleta,Transporte de Pasajeros Urbano (> 8 asientos)",Santa Fe Y Iriondo,2,1,0,0,0,0,1,,Calle,,ROSARIO,Rosario,Asfalto,S/D,II,Dentro,Urbana,S/D,S/D,S/D,S/D,S/D,S/D,S/D,S/D,S/D,Atropello,S/D,S/D,S/D,S/D,POINT (-60.6692634 -32.9394616),"['Santa Fe', 'Iriondo']",2,Santa Fe; Iriondo,-32.9394616,-60.6692634,55.0,538.0,Municipio Rosario,Municipio,Rosario,820210,Servicio de Catastro e Información Territorial,IGN
2015,7748,2015-09-02,Miercoles,0.0,,,0.0,2,"Pickup/Utilitario,Automóvil",Montevideo Y Alsina,3,1,0,0,2,0,0,,S/D,,ROSARIO,Rosario,Asfalto,S/D,II,Dentro,Urbana,S/D,S/D,S/D,S/D,S/D,S/D,S/D,S/D,S/D,Colisión,S/D,S/D,S/D,S/D,POINT (-60.6788522 -32.949314199999996),"['Montevideo', 'Alsina']",2,Montevideo; Alsina,-32.9493142,-60.6788522,55.0,538.0,Municipio Rosario,Municipio,Rosario,820210,Servicio de Catastro e Información Territorial,IGN
2015,7749,2015-09-23,Miercoles,0.0,21:30:00,,0.0,2,"Moto/Ciclomotor,Transporte de Pasajeros Larga Distancia (> 8 asientos)",Av. Pellegrini Y Lima,2,0,1,0,1,0,0,,Avenida,,ROSARIO,Rosario,Asfalto,S/D,II,Dentro,Urbana,S/D,S/D,S/D,S/D,S/D,S/D,S/D,S/D,S/D,S/D,S/D,S/D,S/D,S/D,POINT (-60.68596305 -32.94921605),"['Pellegrini', 'Lima']",2,Avenida Carlos Pellegrini; Lima,-32.94921605,-60.68596305,55.0,538.0,Municipio Rosario,Municipio,Rosario,820210,Servicio de Catastro e Información Territorial,IGN
2015,7750,2015-09-22,Martes,0.0,13:30:00,,0.0,4,"Peatón,Peatón,Peatón,Automóvil",Bv. Avellaneda Y Mendoza,4,3,0,0,1,0,0,,Avenida,,ROSARIO,Rosario,Asfalto,S/D,II,S/D,Urbana,S/D,S/D,S/D,S/D,S/D,S/D,S/D,S/D,S/D,Atropello,S/D,S/D,S/D,S/D,POINT (-60.680421100000004 -32.94423964999999),"['Avellaneda', 'Mendoza']",2,Bulevar Nicolás Avellaneda; Mendoza,-32.94423964999999,-60.6804211,55.0,538.0,Municipio Rosario,Municipio,Rosario,820210,Servicio de Catastro e Información Territorial,IGN
2015,7755,2015-09-24,Jueves,0.0,09:00:00,,0.0,2,"Moto/Ciclomotor,Automóvil",Mitre ,2,1,0,0,1,0,0,,S/D,,ROSARIO,Rosario,Asfalto,No existe,II,S/D,S/D,Ninguna,No existe,Intersección,Bueno,Buena,Diurna,Buen Tiempo,Lateral,S/D,Colisión,Otro,Faltante,Ninguna,Sin restricción,"-33.0020521, -60.6503914",['Mitre'],1,Mitre,-33.0020521,-60.6503914,55.0,538.0,Municipio Rosario,Municipio,Rosario,820210,Servicio de Catastro e Información Territorial,IGN
2015,7764,2015-09-09,Miercoles,0.0,11:45:00,,0.0,2,"Pickup/Utilitario,Bicicleta",Solis Y Pje. Minetti,2,1,0,0,1,0,0,,Calle,,ROSARIO,Rosario,S/D,No existe,II,S/D,Urbana,Ninguna,No existe,Intersección,S/D,S/D,Diurna,S/D,S/D,S/D,Atropello,S/D,Faltante,Ninguna,Sin restricción,POINT (-60.7039056 -32.9281211),"['Solis', 'Minetti']",2,Juan Díaz de Solís; Minetti,-32.9281211,-60.7039056,55.0,538.0,Municipio Rosario,Municipio,Rosario,820210,Servicio de Catastro e Información Territorial,IGN