anio_acci,nro_acci,fecha,desc_dia,fecha_aprox,hora_aprox,desc_ruta,km,cant_participantes,desc_participante,calle_avenida_km,total,heridos_leves,heridos_graves,heridos_gravisimos,ilesos,fallecidos,sin_datos,posicion_XY,desc_tipo_via,desc_ruta_ori,desc_loc,desc_dpto,desc_tipo_calzada,desc_tipo_banquina,desc_unidad_regional,desc_lugar_calzada,desc_zona,desc_prioridad,desc_estado_semaforo,desc_lugar_via,desc_estado_via,desc_estado_visibilidad,desc_luminosidad,desc_estado_clima,desc_tipo_colision,desc_tipo_atropello,desc_tipo_hecho,desc_pres_calzada,desc_senializacion,desc_separacion_via,desc_restriccion,forma_geocod,calle_lista,numero_calles,calles_osm,lat,lon,index_right,gid,fna,gna,nam,in1,fdc,sag
2015,7765,2015-09-11,Viernes,0.0,09:00:00,,0.0,2,"Moto/Ciclomotor,Moto/Ciclomotor",Junin Y Pje. San Geronimo,3,2,0,0,1,0,0,,Calle,,ROSARIO,Rosario,S/D,No existe,II,Dentro,Urbana,Ninguna,No existe,Intersección,S/D,Buena,Diurna,S/D,Lateral,S/D,Colisión,S/D,Faltante,Ninguna,Sin restricción,POINT (-60.69305 -32.9270438),"['Junín', 'San Geronimo']",2,Junín; Pasaje San Gerónimo,-32.9270438,-60.69305,55.0,538.0,Municipio Rosario,Municipio,Rosario,820210,Servicio de Catastro e Información Territorial,IGN
2015,7766,2015-09-23,Miercoles,0.0,18:45:00,,0.0,2,"Taxi/Remis,Moto/Ciclomotor",Garzon Y Navarro,2,1,0,0,1,0,0,,Calle,,ROSARIO,Rosario,S/D,No existe,II,Dentro,Urbana,Ninguna,No existe,Intersección,S/D,Buena,Diurna,S/D,Lateral,S/D,Colisión,S/D,Faltante,Ninguna,Sin restricción,POINT (-60.706072299999995 -32.9313274),"['Garzón', 'Navarro']",2,Garzón; Navarro,-32.9313274,-60.7060723,55.0,538.0,Municipio Rosario,Municipio,Rosario,820210,Servicio de Catastro e Información Territorial,IGN
2015,7767,2015-09-23,Miercoles,0.0,06:07:00,,0.0,2,"Automóvil,Moto/Ciclomotor",Av. Pellegrini Y Cafferata,4,4,0,0,0,0,0,,Avenida,,ROSARIO,Rosario,Asfalto,S/D,II,Dentro,Urbana,S/D,S/D,S/D,S/D,S/D,Amanecer,S/D,S/D,S/D,Colisión,S/D,S/D,S/D,S/D,POINT (-60.66279733333334 -32.9781999),"['Pellegrini', 'Cafferata']",2,Avenida Carlos Pellegrini; Cafferata,-32.9781999,-60.66279733333334,55.0,538.0,Municipio Rosario,Municipio,Rosario,820210,Servicio de Catastro e Información Territorial,IGN
2015,7768,2015-09-24,Jueves,0.0,23:10:00,,0.0,2,"Automóvil,Automóvil",Bv. Avellaneda Y E.Zeballos,2,1,0,0,1,0,0,,Avenida,,ROSARIO,Rosario,Asfalto,S/D,II,Dentro,Urbana,S/D,S/D,S/D,S/D,S/D,Nocturna,S/D,S/D,S/D,Colisión,S/D,S/D,S/D,S/D,POINT (-60.68126855 -32.94766455),"['Avellaneda', 'Zeballos']",2,Bulevar Nicolás Avellaneda; Zeballos,-32.94766455,-60.68126855,55.0,538.0,Municipio Rosario,Municipio,Rosario,820210,Servicio de Catastro e Información Territorial,IGN
2015,7769,2015-09-25,Viernes,0.0,14:00:00,,0.0,2,"Automóvil,Automóvil",Av. Pellegrini Y Castellanos,3,1,0,0,2,0,0,,Avenida,,ROSARIO,Rosario,Asfalto,S/D,II,Dentro,Urbana,S/D,S/D,S/D,S/D,S/D,Diurna,S/D,S/D,S/D,Colisión,S/D,S/D,S/D,S/D,POINT (-60.677811000000005 -32.950665749999985),"['Pellegrini', 'Aaron Castellanos']",2,Avenida Carlos Pellegrini; Aaron Castellanos,-32.950665749999985,-60.677811000000005,55.0,538.0,Municipio Rosario,Municipio,Rosario,820210,Servicio de Catastro e Información Territorial,IGN
2015,7770,2015-09-25,Viernes,0.0,13:50:00,,0.0,2,"Automóvil,Moto/Ciclomotor",Vera Mujica Y San Juan,2,1,0,0,1,0,0,,Calle,,ROSARIO,Rosario,Asfalto,S/D,II,Dentro,Urbana,S/D,S/D,S/D,S/D,S/D,Diurna,S/D,S/D,S/D,Colisión,S/D,S/D,S/D,S/D,POINT (-60.6678428 -32.94501609999999),"['Vera Mujíca', 'San Juan']",2,Vera Mujíca; San Juan,-32.94501609999999,-60.6678428,55.0,538.0,Municipio Rosario,Municipio,Rosario,820210,Servicio de Catastro e Información Territorial,IGN
2015,7771,2015-09-22,Martes,0.0,16:30:00,,0.0,2,"Automóvil,Automóvil",San Juan Y Cafferata,2,1,0,0,1,0,0,,Calle,,ROSARIO,Rosario,Asfalto,S/D,II,Dentro,Urbana,S/D,S/D,S/D,S/D,S/D,Diurna,S/D,S/D,S/D,Colisión,S/D,S/D,S/D,S/D,POINT (-60.6719098 -32.94428909999999),"['San Juan', 'Cafferata']",2,San Juan; Cafferata,-32.94428909999999,-60.6719098,55.0,538.0,Municipio Rosario,Municipio,Rosario,820210,Servicio de Catastro e Información Territorial,IGN
2015,7772,2015-09-26,Sabado,0.0,15:30:00,,0.0,2,"Automóvil,Automóvil",Cordoba Y Suipacha,2,1,0,0,1,0,0,,Calle,,ROSARIO,Rosario,Asfalto,S/D,II,Dentro,Urbana,S/D,S/D,S/D,S/D,S/D,Diurna,S/D,S/D,S/D,Colisión,S/D,S/D,S/D,S/D,POINT (-60.6642044 -32.9417837),"['Córdoba', 'Suipacha']",2,Córdoba; Suipacha,-32.9417837,-60.6642044,55.0,538.0,Municipio Rosario,Municipio,Rosario,820210,Servicio de Catastro e Información Territorial,IGN
2015,7773,2015-09-17,Jueves,0.0,08:10:00,,0.0,2,"Moto/Ciclomotor,Pickup/Utilitario",Pasco Y San Martin,3,1,0,0,2,0,0,,Calle,,ROSARIO,Rosario,Asfalto,S/D,II,Dentro,Urbana,S/D,S/D,Intersección,Bueno,Buena,Diurna,Buen Tiempo,Lateral,S/D,Colisión,S/D,S/D,S/D,S/D,POINT (-60.64001 -32.959838399999995),"['Pasco', 'San Martin']",2,Pasco; José de San Martín,-32.959838399999995,-60.64001,55.0,538.0,Municipio Rosario,Municipio,Rosario,820210,Servicio de Catastro e Información Territorial,IGN
2015,7774,2015-09-06,Domingo,0.0,01:30:00,,0.0,2,"Automóvil,Moto/Ciclomotor",Medrano Y Washington,2,1,0,0,1,0,0,,Calle,,ROSARIO,Rosario,Asfalto,No existe,II,Dentro,Urbana,Ninguna,No existe,Intersección,Bueno,Buena,"Nocturna,Con luz artificial",Buen Tiempo,Frontal,S/D,Colisión,Ninguna,Faltante,Ninguna,Sin restricción,POINT (-60.6991793 -32.903118500000005),"['Medrano', 'Washington']",2,Medrano; Washington,-32.903118500000005,-60.6991793,55.0,538.0,Municipio Rosario,Municipio,Rosario,820210,Servicio de Catastro e Información Territorial,IGN
2015,7775,2015-09-13,Domingo,0.0,14:10:00,,0.0,2,"Automóvil,Moto/Ciclomotor",Castagnino Y Zelaya,5,3,0,0,1,0,1,,Calle,,ROSARIO,Rosario,Asfalto,No existe,II,Dentro,Urbana,Ninguna,No existe,Intersección,Bueno,Buena,Diurna,Buen Tiempo,Frontal,S/D,Colisión,Ninguna,Faltante,Ninguna,Sin restricción,POINT (-60.6951534 -32.8980484),"['Castagnino', 'Zelaya']",2,Castagnino; Zelaya,-32.8980484,-60.6951534,55.0,538.0,Municipio Rosario,Municipio,Rosario,820210,Servicio de Catastro e Información Territorial,IGN
2015,7776,2015-09-22,Martes,0.0,13:20:00,,0.0,2,"Automóvil,Automóvil",Baigorria Y Bv. Rondeau,4,2,0,0,2,0,0,,Calle,,ROSARIO,Rosario,Asfalto,No existe,II,Dentro,Urbana,Semáforo,Funciona,Intersección,Bueno,Buena,Diurna,Buen Tiempo,Frontal,S/D,Colisión,Ninguna,"Horizontal,Vertical",Ninguna,Sin restricción,POINT (-60.693283075000004 -32.89152782499999),"['Baigorria', 'Rondeau']",2,Baigorria; Bulevar General José Rondeau,-32.89152782499999,-60.693283075,55.0,538.0,Municipio Rosario,Municipio,Rosario,820210,Servicio de Catastro e Información Territorial,IGN
2015,7777,2015-09-22,Martes,0.0,15:30:00,,0.0,2,"Moto/Ciclomotor,Automóvil",Av. Sorrento Y Donizetti,3,2,0,0,1,0,0,,Calle,,ROSARIO,Rosario,Asfalto,No existe,II,Dentro,Urbana,Ninguna,No existe,Recta,Bueno,Buena,Diurna,Buen Tiempo,Frontal,S/D,Colisión,Ninguna,Faltante,Ninguna,Sin restricción,POINT (-60.69459945 -32.90726469999999),"['Sorrento', 'Donizetti']",2,Avenida Sorrento; Donizetti,-32.90726469999999,-60.69459945,55.0,538.0,Municipio Rosario,Municipio,Rosario,820210,Servicio de Catastro e Información Territorial,IGN
2015,7778,2015-09-16,Miercoles,0.0,16:00:00,,0.0,2,"Moto/Ciclomotor,Automóvil",Mont Cenis Y Algarrobo,2,1,0,0,1,0,0,,Calle,,ROSARIO,Rosario,Asfalto,No existe,II,Dentro,Urbana,Ninguna,No existe,Intersección,Bueno,Buena,Diurna,Buen Tiempo,Frontal,S/D,Colisión,Ninguna,Faltante,Ninguna,Sin restricción,POINT (-60.70118680000001 -32.87161259999999),"['Mont Cenis', 'Algarrobo']",2,Mont Cenis; Algarrobo,-32.87161259999999,-60.70118680000001,55.0,538.0,Municipio Rosario,Municipio,Rosario,820210,Servicio de Catastro e Información Territorial,IGN
2015,7779,2015-09-01,Martes,0.0,14:30:00,,0.0,2,"Moto/Ciclomotor,Automóvil",Darragueira Y Superi,2,1,0,0,1,0,0,,Calle,,ROSARIO,Rosario,Asfalto,No existe,II,Dentro,Urbana,Ninguna,No existe,Intersección,Bueno,Buena,Diurna,Otro,Frontal,S/D,Colisión,Ninguna,Faltante,Ninguna,Sin restricción,POINT (-60.695001399999995 -32.8947943),"['José Darragueira', 'Superi']",2,José Darragueira; Comandante José Superí,-32.8947943,-60.6950014,55.0,538.0,Municipio Rosario,Municipio,Rosario,820210,Servicio de Catastro e Información Territorial,IGN
2015,7780,2015-09-10,Jueves,0.0,17:45:00,,0.0,2,"Automóvil,Automóvil",Warnes Y Superi,3,1,0,0,2,0,0,,Calle,,ROSARIO,Rosario,Asfalto,No existe,II,Dentro,Urbana,Señal Pare,No existe,Intersección,Bueno,Buena,Diurna,Buen Tiempo,Frontal,S/D,Colisión,Ninguna,Vertical,Ninguna,Sin restricción,POINT (-60.6939113 -32.89455149999999),"['Warnes', 'Superi']",2,Ignacio Warnes; Comandante José Superí,-32.89455149999999,-60.6939113,55.0,538.0,Municipio Rosario,Municipio,Rosario,820210,Servicio de Catastro e Información Territorial,IGN
2015,7782,2015-09-06,Domingo,0.0,12:00:00,,0.0,2,"Moto/Ciclomotor,Automóvil",Zuviria ,2,2,0,0,0,0,0,,Calle,,ROSARIO,Rosario,Asfalto,No existe,II,Dentro,Urbana,S/D,No existe,Intersección,Bueno,Buena,Diurna,Buen Tiempo,Lateral,S/D,Colisión,S/D,S/D,S/D,S/D,"-32.9365272, -60.6974075",['Zuviría'],1,Zuviría,-32.9365272,-60.6974075,55.0,538.0,Municipio Rosario,Municipio,Rosario,820210,Servicio de Catastro e Información Territorial,IGN
2015,7783,2015-09-07,Lunes,0.0,19:30:00,,0.0,2,"Automóvil,Taxi/Remis",White ,2,2,0,0,0,0,0,,Calle,,ROSARIO,Rosario,Asfalto,No existe,II,Dentro,Urbana,Ninguna,No existe,Intersección,Bueno,Buena,Diurna,Buen Tiempo,S/D,S/D,Colisión,S/D,Faltante,Ninguna,Sin restricción,"-32.9419663, -60.7244333",['White'],1,White,-32.9419663,-60.7244333,55.0,538.0,Municipio Rosario,Municipio,Rosario,820210,Servicio de Catastro e Información Territorial,IGN
2015,7784,2015-09-08,Martes,0.0,14:30:00,,0.0,2,"Moto/Ciclomotor,Automóvil",Cerrito Y Larrea,2,2,0,0,0,0,0,,Calle,,ROSARIO,Rosario,Hormigón,Pavimento,II,Dentro,Urbana,Ninguna,No existe,Intersección,Bueno,Buena,Diurna,Buen Tiempo,Lateral,S/D,Colisión,S/D,Faltante,Ninguna,Sin restricción,POINT (-60.696764200000004 -32.95293860000001),"['Cerrito', 'Larrea']",2,Cerrito; Larrea,-32.95293860000001,-60.6967642,55.0,538.0,Municipio Rosario,Municipio,Rosario,820210,Servicio de Catastro e Información Territorial,IGN
2015,7787,2015-08-15,Sabado,0.0,09:00:00,,0.0,2,"Automóvil,Moto/Ciclomotor",Bolivia Y Chubut,2,2,0,0,0,0,0,,Calle,,ROSARIO,Rosario,Asfalto,No existe,II,Dentro,Urbana,Ninguna,No existe,Intersección,Bueno,Buena,Diurna,Buen Tiempo,Lateral,S/D,Colisión,S/D,Faltante,Ninguna,Sin restricción,POINT (-60.7135841 -32.9456795),"['Bolivia', 'Chubut']",2,Bolivia; Chubut,-32.9456795,-60.7135841,55.0,538.0,Municipio Rosario,Municipio,Rosario,820210,Servicio de Catastro e Información Territorial,IGN
2015,7788,2015-09-06,Domingo,0.0,10:25:00,,0.0,2,"Moto/Ciclomotor,Moto/Ciclomotor",Av. Provincias Unidas Y Neuquen,2,1,0,0,0,0,1,,Calle,,ROSARIO,Rosario,Asfalto,No existe,II,Dentro,Urbana,Ninguna,No existe,Intersección,Bueno,Buena,Diurna,Buen Tiempo,Lateral,S/D,Colisión,S/D,Faltante,S/D,Sin restricción,POINT (-60.71241810000001 -32.944582350000005),"['Avenida Provincias Unidas', 'Neuquen']",2,Avenida Provincias Unidas; Neuquén,-32.944582350000005,-60.71241810000001,55.0,538.0,Municipio Rosario,Municipio,Rosario,820210,Servicio de Catastro e Información Territorial,IGN
2015,7790,2015-09-07,Lunes,0.0,22:30:00,,0.0,2,"Moto/Ciclomotor,Automóvil",J.Colombres ,4,1,0,0,3,0,0,,Calle,,ROSARIO,Rosario,Asfalto,No existe,II,Dentro,Urbana,Ninguna,No existe,Recta,Bueno,Buena,Nocturna,Buen Tiempo,Frontal,S/D,Colisión,S/D,Faltante,Ninguna,Sin restricción,"-32.9336169, -60.7418281",['J Colombres'],1,J Colombres,-32.9336169,-60.7418281,55.0,538.0,Municipio Rosario,Municipio,Rosario,820210,Servicio de Catastro e Información Territorial,IGN
2015,7791,2015-05-23,Sabado,0.0,21:25:00,,0.0,2,"Moto/Ciclomotor,Taxi/Remis",Rivarola Y Av. Provincias Unidas,3,2,0,0,1,0,0,,Calle,,ROSARIO,Rosario,Hormigón,S/D,II,Dentro,Urbana,S/D,S/D,Intersección,S/D,S/D,Nocturna,S/D,Lateral,S/D,Colisión,S/D,S/D,S/D,S/D,POINT (-60.71157050000001 -32.965788749999994),"['Rivarola', 'Avenida Provincias Unidas']",2,Avenida Doctor Rivarola; Avenida Provincias Unidas,-32.965788749999994,-60.71157050000001,55.0,538.0,Municipio Rosario,Municipio,Rosario,820210,Servicio de Catastro e Información Territorial,IGN
2015,7795,2015-09-19,Sabado,0.0,,,0.0,2,"Automóvil,Automóvil",San Juan Y F.More,2,2,0,0,0,0,0,,Calle,,ROSARIO,Rosario,Asfalto,Pavimento,II,Dentro,Urbana,Ninguna,No existe,Intersección,Bueno,Buena,S/D,Buen Tiempo,Lateral,S/D,Colisión,S/D,S/D,S/D,Sin restricción,POINT (-60.6935598 -32.94061539999999),"['San Juan', 'Felipe Moré']",2,San Juan; Felipe Moré,-32.94061539999999,-60.6935598,55.0,538.0,Municipio Rosario,Municipio,Rosario,820210,Servicio de Catastro e Información Territorial,IGN
2015,7796,2015-09-12,Sabado,0.0,14:00:00,,0.0,2,"Moto/Ciclomotor,Moto/Ciclomotor",J.B.Justo Y Olavarria Bis,2,1,0,0,1,0,0,,Calle,,ROSARIO,Rosario,Asfalto,No existe,II,Dentro,Urbana,S/D,No existe,Intersección,Con baches,Buena,Diurna,Buen Tiempo,Lateral,S/D,Colisión,S/D,Faltante,Ninguna,S/D,POINT (-60.7046189 -32.9146842),"['Justo', 'Olavarría']",2,Justo José de Urquiza; Olavarría,-32.9146842,-60.7046189,55.0,538.0,Municipio Rosario,Municipio,Rosario,820210,Servicio de Catastro e Información Territorial,IGN
2015,7797,2015-09-16,Miercoles,0.0,11:40:00,,0.0,2,"Automóvil,Moto/Ciclomotor",Poeta Fontanarrosa Y Aguero,4,1,0,0,3,0,0,,Calle,,ROSARIO,Rosario,Asfalto,No existe,II,Dentro,Urbana,Ninguna,No existe,Intersección,Bueno,Buena,Diurna,Buen Tiempo,Frontal,S/D,Colisión,S/D,Faltante,Ninguna,Sin restricción,POINT (-60.696131900000005 -32.8765737),"['Pasaje Poeta Fontanarrosa', 'Aguero']",2,Pasaje Poeta Fontanarrosa; Julián Segundo de Agüero,-32.8765737,-60.696131900000005,55.0,538.0,Municipio Rosario,Municipio,Rosario,820210,Servicio de Catastro e Información Territorial,IGN
2015,7800,2015-09-08,Martes,0.0,15:30:00,,0.0,2,"Taxi/Remis,Moto/Ciclomotor",J.J.Paso Y Tte.Agneta,2,1,0,0,1,0,0,,Calle,,ROSARIO,Rosario,Asfalto,No existe,II,Dentro,Urbana,Semáforo,Funciona,Intersección,Bueno,Buena,Diurna,Buen Tiempo,S/D,S/D,Colisión,S/D,S/D,Línea divisoria pintada,S/D,POINT (-60.7006212 -32.91986549999999),"['Paso', 'Teniente Agneta']",2,Avenida Juan José Paso; Teniente Agneta,-32.91986549999999,-60.7006212,55.0,538.0,Municipio Rosario,Municipio,Rosario,820210,Servicio de Catastro e Información Territorial,IGN
2015,7801,2015-09-09,Miercoles,0.0,14:10:00,,0.0,2,"Automóvil,Automóvil",J.J.Paso Y Ecuador,5,3,0,0,2,0,0,,Calle,,ROSARIO,Rosario,Asfalto,No existe,II,Dentro,Urbana,S/D,No existe,Intersección,Bueno,Buena,Diurna,S/D,Lateral,S/D,Colisión,S/D,S/D,Cordón divisorio,Sin restricción,POINT (-60.71582385 -32.92035055000001),"['Paso', 'Ecuador']",2,Avenida Juan José Paso; Ecuador,-32.92035055000001,-60.71582385,55.0,538.0,Municipio Rosario,Municipio,Rosario,820210,Servicio de Catastro e Información Territorial,IGN
2015,7802,2015-09-14,Lunes,0.0,12:15:00,,0.0,2,"Vehículo Oficial,Automóvil",Mariano Cabal Bis Y Pje. Franklin,5,5,0,0,0,0,0,,Calle,,ROSARIO,Rosario,Asfalto,No existe,II,Dentro,Urbana,S/D,No existe,Intersección,Bueno,Buena,Diurna,Buen Tiempo,Lateral,S/D,Colisión,S/D,S/D,Ninguna,S/D,POINT (-60.70271795 -32.9175732),"['Mariano Cabal', 'Franklin']",2,Mariano Cabal; Franklin,-32.9175732,-60.70271795,55.0,538.0,Municipio Rosario,Municipio,Rosario,820210,Servicio de Catastro e Información Territorial,IGN
2015,7804,2015-09-18,Viernes,0.0,07:30:00,,0.0,2,"Pickup/Utilitario,Moto/Ciclomotor",Schweitzer Y Av. Provincias Unidas,2,1,0,0,1,0,0,,Avenida,,ROSARIO,Rosario,Asfalto,No existe,II,Dentro,Urbana,S/D,No existe,Intersección,Bueno,Buena,Diurna,S/D,Lateral,S/D,Colisión,S/D,S/D,Barrera de hormigón,S/D,POINT (-60.713941950000006 -32.913199899999995),"['Albert Schweitzer', 'Avenida Provincias Unidas']",2,Albert Schweitzer; Avenida Provincias Unidas,-32.913199899999995,-60.713941950000006,55.0,538.0,Municipio Rosario,Municipio,Rosario,820210,Servicio de Catastro e Información Territorial,IGN
2015,7805,2015-09-09,Miercoles,0.0,,,0.0,2,"Moto/Ciclomotor,Pickup/Utilitario",Jose Ingenieros Y Alberdi,2,1,0,0,1,0,0,,Calle,,ROSARIO,Rosario,Asfalto,S/D,II,S/D,Urbana,S/D,S/D,Recta,Bueno,Buena,Diurna,Buen Tiempo,Lateral,S/D,Colisión,S/D,Faltante,Cordón divisorio,S/D,POINT (-60.68477695 -32.916276550000006),"['José Ingenieros', 'Alberdi']",2,José Ingenieros; Avenida Alberdi,-32.916276550000006,-60.68477695,55.0,538.0,Municipio Rosario,Municipio,Rosario,820210,Servicio de Catastro e Información Territorial,IGN
2015,7806,2015-09-23,Miercoles,0.0,21:30:00,,0.0,1,Automóvil,Av. Genova Y Muñiz Bis,1,1,0,0,0,0,0,,Calle,,ROSARIO,Rosario,Hormigón,S/D,II,S/D,Urbana,Marca Vial,S/D,Intersección,Resbaladiza,S/D,Nocturna,Lluvia,Lateral,S/D,Colisión,Agua,"Horizontal,Vertical",Ninguna,Sin restricción,POINT (-60.6879424 -32.915264799999996),"['Genova', 'Muñiz']",2,Avenida Génova; Muñiz,-32.9152648,-60.6879424,55.0,538.0,Municipio Rosario,Municipio,Rosario,820210,Servicio de Catastro e Información Territorial,IGN
2015,7807,2015-09-30,Miercoles,0.0,,,0.0,1,Moto/Ciclomotor,Av. Genova 2000,1,1,0,0,0,0,0,,Calle,,ROSARIO,Rosario,S/D,S/D,II,Dentro,Urbana,S/D,S/D,S/D,S/D,S/D,S/D,S/D,S/D,S/D,S/D,S/D,S/D,S/D,S/D,"-32.9440455, -60.6432457",['Genova 2000'],1,Genova 2000,-32.9440455,-60.6432457,55.0,538.0,Municipio Rosario,Municipio,Rosario,820210,Servicio de Catastro e Información Territorial,IGN
2015,7808,2015-09-02,Miercoles,0.0,12:00:00,,0.0,2,"Pickup/Utilitario,Moto/Ciclomotor",J.J.Paso Y Garzon,2,1,0,0,1,0,0,,Calle,,ROSARIO,Rosario,Asfalto,No existe,II,Dentro,Urbana,Ninguna,Funciona,Intersección,Bueno,Buena,Diurna,Buen Tiempo,S/D,S/D,Colisión,S/D,S/D,Línea divisoria pintada,Sin restricción,POINT (-60.7063232 -32.92003734999999),"['Paso', 'Garzón']",2,"('Avenida Juan José Paso', 'Garzón')",-32.92003734999999,-60.7063232,55.0,538.0,Municipio Rosario,Municipio,Rosario,820210,Servicio de Catastro e Información Territorial,IGN
2015,7809,2015-09-28,Lunes,0.0,23:30:00,,0.0,2,"Automóvil,Transporte de Pasajeros",Albert Sabin Y Velez Sarsfield,2,1,0,0,0,0,1,,Calle,,ROSARIO,Rosario,Asfalto,S/D,II,Dentro,Urbana,S/D,S/D,Intersección,S/D,S/D,Nocturna,S/D,S/D,S/D,Colisión,S/D,S/D,S/D,S/D,POINT (-60.6821659 -32.92505235),"['Avenida Travesía Albert Sabin', 'Vélez Sarsfield']",2,Avenida Travesía Albert Sabin; Vélez Sarsfield,-32.92505235,-60.6821659,55.0,538.0,Municipio Rosario,Municipio,Rosario,820210,Servicio de Catastro e Información Territorial,IGN
2015,7810,2015-09-12,Sabado,0.0,,,0.0,2,"Automóvil,Moto/Ciclomotor",1 de Mayo Y Ituzaingo,3,2,0,0,1,0,0,,Calle,,ROSARIO,Rosario,Asfalto,S/D,II,Dentro,Urbana,S/D,S/D,Intersección,Bueno,S/D,Diurna,S/D,S/D,S/D,Colisión,S/D,Faltante,S/D,Sin restricción,POINT (-60.63327600000001 -32.962239499999995),"['Primero de Mayo', 'Ituzaingó']",2,Primero de Mayo; Ituzaingó,-32.962239499999995,-60.63327600000001,55.0,538.0,Municipio Rosario,Municipio,Rosario,820210,Servicio de Catastro e Información Territorial,IGN
2015,7811,2015-09-22,Martes,0.0,19:30:00,,0.0,2,"Moto/Ciclomotor,Automóvil",Av. Luis Carballo Y Rawson Bis,2,1,0,0,0,0,1,,Calle,,ROSARIO,Rosario,Asfalto,S/D,II,Dentro,Urbana,S/D,S/D,Intersección,S/D,S/D,Atardecer,S/D,S/D,S/D,S/D,S/D,S/D,S/D,S/D,POINT (-60.66940076666666 -32.92182163333333),"['Avenida Doctor Luis Cándido Carballo', 'Rawson']",2,Avenida Doctor Luis Cándido Carballo; Rawson,-32.92182163333333,-60.66940076666666,55.0,538.0,Municipio Rosario,Municipio,Rosario,820210,Servicio de Catastro e Información Territorial,IGN
2015,7813,2015-04-06,Lunes,0.0,18:00:00,,0.0,1,Moto/Ciclomotor,Ciudadela ,1,0,1,0,0,0,0,,Calle,,ROSARIO,Rosario,Asfalto,No existe,II,Dentro,Urbana,Ninguna,No existe,S/D,Con baches,Buena,Atardecer,Buen Tiempo,Atropello animal,S/D,Colisión,S/D,Faltante,Ninguna,Sin restricción,"-32.8709143, -60.695944",['Ciudadela'],1,Ciudadela,-32.8709143,-60.695944,55.0,538.0,Municipio Rosario,Municipio,Rosario,820210,Servicio de Catastro e Información Territorial,IGN
2015,7814,2015-09-24,Jueves,0.0,07:30:00,,0.0,2,"Bicicleta,Automóvil",Albert Sabin ,2,1,0,0,0,0,1,,Calle,,ROSARIO,Rosario,Asfalto,S/D,II,Dentro,Urbana,S/D,S/D,Intersección,S/D,S/D,Diurna,S/D,S/D,S/D,Atropello,S/D,S/D,S/D,S/D,"-32.921679, -60.6868928",['Albert Sabin'],1,Albert Sabin,-32.921679,-60.6868928,55.0,538.0,Municipio Rosario,Municipio,Rosario,820210,Servicio de Catastro e Información Territorial,IGN
2015,7815,2015-09-04,Viernes,0.0,11:40:00,,0.0,2,"Moto/Ciclomotor,Automóvil",Albert Sabin Y Bv. Avellaneda,2,1,0,0,0,0,1,,Calle,,ROSARIO,Rosario,Asfalto,S/D,II,Dentro,Urbana,S/D,S/D,Intersección,S/D,S/D,Diurna,S/D,S/D,S/D,Colisión,S/D,S/D,S/D,S/D,POINT (-60.67658666 -32.9288765),"['Avenida Travesía Albert Sabin', 'Avellaneda']",2,Avenida Travesía Albert Sabin; Bulevar Nicolás Avellaneda,-32.9288765,-60.67658666,55.0,538.0,Municipio Rosario,Municipio,Rosario,820210,Servicio de Catastro e Información Territorial,IGN
2015,7816,2015-09-03,Jueves,0.0,13:20:00,,0.0,2,"Moto/Ciclomotor,Automóvil",Albert Sabin Y Av. Alberdi Bis,2,1,0,0,0,0,1,,Calle,,ROSARIO,Rosario,Asfalto,S/D,II,Dentro,Urbana,S/D,S/D,Intersección,S/D,S/D,Diurna,S/D,S/D,S/D,Colisión,S/D,S/D,S/D,S/D,POINT (-60.67368635 -32.93013245),"['Avenida Travesía Albert Sabin', 'Alberdi']",2,Avenida Travesía Albert Sabin; Avenida Alberdi,-32.93013245,-60.67368635,55.0,538.0,Municipio Rosario,Municipio,Rosario,820210,Servicio de Catastro e Información Territorial,IGN
2015,7817,2015-09-03,Jueves,0.0,15:20:00,,0.0,2,"Moto/Ciclomotor,Automóvil",Bv. Avellaneda Y Junin,2,1,0,0,0,0,1,,Calle,,ROSARIO,Rosario,Asfalto,S/D,II,Dentro,Urbana,S/D,S/D,Intersección,S/D,S/D,Diurna,S/D,S/D,S/D,Colisión,S/D,S/D,S/D,S/D,POINT (-60.675987000000006 -32.9266012),"['Avellaneda', 'Junín']",2,Bulevar Nicolás Avellaneda; Junín,-32.9266012,-60.675987000000006,55.0,538.0,Municipio Rosario,Municipio,Rosario,820210,Servicio de Catastro e Información Territorial,IGN
2015,7818,2015-09-07,Lunes,0.0,20:40:00,,0.0,2,"Moto/Ciclomotor,Automóvil",Casilda 1600,2,1,0,0,0,0,1,,Calle,,ROSARIO,Rosario,Asfalto,S/D,II,Dentro,Urbana,S/D,S/D,Recta,S/D,S/D,Nocturna,S/D,S/D,S/D,Colisión,S/D,S/D,S/D,S/D,"-32.9283247, -60.6858601",['Casilda 1600'],1,Casilda 1600,-32.9283247,-60.6858601,55.0,538.0,Municipio Rosario,Municipio,Rosario,820210,Servicio de Catastro e Información Territorial,IGN
2015,7819,2015-05-25,Lunes,0.0,04:00:00,,0.0,2,"Tren,Peatón",Chaco Bis Y J.J.Paso,2,0,1,0,1,0,0,,Calle,,ROSARIO,Rosario,S/D,S/D,II,Dentro,Urbana,S/D,S/D,Paso a Nivel FFCC,S/D,S/D,Nocturna,S/D,S/D,S/D,Atropello,S/D,S/D,S/D,S/D,POINT (-60.69382300000001 -32.9196659),"['Chaco', 'Paso']",2,Chaco; Avenida Juan José Paso,-32.9196659,-60.69382300000001,55.0,538.0,Municipio Rosario,Municipio,Rosario,820210,Servicio de Catastro e Información Territorial,IGN