anio_acci,nro_acci,fecha,desc_dia,fecha_aprox,hora_aprox,desc_ruta,km,cant_participantes,desc_participante,calle_avenida_km,total,heridos_leves,heridos_graves,heridos_gravisimos,ilesos,fallecidos,sin_datos,posicion_XY,desc_tipo_via,desc_ruta_ori,desc_loc,desc_dpto,desc_tipo_calzada,desc_tipo_banquina,desc_unidad_regional,desc_lugar_calzada,desc_zona,desc_prioridad,desc_estado_semaforo,desc_lugar_via,desc_estado_via,desc_estado_visibilidad,desc_luminosidad,desc_estado_clima,desc_tipo_colision,desc_tipo_atropello,desc_tipo_hecho,desc_pres_calzada,desc_senializacion,desc_separacion_via,desc_restriccion,forma_geocod,calle_lista,numero_calles,calles_osm,lat,lon,index_right,gid,fna,gna,nam,in1,fdc,sag
2015,7820,2015-09-11,Viernes,0.0,12:30:00,,0.0,2,"Pickup/Utilitario,Taxi/Remis",Bv. Avellaneda Y Albert Sabin,4,2,0,0,1,0,1,,Calle,,ROSARIO,Rosario,Asfalto,S/D,II,Dentro,Urbana,S/D,S/D,Intersección,S/D,S/D,Diurna,S/D,S/D,S/D,Colisión,S/D,S/D,S/D,S/D,POINT (-60.67658666 -32.928876499999994),"['Avellaneda', 'Avenida Travesía Albert Sabin']",2,Bulevar Nicolás Avellaneda; Avenida Travesía Albert Sabin,-32.928876499999994,-60.67658666,55.0,538.0,Municipio Rosario,Municipio,Rosario,820210,Servicio de Catastro e Información Territorial,IGN
2015,7822,2015-09-18,Viernes,0.0,14:00:00,,0.0,2,"Bicicleta,Automóvil",Av. Luis Carballo Y Rawson Bis,2,1,0,0,1,0,0,,Calle,,ROSARIO,Rosario,Asfalto,S/D,II,Dentro,Urbana,S/D,S/D,Intersección,S/D,S/D,Diurna,S/D,S/D,S/D,Atropello,S/D,S/D,S/D,S/D,POINT (-60.66940076666666 -32.92182163333333),"['Avenida Doctor Luis Cándido Carballo', 'Rawson']",2,Avenida Doctor Luis Cándido Carballo; Rawson,-32.92182163333333,-60.66940076666666,55.0,538.0,Municipio Rosario,Municipio,Rosario,820210,Servicio de Catastro e Información Territorial,IGN
2015,7823,2015-09-12,Sabado,0.0,17:30:00,,0.0,2,"Moto/Ciclomotor,Taxi/Remis",Av. Luis Carballo Y Bv. Avellaneda,2,1,0,0,1,0,0,,Calle,,ROSARIO,Rosario,Asfalto,S/D,II,Dentro,Urbana,S/D,S/D,Intersección,S/D,S/D,Diurna,S/D,S/D,S/D,Colisión,S/D,S/D,S/D,S/D,POINT (-60.674817000000004 -32.9219776),"['Avenida Doctor Luis Cándido Carballo', 'Avellaneda']",2,Avenida Doctor Luis Cándido Carballo; Bulevar Nicolás Avellaneda,-32.9219776,-60.674817,55.0,538.0,Municipio Rosario,Municipio,Rosario,820210,Servicio de Catastro e Información Territorial,IGN
2015,7831,2015-09-23,Miercoles,0.0,23:00:00,,0.0,2,"Automóvil,Moto/Ciclomotor",Peru Y Zuviria,2,2,0,0,0,0,0,,Calle,,ROSARIO,Rosario,Asfalto,No existe,II,Dentro,Urbana,Ninguna,No existe,Intersección,Bueno,Buena,Nocturna,Buen Tiempo,Lateral,S/D,Colisión,Ninguna,Horizontal,Ninguna,Sin restricción,POINT (-60.711564 -32.936923900000004),"['Peru', 'Zuviría']",2,Perú; Juez José María Zuviría,-32.936923900000004,-60.711564,55.0,538.0,Municipio Rosario,Municipio,Rosario,820210,Servicio de Catastro e Información Territorial,IGN
2015,7836,2015-09-25,Viernes,0.0,08:00:00,,0.0,2,"Automóvil,Moto/Ciclomotor",J.J.Paso Y Nicaragua,2,1,0,0,1,0,0,,Avenida,,ROSARIO,Rosario,Asfalto,No existe,II,S/D,Urbana,S/D,No existe,Intersección,Bueno,S/D,Diurna,S/D,S/D,S/D,S/D,S/D,S/D,Barrera de hormigón,S/D,POINT (-60.721380025 -32.9204958),"['Paso', 'Nicaragua']",2,Avenida Juan José Paso; Nicaragua,-32.9204958,-60.721380025,55.0,538.0,Municipio Rosario,Municipio,Rosario,820210,Servicio de Catastro e Información Territorial,IGN
2015,7838,2015-09-12,Sabado,0.0,21:30:00,,0.0,2,"Automóvil,Moto/Ciclomotor",Av. Sorrento Y Av. Provincias Unidas,2,0,1,0,1,0,0,,Avenida,,ROSARIO,Rosario,Asfalto,S/D,II,S/D,Urbana,Señal Pare,S/D,Intersección,Bueno,Buena,Con luz artificial,S/D,S/D,S/D,Colisión,S/D,S/D,S/D,S/D,POINT (-60.714102249999996 -32.9083328),"['Sorrento', 'Avenida Provincias Unidas']",2,Avenida Sorrento; Avenida Provincias Unidas,-32.9083328,-60.71410225,55.0,538.0,Municipio Rosario,Municipio,Rosario,820210,Servicio de Catastro e Información Territorial,IGN
2015,7840,2015-09-13,Domingo,0.0,,,0.0,1,Automóvil,PJE 1435 1400,4,1,0,0,0,0,3,,Avenida,,ROSARIO,Rosario,Asfalto,S/D,II,Dentro,Urbana,Marca Vial,S/D,Recta,Bueno,Buena,"Diurna,Con luz artificial",S/D,S/D,S/D,S/D,S/D,S/D,Línea divisoria pintada,Sin restricción,"-32.9283834, -60.7041512",['Pasaje 1435 1400'],1,Pasaje 1435 1400,-32.9283834,-60.7041512,55.0,538.0,Municipio Rosario,Municipio,Rosario,820210,Servicio de Catastro e Información Territorial,IGN
2015,7841,2015-09-13,Domingo,0.0,18:00:00,,0.0,2,"Moto/Ciclomotor,Moto/Ciclomotor",Jose Ingenieros Y Olavarria Bis,2,1,0,0,1,0,0,,Calle,,ROSARIO,Rosario,Asfalto,No existe,II,S/D,Urbana,Ninguna,No existe,Intersección,Bueno,Buena,Diurna,S/D,S/D,S/D,Colisión,S/D,S/D,Ninguna,Sin restricción,POINT (-60.7044969 -32.916839),"['José Ingenieros', 'Olavarría']",2,José Ingenieros; Olavarría,-32.916839,-60.7044969,55.0,538.0,Municipio Rosario,Municipio,Rosario,820210,Servicio de Catastro e Información Territorial,IGN
2015,7842,2015-09-06,Domingo,0.0,05:50:00,,0.0,2,"Moto/Ciclomotor,Automóvil",Santa Fe Y Callao,2,1,0,0,1,0,0,,Calle,,ROSARIO,Rosario,Asfalto,No existe,II,S/D,Urbana,Semáforo,Funciona,Recta,Otro,Buena,Diurna,Buen Tiempo,Otro,S/D,Colisión,Otro,Vertical,Ninguna,Sin restricción,POINT (-60.6597746 -32.94115649999999),"['Santa Fe', 'Callao']",2,Santa Fe; Callao,-32.94115649999999,-60.6597746,55.0,538.0,Municipio Rosario,Municipio,Rosario,820210,Servicio de Catastro e Información Territorial,IGN
2015,7843,2015-09-12,Sabado,0.0,09:40:00,,0.0,2,"Pickup/Utilitario,Automóvil",Santa Fe Y San Nicolas,2,1,0,0,1,0,0,,Calle,,ROSARIO,Rosario,Asfalto,No existe,II,S/D,Urbana,Semáforo,S/D,Recta,S/D,Buena,Diurna,Buen Tiempo,Otro,S/D,Colisión,Otro,Vertical,S/D,Sin restricción,POINT (-60.6719792 -32.93897129999999),"['Santa Fe', 'San Nicolás']",2,Santa Fe; San Nicolás,-32.93897129999999,-60.6719792,55.0,538.0,Municipio Rosario,Municipio,Rosario,820210,Servicio de Catastro e Información Territorial,IGN
2015,7844,2015-09-16,Miercoles,0.0,15:30:00,,0.0,2,"Automóvil,Automóvil",Salta Y Av. Ovidio Lagos,2,1,0,0,1,0,0,,Calle,,ROSARIO,Rosario,Asfalto,No existe,II,S/D,Urbana,Semáforo,Funciona,Recta,Bueno,Buena,Diurna,Buen Tiempo,Otro,S/D,Colisión,Otro,Vertical,Ninguna,Sin restricción,POINT (-60.6597135 -32.93528760000001),"['Salta', 'Avenida Ovidio Lagos']",2,Salta; Avenida Ovidio Lagos,-32.93528760000001,-60.6597135,55.0,538.0,Municipio Rosario,Municipio,Rosario,820210,Servicio de Catastro e Información Territorial,IGN
2015,7845,2015-09-19,Sabado,0.0,12:15:00,,0.0,2,"Taxi/Remis,Automóvil",Urquiza Y Pueyrredon,2,1,0,0,1,0,0,,Calle,,ROSARIO,Rosario,Asfalto,No existe,II,S/D,Urbana,Ninguna,No existe,Recta,Otro,Buena,Diurna,Buen Tiempo,Otro,S/D,Colisión,Otro,Faltante,Ninguna,Sin restricción,POINT (-60.6564923 -32.9395203),"['Urquiza', 'Pueyrredón']",2,Justo José de Urquiza; Pueyrredón,-32.9395203,-60.6564923,55.0,538.0,Municipio Rosario,Municipio,Rosario,820210,Servicio de Catastro e Información Territorial,IGN
2015,7846,2015-09-21,Lunes,0.0,18:00:00,,0.0,2,"Moto/Ciclomotor,Automóvil",Tucuman Y Iriondo,3,1,0,0,2,0,0,,Calle,,ROSARIO,Rosario,Asfalto,No existe,II,S/D,Urbana,Ninguna,No existe,Recta,Bueno,Buena,Diurna,Buen Tiempo,Otro,S/D,Colisión,Otro,Faltante,Ninguna,Sin restricción,POINT (-60.6684472 -32.9361566),"['Tucumán', 'Iriondo']",2,Tucumán; Iriondo,-32.9361566,-60.6684472,55.0,538.0,Municipio Rosario,Municipio,Rosario,820210,Servicio de Catastro e Información Territorial,IGN
2015,7847,2015-09-23,Miercoles,0.0,08:45:00,,0.0,2,"Moto/Ciclomotor,Automóvil",Santiago 300,2,1,0,0,1,0,0,,Calle,,ROSARIO,Rosario,S/D,No existe,II,S/D,Urbana,Ninguna,No existe,Recta,S/D,Buena,Diurna,Buen Tiempo,Otro,S/D,Colisión,Otro,Faltante,Ninguna,Sin restricción,"-32.9372592, -60.6545613",['Santiago 300'],1,Santiago 300,-32.9372592,-60.6545613,55.0,538.0,Municipio Rosario,Municipio,Rosario,820210,Servicio de Catastro e Información Territorial,IGN
2015,7848,2015-09-28,Lunes,0.0,18:30:00,,0.0,2,"Taxi/Remis,Moto/Ciclomotor",Crespo Y San Lorenzo,2,1,0,0,1,0,0,,Calle,,ROSARIO,Rosario,S/D,No existe,II,S/D,Urbana,Ninguna,No existe,Recta,Otro,Buena,Diurna,Buen Tiempo,Otro,S/D,Colisión,Otro,Faltante,Ninguna,Sin restricción,POINT (-60.66769409999999 -32.938742999999995),"['Crespo', 'San Lorenzo']",2,Crespo; San Lorenzo,-32.938742999999995,-60.66769409999999,55.0,538.0,Municipio Rosario,Municipio,Rosario,820210,Servicio de Catastro e Información Territorial,IGN
2015,7849,2015-09-29,Martes,0.0,17:25:00,,0.0,2,"Moto/Ciclomotor,Automóvil",Vera Mujica Y Tucuman,2,1,0,0,1,0,0,,Calle,,ROSARIO,Rosario,S/D,No existe,II,S/D,Urbana,Ninguna,No existe,Recta,S/D,Buena,Diurna,Buen Tiempo,Múltiple,S/D,Colisión,Otro,Faltante,Ninguna,Sin restricción,POINT (-60.66572680000001 -32.936646399999994),"['Vera Mujíca', 'Tucumán']",2,Vera Mujíca; Tucumán,-32.936646399999994,-60.66572680000001,55.0,538.0,Municipio Rosario,Municipio,Rosario,820210,Servicio de Catastro e Información Territorial,IGN
2015,7850,2015-09-29,Martes,0.0,17:20:00,,0.0,2,"Automóvil,Moto/Ciclomotor",Vera Mujica Y Jujuy,2,1,0,0,0,0,1,,Calle,,ROSARIO,Rosario,Asfalto,No existe,II,Dentro,Urbana,Ninguna,No existe,Recta,Bueno,Buena,Diurna,Buen Tiempo,Otro,S/D,Colisión,S/D,Faltante,Ninguna,Sin restricción,POINT (-60.664834400000004 -32.9331183),"['Vera Mujíca', 'Jujuy']",2,Vera Mujíca; Jujuy,-32.9331183,-60.6648344,55.0,538.0,Municipio Rosario,Municipio,Rosario,820210,Servicio de Catastro e Información Territorial,IGN
2015,7851,2015-09-01,Martes,0.0,,,0.0,2,"Automóvil,Moto/Ciclomotor",Av. Provincias Unidas Y Garay,3,1,0,0,2,0,0,,Avenida,,ROSARIO,Rosario,Asfalto,Pavimento,II,Dentro,Urbana,Ninguna,No existe,Recta,Bueno,Buena,Diurna,S/D,Lateral,S/D,Colisión,S/D,Faltante,Barrera de hormigón,Sin restricción,POINT (-60.71154395000001 -32.96631855),"['Avenida Provincias Unidas', 'Garay']",2,Avenida Provincias Unidas; Juan de Garay,-32.96631855,-60.71154395000001,55.0,538.0,Municipio Rosario,Municipio,Rosario,820210,Servicio de Catastro e Información Territorial,IGN
2015,7858,2015-09-09,Miercoles,0.0,18:30:00,,0.0,2,"Automóvil,Peatón",Av. Provincias Unidas Y Bv. 27 De Febrero,2,1,0,0,1,0,0,,Avenida,,ROSARIO,Rosario,Asfalto,Pavimento,II,S/D,Urbana,Semáforo,Funciona,Recta,Bueno,Buena,Atardecer,Buen Tiempo,Otro,S/D,Atropello,S/D,S/D,Barrera de hormigón,Sin restricción,POINT (-60.711817525 -32.959359825),"['Avenida Provincias Unidas', '27 de Febrero']",2,Avenida Provincias Unidas; Bulevar 27 de Febrero,-32.959359825,-60.711817525,55.0,538.0,Municipio Rosario,Municipio,Rosario,820210,Servicio de Catastro e Información Territorial,IGN
2015,7860,2015-09-12,Sabado,0.0,07:23:00,,0.0,2,"Automóvil,Moto/Ciclomotor",Av. Provincias Unidas Y Rivarola,2,1,0,0,1,0,0,,Avenida,,ROSARIO,Rosario,Asfalto,Pavimento,II,Dentro,Urbana,Ninguna,Funciona,Recta,Bueno,Buena,Diurna,Buen Tiempo,Frontal,S/D,Colisión,S/D,Faltante,Barrera de hormigón,Sin restricción,POINT (-60.71157050000001 -32.965788749999994),"['Avenida Provincias Unidas', 'Rivarola']",2,Avenida Provincias Unidas; Avenida Doctor Rivarola,-32.965788749999994,-60.71157050000001,55.0,538.0,Municipio Rosario,Municipio,Rosario,820210,Servicio de Catastro e Información Territorial,IGN
2015,7861,2015-09-10,Jueves,0.0,17:15:00,,0.0,2,"Moto/Ciclomotor,Moto/Ciclomotor",Ecuador Y Bv. 27 De Febrero,2,2,0,0,0,0,0,,Calle,,ROSARIO,Rosario,Asfalto,No existe,II,Dentro,Urbana,Ninguna,No existe,Recta,Deteriorada,Buena,Diurna,Buen Tiempo,Frontal,S/D,Colisión,S/D,Faltante,Ninguna,Sin restricción,POINT (-60.7141912 -32.959422700000005),"['Ecuador', '27 de Febrero']",2,Ecuador; Bulevar 27 de Febrero,-32.959422700000005,-60.7141912,55.0,538.0,Municipio Rosario,Municipio,Rosario,820210,Servicio de Catastro e Información Territorial,IGN
2015,7863,2015-09-12,Sabado,0.0,23:00:00,,0.0,2,"Taxi/Remis,Automóvil",Av. Provincias Unidas Y Rivarola,2,1,0,0,1,0,0,,Calle,,ROSARIO,Rosario,Asfalto,Pavimento,II,Dentro,Urbana,Semáforo,Funciona,Recta,Bueno,Buena,"Nocturna,Con luz artificial",Buen Tiempo,Frontal,S/D,Colisión,S/D,S/D,Barrera de hormigón,Sin restricción,POINT (-60.71157050000001 -32.965788749999994),"['Avenida Provincias Unidas', 'Rivarola']",2,Avenida Provincias Unidas; Avenida Doctor Rivarola,-32.965788749999994,-60.71157050000001,55.0,538.0,Municipio Rosario,Municipio,Rosario,820210,Servicio de Catastro e Información Territorial,IGN
2015,7864,2015-10-07,Miercoles,0.0,01:00:00,,0.0,2,"Taxi/Remis,Automóvil",España Y Ituzaingo,3,2,0,0,1,0,0,,Calle,,ROSARIO,Rosario,Asfalto,S/D,II,Dentro,Urbana,S/D,S/D,Intersección,Bueno,Buena,"Nocturna,Con luz artificial",Buen Tiempo,Lateral,S/D,Colisión,S/D,S/D,S/D,S/D,POINT (-60.65008399999999 -32.95924599999999),"['España', 'Ituzaingó']",2,España; Ituzaingó,-32.95924599999999,-60.65008399999999,55.0,538.0,Municipio Rosario,Municipio,Rosario,820210,Servicio de Catastro e Información Territorial,IGN
2015,7866,2015-10-06,Martes,0.0,22:40:00,,0.0,2,"Moto/Ciclomotor,Taxi/Remis",Ocampo Y Mitre,2,1,0,0,1,0,0,,Calle,,ROSARIO,Rosario,Asfalto,S/D,II,Dentro,Urbana,S/D,S/D,Intersección,Bueno,Buena,"Nocturna,Con luz artificial",Buen Tiempo,Lateral,S/D,Colisión,S/D,S/D,S/D,S/D,POINT (-60.6445716 -32.96621689999999),"['Ocampo', 'Mitre']",2,Ocampo; Bartolomé Mitre,-32.96621689999999,-60.6445716,55.0,538.0,Municipio Rosario,Municipio,Rosario,820210,Servicio de Catastro e Información Territorial,IGN
2015,7867,2015-10-06,Martes,0.0,21:00:00,,0.0,2,"Moto/Ciclomotor,Automóvil",Pte.Roca Y Cerrito,2,1,0,0,1,0,0,,Calle,,ROSARIO,Rosario,Asfalto,S/D,II,Dentro,Urbana,S/D,No existe,Intersección,Bueno,Buena,"Nocturna,Con luz artificial",Buen Tiempo,Lateral,S/D,Colisión,S/D,S/D,Ninguna,S/D,POINT (-60.64898230000001 -32.96062199999999),"['Roca', 'Cerrito']",2,Presidente Roca; Cerrito,-32.96062199999999,-60.64898230000001,55.0,538.0,Municipio Rosario,Municipio,Rosario,820210,Servicio de Catastro e Información Territorial,IGN
2015,7868,2015-10-05,Lunes,0.0,08:40:00,,0.0,2,"Moto/Ciclomotor,Automóvil",Bv. 27 De Febrero Y Pte.Roca,2,1,0,0,1,0,0,,Calle,,ROSARIO,Rosario,Asfalto,S/D,II,S/D,S/D,Semáforo,Funciona,Intersección,Bueno,Buena,Diurna,Buen Tiempo,Lateral,S/D,Colisión,S/D,Vertical,Cordón divisorio,S/D,POINT (-60.65043195 -32.966353399999996),"['27 de Febrero', 'Roca']",2,Bulevar 27 de Febrero; Presidente Roca,-32.9663534,-60.65043195,55.0,538.0,Municipio Rosario,Municipio,Rosario,820210,Servicio de Catastro e Información Territorial,IGN
2015,7870,2015-10-02,Viernes,0.0,,,0.0,2,"Moto/Ciclomotor,Automóvil",Av. Corrientes Y Ocampo,2,1,0,0,1,0,0,,Calle,,ROSARIO,Rosario,Asfalto,S/D,II,Dentro,Urbana,S/D,S/D,Intersección,Bueno,S/D,S/D,Buen Tiempo,Lateral,S/D,Colisión,S/D,S/D,S/D,S/D,POINT (-60.647380000000005 -32.96571769999999),"['Corrientes', 'Ocampo']",2,Corrientes; Ocampo,-32.96571769999999,-60.647380000000005,55.0,538.0,Municipio Rosario,Municipio,Rosario,820210,Servicio de Catastro e Información Territorial,IGN
2015,7871,2015-10-25,Domingo,0.0,14:05:00,,0.0,1,Automóvil,La Paz Y J.M.de Rosas,3,1,0,0,2,0,0,,Calle,,ROSARIO,Rosario,Asfalto,No existe,II,Dentro,Urbana,Ninguna,No existe,Intersección,Bueno,Buena,Diurna,Buen Tiempo,Contra objeto fijo,S/D,Colisión,Ninguna,Faltante,Ninguna,Sin restricción,POINT (-60.63572580000001 -32.9653969),"['La Paz', 'De Rosas']",2,La Paz; Juan Manuel de Rosas,-32.9653969,-60.63572580000001,55.0,538.0,Municipio Rosario,Municipio,Rosario,820210,Servicio de Catastro e Información Territorial,IGN
2015,7872,2015-10-26,Lunes,0.0,22:25:00,,0.0,2,"Bicicleta,Transporte de Pasajeros Urbano (> 8 asientos)",Cerrito Y Esmeralda,2,1,0,0,1,0,0,,Calle,,ROSARIO,Rosario,Asfalto,No existe,II,Dentro,Urbana,Ninguna,No existe,Recta,Bueno,Buena,Diurna,Buen Tiempo,Otro,S/D,Atropello,Ninguna,Faltante,Cordón divisorio,Sin restricción,POINT (-60.62529899999999 -32.9648721),"['Cerrito', 'Esmeralda']",2,Cerrito; Esmeralda,-32.9648721,-60.62529899999999,55.0,538.0,Municipio Rosario,Municipio,Rosario,820210,Servicio de Catastro e Información Territorial,IGN
2015,7873,2015-10-25,Domingo,0.0,01:40:00,,0.0,2,"Moto/Ciclomotor,Ambulancia",Pasco Y Necochea,3,2,0,0,1,0,0,,Calle,,ROSARIO,Rosario,Asfalto,No existe,II,Dentro,Urbana,Ninguna,No existe,Intersección,Bueno,Buena,"Nocturna,Con luz artificial",Buen Tiempo,De alcance,S/D,Colisión,Ninguna,Vertical,Ninguna,Sin restricción,POINT (-60.6274676 -32.9620944),"['Pasco', 'Necochea']",2,Pasco; Necochea,-32.9620944,-60.6274676,55.0,538.0,Municipio Rosario,Municipio,Rosario,820210,Servicio de Catastro e Información Territorial,IGN
2015,7880,2015-10-06,Martes,0.0,08:45:00,,0.0,2,"Moto/Ciclomotor,Automóvil",Av. Dr.Lassaga ,2,1,0,0,1,0,0,,Avenida,,ROSARIO,Rosario,Asfalto,S/D,II,Dentro,Urbana,S/D,S/D,Intersección,Bueno,Buena,Diurna,Buen Tiempo,Lateral,S/D,Colisión,S/D,S/D,S/D,S/D,"-32.9208601, -60.7356049",['Lassaga'],1,Lassaga,-32.9208601,-60.7356049,55.0,538.0,Municipio Rosario,Municipio,Rosario,820210,Servicio de Catastro e Información Territorial,IGN
2015,7882,2015-10-22,Jueves,0.0,10:00:00,,0.0,3,"Automóvil,Automóvil,Automóvil",Av. Pellegrini 1800,6,6,0,0,0,0,0,,Calle,,ROSARIO,Rosario,S/D,S/D,II,Dentro,Urbana,Semáforo,Funciona,Recta,Bueno,Buena,Diurna,Buen Tiempo,Múltiple,S/D,Colisión,S/D,Vertical,Cordón divisorio,Sin restricción,"-32.9554744, -60.6504813",['Pellegrini 1800'],1,Pellegrini 1800,-32.9554744,-60.6504813,55.0,538.0,Municipio Rosario,Municipio,Rosario,820210,Servicio de Catastro e Información Territorial,IGN
2015,7889,2015-10-21,Miercoles,0.0,16:20:00,,0.0,2,"Automóvil,Moto/Ciclomotor",Cochabamba Y Av. Corrientes,2,1,0,0,1,0,0,,Calle,,ROSARIO,Rosario,Asfalto,No existe,II,Dentro,Urbana,Ninguna,No existe,Intersección,Bueno,Buena,Diurna,Buen Tiempo,De alcance,S/D,Colisión,S/D,Faltante,Ninguna,Sin restricción,POINT (-60.6453441 -32.9576917),"['Cochabamba', 'Corrientes']",2,Cochabamba; Corrientes,-32.9576917,-60.6453441,55.0,538.0,Municipio Rosario,Municipio,Rosario,820210,Servicio de Catastro e Información Territorial,IGN
2015,7891,2015-10-19,Lunes,0.0,18:20:00,,0.0,2,"Moto/Ciclomotor,Automóvil",San Martin Y Amenabar,2,1,0,0,1,0,0,,Calle,,ROSARIO,Rosario,Asfalto,S/D,II,Dentro,Urbana,Semáforo,Funciona,Intersección,Bueno,Buena,Diurna,Buen Tiempo,Lateral,S/D,Colisión,S/D,Vertical,S/D,S/D,POINT (-60.6431535 -32.972471699999986),"['San Martin', 'Amenabar']",2,"('José de San Martín', 'José de Amenábar')",-32.972471699999986,-60.6431535,55.0,538.0,Municipio Rosario,Municipio,Rosario,820210,Servicio de Catastro e Información Territorial,IGN
2015,7893,2015-10-19,Lunes,0.0,14:00:00,,0.0,2,"Automóvil,Automóvil",Bv. Oroño Y Cochabamba,3,2,0,0,1,0,0,,Calle,,ROSARIO,Rosario,Asfalto,No existe,II,Dentro,Urbana,Ninguna,No existe,Intersección,Bueno,Buena,Diurna,Buen Tiempo,De alcance,S/D,Colisión,S/D,Faltante,Ninguna,Sin restricción,POINT (-60.656339 -32.9556154),"['Bulevar Nicasio Oroño', 'Cochabamba']",2,Bulevar Nicasio Oroño; Cochabamba,-32.9556154,-60.656339,55.0,538.0,Municipio Rosario,Municipio,Rosario,820210,Servicio de Catastro e Información Territorial,IGN
2015,7894,2015-10-14,Miercoles,0.0,18:30:00,,0.0,2,"Moto/Ciclomotor,Automóvil",Buenos Aires Y Reg.11 de Infanteria,2,1,0,0,1,0,0,,Calle,,ROSARIO,Rosario,Asfalto,No existe,II,Dentro,Urbana,Ninguna,No existe,Intersección,Bueno,Buena,Diurna,Buen Tiempo,Lateral,S/D,Colisión,S/D,S/D,Ninguna,Sin restricción,POINT (-60.64509290000001 -32.99870039999999),"['Buenos Aires', 'Regimiento 11']",2,Buenos Aires; Regimiento 11,-32.99870039999999,-60.64509290000001,55.0,538.0,Municipio Rosario,Municipio,Rosario,820210,Servicio de Catastro e Información Territorial,IGN
2015,7896,2015-10-17,Sabado,0.0,13:00:00,,0.0,2,"Automóvil,Peatón",Cochabamba Y Bv. Oroño,2,1,0,0,1,0,0,,Calle,,ROSARIO,Rosario,Asfalto,No existe,II,Dentro,Urbana,Ninguna,No existe,Recta,Bueno,Buena,Diurna,Buen Tiempo,De alcance,S/D,Atropello,S/D,Faltante,Ninguna,Sin restricción,POINT (-60.656339 -32.9556154),"['Cochabamba', 'Bulevar Nicasio Oroño']",2,Cochabamba; Bulevar Nicasio Oroño,-32.9556154,-60.656339,55.0,538.0,Municipio Rosario,Municipio,Rosario,820210,Servicio de Catastro e Información Territorial,IGN
2015,7897,2015-10-20,Martes,0.0,07:10:00,,0.0,2,"Moto/Ciclomotor,Moto/Ciclomotor",Anchorena Y Buenos Aires,3,2,0,0,1,0,0,,Calle,,ROSARIO,Rosario,Asfalto,No existe,II,Dentro,Urbana,Ninguna,No existe,Intersección,Bueno,Buena,Amanecer,Buen Tiempo,Lateral,S/D,Colisión,S/D,S/D,Ninguna,Sin restricción,POINT (-60.64514079999999 -32.99767690000001),"['Anchorena', 'Buenos Aires']",2,Tomás de Anchorena; Buenos Aires,-32.99767690000001,-60.64514079999999,55.0,538.0,Municipio Rosario,Municipio,Rosario,820210,Servicio de Catastro e Información Territorial,IGN
2015,7899,2015-10-10,Sabado,0.0,19:40:00,,0.0,2,"Moto/Ciclomotor,Pickup/Utilitario",Ayacucho Y J.M.Gutierrez,4,3,0,0,1,0,0,,Calle,,ROSARIO,Rosario,Asfalto,No existe,II,Dentro,Urbana,Ninguna,No existe,Intersección,Bueno,Buena,Atardecer,Buen Tiempo,Lateral,S/D,Colisión,S/D,S/D,Línea divisoria pintada,Sin restricción,POINT (-60.6367712 -32.99364169999999),"['Ayacucho', 'Gutierrez']",2,Ayacucho; Ricardo Gutierrez,-32.99364169999999,-60.6367712,55.0,538.0,Municipio Rosario,Municipio,Rosario,820210,Servicio de Catastro e Información Territorial,IGN
2015,7900,2015-09-29,Martes,0.0,08:30:00,,0.0,2,"Moto/Ciclomotor,Automóvil",Baigorria 2100,2,1,0,0,1,0,0,,Calle,,ROSARIO,Rosario,Asfalto,No existe,II,S/D,Urbana,Ninguna,No existe,Recta,Bueno,Buena,Diurna,Buen Tiempo,Lateral,S/D,Colisión,Otro,Faltante,Ninguna,Sin restricción,"-32.8936196, -60.7106712",['Baigorria 2100'],1,Baigorria 2100,-32.8936196,-60.7106712,55.0,538.0,Municipio Rosario,Municipio,Rosario,820210,Servicio de Catastro e Información Territorial,IGN
2015,7901,2015-10-20,Martes,0.0,16:45:00,,0.0,2,"Moto/Ciclomotor,Transporte de Pasajeros Urbano (> 8 asientos)",Av. Uriburu Y Ayacucho,2,1,0,0,1,0,0,,Avenida,,ROSARIO,Rosario,Asfalto,No existe,II,Dentro,Urbana,Semáforo,Funciona,Intersección,Bueno,Buena,Diurna,S/D,Lateral,S/D,Colisión,S/D,S/D,"Cordón divisorio,Línea divisoria pintada",Sin restricción,POINT (-60.63691935000001 -32.990357849999995),"['Uriburu', 'Ayacucho']",2,Avenida José Uriburu; Ayacucho,-32.990357849999995,-60.63691935000001,55.0,538.0,Municipio Rosario,Municipio,Rosario,820210,Servicio de Catastro e Información Territorial,IGN
2015,7903,2015-10-15,Jueves,0.0,18:40:00,,0.0,2,"Moto/Ciclomotor,Automóvil",Viamonte Y España,3,1,0,0,2,0,0,,Calle,,ROSARIO,Rosario,Asfalto,S/D,II,Dentro,Urbana,S/D,S/D,Intersección,Bueno,Buena,Diurna,Buen Tiempo,Lateral,S/D,Colisión,S/D,S/D,S/D,S/D,POINT (-60.651243300000004 -32.9638718),"['Viamonte', 'España']",2,Viamonte; España,-32.9638718,-60.6512433,55.0,538.0,Municipio Rosario,Municipio,Rosario,820210,Servicio de Catastro e Información Territorial,IGN