anio_acci,nro_acci,fecha,desc_dia,fecha_aprox,hora_aprox,desc_ruta,km,cant_participantes,desc_participante,calle_avenida_km,total,heridos_leves,heridos_graves,heridos_gravisimos,ilesos,fallecidos,sin_datos,posicion_XY,desc_tipo_via,desc_ruta_ori,desc_loc,desc_dpto,desc_tipo_calzada,desc_tipo_banquina,desc_unidad_regional,desc_lugar_calzada,desc_zona,desc_prioridad,desc_estado_semaforo,desc_lugar_via,desc_estado_via,desc_estado_visibilidad,desc_luminosidad,desc_estado_clima,desc_tipo_colision,desc_tipo_atropello,desc_tipo_hecho,desc_pres_calzada,desc_senializacion,desc_separacion_via,desc_restriccion,forma_geocod,calle_lista,numero_calles,calles_osm,lat,lon,index_right,gid,fna,gna,nam,in1,fdc,sag
2015,7904,2015-09-28,Lunes,1.0,,,0.0,2,"Otros,Otros",Roullon Y Neuquen,2,0,0,0,0,0,2,,S/D,,ROSARIO,Rosario,Asfalto,No existe,II,S/D,S/D,Ninguna,No existe,Intersección,Bueno,Buena,Diurna,Buen Tiempo,Lateral,S/D,Colisión,Otro,Horizontal,Ninguna,Sin restricción,POINT (-60.70209080000001 -32.944320700000006),"['Alfredo Rouillón', 'Neuquen']",2,Alfredo Rouillón; Neuquén,-32.944320700000006,-60.70209080000001,55.0,538.0,Municipio Rosario,Municipio,Rosario,820210,Servicio de Catastro e Información Territorial,IGN
2015,7905,2015-10-13,Martes,0.0,15:00:00,,0.0,2,"Moto/Ciclomotor,Pickup/Utilitario",Italia Y Pasco,2,1,0,0,1,0,0,,Calle,,ROSARIO,Rosario,Asfalto,No existe,II,Dentro,Urbana,Ninguna,No existe,Intersección,Bueno,Buena,Diurna,Buen Tiempo,De alcance,S/D,Colisión,S/D,Faltante,Ninguna,Sin restricción,POINT (-60.6511878 -32.9578258),"['Italia', 'Pasco']",2,Italia; Pasco,-32.9578258,-60.6511878,55.0,538.0,Municipio Rosario,Municipio,Rosario,820210,Servicio de Catastro e Información Territorial,IGN
2015,7906,2015-10-08,Jueves,0.0,23:05:00,,0.0,2,"Automóvil,Automóvil",Av. Uriburu Y Pje. Hipocrates,2,2,0,0,0,0,0,,Avenida,,ROSARIO,Rosario,Asfalto,No existe,II,Dentro,Urbana,Ninguna,No existe,Intersección,Bueno,Buena,Nocturna,S/D,Lateral,S/D,Colisión,Agua,S/D,Ninguna,Sin restricción,POINT (-60.63290020000001 -32.990224000000005),"['Uriburu', 'Hipócrates']",2,Avenida José Uriburu; Hipócrates,-32.990224000000005,-60.63290020000001,55.0,538.0,Municipio Rosario,Municipio,Rosario,820210,Servicio de Catastro e Información Territorial,IGN
2015,7907,2015-10-10,Sabado,0.0,11:20:00,,0.0,2,"Automóvil,Automóvil",Riobamba Y Mitre,4,1,0,0,3,0,0,,Calle,,ROSARIO,Rosario,Asfalto,S/D,II,Dentro,Urbana,S/D,S/D,Intersección,Bueno,Buena,Diurna,Buen Tiempo,Lateral,S/D,Colisión,S/D,S/D,S/D,S/D,POINT (-60.6437275 -32.96278260000001),"['Riobamba', 'Mitre']",2,Riobamba; Bartolomé Mitre,-32.96278260000001,-60.6437275,55.0,538.0,Municipio Rosario,Municipio,Rosario,820210,Servicio de Catastro e Información Territorial,IGN
2015,7909,2015-10-11,Domingo,0.0,07:45:00,,0.0,2,"Automóvil,Automóvil",Viamonte Y Entre Rios,4,1,0,0,3,0,0,,Calle,,ROSARIO,Rosario,Asfalto,S/D,II,Dentro,Urbana,S/D,S/D,Intersección,Bueno,Buena,Diurna,Buen Tiempo,Lateral,S/D,Colisión,S/D,S/D,S/D,S/D,POINT (-60.64570270000001 -32.9648555),"['Viamonte', 'Entre Ríos']",2,Viamonte; Entre Ríos,-32.9648555,-60.64570270000001,55.0,538.0,Municipio Rosario,Municipio,Rosario,820210,Servicio de Catastro e Información Territorial,IGN
2015,7910,2015-01-09,Viernes,0.0,13:20:00,,0.0,2,"Automóvil,Pickup/Utilitario",Pte.Roca Y Virasoro,4,1,0,0,3,0,0,,Calle,,ROSARIO,Rosario,Asfalto,S/D,II,Dentro,Urbana,S/D,No existe,Intersección,Bueno,Buena,Diurna,Buen Tiempo,Lateral,S/D,Colisión,S/D,S/D,S/D,S/D,POINT (-60.6510234 -32.9686915),"['Roca', 'Virasoro']",2,Presidente Roca; Benjamín Virasoro,-32.9686915,-60.6510234,55.0,538.0,Municipio Rosario,Municipio,Rosario,820210,Servicio de Catastro e Información Territorial,IGN
2015,7913,2015-10-11,Domingo,0.0,02:50:00,,0.0,2,"Automóvil,Bicicleta",Cochabamba Y L.N.Alem,2,1,0,0,1,0,0,,Calle,,ROSARIO,Rosario,Asfalto,No existe,II,Dentro,Urbana,Otra Señal,No existe,Recta,Bueno,Buena,Nocturna,Buen Tiempo,S/D,S/D,Atropello,S/D,Horizontal,Ninguna,Sin restricción,POINT (-60.6312845 -32.96022949999999),"['Cochabamba', 'Alem']",2,Cochabamba; Leandro N. Alem,-32.96022949999999,-60.6312845,55.0,538.0,Municipio Rosario,Municipio,Rosario,820210,Servicio de Catastro e Información Territorial,IGN
2015,7915,2015-10-13,Martes,0.0,11:30:00,,0.0,2,"Automóvil,Peatón",Cerrito 738,2,1,0,0,1,0,0,,Calle,,ROSARIO,Rosario,Asfalto,No existe,II,Dentro,Urbana,Ninguna,No existe,Recta,Bueno,Buena,Diurna,Buen Tiempo,S/D,S/D,Atropello,S/D,Faltante,Ninguna,Sin restricción,"-32.96267587551021, -60.63716227551021",['Cerrito 738'],1,Cerrito 738,-32.96267587551021,-60.63716227551021,55.0,538.0,Municipio Rosario,Municipio,Rosario,820210,Servicio de Catastro e Información Territorial,IGN
2015,7916,2015-10-15,Jueves,0.0,11:50:00,,0.0,2,"Automóvil,Automóvil",Cerrito Y Laprida,3,1,0,0,2,0,0,,Calle,,ROSARIO,Rosario,Asfalto,No existe,II,Dentro,Urbana,Señal Pare,No existe,Intersección,Bueno,Buena,Diurna,Buen Tiempo,De alcance,S/D,Colisión,S/D,Horizontal,Ninguna,Sin restricción,POINT (-60.63814120000001 -32.962570299999996),"['Cerrito', 'Laprida']",2,Cerrito; Francisco Narciso Laprida,-32.9625703,-60.63814120000001,55.0,538.0,Municipio Rosario,Municipio,Rosario,820210,Servicio de Catastro e Información Territorial,IGN
2015,7917,2015-10-15,Jueves,0.0,07:00:00,,0.0,2,"Automóvil,Pickup/Utilitario",Bv. 27 De Febrero ,4,3,0,0,1,0,0,,Calle,,ROSARIO,Rosario,Asfalto,No existe,II,Dentro,Urbana,Ninguna,No existe,Intersección,Con baches,Buena,Diurna,Buen Tiempo,Lateral,S/D,Colisión,S/D,Faltante,Vegetación,Sin restricción,"-32.9612285, -60.6788841",['27 de Febrero'],1,27 de Febrero,-32.9612285,-60.6788841,55.0,538.0,Municipio Rosario,Municipio,Rosario,820210,Servicio de Catastro e Información Territorial,IGN
2015,7918,2015-10-06,Martes,0.0,18:50:00,,0.0,2,"Bicicleta,Pickup/Utilitario",Ayacucho Y Pje. 525,2,1,0,0,1,0,0,,Calle,,ROSARIO,Rosario,S/D,No existe,II,Dentro,Urbana,S/D,No existe,Intersección,S/D,Buena,Diurna,Buen Tiempo,S/D,S/D,Atropello,S/D,S/D,Línea divisoria pintada,Sin restricción,POINT (-60.6356811 -33.011254),"['Ayacucho', 'Pasaje 525']",2,Ayacucho; Pasaje 525,-33.011254,-60.6356811,55.0,538.0,Municipio Rosario,Municipio,Rosario,820210,Servicio de Catastro e Información Territorial,IGN
2015,7921,2015-10-27,Martes,0.0,14:15:00,,0.0,2,"Moto/Ciclomotor,Automóvil",Bv. Oroño Y Cochabamba,2,1,0,0,1,0,0,,Avenida,,ROSARIO,Rosario,Asfalto,S/D,II,Dentro,Urbana,Señal Ceda el Paso,S/D,Intersección,Bueno,Buena,Diurna,Buen Tiempo,Lateral,S/D,Colisión,S/D,S/D,S/D,S/D,POINT (-60.656339 -32.9556154),"['Bulevar Nicasio Oroño', 'Cochabamba']",2,Bulevar Nicasio Oroño; Cochabamba,-32.9556154,-60.656339,55.0,538.0,Municipio Rosario,Municipio,Rosario,820210,Servicio de Catastro e Información Territorial,IGN
2015,7928,2015-10-25,Domingo,0.0,21:35:00,,0.0,2,"Automóvil,Automóvil",Ocampo Y San Martin,4,2,0,0,2,0,0,,Calle,,ROSARIO,Rosario,Asfalto,S/D,II,Dentro,Urbana,S/D,S/D,Intersección,Bueno,Buena,"Nocturna,Con luz artificial",Buen Tiempo,Lateral,S/D,Colisión,S/D,S/D,S/D,S/D,POINT (-60.641734899999996 -32.9667212),"['Ocampo', 'San Martin']",2,Ocampo; José de San Martín,-32.9667212,-60.6417349,55.0,538.0,Municipio Rosario,Municipio,Rosario,820210,Servicio de Catastro e Información Territorial,IGN
2015,7929,2015-10-25,Domingo,0.0,17:15:00,,0.0,2,"Moto/Ciclomotor,Automóvil",Galvez Y Rodriguez,2,1,0,0,1,0,0,,Calle,,ROSARIO,Rosario,Asfalto,S/D,II,S/D,Urbana,S/D,S/D,Intersección,Bueno,Buena,Diurna,Buen Tiempo,Lateral,S/D,Colisión,S/D,S/D,S/D,S/D,POINT (-60.664337100000004 -32.9651067),"['Galvez', 'Rodríguez']",2,José Gálvez; Rodríguez de Escobedo,-32.9651067,-60.6643371,55.0,538.0,Municipio Rosario,Municipio,Rosario,820210,Servicio de Catastro e Información Territorial,IGN
2015,7930,2015-10-24,Sabado,0.0,14:30:00,,0.0,2,"Moto/Ciclomotor,Pickup/Utilitario",Galvez Y Entre Rios,2,1,0,0,1,0,0,,Calle,,ROSARIO,Rosario,Asfalto,S/D,II,Dentro,Urbana,S/D,S/D,Intersección,Resbaladiza,Buena,Diurna,Lluvia,Lateral,S/D,Colisión,Agua,S/D,S/D,S/D,POINT (-60.6465702 -32.968276),"['Galvez', 'Entre Ríos']",2,José Gálvez; Entre Ríos,-32.968276,-60.6465702,55.0,538.0,Municipio Rosario,Municipio,Rosario,820210,Servicio de Catastro e Información Territorial,IGN
2015,7931,2015-10-23,Viernes,0.0,17:30:00,,0.0,2,"Automóvil,Moto/Ciclomotor",Galvez Y Mariano Moreno,3,2,0,0,1,0,0,,Calle,,ROSARIO,Rosario,Asfalto,No existe,II,Dentro,Urbana,Ninguna,No existe,Intersección,Bueno,Buena,Diurna,Buen Tiempo,De alcance,S/D,Colisión,Ninguna,Faltante,Ninguna,Sin restricción,POINT (-60.6562351 -32.96655489999999),"['Galvez', 'Mariano Moreno']",2,José Gálvez; Mariano Moreno,-32.96655489999999,-60.6562351,55.0,538.0,Municipio Rosario,Municipio,Rosario,820210,Servicio de Catastro e Información Territorial,IGN
2015,7933,2015-10-06,Martes,0.0,23:10:00,,0.0,2,"Automóvil,Moto/Ciclomotor",San Martin Y Av. Uriburu,3,1,1,0,1,0,0,,Calle,,ROSARIO,Rosario,Asfalto,No existe,II,Dentro,Urbana,Semáforo,Funciona,Intersección,Con baches,Buena,Nocturna,Buen Tiempo,Frontal,S/D,Colisión,Otro,S/D,Cordón divisorio,Sin restricción,POINT (-60.646703949999996 -32.99069289999999),"['San Martin', 'Uriburu']",2,José de San Martín; Avenida José Uriburu,-32.99069289999999,-60.64670395,55.0,538.0,Municipio Rosario,Municipio,Rosario,820210,Servicio de Catastro e Información Territorial,IGN
2015,7934,2015-10-27,Martes,0.0,17:00:00,,0.0,2,"Automóvil,Automóvil",Sarmiento Y Saavedra,7,2,0,0,5,0,0,,Calle,,ROSARIO,Rosario,Asfalto,No existe,II,Dentro,Urbana,Ninguna,No existe,Recta,Bueno,Buena,Diurna,Buen Tiempo,Frontal,S/D,Colisión,S/D,S/D,Ninguna,S/D,POINT (-60.6460939 -32.9779483),"['Sarmiento', 'Saavedra']",2,Sarmiento; Saavedra,-32.9779483,-60.6460939,55.0,538.0,Municipio Rosario,Municipio,Rosario,820210,Servicio de Catastro e Información Territorial,IGN
2015,7937,2015-10-04,Domingo,0.0,01:00:00,,0.0,2,"Moto/Ciclomotor,Taxi/Remis",Alsina Y Garay,2,1,0,0,1,0,0,,Calle,,ROSARIO,Rosario,Asfalto,No existe,II,Dentro,Urbana,Ninguna,No existe,Intersección,Bueno,Buena,Nocturna,Buen Tiempo,S/D,S/D,Colisión,S/D,Faltante,Vegetación,Sin restricción,POINT (-60.683481799999996 -32.967666900000005),"['Alsina', 'Garay']",2,Alsina; Juan de Garay,-32.967666900000005,-60.6834818,55.0,538.0,Municipio Rosario,Municipio,Rosario,820210,Servicio de Catastro e Información Territorial,IGN
2015,7938,2015-10-12,Lunes,0.0,20:30:00,,0.0,3,"Automóvil,Automóvil,Automóvil",Mariano Moreno Y Reg.11 de Infanteria,3,2,0,0,1,0,0,,Calle,,ROSARIO,Rosario,Asfalto,Pavimento,II,Dentro,Urbana,Ninguna,S/D,Intersección,Bueno,Buena,Atardecer,Buen Tiempo,Múltiple,S/D,Colisión,S/D,S/D,Ninguna,Sin restricción,POINT (-60.6621158 -32.999220400000006),"['Mariano Moreno', 'Regimiento 11']",2,Mariano Moreno; Regimiento 11,-32.999220400000006,-60.6621158,55.0,538.0,Municipio Rosario,Municipio,Rosario,820210,Servicio de Catastro e Información Territorial,IGN
2015,7940,2015-10-10,Sabado,0.0,09:00:00,,0.0,2,"Automóvil,Taxi/Remis",J.M.de Rosas Y Riobamba,2,1,0,0,1,0,0,,Calle,,ROSARIO,Rosario,Asfalto,No existe,II,Dentro,Urbana,Ninguna,No existe,Intersección,Bueno,Buena,Diurna,Buen Tiempo,"Contra objeto fijo,Lateral",S/D,Colisión,Ninguna,Faltante,Ninguna,Sin restricción,POINT (-60.635437700000004 -32.964253500000005),"['De Rosas', 'Riobamba']",2,Juan Manuel de Rosas; Riobamba,-32.964253500000005,-60.6354377,55.0,538.0,Municipio Rosario,Municipio,Rosario,820210,Servicio de Catastro e Información Territorial,IGN
2015,7945,2015-10-09,Viernes,0.0,22:30:00,,0.0,2,"Automóvil,Moto/Ciclomotor",Ituzaingo Y J.M.de Rosas,2,1,0,0,1,0,0,,Calle,,ROSARIO,Rosario,Asfalto,No existe,II,Dentro,Urbana,Señal Pare,No existe,Intersección,Bueno,Buena,Con luz artificial,Buen Tiempo,Lateral,S/D,Colisión,Ninguna,Vertical,Ninguna,Sin restricción,POINT (-60.6348588 -32.9619553),"['Ituzaingó', 'De Rosas']",2,Ituzaingó; Juan Manuel de Rosas,-32.9619553,-60.6348588,55.0,538.0,Municipio Rosario,Municipio,Rosario,820210,Servicio de Catastro e Información Territorial,IGN
2015,7957,2015-10-07,Miercoles,0.0,09:55:00,,0.0,2,"Automóvil,Automóvil",Necochea Y La Paz,2,1,0,0,1,0,0,,Calle,,ROSARIO,Rosario,Asfalto,No existe,II,Dentro,Urbana,Ninguna,No existe,Recta,Bueno,Buena,Diurna,Buen Tiempo,De alcance,S/D,Colisión,Ninguna,Horizontal,Ninguna,Sin restricción,POINT (-60.6285924 -32.966664399999985),"['Necochea', 'La Paz']",2,Necochea; La Paz,-32.966664399999985,-60.6285924,55.0,538.0,Municipio Rosario,Municipio,Rosario,820210,Servicio de Catastro e Información Territorial,IGN
2015,7959,2015-10-05,Lunes,0.0,13:30:00,,0.0,2,"Moto/Ciclomotor,Moto/Ciclomotor",Castellanos Y Uruguay,4,2,0,0,2,0,0,,Calle,,ROSARIO,Rosario,Asfalto,No existe,II,Dentro,Urbana,Ninguna,No existe,Intersección,Deteriorada,Buena,Diurna,Buen Tiempo,S/D,S/D,Colisión,Ninguna,Faltante,Cordón divisorio,Sin restricción,POINT (-60.682705500000004 -32.9701842),"['Aaron Castellanos', 'Uruguay']",2,Aaron Castellanos; Uruguay,-32.9701842,-60.6827055,55.0,538.0,Municipio Rosario,Municipio,Rosario,820210,Servicio de Catastro e Información Territorial,IGN
2015,7960,2015-10-05,Lunes,0.0,18:50:00,,0.0,2,"Moto/Ciclomotor,Transporte de Pasajeros Urbano (> 8 asientos)",Pte.Quintana Y Crespo,3,1,0,0,2,0,0,,Calle,,ROSARIO,Rosario,Asfalto,No existe,II,Dentro,Urbana,Ninguna,No existe,Intersección,Deteriorada,Buena,Atardecer,Buen Tiempo,S/D,S/D,Colisión,Ninguna,Faltante,Cordón divisorio,Sin restricción,POINT (-60.677322 -32.977156),"['Quintana', 'Crespo']",2,"('Presidente Quintana', 'Crespo')",-32.977156,-60.677322,55.0,538.0,Municipio Rosario,Municipio,Rosario,820210,Servicio de Catastro e Información Territorial,IGN
2015,7962,2015-10-02,Viernes,0.0,15:00:00,,0.0,2,"Moto/Ciclomotor,Automóvil",Av. Ovidio Lagos Y Uruguay,2,1,0,0,1,0,0,,Avenida,,ROSARIO,Rosario,Asfalto,No existe,II,Dentro,Urbana,Ninguna,No existe,Intersección,Bueno,Buena,Atardecer,Buen Tiempo,S/D,S/D,Colisión,Ninguna,Faltante,Cordón divisorio,Sin restricción,POINT (-60.6688156 -32.972676699999994),"['Avenida Ovidio Lagos', 'Uruguay']",2,Avenida Ovidio Lagos; Uruguay,-32.972676699999994,-60.6688156,55.0,538.0,Municipio Rosario,Municipio,Rosario,820210,Servicio de Catastro e Información Territorial,IGN
2015,7963,2015-10-03,Sabado,0.0,,,0.0,2,"Moto/Ciclomotor,Automóvil",Bv. Segui Y San Nicolas,3,1,0,0,2,0,0,,Avenida,,ROSARIO,Rosario,Asfalto,No existe,II,Dentro,Urbana,S/D,S/D,Intersección,Bueno,Buena,S/D,Buen Tiempo,S/D,S/D,Colisión,Ninguna,Faltante,Cordón divisorio,Sin restricción,POINT (-60.680555149999996 -32.97297304999999),"['Bulevar Juan Francisco Seguí', 'San Nicolás']",2,Bulevar Juan Francisco Seguí; San Nicolás,-32.97297304999999,-60.68055515,55.0,538.0,Municipio Rosario,Municipio,Rosario,820210,Servicio de Catastro e Información Territorial,IGN
2015,7964,2015-10-03,Sabado,0.0,22:15:00,,0.0,2,"Automóvil,Transporte de Pasajeros Urbano (> 8 asientos)",Cereseto Y Cazadores,3,1,0,0,2,0,0,,Calle,,ROSARIO,Rosario,Asfalto,Pavimento,II,Dentro,Urbana,Ninguna,No existe,Intersección,Bueno,Buena,Nocturna,Buen Tiempo,Lateral,S/D,Colisión,S/D,S/D,Ninguna,Sin restricción,POINT (-60.67379509999999 -33.0047824),"['Cereseto', 'Cazadores']",2,Cereseto; Cazadores,-33.0047824,-60.67379509999999,55.0,538.0,Municipio Rosario,Municipio,Rosario,820210,Servicio de Catastro e Información Territorial,IGN
2015,7965,2015-10-01,Jueves,1.0,13:30:00,,0.0,2,"Automóvil,Automóvil",Rodriguez Y Ombu,3,2,0,0,1,0,0,,Calle,,ROSARIO,Rosario,Asfalto,Pavimento,II,Dentro,Urbana,Ninguna,No existe,Intersección,Bueno,Buena,Diurna,Buen Tiempo,Lateral,S/D,Colisión,S/D,S/D,Ninguna,Sin restricción,POINT (-60.670045 -33.00662989999999),"['Rodríguez', 'Ombú']",2,Rodríguez de Escobedo; Ombú,-33.00662989999999,-60.670045,55.0,538.0,Municipio Rosario,Municipio,Rosario,820210,Servicio de Catastro e Información Territorial,IGN
2015,7968,2015-10-04,Domingo,0.0,03:00:00,,0.0,2,"Moto/Ciclomotor,Automóvil",Dorrego Y Av. Ntra.Sra.del Rosario,3,2,0,0,1,0,0,,Calle,,ROSARIO,Rosario,Asfalto,S/D,II,Dentro,Urbana,Ninguna,No existe,Intersección,Bueno,Buena,Nocturna,Buen Tiempo,Lateral,S/D,Colisión,Agua,S/D,Ninguna,Sin restricción,POINT (-60.6606112 -33.0004429),"['Dorrego', 'Nuestra Señora del Rosario']",2,Manuel Dorrego; Puente Nuestra Señora del Rosario,-33.0004429,-60.6606112,55.0,538.0,Municipio Rosario,Municipio,Rosario,820210,Servicio de Catastro e Información Territorial,IGN
2015,7969,2015-10-02,Viernes,0.0,21:00:00,,0.0,2,"Moto/Ciclomotor,Automóvil",Lamadrid Y Alvear,2,1,0,0,1,0,0,,Calle,,ROSARIO,Rosario,Asfalto,Pavimento,II,Dentro,Urbana,Ninguna,No existe,Intersección,Bueno,Buena,Nocturna,Buen Tiempo,Lateral,S/D,Colisión,S/D,S/D,Ninguna,Sin restricción,POINT (-60.6664335 -32.99765310000001),"['Lamadrid', 'Alvear']",2,Gregorio Aráoz de Lamadrid; Alvear,-32.99765310000001,-60.6664335,55.0,538.0,Municipio Rosario,Municipio,Rosario,820210,Servicio de Catastro e Información Territorial,IGN
2015,7970,2015-10-02,Viernes,0.0,13:30:00,,0.0,2,"Automóvil,Taxi/Remis",Av. Arijon Y España,2,1,0,0,1,0,0,,Avenida,,ROSARIO,Rosario,Asfalto,Pavimento,II,Dentro,Urbana,Ninguna,Funciona,Intersección,Bueno,Buena,Diurna,Otro,Lateral,S/D,Colisión,S/D,S/D,Ninguna,Sin restricción,POINT (-60.657634699999996 -33.003316000000005),"['Avenida Manuel Arijón', 'España']",2,Avenida Manuel Arijón; España,-33.003316000000005,-60.6576347,55.0,538.0,Municipio Rosario,Municipio,Rosario,820210,Servicio de Catastro e Información Territorial,IGN
2015,7971,2015-10-17,Sabado,0.0,16:00:00,,0.0,1,Moto/Ciclomotor,Alvear Y Lamadrid,2,1,0,0,1,0,0,,Calle,,ROSARIO,Rosario,Asfalto,Pavimento,II,Dentro,Urbana,Ninguna,No existe,Intersección,Bueno,Buena,Diurna,Buen Tiempo,Lateral,S/D,Colisión,S/D,S/D,Ninguna,Sin restricción,POINT (-60.6664335 -32.99765310000001),"['Alvear', 'Lamadrid']",2,Alvear; Gregorio Aráoz de Lamadrid,-32.99765310000001,-60.6664335,55.0,538.0,Municipio Rosario,Municipio,Rosario,820210,Servicio de Catastro e Información Territorial,IGN
2015,7980,2015-10-20,Martes,0.0,18:45:00,,0.0,2,"Moto/Ciclomotor,Automóvil",Madre Cabrini Y Pje. Turin,3,2,0,0,1,0,0,,Calle,,ROSARIO,Rosario,Asfalto,Pavimento,II,Dentro,Urbana,Ninguna,No existe,Intersección,Bueno,Buena,Diurna,Buen Tiempo,Lateral,S/D,Colisión,S/D,S/D,Ninguna,Sin restricción,POINT (-60.6611755 -33.00537289999999),"['Madre Cabrini', 'Turín']",2,Madre Cabrini; Pasaje Turín,-33.00537289999999,-60.6611755,55.0,538.0,Municipio Rosario,Municipio,Rosario,820210,Servicio de Catastro e Información Territorial,IGN
2015,7981,2015-10-16,Viernes,0.0,09:00:00,,0.0,2,"Moto/Ciclomotor,Automóvil",Italia Y Av. Arijon,2,1,0,0,1,0,0,,Avenida,,ROSARIO,Rosario,Asfalto,No existe,II,Dentro,Urbana,Ninguna,Funciona,Intersección,Bueno,Buena,Diurna,Buen Tiempo,Lateral,S/D,Colisión,S/D,S/D,Ninguna,Sin restricción,POINT (-60.65911609999999 -33.00336659999999),"['Italia', 'Avenida Manuel Arijón']",2,Italia; Avenida Manuel Arijón,-33.00336659999999,-60.65911609999999,55.0,538.0,Municipio Rosario,Municipio,Rosario,820210,Servicio de Catastro e Información Territorial,IGN
2015,7982,2015-10-07,Miercoles,0.0,18:10:00,,0.0,2,"Moto/Ciclomotor,Automóvil",Madre Cabrini Y Arengreen,2,0,1,0,1,0,0,,Calle,,ROSARIO,Rosario,Asfalto,Pavimento,II,Dentro,Urbana,Ninguna,No existe,Intersección,Bueno,Buena,Atardecer,Buen Tiempo,Lateral,S/D,Colisión,S/D,S/D,Ninguna,Sin restricción,POINT (-60.6747462 -33.005792400000004),"['Madre Cabrini', 'Arengreen']",2,Madre Cabrini; Arengreen,-33.005792400000004,-60.6747462,55.0,538.0,Municipio Rosario,Municipio,Rosario,820210,Servicio de Catastro e Información Territorial,IGN
2015,7983,2015-10-21,Miercoles,0.0,16:00:00,,0.0,2,"Moto/Ciclomotor,Automóvil",Av. Ovidio Lagos 6400,2,1,0,0,1,0,0,,Avenida,,ROSARIO,Rosario,Asfalto,Natural,II,Dentro,Urbana,Ninguna,No existe,Recta,Bueno,Buena,Diurna,Buen Tiempo,Otro,S/D,Colisión,S/D,Faltante,Ninguna,S/D,"-33.0264856, -60.6811155",['Ovidio Lagos 6400'],1,Ovidio Lagos 6400,-33.0264856,-60.6811155,55.0,538.0,Municipio Rosario,Municipio,Rosario,820210,Servicio de Catastro e Información Territorial,IGN
2015,7984,2015-10-20,Martes,0.0,13:30:00,,0.0,2,"Moto/Ciclomotor,Automóvil",Av. Ovidio Lagos Y Av. Battle y Ordoñez,4,2,0,0,2,0,0,,Avenida,,ROSARIO,Rosario,Asfalto,S/D,II,Dentro,Urbana,Semáforo,Funciona,Intersección,Bueno,Buena,Diurna,Buen Tiempo,De alcance,S/D,Colisión,S/D,Vertical,Ninguna,Sin restricción,POINT (-60.677360275 -33.009728399999986),"['Avenida Ovidio Lagos', 'Avenida Battle y Ordoñez']",2,Avenida Ovidio Lagos; Avenida Battle y Ordoñez,-33.009728399999986,-60.677360275,55.0,538.0,Municipio Rosario,Municipio,Rosario,820210,Servicio de Catastro e Información Territorial,IGN
2015,7985,2015-10-17,Sabado,0.0,09:45:00,,0.0,2,"Moto/Ciclomotor,Automóvil",Av. Ovidio Lagos 7800,2,1,0,0,1,0,0,,Avenida,,ROSARIO,Rosario,Asfalto,Natural,II,Dentro,Urbana,Ninguna,No existe,Intersección,Bueno,Buena,Diurna,Buen Tiempo,Lateral,S/D,Colisión,S/D,Faltante,Ninguna,Sin restricción,"-33.0264856, -60.6811155",['Ovidio Lagos 7800'],1,Ovidio Lagos 7800,-33.0264856,-60.6811155,55.0,538.0,Municipio Rosario,Municipio,Rosario,820210,Servicio de Catastro e Información Territorial,IGN
2015,7987,2015-10-14,Miercoles,0.0,09:50:00,,0.0,2,"Automóvil,Transporte de Pasajeros Urbano (> 8 asientos)",Av. Ovidio Lagos Y Av. Battle y Ordoñez,3,2,0,0,1,0,0,,Avenida,,ROSARIO,Rosario,Asfalto,Pavimento,II,S/D,Urbana,Semáforo,Funciona,Intersección,Bueno,Buena,Diurna,Buen Tiempo,Frontal,S/D,Colisión,S/D,Vertical,S/D,Sin restricción,POINT (-60.677360275 -33.009728399999986),"['Avenida Ovidio Lagos', 'Avenida Battle y Ordoñez']",2,Avenida Ovidio Lagos; Avenida Battle y Ordoñez,-33.009728399999986,-60.677360275,55.0,538.0,Municipio Rosario,Municipio,Rosario,820210,Servicio de Catastro e Información Territorial,IGN
2015,7988,2015-10-05,Lunes,0.0,17:15:00,,0.0,2,"Moto/Ciclomotor,Automóvil",Pte.Quintana Y Cepeda,2,1,0,0,1,0,0,,Calle,,ROSARIO,Rosario,Asfalto,No existe,II,Dentro,Urbana,Ninguna,No existe,Intersección,Bueno,Buena,Diurna,Buen Tiempo,Lateral,S/D,Colisión,S/D,Faltante,Ninguna,Sin restricción,POINT (-60.62575009999999 -32.9853135),"['Quintana', 'Cepeda']",2,Presidente Quintana; Cepeda,-32.9853135,-60.62575009999999,55.0,538.0,Municipio Rosario,Municipio,Rosario,820210,Servicio de Catastro e Información Territorial,IGN
2015,7989,2015-10-01,Jueves,0.0,07:55:00,,0.0,2,"Moto/Ciclomotor,Pickup/Utilitario",Ayolas Y Av. Circunvalacion,2,1,0,0,1,0,0,,Calle,,ROSARIO,Rosario,S/D,No existe,II,Dentro,Urbana,Ninguna,No existe,Intersección,Bueno,Buena,Amanecer,Buen Tiempo,Lateral,S/D,Colisión,S/D,Faltante,Guardarrail,Sin restricción,POINT (-60.624988288707996 -32.98051623752373),"['Ayolas', 'Circunvalacion']",2,Ayolas; Avenida de Circunvalación 25 de Mayo,-32.98051623752373,-60.624988288708,55.0,538.0,Municipio Rosario,Municipio,Rosario,820210,Servicio de Catastro e Información Territorial,IGN