anio_acci,nro_acci,fecha,desc_dia,fecha_aprox,hora_aprox,desc_ruta,km,cant_participantes,desc_participante,calle_avenida_km,total,heridos_leves,heridos_graves,heridos_gravisimos,ilesos,fallecidos,sin_datos,posicion_XY,desc_tipo_via,desc_ruta_ori,desc_loc,desc_dpto,desc_tipo_calzada,desc_tipo_banquina,desc_unidad_regional,desc_lugar_calzada,desc_zona,desc_prioridad,desc_estado_semaforo,desc_lugar_via,desc_estado_via,desc_estado_visibilidad,desc_luminosidad,desc_estado_clima,desc_tipo_colision,desc_tipo_atropello,desc_tipo_hecho,desc_pres_calzada,desc_senializacion,desc_separacion_via,desc_restriccion,forma_geocod,calle_lista,numero_calles,calles_osm,lat,lon,index_right,gid,fna,gna,nam,in1,fdc,sag
2015,7990,2015-10-02,Viernes,0.0,12:40:00,,0.0,2,"Automóvil,Camión",Ayolas Y Av. Circunvalacion,3,2,0,0,1,0,0,,Calle,,ROSARIO,Rosario,Asfalto,No existe,II,Dentro,Urbana,Ninguna,No existe,Intersección,Bueno,Buena,Diurna,Buen Tiempo,Frontal,S/D,Colisión,S/D,Faltante,Guardarrail,Sin restricción,POINT (-60.624988288707996 -32.98051623752373),"['Ayolas', 'Circunvalacion']",2,Ayolas; Avenida de Circunvalación 25 de Mayo,-32.98051623752373,-60.624988288708,55.0,538.0,Municipio Rosario,Municipio,Rosario,820210,Servicio de Catastro e Información Territorial,IGN
2015,7991,2015-10-12,Lunes,0.0,22:30:00,,0.0,2,"Moto/Ciclomotor,Automóvil",Av. Battle y Ordoñez Y Av. Ovidio Lagos,3,1,0,0,2,0,0,,Avenida,,ROSARIO,Rosario,Asfalto,Pavimento,II,Dentro,Urbana,Semáforo,Funciona,Intersección,Bueno,Buena,"Nocturna,Con luz artificial",Buen Tiempo,Lateral,S/D,Colisión,S/D,Horizontal,Cordón divisorio,Sin restricción,POINT (-60.677360275 -33.009728399999986),"['Avenida Battle y Ordoñez', 'Avenida Ovidio Lagos']",2,Avenida Battle y Ordoñez; Avenida Ovidio Lagos,-33.009728399999986,-60.677360275,55.0,538.0,Municipio Rosario,Municipio,Rosario,820210,Servicio de Catastro e Información Territorial,IGN
2015,7992,2015-10-05,Lunes,0.0,09:30:00,,0.0,2,"Automóvil,Moto/Ciclomotor",Bv. Segui Y Buenos Aires,2,1,0,0,1,0,0,,Calle,,ROSARIO,Rosario,Asfalto,No existe,II,Dentro,Urbana,Ninguna,No existe,Intersección,Bueno,Buena,Diurna,Buen Tiempo,Lateral,S/D,Colisión,S/D,Faltante,Cordón divisorio,Sin restricción,POINT (-60.640923400000005 -32.98006374999999),"['Bulevar Juan Francisco Seguí', 'Buenos Aires']",2,Bulevar Juan Francisco Seguí; Buenos Aires,-32.98006374999999,-60.640923400000005,55.0,538.0,Municipio Rosario,Municipio,Rosario,820210,Servicio de Catastro e Información Territorial,IGN
2015,7993,2015-10-14,Miercoles,0.0,09:25:00,,0.0,2,"Moto/Ciclomotor,Automóvil",Laprida Y Bv. Segui,3,2,0,0,1,0,0,,Calle,,ROSARIO,Rosario,Asfalto,No existe,II,Dentro,Urbana,Ninguna,No existe,Intersección,Bueno,Buena,Diurna,Buen Tiempo,Lateral,S/D,Colisión,S/D,Faltante,Ninguna,Sin restricción,POINT (-60.64243230000001 -32.97979135),"['Laprida', 'Bulevar Juan Francisco Seguí']",2,Francisco Narciso Laprida; Bulevar Juan Francisco Seguí,-32.97979135,-60.64243230000001,55.0,538.0,Municipio Rosario,Municipio,Rosario,820210,Servicio de Catastro e Información Territorial,IGN
2015,7994,2015-10-14,Miercoles,0.0,15:30:00,,0.0,2,"Moto/Ciclomotor,Automóvil",Montevideo Y Solis,2,1,0,0,1,0,0,,Calle,,ROSARIO,Rosario,Asfalto,No existe,II,Dentro,Urbana,S/D,S/D,Intersección,Bueno,Buena,Diurna,Buen Tiempo,Lateral,S/D,Colisión,S/D,Faltante,Ninguna,S/D,POINT (-60.70302840000001 -32.9472029),"['Montevideo', 'Solis']",2,Montevideo; Juan Díaz de Solís,-32.9472029,-60.70302840000001,55.0,538.0,Municipio Rosario,Municipio,Rosario,820210,Servicio de Catastro e Información Territorial,IGN
2015,7995,2015-10-11,Domingo,0.0,05:45:00,,0.0,3,"Automóvil,Automóvil,Automóvil",Av. Circunvalacion Y Av. Ovidio Lagos,8,4,2,0,2,0,0,,Avenida,,ROSARIO,Rosario,Asfalto,Pavimento,II,S/D,S/D,Semáforo,No funciona,Intersección,Bueno,Buena,Diurna,Buen Tiempo,Múltiple,S/D,Colisión,S/D,Vertical,Ninguna,Sin restricción,POINT (-60.67699098957188 -33.00797177001669),"['Circunvalacion', 'Avenida Ovidio Lagos']",2,Avenida de Circunvalación 25 de Mayo; Avenida Ovidio Lagos,-33.00797177001669,-60.67699098957188,55.0,538.0,Municipio Rosario,Municipio,Rosario,820210,Servicio de Catastro e Información Territorial,IGN
2015,7996,2015-10-11,Domingo,0.0,22:00:00,,0.0,2,"Automóvil,Taxi/Remis",Av. Pellegrini Y Av. Provincias Unidas,2,1,0,0,1,0,0,,Avenida,,ROSARIO,Rosario,Asfalto,S/D,II,Dentro,Urbana,S/D,S/D,Intersección,Bueno,Buena,Nocturna,Buen Tiempo,Lateral,S/D,Colisión,S/D,S/D,S/D,Sin restricción,POINT (-60.71226145 -32.948578),"['Pellegrini', 'Avenida Provincias Unidas']",2,Avenida Carlos Pellegrini; Avenida Provincias Unidas,-32.948578,-60.71226145,55.0,538.0,Municipio Rosario,Municipio,Rosario,820210,Servicio de Catastro e Información Territorial,IGN
2015,7997,2015-10-11,Domingo,0.0,05:00:00,,0.0,1,,Buenos Aires Y Dean Funes,2,1,0,0,1,0,0,,Calle,,ROSARIO,Rosario,Asfalto,No existe,II,Dentro,Urbana,Ninguna,No existe,Intersección,Bueno,Buena,"Amanecer,Con luz artificial",Buen Tiempo,Lateral,S/D,Colisión,S/D,Faltante,Ninguna,Sin restricción,POINT (-60.640053 -32.976632099999996),"['Buenos Aires', 'Deán Gregorio Funes']",2,Buenos Aires; Deán Gregorio Funes,-32.9766321,-60.640053,55.0,538.0,Municipio Rosario,Municipio,Rosario,820210,Servicio de Catastro e Información Territorial,IGN
2015,7998,2015-10-11,Domingo,0.0,05:00:00,,0.0,2,"Moto/Ciclomotor,Automóvil",Buenos Aires Y Dean Funes,2,1,0,0,1,0,0,,Calle,,ROSARIO,Rosario,Asfalto,No existe,II,Dentro,Urbana,Ninguna,No existe,Intersección,Bueno,Buena,"Amanecer,Con luz artificial",Buen Tiempo,Lateral,S/D,Colisión,S/D,Faltante,Ninguna,Sin restricción,POINT (-60.640053 -32.976632099999996),"['Buenos Aires', 'Deán Gregorio Funes']",2,Buenos Aires; Deán Gregorio Funes,-32.9766321,-60.640053,55.0,538.0,Municipio Rosario,Municipio,Rosario,820210,Servicio de Catastro e Información Territorial,IGN
2015,7999,2015-10-14,Miercoles,0.0,14:15:00,,0.0,2,"Automóvil,Automóvil",Maipu Y Ayolas,2,1,0,0,1,0,0,,Calle,,ROSARIO,Rosario,Asfalto,No existe,II,Dentro,Urbana,Ninguna,No existe,Intersección,Bueno,Buena,Diurna,Buen Tiempo,Lateral,S/D,Colisión,S/D,Faltante,Ninguna,Sin restricción,POINT (-60.64305350000001 -32.977283299999996),"['Maipú', 'Ayolas']",2,Maipú; Ayolas,-32.9772833,-60.64305350000001,55.0,538.0,Municipio Rosario,Municipio,Rosario,820210,Servicio de Catastro e Información Territorial,IGN
2015,8000,2015-10-15,Jueves,0.0,22:15:00,,0.0,2,"Peatón,Moto/Ciclomotor",J.M.de Rosas Y Bv. Segui,2,2,0,0,0,0,0,,Calle,,ROSARIO,Rosario,S/D,No existe,II,Dentro,Urbana,Ninguna,No existe,Recta,Bueno,Buena,"Nocturna,Con luz artificial",Buen Tiempo,De alcance,S/D,Atropello,S/D,Faltante,Ninguna,Sin restricción,POINT (-60.63947580000001 -32.98032074999999),"['De Rosas', 'Bulevar Juan Francisco Seguí']",2,Juan Manuel de Rosas; Bulevar Juan Francisco Seguí,-32.98032074999999,-60.63947580000001,55.0,538.0,Municipio Rosario,Municipio,Rosario,820210,Servicio de Catastro e Información Territorial,IGN
2015,8001,2015-10-07,Miercoles,0.0,20:30:00,,0.0,2,"Automóvil,Camión",Av. Ovidio Lagos ,2,1,0,0,1,0,0,,S/D,,ROSARIO,Rosario,Asfalto,Pavimento,II,Dentro,Urbana,Ninguna,No existe,Intersección,Bueno,Buena,Nocturna,Buen Tiempo,Lateral,S/D,Colisión,S/D,Vertical,Cordón divisorio,Sin restricción,"-33.0274062, -60.6814842",['Avenida Ovidio Lagos'],1,Avenida Ovidio Lagos,-33.0274062,-60.6814842,55.0,538.0,Municipio Rosario,Municipio,Rosario,820210,Servicio de Catastro e Información Territorial,IGN
2015,8004,2015-10-08,Jueves,0.0,15:00:00,,0.0,2,"Peatón,Moto/Ciclomotor",Mendoza 6900,2,1,0,0,1,0,0,,Calle,,ROSARIO,Rosario,Asfalto,No existe,II,Dentro,Urbana,S/D,No existe,Recta,Bueno,Buena,Diurna,Buen Tiempo,S/D,S/D,Atropello,S/D,S/D,S/D,Sin restricción,"-32.9401892, -60.7148158",['Mendoza 6900'],1,Mendoza 6900,-32.9401892,-60.7148158,55.0,538.0,Municipio Rosario,Municipio,Rosario,820210,Servicio de Catastro e Información Territorial,IGN
2015,8006,2015-10-19,Lunes,0.0,09:50:00,,0.0,2,"Automóvil,Pickup/Utilitario",Pte.Quintana Y Colon,2,1,0,0,1,0,0,,Calle,,ROSARIO,Rosario,Asfalto,No existe,II,Dentro,Urbana,Ninguna,No existe,Intersección,Bueno,Buena,Diurna,Buen Tiempo,Lateral,S/D,Colisión,S/D,Faltante,Ninguna,Sin restricción,POINT (-60.6345865 -32.984795),"['Quintana', 'Colon']",2,Presidente Quintana; Cristóbal Colón,-32.984795,-60.6345865,55.0,538.0,Municipio Rosario,Municipio,Rosario,820210,Servicio de Catastro e Información Territorial,IGN
2015,8007,2015-10-20,Martes,0.0,17:00:00,,0.0,2,"Moto/Ciclomotor,Transporte de Pasajeros Urbano (> 8 asientos)",Grandoli Y Bv. Segui,2,1,0,0,1,0,0,,Calle,,ROSARIO,Rosario,Asfalto,No existe,II,Dentro,Urbana,Ninguna,No existe,Intersección,Bueno,Buena,Diurna,Buen Tiempo,Lateral,S/D,Colisión,Ninguna,Faltante,Ninguna,Sin restricción,POINT (-60.62803015 -32.98236034999999),"['Avenida Abanderado Grandoli', 'Bulevar Juan Francisco Seguí']",2,Avenida Abanderado Grandoli; Bulevar Juan Francisco Seguí,-32.98236034999999,-60.62803015,55.0,538.0,Municipio Rosario,Municipio,Rosario,820210,Servicio de Catastro e Información Territorial,IGN
2015,8008,2015-10-07,Miercoles,0.0,16:35:00,,0.0,2,"Moto/Ciclomotor,Automóvil",Bv. Avellaneda 6100,2,1,0,0,1,0,0,,S/D,,ROSARIO,Rosario,Asfalto,Natural,II,S/D,Urbana,Ninguna,No existe,Recta,Bueno,Buena,Diurna,Buen Tiempo,Lateral,S/D,Colisión,S/D,Faltante,Ninguna,Sin restricción,"-32.9402666, -60.6795223",['Avellaneda 6100'],1,Avellaneda 6100,-32.9402666,-60.6795223,55.0,538.0,Municipio Rosario,Municipio,Rosario,820210,Servicio de Catastro e Información Territorial,IGN
2015,8009,2015-09-27,Domingo,0.0,17:00:00,,0.0,2,"Peatón,Automóvil",Pje. Rufino Ortega Bis Y Grandoli,2,1,0,0,1,0,0,,Calle,,ROSARIO,Rosario,Asfalto,No existe,II,Dentro,Urbana,Ninguna,No existe,Intersección,Bueno,Buena,Diurna,Buen Tiempo,S/D,S/D,Atropello,S/D,Faltante,Ninguna,Sin restricción,POINT (-60.6279741 -32.9812138),"['Rufino Ortega', 'Avenida Abanderado Grandoli']",2,Rufino Ortega; Avenida Abanderado Grandoli,-32.9812138,-60.6279741,55.0,538.0,Municipio Rosario,Municipio,Rosario,820210,Servicio de Catastro e Información Territorial,IGN
2015,8010,2015-10-27,Martes,0.0,14:20:00,,0.0,2,"Peatón,Automóvil",Ivanowski 191,2,1,0,0,1,0,0,,Calle,,ROSARIO,Rosario,Asfalto,No existe,II,Dentro,Urbana,Ninguna,No existe,Recta,Bueno,Buena,Diurna,Buen Tiempo,S/D,S/D,Atropello,S/D,Faltante,Ninguna,Sin restricción,"-32.98535406795947, -60.63447454658001",['Ivanowski 191'],1,Ivanowski 191,-32.98535406795947,-60.63447454658001,55.0,538.0,Municipio Rosario,Municipio,Rosario,820210,Servicio de Catastro e Información Territorial,IGN
2015,8011,2015-10-29,Jueves,0.0,09:55:00,,0.0,2,"Automóvil,Automóvil",Laprida Y Bv. Segui,3,2,0,0,1,0,0,,Calle,,ROSARIO,Rosario,Asfalto,No existe,II,Dentro,Urbana,Ninguna,No existe,Intersección,Bueno,Buena,Diurna,Buen Tiempo,Lateral,S/D,Colisión,S/D,Faltante,Ninguna,Sin restricción,POINT (-60.64243230000001 -32.97979135),"['Laprida', 'Bulevar Juan Francisco Seguí']",2,Francisco Narciso Laprida; Bulevar Juan Francisco Seguí,-32.97979135,-60.64243230000001,55.0,538.0,Municipio Rosario,Municipio,Rosario,820210,Servicio de Catastro e Información Territorial,IGN
2015,8013,2015-10-30,Viernes,0.0,20:50:00,,0.0,2,"Automóvil,Moto/Ciclomotor",Baigorria Y Av. Circunvalacion,3,2,0,0,1,0,0,,Avenida,,ROSARIO,Rosario,Asfalto,No existe,II,S/D,Urbana,Semáforo,No funciona,Recta,Con baches,Reducida,Nocturna,Buen Tiempo,Otro,S/D,Colisión,Ninguna,Vertical,Ninguna,Sin restricción,POINT (-60.719770260245994 -32.893468154963045),"['Baigorria', 'Circunvalacion']",2,Baigorria; Avenida de Circunvalación 25 de Mayo,-32.893468154963045,-60.719770260246,55.0,538.0,Municipio Rosario,Municipio,Rosario,820210,Servicio de Catastro e Información Territorial,IGN
2015,8022,2015-10-03,Sabado,0.0,15:00:00,,0.0,2,"Moto/Ciclomotor,Automóvil",Montevideo Y F.More,2,1,0,0,1,0,0,,Calle,,ROSARIO,Rosario,Asfalto,S/D,II,Dentro,Urbana,S/D,S/D,Intersección,Bueno,Buena,Diurna,Buen Tiempo,Lateral,S/D,Colisión,S/D,S/D,S/D,Sin restricción,POINT (-60.69347770000001 -32.94695349999999),"['Montevideo', 'Felipe Moré']",2,Montevideo; Felipe Moré,-32.94695349999999,-60.69347770000001,55.0,538.0,Municipio Rosario,Municipio,Rosario,820210,Servicio de Catastro e Información Territorial,IGN
2015,8023,2015-10-03,Sabado,0.0,00:00:00,,0.0,2,"Moto/Ciclomotor,Taxi/Remis",Av. Eva Peron Y Colombia,2,1,0,0,1,0,0,,Avenida,,ROSARIO,Rosario,Asfalto,S/D,II,Dentro,Urbana,S/D,S/D,Intersección,Bueno,Buena,Diurna,Buen Tiempo,Lateral,S/D,Colisión,S/D,S/D,S/D,Sin restricción,POINT (-60.71654285000001 -32.9323615),"['Avenida Eva Perón', 'Colombia']",2,Avenida Eva Perón; Colombia,-32.9323615,-60.71654285000001,55.0,538.0,Municipio Rosario,Municipio,Rosario,820210,Servicio de Catastro e Información Territorial,IGN
2015,8024,2015-10-02,Viernes,0.0,14:00:00,,0.0,2,"Automóvil,Pickup/Utilitario",Av. Provincias Unidas Y Forest,2,1,0,0,1,0,0,,Avenida,,ROSARIO,Rosario,Asfalto,S/D,II,Dentro,Urbana,S/D,S/D,Intersección,Bueno,Buena,Diurna,Buen Tiempo,Lateral,S/D,Colisión,S/D,S/D,S/D,Sin restricción,POINT (-60.7124582 -32.943523400000004),"['Avenida Provincias Unidas', 'Carlos Forest']",2,Avenida Provincias Unidas; Carlos Forest,-32.943523400000004,-60.7124582,55.0,538.0,Municipio Rosario,Municipio,Rosario,820210,Servicio de Catastro e Información Territorial,IGN
2015,8025,2015-10-01,Jueves,0.0,22:00:00,,0.0,2,"Automóvil,Automóvil",Av. Provincias Unidas Y White,2,1,0,0,1,0,0,,Avenida,,ROSARIO,Rosario,Asfalto,No existe,II,Dentro,Urbana,S/D,No existe,Intersección,Bueno,Buena,Nocturna,Buen Tiempo,Lateral,S/D,Colisión,S/D,Faltante,S/D,Sin restricción,POINT (-60.7125441 -32.94137124999999),"['Avenida Provincias Unidas', 'White']",2,Avenida Provincias Unidas; Ingeniero White,-32.94137124999999,-60.7125441,55.0,538.0,Municipio Rosario,Municipio,Rosario,820210,Servicio de Catastro e Información Territorial,IGN
2015,8026,2015-10-24,Sabado,0.0,17:00:00,,0.0,2,"Peatón,Camión",Av. Pellegrini Y Roullon,2,1,0,0,1,0,0,,Avenida,,ROSARIO,Rosario,Asfalto,No existe,II,Dentro,Urbana,S/D,No existe,Intersección,Bueno,Buena,Diurna,Buen Tiempo,S/D,S/D,Atropello,S/D,S/D,S/D,Sin restricción,POINT (-60.70191075 -32.94831669999999),"['Pellegrini', 'Alfredo Rouillón']",2,Avenida Carlos Pellegrini; Alfredo Rouillón,-32.94831669999999,-60.70191075,55.0,538.0,Municipio Rosario,Municipio,Rosario,820210,Servicio de Catastro e Información Territorial,IGN
2015,8035,2015-10-13,Martes,0.0,12:30:00,,0.0,1,Peatón,Pje. J.M.Estrada Bis Y Venezuela,2,1,0,0,1,0,0,,Calle,,ROSARIO,Rosario,S/D,S/D,II,S/D,Urbana,S/D,S/D,Intersección,S/D,S/D,Diurna,S/D,S/D,S/D,Atropello,S/D,S/D,S/D,S/D,POINT (-60.72571670000001 -32.911054799999995),"['Estrada', 'Venezuela']",2,Estrada; Venezuela,-32.911054799999995,-60.72571670000001,55.0,538.0,Municipio Rosario,Municipio,Rosario,820210,Servicio de Catastro e Información Territorial,IGN
2015,8036,2015-10-23,Viernes,0.0,11:00:00,,0.0,2,"Moto/Ciclomotor,Automóvil",Cochabamba Y Fraga,2,1,0,0,1,0,0,,Calle,,ROSARIO,Rosario,Asfalto,No existe,II,Dentro,Urbana,Ninguna,No existe,Intersección,Bueno,S/D,Diurna,Buen Tiempo,Lateral,S/D,Colisión,Otro,Faltante,Ninguna,Sin restricción,POINT (-60.70984990000001 -32.9497361),"['Cochabamba', 'Fraga']",2,Cochabamba; Rosendo María Fraga,-32.9497361,-60.70984990000001,55.0,538.0,Municipio Rosario,Municipio,Rosario,820210,Servicio de Catastro e Información Territorial,IGN
2015,8042,2015-10-02,Viernes,0.0,,,0.0,2,"Moto/Ciclomotor,Automóvil",Av. Eva Peron Y Miniagurria Bis,2,1,0,0,1,0,0,,Calle,,ROSARIO,Rosario,Asfalto,Pavimento,II,S/D,Urbana,Semáforo,Funciona,Intersección,Bueno,S/D,S/D,S/D,Lateral,S/D,Colisión,S/D,Faltante,Cordón divisorio,S/D,POINT (-60.733305349999995 -32.9293465),"['Avenida Eva Perón', 'Muniagurría']",2,Avenida Eva Perón; Muniagurría,-32.9293465,-60.73330535,55.0,538.0,Municipio Rosario,Municipio,Rosario,820210,Servicio de Catastro e Información Territorial,IGN
2015,8043,2015-10-07,Miercoles,0.0,,,0.0,2,"Moto/Ciclomotor,Automóvil",Jose Ingenieros Y Bv. Wilde,2,1,0,0,1,0,0,,Avenida,,ROSARIO,Rosario,Asfalto,Natural,II,S/D,Urbana,Ninguna,No existe,Intersección,Otro,S/D,S/D,Buen Tiempo,Lateral,S/D,Colisión,Otro,Faltante,Ninguna,S/D,POINT (-60.739336900000005 -32.9178009),"['José Ingenieros', 'Bulevar Wilde']",2,José Ingenieros; Bulevar Wilde,-32.9178009,-60.739336900000005,55.0,538.0,Municipio Rosario,Municipio,Rosario,820210,Servicio de Catastro e Información Territorial,IGN
2015,8044,2015-10-05,Lunes,0.0,,,0.0,2,"Automóvil,Bicicleta",La Republica Y Alvarez Condarco,2,1,0,0,1,0,0,,Calle,,ROSARIO,Rosario,Ripio,Ripio,II,Dentro,Urbana,Ninguna,No existe,Intersección,Deteriorada,Buena,Diurna,Otro,S/D,S/D,Atropello,Material Suelto,Faltante,Ninguna,S/D,POINT (-60.7557587 -32.9197503),"['La República', 'Álvarez Condarco']",2,La República; Álvarez Condarco,-32.9197503,-60.7557587,55.0,538.0,Municipio Rosario,Municipio,Rosario,820210,Servicio de Catastro e Información Territorial,IGN
2015,8074,2015-10-05,Lunes,0.0,14:30:00,,0.0,2,"Automóvil,Peatón",Junin Y Roullon,2,1,0,0,1,0,0,,Calle,,ROSARIO,Rosario,S/D,No existe,II,Dentro,Urbana,Ninguna,No existe,Intersección,S/D,Buena,Diurna,S/D,S/D,S/D,Atropello,S/D,Faltante,Ninguna,Sin restricción,POINT (-60.7027733 -32.92730860000001),"['Junín', 'Alfredo Rouillón']",2,Junín; Alfredo Rouillón,-32.92730860000001,-60.7027733,55.0,538.0,Municipio Rosario,Municipio,Rosario,820210,Servicio de Catastro e Información Territorial,IGN
2015,8077,2015-10-01,Jueves,0.0,13:00:00,,0.0,2,"Automóvil,Moto/Ciclomotor",Solis Y Navarro,2,1,0,0,1,0,0,,Calle,,ROSARIO,Rosario,S/D,No existe,II,Dentro,Urbana,Ninguna,No existe,Intersección,Bueno,Buena,Diurna,Buen Tiempo,Lateral,S/D,Colisión,S/D,Faltante,Ninguna,Sin restricción,POINT (-60.70378680000001 -32.9312617),"['Solis', 'Navarro']",2,Juan Díaz de Solís; Navarro,-32.9312617,-60.70378680000001,55.0,538.0,Municipio Rosario,Municipio,Rosario,820210,Servicio de Catastro e Información Territorial,IGN
2015,8101,2015-10-02,Viernes,0.0,18:30:00,,0.0,2,"Automóvil,Moto/Ciclomotor",Mitre 5665,3,2,0,0,1,0,0,,Calle,,ROSARIO,Rosario,Asfalto,No existe,II,S/D,Urbana,Ninguna,No existe,Recta,Bueno,Buena,Diurna,Buen Tiempo,S/D,S/D,Colisión,Ninguna,S/D,Ninguna,Sin restricción,"-32.9988851, -60.6509533",['Mitre 5665'],1,Mitre 5665,-32.9988851,-60.6509533,55.0,538.0,Municipio Rosario,Municipio,Rosario,820210,Servicio de Catastro e Información Territorial,IGN
2015,8103,2015-10-02,Viernes,0.0,,,0.0,2,"Automóvil,Moto/Ciclomotor",San Martin 5500,2,1,0,0,1,0,0,,Avenida,,ROSARIO,Rosario,Asfalto,No existe,II,Dentro,Urbana,Ninguna,Funciona,Recta,Bueno,S/D,Diurna,Buen Tiempo,S/D,S/D,Colisión,Ninguna,S/D,Cordón divisorio,Sin restricción,"-32.9764777, -60.6372639",['San Martin 5500'],1,San Martin 5500,-32.9764777,-60.6372639,55.0,538.0,Municipio Rosario,Municipio,Rosario,820210,Servicio de Catastro e Información Territorial,IGN
2015,8105,2015-10-29,Jueves,0.0,18:30:00,,0.0,2,"Automóvil,Moto/Ciclomotor",Bv. Oroño Y Garibaldi,2,1,0,0,1,0,0,,Calle,,ROSARIO,Rosario,Asfalto,No existe,II,Dentro,Urbana,Ninguna,No existe,Intersección,Bueno,Buena,Diurna,Buen Tiempo,S/D,S/D,Colisión,S/D,S/D,Cordón divisorio,Sin restricción,POINT (-60.6632508 -32.983266949999994),"['Bulevar Nicasio Oroño', 'José Garibaldi']",2,Bulevar Nicasio Oroño; José Garibaldi,-32.983266949999994,-60.6632508,55.0,538.0,Municipio Rosario,Municipio,Rosario,820210,Servicio de Catastro e Información Territorial,IGN
2015,8106,2015-10-29,Jueves,0.0,17:00:00,,0.0,1,Automóvil,Av. Uriburu Y Mitre,5,5,0,0,0,0,0,,Calle,,ROSARIO,Rosario,Asfalto,No existe,II,Dentro,Urbana,Ninguna,No existe,Recta,Bueno,Buena,Diurna,Buen Tiempo,Contra objeto fijo,S/D,Colisión,S/D,S/D,Vegetación,Sin restricción,POINT (-60.65080725 -32.9908231),"['Uriburu', 'Mitre']",2,Avenida José Uriburu; Bartolomé Mitre,-32.9908231,-60.65080725,55.0,538.0,Municipio Rosario,Municipio,Rosario,820210,Servicio de Catastro e Información Territorial,IGN
2015,8107,2015-10-26,Lunes,0.0,10:46:00,,0.0,2,"Automóvil,Otros",Mitre Y 24 De Setiembre,2,1,0,0,1,0,0,,Calle,,ROSARIO,Rosario,Asfalto,No existe,II,Dentro,Urbana,Ninguna,No existe,Intersección,Bueno,Buena,Diurna,Buen Tiempo,S/D,S/D,Colisión,S/D,S/D,Ninguna,Sin restricción,POINT (-60.6480366 -32.979972499999995),"['Mitre', '24 de Septiembre']",2,Bartolomé Mitre; 24 de Septiembre,-32.979972499999995,-60.6480366,55.0,538.0,Municipio Rosario,Municipio,Rosario,820210,Servicio de Catastro e Información Territorial,IGN
2015,8109,2015-10-27,Martes,0.0,10:35:00,,0.0,2,"Automóvil,Pickup/Utilitario",Comodoro Rivadavia Y Pueyrredon,2,1,0,0,1,0,0,,Calle,,ROSARIO,Rosario,Asfalto,No existe,II,Dentro,Urbana,Ninguna,No existe,Intersección,Bueno,Buena,Diurna,Buen Tiempo,S/D,S/D,Colisión,S/D,S/D,Ninguna,Sin restricción,POINT (-60.6693537 -32.9905779),"['Comodoro Rivadavia', 'Pueyrredón']",2,Comodoro Rivadavia; Pueyrredón,-32.9905779,-60.6693537,55.0,538.0,Municipio Rosario,Municipio,Rosario,820210,Servicio de Catastro e Información Territorial,IGN
2015,8110,2015-10-28,Miercoles,0.0,16:00:00,,0.0,2,"Automóvil,Moto/Ciclomotor",Italia Y Biedma,2,1,0,0,1,0,0,,Calle,,ROSARIO,Rosario,Asfalto,No existe,II,Dentro,Urbana,Ninguna,No existe,Intersección,Bueno,Buena,Diurna,Buen Tiempo,S/D,S/D,Colisión,S/D,S/D,Ninguna,Sin restricción,POINT (-60.656682 -32.9796508),"['Italia', 'Coronel Biedma']",2,Italia; Coronel Biedma,-32.9796508,-60.656682,55.0,538.0,Municipio Rosario,Municipio,Rosario,820210,Servicio de Catastro e Información Territorial,IGN
2015,8116,2015-10-15,Jueves,0.0,16:15:00,,0.0,2,"Automóvil,Moto/Ciclomotor",Pte.Quintana Y Mitre,2,1,0,0,1,0,0,,Calle,,ROSARIO,Rosario,Asfalto,No existe,II,Dentro,Urbana,Ninguna,S/D,Intersección,Bueno,S/D,Diurna,Buen Tiempo,S/D,S/D,Colisión,S/D,S/D,Ninguna,Sin restricción,POINT (-60.648628699999996 -32.9822769),"['Quintana', 'Mitre']",2,"('Presidente Quintana', 'Bartolomé Mitre')",-32.9822769,-60.6486287,55.0,538.0,Municipio Rosario,Municipio,Rosario,820210,Servicio de Catastro e Información Territorial,IGN
2015,8118,2015-10-09,Viernes,0.0,10:20:00,,0.0,2,"Automóvil,Automóvil",Bv. Segui Y Mitre,4,1,0,0,3,0,0,,Calle,,ROSARIO,Rosario,Asfalto,No existe,II,Dentro,Urbana,Ninguna,No existe,Intersección,Bueno,Buena,Diurna,Buen Tiempo,S/D,S/D,Colisión,Ninguna,Faltante,Ninguna,Sin restricción,POINT (-60.6477426 -32.97883275),"['Bulevar Juan Francisco Seguí', 'Mitre']",2,Bulevar Juan Francisco Seguí; Bartolomé Mitre,-32.97883275,-60.6477426,55.0,538.0,Municipio Rosario,Municipio,Rosario,820210,Servicio de Catastro e Información Territorial,IGN