anio_acci,nro_acci,fecha,desc_dia,fecha_aprox,hora_aprox,desc_ruta,km,cant_participantes,desc_participante,calle_avenida_km,total,heridos_leves,heridos_graves,heridos_gravisimos,ilesos,fallecidos,sin_datos,posicion_XY,desc_tipo_via,desc_ruta_ori,desc_loc,desc_dpto,desc_tipo_calzada,desc_tipo_banquina,desc_unidad_regional,desc_lugar_calzada,desc_zona,desc_prioridad,desc_estado_semaforo,desc_lugar_via,desc_estado_via,desc_estado_visibilidad,desc_luminosidad,desc_estado_clima,desc_tipo_colision,desc_tipo_atropello,desc_tipo_hecho,desc_pres_calzada,desc_senializacion,desc_separacion_via,desc_restriccion,forma_geocod,calle_lista,numero_calles,calles_osm,lat,lon,index_right,gid,fna,gna,nam,in1,fdc,sag
2015,8119,2015-10-18,Domingo,0.0,11:00:00,,0.0,2,"Moto/Ciclomotor,Automóvil",Sarmiento Y Pte.Quintana,2,0,0,0,1,0,1,,Calle,,ROSARIO,Rosario,Asfalto,No existe,II,Dentro,Urbana,Ninguna,No existe,Intersección,Bueno,Buena,Diurna,Buen Tiempo,S/D,S/D,Colisión,Ninguna,S/D,Ninguna,Sin restricción,POINT (-60.6472527 -32.9825219),"['Sarmiento', 'Quintana']",2,Sarmiento; Presidente Quintana,-32.9825219,-60.6472527,55.0,538.0,Municipio Rosario,Municipio,Rosario,820210,Servicio de Catastro e Información Territorial,IGN
2015,8120,2015-10-12,Lunes,0.0,02:00:00,,0.0,2,"Automóvil,Moto/Ciclomotor",Italia Y Dr.Rivas,3,2,0,0,1,0,0,,Calle,,ROSARIO,Rosario,Asfalto,No existe,II,Dentro,Urbana,Ninguna,No existe,Intersección,Bueno,Buena,Nocturna,Buen Tiempo,S/D,S/D,Colisión,S/D,S/D,Ninguna,Sin restricción,POINT (-60.657253 -32.9819434),"['Italia', 'Doctor Francisco Riva']",2,Italia; Doctor Francisco Riva,-32.9819434,-60.657253,55.0,538.0,Municipio Rosario,Municipio,Rosario,820210,Servicio de Catastro e Información Territorial,IGN
2015,8122,2015-10-15,Jueves,0.0,18:00:00,,0.0,2,"Automóvil,Automóvil",Mitre Y Garibaldi,3,2,0,0,1,0,0,,Calle,,ROSARIO,Rosario,Asfalto,No existe,II,Dentro,Urbana,Ninguna,No existe,Intersección,Bueno,Buena,Diurna,Buen Tiempo,S/D,S/D,Colisión,S/D,S/D,Ninguna,Sin restricción,POINT (-60.6495149 -32.985726799999995),"['Mitre', 'José Garibaldi']",2,Bartolomé Mitre; José Garibaldi,-32.985726799999995,-60.6495149,55.0,538.0,Municipio Rosario,Municipio,Rosario,820210,Servicio de Catastro e Información Territorial,IGN
2015,8124,2015-10-21,Miercoles,0.0,09:53:00,,0.0,2,"Transporte de Pasajeros Larga Distancia (> 8 asientos),Peatón",Amenabar Y San Martin,2,1,0,0,1,0,0,,Calle,,ROSARIO,Rosario,Asfalto,No existe,II,S/D,Urbana,Ninguna,No existe,Curva,Bueno,Buena,Diurna,Buen Tiempo,Lateral,S/D,Atropello,Ninguna,S/D,Ninguna,Sin restricción,POINT (-60.6431535 -32.972471699999986),"['Amenabar', 'San Martin']",2,"('José de Amenábar', 'José de San Martín')",-32.972471699999986,-60.6431535,55.0,538.0,Municipio Rosario,Municipio,Rosario,820210,Servicio de Catastro e Información Territorial,IGN
2015,8125,2015-10-17,Sabado,0.0,23:30:00,,0.0,1,Automóvil,Bv. Segui Y San Martin,4,2,0,0,2,0,0,,Calle,,ROSARIO,Rosario,Asfalto,No existe,II,Dentro,Urbana,Ninguna,Funciona,Intersección,Bueno,Buena,Nocturna,Buen Tiempo,Contra objeto fijo,S/D,Colisión,S/D,S/D,Vegetación,Sin restricción,POINT (-60.644363766666665 -32.979480866666655),"['Bulevar Juan Francisco Seguí', 'San Martin']",2,Bulevar Juan Francisco Seguí; José de San Martín,-32.979480866666655,-60.644363766666665,55.0,538.0,Municipio Rosario,Municipio,Rosario,820210,Servicio de Catastro e Información Territorial,IGN
2015,8135,2015-10-01,Jueves,0.0,15:15:00,,0.0,2,"Automóvil,Moto/Ciclomotor",Bv. Avellaneda Y Cordoba,2,1,0,0,1,0,0,,Avenida,,ROSARIO,Rosario,S/D,S/D,II,Dentro,Urbana,S/D,S/D,Intersección,S/D,Buena,Diurna,Buen Tiempo,Lateral,S/D,Colisión,S/D,S/D,S/D,S/D,POINT (-60.67916835 -32.939088049999995),"['Avellaneda', 'Córdoba']",2,Bulevar Nicolás Avellaneda; Córdoba,-32.939088049999995,-60.67916835,55.0,538.0,Municipio Rosario,Municipio,Rosario,820210,Servicio de Catastro e Información Territorial,IGN
2015,8136,2015-10-03,Sabado,0.0,02:40:00,,0.0,2,"Automóvil,Moto/Ciclomotor",San Juan Y Suipacha,2,1,0,0,1,0,0,,Calle,,ROSARIO,Rosario,S/D,S/D,II,Dentro,Urbana,S/D,S/D,Intersección,S/D,Buena,Nocturna,Buen Tiempo,Lateral,S/D,Colisión,S/D,S/D,S/D,S/D,POINT (-60.6651091 -32.94550539999999),"['San Juan', 'Suipacha']",2,San Juan; Suipacha,-32.94550539999999,-60.6651091,55.0,538.0,Municipio Rosario,Municipio,Rosario,820210,Servicio de Catastro e Información Territorial,IGN
2015,8137,2015-10-05,Lunes,0.0,22:30:00,,0.0,3,"Moto/Ciclomotor,Automóvil,Automóvil",San Luis Y Suipacha,3,1,0,0,2,0,0,,Calle,,ROSARIO,Rosario,S/D,S/D,II,Dentro,S/D,S/D,S/D,Intersección,S/D,Buena,Nocturna,Buen Tiempo,Múltiple,S/D,Colisión,S/D,S/D,S/D,S/D,POINT (-60.664829000000005 -32.94441909999999),"['San Luis', 'Suipacha']",2,San Luis; Suipacha,-32.94441909999999,-60.664829000000005,55.0,538.0,Municipio Rosario,Municipio,Rosario,820210,Servicio de Catastro e Información Territorial,IGN
2015,8138,2015-10-11,Domingo,0.0,01:30:00,,0.0,2,"Moto/Ciclomotor,Automóvil",Av. Pellegrini Y San Nicolas,3,1,0,0,2,0,0,,Avenida,,ROSARIO,Rosario,S/D,S/D,II,Dentro,Urbana,S/D,S/D,Intersección,S/D,Buena,Nocturna,Buen Tiempo,Lateral,S/D,Colisión,S/D,S/D,S/D,S/D,POINT (-60.663254 -32.97802039999999),"['Pellegrini', 'San Nicolás']",2,Avenida Carlos Pellegrini; San Nicolás,-32.97802039999999,-60.663254,55.0,538.0,Municipio Rosario,Municipio,Rosario,820210,Servicio de Catastro e Información Territorial,IGN
2015,8139,2015-10-12,Lunes,0.0,07:00:00,,0.0,3,"Pickup/Utilitario,Automóvil,Automóvil",Cafferata Y 9 De Julio,3,1,0,0,2,0,0,,Calle,,ROSARIO,Rosario,S/D,S/D,II,Dentro,Urbana,S/D,S/D,S/D,S/D,S/D,Diurna,S/D,Múltiple,S/D,Colisión,S/D,S/D,S/D,S/D,POINT (-60.672821500000005 -32.9479728),"['Cafferata', '9 de Julio']",2,Cafferata; 9 de Julio,-32.9479728,-60.672821500000005,55.0,538.0,Municipio Rosario,Municipio,Rosario,820210,Servicio de Catastro e Información Territorial,IGN
2015,8141,2015-10-21,Miercoles,0.0,21:20:00,,0.0,2,"Automóvil,Moto/Ciclomotor",Garibaldi Y Av. Corrientes,3,2,0,0,1,0,0,,Calle,,ROSARIO,Rosario,Asfalto,No existe,II,S/D,Urbana,Ninguna,No existe,Intersección,Bueno,Buena,"Nocturna,Con luz artificial",Buen Tiempo,S/D,S/D,Colisión,Ninguna,S/D,Ninguna,Sin restricción,POINT (-60.6523162 -32.98523470000001),"['José Garibaldi', 'Corrientes']",2,José Garibaldi; Corrientes,-32.98523470000001,-60.6523162,55.0,538.0,Municipio Rosario,Municipio,Rosario,820210,Servicio de Catastro e Información Territorial,IGN
2015,8142,2015-10-22,Jueves,0.0,08:20:00,,0.0,1,Automóvil,Dean Funes Y Sarmiento,5,2,0,0,3,0,0,,Calle,,ROSARIO,Rosario,Asfalto,No existe,II,S/D,Urbana,Ninguna,No existe,Intersección,Bueno,Buena,Diurna,Buen Tiempo,S/D,S/D,Colisión,S/D,S/D,Ninguna,Sin restricción,POINT (-60.645514000000006 -32.97565850000001),"['Deán Gregorio Funes', 'Sarmiento']",2,Deán Gregorio Funes; Sarmiento,-32.97565850000001,-60.645514000000006,55.0,538.0,Municipio Rosario,Municipio,Rosario,820210,Servicio de Catastro e Información Territorial,IGN
2015,8149,2015-10-14,Miercoles,0.0,16:15:00,,0.0,2,"Automóvil,Automóvil",Mendoza 2700,2,1,0,0,1,0,0,,Calle,,ROSARIO,Rosario,S/D,S/D,II,Dentro,Urbana,S/D,S/D,S/D,S/D,S/D,Diurna,S/D,S/D,S/D,Colisión,S/D,S/D,S/D,S/D,"-32.9476102, -60.6611875",['Mendoza 2700'],1,Mendoza 2700,-32.9476102,-60.6611875,55.0,538.0,Municipio Rosario,Municipio,Rosario,820210,Servicio de Catastro e Información Territorial,IGN
2015,8150,2015-10-24,Sabado,0.0,13:00:00,,0.0,2,"Automóvil,Pickup/Utilitario",Montevideo Y Alsina,2,1,0,0,1,0,0,,Calle,,ROSARIO,Rosario,Asfalto,S/D,II,Dentro,Urbana,S/D,S/D,S/D,S/D,S/D,Diurna,S/D,S/D,S/D,Colisión,S/D,S/D,S/D,S/D,POINT (-60.6788522 -32.949314199999996),"['Montevideo', 'Alsina']",2,Montevideo; Alsina,-32.9493142,-60.6788522,55.0,538.0,Municipio Rosario,Municipio,Rosario,820210,Servicio de Catastro e Información Territorial,IGN
2015,8152,2015-10-23,Viernes,0.0,12:30:00,,0.0,2,"Pickup/Utilitario,Moto/Ciclomotor",Rioja Y Castellanos,2,1,0,0,1,0,0,,Calle,,ROSARIO,Rosario,Asfalto,S/D,II,Dentro,Urbana,S/D,S/D,S/D,S/D,S/D,Diurna,S/D,S/D,S/D,Colisión,S/D,S/D,S/D,S/D,POINT (-60.6753704 -32.941017900000006),"['Rioja', 'Aaron Castellanos']",2,Rioja; Aaron Castellanos,-32.941017900000006,-60.6753704,55.0,538.0,Municipio Rosario,Municipio,Rosario,820210,Servicio de Catastro e Información Territorial,IGN
2015,8154,2015-10-22,Jueves,0.0,18:20:00,,0.0,2,"Automóvil,Automóvil",Lima 1200,2,1,0,0,1,0,0,,Calle,,ROSARIO,Rosario,S/D,S/D,II,Dentro,Urbana,S/D,S/D,S/D,S/D,S/D,Atardecer,S/D,S/D,S/D,Colisión,S/D,S/D,S/D,S/D,"-32.9433487, -60.6845481",['Lima 1200'],1,Lima 1200,-32.9433487,-60.6845481,55.0,538.0,Municipio Rosario,Municipio,Rosario,820210,Servicio de Catastro e Información Territorial,IGN
2015,8155,2015-10-21,Miercoles,0.0,09:00:00,,0.0,1,Moto/Ciclomotor,Mendoza Y Servando Bayo,1,1,0,0,0,0,0,,Calle,,ROSARIO,Rosario,S/D,S/D,II,Dentro,Urbana,S/D,S/D,S/D,S/D,S/D,Diurna,S/D,Contra objeto fijo,S/D,Colisión,S/D,S/D,S/D,S/D,POINT (-60.685855600000004 -32.94326209999999),"['Mendoza', 'Servando Bayo']",2,Mendoza; Servando Bayo,-32.94326209999999,-60.6858556,55.0,538.0,Municipio Rosario,Municipio,Rosario,820210,Servicio de Catastro e Información Territorial,IGN
2015,8156,2015-10-20,Martes,0.0,12:30:00,,0.0,2,"Moto/Ciclomotor,Automóvil",Av. Pellegrini Y Pascual Rosas,2,1,0,0,1,0,0,,Calle,,ROSARIO,Rosario,S/D,S/D,II,Dentro,Urbana,S/D,S/D,S/D,S/D,S/D,Diurna,S/D,S/D,S/D,Colisión,S/D,S/D,S/D,S/D,POINT (-60.688683100000006 -32.948717099999996),"['Pellegrini', 'Pascual Rosas']",2,Avenida Carlos Pellegrini; Pascual Rosas,-32.9487171,-60.688683100000006,55.0,538.0,Municipio Rosario,Municipio,Rosario,820210,Servicio de Catastro e Información Territorial,IGN
2015,8158,2015-10-19,Lunes,0.0,09:14:00,,0.0,2,"Transporte Escolar,Moto/Ciclomotor",3 De Febrero Y Castellanos,2,1,0,0,1,0,0,,Calle,,ROSARIO,Rosario,S/D,S/D,II,Dentro,Urbana,S/D,S/D,S/D,S/D,S/D,Diurna,S/D,S/D,S/D,Colisión,S/D,S/D,S/D,S/D,POINT (-60.6767004 -32.9461743),"['3 de Febrero', 'Aaron Castellanos']",2,3 de Febrero; Aaron Castellanos,-32.9461743,-60.6767004,55.0,538.0,Municipio Rosario,Municipio,Rosario,820210,Servicio de Catastro e Información Territorial,IGN
2015,8159,2015-10-18,Domingo,0.0,,,0.0,2,"Pickup/Utilitario,Bicicleta",San Juan Y Cafferata,2,1,0,0,1,0,0,,Calle,,ROSARIO,Rosario,S/D,S/D,II,Dentro,Urbana,S/D,S/D,S/D,S/D,S/D,S/D,S/D,S/D,S/D,Atropello,S/D,S/D,S/D,S/D,POINT (-60.6719098 -32.94428909999999),"['San Juan', 'Cafferata']",2,San Juan; Cafferata,-32.94428909999999,-60.6719098,55.0,538.0,Municipio Rosario,Municipio,Rosario,820210,Servicio de Catastro e Información Territorial,IGN
2015,8161,2015-10-16,Viernes,0.0,16:00:00,,0.0,2,"Moto/Ciclomotor,Automóvil",San Juan Y Iriondo,2,1,0,0,1,0,0,,Calle,,ROSARIO,Rosario,S/D,S/D,II,Dentro,Urbana,S/D,S/D,S/D,S/D,S/D,Diurna,S/D,S/D,S/D,Colisión,S/D,S/D,S/D,S/D,POINT (-60.6705496 -32.94453),"['San Juan', 'Iriondo']",2,San Juan; Iriondo,-32.94453,-60.6705496,55.0,538.0,Municipio Rosario,Municipio,Rosario,820210,Servicio de Catastro e Información Territorial,IGN
2015,8164,2015-10-15,Jueves,0.0,21:20:00,,0.0,2,"Bicicleta,Taxi/Remis",Ricchieri Y San Juan,2,1,0,0,1,0,0,,Calle,,ROSARIO,Rosario,S/D,S/D,II,Dentro,Urbana,S/D,S/D,S/D,S/D,S/D,Nocturna,S/D,S/D,S/D,Atropello,S/D,S/D,S/D,S/D,POINT (-60.6637743 -32.9457443),"['Ricchieri', 'San Juan']",2,Ricchieri; San Juan,-32.9457443,-60.6637743,55.0,538.0,Municipio Rosario,Municipio,Rosario,820210,Servicio de Catastro e Información Territorial,IGN
2015,8174,2015-10-15,Jueves,0.0,08:30:00,,0.0,2,"Automóvil,Moto/Ciclomotor",Lavalle Y Marcos Paz,2,1,0,0,1,0,0,,Calle,,ROSARIO,Rosario,S/D,S/D,II,Dentro,Urbana,S/D,S/D,S/D,S/D,S/D,Diurna,S/D,S/D,S/D,Colisión,S/D,S/D,S/D,S/D,POINT (-60.6789033 -32.943785299999995),"['Lavalle', 'Marcos Paz']",2,Lavalle; Marcos Paz,-32.943785299999995,-60.6789033,55.0,538.0,Municipio Rosario,Municipio,Rosario,820210,Servicio de Catastro e Información Territorial,IGN
2015,8175,2015-10-14,Miercoles,0.0,,,0.0,2,"Taxi/Remis,Taxi/Remis",Santiago Y Cordoba,3,1,0,0,2,0,0,,Calle,,ROSARIO,Rosario,Asfalto,S/D,II,Dentro,Urbana,Semáforo,Funciona,Intersección,Bueno,S/D,S/D,Buen Tiempo,Lateral,S/D,Colisión,S/D,S/D,S/D,S/D,POINT (-60.6560118 -32.94325390000001),"['Santiago', 'Córdoba']",2,Santiago; Córdoba,-32.94325390000001,-60.6560118,55.0,538.0,Municipio Rosario,Municipio,Rosario,820210,Servicio de Catastro e Información Territorial,IGN
2015,8176,2015-10-13,Martes,0.0,22:40:00,,0.0,2,"Taxi/Remis,Peatón",Cafferata Y Cordoba,2,1,0,0,1,0,0,,Calle,,ROSARIO,Rosario,S/D,S/D,II,S/D,Urbana,S/D,S/D,Intersección,S/D,Buena,Nocturna,Buen Tiempo,S/D,S/D,Atropello,S/D,S/D,S/D,S/D,POINT (-60.6709866 -32.9405587),"['Cafferata', 'Córdoba']",2,Cafferata; Córdoba,-32.9405587,-60.6709866,55.0,538.0,Municipio Rosario,Municipio,Rosario,820210,Servicio de Catastro e Información Territorial,IGN
2015,8177,2015-10-01,Jueves,0.0,,,0.0,2,"Automóvil,Moto/Ciclomotor",Montevideo Y Gutenberg,2,1,0,0,1,0,0,,Calle,,ROSARIO,Rosario,S/D,S/D,II,Dentro,Urbana,S/D,S/D,Intersección,S/D,S/D,S/D,Buen Tiempo,Lateral,S/D,Colisión,S/D,S/D,S/D,S/D,POINT (-60.6897468 -32.947364699999994),"['Montevideo', 'Gutenberg']",2,Montevideo; Gutenberg,-32.947364699999994,-60.6897468,55.0,538.0,Municipio Rosario,Municipio,Rosario,820210,Servicio de Catastro e Información Territorial,IGN
2015,8179,2015-10-27,Martes,0.0,15:30:00,,0.0,2,"Automóvil,Moto/Ciclomotor",Crespo Y Montevideo,2,1,0,0,1,0,0,,Calle,,ROSARIO,Rosario,Asfalto,S/D,II,Dentro,Urbana,S/D,No existe,Intersección,Bueno,Buena,Diurna,Buen Tiempo,Lateral,S/D,Colisión,S/D,S/D,S/D,S/D,POINT (-60.67066460000001 -32.950771199999984),"['Crespo', 'Montevideo']",2,Crespo; Montevideo,-32.950771199999984,-60.67066460000001,55.0,538.0,Municipio Rosario,Municipio,Rosario,820210,Servicio de Catastro e Información Territorial,IGN
2015,8180,2015-10-01,Jueves,1.0,11:30:00,,0.0,2,"Bicicleta,Pickup/Utilitario",Santiago Y Cordoba,2,1,0,0,1,0,0,,Calle,,ROSARIO,Rosario,S/D,S/D,II,Dentro,Urbana,S/D,Funciona,Intersección,S/D,Buena,Diurna,Buen Tiempo,S/D,S/D,Atropello,S/D,S/D,S/D,S/D,POINT (-60.6560118 -32.94325390000001),"['Santiago', 'Córdoba']",2,Santiago; Córdoba,-32.94325390000001,-60.6560118,55.0,538.0,Municipio Rosario,Municipio,Rosario,820210,Servicio de Catastro e Información Territorial,IGN
2015,8181,2015-10-28,Miercoles,0.0,17:55:00,,0.0,2,"Automóvil,Automóvil",España Y Rioja,2,1,0,0,1,0,0,,Calle,,ROSARIO,Rosario,Asfalto,No existe,II,Dentro,Urbana,Semáforo,Funciona,Recta,Bueno,Buena,Diurna,Buen Tiempo,De alcance,S/D,Colisión,S/D,Vertical,Cordón divisorio,Sin restricción,POINT (-60.64678310000001 -32.9461326),"['España', 'Rioja']",2,España; Rioja,-32.9461326,-60.64678310000001,55.0,538.0,Municipio Rosario,Municipio,Rosario,820210,Servicio de Catastro e Información Territorial,IGN
2015,8183,2015-10-27,Martes,0.0,,,0.0,3,"Moto/Ciclomotor,Automóvil,Automóvil",Av. Pellegrini 4600,4,2,0,0,2,0,0,,Avenida,,ROSARIO,Rosario,Asfalto,S/D,II,Dentro,Urbana,S/D,S/D,Recta,S/D,S/D,S/D,Buen Tiempo,Múltiple,S/D,Colisión,S/D,S/D,S/D,S/D,"-32.948654, -60.6884062",['Pellegrini 4600'],1,Pellegrini 4600,-32.948654,-60.6884062,55.0,538.0,Municipio Rosario,Municipio,Rosario,820210,Servicio de Catastro e Información Territorial,IGN
2015,8185,2015-10-26,Lunes,0.0,09:00:00,,0.0,2,"Automóvil,Automóvil",San Juan Y Vera Mujica,4,2,0,0,2,0,0,,Calle,,ROSARIO,Rosario,S/D,S/D,II,Dentro,Urbana,S/D,S/D,Intersección,S/D,Buena,Diurna,Buen Tiempo,Lateral,S/D,Colisión,S/D,S/D,S/D,S/D,POINT (-60.6678428 -32.94501609999999),"['San Juan', 'Vera Mujíca']",2,San Juan; Vera Mujíca,-32.94501609999999,-60.6678428,55.0,538.0,Municipio Rosario,Municipio,Rosario,820210,Servicio de Catastro e Información Territorial,IGN
2015,8186,2015-10-24,Sabado,0.0,13:45:00,,0.0,2,"Moto/Ciclomotor,Automóvil",3 De Febrero Y Mariano Moreno,2,1,0,0,1,0,0,,Calle,,ROSARIO,Rosario,Asfalto,No existe,II,Dentro,Urbana,Ninguna,S/D,Intersección,Bueno,Buena,Diurna,Buen Tiempo,Lateral,S/D,Colisión,S/D,S/D,Cordón divisorio,Sin restricción,POINT (-60.6522175 -32.95056480000001),"['3 de Febrero', 'Mariano Moreno']",2,3 de Febrero; Mariano Moreno,-32.95056480000001,-60.6522175,55.0,538.0,Municipio Rosario,Municipio,Rosario,820210,Servicio de Catastro e Información Territorial,IGN
2015,8187,2015-04-06,Lunes,0.0,,,0.0,2,"Moto/Ciclomotor,Moto/Ciclomotor",Rivarola 8000,3,2,0,0,1,0,0,,S/D,,ROSARIO,Rosario,S/D,S/D,II,S/D,S/D,S/D,S/D,S/D,S/D,S/D,S/D,S/D,S/D,S/D,S/D,S/D,S/D,S/D,S/D,"-32.9920624, -60.6278173",['Rivarola 8000'],1,Rivarola 8000,-32.9920624,-60.6278173,55.0,538.0,Municipio Rosario,Municipio,Rosario,820210,Servicio de Catastro e Información Territorial,IGN
2015,8188,2015-10-18,Domingo,0.0,16:05:00,,0.0,2,"Automóvil,Automóvil",Sarmiento Y Mendoza,3,1,0,0,2,0,0,,Calle,,ROSARIO,Rosario,Asfalto,S/D,II,Dentro,Urbana,Ninguna,S/D,Intersección,Bueno,S/D,Diurna,Buen Tiempo,Lateral,S/D,Colisión,S/D,Faltante,Cordón divisorio,Sin restricción,POINT (-60.6394302 -32.9514704),"['Sarmiento', 'Mendoza']",2,Sarmiento; Mendoza,-32.9514704,-60.6394302,55.0,538.0,Municipio Rosario,Municipio,Rosario,820210,Servicio de Catastro e Información Territorial,IGN
2015,8189,2015-10-13,Martes,0.0,19:45:00,,0.0,2,"Automóvil,Peatón",Mariano Moreno Y Montevideo,2,1,0,0,1,0,0,,Calle,,ROSARIO,Rosario,Asfalto,Pavimento,II,Dentro,Urbana,Ninguna,No existe,Intersección,Bueno,Buena,"Atardecer,Con luz artificial",Buen Tiempo,Lateral,S/D,Atropello,S/D,Faltante,Cordón divisorio,Sin restricción,POINT (-60.653066 -32.953913799999995),"['Mariano Moreno', 'Montevideo']",2,Mariano Moreno; Montevideo,-32.953913799999995,-60.653066,55.0,538.0,Municipio Rosario,Municipio,Rosario,820210,Servicio de Catastro e Información Territorial,IGN
2015,8190,2015-10-02,Viernes,0.0,08:30:00,,0.0,2,"Taxi/Remis,Bicicleta",Tucuman Y Pte.Roca,2,1,0,0,1,0,0,,Calle,,ROSARIO,Rosario,Asfalto,S/D,II,Dentro,Urbana,S/D,No existe,Intersección,Bueno,Buena,Diurna,Buen Tiempo,S/D,S/D,Atropello,S/D,S/D,S/D,S/D,POINT (-60.64392070000001 -32.9405554),"['Tucumán', 'Roca']",2,Tucumán; Presidente Roca,-32.9405554,-60.64392070000001,55.0,538.0,Municipio Rosario,Municipio,Rosario,820210,Servicio de Catastro e Información Territorial,IGN
2015,8191,2015-10-18,Domingo,0.0,13:20:00,,0.0,2,"Automóvil,Moto/Ciclomotor",San Juan Y Balcarce,2,1,0,0,1,0,0,,Calle,,ROSARIO,Rosario,Asfalto,No existe,II,Dentro,Urbana,Ninguna,No existe,Intersección,Bueno,Buena,Diurna,Buen Tiempo,Lateral,S/D,Colisión,S/D,S/D,Barrera de hormigón,Sin restricción,POINT (-60.6528703 -32.947698),"['San Juan', 'Balcarce']",2,San Juan; Balcarce,-32.947698,-60.6528703,55.0,538.0,Municipio Rosario,Municipio,Rosario,820210,Servicio de Catastro e Información Territorial,IGN
2015,8192,2015-10-08,Jueves,0.0,13:10:00,,0.0,2,"Automóvil,Moto/Ciclomotor",San Juan Y Mariano Moreno,2,1,0,0,1,0,0,,Calle,,ROSARIO,Rosario,Asfalto,S/D,II,Dentro,Urbana,Ninguna,No existe,Intersección,Bueno,Buena,Diurna,Buen Tiempo,Lateral,S/D,Colisión,S/D,Faltante,Cordón divisorio,Sin restricción,POINT (-60.651551100000006 -32.94793200000001),"['San Juan', 'Mariano Moreno']",2,San Juan; Mariano Moreno,-32.94793200000001,-60.651551100000006,55.0,538.0,Municipio Rosario,Municipio,Rosario,820210,Servicio de Catastro e Información Territorial,IGN
2015,8193,2015-10-09,Viernes,0.0,19:30:00,,0.0,3,"Bicicleta,Transporte de Pasajeros Urbano (> 8 asientos),Automóvil",San Luis 1100,3,1,0,0,2,0,0,,Calle,,ROSARIO,Rosario,Asfalto,No existe,II,Dentro,Urbana,Ninguna,S/D,Recta,Bueno,Buena,"Nocturna,Con luz artificial",Buen Tiempo,Múltiple,S/D,Atropello,S/D,S/D,Cordón divisorio,Sin restricción,"-32.9490142, -60.6387255",['San Luis 1100'],1,San Luis 1100,-32.9490142,-60.6387255,55.0,538.0,Municipio Rosario,Municipio,Rosario,820210,Servicio de Catastro e Información Territorial,IGN
2015,8194,2015-10-05,Lunes,0.0,17:50:00,,0.0,2,"Peatón,Taxi/Remis",España Y Catamarca,2,1,0,0,1,0,0,,Calle,,ROSARIO,Rosario,Asfalto,S/D,II,Dentro,Urbana,Semáforo,Funciona,Intersección,Bueno,Buena,Diurna,Buen Tiempo,S/D,S/D,Atropello,S/D,Vertical,S/D,S/D,POINT (-60.6450235 -32.93913189999999),"['España', 'Catamarca']",2,España; Catamarca,-32.93913189999999,-60.6450235,55.0,538.0,Municipio Rosario,Municipio,Rosario,820210,Servicio de Catastro e Información Territorial,IGN
2015,8196,2015-10-01,Jueves,0.0,23:30:00,,0.0,2,"Moto/Ciclomotor,Automóvil",3 De Febrero Y Av. Corrientes,2,1,0,0,1,0,0,,Calle,,ROSARIO,Rosario,Asfalto,S/D,II,Dentro,Urbana,Ninguna,S/D,Intersección,Bueno,Buena,"Nocturna,Con luz artificial",Buen Tiempo,Lateral,S/D,Colisión,S/D,Faltante,Cordón divisorio,Sin restricción,POINT (-60.6438985 -32.952018499999994),"['3 de Febrero', 'Corrientes']",2,3 de Febrero; Corrientes,-32.952018499999994,-60.6438985,55.0,538.0,Municipio Rosario,Municipio,Rosario,820210,Servicio de Catastro e Información Territorial,IGN
2015,8198,2015-10-01,Jueves,0.0,08:30:00,,0.0,2,"Moto/Ciclomotor,Automóvil",Mariano Moreno Y 3 De Febrero,2,1,0,0,1,0,0,,Calle,,ROSARIO,Rosario,Asfalto,S/D,II,Dentro,Urbana,Ninguna,No existe,Intersección,Bueno,Buena,Diurna,Buen Tiempo,Lateral,S/D,Colisión,S/D,Faltante,Cordón divisorio,Sin restricción,POINT (-60.6522175 -32.95056480000001),"['Mariano Moreno', '3 de Febrero']",2,Mariano Moreno; 3 de Febrero,-32.95056480000001,-60.6522175,55.0,538.0,Municipio Rosario,Municipio,Rosario,820210,Servicio de Catastro e Información Territorial,IGN
2015,8199,2015-10-11,Domingo,0.0,04:30:00,,0.0,1,Automóvil,Alvear Y Jujuy,1,1,0,0,0,0,0,,Calle,,ROSARIO,Rosario,Asfalto,No existe,II,Dentro,Urbana,S/D,No existe,Intersección,Bueno,Buena,Nocturna,Buen Tiempo,Contra objeto fijo,S/D,Colisión,S/D,S/D,S/D,Sin restricción,POINT (-60.652614400000004 -32.935274099999994),"['Alvear', 'Jujuy']",2,Alvear; Jujuy,-32.935274099999994,-60.6526144,55.0,538.0,Municipio Rosario,Municipio,Rosario,820210,Servicio de Catastro e Información Territorial,IGN
2015,8200,2015-10-05,Lunes,0.0,17:00:00,,0.0,2,"Moto/Ciclomotor,Automóvil",E.Zeballos Y Italia,2,1,0,0,1,0,0,,Calle,,ROSARIO,Rosario,Asfalto,Pavimento,II,Dentro,Urbana,Ninguna,No existe,S/D,Bueno,Buena,Diurna,Buen Tiempo,Lateral,S/D,Colisión,S/D,S/D,Cordón divisorio,Sin restricción,POINT (-60.650023 -32.95327000000001),"['Zeballos', 'Italia']",2,Zeballos; Italia,-32.95327000000001,-60.650023,55.0,538.0,Municipio Rosario,Municipio,Rosario,820210,Servicio de Catastro e Información Territorial,IGN
2015,8201,2015-10-12,Lunes,0.0,10:00:00,,0.0,2,"Automóvil,Automóvil",Bv. Oroño Y San Lorenzo,3,1,0,0,2,0,0,,Calle,,ROSARIO,Rosario,Asfalto,No existe,II,Dentro,Urbana,Señal Pare,No existe,Intersección,Bueno,Buena,Diurna,Buen Tiempo,Lateral,S/D,Colisión,S/D,S/D,Ninguna,S/D,POINT (-60.652740599999994 -32.9414065),"['Bulevar Nicasio Oroño', 'San Lorenzo']",2,Bulevar Nicasio Oroño; San Lorenzo,-32.9414065,-60.6527406,55.0,538.0,Municipio Rosario,Municipio,Rosario,820210,Servicio de Catastro e Información Territorial,IGN