anio_acci,nro_acci,fecha,desc_dia,fecha_aprox,hora_aprox,desc_ruta,km,cant_participantes,desc_participante,calle_avenida_km,total,heridos_leves,heridos_graves,heridos_gravisimos,ilesos,fallecidos,sin_datos,posicion_XY,desc_tipo_via,desc_ruta_ori,desc_loc,desc_dpto,desc_tipo_calzada,desc_tipo_banquina,desc_unidad_regional,desc_lugar_calzada,desc_zona,desc_prioridad,desc_estado_semaforo,desc_lugar_via,desc_estado_via,desc_estado_visibilidad,desc_luminosidad,desc_estado_clima,desc_tipo_colision,desc_tipo_atropello,desc_tipo_hecho,desc_pres_calzada,desc_senializacion,desc_separacion_via,desc_restriccion,forma_geocod,calle_lista,numero_calles,calles_osm,lat,lon,index_right,gid,fna,gna,nam,in1,fdc,sag
2015,8202,2015-10-05,Lunes,0.0,22:50:00,,0.0,1,Moto/Ciclomotor,San Martin Y Rioja,2,1,0,0,1,0,0,,Calle,,ROSARIO,Rosario,Asfalto,No existe,II,Dentro,Urbana,Ninguna,No existe,Intersección,Bueno,Buena,"Nocturna,Con luz artificial",Buen Tiempo,S/D,S/D,Colisión,S/D,Faltante,Cordón divisorio,Sin restricción,POINT (-60.63700219999999 -32.94798279999999),"['San Martin', 'Rioja']",2,José de San Martín; Rioja,-32.94798279999999,-60.63700219999999,55.0,538.0,Municipio Rosario,Municipio,Rosario,820210,Servicio de Catastro e Información Territorial,IGN
2015,8203,2015-10-08,Jueves,0.0,10:05:00,,0.0,2,"Automóvil,Peatón",Mendoza Y Pte.Roca,2,1,0,0,1,0,0,,Calle,,ROSARIO,Rosario,Asfalto,S/D,II,Dentro,Urbana,Ninguna,S/D,Intersección,Bueno,Buena,Diurna,S/D,S/D,S/D,Atropello,S/D,Faltante,Cordón divisorio,Sin restricción,POINT (-60.64637449999999 -32.95029259999999),"['Mendoza', 'Roca']",2,Mendoza; Presidente Roca,-32.95029259999999,-60.64637449999999,55.0,538.0,Municipio Rosario,Municipio,Rosario,820210,Servicio de Catastro e Información Territorial,IGN
2015,8204,2015-10-08,Jueves,0.0,19:30:00,,0.0,2,"Automóvil,Moto/Ciclomotor",E.Zeballos Y Alvear,3,2,0,0,1,0,0,,Calle,,ROSARIO,Rosario,Asfalto,No existe,II,Dentro,Urbana,Ninguna,No existe,Intersección,Bueno,Buena,"Atardecer,Con luz artificial",Buen Tiempo,Lateral,S/D,Colisión,S/D,S/D,Cordón divisorio,Sin restricción,POINT (-60.6568183 -32.9520403),"['Zeballos', 'Alvear']",2,Zeballos; Alvear,-32.9520403,-60.6568183,55.0,538.0,Municipio Rosario,Municipio,Rosario,820210,Servicio de Catastro e Información Territorial,IGN
2015,8206,2015-10-02,Viernes,0.0,16:45:00,,0.0,2,"Moto/Ciclomotor,Automóvil",Alvear 1600,2,1,0,0,1,0,0,,Calle,,ROSARIO,Rosario,Asfalto,No existe,II,Dentro,Urbana,Ninguna,No existe,Recta,Bueno,Buena,Diurna,Buen Tiempo,Lateral,S/D,Colisión,S/D,Faltante,Cordón divisorio,Sin restricción,"-32.9530327, -60.6571212",['Alvear 1600'],1,Alvear 1600,-32.9530327,-60.6571212,55.0,538.0,Municipio Rosario,Municipio,Rosario,820210,Servicio de Catastro e Información Territorial,IGN
2015,8207,2015-10-13,Martes,0.0,14:25:00,,0.0,2,"Automóvil,Moto/Ciclomotor",Tucuman Y Paraguay,2,1,0,0,1,0,0,,Calle,,ROSARIO,Rosario,Asfalto,Pavimento,II,Dentro,Urbana,S/D,No existe,Intersección,Bueno,Buena,Diurna,Buen Tiempo,Lateral,S/D,Colisión,S/D,S/D,Ninguna,Sin restricción,POINT (-60.6425624 -32.94080369999999),"['Tucumán', 'Paraguay']",2,Tucumán; Paraguay,-32.94080369999999,-60.6425624,55.0,538.0,Municipio Rosario,Municipio,Rosario,820210,Servicio de Catastro e Información Territorial,IGN
2015,8222,2015-10-19,Lunes,0.0,11:50:00,,0.0,2,"Automóvil,Moto/Ciclomotor",Bv. Oroño Y Guemes,2,1,0,0,1,0,0,,Avenida,,ROSARIO,Rosario,Asfalto,Pavimento,II,Dentro,Urbana,Ninguna,S/D,Intersección,Bueno,Buena,Diurna,Buen Tiempo,Otro,S/D,Colisión,Otro,S/D,Ninguna,Sin restricción,POINT (-60.6506482 -32.9332604),"['Bulevar Nicasio Oroño', 'Güemes']",2,Bulevar Nicasio Oroño; Güemes,-32.9332604,-60.6506482,55.0,538.0,Municipio Rosario,Municipio,Rosario,820210,Servicio de Catastro e Información Territorial,IGN
2015,8223,2015-10-24,Sabado,0.0,19:00:00,,0.0,2,"Automóvil,Moto/Ciclomotor",Tucuman Y Mitre,2,1,0,0,1,0,0,,Calle,,ROSARIO,Rosario,Asfalto,No existe,II,Dentro,Urbana,Ninguna,Funciona,Intersección,Bueno,Buena,Diurna,Buen Tiempo,Otro,S/D,Colisión,Otro,S/D,Ninguna,Sin restricción,POINT (-60.6383947 -32.94156490000001),"['Tucumán', 'Mitre']",2,Tucumán; Bartolomé Mitre,-32.94156490000001,-60.6383947,55.0,538.0,Municipio Rosario,Municipio,Rosario,820210,Servicio de Catastro e Información Territorial,IGN
2015,8225,2015-10-26,Lunes,0.0,17:30:00,,0.0,2,"Taxi/Remis,Moto/Ciclomotor",Bv. Oroño Y Tucuman,3,2,0,0,1,0,0,,Avenida,,ROSARIO,Rosario,Asfalto,Pavimento,II,Dentro,Urbana,Ninguna,S/D,Intersección,Bueno,Buena,Diurna,Buen Tiempo,Otro,S/D,Colisión,Otro,S/D,Ninguna,Sin restricción,POINT (-60.6521219 -32.9390762),"['Bulevar Nicasio Oroño', 'Tucumán']",2,Bulevar Nicasio Oroño; Tucumán,-32.9390762,-60.6521219,55.0,538.0,Municipio Rosario,Municipio,Rosario,820210,Servicio de Catastro e Información Territorial,IGN
2015,8226,2015-10-08,Jueves,0.0,08:10:00,,0.0,2,"Moto/Ciclomotor,Bicicleta",Av. Pellegrini Y Bv. Oroño,2,1,0,0,1,0,0,,Avenida,,ROSARIO,Rosario,Asfalto,S/D,II,Dentro,Urbana,Ninguna,No existe,Intersección,Bueno,Buena,Diurna,Buen Tiempo,S/D,S/D,Atropello,S/D,Faltante,Cordón divisorio,Sin restricción,POINT (-60.656023850000004 -32.95457175),"['Pellegrini', 'Bulevar Nicasio Oroño']",2,Avenida Carlos Pellegrini; Bulevar Nicasio Oroño,-32.95457175,-60.65602385,55.0,538.0,Municipio Rosario,Municipio,Rosario,820210,Servicio de Catastro e Información Territorial,IGN
2015,8227,2015-10-16,Viernes,0.0,14:55:00,,0.0,2,"Bicicleta,Automóvil",Mitre Y San Juan,2,1,0,0,1,0,0,,Calle,,ROSARIO,Rosario,Asfalto,S/D,II,Dentro,Urbana,Ninguna,S/D,Intersección,Bueno,S/D,Diurna,Buen Tiempo,S/D,S/D,Atropello,S/D,S/D,Cordón divisorio,Sin restricción,POINT (-60.64049610000001 -32.9499007),"['Mitre', 'San Juan']",2,Bartolomé Mitre; San Juan,-32.9499007,-60.64049610000001,55.0,538.0,Municipio Rosario,Municipio,Rosario,820210,Servicio de Catastro e Información Territorial,IGN
2015,8228,2015-10-22,Jueves,0.0,12:00:00,,0.0,2,"Automóvil,Peatón",Italia 700,2,1,0,0,1,0,0,,Calle,,ROSARIO,Rosario,Asfalto,Pavimento,II,Dentro,Urbana,Ninguna,No existe,Recta,Bueno,Buena,Diurna,Buen Tiempo,S/D,S/D,Atropello,S/D,S/D,Cordón divisorio,Sin restricción,"-32.9432419, -60.6475476",['Italia 700'],1,Italia 700,-32.9432419,-60.6475476,55.0,538.0,Municipio Rosario,Municipio,Rosario,820210,Servicio de Catastro e Información Territorial,IGN
2015,8230,2015-10-20,Martes,0.0,17:30:00,,0.0,2,"Peatón,Automóvil",San Luis 1900,2,1,0,0,1,0,0,,Calle,,ROSARIO,Rosario,Asfalto,No existe,II,Dentro,Urbana,Paso Peatonal,Funciona,Recta,Bueno,Buena,Diurna,Buen Tiempo,Otro,S/D,Atropello,S/D,Vertical,Cordón divisorio,Sin restricción,"-32.9470206, -60.6496915",['San Luis 1900'],1,San Luis 1900,-32.9470206,-60.6496915,55.0,538.0,Municipio Rosario,Municipio,Rosario,820210,Servicio de Catastro e Información Territorial,IGN
2015,8231,2015-10-24,Sabado,0.0,08:15:00,,0.0,2,"Automóvil,Moto/Ciclomotor",Cordoba Y Balcarce,3,1,0,0,2,0,0,,Calle,,ROSARIO,Rosario,Asfalto,No existe,II,Dentro,Urbana,Ninguna,No existe,Intersección,Bueno,Buena,Diurna,Buen Tiempo,Lateral,S/D,Colisión,S/D,Faltante,Cordón divisorio,Sin restricción,POINT (-60.65191980000001 -32.943977999999994),"['Córdoba', 'Balcarce']",2,Córdoba; Balcarce,-32.943977999999994,-60.65191980000001,55.0,538.0,Municipio Rosario,Municipio,Rosario,820210,Servicio de Catastro e Información Territorial,IGN
2015,8233,2015-10-20,Martes,0.0,17:30:00,,0.0,2,"Automóvil,Moto/Ciclomotor",Santa Fe Y Balcarce,2,1,0,0,1,0,0,,Calle,,ROSARIO,Rosario,Asfalto,S/D,II,Dentro,Urbana,Ninguna,No existe,Recta,Bueno,Buena,Diurna,Buen Tiempo,Frontal,S/D,Colisión,S/D,Faltante,Cordón divisorio,Sin restricción,POINT (-60.65159370000001 -32.94261169999999),"['Santa Fe', 'Balcarce']",2,Santa Fe; Balcarce,-32.94261169999999,-60.65159370000001,55.0,538.0,Municipio Rosario,Municipio,Rosario,820210,Servicio de Catastro e Información Territorial,IGN
2015,8235,2015-10-19,Lunes,0.0,12:30:00,,0.0,2,"Moto/Ciclomotor,Automóvil",Bv. Rondeau 3354,2,1,0,0,1,0,0,,Avenida,,ROSARIO,Rosario,Asfalto,No existe,II,Dentro,Urbana,Ninguna,No existe,Recta,Bueno,Buena,Diurna,Buen Tiempo,Frontal,S/D,Colisión,Ninguna,Faltante,Ninguna,Sin restricción,"-32.88427160612245, -60.695241138775515",['Rondeau 3354'],1,Rondeau 3354,-32.88427160612245,-60.69524113877552,55.0,538.0,Municipio Rosario,Municipio,Rosario,820210,Servicio de Catastro e Información Territorial,IGN
2015,8239,2015-10-01,Jueves,0.0,16:45:00,,0.0,2,"Moto/Ciclomotor,Peatón",Bv. Rondeau Y Maciel,2,1,0,0,1,0,0,,Calle,,ROSARIO,Rosario,Asfalto,No existe,II,Dentro,Urbana,Ninguna,No existe,Intersección,Bueno,Buena,Diurna,Buen Tiempo,Frontal,S/D,Colisión,Ninguna,Faltante,Ninguna,Sin restricción,POINT (-60.689565099999996 -32.90381935),"['Rondeau', 'Maciel']",2,Bulevar General José Rondeau; Maciel,-32.90381935,-60.6895651,55.0,538.0,Municipio Rosario,Municipio,Rosario,820210,Servicio de Catastro e Información Territorial,IGN
2015,8240,2015-10-01,Jueves,0.0,22:05:00,,0.0,1,Taxi/Remis,Bv. Rondeau Y Asamblea,2,1,0,0,1,0,0,,Calle,,ROSARIO,Rosario,Asfalto,No existe,II,Dentro,Urbana,Ninguna,No existe,Intersección,Bueno,Buena,Nocturna,Buen Tiempo,Contra objeto fijo,S/D,Colisión,Ninguna,Faltante,Ninguna,Sin restricción,POINT (-60.687077900000006 -32.91154459999999),"['Rondeau', 'Asamblea']",2,Bulevar General José Rondeau; Asamblea,-32.91154459999999,-60.687077900000006,55.0,538.0,Municipio Rosario,Municipio,Rosario,820210,Servicio de Catastro e Información Territorial,IGN
2015,8241,2015-10-04,Domingo,0.0,22:20:00,,0.0,2,"Automóvil,Automóvil",Bv. Rondeau Y Ricardo Gutierrez,2,2,0,0,0,0,0,,Calle,,ROSARIO,Rosario,Asfalto,No existe,II,Dentro,Urbana,Ninguna,Funciona,Intersección,Bueno,Buena,Nocturna,Buen Tiempo,Frontal,S/D,Colisión,Ninguna,Vertical,Ninguna,Sin restricción,POINT (-60.69635505 -32.881465649999996),"['Rondeau', 'Ricardo Gutierrez']",2,Bulevar General José Rondeau; Ricardo Gutierrez,-32.88146565,-60.69635505,55.0,538.0,Municipio Rosario,Municipio,Rosario,820210,Servicio de Catastro e Información Territorial,IGN
2015,8242,2015-10-02,Viernes,0.0,08:56:00,,0.0,2,"Automóvil,Moto/Ciclomotor",Av. Cabassa Y Esquivel,2,1,0,0,1,0,0,,Calle,,ROSARIO,Rosario,Asfalto,No existe,II,Dentro,Urbana,Ninguna,No existe,Intersección,Bueno,Buena,Diurna,Buen Tiempo,Frontal,S/D,Colisión,Ninguna,Faltante,Ninguna,Sin restricción,POINT (-60.7028039 -32.9053929),"['Cabassa', 'Esquivel']",2,Avenida Cabassa; Esquivel,-32.9053929,-60.7028039,55.0,538.0,Municipio Rosario,Municipio,Rosario,820210,Servicio de Catastro e Información Territorial,IGN
2015,8244,2015-10-18,Domingo,0.0,,,0.0,2,"Moto/Ciclomotor,Taxi/Remis",Av. Genova Y Barra,3,1,0,0,2,0,0,,Calle,,ROSARIO,Rosario,S/D,S/D,II,S/D,Urbana,S/D,S/D,S/D,S/D,S/D,S/D,S/D,S/D,S/D,Colisión,S/D,S/D,S/D,S/D,POINT (-60.7080879 -32.9158538),"['Genova', 'Barra']",2,Avenida Génova; Barraco,-32.9158538,-60.7080879,55.0,538.0,Municipio Rosario,Municipio,Rosario,820210,Servicio de Catastro e Información Territorial,IGN
2015,8246,2015-10-26,Lunes,0.0,23:45:00,,0.0,2,"Moto/Ciclomotor,Automóvil",Albert Sabin Y Casilda,3,1,0,0,2,0,0,,Calle,,ROSARIO,Rosario,Asfalto,S/D,II,Dentro,Urbana,S/D,S/D,Intersección,S/D,S/D,Nocturna,S/D,S/D,S/D,Colisión,S/D,S/D,S/D,S/D,POINT (-60.6778142 -32.9281639),"['Avenida Travesía Albert Sabin', 'Casilda']",2,Avenida Travesía Albert Sabin; Casilda,-32.9281639,-60.6778142,55.0,538.0,Municipio Rosario,Municipio,Rosario,820210,Servicio de Catastro e Información Territorial,IGN
2015,8247,2015-10-26,Lunes,0.0,17:00:00,,0.0,2,"Bicicleta,Automóvil",Av. Luis Carballo Y Rawson Bis,2,1,0,0,0,0,1,,Calle,,ROSARIO,Rosario,Asfalto,S/D,II,Dentro,Urbana,S/D,S/D,Intersección,S/D,S/D,Diurna,S/D,S/D,S/D,Atropello,S/D,S/D,S/D,S/D,POINT (-60.66940076666666 -32.92182163333333),"['Avenida Doctor Luis Cándido Carballo', 'Rawson']",2,Avenida Doctor Luis Cándido Carballo; Rawson,-32.92182163333333,-60.66940076666666,55.0,538.0,Municipio Rosario,Municipio,Rosario,820210,Servicio de Catastro e Información Territorial,IGN
2015,8248,2015-10-23,Viernes,0.0,23:00:00,,0.0,2,"Automóvil,Automóvil",Av. Alberdi Bis Y Gorriti,2,1,0,0,1,0,0,,Calle,,ROSARIO,Rosario,Asfalto,S/D,II,Dentro,Urbana,S/D,S/D,Intersección,S/D,S/D,Nocturna,S/D,S/D,S/D,Colisión,S/D,S/D,S/D,S/D,POINT (-60.6790462 -32.923453200000004),"['Alberdi', 'Gorriti']",2,Avenida Alberdi; Gorriti,-32.923453200000004,-60.6790462,55.0,538.0,Municipio Rosario,Municipio,Rosario,820210,Servicio de Catastro e Información Territorial,IGN
2015,8249,2015-10-26,Lunes,0.0,08:00:00,,0.0,2,"Moto/Ciclomotor,Automóvil",Albert Sabin Y Don Bosco,3,1,0,0,2,0,0,,Calle,,ROSARIO,Rosario,Asfalto,S/D,II,Dentro,Urbana,S/D,S/D,Intersección,S/D,S/D,Diurna,S/D,S/D,S/D,Colisión,S/D,S/D,S/D,S/D,POINT (-60.680446399999994 -32.92631725),"['Avenida Travesía Albert Sabin', 'Don Bosco']",2,Avenida Travesía Albert Sabin; Don Bosco,-32.92631725,-60.6804464,55.0,538.0,Municipio Rosario,Municipio,Rosario,820210,Servicio de Catastro e Información Territorial,IGN
2015,8250,2015-10-23,Viernes,0.0,23:45:00,,0.0,2,"Moto/Ciclomotor,Automóvil",Bv. Avellaneda Y Velez Sarsfield,3,2,0,0,1,0,0,,Calle,,ROSARIO,Rosario,Asfalto,S/D,II,Dentro,Urbana,S/D,S/D,Intersección,S/D,S/D,Nocturna,S/D,S/D,S/D,Colisión,S/D,S/D,S/D,S/D,POINT (-60.67554685 -32.92489504999999),"['Avellaneda', 'Vélez Sarsfield']",2,Bulevar Nicolás Avellaneda; Vélez Sarsfield,-32.92489504999999,-60.67554685,55.0,538.0,Municipio Rosario,Municipio,Rosario,820210,Servicio de Catastro e Información Territorial,IGN
2015,8252,2015-10-03,Sabado,0.0,01:00:00,,0.0,2,"Automóvil,Moto/Ciclomotor",Montes Carballo 200,2,1,0,0,1,0,0,,Calle,,ROSARIO,Rosario,Asfalto,S/D,II,Dentro,Urbana,S/D,S/D,Recta,S/D,S/D,Nocturna,S/D,S/D,S/D,Colisión,S/D,S/D,S/D,S/D,"-32.9664234, -60.7321577",['Montes Carballo 200'],1,Montes Carballo 200,-32.9664234,-60.7321577,55.0,538.0,Municipio Rosario,Municipio,Rosario,820210,Servicio de Catastro e Información Territorial,IGN
2015,8253,2015-10-08,Jueves,0.0,07:35:00,,0.0,2,"Automóvil,Automóvil",Albert Sabin Y Mar del Plata,2,1,0,0,1,0,0,,Calle,,ROSARIO,Rosario,Asfalto,S/D,II,Dentro,Urbana,S/D,S/D,Intersección,S/D,S/D,Diurna,S/D,S/D,S/D,Colisión,S/D,S/D,S/D,S/D,POINT (-60.681982500000004 -32.92518055000001),"['Avenida Travesía Albert Sabin', 'Mar del Plata']",2,Avenida Travesía Albert Sabin; Mar del Plata,-32.92518055000001,-60.6819825,55.0,538.0,Municipio Rosario,Municipio,Rosario,820210,Servicio de Catastro e Información Territorial,IGN
2015,8254,2015-10-11,Domingo,0.0,23:15:00,,0.0,2,"Automóvil,Moto/Ciclomotor",Av. Luis Carballo Y Echeverria Bis,2,1,0,0,1,0,0,,Calle,,ROSARIO,Rosario,Asfalto,S/D,II,Dentro,Urbana,S/D,S/D,Intersección,S/D,S/D,Nocturna,S/D,S/D,S/D,Colisión,S/D,S/D,S/D,S/D,POINT (-60.672244250000006 -32.921920799999995),"['Avenida Doctor Luis Cándido Carballo', 'Echeverría']",2,Avenida Doctor Luis Cándido Carballo; Echeverría,-32.921920799999995,-60.672244250000006,55.0,538.0,Municipio Rosario,Municipio,Rosario,820210,Servicio de Catastro e Información Territorial,IGN
2015,8256,2015-10-15,Jueves,0.0,19:40:00,,0.0,2,"Moto/Ciclomotor,Taxi/Remis",Albert Sabin Y Bv. Avellaneda,2,1,0,0,1,0,0,,Avenida,,ROSARIO,Rosario,Asfalto,S/D,II,Dentro,Urbana,S/D,S/D,Intersección,S/D,S/D,Atardecer,S/D,S/D,S/D,Colisión,S/D,S/D,S/D,S/D,POINT (-60.67658666 -32.9288765),"['Avenida Travesía Albert Sabin', 'Avellaneda']",2,Avenida Travesía Albert Sabin; Bulevar Nicolás Avellaneda,-32.9288765,-60.67658666,55.0,538.0,Municipio Rosario,Municipio,Rosario,820210,Servicio de Catastro e Información Territorial,IGN
2015,8258,2015-10-16,Viernes,0.0,13:00:00,,0.0,2,"Automóvil,Automóvil",Casilda Y Stephenson,4,2,0,0,2,0,0,,Calle,,ROSARIO,Rosario,Asfalto,S/D,II,Dentro,Urbana,S/D,S/D,Intersección,S/D,S/D,Diurna,S/D,S/D,S/D,Colisión,S/D,S/D,S/D,S/D,POINT (-60.6790103 -32.928199599999985),"['Casilda', 'Stephenson']",2,Casilda; Stephenson,-32.928199599999985,-60.6790103,55.0,538.0,Municipio Rosario,Municipio,Rosario,820210,Servicio de Catastro e Información Territorial,IGN
2015,8260,2015-10-18,Domingo,0.0,13:45:00,,0.0,2,"Moto/Ciclomotor,Taxi/Remis",Av. Provincias Unidas Y Av. Sorrento,2,1,0,0,1,0,0,,Avenida,,ROSARIO,Rosario,S/D,S/D,II,S/D,Urbana,S/D,S/D,S/D,S/D,S/D,Diurna,S/D,S/D,S/D,Colisión,S/D,S/D,S/D,S/D,POINT (-60.714102249999996 -32.9083328),"['Avenida Provincias Unidas', 'Sorrento']",2,Avenida Provincias Unidas; Avenida Sorrento,-32.9083328,-60.71410225,55.0,538.0,Municipio Rosario,Municipio,Rosario,820210,Servicio de Catastro e Información Territorial,IGN
2015,8263,2015-10-05,Lunes,0.0,13:00:00,,0.0,2,"Automóvil,Automóvil",Jose Ingenieros Y Mariano Cabal Bis,2,1,0,0,1,0,0,,Calle,,ROSARIO,Rosario,Asfalto,No existe,II,S/D,Urbana,S/D,No existe,Intersección,S/D,Buena,Diurna,S/D,S/D,S/D,Colisión,S/D,S/D,S/D,S/D,POINT (-60.70274800000001 -32.9167849),"['José Ingenieros', 'Mariano Cabal']",2,José Ingenieros; Mariano Cabal,-32.9167849,-60.70274800000001,55.0,538.0,Municipio Rosario,Municipio,Rosario,820210,Servicio de Catastro e Información Territorial,IGN
2015,8264,2015-10-12,Lunes,0.0,,,0.0,2,"Moto/Ciclomotor,Taxi/Remis",J.J.Paso 6500,2,1,0,0,1,0,0,,Calle,,ROSARIO,Rosario,S/D,S/D,II,S/D,Urbana,S/D,S/D,S/D,S/D,S/D,S/D,S/D,S/D,S/D,Colisión,S/D,S/D,S/D,S/D,"-32.9201158, -60.7115328",['Juan José Paso 6500'],1,Juan José Paso 6500,-32.9201158,-60.7115328,55.0,538.0,Municipio Rosario,Municipio,Rosario,820210,Servicio de Catastro e Información Territorial,IGN
2015,8268,2015-10-03,Sabado,0.0,17:30:00,,0.0,2,"Moto/Ciclomotor,Taxi/Remis",Campbell Y J.J.Paso,3,1,0,0,2,0,0,,Calle,,ROSARIO,Rosario,Asfalto,No existe,II,S/D,Urbana,S/D,No existe,Intersección,Bueno,S/D,Diurna,S/D,S/D,S/D,Colisión,S/D,S/D,S/D,S/D,POINT (-60.70865715000001 -32.92010505),"['Campbell', 'Paso']",2,Campbell; Avenida Juan José Paso,-32.92010505,-60.70865715000001,55.0,538.0,Municipio Rosario,Municipio,Rosario,820210,Servicio de Catastro e Información Territorial,IGN
2015,8269,2015-10-31,Sabado,0.0,12:30:00,,0.0,2,"Moto/Ciclomotor,Automóvil",Iguazu ,2,1,0,0,1,0,0,,Calle,,ROSARIO,Rosario,Asfalto,S/D,II,Dentro,Urbana,S/D,S/D,Intersección,S/D,S/D,Diurna,S/D,S/D,S/D,Colisión,S/D,S/D,S/D,S/D,"-32.9244189, -60.686509",['Iguazu'],1,Iguazu,-32.9244189,-60.686509,55.0,538.0,Municipio Rosario,Municipio,Rosario,820210,Servicio de Catastro e Información Territorial,IGN
2015,8270,2015-10-28,Miercoles,0.0,12:20:00,,0.0,2,"Moto/Ciclomotor,Automóvil",Vera Mujica Y Pje. Arenales,2,1,0,0,1,0,0,,Calle,,ROSARIO,Rosario,Asfalto,S/D,II,Dentro,Urbana,S/D,S/D,Intersección,Bueno,S/D,Diurna,S/D,S/D,S/D,Colisión,S/D,S/D,S/D,S/D,POINT (-60.66298770000001 -32.9258289),"['Vera Mujíca', 'Arenales']",2,Vera Mujíca; Arenales,-32.9258289,-60.66298770000001,55.0,538.0,Municipio Rosario,Municipio,Rosario,820210,Servicio de Catastro e Información Territorial,IGN
2015,8271,2015-10-06,Martes,0.0,12:50:00,,0.0,2,"Automóvil,Moto/Ciclomotor",Brown Y Rodriguez,2,1,0,0,1,0,0,,Calle,,ROSARIO,Rosario,Asfalto,No existe,II,Dentro,Urbana,Ninguna,No existe,Recta,S/D,Buena,Diurna,Buen Tiempo,S/D,S/D,Colisión,S/D,Faltante,Ninguna,Sin restricción,POINT (-60.6563725 -32.9334435),"['Brown', 'Rodríguez']",2,Almirante Brown; Rodríguez de Escobedo,-32.9334435,-60.6563725,55.0,538.0,Municipio Rosario,Municipio,Rosario,820210,Servicio de Catastro e Información Territorial,IGN
2015,8273,2015-10-07,Miercoles,0.0,12:30:00,,0.0,2,"Automóvil,Moto/Ciclomotor",San Lorenzo Y Rodriguez,2,1,0,0,1,0,0,,Calle,,ROSARIO,Rosario,S/D,No existe,II,Dentro,Urbana,Ninguna,No existe,Recta,S/D,Buena,Diurna,Buen Tiempo,S/D,S/D,Colisión,S/D,Faltante,Ninguna,Sin restricción,POINT (-60.658118800000004 -32.9404409),"['San Lorenzo', 'Rodríguez']",2,San Lorenzo; Rodríguez de Escobedo,-32.9404409,-60.6581188,55.0,538.0,Municipio Rosario,Municipio,Rosario,820210,Servicio de Catastro e Información Territorial,IGN
2015,8274,2015-10-09,Viernes,0.0,14:30:00,,0.0,2,"Automóvil,Moto/Ciclomotor",Urquiza Y San Nicolas,2,1,0,0,1,0,0,,Calle,,ROSARIO,Rosario,Asfalto,No existe,II,Dentro,Urbana,Ninguna,No existe,Recta,S/D,Buena,Diurna,Buen Tiempo,S/D,S/D,S/D,S/D,S/D,Ninguna,Sin restricción,POINT (-60.6714596 -32.93685429999999),"['Urquiza', 'San Nicolás']",2,Justo José de Urquiza; San Nicolás,-32.93685429999999,-60.6714596,55.0,538.0,Municipio Rosario,Municipio,Rosario,820210,Servicio de Catastro e Información Territorial,IGN
2015,8275,2015-10-14,Miercoles,0.0,15:00:00,,0.0,2,"Moto/Ciclomotor,Automóvil",San Lorenzo Y Cafferata,3,1,0,0,2,0,0,,Calle,,ROSARIO,Rosario,Asfalto,No existe,II,Dentro,Urbana,Ninguna,No existe,Recta,Bueno,Buena,Diurna,Buen Tiempo,S/D,S/D,Colisión,S/D,Vertical,S/D,Sin restricción,POINT (-60.6703896 -32.938265699999995),"['San Lorenzo', 'Cafferata']",2,San Lorenzo; Cafferata,-32.938265699999995,-60.6703896,55.0,538.0,Municipio Rosario,Municipio,Rosario,820210,Servicio de Catastro e Información Territorial,IGN
2015,8276,2015-10-18,Domingo,0.0,10:30:00,,0.0,2,"Automóvil,Moto/Ciclomotor",Cafferata 600,3,1,0,0,2,0,0,,Calle,,ROSARIO,Rosario,Asfalto,No existe,II,Dentro,Urbana,Ninguna,No existe,Recta,Bueno,Buena,Diurna,Buen Tiempo,S/D,S/D,Colisión,S/D,S/D,Ninguna,Sin restricción,"-32.9381021, -60.6704093",['Cafferata 600'],1,Cafferata 600,-32.9381021,-60.6704093,55.0,538.0,Municipio Rosario,Municipio,Rosario,820210,Servicio de Catastro e Información Territorial,IGN
2015,8277,2015-10-21,Miercoles,0.0,13:45:00,,0.0,2,"Vehículo Oficial,Pickup/Utilitario",Tucuman Y San Nicolas,3,2,0,0,1,0,0,,Calle,,ROSARIO,Rosario,Asfalto,No existe,II,Dentro,Urbana,Ninguna,No existe,Recta,S/D,Buena,Diurna,Buen Tiempo,S/D,S/D,Colisión,S/D,Faltante,Ninguna,Sin restricción,POINT (-60.6711576 -32.93566819999999),"['Tucumán', 'San Nicolás']",2,Tucumán; San Nicolás,-32.93566819999999,-60.6711576,55.0,538.0,Municipio Rosario,Municipio,Rosario,820210,Servicio de Catastro e Información Territorial,IGN
2015,8279,2015-10-22,Jueves,0.0,,,0.0,2,"Moto/Ciclomotor,Automóvil",Pasco Y P.L.Funes,2,1,0,0,1,0,0,,Calle,,ROSARIO,Rosario,Asfalto,No existe,II,Dentro,S/D,Ninguna,No existe,Intersección,Bueno,S/D,S/D,Buen Tiempo,Lateral,S/D,Colisión,Otro,Faltante,S/D,Sin restricción,POINT (-60.70073150000001 -32.9506537),"['Pasco', 'Funes']",2,Pasco; Deán Gregorio Funes,-32.9506537,-60.70073150000001,55.0,538.0,Municipio Rosario,Municipio,Rosario,820210,Servicio de Catastro e Información Territorial,IGN
2015,8281,2015-10-31,Sabado,0.0,,,0.0,2,"Moto/Ciclomotor,Moto/Ciclomotor",Guatemala Y Pje. Estudiante Aguilar,2,1,0,0,1,0,0,,Calle,,ROSARIO,Rosario,S/D,S/D,II,Dentro,S/D,S/D,S/D,S/D,S/D,S/D,S/D,S/D,S/D,S/D,S/D,S/D,S/D,S/D,S/D,POINT (-60.7166154 -32.95624990000001),"['Guatemala', 'Estudiante Aguilar']",2,Guatemala; Estudiante Aguilar,-32.95624990000001,-60.7166154,55.0,538.0,Municipio Rosario,Municipio,Rosario,820210,Servicio de Catastro e Información Territorial,IGN