anio_acci,nro_acci,fecha,desc_dia,fecha_aprox,hora_aprox,desc_ruta,km,cant_participantes,desc_participante,calle_avenida_km,total,heridos_leves,heridos_graves,heridos_gravisimos,ilesos,fallecidos,sin_datos,posicion_XY,desc_tipo_via,desc_ruta_ori,desc_loc,desc_dpto,desc_tipo_calzada,desc_tipo_banquina,desc_unidad_regional,desc_lugar_calzada,desc_zona,desc_prioridad,desc_estado_semaforo,desc_lugar_via,desc_estado_via,desc_estado_visibilidad,desc_luminosidad,desc_estado_clima,desc_tipo_colision,desc_tipo_atropello,desc_tipo_hecho,desc_pres_calzada,desc_senializacion,desc_separacion_via,desc_restriccion,forma_geocod,calle_lista,numero_calles,calles_osm,lat,lon,index_right,gid,fna,gna,nam,in1,fdc,sag
2015,8282,2015-10-27,Martes,0.0,18:30:00,,0.0,2,"Otros,Moto/Ciclomotor",CAMINO NUEVO A SOLDINI ,2,1,0,0,0,0,1,,Calle,,ROSARIO,Rosario,S/D,S/D,II,Dentro,Urbana,S/D,S/D,S/D,S/D,S/D,Diurna,S/D,S/D,S/D,Colisión,S/D,S/D,S/D,S/D,"-33.0210392, -60.683499",['Camino Nuevo A Soldini'],1,Camino Nuevo A Soldini,-33.0210392,-60.683499,55.0,538.0,Municipio Rosario,Municipio,Rosario,820210,Servicio de Catastro e Información Territorial,IGN
2015,8286,2015-10-01,Jueves,0.0,,,0.0,1,Moto/Ciclomotor,Av. Provincias Unidas Y Ituzaingo,2,1,0,0,1,0,0,,Calle,,ROSARIO,Rosario,Asfalto,No existe,II,Dentro,S/D,Ninguna,No existe,Intersección,Bueno,S/D,S/D,Buen Tiempo,Lateral,S/D,Colisión,Otro,S/D,Ninguna,Sin restricción,POINT (-60.712099249999994 -32.95218625),"['Avenida Provincias Unidas', 'Ituzaingó']",2,Avenida Provincias Unidas; Ituzaingó,-32.95218625,-60.71209925,55.0,538.0,Municipio Rosario,Municipio,Rosario,820210,Servicio de Catastro e Información Territorial,IGN
2015,8288,2015-10-22,Jueves,0.0,,,0.0,2,"Moto/Ciclomotor,Automóvil",Av. Provincias Unidas Y Cerrito,2,1,0,0,1,0,0,,Calle,,ROSARIO,Rosario,Asfalto,No existe,II,Dentro,S/D,Ninguna,No existe,Intersección,Bueno,S/D,S/D,Buen Tiempo,Lateral,S/D,Colisión,Otro,Faltante,Ninguna,Sin restricción,POINT (-60.7120531 -32.95333595),"['Avenida Provincias Unidas', 'Cerrito']",2,Avenida Provincias Unidas; Cerrito,-32.95333595,-60.7120531,55.0,538.0,Municipio Rosario,Municipio,Rosario,820210,Servicio de Catastro e Información Territorial,IGN
2015,8289,2015-10-02,Viernes,0.0,09:20:00,,0.0,2,"Automóvil,Moto/Ciclomotor",Av. Ntra.Sra.del Rosario Y Av. Corrientes,2,1,0,0,1,0,0,,Calle,,ROSARIO,Rosario,Asfalto,No existe,II,Dentro,Urbana,Ninguna,Funciona,Intersección,Bueno,Buena,Diurna,Buen Tiempo,S/D,S/D,Colisión,S/D,S/D,Ninguna,Sin restricción,POINT (-60.6533567 -33.0000033),"['Nuestra Señora del Rosario', 'Corrientes']",2,Puente Nuestra Señora del Rosario; Corrientes,-33.0000033,-60.6533567,55.0,538.0,Municipio Rosario,Municipio,Rosario,820210,Servicio de Catastro e Información Territorial,IGN
2015,8291,2015-10-12,Lunes,0.0,12:30:00,,0.0,2,"Moto/Ciclomotor,Pickup/Utilitario",Av. Ovidio Lagos 7300,2,1,0,0,1,0,0,,Calle,,ROSARIO,Rosario,Asfalto,S/D,II,Dentro,Urbana,Ninguna,S/D,Recta,Bueno,S/D,Diurna,Buen Tiempo,De alcance,S/D,Colisión,S/D,Faltante,Cordón divisorio,Sin restricción,"-32.9553365, -60.6647194",['Ovidio Lagos 7300'],1,Ovidio Lagos 7300,-32.9553365,-60.6647194,55.0,538.0,Municipio Rosario,Municipio,Rosario,820210,Servicio de Catastro e Información Territorial,IGN
2015,8292,2015-10-11,Domingo,0.0,18:00:00,,0.0,2,"Moto/Ciclomotor,Moto/Ciclomotor",San Juan Y F.More,2,1,0,0,1,0,0,,Calle,,ROSARIO,Rosario,Asfalto,S/D,II,Dentro,Urbana,Ninguna,S/D,Recta,S/D,S/D,S/D,Buen Tiempo,Lateral,S/D,Colisión,S/D,Faltante,Ninguna,Sin restricción,POINT (-60.6935598 -32.94061539999999),"['San Juan', 'Felipe Moré']",2,San Juan; Felipe Moré,-32.94061539999999,-60.6935598,55.0,538.0,Municipio Rosario,Municipio,Rosario,820210,Servicio de Catastro e Información Territorial,IGN
2015,8296,2015-10-08,Jueves,0.0,13:00:00,,0.0,2,"Automóvil,Automóvil",Av. Provincias Unidas Y Riobamba,2,1,0,0,1,0,0,,Calle,,ROSARIO,Rosario,Asfalto,No existe,II,Dentro,Urbana,S/D,No existe,Intersección,Bueno,S/D,Diurna,S/D,Lateral,S/D,Colisión,S/D,Faltante,S/D,S/D,POINT (-60.712006800000005 -32.954541049999996),"['Avenida Provincias Unidas', 'Riobamba']",2,Avenida Provincias Unidas; Riobamba,-32.95454105,-60.712006800000005,55.0,538.0,Municipio Rosario,Municipio,Rosario,820210,Servicio de Catastro e Información Territorial,IGN
2015,8298,2015-10-08,Jueves,0.0,16:00:00,,0.0,2,"Moto/Ciclomotor,Automóvil",Derqui Y Bolivia,2,1,0,0,1,0,0,,Calle,,ROSARIO,Rosario,Asfalto,S/D,II,Dentro,Urbana,S/D,S/D,Intersección,S/D,S/D,Diurna,Buen Tiempo,S/D,S/D,Colisión,S/D,S/D,S/D,S/D,POINT (-60.7139654 -32.938073800000005),"['Derqui', 'Bolivia']",2,Derqui; Bolivia,-32.938073800000005,-60.7139654,55.0,538.0,Municipio Rosario,Municipio,Rosario,820210,Servicio de Catastro e Información Territorial,IGN
2015,8299,2015-10-06,Martes,0.0,08:00:00,,0.0,2,"Moto/Ciclomotor,Automóvil",Av. Pellegrini ,2,1,0,0,1,0,0,,Calle,,ROSARIO,Rosario,Asfalto,S/D,II,Dentro,Urbana,S/D,S/D,Intersección,Bueno,S/D,Diurna,S/D,S/D,S/D,Colisión,S/D,Faltante,S/D,Sin restricción,"-32.9532937, -60.6628194",['Pellegrini'],1,Pellegrini,-32.9532937,-60.6628194,55.0,538.0,Municipio Rosario,Municipio,Rosario,820210,Servicio de Catastro e Información Territorial,IGN
2015,8301,2015-10-05,Lunes,0.0,15:30:00,,0.0,2,"Moto/Ciclomotor,Automóvil",Av. Provincias Unidas Y Zuviria,2,1,0,0,1,0,0,,Calle,,ROSARIO,Rosario,Asfalto,No existe,II,Dentro,Urbana,Ninguna,No existe,Intersección,Bueno,Buena,Diurna,Buen Tiempo,Lateral,S/D,Colisión,S/D,Faltante,Ninguna,Sin restricción,POINT (-60.71276955 -32.93695894999999),"['Avenida Provincias Unidas', 'Zuviría']",2,Avenida Provincias Unidas; Juez José María Zuviría,-32.93695894999999,-60.71276955,55.0,538.0,Municipio Rosario,Municipio,Rosario,820210,Servicio de Catastro e Información Territorial,IGN
2015,8303,2015-10-23,Viernes,0.0,,,0.0,2,"Peatón,Moto/Ciclomotor",P.L.Funes 2200,2,1,0,0,1,0,0,,Calle,,ROSARIO,Rosario,Asfalto,No existe,II,Dentro,Urbana,S/D,No existe,Intersección,Bueno,Buena,Diurna,Buen Tiempo,Lateral,S/D,Atropello,S/D,Faltante,S/D,Sin restricción,"-32.9540244, -60.7007495",['Pedro Lino Funes 2200'],1,Pedro Lino Funes 2200,-32.9540244,-60.7007495,55.0,538.0,Municipio Rosario,Municipio,Rosario,820210,Servicio de Catastro e Información Territorial,IGN
2015,8304,2015-10-25,Domingo,0.0,,,0.0,2,"Moto/Ciclomotor,Automóvil",Av. Pellegrini Y Garzon,2,1,0,0,1,0,0,,Calle,,ROSARIO,Rosario,Asfalto,S/D,II,Dentro,Urbana,S/D,S/D,Intersección,Bueno,Buena,Diurna,Buen Tiempo,Lateral,S/D,Colisión,S/D,S/D,Ninguna,Sin restricción,POINT (-60.705300650000005 -32.9484086),"['Pellegrini', 'Garzón']",2,Avenida Carlos Pellegrini; Garzón,-32.9484086,-60.705300650000005,55.0,538.0,Municipio Rosario,Municipio,Rosario,820210,Servicio de Catastro e Información Territorial,IGN
2015,8307,2015-10-22,Jueves,0.0,,,0.0,2,"Moto/Ciclomotor,Automóvil",Santa Fe Y Campbell,2,1,0,0,1,0,0,,Calle,,ROSARIO,Rosario,Asfalto,No existe,II,Dentro,Urbana,S/D,No existe,Intersección,S/D,Buena,Diurna,Buen Tiempo,Frontal,S/D,Colisión,S/D,Horizontal,S/D,S/D,POINT (-60.70816030000001 -32.93558279999999),"['Santa Fe', 'Campbell']",2,Santa Fe; Campbell,-32.93558279999999,-60.70816030000001,55.0,538.0,Municipio Rosario,Municipio,Rosario,820210,Servicio de Catastro e Información Territorial,IGN
2015,8309,2015-10-23,Viernes,0.0,14:20:00,,0.0,2,"Bicicleta,Automóvil",Av. Arijon Y Entre Rios,2,1,0,0,1,0,0,,Avenida,,ROSARIO,Rosario,Asfalto,No existe,II,Dentro,Urbana,Ninguna,Funciona,Recta,Bueno,Buena,Diurna,Otro,S/D,S/D,Atropello,Ninguna,Horizontal,Línea divisoria pintada,Sin restricción,POINT (-60.6517823 -33.00314459999999),"['Avenida Manuel Arijón', 'Entre Ríos']",2,Avenida Manuel Arijón; Entre Ríos,-33.00314459999999,-60.6517823,55.0,538.0,Municipio Rosario,Municipio,Rosario,820210,Servicio de Catastro e Información Territorial,IGN
2015,8310,2015-10-27,Martes,0.0,,,0.0,2,"Moto/Ciclomotor,Automóvil",San Luis Y F.More,2,1,0,0,1,0,0,,Calle,,ROSARIO,Rosario,Asfalto,S/D,II,Dentro,Urbana,Ninguna,No existe,Intersección,Bueno,Buena,Diurna,Buen Tiempo,S/D,S/D,Colisión,S/D,Horizontal,Ninguna,Sin restricción,POINT (-60.6934571 -32.9394038),"['San Luis', 'Felipe Moré']",2,San Luis; Felipe Moré,-32.9394038,-60.6934571,55.0,538.0,Municipio Rosario,Municipio,Rosario,820210,Servicio de Catastro e Información Territorial,IGN
2015,8311,2015-10-17,Sabado,0.0,18:20:00,,0.0,2,"Moto/Ciclomotor,Automóvil",Av. Arijon Y Mitre,3,1,0,0,2,0,0,,Avenida,,ROSARIO,Rosario,Asfalto,No existe,II,Dentro,Urbana,Ninguna,Funciona,Recta,Bueno,Buena,Atardecer,Otro,Otro,S/D,Colisión,Ninguna,Horizontal,Línea divisoria pintada,Sin restricción,POINT (-60.6503493 -33.00309120000001),"['Avenida Manuel Arijón', 'Mitre']",2,Avenida Manuel Arijón; Bartolomé Mitre,-33.00309120000001,-60.6503493,55.0,538.0,Municipio Rosario,Municipio,Rosario,820210,Servicio de Catastro e Información Territorial,IGN
2015,8312,2015-10-28,Miercoles,0.0,,,0.0,2,"Automóvil,Automóvil",Solis Y White,2,1,0,0,1,0,0,,Calle,,ROSARIO,Rosario,Asfalto,No existe,II,Dentro,Urbana,Ninguna,No existe,Intersección,S/D,Buena,Diurna,Buen Tiempo,Lateral,S/D,Colisión,S/D,S/D,Ninguna,Sin restricción,POINT (-60.7033377 -32.94110109999999),"['Solis', 'White']",2,Juan Díaz de Solís; Ingeniero White,-32.94110109999999,-60.7033377,55.0,538.0,Municipio Rosario,Municipio,Rosario,820210,Servicio de Catastro e Información Territorial,IGN
2015,8316,2015-10-11,Domingo,0.0,17:15:00,,0.0,2,"Bicicleta,Moto/Ciclomotor",Av. Battle y Ordoñez Y Buenos Aires,2,1,0,0,1,0,0,,Calle,,ROSARIO,Rosario,Asfalto,No existe,II,Dentro,Urbana,Ninguna,No existe,Intersección,Bueno,Buena,Atardecer,Otro,Otro,S/D,Atropello,Ninguna,Horizontal,Línea divisoria pintada,Sin restricción,POINT (-60.6446941 -33.00881379999999),"['Avenida Battle y Ordoñez', 'Buenos Aires']",2,Avenida Battle y Ordoñez; Buenos Aires,-33.00881379999999,-60.6446941,55.0,538.0,Municipio Rosario,Municipio,Rosario,820210,Servicio de Catastro e Información Territorial,IGN
2015,8317,2015-10-08,Jueves,0.0,23:45:00,,0.0,2,"Automóvil,Automóvil",Av. Circunvalacion Y San Martin,2,1,0,0,1,0,0,,Avenida,,ROSARIO,Rosario,Asfalto,Pavimento,II,Dentro,Urbana,Ninguna,No existe,Recta,Bueno,Reducida,Nocturna,Otro,Otro,S/D,Colisión,Ninguna,Faltante,Guardarrail,Sin restricción,POINT (-60.652223580418244 -33.0164074304026),"['Circunvalacion', 'San Martin']",2,"('Avenida de Circunvalación 25 de Mayo', 'José de San Martín')",-33.0164074304026,-60.65222358041824,55.0,538.0,Municipio Rosario,Municipio,Rosario,820210,Servicio de Catastro e Información Territorial,IGN
2015,8318,2015-10-04,Domingo,0.0,15:30:00,,0.0,2,"Moto/Ciclomotor,Moto/Ciclomotor",Ceibo Y Pte.Roca,2,0,1,0,1,0,0,,Calle,,ROSARIO,Rosario,Asfalto,No existe,II,Dentro,Urbana,Ninguna,No existe,Intersección,Bueno,Buena,Diurna,Otro,Lateral,S/D,Colisión,Ninguna,Horizontal,Ninguna,Sin restricción,POINT (-60.6555401 -33.01350389999999),"['Ceibo', 'Roca']",2,El Ceibo; Presidente Roca,-33.01350389999999,-60.6555401,55.0,538.0,Municipio Rosario,Municipio,Rosario,820210,Servicio de Catastro e Información Territorial,IGN
2015,8320,2015-10-01,Jueves,0.0,09:10:00,,0.0,2,"Bicicleta,Automóvil",Liniers Y Riobamba,2,1,0,0,1,0,0,,Calle,,ROSARIO,Rosario,Asfalto,No existe,II,Dentro,Urbana,Ninguna,No existe,Intersección,Bueno,S/D,Diurna,Buen Tiempo,Otro,S/D,Atropello,Otro,Faltante,Ninguna,Sin restricción,POINT (-60.6980073 -32.95416989999999),"['Liniers', 'Riobamba']",2,Liniers; Riobamba,-32.95416989999999,-60.6980073,55.0,538.0,Municipio Rosario,Municipio,Rosario,820210,Servicio de Catastro e Información Territorial,IGN
2015,8321,2015-10-01,Jueves,0.0,19:40:00,,0.0,1,Moto/Ciclomotor,J.J.Paso Y Magallanes,2,2,0,0,0,0,0,,Calle,,ROSARIO,Rosario,Asfalto,No existe,II,S/D,Urbana,Otra Señal,No existe,Recta,Bueno,S/D,Atardecer,S/D,Frontal,S/D,Colisión,S/D,S/D,Línea divisoria pintada,Sin restricción,POINT (-60.70534740000001 -32.92000899999999),"['Paso', 'Magallanes']",2,"('Avenida Juan José Paso', 'Magallanes')",-32.92000899999999,-60.70534740000001,55.0,538.0,Municipio Rosario,Municipio,Rosario,820210,Servicio de Catastro e Información Territorial,IGN
2015,8322,2015-09-25,Viernes,0.0,16:15:00,,0.0,2,"Moto/Ciclomotor,Automóvil",San Martin Y Cabildo,2,1,0,0,1,0,0,,Avenida,,ROSARIO,Rosario,Asfalto,No existe,II,Dentro,Urbana,Ninguna,No existe,Intersección,Bueno,Buena,Diurna,Viento Fuerte,Otro,S/D,Colisión,Ninguna,Horizontal,Cordón divisorio,Sin restricción,POINT (-60.65030445000001 -33.0074006),"['San Martin', 'Cabildo']",2,José de San Martín; Cabildo,-33.0074006,-60.65030445000001,55.0,538.0,Municipio Rosario,Municipio,Rosario,820210,Servicio de Catastro e Información Territorial,IGN
2015,8323,2015-08-03,Lunes,0.0,19:15:00,,0.0,2,"Automóvil,Moto/Ciclomotor",Garay Y Bv. Avellaneda,2,1,0,0,1,0,0,,Calle,,ROSARIO,Rosario,S/D,S/D,II,Dentro,Urbana,S/D,S/D,S/D,S/D,S/D,Atardecer,S/D,S/D,S/D,Colisión,S/D,S/D,S/D,S/D,POINT (-60.6862105 -32.9671833),"['Garay', 'Avellaneda']",2,Juan de Garay; Bulevar Nicolás Avellaneda,-32.9671833,-60.6862105,55.0,538.0,Municipio Rosario,Municipio,Rosario,820210,Servicio de Catastro e Información Territorial,IGN
2015,8325,2015-09-30,Miercoles,0.0,07:30:00,,0.0,2,"Automóvil,Peatón",Av. Battle y Ordoñez Y Arteaga,2,0,1,0,1,0,0,,Calle,,ROSARIO,Rosario,Asfalto,No existe,II,Dentro,Urbana,Ninguna,No existe,Recta,Bueno,Buena,Diurna,Otro,Otro,S/D,Atropello,Ninguna,Horizontal,Ninguna,Sin restricción,POINT (-60.643511800000006 -33.008776600000004),"['Avenida Battle y Ordoñez', 'Arteaga']",2,Avenida Battle y Ordoñez; Alfredo de Arteaga,-33.008776600000004,-60.643511800000006,55.0,538.0,Municipio Rosario,Municipio,Rosario,820210,Servicio de Catastro e Información Territorial,IGN
2015,8336,2015-08-15,Sabado,0.0,,,0.0,2,"Peatón,Automóvil",Bv. Rondeau Y Av. Puccio,2,1,0,0,1,0,0,,Avenida,,ROSARIO,Rosario,S/D,S/D,II,Dentro,Urbana,Semáforo,Funciona,Intersección,S/D,S/D,Diurna,S/D,S/D,S/D,Atropello,S/D,"Horizontal,Vertical",S/D,S/D,POINT (-60.69223824000001 -32.894806720000005),"['Rondeau', 'Puccio']",2,Bulevar General José Rondeau; Avenida José Nicolás Puccio,-32.894806720000005,-60.69223824000001,55.0,538.0,Municipio Rosario,Municipio,Rosario,820210,Servicio de Catastro e Información Territorial,IGN
2015,8338,2015-10-21,Miercoles,0.0,18:20:00,,0.0,2,"Peatón,Automóvil",Bv. Avellaneda Y Grondona,2,1,0,0,1,0,0,,Calle,,ROSARIO,Rosario,Asfalto,S/D,II,S/D,Urbana,S/D,S/D,Intersección,Bueno,S/D,Atardecer,Buen Tiempo,S/D,S/D,Atropello,S/D,Vertical,Cordón divisorio,S/D,POINT (-60.67465465000001 -32.9212972),"['Avellaneda', 'Grondona']",2,Bulevar Nicolás Avellaneda; Grondona,-32.9212972,-60.67465465000001,55.0,538.0,Municipio Rosario,Municipio,Rosario,820210,Servicio de Catastro e Información Territorial,IGN
2015,8350,2015-10-29,Jueves,0.0,07:30:00,,0.0,2,"Pickup/Utilitario,Moto/Ciclomotor",Forest Y Av. Circunvalacion,2,1,0,0,1,0,0,,Calle,,ROSARIO,Rosario,S/D,S/D,II,Dentro,Urbana,S/D,S/D,S/D,S/D,S/D,Diurna,Buen Tiempo,Lateral,S/D,Colisión,S/D,S/D,S/D,Sin restricción,POINT (-60.72174150000001 -32.9437636),"['Carlos Forest', 'Circunvalacion']",2,"('Carlos Forest', 'Juan Pablo II')",-32.9437636,-60.72174150000001,55.0,538.0,Municipio Rosario,Municipio,Rosario,820210,Servicio de Catastro e Información Territorial,IGN
2015,8361,2015-10-18,Domingo,0.0,22:30:00,,0.0,2,"Moto/Ciclomotor,Moto/Ciclomotor",Solis Y Navarro,2,2,0,0,0,0,0,,Calle,,ROSARIO,Rosario,S/D,No existe,II,Dentro,Urbana,S/D,No existe,Intersección,S/D,Buena,Nocturna,S/D,Lateral,S/D,Colisión,S/D,Faltante,Ninguna,Sin restricción,POINT (-60.70378680000001 -32.9312617),"['Solis', 'Navarro']",2,Juan Díaz de Solís; Navarro,-32.9312617,-60.70378680000001,55.0,538.0,Municipio Rosario,Municipio,Rosario,820210,Servicio de Catastro e Información Territorial,IGN
2015,8362,2015-10-14,Miercoles,0.0,20:05:00,,0.0,2,"Moto/Ciclomotor,Automóvil",Santa Fe Y Liniers,3,2,0,0,1,0,0,,Calle,,ROSARIO,Rosario,S/D,No existe,II,Dentro,Urbana,S/D,No existe,Intersección,S/D,Buena,Nocturna,Buen Tiempo,Lateral,S/D,Colisión,S/D,Faltante,Ninguna,Sin restricción,POINT (-60.69874070000001 -32.9353252),"['Santa Fe', 'Liniers']",2,Santa Fe; Liniers,-32.9353252,-60.69874070000001,55.0,538.0,Municipio Rosario,Municipio,Rosario,820210,Servicio de Catastro e Información Territorial,IGN
2015,8363,2015-10-12,Lunes,0.0,08:00:00,,0.0,2,"Moto/Ciclomotor,Transporte de Pasajeros Urbano (> 8 asientos)",Solis Y Junin,3,2,0,0,1,0,0,,Calle,,ROSARIO,Rosario,S/D,No existe,II,Dentro,Urbana,S/D,Funciona,Intersección,S/D,Buena,Diurna,Buen Tiempo,Lateral,S/D,Colisión,S/D,Vertical,Ninguna,Sin restricción,POINT (-60.70393299999999 -32.92734089999999),"['Solis', 'Junín']",2,Juan Díaz de Solís; Junín,-32.92734089999999,-60.70393299999999,55.0,538.0,Municipio Rosario,Municipio,Rosario,820210,Servicio de Catastro e Información Territorial,IGN
2015,8364,2015-10-08,Jueves,0.0,20:30:00,,0.0,2,"Automóvil,Moto/Ciclomotor",Tucuman Y F.More,3,2,0,0,1,0,0,,Calle,,ROSARIO,Rosario,S/D,No existe,II,Dentro,Urbana,Ninguna,No existe,Intersección,S/D,Buena,Nocturna,Buen Tiempo,Lateral,S/D,Colisión,S/D,Vertical,Ninguna,Sin restricción,POINT (-60.6937669 -32.9320478),"['Tucumán', 'Felipe Moré']",2,Tucumán; Felipe Moré,-32.9320478,-60.6937669,55.0,538.0,Municipio Rosario,Municipio,Rosario,820210,Servicio de Catastro e Información Territorial,IGN
2015,8365,2015-10-06,Martes,0.0,09:30:00,,0.0,2,"Moto/Ciclomotor,Automóvil",Peru Y Junin,2,1,0,0,1,0,0,,Calle,,ROSARIO,Rosario,S/D,No existe,II,Dentro,Urbana,Ninguna,No existe,Intersección,S/D,Buena,Diurna,Buen Tiempo,Lateral,S/D,Colisión,S/D,Faltante,Ninguna,Sin restricción,POINT (-60.711961499999994 -32.927547299999986),"['Peru', 'Junín']",2,Perú; Junín,-32.927547299999986,-60.7119615,55.0,538.0,Municipio Rosario,Municipio,Rosario,820210,Servicio de Catastro e Información Territorial,IGN
2015,8366,2015-10-21,Miercoles,0.0,11:00:00,,0.0,2,"Pickup/Utilitario,Vehículo Oficial",Arevalo Y Barra,3,2,0,0,1,0,0,,Calle,,ROSARIO,Rosario,S/D,No existe,II,Dentro,Urbana,Ninguna,No existe,Intersección,S/D,Buena,Diurna,Buen Tiempo,Lateral,S/D,Colisión,S/D,Faltante,Ninguna,Sin restricción,POINT (-60.7072285 -32.9305299),"['Arévalo', 'Barra']",2,Arévalo; Barraco,-32.9305299,-60.7072285,55.0,538.0,Municipio Rosario,Municipio,Rosario,820210,Servicio de Catastro e Información Territorial,IGN
2015,8367,2015-10-01,Jueves,1.0,,,0.0,2,"Vehículo Oficial,Automóvil",Junin Y Pje. Descartes Bis,2,2,0,0,0,0,0,,Calle,,ROSARIO,Rosario,S/D,No existe,II,Dentro,Urbana,Ninguna,No existe,Intersección,S/D,Buena,Diurna,Buen Tiempo,Contra objeto fijo,S/D,Colisión,S/D,Faltante,Ninguna,Sin restricción,POINT (-60.69712 -32.927151),"['Junín', 'Descartes']",2,Junín; Descartes,-32.927151,-60.69712,55.0,538.0,Municipio Rosario,Municipio,Rosario,820210,Servicio de Catastro e Información Territorial,IGN
2015,8368,2015-10-24,Sabado,0.0,16:30:00,,0.0,2,"Moto/Ciclomotor,Automóvil",Valparaiso Y San Lorenzo,2,1,0,0,1,0,0,,Calle,,ROSARIO,Rosario,S/D,No existe,II,Dentro,Urbana,Ninguna,No existe,Intersección,S/D,Buena,Diurna,S/D,Lateral,S/D,Colisión,S/D,Faltante,Ninguna,Sin restricción,POINT (-60.68124529999999 -32.93631500000001),"['Valparaíso', 'San Lorenzo']",2,Valparaíso; San Lorenzo,-32.93631500000001,-60.68124529999999,55.0,538.0,Municipio Rosario,Municipio,Rosario,820210,Servicio de Catastro e Información Territorial,IGN
2015,8369,2015-10-24,Sabado,0.0,15:55:00,,0.0,2,"Automóvil,Automóvil",Valparaiso Y San Lorenzo,3,2,0,0,1,0,0,,Calle,,ROSARIO,Rosario,S/D,No existe,II,Dentro,Urbana,Ninguna,No existe,Intersección,S/D,Buena,Diurna,Buen Tiempo,Lateral,S/D,Colisión,S/D,Faltante,Ninguna,Sin restricción,POINT (-60.68124529999999 -32.93631500000001),"['Valparaíso', 'San Lorenzo']",2,Valparaíso; San Lorenzo,-32.93631500000001,-60.68124529999999,55.0,538.0,Municipio Rosario,Municipio,Rosario,820210,Servicio de Catastro e Información Territorial,IGN
2015,8379,2015-10-02,Viernes,0.0,19:50:00,,0.0,2,"Bicicleta,Automóvil",J.J.Paso Y Mejico,2,1,0,0,1,0,0,,S/D,,ROSARIO,Rosario,Asfalto,No existe,II,S/D,S/D,S/D,No existe,Intersección,Bueno,S/D,Nocturna,S/D,S/D,S/D,Atropello,S/D,S/D,Barrera de hormigón,Sin restricción,POINT (-60.7193214 -32.920441249999996),"['Paso', 'Mejico']",2,Avenida Juan José Paso; Méjico,-32.92044125,-60.7193214,55.0,538.0,Municipio Rosario,Municipio,Rosario,820210,Servicio de Catastro e Información Territorial,IGN
2015,8386,2015-10-06,Martes,0.0,10:45:00,,0.0,2,"Automóvil,Peatón",Buenos Aires Y 9 De Julio,2,1,0,0,1,0,0,,Calle,,ROSARIO,Rosario,Asfalto,S/D,II,Dentro,Urbana,S/D,S/D,Intersección,Bueno,Buena,Diurna,S/D,S/D,S/D,Atropello,S/D,S/D,Cordón divisorio,S/D,POINT (-60.6345741 -32.9548812),"['Buenos Aires', '9 de Julio']",2,Buenos Aires; 9 de Julio,-32.9548812,-60.6345741,55.0,538.0,Municipio Rosario,Municipio,Rosario,820210,Servicio de Catastro e Información Territorial,IGN
2015,8387,2015-10-06,Martes,0.0,18:00:00,,0.0,2,"Peatón,Automóvil",San Luis Y 1 de Mayo,2,1,0,0,1,0,0,,Calle,,ROSARIO,Rosario,Asfalto,S/D,II,Dentro,Urbana,Paso Peatonal,S/D,Intersección,Bueno,Buena,Diurna,Buen Tiempo,Otro,S/D,Atropello,S/D,S/D,Cordón divisorio,S/D,POINT (-60.63044390000001 -32.9505492),"['San Luis', 'Primero de Mayo']",2,San Luis; Primero de Mayo,-32.9505492,-60.63044390000001,55.0,538.0,Municipio Rosario,Municipio,Rosario,820210,Servicio de Catastro e Información Territorial,IGN
2015,8389,2015-10-07,Miercoles,0.0,16:15:00,,0.0,2,"Bicicleta,Automóvil",Mendoza Y J.M.de Rosas,2,1,0,0,1,0,0,,Calle,,ROSARIO,Rosario,Asfalto,S/D,II,Dentro,Urbana,S/D,S/D,Intersección,Bueno,Buena,Diurna,Buen Tiempo,Lateral,S/D,Colisión,S/D,S/D,Barrera de alto impacto,S/D,POINT (-60.632511699999995 -32.95272829999999),"['Mendoza', 'De Rosas']",2,Mendoza; Juan Manuel de Rosas,-32.95272829999999,-60.6325117,55.0,538.0,Municipio Rosario,Municipio,Rosario,820210,Servicio de Catastro e Información Territorial,IGN
2015,8517,2015-11-21,Sabado,0.0,,,0.0,2,"Automóvil,Moto/Ciclomotor",Av. Eva Peron Y Acevedo Bis,2,1,0,0,1,0,0,,Calle,,ROSARIO,Rosario,Asfalto,No existe,II,Dentro,Urbana,Ninguna,No existe,Intersección,Bueno,Buena,Diurna,Buen Tiempo,Lateral,S/D,Colisión,Ninguna,S/D,Ninguna,Sin restricción,POINT (-60.7498153 -32.926681499999994),"['Avenida Eva Perón', 'Acevedo']",2,Avenida Eva Perón; Manuel Acevedo,-32.926681499999994,-60.7498153,55.0,538.0,Municipio Rosario,Municipio,Rosario,820210,Servicio de Catastro e Información Territorial,IGN
2015,8518,2015-11-10,Martes,0.0,,,0.0,2,"Moto/Ciclomotor,Pickup/Utilitario",Av. Eva Peron Y Brasil,3,2,0,0,1,0,0,,Calle,,ROSARIO,Rosario,Asfalto,No existe,II,Dentro,Urbana,Ninguna,No existe,Intersección,Bueno,S/D,S/D,S/D,Lateral,S/D,Colisión,Ninguna,Faltante,Cordón divisorio,S/D,POINT (-60.7200174 -32.931729749999995),"['Avenida Eva Perón', 'Brasil']",2,Avenida Eva Perón; Brasil,-32.931729749999995,-60.7200174,55.0,538.0,Municipio Rosario,Municipio,Rosario,820210,Servicio de Catastro e Información Territorial,IGN