anio_acci,nro_acci,fecha,desc_dia,fecha_aprox,hora_aprox,desc_ruta,km,cant_participantes,desc_participante,calle_avenida_km,total,heridos_leves,heridos_graves,heridos_gravisimos,ilesos,fallecidos,sin_datos,posicion_XY,desc_tipo_via,desc_ruta_ori,desc_loc,desc_dpto,desc_tipo_calzada,desc_tipo_banquina,desc_unidad_regional,desc_lugar_calzada,desc_zona,desc_prioridad,desc_estado_semaforo,desc_lugar_via,desc_estado_via,desc_estado_visibilidad,desc_luminosidad,desc_estado_clima,desc_tipo_colision,desc_tipo_atropello,desc_tipo_hecho,desc_pres_calzada,desc_senializacion,desc_separacion_via,desc_restriccion,forma_geocod,calle_lista,numero_calles,calles_osm,lat,lon,index_right,gid,fna,gna,nam,in1,fdc,sag
2015,8629,2015-08-06,Jueves,0.0,17:00:00,,0.0,2,"Automóvil,Automóvil",San Luis Y Balcarce,2,1,0,0,1,0,0,,Calle,,ROSARIO,Rosario,Asfalto,No existe,II,Dentro,Urbana,S/D,No existe,Intersección,Bueno,Buena,Diurna,Buen Tiempo,Lateral,S/D,Colisión,Ninguna,"Horizontal,Vertical",S/D,Sin restricción,POINT (-60.652571800000004 -32.9465716),"['San Luis', 'Balcarce']",2,San Luis; Balcarce,-32.9465716,-60.6525718,55.0,538.0,Municipio Rosario,Municipio,Rosario,820210,Servicio de Catastro e Información Territorial,IGN
2015,8639,2015-11-10,Martes,0.0,03:30:00,,0.0,2,"Automóvil,Otros",Beruti 2060,2,1,0,0,1,0,0,,Calle,,ROSARIO,Rosario,Asfalto,No existe,II,Dentro,Urbana,Ninguna,No existe,Recta,Bueno,Buena,Diurna,Buen Tiempo,De alcance,S/D,Colisión,S/D,S/D,Ninguna,Sin restricción,"-32.96461541428572, -60.62398741020408",['Beruti 2060'],1,Beruti 2060,-32.96461541428572,-60.62398741020408,55.0,538.0,Municipio Rosario,Municipio,Rosario,820210,Servicio de Catastro e Información Territorial,IGN
2015,8648,2015-11-27,Viernes,0.0,23:30:00,,0.0,2,"Moto/Ciclomotor,Moto/Ciclomotor",Av. Corrientes Y Riobamba,2,1,0,0,1,0,0,,Calle,,ROSARIO,Rosario,Asfalto,S/D,II,Dentro,Urbana,S/D,S/D,Intersección,Bueno,S/D,"Nocturna,Con luz artificial",Buen Tiempo,Lateral,S/D,Colisión,S/D,S/D,S/D,S/D,POINT (-60.6465145 -32.9622836),"['Corrientes', 'Riobamba']",2,Corrientes; Riobamba,-32.9622836,-60.6465145,55.0,538.0,Municipio Rosario,Municipio,Rosario,820210,Servicio de Catastro e Información Territorial,IGN
2015,8649,2015-11-12,Jueves,0.0,,,0.0,2,"Peatón,Automóvil",Av. Avellaneda B Y Reconquista,2,1,0,0,1,0,0,,Calle,,ROSARIO,Rosario,Asfalto,S/D,II,Dentro,Urbana,S/D,S/D,Intersección,Bueno,S/D,S/D,Buen Tiempo,S/D,S/D,Atropello,S/D,Vertical,Cordón divisorio,Sin restricción,POINT (-60.673764950000006 -32.917806049999996),"['Avellaneda', 'Reconquista']",2,Bulevar Nicolás Avellaneda; Reconquista,-32.91780605,-60.673764950000006,55.0,538.0,Municipio Rosario,Municipio,Rosario,820210,Servicio de Catastro e Información Territorial,IGN
2015,8650,2015-11-10,Martes,0.0,14:30:00,,0.0,2,"Moto/Ciclomotor,Automóvil",Bv. 27 De Febrero Y J.M.de Rosas,2,1,0,0,1,0,0,,Avenida,,ROSARIO,Rosario,Asfalto,No existe,II,Dentro,Urbana,S/D,No existe,Intersección,Bueno,Buena,Diurna,Buen Tiempo,Lateral,S/D,Colisión,Ninguna,Faltante,Ninguna,Sin restricción,POINT (-60.63658995 -32.968827499999996),"['27 de Febrero', 'De Rosas']",2,Bulevar 27 de Febrero; Juan Manuel de Rosas,-32.9688275,-60.63658995,55.0,538.0,Municipio Rosario,Municipio,Rosario,820210,Servicio de Catastro e Información Territorial,IGN
2015,8651,2015-11-13,Viernes,0.0,18:40:00,,0.0,2,"Moto/Ciclomotor,Automóvil",Av. Alberdi Bis Y Reconquista,2,1,0,0,1,0,0,,Calle,,ROSARIO,Rosario,Asfalto,S/D,II,Dentro,Urbana,S/D,S/D,Intersección,Bueno,S/D,Diurna,S/D,Lateral,S/D,Colisión,S/D,Faltante,Cordón divisorio,Sin restricción,POINT (-60.68332389999999 -32.91808799999999),"['Alberdi', 'Reconquista']",2,Avenida Alberdi; Reconquista,-32.91808799999999,-60.68332389999999,55.0,538.0,Municipio Rosario,Municipio,Rosario,820210,Servicio de Catastro e Información Territorial,IGN
2015,8652,2015-11-03,Martes,0.0,,,0.0,1,Transporte de Pasajeros Urbano (> 8 asientos),Mitre Y Gaboto,1,1,0,0,0,0,0,,Calle,,ROSARIO,Rosario,Asfalto,No existe,II,Dentro,Urbana,S/D,No existe,Recta,Bueno,Buena,S/D,Buen Tiempo,S/D,S/D,Caída ocupante,S/D,S/D,S/D,S/D,POINT (-60.64629360000001 -32.97310259999999),"['Mitre', 'Gaboto']",2,Bartolomé Mitre; Gaboto,-32.97310259999999,-60.64629360000001,55.0,538.0,Municipio Rosario,Municipio,Rosario,820210,Servicio de Catastro e Información Territorial,IGN
2015,8654,2015-11-09,Lunes,0.0,14:30:00,,0.0,2,"Automóvil,Moto/Ciclomotor",Laprida Y Cerrito,3,2,0,0,1,0,0,,Calle,,ROSARIO,Rosario,Asfalto,No existe,II,Dentro,Urbana,Ninguna,No existe,Intersección,Bueno,Buena,Diurna,Buen Tiempo,Lateral,S/D,Colisión,Ninguna,Vertical,Ninguna,Sin restricción,POINT (-60.63814120000001 -32.962570299999996),"['Laprida', 'Cerrito']",2,Francisco Narciso Laprida; Cerrito,-32.9625703,-60.63814120000001,55.0,538.0,Municipio Rosario,Municipio,Rosario,820210,Servicio de Catastro e Información Territorial,IGN
2015,8655,2015-11-19,Jueves,0.0,03:30:00,,0.0,2,"Moto/Ciclomotor,Transporte de Pasajeros Larga Distancia (> 8 asientos)",Av. Pellegrini Y L.N.Alem,2,1,0,0,1,0,0,,Calle,,ROSARIO,Rosario,Asfalto,No existe,II,Dentro,Urbana,Ninguna,No existe,Intersección,Bueno,Buena,Nocturna,Lluvia,Lateral,S/D,Colisión,Agua,Horizontal,Cordón divisorio,Sin restricción,POINT (-60.63099875 -32.95908519999999),"['Pellegrini', 'Alem']",2,Avenida Carlos Pellegrini; Leandro N. Alem,-32.95908519999999,-60.63099875,55.0,538.0,Municipio Rosario,Municipio,Rosario,820210,Servicio de Catastro e Información Territorial,IGN
2015,8656,2015-11-16,Lunes,0.0,16:30:00,,0.0,2,"Bicicleta,Taxi/Remis",Ocampo Y L.N.Alem,2,1,0,0,1,0,0,,Calle,,ROSARIO,Rosario,Asfalto,No existe,II,Dentro,Urbana,Ninguna,No existe,Intersección,Bueno,Buena,Diurna,Buen Tiempo,S/D,S/D,Atropello,S/D,Horizontal,Ninguna,Sin restricción,POINT (-60.6333137 -32.9682159),"['Ocampo', 'Alem']",2,Ocampo; Leandro N. Alem,-32.9682159,-60.6333137,55.0,538.0,Municipio Rosario,Municipio,Rosario,820210,Servicio de Catastro e Información Territorial,IGN
2015,8657,2015-11-09,Lunes,0.0,09:00:00,,0.0,2,"Automóvil,Moto/Ciclomotor",Ituzaingo Y L.N.Alem,2,1,0,0,1,0,0,,Calle,,ROSARIO,Rosario,Asfalto,No existe,II,Dentro,Urbana,Señal Pare,No existe,Intersección,Bueno,Buena,Diurna,Buen Tiempo,Lateral,S/D,Colisión,Ninguna,Vertical,S/D,Sin restricción,POINT (-60.6318472 -32.9624805),"['Ituzaingó', 'Alem']",2,Ituzaingó; Leandro N. Alem,-32.9624805,-60.6318472,55.0,538.0,Municipio Rosario,Municipio,Rosario,820210,Servicio de Catastro e Información Territorial,IGN
2015,8659,2015-11-08,Domingo,0.0,01:55:00,,0.0,2,"Bicicleta,Taxi/Remis",Bv. 27 De Febrero Y Maipu,2,1,0,0,1,0,0,,Avenida,,ROSARIO,Rosario,Asfalto,No existe,II,Dentro,Urbana,Semáforo,Funciona,Intersección,Bueno,Buena,Nocturna,Buen Tiempo,S/D,S/D,Atropello,Ninguna,Vertical,Cordón divisorio,Sin restricción,POINT (-60.640725849999995 -32.9680891),"['27 de Febrero', 'Maipú']",2,Bulevar 27 de Febrero; Maipú,-32.9680891,-60.64072585,55.0,538.0,Municipio Rosario,Municipio,Rosario,820210,Servicio de Catastro e Información Territorial,IGN
2015,8660,2015-11-04,Miercoles,0.0,,,0.0,2,"Bicicleta,Automóvil",L.N.Alem Y Ituzaingo,2,1,0,0,1,0,0,,Calle,,ROSARIO,Rosario,Asfalto,No existe,II,Dentro,Urbana,S/D,No existe,Intersección,Bueno,Buena,Diurna,Buen Tiempo,S/D,S/D,Atropello,S/D,S/D,Ninguna,Sin restricción,POINT (-60.6318472 -32.9624805),"['Alem', 'Ituzaingó']",2,Leandro N. Alem; Ituzaingó,-32.9624805,-60.6318472,55.0,538.0,Municipio Rosario,Municipio,Rosario,820210,Servicio de Catastro e Información Territorial,IGN
2015,8662,2015-11-03,Martes,0.0,19:20:00,,0.0,2,"Automóvil,Automóvil",Cerrito Y Buenos Aires,3,2,0,0,1,0,0,,Calle,,ROSARIO,Rosario,Asfalto,No existe,II,Dentro,Urbana,Semáforo,Funciona,Intersección,Bueno,Buena,Diurna,Buen Tiempo,Lateral,S/D,Colisión,Ninguna,S/D,Ninguna,S/D,POINT (-60.6365729 -32.962838700000006),"['Cerrito', 'Buenos Aires']",2,Cerrito; Buenos Aires,-32.962838700000006,-60.6365729,55.0,538.0,Municipio Rosario,Municipio,Rosario,820210,Servicio de Catastro e Información Territorial,IGN
2015,8663,2015-11-01,Domingo,0.0,23:50:00,,0.0,2,"Moto/Ciclomotor,Automóvil",Necochea Y Ituzaingo,2,1,0,0,1,0,0,,Calle,,ROSARIO,Rosario,Asfalto,No existe,II,Dentro,Urbana,S/D,S/D,Intersección,Bueno,Buena,"Nocturna,Con luz artificial",Buen Tiempo,Lateral,S/D,Colisión,S/D,S/D,Ninguna,Sin restricción,POINT (-60.6277525 -32.96320729999999),"['Necochea', 'Ituzaingó']",2,Necochea; Ituzaingó,-32.96320729999999,-60.6277525,55.0,538.0,Municipio Rosario,Municipio,Rosario,820210,Servicio de Catastro e Información Territorial,IGN
2015,8665,2015-11-10,Martes,0.0,21:00:00,,0.0,2,"Automóvil,Peatón",Ocampo Y Ayacucho,2,1,0,0,1,0,0,,Calle,,ROSARIO,Rosario,Asfalto,No existe,II,Dentro,Urbana,Ninguna,No existe,Intersección,Bueno,Buena,Diurna,Buen Tiempo,Frontal,S/D,Atropello,S/D,S/D,Ninguna,Sin restricción,POINT (-60.6319408 -32.9684595),"['Ocampo', 'Ayacucho']",2,Ocampo; Ayacucho,-32.9684595,-60.6319408,55.0,538.0,Municipio Rosario,Municipio,Rosario,820210,Servicio de Catastro e Información Territorial,IGN
2015,8683,2015-11-25,Miercoles,0.0,17:00:00,,0.0,2,"Moto/Ciclomotor,Automóvil",Ocampo Y Italia,2,1,0,0,1,0,0,,Calle,,ROSARIO,Rosario,Asfalto,S/D,II,Dentro,Urbana,S/D,No existe,Intersección,Bueno,Buena,Diurna,Buen Tiempo,Lateral,S/D,Colisión,S/D,Faltante,S/D,S/D,POINT (-60.6529154 -32.96475379999999),"['Ocampo', 'Italia']",2,Ocampo; Italia,-32.96475379999999,-60.6529154,55.0,538.0,Municipio Rosario,Municipio,Rosario,820210,Servicio de Catastro e Información Territorial,IGN
2015,8684,2015-11-24,Martes,0.0,08:30:00,,0.0,2,"Moto/Ciclomotor,Automóvil",Av. Pellegrini Y Balcarce,2,1,0,0,1,0,0,,Avenida,,ROSARIO,Rosario,Asfalto,S/D,II,Dentro,Urbana,Semáforo,Funciona,Intersección,Bueno,Buena,Diurna,Buen Tiempo,Lateral,S/D,Colisión,S/D,Vertical,Cordón divisorio,S/D,POINT (-60.6546869 -32.954829399999994),"['Pellegrini', 'Balcarce']",2,Avenida Carlos Pellegrini; Balcarce,-32.954829399999994,-60.6546869,55.0,538.0,Municipio Rosario,Municipio,Rosario,820210,Servicio de Catastro e Información Territorial,IGN
2015,8686,2015-11-01,Domingo,0.0,05:30:00,,0.0,2,"Taxi/Remis,Automóvil",Ituzaingo Y J.M.de Rosas,3,1,0,0,2,0,0,,Calle,,ROSARIO,Rosario,Asfalto,No existe,II,Dentro,Urbana,Ninguna,No existe,Intersección,Resbaladiza,Buena,"Nocturna,Con luz artificial",Lluvia,"Contra objeto fijo,Lateral",S/D,Colisión,Agua,Faltante,Ninguna,Sin restricción,POINT (-60.6348588 -32.9619553),"['Ituzaingó', 'De Rosas']",2,Ituzaingó; Juan Manuel de Rosas,-32.9619553,-60.6348588,55.0,538.0,Municipio Rosario,Municipio,Rosario,820210,Servicio de Catastro e Información Territorial,IGN
2015,8687,2015-11-20,Viernes,0.0,18:00:00,,0.0,2,"Moto/Ciclomotor,Automóvil",J.M.de Rosas Y Pje. Ivanowsky,3,2,0,0,1,0,0,,Calle,,ROSARIO,Rosario,Asfalto,No existe,II,S/D,Urbana,Ninguna,No existe,Intersección,Bueno,Buena,Diurna,Buen Tiempo,Lateral,S/D,Colisión,Ninguna,Faltante,Ninguna,Sin restricción,POINT (-60.640480499999995 -32.984326200000005),"['De Rosas', 'Ivanowski']",2,Juan Manuel de Rosas; Ivanowski,-32.984326200000005,-60.6404805,55.0,538.0,Municipio Rosario,Municipio,Rosario,820210,Servicio de Catastro e Información Territorial,IGN
2015,8688,2015-11-21,Sabado,0.0,13:00:00,,0.0,2,"Automóvil,Automóvil",Sarmiento Y Galvez,5,3,0,0,2,0,0,,Calle,,ROSARIO,Rosario,Asfalto,S/D,II,Dentro,Urbana,S/D,S/D,Intersección,Bueno,Buena,Diurna,Buen Tiempo,Lateral,S/D,Colisión,S/D,S/D,S/D,S/D,POINT (-60.6437699 -32.968772),"['Sarmiento', 'Galvez']",2,Sarmiento; José Gálvez,-32.968772,-60.6437699,55.0,538.0,Municipio Rosario,Municipio,Rosario,820210,Servicio de Catastro e Información Territorial,IGN
2015,8690,2015-11-20,Viernes,0.0,09:45:00,,0.0,2,"Moto/Ciclomotor,Automóvil",Viamonte Y Pte.Roca,2,1,0,0,1,0,0,,Calle,,ROSARIO,Rosario,Asfalto,S/D,II,S/D,Urbana,Ninguna,No existe,Intersección,Bueno,Buena,Diurna,Buen Tiempo,Lateral,S/D,Colisión,S/D,Faltante,S/D,S/D,POINT (-60.6498661 -32.96411629999999),"['Viamonte', 'Roca']",2,Viamonte; Presidente Roca,-32.96411629999999,-60.6498661,55.0,538.0,Municipio Rosario,Municipio,Rosario,820210,Servicio de Catastro e Información Territorial,IGN
2015,8691,2015-11-19,Jueves,0.0,08:10:00,,0.0,2,"Bicicleta,Pickup/Utilitario",Pte.Roca Y Rueda,2,1,0,0,1,0,0,,Calle,,ROSARIO,Rosario,Asfalto,S/D,II,Dentro,Urbana,Ninguna,No existe,Intersección,Resbaladiza,Buena,Diurna,Lluvia,S/D,S/D,Atropello,Agua,Faltante,S/D,S/D,POINT (-60.651312299999994 -32.9698337),"['Roca', 'Rueda']",2,Presidente Roca; Rueda,-32.9698337,-60.6513123,55.0,538.0,Municipio Rosario,Municipio,Rosario,820210,Servicio de Catastro e Información Territorial,IGN
2015,8692,2015-11-17,Martes,0.0,21:35:00,,0.0,2,"Taxi/Remis,Automóvil",Italia Y Av. Pellegrini,3,1,0,0,2,0,0,,Avenida,,ROSARIO,Rosario,Asfalto,Pavimento,II,Dentro,Urbana,S/D,Funciona,Intersección,Bueno,Buena,Nocturna,Buen Tiempo,Lateral,S/D,Colisión,S/D,Vertical,S/D,S/D,POINT (-60.650600100000005 -32.955561700000004),"['Italia', 'Pellegrini']",2,Italia; Avenida Carlos Pellegrini,-32.955561700000004,-60.650600100000005,55.0,538.0,Municipio Rosario,Municipio,Rosario,820210,Servicio de Catastro e Información Territorial,IGN
2015,8693,2015-11-17,Martes,0.0,11:00:00,,0.0,2,"Taxi/Remis,Automóvil",Pte.Roca Y Bv. 27 De Febrero,2,1,0,0,1,0,0,,Calle,,ROSARIO,Rosario,Asfalto,S/D,II,Dentro,Urbana,S/D,Funciona,Intersección,Bueno,Buena,Diurna,Buen Tiempo,Lateral,S/D,Colisión,S/D,Vertical,S/D,Sin restricción,POINT (-60.65043195 -32.966353399999996),"['Roca', '27 de Febrero']",2,Presidente Roca; Bulevar 27 de Febrero,-32.9663534,-60.65043195,55.0,538.0,Municipio Rosario,Municipio,Rosario,820210,Servicio de Catastro e Información Territorial,IGN
2015,8695,2015-11-14,Sabado,0.0,05:30:00,,0.0,2,"Automóvil,Taxi/Remis",Entre Rios Y Virasoro,5,3,0,0,2,0,0,,Calle,,ROSARIO,Rosario,Asfalto,S/D,II,Dentro,Urbana,S/D,S/D,Intersección,Bueno,Buena,"Amanecer,Con luz artificial",Buen Tiempo,Lateral,S/D,Colisión,S/D,S/D,S/D,S/D,POINT (-60.6468657 -32.9694381),"['Entre Ríos', 'Virasoro']",2,Entre Ríos; Benjamín Virasoro,-32.9694381,-60.6468657,55.0,538.0,Municipio Rosario,Municipio,Rosario,820210,Servicio de Catastro e Información Territorial,IGN
2015,8698,2015-11-13,Viernes,0.0,22:10:00,,0.0,2,"Automóvil,Automóvil",AV GODOY Y AV FRANCIA,4,2,0,0,2,0,0,,Avenida,,ROSARIO,Rosario,Asfalto,S/D,II,Dentro,Urbana,Semáforo,Funciona,Intersección,Bueno,Buena,Nocturna,S/D,Lateral,S/D,Colisión,S/D,Vertical,Cordón divisorio,S/D,POINT (-60.669141599999996 -32.95590709999999),"['Avenida Presidente Perón', 'Avenida Francia']",2,Avenida Presidente Perón; Avenida Francia,-32.95590709999999,-60.6691416,55.0,538.0,Municipio Rosario,Municipio,Rosario,820210,Servicio de Catastro e Información Territorial,IGN
2015,8703,2015-11-04,Miercoles,0.0,19:45:00,,0.0,2,"Peatón,Automóvil",Saavedra Y J.M.de Rosas,2,1,0,0,1,0,0,,Calle,,ROSARIO,Rosario,Asfalto,No existe,II,Dentro,Urbana,S/D,No existe,Intersección,Bueno,Buena,"Nocturna,Con luz artificial",Buen Tiempo,S/D,S/D,Atropello,Ninguna,Faltante,Ninguna,S/D,POINT (-60.6391946 -32.979188599999986),"['Saavedra', 'De Rosas']",2,Saavedra; Juan Manuel de Rosas,-32.979188599999986,-60.6391946,55.0,538.0,Municipio Rosario,Municipio,Rosario,820210,Servicio de Catastro e Información Territorial,IGN
2015,8705,2015-11-06,Viernes,0.0,18:25:00,,0.0,2,"Bicicleta,Automóvil",Ayacucho Y Galvez,2,1,0,0,1,0,0,,Calle,,ROSARIO,Rosario,Asfalto,No existe,II,Dentro,Urbana,S/D,No existe,Intersección,Bueno,Buena,Atardecer,Buen Tiempo,S/D,S/D,Atropello,Ninguna,S/D,S/D,Sin restricción,POINT (-60.6325227 -32.9707671),"['Ayacucho', 'Galvez']",2,Ayacucho; José Gálvez,-32.9707671,-60.6325227,55.0,538.0,Municipio Rosario,Municipio,Rosario,820210,Servicio de Catastro e Información Territorial,IGN
2015,8706,2015-11-09,Lunes,0.0,11:00:00,,0.0,2,"Moto/Ciclomotor,Automóvil",Colon Y Gaboto,3,2,0,0,1,0,0,,Calle,,ROSARIO,Rosario,Asfalto,No existe,II,Dentro,Urbana,Ninguna,No existe,Intersección,Bueno,Buena,Diurna,Buen Tiempo,Lateral,S/D,Colisión,Ninguna,Faltante,Ninguna,Sin restricción,POINT (-60.63230000000001 -32.9756052),"['Colon', 'Gaboto']",2,Cristóbal Colón; Gaboto,-32.9756052,-60.63230000000001,55.0,538.0,Municipio Rosario,Municipio,Rosario,820210,Servicio de Catastro e Información Territorial,IGN
2015,8707,2015-07-03,Viernes,0.0,01:20:00,,0.0,2,"Vehículo Oficial,Automóvil",Av. Ntra.Sra.del Rosario Y Mariano Moreno,3,2,0,0,1,0,0,,Calle,,ROSARIO,Rosario,S/D,S/D,II,Dentro,Urbana,S/D,S/D,Intersección,S/D,Buena,"Nocturna,Con luz artificial",S/D,S/D,S/D,Colisión,S/D,S/D,S/D,S/D,POINT (-60.66205469999999 -33.0004878),"['Nuestra Señora del Rosario', 'Mariano Moreno']",2,Puente Nuestra Señora del Rosario; Mariano Moreno,-33.0004878,-60.66205469999999,55.0,538.0,Municipio Rosario,Municipio,Rosario,820210,Servicio de Catastro e Información Territorial,IGN
2015,8708,2015-11-09,Lunes,0.0,20:20:00,,0.0,2,"Moto/Ciclomotor,Automóvil",Bv. Segui Y J.M.de Rosas,2,1,0,0,1,0,0,,Avenida,,ROSARIO,Rosario,Asfalto,No existe,II,Dentro,Urbana,S/D,No existe,Intersección,Bueno,Buena,"Nocturna,Con luz artificial",Buen Tiempo,Lateral,S/D,Colisión,Ninguna,S/D,Ninguna,S/D,POINT (-60.63947580000001 -32.98032074999999),"['Bulevar Juan Francisco Seguí', 'De Rosas']",2,Bulevar Juan Francisco Seguí; Juan Manuel de Rosas,-32.98032074999999,-60.63947580000001,55.0,538.0,Municipio Rosario,Municipio,Rosario,820210,Servicio de Catastro e Información Territorial,IGN
2015,8711,2015-11-10,Martes,0.0,09:40:00,,0.0,2,"Moto/Ciclomotor,Automóvil",Grandoli Y Dr.Rivas,2,1,0,0,1,0,0,,Calle,,ROSARIO,Rosario,Asfalto,S/D,II,Dentro,Urbana,S/D,S/D,Intersección,Bueno,Buena,Diurna,Buen Tiempo,Lateral,S/D,Colisión,S/D,S/D,Ninguna,Sin restricción,POINT (-60.62830819999999 -32.98712985),"['Avenida Abanderado Grandoli', 'Doctor Francisco Riva']",2,Avenida Abanderado Grandoli; Doctor Francisco Riva,-32.98712985,-60.62830819999999,55.0,538.0,Municipio Rosario,Municipio,Rosario,820210,Servicio de Catastro e Información Territorial,IGN
2015,8713,2015-11-15,Domingo,0.0,11:30:00,,0.0,2,"Automóvil,Automóvil",Ayolas Y J.M.de Rosas,3,1,0,0,2,0,0,,Calle,,ROSARIO,Rosario,Asfalto,No existe,II,Dentro,Urbana,S/D,No existe,Intersección,Bueno,Buena,Diurna,Buen Tiempo,Lateral,S/D,Colisión,Ninguna,Faltante,S/D,S/D,POINT (-60.6389095 -32.9780403),"['Ayolas', 'De Rosas']",2,Ayolas; Juan Manuel de Rosas,-32.9780403,-60.6389095,55.0,538.0,Municipio Rosario,Municipio,Rosario,820210,Servicio de Catastro e Información Territorial,IGN
2015,8716,2015-11-18,Miercoles,0.0,17:40:00,,0.0,2,"Moto/Ciclomotor,Automóvil",Ayolas Y Chacabuco,4,3,0,0,1,0,0,,Calle,,ROSARIO,Rosario,Asfalto,No existe,II,Dentro,Urbana,Ninguna,No existe,Intersección,Bueno,Buena,Diurna,Buen Tiempo,Lateral,S/D,Colisión,Ninguna,Faltante,Ninguna,Sin restricción,POINT (-60.63043389999999 -32.9795449),"['Ayolas', 'Chacabuco']",2,Ayolas; Chacabuco,-32.9795449,-60.63043389999999,55.0,538.0,Municipio Rosario,Municipio,Rosario,820210,Servicio de Catastro e Información Territorial,IGN
2015,8718,2015-11-20,Viernes,0.0,12:15:00,,0.0,2,"Bicicleta,Automóvil",Pje. Resistencia Y Grandoli,2,1,0,0,1,0,0,,Calle,,ROSARIO,Rosario,Asfalto,No existe,II,Dentro,Urbana,Ninguna,No existe,Intersección,Bueno,Buena,Diurna,Buen Tiempo,S/D,S/D,Atropello,Ninguna,S/D,S/D,Sin restricción,POINT (-60.6282001 -32.9860357),"['Resistencia', 'Avenida Abanderado Grandoli']",2,Resistencia; Avenida Abanderado Grandoli,-32.9860357,-60.6282001,55.0,538.0,Municipio Rosario,Municipio,Rosario,820210,Servicio de Catastro e Información Territorial,IGN
2015,8719,2015-11-25,Miercoles,0.0,16:45:00,,0.0,2,"Bicicleta,Automóvil",L.N.Alem Y Ayolas,2,1,0,0,1,0,0,,Calle,,ROSARIO,Rosario,Asfalto,No existe,II,Dentro,Urbana,Ninguna,No existe,Intersección,Bueno,Buena,Diurna,Buen Tiempo,Lateral,S/D,Colisión,Ninguna,Faltante,Ninguna,Sin restricción,POINT (-60.635922 -32.9785708),"['Alem', 'Ayolas']",2,Leandro N. Alem; Ayolas,-32.9785708,-60.635922,55.0,538.0,Municipio Rosario,Municipio,Rosario,820210,Servicio de Catastro e Información Territorial,IGN
2015,8720,2015-11-03,Martes,0.0,20:05:00,,0.0,2,"Bicicleta,Moto/Ciclomotor",Mariano Moreno Y Pasco,2,1,0,0,1,0,0,,Calle,,ROSARIO,Rosario,Asfalto,S/D,II,Dentro,Urbana,S/D,S/D,Recta,Bueno,Buena,Atardecer,Buen Tiempo,S/D,S/D,Atropello,S/D,Vertical,S/D,S/D,POINT (-60.65390010000001 -32.9573393),"['Mariano Moreno', 'Pasco']",2,Mariano Moreno; Pasco,-32.9573393,-60.65390010000001,55.0,538.0,Municipio Rosario,Municipio,Rosario,820210,Servicio de Catastro e Información Territorial,IGN
2015,8722,2015-11-01,Domingo,0.0,12:30:00,,0.0,2,"Automóvil,Moto/Ciclomotor",Av. Ovidio Lagos Y Av. Pellegrini,2,1,0,0,1,0,0,,Avenida,,ROSARIO,Rosario,Asfalto,S/D,II,Dentro,Urbana,S/D,Funciona,Intersección,Bueno,Buena,Diurna,Buen Tiempo,Lateral,S/D,Colisión,S/D,S/D,S/D,S/D,POINT (-60.664182350000004 -32.953107599999996),"['Avenida Ovidio Lagos', 'Pellegrini']",2,Avenida Ovidio Lagos; Avenida Carlos Pellegrini,-32.9531076,-60.66418235,55.0,538.0,Municipio Rosario,Municipio,Rosario,820210,Servicio de Catastro e Información Territorial,IGN
2015,8726,2015-11-01,Domingo,0.0,12:00:00,,0.0,2,"Peatón,Automóvil",San Martin Y La Paz,2,1,0,0,1,0,0,,Calle,,ROSARIO,Rosario,Asfalto,S/D,II,Dentro,Urbana,S/D,S/D,Recta,Bueno,Buena,Diurna,Buen Tiempo,S/D,S/D,Atropello,S/D,S/D,S/D,S/D,POINT (-60.64116099999999 -32.964431299999994),"['San Martin', 'La Paz']",2,José de San Martín; La Paz,-32.964431299999994,-60.64116099999999,55.0,538.0,Municipio Rosario,Municipio,Rosario,820210,Servicio de Catastro e Información Territorial,IGN
2015,8728,2015-11-13,Viernes,0.0,20:40:00,,0.0,2,"Moto/Ciclomotor,Automóvil",España Y Ituzaingo,2,1,0,0,1,0,0,,Calle,,ROSARIO,Rosario,Asfalto,S/D,II,Dentro,Urbana,S/D,S/D,Intersección,Bueno,Buena,"Nocturna,Con luz artificial",Buen Tiempo,Lateral,S/D,Colisión,S/D,S/D,S/D,S/D,POINT (-60.65008399999999 -32.95924599999999),"['España', 'Ituzaingó']",2,España; Ituzaingó,-32.95924599999999,-60.65008399999999,55.0,538.0,Municipio Rosario,Municipio,Rosario,820210,Servicio de Catastro e Información Territorial,IGN
2015,8729,2015-11-13,Viernes,0.0,15:00:00,,0.0,2,"Moto/Ciclomotor,Pickup/Utilitario",Pasco Y Pte.Roca,2,1,0,0,1,0,0,,Calle,,ROSARIO,Rosario,Asfalto,S/D,II,Dentro,Urbana,Señal Pare,S/D,Intersección,Bueno,Buena,Diurna,Buen Tiempo,Lateral,S/D,Colisión,S/D,Vertical,S/D,S/D,POINT (-60.6484017 -32.95832659999999),"['Pasco', 'Roca']",2,Pasco; Presidente Roca,-32.95832659999999,-60.6484017,55.0,538.0,Municipio Rosario,Municipio,Rosario,820210,Servicio de Catastro e Información Territorial,IGN