anio_acci,nro_acci,fecha,desc_dia,fecha_aprox,hora_aprox,desc_ruta,km,cant_participantes,desc_participante,calle_avenida_km,total,heridos_leves,heridos_graves,heridos_gravisimos,ilesos,fallecidos,sin_datos,posicion_XY,desc_tipo_via,desc_ruta_ori,desc_loc,desc_dpto,desc_tipo_calzada,desc_tipo_banquina,desc_unidad_regional,desc_lugar_calzada,desc_zona,desc_prioridad,desc_estado_semaforo,desc_lugar_via,desc_estado_via,desc_estado_visibilidad,desc_luminosidad,desc_estado_clima,desc_tipo_colision,desc_tipo_atropello,desc_tipo_hecho,desc_pres_calzada,desc_senializacion,desc_separacion_via,desc_restriccion,forma_geocod,calle_lista,numero_calles,calles_osm,lat,lon,index_right,gid,fna,gna,nam,in1,fdc,sag
2015,8730,2015-11-13,Viernes,0.0,12:20:00,,0.0,2,"Automóvil,Moto/Ciclomotor",Pte.Roca Y Pje. Gomensoro,2,1,0,0,1,0,0,,Calle,,ROSARIO,Rosario,Asfalto,S/D,II,S/D,Urbana,S/D,S/D,Intersección,Bueno,Buena,Diurna,Buen Tiempo,Lateral,S/D,Colisión,S/D,S/D,S/D,S/D,POINT (-60.6514585 -32.9703892),"['Roca', 'Gomensoro']",2,Presidente Roca; Gomensoro,-32.9703892,-60.6514585,55.0,538.0,Municipio Rosario,Municipio,Rosario,820210,Servicio de Catastro e Información Territorial,IGN
2015,8731,2015-11-12,Jueves,0.0,17:00:00,,0.0,2,"Automóvil,Automóvil",Bv. 27 De Febrero Y Bv. Oroño,2,1,0,0,1,0,0,,Avenida,,ROSARIO,Rosario,Asfalto,S/D,II,Dentro,Urbana,Semáforo,Funciona,Intersección,Resbaladiza,Buena,Diurna,Lluvia,De alcance,S/D,Colisión,Agua,Vertical,Cordón divisorio,S/D,POINT (-60.658642825 -32.964892400000004),"['27 de Febrero', 'Bulevar Nicasio Oroño']",2,Bulevar 27 de Febrero; Bulevar Nicasio Oroño,-32.964892400000004,-60.658642825,55.0,538.0,Municipio Rosario,Municipio,Rosario,820210,Servicio de Catastro e Información Territorial,IGN
2015,8732,2015-11-11,Miercoles,0.0,12:50:00,,0.0,2,"Bicicleta,Automóvil",Entre Rios 2800,2,1,0,0,1,0,0,,Calle,,ROSARIO,Rosario,Asfalto,S/D,II,Dentro,Urbana,S/D,S/D,Recta,Bueno,Buena,Diurna,Buen Tiempo,S/D,S/D,Atropello,S/D,Horizontal,Línea divisoria pintada,S/D,"-32.9693127, -60.6469086",['Entre Rios 2800'],1,Entre Rios 2800,-32.9693127,-60.6469086,55.0,538.0,Municipio Rosario,Municipio,Rosario,820210,Servicio de Catastro e Información Territorial,IGN
2015,8733,2015-11-09,Lunes,0.0,17:10:00,,0.0,2,"Automóvil,Moto/Ciclomotor",Balcarce 2700,2,1,0,0,1,0,0,,Calle,,ROSARIO,Rosario,Asfalto,S/D,II,S/D,Urbana,S/D,S/D,Intersección,Bueno,Buena,Diurna,Buen Tiempo,Lateral,S/D,Colisión,S/D,S/D,Línea divisoria pintada,S/D,"-32.9661445, -60.6576211",['Balcarce 2700'],1,Balcarce 2700,-32.9661445,-60.6576211,55.0,538.0,Municipio Rosario,Municipio,Rosario,820210,Servicio de Catastro e Información Territorial,IGN
2015,8734,2015-11-06,Viernes,0.0,15:55:00,,0.0,2,"Bicicleta,Taxi/Remis",Sarmiento 2800,2,1,0,0,1,0,0,,Calle,,ROSARIO,Rosario,Asfalto,S/D,II,S/D,Urbana,S/D,S/D,Recta,Bueno,Buena,Diurna,Buen Tiempo,Otro,S/D,Colisión,S/D,S/D,S/D,S/D,"-32.9698165, -60.64411",['Sarmiento 2800'],1,Sarmiento 2800,-32.9698165,-60.64411,55.0,538.0,Municipio Rosario,Municipio,Rosario,820210,Servicio de Catastro e Información Territorial,IGN
2015,8735,2015-11-04,Miercoles,0.0,17:40:00,,0.0,2,"Moto/Ciclomotor,Pickup/Utilitario",Cerrito Y Entre Rios,2,1,0,0,1,0,0,,Calle,,ROSARIO,Rosario,Asfalto,S/D,II,S/D,Urbana,S/D,No existe,Intersección,Bueno,Buena,Diurna,Buen Tiempo,Lateral,S/D,Colisión,S/D,Faltante,S/D,S/D,POINT (-60.64481880000001 -32.961370599999995),"['Cerrito', 'Entre Ríos']",2,Cerrito; Entre Ríos,-32.961370599999995,-60.64481880000001,55.0,538.0,Municipio Rosario,Municipio,Rosario,820210,Servicio de Catastro e Información Territorial,IGN
2015,8736,2015-11-14,Sabado,0.0,18:40:00,,0.0,2,"Moto/Ciclomotor,Automóvil",España Y Gaboto,3,2,0,0,1,0,0,,Calle,,ROSARIO,Rosario,Asfalto,S/D,II,S/D,Urbana,S/D,S/D,Intersección,Bueno,Buena,Diurna,Buen Tiempo,Lateral,S/D,Colisión,S/D,S/D,S/D,S/D,POINT (-60.6532559 -32.9718629),"['España', 'Gaboto']",2,España; Gaboto,-32.9718629,-60.6532559,55.0,538.0,Municipio Rosario,Municipio,Rosario,820210,Servicio de Catastro e Información Territorial,IGN
2015,8798,2015-11-15,Domingo,0.0,,,0.0,2,"Automóvil,Moto/Ciclomotor",Tarragona ,2,1,0,0,1,0,0,,Calle,,ROSARIO,Rosario,Asfalto,No existe,II,Dentro,Urbana,Ninguna,No existe,Intersección,Bueno,S/D,S/D,S/D,Lateral,S/D,Colisión,S/D,S/D,Ninguna,S/D,"-32.9184364, -60.7350547",['Tarragona'],1,Tarragona,-32.9184364,-60.7350547,55.0,538.0,Municipio Rosario,Municipio,Rosario,820210,Servicio de Catastro e Información Territorial,IGN
2015,8810,2015-11-25,Miercoles,0.0,,,0.0,2,"Automóvil,Moto/Ciclomotor",Morrison Y Tarragona,3,1,1,0,1,0,0,,Calle,,ROSARIO,Rosario,Asfalto,No existe,II,Dentro,Urbana,Ninguna,No existe,Intersección,Bueno,Buena,Diurna,Buen Tiempo,Lateral,S/D,Colisión,Ninguna,Faltante,Ninguna,Sin restricción,POINT (-60.73463670000001 -32.92563539999999),"['Morrison', 'Tarragona']",2,Avenida Morrison; Tarragona,-32.92563539999999,-60.73463670000001,55.0,538.0,Municipio Rosario,Municipio,Rosario,820210,Servicio de Catastro e Información Territorial,IGN
2015,8811,2015-11-22,Domingo,0.0,,,0.0,2,"Automóvil,Moto/Ciclomotor",French Y Tarragona,2,1,0,0,1,0,0,,Calle,,ROSARIO,Rosario,Asfalto,No existe,II,Dentro,Urbana,Ninguna,No existe,Intersección,Bueno,Buena,Diurna,Buen Tiempo,Lateral,S/D,Colisión,Ninguna,Faltante,Ninguna,Sin restricción,POINT (-60.734757200000004 -32.92201899999999),"['French', 'Tarragona']",2,Domingo French; Tarragona,-32.92201899999999,-60.7347572,55.0,538.0,Municipio Rosario,Municipio,Rosario,820210,Servicio de Catastro e Información Territorial,IGN
2015,8848,2015-11-17,Martes,0.0,22:00:00,,0.0,2,"Vehículo Oficial,Otros",Av. Pellegrini Y Av. Ovidio Lagos,2,1,0,0,0,0,1,,Calle,,ROSARIO,Rosario,Asfalto,S/D,II,Dentro,Urbana,S/D,Funciona,Intersección,Bueno,Buena,Nocturna,Buen Tiempo,Lateral,S/D,Colisión,S/D,Vertical,S/D,Sin restricción,POINT (-60.664182350000004 -32.953107599999996),"['Pellegrini', 'Avenida Ovidio Lagos']",2,Avenida Carlos Pellegrini; Avenida Ovidio Lagos,-32.9531076,-60.66418235,55.0,538.0,Municipio Rosario,Municipio,Rosario,820210,Servicio de Catastro e Información Territorial,IGN
2015,8860,2015-11-27,Viernes,0.0,23:50:00,,0.0,2,"Moto/Ciclomotor,Pickup/Utilitario",Chubut ,2,1,0,0,1,0,0,,Calle,,ROSARIO,Rosario,Asfalto,No existe,II,Dentro,Urbana,Ninguna,No existe,S/D,Bueno,Buena,Nocturna,Buen Tiempo,Lateral,S/D,Colisión,S/D,Faltante,S/D,Sin restricción,"-32.945509, -60.7076852",['Chubut'],1,Chubut,-32.945509,-60.7076852,55.0,538.0,Municipio Rosario,Municipio,Rosario,820210,Servicio de Catastro e Información Territorial,IGN
2015,8861,2015-11-06,Viernes,0.0,15:00:00,,0.0,2,"Automóvil,Moto/Ciclomotor",French Y Garzon,2,1,0,0,1,0,0,,Calle,,ROSARIO,Rosario,S/D,No existe,II,Dentro,Urbana,Ninguna,No existe,Intersección,S/D,Buena,Diurna,Buen Tiempo,Lateral,S/D,Colisión,S/D,Faltante,Ninguna,Sin restricción,POINT (-60.706438500000004 -32.92160419999999),"['French', 'Garzón']",2,Domingo French; Garzón,-32.92160419999999,-60.7064385,55.0,538.0,Municipio Rosario,Municipio,Rosario,820210,Servicio de Catastro e Información Territorial,IGN
2015,8863,2015-11-14,Sabado,0.0,07:45:00,,0.0,2,"Pickup/Utilitario,Automóvil",Fraga Y F.M.Esquiu,3,1,0,0,2,0,0,,Calle,,ROSARIO,Rosario,S/D,No existe,II,Dentro,Urbana,Ninguna,No existe,Intersección,S/D,Buena,Diurna,S/D,Lateral,S/D,Colisión,S/D,Faltante,Ninguna,Sin restricción,POINT (-60.7109703 -32.923052000000006),"['Fraga', 'Esquiú']",2,Rosendo María Fraga; Esquiú,-32.923052000000006,-60.7109703,55.0,538.0,Municipio Rosario,Municipio,Rosario,820210,Servicio de Catastro e Información Territorial,IGN
2015,8864,2015-11-03,Martes,0.0,18:00:00,,0.0,2,"Moto/Ciclomotor,Otros",Arevalo Y Garzon,4,1,0,0,3,0,0,,Calle,,ROSARIO,Rosario,S/D,No existe,II,Dentro,Urbana,Ninguna,No existe,Intersección,S/D,S/D,Diurna,S/D,Lateral,S/D,Colisión,S/D,Faltante,Ninguna,Sin restricción,POINT (-60.7061048 -32.9305),"['Arévalo', 'Garzón']",2,Arévalo; Garzón,-32.9305,-60.7061048,55.0,538.0,Municipio Rosario,Municipio,Rosario,820210,Servicio de Catastro e Información Territorial,IGN
2015,8866,2015-11-07,Sabado,0.0,17:30:00,,0.0,2,"Automóvil,Automóvil",Av. Jorge Newbery Y Donado,2,2,0,0,0,0,0,,Calle,,ROSARIO,Rosario,S/D,S/D,II,Dentro,Urbana,S/D,S/D,S/D,S/D,S/D,Diurna,S/D,S/D,S/D,S/D,S/D,S/D,S/D,S/D,POINT (-60.728404966666666 -32.908371466666665),"['Jorge Newbery', 'Donado']",2,Avenida Jorge Newbery; José Agustín Donado,-32.908371466666665,-60.728404966666666,55.0,538.0,Municipio Rosario,Municipio,Rosario,820210,Servicio de Catastro e Información Territorial,IGN
2015,8900,2015-11-10,Martes,0.0,16:40:00,,0.0,2,"Automóvil,Bicicleta",Entre Rios Y Montevideo,2,1,0,0,1,0,0,,Calle,,ROSARIO,Rosario,Asfalto,Pavimento,II,Dentro,Urbana,Ninguna,Funciona,Intersección,Bueno,Buena,Diurna,Buen Tiempo,Otro,S/D,Atropello,S/D,S/D,Cordón divisorio,Sin restricción,POINT (-60.6433635 -32.95563219999999),"['Entre Ríos', 'Montevideo']",2,Entre Ríos; Montevideo,-32.95563219999999,-60.6433635,55.0,538.0,Municipio Rosario,Municipio,Rosario,820210,Servicio de Catastro e Información Territorial,IGN
2015,8901,2015-11-10,Martes,0.0,20:30:00,,0.0,2,"Bicicleta,Automóvil",Mariano Moreno Y 9 De Julio,2,1,0,0,1,0,0,,Calle,,ROSARIO,Rosario,Asfalto,No existe,II,S/D,Urbana,S/D,Funciona,Intersección,Bueno,Buena,"Nocturna,Con luz artificial",Buen Tiempo,Otro,S/D,Atropello,S/D,Vertical,Cordón divisorio,Sin restricción,POINT (-60.6524866 -32.951627),"['Mariano Moreno', '9 de Julio']",2,Mariano Moreno; 9 de Julio,-32.951627,-60.6524866,55.0,538.0,Municipio Rosario,Municipio,Rosario,820210,Servicio de Catastro e Información Territorial,IGN
2015,8902,2015-11-09,Lunes,0.0,13:00:00,,0.0,2,"Peatón,Moto/Ciclomotor",Mariano Moreno Y San Luis,2,1,0,0,1,0,0,,Calle,,ROSARIO,Rosario,Asfalto,Pavimento,II,Dentro,Urbana,Ninguna,S/D,Otro,Bueno,Buena,Diurna,Buen Tiempo,Otro,S/D,Atropello,S/D,S/D,Cordón divisorio,Sin restricción,POINT (-60.6512659 -32.94680389999999),"['Mariano Moreno', 'San Luis']",2,Mariano Moreno; San Luis,-32.94680389999999,-60.6512659,55.0,538.0,Municipio Rosario,Municipio,Rosario,820210,Servicio de Catastro e Información Territorial,IGN
2015,8904,2015-11-15,Domingo,0.0,06:45:00,,0.0,2,"Automóvil,Moto/Ciclomotor",E.Zeballos 1710,4,2,0,0,2,0,0,,Calle,,ROSARIO,Rosario,Asfalto,No existe,II,Dentro,Urbana,S/D,No existe,Intersección,Bueno,Buena,Diurna,Buen Tiempo,Lateral,S/D,Colisión,S/D,S/D,S/D,S/D,"-32.9577248, -60.6249701",['E Zeballos 1710'],1,E Zeballos 1710,-32.9577248,-60.6249701,55.0,538.0,Municipio Rosario,Municipio,Rosario,820210,Servicio de Catastro e Información Territorial,IGN
2015,8910,2015-11-25,Miercoles,0.0,13:44:00,,0.0,2,"Pickup/Utilitario,Transporte de Pasajeros Urbano (> 8 asientos)",3 De Febrero Y Balcarce,8,6,0,0,2,0,0,,Calle,,ROSARIO,Rosario,Asfalto,No existe,II,Dentro,Urbana,Ninguna,S/D,Intersección,Bueno,Buena,Diurna,Buen Tiempo,Lateral,S/D,Colisión,S/D,S/D,Cordón divisorio,Sin restricción,POINT (-60.6535421 -32.95033519999999),"['3 de Febrero', 'Balcarce']",2,3 de Febrero; Balcarce,-32.95033519999999,-60.6535421,55.0,538.0,Municipio Rosario,Municipio,Rosario,820210,Servicio de Catastro e Información Territorial,IGN
2015,8911,2015-11-15,Domingo,0.0,14:00:00,,0.0,2,"Automóvil,Moto/Ciclomotor",Mariano Moreno Y Rioja,2,1,0,0,1,0,0,,Calle,,ROSARIO,Rosario,Asfalto,Pavimento,II,Dentro,Urbana,S/D,No existe,Intersección,Bueno,Buena,Diurna,Buen Tiempo,Lateral,S/D,Colisión,S/D,Vertical,Barrera de hormigón,Sin restricción,POINT (-60.6508717 -32.9453541),"['Mariano Moreno', 'Rioja']",2,Mariano Moreno; Rioja,-32.9453541,-60.6508717,55.0,538.0,Municipio Rosario,Municipio,Rosario,820210,Servicio de Catastro e Información Territorial,IGN
2015,8922,2015-11-28,Sabado,0.0,12:45:00,,0.0,2,"Automóvil,Moto/Ciclomotor",San Juan Y Servando Bayo,2,1,0,0,1,0,0,,Calle,,ROSARIO,Rosario,Asfalto,S/D,II,Dentro,Urbana,S/D,S/D,S/D,S/D,S/D,Diurna,S/D,S/D,S/D,Colisión,S/D,S/D,S/D,S/D,POINT (-60.6855098 -32.94187949999999),"['San Juan', 'Servando Bayo']",2,San Juan; Servando Bayo,-32.94187949999999,-60.6855098,55.0,538.0,Municipio Rosario,Municipio,Rosario,820210,Servicio de Catastro e Información Territorial,IGN
2015,8923,2015-11-18,Miercoles,0.0,17:50:00,,0.0,2,"Pickup/Utilitario,Moto/Ciclomotor",Schweitzer Y Mejico,2,1,0,0,1,0,0,,Calle,,ROSARIO,Rosario,S/D,S/D,II,S/D,Urbana,S/D,S/D,S/D,S/D,S/D,Diurna,S/D,S/D,S/D,Colisión,S/D,S/D,S/D,S/D,POINT (-60.719576 -32.913281),"['Albert Schweitzer', 'Mejico']",2,Albert Schweitzer; Méjico,-32.913281,-60.719576,55.0,538.0,Municipio Rosario,Municipio,Rosario,820210,Servicio de Catastro e Información Territorial,IGN
2015,8924,2015-11-17,Martes,0.0,,,0.0,2,"Moto/Ciclomotor,Transporte de Pasajeros Urbano (> 8 asientos)",Mejico Y J.B.Justo,2,1,0,0,1,0,0,,Calle,,ROSARIO,Rosario,S/D,S/D,II,S/D,Urbana,S/D,S/D,S/D,S/D,S/D,S/D,S/D,S/D,S/D,Colisión,S/D,S/D,S/D,S/D,POINT (-60.7187564 -32.9335947),"['Mejico', 'Justo']",2,"('Méjico', 'Justo José de Urquiza')",-32.9335947,-60.7187564,55.0,538.0,Municipio Rosario,Municipio,Rosario,820210,Servicio de Catastro e Información Territorial,IGN
2015,8925,2015-11-02,Lunes,0.0,14:30:00,,0.0,2,"Automóvil,Moto/Ciclomotor",Necochea Y Pje. Cajaraville,3,1,0,0,2,0,0,,Calle,,ROSARIO,Rosario,Asfalto,S/D,II,Dentro,Urbana,S/D,S/D,Intersección,Bueno,Buena,Diurna,S/D,Lateral,S/D,Colisión,S/D,S/D,Barrera de alto impacto,S/D,POINT (-60.62558560000001 -32.9544375),"['Necochea', 'Cajaraville']",2,Necochea; Cajaraville,-32.9544375,-60.62558560000001,55.0,538.0,Municipio Rosario,Municipio,Rosario,820210,Servicio de Catastro e Información Territorial,IGN
2015,8929,2015-11-06,Viernes,0.0,15:40:00,,0.0,2,"Taxi/Remis,Moto/Ciclomotor",Laprida Y Montevideo,2,1,0,0,1,0,0,,Calle,,ROSARIO,Rosario,Asfalto,S/D,II,S/D,Urbana,S/D,S/D,Intersección,Bueno,Buena,Diurna,S/D,Lateral,S/D,Colisión,S/D,S/D,Cordón divisorio,S/D,POINT (-60.636619800000005 -32.95683329999999),"['Laprida', 'Montevideo']",2,Francisco Narciso Laprida; Montevideo,-32.95683329999999,-60.636619800000005,55.0,538.0,Municipio Rosario,Municipio,Rosario,820210,Servicio de Catastro e Información Territorial,IGN
2015,8930,2015-11-18,Miercoles,0.0,07:30:00,,0.0,2,"Taxi/Remis,Pickup/Utilitario",3 De Febrero Y 1 de Mayo,2,1,0,0,1,0,0,,Calle,,ROSARIO,Rosario,Asfalto,S/D,II,Dentro,Urbana,S/D,S/D,Intersección,Bueno,Buena,Diurna,S/D,Lateral,S/D,Colisión,S/D,S/D,Barrera de alto impacto,S/D,POINT (-60.6312992 -32.954230499999994),"['3 de Febrero', 'Primero de Mayo']",2,3 de Febrero; Primero de Mayo,-32.954230499999994,-60.6312992,55.0,538.0,Municipio Rosario,Municipio,Rosario,820210,Servicio de Catastro e Información Territorial,IGN
2015,8932,2015-11-18,Miercoles,0.0,,,0.0,2,"Otros,Otros",Av. Genova Y Barra,3,0,0,0,0,0,3,,Calle,,ROSARIO,Rosario,S/D,S/D,II,S/D,Urbana,S/D,S/D,S/D,S/D,S/D,S/D,S/D,S/D,S/D,S/D,S/D,S/D,S/D,S/D,POINT (-60.7080879 -32.9158538),"['Genova', 'Barra']",2,Avenida Génova; Barraco,-32.9158538,-60.7080879,55.0,538.0,Municipio Rosario,Municipio,Rosario,820210,Servicio de Catastro e Información Territorial,IGN
2015,8934,2015-11-03,Martes,0.0,,,0.0,2,"Moto/Ciclomotor,Automóvil",Av. Genova Y Mejico,2,0,0,0,0,0,2,,Calle,,ROSARIO,Rosario,S/D,S/D,II,S/D,Urbana,S/D,S/D,S/D,S/D,S/D,S/D,S/D,S/D,S/D,S/D,S/D,S/D,S/D,S/D,POINT (-60.719460899999994 -32.91617980000001),"['Genova', 'Mejico']",2,Avenida Génova; Méjico,-32.91617980000001,-60.7194609,55.0,538.0,Municipio Rosario,Municipio,Rosario,820210,Servicio de Catastro e Información Territorial,IGN
2015,8936,2015-11-29,Domingo,0.0,,,0.0,2,"Moto/Ciclomotor,Automóvil",Ecuador Y La Paz,2,1,0,0,1,0,0,,Calle,,ROSARIO,Rosario,Asfalto,S/D,II,Dentro,S/D,S/D,S/D,Recta,S/D,S/D,S/D,Buen Tiempo,Lateral,S/D,Colisión,S/D,S/D,Ninguna,S/D,POINT (-60.7143395 -32.9558027),"['Ecuador', 'La Paz']",2,Ecuador; La Paz,-32.9558027,-60.7143395,55.0,538.0,Municipio Rosario,Municipio,Rosario,820210,Servicio de Catastro e Información Territorial,IGN
2015,8940,2015-11-21,Sabado,0.0,,,0.0,2,"Moto/Ciclomotor,Automóvil",Derqui 7542,2,1,0,0,1,0,0,,Calle,,ROSARIO,Rosario,Asfalto,S/D,II,Dentro,Urbana,S/D,No existe,Recta,Bueno,Buena,Atardecer,Buen Tiempo,Lateral,S/D,Colisión,Ninguna,S/D,S/D,S/D,"-32.938276228571425, -60.72410242857143",['Derqui 7542'],1,Derqui 7542,-32.938276228571425,-60.72410242857143,55.0,538.0,Municipio Rosario,Municipio,Rosario,820210,Servicio de Catastro e Información Territorial,IGN
2015,8941,2015-11-10,Martes,0.0,15:50:00,,0.0,2,"Moto/Ciclomotor,Automóvil",Tarragona Y Schweitzer,2,1,0,0,1,0,0,,Calle,,ROSARIO,Rosario,S/D,S/D,II,Dentro,Urbana,S/D,S/D,Intersección,S/D,Buena,Diurna,Buen Tiempo,Lateral,S/D,Colisión,S/D,S/D,S/D,S/D,POINT (-60.735244300000005 -32.9137951),"['Tarragona', 'Albert Schweitzer']",2,Tarragona; Albert Schweitzer,-32.9137951,-60.735244300000005,55.0,538.0,Municipio Rosario,Municipio,Rosario,820210,Servicio de Catastro e Información Territorial,IGN
2015,8942,2015-11-09,Lunes,0.0,19:45:00,,0.0,2,"Moto/Ciclomotor,Automóvil",San Nicolas Y San Lorenzo,3,2,0,0,1,0,0,,Avenida,,ROSARIO,Rosario,Asfalto,No existe,II,Dentro,Urbana,Ninguna,No existe,Intersección,Bueno,Buena,Diurna,Buen Tiempo,Lateral,S/D,Colisión,Ninguna,Horizontal,Ninguna,Sin restricción,POINT (-60.67174630000001 -32.9380145),"['San Nicolás', 'San Lorenzo']",2,San Nicolás; San Lorenzo,-32.9380145,-60.67174630000001,55.0,538.0,Municipio Rosario,Municipio,Rosario,820210,Servicio de Catastro e Información Territorial,IGN
2015,8943,2015-11-20,Viernes,0.0,08:00:00,,0.0,2,"Automóvil,Automóvil",Av. Provincias Unidas Y Zuviria,2,1,0,0,1,0,0,,Calle,,ROSARIO,Rosario,Asfalto,S/D,II,Dentro,S/D,S/D,S/D,Recta,Bueno,Buena,Diurna,Buen Tiempo,Lateral,S/D,Colisión,Ninguna,S/D,Ninguna,S/D,POINT (-60.71276955 -32.93695894999999),"['Avenida Provincias Unidas', 'Zuviría']",2,Avenida Provincias Unidas; Juez José María Zuviría,-32.93695894999999,-60.71276955,55.0,538.0,Municipio Rosario,Municipio,Rosario,820210,Servicio de Catastro e Información Territorial,IGN
2015,8944,2015-11-24,Martes,0.0,14:00:00,,0.0,2,"Moto/Ciclomotor,Automóvil",Mendoza Y Ecuador,2,1,0,0,1,0,0,,Calle,,ROSARIO,Rosario,Asfalto,S/D,II,Dentro,S/D,S/D,S/D,Recta,Bueno,Buena,Diurna,Buen Tiempo,Lateral,S/D,Colisión,S/D,S/D,Ninguna,S/D,POINT (-60.71499095 -32.9402982),"['Mendoza', 'Ecuador']",2,Mendoza; Ecuador,-32.9402982,-60.71499095,55.0,538.0,Municipio Rosario,Municipio,Rosario,820210,Servicio de Catastro e Información Territorial,IGN
2015,8945,2015-11-05,Jueves,0.0,15:00:00,,0.0,2,"Moto/Ciclomotor,Pickup/Utilitario",San Nicolas Y Tucuman,2,1,0,0,1,0,0,,Calle,,ROSARIO,Rosario,Asfalto,No existe,II,Dentro,Urbana,Ninguna,No existe,Intersección,Bueno,Buena,Diurna,Buen Tiempo,Lateral,S/D,Colisión,Ninguna,S/D,S/D,Sin restricción,POINT (-60.6711576 -32.93566819999999),"['San Nicolás', 'Tucumán']",2,San Nicolás; Tucumán,-32.93566819999999,-60.6711576,55.0,538.0,Municipio Rosario,Municipio,Rosario,820210,Servicio de Catastro e Información Territorial,IGN
2015,8947,2015-11-05,Jueves,0.0,21:55:00,,0.0,2,"Moto/Ciclomotor,Pickup/Utilitario",San Nicolas Y San Lorenzo,2,1,0,0,1,0,0,,Calle,,ROSARIO,Rosario,Asfalto,No existe,II,Dentro,Urbana,Ninguna,No existe,Intersección,Bueno,Buena,Nocturna,Buen Tiempo,Lateral,S/D,Colisión,Ninguna,Horizontal,Ninguna,Sin restricción,POINT (-60.67174630000001 -32.9380145),"['San Nicolás', 'San Lorenzo']",2,San Nicolás; San Lorenzo,-32.9380145,-60.67174630000001,55.0,538.0,Municipio Rosario,Municipio,Rosario,820210,Servicio de Catastro e Información Territorial,IGN
2015,8949,2015-11-07,Sabado,0.0,11:15:00,,0.0,2,"Moto/Ciclomotor,Automóvil",San Lorenzo Y Crespo,3,2,0,0,1,0,0,,Calle,,ROSARIO,Rosario,S/D,No existe,II,Dentro,Urbana,Ninguna,No existe,Recta,Bueno,Buena,Diurna,Buen Tiempo,Lateral,S/D,Colisión,S/D,Horizontal,Ninguna,Sin restricción,POINT (-60.66769409999999 -32.938742999999995),"['San Lorenzo', 'Crespo']",2,San Lorenzo; Crespo,-32.938742999999995,-60.66769409999999,55.0,538.0,Municipio Rosario,Municipio,Rosario,820210,Servicio de Catastro e Información Territorial,IGN
2015,8960,2015-11-20,Viernes,0.0,13:30:00,,0.0,2,"Moto/Ciclomotor,Automóvil",Santa Fe Y Av. Ovidio Lagos,2,1,0,0,1,0,0,,Calle,,ROSARIO,Rosario,Asfalto,No existe,II,S/D,Urbana,Semáforo,Funciona,Recta,Otro,Buena,Diurna,Buen Tiempo,Otro,S/D,Colisión,Ninguna,Vertical,Ninguna,Sin restricción,POINT (-60.661118 -32.94092100000001),"['Santa Fe', 'Avenida Ovidio Lagos']",2,Santa Fe; Avenida Ovidio Lagos,-32.94092100000001,-60.661118,55.0,538.0,Municipio Rosario,Municipio,Rosario,820210,Servicio de Catastro e Información Territorial,IGN
2015,8984,2015-11-21,Sabado,0.0,22:40:00,,0.0,2,"Automóvil,Moto/Ciclomotor",Suipacha Y Urquiza,2,1,0,0,1,0,0,,Calle,,ROSARIO,Rosario,Asfalto,No existe,II,S/D,Urbana,Ninguna,No existe,Recta,Otro,Buena,"Nocturna,Con luz artificial",Buen Tiempo,Otro,S/D,Colisión,S/D,Faltante,Ninguna,Sin restricción,POINT (-60.6633084 -32.9383186),"['Suipacha', 'Urquiza']",2,Suipacha; Justo José de Urquiza,-32.9383186,-60.6633084,55.0,538.0,Municipio Rosario,Municipio,Rosario,820210,Servicio de Catastro e Información Territorial,IGN
2015,8985,2015-11-09,Lunes,0.0,19:45:00,,0.0,2,"Automóvil,Automóvil",Rivadavia 2800,2,1,0,0,1,0,0,,Avenida,,ROSARIO,Rosario,S/D,Pavimento,II,Dentro,Urbana,Semáforo,Funciona,Recta,Bueno,Buena,Diurna,Buen Tiempo,Otro,S/D,Colisión,Ninguna,Vertical,Ninguna,Sin restricción,"-32.9315902, -60.6531696",['Rivadavia 2800'],1,Rivadavia 2800,-32.9315902,-60.6531696,55.0,538.0,Municipio Rosario,Municipio,Rosario,820210,Servicio de Catastro e Información Territorial,IGN
2015,8986,2015-11-14,Sabado,0.0,01:00:00,,0.0,2,"Taxi/Remis,Automóvil",Callao 500,2,1,0,0,1,0,0,,Calle,,ROSARIO,Rosario,Asfalto,No existe,II,S/D,Urbana,Ninguna,Funciona,Recta,Bueno,Buena,Nocturna,Buen Tiempo,Otro,S/D,Colisión,Ninguna,Horizontal,Ninguna,Sin restricción,"-32.9388584, -60.6592955",['Callao 500'],1,Callao 500,-32.9388584,-60.6592955,55.0,538.0,Municipio Rosario,Municipio,Rosario,820210,Servicio de Catastro e Información Territorial,IGN
2015,8987,2015-11-17,Martes,0.0,11:15:00,,0.0,2,"Moto/Ciclomotor,Automóvil",Salta Y Rodriguez,2,1,0,0,1,0,0,,Calle,,ROSARIO,Rosario,Asfalto,No existe,II,S/D,Urbana,Semáforo,Funciona,Recta,Bueno,Buena,Diurna,Buen Tiempo,Otro,S/D,Colisión,Ninguna,Vertical,Ninguna,Sin restricción,POINT (-60.656966399999995 -32.935775899999996),"['Salta', 'Rodríguez']",2,Salta; Rodríguez de Escobedo,-32.9357759,-60.6569664,55.0,538.0,Municipio Rosario,Municipio,Rosario,820210,Servicio de Catastro e Información Territorial,IGN