anio_acci,nro_acci,fecha,desc_dia,fecha_aprox,hora_aprox,desc_ruta,km,cant_participantes,desc_participante,calle_avenida_km,total,heridos_leves,heridos_graves,heridos_gravisimos,ilesos,fallecidos,sin_datos,posicion_XY,desc_tipo_via,desc_ruta_ori,desc_loc,desc_dpto,desc_tipo_calzada,desc_tipo_banquina,desc_unidad_regional,desc_lugar_calzada,desc_zona,desc_prioridad,desc_estado_semaforo,desc_lugar_via,desc_estado_via,desc_estado_visibilidad,desc_luminosidad,desc_estado_clima,desc_tipo_colision,desc_tipo_atropello,desc_tipo_hecho,desc_pres_calzada,desc_senializacion,desc_separacion_via,desc_restriccion,forma_geocod,calle_lista,numero_calles,calles_osm,lat,lon,index_right,gid,fna,gna,nam,in1,fdc,sag
2015,9209,2015-11-02,Lunes,0.0,16:30:00,,0.0,2,"Automóvil,Automóvil",Av. Luis Carballo Y Rawson Bis,2,1,0,0,0,0,1,,Calle,,ROSARIO,Rosario,Asfalto,S/D,II,Dentro,Urbana,S/D,S/D,Intersección,S/D,S/D,Diurna,S/D,S/D,S/D,Colisión,S/D,S/D,S/D,S/D,POINT (-60.66940076666666 -32.92182163333333),"['Avenida Doctor Luis Cándido Carballo', 'Rawson']",2,Avenida Doctor Luis Cándido Carballo; Rawson,-32.92182163333333,-60.66940076666666,55.0,538.0,Municipio Rosario,Municipio,Rosario,820210,Servicio de Catastro e Información Territorial,IGN
2015,9210,2015-11-13,Viernes,0.0,,,0.0,2,"Moto/Ciclomotor,Automóvil",Pje. Rossini ,3,1,0,0,0,0,2,,Calle,,ROSARIO,Rosario,Asfalto,S/D,II,Dentro,Urbana,S/D,S/D,Intersección,S/D,S/D,S/D,S/D,S/D,S/D,Colisión,S/D,S/D,S/D,S/D,"-32.9230181, -60.6888067",['Pasaje Rossini'],1,Pasaje Rossini,-32.9230181,-60.6888067,55.0,538.0,Municipio Rosario,Municipio,Rosario,820210,Servicio de Catastro e Información Territorial,IGN
2015,9213,2015-11-06,Viernes,0.0,13:20:00,,0.0,2,"Moto/Ciclomotor,Automóvil",Pje. Rossini Y Iguazu,2,1,0,0,1,0,0,,Calle,,ROSARIO,Rosario,Asfalto,S/D,II,Dentro,Urbana,S/D,S/D,Intersección,S/D,S/D,Diurna,S/D,S/D,S/D,Colisión,S/D,S/D,S/D,S/D,POINT (-60.6865709 -32.922948500000004),"['Rossini', 'Iguazu']",2,Pasaje Rossini; Iguazú,-32.922948500000004,-60.6865709,55.0,538.0,Municipio Rosario,Municipio,Rosario,820210,Servicio de Catastro e Información Territorial,IGN
2015,9214,2015-11-26,Jueves,0.0,20:40:00,,0.0,2,"Moto/Ciclomotor,Automóvil",Pje. Franchini Bis Y Gorriti,2,1,0,0,1,0,0,,Calle,,ROSARIO,Rosario,Asfalto,S/D,II,Dentro,Urbana,S/D,S/D,Rotonda,S/D,S/D,Nocturna,S/D,S/D,S/D,Colisión,S/D,S/D,S/D,S/D,POINT (-60.67014030000001 -32.9232402),"['Pasaje Franchini', 'Gorriti']",2,Pasaje Franchini; Gorriti,-32.9232402,-60.67014030000001,55.0,538.0,Municipio Rosario,Municipio,Rosario,820210,Servicio de Catastro e Información Territorial,IGN
2015,9215,2015-11-23,Lunes,0.0,22:40:00,,0.0,2,"Automóvil,Automóvil",Ing.Thedy Bis Y Bv. Argentino,3,2,0,0,0,0,1,,Calle,,ROSARIO,Rosario,Asfalto,S/D,II,S/D,Urbana,S/D,S/D,Intersección,S/D,S/D,Nocturna,S/D,S/D,S/D,Colisión,S/D,S/D,S/D,S/D,POINT (-60.6657815 -32.9292199),"['Thedy', 'Argentino']",2,Héctor Thedy; Avenida Central Argentino,-32.9292199,-60.6657815,55.0,538.0,Municipio Rosario,Municipio,Rosario,820210,Servicio de Catastro e Información Territorial,IGN
2015,9217,2015-11-14,Sabado,0.0,00:10:00,,0.0,2,"Moto/Ciclomotor,Automóvil",J.J.Paso Y Larrea,2,1,0,0,1,0,0,,Calle,,ROSARIO,Rosario,S/D,S/D,II,S/D,Urbana,S/D,S/D,S/D,S/D,S/D,Nocturna,S/D,S/D,S/D,S/D,S/D,S/D,S/D,S/D,POINT (-60.69799725 -32.91979094999999),"['Paso', 'Larrea']",2,Avenida Juan José Paso; Larrea,-32.91979094999999,-60.69799725,55.0,538.0,Municipio Rosario,Municipio,Rosario,820210,Servicio de Catastro e Información Territorial,IGN
2015,9218,2015-11-04,Miercoles,0.0,,,0.0,2,"Bicicleta,Automóvil",Av. Provincias Unidas Y Av. Sorrento,2,0,0,0,0,0,2,,Avenida,,ROSARIO,Rosario,S/D,S/D,II,S/D,Urbana,S/D,S/D,S/D,S/D,S/D,S/D,S/D,S/D,S/D,Atropello,S/D,S/D,S/D,S/D,POINT (-60.714102249999996 -32.9083328),"['Avenida Provincias Unidas', 'Sorrento']",2,Avenida Provincias Unidas; Avenida Sorrento,-32.9083328,-60.71410225,55.0,538.0,Municipio Rosario,Municipio,Rosario,820210,Servicio de Catastro e Información Territorial,IGN
2015,9220,2015-11-07,Sabado,0.0,10:15:00,,0.0,2,"Automóvil,Automóvil",Bv. Segui 5000,2,1,0,0,1,0,0,,S/D,,ROSARIO,Rosario,Asfalto,No existe,II,Dentro,Urbana,Semáforo,Funciona,Intersección,Bueno,Buena,Diurna,Buen Tiempo,Lateral,S/D,Colisión,Otro,Vertical,Ninguna,Sin restricción,"-32.97039253762756, -60.6919283202217",['Bulevar Juan Francisco Seguí 5000'],1,Bulevar Juan Francisco Seguí 5000,-32.97039253762756,-60.6919283202217,55.0,538.0,Municipio Rosario,Municipio,Rosario,820210,Servicio de Catastro e Información Territorial,IGN
2015,9222,2015-11-01,Domingo,0.0,10:30:00,,0.0,2,"Moto/Ciclomotor,Moto/Ciclomotor",Guatemala Y Pje. Estudiante Aguilar,2,1,0,0,1,0,0,,Calle,,ROSARIO,Rosario,Asfalto,S/D,II,Dentro,S/D,Ninguna,No existe,Recta,Bueno,Buena,Diurna,Buen Tiempo,Lateral,S/D,Colisión,S/D,Faltante,Ninguna,S/D,POINT (-60.7166154 -32.95624990000001),"['Guatemala', 'Estudiante Aguilar']",2,Guatemala; Estudiante Aguilar,-32.95624990000001,-60.7166154,55.0,538.0,Municipio Rosario,Municipio,Rosario,820210,Servicio de Catastro e Información Territorial,IGN
2015,9224,2015-11-26,Jueves,0.0,23:00:00,,0.0,1,Moto/Ciclomotor,Bv. Rondeau Y Ricardo Gutierrez,1,1,0,0,0,0,0,,Avenida,,ROSARIO,Rosario,Asfalto,S/D,II,Dentro,Urbana,Señal Pare,S/D,Recta,Bueno,Buena,Diurna,Buen Tiempo,Contra objeto fijo,S/D,Colisión,Ninguna,Faltante,S/D,Sin restricción,POINT (-60.69635505 -32.881465649999996),"['Rondeau', 'Ricardo Gutierrez']",2,Bulevar General José Rondeau; Ricardo Gutierrez,-32.88146565,-60.69635505,55.0,538.0,Municipio Rosario,Municipio,Rosario,820210,Servicio de Catastro e Información Territorial,IGN
2015,9225,2015-11-03,Martes,0.0,08:00:00,,0.0,2,"Moto/Ciclomotor,Automóvil",Rio Negro Y Peru,2,1,0,0,1,0,0,,Calle,,ROSARIO,Rosario,Asfalto,S/D,II,Dentro,S/D,S/D,S/D,Recta,S/D,S/D,Diurna,Buen Tiempo,S/D,S/D,Colisión,S/D,Faltante,Ninguna,S/D,POINT (-60.71118920000001 -32.945114000000004),"['Rio Negro', 'Peru']",2,Río Negro; Perú,-32.945114000000004,-60.71118920000001,55.0,538.0,Municipio Rosario,Municipio,Rosario,820210,Servicio de Catastro e Información Territorial,IGN
2015,9227,2015-11-29,Domingo,0.0,16:00:00,,0.0,2,"Moto/Ciclomotor,Automóvil",Derqui Y Campbell,2,1,0,0,1,0,0,,Calle,,ROSARIO,Rosario,S/D,S/D,II,Dentro,S/D,S/D,S/D,S/D,S/D,S/D,Diurna,Buen Tiempo,Frontal,S/D,Colisión,S/D,S/D,S/D,S/D,POINT (-60.708047199999996 -32.937890599999996),"['Derqui', 'Campbell']",2,Derqui; Campbell,-32.9378906,-60.7080472,55.0,538.0,Municipio Rosario,Municipio,Rosario,820210,Servicio de Catastro e Información Territorial,IGN
2015,9228,2015-11-17,Martes,0.0,12:30:00,,0.0,2,"Moto/Ciclomotor,Automóvil",Av. Luis Carballo 300,2,1,0,0,1,0,0,,Avenida,,ROSARIO,Rosario,Asfalto,S/D,II,Dentro,Urbana,S/D,S/D,Recta,S/D,Buena,Diurna,Buen Tiempo,De alcance,S/D,Colisión,S/D,S/D,S/D,S/D,"-32.9225828, -60.6665163",['Luis Carballo 300'],1,Luis Carballo 300,-32.9225828,-60.6665163,55.0,538.0,Municipio Rosario,Municipio,Rosario,820210,Servicio de Catastro e Información Territorial,IGN
2015,9229,2015-11-12,Jueves,0.0,17:00:00,,0.0,2,"Bicicleta,Automóvil",Av. Provincias Unidas Y Zuviria,2,1,0,0,1,0,0,,Calle,,ROSARIO,Rosario,Asfalto,No existe,II,Dentro,Urbana,Ninguna,No existe,Recta,S/D,Buena,Diurna,Buen Tiempo,S/D,S/D,Atropello,S/D,S/D,Ninguna,S/D,POINT (-60.71276955 -32.93695894999999),"['Avenida Provincias Unidas', 'Zuviría']",2,Avenida Provincias Unidas; Juez José María Zuviría,-32.93695894999999,-60.71276955,55.0,538.0,Municipio Rosario,Municipio,Rosario,820210,Servicio de Catastro e Información Territorial,IGN
2015,9231,2015-11-11,Miercoles,0.0,20:00:00,,0.0,2,"Moto/Ciclomotor,Taxi/Remis",Av. Pellegrini Y Cullen,2,1,0,0,1,0,0,,Calle,,ROSARIO,Rosario,Asfalto,S/D,II,Dentro,S/D,S/D,No existe,Recta,S/D,Buena,Nocturna,Buen Tiempo,S/D,S/D,S/D,S/D,S/D,Ninguna,S/D,POINT (-60.7087499 -32.9484991),"['Pellegrini', 'Cullen']",2,Avenida Carlos Pellegrini; Cullen,-32.9484991,-60.7087499,55.0,538.0,Municipio Rosario,Municipio,Rosario,820210,Servicio de Catastro e Información Territorial,IGN
2015,9237,2015-11-11,Miercoles,0.0,18:00:00,,0.0,2,"Moto/Ciclomotor,Automóvil",Marcos Paz Y Av. Provincias Unidas,2,1,0,0,1,0,0,,Calle,,ROSARIO,Rosario,Asfalto,S/D,II,Dentro,S/D,S/D,No existe,Recta,S/D,Buena,Diurna,Buen Tiempo,S/D,S/D,S/D,S/D,S/D,Ninguna,S/D,POINT (-60.71267265 -32.93906135),"['Marcos Paz', 'Avenida Provincias Unidas']",2,Marcos Paz; Avenida Provincias Unidas,-32.93906135,-60.71267265,55.0,538.0,Municipio Rosario,Municipio,Rosario,820210,Servicio de Catastro e Información Territorial,IGN
2015,9240,2015-11-11,Miercoles,0.0,16:00:00,,0.0,2,"Automóvil,Moto/Ciclomotor",Bolivia 2450,2,1,0,0,1,0,0,,Calle,,ROSARIO,Rosario,Asfalto,S/D,II,Dentro,S/D,S/D,No existe,Recta,S/D,Buena,Diurna,Buen Tiempo,S/D,S/D,S/D,S/D,S/D,Ninguna,S/D,"-32.95752469183673, -60.71325074489796",['Bolivia 2450'],1,Bolivia 2450,-32.95752469183673,-60.71325074489796,55.0,538.0,Municipio Rosario,Municipio,Rosario,820210,Servicio de Catastro e Información Territorial,IGN
2015,9242,2015-11-06,Viernes,0.0,17:00:00,,0.0,2,"Moto/Ciclomotor,Automóvil",Cullen Y Cochabamba,2,1,0,0,1,0,0,,Calle,,ROSARIO,Rosario,Asfalto,S/D,II,Dentro,S/D,S/D,S/D,Recta,S/D,Buena,Diurna,Buen Tiempo,S/D,S/D,S/D,S/D,S/D,S/D,S/D,POINT (-60.708707100000005 -32.9497056),"['Cullen', 'Cochabamba']",2,Cullen; Cochabamba,-32.9497056,-60.708707100000005,55.0,538.0,Municipio Rosario,Municipio,Rosario,820210,Servicio de Catastro e Información Territorial,IGN
2015,9243,2015-11-06,Viernes,0.0,13:00:00,,0.0,2,"Moto/Ciclomotor,Automóvil",Ituzaingo Y Bolivia,2,1,0,0,1,0,0,,Calle,,ROSARIO,Rosario,Asfalto,S/D,II,Dentro,S/D,S/D,No existe,Recta,S/D,Buena,Diurna,Buen Tiempo,Lateral,S/D,Colisión,S/D,S/D,S/D,S/D,POINT (-60.7133226 -32.9522181),"['Ituzaingó', 'Bolivia']",2,Ituzaingó; Bolivia,-32.9522181,-60.7133226,55.0,538.0,Municipio Rosario,Municipio,Rosario,820210,Servicio de Catastro e Información Territorial,IGN
2015,9244,2015-11-08,Domingo,0.0,21:00:00,,0.0,2,"Peatón,Automóvil",Barra Y Viamonte,2,1,0,0,0,0,1,,S/D,,ROSARIO,Rosario,Asfalto,No existe,II,Dentro,Urbana,Ninguna,No existe,Intersección,Bueno,Buena,Nocturna,Otro,S/D,S/D,Atropello,Otro,Faltante,Ninguna,Sin restricción,POINT (-60.7061558 -32.9567583),"['Barra', 'Viamonte']",2,Barraco; Viamonte,-32.9567583,-60.7061558,55.0,538.0,Municipio Rosario,Municipio,Rosario,820210,Servicio de Catastro e Información Territorial,IGN
2015,9246,2015-11-12,Jueves,0.0,19:00:00,,0.0,2,"Peatón,Automóvil",Larrea Y Garay,2,1,0,0,0,0,1,,S/D,,ROSARIO,Rosario,Asfalto,No existe,II,Dentro,Urbana,Ninguna,No existe,Intersección,Otro,Buena,Atardecer,Otro,S/D,S/D,Atropello,Otro,Faltante,Ninguna,Sin restricción,POINT (-60.69623769999999 -32.965887500000015),"['Larrea', 'Garay']",2,Larrea; Juan de Garay,-32.965887500000015,-60.69623769999999,55.0,538.0,Municipio Rosario,Municipio,Rosario,820210,Servicio de Catastro e Información Territorial,IGN
2015,9247,2015-11-14,Sabado,0.0,12:00:00,,0.0,1,Moto/Ciclomotor,Bv. Segui Y Barra,1,1,0,0,0,0,0,,S/D,,ROSARIO,Rosario,Asfalto,No existe,II,Dentro,Urbana,Ninguna,No existe,Intersección,Bueno,Buena,Diurna,Buen Tiempo,Lateral,S/D,Colisión,Otro,Faltante,Barrera de hormigón,Sin restricción,POINT (-60.70560545000001 -32.9708833),"['Bulevar Juan Francisco Seguí', 'Barra']",2,Bulevar Juan Francisco Seguí; Barraco,-32.9708833,-60.70560545000001,55.0,538.0,Municipio Rosario,Municipio,Rosario,820210,Servicio de Catastro e Información Territorial,IGN
2015,9248,2015-11-29,Domingo,0.0,22:00:00,,0.0,2,"Moto/Ciclomotor,Vehículo Oficial",Pje. 1844 Y Pje. 1845,5,0,2,0,1,0,2,,S/D,,ROSARIO,Rosario,Asfalto,No existe,II,Dentro,Urbana,Ninguna,No existe,Intersección,Otro,Buena,Nocturna,Otro,Otro,S/D,Colisión,Otro,Faltante,Barrera de hormigón,Sin restricción,POINT (-60.7026137 -32.977646899999996),"['Héctor Miguel Rolla', 'Alfredo Jorge Vázquez']",2,Héctor Miguel Rolla; Alfredo Jorge Vázquez,-32.9776469,-60.7026137,55.0,538.0,Municipio Rosario,Municipio,Rosario,820210,Servicio de Catastro e Información Territorial,IGN
2015,9250,2015-11-01,Domingo,1.0,13:30:00,,0.0,2,"Moto/Ciclomotor,Automóvil",Virasoro Y Colon,2,1,0,0,1,0,0,,Calle,,ROSARIO,Rosario,Asfalto,No existe,II,Dentro,Urbana,Ninguna,No existe,Intersección,Bueno,Buena,Diurna,Buen Tiempo,Lateral,S/D,Colisión,Ninguna,Faltante,Ninguna,Sin restricción,POINT (-60.6314383 -32.9721415),"['Virasoro', 'Colon']",2,Benjamín Virasoro; Cristóbal Colón,-32.9721415,-60.6314383,55.0,538.0,Municipio Rosario,Municipio,Rosario,820210,Servicio de Catastro e Información Territorial,IGN
2015,9266,2015-09-26,Sabado,0.0,13:30:00,,0.0,2,"Automóvil,Moto/Ciclomotor",Matheu Y A.Maza,3,1,0,0,1,0,1,,Calle,,ROSARIO,Rosario,S/D,S/D,II,Dentro,Urbana,S/D,S/D,Recta,S/D,S/D,Diurna,S/D,De alcance,S/D,Colisión,S/D,S/D,S/D,S/D,POINT (-60.69041550000001 -32.8882774),"['Matheu', 'Maza']",2,Domingo Matheu; Juan Agustín Maza,-32.8882774,-60.69041550000001,55.0,538.0,Municipio Rosario,Municipio,Rosario,820210,Servicio de Catastro e Información Territorial,IGN
2015,9270,2015-11-18,Miercoles,0.0,19:30:00,,0.0,2,"Moto/Ciclomotor,Automóvil",Montevideo Y Peru,2,1,0,0,1,0,0,,Calle,,ROSARIO,Rosario,Asfalto,S/D,II,Dentro,Urbana,S/D,S/D,Recta,Bueno,Buena,Atardecer,Buen Tiempo,S/D,S/D,Colisión,S/D,S/D,S/D,S/D,POINT (-60.7110894 -32.94742959999999),"['Montevideo', 'Peru']",2,Montevideo; Perú,-32.94742959999999,-60.7110894,55.0,538.0,Municipio Rosario,Municipio,Rosario,820210,Servicio de Catastro e Información Territorial,IGN
2015,9272,2015-11-28,Sabado,0.0,14:30:00,,0.0,2,"Moto/Ciclomotor,Automóvil",Cerro Catedral 6000,2,1,0,0,1,0,0,,Calle,,ROSARIO,Rosario,Asfalto,S/D,II,S/D,Urbana,S/D,S/D,Recta,Bueno,Buena,Diurna,Buen Tiempo,Lateral,S/D,Colisión,S/D,S/D,Ninguna,S/D,"-32.9512392, -60.703875",['Cerro Catedral 6000'],1,Cerro Catedral 6000,-32.9512392,-60.703875,55.0,538.0,Municipio Rosario,Municipio,Rosario,820210,Servicio de Catastro e Información Territorial,IGN
2015,9274,2015-11-14,Sabado,0.0,10:00:00,,0.0,2,"Moto/Ciclomotor,Automóvil",Peru A Y Av. Eva Peron,2,1,0,0,1,0,0,,Calle,,ROSARIO,Rosario,Asfalto,S/D,II,Dentro,Urbana,S/D,S/D,Recta,Bueno,Buena,Diurna,Buen Tiempo,S/D,S/D,Colisión,S/D,S/D,Ninguna,S/D,POINT (-60.711748099999994 -32.933223649999995),"['Peru', 'Avenida Eva Perón']",2,Perú; Avenida Eva Perón,-32.933223649999995,-60.7117481,55.0,538.0,Municipio Rosario,Municipio,Rosario,820210,Servicio de Catastro e Información Territorial,IGN
2015,9275,2015-11-14,Sabado,0.0,22:00:00,,0.0,2,"Moto/Ciclomotor,Automóvil",Guatemala Y Ituzaingo,2,1,0,0,1,0,0,,Calle,,ROSARIO,Rosario,Asfalto,No existe,II,Dentro,Urbana,S/D,S/D,Recta,Bueno,Buena,"Nocturna,Con luz artificial",Buen Tiempo,Lateral,S/D,Colisión,S/D,S/D,Ninguna,S/D,POINT (-60.71677820000001 -32.95230799999999),"['Guatemala', 'Ituzaingó']",2,Guatemala; Ituzaingó,-32.95230799999999,-60.71677820000001,55.0,538.0,Municipio Rosario,Municipio,Rosario,820210,Servicio de Catastro e Información Territorial,IGN
2015,9276,2015-11-15,Domingo,0.0,15:00:00,,0.0,2,"Moto/Ciclomotor,Automóvil",Urquiza Y Av. Provincias Unidas,2,1,0,0,1,0,0,,Calle,,ROSARIO,Rosario,Asfalto,S/D,II,Dentro,Urbana,S/D,S/D,Recta,Bueno,Buena,Diurna,Buen Tiempo,S/D,S/D,Colisión,S/D,S/D,Ninguna,Sin restricción,POINT (-60.71293324999999 -32.93344005),"['Urquiza', 'Avenida Provincias Unidas']",2,Justo José de Urquiza; Avenida Provincias Unidas,-32.93344005,-60.71293324999999,55.0,538.0,Municipio Rosario,Municipio,Rosario,820210,Servicio de Catastro e Información Territorial,IGN
2015,9277,2015-11-15,Domingo,0.0,13:00:00,,0.0,2,"Peatón,Automóvil",Av. Pellegrini Y Garzon,2,1,0,0,1,0,0,,Calle,,ROSARIO,Rosario,Asfalto,S/D,II,Dentro,Urbana,S/D,S/D,Recta,Bueno,Buena,Diurna,Buen Tiempo,S/D,S/D,Atropello,S/D,S/D,Ninguna,S/D,POINT (-60.705300650000005 -32.9484086),"['Pellegrini', 'Garzón']",2,Avenida Carlos Pellegrini; Garzón,-32.9484086,-60.705300650000005,55.0,538.0,Municipio Rosario,Municipio,Rosario,820210,Servicio de Catastro e Información Territorial,IGN
2015,9278,2015-11-15,Domingo,0.0,,,0.0,2,"Moto/Ciclomotor,Automóvil",Riobamba Y Matienzo,2,1,0,0,1,0,0,,Calle,,ROSARIO,Rosario,Asfalto,S/D,II,Dentro,Urbana,S/D,S/D,Recta,Bueno,S/D,S/D,Buen Tiempo,Lateral,S/D,Colisión,S/D,S/D,Ninguna,S/D,POINT (-60.69416449999999 -32.9540738),"['Riobamba', 'Matienzo']",2,Riobamba; Benjamín Matienzo,-32.9540738,-60.69416449999999,55.0,538.0,Municipio Rosario,Municipio,Rosario,820210,Servicio de Catastro e Información Territorial,IGN
2015,9284,2015-11-17,Martes,0.0,17:30:00,,0.0,2,"Moto/Ciclomotor,Automóvil",Av. Corrientes Y Ameghino,3,2,0,0,1,0,0,,Calle,,ROSARIO,Rosario,S/D,S/D,II,S/D,Urbana,S/D,S/D,S/D,S/D,S/D,Diurna,S/D,S/D,S/D,Colisión,S/D,S/D,S/D,S/D,POINT (-60.6525951 -32.98636059999999),"['Corrientes', 'Ameghino']",2,Corrientes; Ameghino,-32.98636059999999,-60.6525951,55.0,538.0,Municipio Rosario,Municipio,Rosario,820210,Servicio de Catastro e Información Territorial,IGN
2015,9286,2015-11-22,Domingo,0.0,17:00:00,,0.0,2,"Automóvil,Moto/Ciclomotor",Bv. Segui Y Sarmiento,4,3,0,0,1,0,0,,Calle,,ROSARIO,Rosario,S/D,No existe,II,Dentro,Urbana,Ninguna,No existe,Intersección,Bueno,Buena,Diurna,Buen Tiempo,Otro,S/D,Colisión,Ninguna,S/D,Ninguna,Sin restricción,POINT (-60.64638135 -32.9790819),"['Bulevar Juan Francisco Seguí', 'Sarmiento']",2,Bulevar Juan Francisco Seguí; Sarmiento,-32.9790819,-60.64638135,55.0,538.0,Municipio Rosario,Municipio,Rosario,820210,Servicio de Catastro e Información Territorial,IGN
2015,9289,2015-11-21,Sabado,0.0,21:00:00,,0.0,2,"Moto/Ciclomotor,Automóvil",Mitre Y Uruguay,2,1,0,0,1,0,0,,Calle,,ROSARIO,Rosario,Asfalto,No existe,II,S/D,Urbana,Ninguna,No existe,Intersección,Bueno,Buena,Diurna,Buen Tiempo,Otro,S/D,Colisión,Ninguna,S/D,Ninguna,Sin restricción,POINT (-60.64715669999999 -32.97657820000001),"['Mitre', 'Uruguay']",2,Bartolomé Mitre; Uruguay,-32.97657820000001,-60.64715669999999,55.0,538.0,Municipio Rosario,Municipio,Rosario,820210,Servicio de Catastro e Información Territorial,IGN
2015,9290,2015-11-25,Miercoles,0.0,18:45:00,,0.0,2,"Automóvil,Moto/Ciclomotor",Ameghino Y Mitre,2,1,0,0,1,0,0,,Calle,,ROSARIO,Rosario,Asfalto,No existe,II,Dentro,Urbana,Ninguna,S/D,Recta,Bueno,Buena,Diurna,Otro,S/D,S/D,Colisión,Ninguna,S/D,Ninguna,Sin restricción,POINT (-60.649806600000005 -32.9868629),"['Ameghino', 'Mitre']",2,Ameghino; Bartolomé Mitre,-32.9868629,-60.649806600000005,55.0,538.0,Municipio Rosario,Municipio,Rosario,820210,Servicio de Catastro e Información Territorial,IGN
2015,9291,2015-11-25,Miercoles,0.0,10:20:00,,0.0,2,"Moto/Ciclomotor,Automóvil",Uruguay Y Italia,2,1,0,0,1,0,0,,Calle,,ROSARIO,Rosario,Asfalto,No existe,II,S/D,Urbana,Ninguna,S/D,Intersección,Bueno,Buena,"Nocturna,Con luz artificial",Buen Tiempo,Otro,S/D,Colisión,Ninguna,S/D,Ninguna,Sin restricción,POINT (-60.6555142 -32.975070099999996),"['Uruguay', 'Italia']",2,Uruguay; Italia,-32.9750701,-60.6555142,55.0,538.0,Municipio Rosario,Municipio,Rosario,820210,Servicio de Catastro e Información Territorial,IGN
2015,9293,2015-11-20,Viernes,0.0,08:30:00,,0.0,2,"Peatón,Moto/Ciclomotor",San Martin 4800,2,1,0,0,1,0,0,,Avenida,,ROSARIO,Rosario,S/D,S/D,II,S/D,Urbana,S/D,S/D,S/D,S/D,S/D,Diurna,S/D,S/D,S/D,Atropello,S/D,S/D,S/D,S/D,"-32.945627, -60.6364413",['San Martin 4800'],1,San Martin 4800,-32.945627,-60.6364413,55.0,538.0,Municipio Rosario,Municipio,Rosario,820210,Servicio de Catastro e Información Territorial,IGN
2015,9295,2015-11-18,Miercoles,0.0,19:30:00,,0.0,2,"Moto/Ciclomotor,Automóvil",Sarmiento Y Gaboto,2,1,0,0,1,0,0,,Calle,,ROSARIO,Rosario,Asfalto,No existe,II,S/D,Urbana,Ninguna,S/D,Intersección,Bueno,Buena,Diurna,Buen Tiempo,S/D,S/D,Colisión,Ninguna,S/D,Ninguna,Sin restricción,POINT (-60.64492839999999 -32.973346899999996),"['Sarmiento', 'Gaboto']",2,Sarmiento; Gaboto,-32.9733469,-60.64492839999999,55.0,538.0,Municipio Rosario,Municipio,Rosario,820210,Servicio de Catastro e Información Territorial,IGN
2015,9296,2015-11-14,Sabado,0.0,17:30:00,,0.0,2,"Automóvil,Moto/Ciclomotor",Av. Corrientes Y Pje. Mozart,2,1,0,0,1,0,0,,Calle,,ROSARIO,Rosario,Asfalto,No existe,II,Dentro,Urbana,Ninguna,S/D,Intersección,Bueno,Buena,Diurna,Buen Tiempo,S/D,S/D,Colisión,Ninguna,S/D,Ninguna,Sin restricción,POINT (-60.6510485 -32.98007169999999),"['Corrientes', 'Mozart']",2,Corrientes; Pasaje Mozart,-32.98007169999999,-60.6510485,55.0,538.0,Municipio Rosario,Municipio,Rosario,820210,Servicio de Catastro e Información Territorial,IGN
2015,9297,2015-11-25,Miercoles,0.0,11:20:00,,0.0,2,"Automóvil,Moto/Ciclomotor",Av. Corrientes Y 24 De Setiembre,2,1,0,0,1,0,0,,Avenida,,ROSARIO,Rosario,Asfalto,No existe,II,S/D,Urbana,Ninguna,S/D,Intersección,Bueno,Buena,Diurna,Buen Tiempo,S/D,S/D,Colisión,Ninguna,S/D,Ninguna,Sin restricción,POINT (-60.65089570000001 -32.9794687),"['Corrientes', '24 de Septiembre']",2,Corrientes; 24 de Septiembre,-32.9794687,-60.65089570000001,55.0,538.0,Municipio Rosario,Municipio,Rosario,820210,Servicio de Catastro e Información Territorial,IGN
2015,9298,2015-11-24,Martes,0.0,14:30:00,,0.0,2,"Camión,Moto/Ciclomotor",Bv. Segui Y Rodriguez,2,1,0,0,1,0,0,,Calle,,ROSARIO,Rosario,Asfalto,No existe,II,Dentro,Urbana,Ninguna,S/D,Intersección,S/D,Buena,Diurna,Buen Tiempo,S/D,S/D,Colisión,S/D,S/D,Ninguna,Sin restricción,POINT (-60.66696664999999 -32.975399),"['Bulevar Juan Francisco Seguí', 'Rodríguez']",2,Bulevar Juan Francisco Seguí; Rodríguez de Escobedo,-32.975399,-60.66696664999999,55.0,538.0,Municipio Rosario,Municipio,Rosario,820210,Servicio de Catastro e Información Territorial,IGN
2015,9299,2015-11-07,Sabado,0.0,05:55:00,,0.0,2,"Moto/Ciclomotor,Moto/Ciclomotor",Garay Y San Martin,2,2,0,0,0,0,0,,Calle,,ROSARIO,Rosario,Asfalto,No existe,II,Dentro,Urbana,Ninguna,No existe,Intersección,Bueno,Buena,Nocturna,Buen Tiempo,Otro,S/D,Colisión,Ninguna,S/D,Ninguna,Sin restricción,POINT (-60.6437417 -32.97477079999999),"['Garay', 'San Martin']",2,"('Juan de Garay', 'José de San Martín')",-32.97477079999999,-60.6437417,55.0,538.0,Municipio Rosario,Municipio,Rosario,820210,Servicio de Catastro e Información Territorial,IGN
2015,9301,2015-11-10,Martes,0.0,20:10:00,,0.0,2,"Automóvil,Moto/Ciclomotor",Av. Uriburu Y Av. Corrientes,3,2,0,0,1,0,0,,Avenida,,ROSARIO,Rosario,Asfalto,No existe,II,Dentro,Urbana,Ninguna,Funciona,Intersección,Bueno,Buena,Nocturna,Buen Tiempo,Otro,S/D,Colisión,Ninguna,S/D,Cordón divisorio,Sin restricción,POINT (-60.653706549999995 -32.99091685),"['Uriburu', 'Corrientes']",2,Avenida José Uriburu; Corrientes,-32.99091685,-60.65370655,55.0,538.0,Municipio Rosario,Municipio,Rosario,820210,Servicio de Catastro e Información Territorial,IGN