anio_acci,nro_acci,fecha,desc_dia,fecha_aprox,hora_aprox,desc_ruta,km,cant_participantes,desc_participante,calle_avenida_km,total,heridos_leves,heridos_graves,heridos_gravisimos,ilesos,fallecidos,sin_datos,posicion_XY,desc_tipo_via,desc_ruta_ori,desc_loc,desc_dpto,desc_tipo_calzada,desc_tipo_banquina,desc_unidad_regional,desc_lugar_calzada,desc_zona,desc_prioridad,desc_estado_semaforo,desc_lugar_via,desc_estado_via,desc_estado_visibilidad,desc_luminosidad,desc_estado_clima,desc_tipo_colision,desc_tipo_atropello,desc_tipo_hecho,desc_pres_calzada,desc_senializacion,desc_separacion_via,desc_restriccion,forma_geocod,calle_lista,numero_calles,calles_osm,lat,lon,index_right,gid,fna,gna,nam,in1,fdc,sag
2015,9302,2015-11-22,Domingo,0.0,23:50:00,,0.0,2,"Peatón,Moto/Ciclomotor",Lamadrid Y Paraguay,2,1,0,0,1,0,0,,Calle,,ROSARIO,Rosario,Hormigón,No existe,II,Dentro,Urbana,Ninguna,No existe,Recta,Bueno,Buena,Diurna,Buen Tiempo,S/D,S/D,Atropello,Ninguna,S/D,Ninguna,Sin restricción,POINT (-60.654948899999994 -32.9972737),"['Lamadrid', 'Paraguay']",2,Gregorio Aráoz de Lamadrid; Paraguay,-32.9972737,-60.6549489,55.0,538.0,Municipio Rosario,Municipio,Rosario,820210,Servicio de Catastro e Información Territorial,IGN
2015,9304,2015-11-02,Lunes,0.0,16:30:00,,0.0,2,"Moto/Ciclomotor,Taxi/Remis",Bv. Oroño Y Saavedra,3,2,0,0,1,0,0,,Avenida,,ROSARIO,Rosario,Asfalto,No existe,II,Dentro,Urbana,Ninguna,S/D,Intersección,Bueno,Buena,Diurna,Buen Tiempo,Lateral,S/D,"Colisión,Atropello",Ninguna,S/D,Ninguna,Sin restricción,POINT (-60.6612381 -32.975227399999994),"['Bulevar Nicasio Oroño', 'Saavedra']",2,Bulevar Nicasio Oroño; Saavedra,-32.975227399999994,-60.6612381,55.0,538.0,Municipio Rosario,Municipio,Rosario,820210,Servicio de Catastro e Información Territorial,IGN
2015,9307,2015-11-11,Miercoles,0.0,,,0.0,2,"Peatón,Moto/Ciclomotor",Dr.Rivas Y San Martin,2,1,0,0,1,0,0,,Calle,,ROSARIO,Rosario,Asfalto,No existe,II,Dentro,Urbana,Ninguna,S/D,Recta,Bueno,Buena,Atardecer,Buen Tiempo,S/D,S/D,Atropello,Ninguna,S/D,Ninguna,Sin restricción,POINT (-60.645282200000004 -32.984076599999995),"['Doctor Francisco Riva', 'San Martin']",2,Doctor Francisco Riva; José de San Martín,-32.984076599999995,-60.6452822,55.0,538.0,Municipio Rosario,Municipio,Rosario,820210,Servicio de Catastro e Información Territorial,IGN
2015,9308,2015-11-24,Martes,0.0,08:50:00,,0.0,3,"Peatón,Automóvil,Automóvil",Dr.Rivas Y Rodriguez,3,3,0,0,0,0,0,,Calle,,ROSARIO,Rosario,S/D,No existe,II,Dentro,Urbana,S/D,No existe,Intersección,S/D,Buena,Diurna,Buen Tiempo,Lateral,S/D,"Colisión,Atropello",S/D,S/D,S/D,S/D,POINT (-60.66813750000001 -32.97999129999999),"['Doctor Francisco Riva', 'Rodríguez']",2,Doctor Francisco Riva; Rodríguez de Escobedo,-32.97999129999999,-60.66813750000001,55.0,538.0,Municipio Rosario,Municipio,Rosario,820210,Servicio de Catastro e Información Territorial,IGN
2015,9309,2015-11-08,Domingo,0.0,21:30:00,,0.0,1,Moto/Ciclomotor,Paraguay Y Reg.11 de Infanteria,1,1,0,0,0,0,0,,Calle,,ROSARIO,Rosario,Asfalto,No existe,II,S/D,Urbana,Semáforo,No existe,Intersección,Bueno,S/D,Nocturna,Buen Tiempo,Frontal,S/D,Colisión,Ninguna,S/D,Ninguna,Sin restricción,POINT (-60.65487370000001 -32.998976199999994),"['Paraguay', 'Regimiento 11']",2,Paraguay; Regimiento 11,-32.998976199999994,-60.65487370000001,55.0,538.0,Municipio Rosario,Municipio,Rosario,820210,Servicio de Catastro e Información Territorial,IGN
2015,9311,2015-11-01,Domingo,1.0,17:30:00,,0.0,2,"Automóvil,Taxi/Remis",Gaboto Y Dorrego,2,1,0,0,1,0,0,,Calle,,ROSARIO,Rosario,Asfalto,No existe,II,Dentro,Urbana,Ninguna,S/D,Intersección,Bueno,Buena,Diurna,Buen Tiempo,Lateral,S/D,Colisión,Ninguna,S/D,Ninguna,Sin restricción,POINT (-60.65600330000001 -32.9713755),"['Gaboto', 'Dorrego']",2,Gaboto; Manuel Dorrego,-32.9713755,-60.65600330000001,55.0,538.0,Municipio Rosario,Municipio,Rosario,820210,Servicio de Catastro e Información Territorial,IGN
2015,9312,2015-11-04,Miercoles,0.0,,,0.0,2,"Camión,Moto/Ciclomotor",Pje. Colegiales Y Pueyrredon,2,1,0,0,1,0,0,,Calle,,ROSARIO,Rosario,Asfalto,No existe,II,S/D,Urbana,Ninguna,No existe,Intersección,Bueno,Buena,Diurna,Buen Tiempo,De alcance,S/D,Colisión,Ninguna,S/D,Ninguna,Sin restricción,POINT (-60.66837900000001 -32.9865348),"['Colegiales', 'Pueyrredón']",2,Colegiales; Pueyrredón,-32.9865348,-60.66837900000001,55.0,538.0,Municipio Rosario,Municipio,Rosario,820210,Servicio de Catastro e Información Territorial,IGN
2015,9313,2015-11-20,Viernes,0.0,10:20:00,,0.0,2,"Moto/Ciclomotor,Camión",Rodriguez Y Saavedra,2,1,0,0,1,0,0,,Calle,,ROSARIO,Rosario,Asfalto,S/D,II,Dentro,Urbana,Ninguna,S/D,Intersección,Bueno,Buena,Diurna,Buen Tiempo,Lateral,S/D,Colisión,Ninguna,S/D,Ninguna,Sin restricción,POINT (-60.6666773 -32.97426459999999),"['Rodríguez', 'Saavedra']",2,Rodríguez de Escobedo; Saavedra,-32.97426459999999,-60.6666773,55.0,538.0,Municipio Rosario,Municipio,Rosario,820210,Servicio de Catastro e Información Territorial,IGN
2015,9314,2015-11-02,Lunes,0.0,17:20:00,,0.0,2,"Automóvil,Moto/Ciclomotor",Bv. Oroño Y Av. Jorge Cura,2,1,0,0,1,0,0,,Avenida,,ROSARIO,Rosario,Asfalto,No existe,II,S/D,S/D,Semáforo,Funciona,Intersección,Bueno,Buena,Diurna,Buen Tiempo,Frontal,S/D,Colisión,Ninguna,S/D,Ninguna,Sin restricción,POINT (-60.6603234 -32.971199399999996),"['Bulevar Nicasio Oroño', 'Avenida Jorge Cura']",2,Bulevar Nicasio Oroño; Avenida Jorge Cura,-32.9711994,-60.6603234,55.0,538.0,Municipio Rosario,Municipio,Rosario,820210,Servicio de Catastro e Información Territorial,IGN
2015,9315,2015-11-23,Lunes,0.0,21:40:00,,0.0,2,"Automóvil,Automóvil",Bv. Segui Y Italia,2,1,0,0,1,0,0,,Avenida,,ROSARIO,Rosario,Asfalto,No existe,II,Dentro,Urbana,Ninguna,No existe,Intersección,Bueno,Buena,Diurna,Buen Tiempo,Lateral,S/D,Colisión,Ninguna,S/D,Ninguna,Sin restricción,POINT (-60.6560807 -32.977334),"['Bulevar Juan Francisco Seguí', 'Italia']",2,Bulevar Juan Francisco Seguí; Italia,-32.977334,-60.6560807,55.0,538.0,Municipio Rosario,Municipio,Rosario,820210,Servicio de Catastro e Información Territorial,IGN
2015,9317,2015-11-22,Domingo,0.0,23:00:00,,0.0,2,"Moto/Ciclomotor,Automóvil",San Martin Y Centeno,3,2,0,0,1,0,0,,Avenida,,ROSARIO,Rosario,Asfalto,No existe,II,Dentro,Urbana,Ninguna,No existe,Intersección,Bueno,Buena,Diurna,Otro,Lateral,S/D,Colisión,Ninguna,S/D,Ninguna,Sin restricción,POINT (-60.64552855 -32.98523165),"['San Martin', 'Centeno']",2,José de San Martín; Coronel Centeno,-32.98523165,-60.64552855,55.0,538.0,Municipio Rosario,Municipio,Rosario,820210,Servicio de Catastro e Información Territorial,IGN
2015,9318,2015-11-04,Miercoles,0.0,12:50:00,,0.0,2,"Moto/Ciclomotor,Pickup/Utilitario",Maipu Y Gaboto,2,1,0,0,1,0,0,,Calle,,ROSARIO,Rosario,Asfalto,No existe,II,Dentro,Urbana,Ninguna,No existe,Intersección,Bueno,Buena,Diurna,Buen Tiempo,Lateral,S/D,Colisión,Ninguna,Faltante,Ninguna,Sin restricción,POINT (-60.642193 -32.97384099999999),"['Maipú', 'Gaboto']",2,Maipú; Gaboto,-32.97384099999999,-60.642193,55.0,538.0,Municipio Rosario,Municipio,Rosario,820210,Servicio de Catastro e Información Territorial,IGN
2015,9321,2015-11-06,Viernes,0.0,12:00:00,,0.0,2,"Peatón,Automóvil",Grandoli Y Pte.Quintana,2,1,0,0,1,0,0,,Calle,,ROSARIO,Rosario,Asfalto,No existe,II,Dentro,Urbana,Ninguna,No existe,Intersección,Bueno,Buena,Diurna,Buen Tiempo,Lateral,S/D,Colisión,Ninguna,Faltante,Ninguna,Sin restricción,POINT (-60.628233550000004 -32.985896600000004),"['Avenida Abanderado Grandoli', 'Quintana']",2,Avenida Abanderado Grandoli; Presidente Quintana,-32.985896600000004,-60.62823355,55.0,538.0,Municipio Rosario,Municipio,Rosario,820210,Servicio de Catastro e Información Territorial,IGN
2015,9322,2015-11-16,Lunes,0.0,01:30:00,,0.0,1,Bicicleta,Garay Y San Martin,1,1,0,0,0,0,0,,Avenida,,ROSARIO,Rosario,Asfalto,S/D,II,Dentro,Urbana,S/D,Funciona,Intersección,Bueno,Buena,Nocturna,Buen Tiempo,Contra objeto fijo,S/D,Colisión,S/D,Vertical,S/D,S/D,POINT (-60.6437417 -32.97477079999999),"['Garay', 'San Martin']",2,"('Juan de Garay', 'José de San Martín')",-32.97477079999999,-60.6437417,55.0,538.0,Municipio Rosario,Municipio,Rosario,820210,Servicio de Catastro e Información Territorial,IGN
2015,9325,2015-11-10,Martes,0.0,12:00:00,,0.0,2,"Automóvil,Peatón",España Y Bv. Segui,2,1,0,0,1,0,0,,Avenida,,ROSARIO,Rosario,Asfalto,No existe,II,Dentro,Urbana,Ninguna,No existe,Intersección,Bueno,Buena,Diurna,Buen Tiempo,S/D,S/D,Atropello,Ninguna,S/D,Ninguna,Sin restricción,POINT (-60.65470295 -32.977582),"['España', 'Bulevar Juan Francisco Seguí']",2,España; Bulevar Juan Francisco Seguí,-32.977582,-60.65470295,55.0,538.0,Municipio Rosario,Municipio,Rosario,820210,Servicio de Catastro e Información Territorial,IGN
2015,9326,2015-11-16,Lunes,0.0,17:30:00,,0.0,2,"Automóvil,Bicicleta",Bv. Segui Y Mariano Moreno,2,1,0,0,1,0,0,,Avenida,,ROSARIO,Rosario,Asfalto,S/D,II,Dentro,Urbana,Ninguna,No existe,Intersección,Bueno,Buena,Diurna,Buen Tiempo,S/D,S/D,Atropello,Ninguna,Faltante,Ninguna,Sin restricción,POINT (-60.658756600000004 -32.97685955),"['Bulevar Juan Francisco Seguí', 'Mariano Moreno']",2,Bulevar Juan Francisco Seguí; Mariano Moreno,-32.97685955,-60.6587566,55.0,538.0,Municipio Rosario,Municipio,Rosario,820210,Servicio de Catastro e Información Territorial,IGN
2015,9328,2015-11-01,Domingo,1.0,11:40:00,,0.0,2,"Automóvil,Automóvil",Garay Y San Martin,2,1,0,0,1,0,0,,Avenida,,ROSARIO,Rosario,Asfalto,No existe,II,Dentro,Urbana,Ninguna,Funciona,Intersección,Bueno,Buena,Diurna,Buen Tiempo,De alcance,S/D,Colisión,Ninguna,Vertical,Ninguna,S/D,POINT (-60.6437417 -32.97477079999999),"['Garay', 'San Martin']",2,"('Juan de Garay', 'José de San Martín')",-32.97477079999999,-60.6437417,55.0,538.0,Municipio Rosario,Municipio,Rosario,820210,Servicio de Catastro e Información Territorial,IGN
2015,9330,2015-11-10,Martes,0.0,21:40:00,,0.0,2,"Moto/Ciclomotor,Automóvil",Dr.Rivas Y Entre Rios,2,1,0,0,1,0,0,,Calle,,ROSARIO,Rosario,Asfalto,No existe,II,Dentro,Urbana,Ninguna,S/D,Intersección,Bueno,Buena,Diurna,Buen Tiempo,Lateral,S/D,Colisión,Ninguna,S/D,Ninguna,S/D,POINT (-60.650316499999995 -32.9831791),"['Doctor Francisco Riva', 'Entre Ríos']",2,Doctor Francisco Riva; Entre Ríos,-32.9831791,-60.6503165,55.0,538.0,Municipio Rosario,Municipio,Rosario,820210,Servicio de Catastro e Información Territorial,IGN
2015,9333,2015-11-01,Domingo,0.0,22:30:00,,0.0,2,"Moto/Ciclomotor,Automóvil",L.N.Alem Y Garibaldi,3,2,0,0,1,0,0,,S/D,,ROSARIO,Rosario,Asfalto,No existe,II,Dentro,Urbana,Ninguna,S/D,Intersección,Bueno,S/D,Nocturna,S/D,Lateral,S/D,Colisión,S/D,S/D,Ninguna,Sin restricción,POINT (-60.638231499999996 -32.9877088),"['Alem', 'José Garibaldi']",2,Leandro N. Alem; José Garibaldi,-32.9877088,-60.6382315,55.0,538.0,Municipio Rosario,Municipio,Rosario,820210,Servicio de Catastro e Información Territorial,IGN
2015,9335,2015-11-06,Viernes,0.0,01:15:00,,0.0,2,"Moto/Ciclomotor,Automóvil",Laprida Y Av. Uriburu,2,0,1,0,1,0,0,,Calle,,ROSARIO,Rosario,Asfalto,No existe,II,S/D,Urbana,Señal Pare,No existe,Intersección,Bueno,Buena,Nocturna,S/D,Lateral,S/D,Colisión,S/D,S/D,Cordón divisorio,Sin restricción,POINT (-60.645184500000006 -32.990651),"['Laprida', 'Uriburu']",2,Francisco Narciso Laprida; Avenida José Uriburu,-32.990651,-60.645184500000006,55.0,538.0,Municipio Rosario,Municipio,Rosario,820210,Servicio de Catastro e Información Territorial,IGN
2015,9336,2015-11-13,Viernes,0.0,09:55:00,,0.0,2,"Moto/Ciclomotor,Automóvil",Av. Uriburu Y Laprida,2,1,0,0,1,0,0,,Calle,,ROSARIO,Rosario,Asfalto,No existe,II,S/D,Urbana,Señal Pare,No existe,Intersección,S/D,Buena,Diurna,S/D,Lateral,S/D,Colisión,S/D,S/D,Cordón divisorio,Sin restricción,POINT (-60.645184500000006 -32.990651),"['Uriburu', 'Laprida']",2,Avenida José Uriburu; Francisco Narciso Laprida,-32.990651,-60.645184500000006,55.0,538.0,Municipio Rosario,Municipio,Rosario,820210,Servicio de Catastro e Información Territorial,IGN
2015,9374,2015-11-26,Jueves,0.0,12:05:00,,0.0,2,"Moto/Ciclomotor,Pickup/Utilitario",Colon 2800,2,1,0,0,1,0,0,,Calle,,ROSARIO,Rosario,S/D,No existe,II,Dentro,Urbana,Ninguna,No existe,Intersección,Bueno,Buena,Diurna,Buen Tiempo,Lateral,S/D,Colisión,Ninguna,Vertical,Ninguna,Sin restricción,"-32.9720398, -60.6314847",['Colon 2800'],1,Colon 2800,-32.9720398,-60.6314847,55.0,538.0,Municipio Rosario,Municipio,Rosario,820210,Servicio de Catastro e Información Territorial,IGN
2015,9376,2015-12-17,Jueves,0.0,06:00:00,,0.0,2,"Moto/Ciclomotor,Automóvil",Av. Corrientes Y Mr.Ross,2,1,0,0,1,0,0,,Calle,,ROSARIO,Rosario,Asfalto,No existe,II,Dentro,Urbana,Ninguna,No existe,Intersección,Bueno,Buena,Diurna,Buen Tiempo,De alcance,S/D,Colisión,Ninguna,Faltante,Ninguna,Sin restricción,POINT (-60.65288110000001 -32.9875142),"['Corrientes', 'Rodrigo M. Ross']",2,Corrientes; Rodrigo M. Ross,-32.9875142,-60.65288110000001,55.0,538.0,Municipio Rosario,Municipio,Rosario,820210,Servicio de Catastro e Información Territorial,IGN
2015,9377,2015-11-26,Jueves,0.0,11:40:00,,0.0,2,"Pickup/Utilitario,Bicicleta",Amenabar Y L.N.Alem,2,1,0,0,1,0,0,,S/D,,ROSARIO,Rosario,Asfalto,No existe,II,Dentro,Urbana,Ninguna,No existe,Intersección,Bueno,Buena,Diurna,Buen Tiempo,S/D,S/D,Atropello,Ninguna,Faltante,Ninguna,Sin restricción,POINT (-60.634784399999994 -32.9739879),"['Amenabar', 'Alem']",2,José de Amenábar; Leandro N. Alem,-32.9739879,-60.6347844,55.0,538.0,Municipio Rosario,Municipio,Rosario,820210,Servicio de Catastro e Información Territorial,IGN
2015,9379,2015-11-28,Sabado,0.0,22:10:00,,0.0,2,"Moto/Ciclomotor,Vehículo Oficial",Bv. Segui Y San Martin,3,1,0,0,2,0,0,,Avenida,,ROSARIO,Rosario,Asfalto,No existe,II,Dentro,Urbana,Ninguna,Funciona,Intersección,Bueno,Buena,"Nocturna,Con luz artificial",Buen Tiempo,De alcance,S/D,Colisión,Ninguna,Horizontal,Ninguna,Sin restricción,POINT (-60.644363766666665 -32.979480866666655),"['Bulevar Juan Francisco Seguí', 'San Martin']",2,Bulevar Juan Francisco Seguí; José de San Martín,-32.979480866666655,-60.644363766666665,55.0,538.0,Municipio Rosario,Municipio,Rosario,820210,Servicio de Catastro e Información Territorial,IGN
2015,9381,2015-12-15,Martes,0.0,19:40:00,,0.0,2,"Taxi/Remis,Bicicleta",Mitre Y Ameghino,2,1,0,0,1,0,0,,Calle,,ROSARIO,Rosario,Asfalto,No existe,II,Dentro,Urbana,Ninguna,No existe,Intersección,Bueno,Buena,Atardecer,Buen Tiempo,S/D,S/D,Atropello,Ninguna,Faltante,Ninguna,Sin restricción,POINT (-60.649806600000005 -32.9868629),"['Mitre', 'Ameghino']",2,Bartolomé Mitre; Ameghino,-32.9868629,-60.649806600000005,55.0,538.0,Municipio Rosario,Municipio,Rosario,820210,Servicio de Catastro e Información Territorial,IGN
2015,9385,2015-12-14,Lunes,0.0,16:20:00,,0.0,2,"Automóvil,Automóvil",Garay Y Balcarce,2,1,0,0,1,0,0,,Calle,,ROSARIO,Rosario,Asfalto,No existe,II,Dentro,Urbana,Ninguna,No existe,Intersección,Bueno,Buena,Diurna,Buen Tiempo,De alcance,S/D,Colisión,Ninguna,Faltante,Ninguna,Sin restricción,POINT (-60.658983600000006 -32.972044499999996),"['Garay', 'Balcarce']",2,Juan de Garay; Balcarce,-32.9720445,-60.658983600000006,55.0,538.0,Municipio Rosario,Municipio,Rosario,820210,Servicio de Catastro e Información Territorial,IGN
2015,9390,2015-11-25,Miercoles,0.0,19:00:00,,0.0,2,"Peatón,Automóvil",Dean Funes Bis Y Chacabuco,2,1,0,0,1,0,0,,Calle,,ROSARIO,Rosario,Asfalto,No existe,II,Dentro,Urbana,Ninguna,No existe,Intersección,Bueno,Buena,Diurna,Buen Tiempo,S/D,S/D,Atropello,Otro,Faltante,Ninguna,Sin restricción,POINT (-60.6301335 -32.978413499999995),"['Deán Gregorio Funes', 'Chacabuco']",2,Deán Gregorio Funes; Chacabuco,-32.978413499999995,-60.6301335,55.0,538.0,Municipio Rosario,Municipio,Rosario,820210,Servicio de Catastro e Información Territorial,IGN
2015,9391,2015-12-05,Sabado,0.0,10:30:00,,0.0,2,"Moto/Ciclomotor,Automóvil",Mitre Y Cochabamba,2,1,0,0,1,0,0,,Calle,,ROSARIO,Rosario,Asfalto,S/D,II,Dentro,Urbana,S/D,No existe,Intersección,Bueno,Buena,Diurna,Buen Tiempo,Lateral,S/D,Colisión,S/D,S/D,S/D,S/D,POINT (-60.6425819 -32.958201800000005),"['Mitre', 'Cochabamba']",2,Bartolomé Mitre; Cochabamba,-32.958201800000005,-60.6425819,55.0,538.0,Municipio Rosario,Municipio,Rosario,820210,Servicio de Catastro e Información Territorial,IGN
2015,9395,2015-12-01,Martes,0.0,08:30:00,,0.0,2,"Bicicleta,Camión",La Paz Y Entre Rios,2,1,0,0,1,0,0,,Calle,,ROSARIO,Rosario,Asfalto,S/D,II,Dentro,Urbana,S/D,S/D,Intersección,Bueno,S/D,S/D,Buen Tiempo,S/D,S/D,Atropello,S/D,Vertical,S/D,S/D,POINT (-60.64540379999999 -32.9636773),"['La Paz', 'Entre Ríos']",2,La Paz; Entre Ríos,-32.9636773,-60.64540379999999,55.0,538.0,Municipio Rosario,Municipio,Rosario,820210,Servicio de Catastro e Información Territorial,IGN
2015,9400,2015-12-14,Lunes,0.0,17:40:00,,0.0,2,"Automóvil,Automóvil",Virasoro Y Esmeralda,3,1,0,0,2,0,0,,Calle,,ROSARIO,Rosario,Asfalto,No existe,II,Dentro,Urbana,Ninguna,No existe,Intersección,Bueno,Buena,Diurna,Buen Tiempo,Lateral,S/D,Colisión,Ninguna,Faltante,Ninguna,Sin restricción,POINT (-60.6273375 -32.9729098),"['Virasoro', 'Esmeralda']",2,Benjamín Virasoro; Esmeralda,-32.9729098,-60.6273375,55.0,538.0,Municipio Rosario,Municipio,Rosario,820210,Servicio de Catastro e Información Territorial,IGN
2015,9402,2015-12-16,Miercoles,0.0,20:55:00,,0.0,2,"Moto/Ciclomotor,Automóvil",L.N.Alem Y Bv. Segui,2,1,0,0,1,0,0,,Calle,,ROSARIO,Rosario,Asfalto,No existe,II,Dentro,Urbana,Ninguna,No existe,Intersección,Bueno,Buena,Nocturna,Buen Tiempo,Lateral,S/D,Colisión,Ninguna,Faltante,Ninguna,Sin restricción,POINT (-60.63650380000001 -32.980857400000005),"['Alem', 'Bulevar Juan Francisco Seguí']",2,Leandro N. Alem; Bulevar Juan Francisco Seguí,-32.980857400000005,-60.63650380000001,55.0,538.0,Municipio Rosario,Municipio,Rosario,820210,Servicio de Catastro e Información Territorial,IGN
2015,9403,2015-12-16,Miercoles,0.0,19:45:00,,0.0,2,"Pickup/Utilitario,Pickup/Utilitario",Dean Funes Y Maipu,2,1,0,0,1,0,0,,S/D,,ROSARIO,Rosario,Asfalto,No existe,II,Dentro,Urbana,Ninguna,No existe,Recta,Bueno,Buena,Nocturna,Buen Tiempo,S/D,S/D,Atropello,Ninguna,Faltante,Ninguna,Sin restricción,POINT (-60.6427558 -32.97615029999999),"['Deán Gregorio Funes', 'Maipú']",2,Deán Gregorio Funes; Maipú,-32.97615029999999,-60.6427558,55.0,538.0,Municipio Rosario,Municipio,Rosario,820210,Servicio de Catastro e Información Territorial,IGN
2015,9404,2015-12-15,Martes,0.0,09:40:00,,0.0,2,"Automóvil,Automóvil",Bv. Segui Y J.M.de Rosas,2,1,0,0,1,0,0,,Avenida,,ROSARIO,Rosario,Hormigón,No existe,II,Dentro,Urbana,Señal Pare,No existe,Intersección,Bueno,Buena,Diurna,Buen Tiempo,Lateral,S/D,Colisión,Ninguna,Vertical,Ninguna,Sin restricción,POINT (-60.63947580000001 -32.98032074999999),"['Bulevar Juan Francisco Seguí', 'De Rosas']",2,Bulevar Juan Francisco Seguí; Juan Manuel de Rosas,-32.98032074999999,-60.63947580000001,55.0,538.0,Municipio Rosario,Municipio,Rosario,820210,Servicio de Catastro e Información Territorial,IGN
2015,9405,2015-12-12,Sabado,0.0,13:20:00,,0.0,2,"Moto/Ciclomotor,Automóvil",L.N.Alem Y Virasoro,2,1,0,0,1,0,0,,Calle,,ROSARIO,Rosario,Asfalto,No existe,II,Dentro,Urbana,Ninguna,No existe,Intersección,Bueno,Buena,Diurna,Buen Tiempo,Lateral,S/D,Colisión,Ninguna,Faltante,Ninguna,Sin restricción,POINT (-60.6341943 -32.971707499999994),"['Alem', 'Virasoro']",2,Leandro N. Alem; Benjamín Virasoro,-32.971707499999994,-60.6341943,55.0,538.0,Municipio Rosario,Municipio,Rosario,820210,Servicio de Catastro e Información Territorial,IGN
2015,9407,2015-12-09,Miercoles,0.0,21:45:00,,0.0,2,"Automóvil,Automóvil",Pte.Roca Y Galvez,3,1,0,0,2,0,0,,Calle,,ROSARIO,Rosario,Asfalto,S/D,II,Dentro,Urbana,S/D,No existe,Intersección,Bueno,Buena,Diurna,Buen Tiempo,Lateral,S/D,Colisión,S/D,S/D,S/D,S/D,POINT (-60.6507318 -32.967538899999994),"['Roca', 'Galvez']",2,Presidente Roca; José Gálvez,-32.967538899999994,-60.6507318,55.0,538.0,Municipio Rosario,Municipio,Rosario,820210,Servicio de Catastro e Información Territorial,IGN
2015,9408,2015-12-09,Miercoles,0.0,21:00:00,,0.0,2,"Moto/Ciclomotor,Automóvil",Ayacucho Y Garay,2,1,0,0,1,0,0,,Calle,,ROSARIO,Rosario,Asfalto,No existe,II,Dentro,Urbana,Ninguna,No existe,Intersección,Bueno,Buena,"Nocturna,Con luz artificial",Buen Tiempo,Lateral,S/D,Colisión,Ninguna,Faltante,Ninguna,Sin restricción,POINT (-60.6339717 -32.9765122),"['Ayacucho', 'Garay']",2,Ayacucho; Juan de Garay,-32.9765122,-60.6339717,55.0,538.0,Municipio Rosario,Municipio,Rosario,820210,Servicio de Catastro e Información Territorial,IGN
2015,9410,2015-12-13,Domingo,0.0,21:00:00,,0.0,2,"Automóvil,Pickup/Utilitario",Av. Pellegrini Y Italia,2,1,0,0,1,0,0,,Calle,,ROSARIO,Rosario,Asfalto,S/D,II,Dentro,Urbana,S/D,Funciona,Intersección,Bueno,S/D,S/D,Buen Tiempo,De alcance,S/D,Colisión,S/D,Vertical,Cordón divisorio,S/D,POINT (-60.650600100000005 -32.955561700000004),"['Pellegrini', 'Italia']",2,Avenida Carlos Pellegrini; Italia,-32.955561700000004,-60.650600100000005,55.0,538.0,Municipio Rosario,Municipio,Rosario,820210,Servicio de Catastro e Información Territorial,IGN
2015,9412,2015-12-02,Miercoles,0.0,16:20:00,,0.0,1,Bicicleta,Paraguay 2000,1,1,0,0,0,0,0,,Calle,,ROSARIO,Rosario,Asfalto,S/D,II,Dentro,Urbana,Semáforo,Funciona,Intersección,Bueno,Buena,Diurna,Buen Tiempo,De alcance,S/D,Colisión,S/D,Vertical,S/D,S/D,"-32.9528599, -60.645596",['Paraguay 2000'],1,Paraguay 2000,-32.9528599,-60.645596,55.0,538.0,Municipio Rosario,Municipio,Rosario,820210,Servicio de Catastro e Información Territorial,IGN
2015,9413,2015-12-02,Miercoles,0.0,16:00:00,,0.0,2,"Moto/Ciclomotor,Transporte de Pasajeros Urbano (> 8 asientos)",Entre Rios Y Ocampo,2,1,0,0,1,0,0,,Calle,,ROSARIO,Rosario,Asfalto,S/D,II,Dentro,Urbana,Semáforo,Funciona,Intersección,Bueno,Buena,Diurna,Buen Tiempo,Lateral,S/D,Colisión,S/D,Vertical,Ninguna,S/D,POINT (-60.645984299999995 -32.96596579999999),"['Entre Ríos', 'Ocampo']",2,Entre Ríos; Ocampo,-32.96596579999999,-60.6459843,55.0,538.0,Municipio Rosario,Municipio,Rosario,820210,Servicio de Catastro e Información Territorial,IGN
2015,9414,2015-12-08,Martes,0.0,21:00:00,,0.0,2,"Bicicleta,Automóvil",Bv. Segui Y L.N.Alem,3,2,0,0,1,0,0,,Avenida,,ROSARIO,Rosario,Asfalto,No existe,II,Dentro,Urbana,Ninguna,No existe,Intersección,Bueno,Buena,"Nocturna,Con luz artificial",Buen Tiempo,Lateral,S/D,Atropello,Ninguna,Faltante,Cordón divisorio,Sin restricción,POINT (-60.63650380000001 -32.980857400000005),"['Bulevar Juan Francisco Seguí', 'Alem']",2,Bulevar Juan Francisco Seguí; Leandro N. Alem,-32.980857400000005,-60.63650380000001,55.0,538.0,Municipio Rosario,Municipio,Rosario,820210,Servicio de Catastro e Información Territorial,IGN