anio_acci,nro_acci,fecha,desc_dia,fecha_aprox,hora_aprox,desc_ruta,km,cant_participantes,desc_participante,calle_avenida_km,total,heridos_leves,heridos_graves,heridos_gravisimos,ilesos,fallecidos,sin_datos,posicion_XY,desc_tipo_via,desc_ruta_ori,desc_loc,desc_dpto,desc_tipo_calzada,desc_tipo_banquina,desc_unidad_regional,desc_lugar_calzada,desc_zona,desc_prioridad,desc_estado_semaforo,desc_lugar_via,desc_estado_via,desc_estado_visibilidad,desc_luminosidad,desc_estado_clima,desc_tipo_colision,desc_tipo_atropello,desc_tipo_hecho,desc_pres_calzada,desc_senializacion,desc_separacion_via,desc_restriccion,forma_geocod,calle_lista,numero_calles,calles_osm,lat,lon,index_right,gid,fna,gna,nam,in1,fdc,sag
2015,9417,2015-12-05,Sabado,0.0,02:00:00,,0.0,2,"Moto/Ciclomotor,Otros",Colon Y Pje. Villar,2,1,0,0,1,0,0,,Calle,,ROSARIO,Rosario,Asfalto,No existe,II,S/D,Urbana,Ninguna,No existe,Intersección,Bueno,Buena,"Nocturna,Con luz artificial",Buen Tiempo,Lateral,S/D,Colisión,Ninguna,Faltante,Ninguna,Sin restricción,POINT (-60.63359940000001 -32.980827899999994),"['Colon', 'Villar']",2,Cristóbal Colón; Villar,-32.980827899999994,-60.63359940000001,55.0,538.0,Municipio Rosario,Municipio,Rosario,820210,Servicio de Catastro e Información Territorial,IGN
2015,9418,2015-12-01,Martes,0.0,10:15:00,,0.0,2,"Automóvil,Automóvil",Entre Rios Y Bv. 27 De Febrero,2,1,0,0,1,0,0,,Calle,,ROSARIO,Rosario,Asfalto,S/D,II,Dentro,Urbana,S/D,Funciona,Intersección,Bueno,Buena,Diurna,Buen Tiempo,De alcance,S/D,Colisión,S/D,Vertical,S/D,S/D,POINT (-60.64626885000001 -32.967096450000014),"['Entre Ríos', '27 de Febrero']",2,Entre Ríos; Bulevar 27 de Febrero,-32.967096450000014,-60.64626885000001,55.0,538.0,Municipio Rosario,Municipio,Rosario,820210,Servicio de Catastro e Información Territorial,IGN
2015,9420,2015-12-10,Jueves,0.0,23:30:00,,0.0,2,"Automóvil,Automóvil",Mitre Y Pte.Quintana,3,2,0,0,1,0,0,,Calle,,ROSARIO,Rosario,Asfalto,No existe,III,Dentro,Urbana,S/D,No existe,Intersección,Bueno,Buena,Nocturna,Buen Tiempo,Lateral,S/D,Colisión,Ninguna,Faltante,S/D,Sin restricción,POINT (-60.648628699999996 -32.9822769),"['Mitre', 'Quintana']",2,"('Bartolomé Mitre', 'Presidente Quintana')",-32.9822769,-60.6486287,55.0,538.0,Municipio Rosario,Municipio,Rosario,820210,Servicio de Catastro e Información Territorial,IGN
2015,9421,2015-12-07,Lunes,0.0,23:50:00,,0.0,1,Automóvil,Entre Rios Y Dean Funes,2,1,0,0,1,0,0,,Calle,,ROSARIO,Rosario,Asfalto,No existe,II,Dentro,Urbana,Ninguna,No existe,Recta,Bueno,Buena,Diurna,Buen Tiempo,De alcance,S/D,Colisión,Ninguna,S/D,Ninguna,S/D,POINT (-60.6483161 -32.9751589),"['Entre Ríos', 'Deán Gregorio Funes']",2,Entre Ríos; Deán Gregorio Funes,-32.9751589,-60.6483161,55.0,538.0,Municipio Rosario,Municipio,Rosario,820210,Servicio de Catastro e Información Territorial,IGN
2015,9423,2015-12-04,Viernes,0.0,21:45:00,,0.0,2,"Moto/Ciclomotor,Automóvil",Av. Uriburu Y Sarmiento,2,1,0,0,1,0,0,,Avenida,,ROSARIO,Rosario,Asfalto,No existe,II,Dentro,Urbana,Ninguna,No existe,Intersección,Bueno,Buena,Nocturna,Buen Tiempo,Lateral,S/D,Colisión,Ninguna,Faltante,Ninguna,Sin restricción,POINT (-60.64935790000001 -32.990775299999996),"['Uriburu', 'Sarmiento']",2,Avenida José Uriburu; Sarmiento,-32.9907753,-60.64935790000001,55.0,538.0,Municipio Rosario,Municipio,Rosario,820210,Servicio de Catastro e Información Territorial,IGN
2015,9425,2015-12-04,Viernes,0.0,19:40:00,,0.0,2,"Moto/Ciclomotor,Automóvil",Saavedra Y Dorrego,2,1,0,0,1,0,0,,Calle,,ROSARIO,Rosario,Asfalto,No existe,II,Dentro,Urbana,Ninguna,No existe,Intersección,Bueno,Buena,Diurna,Buen Tiempo,Lateral,S/D,Colisión,Ninguna,Faltante,Ninguna,Sin restricción,POINT (-60.657167 -32.9759652),"['Saavedra', 'Dorrego']",2,Saavedra; Manuel Dorrego,-32.9759652,-60.657167,55.0,538.0,Municipio Rosario,Municipio,Rosario,820210,Servicio de Catastro e Información Territorial,IGN
2015,9430,2015-12-04,Viernes,0.0,11:00:00,,0.0,2,"Automóvil,Automóvil",Dean Funes Y Entre Rios,2,1,0,0,1,0,0,,Calle,,ROSARIO,Rosario,Asfalto,No existe,II,Dentro,Urbana,Ninguna,No existe,Intersección,Bueno,Buena,Diurna,Buen Tiempo,Lateral,S/D,Colisión,Ninguna,Faltante,Ninguna,Sin restricción,POINT (-60.6483161 -32.9751589),"['Deán Gregorio Funes', 'Entre Ríos']",2,Deán Gregorio Funes; Entre Ríos,-32.9751589,-60.6483161,55.0,538.0,Municipio Rosario,Municipio,Rosario,820210,Servicio de Catastro e Información Territorial,IGN
2015,9434,2015-12-11,Viernes,0.0,07:00:00,,0.0,2,"Moto/Ciclomotor,Automóvil",Mitre Y Galvez,2,1,0,0,1,0,0,,Calle,,ROSARIO,Rosario,Asfalto,S/D,II,Dentro,Urbana,S/D,S/D,Intersección,Bueno,S/D,S/D,Buen Tiempo,Lateral,S/D,Colisión,S/D,Vertical,S/D,S/D,POINT (-60.64514630000001 -32.968528199999994),"['Mitre', 'Galvez']",2,Bartolomé Mitre; José Gálvez,-32.968528199999994,-60.64514630000001,55.0,538.0,Municipio Rosario,Municipio,Rosario,820210,Servicio de Catastro e Información Territorial,IGN
2015,9435,2015-12-02,Miercoles,0.0,07:50:00,,0.0,2,"Moto/Ciclomotor,Automóvil",24 De Setiembre Y Pte.Roca,2,1,0,0,1,0,0,,Calle,,ROSARIO,Rosario,Asfalto,No existe,II,Dentro,Urbana,Ninguna,No existe,Intersección,Bueno,Buena,Diurna,Buen Tiempo,Lateral,S/D,Colisión,Ninguna,Faltante,Ninguna,Sin restricción,POINT (-60.6536278 -32.978987200000006),"['24 de Septiembre', 'Roca']",2,24 de Septiembre; Presidente Roca,-32.978987200000006,-60.6536278,55.0,538.0,Municipio Rosario,Municipio,Rosario,820210,Servicio de Catastro e Información Territorial,IGN
2015,9436,2015-12-02,Miercoles,0.0,18:40:00,,0.0,2,"Automóvil,Moto/Ciclomotor",Bv. Segui 1700,2,1,0,0,1,0,0,,Avenida,,ROSARIO,Rosario,Asfalto,No existe,II,Dentro,Urbana,Ninguna,No existe,Intersección,Bueno,Buena,Diurna,Buen Tiempo,Lateral,S/D,Colisión,Ninguna,Faltante,Ninguna,Sin restricción,"-32.9774569, -60.6544696",['Bulevar Juan Francisco Seguí 1700'],1,Bulevar Juan Francisco Seguí 1700,-32.9774569,-60.6544696,55.0,538.0,Municipio Rosario,Municipio,Rosario,820210,Servicio de Catastro e Información Territorial,IGN
2015,9437,2015-12-14,Lunes,0.0,07:45:00,,0.0,2,"Bicicleta,Camión",Av. Pellegrini 1700,2,1,0,0,1,0,0,,Avenida,,ROSARIO,Rosario,Asfalto,S/D,II,S/D,Urbana,S/D,S/D,Intersección,Bueno,S/D,S/D,Buen Tiempo,S/D,S/D,Atropello,S/D,Vertical,S/D,S/D,"-32.9557099, -60.6490875",['Pellegrini 1700'],1,Pellegrini 1700,-32.9557099,-60.6490875,55.0,538.0,Municipio Rosario,Municipio,Rosario,820210,Servicio de Catastro e Información Territorial,IGN
2015,9438,2015-12-02,Miercoles,0.0,12:30:00,,0.0,2,"Peatón,Moto/Ciclomotor",Chacabuco 3700,2,1,0,0,1,0,0,,Calle,,ROSARIO,Rosario,Asfalto,No existe,II,Dentro,Urbana,Ninguna,No existe,Intersección,Bueno,Buena,Diurna,Buen Tiempo,S/D,S/D,Atropello,Ninguna,Faltante,S/D,Sin restricción,"-32.9828502, -60.6313371",['Chacabuco 3700'],1,Chacabuco 3700,-32.9828502,-60.6313371,55.0,538.0,Municipio Rosario,Municipio,Rosario,820210,Servicio de Catastro e Información Territorial,IGN
2015,9439,2015-12-02,Miercoles,0.0,18:35:00,,0.0,2,"Moto/Ciclomotor,Moto/Ciclomotor",Av. Battle y Ordoñez Y Paraguay,2,2,0,0,0,0,0,,Avenida,,ROSARIO,Rosario,Asfalto,No existe,II,Dentro,Urbana,Ninguna,No existe,Recta,Bueno,Buena,Diurna,Buen Tiempo,Lateral,S/D,Colisión,Ninguna,Horizontal,Cordón divisorio,Sin restricción,POINT (-60.65444640000001 -33.0090283),"['Avenida Battle y Ordoñez', 'Paraguay']",2,Avenida Battle y Ordoñez; Paraguay,-33.0090283,-60.65444640000001,55.0,538.0,Municipio Rosario,Municipio,Rosario,820210,Servicio de Catastro e Información Territorial,IGN
2015,9441,2015-12-04,Viernes,0.0,21:10:00,,0.0,1,Moto/Ciclomotor,Av. Battle y Ordoñez Y Laprida,4,3,0,0,1,0,0,,Avenida,,ROSARIO,Rosario,Asfalto,No existe,II,Dentro,Urbana,Ninguna,No existe,Intersección,Bueno,Reducida,Nocturna,S/D,Lateral,S/D,Colisión,S/D,Horizontal,Línea divisoria pintada,Sin restricción,POINT (-60.64674879999999 -33.00887749999998),"['Avenida Battle y Ordoñez', 'Laprida']",2,Avenida Battle y Ordoñez; Francisco Narciso Laprida,-33.00887749999998,-60.64674879999999,55.0,538.0,Municipio Rosario,Municipio,Rosario,820210,Servicio de Catastro e Información Territorial,IGN
2015,9442,2015-12-06,Domingo,0.0,17:15:00,,0.0,2,"Moto/Ciclomotor,Moto/Ciclomotor",Buenos Aires Y Cabildo,2,1,0,0,1,0,0,,Calle,,ROSARIO,Rosario,Asfalto,No existe,II,Dentro,Urbana,Ninguna,No existe,Intersección,Deteriorada,Buena,Atardecer,Buen Tiempo,Lateral,S/D,Colisión,Ninguna,Faltante,Ninguna,Sin restricción,POINT (-60.6447564 -33.0072288),"['Buenos Aires', 'Cabildo']",2,Buenos Aires; Cabildo,-33.0072288,-60.6447564,55.0,538.0,Municipio Rosario,Municipio,Rosario,820210,Servicio de Catastro e Información Territorial,IGN
2015,9469,2015-12-10,Jueves,0.0,18:55:00,,0.0,2,"Bicicleta,Automóvil",Av. Corrientes Y H. Brandoni,2,1,0,0,1,0,0,,Calle,,ROSARIO,Rosario,Asfalto,No existe,II,Dentro,Urbana,Ninguna,No existe,Intersección,Bueno,Buena,Diurna,Otro,S/D,S/D,Atropello,Ninguna,Faltante,Ninguna,Sin restricción,POINT (-60.6531194 -33.0061008),"['Corrientes', 'Brandoni']",2,Corrientes; Brandoni,-33.0061008,-60.6531194,55.0,538.0,Municipio Rosario,Municipio,Rosario,820210,Servicio de Catastro e Información Territorial,IGN
2015,9470,2015-12-16,Miercoles,0.0,13:20:00,,0.0,2,"Peatón,Automóvil",San Martin Y Patricios,2,1,0,0,0,0,1,,Avenida,,ROSARIO,Rosario,Asfalto,No existe,II,Dentro,Urbana,Ninguna,Funciona,Intersección,Bueno,S/D,Diurna,Otro,S/D,S/D,Atropello,Ninguna,Vertical,Línea divisoria pintada,Sin restricción,POINT (-60.651072799999994 -33.010990250000006),"['San Martin', 'Patricios']",2,José de San Martín; Patricios,-33.010990250000006,-60.6510728,55.0,538.0,Municipio Rosario,Municipio,Rosario,820210,Servicio de Catastro e Información Territorial,IGN
2015,9473,2015-12-22,Martes,0.0,16:10:00,,0.0,2,"Moto/Ciclomotor,Moto/Ciclomotor",Av. Bermudez Y Alzugaray,3,1,0,0,2,0,0,,Avenida,,ROSARIO,Rosario,Asfalto,No existe,II,Dentro,Urbana,Ninguna,No existe,Intersección,Bueno,Buena,Diurna,Otro,Otro,S/D,Colisión,Ninguna,Horizontal,Ninguna,Sin restricción,POINT (-60.64217020000001 -33.0128136),"['Bermudez', 'Alzugaray']",2,Avenida José Bermúdez; Alzugaray,-33.0128136,-60.64217020000001,55.0,538.0,Municipio Rosario,Municipio,Rosario,820210,Servicio de Catastro e Información Territorial,IGN
2015,9494,2015-12-10,Jueves,0.0,19:50:00,,0.0,2,"Bicicleta,Vehículo Oficial",Bv. Oroño Y Av. Dante Alighieri,3,1,0,0,2,0,0,,Avenida,,ROSARIO,Rosario,Asfalto,S/D,II,Dentro,Urbana,S/D,S/D,Intersección,Bueno,S/D,Atardecer,Buen Tiempo,S/D,S/D,Atropello,S/D,Vertical,S/D,S/D,POINT (-60.6579301 -32.961999649999996),"['Bulevar Nicasio Oroño', 'Dante Alighieri']",2,"('Ciclovía Bulevar Nicasio Oroño', 'Avenida Dante Alighieri')",-32.96199965,-60.6579301,55.0,538.0,Municipio Rosario,Municipio,Rosario,820210,Servicio de Catastro e Información Territorial,IGN
2015,9495,2015-12-01,Martes,0.0,09:10:00,,0.0,2,"Automóvil,Moto/Ciclomotor",Av. Pellegrini Y Pte.Roca,2,1,0,0,1,0,0,,Calle,,ROSARIO,Rosario,Asfalto,S/D,II,Dentro,Urbana,Semáforo,Funciona,Intersección,Bueno,Buena,Diurna,Buen Tiempo,Lateral,S/D,Colisión,S/D,Vertical,Cordón divisorio,S/D,POINT (-60.6478283 -32.95605889999999),"['Pellegrini', 'Roca']",2,Avenida Carlos Pellegrini; Presidente Roca,-32.95605889999999,-60.6478283,55.0,538.0,Municipio Rosario,Municipio,Rosario,820210,Servicio de Catastro e Información Territorial,IGN
2015,9497,2015-12-04,Viernes,0.0,18:15:00,,0.0,2,"Moto/Ciclomotor,Automóvil",Bv. 27 De Febrero Y Sarmiento,2,1,0,0,1,0,0,,Avenida,,ROSARIO,Rosario,Asfalto,S/D,II,Dentro,Urbana,S/D,Funciona,Intersección,Bueno,Buena,Diurna,Buen Tiempo,Lateral,S/D,Colisión,S/D,Vertical,S/D,S/D,POINT (-60.6434697 -32.96759605),"['27 de Febrero', 'Sarmiento']",2,Bulevar 27 de Febrero; Sarmiento,-32.96759605,-60.6434697,55.0,538.0,Municipio Rosario,Municipio,Rosario,820210,Servicio de Catastro e Información Territorial,IGN
2015,9499,2015-12-25,Viernes,0.0,16:30:00,,0.0,2,"Moto/Ciclomotor,Moto/Ciclomotor",Necochea Y Pje. Ivanowsky,2,1,0,0,1,0,0,,Calle,,ROSARIO,Rosario,Asfalto,No existe,II,Dentro,Urbana,Ninguna,No existe,Intersección,Bueno,Buena,Diurna,Buen Tiempo,Lateral,S/D,Colisión,Ninguna,Faltante,S/D,Sin restricción,POINT (-60.6333394 -32.98533485),"['Necochea', 'Ivanowski']",2,Necochea; Ivanowski,-32.98533485,-60.6333394,55.0,538.0,Municipio Rosario,Municipio,Rosario,820210,Servicio de Catastro e Información Territorial,IGN
2015,9503,2015-12-29,Martes,0.0,13:00:00,,0.0,2,"Moto/Ciclomotor,Automóvil",Ayolas Y Buenos Aires,2,1,0,0,1,0,0,,Calle,,ROSARIO,Rosario,Asfalto,No existe,II,Dentro,Urbana,Ninguna,No existe,Intersección,Bueno,Buena,Diurna,Buen Tiempo,Lateral,S/D,Colisión,Ninguna,Faltante,Ninguna,Sin restricción,POINT (-60.64034620000001 -32.9777879),"['Ayolas', 'Buenos Aires']",2,Ayolas; Buenos Aires,-32.9777879,-60.64034620000001,55.0,538.0,Municipio Rosario,Municipio,Rosario,820210,Servicio de Catastro e Información Territorial,IGN
2015,9506,2015-12-23,Miercoles,0.0,08:30:00,,0.0,2,"Moto/Ciclomotor,Automóvil",Bv. Segui Y L.N.Alem,3,2,0,0,1,0,0,,Calle,,ROSARIO,Rosario,Asfalto,No existe,II,Dentro,Urbana,Ninguna,No existe,Intersección,Bueno,Buena,Diurna,Buen Tiempo,Lateral,S/D,Colisión,Ninguna,Faltante,Ninguna,Sin restricción,POINT (-60.63650380000001 -32.980857400000005),"['Bulevar Juan Francisco Seguí', 'Alem']",2,Bulevar Juan Francisco Seguí; Leandro N. Alem,-32.980857400000005,-60.63650380000001,55.0,538.0,Municipio Rosario,Municipio,Rosario,820210,Servicio de Catastro e Información Territorial,IGN
2015,9510,2015-12-21,Lunes,0.0,21:30:00,,0.0,2,"Moto/Ciclomotor,Moto/Ciclomotor",Grandoli Y Dr.Rivas,3,2,0,0,1,0,0,,Calle,,ROSARIO,Rosario,Asfalto,No existe,II,S/D,Urbana,Ninguna,No existe,Intersección,Bueno,Buena,"Nocturna,Con luz artificial",Buen Tiempo,Lateral,S/D,Colisión,Ninguna,Faltante,Ninguna,Sin restricción,POINT (-60.62830819999999 -32.98712985),"['Avenida Abanderado Grandoli', 'Doctor Francisco Riva']",2,Avenida Abanderado Grandoli; Doctor Francisco Riva,-32.98712985,-60.62830819999999,55.0,538.0,Municipio Rosario,Municipio,Rosario,820210,Servicio de Catastro e Información Territorial,IGN
2015,9511,2015-12-18,Viernes,0.0,17:18:00,,0.0,2,"Automóvil,Moto/Ciclomotor",Centeno 600,2,1,0,0,1,0,0,,Calle,,ROSARIO,Rosario,Hormigón,No existe,II,S/D,Urbana,Ninguna,No existe,Otro,Bueno,Buena,Diurna,Buen Tiempo,Lateral,S/D,Colisión,Ninguna,Faltante,Ninguna,Sin restricción,"-32.985941, -60.6410884",['Centeno 600'],1,Centeno 600,-32.985941,-60.6410884,55.0,538.0,Municipio Rosario,Municipio,Rosario,820210,Servicio de Catastro e Información Territorial,IGN
2015,9525,2015-12-01,Martes,0.0,13:50:00,,0.0,2,"Moto/Ciclomotor,Automóvil",Av. Provincias Unidas Y White,2,1,0,0,1,0,0,,Calle,,ROSARIO,Rosario,Asfalto,S/D,II,Dentro,Urbana,S/D,S/D,Intersección,Bueno,Buena,Diurna,Buen Tiempo,Lateral,S/D,Colisión,S/D,S/D,S/D,Sin restricción,POINT (-60.7125441 -32.94137124999999),"['Avenida Provincias Unidas', 'White']",2,Avenida Provincias Unidas; Ingeniero White,-32.94137124999999,-60.7125441,55.0,538.0,Municipio Rosario,Municipio,Rosario,820210,Servicio de Catastro e Información Territorial,IGN
2015,9526,2015-12-01,Martes,0.0,12:45:00,,0.0,2,"Moto/Ciclomotor,Otros",Tte.Agneta Y Rioja,2,1,0,0,1,0,0,,Calle,,ROSARIO,Rosario,Asfalto,No existe,II,Dentro,Urbana,Ninguna,No existe,Intersección,Bueno,Buena,Diurna,Buen Tiempo,Lateral,S/D,Colisión,S/D,S/D,Ninguna,Sin restricción,POINT (-60.6998894 -32.937880099999994),"['Teniente Agneta', 'Rioja']",2,Teniente Agneta; Rioja,-32.937880099999994,-60.6998894,55.0,538.0,Municipio Rosario,Municipio,Rosario,820210,Servicio de Catastro e Información Territorial,IGN
2015,9527,2015-12-02,Miercoles,0.0,16:15:00,,0.0,2,"Moto/Ciclomotor,Camión",Peru Y Mendoza,2,1,0,0,1,0,0,,Calle,,ROSARIO,Rosario,Asfalto,No existe,II,Dentro,Urbana,Paso Peatonal,No existe,Intersección,Bueno,Buena,Diurna,Buen Tiempo,Lateral,S/D,Colisión,S/D,S/D,S/D,Sin restricción,POINT (-60.711404900000005 -32.94019885),"['Peru', 'Mendoza']",2,Perú; Mendoza,-32.94019885,-60.711404900000005,55.0,538.0,Municipio Rosario,Municipio,Rosario,820210,Servicio de Catastro e Información Territorial,IGN
2015,9530,2015-12-04,Viernes,0.0,12:00:00,,0.0,2,"Moto/Ciclomotor,Automóvil",San Lorenzo Y Mejico,2,1,0,0,1,0,0,,Calle,,ROSARIO,Rosario,Asfalto,No existe,II,Dentro,Urbana,Ninguna,No existe,Intersección,Bueno,Buena,Diurna,Buen Tiempo,Lateral,S/D,Colisión,S/D,S/D,Ninguna,Sin restricción,POINT (-60.7187012 -32.934680199999995),"['San Lorenzo', 'Mejico']",2,"('San Lorenzo', 'Méjico')",-32.934680199999995,-60.7187012,55.0,538.0,Municipio Rosario,Municipio,Rosario,820210,Servicio de Catastro e Información Territorial,IGN
2015,9531,2015-12-07,Lunes,0.0,21:50:00,,0.0,2,"Moto/Ciclomotor,Automóvil",Av. Provincias Unidas Y Av. Eva Peron,2,1,0,0,1,0,0,,Avenida,,ROSARIO,Rosario,Asfalto,S/D,II,Dentro,Urbana,Semáforo,S/D,Intersección,Bueno,Buena,Nocturna,Buen Tiempo,Lateral,S/D,Colisión,S/D,S/D,Cordón divisorio,Sin restricción,POINT (-60.712952900000005 -32.933009625),"['Avenida Provincias Unidas', 'Avenida Eva Perón']",2,Avenida Provincias Unidas; Avenida Eva Perón,-32.933009625,-60.712952900000005,55.0,538.0,Municipio Rosario,Municipio,Rosario,820210,Servicio de Catastro e Información Territorial,IGN
2015,9533,2015-12-09,Miercoles,0.0,23:05:00,,0.0,2,"Moto/Ciclomotor,Automóvil",Mendoza Y Colombia,2,1,0,0,1,0,0,,Calle,,ROSARIO,Rosario,Asfalto,No existe,II,Dentro,Urbana,S/D,S/D,Intersección,Bueno,Buena,"Nocturna,Con luz artificial",Buen Tiempo,Lateral,S/D,Colisión,S/D,S/D,S/D,Sin restricción,POINT (-60.71610885 -32.94033145),"['Mendoza', 'Colombia']",2,Mendoza; Colombia,-32.94033145,-60.71610885,55.0,538.0,Municipio Rosario,Municipio,Rosario,820210,Servicio de Catastro e Información Territorial,IGN
2015,9535,2015-12-09,Miercoles,0.0,19:05:00,,0.0,2,"Moto/Ciclomotor,Automóvil",Peru Y Cerrito,2,1,0,0,1,0,0,,Calle,,ROSARIO,Rosario,Asfalto,No existe,II,Dentro,Urbana,S/D,No existe,Intersección,Bueno,Buena,Atardecer,Buen Tiempo,Lateral,S/D,Colisión,S/D,S/D,S/D,S/D,POINT (-60.7108741 -32.953304899999985),"['Peru', 'Cerrito']",2,Perú; Cerrito,-32.953304899999985,-60.7108741,55.0,538.0,Municipio Rosario,Municipio,Rosario,820210,Servicio de Catastro e Información Territorial,IGN
2015,9536,2015-12-14,Lunes,0.0,13:20:00,,0.0,2,"Moto/Ciclomotor,Automóvil",Av. Pellegrini Y Solis,2,1,0,0,1,0,0,,Calle,,ROSARIO,Rosario,Asfalto,S/D,II,Dentro,Urbana,Semáforo,S/D,Intersección,Bueno,Buena,Diurna,Buen Tiempo,Lateral,S/D,Colisión,S/D,S/D,S/D,S/D,POINT (-60.702975050000006 -32.948345350000004),"['Pellegrini', 'Solis']",2,Avenida Carlos Pellegrini; Juan Díaz de Solís,-32.948345350000004,-60.702975050000006,55.0,538.0,Municipio Rosario,Municipio,Rosario,820210,Servicio de Catastro e Información Territorial,IGN
2015,9538,2015-12-24,Jueves,0.0,18:15:00,,0.0,2,"Moto/Ciclomotor,Automóvil",Av. Eva Peron Y Liniers,2,1,0,0,1,0,0,,Calle,,ROSARIO,Rosario,S/D,S/D,II,Dentro,Urbana,S/D,S/D,S/D,S/D,S/D,Atardecer,S/D,S/D,S/D,Colisión,S/D,S/D,S/D,S/D,POINT (-60.6987284 -32.935604899999994),"['Avenida Eva Perón', 'Liniers']",2,Avenida Eva Perón; Liniers,-32.935604899999994,-60.6987284,55.0,538.0,Municipio Rosario,Municipio,Rosario,820210,Servicio de Catastro e Información Territorial,IGN
2015,9552,2015-12-21,Lunes,0.0,18:50:00,,0.0,2,"Moto/Ciclomotor,Peatón",Iguazu ,2,0,1,0,1,0,0,,Calle,,ROSARIO,Rosario,Asfalto,No existe,II,Dentro,Urbana,Ninguna,No existe,Recta,Bueno,Buena,Diurna,Buen Tiempo,Frontal,S/D,Atropello,Ninguna,S/D,Ninguna,Sin restricción,"-32.9244189, -60.686509",['Iguazu'],1,Iguazu,-32.9244189,-60.686509,55.0,538.0,Municipio Rosario,Municipio,Rosario,820210,Servicio de Catastro e Información Territorial,IGN
2015,9553,2015-12-24,Jueves,0.0,13:00:00,,0.0,2,"Automóvil,Moto/Ciclomotor",Baigorria Y Zenon Pereyra,2,1,0,0,1,0,0,,Calle,,ROSARIO,Rosario,Asfalto,No existe,II,S/D,Urbana,S/D,S/D,S/D,Bueno,Buena,Diurna,S/D,S/D,S/D,S/D,Otro,Vertical,S/D,S/D,POINT (-60.7127383 -32.89379869999999),"['Baigorria', 'Zenón Pereyra']",2,Baigorria; Zenón Pereyra,-32.89379869999999,-60.7127383,55.0,538.0,Municipio Rosario,Municipio,Rosario,820210,Servicio de Catastro e Información Territorial,IGN
2015,9555,2015-12-18,Viernes,0.0,16:50:00,,0.0,2,"Moto/Ciclomotor,Camión",Castagnino Y Esquivel,3,2,0,0,1,0,0,,Calle,,ROSARIO,Rosario,Asfalto,No existe,II,Dentro,Urbana,S/D,S/D,Recta,Bueno,Buena,Diurna,S/D,S/D,S/D,S/D,Otro,Vertical,S/D,S/D,POINT (-60.705685900000006 -32.900319749999994),"['Castagnino', 'Esquivel']",2,Castagnino; Esquivel,-32.900319749999994,-60.705685900000006,55.0,538.0,Municipio Rosario,Municipio,Rosario,820210,Servicio de Catastro e Información Territorial,IGN
2015,9556,2015-12-22,Martes,0.0,03:00:00,,0.0,1,Automóvil,Baigorria Y Camino de los Granaderos,2,0,1,0,1,0,0,,Avenida,,ROSARIO,Rosario,Asfalto,No existe,II,Dentro,Urbana,S/D,S/D,Recta,Bueno,Buena,Nocturna,S/D,S/D,S/D,S/D,Otro,Vertical,S/D,S/D,POINT (-60.70521360000001 -32.89379910000001),"['Baigorria', 'Camino de los Granaderos']",2,Baigorria; Camino de los Granaderos,-32.89379910000001,-60.70521360000001,55.0,538.0,Municipio Rosario,Municipio,Rosario,820210,Servicio de Catastro e Información Territorial,IGN
2015,9558,2015-12-12,Sabado,0.0,,,0.0,2,"Automóvil,Moto/Ciclomotor",Camilo Aldao ,2,2,0,0,0,0,0,,S/D,,ROSARIO,Rosario,S/D,S/D,II,S/D,S/D,S/D,S/D,S/D,S/D,S/D,S/D,S/D,S/D,S/D,S/D,S/D,S/D,S/D,S/D,"-32.9239058, -60.6965869",['Camilo Aldao'],1,Camilo Aldao,-32.9239058,-60.6965869,55.0,538.0,Municipio Rosario,Municipio,Rosario,820210,Servicio de Catastro e Información Territorial,IGN
2015,9560,2015-12-05,Sabado,0.0,,,0.0,2,"Automóvil,Automóvil",Bv. Segui Y Campbell,2,0,0,0,0,0,2,,Avenida,,ROSARIO,Rosario,S/D,S/D,II,S/D,S/D,S/D,S/D,S/D,S/D,S/D,S/D,Niebla,S/D,S/D,S/D,S/D,S/D,S/D,S/D,POINT (-60.706747325 -32.9709138),"['Bulevar Juan Francisco Seguí', 'Campbell']",2,Bulevar Juan Francisco Seguí; Campbell,-32.9709138,-60.706747325,55.0,538.0,Municipio Rosario,Municipio,Rosario,820210,Servicio de Catastro e Información Territorial,IGN
2015,9561,2015-12-03,Jueves,0.0,,,0.0,2,"Moto/Ciclomotor,Automóvil",Bv. Segui Y Dr.Casal,2,1,0,0,0,0,1,,S/D,,ROSARIO,Rosario,S/D,S/D,II,S/D,S/D,S/D,S/D,S/D,S/D,S/D,S/D,S/D,S/D,S/D,S/D,S/D,S/D,S/D,S/D,POINT (-60.702841500000005 -32.9707443),"['Bulevar Juan Francisco Seguí', 'Mauricio Casal']",2,Bulevar Juan Francisco Seguí; Mauricio Casal,-32.9707443,-60.702841500000005,55.0,538.0,Municipio Rosario,Municipio,Rosario,820210,Servicio de Catastro e Información Territorial,IGN
2015,9587,2015-12-05,Sabado,0.0,12:20:00,,0.0,2,"Automóvil,Moto/Ciclomotor",Balcarce Y Catamarca,2,1,0,0,1,0,0,,Calle,,ROSARIO,Rosario,Asfalto,No existe,II,Dentro,Urbana,Ninguna,No existe,Intersección,Bueno,Buena,Diurna,Buen Tiempo,Lateral,S/D,Colisión,S/D,Faltante,Ninguna,Sin restricción,POINT (-60.650474900000006 -32.938126),"['Balcarce', 'Catamarca']",2,Balcarce; Catamarca,-32.938126,-60.650474900000006,55.0,538.0,Municipio Rosario,Municipio,Rosario,820210,Servicio de Catastro e Información Territorial,IGN