anio_acci,nro_acci,fecha,desc_dia,fecha_aprox,hora_aprox,desc_ruta,km,cant_participantes,desc_participante,calle_avenida_km,total,heridos_leves,heridos_graves,heridos_gravisimos,ilesos,fallecidos,sin_datos,posicion_XY,desc_tipo_via,desc_ruta_ori,desc_loc,desc_dpto,desc_tipo_calzada,desc_tipo_banquina,desc_unidad_regional,desc_lugar_calzada,desc_zona,desc_prioridad,desc_estado_semaforo,desc_lugar_via,desc_estado_via,desc_estado_visibilidad,desc_luminosidad,desc_estado_clima,desc_tipo_colision,desc_tipo_atropello,desc_tipo_hecho,desc_pres_calzada,desc_senializacion,desc_separacion_via,desc_restriccion,forma_geocod,calle_lista,numero_calles,calles_osm,lat,lon,index_right,gid,fna,gna,nam,in1,fdc,sag
2015,9588,2015-12-24,Jueves,0.0,10:30:00,,0.0,2,"Moto/Ciclomotor,Automóvil",Av. Wheelwright Y Paraguay,2,1,0,0,1,0,0,,Calle,,ROSARIO,Rosario,Asfalto,No existe,II,S/D,Urbana,Señal Pare,No existe,Intersección,Bueno,Buena,Diurna,Buen Tiempo,Lateral,S/D,Colisión,S/D,Vertical,Línea divisoria pintada,Sin restricción,POINT (-60.641542300000005 -32.936649899999985),"['Avenida Guillermo Wheelwright', 'Paraguay']",2,Avenida Guillermo Wheelwright; Paraguay,-32.936649899999985,-60.641542300000005,55.0,538.0,Municipio Rosario,Municipio,Rosario,820210,Servicio de Catastro e Información Territorial,IGN
2015,9589,2015-12-21,Lunes,0.0,12:30:00,,0.0,2,"Bicicleta,Automóvil",Bv. Oroño Y Urquiza,2,1,0,0,1,0,0,,Calle,,ROSARIO,Rosario,Asfalto,No existe,II,Dentro,Urbana,Semáforo,Funciona,Intersección,Bueno,Buena,Diurna,Buen Tiempo,S/D,S/D,Colisión,S/D,Vertical,Cordón divisorio,Sin restricción,POINT (-60.652427200000005 -32.940226100000004),"['Bulevar Nicasio Oroño', 'Urquiza']",2,Bulevar Nicasio Oroño; Justo José de Urquiza,-32.940226100000004,-60.652427200000005,55.0,538.0,Municipio Rosario,Municipio,Rosario,820210,Servicio de Catastro e Información Territorial,IGN
2015,9590,2015-12-16,Miercoles,0.0,01:15:00,,0.0,2,"Automóvil,Automóvil",Pte.Roca Y Catamarca,2,1,0,0,1,0,0,,Calle,,ROSARIO,Rosario,Asfalto,No existe,II,Dentro,Urbana,Señal Pare,No existe,Intersección,Bueno,Buena,"Nocturna,Con luz artificial",Buen Tiempo,Lateral,S/D,Colisión,S/D,Vertical,Ninguna,Sin restricción,POINT (-60.64362650000001 -32.9393896),"['Roca', 'Catamarca']",2,Presidente Roca; Catamarca,-32.9393896,-60.64362650000001,55.0,538.0,Municipio Rosario,Municipio,Rosario,820210,Servicio de Catastro e Información Territorial,IGN
2015,9591,2015-12-13,Domingo,0.0,06:20:00,,0.0,2,"Automóvil,Bicicleta",Brown Y España,2,1,0,0,1,0,0,,Calle,,ROSARIO,Rosario,Asfalto,No existe,II,Dentro,Urbana,Ninguna,No existe,Intersección,Bueno,Buena,"Amanecer,Con luz artificial",Buen Tiempo,S/D,S/D,Atropello,S/D,Faltante,Ninguna,Sin restricción,POINT (-60.6441389 -32.9356143),"['Brown', 'España']",2,Almirante Brown; España,-32.9356143,-60.6441389,55.0,538.0,Municipio Rosario,Municipio,Rosario,820210,Servicio de Catastro e Información Territorial,IGN
2015,9592,2015-12-01,Martes,0.0,08:00:00,,0.0,2,"Automóvil,Automóvil",Av. Illia 1700,2,1,0,0,1,0,0,,Avenida,,ROSARIO,Rosario,Asfalto,No existe,II,Dentro,Urbana,Semáforo,Funciona,Intersección,Bueno,Buena,"Diurna,Con luz artificial",Buen Tiempo,De alcance,S/D,Colisión,S/D,Vertical,Ninguna,Sin restricción,"-32.930932, -60.6525685",['Illia 1700'],1,Illia 1700,-32.930932,-60.6525685,55.0,538.0,Municipio Rosario,Municipio,Rosario,820210,Servicio de Catastro e Información Territorial,IGN
2015,9593,2015-12-22,Martes,0.0,,,0.0,2,"Automóvil,Moto/Ciclomotor",Gonzalez del Solar Y Av. Brassey,2,1,0,0,1,0,0,,Calle,,ROSARIO,Rosario,Asfalto,No existe,II,Dentro,Urbana,Ninguna,S/D,Intersección,Bueno,Buena,Diurna,Buen Tiempo,Lateral,S/D,Colisión,Ninguna,Faltante,Ninguna,Sin restricción,POINT (-60.7371128 -32.92315349999999),"['González del Solar', 'Brassey']",2,González del Solar; Brassey,-32.92315349999999,-60.7371128,55.0,538.0,Municipio Rosario,Municipio,Rosario,820210,Servicio de Catastro e Información Territorial,IGN
2015,9594,2015-12-19,Sabado,0.0,11:20:00,,0.0,2,"Moto/Ciclomotor,Automóvil",Gorriti Y Solis,3,1,0,0,2,0,0,,Calle,,ROSARIO,Rosario,S/D,No existe,II,Dentro,Urbana,Ninguna,No existe,Intersección,S/D,S/D,Diurna,S/D,Frontal,S/D,Colisión,S/D,Faltante,Ninguna,Sin restricción,POINT (-60.70404950000001 -32.92411169999999),"['Gorriti', 'Solis']",2,Gorriti; Juan Díaz de Solís,-32.92411169999999,-60.70404950000001,55.0,538.0,Municipio Rosario,Municipio,Rosario,820210,Servicio de Catastro e Información Territorial,IGN
2015,9595,2015-12-19,Sabado,0.0,10:40:00,,0.0,2,"Taxi/Remis,Moto/Ciclomotor",Gutenberg Y Santa Fe,2,1,0,0,1,0,0,,Calle,,ROSARIO,Rosario,S/D,No existe,II,S/D,Urbana,Ninguna,No existe,Intersección,S/D,S/D,Diurna,S/D,Lateral,S/D,Colisión,S/D,Faltante,Ninguna,Sin restricción,POINT (-60.6869271 -32.936288299999994),"['Gutenberg', 'Santa Fe']",2,Gutenberg; Santa Fe,-32.936288299999994,-60.6869271,55.0,538.0,Municipio Rosario,Municipio,Rosario,820210,Servicio de Catastro e Información Territorial,IGN
2015,9688,2015-12-01,Martes,0.0,12:20:00,,0.0,2,"Bicicleta,Automóvil",Buenos Aires Y Sanchez de Bustamante,2,1,0,0,1,0,0,,Calle,,ROSARIO,Rosario,Asfalto,No existe,II,Dentro,Urbana,Ninguna,S/D,Intersección,Bueno,Buena,Diurna,Buen Tiempo,S/D,S/D,Atropello,S/D,S/D,S/D,S/D,POINT (-60.6449658 -33.00187050000001),"['Buenos Aires', 'Sánchez de Bustamante']",2,Buenos Aires; Sánchez de Bustamante,-33.00187050000001,-60.6449658,55.0,538.0,Municipio Rosario,Municipio,Rosario,820210,Servicio de Catastro e Información Territorial,IGN
2015,9690,2015-12-03,Jueves,0.0,12:20:00,,0.0,2,"Moto/Ciclomotor,Automóvil",Av. Uriburu Y L.N.Alem,3,2,0,0,1,0,0,,Avenida,,ROSARIO,Rosario,Asfalto,No existe,II,Dentro,Urbana,S/D,No existe,Intersección,Bueno,Buena,Diurna,Buen Tiempo,Lateral,S/D,Colisión,S/D,S/D,Cordón divisorio,S/D,POINT (-60.63888225 -32.990411400000006),"['Uriburu', 'Alem']",2,Avenida José Uriburu; Leandro N. Alem,-32.990411400000006,-60.63888225,55.0,538.0,Municipio Rosario,Municipio,Rosario,820210,Servicio de Catastro e Información Territorial,IGN
2015,9692,2015-12-08,Martes,0.0,10:00:00,,0.0,2,"Moto/Ciclomotor,Pickup/Utilitario",Cabildo Y Pje. Aguirre,2,1,0,0,1,0,0,,Calle,,ROSARIO,Rosario,Asfalto,No existe,II,Dentro,Urbana,Ninguna,No existe,Intersección,S/D,Buena,Diurna,Buen Tiempo,Lateral,S/D,Colisión,S/D,S/D,Ninguna,Sin restricción,POINT (-60.634851600000005 -33.00693960000001),"['Cabildo', 'Aguirre']",2,Cabildo; Soldado Aguirre,-33.00693960000001,-60.634851600000005,55.0,538.0,Municipio Rosario,Municipio,Rosario,820210,Servicio de Catastro e Información Territorial,IGN
2015,9694,2015-12-05,Sabado,0.0,18:55:00,,0.0,2,"Peatón,Automóvil",Grandoli Y Sanchez de Thompson,2,1,0,0,1,0,0,,Calle,,ROSARIO,Rosario,Asfalto,No existe,II,Dentro,Urbana,S/D,No existe,Intersección,Bueno,Buena,Atardecer,Buen Tiempo,S/D,S/D,Atropello,S/D,S/D,Cordón divisorio,S/D,POINT (-60.62861240000001 -32.9925495),"['Avenida Abanderado Grandoli', 'Sánchez de Thomson']",2,Avenida Abanderado Grandoli; Sánchez de Thomson,-32.9925495,-60.62861240000001,55.0,538.0,Municipio Rosario,Municipio,Rosario,820210,Servicio de Catastro e Información Territorial,IGN
2015,9695,2015-12-11,Viernes,0.0,11:10:00,,0.0,2,"Moto/Ciclomotor,Taxi/Remis",Ayacucho Y Av. Arijon,3,2,0,0,1,0,0,,Avenida,,ROSARIO,Rosario,Asfalto,No existe,II,Dentro,Urbana,Semáforo,Funciona,Intersección,Bueno,Buena,Diurna,S/D,Lateral,S/D,Colisión,S/D,S/D,S/D,Sin restricción,POINT (-60.6360487 -33.00266679999999),"['Ayacucho', 'Avenida Manuel Arijón']",2,Ayacucho; Avenida Manuel Arijón,-33.00266679999999,-60.6360487,55.0,538.0,Municipio Rosario,Municipio,Rosario,820210,Servicio de Catastro e Información Territorial,IGN
2015,9696,2015-12-19,Sabado,0.0,20:00:00,,0.0,2,"Automóvil,Automóvil",Av. Uriburu Y Necochea,2,1,0,0,1,0,0,,Avenida,,ROSARIO,Rosario,Asfalto,No existe,II,Dentro,Urbana,S/D,No existe,Intersección,S/D,Buena,Nocturna,Buen Tiempo,Lateral,S/D,Colisión,S/D,S/D,S/D,Sin restricción,POINT (-60.63463709999999 -32.9902797),"['Uriburu', 'Necochea']",2,Avenida José Uriburu; Necochea,-32.9902797,-60.63463709999999,55.0,538.0,Municipio Rosario,Municipio,Rosario,820210,Servicio de Catastro e Información Territorial,IGN
2015,9698,2015-12-21,Lunes,0.0,14:00:00,,0.0,2,"Automóvil,Camión",Ayacucho Y Av. Battle y Ordoñez,3,2,0,0,1,0,0,,Avenida,,ROSARIO,Rosario,Asfalto,S/D,II,Dentro,Urbana,Semáforo,S/D,Intersección,S/D,Buena,Diurna,Buen Tiempo,Lateral,S/D,Colisión,S/D,S/D,Línea divisoria pintada,Sin restricción,POINT (-60.6358011 -33.008555699999995),"['Ayacucho', 'Avenida Battle y Ordoñez']",2,Ayacucho; Avenida Battle y Ordoñez,-33.008555699999995,-60.6358011,55.0,538.0,Municipio Rosario,Municipio,Rosario,820210,Servicio de Catastro e Información Territorial,IGN
2015,9704,2015-12-30,Miercoles,0.0,22:40:00,,0.0,2,"Automóvil,Moto/Ciclomotor",San Martin Y Hilarion de la Quintana,3,2,0,0,1,0,0,,Calle,,ROSARIO,Rosario,Asfalto,S/D,II,Dentro,Urbana,Ninguna,S/D,Intersección,Bueno,Buena,Nocturna,Buen Tiempo,Lateral,S/D,Colisión,Ninguna,Faltante,Ninguna,S/D,POINT (-60.64892185 -33.00095949999999),"['San Martin', 'Hilarión de la Quintana']",2,José de San Martín; Hilarión de la Quintana,-33.00095949999999,-60.64892185,55.0,538.0,Municipio Rosario,Municipio,Rosario,820210,Servicio de Catastro e Información Territorial,IGN
2015,9715,2015-12-10,Jueves,0.0,07:45:00,,0.0,2,"Moto/Ciclomotor,Pickup/Utilitario",Bv. 27 De Febrero Y Colon,2,1,0,0,1,0,0,,Avenida,,ROSARIO,Rosario,Asfalto,S/D,II,Dentro,Urbana,S/D,S/D,Intersección,Bueno,Buena,Diurna,Buen Tiempo,Lateral,S/D,Colisión,S/D,Horizontal,S/D,S/D,POINT (-60.63087325 -32.96985020000001),"['27 de Febrero', 'Colon']",2,Bulevar 27 de Febrero; Cristóbal Colón,-32.96985020000001,-60.63087325,55.0,538.0,Municipio Rosario,Municipio,Rosario,820210,Servicio de Catastro e Información Territorial,IGN
2015,9725,2015-12-29,Martes,0.0,15:20:00,,0.0,2,"Automóvil,Moto/Ciclomotor",Garibaldi Y Bv. Oroño,2,1,0,0,1,0,0,,Avenida,,ROSARIO,Rosario,Asfalto,No existe,II,Dentro,Urbana,Semáforo,Funciona,Intersección,Bueno,Buena,Diurna,Buen Tiempo,Lateral,S/D,Colisión,Ninguna,Horizontal,S/D,Sin restricción,POINT (-60.6632508 -32.983266949999994),"['José Garibaldi', 'Bulevar Nicasio Oroño']",2,José Garibaldi; Bulevar Nicasio Oroño,-32.983266949999994,-60.6632508,55.0,538.0,Municipio Rosario,Municipio,Rosario,820210,Servicio de Catastro e Información Territorial,IGN
2015,9727,2015-12-22,Martes,0.0,14:20:00,,0.0,2,"Automóvil,Moto/Ciclomotor",Fragata Sarmiento Y Pueyrredon,2,1,0,0,1,0,0,,Calle,,ROSARIO,Rosario,Asfalto,No existe,II,Dentro,Urbana,Ninguna,No existe,Intersección,Bueno,Buena,Diurna,Buen Tiempo,Lateral,S/D,Colisión,Ninguna,Faltante,Ninguna,Sin restricción,POINT (-60.6690714 -32.9894007),"['Fragata Sarmiento', 'Pueyrredón']",2,Fragata Sarmiento; Pueyrredón,-32.9894007,-60.6690714,55.0,538.0,Municipio Rosario,Municipio,Rosario,820210,Servicio de Catastro e Información Territorial,IGN
2015,9728,2015-12-06,Domingo,0.0,14:00:00,,0.0,2,"Automóvil,Transporte de Pasajeros Urbano (> 8 asientos)",Cerrito Y Necochea,2,1,0,0,1,0,0,,Calle,,ROSARIO,Rosario,Asfalto,No existe,II,Dentro,Urbana,Señal Pare,No existe,Intersección,Bueno,Buena,Diurna,Buen Tiempo,Lateral,S/D,Colisión,Ninguna,Vertical,Cordón divisorio,S/D,POINT (-60.628048699999994 -32.96436419999999),"['Cerrito', 'Necochea']",2,Cerrito; Necochea,-32.96436419999999,-60.6280487,55.0,538.0,Municipio Rosario,Municipio,Rosario,820210,Servicio de Catastro e Información Territorial,IGN
2015,9729,2015-12-01,Martes,0.0,16:00:00,,0.0,2,"Automóvil,Bicicleta",Ayacucho Y Riobamba,2,1,0,0,1,0,0,,Calle,,ROSARIO,Rosario,Asfalto,No existe,II,Dentro,Urbana,Ninguna,No existe,Intersección,Bueno,Buena,Diurna,Buen Tiempo,S/D,S/D,Atropello,Ninguna,Faltante,Ninguna,Sin restricción,POINT (-60.6310742 -32.9650233),"['Ayacucho', 'Riobamba']",2,Ayacucho; Riobamba,-32.9650233,-60.6310742,55.0,538.0,Municipio Rosario,Municipio,Rosario,820210,Servicio de Catastro e Información Territorial,IGN
2015,9730,2015-12-15,Martes,0.0,19:00:00,,0.0,2,"Automóvil,Moto/Ciclomotor",Ituzaingo Y Colon,2,1,0,0,1,0,0,,Calle,,ROSARIO,Rosario,Asfalto,No existe,II,Dentro,Urbana,Ninguna,No existe,Intersección,Bueno,Buena,Diurna,Buen Tiempo,Lateral,S/D,Colisión,S/D,Horizontal,S/D,Sin restricción,POINT (-60.62911900000001 -32.962965600000004),"['Ituzaingó', 'Colon']",2,Ituzaingó; Cristóbal Colón,-32.962965600000004,-60.62911900000001,55.0,538.0,Municipio Rosario,Municipio,Rosario,820210,Servicio de Catastro e Información Territorial,IGN
2015,9731,2015-12-15,Martes,0.0,11:30:00,,0.0,2,"Automóvil,Automóvil",Cerrito Y Buenos Aires,3,2,0,0,1,0,0,,Calle,,ROSARIO,Rosario,Asfalto,S/D,II,Dentro,Urbana,S/D,Funciona,Recta,Bueno,Buena,Diurna,Buen Tiempo,Lateral,S/D,Colisión,S/D,Horizontal,Ninguna,Sin restricción,POINT (-60.6365729 -32.962838700000006),"['Cerrito', 'Buenos Aires']",2,Cerrito; Buenos Aires,-32.962838700000006,-60.6365729,55.0,538.0,Municipio Rosario,Municipio,Rosario,820210,Servicio de Catastro e Información Territorial,IGN
2015,9732,2015-12-06,Domingo,0.0,16:00:00,,0.0,2,"Moto/Ciclomotor,Automóvil",Rodriguez Y Hilarion de la Quintana,3,2,0,0,1,0,0,,Calle,,ROSARIO,Rosario,Asfalto,No existe,II,Dentro,Urbana,Ninguna,No existe,Intersección,Bueno,Buena,Diurna,Buen Tiempo,Lateral,S/D,Colisión,S/D,Faltante,Ninguna,Sin restricción,POINT (-60.67028280000001 -33.00170119999999),"['Rodríguez', 'Hilarión de la Quintana']",2,Rodríguez de Escobedo; Hilarión de la Quintana,-33.00170119999999,-60.67028280000001,55.0,538.0,Municipio Rosario,Municipio,Rosario,820210,Servicio de Catastro e Información Territorial,IGN
2015,9733,2015-12-20,Domingo,1.0,16:00:00,,0.0,2,"Taxi/Remis,Bicicleta",9 De Julio Y Sarmiento,4,3,0,0,1,0,0,,Calle,,ROSARIO,Rosario,Asfalto,S/D,II,Dentro,Urbana,Ninguna,S/D,Intersección,Bueno,S/D,S/D,Buen Tiempo,Otro,S/D,Atropello,S/D,S/D,Cordón divisorio,Sin restricción,POINT (-60.6400191 -32.9538711),"['9 de Julio', 'Sarmiento']",2,9 de Julio; Sarmiento,-32.9538711,-60.6400191,55.0,538.0,Municipio Rosario,Municipio,Rosario,820210,Servicio de Catastro e Información Territorial,IGN
2015,9734,2015-12-21,Lunes,0.0,08:55:00,,0.0,1,Peatón,Italia 1000,2,1,0,0,1,0,0,,Calle,,ROSARIO,Rosario,S/D,S/D,II,Dentro,Urbana,S/D,S/D,S/D,S/D,S/D,Diurna,S/D,S/D,S/D,Atropello,S/D,S/D,S/D,S/D,"-32.9472029, -60.6485539",['Italia 1000'],1,Italia 1000,-32.9472029,-60.6485539,55.0,538.0,Municipio Rosario,Municipio,Rosario,820210,Servicio de Catastro e Información Territorial,IGN
2015,9735,2015-12-01,Martes,0.0,15:00:00,,0.0,2,"Automóvil,Moto/Ciclomotor",Balcarce Y Santa Fe,2,1,0,0,1,0,0,,Calle,,ROSARIO,Rosario,Asfalto,No existe,II,Dentro,Urbana,S/D,S/D,Recta,Bueno,Buena,Diurna,Buen Tiempo,Lateral,S/D,Colisión,S/D,S/D,Cordón divisorio,Sin restricción,POINT (-60.65159370000001 -32.94261169999999),"['Balcarce', 'Santa Fe']",2,Balcarce; Santa Fe,-32.94261169999999,-60.65159370000001,55.0,538.0,Municipio Rosario,Municipio,Rosario,820210,Servicio de Catastro e Información Territorial,IGN
2015,9736,2015-12-18,Viernes,0.0,12:00:00,,0.0,2,"Moto/Ciclomotor,Automóvil",Av. Corrientes Y Cordoba,3,2,0,0,1,0,0,,Calle,,ROSARIO,Rosario,Asfalto,No existe,II,Dentro,Urbana,Semáforo,Funciona,Recta,Bueno,Buena,Diurna,Buen Tiempo,Otro,S/D,"Caída ocupante,Otro",S/D,Vertical,Cordón divisorio,Sin restricción,POINT (-60.64233070000001 -32.94567669999999),"['Corrientes', 'Córdoba']",2,Corrientes; Córdoba,-32.94567669999999,-60.64233070000001,55.0,538.0,Municipio Rosario,Municipio,Rosario,820210,Servicio de Catastro e Información Territorial,IGN
2015,9737,2015-12-02,Miercoles,0.0,08:40:00,,0.0,2,"Moto/Ciclomotor,Automóvil",Dorrego Y E.Zeballos,2,1,0,0,1,0,0,,Calle,,ROSARIO,Rosario,Asfalto,S/D,II,Dentro,Urbana,S/D,S/D,Intersección,Bueno,S/D,Diurna,Buen Tiempo,Lateral,S/D,Colisión,S/D,S/D,Cordón divisorio,Sin restricción,POINT (-60.6513524 -32.95302869999999),"['Dorrego', 'Zeballos']",2,Manuel Dorrego; Zeballos,-32.95302869999999,-60.6513524,55.0,538.0,Municipio Rosario,Municipio,Rosario,820210,Servicio de Catastro e Información Territorial,IGN
2015,9738,2015-12-07,Lunes,0.0,20:15:00,,0.0,2,"Moto/Ciclomotor,Automóvil",Mitre Y Montevideo,2,1,0,0,1,0,0,,Calle,,ROSARIO,Rosario,Asfalto,No existe,II,S/D,Urbana,Ninguna,No existe,Intersección,Bueno,Buena,"Nocturna,Con luz artificial",Buen Tiempo,Lateral,S/D,Colisión,S/D,S/D,Cordón divisorio,Sin restricción,POINT (-60.6420026 -32.95589439999999),"['Mitre', 'Montevideo']",2,Bartolomé Mitre; Montevideo,-32.95589439999999,-60.6420026,55.0,538.0,Municipio Rosario,Municipio,Rosario,820210,Servicio de Catastro e Información Territorial,IGN
2015,9739,2015-12-18,Viernes,0.0,08:05:00,,0.0,2,"Automóvil,Moto/Ciclomotor",Italia Y San Luis,2,1,0,0,1,0,0,,Calle,,ROSARIO,Rosario,Asfalto,No existe,II,Dentro,Urbana,S/D,S/D,Intersección,Bueno,Buena,Diurna,Buen Tiempo,Lateral,S/D,Colisión,S/D,S/D,Cordón divisorio,Sin restricción,POINT (-60.648517399999996 -32.9472927),"['Italia', 'San Luis']",2,Italia; San Luis,-32.9472927,-60.6485174,55.0,538.0,Municipio Rosario,Municipio,Rosario,820210,Servicio de Catastro e Información Territorial,IGN
2015,9740,2015-12-23,Miercoles,0.0,02:15:00,,0.0,2,"Moto/Ciclomotor,Taxi/Remis",Santa Fe Y Dorrego,2,1,0,0,1,0,0,,Calle,,ROSARIO,Rosario,Asfalto,No existe,II,Dentro,Urbana,Semáforo,Funciona,Recta,Bueno,Buena,"Nocturna,Con luz artificial",Buen Tiempo,Lateral,S/D,Colisión,S/D,Horizontal,Cordón divisorio,Sin restricción,POINT (-60.648860799999994 -32.94310639999999),"['Santa Fe', 'Dorrego']",2,Santa Fe; Manuel Dorrego,-32.94310639999999,-60.6488608,55.0,538.0,Municipio Rosario,Municipio,Rosario,820210,Servicio de Catastro e Información Territorial,IGN
2015,9742,2015-12-01,Martes,0.0,13:30:00,,0.0,2,"Automóvil,Camión",3 De Febrero Y Entre Rios,2,1,0,0,1,0,0,,Calle,,ROSARIO,Rosario,Asfalto,No existe,II,S/D,Urbana,Semáforo,Funciona,Intersección,Bueno,Buena,Diurna,Buen Tiempo,Lateral,S/D,Colisión,S/D,S/D,Cordón divisorio,Sin restricción,POINT (-60.6425086 -32.952261299999996),"['3 de Febrero', 'Entre Ríos']",2,3 de Febrero; Entre Ríos,-32.9522613,-60.6425086,55.0,538.0,Municipio Rosario,Municipio,Rosario,820210,Servicio de Catastro e Información Territorial,IGN
2015,9743,2015-12-01,Martes,0.0,08:15:00,,0.0,2,"Automóvil,Bicicleta",E.Zeballos Y Pte.Roca,2,1,0,0,1,0,0,,Calle,,ROSARIO,Rosario,Asfalto,S/D,II,S/D,Urbana,S/D,S/D,Intersección,Bueno,S/D,Diurna,Buen Tiempo,S/D,S/D,Atropello,S/D,S/D,Cordón divisorio,Sin restricción,POINT (-60.6472521 -32.9537729),"['Zeballos', 'Roca']",2,Zeballos; Presidente Roca,-32.9537729,-60.6472521,55.0,538.0,Municipio Rosario,Municipio,Rosario,820210,Servicio de Catastro e Información Territorial,IGN
2015,9744,2015-12-06,Domingo,0.0,02:30:00,,0.0,2,"Moto/Ciclomotor,Automóvil",Pueyrredon Y Lamadrid,2,1,0,0,1,0,0,,Calle,,ROSARIO,Rosario,Asfalto,No existe,II,S/D,Urbana,Ninguna,S/D,Intersección,Bueno,Buena,"Nocturna,Con luz artificial",Buen Tiempo,Lateral,S/D,Colisión,S/D,Faltante,Ninguna,Sin restricción,POINT (-60.669333400000006 -32.99774649999999),"['Pueyrredón', 'Lamadrid']",2,Pueyrredón; Gregorio Aráoz de Lamadrid,-32.99774649999999,-60.669333400000006,55.0,538.0,Municipio Rosario,Municipio,Rosario,820210,Servicio de Catastro e Información Territorial,IGN
2015,9745,2015-12-09,Miercoles,0.0,21:00:00,,0.0,2,"Automóvil,Automóvil",Bv. Oroño Y Av. Arijon,2,1,0,0,1,0,0,,Avenida,,ROSARIO,Rosario,Asfalto,No existe,II,S/D,Urbana,Semáforo,Funciona,Intersección,Bueno,Buena,"Nocturna,Con luz artificial",Buen Tiempo,Lateral,S/D,Colisión,S/D,Vertical,Cordón divisorio,Sin restricción,POINT (-60.6650193 -33.003540599999994),"['Bulevar Nicasio Oroño', 'Avenida Manuel Arijón']",2,Bulevar Nicasio Oroño; Avenida Manuel Arijón,-33.003540599999994,-60.6650193,55.0,538.0,Municipio Rosario,Municipio,Rosario,820210,Servicio de Catastro e Información Territorial,IGN
2015,9746,2015-12-11,Viernes,0.0,21:30:00,,0.0,2,"Moto/Ciclomotor,Automóvil",Av. Battle y Ordoñez Y Italia,3,1,0,0,2,0,0,,Avenida,,ROSARIO,Rosario,Asfalto,No existe,II,Dentro,Urbana,Semáforo,Funciona,Intersección,Bueno,Buena,"Nocturna,Con luz artificial",Buen Tiempo,Lateral,S/D,Colisión,S/D,Vertical,Cordón divisorio,Sin restricción,POINT (-60.65883935 -33.00917509999999),"['Avenida Battle y Ordoñez', 'Italia']",2,Avenida Battle y Ordoñez; Italia,-33.00917509999999,-60.65883935,55.0,538.0,Municipio Rosario,Municipio,Rosario,820210,Servicio de Catastro e Información Territorial,IGN
2015,9747,2015-12-17,Jueves,0.0,11:50:00,,0.0,2,"Automóvil,Pickup/Utilitario",Lamadrid Y Dorrego,4,2,0,0,2,0,0,,Calle,,ROSARIO,Rosario,Asfalto,No existe,II,S/D,Urbana,Ninguna,No existe,Intersección,Bueno,Buena,Diurna,Buen Tiempo,Lateral,S/D,Colisión,S/D,Faltante,Ninguna,Sin restricción,POINT (-60.6607229 -32.9974771),"['Lamadrid', 'Dorrego']",2,Gregorio Aráoz de Lamadrid; Manuel Dorrego,-32.9974771,-60.6607229,55.0,538.0,Municipio Rosario,Municipio,Rosario,820210,Servicio de Catastro e Información Territorial,IGN
2015,9748,2015-12-18,Viernes,0.0,18:45:00,,0.0,2,"Automóvil,Automóvil",Av. Ntra.Sra.del Rosario Y Rodriguez,2,2,0,0,0,0,0,,Calle,,ROSARIO,Rosario,Asfalto,No existe,II,Dentro,Urbana,Ninguna,No existe,Intersección,Bueno,Buena,Atardecer,Buen Tiempo,Lateral,S/D,Colisión,S/D,Faltante,Ninguna,Sin restricción,POINT (-60.6703096 -33.00074479999999),"['Nuestra Señora del Rosario', 'Rodríguez']",2,Puente Nuestra Señora del Rosario; Rodríguez de Escobedo,-33.00074479999999,-60.6703096,55.0,538.0,Municipio Rosario,Municipio,Rosario,820210,Servicio de Catastro e Información Territorial,IGN
2015,9750,2015-12-08,Martes,0.0,19:55:00,,0.0,2,"Peatón,Automóvil",Av. Provincias Unidas 1050 ,2,1,0,0,1,0,0,,Avenida,,ROSARIO,Rosario,S/D,S/D,II,S/D,Urbana,S/D,S/D,S/D,S/D,S/D,Atardecer,S/D,S/D,S/D,Atropello,S/D,S/D,S/D,S/D,"-32.91657077346939, -60.71363593265306",['Provincias Unidas 1050'],1,Provincias Unidas 1050,-32.91657077346939,-60.71363593265306,55.0,538.0,Municipio Rosario,Municipio,Rosario,820210,Servicio de Catastro e Información Territorial,IGN
2015,9752,2015-12-21,Lunes,0.0,19:20:00,,0.0,2,"Peatón,Automóvil",J.J.Paso Y Mejico,3,1,0,0,2,0,0,,S/D,,ROSARIO,Rosario,S/D,S/D,II,S/D,Urbana,S/D,S/D,Recta,S/D,S/D,Atardecer,S/D,S/D,S/D,Atropello,S/D,S/D,S/D,S/D,POINT (-60.7193214 -32.920441249999996),"['Paso', 'Mejico']",2,Avenida Juan José Paso; Méjico,-32.92044125,-60.7193214,55.0,538.0,Municipio Rosario,Municipio,Rosario,820210,Servicio de Catastro e Información Territorial,IGN