anio_acci,nro_acci,fecha,desc_dia,fecha_aprox,hora_aprox,desc_ruta,km,cant_participantes,desc_participante,calle_avenida_km,total,heridos_leves,heridos_graves,heridos_gravisimos,ilesos,fallecidos,sin_datos,posicion_XY,desc_tipo_via,desc_ruta_ori,desc_loc,desc_dpto,desc_tipo_calzada,desc_tipo_banquina,desc_unidad_regional,desc_lugar_calzada,desc_zona,desc_prioridad,desc_estado_semaforo,desc_lugar_via,desc_estado_via,desc_estado_visibilidad,desc_luminosidad,desc_estado_clima,desc_tipo_colision,desc_tipo_atropello,desc_tipo_hecho,desc_pres_calzada,desc_senializacion,desc_separacion_via,desc_restriccion,forma_geocod,calle_lista,numero_calles,calles_osm,lat,lon,index_right,gid,fna,gna,nam,in1,fdc,sag
2015,9754,2015-12-23,Miercoles,0.0,18:30:00,,0.0,2,"Automóvil,Moto/Ciclomotor",Magallanes Y J.J.Paso,3,1,0,0,2,0,0,,Calle,,ROSARIO,Rosario,S/D,S/D,II,S/D,Urbana,S/D,S/D,S/D,S/D,S/D,Atardecer,S/D,S/D,S/D,Colisión,S/D,S/D,S/D,S/D,POINT (-60.70534740000001 -32.92000899999999),"['Magallanes', 'Paso']",2,"('Magallanes', 'Avenida Juan José Paso')",-32.92000899999999,-60.70534740000001,55.0,538.0,Municipio Rosario,Municipio,Rosario,820210,Servicio de Catastro e Información Territorial,IGN
2015,9755,2015-12-02,Miercoles,0.0,04:50:00,,0.0,2,"Moto/Ciclomotor,Automóvil",Bv. Rondeau Y Herrera,2,1,0,0,1,0,0,,Calle,,ROSARIO,Rosario,Asfalto,No existe,II,Dentro,Urbana,Semáforo,Funciona,Intersección,Bueno,Buena,Nocturna,Buen Tiempo,Frontal,S/D,Colisión,Ninguna,Vertical,Ninguna,Sin restricción,POINT (-60.69209 -32.89546034999999),"['Rondeau', 'Herrera']",2,Bulevar General José Rondeau; Franzini Herrera,-32.89546034999999,-60.69209,55.0,538.0,Municipio Rosario,Municipio,Rosario,820210,Servicio de Catastro e Información Territorial,IGN
2015,9757,2015-12-02,Miercoles,0.0,16:30:00,,0.0,2,"Transporte de Pasajeros Urbano (> 8 asientos),Bicicleta",Hilarion de la Quintana Y Av. Ovidio Lagos,2,1,0,0,1,0,0,,Avenida,,ROSARIO,Rosario,Asfalto,Pavimento,II,Dentro,Urbana,Ninguna,No existe,Intersección,Bueno,Buena,Diurna,Buen Tiempo,Lateral,S/D,Colisión,S/D,Faltante,Ninguna,Sin restricción,POINT (-60.67572463333334 -33.00178723333334),"['Hilarión de la Quintana', 'Avenida Ovidio Lagos']",2,Hilarión de la Quintana; Avenida Ovidio Lagos,-33.00178723333334,-60.67572463333334,55.0,538.0,Municipio Rosario,Municipio,Rosario,820210,Servicio de Catastro e Información Territorial,IGN
2015,9758,2015-11-12,Jueves,0.0,12:40:00,,0.0,2,"Automóvil,Bicicleta",Zelaya Y Baigorria,2,1,0,0,1,0,0,,Calle,,ROSARIO,Rosario,Asfalto,No existe,II,Dentro,Urbana,Marca Vial,Intermitente,Intersección,Bueno,Buena,Diurna,Buen Tiempo,Frontal,S/D,Colisión,Ninguna,Horizontal,Ninguna,Sin restricción,POINT (-60.69689309999999 -32.8923404),"['Zelaya', 'Baigorria']",2,Zelaya; Baigorria,-32.8923404,-60.69689309999999,55.0,538.0,Municipio Rosario,Municipio,Rosario,820210,Servicio de Catastro e Información Territorial,IGN
2015,9759,2015-12-02,Miercoles,0.0,16:30:00,,0.0,2,"Automóvil,Moto/Ciclomotor",Av. Battle y Ordoñez 3700,2,2,0,0,0,0,0,,Avenida,,ROSARIO,Rosario,Asfalto,Pavimento,II,Dentro,Urbana,Ninguna,No existe,Recta,Bueno,Buena,Diurna,Buen Tiempo,De alcance,S/D,Colisión,S/D,Faltante,Ninguna,Sin restricción,"-33.0094309, -60.6641975",['Avenida Battle y Ordoñez 3700'],1,Avenida Battle y Ordoñez 3700,-33.0094309,-60.6641975,55.0,538.0,Municipio Rosario,Municipio,Rosario,820210,Servicio de Catastro e Información Territorial,IGN
2015,9760,2015-12-25,Viernes,0.0,23:50:00,,0.0,2,"Moto/Ciclomotor,Moto/Ciclomotor",Medrano Y Washington,3,0,2,0,1,0,0,,Calle,,ROSARIO,Rosario,Asfalto,No existe,II,Dentro,Urbana,Ninguna,No existe,Intersección,Bueno,Buena,Nocturna,Buen Tiempo,Frontal,S/D,Colisión,Ninguna,Faltante,Ninguna,Sin restricción,POINT (-60.6991793 -32.903118500000005),"['Medrano', 'Washington']",2,Medrano; Washington,-32.903118500000005,-60.6991793,55.0,538.0,Municipio Rosario,Municipio,Rosario,820210,Servicio de Catastro e Información Territorial,IGN
2015,9761,2015-12-05,Sabado,0.0,16:15:00,,0.0,2,"Automóvil,Moto/Ciclomotor",Av. Ovidio Lagos Y Av. Arijon,4,3,0,0,1,0,0,,Avenida,,ROSARIO,Rosario,Asfalto,Pavimento,II,Dentro,Urbana,Ninguna,Funciona,Intersección,Bueno,Buena,Diurna,Buen Tiempo,Lateral,S/D,Colisión,S/D,Faltante,Cordón divisorio,Sin restricción,POINT (-60.6761369 -33.0038701),"['Avenida Ovidio Lagos', 'Avenida Manuel Arijón']",2,Avenida Ovidio Lagos; Avenida Manuel Arijón,-33.0038701,-60.6761369,55.0,538.0,Municipio Rosario,Municipio,Rosario,820210,Servicio de Catastro e Información Territorial,IGN
2015,9762,2015-12-06,Domingo,0.0,17:45:00,,0.0,2,"Automóvil,Moto/Ciclomotor",Jujuy Y Av. Francia,3,1,0,0,2,0,0,,Calle,,ROSARIO,Rosario,Asfalto,No existe,II,S/D,Urbana,Ninguna,S/D,Recta,S/D,S/D,Diurna,Buen Tiempo,Otro,S/D,Colisión,Ninguna,Faltante,Ninguna,Sin restricción,POINT (-60.6634714 -32.93337134999999),"['Jujuy', 'Avenida Francia']",2,Jujuy; Avenida Francia,-32.93337134999999,-60.6634714,55.0,538.0,Municipio Rosario,Municipio,Rosario,820210,Servicio de Catastro e Información Territorial,IGN
2015,9763,2015-12-08,Martes,0.0,14:40:00,,0.0,2,"Automóvil,Automóvil",Catamarca Y Callao,3,1,0,0,2,0,0,,Calle,,ROSARIO,Rosario,Asfalto,No existe,II,S/D,Urbana,Semáforo,Funciona,Recta,Bueno,Buena,S/D,Buen Tiempo,Otro,S/D,Colisión,Ninguna,Vertical,Ninguna,Sin restricción,POINT (-60.6586643 -32.93666069999999),"['Catamarca', 'Callao']",2,Catamarca; Callao,-32.93666069999999,-60.6586643,55.0,538.0,Municipio Rosario,Municipio,Rosario,820210,Servicio de Catastro e Información Territorial,IGN
2015,9767,2015-12-22,Martes,0.0,16:55:00,,0.0,2,"Automóvil,Moto/Ciclomotor",Crespo 200,2,1,0,0,1,0,0,,Calle,,ROSARIO,Rosario,Asfalto,No existe,II,S/D,Urbana,Ninguna,No existe,Recta,Bueno,Buena,Diurna,Buen Tiempo,S/D,S/D,Despiste,Ninguna,Faltante,Ninguna,Sin restricción,"-32.9342255, -60.6666257",['Crespo 200'],1,Crespo 200,-32.9342255,-60.6666257,55.0,538.0,Municipio Rosario,Municipio,Rosario,820210,Servicio de Catastro e Información Territorial,IGN
2015,9770,2015-12-07,Lunes,0.0,11:50:00,,0.0,1,Moto/Ciclomotor,Av. Ovidio Lagos 4400,2,2,0,0,0,0,0,,Avenida,,ROSARIO,Rosario,Asfalto,Pavimento,II,Dentro,Urbana,Ninguna,No existe,Recta,Bueno,Buena,Diurna,Buen Tiempo,S/D,S/D,Vuelco,S/D,Faltante,Ninguna,S/D,"-33.0264856, -60.6811155",['Ovidio Lagos 4400'],1,Ovidio Lagos 4400,-33.0264856,-60.6811155,55.0,538.0,Municipio Rosario,Municipio,Rosario,820210,Servicio de Catastro e Información Territorial,IGN
2015,9771,2015-12-13,Domingo,0.0,21:30:00,,0.0,2,"Automóvil,Moto/Ciclomotor",J.B.Justo Y Fraga,2,1,0,0,1,0,0,,S/D,,ROSARIO,Rosario,S/D,S/D,II,S/D,Urbana,S/D,S/D,S/D,S/D,S/D,Nocturna,S/D,S/D,S/D,S/D,S/D,S/D,S/D,S/D,POINT (-60.7116215 -32.914868399999996),"['Justo', 'Fraga']",2,Justo José de Urquiza; Rosendo María Fraga,-32.9148684,-60.7116215,55.0,538.0,Municipio Rosario,Municipio,Rosario,820210,Servicio de Catastro e Información Territorial,IGN
2015,9772,2015-12-07,Lunes,0.0,15:10:00,,0.0,2,"Automóvil,Automóvil",Av. Provincias Unidas Y Av. Sorrento,2,1,0,0,1,0,0,,S/D,,ROSARIO,Rosario,S/D,S/D,II,S/D,Urbana,S/D,S/D,S/D,S/D,S/D,Diurna,S/D,S/D,S/D,S/D,S/D,S/D,S/D,S/D,POINT (-60.714102249999996 -32.9083328),"['Avenida Provincias Unidas', 'Sorrento']",2,Avenida Provincias Unidas; Avenida Sorrento,-32.9083328,-60.71410225,55.0,538.0,Municipio Rosario,Municipio,Rosario,820210,Servicio de Catastro e Información Territorial,IGN
2015,9773,2015-12-18,Viernes,0.0,17:30:00,,0.0,2,"Moto/Ciclomotor,Taxi/Remis",Casilda 1100,2,1,0,0,0,0,1,,Calle,,ROSARIO,Rosario,Asfalto,S/D,II,Dentro,Urbana,S/D,S/D,Intersección,S/D,S/D,Diurna,S/D,S/D,S/D,Colisión,S/D,S/D,S/D,S/D,"-32.9282734, -60.6791345",['Casilda 1100'],1,Casilda 1100,-32.9282734,-60.6791345,55.0,538.0,Municipio Rosario,Municipio,Rosario,820210,Servicio de Catastro e Información Territorial,IGN
2015,9774,2015-12-18,Viernes,0.0,19:00:00,,0.0,2,"Bicicleta,Automóvil",Humberto I Y Carriego,2,1,0,0,0,0,1,,Calle,,ROSARIO,Rosario,Asfalto,S/D,II,Dentro,Urbana,S/D,S/D,Intersección,S/D,S/D,Diurna,S/D,S/D,S/D,Atropello,S/D,S/D,S/D,S/D,POINT (-60.6874527 -32.9298039),"['Humberto', 'Carriego']",2,Humberto Primero; Carriego,-32.9298039,-60.6874527,55.0,538.0,Municipio Rosario,Municipio,Rosario,820210,Servicio de Catastro e Información Territorial,IGN
2015,9775,2015-12-04,Viernes,0.0,19:00:00,,0.0,2,"Bicicleta,Automóvil",Bv. Avellaneda 100,2,1,0,0,1,0,0,,S/D,,ROSARIO,Rosario,Asfalto,S/D,II,S/D,S/D,S/D,S/D,Puente,S/D,S/D,Atardecer,S/D,S/D,S/D,Atropello,S/D,S/D,S/D,S/D,"-32.930693, -60.6771838",['Avellaneda 100'],1,Avellaneda 100,-32.930693,-60.6771838,55.0,538.0,Municipio Rosario,Municipio,Rosario,820210,Servicio de Catastro e Información Territorial,IGN
2015,9776,2015-12-01,Martes,0.0,09:30:00,,0.0,2,"Automóvil,Automóvil",Mar del Plata Y Pje. Polonia,2,2,0,0,0,0,0,,Calle,,ROSARIO,Rosario,Asfalto,S/D,II,Dentro,Urbana,S/D,S/D,Intersección,S/D,S/D,Diurna,S/D,S/D,S/D,Colisión,S/D,S/D,S/D,S/D,POINT (-60.6819521 -32.9261521),"['Mar del Plata', 'Polonia']",2,Mar del Plata; Polonia,-32.9261521,-60.6819521,55.0,538.0,Municipio Rosario,Municipio,Rosario,820210,Servicio de Catastro e Información Territorial,IGN
2015,9777,2015-12-01,Martes,0.0,08:00:00,,0.0,2,"Moto/Ciclomotor,Automóvil",Albert Sabin Y Cangallo,3,1,0,0,2,0,0,,Calle,,ROSARIO,Rosario,Asfalto,S/D,II,Dentro,Urbana,S/D,S/D,Intersección,S/D,S/D,Diurna,S/D,S/D,S/D,Colisión,S/D,S/D,S/D,S/D,POINT (-60.67763155 -32.928284899999994),"['Avenida Travesía Albert Sabin', 'Cangallo']",2,Avenida Travesía Albert Sabin; Cangallo,-32.928284899999994,-60.67763155,55.0,538.0,Municipio Rosario,Municipio,Rosario,820210,Servicio de Catastro e Información Territorial,IGN
2015,9778,2015-12-01,Martes,0.0,13:10:00,,0.0,2,"Camión,Pickup/Utilitario",Colon Y Dean Funes,4,1,0,0,3,0,0,,Calle,,ROSARIO,Rosario,Asfalto,No existe,II,Dentro,Urbana,Señal Pare,No existe,Intersección,Bueno,Buena,Diurna,Buen Tiempo,Lateral,S/D,Colisión,Ninguna,Vertical,Ninguna,Sin restricción,POINT (-60.6328745 -32.9779145),"['Colon', 'Deán Gregorio Funes']",2,Cristóbal Colón; Deán Gregorio Funes,-32.9779145,-60.6328745,55.0,538.0,Municipio Rosario,Municipio,Rosario,820210,Servicio de Catastro e Información Territorial,IGN
2015,9780,2015-12-16,Miercoles,0.0,13:20:00,,0.0,2,"Automóvil,Moto/Ciclomotor",Darragueira Y Mina Clavero,3,2,0,0,1,0,0,,S/D,,ROSARIO,Rosario,Asfalto,S/D,II,S/D,Urbana,Ninguna,S/D,Recta,Bueno,Buena,Diurna,Buen Tiempo,Lateral,S/D,Colisión,S/D,S/D,S/D,Sin restricción,POINT (-60.697046 -32.88396509999999),"['José Darragueira', 'Mina Clavero']",2,José Darragueira; Mina Clavero,-32.88396509999999,-60.697046,55.0,538.0,Municipio Rosario,Municipio,Rosario,820210,Servicio de Catastro e Información Territorial,IGN
2015,9784,2015-12-06,Domingo,0.0,10:30:00,,0.0,2,"Peatón,Moto/Ciclomotor",Varela Y Av. Irigoyen,3,2,0,0,0,0,1,,S/D,,ROSARIO,Rosario,S/D,S/D,II,S/D,Urbana,S/D,S/D,S/D,S/D,S/D,Diurna,S/D,S/D,S/D,Atropello,S/D,S/D,S/D,S/D,POINT (-60.70037859999999 -32.88461629999998),"['Varela', 'Avenida Hipólito Irigoyen']",2,Varela; Avenida Hipólito Irigoyen,-32.88461629999998,-60.70037859999999,55.0,538.0,Municipio Rosario,Municipio,Rosario,820210,Servicio de Catastro e Información Territorial,IGN
2015,9785,2015-12-22,Martes,0.0,11:40:00,,0.0,2,"Automóvil,Moto/Ciclomotor",Amenabar Y Mariano Moreno,2,1,0,0,1,0,0,,Calle,,ROSARIO,Rosario,Asfalto,No existe,II,Dentro,Urbana,Ninguna,No existe,Intersección,Bueno,Buena,Diurna,Buen Tiempo,Lateral,S/D,Colisión,Agua,Faltante,Ninguna,Sin restricción,POINT (-60.65707309999999 -32.9699781),"['Amenabar', 'Mariano Moreno']",2,José de Amenábar; Mariano Moreno,-32.9699781,-60.65707309999999,55.0,538.0,Municipio Rosario,Municipio,Rosario,820210,Servicio de Catastro e Información Territorial,IGN
2015,9786,2015-12-22,Martes,0.0,11:20:00,,0.0,2,"Automóvil,Moto/Ciclomotor",Sanchez de Bustamante Y Av. Corrientes,2,1,0,0,1,0,0,,Calle,,ROSARIO,Rosario,Asfalto,No existe,II,Dentro,Urbana,Señal Pare,No existe,Intersección,Bueno,Buena,Diurna,Buen Tiempo,Lateral,S/D,Colisión,Agua,Faltante,Ninguna,Sin restricción,POINT (-60.65327370000001 -33.00215680000001),"['Sánchez de Bustamante', 'Corrientes']",2,Sánchez de Bustamante; Corrientes,-33.00215680000001,-60.65327370000001,55.0,538.0,Municipio Rosario,Municipio,Rosario,820210,Servicio de Catastro e Información Territorial,IGN
2015,9787,2015-12-21,Lunes,0.0,22:50:00,,0.0,2,"Taxi/Remis,Automóvil",Bv. Oroño Y Bv. Segui,3,3,0,0,0,0,0,,Avenida,,ROSARIO,Rosario,Asfalto,No existe,II,Dentro,Urbana,Ninguna,Funciona,Intersección,Bueno,Buena,Nocturna,Buen Tiempo,Lateral,S/D,Colisión,Ninguna,Horizontal,Ninguna,Sin restricción,POINT (-60.661523700000004 -32.976367025),"['Bulevar Nicasio Oroño', 'Bulevar Juan Francisco Seguí']",2,Bulevar Nicasio Oroño; Bulevar Juan Francisco Seguí,-32.976367025,-60.6615237,55.0,538.0,Municipio Rosario,Municipio,Rosario,820210,Servicio de Catastro e Información Territorial,IGN
2015,9788,2015-12-07,Lunes,0.0,14:00:00,,0.0,2,"Automóvil,Moto/Ciclomotor",Mont Cenis ,3,0,0,0,1,0,2,,S/D,,ROSARIO,Rosario,Asfalto,S/D,II,S/D,Urbana,S/D,S/D,Intersección,Bueno,S/D,Diurna,S/D,S/D,S/D,S/D,S/D,S/D,S/D,S/D,"-32.8716126, -60.7011868",['Mont Cenis'],1,Mont Cenis,-32.8716126,-60.7011868,55.0,538.0,Municipio Rosario,Municipio,Rosario,820210,Servicio de Catastro e Información Territorial,IGN
2015,9790,2015-12-21,Lunes,0.0,18:45:00,,0.0,2,"Moto/Ciclomotor,Automóvil",Bv. Segui Y Entre Rios,3,1,0,0,2,0,0,,Avenida,,ROSARIO,Rosario,Asfalto,No existe,II,Dentro,Urbana,Ninguna,No existe,Intersección,Bueno,Buena,Diurna,Buen Tiempo,Lateral,S/D,Colisión,Ninguna,Faltante,Ninguna,Sin restricción,POINT (-60.6491681 -32.97857979999999),"['Bulevar Juan Francisco Seguí', 'Entre Ríos']",2,Bulevar Juan Francisco Seguí; Entre Ríos,-32.97857979999999,-60.6491681,55.0,538.0,Municipio Rosario,Municipio,Rosario,820210,Servicio de Catastro e Información Territorial,IGN
2015,9791,2015-12-14,Lunes,0.0,19:00:00,,0.0,2,"Bicicleta,Automóvil",Martin Fierro Y Francisco De Miranda,2,1,0,0,1,0,0,,S/D,,ROSARIO,Rosario,Asfalto,S/D,II,S/D,Urbana,S/D,S/D,Intersección,Bueno,S/D,Diurna,Buen Tiempo,S/D,S/D,Atropello,S/D,S/D,S/D,S/D,POINT (-60.6931059 -32.877135499999994),"['Martin Fierro', 'Francisco de Miranda']",2,Martin Fierro; Francisco de Miranda,-32.877135499999994,-60.6931059,55.0,538.0,Municipio Rosario,Municipio,Rosario,820210,Servicio de Catastro e Información Territorial,IGN
2015,9792,2015-12-20,Domingo,0.0,00:25:00,,0.0,2,"Automóvil,Automóvil",Bv. Segui Y Entre Rios,2,1,0,0,1,0,0,,Avenida,,ROSARIO,Rosario,S/D,No existe,II,Dentro,Urbana,Ninguna,No existe,Intersección,Bueno,Buena,Nocturna,Buen Tiempo,Lateral,S/D,Colisión,Ninguna,Faltante,Ninguna,Sin restricción,POINT (-60.6491681 -32.97857979999999),"['Bulevar Juan Francisco Seguí', 'Entre Ríos']",2,Bulevar Juan Francisco Seguí; Entre Ríos,-32.97857979999999,-60.6491681,55.0,538.0,Municipio Rosario,Municipio,Rosario,820210,Servicio de Catastro e Información Territorial,IGN
2015,9794,2015-12-18,Viernes,0.0,15:45:00,,0.0,2,"Automóvil,Moto/Ciclomotor",Bv. Oroño Y Av. Uriburu,2,1,0,0,1,0,0,,Avenida,,ROSARIO,Rosario,Asfalto,Pavimento,II,Dentro,Urbana,Semáforo,Funciona,Intersección,Bueno,Buena,Diurna,Buen Tiempo,Lateral,S/D,Colisión,Ninguna,Horizontal,Ninguna,Sin restricción,POINT (-60.665160500000006 -32.99123049999999),"['Bulevar Nicasio Oroño', 'Uriburu']",2,Bulevar Nicasio Oroño; Avenida José Uriburu,-32.99123049999999,-60.665160500000006,55.0,538.0,Municipio Rosario,Municipio,Rosario,820210,Servicio de Catastro e Información Territorial,IGN
2015,9795,2015-12-17,Jueves,0.0,20:45:00,,0.0,2,"Taxi/Remis,Bicicleta",Gaboto Y Babbini,2,1,0,0,1,0,0,,Calle,,ROSARIO,Rosario,Asfalto,No existe,II,Dentro,Urbana,Ninguna,No existe,Intersección,Bueno,Buena,Nocturna,Buen Tiempo,S/D,S/D,Atropello,Ninguna,Faltante,Ninguna,S/D,POINT (-60.645606900000004 -32.973219799999995),"['Gaboto', 'Babbini']",2,Gaboto; Pasaje Babbini,-32.973219799999995,-60.6456069,55.0,538.0,Municipio Rosario,Municipio,Rosario,820210,Servicio de Catastro e Información Territorial,IGN
2015,9796,2015-12-01,Martes,0.0,19:30:00,,0.0,1,Moto/Ciclomotor,Gaboto Y Cafferata,1,1,0,0,0,0,0,,Calle,,ROSARIO,Rosario,Asfalto,No existe,II,Dentro,Urbana,Ninguna,No existe,Intersección,Bueno,Buena,Atardecer,Buen Tiempo,Contra objeto fijo,S/D,Colisión,Ninguna,Faltante,Ninguna,Sin restricción,POINT (-60.67776039999999 -32.967487799999994),"['Gaboto', 'Cafferata']",2,Gaboto; Cafferata,-32.967487799999994,-60.67776039999999,55.0,538.0,Municipio Rosario,Municipio,Rosario,820210,Servicio de Catastro e Información Territorial,IGN
2015,9797,2015-12-15,Martes,0.0,21:40:00,,0.0,1,Moto/Ciclomotor,Av. Francia Y Aurora,2,2,0,0,0,0,0,,Avenida,,ROSARIO,Rosario,Asfalto,No existe,II,Dentro,Urbana,Ninguna,No existe,Intersección,Bueno,Buena,Nocturna,Buen Tiempo,S/D,S/D,Caída ocupante,Ninguna,Faltante,Cordón divisorio,Sin restricción,POINT (-60.677811649999995 -32.99948385),"['Avenida Francia', 'Aurora']",2,Avenida Francia; Aurora,-32.99948385,-60.67781165,55.0,538.0,Municipio Rosario,Municipio,Rosario,820210,Servicio de Catastro e Información Territorial,IGN
2015,9799,2015-12-18,Viernes,0.0,10:15:00,,0.0,2,"Peatón,Moto/Ciclomotor",Italia Y Dean Funes,2,1,0,0,1,0,0,,Calle,,ROSARIO,Rosario,Asfalto,No existe,II,Dentro,Urbana,Ninguna,No existe,Intersección,Bueno,Buena,Diurna,Buen Tiempo,S/D,S/D,Atropello,Ninguna,Faltante,Ninguna,Sin restricción,POINT (-60.6552262 -32.97392700000001),"['Italia', 'Deán Gregorio Funes']",2,Italia; Deán Gregorio Funes,-32.97392700000001,-60.6552262,55.0,538.0,Municipio Rosario,Municipio,Rosario,820210,Servicio de Catastro e Información Territorial,IGN
2015,9830,2015-12-05,Sabado,0.0,17:00:00,,0.0,2,"Transporte de Pasajeros Urbano (> 8 asientos),Taxi/Remis",Rioja Y Buenos Aires,4,3,0,0,1,0,0,,Calle,,ROSARIO,Rosario,Asfalto,S/D,II,Dentro,Urbana,S/D,S/D,Intersección,Bueno,Buena,Diurna,Buen Tiempo,S/D,S/D,Colisión,S/D,S/D,Cordón divisorio,S/D,POINT (-60.633047700000006 -32.94881029999999),"['Rioja', 'Buenos Aires']",2,Rioja; Buenos Aires,-32.94881029999999,-60.633047700000006,55.0,538.0,Municipio Rosario,Municipio,Rosario,820210,Servicio de Catastro e Información Territorial,IGN
2015,9831,2015-12-26,Sabado,0.0,07:45:00,,0.0,2,"Automóvil,Moto/Ciclomotor",Av. Francia Y 9 De Julio,2,1,0,0,1,0,0,,Avenida,,ROSARIO,Rosario,Asfalto,S/D,II,Dentro,Urbana,S/D,S/D,Intersección,S/D,Buena,Diurna,Buen Tiempo,Lateral,S/D,Colisión,S/D,S/D,S/D,S/D,POINT (-60.667391450000004 -32.948979),"['Avenida Francia', '9 de Julio']",2,Avenida Francia; 9 de Julio,-32.948979,-60.66739145,55.0,538.0,Municipio Rosario,Municipio,Rosario,820210,Servicio de Catastro e Información Territorial,IGN
2015,9832,2015-12-16,Miercoles,0.0,13:00:00,,0.0,2,"Moto/Ciclomotor,Pickup/Utilitario",3 De Febrero Y 1 de Mayo,3,2,0,0,1,0,0,,Calle,,ROSARIO,Rosario,Asfalto,S/D,II,Dentro,Urbana,S/D,S/D,Intersección,Bueno,Buena,Diurna,S/D,Lateral,S/D,Colisión,S/D,S/D,Cordón divisorio,S/D,POINT (-60.6312992 -32.954230499999994),"['3 de Febrero', 'Primero de Mayo']",2,3 de Febrero; Primero de Mayo,-32.954230499999994,-60.6312992,55.0,538.0,Municipio Rosario,Municipio,Rosario,820210,Servicio de Catastro e Información Territorial,IGN
2015,9834,2015-12-15,Martes,0.0,12:45:00,,0.0,2,"Moto/Ciclomotor,Automóvil",Buenos Aires Y Cordoba,2,1,0,0,1,0,0,,Calle,,ROSARIO,Rosario,Asfalto,S/D,II,Dentro,Urbana,S/D,S/D,Intersección,S/D,Buena,Diurna,S/D,Lateral,S/D,Colisión,S/D,S/D,Cordón divisorio,S/D,POINT (-60.632749 -32.9475389),"['Buenos Aires', 'Córdoba']",2,Buenos Aires; Córdoba,-32.9475389,-60.632749,55.0,538.0,Municipio Rosario,Municipio,Rosario,820210,Servicio de Catastro e Información Territorial,IGN
2015,9836,2015-12-14,Lunes,0.0,12:00:00,,0.0,2,"Automóvil,Automóvil",Maipu Y Mendoza,2,1,0,0,1,0,0,,Calle,,ROSARIO,Rosario,Asfalto,S/D,II,Dentro,Urbana,Semáforo,Funciona,Intersección,Bueno,S/D,Diurna,S/D,Lateral,S/D,Colisión,S/D,S/D,Cordón divisorio,S/D,POINT (-60.6365437 -32.95199989999999),"['Maipú', 'Mendoza']",2,Maipú; Mendoza,-32.95199989999999,-60.6365437,55.0,538.0,Municipio Rosario,Municipio,Rosario,820210,Servicio de Catastro e Información Territorial,IGN
2015,9838,2015-12-21,Lunes,0.0,,,0.0,2,"Moto/Ciclomotor,Automóvil",E.Zeballos Y Rio De Janeiro,2,1,0,0,1,0,0,,Calle,,ROSARIO,Rosario,Asfalto,S/D,II,Dentro,Urbana,S/D,S/D,Intersección,S/D,S/D,S/D,S/D,Lateral,S/D,Colisión,S/D,S/D,S/D,S/D,POINT (-60.6826714 -32.9474392),"['Zeballos', 'Río de Janeiro']",2,Zeballos; Río de Janeiro,-32.9474392,-60.6826714,55.0,538.0,Municipio Rosario,Municipio,Rosario,820210,Servicio de Catastro e Información Territorial,IGN
2015,9845,2015-12-21,Lunes,0.0,,,0.0,2,"Bicicleta,Automóvil",Alsina Y San Luis,2,1,0,0,1,0,0,,Calle,,ROSARIO,Rosario,Asfalto,S/D,II,Dentro,Urbana,S/D,S/D,Intersección,S/D,S/D,S/D,Buen Tiempo,S/D,S/D,Atropello,S/D,S/D,S/D,S/D,POINT (-60.67705600000001 -32.9422069),"['Alsina', 'San Luis']",2,Alsina; San Luis,-32.9422069,-60.67705600000001,55.0,538.0,Municipio Rosario,Municipio,Rosario,820210,Servicio de Catastro e Información Territorial,IGN
2015,9848,2015-12-19,Sabado,0.0,20:35:00,,0.0,2,"Moto/Ciclomotor,Automóvil",Bv. Avellaneda 700,2,1,0,0,1,0,0,,Avenida,,ROSARIO,Rosario,S/D,S/D,II,Dentro,Urbana,S/D,S/D,Recta,S/D,Buena,Nocturna,Buen Tiempo,De alcance,S/D,Colisión,S/D,S/D,S/D,S/D,"-32.9375918, -60.6789789",['Avellaneda 700'],1,Avellaneda 700,-32.9375918,-60.6789789,55.0,538.0,Municipio Rosario,Municipio,Rosario,820210,Servicio de Catastro e Información Territorial,IGN
2015,9849,2015-12-21,Lunes,0.0,14:00:00,,0.0,2,"Automóvil,Automóvil",E.Zeballos Y Bv. Avellaneda,3,1,0,0,2,0,0,,Avenida,,ROSARIO,Rosario,Asfalto,S/D,II,Dentro,Urbana,S/D,S/D,Intersección,S/D,Buena,Diurna,Buen Tiempo,Lateral,S/D,Colisión,S/D,S/D,S/D,S/D,POINT (-60.68126855 -32.94766455),"['Zeballos', 'Avellaneda']",2,Zeballos; Bulevar Nicolás Avellaneda,-32.94766455,-60.68126855,55.0,538.0,Municipio Rosario,Municipio,Rosario,820210,Servicio de Catastro e Información Territorial,IGN
2015,9850,2015-12-17,Jueves,0.0,08:25:00,,0.0,2,"Automóvil,Automóvil",San Juan Y Lima,3,1,0,0,2,0,0,,Calle,,ROSARIO,Rosario,Asfalto,S/D,II,Dentro,Urbana,S/D,S/D,Intersección,S/D,Buena,Diurna,Buen Tiempo,Lateral,S/D,Colisión,S/D,S/D,S/D,S/D,POINT (-60.6841697 -32.942117),"['San Juan', 'Lima']",2,San Juan; Lima,-32.942117,-60.6841697,55.0,538.0,Municipio Rosario,Municipio,Rosario,820210,Servicio de Catastro e Información Territorial,IGN
2015,9852,2015-12-17,Jueves,0.0,,,0.0,2,"Automóvil,Pickup/Utilitario",Vera Mujica Y San Juan,3,2,0,0,1,0,0,,Calle,,ROSARIO,Rosario,Asfalto,S/D,II,Fuera,Urbana,S/D,S/D,Intersección,S/D,S/D,S/D,S/D,Lateral,S/D,Colisión,S/D,S/D,S/D,S/D,POINT (-60.6678428 -32.94501609999999),"['Vera Mujíca', 'San Juan']",2,Vera Mujíca; San Juan,-32.94501609999999,-60.6678428,55.0,538.0,Municipio Rosario,Municipio,Rosario,820210,Servicio de Catastro e Información Territorial,IGN