anio_acci,nro_acci,fecha,desc_dia,fecha_aprox,hora_aprox,desc_ruta,km,cant_participantes,desc_participante,calle_avenida_km,total,heridos_leves,heridos_graves,heridos_gravisimos,ilesos,fallecidos,sin_datos,posicion_XY,desc_tipo_via,desc_ruta_ori,desc_loc,desc_dpto,desc_tipo_calzada,desc_tipo_banquina,desc_unidad_regional,desc_lugar_calzada,desc_zona,desc_prioridad,desc_estado_semaforo,desc_lugar_via,desc_estado_via,desc_estado_visibilidad,desc_luminosidad,desc_estado_clima,desc_tipo_colision,desc_tipo_atropello,desc_tipo_hecho,desc_pres_calzada,desc_senializacion,desc_separacion_via,desc_restriccion,forma_geocod,calle_lista,numero_calles,calles_osm,lat,lon,index_right,gid,fna,gna,nam,in1,fdc,sag
2015,9860,2015-12-10,Jueves,0.0,15:20:00,,0.0,2,"Automóvil,Pickup/Utilitario",San Juan Y Rio De Janeiro,2,2,0,0,0,0,0,,Calle,,ROSARIO,Rosario,S/D,S/D,II,Dentro,Urbana,S/D,S/D,Intersección,S/D,Buena,Diurna,Buen Tiempo,Lateral,S/D,Colisión,S/D,S/D,S/D,S/D,POINT (-60.6814488 -32.942599),"['San Juan', 'Río de Janeiro']",2,San Juan; Río de Janeiro,-32.942599,-60.6814488,55.0,538.0,Municipio Rosario,Municipio,Rosario,820210,Servicio de Catastro e Información Territorial,IGN
2015,9862,2015-12-11,Viernes,0.0,,,0.0,2,"Pickup/Utilitario,Pickup/Utilitario",Bv. Avellaneda Y 3 De Febrero,2,1,0,0,1,0,0,,Avenida,,ROSARIO,Rosario,S/D,S/D,II,Dentro,Urbana,S/D,S/D,Intersección,S/D,S/D,S/D,Buen Tiempo,Lateral,S/D,Colisión,S/D,S/D,S/D,S/D,POINT (-60.6807366 -32.945458),"['Avellaneda', '3 de Febrero']",2,Bulevar Nicolás Avellaneda; 3 de Febrero,-32.945458,-60.6807366,55.0,538.0,Municipio Rosario,Municipio,Rosario,820210,Servicio de Catastro e Información Territorial,IGN
2015,9864,2015-12-11,Viernes,0.0,21:40:00,,0.0,2,"Automóvil,Taxi/Remis",San Luis Y Crespo,3,2,0,0,1,0,0,,Calle,,ROSARIO,Rosario,Asfalto,S/D,II,Dentro,Urbana,S/D,S/D,Intersección,S/D,Buena,Nocturna,Buen Tiempo,Lateral,S/D,Colisión,S/D,S/D,S/D,S/D,POINT (-60.668872300000004 -32.9436884),"['San Luis', 'Crespo']",2,San Luis; Crespo,-32.9436884,-60.6688723,55.0,538.0,Municipio Rosario,Municipio,Rosario,820210,Servicio de Catastro e Información Territorial,IGN
2015,9865,2015-12-12,Sabado,0.0,06:30:00,,0.0,2,"Moto/Ciclomotor,Automóvil",Av. Pellegrini Y Iriondo,2,1,0,0,1,0,0,,Avenida,,ROSARIO,Rosario,Asfalto,S/D,II,Dentro,Urbana,S/D,S/D,Intersección,S/D,S/D,S/D,S/D,Lateral,S/D,Colisión,S/D,S/D,S/D,S/D,POINT (-60.6723408 -32.95164905),"['Pellegrini', 'Iriondo']",2,Avenida Carlos Pellegrini; Iriondo,-32.95164905,-60.6723408,55.0,538.0,Municipio Rosario,Municipio,Rosario,820210,Servicio de Catastro e Información Territorial,IGN
2015,9867,2015-12-12,Sabado,0.0,22:00:00,,0.0,2,"Taxi/Remis,Automóvil",Parana Y Rioja,3,1,0,0,2,0,0,,Calle,,ROSARIO,Rosario,Asfalto,S/D,II,Dentro,Urbana,S/D,S/D,Intersección,S/D,Buena,Nocturna,Buen Tiempo,Lateral,S/D,Colisión,S/D,S/D,S/D,S/D,POINT (-60.69165910000001 -32.9380567),"['Paraná', 'Rioja']",2,Paraná; Rioja,-32.9380567,-60.69165910000001,55.0,538.0,Municipio Rosario,Municipio,Rosario,820210,Servicio de Catastro e Información Territorial,IGN
2015,9869,2015-12-11,Viernes,0.0,14:40:00,,0.0,2,"Moto/Ciclomotor,Automóvil",Mendoza Y Castellanos,2,1,0,0,1,0,0,,Calle,,ROSARIO,Rosario,Asfalto,S/D,II,Dentro,Urbana,S/D,S/D,Intersección,S/D,Buena,Diurna,Buen Tiempo,Lateral,S/D,Colisión,S/D,S/D,S/D,S/D,POINT (-60.6763884 -32.94496500000001),"['Mendoza', 'Aaron Castellanos']",2,Mendoza; Aaron Castellanos,-32.94496500000001,-60.6763884,55.0,538.0,Municipio Rosario,Municipio,Rosario,820210,Servicio de Catastro e Información Territorial,IGN
2015,9870,2015-12-12,Sabado,0.0,21:00:00,,0.0,1,Automóvil,Carriego Y 9 De Julio,2,1,0,0,1,0,0,,Calle,,ROSARIO,Rosario,S/D,S/D,II,Dentro,Urbana,S/D,S/D,Intersección,S/D,Buena,Nocturna,Buen Tiempo,Lateral,S/D,Colisión,S/D,S/D,S/D,S/D,POINT (-60.6905413 -32.944809199999995),"['Carriego', '9 de Julio']",2,Carriego; 9 de Julio,-32.944809199999995,-60.6905413,55.0,538.0,Municipio Rosario,Municipio,Rosario,820210,Servicio de Catastro e Información Territorial,IGN
2015,9871,2015-12-13,Domingo,0.0,,,0.0,2,"Moto/Ciclomotor,Automóvil",Av. Ovidio Lagos Y San Juan,2,1,0,0,1,0,0,,Calle,,ROSARIO,Rosario,Asfalto,S/D,II,Dentro,Urbana,S/D,S/D,Intersección,S/D,Buena,S/D,Buen Tiempo,Lateral,S/D,Colisión,S/D,S/D,S/D,S/D,POINT (-60.6623913 -32.945991799999994),"['Avenida Ovidio Lagos', 'San Juan']",2,Avenida Ovidio Lagos; San Juan,-32.945991799999994,-60.6623913,55.0,538.0,Municipio Rosario,Municipio,Rosario,820210,Servicio de Catastro e Información Territorial,IGN
2015,9872,2015-12-11,Viernes,0.0,17:50:00,,0.0,2,"Moto/Ciclomotor,Automóvil",San Juan Y Bv. Avellaneda,2,1,0,0,1,0,0,,Avenida,,ROSARIO,Rosario,Asfalto,S/D,II,Dentro,Urbana,S/D,S/D,Recta,S/D,Buena,Diurna,Buen Tiempo,Lateral,S/D,Colisión,S/D,S/D,S/D,S/D,POINT (-60.680076299999996 -32.94284435),"['San Juan', 'Avellaneda']",2,San Juan; Bulevar Nicolás Avellaneda,-32.94284435,-60.6800763,55.0,538.0,Municipio Rosario,Municipio,Rosario,820210,Servicio de Catastro e Información Territorial,IGN
2015,9873,2015-12-14,Lunes,0.0,09:00:00,,0.0,2,"Moto/Ciclomotor,Automóvil",Valparaiso ,2,1,0,0,1,0,0,,Calle,,ROSARIO,Rosario,Asfalto,S/D,II,Dentro,Urbana,S/D,S/D,Intersección,S/D,Buena,Diurna,Buen Tiempo,Lateral,S/D,Colisión,S/D,S/D,S/D,S/D,"-32.934734, -60.6808909",['Valparaíso'],1,Valparaíso,-32.934734,-60.6808909,55.0,538.0,Municipio Rosario,Municipio,Rosario,820210,Servicio de Catastro e Información Territorial,IGN
2015,9876,2015-12-09,Miercoles,0.0,15:50:00,,0.0,2,"Automóvil,Automóvil",Rio De Janeiro Y 3 De Febrero,2,1,0,0,1,0,0,,Calle,,ROSARIO,Rosario,Asfalto,S/D,II,Dentro,Urbana,S/D,S/D,S/D,S/D,S/D,Diurna,S/D,S/D,S/D,Colisión,S/D,S/D,S/D,S/D,POINT (-60.68210090000001 -32.9452066),"['Río de Janeiro', '3 de Febrero']",2,Río de Janeiro; 3 de Febrero,-32.9452066,-60.68210090000001,55.0,538.0,Municipio Rosario,Municipio,Rosario,820210,Servicio de Catastro e Información Territorial,IGN
2015,9877,2015-12-19,Sabado,0.0,18:50:00,,0.0,2,"Taxi/Remis,Automóvil",San Juan Y San Nicolas,4,4,0,0,0,0,0,,Calle,,ROSARIO,Rosario,Asfalto,S/D,II,Dentro,Urbana,S/D,S/D,S/D,S/D,S/D,Atardecer,S/D,S/D,S/D,Colisión,S/D,S/D,S/D,S/D,POINT (-60.6732647 -32.944049),"['San Juan', 'San Nicolás']",2,San Juan; San Nicolás,-32.944049,-60.6732647,55.0,538.0,Municipio Rosario,Municipio,Rosario,820210,Servicio de Catastro e Información Territorial,IGN
2015,9879,2015-12-17,Jueves,0.0,17:15:00,,0.0,2,"Automóvil,Moto/Ciclomotor",San Juan Y Av. Ovidio Lagos,2,1,0,0,1,0,0,,Calle,,ROSARIO,Rosario,Asfalto,S/D,II,Dentro,Urbana,S/D,S/D,S/D,S/D,S/D,Diurna,S/D,S/D,S/D,Colisión,S/D,S/D,S/D,S/D,POINT (-60.6623913 -32.945991799999994),"['San Juan', 'Avenida Ovidio Lagos']",2,San Juan; Avenida Ovidio Lagos,-32.945991799999994,-60.6623913,55.0,538.0,Municipio Rosario,Municipio,Rosario,820210,Servicio de Catastro e Información Territorial,IGN
2015,9881,2015-12-16,Miercoles,0.0,12:10:00,,0.0,2,"Automóvil,Moto/Ciclomotor",San Luis Y Santiago,2,1,1,0,0,0,0,,Calle,,ROSARIO,Rosario,Asfalto,S/D,II,Dentro,Urbana,S/D,S/D,S/D,S/D,S/D,Diurna,S/D,S/D,S/D,Colisión,S/D,S/D,S/D,S/D,POINT (-60.656666 -32.945839899999996),"['San Luis', 'Santiago']",2,San Luis; Santiago,-32.9458399,-60.656666,55.0,538.0,Municipio Rosario,Municipio,Rosario,820210,Servicio de Catastro e Información Territorial,IGN
2015,9882,2015-12-04,Viernes,0.0,18:45:00,,0.0,2,"Automóvil,Automóvil",Castellanos Y Marcos Paz,2,1,0,0,1,0,0,,Calle,,ROSARIO,Rosario,Asfalto,S/D,II,Dentro,Urbana,S/D,S/D,S/D,S/D,S/D,Diurna,S/D,S/D,S/D,Colisión,S/D,S/D,S/D,S/D,POINT (-60.676207399999996 -32.94426299999999),"['Aaron Castellanos', 'Marcos Paz']",2,Aaron Castellanos; Marcos Paz,-32.94426299999999,-60.6762074,55.0,538.0,Municipio Rosario,Municipio,Rosario,820210,Servicio de Catastro e Información Territorial,IGN
2015,9890,2015-12-15,Martes,0.0,21:10:00,,0.0,2,"Automóvil,Moto/Ciclomotor",Valparaiso Y Santa Fe,2,1,0,0,1,0,0,,Calle,,ROSARIO,Rosario,Asfalto,S/D,II,Dentro,Urbana,S/D,S/D,S/D,S/D,S/D,Nocturna,S/D,S/D,S/D,Colisión,S/D,S/D,S/D,S/D,POINT (-60.6814843 -32.937264799999994),"['Valparaíso', 'Santa Fe']",2,Valparaíso; Santa Fe,-32.937264799999994,-60.6814843,55.0,538.0,Municipio Rosario,Municipio,Rosario,820210,Servicio de Catastro e Información Territorial,IGN
2015,9891,2015-12-25,Viernes,0.0,16:45:00,,0.0,2,"Automóvil,Automóvil",Vera Mujica Y San Juan,4,1,0,0,3,0,0,,Calle,,ROSARIO,Rosario,Asfalto,S/D,II,Dentro,Urbana,S/D,S/D,S/D,S/D,S/D,Diurna,S/D,S/D,S/D,Colisión,S/D,S/D,S/D,S/D,POINT (-60.6678428 -32.94501609999999),"['Vera Mujíca', 'San Juan']",2,Vera Mujíca; San Juan,-32.94501609999999,-60.6678428,55.0,538.0,Municipio Rosario,Municipio,Rosario,820210,Servicio de Catastro e Información Territorial,IGN
2015,9892,2015-12-23,Miercoles,0.0,16:30:00,,0.0,2,"Automóvil,Moto/Ciclomotor",San Juan Y Vera Mujica,2,1,0,0,1,0,0,,Calle,,ROSARIO,Rosario,Asfalto,S/D,II,Dentro,Urbana,S/D,S/D,S/D,S/D,S/D,Diurna,S/D,S/D,S/D,Colisión,S/D,S/D,S/D,S/D,POINT (-60.6678428 -32.94501609999999),"['San Juan', 'Vera Mujíca']",2,San Juan; Vera Mujíca,-32.94501609999999,-60.6678428,55.0,538.0,Municipio Rosario,Municipio,Rosario,820210,Servicio de Catastro e Información Territorial,IGN
2015,9893,2015-12-24,Jueves,0.0,19:40:00,,0.0,2,"Moto/Ciclomotor,Taxi/Remis",Carriego Y Montevideo,2,1,0,0,1,0,0,,Calle,,ROSARIO,Rosario,Asfalto,S/D,II,Dentro,Urbana,S/D,S/D,S/D,S/D,S/D,Atardecer,S/D,S/D,S/D,Colisión,S/D,S/D,S/D,S/D,POINT (-60.6911076 -32.94711439999999),"['Carriego', 'Montevideo']",2,Carriego; Montevideo,-32.94711439999999,-60.6911076,55.0,538.0,Municipio Rosario,Municipio,Rosario,820210,Servicio de Catastro e Información Territorial,IGN
2015,9985,2015-12-22,Martes,0.0,18:00:00,,0.0,2,"Automóvil,Pickup/Utilitario",Av. Ovidio Lagos Y Av. Arijon,3,2,0,0,1,0,0,,Avenida,,ROSARIO,Rosario,Asfalto,Pavimento,II,Dentro,Urbana,Semáforo,Funciona,Intersección,Bueno,Buena,Diurna,Buen Tiempo,De alcance,S/D,Colisión,S/D,Vertical,Cordón divisorio,Sin restricción,POINT (-60.6761369 -33.0038701),"['Avenida Ovidio Lagos', 'Avenida Manuel Arijón']",2,Avenida Ovidio Lagos; Avenida Manuel Arijón,-33.0038701,-60.6761369,55.0,538.0,Municipio Rosario,Municipio,Rosario,820210,Servicio de Catastro e Información Territorial,IGN
2015,9987,2015-12-17,Jueves,0.0,20:30:00,,0.0,2,"Pickup/Utilitario,Moto/Ciclomotor",Av. Ovidio Lagos 6300,3,2,0,0,1,0,0,,Avenida,,ROSARIO,Rosario,Asfalto,Pavimento,II,Dentro,Urbana,Ninguna,No existe,Recta,Bueno,Buena,Nocturna,Buen Tiempo,Lateral,S/D,Colisión,S/D,Horizontal,Ninguna,Sin restricción,"-32.9553365, -60.6647194",['Ovidio Lagos 6300'],1,Ovidio Lagos 6300,-32.9553365,-60.6647194,55.0,538.0,Municipio Rosario,Municipio,Rosario,820210,Servicio de Catastro e Información Territorial,IGN
2015,9988,2015-12-08,Martes,0.0,23:30:00,,0.0,1,Pickup/Utilitario,Sanchez de Bustamante Y Crespo,1,1,0,0,0,0,0,,Calle,,ROSARIO,Rosario,Asfalto,Pavimento,II,Dentro,S/D,Ninguna,No existe,Intersección,Bueno,Buena,Nocturna,Buen Tiempo,Contra objeto fijo,S/D,Atropello,S/D,Faltante,Ninguna,Sin restricción,POINT (-60.68053739999999 -33.002910699999994),"['Sánchez de Bustamante', 'Crespo']",2,Sánchez de Bustamante; Crespo,-33.002910699999994,-60.68053739999999,55.0,538.0,Municipio Rosario,Municipio,Rosario,820210,Servicio de Catastro e Información Territorial,IGN
2015,9989,2015-12-09,Miercoles,0.0,05:50:00,,0.0,2,"Taxi/Remis,Otros",Bv. Avellaneda Y Av. Circunvalacion,3,1,0,0,2,0,0,,S/D,,ROSARIO,Rosario,Asfalto,Pavimento,II,Dentro,Urbana,Semáforo,Funciona,Intersección,Bueno,Buena,Diurna,Buen Tiempo,De alcance,S/D,Colisión,S/D,Faltante,Ninguna,Sin restricción,POINT (-60.68941966610684 -33.00080705152485),"['Avellaneda', 'Circunvalacion']",2,Bulevar Nicolás Avellaneda; Avenida de Circunvalación 25 de Mayo,-33.00080705152485,-60.68941966610684,55.0,538.0,Municipio Rosario,Municipio,Rosario,820210,Servicio de Catastro e Información Territorial,IGN
2015,10040,2015-12-03,Jueves,0.0,18:00:00,,0.0,2,"Moto/Ciclomotor,Automóvil",Bv. Segui Y L.N.Alem,3,2,0,0,1,0,0,,Avenida,,ROSARIO,Rosario,Hormigón,No existe,II,Dentro,Urbana,Ninguna,No existe,Intersección,Bueno,Buena,Diurna,Otro,Lateral,S/D,Colisión,Ninguna,Faltante,Ninguna,Sin restricción,POINT (-60.63650380000001 -32.980857400000005),"['Bulevar Juan Francisco Seguí', 'Alem']",2,Bulevar Juan Francisco Seguí; Leandro N. Alem,-32.980857400000005,-60.63650380000001,55.0,538.0,Municipio Rosario,Municipio,Rosario,820210,Servicio de Catastro e Información Territorial,IGN
2015,10260,2015-12-12,Sabado,0.0,04:45:00,,0.0,2,"Moto/Ciclomotor,Automóvil",Zuviria 200,2,1,0,0,1,0,0,,Calle,,ROSARIO,Rosario,S/D,S/D,II,Dentro,Urbana,S/D,S/D,Intersección,S/D,S/D,Nocturna,S/D,S/D,S/D,Colisión,S/D,S/D,S/D,S/D,"-32.9309893, -60.72864",['Zuviria 200'],1,Zuviria 200,-32.9309893,-60.72864,55.0,538.0,Municipio Rosario,Municipio,Rosario,820210,Servicio de Catastro e Información Territorial,IGN
2015,10263,2015-12-19,Sabado,0.0,03:00:00,,0.0,2,"Moto/Ciclomotor,Tren",Cochabamba Y Mejico,2,1,0,0,1,0,0,,Calle,,ROSARIO,Rosario,S/D,S/D,II,Dentro,Urbana,S/D,S/D,Paso a Nivel FFCC,S/D,S/D,Nocturna,S/D,Lateral,S/D,Colisión,S/D,S/D,S/D,S/D,POINT (-60.7180265 -32.949964699999995),"['Cochabamba', 'Mejico']",2,Cochabamba; Méjico,-32.949964699999995,-60.7180265,55.0,538.0,Municipio Rosario,Municipio,Rosario,820210,Servicio de Catastro e Información Territorial,IGN
2015,10264,2015-12-19,Sabado,0.0,05:30:00,,0.0,2,"Moto/Ciclomotor,Automóvil",Av. Uriburu Y Grandoli,3,2,0,0,1,0,0,,Calle,,ROSARIO,Rosario,S/D,S/D,II,Dentro,Urbana,S/D,S/D,Intersección,S/D,S/D,Nocturna,S/D,S/D,S/D,Colisión,S/D,S/D,S/D,S/D,POINT (-60.62847275000001 -32.99009015),"['Uriburu', 'Avenida Abanderado Grandoli']",2,Avenida José Uriburu; Avenida Abanderado Grandoli,-32.99009015,-60.62847275000001,55.0,538.0,Municipio Rosario,Municipio,Rosario,820210,Servicio de Catastro e Información Territorial,IGN
2015,10267,2015-11-21,Sabado,0.0,,,0.0,2,"Moto/Ciclomotor,Moto/Ciclomotor",Furlong Y Santa Fe,4,1,0,0,3,0,0,,S/D,,ROSARIO,Rosario,S/D,S/D,II,S/D,S/D,S/D,S/D,S/D,S/D,S/D,S/D,S/D,S/D,S/D,Colisión,S/D,S/D,S/D,S/D,POINT (-60.7350846 -32.9363229),"['Furlong', 'Santa Fe']",2,Furlong; Santa Fe,-32.9363229,-60.7350846,55.0,538.0,Municipio Rosario,Municipio,Rosario,820210,Servicio de Catastro e Información Territorial,IGN
2015,10269,2015-12-19,Sabado,0.0,10:30:00,,0.0,2,"Automóvil,Automóvil",Tte.Agneta Y F.M.Esquiu,3,3,0,0,0,0,0,,Calle,,ROSARIO,Rosario,S/D,S/D,II,Dentro,Urbana,S/D,S/D,Intersección,S/D,S/D,Diurna,S/D,S/D,S/D,Colisión,S/D,S/D,S/D,S/D,POINT (-60.700506999999995 -32.922771399999995),"['Teniente Agneta', 'Esquiú']",2,Teniente Agneta; Esquiú,-32.922771399999995,-60.700507,55.0,538.0,Municipio Rosario,Municipio,Rosario,820210,Servicio de Catastro e Información Territorial,IGN
2016,53,2016-01-24,Domingo,0.0,4:20:00,,0.0,2,"Moto/Ciclomotor,Taxi/Remis",9 De Julio Y Pte.Roca,2,1,0,0,1,0,0,,Calle,,ROSARIO,Rosario,Asfalto,S/D,II,Dentro,Urbana,S/D,No existe,Intersección,Bueno,Buena,Nocturna,Buen Tiempo,Lateral,S/D,Colisión,S/D,Faltante,S/D,Sin restricción,POINT (-60.64696059999999 -32.9526213),"['9 de Julio', 'Roca']",2,9 de Julio; Presidente Roca,-32.9526213,-60.64696059999999,55.0,538.0,Municipio Rosario,Municipio,Rosario,820210,Servicio de Catastro e Información Territorial,IGN
2016,55,2016-01-15,Viernes,0.0,12:45:00,,0.0,2,"Peatón,Automóvil",Bv. Oroño Y 9 De Julio,2,1,0,0,1,0,0,,Avenida,,ROSARIO,Rosario,Asfalto,S/D,II,Dentro,Urbana,Semáforo,Funciona,Intersección,Bueno,Buena,Diurna,Buen Tiempo,S/D,S/D,Atropello,S/D,S/D,S/D,S/D,POINT (-60.65516625 -32.95114735),"['Bulevar Nicasio Oroño', '9 de Julio']",2,Bulevar Nicasio Oroño; 9 de Julio,-32.95114735,-60.65516625,55.0,538.0,Municipio Rosario,Municipio,Rosario,820210,Servicio de Catastro e Información Territorial,IGN
2016,56,2016-01-11,Lunes,0.0,9:25:00,,0.0,2,"Peatón,Bicicleta",Dorrego 700,2,1,0,0,1,0,0,,Calle,,ROSARIO,Rosario,Asfalto,S/D,II,Dentro,Urbana,S/D,Funciona,Intersección,Bueno,Buena,Diurna,Buen Tiempo,S/D,S/D,Atropello,S/D,S/D,S/D,S/D,"-32.9429959, -60.6488692",['Dorrego 700'],1,Dorrego 700,-32.9429959,-60.6488692,55.0,538.0,Municipio Rosario,Municipio,Rosario,820210,Servicio de Catastro e Información Territorial,IGN
2016,57,2016-01-16,Sabado,0.0,7:00:00,,0.0,2,"Automóvil,Taxi/Remis",San Juan Y Dorrego,4,2,0,0,2,0,0,,Calle,,ROSARIO,Rosario,Asfalto,S/D,II,Dentro,Urbana,Ninguna,No existe,Intersección,Bueno,Buena,Diurna,Buen Tiempo,Lateral,S/D,Colisión,S/D,Faltante,Cordón divisorio,Sin restricción,POINT (-60.650125 -32.948187199999985),"['San Juan', 'Dorrego']",2,"('San Juan', 'Manuel Dorrego')",-32.948187199999985,-60.650125,55.0,538.0,Municipio Rosario,Municipio,Rosario,820210,Servicio de Catastro e Información Territorial,IGN
2016,58,2016-01-16,Sabado,0.0,12:45:00,,0.0,2,"Peatón,Automóvil",Bv. Oroño Y 9 De Julio,2,1,0,0,1,0,0,,Avenida,,ROSARIO,Rosario,Asfalto,S/D,II,Dentro,Urbana,S/D,Funciona,Recta,Bueno,Buena,Diurna,Buen Tiempo,S/D,S/D,Atropello,S/D,S/D,S/D,S/D,POINT (-60.65516625 -32.95114735),"['Bulevar Nicasio Oroño', '9 de Julio']",2,Bulevar Nicasio Oroño; 9 de Julio,-32.95114735,-60.65516625,55.0,538.0,Municipio Rosario,Municipio,Rosario,820210,Servicio de Catastro e Información Territorial,IGN
2016,59,2016-01-10,Domingo,0.0,3:30:00,,0.0,1,Moto/Ciclomotor,Montevideo 1700,3,2,0,0,1,0,0,,Calle,,ROSARIO,Rosario,Asfalto,S/D,II,Dentro,Urbana,S/D,S/D,Recta,Bueno,Buena,Nocturna,Buen Tiempo,S/D,S/D,Caída ocupante,S/D,S/D,S/D,S/D,"-32.954614, -60.648806",['Montevideo 1700'],1,Montevideo 1700,-32.954614,-60.648806,55.0,538.0,Municipio Rosario,Municipio,Rosario,820210,Servicio de Catastro e Información Territorial,IGN
2016,60,2016-01-03,Domingo,0.0,7:00:00,,0.0,2,"Automóvil,Moto/Ciclomotor",Rioja Y Mitre,2,1,0,0,1,0,0,,Calle,,ROSARIO,Rosario,Asfalto,S/D,II,Dentro,Urbana,S/D,S/D,Intersección,Bueno,Buena,Diurna,Buen Tiempo,Lateral,S/D,Colisión,S/D,S/D,S/D,S/D,POINT (-60.63989050000001 -32.947396000000005),"['Rioja', 'Mitre']",2,Rioja; Bartolomé Mitre,-32.947396000000005,-60.63989050000001,55.0,538.0,Municipio Rosario,Municipio,Rosario,820210,Servicio de Catastro e Información Territorial,IGN
2016,61,2016-01-05,Martes,0.0,16:30:00,,0.0,2,"Automóvil,Moto/Ciclomotor",Mendoza Y Mariano Moreno,2,1,0,0,1,0,0,,Calle,,ROSARIO,Rosario,Asfalto,S/D,II,Dentro,Urbana,Ninguna,No existe,Intersección,S/D,Buena,Diurna,Buen Tiempo,Lateral,S/D,Colisión,S/D,S/D,S/D,S/D,POINT (-60.6519029 -32.949323199999995),"['Mendoza', 'Mariano Moreno']",2,Mendoza; Mariano Moreno,-32.949323199999995,-60.6519029,55.0,538.0,Municipio Rosario,Municipio,Rosario,820210,Servicio de Catastro e Información Territorial,IGN
2016,62,2016-01-03,Domingo,0.0,23:20:00,,0.0,2,"Taxi/Remis,Moto/Ciclomotor",San Luis Y Balcarce,2,1,0,0,1,0,0,,Calle,,ROSARIO,Rosario,Asfalto,No existe,II,Dentro,Urbana,S/D,No existe,Intersección,Bueno,Buena,"Nocturna,Con luz artificial",Buen Tiempo,Lateral,S/D,Colisión,S/D,S/D,S/D,S/D,POINT (-60.652571800000004 -32.9465716),"['San Luis', 'Balcarce']",2,San Luis; Balcarce,-32.9465716,-60.6525718,55.0,538.0,Municipio Rosario,Municipio,Rosario,820210,Servicio de Catastro e Información Territorial,IGN
2016,63,2016-01-13,Miercoles,0.0,21:15:00,,0.0,2,"Peatón,Moto/Ciclomotor",Pte.Roca Y Av. Pellegrini,2,1,0,0,1,0,0,,Avenida,,ROSARIO,Rosario,Asfalto,Pavimento,II,Dentro,Urbana,Semáforo,Funciona,Intersección,Bueno,Buena,"Nocturna,Con luz artificial",Buen Tiempo,S/D,S/D,Atropello,S/D,S/D,S/D,S/D,POINT (-60.6478283 -32.95605889999999),"['Roca', 'Pellegrini']",2,Presidente Roca; Avenida Carlos Pellegrini,-32.95605889999999,-60.6478283,55.0,538.0,Municipio Rosario,Municipio,Rosario,820210,Servicio de Catastro e Información Territorial,IGN
2016,65,2016-01-14,Jueves,0.0,22:20:00,,0.0,2,"Moto/Ciclomotor,Automóvil",Italia 1400,2,1,0,0,1,0,0,,Calle,,ROSARIO,Rosario,Asfalto,S/D,II,Dentro,Urbana,S/D,No existe,Recta,Bueno,Buena,Nocturna,Buen Tiempo,Lateral,S/D,Colisión,S/D,Faltante,S/D,S/D,"-32.95203, -60.6497695",['Italia 1400'],1,Italia 1400,-32.95203,-60.6497695,55.0,538.0,Municipio Rosario,Municipio,Rosario,820210,Servicio de Catastro e Información Territorial,IGN
2016,66,2016-01-07,Jueves,0.0,19:30:00,,0.0,2,"Automóvil,Moto/Ciclomotor",Av. Pellegrini 1000,3,2,0,0,1,0,0,,Avenida,,ROSARIO,Rosario,S/D,S/D,II,Dentro,Urbana,Semáforo,Funciona,Intersección,Bueno,Buena,Atardecer,Buen Tiempo,Lateral,S/D,Colisión,S/D,Vertical,Cordón divisorio,S/D,"-32.9574672, -60.6393083",['Pellegrini 1000'],1,Pellegrini 1000,-32.9574672,-60.6393083,55.0,538.0,Municipio Rosario,Municipio,Rosario,820210,Servicio de Catastro e Información Territorial,IGN
2016,67,2016-01-07,Jueves,0.0,17:37:00,,0.0,2,"Moto/Ciclomotor,Automóvil",Montevideo 2000,3,2,0,0,1,0,0,,Calle,,ROSARIO,Rosario,Asfalto,No existe,II,Dentro,Urbana,S/D,No existe,Intersección,Bueno,Buena,Diurna,Buen Tiempo,Lateral,S/D,Colisión,S/D,S/D,S/D,S/D,"-32.9556322, -60.6433635",['Montevideo 2000'],1,Montevideo 2000,-32.9556322,-60.6433635,55.0,538.0,Municipio Rosario,Municipio,Rosario,820210,Servicio de Catastro e Información Territorial,IGN
2016,68,2016-01-22,Viernes,0.0,11:00:00,,0.0,3,"Pickup/Utilitario,Automóvil,Automóvil",Av. Pellegrini Y Constitucion,3,2,0,0,1,0,0,,Avenida,,ROSARIO,Rosario,Asfalto,S/D,II,Dentro,Urbana,S/D,S/D,Intersección,Bueno,Buena,Diurna,Buen Tiempo,"Lateral,Múltiple",S/D,Colisión,S/D,S/D,S/D,S/D,POINT (-60.67641675 -32.950913),"['Pellegrini', 'Constitución']",2,Avenida Carlos Pellegrini; Constitución,-32.950913,-60.67641675,55.0,538.0,Municipio Rosario,Municipio,Rosario,820210,Servicio de Catastro e Información Territorial,IGN
2016,69,2016-01-17,Domingo,0.0,,,0.0,2,"Moto/Ciclomotor,Taxi/Remis",Montevideo Y Lavalle,2,1,0,0,1,0,0,,Calle,,ROSARIO,Rosario,Asfalto,S/D,II,Dentro,Urbana,S/D,S/D,Intersección,S/D,S/D,S/D,Buen Tiempo,Lateral,S/D,Colisión,S/D,S/D,S/D,S/D,POINT (-60.6802167 -32.949070299999995),"['Montevideo', 'Lavalle']",2,Montevideo; Lavalle,-32.949070299999995,-60.6802167,55.0,538.0,Municipio Rosario,Municipio,Rosario,820210,Servicio de Catastro e Información Territorial,IGN
2016,70,2016-01-12,Martes,0.0,,,0.0,2,"Peatón,Automóvil",Valparaiso Y San Juan,2,1,0,0,1,0,0,,Calle,,ROSARIO,Rosario,Asfalto,S/D,II,Dentro,Urbana,S/D,S/D,Intersección,Bueno,Buena,S/D,Buen Tiempo,S/D,S/D,Atropello,S/D,S/D,S/D,S/D,POINT (-60.68277400000001 -32.9423643),"['Valparaíso', 'San Juan']",2,Valparaíso; San Juan,-32.9423643,-60.68277400000001,55.0,538.0,Municipio Rosario,Municipio,Rosario,820210,Servicio de Catastro e Información Territorial,IGN