anio_acci,nro_acci,fecha,desc_dia,fecha_aprox,hora_aprox,desc_ruta,km,cant_participantes,desc_participante,calle_avenida_km,total,heridos_leves,heridos_graves,heridos_gravisimos,ilesos,fallecidos,sin_datos,posicion_XY,desc_tipo_via,desc_ruta_ori,desc_loc,desc_dpto,desc_tipo_calzada,desc_tipo_banquina,desc_unidad_regional,desc_lugar_calzada,desc_zona,desc_prioridad,desc_estado_semaforo,desc_lugar_via,desc_estado_via,desc_estado_visibilidad,desc_luminosidad,desc_estado_clima,desc_tipo_colision,desc_tipo_atropello,desc_tipo_hecho,desc_pres_calzada,desc_senializacion,desc_separacion_via,desc_restriccion,forma_geocod,calle_lista,numero_calles,calles_osm,lat,lon,index_right,gid,fna,gna,nam,in1,fdc,sag
2016,139,2016-01-20,Miercoles,0.0,2:10:00,,0.0,1,Automóvil,Av. Arijon Y Arengreen,1,1,0,0,0,0,0,,Calle,,ROSARIO,Rosario,Asfalto,Pavimento,II,Dentro,Urbana,Ninguna,S/D,Recta,Bueno,Buena,Nocturna,Buen Tiempo,Contra objeto fijo,S/D,Colisión,S/D,S/D,Ninguna,Sin restricción,POINT (-60.6748263 -33.003826),"['Avenida Manuel Arijón', 'Arengreen']",2,Avenida Manuel Arijón; Arengreen,-33.003826,-60.6748263,55.0,538.0,Municipio Rosario,Municipio,Rosario,820210,Servicio de Catastro e Información Territorial,IGN
2016,140,2016-01-01,Viernes,0.0,17:30:00,,0.0,1,Moto/Ciclomotor,Pje. 525 Y Buenos Aires,2,2,0,0,0,0,0,,Calle,,ROSARIO,Rosario,Asfalto,No existe,II,Dentro,Urbana,S/D,No existe,Recta,Deteriorada,Buena,Atardecer,Buen Tiempo,Atropello animal,S/D,Colisión,Ninguna,Horizontal,S/D,Sin restricción,POINT (-60.6444313 -33.0153267),"['Pasaje 525', 'Buenos Aires']",2,Pasaje 525; Buenos Aires,-33.0153267,-60.6444313,55.0,538.0,Municipio Rosario,Municipio,Rosario,820210,Servicio de Catastro e Información Territorial,IGN
2016,146,2016-01-21,Jueves,0.0,12:50:00,,0.0,2,"Moto/Ciclomotor,Automóvil",Santiago Y Catamarca,3,2,0,0,1,0,0,,Calle,,ROSARIO,Rosario,Asfalto,Pavimento,II,Dentro,Urbana,Ninguna,No existe,Intersección,Bueno,Buena,Diurna,Buen Tiempo,Lateral,S/D,Colisión,S/D,S/D,Ninguna,Sin restricción,POINT (-60.6545083 -32.9374004),"['Santiago', 'Catamarca']",2,Santiago; Catamarca,-32.9374004,-60.6545083,55.0,538.0,Municipio Rosario,Municipio,Rosario,820210,Servicio de Catastro e Información Territorial,IGN
2016,147,2016-01-25,Lunes,0.0,10:15:00,,0.0,2,"Camión,Camión",Av. Uriburu Y Av. Circunvalacion,2,1,0,0,1,0,0,,Avenida,,ROSARIO,Rosario,Asfalto,Pavimento,II,Dentro,Urbana,Ninguna,No existe,Recta,Bueno,Buena,Diurna,Buen Tiempo,Otro,S/D,Colisión,Otro,S/D,Vegetación,Sin restricción,POINT (-60.661478219834294 -32.991061565588964),"['Uriburu', 'Circunvalacion']",2,Avenida José Uriburu; Avenida de Circunvalación 25 de Mayo,-32.991061565588964,-60.66147821983429,55.0,538.0,Municipio Rosario,Municipio,Rosario,820210,Servicio de Catastro e Información Territorial,IGN
2016,148,2016-01-30,Sabado,0.0,10:00:00,,0.0,2,"Automóvil,Moto/Ciclomotor",San Martin Y Esteban de Luca,2,1,0,0,1,0,0,,Calle,,ROSARIO,Rosario,Asfalto,No existe,II,Dentro,Urbana,Ninguna,No existe,Intersección,Bueno,Buena,Diurna,Buen Tiempo,De alcance,S/D,Colisión,Ninguna,Faltante,Ninguna,Sin restricción,POINT (-60.69698706666666 -32.97095953333332),"['San Martin', 'Esteban de Luca']",2,José de San Martín; Esteban de Luca,-32.97095953333332,-60.69698706666666,55.0,538.0,Municipio Rosario,Municipio,Rosario,820210,Servicio de Catastro e Información Territorial,IGN
2016,150,2016-01-20,Miercoles,0.0,15:25:00,,0.0,2,"Moto/Ciclomotor,Automóvil",Bv. Segui Y Bv. Oroño,2,1,0,0,1,0,0,,Calle,,ROSARIO,Rosario,Asfalto,No existe,II,Dentro,Urbana,S/D,Funciona,Intersección,Bueno,Buena,Diurna,Buen Tiempo,Lateral,S/D,Colisión,Ninguna,Horizontal,S/D,Sin restricción,POINT (-60.661523700000004 -32.976367025),"['Bulevar Juan Francisco Seguí', 'Bulevar Nicasio Oroño']",2,Bulevar Juan Francisco Seguí; Bulevar Nicasio Oroño,-32.976367025,-60.6615237,55.0,538.0,Municipio Rosario,Municipio,Rosario,820210,Servicio de Catastro e Información Territorial,IGN
2016,151,2016-01-19,Martes,0.0,13:50:00,,0.0,2,"Automóvil,Automóvil",Biedma Y Pueyrredon,2,1,0,0,1,0,0,,Calle,,ROSARIO,Rosario,Asfalto,No existe,II,Dentro,Urbana,S/D,No existe,Intersección,Bueno,Buena,Diurna,Buen Tiempo,Lateral,S/D,Colisión,Ninguna,Faltante,S/D,Sin restricción,POINT (-60.66617329999999 -32.977945899999995),"['Coronel Biedma', 'Pueyrredón']",2,Coronel Biedma; Pueyrredón,-32.977945899999995,-60.66617329999999,55.0,538.0,Municipio Rosario,Municipio,Rosario,820210,Servicio de Catastro e Información Territorial,IGN
2016,152,2016-01-17,Domingo,0.0,9:50:00,,0.0,2,"Moto/Ciclomotor,Automóvil",Dorrego Y Bv. Segui,2,0,1,0,1,0,0,,Avenida,,ROSARIO,Rosario,Asfalto,S/D,II,Dentro,Urbana,S/D,No existe,Intersección,Bueno,Buena,Diurna,Buen Tiempo,Lateral,S/D,Colisión,Ninguna,Faltante,"Cordón divisorio,Vegetación",S/D,POINT (-60.657444850000005 -32.97709334999999),"['Dorrego', 'Bulevar Juan Francisco Seguí']",2,Manuel Dorrego; Bulevar Juan Francisco Seguí,-32.97709334999999,-60.657444850000005,55.0,538.0,Municipio Rosario,Municipio,Rosario,820210,Servicio de Catastro e Información Territorial,IGN
2016,153,2016-01-15,Viernes,0.0,20:30:00,,0.0,2,"Moto/Ciclomotor,Taxi/Remis",Av. Corrientes Y Av. Uriburu,2,1,0,0,1,0,0,,Avenida,,ROSARIO,Rosario,Asfalto,No existe,II,Dentro,Urbana,Ninguna,No existe,Intersección,Bueno,Buena,Nocturna,Buen Tiempo,Lateral,S/D,Colisión,Ninguna,Faltante,Ninguna,Sin restricción,POINT (-60.653706549999995 -32.99091685),"['Corrientes', 'Uriburu']",2,Corrientes; Avenida José Uriburu,-32.99091685,-60.65370655,55.0,538.0,Municipio Rosario,Municipio,Rosario,820210,Servicio de Catastro e Información Territorial,IGN
2016,154,2016-01-14,Jueves,0.0,3:50:00,,0.0,2,"Moto/Ciclomotor,Automóvil",San Martin Y Bv. Segui,2,1,0,0,1,0,0,,Avenida,,ROSARIO,Rosario,Asfalto,No existe,II,Dentro,Urbana,Ninguna,Intermitente,Intersección,Bueno,Buena,Nocturna,Buen Tiempo,Lateral,S/D,Colisión,Ninguna,Horizontal,S/D,S/D,POINT (-60.644363766666665 -32.97948086666666),"['San Martin', 'Bulevar Juan Francisco Seguí']",2,José de San Martín; Bulevar Juan Francisco Seguí,-32.97948086666666,-60.644363766666665,55.0,538.0,Municipio Rosario,Municipio,Rosario,820210,Servicio de Catastro e Información Territorial,IGN
2016,155,2016-01-13,Miercoles,0.0,20:15:00,,0.0,2,"Automóvil,Moto/Ciclomotor",Mariano Moreno Y Garibaldi,4,2,0,0,2,0,0,,Calle,,ROSARIO,Rosario,Asfalto,No existe,II,Dentro,Urbana,Ninguna,No existe,Intersección,Bueno,Buena,Nocturna,Buen Tiempo,Lateral,S/D,Colisión,Ninguna,Faltante,Ninguna,Sin restricción,POINT (-60.6604904 -32.9837713),"['Mariano Moreno', 'José Garibaldi']",2,Mariano Moreno; José Garibaldi,-32.9837713,-60.6604904,55.0,538.0,Municipio Rosario,Municipio,Rosario,820210,Servicio de Catastro e Información Territorial,IGN
2016,156,2016-01-13,Miercoles,0.0,17:40:00,,0.0,2,"Automóvil,Moto/Ciclomotor",Bv. Segui Y Santiago,2,1,0,0,1,0,0,,Avenida,,ROSARIO,Rosario,Asfalto,No existe,II,Dentro,Urbana,Ninguna,No existe,Intersección,Bueno,Buena,Diurna,Buen Tiempo,Lateral,S/D,Colisión,Ninguna,S/D,Ninguna,Sin restricción,POINT (-60.66421355000001 -32.97588705),"['Bulevar Juan Francisco Seguí', 'Santiago']",2,Bulevar Juan Francisco Seguí; Santiago,-32.97588705,-60.66421355000001,55.0,538.0,Municipio Rosario,Municipio,Rosario,820210,Servicio de Catastro e Información Territorial,IGN
2016,157,2016-01-11,Lunes,0.0,18:00:00,,0.0,2,"Moto/Ciclomotor,Automóvil",España Y Amenabar,3,2,0,0,1,0,0,,Calle,,ROSARIO,Rosario,Asfalto,No existe,II,Dentro,Urbana,S/D,No existe,Intersección,Bueno,Buena,Diurna,Buen Tiempo,Lateral,S/D,Colisión,Ninguna,Faltante,S/D,Sin restricción,POINT (-60.6529679 -32.9707249),"['España', 'Amenabar']",2,España; José de Amenábar,-32.9707249,-60.6529679,55.0,538.0,Municipio Rosario,Municipio,Rosario,820210,Servicio de Catastro e Información Territorial,IGN
2016,158,2016-01-29,Viernes,0.0,11:15:00,,0.0,2,"Pickup/Utilitario,Moto/Ciclomotor",San Martin Y Garay,2,1,0,0,1,0,0,,Calle,,ROSARIO,Rosario,Asfalto,No existe,II,Dentro,Urbana,Semáforo,Funciona,Intersección,Bueno,Buena,Diurna,Buen Tiempo,De alcance,S/D,Colisión,S/D,Horizontal,Ninguna,Sin restricción,POINT (-60.6437417 -32.97477079999999),"['San Martin', 'Garay']",2,"('José de San Martín', 'Juan de Garay')",-32.97477079999999,-60.6437417,55.0,538.0,Municipio Rosario,Municipio,Rosario,820210,Servicio de Catastro e Información Territorial,IGN
2016,159,2016-01-27,Miercoles,0.0,9:50:00,,0.0,2,"Automóvil,Bicicleta",Pte.Quintana Y Mitre,2,1,0,0,1,0,0,,Calle,,ROSARIO,Rosario,Asfalto,No existe,II,Dentro,Urbana,Ninguna,No existe,Intersección,Bueno,Buena,Diurna,Buen Tiempo,De alcance,S/D,Atropello,S/D,Faltante,Ninguna,Sin restricción,POINT (-60.648628699999996 -32.9822769),"['Quintana', 'Mitre']",2,"('Presidente Quintana', 'Bartolomé Mitre')",-32.9822769,-60.6486287,55.0,538.0,Municipio Rosario,Municipio,Rosario,820210,Servicio de Catastro e Información Territorial,IGN
2016,161,2016-01-26,Martes,0.0,16:00:00,,0.0,2,"Pickup/Utilitario,Moto/Ciclomotor",Centeno Y Italia,3,2,0,0,1,0,0,,Calle,,ROSARIO,Rosario,Asfalto,No existe,II,Dentro,Urbana,Ninguna,No existe,Intersección,Bueno,Buena,Diurna,Buen Tiempo,De alcance,S/D,Colisión,S/D,Faltante,Ninguna,Sin restricción,POINT (-60.6575463 -32.983089099999994),"['Centeno', 'Italia']",2,Coronel Centeno; Italia,-32.983089099999994,-60.6575463,55.0,538.0,Municipio Rosario,Municipio,Rosario,820210,Servicio de Catastro e Información Territorial,IGN
2016,162,2016-01-01,Viernes,1.0,22:30:00,,0.0,2,"Moto/Ciclomotor,Moto/Ciclomotor",Bv. Segui Y Laprida,4,4,0,0,0,0,0,,Calle,,ROSARIO,Rosario,Asfalto,No existe,II,Dentro,Urbana,Ninguna,No existe,Recta,Bueno,Buena,"Nocturna,Con luz artificial",Buen Tiempo,De alcance,S/D,Colisión,Ninguna,S/D,S/D,Sin restricción,POINT (-60.64243230000001 -32.97979135),"['Bulevar Juan Francisco Seguí', 'Laprida']",2,Bulevar Juan Francisco Seguí; Francisco Narciso Laprida,-32.97979135,-60.64243230000001,55.0,538.0,Municipio Rosario,Municipio,Rosario,820210,Servicio de Catastro e Información Territorial,IGN
2016,163,2016-01-26,Martes,0.0,16:30:00,,0.0,2,"Automóvil,Moto/Ciclomotor",Mitre Y Av. Uriburu,2,1,0,0,1,0,0,,Calle,,ROSARIO,Rosario,Asfalto,No existe,II,Dentro,Urbana,Ninguna,No existe,Intersección,Bueno,Buena,Diurna,Buen Tiempo,De alcance,S/D,Colisión,S/D,Faltante,Ninguna,Sin restricción,POINT (-60.65080725 -32.9908231),"['Mitre', 'Uriburu']",2,Bartolomé Mitre; Avenida José Uriburu,-32.9908231,-60.65080725,55.0,538.0,Municipio Rosario,Municipio,Rosario,820210,Servicio de Catastro e Información Territorial,IGN
2016,167,2016-01-24,Domingo,0.0,7:30:00,,0.0,2,"Automóvil,Moto/Ciclomotor",Italia Y Amenabar,4,1,0,0,3,0,0,,Calle,,ROSARIO,Rosario,Asfalto,No existe,II,Dentro,Urbana,Ninguna,No existe,Intersección,Bueno,Buena,Diurna,Buen Tiempo,De alcance,S/D,Colisión,S/D,Faltante,Ninguna,Sin restricción,POINT (-60.65435750000001 -32.9704785),"['Italia', 'Amenabar']",2,Italia; José de Amenábar,-32.9704785,-60.65435750000001,55.0,538.0,Municipio Rosario,Municipio,Rosario,820210,Servicio de Catastro e Información Territorial,IGN
2016,169,2016-01-23,Sabado,0.0,1:40:00,,0.0,2,"Taxi/Remis,Taxi/Remis",San Martin Y Bv. Segui,2,1,0,0,1,0,0,,Calle,,ROSARIO,Rosario,Asfalto,No existe,II,Dentro,Urbana,Semáforo,Funciona,Recta,Bueno,Buena,Nocturna,Buen Tiempo,De alcance,S/D,Colisión,S/D,Horizontal,Ninguna,Sin restricción,POINT (-60.644363766666665 -32.97948086666666),"['San Martin', 'Bulevar Juan Francisco Seguí']",2,José de San Martín; Bulevar Juan Francisco Seguí,-32.97948086666666,-60.644363766666665,55.0,538.0,Municipio Rosario,Municipio,Rosario,820210,Servicio de Catastro e Información Territorial,IGN
2016,172,2016-01-22,Viernes,0.0,11:45:00,,0.0,2,"Bicicleta,Automóvil",Av. Corrientes Y Biedma,2,1,0,0,1,0,0,,Calle,,ROSARIO,Rosario,Asfalto,No existe,II,Dentro,Urbana,Ninguna,No existe,Intersección,Bueno,Buena,Diurna,Buen Tiempo,Lateral,S/D,Atropello,S/D,Faltante,Ninguna,Sin restricción,POINT (-60.6511938 -32.9806414),"['Corrientes', 'Coronel Biedma']",2,Corrientes; Coronel Biedma,-32.9806414,-60.6511938,55.0,538.0,Municipio Rosario,Municipio,Rosario,820210,Servicio de Catastro e Información Territorial,IGN
2016,177,2016-01-11,Lunes,0.0,10:30:00,,0.0,2,"Moto/Ciclomotor,Automóvil",Av. Corrientes Y Galvez,3,2,0,0,1,0,0,,Calle,,ROSARIO,Rosario,Asfalto,S/D,II,Dentro,Urbana,S/D,No existe,Intersección,Bueno,Buena,Diurna,Buen Tiempo,Lateral,S/D,Colisión,Ninguna,S/D,Ninguna,S/D,POINT (-60.64797829999999 -32.968026599999995),"['Corrientes', 'Galvez']",2,Corrientes; José Gálvez,-32.968026599999995,-60.64797829999999,55.0,538.0,Municipio Rosario,Municipio,Rosario,820210,Servicio de Catastro e Información Territorial,IGN
2016,178,2016-01-08,Viernes,0.0,11:55:00,,0.0,2,"Automóvil,Moto/Ciclomotor",Bv. Segui Y Entre Rios,2,1,0,0,1,0,0,,Avenida,,ROSARIO,Rosario,Asfalto,No existe,II,Dentro,Urbana,Ninguna,No existe,Intersección,Bueno,Buena,Diurna,Buen Tiempo,Lateral,S/D,Colisión,Ninguna,Faltante,S/D,Sin restricción,POINT (-60.6491681 -32.97857979999999),"['Bulevar Juan Francisco Seguí', 'Entre Ríos']",2,Bulevar Juan Francisco Seguí; Entre Ríos,-32.97857979999999,-60.6491681,55.0,538.0,Municipio Rosario,Municipio,Rosario,820210,Servicio de Catastro e Información Territorial,IGN
2016,179,2016-01-08,Viernes,0.0,11:00:00,,101.0,2,"Automóvil,Moto/Ciclomotor",Dorrego Y Bv. Segui,3,2,0,0,1,0,0,,Avenida,,ROSARIO,Rosario,Asfalto,S/D,II,Dentro,Urbana,S/D,S/D,Intersección,Bueno,Buena,Diurna,Buen Tiempo,Lateral,S/D,Colisión,Ninguna,S/D,S/D,Sin restricción,POINT (-60.657444850000005 -32.97709334999999),"['Dorrego', 'Bulevar Juan Francisco Seguí']",2,Manuel Dorrego; Bulevar Juan Francisco Seguí,-32.97709334999999,-60.657444850000005,55.0,538.0,Municipio Rosario,Municipio,Rosario,820210,Servicio de Catastro e Información Territorial,IGN
2016,180,2016-01-07,Jueves,0.0,19:30:00,,0.0,2,"Bicicleta,Automóvil",Entre Rios Y Centeno,2,1,0,0,1,0,0,,Calle,,ROSARIO,Rosario,Asfalto,No existe,II,Dentro,Urbana,S/D,No existe,Intersección,Bueno,Buena,Atardecer,Buen Tiempo,S/D,S/D,Atropello,Ninguna,Faltante,S/D,S/D,POINT (-60.650610400000005 -32.9843397),"['Entre Ríos', 'Centeno']",2,Entre Ríos; Coronel Centeno,-32.9843397,-60.650610400000005,55.0,538.0,Municipio Rosario,Municipio,Rosario,820210,Servicio de Catastro e Información Territorial,IGN
2016,181,2016-01-04,Lunes,0.0,12:50:00,,0.0,2,"Moto/Ciclomotor,Taxi/Remis",Bv. Segui Y Dorrego,2,1,0,0,1,0,0,,Calle,,ROSARIO,Rosario,Asfalto,No existe,II,Dentro,Urbana,Ninguna,No existe,Intersección,Bueno,Buena,Diurna,Buen Tiempo,De alcance,S/D,Colisión,Ninguna,Faltante,Ninguna,Sin restricción,POINT (-60.657444850000005 -32.97709334999999),"['Bulevar Juan Francisco Seguí', 'Dorrego']",2,Bulevar Juan Francisco Seguí; Manuel Dorrego,-32.97709334999999,-60.657444850000005,55.0,538.0,Municipio Rosario,Municipio,Rosario,820210,Servicio de Catastro e Información Territorial,IGN
2016,182,2016-01-28,Jueves,0.0,,,0.0,2,"Pickup/Utilitario,Automóvil",Ayacucho Y Anchorena,2,1,0,0,1,0,0,,Calle,,ROSARIO,Rosario,Asfalto,S/D,II,Dentro,Urbana,S/D,S/D,Intersección,Bueno,S/D,S/D,Buen Tiempo,Lateral,S/D,Colisión,Ninguna,S/D,Ninguna,Sin restricción,POINT (-60.63653260000001 -32.9974085),"['Ayacucho', 'Anchorena']",2,Ayacucho; Tomás de Anchorena,-32.9974085,-60.63653260000001,55.0,538.0,Municipio Rosario,Municipio,Rosario,820210,Servicio de Catastro e Información Territorial,IGN
2016,184,2016-01-15,Viernes,0.0,18:00:00,,0.0,2,"Moto/Ciclomotor,Tracción animal / Carro",Av. Ntra.Sra.del Rosario 400,2,1,0,0,1,0,0,,Avenida,,ROSARIO,Rosario,Asfalto,Pavimento,II,S/D,Urbana,Ninguna,Funciona,Intersección,Bueno,Buena,Diurna,Buen Tiempo,Lateral,S/D,Colisión,Ninguna,Faltante,Ninguna,Sin restricción,"-32.9997432, -60.6154115",['Ntra Sra Del Rosario 400'],1,Ntra Sra Del Rosario 400,-32.9997432,-60.6154115,55.0,538.0,Municipio Rosario,Municipio,Rosario,820210,Servicio de Catastro e Información Territorial,IGN
2016,185,2016-01-13,Miercoles,0.0,0:00:00,,0.0,2,"Automóvil,Moto/Ciclomotor",Av. Arijon Y Av. Castro Barros,2,1,0,0,1,0,0,,Avenida,,ROSARIO,Rosario,Asfalto,Pavimento,II,S/D,Urbana,Señal Pare,No existe,Intersección,Bueno,Buena,"Nocturna,Con luz artificial",Buen Tiempo,S/D,S/D,Colisión,Ninguna,Faltante,Ninguna,S/D,POINT (-60.6294302 -33.00246689999999),"['Avenida Manuel Arijón', 'Castro Barros']",2,Avenida Manuel Arijón; Avenida Pedro de Castro Barros,-33.00246689999999,-60.6294302,55.0,538.0,Municipio Rosario,Municipio,Rosario,820210,Servicio de Catastro e Información Territorial,IGN
2016,186,2016-01-08,Viernes,0.0,7:20:00,,0.0,2,"Moto/Ciclomotor,Automóvil",Ayacucho Y Centenario,2,1,0,0,1,0,0,,Calle,,ROSARIO,Rosario,S/D,S/D,II,Dentro,Urbana,Ninguna,No existe,Intersección,S/D,S/D,Diurna,Lluvia,S/D,S/D,Colisión,S/D,S/D,Ninguna,Sin restricción,POINT (-60.6359918 -33.003850499999984),"['Ayacucho', 'Centenario']",2,Ayacucho; Avenida Centenario Rosario Central,-33.003850499999984,-60.6359918,55.0,538.0,Municipio Rosario,Municipio,Rosario,820210,Servicio de Catastro e Información Territorial,IGN
2016,187,2016-01-08,Viernes,0.0,1:30:00,,0.0,2,"Moto/Ciclomotor,Automóvil",Av. Bermudez 529,2,1,0,0,1,0,0,,Avenida,,ROSARIO,Rosario,Asfalto,Pavimento,II,S/D,Urbana,Ninguna,No funciona,Intersección,Bueno,Reducida,Nocturna,Buen Tiempo,Lateral,S/D,Colisión,Ninguna,Faltante,Ninguna,Sin restricción,"-33.0018078, -60.6425816",['Bermudez 529'],1,Bermudez 529,-33.0018078,-60.6425816,55.0,538.0,Municipio Rosario,Municipio,Rosario,820210,Servicio de Catastro e Información Territorial,IGN
2016,188,2016-01-07,Jueves,0.0,7:25:00,,0.0,2,"Bicicleta,Automóvil",Reg.11 de Infanteria Y Gral. J.M.Paz,2,1,0,0,1,0,0,,Calle,,ROSARIO,Rosario,Asfalto,Pavimento,II,S/D,Urbana,Ninguna,S/D,Intersección,Bueno,Buena,Diurna,Buen Tiempo,S/D,S/D,Atropello,Ninguna,Faltante,Ninguna,Sin restricción,POINT (-60.62728090000001 -32.9981525),"['Regimiento 11', 'Paz']",2,Regimiento 11; Marcos Paz,-32.9981525,-60.62728090000001,55.0,538.0,Municipio Rosario,Municipio,Rosario,820210,Servicio de Catastro e Información Territorial,IGN
2016,190,2016-01-11,Lunes,0.0,16:35:00,,0.0,2,"Moto/Ciclomotor,Automóvil",J.M.de Rosas Y Ocampo,4,1,0,0,3,0,0,,Calle,,ROSARIO,Rosario,Asfalto,No existe,II,Dentro,Urbana,Ninguna,No existe,Intersección,Bueno,Buena,Diurna,Buen Tiempo,Lateral,S/D,Colisión,Ninguna,Faltante,Ninguna,Sin restricción,POINT (-60.6363023 -32.9676855),"['De Rosas', 'Ocampo']",2,Juan Manuel de Rosas; Ocampo,-32.9676855,-60.6363023,55.0,538.0,Municipio Rosario,Municipio,Rosario,820210,Servicio de Catastro e Información Territorial,IGN
2016,192,2016-01-15,Viernes,0.0,14:50:00,,0.0,2,"Automóvil,Moto/Ciclomotor",Riobamba Y Beruti,2,1,0,0,1,0,0,,Calle,,ROSARIO,Rosario,Asfalto,No existe,II,Dentro,Urbana,Ninguna,No existe,Intersección,Bueno,Buena,Diurna,Buen Tiempo,Lateral,S/D,Colisión,Ninguna,Faltante,Ninguna,Sin restricción,POINT (-60.6242634 -32.966244800000005),"['Riobamba', 'Luis Beruti']",2,Riobamba; Luis Beruti,-32.966244800000005,-60.6242634,55.0,538.0,Municipio Rosario,Municipio,Rosario,820210,Servicio de Catastro e Información Territorial,IGN
2016,194,2016-01-25,Lunes,0.0,16:25:00,,0.0,2,"Moto/Ciclomotor,Automóvil",La Paz Y Chacabuco,2,1,0,0,1,0,0,,Calle,,ROSARIO,Rosario,Asfalto,No existe,II,Dentro,Urbana,Ninguna,No existe,Intersección,Bueno,Buena,Atardecer,Buen Tiempo,De alcance,S/D,Colisión,Ninguna,Faltante,Ninguna,Sin restricción,POINT (-60.62723890000001 -32.96690489999999),"['La Paz', 'Chacabuco']",2,La Paz; Chacabuco,-32.96690489999999,-60.62723890000001,55.0,538.0,Municipio Rosario,Municipio,Rosario,820210,Servicio de Catastro e Información Territorial,IGN
2016,208,2016-01-28,Jueves,0.0,19:30:00,,0.0,2,"Bicicleta,Automóvil",L.N.Alem Y Riobamba,2,1,0,0,1,0,0,,Calle,,ROSARIO,Rosario,Asfalto,No existe,II,Dentro,Urbana,Señal Pare,No existe,Intersección,Bueno,Buena,Diurna,Buen Tiempo,Lateral,S/D,Atropello,S/D,Vertical,Ninguna,Sin restricción,POINT (-60.6324245 -32.9647893),"['Alem', 'Riobamba']",2,Leandro N. Alem; Riobamba,-32.9647893,-60.6324245,55.0,538.0,Municipio Rosario,Municipio,Rosario,820210,Servicio de Catastro e Información Territorial,IGN
2016,209,2016-01-28,Jueves,0.0,12:30:00,,0.0,2,"Moto/Ciclomotor,Automóvil",Viamonte Y Laprida,2,1,0,0,1,0,0,,Calle,,ROSARIO,Rosario,Asfalto,No existe,II,Dentro,Urbana,Ninguna,No existe,Intersección,Bueno,Buena,Diurna,Buen Tiempo,De alcance,S/D,Colisión,Ninguna,Faltante,Ninguna,Sin restricción,POINT (-60.6390034 -32.96604490000001),"['Viamonte', 'Laprida']",2,Viamonte; Francisco Narciso Laprida,-32.96604490000001,-60.6390034,55.0,538.0,Municipio Rosario,Municipio,Rosario,820210,Servicio de Catastro e Información Territorial,IGN
2016,210,2016-01-01,Viernes,0.0,16:00:00,,0.0,2,"Moto/Ciclomotor,Otros",Bv. 27 De Febrero 880,2,1,0,0,1,0,0,,Calle,,ROSARIO,Rosario,Asfalto,No existe,II,Dentro,Urbana,Ninguna,No existe,Intersección,Bueno,Buena,Diurna,Buen Tiempo,Lateral,S/D,Colisión,S/D,Vertical,Ninguna,Sin restricción,"-32.96799088979592, -60.640391381632654",['27 De Febrero 880'],1,27 De Febrero 880,-32.96799088979592,-60.640391381632654,55.0,538.0,Municipio Rosario,Municipio,Rosario,820210,Servicio de Catastro e Información Territorial,IGN
2016,211,2016-01-02,Sabado,0.0,2:30:00,,0.0,2,"Automóvil,Moto/Ciclomotor",Bv. 27 De Febrero Y Buenos Aires,3,2,0,0,1,0,0,,Calle,,ROSARIO,Rosario,Asfalto,No existe,II,Dentro,Urbana,Ninguna,Funciona,Intersección,Bueno,Buena,Diurna,Buen Tiempo,Lateral,S/D,Colisión,S/D,S/D,Ninguna,Sin restricción,POINT (-60.638013349999994 -32.9685675),"['27 de Febrero', 'Buenos Aires']",2,Bulevar 27 de Febrero; Buenos Aires,-32.9685675,-60.63801335,55.0,538.0,Municipio Rosario,Municipio,Rosario,820210,Servicio de Catastro e Información Territorial,IGN
2016,212,2016-01-03,Domingo,0.0,6:30:00,,0.0,2,"Moto/Ciclomotor,Otros",L.N.Alem Y Pasco,2,0,1,0,1,0,0,,Calle,,ROSARIO,Rosario,Asfalto,No existe,II,Dentro,Urbana,Señal Pare,No existe,Intersección,Bueno,Buena,Amanecer,Buen Tiempo,Lateral,S/D,Colisión,S/D,Vertical,Cordón divisorio,Sin restricción,POINT (-60.6315826 -32.9613524),"['Alem', 'Pasco']",2,Leandro N. Alem; Pasco,-32.9613524,-60.6315826,55.0,538.0,Municipio Rosario,Municipio,Rosario,820210,Servicio de Catastro e Información Territorial,IGN
2016,213,2016-01-04,Lunes,0.0,15:35:00,,0.0,2,"Automóvil,Automóvil",Chacabuco Y Riobamba,2,1,0,0,1,0,0,,Calle,,ROSARIO,Rosario,Asfalto,No existe,II,Dentro,Urbana,Ninguna,No existe,Intersección,Bueno,Buena,Diurna,Buen Tiempo,Lateral,S/D,Colisión,S/D,Faltante,Ninguna,Sin restricción,POINT (-60.626951500000004 -32.96576069999999),"['Chacabuco', 'Riobamba']",2,Chacabuco; Riobamba,-32.96576069999999,-60.6269515,55.0,538.0,Municipio Rosario,Municipio,Rosario,820210,Servicio de Catastro e Información Territorial,IGN