anio_acci,nro_acci,fecha,desc_dia,fecha_aprox,hora_aprox,desc_ruta,km,cant_participantes,desc_participante,calle_avenida_km,total,heridos_leves,heridos_graves,heridos_gravisimos,ilesos,fallecidos,sin_datos,posicion_XY,desc_tipo_via,desc_ruta_ori,desc_loc,desc_dpto,desc_tipo_calzada,desc_tipo_banquina,desc_unidad_regional,desc_lugar_calzada,desc_zona,desc_prioridad,desc_estado_semaforo,desc_lugar_via,desc_estado_via,desc_estado_visibilidad,desc_luminosidad,desc_estado_clima,desc_tipo_colision,desc_tipo_atropello,desc_tipo_hecho,desc_pres_calzada,desc_senializacion,desc_separacion_via,desc_restriccion,forma_geocod,calle_lista,numero_calles,calles_osm,lat,lon,index_right,gid,fna,gna,nam,in1,fdc,sag
2016,214,2016-01-05,Martes,0.0,16:35:00,,0.0,2,"Moto/Ciclomotor,Taxi/Remis",L.N.Alem Y Riobamba,3,2,0,0,1,0,0,,Calle,,ROSARIO,Rosario,Hormigón,No existe,II,Dentro,Urbana,Señal Pare,No existe,Intersección,Bueno,Buena,Diurna,Buen Tiempo,Lateral,S/D,Colisión,S/D,Vertical,Ninguna,Sin restricción,POINT (-60.6324245 -32.9647893),"['Alem', 'Riobamba']",2,Leandro N. Alem; Riobamba,-32.9647893,-60.6324245,55.0,538.0,Municipio Rosario,Municipio,Rosario,820210,Servicio de Catastro e Información Territorial,IGN
2016,216,2016-01-06,Miercoles,0.0,20:15:00,,0.0,2,"Automóvil,Automóvil",Av. Francia Y Sanchez de Bustamante,2,1,0,0,1,0,0,,Avenida,,ROSARIO,Rosario,Asfalto,Natural,II,Dentro,Urbana,Ninguna,No existe,Intersección,Bueno,Buena,Diurna,Buen Tiempo,Frontal,S/D,Colisión,S/D,Faltante,Ninguna,Sin restricción,POINT (-60.6776727 -33.0028301),"['Avenida Francia', 'Sánchez de Bustamante']",2,Avenida Francia; Sánchez de Bustamante,-33.0028301,-60.6776727,55.0,538.0,Municipio Rosario,Municipio,Rosario,820210,Servicio de Catastro e Información Territorial,IGN
2016,217,2016-01-13,Miercoles,0.0,16:30:00,,0.0,2,"Peatón,Automóvil",Av. Arijon Y Av. Ovidio Lagos,2,1,0,0,1,0,0,,S/D,,ROSARIO,Rosario,Asfalto,S/D,II,Dentro,Urbana,Semáforo,Funciona,Rotonda,Bueno,Buena,Diurna,Buen Tiempo,S/D,S/D,Atropello,S/D,Vertical,Ninguna,Sin restricción,POINT (-60.6761369 -33.0038701),"['Avenida Manuel Arijón', 'Avenida Ovidio Lagos']",2,Avenida Manuel Arijón; Avenida Ovidio Lagos,-33.0038701,-60.6761369,55.0,538.0,Municipio Rosario,Municipio,Rosario,820210,Servicio de Catastro e Información Territorial,IGN
2016,219,2016-01-14,Jueves,0.0,18:00:00,,0.0,2,"Automóvil,Automóvil",Av. Francia Y Av. Ntra.Sra.del Rosario,3,1,0,0,2,0,0,,Avenida,,ROSARIO,Rosario,Asfalto,Pavimento,II,Dentro,Urbana,Semáforo,Funciona,Intersección,Bueno,Buena,Diurna,Buen Tiempo,Frontal,S/D,Colisión,S/D,Vertical,Ninguna,Sin restricción,POINT (-60.677752850000005 -33.000956450000004),"['Avenida Francia', 'Nuestra Señora del Rosario']",2,Avenida Francia; Puente Nuestra Señora del Rosario,-33.000956450000004,-60.677752850000005,55.0,538.0,Municipio Rosario,Municipio,Rosario,820210,Servicio de Catastro e Información Territorial,IGN
2016,220,2016-01-19,Martes,0.0,22:15:00,,0.0,2,"Automóvil,Moto/Ciclomotor",Av. Ovidio Lagos Y Av. Circunvalacion,2,1,0,0,1,0,0,,Avenida,,ROSARIO,Rosario,Asfalto,Natural,II,Dentro,Urbana,Semáforo,No funciona,Intersección,Bueno,Buena,Nocturna,Buen Tiempo,Frontal,S/D,Colisión,S/D,Vertical,Ninguna,Sin restricción,POINT (-60.67699098957188 -33.00797177001669),"['Avenida Ovidio Lagos', 'Circunvalacion']",2,Avenida Ovidio Lagos; Avenida de Circunvalación 25 de Mayo,-33.00797177001669,-60.67699098957188,55.0,538.0,Municipio Rosario,Municipio,Rosario,820210,Servicio de Catastro e Información Territorial,IGN
2016,221,2016-01-18,Lunes,0.0,7:20:00,,0.0,1,Moto/Ciclomotor,J.M.de Rosas 7800,1,1,0,0,0,0,0,,Calle,,ROSARIO,Rosario,Asfalto,Natural,II,Dentro,Urbana,Ninguna,No existe,Recta,Bueno,Buena,Diurna,Buen Tiempo,S/D,S/D,Vuelco,S/D,Faltante,Ninguna,Sin restricción,"-32.9490771, -60.6315334",['J M De Rosas 7800'],1,J M De Rosas 7800,-32.9490771,-60.6315334,55.0,538.0,Municipio Rosario,Municipio,Rosario,820210,Servicio de Catastro e Información Territorial,IGN
2016,222,2016-01-26,Martes,0.0,5:50:00,,0.0,2,"Automóvil,Automóvil",Av. Circunvalacion Y Av. Ovidio Lagos,2,1,0,0,1,0,0,,Avenida,,ROSARIO,Rosario,Asfalto,S/D,II,Dentro,Urbana,Semáforo,Funciona,Intersección,Bueno,Buena,Diurna,Buen Tiempo,De alcance,S/D,Colisión,S/D,Vertical,Ninguna,Sin restricción,POINT (-60.67699098957188 -33.00797177001669),"['Circunvalacion', 'Avenida Ovidio Lagos']",2,Avenida de Circunvalación 25 de Mayo; Avenida Ovidio Lagos,-33.00797177001669,-60.67699098957188,55.0,538.0,Municipio Rosario,Municipio,Rosario,820210,Servicio de Catastro e Información Territorial,IGN
2016,223,2016-01-15,Viernes,0.0,23:00:00,,0.0,2,"Automóvil,Bicicleta",Bv. Rondeau Y Perez Galdos,2,1,0,0,1,0,0,,Avenida,,ROSARIO,Rosario,Asfalto,No existe,II,Dentro,Urbana,Semáforo,No existe,Recta,Bueno,Buena,Nocturna,Buen Tiempo,S/D,S/D,Atropello,Ninguna,Horizontal,Cordón divisorio,Sin restricción,POINT (-60.6874971 -32.91010999999999),"['Rondeau', 'Pérez Galdós']",2,Bulevar General José Rondeau; Pérez Galdós,-32.91010999999999,-60.6874971,55.0,538.0,Municipio Rosario,Municipio,Rosario,820210,Servicio de Catastro e Información Territorial,IGN
2016,224,2016-01-06,Miercoles,0.0,20:05:00,,0.0,2,"Automóvil,Automóvil",Laprida Y Viamonte,4,3,0,0,1,0,0,,Calle,,ROSARIO,Rosario,Asfalto,S/D,II,Dentro,Urbana,Semáforo,S/D,Intersección,Bueno,S/D,Diurna,Buen Tiempo,Lateral,S/D,Colisión,S/D,Horizontal,Ninguna,Sin restricción,POINT (-60.6390034 -32.96604490000001),"['Laprida', 'Viamonte']",2,Francisco Narciso Laprida; Viamonte,-32.96604490000001,-60.6390034,55.0,538.0,Municipio Rosario,Municipio,Rosario,820210,Servicio de Catastro e Información Territorial,IGN
2016,225,2016-01-08,Viernes,0.0,18:30:00,,0.0,2,"Moto/Ciclomotor,Automóvil",Necochea Y La Paz,3,0,2,0,1,0,0,,Calle,,ROSARIO,Rosario,Asfalto,No existe,II,Dentro,Urbana,Señal Pare,No existe,Intersección,Bueno,Buena,Diurna,Buen Tiempo,Lateral,S/D,Colisión,S/D,Vertical,Ninguna,Sin restricción,POINT (-60.6285924 -32.966664399999985),"['Necochea', 'La Paz']",2,Necochea; La Paz,-32.966664399999985,-60.6285924,55.0,538.0,Municipio Rosario,Municipio,Rosario,820210,Servicio de Catastro e Información Territorial,IGN
2016,226,2016-01-20,Miercoles,0.0,0:00:00,,0.0,2,"Automóvil,Moto/Ciclomotor",Bv. Rondeau Y Herrera,4,1,0,0,3,0,0,,Avenida,,ROSARIO,Rosario,Asfalto,No existe,II,Dentro,Urbana,Marca Vial,Funciona,Intersección,Bueno,Buena,Nocturna,Buen Tiempo,De alcance,S/D,Colisión,Ninguna,"Horizontal,Vertical",Cordón divisorio,Sin restricción,POINT (-60.69209 -32.89546034999999),"['Rondeau', 'Herrera']",2,Bulevar General José Rondeau; Franzini Herrera,-32.89546034999999,-60.69209,55.0,538.0,Municipio Rosario,Municipio,Rosario,820210,Servicio de Catastro e Información Territorial,IGN
2016,227,2016-01-05,Martes,0.0,11:30:00,,0.0,2,"Automóvil,Moto/Ciclomotor",Av. Provincias Unidas Y Schweitzer,2,1,0,0,1,0,0,,Calle,,ROSARIO,Rosario,Asfalto,S/D,II,Dentro,Urbana,S/D,S/D,Recta,S/D,S/D,Diurna,S/D,S/D,S/D,Colisión,S/D,S/D,S/D,S/D,POINT (-60.713941950000006 -32.913199899999995),"['Avenida Provincias Unidas', 'Albert Schweitzer']",2,Avenida Provincias Unidas; Albert Schweitzer,-32.913199899999995,-60.713941950000006,55.0,538.0,Municipio Rosario,Municipio,Rosario,820210,Servicio de Catastro e Información Territorial,IGN
2016,229,2016-01-11,Lunes,0.0,21:45:00,,0.0,2,"Moto/Ciclomotor,Moto/Ciclomotor",Av. Genova Y Garzon,2,1,0,0,1,0,0,,Calle,,ROSARIO,Rosario,Asfalto,S/D,II,Dentro,Urbana,S/D,S/D,Recta,Bueno,S/D,Nocturna,S/D,S/D,S/D,Colisión,S/D,S/D,S/D,S/D,POINT (-60.7063289 -32.91580020000001),"['Genova', 'Garzón']",2,Avenida Génova; Garzón,-32.91580020000001,-60.7063289,55.0,538.0,Municipio Rosario,Municipio,Rosario,820210,Servicio de Catastro e Información Territorial,IGN
2016,230,2016-01-20,Miercoles,0.0,,,0.0,2,"Automóvil,Bicicleta",Casiano Casas Y Uriarte,2,1,0,0,1,0,0,,Calle,,ROSARIO,Rosario,Asfalto,No existe,II,Dentro,Urbana,Ninguna,No existe,Recta,Bueno,Buena,Diurna,Buen Tiempo,De alcance,S/D,Colisión,S/D,Faltante,Ninguna,Sin restricción,POINT (-60.70394160000001 -32.90185285),"['Avenida Casiano Casas', 'Uriarte']",2,Avenida Casiano Casas; Uriarte,-32.90185285,-60.70394160000001,55.0,538.0,Municipio Rosario,Municipio,Rosario,820210,Servicio de Catastro e Información Territorial,IGN
2016,233,2016-01-22,Viernes,0.0,6:00:00,,0.0,2,"Automóvil,Bicicleta",Bv. Avellaneda Y Av. Luis Carballo,2,1,0,0,1,0,0,,S/D,,ROSARIO,Rosario,S/D,S/D,II,S/D,Urbana,S/D,S/D,S/D,S/D,S/D,Diurna,S/D,S/D,S/D,Atropello,S/D,S/D,S/D,S/D,POINT (-60.674817000000004 -32.9219776),"['Avellaneda', 'Avenida Doctor Luis Cándido Carballo']",2,Bulevar Nicolás Avellaneda; Avenida Doctor Luis Cándido Carballo,-32.9219776,-60.674817,55.0,538.0,Municipio Rosario,Municipio,Rosario,820210,Servicio de Catastro e Información Territorial,IGN
2016,292,2016-01-22,Viernes,0.0,8:40:00,,0.0,2,"Vehículo Oficial,Pickup/Utilitario",San Luis 900,3,2,0,0,1,0,0,,Calle,,ROSARIO,Rosario,Asfalto,S/D,II,Dentro,Urbana,Semáforo,Funciona,Recta,Bueno,Buena,Diurna,Buen Tiempo,S/D,S/D,Colisión,S/D,S/D,Cordón divisorio,Sin restricción,"-32.9495339, -60.6358057",['San Luis 900'],1,San Luis 900,-32.9495339,-60.6358057,55.0,538.0,Municipio Rosario,Municipio,Rosario,820210,Servicio de Catastro e Información Territorial,IGN
2016,293,2016-01-07,Jueves,0.0,10:50:00,,0.0,1,Transporte de Pasajeros Urbano (> 8 asientos),San Luis Y J.M.de Rosas,2,1,0,0,1,0,0,,Calle,,ROSARIO,Rosario,S/D,S/D,II,Dentro,Urbana,S/D,S/D,Intersección,Bueno,Buena,Diurna,S/D,S/D,S/D,Caída ocupante,S/D,S/D,Cordón divisorio,S/D,POINT (-60.6318573 -32.9502852),"['San Luis', 'De Rosas']",2,San Luis; Juan Manuel de Rosas,-32.9502852,-60.6318573,55.0,538.0,Municipio Rosario,Municipio,Rosario,820210,Servicio de Catastro e Información Territorial,IGN
2016,340,2016-01-22,Viernes,0.0,11:50:00,,0.0,2,"Bicicleta,Automóvil",Tucuman Y Crespo,2,1,0,0,1,0,0,,Calle,,ROSARIO,Rosario,Asfalto,No existe,II,S/D,Urbana,Ninguna,No existe,Recta,Bueno,Buena,Diurna,Buen Tiempo,Otro,S/D,Otro,Ninguna,Faltante,Ninguna,Sin restricción,POINT (-60.6670974 -32.936399599999994),"['Tucumán', 'Crespo']",2,Tucumán; Crespo,-32.936399599999994,-60.6670974,55.0,538.0,Municipio Rosario,Municipio,Rosario,820210,Servicio de Catastro e Información Territorial,IGN
2016,341,2016-01-29,Viernes,0.0,14:40:00,,0.0,2,"Automóvil,Moto/Ciclomotor",Av. Ovidio Lagos Y Santa Fe,2,1,0,0,1,0,0,,Calle,,ROSARIO,Rosario,Asfalto,S/D,II,S/D,Urbana,Semáforo,Funciona,Recta,Bueno,Buena,Diurna,Buen Tiempo,Otro,S/D,Colisión,S/D,S/D,Ninguna,Sin restricción,POINT (-60.661118 -32.94092100000001),"['Avenida Ovidio Lagos', 'Santa Fe']",2,Avenida Ovidio Lagos; Santa Fe,-32.94092100000001,-60.661118,55.0,538.0,Municipio Rosario,Municipio,Rosario,820210,Servicio de Catastro e Información Territorial,IGN
2016,348,2016-01-22,Viernes,0.0,9:41:00,,0.0,2,"Bicicleta,Automóvil",Gorriti 828,2,1,0,0,0,0,1,,Calle,,ROSARIO,Rosario,Asfalto,S/D,II,Dentro,Urbana,S/D,S/D,Recta,S/D,S/D,Diurna,S/D,S/D,S/D,Atropello,S/D,S/D,S/D,S/D,"-32.923312671428576, -60.675758214285715",['Gorriti 828'],1,Gorriti 828,-32.923312671428576,-60.67575821428572,55.0,538.0,Municipio Rosario,Municipio,Rosario,820210,Servicio de Catastro e Información Territorial,IGN
2016,351,2016-01-22,Viernes,0.0,13:00:00,,0.0,2,"Moto/Ciclomotor,Automóvil",Junin Y Bahia Blanca Bis,2,1,0,0,1,0,0,,S/D,,ROSARIO,Rosario,Asfalto,S/D,II,S/D,S/D,S/D,S/D,Intersección,S/D,S/D,Diurna,S/D,S/D,S/D,Colisión,S/D,S/D,S/D,S/D,POINT (-60.68862000000001 -32.92689620000001),"['Junín', 'Bahía Blanca']",2,Junín; Bahía Blanca,-32.92689620000001,-60.68862000000001,55.0,538.0,Municipio Rosario,Municipio,Rosario,820210,Servicio de Catastro e Información Territorial,IGN
2016,352,2016-01-16,Sabado,0.0,7:30:00,,0.0,1,Automóvil,Alberdi Y Gorriti,3,0,0,0,0,0,3,,Calle,,ROSARIO,Rosario,Asfalto,S/D,II,Dentro,Urbana,S/D,S/D,S/D,S/D,S/D,Diurna,S/D,S/D,S/D,Colisión,S/D,S/D,S/D,S/D,POINT (-60.6790462 -32.923453200000004),"['Alberdi', 'Gorriti']",2,Avenida Alberdi; Gorriti,-32.923453200000004,-60.6790462,55.0,538.0,Municipio Rosario,Municipio,Rosario,820210,Servicio de Catastro e Información Territorial,IGN
2016,365,2016-01-25,Lunes,0.0,17:00:00,,0.0,2,"Automóvil,Automóvil",Bv. Avellaneda Y Av. Luis Carballo,6,1,0,0,1,0,4,,Calle,,ROSARIO,Rosario,Asfalto,S/D,II,Dentro,Urbana,S/D,S/D,Intersección,S/D,S/D,Diurna,S/D,S/D,S/D,Colisión,S/D,S/D,S/D,S/D,POINT (-60.674817000000004 -32.9219776),"['Avellaneda', 'Avenida Doctor Luis Cándido Carballo']",2,Bulevar Nicolás Avellaneda; Avenida Doctor Luis Cándido Carballo,-32.9219776,-60.674817,55.0,538.0,Municipio Rosario,Municipio,Rosario,820210,Servicio de Catastro e Información Territorial,IGN
2016,394,2016-01-27,Miercoles,0.0,16:50:00,,0.0,2,"Moto/Ciclomotor,Pickup/Utilitario",Alberdi Y ,2,1,0,0,1,0,0,,Calle,,ROSARIO,Rosario,Asfalto,S/D,II,Dentro,Urbana,S/D,S/D,Intersección,S/D,S/D,Diurna,S/D,S/D,S/D,Colisión,S/D,S/D,S/D,S/D,"-32.8972624, -60.6982029",['Alberdi'],1,Alberdi,-32.8972624,-60.6982029,55.0,538.0,Municipio Rosario,Municipio,Rosario,820210,Servicio de Catastro e Información Territorial,IGN
2016,622,2016-01-23,Sabado,0.0,11:30:00,,0.0,2,"Automóvil,Moto/Ciclomotor",Santa Fe Y Mariano Moreno,2,0,1,0,1,0,0,,Calle,,ROSARIO,Rosario,Asfalto,No existe,II,Dentro,Urbana,S/D,No existe,Intersección,Bueno,Buena,Diurna,Buen Tiempo,S/D,S/D,Colisión,S/D,Faltante,S/D,S/D,POINT (-60.65025920000001 -32.942853299999996),"['Santa Fe', 'Mariano Moreno']",2,Santa Fe; Mariano Moreno,-32.9428533,-60.65025920000001,55.0,538.0,Municipio Rosario,Municipio,Rosario,820210,Servicio de Catastro e Información Territorial,IGN
2016,628,2016-01-22,Viernes,0.0,21:00:00,,0.0,2,"Automóvil,Moto/Ciclomotor",Colombia Y Velez Sarsfield,2,1,0,0,1,0,0,,Calle,,ROSARIO,Rosario,Asfalto,S/D,II,Dentro,Urbana,S/D,S/D,Intersección,S/D,Buena,Nocturna,Buen Tiempo,Lateral,S/D,Colisión,S/D,S/D,S/D,Sin restricción,POINT (-60.7167677 -32.9261401),"['Colombia', 'Vélez Sarsfield']",2,Colombia; Vélez Sarsfield,-32.9261401,-60.7167677,55.0,538.0,Municipio Rosario,Municipio,Rosario,820210,Servicio de Catastro e Información Territorial,IGN
2016,629,2016-01-17,Domingo,0.0,,,0.0,2,"Peatón,Automóvil",Bolivia Y Gorriti,2,1,0,0,1,0,0,,Calle,,ROSARIO,Rosario,Asfalto,No existe,II,Dentro,Urbana,S/D,No existe,Intersección,Bueno,Buena,Nocturna,Buen Tiempo,S/D,S/D,Atropello,Ninguna,S/D,S/D,S/D,POINT (-60.7145382 -32.9243997),"['Bolivia', 'Gorriti']",2,Bolivia; Gorriti,-32.9243997,-60.7145382,55.0,538.0,Municipio Rosario,Municipio,Rosario,820210,Servicio de Catastro e Información Territorial,IGN
2016,630,2016-01-08,Viernes,0.0,11:45:00,,0.0,2,"Automóvil,Moto/Ciclomotor",J.J.Paso Y Venezuela,2,0,1,0,1,0,0,,Calle,,ROSARIO,Rosario,Asfalto,S/D,II,Dentro,Urbana,S/D,S/D,Intersección,Bueno,Buena,Diurna,Buen Tiempo,Lateral,S/D,Colisión,S/D,S/D,S/D,S/D,POINT (-60.7253695 -32.9205891),"['Paso', 'Venezuela']",2,Avenida Juan José Paso; Venezuela,-32.9205891,-60.7253695,55.0,538.0,Municipio Rosario,Municipio,Rosario,820210,Servicio de Catastro e Información Territorial,IGN
2016,631,2016-01-03,Domingo,0.0,17:45:00,,0.0,2,"Moto/Ciclomotor,Automóvil",Donado Y Av. Brassey,2,1,0,0,1,0,0,,Calle,,ROSARIO,Rosario,Asfalto,Pavimento,II,Dentro,Urbana,S/D,No existe,Recta,Bueno,Buena,Diurna,Buen Tiempo,De alcance,S/D,Colisión,Ninguna,S/D,S/D,Sin restricción,POINT (-60.7276771 -32.92290909999999),"['Donado', 'Brassey']",2,José Agustín Donado; Brassey,-32.92290909999999,-60.7276771,55.0,538.0,Municipio Rosario,Municipio,Rosario,820210,Servicio de Catastro e Información Territorial,IGN
2016,632,2016-01-06,Miercoles,0.0,1:30:00,,0.0,2,"Taxi/Remis,Moto/Ciclomotor",Av. Eva Peron Y Zuviria,2,1,0,0,1,0,0,,Avenida,,ROSARIO,Rosario,Asfalto,S/D,II,Dentro,Urbana,S/D,Funciona,Recta,Bueno,Reducida,Nocturna,Buen Tiempo,Frontal,S/D,Colisión,Otro,S/D,S/D,Sin restricción,POINT (-60.7285866 -32.93019100000001),"['Avenida Eva Perón', 'Zuviría']",2,"('Avenida Eva Perón', 'Juez José María Zuviría')",-32.93019100000001,-60.7285866,55.0,538.0,Municipio Rosario,Municipio,Rosario,820210,Servicio de Catastro e Información Territorial,IGN
2016,642,2016-01-10,Domingo,0.0,10:30:00,,0.0,1,Moto/Ciclomotor,Bielsa Y Magallanes,2,2,0,0,0,0,0,,S/D,,ROSARIO,Rosario,S/D,No existe,II,S/D,S/D,Ninguna,No existe,Intersección,S/D,S/D,Diurna,S/D,Contra objeto fijo,S/D,Colisión,S/D,Faltante,Ninguna,Sin restricción,POINT (-60.7052268 -32.9235497),"['Bielsa', 'Magallanes']",2,Bielsa; Magallanes,-32.9235497,-60.7052268,55.0,538.0,Municipio Rosario,Municipio,Rosario,820210,Servicio de Catastro e Información Territorial,IGN
2016,645,2016-01-17,Domingo,0.0,,,0.0,2,"Taxi/Remis,Moto/Ciclomotor",Tucuman Y Barra,3,2,0,0,1,0,0,,Calle,,ROSARIO,Rosario,S/D,No existe,II,S/D,Urbana,Ninguna,No existe,Recta,S/D,S/D,S/D,S/D,Lateral,S/D,Colisión,S/D,Faltante,Ninguna,Sin restricción,POINT (-60.707146400000006 -32.9323929),"['Tucumán', 'Barra']",2,Tucumán; Barraco,-32.9323929,-60.707146400000006,55.0,538.0,Municipio Rosario,Municipio,Rosario,820210,Servicio de Catastro e Información Territorial,IGN
2016,648,2016-01-18,Lunes,0.0,16:00:00,,0.0,2,"Automóvil,Moto/Ciclomotor",San Lorenzo Y Lima,2,1,0,0,1,0,0,,Calle,,ROSARIO,Rosario,S/D,No existe,II,Dentro,Urbana,Ninguna,No existe,Intersección,S/D,S/D,Diurna,S/D,Lateral,S/D,Colisión,S/D,Faltante,Ninguna,Sin restricción,POINT (-60.6826421 -32.93606539999999),"['San Lorenzo', 'Lima']",2,San Lorenzo; Lima,-32.93606539999999,-60.6826421,55.0,538.0,Municipio Rosario,Municipio,Rosario,820210,Servicio de Catastro e Información Territorial,IGN
2016,649,2016-01-18,Lunes,0.0,14:00:00,,0.0,1,Moto/Ciclomotor,Mendoza 7600,2,1,0,0,1,0,0,,Calle,,ROSARIO,Rosario,Asfalto,No existe,II,Dentro,Urbana,Ninguna,No existe,Recta,Bueno,S/D,Diurna,Buen Tiempo,Lateral,S/D,Colisión,Ninguna,Faltante,S/D,Sin restricción,"-32.9404426, -60.725011",['Mendoza 7600'],1,Mendoza 7600,-32.9404426,-60.725011,55.0,538.0,Municipio Rosario,Municipio,Rosario,820210,Servicio de Catastro e Información Territorial,IGN
2016,675,2016-01-02,Sabado,0.0,20:50:00,,0.0,2,"Moto/Ciclomotor,Automóvil",Mendoza Y Pje. T.Guido,2,1,0,0,1,0,0,,Calle,,ROSARIO,Rosario,Asfalto,No existe,II,Dentro,Urbana,S/D,No existe,Intersección,Bueno,Buena,"Nocturna,Con luz artificial",Buen Tiempo,Lateral,S/D,Colisión,S/D,S/D,S/D,S/D,POINT (-60.6991538 -32.9408745),"['Mendoza', 'Guido']",2,Mendoza; Guido y Spano,-32.9408745,-60.6991538,55.0,538.0,Municipio Rosario,Municipio,Rosario,820210,Servicio de Catastro e Información Territorial,IGN
2016,676,2016-01-05,Martes,0.0,19:30:00,,0.0,2,"Automóvil,Automóvil",Av. Pellegrini 5917,2,1,0,0,1,0,0,,Avenida,,ROSARIO,Rosario,Asfalto,S/D,II,Dentro,Urbana,S/D,S/D,Recta,Bueno,Buena,Atardecer,Buen Tiempo,Lateral,S/D,Colisión,S/D,S/D,Cordón divisorio,S/D,"-32.948489914285716, -60.70326763469388",['Pellegrini 5917'],1,Pellegrini 5917,-32.94848991428572,-60.70326763469388,55.0,538.0,Municipio Rosario,Municipio,Rosario,820210,Servicio de Catastro e Información Territorial,IGN
2016,677,2016-01-11,Lunes,0.0,18:00:00,,0.0,2,"Moto/Ciclomotor,Automóvil",Bv. 27 De Febrero Y Roullon,2,1,0,0,0,0,1,,Calle,,ROSARIO,Rosario,Asfalto,S/D,II,S/D,Urbana,S/D,S/D,Recta,S/D,S/D,Atardecer,S/D,S/D,S/D,Colisión,S/D,S/D,S/D,S/D,POINT (-60.701486975 -32.959091599999994),"['27 de Febrero', 'Alfredo Rouillón']",2,Bulevar 27 de Febrero; Alfredo Rouillón,-32.959091599999994,-60.701486975,55.0,538.0,Municipio Rosario,Municipio,Rosario,820210,Servicio de Catastro e Información Territorial,IGN
2016,678,2016-01-09,Sabado,0.0,11:00:00,,0.0,2,"Bicicleta,Moto/Ciclomotor",P.L.Funes Y Av. Pte.Peron,2,1,0,0,1,0,0,,Calle,,ROSARIO,Rosario,S/D,S/D,II,S/D,Urbana,S/D,S/D,Recta,S/D,S/D,Diurna,S/D,S/D,S/D,Atropello,S/D,S/D,S/D,S/D,POINT (-60.703717000000005 -32.9640592),"['Funes', 'Avenida Presidente Perón']",2,Deán Gregorio Funes; Avenida Presidente Perón,-32.9640592,-60.703717000000005,55.0,538.0,Municipio Rosario,Municipio,Rosario,820210,Servicio de Catastro e Información Territorial,IGN
2016,679,2016-01-01,Viernes,0.0,20:00:00,,0.0,2,"Peatón,Pickup/Utilitario",Dr.Maradona 5700,2,1,0,0,1,0,0,,Calle,,ROSARIO,Rosario,Asfalto,S/D,II,S/D,Urbana,S/D,S/D,Recta,Bueno,S/D,Nocturna,S/D,S/D,S/D,Atropello,S/D,S/D,S/D,S/D,"-32.979711, -60.7030751",['Dr Maradona 5700'],1,Dr Maradona 5700,-32.979711,-60.7030751,55.0,538.0,Municipio Rosario,Municipio,Rosario,820210,Servicio de Catastro e Información Territorial,IGN
2016,680,2016-01-06,Miercoles,0.0,17:00:00,,0.0,2,"Moto/Ciclomotor,Automóvil",Camilo Aldao Y Garay,2,0,1,0,1,0,0,,Calle,,ROSARIO,Rosario,Asfalto,S/D,II,S/D,Urbana,S/D,S/D,Recta,Resbaladiza,Buena,Diurna,Buen Tiempo,Lateral,S/D,Colisión,S/D,S/D,S/D,Sin restricción,POINT (-60.69497960000001 -32.9658442),"['Camilo Aldao', 'Garay']",2,Camilo Aldao; Juan de Garay,-32.9658442,-60.69497960000001,55.0,538.0,Municipio Rosario,Municipio,Rosario,820210,Servicio de Catastro e Información Territorial,IGN
2016,681,2016-01-05,Martes,0.0,10:20:00,,0.0,2,"Transporte de Pasajeros Urbano (> 8 asientos),Otros",Bv. Segui Y P.L.Funes,2,1,0,0,1,0,0,,Calle,,ROSARIO,Rosario,S/D,S/D,II,S/D,Urbana,S/D,No existe,S/D,S/D,Buena,Diurna,Buen Tiempo,S/D,S/D,Colisión,S/D,S/D,S/D,S/D,POINT (-60.699987699999994 -32.970735399999995),"['Bulevar Juan Francisco Seguí', 'Funes']",2,Bulevar Juan Francisco Seguí; Deán Gregorio Funes,-32.970735399999995,-60.6999877,55.0,538.0,Municipio Rosario,Municipio,Rosario,820210,Servicio de Catastro e Información Territorial,IGN
2016,715,2016-01-06,Miercoles,0.0,21:15:00,,0.0,2,"Moto/Ciclomotor,Automóvil",Tarragona Y J.B.Justo,3,2,0,0,1,0,0,,Calle,,ROSARIO,Rosario,S/D,S/D,II,Dentro,Urbana,S/D,S/D,S/D,S/D,Buena,Nocturna,S/D,S/D,S/D,Colisión,S/D,S/D,S/D,S/D,POINT (-60.7343068 -32.934028),"['Tarragona', 'Justo']",2,"('Tarragona', 'Justo José de Urquiza')",-32.934028,-60.7343068,55.0,538.0,Municipio Rosario,Municipio,Rosario,820210,Servicio de Catastro e Información Territorial,IGN
2016,716,2016-01-09,Sabado,0.0,3:40:00,,0.0,2,"Automóvil,Automóvil",Av. Jorge Newbery Y Av. Circunvalacion,2,0,0,0,1,0,1,,Calle,,ROSARIO,Rosario,S/D,S/D,II,Dentro,Urbana,S/D,S/D,Intersección,S/D,S/D,Nocturna,S/D,S/D,S/D,Colisión,S/D,S/D,S/D,S/D,POINT (-60.72420769617581 -32.90836527388018),"['Jorge Newbery', 'Circunvalacion']",2,Avenida Jorge Newbery; Avenida de Circunvalación 25 de Mayo,-32.90836527388018,-60.72420769617581,55.0,538.0,Municipio Rosario,Municipio,Rosario,820210,Servicio de Catastro e Información Territorial,IGN