anio_acci,nro_acci,fecha,desc_dia,fecha_aprox,hora_aprox,desc_ruta,km,cant_participantes,desc_participante,calle_avenida_km,total,heridos_leves,heridos_graves,heridos_gravisimos,ilesos,fallecidos,sin_datos,posicion_XY,desc_tipo_via,desc_ruta_ori,desc_loc,desc_dpto,desc_tipo_calzada,desc_tipo_banquina,desc_unidad_regional,desc_lugar_calzada,desc_zona,desc_prioridad,desc_estado_semaforo,desc_lugar_via,desc_estado_via,desc_estado_visibilidad,desc_luminosidad,desc_estado_clima,desc_tipo_colision,desc_tipo_atropello,desc_tipo_hecho,desc_pres_calzada,desc_senializacion,desc_separacion_via,desc_restriccion,forma_geocod,calle_lista,numero_calles,calles_osm,lat,lon,index_right,gid,fna,gna,nam,in1,fdc,sag
2016,752,2016-02-02,Martes,0.0,20:40:00,,0.0,2,"Automóvil,Moto/Ciclomotor",Santa Fe Y Vera Mujica,2,1,0,0,1,0,0,,Calle,,ROSARIO,Rosario,Asfalto,No existe,II,Dentro,Urbana,Semáforo,Funciona,Recta,Bueno,Buena,Nocturna,Buen Tiempo,S/D,S/D,Colisión,S/D,Vertical,Ninguna,Sin restricción,POINT (-60.6665625 -32.9399498),"['Santa Fe', 'Vera Mujíca']",2,Santa Fe; Vera Mujíca,-32.9399498,-60.6665625,55.0,538.0,Municipio Rosario,Municipio,Rosario,820210,Servicio de Catastro e Información Territorial,IGN
2016,753,2016-02-04,Jueves,0.0,9:55:00,,0.0,2,"Automóvil,Automóvil",Av. Ovidio Lagos Y Santa Fe,2,1,0,0,1,0,0,,Calle,,ROSARIO,Rosario,Asfalto,No existe,II,Dentro,Urbana,Semáforo,Funciona,Recta,Bueno,Buena,Diurna,Buen Tiempo,S/D,S/D,Colisión,Ninguna,Horizontal,Ninguna,Sin restricción,POINT (-60.661118 -32.94092100000001),"['Avenida Ovidio Lagos', 'Santa Fe']",2,Avenida Ovidio Lagos; Santa Fe,-32.94092100000001,-60.661118,55.0,538.0,Municipio Rosario,Municipio,Rosario,820210,Servicio de Catastro e Información Territorial,IGN
2016,756,2016-02-06,Sabado,0.0,13:40:00,,0.0,2,"Pickup/Utilitario,Moto/Ciclomotor",Pavlov Y Washington,2,1,0,0,1,0,0,,Calle,,ROSARIO,Rosario,Asfalto,No existe,II,Dentro,Urbana,Ninguna,No existe,Intersección,Bueno,Buena,Diurna,Buen Tiempo,Frontal,S/D,Colisión,Ninguna,Faltante,Ninguna,Sin restricción,POINT (-60.7033186 -32.90399659999999),"['Pavlov', 'Washington']",2,Pavlov; Washington,-32.90399659999999,-60.7033186,55.0,538.0,Municipio Rosario,Municipio,Rosario,820210,Servicio de Catastro e Información Territorial,IGN
2016,757,2016-02-09,Martes,0.0,14:20:00,,0.0,2,"Automóvil,Moto/Ciclomotor",Esquivel Y F.Netri,3,0,2,0,1,0,0,,Calle,,ROSARIO,Rosario,Asfalto,No existe,II,Dentro,Urbana,Ninguna,No existe,Recta,Otro,Buena,Diurna,Buen Tiempo,Frontal,S/D,Colisión,Ninguna,Faltante,Ninguna,Sin restricción,POINT (-60.7011769 -32.90659789999998),"['Esquivel', 'Netri']",2,Esquivel; Netri,-32.90659789999998,-60.7011769,55.0,538.0,Municipio Rosario,Municipio,Rosario,820210,Servicio de Catastro e Información Territorial,IGN
2016,758,2016-02-10,Miercoles,0.0,9:30:00,,0.0,2,"Moto/Ciclomotor,Automóvil",Rodriguez Y Brown,2,1,0,0,1,0,0,,Calle,,ROSARIO,Rosario,Asfalto,No existe,II,Dentro,Urbana,Ninguna,No existe,Recta,S/D,Buena,Diurna,Buen Tiempo,S/D,S/D,Colisión,S/D,Faltante,Ninguna,Sin restricción,POINT (-60.6563725 -32.9334435),"['Rodríguez', 'Brown']",2,Rodríguez de Escobedo; Almirante Brown,-32.9334435,-60.6563725,55.0,538.0,Municipio Rosario,Municipio,Rosario,820210,Servicio de Catastro e Información Territorial,IGN
2016,759,2016-02-24,Miercoles,0.0,10:30:00,,0.0,2,"Moto/Ciclomotor,Moto/Ciclomotor",Bv. Rondeau Y Gurruchaga,2,1,0,0,1,0,0,,Calle,,ROSARIO,Rosario,Asfalto,No existe,II,Dentro,Urbana,Semáforo,Funciona,Intersección,Bueno,Buena,Diurna,Buen Tiempo,Frontal,S/D,Colisión,Ninguna,Vertical,Ninguna,Sin restricción,POINT (-60.68916395 -32.90512564999999),"['Rondeau', 'Gurruchaga']",2,Bulevar General José Rondeau; Gurruchaga,-32.90512564999999,-60.68916395,55.0,538.0,Municipio Rosario,Municipio,Rosario,820210,Servicio de Catastro e Información Territorial,IGN
2016,760,2016-02-12,Viernes,0.0,14:30:00,,0.0,2,"Automóvil,Automóvil",San Nicolas Y San Lorenzo,3,1,0,0,2,0,0,,Calle,,ROSARIO,Rosario,Asfalto,No existe,II,Dentro,Urbana,Ninguna,No existe,Recta,S/D,Buena,Diurna,Buen Tiempo,S/D,S/D,Colisión,S/D,Faltante,Ninguna,Sin restricción,POINT (-60.67174630000001 -32.9380145),"['San Nicolás', 'San Lorenzo']",2,San Nicolás; San Lorenzo,-32.9380145,-60.67174630000001,55.0,538.0,Municipio Rosario,Municipio,Rosario,820210,Servicio de Catastro e Información Territorial,IGN
2016,761,2016-02-13,Sabado,0.0,13:00:00,,0.0,2,"Automóvil,Moto/Ciclomotor",San Lorenzo Y Crespo,3,2,0,0,1,0,0,,Calle,,ROSARIO,Rosario,Asfalto,No existe,II,Dentro,Urbana,Ninguna,No existe,Intersección,Bueno,Buena,Diurna,Buen Tiempo,S/D,S/D,Colisión,S/D,Vertical,S/D,Sin restricción,POINT (-60.66769409999999 -32.938742999999995),"['San Lorenzo', 'Crespo']",2,San Lorenzo; Crespo,-32.938742999999995,-60.66769409999999,55.0,538.0,Municipio Rosario,Municipio,Rosario,820210,Servicio de Catastro e Información Territorial,IGN
2016,762,2016-02-15,Lunes,0.0,2:15:00,,0.0,2,"Moto/Ciclomotor,Automóvil",Alberdi Y Almafuerte,3,2,0,0,1,0,0,,Calle,,ROSARIO,Rosario,Asfalto,S/D,II,S/D,Urbana,Semáforo,S/D,Recta,Bueno,S/D,Diurna,Buen Tiempo,Lateral,S/D,Colisión,S/D,Horizontal,Barrera de hormigón,Sin restricción,POINT (-60.683913999999994 -32.917345749999996),"['Alberdi', 'Almafuerte']",2,Avenida Alberdi; Almafuerte,-32.91734575,-60.683914,55.0,538.0,Municipio Rosario,Municipio,Rosario,820210,Servicio de Catastro e Información Territorial,IGN
2016,763,2016-02-09,Martes,0.0,10:50:00,,0.0,2,"Bicicleta,Automóvil",Av. Frondizi A 1100,2,1,0,0,1,0,0,,Calle,,ROSARIO,Rosario,Asfalto,Pavimento,II,S/D,Urbana,Semáforo,No existe,Recta,Bueno,Buena,Diurna,Buen Tiempo,Frontal,S/D,Atropello,S/D,Horizontal,Barrera de hormigón,Sin restricción,"-32.9120237, -60.675422",['Frondizi A 1100'],1,Frondizi A 1100,-32.9120237,-60.675422,55.0,538.0,Municipio Rosario,Municipio,Rosario,820210,Servicio de Catastro e Información Territorial,IGN
2016,764,2016-02-15,Lunes,0.0,9:15:00,,0.0,2,"Pickup/Utilitario,Automóvil",San Lorenzo Y Alsina,2,1,0,0,1,0,0,,Calle,,ROSARIO,Rosario,Asfalto,No existe,II,Dentro,Urbana,Ninguna,No existe,Recta,Bueno,Buena,Diurna,Buen Tiempo,S/D,S/D,Colisión,S/D,Faltante,Ninguna,Sin restricción,POINT (-60.675806900000005 -32.9372869),"['San Lorenzo', 'Alsina']",2,San Lorenzo; Alsina,-32.9372869,-60.675806900000005,55.0,538.0,Municipio Rosario,Municipio,Rosario,820210,Servicio de Catastro e Información Territorial,IGN
2016,766,2016-02-20,Sabado,0.0,15:45:00,,0.0,2,"Automóvil,Pickup/Utilitario",San Nicolas Y San Lorenzo,3,2,0,0,1,0,0,,Calle,,ROSARIO,Rosario,Asfalto,No existe,II,Dentro,Urbana,Ninguna,No existe,Recta,S/D,Buena,Diurna,Buen Tiempo,S/D,S/D,Colisión,S/D,Faltante,Ninguna,Sin restricción,POINT (-60.67174630000001 -32.9380145),"['San Nicolás', 'San Lorenzo']",2,San Nicolás; San Lorenzo,-32.9380145,-60.67174630000001,55.0,538.0,Municipio Rosario,Municipio,Rosario,820210,Servicio de Catastro e Información Territorial,IGN
2016,768,2016-02-21,Domingo,0.0,19:30:00,,0.0,2,"Moto/Ciclomotor,Automóvil",Tucuman Y Santiago,2,1,0,0,1,0,0,,Calle,,ROSARIO,Rosario,Hormigón,No existe,II,Dentro,Urbana,Ninguna,No existe,Recta,S/D,Buena,Atardecer,Buen Tiempo,S/D,S/D,Colisión,S/D,Faltante,Ninguna,Sin restricción,POINT (-60.6547977 -32.9386111),"['Tucumán', 'Santiago']",2,Tucumán; Santiago,-32.9386111,-60.6547977,55.0,538.0,Municipio Rosario,Municipio,Rosario,820210,Servicio de Catastro e Información Territorial,IGN
2016,769,2016-02-26,Viernes,0.0,1:30:00,,0.0,2,"Taxi/Remis,Moto/Ciclomotor",Vera Mujica Y Urquiza,2,1,0,0,1,0,0,,Calle,,ROSARIO,Rosario,Asfalto,No existe,II,Dentro,Urbana,Semáforo,Funciona,Recta,S/D,Buena,Nocturna,Buen Tiempo,S/D,S/D,Colisión,S/D,Vertical,Ninguna,Sin restricción,POINT (-60.6660287 -32.9378397),"['Vera Mujíca', 'Urquiza']",2,Vera Mujíca; Justo José de Urquiza,-32.9378397,-60.6660287,55.0,538.0,Municipio Rosario,Municipio,Rosario,820210,Servicio de Catastro e Información Territorial,IGN
2016,770,2016-02-28,Domingo,0.0,17:20:00,,0.0,2,"Transporte de Pasajeros Urbano (> 8 asientos),Automóvil",San Nicolas Y San Lorenzo,2,1,0,0,1,0,0,,Calle,,ROSARIO,Rosario,S/D,No existe,II,Dentro,Urbana,Ninguna,No existe,Recta,Bueno,Buena,Diurna,Buen Tiempo,S/D,S/D,Colisión,S/D,Faltante,Ninguna,Sin restricción,POINT (-60.67174630000001 -32.9380145),"['San Nicolás', 'San Lorenzo']",2,San Nicolás; San Lorenzo,-32.9380145,-60.67174630000001,55.0,538.0,Municipio Rosario,Municipio,Rosario,820210,Servicio de Catastro e Información Territorial,IGN
2016,845,2016-02-08,Lunes,0.0,18:30:00,,0.0,2,"Automóvil,Automóvil",Montevideo Y Balcarce,2,1,0,0,1,0,0,,Calle,,ROSARIO,Rosario,Asfalto,S/D,II,Dentro,Urbana,S/D,S/D,Intersección,Bueno,Buena,Diurna,Buen Tiempo,Lateral,S/D,Colisión,S/D,S/D,S/D,S/D,POINT (-60.6543933 -32.953676800000004),"['Montevideo', 'Balcarce']",2,Montevideo; Balcarce,-32.953676800000004,-60.6543933,55.0,538.0,Municipio Rosario,Municipio,Rosario,820210,Servicio de Catastro e Información Territorial,IGN
2016,846,2016-02-17,Miercoles,0.0,8:05:00,,0.0,2,"Peatón,Bicicleta",Entre Rios Y Mendoza,2,1,0,0,1,0,0,,Calle,,ROSARIO,Rosario,Asfalto,S/D,II,Dentro,Urbana,S/D,Funciona,Intersección,Bueno,Buena,Diurna,Buen Tiempo,S/D,S/D,Atropello,S/D,"Horizontal,Vertical",S/D,S/D,POINT (-60.64219219999999 -32.951012899999995),"['Entre Ríos', 'Mendoza']",2,Entre Ríos; Mendoza,-32.951012899999995,-60.64219219999999,55.0,538.0,Municipio Rosario,Municipio,Rosario,820210,Servicio de Catastro e Información Territorial,IGN
2016,850,2016-02-15,Lunes,0.0,16:45:00,,0.0,2,"Moto/Ciclomotor,Automóvil",Bv. Oroño Y Av. Ntra.Sra.del Rosario,2,1,0,0,1,0,0,,Avenida,,ROSARIO,Rosario,Asfalto,No existe,II,Dentro,Urbana,Semáforo,Funciona,Intersección,Bueno,Buena,Diurna,Buen Tiempo,Lateral,S/D,Colisión,S/D,Vertical,Cordón divisorio,Sin restricción,POINT (-60.665137900000005 -33.000583799999994),"['Bulevar Nicasio Oroño', 'Nuestra Señora del Rosario']",2,Bulevar Nicasio Oroño; Puente Nuestra Señora del Rosario,-33.000583799999994,-60.665137900000005,55.0,538.0,Municipio Rosario,Municipio,Rosario,820210,Servicio de Catastro e Información Territorial,IGN
2016,852,2016-02-18,Jueves,0.0,22:00:00,,0.0,2,"Moto/Ciclomotor,Automóvil",Santiago Y Sanchez de Bustamante,2,1,0,0,1,0,0,,Calle,,ROSARIO,Rosario,Asfalto,No existe,II,S/D,Urbana,Ninguna,No existe,Intersección,Bueno,Buena,"Nocturna,Con luz artificial",Buen Tiempo,Lateral,S/D,Colisión,S/D,Faltante,Ninguna,Sin restricción,POINT (-60.6676512 -33.0025904),"['Santiago', 'Sánchez de Bustamante']",2,Santiago; Sánchez de Bustamante,-33.0025904,-60.6676512,55.0,538.0,Municipio Rosario,Municipio,Rosario,820210,Servicio de Catastro e Información Territorial,IGN
2016,854,2016-02-01,Lunes,0.0,,,0.0,2,"Bicicleta,Moto/Ciclomotor",Bv. Avellaneda Y Montevideo,2,1,0,0,1,0,0,,Calle,,ROSARIO,Rosario,Asfalto,S/D,II,Dentro,Urbana,S/D,S/D,Intersección,S/D,S/D,S/D,S/D,S/D,S/D,Atropello,S/D,S/D,S/D,S/D,POINT (-60.68156305 -32.948831999999996),"['Avellaneda', 'Montevideo']",2,Bulevar Nicolás Avellaneda; Montevideo,-32.948832,-60.68156305,55.0,538.0,Municipio Rosario,Municipio,Rosario,820210,Servicio de Catastro e Información Territorial,IGN
2016,856,2016-02-02,Martes,0.0,7:45:00,,0.0,2,"Pickup/Utilitario,Moto/Ciclomotor",Av. Pellegrini Y San Nicolas,3,2,0,0,1,0,0,,Avenida,,ROSARIO,Rosario,Asfalto,S/D,II,Dentro,Urbana,S/D,S/D,Intersección,S/D,Buena,Diurna,Buen Tiempo,Lateral,S/D,Colisión,S/D,S/D,S/D,S/D,POINT (-60.663254 -32.97802039999999),"['Pellegrini', 'San Nicolás']",2,Avenida Carlos Pellegrini; San Nicolás,-32.97802039999999,-60.663254,55.0,538.0,Municipio Rosario,Municipio,Rosario,820210,Servicio de Catastro e Información Territorial,IGN
2016,857,2016-02-12,Viernes,0.0,10:15:00,,0.0,2,"Peatón,Automóvil",Av. Arijon Y Pueyrredon,2,1,0,0,1,0,0,,Avenida,,ROSARIO,Rosario,Asfalto,S/D,II,S/D,Urbana,Semáforo,S/D,Intersección,Bueno,S/D,Diurna,Buen Tiempo,Otro,S/D,Atropello,S/D,Vertical,Línea divisoria pintada,Sin restricción,POINT (-60.6690932 -33.0036395),"['Avenida Manuel Arijón', 'Pueyrredón']",2,Avenida Manuel Arijón; Pueyrredón,-33.0036395,-60.6690932,55.0,538.0,Municipio Rosario,Municipio,Rosario,820210,Servicio de Catastro e Información Territorial,IGN
2016,860,2016-02-27,Sabado,0.0,,,0.0,2,"Automóvil,Moto/Ciclomotor",Tucuman Y Av. Corrientes,2,1,0,0,1,0,0,,Calle,,ROSARIO,Rosario,S/D,S/D,II,Dentro,Urbana,S/D,S/D,Intersección,S/D,S/D,S/D,S/D,Lateral,S/D,Colisión,S/D,S/D,S/D,S/D,POINT (-60.64117209999999 -32.9410577),"['Tucumán', 'Corrientes']",2,Tucumán; Corrientes,-32.9410577,-60.64117209999999,55.0,538.0,Municipio Rosario,Municipio,Rosario,820210,Servicio de Catastro e Información Territorial,IGN
2016,861,2016-02-29,Lunes,0.0,20:40:00,,0.0,2,"Moto/Ciclomotor,Automóvil",Pje. M.Suarez Y Av. Arijon,3,1,0,0,2,0,0,,Avenida,,ROSARIO,Rosario,Asfalto,No existe,II,Dentro,Urbana,Ninguna,No existe,Intersección,Bueno,Buena,"Nocturna,Con luz artificial",Buen Tiempo,Lateral,S/D,Colisión,S/D,Vertical,Línea divisoria pintada,Sin restricción,POINT (-60.6625211 -33.00346749999999),"['Suarez', 'Avenida Manuel Arijón']",2,Manuel Suárez; Avenida Manuel Arijón,-33.00346749999999,-60.6625211,55.0,538.0,Municipio Rosario,Municipio,Rosario,820210,Servicio de Catastro e Información Territorial,IGN
2016,862,2016-02-28,Domingo,0.0,0:00:00,,0.0,2,"Moto/Ciclomotor,Moto/Ciclomotor",Bv. Avellaneda Y E.Zeballos,2,1,0,0,0,0,1,,Avenida,,ROSARIO,Rosario,Asfalto,S/D,II,Dentro,Urbana,S/D,S/D,S/D,S/D,S/D,Nocturna,S/D,S/D,S/D,Colisión,S/D,S/D,S/D,S/D,POINT (-60.68126855 -32.94766455),"['Avellaneda', 'Zeballos']",2,Bulevar Nicolás Avellaneda; Zeballos,-32.94766455,-60.68126855,55.0,538.0,Municipio Rosario,Municipio,Rosario,820210,Servicio de Catastro e Información Territorial,IGN
2016,863,2016-02-25,Jueves,0.0,23:00:00,,0.0,2,"Automóvil,Moto/Ciclomotor",Catamarca Y Bv. Oroño,2,1,0,0,1,0,0,,Avenida,,ROSARIO,Rosario,S/D,S/D,II,Dentro,Urbana,S/D,S/D,Intersección,S/D,Buena,Nocturna,Buen Tiempo,Lateral,S/D,Colisión,S/D,S/D,S/D,S/D,POINT (-60.651806750000006 -32.9378818),"['Catamarca', 'Bulevar Nicasio Oroño']",2,Catamarca; Bulevar Nicasio Oroño,-32.9378818,-60.651806750000006,55.0,538.0,Municipio Rosario,Municipio,Rosario,820210,Servicio de Catastro e Información Territorial,IGN
2016,864,2016-02-26,Viernes,0.0,3:45:00,,0.0,2,"Automóvil,Automóvil",Cordoba Y Av. Francia,3,1,0,0,2,0,0,,Avenida,,ROSARIO,Rosario,Asfalto,S/D,II,Dentro,Urbana,S/D,S/D,S/D,S/D,S/D,Nocturna,S/D,S/D,S/D,Colisión,S/D,S/D,S/D,S/D,POINT (-60.6655272 -32.94154475),"['Córdoba', 'Avenida Francia']",2,Córdoba; Avenida Francia,-32.94154475,-60.6655272,55.0,538.0,Municipio Rosario,Municipio,Rosario,820210,Servicio de Catastro e Información Territorial,IGN
2016,865,2016-02-15,Lunes,0.0,12:30:00,,0.0,2,"Automóvil,Peatón",Av. Wheelwright Y Pte.Roca,2,1,0,0,1,0,0,,Avenida,,ROSARIO,Rosario,S/D,S/D,II,Dentro,Urbana,S/D,S/D,Intersección,S/D,Buena,Diurna,Buen Tiempo,S/D,S/D,Atropello,S/D,S/D,S/D,S/D,POINT (-60.6427887 -32.9358766),"['Avenida Guillermo Wheelwright', 'Roca']",2,Avenida Guillermo Wheelwright; Presidente Roca,-32.9358766,-60.6427887,55.0,538.0,Municipio Rosario,Municipio,Rosario,820210,Servicio de Catastro e Información Territorial,IGN
2016,866,2016-02-18,Jueves,0.0,7:40:00,,0.0,2,"Pickup/Utilitario,Moto/Ciclomotor",Ricchieri Y Rioja,2,1,0,0,1,0,0,,Calle,,ROSARIO,Rosario,Asfalto,S/D,II,S/D,Urbana,S/D,S/D,S/D,S/D,S/D,Diurna,S/D,S/D,S/D,Colisión,S/D,S/D,S/D,S/D,POINT (-60.6631309 -32.943174600000006),"['Ricchieri', 'Rioja']",2,Ricchieri; Rioja,-32.943174600000006,-60.6631309,55.0,538.0,Municipio Rosario,Municipio,Rosario,820210,Servicio de Catastro e Información Territorial,IGN
2016,867,2016-02-29,Lunes,0.0,20:15:00,,0.0,2,"Moto/Ciclomotor,Automóvil",Av. Ovidio Lagos Y Amenabar,2,1,0,0,1,0,0,,Avenida,,ROSARIO,Rosario,Asfalto,S/D,II,Dentro,Urbana,S/D,S/D,Recta,Bueno,Buena,"Nocturna,Con luz artificial",Buen Tiempo,Lateral,S/D,Colisión,S/D,S/D,Cordón divisorio,S/D,POINT (-60.66772746666666 -32.96808026666666),"['Avenida Ovidio Lagos', 'Amenabar']",2,Avenida Ovidio Lagos; José de Amenábar,-32.96808026666666,-60.66772746666666,55.0,538.0,Municipio Rosario,Municipio,Rosario,820210,Servicio de Catastro e Información Territorial,IGN
2016,868,2016-02-24,Miercoles,0.0,,,0.0,2,"Otros,Moto/Ciclomotor",Av. Ovidio Lagos Y Rioja,2,1,0,0,0,0,1,,S/D,,ROSARIO,Rosario,Asfalto,S/D,II,Dentro,Urbana,S/D,S/D,S/D,S/D,S/D,S/D,S/D,S/D,S/D,Colisión,S/D,S/D,S/D,S/D,POINT (-60.661744600000006 -32.943415499999986),"['Avenida Ovidio Lagos', 'Rioja']",2,Avenida Ovidio Lagos; Rioja,-32.943415499999986,-60.661744600000006,55.0,538.0,Municipio Rosario,Municipio,Rosario,820210,Servicio de Catastro e Información Territorial,IGN
2016,869,2016-02-18,Jueves,0.0,18:30:00,,0.0,2,"Bicicleta,Pickup/Utilitario",Cordoba 4600,2,1,0,0,1,0,0,,Calle,,ROSARIO,Rosario,Asfalto,S/D,II,Dentro,Urbana,S/D,S/D,S/D,S/D,S/D,Atardecer,S/D,S/D,S/D,Atropello,S/D,S/D,S/D,S/D,"-32.9407942, -60.6696826",['Cordoba 4600'],1,Cordoba 4600,-32.9407942,-60.6696826,55.0,538.0,Municipio Rosario,Municipio,Rosario,820210,Servicio de Catastro e Información Territorial,IGN
2016,871,2016-02-07,Domingo,0.0,18:00:00,,0.0,2,"Moto/Ciclomotor,Automóvil",Santiago Y San Luis,2,1,0,0,1,0,0,,Calle,,ROSARIO,Rosario,Asfalto,S/D,II,Dentro,Urbana,S/D,S/D,S/D,S/D,S/D,Atardecer,S/D,S/D,S/D,Colisión,S/D,S/D,S/D,S/D,POINT (-60.656666 -32.945839899999996),"['Santiago', 'San Luis']",2,Santiago; San Luis,-32.9458399,-60.656666,55.0,538.0,Municipio Rosario,Municipio,Rosario,820210,Servicio de Catastro e Información Territorial,IGN
2016,872,2016-02-01,Lunes,0.0,11:50:00,,0.0,2,"Moto/Ciclomotor,Pickup/Utilitario",Khantuta Y Paraguay,2,1,0,0,1,0,0,,Calle,,ROSARIO,Rosario,Asfalto,No existe,II,Dentro,Urbana,Ninguna,No existe,Recta,Deteriorada,Buena,Diurna,Otro,Otro,S/D,Colisión,Ninguna,Horizontal,Ninguna,Sin restricción,POINT (-60.65429540000001 -33.0120571),"['Khantuta', 'Paraguay']",2,Khantuta; Paraguay,-33.0120571,-60.65429540000001,55.0,538.0,Municipio Rosario,Municipio,Rosario,820210,Servicio de Catastro e Información Territorial,IGN
2016,874,2016-02-04,Jueves,0.0,16:00:00,,0.0,2,"Moto/Ciclomotor,Automóvil",Pte.Roca Y Padre R. Giaccone,3,2,0,0,1,0,0,,Calle,,ROSARIO,Rosario,Asfalto,No existe,II,Dentro,Urbana,Otra Señal,No existe,Intersección,Bueno,Buena,Diurna,Otro,Otro,S/D,Colisión,Ninguna,Horizontal,Ninguna,Sin restricción,POINT (-60.655934300000006 -33.00816929999999),"['Roca', 'Padre R. Giaccone']",2,Presidente Roca; Padre R. Giaccone,-33.00816929999999,-60.655934300000006,55.0,538.0,Municipio Rosario,Municipio,Rosario,820210,Servicio de Catastro e Información Territorial,IGN
2016,875,2016-02-21,Domingo,0.0,11:30:00,,0.0,2,"Transporte de Pasajeros Urbano (> 8 asientos),Automóvil",Sarmiento Y San Luis,2,1,0,0,1,0,0,,Calle,,ROSARIO,Rosario,Asfalto,No existe,II,Dentro,Urbana,S/D,S/D,Intersección,Bueno,Buena,Diurna,Buen Tiempo,Lateral,S/D,Colisión,S/D,S/D,Cordón divisorio,Sin restricción,POINT (-60.6388307 -32.949042999999996),"['Sarmiento', 'San Luis']",2,Sarmiento; San Luis,-32.949043,-60.6388307,55.0,538.0,Municipio Rosario,Municipio,Rosario,820210,Servicio de Catastro e Información Territorial,IGN
2016,876,2016-02-05,Viernes,0.0,14:20:00,,0.0,2,"Bicicleta,Transporte de Pasajeros Urbano (> 8 asientos)",San Martin ,2,1,0,0,1,0,0,,Avenida,,ROSARIO,Rosario,Asfalto,No existe,II,Dentro,Urbana,Ninguna,Funciona,Intersección,Bueno,Buena,Diurna,Otro,S/D,S/D,Atropello,Ninguna,Vertical,Línea divisoria pintada,Sin restricción,"-32.9764777, -60.6372639",['San Martin'],1,San Martin,-32.9764777,-60.6372639,55.0,538.0,Municipio Rosario,Municipio,Rosario,820210,Servicio de Catastro e Información Territorial,IGN
2016,877,2016-02-22,Lunes,0.0,17:50:00,,0.0,2,"Transporte de Pasajeros Urbano (> 8 asientos),Peatón",Entre Rios Y San Luis,2,1,0,0,1,0,0,,Calle,,ROSARIO,Rosario,S/D,S/D,II,Dentro,Urbana,Semáforo,Funciona,Intersección,S/D,Buena,Diurna,Buen Tiempo,S/D,S/D,Atropello,S/D,Vertical,S/D,S/D,POINT (-60.6415602 -32.9485507),"['Entre Ríos', 'San Luis']",2,Entre Ríos; San Luis,-32.9485507,-60.6415602,55.0,538.0,Municipio Rosario,Municipio,Rosario,820210,Servicio de Catastro e Información Territorial,IGN
2016,878,2016-02-20,Sabado,0.0,7:40:00,,0.0,2,"Pickup/Utilitario,Moto/Ciclomotor",Montevideo Y Ayacucho,2,1,0,0,1,0,0,,Calle,,ROSARIO,Rosario,Asfalto,S/D,II,Dentro,Urbana,S/D,S/D,Intersección,Bueno,Buena,Diurna,S/D,Lateral,S/D,Colisión,S/D,S/D,Cordón divisorio,S/D,POINT (-60.629323799999995 -32.9581269),"['Montevideo', 'Ayacucho']",2,Montevideo; Ayacucho,-32.9581269,-60.6293238,55.0,538.0,Municipio Rosario,Municipio,Rosario,820210,Servicio de Catastro e Información Territorial,IGN
2016,879,2016-02-12,Viernes,0.0,17:10:00,,0.0,2,"Bicicleta,Pickup/Utilitario",9 De Julio 900,2,1,0,0,1,0,0,,Calle,,ROSARIO,Rosario,Asfalto,S/D,II,Dentro,Urbana,S/D,S/D,Recta,Bueno,Buena,Diurna,S/D,S/D,S/D,Atropello,S/D,S/D,Cordón divisorio,S/D,"-32.9543787, -60.637101",['9 De Julio 900'],1,9 De Julio 900,-32.9543787,-60.637101,55.0,538.0,Municipio Rosario,Municipio,Rosario,820210,Servicio de Catastro e Información Territorial,IGN
2016,880,2016-02-10,Miercoles,0.0,12:10:00,,0.0,2,"Automóvil,Taxi/Remis",Av. Pellegrini 500,2,1,0,0,1,0,0,,Calle,,ROSARIO,Rosario,Asfalto,S/D,II,Dentro,Urbana,Semáforo,Funciona,Recta,Bueno,Buena,Diurna,Buen Tiempo,De alcance,S/D,Colisión,S/D,S/D,Cordón divisorio,Sin restricción,"-32.958705, -60.6323066",['Pellegrini 500'],1,Pellegrini 500,-32.958705,-60.6323066,55.0,538.0,Municipio Rosario,Municipio,Rosario,820210,Servicio de Catastro e Información Territorial,IGN
2016,881,2016-02-08,Lunes,0.0,11:30:00,,0.0,2,"Vehículo Oficial,Automóvil",San Juan Y Buenos Aires,2,1,0,0,1,0,0,,Calle,,ROSARIO,Rosario,Asfalto,S/D,II,Dentro,Urbana,S/D,S/D,Intersección,Bueno,Buena,Diurna,S/D,Lateral,S/D,Colisión,S/D,S/D,Cordón divisorio,S/D,POINT (-60.633651799999996 -32.951220600000006),"['San Juan', 'Buenos Aires']",2,San Juan; Buenos Aires,-32.951220600000006,-60.6336518,55.0,538.0,Municipio Rosario,Municipio,Rosario,820210,Servicio de Catastro e Información Territorial,IGN
2016,882,2016-02-25,Jueves,0.0,16:00:00,,0.0,2,"Peatón,Transporte de Pasajeros Urbano (> 8 asientos)",Santa Fe Y Bv. Oroño,2,1,0,0,1,0,0,,Avenida,,ROSARIO,Rosario,Asfalto,S/D,II,Dentro,Urbana,S/D,Funciona,Intersección,S/D,Buena,Diurna,Buen Tiempo,S/D,S/D,Caída ocupante,S/D,Vertical,S/D,S/D,POINT (-60.65298555 -32.94236794999999),"['Santa Fe', 'Bulevar Nicasio Oroño']",2,Santa Fe; Bulevar Nicasio Oroño,-32.94236794999999,-60.65298555,55.0,538.0,Municipio Rosario,Municipio,Rosario,820210,Servicio de Catastro e Información Territorial,IGN
2016,883,2016-02-11,Jueves,0.0,21:30:00,,0.0,2,"Taxi/Remis,Automóvil",Entre Rios Y San Juan,3,1,0,0,2,0,0,,Calle,,ROSARIO,Rosario,Asfalto,S/D,II,Dentro,Urbana,Semáforo,S/D,Intersección,Bueno,S/D,Nocturna,Buen Tiempo,Lateral,S/D,Colisión,S/D,S/D,Cordón divisorio,Sin restricción,POINT (-60.6418515 -32.9496493),"['Entre Ríos', 'San Juan']",2,Entre Ríos; San Juan,-32.9496493,-60.6418515,55.0,538.0,Municipio Rosario,Municipio,Rosario,820210,Servicio de Catastro e Información Territorial,IGN