anio_acci,nro_acci,fecha,desc_dia,fecha_aprox,hora_aprox,desc_ruta,km,cant_participantes,desc_participante,calle_avenida_km,total,heridos_leves,heridos_graves,heridos_gravisimos,ilesos,fallecidos,sin_datos,posicion_XY,desc_tipo_via,desc_ruta_ori,desc_loc,desc_dpto,desc_tipo_calzada,desc_tipo_banquina,desc_unidad_regional,desc_lugar_calzada,desc_zona,desc_prioridad,desc_estado_semaforo,desc_lugar_via,desc_estado_via,desc_estado_visibilidad,desc_luminosidad,desc_estado_clima,desc_tipo_colision,desc_tipo_atropello,desc_tipo_hecho,desc_pres_calzada,desc_senializacion,desc_separacion_via,desc_restriccion,forma_geocod,calle_lista,numero_calles,calles_osm,lat,lon,index_right,gid,fna,gna,nam,in1,fdc,sag
2016,884,2016-02-27,Sabado,0.0,7:15:00,,0.0,2,"Taxi/Remis,Automóvil",Sarmiento Y 3 De Febrero,2,1,0,0,1,0,0,,Calle,,ROSARIO,Rosario,Asfalto,S/D,II,Dentro,Urbana,S/D,No existe,Intersección,Bueno,Buena,Diurna,Buen Tiempo,Lateral,S/D,Colisión,S/D,S/D,S/D,S/D,POINT (-60.63974480000001 -32.9527553),"['Sarmiento', '3 de Febrero']",2,Sarmiento; 3 de Febrero,-32.9527553,-60.63974480000001,55.0,538.0,Municipio Rosario,Municipio,Rosario,820210,Servicio de Catastro e Información Territorial,IGN
2016,885,2016-02-25,Jueves,0.0,11:20:00,,0.0,2,"Transporte de Pasajeros Urbano (> 8 asientos),Automóvil",Av. Pellegrini Y Sarmiento,3,2,0,0,1,0,0,,Avenida,,ROSARIO,Rosario,Asfalto,No existe,II,Dentro,Urbana,Semáforo,Funciona,Recta,Bueno,Buena,Diurna,Buen Tiempo,Lateral,S/D,Colisión,S/D,Vertical,S/D,S/D,POINT (-60.6408663 -32.95730775),"['Pellegrini', 'Sarmiento']",2,Avenida Carlos Pellegrini; Sarmiento,-32.95730775,-60.6408663,55.0,538.0,Municipio Rosario,Municipio,Rosario,820210,Servicio de Catastro e Información Territorial,IGN
2016,886,2016-02-25,Jueves,0.0,23:50:00,,0.0,2,"Moto/Ciclomotor,Automóvil",Mitre Y 3 De Febrero,2,1,0,0,1,0,0,,Calle,,ROSARIO,Rosario,Asfalto,No existe,II,Dentro,Urbana,Ninguna,No existe,Recta,Bueno,Buena,"Nocturna,Con luz artificial",Buen Tiempo,De alcance,S/D,Colisión,S/D,S/D,Cordón divisorio,Sin restricción,POINT (-60.64116020000001 -32.952497),"['Mitre', '3 de Febrero']",2,Bartolomé Mitre; 3 de Febrero,-32.952497,-60.64116020000001,55.0,538.0,Municipio Rosario,Municipio,Rosario,820210,Servicio de Catastro e Información Territorial,IGN
2016,887,2016-02-23,Martes,0.0,15:00:00,,0.0,2,"Peatón,Pickup/Utilitario",Pte.Roca Y Rioja,2,1,0,0,1,0,0,,Calle,,ROSARIO,Rosario,Asfalto,Pavimento,II,Dentro,Urbana,Semáforo,Funciona,Intersección,Bueno,Buena,Diurna,Buen Tiempo,S/D,S/D,Atropello,S/D,Vertical,Cordón divisorio,Sin restricción,POINT (-60.6453839 -32.94636289999999),"['Roca', 'Rioja']",2,Presidente Roca; Rioja,-32.94636289999999,-60.6453839,55.0,538.0,Municipio Rosario,Municipio,Rosario,820210,Servicio de Catastro e Información Territorial,IGN
2016,888,2016-02-09,Martes,0.0,18:30:00,,0.0,2,"Automóvil,Pickup/Utilitario",Dr.Rivas Y Buenos Aires,2,1,0,0,1,0,0,,Calle,,ROSARIO,Rosario,Asfalto,No existe,II,S/D,Urbana,Ninguna,No existe,Intersección,Bueno,Buena,Diurna,Buen Tiempo,Lateral,S/D,Colisión,Ninguna,Faltante,Ninguna,Sin restricción,POINT (-60.64209 -32.9846811),"['Doctor Francisco Riva', 'Buenos Aires']",2,Doctor Francisco Riva; Buenos Aires,-32.9846811,-60.64209,55.0,538.0,Municipio Rosario,Municipio,Rosario,820210,Servicio de Catastro e Información Territorial,IGN
2016,889,2016-02-11,Jueves,0.0,17:30:00,,0.0,2,"Moto/Ciclomotor,Automóvil",L.N.Alem Y Centeno,2,1,0,0,1,0,0,,Calle,,ROSARIO,Rosario,Asfalto,No existe,II,Dentro,Urbana,Ninguna,No existe,Intersección,Bueno,Buena,Diurna,Buen Tiempo,Lateral,S/D,Colisión,Ninguna,Faltante,Ninguna,Sin restricción,POINT (-60.63794570000001 -32.98657800000001),"['Alem', 'Centeno']",2,Leandro N. Alem; Coronel Centeno,-32.98657800000001,-60.63794570000001,55.0,538.0,Municipio Rosario,Municipio,Rosario,820210,Servicio de Catastro e Información Territorial,IGN
2016,890,2016-02-11,Jueves,0.0,13:30:00,,0.0,2,"Moto/Ciclomotor,Automóvil",Ayolas Y Maipu,2,1,0,0,1,0,0,,Calle,,ROSARIO,Rosario,Asfalto,No existe,II,Dentro,Urbana,Ninguna,S/D,Intersección,Bueno,S/D,Diurna,Buen Tiempo,Lateral,S/D,Colisión,S/D,S/D,Ninguna,Sin restricción,POINT (-60.64305350000001 -32.977283299999996),"['Ayolas', 'Maipú']",2,Ayolas; Maipú,-32.9772833,-60.64305350000001,55.0,538.0,Municipio Rosario,Municipio,Rosario,820210,Servicio de Catastro e Información Territorial,IGN
2016,891,2016-02-14,Domingo,0.0,17:00:00,,0.0,2,"Taxi/Remis,Automóvil",Buenos Aires Y Ayolas,2,1,0,0,1,0,0,,Calle,,ROSARIO,Rosario,Asfalto,No existe,II,Dentro,Urbana,Semáforo,Funciona,Recta,Bueno,Buena,Diurna,Buen Tiempo,De alcance,S/D,Colisión,Ninguna,Faltante,Ninguna,Sin restricción,POINT (-60.64034620000001 -32.9777879),"['Buenos Aires', 'Ayolas']",2,Buenos Aires; Ayolas,-32.9777879,-60.64034620000001,55.0,538.0,Municipio Rosario,Municipio,Rosario,820210,Servicio de Catastro e Información Territorial,IGN
2016,892,2016-02-18,Jueves,0.0,9:05:00,,0.0,2,"Moto/Ciclomotor,Automóvil",Ayacucho Y Garay,2,1,0,0,1,0,0,,Calle,,ROSARIO,Rosario,Asfalto,No existe,II,Dentro,Urbana,Ninguna,No existe,Intersección,Bueno,Buena,Diurna,Buen Tiempo,Lateral,S/D,Colisión,Ninguna,Faltante,Ninguna,Sin restricción,POINT (-60.6339717 -32.9765122),"['Ayacucho', 'Garay']",2,Ayacucho; Juan de Garay,-32.9765122,-60.6339717,55.0,538.0,Municipio Rosario,Municipio,Rosario,820210,Servicio de Catastro e Información Territorial,IGN
2016,893,2016-02-21,Domingo,0.0,7:00:00,,0.0,2,"Automóvil,Otros",Sarmiento Y Rioja,3,2,0,0,1,0,0,,Calle,,ROSARIO,Rosario,Asfalto,S/D,II,Dentro,Urbana,Ninguna,S/D,Intersección,S/D,S/D,Diurna,Buen Tiempo,S/D,S/D,Colisión,S/D,S/D,Cordón divisorio,Sin restricción,POINT (-60.63849449999999 -32.947679599999994),"['Sarmiento', 'Rioja']",2,Sarmiento; Rioja,-32.947679599999994,-60.63849449999999,55.0,538.0,Municipio Rosario,Municipio,Rosario,820210,Servicio de Catastro e Información Territorial,IGN
2016,894,2016-02-20,Sabado,0.0,16:15:00,,0.0,2,"Automóvil,Automóvil",Bv. Oroño Y Santa Fe,2,1,0,0,1,0,0,,Calle,,ROSARIO,Rosario,Asfalto,S/D,II,Dentro,Urbana,Ninguna,S/D,Recta,Bueno,S/D,Diurna,Buen Tiempo,Frontal,S/D,Colisión,S/D,Vertical,Cordón divisorio,Sin restricción,POINT (-60.65298555 -32.94236794999999),"['Bulevar Nicasio Oroño', 'Santa Fe']",2,Bulevar Nicasio Oroño; Santa Fe,-32.94236794999999,-60.65298555,55.0,538.0,Municipio Rosario,Municipio,Rosario,820210,Servicio de Catastro e Información Territorial,IGN
2016,895,2016-02-28,Domingo,0.0,6:30:00,,0.0,2,"Automóvil,Automóvil",9 De Julio Y Balcarce,4,1,0,0,3,0,0,,Calle,,ROSARIO,Rosario,Asfalto,No existe,II,Dentro,Urbana,Ninguna,Funciona,Intersección,Bueno,Buena,Amanecer,Buen Tiempo,Lateral,S/D,Colisión,S/D,Faltante,Cordón divisorio,Sin restricción,POINT (-60.6538105 -32.95138879999999),"['9 de Julio', 'Balcarce']",2,9 de Julio; Balcarce,-32.95138879999999,-60.6538105,55.0,538.0,Municipio Rosario,Municipio,Rosario,820210,Servicio de Catastro e Información Territorial,IGN
2016,896,2016-02-24,Miercoles,0.0,,,0.0,2,"Pickup/Utilitario,Automóvil",Dorrego Y Montevideo,2,1,0,0,1,0,0,,Calle,,ROSARIO,Rosario,Asfalto,No existe,II,Dentro,Urbana,Ninguna,No existe,Recta,Bueno,Buena,S/D,Buen Tiempo,Lateral,S/D,Colisión,S/D,Faltante,Cordón divisorio,Sin restricción,POINT (-60.651640799999996 -32.95416689999999),"['Dorrego', 'Montevideo']",2,Manuel Dorrego; Montevideo,-32.95416689999999,-60.6516408,55.0,538.0,Municipio Rosario,Municipio,Rosario,820210,Servicio de Catastro e Información Territorial,IGN
2016,897,2016-02-15,Lunes,0.0,10:00:00,,0.0,2,"Otros,Taxi/Remis",9 De Julio Y Entre Rios,4,2,0,0,1,0,1,,Calle,,ROSARIO,Rosario,Asfalto,S/D,II,Dentro,Urbana,Ninguna,S/D,Intersección,Bueno,S/D,Diurna,Buen Tiempo,Frontal,S/D,Colisión,S/D,Vertical,Cordón divisorio,Sin restricción,POINT (-60.64278060000001 -32.953352300000006),"['9 de Julio', 'Entre Ríos']",2,9 de Julio; Entre Ríos,-32.953352300000006,-60.64278060000001,55.0,538.0,Municipio Rosario,Municipio,Rosario,820210,Servicio de Catastro e Información Territorial,IGN
2016,898,2016-02-03,Miercoles,0.0,16:40:00,,0.0,2,"Automóvil,Moto/Ciclomotor",Av. Wheelwright Y Pte.Roca,2,1,0,0,1,0,0,,Calle,,ROSARIO,Rosario,Asfalto,No existe,II,Dentro,Urbana,S/D,S/D,Intersección,Bueno,Buena,Diurna,S/D,S/D,S/D,Colisión,S/D,S/D,S/D,S/D,POINT (-60.6427887 -32.9358766),"['Avenida Guillermo Wheelwright', 'Roca']",2,Avenida Guillermo Wheelwright; Presidente Roca,-32.9358766,-60.6427887,55.0,538.0,Municipio Rosario,Municipio,Rosario,820210,Servicio de Catastro e Información Territorial,IGN
2016,899,2016-02-22,Lunes,0.0,17:45:00,,0.0,2,"Automóvil,Peatón",Salta Y Dorrego,2,1,0,0,1,0,0,,Calle,,ROSARIO,Rosario,Asfalto,S/D,II,Dentro,Urbana,S/D,S/D,Recta,Bueno,Buena,Diurna,Buen Tiempo,S/D,S/D,Atropello,S/D,S/D,S/D,S/D,POINT (-60.647418 -32.937457099999996),"['Salta', 'Dorrego']",2,Salta; Manuel Dorrego,-32.9374571,-60.647418,55.0,538.0,Municipio Rosario,Municipio,Rosario,820210,Servicio de Catastro e Información Territorial,IGN
2016,900,2016-02-25,Jueves,0.0,8:15:00,,0.0,2,"Automóvil,Bicicleta",Salta Y Pte.Roca,2,1,0,0,1,0,0,,Calle,,ROSARIO,Rosario,S/D,S/D,II,Dentro,Urbana,S/D,S/D,S/D,S/D,Buena,Diurna,S/D,S/D,S/D,Atropello,S/D,S/D,S/D,S/D,POINT (-60.6433407 -32.938203599999994),"['Salta', 'Roca']",2,Salta; Presidente Roca,-32.938203599999994,-60.6433407,55.0,538.0,Municipio Rosario,Municipio,Rosario,820210,Servicio de Catastro e Información Territorial,IGN
2016,901,2016-02-19,Viernes,0.0,19:10:00,,0.0,2,"Moto/Ciclomotor,Automóvil",Bv. Segui Y J.M.de Rosas,3,2,0,0,1,0,0,,Calle,,ROSARIO,Rosario,Asfalto,No existe,II,Dentro,Urbana,Ninguna,No existe,Intersección,Bueno,Buena,"Atardecer,Con luz artificial",Buen Tiempo,Lateral,S/D,Colisión,Ninguna,Faltante,Ninguna,Sin restricción,POINT (-60.63947580000001 -32.98032074999999),"['Bulevar Juan Francisco Seguí', 'De Rosas']",2,Bulevar Juan Francisco Seguí; Juan Manuel de Rosas,-32.98032074999999,-60.63947580000001,55.0,538.0,Municipio Rosario,Municipio,Rosario,820210,Servicio de Catastro e Información Territorial,IGN
2016,902,2016-02-08,Lunes,0.0,1:26:00,,0.0,2,"Moto/Ciclomotor,Taxi/Remis",Av. Bermudez Y Pje. Pelikan,2,1,0,0,1,0,0,,Calle,,ROSARIO,Rosario,Asfalto,No existe,II,Dentro,Urbana,Ninguna,S/D,Intersección,Deteriorada,Reducida,Nocturna,Lluvia,S/D,S/D,Colisión,S/D,Horizontal,Ninguna,Sin restricción,POINT (-60.6423389 -33.00765930000001),"['Bermudez', 'Pelikán']",2,Avenida José Bermúdez; Pelikán,-33.00765930000001,-60.6423389,55.0,538.0,Municipio Rosario,Municipio,Rosario,820210,Servicio de Catastro e Información Territorial,IGN
2016,903,2016-02-22,Lunes,0.0,8:45:00,,0.0,2,"Moto/Ciclomotor,Automóvil",Bv. Segui Y Laprida,2,1,0,0,1,0,0,,Calle,,ROSARIO,Rosario,Asfalto,No existe,II,Dentro,Urbana,Ninguna,No existe,Intersección,Bueno,Buena,Diurna,Buen Tiempo,Lateral,S/D,Colisión,Ninguna,Faltante,Ninguna,Sin restricción,POINT (-60.64243230000001 -32.97979135),"['Bulevar Juan Francisco Seguí', 'Laprida']",2,Bulevar Juan Francisco Seguí; Francisco Narciso Laprida,-32.97979135,-60.64243230000001,55.0,538.0,Municipio Rosario,Municipio,Rosario,820210,Servicio de Catastro e Información Territorial,IGN
2016,904,2016-02-29,Lunes,0.0,17:00:00,,0.0,2,"Peatón,Automóvil",Av. Corrientes Y Biedma,2,1,0,0,1,0,0,,Calle,,ROSARIO,Rosario,Asfalto,No existe,II,Dentro,Urbana,Ninguna,No existe,Intersección,Bueno,Buena,Diurna,Buen Tiempo,S/D,S/D,Atropello,Ninguna,S/D,Ninguna,Sin restricción,POINT (-60.6511938 -32.9806414),"['Corrientes', 'Coronel Biedma']",2,Corrientes; Coronel Biedma,-32.9806414,-60.6511938,55.0,538.0,Municipio Rosario,Municipio,Rosario,820210,Servicio de Catastro e Información Territorial,IGN
2016,905,2016-02-27,Sabado,0.0,17:20:00,,0.0,2,"Moto/Ciclomotor,Automóvil",Paraguay Y Bv. Segui,2,1,0,0,1,0,0,,Calle,,ROSARIO,Rosario,Asfalto,No existe,II,Dentro,Urbana,Ninguna,No existe,Intersección,Bueno,Buena,Diurna,Buen Tiempo,De alcance,S/D,Colisión,Ninguna,S/D,Ninguna,Sin restricción,POINT (-60.6519554 -32.9780774),"['Paraguay', 'Bulevar Juan Francisco Seguí']",2,Paraguay; Bulevar Juan Francisco Seguí,-32.9780774,-60.6519554,55.0,538.0,Municipio Rosario,Municipio,Rosario,820210,Servicio de Catastro e Información Territorial,IGN
2016,906,2016-02-11,Jueves,0.0,21:00:00,,0.0,2,"Moto/Ciclomotor,Automóvil",Av. Battle y Ordoñez Y Laprida,2,1,0,0,1,0,0,,Calle,,ROSARIO,Rosario,Asfalto,No existe,II,Dentro,Urbana,Ninguna,Funciona,Recta,Bueno,Buena,Nocturna,Buen Tiempo,S/D,S/D,Colisión,S/D,Vertical,Línea divisoria pintada,Sin restricción,POINT (-60.64674879999999 -33.00887749999998),"['Avenida Battle y Ordoñez', 'Laprida']",2,Avenida Battle y Ordoñez; Francisco Narciso Laprida,-33.00887749999998,-60.64674879999999,55.0,538.0,Municipio Rosario,Municipio,Rosario,820210,Servicio de Catastro e Información Territorial,IGN
2016,907,2016-02-22,Lunes,0.0,20:00:00,,0.0,2,"Peatón,Automóvil",Mitre Y Dr.Rivas,2,1,0,0,1,0,0,,Calle,,ROSARIO,Rosario,Asfalto,No existe,II,Dentro,Urbana,Ninguna,No existe,Intersección,Bueno,Buena,Diurna,Buen Tiempo,S/D,S/D,Atropello,Ninguna,S/D,Ninguna,Sin restricción,POINT (-60.64892420000001 -32.9834273),"['Mitre', 'Doctor Francisco Riva']",2,Bartolomé Mitre; Doctor Francisco Riva,-32.9834273,-60.64892420000001,55.0,538.0,Municipio Rosario,Municipio,Rosario,820210,Servicio de Catastro e Información Territorial,IGN
2016,908,2016-02-12,Viernes,0.0,21:00:00,,0.0,2,"Moto/Ciclomotor,Pickup/Utilitario",San Martin 6300,2,1,0,0,1,0,0,,Calle,,ROSARIO,Rosario,Asfalto,No existe,II,Dentro,Urbana,Ninguna,Funciona,Recta,Bueno,Buena,Nocturna,Buen Tiempo,S/D,S/D,Colisión,S/D,Vertical,Línea divisoria pintada,Sin restricción,"-32.9764777, -60.6372639",['San Martin 6300'],1,San Martin 6300,-32.9764777,-60.6372639,55.0,538.0,Municipio Rosario,Municipio,Rosario,820210,Servicio de Catastro e Información Territorial,IGN
2016,909,2016-02-13,Sabado,0.0,21:00:00,,0.0,2,"Moto/Ciclomotor,Automóvil",San Martin Y Calle 503,3,2,0,0,1,0,0,,Calle,,ROSARIO,Rosario,Asfalto,No existe,II,Dentro,Urbana,Ninguna,Funciona,Recta,Bueno,Buena,Nocturna,Buen Tiempo,S/D,S/D,Colisión,S/D,Vertical,Línea divisoria pintada,Sin restricción,POINT (-60.6518811 -33.015022200000004),"['San Martin', 'Calle 503']",2,José de San Martín; Calle 503,-33.015022200000004,-60.6518811,55.0,538.0,Municipio Rosario,Municipio,Rosario,820210,Servicio de Catastro e Información Territorial,IGN
2016,910,2016-02-20,Sabado,0.0,15:40:00,,0.0,2,"Moto/Ciclomotor,Automóvil",Rui Barbosa 800,3,1,0,0,2,0,0,,Calle,,ROSARIO,Rosario,Asfalto,No existe,II,Dentro,Urbana,Ninguna,No existe,Recta,Bueno,Buena,Diurna,S/D,S/D,S/D,Colisión,S/D,Faltante,Ninguna,Sin restricción,"-33.0059506, -60.6348956",['Rui Barbosa 800'],1,Rui Barbosa 800,-33.0059506,-60.6348956,55.0,538.0,Municipio Rosario,Municipio,Rosario,820210,Servicio de Catastro e Información Territorial,IGN
2016,912,2016-02-17,Miercoles,0.0,16:55:00,,0.0,2,"Moto/Ciclomotor,Automóvil",Garibaldi Y Pte.Roca,2,1,0,0,1,0,0,,Calle,,ROSARIO,Rosario,Asfalto,No existe,II,Dentro,Urbana,S/D,No existe,Intersección,Bueno,Buena,Diurna,Buen Tiempo,Lateral,S/D,Colisión,Ninguna,Faltante,Ninguna,Sin restricción,POINT (-60.655083000000005 -32.9847394),"['José Garibaldi', 'Roca']",2,José Garibaldi; Presidente Roca,-32.9847394,-60.655083000000005,55.0,538.0,Municipio Rosario,Municipio,Rosario,820210,Servicio de Catastro e Información Territorial,IGN
2016,913,2016-02-25,Jueves,0.0,11:15:00,,0.0,2,"Peatón,Bicicleta",Av. Corrientes Y Cordoba,2,1,0,0,1,0,0,,Calle,,ROSARIO,Rosario,Asfalto,No existe,II,Dentro,Urbana,Semáforo,Funciona,Intersección,Bueno,Buena,Diurna,Buen Tiempo,S/D,S/D,Atropello,S/D,Vertical,S/D,S/D,POINT (-60.64233070000001 -32.94567669999999),"['Corrientes', 'Córdoba']",2,Corrientes; Córdoba,-32.94567669999999,-60.64233070000001,55.0,538.0,Municipio Rosario,Municipio,Rosario,820210,Servicio de Catastro e Información Territorial,IGN
2016,915,2016-02-22,Lunes,0.0,9:05:00,,0.0,2,"Taxi/Remis,Bicicleta",San Juan Y Balcarce,2,1,0,0,1,0,0,,Calle,,ROSARIO,Rosario,Asfalto,No existe,II,Dentro,Urbana,S/D,No existe,Recta,Bueno,Buena,Diurna,Buen Tiempo,S/D,S/D,Atropello,S/D,Faltante,S/D,S/D,POINT (-60.6528703 -32.947698),"['San Juan', 'Balcarce']",2,San Juan; Balcarce,-32.947698,-60.6528703,55.0,538.0,Municipio Rosario,Municipio,Rosario,820210,Servicio de Catastro e Información Territorial,IGN
2016,916,2016-02-25,Jueves,0.0,16:00:00,,0.0,2,"Automóvil,Moto/Ciclomotor",Cordoba Y Bv. Oroño,2,1,0,0,1,0,0,,Avenida,,ROSARIO,Rosario,S/D,S/D,II,Dentro,Urbana,Semáforo,Funciona,Intersección,S/D,Buena,Diurna,Buen Tiempo,Lateral,S/D,Colisión,S/D,"Horizontal,Vertical",S/D,S/D,POINT (-60.653337 -32.943730650000006),"['Córdoba', 'Bulevar Nicasio Oroño']",2,Córdoba; Bulevar Nicasio Oroño,-32.943730650000006,-60.653337,55.0,538.0,Municipio Rosario,Municipio,Rosario,820210,Servicio de Catastro e Información Territorial,IGN
2016,917,2016-02-03,Miercoles,0.0,12:45:00,,0.0,2,"Automóvil,Automóvil",Dorrego Y Viamonte,2,1,0,0,1,0,0,,Calle,,ROSARIO,Rosario,Asfalto,S/D,II,Dentro,Urbana,S/D,S/D,Intersección,Bueno,Buena,Diurna,Buen Tiempo,Lateral,S/D,Colisión,S/D,S/D,S/D,S/D,POINT (-60.6539778 -32.963386299999996),"['Dorrego', 'Viamonte']",2,Manuel Dorrego; Viamonte,-32.9633863,-60.6539778,55.0,538.0,Municipio Rosario,Municipio,Rosario,820210,Servicio de Catastro e Información Territorial,IGN
2016,918,2016-02-03,Miercoles,0.0,14:20:00,,0.0,2,"Bicicleta,Automóvil",Mitre 2400,2,1,0,0,1,0,0,,Calle,,ROSARIO,Rosario,Asfalto,S/D,II,Dentro,Urbana,S/D,S/D,Intersección,Bueno,Buena,Diurna,Buen Tiempo,S/D,S/D,Atropello,S/D,S/D,S/D,S/D,"-32.9649676, -60.6443641",['Mitre 2400'],1,Mitre 2400,-32.9649676,-60.6443641,55.0,538.0,Municipio Rosario,Municipio,Rosario,820210,Servicio de Catastro e Información Territorial,IGN
2016,919,2016-02-03,Miercoles,0.0,20:50:00,,0.0,2,"Moto/Ciclomotor,Automóvil",Ituzaingo Y Pte.Roca,3,2,0,0,1,0,0,,Calle,,ROSARIO,Rosario,Asfalto,S/D,II,Dentro,Urbana,S/D,S/D,Intersección,Bueno,Buena,"Nocturna,Con luz artificial",S/D,Lateral,S/D,Colisión,S/D,S/D,S/D,S/D,POINT (-60.64869579999999 -32.95948909999999),"['Ituzaingó', 'Roca']",2,Ituzaingó; Presidente Roca,-32.95948909999999,-60.64869579999999,55.0,538.0,Municipio Rosario,Municipio,Rosario,820210,Servicio de Catastro e Información Territorial,IGN
2016,920,2016-02-22,Lunes,0.0,20:35:00,,0.0,2,"Moto/Ciclomotor,Moto/Ciclomotor",Suipacha Y Pje. Independencia,2,2,0,0,0,0,0,,Calle,,ROSARIO,Rosario,Asfalto,S/D,II,Dentro,Urbana,S/D,S/D,Intersección,Bueno,Buena,"Nocturna,Con luz artificial",Buen Tiempo,Lateral,S/D,Colisión,S/D,S/D,S/D,S/D,POINT (-60.6696848 -32.9636189),"['Suipacha', 'Independencia']",2,Suipacha; Independencia,-32.9636189,-60.6696848,55.0,538.0,Municipio Rosario,Municipio,Rosario,820210,Servicio de Catastro e Información Territorial,IGN
2016,921,2016-02-04,Jueves,0.0,12:20:00,,0.0,2,"Moto/Ciclomotor,Taxi/Remis",Sarmiento Y Galvez,2,1,0,0,1,0,0,,Calle,,ROSARIO,Rosario,Asfalto,S/D,II,Dentro,Urbana,S/D,No existe,Intersección,Bueno,Buena,Diurna,Buen Tiempo,Lateral,S/D,Colisión,S/D,S/D,S/D,S/D,POINT (-60.6437699 -32.968772),"['Sarmiento', 'Galvez']",2,Sarmiento; José Gálvez,-32.968772,-60.6437699,55.0,538.0,Municipio Rosario,Municipio,Rosario,820210,Servicio de Catastro e Información Territorial,IGN
2016,922,2016-02-02,Martes,0.0,11:30:00,,0.0,2,"Peatón,Transporte de Pasajeros Urbano (> 8 asientos)",España Y Pasco,2,1,0,0,1,0,0,,Calle,,ROSARIO,Rosario,S/D,S/D,II,Dentro,Urbana,S/D,S/D,Intersección,S/D,Buena,Diurna,Buen Tiempo,S/D,S/D,Caída ocupante,S/D,S/D,S/D,S/D,POINT (-60.6498031 -32.958074700000004),"['España', 'Pasco']",2,España; Pasco,-32.958074700000004,-60.6498031,55.0,538.0,Municipio Rosario,Municipio,Rosario,820210,Servicio de Catastro e Información Territorial,IGN
2016,923,2016-02-23,Martes,0.0,17:00:00,,0.0,2,"Moto/Ciclomotor,Automóvil",Pueyrredon Y Bv. 27 De Febrero,2,1,0,0,1,0,0,,Calle,,ROSARIO,Rosario,Asfalto,S/D,II,Dentro,Urbana,S/D,S/D,Intersección,Bueno,Buena,Diurna,Buen Tiempo,Lateral,S/D,Colisión,S/D,S/D,S/D,S/D,POINT (-60.6627028 -32.964221200000004),"['Pueyrredón', '27 de Febrero']",2,Pueyrredón; Bulevar 27 de Febrero,-32.964221200000004,-60.6627028,55.0,538.0,Municipio Rosario,Municipio,Rosario,820210,Servicio de Catastro e Información Territorial,IGN
2016,924,2016-02-05,Viernes,0.0,19:30:00,,0.0,2,"Moto/Ciclomotor,Automóvil",Bv. Oroño Y Cochabamba,2,1,0,0,1,0,0,,Calle,,ROSARIO,Rosario,Asfalto,S/D,II,Dentro,Urbana,S/D,S/D,Intersección,Bueno,Buena,Atardecer,Buen Tiempo,Lateral,S/D,Colisión,S/D,Vertical,S/D,S/D,POINT (-60.656339 -32.9556154),"['Bulevar Nicasio Oroño', 'Cochabamba']",2,Bulevar Nicasio Oroño; Cochabamba,-32.9556154,-60.656339,55.0,538.0,Municipio Rosario,Municipio,Rosario,820210,Servicio de Catastro e Información Territorial,IGN
2016,925,2016-02-23,Martes,0.0,19:55:00,,0.0,2,"Moto/Ciclomotor,Automóvil",Entre Rios Y Pasco,3,2,0,0,1,0,0,,Calle,,ROSARIO,Rosario,Asfalto,S/D,II,Dentro,Urbana,S/D,S/D,Intersección,Bueno,Buena,Nocturna,Buen Tiempo,Lateral,S/D,Colisión,S/D,S/D,S/D,S/D,POINT (-60.644253299999995 -32.9590723),"['Entre Ríos', 'Pasco']",2,Entre Ríos; Pasco,-32.9590723,-60.6442533,55.0,538.0,Municipio Rosario,Municipio,Rosario,820210,Servicio de Catastro e Información Territorial,IGN
2016,926,2016-02-17,Miercoles,0.0,13:50:00,,0.0,2,"Moto/Ciclomotor,Pickup/Utilitario",Rodriguez Y 24 De Setiembre,2,1,0,0,1,0,0,,Calle,,ROSARIO,Rosario,Asfalto,No existe,II,Dentro,Urbana,Ninguna,No existe,Intersección,Bueno,Buena,Diurna,Buen Tiempo,De alcance,S/D,Colisión,S/D,Faltante,Ninguna,Sin restricción,POINT (-60.667264 -32.97656549999999),"['Rodríguez', '24 de Septiembre']",2,Rodríguez de Escobedo; 24 de Septiembre,-32.97656549999999,-60.667264,55.0,538.0,Municipio Rosario,Municipio,Rosario,820210,Servicio de Catastro e Información Territorial,IGN
2016,927,2016-02-05,Viernes,0.0,19:25:00,,0.0,2,"Moto/Ciclomotor,Automóvil",Av. Pellegrini Y Pte.Roca,3,1,0,0,2,0,0,,Calle,,ROSARIO,Rosario,Asfalto,S/D,II,Dentro,Urbana,Semáforo,Funciona,Intersección,Bueno,Buena,Atardecer,Buen Tiempo,Lateral,S/D,Colisión,S/D,Vertical,S/D,S/D,POINT (-60.6478283 -32.95605889999999),"['Pellegrini', 'Roca']",2,Avenida Carlos Pellegrini; Presidente Roca,-32.95605889999999,-60.6478283,55.0,538.0,Municipio Rosario,Municipio,Rosario,820210,Servicio de Catastro e Información Territorial,IGN