anio_acci,nro_acci,fecha,desc_dia,fecha_aprox,hora_aprox,desc_ruta,km,cant_participantes,desc_participante,calle_avenida_km,total,heridos_leves,heridos_graves,heridos_gravisimos,ilesos,fallecidos,sin_datos,posicion_XY,desc_tipo_via,desc_ruta_ori,desc_loc,desc_dpto,desc_tipo_calzada,desc_tipo_banquina,desc_unidad_regional,desc_lugar_calzada,desc_zona,desc_prioridad,desc_estado_semaforo,desc_lugar_via,desc_estado_via,desc_estado_visibilidad,desc_luminosidad,desc_estado_clima,desc_tipo_colision,desc_tipo_atropello,desc_tipo_hecho,desc_pres_calzada,desc_senializacion,desc_separacion_via,desc_restriccion,forma_geocod,calle_lista,numero_calles,calles_osm,lat,lon,index_right,gid,fna,gna,nam,in1,fdc,sag
2016,928,2016-02-16,Martes,0.0,14:30:00,,0.0,2,"Bicicleta,Automóvil",Bv. Oroño Y Av. Dante Alighieri,2,1,0,0,1,0,0,,Avenida,,ROSARIO,Rosario,Asfalto,S/D,II,Dentro,Urbana,S/D,S/D,Intersección,Bueno,Buena,Diurna,Buen Tiempo,S/D,S/D,Atropello,S/D,S/D,S/D,S/D,POINT (-60.6579301 -32.961999649999996),"['Bulevar Nicasio Oroño', 'Dante Alighieri']",2,"('Ciclovía Bulevar Nicasio Oroño', 'Avenida Dante Alighieri')",-32.96199965,-60.6579301,55.0,538.0,Municipio Rosario,Municipio,Rosario,820210,Servicio de Catastro e Información Territorial,IGN
2016,930,2016-02-17,Miercoles,0.0,14:00:00,,0.0,2,"Automóvil,Moto/Ciclomotor",Garibaldi Y Pte.Roca,2,1,0,0,1,0,0,,Calle,,ROSARIO,Rosario,Asfalto,No existe,II,Dentro,Urbana,Ninguna,No existe,Intersección,Bueno,Buena,Diurna,Buen Tiempo,De alcance,S/D,Colisión,Ninguna,Faltante,Ninguna,Sin restricción,POINT (-60.655083000000005 -32.9847394),"['José Garibaldi', 'Roca']",2,José Garibaldi; Presidente Roca,-32.9847394,-60.655083000000005,55.0,538.0,Municipio Rosario,Municipio,Rosario,820210,Servicio de Catastro e Información Territorial,IGN
2016,931,2016-02-16,Martes,0.0,16:15:00,,0.0,2,"Automóvil,Automóvil",Av. Uriburu Y Sarmiento,4,2,0,0,2,0,0,,Calle,,ROSARIO,Rosario,Asfalto,No existe,II,Dentro,Urbana,Ninguna,No existe,Intersección,Bueno,Buena,Diurna,Buen Tiempo,De alcance,S/D,Colisión,Ninguna,Faltante,Ninguna,Sin restricción,POINT (-60.64935790000001 -32.990775299999996),"['Uriburu', 'Sarmiento']",2,Avenida José Uriburu; Sarmiento,-32.9907753,-60.64935790000001,55.0,538.0,Municipio Rosario,Municipio,Rosario,820210,Servicio de Catastro e Información Territorial,IGN
2016,932,2016-02-15,Lunes,0.0,17:40:00,,0.0,2,"Pickup/Utilitario,Moto/Ciclomotor",Bv. Oroño Y Bv. Segui,2,1,0,0,1,0,0,,Avenida,,ROSARIO,Rosario,Asfalto,No existe,II,Dentro,Urbana,Semáforo,Funciona,Intersección,Bueno,Buena,Diurna,Buen Tiempo,De alcance,S/D,Colisión,Ninguna,Vertical,Ninguna,Sin restricción,POINT (-60.661523700000004 -32.976367025),"['Bulevar Nicasio Oroño', 'Bulevar Juan Francisco Seguí']",2,Bulevar Nicasio Oroño; Bulevar Juan Francisco Seguí,-32.976367025,-60.6615237,55.0,538.0,Municipio Rosario,Municipio,Rosario,820210,Servicio de Catastro e Información Territorial,IGN
2016,933,2016-02-14,Domingo,0.0,13:10:00,,0.0,2,"Automóvil,Moto/Ciclomotor",Bv. Oroño Y Biedma,2,1,0,0,1,0,0,,Avenida,,ROSARIO,Rosario,Asfalto,No existe,II,Dentro,Urbana,Semáforo,Funciona,Intersección,Bueno,Buena,Diurna,Buen Tiempo,De alcance,S/D,Colisión,Ninguna,Horizontal,Ninguna,Sin restricción,POINT (-60.66209965000001 -32.97866725),"['Bulevar Nicasio Oroño', 'Coronel Biedma']",2,Bulevar Nicasio Oroño; Coronel Biedma,-32.97866725,-60.66209965000001,55.0,538.0,Municipio Rosario,Municipio,Rosario,820210,Servicio de Catastro e Información Territorial,IGN
2016,934,2016-02-13,Sabado,0.0,2:30:00,,0.0,2,"Moto/Ciclomotor,Automóvil",San Martin Y Mr.Ross,2,1,0,0,1,0,0,,Avenida,,ROSARIO,Rosario,Asfalto,No existe,II,Dentro,Urbana,Ninguna,No existe,Intersección,Bueno,Buena,Nocturna,Buen Tiempo,De alcance,S/D,Colisión,Ninguna,Faltante,Ninguna,Sin restricción,POINT (-60.646259300000004 -32.98868269999999),"['San Martin', 'Rodrigo M. Ross']",2,José de San Martín; Rodrigo M. Ross,-32.98868269999999,-60.6462593,55.0,538.0,Municipio Rosario,Municipio,Rosario,820210,Servicio de Catastro e Información Territorial,IGN
2016,935,2016-02-12,Viernes,0.0,17:00:00,,0.0,2,"Bicicleta,Automóvil",Entre Rios Y 24 De Setiembre,2,1,0,0,1,0,0,,Calle,,ROSARIO,Rosario,Asfalto,No existe,II,Dentro,Urbana,Ninguna,No existe,Intersección,Bueno,Buena,Diurna,Buen Tiempo,S/D,S/D,Atropello,Ninguna,Faltante,Ninguna,Sin restricción,POINT (-60.6494421 -32.97972499999999),"['Entre Ríos', '24 de Septiembre']",2,Entre Ríos; 24 de Septiembre,-32.97972499999999,-60.6494421,55.0,538.0,Municipio Rosario,Municipio,Rosario,820210,Servicio de Catastro e Información Territorial,IGN
2016,936,2016-02-10,Miercoles,0.0,14:25:00,,0.0,2,"Automóvil,Pickup/Utilitario",Av. Corrientes Y Dr.Rivas,3,1,0,0,2,0,0,,Calle,,ROSARIO,Rosario,Asfalto,No existe,II,Dentro,Urbana,Ninguna,No existe,Intersección,Bueno,Buena,Diurna,Buen Tiempo,De alcance,S/D,Colisión,Ninguna,Faltante,Ninguna,Sin restricción,POINT (-60.6517384 -32.98292569999999),"['Corrientes', 'Doctor Francisco Riva']",2,Corrientes; Doctor Francisco Riva,-32.98292569999999,-60.6517384,55.0,538.0,Municipio Rosario,Municipio,Rosario,820210,Servicio de Catastro e Información Territorial,IGN
2016,937,2016-02-10,Miercoles,0.0,8:35:00,,0.0,2,"Pickup/Utilitario,Moto/Ciclomotor",Santiago Y Av. Uriburu,3,2,0,0,1,0,0,,Avenida,,ROSARIO,Rosario,Asfalto,No existe,II,Dentro,Urbana,Ninguna,No existe,Intersección,Bueno,Buena,Diurna,Buen Tiempo,De alcance,S/D,Colisión,Ninguna,Faltante,Ninguna,Sin restricción,POINT (-60.66820034999999 -32.991376699999996),"['Santiago', 'Uriburu']",2,Santiago; Avenida José Uriburu,-32.9913767,-60.66820034999999,55.0,538.0,Municipio Rosario,Municipio,Rosario,820210,Servicio de Catastro e Información Territorial,IGN
2016,938,2016-02-04,Jueves,0.0,13:10:00,,0.0,2,"Moto/Ciclomotor,Automóvil",24 De Setiembre Y Av. Corrientes,3,2,0,0,1,0,0,,Calle,,ROSARIO,Rosario,Asfalto,No existe,II,Dentro,Urbana,Ninguna,No existe,Intersección,Bueno,Buena,Diurna,Buen Tiempo,De alcance,S/D,Colisión,S/D,Faltante,Ninguna,Sin restricción,POINT (-60.65089570000001 -32.9794687),"['24 de Septiembre', 'Corrientes']",2,24 de Septiembre; Corrientes,-32.9794687,-60.65089570000001,55.0,538.0,Municipio Rosario,Municipio,Rosario,820210,Servicio de Catastro e Información Territorial,IGN
2016,939,2016-02-03,Miercoles,0.0,20:30:00,,0.0,2,"Moto/Ciclomotor,Transporte de Pasajeros Urbano (> 8 asientos)",Bv. Oroño Y Av. Uriburu,3,2,0,0,1,0,0,,Calle,,ROSARIO,Rosario,Asfalto,No existe,II,Dentro,Urbana,Semáforo,Funciona,Intersección,Bueno,Buena,Nocturna,Buen Tiempo,De alcance,S/D,Colisión,S/D,Vertical,Ninguna,Sin restricción,POINT (-60.665160500000006 -32.99123049999999),"['Bulevar Nicasio Oroño', 'Uriburu']",2,Bulevar Nicasio Oroño; Avenida José Uriburu,-32.99123049999999,-60.665160500000006,55.0,538.0,Municipio Rosario,Municipio,Rosario,820210,Servicio de Catastro e Información Territorial,IGN
2016,940,2016-02-03,Miercoles,0.0,14:00:00,,0.0,1,,Sarmiento Y Amenabar,3,1,0,0,2,0,0,,Calle,,ROSARIO,Rosario,Asfalto,No existe,II,Dentro,Urbana,Ninguna,No existe,Intersección,Bueno,Buena,Diurna,Buen Tiempo,De alcance,S/D,Colisión,S/D,Faltante,Ninguna,Sin restricción,POINT (-60.64464180000001 -32.972218999999996),"['Sarmiento', 'Amenabar']",2,Sarmiento; José de Amenábar,-32.972219,-60.64464180000001,55.0,538.0,Municipio Rosario,Municipio,Rosario,820210,Servicio de Catastro e Información Territorial,IGN
2016,941,2016-02-03,Miercoles,0.0,14:00:00,,0.0,2,"Moto/Ciclomotor,Moto/Ciclomotor",Sarmiento Y Amenabar,3,1,0,0,2,0,0,,Calle,,ROSARIO,Rosario,Asfalto,No existe,II,Dentro,Urbana,Ninguna,No existe,Intersección,Bueno,Buena,Diurna,Buen Tiempo,De alcance,S/D,Colisión,S/D,Faltante,Ninguna,Sin restricción,POINT (-60.64464180000001 -32.972218999999996),"['Sarmiento', 'Amenabar']",2,Sarmiento; José de Amenábar,-32.972219,-60.64464180000001,55.0,538.0,Municipio Rosario,Municipio,Rosario,820210,Servicio de Catastro e Información Territorial,IGN
2016,942,2016-02-02,Martes,0.0,21:30:00,,0.0,2,"Otros,Transporte de Pasajeros Urbano (> 8 asientos)",Italia Y Pte.Quintana,4,2,1,0,1,0,0,,Calle,,ROSARIO,Rosario,Asfalto,No existe,II,Dentro,Urbana,Ninguna,No existe,Intersección,Bueno,Buena,Nocturna,Buen Tiempo,S/D,S/D,Colisión,S/D,Faltante,Ninguna,Sin restricción,POINT (-60.65696839999999 -32.98078629999999),"['Italia', 'Quintana']",2,"('Italia', 'Presidente Quintana')",-32.98078629999999,-60.65696839999999,55.0,538.0,Municipio Rosario,Municipio,Rosario,820210,Servicio de Catastro e Información Territorial,IGN
2016,943,2016-02-02,Martes,0.0,12:20:00,,0.0,2,"Automóvil,Pickup/Utilitario",Callao ,2,1,0,0,1,0,0,,Calle,,ROSARIO,Rosario,Asfalto,No existe,II,Dentro,Urbana,Ninguna,No existe,Intersección,Bueno,Buena,Diurna,Buen Tiempo,De alcance,S/D,Colisión,S/D,Faltante,Ninguna,Sin restricción,"-32.9652558, -60.6657813",['Callao'],1,Callao,-32.9652558,-60.6657813,55.0,538.0,Municipio Rosario,Municipio,Rosario,820210,Servicio de Catastro e Información Territorial,IGN
2016,951,2016-02-12,Viernes,0.0,17:00:00,,0.0,2,"Automóvil,Automóvil",Av. Ovidio Lagos 6700,4,1,0,0,3,0,0,,Calle,,ROSARIO,Rosario,Asfalto,Pavimento,II,Dentro,Urbana,Semáforo,Funciona,Recta,Bueno,Buena,Diurna,Buen Tiempo,Lateral,S/D,Colisión,S/D,Vertical,Cordón divisorio,Sin restricción,"-33.0264856, -60.6811155",['Ovidio Lagos 6700'],1,Ovidio Lagos 6700,-33.0264856,-60.6811155,55.0,538.0,Municipio Rosario,Municipio,Rosario,820210,Servicio de Catastro e Información Territorial,IGN
2016,952,2016-02-12,Viernes,0.0,8:30:00,,0.0,2,"Peatón,Pickup/Utilitario",Av. Ntra.Sra.del Rosario 3450,2,1,0,0,1,0,0,,Calle,,ROSARIO,Rosario,Asfalto,No existe,II,Dentro,Urbana,Ninguna,No existe,Recta,Bueno,Buena,Diurna,Buen Tiempo,Lateral,S/D,Atropello,S/D,Faltante,Ninguna,Sin restricción,"-32.9997432, -60.6154115",['Ntra Sra Del Rosario 3450'],1,Ntra Sra Del Rosario 3450,-32.9997432,-60.6154115,55.0,538.0,Municipio Rosario,Municipio,Rosario,820210,Servicio de Catastro e Información Territorial,IGN
2016,955,2016-02-20,Sabado,0.0,14:00:00,,0.0,2,"Moto/Ciclomotor,Automóvil",Av. Ovidio Lagos Y Viamonte,3,1,0,0,2,0,0,,Calle,,ROSARIO,Rosario,Asfalto,Pavimento,II,Dentro,Urbana,Semáforo,Funciona,Intersección,Bueno,Buena,Diurna,Buen Tiempo,Frontal,S/D,Colisión,S/D,Vertical,Cordón divisorio,Sin restricción,POINT (-60.6660596 -32.96114449999999),"['Avenida Ovidio Lagos', 'Viamonte']",2,Avenida Ovidio Lagos; Viamonte,-32.96114449999999,-60.6660596,55.0,538.0,Municipio Rosario,Municipio,Rosario,820210,Servicio de Catastro e Información Territorial,IGN
2016,956,2016-02-20,Sabado,0.0,5:45:00,,0.0,2,"Automóvil,Automóvil",Av. Circunvalacion Y Av. Ovidio Lagos,2,1,0,0,1,0,0,,Calle,,ROSARIO,Rosario,Asfalto,Pavimento,II,Dentro,Urbana,Ninguna,No existe,Recta,Bueno,Buena,Nocturna,Buen Tiempo,De alcance,S/D,Colisión,S/D,Faltante,Cordón divisorio,Sin restricción,POINT (-60.67699098957188 -33.00797177001669),"['Circunvalacion', 'Avenida Ovidio Lagos']",2,Avenida de Circunvalación 25 de Mayo; Avenida Ovidio Lagos,-33.00797177001669,-60.67699098957188,55.0,538.0,Municipio Rosario,Municipio,Rosario,820210,Servicio de Catastro e Información Territorial,IGN
2016,962,2016-02-25,Jueves,0.0,,,0.0,2,"Moto/Ciclomotor,Transporte de Pasajeros Urbano (> 8 asientos)",Colon Y Cerrito,2,1,0,0,1,0,0,,Calle,,ROSARIO,Rosario,Asfalto,No existe,II,Dentro,Urbana,S/D,No existe,Intersección,Bueno,Buena,S/D,Buen Tiempo,Lateral,S/D,Colisión,S/D,S/D,S/D,S/D,POINT (-60.6294042 -32.96412489999999),"['Colon', 'Cerrito']",2,Cristóbal Colón; Cerrito,-32.96412489999999,-60.6294042,55.0,538.0,Municipio Rosario,Municipio,Rosario,820210,Servicio de Catastro e Información Territorial,IGN
2016,963,2016-02-26,Viernes,0.0,7:50:00,,0.0,2,"Peatón,Automóvil",Buenos Aires Y La Paz,2,1,0,0,1,0,0,,Calle,,ROSARIO,Rosario,Asfalto,No existe,II,Dentro,Urbana,Semáforo,Funciona,Intersección,Bueno,Buena,Diurna,Buen Tiempo,S/D,S/D,Atropello,Agua,Horizontal,S/D,S/D,POINT (-60.6371524 -32.96514349999999),"['Buenos Aires', 'La Paz']",2,Buenos Aires; La Paz,-32.96514349999999,-60.6371524,55.0,538.0,Municipio Rosario,Municipio,Rosario,820210,Servicio de Catastro e Información Territorial,IGN
2016,964,2016-02-04,Jueves,0.0,10:40:00,,0.0,2,"Bicicleta,Automóvil",L.N.Alem Y Cochabamba,2,1,0,0,1,0,0,,Calle,,ROSARIO,Rosario,Asfalto,No existe,II,Dentro,Urbana,Señal Pare,No existe,Intersección,Bueno,Buena,Diurna,Buen Tiempo,S/D,S/D,Atropello,S/D,Vertical,Ninguna,Sin restricción,POINT (-60.6312845 -32.96022949999999),"['Alem', 'Cochabamba']",2,Leandro N. Alem; Cochabamba,-32.96022949999999,-60.6312845,55.0,538.0,Municipio Rosario,Municipio,Rosario,820210,Servicio de Catastro e Información Territorial,IGN
2016,970,2016-02-21,Domingo,0.0,17:30:00,,0.0,2,"Peatón,Moto/Ciclomotor",Roullon 4000,2,1,0,0,1,0,0,,Calle,,ROSARIO,Rosario,S/D,No existe,II,Dentro,Urbana,Ninguna,No existe,Recta,S/D,Buena,Atardecer,S/D,S/D,S/D,Atropello,S/D,Faltante,Ninguna,Sin restricción,"-32.9512466, -60.7018037",['Alfredo Rouillón 4000'],1,Alfredo Rouillón 4000,-32.9512466,-60.7018037,55.0,538.0,Municipio Rosario,Municipio,Rosario,820210,Servicio de Catastro e Información Territorial,IGN
2016,971,2016-02-16,Martes,0.0,23:50:00,,0.0,2,"Moto/Ciclomotor,Automóvil",Bv. Segui Y Camilo Aldao,2,1,0,0,1,0,0,,Calle,,ROSARIO,Rosario,S/D,Ripio,II,Dentro,Urbana,Ninguna,No existe,Intersección,S/D,Buena,Nocturna,Buen Tiempo,Lateral,S/D,Colisión,S/D,Faltante,Ninguna,Sin restricción,POINT (-60.694818649999995 -32.97059495),"['Bulevar Juan Francisco Seguí', 'Camilo Aldao']",2,Bulevar Juan Francisco Seguí; Camilo Aldao,-32.97059495,-60.69481865,55.0,538.0,Municipio Rosario,Municipio,Rosario,820210,Servicio de Catastro e Información Territorial,IGN
2016,972,2016-02-15,Lunes,0.0,19:00:00,,0.0,2,"Moto/Ciclomotor,Automóvil",Tte.Agneta Y Amenabar,2,1,0,0,1,0,0,,Calle,,ROSARIO,Rosario,S/D,No existe,II,Dentro,Urbana,Ninguna,No existe,Intersección,S/D,Buena,Atardecer,S/D,Lateral,S/D,Colisión,S/D,Faltante,Ninguna,Sin restricción,POINT (-60.69890519999999 -32.963644900000006),"['Teniente Agneta', 'Amenabar']",2,Teniente Agneta; José de Amenábar,-32.963644900000006,-60.69890519999999,55.0,538.0,Municipio Rosario,Municipio,Rosario,820210,Servicio de Catastro e Información Territorial,IGN
2016,973,2016-02-12,Viernes,0.0,10:30:00,,0.0,2,"Peatón,Moto/Ciclomotor",Godoy Cruz Y Camilo Aldao,2,0,1,0,1,0,0,,Calle,,ROSARIO,Rosario,Asfalto,No existe,II,Dentro,Urbana,Ninguna,No existe,Intersección,S/D,Buena,Diurna,Buen Tiempo,Lateral,S/D,Atropello,S/D,Faltante,Ninguna,Sin restricción,POINT (-60.695184749999996 -32.959782),"['Avenida Presidente Perón', 'Camilo Aldao']",2,Avenida Presidente Perón; Camilo Aldao,-32.959782,-60.69518475,55.0,538.0,Municipio Rosario,Municipio,Rosario,820210,Servicio de Catastro e Información Territorial,IGN
2016,979,2016-02-18,Jueves,0.0,21:20:00,,0.0,2,"Moto/Ciclomotor,Automóvil",Av. Uriburu Y L.N.Alem,3,2,0,0,1,0,0,,Avenida,,ROSARIO,Rosario,Asfalto,No existe,II,Dentro,Urbana,Señal Pare,No existe,Intersección,Bueno,Buena,Nocturna,Buen Tiempo,Lateral,S/D,Colisión,S/D,S/D,S/D,Sin restricción,POINT (-60.63888225 -32.990411400000006),"['Uriburu', 'Alem']",2,Avenida José Uriburu; Leandro N. Alem,-32.990411400000006,-60.63888225,55.0,538.0,Municipio Rosario,Municipio,Rosario,820210,Servicio de Catastro e Información Territorial,IGN
2016,980,2016-02-20,Sabado,0.0,8:20:00,,0.0,2,"Moto/Ciclomotor,Automóvil",Anchorena Y Pavon,2,1,0,0,1,0,0,,Calle,,ROSARIO,Rosario,Asfalto,No existe,II,Dentro,Urbana,Señal Pare,No existe,Intersección,Bueno,Buena,Diurna,Buen Tiempo,Lateral,S/D,Colisión,S/D,S/D,S/D,S/D,POINT (-60.6343002 -32.9973352),"['Anchorena', 'Pavón']",2,Tomás de Anchorena; Pavón,-32.9973352,-60.6343002,55.0,538.0,Municipio Rosario,Municipio,Rosario,820210,Servicio de Catastro e Información Territorial,IGN
2016,981,2016-02-27,Sabado,0.0,22:45:00,,0.0,2,"Moto/Ciclomotor,Moto/Ciclomotor",Marco Polo 500,2,1,0,0,1,0,0,,Calle,,ROSARIO,Rosario,S/D,S/D,II,Dentro,Urbana,S/D,No existe,Recta,S/D,Buena,Nocturna,Buen Tiempo,De alcance,S/D,Colisión,S/D,S/D,S/D,S/D,"-33.0106833, -60.6390719",['Marco Polo 500'],1,Marco Polo 500,-33.0106833,-60.6390719,55.0,538.0,Municipio Rosario,Municipio,Rosario,820210,Servicio de Catastro e Información Territorial,IGN
2016,982,2016-02-06,Sabado,0.0,17:10:00,,0.0,2,"Moto/Ciclomotor,Automóvil",Bv. 27 De Febrero Y Laprida,2,1,0,0,1,0,0,,Avenida,,ROSARIO,Rosario,Asfalto,No existe,II,Dentro,Urbana,Otra Señal,Funciona,Intersección,Bueno,Buena,Diurna,Buen Tiempo,De alcance,S/D,Colisión,Ninguna,Vertical,Cordón divisorio,Sin restricción,POINT (-60.639549849999995 -32.9682981),"['27 de Febrero', 'Laprida']",2,Bulevar 27 de Febrero; Francisco Narciso Laprida,-32.9682981,-60.63954985,55.0,538.0,Municipio Rosario,Municipio,Rosario,820210,Servicio de Catastro e Información Territorial,IGN
2016,983,2016-02-06,Sabado,0.0,1:20:00,,0.0,2,"Automóvil,Transporte de Pasajeros Larga Distancia (> 8 asientos)",La Paz Y Esmeralda,4,1,0,0,3,0,0,,Calle,,ROSARIO,Rosario,Asfalto,No existe,II,Dentro,Urbana,Ninguna,No existe,Intersección,Bueno,Buena,Nocturna,Buen Tiempo,De alcance,S/D,Colisión,Ninguna,Faltante,Ninguna,Sin restricción,POINT (-60.625933200000006 -32.9671369),"['La Paz', 'Esmeralda']",2,La Paz; Esmeralda,-32.9671369,-60.625933200000006,55.0,538.0,Municipio Rosario,Municipio,Rosario,820210,Servicio de Catastro e Información Territorial,IGN
2016,985,2016-02-15,Lunes,0.0,12:40:00,,0.0,2,"Moto/Ciclomotor,Automóvil",Ayacucho Y Reg.11 de Infanteria,2,0,1,0,1,0,0,,Avenida,,ROSARIO,Rosario,Asfalto,No existe,II,Dentro,Urbana,Ninguna,No existe,Intersección,Bueno,Buena,Diurna,Buen Tiempo,Lateral,S/D,Colisión,S/D,S/D,Línea divisoria pintada,Sin restricción,POINT (-60.6364342 -32.9984412),"['Ayacucho', 'Regimiento 11']",2,Ayacucho; Regimiento 11,-32.9984412,-60.6364342,55.0,538.0,Municipio Rosario,Municipio,Rosario,820210,Servicio de Catastro e Información Territorial,IGN
2016,986,2016-02-01,Lunes,0.0,20:00:00,,0.0,2,"Peatón,Moto/Ciclomotor",24 De Setiembre Y J.M.de Rosas,2,1,0,0,1,0,0,,Calle,,ROSARIO,Rosario,Asfalto,No existe,II,Dentro,Urbana,Ninguna,No existe,Recta,Bueno,Buena,"Nocturna,Con luz artificial",Buen Tiempo,Otro,S/D,Atropello,Ninguna,Faltante,Ninguna,Sin restricción,POINT (-60.6397671 -32.981489700000004),"['24 de Septiembre', 'De Rosas']",2,24 de Septiembre; Juan Manuel de Rosas,-32.981489700000004,-60.6397671,55.0,538.0,Municipio Rosario,Municipio,Rosario,820210,Servicio de Catastro e Información Territorial,IGN
2016,987,2016-02-02,Martes,0.0,13:00:00,,0.0,2,"Moto/Ciclomotor,Automóvil",Gaboto Y Laprida,2,1,0,0,1,0,0,,Calle,,ROSARIO,Rosario,Asfalto,No existe,II,Dentro,Urbana,Ninguna,No existe,Intersección,Bueno,Buena,Diurna,Buen Tiempo,Lateral,S/D,Colisión,Ninguna,Faltante,Ninguna,Sin restricción,POINT (-60.6409907 -32.9740619),"['Gaboto', 'Laprida']",2,Gaboto; Francisco Narciso Laprida,-32.9740619,-60.6409907,55.0,538.0,Municipio Rosario,Municipio,Rosario,820210,Servicio de Catastro e Información Territorial,IGN
2016,988,2016-02-03,Miercoles,0.0,12:00:00,,0.0,2,"Moto/Ciclomotor,Automóvil",Amenabar Y L.N.Alem,3,1,0,0,2,0,0,,Calle,,ROSARIO,Rosario,Asfalto,No existe,II,Dentro,Urbana,Ninguna,No existe,Intersección,Bueno,Buena,Diurna,Buen Tiempo,Lateral,S/D,Colisión,Ninguna,Faltante,Ninguna,Sin restricción,POINT (-60.634784399999994 -32.9739879),"['Amenabar', 'Alem']",2,José de Amenábar; Leandro N. Alem,-32.9739879,-60.6347844,55.0,538.0,Municipio Rosario,Municipio,Rosario,820210,Servicio de Catastro e Información Territorial,IGN
2016,989,2016-02-06,Sabado,0.0,23:45:00,,0.0,2,"Moto/Ciclomotor,Automóvil",J.M.de Rosas Y Dr.Rivas,2,1,0,0,1,0,0,,Calle,,ROSARIO,Rosario,Asfalto,No existe,II,Dentro,Urbana,Ninguna,No existe,Intersección,Con baches,Buena,"Nocturna,Con luz artificial",Buen Tiempo,Lateral,S/D,Colisión,S/D,Faltante,Ninguna,Sin restricción,POINT (-60.6406355 -32.98494240000001),"['De Rosas', 'Doctor Francisco Riva']",2,Juan Manuel de Rosas; Doctor Francisco Riva,-32.98494240000001,-60.6406355,55.0,538.0,Municipio Rosario,Municipio,Rosario,820210,Servicio de Catastro e Información Territorial,IGN
2016,991,2016-02-07,Domingo,0.0,12:00:00,,0.0,2,"Moto/Ciclomotor,Moto/Ciclomotor",Necochea Y Garibaldi,2,0,2,0,0,0,0,,Calle,,ROSARIO,Rosario,Asfalto,No existe,II,Dentro,Urbana,Ninguna,No existe,Intersección,Bueno,Buena,Diurna,Buen Tiempo,Lateral,S/D,Colisión,S/D,Faltante,Ninguna,Sin restricción,POINT (-60.6341288 -32.9884557),"['Necochea', 'José Garibaldi']",2,Necochea; José Garibaldi,-32.9884557,-60.6341288,55.0,538.0,Municipio Rosario,Municipio,Rosario,820210,Servicio de Catastro e Información Territorial,IGN
2016,992,2016-02-17,Miercoles,0.0,8:15:00,,0.0,2,"Automóvil,Moto/Ciclomotor",Av. Casiano Casas 2000,2,1,0,0,1,0,0,,Calle,,ROSARIO,Rosario,Asfalto,No existe,II,Dentro,Urbana,Ninguna,S/D,Recta,Bueno,Buena,Diurna,Buen Tiempo,Lateral,S/D,Colisión,S/D,Faltante,Ninguna,Sin restricción,"-32.8980472, -60.7130456",['Casiano Casas 2000'],1,Casiano Casas 2000,-32.8980472,-60.7130456,55.0,538.0,Municipio Rosario,Municipio,Rosario,820210,Servicio de Catastro e Información Territorial,IGN
2016,994,2016-02-06,Sabado,0.0,,,0.0,2,"Automóvil,Pickup/Utilitario",Ecuador Y Derqui,2,1,0,0,1,0,0,,Calle,,ROSARIO,Rosario,Asfalto,No existe,II,Dentro,Urbana,S/D,S/D,Intersección,Bueno,Buena,Diurna,Buen Tiempo,Lateral,S/D,Colisión,S/D,S/D,S/D,Sin restricción,POINT (-60.715098700000006 -32.93810200000001),"['Ecuador', 'Derqui']",2,Ecuador; Derqui,-32.93810200000001,-60.715098700000006,55.0,538.0,Municipio Rosario,Municipio,Rosario,820210,Servicio de Catastro e Información Territorial,IGN
2016,995,2016-02-07,Domingo,0.0,,,0.0,2,"Moto/Ciclomotor,Pickup/Utilitario",Bv. Rondeau Y Matheu,3,2,0,0,1,0,0,,Avenida,,ROSARIO,Rosario,Asfalto,S/D,II,Dentro,Urbana,S/D,S/D,Intersección,Bueno,Buena,Nocturna,Buen Tiempo,Lateral,S/D,Colisión,S/D,S/D,S/D,S/D,POINT (-60.694274275000005 -32.888422175),"['Rondeau', 'Matheu']",2,Bulevar General José Rondeau; Domingo Matheu,-32.888422175,-60.694274275000005,55.0,538.0,Municipio Rosario,Municipio,Rosario,820210,Servicio de Catastro e Información Territorial,IGN
2016,996,2016-02-05,Viernes,0.0,12:40:00,,0.0,2,"Automóvil,Automóvil",Av. Pellegrini Y Magallanes,2,1,0,0,1,0,0,,Calle,,ROSARIO,Rosario,Asfalto,No existe,II,Dentro,Urbana,S/D,Funciona,Intersección,Bueno,Buena,Diurna,Buen Tiempo,S/D,S/D,Colisión,S/D,S/D,S/D,S/D,POINT (-60.68127633333334 -32.97612283333333),"['Pellegrini', 'Magallanes']",2,Avenida Carlos Pellegrini; Magallanes,-32.97612283333333,-60.68127633333334,55.0,538.0,Municipio Rosario,Municipio,Rosario,820210,Servicio de Catastro e Información Territorial,IGN
2016,997,2016-02-16,Martes,0.0,11:35:00,,0.0,2,"Automóvil,Automóvil",Magallanes Y White,2,1,0,0,1,0,0,,Calle,,ROSARIO,Rosario,Asfalto,S/D,II,Dentro,Urbana,S/D,S/D,Intersección,Bueno,Buena,Diurna,Buen Tiempo,Lateral,S/D,Colisión,S/D,S/D,S/D,S/D,POINT (-60.7044472 -32.941133599999986),"['Magallanes', 'White']",2,Magallanes; Ingeniero White,-32.941133599999986,-60.7044472,55.0,538.0,Municipio Rosario,Municipio,Rosario,820210,Servicio de Catastro e Información Territorial,IGN