anio_acci,nro_acci,fecha,desc_dia,fecha_aprox,hora_aprox,desc_ruta,km,cant_participantes,desc_participante,calle_avenida_km,total,heridos_leves,heridos_graves,heridos_gravisimos,ilesos,fallecidos,sin_datos,posicion_XY,desc_tipo_via,desc_ruta_ori,desc_loc,desc_dpto,desc_tipo_calzada,desc_tipo_banquina,desc_unidad_regional,desc_lugar_calzada,desc_zona,desc_prioridad,desc_estado_semaforo,desc_lugar_via,desc_estado_via,desc_estado_visibilidad,desc_luminosidad,desc_estado_clima,desc_tipo_colision,desc_tipo_atropello,desc_tipo_hecho,desc_pres_calzada,desc_senializacion,desc_separacion_via,desc_restriccion,forma_geocod,calle_lista,numero_calles,calles_osm,lat,lon,index_right,gid,fna,gna,nam,in1,fdc,sag
2016,998,2016-02-18,Jueves,0.0,11:10:00,,0.0,2,"Moto/Ciclomotor,Automóvil",Mendoza Y Larrea,2,1,0,0,1,0,0,,Calle,,ROSARIO,Rosario,Asfalto,S/D,II,Dentro,Urbana,S/D,S/D,Intersección,Bueno,Buena,Diurna,S/D,S/D,S/D,Colisión,S/D,S/D,S/D,S/D,POINT (-60.6972409 -32.94121729999999),"['Mendoza', 'Larrea']",2,Mendoza; Larrea,-32.94121729999999,-60.6972409,55.0,538.0,Municipio Rosario,Municipio,Rosario,820210,Servicio de Catastro e Información Territorial,IGN
2016,999,2016-02-20,Sabado,0.0,19:20:00,,0.0,2,"Moto/Ciclomotor,Automóvil",Av. Pellegrini Y Solis,2,1,0,0,1,0,0,,Calle,,ROSARIO,Rosario,Asfalto,No existe,II,Dentro,Urbana,S/D,S/D,Intersección,Bueno,Buena,Atardecer,Buen Tiempo,Lateral,S/D,Colisión,S/D,S/D,S/D,Sin restricción,POINT (-60.702975050000006 -32.948345350000004),"['Pellegrini', 'Solis']",2,Avenida Carlos Pellegrini; Juan Díaz de Solís,-32.948345350000004,-60.702975050000006,55.0,538.0,Municipio Rosario,Municipio,Rosario,820210,Servicio de Catastro e Información Territorial,IGN
2016,1000,2016-02-18,Jueves,0.0,2:00:00,,0.0,2,"Peatón,Automóvil",A.Maza 4000,2,1,0,0,1,0,0,,Calle,,ROSARIO,Rosario,Asfalto,S/D,II,Dentro,Urbana,Policía de tránsito,S/D,Intersección,Bueno,Buena,Nocturna,Buen Tiempo,S/D,S/D,Atropello,S/D,S/D,S/D,Sin restricción,"-32.8769116, -60.6917407",['A Maza 4000'],1,A Maza 4000,-32.8769116,-60.6917407,55.0,538.0,Municipio Rosario,Municipio,Rosario,820210,Servicio de Catastro e Información Territorial,IGN
2016,1001,2016-02-18,Jueves,0.0,11:20:00,,0.0,2,"Moto/Ciclomotor,Pickup/Utilitario",Bv. 27 De Febrero Y Necochea,2,1,0,0,1,0,0,,Calle,,ROSARIO,Rosario,Asfalto,No existe,II,Dentro,Urbana,Semáforo,Funciona,Intersección,Bueno,Buena,Diurna,Buen Tiempo,De alcance,S/D,Colisión,S/D,Horizontal,Cordón divisorio,Sin restricción,POINT (-60.6294936 -32.9701003),"['27 de Febrero', 'Necochea']",2,Bulevar 27 de Febrero; Necochea,-32.9701003,-60.6294936,55.0,538.0,Municipio Rosario,Municipio,Rosario,820210,Servicio de Catastro e Información Territorial,IGN
2016,1004,2016-02-19,Viernes,0.0,,,0.0,2,"Bicicleta,Moto/Ciclomotor",Bv. 27 De Febrero Y J.M.de Rosas,2,1,0,0,1,0,0,,Calle,,ROSARIO,Rosario,Asfalto,No existe,II,Dentro,Urbana,Ninguna,No existe,Intersección,Bueno,Buena,S/D,Buen Tiempo,Lateral,S/D,Atropello,S/D,Faltante,Vegetación,Sin restricción,POINT (-60.63658995 -32.968827499999996),"['27 de Febrero', 'De Rosas']",2,Bulevar 27 de Febrero; Juan Manuel de Rosas,-32.9688275,-60.63658995,55.0,538.0,Municipio Rosario,Municipio,Rosario,820210,Servicio de Catastro e Información Territorial,IGN
2016,1005,2016-02-22,Lunes,0.0,10:00:00,,0.0,2,"Transporte de Pasajeros Larga Distancia (> 8 asientos),Camión",1 de Mayo Y Cerrito,4,2,1,0,0,0,1,,Calle,,ROSARIO,Rosario,Asfalto,No existe,II,Dentro,Urbana,Señal Pare,No existe,Intersección,Bueno,Buena,Diurna,Buen Tiempo,De alcance,S/D,Colisión,S/D,Vertical,Ninguna,Sin restricción,POINT (-60.6335613 -32.9633903),"['Primero de Mayo', 'Cerrito']",2,Primero de Mayo; Cerrito,-32.9633903,-60.6335613,55.0,538.0,Municipio Rosario,Municipio,Rosario,820210,Servicio de Catastro e Información Territorial,IGN
2016,1006,2016-02-23,Martes,0.0,11:05:00,,0.0,2,"Moto/Ciclomotor,Automóvil",Colon Y Ocampo,2,1,0,0,1,0,0,,Calle,,ROSARIO,Rosario,Asfalto,No existe,II,Dentro,Urbana,Otra Señal,No existe,Intersección,Bueno,Buena,Diurna,Buen Tiempo,S/D,S/D,Colisión,S/D,Faltante,Ninguna,Sin restricción,POINT (-60.6305784 -32.96870069999999),"['Colon', 'Ocampo']",2,Cristóbal Colón; Ocampo,-32.96870069999999,-60.6305784,55.0,538.0,Municipio Rosario,Municipio,Rosario,820210,Servicio de Catastro e Información Territorial,IGN
2016,1007,2016-02-09,Martes,0.0,18:30:00,,0.0,2,"Pickup/Utilitario,Automóvil",L.N.Alem Y Riobamba,5,2,1,0,2,0,0,,Calle,,ROSARIO,Rosario,Asfalto,No existe,II,Dentro,Urbana,Señal Pare,No existe,Intersección,Bueno,Buena,Diurna,Buen Tiempo,Frontal,S/D,Colisión,S/D,Vertical,Ninguna,S/D,POINT (-60.6324245 -32.9647893),"['Alem', 'Riobamba']",2,Leandro N. Alem; Riobamba,-32.9647893,-60.6324245,55.0,538.0,Municipio Rosario,Municipio,Rosario,820210,Servicio de Catastro e Información Territorial,IGN
2016,1008,2016-02-15,Lunes,0.0,8:30:00,,0.0,2,"Moto/Ciclomotor,Taxi/Remis",Ayacucho Y Cerrito,2,1,0,0,1,0,0,,Calle,,ROSARIO,Rosario,Asfalto,No existe,II,Dentro,Urbana,Otra Señal,No existe,Intersección,Bueno,Buena,Diurna,Buen Tiempo,De alcance,S/D,Colisión,S/D,Faltante,Ninguna,Sin restricción,POINT (-60.630783 -32.963868500000004),"['Ayacucho', 'Cerrito']",2,Ayacucho; Cerrito,-32.963868500000004,-60.630783,55.0,538.0,Municipio Rosario,Municipio,Rosario,820210,Servicio de Catastro e Información Territorial,IGN
2016,1009,2016-02-16,Martes,0.0,,,0.0,2,"Moto/Ciclomotor,Otros",Bv. 27 De Febrero Y J.M.de Rosas,2,1,0,0,1,0,0,,Calle,,ROSARIO,Rosario,Asfalto,No existe,II,Dentro,Urbana,Ninguna,No existe,Intersección,Bueno,Buena,S/D,Buen Tiempo,Lateral,S/D,Colisión,S/D,Faltante,Vegetación,Sin restricción,POINT (-60.63658995 -32.968827499999996),"['27 de Febrero', 'De Rosas']",2,Bulevar 27 de Febrero; Juan Manuel de Rosas,-32.9688275,-60.63658995,55.0,538.0,Municipio Rosario,Municipio,Rosario,820210,Servicio de Catastro e Información Territorial,IGN
2016,1010,2016-02-18,Jueves,0.0,0:20:00,,0.0,2,"Automóvil,Automóvil",Av. Pellegrini Y Necochea,3,1,0,0,2,0,0,,Calle,,ROSARIO,Rosario,Asfalto,No existe,II,Dentro,Urbana,Semáforo,Funciona,Intersección,Bueno,Buena,"Nocturna,Con luz artificial",Buen Tiempo,S/D,S/D,Colisión,S/D,Horizontal,Cordón divisorio,Sin restricción,POINT (-60.62690115 -32.95982415),"['Pellegrini', 'Necochea']",2,Avenida Carlos Pellegrini; Necochea,-32.95982415,-60.62690115,55.0,538.0,Municipio Rosario,Municipio,Rosario,820210,Servicio de Catastro e Información Territorial,IGN
2016,1015,2016-02-18,Jueves,0.0,0:30:00,,0.0,2,"Moto/Ciclomotor,Moto/Ciclomotor",Av. Genova Y Sarratea Bis,4,3,0,0,1,0,0,,Avenida,,ROSARIO,Rosario,Asfalto,S/D,II,Dentro,Urbana,S/D,S/D,Intersección,Bueno,Buena,Nocturna,Buen Tiempo,Lateral,S/D,Colisión,S/D,S/D,S/D,Sin restricción,POINT (-60.741520200000004 -32.9167921),"['Genova', 'Sarratea']",2,Avenida Génova; Sarratea,-32.9167921,-60.7415202,55.0,538.0,Municipio Rosario,Municipio,Rosario,820210,Servicio de Catastro e Información Territorial,IGN
2016,1016,2016-02-19,Viernes,0.0,10:32:00,,0.0,2,"Moto/Ciclomotor,Pickup/Utilitario",Av. Circunvalacion Y J.J.Paso,2,0,1,0,1,0,0,,Avenida,,ROSARIO,Rosario,Asfalto,Pavimento,II,Dentro,Urbana,Ninguna,Intermitente,Recta,S/D,Reducida,Diurna,Lluvia,De alcance,S/D,Colisión,Agua,Horizontal,Barrera de hormigón,Sin restricción,POINT (-60.723727529563504 -32.92055900258326),"['Circunvalacion', 'Paso']",2,Avenida de Circunvalación 25 de Mayo; Avenida Juan José Paso,-32.92055900258326,-60.723727529563504,55.0,538.0,Municipio Rosario,Municipio,Rosario,820210,Servicio de Catastro e Información Territorial,IGN
2016,1017,2016-02-20,Sabado,0.0,15:00:00,,0.0,2,"Automóvil,Moto/Ciclomotor",Av. Genova Y Acevedo Bis,2,0,1,0,1,0,0,,Avenida,,ROSARIO,Rosario,Asfalto,Pavimento,II,Dentro,Urbana,S/D,No existe,Intersección,Bueno,Buena,Atardecer,Buen Tiempo,Lateral,S/D,Colisión,S/D,S/D,S/D,Sin restricción,POINT (-60.7490725 -32.91698929999999),"['Genova', 'Acevedo']",2,Avenida Génova; Manuel Acevedo,-32.91698929999999,-60.7490725,55.0,538.0,Municipio Rosario,Municipio,Rosario,820210,Servicio de Catastro e Información Territorial,IGN
2016,1026,2016-02-11,Jueves,0.0,8:30:00,,0.0,2,"Moto/Ciclomotor,Automóvil",Solis Y Tucuman,2,1,0,0,1,0,0,,Calle,,ROSARIO,Rosario,S/D,No existe,II,Dentro,Urbana,Ninguna,No existe,Intersección,S/D,Buena,Diurna,Buen Tiempo,Lateral,S/D,Colisión,S/D,Faltante,S/D,Sin restricción,POINT (-60.703743800000005 -32.932303799999985),"['Solis', 'Tucumán']",2,Juan Díaz de Solís; Tucumán,-32.932303799999985,-60.703743800000005,55.0,538.0,Municipio Rosario,Municipio,Rosario,820210,Servicio de Catastro e Información Territorial,IGN
2016,1033,2016-02-09,Martes,0.0,21:30:00,,0.0,2,"Moto/Ciclomotor,Automóvil",J.B.Justo Y Mariano Cabal Bis,3,2,0,0,1,0,0,,Calle,,ROSARIO,Rosario,Asfalto,S/D,II,Dentro,Urbana,S/D,No existe,Intersección,Bueno,Buena,Diurna,Buen Tiempo,Lateral,S/D,Colisión,S/D,S/D,S/D,S/D,POINT (-60.702831 -32.91460629999999),"['Justo', 'Mariano Cabal']",2,Justo José de Urquiza; Mariano Cabal,-32.91460629999999,-60.702831,55.0,538.0,Municipio Rosario,Municipio,Rosario,820210,Servicio de Catastro e Información Territorial,IGN
2016,1035,2016-02-17,Miercoles,0.0,0:20:00,,0.0,2,"Automóvil,Moto/Ciclomotor",Av. Genova Y Garzon,2,0,1,0,1,0,0,,Calle,,ROSARIO,Rosario,Asfalto,No existe,II,Dentro,Urbana,S/D,No existe,Intersección,Bueno,Buena,Diurna,S/D,S/D,S/D,Colisión,S/D,S/D,S/D,S/D,POINT (-60.7063289 -32.91580020000001),"['Genova', 'Garzón']",2,Avenida Génova; Garzón,-32.91580020000001,-60.7063289,55.0,538.0,Municipio Rosario,Municipio,Rosario,820210,Servicio de Catastro e Información Territorial,IGN
2016,1049,2016-02-02,Martes,0.0,10:00:00,,0.0,2,"Bicicleta,Taxi/Remis",J.J.Paso Y Olavarria Bis,2,1,0,0,1,0,0,,Calle,,ROSARIO,Rosario,Asfalto,No existe,II,Dentro,Urbana,S/D,Funciona,Intersección,S/D,Buena,Diurna,Buen Tiempo,S/D,S/D,Atropello,S/D,S/D,S/D,S/D,POINT (-60.7043792 -32.9199808),"['Paso', 'Olavarría']",2,Avenida Juan José Paso; Olavarría,-32.9199808,-60.7043792,55.0,538.0,Municipio Rosario,Municipio,Rosario,820210,Servicio de Catastro e Información Territorial,IGN
2016,1063,2016-02-16,Martes,0.0,1:30:00,,0.0,2,"Automóvil,Moto/Ciclomotor",Bv. Avellaneda Y Casilda,2,1,0,0,1,0,0,,Avenida,,ROSARIO,Rosario,Asfalto,No existe,II,Dentro,Urbana,S/D,Funciona,Intersección,Bueno,Buena,Nocturna,Buen Tiempo,Lateral,S/D,Colisión,Ninguna,S/D,S/D,S/D,POINT (-60.67635325 -32.928127849999996),"['Avellaneda', 'Casilda']",2,Bulevar Nicolás Avellaneda; Casilda,-32.92812785,-60.67635325,55.0,538.0,Municipio Rosario,Municipio,Rosario,820210,Servicio de Catastro e Información Territorial,IGN
2016,1065,2016-02-14,Domingo,0.0,8:00:00,,0.0,2,"Automóvil,Moto/Ciclomotor",Av. Luis Carballo Y Albert Sabin,2,1,0,0,1,0,0,,Avenida,,ROSARIO,Rosario,Asfalto,No existe,II,Dentro,Urbana,S/D,S/D,Intersección,Bueno,Buena,Diurna,Buen Tiempo,Lateral,S/D,Colisión,Ninguna,S/D,S/D,S/D,POINT (-60.685682340000014 -32.92234279999999),"['Avenida Doctor Luis Cándido Carballo', 'Avenida Travesía Albert Sabin']",2,Avenida Doctor Luis Cándido Carballo; Avenida Travesía Albert Sabin,-32.92234279999999,-60.685682340000014,55.0,538.0,Municipio Rosario,Municipio,Rosario,820210,Servicio de Catastro e Información Territorial,IGN
2016,1068,2016-02-10,Miercoles,0.0,12:00:00,,0.0,2,"Automóvil,Taxi/Remis",Junin Y Suiza,2,1,0,0,1,0,0,,Calle,,ROSARIO,Rosario,Asfalto,No existe,II,Dentro,Urbana,S/D,No existe,Intersección,Bueno,Buena,Diurna,Buen Tiempo,Lateral,S/D,Colisión,Ninguna,Faltante,S/D,Sin restricción,POINT (-60.6876273 -32.926874299999994),"['Junín', 'Suiza']",2,Junín; Suiza,-32.926874299999994,-60.6876273,55.0,538.0,Municipio Rosario,Municipio,Rosario,820210,Servicio de Catastro e Información Territorial,IGN
2016,1069,2016-02-09,Martes,0.0,16:30:00,,0.0,2,"Moto/Ciclomotor,Automóvil",Alberdi 100,2,1,0,0,1,0,0,,Avenida,,ROSARIO,Rosario,Asfalto,No existe,II,Dentro,Urbana,S/D,S/D,Intersección,Bueno,Buena,Diurna,Buen Tiempo,Lateral,S/D,Colisión,S/D,S/D,S/D,S/D,"-32.9294717, -60.6744238",['Alberdi 100'],1,Alberdi 100,-32.9294717,-60.6744238,55.0,538.0,Municipio Rosario,Municipio,Rosario,820210,Servicio de Catastro e Información Territorial,IGN
2016,1203,2016-03-04,Viernes,0.0,13:30:00,,0.0,2,"Pickup/Utilitario,Moto/Ciclomotor",Av. Francia Y Aurora,2,1,0,0,1,0,0,,Calle,,ROSARIO,Rosario,Asfalto,No existe,II,Dentro,Urbana,Ninguna,No existe,Intersección,Bueno,Buena,Diurna,Buen Tiempo,Lateral,S/D,Colisión,Ninguna,Faltante,Ninguna,Sin restricción,POINT (-60.677811649999995 -32.99948385),"['Avenida Francia', 'Aurora']",2,Avenida Francia; Aurora,-32.99948385,-60.67781165,55.0,538.0,Municipio Rosario,Municipio,Rosario,820210,Servicio de Catastro e Información Territorial,IGN
2016,1204,2016-03-01,Martes,0.0,6:00:00,,0.0,2,"Peatón,Automóvil",Bv. Oroño Y Lamadrid,2,1,0,0,1,0,0,,Avenida,,ROSARIO,Rosario,Asfalto,Pavimento,II,Dentro,Urbana,Ninguna,No existe,Intersección,Bueno,Buena,Diurna,Buen Tiempo,S/D,S/D,Atropello,S/D,S/D,Ninguna,Sin restricción,POINT (-60.66524270000001 -32.9976152),"['Bulevar Nicasio Oroño', 'Lamadrid']",2,Bulevar Nicasio Oroño; Gregorio Aráoz de Lamadrid,-32.9976152,-60.66524270000001,55.0,538.0,Municipio Rosario,Municipio,Rosario,820210,Servicio de Catastro e Información Territorial,IGN
2016,1207,2016-03-03,Jueves,0.0,15:20:00,,0.0,2,"Moto/Ciclomotor,Automóvil",Mariano Moreno Y Cazadores,3,2,0,0,1,0,0,,S/D,,ROSARIO,Rosario,Asfalto,Pavimento,II,S/D,Urbana,Ninguna,No existe,Intersección,Bueno,Buena,Diurna,Buen Tiempo,Lateral,S/D,Colisión,S/D,S/D,Ninguna,Sin restricción,POINT (-60.6618971 -33.00442069999999),"['Mariano Moreno', 'Cazadores']",2,Mariano Moreno; Cazadores,-33.00442069999999,-60.6618971,55.0,538.0,Municipio Rosario,Municipio,Rosario,820210,Servicio de Catastro e Información Territorial,IGN
2016,1208,2016-03-03,Jueves,0.0,9:00:00,,0.0,2,"Bicicleta,Automóvil",Av. Ntra.Sra.del Rosario Y Santiago,2,1,0,0,1,0,0,,Calle,,ROSARIO,Rosario,Asfalto,Pavimento,II,Dentro,Urbana,Ninguna,No existe,Intersección,Bueno,Buena,Diurna,Buen Tiempo,S/D,S/D,Atropello,S/D,S/D,Ninguna,Sin restricción,POINT (-60.6677458 -33.00066499999999),"['Nuestra Señora del Rosario', 'Santiago']",2,Puente Nuestra Señora del Rosario; Santiago,-33.00066499999999,-60.6677458,55.0,538.0,Municipio Rosario,Municipio,Rosario,820210,Servicio de Catastro e Información Territorial,IGN
2016,1221,2016-03-11,Viernes,0.0,18:00:00,,0.0,2,"Transporte de Pasajeros Urbano (> 8 asientos),Moto/Ciclomotor",Francia F Y Acevedo Bis,2,1,0,0,1,0,0,,Calle,,ROSARIO,Rosario,Asfalto,No existe,II,Dentro,Urbana,Ninguna,No existe,Intersección,Bueno,Buena,Diurna,Buen Tiempo,De alcance,S/D,Colisión,S/D,Faltante,Ninguna,Sin restricción,POINT (-60.677015250000004 -32.984204899999995),"['Avenida Francia', 'Acevedo']",2,Avenida Francia; Manuel Acevedo,-32.984204899999995,-60.67701525,55.0,538.0,Municipio Rosario,Municipio,Rosario,820210,Servicio de Catastro e Información Territorial,IGN
2016,1222,2016-03-10,Jueves,0.0,16:20:00,,0.0,2,"Automóvil,Automóvil",Iriondo Y Centeno,2,2,0,0,0,0,0,,Calle,,ROSARIO,Rosario,Asfalto,No existe,II,Dentro,Urbana,Ninguna,No existe,Intersección,Bueno,Buena,Diurna,Buen Tiempo,Lateral,S/D,Colisión,S/D,Faltante,Ninguna,Sin restricción,POINT (-60.67929540000001 -32.97918589999999),"['Iriondo', 'Centeno']",2,Iriondo; Coronel Centeno,-32.97918589999999,-60.67929540000001,55.0,538.0,Municipio Rosario,Municipio,Rosario,820210,Servicio de Catastro e Información Territorial,IGN
2016,1225,2016-03-07,Lunes,0.0,21:45:00,,0.0,2,"Moto/Ciclomotor,Automóvil",Av. Battle y Ordoñez ,2,1,0,0,1,0,0,,Avenida,,ROSARIO,Rosario,Asfalto,Pavimento,II,Dentro,Urbana,Ninguna,No existe,Intersección,Bueno,Buena,Nocturna,Buen Tiempo,Lateral,S/D,Colisión,S/D,S/D,Ninguna,Sin restricción,"-33.0094309, -60.6641975",['Avenida Battle y Ordoñez'],1,Avenida Battle y Ordoñez,-33.0094309,-60.6641975,55.0,538.0,Municipio Rosario,Municipio,Rosario,820210,Servicio de Catastro e Información Territorial,IGN
2016,1226,2016-03-08,Martes,0.0,12:25:00,,0.0,2,"Moto/Ciclomotor,Automóvil",Italia Y Anchorena,2,1,0,0,1,0,0,,Calle,,ROSARIO,Rosario,Asfalto,Pavimento,II,Dentro,Urbana,Ninguna,No existe,Intersección,Bueno,Buena,Diurna,Buen Tiempo,Lateral,S/D,Colisión,S/D,S/D,Ninguna,Sin restricción,POINT (-60.65933029999999 -32.9980988),"['Italia', 'Anchorena']",2,Italia; Tomás de Anchorena,-32.9980988,-60.65933029999999,55.0,538.0,Municipio Rosario,Municipio,Rosario,820210,Servicio de Catastro e Información Territorial,IGN
2016,1227,2016-03-10,Jueves,0.0,8:00:00,,0.0,2,"Peatón,Pickup/Utilitario",Bv. Oroño Y Estado de Israel,2,1,0,0,1,0,0,,Avenida,,ROSARIO,Rosario,Asfalto,Pavimento,II,Dentro,Urbana,Ninguna,No existe,Intersección,Bueno,Buena,Diurna,Buen Tiempo,S/D,S/D,Atropello,S/D,S/D,Ninguna,Sin restricción,POINT (-60.665373599999995 -32.99230234999999),"['Bulevar Nicasio Oroño', 'Estado de Israel']",2,Bulevar Nicasio Oroño; Estado de Israel,-32.99230234999999,-60.6653736,55.0,538.0,Municipio Rosario,Municipio,Rosario,820210,Servicio de Catastro e Información Territorial,IGN
2016,1228,2016-03-10,Jueves,0.0,10:00:00,,0.0,2,"Automóvil,Automóvil",Av. Arijon Y Cereseto,2,1,0,0,1,0,0,,Avenida,,ROSARIO,Rosario,Asfalto,Pavimento,II,Dentro,Urbana,Ninguna,No existe,Intersección,Bueno,Buena,Diurna,Buen Tiempo,Lateral,S/D,Colisión,S/D,S/D,Ninguna,Sin restricción,POINT (-60.67382760000001 -33.0037959),"['Avenida Manuel Arijón', 'Cereseto']",2,Avenida Manuel Arijón; Cereseto,-33.0037959,-60.67382760000001,55.0,538.0,Municipio Rosario,Municipio,Rosario,820210,Servicio de Catastro e Información Territorial,IGN
2016,1231,2016-03-16,Miercoles,0.0,10:55:00,,0.0,2,"Moto/Ciclomotor,Automóvil",Bv. Oroño Y Sanchez de Bustamante,2,1,0,0,1,0,0,,Avenida,,ROSARIO,Rosario,Asfalto,S/D,II,Dentro,Urbana,Ninguna,Funciona,Curva,Bueno,Buena,Diurna,Buen Tiempo,Lateral,S/D,Colisión,S/D,S/D,Ninguna,Sin restricción,POINT (-60.66506820000001 -33.00250765),"['Bulevar Nicasio Oroño', 'Sánchez de Bustamante']",2,Bulevar Nicasio Oroño; Sánchez de Bustamante,-33.00250765,-60.66506820000001,55.0,538.0,Municipio Rosario,Municipio,Rosario,820210,Servicio de Catastro e Información Territorial,IGN
2016,1232,2016-03-17,Jueves,0.0,9:00:00,,0.0,2,"Moto/Ciclomotor,Moto/Ciclomotor",Av. Arijon Y Bv. Oroño,2,2,0,0,0,0,0,,Avenida,,ROSARIO,Rosario,Asfalto,Pavimento,II,Dentro,Urbana,Ninguna,Funciona,Intersección,Bueno,Buena,Diurna,Buen Tiempo,Lateral,S/D,Colisión,S/D,S/D,Ninguna,Sin restricción,POINT (-60.6650193 -33.003540599999994),"['Avenida Manuel Arijón', 'Bulevar Nicasio Oroño']",2,Avenida Manuel Arijón; Bulevar Nicasio Oroño,-33.003540599999994,-60.6650193,55.0,538.0,Municipio Rosario,Municipio,Rosario,820210,Servicio de Catastro e Información Territorial,IGN
2016,1234,2016-03-14,Lunes,0.0,12:20:00,,0.0,2,"Automóvil,Automóvil",Bv. Segui Y Sarmiento,4,2,0,0,2,0,0,,Avenida,,ROSARIO,Rosario,Asfalto,S/D,II,Dentro,Urbana,Señal Pare,No existe,Intersección,Bueno,Buena,Diurna,Buen Tiempo,De alcance,S/D,Colisión,Ninguna,Faltante,Ninguna,Sin restricción,POINT (-60.64638135 -32.9790819),"['Bulevar Juan Francisco Seguí', 'Sarmiento']",2,Bulevar Juan Francisco Seguí; Sarmiento,-32.9790819,-60.64638135,55.0,538.0,Municipio Rosario,Municipio,Rosario,820210,Servicio de Catastro e Información Territorial,IGN
2016,1235,2016-03-12,Sabado,0.0,10:40:00,,0.0,2,"Automóvil,Moto/Ciclomotor",Santiago Y Comodoro Rivadavia,3,2,0,0,1,0,0,,Calle,,ROSARIO,Rosario,Asfalto,No existe,II,Dentro,Urbana,Ninguna,No existe,Intersección,Bueno,Buena,Diurna,Buen Tiempo,De alcance,S/D,Colisión,Ninguna,Faltante,Ninguna,Sin restricción,POINT (-60.6680318 -32.99079780000001),"['Santiago', 'Comodoro Rivadavia']",2,Santiago; Comodoro Rivadavia,-32.99079780000001,-60.6680318,55.0,538.0,Municipio Rosario,Municipio,Rosario,820210,Servicio de Catastro e Información Territorial,IGN
2016,1236,2016-03-11,Viernes,0.0,18:15:00,,0.0,2,"Moto/Ciclomotor,Transporte Escolar",Sarmiento Y Estado de Israel,2,0,1,0,1,0,0,,Calle,,ROSARIO,Rosario,Asfalto,No existe,II,Dentro,Urbana,Ninguna,No existe,Intersección,Bueno,Buena,Diurna,Buen Tiempo,De alcance,S/D,Colisión,Ninguna,Faltante,Ninguna,Sin restricción,POINT (-60.6493497 -32.991856),"['Sarmiento', 'Estado de Israel']",2,Sarmiento; Estado de Israel,-32.991856,-60.6493497,55.0,538.0,Municipio Rosario,Municipio,Rosario,820210,Servicio de Catastro e Información Territorial,IGN
2016,1238,2016-03-18,Viernes,0.0,11:10:00,,0.0,1,Tracción animal / Carro,Av. Battle y Ordoñez Y Dorrego,3,2,0,0,1,0,0,,Avenida,,ROSARIO,Rosario,Asfalto,Pavimento,II,Dentro,Urbana,Ninguna,No existe,Intersección,Bueno,Buena,Diurna,Buen Tiempo,Lateral,S/D,Colisión,S/D,S/D,Ninguna,Sin restricción,POINT (-60.66027295000001 -33.0092228),"['Avenida Battle y Ordoñez', 'Dorrego']",2,Avenida Battle y Ordoñez; Manuel Dorrego,-33.0092228,-60.66027295000001,55.0,538.0,Municipio Rosario,Municipio,Rosario,820210,Servicio de Catastro e Información Territorial,IGN
2016,1242,2016-03-08,Martes,0.0,18:00:00,,0.0,2,"Automóvil,Automóvil",Saavedra Y Dorrego,2,1,0,0,1,0,0,,Calle,,ROSARIO,Rosario,Asfalto,No existe,II,Dentro,Urbana,Ninguna,No existe,Intersección,Bueno,Buena,Diurna,Buen Tiempo,De alcance,S/D,Colisión,Ninguna,Faltante,Ninguna,Sin restricción,POINT (-60.657167 -32.9759652),"['Saavedra', 'Dorrego']",2,Saavedra; Manuel Dorrego,-32.9759652,-60.657167,55.0,538.0,Municipio Rosario,Municipio,Rosario,820210,Servicio de Catastro e Información Territorial,IGN
2016,1256,2016-03-06,Domingo,0.0,22:00:00,,0.0,2,"Automóvil,Moto/Ciclomotor",Entre Rios Y Bv. Segui,2,1,0,0,1,0,0,,Calle,,ROSARIO,Rosario,Asfalto,No existe,II,Dentro,Urbana,Ninguna,No existe,Intersección,Bueno,Buena,Nocturna,Buen Tiempo,De alcance,S/D,Colisión,Ninguna,Faltante,Ninguna,Sin restricción,POINT (-60.6491681 -32.97857979999999),"['Entre Ríos', 'Bulevar Juan Francisco Seguí']",2,Entre Ríos; Bulevar Juan Francisco Seguí,-32.97857979999999,-60.6491681,55.0,538.0,Municipio Rosario,Municipio,Rosario,820210,Servicio de Catastro e Información Territorial,IGN
2016,1257,2016-03-06,Domingo,0.0,14:00:00,,0.0,2,"Pickup/Utilitario,Moto/Ciclomotor",Rodriguez Y Pje. De La Cierva,2,1,0,0,1,0,0,,Calle,,ROSARIO,Rosario,Asfalto,No existe,II,Dentro,Urbana,Ninguna,No existe,Intersección,Bueno,Buena,Diurna,Buen Tiempo,De alcance,S/D,Colisión,Ninguna,Faltante,Ninguna,Sin restricción,POINT (-60.66999870000001 -32.9874451),"['Rodríguez', 'De La Cierva']",2,Rodríguez de Escobedo; De La Cierva,-32.9874451,-60.66999870000001,55.0,538.0,Municipio Rosario,Municipio,Rosario,820210,Servicio de Catastro e Información Territorial,IGN