anio_acci,nro_acci,fecha,desc_dia,fecha_aprox,hora_aprox,desc_ruta,km,cant_participantes,desc_participante,calle_avenida_km,total,heridos_leves,heridos_graves,heridos_gravisimos,ilesos,fallecidos,sin_datos,posicion_XY,desc_tipo_via,desc_ruta_ori,desc_loc,desc_dpto,desc_tipo_calzada,desc_tipo_banquina,desc_unidad_regional,desc_lugar_calzada,desc_zona,desc_prioridad,desc_estado_semaforo,desc_lugar_via,desc_estado_via,desc_estado_visibilidad,desc_luminosidad,desc_estado_clima,desc_tipo_colision,desc_tipo_atropello,desc_tipo_hecho,desc_pres_calzada,desc_senializacion,desc_separacion_via,desc_restriccion,forma_geocod,calle_lista,numero_calles,calles_osm,lat,lon,index_right,gid,fna,gna,nam,in1,fdc,sag
2016,1258,2016-03-04,Viernes,0.0,18:00:00,,0.0,2,"Moto/Ciclomotor,Automóvil",Entre Rios Y Dean Funes,2,1,0,0,1,0,0,,S/D,,ROSARIO,Rosario,Asfalto,No existe,II,S/D,S/D,Ninguna,No existe,Intersección,Bueno,Buena,Diurna,Buen Tiempo,De alcance,S/D,Colisión,Ninguna,Faltante,Ninguna,Sin restricción,POINT (-60.6483161 -32.9751589),"['Entre Ríos', 'Deán Gregorio Funes']",2,Entre Ríos; Deán Gregorio Funes,-32.9751589,-60.6483161,55.0,538.0,Municipio Rosario,Municipio,Rosario,820210,Servicio de Catastro e Información Territorial,IGN
2016,1259,2016-03-03,Jueves,0.0,0:20:00,,0.0,2,"Moto/Ciclomotor,Moto/Ciclomotor",Bv. Oroño Y Av. Uriburu,3,3,0,0,0,0,0,,Avenida,,ROSARIO,Rosario,Asfalto,No existe,II,Dentro,Urbana,Semáforo,Funciona,Curva,Bueno,Buena,Nocturna,Buen Tiempo,De alcance,S/D,Colisión,Ninguna,Vertical,Ninguna,Sin restricción,POINT (-60.665160500000006 -32.99123049999999),"['Bulevar Nicasio Oroño', 'Uriburu']",2,Bulevar Nicasio Oroño; Avenida José Uriburu,-32.99123049999999,-60.665160500000006,55.0,538.0,Municipio Rosario,Municipio,Rosario,820210,Servicio de Catastro e Información Territorial,IGN
2016,1260,2016-03-02,Miercoles,0.0,18:40:00,,0.0,2,"Automóvil,Moto/Ciclomotor",Biedma Y Laprida,3,2,0,0,1,0,0,,Calle,,ROSARIO,Rosario,Asfalto,Pavimento,II,Dentro,Urbana,Ninguna,No existe,Intersección,Bueno,Buena,Diurna,Buen Tiempo,De alcance,S/D,Colisión,Ninguna,Faltante,Ninguna,Sin restricción,POINT (-60.643023500000005 -32.98207219999998),"['Coronel Biedma', 'Laprida']",2,Coronel Biedma; Francisco Narciso Laprida,-32.98207219999998,-60.643023500000005,55.0,538.0,Municipio Rosario,Municipio,Rosario,820210,Servicio de Catastro e Información Territorial,IGN
2016,1261,2016-03-01,Martes,0.0,6:00:00,,0.0,2,"Taxi/Remis,Moto/Ciclomotor",Esteban de Luca Y San Martin,2,1,0,0,1,0,0,,Calle,,ROSARIO,Rosario,Asfalto,No existe,II,Dentro,Urbana,Semáforo,Funciona,Intersección,Bueno,Buena,Diurna,Buen Tiempo,De alcance,S/D,Colisión,Ninguna,Horizontal,Ninguna,Sin restricción,POINT (-60.69698706666666 -32.97095953333332),"['Esteban de Luca', 'San Martin']",2,Esteban de Luca; José de San Martín,-32.97095953333332,-60.69698706666666,55.0,538.0,Municipio Rosario,Municipio,Rosario,820210,Servicio de Catastro e Información Territorial,IGN
2016,1262,2016-03-13,Domingo,0.0,21:00:00,,0.0,2,"Moto/Ciclomotor,Moto/Ciclomotor",Ayacucho Y Rui Barbosa,2,2,0,0,0,0,0,,Calle,,ROSARIO,Rosario,Asfalto,S/D,II,Dentro,Urbana,Semáforo,Funciona,Intersección,Bueno,Buena,Nocturna,S/D,Lateral,S/D,Colisión,S/D,S/D,Línea divisoria pintada,Sin restricción,POINT (-60.6358998 -33.00598659999999),"['Ayacucho', 'Rui Barbosa']",2,Ayacucho; Rui Barbosa,-33.00598659999999,-60.6358998,55.0,538.0,Municipio Rosario,Municipio,Rosario,820210,Servicio de Catastro e Información Territorial,IGN
2016,1264,2016-03-27,Domingo,0.0,11:40:00,,0.0,2,"Moto/Ciclomotor,Transporte de Pasajeros Urbano (> 8 asientos)",Lamadrid Y Cepeda,2,1,0,0,1,0,0,,S/D,,ROSARIO,Rosario,Asfalto,No existe,II,Dentro,Urbana,Ninguna,No existe,Intersección,S/D,S/D,Diurna,Buen Tiempo,Lateral,S/D,Colisión,S/D,S/D,Ninguna,Sin restricción,POINT (-60.625090400000005 -32.9963773),"['Lamadrid', 'Cepeda']",2,Gregorio Aráoz de Lamadrid; Cepeda,-32.9963773,-60.625090400000005,55.0,538.0,Municipio Rosario,Municipio,Rosario,820210,Servicio de Catastro e Información Territorial,IGN
2016,1265,2016-03-27,Domingo,0.0,12:00:00,,0.0,2,"Moto/Ciclomotor,Automóvil",Av. Uriburu Y Laprida,3,2,0,0,1,0,0,,Calle,,ROSARIO,Rosario,Asfalto,No existe,II,Dentro,Urbana,Señal Pare,No existe,Intersección,S/D,S/D,Diurna,S/D,Lateral,S/D,Colisión,S/D,Horizontal,Cordón divisorio,Sin restricción,POINT (-60.645184500000006 -32.990651),"['Uriburu', 'Laprida']",2,Avenida José Uriburu; Francisco Narciso Laprida,-32.990651,-60.645184500000006,55.0,538.0,Municipio Rosario,Municipio,Rosario,820210,Servicio de Catastro e Información Territorial,IGN
2016,1266,2016-03-10,Jueves,0.0,21:45:00,,0.0,2,"Automóvil,Pickup/Utilitario",Pte.Roca Y Cochabamba,6,2,0,0,4,0,0,,S/D,,ROSARIO,Rosario,Asfalto,S/D,II,S/D,S/D,S/D,S/D,Intersección,Bueno,Buena,Con luz artificial,Buen Tiempo,Lateral,S/D,Colisión,S/D,S/D,S/D,S/D,POINT (-60.6481136 -32.957187099999985),"['Roca', 'Cochabamba']",2,Presidente Roca; Cochabamba,-32.957187099999985,-60.6481136,55.0,538.0,Municipio Rosario,Municipio,Rosario,820210,Servicio de Catastro e Información Territorial,IGN
2016,1268,2016-02-23,Martes,0.0,,,0.0,1,Peatón,Av. Eva Peron ,1,1,0,0,0,0,0,,Calle,,ROSARIO,Rosario,Asfalto,Pavimento,II,Dentro,Urbana,Semáforo,Funciona,Intersección,Bueno,Buena,Diurna,Buen Tiempo,S/D,S/D,Atropello,S/D,Vertical,Ninguna,S/D,"-32.934802, -60.7027004",['Eva Peron'],1,Eva Peron,-32.934802,-60.7027004,55.0,538.0,Municipio Rosario,Municipio,Rosario,820210,Servicio de Catastro e Información Territorial,IGN
2016,1269,2016-02-27,Sabado,0.0,,,0.0,2,"Automóvil,Bicicleta",Av. Eva Peron 8300,2,1,0,0,1,0,0,,Calle,,ROSARIO,Rosario,Asfalto,Natural,II,Dentro,Urbana,Ninguna,No existe,Intersección,Bueno,Buena,Diurna,Buen Tiempo,S/D,S/D,Atropello,S/D,Faltante,Ninguna,Sin restricción,"-32.9269748, -60.743004",['Eva Peron 8300'],1,Eva Peron 8300,-32.9269748,-60.743004,55.0,538.0,Municipio Rosario,Municipio,Rosario,820210,Servicio de Catastro e Información Territorial,IGN
2016,1270,2016-03-11,Viernes,0.0,15:40:00,,0.0,2,"Moto/Ciclomotor,Taxi/Remis",Balcarce Y Cochabamba,3,1,0,0,2,0,0,,Calle,,ROSARIO,Rosario,Asfalto,S/D,II,Dentro,Urbana,S/D,S/D,Intersección,Deteriorada,Buena,Diurna,Buen Tiempo,Lateral,S/D,Colisión,S/D,S/D,S/D,S/D,POINT (-60.6549779 -32.9559715),"['Balcarce', 'Cochabamba']",2,Balcarce; Cochabamba,-32.9559715,-60.6549779,55.0,538.0,Municipio Rosario,Municipio,Rosario,820210,Servicio de Catastro e Información Territorial,IGN
2016,1272,2016-03-12,Sabado,0.0,21:10:00,,0.0,2,"Pickup/Utilitario,Moto/Ciclomotor",Entre Rios Y La Paz,2,1,0,0,1,0,0,,S/D,,ROSARIO,Rosario,Asfalto,S/D,II,S/D,S/D,S/D,Funciona,Intersección,Bueno,Buena,"Nocturna,Con luz artificial",Buen Tiempo,Lateral,S/D,Colisión,S/D,Vertical,S/D,S/D,POINT (-60.64540379999999 -32.9636773),"['Entre Ríos', 'La Paz']",2,Entre Ríos; La Paz,-32.9636773,-60.64540379999999,55.0,538.0,Municipio Rosario,Municipio,Rosario,820210,Servicio de Catastro e Información Territorial,IGN
2016,1273,2016-03-18,Viernes,0.0,22:00:00,,0.0,2,"Moto/Ciclomotor,Automóvil",Bv. 27 De Febrero Y Mariano Moreno,2,1,0,0,1,0,0,,Avenida,,ROSARIO,Rosario,Asfalto,S/D,II,Dentro,Urbana,Semáforo,Funciona,Intersección,Bueno,Buena,Con luz artificial,Buen Tiempo,Lateral,S/D,Colisión,S/D,Vertical,S/D,S/D,POINT (-60.655918650000004 -32.96538055),"['27 de Febrero', 'Mariano Moreno']",2,Bulevar 27 de Febrero; Mariano Moreno,-32.96538055,-60.65591865,55.0,538.0,Municipio Rosario,Municipio,Rosario,820210,Servicio de Catastro e Información Territorial,IGN
2016,1275,2016-03-19,Sabado,0.0,18:00:00,,0.0,2,"Automóvil,Automóvil",Entre Rios Y Galvez,4,2,0,0,2,0,0,,Calle,,ROSARIO,Rosario,Asfalto,S/D,II,Dentro,Urbana,S/D,S/D,Intersección,Bueno,Buena,Diurna,Buen Tiempo,Lateral,S/D,Colisión,S/D,S/D,S/D,S/D,POINT (-60.6465702 -32.968276),"['Entre Ríos', 'Galvez']",2,Entre Ríos; José Gálvez,-32.968276,-60.6465702,55.0,538.0,Municipio Rosario,Municipio,Rosario,820210,Servicio de Catastro e Información Territorial,IGN
2016,1281,2016-03-22,Martes,0.0,22:00:00,,0.0,2,"Bicicleta,Automóvil",Sarmiento Y Ituzaingo,2,1,0,0,1,0,0,,Calle,,ROSARIO,Rosario,Asfalto,S/D,II,Dentro,Urbana,S/D,S/D,Intersección,Bueno,Buena,"Nocturna,Con luz artificial",Buen Tiempo,S/D,S/D,Atropello,S/D,S/D,S/D,S/D,POINT (-60.6417314 -32.96072360000001),"['Sarmiento', 'Ituzaingó']",2,Sarmiento; Ituzaingó,-32.96072360000001,-60.6417314,55.0,538.0,Municipio Rosario,Municipio,Rosario,820210,Servicio de Catastro e Información Territorial,IGN
2016,1282,2016-03-27,Domingo,0.0,5:15:00,,0.0,1,Automóvil,J.Colombres 800,3,2,0,0,1,0,0,,Calle,,ROSARIO,Rosario,Asfalto,No existe,II,Dentro,Urbana,Ninguna,Funciona,Recta,Bueno,Buena,Nocturna,Buen Tiempo,Contra objeto fijo,S/D,Colisión,S/D,Vertical,Cordón divisorio,Sin restricción,"-32.8936678, -60.6855208",['J Colombres 800'],1,J Colombres 800,-32.8936678,-60.6855208,55.0,538.0,Municipio Rosario,Municipio,Rosario,820210,Servicio de Catastro e Información Territorial,IGN
2016,1283,2016-03-23,Miercoles,0.0,8:50:00,,0.0,2,"Moto/Ciclomotor,Automóvil",Av. Pellegrini Y Mariano Moreno,2,1,0,0,1,0,0,,Avenida,,ROSARIO,Rosario,Asfalto,S/D,II,Dentro,Urbana,Semáforo,Funciona,Intersección,Bueno,Buena,Diurna,Buen Tiempo,Lateral,S/D,Colisión,S/D,Vertical,S/D,S/D,POINT (-60.65335815 -32.955066949999996),"['Pellegrini', 'Mariano Moreno']",2,Avenida Carlos Pellegrini; Mariano Moreno,-32.95506695,-60.65335815,55.0,538.0,Municipio Rosario,Municipio,Rosario,820210,Servicio de Catastro e Información Territorial,IGN
2016,1284,2016-03-23,Miercoles,0.0,13:50:00,,0.0,2,"Automóvil,Transporte de Pasajeros Urbano (> 8 asientos)",Entre Rios Y Cochabamba,2,1,0,0,1,0,0,,Calle,,ROSARIO,Rosario,Asfalto,S/D,II,Dentro,Urbana,S/D,S/D,Intersección,Bueno,Buena,Diurna,Buen Tiempo,Lateral,S/D,Colisión,S/D,S/D,S/D,S/D,POINT (-60.6439501 -32.9579457),"['Entre Ríos', 'Cochabamba']",2,Entre Ríos; Cochabamba,-32.9579457,-60.6439501,55.0,538.0,Municipio Rosario,Municipio,Rosario,820210,Servicio de Catastro e Información Territorial,IGN
2016,1285,2016-03-19,Sabado,0.0,21:00:00,,0.0,2,"Automóvil,Moto/Ciclomotor",Washington Y Valentin Gomez,3,1,0,0,2,0,0,,Calle,,ROSARIO,Rosario,Asfalto,No existe,II,Dentro,Urbana,Ninguna,No existe,Intersección,Bueno,Buena,Nocturna,Buen Tiempo,Frontal,S/D,Colisión,S/D,Faltante,Ninguna,Sin restricción,POINT (-60.69477009999999 -32.902176299999994),"['Washington', 'Valentín Gómez']",2,Washington; Valentín Gómez,-32.902176299999994,-60.69477009999999,55.0,538.0,Municipio Rosario,Municipio,Rosario,820210,Servicio de Catastro e Información Territorial,IGN
2016,1286,2016-03-07,Lunes,0.0,17:00:00,,0.0,2,"Automóvil,Automóvil",Bv. Rondeau Y Martin Fierro,2,1,0,0,1,0,0,,Calle,,ROSARIO,Rosario,Asfalto,S/D,II,Dentro,Urbana,S/D,S/D,S/D,Bueno,S/D,Diurna,S/D,S/D,S/D,Colisión,S/D,S/D,S/D,S/D,POINT (-60.69743998 -32.87802498),"['Rondeau', 'Martin Fierro']",2,Bulevar General José Rondeau; Martin Fierro,-32.87802498,-60.69743998,55.0,538.0,Municipio Rosario,Municipio,Rosario,820210,Servicio de Catastro e Información Territorial,IGN
2016,1287,2016-03-22,Martes,0.0,,,0.0,2,"Moto/Ciclomotor,Otros",Olive 1400,2,1,0,0,1,0,0,,Calle,,ROSARIO,Rosario,Asfalto,S/D,II,Dentro,Urbana,S/D,S/D,Recta,Bueno,S/D,S/D,S/D,Lateral,S/D,Colisión,S/D,Faltante,S/D,Sin restricción,"-32.9129108, -60.6830853",['Olive 1400'],1,Olive 1400,-32.9129108,-60.6830853,55.0,538.0,Municipio Rosario,Municipio,Rosario,820210,Servicio de Catastro e Información Territorial,IGN
2016,1288,2016-03-31,Jueves,0.0,8:50:00,,0.0,2,"Automóvil,Otros",Santa Fe ,3,1,0,0,0,0,2,,Calle,,ROSARIO,Rosario,Asfalto,S/D,II,Dentro,Urbana,S/D,S/D,Intersección,S/D,S/D,Diurna,S/D,S/D,S/D,Colisión,S/D,S/D,S/D,S/D,"-32.9397645, -60.6675873",['Santa Fe'],1,Santa Fe,-32.9397645,-60.6675873,55.0,538.0,Municipio Rosario,Municipio,Rosario,820210,Servicio de Catastro e Información Territorial,IGN
2016,1289,2016-03-23,Miercoles,0.0,6:50:00,,0.0,2,"Automóvil,Automóvil",Mitre Y Galvez,2,1,0,0,1,0,0,,S/D,,ROSARIO,Rosario,Asfalto,S/D,II,S/D,S/D,S/D,S/D,Recta,Bueno,Buena,Diurna,Buen Tiempo,Lateral,S/D,Colisión,S/D,S/D,S/D,S/D,POINT (-60.64514630000001 -32.968528199999994),"['Mitre', 'Galvez']",2,Bartolomé Mitre; José Gálvez,-32.968528199999994,-60.64514630000001,55.0,538.0,Municipio Rosario,Municipio,Rosario,820210,Servicio de Catastro e Información Territorial,IGN
2016,1290,2016-03-28,Lunes,0.0,11:00:00,,0.0,2,"Automóvil,Taxi/Remis",Sarmiento Y Cerrito,3,1,0,0,2,0,0,,Calle,,ROSARIO,Rosario,Asfalto,S/D,II,Dentro,Urbana,S/D,S/D,Intersección,Bueno,Buena,Diurna,Buen Tiempo,Lateral,S/D,Colisión,S/D,S/D,S/D,S/D,POINT (-60.6420226 -32.9618734),"['Sarmiento', 'Cerrito']",2,Sarmiento; Cerrito,-32.9618734,-60.6420226,55.0,538.0,Municipio Rosario,Municipio,Rosario,820210,Servicio de Catastro e Información Territorial,IGN
2016,1291,2016-03-07,Lunes,0.0,13:00:00,,0.0,2,"Automóvil,Peatón",Cerrito Y Maipu,2,1,0,0,1,0,0,,Calle,,ROSARIO,Rosario,Asfalto,No existe,II,Dentro,Urbana,Semáforo,No existe,Intersección,Bueno,Buena,Diurna,Buen Tiempo,Lateral,S/D,Atropello,S/D,Faltante,Ninguna,Sin restricción,POINT (-60.639294199999995 -32.96236400000001),"['Cerrito', 'Maipú']",2,Cerrito; Maipú,-32.96236400000001,-60.6392942,55.0,538.0,Municipio Rosario,Municipio,Rosario,820210,Servicio de Catastro e Información Territorial,IGN
2016,1292,2016-03-07,Lunes,0.0,18:00:00,,0.0,2,"Automóvil,Moto/Ciclomotor",Av. Belgrano 2000,2,1,0,0,1,0,0,,Calle,,ROSARIO,Rosario,Asfalto,No existe,II,Dentro,Urbana,Ninguna,No existe,Recta,Bueno,Buena,Diurna,Buen Tiempo,S/D,S/D,Colisión,S/D,Faltante,Ninguna,Sin restricción,"-32.9409711, -60.7133596",['Belgrano 2000'],1,Belgrano 2000,-32.9409711,-60.7133596,55.0,538.0,Municipio Rosario,Municipio,Rosario,820210,Servicio de Catastro e Información Territorial,IGN
2016,1293,2016-03-11,Viernes,0.0,9:30:00,,0.0,2,"Automóvil,Moto/Ciclomotor",Laprida 1700,2,1,0,0,1,0,0,,Calle,,ROSARIO,Rosario,Asfalto,No existe,II,Dentro,Urbana,Ninguna,No existe,Intersección,Bueno,Buena,Diurna,Buen Tiempo,Lateral,S/D,Colisión,S/D,Faltante,Ninguna,Sin restricción,"-32.9578354, -60.6369623",['Laprida 1700'],1,Laprida 1700,-32.9578354,-60.6369623,55.0,538.0,Municipio Rosario,Municipio,Rosario,820210,Servicio de Catastro e Información Territorial,IGN
2016,1308,2016-03-18,Viernes,0.0,16:00:00,,0.0,2,"Automóvil,Automóvil",Bv. 27 De Febrero Y Ayacucho,5,1,0,0,4,0,0,,Calle,,ROSARIO,Rosario,Asfalto,No existe,II,Dentro,Urbana,Señal Pare,No existe,Intersección,Bueno,Buena,Diurna,Buen Tiempo,De alcance,S/D,Colisión,S/D,Vertical,Cordón divisorio,Sin restricción,POINT (-60.6322277 -32.96960704999999),"['27 de Febrero', 'Ayacucho']",2,Bulevar 27 de Febrero; Ayacucho,-32.96960704999999,-60.6322277,55.0,538.0,Municipio Rosario,Municipio,Rosario,820210,Servicio de Catastro e Información Territorial,IGN
2016,1309,2016-03-14,Lunes,0.0,10:35:00,,0.0,2,"Automóvil,Automóvil",Mendoza 7500,2,1,0,0,0,0,1,,S/D,,ROSARIO,Rosario,Asfalto,Pavimento,II,Dentro,Urbana,Semáforo,Funciona,S/D,Bueno,Buena,Diurna,Buen Tiempo,Otro,S/D,Colisión,Agua,Faltante,S/D,Sin restricción,"-32.9404161, -60.7235199",['Mendoza 7500'],1,Mendoza 7500,-32.9404161,-60.7235199,55.0,538.0,Municipio Rosario,Municipio,Rosario,820210,Servicio de Catastro e Información Territorial,IGN
2016,1310,2016-03-20,Domingo,0.0,15:00:00,,0.0,2,"Moto/Ciclomotor,Automóvil",La Paz Y Ayacucho,2,1,0,0,1,0,0,,Calle,,ROSARIO,Rosario,Asfalto,No existe,II,Dentro,Urbana,Ninguna,No existe,Intersección,Bueno,Buena,Diurna,Buen Tiempo,Lateral,S/D,Colisión,S/D,Vertical,Ninguna,Sin restricción,POINT (-60.6313639 -32.96617200000001),"['La Paz', 'Ayacucho']",2,La Paz; Ayacucho,-32.96617200000001,-60.6313639,55.0,538.0,Municipio Rosario,Municipio,Rosario,820210,Servicio de Catastro e Información Territorial,IGN
2016,1311,2016-03-21,Lunes,0.0,12:45:00,,0.0,2,"Moto/Ciclomotor,Transporte de Pasajeros Urbano (> 8 asientos)",Pasco Y J.M.de Rosas,3,2,0,0,1,0,0,,Calle,,ROSARIO,Rosario,Asfalto,No existe,II,Dentro,Urbana,Ninguna,No existe,Intersección,Bueno,Buena,Diurna,Buen Tiempo,Lateral,S/D,Colisión,S/D,Faltante,Ninguna,Sin restricción,POINT (-60.6345711 -32.960813500000015),"['Pasco', 'De Rosas']",2,Pasco; Juan Manuel de Rosas,-32.960813500000015,-60.6345711,55.0,538.0,Municipio Rosario,Municipio,Rosario,820210,Servicio de Catastro e Información Territorial,IGN
2016,1312,2016-03-28,Lunes,0.0,,,0.0,2,"Pickup/Utilitario,Automóvil",Nicaragua Y Zuviria,2,1,0,0,1,0,0,,Calle,,ROSARIO,Rosario,Asfalto,No existe,II,S/D,Urbana,Ninguna,No existe,S/D,Bueno,Buena,Atardecer,Buen Tiempo,Lateral,S/D,Colisión,Ninguna,Faltante,S/D,Sin restricción,POINT (-60.7208745 -32.93717920000001),"['Nicaragua', 'Zuviría']",2,Nicaragua; Juez José María Zuviría,-32.93717920000001,-60.7208745,55.0,538.0,Municipio Rosario,Municipio,Rosario,820210,Servicio de Catastro e Información Territorial,IGN
2016,1313,2016-03-21,Lunes,0.0,12:50:00,,0.0,2,"Moto/Ciclomotor,Transporte de Pasajeros Urbano (> 8 asientos)",Bv. 27 De Febrero 800,2,1,0,0,1,0,0,,Calle,,ROSARIO,Rosario,Asfalto,No existe,II,Dentro,Urbana,Semáforo,No existe,Recta,Bueno,Buena,Diurna,Buen Tiempo,S/D,S/D,Colisión,S/D,Faltante,Cordón divisorio,Sin restricción,"-32.9681977, -60.6393253",['27 De Febrero 800'],1,27 De Febrero 800,-32.9681977,-60.6393253,55.0,538.0,Municipio Rosario,Municipio,Rosario,820210,Servicio de Catastro e Información Territorial,IGN
2016,1314,2016-03-21,Lunes,0.0,13:00:00,,0.0,2,"Moto/Ciclomotor,Automóvil",Nicaragua Y Mendoza,2,1,0,0,1,0,0,,Calle,,ROSARIO,Rosario,S/D,Pavimento,II,S/D,Urbana,Ninguna,No existe,S/D,Bueno,Buena,Diurna,Buen Tiempo,Lateral,S/D,Colisión,Ninguna,Faltante,S/D,Sin restricción,POINT (-60.720695799999994 -32.94045335),"['Nicaragua', 'Mendoza']",2,Nicaragua; Mendoza,-32.94045335,-60.7206958,55.0,538.0,Municipio Rosario,Municipio,Rosario,820210,Servicio de Catastro e Información Territorial,IGN
2016,1315,2016-03-25,Viernes,0.0,10:30:00,,0.0,1,Moto/Ciclomotor,Mendoza Y Bv. Wilde,1,0,0,0,0,0,1,,Calle,,ROSARIO,Rosario,Asfalto,Pavimento,II,S/D,S/D,Ninguna,Funciona,Rotonda,Bueno,Buena,Diurna,Buen Tiempo,Contra objeto fijo,S/D,Colisión,Ninguna,Faltante,S/D,Sin restricción,POINT (-60.738499825 -32.9402949),"['Mendoza', 'Bulevar Wilde']",2,Mendoza; Bulevar Wilde,-32.9402949,-60.738499825,55.0,538.0,Municipio Rosario,Municipio,Rosario,820210,Servicio de Catastro e Información Territorial,IGN
2016,1316,2016-03-22,Martes,0.0,8:30:00,,0.0,2,"Peatón,Automóvil",La Paz Y Colon,2,1,0,0,1,0,0,,Calle,,ROSARIO,Rosario,Asfalto,No existe,II,Dentro,Urbana,Otra Señal,No existe,Intersección,Bueno,Buena,Diurna,Buen Tiempo,Lateral,S/D,Atropello,S/D,Faltante,Ninguna,Sin restricción,POINT (-60.630001099999994 -32.9664142),"['La Paz', 'Colon']",2,La Paz; Cristóbal Colón,-32.9664142,-60.6300011,55.0,538.0,Municipio Rosario,Municipio,Rosario,820210,Servicio de Catastro e Información Territorial,IGN
2016,1317,2016-03-12,Sabado,0.0,21:30:00,,0.0,1,Automóvil,Av. Jorge Newbery Y Sanchez de Loria,5,3,0,0,1,0,1,,S/D,,ROSARIO,Rosario,S/D,S/D,II,S/D,Urbana,S/D,S/D,S/D,S/D,S/D,Nocturna,S/D,S/D,S/D,S/D,S/D,S/D,S/D,S/D,POINT (-60.73309916000001 -32.90848276),"['Jorge Newbery', 'Sánchez de Loria']",2,Avenida Jorge Newbery; Sánchez de Loria,-32.90848276,-60.73309916000001,55.0,538.0,Municipio Rosario,Municipio,Rosario,820210,Servicio de Catastro e Información Territorial,IGN
2016,1318,2016-03-23,Miercoles,0.0,10:15:00,,0.0,2,"Taxi/Remis,Moto/Ciclomotor",Ayacucho Y Bv. 27 De Febrero,2,1,0,0,1,0,0,,Calle,,ROSARIO,Rosario,Asfalto,No existe,II,Dentro,Urbana,Ninguna,No existe,Intersección,Bueno,Buena,Diurna,Buen Tiempo,Lateral,S/D,Colisión,S/D,Vertical,Ninguna,Sin restricción,POINT (-60.6322277 -32.96960704999999),"['Ayacucho', '27 de Febrero']",2,Ayacucho; Bulevar 27 de Febrero,-32.96960704999999,-60.6322277,55.0,538.0,Municipio Rosario,Municipio,Rosario,820210,Servicio de Catastro e Información Territorial,IGN
2016,1319,2016-03-06,Domingo,0.0,,,0.0,1,Moto/Ciclomotor,Av. Circunvalacion Y Av. Jorge Newbery,4,2,0,0,0,0,2,,S/D,,ROSARIO,Rosario,S/D,S/D,II,S/D,Urbana,S/D,S/D,S/D,S/D,S/D,S/D,S/D,S/D,S/D,S/D,S/D,S/D,S/D,S/D,POINT (-60.72420769617581 -32.90836527388017),"['Circunvalacion', 'Jorge Newbery']",2,Avenida de Circunvalación 25 de Mayo; Avenida Jorge Newbery,-32.90836527388017,-60.72420769617581,55.0,538.0,Municipio Rosario,Municipio,Rosario,820210,Servicio de Catastro e Información Territorial,IGN
2016,1320,2016-03-04,Viernes,0.0,20:00:00,,0.0,2,"Moto/Ciclomotor,Automóvil",Sarratea Bis Y J.B.Justo,3,0,1,0,1,0,1,,S/D,,ROSARIO,Rosario,S/D,S/D,II,S/D,Urbana,S/D,S/D,S/D,S/D,S/D,Nocturna,S/D,S/D,S/D,Colisión,S/D,S/D,S/D,S/D,POINT (-60.741556499999994 -32.9156891),"['Sarratea', 'Justo']",2,Sarratea; Justo José de Urquiza,-32.9156891,-60.7415565,55.0,538.0,Municipio Rosario,Municipio,Rosario,820210,Servicio de Catastro e Información Territorial,IGN
2016,1321,2016-03-21,Lunes,0.0,,,0.0,2,"Automóvil,Moto/Ciclomotor",L.N.Alem Y Riobamba,2,1,0,0,1,0,0,,Calle,,ROSARIO,Rosario,Asfalto,S/D,II,Dentro,Urbana,S/D,S/D,Intersección,Bueno,S/D,S/D,Buen Tiempo,Lateral,S/D,Colisión,S/D,S/D,S/D,Sin restricción,POINT (-60.6324245 -32.9647893),"['Alem', 'Riobamba']",2,Leandro N. Alem; Riobamba,-32.9647893,-60.6324245,55.0,538.0,Municipio Rosario,Municipio,Rosario,820210,Servicio de Catastro e Información Territorial,IGN
2016,1322,2016-03-13,Domingo,0.0,12:00:00,,0.0,2,"Moto/Ciclomotor,Automóvil",Av. Jorge Newbery Y Donado,4,1,0,0,2,0,1,,S/D,,ROSARIO,Rosario,Asfalto,S/D,II,S/D,Urbana,S/D,S/D,S/D,S/D,S/D,Diurna,S/D,S/D,S/D,S/D,S/D,S/D,S/D,S/D,POINT (-60.728404966666666 -32.908371466666665),"['Jorge Newbery', 'Donado']",2,Avenida Jorge Newbery; José Agustín Donado,-32.908371466666665,-60.728404966666666,55.0,538.0,Municipio Rosario,Municipio,Rosario,820210,Servicio de Catastro e Información Territorial,IGN
2016,1323,2016-03-20,Domingo,0.0,19:00:00,,0.0,1,,Velez Sarsfield Y Pje. San Geronimo,2,2,0,0,0,0,0,,Calle,,ROSARIO,Rosario,S/D,No existe,II,Dentro,Urbana,Ninguna,No existe,Recta,S/D,Buena,Diurna,S/D,Lateral,S/D,Colisión,S/D,Faltante,Ninguna,Sin restricción,POINT (-60.6931197 -32.92532715),"['Vélez Sarsfield', 'San Geronimo']",2,Vélez Sarsfield; Pasaje San Gerónimo,-32.92532715,-60.6931197,55.0,538.0,Municipio Rosario,Municipio,Rosario,820210,Servicio de Catastro e Información Territorial,IGN
2016,1324,2016-03-20,Domingo,0.0,19:00:00,,0.0,2,"Bicicleta,Moto/Ciclomotor",Velez Sarsfield Y Pje. San Geronimo,2,2,0,0,0,0,0,,Calle,,ROSARIO,Rosario,S/D,No existe,II,Dentro,Urbana,Ninguna,No existe,Recta,S/D,Buena,Diurna,S/D,S/D,S/D,Atropello,S/D,Faltante,Ninguna,Sin restricción,POINT (-60.6931197 -32.92532715),"['Vélez Sarsfield', 'San Geronimo']",2,Vélez Sarsfield; Pasaje San Gerónimo,-32.92532715,-60.6931197,55.0,538.0,Municipio Rosario,Municipio,Rosario,820210,Servicio de Catastro e Información Territorial,IGN