anio_acci,nro_acci,fecha,desc_dia,fecha_aprox,hora_aprox,desc_ruta,km,cant_participantes,desc_participante,calle_avenida_km,total,heridos_leves,heridos_graves,heridos_gravisimos,ilesos,fallecidos,sin_datos,posicion_XY,desc_tipo_via,desc_ruta_ori,desc_loc,desc_dpto,desc_tipo_calzada,desc_tipo_banquina,desc_unidad_regional,desc_lugar_calzada,desc_zona,desc_prioridad,desc_estado_semaforo,desc_lugar_via,desc_estado_via,desc_estado_visibilidad,desc_luminosidad,desc_estado_clima,desc_tipo_colision,desc_tipo_atropello,desc_tipo_hecho,desc_pres_calzada,desc_senializacion,desc_separacion_via,desc_restriccion,forma_geocod,calle_lista,numero_calles,calles_osm,lat,lon,index_right,gid,fna,gna,nam,in1,fdc,sag
2016,1325,2016-03-29,Martes,0.0,11:30:00,,0.0,2,"Bicicleta,Automóvil",L.N.Alem Y Riobamba,2,1,0,0,1,0,0,,Calle,,ROSARIO,Rosario,Asfalto,No existe,II,Dentro,Urbana,Señal Pare,No existe,Intersección,Bueno,Buena,Diurna,Buen Tiempo,S/D,S/D,Atropello,S/D,Vertical,Ninguna,Sin restricción,POINT (-60.6324245 -32.9647893),"['Alem', 'Riobamba']",2,Leandro N. Alem; Riobamba,-32.9647893,-60.6324245,55.0,538.0,Municipio Rosario,Municipio,Rosario,820210,Servicio de Catastro e Información Territorial,IGN
2016,1326,2016-03-24,Jueves,0.0,14:20:00,,0.0,1,Bicicleta,Av. Francia Y Mendoza,1,1,0,0,0,0,0,,Calle,,ROSARIO,Rosario,Asfalto,S/D,II,Dentro,Urbana,S/D,S/D,S/D,S/D,S/D,Diurna,S/D,S/D,S/D,Caída ocupante,S/D,S/D,S/D,S/D,POINT (-60.6668048 -32.946657849999994),"['Avenida Francia', 'Mendoza']",2,Avenida Francia; Mendoza,-32.946657849999994,-60.6668048,55.0,538.0,Municipio Rosario,Municipio,Rosario,820210,Servicio de Catastro e Información Territorial,IGN
2016,1327,2016-03-20,Domingo,0.0,18:05:00,,0.0,2,"Moto/Ciclomotor,Automóvil",Garzon Y French,3,1,0,0,2,0,0,,Calle,,ROSARIO,Rosario,S/D,No existe,II,Dentro,Urbana,Ninguna,No existe,Intersección,Bueno,Buena,Diurna,Buen Tiempo,Lateral,S/D,Colisión,S/D,Faltante,Ninguna,Sin restricción,POINT (-60.706438500000004 -32.92160419999999),"['Garzón', 'French']",2,Garzón; Domingo French,-32.92160419999999,-60.7064385,55.0,538.0,Municipio Rosario,Municipio,Rosario,820210,Servicio de Catastro e Información Territorial,IGN
2016,1328,2016-03-23,Miercoles,0.0,16:50:00,,0.0,2,"Moto/Ciclomotor,Automóvil",Alsina Y San Luis,2,1,0,0,1,0,0,,Calle,,ROSARIO,Rosario,Asfalto,S/D,II,Dentro,Urbana,S/D,S/D,S/D,S/D,S/D,Diurna,S/D,S/D,S/D,Colisión,S/D,S/D,S/D,S/D,POINT (-60.67705600000001 -32.9422069),"['Alsina', 'San Luis']",2,Alsina; San Luis,-32.9422069,-60.67705600000001,55.0,538.0,Municipio Rosario,Municipio,Rosario,820210,Servicio de Catastro e Información Territorial,IGN
2016,1329,2016-03-24,Jueves,0.0,9:40:00,,0.0,2,"Moto/Ciclomotor,Automóvil",San Luis Y San Nicolas,3,2,0,0,1,0,0,,Calle,,ROSARIO,Rosario,Asfalto,S/D,II,Dentro,Urbana,S/D,S/D,S/D,S/D,S/D,Diurna,S/D,S/D,S/D,Colisión,S/D,S/D,S/D,S/D,POINT (-60.6729863 -32.942945),"['San Luis', 'San Nicolás']",2,San Luis; San Nicolás,-32.942945,-60.6729863,55.0,538.0,Municipio Rosario,Municipio,Rosario,820210,Servicio de Catastro e Información Territorial,IGN
2016,1330,2016-03-24,Jueves,0.0,15:00:00,,0.0,2,"Moto/Ciclomotor,Automóvil",Rioja Y San Nicolas,3,2,0,0,1,0,0,,Calle,,ROSARIO,Rosario,Asfalto,S/D,II,Dentro,Urbana,S/D,S/D,S/D,S/D,S/D,Diurna,S/D,S/D,S/D,Colisión,S/D,S/D,S/D,S/D,POINT (-60.6726199 -32.94151719999999),"['Rioja', 'San Nicolás']",2,Rioja; San Nicolás,-32.94151719999999,-60.6726199,55.0,538.0,Municipio Rosario,Municipio,Rosario,820210,Servicio de Catastro e Información Territorial,IGN
2016,1331,2016-03-19,Sabado,0.0,11:00:00,,0.0,2,"Otros,Moto/Ciclomotor",Lavalle Y Av. Pellegrini,2,1,0,0,1,0,0,,Calle,,ROSARIO,Rosario,Asfalto,S/D,II,Dentro,Urbana,S/D,S/D,S/D,S/D,S/D,Diurna,S/D,S/D,S/D,Colisión,S/D,S/D,S/D,S/D,POINT (-60.68050055 -32.9501851),"['Lavalle', 'Pellegrini']",2,Lavalle; Avenida Carlos Pellegrini,-32.9501851,-60.68050055,55.0,538.0,Municipio Rosario,Municipio,Rosario,820210,Servicio de Catastro e Información Territorial,IGN
2016,1332,2016-03-20,Domingo,0.0,,,0.0,2,"Transporte de Pasajeros Urbano (> 8 asientos),Automóvil",3 De Febrero Y Lavalle,4,3,0,0,1,0,0,,Calle,,ROSARIO,Rosario,Asfalto,S/D,II,Dentro,Urbana,S/D,S/D,S/D,S/D,S/D,S/D,S/D,S/D,S/D,Colisión,S/D,S/D,S/D,S/D,POINT (-60.6793582 -32.94569909999999),"['3 de Febrero', 'Lavalle']",2,3 de Febrero; Lavalle,-32.94569909999999,-60.6793582,55.0,538.0,Municipio Rosario,Municipio,Rosario,820210,Servicio de Catastro e Información Territorial,IGN
2016,1333,2016-03-09,Miercoles,0.0,7:00:00,,0.0,2,"Transporte de Pasajeros Urbano (> 8 asientos),Automóvil",Mendoza 4800,2,1,0,0,1,0,0,,Calle,,ROSARIO,Rosario,Asfalto,S/D,II,Dentro,Urbana,S/D,S/D,S/D,S/D,S/D,Diurna,S/D,S/D,S/D,Colisión,S/D,S/D,S/D,S/D,"-32.9424637, -60.6897256",['Mendoza 4800'],1,Mendoza 4800,-32.9424637,-60.6897256,55.0,538.0,Municipio Rosario,Municipio,Rosario,820210,Servicio de Catastro e Información Territorial,IGN
2016,1334,2016-03-10,Jueves,0.0,14:40:00,,0.0,2,"Automóvil,Moto/Ciclomotor",Gutenberg Y Mendoza,3,2,0,0,1,0,0,,Calle,,ROSARIO,Rosario,Asfalto,S/D,II,Dentro,Urbana,S/D,S/D,S/D,S/D,S/D,Diurna,S/D,S/D,S/D,Colisión,S/D,S/D,S/D,S/D,POINT (-60.68857770000001 -32.94277249999998),"['Gutenberg', 'Mendoza']",2,Gutenberg; Mendoza,-32.94277249999998,-60.68857770000001,55.0,538.0,Municipio Rosario,Municipio,Rosario,820210,Servicio de Catastro e Información Territorial,IGN
2016,1336,2016-03-05,Sabado,0.0,22:30:00,,0.0,2,"Automóvil,Automóvil",Velez Sarsfield 700,4,2,0,0,1,0,1,,Calle,,ROSARIO,Rosario,Asfalto,S/D,II,Dentro,Urbana,S/D,S/D,Recta,S/D,S/D,Nocturna,S/D,S/D,S/D,Colisión,S/D,S/D,S/D,S/D,"-32.9247889, -60.6737076",['Velez Sarsfield 700'],1,Velez Sarsfield 700,-32.9247889,-60.6737076,55.0,538.0,Municipio Rosario,Municipio,Rosario,820210,Servicio de Catastro e Información Territorial,IGN
2016,1337,2016-03-15,Martes,0.0,16:10:00,,0.0,2,"Moto/Ciclomotor,Automóvil",Echeverria Bis Y Pje. Corvalan,2,1,0,0,1,0,0,,Calle,,ROSARIO,Rosario,Asfalto,S/D,II,Dentro,Urbana,S/D,S/D,Intersección,S/D,S/D,Diurna,S/D,S/D,S/D,Colisión,S/D,S/D,S/D,S/D,POINT (-60.67217839999999 -32.92404080000001),"['Echeverría', 'Corvalan']",2,Echeverría; Pasaje Corvalán,-32.92404080000001,-60.67217839999999,55.0,538.0,Municipio Rosario,Municipio,Rosario,820210,Servicio de Catastro e Información Territorial,IGN
2016,1338,2016-03-16,Miercoles,0.0,10:00:00,,0.0,2,"Moto/Ciclomotor,Automóvil",Humberto I Y Benzuley,2,1,0,0,1,0,0,,Calle,,ROSARIO,Rosario,Asfalto,S/D,II,Dentro,Urbana,S/D,S/D,Intersección,S/D,S/D,Diurna,S/D,S/D,S/D,Colisión,S/D,S/D,S/D,S/D,POINT (-60.6866359 -32.929766699999995),"['Humberto', 'Bensuley']",2,Humberto Primero; Bensuley,-32.929766699999995,-60.6866359,55.0,538.0,Municipio Rosario,Municipio,Rosario,820210,Servicio de Catastro e Información Territorial,IGN
2016,1340,2016-03-29,Martes,0.0,7:45:00,,0.0,2,"Moto/Ciclomotor,Automóvil",Bv. Avellaneda Y Pje. Corvalan,2,1,0,0,1,0,0,,Calle,,ROSARIO,Rosario,Asfalto,S/D,II,Dentro,Urbana,S/D,S/D,Intersección,S/D,S/D,Diurna,S/D,S/D,S/D,Colisión,S/D,S/D,S/D,S/D,POINT (-60.6752915 -32.9241308),"['Avellaneda', 'Corvalan']",2,Bulevar Nicolás Avellaneda; Pasaje Corvalán,-32.9241308,-60.6752915,55.0,538.0,Municipio Rosario,Municipio,Rosario,820210,Servicio de Catastro e Información Territorial,IGN
2016,1343,2016-03-22,Martes,0.0,13:10:00,,0.0,1,Taxi/Remis,Albert Sabin Y Av. Genova,3,2,0,0,1,0,0,,Avenida,,ROSARIO,Rosario,Hormigón,S/D,II,Dentro,Urbana,S/D,Funciona,Recta,Bueno,Buena,Diurna,Buen Tiempo,S/D,S/D,Vuelco,Ninguna,Horizontal,Ninguna,S/D,POINT (-60.69145555 -32.9153654),"['Avenida Travesía Albert Sabin', 'Genova']",2,Avenida Travesía Albert Sabin; Avenida Génova,-32.9153654,-60.69145555,55.0,538.0,Municipio Rosario,Municipio,Rosario,820210,Servicio de Catastro e Información Territorial,IGN
2016,1344,2016-03-12,Sabado,0.0,13:15:00,,0.0,2,"Moto/Ciclomotor,Automóvil",J.J.Paso Y Dr.Victor Cue Bis,4,2,0,0,1,0,1,,Calle,,ROSARIO,Rosario,Asfalto,Pavimento,II,S/D,Urbana,Ninguna,No existe,Recta,Deteriorada,Buena,Diurna,Buen Tiempo,Lateral,S/D,Colisión,Ninguna,Faltante,Ninguna,Sin restricción,POINT (-60.69705220000001 -32.91976859999999),"['Paso', 'Victor Cue']",2,Avenida Juan José Paso; Victor Cue,-32.91976859999999,-60.69705220000001,55.0,538.0,Municipio Rosario,Municipio,Rosario,820210,Servicio de Catastro e Información Territorial,IGN
2016,1345,2016-03-01,Martes,0.0,21:20:00,,0.0,2,"Automóvil,Automóvil",Catamarca Y Rodriguez,3,1,0,0,2,0,0,,Calle,,ROSARIO,Rosario,Asfalto,S/D,II,S/D,Urbana,Semáforo,Funciona,Recta,Bueno,Buena,Nocturna,Buen Tiempo,Otro,S/D,Colisión,S/D,S/D,Ninguna,Sin restricción,POINT (-60.6572387 -32.9369145),"['Catamarca', 'Rodríguez']",2,Catamarca; Rodríguez de Escobedo,-32.9369145,-60.6572387,55.0,538.0,Municipio Rosario,Municipio,Rosario,820210,Servicio de Catastro e Información Territorial,IGN
2016,1346,2016-03-07,Lunes,0.0,14:45:00,,0.0,2,"Moto/Ciclomotor,Automóvil",Cordoba Y Cafferata,3,2,0,0,1,0,0,,Calle,,ROSARIO,Rosario,Asfalto,No existe,II,S/D,Urbana,Semáforo,Funciona,Recta,Bueno,Buena,Diurna,Buen Tiempo,Lateral,S/D,Colisión,S/D,Vertical,Ninguna,Sin restricción,POINT (-60.6709866 -32.9405587),"['Córdoba', 'Cafferata']",2,Córdoba; Cafferata,-32.9405587,-60.6709866,55.0,538.0,Municipio Rosario,Municipio,Rosario,820210,Servicio de Catastro e Información Territorial,IGN
2016,1347,2016-03-08,Martes,0.0,18:30:00,,0.0,2,"Moto/Ciclomotor,Automóvil",San Lorenzo Y Constitucion,2,1,0,0,1,0,0,,Calle,,ROSARIO,Rosario,Asfalto,No existe,II,S/D,Urbana,Otra Señal,No existe,Recta,Bueno,Buena,Diurna,Buen Tiempo,Otro,S/D,Colisión,Ninguna,Vertical,Ninguna,Sin restricción,POINT (-60.6730946 -32.9377649),"['San Lorenzo', 'Constitución']",2,San Lorenzo; Constitución,-32.9377649,-60.6730946,55.0,538.0,Municipio Rosario,Municipio,Rosario,820210,Servicio de Catastro e Información Territorial,IGN
2016,1348,2016-03-18,Viernes,0.0,7:20:00,,0.0,2,"Automóvil,Automóvil",Urquiza Y Av. Ovidio Lagos,3,2,1,0,0,0,0,,Calle,,ROSARIO,Rosario,Asfalto,No existe,II,S/D,Urbana,Semáforo,Funciona,Recta,Bueno,Buena,Diurna,Buen Tiempo,Otro,S/D,Colisión,Ninguna,Vertical,Ninguna,Sin restricción,POINT (-60.660585299999994 -32.938803599999986),"['Urquiza', 'Avenida Ovidio Lagos']",2,Justo José de Urquiza; Avenida Ovidio Lagos,-32.938803599999986,-60.6605853,55.0,538.0,Municipio Rosario,Municipio,Rosario,820210,Servicio de Catastro e Información Territorial,IGN
2016,1349,2016-03-20,Domingo,0.0,21:00:00,,0.0,2,"Automóvil,Automóvil",Castellanos 400,2,1,0,0,1,0,0,,Calle,,ROSARIO,Rosario,Asfalto,No existe,II,S/D,Urbana,Señal Pare,No existe,Recta,Bueno,Buena,Nocturna,Buen Tiempo,Otro,S/D,Colisión,Ninguna,Vertical,Ninguna,Sin restricción,"-32.9350053, -60.6738821",['Castellanos 400'],1,Castellanos 400,-32.9350053,-60.6738821,55.0,538.0,Municipio Rosario,Municipio,Rosario,820210,Servicio de Catastro e Información Territorial,IGN
2016,1350,2016-03-22,Martes,0.0,17:45:00,,0.0,2,"Automóvil,Peatón",Cafferata 200,2,1,0,0,1,0,0,,Calle,,ROSARIO,Rosario,Asfalto,No existe,II,S/D,Urbana,Paso Peatonal,No existe,Recta,Bueno,Buena,Diurna,Buen Tiempo,S/D,S/D,Atropello,Ninguna,Faltante,Ninguna,Sin restricción,"-32.9674878, -60.6777604",['Cafferata 200'],1,Cafferata 200,-32.9674878,-60.6777604,55.0,538.0,Municipio Rosario,Municipio,Rosario,820210,Servicio de Catastro e Información Territorial,IGN
2016,1352,2016-03-14,Lunes,0.0,13:40:00,,0.0,2,"Bicicleta,Automóvil",Suipacha Y Rioja,2,1,0,0,1,0,0,,Calle,,ROSARIO,Rosario,Asfalto,S/D,II,Dentro,Urbana,S/D,S/D,S/D,S/D,S/D,Diurna,S/D,S/D,S/D,Atropello,S/D,S/D,S/D,S/D,POINT (-60.66447840000001 -32.94294049999999),"['Suipacha', 'Rioja']",2,Suipacha; Rioja,-32.94294049999999,-60.66447840000001,55.0,538.0,Municipio Rosario,Municipio,Rosario,820210,Servicio de Catastro e Información Territorial,IGN
2016,1353,2016-03-16,Miercoles,0.0,10:20:00,,0.0,2,"Automóvil,Vehículo Oficial",Suipacha Y Montevideo,3,2,0,0,1,0,0,,Calle,,ROSARIO,Rosario,Asfalto,S/D,II,Dentro,Urbana,S/D,S/D,S/D,S/D,S/D,Diurna,S/D,S/D,S/D,Colisión,S/D,S/D,S/D,S/D,POINT (-60.666596600000005 -32.95149549999999),"['Suipacha', 'Montevideo']",2,Suipacha; Montevideo,-32.95149549999999,-60.666596600000005,55.0,538.0,Municipio Rosario,Municipio,Rosario,820210,Servicio de Catastro e Información Territorial,IGN
2016,1354,2016-03-13,Domingo,0.0,,,0.0,2,"Automóvil,Taxi/Remis",Montevideo Y Pueyrredon,4,3,0,0,1,0,0,,Calle,,ROSARIO,Rosario,Asfalto,S/D,II,Dentro,Urbana,S/D,S/D,S/D,S/D,S/D,S/D,S/D,S/D,S/D,Colisión,S/D,S/D,S/D,S/D,POINT (-60.6598108 -32.9527051),"['Montevideo', 'Pueyrredón']",2,Montevideo; Pueyrredón,-32.9527051,-60.6598108,55.0,538.0,Municipio Rosario,Municipio,Rosario,820210,Servicio de Catastro e Información Territorial,IGN
2016,1355,2016-03-22,Martes,0.0,23:45:00,,0.0,2,"Automóvil,Peatón",Carriego Y Mendoza,2,1,0,0,1,0,0,,Calle,,ROSARIO,Rosario,Asfalto,S/D,II,Dentro,Urbana,S/D,S/D,S/D,S/D,S/D,S/D,S/D,S/D,S/D,Atropello,S/D,S/D,S/D,S/D,POINT (-60.6899344 -32.9425285),"['Carriego', 'Mendoza']",2,Carriego; Mendoza,-32.9425285,-60.6899344,55.0,538.0,Municipio Rosario,Municipio,Rosario,820210,Servicio de Catastro e Información Territorial,IGN
2016,1356,2016-03-23,Miercoles,0.0,7:30:00,,0.0,2,"Automóvil,Automóvil",Rio De Janeiro Y San Luis,3,1,0,0,2,0,0,,Calle,,ROSARIO,Rosario,Asfalto,S/D,II,S/D,S/D,S/D,S/D,S/D,S/D,S/D,S/D,S/D,S/D,S/D,Colisión,S/D,S/D,S/D,S/D,POINT (-60.6811681 -32.94147730000001),"['Río de Janeiro', 'San Luis']",2,Río de Janeiro; San Luis,-32.94147730000001,-60.6811681,55.0,538.0,Municipio Rosario,Municipio,Rosario,820210,Servicio de Catastro e Información Territorial,IGN
2016,1357,2016-03-22,Martes,0.0,20:10:00,,0.0,2,"Peatón,Moto/Ciclomotor",Av. Francia Y 3 De Febrero,2,1,0,0,1,0,0,,Avenida,,ROSARIO,Rosario,Asfalto,S/D,II,Dentro,Urbana,S/D,S/D,S/D,S/D,S/D,S/D,S/D,S/D,S/D,Atropello,S/D,S/D,S/D,S/D,POINT (-60.66711794999999 -32.947896799999995),"['Avenida Francia', '3 de Febrero']",2,Avenida Francia; 3 de Febrero,-32.947896799999995,-60.66711794999999,55.0,538.0,Municipio Rosario,Municipio,Rosario,820210,Servicio de Catastro e Información Territorial,IGN
2016,1358,2016-03-22,Martes,0.0,18:10:00,,0.0,2,"Moto/Ciclomotor,Automóvil",Alsina Y 3 De Febrero,2,1,0,0,1,0,0,,Calle,,ROSARIO,Rosario,Asfalto,S/D,II,Dentro,Urbana,S/D,S/D,S/D,S/D,S/D,S/D,S/D,S/D,S/D,Colisión,S/D,S/D,S/D,S/D,POINT (-60.6779986 -32.94594320000001),"['Alsina', '3 de Febrero']",2,Alsina; 3 de Febrero,-32.94594320000001,-60.6779986,55.0,538.0,Municipio Rosario,Municipio,Rosario,820210,Servicio de Catastro e Información Territorial,IGN
2016,1359,2016-03-15,Martes,0.0,18:20:00,,0.0,2,"Pickup/Utilitario,Automóvil",Bv. Avellaneda Y Marcos Paz,3,1,0,0,2,0,0,,Calle,,ROSARIO,Rosario,Asfalto,S/D,II,Dentro,Urbana,S/D,S/D,S/D,S/D,S/D,S/D,S/D,S/D,S/D,Colisión,S/D,S/D,S/D,S/D,POINT (-60.680249 -32.94354319999999),"['Avellaneda', 'Marcos Paz']",2,Bulevar Nicolás Avellaneda; Marcos Paz,-32.94354319999999,-60.680249,55.0,538.0,Municipio Rosario,Municipio,Rosario,820210,Servicio de Catastro e Información Territorial,IGN
2016,1360,2016-03-14,Lunes,0.0,20:15:00,,0.0,2,"Moto/Ciclomotor,Automóvil",9 De Julio Y Iriondo,2,1,0,0,1,0,0,,S/D,,ROSARIO,Rosario,Asfalto,S/D,II,Dentro,Urbana,S/D,S/D,S/D,S/D,S/D,S/D,S/D,S/D,S/D,Colisión,S/D,S/D,S/D,S/D,POINT (-60.6714766 -32.9482239),"['9 de Julio', 'Iriondo']",2,9 de Julio; Iriondo,-32.9482239,-60.6714766,55.0,538.0,Municipio Rosario,Municipio,Rosario,820210,Servicio de Catastro e Información Territorial,IGN
2016,1361,2016-03-05,Sabado,0.0,14:00:00,,0.0,2,"Moto/Ciclomotor,Automóvil",Mitre 1600,3,1,0,0,2,0,0,,S/D,,ROSARIO,Rosario,Asfalto,No existe,II,S/D,S/D,S/D,Funciona,Recta,Bueno,Buena,Diurna,S/D,Frontal,S/D,Colisión,S/D,S/D,S/D,Sin restricción,"-32.9558092, -60.6420404",['Mitre 1600'],1,Mitre 1600,-32.9558092,-60.6420404,55.0,538.0,Municipio Rosario,Municipio,Rosario,820210,Servicio de Catastro e Información Territorial,IGN
2016,1362,2016-03-10,Jueves,0.0,11:00:00,,0.0,2,"Peatón,Pickup/Utilitario",Mariano Moreno 1009,2,1,0,0,1,0,0,,Calle,,ROSARIO,Rosario,Asfalto,No existe,II,Dentro,Urbana,Ninguna,No existe,Recta,Bueno,Buena,Diurna,Buen Tiempo,S/D,S/D,Atropello,S/D,Faltante,Cordón divisorio,Sin restricción,"-32.946998367346936, -60.651263369387756",['Mariano Moreno 1009'],1,Mariano Moreno 1009,-32.946998367346936,-60.65126336938776,55.0,538.0,Municipio Rosario,Municipio,Rosario,820210,Servicio de Catastro e Información Territorial,IGN
2016,1363,2016-03-16,Miercoles,0.0,7:30:00,,0.0,2,"Automóvil,Peatón",Paraguay Y Mendoza,2,1,0,0,1,0,0,,Calle,,ROSARIO,Rosario,Asfalto,No existe,II,Dentro,Urbana,Semáforo,Funciona,Recta,Bueno,Buena,Diurna,Buen Tiempo,S/D,S/D,Atropello,S/D,Vertical,Cordón divisorio,Sin restricción,POINT (-60.6450108 -32.950543200000006),"['Paraguay', 'Mendoza']",2,Paraguay; Mendoza,-32.950543200000006,-60.6450108,55.0,538.0,Municipio Rosario,Municipio,Rosario,820210,Servicio de Catastro e Información Territorial,IGN
2016,1364,2016-03-14,Lunes,0.0,1:20:00,,0.0,2,"Moto/Ciclomotor,Pickup/Utilitario",Montevideo Y Bv. Oroño,2,1,0,0,1,0,0,,Calle,,ROSARIO,Rosario,Asfalto,No existe,II,Dentro,Urbana,Semáforo,Funciona,Intersección,Bueno,Buena,"Nocturna,Con luz artificial",Buen Tiempo,Lateral,S/D,Colisión,S/D,Vertical,Cordón divisorio,Sin restricción,POINT (-60.65574455 -32.95341725),"['Montevideo', 'Bulevar Nicasio Oroño']",2,Montevideo; Bulevar Nicasio Oroño,-32.95341725,-60.65574455,55.0,538.0,Municipio Rosario,Municipio,Rosario,820210,Servicio de Catastro e Información Territorial,IGN
2016,1366,2016-03-04,Viernes,0.0,0:50:00,,0.0,2,"Moto/Ciclomotor,Camión",Av. Ovidio Lagos Y Av. Circunvalacion,2,0,1,0,1,0,0,,Avenida,,ROSARIO,Rosario,Hormigón,Pavimento,II,Dentro,Urbana,Semáforo,Funciona,Intersección,Bueno,Buena,Nocturna,Buen Tiempo,Lateral,S/D,Colisión,S/D,Vertical,Cordón divisorio,Sin restricción,POINT (-60.67699098957188 -33.00797177001669),"['Avenida Ovidio Lagos', 'Circunvalacion']",2,Avenida Ovidio Lagos; Avenida de Circunvalación 25 de Mayo,-33.00797177001669,-60.67699098957188,55.0,538.0,Municipio Rosario,Municipio,Rosario,820210,Servicio de Catastro e Información Territorial,IGN
2016,1367,2016-03-04,Viernes,0.0,13:20:00,,0.0,2,"Moto/Ciclomotor,Automóvil",Bv. Avellaneda Y Ombu,3,2,0,0,1,0,0,,Avenida,,ROSARIO,Rosario,Asfalto,S/D,II,Dentro,Urbana,Ninguna,No existe,Intersección,Bueno,Buena,Diurna,Buen Tiempo,De alcance,S/D,Colisión,S/D,Horizontal,Ninguna,Sin restricción,POINT (-60.68941730000001 -33.007168199999995),"['Avellaneda', 'Ombú']",2,Bulevar Nicolás Avellaneda; Ombú,-33.007168199999995,-60.68941730000001,55.0,538.0,Municipio Rosario,Municipio,Rosario,820210,Servicio de Catastro e Información Territorial,IGN
2016,1368,2016-03-08,Martes,0.0,20:40:00,,0.0,2,"Automóvil,Automóvil",Patricios Y Buenos Aires,3,3,0,0,0,0,0,,Calle,,ROSARIO,Rosario,Asfalto,No existe,II,Dentro,Urbana,Ninguna,No existe,Intersección,Bueno,Buena,Nocturna,Otro,Otro,S/D,Colisión,Ninguna,Horizontal,Ninguna,Sin restricción,POINT (-60.6446116 -33.0108415),"['Patricios', 'Buenos Aires']",2,Patricios; Buenos Aires,-33.0108415,-60.6446116,55.0,538.0,Municipio Rosario,Municipio,Rosario,820210,Servicio de Catastro e Información Territorial,IGN
2016,1369,2016-03-06,Domingo,0.0,12:30:00,,0.0,1,Moto/Ciclomotor,Av. Ovidio Lagos Y Av. Circunvalacion,2,2,0,0,0,0,0,,Avenida,,ROSARIO,Rosario,Asfalto,Pavimento,II,Dentro,Urbana,Ninguna,Funciona,Intersección,Bueno,Buena,Diurna,Buen Tiempo,S/D,S/D,Vuelco,S/D,Horizontal,Ninguna,Sin restricción,POINT (-60.67699098957188 -33.00797177001669),"['Avenida Ovidio Lagos', 'Circunvalacion']",2,Avenida Ovidio Lagos; Avenida de Circunvalación 25 de Mayo,-33.00797177001669,-60.67699098957188,55.0,538.0,Municipio Rosario,Municipio,Rosario,820210,Servicio de Catastro e Información Territorial,IGN
2016,1370,2016-03-30,Miercoles,0.0,10:55:00,,0.0,3,"Automóvil,Taxi/Remis,Taxi/Remis",Santa Fe 2315,3,1,0,0,2,0,0,,Calle,,ROSARIO,Rosario,S/D,S/D,II,Dentro,Urbana,S/D,S/D,Recta,S/D,S/D,S/D,S/D,Múltiple,S/D,Colisión,S/D,S/D,S/D,Sin restricción,"-32.94214128571429, -60.65462145714286",['Santa Fe 2315'],1,Santa Fe 2315,-32.94214128571429,-60.65462145714286,55.0,538.0,Municipio Rosario,Municipio,Rosario,820210,Servicio de Catastro e Información Territorial,IGN
2016,1371,2016-03-11,Viernes,0.0,22:00:00,,0.0,2,"Peatón,Moto/Ciclomotor",Montecarlo Y Punta Del Indio,2,1,0,0,1,0,0,,Calle,,ROSARIO,Rosario,Asfalto,No existe,II,Dentro,Urbana,Ninguna,No existe,Intersección,Bueno,Buena,Nocturna,Buen Tiempo,S/D,S/D,Atropello,S/D,Faltante,Ninguna,Sin restricción,POINT (-60.6872586 -33.02757),"['Montecarlo', 'Punta del Indio']",2,Montecarlo; Punta del Indio,-33.02757,-60.6872586,55.0,538.0,Municipio Rosario,Municipio,Rosario,820210,Servicio de Catastro e Información Territorial,IGN
2016,1372,2016-03-11,Viernes,0.0,19:10:00,,0.0,2,"Moto/Ciclomotor,Automóvil",Av. Francia Y Av. Arijon,3,1,0,0,2,0,0,,Avenida,,ROSARIO,Rosario,Asfalto,Pavimento,II,Dentro,Urbana,Semáforo,Funciona,Intersección,Bueno,Buena,Diurna,Buen Tiempo,De alcance,S/D,Colisión,S/D,Vertical,Cordón divisorio,Sin restricción,POINT (-60.6776235 -33.00390229999999),"['Avenida Francia', 'Avenida Manuel Arijón']",2,Avenida Francia; Avenida Manuel Arijón,-33.00390229999999,-60.6776235,55.0,538.0,Municipio Rosario,Municipio,Rosario,820210,Servicio de Catastro e Información Territorial,IGN
2016,1373,2016-03-29,Martes,0.0,12:06:00,,0.0,2,"Automóvil,Pickup/Utilitario",Av. Wheelwright Y Mariano Moreno,2,2,0,0,0,0,0,,Avenida,,ROSARIO,Rosario,Asfalto,Pavimento,II,Dentro,Urbana,Ninguna,Funciona,Intersección,Bueno,Buena,Diurna,Buen Tiempo,Frontal,S/D,Colisión,Otro,Vertical,Ninguna,S/D,POINT (-60.6477294 -32.9328498),"['Avenida Guillermo Wheelwright', 'Mariano Moreno']",2,Avenida Guillermo Wheelwright; Mariano Moreno,-32.9328498,-60.6477294,55.0,538.0,Municipio Rosario,Municipio,Rosario,820210,Servicio de Catastro e Información Territorial,IGN
2016,1376,2016-03-16,Miercoles,0.0,9:45:00,,0.0,2,"Automóvil,Moto/Ciclomotor",Catamarca Y Santiago,2,1,0,0,1,0,0,,Calle,,ROSARIO,Rosario,Asfalto,Pavimento,II,Dentro,Urbana,Ninguna,No existe,Intersección,Bueno,Buena,Diurna,Buen Tiempo,Frontal,S/D,Caída ocupante,Otro,Vertical,Ninguna,Sin restricción,POINT (-60.6545083 -32.9374004),"['Catamarca', 'Santiago']",2,Catamarca; Santiago,-32.9374004,-60.6545083,55.0,538.0,Municipio Rosario,Municipio,Rosario,820210,Servicio de Catastro e Información Territorial,IGN