anio_acci,nro_acci,fecha,desc_dia,fecha_aprox,hora_aprox,desc_ruta,km,cant_participantes,desc_participante,calle_avenida_km,total,heridos_leves,heridos_graves,heridos_gravisimos,ilesos,fallecidos,sin_datos,posicion_XY,desc_tipo_via,desc_ruta_ori,desc_loc,desc_dpto,desc_tipo_calzada,desc_tipo_banquina,desc_unidad_regional,desc_lugar_calzada,desc_zona,desc_prioridad,desc_estado_semaforo,desc_lugar_via,desc_estado_via,desc_estado_visibilidad,desc_luminosidad,desc_estado_clima,desc_tipo_colision,desc_tipo_atropello,desc_tipo_hecho,desc_pres_calzada,desc_senializacion,desc_separacion_via,desc_restriccion,forma_geocod,calle_lista,numero_calles,calles_osm,lat,lon,index_right,gid,fna,gna,nam,in1,fdc,sag
2016,1377,2016-03-23,Miercoles,0.0,7:45:00,,0.0,2,"Moto/Ciclomotor,Automóvil",Calle 2106 Y Calle 2121,2,1,0,0,1,0,0,,S/D,,ROSARIO,Rosario,Asfalto,S/D,II,Dentro,Urbana,Ninguna,S/D,Intersección,Bueno,Buena,Diurna,Buen Tiempo,Lateral,S/D,Colisión,S/D,Faltante,Ninguna,Sin restricción,POINT (-60.6871848 -33.0142858),"['Calle 2106', 'Calle 2121']",2,Calle 2106; Calle 2121,-33.0142858,-60.6871848,55.0,538.0,Municipio Rosario,Municipio,Rosario,820210,Servicio de Catastro e Información Territorial,IGN
2016,1378,2016-03-02,Miercoles,0.0,8:40:00,,0.0,1,Transporte de Pasajeros Urbano (> 8 asientos),Maipu Y San Lorenzo,3,2,0,0,1,0,0,,Calle,,ROSARIO,Rosario,Asfalto,Pavimento,II,Dentro,Urbana,Semáforo,Funciona,Intersección,Bueno,Buena,Diurna,Buen Tiempo,De alcance,S/D,Caída ocupante,Otro,Vertical,Ninguna,Sin restricción,POINT (-60.634776300000006 -32.9453992),"['Maipú', 'San Lorenzo']",2,Maipú; San Lorenzo,-32.9453992,-60.634776300000006,55.0,538.0,Municipio Rosario,Municipio,Rosario,820210,Servicio de Catastro e Información Territorial,IGN
2016,1379,2016-03-28,Lunes,0.0,21:00:00,,0.0,2,"Moto/Ciclomotor,Automóvil",Av. Ovidio Lagos Y Hilarion de la Quintana,2,0,1,0,1,0,0,,Avenida,,ROSARIO,Rosario,Asfalto,Pavimento,II,Dentro,Urbana,Ninguna,No existe,Intersección,Bueno,Buena,Nocturna,Buen Tiempo,Frontal,S/D,Colisión,S/D,Faltante,Cordón divisorio,Sin restricción,POINT (-60.675724633333324 -33.00178723333334),"['Avenida Ovidio Lagos', 'Hilarión de la Quintana']",2,Avenida Ovidio Lagos; Hilarión de la Quintana,-33.00178723333334,-60.67572463333333,55.0,538.0,Municipio Rosario,Municipio,Rosario,820210,Servicio de Catastro e Información Territorial,IGN
2016,1380,2016-03-31,Jueves,0.0,21:45:00,,0.0,2,"Bicicleta,Automóvil",Bv. Oroño Y Salta,2,1,0,0,1,0,0,,Avenida,,ROSARIO,Rosario,Asfalto,Pavimento,II,Dentro,Urbana,Semáforo,Funciona,Intersección,Bueno,Buena,Nocturna,Buen Tiempo,S/D,S/D,Atropello,Otro,Vertical,Ninguna,Sin restricción,POINT (-60.6515116 -32.93672015),"['Bulevar Nicasio Oroño', 'Salta']",2,Bulevar Nicasio Oroño; Salta,-32.93672015,-60.6515116,55.0,538.0,Municipio Rosario,Municipio,Rosario,820210,Servicio de Catastro e Información Territorial,IGN
2016,1385,2016-03-29,Martes,0.0,20:35:00,,0.0,2,"Moto/Ciclomotor,Automóvil",Av. Pellegrini Y Av. Provincias Unidas,2,1,0,0,1,0,0,,Calle,,ROSARIO,Rosario,Asfalto,S/D,II,Dentro,Urbana,S/D,Funciona,Intersección,Bueno,Buena,Nocturna,Buen Tiempo,Lateral,S/D,Colisión,S/D,S/D,S/D,S/D,POINT (-60.71226145 -32.948578),"['Pellegrini', 'Avenida Provincias Unidas']",2,Avenida Carlos Pellegrini; Avenida Provincias Unidas,-32.948578,-60.71226145,55.0,538.0,Municipio Rosario,Municipio,Rosario,820210,Servicio de Catastro e Información Territorial,IGN
2016,1386,2016-03-20,Domingo,0.0,22:00:00,,0.0,2,"Moto/Ciclomotor,Automóvil",San Lorenzo Y Campbell,2,1,0,0,1,0,0,,Calle,,ROSARIO,Rosario,Asfalto,S/D,II,Dentro,Urbana,S/D,S/D,Intersección,Bueno,Buena,Nocturna,Buen Tiempo,Lateral,S/D,Colisión,S/D,S/D,S/D,S/D,POINT (-60.7082193 -32.93437439999999),"['San Lorenzo', 'Campbell']",2,San Lorenzo; Campbell,-32.93437439999999,-60.7082193,55.0,538.0,Municipio Rosario,Municipio,Rosario,820210,Servicio de Catastro e Información Territorial,IGN
2016,1387,2016-03-13,Domingo,0.0,21:20:00,,0.0,2,"Bicicleta,Moto/Ciclomotor",P.L.Funes Y Mendoza,2,1,0,0,1,0,0,,Calle,,ROSARIO,Rosario,Asfalto,S/D,II,Dentro,Urbana,S/D,S/D,Intersección,Bueno,S/D,Nocturna,Buen Tiempo,S/D,S/D,Atropello,S/D,S/D,S/D,S/D,POINT (-60.7012073 -32.940491300000005),"['Funes', 'Mendoza']",2,Deán Gregorio Funes; Mendoza,-32.940491300000005,-60.7012073,55.0,538.0,Municipio Rosario,Municipio,Rosario,820210,Servicio de Catastro e Información Territorial,IGN
2016,1388,2016-03-06,Domingo,0.0,7:30:00,,0.0,2,"Moto/Ciclomotor,Automóvil",Roullon 2800,2,1,0,0,1,0,0,,Calle,,ROSARIO,Rosario,Asfalto,No existe,II,Dentro,Urbana,Ninguna,No existe,Intersección,Bueno,Buena,Diurna,Otro,Lateral,S/D,Colisión,Ninguna,Faltante,Ninguna,Sin restricción,"-32.9612209, -60.7015925",['Alfredo Rouillón 2800'],1,Alfredo Rouillón 2800,-32.9612209,-60.7015925,55.0,538.0,Municipio Rosario,Municipio,Rosario,820210,Servicio de Catastro e Información Territorial,IGN
2016,1389,2016-03-06,Domingo,0.0,20:00:00,,0.0,2,"Moto/Ciclomotor,Pickup/Utilitario",Godoy Cruz Y Peru,2,1,0,0,1,0,0,,Calle,,ROSARIO,Rosario,Asfalto,No existe,II,Dentro,Urbana,Ninguna,No existe,Intersección,Bueno,Buena,Atardecer,Otro,Lateral,S/D,Colisión,Ninguna,Faltante,Ninguna,Sin restricción,POINT (-60.71033849999999 -32.9674002),"['Avenida Presidente Perón', 'Peru']",2,Avenida Presidente Perón; Perú,-32.9674002,-60.71033849999999,55.0,538.0,Municipio Rosario,Municipio,Rosario,820210,Servicio de Catastro e Información Territorial,IGN
2016,1390,2016-03-18,Viernes,0.0,23:00:00,,0.0,2,"Moto/Ciclomotor,Automóvil",Roullon Y Uruguay,2,1,0,0,1,0,0,,S/D,,ROSARIO,Rosario,Asfalto,No existe,II,S/D,S/D,Ninguna,No existe,Intersección,Otro,Buena,Nocturna,Otro,Lateral,S/D,Colisión,Ninguna,Faltante,Ninguna,Sin restricción,POINT (-60.70114875 -32.96835109999999),"['Alfredo Rouillón', 'Uruguay']",2,Alfredo Rouillón; Uruguay,-32.96835109999999,-60.70114875,55.0,538.0,Municipio Rosario,Municipio,Rosario,820210,Servicio de Catastro e Información Territorial,IGN
2016,1391,2016-03-27,Domingo,0.0,19:00:00,,0.0,2,"Moto/Ciclomotor,Automóvil",Gaboto Y P.L.Funes,2,1,0,0,1,0,0,,Calle,,ROSARIO,Rosario,Asfalto,No existe,II,Dentro,Urbana,Ninguna,No existe,Intersección,Otro,Buena,Atardecer,Otro,Lateral,S/D,Colisión,Ninguna,Faltante,Ninguna,Sin restricción,POINT (-60.7002007 -32.96482920000001),"['Gaboto', 'Funes']",2,Gaboto; Deán Gregorio Funes,-32.96482920000001,-60.7002007,55.0,538.0,Municipio Rosario,Municipio,Rosario,820210,Servicio de Catastro e Información Territorial,IGN
2016,1396,2016-03-15,Martes,0.0,7:30:00,,0.0,2,"Automóvil,Automóvil",Av. Pellegrini 500,2,1,0,0,1,0,0,,Calle,,ROSARIO,Rosario,Asfalto,S/D,II,Dentro,Urbana,Semáforo,Funciona,Recta,Bueno,Buena,Diurna,Buen Tiempo,S/D,S/D,Colisión,S/D,S/D,Cordón divisorio,Sin restricción,"-32.958705, -60.6323066",['Pellegrini 500'],1,Pellegrini 500,-32.958705,-60.6323066,55.0,538.0,Municipio Rosario,Municipio,Rosario,820210,Servicio de Catastro e Información Territorial,IGN
2016,1398,2016-03-10,Jueves,0.0,21:00:00,,0.0,2,"Moto/Ciclomotor,Automóvil",San Lorenzo Y Mariano Moreno,2,1,0,0,1,0,0,,Calle,,ROSARIO,Rosario,Asfalto,Pavimento,II,Dentro,Urbana,Ninguna,No existe,Intersección,Bueno,Buena,Nocturna,Buen Tiempo,Lateral,S/D,Colisión,S/D,Vertical,Ninguna,Sin restricción,POINT (-60.65002440000001 -32.94190830000001),"['San Lorenzo', 'Mariano Moreno']",2,San Lorenzo; Mariano Moreno,-32.94190830000001,-60.65002440000001,55.0,538.0,Municipio Rosario,Municipio,Rosario,820210,Servicio de Catastro e Información Territorial,IGN
2016,1402,2016-03-14,Lunes,0.0,14:30:00,,0.0,2,"Moto/Ciclomotor,Transporte de Pasajeros (H/ 8 asientos)",San Luis 1500,3,1,0,0,2,0,0,,Calle,,ROSARIO,Rosario,Asfalto,No existe,II,Dentro,Urbana,Semáforo,Funciona,Recta,Bueno,Buena,Diurna,Buen Tiempo,Frontal,S/D,Colisión,S/D,S/D,Cordón divisorio,Sin restricción,"-32.9480037, -60.6442446",['San Luis 1500'],1,San Luis 1500,-32.9480037,-60.6442446,55.0,538.0,Municipio Rosario,Municipio,Rosario,820210,Servicio de Catastro e Información Territorial,IGN
2016,1403,2016-03-06,Domingo,0.0,18:15:00,,0.0,2,"Automóvil,Bicicleta",Cordoba Y Bv. Oroño,2,1,0,0,1,0,0,,Calle,,ROSARIO,Rosario,Asfalto,No existe,II,Dentro,Urbana,Semáforo,Funciona,Intersección,Bueno,Buena,Diurna,Buen Tiempo,Lateral,S/D,Atropello,S/D,Vertical,Cordón divisorio,Sin restricción,POINT (-60.653337 -32.943730650000006),"['Córdoba', 'Bulevar Nicasio Oroño']",2,Córdoba; Bulevar Nicasio Oroño,-32.943730650000006,-60.653337,55.0,538.0,Municipio Rosario,Municipio,Rosario,820210,Servicio de Catastro e Información Territorial,IGN
2016,1404,2016-03-16,Miercoles,0.0,19:30:00,,0.0,2,"Moto/Ciclomotor,Automóvil",Entre Rios Y Rioja,3,2,0,0,1,0,0,,Calle,,ROSARIO,Rosario,Asfalto,S/D,II,Dentro,Urbana,Ninguna,S/D,Intersección,Bueno,S/D,Diurna,Buen Tiempo,Lateral,S/D,Colisión,S/D,Vertical,Cordón divisorio,Sin restricción,POINT (-60.6412382 -32.947131699999986),"['Entre Ríos', 'Rioja']",2,Entre Ríos; Rioja,-32.947131699999986,-60.6412382,55.0,538.0,Municipio Rosario,Municipio,Rosario,820210,Servicio de Catastro e Información Territorial,IGN
2016,1406,2016-03-08,Martes,0.0,14:31:00,,0.0,2,"Moto/Ciclomotor,Automóvil",Balcarce Y Rioja,2,1,0,0,1,0,0,,Calle,,ROSARIO,Rosario,Asfalto,No existe,II,Dentro,Urbana,Ninguna,No existe,Intersección,Bueno,Buena,Diurna,Buen Tiempo,Lateral,S/D,Colisión,S/D,S/D,Cordón divisorio,Sin restricción,POINT (-60.6522012 -32.9451043),"['Balcarce', 'Rioja']",2,Balcarce; Rioja,-32.9451043,-60.6522012,55.0,538.0,Municipio Rosario,Municipio,Rosario,820210,Servicio de Catastro e Información Territorial,IGN
2016,1407,2016-03-04,Viernes,0.0,16:25:00,,0.0,2,"Automóvil,Taxi/Remis",Av. Pellegrini Y Sarmiento,3,1,0,0,1,0,1,,Calle,,ROSARIO,Rosario,Asfalto,S/D,II,Dentro,Urbana,Ninguna,S/D,Recta,Bueno,S/D,Diurna,Buen Tiempo,S/D,S/D,Colisión,S/D,Vertical,Cordón divisorio,Sin restricción,POINT (-60.6408663 -32.95730775),"['Pellegrini', 'Sarmiento']",2,Avenida Carlos Pellegrini; Sarmiento,-32.95730775,-60.6408663,55.0,538.0,Municipio Rosario,Municipio,Rosario,820210,Servicio de Catastro e Información Territorial,IGN
2016,1408,2016-03-20,Domingo,0.0,0:30:00,,0.0,2,"Automóvil,Automóvil",E.Zeballos Y Alvear,2,1,0,0,1,0,0,,Calle,,ROSARIO,Rosario,Asfalto,No existe,II,Dentro,Urbana,Semáforo,Funciona,Recta,Bueno,Buena,"Nocturna,Con luz artificial",Buen Tiempo,Lateral,S/D,Colisión,S/D,S/D,Cordón divisorio,Sin restricción,POINT (-60.6568183 -32.9520403),"['Zeballos', 'Alvear']",2,Zeballos; Alvear,-32.9520403,-60.6568183,55.0,538.0,Municipio Rosario,Municipio,Rosario,820210,Servicio de Catastro e Información Territorial,IGN
2016,1409,2016-03-08,Martes,0.0,18:00:00,,0.0,2,"Moto/Ciclomotor,Automóvil",Pje. J.Blanco Y Cabildo,2,1,0,0,1,0,0,,Calle,,ROSARIO,Rosario,Asfalto,No existe,II,Dentro,Urbana,Ninguna,No existe,Intersección,Bueno,Buena,Diurna,Buen Tiempo,S/D,S/D,Colisión,S/D,Horizontal,Ninguna,Sin restricción,POINT (-60.64939510000001 -33.00737000000001),"['Blanco', 'Cabildo']",2,Juan Elena Blanco; Cabildo,-33.00737000000001,-60.64939510000001,55.0,538.0,Municipio Rosario,Municipio,Rosario,820210,Servicio de Catastro e Información Territorial,IGN
2016,1410,2016-03-06,Domingo,0.0,21:00:00,,0.0,2,"Automóvil,Tracción animal / Carro",San Martin ,3,2,0,0,1,0,0,,Calle,,ROSARIO,Rosario,Asfalto,No existe,II,Dentro,Urbana,Ninguna,No existe,Recta,Deteriorada,Reducida,Nocturna,Buen Tiempo,S/D,S/D,Colisión,S/D,Faltante,Ninguna,Sin restricción,"-32.9764777, -60.6372639",['San Martin'],1,San Martin,-32.9764777,-60.6372639,55.0,538.0,Municipio Rosario,Municipio,Rosario,820210,Servicio de Catastro e Información Territorial,IGN
2016,1412,2016-03-10,Jueves,0.0,16:00:00,,0.0,2,"Automóvil,Moto/Ciclomotor",Av. Pellegrini Y Buenos Aires,2,1,0,0,1,0,0,,Calle,,ROSARIO,Rosario,Asfalto,S/D,II,Dentro,Urbana,Semáforo,S/D,Intersección,Bueno,S/D,Diurna,Buen Tiempo,Lateral,S/D,Colisión,S/D,S/D,Cordón divisorio,Sin restricción,POINT (-60.6354288 -32.95828709999999),"['Pellegrini', 'Buenos Aires']",2,"('Avenida Carlos Pellegrini', 'Buenos Aires')",-32.95828709999999,-60.6354288,55.0,538.0,Municipio Rosario,Municipio,Rosario,820210,Servicio de Catastro e Información Territorial,IGN
2016,1503,2016-03-30,Miercoles,0.0,16:00:00,,0.0,2,"Taxi/Remis,Moto/Ciclomotor",Bv. Segui Y Sarmiento,2,1,0,0,1,0,0,,Calle,,ROSARIO,Rosario,Asfalto,No existe,II,Dentro,Urbana,Ninguna,No existe,Intersección,Bueno,Buena,Diurna,Buen Tiempo,De alcance,S/D,Colisión,S/D,Faltante,Ninguna,Sin restricción,POINT (-60.64638135 -32.9790819),"['Bulevar Juan Francisco Seguí', 'Sarmiento']",2,Bulevar Juan Francisco Seguí; Sarmiento,-32.9790819,-60.64638135,55.0,538.0,Municipio Rosario,Municipio,Rosario,820210,Servicio de Catastro e Información Territorial,IGN
2016,1504,2016-03-26,Sabado,0.0,12:25:00,,0.0,2,"Automóvil,Moto/Ciclomotor",Bv. Segui Y Mitre,3,2,0,0,1,0,0,,Calle,,ROSARIO,Rosario,Asfalto,No existe,II,Dentro,Urbana,Señal Pare,No existe,Intersección,Bueno,S/D,Diurna,Buen Tiempo,De alcance,S/D,Colisión,S/D,Faltante,Ninguna,Sin restricción,POINT (-60.6477426 -32.97883275),"['Bulevar Juan Francisco Seguí', 'Mitre']",2,Bulevar Juan Francisco Seguí; Bartolomé Mitre,-32.97883275,-60.6477426,55.0,538.0,Municipio Rosario,Municipio,Rosario,820210,Servicio de Catastro e Información Territorial,IGN
2016,1528,2016-03-30,Miercoles,0.0,13:10:00,,0.0,2,"Moto/Ciclomotor,Pickup/Utilitario",San Martin Y Ayolas,2,1,0,0,1,0,0,,Calle,,ROSARIO,Rosario,Asfalto,No existe,II,Dentro,Urbana,Ninguna,Funciona,Intersección,Con baches,Buena,Diurna,Buen Tiempo,Lateral,S/D,Colisión,S/D,Vertical,Ninguna,Sin restricción,POINT (-60.644083949999995 -32.97709834999999),"['San Martin', 'Ayolas']",2,José de San Martín; Ayolas,-32.97709834999999,-60.64408395,55.0,538.0,Municipio Rosario,Municipio,Rosario,820210,Servicio de Catastro e Información Territorial,IGN
2016,1531,2016-03-28,Lunes,0.0,17:50:00,,0.0,2,"Moto/Ciclomotor,Automóvil",Colon Y Pje. Villar,2,1,0,0,1,0,0,,Calle,,ROSARIO,Rosario,Asfalto,No existe,II,Dentro,Urbana,Ninguna,No existe,Intersección,Bueno,Buena,Diurna,Buen Tiempo,Frontal,S/D,Colisión,S/D,Faltante,Ninguna,Sin restricción,POINT (-60.63359940000001 -32.980827899999994),"['Colon', 'Villar']",2,Cristóbal Colón; Villar,-32.980827899999994,-60.63359940000001,55.0,538.0,Municipio Rosario,Municipio,Rosario,820210,Servicio de Catastro e Información Territorial,IGN
2016,1536,2016-03-22,Martes,0.0,9:20:00,,0.0,2,"Pickup/Utilitario,Transporte de Pasajeros Urbano (> 8 asientos)",Buenos Aires Y Saavedra,2,1,0,0,1,0,0,,Calle,,ROSARIO,Rosario,Asfalto,No existe,II,Dentro,Urbana,Ninguna,No existe,Intersección,Bueno,Buena,Diurna,Buen Tiempo,Lateral,S/D,Colisión,S/D,Faltante,Ninguna,Sin restricción,POINT (-60.6406363 -32.97893169999999),"['Buenos Aires', 'Saavedra']",2,Buenos Aires; Saavedra,-32.97893169999999,-60.6406363,55.0,538.0,Municipio Rosario,Municipio,Rosario,820210,Servicio de Catastro e Información Territorial,IGN
2016,1539,2016-03-24,Jueves,0.0,7:35:00,,0.0,2,"Automóvil,Automóvil",L.N.Alem Y Bv. Segui,2,1,0,0,1,0,0,,Calle,,ROSARIO,Rosario,Asfalto,No existe,II,Dentro,Urbana,Ninguna,No existe,Intersección,Bueno,Buena,Diurna,Buen Tiempo,Lateral,S/D,Colisión,S/D,Faltante,Ninguna,Sin restricción,POINT (-60.63650380000001 -32.980857400000005),"['Alem', 'Bulevar Juan Francisco Seguí']",2,Leandro N. Alem; Bulevar Juan Francisco Seguí,-32.980857400000005,-60.63650380000001,55.0,538.0,Municipio Rosario,Municipio,Rosario,820210,Servicio de Catastro e Información Territorial,IGN
2016,1540,2016-04-08,Viernes,0.0,9:05:00,,0.0,2,"Moto/Ciclomotor,Automóvil",Italia 1400,2,1,0,0,1,0,0,,Calle,,ROSARIO,Rosario,Asfalto,Pavimento,II,Dentro,Urbana,S/D,S/D,Intersección,Bueno,S/D,Diurna,S/D,S/D,S/D,S/D,S/D,Vertical,S/D,S/D,"-32.95203, -60.6497695",['Italia 1400'],1,Italia 1400,-32.95203,-60.6497695,55.0,538.0,Municipio Rosario,Municipio,Rosario,820210,Servicio de Catastro e Información Territorial,IGN
2016,1541,2016-04-24,Domingo,0.0,12:00:00,,0.0,2,"Moto/Ciclomotor,Automóvil",San Juan Y Mitre,2,1,0,0,1,0,0,,Calle,,ROSARIO,Rosario,Asfalto,Pavimento,II,S/D,Urbana,Marca Vial,S/D,Intersección,Bueno,Buena,Diurna,Buen Tiempo,Lateral,S/D,Colisión,S/D,S/D,Cordón divisorio,Sin restricción,POINT (-60.64049610000001 -32.9499007),"['San Juan', 'Mitre']",2,San Juan; Bartolomé Mitre,-32.9499007,-60.64049610000001,55.0,538.0,Municipio Rosario,Municipio,Rosario,820210,Servicio de Catastro e Información Territorial,IGN
2016,1542,2016-04-11,Lunes,0.0,12:24:00,,0.0,1,Transporte de Pasajeros (H/ 8 asientos),Entre Rios Y E.Zeballos,2,1,0,0,0,0,1,,Calle,,ROSARIO,Rosario,Asfalto,Pavimento,II,Dentro,Urbana,Semáforo,Funciona,Recta,Bueno,Buena,Diurna,Buen Tiempo,Otro,S/D,Otro,S/D,Vertical,Cordón divisorio,Sin restricción,POINT (-60.64308380000001 -32.9545295),"['Entre Ríos', 'Zeballos']",2,Entre Ríos; Zeballos,-32.9545295,-60.64308380000001,55.0,538.0,Municipio Rosario,Municipio,Rosario,820210,Servicio de Catastro e Información Territorial,IGN
2016,1543,2016-04-28,Jueves,0.0,10:20:00,,0.0,2,"Bicicleta,Automóvil",Dorrego 1500,2,1,0,0,1,0,0,,Calle,,ROSARIO,Rosario,Asfalto,Pavimento,II,S/D,Urbana,Ninguna,S/D,Intersección,Bueno,Buena,Diurna,Buen Tiempo,S/D,S/D,Atropello,S/D,S/D,Cordón divisorio,Sin restricción,"-32.9528554, -60.6513607",['Dorrego 1500'],1,Dorrego 1500,-32.9528554,-60.6513607,55.0,538.0,Municipio Rosario,Municipio,Rosario,820210,Servicio de Catastro e Información Territorial,IGN
2016,1545,2016-03-18,Viernes,0.0,12:40:00,,0.0,2,"Moto/Ciclomotor,Automóvil",Ayolas Y Laprida,2,1,0,0,1,0,0,,Calle,,ROSARIO,Rosario,Asfalto,No existe,II,Dentro,Urbana,Ninguna,No existe,Intersección,Bueno,Buena,Diurna,Buen Tiempo,Lateral,S/D,Colisión,S/D,Faltante,Ninguna,Sin restricción,POINT (-60.64185640000001 -32.97749820000001),"['Ayolas', 'Laprida']",2,Ayolas; Francisco Narciso Laprida,-32.97749820000001,-60.64185640000001,55.0,538.0,Municipio Rosario,Municipio,Rosario,820210,Servicio de Catastro e Información Territorial,IGN
2016,1547,2016-03-12,Sabado,0.0,12:25:00,,0.0,2,"Bicicleta,Automóvil",Amenabar Y Chacabuco,2,1,0,0,1,0,0,,Calle,,ROSARIO,Rosario,Asfalto,No existe,II,Dentro,Urbana,Ninguna,No existe,Intersección,Bueno,Buena,Diurna,Buen Tiempo,S/D,S/D,Atropello,S/D,Faltante,S/D,Sin restricción,POINT (-60.629293800000006 -32.974972099999995),"['Amenabar', 'Chacabuco']",2,José de Amenábar; Chacabuco,-32.974972099999995,-60.629293800000006,55.0,538.0,Municipio Rosario,Municipio,Rosario,820210,Servicio de Catastro e Información Territorial,IGN
2016,1548,2016-03-09,Miercoles,0.0,12:35:00,,0.0,2,"Bicicleta,Automóvil",24 De Setiembre Y Colon,3,2,0,0,1,0,0,,Calle,,ROSARIO,Rosario,Asfalto,No existe,II,Dentro,Urbana,Ninguna,No existe,Intersección,Bueno,Buena,Diurna,Buen Tiempo,Lateral,S/D,Atropello,S/D,Faltante,Ninguna,Sin restricción,POINT (-60.634014500000006 -32.982497599999995),"['24 de Septiembre', 'Colon']",2,24 de Septiembre; Cristóbal Colón,-32.982497599999995,-60.634014500000006,55.0,538.0,Municipio Rosario,Municipio,Rosario,820210,Servicio de Catastro e Información Territorial,IGN
2016,1549,2016-03-22,Martes,0.0,8:30:00,,0.0,2,"Moto/Ciclomotor,Moto/Ciclomotor",Entre Rios Y Av. Uriburu,2,2,0,0,0,0,0,,Avenida,,ROSARIO,Rosario,Asfalto,No existe,II,Dentro,Urbana,Semáforo,Funciona,Intersección,Bueno,Buena,Diurna,Buen Tiempo,Lateral,S/D,Colisión,Ninguna,Vertical,S/D,Sin restricción,POINT (-60.652262449999995 -32.99087005),"['Entre Ríos', 'Uriburu']",2,Entre Ríos; Avenida José Uriburu,-32.99087005,-60.65226245,55.0,538.0,Municipio Rosario,Municipio,Rosario,820210,Servicio de Catastro e Información Territorial,IGN
2016,1550,2016-03-20,Domingo,0.0,10:00:00,,0.0,2,"Automóvil,Pickup/Utilitario",Pte.Roca Y Saavedra,2,1,0,0,1,0,0,,Calle,,ROSARIO,Rosario,Asfalto,No existe,II,Dentro,Urbana,S/D,No existe,Intersección,Bueno,Buena,Diurna,Buen Tiempo,Lateral,S/D,Colisión,Ninguna,Faltante,S/D,S/D,POINT (-60.6530503 -32.9767046),"['Roca', 'Saavedra']",2,Presidente Roca; Saavedra,-32.9767046,-60.6530503,55.0,538.0,Municipio Rosario,Municipio,Rosario,820210,Servicio de Catastro e Información Territorial,IGN
2016,1551,2016-03-21,Lunes,0.0,9:55:00,,0.0,2,"Taxi/Remis,Moto/Ciclomotor",Sarmiento Y Bv. Segui,2,1,0,0,1,0,0,,Avenida,,ROSARIO,Rosario,Asfalto,No existe,II,Dentro,Urbana,Ninguna,No existe,Intersección,Bueno,Buena,Diurna,Buen Tiempo,Lateral,S/D,Colisión,Ninguna,Faltante,Ninguna,Sin restricción,POINT (-60.64638135 -32.9790819),"['Sarmiento', 'Bulevar Juan Francisco Seguí']",2,Sarmiento; Bulevar Juan Francisco Seguí,-32.9790819,-60.64638135,55.0,538.0,Municipio Rosario,Municipio,Rosario,820210,Servicio de Catastro e Información Territorial,IGN
2016,1552,2016-03-21,Lunes,0.0,8:40:00,,0.0,2,"Moto/Ciclomotor,Automóvil",Bv. Segui Y Mitre,3,2,0,0,1,0,0,,Avenida,,ROSARIO,Rosario,Asfalto,No existe,II,Dentro,Urbana,Ninguna,No existe,Intersección,Bueno,Buena,Diurna,Buen Tiempo,Lateral,S/D,Colisión,S/D,S/D,"Cordón divisorio,Vegetación",Sin restricción,POINT (-60.6477426 -32.97883275),"['Bulevar Juan Francisco Seguí', 'Mitre']",2,Bulevar Juan Francisco Seguí; Bartolomé Mitre,-32.97883275,-60.6477426,55.0,538.0,Municipio Rosario,Municipio,Rosario,820210,Servicio de Catastro e Información Territorial,IGN
2016,1553,2016-03-20,Domingo,0.0,8:15:00,,0.0,2,"Taxi/Remis,Moto/Ciclomotor",Garay Y Italia,2,1,0,0,1,0,0,,Calle,,ROSARIO,Rosario,Asfalto,No existe,II,Dentro,Urbana,Ninguna,No existe,Intersección,Bueno,Buena,Diurna,Buen Tiempo,Lateral,S/D,Colisión,S/D,S/D,Ninguna,Sin restricción,POINT (-60.65493490000001 -32.972771099999996),"['Garay', 'Italia']",2,Juan de Garay; Italia,-32.9727711,-60.65493490000001,55.0,538.0,Municipio Rosario,Municipio,Rosario,820210,Servicio de Catastro e Información Territorial,IGN
2016,1554,2016-03-18,Viernes,0.0,18:30:00,,0.0,2,"Automóvil,Moto/Ciclomotor",Pueyrredon Y Gaboto,2,1,0,0,1,0,0,,Calle,,ROSARIO,Rosario,Asfalto,No existe,II,Dentro,Urbana,Ninguna,No existe,Intersección,Bueno,Buena,Diurna,Buen Tiempo,Lateral,S/D,Colisión,Ninguna,S/D,Ninguna,Sin restricción,POINT (-60.66414820000001 -32.969907),"['Pueyrredón', 'Gaboto']",2,Pueyrredón; Gaboto,-32.969907,-60.66414820000001,55.0,538.0,Municipio Rosario,Municipio,Rosario,820210,Servicio de Catastro e Información Territorial,IGN
2016,1555,2016-03-03,Jueves,0.0,18:35:00,,0.0,2,"Moto/Ciclomotor,Moto/Ciclomotor",Grandoli 3800,3,2,0,0,1,0,0,,Calle,,ROSARIO,Rosario,Asfalto,No existe,II,Dentro,Urbana,Ninguna,No existe,Recta,Bueno,Buena,Atardecer,Buen Tiempo,De alcance,S/D,Colisión,S/D,Faltante,Ninguna,Sin restricción,"-32.9845762, -60.6283121",['Grandoli 3800'],1,Grandoli 3800,-32.9845762,-60.6283121,55.0,538.0,Municipio Rosario,Municipio,Rosario,820210,Servicio de Catastro e Información Territorial,IGN