anio_acci,nro_acci,fecha,desc_dia,fecha_aprox,hora_aprox,desc_ruta,km,cant_participantes,desc_participante,calle_avenida_km,total,heridos_leves,heridos_graves,heridos_gravisimos,ilesos,fallecidos,sin_datos,posicion_XY,desc_tipo_via,desc_ruta_ori,desc_loc,desc_dpto,desc_tipo_calzada,desc_tipo_banquina,desc_unidad_regional,desc_lugar_calzada,desc_zona,desc_prioridad,desc_estado_semaforo,desc_lugar_via,desc_estado_via,desc_estado_visibilidad,desc_luminosidad,desc_estado_clima,desc_tipo_colision,desc_tipo_atropello,desc_tipo_hecho,desc_pres_calzada,desc_senializacion,desc_separacion_via,desc_restriccion,forma_geocod,calle_lista,numero_calles,calles_osm,lat,lon,index_right,gid,fna,gna,nam,in1,fdc,sag
2016,1556,2016-03-23,Miercoles,0.0,16:50:00,,0.0,2,"Automóvil,Moto/Ciclomotor",Saavedra Y Sarmiento,2,1,0,0,1,0,0,,Calle,,ROSARIO,Rosario,Asfalto,No existe,II,Dentro,Urbana,Ninguna,No existe,Intersección,Bueno,Buena,Diurna,Buen Tiempo,Lateral,S/D,Colisión,Ninguna,Faltante,Ninguna,S/D,POINT (-60.6460939 -32.9779483),"['Saavedra', 'Sarmiento']",2,Saavedra; Sarmiento,-32.9779483,-60.6460939,55.0,538.0,Municipio Rosario,Municipio,Rosario,820210,Servicio de Catastro e Información Territorial,IGN
2016,1561,2016-03-04,Viernes,0.0,8:05:00,,0.0,2,"Peatón,Automóvil",Necochea Y Gaboto,2,1,0,0,1,0,0,,Calle,,ROSARIO,Rosario,Asfalto,No existe,II,Dentro,Urbana,Ninguna,No existe,Intersección,Bueno,Buena,Diurna,Buen Tiempo,Lateral,S/D,Atropello,S/D,Faltante,Ninguna,S/D,POINT (-60.630944 -32.97584009999999),"['Necochea', 'Gaboto']",2,Necochea; Gaboto,-32.97584009999999,-60.630944,55.0,538.0,Municipio Rosario,Municipio,Rosario,820210,Servicio de Catastro e Información Territorial,IGN
2016,1562,2016-03-02,Miercoles,0.0,16:40:00,,0.0,2,"Moto/Ciclomotor,Automóvil",Buenos Aires Y Bv. Segui,2,1,0,0,1,0,0,,Calle,,ROSARIO,Rosario,Asfalto,No existe,II,Dentro,Urbana,Ninguna,No existe,Intersección,Bueno,Buena,Diurna,Buen Tiempo,Lateral,S/D,Colisión,S/D,Faltante,Ninguna,Sin restricción,POINT (-60.640923400000005 -32.98006374999999),"['Buenos Aires', 'Bulevar Juan Francisco Seguí']",2,Buenos Aires; Bulevar Juan Francisco Seguí,-32.98006374999999,-60.640923400000005,55.0,538.0,Municipio Rosario,Municipio,Rosario,820210,Servicio de Catastro e Información Territorial,IGN
2016,1566,2016-04-28,Jueves,0.0,1:30:00,,0.0,2,"Moto/Ciclomotor,Automóvil",Ayacucho Y Marco Polo,2,1,0,0,1,0,0,,S/D,,ROSARIO,Rosario,Asfalto,No existe,II,Dentro,Urbana,Ninguna,No existe,Intersección,Bueno,Buena,Nocturna,S/D,Lateral,S/D,Colisión,Agua,S/D,Línea divisoria pintada,Sin restricción,POINT (-60.6357013 -33.010577),"['Ayacucho', 'Marco Polo']",2,Ayacucho; Marco Polo,-33.010577,-60.6357013,55.0,538.0,Municipio Rosario,Municipio,Rosario,820210,Servicio de Catastro e Información Territorial,IGN
2016,1567,2016-04-15,Viernes,0.0,21:30:00,,0.0,2,"Moto/Ciclomotor,Automóvil",Ayacucho Y Lamadrid,2,1,0,0,1,0,0,,Calle,,ROSARIO,Rosario,Asfalto,No existe,II,Dentro,Urbana,Semáforo,No funciona,Intersección,Bueno,S/D,Nocturna,S/D,Lateral,S/D,Colisión,S/D,S/D,Línea divisoria pintada,Sin restricción,POINT (-60.6365709 -32.9967541),"['Ayacucho', 'Lamadrid']",2,Ayacucho; Gregorio Aráoz de Lamadrid,-32.9967541,-60.6365709,55.0,538.0,Municipio Rosario,Municipio,Rosario,820210,Servicio de Catastro e Información Territorial,IGN
2016,1568,2016-04-21,Jueves,0.0,17:50:00,,0.0,2,"Moto/Ciclomotor,Automóvil",Leiva Y Muñoz,3,2,0,0,1,0,0,,Calle,,ROSARIO,Rosario,Asfalto,No existe,II,Dentro,Urbana,S/D,S/D,Intersección,S/D,S/D,Diurna,S/D,Lateral,S/D,Colisión,S/D,S/D,Ninguna,Sin restricción,POINT (-60.637683100000004 -33.00804519999999),"['Leiva', 'Muñoz']",2,Julián de Leiva; Osella Muñoz,-33.00804519999999,-60.6376831,55.0,538.0,Municipio Rosario,Municipio,Rosario,820210,Servicio de Catastro e Información Territorial,IGN
2016,1569,2016-04-21,Jueves,0.0,15:40:00,,0.0,2,"Moto/Ciclomotor,Otros",Ameghino Y Necochea,2,0,1,0,0,0,1,,Calle,,ROSARIO,Rosario,Asfalto,No existe,II,Dentro,Urbana,Ninguna,No existe,Intersección,S/D,S/D,Diurna,Buen Tiempo,Lateral,S/D,Colisión,S/D,S/D,Ninguna,Sin restricción,POINT (-60.6344213 -32.989611999999994),"['Ameghino', 'Necochea']",2,Ameghino; Necochea,-32.989611999999994,-60.6344213,55.0,538.0,Municipio Rosario,Municipio,Rosario,820210,Servicio de Catastro e Información Territorial,IGN
2016,1570,2016-04-01,Viernes,0.0,7:45:00,,0.0,2,"Automóvil,Moto/Ciclomotor",Av. Corrientes 1700,2,1,0,0,1,0,0,,S/D,,ROSARIO,Rosario,Asfalto,S/D,II,S/D,S/D,Semáforo,Funciona,Recta,Bueno,Buena,Amanecer,Buen Tiempo,De alcance,S/D,Colisión,S/D,S/D,S/D,S/D,"-32.9564075, -60.6450773",['Corrientes 1700'],1,Corrientes 1700,-32.9564075,-60.6450773,55.0,538.0,Municipio Rosario,Municipio,Rosario,820210,Servicio de Catastro e Información Territorial,IGN
2016,1571,2016-04-26,Martes,0.0,17:40:00,,0.0,2,"Moto/Ciclomotor,Automóvil",Galvez Y Entre Rios,3,1,0,0,2,0,0,,Calle,,ROSARIO,Rosario,Asfalto,S/D,II,Dentro,Urbana,S/D,S/D,Intersección,Bueno,Buena,Diurna,Buen Tiempo,Lateral,S/D,Colisión,S/D,S/D,S/D,Sin restricción,POINT (-60.6465702 -32.968276),"['Galvez', 'Entre Ríos']",2,José Gálvez; Entre Ríos,-32.968276,-60.6465702,55.0,538.0,Municipio Rosario,Municipio,Rosario,820210,Servicio de Catastro e Información Territorial,IGN
2016,1572,2016-04-01,Viernes,0.0,20:30:00,,0.0,2,"Pickup/Utilitario,Moto/Ciclomotor",Mitre Y Ituzaingo,2,1,0,0,1,0,0,,S/D,,ROSARIO,Rosario,Asfalto,S/D,II,S/D,S/D,S/D,S/D,Intersección,Bueno,Buena,Con luz artificial,Buen Tiempo,Lateral,S/D,Colisión,S/D,S/D,S/D,S/D,POINT (-60.64316469999999 -32.96049219999998),"['Mitre', 'Ituzaingó']",2,Bartolomé Mitre; Ituzaingó,-32.96049219999998,-60.64316469999999,55.0,538.0,Municipio Rosario,Municipio,Rosario,820210,Servicio de Catastro e Información Territorial,IGN
2016,1574,2016-04-25,Lunes,0.0,8:35:00,,0.0,2,"Moto/Ciclomotor,Taxi/Remis",Sarmiento Y La Paz,2,1,0,0,1,0,0,,Calle,,ROSARIO,Rosario,Asfalto,S/D,II,Dentro,Urbana,S/D,S/D,Intersección,Bueno,Buena,Diurna,Buen Tiempo,Lateral,S/D,Colisión,S/D,S/D,S/D,Sin restricción,POINT (-60.64260529999999 -32.96417459999999),"['Sarmiento', 'La Paz']",2,Sarmiento; La Paz,-32.96417459999999,-60.64260529999999,55.0,538.0,Municipio Rosario,Municipio,Rosario,820210,Servicio de Catastro e Información Territorial,IGN
2016,1575,2016-04-23,Sabado,0.0,18:50:00,,0.0,2,"Pickup/Utilitario,Peatón",Bv. 27 De Febrero Y Rodriguez,2,1,0,0,1,0,0,,Calle,,ROSARIO,Rosario,Asfalto,S/D,II,Dentro,Urbana,S/D,S/D,Intersección,Resbaladiza,S/D,"Nocturna,Con luz artificial",Lluvia,S/D,S/D,Atropello,S/D,S/D,Cordón divisorio,S/D,POINT (-60.664033700000005 -32.9639167),"['27 de Febrero', 'Rodríguez']",2,Bulevar 27 de Febrero; Rodríguez de Escobedo,-32.9639167,-60.664033700000005,55.0,538.0,Municipio Rosario,Municipio,Rosario,820210,Servicio de Catastro e Información Territorial,IGN
2016,1580,2016-04-22,Viernes,0.0,17:00:00,,0.0,2,"Moto/Ciclomotor,Automóvil",Av. Corrientes Y Galvez,3,2,0,0,1,0,0,,Calle,,ROSARIO,Rosario,Asfalto,S/D,II,Dentro,Urbana,S/D,S/D,Intersección,Bueno,S/D,Diurna,Lluvia,Lateral,S/D,Colisión,S/D,S/D,S/D,S/D,POINT (-60.64797829999999 -32.968026599999995),"['Corrientes', 'Galvez']",2,Corrientes; José Gálvez,-32.968026599999995,-60.64797829999999,55.0,538.0,Municipio Rosario,Municipio,Rosario,820210,Servicio de Catastro e Información Territorial,IGN
2016,1581,2016-04-20,Miercoles,0.0,10:00:00,,0.0,2,"Automóvil,Pickup/Utilitario",Sarmiento Y Ocampo,3,1,0,0,2,0,0,,Calle,,ROSARIO,Rosario,Asfalto,S/D,II,Dentro,Urbana,S/D,S/D,Intersección,Bueno,Buena,Diurna,Lluvia,Lateral,S/D,Colisión,S/D,S/D,S/D,S/D,POINT (-60.643185100000004 -32.966463399999995),"['Sarmiento', 'Ocampo']",2,Sarmiento; Ocampo,-32.966463399999995,-60.6431851,55.0,538.0,Municipio Rosario,Municipio,Rosario,820210,Servicio de Catastro e Información Territorial,IGN
2016,1582,2016-04-29,Viernes,0.0,9:00:00,,0.0,2,"Automóvil,Moto/Ciclomotor",Brasil Y Cerrito,2,1,0,0,1,0,0,,Calle,,ROSARIO,Rosario,Asfalto,No existe,II,S/D,Urbana,Ninguna,No existe,S/D,Bueno,Buena,Diurna,Buen Tiempo,Lateral,S/D,Colisión,Ninguna,Faltante,S/D,Sin restricción,POINT (-60.71901700000001 -32.9535195),"['Brasil', 'Cerrito']",2,Brasil; Cerrito,-32.9535195,-60.71901700000001,55.0,538.0,Municipio Rosario,Municipio,Rosario,820210,Servicio de Catastro e Información Territorial,IGN
2016,1583,2016-04-19,Martes,0.0,8:40:00,,0.0,2,"Taxi/Remis,Moto/Ciclomotor",Sarmiento Y Cerrito,3,2,0,0,1,0,0,,Calle,,ROSARIO,Rosario,Asfalto,S/D,II,Dentro,Urbana,S/D,S/D,Intersección,Bueno,Reducida,Diurna,Lluvia,Lateral,S/D,Colisión,Agua,S/D,S/D,Sin restricción,POINT (-60.6420226 -32.9618734),"['Sarmiento', 'Cerrito']",2,Sarmiento; Cerrito,-32.9618734,-60.6420226,55.0,538.0,Municipio Rosario,Municipio,Rosario,820210,Servicio de Catastro e Información Territorial,IGN
2016,1584,2016-04-17,Domingo,0.0,8:00:00,,0.0,2,"Automóvil,Moto/Ciclomotor",Entre Rios Y Centeno,3,2,0,0,1,0,0,,Calle,,ROSARIO,Rosario,Asfalto,No existe,II,Dentro,Urbana,Ninguna,No existe,Intersección,Bueno,Buena,Diurna,Buen Tiempo,Lateral,S/D,Colisión,Ninguna,Faltante,Ninguna,Sin restricción,POINT (-60.650610400000005 -32.9843397),"['Entre Ríos', 'Centeno']",2,Entre Ríos; Coronel Centeno,-32.9843397,-60.650610400000005,55.0,538.0,Municipio Rosario,Municipio,Rosario,820210,Servicio de Catastro e Información Territorial,IGN
2016,1585,2016-04-16,Sabado,0.0,7:30:00,,0.0,2,"Moto/Ciclomotor,Automóvil",Bv. Segui Y Entre Rios,3,2,0,0,1,0,0,,Avenida,,ROSARIO,Rosario,Asfalto,No existe,II,Dentro,Urbana,S/D,No existe,Intersección,Bueno,Buena,Diurna,Buen Tiempo,Lateral,S/D,Colisión,Ninguna,S/D,S/D,Sin restricción,POINT (-60.6491681 -32.97857979999999),"['Bulevar Juan Francisco Seguí', 'Entre Ríos']",2,Bulevar Juan Francisco Seguí; Entre Ríos,-32.97857979999999,-60.6491681,55.0,538.0,Municipio Rosario,Municipio,Rosario,820210,Servicio de Catastro e Información Territorial,IGN
2016,1586,2016-04-15,Viernes,0.0,20:00:00,,0.0,2,"Moto/Ciclomotor,Automóvil",Av. Ovidio Lagos Y Amenabar,2,1,0,0,1,0,0,,Calle,,ROSARIO,Rosario,Asfalto,S/D,II,Dentro,Urbana,S/D,S/D,Intersección,Bueno,Buena,"Nocturna,Con luz artificial",Buen Tiempo,Lateral,S/D,Colisión,S/D,S/D,Cordón divisorio,Sin restricción,POINT (-60.66772746666666 -32.96808026666666),"['Avenida Ovidio Lagos', 'Amenabar']",2,Avenida Ovidio Lagos; José de Amenábar,-32.96808026666666,-60.66772746666666,55.0,538.0,Municipio Rosario,Municipio,Rosario,820210,Servicio de Catastro e Información Territorial,IGN
2016,1587,2016-04-12,Martes,0.0,8:10:00,,0.0,2,"Moto/Ciclomotor,Automóvil",Mitre 2600,2,1,0,0,1,0,0,,Calle,,ROSARIO,Rosario,Asfalto,S/D,II,Dentro,Urbana,Ninguna,S/D,Intersección,Bueno,Buena,Diurna,Buen Tiempo,Lateral,S/D,Colisión,S/D,S/D,S/D,Sin restricción,"-32.9671958, -60.6449326",['Mitre 2600'],1,Mitre 2600,-32.9671958,-60.6449326,55.0,538.0,Municipio Rosario,Municipio,Rosario,820210,Servicio de Catastro e Información Territorial,IGN
2016,1588,2016-04-12,Martes,0.0,17:10:00,,0.0,2,"Moto/Ciclomotor,Automóvil",Pje. Gral.Savio Y Sarmiento,2,1,0,0,1,0,0,,Calle,,ROSARIO,Rosario,Asfalto,No existe,II,Dentro,Urbana,S/D,No existe,Intersección,Bueno,Buena,Diurna,Buen Tiempo,Lateral,S/D,Colisión,Ninguna,S/D,S/D,Sin restricción,POINT (-60.64915220000001 -32.99650659999999),"['Savio', 'Sarmiento']",2,General Manuel Savio; Sarmiento,-32.99650659999999,-60.64915220000001,55.0,538.0,Municipio Rosario,Municipio,Rosario,820210,Servicio de Catastro e Información Territorial,IGN
2016,1589,2016-04-09,Sabado,0.0,21:20:00,,0.0,3,"Moto/Ciclomotor,Moto/Ciclomotor,Automóvil",Dorrego Y Cochabamba,3,2,0,0,1,0,0,,Calle,,ROSARIO,Rosario,Asfalto,S/D,II,Dentro,Urbana,S/D,S/D,Recta,Bueno,Buena,"Nocturna,Con luz artificial",Buen Tiempo,Múltiple,S/D,Colisión,S/D,S/D,S/D,Sin restricción,POINT (-60.652221 -32.9564558),"['Dorrego', 'Cochabamba']",2,Manuel Dorrego; Cochabamba,-32.9564558,-60.652221,55.0,538.0,Municipio Rosario,Municipio,Rosario,820210,Servicio de Catastro e Información Territorial,IGN
2016,1590,2016-04-10,Domingo,0.0,11:15:00,,0.0,2,"Automóvil,Moto/Ciclomotor",Callao Y Coulin,4,3,0,0,1,0,0,,Calle,,ROSARIO,Rosario,Asfalto,No existe,II,Dentro,Urbana,S/D,No existe,Intersección,Bueno,Buena,Diurna,Buen Tiempo,Lateral,S/D,Colisión,Ninguna,Faltante,S/D,Sin restricción,POINT (-60.6715397 -32.98774819999999),"['Callao', 'Coulin']",2,Callao; Coulin,-32.98774819999999,-60.6715397,55.0,538.0,Municipio Rosario,Municipio,Rosario,820210,Servicio de Catastro e Información Territorial,IGN
2016,1591,2016-04-07,Jueves,0.0,15:30:00,,0.0,2,"Automóvil,Pickup/Utilitario",Riobamba Y Mitre,4,1,0,0,3,0,0,,Calle,,ROSARIO,Rosario,Asfalto,S/D,II,Dentro,Urbana,S/D,S/D,Intersección,Bueno,Buena,Diurna,Buen Tiempo,Lateral,S/D,Colisión,S/D,S/D,S/D,Sin restricción,POINT (-60.6437275 -32.96278260000001),"['Riobamba', 'Mitre']",2,Riobamba; Bartolomé Mitre,-32.96278260000001,-60.6437275,55.0,538.0,Municipio Rosario,Municipio,Rosario,820210,Servicio de Catastro e Información Territorial,IGN
2016,1592,2016-04-09,Sabado,0.0,22:20:00,,0.0,2,"Moto/Ciclomotor,Automóvil",Gaboto Y Av. Corrientes,3,2,0,0,1,0,0,,Calle,,ROSARIO,Rosario,Asfalto,No existe,II,Dentro,Urbana,Ninguna,No existe,Intersección,Bueno,Buena,Nocturna,Buen Tiempo,Lateral,S/D,Colisión,Ninguna,Faltante,Ninguna,Sin restricción,POINT (-60.6491421 -32.9725927),"['Gaboto', 'Corrientes']",2,Gaboto; Corrientes,-32.9725927,-60.6491421,55.0,538.0,Municipio Rosario,Municipio,Rosario,820210,Servicio de Catastro e Información Territorial,IGN
2016,1594,2016-04-07,Jueves,0.0,13:25:00,,0.0,2,"Moto/Ciclomotor,Automóvil",Bv. Oroño Y Garibaldi,2,1,0,0,1,0,0,,Avenida,,ROSARIO,Rosario,Asfalto,No existe,II,Dentro,Urbana,Semáforo,Funciona,Intersección,Bueno,Buena,Diurna,Buen Tiempo,Lateral,S/D,Colisión,Ninguna,S/D,Ninguna,Sin restricción,POINT (-60.6632508 -32.983266949999994),"['Bulevar Nicasio Oroño', 'José Garibaldi']",2,Bulevar Nicasio Oroño; José Garibaldi,-32.983266949999994,-60.6632508,55.0,538.0,Municipio Rosario,Municipio,Rosario,820210,Servicio de Catastro e Información Territorial,IGN
2016,1595,2016-04-06,Miercoles,0.0,13:00:00,,0.0,2,"Peatón,Camión",Sarmiento Y Cochabamba,2,1,0,0,1,0,0,,Calle,,ROSARIO,Rosario,Asfalto,S/D,II,Dentro,Urbana,S/D,S/D,Intersección,Bueno,Buena,Diurna,Buen Tiempo,S/D,S/D,Atropello,S/D,S/D,S/D,S/D,POINT (-60.6411528 -32.958439),"['Sarmiento', 'Cochabamba']",2,Sarmiento; Cochabamba,-32.958439,-60.6411528,55.0,538.0,Municipio Rosario,Municipio,Rosario,820210,Servicio de Catastro e Información Territorial,IGN
2016,1596,2016-04-05,Martes,0.0,17:25:00,,0.0,2,"Pickup/Utilitario,Automóvil",Dorrego Y Pasco,2,1,0,0,1,0,0,,Calle,,ROSARIO,Rosario,Asfalto,S/D,II,Dentro,Urbana,S/D,S/D,Intersección,Bueno,Buena,Diurna,Buen Tiempo,Lateral,S/D,Colisión,S/D,S/D,S/D,Sin restricción,POINT (-60.6525081 -32.95758849999999),"['Dorrego', 'Pasco']",2,Manuel Dorrego; Pasco,-32.95758849999999,-60.6525081,55.0,538.0,Municipio Rosario,Municipio,Rosario,820210,Servicio de Catastro e Información Territorial,IGN
2016,1597,2016-04-05,Martes,0.0,13:50:00,,0.0,2,"Moto/Ciclomotor,Automóvil",Av. Ovidio Lagos Y Bv. 27 De Febrero,2,1,0,0,1,0,0,,Avenida,,ROSARIO,Rosario,Asfalto,S/D,II,Dentro,Urbana,Semáforo,Funciona,Intersección,Bueno,Buena,Diurna,Buen Tiempo,Lateral,S/D,Colisión,S/D,Vertical,Cordón divisorio,S/D,POINT (-60.66661663333334 -32.963496),"['Avenida Ovidio Lagos', '27 de Febrero']",2,Avenida Ovidio Lagos; Bulevar 27 de Febrero,-32.963496,-60.66661663333334,55.0,538.0,Municipio Rosario,Municipio,Rosario,820210,Servicio de Catastro e Información Territorial,IGN
2016,1598,2016-04-02,Sabado,0.0,22:10:00,,0.0,2,"Automóvil,Automóvil",Av. Pellegrini 1500,2,1,0,0,1,0,0,,Avenida,,ROSARIO,Rosario,Asfalto,S/D,II,Dentro,Urbana,Semáforo,Funciona,Recta,Bueno,Buena,"Nocturna,Con luz artificial",Buen Tiempo,De alcance,S/D,Colisión,S/D,Vertical,S/D,S/D,"-32.9562125, -60.646318",['Pellegrini 1500'],1,Pellegrini 1500,-32.9562125,-60.646318,55.0,538.0,Municipio Rosario,Municipio,Rosario,820210,Servicio de Catastro e Información Territorial,IGN
2016,1599,2016-04-05,Martes,0.0,14:50:00,,0.0,1,Moto/Ciclomotor,Santa Fe 4400,2,1,0,0,1,0,0,,Calle,,ROSARIO,Rosario,S/D,S/D,II,Dentro,Urbana,Ninguna,S/D,Recta,S/D,Buena,Diurna,S/D,Atropello animal,S/D,Atropello,S/D,Faltante,Ninguna,Sin restricción,"-32.9369913, -60.6826229",['Santa Fe 4400'],1,Santa Fe 4400,-32.9369913,-60.6826229,55.0,538.0,Municipio Rosario,Municipio,Rosario,820210,Servicio de Catastro e Información Territorial,IGN
2016,1600,2016-04-25,Lunes,0.0,15:00:00,,0.0,2,"Transporte de Pasajeros Urbano (> 8 asientos),Automóvil",Valparaiso Y San Lorenzo,2,1,0,0,1,0,0,,Calle,,ROSARIO,Rosario,S/D,No existe,II,Dentro,Urbana,Ninguna,No existe,Intersección,S/D,Buena,Diurna,S/D,Lateral,S/D,Colisión,S/D,S/D,Ninguna,Sin restricción,POINT (-60.68124529999999 -32.93631500000001),"['Valparaíso', 'San Lorenzo']",2,Valparaíso; San Lorenzo,-32.93631500000001,-60.68124529999999,55.0,538.0,Municipio Rosario,Municipio,Rosario,820210,Servicio de Catastro e Información Territorial,IGN
2016,1601,2016-04-24,Domingo,0.0,7:30:00,,0.0,2,"Automóvil,Automóvil",Mitre Y Pte.Quintana,2,1,0,0,1,0,0,,Calle,,ROSARIO,Rosario,Asfalto,No existe,II,Dentro,Urbana,Ninguna,No existe,Intersección,Bueno,Buena,Diurna,Buen Tiempo,De alcance,S/D,Colisión,S/D,S/D,Ninguna,Sin restricción,POINT (-60.648628699999996 -32.9822769),"['Mitre', 'Quintana']",2,"('Bartolomé Mitre', 'Presidente Quintana')",-32.9822769,-60.6486287,55.0,538.0,Municipio Rosario,Municipio,Rosario,820210,Servicio de Catastro e Información Territorial,IGN
2016,1602,2016-04-06,Miercoles,0.0,9:30:00,,0.0,2,"Moto/Ciclomotor,Automóvil",Bv. Segui Y Sarmiento,4,2,0,0,2,0,0,,S/D,,ROSARIO,Rosario,Asfalto,No existe,II,Dentro,Urbana,Ninguna,S/D,Intersección,S/D,Reducida,Diurna,Lluvia,De alcance,S/D,Colisión,Agua,S/D,Ninguna,Sin restricción,POINT (-60.64638135 -32.9790819),"['Bulevar Juan Francisco Seguí', 'Sarmiento']",2,Bulevar Juan Francisco Seguí; Sarmiento,-32.9790819,-60.64638135,55.0,538.0,Municipio Rosario,Municipio,Rosario,820210,Servicio de Catastro e Información Territorial,IGN
2016,1603,2016-04-17,Domingo,0.0,15:00:00,,0.0,2,"Automóvil,Moto/Ciclomotor",Urquiza Y Roullon,3,2,0,0,1,0,0,,Calle,,ROSARIO,Rosario,S/D,No existe,II,Dentro,Urbana,Ninguna,No existe,Intersección,S/D,Buena,Diurna,Buen Tiempo,Lateral,S/D,Colisión,S/D,Faltante,Ninguna,Sin restricción,POINT (-60.7025541 -32.9331513),"['Urquiza', 'Alfredo Rouillón']",2,Justo José de Urquiza; Alfredo Rouillón,-32.9331513,-60.7025541,55.0,538.0,Municipio Rosario,Municipio,Rosario,820210,Servicio de Catastro e Información Territorial,IGN
2016,1604,2016-04-23,Sabado,0.0,21:30:00,,0.0,2,"Moto/Ciclomotor,Automóvil",Bv. Segui Y Entre Rios,3,1,0,0,2,0,0,,Calle,,ROSARIO,Rosario,Asfalto,No existe,II,Dentro,Urbana,Ninguna,No existe,Intersección,Bueno,Buena,Nocturna,Buen Tiempo,S/D,S/D,Colisión,S/D,S/D,Ninguna,S/D,POINT (-60.6491681 -32.97857979999999),"['Bulevar Juan Francisco Seguí', 'Entre Ríos']",2,Bulevar Juan Francisco Seguí; Entre Ríos,-32.97857979999999,-60.6491681,55.0,538.0,Municipio Rosario,Municipio,Rosario,820210,Servicio de Catastro e Información Territorial,IGN
2016,1605,2016-04-05,Martes,0.0,11:00:00,,0.0,2,"Automóvil,Automóvil",Bv. Segui Y Bv. Oroño,3,2,0,0,1,0,0,,S/D,,ROSARIO,Rosario,Asfalto,No existe,II,Dentro,Urbana,Semáforo,Funciona,Intersección,Bueno,Buena,Diurna,Buen Tiempo,De alcance,S/D,Colisión,Ninguna,Horizontal,Ninguna,Sin restricción,POINT (-60.661523700000004 -32.976367025),"['Bulevar Juan Francisco Seguí', 'Bulevar Nicasio Oroño']",2,Bulevar Juan Francisco Seguí; Bulevar Nicasio Oroño,-32.976367025,-60.6615237,55.0,538.0,Municipio Rosario,Municipio,Rosario,820210,Servicio de Catastro e Información Territorial,IGN
2016,1606,2016-04-01,Viernes,0.0,5:05:00,,0.0,2,"Automóvil,Moto/Ciclomotor",Carriego Y Santa Fe,3,1,0,0,2,0,0,,Calle,,ROSARIO,Rosario,S/D,No existe,II,Dentro,Urbana,S/D,No existe,Intersección,S/D,S/D,Amanecer,Buen Tiempo,Lateral,S/D,Colisión,S/D,Faltante,Ninguna,Sin restricción,POINT (-60.688340700000005 -32.93603470000001),"['Carriego', 'Santa Fe']",2,Carriego; Santa Fe,-32.93603470000001,-60.688340700000005,55.0,538.0,Municipio Rosario,Municipio,Rosario,820210,Servicio de Catastro e Información Territorial,IGN
2016,1607,2016-04-04,Lunes,0.0,0:20:00,,0.0,2,"Automóvil,Moto/Ciclomotor",Alvear Y Bv. Segui,3,2,0,0,1,0,0,,Calle,,ROSARIO,Rosario,Asfalto,No existe,II,Dentro,Urbana,Ninguna,No existe,Intersección,Bueno,Buena,Nocturna,Buen Tiempo,De alcance,S/D,Colisión,Ninguna,Faltante,Ninguna,Sin restricción,POINT (-60.662849800000004 -32.97612874999999),"['Alvear', 'Bulevar Juan Francisco Seguí']",2,Alvear; Bulevar Juan Francisco Seguí,-32.97612874999999,-60.6628498,55.0,538.0,Municipio Rosario,Municipio,Rosario,820210,Servicio de Catastro e Información Territorial,IGN
2016,1608,2016-04-23,Sabado,0.0,18:20:00,,0.0,2,"Moto/Ciclomotor,Automóvil",Av. Uriburu Y Pte.Roca,2,1,0,0,1,0,0,,Calle,,ROSARIO,Rosario,Asfalto,No existe,II,Dentro,Urbana,Ninguna,No existe,Intersección,Bueno,Buena,Diurna,Buen Tiempo,De alcance,S/D,Colisión,S/D,Faltante,Ninguna,Sin restricción,POINT (-60.65665205 -32.9910065),"['Uriburu', 'Roca']",2,Avenida José Uriburu; Presidente Roca,-32.9910065,-60.65665205,55.0,538.0,Municipio Rosario,Municipio,Rosario,820210,Servicio de Catastro e Información Territorial,IGN
2016,1609,2016-04-23,Sabado,0.0,12:00:00,,0.0,2,"Automóvil,Moto/Ciclomotor",Pueyrredon Y Dr.Rivas,2,1,0,0,1,0,0,,Calle,,ROSARIO,Rosario,Asfalto,No existe,II,Dentro,Urbana,Ninguna,No existe,Intersección,Bueno,Buena,Diurna,Buen Tiempo,De alcance,S/D,Colisión,S/D,Faltante,Ninguna,Sin restricción,POINT (-60.6667508 -32.9802387),"['Pueyrredón', 'Doctor Francisco Riva']",2,Pueyrredón; Doctor Francisco Riva,-32.9802387,-60.6667508,55.0,538.0,Municipio Rosario,Municipio,Rosario,820210,Servicio de Catastro e Información Territorial,IGN
2016,1610,2016-04-02,Sabado,0.0,13:35:00,,0.0,2,"Automóvil,Moto/Ciclomotor",Entre Rios Y Pje. Newton,2,1,0,0,1,0,0,,Calle,,ROSARIO,Rosario,Asfalto,No existe,II,Dentro,Urbana,Ninguna,No existe,Intersección,Bueno,Buena,Diurna,Buen Tiempo,De alcance,S/D,Colisión,Ninguna,Faltante,Ninguna,Sin restricción,POINT (-60.64875669999999 -32.9768953),"['Entre Ríos', 'Newton']",2,Entre Ríos; Newton,-32.9768953,-60.64875669999999,55.0,538.0,Municipio Rosario,Municipio,Rosario,820210,Servicio de Catastro e Información Territorial,IGN
2016,1612,2016-04-22,Viernes,0.0,0:10:00,,0.0,2,"Automóvil,Moto/Ciclomotor",Bv. Oroño Y Juan Canals,2,1,0,0,1,0,0,,Calle,,ROSARIO,Rosario,Asfalto,No existe,II,Dentro,Urbana,Ninguna,S/D,Intersección,Bueno,Buena,Nocturna,Buen Tiempo,De alcance,S/D,Colisión,S/D,Faltante,Ninguna,Sin restricción,POINT (-60.66411445 -32.9867086),"['Bulevar Nicasio Oroño', 'Juan Canals']",2,Bulevar Nicasio Oroño; Juan Canals,-32.9867086,-60.66411445,55.0,538.0,Municipio Rosario,Municipio,Rosario,820210,Servicio de Catastro e Información Territorial,IGN