anio_acci,nro_acci,fecha,desc_dia,fecha_aprox,hora_aprox,desc_ruta,km,cant_participantes,desc_participante,calle_avenida_km,total,heridos_leves,heridos_graves,heridos_gravisimos,ilesos,fallecidos,sin_datos,posicion_XY,desc_tipo_via,desc_ruta_ori,desc_loc,desc_dpto,desc_tipo_calzada,desc_tipo_banquina,desc_unidad_regional,desc_lugar_calzada,desc_zona,desc_prioridad,desc_estado_semaforo,desc_lugar_via,desc_estado_via,desc_estado_visibilidad,desc_luminosidad,desc_estado_clima,desc_tipo_colision,desc_tipo_atropello,desc_tipo_hecho,desc_pres_calzada,desc_senializacion,desc_separacion_via,desc_restriccion,forma_geocod,calle_lista,numero_calles,calles_osm,lat,lon,index_right,gid,fna,gna,nam,in1,fdc,sag
2016,1659,2016-04-01,Viernes,0.0,18:00:00,,0.0,2,"Automóvil,Moto/Ciclomotor",San Juan 3400,3,1,1,0,1,0,0,,Calle,,ROSARIO,Rosario,Asfalto,S/D,II,Dentro,Urbana,S/D,S/D,S/D,Bueno,S/D,Diurna,Lluvia,De alcance,S/D,Colisión,Ninguna,Faltante,S/D,Sin restricción,"-32.9445037, -60.6703627",['San Juan 3400'],1,San Juan 3400,-32.9445037,-60.6703627,55.0,538.0,Municipio Rosario,Municipio,Rosario,820210,Servicio de Catastro e Información Territorial,IGN
2016,1660,2016-04-11,Lunes,0.0,11:40:00,,0.0,2,"Automóvil,Automóvil",Mendoza Y Rodriguez,2,1,0,0,1,0,0,,Calle,,ROSARIO,Rosario,S/D,S/D,II,Dentro,Urbana,S/D,S/D,Intersección,S/D,Buena,Diurna,Buen Tiempo,Lateral,S/D,Colisión,S/D,S/D,S/D,S/D,POINT (-60.6599916 -32.9478724),"['Mendoza', 'Rodríguez']",2,Mendoza; Rodríguez de Escobedo,-32.9478724,-60.6599916,55.0,538.0,Municipio Rosario,Municipio,Rosario,820210,Servicio de Catastro e Información Territorial,IGN
2016,1661,2016-04-14,Jueves,0.0,12:00:00,,0.0,2,"Moto/Ciclomotor,Automóvil",Santiago Y San Luis,2,1,0,0,1,0,0,,Calle,,ROSARIO,Rosario,S/D,S/D,II,Dentro,Urbana,S/D,S/D,Intersección,S/D,Buena,Diurna,Buen Tiempo,Lateral,S/D,Colisión,S/D,S/D,S/D,S/D,POINT (-60.656666 -32.945839899999996),"['Santiago', 'San Luis']",2,Santiago; San Luis,-32.9458399,-60.656666,55.0,538.0,Municipio Rosario,Municipio,Rosario,820210,Servicio de Catastro e Información Territorial,IGN
2016,1662,2016-04-14,Jueves,0.0,9:00:00,,0.0,2,"Peatón,Automóvil",San Luis Y Pueyrredon,2,1,0,0,1,0,0,,Calle,,ROSARIO,Rosario,S/D,S/D,II,Dentro,Urbana,S/D,No existe,Intersección,S/D,Buena,Diurna,Buen Tiempo,S/D,S/D,Atropello,S/D,S/D,S/D,S/D,POINT (-60.6580233 -32.945603899999995),"['San Luis', 'Pueyrredón']",2,San Luis; Pueyrredón,-32.945603899999995,-60.6580233,55.0,538.0,Municipio Rosario,Municipio,Rosario,820210,Servicio de Catastro e Información Territorial,IGN
2016,1663,2016-04-05,Martes,0.0,14:30:00,,0.0,2,"Automóvil,Bicicleta",Salta Y Mariano Moreno,2,1,0,0,1,0,0,,Calle,,ROSARIO,Rosario,Asfalto,No existe,II,Dentro,Urbana,Ninguna,No existe,Intersección,Bueno,Buena,Diurna,Buen Tiempo,S/D,S/D,Atropello,Otro,Faltante,Ninguna,Sin restricción,POINT (-60.648842800000004 -32.937196199999995),"['Salta', 'Mariano Moreno']",2,Salta; Mariano Moreno,-32.937196199999995,-60.6488428,55.0,538.0,Municipio Rosario,Municipio,Rosario,820210,Servicio de Catastro e Información Territorial,IGN
2016,1664,2016-04-05,Martes,0.0,17:20:00,,0.0,2,"Automóvil,Automóvil",Bv. Oroño Y Catamarca,2,1,0,0,1,0,0,,Avenida,,ROSARIO,Rosario,Asfalto,No existe,II,Dentro,Urbana,S/D,Funciona,Intersección,Bueno,Buena,Diurna,Buen Tiempo,Lateral,S/D,Colisión,S/D,Vertical,S/D,S/D,POINT (-60.651806750000006 -32.9378818),"['Bulevar Nicasio Oroño', 'Catamarca']",2,Bulevar Nicasio Oroño; Catamarca,-32.9378818,-60.651806750000006,55.0,538.0,Municipio Rosario,Municipio,Rosario,820210,Servicio de Catastro e Información Territorial,IGN
2016,1665,2016-04-07,Jueves,0.0,10:00:00,,0.0,2,"Peatón,Automóvil",9 De Julio Y Balcarce,2,1,0,0,1,0,0,,Calle,,ROSARIO,Rosario,Asfalto,No existe,II,Dentro,Urbana,Semáforo,Funciona,Recta,Bueno,Buena,Diurna,Buen Tiempo,S/D,S/D,Atropello,S/D,S/D,Cordón divisorio,Sin restricción,POINT (-60.6538105 -32.95138879999999),"['9 de Julio', 'Balcarce']",2,9 de Julio; Balcarce,-32.95138879999999,-60.6538105,55.0,538.0,Municipio Rosario,Municipio,Rosario,820210,Servicio de Catastro e Información Territorial,IGN
2016,1666,2016-04-11,Lunes,0.0,13:30:00,,0.0,2,"Bicicleta,Automóvil",San Martin Y San Lorenzo,2,1,0,0,1,0,0,,Calle,,ROSARIO,Rosario,Asfalto,No existe,II,Dentro,Urbana,Ninguna,Funciona,Intersección,Bueno,Buena,Diurna,Buen Tiempo,S/D,S/D,Atropello,S/D,Horizontal,Ninguna,Sin restricción,POINT (-60.636237 -32.944804399999995),"['San Martin', 'San Lorenzo']",2,José de San Martín; San Lorenzo,-32.944804399999995,-60.636237,55.0,538.0,Municipio Rosario,Municipio,Rosario,820210,Servicio de Catastro e Información Territorial,IGN
2016,1667,2016-04-07,Jueves,0.0,14:30:00,,0.0,2,"Automóvil,Peatón",Italia Y Mendoza,2,1,0,0,1,0,0,,Calle,,ROSARIO,Rosario,Asfalto,S/D,II,Dentro,Urbana,Semáforo,S/D,Recta,Bueno,S/D,Diurna,Buen Tiempo,S/D,S/D,Atropello,S/D,Vertical,Cordón divisorio,Sin restricción,POINT (-60.6491502 -32.9498054),"['Italia', 'Mendoza']",2,Italia; Mendoza,-32.9498054,-60.6491502,55.0,538.0,Municipio Rosario,Municipio,Rosario,820210,Servicio de Catastro e Información Territorial,IGN
2016,1670,2016-04-10,Domingo,0.0,20:00:00,,0.0,2,"Taxi/Remis,Automóvil",San Martin 1200,2,1,0,0,1,0,0,,Calle,,ROSARIO,Rosario,Asfalto,No existe,II,Dentro,Urbana,Ninguna,No existe,S/D,Resbaladiza,Buena,"Nocturna,Con luz artificial",Lluvia,S/D,S/D,Colisión,S/D,S/D,Cordón divisorio,Sin restricción,"-32.9516557, -60.6379447",['San Martin 1200'],1,San Martin 1200,-32.9516557,-60.6379447,55.0,538.0,Municipio Rosario,Municipio,Rosario,820210,Servicio de Catastro e Información Territorial,IGN
2016,1671,2016-04-11,Lunes,0.0,17:00:00,,0.0,3,"Automóvil,Automóvil,Automóvil",Av. Illia Y Sarmiento,3,1,0,0,2,0,0,,Calle,,ROSARIO,Rosario,Asfalto,No existe,II,Dentro,Urbana,Ninguna,Funciona,Intersección,Bueno,Buena,Diurna,Buen Tiempo,Múltiple,S/D,Colisión,S/D,Faltante,S/D,Sin restricción,POINT (-60.6365283 -32.93969129999999),"['Illia', 'Sarmiento']",2,Avenida Arturo Illia; Sarmiento,-32.93969129999999,-60.6365283,55.0,538.0,Municipio Rosario,Municipio,Rosario,820210,Servicio de Catastro e Información Territorial,IGN
2016,1672,2016-04-17,Domingo,0.0,12:30:00,,0.0,2,"Automóvil,Automóvil",Urquiza Y Sgto Cabral,2,1,0,0,1,0,0,,Calle,,ROSARIO,Rosario,Asfalto,No existe,II,Dentro,Urbana,Ninguna,No existe,Intersección,Bueno,Buena,Diurna,Buen Tiempo,Lateral,S/D,Colisión,S/D,Faltante,S/D,Sin restricción,POINT (-60.634967575000005 -32.9437417),"['Urquiza', 'Sargento Cabral']",2,Justo José de Urquiza; Sargento Cabral,-32.9437417,-60.634967575000005,55.0,538.0,Municipio Rosario,Municipio,Rosario,820210,Servicio de Catastro e Información Territorial,IGN
2016,1673,2016-04-18,Lunes,0.0,10:40:00,,0.0,1,Automóvil,Urquiza Y San Martin,2,1,0,0,1,0,0,,Calle,,ROSARIO,Rosario,Asfalto,Pavimento,II,Dentro,Urbana,Ninguna,Funciona,Intersección,Bueno,Buena,Diurna,Buen Tiempo,Contra objeto fijo,S/D,Colisión,Otro,Vertical,Ninguna,Sin restricción,POINT (-60.6358612 -32.943338000000004),"['Urquiza', 'San Martin']",2,"('Justo José de Urquiza', 'José de San Martín')",-32.943338000000004,-60.6358612,55.0,538.0,Municipio Rosario,Municipio,Rosario,820210,Servicio de Catastro e Información Territorial,IGN
2016,1674,2016-04-11,Lunes,0.0,16:00:00,,0.0,2,"Moto/Ciclomotor,Peatón",Av. Pellegrini 900,2,1,0,0,1,0,0,,Calle,,ROSARIO,Rosario,Asfalto,S/D,II,Dentro,Urbana,Semáforo,S/D,Recta,Bueno,Buena,Diurna,S/D,S/D,S/D,Atropello,S/D,S/D,Barrera de alto impacto,S/D,"-32.9577043, -60.6379933",['Pellegrini 900'],1,Pellegrini 900,-32.9577043,-60.6379933,55.0,538.0,Municipio Rosario,Municipio,Rosario,820210,Servicio de Catastro e Información Territorial,IGN
2016,1675,2016-04-21,Jueves,0.0,15:30:00,,0.0,2,"Bicicleta,Transporte de Pasajeros Urbano (> 8 asientos)",Urquiza Y Av. Corrientes,2,1,0,0,1,0,0,,Calle,,ROSARIO,Rosario,Asfalto,No existe,II,Dentro,Urbana,S/D,Funciona,Intersección,S/D,Buena,Diurna,Buen Tiempo,S/D,S/D,Atropello,S/D,Vertical,Ninguna,Sin restricción,POINT (-60.6414615 -32.9422391),"['Urquiza', 'Corrientes']",2,Justo José de Urquiza; Corrientes,-32.9422391,-60.6414615,55.0,538.0,Municipio Rosario,Municipio,Rosario,820210,Servicio de Catastro e Información Territorial,IGN
2016,1676,2016-04-27,Miercoles,0.0,20:00:00,,0.0,2,"Moto/Ciclomotor,Pickup/Utilitario",San Juan Y Dorrego,2,1,0,0,1,0,0,,Calle,,ROSARIO,Rosario,Asfalto,Pavimento,II,Dentro,Urbana,S/D,No existe,Intersección,Bueno,Buena,"Nocturna,Con luz artificial",Buen Tiempo,Lateral,S/D,Colisión,S/D,Faltante,Cordón divisorio,Sin restricción,POINT (-60.650125 -32.948187199999985),"['San Juan', 'Dorrego']",2,"('San Juan', 'Manuel Dorrego')",-32.948187199999985,-60.650125,55.0,538.0,Municipio Rosario,Municipio,Rosario,820210,Servicio de Catastro e Información Territorial,IGN
2016,1677,2016-04-01,Viernes,0.0,12:00:00,,0.0,2,"Bicicleta,Automóvil",Mendoza Y Italia,2,1,0,0,1,0,0,,Calle,,ROSARIO,Rosario,Asfalto,Pavimento,II,Dentro,Urbana,S/D,Funciona,Intersección,Bueno,Buena,Diurna,Buen Tiempo,S/D,S/D,Atropello,S/D,Horizontal,Ninguna,Sin restricción,POINT (-60.6491502 -32.9498054),"['Mendoza', 'Italia']",2,Mendoza; Italia,-32.9498054,-60.6491502,55.0,538.0,Municipio Rosario,Municipio,Rosario,820210,Servicio de Catastro e Información Territorial,IGN
2016,1678,2016-04-10,Domingo,0.0,2:45:00,,0.0,2,"Automóvil,Taxi/Remis",Av. Pellegrini Y San Martin,2,1,0,0,1,0,0,,Avenida,,ROSARIO,Rosario,Asfalto,No existe,II,Dentro,Urbana,Semáforo,Funciona,Intersección,Bueno,Buena,"Nocturna,Con luz artificial",Buen Tiempo,Lateral,S/D,Colisión,S/D,S/D,Cordón divisorio,Sin restricción,POINT (-60.68038573333334 -32.9696798),"['Pellegrini', 'San Martin']",2,Avenida Carlos Pellegrini; José de San Martín,-32.9696798,-60.68038573333334,55.0,538.0,Municipio Rosario,Municipio,Rosario,820210,Servicio de Catastro e Información Territorial,IGN
2016,1680,2016-04-11,Lunes,0.0,17:32:00,,0.0,2,"Automóvil,Moto/Ciclomotor",España 1600,2,1,0,0,1,0,0,,Calle,,ROSARIO,Rosario,Asfalto,Pavimento,II,Dentro,Urbana,Semáforo,Funciona,Recta,Bueno,Buena,Diurna,Buen Tiempo,De alcance,S/D,Colisión,S/D,Vertical,Cordón divisorio,Sin restricción,"-32.954556, -60.6489568",['España 1600'],1,España 1600,-32.954556,-60.6489568,55.0,538.0,Municipio Rosario,Municipio,Rosario,820210,Servicio de Catastro e Información Territorial,IGN
2016,1682,2016-04-13,Miercoles,0.0,17:45:00,,0.0,2,"Bicicleta,Taxi/Remis",Montevideo Y Buenos Aires,2,1,0,0,1,0,0,,Calle,,ROSARIO,Rosario,Asfalto,S/D,II,Dentro,Urbana,S/D,S/D,Intersección,Bueno,Buena,Diurna,Buen Tiempo,Lateral,S/D,Atropello,S/D,S/D,Barrera de alto impacto,S/D,POINT (-60.63512970000001 -32.9570983),"['Montevideo', 'Buenos Aires']",2,Montevideo; Buenos Aires,-32.9570983,-60.63512970000001,55.0,538.0,Municipio Rosario,Municipio,Rosario,820210,Servicio de Catastro e Información Territorial,IGN
2016,1684,2016-04-04,Lunes,0.0,21:55:00,,0.0,2,"Moto/Ciclomotor,Automóvil",Av. Pellegrini Y Larrea,2,1,0,0,1,0,0,,Avenida,,ROSARIO,Rosario,Asfalto,No existe,II,Dentro,Urbana,S/D,Funciona,Intersección,Bueno,Buena,Nocturna,Buen Tiempo,Lateral,S/D,Colisión,S/D,S/D,S/D,S/D,POINT (-60.696965950000006 -32.94818454999999),"['Pellegrini', 'Larrea']",2,Avenida Carlos Pellegrini; Larrea,-32.94818454999999,-60.696965950000006,55.0,538.0,Municipio Rosario,Municipio,Rosario,820210,Servicio de Catastro e Información Territorial,IGN
2016,1685,2016-04-18,Lunes,0.0,17:00:00,,0.0,2,"Automóvil,Moto/Ciclomotor",J.M.de Rosas Y 3 De Febrero,3,1,0,0,2,0,0,,Calle,,ROSARIO,Rosario,Asfalto,S/D,II,Dentro,Urbana,S/D,S/D,Intersección,Bueno,Buena,Diurna,Buen Tiempo,Lateral,S/D,Colisión,S/D,S/D,Cordón divisorio,S/D,POINT (-60.6327946 -32.9539546),"['De Rosas', '3 de Febrero']",2,Juan Manuel de Rosas; 3 de Febrero,-32.9539546,-60.6327946,55.0,538.0,Municipio Rosario,Municipio,Rosario,820210,Servicio de Catastro e Información Territorial,IGN
2016,1686,2016-04-10,Domingo,0.0,22:35:00,,0.0,2,"Moto/Ciclomotor,Automóvil",San Juan Y F.More,2,1,0,0,1,0,0,,Calle,,ROSARIO,Rosario,Asfalto,No existe,II,Dentro,Urbana,S/D,Funciona,Intersección,Bueno,Buena,Nocturna,Buen Tiempo,Lateral,S/D,Colisión,S/D,S/D,S/D,S/D,POINT (-60.6935598 -32.94061539999999),"['San Juan', 'Felipe Moré']",2,San Juan; Felipe Moré,-32.94061539999999,-60.6935598,55.0,538.0,Municipio Rosario,Municipio,Rosario,820210,Servicio de Catastro e Información Territorial,IGN
2016,1687,2016-04-13,Miercoles,0.0,20:30:00,,0.0,2,"Moto/Ciclomotor,Moto/Ciclomotor",Montevideo Y Alvarado,2,1,0,0,1,0,0,,Calle,,ROSARIO,Rosario,Asfalto,S/D,II,Dentro,Urbana,S/D,S/D,Intersección,Bueno,Buena,Nocturna,Buen Tiempo,Lateral,S/D,Colisión,S/D,S/D,S/D,S/D,POINT (-60.6954973 -32.9470062),"['Montevideo', 'Alvarado']",2,Montevideo; Alvarado,-32.9470062,-60.6954973,55.0,538.0,Municipio Rosario,Municipio,Rosario,820210,Servicio de Catastro e Información Territorial,IGN
2016,1688,2016-04-16,Sabado,0.0,9:00:00,,0.0,2,"Automóvil,Moto/Ciclomotor",9 De Julio Y Alsina,2,1,0,0,1,0,0,,Calle,,ROSARIO,Rosario,S/D,S/D,II,Dentro,Urbana,S/D,S/D,S/D,S/D,S/D,Diurna,S/D,S/D,S/D,Colisión,S/D,S/D,S/D,S/D,POINT (-60.6782616 -32.9469818),"['9 de Julio', 'Alsina']",2,9 de Julio; Alsina,-32.9469818,-60.6782616,55.0,538.0,Municipio Rosario,Municipio,Rosario,820210,Servicio de Catastro e Información Territorial,IGN
2016,1689,2016-04-15,Viernes,0.0,20:16:00,,0.0,2,"Pickup/Utilitario,Moto/Ciclomotor",Pascual Rosas 1200,4,1,0,0,3,0,0,,Calle,,ROSARIO,Rosario,S/D,S/D,II,Dentro,Urbana,S/D,S/D,S/D,S/D,Buena,Diurna,S/D,S/D,S/D,Colisión,S/D,S/D,S/D,S/D,"-32.9428588, -60.6872983",['Pascual Rosas 1200'],1,Pascual Rosas 1200,-32.9428588,-60.6872983,55.0,538.0,Municipio Rosario,Municipio,Rosario,820210,Servicio de Catastro e Información Territorial,IGN
2016,1690,2016-04-14,Jueves,0.0,22:30:00,,0.0,2,"Moto/Ciclomotor,Automóvil",Rio Negro Y Av. Provincias Unidas,2,1,0,0,1,0,0,,Avenida,,ROSARIO,Rosario,Asfalto,S/D,II,Dentro,Urbana,S/D,S/D,Intersección,Bueno,Buena,Nocturna,Buen Tiempo,Lateral,S/D,Colisión,S/D,S/D,S/D,S/D,POINT (-60.71235555 -32.94607385),"['Rio Negro', 'Avenida Provincias Unidas']",2,Río Negro; Avenida Provincias Unidas,-32.94607385,-60.71235555,55.0,538.0,Municipio Rosario,Municipio,Rosario,820210,Servicio de Catastro e Información Territorial,IGN
2016,1693,2016-04-19,Martes,0.0,12:00:00,,0.0,3,"Automóvil,Taxi/Remis,Automóvil",Bv. Avellaneda Y Mendoza,7,4,0,0,3,0,0,,Calle,,ROSARIO,Rosario,S/D,S/D,II,Dentro,Urbana,S/D,S/D,S/D,S/D,S/D,Diurna,S/D,Múltiple,S/D,Colisión,S/D,S/D,S/D,S/D,POINT (-60.680421100000004 -32.94423964999999),"['Avellaneda', 'Mendoza']",2,Bulevar Nicolás Avellaneda; Mendoza,-32.94423964999999,-60.6804211,55.0,538.0,Municipio Rosario,Municipio,Rosario,820210,Servicio de Catastro e Información Territorial,IGN
2016,1694,2016-04-21,Jueves,0.0,6:45:00,,0.0,2,"Transporte de Pasajeros Urbano (> 8 asientos),Automóvil",Bv. Segui 5350,3,1,0,0,2,0,0,,S/D,,ROSARIO,Rosario,S/D,No existe,II,Dentro,Urbana,Ninguna,No existe,Recta,Bueno,Buena,Amanecer,Otro,Lateral,S/D,Colisión,Otro,Faltante,Barrera de hormigón,Sin restricción,"-32.97045618787879, -60.695726154545454",['Bulevar Juan Francisco Seguí 5350'],1,Bulevar Juan Francisco Seguí 5350,-32.97045618787879,-60.695726154545454,55.0,538.0,Municipio Rosario,Municipio,Rosario,820210,Servicio de Catastro e Información Territorial,IGN
2016,1695,2016-04-01,Viernes,0.0,22:00:00,,0.0,2,"Moto/Ciclomotor,Automóvil",Matienzo Y Galvez,2,1,0,0,0,0,1,,S/D,,ROSARIO,Rosario,S/D,No existe,II,Dentro,Urbana,Ninguna,No existe,Intersección,Otro,Buena,"Nocturna,Con luz artificial",Otro,Lateral,S/D,Colisión,Ninguna,Faltante,Barrera de hormigón,Sin restricción,POINT (-60.693907200000005 -32.959975099999994),"['Matienzo', 'Galvez']",2,Benjamín Matienzo; José Gálvez,-32.959975099999994,-60.693907200000005,55.0,538.0,Municipio Rosario,Municipio,Rosario,820210,Servicio de Catastro e Información Territorial,IGN
2016,1696,2016-04-23,Sabado,0.0,9:00:00,,0.0,2,"Moto/Ciclomotor,Automóvil",Roullon Y Gaboto,2,1,0,0,1,0,0,,Calle,,ROSARIO,Rosario,Hormigón,No existe,II,Dentro,Urbana,Ninguna,No existe,Intersección,Bueno,Buena,Diurna,Otro,Lateral,S/D,Colisión,Ninguna,Faltante,Barrera de hormigón,Sin restricción,POINT (-60.7012931 -32.964860099999996),"['Alfredo Rouillón', 'Gaboto']",2,Alfredo Rouillón; Gaboto,-32.9648601,-60.7012931,55.0,538.0,Municipio Rosario,Municipio,Rosario,820210,Servicio de Catastro e Información Territorial,IGN
2016,1697,2016-04-18,Lunes,0.0,15:00:00,,0.0,2,"Moto/Ciclomotor,Automóvil",Matienzo 2400,2,1,0,0,1,0,0,,S/D,,ROSARIO,Rosario,S/D,No existe,II,Dentro,Urbana,Ninguna,No existe,Intersección,S/D,Buena,Diurna,Otro,Lateral,S/D,Colisión,S/D,Faltante,Barrera de hormigón,Sin restricción,"-32.9562696, -60.6941836",['Matienzo 2400'],1,Matienzo 2400,-32.9562696,-60.6941836,55.0,538.0,Municipio Rosario,Municipio,Rosario,820210,Servicio de Catastro e Información Territorial,IGN
2016,1750,2016-01-11,Lunes,0.0,0:00:00,,0.0,3,"Camión,Automóvil,Camión",Av. Circunvalacion ,3,1,0,0,2,0,0,,Calle,,ROSARIO,Rosario,S/D,S/D,II,Dentro,Urbana,S/D,S/D,Puente,S/D,S/D,Nocturna,S/D,Múltiple,S/D,Colisión,S/D,S/D,S/D,S/D,"-32.9954148, -60.6940772",['Circunvalacion'],1,Circunvalacion,-32.9954148,-60.6940772,55.0,538.0,Municipio Rosario,Municipio,Rosario,820210,Servicio de Catastro e Información Territorial,IGN
2016,1755,2016-01-26,Martes,0.0,16:15:00,,0.0,1,Moto/Ciclomotor,Av. Circunvalacion Y Baigorria,1,1,0,0,0,0,0,,Calle,,ROSARIO,Rosario,Asfalto,S/D,II,Dentro,Urbana,S/D,S/D,Intersección,S/D,S/D,Diurna,S/D,S/D,S/D,Caída ocupante,S/D,S/D,S/D,S/D,POINT (-60.719770260245994 -32.893468154963045),"['Circunvalacion', 'Baigorria']",2,Avenida de Circunvalación 25 de Mayo; Baigorria,-32.893468154963045,-60.719770260246,55.0,538.0,Municipio Rosario,Municipio,Rosario,820210,Servicio de Catastro e Información Territorial,IGN
2016,1884,2016-04-21,Jueves,0.0,14:40:00,,0.0,2,"Camión,Moto/Ciclomotor",San Luis Y Rodriguez,2,1,0,0,1,0,0,,Calle,,ROSARIO,Rosario,S/D,S/D,II,Dentro,Urbana,S/D,S/D,S/D,S/D,S/D,Diurna,S/D,S/D,S/D,Colisión,S/D,S/D,S/D,S/D,POINT (-60.6593596 -32.9453712),"['San Luis', 'Rodríguez']",2,San Luis; Rodríguez de Escobedo,-32.9453712,-60.6593596,55.0,538.0,Municipio Rosario,Municipio,Rosario,820210,Servicio de Catastro e Información Territorial,IGN
2016,1885,2016-04-23,Sabado,0.0,9:45:00,,0.0,2,"Moto/Ciclomotor,Automóvil",Lima Y Montevideo,2,1,0,0,1,0,0,,Calle,,ROSARIO,Rosario,S/D,S/D,II,Dentro,Urbana,S/D,S/D,S/D,S/D,S/D,Diurna,S/D,S/D,S/D,Colisión,S/D,S/D,S/D,S/D,POINT (-60.685678900000006 -32.9480955),"['Lima', 'Montevideo']",2,Lima; Montevideo,-32.9480955,-60.685678900000006,55.0,538.0,Municipio Rosario,Municipio,Rosario,820210,Servicio de Catastro e Información Territorial,IGN
2016,1886,2016-04-19,Martes,0.0,11:30:00,,0.0,2,"Peatón,Moto/Ciclomotor",Bv. Segui 5400,2,2,0,0,0,0,0,,Calle,,ROSARIO,Rosario,Asfalto,No existe,II,Dentro,Urbana,Ninguna,No existe,Recta,S/D,Buena,Diurna,Buen Tiempo,S/D,S/D,Atropello,S/D,Faltante,Barrera de hormigón,Sin restricción,"-32.96978489999999, -60.697455051174956",['Bulevar Juan Francisco Seguí 5400'],1,Bulevar Juan Francisco Seguí 5400,-32.96978489999999,-60.69745505117496,55.0,538.0,Municipio Rosario,Municipio,Rosario,820210,Servicio de Catastro e Información Territorial,IGN
2016,1887,2016-04-04,Lunes,0.0,11:15:00,,0.0,2,"Automóvil,Moto/Ciclomotor",Castellanos Y Montevideo,4,2,0,0,2,0,0,,Calle,,ROSARIO,Rosario,Asfalto,Pavimento,II,Dentro,Urbana,Semáforo,S/D,S/D,Bueno,Buena,Diurna,Lluvia,De alcance,S/D,Colisión,Agua,Faltante,S/D,Sin restricción,POINT (-60.67753410000001 -32.9495461),"['Aaron Castellanos', 'Montevideo']",2,Aaron Castellanos; Montevideo,-32.9495461,-60.67753410000001,55.0,538.0,Municipio Rosario,Municipio,Rosario,820210,Servicio de Catastro e Información Territorial,IGN
2016,1891,2016-04-04,Lunes,0.0,19:00:00,,0.0,2,"Moto/Ciclomotor,Automóvil",Av. Pellegrini Y Gutenberg,3,1,0,0,2,0,0,,Calle,,ROSARIO,Rosario,Asfalto,Pavimento,II,Dentro,Urbana,Semáforo,Funciona,S/D,Bueno,Buena,Atardecer,Lluvia,De alcance,S/D,Colisión,Agua,S/D,S/D,Sin restricción,POINT (-60.690030349999994 -32.94847924999999),"['Pellegrini', 'Gutenberg']",2,Avenida Carlos Pellegrini; Gutenberg,-32.94847924999999,-60.69003035,55.0,538.0,Municipio Rosario,Municipio,Rosario,820210,Servicio de Catastro e Información Territorial,IGN
2016,1892,2016-04-08,Viernes,0.0,12:00:00,,0.0,2,"Pickup/Utilitario,Moto/Ciclomotor",Av. Avellaneda B Y Mendoza,2,1,0,0,1,0,0,,Calle,,ROSARIO,Rosario,Asfalto,Pavimento,II,Dentro,Urbana,Semáforo,Funciona,S/D,Bueno,Buena,Diurna,Lluvia,De alcance,S/D,Colisión,Agua,S/D,S/D,Sin restricción,POINT (-60.680421100000004 -32.94423964999999),"['Avellaneda', 'Mendoza']",2,Bulevar Nicolás Avellaneda; Mendoza,-32.94423964999999,-60.6804211,55.0,538.0,Municipio Rosario,Municipio,Rosario,820210,Servicio de Catastro e Información Territorial,IGN
2016,2007,2016-04-18,Lunes,0.0,1:20:00,,0.0,2,"Moto/Ciclomotor,Automóvil",Santa Fe Y Mejico,2,1,0,0,1,0,0,,Calle,,ROSARIO,Rosario,Asfalto,S/D,II,Dentro,Urbana,Ninguna,S/D,Intersección,Bueno,Buena,Nocturna,Buen Tiempo,De alcance,S/D,Colisión,S/D,S/D,S/D,Sin restricción,POINT (-60.71864049999999 -32.935872499999995),"['Santa Fe', 'Mejico']",2,Santa Fe; Méjico,-32.935872499999995,-60.71864049999999,55.0,538.0,Municipio Rosario,Municipio,Rosario,820210,Servicio de Catastro e Información Territorial,IGN
2016,2008,2016-04-20,Miercoles,0.0,19:00:00,,0.0,2,"Moto/Ciclomotor,Automóvil",Rioja Y F.More,2,1,0,0,1,0,0,,Calle,,ROSARIO,Rosario,Asfalto,S/D,II,Dentro,Urbana,S/D,S/D,Intersección,Bueno,Buena,Atardecer,Buen Tiempo,Lateral,S/D,Colisión,S/D,S/D,S/D,Sin restricción,POINT (-60.6935054 -32.93770409999998),"['Rioja', 'Felipe Moré']",2,Rioja; Felipe Moré,-32.93770409999998,-60.6935054,55.0,538.0,Municipio Rosario,Municipio,Rosario,820210,Servicio de Catastro e Información Territorial,IGN
2016,2009,2016-04-21,Jueves,0.0,14:00:00,,0.0,2,"Moto/Ciclomotor,Automóvil",Larrea Y Viamonte,2,1,0,0,1,0,0,,Calle,,ROSARIO,Rosario,Asfalto,S/D,II,Dentro,Urbana,S/D,S/D,Intersección,Bueno,Buena,Diurna,S/D,Lateral,S/D,Colisión,S/D,S/D,S/D,S/D,POINT (-60.6966108 -32.95651689999999),"['Larrea', 'Viamonte']",2,Larrea; Viamonte,-32.95651689999999,-60.6966108,55.0,538.0,Municipio Rosario,Municipio,Rosario,820210,Servicio de Catastro e Información Territorial,IGN
2016,2195,2016-04-18,Lunes,0.0,7:10:00,,0.0,2,"Moto/Ciclomotor,Automóvil",Martinez Estrada Y Venezuela,2,0,1,0,1,0,0,,Calle,,ROSARIO,Rosario,S/D,S/D,II,Dentro,Urbana,S/D,S/D,Intersección,S/D,S/D,Diurna,S/D,S/D,S/D,Colisión,S/D,S/D,S/D,S/D,POINT (-60.72571670000001 -32.911054799999995),"['Martinez Estrada', 'Venezuela']",2,Martinez Estrada; Venezuela,-32.911054799999995,-60.72571670000001,55.0,538.0,Municipio Rosario,Municipio,Rosario,820210,Servicio de Catastro e Información Territorial,IGN