anio_acci,nro_acci,fecha,desc_dia,fecha_aprox,hora_aprox,desc_ruta,km,cant_participantes,desc_participante,calle_avenida_km,total,heridos_leves,heridos_graves,heridos_gravisimos,ilesos,fallecidos,sin_datos,posicion_XY,desc_tipo_via,desc_ruta_ori,desc_loc,desc_dpto,desc_tipo_calzada,desc_tipo_banquina,desc_unidad_regional,desc_lugar_calzada,desc_zona,desc_prioridad,desc_estado_semaforo,desc_lugar_via,desc_estado_via,desc_estado_visibilidad,desc_luminosidad,desc_estado_clima,desc_tipo_colision,desc_tipo_atropello,desc_tipo_hecho,desc_pres_calzada,desc_senializacion,desc_separacion_via,desc_restriccion,forma_geocod,calle_lista,numero_calles,calles_osm,lat,lon,index_right,gid,fna,gna,nam,in1,fdc,sag
2016,2199,2016-04-01,Viernes,0.0,3:00:00,,0.0,2,"Moto/Ciclomotor,Automóvil",San Martin ,3,1,0,0,1,0,1,,Calle,,ROSARIO,Rosario,Asfalto,No existe,II,Dentro,Urbana,Ninguna,No existe,Intersección,Bueno,Buena,"Nocturna,Con luz artificial",Buen Tiempo,Lateral,S/D,Colisión,Ninguna,Faltante,Ninguna,Sin restricción,"-32.9764777, -60.6372639",['San Martin'],1,San Martin,-32.9764777,-60.6372639,55.0,538.0,Municipio Rosario,Municipio,Rosario,820210,Servicio de Catastro e Información Territorial,IGN
2016,2202,2016-04-05,Martes,0.0,20:35:00,,0.0,2,"Taxi/Remis,Automóvil",Av. Circunvalacion Y Av. Uriburu,5,4,1,0,0,0,0,,Avenida,,ROSARIO,Rosario,Hormigón,No existe,II,S/D,Rural,Ninguna,No existe,Intersección,Bueno,Buena,"Nocturna,Con luz artificial",Lluvia,S/D,S/D,Colisión,Agua,Faltante,S/D,Sin restricción,POINT (-60.70053645 -32.992253950000006),"['Circunvalacion', 'Uriburu']",2,"('Juan Pablo II', 'Avenida José Uriburu')",-32.992253950000006,-60.70053645,55.0,538.0,Municipio Rosario,Municipio,Rosario,820210,Servicio de Catastro e Información Territorial,IGN
2016,2205,2016-04-14,Jueves,0.0,19:10:00,,0.0,2,"Moto/Ciclomotor,Automóvil",Santa Fe ,2,1,0,0,1,0,0,,Calle,,ROSARIO,Rosario,Asfalto,S/D,II,S/D,Urbana,S/D,S/D,Intersección,S/D,S/D,Diurna,S/D,S/D,S/D,Colisión,S/D,S/D,S/D,S/D,"-32.9362203, -60.7310898",['Santa Fe'],1,Santa Fe,-32.9362203,-60.7310898,55.0,538.0,Municipio Rosario,Municipio,Rosario,820210,Servicio de Catastro e Información Territorial,IGN
2016,2217,2016-04-17,Domingo,0.0,7:15:00,,0.0,2,"Moto/Ciclomotor,Automóvil",Amenabar Y R.Lagos,2,1,0,0,1,0,0,,Calle,,ROSARIO,Rosario,Asfalto,Natural,II,Dentro,Urbana,Ninguna,No existe,Intersección,Con baches,Buena,Amanecer,Lluvia,Frontal,S/D,Colisión,Agua,Faltante,Ninguna,Sin restricción,POINT (-60.66772746666666 -32.96808026666666),"['Amenabar', 'Ovidio Lagos']",2,José de Amenábar; Avenida Ovidio Lagos,-32.96808026666666,-60.66772746666666,55.0,538.0,Municipio Rosario,Municipio,Rosario,820210,Servicio de Catastro e Información Territorial,IGN
2016,2220,2016-04-19,Martes,0.0,11:30:00,,0.0,2,"Bicicleta,Otros",Av. De Las Palmeras 3800,2,1,0,0,0,0,1,,Calle,,ROSARIO,Rosario,Asfalto,S/D,II,S/D,Urbana,S/D,No existe,Recta,S/D,S/D,Diurna,S/D,S/D,S/D,Atropello,S/D,S/D,S/D,S/D,"-32.9561024, -60.7232914",['De Las Palmeras 3800'],1,De Las Palmeras 3800,-32.9561024,-60.7232914,55.0,538.0,Municipio Rosario,Municipio,Rosario,820210,Servicio de Catastro e Información Territorial,IGN
2016,2342,2016-02-26,Viernes,0.0,3:15:00,,0.0,2,"Peatón,Automóvil",Av. Circunvalacion Y Ayolas,3,1,0,0,2,0,0,,Calle,,ROSARIO,Rosario,Asfalto,S/D,II,Dentro,Urbana,S/D,S/D,Intersección,S/D,Buena,Nocturna,S/D,S/D,S/D,Atropello,S/D,S/D,S/D,S/D,POINT (-60.624988288707996 -32.98051623752373),"['Circunvalacion', 'Ayolas']",2,Avenida de Circunvalación 25 de Mayo; Ayolas,-32.98051623752373,-60.624988288708,55.0,538.0,Municipio Rosario,Municipio,Rosario,820210,Servicio de Catastro e Información Territorial,IGN
2016,2343,2016-02-26,Viernes,0.0,9:30:00,,0.0,2,"Transporte de Pasajeros Urbano (> 8 asientos),Automóvil",Hilarion de la Quintana Y Serrano,3,2,0,0,1,0,0,,Calle,,ROSARIO,Rosario,Asfalto,S/D,II,Dentro,Urbana,S/D,S/D,Intersección,S/D,S/D,Diurna,S/D,S/D,S/D,Colisión,S/D,S/D,S/D,S/D,POINT (-60.63186129999999 -33.00041780000001),"['Hilarión de la Quintana', 'Serrano']",2,Hilarión de la Quintana; José Mariano Serrano,-33.00041780000001,-60.63186129999999,55.0,538.0,Municipio Rosario,Municipio,Rosario,820210,Servicio de Catastro e Información Territorial,IGN
2016,2541,2016-05-22,Domingo,0.0,17:00:00,,0.0,2,"Automóvil,Moto/Ciclomotor",Av. Pellegrini Y Castellanos,4,1,0,0,3,0,0,,Calle,,ROSARIO,Rosario,S/D,S/D,II,Dentro,Urbana,S/D,S/D,S/D,S/D,S/D,Diurna,S/D,S/D,S/D,Colisión,S/D,S/D,S/D,S/D,POINT (-60.677811000000005 -32.950665749999985),"['Pellegrini', 'Aaron Castellanos']",2,Avenida Carlos Pellegrini; Aaron Castellanos,-32.950665749999985,-60.677811000000005,55.0,538.0,Municipio Rosario,Municipio,Rosario,820210,Servicio de Catastro e Información Territorial,IGN
2016,2542,2016-05-23,Lunes,0.0,9:15:00,,0.0,2,"Moto/Ciclomotor,Automóvil",Castellanos Y Mendoza,2,1,0,0,1,0,0,,Calle,,ROSARIO,Rosario,S/D,S/D,II,Dentro,Urbana,S/D,S/D,Intersección,S/D,Buena,Diurna,S/D,S/D,S/D,Colisión,S/D,S/D,S/D,S/D,POINT (-60.6763884 -32.94496500000001),"['Aaron Castellanos', 'Mendoza']",2,Aaron Castellanos; Mendoza,-32.94496500000001,-60.6763884,55.0,538.0,Municipio Rosario,Municipio,Rosario,820210,Servicio de Catastro e Información Territorial,IGN
2016,2544,2016-05-23,Lunes,0.0,11:50:00,,0.0,2,"Pickup/Utilitario,Moto/Ciclomotor",San Luis 2700,2,1,0,0,1,0,0,,Calle,,ROSARIO,Rosario,S/D,S/D,II,Dentro,Urbana,S/D,S/D,Intersección,S/D,Buena,Diurna,S/D,S/D,S/D,Colisión,S/D,S/D,S/D,S/D,"-32.944954, -60.6609623",['San Luis 2700'],1,San Luis 2700,-32.944954,-60.6609623,55.0,538.0,Municipio Rosario,Municipio,Rosario,820210,Servicio de Catastro e Información Territorial,IGN
2016,2546,2016-05-23,Lunes,0.0,13:30:00,,0.0,2,"Automóvil,Moto/Ciclomotor",Suipacha Y E.Zeballos,2,1,0,0,1,0,0,,Calle,,ROSARIO,Rosario,S/D,S/D,II,Dentro,Urbana,S/D,S/D,S/D,S/D,Buena,Diurna,S/D,S/D,S/D,Colisión,S/D,S/D,S/D,S/D,POINT (-60.66630880000001 -32.9503432),"['Suipacha', 'Zeballos']",2,Suipacha; Zeballos,-32.9503432,-60.66630880000001,55.0,538.0,Municipio Rosario,Municipio,Rosario,820210,Servicio de Catastro e Información Territorial,IGN
2016,2547,2016-05-01,Domingo,0.0,6:40:00,,0.0,2,"Moto/Ciclomotor,Automóvil",3 De Febrero Y San Nicolas,2,1,0,0,1,0,0,,Calle,,ROSARIO,Rosario,S/D,S/D,II,Dentro,Urbana,S/D,S/D,S/D,S/D,S/D,Diurna,S/D,S/D,S/D,Colisión,S/D,S/D,S/D,S/D,POINT (-60.6739228 -32.94667499999999),"['3 de Febrero', 'San Nicolás']",2,3 de Febrero; San Nicolás,-32.94667499999999,-60.6739228,55.0,538.0,Municipio Rosario,Municipio,Rosario,820210,Servicio de Catastro e Información Territorial,IGN
2016,2549,2016-05-05,Jueves,0.0,19:20:00,,0.0,2,"Moto/Ciclomotor,Automóvil",Av. Ovidio Lagos 1200,2,1,0,0,1,0,0,,Calle,,ROSARIO,Rosario,S/D,S/D,II,Dentro,Urbana,S/D,S/D,S/D,S/D,S/D,Diurna,S/D,S/D,S/D,Colisión,S/D,S/D,S/D,S/D,"-32.9472353, -60.6628247",['Ovidio Lagos 1200'],1,Ovidio Lagos 1200,-32.9472353,-60.6628247,55.0,538.0,Municipio Rosario,Municipio,Rosario,820210,Servicio de Catastro e Información Territorial,IGN
2016,2550,2016-05-06,Viernes,0.0,8:30:00,,0.0,2,"Automóvil,Peatón",Mendoza Y Alsina,2,1,0,0,1,0,0,,Calle,,ROSARIO,Rosario,S/D,S/D,II,Dentro,Urbana,S/D,S/D,Intersección,S/D,Buena,Diurna,S/D,S/D,Peatón,Atropello,S/D,S/D,S/D,S/D,POINT (-60.67769160000001 -32.94473060000001),"['Mendoza', 'Alsina']",2,Mendoza; Alsina,-32.94473060000001,-60.67769160000001,55.0,538.0,Municipio Rosario,Municipio,Rosario,820210,Servicio de Catastro e Información Territorial,IGN
2016,2553,2016-05-07,Sabado,0.0,19:10:00,,0.0,2,"Automóvil,Automóvil",San Luis Y Av. Francia,3,1,0,0,2,0,0,,Calle,,ROSARIO,Rosario,S/D,S/D,II,Dentro,Urbana,S/D,S/D,Intersección,S/D,S/D,Diurna,S/D,S/D,S/D,Colisión,S/D,S/D,S/D,S/D,POINT (-60.66618015 -32.9441667),"['San Luis', 'Avenida Francia']",2,San Luis; Avenida Francia,-32.9441667,-60.66618015,55.0,538.0,Municipio Rosario,Municipio,Rosario,820210,Servicio de Catastro e Información Territorial,IGN
2016,2555,2016-05-08,Domingo,0.0,12:30:00,,0.0,2,"Bicicleta,Pickup/Utilitario",Mendoza 3300,2,1,0,0,1,0,0,,Calle,,ROSARIO,Rosario,S/D,S/D,II,Dentro,Urbana,S/D,S/D,S/D,S/D,Buena,Diurna,S/D,S/D,Ciclista,"Colisión,Atropello",S/D,S/D,S/D,S/D,"-32.9461621, -60.6693305",['Mendoza 3300'],1,Mendoza 3300,-32.9461621,-60.6693305,55.0,538.0,Municipio Rosario,Municipio,Rosario,820210,Servicio de Catastro e Información Territorial,IGN
2016,2557,2016-05-12,Jueves,0.0,10:30:00,,0.0,2,"Otros,Peatón",3 De Febrero Y Alsina,2,1,0,0,1,0,0,,Calle,,ROSARIO,Rosario,Asfalto,S/D,II,Dentro,Urbana,S/D,S/D,Intersección,S/D,Buena,Diurna,S/D,S/D,Peatón,Atropello,S/D,S/D,S/D,S/D,POINT (-60.6779986 -32.94594320000001),"['3 de Febrero', 'Alsina']",2,3 de Febrero; Alsina,-32.94594320000001,-60.6779986,55.0,538.0,Municipio Rosario,Municipio,Rosario,820210,Servicio de Catastro e Información Territorial,IGN
2016,2559,2016-05-13,Viernes,0.0,19:15:00,,0.0,2,"Moto/Ciclomotor,Pickup/Utilitario",Iriondo Y Montevideo,2,1,0,0,1,0,0,,Calle,,ROSARIO,Rosario,Asfalto,S/D,II,Dentro,Urbana,S/D,S/D,Intersección,S/D,Buena,Diurna,S/D,S/D,S/D,Colisión,S/D,S/D,S/D,S/D,POINT (-60.6720567 -32.9505233),"['Iriondo', 'Montevideo']",2,Iriondo; Montevideo,-32.9505233,-60.6720567,55.0,538.0,Municipio Rosario,Municipio,Rosario,820210,Servicio de Catastro e Información Territorial,IGN
2016,2562,2016-05-16,Lunes,0.0,15:00:00,,0.0,2,"Moto/Ciclomotor,Automóvil",E.Zeballos Y Iriondo,2,1,0,0,1,0,0,,Calle,,ROSARIO,Rosario,Asfalto,S/D,II,Dentro,Urbana,S/D,S/D,Intersección,S/D,Buena,Diurna,S/D,S/D,S/D,Colisión,S/D,S/D,S/D,S/D,POINT (-60.671761499999995 -32.9493534),"['Zeballos', 'Iriondo']",2,Zeballos; Iriondo,-32.9493534,-60.6717615,55.0,538.0,Municipio Rosario,Municipio,Rosario,820210,Servicio de Catastro e Información Territorial,IGN
2016,2564,2016-05-17,Martes,0.0,19:00:00,,0.0,2,"Automóvil,Peatón",Mendoza Y Av. Francia,2,1,0,0,1,0,0,,Calle,,ROSARIO,Rosario,S/D,S/D,II,Dentro,Urbana,S/D,S/D,S/D,S/D,Buena,Diurna,Buen Tiempo,S/D,Peatón,Atropello,S/D,S/D,S/D,S/D,POINT (-60.6668048 -32.946657849999994),"['Mendoza', 'Avenida Francia']",2,Mendoza; Avenida Francia,-32.946657849999994,-60.6668048,55.0,538.0,Municipio Rosario,Municipio,Rosario,820210,Servicio de Catastro e Información Territorial,IGN
2016,2568,2016-05-18,Miercoles,0.0,18:45:00,,0.0,2,"Automóvil,Bicicleta",Castellanos Y 9 De Julio,2,1,0,0,1,0,0,,Calle,,ROSARIO,Rosario,S/D,S/D,II,Dentro,Urbana,S/D,S/D,S/D,S/D,S/D,Atardecer,Buen Tiempo,S/D,Ciclista,Atropello,S/D,S/D,S/D,S/D,POINT (-60.6769591 -32.94722029999999),"['Aaron Castellanos', '9 de Julio']",2,Aaron Castellanos; 9 de Julio,-32.94722029999999,-60.6769591,55.0,538.0,Municipio Rosario,Municipio,Rosario,820210,Servicio de Catastro e Información Territorial,IGN
2016,2570,2016-05-09,Lunes,0.0,19:30:00,,0.0,2,"Automóvil,Bicicleta",San Luis Y Italia,2,1,0,0,1,0,0,,Calle,,ROSARIO,Rosario,Asfalto,Pavimento,II,Dentro,Urbana,Ninguna,No existe,Intersección,Bueno,Buena,Atardecer,Buen Tiempo,Lateral,Ciclista,Atropello,S/D,Horizontal,Cordón divisorio,Sin restricción,POINT (-60.648517399999996 -32.9472927),"['San Luis', 'Italia']",2,San Luis; Italia,-32.9472927,-60.6485174,55.0,538.0,Municipio Rosario,Municipio,Rosario,820210,Servicio de Catastro e Información Territorial,IGN
2016,2572,2016-05-10,Martes,0.0,23:30:00,,0.0,2,"Peatón,Automóvil",Paraguay Y 3 De Febrero,2,1,0,0,1,0,0,,Calle,,ROSARIO,Rosario,Asfalto,Pavimento,II,Dentro,Urbana,Paso Peatonal,No existe,Intersección,Bueno,Buena,Nocturna,Buen Tiempo,S/D,Peatón,Atropello,S/D,Horizontal,Cordón divisorio,Sin restricción,POINT (-60.6453207 -32.95177),"['Paraguay', '3 de Febrero']",2,Paraguay; 3 de Febrero,-32.95177,-60.6453207,55.0,538.0,Municipio Rosario,Municipio,Rosario,820210,Servicio de Catastro e Información Territorial,IGN
2016,2573,2016-05-21,Sabado,0.0,7:40:00,,0.0,1,Automóvil,Pueyrredon 1000,4,4,0,0,0,0,0,,Calle,,ROSARIO,Rosario,S/D,S/D,II,S/D,Urbana,S/D,S/D,S/D,S/D,S/D,Diurna,S/D,S/D,S/D,Vuelco,S/D,S/D,S/D,S/D,"-32.9454721, -60.6580556",['Pueyrredon 1000'],1,Pueyrredon 1000,-32.9454721,-60.6580556,55.0,538.0,Municipio Rosario,Municipio,Rosario,820210,Servicio de Catastro e Información Territorial,IGN
2016,2574,2016-05-10,Martes,0.0,18:35:00,,0.0,2,"Peatón,Taxi/Remis",San Luis Y Dorrego,2,1,0,0,1,0,0,,Calle,,ROSARIO,Rosario,Asfalto,Pavimento,II,Dentro,Urbana,Paso Peatonal,No existe,Intersección,Bueno,Buena,Atardecer,Buen Tiempo,S/D,Peatón,Atropello,S/D,Horizontal,Cordón divisorio,Sin restricción,POINT (-60.6498398 -32.9470618),"['San Luis', 'Dorrego']",2,San Luis; Manuel Dorrego,-32.9470618,-60.6498398,55.0,538.0,Municipio Rosario,Municipio,Rosario,820210,Servicio de Catastro e Información Territorial,IGN
2016,2575,2016-05-16,Lunes,0.0,17:30:00,,0.0,2,"Peatón,Camión",San Juan Y Balcarce,2,1,0,0,1,0,0,,Calle,,ROSARIO,Rosario,Asfalto,Pavimento,II,Dentro,Urbana,Marca Vial,No existe,Intersección,Bueno,Buena,Diurna,Buen Tiempo,S/D,Peatón,Atropello,S/D,Horizontal,Cordón divisorio,Sin restricción,POINT (-60.6528703 -32.947698),"['San Juan', 'Balcarce']",2,San Juan; Balcarce,-32.947698,-60.6528703,55.0,538.0,Municipio Rosario,Municipio,Rosario,820210,Servicio de Catastro e Información Territorial,IGN
2016,2576,2016-05-21,Sabado,0.0,20:00:00,,0.0,2,"Moto/Ciclomotor,Automóvil",Av. Pellegrini Y Gutenberg,2,1,0,0,1,0,0,,Calle,,ROSARIO,Rosario,S/D,S/D,II,S/D,Urbana,S/D,S/D,S/D,S/D,S/D,Nocturna,S/D,S/D,S/D,Colisión,S/D,S/D,S/D,S/D,POINT (-60.690030349999994 -32.94847924999999),"['Pellegrini', 'Gutenberg']",2,Avenida Carlos Pellegrini; Gutenberg,-32.94847924999999,-60.69003035,55.0,538.0,Municipio Rosario,Municipio,Rosario,820210,Servicio de Catastro e Información Territorial,IGN
2016,2577,2016-05-02,Lunes,0.0,,,0.0,2,"Bicicleta,Peatón",Bv. Oroño Y San Luis,2,1,0,0,1,0,0,,S/D,,ROSARIO,Rosario,Hormigón,S/D,II,Fuera,Urbana,Paso Peatonal,S/D,Otro,Bueno,Buena,Nocturna,Buen Tiempo,S/D,Peatón,Atropello,S/D,Horizontal,Cordón divisorio,Sin restricción,POINT (-60.6539474 -32.946329600000006),"['Bulevar Nicasio Oroño', 'San Luis']",2,Bulevar Nicasio Oroño; San Luis,-32.946329600000006,-60.6539474,55.0,538.0,Municipio Rosario,Municipio,Rosario,820210,Servicio de Catastro e Información Territorial,IGN
2016,2578,2016-05-16,Lunes,0.0,12:11:00,,0.0,2,"Automóvil,Peatón",Rioja Y Mariano Moreno,2,1,0,0,1,0,0,,Calle,,ROSARIO,Rosario,Asfalto,Pavimento,II,Dentro,Urbana,Marca Vial,No existe,Intersección,Bueno,Buena,Diurna,Buen Tiempo,Lateral,Peatón,Atropello,S/D,Horizontal,Cordón divisorio,Sin restricción,POINT (-60.6508717 -32.9453541),"['Rioja', 'Mariano Moreno']",2,Rioja; Mariano Moreno,-32.9453541,-60.6508717,55.0,538.0,Municipio Rosario,Municipio,Rosario,820210,Servicio de Catastro e Información Territorial,IGN
2016,2656,2016-05-20,Viernes,0.0,17:20:00,,0.0,2,"Moto/Ciclomotor,Automóvil",Bv. Wilde Y Av. Jorge Newbery,3,1,0,0,1,0,1,,Calle,,ROSARIO,Rosario,S/D,S/D,II,Dentro,Urbana,S/D,S/D,S/D,S/D,Buena,Diurna,S/D,S/D,S/D,Colisión,S/D,S/D,S/D,S/D,POINT (-60.73985405 -32.90873845),"['Bulevar Wilde', 'Jorge Newbery']",2,Bulevar Wilde; Avenida Jorge Newbery,-32.90873845,-60.73985405,55.0,538.0,Municipio Rosario,Municipio,Rosario,820210,Servicio de Catastro e Información Territorial,IGN
2016,2657,2016-05-16,Lunes,0.0,19:30:00,,0.0,2,"Moto/Ciclomotor,Peatón",Ayala Gauna Y Tarragona,3,2,0,0,0,0,1,,Calle,,ROSARIO,Rosario,Asfalto,S/D,II,Dentro,Urbana,S/D,S/D,Intersección,S/D,Buena,Diurna,S/D,S/D,Peatón,Atropello,S/D,S/D,S/D,S/D,POINT (-60.7352862 -32.9125474),"['Ayala Gauna', 'Tarragona']",2,Ayala Gauna; Tarragona,-32.9125474,-60.7352862,55.0,538.0,Municipio Rosario,Municipio,Rosario,820210,Servicio de Catastro e Información Territorial,IGN
2016,2658,2016-05-08,Domingo,0.0,,,0.0,2,"Moto/Ciclomotor,Automóvil",Av. Circunvalacion 1900,2,1,0,0,1,0,0,,Calle,,ROSARIO,Rosario,Asfalto,S/D,II,Dentro,Urbana,S/D,S/D,Recta,S/D,S/D,S/D,S/D,S/D,S/D,Colisión,S/D,S/D,S/D,S/D,"-32.9341145, -60.7229919",['Circunvalacion 1900'],1,Circunvalacion 1900,-32.9341145,-60.7229919,55.0,538.0,Municipio Rosario,Municipio,Rosario,820210,Servicio de Catastro e Información Territorial,IGN
2016,2686,2016-04-25,Lunes,0.0,20:30:00,,0.0,2,"Moto/Ciclomotor,Automóvil",Av. Jorge Newbery Y Donado,2,2,0,0,0,0,0,,S/D,,ROSARIO,Rosario,S/D,S/D,II,S/D,Urbana,S/D,S/D,S/D,S/D,S/D,Nocturna,S/D,S/D,S/D,Colisión,S/D,S/D,S/D,S/D,POINT (-60.728404966666666 -32.908371466666665),"['Jorge Newbery', 'Donado']",2,Avenida Jorge Newbery; José Agustín Donado,-32.908371466666665,-60.728404966666666,55.0,538.0,Municipio Rosario,Municipio,Rosario,820210,Servicio de Catastro e Información Territorial,IGN
2016,2701,2016-04-13,Miercoles,0.0,7:45:00,,0.0,2,"Transporte de Pasajeros Urbano (> 8 asientos),Moto/Ciclomotor",Av. Sorrento Y Bv. Rondeau,2,1,0,0,1,0,0,,Calle,,ROSARIO,Rosario,Asfalto,No existe,II,Dentro,Urbana,Semáforo,Funciona,Intersección,Bueno,Buena,Diurna,Buen Tiempo,Frontal,S/D,Colisión,S/D,Vertical,Ninguna,Sin restricción,POINT (-60.68858005 -32.90707667499999),"['Sorrento', 'Rondeau']",2,Avenida Sorrento; Bulevar General José Rondeau,-32.90707667499999,-60.68858005,55.0,538.0,Municipio Rosario,Municipio,Rosario,820210,Servicio de Catastro e Información Territorial,IGN
2016,2702,2016-04-04,Lunes,0.0,,,0.0,2,"Bicicleta,Automóvil",Pje. Alemania Y Iguazu,2,1,0,0,1,0,0,,Calle,,ROSARIO,Rosario,Asfalto,S/D,II,Dentro,Urbana,S/D,S/D,Intersección,S/D,S/D,S/D,S/D,S/D,Ciclista,Atropello,S/D,S/D,S/D,S/D,POINT (-60.6857685 -32.927618100000004),"['Alemania', 'Iguazu']",2,Alemania; Iguazú,-32.927618100000004,-60.6857685,55.0,538.0,Municipio Rosario,Municipio,Rosario,820210,Servicio de Catastro e Información Territorial,IGN
2016,2704,2016-04-19,Martes,0.0,0:10:00,,0.0,2,"Moto/Ciclomotor,Taxi/Remis",Av. Luis Carballo Y Velez Sarsfield,2,1,0,0,1,0,0,,Calle,,ROSARIO,Rosario,Asfalto,S/D,II,Dentro,Urbana,S/D,S/D,Intersección,S/D,S/D,Nocturna,S/D,S/D,S/D,Colisión,S/D,S/D,S/D,S/D,POINT (-60.66280744999999 -32.924634),"['Avenida Doctor Luis Cándido Carballo', 'Vélez Sarsfield']",2,Avenida Doctor Luis Cándido Carballo; Vélez Sarsfield,-32.924634,-60.66280744999999,55.0,538.0,Municipio Rosario,Municipio,Rosario,820210,Servicio de Catastro e Información Territorial,IGN
2016,2705,2016-04-11,Lunes,0.0,11:00:00,,0.0,2,"Automóvil,Moto/Ciclomotor",Salta 3100,2,1,0,0,1,0,0,,Calle,,ROSARIO,Rosario,Asfalto,No existe,II,Dentro,Urbana,Semáforo,Funciona,Recta,S/D,Buena,Diurna,Buen Tiempo,S/D,S/D,Colisión,S/D,Horizontal,Ninguna,Sin restricción,"-32.9345313, -60.663499",['Salta 3100'],1,Salta 3100,-32.9345313,-60.663499,55.0,538.0,Municipio Rosario,Municipio,Rosario,820210,Servicio de Catastro e Información Territorial,IGN
2016,2706,2016-04-29,Viernes,0.0,13:30:00,,0.0,2,"Automóvil,Moto/Ciclomotor",Av. Francia Y Tucuman,2,1,0,0,1,0,0,,Calle,,ROSARIO,Rosario,Asfalto,No existe,II,Dentro,Urbana,Ninguna,No existe,Recta,Bueno,Buena,Diurna,Buen Tiempo,S/D,S/D,Colisión,S/D,Faltante,Ninguna,Sin restricción,POINT (-60.66436195 -32.9369176),"['Avenida Francia', 'Tucumán']",2,Avenida Francia; Tucumán,-32.9369176,-60.66436195,55.0,538.0,Municipio Rosario,Municipio,Rosario,820210,Servicio de Catastro e Información Territorial,IGN
2016,2707,2016-04-02,Sabado,0.0,14:00:00,,0.0,2,"Pickup/Utilitario,Automóvil",Tucuman Y Crespo,2,1,0,0,1,0,0,,Calle,,ROSARIO,Rosario,S/D,No existe,II,Dentro,Urbana,Ninguna,No existe,Recta,S/D,Buena,Diurna,Buen Tiempo,S/D,S/D,Colisión,S/D,Faltante,Ninguna,Sin restricción,POINT (-60.6670974 -32.936399599999994),"['Tucumán', 'Crespo']",2,Tucumán; Crespo,-32.936399599999994,-60.6670974,55.0,538.0,Municipio Rosario,Municipio,Rosario,820210,Servicio de Catastro e Información Territorial,IGN
2016,2709,2016-04-21,Jueves,0.0,17:30:00,,0.0,2,"Transporte de Pasajeros Urbano (> 8 asientos),Peatón",Santa Fe Y Av. Francia,2,1,0,0,1,0,0,,Calle,,ROSARIO,Rosario,Asfalto,No existe,II,Dentro,Urbana,Semáforo,Funciona,Recta,Bueno,Buena,Diurna,Buen Tiempo,S/D,Peatón,Atropello,S/D,Vertical,Ninguna,Sin restricción,POINT (-60.66519785 -32.94019899999999),"['Santa Fe', 'Avenida Francia']",2,Santa Fe; Avenida Francia,-32.94019899999999,-60.66519785,55.0,538.0,Municipio Rosario,Municipio,Rosario,820210,Servicio de Catastro e Información Territorial,IGN
2016,2710,2016-04-26,Martes,0.0,18:00:00,,0.0,2,"Bicicleta,Automóvil",San Nicolas Y Tucuman,2,1,0,0,1,0,0,,Calle,,ROSARIO,Rosario,Asfalto,No existe,II,Dentro,Urbana,Ninguna,No existe,Recta,Bueno,Buena,Diurna,Buen Tiempo,S/D,S/D,Colisión,S/D,Faltante,Ninguna,Sin restricción,POINT (-60.6711576 -32.93566819999999),"['San Nicolás', 'Tucumán']",2,San Nicolás; Tucumán,-32.93566819999999,-60.6711576,55.0,538.0,Municipio Rosario,Municipio,Rosario,820210,Servicio de Catastro e Información Territorial,IGN
2016,2711,2016-04-11,Lunes,0.0,21:50:00,,0.0,2,"Automóvil,Moto/Ciclomotor",Casiano Casas Y F.Rauch,2,1,0,0,1,0,0,,Calle,,ROSARIO,Rosario,Asfalto,No existe,II,Dentro,Urbana,S/D,S/D,Intersección,Bueno,Buena,Nocturna,Buen Tiempo,Frontal,S/D,Colisión,S/D,Vertical,Ninguna,Sin restricción,POINT (-60.702759300000004 -32.90246145),"['Avenida Casiano Casas', 'Rauch']",2,Avenida Casiano Casas; Rauch,-32.90246145,-60.7027593,55.0,538.0,Municipio Rosario,Municipio,Rosario,820210,Servicio de Catastro e Información Territorial,IGN
2016,2712,2016-04-26,Martes,0.0,13:50:00,,0.0,2,"Moto/Ciclomotor,Automóvil",Washington Y Darragueira,2,1,0,0,1,0,0,,Calle,,ROSARIO,Rosario,Asfalto,No existe,II,Dentro,Urbana,Ninguna,No existe,Intersección,Bueno,Buena,Diurna,Buen Tiempo,S/D,S/D,Colisión,S/D,Horizontal,Ninguna,Sin restricción,POINT (-60.69286400000001 -32.9017565),"['Washington', 'José Darragueira']",2,Washington; José Darragueira,-32.9017565,-60.69286400000001,55.0,538.0,Municipio Rosario,Municipio,Rosario,820210,Servicio de Catastro e Información Territorial,IGN
2016,2714,2016-04-22,Viernes,0.0,16:45:00,,0.0,2,"Automóvil,Automóvil",Av. Sorrento Y F.Netri,3,1,0,0,2,0,0,,Calle,,ROSARIO,Rosario,Asfalto,No existe,II,Dentro,Urbana,Ninguna,No existe,Intersección,Bueno,Buena,Diurna,Buen Tiempo,Frontal,S/D,Colisión,S/D,Faltante,Ninguna,Sin restricción,POINT (-60.702044150000006 -32.90747655),"['Sorrento', 'Netri']",2,Avenida Sorrento; Netri,-32.90747655,-60.702044150000006,55.0,538.0,Municipio Rosario,Municipio,Rosario,820210,Servicio de Catastro e Información Territorial,IGN
2016,2715,2016-04-17,Domingo,0.0,12:40:00,,0.0,2,"Moto/Ciclomotor,Automóvil",Bv. Rondeau 100,5,2,0,0,3,0,0,,Calle,,ROSARIO,Rosario,Asfalto,No existe,II,Dentro,Urbana,Semáforo,Funciona,Recta,Bueno,Buena,Diurna,Buen Tiempo,Frontal,S/D,Colisión,S/D,"Horizontal,Vertical",Ninguna,Sin restricción,"-32.9140603, -60.6861994",['Rondeau 100'],1,Rondeau 100,-32.9140603,-60.6861994,55.0,538.0,Municipio Rosario,Municipio,Rosario,820210,Servicio de Catastro e Información Territorial,IGN