anio_acci,nro_acci,fecha,desc_dia,fecha_aprox,hora_aprox,desc_ruta,km,cant_participantes,desc_participante,calle_avenida_km,total,heridos_leves,heridos_graves,heridos_gravisimos,ilesos,fallecidos,sin_datos,posicion_XY,desc_tipo_via,desc_ruta_ori,desc_loc,desc_dpto,desc_tipo_calzada,desc_tipo_banquina,desc_unidad_regional,desc_lugar_calzada,desc_zona,desc_prioridad,desc_estado_semaforo,desc_lugar_via,desc_estado_via,desc_estado_visibilidad,desc_luminosidad,desc_estado_clima,desc_tipo_colision,desc_tipo_atropello,desc_tipo_hecho,desc_pres_calzada,desc_senializacion,desc_separacion_via,desc_restriccion,forma_geocod,calle_lista,numero_calles,calles_osm,lat,lon,index_right,gid,fna,gna,nam,in1,fdc,sag
2016,2757,2016-05-19,Jueves,0.0,11:30:00,,0.0,2,"Moto/Ciclomotor,Automóvil",Mar del Plata Y Humberto I,2,1,0,0,1,0,0,,Calle,,ROSARIO,Rosario,Asfalto,S/D,II,Dentro,Urbana,S/D,S/D,Intersección,S/D,S/D,Diurna,S/D,S/D,S/D,Colisión,S/D,S/D,S/D,Sin restricción,POINT (-60.68184320000001 -32.929623199999995),"['Mar del Plata', 'Humberto']",2,Mar del Plata; Humberto Primero,-32.929623199999995,-60.68184320000001,55.0,538.0,Municipio Rosario,Municipio,Rosario,820210,Servicio de Catastro e Información Territorial,IGN
2016,2760,2016-05-23,Lunes,0.0,12:50:00,,0.0,2,"Automóvil,Pickup/Utilitario",Junin Y Tte.Agneta,2,1,0,0,1,0,0,,Calle,,ROSARIO,Rosario,S/D,No existe,II,Dentro,Urbana,Ninguna,No existe,Intersección,S/D,Buena,Diurna,S/D,Lateral,S/D,Colisión,S/D,Faltante,Ninguna,Sin restricción,POINT (-60.70033130000001 -32.9272405),"['Junín', 'Teniente Agneta']",2,Junín; Teniente Agneta,-32.9272405,-60.70033130000001,55.0,538.0,Municipio Rosario,Municipio,Rosario,820210,Servicio de Catastro e Información Territorial,IGN
2016,2761,2016-05-21,Sabado,0.0,10:30:00,,0.0,2,"Automóvil,Moto/Ciclomotor",Solis Y French,2,1,0,0,1,0,0,,Calle,,ROSARIO,Rosario,S/D,No existe,II,Dentro,Urbana,Ninguna,No existe,Intersección,S/D,S/D,Diurna,S/D,Lateral,S/D,Colisión,Ninguna,Faltante,Ninguna,Sin restricción,POINT (-60.7041422 -32.92154200000001),"['Solis', 'French']",2,Juan Díaz de Solís; Domingo French,-32.92154200000001,-60.7041422,55.0,538.0,Municipio Rosario,Municipio,Rosario,820210,Servicio de Catastro e Información Territorial,IGN
2016,2762,2016-05-17,Martes,0.0,13:40:00,,0.0,2,"Moto/Ciclomotor,Automóvil",Derqui 7800,3,2,0,0,1,0,0,,Calle,,ROSARIO,Rosario,Asfalto,No existe,II,S/D,Urbana,Ninguna,No existe,Recta,Bueno,Buena,Diurna,Buen Tiempo,Lateral,S/D,Colisión,Ninguna,Faltante,S/D,Sin restricción,"-32.9384244, -60.7295917",['Derqui 7800'],1,Derqui 7800,-32.9384244,-60.7295917,55.0,538.0,Municipio Rosario,Municipio,Rosario,820210,Servicio de Catastro e Información Territorial,IGN
2016,2763,2016-05-26,Jueves,0.0,,,0.0,2,"Automóvil,Moto/Ciclomotor",Navarro 6100,2,1,0,0,1,0,0,,Calle,,ROSARIO,Rosario,S/D,No existe,II,Dentro,Urbana,Ninguna,S/D,Recta,S/D,S/D,S/D,Buen Tiempo,S/D,S/D,Colisión,S/D,Faltante,Ninguna,Sin restricción,"-32.9320139, -60.7308335",['Navarro 6100'],1,Navarro 6100,-32.9320139,-60.7308335,55.0,538.0,Municipio Rosario,Municipio,Rosario,820210,Servicio de Catastro e Información Territorial,IGN
2016,2764,2016-05-24,Martes,0.0,,,0.0,2,"Automóvil,Moto/Ciclomotor",Acevedo Bis Y La Republica,2,1,0,0,1,0,0,,Calle,,ROSARIO,Rosario,Asfalto,No existe,II,Dentro,Urbana,Ninguna,No existe,Intersección,Bueno,Buena,Diurna,Buen Tiempo,Lateral,S/D,Colisión,S/D,Faltante,Ninguna,Sin restricción,POINT (-60.748973400000004 -32.9195719),"['Acevedo', 'La República']",2,Manuel Acevedo; La República,-32.9195719,-60.7489734,55.0,538.0,Municipio Rosario,Municipio,Rosario,820210,Servicio de Catastro e Información Territorial,IGN
2016,2766,2016-05-23,Lunes,0.0,0:00:00,,0.0,2,"Pickup/Utilitario,Camión",Av. Circunvalacion 1000,3,2,0,0,1,0,0,,Avenida,,ROSARIO,Rosario,Asfalto,No existe,II,Dentro,Urbana,Semáforo,Funciona,S/D,Bueno,Buena,Nocturna,Buen Tiempo,Lateral,S/D,Colisión,S/D,Faltante,S/D,Sin restricción,"-32.9341145, -60.7229919",['Circunvalacion 1000'],1,Circunvalacion 1000,-32.9341145,-60.7229919,55.0,538.0,Municipio Rosario,Municipio,Rosario,820210,Servicio de Catastro e Información Territorial,IGN
2016,2768,2016-05-25,Miercoles,0.0,10:30:00,,0.0,2,"Automóvil,Automóvil",Amuchastegui 7700,4,3,0,0,1,0,0,,Calle,,ROSARIO,Rosario,Asfalto,No existe,II,Dentro,Urbana,Ninguna,No existe,S/D,Bueno,Buena,Diurna,Buen Tiempo,Lateral,S/D,Colisión,Ninguna,Faltante,S/D,Sin restricción,"-32.9422049, -60.73242",['Amuchastegui 7700'],1,Amuchastegui 7700,-32.9422049,-60.73242,55.0,538.0,Municipio Rosario,Municipio,Rosario,820210,Servicio de Catastro e Información Territorial,IGN
2016,2769,2016-05-02,Lunes,0.0,20:30:00,,0.0,2,"Taxi/Remis,Automóvil",Urquiza Y Dorrego,2,1,0,0,1,0,0,,Calle,,ROSARIO,Rosario,Asfalto,Pavimento,II,Dentro,Urbana,Ninguna,No existe,Intersección,Bueno,Buena,Nocturna,Buen Tiempo,De alcance,S/D,Colisión,S/D,Faltante,Ninguna,Sin restricción,POINT (-60.64830039999999 -32.9409883),"['Urquiza', 'Dorrego']",2,Justo José de Urquiza; Manuel Dorrego,-32.9409883,-60.64830039999999,55.0,538.0,Municipio Rosario,Municipio,Rosario,820210,Servicio de Catastro e Información Territorial,IGN
2016,2770,2016-05-10,Martes,0.0,14:20:00,,0.0,2,"Automóvil,Taxi/Remis",Paraguay Y San Lorenzo,3,1,0,0,2,0,0,,Calle,,ROSARIO,Rosario,Asfalto,Pavimento,II,Dentro,Urbana,Ninguna,No existe,Intersección,Bueno,Buena,Diurna,Buen Tiempo,De alcance,S/D,Colisión,S/D,Faltante,Ninguna,Sin restricción,POINT (-60.643162000000004 -32.9431566),"['Paraguay', 'San Lorenzo']",2,Paraguay; San Lorenzo,-32.9431566,-60.643162,55.0,538.0,Municipio Rosario,Municipio,Rosario,820210,Servicio de Catastro e Información Territorial,IGN
2016,2773,2016-05-03,Martes,0.0,1:30:00,,0.0,2,"Moto/Ciclomotor,Taxi/Remis",Bv. Oroño Y San Lorenzo,2,1,0,0,1,0,0,,Calle,,ROSARIO,Rosario,Hormigón,Pavimento,II,Dentro,Urbana,Semáforo,Funciona,Intersección,Bueno,Buena,Nocturna,Buen Tiempo,Frontal,S/D,Colisión,S/D,Vertical,Ninguna,Sin restricción,POINT (-60.652740599999994 -32.9414065),"['Bulevar Nicasio Oroño', 'San Lorenzo']",2,Bulevar Nicasio Oroño; San Lorenzo,-32.9414065,-60.6527406,55.0,538.0,Municipio Rosario,Municipio,Rosario,820210,Servicio de Catastro e Información Territorial,IGN
2016,2776,2016-05-06,Viernes,0.0,12:30:00,,0.0,2,"Peatón,Automóvil",Entre Rios Y Jujuy,2,1,0,0,1,0,0,,Calle,,ROSARIO,Rosario,Asfalto,Pavimento,II,Dentro,Urbana,Ninguna,No existe,Intersección,Bueno,Buena,Diurna,Buen Tiempo,S/D,Peatón,Atropello,S/D,Faltante,Ninguna,Sin restricción,POINT (-60.6388744 -32.9377395),"['Entre Ríos', 'Jujuy']",2,Entre Ríos; Jujuy,-32.9377395,-60.6388744,55.0,538.0,Municipio Rosario,Municipio,Rosario,820210,Servicio de Catastro e Información Territorial,IGN
2016,2778,2016-05-09,Lunes,0.0,12:00:00,,0.0,2,"Taxi/Remis,Moto/Ciclomotor",Sarmiento Y Santa Fe,2,1,0,0,1,0,0,,Calle,,ROSARIO,Rosario,Asfalto,Pavimento,II,Dentro,Urbana,Semáforo,Funciona,Intersección,Bueno,Buena,Diurna,Buen Tiempo,De alcance,S/D,Colisión,S/D,Vertical,Ninguna,Sin restricción,POINT (-60.6378673 -32.94513020000001),"['Sarmiento', 'Santa Fe']",2,Sarmiento; Santa Fe,-32.94513020000001,-60.6378673,55.0,538.0,Municipio Rosario,Municipio,Rosario,820210,Servicio de Catastro e Información Territorial,IGN
2016,2779,2016-05-10,Martes,0.0,12:30:00,,0.0,2,"Bicicleta,Taxi/Remis",Dorrego Y Tucuman,2,1,0,0,1,0,0,,Calle,,ROSARIO,Rosario,Hormigón,Pavimento,II,Dentro,Urbana,Ninguna,No existe,Intersección,Bueno,Buena,Diurna,Buen Tiempo,S/D,Ciclista,Atropello,S/D,Faltante,Ninguna,Sin restricción,POINT (-60.6479902 -32.939811699999986),"['Dorrego', 'Tucumán']",2,Manuel Dorrego; Tucumán,-32.939811699999986,-60.6479902,55.0,538.0,Municipio Rosario,Municipio,Rosario,820210,Servicio de Catastro e Información Territorial,IGN
2016,2780,2016-05-18,Miercoles,0.0,8:00:00,,0.0,2,"Taxi/Remis,Moto/Ciclomotor",Bv. Oroño Y Guemes,2,1,0,0,1,0,0,,Calle,,ROSARIO,Rosario,Asfalto,Pavimento,II,Dentro,Urbana,Semáforo,Funciona,Intersección,Bueno,Buena,Diurna,Buen Tiempo,S/D,S/D,Colisión,S/D,Vertical,Ninguna,Sin restricción,POINT (-60.6506482 -32.9332604),"['Bulevar Nicasio Oroño', 'Güemes']",2,Bulevar Nicasio Oroño; Güemes,-32.9332604,-60.6506482,55.0,538.0,Municipio Rosario,Municipio,Rosario,820210,Servicio de Catastro e Información Territorial,IGN
2016,2781,2016-05-16,Lunes,0.0,7:30:00,,0.0,2,"Automóvil,Moto/Ciclomotor",España Y Urquiza,2,1,0,0,1,0,0,,Calle,,ROSARIO,Rosario,Hormigón,Pavimento,II,Dentro,Urbana,Ninguna,No existe,Intersección,S/D,Buena,Diurna,Buen Tiempo,De alcance,S/D,Colisión,S/D,Faltante,Ninguna,Sin restricción,POINT (-60.6456136 -32.941480599999984),"['España', 'Urquiza']",2,España; Justo José de Urquiza,-32.941480599999984,-60.6456136,55.0,538.0,Municipio Rosario,Municipio,Rosario,820210,Servicio de Catastro e Información Territorial,IGN
2016,2782,2016-05-16,Lunes,0.0,20:00:00,,0.0,2,"Automóvil,Automóvil",Catamarca Y Mariano Moreno,3,1,0,0,2,0,0,,Calle,,ROSARIO,Rosario,Asfalto,S/D,II,Dentro,Urbana,Ninguna,S/D,Intersección,Bueno,Buena,Diurna,Buen Tiempo,De alcance,S/D,Colisión,S/D,Faltante,Ninguna,Sin restricción,POINT (-60.64912919999999 -32.93837429999999),"['Catamarca', 'Mariano Moreno']",2,Catamarca; Mariano Moreno,-32.93837429999999,-60.64912919999999,55.0,538.0,Municipio Rosario,Municipio,Rosario,820210,Servicio de Catastro e Información Territorial,IGN
2016,2783,2016-05-24,Martes,0.0,15:00:00,,0.0,2,"Taxi/Remis,Bicicleta",Bv. Oroño Y Tucuman,2,1,0,0,1,0,0,,Calle,,ROSARIO,Rosario,Hormigón,Pavimento,II,Dentro,Urbana,Ninguna,No existe,Intersección,Bueno,Buena,Diurna,Buen Tiempo,S/D,Ciclista,Atropello,S/D,Faltante,Ninguna,Sin restricción,POINT (-60.6521219 -32.9390762),"['Bulevar Nicasio Oroño', 'Tucumán']",2,Bulevar Nicasio Oroño; Tucumán,-32.9390762,-60.6521219,55.0,538.0,Municipio Rosario,Municipio,Rosario,820210,Servicio de Catastro e Información Territorial,IGN
2016,2803,2016-05-13,Viernes,0.0,,,0.0,2,"Transporte de Pasajeros Urbano (> 8 asientos),Moto/Ciclomotor",Bv. Wilde Y Navarro,2,1,0,0,1,0,0,,Calle,,ROSARIO,Rosario,Asfalto,No existe,II,Dentro,Urbana,Ninguna,No existe,Intersección,Bueno,Buena,Diurna,Buen Tiempo,Lateral,S/D,Colisión,Ninguna,Faltante,Ninguna,Sin restricción,POINT (-60.73879395 -32.93220219999999),"['Bulevar Wilde', 'Navarro']",2,Bulevar Wilde; Navarro,-32.93220219999999,-60.73879395,55.0,538.0,Municipio Rosario,Municipio,Rosario,820210,Servicio de Catastro e Información Territorial,IGN
2016,2823,2016-05-01,Domingo,0.0,12:30:00,,0.0,2,"Automóvil,Bicicleta",Rivarola ,2,0,0,0,0,0,2,,S/D,,ROSARIO,Rosario,Asfalto,No existe,II,S/D,Urbana,S/D,S/D,Intersección,Con baches,S/D,Diurna,S/D,S/D,Ciclista,Atropello,S/D,S/D,S/D,S/D,"-32.9920624, -60.6278173",['Rivarola'],1,Rivarola,-32.9920624,-60.6278173,55.0,538.0,Municipio Rosario,Municipio,Rosario,820210,Servicio de Catastro e Información Territorial,IGN
2016,2824,2016-05-04,Miercoles,0.0,17:20:00,,0.0,2,"Moto/Ciclomotor,Automóvil",Av. Eva Peron Y Camilo Aldao,2,1,0,0,1,0,0,,S/D,,ROSARIO,Rosario,Hormigón,No existe,II,Dentro,Urbana,Ninguna,No existe,Intersección,Bueno,Buena,Atardecer,Otro,Lateral,S/D,Colisión,Ninguna,Faltante,Ninguna,Sin restricción,POINT (-60.6961606 -32.9360486),"['Avenida Eva Perón', 'Camilo Aldao']",2,Avenida Eva Perón; Camilo Aldao,-32.9360486,-60.6961606,55.0,538.0,Municipio Rosario,Municipio,Rosario,820210,Servicio de Catastro e Información Territorial,IGN
2016,2825,2016-05-14,Sabado,0.0,21:00:00,,0.0,2,"Moto/Ciclomotor,Automóvil",Bv. 27 De Febrero Y Garzon,2,1,0,0,0,0,1,,S/D,,ROSARIO,Rosario,S/D,No existe,II,Dentro,Urbana,Ninguna,No existe,Intersección,Otro,Buena,Nocturna,Otro,Lateral,S/D,Colisión,Ninguna,Faltante,Ninguna,Sin restricción,POINT (-60.70492065 -32.95918209999999),"['27 de Febrero', 'Garzón']",2,Bulevar 27 de Febrero; Garzón,-32.95918209999999,-60.70492065,55.0,538.0,Municipio Rosario,Municipio,Rosario,820210,Servicio de Catastro e Información Territorial,IGN
2016,2827,2016-05-21,Sabado,0.0,12:00:00,,0.0,2,"Moto/Ciclomotor,Automóvil",Av. Pte.Peron Y Peru,2,1,0,0,1,0,0,,Calle,,ROSARIO,Rosario,Asfalto,No existe,II,Dentro,Urbana,Ninguna,No existe,Intersección,S/D,Buena,Diurna,Buen Tiempo,S/D,S/D,Colisión,S/D,Faltante,Ninguna,Sin restricción,POINT (-60.71033849999999 -32.9674002),"['Avenida Presidente Perón', 'Peru']",2,Avenida Presidente Perón; Perú,-32.9674002,-60.71033849999999,55.0,538.0,Municipio Rosario,Municipio,Rosario,820210,Servicio de Catastro e Información Territorial,IGN
2016,2828,2016-05-24,Martes,0.0,10:30:00,,0.0,2,"Moto/Ciclomotor,Automóvil",Ocampo Y P.L.Funes,2,1,0,0,1,0,0,,Calle,,ROSARIO,Rosario,Asfalto,No existe,II,Dentro,Urbana,S/D,No existe,Intersección,S/D,Reducida,Diurna,S/D,Lateral,S/D,Colisión,S/D,Faltante,Ninguna,Sin restricción,POINT (-60.7004733 -32.9577094),"['Ocampo', 'Funes']",2,Ocampo; Deán Gregorio Funes,-32.9577094,-60.7004733,55.0,538.0,Municipio Rosario,Municipio,Rosario,820210,Servicio de Catastro e Información Territorial,IGN
2016,2829,2016-05-23,Lunes,0.0,15:00:00,,0.0,2,"Bicicleta,Automóvil",Camilo Aldao Y Pasco,2,1,0,0,1,0,0,,Calle,,ROSARIO,Rosario,Asfalto,S/D,II,Dentro,Urbana,S/D,S/D,Intersección,Bueno,Buena,Diurna,Buen Tiempo,Lateral,Ciclista,Atropello,S/D,S/D,S/D,S/D,POINT (-60.6955377 -32.950518699999996),"['Camilo Aldao', 'Pasco']",2,Camilo Aldao; Pasco,-32.9505187,-60.6955377,55.0,538.0,Municipio Rosario,Municipio,Rosario,820210,Servicio de Catastro e Información Territorial,IGN
2016,2830,2016-05-23,Lunes,0.0,6:00:00,,0.0,2,"Moto/Ciclomotor,Automóvil",La Paz Y Bolivia,2,1,0,0,1,0,0,,Calle,,ROSARIO,Rosario,Asfalto,S/D,II,Dentro,Urbana,S/D,S/D,Intersección,Bueno,Buena,Amanecer,Buen Tiempo,Lateral,S/D,Colisión,S/D,S/D,S/D,Sin restricción,POINT (-60.713193100000005 -32.955771),"['La Paz', 'Bolivia']",2,La Paz; Bolivia,-32.955771,-60.713193100000005,55.0,538.0,Municipio Rosario,Municipio,Rosario,820210,Servicio de Catastro e Información Territorial,IGN
2016,2831,2016-05-18,Miercoles,0.0,18:00:00,,0.0,2,"Moto/Ciclomotor,Moto/Ciclomotor",Viamonte Y P.L.Funes,2,1,0,0,1,0,0,,Calle,,ROSARIO,Rosario,Asfalto,S/D,II,Dentro,Urbana,S/D,S/D,Intersección,Bueno,Buena,Diurna,Buen Tiempo,Lateral,S/D,Colisión,S/D,S/D,S/D,S/D,POINT (-60.7005144 -32.9566154),"['Viamonte', 'Funes']",2,Viamonte; Deán Gregorio Funes,-32.9566154,-60.7005144,55.0,538.0,Municipio Rosario,Municipio,Rosario,820210,Servicio de Catastro e Información Territorial,IGN
2016,2832,2016-05-12,Jueves,0.0,13:00:00,,0.0,2,"Moto/Ciclomotor,Automóvil",Av. Provincias Unidas Y Neuquen,2,1,0,0,1,0,0,,Calle,,ROSARIO,Rosario,Asfalto,S/D,II,Dentro,Urbana,S/D,S/D,Intersección,Bueno,S/D,Diurna,Buen Tiempo,Lateral,S/D,Colisión,S/D,S/D,S/D,S/D,POINT (-60.71241810000001 -32.944582350000005),"['Avenida Provincias Unidas', 'Neuquen']",2,Avenida Provincias Unidas; Neuquén,-32.944582350000005,-60.71241810000001,55.0,538.0,Municipio Rosario,Municipio,Rosario,820210,Servicio de Catastro e Información Territorial,IGN
2016,2833,2016-05-06,Viernes,0.0,8:00:00,,0.0,2,"Moto/Ciclomotor,Automóvil",Av. Provincias Unidas Y Derqui,2,1,0,0,1,0,0,,Calle,,ROSARIO,Rosario,Asfalto,S/D,II,Dentro,Urbana,S/D,S/D,Intersección,Bueno,Buena,Diurna,S/D,Lateral,S/D,Colisión,S/D,S/D,S/D,Sin restricción,POINT (-60.71271935 -32.93803875),"['Avenida Provincias Unidas', 'Derqui']",2,Avenida Provincias Unidas; Derqui,-32.93803875,-60.71271935,55.0,538.0,Municipio Rosario,Municipio,Rosario,820210,Servicio de Catastro e Información Territorial,IGN
2016,2834,2016-05-03,Martes,0.0,,,0.0,2,"Automóvil,Automóvil",Av. Uriburu 7600,2,2,0,0,0,0,0,,Calle,,ROSARIO,Rosario,Hormigón,S/D,II,Dentro,Urbana,S/D,S/D,Recta,S/D,S/D,S/D,S/D,S/D,S/D,Colisión,S/D,S/D,S/D,S/D,"-32.995369100000005, -60.693576086643915",['Uriburu 7600'],1,Uriburu 7600,-32.995369100000005,-60.69357608664392,55.0,538.0,Municipio Rosario,Municipio,Rosario,820210,Servicio de Catastro e Información Territorial,IGN
2016,2835,2016-05-16,Lunes,0.0,,,0.0,2,"Automóvil,Moto/Ciclomotor",Pje. 1736 ,2,1,0,0,0,0,1,,Calle,,ROSARIO,Rosario,Asfalto,S/D,II,Dentro,Urbana,S/D,S/D,Intersección,S/D,S/D,S/D,S/D,S/D,S/D,Colisión,S/D,S/D,S/D,S/D,"-32.9609701, -60.7245128",['Pasaje 1736'],1,Pasaje 1736,-32.9609701,-60.7245128,55.0,538.0,Municipio Rosario,Municipio,Rosario,820210,Servicio de Catastro e Información Territorial,IGN
2016,2836,2016-05-09,Lunes,0.0,,,0.0,2,"Moto/Ciclomotor,Otros",Bv. 27 De Febrero Y Nicaragua,3,2,0,0,0,0,1,,Calle,,ROSARIO,Rosario,S/D,S/D,II,Dentro,Urbana,S/D,S/D,Intersección,S/D,S/D,S/D,S/D,S/D,S/D,Colisión,S/D,S/D,S/D,S/D,POINT (-60.7198831 -32.959496200000004),"['27 de Febrero', 'Nicaragua']",2,Bulevar 27 de Febrero; Nicaragua,-32.959496200000004,-60.7198831,55.0,538.0,Municipio Rosario,Municipio,Rosario,820210,Servicio de Catastro e Información Territorial,IGN
2016,2837,2016-05-09,Lunes,0.0,,,0.0,2,"Moto/Ciclomotor,Peatón",Amenabar Y Av. Provincias Unidas,2,0,0,0,0,0,2,,Calle,,ROSARIO,Rosario,S/D,S/D,II,Dentro,Urbana,S/D,S/D,Intersección,S/D,S/D,S/D,S/D,S/D,Peatón,Atropello,S/D,S/D,S/D,S/D,POINT (-60.71163094999999 -32.96397379999999),"['Amenabar', 'Avenida Provincias Unidas']",2,José de Amenábar; Avenida Provincias Unidas,-32.96397379999999,-60.71163094999999,55.0,538.0,Municipio Rosario,Municipio,Rosario,820210,Servicio de Catastro e Información Territorial,IGN
2016,2838,2016-05-11,Miercoles,0.0,,,0.0,2,"Automóvil,Tractor",Rivarola ,2,0,0,0,1,0,1,,Calle,,ROSARIO,Rosario,S/D,S/D,II,Dentro,Urbana,S/D,S/D,Intersección,S/D,S/D,S/D,S/D,S/D,S/D,Colisión,S/D,S/D,S/D,S/D,"-32.9920624, -60.6278173",['Rivarola'],1,Rivarola,-32.9920624,-60.6278173,55.0,538.0,Municipio Rosario,Municipio,Rosario,820210,Servicio de Catastro e Información Territorial,IGN
2016,2840,2016-05-14,Sabado,0.0,,,0.0,2,"Automóvil,Moto/Ciclomotor",Rueda ,2,2,0,0,0,0,0,,Calle,,ROSARIO,Rosario,S/D,S/D,II,Dentro,Urbana,S/D,S/D,Intersección,S/D,S/D,S/D,S/D,S/D,S/D,Colisión,S/D,S/D,S/D,S/D,"-32.9642231, -60.6826187",['Rueda'],1,Rueda,-32.9642231,-60.6826187,55.0,538.0,Municipio Rosario,Municipio,Rosario,820210,Servicio de Catastro e Información Territorial,IGN
2016,2841,2016-05-15,Domingo,0.0,,,0.0,2,"Moto/Ciclomotor,Automóvil",Rivarola ,2,1,0,0,0,0,1,,Calle,,ROSARIO,Rosario,S/D,S/D,II,Dentro,Urbana,S/D,S/D,Intersección,S/D,S/D,S/D,S/D,S/D,S/D,Colisión,S/D,S/D,S/D,S/D,"-32.9920624, -60.6278173",['Rivarola'],1,Rivarola,-32.9920624,-60.6278173,55.0,538.0,Municipio Rosario,Municipio,Rosario,820210,Servicio de Catastro e Información Territorial,IGN
2016,3006,2016-05-04,Miercoles,0.0,13:00:00,,0.0,2,"Peatón,Tren",Alvear Y E.Zeballos,2,1,0,0,0,0,1,,Calle,,ROSARIO,Rosario,Asfalto,S/D,II,Dentro,Urbana,Ninguna,S/D,Recta,Bueno,S/D,Diurna,Buen Tiempo,S/D,Peatón,Atropello,S/D,S/D,Cordón divisorio,Sin restricción,POINT (-60.6568183 -32.9520403),"['Alvear', 'Zeballos']",2,Alvear; Zeballos,-32.9520403,-60.6568183,55.0,538.0,Municipio Rosario,Municipio,Rosario,820210,Servicio de Catastro e Información Territorial,IGN
2016,3009,2016-05-12,Jueves,0.0,,,0.0,2,"Bicicleta,Automóvil",9 De Julio 1600,2,1,0,0,1,0,0,,Calle,,ROSARIO,Rosario,Asfalto,Pavimento,II,Dentro,Urbana,Ninguna,No existe,Recta,Bueno,Buena,Diurna,Buen Tiempo,S/D,Ciclista,Atropello,S/D,Horizontal,Cordón divisorio,Sin restricción,"-32.9525968, -60.6468205",['9 De Julio 1600'],1,9 De Julio 1600,-32.9525968,-60.6468205,55.0,538.0,Municipio Rosario,Municipio,Rosario,820210,Servicio de Catastro e Información Territorial,IGN
2016,3010,2016-05-12,Jueves,0.0,13:49:00,,0.0,2,"Automóvil,Peatón",Av. Corrientes ,2,1,0,0,1,0,0,,Calle,,ROSARIO,Rosario,Asfalto,No existe,II,Dentro,Urbana,Ninguna,No existe,Recta,Bueno,Buena,Diurna,Buen Tiempo,S/D,Peatón,Atropello,S/D,Horizontal,Cordón divisorio,Sin restricción,"-32.9565562, -60.6450559",['Corrientes'],1,Corrientes,-32.9565562,-60.6450559,55.0,538.0,Municipio Rosario,Municipio,Rosario,820210,Servicio de Catastro e Información Territorial,IGN
2016,3012,2016-05-09,Lunes,0.0,9:10:00,,0.0,2,"Moto/Ciclomotor,Automóvil",Mariano Moreno 1600,3,1,0,0,2,0,0,,Calle,,ROSARIO,Rosario,Asfalto,Pavimento,II,Dentro,Urbana,Ninguna,S/D,Recta,Bueno,Buena,Diurna,Buen Tiempo,S/D,S/D,Colisión,S/D,Horizontal,Cordón divisorio,Sin restricción,"-32.953797, -60.6530887",['Mariano Moreno 1600'],1,Mariano Moreno 1600,-32.953797,-60.6530887,55.0,538.0,Municipio Rosario,Municipio,Rosario,820210,Servicio de Catastro e Información Territorial,IGN
2016,3014,2016-05-03,Martes,0.0,17:54:00,,0.0,1,Automóvil,E.Zeballos 1200,2,1,0,0,1,0,0,,Calle,,ROSARIO,Rosario,Asfalto,Pavimento,II,Dentro,Urbana,Semáforo,Funciona,Recta,Bueno,Reducida,Atardecer,Lluvia,S/D,S/D,Colisión,S/D,Vertical,Cordón divisorio,S/D,"-32.9577248, -60.6249701",['E Zeballos 1200'],1,E Zeballos 1200,-32.9577248,-60.6249701,55.0,538.0,Municipio Rosario,Municipio,Rosario,820210,Servicio de Catastro e Información Territorial,IGN
2016,3016,2016-05-07,Sabado,0.0,14:45:00,,0.0,2,"Automóvil,Automóvil",San Juan 1150,2,1,0,0,1,0,0,,Calle,,ROSARIO,Rosario,Asfalto,Pavimento,II,Dentro,Urbana,Marca Vial,S/D,Recta,Bueno,Buena,Diurna,Buen Tiempo,Lateral,S/D,Colisión,S/D,Horizontal,Cordón divisorio,Sin restricción,"-32.94998763601041, -60.63978479449028",['San Juan 1150'],1,San Juan 1150,-32.94998763601041,-60.63978479449028,55.0,538.0,Municipio Rosario,Municipio,Rosario,820210,Servicio de Catastro e Información Territorial,IGN
2016,3020,2016-05-14,Sabado,0.0,,,0.0,2,"Moto/Ciclomotor,Automóvil",Dorrego Y 3 De Febrero,3,2,0,0,1,0,0,,S/D,,ROSARIO,Rosario,Asfalto,Pavimento,II,Dentro,Urbana,Ninguna,No existe,Recta,Bueno,Buena,"Amanecer,Con luz artificial",Buen Tiempo,S/D,S/D,Colisión,S/D,Vertical,Cordón divisorio,Sin restricción,POINT (-60.65079089999999 -32.9508141),"['Dorrego', '3 de Febrero']",2,Manuel Dorrego; 3 de Febrero,-32.9508141,-60.65079089999999,55.0,538.0,Municipio Rosario,Municipio,Rosario,820210,Servicio de Catastro e Información Territorial,IGN
2016,3022,2016-05-23,Lunes,0.0,19:20:00,,0.0,3,"Automóvil,Automóvil,Automóvil",Av. Pellegrini Y Sarmiento,4,1,0,0,3,0,0,,Avenida,,ROSARIO,Rosario,Asfalto,Pavimento,II,Dentro,Urbana,Semáforo,S/D,S/D,Bueno,Buena,Atardecer,Buen Tiempo,Múltiple,S/D,Colisión,S/D,Vertical,Cordón divisorio,Sin restricción,POINT (-60.6408663 -32.95730775),"['Pellegrini', 'Sarmiento']",2,Avenida Carlos Pellegrini; Sarmiento,-32.95730775,-60.6408663,55.0,538.0,Municipio Rosario,Municipio,Rosario,820210,Servicio de Catastro e Información Territorial,IGN