anio_acci,nro_acci,fecha,desc_dia,fecha_aprox,hora_aprox,desc_ruta,km,cant_participantes,desc_participante,calle_avenida_km,total,heridos_leves,heridos_graves,heridos_gravisimos,ilesos,fallecidos,sin_datos,posicion_XY,desc_tipo_via,desc_ruta_ori,desc_loc,desc_dpto,desc_tipo_calzada,desc_tipo_banquina,desc_unidad_regional,desc_lugar_calzada,desc_zona,desc_prioridad,desc_estado_semaforo,desc_lugar_via,desc_estado_via,desc_estado_visibilidad,desc_luminosidad,desc_estado_clima,desc_tipo_colision,desc_tipo_atropello,desc_tipo_hecho,desc_pres_calzada,desc_senializacion,desc_separacion_via,desc_restriccion,forma_geocod,calle_lista,numero_calles,calles_osm,lat,lon,index_right,gid,fna,gna,nam,in1,fdc,sag
2016,3071,2016-05-29,Domingo,0.0,3:40:00,,0.0,2,"Taxi/Remis,Peatón",Rioja 700,2,1,0,0,1,0,0,,Calle,,ROSARIO,Rosario,Asfalto,S/D,VII,Dentro,Rural,S/D,S/D,Recta,Bueno,S/D,Nocturna,S/D,S/D,Peatón,Atropello,Material Suelto,S/D,Cordón divisorio,S/D,"-32.9487728, -60.6329349",['Rioja 700'],1,Rioja 700,-32.9487728,-60.6329349,55.0,538.0,Municipio Rosario,Municipio,Rosario,820210,Servicio de Catastro e Información Territorial,IGN
2016,3079,2016-05-25,Miercoles,0.0,21:30:00,,0.0,2,"Moto/Ciclomotor,Automóvil",Av. Pellegrini 900,2,1,0,0,1,0,0,,Calle,,ROSARIO,Rosario,Asfalto,S/D,II,Dentro,Urbana,Semáforo,S/D,Recta,Bueno,S/D,Nocturna,S/D,S/D,S/D,Colisión,S/D,S/D,Cordón divisorio,S/D,"-32.9577043, -60.6379933",['Pellegrini 900'],1,Pellegrini 900,-32.9577043,-60.6379933,55.0,538.0,Municipio Rosario,Municipio,Rosario,820210,Servicio de Catastro e Información Territorial,IGN
2016,3081,2016-05-21,Sabado,0.0,12:00:00,,0.0,2,"Peatón,Automóvil",Necochea Y 3 De Febrero,2,1,0,0,1,0,0,,Calle,,ROSARIO,Rosario,Asfalto,S/D,II,Dentro,Urbana,S/D,S/D,Intersección,Bueno,Buena,Diurna,Buen Tiempo,S/D,Peatón,Atropello,S/D,S/D,Cordón divisorio,S/D,POINT (-60.6257698 -32.955148699999995),"['Necochea', '3 de Febrero']",2,Necochea; 3 de Febrero,-32.955148699999995,-60.6257698,55.0,538.0,Municipio Rosario,Municipio,Rosario,820210,Servicio de Catastro e Información Territorial,IGN
2016,3085,2016-05-19,Jueves,0.0,13:30:00,,0.0,2,"Automóvil,Automóvil",Mendoza 1700,2,1,0,0,1,0,0,,Calle,,ROSARIO,Rosario,Asfalto,Pavimento,II,S/D,Urbana,Ninguna,S/D,Recta,Bueno,Buena,Diurna,Buen Tiempo,Contra objeto fijo,S/D,Colisión,S/D,Horizontal,Cordón divisorio,Sin restricción,"-32.9500215, -60.6476421",['Mendoza 1700'],1,Mendoza 1700,-32.9500215,-60.6476421,55.0,538.0,Municipio Rosario,Municipio,Rosario,820210,Servicio de Catastro e Información Territorial,IGN
2016,3088,2016-05-04,Miercoles,0.0,13:00:00,,0.0,2,"Automóvil,Taxi/Remis",E.Zeballos Y Alvear,2,1,0,0,1,0,0,,Calle,,ROSARIO,Rosario,Asfalto,Pavimento,II,Dentro,Urbana,Marca Vial,S/D,Recta,Bueno,Buena,Diurna,Buen Tiempo,S/D,S/D,Colisión,S/D,Faltante,Cordón divisorio,Sin restricción,POINT (-60.6568183 -32.9520403),"['Zeballos', 'Alvear']",2,Zeballos; Alvear,-32.9520403,-60.6568183,55.0,538.0,Municipio Rosario,Municipio,Rosario,820210,Servicio de Catastro e Información Territorial,IGN
2016,3091,2016-05-02,Lunes,0.0,10:50:00,,0.0,2,"Automóvil,Moto/Ciclomotor",Av. Pellegrini Y Balcarce,2,1,0,0,1,0,0,,Calle,,ROSARIO,Rosario,Asfalto,Pavimento,II,Dentro,Urbana,Semáforo,Funciona,Intersección,Bueno,Buena,Diurna,Buen Tiempo,Lateral,S/D,Colisión,S/D,Vertical,Cordón divisorio,Sin restricción,POINT (-60.6546869 -32.954829399999994),"['Pellegrini', 'Balcarce']",2,Avenida Carlos Pellegrini; Balcarce,-32.954829399999994,-60.6546869,55.0,538.0,Municipio Rosario,Municipio,Rosario,820210,Servicio de Catastro e Información Territorial,IGN
2016,3095,2016-05-09,Lunes,0.0,11:20:00,,0.0,2,"Automóvil,Peatón",E.Zeballos Y Italia,2,1,0,0,1,0,0,,Calle,,ROSARIO,Rosario,S/D,S/D,II,Dentro,Urbana,S/D,S/D,S/D,S/D,S/D,Diurna,S/D,Atropello animal,Peatón,Atropello,S/D,S/D,S/D,S/D,POINT (-60.650023 -32.95327000000001),"['Zeballos', 'Italia']",2,Zeballos; Italia,-32.95327000000001,-60.650023,55.0,538.0,Municipio Rosario,Municipio,Rosario,820210,Servicio de Catastro e Información Territorial,IGN
2016,3098,2016-05-06,Viernes,0.0,12:38:00,,0.0,2,"Peatón,Automóvil",3 De Febrero Y Mariano Moreno,2,1,0,0,1,0,0,,Calle,,ROSARIO,Rosario,Asfalto,S/D,II,Dentro,Urbana,Ninguna,No funciona,Recta,Bueno,Buena,Diurna,Buen Tiempo,S/D,Peatón,Atropello,S/D,Vertical,Cordón divisorio,Sin restricción,POINT (-60.6522175 -32.95056480000001),"['3 de Febrero', 'Mariano Moreno']",2,3 de Febrero; Mariano Moreno,-32.95056480000001,-60.6522175,55.0,538.0,Municipio Rosario,Municipio,Rosario,820210,Servicio de Catastro e Información Territorial,IGN
2016,3268,2016-06-03,Viernes,0.0,18:20:00,,0.0,2,"Automóvil,Bicicleta",Tucuman Y Av. Francia,2,1,0,0,1,0,0,,Calle,,ROSARIO,Rosario,Asfalto,No existe,II,Dentro,Urbana,Ninguna,No existe,Recta,S/D,Buena,Diurna,Buen Tiempo,S/D,Ciclista,Atropello,S/D,Faltante,Ninguna,Sin restricción,POINT (-60.66436195 -32.9369176),"['Tucumán', 'Avenida Francia']",2,Tucumán; Avenida Francia,-32.9369176,-60.66436195,55.0,538.0,Municipio Rosario,Municipio,Rosario,820210,Servicio de Catastro e Información Territorial,IGN
2016,3269,2016-06-05,Domingo,0.0,5:50:00,,0.0,2,"Moto/Ciclomotor,Taxi/Remis",Santa Fe Y Ricchieri,2,1,0,0,1,0,0,,Calle,,ROSARIO,Rosario,S/D,No existe,II,Dentro,Urbana,Semáforo,Funciona,Recta,S/D,Buena,Amanecer,Buen Tiempo,S/D,S/D,Colisión,S/D,Horizontal,Ninguna,Sin restricción,POINT (-60.6625073 -32.94067769999999),"['Santa Fe', 'Ricchieri']",2,Santa Fe; Ricchieri,-32.94067769999999,-60.6625073,55.0,538.0,Municipio Rosario,Municipio,Rosario,820210,Servicio de Catastro e Información Territorial,IGN
2016,3270,2016-06-05,Domingo,0.0,11:20:00,,0.0,2,"Automóvil,Automóvil",Urquiza Y Ricchieri,2,1,0,0,0,0,1,,Calle,,ROSARIO,Rosario,S/D,No existe,II,Dentro,Urbana,Ninguna,No existe,Recta,S/D,Buena,Diurna,Buen Tiempo,S/D,S/D,Colisión,S/D,Faltante,Ninguna,Sin restricción,POINT (-60.6619733 -32.9385564),"['Urquiza', 'Ricchieri']",2,Justo José de Urquiza; Ricchieri,-32.9385564,-60.6619733,55.0,538.0,Municipio Rosario,Municipio,Rosario,820210,Servicio de Catastro e Información Territorial,IGN
2016,3271,2016-06-06,Lunes,0.0,17:20:00,,0.0,2,"Automóvil,Moto/Ciclomotor",San Nicolas Y San Lorenzo,2,1,0,0,1,0,0,,Calle,,ROSARIO,Rosario,S/D,No existe,II,Dentro,Urbana,Ninguna,No existe,Recta,Bueno,Buena,Diurna,Buen Tiempo,S/D,S/D,Colisión,S/D,Faltante,Ninguna,Sin restricción,POINT (-60.67174630000001 -32.9380145),"['San Nicolás', 'San Lorenzo']",2,San Nicolás; San Lorenzo,-32.9380145,-60.67174630000001,55.0,538.0,Municipio Rosario,Municipio,Rosario,820210,Servicio de Catastro e Información Territorial,IGN
2016,3272,2016-06-13,Lunes,0.0,17:30:00,,0.0,2,"Pickup/Utilitario,Moto/Ciclomotor",Tucuman Y Av. Francia,2,1,0,0,1,0,0,,Calle,,ROSARIO,Rosario,Asfalto,No existe,II,Dentro,Urbana,Ninguna,No existe,Recta,Bueno,Buena,Diurna,Buen Tiempo,S/D,S/D,Colisión,S/D,S/D,Ninguna,Sin restricción,POINT (-60.66436195 -32.9369176),"['Tucumán', 'Avenida Francia']",2,Tucumán; Avenida Francia,-32.9369176,-60.66436195,55.0,538.0,Municipio Rosario,Municipio,Rosario,820210,Servicio de Catastro e Información Territorial,IGN
2016,3273,2016-06-14,Martes,0.0,18:30:00,,0.0,2,"Bicicleta,Automóvil",Salta Y Pueyrredon,2,1,0,0,1,0,0,,Calle,,ROSARIO,Rosario,Asfalto,No existe,II,Dentro,Urbana,Semáforo,Funciona,Recta,Bueno,Buena,Atardecer,Buen Tiempo,Frontal,Ciclista,Atropello,S/D,S/D,Ninguna,Sin restricción,POINT (-60.6556216 -32.93601499999999),"['Salta', 'Pueyrredón']",2,"('Salta', 'Pueyrredón')",-32.93601499999999,-60.6556216,55.0,538.0,Municipio Rosario,Municipio,Rosario,820210,Servicio de Catastro e Información Territorial,IGN
2016,3275,2016-06-15,Miercoles,0.0,9:00:00,,0.0,2,"Moto/Ciclomotor,Taxi/Remis",Catamarca Y Pueyrredon,2,1,0,0,1,0,0,,Calle,,ROSARIO,Rosario,Asfalto,No existe,II,Dentro,Urbana,Semáforo,Funciona,Recta,Bueno,Buena,Diurna,Buen Tiempo,De alcance,S/D,Colisión,S/D,S/D,Ninguna,Sin restricción,POINT (-60.6558961 -32.93715339999999),"['Catamarca', 'Pueyrredón']",2,Catamarca; Pueyrredón,-32.93715339999999,-60.6558961,55.0,538.0,Municipio Rosario,Municipio,Rosario,820210,Servicio de Catastro e Información Territorial,IGN
2016,3276,2016-06-16,Jueves,0.0,19:15:00,,0.0,2,"Automóvil,Taxi/Remis",Rivadavia Y Av. Ovidio Lagos,2,1,0,0,1,0,0,,Calle,,ROSARIO,Rosario,Asfalto,No existe,II,Dentro,Urbana,Semáforo,Funciona,Recta,Bueno,Buena,Diurna,Buen Tiempo,S/D,S/D,Colisión,S/D,S/D,Ninguna,Sin restricción,POINT (-60.672997499999994 -32.989899199999996),"['Rivadavia', 'Avenida Ovidio Lagos']",2,Avenida Bernardino Rivadavia; Avenida Ovidio Lagos,-32.9898992,-60.6729975,55.0,538.0,Municipio Rosario,Municipio,Rosario,820210,Servicio de Catastro e Información Territorial,IGN
2016,3277,2016-06-17,Viernes,0.0,14:45:00,,0.0,2,"Bicicleta,Pickup/Utilitario",Santa Fe 2600,2,1,0,0,1,0,0,,Calle,,ROSARIO,Rosario,Asfalto,No existe,II,Dentro,Urbana,Ninguna,No existe,Recta,Bueno,Buena,Diurna,Buen Tiempo,S/D,Ciclista,Atropello,S/D,Faltante,Ninguna,Sin restricción,"-32.9413612, -60.6581695",['Santa Fe 2600'],1,Santa Fe 2600,-32.9413612,-60.6581695,55.0,538.0,Municipio Rosario,Municipio,Rosario,820210,Servicio de Catastro e Información Territorial,IGN
2016,3279,2016-06-16,Jueves,0.0,9:45:00,,0.0,2,"Moto/Ciclomotor,Automóvil",Junin Y Av. Francia,2,1,0,0,1,0,0,,Calle,,ROSARIO,Rosario,Asfalto,S/D,II,S/D,Urbana,S/D,S/D,Intersección,S/D,S/D,Diurna,S/D,S/D,S/D,Colisión,S/D,S/D,S/D,S/D,POINT (-60.66176205 -32.92653675000001),"['Junín', 'Avenida Francia']",2,Junín; Avenida Francia,-32.92653675000001,-60.66176205,55.0,538.0,Municipio Rosario,Municipio,Rosario,820210,Servicio de Catastro e Información Territorial,IGN
2016,3280,2016-06-12,Domingo,0.0,3:00:00,,0.0,2,"Automóvil,Automóvil",Junin Y Suiza,4,2,0,0,2,0,0,,Calle,,ROSARIO,Rosario,Asfalto,S/D,II,S/D,S/D,S/D,S/D,Intersección,S/D,S/D,Nocturna,S/D,S/D,S/D,Colisión,S/D,S/D,S/D,S/D,POINT (-60.6876273 -32.926874299999994),"['Junín', 'Suiza']",2,Junín; Suiza,-32.926874299999994,-60.6876273,55.0,538.0,Municipio Rosario,Municipio,Rosario,820210,Servicio de Catastro e Información Territorial,IGN
2016,3281,2016-06-18,Sabado,0.0,6:00:00,,0.0,2,"Automóvil,Automóvil",Av. Ovidio Lagos Y Catamarca,2,1,0,0,1,0,0,,Calle,,ROSARIO,Rosario,Hormigón,No existe,II,Dentro,Urbana,Semáforo,Funciona,Recta,S/D,Buena,Amanecer,Buen Tiempo,S/D,S/D,Colisión,S/D,Horizontal,Ninguna,Sin restricción,POINT (-60.65998750000001 -32.9364253),"['Avenida Ovidio Lagos', 'Catamarca']",2,Avenida Ovidio Lagos; Catamarca,-32.9364253,-60.65998750000001,55.0,538.0,Municipio Rosario,Municipio,Rosario,820210,Servicio de Catastro e Información Territorial,IGN
2016,3282,2016-06-19,Domingo,0.0,8:20:00,,0.0,1,Automóvil,Ing.Thedy Bis Y Pje. Vertiz Bis,2,2,0,0,0,0,0,,Calle,,ROSARIO,Rosario,Asfalto,S/D,II,Dentro,Urbana,S/D,S/D,Intersección,S/D,S/D,Diurna,S/D,Contra objeto fijo,S/D,Colisión,S/D,S/D,S/D,S/D,POINT (-60.665701000000006 -32.925761599999994),"['Thedy', 'Vertiz']",2,Héctor Thedy; Vertiz y Salcedo,-32.925761599999994,-60.665701000000006,55.0,538.0,Municipio Rosario,Municipio,Rosario,820210,Servicio de Catastro e Información Territorial,IGN
2016,3283,2016-06-21,Martes,0.0,19:50:00,,0.0,2,"Moto/Ciclomotor,Moto/Ciclomotor",Rodriguez 500,2,1,0,0,1,0,0,,Calle,,ROSARIO,Rosario,Asfalto,No existe,II,Dentro,Urbana,Ninguna,No existe,Recta,S/D,Buena,Diurna,Buen Tiempo,S/D,S/D,Colisión,S/D,Faltante,Ninguna,Sin restricción,"-32.9639163, -60.6640323",['Rodriguez 500'],1,Rodriguez 500,-32.9639163,-60.6640323,55.0,538.0,Municipio Rosario,Municipio,Rosario,820210,Servicio de Catastro e Información Territorial,IGN
2016,3285,2016-06-22,Miercoles,0.0,15:45:00,,0.0,2,"Moto/Ciclomotor,Automóvil",Rodriguez Y Guemes,2,1,0,0,1,0,0,,Calle,,ROSARIO,Rosario,S/D,No existe,II,Dentro,Urbana,Ninguna,No existe,Recta,S/D,Buena,Diurna,Buen Tiempo,S/D,S/D,Colisión,S/D,Faltante,Ninguna,Sin restricción,POINT (-60.6560836 -32.9322852),"['Rodríguez', 'Güemes']",2,Rodríguez de Escobedo; Güemes,-32.9322852,-60.6560836,55.0,538.0,Municipio Rosario,Municipio,Rosario,820210,Servicio de Catastro e Información Territorial,IGN
2016,3286,2016-06-29,Miercoles,0.0,17:00:00,,0.0,2,"Moto/Ciclomotor,Automóvil",Tucuman Y Lavalle,2,1,0,0,1,0,0,,Calle,,ROSARIO,Rosario,S/D,No existe,II,Dentro,Urbana,Ninguna,No existe,Recta,S/D,Buena,Diurna,Buen Tiempo,S/D,S/D,Colisión,S/D,Faltante,Ninguna,Sin restricción,POINT (-60.67658000000001 -32.934695299999994),"['Tucumán', 'Lavalle']",2,Tucumán; Lavalle,-32.934695299999994,-60.67658000000001,55.0,538.0,Municipio Rosario,Municipio,Rosario,820210,Servicio de Catastro e Información Territorial,IGN
2016,3287,2016-06-13,Lunes,0.0,10:00:00,,0.0,2,"Moto/Ciclomotor,Automóvil",Albert Sabin Y Velez Sarsfield,3,1,0,0,0,0,2,,Calle,,ROSARIO,Rosario,Asfalto,S/D,II,Dentro,Urbana,S/D,S/D,Intersección,S/D,S/D,Diurna,S/D,S/D,S/D,Inmersión,S/D,S/D,S/D,S/D,POINT (-60.6821659 -32.92505235),"['Avenida Travesía Albert Sabin', 'Vélez Sarsfield']",2,Avenida Travesía Albert Sabin; Vélez Sarsfield,-32.92505235,-60.6821659,55.0,538.0,Municipio Rosario,Municipio,Rosario,820210,Servicio de Catastro e Información Territorial,IGN
2016,3291,2016-06-01,Miercoles,0.0,13:30:00,,0.0,1,Transporte de Pasajeros Urbano (> 8 asientos),Humberto I Y Alberdi,1,1,0,0,0,0,0,,Calle,,ROSARIO,Rosario,Asfalto,S/D,II,Dentro,Urbana,S/D,S/D,Intersección,S/D,S/D,Diurna,S/D,S/D,S/D,S/D,S/D,S/D,S/D,S/D,POINT (-60.6743646 -32.92936929999999),"['Humberto', 'Alberdi']",2,Humberto Primero; Avenida Alberdi,-32.92936929999999,-60.6743646,55.0,538.0,Municipio Rosario,Municipio,Rosario,820210,Servicio de Catastro e Información Territorial,IGN
2016,3294,2016-06-06,Lunes,0.0,10:50:00,,0.0,2,"Automóvil,Automóvil",Junin 1600,3,2,0,0,0,0,1,,Calle,,ROSARIO,Rosario,Asfalto,S/D,II,Dentro,Urbana,S/D,S/D,Recta,S/D,S/D,Diurna,S/D,S/D,S/D,Colisión,S/D,S/D,S/D,S/D,"-32.9267842, -60.6859439",['Junin 1600'],1,Junin 1600,-32.9267842,-60.6859439,55.0,538.0,Municipio Rosario,Municipio,Rosario,820210,Servicio de Catastro e Información Territorial,IGN
2016,3296,2016-06-06,Lunes,0.0,12:00:00,,0.0,2,"Automóvil,Cuatriciclo",Av. Luis Carballo Y Bv. Avellaneda,3,1,0,0,0,0,2,,Avenida,,ROSARIO,Rosario,Asfalto,S/D,II,Dentro,Urbana,S/D,S/D,Intersección,S/D,S/D,Diurna,S/D,S/D,S/D,Colisión,S/D,S/D,S/D,S/D,POINT (-60.674817000000004 -32.9219776),"['Avenida Doctor Luis Cándido Carballo', 'Avellaneda']",2,Avenida Doctor Luis Cándido Carballo; Bulevar Nicolás Avellaneda,-32.9219776,-60.674817,55.0,538.0,Municipio Rosario,Municipio,Rosario,820210,Servicio de Catastro e Información Territorial,IGN
2016,3300,2016-06-13,Lunes,0.0,8:45:00,,0.0,2,"Pickup/Utilitario,Moto/Ciclomotor",Gorriti Y Barra,2,0,0,0,0,0,2,,Calle,,ROSARIO,Rosario,Asfalto,No existe,II,Dentro,Urbana,S/D,No existe,Intersección,S/D,Buena,Diurna,S/D,De alcance,S/D,Colisión,S/D,Faltante,S/D,S/D,POINT (-60.707492300000006 -32.9242067),"['Gorriti', 'Barra']",2,Gorriti; Barraco,-32.9242067,-60.707492300000006,55.0,538.0,Municipio Rosario,Municipio,Rosario,820210,Servicio de Catastro e Información Territorial,IGN
2016,3301,2016-06-23,Jueves,0.0,,,0.0,2,"Automóvil,Pickup/Utilitario",Junin Y Tte.Agneta,2,1,0,0,0,0,1,,Calle,,ROSARIO,Rosario,Asfalto,Pavimento,II,Dentro,Urbana,Ninguna,Funciona,Intersección,Bueno,Buena,Diurna,Buen Tiempo,Lateral,S/D,Colisión,S/D,S/D,Línea divisoria pintada,Accidente Previo,POINT (-60.70033130000001 -32.9272405),"['Junín', 'Teniente Agneta']",2,Junín; Teniente Agneta,-32.9272405,-60.70033130000001,55.0,538.0,Municipio Rosario,Municipio,Rosario,820210,Servicio de Catastro e Información Territorial,IGN
2016,3303,2016-06-18,Sabado,0.0,0:15:00,,0.0,2,"Peatón,Moto/Ciclomotor",Pje. 1754 2000,2,1,0,0,1,0,0,,Calle,,ROSARIO,Rosario,Asfalto,No existe,II,Dentro,Urbana,Ninguna,No existe,S/D,Bueno,Reducida,Nocturna,Buen Tiempo,S/D,Peatón,Atropello,S/D,Faltante,S/D,Sin restricción,"-32.9533708, -60.7262126",['Pasaje 1754 2000'],1,Pasaje 1754 2000,-32.9533708,-60.7262126,55.0,538.0,Municipio Rosario,Municipio,Rosario,820210,Servicio de Catastro e Información Territorial,IGN
2016,3356,2016-06-23,Jueves,0.0,0:10:00,,0.0,2,"Automóvil,Automóvil",Bv. Avellaneda Y San Juan,3,1,0,0,2,0,0,,Avenida,,ROSARIO,Rosario,Asfalto,S/D,II,Dentro,Urbana,S/D,S/D,S/D,S/D,S/D,S/D,S/D,S/D,S/D,Colisión,S/D,S/D,S/D,S/D,POINT (-60.680076299999996 -32.94284435),"['Avellaneda', 'San Juan']",2,Bulevar Nicolás Avellaneda; San Juan,-32.94284435,-60.6800763,55.0,538.0,Municipio Rosario,Municipio,Rosario,820210,Servicio de Catastro e Información Territorial,IGN
2016,3359,2016-06-11,Sabado,0.0,11:30:00,,0.0,2,"Moto/Ciclomotor,Automóvil",Av. Ovidio Lagos Y Rioja,2,1,0,0,0,0,1,,S/D,,ROSARIO,Rosario,Asfalto,S/D,II,Dentro,Urbana,S/D,S/D,S/D,S/D,S/D,S/D,S/D,S/D,S/D,S/D,S/D,S/D,S/D,S/D,POINT (-60.661744600000006 -32.943415499999986),"['Avenida Ovidio Lagos', 'Rioja']",2,Avenida Ovidio Lagos; Rioja,-32.943415499999986,-60.661744600000006,55.0,538.0,Municipio Rosario,Municipio,Rosario,820210,Servicio de Catastro e Información Territorial,IGN
2016,3361,2016-06-18,Sabado,0.0,16:30:00,,0.0,2,"Automóvil,Automóvil",Bv. Avellaneda Y 9 De Julio,3,2,0,0,1,0,0,,Avenida,,ROSARIO,Rosario,Asfalto,S/D,II,Dentro,Urbana,S/D,S/D,S/D,S/D,S/D,S/D,S/D,S/D,S/D,Colisión,S/D,S/D,S/D,S/D,POINT (-60.680971 -32.946485599999995),"['Avellaneda', '9 de Julio']",2,Bulevar Nicolás Avellaneda; 9 de Julio,-32.946485599999995,-60.680971,55.0,538.0,Municipio Rosario,Municipio,Rosario,820210,Servicio de Catastro e Información Territorial,IGN
2016,3363,2016-06-19,Domingo,0.0,4:30:00,,0.0,1,Moto/Ciclomotor,Parana Y Mendoza,2,1,0,0,1,0,0,,Calle,,ROSARIO,Rosario,Asfalto,S/D,II,Dentro,Urbana,S/D,S/D,S/D,S/D,S/D,S/D,S/D,S/D,S/D,Colisión,S/D,S/D,S/D,S/D,POINT (-60.69255820000001 -32.94205654999999),"['Paraná', 'Mendoza']",2,Paraná; Mendoza,-32.94205654999999,-60.69255820000001,55.0,538.0,Municipio Rosario,Municipio,Rosario,820210,Servicio de Catastro e Información Territorial,IGN
2016,3366,2016-06-16,Jueves,0.0,22:20:00,,0.0,2,"Taxi/Remis,Automóvil",San Juan Y Suipacha,4,2,0,0,2,0,0,,Calle,,ROSARIO,Rosario,Asfalto,S/D,II,Dentro,Urbana,S/D,S/D,S/D,S/D,S/D,S/D,S/D,S/D,S/D,Colisión,S/D,S/D,S/D,S/D,POINT (-60.6651091 -32.94550539999999),"['San Juan', 'Suipacha']",2,San Juan; Suipacha,-32.94550539999999,-60.6651091,55.0,538.0,Municipio Rosario,Municipio,Rosario,820210,Servicio de Catastro e Información Territorial,IGN
2016,3369,2016-06-18,Sabado,0.0,4:30:00,,0.0,2,"Automóvil,Automóvil",Santa Fe Y Suipacha,3,2,0,0,1,0,0,,Calle,,ROSARIO,Rosario,Asfalto,S/D,II,Dentro,Urbana,S/D,S/D,S/D,S/D,S/D,S/D,S/D,S/D,S/D,Colisión,S/D,S/D,S/D,S/D,POINT (-60.6638496 -32.94044770000001),"['Santa Fe', 'Suipacha']",2,Santa Fe; Suipacha,-32.94044770000001,-60.6638496,55.0,538.0,Municipio Rosario,Municipio,Rosario,820210,Servicio de Catastro e Información Territorial,IGN
2016,3370,2016-06-25,Sabado,0.0,13:00:00,,0.0,2,"Pickup/Utilitario,Moto/Ciclomotor",Montevideo Y Carriego,3,2,0,0,1,0,0,,Calle,,ROSARIO,Rosario,Asfalto,S/D,II,Dentro,Urbana,S/D,S/D,Intersección,S/D,S/D,Diurna,S/D,S/D,S/D,Colisión,S/D,S/D,S/D,S/D,POINT (-60.6911076 -32.94711439999999),"['Montevideo', 'Carriego']",2,Montevideo; Carriego,-32.94711439999999,-60.6911076,55.0,538.0,Municipio Rosario,Municipio,Rosario,820210,Servicio de Catastro e Información Territorial,IGN
2016,3371,2016-06-25,Sabado,0.0,13:55:00,,0.0,2,"Moto/Ciclomotor,Automóvil",Lima Y E.Zeballos,2,1,0,0,1,0,0,,Calle,,ROSARIO,Rosario,Asfalto,S/D,II,Dentro,Urbana,S/D,S/D,Intersección,S/D,S/D,Diurna,S/D,S/D,S/D,Colisión,S/D,S/D,S/D,S/D,POINT (-60.6853927 -32.9469522),"['Lima', 'Zeballos']",2,Lima; Zeballos,-32.9469522,-60.6853927,55.0,538.0,Municipio Rosario,Municipio,Rosario,820210,Servicio de Catastro e Información Territorial,IGN
2016,3372,2016-06-24,Viernes,0.0,,,0.0,2,"Moto/Ciclomotor,Automóvil",San Juan Y Vera Mujica,2,1,0,0,1,0,0,,Calle,,ROSARIO,Rosario,Asfalto,S/D,II,Dentro,Urbana,S/D,S/D,Intersección,S/D,S/D,S/D,S/D,S/D,S/D,Colisión,S/D,S/D,S/D,S/D,POINT (-60.6678428 -32.94501609999999),"['San Juan', 'Vera Mujíca']",2,San Juan; Vera Mujíca,-32.94501609999999,-60.6678428,55.0,538.0,Municipio Rosario,Municipio,Rosario,820210,Servicio de Catastro e Información Territorial,IGN
2016,3373,2016-06-20,Lunes,0.0,3:30:00,,0.0,2,"Automóvil,Automóvil",San Luis Y Pueyrredon,2,1,0,0,1,0,0,,Calle,,ROSARIO,Rosario,Asfalto,S/D,II,Dentro,Urbana,S/D,S/D,S/D,S/D,S/D,S/D,S/D,S/D,S/D,Colisión,S/D,S/D,S/D,S/D,POINT (-60.6580233 -32.945603899999995),"['San Luis', 'Pueyrredón']",2,San Luis; Pueyrredón,-32.945603899999995,-60.6580233,55.0,538.0,Municipio Rosario,Municipio,Rosario,820210,Servicio de Catastro e Información Territorial,IGN
2016,3374,2016-06-20,Lunes,0.0,11:20:00,,0.0,3,"Automóvil,Automóvil,Automóvil",San Juan Y Iriondo,5,1,0,0,4,0,0,,Calle,,ROSARIO,Rosario,Asfalto,S/D,II,Dentro,Urbana,S/D,S/D,S/D,S/D,S/D,S/D,S/D,S/D,S/D,Colisión,S/D,S/D,S/D,S/D,POINT (-60.6705496 -32.94453),"['San Juan', 'Iriondo']",2,San Juan; Iriondo,-32.94453,-60.6705496,55.0,538.0,Municipio Rosario,Municipio,Rosario,820210,Servicio de Catastro e Información Territorial,IGN
2016,3375,2016-06-21,Martes,0.0,8:45:00,,0.0,2,"Taxi/Remis,Peatón",Montevideo 4800,2,1,0,0,1,0,0,,S/D,,ROSARIO,Rosario,Asfalto,S/D,II,Dentro,Urbana,S/D,S/D,S/D,S/D,S/D,S/D,S/D,S/D,Peatón,Atropello,S/D,S/D,S/D,S/D,"-32.9471167, -60.6909208",['Montevideo 4800'],1,Montevideo 4800,-32.9471167,-60.6909208,55.0,538.0,Municipio Rosario,Municipio,Rosario,820210,Servicio de Catastro e Información Territorial,IGN
2016,3376,2016-06-03,Viernes,0.0,8:20:00,,0.0,2,"Automóvil,Moto/Ciclomotor",9 De Julio Y Iriondo,2,1,0,0,1,0,0,,Calle,,ROSARIO,Rosario,Asfalto,S/D,II,Dentro,Urbana,S/D,S/D,S/D,S/D,S/D,S/D,S/D,S/D,S/D,Colisión,S/D,S/D,S/D,S/D,POINT (-60.6714766 -32.9482239),"['9 de Julio', 'Iriondo']",2,9 de Julio; Iriondo,-32.9482239,-60.6714766,55.0,538.0,Municipio Rosario,Municipio,Rosario,820210,Servicio de Catastro e Información Territorial,IGN
2016,3385,2016-06-02,Jueves,0.0,20:15:00,,0.0,2,"Automóvil,Peatón",Mendoza Y Gutenberg,2,1,0,0,1,0,0,,Calle,,ROSARIO,Rosario,Asfalto,S/D,II,Dentro,Urbana,S/D,S/D,S/D,S/D,S/D,S/D,S/D,S/D,Peatón,Atropello,S/D,S/D,S/D,S/D,POINT (-60.68857770000001 -32.94277249999998),"['Mendoza', 'Gutenberg']",2,Mendoza; Gutenberg,-32.94277249999998,-60.68857770000001,55.0,538.0,Municipio Rosario,Municipio,Rosario,820210,Servicio de Catastro e Información Territorial,IGN
2016,3386,2016-06-09,Jueves,0.0,7:50:00,,0.0,2,"Bicicleta,Taxi/Remis",Av. Pellegrini Y Pueyrredon,2,1,0,0,1,0,0,,S/D,,ROSARIO,Rosario,Asfalto,S/D,II,Dentro,Urbana,S/D,S/D,S/D,S/D,S/D,S/D,S/D,S/D,Ciclista,Atropello,S/D,S/D,S/D,S/D,POINT (-60.66011240000001 -32.95378149999999),"['Pellegrini', 'Pueyrredón']",2,Avenida Carlos Pellegrini; Pueyrredón,-32.95378149999999,-60.66011240000001,55.0,538.0,Municipio Rosario,Municipio,Rosario,820210,Servicio de Catastro e Información Territorial,IGN