anio_acci,nro_acci,fecha,desc_dia,fecha_aprox,hora_aprox,desc_ruta,km,cant_participantes,desc_participante,calle_avenida_km,total,heridos_leves,heridos_graves,heridos_gravisimos,ilesos,fallecidos,sin_datos,posicion_XY,desc_tipo_via,desc_ruta_ori,desc_loc,desc_dpto,desc_tipo_calzada,desc_tipo_banquina,desc_unidad_regional,desc_lugar_calzada,desc_zona,desc_prioridad,desc_estado_semaforo,desc_lugar_via,desc_estado_via,desc_estado_visibilidad,desc_luminosidad,desc_estado_clima,desc_tipo_colision,desc_tipo_atropello,desc_tipo_hecho,desc_pres_calzada,desc_senializacion,desc_separacion_via,desc_restriccion,forma_geocod,calle_lista,numero_calles,calles_osm,lat,lon,index_right,gid,fna,gna,nam,in1,fdc,sag
2016,3387,2016-06-09,Jueves,0.0,22:15:00,,0.0,2,"Automóvil,Automóvil",Lavalle Y Cordoba,4,1,0,0,3,0,0,,S/D,,ROSARIO,Rosario,Asfalto,S/D,II,Dentro,Urbana,S/D,S/D,S/D,S/D,S/D,S/D,S/D,S/D,S/D,Colisión,S/D,S/D,S/D,S/D,POINT (-60.6777703 -32.93933809999999),"['Lavalle', 'Córdoba']",2,Lavalle; Córdoba,-32.93933809999999,-60.6777703,55.0,538.0,Municipio Rosario,Municipio,Rosario,820210,Servicio de Catastro e Información Territorial,IGN
2016,3389,2016-06-25,Sabado,0.0,20:55:00,,0.0,2,"Automóvil,Peatón",San Juan Y Italia,2,1,0,0,1,0,0,,Calle,,ROSARIO,Rosario,Asfalto,Pavimento,II,Dentro,Urbana,Paso Peatonal,No existe,Intersección,Bueno,Buena,Diurna,Buen Tiempo,S/D,Peatón,Atropello,S/D,Horizontal,Cordón divisorio,Sin restricción,POINT (-60.64880240000001 -32.948424),"['San Juan', 'Italia']",2,San Juan; Italia,-32.948424,-60.64880240000001,55.0,538.0,Municipio Rosario,Municipio,Rosario,820210,Servicio de Catastro e Información Territorial,IGN
2016,3390,2016-06-02,Jueves,0.0,12:30:00,,0.0,2,"Automóvil,Moto/Ciclomotor",Cordoba Y Av. Ovidio Lagos,2,1,0,0,1,0,0,,S/D,,ROSARIO,Rosario,Asfalto,S/D,II,Dentro,Urbana,S/D,S/D,S/D,S/D,S/D,Diurna,S/D,S/D,S/D,Colisión,S/D,S/D,S/D,S/D,POINT (-60.6614607 -32.9422773),"['Córdoba', 'Avenida Ovidio Lagos']",2,Córdoba; Avenida Ovidio Lagos,-32.9422773,-60.6614607,55.0,538.0,Municipio Rosario,Municipio,Rosario,820210,Servicio de Catastro e Información Territorial,IGN
2016,3392,2016-06-22,Miercoles,0.0,18:40:00,,0.0,2,"Peatón,Bicicleta",Garay Y San Martin,2,1,0,0,1,0,0,,Calle,,ROSARIO,Rosario,Asfalto,No existe,II,Dentro,Urbana,Ninguna,Funciona,Intersección,Bueno,Buena,Atardecer,Buen Tiempo,S/D,Peatón,Atropello,Ninguna,Horizontal,Ninguna,Sin restricción,POINT (-60.6437417 -32.97477079999999),"['Garay', 'San Martin']",2,"('Juan de Garay', 'José de San Martín')",-32.97477079999999,-60.6437417,55.0,538.0,Municipio Rosario,Municipio,Rosario,820210,Servicio de Catastro e Información Territorial,IGN
2016,3394,2016-06-14,Martes,0.0,14:50:00,,0.0,2,"Automóvil,Moto/Ciclomotor",Lima Y Mendoza,2,1,0,0,1,0,0,,Calle,,ROSARIO,Rosario,Asfalto,S/D,II,Dentro,Urbana,S/D,S/D,S/D,S/D,S/D,Diurna,S/D,S/D,S/D,Colisión,S/D,S/D,S/D,S/D,POINT (-60.6845195 -32.94350250000001),"['Lima', 'Mendoza']",2,Lima; Mendoza,-32.94350250000001,-60.6845195,55.0,538.0,Municipio Rosario,Municipio,Rosario,820210,Servicio de Catastro e Información Territorial,IGN
2016,3396,2016-06-17,Viernes,0.0,7:30:00,,0.0,2,"Moto/Ciclomotor,Pickup/Utilitario",Bv. Oroño Y Montevideo,2,1,0,0,1,0,0,,Avenida,,ROSARIO,Rosario,Asfalto,Pavimento,II,Dentro,Urbana,Semáforo,Funciona,Intersección,Bueno,Buena,Diurna,Buen Tiempo,Lateral,S/D,Colisión,S/D,Vertical,Cordón divisorio,Sin restricción,POINT (-60.65574455 -32.95341725),"['Bulevar Nicasio Oroño', 'Montevideo']",2,Bulevar Nicasio Oroño; Montevideo,-32.95341725,-60.65574455,55.0,538.0,Municipio Rosario,Municipio,Rosario,820210,Servicio de Catastro e Información Territorial,IGN
2016,3397,2016-06-21,Martes,0.0,17:35:00,,0.0,2,"Automóvil,Peatón",San Martin Y Ayolas,2,1,0,0,1,0,0,,Calle,,ROSARIO,Rosario,Asfalto,No existe,II,Dentro,Urbana,Semáforo,Funciona,Intersección,Bueno,Buena,Diurna,Buen Tiempo,S/D,Peatón,Atropello,Ninguna,Vertical,Ninguna,Sin restricción,POINT (-60.644083949999995 -32.97709834999999),"['San Martin', 'Ayolas']",2,José de San Martín; Ayolas,-32.97709834999999,-60.64408395,55.0,538.0,Municipio Rosario,Municipio,Rosario,820210,Servicio de Catastro e Información Territorial,IGN
2016,3399,2016-06-28,Martes,0.0,,,0.0,2,"Pickup/Utilitario,Moto/Ciclomotor",San Juan Y Cafferata,2,1,0,0,1,0,0,,S/D,,ROSARIO,Rosario,Asfalto,S/D,II,Dentro,Urbana,S/D,S/D,S/D,S/D,S/D,S/D,S/D,S/D,S/D,Colisión,S/D,S/D,S/D,S/D,POINT (-60.6719098 -32.94428909999999),"['San Juan', 'Cafferata']",2,San Juan; Cafferata,-32.94428909999999,-60.6719098,55.0,538.0,Municipio Rosario,Municipio,Rosario,820210,Servicio de Catastro e Información Territorial,IGN
2016,3401,2016-06-15,Miercoles,0.0,11:00:00,,0.0,2,"Bicicleta,Pickup/Utilitario",Bv. Avellaneda Y Mendoza,2,1,0,0,1,0,0,,Avenida,,ROSARIO,Rosario,Asfalto,S/D,II,Dentro,Urbana,S/D,S/D,S/D,S/D,S/D,Diurna,S/D,S/D,S/D,Colisión,S/D,S/D,S/D,S/D,POINT (-60.680421100000004 -32.94423964999999),"['Avellaneda', 'Mendoza']",2,Bulevar Nicolás Avellaneda; Mendoza,-32.94423964999999,-60.6804211,55.0,538.0,Municipio Rosario,Municipio,Rosario,820210,Servicio de Catastro e Información Territorial,IGN
2016,3402,2016-06-22,Miercoles,0.0,11:30:00,,0.0,2,"Automóvil,Peatón",Mariano Moreno Y Montevideo,2,1,0,0,1,0,0,,Calle,,ROSARIO,Rosario,Asfalto,Pavimento,II,Dentro,Urbana,Marca Vial,No existe,Intersección,Bueno,Buena,Diurna,Buen Tiempo,S/D,Peatón,Atropello,S/D,Vertical,Cordón divisorio,Sin restricción,POINT (-60.653066 -32.953913799999995),"['Mariano Moreno', 'Montevideo']",2,Mariano Moreno; Montevideo,-32.953913799999995,-60.653066,55.0,538.0,Municipio Rosario,Municipio,Rosario,820210,Servicio de Catastro e Información Territorial,IGN
2016,3403,2016-06-21,Martes,0.0,9:35:00,,0.0,2,"Automóvil,Peatón",San Martin Y Av. Ntra.Sra.del Rosario,2,1,0,0,1,0,0,,Avenida,,ROSARIO,Rosario,Asfalto,No existe,II,Dentro,Urbana,Semáforo,Funciona,Intersección,Bueno,Buena,Atardecer,Buen Tiempo,S/D,Peatón,Atropello,Ninguna,Horizontal,Ninguna,Sin restricción,POINT (-60.64865950000001 -32.999877549999994),"['San Martin', 'Nuestra Señora del Rosario']",2,José de San Martín; Puente Nuestra Señora del Rosario,-32.999877549999994,-60.64865950000001,55.0,538.0,Municipio Rosario,Municipio,Rosario,820210,Servicio de Catastro e Información Territorial,IGN
2016,3406,2016-06-13,Lunes,0.0,23:00:00,,0.0,2,"Automóvil,Taxi/Remis",Suipacha Y Rioja,3,1,0,0,2,0,0,,Calle,,ROSARIO,Rosario,Asfalto,S/D,II,Dentro,Urbana,S/D,S/D,S/D,S/D,S/D,Nocturna,S/D,S/D,S/D,Colisión,S/D,S/D,S/D,S/D,POINT (-60.66447840000001 -32.94294049999999),"['Suipacha', 'Rioja']",2,Suipacha; Rioja,-32.94294049999999,-60.66447840000001,55.0,538.0,Municipio Rosario,Municipio,Rosario,820210,Servicio de Catastro e Información Territorial,IGN
2016,3408,2016-06-18,Sabado,0.0,13:20:00,,0.0,2,"Moto/Ciclomotor,Automóvil",Bv. Segui Y Paraguay,2,1,0,0,1,0,0,,Calle,,ROSARIO,Rosario,Asfalto,No existe,II,Dentro,Urbana,Ninguna,No existe,Intersección,Bueno,Buena,Diurna,Buen Tiempo,De alcance,S/D,Colisión,Ninguna,Faltante,Ninguna,Sin restricción,POINT (-60.6519554 -32.9780774),"['Bulevar Juan Francisco Seguí', 'Paraguay']",2,Bulevar Juan Francisco Seguí; Paraguay,-32.9780774,-60.6519554,55.0,538.0,Municipio Rosario,Municipio,Rosario,820210,Servicio de Catastro e Información Territorial,IGN
2016,3411,2016-06-04,Sabado,0.0,13:45:00,,0.0,2,"Automóvil,Automóvil",Castellanos Y 3 De Febrero,3,1,0,0,2,0,0,,Calle,,ROSARIO,Rosario,Asfalto,S/D,II,Dentro,Urbana,S/D,S/D,S/D,S/D,S/D,Nocturna,S/D,S/D,S/D,Colisión,S/D,S/D,S/D,S/D,POINT (-60.6767004 -32.9461743),"['Aaron Castellanos', '3 de Febrero']",2,Aaron Castellanos; 3 de Febrero,-32.9461743,-60.6767004,55.0,538.0,Municipio Rosario,Municipio,Rosario,820210,Servicio de Catastro e Información Territorial,IGN
2016,3412,2016-06-20,Lunes,0.0,6:45:00,,0.0,2,"Peatón,Otros",Mitre Y E.Zeballos,2,1,0,0,0,0,1,,Calle,,ROSARIO,Rosario,Asfalto,Pavimento,II,Dentro,Urbana,Semáforo,Funciona,Intersección,Bueno,Buena,Diurna,Buen Tiempo,S/D,S/D,Atropello,S/D,Horizontal,Cordón divisorio,Sin restricción,POINT (-60.641725300000004 -32.95477609999999),"['Mitre', 'Zeballos']",2,Bartolomé Mitre; Zeballos,-32.95477609999999,-60.6417253,55.0,538.0,Municipio Rosario,Municipio,Rosario,820210,Servicio de Catastro e Información Territorial,IGN
2016,3413,2016-06-16,Jueves,0.0,12:00:00,,0.0,2,"Automóvil,Moto/Ciclomotor",Saavedra Y Italia,2,1,0,0,1,0,0,,Calle,,ROSARIO,Rosario,Asfalto,No existe,II,Dentro,Urbana,Ninguna,No existe,Intersección,Bueno,Buena,Diurna,Buen Tiempo,De alcance,S/D,Colisión,Ninguna,Faltante,Ninguna,S/D,POINT (-60.655801999999994 -32.976212600000004),"['Saavedra', 'Italia']",2,Saavedra; Italia,-32.976212600000004,-60.655802,55.0,538.0,Municipio Rosario,Municipio,Rosario,820210,Servicio de Catastro e Información Territorial,IGN
2016,3414,2016-06-13,Lunes,0.0,22:20:00,,0.0,2,"Automóvil,Bicicleta",San Juan Y Vera Mujica,2,1,0,0,1,0,0,,Calle,,ROSARIO,Rosario,Asfalto,S/D,II,Dentro,Urbana,S/D,S/D,S/D,S/D,Buena,Nocturna,S/D,S/D,Ciclista,Atropello,S/D,S/D,S/D,S/D,POINT (-60.6678428 -32.94501609999999),"['San Juan', 'Vera Mujíca']",2,San Juan; Vera Mujíca,-32.94501609999999,-60.6678428,55.0,538.0,Municipio Rosario,Municipio,Rosario,820210,Servicio de Catastro e Información Territorial,IGN
2016,3416,2016-06-20,Lunes,0.0,17:06:00,,0.0,2,"Moto/Ciclomotor,Automóvil",Balcarce Y 9 De Julio,2,1,0,0,1,0,0,,Calle,,ROSARIO,Rosario,Asfalto,Pavimento,II,Dentro,Urbana,Marca Vial,No existe,Intersección,Bueno,S/D,Diurna,Buen Tiempo,Lateral,S/D,Colisión,S/D,Horizontal,Cordón divisorio,Sin restricción,POINT (-60.6538105 -32.95138879999999),"['Balcarce', '9 de Julio']",2,Balcarce; 9 de Julio,-32.95138879999999,-60.6538105,55.0,538.0,Municipio Rosario,Municipio,Rosario,820210,Servicio de Catastro e Información Territorial,IGN
2016,3417,2016-06-06,Lunes,0.0,17:50:00,,0.0,2,"Automóvil,Automóvil",Servando Bayo Y E.Zeballos,6,3,0,0,3,0,0,,Calle,,ROSARIO,Rosario,Asfalto,S/D,II,Dentro,Urbana,S/D,S/D,S/D,S/D,S/D,Diurna,S/D,S/D,S/D,Colisión,S/D,S/D,S/D,S/D,POINT (-60.686719 -32.946714199999995),"['Servando Bayo', 'Zeballos']",2,Servando Bayo; Zeballos,-32.946714199999995,-60.686719,55.0,538.0,Municipio Rosario,Municipio,Rosario,820210,Servicio de Catastro e Información Territorial,IGN
2016,3418,2016-06-01,Miercoles,0.0,7:15:00,,0.0,2,"Transporte de Pasajeros Urbano (> 8 asientos),Automóvil",San Juan Y Gutenberg,5,1,0,0,4,0,0,,Calle,,ROSARIO,Rosario,Asfalto,S/D,II,Dentro,Urbana,S/D,S/D,Intersección,S/D,Buena,Diurna,S/D,S/D,S/D,Colisión,S/D,S/D,S/D,S/D,POINT (-60.6882278 -32.941398),"['San Juan', 'Gutenberg']",2,San Juan; Gutenberg,-32.941398,-60.6882278,55.0,538.0,Municipio Rosario,Municipio,Rosario,820210,Servicio de Catastro e Información Territorial,IGN
2016,3419,2016-06-15,Miercoles,0.0,17:20:00,,0.0,2,"Moto/Ciclomotor,Taxi/Remis",Rivadavia Y Pje. Bolonia,2,1,0,0,1,0,0,,Calle,,ROSARIO,Rosario,Asfalto,No existe,II,Dentro,Urbana,Ninguna,No existe,Intersección,Bueno,Buena,Diurna,Buen Tiempo,De alcance,S/D,Colisión,Ninguna,Faltante,Ninguna,Sin restricción,POINT (-60.6687327 -32.9906869),"['Rivadavia', 'Bolonia']",2,Avenida Bernardino Rivadavia; Bolonia,-32.9906869,-60.6687327,55.0,538.0,Municipio Rosario,Municipio,Rosario,820210,Servicio de Catastro e Información Territorial,IGN
2016,3420,2016-06-08,Miercoles,0.0,8:15:00,,0.0,2,"Moto/Ciclomotor,Automóvil",San Luis Y Vera Mujica,2,1,0,0,1,0,0,,Calle,,ROSARIO,Rosario,Asfalto,S/D,II,Dentro,Urbana,S/D,S/D,S/D,S/D,S/D,Diurna,S/D,S/D,S/D,Colisión,S/D,S/D,S/D,S/D,POINT (-60.66756749999999 -32.9439264),"['San Luis', 'Vera Mujíca']",2,San Luis; Vera Mujíca,-32.9439264,-60.66756749999999,55.0,538.0,Municipio Rosario,Municipio,Rosario,820210,Servicio de Catastro e Información Territorial,IGN
2016,3421,2016-06-23,Jueves,0.0,15:30:00,,0.0,2,"Moto/Ciclomotor,Automóvil",Montevideo Y Balcarce,2,1,0,0,1,0,0,,Calle,,ROSARIO,Rosario,Asfalto,Pavimento,II,Dentro,Urbana,Marca Vial,No existe,Intersección,Bueno,Buena,Diurna,Buen Tiempo,Lateral,S/D,Colisión,S/D,Horizontal,Cordón divisorio,Sin restricción,POINT (-60.6543933 -32.953676800000004),"['Montevideo', 'Balcarce']",2,Montevideo; Balcarce,-32.953676800000004,-60.6543933,55.0,538.0,Municipio Rosario,Municipio,Rosario,820210,Servicio de Catastro e Información Territorial,IGN
2016,3423,2016-06-11,Sabado,0.0,13:10:00,,0.0,2,"Automóvil,Automóvil",Servando Bayo Y Mendoza,2,1,0,0,1,0,0,,Calle,,ROSARIO,Rosario,Asfalto,S/D,II,Dentro,Urbana,S/D,S/D,S/D,S/D,S/D,Diurna,S/D,S/D,S/D,Colisión,S/D,S/D,S/D,S/D,POINT (-60.685855600000004 -32.94326209999999),"['Servando Bayo', 'Mendoza']",2,Servando Bayo; Mendoza,-32.94326209999999,-60.6858556,55.0,538.0,Municipio Rosario,Municipio,Rosario,820210,Servicio de Catastro e Información Territorial,IGN
2016,3424,2016-06-01,Miercoles,0.0,15:15:00,,0.0,2,"Otros,Moto/Ciclomotor",Cordoba 2600,2,1,0,0,1,0,0,,Calle,,ROSARIO,Rosario,Asfalto,S/D,II,Dentro,Urbana,S/D,S/D,S/D,S/D,S/D,Diurna,S/D,S/D,S/D,Colisión,S/D,S/D,S/D,S/D,"-32.9427469, -60.6585181",['Cordoba 2600'],1,Cordoba 2600,-32.9427469,-60.6585181,55.0,538.0,Municipio Rosario,Municipio,Rosario,820210,Servicio de Catastro e Información Territorial,IGN
2016,3425,2016-06-15,Miercoles,0.0,11:35:00,,0.0,2,"Automóvil,Camión",Av. Jorge Cura 2300,2,1,0,0,1,0,0,,Avenida,,ROSARIO,Rosario,Asfalto,No existe,II,Dentro,Urbana,Ninguna,No existe,Recta,Bueno,Buena,Diurna,Buen Tiempo,De alcance,S/D,Colisión,Ninguna,Faltante,Ninguna,Sin restricción,"-32.9709021, -60.6613712",['Jorge Cura 2300'],1,Jorge Cura 2300,-32.9709021,-60.6613712,55.0,538.0,Municipio Rosario,Municipio,Rosario,820210,Servicio de Catastro e Información Territorial,IGN
2016,3426,2016-06-11,Sabado,0.0,12:45:00,,0.0,3,"Moto/Ciclomotor,Automóvil,Automóvil",Bv. Avellaneda Y San Juan,5,1,0,0,4,0,0,,Calle,,ROSARIO,Rosario,Asfalto,S/D,II,Dentro,Urbana,S/D,S/D,S/D,S/D,S/D,Diurna,S/D,S/D,S/D,Colisión,S/D,S/D,S/D,S/D,POINT (-60.680076299999996 -32.94284435),"['Avellaneda', 'San Juan']",2,Bulevar Nicolás Avellaneda; San Juan,-32.94284435,-60.6800763,55.0,538.0,Municipio Rosario,Municipio,Rosario,820210,Servicio de Catastro e Información Territorial,IGN
2016,3427,2016-06-23,Jueves,0.0,19:54:00,,0.0,2,"Peatón,Automóvil",Balcarce Y Montevideo,2,1,0,0,1,0,0,,Calle,,ROSARIO,Rosario,Asfalto,Pavimento,II,Dentro,Urbana,Marca Vial,No existe,Cruce,Bueno,Buena,Diurna,Buen Tiempo,S/D,Peatón,Atropello,S/D,Horizontal,Cordón divisorio,Sin restricción,POINT (-60.6543933 -32.953676800000004),"['Balcarce', 'Montevideo']",2,Balcarce; Montevideo,-32.953676800000004,-60.6543933,55.0,538.0,Municipio Rosario,Municipio,Rosario,820210,Servicio de Catastro e Información Territorial,IGN
2016,3428,2016-06-01,Miercoles,0.0,12:10:00,,0.0,2,"Pickup/Utilitario,Bicicleta",Rio De Janeiro 770,2,1,0,0,1,0,0,,Calle,,ROSARIO,Rosario,Asfalto,S/D,II,Dentro,Urbana,S/D,S/D,S/D,S/D,Buena,Diurna,S/D,S/D,Ciclista,Atropello,S/D,S/D,S/D,S/D,"-32.9383515122449, -60.68044595102041",['Rio De Janeiro 770'],1,Rio De Janeiro 770,-32.9383515122449,-60.68044595102041,55.0,538.0,Municipio Rosario,Municipio,Rosario,820210,Servicio de Catastro e Información Territorial,IGN
2016,3430,2016-06-23,Jueves,0.0,4:30:00,,0.0,2,"Taxi/Remis,Automóvil",Cordoba Y Lavalle,3,2,0,0,1,0,0,,Calle,,ROSARIO,Rosario,Asfalto,S/D,II,Dentro,Urbana,S/D,S/D,S/D,S/D,S/D,Nocturna,S/D,S/D,S/D,Colisión,S/D,S/D,S/D,S/D,POINT (-60.6777703 -32.93933809999999),"['Córdoba', 'Lavalle']",2,Córdoba; Lavalle,-32.93933809999999,-60.6777703,55.0,538.0,Municipio Rosario,Municipio,Rosario,820210,Servicio de Catastro e Información Territorial,IGN
2016,3431,2016-06-13,Lunes,0.0,12:10:00,,0.0,2,"Moto/Ciclomotor,Automóvil",Callao Y Bv. Segui,2,1,0,0,1,0,0,,Avenida,,ROSARIO,Rosario,Asfalto,No existe,II,Dentro,Urbana,Ninguna,No existe,Intersección,Bueno,Buena,Diurna,Buen Tiempo,De alcance,S/D,Colisión,Ninguna,Faltante,Ninguna,Sin restricción,POINT (-60.6682971 -32.97516315),"['Callao', 'Bulevar Juan Francisco Seguí']",2,Callao; Bulevar Juan Francisco Seguí,-32.97516315,-60.6682971,55.0,538.0,Municipio Rosario,Municipio,Rosario,820210,Servicio de Catastro e Información Territorial,IGN
2016,3433,2016-06-12,Domingo,0.0,23:37:00,,0.0,2,"Automóvil,Moto/Ciclomotor",Av. Jorge Cura Y Rodriguez,2,1,0,0,1,0,0,,Avenida,,ROSARIO,Rosario,Asfalto,No existe,II,Dentro,Urbana,Ninguna,No existe,Intersección,Bueno,Buena,Nocturna,Buen Tiempo,De alcance,S/D,Colisión,Ninguna,Faltante,Ninguna,Sin restricción,POINT (-60.6656507 -32.970242),"['Avenida Jorge Cura', 'Rodríguez']",2,Avenida Jorge Cura; Rodríguez de Escobedo,-32.970242,-60.6656507,55.0,538.0,Municipio Rosario,Municipio,Rosario,820210,Servicio de Catastro e Información Territorial,IGN
2016,3434,2016-06-12,Domingo,0.0,3:45:00,,0.0,2,"Moto/Ciclomotor,Automóvil",Entre Rios Y Cochabamba,2,1,0,0,1,0,0,,Calle,,ROSARIO,Rosario,Asfalto,S/D,II,Dentro,Urbana,Ninguna,S/D,Intersección,Bueno,Reducida,"Nocturna,Con luz artificial",Buen Tiempo,Lateral,S/D,Colisión,S/D,Vertical,Ninguna,Sin restricción,POINT (-60.6439501 -32.9579457),"['Entre Ríos', 'Cochabamba']",2,Entre Ríos; Cochabamba,-32.9579457,-60.6439501,55.0,538.0,Municipio Rosario,Municipio,Rosario,820210,Servicio de Catastro e Información Territorial,IGN
2016,3435,2016-06-11,Sabado,0.0,13:25:00,,0.0,2,"Peatón,Pickup/Utilitario",San Luis 2300,2,1,0,0,1,0,0,,Calle,,ROSARIO,Rosario,Asfalto,Pavimento,II,Dentro,Urbana,Marca Vial,No existe,Recta,Bueno,Buena,Diurna,Buen Tiempo,S/D,Peatón,Atropello,S/D,Horizontal,Cordón divisorio,S/D,"-32.9460412, -60.6551425",['San Luis 2300'],1,San Luis 2300,-32.9460412,-60.6551425,55.0,538.0,Municipio Rosario,Municipio,Rosario,820210,Servicio de Catastro e Información Territorial,IGN
2016,3436,2016-06-04,Sabado,0.0,3:00:00,,0.0,2,"Automóvil,Peatón",Alvear Y Brown,2,1,0,0,1,0,0,,Calle,,ROSARIO,Rosario,Hormigón,Pavimento,II,Dentro,Urbana,Ninguna,No existe,Intersección,S/D,Buena,Nocturna,Buen Tiempo,S/D,Peatón,Atropello,Otro,Faltante,Ninguna,Sin restricción,POINT (-60.6523455 -32.9341688),"['Alvear', 'Brown']",2,Alvear; Almirante Brown,-32.9341688,-60.6523455,55.0,538.0,Municipio Rosario,Municipio,Rosario,820210,Servicio de Catastro e Información Territorial,IGN
2016,3437,2016-06-10,Viernes,0.0,21:30:00,,0.0,2,"Bicicleta,Automóvil",Av. Dante Alighieri Y Bv. Oroño,2,1,0,0,1,0,0,,Calle,,ROSARIO,Rosario,Asfalto,S/D,II,Dentro,Urbana,Ninguna,S/D,Intersección,Bueno,Buena,"Nocturna,Con luz artificial",Buen Tiempo,S/D,Ciclista,Atropello,S/D,Faltante,S/D,S/D,POINT (-60.6579301 -32.961999649999996),"['Dante Alighieri', 'Bulevar Nicasio Oroño']",2,"('Avenida Dante Alighieri', 'Ciclovía Bulevar Nicasio Oroño')",-32.96199965,-60.6579301,55.0,538.0,Municipio Rosario,Municipio,Rosario,820210,Servicio de Catastro e Información Territorial,IGN
2016,3438,2016-06-12,Domingo,0.0,14:25:00,,0.0,2,"Taxi/Remis,Moto/Ciclomotor",Av. Corrientes Y Bv. Segui,2,1,0,0,1,0,0,,Calle,,ROSARIO,Rosario,Asfalto,No existe,II,Dentro,Urbana,Señal Pare,No existe,Intersección,Bueno,Buena,Diurna,Buen Tiempo,De alcance,S/D,Colisión,Ninguna,Faltante,Ninguna,Sin restricción,POINT (-60.65060229999999 -32.97832124999999),"['Corrientes', 'Bulevar Juan Francisco Seguí']",2,Corrientes; Bulevar Juan Francisco Seguí,-32.97832124999999,-60.65060229999999,55.0,538.0,Municipio Rosario,Municipio,Rosario,820210,Servicio de Catastro e Información Territorial,IGN
2016,3439,2016-06-10,Viernes,0.0,13:50:00,,0.0,3,"Automóvil,Automóvil,Automóvil",Bv. 27 De Febrero 1900,3,1,0,0,2,0,0,,Calle,,ROSARIO,Rosario,Asfalto,S/D,II,Dentro,Urbana,Semáforo,Funciona,Recta,Bueno,Buena,Diurna,Buen Tiempo,Múltiple,S/D,Colisión,S/D,Vertical,Cordón divisorio,Sin restricción,"-32.9655204, -60.6543544",['27 De Febrero 1900'],1,27 De Febrero 1900,-32.9655204,-60.6543544,55.0,538.0,Municipio Rosario,Municipio,Rosario,820210,Servicio de Catastro e Información Territorial,IGN
2016,3441,2016-06-06,Lunes,0.0,7:00:00,,0.0,2,"Pickup/Utilitario,Bicicleta",Italia Y Santa Fe,2,1,0,0,1,0,0,,Calle,,ROSARIO,Rosario,Asfalto,Pavimento,II,Dentro,Urbana,Ninguna,No existe,Intersección,Bueno,Buena,Diurna,Buen Tiempo,S/D,Ciclista,Atropello,Otro,Vertical,Ninguna,Sin restricción,POINT (-60.6475241 -32.94334839999999),"['Italia', 'Santa Fe']",2,Italia; Santa Fe,-32.94334839999999,-60.6475241,55.0,538.0,Municipio Rosario,Municipio,Rosario,820210,Servicio de Catastro e Información Territorial,IGN
2016,3442,2016-06-03,Viernes,0.0,17:00:00,,0.0,2,"Peatón,Taxi/Remis",Montevideo Y Mariano Moreno,2,1,0,0,1,0,0,,Calle,,ROSARIO,Rosario,Asfalto,Pavimento,II,Dentro,Urbana,Semáforo,Funciona,Intersección,Bueno,Buena,Diurna,Buen Tiempo,S/D,Peatón,Atropello,S/D,Vertical,Cordón divisorio,Sin restricción,POINT (-60.653066 -32.953913799999995),"['Montevideo', 'Mariano Moreno']",2,Montevideo; Mariano Moreno,-32.953913799999995,-60.653066,55.0,538.0,Municipio Rosario,Municipio,Rosario,820210,Servicio de Catastro e Información Territorial,IGN
2016,3443,2016-06-08,Miercoles,0.0,14:10:00,,0.0,2,"Peatón,Automóvil",San Martin Y Rueda,2,1,0,0,1,0,0,,Calle,,ROSARIO,Rosario,Asfalto,S/D,II,Dentro,Urbana,Semáforo,Funciona,Intersección,Bueno,Buena,Diurna,Buen Tiempo,S/D,Peatón,Atropello,S/D,Vertical,S/D,Sin restricción,POINT (-60.642861499999995 -32.9713425),"['San Martin', 'Rueda']",2,José de San Martín; Rueda,-32.9713425,-60.6428615,55.0,538.0,Municipio Rosario,Municipio,Rosario,820210,Servicio de Catastro e Información Territorial,IGN
2016,3444,2016-06-11,Sabado,0.0,21:28:00,,0.0,2,"Automóvil,Moto/Ciclomotor",Av. Corrientes Y Saavedra,2,1,0,0,1,0,0,,Calle,,ROSARIO,Rosario,Asfalto,No existe,II,Dentro,Urbana,Ninguna,No existe,Intersección,Bueno,Buena,Nocturna,Buen Tiempo,De alcance,S/D,Colisión,Ninguna,Faltante,Ninguna,Sin restricción,POINT (-60.6503148 -32.9771937),"['Corrientes', 'Saavedra']",2,Corrientes; Saavedra,-32.9771937,-60.6503148,55.0,538.0,Municipio Rosario,Municipio,Rosario,820210,Servicio de Catastro e Información Territorial,IGN
2016,3445,2016-06-08,Miercoles,0.0,10:50:00,,0.0,2,"Moto/Ciclomotor,Automóvil",Av. Pellegrini Y Callao,3,1,0,0,2,0,0,,Calle,,ROSARIO,Rosario,Asfalto,S/D,II,Dentro,Urbana,Semáforo,Funciona,Intersección,Bueno,Buena,Diurna,Buen Tiempo,Lateral,S/D,Colisión,S/D,Vertical,Cordón divisorio,Sin restricción,POINT (-60.66283325 -32.95334939999999),"['Pellegrini', 'Callao']",2,Avenida Carlos Pellegrini; Callao,-32.95334939999999,-60.66283325,55.0,538.0,Municipio Rosario,Municipio,Rosario,820210,Servicio de Catastro e Información Territorial,IGN
2016,3446,2016-06-09,Jueves,0.0,6:30:00,,0.0,2,"Moto/Ciclomotor,Automóvil",Rivadavia Y Bv. Oroño,2,1,0,0,0,0,1,,Avenida,,ROSARIO,Rosario,Asfalto,Pavimento,II,Dentro,Urbana,Semáforo,No existe,Intersección,Bueno,Buena,Diurna,Buen Tiempo,S/D,S/D,Caída ocupante,Otro,Vertical,Ninguna,Sin restricción,POINT (-60.65036005 -32.93210415),"['Rivadavia', 'Bulevar Nicasio Oroño']",2,Avenida Bernardino Rivadavia; Bulevar Nicasio Oroño,-32.93210415,-60.65036005,55.0,538.0,Municipio Rosario,Municipio,Rosario,820210,Servicio de Catastro e Información Territorial,IGN