anio_acci,nro_acci,fecha,desc_dia,fecha_aprox,hora_aprox,desc_ruta,km,cant_participantes,desc_participante,calle_avenida_km,total,heridos_leves,heridos_graves,heridos_gravisimos,ilesos,fallecidos,sin_datos,posicion_XY,desc_tipo_via,desc_ruta_ori,desc_loc,desc_dpto,desc_tipo_calzada,desc_tipo_banquina,desc_unidad_regional,desc_lugar_calzada,desc_zona,desc_prioridad,desc_estado_semaforo,desc_lugar_via,desc_estado_via,desc_estado_visibilidad,desc_luminosidad,desc_estado_clima,desc_tipo_colision,desc_tipo_atropello,desc_tipo_hecho,desc_pres_calzada,desc_senializacion,desc_separacion_via,desc_restriccion,forma_geocod,calle_lista,numero_calles,calles_osm,lat,lon,index_right,gid,fna,gna,nam,in1,fdc,sag
2016,3447,2016-06-02,Jueves,0.0,10:05:00,,0.0,2,"Automóvil,Peatón",Entre Rios Y Rioja,2,1,0,0,1,0,0,,Calle,,ROSARIO,Rosario,Asfalto,Pavimento,II,Dentro,Urbana,Ninguna,No existe,Intersección,Bueno,Buena,Diurna,Buen Tiempo,S/D,Peatón,Atropello,S/D,Horizontal,Cordón divisorio,Sin restricción,POINT (-60.6412382 -32.947131699999986),"['Entre Ríos', 'Rioja']",2,Entre Ríos; Rioja,-32.947131699999986,-60.6412382,55.0,538.0,Municipio Rosario,Municipio,Rosario,820210,Servicio de Catastro e Información Territorial,IGN
2016,3448,2016-06-07,Martes,0.0,20:30:00,,0.0,3,"Automóvil,Automóvil,Automóvil",Av. Pellegrini Y Callao,4,2,0,0,2,0,0,,Calle,,ROSARIO,Rosario,Asfalto,S/D,II,Dentro,Urbana,Semáforo,Funciona,Intersección,Bueno,Buena,"Nocturna,Con luz artificial",Buen Tiempo,Múltiple,S/D,Colisión,S/D,S/D,Cordón divisorio,Sin restricción,POINT (-60.66283325 -32.95334939999999),"['Pellegrini', 'Callao']",2,Avenida Carlos Pellegrini; Callao,-32.95334939999999,-60.66283325,55.0,538.0,Municipio Rosario,Municipio,Rosario,820210,Servicio de Catastro e Información Territorial,IGN
2016,3449,2016-06-09,Jueves,0.0,22:00:00,,0.0,2,"Automóvil,Pickup/Utilitario",Urquiza Y Alvear,3,1,0,0,0,0,2,,Calle,,ROSARIO,Rosario,Asfalto,Pavimento,II,Dentro,Urbana,Ninguna,No funciona,Intersección,Bueno,Buena,Nocturna,Buen Tiempo,De alcance,S/D,Colisión,Otro,Faltante,Ninguna,Sin restricción,POINT (-60.653803100000005 -32.9399875),"['Urquiza', 'Alvear']",2,Justo José de Urquiza; Alvear,-32.9399875,-60.653803100000005,55.0,538.0,Municipio Rosario,Municipio,Rosario,820210,Servicio de Catastro e Información Territorial,IGN
2016,3450,2016-06-10,Viernes,0.0,12:05:00,,0.0,2,"Automóvil,Moto/Ciclomotor",Bv. Segui Y Mitre,2,1,0,0,1,0,0,,Avenida,,ROSARIO,Rosario,Asfalto,No existe,II,Dentro,Urbana,Ninguna,No existe,Intersección,Bueno,Buena,Diurna,Buen Tiempo,De alcance,S/D,Colisión,Ninguna,Faltante,Ninguna,Sin restricción,POINT (-60.6477426 -32.97883275),"['Bulevar Juan Francisco Seguí', 'Mitre']",2,Bulevar Juan Francisco Seguí; Bartolomé Mitre,-32.97883275,-60.6477426,55.0,538.0,Municipio Rosario,Municipio,Rosario,820210,Servicio de Catastro e Información Territorial,IGN
2016,3451,2016-06-07,Martes,0.0,9:50:00,,0.0,2,"Moto/Ciclomotor,Automóvil",Av. Pellegrini Y Italia,2,1,0,0,1,0,0,,Calle,,ROSARIO,Rosario,Asfalto,S/D,II,Dentro,Urbana,Semáforo,Funciona,Intersección,Bueno,Buena,Diurna,Buen Tiempo,Lateral,S/D,Colisión,S/D,Vertical,S/D,S/D,POINT (-60.650600100000005 -32.955561700000004),"['Pellegrini', 'Italia']",2,Avenida Carlos Pellegrini; Italia,-32.955561700000004,-60.650600100000005,55.0,538.0,Municipio Rosario,Municipio,Rosario,820210,Servicio de Catastro e Información Territorial,IGN
2016,3452,2016-06-10,Viernes,0.0,17:40:00,,0.0,2,"Automóvil,Automóvil",Bv. Oroño Y Catamarca,2,1,0,0,1,0,0,,Avenida,,ROSARIO,Rosario,Asfalto,Pavimento,II,Dentro,Urbana,Semáforo,Funciona,Intersección,Bueno,Buena,Diurna,Buen Tiempo,Frontal,S/D,Colisión,Otro,Vertical,Ninguna,S/D,POINT (-60.651806750000006 -32.9378818),"['Bulevar Nicasio Oroño', 'Catamarca']",2,Bulevar Nicasio Oroño; Catamarca,-32.9378818,-60.651806750000006,55.0,538.0,Municipio Rosario,Municipio,Rosario,820210,Servicio de Catastro e Información Territorial,IGN
2016,3453,2016-06-09,Jueves,0.0,18:05:00,,0.0,2,"Automóvil,Moto/Ciclomotor",Paraguay Y Dean Funes,2,1,0,0,1,0,0,,Calle,,ROSARIO,Rosario,Asfalto,No existe,II,Dentro,Urbana,Ninguna,No existe,Intersección,Bueno,Buena,Atardecer,Buen Tiempo,De alcance,S/D,Colisión,Ninguna,Faltante,Ninguna,Sin restricción,POINT (-60.65110210000001 -32.97466219999999),"['Paraguay', 'Deán Gregorio Funes']",2,Paraguay; Deán Gregorio Funes,-32.97466219999999,-60.65110210000001,55.0,538.0,Municipio Rosario,Municipio,Rosario,820210,Servicio de Catastro e Información Territorial,IGN
2016,3454,2016-06-04,Sabado,0.0,13:15:00,,0.0,2,"Pickup/Utilitario,Automóvil",Dorrego Y Ocampo,2,2,0,0,0,0,0,,Calle,,ROSARIO,Rosario,Asfalto,S/D,II,Dentro,Urbana,Ninguna,S/D,Intersección,Bueno,Buena,Diurna,Buen Tiempo,Lateral,S/D,Colisión,S/D,S/D,S/D,Sin restricción,POINT (-60.6542649 -32.96451880000001),"['Dorrego', 'Ocampo']",2,Manuel Dorrego; Ocampo,-32.96451880000001,-60.6542649,55.0,538.0,Municipio Rosario,Municipio,Rosario,820210,Servicio de Catastro e Información Territorial,IGN
2016,3455,2016-06-18,Sabado,0.0,7:10:00,,0.0,3,"Automóvil,Peatón,Peatón",Brown Y Italia,3,2,0,0,1,0,0,,Calle,,ROSARIO,Rosario,Asfalto,Pavimento,II,Dentro,Urbana,Ninguna,No existe,Intersección,Bueno,Buena,Diurna,Buen Tiempo,S/D,Peatón,Atropello,Otro,Faltante,Ninguna,Sin restricción,POINT (-60.6455153 -32.93537130000001),"['Brown', 'Italia']",2,Almirante Brown; Italia,-32.93537130000001,-60.6455153,55.0,538.0,Municipio Rosario,Municipio,Rosario,820210,Servicio de Catastro e Información Territorial,IGN
2016,3456,2016-06-04,Sabado,0.0,9:00:00,,0.0,2,"Taxi/Remis,Automóvil",Bv. Oroño Y Cochabamba,2,1,0,0,1,0,0,,Calle,,ROSARIO,Rosario,Asfalto,S/D,II,Dentro,Urbana,Señal Pare,No existe,Intersección,Bueno,Buena,Diurna,Buen Tiempo,Lateral,S/D,Colisión,S/D,Vertical,Cordón divisorio,Sin restricción,POINT (-60.656339 -32.9556154),"['Bulevar Nicasio Oroño', 'Cochabamba']",2,Bulevar Nicasio Oroño; Cochabamba,-32.9556154,-60.656339,55.0,538.0,Municipio Rosario,Municipio,Rosario,820210,Servicio de Catastro e Información Territorial,IGN
2016,3457,2016-06-09,Jueves,0.0,12:15:00,,0.0,2,"Taxi/Remis,Moto/Ciclomotor",Mitre Y Uruguay,2,1,0,0,1,0,0,,Calle,,ROSARIO,Rosario,Asfalto,No existe,II,Dentro,Urbana,Señal Pare,No existe,Intersección,Bueno,Buena,Diurna,Buen Tiempo,De alcance,S/D,Colisión,Ninguna,Vertical,Ninguna,Sin restricción,POINT (-60.64715669999999 -32.97657820000001),"['Mitre', 'Uruguay']",2,Bartolomé Mitre; Uruguay,-32.97657820000001,-60.64715669999999,55.0,538.0,Municipio Rosario,Municipio,Rosario,820210,Servicio de Catastro e Información Territorial,IGN
2016,3458,2016-06-03,Viernes,0.0,12:30:00,,0.0,2,"Automóvil,Peatón",Dorrego Y Riobamba,2,1,0,0,1,0,0,,Calle,,ROSARIO,Rosario,Asfalto,S/D,II,Dentro,Urbana,S/D,S/D,Recta,Bueno,Buena,Diurna,Buen Tiempo,S/D,Peatón,Atropello,S/D,Faltante,S/D,Sin restricción,POINT (-60.6533864 -32.961053199999995),"['Dorrego', 'Riobamba']",2,Manuel Dorrego; Riobamba,-32.961053199999995,-60.6533864,55.0,538.0,Municipio Rosario,Municipio,Rosario,820210,Servicio de Catastro e Información Territorial,IGN
2016,3461,2016-06-07,Martes,0.0,17:15:00,,0.0,2,"Automóvil,Moto/Ciclomotor",San Martin Y 24 De Setiembre,2,1,0,0,1,0,0,,Avenida,,ROSARIO,Rosario,Asfalto,No existe,II,Dentro,Urbana,Ninguna,S/D,Intersección,S/D,Buena,Diurna,Buen Tiempo,De alcance,S/D,Colisión,Ninguna,Faltante,Ninguna,Sin restricción,POINT (-60.64455705 -32.98058454999999),"['San Martin', '24 de Septiembre']",2,José de San Martín; 24 de Septiembre,-32.98058454999999,-60.64455705,55.0,538.0,Municipio Rosario,Municipio,Rosario,820210,Servicio de Catastro e Información Territorial,IGN
2016,3462,2016-06-04,Sabado,0.0,8:50:00,,0.0,2,"Moto/Ciclomotor,Automóvil",Ayacucho Y Hilarion de la Quintana,2,1,0,0,1,0,0,,Calle,,ROSARIO,Rosario,Asfalto,No existe,II,Dentro,Urbana,Semáforo,Funciona,Intersección,Bueno,Buena,Diurna,S/D,Lateral,S/D,Colisión,S/D,S/D,Línea divisoria pintada,Sin restricción,POINT (-60.6362352 -33.0005716),"['Ayacucho', 'Hilarión de la Quintana']",2,Ayacucho; Hilarión de la Quintana,-33.0005716,-60.6362352,55.0,538.0,Municipio Rosario,Municipio,Rosario,820210,Servicio de Catastro e Información Territorial,IGN
2016,3464,2016-06-12,Domingo,0.0,7:00:00,,0.0,1,Moto/Ciclomotor,Santa Fe Y Italia,3,2,0,0,0,0,1,,Calle,,ROSARIO,Rosario,Asfalto,Pavimento,II,Dentro,Urbana,Semáforo,Funciona,Intersección,Bueno,Buena,Diurna,Buen Tiempo,Lateral,S/D,Colisión,S/D,Vertical,Cordón divisorio,Sin restricción,POINT (-60.6475241 -32.94334839999999),"['Santa Fe', 'Italia']",2,Santa Fe; Italia,-32.94334839999999,-60.6475241,55.0,538.0,Municipio Rosario,Municipio,Rosario,820210,Servicio de Catastro e Información Territorial,IGN
2016,3465,2016-06-20,Lunes,0.0,22:55:00,,0.0,3,"Automóvil,Automóvil,Automóvil",Salta Y Italia,4,2,0,0,1,0,1,,S/D,,ROSARIO,Rosario,Hormigón,Pavimento,II,Dentro,Urbana,S/D,No existe,Intersección,Bueno,Buena,Nocturna,S/D,S/D,S/D,Colisión,Otro,Faltante,S/D,S/D,POINT (-60.6461132 -32.937695999999995),"['Salta', 'Italia']",2,Salta; Italia,-32.937695999999995,-60.6461132,55.0,538.0,Municipio Rosario,Municipio,Rosario,820210,Servicio de Catastro e Información Territorial,IGN
2016,3466,2016-06-06,Lunes,0.0,18:30:00,,0.0,2,"Pickup/Utilitario,Moto/Ciclomotor",Bv. Oroño Y Biedma,2,1,0,0,1,0,0,,Avenida,,ROSARIO,Rosario,Asfalto,No existe,II,Dentro,Urbana,Semáforo,Funciona,Intersección,Bueno,Buena,Atardecer,Buen Tiempo,De alcance,S/D,Colisión,Ninguna,Vertical,Ninguna,Sin restricción,POINT (-60.66209965000001 -32.97866725),"['Bulevar Nicasio Oroño', 'Coronel Biedma']",2,Bulevar Nicasio Oroño; Coronel Biedma,-32.97866725,-60.66209965000001,55.0,538.0,Municipio Rosario,Municipio,Rosario,820210,Servicio de Catastro e Información Territorial,IGN
2016,3467,2016-06-12,Domingo,0.0,23:48:00,,0.0,2,"Automóvil,Peatón",J.M.Gutierrez ,2,1,0,0,1,0,0,,Calle,,ROSARIO,Rosario,Asfalto,No existe,II,Dentro,Urbana,S/D,S/D,S/D,Bueno,Buena,Nocturna,S/D,De alcance,S/D,Colisión,S/D,S/D,Guardarrail,S/D,"-32.9935582, -60.6344998",['J M Gutierrez'],1,J M Gutierrez,-32.9935582,-60.6344998,55.0,538.0,Municipio Rosario,Municipio,Rosario,820210,Servicio de Catastro e Información Territorial,IGN
2016,3469,2016-06-16,Jueves,0.0,15:30:00,,0.0,2,"Automóvil,Moto/Ciclomotor",Ayacucho Y Sanchez de Bustamante,3,2,0,0,1,0,0,,Calle,,ROSARIO,Rosario,Asfalto,No existe,II,Dentro,Urbana,S/D,Funciona,Intersección,Bueno,Buena,Diurna,Buen Tiempo,S/D,S/D,Colisión,S/D,S/D,Línea divisoria pintada,S/D,POINT (-60.6361192 -33.00159320000001),"['Ayacucho', 'Sánchez de Bustamante']",2,Ayacucho; Sánchez de Bustamante,-33.00159320000001,-60.6361192,55.0,538.0,Municipio Rosario,Municipio,Rosario,820210,Servicio de Catastro e Información Territorial,IGN
2016,3470,2016-06-12,Domingo,0.0,17:30:00,,0.0,2,"Moto/Ciclomotor,Automóvil",Av. Pellegrini Y San Martin,3,1,0,0,2,0,0,,Avenida,,ROSARIO,Rosario,Asfalto,Pavimento,II,Dentro,Urbana,Semáforo,Funciona,Intersección,Bueno,Buena,Diurna,Buen Tiempo,De alcance,S/D,Colisión,S/D,Vertical,Cordón divisorio,Sin restricción,POINT (-60.68038573333334 -32.9696798),"['Pellegrini', 'San Martin']",2,Avenida Carlos Pellegrini; José de San Martín,-32.9696798,-60.68038573333334,55.0,538.0,Municipio Rosario,Municipio,Rosario,820210,Servicio de Catastro e Información Territorial,IGN
2016,3471,2016-06-06,Lunes,0.0,17:00:00,,0.0,2,"Automóvil,Automóvil",Av. Uriburu Y Paraguay,2,1,0,0,1,0,0,,Calle,,ROSARIO,Rosario,Asfalto,No existe,II,Dentro,Urbana,Ninguna,No existe,Intersección,Bueno,Buena,Diurna,Buen Tiempo,De alcance,S/D,Colisión,S/D,Faltante,Ninguna,Sin restricción,POINT (-60.655215850000005 -32.990962749999994),"['Uriburu', 'Paraguay']",2,Avenida José Uriburu; Paraguay,-32.990962749999994,-60.655215850000005,55.0,538.0,Municipio Rosario,Municipio,Rosario,820210,Servicio de Catastro e Información Territorial,IGN
2016,3472,2016-06-21,Martes,0.0,12:50:00,,0.0,2,"Moto/Ciclomotor,Peatón",Paraguay Y San Lorenzo,2,1,0,0,1,0,0,,Calle,,ROSARIO,Rosario,Asfalto,Pavimento,II,Dentro,Urbana,Semáforo,Funciona,Intersección,Bueno,Buena,Diurna,Buen Tiempo,S/D,Peatón,Atropello,Otro,Vertical,Ninguna,Sin restricción,POINT (-60.643162000000004 -32.9431566),"['Paraguay', 'San Lorenzo']",2,Paraguay; San Lorenzo,-32.9431566,-60.643162,55.0,538.0,Municipio Rosario,Municipio,Rosario,820210,Servicio de Catastro e Información Territorial,IGN
2016,3473,2016-06-24,Viernes,0.0,18:15:00,,0.0,2,"Moto/Ciclomotor,Automóvil",Av. Arijon Y Laprida,2,2,0,0,0,0,0,,Calle,,ROSARIO,Rosario,Asfalto,S/D,II,Dentro,Urbana,Señal Pare,No existe,Intersección,S/D,Buena,Diurna,Buen Tiempo,Lateral,S/D,Colisión,S/D,Vertical,Línea divisoria pintada,Sin restricción,POINT (-60.6469781 -33.00299270000001),"['Avenida Manuel Arijón', 'Laprida']",2,Avenida Manuel Arijón; Francisco Narciso Laprida,-33.00299270000001,-60.6469781,55.0,538.0,Municipio Rosario,Municipio,Rosario,820210,Servicio de Catastro e Información Territorial,IGN
2016,3475,2016-06-20,Lunes,0.0,15:30:00,,0.0,2,"Automóvil,Automóvil",Av. Battle y Ordoñez Y Av. Bermudez,5,3,0,0,2,0,0,,Calle,,ROSARIO,Rosario,Asfalto,No existe,II,Dentro,Urbana,Ninguna,No existe,Intersección,Bueno,Buena,Diurna,Buen Tiempo,S/D,S/D,Colisión,Agua,Horizontal,Línea divisoria pintada,Sin restricción,POINT (-60.642303600000005 -33.00874819999999),"['Avenida Battle y Ordoñez', 'Bermudez']",2,Avenida Battle y Ordoñez; Avenida José Bermúdez,-33.00874819999999,-60.642303600000005,55.0,538.0,Municipio Rosario,Municipio,Rosario,820210,Servicio de Catastro e Información Territorial,IGN
2016,3476,2016-06-29,Miercoles,0.0,19:30:00,,0.0,2,"Automóvil,Moto/Ciclomotor",Tucuman Y Sarmiento,2,1,0,0,1,0,0,,Calle,,ROSARIO,Rosario,Asfalto,Pavimento,II,Dentro,Urbana,Ninguna,Funciona,Intersección,Bueno,Buena,Atardecer,Buen Tiempo,S/D,S/D,Colisión,Otro,Vertical,Ninguna,Sin restricción,POINT (-60.6370593 -32.9418483),"['Tucumán', 'Sarmiento']",2,Tucumán; Sarmiento,-32.9418483,-60.6370593,55.0,538.0,Municipio Rosario,Municipio,Rosario,820210,Servicio de Catastro e Información Territorial,IGN
2016,3477,2016-06-01,Miercoles,0.0,16:30:00,,0.0,2,"Automóvil,Moto/Ciclomotor",Bv. Segui Y Callao,2,1,0,0,1,0,0,,Calle,,ROSARIO,Rosario,Asfalto,No existe,II,Dentro,Urbana,Ninguna,No existe,Intersección,Bueno,Buena,Diurna,Buen Tiempo,De alcance,S/D,Colisión,Ninguna,Faltante,Ninguna,Sin restricción,POINT (-60.6682971 -32.97516315),"['Bulevar Juan Francisco Seguí', 'Callao']",2,Bulevar Juan Francisco Seguí; Callao,-32.97516315,-60.6682971,55.0,538.0,Municipio Rosario,Municipio,Rosario,820210,Servicio de Catastro e Información Territorial,IGN
2016,3478,2016-06-16,Jueves,0.0,14:30:00,,0.0,2,"Automóvil,Peatón",Balcarce Y Montevideo,2,1,0,0,1,0,0,,Calle,,ROSARIO,Rosario,Asfalto,Pavimento,II,Dentro,Urbana,Marca Vial,S/D,Intersección,Bueno,Buena,Diurna,Buen Tiempo,S/D,Peatón,Atropello,S/D,Horizontal,Cordón divisorio,Sin restricción,POINT (-60.6543933 -32.953676800000004),"['Balcarce', 'Montevideo']",2,Balcarce; Montevideo,-32.953676800000004,-60.6543933,55.0,538.0,Municipio Rosario,Municipio,Rosario,820210,Servicio de Catastro e Información Territorial,IGN
2016,3480,2016-06-16,Jueves,0.0,21:15:00,,0.0,2,"Moto/Ciclomotor,Automóvil",Lozzia Y Av. Battle y Ordoñez,2,1,0,0,1,0,0,,Calle,,ROSARIO,Rosario,S/D,No existe,II,Dentro,Urbana,S/D,Funciona,Intersección,S/D,Buena,Nocturna,Buen Tiempo,Lateral,S/D,Colisión,S/D,S/D,Línea divisoria pintada,Sin restricción,POINT (-60.6383823 -33.008622300000006),"['Lozzia', 'Avenida Battle y Ordoñez']",2,Lozzia; Avenida Battle y Ordoñez,-33.008622300000006,-60.6383823,55.0,538.0,Municipio Rosario,Municipio,Rosario,820210,Servicio de Catastro e Información Territorial,IGN
2016,3482,2016-06-16,Jueves,0.0,16:10:00,,0.0,2,"Moto/Ciclomotor,Automóvil",Av. Uriburu Y Laprida,2,1,0,0,1,0,0,,Calle,,ROSARIO,Rosario,Asfalto,No existe,II,Dentro,Urbana,Señal Pare,No existe,Intersección,Bueno,S/D,Diurna,S/D,Lateral,S/D,Colisión,S/D,Vertical,Cordón divisorio,S/D,POINT (-60.645184500000006 -32.990651),"['Uriburu', 'Laprida']",2,Avenida José Uriburu; Francisco Narciso Laprida,-32.990651,-60.645184500000006,55.0,538.0,Municipio Rosario,Municipio,Rosario,820210,Servicio de Catastro e Información Territorial,IGN
2016,3483,2016-06-18,Sabado,0.0,8:00:00,,0.0,2,"Moto/Ciclomotor,Automóvil",Dorrego Y Montevideo,3,2,0,0,1,0,0,,Calle,,ROSARIO,Rosario,Asfalto,Pavimento,II,Dentro,Urbana,Marca Vial,No existe,Intersección,Bueno,Buena,Diurna,Buen Tiempo,Lateral,S/D,Colisión,S/D,Horizontal,Cordón divisorio,Sin restricción,POINT (-60.651640799999996 -32.95416689999999),"['Dorrego', 'Montevideo']",2,Manuel Dorrego; Montevideo,-32.95416689999999,-60.6516408,55.0,538.0,Municipio Rosario,Municipio,Rosario,820210,Servicio de Catastro e Información Territorial,IGN
2016,3484,2016-06-13,Lunes,0.0,8:50:00,,0.0,2,"Bicicleta,Automóvil",Ituzaingo Y Maipu,2,1,0,0,1,0,0,,Calle,,ROSARIO,Rosario,Asfalto,S/D,II,Dentro,Urbana,S/D,S/D,Intersección,Bueno,Buena,Diurna,Buen Tiempo,S/D,Ciclista,"Caída ocupante,Atropello",Ninguna,S/D,S/D,Sin restricción,POINT (-60.6390085 -32.961221599999995),"['Ituzaingó', 'Maipú']",2,Ituzaingó; Maipú,-32.961221599999995,-60.6390085,55.0,538.0,Municipio Rosario,Municipio,Rosario,820210,Servicio de Catastro e Información Territorial,IGN
2016,3485,2016-06-13,Lunes,0.0,15:30:00,,0.0,2,"Moto/Ciclomotor,Pickup/Utilitario",Bv. 27 De Febrero Y Ayacucho,2,1,0,0,1,0,0,,Avenida,,ROSARIO,Rosario,Asfalto,S/D,II,Dentro,Urbana,S/D,S/D,Intersección,Bueno,Buena,Diurna,Buen Tiempo,De alcance,S/D,Colisión,S/D,S/D,S/D,Sin restricción,POINT (-60.6322277 -32.96960704999999),"['27 de Febrero', 'Ayacucho']",2,Bulevar 27 de Febrero; Ayacucho,-32.96960704999999,-60.6322277,55.0,538.0,Municipio Rosario,Municipio,Rosario,820210,Servicio de Catastro e Información Territorial,IGN
2016,3486,2016-06-19,Domingo,0.0,9:40:00,,0.0,2,"Moto/Ciclomotor,Taxi/Remis",Paraguay Y Rioja,2,2,0,0,0,0,0,,Calle,,ROSARIO,Rosario,Asfalto,Pavimento,II,Dentro,Urbana,Semáforo,No existe,Intersección,Bueno,Buena,Diurna,Buen Tiempo,Lateral,S/D,Colisión,S/D,Vertical,Cordón divisorio,S/D,POINT (-60.6440183 -32.946608999999995),"['Paraguay', 'Rioja']",2,Paraguay; Rioja,-32.946608999999995,-60.6440183,55.0,538.0,Municipio Rosario,Municipio,Rosario,820210,Servicio de Catastro e Información Territorial,IGN
2016,3487,2016-06-14,Martes,0.0,18:40:00,,0.0,2,"Moto/Ciclomotor,Automóvil",Colon Y Bv. 27 De Febrero,2,1,0,0,1,0,0,,Calle,,ROSARIO,Rosario,Asfalto,S/D,II,Dentro,Urbana,S/D,S/D,Intersección,Bueno,Buena,Diurna,Buen Tiempo,S/D,S/D,Colisión,S/D,S/D,S/D,Sin restricción,POINT (-60.63087325 -32.96985020000001),"['Colon', '27 de Febrero']",2,Cristóbal Colón; Bulevar 27 de Febrero,-32.96985020000001,-60.63087325,55.0,538.0,Municipio Rosario,Municipio,Rosario,820210,Servicio de Catastro e Información Territorial,IGN
2016,3488,2016-06-20,Lunes,0.0,16:00:00,,0.0,2,"Automóvil,Pickup/Utilitario",Bv. Oroño Y Guemes,2,1,0,0,1,0,0,,Avenida,,ROSARIO,Rosario,Asfalto,S/D,II,Dentro,Urbana,S/D,S/D,Intersección,Bueno,Buena,Diurna,Buen Tiempo,De alcance,S/D,Colisión,S/D,S/D,S/D,S/D,POINT (-60.6506482 -32.9332604),"['Bulevar Nicasio Oroño', 'Güemes']",2,Bulevar Nicasio Oroño; Güemes,-32.9332604,-60.6506482,55.0,538.0,Municipio Rosario,Municipio,Rosario,820210,Servicio de Catastro e Información Territorial,IGN
2016,3489,2016-06-16,Jueves,0.0,7:10:00,,0.0,2,"Bicicleta,Taxi/Remis",San Juan Y Balcarce,2,1,0,0,1,0,0,,Calle,,ROSARIO,Rosario,Asfalto,Pavimento,II,Dentro,Urbana,Marca Vial,No existe,Intersección,Bueno,Buena,Diurna,Buen Tiempo,Lateral,Ciclista,Atropello,S/D,Horizontal,Cordón divisorio,Sin restricción,POINT (-60.6528703 -32.947698),"['San Juan', 'Balcarce']",2,San Juan; Balcarce,-32.947698,-60.6528703,55.0,538.0,Municipio Rosario,Municipio,Rosario,820210,Servicio de Catastro e Información Territorial,IGN
2016,3490,2016-06-20,Lunes,0.0,16:15:00,,0.0,3,"Moto/Ciclomotor,Automóvil,Automóvil",Av. Belgrano 2000,5,3,0,0,2,0,0,,Calle,,ROSARIO,Rosario,Asfalto,S/D,II,Dentro,Urbana,S/D,S/D,Recta,Bueno,Buena,Diurna,Buen Tiempo,Múltiple,S/D,Colisión,S/D,S/D,S/D,S/D,"-32.9409711, -60.7133596",['Belgrano 2000'],1,Belgrano 2000,-32.9409711,-60.7133596,55.0,538.0,Municipio Rosario,Municipio,Rosario,820210,Servicio de Catastro e Información Territorial,IGN
2016,3491,2016-06-18,Sabado,0.0,14:40:00,,0.0,2,"Automóvil,Automóvil",9 De Julio Y Mariano Moreno,5,1,0,0,4,0,0,,Calle,,ROSARIO,Rosario,Asfalto,Pavimento,II,Dentro,Urbana,S/D,S/D,Intersección,Bueno,Buena,Diurna,Buen Tiempo,Lateral,S/D,Colisión,S/D,S/D,Cordón divisorio,Sin restricción,POINT (-60.6524866 -32.951627),"['9 de Julio', 'Mariano Moreno']",2,9 de Julio; Mariano Moreno,-32.951627,-60.6524866,55.0,538.0,Municipio Rosario,Municipio,Rosario,820210,Servicio de Catastro e Información Territorial,IGN
2016,3492,2016-06-09,Jueves,0.0,21:50:00,,0.0,2,"Automóvil,Moto/Ciclomotor",Italia Y Mendoza,2,1,0,0,1,0,0,,Calle,,ROSARIO,Rosario,Asfalto,Pavimento,II,Dentro,Urbana,Marca Vial,No existe,Intersección,Bueno,Buena,Nocturna,Buen Tiempo,Lateral,S/D,Colisión,S/D,Horizontal,Cordón divisorio,Sin restricción,POINT (-60.6491502 -32.9498054),"['Italia', 'Mendoza']",2,Italia; Mendoza,-32.9498054,-60.6491502,55.0,538.0,Municipio Rosario,Municipio,Rosario,820210,Servicio de Catastro e Información Territorial,IGN
2016,3493,2016-06-07,Martes,0.0,11:30:00,,0.0,2,"Peatón,Moto/Ciclomotor",Santa Fe 1600,2,1,0,0,1,0,0,,Calle,,ROSARIO,Rosario,Asfalto,Pavimento,II,Dentro,Urbana,S/D,Funciona,Intersección,Bueno,Buena,Diurna,Buen Tiempo,Lateral,Peatón,Atropello,S/D,Horizontal,Ninguna,S/D,"-32.9437844, -60.6448709",['Santa Fe 1600'],1,Santa Fe 1600,-32.9437844,-60.6448709,55.0,538.0,Municipio Rosario,Municipio,Rosario,820210,Servicio de Catastro e Información Territorial,IGN
2016,3494,2016-06-27,Lunes,0.0,14:40:00,,0.0,2,"Automóvil,Moto/Ciclomotor",Sarmiento Y Bv. Segui,2,1,0,0,1,0,0,,Calle,,ROSARIO,Rosario,Asfalto,No existe,II,Dentro,Urbana,Ninguna,No existe,Intersección,Bueno,Buena,Diurna,Buen Tiempo,De alcance,S/D,Colisión,S/D,Faltante,Ninguna,Sin restricción,POINT (-60.64638135 -32.9790819),"['Sarmiento', 'Bulevar Juan Francisco Seguí']",2,Sarmiento; Bulevar Juan Francisco Seguí,-32.9790819,-60.64638135,55.0,538.0,Municipio Rosario,Municipio,Rosario,820210,Servicio de Catastro e Información Territorial,IGN