anio_acci,nro_acci,fecha,desc_dia,fecha_aprox,hora_aprox,desc_ruta,km,cant_participantes,desc_participante,calle_avenida_km,total,heridos_leves,heridos_graves,heridos_gravisimos,ilesos,fallecidos,sin_datos,posicion_XY,desc_tipo_via,desc_ruta_ori,desc_loc,desc_dpto,desc_tipo_calzada,desc_tipo_banquina,desc_unidad_regional,desc_lugar_calzada,desc_zona,desc_prioridad,desc_estado_semaforo,desc_lugar_via,desc_estado_via,desc_estado_visibilidad,desc_luminosidad,desc_estado_clima,desc_tipo_colision,desc_tipo_atropello,desc_tipo_hecho,desc_pres_calzada,desc_senializacion,desc_separacion_via,desc_restriccion,forma_geocod,calle_lista,numero_calles,calles_osm,lat,lon,index_right,gid,fna,gna,nam,in1,fdc,sag
2016,3495,2016-06-03,Viernes,0.0,15:05:00,,0.0,2,"Moto/Ciclomotor,Automóvil",Pte.Roca Y Montevideo,2,1,0,0,1,0,0,,Calle,,ROSARIO,Rosario,Asfalto,Pavimento,II,Dentro,Urbana,Marca Vial,No existe,Intersección,Bueno,Buena,Diurna,Buen Tiempo,Lateral,S/D,Colisión,S/D,Horizontal,Cordón divisorio,Sin restricción,POINT (-60.6475352 -32.954896299999994),"['Roca', 'Montevideo']",2,Presidente Roca; Montevideo,-32.954896299999994,-60.6475352,55.0,538.0,Municipio Rosario,Municipio,Rosario,820210,Servicio de Catastro e Información Territorial,IGN
2016,3496,2016-06-06,Lunes,0.0,21:45:00,,0.0,1,,Pte.Roca Y Rioja,5,3,0,0,2,0,0,,Calle,,ROSARIO,Rosario,Asfalto,Pavimento,II,Dentro,Urbana,S/D,S/D,Intersección,Bueno,Buena,Nocturna,Buen Tiempo,Lateral,S/D,Colisión,S/D,S/D,Cordón divisorio,Sin restricción,POINT (-60.6453839 -32.94636289999999),"['Roca', 'Rioja']",2,Presidente Roca; Rioja,-32.94636289999999,-60.6453839,55.0,538.0,Municipio Rosario,Municipio,Rosario,820210,Servicio de Catastro e Información Territorial,IGN
2016,3497,2016-06-06,Lunes,0.0,21:45:00,,0.0,3,"Automóvil,Automóvil,Automóvil",Pte.Roca Y Rioja,5,3,0,0,2,0,0,,Calle,,ROSARIO,Rosario,Asfalto,Pavimento,II,Dentro,Urbana,S/D,S/D,Intersección,Bueno,Buena,Nocturna,Buen Tiempo,Múltiple,S/D,Colisión,S/D,S/D,Cordón divisorio,Sin restricción,POINT (-60.6453839 -32.94636289999999),"['Roca', 'Rioja']",2,Presidente Roca; Rioja,-32.94636289999999,-60.6453839,55.0,538.0,Municipio Rosario,Municipio,Rosario,820210,Servicio de Catastro e Información Territorial,IGN
2016,3498,2016-06-25,Sabado,0.0,19:00:00,,0.0,2,"Automóvil,Moto/Ciclomotor",San Martin Y Garibaldi,2,1,0,0,1,0,0,,Calle,,ROSARIO,Rosario,Asfalto,No existe,II,Dentro,Urbana,S/D,No existe,Intersección,Bueno,Buena,Atardecer,Buen Tiempo,De alcance,S/D,Colisión,Ninguna,Faltante,S/D,Sin restricción,POINT (-60.645777800000005 -32.986383249999996),"['San Martin', 'José Garibaldi']",2,José de San Martín; José Garibaldi,-32.98638325,-60.645777800000005,55.0,538.0,Municipio Rosario,Municipio,Rosario,820210,Servicio de Catastro e Información Territorial,IGN
2016,3500,2016-06-25,Sabado,0.0,13:00:00,,0.0,2,"Automóvil,Automóvil",Bv. Segui Y Santiago,4,1,0,0,3,0,0,,Calle,,ROSARIO,Rosario,Asfalto,No existe,II,Dentro,Urbana,Ninguna,No existe,Intersección,Bueno,Buena,Diurna,Buen Tiempo,De alcance,S/D,Colisión,Ninguna,Faltante,Ninguna,Sin restricción,POINT (-60.66421355000001 -32.97588705),"['Bulevar Juan Francisco Seguí', 'Santiago']",2,Bulevar Juan Francisco Seguí; Santiago,-32.97588705,-60.66421355000001,55.0,538.0,Municipio Rosario,Municipio,Rosario,820210,Servicio de Catastro e Información Territorial,IGN
2016,3501,2016-05-31,Martes,0.0,14:00:00,,0.0,2,"Bicicleta,Automóvil",Mendoza 1500,2,1,0,0,1,0,0,,Calle,,ROSARIO,Rosario,Asfalto,Pavimento,II,Dentro,Urbana,S/D,No existe,Recta,Bueno,Buena,Diurna,Buen Tiempo,S/D,Ciclista,Atropello,S/D,Horizontal,Cordón divisorio,Sin restricción,"-32.9505198, -60.6448959",['Mendoza 1500'],1,Mendoza 1500,-32.9505198,-60.6448959,55.0,538.0,Municipio Rosario,Municipio,Rosario,820210,Servicio de Catastro e Información Territorial,IGN
2016,3502,2016-06-02,Jueves,0.0,13:25:00,,0.0,2,"Automóvil,Bicicleta",Ayacucho Y Riobamba,2,1,0,0,1,0,0,,Calle,,ROSARIO,Rosario,Asfalto,S/D,II,Dentro,Urbana,S/D,S/D,Intersección,Bueno,Buena,Diurna,Buen Tiempo,S/D,Ciclista,Atropello,S/D,S/D,S/D,Sin restricción,POINT (-60.6310742 -32.9650233),"['Ayacucho', 'Riobamba']",2,Ayacucho; Riobamba,-32.9650233,-60.6310742,55.0,538.0,Municipio Rosario,Municipio,Rosario,820210,Servicio de Catastro e Información Territorial,IGN
2016,3503,2016-06-02,Jueves,0.0,21:00:00,,0.0,2,"Moto/Ciclomotor,Automóvil",L.N.Alem Y Ocampo,3,2,0,0,1,0,0,,Calle,,ROSARIO,Rosario,Asfalto,S/D,II,Dentro,Urbana,S/D,S/D,Intersección,Bueno,Buena,Nocturna,Buen Tiempo,Lateral,S/D,Colisión,S/D,S/D,S/D,Sin restricción,POINT (-60.6333137 -32.9682159),"['Alem', 'Ocampo']",2,Leandro N. Alem; Ocampo,-32.9682159,-60.6333137,55.0,538.0,Municipio Rosario,Municipio,Rosario,820210,Servicio de Catastro e Información Territorial,IGN
2016,3504,2016-06-22,Miercoles,0.0,19:50:00,,0.0,2,"Moto/Ciclomotor,Automóvil",Zapiola Y Liniers,2,1,0,0,1,0,0,,Calle,,ROSARIO,Rosario,Asfalto,S/D,II,Dentro,Urbana,S/D,S/D,Intersección,Bueno,Buena,Atardecer,Buen Tiempo,Lateral,S/D,Colisión,S/D,S/D,S/D,S/D,POINT (-60.698535400000004 -32.9450717),"['Zapiola', 'Liniers']",2,Zapiola; Liniers,-32.9450717,-60.6985354,55.0,538.0,Municipio Rosario,Municipio,Rosario,820210,Servicio de Catastro e Información Territorial,IGN
2016,3506,2016-06-23,Jueves,0.0,12:00:00,,0.0,2,"Moto/Ciclomotor,Automóvil",Bv. Segui Y Mitre,2,1,0,0,1,0,0,,Calle,,ROSARIO,Rosario,Asfalto,No existe,II,Dentro,Urbana,Ninguna,No existe,Intersección,Bueno,Buena,Diurna,Buen Tiempo,De alcance,S/D,Colisión,Ninguna,Faltante,Ninguna,Sin restricción,POINT (-60.6477426 -32.97883275),"['Bulevar Juan Francisco Seguí', 'Mitre']",2,Bulevar Juan Francisco Seguí; Bartolomé Mitre,-32.97883275,-60.6477426,55.0,538.0,Municipio Rosario,Municipio,Rosario,820210,Servicio de Catastro e Información Territorial,IGN
2016,3507,2016-06-02,Jueves,0.0,6:50:00,,0.0,2,"Automóvil,Automóvil",Pueyrredon Y Gaboto,2,1,0,0,1,0,0,,Calle,,ROSARIO,Rosario,Asfalto,No existe,II,Dentro,Urbana,Ninguna,No existe,Intersección,Bueno,Buena,Amanecer,Buen Tiempo,De alcance,S/D,Colisión,Ninguna,Faltante,Ninguna,Sin restricción,POINT (-60.66414820000001 -32.969907),"['Pueyrredón', 'Gaboto']",2,Pueyrredón; Gaboto,-32.969907,-60.66414820000001,55.0,538.0,Municipio Rosario,Municipio,Rosario,820210,Servicio de Catastro e Información Territorial,IGN
2016,3508,2016-06-05,Domingo,0.0,20:10:00,,0.0,2,"Bicicleta,Automóvil",Colon Y Pasco,2,1,0,0,1,0,0,,Calle,,ROSARIO,Rosario,Asfalto,S/D,II,Dentro,Urbana,S/D,S/D,Recta,Bueno,Buena,Nocturna,Buen Tiempo,S/D,Ciclista,Atropello,S/D,S/D,S/D,Sin restricción,POINT (-60.628843599999996 -32.961846099999995),"['Colon', 'Pasco']",2,Cristóbal Colón; Pasco,-32.961846099999995,-60.6288436,55.0,538.0,Municipio Rosario,Municipio,Rosario,820210,Servicio de Catastro e Información Territorial,IGN
2016,3510,2016-06-17,Viernes,0.0,19:50:00,,0.0,2,"Moto/Ciclomotor,Automóvil",Av. Provincias Unidas Y Forest,2,1,0,0,1,0,0,,Calle,,ROSARIO,Rosario,Asfalto,S/D,II,Dentro,Urbana,S/D,S/D,Intersección,Bueno,S/D,Atardecer,Buen Tiempo,Lateral,S/D,Colisión,S/D,S/D,S/D,S/D,POINT (-60.7124582 -32.943523400000004),"['Avenida Provincias Unidas', 'Carlos Forest']",2,Avenida Provincias Unidas; Carlos Forest,-32.943523400000004,-60.7124582,55.0,538.0,Municipio Rosario,Municipio,Rosario,820210,Servicio de Catastro e Información Territorial,IGN
2016,3512,2016-06-17,Viernes,0.0,9:10:00,,0.0,2,"Moto/Ciclomotor,Automóvil",Montevideo Y Roullon,2,1,0,0,1,0,0,,Calle,,ROSARIO,Rosario,Asfalto,S/D,II,Dentro,Urbana,S/D,S/D,Intersección,Bueno,Buena,Diurna,Buen Tiempo,Lateral,S/D,Colisión,S/D,S/D,S/D,S/D,POINT (-60.701961499999996 -32.9471749),"['Montevideo', 'Alfredo Rouillón']",2,Montevideo; Alfredo Rouillón,-32.9471749,-60.7019615,55.0,538.0,Municipio Rosario,Municipio,Rosario,820210,Servicio de Catastro e Información Territorial,IGN
2016,3513,2016-06-27,Lunes,0.0,19:30:00,,0.0,2,"Bicicleta,Automóvil",Ayacucho Y 24 De Setiembre,2,1,0,0,1,0,0,,Calle,,ROSARIO,Rosario,Asfalto,No existe,II,Dentro,Urbana,Ninguna,No existe,Intersección,Bueno,Buena,Nocturna,Buen Tiempo,S/D,Ciclista,Atropello,Ninguna,Faltante,Ninguna,Sin restricción,POINT (-60.6356427 -32.98220140000001),"['Ayacucho', '24 de Septiembre']",2,Ayacucho; 24 de Septiembre,-32.98220140000001,-60.6356427,55.0,538.0,Municipio Rosario,Municipio,Rosario,820210,Servicio de Catastro e Información Territorial,IGN
2016,3515,2016-06-10,Viernes,0.0,16:55:00,,0.0,2,"Automóvil,Pickup/Utilitario",Santa Fe Y Magallanes,2,1,0,0,1,0,0,,Calle,,ROSARIO,Rosario,Asfalto,S/D,II,Dentro,Urbana,S/D,Funciona,Intersección,Bueno,S/D,Diurna,Buen Tiempo,Lateral,S/D,Colisión,S/D,S/D,S/D,S/D,POINT (-60.70474230000001 -32.9354883),"['Santa Fe', 'Magallanes']",2,Santa Fe; Magallanes,-32.9354883,-60.70474230000001,55.0,538.0,Municipio Rosario,Municipio,Rosario,820210,Servicio de Catastro e Información Territorial,IGN
2016,3516,2016-06-07,Martes,0.0,10:30:00,,0.0,2,"Moto/Ciclomotor,Automóvil",Av. Provincias Unidas Y Pje. Pettinari,2,1,0,0,1,0,0,,Calle,,ROSARIO,Rosario,Asfalto,S/D,II,Dentro,Urbana,S/D,S/D,Intersección,Bueno,Buena,Diurna,Buen Tiempo,Lateral,S/D,Colisión,S/D,S/D,S/D,S/D,POINT (-60.71264515 -32.939633449999995),"['Avenida Provincias Unidas', 'Pettinari']",2,Avenida Provincias Unidas; Pettinari,-32.939633449999995,-60.71264515,55.0,538.0,Municipio Rosario,Municipio,Rosario,820210,Servicio de Catastro e Información Territorial,IGN
2016,3518,2016-06-19,Domingo,0.0,19:15:00,,0.0,2,"Peatón,Otros",Bv. Segui Y Camilo Aldao,2,1,0,0,0,0,1,,Avenida,,ROSARIO,Rosario,S/D,S/D,II,Dentro,Urbana,S/D,S/D,Intersección,S/D,S/D,S/D,S/D,S/D,S/D,Atropello,S/D,S/D,S/D,S/D,POINT (-60.694818649999995 -32.97059495),"['Bulevar Juan Francisco Seguí', 'Camilo Aldao']",2,Bulevar Juan Francisco Seguí; Camilo Aldao,-32.97059495,-60.69481865,55.0,538.0,Municipio Rosario,Municipio,Rosario,820210,Servicio de Catastro e Información Territorial,IGN
2016,3519,2016-06-20,Lunes,0.0,20:00:00,,0.0,2,"Moto/Ciclomotor,Moto/Ciclomotor",J.M.de Rosas Y Gaboto,2,2,0,0,0,0,0,,Calle,,ROSARIO,Rosario,Asfalto,No existe,II,Dentro,Urbana,Ninguna,No existe,Intersección,Bueno,Buena,"Nocturna,Con luz artificial",Buen Tiempo,Lateral,S/D,Colisión,Ninguna,Faltante,Ninguna,Sin restricción,POINT (-60.6380379 -32.9745911),"['De Rosas', 'Gaboto']",2,Juan Manuel de Rosas; Gaboto,-32.9745911,-60.6380379,55.0,538.0,Municipio Rosario,Municipio,Rosario,820210,Servicio de Catastro e Información Territorial,IGN
2016,3521,2016-06-19,Domingo,0.0,15:45:00,,0.0,2,"Moto/Ciclomotor,Automóvil",Av. Provincias Unidas 2800,3,2,0,0,1,0,0,,Avenida,,ROSARIO,Rosario,Asfalto,S/D,II,Dentro,Urbana,S/D,S/D,Recta,S/D,S/D,S/D,Buen Tiempo,S/D,S/D,S/D,S/D,S/D,S/D,S/D,"-32.96160669194631, -60.711892167114094",['Provincias Unidas 2800'],1,Provincias Unidas 2800,-32.96160669194631,-60.711892167114094,55.0,538.0,Municipio Rosario,Municipio,Rosario,820210,Servicio de Catastro e Información Territorial,IGN
2016,3522,2016-06-19,Domingo,0.0,21:50:00,,0.0,2,"Moto/Ciclomotor,Automóvil",L.N.Alem Y Bv. Segui,2,1,0,0,1,0,0,,Avenida,,ROSARIO,Rosario,Asfalto,No existe,II,Dentro,Urbana,Ninguna,No existe,Intersección,Bueno,Buena,"Nocturna,Con luz artificial",Buen Tiempo,Lateral,S/D,Colisión,Ninguna,Faltante,Cordón divisorio,Sin restricción,POINT (-60.63650380000001 -32.980857400000005),"['Alem', 'Bulevar Juan Francisco Seguí']",2,Leandro N. Alem; Bulevar Juan Francisco Seguí,-32.980857400000005,-60.63650380000001,55.0,538.0,Municipio Rosario,Municipio,Rosario,820210,Servicio de Catastro e Información Territorial,IGN
2016,3525,2016-06-18,Sabado,0.0,11:00:00,,0.0,2,"Pickup/Utilitario,Automóvil",Buenos Aires Y Amenabar,2,1,0,0,1,0,0,,Calle,,ROSARIO,Rosario,Asfalto,No existe,II,Dentro,Urbana,Ninguna,No existe,Intersección,Otro,Buena,Diurna,Buen Tiempo,Lateral,S/D,Colisión,Ninguna,Faltante,Ninguna,Sin restricción,POINT (-60.639182299999995 -32.973197600000006),"['Buenos Aires', 'Amenabar']",2,Buenos Aires; José de Amenábar,-32.973197600000006,-60.6391823,55.0,538.0,Municipio Rosario,Municipio,Rosario,820210,Servicio de Catastro e Información Territorial,IGN
2016,3527,2016-06-13,Lunes,0.0,19:30:00,,0.0,2,"Moto/Ciclomotor,Automóvil",J.M.de Rosas Y Bv. Segui,2,1,0,0,1,0,0,,Avenida,,ROSARIO,Rosario,Asfalto,No existe,II,Dentro,Urbana,Ninguna,No existe,Intersección,Bueno,Buena,Nocturna,Buen Tiempo,Lateral,S/D,Colisión,Ninguna,Faltante,Cordón divisorio,Sin restricción,POINT (-60.63947580000001 -32.98032074999999),"['De Rosas', 'Bulevar Juan Francisco Seguí']",2,Juan Manuel de Rosas; Bulevar Juan Francisco Seguí,-32.98032074999999,-60.63947580000001,55.0,538.0,Municipio Rosario,Municipio,Rosario,820210,Servicio de Catastro e Información Territorial,IGN
2016,3528,2016-06-21,Martes,0.0,11:15:00,,0.0,2,"Automóvil,Moto/Ciclomotor",Rivarola Y C.Larralde,2,1,0,0,1,0,0,,S/D,,ROSARIO,Rosario,Hormigón,No existe,II,S/D,Urbana,Ninguna,No existe,Intersección,Bueno,Buena,Diurna,Buen Tiempo,Lateral,S/D,Colisión,S/D,Horizontal,Cordón divisorio,Sin restricción,POINT (-60.7260058 -32.9662522),"['Rivarola', 'Larralde']",2,Avenida Doctor Rivarola; Crisologo Larralde,-32.9662522,-60.7260058,55.0,538.0,Municipio Rosario,Municipio,Rosario,820210,Servicio de Catastro e Información Territorial,IGN
2016,3540,2016-06-10,Viernes,0.0,15:45:00,,0.0,2,"Moto/Ciclomotor,Moto/Ciclomotor",Ayacucho Y Centeno,2,2,0,0,0,0,0,,Calle,,ROSARIO,Rosario,Asfalto,No existe,II,Dentro,Urbana,Ninguna,No existe,Intersección,Bueno,Buena,Diurna,Buen Tiempo,Lateral,S/D,Colisión,S/D,Faltante,Ninguna,Sin restricción,POINT (-60.6363617 -32.9868524),"['Ayacucho', 'Centeno']",2,Ayacucho; Coronel Centeno,-32.9868524,-60.6363617,55.0,538.0,Municipio Rosario,Municipio,Rosario,820210,Servicio de Catastro e Información Territorial,IGN
2016,3541,2016-06-08,Miercoles,0.0,14:40:00,,0.0,2,"Automóvil,Moto/Ciclomotor",Bv. Segui Y Buenos Aires,2,1,0,0,1,0,0,,Calle,,ROSARIO,Rosario,Asfalto,No existe,II,Dentro,Urbana,Ninguna,No existe,Intersección,Bueno,Buena,Diurna,Buen Tiempo,Lateral,S/D,Colisión,S/D,Faltante,Cordón divisorio,Sin restricción,POINT (-60.640923400000005 -32.98006374999999),"['Bulevar Juan Francisco Seguí', 'Buenos Aires']",2,Bulevar Juan Francisco Seguí; Buenos Aires,-32.98006374999999,-60.640923400000005,55.0,538.0,Municipio Rosario,Municipio,Rosario,820210,Servicio de Catastro e Información Territorial,IGN
2016,3542,2016-06-06,Lunes,0.0,15:40:00,,0.0,2,"Moto/Ciclomotor,Moto/Ciclomotor",Grandoli Y Bv. Segui,2,2,0,0,0,0,0,,Calle,,ROSARIO,Rosario,Asfalto,No existe,II,Dentro,Urbana,Ninguna,No existe,Intersección,Bueno,Buena,Diurna,Buen Tiempo,Lateral,S/D,Colisión,S/D,Faltante,Cordón divisorio,Sin restricción,POINT (-60.62803015 -32.98236034999999),"['Avenida Abanderado Grandoli', 'Bulevar Juan Francisco Seguí']",2,Avenida Abanderado Grandoli; Bulevar Juan Francisco Seguí,-32.98236034999999,-60.62803015,55.0,538.0,Municipio Rosario,Municipio,Rosario,820210,Servicio de Catastro e Información Territorial,IGN
2016,3543,2016-06-06,Lunes,0.0,9:15:00,,0.0,2,"Automóvil,Moto/Ciclomotor",Bv. Segui Y Laprida,2,1,0,0,1,0,0,,Calle,,ROSARIO,Rosario,Asfalto,No existe,II,Dentro,Urbana,Ninguna,No existe,Intersección,Bueno,Buena,Diurna,Buen Tiempo,Lateral,S/D,Colisión,S/D,Faltante,Cordón divisorio,Sin restricción,POINT (-60.64243230000001 -32.97979135),"['Bulevar Juan Francisco Seguí', 'Laprida']",2,Bulevar Juan Francisco Seguí; Francisco Narciso Laprida,-32.97979135,-60.64243230000001,55.0,538.0,Municipio Rosario,Municipio,Rosario,820210,Servicio de Catastro e Información Territorial,IGN
2016,3544,2016-06-01,Miercoles,0.0,13:25:00,,0.0,2,"Pickup/Utilitario,Otros",Bv. Segui Y Buenos Aires,2,1,0,0,1,0,0,,Calle,,ROSARIO,Rosario,Asfalto,No existe,II,Dentro,Urbana,Ninguna,No existe,Intersección,Bueno,Buena,Diurna,Buen Tiempo,Lateral,S/D,Colisión,S/D,Faltante,Cordón divisorio,Sin restricción,POINT (-60.640923400000005 -32.98006374999999),"['Bulevar Juan Francisco Seguí', 'Buenos Aires']",2,Bulevar Juan Francisco Seguí; Buenos Aires,-32.98006374999999,-60.640923400000005,55.0,538.0,Municipio Rosario,Municipio,Rosario,820210,Servicio de Catastro e Información Territorial,IGN
2016,3545,2016-06-02,Jueves,0.0,13:00:00,,0.0,2,"Automóvil,Automóvil",Chacabuco Y Rueda,2,1,0,0,1,0,0,,Calle,,ROSARIO,Rosario,Asfalto,No existe,II,Dentro,Urbana,Ninguna,No existe,Intersección,Bueno,Buena,Diurna,Buen Tiempo,Lateral,S/D,Colisión,S/D,Faltante,Ninguna,Sin restricción,POINT (-60.6290154 -32.97383119999999),"['Chacabuco', 'Rueda']",2,Chacabuco; Rueda,-32.97383119999999,-60.6290154,55.0,538.0,Municipio Rosario,Municipio,Rosario,820210,Servicio de Catastro e Información Territorial,IGN
2016,3546,2016-06-21,Martes,0.0,19:30:00,,0.0,2,"Moto/Ciclomotor,Automóvil",Dorrego Y Ituzaingo,3,2,0,0,1,0,0,,Calle,,ROSARIO,Rosario,Asfalto,S/D,II,Dentro,Urbana,Ninguna,No existe,Intersección,Bueno,Buena,"Nocturna,Con luz artificial",Buen Tiempo,Lateral,S/D,Colisión,S/D,S/D,S/D,S/D,POINT (-60.65280490000001 -32.958759499999985),"['Dorrego', 'Ituzaingó']",2,Manuel Dorrego; Ituzaingó,-32.958759499999985,-60.65280490000001,55.0,538.0,Municipio Rosario,Municipio,Rosario,820210,Servicio de Catastro e Información Territorial,IGN
2016,3547,2016-06-16,Jueves,0.0,10:45:00,,0.0,2,"Automóvil,Automóvil",Av. Pellegrini 2700,2,1,0,0,1,0,0,,Calle,,ROSARIO,Rosario,Asfalto,S/D,II,Dentro,Urbana,Semáforo,Funciona,Recta,Bueno,Buena,Diurna,Buen Tiempo,De alcance,S/D,Colisión,S/D,Vertical,S/D,S/D,"-32.9532738, -60.6625911",['Pellegrini 2700'],1,Pellegrini 2700,-32.9532738,-60.6625911,55.0,538.0,Municipio Rosario,Municipio,Rosario,820210,Servicio de Catastro e Información Territorial,IGN
2016,3548,2016-06-17,Viernes,0.0,23:30:00,,0.0,2,"Moto/Ciclomotor,Automóvil",Italia Y Ocampo,3,2,0,0,1,0,0,,Calle,,ROSARIO,Rosario,Asfalto,S/D,II,Dentro,Urbana,S/D,S/D,Intersección,Bueno,Buena,"Nocturna,Con luz artificial",Buen Tiempo,Lateral,S/D,Colisión,S/D,S/D,S/D,S/D,POINT (-60.6529154 -32.96475379999999),"['Italia', 'Ocampo']",2,Italia; Ocampo,-32.96475379999999,-60.6529154,55.0,538.0,Municipio Rosario,Municipio,Rosario,820210,Servicio de Catastro e Información Territorial,IGN
2016,3549,2016-06-15,Miercoles,0.0,16:30:00,,0.0,2,"Automóvil,Moto/Ciclomotor",Bv. Segui Y Italia,3,2,0,0,1,0,0,,Calle,,ROSARIO,Rosario,Asfalto,No existe,II,Dentro,Urbana,Ninguna,No existe,Intersección,Bueno,Buena,Diurna,Buen Tiempo,De alcance,S/D,Colisión,S/D,Faltante,Ninguna,Sin restricción,POINT (-60.6560807 -32.977334),"['Bulevar Juan Francisco Seguí', 'Italia']",2,Bulevar Juan Francisco Seguí; Italia,-32.977334,-60.6560807,55.0,538.0,Municipio Rosario,Municipio,Rosario,820210,Servicio de Catastro e Información Territorial,IGN
2016,3558,2016-06-04,Sabado,0.0,8:00:00,,0.0,2,"Automóvil,Moto/Ciclomotor",Ocampo Y Laprida,3,2,0,0,1,0,0,,Calle,,ROSARIO,Rosario,Asfalto,S/D,II,Dentro,Urbana,S/D,S/D,Intersección,Bueno,Buena,Diurna,Buen Tiempo,S/D,S/D,Colisión,S/D,S/D,S/D,Sin restricción,POINT (-60.6392734 -32.967158299999994),"['Ocampo', 'Laprida']",2,Ocampo; Francisco Narciso Laprida,-32.967158299999994,-60.6392734,55.0,538.0,Municipio Rosario,Municipio,Rosario,820210,Servicio de Catastro e Información Territorial,IGN
2016,3559,2016-06-07,Martes,0.0,20:30:00,,0.0,2,"Automóvil,Bicicleta",Bv. 27 De Febrero Y L.N.Alem,2,1,0,0,1,0,0,,Calle,,ROSARIO,Rosario,Asfalto,S/D,II,Dentro,Urbana,S/D,S/D,Intersección,Bueno,Buena,Nocturna,Buen Tiempo,S/D,Ciclista,Atropello,S/D,S/D,S/D,Sin restricción,POINT (-60.63361105 -32.96936275),"['27 de Febrero', 'Alem']",2,Bulevar 27 de Febrero; Leandro N. Alem,-32.96936275,-60.63361105,55.0,538.0,Municipio Rosario,Municipio,Rosario,820210,Servicio de Catastro e Información Territorial,IGN
2016,3560,2016-06-13,Lunes,0.0,7:00:00,,0.0,2,"Moto/Ciclomotor,Automóvil",Esmeralda Y La Paz,3,2,0,0,1,0,0,,Calle,,ROSARIO,Rosario,Asfalto,S/D,II,Dentro,Urbana,S/D,S/D,Intersección,Bueno,Buena,Diurna,Buen Tiempo,S/D,S/D,Colisión,S/D,S/D,S/D,Sin restricción,POINT (-60.625933200000006 -32.9671369),"['Esmeralda', 'La Paz']",2,Esmeralda; La Paz,-32.9671369,-60.625933200000006,55.0,538.0,Municipio Rosario,Municipio,Rosario,820210,Servicio de Catastro e Información Territorial,IGN
2016,3561,2016-06-16,Jueves,0.0,11:00:00,,0.0,2,"Bicicleta,Moto/Ciclomotor",Buenos Aires Y San Luis,2,1,0,0,1,0,0,,Calle,,ROSARIO,Rosario,Asfalto,S/D,II,Dentro,Urbana,S/D,S/D,S/D,Bueno,Buena,Diurna,Buen Tiempo,Lateral,Ciclista,Atropello,S/D,S/D,Cordón divisorio,Sin restricción,POINT (-60.63335 -32.95001940000001),"['Buenos Aires', 'San Luis']",2,Buenos Aires; San Luis,-32.95001940000001,-60.63335,55.0,538.0,Municipio Rosario,Municipio,Rosario,820210,Servicio de Catastro e Información Territorial,IGN
2016,3565,2016-06-03,Viernes,0.0,8:30:00,,188.0,2,"Moto/Ciclomotor,Automóvil",Camilo Aldao Y Av. Pte.Peron,2,1,0,0,1,0,0,,Calle,,ROSARIO,Rosario,Asfalto,No existe,II,Dentro,Urbana,Ninguna,No existe,Intersección,Bueno,Buena,Diurna,S/D,Lateral,S/D,Colisión,S/D,Faltante,Barrera de hormigón,Sin restricción,POINT (-60.695184749999996 -32.959782),"['Camilo Aldao', 'Avenida Presidente Perón']",2,Camilo Aldao; Avenida Presidente Perón,-32.959782,-60.69518475,55.0,538.0,Municipio Rosario,Municipio,Rosario,820210,Servicio de Catastro e Información Territorial,IGN
2016,3566,2016-06-05,Domingo,0.0,16:00:00,,0.0,2,"Moto/Ciclomotor,Automóvil",Av. Pte.Peron Y Tte.Agneta,2,1,0,0,1,0,0,,Calle,,ROSARIO,Rosario,Asfalto,No existe,II,Dentro,Urbana,Ninguna,No existe,Intersección,Bueno,Buena,Diurna,S/D,Lateral,S/D,Colisión,S/D,Faltante,Barrera de hormigón,Sin restricción,POINT (-60.6989055 -32.96165564999999),"['Avenida Presidente Perón', 'Teniente Agneta']",2,Avenida Presidente Perón; Teniente Agneta,-32.96165564999999,-60.6989055,55.0,538.0,Municipio Rosario,Municipio,Rosario,820210,Servicio de Catastro e Información Territorial,IGN
2016,3567,2016-06-09,Jueves,0.0,10:30:00,,0.0,2,"Automóvil,Automóvil",Liniers Y Av. Pte.Peron,2,1,0,0,1,0,0,,Calle,,ROSARIO,Rosario,Asfalto,No existe,II,Dentro,Urbana,Ninguna,No existe,Intersección,Bueno,Buena,Diurna,S/D,Lateral,S/D,Colisión,S/D,Faltante,Barrera de hormigón,Sin restricción,POINT (-60.69772080000001 -32.961060049999986),"['Liniers', 'Avenida Presidente Perón']",2,Liniers; Avenida Presidente Perón,-32.961060049999986,-60.69772080000001,55.0,538.0,Municipio Rosario,Municipio,Rosario,820210,Servicio de Catastro e Información Territorial,IGN
2016,3569,2016-06-16,Jueves,0.0,15:00:00,,0.0,2,"Moto/Ciclomotor,Automóvil",Bv. Segui Y Pje. Martin,2,1,0,0,1,0,0,,Calle,,ROSARIO,Rosario,Asfalto,No existe,II,Dentro,Urbana,Ninguna,No existe,Intersección,Bueno,Buena,Diurna,S/D,Lateral,S/D,Colisión,S/D,Faltante,S/D,Sin restricción,POINT (-60.65340492 -32.97784811999999),"['Bulevar Juan Francisco Seguí', 'Martin']",2,Bulevar Juan Francisco Seguí; Martín Rodríguez,-32.97784811999999,-60.65340492,55.0,538.0,Municipio Rosario,Municipio,Rosario,820210,Servicio de Catastro e Información Territorial,IGN