anio_acci,nro_acci,fecha,desc_dia,fecha_aprox,hora_aprox,desc_ruta,km,cant_participantes,desc_participante,calle_avenida_km,total,heridos_leves,heridos_graves,heridos_gravisimos,ilesos,fallecidos,sin_datos,posicion_XY,desc_tipo_via,desc_ruta_ori,desc_loc,desc_dpto,desc_tipo_calzada,desc_tipo_banquina,desc_unidad_regional,desc_lugar_calzada,desc_zona,desc_prioridad,desc_estado_semaforo,desc_lugar_via,desc_estado_via,desc_estado_visibilidad,desc_luminosidad,desc_estado_clima,desc_tipo_colision,desc_tipo_atropello,desc_tipo_hecho,desc_pres_calzada,desc_senializacion,desc_separacion_via,desc_restriccion,forma_geocod,calle_lista,numero_calles,calles_osm,lat,lon,index_right,gid,fna,gna,nam,in1,fdc,sag
2016,3984,2016-07-21,Jueves,0.0,7:20:00,,0.0,2,"Moto/Ciclomotor,Taxi/Remis",Ayacucho Y Reg.11 de Infanteria,2,1,0,0,1,0,0,,Calle,,ROSARIO,Rosario,Asfalto,No existe,II,Dentro,Urbana,Ninguna,S/D,Intersección,Bueno,Buena,Amanecer,Buen Tiempo,Lateral,S/D,Colisión,S/D,S/D,Línea divisoria pintada,Sin restricción,POINT (-60.6364342 -32.9984412),"['Ayacucho', 'Regimiento 11']",2,Ayacucho; Regimiento 11,-32.9984412,-60.6364342,55.0,538.0,Municipio Rosario,Municipio,Rosario,820210,Servicio de Catastro e Información Territorial,IGN
2016,3985,2016-07-25,Lunes,0.0,19:20:00,,0.0,2,"Moto/Ciclomotor,Automóvil",Av. Battle y Ordoñez ,3,2,0,0,1,0,0,,Calle,,ROSARIO,Rosario,Asfalto,No existe,II,Dentro,Urbana,Ninguna,No existe,Intersección,Bueno,S/D,Nocturna,Buen Tiempo,Lateral,S/D,Colisión,S/D,S/D,Línea divisoria pintada,Sin restricción,"-33.0084731, -60.6332815",['Avenida Battle y Ordoñez'],1,Avenida Battle y Ordoñez,-33.0084731,-60.6332815,55.0,538.0,Municipio Rosario,Municipio,Rosario,820210,Servicio de Catastro e Información Territorial,IGN
2016,3986,2016-07-22,Viernes,0.0,16:20:00,,0.0,2,"Moto/Ciclomotor,Automóvil",Av. Ntra.Sra.del Rosario Y Buenos Aires,2,1,0,0,1,0,0,,Calle,,ROSARIO,Rosario,Asfalto,No existe,II,Dentro,Urbana,Ninguna,No existe,Intersección,Bueno,Buena,Diurna,Buen Tiempo,Lateral,S/D,Colisión,S/D,S/D,Ninguna,Sin restricción,POINT (-60.645049900000004 -32.999773),"['Nuestra Señora del Rosario', 'Buenos Aires']",2,Puente Nuestra Señora del Rosario; Buenos Aires,-32.999773,-60.6450499,55.0,538.0,Municipio Rosario,Municipio,Rosario,820210,Servicio de Catastro e Información Territorial,IGN
2016,3989,2016-07-02,Sabado,0.0,14:00:00,,0.0,2,"Camión,Transporte de Pasajeros Urbano (> 8 asientos)",Av. Corrientes Y Gaboto,3,1,0,0,2,0,0,,Calle,,ROSARIO,Rosario,Asfalto,No existe,II,Dentro,Urbana,Ninguna,No existe,Intersección,Bueno,Buena,Diurna,Buen Tiempo,De alcance,S/D,Colisión,S/D,Faltante,Ninguna,Sin restricción,POINT (-60.6491421 -32.9725927),"['Corrientes', 'Gaboto']",2,Corrientes; Gaboto,-32.9725927,-60.6491421,55.0,538.0,Municipio Rosario,Municipio,Rosario,820210,Servicio de Catastro e Información Territorial,IGN
2016,4003,2016-07-21,Jueves,0.0,20:15:00,,0.0,2,"Automóvil,Moto/Ciclomotor",Bv. Segui Y Italia,4,1,0,0,3,0,0,,Calle,,ROSARIO,Rosario,Asfalto,No existe,II,Dentro,Urbana,Ninguna,No existe,Intersección,Bueno,Buena,Nocturna,Buen Tiempo,De alcance,S/D,Colisión,S/D,Faltante,Ninguna,Sin restricción,POINT (-60.6560807 -32.977334),"['Bulevar Juan Francisco Seguí', 'Italia']",2,Bulevar Juan Francisco Seguí; Italia,-32.977334,-60.6560807,55.0,538.0,Municipio Rosario,Municipio,Rosario,820210,Servicio de Catastro e Información Territorial,IGN
2016,4199,2016-03-18,Viernes,0.0,,,0.0,2,"Automóvil,Automóvil",Urquiza Y Av. Ovidio Lagos,5,4,0,0,1,0,0,,Calle,,ROSARIO,Rosario,S/D,S/D,II,Dentro,Urbana,S/D,S/D,S/D,S/D,S/D,Diurna,S/D,S/D,S/D,Colisión,S/D,S/D,S/D,S/D,POINT (-60.660585299999994 -32.938803599999986),"['Urquiza', 'Avenida Ovidio Lagos']",2,Justo José de Urquiza; Avenida Ovidio Lagos,-32.938803599999986,-60.6605853,55.0,538.0,Municipio Rosario,Municipio,Rosario,820210,Servicio de Catastro e Información Territorial,IGN
2016,4203,2016-07-13,Miercoles,0.0,20:00:00,,0.0,2,"Peatón,Automóvil",Ivanowski Y Necochea,2,1,0,0,1,0,0,,Calle,,ROSARIO,Rosario,Asfalto,No existe,II,Dentro,Urbana,Ninguna,No existe,Intersección,Bueno,Reducida,"Nocturna,Con luz artificial",Buen Tiempo,S/D,Peatón,Atropello,S/D,Faltante,Ninguna,Sin restricción,POINT (-60.6333394 -32.98533485),"['Ivanowski', 'Necochea']",2,Ivanowski; Necochea,-32.98533485,-60.6333394,55.0,538.0,Municipio Rosario,Municipio,Rosario,820210,Servicio de Catastro e Información Territorial,IGN
2016,4205,2016-07-13,Miercoles,0.0,9:00:00,,0.0,2,"Automóvil,Taxi/Remis",Laprida Y Rueda,3,2,0,0,1,0,0,,Calle,,ROSARIO,Rosario,Asfalto,No existe,II,Dentro,Urbana,Ninguna,No existe,Intersección,Con baches,Buena,Diurna,Buen Tiempo,Lateral,S/D,Colisión,S/D,Faltante,Ninguna,Sin restricción,POINT (-60.6404177 -32.971787199999994),"['Laprida', 'Rueda']",2,Francisco Narciso Laprida; Rueda,-32.971787199999994,-60.6404177,55.0,538.0,Municipio Rosario,Municipio,Rosario,820210,Servicio de Catastro e Información Territorial,IGN
2016,4208,2016-07-12,Martes,0.0,15:30:00,,0.0,2,"Automóvil,Automóvil",Ayolas Y J.M.de Rosas,3,2,0,0,1,0,0,,Calle,,ROSARIO,Rosario,Asfalto,No existe,II,Dentro,Urbana,Ninguna,No existe,Intersección,Bueno,Buena,Diurna,Buen Tiempo,Lateral,S/D,Colisión,S/D,Faltante,Ninguna,Sin restricción,POINT (-60.6389095 -32.9780403),"['Ayolas', 'De Rosas']",2,Ayolas; Juan Manuel de Rosas,-32.9780403,-60.6389095,55.0,538.0,Municipio Rosario,Municipio,Rosario,820210,Servicio de Catastro e Información Territorial,IGN
2016,4210,2016-07-11,Lunes,0.0,15:10:00,,0.0,2,"Moto/Ciclomotor,Otros",Bv. Segui Y Laprida,3,2,0,0,1,0,0,,Calle,,ROSARIO,Rosario,Asfalto,No existe,II,Dentro,Urbana,Ninguna,No existe,Intersección,Bueno,Buena,Diurna,Buen Tiempo,Lateral,S/D,Colisión,S/D,Faltante,Cordón divisorio,Sin restricción,POINT (-60.64243230000001 -32.97979135),"['Bulevar Juan Francisco Seguí', 'Laprida']",2,Bulevar Juan Francisco Seguí; Francisco Narciso Laprida,-32.97979135,-60.64243230000001,55.0,538.0,Municipio Rosario,Municipio,Rosario,820210,Servicio de Catastro e Información Territorial,IGN
2016,4213,2016-07-01,Viernes,0.0,17:15:00,,0.0,2,"Peatón,Automóvil",Cochabamba Y 1 de Mayo,2,1,0,0,1,0,0,,Calle,,ROSARIO,Rosario,Hormigón,S/D,II,Dentro,Urbana,S/D,S/D,Recta,Con baches,Buena,Diurna,Buen Tiempo,S/D,Peatón,Atropello,S/D,S/D,S/D,Sin restricción,POINT (-60.6327185 -32.95999129999999),"['Cochabamba', 'Primero de Mayo']",2,Cochabamba; Primero de Mayo,-32.95999129999999,-60.6327185,55.0,538.0,Municipio Rosario,Municipio,Rosario,820210,Servicio de Catastro e Información Territorial,IGN
2016,4218,2016-07-01,Viernes,0.0,18:40:00,,0.0,2,"Moto/Ciclomotor,Automóvil",Riobamba Y L.N.Alem,2,1,0,0,1,0,0,,Calle,,ROSARIO,Rosario,Asfalto,S/D,II,Dentro,Urbana,S/D,S/D,Intersección,Bueno,Buena,Atardecer,Buen Tiempo,S/D,S/D,Colisión,S/D,S/D,S/D,S/D,POINT (-60.6324245 -32.9647893),"['Riobamba', 'Alem']",2,Riobamba; Leandro N. Alem,-32.9647893,-60.6324245,55.0,538.0,Municipio Rosario,Municipio,Rosario,820210,Servicio de Catastro e Información Territorial,IGN
2016,4221,2016-07-02,Sabado,0.0,12:20:00,,0.0,2,"Transporte de Pasajeros Urbano (> 8 asientos),Bicicleta",Buenos Aires Y Bv. 27 De Febrero,2,1,0,0,1,0,0,,Calle,,ROSARIO,Rosario,Asfalto,S/D,II,Dentro,Urbana,S/D,S/D,Intersección,Bueno,Buena,Diurna,Buen Tiempo,S/D,Ciclista,Atropello,S/D,S/D,S/D,Sin restricción,POINT (-60.638013349999994 -32.9685675),"['Buenos Aires', '27 de Febrero']",2,Buenos Aires; Bulevar 27 de Febrero,-32.9685675,-60.63801335,55.0,538.0,Municipio Rosario,Municipio,Rosario,820210,Servicio de Catastro e Información Territorial,IGN
2016,4223,2016-07-18,Lunes,0.0,17:40:00,,0.0,2,"Pickup/Utilitario,Moto/Ciclomotor",Bv. 27 De Febrero Y Chacabuco,2,1,0,0,1,0,0,,Calle,,ROSARIO,Rosario,Asfalto,S/D,II,Dentro,Urbana,S/D,S/D,Intersección,Bueno,Buena,Diurna,Buen Tiempo,S/D,S/D,Colisión,S/D,S/D,S/D,Sin restricción,POINT (-60.6281393 -32.97034194999999),"['27 de Febrero', 'Chacabuco']",2,Bulevar 27 de Febrero; Chacabuco,-32.97034194999999,-60.6281393,55.0,538.0,Municipio Rosario,Municipio,Rosario,820210,Servicio de Catastro e Información Territorial,IGN
2016,4230,2016-07-18,Lunes,0.0,17:50:00,,0.0,2,"Automóvil,Moto/Ciclomotor",Riobamba Y Chacabuco,2,1,0,0,1,0,0,,Calle,,ROSARIO,Rosario,Asfalto,S/D,II,Dentro,Urbana,S/D,S/D,Intersección,Bueno,Buena,Diurna,Buen Tiempo,S/D,S/D,Colisión,S/D,S/D,S/D,Sin restricción,POINT (-60.626951500000004 -32.96576069999999),"['Riobamba', 'Chacabuco']",2,Riobamba; Chacabuco,-32.96576069999999,-60.6269515,55.0,538.0,Municipio Rosario,Municipio,Rosario,820210,Servicio de Catastro e Información Territorial,IGN
2016,4233,2016-07-19,Martes,0.0,11:50:00,,0.0,2,"Automóvil,Moto/Ciclomotor",Ituzaingo Y 1 de Mayo,4,2,0,0,2,0,0,,Calle,,ROSARIO,Rosario,Asfalto,S/D,II,Dentro,Urbana,S/D,S/D,Intersección,Bueno,Buena,Diurna,Buen Tiempo,S/D,S/D,Colisión,S/D,S/D,S/D,Sin restricción,POINT (-60.63327600000001 -32.962239499999995),"['Ituzaingó', 'Primero de Mayo']",2,Ituzaingó; Primero de Mayo,-32.962239499999995,-60.63327600000001,55.0,538.0,Municipio Rosario,Municipio,Rosario,820210,Servicio de Catastro e Información Territorial,IGN
2016,4236,2016-07-26,Martes,0.0,8:50:00,,0.0,2,"Moto/Ciclomotor,Transporte de Pasajeros Urbano (> 8 asientos)",Bv. 27 De Febrero Y Buenos Aires,2,1,0,0,1,0,0,,Calle,,ROSARIO,Rosario,Asfalto,S/D,II,Dentro,Urbana,Ninguna,No existe,Intersección,Bueno,Buena,Diurna,Buen Tiempo,S/D,S/D,Colisión,S/D,S/D,S/D,Sin restricción,POINT (-60.638013349999994 -32.9685675),"['27 de Febrero', 'Buenos Aires']",2,Bulevar 27 de Febrero; Buenos Aires,-32.9685675,-60.63801335,55.0,538.0,Municipio Rosario,Municipio,Rosario,820210,Servicio de Catastro e Información Territorial,IGN
2016,4237,2016-07-26,Martes,0.0,12:25:00,,0.0,2,"Automóvil,Transporte de Pasajeros Urbano (> 8 asientos)",Bv. 27 De Febrero Y L.N.Alem,2,1,0,0,1,0,0,,Calle,,ROSARIO,Rosario,Asfalto,S/D,II,Dentro,Urbana,S/D,S/D,Intersección,Bueno,Buena,Diurna,Buen Tiempo,S/D,S/D,Colisión,S/D,S/D,S/D,Sin restricción,POINT (-60.63361105 -32.96936275),"['27 de Febrero', 'Alem']",2,Bulevar 27 de Febrero; Leandro N. Alem,-32.96936275,-60.63361105,55.0,538.0,Municipio Rosario,Municipio,Rosario,820210,Servicio de Catastro e Información Territorial,IGN
2016,4243,2016-07-24,Domingo,0.0,8:00:00,,0.0,2,"Moto/Ciclomotor,Automóvil",Bv. Segui 500,2,1,0,0,1,0,0,,Calle,,ROSARIO,Rosario,Asfalto,No existe,II,Dentro,Urbana,Ninguna,No existe,Intersección,Bueno,Buena,Diurna,Buen Tiempo,Lateral,S/D,Colisión,S/D,Faltante,Cordón divisorio,Sin restricción,"-32.9804764, -60.6378979",['Bulevar Juan Francisco Seguí 500'],1,Bulevar Juan Francisco Seguí 500,-32.9804764,-60.6378979,55.0,538.0,Municipio Rosario,Municipio,Rosario,820210,Servicio de Catastro e Información Territorial,IGN
2016,4245,2016-07-22,Viernes,0.0,13:30:00,,0.0,2,"Moto/Ciclomotor,Automóvil",Bv. Segui Y Maipu,3,2,0,0,1,0,0,,Calle,,ROSARIO,Rosario,Asfalto,No existe,II,Dentro,Urbana,S/D,No existe,Intersección,Bueno,Buena,Diurna,S/D,S/D,S/D,Colisión,S/D,Faltante,S/D,S/D,POINT (-60.64363730000001 -32.979574850000006),"['Bulevar Juan Francisco Seguí', 'Maipú']",2,Bulevar Juan Francisco Seguí; Maipú,-32.979574850000006,-60.64363730000001,55.0,538.0,Municipio Rosario,Municipio,Rosario,820210,Servicio de Catastro e Información Territorial,IGN
2016,4248,2016-07-15,Viernes,0.0,20:00:00,,0.0,2,"Bicicleta,Automóvil",L.N.Alem Y Biedma,2,1,0,0,1,0,0,,Calle,,ROSARIO,Rosario,Asfalto,No existe,II,Dentro,Urbana,Ninguna,No existe,Recta,Bueno,Buena,"Nocturna,Con luz artificial",Buen Tiempo,De alcance,Ciclista,Atropello,S/D,Faltante,Ninguna,Sin restricción,POINT (-60.637076300000004 -32.9831384),"['Alem', 'Coronel Biedma']",2,Leandro N. Alem; Coronel Biedma,-32.9831384,-60.6370763,55.0,538.0,Municipio Rosario,Municipio,Rosario,820210,Servicio de Catastro e Información Territorial,IGN
2016,4253,2016-07-20,Miercoles,0.0,15:00:00,,0.0,2,"Moto/Ciclomotor,Automóvil",Maipu Y Saavedra,2,1,0,0,1,0,0,,Calle,,ROSARIO,Rosario,Asfalto,No existe,II,Dentro,Urbana,Ninguna,No existe,Intersección,Bueno,Buena,Diurna,Buen Tiempo,S/D,S/D,Colisión,S/D,Faltante,S/D,Sin restricción,POINT (-60.6433538 -32.97843379999999),"['Maipú', 'Saavedra']",2,Maipú; Saavedra,-32.97843379999999,-60.6433538,55.0,538.0,Municipio Rosario,Municipio,Rosario,820210,Servicio de Catastro e Información Territorial,IGN
2016,4255,2016-07-19,Martes,0.0,19:30:00,,0.0,2,"Moto/Ciclomotor,Automóvil",San Martin 2900,2,1,0,0,1,0,0,,Calle,,ROSARIO,Rosario,Hormigón,No existe,II,Dentro,Urbana,Ninguna,No existe,Intersección,Bueno,Buena,"Atardecer,Con luz artificial",Buen Tiempo,Lateral,S/D,Colisión,S/D,Faltante,Ninguna,Sin restricción,"-32.9764777, -60.6372639",['San Martin 2900'],1,San Martin 2900,-32.9764777,-60.6372639,55.0,538.0,Municipio Rosario,Municipio,Rosario,820210,Servicio de Catastro e Información Territorial,IGN
2016,4257,2016-07-18,Lunes,0.0,19:10:00,,0.0,2,"Moto/Ciclomotor,Pickup/Utilitario",Bv. Segui Y Buenos Aires,2,1,0,0,1,0,0,,Calle,,ROSARIO,Rosario,Asfalto,No existe,II,Dentro,Urbana,Ninguna,No existe,Intersección,Bueno,Buena,"Atardecer,Con luz artificial",Buen Tiempo,Lateral,S/D,Colisión,S/D,Faltante,Cordón divisorio,Sin restricción,POINT (-60.640923400000005 -32.98006374999999),"['Bulevar Juan Francisco Seguí', 'Buenos Aires']",2,Bulevar Juan Francisco Seguí; Buenos Aires,-32.98006374999999,-60.640923400000005,55.0,538.0,Municipio Rosario,Municipio,Rosario,820210,Servicio de Catastro e Información Territorial,IGN
2016,4259,2016-07-17,Domingo,0.0,10:30:00,,0.0,2,"Peatón,Automóvil",Centeno Y Grandoli,2,1,0,0,1,0,0,,Calle,,ROSARIO,Rosario,Asfalto,No existe,II,Dentro,Urbana,Ninguna,No existe,Intersección,Bueno,Buena,Diurna,Buen Tiempo,Lateral,Peatón,Atropello,S/D,Faltante,Cordón divisorio,Sin restricción,POINT (-60.62837625 -32.98829645000001),"['Centeno', 'Avenida Abanderado Grandoli']",2,Coronel Centeno; Avenida Abanderado Grandoli,-32.98829645000001,-60.62837625,55.0,538.0,Municipio Rosario,Municipio,Rosario,820210,Servicio de Catastro e Información Territorial,IGN
2016,4260,2016-07-17,Domingo,0.0,17:40:00,,0.0,2,"Peatón,Automóvil",Av. Circunvalacion Y Ayolas,2,1,0,0,1,0,0,,Calle,,ROSARIO,Rosario,Asfalto,No existe,II,Dentro,Urbana,Ninguna,No existe,Intersección,Bueno,Buena,Diurna,Buen Tiempo,S/D,Peatón,Atropello,S/D,Faltante,Barrera de alto impacto,Sin restricción,POINT (-60.624988288707996 -32.98051623752373),"['Circunvalacion', 'Ayolas']",2,Avenida de Circunvalación 25 de Mayo; Ayolas,-32.98051623752373,-60.624988288708,55.0,538.0,Municipio Rosario,Municipio,Rosario,820210,Servicio de Catastro e Información Territorial,IGN
2016,4306,2016-07-24,Domingo,0.0,14:30:00,,0.0,2,"Taxi/Remis,Automóvil",Junin Y Echeverria Bis,3,1,0,0,2,0,0,,Calle,,ROSARIO,Rosario,Asfalto,No existe,II,S/D,Urbana,S/D,S/D,Intersección,S/D,S/D,Diurna,S/D,S/D,S/D,Colisión,S/D,S/D,Ninguna,S/D,POINT (-60.67208925 -32.926587399999995),"['Junín', 'Echeverría']",2,Junín; Echeverría,-32.926587399999995,-60.67208925,55.0,538.0,Municipio Rosario,Municipio,Rosario,820210,Servicio de Catastro e Información Territorial,IGN
2016,4403,2016-07-10,Domingo,0.0,23:30:00,,0.0,2,"Moto/Ciclomotor,Automóvil",Bv. Segui Y Laprida,2,1,0,0,1,0,0,,Calle,,ROSARIO,Rosario,Asfalto,S/D,II,Dentro,Urbana,Ninguna,No existe,Intersección,Bueno,Buena,"Nocturna,Con luz artificial",Buen Tiempo,Lateral,S/D,Colisión,S/D,Faltante,Cordón divisorio,Sin restricción,POINT (-60.64243230000001 -32.97979135),"['Bulevar Juan Francisco Seguí', 'Laprida']",2,Bulevar Juan Francisco Seguí; Francisco Narciso Laprida,-32.97979135,-60.64243230000001,55.0,538.0,Municipio Rosario,Municipio,Rosario,820210,Servicio de Catastro e Información Territorial,IGN
2016,4404,2016-07-10,Domingo,0.0,21:00:00,,0.0,2,"Moto/Ciclomotor,Automóvil",Grandoli Y Pte.Quintana,3,2,0,0,1,0,0,,Calle,,ROSARIO,Rosario,Asfalto,No existe,II,Dentro,Urbana,Ninguna,No existe,Intersección,Bueno,Buena,"Nocturna,Con luz artificial",Buen Tiempo,Lateral,S/D,Colisión,S/D,Faltante,Cordón divisorio,Sin restricción,POINT (-60.628233550000004 -32.985896600000004),"['Avenida Abanderado Grandoli', 'Quintana']",2,Avenida Abanderado Grandoli; Presidente Quintana,-32.985896600000004,-60.62823355,55.0,538.0,Municipio Rosario,Municipio,Rosario,820210,Servicio de Catastro e Información Territorial,IGN
2016,4405,2016-07-10,Domingo,0.0,3:30:00,,0.0,2,"Moto/Ciclomotor,Automóvil",Grandoli Y Biedma,2,1,0,0,1,0,0,,Calle,,ROSARIO,Rosario,Asfalto,No existe,II,Dentro,Urbana,Ninguna,No existe,Intersección,Bueno,Buena,"Nocturna,Con luz artificial",Buen Tiempo,Lateral,S/D,Colisión,S/D,Faltante,Ninguna,Sin restricción,POINT (-60.62816415 -32.984736049999995),"['Avenida Abanderado Grandoli', 'Coronel Biedma']",2,Avenida Abanderado Grandoli; Coronel Biedma,-32.984736049999995,-60.62816415,55.0,538.0,Municipio Rosario,Municipio,Rosario,820210,Servicio de Catastro e Información Territorial,IGN
2016,4406,2016-07-07,Jueves,0.0,23:50:00,,0.0,2,"Moto/Ciclomotor,Automóvil",Garay Y Esmeralda,3,2,0,0,1,0,0,,Calle,,ROSARIO,Rosario,Asfalto,No existe,II,Dentro,Urbana,S/D,No existe,Intersección,Bueno,Buena,"Nocturna,Con luz artificial",Buen Tiempo,S/D,S/D,Colisión,S/D,Faltante,Ninguna,Sin restricción,POINT (-60.6284974 -32.977484999999994),"['Garay', 'Esmeralda']",2,Juan de Garay; Esmeralda,-32.977484999999994,-60.6284974,55.0,538.0,Municipio Rosario,Municipio,Rosario,820210,Servicio de Catastro e Información Territorial,IGN
2016,4407,2016-07-07,Jueves,0.0,6:40:00,,0.0,2,"Moto/Ciclomotor,Automóvil",Ayolas Y Grandoli,2,1,0,0,1,0,0,,Calle,,ROSARIO,Rosario,Asfalto,No existe,II,Dentro,Urbana,Ninguna,No existe,Intersección,Bueno,Buena,Diurna,Buen Tiempo,Lateral,S/D,Colisión,S/D,Faltante,Cordón divisorio,Sin restricción,POINT (-60.627759100000006 -32.98002065),"['Ayolas', 'Avenida Abanderado Grandoli']",2,Ayolas; Avenida Abanderado Grandoli,-32.98002065,-60.627759100000006,55.0,538.0,Municipio Rosario,Municipio,Rosario,820210,Servicio de Catastro e Información Territorial,IGN
2016,4408,2016-07-06,Miercoles,0.0,7:45:00,,0.0,2,"Moto/Ciclomotor,Automóvil",Ayolas Y J.M.de Rosas,2,1,0,0,1,0,0,,Calle,,ROSARIO,Rosario,Asfalto,No existe,II,Dentro,Urbana,Ninguna,No existe,Intersección,S/D,Buena,Diurna,Buen Tiempo,Lateral,S/D,Colisión,S/D,Faltante,Ninguna,Sin restricción,POINT (-60.6389095 -32.9780403),"['Ayolas', 'De Rosas']",2,Ayolas; Juan Manuel de Rosas,-32.9780403,-60.6389095,55.0,538.0,Municipio Rosario,Municipio,Rosario,820210,Servicio de Catastro e Información Territorial,IGN
2016,4409,2016-07-01,Viernes,0.0,7:50:00,,0.0,2,"Moto/Ciclomotor,Automóvil",Bv. Segui Y Buenos Aires,2,1,0,0,1,0,0,,Calle,,ROSARIO,Rosario,Asfalto,No existe,II,Dentro,Urbana,Ninguna,No existe,Intersección,S/D,Buena,Diurna,Buen Tiempo,Lateral,S/D,Colisión,S/D,Faltante,Cordón divisorio,Sin restricción,POINT (-60.640923400000005 -32.98006374999999),"['Bulevar Juan Francisco Seguí', 'Buenos Aires']",2,Bulevar Juan Francisco Seguí; Buenos Aires,-32.98006374999999,-60.640923400000005,55.0,538.0,Municipio Rosario,Municipio,Rosario,820210,Servicio de Catastro e Información Territorial,IGN
2016,4410,2016-07-03,Domingo,0.0,17:40:00,,0.0,2,"Moto/Ciclomotor,Automóvil",Necochea Y Gaboto,2,1,0,0,1,0,0,,Calle,,ROSARIO,Rosario,Asfalto,No existe,II,Dentro,Urbana,Ninguna,No existe,Intersección,Bueno,Buena,Diurna,Buen Tiempo,Lateral,S/D,Colisión,S/D,Faltante,Línea divisoria pintada,Sin restricción,POINT (-60.630944 -32.97584009999999),"['Necochea', 'Gaboto']",2,Necochea; Gaboto,-32.97584009999999,-60.630944,55.0,538.0,Municipio Rosario,Municipio,Rosario,820210,Servicio de Catastro e Información Territorial,IGN
2016,4411,2016-07-01,Viernes,0.0,12:10:00,,0.0,2,"Moto/Ciclomotor,Automóvil",Buenos Aires Y Bv. Segui,2,1,0,0,1,0,0,,Calle,,ROSARIO,Rosario,Asfalto,No existe,II,Dentro,Urbana,S/D,No existe,Intersección,Bueno,Buena,Diurna,S/D,S/D,S/D,Colisión,S/D,Faltante,Cordón divisorio,S/D,POINT (-60.640923400000005 -32.98006374999999),"['Buenos Aires', 'Bulevar Juan Francisco Seguí']",2,Buenos Aires; Bulevar Juan Francisco Seguí,-32.98006374999999,-60.640923400000005,55.0,538.0,Municipio Rosario,Municipio,Rosario,820210,Servicio de Catastro e Información Territorial,IGN
2016,4626,2016-05-20,Viernes,0.0,19:45:00,,0.0,2,"Moto/Ciclomotor,Automóvil",San Martin Y Patricios,3,1,1,0,1,0,0,,Calle,,ROSARIO,Rosario,Asfalto,No existe,II,Dentro,Urbana,Ninguna,No existe,Recta,Bueno,Buena,Atardecer,Otro,Otro,S/D,Colisión,Ninguna,Horizontal,Ninguna,Sin restricción,POINT (-60.651072799999994 -33.010990250000006),"['San Martin', 'Patricios']",2,José de San Martín; Patricios,-33.010990250000006,-60.6510728,55.0,538.0,Municipio Rosario,Municipio,Rosario,820210,Servicio de Catastro e Información Territorial,IGN
2016,4628,2016-05-06,Viernes,0.0,17:00:00,,0.0,2,"Automóvil,Pickup/Utilitario",Warnes Y Uriarte,2,1,0,0,1,0,0,,Calle,,ROSARIO,Rosario,Asfalto,No existe,II,Dentro,Urbana,Ninguna,No existe,Intersección,Otro,Buena,Diurna,Buen Tiempo,Frontal,S/D,Colisión,Ninguna,Faltante,Ninguna,Sin restricción,POINT (-60.692466200000005 -32.89936719999999),"['Warnes', 'Uriarte']",2,Ignacio Warnes; Uriarte,-32.89936719999999,-60.692466200000005,55.0,538.0,Municipio Rosario,Municipio,Rosario,820210,Servicio de Catastro e Información Territorial,IGN
2016,4630,2016-05-10,Martes,0.0,16:30:00,,0.0,2,"Moto/Ciclomotor,Moto/Ciclomotor",Av. Sorrento Y Warnes,2,2,0,0,0,0,0,,Calle,,ROSARIO,Rosario,Asfalto,No existe,II,Dentro,Urbana,Ninguna,No existe,Intersección,Bueno,Buena,Diurna,Buen Tiempo,Frontal,S/D,Colisión,Ninguna,Faltante,Ninguna,Sin restricción,POINT (-60.69008869999999 -32.9071435),"['Sorrento', 'Warnes']",2,Avenida Sorrento; Ignacio Warnes,-32.9071435,-60.69008869999999,55.0,538.0,Municipio Rosario,Municipio,Rosario,820210,Servicio de Catastro e Información Territorial,IGN
2016,4631,2016-05-21,Sabado,0.0,11:20:00,,0.0,2,"Moto/Ciclomotor,Automóvil",Baigorria Y Warnes,2,1,0,0,1,0,0,,Calle,,ROSARIO,Rosario,Asfalto,No existe,II,Dentro,Urbana,Señal Pare,No existe,Intersección,Bueno,Buena,Diurna,Buen Tiempo,Frontal,S/D,Colisión,Ninguna,Vertical,Ninguna,Sin restricción,POINT (-60.6947491 -32.89186080000001),"['Baigorria', 'Warnes']",2,Baigorria; Ignacio Warnes,-32.89186080000001,-60.6947491,55.0,538.0,Municipio Rosario,Municipio,Rosario,820210,Servicio de Catastro e Información Territorial,IGN
2016,4633,2016-05-05,Jueves,0.0,7:45:00,,0.0,2,"Moto/Ciclomotor,Automóvil",Superi Y Darragueira,2,1,0,0,1,0,0,,Calle,,ROSARIO,Rosario,Asfalto,No existe,II,Dentro,Urbana,Señal Pare,No existe,Intersección,Bueno,Buena,Diurna,Buen Tiempo,Frontal,S/D,Colisión,Ninguna,Vertical,Ninguna,Sin restricción,POINT (-60.695001399999995 -32.8947943),"['Superi', 'José Darragueira']",2,Comandante José Superí; José Darragueira,-32.8947943,-60.6950014,55.0,538.0,Municipio Rosario,Municipio,Rosario,820210,Servicio de Catastro e Información Territorial,IGN