anio_acci,nro_acci,fecha,desc_dia,fecha_aprox,hora_aprox,desc_ruta,km,cant_participantes,desc_participante,calle_avenida_km,total,heridos_leves,heridos_graves,heridos_gravisimos,ilesos,fallecidos,sin_datos,posicion_XY,desc_tipo_via,desc_ruta_ori,desc_loc,desc_dpto,desc_tipo_calzada,desc_tipo_banquina,desc_unidad_regional,desc_lugar_calzada,desc_zona,desc_prioridad,desc_estado_semaforo,desc_lugar_via,desc_estado_via,desc_estado_visibilidad,desc_luminosidad,desc_estado_clima,desc_tipo_colision,desc_tipo_atropello,desc_tipo_hecho,desc_pres_calzada,desc_senializacion,desc_separacion_via,desc_restriccion,forma_geocod,calle_lista,numero_calles,calles_osm,lat,lon,index_right,gid,fna,gna,nam,in1,fdc,sag
2016,4692,2016-05-09,Lunes,0.0,8:30:00,,0.0,2,"Moto/Ciclomotor,Automóvil",San Martin Y Lamadrid,2,1,0,0,1,0,0,,Calle,,ROSARIO,Rosario,Asfalto,No existe,II,Dentro,Urbana,S/D,No existe,Recta,Bueno,Buena,Diurna,Buen Tiempo,De alcance,S/D,Colisión,S/D,Faltante,Ninguna,Sin restricción,POINT (-60.64808370000001 -32.997063899999986),"['San Martin', 'Lamadrid']",2,José de San Martín; Gregorio Aráoz de Lamadrid,-32.997063899999986,-60.64808370000001,55.0,538.0,Municipio Rosario,Municipio,Rosario,820210,Servicio de Catastro e Información Territorial,IGN
2016,4693,2016-05-09,Lunes,0.0,10:30:00,,0.0,2,"Taxi/Remis,Tracción animal / Carro",San Martin Y Mr.Ross,2,1,0,0,1,0,0,,Calle,,ROSARIO,Rosario,Asfalto,No existe,II,Dentro,Urbana,Ninguna,No existe,Intersección,Bueno,Buena,Diurna,Buen Tiempo,De alcance,S/D,Colisión,S/D,Faltante,Ninguna,Sin restricción,POINT (-60.646259300000004 -32.98868269999999),"['San Martin', 'Rodrigo M. Ross']",2,José de San Martín; Rodrigo M. Ross,-32.98868269999999,-60.6462593,55.0,538.0,Municipio Rosario,Municipio,Rosario,820210,Servicio de Catastro e Información Territorial,IGN
2016,4694,2016-05-09,Lunes,0.0,9:30:00,,0.0,2,"Automóvil,Moto/Ciclomotor",Alvear Y Pte.Quintana,2,1,0,0,1,0,0,,Calle,,ROSARIO,Rosario,Asfalto,No existe,II,Dentro,Urbana,Ninguna,No existe,Intersección,Bueno,Buena,Diurna,Buen Tiempo,De alcance,S/D,Colisión,Ninguna,Faltante,Ninguna,Sin restricción,POINT (-60.6637239 -32.9795759),"['Alvear', 'Quintana']",2,"('Alvear', 'Presidente Quintana')",-32.9795759,-60.6637239,55.0,538.0,Municipio Rosario,Municipio,Rosario,820210,Servicio de Catastro e Información Territorial,IGN
2016,4696,2016-05-16,Lunes,0.0,15:00:00,,0.0,2,"Moto/Ciclomotor,Automóvil",Junin Y Monteagudo Bis,2,1,0,0,1,0,0,,Calle,,ROSARIO,Rosario,Asfalto,S/D,II,Dentro,Urbana,S/D,S/D,Intersección,S/D,S/D,S/D,S/D,S/D,S/D,S/D,S/D,S/D,S/D,S/D,POINT (-60.66740795 -32.92647035),"['Junín', 'Monteagudo']",2,Junín; Monteagudo,-32.92647035,-60.66740795,55.0,538.0,Municipio Rosario,Municipio,Rosario,820210,Servicio de Catastro e Información Territorial,IGN
2016,4697,2016-05-06,Viernes,0.0,12:45:00,,0.0,2,"Moto/Ciclomotor,Automóvil",Sarmiento Y Gaboto,3,2,0,0,0,0,1,,Calle,,ROSARIO,Rosario,Asfalto,No existe,II,Dentro,Urbana,Ninguna,No existe,Intersección,Bueno,Buena,Diurna,Buen Tiempo,De alcance,S/D,Colisión,Ninguna,Faltante,S/D,Sin restricción,POINT (-60.64492839999999 -32.973346899999996),"['Sarmiento', 'Gaboto']",2,Sarmiento; Gaboto,-32.9733469,-60.64492839999999,55.0,538.0,Municipio Rosario,Municipio,Rosario,820210,Servicio de Catastro e Información Territorial,IGN
2016,4698,2016-05-06,Viernes,0.0,17:40:00,,0.0,2,"Moto/Ciclomotor,Pickup/Utilitario",Alberdi Y Casilda,2,1,0,0,1,0,0,,Calle,,ROSARIO,Rosario,S/D,S/D,II,Dentro,Urbana,S/D,S/D,Intersección,S/D,S/D,S/D,S/D,S/D,S/D,Colisión,S/D,S/D,S/D,S/D,POINT (-60.6753803 -32.9280932),"['Alberdi', 'Casilda']",2,Avenida Alberdi; Casilda,-32.9280932,-60.6753803,55.0,538.0,Municipio Rosario,Municipio,Rosario,820210,Servicio de Catastro e Información Territorial,IGN
2016,4699,2016-06-15,Miercoles,0.0,20:00:00,,0.0,2,"Moto/Ciclomotor,Automóvil",J.J.Paso Y Cullen,2,1,0,0,1,0,0,,Avenida,,ROSARIO,Rosario,Asfalto,No existe,II,Dentro,Urbana,Semáforo,Funciona,Intersección,Bueno,Buena,"Nocturna,Con luz artificial",Buen Tiempo,S/D,S/D,Caída ocupante,S/D,Vertical,Línea divisoria pintada,S/D,POINT (-60.7097063 -32.92013579999998),"['Paso', 'Cullen']",2,Avenida Juan José Paso; Cullen,-32.92013579999998,-60.7097063,55.0,538.0,Municipio Rosario,Municipio,Rosario,820210,Servicio de Catastro e Información Territorial,IGN
2016,4701,2016-06-17,Viernes,0.0,12:35:00,,0.0,2,"Automóvil,Moto/Ciclomotor",J.B.Justo Y Mariano Cabal Bis,3,1,0,0,2,0,0,,Avenida,,ROSARIO,Rosario,Asfalto,No existe,II,Dentro,Urbana,Semáforo,Funciona,Intersección,Bueno,Buena,Diurna,Buen Tiempo,S/D,S/D,Colisión,S/D,S/D,Línea divisoria pintada,S/D,POINT (-60.702831 -32.91460629999999),"['Justo', 'Mariano Cabal']",2,Justo José de Urquiza; Mariano Cabal,-32.91460629999999,-60.702831,55.0,538.0,Municipio Rosario,Municipio,Rosario,820210,Servicio de Catastro e Información Territorial,IGN
2016,4702,2016-06-21,Martes,0.0,17:20:00,,0.0,2,"Moto/Ciclomotor,Automóvil",Av. Circunvalacion Y J.J.Paso,2,1,0,0,1,0,0,,Avenida,,ROSARIO,Rosario,Asfalto,Natural,II,Dentro,Urbana,Otra Señal,Funciona,Intersección,S/D,"Buena,Reducida p/ objetos",Atardecer,Buen Tiempo,Lateral,S/D,Caída ocupante,Material Suelto,Horizontal,"Cordón divisorio,Línea divisoria pintada",Obra en Construcción,POINT (-60.723727529563504 -32.92055900258326),"['Circunvalacion', 'Paso']",2,Avenida de Circunvalación 25 de Mayo; Avenida Juan José Paso,-32.92055900258326,-60.723727529563504,55.0,538.0,Municipio Rosario,Municipio,Rosario,820210,Servicio de Catastro e Información Territorial,IGN
2016,4703,2016-05-06,Viernes,0.0,9:40:00,,0.0,2,"Moto/Ciclomotor,Bicicleta",Martin Fierro Y Bv. Rondeau,2,1,0,0,1,0,0,,Avenida,,ROSARIO,Rosario,Asfalto,No existe,II,Dentro,Urbana,S/D,S/D,Intersección,Bueno,S/D,Diurna,S/D,S/D,Ciclista,Atropello,S/D,S/D,Cordón divisorio,S/D,POINT (-60.69743998 -32.87802498),"['Martin Fierro', 'Rondeau']",2,Martin Fierro; Bulevar General José Rondeau,-32.87802498,-60.69743998,55.0,538.0,Municipio Rosario,Municipio,Rosario,820210,Servicio de Catastro e Información Territorial,IGN
2016,4707,2016-05-10,Martes,0.0,9:55:00,,0.0,2,"Bicicleta,Camión",Cafferata 300,2,1,0,0,1,0,0,,Calle,,ROSARIO,Rosario,Asfalto,No existe,II,S/D,Urbana,Semáforo,Funciona,Recta,Bueno,Buena,Diurna,Buen Tiempo,S/D,Ciclista,Atropello,S/D,Vertical,Ninguna,Sin restricción,"-32.9346283, -60.6695128",['Cafferata 300'],1,Cafferata 300,-32.9346283,-60.6695128,55.0,538.0,Municipio Rosario,Municipio,Rosario,820210,Servicio de Catastro e Información Territorial,IGN
2016,4708,2016-05-12,Jueves,0.0,8:00:00,,0.0,2,"Automóvil,Moto/Ciclomotor",Av. Ovidio Lagos Y Salta,2,1,0,0,1,0,0,,Calle,,ROSARIO,Rosario,Asfalto,No existe,II,Dentro,Urbana,Semáforo,Funciona,Recta,Bueno,Buena,Diurna,Buen Tiempo,S/D,S/D,Colisión,S/D,Vertical,Ninguna,Sin restricción,POINT (-60.6597135 -32.93528760000001),"['Avenida Ovidio Lagos', 'Salta']",2,Avenida Ovidio Lagos; Salta,-32.93528760000001,-60.6597135,55.0,538.0,Municipio Rosario,Municipio,Rosario,820210,Servicio de Catastro e Información Territorial,IGN
2016,4710,2016-05-01,Domingo,0.0,15:00:00,,0.0,2,"Automóvil,Moto/Ciclomotor",Amenabar Y Italia,2,0,1,0,1,0,0,,Calle,,ROSARIO,Rosario,Asfalto,No existe,II,Dentro,Urbana,Señal Pare,No existe,Intersección,Bueno,Buena,Diurna,Buen Tiempo,De alcance,S/D,Colisión,Ninguna,Faltante,Ninguna,Sin restricción,POINT (-60.65435750000001 -32.9704785),"['Amenabar', 'Italia']",2,José de Amenábar; Italia,-32.9704785,-60.65435750000001,55.0,538.0,Municipio Rosario,Municipio,Rosario,820210,Servicio de Catastro e Información Territorial,IGN
2016,4711,2016-05-01,Domingo,1.0,,,0.0,2,"Moto/Ciclomotor,Automóvil",Av. Arijon 2737,2,1,0,0,1,0,0,,Calle,,ROSARIO,Rosario,Asfalto,Pavimento,II,Dentro,Urbana,S/D,S/D,Recta,Bueno,Buena,Diurna,Buen Tiempo,De alcance,S/D,Colisión,S/D,S/D,Ninguna,S/D,"-33.0023231, -60.6252459",['Arijon 2737'],1,Arijon 2737,-33.0023231,-60.6252459,55.0,538.0,Municipio Rosario,Municipio,Rosario,820210,Servicio de Catastro e Información Territorial,IGN
2016,4713,2016-06-29,Miercoles,0.0,8:00:00,,0.0,2,"Automóvil,Automóvil",Bv. Avellaneda 5000,2,1,0,0,1,0,0,,Calle,,ROSARIO,Rosario,Asfalto,S/D,II,Dentro,Urbana,S/D,S/D,Recta,Bueno,Buena,Diurna,Buen Tiempo,De alcance,S/D,Colisión,Ninguna,S/D,S/D,Sin restricción,"-32.9499307, -60.6819034",['Avellaneda 5000'],1,Avellaneda 5000,-32.9499307,-60.6819034,55.0,538.0,Municipio Rosario,Municipio,Rosario,820210,Servicio de Catastro e Información Territorial,IGN
2016,4714,2016-05-06,Viernes,0.0,14:10:00,,0.0,2,"Moto/Ciclomotor,Automóvil",Junin Y Florida,2,1,0,0,1,0,0,,Calle,,ROSARIO,Rosario,Asfalto,S/D,II,Dentro,Urbana,S/D,S/D,Intersección,S/D,S/D,Diurna,S/D,S/D,S/D,Colisión,S/D,S/D,S/D,S/D,POINT (-60.6832825 -32.9267754),"['Junín', 'Florida']",2,Junín; Florida,-32.9267754,-60.6832825,55.0,538.0,Municipio Rosario,Municipio,Rosario,820210,Servicio de Catastro e Información Territorial,IGN
2016,4715,2016-05-18,Miercoles,0.0,13:45:00,,0.0,2,"Bicicleta,Cuatriciclo",Salta 3200,2,1,0,0,1,0,0,,Calle,,ROSARIO,Rosario,Asfalto,No existe,II,S/D,Urbana,Semáforo,Funciona,Recta,S/D,Buena,Diurna,Buen Tiempo,S/D,Ciclista,Atropello,S/D,Vertical,Ninguna,Sin restricción,"-32.9342405, -60.6649742",['Salta 3200'],1,Salta 3200,-32.9342405,-60.6649742,55.0,538.0,Municipio Rosario,Municipio,Rosario,820210,Servicio de Catastro e Información Territorial,IGN
2016,4716,2016-05-02,Lunes,0.0,12:10:00,,0.0,2,"Pickup/Utilitario,Automóvil",Salva Y Lainez,3,3,0,0,0,0,0,,Calle,,ROSARIO,Rosario,Asfalto,No existe,II,Dentro,Urbana,Ninguna,S/D,Intersección,S/D,Buena,Diurna,S/D,Lateral,S/D,Colisión,S/D,Horizontal,Ninguna,Sin restricción,POINT (-60.6401138 -33.0050585),"['Salva', 'Láinez']",2,Salvat; Láinez,-33.0050585,-60.6401138,55.0,538.0,Municipio Rosario,Municipio,Rosario,820210,Servicio de Catastro e Información Territorial,IGN
2016,4717,2016-05-03,Martes,0.0,21:00:00,,0.0,2,"Bicicleta,Automóvil",Av. Luis Carballo Y Ing.Thedy Bis,2,1,0,0,1,0,0,,Calle,,ROSARIO,Rosario,Asfalto,S/D,II,Dentro,Urbana,S/D,S/D,Intersección,S/D,S/D,Nocturna,S/D,S/D,Ciclista,Atropello,S/D,S/D,S/D,S/D,POINT (-60.66546826666667 -32.923339166666665),"['Avenida Doctor Luis Cándido Carballo', 'Thedy']",2,Avenida Doctor Luis Cándido Carballo; Héctor Thedy,-32.923339166666665,-60.66546826666667,55.0,538.0,Municipio Rosario,Municipio,Rosario,820210,Servicio de Catastro e Información Territorial,IGN
2016,4718,2016-06-11,Sabado,0.0,17:20:00,,0.0,2,"Moto/Ciclomotor,Automóvil",Lamadrid Y Bv. Oroño,2,1,0,0,1,0,0,,Avenida,,ROSARIO,Rosario,Asfalto,Pavimento,II,S/D,Urbana,Semáforo,Funciona,Recta,Bueno,Buena,Diurna,Buen Tiempo,Lateral,S/D,Colisión,S/D,Horizontal,S/D,Sin restricción,POINT (-60.66524270000001 -32.9976152),"['Lamadrid', 'Bulevar Nicasio Oroño']",2,Gregorio Aráoz de Lamadrid; Bulevar Nicasio Oroño,-32.9976152,-60.66524270000001,55.0,538.0,Municipio Rosario,Municipio,Rosario,820210,Servicio de Catastro e Información Territorial,IGN
2016,4719,2016-05-02,Lunes,0.0,11:00:00,,0.0,2,"Moto/Ciclomotor,Automóvil",Junin Y Echeverria Bis,2,1,0,0,1,0,0,,Calle,,ROSARIO,Rosario,Asfalto,S/D,II,Dentro,Urbana,S/D,S/D,Intersección,S/D,S/D,Diurna,S/D,S/D,S/D,Colisión,S/D,S/D,S/D,S/D,POINT (-60.67208925 -32.926587399999995),"['Junín', 'Echeverría']",2,Junín; Echeverría,-32.926587399999995,-60.67208925,55.0,538.0,Municipio Rosario,Municipio,Rosario,820210,Servicio de Catastro e Información Territorial,IGN
2016,4720,2016-05-19,Jueves,0.0,9:00:00,,0.0,2,"Automóvil,Moto/Ciclomotor",Urquiza Y Rodriguez,2,1,0,0,1,0,0,,Calle,,ROSARIO,Rosario,Asfalto,No existe,II,Dentro,Urbana,S/D,No existe,Recta,S/D,Buena,Diurna,Buen Tiempo,S/D,S/D,Colisión,S/D,Faltante,Ninguna,Sin restricción,POINT (-60.65783139999999 -32.939287699999994),"['Urquiza', 'Rodríguez']",2,Justo José de Urquiza; Rodríguez de Escobedo,-32.939287699999994,-60.65783139999999,55.0,538.0,Municipio Rosario,Municipio,Rosario,820210,Servicio de Catastro e Información Territorial,IGN
2016,4721,2016-06-17,Viernes,0.0,19:00:00,,0.0,2,"Moto/Ciclomotor,Automóvil",Madre Cabrini Y Callao,2,1,0,0,1,0,0,,Calle,,ROSARIO,Rosario,Asfalto,No existe,II,Dentro,Urbana,Ninguna,No existe,Recta,Bueno,Buena,Diurna,Buen Tiempo,Lateral,S/D,Colisión,S/D,Horizontal,Ninguna,Sin restricción,POINT (-60.6712044 -33.0056883),"['Madre Cabrini', 'Callao']",2,Madre Cabrini; Callao,-33.0056883,-60.6712044,55.0,538.0,Municipio Rosario,Municipio,Rosario,820210,Servicio de Catastro e Información Territorial,IGN
2016,4722,2016-05-26,Jueves,0.0,18:55:00,,0.0,2,"Peatón,Automóvil",Junin Y Suiza,2,1,0,0,1,0,0,,Calle,,ROSARIO,Rosario,Asfalto,S/D,II,Dentro,Urbana,S/D,S/D,Intersección,S/D,S/D,Diurna,S/D,S/D,Peatón,Atropello,S/D,S/D,S/D,S/D,POINT (-60.6876273 -32.926874299999994),"['Junín', 'Suiza']",2,Junín; Suiza,-32.926874299999994,-60.6876273,55.0,538.0,Municipio Rosario,Municipio,Rosario,820210,Servicio de Catastro e Información Territorial,IGN
2016,4723,2016-05-02,Lunes,0.0,18:30:00,,0.0,2,"Moto/Ciclomotor,Automóvil",Laprida Y Esteban de Luca,2,0,1,0,1,0,0,,Calle,,ROSARIO,Rosario,Asfalto,No existe,II,Dentro,Urbana,Ninguna,No existe,Intersección,Bueno,Buena,Atardecer,Buen Tiempo,Lateral,S/D,Colisión,S/D,Horizontal,Ninguna,Sin restricción,POINT (-60.6462422 -32.99487280000001),"['Laprida', 'Esteban de Luca']",2,Francisco Narciso Laprida; Esteban de Luca,-32.99487280000001,-60.6462422,55.0,538.0,Municipio Rosario,Municipio,Rosario,820210,Servicio de Catastro e Información Territorial,IGN
2016,4724,2016-05-20,Viernes,0.0,14:30:00,,0.0,2,"Moto/Ciclomotor,Automóvil",Catamarca Y Callao,2,1,0,0,1,0,0,,Calle,,ROSARIO,Rosario,Asfalto,No existe,II,Dentro,Urbana,Semáforo,S/D,Recta,Bueno,Buena,Diurna,Buen Tiempo,S/D,S/D,Colisión,S/D,S/D,Ninguna,Sin restricción,POINT (-60.6586643 -32.93666069999999),"['Catamarca', 'Callao']",2,Catamarca; Callao,-32.93666069999999,-60.6586643,55.0,538.0,Municipio Rosario,Municipio,Rosario,820210,Servicio de Catastro e Información Territorial,IGN
2016,4725,2016-05-23,Lunes,0.0,14:30:00,,0.0,2,"Moto/Ciclomotor,Taxi/Remis",Junin Y Albert Sabin,2,1,0,0,1,0,0,,Calle,,ROSARIO,Rosario,Asfalto,S/D,II,Dentro,Urbana,S/D,S/D,Intersección,S/D,S/D,Diurna,S/D,S/D,S/D,Colisión,S/D,S/D,S/D,S/D,POINT (-60.679945950000004 -32.92670269999999),"['Junín', 'Avenida Travesía Albert Sabin']",2,Junín; Avenida Travesía Albert Sabin,-32.92670269999999,-60.67994595,55.0,538.0,Municipio Rosario,Municipio,Rosario,820210,Servicio de Catastro e Información Territorial,IGN
2016,4726,2016-06-15,Miercoles,0.0,11:00:00,,0.0,2,"Camión,Automóvil",Santiago Y Estado de Israel,2,1,0,0,1,0,0,,Calle,,ROSARIO,Rosario,Asfalto,No existe,II,Dentro,Urbana,S/D,No existe,Recta,Bueno,Buena,Diurna,S/D,S/D,S/D,S/D,S/D,Horizontal,S/D,S/D,POINT (-60.668221700000004 -32.992476999999994),"['Santiago', 'Estado de Israel']",2,Santiago; Estado de Israel,-32.992476999999994,-60.6682217,55.0,538.0,Municipio Rosario,Municipio,Rosario,820210,Servicio de Catastro e Información Territorial,IGN
2016,4727,2016-05-21,Sabado,0.0,23:10:00,,0.0,2,"Automóvil,Moto/Ciclomotor",Suipacha Y Jujuy,2,1,0,0,1,0,0,,Calle,,ROSARIO,Rosario,Asfalto,No existe,II,Dentro,Urbana,Otra Señal,No existe,Recta,Bueno,Buena,Nocturna,Buen Tiempo,S/D,S/D,Colisión,Ninguna,Vertical,Ninguna,Sin restricción,POINT (-60.662088700000005 -32.933598499999995),"['Suipacha', 'Jujuy']",2,Suipacha; Jujuy,-32.933598499999995,-60.662088700000005,55.0,538.0,Municipio Rosario,Municipio,Rosario,820210,Servicio de Catastro e Información Territorial,IGN
2016,4728,2016-05-15,Domingo,0.0,22:25:00,,0.0,2,"Peatón,Automóvil",Av. Battle y Ordoñez Y Mariano Moreno,3,1,0,0,2,0,0,,Calle,,ROSARIO,Rosario,Asfalto,Pavimento,II,Dentro,Urbana,S/D,S/D,Intersección,Bueno,Buena,Diurna,Buen Tiempo,S/D,Peatón,Atropello,S/D,S/D,Ninguna,S/D,POINT (-60.661635649999994 -33.0093064),"['Avenida Battle y Ordoñez', 'Mariano Moreno']",2,Avenida Battle y Ordoñez; Mariano Moreno,-33.0093064,-60.66163565,55.0,538.0,Municipio Rosario,Municipio,Rosario,820210,Servicio de Catastro e Información Territorial,IGN
2016,4729,2016-06-03,Viernes,0.0,18:00:00,,0.0,2,"Automóvil,Automóvil",Esteban de Luca Y Rodriguez,2,1,0,0,1,0,0,,Calle,,ROSARIO,Rosario,Asfalto,No existe,II,Dentro,Urbana,S/D,S/D,Recta,Bueno,Buena,Diurna,Buen Tiempo,Lateral,S/D,Colisión,S/D,Horizontal,Ninguna,S/D,POINT (-60.6707019 -32.9956567),"['Esteban de Luca', 'Rodríguez']",2,Esteban de Luca; Rodríguez de Escobedo,-32.9956567,-60.6707019,55.0,538.0,Municipio Rosario,Municipio,Rosario,820210,Servicio de Catastro e Información Territorial,IGN
2016,4730,2016-05-06,Viernes,0.0,18:30:00,,0.0,2,"Taxi/Remis,Moto/Ciclomotor",Av. Ovidio Lagos Y Av. Arijon,2,1,0,0,1,0,0,,Calle,,ROSARIO,Rosario,Asfalto,Pavimento,II,Dentro,Urbana,Semáforo,Funciona,Intersección,Bueno,Buena,Diurna,Buen Tiempo,Lateral,S/D,Colisión,S/D,Horizontal,Cordón divisorio,Sin restricción,POINT (-60.6761369 -33.0038701),"['Avenida Ovidio Lagos', 'Avenida Manuel Arijón']",2,Avenida Ovidio Lagos; Avenida Manuel Arijón,-33.0038701,-60.6761369,55.0,538.0,Municipio Rosario,Municipio,Rosario,820210,Servicio de Catastro e Información Territorial,IGN
2016,4731,2016-05-28,Sabado,0.0,13:30:00,,0.0,2,"Automóvil,Taxi/Remis",Urquiza Y Av. Francia,2,1,0,0,1,0,0,,Avenida,,ROSARIO,Rosario,Asfalto,No existe,II,Dentro,Urbana,S/D,No existe,Recta,Bueno,Buena,Diurna,Buen Tiempo,S/D,S/D,Colisión,S/D,Vertical,S/D,Sin restricción,POINT (-60.664649350000005 -32.9380825),"['Urquiza', 'Avenida Francia']",2,Justo José de Urquiza; Avenida Francia,-32.9380825,-60.664649350000005,55.0,538.0,Municipio Rosario,Municipio,Rosario,820210,Servicio de Catastro e Información Territorial,IGN
2016,4732,2016-05-13,Viernes,0.0,1:10:00,,0.0,2,"Moto/Ciclomotor,Automóvil",Ayacucho Y Hilarion de la Quintana,2,1,0,0,1,0,0,,S/D,,ROSARIO,Rosario,Asfalto,No existe,II,Dentro,Urbana,Semáforo,Funciona,Intersección,Bueno,Buena,Nocturna,Buen Tiempo,Lateral,S/D,Colisión,S/D,S/D,Línea divisoria pintada,Sin restricción,POINT (-60.6362352 -33.0005716),"['Ayacucho', 'Hilarión de la Quintana']",2,Ayacucho; Hilarión de la Quintana,-33.0005716,-60.6362352,55.0,538.0,Municipio Rosario,Municipio,Rosario,820210,Servicio de Catastro e Información Territorial,IGN
2016,4733,2016-05-10,Martes,0.0,14:00:00,,0.0,2,"Taxi/Remis,Moto/Ciclomotor",Av. Francia Y Hilarion de la Quintana,3,2,0,0,1,0,0,,Calle,,ROSARIO,Rosario,Asfalto,Pavimento,II,Dentro,Urbana,Ninguna,No existe,Intersección,Bueno,Buena,Nocturna,Buen Tiempo,Lateral,S/D,Colisión,S/D,Faltante,Cordón divisorio,Sin restricción,POINT (-60.6777043 -33.0017457),"['Avenida Francia', 'Hilarión de la Quintana']",2,Avenida Francia; Hilarión de la Quintana,-33.0017457,-60.6777043,55.0,538.0,Municipio Rosario,Municipio,Rosario,820210,Servicio de Catastro e Información Territorial,IGN
2016,4734,2016-06-06,Lunes,0.0,7:00:00,,0.0,2,"Moto/Ciclomotor,Automóvil",Bv. Oroño Y Hilarion de la Quintana,2,1,0,0,1,0,0,,Avenida,,ROSARIO,Rosario,Asfalto,No existe,II,Dentro,Urbana,Semáforo,Funciona,Recta,Bueno,Buena,Diurna,Buen Tiempo,Lateral,S/D,Colisión,S/D,Vertical,Ninguna,S/D,POINT (-60.66510195000001 -33.00156164999999),"['Bulevar Nicasio Oroño', 'Hilarión de la Quintana']",2,Bulevar Nicasio Oroño; Hilarión de la Quintana,-33.00156164999999,-60.66510195000001,55.0,538.0,Municipio Rosario,Municipio,Rosario,820210,Servicio de Catastro e Información Territorial,IGN
2016,4735,2016-06-24,Viernes,0.0,19:55:00,,0.0,2,"Automóvil,Bicicleta",J.J.Paso Y Av. Circunvalacion,2,1,0,0,1,0,0,,Avenida,,ROSARIO,Rosario,Asfalto,Pavimento,II,Dentro,Urbana,Semáforo,Funciona,Intersección,Bueno,Buena,"Atardecer,Con luz artificial",Buen Tiempo,S/D,Ciclista,Atropello,S/D,Vertical,Cordón divisorio,S/D,POINT (-60.723727529563504 -32.92055900258327),"['Paso', 'Circunvalacion']",2,Avenida Juan José Paso; Avenida de Circunvalación 25 de Mayo,-32.92055900258327,-60.723727529563504,55.0,538.0,Municipio Rosario,Municipio,Rosario,820210,Servicio de Catastro e Información Territorial,IGN
2016,4736,2016-05-14,Sabado,0.0,19:15:00,,0.0,2,"Bicicleta,Moto/Ciclomotor",Laprida Y Pje. Moussy,2,1,0,0,1,0,0,,S/D,,ROSARIO,Rosario,Asfalto,No existe,II,S/D,S/D,Ninguna,No existe,Intersección,Bueno,Buena,Atardecer,Buen Tiempo,S/D,Ciclista,Atropello,S/D,S/D,Ninguna,Sin restricción,POINT (-60.6456335 -32.9924381),"['Laprida', 'Moussy']",2,Francisco Narciso Laprida; Moussy,-32.9924381,-60.6456335,55.0,538.0,Municipio Rosario,Municipio,Rosario,820210,Servicio de Catastro e Información Territorial,IGN
2016,4737,2016-06-07,Martes,0.0,16:25:00,,0.0,2,"Automóvil,Automóvil",Av. Battle y Ordoñez Y Mariano Moreno,2,1,0,0,1,0,0,,Avenida,,ROSARIO,Rosario,Asfalto,S/D,II,Dentro,Urbana,Semáforo,S/D,Recta,Bueno,S/D,Diurna,Buen Tiempo,S/D,S/D,Colisión,S/D,"Horizontal,Vertical",Ninguna,S/D,POINT (-60.661635649999994 -33.0093064),"['Avenida Battle y Ordoñez', 'Mariano Moreno']",2,Avenida Battle y Ordoñez; Mariano Moreno,-33.0093064,-60.66163565,55.0,538.0,Municipio Rosario,Municipio,Rosario,820210,Servicio de Catastro e Información Territorial,IGN
2016,4739,2016-05-14,Sabado,0.0,21:20:00,,0.0,2,"Automóvil,Automóvil",Av. Arijon Y Av. Avellaneda B,4,3,0,0,1,0,0,,Calle,,ROSARIO,Rosario,Asfalto,Pavimento,II,Dentro,Urbana,Semáforo,Funciona,Intersección,Deteriorada,Buena,Atardecer,Buen Tiempo,Lateral,S/D,Colisión,S/D,Vertical,Ninguna,Sin restricción,POINT (-60.688958050000004 -33.0042364),"['Avenida Manuel Arijón', 'Avellaneda']",2,Avenida Manuel Arijón; Bulevar Nicolás Avellaneda,-33.0042364,-60.68895805,55.0,538.0,Municipio Rosario,Municipio,Rosario,820210,Servicio de Catastro e Información Territorial,IGN
2016,4740,2016-05-17,Martes,0.0,7:45:00,,0.0,2,"Bicicleta,Transporte de Pasajeros Urbano (> 8 asientos)",Necochea Y Garibaldi,2,1,0,0,1,0,0,,Calle,,ROSARIO,Rosario,Asfalto,No existe,II,S/D,Urbana,Ninguna,No existe,Intersección,Bueno,Buena,Amanecer,Buen Tiempo,S/D,Ciclista,Atropello,S/D,S/D,S/D,Sin restricción,POINT (-60.6341288 -32.9884557),"['Necochea', 'José Garibaldi']",2,Necochea; José Garibaldi,-32.9884557,-60.6341288,55.0,538.0,Municipio Rosario,Municipio,Rosario,820210,Servicio de Catastro e Información Territorial,IGN
2016,4741,2016-06-01,Miercoles,0.0,11:00:00,,0.0,2,"Peatón,Camión",Arengreen 6000,2,1,0,0,1,0,0,,Calle,,ROSARIO,Rosario,Asfalto,No existe,II,Dentro,Urbana,Ninguna,No existe,Recta,Bueno,Buena,Diurna,Buen Tiempo,S/D,Peatón,Atropello,S/D,Horizontal,Ninguna,S/D,"-33.0086873, -60.6746096",['Arengreen 6000'],1,Arengreen 6000,-33.0086873,-60.6746096,55.0,538.0,Municipio Rosario,Municipio,Rosario,820210,Servicio de Catastro e Información Territorial,IGN
2016,4742,2016-05-16,Lunes,0.0,11:00:00,,0.0,2,"Automóvil,Moto/Ciclomotor",Punta Del Indio Y Montecarlo,2,1,0,0,1,0,0,,Calle,,ROSARIO,Rosario,Asfalto,Natural,II,Dentro,Urbana,Ninguna,No existe,Intersección,Bueno,Buena,Diurna,Buen Tiempo,Frontal,S/D,Colisión,S/D,Faltante,Ninguna,Sin restricción,POINT (-60.6872586 -33.02757),"['Punta del Indio', 'Montecarlo']",2,Punta del Indio; Montecarlo,-33.02757,-60.6872586,55.0,538.0,Municipio Rosario,Municipio,Rosario,820210,Servicio de Catastro e Información Territorial,IGN