anio_acci,nro_acci,fecha,desc_dia,fecha_aprox,hora_aprox,desc_ruta,km,cant_participantes,desc_participante,calle_avenida_km,total,heridos_leves,heridos_graves,heridos_gravisimos,ilesos,fallecidos,sin_datos,posicion_XY,desc_tipo_via,desc_ruta_ori,desc_loc,desc_dpto,desc_tipo_calzada,desc_tipo_banquina,desc_unidad_regional,desc_lugar_calzada,desc_zona,desc_prioridad,desc_estado_semaforo,desc_lugar_via,desc_estado_via,desc_estado_visibilidad,desc_luminosidad,desc_estado_clima,desc_tipo_colision,desc_tipo_atropello,desc_tipo_hecho,desc_pres_calzada,desc_senializacion,desc_separacion_via,desc_restriccion,forma_geocod,calle_lista,numero_calles,calles_osm,lat,lon,index_right,gid,fna,gna,nam,in1,fdc,sag
2016,4743,2016-06-21,Martes,0.0,14:30:00,,0.0,2,"Peatón,Otros",Godoy Cruz Y Rio De Janeiro,2,1,0,0,0,0,1,,Calle,,ROSARIO,Rosario,S/D,S/D,II,S/D,Urbana,S/D,S/D,Otro,S/D,S/D,Diurna,S/D,S/D,S/D,Atropello,S/D,S/D,S/D,S/D,POINT (-60.685269950000006 -32.95777994999999),"['Avenida Presidente Perón', 'Río de Janeiro']",2,Avenida Presidente Perón; Río de Janeiro,-32.95777994999999,-60.685269950000006,55.0,538.0,Municipio Rosario,Municipio,Rosario,820210,Servicio de Catastro e Información Territorial,IGN
2016,4744,2016-05-14,Sabado,0.0,15:30:00,,0.0,2,"Automóvil,Moto/Ciclomotor",Av. Ovidio Lagos 8100,3,2,0,0,1,0,0,,Calle,,ROSARIO,Rosario,Asfalto,Pavimento,II,Dentro,Urbana,Ninguna,No existe,Recta,Bueno,Buena,Diurna,Buen Tiempo,Lateral,S/D,Colisión,S/D,Faltante,Cordón divisorio,Sin restricción,"-32.9700442, -60.668095",['Ovidio Lagos 8100'],1,Ovidio Lagos 8100,-32.9700442,-60.668095,55.0,538.0,Municipio Rosario,Municipio,Rosario,820210,Servicio de Catastro e Información Territorial,IGN
2016,4745,2016-05-04,Miercoles,0.0,18:00:00,,0.0,2,"Otros,Automóvil",1 de Mayo Y Viamonte,2,1,0,0,1,0,0,,Calle,,ROSARIO,Rosario,Asfalto,Pavimento,II,Dentro,Urbana,S/D,S/D,Intersección,Bueno,Buena,Diurna,Buen Tiempo,S/D,S/D,S/D,Ninguna,S/D,S/D,Sin restricción,POINT (-60.634418 -32.9668452),"['Primero de Mayo', 'Viamonte']",2,Primero de Mayo; Viamonte,-32.9668452,-60.634418,55.0,538.0,Municipio Rosario,Municipio,Rosario,820210,Servicio de Catastro e Información Territorial,IGN
2016,4746,2016-06-08,Miercoles,0.0,21:15:00,,0.0,2,"Automóvil,Moto/Ciclomotor",Av. Eva Peron Y Servando Bayo,2,0,0,0,0,0,2,,Avenida,,ROSARIO,Rosario,S/D,S/D,II,S/D,Urbana,S/D,S/D,Otro,S/D,S/D,Nocturna,S/D,S/D,S/D,S/D,S/D,S/D,S/D,S/D,POINT (-60.6845708 -32.9381258),"['Avenida Eva Perón', 'Servando Bayo']",2,Avenida Eva Perón; Servando Bayo,-32.9381258,-60.6845708,55.0,538.0,Municipio Rosario,Municipio,Rosario,820210,Servicio de Catastro e Información Territorial,IGN
2016,4747,2016-05-20,Viernes,0.0,11:30:00,,0.0,2,"Camión,Moto/Ciclomotor",Av. Ovidio Lagos Y Av. Circunvalacion,2,1,0,0,1,0,0,,Calle,,ROSARIO,Rosario,Asfalto,Pavimento,II,Dentro,Urbana,Semáforo,No existe,Intersección,Bueno,Buena,Diurna,Buen Tiempo,Lateral,S/D,Colisión,S/D,Vertical,Cordón divisorio,Sin restricción,POINT (-60.67699098957188 -33.00797177001669),"['Avenida Ovidio Lagos', 'Circunvalacion']",2,Avenida Ovidio Lagos; Avenida de Circunvalación 25 de Mayo,-33.00797177001669,-60.67699098957188,55.0,538.0,Municipio Rosario,Municipio,Rosario,820210,Servicio de Catastro e Información Territorial,IGN
2016,4748,2016-05-02,Lunes,0.0,10:30:00,,0.0,2,"Moto/Ciclomotor,Automóvil",San Martin Y Garibaldi,2,1,0,0,0,0,1,,Calle,,ROSARIO,Rosario,Asfalto,No existe,II,Dentro,Urbana,Ninguna,No existe,Intersección,Bueno,Buena,Diurna,Buen Tiempo,De alcance,S/D,Colisión,Ninguna,Faltante,Ninguna,Sin restricción,POINT (-60.645777800000005 -32.986383249999996),"['San Martin', 'José Garibaldi']",2,José de San Martín; José Garibaldi,-32.98638325,-60.645777800000005,55.0,538.0,Municipio Rosario,Municipio,Rosario,820210,Servicio de Catastro e Información Territorial,IGN
2016,4749,2016-06-10,Viernes,0.0,13:25:00,,0.0,2,"Moto/Ciclomotor,Peatón",Av. Francia 2600,3,0,0,0,0,0,3,,S/D,,ROSARIO,Rosario,S/D,S/D,II,S/D,Urbana,S/D,S/D,Otro,S/D,S/D,Diurna,S/D,S/D,Peatón,Atropello,S/D,S/D,S/D,S/D,"-32.9624707, -60.6710042",['Francia 2600'],1,Francia 2600,-32.9624707,-60.6710042,55.0,538.0,Municipio Rosario,Municipio,Rosario,820210,Servicio de Catastro e Información Territorial,IGN
2016,4750,2016-05-30,Lunes,0.0,6:30:00,,0.0,2,"Automóvil,Moto/Ciclomotor",Av. Circunvalacion Y Av. Ovidio Lagos,2,1,0,0,1,0,0,,Calle,,ROSARIO,Rosario,Asfalto,Pavimento,II,Dentro,Urbana,Ninguna,No existe,Recta,Bueno,Buena,Nocturna,Buen Tiempo,Lateral,S/D,Colisión,S/D,Faltante,Ninguna,Sin restricción,POINT (-60.67699098957188 -33.00797177001669),"['Circunvalacion', 'Avenida Ovidio Lagos']",2,Avenida de Circunvalación 25 de Mayo; Avenida Ovidio Lagos,-33.00797177001669,-60.67699098957188,55.0,538.0,Municipio Rosario,Municipio,Rosario,820210,Servicio de Catastro e Información Territorial,IGN
2016,4751,2016-06-11,Sabado,0.0,12:30:00,,0.0,2,"Automóvil,Bicicleta",Av. Francia Y Ocampo,2,1,0,0,0,0,1,,Avenida,,ROSARIO,Rosario,S/D,S/D,II,S/D,Urbana,S/D,S/D,Otro,S/D,S/D,Diurna,S/D,S/D,Ciclista,Atropello,S/D,S/D,S/D,S/D,POINT (-60.67057320000001 -32.9615678),"['Avenida Francia', 'Ocampo']",2,Avenida Francia; Ocampo,-32.9615678,-60.67057320000001,55.0,538.0,Municipio Rosario,Municipio,Rosario,820210,Servicio de Catastro e Información Territorial,IGN
2016,4753,2016-05-03,Martes,0.0,17:00:00,,0.0,2,"Moto/Ciclomotor,Automóvil",Av. Corrientes Y Centeno,3,2,0,0,1,0,0,,Calle,,ROSARIO,Rosario,Asfalto,No existe,II,Dentro,Urbana,Ninguna,No existe,Intersección,Bueno,Buena,Diurna,Buen Tiempo,De alcance,S/D,Colisión,Ninguna,Faltante,Ninguna,Sin restricción,POINT (-60.6520326 -32.98407649999999),"['Corrientes', 'Centeno']",2,Corrientes; Coronel Centeno,-32.98407649999999,-60.6520326,55.0,538.0,Municipio Rosario,Municipio,Rosario,820210,Servicio de Catastro e Información Territorial,IGN
2016,4754,2016-06-29,Miercoles,0.0,16:20:00,,0.0,2,"Automóvil,Moto/Ciclomotor",Av. Circunvalacion Y J.J.Paso,2,1,0,0,1,0,0,,Avenida,,ROSARIO,Rosario,Asfalto,Pavimento,II,Dentro,Urbana,Semáforo,Funciona,Intersección,Bueno,Buena,Atardecer,Buen Tiempo,S/D,S/D,Colisión,S/D,Horizontal,Guardarrail,S/D,POINT (-60.723727529563504 -32.92055900258326),"['Circunvalacion', 'Paso']",2,Avenida de Circunvalación 25 de Mayo; Avenida Juan José Paso,-32.92055900258326,-60.723727529563504,55.0,538.0,Municipio Rosario,Municipio,Rosario,820210,Servicio de Catastro e Información Territorial,IGN
2016,4755,2016-06-11,Sabado,0.0,19:50:00,,0.0,2,"Automóvil,Moto/Ciclomotor",Av. Francia Y La Paz,2,1,0,0,0,0,1,,Avenida,,ROSARIO,Rosario,S/D,S/D,II,S/D,Urbana,S/D,S/D,S/D,S/D,S/D,Nocturna,S/D,S/D,S/D,S/D,S/D,S/D,S/D,S/D,POINT (-60.6699873 -32.95925095),"['Avenida Francia', 'La Paz']",2,Avenida Francia; La Paz,-32.95925095,-60.6699873,55.0,538.0,Municipio Rosario,Municipio,Rosario,820210,Servicio de Catastro e Información Territorial,IGN
2016,4757,2016-06-16,Jueves,0.0,18:45:00,,0.0,2,"Peatón,Moto/Ciclomotor",Constitucion Y Pje. Gordillo,2,1,0,0,0,0,1,,Calle,,ROSARIO,Rosario,S/D,S/D,II,S/D,Urbana,S/D,S/D,Otro,S/D,S/D,Atardecer,S/D,S/D,Peatón,Atropello,Ninguna,S/D,S/D,S/D,POINT (-60.67744350000001 -32.954938600000006),"['Constitución', 'Gordillo']",2,Constitución; Gordillo,-32.954938600000006,-60.67744350000001,55.0,538.0,Municipio Rosario,Municipio,Rosario,820210,Servicio de Catastro e Información Territorial,IGN
2016,4758,2016-05-05,Jueves,0.0,0:15:00,,0.0,2,"Automóvil,Moto/Ciclomotor",Bv. Oroño Y Gaboto,3,1,1,0,1,0,0,,Calle,,ROSARIO,Rosario,Asfalto,No existe,II,Dentro,Urbana,Semáforo,Funciona,Intersección,Bueno,Buena,Nocturna,Buen Tiempo,De alcance,S/D,Colisión,Ninguna,"Horizontal,Vertical",Ninguna,Sin restricción,POINT (-60.660093950000004 -32.970649650000006),"['Bulevar Nicasio Oroño', 'Gaboto']",2,Bulevar Nicasio Oroño; Gaboto,-32.970649650000006,-60.66009395,55.0,538.0,Municipio Rosario,Municipio,Rosario,820210,Servicio de Catastro e Información Territorial,IGN
2016,4761,2016-05-03,Martes,0.0,18:45:00,,0.0,2,"Moto/Ciclomotor,Otros",San Martin Y La Paz,2,1,0,0,0,0,1,,Calle,,ROSARIO,Rosario,Asfalto,S/D,II,Dentro,Urbana,S/D,S/D,Intersección,Bueno,Buena,"Nocturna,Con luz artificial",Buen Tiempo,Lateral,S/D,Colisión,S/D,S/D,S/D,S/D,POINT (-60.64116099999999 -32.964431299999994),"['San Martin', 'La Paz']",2,José de San Martín; La Paz,-32.964431299999994,-60.64116099999999,55.0,538.0,Municipio Rosario,Municipio,Rosario,820210,Servicio de Catastro e Información Territorial,IGN
2016,4762,2016-06-17,Viernes,0.0,21:30:00,,0.0,2,"Taxi/Remis,Automóvil",Crespo Y Virasoro,2,2,0,0,0,0,0,,Calle,,ROSARIO,Rosario,S/D,S/D,II,S/D,Urbana,S/D,S/D,Otro,S/D,S/D,Nocturna,S/D,S/D,S/D,Colisión,S/D,S/D,S/D,S/D,POINT (-60.6741229 -32.964539499999994),"['Crespo', 'Virasoro']",2,Crespo; Benjamín Virasoro,-32.964539499999994,-60.6741229,55.0,538.0,Municipio Rosario,Municipio,Rosario,820210,Servicio de Catastro e Información Territorial,IGN
2016,4763,2016-05-05,Jueves,0.0,13:05:00,,0.0,2,"Automóvil,Automóvil",Buenos Aires Y Ocampo,3,1,0,0,2,0,0,,Calle,,ROSARIO,Rosario,Asfalto,S/D,II,Dentro,Urbana,Señal Pare,No existe,Intersección,Bueno,Buena,Diurna,Buen Tiempo,Lateral,S/D,Colisión,S/D,Vertical,S/D,Sin restricción,POINT (-60.637728 -32.9674326),"['Buenos Aires', 'Ocampo']",2,Buenos Aires; Ocampo,-32.9674326,-60.637728,55.0,538.0,Municipio Rosario,Municipio,Rosario,820210,Servicio de Catastro e Información Territorial,IGN
2016,4764,2016-05-04,Miercoles,0.0,20:00:00,,0.0,2,"Moto/Ciclomotor,Automóvil",Galvez Y Dorrego,2,1,0,0,1,0,0,,Calle,,ROSARIO,Rosario,Asfalto,S/D,II,Dentro,Urbana,S/D,No existe,Intersección,Bueno,Buena,"Nocturna,Con luz artificial",Buen Tiempo,Lateral,S/D,Colisión,S/D,S/D,S/D,S/D,POINT (-60.65484430000001 -32.966804299999986),"['Galvez', 'Dorrego']",2,José Gálvez; Manuel Dorrego,-32.966804299999986,-60.65484430000001,55.0,538.0,Municipio Rosario,Municipio,Rosario,820210,Servicio de Catastro e Información Territorial,IGN
2016,4765,2016-06-19,Domingo,0.0,19:20:00,,0.0,2,"Moto/Ciclomotor,Automóvil",San Nicolas Y Ocampo,2,1,0,0,0,0,1,,Calle,,ROSARIO,Rosario,S/D,S/D,II,S/D,Urbana,S/D,S/D,Otro,S/D,S/D,Atardecer,S/D,S/D,S/D,Colisión,S/D,S/D,S/D,S/D,POINT (-60.67737850000001 -32.96035439999999),"['San Nicolás', 'Ocampo']",2,San Nicolás; Ocampo,-32.96035439999999,-60.67737850000001,55.0,538.0,Municipio Rosario,Municipio,Rosario,820210,Servicio de Catastro e Información Territorial,IGN
2016,4766,2016-05-06,Viernes,0.0,2:00:00,,0.0,2,"Automóvil,Automóvil",Buenos Aires Y Viamonte,2,1,0,0,1,0,0,,Calle,,ROSARIO,Rosario,Asfalto,S/D,II,Dentro,Urbana,S/D,S/D,Intersección,Bueno,Buena,Nocturna,Buen Tiempo,Lateral,S/D,Colisión,S/D,S/D,S/D,Sin restricción,POINT (-60.637445299999996 -32.966308199999986),"['Buenos Aires', 'Viamonte']",2,Buenos Aires; Viamonte,-32.966308199999986,-60.6374453,55.0,538.0,Municipio Rosario,Municipio,Rosario,820210,Servicio de Catastro e Información Territorial,IGN
2016,4767,2016-05-06,Viernes,0.0,13:00:00,,0.0,2,"Automóvil,Moto/Ciclomotor",Cerrito Y Esmeralda,3,2,0,0,1,0,0,,Calle,,ROSARIO,Rosario,Asfalto,S/D,II,Dentro,Urbana,S/D,S/D,Intersección,Bueno,Buena,Diurna,Buen Tiempo,S/D,S/D,Colisión,S/D,S/D,S/D,Sin restricción,POINT (-60.62529899999999 -32.9648721),"['Cerrito', 'Esmeralda']",2,Cerrito; Esmeralda,-32.9648721,-60.62529899999999,55.0,538.0,Municipio Rosario,Municipio,Rosario,820210,Servicio de Catastro e Información Territorial,IGN
2016,4768,2016-06-07,Martes,0.0,15:45:00,,0.0,2,"Moto/Ciclomotor,Moto/Ciclomotor",Arteaga Y Patricios,2,1,0,0,1,0,0,,Calle,,ROSARIO,Rosario,Asfalto,No existe,II,Dentro,Urbana,S/D,No existe,Recta,Bueno,Buena,Diurna,Buen Tiempo,S/D,S/D,Colisión,S/D,Horizontal,S/D,Sin restricción,POINT (-60.643425 -33.01079279999998),"['Arteaga', 'Patricios']",2,Alfredo de Arteaga; Patricios,-33.01079279999998,-60.643425,55.0,538.0,Municipio Rosario,Municipio,Rosario,820210,Servicio de Catastro e Información Territorial,IGN
2016,4769,2016-05-07,Sabado,0.0,9:50:00,,0.0,2,"Taxi/Remis,Otros",Bv. Oroño Y Av. Pellegrini,3,1,0,0,1,0,1,,Avenida,,ROSARIO,Rosario,Asfalto,No existe,II,Dentro,Urbana,Semáforo,Funciona,Rotonda,Bueno,Buena,Amanecer,Buen Tiempo,De alcance,S/D,Colisión,Ninguna,Vertical,S/D,Sin restricción,POINT (-60.656023850000004 -32.95457175),"['Bulevar Nicasio Oroño', 'Pellegrini']",2,Bulevar Nicasio Oroño; Avenida Carlos Pellegrini,-32.95457175,-60.65602385,55.0,538.0,Municipio Rosario,Municipio,Rosario,820210,Servicio de Catastro e Información Territorial,IGN
2016,4770,2016-06-21,Martes,0.0,16:40:00,,0.0,2,"Automóvil,Moto/Ciclomotor",Riobamba Y Cafferata,2,1,0,0,0,0,1,,Calle,,ROSARIO,Rosario,S/D,S/D,II,S/D,Urbana,S/D,S/D,Otro,S/D,S/D,Diurna,S/D,S/D,S/D,S/D,S/D,S/D,S/D,S/D,POINT (-60.6751328 -32.957140899999985),"['Riobamba', 'Cafferata']",2,Riobamba; Cafferata,-32.957140899999985,-60.6751328,55.0,538.0,Municipio Rosario,Municipio,Rosario,820210,Servicio de Catastro e Información Territorial,IGN
2016,4771,2016-05-09,Lunes,0.0,17:30:00,,0.0,2,"Moto/Ciclomotor,Automóvil",Riobamba Y Esmeralda,2,1,0,0,1,0,0,,Calle,,ROSARIO,Rosario,Asfalto,S/D,II,Dentro,Urbana,S/D,S/D,Intersección,Bueno,Buena,Diurna,Buen Tiempo,S/D,S/D,Colisión,S/D,S/D,S/D,Sin restricción,POINT (-60.625778100000005 -32.9659726),"['Riobamba', 'Esmeralda']",2,Riobamba; Esmeralda,-32.9659726,-60.625778100000005,55.0,538.0,Municipio Rosario,Municipio,Rosario,820210,Servicio de Catastro e Información Territorial,IGN
2016,4772,2016-06-12,Domingo,0.0,17:00:00,,0.0,2,"Moto/Ciclomotor,Pickup/Utilitario",Av. Bermudez Y Pje. Pelikan,2,1,0,0,1,0,0,,Avenida,,ROSARIO,Rosario,Asfalto,No existe,II,Dentro,Urbana,S/D,No existe,Recta,Deteriorada,Buena,Diurna,S/D,S/D,S/D,Colisión,S/D,Horizontal,S/D,Sin restricción,POINT (-60.6423389 -33.00765930000001),"['Bermudez', 'Pelikán']",2,Avenida José Bermúdez; Pelikán,-33.00765930000001,-60.6423389,55.0,538.0,Municipio Rosario,Municipio,Rosario,820210,Servicio de Catastro e Información Territorial,IGN
2016,4773,2016-05-09,Lunes,0.0,19:30:00,,0.0,2,"Moto/Ciclomotor,Automóvil",Sarmiento Y Riobamba,2,1,0,0,1,0,0,,S/D,,ROSARIO,Rosario,Asfalto,S/D,II,S/D,S/D,S/D,S/D,Intersección,Bueno,Buena,"Atardecer,Con luz artificial",Buen Tiempo,Lateral,S/D,Colisión,S/D,S/D,S/D,S/D,POINT (-60.642316799999996 -32.9630352),"['Sarmiento', 'Riobamba']",2,Sarmiento; Riobamba,-32.9630352,-60.6423168,55.0,538.0,Municipio Rosario,Municipio,Rosario,820210,Servicio de Catastro e Información Territorial,IGN
2016,4774,2016-05-10,Martes,0.0,7:30:00,,0.0,2,"Moto/Ciclomotor,Taxi/Remis",Necochea 2600,2,1,0,0,1,0,0,,Calle,,ROSARIO,Rosario,Asfalto,S/D,II,Dentro,Urbana,S/D,S/D,Recta,Bueno,Buena,Diurna,Buen Tiempo,De alcance,S/D,Colisión,S/D,S/D,S/D,Sin restricción,"-32.9699249, -60.6294729",['Necochea 2600'],1,Necochea 2600,-32.9699249,-60.6294729,55.0,538.0,Municipio Rosario,Municipio,Rosario,820210,Servicio de Catastro e Información Territorial,IGN
2016,4775,2016-06-21,Martes,0.0,13:00:00,,0.0,2,"Automóvil,Moto/Ciclomotor",Godoy Cruz Y Crespo,2,1,0,0,0,0,1,,Calle,,ROSARIO,Rosario,S/D,S/D,II,S/D,Urbana,S/D,S/D,Otro,Otro,S/D,Diurna,S/D,S/D,S/D,Colisión,Otro,S/D,S/D,S/D,POINT (-60.67208864999999 -32.956252649999996),"['Avenida Presidente Perón', 'Crespo']",2,Avenida Presidente Perón; Crespo,-32.95625265,-60.67208864999999,55.0,538.0,Municipio Rosario,Municipio,Rosario,820210,Servicio de Catastro e Información Territorial,IGN
2016,4776,2016-06-12,Domingo,0.0,17:00:00,,0.0,2,"Moto/Ciclomotor,Pickup/Utilitario",San Martin Y Centenario,2,1,0,0,1,0,0,,Calle,,ROSARIO,Rosario,Asfalto,No existe,II,Dentro,Urbana,S/D,No existe,Recta,S/D,Buena,Diurna,S/D,S/D,S/D,Colisión,S/D,Faltante,S/D,Sin restricción,POINT (-60.6496342 -33.004278649999996),"['San Martin', 'Centenario']",2,José de San Martín; Avenida Centenario Rosario Central,-33.00427865,-60.6496342,55.0,538.0,Municipio Rosario,Municipio,Rosario,820210,Servicio de Catastro e Información Territorial,IGN
2016,4777,2016-05-12,Jueves,0.0,10:30:00,,0.0,2,"Moto/Ciclomotor,Moto/Ciclomotor",Av. Pellegrini 2600,2,1,0,0,1,0,0,,Avenida,,ROSARIO,Rosario,Asfalto,S/D,II,Dentro,Urbana,S/D,S/D,Recta,Bueno,Buena,Diurna,Buen Tiempo,S/D,S/D,Colisión,S/D,S/D,S/D,S/D,"-32.953524, -60.6611967",['Pellegrini 2600'],1,Pellegrini 2600,-32.953524,-60.6611967,55.0,538.0,Municipio Rosario,Municipio,Rosario,820210,Servicio de Catastro e Información Territorial,IGN
2016,4778,2016-06-26,Domingo,0.0,13:40:00,,0.0,1,Moto/Ciclomotor,Godoy Cruz Y Cafferata,1,1,0,0,0,0,0,,Calle,,ROSARIO,Rosario,Asfalto,S/D,II,S/D,Urbana,S/D,S/D,Otro,Otro,S/D,Diurna,Otro,S/D,S/D,Vuelco,Ninguna,Faltante,S/D,S/D,POINT (-60.674993900000004 -32.9565943),"['Avenida Presidente Perón', 'Cafferata']",2,Avenida Presidente Perón; Cafferata,-32.9565943,-60.6749939,55.0,538.0,Municipio Rosario,Municipio,Rosario,820210,Servicio de Catastro e Información Territorial,IGN
2016,4779,2016-06-30,Jueves,0.0,7:50:00,,0.0,2,"Automóvil,Moto/Ciclomotor",Bv. Avellaneda Y Riobamba,2,0,1,0,0,0,1,,Avenida,,ROSARIO,Rosario,Asfalto,S/D,II,S/D,Urbana,S/D,S/D,Otro,Otro,S/D,Diurna,S/D,S/D,S/D,Vuelco,S/D,S/D,S/D,S/D,POINT (-60.6833317 -32.955698850000005),"['Avellaneda', 'Riobamba']",2,Bulevar Nicolás Avellaneda; Riobamba,-32.955698850000005,-60.6833317,55.0,538.0,Municipio Rosario,Municipio,Rosario,820210,Servicio de Catastro e Información Territorial,IGN
2016,4780,2016-05-13,Viernes,0.0,8:30:00,,0.0,2,"Automóvil,Moto/Ciclomotor",Colon Y Galvez,3,1,0,0,2,0,0,,Calle,,ROSARIO,Rosario,Asfalto,S/D,II,Dentro,Urbana,S/D,S/D,Intersección,Bueno,Buena,Diurna,Buen Tiempo,S/D,S/D,Colisión,S/D,S/D,S/D,Sin restricción,POINT (-60.6311573 -32.97101279999999),"['Colon', 'Galvez']",2,Cristóbal Colón; José Gálvez,-32.97101279999999,-60.6311573,55.0,538.0,Municipio Rosario,Municipio,Rosario,820210,Servicio de Catastro e Información Territorial,IGN
2016,4781,2016-06-18,Sabado,0.0,20:30:00,,0.0,2,"Moto/Ciclomotor,Pickup/Utilitario",Av. Arijon Y Buenos Aires,3,2,0,0,1,0,0,,Avenida,,ROSARIO,Rosario,Asfalto,No existe,II,Dentro,Urbana,Ninguna,No existe,Intersección,Con baches,Reducida,Nocturna,S/D,S/D,S/D,Colisión,S/D,Horizontal,S/D,Sin restricción,POINT (-60.6449328 -33.0029409),"['Avenida Manuel Arijón', 'Buenos Aires']",2,Avenida Manuel Arijón; Buenos Aires,-33.0029409,-60.6449328,55.0,538.0,Municipio Rosario,Municipio,Rosario,820210,Servicio de Catastro e Información Territorial,IGN
2016,4782,2016-05-12,Jueves,0.0,16:30:00,,0.0,2,"Moto/Ciclomotor,Automóvil",Mariano Moreno 1700,2,1,0,0,1,0,0,,Calle,,ROSARIO,Rosario,Asfalto,S/D,II,Dentro,Urbana,S/D,S/D,Recta,Bueno,Buena,Diurna,Buen Tiempo,Lateral,S/D,Colisión,S/D,S/D,S/D,S/D,"-32.9547985, -60.6533574",['Mariano Moreno 1700'],1,Mariano Moreno 1700,-32.9547985,-60.6533574,55.0,538.0,Municipio Rosario,Municipio,Rosario,820210,Servicio de Catastro e Información Territorial,IGN
2016,4783,2016-05-23,Lunes,0.0,19:15:00,,0.0,2,"Bicicleta,Automóvil",Necochea Y Ocampo,3,2,0,0,1,0,0,,Calle,,ROSARIO,Rosario,Asfalto,S/D,II,Dentro,Urbana,S/D,S/D,Intersección,Bueno,Buena,Atardecer,Buen Tiempo,S/D,Ciclista,Atropello,S/D,S/D,S/D,Sin restricción,POINT (-60.6291842 -32.9689484),"['Necochea', 'Ocampo']",2,Necochea; Ocampo,-32.9689484,-60.6291842,55.0,538.0,Municipio Rosario,Municipio,Rosario,820210,Servicio de Catastro e Información Territorial,IGN
2016,4784,2016-05-26,Jueves,0.0,7:25:00,,0.0,2,"Automóvil,Automóvil",L.N.Alem Y Cerrito,2,1,0,0,1,0,0,,Calle,,ROSARIO,Rosario,Asfalto,S/D,II,Dentro,Urbana,Señal Pare,No existe,Intersección,Bueno,Buena,Diurna,Buen Tiempo,Lateral,S/D,Colisión,S/D,Vertical,S/D,Sin restricción,POINT (-60.63213530000001 -32.96363290000001),"['Alem', 'Cerrito']",2,Leandro N. Alem; Cerrito,-32.96363290000001,-60.63213530000001,55.0,538.0,Municipio Rosario,Municipio,Rosario,820210,Servicio de Catastro e Información Territorial,IGN
2016,4785,2016-06-21,Martes,0.0,20:20:00,,0.0,2,"Moto/Ciclomotor,Automóvil",Laprida Y Av. Battle y Ordoñez,3,1,0,0,2,0,0,,Avenida,,ROSARIO,Rosario,Asfalto,No existe,II,Dentro,Urbana,Ninguna,Funciona,Recta,Bueno,Buena,Nocturna,S/D,Lateral,S/D,Colisión,S/D,Vertical,Línea divisoria pintada,Sin restricción,POINT (-60.64674879999999 -33.00887749999998),"['Laprida', 'Avenida Battle y Ordoñez']",2,Francisco Narciso Laprida; Avenida Battle y Ordoñez,-33.00887749999998,-60.64674879999999,55.0,538.0,Municipio Rosario,Municipio,Rosario,820210,Servicio de Catastro e Información Territorial,IGN
2016,4787,2016-05-12,Jueves,0.0,19:30:00,,0.0,2,"Otros,Moto/Ciclomotor",Galvez Y Pte.Roca,3,2,0,0,0,0,1,,S/D,,ROSARIO,Rosario,Asfalto,S/D,II,S/D,S/D,S/D,S/D,Intersección,Bueno,Buena,"Atardecer,Con luz artificial",Buen Tiempo,Lateral,S/D,Colisión,S/D,S/D,S/D,S/D,POINT (-60.6507318 -32.967538899999994),"['Galvez', 'Roca']",2,José Gálvez; Presidente Roca,-32.967538899999994,-60.6507318,55.0,538.0,Municipio Rosario,Municipio,Rosario,820210,Servicio de Catastro e Información Territorial,IGN
2016,4788,2016-05-27,Viernes,0.0,10:40:00,,0.0,2,"Automóvil,Automóvil",La Paz Y Chacabuco,2,1,0,0,1,0,0,,Calle,,ROSARIO,Rosario,Asfalto,S/D,II,Dentro,Urbana,S/D,S/D,Intersección,Bueno,Buena,Diurna,Buen Tiempo,S/D,S/D,Colisión,S/D,S/D,S/D,Sin restricción,POINT (-60.62723890000001 -32.96690489999999),"['La Paz', 'Chacabuco']",2,La Paz; Chacabuco,-32.96690489999999,-60.62723890000001,55.0,538.0,Municipio Rosario,Municipio,Rosario,820210,Servicio de Catastro e Información Territorial,IGN
2016,4789,2016-06-21,Martes,0.0,,,0.0,2,"Automóvil,Automóvil",Laprida Y Centenario,2,1,0,0,1,0,0,,Calle,,ROSARIO,Rosario,Asfalto,No existe,II,Dentro,Urbana,S/D,No existe,Recta,Bueno,S/D,S/D,S/D,S/D,S/D,Colisión,S/D,Horizontal,Ninguna,Sin restricción,POINT (-60.646947100000006 -33.00418769999999),"['Laprida', 'Centenario']",2,Francisco Narciso Laprida; Avenida Centenario Rosario Central,-33.00418769999999,-60.646947100000006,55.0,538.0,Municipio Rosario,Municipio,Rosario,820210,Servicio de Catastro e Información Territorial,IGN
2016,4790,2016-05-27,Viernes,0.0,22:35:00,,0.0,2,"Moto/Ciclomotor,Automóvil",1 de Mayo Y Viamonte,2,1,0,0,1,0,0,,Calle,,ROSARIO,Rosario,Asfalto,S/D,II,Dentro,Urbana,S/D,S/D,Intersección,Bueno,Buena,Nocturna,Buen Tiempo,S/D,S/D,Colisión,S/D,S/D,S/D,Sin restricción,POINT (-60.634418 -32.9668452),"['Primero de Mayo', 'Viamonte']",2,Primero de Mayo; Viamonte,-32.9668452,-60.634418,55.0,538.0,Municipio Rosario,Municipio,Rosario,820210,Servicio de Catastro e Información Territorial,IGN