anio_acci,nro_acci,fecha,desc_dia,fecha_aprox,hora_aprox,desc_ruta,km,cant_participantes,desc_participante,calle_avenida_km,total,heridos_leves,heridos_graves,heridos_gravisimos,ilesos,fallecidos,sin_datos,posicion_XY,desc_tipo_via,desc_ruta_ori,desc_loc,desc_dpto,desc_tipo_calzada,desc_tipo_banquina,desc_unidad_regional,desc_lugar_calzada,desc_zona,desc_prioridad,desc_estado_semaforo,desc_lugar_via,desc_estado_via,desc_estado_visibilidad,desc_luminosidad,desc_estado_clima,desc_tipo_colision,desc_tipo_atropello,desc_tipo_hecho,desc_pres_calzada,desc_senializacion,desc_separacion_via,desc_restriccion,forma_geocod,calle_lista,numero_calles,calles_osm,lat,lon,index_right,gid,fna,gna,nam,in1,fdc,sag
2016,4791,2016-05-14,Sabado,0.0,11:40:00,,0.0,2,"Bicicleta,Automóvil",Pueyrredon Y Virasoro,2,1,0,0,1,0,0,,Calle,,ROSARIO,Rosario,Asfalto,S/D,II,Dentro,Urbana,S/D,S/D,Intersección,Bueno,Buena,Diurna,Buen Tiempo,S/D,Ciclista,Atropello,S/D,S/D,S/D,Sin restricción,POINT (-60.66328310000001 -32.96647199999999),"['Pueyrredón', 'Virasoro']",2,Pueyrredón; Benjamín Virasoro,-32.96647199999999,-60.66328310000001,55.0,538.0,Municipio Rosario,Municipio,Rosario,820210,Servicio de Catastro e Información Territorial,IGN
2016,4792,2016-05-28,Sabado,0.0,23:30:00,,0.0,2,"Moto/Ciclomotor,Automóvil",L.N.Alem Y Viamonte,2,1,0,0,1,0,0,,Calle,,ROSARIO,Rosario,Asfalto,S/D,II,Dentro,Urbana,S/D,S/D,Intersección,Bueno,Buena,Nocturna,Buen Tiempo,S/D,S/D,Colisión,S/D,S/D,S/D,Sin restricción,POINT (-60.633022200000006 -32.967092799999996),"['Alem', 'Viamonte']",2,Leandro N. Alem; Viamonte,-32.9670928,-60.633022200000006,55.0,538.0,Municipio Rosario,Municipio,Rosario,820210,Servicio de Catastro e Información Territorial,IGN
2016,4793,2016-06-29,Miercoles,0.0,6:40:00,,0.0,2,"Moto/Ciclomotor,Automóvil",Av. Circunvalacion Y R.de Pineda,2,1,0,0,1,0,0,,Avenida,,ROSARIO,Rosario,Asfalto,Natural,II,Dentro,Urbana,Ninguna,No existe,Recta,Bueno,Buena,Amanecer,Buen Tiempo,S/D,S/D,Colisión,S/D,Faltante,Guardarrail,Sin restricción,POINT (-60.6458373961422 -33.01627981358011),"['Circunvalacion', 'De Pineda']",2,Avenida de Circunvalación 25 de Mayo; Avenida Romero de Pineda,-33.01627981358011,-60.6458373961422,55.0,538.0,Municipio Rosario,Municipio,Rosario,820210,Servicio de Catastro e Información Territorial,IGN
2016,4795,2016-05-16,Lunes,0.0,10:45:00,,0.0,2,"Peatón,Automóvil",Pte.Roca Y Virasoro,2,1,0,0,1,0,0,,S/D,,ROSARIO,Rosario,Asfalto,No existe,II,S/D,S/D,Semáforo,Funciona,Intersección,Bueno,Buena,Diurna,Buen Tiempo,S/D,Peatón,Atropello,S/D,Vertical,S/D,S/D,POINT (-60.6510234 -32.9686915),"['Roca', 'Virasoro']",2,Presidente Roca; Benjamín Virasoro,-32.9686915,-60.6510234,55.0,538.0,Municipio Rosario,Municipio,Rosario,820210,Servicio de Catastro e Información Territorial,IGN
2016,4796,2016-06-13,Lunes,0.0,12:30:00,,0.0,2,"Pickup/Utilitario,Moto/Ciclomotor",Garzon Y French,2,1,0,0,1,0,0,,Calle,,ROSARIO,Rosario,S/D,S/D,II,Dentro,Urbana,S/D,S/D,Intersección,Bueno,S/D,S/D,S/D,S/D,S/D,Colisión,S/D,S/D,S/D,S/D,POINT (-60.706438500000004 -32.92160419999999),"['Garzón', 'French']",2,Garzón; Domingo French,-32.92160419999999,-60.7064385,55.0,538.0,Municipio Rosario,Municipio,Rosario,820210,Servicio de Catastro e Información Territorial,IGN
2016,4797,2016-06-03,Viernes,0.0,13:00:00,,0.0,2,"Bicicleta,Otros",Cullen ,2,1,0,0,1,0,0,,Calle,,ROSARIO,Rosario,Tierra,No existe,II,Dentro,Urbana,Ninguna,No existe,Recta,Deteriorada,Buena,Diurna,Buen Tiempo,S/D,Ciclista,Atropello,S/D,Faltante,Ninguna,Sin restricción,"-32.931426, -60.7095043",['Cullen'],1,Cullen,-32.931426,-60.7095043,55.0,538.0,Municipio Rosario,Municipio,Rosario,820210,Servicio de Catastro e Información Territorial,IGN
2016,4798,2016-05-16,Lunes,0.0,21:30:00,,0.0,2,"Moto/Ciclomotor,Automóvil",Av. Corrientes Y Ocampo,2,1,0,0,1,0,0,,Calle,,ROSARIO,Rosario,Asfalto,S/D,II,S/D,Urbana,S/D,S/D,Intersección,Bueno,Buena,"Nocturna,Con luz artificial",Buen Tiempo,Lateral,S/D,Colisión,S/D,S/D,S/D,S/D,POINT (-60.647380000000005 -32.96571769999999),"['Corrientes', 'Ocampo']",2,Corrientes; Ocampo,-32.96571769999999,-60.647380000000005,55.0,538.0,Municipio Rosario,Municipio,Rosario,820210,Servicio de Catastro e Información Territorial,IGN
2016,4800,2016-05-06,Viernes,0.0,23:30:00,,0.0,2,"Moto/Ciclomotor,Pickup/Utilitario",Alvear Y Bv. Segui,3,2,0,0,1,0,0,,Calle,,ROSARIO,Rosario,Asfalto,No existe,II,Dentro,Urbana,Ninguna,No existe,Intersección,Bueno,Buena,Nocturna,Buen Tiempo,De alcance,S/D,Colisión,Ninguna,S/D,Ninguna,Sin restricción,POINT (-60.662849800000004 -32.97612874999999),"['Alvear', 'Bulevar Juan Francisco Seguí']",2,Alvear; Bulevar Juan Francisco Seguí,-32.97612874999999,-60.6628498,55.0,538.0,Municipio Rosario,Municipio,Rosario,820210,Servicio de Catastro e Información Territorial,IGN
2016,4802,2016-06-04,Sabado,0.0,9:00:00,,0.0,2,"Moto/Ciclomotor,Bicicleta",Av. Sorrento 6700,2,2,0,0,0,0,0,,Calle,,ROSARIO,Rosario,Asfalto,No existe,II,Dentro,Urbana,Semáforo,Funciona,Intersección,Bueno,Buena,Diurna,Buen Tiempo,Frontal,Ciclista,Atropello,S/D,Horizontal,Línea divisoria pintada,Sin restricción,"-32.9079494, -60.7146203",['Sorrento 6700'],1,Sorrento 6700,-32.9079494,-60.7146203,55.0,538.0,Municipio Rosario,Municipio,Rosario,820210,Servicio de Catastro e Información Territorial,IGN
2016,4803,2016-07-16,Sabado,0.0,16:00:00,,0.0,2,"Automóvil,Moto/Ciclomotor",G.Carrasco Y P.L.Funes,2,1,0,0,1,0,0,,Calle,,ROSARIO,Rosario,Asfalto,S/D,II,S/D,Urbana,S/D,S/D,Intersección,Bueno,S/D,S/D,Buen Tiempo,S/D,S/D,Colisión,S/D,S/D,S/D,S/D,POINT (-60.7019525 -32.92068359999999),"['Carrasco', 'Funes']",2,Omar Carrasco; Deán Gregorio Funes,-32.92068359999999,-60.7019525,55.0,538.0,Municipio Rosario,Municipio,Rosario,820210,Servicio de Catastro e Información Territorial,IGN
2016,4804,2016-06-06,Lunes,0.0,19:30:00,,0.0,2,"Moto/Ciclomotor,Bicicleta",J.J.Paso Y Larrea,2,1,0,0,1,0,0,,Calle,,ROSARIO,Rosario,Asfalto,No existe,II,Dentro,Urbana,Ninguna,Funciona,Intersección,Bueno,Buena,Diurna,Buen Tiempo,Frontal,Ciclista,Atropello,S/D,Vertical,Línea divisoria pintada,S/D,POINT (-60.69799725 -32.91979094999999),"['Paso', 'Larrea']",2,Avenida Juan José Paso; Larrea,-32.91979094999999,-60.69799725,55.0,538.0,Municipio Rosario,Municipio,Rosario,820210,Servicio de Catastro e Información Territorial,IGN
2016,4805,2016-05-02,Lunes,0.0,14:05:00,,0.0,3,"Automóvil,Automóvil,Automóvil",Cochabamba 1600,3,1,0,0,2,0,0,,S/D,,ROSARIO,Rosario,Asfalto,S/D,II,S/D,S/D,S/D,No existe,Recta,Bueno,Buena,Diurna,Buen Tiempo,Múltiple,S/D,Colisión,S/D,S/D,S/D,S/D,"-32.9571612, -60.6478508",['Cochabamba 1600'],1,Cochabamba 1600,-32.9571612,-60.6478508,55.0,538.0,Municipio Rosario,Municipio,Rosario,820210,Servicio de Catastro e Información Territorial,IGN
2016,4807,2016-07-18,Lunes,0.0,22:50:00,,0.0,2,"Pickup/Utilitario,Moto/Ciclomotor",J.J.Paso Y Solis,3,0,2,0,1,0,0,,Calle,,ROSARIO,Rosario,Asfalto,S/D,II,S/D,Urbana,S/D,S/D,S/D,S/D,S/D,S/D,Buen Tiempo,S/D,S/D,Colisión,S/D,S/D,S/D,S/D,POINT (-60.7041987 -32.91997529999999),"['Paso', 'Solis']",2,Avenida Juan José Paso; Juan Díaz de Solís,-32.91997529999999,-60.7041987,55.0,538.0,Municipio Rosario,Municipio,Rosario,820210,Servicio de Catastro e Información Territorial,IGN
2016,4810,2016-06-07,Martes,0.0,12:00:00,,0.0,2,"Peatón,Transporte de Pasajeros Urbano (> 8 asientos)",L.Braile ,2,1,0,0,1,0,0,,Calle,,ROSARIO,Rosario,Asfalto,Pavimento,II,Dentro,Urbana,Ninguna,No existe,Recta,Bueno,Buena,Diurna,Buen Tiempo,S/D,Peatón,Atropello,S/D,Faltante,Ninguna,Sin restricción,"-32.8832354, -60.705925",['L Braile'],1,L Braile,-32.8832354,-60.705925,55.0,538.0,Municipio Rosario,Municipio,Rosario,820210,Servicio de Catastro e Información Territorial,IGN
2016,4811,2016-05-18,Miercoles,0.0,16:20:00,,0.0,2,"Moto/Ciclomotor,Automóvil",Mitre Y Ocampo,2,1,0,0,1,0,0,,Calle,,ROSARIO,Rosario,Asfalto,S/D,II,Dentro,Urbana,S/D,No existe,Intersección,Bueno,Buena,Diurna,Buen Tiempo,Lateral,S/D,Colisión,S/D,S/D,S/D,S/D,POINT (-60.6445716 -32.96621689999999),"['Mitre', 'Ocampo']",2,Bartolomé Mitre; Ocampo,-32.96621689999999,-60.6445716,55.0,538.0,Municipio Rosario,Municipio,Rosario,820210,Servicio de Catastro e Información Territorial,IGN
2016,4813,2016-06-12,Domingo,0.0,18:00:00,,0.0,2,"Pickup/Utilitario,Moto/Ciclomotor",Calle 2106 Y Av. Battle y Ordoñez,3,2,0,0,1,0,0,,Calle,,ROSARIO,Rosario,Asfalto,Pavimento,II,Dentro,Urbana,Semáforo,Funciona,Recta,Bueno,Buena,Diurna,Buen Tiempo,De alcance,S/D,Colisión,S/D,Vertical,Ninguna,Sin restricción,"-33.0084731, -60.6332815",['2106 Avenida Battle y Ordoñez'],1,2106 Avenida Battle y Ordoñez,-33.0084731,-60.6332815,55.0,538.0,Municipio Rosario,Municipio,Rosario,820210,Servicio de Catastro e Información Territorial,IGN
2016,4814,2016-05-21,Sabado,0.0,20:30:00,,0.0,2,"Automóvil,Bicicleta",San Martin Y Galvez,2,1,0,0,0,0,1,,Avenida,,ROSARIO,Rosario,Asfalto,S/D,II,Dentro,Urbana,Semáforo,Funciona,Intersección,Bueno,Buena,"Nocturna,Con luz artificial",Buen Tiempo,S/D,Ciclista,Atropello,S/D,Vertical,S/D,S/D,POINT (-60.642279599999995 -32.9690359),"['San Martin', 'Galvez']",2,José de San Martín; José Gálvez,-32.9690359,-60.6422796,55.0,538.0,Municipio Rosario,Municipio,Rosario,820210,Servicio de Catastro e Información Territorial,IGN
2016,4816,2016-05-23,Lunes,0.0,10:00:00,,0.0,2,"Moto/Ciclomotor,Automóvil",Pasco Y Pte.Roca,2,1,0,0,1,0,0,,Calle,,ROSARIO,Rosario,Asfalto,S/D,II,Dentro,Urbana,S/D,S/D,Intersección,Bueno,S/D,Diurna,Buen Tiempo,Lateral,S/D,Colisión,S/D,S/D,S/D,S/D,POINT (-60.6484017 -32.95832659999999),"['Pasco', 'Roca']",2,Pasco; Presidente Roca,-32.95832659999999,-60.6484017,55.0,538.0,Municipio Rosario,Municipio,Rosario,820210,Servicio de Catastro e Información Territorial,IGN
2016,4818,2016-06-11,Sabado,0.0,14:30:00,,0.0,2,"Moto/Ciclomotor,Otros",Av. Ovidio Lagos Y Av. Circunvalacion,3,2,0,0,1,0,0,,Calle,,ROSARIO,Rosario,Asfalto,Pavimento,II,Dentro,Urbana,Ninguna,No existe,Intersección,Bueno,Buena,Diurna,Buen Tiempo,Lateral,S/D,Colisión,S/D,Vertical,Cordón divisorio,Sin restricción,POINT (-60.67699098957188 -33.00797177001669),"['Avenida Ovidio Lagos', 'Circunvalacion']",2,Avenida Ovidio Lagos; Avenida de Circunvalación 25 de Mayo,-33.00797177001669,-60.67699098957188,55.0,538.0,Municipio Rosario,Municipio,Rosario,820210,Servicio de Catastro e Información Territorial,IGN
2016,4819,2016-07-22,Viernes,0.0,17:30:00,,0.0,2,"Moto/Ciclomotor,Automóvil",Av. Sorrento Y Av. Circunvalacion,2,1,0,0,1,0,0,,Avenida,,ROSARIO,Rosario,Asfalto,S/D,II,S/D,S/D,S/D,S/D,Cruce,Bueno,S/D,S/D,S/D,S/D,S/D,S/D,S/D,S/D,S/D,S/D,POINT (-60.72270983333334 -32.90836276666666),"['Sorrento', 'Circunvalacion']",2,"('Avenida Sorrento', 'Juan Pablo II')",-32.90836276666666,-60.72270983333334,55.0,538.0,Municipio Rosario,Municipio,Rosario,820210,Servicio de Catastro e Información Territorial,IGN
2016,4820,2016-05-27,Viernes,0.0,11:15:00,,0.0,2,"Otros,Automóvil",Bv. Oroño Y Bv. 27 De Febrero,3,1,0,0,1,0,1,,Avenida,,ROSARIO,Rosario,Asfalto,S/D,II,Dentro,Urbana,Semáforo,Funciona,Recta,Bueno,Buena,Diurna,Buen Tiempo,De alcance,S/D,Colisión,S/D,Vertical,Cordón divisorio,S/D,POINT (-60.658642825 -32.964892400000004),"['Bulevar Nicasio Oroño', '27 de Febrero']",2,Bulevar Nicasio Oroño; Bulevar 27 de Febrero,-32.964892400000004,-60.658642825,55.0,538.0,Municipio Rosario,Municipio,Rosario,820210,Servicio de Catastro e Información Territorial,IGN
2016,4823,2016-07-26,Martes,0.0,7:00:00,,0.0,3,"Automóvil,Automóvil,Automóvil",J.J.Paso Y Tte.Agneta,3,1,0,0,2,0,0,,Calle,,ROSARIO,Rosario,Asfalto,S/D,II,S/D,S/D,S/D,S/D,Intersección,S/D,Buena,Amanecer,Buen Tiempo,S/D,S/D,S/D,S/D,S/D,S/D,S/D,POINT (-60.7006212 -32.91986549999999),"['Paso', 'Teniente Agneta']",2,Avenida Juan José Paso; Teniente Agneta,-32.91986549999999,-60.7006212,55.0,538.0,Municipio Rosario,Municipio,Rosario,820210,Servicio de Catastro e Información Territorial,IGN
2016,4824,2016-05-29,Domingo,0.0,7:15:00,,0.0,2,"Taxi/Remis,Automóvil",Ituzaingo Y Italia,2,1,0,0,1,0,0,,Calle,,ROSARIO,Rosario,Asfalto,S/D,II,Dentro,Urbana,Señal Pare,S/D,Intersección,Bueno,Reducida,"Amanecer,Con luz artificial",Buen Tiempo,Lateral,S/D,Colisión,S/D,Vertical,S/D,S/D,POINT (-60.6514654 -32.95899740000001),"['Ituzaingó', 'Italia']",2,Ituzaingó; Italia,-32.95899740000001,-60.6514654,55.0,538.0,Municipio Rosario,Municipio,Rosario,820210,Servicio de Catastro e Información Territorial,IGN
2016,4825,2016-06-15,Miercoles,0.0,15:20:00,,0.0,2,"Moto/Ciclomotor,Pickup/Utilitario",Av. Arijon Y Av. Avellaneda B,2,1,0,0,1,0,0,,Calle,,ROSARIO,Rosario,Asfalto,Pavimento,II,Dentro,Urbana,Semáforo,Funciona,Intersección,Bueno,Buena,Diurna,Buen Tiempo,Lateral,S/D,Colisión,S/D,Vertical,Cordón divisorio,Sin restricción,POINT (-60.688958050000004 -33.0042364),"['Avenida Manuel Arijón', 'Avellaneda']",2,Avenida Manuel Arijón; Bulevar Nicolás Avellaneda,-33.0042364,-60.68895805,55.0,538.0,Municipio Rosario,Municipio,Rosario,820210,Servicio de Catastro e Información Territorial,IGN
2016,4826,2016-05-19,Jueves,0.0,2:40:00,,0.0,2,"Taxi/Remis,Automóvil",Bv. 27 De Febrero Y Entre Rios,4,4,0,0,0,0,0,,Avenida,,ROSARIO,Rosario,Asfalto,S/D,II,Dentro,Urbana,Semáforo,Funciona,Intersección,Bueno,Buena,"Nocturna,Con luz artificial",Buen Tiempo,Lateral,S/D,Colisión,S/D,Vertical,Cordón divisorio,S/D,POINT (-60.64626885000001 -32.967096450000014),"['27 de Febrero', 'Entre Ríos']",2,Bulevar 27 de Febrero; Entre Ríos,-32.967096450000014,-60.64626885000001,55.0,538.0,Municipio Rosario,Municipio,Rosario,820210,Servicio de Catastro e Información Territorial,IGN
2016,4827,2016-06-16,Jueves,0.0,4:45:00,,0.0,2,"Pickup/Utilitario,Bicicleta",Biarritz Y Montecarlo,2,1,0,0,1,0,0,,Calle,,ROSARIO,Rosario,Asfalto,Natural,II,Dentro,Urbana,Ninguna,No existe,Recta,Bueno,Buena,Nocturna,Buen Tiempo,S/D,Ciclista,Atropello,S/D,Faltante,Ninguna,Sin restricción,POINT (-60.6845349 -33.02749089999999),"['Biarritz', 'Montecarlo']",2,Biarritz; Montecarlo,-33.02749089999999,-60.6845349,55.0,538.0,Municipio Rosario,Municipio,Rosario,820210,Servicio de Catastro e Información Territorial,IGN
2016,4828,2016-05-31,Martes,0.0,16:00:00,,0.0,2,"Moto/Ciclomotor,Pickup/Utilitario",Entre Rios Y Pasco,2,1,0,0,1,0,0,,Calle,,ROSARIO,Rosario,Asfalto,S/D,II,Dentro,Urbana,S/D,S/D,Intersección,Bueno,Buena,Diurna,Buen Tiempo,Lateral,S/D,Colisión,S/D,S/D,S/D,S/D,POINT (-60.644253299999995 -32.9590723),"['Entre Ríos', 'Pasco']",2,Entre Ríos; Pasco,-32.9590723,-60.6442533,55.0,538.0,Municipio Rosario,Municipio,Rosario,820210,Servicio de Catastro e Información Territorial,IGN
2016,4829,2016-06-26,Domingo,0.0,17:30:00,,0.0,2,"Camión,Automóvil",Av. Circunvalacion Y Av. Ovidio Lagos,4,1,0,0,3,0,0,,Calle,,ROSARIO,Rosario,Asfalto,Pavimento,II,Dentro,Urbana,Semáforo,Funciona,Intersección,Bueno,Buena,Diurna,Buen Tiempo,Lateral,S/D,Colisión,S/D,Vertical,Cordón divisorio,S/D,POINT (-60.67699098957188 -33.00797177001669),"['Circunvalacion', 'Avenida Ovidio Lagos']",2,Avenida de Circunvalación 25 de Mayo; Avenida Ovidio Lagos,-33.00797177001669,-60.67699098957188,55.0,538.0,Municipio Rosario,Municipio,Rosario,820210,Servicio de Catastro e Información Territorial,IGN
2016,4830,2016-07-18,Lunes,0.0,17:20:00,,0.0,2,"Moto/Ciclomotor,Automóvil",J.J.Paso Y P.L.Funes,2,1,0,0,1,0,0,,S/D,,ROSARIO,Rosario,S/D,S/D,II,S/D,S/D,S/D,S/D,S/D,S/D,S/D,S/D,S/D,S/D,S/D,S/D,S/D,S/D,S/D,S/D,POINT (-60.7019811 -32.9199072),"['Paso', 'Funes']",2,Avenida Juan José Paso; Deán Gregorio Funes,-32.9199072,-60.7019811,55.0,538.0,Municipio Rosario,Municipio,Rosario,820210,Servicio de Catastro e Información Territorial,IGN
2016,4831,2016-06-29,Miercoles,0.0,6:40:00,,0.0,2,"Moto/Ciclomotor,Pickup/Utilitario",Pje. J.Marc Y Av. Francia,2,1,0,0,1,0,0,,Calle,,ROSARIO,Rosario,Asfalto,Pavimento,II,Dentro,Urbana,Ninguna,No existe,Curva,Bueno,Buena,Nocturna,Buen Tiempo,S/D,S/D,Colisión,S/D,Faltante,Ninguna,Sin restricción,POINT (-60.6667223 -32.94593909999999),"['Marc', 'Avenida Francia']",2,"('Marcos Paz', 'Avenida Francia')",-32.94593909999999,-60.6667223,55.0,538.0,Municipio Rosario,Municipio,Rosario,820210,Servicio de Catastro e Información Territorial,IGN
2016,4832,2016-07-21,Jueves,0.0,1:10:00,,0.0,2,"Moto/Ciclomotor,Automóvil",1 de Mayo Y 3 De Febrero,3,2,0,0,1,0,0,,Calle,,ROSARIO,Rosario,Asfalto,S/D,II,Dentro,Urbana,S/D,No existe,Intersección,Bueno,S/D,Nocturna,S/D,Lateral,S/D,Colisión,S/D,S/D,Cordón divisorio,S/D,POINT (-60.6312992 -32.954230499999994),"['Primero de Mayo', '3 de Febrero']",2,Primero de Mayo; 3 de Febrero,-32.954230499999994,-60.6312992,55.0,538.0,Municipio Rosario,Municipio,Rosario,820210,Servicio de Catastro e Información Territorial,IGN
2016,4834,2016-07-15,Viernes,0.0,0:30:00,,0.0,2,"Moto/Ciclomotor,Taxi/Remis",J.M.de Rosas Y E.Zeballos,2,1,0,0,1,0,0,,Calle,,ROSARIO,Rosario,Asfalto,S/D,II,Dentro,Urbana,S/D,No existe,Intersección,Bueno,Buena,Nocturna,S/D,Lateral,S/D,Colisión,S/D,S/D,Cordón divisorio,S/D,POINT (-60.6334392 -32.95639589999999),"['De Rosas', 'Zeballos']",2,Juan Manuel de Rosas; Zeballos,-32.95639589999999,-60.6334392,55.0,538.0,Municipio Rosario,Municipio,Rosario,820210,Servicio de Catastro e Información Territorial,IGN
2016,4836,2016-07-01,Viernes,0.0,17:00:00,,0.0,2,"Moto/Ciclomotor,Automóvil",Av. Provincias Unidas Y Jose Ingenieros,2,1,0,0,1,0,0,,Calle,,ROSARIO,Rosario,Asfalto,S/D,II,S/D,S/D,S/D,S/D,Intersección,Bueno,Buena,Atardecer,Buen Tiempo,S/D,S/D,Colisión,S/D,S/D,S/D,S/D,POINT (-60.71377375000001 -32.917122899999995),"['Avenida Provincias Unidas', 'José Ingenieros']",2,Avenida Provincias Unidas; José Ingenieros,-32.917122899999995,-60.71377375000001,55.0,538.0,Municipio Rosario,Municipio,Rosario,820210,Servicio de Catastro e Información Territorial,IGN
2016,4838,2016-07-11,Lunes,0.0,19:05:00,,0.0,3,"Automóvil,Peatón,Automóvil",Av. Genova Y Mariano Cabal Bis,3,0,1,0,2,0,0,,Avenida,,ROSARIO,Rosario,Asfalto,S/D,II,S/D,S/D,S/D,S/D,Intersección,S/D,S/D,S/D,Buen Tiempo,S/D,Peatón,Atropello,S/D,S/D,S/D,S/D,POINT (-60.7027895 -32.9156955),"['Genova', 'Mariano Cabal']",2,Avenida Génova; Mariano Cabal,-32.9156955,-60.7027895,55.0,538.0,Municipio Rosario,Municipio,Rosario,820210,Servicio de Catastro e Información Territorial,IGN
2016,4839,2016-07-05,Martes,0.0,11:00:00,,0.0,2,"Automóvil,Camión Chasis",Av. Sorrento Y Casiano Casas,3,1,0,0,2,0,0,,Avenida,,ROSARIO,Rosario,Asfalto,No existe,II,Dentro,Urbana,Semáforo,Funciona,Intersección,Bueno,Buena,Diurna,Buen Tiempo,De alcance,S/D,Colisión,Ninguna,Faltante,Ninguna,Sin restricción,POINT (-60.695695025000006 -32.90729415),"['Sorrento', 'Avenida Casiano Casas']",2,Avenida Sorrento; Avenida Casiano Casas,-32.90729415,-60.695695025000006,55.0,538.0,Municipio Rosario,Municipio,Rosario,820210,Servicio de Catastro e Información Territorial,IGN
2016,4840,2016-07-10,Domingo,0.0,18:50:00,,0.0,2,"Taxi/Remis,Automóvil",Av. Sorrento Y Bv. Rondeau,3,2,0,0,1,0,0,,Avenida,,ROSARIO,Rosario,Asfalto,No existe,II,S/D,Urbana,Semáforo,Funciona,Intersección,Bueno,Buena,Atardecer,Buen Tiempo,Lateral,S/D,Colisión,Ninguna,Horizontal,Línea divisoria pintada,Sin restricción,POINT (-60.68858005 -32.90707667499999),"['Sorrento', 'Rondeau']",2,Avenida Sorrento; Bulevar General José Rondeau,-32.90707667499999,-60.68858005,55.0,538.0,Municipio Rosario,Municipio,Rosario,820210,Servicio de Catastro e Información Territorial,IGN
2016,4841,2016-07-14,Jueves,0.0,11:45:00,,0.0,1,,Bv. Rondeau Y Chiclana,2,0,1,0,1,0,0,,Avenida,,ROSARIO,Rosario,Asfalto,No existe,II,Dentro,Urbana,Ninguna,No existe,Intersección,Bueno,Buena,Diurna,Buen Tiempo,S/D,Peatón,Atropello,Ninguna,Faltante,Ninguna,Sin restricción,POINT (-60.689955100000006 -32.9025506),"['Rondeau', 'Chiclana']",2,Bulevar General José Rondeau; Chiclana,-32.9025506,-60.689955100000006,55.0,538.0,Municipio Rosario,Municipio,Rosario,820210,Servicio de Catastro e Información Territorial,IGN
2016,4842,2016-07-14,Jueves,0.0,11:45:00,,0.0,2,"Automóvil,Peatón",Bv. Rondeau Y Chiclana,2,0,1,0,1,0,0,,Avenida,,ROSARIO,Rosario,Asfalto,No existe,II,Dentro,Urbana,Ninguna,No existe,Intersección,Bueno,Buena,Diurna,Buen Tiempo,S/D,Peatón,Atropello,Ninguna,Faltante,Ninguna,Sin restricción,POINT (-60.689955100000006 -32.9025506),"['Rondeau', 'Chiclana']",2,Bulevar General José Rondeau; Chiclana,-32.9025506,-60.689955100000006,55.0,538.0,Municipio Rosario,Municipio,Rosario,820210,Servicio de Catastro e Información Territorial,IGN
2016,4843,2016-07-19,Martes,0.0,19:20:00,,0.0,2,"Moto/Ciclomotor,Automóvil",Bv. Rondeau Y Baigorria,2,1,0,0,0,0,1,,Avenida,,ROSARIO,Rosario,Asfalto,No existe,II,Dentro,Urbana,Semáforo,Funciona,Intersección,Bueno,Buena,Atardecer,Buen Tiempo,Lateral,S/D,Colisión,Ninguna,S/D,Ninguna,Sin restricción,POINT (-60.693283075000004 -32.89152782499999),"['Rondeau', 'Baigorria']",2,Bulevar General José Rondeau; Baigorria,-32.89152782499999,-60.693283075,55.0,538.0,Municipio Rosario,Municipio,Rosario,820210,Servicio de Catastro e Información Territorial,IGN
2016,4844,2016-07-19,Martes,0.0,12:50:00,,0.0,2,"Automóvil,Moto/Ciclomotor",Darragueira Y Superi,2,1,0,0,1,0,0,,S/D,,ROSARIO,Rosario,Asfalto,No existe,II,Dentro,Urbana,Ninguna,No existe,Intersección,Bueno,Buena,Diurna,Buen Tiempo,Lateral,S/D,Colisión,Ninguna,S/D,Ninguna,Sin restricción,POINT (-60.695001399999995 -32.8947943),"['José Darragueira', 'Superi']",2,José Darragueira; Comandante José Superí,-32.8947943,-60.6950014,55.0,538.0,Municipio Rosario,Municipio,Rosario,820210,Servicio de Catastro e Información Territorial,IGN
2016,4845,2016-07-19,Martes,0.0,19:55:00,,0.0,2,"Automóvil,Moto/Ciclomotor",Bv. Rondeau 100,2,1,0,0,1,0,0,,Avenida,,ROSARIO,Rosario,Asfalto,No existe,II,S/D,Urbana,Ninguna,No existe,Recta,Bueno,Buena,Atardecer,Buen Tiempo,De alcance,S/D,Colisión,S/D,S/D,Cordón divisorio,Sin restricción,"-32.9140603, -60.6861994",['Rondeau 100'],1,Rondeau 100,-32.9140603,-60.6861994,55.0,538.0,Municipio Rosario,Municipio,Rosario,820210,Servicio de Catastro e Información Territorial,IGN
2016,4846,2016-07-14,Jueves,0.0,21:05:00,,0.0,2,"Transporte de Pasajeros Larga Distancia (> 8 asientos),Moto/Ciclomotor",Bv. Rondeau Y Washington,2,1,0,0,1,0,0,,Avenida,,ROSARIO,Rosario,Asfalto,No existe,II,S/D,Urbana,Semáforo,Funciona,Intersección,Bueno,Buena,Nocturna,Buen Tiempo,Lateral,S/D,Colisión,Ninguna,Vertical,Cordón divisorio,Sin restricción,POINT (-60.6903563 -32.901208475000004),"['Rondeau', 'Washington']",2,Bulevar General José Rondeau; Washington,-32.901208475000004,-60.6903563,55.0,538.0,Municipio Rosario,Municipio,Rosario,820210,Servicio de Catastro e Información Territorial,IGN
2016,4847,2016-07-26,Martes,0.0,9:15:00,,0.0,2,"Moto/Ciclomotor,Automóvil",Donizetti Y Av. Sorrento,2,1,0,0,1,0,0,,Calle,,ROSARIO,Rosario,Asfalto,No existe,II,Dentro,Urbana,Ninguna,No existe,Intersección,Bueno,Buena,Diurna,Buen Tiempo,Lateral,S/D,Colisión,Ninguna,Faltante,Ninguna,Sin restricción,POINT (-60.69459945 -32.90726469999999),"['Donizetti', 'Sorrento']",2,Donizetti; Avenida Sorrento,-32.90726469999999,-60.69459945,55.0,538.0,Municipio Rosario,Municipio,Rosario,820210,Servicio de Catastro e Información Territorial,IGN