anio_acci,nro_acci,fecha,desc_dia,fecha_aprox,hora_aprox,desc_ruta,km,cant_participantes,desc_participante,calle_avenida_km,total,heridos_leves,heridos_graves,heridos_gravisimos,ilesos,fallecidos,sin_datos,posicion_XY,desc_tipo_via,desc_ruta_ori,desc_loc,desc_dpto,desc_tipo_calzada,desc_tipo_banquina,desc_unidad_regional,desc_lugar_calzada,desc_zona,desc_prioridad,desc_estado_semaforo,desc_lugar_via,desc_estado_via,desc_estado_visibilidad,desc_luminosidad,desc_estado_clima,desc_tipo_colision,desc_tipo_atropello,desc_tipo_hecho,desc_pres_calzada,desc_senializacion,desc_separacion_via,desc_restriccion,forma_geocod,calle_lista,numero_calles,calles_osm,lat,lon,index_right,gid,fna,gna,nam,in1,fdc,sag
2016,4848,2016-07-29,Viernes,0.0,17:40:00,,0.0,2,"Automóvil,Moto/Ciclomotor",Anchoris Y Uriarte,2,1,0,0,1,0,0,,Calle,,ROSARIO,Rosario,Asfalto,No existe,II,Dentro,Urbana,Ninguna,No existe,Intersección,Deteriorada,Buena,Atardecer,Buen Tiempo,Lateral,S/D,Colisión,Ninguna,Faltante,Ninguna,Sin restricción,POINT (-60.69879280000001 -32.9007237),"['Anchoris', 'Uriarte']",2,Anchoris; Uriarte,-32.9007237,-60.69879280000001,55.0,538.0,Municipio Rosario,Municipio,Rosario,820210,Servicio de Catastro e Información Territorial,IGN
2016,4849,2016-07-04,Lunes,0.0,20:30:00,,0.0,2,"Moto/Ciclomotor,Automóvil",Galvez Y Entre Rios,2,1,0,0,1,0,0,,Calle,,ROSARIO,Rosario,Asfalto,S/D,II,Dentro,Urbana,S/D,S/D,Intersección,Bueno,Buena,"Nocturna,Con luz artificial",Buen Tiempo,Lateral,S/D,Colisión,S/D,S/D,S/D,S/D,POINT (-60.6465702 -32.968276),"['Galvez', 'Entre Ríos']",2,José Gálvez; Entre Ríos,-32.968276,-60.6465702,55.0,538.0,Municipio Rosario,Municipio,Rosario,820210,Servicio de Catastro e Información Territorial,IGN
2016,4850,2016-07-07,Jueves,0.0,18:30:00,,0.0,2,"Moto/Ciclomotor,Automóvil",Av. Corrientes 800,2,1,0,0,1,0,0,,Calle,,ROSARIO,Rosario,Asfalto,Pavimento,II,Dentro,Urbana,Ninguna,No existe,Recta,Bueno,Buena,Diurna,Buen Tiempo,Lateral,S/D,Colisión,S/D,S/D,Cordón divisorio,Sin restricción,"-32.9456142, -60.6423577",['Corrientes 800'],1,Corrientes 800,-32.9456142,-60.6423577,55.0,538.0,Municipio Rosario,Municipio,Rosario,820210,Servicio de Catastro e Información Territorial,IGN
2016,4851,2016-07-14,Jueves,0.0,22:15:00,,0.0,2,"Automóvil,Moto/Ciclomotor",Pago de los Arroyos Y F.Frias,2,1,0,0,1,0,0,,Calle,,ROSARIO,Rosario,Asfalto,No existe,II,Dentro,Urbana,Ninguna,No existe,Recta,Bueno,Reducida,Nocturna,S/D,S/D,S/D,Colisión,S/D,Horizontal,Ninguna,Sin restricción,POINT (-60.650088800000006 -33.01199859999999),"['Pago de los Arroyos', 'Frias']",2,Pago de los Arroyos; Frias,-33.01199859999999,-60.650088800000006,55.0,538.0,Municipio Rosario,Municipio,Rosario,820210,Servicio de Catastro e Información Territorial,IGN
2016,4852,2016-07-22,Viernes,0.0,23:50:00,,0.0,2,"Moto/Ciclomotor,Moto/Ciclomotor",Av. Arijon Y Pje. Chilabert,3,2,0,0,1,0,0,,Calle,,ROSARIO,Rosario,Asfalto,No existe,II,Dentro,Urbana,Ninguna,No existe,Recta,Bueno,Buena,Nocturna,Buen Tiempo,S/D,S/D,Colisión,S/D,Horizontal,Línea divisoria pintada,Sin restricción,POINT (-60.6525279 -33.003166900000004),"['Avenida Manuel Arijón', 'Chilabert']",2,Avenida Manuel Arijón; Chilabert,-33.003166900000004,-60.6525279,55.0,538.0,Municipio Rosario,Municipio,Rosario,820210,Servicio de Catastro e Información Territorial,IGN
2016,4853,2016-07-06,Miercoles,0.0,13:10:00,,0.0,2,"Moto/Ciclomotor,Peatón",Av. Corrientes Y Av. Pellegrini,2,1,0,0,1,0,0,,Calle,,ROSARIO,Rosario,Asfalto,Pavimento,II,Dentro,Urbana,Semáforo,Funciona,Intersección,Bueno,Buena,Diurna,Buen Tiempo,S/D,Peatón,Atropello,S/D,"Horizontal,Vertical",Cordón divisorio,Sin restricción,POINT (-60.645055850000006 -32.95655624999999),"['Corrientes', 'Pellegrini']",2,Corrientes; Avenida Carlos Pellegrini,-32.95655624999999,-60.645055850000006,55.0,538.0,Municipio Rosario,Municipio,Rosario,820210,Servicio de Catastro e Información Territorial,IGN
2016,4854,2016-07-12,Martes,0.0,12:45:00,,0.0,2,"Automóvil,Automóvil",Av. Arijon 1600,3,1,0,0,2,0,0,,Calle,,ROSARIO,Rosario,Asfalto,No existe,II,Dentro,Urbana,Ninguna,Funciona,Recta,Bueno,Buena,Diurna,S/D,De alcance,S/D,Colisión,S/D,Vertical,Línea divisoria pintada,Sin restricción,"-33.0023231, -60.6252459",['Arijon 1600'],1,Arijon 1600,-33.0023231,-60.6252459,55.0,538.0,Municipio Rosario,Municipio,Rosario,820210,Servicio de Catastro e Información Territorial,IGN
2016,4855,2016-07-06,Miercoles,0.0,12:00:00,,0.0,2,"Automóvil,Peatón",Mitre Y Av. Pellegrini,2,1,0,0,1,0,0,,Avenida,,ROSARIO,Rosario,Asfalto,Pavimento,II,Dentro,Urbana,Ninguna,No existe,Recta,Bueno,Buena,Diurna,Buen Tiempo,S/D,Peatón,Atropello,S/D,Horizontal,Cordón divisorio,Sin restricción,POINT (-60.642289899999994 -32.9570524),"['Mitre', 'Pellegrini']",2,Bartolomé Mitre; Avenida Carlos Pellegrini,-32.9570524,-60.6422899,55.0,538.0,Municipio Rosario,Municipio,Rosario,820210,Servicio de Catastro e Información Territorial,IGN
2016,4856,2016-07-19,Martes,0.0,12:20:00,,0.0,2,"Tracción animal / Carro,Otros",San Martin 6600,3,2,0,0,1,0,0,,Calle,,ROSARIO,Rosario,Asfalto,No existe,II,Dentro,Urbana,Ninguna,No existe,Recta,Deteriorada,Buena,Diurna,S/D,S/D,S/D,Colisión,S/D,Faltante,Ninguna,Sin restricción,"-32.9764777, -60.6372639",['San Martin 6600'],1,San Martin 6600,-32.9764777,-60.6372639,55.0,538.0,Municipio Rosario,Municipio,Rosario,820210,Servicio de Catastro e Información Territorial,IGN
2016,4857,2016-07-08,Viernes,0.0,10:50:00,,0.0,2,"Peatón,Automóvil",Av. Pellegrini Y Mitre,3,1,0,0,2,0,0,,Avenida,,ROSARIO,Rosario,Asfalto,Pavimento,II,Dentro,Urbana,Semáforo,Funciona,Intersección,Bueno,Buena,Diurna,Buen Tiempo,S/D,Peatón,"Atropello,Otro",S/D,Vertical,Cordón divisorio,Sin restricción,POINT (-60.642289899999994 -32.9570524),"['Pellegrini', 'Mitre']",2,Avenida Carlos Pellegrini; Bartolomé Mitre,-32.9570524,-60.6422899,55.0,538.0,Municipio Rosario,Municipio,Rosario,820210,Servicio de Catastro e Información Territorial,IGN
2016,4858,2016-07-06,Miercoles,0.0,18:20:00,,0.0,3,"Taxi/Remis,Taxi/Remis,Automóvil",3 De Febrero Y Sarmiento,4,3,0,0,1,0,0,,Calle,,ROSARIO,Rosario,Asfalto,Pavimento,II,Dentro,Urbana,Marca Vial,S/D,Intersección,Bueno,S/D,Diurna,Buen Tiempo,Múltiple,S/D,Colisión,S/D,S/D,Cordón divisorio,Sin restricción,POINT (-60.63974480000001 -32.9527553),"['3 de Febrero', 'Sarmiento']",2,3 de Febrero; Sarmiento,-32.9527553,-60.63974480000001,55.0,538.0,Municipio Rosario,Municipio,Rosario,820210,Servicio de Catastro e Información Territorial,IGN
2016,4859,2016-07-19,Martes,0.0,8:30:00,,0.0,2,"Moto/Ciclomotor,Pickup/Utilitario",San Martin Y Av. Arijon,2,1,0,0,1,0,0,,Calle,,ROSARIO,Rosario,Asfalto,No existe,II,Dentro,Urbana,Ninguna,Funciona,Recta,Bueno,Buena,Diurna,Buen Tiempo,S/D,S/D,Colisión,S/D,Vertical,Línea divisoria pintada,Sin restricción,POINT (-60.649363550000004 -33.003052149999995),"['San Martin', 'Avenida Manuel Arijón']",2,José de San Martín; Avenida Manuel Arijón,-33.003052149999995,-60.64936355,55.0,538.0,Municipio Rosario,Municipio,Rosario,820210,Servicio de Catastro e Información Territorial,IGN
2016,4860,2016-07-24,Domingo,0.0,23:00:00,,0.0,2,"Automóvil,Moto/Ciclomotor",San Martin Y Khantuta,3,2,0,0,1,0,0,,Calle,,ROSARIO,Rosario,Asfalto,No existe,II,Dentro,Urbana,Ninguna,Funciona,Intersección,Bueno,Buena,Nocturna,S/D,S/D,S/D,Colisión,S/D,Vertical,Línea divisoria pintada,Sin restricción,POINT (-60.6512752 -33.01204444999999),"['San Martin', 'Khantuta']",2,José de San Martín; Khantuta,-33.01204444999999,-60.6512752,55.0,538.0,Municipio Rosario,Municipio,Rosario,820210,Servicio de Catastro e Información Territorial,IGN
2016,4861,2016-07-06,Miercoles,0.0,10:00:00,,0.0,2,"Automóvil,Moto/Ciclomotor",Montevideo Y Valparaiso,2,1,0,0,1,0,0,,Calle,,ROSARIO,Rosario,Asfalto,No existe,II,Dentro,Urbana,Ninguna,S/D,Intersección,Bueno,Buena,Diurna,Buen Tiempo,Lateral,S/D,Atropello,Ninguna,Faltante,Ninguna,Sin restricción,POINT (-60.6842986 -32.9483258),"['Montevideo', 'Valparaíso']",2,Montevideo; Valparaíso,-32.9483258,-60.6842986,55.0,538.0,Municipio Rosario,Municipio,Rosario,820210,Servicio de Catastro e Información Territorial,IGN
2016,4862,2016-07-06,Miercoles,0.0,12:00:00,,0.0,2,"Peatón,Automóvil",Mendoza Y Paraguay,2,1,0,0,1,0,0,,Calle,,ROSARIO,Rosario,Asfalto,Pavimento,II,Dentro,Urbana,Semáforo,Funciona,Intersección,Bueno,Buena,Diurna,Buen Tiempo,S/D,Peatón,Atropello,S/D,Vertical,Cordón divisorio,Sin restricción,POINT (-60.6450108 -32.950543200000006),"['Mendoza', 'Paraguay']",2,Mendoza; Paraguay,-32.950543200000006,-60.6450108,55.0,538.0,Municipio Rosario,Municipio,Rosario,820210,Servicio de Catastro e Información Territorial,IGN
2016,4863,2016-07-25,Lunes,0.0,7:15:00,,0.0,2,"Moto/Ciclomotor,Automóvil",Av. Bermudez Y Alzugaray,2,1,0,0,1,0,0,,Calle,,ROSARIO,Rosario,Asfalto,S/D,II,Dentro,Urbana,Ninguna,No existe,Intersección,Bueno,Buena,Diurna,Buen Tiempo,S/D,S/D,Colisión,S/D,Horizontal,Ninguna,Sin restricción,POINT (-60.64217020000001 -33.0128136),"['Bermudez', 'Alzugaray']",2,Avenida José Bermúdez; Alzugaray,-33.0128136,-60.64217020000001,55.0,538.0,Municipio Rosario,Municipio,Rosario,820210,Servicio de Catastro e Información Territorial,IGN
2016,4864,2016-07-09,Sabado,0.0,2:15:00,,0.0,2,"Moto/Ciclomotor,Automóvil",Av. Ovidio Lagos Y E.Zeballos,2,1,0,0,1,0,0,,Calle,,ROSARIO,Rosario,Asfalto,Pavimento,II,Dentro,Urbana,Ninguna,Funciona,Intersección,Bueno,Buena,Nocturna,Buen Tiempo,Lateral,S/D,Colisión,Ninguna,S/D,Ninguna,Sin restricción,POINT (-60.66360710000001 -32.95082639999999),"['Avenida Ovidio Lagos', 'Zeballos']",2,Avenida Ovidio Lagos; Zeballos,-32.95082639999999,-60.66360710000001,55.0,538.0,Municipio Rosario,Municipio,Rosario,820210,Servicio de Catastro e Información Territorial,IGN
2016,4865,2016-07-05,Martes,0.0,8:15:00,,0.0,2,"Moto/Ciclomotor,Automóvil",Av. Dante Alighieri Y Bv. Oroño,2,1,0,0,1,0,0,,Calle,,ROSARIO,Rosario,Asfalto,S/D,II,Dentro,Urbana,S/D,S/D,Recta,Bueno,Buena,Diurna,Buen Tiempo,De alcance,S/D,Colisión,S/D,S/D,S/D,S/D,POINT (-60.6579301 -32.961999649999996),"['Dante Alighieri', 'Bulevar Nicasio Oroño']",2,"('Avenida Dante Alighieri', 'Ciclovía Bulevar Nicasio Oroño')",-32.96199965,-60.6579301,55.0,538.0,Municipio Rosario,Municipio,Rosario,820210,Servicio de Catastro e Información Territorial,IGN
2016,4866,2016-07-09,Sabado,0.0,15:00:00,,0.0,2,"Automóvil,Moto/Ciclomotor",Bv. Avellaneda Y 9 De Julio,3,2,0,0,1,0,0,,Calle,,ROSARIO,Rosario,Asfalto,Pavimento,II,Dentro,Urbana,Ninguna,S/D,Intersección,Bueno,Buena,Diurna,Buen Tiempo,Lateral,S/D,Colisión,Ninguna,S/D,Ninguna,Sin restricción,POINT (-60.680971 -32.946485599999995),"['Avellaneda', '9 de Julio']",2,Bulevar Nicolás Avellaneda; 9 de Julio,-32.946485599999995,-60.680971,55.0,538.0,Municipio Rosario,Municipio,Rosario,820210,Servicio de Catastro e Información Territorial,IGN
2016,4867,2016-07-06,Miercoles,0.0,17:48:00,,0.0,2,"Peatón,Automóvil",Mariano Moreno Y Rioja,2,1,0,0,1,0,0,,Calle,,ROSARIO,Rosario,Asfalto,Pavimento,II,Dentro,Urbana,Marca Vial,No existe,Intersección,Bueno,Buena,Diurna,Buen Tiempo,S/D,Peatón,Atropello,S/D,Horizontal,Cordón divisorio,Sin restricción,POINT (-60.6508717 -32.9453541),"['Mariano Moreno', 'Rioja']",2,Mariano Moreno; Rioja,-32.9453541,-60.6508717,55.0,538.0,Municipio Rosario,Municipio,Rosario,820210,Servicio de Catastro e Información Territorial,IGN
2016,4868,2016-07-05,Martes,0.0,15:15:00,,0.0,2,"Moto/Ciclomotor,Automóvil",España Y Av. Pellegrini,2,0,1,0,1,0,0,,Calle,,ROSARIO,Rosario,Asfalto,S/D,II,Dentro,Urbana,Semáforo,Funciona,Recta,Bueno,Buena,Diurna,Buen Tiempo,De alcance,S/D,Colisión,S/D,Vertical,S/D,S/D,POINT (-60.6492162 -32.95580995),"['España', 'Pellegrini']",2,España; Avenida Carlos Pellegrini,-32.95580995,-60.6492162,55.0,538.0,Municipio Rosario,Municipio,Rosario,820210,Servicio de Catastro e Información Territorial,IGN
2016,4869,2016-06-01,Miercoles,0.0,21:30:00,,0.0,2,"Peatón,Moto/Ciclomotor",Av. Pellegrini Y Dorrego,2,1,0,0,1,0,0,,Avenida,,ROSARIO,Rosario,Asfalto,Pavimento,II,Dentro,Urbana,S/D,S/D,Recta,Bueno,Buena,Nocturna,Buen Tiempo,S/D,Peatón,Atropello,S/D,S/D,Cordón divisorio,Sin restricción,POINT (-60.6519337 -32.95532245),"['Pellegrini', 'Dorrego']",2,Avenida Carlos Pellegrini; Manuel Dorrego,-32.95532245,-60.6519337,55.0,538.0,Municipio Rosario,Municipio,Rosario,820210,Servicio de Catastro e Información Territorial,IGN
2016,4870,2016-07-10,Domingo,0.0,1:00:00,,0.0,2,"Moto/Ciclomotor,Moto/Ciclomotor",Rioja Y Pueyrredon,2,2,0,0,0,0,0,,Calle,,ROSARIO,Rosario,Asfalto,S/D,II,Dentro,Urbana,Ninguna,S/D,Intersección,Bueno,Buena,Nocturna,Buen Tiempo,Lateral,S/D,Colisión,Ninguna,S/D,Ninguna,Sin restricción,POINT (-60.6576513 -32.944126799999985),"['Rioja', 'Pueyrredón']",2,Rioja; Pueyrredón,-32.944126799999985,-60.6576513,55.0,538.0,Municipio Rosario,Municipio,Rosario,820210,Servicio de Catastro e Información Territorial,IGN
2016,4871,2016-07-12,Martes,0.0,8:15:00,,0.0,1,,Dorrego 1900,2,1,0,0,1,0,0,,Calle,,ROSARIO,Rosario,Asfalto,S/D,II,Dentro,Urbana,S/D,S/D,Intersección,Bueno,Buena,Diurna,Buen Tiempo,Lateral,S/D,Colisión,S/D,S/D,S/D,S/D,"-32.9574762, -60.65257",['Dorrego 1900'],1,Dorrego 1900,-32.9574762,-60.65257,55.0,538.0,Municipio Rosario,Municipio,Rosario,820210,Servicio de Catastro e Información Territorial,IGN
2016,4872,2016-07-12,Martes,0.0,8:15:00,,0.0,2,"Moto/Ciclomotor,Automóvil",Dorrego 1900,2,1,0,0,1,0,0,,Calle,,ROSARIO,Rosario,Asfalto,S/D,II,Dentro,Urbana,S/D,S/D,Intersección,Bueno,Buena,Diurna,Buen Tiempo,Lateral,S/D,Colisión,S/D,S/D,S/D,S/D,"-32.9574762, -60.65257",['Dorrego 1900'],1,Dorrego 1900,-32.9574762,-60.65257,55.0,538.0,Municipio Rosario,Municipio,Rosario,820210,Servicio de Catastro e Información Territorial,IGN
2016,4873,2016-07-10,Domingo,0.0,14:25:00,,0.0,2,"Moto/Ciclomotor,Automóvil",3 De Febrero Y Rio De Janeiro,3,1,0,0,2,0,0,,Calle,,ROSARIO,Rosario,Asfalto,S/D,II,Dentro,Urbana,Ninguna,S/D,Intersección,Bueno,Buena,Diurna,Buen Tiempo,Lateral,S/D,Colisión,Ninguna,S/D,Ninguna,Sin restricción,POINT (-60.68210090000001 -32.9452066),"['3 de Febrero', 'Río de Janeiro']",2,3 de Febrero; Río de Janeiro,-32.9452066,-60.68210090000001,55.0,538.0,Municipio Rosario,Municipio,Rosario,820210,Servicio de Catastro e Información Territorial,IGN
2016,4874,2016-06-01,Miercoles,0.0,14:30:00,,0.0,3,"Automóvil,Taxi/Remis,Automóvil",3 De Febrero Y Dorrego,3,1,0,0,2,0,0,,Calle,,ROSARIO,Rosario,Asfalto,Pavimento,II,Dentro,Urbana,Marca Vial,S/D,Intersección,Bueno,Buena,Diurna,Buen Tiempo,Múltiple,S/D,Colisión,S/D,Horizontal,Cordón divisorio,Sin restricción,POINT (-60.65079089999999 -32.9508141),"['3 de Febrero', 'Dorrego']",2,3 de Febrero; Manuel Dorrego,-32.9508141,-60.65079089999999,55.0,538.0,Municipio Rosario,Municipio,Rosario,820210,Servicio de Catastro e Información Territorial,IGN
2016,4875,2016-07-14,Jueves,0.0,13:20:00,,0.0,2,"Bicicleta,Automóvil",Sarmiento Y Pasco,2,1,0,0,1,0,0,,Calle,,ROSARIO,Rosario,Asfalto,S/D,II,Dentro,Urbana,S/D,S/D,Intersección,Bueno,Buena,Diurna,Buen Tiempo,S/D,Ciclista,Atropello,S/D,S/D,S/D,S/D,POINT (-60.6414543 -32.95957909999999),"['Sarmiento', 'Pasco']",2,Sarmiento; Pasco,-32.95957909999999,-60.6414543,55.0,538.0,Municipio Rosario,Municipio,Rosario,820210,Servicio de Catastro e Información Territorial,IGN
2016,4876,2016-07-11,Lunes,0.0,13:30:00,,0.0,2,"Moto/Ciclomotor,Pickup/Utilitario",Av. Pellegrini Y Bv. Avellaneda,2,1,0,0,1,0,0,,Calle,,ROSARIO,Rosario,Asfalto,S/D,II,Dentro,Urbana,Ninguna,S/D,Intersección,Bueno,Buena,Diurna,Buen Tiempo,Lateral,S/D,Colisión,Ninguna,S/D,Ninguna,Sin restricción,POINT (-60.68184480000001 -32.949949249999996),"['Pellegrini', 'Avellaneda']",2,Avenida Carlos Pellegrini; Bulevar Nicolás Avellaneda,-32.94994925,-60.68184480000001,55.0,538.0,Municipio Rosario,Municipio,Rosario,820210,Servicio de Catastro e Información Territorial,IGN
2016,4877,2016-07-22,Viernes,0.0,12:30:00,,0.0,2,"Bicicleta,Automóvil",Av. Corrientes 1000,2,1,0,0,1,0,0,,Calle,,ROSARIO,Rosario,Asfalto,Pavimento,II,Dentro,Urbana,Marca Vial,No existe,Recta,Bueno,Buena,Diurna,Buen Tiempo,S/D,Ciclista,Atropello,Ninguna,Horizontal,Cordón divisorio,Sin restricción,"-32.9482137, -60.6429997",['Corrientes 1000'],1,Corrientes 1000,-32.9482137,-60.6429997,55.0,538.0,Municipio Rosario,Municipio,Rosario,820210,Servicio de Catastro e Información Territorial,IGN
2016,4878,2016-07-13,Miercoles,0.0,18:00:00,,0.0,2,"Moto/Ciclomotor,Automóvil",Mitre Y Ocampo,3,2,0,0,1,0,0,,Calle,,ROSARIO,Rosario,Asfalto,S/D,II,Dentro,Urbana,S/D,S/D,Intersección,Bueno,Buena,"Atardecer,Con luz artificial",Buen Tiempo,Lateral,S/D,Colisión,S/D,S/D,S/D,S/D,POINT (-60.6445716 -32.96621689999999),"['Mitre', 'Ocampo']",2,Bartolomé Mitre; Ocampo,-32.96621689999999,-60.6445716,55.0,538.0,Municipio Rosario,Municipio,Rosario,820210,Servicio de Catastro e Información Territorial,IGN
2016,4879,2016-07-11,Lunes,0.0,22:00:00,,0.0,2,"Transporte de Pasajeros Urbano (> 8 asientos),Moto/Ciclomotor",Cordoba Y Castellanos,2,1,0,0,1,0,0,,Calle,,ROSARIO,Rosario,Asfalto,S/D,II,Dentro,Urbana,Ninguna,S/D,Intersección,Bueno,Buena,Nocturna,Buen Tiempo,Lateral,S/D,Colisión,Ninguna,Faltante,Ninguna,Sin restricción,POINT (-60.675064000000006 -32.939814),"['Córdoba', 'Aaron Castellanos']",2,Córdoba; Aaron Castellanos,-32.939814,-60.675064000000006,55.0,538.0,Municipio Rosario,Municipio,Rosario,820210,Servicio de Catastro e Información Territorial,IGN
2016,4880,2016-07-26,Martes,0.0,14:23:00,,0.0,2,"Automóvil,Peatón",Alvear Y San Juan,2,1,0,0,1,0,0,,Calle,,ROSARIO,Rosario,Asfalto,Pavimento,II,Dentro,Urbana,Ninguna,No existe,Intersección,Bueno,Buena,Diurna,Buen Tiempo,S/D,Peatón,Atropello,Ninguna,Horizontal,Cordón divisorio,Sin restricción,POINT (-60.6556081 -32.94720589999999),"['Alvear', 'San Juan']",2,Alvear; San Juan,-32.94720589999999,-60.6556081,55.0,538.0,Municipio Rosario,Municipio,Rosario,820210,Servicio de Catastro e Información Territorial,IGN
2016,4881,2016-07-14,Jueves,0.0,19:00:00,,0.0,2,"Moto/Ciclomotor,Automóvil",Sarmiento Y Viamonte,3,2,0,0,1,0,0,,Calle,,ROSARIO,Rosario,Asfalto,S/D,II,Dentro,Urbana,S/D,S/D,Intersección,Bueno,Buena,Atardecer,Buen Tiempo,Lateral,S/D,Colisión,S/D,S/D,S/D,S/D,POINT (-60.6429037 -32.9653524),"['Sarmiento', 'Viamonte']",2,Sarmiento; Viamonte,-32.9653524,-60.6429037,55.0,538.0,Municipio Rosario,Municipio,Rosario,820210,Servicio de Catastro e Información Territorial,IGN
2016,4882,2016-07-27,Miercoles,0.0,12:50:00,,0.0,2,"Taxi/Remis,Moto/Ciclomotor",Rioja Y Dorrego,2,1,0,0,1,0,0,,Calle,,ROSARIO,Rosario,Asfalto,Pavimento,II,Dentro,Urbana,Semáforo,Funciona,Intersección,Bueno,Buena,Diurna,Buen Tiempo,Lateral,S/D,Colisión,Ninguna,"Horizontal,Vertical",Cordón divisorio,Sin restricción,POINT (-60.6494744 -32.94562),"['Rioja', 'Dorrego']",2,Rioja; Manuel Dorrego,-32.94562,-60.6494744,55.0,538.0,Municipio Rosario,Municipio,Rosario,820210,Servicio de Catastro e Información Territorial,IGN
2016,4883,2016-07-12,Martes,0.0,9:45:00,,0.0,2,"Moto/Ciclomotor,Moto/Ciclomotor",Av. Pellegrini Y Cafferata,2,2,0,0,0,0,0,,Calle,,ROSARIO,Rosario,Asfalto,S/D,II,Dentro,Urbana,Ninguna,S/D,Intersección,Bueno,Buena,Diurna,Buen Tiempo,Lateral,S/D,Colisión,Ninguna,S/D,Ninguna,Sin restricción,POINT (-60.66279733333334 -32.9781999),"['Pellegrini', 'Cafferata']",2,Avenida Carlos Pellegrini; Cafferata,-32.9781999,-60.66279733333334,55.0,538.0,Municipio Rosario,Municipio,Rosario,820210,Servicio de Catastro e Información Territorial,IGN
2016,4884,2016-07-16,Sabado,0.0,21:05:00,,0.0,2,"Peatón,Automóvil",Bv. 27 De Febrero Y Bv. Oroño,2,1,0,0,1,0,0,,Calle,,ROSARIO,Rosario,Asfalto,S/D,II,Dentro,Urbana,Semáforo,Funciona,Intersección,Bueno,Buena,"Nocturna,Con luz artificial",Buen Tiempo,S/D,Peatón,Atropello,S/D,Vertical,Cordón divisorio,S/D,POINT (-60.658642825 -32.964892400000004),"['27 de Febrero', 'Bulevar Nicasio Oroño']",2,Bulevar 27 de Febrero; Bulevar Nicasio Oroño,-32.964892400000004,-60.658642825,55.0,538.0,Municipio Rosario,Municipio,Rosario,820210,Servicio de Catastro e Información Territorial,IGN
2016,4885,2016-07-17,Domingo,0.0,6:30:00,,0.0,1,Moto/Ciclomotor,España Y Virasoro,3,2,1,0,0,0,0,,Calle,,ROSARIO,Rosario,Asfalto,S/D,II,Dentro,Urbana,S/D,S/D,Recta,Bueno,Buena,"Nocturna,Con luz artificial",Buen Tiempo,S/D,S/D,Caída ocupante,S/D,S/D,S/D,S/D,POINT (-60.6523926 -32.96844250000001),"['España', 'Virasoro']",2,España; Benjamín Virasoro,-32.96844250000001,-60.6523926,55.0,538.0,Municipio Rosario,Municipio,Rosario,820210,Servicio de Catastro e Información Territorial,IGN
2016,4886,2016-07-27,Miercoles,0.0,18:50:00,,0.0,2,"Automóvil,Moto/Ciclomotor",Italia Y Cordoba,2,1,0,0,1,0,0,,Calle,,ROSARIO,Rosario,Asfalto,S/D,II,Dentro,Urbana,Ninguna,S/D,Intersección,Bueno,S/D,Atardecer,Buen Tiempo,Lateral,S/D,Colisión,S/D,Horizontal,Cordón divisorio,Sin restricción,POINT (-60.647863199999996 -32.944685),"['Italia', 'Córdoba']",2,Italia; Córdoba,-32.944685,-60.6478632,55.0,538.0,Municipio Rosario,Municipio,Rosario,820210,Servicio de Catastro e Información Territorial,IGN
2016,4888,2016-07-18,Lunes,0.0,9:45:00,,0.0,2,"Moto/Ciclomotor,Automóvil",Cochabamba Y Dorrego,2,1,0,0,1,0,0,,Calle,,ROSARIO,Rosario,Asfalto,S/D,II,Dentro,Urbana,S/D,S/D,Intersección,Bueno,Buena,Diurna,Buen Tiempo,Lateral,S/D,Colisión,S/D,S/D,S/D,S/D,POINT (-60.652221 -32.9564558),"['Cochabamba', 'Dorrego']",2,Cochabamba; Manuel Dorrego,-32.9564558,-60.652221,55.0,538.0,Municipio Rosario,Municipio,Rosario,820210,Servicio de Catastro e Información Territorial,IGN
2016,4889,2016-07-23,Sabado,0.0,7:30:00,,0.0,2,"Moto/Ciclomotor,Taxi/Remis",Mariano Moreno Y Rioja,3,2,0,0,1,0,0,,Calle,,ROSARIO,Rosario,Asfalto,Pavimento,II,Dentro,Urbana,Ninguna,No existe,Intersección,Bueno,Buena,Diurna,Buen Tiempo,Lateral,S/D,Colisión,Ninguna,Horizontal,Cordón divisorio,Sin restricción,POINT (-60.6508717 -32.9453541),"['Mariano Moreno', 'Rioja']",2,Mariano Moreno; Rioja,-32.9453541,-60.6508717,55.0,538.0,Municipio Rosario,Municipio,Rosario,820210,Servicio de Catastro e Información Territorial,IGN
2016,4890,2016-07-25,Lunes,0.0,21:00:00,,0.0,2,"Automóvil,Moto/Ciclomotor",San Juan Y Vera Mujica,4,1,0,0,3,0,0,,S/D,,ROSARIO,Rosario,Asfalto,S/D,II,Dentro,Urbana,S/D,S/D,Intersección,S/D,S/D,Nocturna,S/D,S/D,S/D,Colisión,S/D,S/D,S/D,S/D,POINT (-60.6678428 -32.94501609999999),"['San Juan', 'Vera Mujíca']",2,San Juan; Vera Mujíca,-32.94501609999999,-60.6678428,55.0,538.0,Municipio Rosario,Municipio,Rosario,820210,Servicio de Catastro e Información Territorial,IGN