anio_acci,nro_acci,fecha,desc_dia,fecha_aprox,hora_aprox,desc_ruta,km,cant_participantes,desc_participante,calle_avenida_km,total,heridos_leves,heridos_graves,heridos_gravisimos,ilesos,fallecidos,sin_datos,posicion_XY,desc_tipo_via,desc_ruta_ori,desc_loc,desc_dpto,desc_tipo_calzada,desc_tipo_banquina,desc_unidad_regional,desc_lugar_calzada,desc_zona,desc_prioridad,desc_estado_semaforo,desc_lugar_via,desc_estado_via,desc_estado_visibilidad,desc_luminosidad,desc_estado_clima,desc_tipo_colision,desc_tipo_atropello,desc_tipo_hecho,desc_pres_calzada,desc_senializacion,desc_separacion_via,desc_restriccion,forma_geocod,calle_lista,numero_calles,calles_osm,lat,lon,index_right,gid,fna,gna,nam,in1,fdc,sag
2016,4891,2016-07-18,Lunes,0.0,18:00:00,,0.0,2,"Moto/Ciclomotor,Automóvil",Bv. Oroño Y Cochabamba,2,1,0,0,1,0,0,,Calle,,ROSARIO,Rosario,Asfalto,S/D,II,Dentro,Urbana,Señal Ceda el Paso,S/D,Intersección,Bueno,Buena,Diurna,Buen Tiempo,Lateral,S/D,Colisión,S/D,Vertical,S/D,S/D,POINT (-60.656339 -32.9556154),"['Bulevar Nicasio Oroño', 'Cochabamba']",2,Bulevar Nicasio Oroño; Cochabamba,-32.9556154,-60.656339,55.0,538.0,Municipio Rosario,Municipio,Rosario,820210,Servicio de Catastro e Información Territorial,IGN
2016,4892,2016-07-18,Lunes,0.0,9:45:00,,0.0,2,"Peatón,Automóvil",La Paz Y Paraguay,2,1,0,0,1,0,0,,Calle,,ROSARIO,Rosario,Asfalto,S/D,II,Dentro,Urbana,S/D,S/D,Intersección,Bueno,Buena,Diurna,Buen Tiempo,S/D,Peatón,Atropello,S/D,S/D,S/D,S/D,POINT (-60.648202100000006 -32.963180099999995),"['La Paz', 'Paraguay']",2,La Paz; Paraguay,-32.963180099999995,-60.648202100000006,55.0,538.0,Municipio Rosario,Municipio,Rosario,820210,Servicio de Catastro e Información Territorial,IGN
2016,4893,2016-07-27,Miercoles,0.0,15:00:00,,0.0,2,"Automóvil,Moto/Ciclomotor",Alvear Y San Luis,3,2,0,0,1,0,0,,Calle,,ROSARIO,Rosario,Asfalto,Pavimento,II,Dentro,Urbana,Semáforo,Funciona,Intersección,Bueno,Buena,Diurna,Buen Tiempo,Lateral,S/D,Colisión,Ninguna,Vertical,Cordón divisorio,Sin restricción,POINT (-60.65533140000001 -32.9460782),"['Alvear', 'San Luis']",2,Alvear; San Luis,-32.9460782,-60.65533140000001,55.0,538.0,Municipio Rosario,Municipio,Rosario,820210,Servicio de Catastro e Información Territorial,IGN
2016,4894,2016-07-20,Miercoles,0.0,13:00:00,,0.0,2,"Moto/Ciclomotor,Automóvil",San Martin Y Ocampo,2,1,0,0,1,0,0,,Calle,,ROSARIO,Rosario,Asfalto,S/D,II,Dentro,Urbana,S/D,S/D,Intersección,Bueno,Buena,Diurna,Buen Tiempo,Lateral,S/D,Colisión,S/D,S/D,S/D,S/D,POINT (-60.641734899999996 -32.9667212),"['San Martin', 'Ocampo']",2,José de San Martín; Ocampo,-32.9667212,-60.6417349,55.0,538.0,Municipio Rosario,Municipio,Rosario,820210,Servicio de Catastro e Información Territorial,IGN
2016,4895,2016-07-25,Lunes,0.0,9:30:00,,0.0,2,"Automóvil,Moto/Ciclomotor",Constitucion Y Montevideo,2,1,1,0,0,0,0,,Calle,,ROSARIO,Rosario,Asfalto,S/D,II,Dentro,Urbana,S/D,S/D,S/D,S/D,S/D,Diurna,S/D,S/D,S/D,Colisión,S/D,S/D,S/D,S/D,POINT (-60.676135699999996 -32.949792200000005),"['Constitución', 'Montevideo']",2,Constitución; Montevideo,-32.949792200000005,-60.6761357,55.0,538.0,Municipio Rosario,Municipio,Rosario,820210,Servicio de Catastro e Información Territorial,IGN
2016,4896,2016-07-12,Martes,0.0,17:20:00,,0.0,2,"Pickup/Utilitario,Automóvil",Alvarez Thomas Y Castagnino,7,2,0,0,5,0,0,,Calle,,ROSARIO,Rosario,Asfalto,No existe,II,Dentro,Urbana,Ninguna,No existe,Intersección,Bueno,Buena,Atardecer,Buen Tiempo,Lateral,S/D,Colisión,S/D,Faltante,Ninguna,Sin restricción,POINT (-60.6869236 -32.896285299999995),"['Alvarez Thomas', 'Castagnino']",2,Alvarez Thomas; Castagnino,-32.896285299999995,-60.6869236,55.0,538.0,Municipio Rosario,Municipio,Rosario,820210,Servicio de Catastro e Información Territorial,IGN
2016,4897,2016-07-22,Viernes,0.0,16:30:00,,0.0,2,"Moto/Ciclomotor,Pickup/Utilitario",Ocampo Y Av. Corrientes,2,1,0,0,1,0,0,,Calle,,ROSARIO,Rosario,Asfalto,S/D,II,Dentro,Urbana,S/D,S/D,Intersección,Bueno,Buena,Diurna,Buen Tiempo,Lateral,S/D,Colisión,S/D,S/D,S/D,S/D,POINT (-60.647380000000005 -32.96571769999999),"['Ocampo', 'Corrientes']",2,Ocampo; Corrientes,-32.96571769999999,-60.647380000000005,55.0,538.0,Municipio Rosario,Municipio,Rosario,820210,Servicio de Catastro e Información Territorial,IGN
2016,4898,2016-07-30,Sabado,0.0,17:30:00,,0.0,2,"Automóvil,Moto/Ciclomotor",Bv. Segui Y Alsina,2,1,0,0,1,0,0,,Calle,,ROSARIO,Rosario,Asfalto,No existe,II,Dentro,Urbana,Ninguna,No existe,Intersección,Bueno,Buena,Atardecer,Buen Tiempo,Lateral,S/D,Colisión,S/D,Faltante,Vegetación,Sin restricción,POINT (-60.684628425 -32.97224145),"['Bulevar Juan Francisco Seguí', 'Alsina']",2,Bulevar Juan Francisco Seguí; Alsina,-32.97224145,-60.684628425,55.0,538.0,Municipio Rosario,Municipio,Rosario,820210,Servicio de Catastro e Información Territorial,IGN
2016,4899,2016-07-22,Viernes,0.0,,,0.0,2,"Moto/Ciclomotor,Automóvil",Pueyrredon 1900,2,1,0,0,1,0,0,,Calle,,ROSARIO,Rosario,Asfalto,S/D,II,S/D,Urbana,S/D,S/D,S/D,S/D,S/D,S/D,S/D,S/D,S/D,Colisión,S/D,S/D,S/D,S/D,"-32.9371534, -60.6558961",['Pueyrredon 1900'],1,Pueyrredon 1900,-32.9371534,-60.6558961,55.0,538.0,Municipio Rosario,Municipio,Rosario,820210,Servicio de Catastro e Información Territorial,IGN
2016,4900,2016-07-26,Martes,0.0,12:00:00,,0.0,2,"Automóvil,Automóvil",Av. Francia Y Biedma,4,2,0,0,2,0,0,,Calle,,ROSARIO,Rosario,Tierra,No existe,II,Dentro,Urbana,Ninguna,No existe,Intersección,S/D,Reducida p/ objetos,Diurna,Buen Tiempo,Lateral,S/D,Colisión,S/D,Faltante,Vegetación,Sin restricción,POINT (-60.6743451 -32.97648615),"['Avenida Francia', 'Coronel Biedma']",2,Avenida Francia; Coronel Biedma,-32.97648615,-60.6743451,55.0,538.0,Municipio Rosario,Municipio,Rosario,820210,Servicio de Catastro e Información Territorial,IGN
2016,4901,2016-07-19,Martes,0.0,8:20:00,,0.0,2,"Automóvil,Moto/Ciclomotor",Vera Mujica Y Pje. Zabala,2,1,0,0,1,0,0,,Calle,,ROSARIO,Rosario,Asfalto,S/D,II,Dentro,Urbana,S/D,S/D,S/D,S/D,S/D,Diurna,S/D,S/D,S/D,Colisión,S/D,S/D,S/D,S/D,POINT (-60.66895130000001 -32.94940389999999),"['Vera Mujíca', 'Zavalla']",2,Vera Mujíca; Zavalla,-32.94940389999999,-60.66895130000001,55.0,538.0,Municipio Rosario,Municipio,Rosario,820210,Servicio de Catastro e Información Territorial,IGN
2016,4903,2016-07-24,Domingo,0.0,15:20:00,,0.0,2,"Moto/Ciclomotor,Automóvil",Virasoro Y Paraguay,3,1,0,0,2,0,0,,Calle,,ROSARIO,Rosario,Asfalto,S/D,II,Dentro,Urbana,S/D,S/D,Intersección,Bueno,Buena,Diurna,Buen Tiempo,Lateral,S/D,Colisión,S/D,S/D,S/D,S/D,POINT (-60.64965960000001 -32.9689509),"['Virasoro', 'Paraguay']",2,Benjamín Virasoro; Paraguay,-32.9689509,-60.64965960000001,55.0,538.0,Municipio Rosario,Municipio,Rosario,820210,Servicio de Catastro e Información Territorial,IGN
2016,4904,2016-07-30,Sabado,0.0,17:30:00,,0.0,2,"Moto/Ciclomotor,Automóvil",Av. Avellaneda B 4900,3,2,0,0,1,0,0,,Calle,,ROSARIO,Rosario,Asfalto,No existe,II,Dentro,Urbana,Ninguna,No existe,Recta,Bueno,Buena,Diurna,Buen Tiempo,Lateral,S/D,Colisión,S/D,S/D,Vegetación,Sin restricción,"-32.9992085, -60.6890075",['Avellaneda B 4900'],1,Avellaneda B 4900,-32.9992085,-60.6890075,55.0,538.0,Municipio Rosario,Municipio,Rosario,820210,Servicio de Catastro e Información Territorial,IGN
2016,4905,2016-07-17,Domingo,0.0,12:26:00,,0.0,2,"Automóvil,Taxi/Remis",Lavalle Y 3 De Febrero,3,2,0,0,1,0,0,,Calle,,ROSARIO,Rosario,Asfalto,S/D,II,S/D,Urbana,S/D,S/D,S/D,S/D,S/D,Diurna,S/D,S/D,S/D,Colisión,S/D,S/D,S/D,S/D,POINT (-60.6793582 -32.94569909999999),"['Lavalle', '3 de Febrero']",2,Lavalle; 3 de Febrero,-32.94569909999999,-60.6793582,55.0,538.0,Municipio Rosario,Municipio,Rosario,820210,Servicio de Catastro e Información Territorial,IGN
2016,4906,2016-07-21,Jueves,0.0,14:00:00,,0.0,2,"Taxi/Remis,Peatón",Av. Francia Y Garay,2,1,0,0,0,0,1,,Calle,,ROSARIO,Rosario,Asfalto,Pavimento,II,Dentro,Urbana,Semáforo,Funciona,Recta,Bueno,S/D,Diurna,Buen Tiempo,S/D,Peatón,Atropello,S/D,S/D,Ninguna,Sin restricción,POINT (-60.67260300000001 -32.96959774999999),"['Avenida Francia', 'Garay']",2,Avenida Francia; Juan de Garay,-32.96959774999999,-60.67260300000001,55.0,538.0,Municipio Rosario,Municipio,Rosario,820210,Servicio de Catastro e Información Territorial,IGN
2016,4907,2016-07-15,Viernes,0.0,17:00:00,,0.0,2,"Moto/Ciclomotor,Automóvil",Rioja Y Suipacha,2,1,0,0,1,0,0,,Calle,,ROSARIO,Rosario,Asfalto,Pavimento,II,Dentro,Urbana,S/D,S/D,Intersección,Bueno,Buena,Diurna,S/D,Lateral,S/D,Colisión,Ninguna,S/D,Ninguna,S/D,POINT (-60.66447840000001 -32.94294049999999),"['Rioja', 'Suipacha']",2,Rioja; Suipacha,-32.94294049999999,-60.66447840000001,55.0,538.0,Municipio Rosario,Municipio,Rosario,820210,Servicio de Catastro e Información Territorial,IGN
2016,4909,2016-07-02,Sabado,0.0,2:10:00,,0.0,2,"Pickup/Utilitario,Moto/Ciclomotor",San Martin Y Khantuta,2,0,1,0,1,0,0,,Calle,,ROSARIO,Rosario,Asfalto,No existe,II,Dentro,Urbana,Semáforo,Intermitente,Intersección,Bueno,Buena,Diurna,S/D,S/D,S/D,Colisión,S/D,Vertical,Línea divisoria pintada,Sin restricción,POINT (-60.6512752 -33.01204444999999),"['San Martin', 'Khantuta']",2,José de San Martín; Khantuta,-33.01204444999999,-60.6512752,55.0,538.0,Municipio Rosario,Municipio,Rosario,820210,Servicio de Catastro e Información Territorial,IGN
2016,4910,2016-05-15,Domingo,0.0,16:30:00,,0.0,2,"Pickup/Utilitario,Otros",Virasoro Y Dorrego,6,2,0,0,3,0,1,,Calle,,ROSARIO,Rosario,S/D,S/D,II,Dentro,Urbana,S/D,S/D,S/D,S/D,S/D,Diurna,S/D,S/D,S/D,Colisión,S/D,S/D,S/D,S/D,POINT (-60.6551345 -32.96794880000001),"['Virasoro', 'Dorrego']",2,Benjamín Virasoro; Manuel Dorrego,-32.96794880000001,-60.6551345,55.0,538.0,Municipio Rosario,Municipio,Rosario,820210,Servicio de Catastro e Información Territorial,IGN
2016,4912,2016-07-27,Miercoles,0.0,12:15:00,,0.0,2,"Automóvil,Automóvil",Rioja Y Lima,2,1,0,0,1,0,0,,Calle,,ROSARIO,Rosario,Asfalto,S/D,II,Dentro,Urbana,S/D,S/D,Intersección,Bueno,S/D,S/D,S/D,De alcance,S/D,Colisión,Ninguna,S/D,S/D,S/D,POINT (-60.6835185 -32.939537399999985),"['Rioja', 'Lima']",2,Rioja; Lima,-32.939537399999985,-60.6835185,55.0,538.0,Municipio Rosario,Municipio,Rosario,820210,Servicio de Catastro e Información Territorial,IGN
2016,4913,2016-07-04,Lunes,0.0,14:00:00,,0.0,2,"Peatón,Taxi/Remis",Jujuy Y Balcarce,2,1,0,0,1,0,0,,Calle,,ROSARIO,Rosario,Asfalto,Pavimento,II,Dentro,Urbana,Ninguna,No existe,Intersección,Bueno,Buena,Diurna,Buen Tiempo,S/D,Peatón,Atropello,Ninguna,Faltante,Ninguna,Sin restricción,POINT (-60.6498694 -32.93579820000001),"['Jujuy', 'Balcarce']",2,Jujuy; Balcarce,-32.93579820000001,-60.6498694,55.0,538.0,Municipio Rosario,Municipio,Rosario,820210,Servicio de Catastro e Información Territorial,IGN
2016,4914,2016-07-27,Miercoles,0.0,17:00:00,,0.0,2,"Moto/Ciclomotor,Automóvil",Cafferata 1000,2,1,0,0,1,0,0,,Calle,,ROSARIO,Rosario,Asfalto,Pavimento,II,Dentro,Urbana,Ninguna,S/D,Recta,Bueno,Buena,Diurna,Buen Tiempo,Contra objeto fijo,S/D,Colisión,Ninguna,S/D,Ninguna,Sin restricción,"-32.9430567, -60.6716981",['Cafferata 1000'],1,Cafferata 1000,-32.9430567,-60.6716981,55.0,538.0,Municipio Rosario,Municipio,Rosario,820210,Servicio de Catastro e Información Territorial,IGN
2016,4920,2016-07-01,Viernes,0.0,10:30:00,,0.0,2,"Automóvil,Bicicleta",San Luis Y Pje. Moss,2,1,0,0,1,0,0,,Calle,,ROSARIO,Rosario,Asfalto,No existe,II,Dentro,Urbana,Ninguna,No existe,Intersección,Bueno,Buena,Diurna,Buen Tiempo,S/D,Ciclista,Atropello,Ninguna,S/D,Ninguna,Sin restricción,POINT (-60.6872533 -32.9403734),"['San Luis', 'Moss']",2,San Luis; Moss,-32.9403734,-60.6872533,55.0,538.0,Municipio Rosario,Municipio,Rosario,820210,Servicio de Catastro e Información Territorial,IGN
2016,4921,2016-07-11,Lunes,0.0,11:00:00,,0.0,2,"Automóvil,Peatón",Santa Fe Y Av. Corrientes,2,1,0,0,1,0,0,,Calle,,ROSARIO,Rosario,Asfalto,Pavimento,II,Dentro,Urbana,Ninguna,Funciona,Intersección,Bueno,Buena,Diurna,Buen Tiempo,S/D,Peatón,Atropello,Ninguna,Vertical,Ninguna,Sin restricción,POINT (-60.6420191 -32.9443578),"['Santa Fe', 'Corrientes']",2,Santa Fe; Corrientes,-32.9443578,-60.6420191,55.0,538.0,Municipio Rosario,Municipio,Rosario,820210,Servicio de Catastro e Información Territorial,IGN
2016,4925,2016-07-14,Jueves,0.0,19:10:00,,0.0,2,"Moto/Ciclomotor,Taxi/Remis",San Luis Y Av. Corrientes,2,1,0,0,1,0,0,,Calle,,ROSARIO,Rosario,Asfalto,Pavimento,II,Dentro,Urbana,Semáforo,Funciona,Intersección,Bueno,Buena,Diurna,Buen Tiempo,Lateral,S/D,Colisión,S/D,Vertical,Cordón divisorio,Sin restricción,POINT (-60.6429694 -32.948293099999994),"['San Luis', 'Corrientes']",2,San Luis; Corrientes,-32.948293099999994,-60.6429694,55.0,538.0,Municipio Rosario,Municipio,Rosario,820210,Servicio de Catastro e Información Territorial,IGN
2016,4926,2016-07-01,Viernes,0.0,21:40:00,,0.0,2,"Automóvil,Moto/Ciclomotor",Montevideo Y Crespo,2,1,0,0,1,0,0,,Calle,,ROSARIO,Rosario,Asfalto,No existe,II,Dentro,Urbana,Ninguna,S/D,Intersección,Bueno,Buena,Nocturna,Buen Tiempo,De alcance,S/D,Colisión,Ninguna,S/D,Ninguna,Sin restricción,POINT (-60.67066460000001 -32.950771199999984),"['Montevideo', 'Crespo']",2,Montevideo; Crespo,-32.950771199999984,-60.67066460000001,55.0,538.0,Municipio Rosario,Municipio,Rosario,820210,Servicio de Catastro e Información Territorial,IGN
2016,4930,2016-07-03,Domingo,0.0,17:15:00,,0.0,2,"Automóvil,Automóvil",Rioja Y Bv. Avellaneda,4,2,0,0,2,0,0,,Calle,,ROSARIO,Rosario,Asfalto,No existe,II,Dentro,Urbana,Semáforo,S/D,Intersección,Bueno,Buena,Diurna,Buen Tiempo,Lateral,S/D,Colisión,Ninguna,Faltante,Ninguna,Sin restricción,POINT (-60.679463549999994 -32.940277300000005),"['Rioja', 'Avellaneda']",2,Rioja; Bulevar Nicolás Avellaneda,-32.940277300000005,-60.67946355,55.0,538.0,Municipio Rosario,Municipio,Rosario,820210,Servicio de Catastro e Información Territorial,IGN
2016,4932,2016-07-16,Sabado,0.0,16:35:00,,0.0,2,"Moto/Ciclomotor,Automóvil",Catamarca Y Entre Rios,2,1,0,0,1,0,0,,Calle,,ROSARIO,Rosario,Asfalto,Pavimento,II,Dentro,Urbana,Semáforo,Funciona,Intersección,Bueno,Buena,Diurna,Buen Tiempo,De alcance,S/D,Colisión,Ninguna,Vertical,Ninguna,Sin restricción,POINT (-60.6394932 -32.9401635),"['Catamarca', 'Entre Ríos']",2,Catamarca; Entre Ríos,-32.9401635,-60.6394932,55.0,538.0,Municipio Rosario,Municipio,Rosario,820210,Servicio de Catastro e Información Territorial,IGN
2016,5030,2016-08-11,Jueves,0.0,10:30:00,,0.0,2,"Moto/Ciclomotor,Automóvil",Albert Sabin Y Alberdi,2,1,0,0,1,0,0,,Calle,,ROSARIO,Rosario,Asfalto,S/D,II,Dentro,Urbana,S/D,S/D,Intersección,S/D,S/D,Diurna,S/D,S/D,S/D,Colisión,S/D,S/D,S/D,S/D,POINT (-60.67368635 -32.93013245),"['Avenida Travesía Albert Sabin', 'Alberdi']",2,Avenida Travesía Albert Sabin; Avenida Alberdi,-32.93013245,-60.67368635,55.0,538.0,Municipio Rosario,Municipio,Rosario,820210,Servicio de Catastro e Información Territorial,IGN
2016,5031,2016-08-10,Miercoles,0.0,15:40:00,,0.0,2,"Moto/Ciclomotor,Pickup/Utilitario",Montes Carballo 500,2,1,0,0,1,0,0,,Calle,,ROSARIO,Rosario,Asfalto,S/D,II,Dentro,Urbana,S/D,S/D,Recta,S/D,S/D,Diurna,S/D,S/D,S/D,Colisión,S/D,S/D,S/D,S/D,"-32.9644251, -60.7322909",['Montes Carballo 500'],1,Montes Carballo 500,-32.9644251,-60.7322909,55.0,538.0,Municipio Rosario,Municipio,Rosario,820210,Servicio de Catastro e Información Territorial,IGN
2016,5037,2016-08-26,Viernes,0.0,4:00:00,,0.0,2,"Moto/Ciclomotor,Automóvil",Cordoba Y Bv. Avellaneda,3,0,1,0,1,0,1,,Calle,,ROSARIO,Rosario,Asfalto,S/D,II,Dentro,Urbana,S/D,S/D,Intersección,S/D,S/D,Nocturna,S/D,S/D,S/D,Colisión,S/D,S/D,S/D,S/D,POINT (-60.67916835 -32.939088049999995),"['Córdoba', 'Avellaneda']",2,Córdoba; Bulevar Nicolás Avellaneda,-32.939088049999995,-60.67916835,55.0,538.0,Municipio Rosario,Municipio,Rosario,820210,Servicio de Catastro e Información Territorial,IGN
2016,5038,2016-08-28,Domingo,0.0,19:20:00,,0.0,4,"Automóvil,Taxi/Remis,Automóvil,Moto/Ciclomotor",Albert Sabin Y Montes Carballo,4,1,0,0,1,0,2,,Calle,,ROSARIO,Rosario,Asfalto,S/D,II,Dentro,Urbana,S/D,S/D,Intersección,S/D,S/D,Atardecer,S/D,S/D,S/D,Colisión,S/D,S/D,S/D,S/D,POINT (-60.68568234000001 -32.92234279999999),"['Avenida Travesía Albert Sabin', 'Avenida Doctor Luis Cándido Carballo']",2,Avenida Travesía Albert Sabin; Avenida Doctor Luis Cándido Carballo,-32.92234279999999,-60.68568234000001,55.0,538.0,Municipio Rosario,Municipio,Rosario,820210,Servicio de Catastro e Información Territorial,IGN
2016,5040,2016-08-02,Martes,0.0,19:30:00,,0.0,2,"Automóvil,Automóvil",Goyena Y Valentin Gomez,3,3,0,0,0,0,0,,Calle,,ROSARIO,Rosario,Asfalto,No existe,II,S/D,Urbana,S/D,S/D,Recta,Bueno,S/D,Atardecer,S/D,S/D,S/D,Colisión,S/D,S/D,S/D,S/D,POINT (-60.701143800000004 -32.8770416),"['Goyena', 'Valentín Gómez']",2,Pedro Goyena; Valentín Gómez,-32.8770416,-60.7011438,55.0,538.0,Municipio Rosario,Municipio,Rosario,820210,Servicio de Catastro e Información Territorial,IGN
2016,5042,2016-08-22,Lunes,0.0,19:00:00,,0.0,2,"Automóvil,Moto/Ciclomotor",Yapeyu Y Goyena,2,1,0,0,1,0,0,,Calle,,ROSARIO,Rosario,Asfalto,S/D,II,S/D,Urbana,S/D,S/D,Recta,S/D,S/D,Atardecer,S/D,S/D,S/D,Colisión,S/D,S/D,S/D,S/D,POINT (-60.7001754 -32.87683),"['Yapeyu', 'Goyena']",2,Yapeyú; Pedro Goyena,-32.87683,-60.7001754,55.0,538.0,Municipio Rosario,Municipio,Rosario,820210,Servicio de Catastro e Información Territorial,IGN
2016,5043,2016-08-06,Sabado,0.0,19:00:00,,0.0,2,"Automóvil,Bicicleta",Urquiza Y Av. Francia,2,1,0,0,1,0,0,,Calle,,ROSARIO,Rosario,Asfalto,No existe,II,S/D,Urbana,Ninguna,No existe,Recta,Bueno,Buena,Diurna,Buen Tiempo,S/D,Ciclista,Atropello,Ninguna,Faltante,Ninguna,Sin restricción,POINT (-60.664649350000005 -32.9380825),"['Urquiza', 'Avenida Francia']",2,Justo José de Urquiza; Avenida Francia,-32.9380825,-60.664649350000005,55.0,538.0,Municipio Rosario,Municipio,Rosario,820210,Servicio de Catastro e Información Territorial,IGN
2016,5044,2016-08-10,Miercoles,0.0,9:30:00,,0.0,2,"Automóvil,Bicicleta",Lavalle Y San Lorenzo,2,1,0,0,1,0,0,,Calle,,ROSARIO,Rosario,Asfalto,No existe,II,S/D,Urbana,Ninguna,No existe,Recta,Otro,Buena,Diurna,Buen Tiempo,S/D,Ciclista,Atropello,Ninguna,Faltante,Ninguna,Sin restricción,POINT (-60.6771857 -32.9370405),"['Lavalle', 'San Lorenzo']",2,Lavalle; San Lorenzo,-32.9370405,-60.6771857,55.0,538.0,Municipio Rosario,Municipio,Rosario,820210,Servicio de Catastro e Información Territorial,IGN
2016,5045,2016-08-12,Viernes,0.0,4:20:00,,0.0,2,"Automóvil,Taxi/Remis",Santa Fe Y Vera Mujica,2,1,0,0,1,0,0,,Calle,,ROSARIO,Rosario,Asfalto,No existe,II,S/D,Urbana,Semáforo,Funciona,Recta,Otro,Buena,Amanecer,Buen Tiempo,Otro,S/D,Colisión,Ninguna,Vertical,Ninguna,Sin restricción,POINT (-60.6665625 -32.9399498),"['Santa Fe', 'Vera Mujíca']",2,Santa Fe; Vera Mujíca,-32.9399498,-60.6665625,55.0,538.0,Municipio Rosario,Municipio,Rosario,820210,Servicio de Catastro e Información Territorial,IGN
2016,5048,2016-08-17,Miercoles,0.0,6:50:00,,0.0,2,"Moto/Ciclomotor,Automóvil",Vera Mujica Y Tucuman,2,1,0,0,1,0,0,,Calle,,ROSARIO,Rosario,Asfalto,No existe,II,S/D,Urbana,Ninguna,No existe,Recta,Otro,Buena,Amanecer,Buen Tiempo,Otro,S/D,Colisión,Ninguna,Faltante,Ninguna,Sin restricción,POINT (-60.66572680000001 -32.936646399999994),"['Vera Mujíca', 'Tucumán']",2,Vera Mujíca; Tucumán,-32.936646399999994,-60.66572680000001,55.0,538.0,Municipio Rosario,Municipio,Rosario,820210,Servicio de Catastro e Información Territorial,IGN
2016,5049,2016-08-21,Domingo,0.0,9:30:00,,0.0,2,"Transporte de Pasajeros Urbano (> 8 asientos),Automóvil",San Lorenzo Y Pueyrredon,2,0,1,0,1,0,0,,Calle,,ROSARIO,Rosario,Asfalto,No existe,II,S/D,Urbana,Ninguna,No existe,Recta,Otro,Buena,Diurna,Buen Tiempo,S/D,S/D,Colisión,Ninguna,Faltante,Ninguna,Sin restricción,POINT (-60.656784 -32.94068089999999),"['San Lorenzo', 'Pueyrredón']",2,San Lorenzo; Pueyrredón,-32.94068089999999,-60.656784,55.0,538.0,Municipio Rosario,Municipio,Rosario,820210,Servicio de Catastro e Información Territorial,IGN
2016,5051,2016-08-22,Lunes,0.0,10:00:00,,0.0,2,"Peatón,Moto/Ciclomotor",Santa Fe Y Ricchieri,2,1,0,0,1,0,0,,Calle,,ROSARIO,Rosario,Asfalto,No existe,II,S/D,Urbana,Semáforo,Funciona,Recta,Bueno,Buena,Diurna,Buen Tiempo,S/D,Peatón,Atropello,Ninguna,Horizontal,Ninguna,Sin restricción,POINT (-60.6625073 -32.94067769999999),"['Santa Fe', 'Ricchieri']",2,Santa Fe; Ricchieri,-32.94067769999999,-60.6625073,55.0,538.0,Municipio Rosario,Municipio,Rosario,820210,Servicio de Catastro e Información Territorial,IGN
2016,5052,2016-08-24,Miercoles,0.0,20:16:00,,0.0,2,"Automóvil,Automóvil",Crespo Y Urquiza,3,1,0,0,2,0,0,,Calle,,ROSARIO,Rosario,Asfalto,No existe,II,S/D,Urbana,Ninguna,No existe,Recta,Bueno,S/D,Nocturna,Buen Tiempo,Otro,S/D,Colisión,Ninguna,Faltante,Ninguna,Sin restricción,POINT (-60.6674008 -32.9375907),"['Crespo', 'Urquiza']",2,Crespo; Justo José de Urquiza,-32.9375907,-60.6674008,55.0,538.0,Municipio Rosario,Municipio,Rosario,820210,Servicio de Catastro e Información Territorial,IGN
2016,5135,2016-07-10,Domingo,0.0,7:10:00,,0.0,2,"Moto/Ciclomotor,Automóvil",Balcarce Y Anchorena,3,1,1,0,1,0,0,,Calle,,ROSARIO,Rosario,Asfalto,No existe,II,Dentro,Urbana,S/D,S/D,Intersección,Bueno,Buena,Diurna,Buen Tiempo,Lateral,S/D,Colisión,S/D,S/D,S/D,S/D,POINT (-60.6635466 -32.998232),"['Balcarce', 'Anchorena']",2,Balcarce; Tomás de Anchorena,-32.998232,-60.6635466,55.0,538.0,Municipio Rosario,Municipio,Rosario,820210,Servicio de Catastro e Información Territorial,IGN
2016,5137,2016-07-23,Sabado,0.0,21:00:00,,0.0,2,"Automóvil,Automóvil",ND ,3,1,0,0,2,0,0,,Avenida,,ROSARIO,Rosario,Asfalto,S/D,II,Dentro,Urbana,Semáforo,S/D,Intersección,Bueno,Buena,Nocturna,Buen Tiempo,Lateral,S/D,Colisión,S/D,S/D,S/D,Sin restricción,"-32.9593609, -60.6617024",['Nd'],1,Nd,-32.9593609,-60.6617024,55.0,538.0,Municipio Rosario,Municipio,Rosario,820210,Servicio de Catastro e Información Territorial,IGN
2016,5139,2016-07-19,Martes,0.0,17:30:00,,0.0,2,"Moto/Ciclomotor,Automóvil",H. Brandoni Y Mariano Moreno,2,1,0,0,1,0,0,,Calle,,ROSARIO,Rosario,Asfalto,S/D,VI,Dentro,Urbana,S/D,S/D,Intersección,Bueno,Buena,Diurna,Buen Tiempo,Lateral,S/D,Colisión,Ninguna,S/D,S/D,S/D,POINT (-60.6617798 -33.0063754),"['Brandoni', 'Mariano Moreno']",2,Brandoni; Mariano Moreno,-33.0063754,-60.6617798,55.0,538.0,Municipio Rosario,Municipio,Rosario,820210,Servicio de Catastro e Información Territorial,IGN
2016,5143,2016-07-16,Sabado,0.0,5:10:00,,0.0,2,"Bicicleta,Otros",Av. Arijon Y Bv. Oroño,2,1,0,0,1,0,0,,Avenida,,ROSARIO,Rosario,Asfalto,S/D,VI,Dentro,Urbana,Semáforo,S/D,Intersección,Bueno,S/D,Amanecer,Buen Tiempo,S/D,Ciclista,Atropello,S/D,S/D,S/D,S/D,POINT (-60.6650193 -33.003540599999994),"['Avenida Manuel Arijón', 'Bulevar Nicasio Oroño']",2,Avenida Manuel Arijón; Bulevar Nicasio Oroño,-33.003540599999994,-60.6650193,55.0,538.0,Municipio Rosario,Municipio,Rosario,820210,Servicio de Catastro e Información Territorial,IGN