anio_acci,nro_acci,fecha,desc_dia,fecha_aprox,hora_aprox,desc_ruta,km,cant_participantes,desc_participante,calle_avenida_km,total,heridos_leves,heridos_graves,heridos_gravisimos,ilesos,fallecidos,sin_datos,posicion_XY,desc_tipo_via,desc_ruta_ori,desc_loc,desc_dpto,desc_tipo_calzada,desc_tipo_banquina,desc_unidad_regional,desc_lugar_calzada,desc_zona,desc_prioridad,desc_estado_semaforo,desc_lugar_via,desc_estado_via,desc_estado_visibilidad,desc_luminosidad,desc_estado_clima,desc_tipo_colision,desc_tipo_atropello,desc_tipo_hecho,desc_pres_calzada,desc_senializacion,desc_separacion_via,desc_restriccion,forma_geocod,calle_lista,numero_calles,calles_osm,lat,lon,index_right,gid,fna,gna,nam,in1,fdc,sag
2016,5146,2016-07-18,Lunes,0.0,10:20:00,,0.0,2,"Automóvil,Pickup/Utilitario",Av. Arijon Y Santiago,2,1,0,0,1,0,0,,Calle,,ROSARIO,Rosario,Asfalto,No existe,II,Dentro,Urbana,S/D,No existe,Intersección,S/D,Buena,Diurna,Buen Tiempo,Lateral,S/D,Colisión,S/D,S/D,S/D,S/D,POINT (-60.6676718 -33.0035862),"['Avenida Manuel Arijón', 'Santiago']",2,Avenida Manuel Arijón; Santiago,-33.0035862,-60.6676718,55.0,538.0,Municipio Rosario,Municipio,Rosario,820210,Servicio de Catastro e Información Territorial,IGN
2016,5149,2016-07-03,Domingo,0.0,15:00:00,,0.0,2,"Moto/Ciclomotor,Automóvil",Montevideo Y Larrea,2,1,0,0,1,0,0,,Calle,,ROSARIO,Rosario,Asfalto,S/D,II,Dentro,Urbana,S/D,S/D,Intersección,Bueno,Buena,Diurna,Buen Tiempo,Lateral,S/D,Colisión,S/D,S/D,S/D,S/D,POINT (-60.69698540000001 -32.947038899999995),"['Montevideo', 'Larrea']",2,Montevideo; Larrea,-32.947038899999995,-60.69698540000001,55.0,538.0,Municipio Rosario,Municipio,Rosario,820210,Servicio de Catastro e Información Territorial,IGN
2016,5150,2016-07-18,Lunes,0.0,19:13:00,,0.0,2,"Moto/Ciclomotor,Automóvil",Madre Cabrini Y Mariano Moreno,2,1,0,0,1,0,0,,Calle,,ROSARIO,Rosario,Asfalto,No existe,VI,Dentro,Urbana,S/D,No existe,Intersección,Bueno,Buena,Diurna,Buen Tiempo,Lateral,S/D,Colisión,S/D,S/D,S/D,S/D,POINT (-60.6618514 -33.005393899999994),"['Madre Cabrini', 'Mariano Moreno']",2,Madre Cabrini; Mariano Moreno,-33.005393899999994,-60.6618514,55.0,538.0,Municipio Rosario,Municipio,Rosario,820210,Servicio de Catastro e Información Territorial,IGN
2016,5153,2016-06-30,Jueves,0.0,10:30:00,,0.0,4,"Automóvil,Pickup/Utilitario,Automóvil,Transporte de Pasajeros Urbano (> 8 asientos)",Bv. Segui Y Bv. Avellaneda,5,3,0,0,2,0,0,,Avenida,,ROSARIO,Rosario,Asfalto,Pavimento,II,Dentro,Urbana,Semáforo,Funciona,Recta,Bueno,Buena,Diurna,Buen Tiempo,Múltiple,S/D,Colisión,S/D,Faltante,Ninguna,Sin restricción,POINT (-60.68735266249999 -32.9717476875),"['Bulevar Juan Francisco Seguí', 'Avellaneda']",2,Bulevar Juan Francisco Seguí; Bulevar Nicolás Avellaneda,-32.9717476875,-60.68735266249999,55.0,538.0,Municipio Rosario,Municipio,Rosario,820210,Servicio de Catastro e Información Territorial,IGN
2016,5154,2016-07-09,Sabado,0.0,17:25:00,,0.0,1,Moto/Ciclomotor,San Juan Y Liniers,2,1,0,0,1,0,0,,S/D,,ROSARIO,Rosario,Asfalto,S/D,II,Dentro,Urbana,S/D,S/D,Intersección,Bueno,Buena,Atardecer,Buen Tiempo,Lateral,S/D,Colisión,S/D,S/D,S/D,S/D,POINT (-60.69850040000001 -32.94073039999999),"['San Juan', 'Liniers']",2,San Juan; Liniers,-32.94073039999999,-60.69850040000001,55.0,538.0,Municipio Rosario,Municipio,Rosario,820210,Servicio de Catastro e Información Territorial,IGN
2016,5156,2016-07-10,Domingo,0.0,19:30:00,,0.0,2,"Automóvil,Automóvil",Av. Eva Peron Y Barra,3,1,0,0,2,0,0,,Avenida,,ROSARIO,Rosario,Asfalto,S/D,II,Dentro,Urbana,S/D,S/D,Recta,Bueno,Buena,Atardecer,Buen Tiempo,Frontal,S/D,Colisión,S/D,S/D,S/D,S/D,POINT (-60.70707305 -32.934056049999995),"['Avenida Eva Perón', 'Barra']",2,Avenida Eva Perón; Barraco,-32.934056049999995,-60.70707305,55.0,538.0,Municipio Rosario,Municipio,Rosario,820210,Servicio de Catastro e Información Territorial,IGN
2016,5160,2016-07-17,Domingo,0.0,1:00:00,,0.0,2,"Automóvil,Taxi/Remis",Barra Y Montevideo,2,1,0,0,1,0,0,,Calle,,ROSARIO,Rosario,Asfalto,S/D,II,S/D,Urbana,S/D,S/D,Intersección,Bueno,Buena,Nocturna,Buen Tiempo,Lateral,S/D,Colisión,S/D,S/D,S/D,S/D,POINT (-60.7064996 -32.9472934),"['Barra', 'Montevideo']",2,Barraco; Montevideo,-32.9472934,-60.7064996,55.0,538.0,Municipio Rosario,Municipio,Rosario,820210,Servicio de Catastro e Información Territorial,IGN
2016,5162,2016-07-21,Jueves,0.0,18:20:00,,0.0,2,"Bicicleta,Transporte de Pasajeros Urbano (> 8 asientos)",Sancho Panza Y Bv. Oroño,2,1,0,0,1,0,0,,Avenida,,ROSARIO,Rosario,Asfalto,S/D,VI,Dentro,Urbana,S/D,S/D,Recta,Bueno,S/D,Atardecer,S/D,S/D,Ciclista,Atropello,S/D,S/D,S/D,S/D,POINT (-60.665200049999996 -32.9988135),"['Sancho Panza', 'Bulevar Nicasio Oroño']",2,Sancho Panza; Bulevar Nicasio Oroño,-32.9988135,-60.66520005,55.0,538.0,Municipio Rosario,Municipio,Rosario,820210,Servicio de Catastro e Información Territorial,IGN
2016,5163,2016-07-21,Jueves,0.0,20:00:00,,0.0,2,"Bicicleta,Automóvil",Zuviria Y Barra,2,1,0,0,1,0,0,,Calle,,ROSARIO,Rosario,Asfalto,S/D,II,Dentro,Urbana,S/D,S/D,Intersección,Bueno,Buena,Atardecer,Buen Tiempo,S/D,S/D,Atropello,S/D,S/D,S/D,S/D,POINT (-60.7069519 -32.9367895),"['Zuviría', 'Barra']",2,Juez José María Zuviría; Barraco,-32.9367895,-60.7069519,55.0,538.0,Municipio Rosario,Municipio,Rosario,820210,Servicio de Catastro e Información Territorial,IGN
2016,5167,2016-07-08,Viernes,0.0,16:45:00,,0.0,2,"Automóvil,Moto/Ciclomotor",Pasco Y Iriondo,2,1,0,0,1,0,0,,S/D,,ROSARIO,Rosario,Asfalto,S/D,II,Dentro,Urbana,S/D,S/D,Recta,Bueno,Buena,Diurna,S/D,S/D,S/D,Colisión,S/D,S/D,S/D,S/D,POINT (-60.672931299999995 -32.95397839999999),"['Pasco', 'Iriondo']",2,Pasco; Iriondo,-32.95397839999999,-60.6729313,55.0,538.0,Municipio Rosario,Municipio,Rosario,820210,Servicio de Catastro e Información Territorial,IGN
2016,5170,2016-07-09,Sabado,0.0,11:40:00,,0.0,2,"Automóvil,Moto/Ciclomotor",Pasco Y Iriondo,2,0,1,0,1,0,0,,Calle,,ROSARIO,Rosario,Asfalto,S/D,II,S/D,Urbana,S/D,S/D,Recta,Bueno,Buena,Diurna,S/D,S/D,S/D,Colisión,S/D,S/D,S/D,S/D,POINT (-60.672931299999995 -32.95397839999999),"['Pasco', 'Iriondo']",2,Pasco; Iriondo,-32.95397839999999,-60.6729313,55.0,538.0,Municipio Rosario,Municipio,Rosario,820210,Servicio de Catastro e Información Territorial,IGN
2016,5171,2016-07-10,Domingo,0.0,18:50:00,,0.0,2,"Moto/Ciclomotor,Automóvil",Av. Ovidio Lagos 6600,3,1,0,0,2,0,0,,Avenida,,ROSARIO,Rosario,Asfalto,Pavimento,II,Dentro,Urbana,Ninguna,No existe,Recta,Bueno,Buena,Nocturna,Buen Tiempo,Lateral,S/D,Colisión,S/D,Horizontal,Cordón divisorio,Sin restricción,"-32.9700442, -60.668095",['Ovidio Lagos 6600'],1,Ovidio Lagos 6600,-32.9700442,-60.668095,55.0,538.0,Municipio Rosario,Municipio,Rosario,820210,Servicio de Catastro e Información Territorial,IGN
2016,5174,2016-07-20,Miercoles,0.0,20:50:00,,0.0,2,"Automóvil,Automóvil",Bv. Avellaneda 2700,3,0,0,0,1,0,2,,Avenida,,ROSARIO,Rosario,Asfalto,S/D,II,S/D,Urbana,S/D,S/D,Recta,Bueno,Buena,Diurna,S/D,S/D,S/D,Colisión,S/D,S/D,S/D,S/D,"-32.9613317, -60.6849662",['Avellaneda 2700'],1,Avellaneda 2700,-32.9613317,-60.6849662,55.0,538.0,Municipio Rosario,Municipio,Rosario,820210,Servicio de Catastro e Información Territorial,IGN
2016,5175,2016-07-27,Miercoles,0.0,17:00:00,,0.0,2,"Automóvil,Automóvil",Hilarion de la Quintana Y Av. Francia,2,1,0,0,1,0,0,,Avenida,,ROSARIO,Rosario,Asfalto,Pavimento,II,Dentro,Urbana,Semáforo,Funciona,Intersección,Bueno,Buena,Diurna,Buen Tiempo,Frontal,S/D,Colisión,Ninguna,Vertical,Cordón divisorio,Sin restricción,POINT (-60.6777043 -33.0017457),"['Hilarión de la Quintana', 'Avenida Francia']",2,Hilarión de la Quintana; Avenida Francia,-33.0017457,-60.6777043,55.0,538.0,Municipio Rosario,Municipio,Rosario,820210,Servicio de Catastro e Información Territorial,IGN
2016,5178,2016-07-30,Sabado,0.0,5:00:00,,0.0,2,"Moto/Ciclomotor,Transporte de Pasajeros Urbano (> 8 asientos)",Av. Circunvalacion Y Av. Ovidio Lagos,2,1,0,0,1,0,0,,Avenida,,ROSARIO,Rosario,Asfalto,Pavimento,II,Dentro,Urbana,Semáforo,Funciona,Intersección,Bueno,Buena,Nocturna,Buen Tiempo,Lateral,S/D,Colisión,Ninguna,Vertical,Cordón divisorio,S/D,POINT (-60.67699098957188 -33.00797177001669),"['Circunvalacion', 'Avenida Ovidio Lagos']",2,Avenida de Circunvalación 25 de Mayo; Avenida Ovidio Lagos,-33.00797177001669,-60.67699098957188,55.0,538.0,Municipio Rosario,Municipio,Rosario,820210,Servicio de Catastro e Información Territorial,IGN
2016,5180,2016-07-30,Sabado,0.0,11:50:00,,0.0,1,Moto/Ciclomotor,Av. Francia Y Av. Ntra.Sra.del Rosario,3,2,0,0,1,0,0,,Avenida,,ROSARIO,Rosario,Asfalto,Pavimento,II,Dentro,Urbana,Semáforo,Funciona,Intersección,Bueno,Buena,Diurna,Buen Tiempo,Frontal,S/D,Colisión,S/D,Vertical,Cordón divisorio,Sin restricción,POINT (-60.677752850000005 -33.000956450000004),"['Avenida Francia', 'Nuestra Señora del Rosario']",2,Avenida Francia; Puente Nuestra Señora del Rosario,-33.000956450000004,-60.677752850000005,55.0,538.0,Municipio Rosario,Municipio,Rosario,820210,Servicio de Catastro e Información Territorial,IGN
2016,5189,2016-07-27,Miercoles,0.0,14:17:00,,0.0,1,Transporte de Pasajeros Urbano (> 8 asientos),Av. Ovidio Lagos Y Av. Circunvalacion,2,1,0,0,1,0,0,,Avenida,,ROSARIO,Rosario,Asfalto,Pavimento,II,Dentro,Urbana,Semáforo,Funciona,Intersección,Bueno,Buena,Diurna,Buen Tiempo,S/D,S/D,Caída ocupante,Ninguna,Vertical,Cordón divisorio,Sin restricción,POINT (-60.67699098957188 -33.00797177001669),"['Avenida Ovidio Lagos', 'Circunvalacion']",2,Avenida Ovidio Lagos; Avenida de Circunvalación 25 de Mayo,-33.00797177001669,-60.67699098957188,55.0,538.0,Municipio Rosario,Municipio,Rosario,820210,Servicio de Catastro e Información Territorial,IGN
2016,5196,2016-07-29,Viernes,0.0,18:00:00,,0.0,2,"Automóvil,Moto/Ciclomotor",Bv. 27 De Febrero Y Cullen,2,2,0,0,0,0,0,,Avenida,,ROSARIO,Rosario,Asfalto,S/D,II,S/D,Urbana,S/D,No existe,Intersección,S/D,S/D,Atardecer,S/D,S/D,S/D,Colisión,S/D,S/D,Ninguna,S/D,POINT (-60.7083417 -32.95927025),"['27 de Febrero', 'Cullen']",2,Bulevar 27 de Febrero; Cullen,-32.95927025,-60.7083417,55.0,538.0,Municipio Rosario,Municipio,Rosario,820210,Servicio de Catastro e Información Territorial,IGN
2016,5199,2016-07-26,Martes,0.0,12:40:00,,0.0,2,"Automóvil,Automóvil",Av. Provincias Unidas ,4,2,0,0,0,0,2,,Calle,,ROSARIO,Rosario,S/D,S/D,II,S/D,Urbana,S/D,Intermitente,Intersección,S/D,S/D,Diurna,S/D,S/D,S/D,Colisión,S/D,S/D,Cordón divisorio,S/D,"-32.9083339, -60.7141843",['Avenida Provincias Unidas'],1,Avenida Provincias Unidas,-32.9083339,-60.7141843,55.0,538.0,Municipio Rosario,Municipio,Rosario,820210,Servicio de Catastro e Información Territorial,IGN
2016,5203,2016-07-23,Sabado,0.0,16:00:00,,0.0,2,"Automóvil,Moto/Ciclomotor",Av. Pte.Peron Y Av. Provincias Unidas,3,1,0,0,0,0,2,,Avenida,,ROSARIO,Rosario,Hormigón,No existe,II,S/D,Urbana,S/D,Funciona,Intersección,S/D,S/D,Diurna,S/D,S/D,S/D,Colisión,S/D,S/D,Cordón divisorio,S/D,POINT (-60.71146635 -32.9679676),"['Avenida Presidente Perón', 'Avenida Provincias Unidas']",2,Avenida Presidente Perón; Avenida Provincias Unidas,-32.9679676,-60.71146635,55.0,538.0,Municipio Rosario,Municipio,Rosario,820210,Servicio de Catastro e Información Territorial,IGN
2016,5208,2016-07-21,Jueves,0.0,15:10:00,,0.0,2,"Moto/Ciclomotor,Camión Chasis",Av. Circunvalacion Y Bv. 27 De Febrero,2,1,0,0,0,0,1,,Avenida,,ROSARIO,Rosario,Asfalto,Natural,II,Dentro,Urbana,Ninguna,Funciona,Intersección,Bueno,Buena,Diurna,Buen Tiempo,S/D,S/D,Colisión,Ninguna,S/D,Ninguna,Sin restricción,POINT (-60.7203755 -32.95957229999999),"['Circunvalacion', '27 de Febrero']",2,"('Juan Pablo II', 'Bulevar 27 de Febrero')",-32.95957229999999,-60.7203755,55.0,538.0,Municipio Rosario,Municipio,Rosario,820210,Servicio de Catastro e Información Territorial,IGN
2016,5210,2016-07-21,Jueves,0.0,,,0.0,2,"Automóvil,Automóvil",Santa Fe 7900,2,1,0,0,0,0,1,,Calle,,ROSARIO,Rosario,Asfalto,No existe,II,S/D,Urbana,Ninguna,No existe,Intersección,Con baches,S/D,S/D,S/D,S/D,S/D,Colisión,Agua,S/D,Cordón divisorio,S/D,"-32.9361558, -60.7319816",['Santa Fe 7900'],1,Santa Fe 7900,-32.9361558,-60.7319816,55.0,538.0,Municipio Rosario,Municipio,Rosario,820210,Servicio de Catastro e Información Territorial,IGN
2016,5259,2016-07-02,Sabado,0.0,22:00:00,,0.0,2,"Automóvil,Moto/Ciclomotor",Av. Circunvalacion Y Mendoza,4,2,0,0,2,0,0,,Calle,,ROSARIO,Rosario,Asfalto,Pavimento,II,Dentro,Urbana,Semáforo,No existe,S/D,Bueno,Buena,Nocturna,Buen Tiempo,Frontal,S/D,Colisión,S/D,Faltante,S/D,Sin restricción,POINT (-60.72253500134355 -32.94050844672854),"['Circunvalacion', 'Mendoza']",2,Avenida de Circunvalación 25 de Mayo; Mendoza,-32.94050844672854,-60.72253500134355,55.0,538.0,Municipio Rosario,Municipio,Rosario,820210,Servicio de Catastro e Información Territorial,IGN
2016,5260,2016-07-14,Jueves,0.0,17:00:00,,0.0,2,"Pickup/Utilitario,Moto/Ciclomotor",San Lorenzo Y Nicaragua,2,1,0,0,1,0,0,,Calle,,ROSARIO,Rosario,Asfalto,No existe,II,Dentro,Urbana,Ninguna,S/D,S/D,Bueno,Buena,Diurna,Buen Tiempo,Lateral,S/D,Colisión,S/D,Faltante,S/D,Sin restricción,POINT (-60.72100739999999 -32.93474749999999),"['San Lorenzo', 'Nicaragua']",2,San Lorenzo; Nicaragua,-32.93474749999999,-60.72100739999999,55.0,538.0,Municipio Rosario,Municipio,Rosario,820210,Servicio de Catastro e Información Territorial,IGN
2016,5261,2016-07-27,Miercoles,0.0,17:00:00,,0.0,2,"Peatón,Pickup/Utilitario",Bv. Wilde 805,2,1,0,0,1,0,0,,Calle,,ROSARIO,Rosario,Asfalto,No existe,II,Dentro,Urbana,Ninguna,No existe,Intersección,Bueno,Buena,Diurna,Buen Tiempo,Lateral,Peatón,Atropello,Ninguna,Faltante,S/D,Sin restricción,"-32.937703167346946, -60.738498065306125",['Wilde 805'],1,Wilde 805,-32.937703167346946,-60.738498065306125,55.0,538.0,Municipio Rosario,Municipio,Rosario,820210,Servicio de Catastro e Información Territorial,IGN
2016,5263,2016-07-09,Sabado,0.0,13:35:00,,0.0,2,"Peatón,Pickup/Utilitario",Pje. 1404 Bis 1500,3,1,0,0,2,0,0,,Calle,,ROSARIO,Rosario,Asfalto,Pavimento,II,Dentro,Urbana,Ninguna,No existe,Recta,Bueno,Buena,Diurna,Buen Tiempo,S/D,Peatón,Atropello,S/D,S/D,S/D,Sin restricción,"-32.9283834, -60.7041512",['Pasaje 1404 Bis 1500'],1,Pasaje 1404 Bis 1500,-32.9283834,-60.7041512,55.0,538.0,Municipio Rosario,Municipio,Rosario,820210,Servicio de Catastro e Información Territorial,IGN
2016,5490,2016-07-18,Lunes,0.0,15:00:00,,0.0,2,"Automóvil,Moto/Ciclomotor",Av. Pte.Peron Y Av. Circunvalacion,2,1,0,0,1,0,0,,Calle,,ROSARIO,Rosario,Hormigón,Pavimento,II,Dentro,Urbana,Semáforo,Funciona,Intersección,S/D,S/D,Diurna,S/D,S/D,S/D,Colisión,S/D,S/D,S/D,S/D,POINT (-60.71697254694366 -32.970708102842494),"['Avenida Presidente Perón', 'Circunvalacion']",2,Avenida Presidente Perón; Avenida de Circunvalación 25 de Mayo,-32.970708102842494,-60.71697254694366,55.0,538.0,Municipio Rosario,Municipio,Rosario,820210,Servicio de Catastro e Información Territorial,IGN
2016,5492,2016-07-06,Miercoles,0.0,8:20:00,,0.0,1,,Av. Pte.Peron Y Av. Circunvalacion,2,1,0,0,1,0,0,,Calle,,ROSARIO,Rosario,Asfalto,Natural,II,Dentro,Urbana,Ninguna,No existe,Intersección,Bueno,Buena,Diurna,Buen Tiempo,Lateral,S/D,Colisión,S/D,S/D,Cordón divisorio,Sin restricción,POINT (-60.71697254694366 -32.970708102842494),"['Avenida Presidente Perón', 'Circunvalacion']",2,Avenida Presidente Perón; Avenida de Circunvalación 25 de Mayo,-32.970708102842494,-60.71697254694366,55.0,538.0,Municipio Rosario,Municipio,Rosario,820210,Servicio de Catastro e Información Territorial,IGN
2016,5493,2016-07-06,Miercoles,0.0,8:20:00,,0.0,2,"Automóvil,Otros",Av. Pte.Peron Y Av. Circunvalacion,2,1,0,0,1,0,0,,Calle,,ROSARIO,Rosario,Asfalto,Natural,II,Dentro,Urbana,Ninguna,No existe,Intersección,Bueno,Buena,Diurna,Buen Tiempo,Lateral,S/D,Colisión,S/D,S/D,Cordón divisorio,Sin restricción,POINT (-60.71697254694366 -32.970708102842494),"['Avenida Presidente Perón', 'Circunvalacion']",2,Avenida Presidente Perón; Avenida de Circunvalación 25 de Mayo,-32.970708102842494,-60.71697254694366,55.0,538.0,Municipio Rosario,Municipio,Rosario,820210,Servicio de Catastro e Información Territorial,IGN
2016,5495,2016-07-04,Lunes,0.0,,,0.0,2,"Bicicleta,Pickup/Utilitario",Av. De Las Palmeras 3400,2,1,0,0,1,0,0,,Calle,,ROSARIO,Rosario,Asfalto,No existe,II,Dentro,Urbana,Ninguna,No existe,Recta,Bueno,Buena,Diurna,Buen Tiempo,S/D,Ciclista,Atropello,S/D,Faltante,Ninguna,Sin restricción,"-32.9561024, -60.7232914",['De Las Palmeras 3400'],1,De Las Palmeras 3400,-32.9561024,-60.7232914,55.0,538.0,Municipio Rosario,Municipio,Rosario,820210,Servicio de Catastro e Información Territorial,IGN
2016,5496,2016-07-29,Viernes,0.0,17:00:00,,0.0,2,"Moto/Ciclomotor,Automóvil",Alsina 2850,2,1,0,0,1,0,0,,Calle,,ROSARIO,Rosario,Asfalto,S/D,II,Dentro,Urbana,S/D,S/D,Recta,Bueno,Buena,Diurna,S/D,S/D,S/D,Colisión,S/D,S/D,S/D,S/D,"-32.96359895306122, -60.68254562653061",['Alsina 2850'],1,Alsina 2850,-32.96359895306122,-60.68254562653061,55.0,538.0,Municipio Rosario,Municipio,Rosario,820210,Servicio de Catastro e Información Territorial,IGN
2016,5520,2016-07-19,Martes,0.0,11:30:00,,0.0,2,"Moto/Ciclomotor,Automóvil",Solis Y Bv. 27 De Febrero,2,1,0,0,1,0,0,,Calle,,ROSARIO,Rosario,Asfalto,No existe,II,Dentro,Urbana,Ninguna,No existe,Intersección,S/D,Buena,Diurna,Otro,Lateral,S/D,Colisión,Ninguna,Faltante,Ninguna,Sin restricción,POINT (-60.702573750000006 -32.95912165),"['Solis', '27 de Febrero']",2,Juan Díaz de Solís; Bulevar 27 de Febrero,-32.95912165,-60.702573750000006,55.0,538.0,Municipio Rosario,Municipio,Rosario,820210,Servicio de Catastro e Información Territorial,IGN
2016,5521,2016-07-21,Jueves,0.0,21:00:00,,0.0,2,"Vehículo Oficial,Moto/Ciclomotor",Roullon Y Garay,3,2,0,0,1,0,0,,Calle,,ROSARIO,Rosario,Asfalto,No existe,II,Dentro,Urbana,Ninguna,No existe,Intersección,S/D,Buena,Nocturna,S/D,Lateral,S/D,Colisión,Ninguna,Faltante,Ninguna,Sin restricción,POINT (-60.70124534999999 -32.96601455),"['Alfredo Rouillón', 'Garay']",2,Alfredo Rouillón; Juan de Garay,-32.96601455,-60.70124534999999,55.0,538.0,Municipio Rosario,Municipio,Rosario,820210,Servicio de Catastro e Información Territorial,IGN
2016,5527,2016-07-01,Viernes,0.0,,,0.0,2,"Automóvil,Moto/Ciclomotor",J.J.Paso 7600,2,1,0,0,1,0,0,,Calle,,ROSARIO,Rosario,Asfalto,No existe,II,Dentro,Urbana,Semáforo,Funciona,Intersección,Bueno,Buena,Diurna,Buen Tiempo,Lateral,S/D,Colisión,S/D,S/D,Ninguna,Sin restricción,"-32.920522, -60.7255187",['Juan José Paso 7600'],1,Juan José Paso 7600,-32.920522,-60.7255187,55.0,538.0,Municipio Rosario,Municipio,Rosario,820210,Servicio de Catastro e Información Territorial,IGN
2016,5529,2016-07-01,Viernes,0.0,,,0.0,2,"Automóvil,Moto/Ciclomotor",Sarratea Bis Y Bv. Argentino,2,1,0,0,1,0,0,,Calle,,ROSARIO,Rosario,Asfalto,No existe,II,Dentro,Urbana,Ninguna,No existe,Intersección,Bueno,Buena,Diurna,Buen Tiempo,Lateral,S/D,Colisión,S/D,Faltante,Ninguna,Sin restricción,POINT (-60.74117369999999 -32.92451839999999),"['Sarratea', 'Argentino']",2,Sarratea; Avenida Central Argentino,-32.92451839999999,-60.74117369999999,55.0,538.0,Municipio Rosario,Municipio,Rosario,820210,Servicio de Catastro e Información Territorial,IGN
2016,5537,2016-07-15,Viernes,0.0,,,0.0,2,"Otros,Automóvil",Av. Circunvalacion Y J.J.Paso,2,1,0,0,1,0,0,,Calle,,ROSARIO,Rosario,Asfalto,No existe,II,Dentro,Urbana,Semáforo,Funciona,Intersección,Bueno,Buena,Diurna,Buen Tiempo,Lateral,S/D,Colisión,S/D,Vertical,Ninguna,Sin restricción,POINT (-60.723727529563504 -32.92055900258326),"['Circunvalacion', 'Paso']",2,Avenida de Circunvalación 25 de Mayo; Avenida Juan José Paso,-32.92055900258326,-60.723727529563504,55.0,538.0,Municipio Rosario,Municipio,Rosario,820210,Servicio de Catastro e Información Territorial,IGN
2016,5538,2016-07-20,Miercoles,0.0,,,0.0,2,"Automóvil,Moto/Ciclomotor",Gorriti Y Nicaragua,2,1,0,0,1,0,0,,Calle,,ROSARIO,Rosario,Asfalto,No existe,II,Dentro,Urbana,Ninguna,No existe,Intersección,Bueno,Buena,Diurna,Buen Tiempo,Lateral,S/D,Colisión,S/D,Faltante,Ninguna,Sin restricción,POINT (-60.72141229999999 -32.9245796),"['Gorriti', 'Nicaragua']",2,Gorriti; Nicaragua,-32.9245796,-60.72141229999999,55.0,538.0,Municipio Rosario,Municipio,Rosario,820210,Servicio de Catastro e Información Territorial,IGN
2016,5542,2016-07-14,Jueves,0.0,19:00:00,,0.0,2,"Otros,Moto/Ciclomotor",Matienzo Y Gaboto,2,1,0,0,1,0,0,,Calle,,ROSARIO,Rosario,Asfalto,S/D,II,Dentro,Urbana,Ninguna,S/D,Intersección,Con baches,S/D,Diurna,Buen Tiempo,S/D,S/D,Colisión,S/D,Faltante,Ninguna,Sin restricción,POINT (-60.6937255 -32.964639600000005),"['Matienzo', 'Gaboto']",2,Benjamín Matienzo; Gaboto,-32.964639600000005,-60.6937255,55.0,538.0,Municipio Rosario,Municipio,Rosario,820210,Servicio de Catastro e Información Territorial,IGN
2016,5598,2016-08-10,Miercoles,0.0,21:10:00,,0.0,2,"Automóvil,Automóvil",Paraguay 6000,7,3,0,0,4,0,0,,Calle,,ROSARIO,Rosario,Asfalto,No existe,II,Dentro,Urbana,Ninguna,No existe,Recta,Deteriorada,Reducida,Nocturna,S/D,S/D,S/D,Colisión,S/D,Horizontal,Ninguna,Sin restricción,"-33.0000338, -60.654827",['Paraguay 6000'],1,Paraguay 6000,-33.0000338,-60.654827,55.0,538.0,Municipio Rosario,Municipio,Rosario,820210,Servicio de Catastro e Información Territorial,IGN
2016,5600,2016-08-11,Jueves,0.0,16:20:00,,0.0,2,"Otros,Bicicleta",Laprida Y Centenario,2,0,1,0,1,0,0,,Calle,,ROSARIO,Rosario,Asfalto,No existe,II,Dentro,Urbana,Ninguna,No existe,Recta,Bueno,Buena,Diurna,S/D,S/D,Ciclista,Atropello,S/D,Horizontal,Ninguna,Sin restricción,POINT (-60.646947100000006 -33.00418769999999),"['Laprida', 'Centenario']",2,Francisco Narciso Laprida; Avenida Centenario Rosario Central,-33.00418769999999,-60.646947100000006,55.0,538.0,Municipio Rosario,Municipio,Rosario,820210,Servicio de Catastro e Información Territorial,IGN
2016,5602,2016-08-13,Sabado,0.0,8:55:00,,0.0,2,"Moto/Ciclomotor,Automóvil",Melincue Y Lainez,2,1,0,0,1,0,0,,Calle,,ROSARIO,Rosario,Asfalto,No existe,II,Dentro,Urbana,Ninguna,No existe,Recta,Bueno,Buena,Diurna,Buen Tiempo,S/D,S/D,Colisión,S/D,Horizontal,Ninguna,Sin restricción,POINT (-60.6477713 -33.00527159999999),"['Melincué', 'Láinez']",2,Melincué; Láinez,-33.00527159999999,-60.6477713,55.0,538.0,Municipio Rosario,Municipio,Rosario,820210,Servicio de Catastro e Información Territorial,IGN
2016,5605,2016-08-18,Jueves,0.0,10:05:00,,0.0,2,"Moto/Ciclomotor,Automóvil",Paraguay Y Madre Cabrini,2,1,0,0,1,0,0,,Calle,,ROSARIO,Rosario,Asfalto,S/D,II,Dentro,Urbana,Ninguna,No existe,Recta,Bueno,Buena,Diurna,S/D,S/D,S/D,Colisión,S/D,Horizontal,Ninguna,Sin restricción,POINT (-60.6546161 -33.005179899999995),"['Paraguay', 'Madre Cabrini']",2,Paraguay; Madre Cabrini,-33.005179899999995,-60.6546161,55.0,538.0,Municipio Rosario,Municipio,Rosario,820210,Servicio de Catastro e Información Territorial,IGN