anio_acci,nro_acci,fecha,desc_dia,fecha_aprox,hora_aprox,desc_ruta,km,cant_participantes,desc_participante,calle_avenida_km,total,heridos_leves,heridos_graves,heridos_gravisimos,ilesos,fallecidos,sin_datos,posicion_XY,desc_tipo_via,desc_ruta_ori,desc_loc,desc_dpto,desc_tipo_calzada,desc_tipo_banquina,desc_unidad_regional,desc_lugar_calzada,desc_zona,desc_prioridad,desc_estado_semaforo,desc_lugar_via,desc_estado_via,desc_estado_visibilidad,desc_luminosidad,desc_estado_clima,desc_tipo_colision,desc_tipo_atropello,desc_tipo_hecho,desc_pres_calzada,desc_senializacion,desc_separacion_via,desc_restriccion,forma_geocod,calle_lista,numero_calles,calles_osm,lat,lon,index_right,gid,fna,gna,nam,in1,fdc,sag
2016,5607,2016-08-23,Martes,0.0,7:50:00,,0.0,2,"Peatón,Automóvil",Av. Bermudez Y Av. Battle y Ordoñez,2,1,0,0,1,0,0,,Calle,,ROSARIO,Rosario,Asfalto,No existe,II,Dentro,Urbana,Ninguna,No existe,Recta,Bueno,Buena,Diurna,Buen Tiempo,S/D,Peatón,Atropello,S/D,Horizontal,Línea divisoria pintada,Sin restricción,POINT (-60.642303600000005 -33.00874819999999),"['Bermudez', 'Avenida Battle y Ordoñez']",2,Avenida José Bermúdez; Avenida Battle y Ordoñez,-33.00874819999999,-60.642303600000005,55.0,538.0,Municipio Rosario,Municipio,Rosario,820210,Servicio de Catastro e Información Territorial,IGN
2016,5609,2016-08-16,Martes,0.0,18:00:00,,0.0,2,"Automóvil,Transporte de Pasajeros Urbano (> 8 asientos)",Crespo Y Sanchez de Bustamante,2,1,0,0,1,0,0,,Calle,,ROSARIO,Rosario,Asfalto,Pavimento,II,Dentro,Urbana,Ninguna,No existe,Intersección,Bueno,Buena,Diurna,Buen Tiempo,Lateral,S/D,Colisión,S/D,Faltante,Ninguna,Sin restricción,POINT (-60.68053739999999 -33.002910699999994),"['Crespo', 'Sánchez de Bustamante']",2,Crespo; Sánchez de Bustamante,-33.002910699999994,-60.68053739999999,55.0,538.0,Municipio Rosario,Municipio,Rosario,820210,Servicio de Catastro e Información Territorial,IGN
2016,5612,2016-08-10,Miercoles,0.0,14:30:00,,0.0,2,"Automóvil,Automóvil",Av. Ovidio Lagos Y Madre Cabrini,2,1,0,0,1,0,0,,Calle,,ROSARIO,Rosario,Asfalto,Pavimento,II,Dentro,Urbana,Semáforo,Funciona,Intersección,Bueno,Buena,Diurna,Buen Tiempo,De alcance,S/D,Colisión,S/D,Vertical,Cordón divisorio,Sin restricción,POINT (-60.6765712 -33.00587025),"['Avenida Ovidio Lagos', 'Madre Cabrini']",2,Avenida Ovidio Lagos; Madre Cabrini,-33.00587025,-60.6765712,55.0,538.0,Municipio Rosario,Municipio,Rosario,820210,Servicio de Catastro e Información Territorial,IGN
2016,5614,2016-08-18,Jueves,0.0,8:20:00,,0.0,2,"Moto/Ciclomotor,Automóvil",Av. Ovidio Lagos Y Av. Battle y Ordoñez,2,1,0,0,1,0,0,,Calle,,ROSARIO,Rosario,Asfalto,Pavimento,II,Dentro,Urbana,Semáforo,Funciona,Intersección,Bueno,Buena,Diurna,Buen Tiempo,Lateral,S/D,Colisión,S/D,Vertical,Cordón divisorio,Sin restricción,POINT (-60.677360275 -33.009728399999986),"['Avenida Ovidio Lagos', 'Avenida Battle y Ordoñez']",2,Avenida Ovidio Lagos; Avenida Battle y Ordoñez,-33.009728399999986,-60.677360275,55.0,538.0,Municipio Rosario,Municipio,Rosario,820210,Servicio de Catastro e Información Territorial,IGN
2016,5616,2016-08-19,Viernes,0.0,14:15:00,,0.0,2,"Moto/Ciclomotor,Automóvil",Av. Avellaneda B Y Av. Circunvalacion,2,1,0,0,1,0,0,,Calle,,ROSARIO,Rosario,Asfalto,Pavimento,II,Dentro,Urbana,Ninguna,No existe,Puente,Con baches,Buena,Diurna,Buen Tiempo,Lateral,S/D,Colisión,S/D,Faltante,Cordón divisorio,Sin restricción,POINT (-60.68941966610684 -33.00080705152485),"['Avellaneda', 'Circunvalacion']",2,Bulevar Nicolás Avellaneda; Avenida de Circunvalación 25 de Mayo,-33.00080705152485,-60.68941966610684,55.0,538.0,Municipio Rosario,Municipio,Rosario,820210,Servicio de Catastro e Información Territorial,IGN
2016,5618,2016-08-21,Domingo,0.0,6:45:00,,0.0,2,"Moto/Ciclomotor,Moto/Ciclomotor",Av. Ovidio Lagos 6700,2,1,0,0,1,0,0,,Calle,,ROSARIO,Rosario,Asfalto,Pavimento,II,Dentro,Urbana,Ninguna,No existe,Recta,Bueno,Buena,Diurna,Buen Tiempo,Lateral,S/D,Colisión,S/D,Faltante,Ninguna,Sin restricción,"-32.9700442, -60.668095",['Ovidio Lagos 6700'],1,Ovidio Lagos 6700,-32.9700442,-60.668095,55.0,538.0,Municipio Rosario,Municipio,Rosario,820210,Servicio de Catastro e Información Territorial,IGN
2016,5624,2016-08-13,Sabado,0.0,23:50:00,,0.0,2,"Automóvil,Automóvil",Bv. Oroño Y Av. Arijon,4,2,0,0,2,0,0,,Calle,,ROSARIO,Rosario,Asfalto,S/D,II,Dentro,Urbana,Semáforo,Funciona,Intersección,Bueno,Buena,"Nocturna,Con luz artificial",Buen Tiempo,Lateral,S/D,Colisión,S/D,Vertical,Cordón divisorio,Sin restricción,POINT (-60.6650193 -33.003540599999994),"['Bulevar Nicasio Oroño', 'Avenida Manuel Arijón']",2,Bulevar Nicasio Oroño; Avenida Manuel Arijón,-33.003540599999994,-60.6650193,55.0,538.0,Municipio Rosario,Municipio,Rosario,820210,Servicio de Catastro e Información Territorial,IGN
2016,5630,2016-08-16,Martes,0.0,8:00:00,,0.0,2,"Bicicleta,Moto/Ciclomotor",Pueyrredon Y Cazadores,2,1,0,0,1,0,0,,Calle,,ROSARIO,Rosario,Asfalto,No existe,II,Dentro,Urbana,Ninguna,No existe,Intersección,Bueno,Buena,Diurna,Buen Tiempo,S/D,Ciclista,Atropello,S/D,Faltante,Ninguna,Sin restricción,POINT (-60.6690821 -33.004630999999996),"['Pueyrredón', 'Cazadores']",2,Pueyrredón; Cazadores,-33.004631,-60.6690821,55.0,538.0,Municipio Rosario,Municipio,Rosario,820210,Servicio de Catastro e Información Territorial,IGN
2016,5633,2016-08-17,Miercoles,0.0,8:45:00,,0.0,2,"Moto/Ciclomotor,Automóvil",Av. Arijon Y Balcarce,2,1,0,0,1,0,0,,Calle,,ROSARIO,Rosario,Asfalto,No existe,II,Dentro,Urbana,Señal Pare,No existe,Intersección,Bueno,Buena,Diurna,Buen Tiempo,Lateral,S/D,Colisión,S/D,Vertical,Ninguna,Sin restricción,POINT (-60.6633107 -33.00349020000001),"['Avenida Manuel Arijón', 'Balcarce']",2,Avenida Manuel Arijón; Balcarce,-33.00349020000001,-60.6633107,55.0,538.0,Municipio Rosario,Municipio,Rosario,820210,Servicio de Catastro e Información Territorial,IGN
2016,5635,2016-08-11,Jueves,0.0,16:50:00,,0.0,2,"Peatón,Automóvil",Bv. Segui Y Suipacha,2,1,0,0,1,0,0,,Calle,,ROSARIO,Rosario,Asfalto,No existe,II,Dentro,Urbana,Ninguna,No existe,Recta,Bueno,Buena,Atardecer,Buen Tiempo,S/D,Peatón,Atropello,S/D,Faltante,Ninguna,Sin restricción,POINT (-60.6724039 -32.974430325),"['Bulevar Juan Francisco Seguí', 'Suipacha']",2,Bulevar Juan Francisco Seguí; Suipacha,-32.974430325,-60.6724039,55.0,538.0,Municipio Rosario,Municipio,Rosario,820210,Servicio de Catastro e Información Territorial,IGN
2016,5638,2016-08-15,Lunes,0.0,17:50:00,,0.0,2,"Moto/Ciclomotor,Moto/Ciclomotor",Av. Uriburu Y Nahuel Huapi,3,3,0,0,0,0,0,,Calle,,ROSARIO,Rosario,Asfalto,Pavimento,II,Dentro,Urbana,Ninguna,No existe,Intersección,Bueno,Buena,Atardecer,Buen Tiempo,Lateral,S/D,Colisión,S/D,Faltante,Vegetación,Sin restricción,POINT (-60.68487175 -32.991838599999994),"['Uriburu', 'Nahuel Huapi']",2,Avenida José Uriburu; Nahuel Huapi,-32.991838599999994,-60.68487175,55.0,538.0,Municipio Rosario,Municipio,Rosario,820210,Servicio de Catastro e Información Territorial,IGN
2016,5641,2016-08-15,Lunes,0.0,17:45:00,,0.0,2,"Moto/Ciclomotor,Peatón",Gaboto Y Vera Mujica,2,1,0,0,1,0,0,,Calle,,ROSARIO,Rosario,Asfalto,No existe,II,Dentro,Urbana,Ninguna,No existe,Recta,Bueno,Buena,Atardecer,Buen Tiempo,S/D,Peatón,Atropello,S/D,S/D,Ninguna,Sin restricción,POINT (-60.6737108 -32.9682305),"['Gaboto', 'Vera Mujíca']",2,Gaboto; Vera Mujíca,-32.9682305,-60.6737108,55.0,538.0,Municipio Rosario,Municipio,Rosario,820210,Servicio de Catastro e Información Territorial,IGN
2016,5643,2016-08-31,Miercoles,0.0,16:25:00,,0.0,2,"Moto/Ciclomotor,Automóvil",Centeno Y Constitucion,4,2,0,0,2,0,0,,Calle,,ROSARIO,Rosario,Asfalto,No existe,II,Dentro,Urbana,Ninguna,No existe,Intersección,Bueno,Buena,Atardecer,Buen Tiempo,Lateral,S/D,Colisión,S/D,S/D,Ninguna,Sin restricción,POINT (-60.683378299999994 -32.97845790000001),"['Centeno', 'Constitución']",2,Coronel Centeno; Constitución,-32.97845790000001,-60.6833783,55.0,538.0,Municipio Rosario,Municipio,Rosario,820210,Servicio de Catastro e Información Territorial,IGN
2016,5646,2016-08-31,Miercoles,0.0,12:10:00,,0.0,2,"Automóvil,Automóvil",Av. Francia Y Dean Funes,3,2,0,0,1,0,0,,Calle,,ROSARIO,Rosario,Asfalto,No existe,II,Dentro,Urbana,Ninguna,No existe,Intersección,Bueno,Buena,Diurna,Buen Tiempo,Lateral,S/D,Colisión,S/D,S/D,Vegetación,Sin restricción,POINT (-60.672891 -32.9707371),"['Avenida Francia', 'Deán Gregorio Funes']",2,Avenida Francia; Deán Gregorio Funes,-32.9707371,-60.672891,55.0,538.0,Municipio Rosario,Municipio,Rosario,820210,Servicio de Catastro e Información Territorial,IGN
2016,5652,2016-08-01,Lunes,0.0,14:00:00,,0.0,2,"Pickup/Utilitario,Automóvil",Fragata Sarmiento Y Av. Ovidio Lagos,3,1,0,0,2,0,0,,Calle,,ROSARIO,Rosario,Asfalto,Pavimento,II,Dentro,Urbana,Semáforo,Funciona,Recta,Bueno,Buena,Diurna,Buen Tiempo,S/D,S/D,Colisión,S/D,Vertical,Cordón divisorio,Sin restricción,POINT (-60.67272365 -32.98877755000001),"['Fragata Sarmiento', 'Avenida Ovidio Lagos']",2,Fragata Sarmiento; Avenida Ovidio Lagos,-32.98877755000001,-60.67272365,55.0,538.0,Municipio Rosario,Municipio,Rosario,820210,Servicio de Catastro e Información Territorial,IGN
2016,5654,2016-08-17,Miercoles,0.0,16:30:00,,0.0,2,"Automóvil,Moto/Ciclomotor",Av. Francia 3600,2,1,0,0,1,0,0,,Calle,,ROSARIO,Rosario,Asfalto,Pavimento,II,Dentro,Urbana,Semáforo,Funciona,Recta,Bueno,Buena,Diurna,Buen Tiempo,De alcance,S/D,Colisión,S/D,Vertical,Cordón divisorio,Sin restricción,"-32.9739226, -60.6739343",['Francia 3600'],1,Francia 3600,-32.9739226,-60.6739343,55.0,538.0,Municipio Rosario,Municipio,Rosario,820210,Servicio de Catastro e Información Territorial,IGN
2016,5657,2016-08-27,Sabado,0.0,20:00:00,,0.0,2,"Moto/Ciclomotor,Otros",Riobamba Y Dorrego,2,1,0,0,1,0,0,,Calle,,ROSARIO,Rosario,S/D,No existe,II,Dentro,Urbana,Ninguna,No existe,Intersección,Bueno,Buena,"Nocturna,Con luz artificial",Buen Tiempo,Lateral,S/D,Colisión,S/D,Faltante,Ninguna,S/D,POINT (-60.6533864 -32.961053199999995),"['Riobamba', 'Dorrego']",2,Riobamba; Manuel Dorrego,-32.961053199999995,-60.6533864,55.0,538.0,Municipio Rosario,Municipio,Rosario,820210,Servicio de Catastro e Información Territorial,IGN
2016,5663,2016-08-27,Sabado,0.0,11:15:00,,0.0,2,"Peatón,Automóvil",Alsina 800,2,1,0,0,1,0,0,,Calle,,ROSARIO,Rosario,Asfalto,S/D,II,Dentro,Urbana,S/D,S/D,S/D,Bueno,S/D,Diurna,S/D,S/D,Peatón,Atropello,S/D,S/D,S/D,Sin restricción,"-32.9393796, -60.6763969",['Alsina 800'],1,Alsina 800,-32.9393796,-60.6763969,55.0,538.0,Municipio Rosario,Municipio,Rosario,820210,Servicio de Catastro e Información Territorial,IGN
2016,5665,2016-08-26,Viernes,0.0,11:30:00,,0.0,2,"Otros,Peatón",Cordoba Y Alsina,2,0,1,0,1,0,0,,Calle,,ROSARIO,Rosario,S/D,S/D,II,Dentro,Urbana,S/D,S/D,S/D,S/D,Buena,Diurna,S/D,S/D,Peatón,Atropello,S/D,S/D,S/D,Sin restricción,POINT (-60.676385200000006 -32.9395798),"['Córdoba', 'Alsina']",2,Córdoba; Alsina,-32.9395798,-60.676385200000006,55.0,538.0,Municipio Rosario,Municipio,Rosario,820210,Servicio de Catastro e Información Territorial,IGN
2016,5667,2016-08-25,Jueves,0.0,12:00:00,,0.0,2,"Peatón,Moto/Ciclomotor",Mendoza 4200,2,1,0,0,1,0,0,,Calle,,ROSARIO,Rosario,Asfalto,S/D,II,Dentro,Urbana,S/D,S/D,S/D,S/D,S/D,Diurna,S/D,S/D,Peatón,Atropello,S/D,S/D,S/D,S/D,"-32.9439502, -60.6815972",['Mendoza 4200'],1,Mendoza 4200,-32.9439502,-60.6815972,55.0,538.0,Municipio Rosario,Municipio,Rosario,820210,Servicio de Catastro e Información Territorial,IGN
2016,5670,2016-08-25,Jueves,0.0,10:30:00,,0.0,2,"Automóvil,Moto/Ciclomotor",Lavalle Y E.Zeballos,3,2,0,0,1,0,0,,Calle,,ROSARIO,Rosario,Asfalto,S/D,II,Dentro,Urbana,S/D,S/D,S/D,S/D,S/D,Diurna,S/D,S/D,S/D,Colisión,S/D,S/D,S/D,Sin restricción,POINT (-60.6799243 -32.94792209999999),"['Lavalle', 'Zeballos']",2,Lavalle; Zeballos,-32.94792209999999,-60.6799243,55.0,538.0,Municipio Rosario,Municipio,Rosario,820210,Servicio de Catastro e Información Territorial,IGN
2016,5675,2016-08-19,Viernes,0.0,17:30:00,,0.0,2,"Automóvil,Pickup/Utilitario",Callao 700,2,1,0,0,1,0,0,,Calle,,ROSARIO,Rosario,Asfalto,S/D,II,Dentro,Urbana,S/D,S/D,S/D,S/D,Buena,Diurna,Buen Tiempo,S/D,S/D,Colisión,S/D,S/D,S/D,S/D,"-32.9409927, -60.6597977",['Callao 700'],1,Callao 700,-32.9409927,-60.6597977,55.0,538.0,Municipio Rosario,Municipio,Rosario,820210,Servicio de Catastro e Información Territorial,IGN
2016,5677,2016-08-17,Miercoles,0.0,10:30:00,,0.0,2,"Moto/Ciclomotor,Taxi/Remis",Cordoba Y Av. Avellaneda B,2,1,0,0,1,0,0,,Calle,,ROSARIO,Rosario,Asfalto,S/D,II,Dentro,Urbana,S/D,S/D,S/D,S/D,Buena,Diurna,S/D,S/D,S/D,Colisión,S/D,S/D,S/D,S/D,POINT (-60.67916835 -32.939088049999995),"['Córdoba', 'Avellaneda']",2,Córdoba; Bulevar Nicolás Avellaneda,-32.939088049999995,-60.67916835,55.0,538.0,Municipio Rosario,Municipio,Rosario,820210,Servicio de Catastro e Información Territorial,IGN
2016,5679,2016-08-12,Viernes,0.0,16:00:00,,0.0,2,"Moto/Ciclomotor,Automóvil",San Luis Y Ricchieri,2,1,0,0,1,0,0,,Calle,,ROSARIO,Rosario,Asfalto,S/D,II,Dentro,Urbana,S/D,S/D,S/D,S/D,S/D,Diurna,S/D,S/D,S/D,Colisión,S/D,S/D,S/D,S/D,POINT (-60.6635007 -32.944650300000006),"['San Luis', 'Ricchieri']",2,San Luis; Ricchieri,-32.944650300000006,-60.6635007,55.0,538.0,Municipio Rosario,Municipio,Rosario,820210,Servicio de Catastro e Información Territorial,IGN
2016,5682,2016-08-12,Viernes,0.0,11:20:00,,0.0,2,"Automóvil,Moto/Ciclomotor",San Luis Y Rio De Janeiro,3,1,0,0,2,0,0,,Calle,,ROSARIO,Rosario,Asfalto,S/D,II,Dentro,Urbana,S/D,S/D,Intersección,Bueno,S/D,Diurna,S/D,S/D,S/D,Colisión,S/D,S/D,S/D,S/D,POINT (-60.6811681 -32.94147730000001),"['San Luis', 'Río de Janeiro']",2,San Luis; Río de Janeiro,-32.94147730000001,-60.6811681,55.0,538.0,Municipio Rosario,Municipio,Rosario,820210,Servicio de Catastro e Información Territorial,IGN
2016,5773,2016-08-12,Viernes,0.0,10:00:00,,0.0,2,"Pickup/Utilitario,Moto/Ciclomotor",E.Zeballos Y Rio De Janeiro,3,2,0,0,1,0,0,,Calle,,ROSARIO,Rosario,Asfalto,S/D,II,Dentro,Urbana,S/D,S/D,Intersección,S/D,S/D,Diurna,S/D,S/D,S/D,Colisión,S/D,S/D,S/D,S/D,POINT (-60.6826714 -32.9474392),"['Zeballos', 'Río de Janeiro']",2,Zeballos; Río de Janeiro,-32.9474392,-60.6826714,55.0,538.0,Municipio Rosario,Municipio,Rosario,820210,Servicio de Catastro e Información Territorial,IGN
2016,5775,2016-08-12,Viernes,0.0,6:10:00,,0.0,2,"Automóvil,Automóvil",Gutenberg Y Av. Eva Peron,3,1,0,0,2,0,0,,Calle,,ROSARIO,Rosario,Asfalto,S/D,II,Dentro,Urbana,S/D,S/D,Intersección,S/D,S/D,S/D,S/D,S/D,S/D,Colisión,S/D,S/D,S/D,S/D,POINT (-60.6872674 -32.93762519999999),"['Gutenberg', 'Avenida Eva Perón']",2,Gutenberg; Avenida Eva Perón,-32.93762519999999,-60.6872674,55.0,538.0,Municipio Rosario,Municipio,Rosario,820210,Servicio de Catastro e Información Territorial,IGN
2016,5778,2016-08-11,Jueves,0.0,13:15:00,,0.0,2,"Transporte de Pasajeros Urbano (> 8 asientos),Automóvil",Rodriguez Y San Luis,2,1,0,0,1,0,0,,Calle,,ROSARIO,Rosario,Asfalto,S/D,II,Dentro,Urbana,S/D,S/D,Intersección,S/D,Buena,Diurna,S/D,S/D,S/D,Colisión,S/D,S/D,S/D,S/D,POINT (-60.6593596 -32.9453712),"['Rodríguez', 'San Luis']",2,Rodríguez de Escobedo; San Luis,-32.9453712,-60.6593596,55.0,538.0,Municipio Rosario,Municipio,Rosario,820210,Servicio de Catastro e Información Territorial,IGN
2016,5780,2016-08-04,Jueves,0.0,11:30:00,,0.0,2,"Automóvil,Moto/Ciclomotor",Av. Pellegrini Y Gutenberg,3,1,0,0,2,0,0,,Calle,,ROSARIO,Rosario,Asfalto,S/D,II,Dentro,Urbana,S/D,S/D,Intersección,S/D,S/D,Diurna,S/D,S/D,S/D,Colisión,S/D,S/D,S/D,S/D,POINT (-60.690030349999994 -32.94847924999999),"['Pellegrini', 'Gutenberg']",2,Avenida Carlos Pellegrini; Gutenberg,-32.94847924999999,-60.69003035,55.0,538.0,Municipio Rosario,Municipio,Rosario,820210,Servicio de Catastro e Información Territorial,IGN
2016,5781,2016-08-06,Sabado,0.0,,,0.0,2,"Automóvil,Moto/Ciclomotor",Av. Ovidio Lagos Y Rioja,3,2,0,0,1,0,0,,Calle,,ROSARIO,Rosario,Asfalto,S/D,II,Dentro,Urbana,S/D,S/D,Intersección,S/D,S/D,S/D,S/D,S/D,S/D,Colisión,S/D,S/D,S/D,S/D,POINT (-60.661744600000006 -32.943415499999986),"['Avenida Ovidio Lagos', 'Rioja']",2,Avenida Ovidio Lagos; Rioja,-32.943415499999986,-60.661744600000006,55.0,538.0,Municipio Rosario,Municipio,Rosario,820210,Servicio de Catastro e Información Territorial,IGN
2016,5782,2016-08-04,Jueves,0.0,19:00:00,,0.0,2,"Automóvil,Moto/Ciclomotor",Carriego Y E.Zeballos,3,1,0,0,2,0,0,,Calle,,ROSARIO,Rosario,Asfalto,S/D,II,Dentro,Urbana,S/D,S/D,Intersección,S/D,S/D,Atardecer,S/D,S/D,S/D,Colisión,S/D,S/D,S/D,S/D,POINT (-60.69082149999999 -32.94595019999999),"['Carriego', 'Zeballos']",2,Carriego; Zeballos,-32.94595019999999,-60.69082149999999,55.0,538.0,Municipio Rosario,Municipio,Rosario,820210,Servicio de Catastro e Información Territorial,IGN
2016,5783,2016-08-03,Miercoles,0.0,18:00:00,,0.0,2,"Automóvil,Moto/Ciclomotor",Marcos Paz Y Valparaiso,2,1,0,0,1,0,0,,Calle,,ROSARIO,Rosario,Asfalto,S/D,II,Dentro,Urbana,S/D,S/D,Intersección,S/D,S/D,Diurna,S/D,S/D,S/D,Colisión,S/D,S/D,S/D,S/D,POINT (-60.68294689999999 -32.94305709999999),"['Marcos Paz', 'Valparaíso']",2,Marcos Paz; Valparaíso,-32.94305709999999,-60.68294689999999,55.0,538.0,Municipio Rosario,Municipio,Rosario,820210,Servicio de Catastro e Información Territorial,IGN
2016,5784,2016-08-02,Martes,0.0,11:00:00,,0.0,2,"Automóvil,Bicicleta",Mendoza Y Alsina,4,1,0,0,3,0,0,,Calle,,ROSARIO,Rosario,Asfalto,S/D,II,Dentro,Urbana,S/D,S/D,Intersección,S/D,S/D,Diurna,S/D,S/D,Ciclista,Atropello,S/D,S/D,S/D,S/D,POINT (-60.67769160000001 -32.94473060000001),"['Mendoza', 'Alsina']",2,Mendoza; Alsina,-32.94473060000001,-60.67769160000001,55.0,538.0,Municipio Rosario,Municipio,Rosario,820210,Servicio de Catastro e Información Territorial,IGN
2016,5798,2016-08-16,Martes,0.0,10:30:00,,0.0,2,"Pickup/Utilitario,Moto/Ciclomotor",Av. Pellegrini Y Rio De Janeiro,2,1,0,0,1,0,0,,Avenida,,ROSARIO,Rosario,Asfalto,S/D,II,Dentro,Urbana,S/D,S/D,Intersección,S/D,S/D,Diurna,S/D,S/D,S/D,Colisión,S/D,S/D,S/D,S/D,POINT (-60.6832499 -32.949701950000005),"['Pellegrini', 'Río de Janeiro']",2,Avenida Carlos Pellegrini; Río de Janeiro,-32.949701950000005,-60.6832499,55.0,538.0,Municipio Rosario,Municipio,Rosario,820210,Servicio de Catastro e Información Territorial,IGN
2016,5799,2016-08-16,Martes,0.0,12:08:00,,0.0,2,"Pickup/Utilitario,Automóvil",Rio De Janeiro Y E.Zeballos,2,1,0,0,1,0,0,,Calle,,ROSARIO,Rosario,Asfalto,S/D,II,Dentro,Urbana,S/D,S/D,Intersección,S/D,S/D,Diurna,S/D,S/D,S/D,Colisión,S/D,S/D,S/D,S/D,POINT (-60.6826714 -32.9474392),"['Río de Janeiro', 'Zeballos']",2,Río de Janeiro; Zeballos,-32.9474392,-60.6826714,55.0,538.0,Municipio Rosario,Municipio,Rosario,820210,Servicio de Catastro e Información Territorial,IGN
2016,5801,2016-08-03,Miercoles,0.0,16:30:00,,0.0,2,"Peatón,Bicicleta",Entre Rios Y Pje. Ricardone,2,1,0,0,1,0,0,,Calle,,ROSARIO,Rosario,Asfalto,Pavimento,II,Dentro,Urbana,Ninguna,No existe,Recta,Bueno,Buena,Diurna,Buen Tiempo,S/D,Peatón,Atropello,Ninguna,S/D,Cordón divisorio,Sin restricción,POINT (-60.641359300000005 -32.94770249999999),"['Entre Ríos', 'Ricardone']",2,Entre Ríos; Ricardone,-32.94770249999999,-60.641359300000005,55.0,538.0,Municipio Rosario,Municipio,Rosario,820210,Servicio de Catastro e Información Territorial,IGN
2016,5802,2016-08-03,Miercoles,0.0,14:10:00,,0.0,2,"Automóvil,Moto/Ciclomotor",Pte.Roca Y Rioja,2,0,1,0,0,0,1,,Calle,,ROSARIO,Rosario,S/D,S/D,II,Dentro,Urbana,S/D,S/D,S/D,S/D,S/D,Diurna,S/D,S/D,S/D,Colisión,S/D,S/D,S/D,S/D,POINT (-60.6453839 -32.94636289999999),"['Roca', 'Rioja']",2,Presidente Roca; Rioja,-32.94636289999999,-60.6453839,55.0,538.0,Municipio Rosario,Municipio,Rosario,820210,Servicio de Catastro e Información Territorial,IGN
2016,5803,2016-08-05,Viernes,0.0,16:00:00,,0.0,2,"Peatón,Automóvil",Bv. Oroño Y Mendoza,2,1,0,0,1,0,0,,Calle,,ROSARIO,Rosario,Asfalto,Pavimento,II,Dentro,Urbana,Paso Peatonal,Funciona,Cruce,Bueno,Buena,Diurna,Buen Tiempo,S/D,Peatón,Atropello,Ninguna,Horizontal,Cordón divisorio,Sin restricción,POINT (-60.6545801 -32.948842899999995),"['Bulevar Nicasio Oroño', 'Mendoza']",2,Bulevar Nicasio Oroño; Mendoza,-32.948842899999995,-60.6545801,55.0,538.0,Municipio Rosario,Municipio,Rosario,820210,Servicio de Catastro e Información Territorial,IGN
2016,5804,2016-08-06,Sabado,0.0,16:30:00,,0.0,3,"Bicicleta,Automóvil,Automóvil",San Juan Y Bv. Oroño,3,1,0,0,2,0,0,,Calle,,ROSARIO,Rosario,Asfalto,No existe,II,Dentro,Urbana,Ninguna,No existe,Recta,Bueno,Buena,Diurna,Buen Tiempo,S/D,S/D,Atropello,S/D,S/D,Cordón divisorio,Sin restricción,POINT (-60.6542222 -32.947453949999996),"['San Juan', 'Bulevar Nicasio Oroño']",2,San Juan; Bulevar Nicasio Oroño,-32.94745395,-60.6542222,55.0,538.0,Municipio Rosario,Municipio,Rosario,820210,Servicio de Catastro e Información Territorial,IGN
2016,5805,2016-08-08,Lunes,0.0,2:10:00,,0.0,2,"Automóvil,Bicicleta",San Juan Y Mariano Moreno,2,1,0,0,1,0,0,,Calle,,ROSARIO,Rosario,Asfalto,S/D,II,Dentro,Urbana,S/D,S/D,Intersección,Bueno,Buena,Nocturna,Buen Tiempo,S/D,S/D,Atropello,S/D,S/D,Cordón divisorio,Sin restricción,POINT (-60.651551100000006 -32.94793200000001),"['San Juan', 'Mariano Moreno']",2,San Juan; Mariano Moreno,-32.94793200000001,-60.651551100000006,55.0,538.0,Municipio Rosario,Municipio,Rosario,820210,Servicio de Catastro e Información Territorial,IGN
2016,5806,2016-08-06,Sabado,0.0,11:05:00,,0.0,2,"Moto/Ciclomotor,Moto/Ciclomotor",Urquiza Y Pte.Roca,2,1,0,0,1,0,0,,Calle,,ROSARIO,Rosario,Asfalto,Pavimento,II,Dentro,Urbana,Ninguna,No existe,Intersección,Bueno,Buena,Diurna,Buen Tiempo,De alcance,S/D,Colisión,Ninguna,Faltante,Ninguna,Sin restricción,POINT (-60.6442177 -32.9417364),"['Urquiza', 'Roca']",2,Justo José de Urquiza; Presidente Roca,-32.9417364,-60.6442177,55.0,538.0,Municipio Rosario,Municipio,Rosario,820210,Servicio de Catastro e Información Territorial,IGN
2016,5807,2016-08-10,Miercoles,0.0,14:20:00,,0.0,2,"Automóvil,Moto/Ciclomotor",Av. Belgrano Y Sgto Cabral,2,1,0,0,1,0,0,,Avenida,,ROSARIO,Rosario,Asfalto,Pavimento,II,Dentro,Urbana,Semáforo,Funciona,Intersección,Bueno,Buena,Diurna,Buen Tiempo,De alcance,S/D,Colisión,Ninguna,Vertical,Ninguna,Sin restricción,POINT (-60.63405088333334 -32.94321101666666),"['Belgrano', 'Sargento Cabral']",2,Avenida Manuel Belgrano; Sargento Cabral,-32.94321101666666,-60.63405088333334,55.0,538.0,Municipio Rosario,Municipio,Rosario,820210,Servicio de Catastro e Información Territorial,IGN
2016,5808,2016-08-11,Jueves,0.0,9:00:00,,0.0,2,"Automóvil,Peatón",Santa Fe Y Av. Corrientes,2,1,0,0,1,0,0,,Calle,,ROSARIO,Rosario,Asfalto,Pavimento,II,Dentro,Urbana,Ninguna,Funciona,Intersección,Bueno,Buena,Diurna,Buen Tiempo,S/D,Peatón,Atropello,Ninguna,Vertical,Ninguna,Sin restricción,POINT (-60.6420191 -32.9443578),"['Santa Fe', 'Corrientes']",2,Santa Fe; Corrientes,-32.9443578,-60.6420191,55.0,538.0,Municipio Rosario,Municipio,Rosario,820210,Servicio de Catastro e Información Territorial,IGN