anio_acci,nro_acci,fecha,desc_dia,fecha_aprox,hora_aprox,desc_ruta,km,cant_participantes,desc_participante,calle_avenida_km,total,heridos_leves,heridos_graves,heridos_gravisimos,ilesos,fallecidos,sin_datos,posicion_XY,desc_tipo_via,desc_ruta_ori,desc_loc,desc_dpto,desc_tipo_calzada,desc_tipo_banquina,desc_unidad_regional,desc_lugar_calzada,desc_zona,desc_prioridad,desc_estado_semaforo,desc_lugar_via,desc_estado_via,desc_estado_visibilidad,desc_luminosidad,desc_estado_clima,desc_tipo_colision,desc_tipo_atropello,desc_tipo_hecho,desc_pres_calzada,desc_senializacion,desc_separacion_via,desc_restriccion,forma_geocod,calle_lista,numero_calles,calles_osm,lat,lon,index_right,gid,fna,gna,nam,in1,fdc,sag
2016,5810,2016-08-20,Sabado,0.0,22:00:00,,0.0,2,"Automóvil,Automóvil",Bv. Oroño Y Tucuman,2,1,0,0,1,0,0,,Avenida,,ROSARIO,Rosario,Asfalto,Pavimento,II,Dentro,Urbana,Ninguna,Funciona,Intersección,Bueno,Buena,Nocturna,Buen Tiempo,De alcance,S/D,Colisión,Ninguna,Vertical,Ninguna,Sin restricción,POINT (-60.6521219 -32.9390762),"['Bulevar Nicasio Oroño', 'Tucumán']",2,Bulevar Nicasio Oroño; Tucumán,-32.9390762,-60.6521219,55.0,538.0,Municipio Rosario,Municipio,Rosario,820210,Servicio de Catastro e Información Territorial,IGN
2016,5811,2016-08-21,Domingo,0.0,3:40:00,,0.0,2,"Automóvil,Peatón",San Lorenzo Y Mitre,2,1,0,0,1,0,0,,Calle,,ROSARIO,Rosario,Asfalto,Pavimento,II,S/D,Urbana,Ninguna,Funciona,Intersección,Bueno,Buena,Nocturna,Buen Tiempo,S/D,Peatón,Atropello,Ninguna,Vertical,Ninguna,Sin restricción,POINT (-60.6390063 -32.9438873),"['San Lorenzo', 'Mitre']",2,"('San Lorenzo', 'Bartolomé Mitre')",-32.9438873,-60.6390063,55.0,538.0,Municipio Rosario,Municipio,Rosario,820210,Servicio de Catastro e Información Territorial,IGN
2016,5812,2016-08-29,Lunes,0.0,9:15:00,,0.0,2,"Automóvil,Moto/Ciclomotor",Italia Y Brown,2,1,0,0,1,0,0,,Calle,,ROSARIO,Rosario,Asfalto,Pavimento,II,Dentro,Urbana,Ninguna,No existe,Intersección,Bueno,Buena,Diurna,Buen Tiempo,De alcance,S/D,Colisión,Ninguna,Faltante,Ninguna,Sin restricción,POINT (-60.6455153 -32.93537130000001),"['Italia', 'Brown']",2,Italia; Almirante Brown,-32.93537130000001,-60.6455153,55.0,538.0,Municipio Rosario,Municipio,Rosario,820210,Servicio de Catastro e Información Territorial,IGN
2016,5814,2016-08-27,Sabado,0.0,,,0.0,2,"Moto/Ciclomotor,Automóvil",Av. Provincias Unidas Y Gorriti,2,2,0,0,0,0,0,,Calle,,ROSARIO,Rosario,Asfalto,S/D,II,Dentro,Urbana,S/D,S/D,Recta,S/D,Buena,S/D,Buen Tiempo,S/D,S/D,Colisión,S/D,S/D,Ninguna,Sin restricción,POINT (-60.71330590000001 -32.92438785),"['Avenida Provincias Unidas', 'Gorriti']",2,Avenida Provincias Unidas; Gorriti,-32.92438785,-60.71330590000001,55.0,538.0,Municipio Rosario,Municipio,Rosario,820210,Servicio de Catastro e Información Territorial,IGN
2016,5815,2016-08-26,Viernes,0.0,12:40:00,,0.0,2,"Automóvil,Moto/Ciclomotor",San Juan Y Mitre,2,1,0,0,1,0,0,,Calle,,ROSARIO,Rosario,Asfalto,S/D,II,Dentro,Urbana,S/D,S/D,Intersección,Bueno,Buena,Diurna,Buen Tiempo,Lateral,S/D,Colisión,S/D,S/D,Cordón divisorio,Sin restricción,POINT (-60.64049610000001 -32.9499007),"['San Juan', 'Mitre']",2,San Juan; Bartolomé Mitre,-32.9499007,-60.64049610000001,55.0,538.0,Municipio Rosario,Municipio,Rosario,820210,Servicio de Catastro e Información Territorial,IGN
2016,5816,2016-08-25,Jueves,0.0,,,0.0,2,"Automóvil,Bicicleta",La Republica Y Alvarez Condarco,2,0,0,0,0,0,2,,Calle,,ROSARIO,Rosario,Asfalto,S/D,II,Dentro,Urbana,S/D,No existe,Recta,Bueno,S/D,S/D,S/D,S/D,Ciclista,Atropello,S/D,Vertical,Ninguna,Sin restricción,POINT (-60.7557587 -32.9197503),"['La República', 'Álvarez Condarco']",2,La República; Álvarez Condarco,-32.9197503,-60.7557587,55.0,538.0,Municipio Rosario,Municipio,Rosario,820210,Servicio de Catastro e Información Territorial,IGN
2016,5817,2016-08-20,Sabado,0.0,,,0.0,3,"Vehículo Oficial,Automóvil,Automóvil",J.J.Paso Y Venezuela,4,0,0,0,0,0,4,,Calle,,ROSARIO,Rosario,Asfalto,No existe,II,Dentro,Urbana,S/D,No existe,Recta,S/D,S/D,S/D,S/D,Múltiple,S/D,Colisión,S/D,S/D,Ninguna,S/D,POINT (-60.7253695 -32.9205891),"['Paso', 'Venezuela']",2,Avenida Juan José Paso; Venezuela,-32.9205891,-60.7253695,55.0,538.0,Municipio Rosario,Municipio,Rosario,820210,Servicio de Catastro e Información Territorial,IGN
2016,5818,2016-08-02,Martes,0.0,15:20:00,,0.0,2,"Moto/Ciclomotor,Automóvil",Balcarce Y E.Zeballos,2,1,0,0,1,0,0,,Calle,,ROSARIO,Rosario,Asfalto,Pavimento,II,Dentro,Urbana,S/D,S/D,Intersección,Bueno,Buena,Diurna,Buen Tiempo,Lateral,S/D,Colisión,Ninguna,S/D,Cordón divisorio,Sin restricción,POINT (-60.6541017 -32.9525317),"['Balcarce', 'Zeballos']",2,Balcarce; Zeballos,-32.9525317,-60.6541017,55.0,538.0,Municipio Rosario,Municipio,Rosario,820210,Servicio de Catastro e Información Territorial,IGN
2016,5819,2016-08-19,Viernes,0.0,13:00:00,,0.0,2,"Moto/Ciclomotor,Automóvil",Nicaragua Y Velez Sarsfield,2,0,0,0,0,0,2,,Calle,,ROSARIO,Rosario,Asfalto,S/D,II,Dentro,Urbana,S/D,Funciona,Recta,Bueno,Buena,Diurna,S/D,S/D,S/D,Colisión,Otro,S/D,S/D,S/D,POINT (-60.72135480000001 -32.926265599999994),"['Nicaragua', 'Vélez Sarsfield']",2,Nicaragua; Vélez Sarsfield,-32.926265599999994,-60.72135480000001,55.0,538.0,Municipio Rosario,Municipio,Rosario,820210,Servicio de Catastro e Información Territorial,IGN
2016,5820,2016-08-11,Jueves,0.0,20:20:00,,0.0,2,"Automóvil,Bicicleta",9 De Julio Y Santiago,2,1,0,0,1,0,0,,Calle,,ROSARIO,Rosario,Asfalto,Pavimento,II,Dentro,Urbana,Ninguna,S/D,Intersección,Bueno,Buena,Nocturna,Buen Tiempo,S/D,Ciclista,Atropello,Ninguna,Horizontal,Cordón divisorio,Sin restricción,POINT (-60.6578907 -32.950669299999994),"['9 de Julio', 'Santiago']",2,9 de Julio; Santiago,-32.950669299999994,-60.6578907,55.0,538.0,Municipio Rosario,Municipio,Rosario,820210,Servicio de Catastro e Información Territorial,IGN
2016,5822,2016-08-12,Viernes,0.0,12:10:00,,0.0,2,"Automóvil,Bicicleta",Sarmiento Y Montevideo,2,1,0,0,1,0,0,,Calle,,ROSARIO,Rosario,Asfalto,Pavimento,II,Dentro,Urbana,Ninguna,No existe,Intersección,Bueno,Buena,Diurna,Buen Tiempo,S/D,Ciclista,Atropello,Ninguna,Horizontal,Cordón divisorio,Sin restricción,POINT (-60.64057540000001 -32.9561286),"['Sarmiento', 'Montevideo']",2,Sarmiento; Montevideo,-32.9561286,-60.64057540000001,55.0,538.0,Municipio Rosario,Municipio,Rosario,820210,Servicio de Catastro e Información Territorial,IGN
2016,5823,2016-08-21,Domingo,0.0,12:30:00,,0.0,4,"Automóvil,Moto/Ciclomotor,Automóvil,Moto/Ciclomotor",Mendoza Y Furlong,4,2,0,0,2,0,0,,Calle,,ROSARIO,Rosario,Asfalto,Natural,II,Dentro,Urbana,S/D,No existe,S/D,Bueno,Buena,Diurna,S/D,Múltiple,S/D,Colisión,S/D,Faltante,S/D,S/D,POINT (-60.735218950000004 -32.940202049999996),"['Mendoza', 'Furlong']",2,Mendoza; Furlong,-32.94020205,-60.73521895,55.0,538.0,Municipio Rosario,Municipio,Rosario,820210,Servicio de Catastro e Información Territorial,IGN
2016,5824,2016-08-02,Martes,0.0,20:40:00,,0.0,2,"Automóvil,Bicicleta",Mariano Moreno Y Cordoba,2,1,0,0,1,0,0,,Calle,,ROSARIO,Rosario,Asfalto,Pavimento,II,Dentro,Urbana,Ninguna,No existe,Intersección,Bueno,Buena,Diurna,Buen Tiempo,S/D,Ciclista,Atropello,S/D,Horizontal,Ninguna,Sin restricción,POINT (-60.650609200000005 -32.944206400000006),"['Mariano Moreno', 'Córdoba']",2,Mariano Moreno; Córdoba,-32.944206400000006,-60.650609200000005,55.0,538.0,Municipio Rosario,Municipio,Rosario,820210,Servicio de Catastro e Información Territorial,IGN
2016,5825,2016-04-20,Miercoles,0.0,17:00:00,,0.0,1,Camión c / Acoplado,Av. Circunvalacion 2200,2,1,0,0,1,0,0,,Calle,,ROSARIO,Rosario,Asfalto,No existe,II,Dentro,Urbana,Ninguna,No existe,S/D,Bueno,Buena,Atardecer,Buen Tiempo,Contra objeto fijo,S/D,Colisión,S/D,Faltante,S/D,Sin restricción,"-32.9954148, -60.6940772",['Circunvalacion 2200'],1,Circunvalacion 2200,-32.9954148,-60.6940772,55.0,538.0,Municipio Rosario,Municipio,Rosario,820210,Servicio de Catastro e Información Territorial,IGN
2016,5826,2016-08-17,Miercoles,0.0,13:40:00,,0.0,2,"Moto/Ciclomotor,Bicicleta",Donado Y White,3,1,0,0,2,0,0,,Calle,,ROSARIO,Rosario,Asfalto,No existe,II,Dentro,Urbana,Ninguna,No existe,S/D,Bueno,Buena,Diurna,Buen Tiempo,Frontal,Ciclista,Atropello,S/D,Faltante,S/D,Sin restricción,POINT (-60.7269047 -32.94204799999999),"['Donado', 'White']",2,José Agustín Donado; Ingeniero White,-32.94204799999999,-60.7269047,55.0,538.0,Municipio Rosario,Municipio,Rosario,820210,Servicio de Catastro e Información Territorial,IGN
2016,5827,2016-08-23,Martes,0.0,14:30:00,,0.0,2,"Automóvil,Peatón",9 De Julio Y Pte.Roca,2,1,0,0,1,0,0,,Calle,,ROSARIO,Rosario,Asfalto,Pavimento,II,Dentro,Urbana,Ninguna,No existe,Intersección,Bueno,Buena,Diurna,Buen Tiempo,S/D,Peatón,Atropello,S/D,Horizontal,Cordón divisorio,Sin restricción,POINT (-60.64696059999999 -32.9526213),"['9 de Julio', 'Roca']",2,9 de Julio; Presidente Roca,-32.9526213,-60.64696059999999,55.0,538.0,Municipio Rosario,Municipio,Rosario,820210,Servicio de Catastro e Información Territorial,IGN
2016,5828,2016-08-13,Sabado,0.0,17:00:00,,0.0,2,"Automóvil,Automóvil",Mendoza Y Mariano Moreno,4,1,0,0,3,0,0,,Calle,,ROSARIO,Rosario,Asfalto,Pavimento,II,Dentro,Urbana,Ninguna,No existe,Intersección,Bueno,Buena,Diurna,Buen Tiempo,Lateral,S/D,Colisión,Ninguna,S/D,Cordón divisorio,Sin restricción,POINT (-60.6519029 -32.949323199999995),"['Mendoza', 'Mariano Moreno']",2,Mendoza; Mariano Moreno,-32.949323199999995,-60.6519029,55.0,538.0,Municipio Rosario,Municipio,Rosario,820210,Servicio de Catastro e Información Territorial,IGN
2016,5829,2016-08-17,Miercoles,0.0,13:50:00,,0.0,2,"Moto/Ciclomotor,Pickup/Utilitario",Santa Fe 4380,3,2,0,0,1,0,0,,Calle,,ROSARIO,Rosario,Asfalto,S/D,II,Dentro,Urbana,S/D,S/D,Recta,Bueno,S/D,Diurna,S/D,S/D,S/D,Colisión,S/D,S/D,S/D,S/D,"-32.937026320408165, -60.68242626734694",['Santa Fe 4380'],1,Santa Fe 4380,-32.937026320408165,-60.68242626734694,55.0,538.0,Municipio Rosario,Municipio,Rosario,820210,Servicio de Catastro e Información Territorial,IGN
2016,5831,2016-08-22,Lunes,0.0,17:45:00,,0.0,2,"Taxi/Remis,Bicicleta",Catamarca Y Paraguay,2,0,0,0,0,0,2,,Calle,,ROSARIO,Rosario,Asfalto,Pavimento,II,Dentro,Urbana,Ninguna,No existe,Intersección,Bueno,Buena,Diurna,Buen Tiempo,S/D,Ciclista,Atropello,Ninguna,Horizontal,Cordón divisorio,Sin restricción,POINT (-60.6422711 -32.93963970000001),"['Catamarca', 'Paraguay']",2,Catamarca; Paraguay,-32.93963970000001,-60.6422711,55.0,538.0,Municipio Rosario,Municipio,Rosario,820210,Servicio de Catastro e Información Territorial,IGN
2016,5833,2016-08-19,Viernes,0.0,18:40:00,,0.0,2,"Moto/Ciclomotor,Automóvil",Mitre Y 9 De Julio,2,1,0,0,1,0,0,,Calle,,ROSARIO,Rosario,Hormigón,No existe,II,Dentro,Urbana,Ninguna,No existe,Intersección,Bueno,Buena,Diurna,Buen Tiempo,Lateral,S/D,Colisión,Ninguna,Horizontal,Cordón divisorio,Sin restricción,POINT (-60.6414341 -32.95360519999999),"['Mitre', '9 de Julio']",2,"('Bartolomé Mitre', '9 de Julio')",-32.95360519999999,-60.6414341,55.0,538.0,Municipio Rosario,Municipio,Rosario,820210,Servicio de Catastro e Información Territorial,IGN
2016,5836,2016-08-17,Miercoles,0.0,14:30:00,,0.0,2,"Moto/Ciclomotor,Automóvil",Dorrego Y 3 De Febrero,2,1,0,0,1,0,0,,Calle,,ROSARIO,Rosario,Asfalto,Pavimento,II,Dentro,Urbana,S/D,No existe,Intersección,Bueno,Buena,Diurna,Buen Tiempo,S/D,S/D,Colisión,S/D,Vertical,Cordón divisorio,Sin restricción,POINT (-60.65079089999999 -32.9508141),"['Dorrego', '3 de Febrero']",2,Manuel Dorrego; 3 de Febrero,-32.9508141,-60.65079089999999,55.0,538.0,Municipio Rosario,Municipio,Rosario,820210,Servicio de Catastro e Información Territorial,IGN
2016,5840,2016-08-17,Miercoles,0.0,14:45:00,,0.0,2,"Peatón,Automóvil",Mendoza Y Entre Rios,2,1,0,0,1,0,0,,Calle,,ROSARIO,Rosario,Asfalto,Pavimento,II,Dentro,Urbana,S/D,S/D,Intersección,Bueno,Buena,Diurna,Buen Tiempo,S/D,Peatón,Atropello,S/D,S/D,Cordón divisorio,Sin restricción,POINT (-60.64219219999999 -32.951012899999995),"['Mendoza', 'Entre Ríos']",2,Mendoza; Entre Ríos,-32.951012899999995,-60.64219219999999,55.0,538.0,Municipio Rosario,Municipio,Rosario,820210,Servicio de Catastro e Información Territorial,IGN
2016,5842,2016-08-19,Viernes,0.0,19:00:00,,0.0,2,"Automóvil,Peatón",San Martin Y Montevideo,2,1,0,0,1,0,0,,Calle,,ROSARIO,Rosario,Asfalto,Pavimento,II,Dentro,Urbana,S/D,S/D,Intersección,Bueno,Buena,Diurna,Buen Tiempo,S/D,Peatón,Atropello,S/D,Horizontal,Cordón divisorio,S/D,POINT (-60.6391327 -32.956385),"['San Martin', 'Montevideo']",2,José de San Martín; Montevideo,-32.956385,-60.6391327,55.0,538.0,Municipio Rosario,Municipio,Rosario,820210,Servicio de Catastro e Información Territorial,IGN
2016,5844,2016-08-09,Martes,0.0,13:00:00,,0.0,2,"Vehículo Oficial,Peatón",Av. Corrientes Y E.Zeballos,3,1,0,0,2,0,0,,Calle,,ROSARIO,Rosario,Asfalto,Pavimento,II,Dentro,Urbana,Semáforo,Funciona,Intersección,Bueno,Buena,Diurna,Buen Tiempo,S/D,Peatón,Atropello,Ninguna,S/D,Cordón divisorio,Sin restricción,POINT (-60.6444742 -32.95427719999999),"['Corrientes', 'Zeballos']",2,Corrientes; Zeballos,-32.95427719999999,-60.6444742,55.0,538.0,Municipio Rosario,Municipio,Rosario,820210,Servicio de Catastro e Información Territorial,IGN
2016,5845,2016-08-01,Lunes,0.0,8:30:00,,0.0,2,"Automóvil,Peatón",Sarmiento Y San Luis,2,1,0,0,1,0,0,,Calle,,ROSARIO,Rosario,Asfalto,Pavimento,II,Dentro,Urbana,Ninguna,No existe,Intersección,Bueno,Buena,Diurna,Buen Tiempo,S/D,Peatón,Atropello,Ninguna,Horizontal,Cordón divisorio,Sin restricción,POINT (-60.6388307 -32.949042999999996),"['Sarmiento', 'San Luis']",2,Sarmiento; San Luis,-32.949043,-60.6388307,55.0,538.0,Municipio Rosario,Municipio,Rosario,820210,Servicio de Catastro e Información Territorial,IGN
2016,5847,2016-08-11,Jueves,0.0,11:20:00,,0.0,2,"Taxi/Remis,Bicicleta",J.M.de Rosas Y Montevideo,2,1,0,0,1,0,0,,Calle,,ROSARIO,Rosario,Asfalto,S/D,II,Dentro,Urbana,S/D,S/D,Recta,Bueno,Buena,Diurna,Buen Tiempo,S/D,Ciclista,Atropello,S/D,S/D,Cordón divisorio,S/D,POINT (-60.63371000000001 -32.957356499999996),"['De Rosas', 'Montevideo']",2,Juan Manuel de Rosas; Montevideo,-32.9573565,-60.63371000000001,55.0,538.0,Municipio Rosario,Municipio,Rosario,820210,Servicio de Catastro e Información Territorial,IGN
2016,5848,2016-08-25,Jueves,0.0,16:10:00,,0.0,1,,Saavedra Y Balcarce,2,1,0,0,1,0,0,,Calle,,ROSARIO,Rosario,Asfalto,No existe,II,Dentro,Urbana,Ninguna,No existe,Intersección,Bueno,Buena,Diurna,Buen Tiempo,De alcance,S/D,Colisión,Ninguna,Faltante,Ninguna,Sin restricción,POINT (-60.659847400000004 -32.975479699999994),"['Saavedra', 'Balcarce']",2,Saavedra; Balcarce,-32.975479699999994,-60.6598474,55.0,538.0,Municipio Rosario,Municipio,Rosario,820210,Servicio de Catastro e Información Territorial,IGN
2016,5849,2016-08-25,Jueves,0.0,16:10:00,,0.0,2,"Pickup/Utilitario,Vehículo Oficial",Saavedra Y Balcarce,2,1,0,0,1,0,0,,Calle,,ROSARIO,Rosario,Asfalto,No existe,II,Dentro,Urbana,Ninguna,No existe,Intersección,Bueno,Buena,Diurna,Buen Tiempo,De alcance,S/D,Colisión,Ninguna,Faltante,Ninguna,Sin restricción,POINT (-60.659847400000004 -32.975479699999994),"['Saavedra', 'Balcarce']",2,Saavedra; Balcarce,-32.975479699999994,-60.6598474,55.0,538.0,Municipio Rosario,Municipio,Rosario,820210,Servicio de Catastro e Información Territorial,IGN
2016,5850,2016-08-02,Martes,0.0,8:50:00,,0.0,2,"Automóvil,Moto/Ciclomotor",L.N.Alem Y San Juan,2,1,0,0,1,0,0,,Calle,,ROSARIO,Rosario,Asfalto,S/D,II,Dentro,Urbana,S/D,S/D,Intersección,Bueno,S/D,Diurna,Buen Tiempo,Lateral,S/D,Colisión,S/D,S/D,Cordón divisorio,S/D,POINT (-60.6292917 -32.9520629),"['Alem', 'San Juan']",2,Leandro N. Alem; San Juan,-32.9520629,-60.6292917,55.0,538.0,Municipio Rosario,Municipio,Rosario,820210,Servicio de Catastro e Información Territorial,IGN
2016,5852,2016-08-16,Martes,0.0,13:18:00,,0.0,2,"Moto/Ciclomotor,Pickup/Utilitario",San Juan Y 1 de Mayo,2,1,0,0,1,0,0,,Calle,,ROSARIO,Rosario,S/D,S/D,II,Dentro,Urbana,S/D,S/D,S/D,S/D,S/D,S/D,S/D,S/D,S/D,S/D,S/D,S/D,S/D,S/D,POINT (-60.63071339999999 -32.951778999999995),"['San Juan', 'Primero de Mayo']",2,San Juan; Primero de Mayo,-32.951778999999995,-60.63071339999999,55.0,538.0,Municipio Rosario,Municipio,Rosario,820210,Servicio de Catastro e Información Territorial,IGN
2016,5855,2016-08-23,Martes,0.0,12:15:00,,0.0,2,"Moto/Ciclomotor,Automóvil",Uruguay Y Dorrego,2,1,0,0,1,0,0,,Calle,,ROSARIO,Rosario,Asfalto,No existe,II,Dentro,Urbana,Ninguna,No existe,Intersección,Bueno,Buena,Diurna,Buen Tiempo,De alcance,S/D,Colisión,Ninguna,Faltante,Ninguna,Sin restricción,POINT (-60.6568802 -32.97483409999999),"['Uruguay', 'Dorrego']",2,Uruguay; Manuel Dorrego,-32.97483409999999,-60.6568802,55.0,538.0,Municipio Rosario,Municipio,Rosario,820210,Servicio de Catastro e Información Territorial,IGN
2016,5857,2016-08-04,Jueves,0.0,,,0.0,2,"Camión Chasis,Otros",Jose Ingenieros ,2,0,1,0,1,0,0,,Calle,,ROSARIO,Rosario,Asfalto,No existe,II,Dentro,Urbana,Ninguna,No existe,Recta,Con baches,Buena,Diurna,Buen Tiempo,S/D,S/D,Colisión,S/D,Faltante,Ninguna,Sin restricción,"-32.9159718, -60.6733824",['José Ingenieros'],1,José Ingenieros,-32.9159718,-60.6733824,55.0,538.0,Municipio Rosario,Municipio,Rosario,820210,Servicio de Catastro e Información Territorial,IGN
2016,5858,2016-08-22,Lunes,0.0,9:55:00,,0.0,1,,Paraguay Y Estado de Israel,2,1,0,0,1,0,0,,Calle,,ROSARIO,Rosario,Asfalto,No existe,II,Dentro,Urbana,Ninguna,No existe,Intersección,Bueno,Buena,Diurna,Buen Tiempo,De alcance,S/D,Colisión,Ninguna,Faltante,Ninguna,Sin restricción,POINT (-60.65516629999999 -32.9920435),"['Paraguay', 'Estado de Israel']",2,Paraguay; Estado de Israel,-32.9920435,-60.65516629999999,55.0,538.0,Municipio Rosario,Municipio,Rosario,820210,Servicio de Catastro e Información Territorial,IGN
2016,5859,2016-08-22,Lunes,0.0,9:55:00,,0.0,2,"Automóvil,Moto/Ciclomotor",Paraguay Y Estado de Israel,2,1,0,0,1,0,0,,Calle,,ROSARIO,Rosario,Asfalto,No existe,II,Dentro,Urbana,Ninguna,No existe,Intersección,Bueno,Buena,Diurna,Buen Tiempo,De alcance,S/D,Colisión,Ninguna,Faltante,Ninguna,Sin restricción,POINT (-60.65516629999999 -32.9920435),"['Paraguay', 'Estado de Israel']",2,Paraguay; Estado de Israel,-32.9920435,-60.65516629999999,55.0,538.0,Municipio Rosario,Municipio,Rosario,820210,Servicio de Catastro e Información Territorial,IGN
2016,5860,2016-08-08,Lunes,0.0,13:20:00,,0.0,2,"Moto/Ciclomotor,Peatón",J.J.Paso Y Fraga,2,2,0,0,0,0,0,,Calle,,ROSARIO,Rosario,Asfalto,No existe,II,Dentro,Urbana,Ninguna,No existe,Recta,Bueno,Buena,Diurna,Buen Tiempo,S/D,Peatón,Atropello,S/D,Faltante,Ninguna,S/D,POINT (-60.7114309 -32.9201859),"['Paso', 'Fraga']",2,Avenida Juan José Paso; Rosendo María Fraga,-32.9201859,-60.7114309,55.0,538.0,Municipio Rosario,Municipio,Rosario,820210,Servicio de Catastro e Información Territorial,IGN
2016,5863,2016-08-15,Lunes,0.0,15:55:00,,0.0,2,"Moto/Ciclomotor,Automóvil",Av. Provincias Unidas Y Schweitzer,2,1,0,0,1,0,0,,Calle,,ROSARIO,Rosario,Asfalto,S/D,II,Dentro,Urbana,Ninguna,S/D,Recta,Bueno,S/D,S/D,Buen Tiempo,S/D,S/D,Colisión,S/D,Faltante,Ninguna,Sin restricción,POINT (-60.713941950000006 -32.913199899999995),"['Avenida Provincias Unidas', 'Albert Schweitzer']",2,Avenida Provincias Unidas; Albert Schweitzer,-32.913199899999995,-60.713941950000006,55.0,538.0,Municipio Rosario,Municipio,Rosario,820210,Servicio de Catastro e Información Territorial,IGN
2016,5864,2016-08-17,Miercoles,0.0,7:00:00,,0.0,2,"Moto/Ciclomotor,Automóvil",Av. Sorrento Y Cullen,2,1,0,0,1,0,0,,Calle,,ROSARIO,Rosario,Asfalto,Natural,II,Dentro,Urbana,S/D,No existe,Recta,Bueno,Buena,Diurna,Buen Tiempo,De alcance,S/D,Colisión,S/D,Faltante,S/D,Sin restricción,POINT (-60.710239200000004 -32.907910699999995),"['Sorrento', 'Cullen']",2,Avenida Sorrento; Cullen,-32.907910699999995,-60.7102392,55.0,538.0,Municipio Rosario,Municipio,Rosario,820210,Servicio de Catastro e Información Territorial,IGN
2016,5865,2016-08-04,Jueves,0.0,17:40:00,,0.0,2,"Moto/Ciclomotor,Automóvil",Pte.Roca Y Uruguay,2,1,0,0,1,0,0,,Calle,,ROSARIO,Rosario,Asfalto,No existe,II,Dentro,Urbana,Ninguna,No existe,Intersección,Bueno,Buena,Diurna,Buen Tiempo,De alcance,S/D,Colisión,Ninguna,Faltante,Ninguna,Sin restricción,POINT (-60.652762599999996 -32.97556659999999),"['Roca', 'Uruguay']",2,Presidente Roca; Uruguay,-32.97556659999999,-60.6527626,55.0,538.0,Municipio Rosario,Municipio,Rosario,820210,Servicio de Catastro e Información Territorial,IGN
2016,5866,2016-08-20,Sabado,0.0,18:30:00,,0.0,1,,Dr.Rivas Y Pje. Alcorta,3,2,0,0,1,0,0,,Calle,,ROSARIO,Rosario,Asfalto,No existe,II,Dentro,Urbana,Ninguna,No existe,Intersección,Bueno,Buena,Atardecer,Buen Tiempo,De alcance,S/D,Colisión,Ninguna,Faltante,Ninguna,Sin restricción,POINT (-60.668747599999996 -32.979882399999994),"['Doctor Francisco Riva', 'Alcorta']",2,Doctor Francisco Riva; Alcorta,-32.979882399999994,-60.6687476,55.0,538.0,Municipio Rosario,Municipio,Rosario,820210,Servicio de Catastro e Información Territorial,IGN
2016,5867,2016-08-20,Sabado,0.0,18:30:00,,0.0,2,"Moto/Ciclomotor,Automóvil",Dr.Rivas Y Pje. Alcorta,3,2,0,0,1,0,0,,Calle,,ROSARIO,Rosario,Asfalto,No existe,II,Dentro,Urbana,Ninguna,No existe,Intersección,Bueno,Buena,Atardecer,Buen Tiempo,De alcance,S/D,Colisión,Ninguna,Faltante,Ninguna,Sin restricción,POINT (-60.668747599999996 -32.979882399999994),"['Doctor Francisco Riva', 'Alcorta']",2,Doctor Francisco Riva; Alcorta,-32.979882399999994,-60.6687476,55.0,538.0,Municipio Rosario,Municipio,Rosario,820210,Servicio de Catastro e Información Territorial,IGN
2016,5868,2016-08-23,Martes,0.0,22:00:00,,0.0,2,"Automóvil,Moto/Ciclomotor",J.J.Paso Y Bolivia,2,1,0,0,1,0,0,,Calle,,ROSARIO,Rosario,Asfalto,S/D,II,Dentro,Urbana,Ninguna,S/D,Recta,Bueno,Buena,Nocturna,Buen Tiempo,De alcance,S/D,Colisión,S/D,S/D,Ninguna,Sin restricción,POINT (-60.71514495000001 -32.9203332),"['Paso', 'Bolivia']",2,Avenida Juan José Paso; Bolivia,-32.9203332,-60.71514495000001,55.0,538.0,Municipio Rosario,Municipio,Rosario,820210,Servicio de Catastro e Información Territorial,IGN
2016,5869,2016-08-03,Miercoles,0.0,7:20:00,,0.0,2,"Automóvil,Bicicleta",San Martin Y 24 De Setiembre,2,1,0,0,1,0,0,,Calle,,ROSARIO,Rosario,Asfalto,No existe,II,Dentro,Urbana,Ninguna,No existe,Intersección,Bueno,Buena,Diurna,Buen Tiempo,S/D,Ciclista,Atropello,Ninguna,Faltante,Ninguna,Sin restricción,POINT (-60.64455705 -32.98058454999999),"['San Martin', '24 de Septiembre']",2,José de San Martín; 24 de Septiembre,-32.98058454999999,-60.64455705,55.0,538.0,Municipio Rosario,Municipio,Rosario,820210,Servicio de Catastro e Información Territorial,IGN
2016,5871,2016-08-03,Miercoles,0.0,1:30:00,,0.0,2,"Moto/Ciclomotor,Automóvil",Av. Corrientes Y Uruguay,2,1,0,0,1,0,0,,Calle,,ROSARIO,Rosario,Asfalto,No existe,II,Dentro,Urbana,Ninguna,No existe,Intersección,Bueno,Buena,Nocturna,Buen Tiempo,De alcance,S/D,Colisión,Ninguna,Faltante,Ninguna,Sin restricción,POINT (-60.650026 -32.976060399999994),"['Corrientes', 'Uruguay']",2,Corrientes; Uruguay,-32.976060399999994,-60.650026,55.0,538.0,Municipio Rosario,Municipio,Rosario,820210,Servicio de Catastro e Información Territorial,IGN