anio_acci,nro_acci,fecha,desc_dia,fecha_aprox,hora_aprox,desc_ruta,km,cant_participantes,desc_participante,calle_avenida_km,total,heridos_leves,heridos_graves,heridos_gravisimos,ilesos,fallecidos,sin_datos,posicion_XY,desc_tipo_via,desc_ruta_ori,desc_loc,desc_dpto,desc_tipo_calzada,desc_tipo_banquina,desc_unidad_regional,desc_lugar_calzada,desc_zona,desc_prioridad,desc_estado_semaforo,desc_lugar_via,desc_estado_via,desc_estado_visibilidad,desc_luminosidad,desc_estado_clima,desc_tipo_colision,desc_tipo_atropello,desc_tipo_hecho,desc_pres_calzada,desc_senializacion,desc_separacion_via,desc_restriccion,forma_geocod,calle_lista,numero_calles,calles_osm,lat,lon,index_right,gid,fna,gna,nam,in1,fdc,sag
2016,5872,2016-08-03,Miercoles,0.0,16:00:00,,0.0,2,"Automóvil,Moto/Ciclomotor",Entre Rios Y Ameghino,4,3,0,0,1,0,0,,Calle,,ROSARIO,Rosario,Asfalto,No existe,II,Dentro,Urbana,Ninguna,No existe,Intersección,Bueno,Buena,Diurna,Buen Tiempo,De alcance,S/D,Colisión,S/D,Faltante,Ninguna,Sin restricción,POINT (-60.6511862 -32.98661430000001),"['Entre Ríos', 'Ameghino']",2,Entre Ríos; Ameghino,-32.98661430000001,-60.6511862,55.0,538.0,Municipio Rosario,Municipio,Rosario,820210,Servicio de Catastro e Información Territorial,IGN
2016,5873,2016-08-19,Viernes,0.0,10:20:00,,0.0,2,"Moto/Ciclomotor,Automóvil",Bv. 27 De Febrero Y Mitre,2,1,0,0,1,0,0,,Avenida,,ROSARIO,Rosario,Asfalto,No existe,II,Dentro,Urbana,Policía de tránsito,Funciona,Recta,Bueno,Buena,Diurna,Buen Tiempo,De alcance,S/D,Colisión,Ninguna,Horizontal,Ninguna,Sin restricción,POINT (-60.6448502 -32.96734965),"['27 de Febrero', 'Mitre']",2,Bulevar 27 de Febrero; Bartolomé Mitre,-32.96734965,-60.6448502,55.0,538.0,Municipio Rosario,Municipio,Rosario,820210,Servicio de Catastro e Información Territorial,IGN
2016,5874,2016-08-02,Martes,0.0,18:05:00,,0.0,2,"Moto/Ciclomotor,Automóvil",Mitre Y Pje. Las Delicias,3,2,0,0,1,0,0,,Calle,,ROSARIO,Rosario,Asfalto,No existe,II,Dentro,Urbana,Ninguna,No existe,Intersección,Bueno,Buena,Diurna,Buen Tiempo,De alcance,S/D,Colisión,S/D,Faltante,Ninguna,Sin restricción,POINT (-60.6502615 -32.9886336),"['Mitre', 'Las Delicias']",2,Bartolomé Mitre; Las Delicias,-32.9886336,-60.6502615,55.0,538.0,Municipio Rosario,Municipio,Rosario,820210,Servicio de Catastro e Información Territorial,IGN
2016,5875,2016-08-11,Jueves,0.0,21:29:00,,0.0,2,"Bicicleta,Automóvil",Av. Uriburu Y Laprida,2,1,0,0,1,0,0,,S/D,,ROSARIO,Rosario,Asfalto,No existe,II,S/D,S/D,Señal Pare,No existe,Intersección,Bueno,Buena,Nocturna,Buen Tiempo,S/D,Ciclista,Atropello,S/D,Vertical,S/D,S/D,POINT (-60.645184500000006 -32.990651),"['Uriburu', 'Laprida']",2,Avenida José Uriburu; Francisco Narciso Laprida,-32.990651,-60.645184500000006,55.0,538.0,Municipio Rosario,Municipio,Rosario,820210,Servicio de Catastro e Información Territorial,IGN
2016,5877,2016-08-02,Martes,0.0,10:45:00,,0.0,2,"Taxi/Remis,Automóvil",Av. Corrientes Y Garibaldi,2,1,0,0,1,0,0,,Calle,,ROSARIO,Rosario,Asfalto,No existe,II,Dentro,Urbana,Ninguna,No existe,Intersección,Bueno,Buena,Diurna,Buen Tiempo,De alcance,S/D,Colisión,S/D,Faltante,Ninguna,Sin restricción,POINT (-60.6523162 -32.98523470000001),"['Corrientes', 'José Garibaldi']",2,Corrientes; José Garibaldi,-32.98523470000001,-60.6523162,55.0,538.0,Municipio Rosario,Municipio,Rosario,820210,Servicio de Catastro e Información Territorial,IGN
2016,5878,2016-08-11,Jueves,0.0,5:40:00,,0.0,2,"Moto/Ciclomotor,Automóvil",Ayacucho Y Av. Arijon,2,1,0,0,1,0,0,,Calle,,ROSARIO,Rosario,Asfalto,No existe,II,Dentro,Urbana,Semáforo,Intermitente,Intersección,Bueno,Buena,Nocturna,S/D,Lateral,S/D,Colisión,S/D,Vertical,Línea divisoria pintada,Sin restricción,POINT (-60.6360487 -33.00266679999999),"['Ayacucho', 'Avenida Manuel Arijón']",2,Ayacucho; Avenida Manuel Arijón,-33.00266679999999,-60.6360487,55.0,538.0,Municipio Rosario,Municipio,Rosario,820210,Servicio de Catastro e Información Territorial,IGN
2016,5879,2016-08-18,Jueves,0.0,16:20:00,,0.0,2,"Pickup/Utilitario,Peatón",Uruguay 2600,2,0,1,0,1,0,0,,Calle,,ROSARIO,Rosario,Asfalto,No existe,II,Dentro,Urbana,Ninguna,No existe,Intersección,Bueno,Buena,Diurna,Buen Tiempo,S/D,Peatón,Atropello,Ninguna,Faltante,Ninguna,Sin restricción,"-32.9730689, -60.666099",['Uruguay 2600'],1,Uruguay 2600,-32.9730689,-60.666099,55.0,538.0,Municipio Rosario,Municipio,Rosario,820210,Servicio de Catastro e Información Territorial,IGN
2016,5880,2016-08-29,Lunes,0.0,7:20:00,,0.0,2,"Moto/Ciclomotor,Automóvil",Bv. Segui Y Maipu,3,2,0,0,1,0,0,,Calle,,ROSARIO,Rosario,Asfalto,No existe,II,Dentro,Urbana,Ninguna,No existe,Intersección,Bueno,Buena,Diurna,Buen Tiempo,Lateral,S/D,Colisión,S/D,Faltante,Cordón divisorio,Sin restricción,POINT (-60.64363730000001 -32.979574850000006),"['Bulevar Juan Francisco Seguí', 'Maipú']",2,Bulevar Juan Francisco Seguí; Maipú,-32.979574850000006,-60.64363730000001,55.0,538.0,Municipio Rosario,Municipio,Rosario,820210,Servicio de Catastro e Información Territorial,IGN
2016,5881,2016-08-19,Viernes,0.0,16:20:00,,0.0,2,"Bicicleta,Pickup/Utilitario",Pavon Y J.M.Gutierrez,2,1,0,0,1,0,0,,Calle,,ROSARIO,Rosario,Asfalto,No existe,II,Dentro,Urbana,Ninguna,No existe,Intersección,Bueno,Buena,Diurna,S/D,S/D,Ciclista,Atropello,S/D,S/D,Ninguna,Sin restricción,POINT (-60.63449980000001 -32.9935582),"['Pavón', 'Gutierrez']",2,Pavón; Ricardo Gutierrez,-32.9935582,-60.63449980000001,55.0,538.0,Municipio Rosario,Municipio,Rosario,820210,Servicio de Catastro e Información Territorial,IGN
2016,5882,2016-08-24,Miercoles,0.0,19:00:00,,0.0,2,"Moto/Ciclomotor,Automóvil",Grandoli Y Guiraldes Bis,2,1,0,0,1,0,0,,Calle,,ROSARIO,Rosario,Asfalto,No existe,II,Dentro,Urbana,Ninguna,No existe,Intersección,Bueno,Buena,Atardecer,Buen Tiempo,Lateral,S/D,Colisión,S/D,Faltante,Cordón divisorio,Sin restricción,POINT (-60.62824119999999 -32.986755499999994),"['Avenida Abanderado Grandoli', 'Güiraldes']",2,Avenida Abanderado Grandoli; Güiraldes,-32.986755499999994,-60.62824119999999,55.0,538.0,Municipio Rosario,Municipio,Rosario,820210,Servicio de Catastro e Información Territorial,IGN
2016,5883,2016-08-23,Martes,0.0,8:10:00,,0.0,2,"Moto/Ciclomotor,Automóvil",Necochea Y Pje. Falcon,2,1,0,0,1,0,0,,Calle,,ROSARIO,Rosario,Asfalto,No existe,II,Dentro,Urbana,Ninguna,No existe,Intersección,Bueno,Buena,Diurna,Buen Tiempo,Lateral,S/D,Colisión,S/D,Faltante,Ninguna,Sin restricción,POINT (-60.63051509999999 -32.9741327),"['Necochea', 'Biblioteca Vigil']",2,Necochea; Biblioteca Vigil,-32.9741327,-60.63051509999999,55.0,538.0,Municipio Rosario,Municipio,Rosario,820210,Servicio de Catastro e Información Territorial,IGN
2016,5884,2016-08-12,Viernes,0.0,14:20:00,,0.0,1,,Uruguay Y Entre Rios,2,1,0,0,1,0,0,,Calle,,ROSARIO,Rosario,Asfalto,No existe,II,Dentro,Urbana,Ninguna,Funciona,Intersección,Bueno,Buena,Diurna,Buen Tiempo,S/D,Peatón,Atropello,S/D,Faltante,Ninguna,Sin restricción,POINT (-60.6486096 -32.97631599999999),"['Uruguay', 'Entre Ríos']",2,Uruguay; Entre Ríos,-32.97631599999999,-60.6486096,55.0,538.0,Municipio Rosario,Municipio,Rosario,820210,Servicio de Catastro e Información Territorial,IGN
2016,5885,2016-08-12,Viernes,0.0,14:20:00,,0.0,2,"Automóvil,Peatón",Uruguay Y Entre Rios,2,1,0,0,1,0,0,,Calle,,ROSARIO,Rosario,Asfalto,No existe,II,Dentro,Urbana,Ninguna,Funciona,Intersección,Bueno,Buena,Diurna,Buen Tiempo,S/D,Peatón,Atropello,S/D,Faltante,Ninguna,Sin restricción,POINT (-60.6486096 -32.97631599999999),"['Uruguay', 'Entre Ríos']",2,Uruguay; Entre Ríos,-32.97631599999999,-60.6486096,55.0,538.0,Municipio Rosario,Municipio,Rosario,820210,Servicio de Catastro e Información Territorial,IGN
2016,5886,2016-08-11,Jueves,0.0,14:30:00,,0.0,2,"Moto/Ciclomotor,Automóvil",Laprida Y Dean Funes,3,2,0,0,1,0,0,,Calle,,ROSARIO,Rosario,Asfalto,No existe,II,Dentro,Urbana,Ninguna,No existe,Intersección,Bueno,Buena,Diurna,Buen Tiempo,Lateral,S/D,Colisión,S/D,Faltante,Ninguna,Sin restricción,POINT (-60.6415715 -32.9763678),"['Laprida', 'Deán Gregorio Funes']",2,Francisco Narciso Laprida; Deán Gregorio Funes,-32.9763678,-60.6415715,55.0,538.0,Municipio Rosario,Municipio,Rosario,820210,Servicio de Catastro e Información Territorial,IGN
2016,5887,2016-08-09,Martes,0.0,14:00:00,,0.0,2,"Moto/Ciclomotor,Automóvil",Saavedra Y Buenos Aires,3,2,0,0,1,0,0,,Calle,,ROSARIO,Rosario,Asfalto,No existe,II,Dentro,Urbana,Ninguna,No existe,Intersección,Bueno,Buena,Diurna,Buen Tiempo,Lateral,S/D,Colisión,S/D,Faltante,Ninguna,Sin restricción,POINT (-60.6406363 -32.97893169999999),"['Saavedra', 'Buenos Aires']",2,Saavedra; Buenos Aires,-32.97893169999999,-60.6406363,55.0,538.0,Municipio Rosario,Municipio,Rosario,820210,Servicio de Catastro e Información Territorial,IGN
2016,5888,2016-08-12,Viernes,0.0,11:00:00,,0.0,2,"Automóvil,Bicicleta",Sarmiento Y Av. Uriburu,2,1,0,0,1,0,0,,Calle,,ROSARIO,Rosario,Asfalto,No existe,II,Dentro,Urbana,Ninguna,No existe,Intersección,Bueno,Buena,Diurna,Buen Tiempo,S/D,Ciclista,Atropello,Ninguna,Faltante,Ninguna,Sin restricción,POINT (-60.64935790000001 -32.990775299999996),"['Sarmiento', 'Uriburu']",2,Sarmiento; Avenida José Uriburu,-32.9907753,-60.64935790000001,55.0,538.0,Municipio Rosario,Municipio,Rosario,820210,Servicio de Catastro e Información Territorial,IGN
2016,5889,2016-08-03,Miercoles,0.0,19:30:00,,0.0,2,"Moto/Ciclomotor,Automóvil",Bv. Segui Y L.N.Alem,2,1,0,0,1,0,0,,Calle,,ROSARIO,Rosario,Asfalto,No existe,II,Dentro,Urbana,Ninguna,No existe,Intersección,Bueno,Buena,"Atardecer,Con luz artificial",Buen Tiempo,Lateral,S/D,Colisión,S/D,Faltante,Ninguna,Sin restricción,POINT (-60.63650380000001 -32.980857400000005),"['Bulevar Juan Francisco Seguí', 'Alem']",2,Bulevar Juan Francisco Seguí; Leandro N. Alem,-32.980857400000005,-60.63650380000001,55.0,538.0,Municipio Rosario,Municipio,Rosario,820210,Servicio de Catastro e Información Territorial,IGN
2016,5890,2016-08-02,Martes,0.0,18:00:00,,0.0,2,"Bicicleta,Automóvil",L.N.Alem Y Amenabar,2,1,0,0,1,0,0,,Calle,,ROSARIO,Rosario,Asfalto,No existe,II,Dentro,Urbana,Ninguna,No existe,Intersección,Bueno,Buena,Diurna,Buen Tiempo,Lateral,Ciclista,Atropello,S/D,Faltante,Ninguna,Sin restricción,POINT (-60.634784399999994 -32.9739879),"['Alem', 'Amenabar']",2,Leandro N. Alem; José de Amenábar,-32.9739879,-60.6347844,55.0,538.0,Municipio Rosario,Municipio,Rosario,820210,Servicio de Catastro e Información Territorial,IGN
2016,5891,2016-08-11,Jueves,0.0,17:20:00,,0.0,2,"Moto/Ciclomotor,Automóvil",Bv. Segui Y Mariano Moreno,2,1,0,0,1,0,0,,Calle,,ROSARIO,Rosario,Asfalto,No existe,II,Dentro,Urbana,Ninguna,No existe,Intersección,Bueno,Buena,Diurna,Buen Tiempo,De alcance,S/D,Colisión,Ninguna,Faltante,Ninguna,Sin restricción,POINT (-60.658756600000004 -32.97685955),"['Bulevar Juan Francisco Seguí', 'Mariano Moreno']",2,Bulevar Juan Francisco Seguí; Mariano Moreno,-32.97685955,-60.6587566,55.0,538.0,Municipio Rosario,Municipio,Rosario,820210,Servicio de Catastro e Información Territorial,IGN
2016,5892,2016-08-10,Miercoles,0.0,12:30:00,,0.0,2,"Moto/Ciclomotor,Automóvil",San Martin Y Centeno,2,1,0,0,1,0,0,,Calle,,ROSARIO,Rosario,Asfalto,No existe,II,Dentro,Urbana,Ninguna,No existe,Intersección,Bueno,Buena,Diurna,Buen Tiempo,De alcance,S/D,Colisión,Ninguna,Faltante,Ninguna,Sin restricción,POINT (-60.64552855 -32.98523165),"['San Martin', 'Centeno']",2,José de San Martín; Coronel Centeno,-32.98523165,-60.64552855,55.0,538.0,Municipio Rosario,Municipio,Rosario,820210,Servicio de Catastro e Información Territorial,IGN
2016,5893,2016-08-10,Miercoles,0.0,7:45:00,,0.0,2,"Automóvil,Bicicleta",España Y Garibaldi,2,1,0,0,1,0,0,,Calle,,ROSARIO,Rosario,Asfalto,No existe,II,Dentro,Urbana,Ninguna,No existe,Intersección,Bueno,Buena,Diurna,Buen Tiempo,De alcance,Ciclista,Atropello,Ninguna,Faltante,Ninguna,Sin restricción,POINT (-60.6564281 -32.984498599999995),"['España', 'José Garibaldi']",2,España; José Garibaldi,-32.984498599999995,-60.6564281,55.0,538.0,Municipio Rosario,Municipio,Rosario,820210,Servicio de Catastro e Información Territorial,IGN
2016,5894,2016-08-09,Martes,0.0,17:00:00,,0.0,2,"Automóvil,Moto/Ciclomotor",Bv. Segui Y Mitre,2,1,0,0,1,0,0,,Calle,,ROSARIO,Rosario,Asfalto,No existe,II,Dentro,Urbana,Ninguna,No existe,Intersección,Bueno,Buena,Diurna,Buen Tiempo,S/D,S/D,Colisión,Ninguna,Faltante,Ninguna,Sin restricción,POINT (-60.6477426 -32.97883275),"['Bulevar Juan Francisco Seguí', 'Mitre']",2,Bulevar Juan Francisco Seguí; Bartolomé Mitre,-32.97883275,-60.6477426,55.0,538.0,Municipio Rosario,Municipio,Rosario,820210,Servicio de Catastro e Información Territorial,IGN
2016,5895,2016-08-09,Martes,0.0,14:30:00,,0.0,2,"Automóvil,Moto/Ciclomotor",Bv. Oroño Y Ameghino,3,2,0,0,1,0,0,,Calle,,ROSARIO,Rosario,Asfalto,No existe,II,Dentro,Urbana,Semáforo,Funciona,Intersección,Bueno,Buena,Diurna,Buen Tiempo,De alcance,S/D,Colisión,Ninguna,Horizontal,Ninguna,Sin restricción,POINT (-60.6635405 -32.9844018),"['Bulevar Nicasio Oroño', 'Ameghino']",2,Bulevar Nicasio Oroño; Ameghino,-32.9844018,-60.6635405,55.0,538.0,Municipio Rosario,Municipio,Rosario,820210,Servicio de Catastro e Información Territorial,IGN
2016,5896,2016-08-09,Martes,0.0,8:55:00,,0.0,2,"Automóvil,Pickup/Utilitario",Bv. Segui Y Mitre,4,1,0,0,3,0,0,,Calle,,ROSARIO,Rosario,Asfalto,No existe,II,Dentro,Urbana,Señal Pare,No existe,Intersección,Bueno,Buena,Diurna,Buen Tiempo,De alcance,S/D,Colisión,Ninguna,Faltante,Ninguna,Sin restricción,POINT (-60.6477426 -32.97883275),"['Bulevar Juan Francisco Seguí', 'Mitre']",2,Bulevar Juan Francisco Seguí; Bartolomé Mitre,-32.97883275,-60.6477426,55.0,538.0,Municipio Rosario,Municipio,Rosario,820210,Servicio de Catastro e Información Territorial,IGN
2016,5897,2016-08-08,Lunes,0.0,19:10:00,,0.0,2,"Taxi/Remis,Moto/Ciclomotor",Pueyrredon Y Pje. Curie,2,1,0,0,1,0,0,,Calle,,ROSARIO,Rosario,Asfalto,No existe,II,Dentro,Urbana,Ninguna,No existe,Intersección,Bueno,Buena,Atardecer,Buen Tiempo,De alcance,S/D,Colisión,Ninguna,Faltante,Ninguna,Sin restricción,POINT (-60.664009899999996 -32.969358),"['Pueyrredón', 'Pasaje Madame Curie']",2,Pueyrredón; Pasaje Madame Curie,-32.969358,-60.6640099,55.0,538.0,Municipio Rosario,Municipio,Rosario,820210,Servicio de Catastro e Información Territorial,IGN
2016,5898,2016-08-08,Lunes,0.0,11:10:00,,0.0,2,"Automóvil,Moto/Ciclomotor",España Y Av. Uriburu,2,1,0,0,1,0,0,,Calle,,ROSARIO,Rosario,Asfalto,No existe,II,Dentro,Urbana,Ninguna,Funciona,Intersección,Bueno,Buena,Diurna,Buen Tiempo,De alcance,S/D,Colisión,Ninguna,Horizontal,Ninguna,Sin restricción,POINT (-60.65809949999999 -32.9910482),"['España', 'Uriburu']",2,España; Avenida José Uriburu,-32.9910482,-60.65809949999999,55.0,538.0,Municipio Rosario,Municipio,Rosario,820210,Servicio de Catastro e Información Territorial,IGN
2016,5899,2016-08-06,Sabado,0.0,10:55:00,,0.0,2,"Automóvil,Moto/Ciclomotor",Mitre Y Av. Uriburu,2,1,0,0,1,0,0,,Calle,,ROSARIO,Rosario,Asfalto,No existe,II,Dentro,Urbana,Ninguna,No existe,Intersección,Bueno,Buena,Diurna,Buen Tiempo,De alcance,S/D,Colisión,Ninguna,Faltante,Ninguna,Sin restricción,POINT (-60.65080725 -32.9908231),"['Mitre', 'Uriburu']",2,Bartolomé Mitre; Avenida José Uriburu,-32.9908231,-60.65080725,55.0,538.0,Municipio Rosario,Municipio,Rosario,820210,Servicio de Catastro e Información Territorial,IGN
2016,5900,2016-08-06,Sabado,0.0,9:10:00,,0.0,2,"Moto/Ciclomotor,Automóvil",Av. Uriburu Y Paraguay,2,0,1,0,1,0,0,,Calle,,ROSARIO,Rosario,Asfalto,No existe,II,Dentro,Urbana,Ninguna,No existe,Intersección,Bueno,Buena,Diurna,Buen Tiempo,De alcance,S/D,Colisión,Ninguna,Faltante,Ninguna,Sin restricción,POINT (-60.655215850000005 -32.990962749999994),"['Uriburu', 'Paraguay']",2,Avenida José Uriburu; Paraguay,-32.990962749999994,-60.655215850000005,55.0,538.0,Municipio Rosario,Municipio,Rosario,820210,Servicio de Catastro e Información Territorial,IGN
2016,5901,2016-06-03,Viernes,0.0,10:40:00,,0.0,2,"Moto/Ciclomotor,Automóvil",J.B.Justo Y Donado,2,1,0,0,1,0,0,,Calle,,ROSARIO,Rosario,S/D,S/D,II,Dentro,Urbana,S/D,S/D,S/D,S/D,S/D,Diurna,S/D,S/D,S/D,Colisión,S/D,S/D,S/D,S/D,POINT (-60.72724740000001 -32.933859999999996),"['Justo', 'Donado']",2,"('Justo José de Urquiza', 'José Agustín Donado')",-32.93386,-60.72724740000001,55.0,538.0,Municipio Rosario,Municipio,Rosario,820210,Servicio de Catastro e Información Territorial,IGN
2016,5902,2016-07-10,Domingo,0.0,,,0.0,2,"Moto/Ciclomotor,Pickup/Utilitario",Av. Jorge Newbery Y Tarragona,2,1,0,0,1,0,0,,Calle,,ROSARIO,Rosario,S/D,S/D,II,Dentro,Urbana,S/D,S/D,S/D,S/D,S/D,S/D,S/D,S/D,S/D,Colisión,S/D,S/D,S/D,S/D,POINT (-60.7354351 -32.90855883333333),"['Jorge Newbery', 'Tarragona']",2,Avenida Jorge Newbery; Tarragona,-32.90855883333333,-60.7354351,55.0,538.0,Municipio Rosario,Municipio,Rosario,820210,Servicio de Catastro e Información Territorial,IGN
2016,5914,2016-08-31,Miercoles,0.0,16:40:00,,0.0,2,"Automóvil,Moto/Ciclomotor",Bv. Rondeau Y Chiclana,3,1,0,0,2,0,0,,Calle,,ROSARIO,Rosario,Asfalto,No existe,II,Dentro,Urbana,Ninguna,No existe,Intersección,Bueno,Buena,Atardecer,Buen Tiempo,Lateral,S/D,Colisión,Agua,Faltante,Ninguna,Sin restricción,POINT (-60.689955100000006 -32.9025506),"['Rondeau', 'Chiclana']",2,Bulevar General José Rondeau; Chiclana,-32.9025506,-60.689955100000006,55.0,538.0,Municipio Rosario,Municipio,Rosario,820210,Servicio de Catastro e Información Territorial,IGN
2016,5915,2016-08-28,Domingo,0.0,7:45:00,,0.0,2,"Automóvil,Camión Chasis",Bv. Rondeau Y Herrera,3,1,0,0,2,0,0,,Calle,,ROSARIO,Rosario,Asfalto,No existe,II,Dentro,Urbana,Semáforo,Funciona,Intersección,Bueno,Buena,Amanecer,Buen Tiempo,Lateral,S/D,Colisión,S/D,"Horizontal,Vertical",Ninguna,Sin restricción,POINT (-60.69209 -32.89546034999999),"['Rondeau', 'Herrera']",2,Bulevar General José Rondeau; Franzini Herrera,-32.89546034999999,-60.69209,55.0,538.0,Municipio Rosario,Municipio,Rosario,820210,Servicio de Catastro e Información Territorial,IGN
2016,5916,2016-08-26,Viernes,0.0,22:15:00,,0.0,2,"Taxi/Remis,Moto/Ciclomotor",Bv. Rondeau Y Washington,2,1,0,0,1,0,0,,Calle,,ROSARIO,Rosario,Asfalto,No existe,II,Dentro,Urbana,Semáforo,Funciona,Intersección,Bueno,Buena,Nocturna,Buen Tiempo,Lateral,S/D,Colisión,S/D,Vertical,Ninguna,Sin restricción,POINT (-60.6903563 -32.901208475000004),"['Rondeau', 'Washington']",2,Bulevar General José Rondeau; Washington,-32.901208475000004,-60.6903563,55.0,538.0,Municipio Rosario,Municipio,Rosario,820210,Servicio de Catastro e Información Territorial,IGN
2016,5917,2016-08-26,Viernes,0.0,17:30:00,,0.0,2,"Automóvil,Peatón",Washington Y Av. Cabassa,2,1,0,0,1,0,0,,Calle,,ROSARIO,Rosario,Asfalto,No existe,II,Dentro,Urbana,Ninguna,No existe,Intersección,Con baches,Buena,Atardecer,Buen Tiempo,S/D,Peatón,Atropello,S/D,Faltante,Ninguna,Sin restricción,POINT (-60.700849 -32.9035),"['Washington', 'Cabassa']",2,Washington; Avenida Cabassa,-32.9035,-60.700849,55.0,538.0,Municipio Rosario,Municipio,Rosario,820210,Servicio de Catastro e Información Territorial,IGN
2016,5918,2016-08-22,Lunes,0.0,13:00:00,,0.0,2,"Automóvil,Moto/Ciclomotor",Darragueira Y Superi,3,2,0,0,1,0,0,,Calle,,ROSARIO,Rosario,Asfalto,No existe,II,Dentro,Urbana,Señal Pare,No existe,Recta,Bueno,Buena,Diurna,Buen Tiempo,Lateral,S/D,Colisión,S/D,Horizontal,Ninguna,Sin restricción,POINT (-60.695001399999995 -32.8947943),"['José Darragueira', 'Superi']",2,José Darragueira; Comandante José Superí,-32.8947943,-60.6950014,55.0,538.0,Municipio Rosario,Municipio,Rosario,820210,Servicio de Catastro e Información Territorial,IGN
2016,5919,2016-08-17,Miercoles,0.0,16:15:00,,0.0,2,"Automóvil,Moto/Ciclomotor",Washington Y Darragueira,2,1,0,0,1,0,0,,Calle,,ROSARIO,Rosario,Asfalto,No existe,II,Dentro,Urbana,Señal Pare,No existe,Recta,Bueno,Buena,Atardecer,Buen Tiempo,Lateral,S/D,Colisión,S/D,"Horizontal,Vertical",Ninguna,Sin restricción,POINT (-60.69286400000001 -32.9017565),"['Washington', 'José Darragueira']",2,Washington; José Darragueira,-32.9017565,-60.69286400000001,55.0,538.0,Municipio Rosario,Municipio,Rosario,820210,Servicio de Catastro e Información Territorial,IGN
2016,5920,2016-08-16,Martes,0.0,21:15:00,,0.0,2,"Moto/Ciclomotor,Automóvil",F.Netri Y Esquivel,3,1,0,1,1,0,0,,Calle,,ROSARIO,Rosario,Asfalto,No existe,II,Dentro,Urbana,Ninguna,No existe,Intersección,Bueno,Buena,Nocturna,Buen Tiempo,Lateral,S/D,Colisión,S/D,Faltante,Ninguna,Sin restricción,POINT (-60.7011769 -32.90659789999998),"['Netri', 'Esquivel']",2,Netri; Esquivel,-32.90659789999998,-60.7011769,55.0,538.0,Municipio Rosario,Municipio,Rosario,820210,Servicio de Catastro e Información Territorial,IGN
2016,5921,2016-08-14,Domingo,0.0,19:30:00,,0.0,2,"Automóvil,Moto/Ciclomotor",Superi Y Bv. Rondeau,6,5,1,0,0,0,0,,Calle,,ROSARIO,Rosario,Asfalto,No existe,II,Dentro,Urbana,Semáforo,Funciona,Intersección,Bueno,Buena,"Atardecer,Con luz artificial",Buen Tiempo,Lateral,S/D,Colisión,Agua,"Horizontal,Vertical",Ninguna,Sin restricción,POINT (-60.69245817500001 -32.894239025),"['Superi', 'Rondeau']",2,Comandante José Superí; Bulevar General José Rondeau,-32.894239025,-60.69245817500001,55.0,538.0,Municipio Rosario,Municipio,Rosario,820210,Servicio de Catastro e Información Territorial,IGN
2016,5922,2016-08-12,Viernes,0.0,19:40:00,,0.0,2,"Bicicleta,Automóvil",Washington Y Zelaya,3,2,0,0,1,0,0,,Calle,,ROSARIO,Rosario,Asfalto,No existe,II,Dentro,Urbana,Ninguna,No existe,Recta,Bueno,Buena,Atardecer,Buen Tiempo,Lateral,Ciclista,Atropello,S/D,Horizontal,Ninguna,Sin restricción,POINT (-60.693950400000006 -32.90199580000001),"['Washington', 'Zelaya']",2,Washington; Zelaya,-32.90199580000001,-60.693950400000006,55.0,538.0,Municipio Rosario,Municipio,Rosario,820210,Servicio de Catastro e Información Territorial,IGN
2016,5923,2016-08-04,Jueves,0.0,13:20:00,,0.0,2,"Automóvil,Moto/Ciclomotor",8 de Noviembre ,2,1,0,0,1,0,0,,Calle,,ROSARIO,Rosario,Asfalto,No existe,II,Dentro,Urbana,Semáforo,Intermitente,Recta,Bueno,Buena,Diurna,Buen Tiempo,De alcance,S/D,Colisión,S/D,Faltante,Ninguna,Sin restricción,"-32.9084854, -60.6901657",['Ocho de Noviembre'],1,Ocho de Noviembre,-32.9084854,-60.6901657,55.0,538.0,Municipio Rosario,Municipio,Rosario,820210,Servicio de Catastro e Información Territorial,IGN
2016,5924,2016-08-01,Lunes,0.0,12:40:00,,0.0,2,"Moto/Ciclomotor,Transporte de Pasajeros Urbano (> 8 asientos)",Rivarola 7000,2,1,0,0,1,0,0,,Calle,,ROSARIO,Rosario,Asfalto,No existe,II,Dentro,Urbana,Ninguna,No existe,Recta,Bueno,Buena,Diurna,Buen Tiempo,De alcance,S/D,Colisión,S/D,Faltante,Ninguna,Sin restricción,"-32.965749, -60.7151708",['Rivarola 7000'],1,Rivarola 7000,-32.965749,-60.7151708,55.0,538.0,Municipio Rosario,Municipio,Rosario,820210,Servicio de Catastro e Información Territorial,IGN