anio_acci,nro_acci,fecha,desc_dia,fecha_aprox,hora_aprox,desc_ruta,km,cant_participantes,desc_participante,calle_avenida_km,total,heridos_leves,heridos_graves,heridos_gravisimos,ilesos,fallecidos,sin_datos,posicion_XY,desc_tipo_via,desc_ruta_ori,desc_loc,desc_dpto,desc_tipo_calzada,desc_tipo_banquina,desc_unidad_regional,desc_lugar_calzada,desc_zona,desc_prioridad,desc_estado_semaforo,desc_lugar_via,desc_estado_via,desc_estado_visibilidad,desc_luminosidad,desc_estado_clima,desc_tipo_colision,desc_tipo_atropello,desc_tipo_hecho,desc_pres_calzada,desc_senializacion,desc_separacion_via,desc_restriccion,forma_geocod,calle_lista,numero_calles,calles_osm,lat,lon,index_right,gid,fna,gna,nam,in1,fdc,sag
2016,5925,2016-08-03,Miercoles,0.0,5:30:00,,0.0,2,"Moto/Ciclomotor,Taxi/Remis",Dean Funes Y Av. Provincias Unidas,3,2,0,0,1,0,0,,Calle,,ROSARIO,Rosario,Asfalto,No existe,II,Dentro,Urbana,Ninguna,No existe,Intersección,Bueno,Reducida,"Nocturna,Con luz artificial",Buen Tiempo,De alcance,S/D,Colisión,S/D,Faltante,Cordón divisorio,Sin restricción,POINT (-60.7114849 -32.9674792),"['Deán Gregorio Funes', 'Avenida Provincias Unidas']",2,Deán Gregorio Funes; Avenida Provincias Unidas,-32.9674792,-60.7114849,55.0,538.0,Municipio Rosario,Municipio,Rosario,820210,Servicio de Catastro e Información Territorial,IGN
2016,5926,2016-08-07,Domingo,0.0,13:30:00,,0.0,2,"Bicicleta,Automóvil",Bolivia Y Monte Flores,2,1,0,0,1,0,0,,Calle,,ROSARIO,Rosario,Asfalto,No existe,II,Dentro,Urbana,Ninguna,No existe,Intersección,Bueno,Buena,Diurna,Buen Tiempo,De alcance,Ciclista,Atropello,S/D,Faltante,Ninguna,Sin restricción,POINT (-60.7131234 -32.957686800000005),"['Bolivia', 'Monte Flores']",2,Bolivia; Monte Flores,-32.957686800000005,-60.7131234,55.0,538.0,Municipio Rosario,Municipio,Rosario,820210,Servicio de Catastro e Información Territorial,IGN
2016,5927,2016-08-08,Lunes,0.0,23:20:00,,0.0,1,Moto/Ciclomotor,Av. Circunvalacion Y Rivarola,2,2,0,0,0,0,0,,Calle,,ROSARIO,Rosario,Asfalto,No existe,II,Dentro,Urbana,Ninguna,No existe,Recta,Bueno,Buena,"Nocturna,Con luz artificial",Buen Tiempo,S/D,S/D,Caída ocupante,S/D,Faltante,Ninguna,Sin restricción,POINT (-60.71916028403352 -32.96601604560884),"['Circunvalacion', 'Rivarola']",2,Avenida de Circunvalación 25 de Mayo; Avenida Doctor Rivarola,-32.96601604560884,-60.71916028403352,55.0,538.0,Municipio Rosario,Municipio,Rosario,820210,Servicio de Catastro e Información Territorial,IGN
2016,5928,2016-08-10,Miercoles,0.0,22:50:00,,0.0,2,"Moto/Ciclomotor,Automóvil",Bv. 27 De Febrero 7400,2,1,0,0,1,0,0,,Calle,,ROSARIO,Rosario,Asfalto,No existe,II,Dentro,Urbana,Ninguna,No existe,Recta,Bueno,Buena,"Nocturna,Con luz artificial",Buen Tiempo,De alcance,S/D,Colisión,S/D,Faltante,Ninguna,Sin restricción,"-32.9593905, -60.7197938",['27 De Febrero 7400'],1,27 De Febrero 7400,-32.9593905,-60.7197938,55.0,538.0,Municipio Rosario,Municipio,Rosario,820210,Servicio de Catastro e Información Territorial,IGN
2016,5929,2016-08-14,Domingo,0.0,0:00:00,,0.0,2,"Moto/Ciclomotor,Automóvil",Amenabar Y Av. Provincias Unidas,3,2,0,0,1,0,0,,Calle,,ROSARIO,Rosario,Asfalto,No existe,II,Dentro,Urbana,Ninguna,No existe,Intersección,Bueno,Buena,"Nocturna,Con luz artificial",Buen Tiempo,De alcance,S/D,Colisión,S/D,Faltante,Cordón divisorio,Sin restricción,POINT (-60.71163094999999 -32.96397379999999),"['Amenabar', 'Avenida Provincias Unidas']",2,José de Amenábar; Avenida Provincias Unidas,-32.96397379999999,-60.71163094999999,55.0,538.0,Municipio Rosario,Municipio,Rosario,820210,Servicio de Catastro e Información Territorial,IGN
2016,5930,2016-07-18,Lunes,0.0,15:30:00,,0.0,2,"Moto/Ciclomotor,Pickup/Utilitario",Av. Provincias Unidas Y Pje. Volta,2,0,1,0,1,0,0,,Calle,,ROSARIO,Rosario,Asfalto,No existe,II,Dentro,Urbana,Ninguna,No existe,Intersección,Bueno,Buena,Diurna,Buen Tiempo,De alcance,S/D,Colisión,S/D,Faltante,Cordón divisorio,Sin restricción,POINT (-60.711845600000004 -32.9586408),"['Avenida Provincias Unidas', 'Volta']",2,Avenida Provincias Unidas; Volta,-32.9586408,-60.7118456,55.0,538.0,Municipio Rosario,Municipio,Rosario,820210,Servicio de Catastro e Información Territorial,IGN
2016,5931,2016-08-19,Viernes,0.0,17:40:00,,0.0,2,"Moto/Ciclomotor,Moto/Ciclomotor",Rivarola Y Fader,3,3,0,0,0,0,0,,Calle,,ROSARIO,Rosario,Asfalto,No existe,II,Dentro,Urbana,Ninguna,No existe,Intersección,Bueno,Buena,Diurna,Buen Tiempo,De alcance,S/D,Colisión,S/D,Faltante,Cordón divisorio,Sin restricción,POINT (-60.722520575000004 -32.96615135),"['Rivarola', 'Fader']",2,Avenida Doctor Rivarola; Fernando Fader,-32.96615135,-60.722520575,55.0,538.0,Municipio Rosario,Municipio,Rosario,820210,Servicio de Catastro e Información Territorial,IGN
2016,5932,2016-08-21,Domingo,0.0,20:00:00,,0.0,2,"Moto/Ciclomotor,Automóvil",Rivarola Y Av. Circunvalacion,5,3,1,0,1,0,0,,Calle,,ROSARIO,Rosario,Asfalto,No existe,II,Dentro,Urbana,Ninguna,S/D,Intersección,Bueno,Buena,Nocturna,Buen Tiempo,De alcance,S/D,Colisión,S/D,Faltante,Ninguna,Sin restricción,POINT (-60.71916028403352 -32.96601604560884),"['Rivarola', 'Circunvalacion']",2,Avenida Doctor Rivarola; Avenida de Circunvalación 25 de Mayo,-32.96601604560884,-60.71916028403352,55.0,538.0,Municipio Rosario,Municipio,Rosario,820210,Servicio de Catastro e Información Territorial,IGN
2016,5933,2016-08-23,Martes,0.0,19:50:00,,0.0,2,"Moto/Ciclomotor,Automóvil",Bv. 27 De Febrero Y Av. Provincias Unidas,4,0,1,0,3,0,0,,Calle,,ROSARIO,Rosario,Asfalto,No existe,II,Dentro,Urbana,Semáforo,Funciona,Intersección,Deteriorada,Buena,"Nocturna,Con luz artificial",Buen Tiempo,De alcance,S/D,Colisión,Material Suelto,S/D,Cordón divisorio,Obra en Construcción,POINT (-60.711817525 -32.959359825),"['27 de Febrero', 'Avenida Provincias Unidas']",2,Bulevar 27 de Febrero; Avenida Provincias Unidas,-32.959359825,-60.711817525,55.0,538.0,Municipio Rosario,Municipio,Rosario,820210,Servicio de Catastro e Información Territorial,IGN
2016,5935,2016-08-06,Sabado,0.0,17:15:00,,0.0,2,"Automóvil,Automóvil",FELIPE MORE Y LESGARZA,4,2,1,0,1,0,0,,Calle,,ROSARIO,Rosario,Asfalto,No existe,II,Dentro,Urbana,Ninguna,No existe,Intersección,Bueno,Buena,Atardecer,S/D,Lateral,S/D,Colisión,Ninguna,Faltante,Ninguna,Sin restricción,POINT (-60.6927316 -32.96644069999999),"['Felipe Moré', 'Joaquín Lejarza']",2,Felipe Moré; Joaquín Lejarza,-32.96644069999999,-60.6927316,55.0,538.0,Municipio Rosario,Municipio,Rosario,820210,Servicio de Catastro e Información Territorial,IGN
2016,5936,2016-08-07,Domingo,0.0,18:00:00,,0.0,2,"Moto/Ciclomotor,Moto/Ciclomotor",Bv. Segui Y Garzon,3,2,0,0,1,0,0,,Calle,,ROSARIO,Rosario,S/D,Pavimento,II,Dentro,Urbana,Semáforo,Funciona,Intersección,S/D,Buena,Atardecer,S/D,Lateral,S/D,Colisión,S/D,Vertical,Ninguna,Sin restricción,POINT (-60.70447655 -32.97085324999999),"['Bulevar Juan Francisco Seguí', 'Garzón']",2,Bulevar Juan Francisco Seguí; Garzón,-32.97085324999999,-60.70447655,55.0,538.0,Municipio Rosario,Municipio,Rosario,820210,Servicio de Catastro e Información Territorial,IGN
2016,5938,2016-08-20,Sabado,0.0,21:00:00,,0.0,2,"Moto/Ciclomotor,Automóvil",Roullon 3880,2,1,0,0,1,0,0,,Calle,,ROSARIO,Rosario,S/D,No existe,II,Dentro,Urbana,Ninguna,No existe,Recta,S/D,Buena,Nocturna,S/D,Lateral,S/D,Colisión,S/D,Faltante,Ninguna,Sin restricción,"-32.9379481, -60.702354",['Alfredo Rouillón 3880'],1,Alfredo Rouillón 3880,-32.9379481,-60.702354,55.0,538.0,Municipio Rosario,Municipio,Rosario,820210,Servicio de Catastro e Información Territorial,IGN
2016,5939,2016-08-01,Lunes,1.0,23:50:00,,0.0,2,"Automóvil,Moto/Ciclomotor",Bv. 27 De Febrero ,2,1,0,0,1,0,0,,Calle,,ROSARIO,Rosario,Asfalto,No existe,II,Dentro,Urbana,Ninguna,No existe,Intersección,Bueno,Buena,Nocturna,S/D,Lateral,S/D,Colisión,Ninguna,Faltante,Ninguna,Sin restricción,"-32.9648201, -60.6586542",['27 de Febrero'],1,27 de Febrero,-32.9648201,-60.6586542,55.0,538.0,Municipio Rosario,Municipio,Rosario,820210,Servicio de Catastro e Información Territorial,IGN
2016,5941,2016-09-13,Martes,0.0,17:30:00,,0.0,2,"Automóvil,Moto/Ciclomotor",Pte.Roca Y E.Zeballos,3,2,0,0,1,0,0,,Calle,,ROSARIO,Rosario,Asfalto,S/D,II,Dentro,Urbana,S/D,S/D,Intersección,Bueno,Buena,Diurna,Buen Tiempo,Lateral,S/D,Colisión,Ninguna,S/D,Cordón divisorio,Sin restricción,POINT (-60.6472521 -32.9537729),"['Roca', 'Zeballos']",2,Presidente Roca; Zeballos,-32.9537729,-60.6472521,55.0,538.0,Municipio Rosario,Municipio,Rosario,820210,Servicio de Catastro e Información Territorial,IGN
2016,5947,2016-06-01,Miercoles,0.0,21:40:00,,0.0,2,"Otros,Otros",Av. Casiano Casas Y Uriarte,3,2,0,0,1,0,0,,Calle,,ROSARIO,Rosario,Asfalto,No existe,II,Dentro,Urbana,S/D,No existe,Intersección,Bueno,Reducida,Nocturna,Buen Tiempo,Lateral,S/D,Colisión,Ninguna,S/D,S/D,Sin restricción,POINT (-60.70394160000001 -32.90185285),"['Avenida Casiano Casas', 'Uriarte']",2,Avenida Casiano Casas; Uriarte,-32.90185285,-60.70394160000001,55.0,538.0,Municipio Rosario,Municipio,Rosario,820210,Servicio de Catastro e Información Territorial,IGN
2016,5948,2016-06-02,Jueves,0.0,13:25:00,,0.0,2,"Otros,Otros",Av. Sorrento Y Bv. Rondeau,3,2,0,0,1,0,0,,Avenida,,ROSARIO,Rosario,Asfalto,No existe,II,Dentro,Urbana,Semáforo,Funciona,Intersección,Bueno,Buena,Diurna,Buen Tiempo,Lateral,S/D,Colisión,Ninguna,S/D,S/D,Sin restricción,POINT (-60.68858005 -32.90707667499999),"['Sorrento', 'Rondeau']",2,Avenida Sorrento; Bulevar General José Rondeau,-32.90707667499999,-60.68858005,55.0,538.0,Municipio Rosario,Municipio,Rosario,820210,Servicio de Catastro e Información Territorial,IGN
2016,5949,2016-06-03,Viernes,0.0,19:30:00,,0.0,2,"Otros,Otros",Av. Sorrento Y Zelaya,2,1,0,0,1,0,0,,Calle,,ROSARIO,Rosario,Asfalto,No existe,II,Dentro,Urbana,Señal Ceda el Paso,No existe,Intersección,Bueno,Buena,Atardecer,Buen Tiempo,Lateral,S/D,Colisión,Ninguna,S/D,Ninguna,"Desvío Provisorio,Reparación de Vía",POINT (-60.692573599999996 -32.90722120000001),"['Sorrento', 'Zelaya']",2,Avenida Sorrento; Zelaya,-32.90722120000001,-60.6925736,55.0,538.0,Municipio Rosario,Municipio,Rosario,820210,Servicio de Catastro e Información Territorial,IGN
2016,5950,2016-06-04,Sabado,0.0,15:10:00,,0.0,2,"Otros,Otros",Valentin Gomez Y Baigorria,2,1,0,0,1,0,0,,Calle,,ROSARIO,Rosario,Asfalto,No existe,II,Dentro,Urbana,Señal Ceda el Paso,No existe,Intersección,Bueno,Buena,Diurna,Buen Tiempo,Lateral,S/D,Colisión,Ninguna,S/D,Ninguna,Sin restricción,POINT (-60.6979645 -32.8925658),"['Valentín Gómez', 'Baigorria']",2,Valentín Gómez; Baigorria,-32.8925658,-60.6979645,55.0,538.0,Municipio Rosario,Municipio,Rosario,820210,Servicio de Catastro e Información Territorial,IGN
2016,5951,2016-06-04,Sabado,0.0,19:00:00,,0.0,2,"Otros,Otros",Bv. Rondeau Y Superi,2,1,0,0,1,0,0,,Avenida,,ROSARIO,Rosario,Asfalto,No existe,II,Dentro,Urbana,Semáforo,Funciona,Intersección,Bueno,Buena,Atardecer,Buen Tiempo,Lateral,S/D,Colisión,Ninguna,S/D,Ninguna,Sin restricción,POINT (-60.692458175000006 -32.894239025),"['Rondeau', 'Superi']",2,Bulevar General José Rondeau; Comandante José Superí,-32.894239025,-60.692458175000006,55.0,538.0,Municipio Rosario,Municipio,Rosario,820210,Servicio de Catastro e Información Territorial,IGN
2016,5953,2016-08-12,Viernes,0.0,21:30:00,,0.0,2,"Moto/Ciclomotor,Automóvil",Av. Pellegrini Y Av. Provincias Unidas,2,1,0,0,1,0,0,,Calle,,ROSARIO,Rosario,Asfalto,S/D,II,Dentro,Urbana,S/D,S/D,Intersección,Bueno,Buena,Nocturna,Buen Tiempo,Lateral,S/D,Colisión,S/D,S/D,S/D,S/D,POINT (-60.71226145 -32.948578),"['Pellegrini', 'Avenida Provincias Unidas']",2,Avenida Carlos Pellegrini; Avenida Provincias Unidas,-32.948578,-60.71226145,55.0,538.0,Municipio Rosario,Municipio,Rosario,820210,Servicio de Catastro e Información Territorial,IGN
2016,5954,2016-08-08,Lunes,0.0,13:05:00,,0.0,2,"Moto/Ciclomotor,Automóvil",Av. Pellegrini Y ,2,1,0,0,1,0,0,,Calle,,ROSARIO,Rosario,Asfalto,S/D,II,Dentro,Urbana,S/D,S/D,Intersección,Bueno,Buena,Diurna,Buen Tiempo,Lateral,S/D,Colisión,S/D,S/D,S/D,Sin restricción,"-32.9484613, -60.7054148",['Pellegrini'],1,Pellegrini,-32.9484613,-60.7054148,55.0,538.0,Municipio Rosario,Municipio,Rosario,820210,Servicio de Catastro e Información Territorial,IGN
2016,5955,2016-08-06,Sabado,0.0,15:30:00,,0.0,2,"Automóvil,Automóvil",Av. Pellegrini Y P.L.Funes,2,1,0,0,1,0,0,,Calle,,ROSARIO,Rosario,Asfalto,S/D,II,Dentro,Urbana,S/D,S/D,Recta,Bueno,Buena,Diurna,S/D,S/D,S/D,Colisión,S/D,S/D,S/D,S/D,POINT (-60.7008519 -32.948287699999995),"['Pellegrini', 'Funes']",2,Avenida Carlos Pellegrini; Deán Gregorio Funes,-32.948287699999995,-60.7008519,55.0,538.0,Municipio Rosario,Municipio,Rosario,820210,Servicio de Catastro e Información Territorial,IGN
2016,5956,2016-08-02,Martes,0.0,,,0.0,2,"Moto/Ciclomotor,Otros",Viamonte Y Castellanos,2,1,0,0,0,0,1,,Calle,,ROSARIO,Rosario,Asfalto,Pavimento,II,Dentro,Urbana,Ninguna,No existe,Intersección,Bueno,Buena,S/D,S/D,S/D,S/D,Colisión,S/D,S/D,S/D,Sin restricción,POINT (-60.6798018 -32.9587097),"['Viamonte', 'Aaron Castellanos']",2,Viamonte; Aaron Castellanos,-32.9587097,-60.6798018,55.0,538.0,Municipio Rosario,Municipio,Rosario,820210,Servicio de Catastro e Información Territorial,IGN
2016,5957,2016-08-05,Viernes,0.0,,,0.0,2,"Automóvil,Otros",Alsina Y Bv. 27 De Febrero,3,2,0,0,0,0,1,,Calle,,ROSARIO,Rosario,Asfalto,S/D,II,Dentro,Urbana,S/D,S/D,Intersección,Bueno,S/D,S/D,S/D,S/D,S/D,Colisión,S/D,S/D,S/D,Sin restricción,POINT (-60.68174975 -32.96075594999999),"['Alsina', '27 de Febrero']",2,Alsina; Bulevar 27 de Febrero,-32.96075594999999,-60.68174975,55.0,538.0,Municipio Rosario,Municipio,Rosario,820210,Servicio de Catastro e Información Territorial,IGN
2016,5958,2016-08-09,Martes,0.0,,,0.0,2,"Automóvil,Moto/Ciclomotor",Crespo Y Ituzaingo,3,0,0,0,0,0,3,,Calle,,ROSARIO,Rosario,Asfalto,No existe,II,Dentro,Urbana,S/D,No existe,Intersección,Bueno,S/D,S/D,S/D,S/D,S/D,Colisión,S/D,S/D,S/D,S/D,POINT (-60.671847899999996 -32.955332399999996),"['Crespo', 'Ituzaingó']",2,Crespo; Ituzaingó,-32.9553324,-60.6718479,55.0,538.0,Municipio Rosario,Municipio,Rosario,820210,Servicio de Catastro e Información Territorial,IGN
2016,5959,2016-08-09,Martes,0.0,17:45:00,,0.0,1,Vehículo Oficial,Lavalle Y Av. Pte.Peron,2,2,0,0,0,0,0,,Calle,,ROSARIO,Rosario,Asfalto,S/D,II,Dentro,Urbana,S/D,S/D,Intersección,S/D,S/D,S/D,S/D,Contra objeto fijo,S/D,Colisión,S/D,S/D,S/D,S/D,POINT (-60.682345749999996 -32.95743954999999),"['Lavalle', 'Avenida Presidente Perón']",2,Lavalle; Avenida Presidente Perón,-32.95743954999999,-60.68234575,55.0,538.0,Municipio Rosario,Municipio,Rosario,820210,Servicio de Catastro e Información Territorial,IGN
2016,5960,2016-08-12,Viernes,0.0,,,0.0,2,"Taxi/Remis,Otros",Bv. 27 De Febrero Y Av. Francia,2,0,0,0,0,0,2,,Calle,,ROSARIO,Rosario,Asfalto,No existe,II,Dentro,Urbana,Semáforo,S/D,Intersección,S/D,S/D,S/D,S/D,S/D,S/D,Colisión,S/D,S/D,S/D,S/D,POINT (-60.670860125 -32.962700725000005),"['27 de Febrero', 'Avenida Francia']",2,Bulevar 27 de Febrero; Avenida Francia,-32.962700725000005,-60.670860125,55.0,538.0,Municipio Rosario,Municipio,Rosario,820210,Servicio de Catastro e Información Territorial,IGN
2016,5961,2016-08-14,Domingo,0.0,,,0.0,2,"Automóvil,Otros",Cochabamba Y Lima,2,0,0,0,0,0,2,,Calle,,ROSARIO,Rosario,Asfalto,No existe,II,Dentro,Urbana,Ninguna,No existe,Intersección,S/D,S/D,S/D,S/D,S/D,S/D,Colisión,S/D,S/D,S/D,Sin restricción,POINT (-60.686285100000006 -32.9503655),"['Cochabamba', 'Lima']",2,Cochabamba; Lima,-32.9503655,-60.686285100000006,55.0,538.0,Municipio Rosario,Municipio,Rosario,820210,Servicio de Catastro e Información Territorial,IGN
2016,5962,2016-08-15,Lunes,0.0,,,0.0,2,"Automóvil,Otros",Iriondo Y E.Zeballos,2,0,0,0,0,0,2,,Calle,,ROSARIO,Rosario,Asfalto,S/D,II,Dentro,Urbana,S/D,No existe,Intersección,S/D,S/D,S/D,S/D,S/D,S/D,Colisión,S/D,S/D,S/D,S/D,POINT (-60.671761499999995 -32.9493534),"['Iriondo', 'Zeballos']",2,Iriondo; Zeballos,-32.9493534,-60.6717615,55.0,538.0,Municipio Rosario,Municipio,Rosario,820210,Servicio de Catastro e Información Territorial,IGN
2016,5963,2016-08-16,Martes,0.0,11:40:00,,0.0,2,"Automóvil,Otros",Alsina Y Cochabamba,3,1,0,0,0,0,2,,Calle,,ROSARIO,Rosario,Asfalto,S/D,II,Dentro,Urbana,S/D,No existe,Intersección,S/D,S/D,S/D,S/D,S/D,S/D,Colisión,S/D,Faltante,Ninguna,S/D,POINT (-60.67942969999999 -32.9515954),"['Alsina', 'Cochabamba']",2,Alsina; Cochabamba,-32.9515954,-60.67942969999999,55.0,538.0,Municipio Rosario,Municipio,Rosario,820210,Servicio de Catastro e Información Territorial,IGN
2016,5964,2016-08-16,Martes,0.0,,,0.0,2,"Automóvil,Otros",Cafferata 2300,2,0,0,0,0,0,2,,Calle,,ROSARIO,Rosario,Asfalto,S/D,II,Dentro,Urbana,S/D,No existe,Recta,S/D,S/D,S/D,S/D,S/D,S/D,Colisión,S/D,S/D,S/D,S/D,"-32.9581103, -60.6754833",['Cafferata 2300'],1,Cafferata 2300,-32.9581103,-60.6754833,55.0,538.0,Municipio Rosario,Municipio,Rosario,820210,Servicio de Catastro e Información Territorial,IGN
2016,5966,2016-08-18,Jueves,0.0,,,0.0,2,"Otros,Otros",Av. Francia Y Galvez,2,0,0,0,0,0,2,,Calle,,ROSARIO,Rosario,Asfalto,S/D,II,Dentro,Urbana,Semáforo,S/D,Intersección,S/D,Buena,S/D,S/D,S/D,S/D,Colisión,S/D,S/D,S/D,S/D,POINT (-60.671160050000005 -32.963889449999996),"['Avenida Francia', 'Galvez']",2,Avenida Francia; José Gálvez,-32.96388945,-60.671160050000005,55.0,538.0,Municipio Rosario,Municipio,Rosario,820210,Servicio de Catastro e Información Territorial,IGN
2016,5967,2016-08-11,Jueves,0.0,10:30:00,,0.0,2,"Pickup/Utilitario,Otros",Iriondo Y Pje. L.Miranda,3,0,0,0,0,0,3,,Calle,,ROSARIO,Rosario,Asfalto,S/D,II,Dentro,Urbana,Ninguna,S/D,Intersección,S/D,S/D,Diurna,S/D,S/D,S/D,Colisión,S/D,Faltante,S/D,Sin restricción,POINT (-60.6739345 -32.9579712),"['Iriondo', 'Miranda']",2,Iriondo; Lucía Miranda,-32.9579712,-60.6739345,55.0,538.0,Municipio Rosario,Municipio,Rosario,820210,Servicio de Catastro e Información Territorial,IGN
2016,5968,2016-08-01,Lunes,1.0,,,0.0,2,"Otros,Otros",Av. Francia Y La Paz,2,0,0,0,0,0,2,,Calle,,ROSARIO,Rosario,Asfalto,S/D,II,Dentro,Urbana,Otra Señal,S/D,Intersección,S/D,S/D,S/D,S/D,S/D,S/D,Colisión,S/D,S/D,S/D,S/D,POINT (-60.6699873 -32.95925095),"['Avenida Francia', 'La Paz']",2,Avenida Francia; La Paz,-32.95925095,-60.6699873,55.0,538.0,Municipio Rosario,Municipio,Rosario,820210,Servicio de Catastro e Información Territorial,IGN
2016,5975,2016-08-25,Jueves,0.0,9:45:00,,0.0,2,"Automóvil,Bicicleta",Malabia Bis Y J.B.Justo,2,1,0,0,1,0,0,,Calle,,ROSARIO,Rosario,Asfalto,No existe,II,Dentro,Urbana,Ninguna,No existe,Recta,Deteriorada,Buena,Nocturna,Buen Tiempo,Lateral,Ciclista,Atropello,S/D,Faltante,Ninguna,Sin restricción,POINT (-60.759900300000005 -32.9161796),"['Malabia', 'Justo']",2,Malabia; Justo José de Urquiza,-32.9161796,-60.759900300000005,55.0,538.0,Municipio Rosario,Municipio,Rosario,820210,Servicio de Catastro e Información Territorial,IGN
2016,5982,2016-08-15,Lunes,0.0,19:00:00,,0.0,2,"Automóvil,Moto/Ciclomotor",Av. Irigoyen Y Los Cocos,2,1,0,0,1,0,0,,Calle,,ROSARIO,Rosario,Asfalto,No existe,II,Dentro,Urbana,Ninguna,No existe,Intersección,Bueno,Buena,Atardecer,Buen Tiempo,Lateral,S/D,Colisión,Ninguna,Faltante,Ninguna,Sin restricción,POINT (-60.708027400000006 -32.884862),"['Avenida Hipólito Irigoyen', 'Los Cocos']",2,Avenida Hipólito Irigoyen; Los Cocos,-32.884862,-60.708027400000006,55.0,538.0,Municipio Rosario,Municipio,Rosario,820210,Servicio de Catastro e Información Territorial,IGN
2016,5997,2016-08-04,Jueves,0.0,9:55:00,,0.0,2,"Automóvil,Moto/Ciclomotor",Cerrito Y Necochea,2,1,0,0,1,0,0,,Calle,,ROSARIO,Rosario,Asfalto,S/D,II,Dentro,Urbana,Ninguna,S/D,Intersección,Bueno,Buena,Diurna,Buen Tiempo,S/D,S/D,Colisión,S/D,S/D,Ninguna,Sin restricción,POINT (-60.628048699999994 -32.96436419999999),"['Cerrito', 'Necochea']",2,Cerrito; Necochea,-32.96436419999999,-60.6280487,55.0,538.0,Municipio Rosario,Municipio,Rosario,820210,Servicio de Catastro e Información Territorial,IGN
2016,5998,2016-08-04,Jueves,0.0,21:20:00,,0.0,2,"Automóvil,Moto/Ciclomotor",Ayacucho Y Ocampo,3,1,0,0,2,0,0,,Calle,,ROSARIO,Rosario,Asfalto,S/D,II,Dentro,Urbana,Ninguna,S/D,Intersección,Bueno,Buena,Nocturna,Buen Tiempo,S/D,S/D,Colisión,S/D,S/D,Ninguna,Sin restricción,POINT (-60.6319408 -32.9684595),"['Ayacucho', 'Ocampo']",2,Ayacucho; Ocampo,-32.9684595,-60.6319408,55.0,538.0,Municipio Rosario,Municipio,Rosario,820210,Servicio de Catastro e Información Territorial,IGN
2016,6000,2016-08-05,Viernes,0.0,11:30:00,,0.0,2,"Moto/Ciclomotor,Automóvil",Necochea Y Cerrito,2,1,0,0,1,0,0,,Calle,,ROSARIO,Rosario,Asfalto,S/D,II,Dentro,Urbana,Señal Pare,S/D,Intersección,Bueno,Buena,Diurna,Buen Tiempo,Lateral,S/D,Colisión,S/D,Horizontal,Ninguna,Sin restricción,POINT (-60.628048699999994 -32.96436419999999),"['Necochea', 'Cerrito']",2,Necochea; Cerrito,-32.96436419999999,-60.6280487,55.0,538.0,Municipio Rosario,Municipio,Rosario,820210,Servicio de Catastro e Información Territorial,IGN
2016,6001,2016-08-05,Viernes,0.0,21:20:00,,0.0,2,"Bicicleta,Automóvil",Laprida Y Ituzaingo,2,1,0,0,1,0,0,,Calle,,ROSARIO,Rosario,Asfalto,S/D,II,Dentro,Urbana,Ninguna,S/D,Intersección,Bueno,Buena,Nocturna,Buen Tiempo,S/D,Ciclista,Atropello,S/D,Faltante,Ninguna,Sin restricción,POINT (-60.6378573 -32.961426),"['Laprida', 'Ituzaingó']",2,Francisco Narciso Laprida; Ituzaingó,-32.961426,-60.6378573,55.0,538.0,Municipio Rosario,Municipio,Rosario,820210,Servicio de Catastro e Información Territorial,IGN
2016,6003,2016-08-07,Domingo,0.0,,,0.0,2,"Automóvil,Moto/Ciclomotor",L.N.Alem Y La Paz,2,1,0,0,1,0,0,,Calle,,ROSARIO,Rosario,Asfalto,S/D,II,Dentro,Urbana,Ninguna,S/D,Intersección,Bueno,Buena,S/D,Buen Tiempo,Lateral,S/D,Colisión,S/D,S/D,S/D,Sin restricción,POINT (-60.6327207 -32.96593089999998),"['Alem', 'La Paz']",2,Leandro N. Alem; La Paz,-32.96593089999998,-60.6327207,55.0,538.0,Municipio Rosario,Municipio,Rosario,820210,Servicio de Catastro e Información Territorial,IGN
2016,6005,2016-08-08,Lunes,0.0,10:15:00,,0.0,2,"Automóvil,Moto/Ciclomotor",Riobamba Y Laprida,2,1,0,0,1,0,0,,Calle,,ROSARIO,Rosario,Asfalto,S/D,II,Dentro,Urbana,Ninguna,S/D,Intersección,Bueno,Buena,Diurna,Buen Tiempo,S/D,S/D,Colisión,S/D,S/D,Ninguna,Sin restricción,POINT (-60.6384293 -32.9637312),"['Riobamba', 'Laprida']",2,Riobamba; Francisco Narciso Laprida,-32.9637312,-60.6384293,55.0,538.0,Municipio Rosario,Municipio,Rosario,820210,Servicio de Catastro e Información Territorial,IGN
2016,6006,2016-08-14,Domingo,0.0,16:30:00,,0.0,2,"Automóvil,Moto/Ciclomotor",Viamonte Y 1 de Mayo,3,2,0,0,1,0,0,,Calle,,ROSARIO,Rosario,Asfalto,S/D,II,Dentro,Urbana,Ninguna,S/D,Intersección,Bueno,Buena,Diurna,Buen Tiempo,S/D,S/D,Colisión,S/D,S/D,Ninguna,Sin restricción,POINT (-60.634418 -32.9668452),"['Viamonte', 'Primero de Mayo']",2,Viamonte; Primero de Mayo,-32.9668452,-60.634418,55.0,538.0,Municipio Rosario,Municipio,Rosario,820210,Servicio de Catastro e Información Territorial,IGN