anio_acci,nro_acci,fecha,desc_dia,fecha_aprox,hora_aprox,desc_ruta,km,cant_participantes,desc_participante,calle_avenida_km,total,heridos_leves,heridos_graves,heridos_gravisimos,ilesos,fallecidos,sin_datos,posicion_XY,desc_tipo_via,desc_ruta_ori,desc_loc,desc_dpto,desc_tipo_calzada,desc_tipo_banquina,desc_unidad_regional,desc_lugar_calzada,desc_zona,desc_prioridad,desc_estado_semaforo,desc_lugar_via,desc_estado_via,desc_estado_visibilidad,desc_luminosidad,desc_estado_clima,desc_tipo_colision,desc_tipo_atropello,desc_tipo_hecho,desc_pres_calzada,desc_senializacion,desc_separacion_via,desc_restriccion,forma_geocod,calle_lista,numero_calles,calles_osm,lat,lon,index_right,gid,fna,gna,nam,in1,fdc,sag
2016,6008,2016-08-12,Viernes,0.0,12:00:00,,0.0,2,"Moto/Ciclomotor,Automóvil",Ayacucho Y Ituzaingo,3,2,0,0,1,0,0,,Calle,,ROSARIO,Rosario,Hormigón,S/D,II,Dentro,Urbana,Ninguna,S/D,Intersección,Bueno,Buena,Diurna,Buen Tiempo,S/D,S/D,Colisión,S/D,S/D,Ninguna,Sin restricción,POINT (-60.63049190000001 -32.96271439999999),"['Ayacucho', 'Ituzaingó']",2,Ayacucho; Ituzaingó,-32.96271439999999,-60.63049190000001,55.0,538.0,Municipio Rosario,Municipio,Rosario,820210,Servicio de Catastro e Información Territorial,IGN
2016,6009,2016-08-22,Lunes,0.0,13:30:00,,0.0,3,"Automóvil,Automóvil,Peatón",Buenos Aires Y La Paz,5,2,0,0,3,0,0,,Calle,,ROSARIO,Rosario,Asfalto,S/D,II,Dentro,Urbana,S/D,S/D,Intersección,Bueno,Buena,Diurna,Buen Tiempo,Múltiple,Peatón,Atropello,S/D,S/D,Ninguna,Sin restricción,POINT (-60.6371524 -32.96514349999999),"['Buenos Aires', 'La Paz']",2,Buenos Aires; La Paz,-32.96514349999999,-60.6371524,55.0,538.0,Municipio Rosario,Municipio,Rosario,820210,Servicio de Catastro e Información Territorial,IGN
2016,6010,2016-08-27,Sabado,0.0,12:00:00,,0.0,2,"Moto/Ciclomotor,Automóvil",Bv. 27 De Febrero Y J.M.de Rosas,2,1,0,0,1,0,0,,Calle,,ROSARIO,Rosario,Hormigón,S/D,II,Dentro,Urbana,S/D,S/D,Intersección,Bueno,Buena,Diurna,Buen Tiempo,S/D,S/D,Colisión,S/D,S/D,S/D,Sin restricción,POINT (-60.63658995 -32.968827499999996),"['27 de Febrero', 'De Rosas']",2,Bulevar 27 de Febrero; Juan Manuel de Rosas,-32.9688275,-60.63658995,55.0,538.0,Municipio Rosario,Municipio,Rosario,820210,Servicio de Catastro e Información Territorial,IGN
2016,6032,2016-06-06,Lunes,0.0,,,0.0,2,"Otros,Otros",Av. Sorrento Y Calvo,2,1,0,0,1,0,0,,S/D,,ROSARIO,Rosario,Asfalto,No existe,II,S/D,S/D,Ninguna,No existe,Recta,Deteriorada,S/D,S/D,Buen Tiempo,Lateral,S/D,Colisión,Ninguna,S/D,Ninguna,"Obra en Construcción,Desvío Provisorio",POINT (-60.70268475 -32.90744885),"['Sorrento', 'Calvo']",2,Avenida Sorrento; Calvo,-32.90744885,-60.70268475,55.0,538.0,Municipio Rosario,Municipio,Rosario,820210,Servicio de Catastro e Información Territorial,IGN
2016,6033,2016-06-08,Miercoles,0.0,,,0.0,2,"Otros,Otros",Superi Y Warnes,2,1,0,0,1,0,0,,Calle,,ROSARIO,Rosario,Asfalto,No existe,II,S/D,Urbana,S/D,No existe,Intersección,Bueno,Buena,Diurna,Buen Tiempo,Lateral,S/D,Colisión,Ninguna,S/D,Ninguna,Sin restricción,POINT (-60.6939113 -32.89455149999999),"['Superi', 'Warnes']",2,Comandante José Superí; Ignacio Warnes,-32.89455149999999,-60.6939113,55.0,538.0,Municipio Rosario,Municipio,Rosario,820210,Servicio de Catastro e Información Territorial,IGN
2016,6034,2016-06-10,Viernes,0.0,14:00:00,,0.0,2,"Peatón,Otros",Cavia Y Casiano Casas,2,1,0,0,1,0,0,,Calle,,ROSARIO,Rosario,Asfalto,No existe,II,Dentro,Urbana,Paso Peatonal,No existe,Recta,S/D,S/D,Diurna,Buen Tiempo,S/D,Peatón,Atropello,Ninguna,S/D,Cordón divisorio,Sin restricción,POINT (-60.7084943 -32.90172990000001),"['Cavia', 'Avenida Casiano Casas']",2,Cavia; Avenida Casiano Casas,-32.90172990000001,-60.7084943,55.0,538.0,Municipio Rosario,Municipio,Rosario,820210,Servicio de Catastro e Información Territorial,IGN
2016,6035,2016-06-11,Sabado,0.0,15:50:00,,0.0,2,"Otros,Otros",Baigorria Y Warnes,4,3,0,0,1,0,0,,Calle,,ROSARIO,Rosario,Asfalto,No existe,II,Dentro,Urbana,Señal Pare,No existe,Recta,Bueno,Buena,Diurna,Buen Tiempo,Lateral,S/D,Colisión,Ninguna,Vertical,Ninguna,Sin restricción,POINT (-60.6947491 -32.89186080000001),"['Baigorria', 'Warnes']",2,Baigorria; Ignacio Warnes,-32.89186080000001,-60.6947491,55.0,538.0,Municipio Rosario,Municipio,Rosario,820210,Servicio de Catastro e Información Territorial,IGN
2016,6036,2016-06-23,Jueves,0.0,10:45:00,,0.0,2,"Otros,Otros",Gurruchaga Y Warnes,2,1,0,0,1,0,0,,Calle,,ROSARIO,Rosario,Asfalto,No existe,II,Dentro,Urbana,Señal Pare,No existe,Intersección,Bueno,Buena,Diurna,Buen Tiempo,Lateral,S/D,Colisión,Ninguna,Vertical,S/D,Sin restricción,POINT (-60.69060960000001 -32.905440000000006),"['Gurruchaga', 'Warnes']",2,Gurruchaga; Ignacio Warnes,-32.905440000000006,-60.69060960000001,55.0,538.0,Municipio Rosario,Municipio,Rosario,820210,Servicio de Catastro e Información Territorial,IGN
2016,6037,2016-06-11,Sabado,0.0,1:20:00,,0.0,2,"Otros,Otros",Bv. Rondeau Y Baigorria,2,1,0,0,1,0,0,,Avenida,,ROSARIO,Rosario,Asfalto,No existe,II,Dentro,Urbana,Semáforo,Funciona,Intersección,Bueno,Reducida,Nocturna,Buen Tiempo,Lateral,S/D,Colisión,Ninguna,S/D,Cordón divisorio,Sin restricción,POINT (-60.693283075000004 -32.89152782499999),"['Rondeau', 'Baigorria']",2,Bulevar General José Rondeau; Baigorria,-32.89152782499999,-60.693283075,55.0,538.0,Municipio Rosario,Municipio,Rosario,820210,Servicio de Catastro e Información Territorial,IGN
2016,6038,2016-06-22,Miercoles,0.0,18:30:00,,0.0,2,"Peatón,Otros",Darragueira Y Larrechea,2,1,0,0,1,0,0,,Calle,,ROSARIO,Rosario,Asfalto,No existe,II,Dentro,Urbana,Ninguna,No existe,Recta,Bueno,Buena,Atardecer,Buen Tiempo,S/D,Peatón,Atropello,Ninguna,Faltante,Ninguna,Sin restricción,POINT (-60.694351399999995 -32.89691249999999),"['José Darragueira', 'Larrechea']",2,José Darragueira; Larrechea,-32.89691249999999,-60.6943514,55.0,538.0,Municipio Rosario,Municipio,Rosario,820210,Servicio de Catastro e Información Territorial,IGN
2016,6039,2016-08-16,Martes,0.0,19:10:00,,0.0,2,"Otros,Otros",Av. Genova 1900,2,1,0,0,1,0,0,,Calle,,ROSARIO,Rosario,Asfalto,S/D,II,Dentro,Urbana,Ninguna,S/D,Recta,Bueno,Buena,Diurna,Buen Tiempo,Lateral,S/D,Colisión,Ninguna,S/D,Ninguna,Sin restricción,"-32.9152413, -60.6893812",['Genova 1900'],1,Genova 1900,-32.9152413,-60.6893812,55.0,538.0,Municipio Rosario,Municipio,Rosario,820210,Servicio de Catastro e Información Territorial,IGN
2016,6145,2016-05-26,Jueves,0.0,,,0.0,2,"Automóvil,Automóvil",Av. Corrientes Y Gaboto,2,2,0,0,0,0,0,,Calle,,ROSARIO,Rosario,S/D,S/D,II,Dentro,Urbana,Señal Pare,S/D,Intersección,S/D,S/D,S/D,S/D,S/D,S/D,Colisión,S/D,S/D,S/D,S/D,POINT (-60.6491421 -32.9725927),"['Corrientes', 'Gaboto']",2,Corrientes; Gaboto,-32.9725927,-60.6491421,55.0,538.0,Municipio Rosario,Municipio,Rosario,820210,Servicio de Catastro e Información Territorial,IGN
2016,6154,2016-09-15,Jueves,0.0,9:40:00,,0.0,2,"Bicicleta,Automóvil",Bv. Wilde Y San Lorenzo,2,1,0,0,1,0,0,,Calle,,ROSARIO,Rosario,Asfalto,Pavimento,II,Dentro,Urbana,Ninguna,No existe,Recta,Bueno,Buena,Diurna,Buen Tiempo,S/D,Ciclista,Atropello,S/D,Faltante,S/D,Sin restricción,POINT (-60.7386827 -32.935282349999994),"['Bulevar Wilde', 'San Lorenzo']",2,Bulevar Wilde; San Lorenzo,-32.935282349999994,-60.7386827,55.0,538.0,Municipio Rosario,Municipio,Rosario,820210,Servicio de Catastro e Información Territorial,IGN
2016,6155,2016-09-17,Sabado,0.0,23:00:00,,0.0,2,"Automóvil,Moto/Ciclomotor",Nicaragua Y Mendoza,2,2,0,0,0,0,0,,Calle,,ROSARIO,Rosario,Asfalto,Pavimento,II,Dentro,Urbana,Ninguna,No existe,Recta,S/D,Buena,Nocturna,Buen Tiempo,Lateral,S/D,Colisión,S/D,Faltante,S/D,Sin restricción,POINT (-60.720695799999994 -32.94045335),"['Nicaragua', 'Mendoza']",2,Nicaragua; Mendoza,-32.94045335,-60.7206958,55.0,538.0,Municipio Rosario,Municipio,Rosario,820210,Servicio de Catastro e Información Territorial,IGN
2016,6156,2016-09-19,Lunes,0.0,10:00:00,,0.0,2,"Automóvil,Moto/Ciclomotor",Brasil Y Cerrito,2,1,0,0,1,0,0,,Calle,,ROSARIO,Rosario,Asfalto,Natural,II,Dentro,Urbana,Ninguna,No existe,S/D,Bueno,Buena,Diurna,Buen Tiempo,Frontal,S/D,Colisión,S/D,Faltante,S/D,Sin restricción,POINT (-60.71901700000001 -32.9535195),"['Brasil', 'Cerrito']",2,Brasil; Cerrito,-32.9535195,-60.71901700000001,55.0,538.0,Municipio Rosario,Municipio,Rosario,820210,Servicio de Catastro e Información Territorial,IGN
2016,6164,2016-09-01,Jueves,0.0,13:30:00,,0.0,2,"Moto/Ciclomotor,Transporte de Pasajeros Urbano (> 8 asientos)",Tarragona Y Ayala Gauna,2,1,0,0,1,0,0,,Calle,,ROSARIO,Rosario,Asfalto,S/D,II,Dentro,Urbana,S/D,S/D,Intersección,S/D,S/D,Diurna,S/D,S/D,S/D,Colisión,S/D,S/D,S/D,S/D,POINT (-60.7352862 -32.9125474),"['Tarragona', 'Ayala Gauna']",2,Tarragona; Ayala Gauna,-32.9125474,-60.7352862,55.0,538.0,Municipio Rosario,Municipio,Rosario,820210,Servicio de Catastro e Información Territorial,IGN
2016,6165,2016-09-20,Martes,0.0,12:00:00,,0.0,2,"Moto/Ciclomotor,Automóvil",Av. Circunvalacion 1900,3,2,0,0,1,0,0,,Calle,,ROSARIO,Rosario,Asfalto,S/D,II,Dentro,Urbana,S/D,S/D,Recta,S/D,S/D,Diurna,S/D,S/D,S/D,Colisión,S/D,S/D,S/D,S/D,"-32.9341145, -60.7229919",['Circunvalacion 1900'],1,Circunvalacion 1900,-32.9341145,-60.7229919,55.0,538.0,Municipio Rosario,Municipio,Rosario,820210,Servicio de Catastro e Información Territorial,IGN
2016,6166,2016-09-23,Viernes,0.0,23:25:00,,0.0,2,"Moto/Ciclomotor,Automóvil",Sanchez de Loria Y Schweitzer,3,2,0,0,1,0,0,,Calle,,ROSARIO,Rosario,Asfalto,S/D,II,Dentro,Urbana,S/D,S/D,Intersección,S/D,Buena,Nocturna,S/D,S/D,S/D,Colisión,S/D,S/D,S/D,S/D,POINT (-60.732890600000005 -32.9137264),"['Sánchez de Loria', 'Albert Schweitzer']",2,Sánchez de Loria; Albert Schweitzer,-32.9137264,-60.732890600000005,55.0,538.0,Municipio Rosario,Municipio,Rosario,820210,Servicio de Catastro e Información Territorial,IGN
2016,6167,2016-09-27,Martes,0.0,8:30:00,,0.0,2,"Moto/Ciclomotor,Automóvil",Av. Jorge Newbery Y Gonzalez del Solar,2,1,0,0,1,0,0,,Calle,,ROSARIO,Rosario,S/D,S/D,II,Dentro,Urbana,S/D,S/D,Intersección,S/D,S/D,Diurna,S/D,S/D,S/D,Colisión,S/D,S/D,S/D,S/D,POINT (-60.73778653333333 -32.908624366666665),"['Jorge Newbery', 'González del Solar']",2,Avenida Jorge Newbery; González del Solar,-32.908624366666665,-60.73778653333333,55.0,538.0,Municipio Rosario,Municipio,Rosario,820210,Servicio de Catastro e Información Territorial,IGN
2016,6171,2016-06-03,Viernes,0.0,14:15:00,,0.0,2,"Peatón,Pickup/Utilitario",Av. Ovidio Lagos 170,2,1,0,0,1,0,0,,Calle,,ROSARIO,Rosario,S/D,S/D,II,Dentro,Urbana,S/D,S/D,S/D,S/D,S/D,Diurna,S/D,S/D,Peatón,Atropello,S/D,S/D,S/D,S/D,"-32.934878281632656, -60.65967235714285",['Ovidio Lagos 170'],1,Ovidio Lagos 170,-32.934878281632656,-60.65967235714285,55.0,538.0,Municipio Rosario,Municipio,Rosario,820210,Servicio de Catastro e Información Territorial,IGN
2016,6172,2016-09-10,Sabado,0.0,,,0.0,1,Automóvil,Blomberg Y Av. Circunvalacion,2,2,0,0,0,0,0,,Calle,,ROSARIO,Rosario,Asfalto,Ripio,II,S/D,Urbana,Ninguna,No existe,Recta,Bueno,Buena,Nocturna,Buen Tiempo,Contra objeto fijo,S/D,Colisión,Ninguna,Faltante,Guardarrail,Sin restricción,POINT (-60.71859260000001 -32.8912727),"['Blomberg', 'Circunvalacion']",2,"('Blomberg', 'Colectora José María Rosa')",-32.8912727,-60.71859260000001,55.0,538.0,Municipio Rosario,Municipio,Rosario,820210,Servicio de Catastro e Información Territorial,IGN
2016,6173,2016-09-10,Sabado,0.0,16:30:00,,0.0,2,"Pickup/Utilitario,Moto/Ciclomotor",Pavon Y Centenario,3,2,0,0,1,0,0,,Calle,,ROSARIO,Rosario,Asfalto,No existe,II,Dentro,Urbana,Ninguna,S/D,Intersección,Bueno,S/D,Diurna,Buen Tiempo,S/D,S/D,Colisión,S/D,S/D,Ninguna,Sin restricción,POINT (-60.6340104 -33.00382249999999),"['Pavón', 'Centenario']",2,Pavón; Avenida Centenario Rosario Central,-33.00382249999999,-60.6340104,55.0,538.0,Municipio Rosario,Municipio,Rosario,820210,Servicio de Catastro e Información Territorial,IGN
2016,6175,2016-09-09,Viernes,0.0,14:30:00,,0.0,2,"Moto/Ciclomotor,Automóvil",Av. Uriburu Y Ayacucho,3,1,1,0,1,0,0,,Calle,,ROSARIO,Rosario,Asfalto,No existe,II,Dentro,Urbana,Semáforo,Funciona,Intersección,S/D,Buena,Diurna,S/D,Lateral,S/D,Colisión,S/D,S/D,Cordón divisorio,Sin restricción,POINT (-60.63691935000001 -32.990357849999995),"['Uriburu', 'Ayacucho']",2,Avenida José Uriburu; Ayacucho,-32.990357849999995,-60.63691935000001,55.0,538.0,Municipio Rosario,Municipio,Rosario,820210,Servicio de Catastro e Información Territorial,IGN
2016,6176,2016-09-15,Jueves,0.0,22:30:00,,0.0,1,Moto/Ciclomotor,Manuel Garcia Y Baigorria,1,1,0,0,0,0,0,,Calle,,ROSARIO,Rosario,Asfalto,No existe,II,Dentro,Urbana,Ninguna,No existe,Intersección,Bueno,Reducida,Nocturna,Buen Tiempo,S/D,S/D,Colisión,S/D,Faltante,Cordón divisorio,Sin restricción,POINT (-60.7144162 -32.89385119999999),"['Manuel García', 'Baigorria']",2,Manuel García; Baigorria,-32.89385119999999,-60.7144162,55.0,538.0,Municipio Rosario,Municipio,Rosario,820210,Servicio de Catastro e Información Territorial,IGN
2016,6177,2016-09-09,Viernes,0.0,7:30:00,,0.0,2,"Automóvil,Bicicleta",Av. Arijon Y Alvear,2,1,0,0,1,0,0,,Calle,,ROSARIO,Rosario,Asfalto,No existe,II,Dentro,Urbana,Ninguna,No existe,Intersección,S/D,Buena,Diurna,S/D,Lateral,Ciclista,Atropello,Agua,S/D,Ninguna,S/D,POINT (-60.6237702 -33.0022678),"['Avenida Manuel Arijón', 'Alvear']",2,"('Avenida Manuel Arijón', 'Marcelo T. de Alvear')",-33.0022678,-60.6237702,55.0,538.0,Municipio Rosario,Municipio,Rosario,820210,Servicio de Catastro e Información Territorial,IGN
2016,6178,2016-09-16,Viernes,0.0,19:30:00,,0.0,2,"Moto/Ciclomotor,Automóvil",Buenos Aires Y Dean Funes,2,1,0,0,1,0,0,,S/D,,ROSARIO,Rosario,Asfalto,No existe,II,S/D,S/D,Señal Pare,No existe,Intersección,Bueno,Buena,"Nocturna,Con luz artificial",Buen Tiempo,Lateral,S/D,Colisión,Ninguna,Vertical,Ninguna,Sin restricción,POINT (-60.640053 -32.976632099999996),"['Buenos Aires', 'Deán Gregorio Funes']",2,Buenos Aires; Deán Gregorio Funes,-32.9766321,-60.640053,55.0,538.0,Municipio Rosario,Municipio,Rosario,820210,Servicio de Catastro e Información Territorial,IGN
2016,6179,2016-09-10,Sabado,0.0,15:10:00,,0.0,2,"Automóvil,Automóvil",Av. Casiano Casas 2200,3,1,0,0,2,0,0,,Avenida,,ROSARIO,Rosario,Asfalto,No existe,II,Dentro,Urbana,Ninguna,No existe,Recta,Bueno,Buena,Diurna,Buen Tiempo,S/D,S/D,Colisión,S/D,Faltante,S/D,Sin restricción,"-32.8950895, -60.7155894",['Casiano Casas 2200'],1,Casiano Casas 2200,-32.8950895,-60.7155894,55.0,538.0,Municipio Rosario,Municipio,Rosario,820210,Servicio de Catastro e Información Territorial,IGN
2016,6180,2016-09-10,Sabado,0.0,19:30:00,,0.0,2,"Moto/Ciclomotor,Automóvil",Ayacucho Y Av. Battle y Ordoñez,4,3,0,0,1,0,0,,Calle,,ROSARIO,Rosario,Asfalto,No existe,II,Dentro,Urbana,Semáforo,S/D,Intersección,Bueno,S/D,Diurna,S/D,Lateral,S/D,Colisión,S/D,Faltante,Línea divisoria pintada,Sin restricción,POINT (-60.6358011 -33.008555699999995),"['Ayacucho', 'Avenida Battle y Ordoñez']",2,Ayacucho; Avenida Battle y Ordoñez,-33.008555699999995,-60.6358011,55.0,538.0,Municipio Rosario,Municipio,Rosario,820210,Servicio de Catastro e Información Territorial,IGN
2016,6183,2016-09-13,Martes,0.0,17:40:00,,0.0,2,"Moto/Ciclomotor,Automóvil",Maipu Y Gaboto,2,1,0,0,1,0,0,,Calle,,ROSARIO,Rosario,Asfalto,No existe,II,Dentro,Urbana,Ninguna,No existe,Intersección,Bueno,Buena,Diurna,Buen Tiempo,Lateral,S/D,Colisión,Ninguna,Faltante,Ninguna,Sin restricción,POINT (-60.642193 -32.97384099999999),"['Maipú', 'Gaboto']",2,Maipú; Gaboto,-32.97384099999999,-60.642193,55.0,538.0,Municipio Rosario,Municipio,Rosario,820210,Servicio de Catastro e Información Territorial,IGN
2016,6185,2016-09-16,Viernes,0.0,,,0.0,2,"Moto/Ciclomotor,Automóvil",Ayacucho Y Av. Ntra.Sra.del Rosario,3,2,0,0,1,0,0,,Calle,,ROSARIO,Rosario,Asfalto,No existe,II,Dentro,Urbana,Semáforo,Funciona,Intersección,Bueno,Buena,Diurna,S/D,S/D,S/D,Colisión,S/D,S/D,Línea divisoria pintada,Sin restricción,POINT (-60.63633029999999 -32.99953090000001),"['Ayacucho', 'Nuestra Señora del Rosario']",2,Ayacucho; Puente Nuestra Señora del Rosario,-32.99953090000001,-60.63633029999999,55.0,538.0,Municipio Rosario,Municipio,Rosario,820210,Servicio de Catastro e Información Territorial,IGN
2016,6187,2016-09-10,Sabado,0.0,19:30:00,,0.0,2,"Taxi/Remis,Automóvil",L.N.Alem Y Amenabar,4,3,0,0,1,0,0,,Calle,,ROSARIO,Rosario,Asfalto,No existe,II,Dentro,Urbana,Ninguna,No existe,Intersección,Bueno,Buena,"Nocturna,Con luz artificial",Buen Tiempo,Lateral,S/D,Colisión,Ninguna,Faltante,Ninguna,Sin restricción,POINT (-60.634784399999994 -32.9739879),"['Alem', 'Amenabar']",2,Leandro N. Alem; José de Amenábar,-32.9739879,-60.6347844,55.0,538.0,Municipio Rosario,Municipio,Rosario,820210,Servicio de Catastro e Información Territorial,IGN
2016,6188,2016-09-11,Domingo,0.0,9:10:00,,0.0,2,"Automóvil,Automóvil",Av. Battle y Ordoñez Y Buenos Aires,2,1,0,0,1,0,0,,Calle,,ROSARIO,Rosario,Asfalto,S/D,II,Dentro,Urbana,Ninguna,No existe,Intersección,Bueno,Buena,Diurna,Otro,S/D,S/D,Colisión,Ninguna,Horizontal,Línea divisoria pintada,Sin restricción,POINT (-60.6446941 -33.00881379999999),"['Avenida Battle y Ordoñez', 'Buenos Aires']",2,Avenida Battle y Ordoñez; Buenos Aires,-33.00881379999999,-60.6446941,55.0,538.0,Municipio Rosario,Municipio,Rosario,820210,Servicio de Catastro e Información Territorial,IGN
2016,6189,2016-09-19,Lunes,0.0,8:35:00,,0.0,2,"Automóvil,Moto/Ciclomotor",Av. Battle y Ordoñez Y Paraguay,2,1,0,0,1,0,0,,Avenida,,ROSARIO,Rosario,Asfalto,No existe,II,Dentro,Urbana,Señal Pare,No existe,Intersección,Bueno,Buena,Diurna,S/D,Lateral,S/D,Colisión,Ninguna,Horizontal,Cordón divisorio,Sin restricción,POINT (-60.65444640000001 -33.0090283),"['Avenida Battle y Ordoñez', 'Paraguay']",2,Avenida Battle y Ordoñez; Paraguay,-33.0090283,-60.65444640000001,55.0,538.0,Municipio Rosario,Municipio,Rosario,820210,Servicio de Catastro e Información Territorial,IGN
2016,6190,2016-09-01,Jueves,0.0,8:30:00,,0.0,2,"Automóvil,Moto/Ciclomotor",Bv. 27 De Febrero ,3,2,0,0,1,0,0,,Calle,,ROSARIO,Rosario,Asfalto,No existe,II,Dentro,Urbana,Ninguna,No existe,Intersección,Bueno,Buena,Diurna,Buen Tiempo,S/D,S/D,Colisión,S/D,Faltante,S/D,Sin restricción,"-32.9648201, -60.6586542",['27 de Febrero'],1,27 de Febrero,-32.9648201,-60.6586542,55.0,538.0,Municipio Rosario,Municipio,Rosario,820210,Servicio de Catastro e Información Territorial,IGN
2016,6191,2016-09-03,Sabado,0.0,13:30:00,,0.0,2,"Moto/Ciclomotor,Automóvil",Buenos Aires Y Ocampo,2,1,0,0,1,0,0,,Calle,,ROSARIO,Rosario,Asfalto,No existe,II,Dentro,Urbana,Señal Pare,No existe,Intersección,Bueno,Buena,Diurna,Buen Tiempo,S/D,S/D,Colisión,S/D,Vertical,S/D,S/D,POINT (-60.637728 -32.9674326),"['Buenos Aires', 'Ocampo']",2,Buenos Aires; Ocampo,-32.9674326,-60.637728,55.0,538.0,Municipio Rosario,Municipio,Rosario,820210,Servicio de Catastro e Información Territorial,IGN
2016,6192,2016-09-02,Viernes,0.0,20:00:00,,0.0,2,"Moto/Ciclomotor,Automóvil",Mar Chiquita Y Av. Ovidio Lagos,2,1,0,0,1,0,0,,S/D,,ROSARIO,Rosario,Asfalto,Natural,II,Dentro,Urbana,Ninguna,No existe,Intersección,Bueno,Buena,Nocturna,Buen Tiempo,Lateral,S/D,Colisión,Ninguna,Faltante,Ninguna,Sin restricción,POINT (-60.6812626 -33.026628900000006),"['Mar Chiquita', 'Avenida Ovidio Lagos']",2,Mar Chiquita; Avenida Ovidio Lagos,-33.026628900000006,-60.6812626,55.0,538.0,Municipio Rosario,Municipio,Rosario,820210,Servicio de Catastro e Información Territorial,IGN
2016,6193,2016-09-25,Domingo,0.0,20:00:00,,0.0,2,"Moto/Ciclomotor,Automóvil",Av. Ovidio Lagos 6600,3,1,0,0,2,0,0,,Avenida,,ROSARIO,Rosario,Asfalto,Pavimento,II,Dentro,Urbana,Ninguna,No existe,Recta,Bueno,Buena,Nocturna,Buen Tiempo,Lateral,S/D,Colisión,Ninguna,Faltante,Cordón divisorio,Sin restricción,"-32.9700442, -60.668095",['Ovidio Lagos 6600'],1,Ovidio Lagos 6600,-32.9700442,-60.668095,55.0,538.0,Municipio Rosario,Municipio,Rosario,820210,Servicio de Catastro e Información Territorial,IGN
2016,6194,2016-09-07,Miercoles,0.0,,,0.0,2,"Bicicleta,Taxi/Remis",La Paz 600,2,1,0,0,1,0,0,,Calle,,ROSARIO,Rosario,Asfalto,No existe,II,Dentro,Urbana,Ninguna,No existe,Recta,Bueno,Buena,S/D,Buen Tiempo,S/D,Ciclista,Atropello,S/D,S/D,S/D,Obra en Construcción,"-32.9653751, -60.635546",['La Paz 600'],1,La Paz 600,-32.9653751,-60.635546,55.0,538.0,Municipio Rosario,Municipio,Rosario,820210,Servicio de Catastro e Información Territorial,IGN
2016,6195,2016-09-28,Miercoles,0.0,9:20:00,,0.0,2,"Automóvil,Moto/Ciclomotor",Bv. Segui Y Sarmiento,2,1,0,0,1,0,0,,Avenida,,ROSARIO,Rosario,Asfalto,No existe,II,Dentro,Urbana,Ninguna,No existe,Intersección,Bueno,Buena,Diurna,Buen Tiempo,De alcance,S/D,Colisión,Ninguna,Faltante,Ninguna,Sin restricción,POINT (-60.64638135 -32.9790819),"['Bulevar Juan Francisco Seguí', 'Sarmiento']",2,Bulevar Juan Francisco Seguí; Sarmiento,-32.9790819,-60.64638135,55.0,538.0,Municipio Rosario,Municipio,Rosario,820210,Servicio de Catastro e Información Territorial,IGN
2016,6196,2016-09-09,Viernes,0.0,10:30:00,,0.0,2,"Bicicleta,Automóvil",Pje. Turin Y Cazadores,2,1,0,0,1,0,0,,Calle,,ROSARIO,Rosario,Asfalto,No existe,II,Dentro,Urbana,Ninguna,No existe,Intersección,Bueno,Buena,Diurna,Buen Tiempo,Lateral,Ciclista,Atropello,Ninguna,Faltante,Ninguna,Sin restricción,POINT (-60.661231400000005 -33.0044081),"['Turín', 'Cazadores']",2,Pasaje Turín; Cazadores,-33.0044081,-60.661231400000005,55.0,538.0,Municipio Rosario,Municipio,Rosario,820210,Servicio de Catastro e Información Territorial,IGN
2016,6197,2016-09-27,Martes,0.0,10:15:00,,0.0,2,"Moto/Ciclomotor,Moto/Ciclomotor",Pte.Quintana Y Bv. Oroño,2,1,0,0,1,0,0,,Calle,,ROSARIO,Rosario,Asfalto,No existe,II,Dentro,Urbana,Semáforo,Funciona,Intersección,Bueno,Buena,Diurna,Buen Tiempo,De alcance,S/D,Colisión,Ninguna,Horizontal,Ninguna,Sin restricción,POINT (-60.663744075000004 -32.990686375),"['Quintana', 'Bulevar Nicasio Oroño']",2,Presidente Quintana; Bulevar Nicasio Oroño,-32.990686375,-60.663744075,55.0,538.0,Municipio Rosario,Municipio,Rosario,820210,Servicio de Catastro e Información Territorial,IGN
2016,6198,2016-09-24,Sabado,0.0,9:45:00,,0.0,2,"Automóvil,Automóvil",Bv. Oroño Y Gaboto,2,1,0,0,1,0,0,,Avenida,,ROSARIO,Rosario,Asfalto,No existe,II,Dentro,Urbana,Semáforo,Funciona,Intersección,Bueno,Buena,Diurna,Buen Tiempo,De alcance,S/D,Colisión,Ninguna,Horizontal,Ninguna,Sin restricción,POINT (-60.660093950000004 -32.970649650000006),"['Bulevar Nicasio Oroño', 'Gaboto']",2,Bulevar Nicasio Oroño; Gaboto,-32.970649650000006,-60.66009395,55.0,538.0,Municipio Rosario,Municipio,Rosario,820210,Servicio de Catastro e Información Territorial,IGN