anio_acci,nro_acci,fecha,desc_dia,fecha_aprox,hora_aprox,desc_ruta,km,cant_participantes,desc_participante,calle_avenida_km,total,heridos_leves,heridos_graves,heridos_gravisimos,ilesos,fallecidos,sin_datos,posicion_XY,desc_tipo_via,desc_ruta_ori,desc_loc,desc_dpto,desc_tipo_calzada,desc_tipo_banquina,desc_unidad_regional,desc_lugar_calzada,desc_zona,desc_prioridad,desc_estado_semaforo,desc_lugar_via,desc_estado_via,desc_estado_visibilidad,desc_luminosidad,desc_estado_clima,desc_tipo_colision,desc_tipo_atropello,desc_tipo_hecho,desc_pres_calzada,desc_senializacion,desc_separacion_via,desc_restriccion,forma_geocod,calle_lista,numero_calles,calles_osm,lat,lon,index_right,gid,fna,gna,nam,in1,fdc,sag
2016,6251,2016-09-19,Lunes,0.0,7:40:00,,0.0,2,"Automóvil,Automóvil",Viamonte Y Av. Corrientes,3,1,0,0,2,0,0,,Calle,,ROSARIO,Rosario,Asfalto,S/D,II,Dentro,Urbana,Ninguna,No existe,Intersección,Bueno,Buena,Diurna,Buen Tiempo,Lateral,S/D,Colisión,Ninguna,Faltante,Ninguna,Sin restricción,POINT (-60.6471065 -32.96460619999999),"['Viamonte', 'Corrientes']",2,Viamonte; Corrientes,-32.96460619999999,-60.6471065,55.0,538.0,Municipio Rosario,Municipio,Rosario,820210,Servicio de Catastro e Información Territorial,IGN
2016,6252,2016-09-22,Jueves,0.0,8:30:00,,0.0,2,"Automóvil,Automóvil",San Martin Y Pasco,3,1,0,0,2,0,0,,Avenida,,ROSARIO,Rosario,Asfalto,No existe,II,Dentro,Urbana,Ninguna,S/D,Intersección,Bueno,Buena,Diurna,Buen Tiempo,Lateral,S/D,Colisión,Ninguna,Faltante,Ninguna,S/D,POINT (-60.64001 -32.959838399999995),"['San Martin', 'Pasco']",2,José de San Martín; Pasco,-32.959838399999995,-60.64001,55.0,538.0,Municipio Rosario,Municipio,Rosario,820210,Servicio de Catastro e Información Territorial,IGN
2016,6253,2016-09-23,Viernes,0.0,17:30:00,,0.0,2,"Taxi/Remis,Moto/Ciclomotor",Bv. 27 De Febrero Y Pueyrredon,2,1,0,0,1,0,0,,Avenida,,ROSARIO,Rosario,Asfalto,No existe,II,Dentro,Urbana,Ninguna,No existe,Intersección,Bueno,Buena,Diurna,Buen Tiempo,Lateral,S/D,Colisión,Ninguna,Faltante,Cordón divisorio,Sin restricción,POINT (-60.6627028 -32.964221200000004),"['27 de Febrero', 'Pueyrredón']",2,Bulevar 27 de Febrero; Pueyrredón,-32.964221200000004,-60.6627028,55.0,538.0,Municipio Rosario,Municipio,Rosario,820210,Servicio de Catastro e Información Territorial,IGN
2016,6254,2016-09-25,Domingo,0.0,21:00:00,,0.0,2,"Moto/Ciclomotor,Automóvil",L.N.Alem Y Virasoro,3,2,0,0,1,0,0,,Calle,,ROSARIO,Rosario,Asfalto,No existe,II,Dentro,Urbana,Ninguna,Funciona,Intersección,Bueno,Buena,"Nocturna,Con luz artificial",Buen Tiempo,Lateral,S/D,Colisión,Ninguna,Faltante,Ninguna,Sin restricción,POINT (-60.6341943 -32.971707499999994),"['Alem', 'Virasoro']",2,Leandro N. Alem; Benjamín Virasoro,-32.971707499999994,-60.6341943,55.0,538.0,Municipio Rosario,Municipio,Rosario,820210,Servicio de Catastro e Información Territorial,IGN
2016,6255,2016-09-25,Domingo,0.0,18:00:00,,0.0,2,"Moto/Ciclomotor,Pickup/Utilitario",L.N.Alem Y Dr.Rivas,2,1,0,0,1,0,0,,Calle,,ROSARIO,Rosario,Asfalto,No existe,II,Dentro,Urbana,Ninguna,No existe,Intersección,Bueno,Buena,Diurna,Buen Tiempo,Lateral,S/D,Colisión,Ninguna,Faltante,Ninguna,Sin restricción,POINT (-60.63760940000001 -32.98524750000001),"['Alem', 'Doctor Francisco Riva']",2,Leandro N. Alem; Doctor Francisco Riva,-32.98524750000001,-60.63760940000001,55.0,538.0,Municipio Rosario,Municipio,Rosario,820210,Servicio de Catastro e Información Territorial,IGN
2016,6257,2016-09-28,Miercoles,0.0,17:25:00,,0.0,2,"Moto/Ciclomotor,Automóvil",Av. Francia Y Av. Arijon,4,3,0,0,1,0,0,,Avenida,,ROSARIO,Rosario,Asfalto,Pavimento,II,Dentro,Urbana,Semáforo,Funciona,Intersección,Bueno,Buena,Diurna,Buen Tiempo,Lateral,S/D,Colisión,Ninguna,Vertical,Cordón divisorio,Sin restricción,POINT (-60.6776235 -33.00390229999999),"['Avenida Francia', 'Avenida Manuel Arijón']",2,Avenida Francia; Avenida Manuel Arijón,-33.00390229999999,-60.6776235,55.0,538.0,Municipio Rosario,Municipio,Rosario,820210,Servicio de Catastro e Información Territorial,IGN
2016,6259,2016-09-01,Jueves,0.0,6:30:00,,0.0,2,"Moto/Ciclomotor,Automóvil",Mariano Moreno Y Amenabar,3,2,0,0,1,0,0,,Calle,,ROSARIO,Rosario,Asfalto,No existe,II,Dentro,Urbana,Señal Pare,No existe,Intersección,Bueno,Buena,Diurna,Buen Tiempo,De alcance,S/D,Colisión,S/D,Faltante,Ninguna,Sin restricción,POINT (-60.65707309999999 -32.9699781),"['Mariano Moreno', 'Amenabar']",2,Mariano Moreno; José de Amenábar,-32.9699781,-60.65707309999999,55.0,538.0,Municipio Rosario,Municipio,Rosario,820210,Servicio de Catastro e Información Territorial,IGN
2016,6260,2016-09-16,Viernes,0.0,18:00:00,,0.0,2,"Moto/Ciclomotor,Taxi/Remis",Av. Uriburu Y Vuelta De Obligado,2,1,0,0,1,0,0,,Avenida,,ROSARIO,Rosario,Asfalto,No existe,II,Dentro,Urbana,Ninguna,No existe,Intersección,Bueno,Buena,Diurna,Buen Tiempo,Lateral,S/D,Colisión,Ninguna,Faltante,Ninguna,Sin restricción,POINT (-60.663032 -32.99120535),"['Uriburu', 'Vuelta de Obligado']",2,Avenida José Uriburu; Vuelta de Obligado,-32.99120535,-60.663032,55.0,538.0,Municipio Rosario,Municipio,Rosario,820210,Servicio de Catastro e Información Territorial,IGN
2016,6261,2016-09-29,Jueves,0.0,22:30:00,,0.0,2,"Moto/Ciclomotor,Peatón",Av. Ovidio Lagos Y Cordoba,2,1,0,0,1,0,0,,Calle,,ROSARIO,Rosario,Asfalto,Pavimento,II,Dentro,Urbana,S/D,S/D,Intersección,S/D,S/D,Nocturna,S/D,S/D,Peatón,Atropello,S/D,S/D,Cordón divisorio,S/D,POINT (-60.6614607 -32.9422773),"['Avenida Ovidio Lagos', 'Córdoba']",2,Avenida Ovidio Lagos; Córdoba,-32.9422773,-60.6614607,55.0,538.0,Municipio Rosario,Municipio,Rosario,820210,Servicio de Catastro e Información Territorial,IGN
2016,6262,2016-09-16,Viernes,0.0,6:40:00,,0.0,2,"Moto/Ciclomotor,Taxi/Remis",Bv. Oroño Y Av. Uriburu,2,1,0,0,1,0,0,,Avenida,,ROSARIO,Rosario,Asfalto,No existe,II,Dentro,Urbana,Semáforo,Funciona,Intersección,Bueno,Buena,Diurna,Buen Tiempo,Lateral,S/D,Colisión,Ninguna,Vertical,Ninguna,Sin restricción,POINT (-60.665160500000006 -32.99123049999999),"['Bulevar Nicasio Oroño', 'Uriburu']",2,Bulevar Nicasio Oroño; Avenida José Uriburu,-32.99123049999999,-60.665160500000006,55.0,538.0,Municipio Rosario,Municipio,Rosario,820210,Servicio de Catastro e Información Territorial,IGN
2016,6265,2016-09-15,Jueves,0.0,12:30:00,,0.0,2,"Automóvil,Moto/Ciclomotor",Rodriguez Y Gaboto,3,2,0,0,1,0,0,,Calle,,ROSARIO,Rosario,Asfalto,No existe,II,Dentro,Urbana,Ninguna,No existe,Intersección,Bueno,Buena,Diurna,Buen Tiempo,Lateral,S/D,Colisión,Ninguna,Faltante,Ninguna,Sin restricción,POINT (-60.66550130000001 -32.969658900000006),"['Rodríguez', 'Gaboto']",2,Rodríguez de Escobedo; Gaboto,-32.969658900000006,-60.66550130000001,55.0,538.0,Municipio Rosario,Municipio,Rosario,820210,Servicio de Catastro e Información Territorial,IGN
2016,6266,2016-09-29,Jueves,0.0,10:50:00,,0.0,2,"Automóvil,Moto/Ciclomotor",Lima Y Montevideo,2,1,0,0,1,0,0,,Calle,,ROSARIO,Rosario,Asfalto,Pavimento,II,Dentro,Urbana,S/D,S/D,Intersección,S/D,Buena,Diurna,S/D,S/D,S/D,Colisión,S/D,S/D,Cordón divisorio,S/D,POINT (-60.685678900000006 -32.9480955),"['Lima', 'Montevideo']",2,Lima; Montevideo,-32.9480955,-60.685678900000006,55.0,538.0,Municipio Rosario,Municipio,Rosario,820210,Servicio de Catastro e Información Territorial,IGN
2016,6267,2016-09-27,Martes,0.0,18:00:00,,0.0,2,"Moto/Ciclomotor,Automóvil",Suipacha Y San Luis,4,1,0,0,3,0,0,,Calle,,ROSARIO,Rosario,Asfalto,Pavimento,II,Dentro,Urbana,S/D,S/D,Intersección,S/D,S/D,Diurna,S/D,S/D,S/D,Colisión,S/D,S/D,Cordón divisorio,S/D,POINT (-60.664829000000005 -32.94441909999999),"['Suipacha', 'San Luis']",2,Suipacha; San Luis,-32.94441909999999,-60.664829000000005,55.0,538.0,Municipio Rosario,Municipio,Rosario,820210,Servicio de Catastro e Información Territorial,IGN
2016,6268,2016-09-14,Miercoles,0.0,7:05:00,,0.0,2,"Moto/Ciclomotor,Peatón",San Martin Y Mr.Ross,2,2,0,0,0,0,0,,Calle,,ROSARIO,Rosario,Asfalto,Pavimento,II,Dentro,Urbana,Ninguna,No existe,Intersección,Bueno,Buena,Diurna,Buen Tiempo,S/D,Peatón,Atropello,Ninguna,Faltante,Ninguna,Sin restricción,POINT (-60.646259300000004 -32.98868269999999),"['San Martin', 'Rodrigo M. Ross']",2,José de San Martín; Rodrigo M. Ross,-32.98868269999999,-60.6462593,55.0,538.0,Municipio Rosario,Municipio,Rosario,820210,Servicio de Catastro e Información Territorial,IGN
2016,6269,2016-09-25,Domingo,0.0,19:30:00,,0.0,2,"Pickup/Utilitario,Moto/Ciclomotor",Suipacha 950,2,1,0,0,1,0,0,,Calle,,ROSARIO,Rosario,Asfalto,Pavimento,II,Dentro,Urbana,S/D,S/D,S/D,S/D,S/D,S/D,S/D,S/D,S/D,Colisión,S/D,S/D,Cordón divisorio,S/D,"-32.94366612857143, -60.66471292857143",['Suipacha 950'],1,Suipacha 950,-32.94366612857143,-60.66471292857143,55.0,538.0,Municipio Rosario,Municipio,Rosario,820210,Servicio de Catastro e Información Territorial,IGN
2016,6270,2016-09-13,Martes,0.0,18:20:00,,0.0,2,"Automóvil,Bicicleta",Bv. Oroño Y Av. Uriburu,2,1,0,0,1,0,0,,Avenida,,ROSARIO,Rosario,Asfalto,No existe,II,Dentro,Urbana,Semáforo,Funciona,Intersección,Bueno,Buena,Diurna,Buen Tiempo,S/D,Ciclista,Atropello,Ninguna,Horizontal,Ninguna,Sin restricción,POINT (-60.665160500000006 -32.99123049999999),"['Bulevar Nicasio Oroño', 'Uriburu']",2,Bulevar Nicasio Oroño; Avenida José Uriburu,-32.99123049999999,-60.665160500000006,55.0,538.0,Municipio Rosario,Municipio,Rosario,820210,Servicio de Catastro e Información Territorial,IGN
2016,6271,2016-09-23,Viernes,0.0,22:45:00,,0.0,2,"Taxi/Remis,Automóvil",Marcos Paz Y Iriondo,2,1,0,0,1,0,0,,Calle,,ROSARIO,Rosario,Asfalto,Pavimento,II,Dentro,Urbana,S/D,S/D,Intersección,S/D,S/D,S/D,S/D,S/D,S/D,Colisión,S/D,S/D,Cordón divisorio,S/D,POINT (-60.6707242 -32.945242799999995),"['Marcos Paz', 'Iriondo']",2,Marcos Paz; Iriondo,-32.945242799999995,-60.6707242,55.0,538.0,Municipio Rosario,Municipio,Rosario,820210,Servicio de Catastro e Información Territorial,IGN
2016,6272,2016-09-13,Martes,0.0,15:00:00,,0.0,2,"Pickup/Utilitario,Moto/Ciclomotor",Av. Ntra.Sra.del Rosario Y Rvdo.J.Margis,2,1,0,0,1,0,0,,Avenida,,ROSARIO,Rosario,Asfalto,No existe,II,Dentro,Urbana,Ninguna,No existe,Recta,Bueno,Buena,Diurna,Buen Tiempo,De alcance,S/D,Colisión,Ninguna,Faltante,Ninguna,Sin restricción,POINT (-60.6561042 -33.0000995),"['Nuestra Señora del Rosario', 'José Margis']",2,Puente Nuestra Señora del Rosario; Reverendo José Margis,-33.0000995,-60.6561042,55.0,538.0,Municipio Rosario,Municipio,Rosario,820210,Servicio de Catastro e Información Territorial,IGN
2016,6273,2016-09-23,Viernes,0.0,23:30:00,,0.0,1,Transporte de Pasajeros Urbano (> 8 asientos),Vera Mujica Y Cordoba,3,1,0,0,2,0,0,,Calle,,ROSARIO,Rosario,Asfalto,Pavimento,II,Dentro,Urbana,S/D,S/D,Intersección,S/D,S/D,S/D,S/D,S/D,S/D,Caída ocupante,S/D,S/D,Cordón divisorio,S/D,POINT (-60.666903 -32.94129629999999),"['Vera Mujíca', 'Córdoba']",2,Vera Mujíca; Córdoba,-32.94129629999999,-60.666903,55.0,538.0,Municipio Rosario,Municipio,Rosario,820210,Servicio de Catastro e Información Territorial,IGN
2016,6275,2016-09-23,Viernes,0.0,19:00:00,,0.0,2,"Moto/Ciclomotor,Automóvil",9 De Julio Y Cafferata,3,1,0,0,2,0,0,,Calle,,ROSARIO,Rosario,Asfalto,Pavimento,II,Dentro,Urbana,S/D,S/D,Intersección,S/D,S/D,Atardecer,S/D,S/D,S/D,Colisión,S/D,S/D,Cordón divisorio,S/D,POINT (-60.672821500000005 -32.9479728),"['9 de Julio', 'Cafferata']",2,9 de Julio; Cafferata,-32.9479728,-60.672821500000005,55.0,538.0,Municipio Rosario,Municipio,Rosario,820210,Servicio de Catastro e Información Territorial,IGN
2016,6276,2016-09-11,Domingo,0.0,17:30:00,,0.0,2,"Moto/Ciclomotor,Automóvil",Biedma Y Entre Rios,2,1,0,0,1,0,0,,Calle,,ROSARIO,Rosario,Asfalto,No existe,II,Dentro,Urbana,Ninguna,No existe,Intersección,Bueno,Buena,Diurna,Buen Tiempo,Lateral,S/D,Colisión,Ninguna,Faltante,Ninguna,Sin restricción,POINT (-60.64973479999999 -32.9808967),"['Coronel Biedma', 'Entre Ríos']",2,Coronel Biedma; Entre Ríos,-32.9808967,-60.64973479999999,55.0,538.0,Municipio Rosario,Municipio,Rosario,820210,Servicio de Catastro e Información Territorial,IGN
2016,6277,2016-08-31,Miercoles,0.0,13:00:00,,0.0,2,"Moto/Ciclomotor,Automóvil",E.Zeballos Y Lima,3,2,0,0,1,0,0,,Calle,,ROSARIO,Rosario,Asfalto,Pavimento,II,Dentro,Urbana,S/D,S/D,Intersección,S/D,S/D,Diurna,S/D,S/D,S/D,Colisión,S/D,S/D,S/D,S/D,POINT (-60.6853927 -32.9469522),"['Zeballos', 'Lima']",2,Zeballos; Lima,-32.9469522,-60.6853927,55.0,538.0,Municipio Rosario,Municipio,Rosario,820210,Servicio de Catastro e Información Territorial,IGN
2016,6279,2016-09-22,Jueves,0.0,16:40:00,,0.0,2,"Automóvil,Moto/Ciclomotor",Alsina Y Mendoza,3,1,0,0,2,0,0,,Calle,,ROSARIO,Rosario,Asfalto,Pavimento,II,Dentro,Urbana,S/D,S/D,Intersección,S/D,Buena,Diurna,S/D,S/D,S/D,Colisión,S/D,S/D,S/D,S/D,POINT (-60.67769160000001 -32.94473060000001),"['Alsina', 'Mendoza']",2,Alsina; Mendoza,-32.94473060000001,-60.67769160000001,55.0,538.0,Municipio Rosario,Municipio,Rosario,820210,Servicio de Catastro e Información Territorial,IGN
2016,6280,2016-09-22,Jueves,0.0,15:00:00,,0.0,2,"Automóvil,Moto/Ciclomotor",Marcos Paz Y Alsina,2,1,0,0,1,0,0,,Calle,,ROSARIO,Rosario,Asfalto,Pavimento,II,Dentro,Urbana,S/D,S/D,Intersección,S/D,S/D,Diurna,S/D,S/D,S/D,Colisión,S/D,S/D,S/D,S/D,POINT (-60.6775141 -32.9440296),"['Marcos Paz', 'Alsina']",2,Marcos Paz; Alsina,-32.9440296,-60.6775141,55.0,538.0,Municipio Rosario,Municipio,Rosario,820210,Servicio de Catastro e Información Territorial,IGN
2016,6281,2016-09-17,Sabado,0.0,11:20:00,,0.0,2,"Automóvil,Peatón",Pueyrredon Y 3 De Febrero,2,1,0,0,1,0,0,,Calle,,ROSARIO,Rosario,Asfalto,Pavimento,II,Dentro,Urbana,S/D,S/D,Intersección,S/D,Buena,Diurna,S/D,S/D,Peatón,Atropello,S/D,S/D,S/D,S/D,POINT (-60.65897040000001 -32.9493667),"['Pueyrredón', '3 de Febrero']",2,Pueyrredón; 3 de Febrero,-32.9493667,-60.65897040000001,55.0,538.0,Municipio Rosario,Municipio,Rosario,820210,Servicio de Catastro e Información Territorial,IGN
2016,6283,2016-09-26,Lunes,0.0,7:55:00,,0.0,2,"Automóvil,Automóvil",Paraguay Y Montevideo,3,1,0,0,2,0,0,,Calle,,ROSARIO,Rosario,Asfalto,S/D,II,Dentro,Urbana,Marca Vial,S/D,Intersección,Bueno,S/D,Diurna,Buen Tiempo,Lateral,S/D,Colisión,S/D,S/D,Cordón divisorio,S/D,POINT (-60.6461713 -32.9551386),"['Paraguay', 'Montevideo']",2,Paraguay; Montevideo,-32.9551386,-60.6461713,55.0,538.0,Municipio Rosario,Municipio,Rosario,820210,Servicio de Catastro e Información Territorial,IGN
2016,6284,2016-09-23,Viernes,0.0,16:41:00,,0.0,2,"Moto/Ciclomotor,Automóvil",Montevideo Y Entre Rios,2,0,1,0,1,0,0,,Calle,,ROSARIO,Rosario,Asfalto,Pavimento,II,Dentro,Urbana,Ninguna,No existe,Intersección,Bueno,Buena,Diurna,Buen Tiempo,S/D,S/D,Colisión,S/D,S/D,Cordón divisorio,Sin restricción,POINT (-60.6433635 -32.95563219999999),"['Montevideo', 'Entre Ríos']",2,Montevideo; Entre Ríos,-32.95563219999999,-60.6433635,55.0,538.0,Municipio Rosario,Municipio,Rosario,820210,Servicio de Catastro e Información Territorial,IGN
2016,6285,2016-09-15,Jueves,0.0,14:00:00,,0.0,2,"Automóvil,Automóvil",Sarmiento 1500,2,2,0,0,0,0,0,,Calle,,ROSARIO,Rosario,Asfalto,Pavimento,II,Dentro,Urbana,S/D,S/D,Recta,Bueno,Buena,Diurna,Buen Tiempo,De alcance,S/D,Colisión,S/D,S/D,Cordón divisorio,Sin restricción,"-32.9549457, -60.6403388",['Sarmiento 1500'],1,Sarmiento 1500,-32.9549457,-60.6403388,55.0,538.0,Municipio Rosario,Municipio,Rosario,820210,Servicio de Catastro e Información Territorial,IGN
2016,6286,2016-09-15,Jueves,0.0,2:00:00,,0.0,2,"Pickup/Utilitario,Automóvil",3 De Febrero Y Balcarce,6,4,0,0,2,0,0,,Calle,,ROSARIO,Rosario,Asfalto,S/D,II,Dentro,Urbana,S/D,S/D,Intersección,Bueno,Buena,Nocturna,Buen Tiempo,S/D,S/D,Colisión,S/D,S/D,Cordón divisorio,Sin restricción,POINT (-60.6535421 -32.95033519999999),"['3 de Febrero', 'Balcarce']",2,3 de Febrero; Balcarce,-32.95033519999999,-60.6535421,55.0,538.0,Municipio Rosario,Municipio,Rosario,820210,Servicio de Catastro e Información Territorial,IGN
2016,6287,2016-09-13,Martes,0.0,18:45:00,,0.0,2,"Automóvil,Peatón",3 De Febrero Y Paraguay,2,1,0,0,1,0,0,,Calle,,ROSARIO,Rosario,Asfalto,Pavimento,II,Dentro,Urbana,S/D,S/D,Intersección,Bueno,Buena,Diurna,Buen Tiempo,S/D,Peatón,Atropello,S/D,S/D,Cordón divisorio,S/D,POINT (-60.6453207 -32.95177),"['3 de Febrero', 'Paraguay']",2,3 de Febrero; Paraguay,-32.95177,-60.6453207,55.0,538.0,Municipio Rosario,Municipio,Rosario,820210,Servicio de Catastro e Información Territorial,IGN
2016,6288,2016-09-10,Sabado,0.0,8:00:00,,0.0,2,"Taxi/Remis,Taxi/Remis",Sarmiento Y 3 De Febrero,2,1,0,0,1,0,0,,Calle,,ROSARIO,Rosario,Asfalto,Pavimento,II,Dentro,Urbana,S/D,S/D,Intersección,Bueno,Buena,Diurna,Buen Tiempo,Lateral,S/D,Colisión,S/D,S/D,Cordón divisorio,Sin restricción,POINT (-60.63974480000001 -32.9527553),"['Sarmiento', '3 de Febrero']",2,Sarmiento; 3 de Febrero,-32.9527553,-60.63974480000001,55.0,538.0,Municipio Rosario,Municipio,Rosario,820210,Servicio de Catastro e Información Territorial,IGN
2016,6289,2016-09-14,Miercoles,0.0,10:05:00,,0.0,2,"Bicicleta,Automóvil",Bv. Oroño Y Montevideo,2,1,0,0,1,0,0,,Calle,,ROSARIO,Rosario,Asfalto,Pavimento,II,Dentro,Urbana,Semáforo,Funciona,Intersección,Bueno,Buena,Diurna,Buen Tiempo,S/D,Ciclista,Atropello,S/D,S/D,Cordón divisorio,Sin restricción,POINT (-60.65574455 -32.95341725),"['Bulevar Nicasio Oroño', 'Montevideo']",2,Bulevar Nicasio Oroño; Montevideo,-32.95341725,-60.65574455,55.0,538.0,Municipio Rosario,Municipio,Rosario,820210,Servicio de Catastro e Información Territorial,IGN
2016,6290,2016-09-14,Miercoles,0.0,12:50:00,,0.0,2,"Bicicleta,Transporte de Pasajeros Urbano (> 8 asientos)",San Martin Y San Juan,2,1,0,0,1,0,0,,Calle,,ROSARIO,Rosario,Asfalto,Pavimento,II,Dentro,Urbana,S/D,No existe,Intersección,Bueno,Buena,Diurna,Buen Tiempo,S/D,Ciclista,Atropello,S/D,S/D,Cordón divisorio,Sin restricción,POINT (-60.6375759 -32.9504378),"['San Martin', 'San Juan']",2,José de San Martín; San Juan,-32.9504378,-60.6375759,55.0,538.0,Municipio Rosario,Municipio,Rosario,820210,Servicio de Catastro e Información Territorial,IGN
2016,6291,2016-09-05,Lunes,0.0,20:00:00,,0.0,2,"Peatón,Taxi/Remis",Pte.Roca Y Cordoba,2,1,0,0,1,0,0,,Calle,,ROSARIO,Rosario,Asfalto,Pavimento,II,Dentro,Urbana,Semáforo,Funciona,Intersección,Bueno,Buena,Nocturna,Buen Tiempo,S/D,Peatón,Atropello,S/D,S/D,Cordón divisorio,Sin restricción,POINT (-60.6450798 -32.94517329999999),"['Roca', 'Córdoba']",2,Presidente Roca; Córdoba,-32.94517329999999,-60.6450798,55.0,538.0,Municipio Rosario,Municipio,Rosario,820210,Servicio de Catastro e Información Territorial,IGN
2016,6292,2016-09-08,Jueves,0.0,18:45:00,,0.0,2,"Pickup/Utilitario,Bicicleta",Paraguay Y 3 De Febrero,2,1,0,0,1,0,0,,Calle,,ROSARIO,Rosario,Asfalto,Pavimento,II,Dentro,Urbana,S/D,S/D,Intersección,Bueno,Buena,Diurna,Buen Tiempo,S/D,Ciclista,Atropello,S/D,S/D,Cordón divisorio,Sin restricción,POINT (-60.6453207 -32.95177),"['Paraguay', '3 de Febrero']",2,Paraguay; 3 de Febrero,-32.95177,-60.6453207,55.0,538.0,Municipio Rosario,Municipio,Rosario,820210,Servicio de Catastro e Información Territorial,IGN
2016,6294,2016-09-06,Martes,0.0,18:00:00,,0.0,2,"Taxi/Remis,Bicicleta",Mitre Y E.Zeballos,2,1,0,0,1,0,0,,Calle,,ROSARIO,Rosario,Asfalto,Pavimento,II,Dentro,Urbana,Ninguna,S/D,Recta,Bueno,Buena,Diurna,Buen Tiempo,Lateral,Ciclista,Atropello,S/D,S/D,Cordón divisorio,Sin restricción,POINT (-60.641725300000004 -32.95477609999999),"['Mitre', 'Zeballos']",2,Bartolomé Mitre; Zeballos,-32.95477609999999,-60.6417253,55.0,538.0,Municipio Rosario,Municipio,Rosario,820210,Servicio de Catastro e Información Territorial,IGN
2016,6295,2016-09-08,Jueves,0.0,18:04:00,,0.0,2,"Bicicleta,Automóvil",San Luis 1700,2,1,0,0,1,0,0,,Calle,,ROSARIO,Rosario,Asfalto,Pavimento,II,Dentro,Urbana,S/D,S/D,Recta,Bueno,Buena,Diurna,Buen Tiempo,De alcance,Ciclista,Atropello,S/D,S/D,Cordón divisorio,Sin restricción,"-32.9475134, -60.6470096",['San Luis 1700'],1,San Luis 1700,-32.9475134,-60.6470096,55.0,538.0,Municipio Rosario,Municipio,Rosario,820210,Servicio de Catastro e Información Territorial,IGN
2016,6296,2016-09-16,Viernes,0.0,18:30:00,,0.0,2,"Bicicleta,Automóvil",Laprida Y Montevideo,2,1,0,0,1,0,0,,Calle,,ROSARIO,Rosario,Asfalto,S/D,II,Dentro,Urbana,S/D,S/D,Intersección,Bueno,S/D,Diurna,S/D,S/D,Ciclista,Atropello,S/D,S/D,Cordón divisorio,S/D,POINT (-60.636619800000005 -32.95683329999999),"['Laprida', 'Montevideo']",2,Francisco Narciso Laprida; Montevideo,-32.95683329999999,-60.636619800000005,55.0,538.0,Municipio Rosario,Municipio,Rosario,820210,Servicio de Catastro e Información Territorial,IGN
2016,6300,2016-09-23,Viernes,0.0,14:30:00,,0.0,2,"Moto/Ciclomotor,Peatón",San Luis 1900,2,1,0,0,1,0,0,,Calle,,ROSARIO,Rosario,Asfalto,S/D,II,Dentro,Urbana,S/D,S/D,Recta,Bueno,Buena,Diurna,S/D,S/D,Peatón,Atropello,S/D,S/D,Cordón divisorio,S/D,"-32.9470206, -60.6496915",['San Luis 1900'],1,San Luis 1900,-32.9470206,-60.6496915,55.0,538.0,Municipio Rosario,Municipio,Rosario,820210,Servicio de Catastro e Información Territorial,IGN
2016,6302,2016-09-16,Viernes,0.0,13:30:00,,0.0,2,"Automóvil,Automóvil",1 de Mayo Y Rioja,2,1,0,0,1,0,0,,Calle,,ROSARIO,Rosario,Asfalto,S/D,II,Dentro,Urbana,S/D,S/D,Intersección,Bueno,Buena,Diurna,S/D,Lateral,S/D,Colisión,S/D,Faltante,S/D,S/D,POINT (-60.63017589999999 -32.94932690000001),"['Primero de Mayo', 'Rioja']",2,Primero de Mayo; Rioja,-32.94932690000001,-60.63017589999999,55.0,538.0,Municipio Rosario,Municipio,Rosario,820210,Servicio de Catastro e Información Territorial,IGN
2016,6305,2016-09-08,Jueves,0.0,19:20:00,,0.0,2,"Taxi/Remis,Moto/Ciclomotor",3 De Febrero Y Laprida,2,1,0,0,1,0,0,,Calle,,ROSARIO,Rosario,Asfalto,S/D,II,Dentro,Urbana,S/D,S/D,Intersección,Bueno,Buena,Diurna,S/D,Lateral,S/D,Colisión,S/D,S/D,S/D,S/D,POINT (-60.635693599999996 -32.9534837),"['3 de Febrero', 'Laprida']",2,3 de Febrero; Francisco Narciso Laprida,-32.9534837,-60.6356936,55.0,538.0,Municipio Rosario,Municipio,Rosario,820210,Servicio de Catastro e Información Territorial,IGN
2016,6310,2016-09-12,Lunes,0.0,6:45:00,,0.0,2,"Automóvil,Automóvil",Montevideo Y Valparaiso,2,1,0,0,1,0,0,,Calle,,ROSARIO,Rosario,Asfalto,Pavimento,II,Dentro,Urbana,S/D,S/D,Intersección,S/D,S/D,Diurna,S/D,S/D,S/D,Colisión,S/D,S/D,S/D,S/D,POINT (-60.6842986 -32.9483258),"['Montevideo', 'Valparaíso']",2,Montevideo; Valparaíso,-32.9483258,-60.6842986,55.0,538.0,Municipio Rosario,Municipio,Rosario,820210,Servicio de Catastro e Información Territorial,IGN