anio_acci,nro_acci,fecha,desc_dia,fecha_aprox,hora_aprox,desc_ruta,km,cant_participantes,desc_participante,calle_avenida_km,total,heridos_leves,heridos_graves,heridos_gravisimos,ilesos,fallecidos,sin_datos,posicion_XY,desc_tipo_via,desc_ruta_ori,desc_loc,desc_dpto,desc_tipo_calzada,desc_tipo_banquina,desc_unidad_regional,desc_lugar_calzada,desc_zona,desc_prioridad,desc_estado_semaforo,desc_lugar_via,desc_estado_via,desc_estado_visibilidad,desc_luminosidad,desc_estado_clima,desc_tipo_colision,desc_tipo_atropello,desc_tipo_hecho,desc_pres_calzada,desc_senializacion,desc_separacion_via,desc_restriccion,forma_geocod,calle_lista,numero_calles,calles_osm,lat,lon,index_right,gid,fna,gna,nam,in1,fdc,sag
2016,6318,2016-09-14,Miercoles,0.0,11:30:00,,0.0,2,"Moto/Ciclomotor,Automóvil",Bv. Avellaneda Y E.Zeballos,2,1,0,0,1,0,0,,Calle,,ROSARIO,Rosario,Asfalto,Pavimento,II,Dentro,Urbana,S/D,S/D,Intersección,S/D,S/D,Diurna,S/D,S/D,S/D,Colisión,S/D,S/D,S/D,S/D,POINT (-60.68126855 -32.94766455),"['Avellaneda', 'Zeballos']",2,Bulevar Nicolás Avellaneda; Zeballos,-32.94766455,-60.68126855,55.0,538.0,Municipio Rosario,Municipio,Rosario,820210,Servicio de Catastro e Información Territorial,IGN
2016,6320,2016-09-13,Martes,0.0,10:30:00,,0.0,2,"Taxi/Remis,Moto/Ciclomotor",Av. Ovidio Lagos Y 9 De Julio,2,0,1,0,1,0,0,,Calle,,ROSARIO,Rosario,Asfalto,No existe,II,Dentro,Urbana,S/D,S/D,Intersección,Bueno,S/D,Diurna,S/D,S/D,S/D,Colisión,S/D,S/D,S/D,S/D,POINT (-60.663324700000004 -32.9497026),"['Avenida Ovidio Lagos', '9 de Julio']",2,Avenida Ovidio Lagos; 9 de Julio,-32.9497026,-60.6633247,55.0,538.0,Municipio Rosario,Municipio,Rosario,820210,Servicio de Catastro e Información Territorial,IGN
2016,6321,2016-09-12,Lunes,0.0,17:50:00,,0.0,2,"Moto/Ciclomotor,Pickup/Utilitario",Montevideo Y Vera Mujica,3,1,0,0,2,0,0,,Calle,,ROSARIO,Rosario,Asfalto,Pavimento,II,Dentro,Urbana,S/D,S/D,Intersección,S/D,Buena,Diurna,S/D,S/D,S/D,Colisión,S/D,S/D,S/D,S/D,POINT (-60.6693572 -32.95101059999999),"['Montevideo', 'Vera Mujíca']",2,Montevideo; Vera Mujíca,-32.95101059999999,-60.6693572,55.0,538.0,Municipio Rosario,Municipio,Rosario,820210,Servicio de Catastro e Información Territorial,IGN
2016,6323,2016-09-12,Lunes,0.0,9:05:00,,0.0,2,"Automóvil,Automóvil",San Martin Y Centeno,3,1,0,0,2,0,0,,Calle,,ROSARIO,Rosario,Asfalto,No existe,II,Dentro,Urbana,Ninguna,No existe,Intersección,Bueno,Buena,Diurna,Buen Tiempo,De alcance,S/D,Colisión,S/D,Faltante,Ninguna,Sin restricción,POINT (-60.64552855 -32.98523165),"['San Martin', 'Centeno']",2,José de San Martín; Coronel Centeno,-32.98523165,-60.64552855,55.0,538.0,Municipio Rosario,Municipio,Rosario,820210,Servicio de Catastro e Información Territorial,IGN
2016,6335,2016-09-11,Domingo,0.0,12:45:00,,0.0,2,"Automóvil,Automóvil",Callao Y Dean Funes,4,1,0,0,3,0,0,,Calle,,ROSARIO,Rosario,Asfalto,No existe,II,Dentro,Urbana,Ninguna,No existe,Intersección,Bueno,Buena,Diurna,Buen Tiempo,De alcance,S/D,Colisión,S/D,Faltante,Ninguna,Sin restricción,POINT (-60.66743830000001 -32.9717319),"['Callao', 'Deán Gregorio Funes']",2,Callao; Deán Gregorio Funes,-32.9717319,-60.66743830000001,55.0,538.0,Municipio Rosario,Municipio,Rosario,820210,Servicio de Catastro e Información Territorial,IGN
2016,6344,2016-09-11,Domingo,0.0,6:45:00,,0.0,2,"Peatón,Pickup/Utilitario",Estado de Israel Y Av. Corrientes,2,1,0,0,1,0,0,,Calle,,ROSARIO,Rosario,Asfalto,No existe,II,Dentro,Urbana,Ninguna,No existe,Intersección,Bueno,Buena,Diurna,Buen Tiempo,S/D,Peatón,Atropello,Ninguna,Faltante,Ninguna,Sin restricción,POINT (-60.6536641 -32.992002299999996),"['Estado de Israel', 'Corrientes']",2,Estado de Israel; Corrientes,-32.9920023,-60.6536641,55.0,538.0,Municipio Rosario,Municipio,Rosario,820210,Servicio de Catastro e Información Territorial,IGN
2016,6347,2016-09-09,Viernes,0.0,14:00:00,,0.0,2,"Moto/Ciclomotor,Pickup/Utilitario",Mitre Y Pte.Quintana,3,2,0,0,1,0,0,,Calle,,ROSARIO,Rosario,Asfalto,No existe,II,Dentro,Urbana,Ninguna,No existe,Intersección,Bueno,Buena,Diurna,Buen Tiempo,Lateral,S/D,Colisión,Ninguna,Faltante,Ninguna,Sin restricción,POINT (-60.648628699999996 -32.9822769),"['Mitre', 'Quintana']",2,"('Bartolomé Mitre', 'Presidente Quintana')",-32.9822769,-60.6486287,55.0,538.0,Municipio Rosario,Municipio,Rosario,820210,Servicio de Catastro e Información Territorial,IGN
2016,6349,2016-09-07,Miercoles,0.0,16:30:00,,0.0,2,"Automóvil,Moto/Ciclomotor",Dean Funes Y San Martin,2,1,0,0,1,0,0,,Avenida,,ROSARIO,Rosario,Asfalto,No existe,II,Dentro,Urbana,Semáforo,Funciona,Intersección,Bueno,Buena,Diurna,Buen Tiempo,Lateral,S/D,Colisión,Ninguna,Vertical,Ninguna,S/D,POINT (-60.6440372 -32.97592170000001),"['Deán Gregorio Funes', 'San Martin']",2,Deán Gregorio Funes; José de San Martín,-32.97592170000001,-60.6440372,55.0,538.0,Municipio Rosario,Municipio,Rosario,820210,Servicio de Catastro e Información Territorial,IGN
2016,6352,2016-09-11,Domingo,0.0,,,0.0,2,"Moto/Ciclomotor,Automóvil",San Juan Y Vera Mujica,2,1,0,0,1,0,0,,Calle,,ROSARIO,Rosario,Asfalto,Pavimento,II,Dentro,Urbana,S/D,S/D,Intersección,S/D,S/D,S/D,S/D,Lateral,S/D,Colisión,S/D,S/D,Cordón divisorio,S/D,POINT (-60.6678428 -32.94501609999999),"['San Juan', 'Vera Mujíca']",2,San Juan; Vera Mujíca,-32.94501609999999,-60.6678428,55.0,538.0,Municipio Rosario,Municipio,Rosario,820210,Servicio de Catastro e Información Territorial,IGN
2016,6355,2016-09-30,Viernes,0.0,12:20:00,,0.0,2,"Taxi/Remis,Automóvil",Santiago Y Montevideo,3,1,0,0,2,0,0,,Calle,,ROSARIO,Rosario,Asfalto,Pavimento,II,Dentro,Urbana,S/D,No existe,Intersección,S/D,Buena,Diurna,Buen Tiempo,Lateral,S/D,Colisión,S/D,S/D,Cordón divisorio,S/D,POINT (-60.6584724 -32.95294310000001),"['Santiago', 'Montevideo']",2,Santiago; Montevideo,-32.95294310000001,-60.6584724,55.0,538.0,Municipio Rosario,Municipio,Rosario,820210,Servicio de Catastro e Información Territorial,IGN
2016,6359,2016-09-03,Sabado,0.0,8:50:00,,0.0,2,"Automóvil,Bicicleta",Italia Y Salta,2,1,0,0,1,0,0,,Calle,,ROSARIO,Rosario,Asfalto,Pavimento,II,Dentro,Urbana,Ninguna,No existe,Intersección,Bueno,Buena,Diurna,Buen Tiempo,S/D,S/D,Atropello,Ninguna,Faltante,Ninguna,Sin restricción,POINT (-60.6461132 -32.937695999999995),"['Italia', 'Salta']",2,Italia; Salta,-32.937695999999995,-60.6461132,55.0,538.0,Municipio Rosario,Municipio,Rosario,820210,Servicio de Catastro e Información Territorial,IGN
2016,6361,2016-09-06,Martes,0.0,14:10:00,,0.0,2,"Automóvil,Moto/Ciclomotor",Bv. Oroño Y Jujuy,2,1,0,0,1,0,0,,Avenida,,ROSARIO,Rosario,Asfalto,Pavimento,II,Dentro,Urbana,Ninguna,No existe,Intersección,Bueno,Buena,Diurna,Buen Tiempo,Lateral,S/D,Colisión,Ninguna,S/D,Ninguna,Sin restricción,POINT (-60.65121175 -32.93554149999999),"['Bulevar Nicasio Oroño', 'Jujuy']",2,Bulevar Nicasio Oroño; Jujuy,-32.93554149999999,-60.65121175,55.0,538.0,Municipio Rosario,Municipio,Rosario,820210,Servicio de Catastro e Información Territorial,IGN
2016,6363,2016-09-07,Miercoles,0.0,10:50:00,,0.0,2,"Moto/Ciclomotor,Pickup/Utilitario",Italia Y Catamarca,2,1,0,0,1,0,0,,Calle,,ROSARIO,Rosario,Asfalto,Pavimento,II,Dentro,Urbana,Ninguna,No existe,Intersección,Bueno,Buena,Diurna,Buen Tiempo,Lateral,S/D,Colisión,Ninguna,Faltante,Ninguna,Sin restricción,POINT (-60.6463986 -32.938878100000004),"['Italia', 'Catamarca']",2,Italia; Catamarca,-32.938878100000004,-60.6463986,55.0,538.0,Municipio Rosario,Municipio,Rosario,820210,Servicio de Catastro e Información Territorial,IGN
2016,6365,2016-09-09,Viernes,0.0,13:30:00,,0.0,2,"Taxi/Remis,Automóvil",San Martin Y San Lorenzo,2,1,0,0,1,0,0,,Calle,,ROSARIO,Rosario,Asfalto,Pavimento,II,Dentro,Urbana,S/D,No existe,Intersección,Bueno,Buena,Diurna,Buen Tiempo,Lateral,S/D,Colisión,S/D,Vertical,Ninguna,Sin restricción,POINT (-60.636237 -32.944804399999995),"['San Martin', 'San Lorenzo']",2,José de San Martín; San Lorenzo,-32.944804399999995,-60.636237,55.0,538.0,Municipio Rosario,Municipio,Rosario,820210,Servicio de Catastro e Información Territorial,IGN
2016,6367,2016-09-12,Lunes,0.0,13:30:00,,0.0,2,"Automóvil,Automóvil",Bv. Oroño Y San Lorenzo,2,1,0,0,1,0,0,,Avenida,,ROSARIO,Rosario,Asfalto,Pavimento,II,Dentro,Urbana,Ninguna,No existe,Intersección,Bueno,Buena,Diurna,Buen Tiempo,Lateral,S/D,Colisión,Ninguna,Vertical,Ninguna,Sin restricción,POINT (-60.652740599999994 -32.9414065),"['Bulevar Nicasio Oroño', 'San Lorenzo']",2,Bulevar Nicasio Oroño; San Lorenzo,-32.9414065,-60.6527406,55.0,538.0,Municipio Rosario,Municipio,Rosario,820210,Servicio de Catastro e Información Territorial,IGN
2016,6370,2016-09-14,Miercoles,0.0,13:10:00,,0.0,2,"Automóvil,Peatón",Santiago Y Tucuman,2,1,0,0,1,0,0,,Calle,,ROSARIO,Rosario,Asfalto,Pavimento,II,Dentro,Urbana,Ninguna,No existe,Intersección,Bueno,Buena,Diurna,Buen Tiempo,S/D,Peatón,Atropello,Ninguna,Faltante,Ninguna,Sin restricción,POINT (-60.6547977 -32.9386111),"['Santiago', 'Tucumán']",2,Santiago; Tucumán,-32.9386111,-60.6547977,55.0,538.0,Municipio Rosario,Municipio,Rosario,820210,Servicio de Catastro e Información Territorial,IGN
2016,6373,2016-09-20,Martes,0.0,18:30:00,,0.0,2,"Moto/Ciclomotor,Taxi/Remis",Bv. Oroño Y Jujuy,2,1,0,0,1,0,0,,Avenida,,ROSARIO,Rosario,Asfalto,Pavimento,II,Dentro,Urbana,Ninguna,No existe,Intersección,Bueno,Buena,Diurna,Buen Tiempo,Lateral,S/D,Colisión,Ninguna,Vertical,S/D,Sin restricción,POINT (-60.65121175 -32.93554149999999),"['Bulevar Nicasio Oroño', 'Jujuy']",2,Bulevar Nicasio Oroño; Jujuy,-32.93554149999999,-60.65121175,55.0,538.0,Municipio Rosario,Municipio,Rosario,820210,Servicio de Catastro e Información Territorial,IGN
2016,6477,2016-06-05,Domingo,0.0,8:00:00,,0.0,2,"Automóvil,Peatón",Urquiza Y San Martin,2,1,0,0,1,0,0,,Calle,,ROSARIO,Rosario,S/D,S/D,II,Dentro,Urbana,S/D,S/D,S/D,S/D,S/D,Diurna,S/D,S/D,Peatón,Atropello,S/D,S/D,S/D,S/D,POINT (-60.6358612 -32.943338000000004),"['Urquiza', 'San Martin']",2,"('Justo José de Urquiza', 'José de San Martín')",-32.943338000000004,-60.6358612,55.0,538.0,Municipio Rosario,Municipio,Rosario,820210,Servicio de Catastro e Información Territorial,IGN
2016,6482,2016-06-14,Martes,0.0,15:00:00,,0.0,2,"Moto/Ciclomotor,Automóvil",Av. Ovidio Lagos Y Garibaldi,2,1,0,0,1,0,0,,Calle,,ROSARIO,Rosario,S/D,S/D,II,Dentro,Urbana,S/D,S/D,S/D,S/D,S/D,Diurna,S/D,Lateral,S/D,Colisión,S/D,S/D,S/D,S/D,POINT (-60.671054299999994 -32.981854),"['Avenida Ovidio Lagos', 'José Garibaldi']",2,Avenida Ovidio Lagos; José Garibaldi,-32.981854,-60.6710543,55.0,538.0,Municipio Rosario,Municipio,Rosario,820210,Servicio de Catastro e Información Territorial,IGN
2016,6483,2016-06-19,Domingo,0.0,7:10:00,,0.0,2,"Pickup/Utilitario,Automóvil",3 De Febrero Y Av. Corrientes,3,2,0,0,1,0,0,,Calle,,ROSARIO,Rosario,S/D,S/D,II,Dentro,Urbana,S/D,S/D,S/D,S/D,S/D,Diurna,S/D,S/D,S/D,Colisión,S/D,S/D,S/D,S/D,POINT (-60.6438985 -32.952018499999994),"['3 de Febrero', 'Corrientes']",2,3 de Febrero; Corrientes,-32.952018499999994,-60.6438985,55.0,538.0,Municipio Rosario,Municipio,Rosario,820210,Servicio de Catastro e Información Territorial,IGN
2016,6488,2016-06-30,Jueves,0.0,7:10:00,,0.0,2,"Pickup/Utilitario,Camión",Pte.Roca Y Montevideo,2,1,0,0,1,0,0,,Calle,,ROSARIO,Rosario,S/D,S/D,II,Dentro,Urbana,S/D,S/D,S/D,S/D,S/D,Diurna,S/D,S/D,S/D,Colisión,S/D,S/D,S/D,S/D,POINT (-60.6475352 -32.954896299999994),"['Roca', 'Montevideo']",2,Presidente Roca; Montevideo,-32.954896299999994,-60.6475352,55.0,538.0,Municipio Rosario,Municipio,Rosario,820210,Servicio de Catastro e Información Territorial,IGN
2016,6528,2016-06-03,Viernes,0.0,,,0.0,3,"Peatón,Peatón,Automóvil",Santa Fe Y Donado,3,1,0,0,2,0,0,,Calle,,ROSARIO,Rosario,S/D,S/D,II,Dentro,Urbana,S/D,S/D,S/D,S/D,S/D,S/D,S/D,S/D,Peatón,Atropello,S/D,S/D,S/D,S/D,POINT (-60.72725940000001 -32.93612229999999),"['Santa Fe', 'Donado']",2,Santa Fe; José Agustín Donado,-32.93612229999999,-60.72725940000001,55.0,538.0,Municipio Rosario,Municipio,Rosario,820210,Servicio de Catastro e Información Territorial,IGN
2016,6546,2016-06-20,Lunes,0.0,,,0.0,2,"Automóvil,Peatón",San Martin ,4,0,3,0,1,0,0,,Calle,,ROSARIO,Rosario,S/D,S/D,II,Dentro,Urbana,S/D,S/D,S/D,S/D,S/D,Diurna,S/D,S/D,Peatón,Atropello,S/D,S/D,S/D,S/D,"-32.9764777, -60.6372639",['San Martin'],1,San Martin,-32.9764777,-60.6372639,55.0,538.0,Municipio Rosario,Municipio,Rosario,820210,Servicio de Catastro e Información Territorial,IGN
2016,6743,2016-09-28,Miercoles,0.0,21:20:00,,0.0,2,"Pickup/Utilitario,Moto/Ciclomotor",Av. Circunvalacion 3000,3,1,1,0,1,0,0,,Avenida,,ROSARIO,Rosario,Asfalto,No existe,II,S/D,Urbana,Ninguna,No existe,Intersección,Bueno,Buena,Con luz artificial,Buen Tiempo,Lateral,S/D,Colisión,Ninguna,Faltante,Ninguna,Sin restricción,"-32.9341145, -60.7229919",['Circunvalacion 3000'],1,Circunvalacion 3000,-32.9341145,-60.7229919,55.0,538.0,Municipio Rosario,Municipio,Rosario,820210,Servicio de Catastro e Información Territorial,IGN
2016,6747,2016-09-27,Martes,0.0,23:20:00,,0.0,2,"Automóvil,Moto/Ciclomotor",Rivarola Y Av. Circunvalacion,3,2,0,0,0,0,1,,Avenida,,ROSARIO,Rosario,Asfalto,No existe,II,Dentro,Urbana,Ninguna,Funciona,Intersección,Bueno,Buena,"Nocturna,Con luz artificial",Buen Tiempo,De alcance,S/D,Colisión,Ninguna,Vertical,Ninguna,Sin restricción,POINT (-60.71916028403352 -32.96601604560884),"['Rivarola', 'Circunvalacion']",2,Avenida Doctor Rivarola; Avenida de Circunvalación 25 de Mayo,-32.96601604560884,-60.71916028403352,55.0,538.0,Municipio Rosario,Municipio,Rosario,820210,Servicio de Catastro e Información Territorial,IGN
2016,6749,2016-09-27,Martes,0.0,20:50:00,,0.0,2,"Automóvil,Taxi/Remis",Av. Circunvalacion Y Calle 1701,5,2,0,0,3,0,0,,Avenida,,ROSARIO,Rosario,Asfalto,No existe,II,S/D,Urbana,Ninguna,No existe,Recta,Bueno,Buena,"Nocturna,Con luz artificial",Buen Tiempo,De alcance,S/D,Colisión,Ninguna,S/D,Ninguna,Obra en Construcción,POINT (-60.717623700000004 -32.9681531),"['Circunvalacion', 'Arturo Jauretche']",2,"('Juan Pablo II', 'Arturo Jauretche')",-32.9681531,-60.7176237,55.0,538.0,Municipio Rosario,Municipio,Rosario,820210,Servicio de Catastro e Información Territorial,IGN
2016,6754,2016-09-25,Domingo,0.0,20:30:00,,0.0,3,"Moto/Ciclomotor,Peatón,Peatón",Fader Y Rivarola,3,2,0,0,1,0,0,,Avenida,,ROSARIO,Rosario,S/D,S/D,II,Dentro,Urbana,Ninguna,S/D,Intersección,S/D,S/D,Nocturna,Buen Tiempo,S/D,S/D,Atropello,S/D,S/D,Cordón divisorio,Sin restricción,POINT (-60.722520575000004 -32.96615135),"['Fader', 'Rivarola']",2,Fernando Fader; Avenida Doctor Rivarola,-32.96615135,-60.722520575,55.0,538.0,Municipio Rosario,Municipio,Rosario,820210,Servicio de Catastro e Información Territorial,IGN
2016,6757,2016-09-23,Viernes,0.0,18:45:00,,0.0,2,"Automóvil,Moto/Ciclomotor",Av. Provincias Unidas Y Rueda,2,1,0,0,1,0,0,,Avenida,,ROSARIO,Rosario,Asfalto,No existe,II,Dentro,Urbana,Policía de tránsito,No existe,Intersección,Bueno,Buena,Atardecer,Otro,S/D,S/D,Colisión,Ninguna,S/D,Cordón divisorio,Sin restricción,POINT (-60.711669799999996 -32.9627928),"['Avenida Provincias Unidas', 'Rueda']",2,Avenida Provincias Unidas; Rueda,-32.9627928,-60.7116698,55.0,538.0,Municipio Rosario,Municipio,Rosario,820210,Servicio de Catastro e Información Territorial,IGN
2016,6762,2016-09-24,Sabado,0.0,2:30:00,,0.0,2,"Moto/Ciclomotor,Camión",Santa Fe Y Vera Mujica,3,0,0,1,2,0,0,,Calle,,ROSARIO,Rosario,Asfalto,No existe,II,Dentro,Urbana,Semáforo,Funciona,Intersección,Bueno,Buena,Nocturna,Buen Tiempo,Lateral,S/D,Colisión,Ninguna,S/D,Ninguna,Sin restricción,POINT (-60.6665625 -32.9399498),"['Santa Fe', 'Vera Mujíca']",2,Santa Fe; Vera Mujíca,-32.9399498,-60.6665625,55.0,538.0,Municipio Rosario,Municipio,Rosario,820210,Servicio de Catastro e Información Territorial,IGN
2016,6765,2016-09-24,Sabado,0.0,8:35:00,,0.0,2,"Moto/Ciclomotor,Taxi/Remis",Santa Fe Y Alsina,2,1,0,0,1,0,0,,Calle,,ROSARIO,Rosario,Asfalto,No existe,II,Dentro,Urbana,Semáforo,Funciona,Intersección,Bueno,Buena,Diurna,Buen Tiempo,Lateral,S/D,Colisión,Ninguna,S/D,Ninguna,Sin restricción,POINT (-60.676048 -32.9382392),"['Santa Fe', 'Alsina']",2,Santa Fe; Alsina,-32.9382392,-60.676048,55.0,538.0,Municipio Rosario,Municipio,Rosario,820210,Servicio de Catastro e Información Territorial,IGN
2016,6766,2016-09-23,Viernes,0.0,18:10:00,,0.0,2,"Bicicleta,Peatón",Salta Y Pueyrredon,2,1,0,0,1,0,0,,Calle,,ROSARIO,Rosario,Asfalto,No existe,II,Dentro,Urbana,Semáforo,Funciona,Recta,Bueno,Buena,Diurna,Buen Tiempo,S/D,Peatón,Atropello,Ninguna,Vertical,Ninguna,Sin restricción,POINT (-60.6556216 -32.93601499999999),"['Salta', 'Pueyrredón']",2,"('Salta', 'Pueyrredón')",-32.93601499999999,-60.6556216,55.0,538.0,Municipio Rosario,Municipio,Rosario,820210,Servicio de Catastro e Información Territorial,IGN
2016,6770,2016-09-17,Sabado,0.0,14:30:00,,0.0,2,"Pickup/Utilitario,Moto/Ciclomotor",Catamarca Y San Nicolas,2,1,0,0,1,0,0,,Calle,,ROSARIO,Rosario,Asfalto,No existe,II,Dentro,Urbana,Semáforo,Funciona,Recta,Bueno,Buena,Diurna,Buen Tiempo,Lateral,S/D,Colisión,Ninguna,S/D,Ninguna,Sin restricción,POINT (-60.6708811 -32.9345119),"['Catamarca', 'San Nicolás']",2,Catamarca; San Nicolás,-32.9345119,-60.6708811,55.0,538.0,Municipio Rosario,Municipio,Rosario,820210,Servicio de Catastro e Información Territorial,IGN
2016,6773,2016-09-15,Jueves,0.0,16:40:00,,0.0,2,"Automóvil,Moto/Ciclomotor",San Lorenzo Y Rodriguez,2,1,0,0,1,0,0,,Calle,,ROSARIO,Rosario,S/D,No existe,II,Dentro,Urbana,Ninguna,No existe,Recta,S/D,Buena,Diurna,Buen Tiempo,Lateral,S/D,Colisión,S/D,Faltante,Ninguna,Sin restricción,POINT (-60.658118800000004 -32.9404409),"['San Lorenzo', 'Rodríguez']",2,San Lorenzo; Rodríguez de Escobedo,-32.9404409,-60.6581188,55.0,538.0,Municipio Rosario,Municipio,Rosario,820210,Servicio de Catastro e Información Territorial,IGN
2016,6775,2016-09-12,Lunes,0.0,2:45:00,,0.0,2,"Automóvil,Taxi/Remis",Santa Fe Y Callao,3,1,0,0,2,0,0,,Calle,,ROSARIO,Rosario,Asfalto,No existe,II,Dentro,Urbana,Semáforo,Funciona,Intersección,Bueno,Buena,Nocturna,Buen Tiempo,Lateral,S/D,Colisión,S/D,Vertical,Ninguna,Sin restricción,POINT (-60.6597746 -32.94115649999999),"['Santa Fe', 'Callao']",2,Santa Fe; Callao,-32.94115649999999,-60.6597746,55.0,538.0,Municipio Rosario,Municipio,Rosario,820210,Servicio de Catastro e Información Territorial,IGN
2016,6777,2016-09-03,Sabado,0.0,12:15:00,,0.0,2,"Moto/Ciclomotor,Automóvil",Av. Provincias Unidas Y Schweitzer,2,1,0,0,1,0,0,,Avenida,,ROSARIO,Rosario,Asfalto,No existe,II,Dentro,Urbana,Ninguna,No existe,Recta,Bueno,Buena,Diurna,Buen Tiempo,De alcance,S/D,Colisión,Otro,Faltante,Ninguna,Sin restricción,POINT (-60.713941950000006 -32.913199899999995),"['Avenida Provincias Unidas', 'Albert Schweitzer']",2,Avenida Provincias Unidas; Albert Schweitzer,-32.913199899999995,-60.713941950000006,55.0,538.0,Municipio Rosario,Municipio,Rosario,820210,Servicio de Catastro e Información Territorial,IGN
2016,6779,2016-09-05,Lunes,0.0,18:25:00,,0.0,2,"Peatón,Automóvil",Olavarria Bis Y J.J.Paso,2,1,0,0,1,0,0,,Calle,,ROSARIO,Rosario,Asfalto,S/D,II,Dentro,Urbana,S/D,S/D,Recta,Bueno,Buena,Diurna,Buen Tiempo,S/D,Peatón,Atropello,S/D,S/D,S/D,S/D,POINT (-60.7043792 -32.9199808),"['Olavarría', 'Paso']",2,Olavarría; Avenida Juan José Paso,-32.9199808,-60.7043792,55.0,538.0,Municipio Rosario,Municipio,Rosario,820210,Servicio de Catastro e Información Territorial,IGN
2016,6786,2016-09-10,Sabado,0.0,5:30:00,,0.0,2,"Moto/Ciclomotor,Automóvil",Av. Sorrento Y Av. Provincias Unidas,2,1,0,0,1,0,0,,Avenida,,ROSARIO,Rosario,Asfalto,No existe,II,Dentro,Urbana,Señal Ceda el Paso,No existe,Rotonda,Bueno,Buena,Diurna,Buen Tiempo,Lateral,S/D,Colisión,Ninguna,S/D,Línea divisoria pintada,Sin restricción,POINT (-60.714102249999996 -32.9083328),"['Sorrento', 'Avenida Provincias Unidas']",2,Avenida Sorrento; Avenida Provincias Unidas,-32.9083328,-60.71410225,55.0,538.0,Municipio Rosario,Municipio,Rosario,820210,Servicio de Catastro e Información Territorial,IGN
2016,6787,2016-09-07,Miercoles,0.0,15:20:00,,0.0,2,"Automóvil,Moto/Ciclomotor",Av. Provincias Unidas Y Jose Ingenieros,2,0,1,0,1,0,0,,Calle,,ROSARIO,Rosario,Asfalto,No existe,II,Dentro,Urbana,Ninguna,No existe,Recta,Bueno,Buena,Diurna,Buen Tiempo,Lateral,S/D,Colisión,Otro,S/D,Ninguna,Sin restricción,POINT (-60.71377375000001 -32.917122899999995),"['Avenida Provincias Unidas', 'José Ingenieros']",2,Avenida Provincias Unidas; José Ingenieros,-32.917122899999995,-60.71377375000001,55.0,538.0,Municipio Rosario,Municipio,Rosario,820210,Servicio de Catastro e Información Territorial,IGN
2016,6788,2016-09-12,Lunes,0.0,15:00:00,,0.0,2,"Automóvil,Moto/Ciclomotor",Pje. Pelayo Y Mariano Cabal Bis,2,1,0,0,1,0,0,,Calle,,ROSARIO,Rosario,Asfalto,No existe,II,Dentro,Urbana,Ninguna,No existe,Recta,Bueno,Buena,Diurna,Buen Tiempo,De alcance,S/D,Colisión,Otro,Faltante,Ninguna,Sin restricción,POINT (-60.7026499 -32.9193593),"['Pelayo', 'Mariano Cabal']",2,Pelayo; Mariano Cabal,-32.9193593,-60.7026499,55.0,538.0,Municipio Rosario,Municipio,Rosario,820210,Servicio de Catastro e Información Territorial,IGN
2016,6789,2016-09-16,Viernes,0.0,21:40:00,,0.0,2,"Automóvil,Automóvil",Av. Provincias Unidas Y Av. Sorrento,2,1,0,0,1,0,0,,Avenida,,ROSARIO,Rosario,Asfalto,Natural,II,Dentro,Urbana,Señal Ceda el Paso,No existe,Rotonda,Bueno,Buena,Nocturna,Buen Tiempo,Lateral,S/D,Colisión,S/D,Vertical,Ninguna,Sin restricción,POINT (-60.714102249999996 -32.9083328),"['Avenida Provincias Unidas', 'Sorrento']",2,Avenida Provincias Unidas; Avenida Sorrento,-32.9083328,-60.71410225,55.0,538.0,Municipio Rosario,Municipio,Rosario,820210,Servicio de Catastro e Información Territorial,IGN
2016,6791,2016-09-01,Jueves,0.0,13:00:00,,0.0,2,"Moto/Ciclomotor,Automóvil",Baigorria Y Zelaya,2,1,0,0,1,0,0,,Calle,,ROSARIO,Rosario,Asfalto,No existe,II,Dentro,Urbana,S/D,No existe,Intersección,Bueno,Buena,Diurna,Buen Tiempo,Lateral,S/D,Colisión,S/D,S/D,S/D,S/D,POINT (-60.69689309999999 -32.8923404),"['Baigorria', 'Zelaya']",2,Baigorria; Zelaya,-32.8923404,-60.69689309999999,55.0,538.0,Municipio Rosario,Municipio,Rosario,820210,Servicio de Catastro e Información Territorial,IGN
2016,6793,2016-09-10,Sabado,0.0,15:00:00,,0.0,2,"Automóvil,Peatón",Bv. Rondeau 4100,2,1,0,0,1,0,0,,Avenida,,ROSARIO,Rosario,Asfalto,No existe,II,Dentro,Urbana,S/D,No existe,Intersección,Bueno,Buena,Diurna,Buen Tiempo,S/D,S/D,Atropello,S/D,S/D,S/D,S/D,"-32.8767241, -60.6975076",['Rondeau 4100'],1,Rondeau 4100,-32.8767241,-60.6975076,55.0,538.0,Municipio Rosario,Municipio,Rosario,820210,Servicio de Catastro e Información Territorial,IGN
2016,6795,2016-09-10,Sabado,0.0,10:30:00,,0.0,2,"Automóvil,Moto/Ciclomotor",A.Maza Y Dr.D.Peña,2,1,0,0,1,0,0,,Calle,,ROSARIO,Rosario,Asfalto,No existe,II,Dentro,Urbana,S/D,No existe,Intersección,Bueno,Buena,Diurna,Buen Tiempo,Lateral,S/D,Colisión,S/D,S/D,S/D,Sin restricción,POINT (-60.6914202 -32.877964),"['Maza', 'David Peña']",2,Juan Agustín Maza; David Peña,-32.877964,-60.6914202,55.0,538.0,Municipio Rosario,Municipio,Rosario,820210,Servicio de Catastro e Información Territorial,IGN