anio_acci,nro_acci,fecha,desc_dia,fecha_aprox,hora_aprox,desc_ruta,km,cant_participantes,desc_participante,calle_avenida_km,total,heridos_leves,heridos_graves,heridos_gravisimos,ilesos,fallecidos,sin_datos,posicion_XY,desc_tipo_via,desc_ruta_ori,desc_loc,desc_dpto,desc_tipo_calzada,desc_tipo_banquina,desc_unidad_regional,desc_lugar_calzada,desc_zona,desc_prioridad,desc_estado_semaforo,desc_lugar_via,desc_estado_via,desc_estado_visibilidad,desc_luminosidad,desc_estado_clima,desc_tipo_colision,desc_tipo_atropello,desc_tipo_hecho,desc_pres_calzada,desc_senializacion,desc_separacion_via,desc_restriccion,forma_geocod,calle_lista,numero_calles,calles_osm,lat,lon,index_right,gid,fna,gna,nam,in1,fdc,sag
2016,6799,2016-09-20,Martes,0.0,18:00:00,,0.0,2,"Peatón,Automóvil",Bv. Rondeau Y Punta Lara,2,0,1,0,1,0,0,,Avenida,,ROSARIO,Rosario,Asfalto,S/D,II,Dentro,Urbana,S/D,S/D,Intersección,Bueno,Buena,Diurna,Buen Tiempo,S/D,Peatón,Atropello,Ninguna,S/D,S/D,S/D,POINT (-60.6947776 -32.8862423),"['Rondeau', 'Punta Lara']",2,Bulevar General José Rondeau; Punta Lara,-32.8862423,-60.6947776,55.0,538.0,Municipio Rosario,Municipio,Rosario,820210,Servicio de Catastro e Información Territorial,IGN
2016,6809,2016-09-03,Sabado,0.0,11:55:00,,0.0,2,"Automóvil,Peatón",Servando Bayo Y Cerrito,2,2,0,0,0,0,0,,Calle,,ROSARIO,Rosario,Asfalto,S/D,II,Dentro,Urbana,S/D,S/D,Recta,Bueno,Buena,Diurna,Buen Tiempo,S/D,Peatón,Atropello,S/D,S/D,S/D,S/D,POINT (-60.68846059999999 -32.953571000000004),"['Servando Bayo', 'Cerrito']",2,Servando Bayo; Cerrito,-32.953571000000004,-60.68846059999999,55.0,538.0,Municipio Rosario,Municipio,Rosario,820210,Servicio de Catastro e Información Territorial,IGN
2016,6811,2016-09-03,Sabado,0.0,4:30:00,,0.0,1,Moto/Ciclomotor,Vera Mujica Y Av. Pellegrini,1,1,0,0,0,0,0,,Avenida,,ROSARIO,Rosario,Asfalto,S/D,II,Dentro,Urbana,S/D,S/D,Recta,Bueno,Buena,Nocturna,S/D,Contra objeto fijo,S/D,Colisión,S/D,S/D,S/D,S/D,POINT (-60.6696235 -32.952139450000004),"['Vera Mujíca', 'Pellegrini']",2,Vera Mujíca; Avenida Carlos Pellegrini,-32.952139450000004,-60.6696235,55.0,538.0,Municipio Rosario,Municipio,Rosario,820210,Servicio de Catastro e Información Territorial,IGN
2016,6822,2016-09-23,Viernes,0.0,15:20:00,,0.0,2,"Moto/Ciclomotor,Automóvil",Iriondo Y Amenabar,2,2,0,0,0,0,0,,Calle,,ROSARIO,Rosario,Asfalto,S/D,II,Dentro,Urbana,S/D,S/D,Recta,Bueno,Buena,Diurna,Buen Tiempo,Lateral,S/D,Colisión,S/D,S/D,S/D,S/D,POINT (-60.6761074 -32.96657359999999),"['Iriondo', 'Amenabar']",2,Iriondo; José de Amenábar,-32.96657359999999,-60.6761074,55.0,538.0,Municipio Rosario,Municipio,Rosario,820210,Servicio de Catastro e Información Territorial,IGN
2016,6826,2016-09-15,Jueves,0.0,15:30:00,,0.0,2,"Pickup/Utilitario,Moto/Ciclomotor",Av. Provincias Unidas Y Av. Pte.Peron,2,1,0,0,1,0,0,,Avenida,,ROSARIO,Rosario,Asfalto,No existe,II,Dentro,Urbana,S/D,Funciona,Intersección,Bueno,Buena,Diurna,Buen Tiempo,Lateral,S/D,Colisión,S/D,Vertical,Cordón divisorio,Sin restricción,POINT (-60.711466349999995 -32.9679676),"['Avenida Provincias Unidas', 'Avenida Presidente Perón']",2,Avenida Provincias Unidas; Avenida Presidente Perón,-32.9679676,-60.71146635,55.0,538.0,Municipio Rosario,Municipio,Rosario,820210,Servicio de Catastro e Información Territorial,IGN
2016,6827,2016-09-13,Martes,0.0,9:45:00,,0.0,2,"Moto/Ciclomotor,Automóvil",Rivarola Y Av. Circunvalacion,2,1,0,0,1,0,0,,Avenida,,ROSARIO,Rosario,Asfalto,No existe,II,Dentro,Urbana,Semáforo,Funciona,Intersección,Bueno,Buena,Diurna,Buen Tiempo,Lateral,S/D,Colisión,Ninguna,Vertical,S/D,S/D,POINT (-60.71916028403352 -32.96601604560884),"['Rivarola', 'Circunvalacion']",2,Avenida Doctor Rivarola; Avenida de Circunvalación 25 de Mayo,-32.96601604560884,-60.71916028403352,55.0,538.0,Municipio Rosario,Municipio,Rosario,820210,Servicio de Catastro e Información Territorial,IGN
2016,6828,2016-09-14,Miercoles,0.0,9:30:00,,0.0,2,"Automóvil,Moto/Ciclomotor",Ocampo Y Fraga,2,1,0,0,1,0,0,,Calle,,ROSARIO,Rosario,Asfalto,No existe,II,Dentro,Urbana,S/D,No existe,Intersección,Bueno,Buena,Diurna,Buen Tiempo,Lateral,S/D,Colisión,Ninguna,Faltante,Ninguna,Sin restricción,POINT (-60.70953440000001 -32.957954599999994),"['Ocampo', 'Fraga']",2,Ocampo; Rosendo María Fraga,-32.957954599999994,-60.70953440000001,55.0,538.0,Municipio Rosario,Municipio,Rosario,820210,Servicio de Catastro e Información Territorial,IGN
2016,6829,2016-09-10,Sabado,0.0,18:40:00,,0.0,2,"Transporte de Pasajeros Urbano (> 8 asientos),Moto/Ciclomotor",Ocampo 6400,2,1,0,0,1,0,0,,Calle,,ROSARIO,Rosario,Asfalto,No existe,II,Dentro,Urbana,S/D,No existe,Intersección,Bueno,Buena,Diurna,Buen Tiempo,Lateral,S/D,Colisión,Ninguna,Faltante,S/D,S/D,"-32.9578423, -60.7082253",['Ocampo 6400'],1,Ocampo 6400,-32.9578423,-60.7082253,55.0,538.0,Municipio Rosario,Municipio,Rosario,820210,Servicio de Catastro e Información Territorial,IGN
2016,6830,2016-09-07,Miercoles,0.0,13:55:00,,0.0,2,"Automóvil,Moto/Ciclomotor",Bv. 27 De Febrero Y Av. Circunvalacion,2,1,0,0,1,0,0,,Avenida,,ROSARIO,Rosario,Asfalto,No existe,II,Dentro,Urbana,Ninguna,No existe,Intersección,Bueno,Buena,Diurna,Buen Tiempo,Lateral,S/D,Colisión,Ninguna,Faltante,Cordón divisorio,Sin restricción,POINT (-60.671730569613096 -32.965475411263625),"['27 de Febrero', 'Circunvalacion']",2,Bulevar 27 de Febrero; Avenida de Circunvalación 25 de Mayo,-32.965475411263625,-60.671730569613096,55.0,538.0,Municipio Rosario,Municipio,Rosario,820210,Servicio de Catastro e Información Territorial,IGN
2016,6835,2016-09-03,Sabado,0.0,23:45:00,,0.0,2,"Moto/Ciclomotor,Automóvil",Nicolas Laguna Y ,3,2,0,0,1,0,0,,Calle,,ROSARIO,Rosario,Asfalto,No existe,II,Dentro,Urbana,Ninguna,No existe,Intersección,Bueno,Buena,Nocturna,Buen Tiempo,Lateral,S/D,Colisión,Ninguna,Faltante,Ninguna,Sin restricción,"-32.883562, -60.7242459",['Laguna'],1,Laguna,-32.883562,-60.7242459,55.0,538.0,Municipio Rosario,Municipio,Rosario,820210,Servicio de Catastro e Información Territorial,IGN
2016,6855,2016-06-25,Sabado,0.0,,,0.0,2,"Camión,Automóvil",9 De Julio Y Rodriguez,2,1,0,0,1,0,0,,Calle,,ROSARIO,Rosario,S/D,S/D,II,Dentro,Urbana,S/D,S/D,S/D,S/D,S/D,Diurna,S/D,S/D,S/D,Colisión,S/D,S/D,S/D,S/D,POINT (-60.66057760000001 -32.9501913),"['9 de Julio', 'Rodríguez']",2,9 de Julio; Rodríguez de Escobedo,-32.9501913,-60.66057760000001,55.0,538.0,Municipio Rosario,Municipio,Rosario,820210,Servicio de Catastro e Información Territorial,IGN
2016,6877,2016-09-01,Jueves,0.0,14:05:00,,0.0,1,Moto/Ciclomotor,Av. Pte.Peron Y Av. Circunvalacion,1,1,0,0,0,0,0,,Avenida,,ROSARIO,Rosario,Hormigón,Pavimento,II,Dentro,Urbana,S/D,No existe,Intersección,Bueno,Buena,Diurna,Buen Tiempo,S/D,S/D,Caída ocupante,S/D,S/D,Cordón divisorio,S/D,POINT (-60.71697254694366 -32.970708102842494),"['Avenida Presidente Perón', 'Circunvalacion']",2,Avenida Presidente Perón; Avenida de Circunvalación 25 de Mayo,-32.970708102842494,-60.71697254694366,55.0,538.0,Municipio Rosario,Municipio,Rosario,820210,Servicio de Catastro e Información Territorial,IGN
2016,6879,2016-09-09,Viernes,0.0,19:00:00,,0.0,2,"Automóvil,Moto/Ciclomotor",Av. Provincias Unidas Y Godoy Cruz,2,1,0,0,1,0,0,,Avenida,,ROSARIO,Rosario,S/D,No existe,II,Dentro,Urbana,Semáforo,Funciona,Intersección,Bueno,Buena,Atardecer,Buen Tiempo,Lateral,S/D,Colisión,Ninguna,Vertical,Ninguna,Sin restricción,POINT (-60.711466349999995 -32.9679676),"['Avenida Provincias Unidas', 'Avenida Presidente Perón']",2,Avenida Provincias Unidas; Avenida Presidente Perón,-32.9679676,-60.71146635,55.0,538.0,Municipio Rosario,Municipio,Rosario,820210,Servicio de Catastro e Información Territorial,IGN
2016,6880,2016-09-09,Viernes,0.0,19:30:00,,0.0,2,"Moto/Ciclomotor,Automóvil",Bv. 27 De Febrero Y Campbell,2,1,0,0,1,0,0,,Avenida,,ROSARIO,Rosario,Asfalto,No existe,II,Dentro,Urbana,Ninguna,No existe,Intersección,Bueno,Buena,Atardecer,Buen Tiempo,Lateral,S/D,Colisión,S/D,Faltante,Ninguna,Sin restricción,POINT (-60.70720419999999 -32.9592378),"['27 de Febrero', 'Campbell']",2,Bulevar 27 de Febrero; Campbell,-32.9592378,-60.70720419999999,55.0,538.0,Municipio Rosario,Municipio,Rosario,820210,Servicio de Catastro e Información Territorial,IGN
2016,6882,2016-09-04,Domingo,0.0,21:00:00,,0.0,2,"Moto/Ciclomotor,Pickup/Utilitario",Av. Pte.Peron Y P.L.Funes,2,0,1,0,1,0,0,,Avenida,,ROSARIO,Rosario,Asfalto,No existe,II,Dentro,Urbana,Semáforo,Funciona,Intersección,Bueno,Buena,Nocturna,S/D,Lateral,S/D,Colisión,S/D,Vertical,Barrera de hormigón,Sin restricción,POINT (-60.710553 -32.9674633),"['Avenida Presidente Perón', 'Funes']",2,"('Avenida Presidente Perón', 'Deán Gregorio Funes')",-32.9674633,-60.710553,55.0,538.0,Municipio Rosario,Municipio,Rosario,820210,Servicio de Catastro e Información Territorial,IGN
2016,6924,2016-09-13,Martes,0.0,9:50:00,,0.0,2,"Moto/Ciclomotor,Pickup/Utilitario",Fraga 1100,2,1,0,0,1,0,0,,Calle,,ROSARIO,Rosario,Asfalto,S/D,II,Dentro,Urbana,S/D,S/D,Recta,Bueno,Buena,Diurna,Buen Tiempo,Lateral,S/D,Colisión,S/D,S/D,S/D,S/D,"-32.9411843, -60.7103129",['Fraga 1100'],1,Fraga 1100,-32.9411843,-60.7103129,55.0,538.0,Municipio Rosario,Municipio,Rosario,820210,Servicio de Catastro e Información Territorial,IGN
2016,6926,2016-09-13,Martes,0.0,9:50:00,,0.0,2,"Automóvil,Automóvil",Mendoza Y Guatemala,2,1,0,0,1,0,0,,Calle,,ROSARIO,Rosario,Asfalto,No existe,II,Dentro,Urbana,S/D,No existe,Intersección,Bueno,Buena,Diurna,Buen Tiempo,Lateral,S/D,Colisión,S/D,S/D,S/D,S/D,POINT (-60.717262000000005 -32.94036265),"['Mendoza', 'Guatemala']",2,Mendoza; Guatemala,-32.94036265,-60.717262000000005,55.0,538.0,Municipio Rosario,Municipio,Rosario,820210,Servicio de Catastro e Información Territorial,IGN
2016,6928,2016-09-06,Martes,0.0,8:35:00,,0.0,2,"Moto/Ciclomotor,Automóvil",Av. Provincias Unidas Y Montevideo,2,1,0,0,1,0,0,,Avenida,,ROSARIO,Rosario,Asfalto,No existe,II,Dentro,Urbana,S/D,No existe,Intersección,Bueno,Buena,Diurna,Buen Tiempo,Lateral,S/D,Colisión,S/D,S/D,S/D,Sin restricción,POINT (-60.71230545 -32.9474568),"['Avenida Provincias Unidas', 'Montevideo']",2,Avenida Provincias Unidas; Montevideo,-32.9474568,-60.71230545,55.0,538.0,Municipio Rosario,Municipio,Rosario,820210,Servicio de Catastro e Información Territorial,IGN
2016,6930,2016-09-06,Martes,0.0,17:30:00,,0.0,2,"Moto/Ciclomotor,Automóvil",La Paz Y Guatemala,2,1,0,0,1,0,0,,Calle,,ROSARIO,Rosario,Asfalto,S/D,II,Dentro,Urbana,S/D,S/D,Intersección,Bueno,Buena,Diurna,Buen Tiempo,Lateral,S/D,Colisión,S/D,S/D,S/D,S/D,POINT (-60.7166316 -32.955854099999996),"['La Paz', 'Guatemala']",2,La Paz; Guatemala,-32.9558541,-60.7166316,55.0,538.0,Municipio Rosario,Municipio,Rosario,820210,Servicio de Catastro e Información Territorial,IGN
2016,7039,2016-10-30,Domingo,0.0,19:40:00,,0.0,2,"Automóvil,Moto/Ciclomotor",Av. Provincias Unidas Y Amenabar,2,1,0,0,1,0,0,,Calle,,ROSARIO,Rosario,Asfalto,No existe,II,Dentro,Urbana,Ninguna,No existe,Intersección,Bueno,Buena,"Nocturna,Con luz artificial",Buen Tiempo,Lateral,S/D,Colisión,Ninguna,Faltante,Cordón divisorio,Sin restricción,POINT (-60.71163094999999 -32.96397379999999),"['Avenida Provincias Unidas', 'Amenabar']",2,Avenida Provincias Unidas; José de Amenábar,-32.96397379999999,-60.71163094999999,55.0,538.0,Municipio Rosario,Municipio,Rosario,820210,Servicio de Catastro e Información Territorial,IGN
2016,7041,2016-10-30,Domingo,0.0,11:30:00,,0.0,1,Moto/Ciclomotor,Av. Circunvalacion Y Av. Uriburu,3,2,0,0,1,0,0,,Calle,,ROSARIO,Rosario,Asfalto,No existe,II,Dentro,Urbana,Ninguna,No existe,Recta,Bueno,Buena,Diurna,Buen Tiempo,S/D,S/D,Caída ocupante,S/D,S/D,Línea divisoria pintada,Sin restricción,POINT (-60.70053645 -32.992253950000006),"['Circunvalacion', 'Uriburu']",2,"('Juan Pablo II', 'Avenida José Uriburu')",-32.992253950000006,-60.70053645,55.0,538.0,Municipio Rosario,Municipio,Rosario,820210,Servicio de Catastro e Información Territorial,IGN
2016,7044,2016-10-26,Miercoles,0.0,7:00:00,,0.0,2,"Transporte de Pasajeros (H/ 8 asientos),Moto/Ciclomotor",Rivarola Y Av. Circunvalacion,3,2,0,0,1,0,0,,Calle,,ROSARIO,Rosario,Hormigón,No existe,II,Dentro,Urbana,Semáforo,Funciona,Intersección,Bueno,Buena,Amanecer,Lluvia,Lateral,S/D,Colisión,Agua,"Horizontal,Vertical",Cordón divisorio,Sin restricción,POINT (-60.71916028403352 -32.96601604560884),"['Rivarola', 'Circunvalacion']",2,Avenida Doctor Rivarola; Avenida de Circunvalación 25 de Mayo,-32.96601604560884,-60.71916028403352,55.0,538.0,Municipio Rosario,Municipio,Rosario,820210,Servicio de Catastro e Información Territorial,IGN
2016,7046,2016-10-25,Martes,0.0,23:45:00,,0.0,2,"Automóvil,Automóvil",Av. Provincias Unidas Y Av. Pte.Peron,2,2,0,0,0,0,0,,Calle,,ROSARIO,Rosario,Asfalto,No existe,II,Dentro,Urbana,Semáforo,Intermitente,Intersección,Bueno,Buena,"Nocturna,Con luz artificial",Lluvia,S/D,S/D,Colisión,Agua,"Horizontal,Vertical",Cordón divisorio,Sin restricción,POINT (-60.711466349999995 -32.9679676),"['Avenida Provincias Unidas', 'Avenida Presidente Perón']",2,Avenida Provincias Unidas; Avenida Presidente Perón,-32.9679676,-60.71146635,55.0,538.0,Municipio Rosario,Municipio,Rosario,820210,Servicio de Catastro e Información Territorial,IGN
2016,7048,2016-10-24,Lunes,0.0,20:50:00,,0.0,2,"Automóvil,Moto/Ciclomotor",R.Lagos 3100,2,1,0,0,1,0,0,,Calle,,ROSARIO,Rosario,Asfalto,No existe,II,Dentro,Urbana,Ninguna,No existe,Intersección,Deteriorada,Buena,"Nocturna,Con luz artificial",Buen Tiempo,Lateral,S/D,Colisión,Material Suelto,S/D,Ninguna,Sin restricción,"-32.9317941, -60.6588249",['R Lagos 3100'],1,R Lagos 3100,-32.9317941,-60.6588249,55.0,538.0,Municipio Rosario,Municipio,Rosario,820210,Servicio de Catastro e Información Territorial,IGN
2016,7049,2016-10-22,Sabado,0.0,22:30:00,,0.0,2,"Pickup/Utilitario,Moto/Ciclomotor",Rivarola 7300,2,1,0,0,1,0,0,,Calle,,ROSARIO,Rosario,Hormigón,No existe,II,Dentro,Urbana,Ninguna,Funciona,Intersección,Bueno,Buena,"Nocturna,Con luz artificial",Buen Tiempo,Lateral,S/D,Colisión,Ninguna,Vertical,Cordón divisorio,Sin restricción,"-32.965857, -60.7182856",['Rivarola 7300'],1,Rivarola 7300,-32.965857,-60.7182856,55.0,538.0,Municipio Rosario,Municipio,Rosario,820210,Servicio de Catastro e Información Territorial,IGN
2016,7051,2016-10-20,Jueves,0.0,12:00:00,,0.0,2,"Pickup/Utilitario,Automóvil",Rivarola Y Av. Circunvalacion,2,1,0,0,1,0,0,,Calle,,ROSARIO,Rosario,Hormigón,No existe,II,Dentro,Urbana,S/D,Funciona,Intersección,Bueno,Buena,Diurna,Buen Tiempo,Lateral,S/D,Colisión,Ninguna,S/D,Cordón divisorio,Sin restricción,POINT (-60.71916028403352 -32.96601604560884),"['Rivarola', 'Circunvalacion']",2,Avenida Doctor Rivarola; Avenida de Circunvalación 25 de Mayo,-32.96601604560884,-60.71916028403352,55.0,538.0,Municipio Rosario,Municipio,Rosario,820210,Servicio de Catastro e Información Territorial,IGN
2016,7052,2016-10-14,Viernes,0.0,6:20:00,,0.0,2,"Taxi/Remis,Moto/Ciclomotor",Av. Uriburu Y Av. Circunvalacion,2,1,0,0,1,0,0,,Calle,,ROSARIO,Rosario,Asfalto,No existe,II,Dentro,Urbana,Ninguna,No existe,Recta,Con baches,Buena,Amanecer,Buen Tiempo,De alcance,S/D,Colisión,S/D,Faltante,Cordón divisorio,Sin restricción,POINT (-60.661478219834294 -32.991061565588964),"['Uriburu', 'Circunvalacion']",2,Avenida José Uriburu; Avenida de Circunvalación 25 de Mayo,-32.991061565588964,-60.66147821983429,55.0,538.0,Municipio Rosario,Municipio,Rosario,820210,Servicio de Catastro e Información Territorial,IGN
2016,7053,2016-10-11,Martes,0.0,14:00:00,,0.0,2,"Camión c / Acoplado,Moto/Ciclomotor",Av. Provincias Unidas Y Bv. 27 De Febrero,3,1,0,0,2,0,0,,Calle,,ROSARIO,Rosario,Asfalto,No existe,II,Dentro,Urbana,Semáforo,Funciona,Intersección,Con baches,Buena,Diurna,Buen Tiempo,Lateral,S/D,Colisión,Material Suelto,Vertical,Ninguna,Obra en Construcción,POINT (-60.711817525 -32.959359825),"['Avenida Provincias Unidas', '27 de Febrero']",2,Avenida Provincias Unidas; Bulevar 27 de Febrero,-32.959359825,-60.711817525,55.0,538.0,Municipio Rosario,Municipio,Rosario,820210,Servicio de Catastro e Información Territorial,IGN
2016,7057,2016-10-27,Jueves,0.0,19:15:00,,0.0,2,"Moto/Ciclomotor,Automóvil",Virasoro Y Beruti,2,1,0,0,1,0,0,,Calle,,ROSARIO,Rosario,Asfalto,No existe,II,Dentro,Urbana,Ninguna,No existe,Intersección,Bueno,Buena,Atardecer,Buen Tiempo,Lateral,S/D,Colisión,Ninguna,Faltante,Ninguna,Sin restricción,POINT (-60.62599920000001 -32.9731564),"['Virasoro', 'Luis Beruti']",2,Benjamín Virasoro; Luis Beruti,-32.9731564,-60.62599920000001,55.0,538.0,Municipio Rosario,Municipio,Rosario,820210,Servicio de Catastro e Información Territorial,IGN
2016,7058,2016-10-05,Miercoles,0.0,7:50:00,,0.0,2,"Automóvil,Moto/Ciclomotor",Av. Circunvalacion Y Bv. 27 De Febrero,2,1,0,0,1,0,0,,Calle,,ROSARIO,Rosario,Asfalto,No existe,II,Dentro,Urbana,Ninguna,No existe,Recta,Resbaladiza,Buena,Diurna,Lluvia,De alcance,S/D,Colisión,Fluidos,Faltante,Ninguna,Obra en Construcción,POINT (-60.7203755 -32.95957229999999),"['Circunvalacion', '27 de Febrero']",2,"('Juan Pablo II', 'Bulevar 27 de Febrero')",-32.95957229999999,-60.7203755,55.0,538.0,Municipio Rosario,Municipio,Rosario,820210,Servicio de Catastro e Información Territorial,IGN
2016,7059,2016-10-26,Miercoles,0.0,12:05:00,,0.0,2,"Moto/Ciclomotor,Automóvil",Buenos Aires Y Amenabar,2,1,0,0,1,0,0,,Calle,,ROSARIO,Rosario,Asfalto,No existe,II,Dentro,Urbana,Ninguna,No existe,Intersección,Bueno,Buena,Diurna,Buen Tiempo,Lateral,S/D,Colisión,Ninguna,Faltante,Ninguna,Sin restricción,POINT (-60.639182299999995 -32.973197600000006),"['Buenos Aires', 'Amenabar']",2,Buenos Aires; José de Amenábar,-32.973197600000006,-60.6391823,55.0,538.0,Municipio Rosario,Municipio,Rosario,820210,Servicio de Catastro e Información Territorial,IGN
2016,7060,2016-10-04,Martes,0.0,17:00:00,,0.0,2,"Moto/Ciclomotor,Automóvil",Tte.Agneta Y Rueda,3,1,0,0,2,0,0,,Calle,,ROSARIO,Rosario,Asfalto,No existe,II,Dentro,Urbana,Ninguna,No existe,Intersección,Bueno,Buena,Atardecer,Buen Tiempo,Lateral,S/D,Colisión,S/D,Faltante,Ninguna,Sin restricción,POINT (-60.698949999999996 -32.9624522),"['Teniente Agneta', 'Rueda']",2,Teniente Agneta; Rueda,-32.9624522,-60.69895,55.0,538.0,Municipio Rosario,Municipio,Rosario,820210,Servicio de Catastro e Información Territorial,IGN
2016,7062,2016-10-25,Martes,0.0,15:50:00,,0.0,2,"Moto/Ciclomotor,Automóvil",J.M.de Rosas Y Bv. Segui,2,1,0,0,1,0,0,,Avenida,,ROSARIO,Rosario,Asfalto,No existe,II,Dentro,Urbana,S/D,No existe,Intersección,Bueno,Buena,Diurna,Buen Tiempo,Lateral,S/D,Colisión,S/D,Faltante,Cordón divisorio,Sin restricción,POINT (-60.63947580000001 -32.98032074999999),"['De Rosas', 'Bulevar Juan Francisco Seguí']",2,Juan Manuel de Rosas; Bulevar Juan Francisco Seguí,-32.98032074999999,-60.63947580000001,55.0,538.0,Municipio Rosario,Municipio,Rosario,820210,Servicio de Catastro e Información Territorial,IGN
2016,7063,2016-10-25,Martes,0.0,9:45:00,,0.0,2,"Moto/Ciclomotor,Automóvil",Necochea Y Garay,2,1,0,0,1,0,0,,Calle,,ROSARIO,Rosario,Asfalto,No existe,II,Dentro,Urbana,Ninguna,No existe,Intersección,Bueno,Buena,Diurna,Buen Tiempo,Lateral,S/D,Colisión,S/D,Faltante,Ninguna,Sin restricción,POINT (-60.631237799999994 -32.9770099),"['Necochea', 'Garay']",2,Necochea; Juan de Garay,-32.9770099,-60.6312378,55.0,538.0,Municipio Rosario,Municipio,Rosario,820210,Servicio de Catastro e Información Territorial,IGN
2016,7065,2016-10-18,Martes,0.0,21:50:00,,0.0,2,"Moto/Ciclomotor,Automóvil",Necochea Y Virasoro,2,1,0,0,1,0,0,,Calle,,ROSARIO,Rosario,Asfalto,No existe,II,Dentro,Urbana,Ninguna,No existe,Intersección,Bueno,Buena,"Nocturna,Con luz artificial",Buen Tiempo,Lateral,S/D,Colisión,Ninguna,Faltante,Ninguna,Sin restricción,POINT (-60.63008000000001 -32.97240299999999),"['Necochea', 'Virasoro']",2,Necochea; Benjamín Virasoro,-32.97240299999999,-60.63008000000001,55.0,538.0,Municipio Rosario,Municipio,Rosario,820210,Servicio de Catastro e Información Territorial,IGN
2016,7066,2016-10-09,Domingo,0.0,23:00:00,,0.0,2,"Moto/Ciclomotor,Automóvil",Av. Pte.Peron Y P.L.Funes,2,1,0,0,1,0,0,,Calle,,ROSARIO,Rosario,S/D,No existe,II,Dentro,Urbana,Ninguna,No existe,Intersección,Bueno,Buena,Nocturna,S/D,Lateral,S/D,Colisión,S/D,Faltante,Ninguna,Sin restricción,POINT (-60.710553 -32.9674633),"['Avenida Presidente Perón', 'Funes']",2,"('Avenida Presidente Perón', 'Deán Gregorio Funes')",-32.9674633,-60.710553,55.0,538.0,Municipio Rosario,Municipio,Rosario,820210,Servicio de Catastro e Información Territorial,IGN
2016,7067,2016-10-14,Viernes,0.0,16:45:00,,0.0,2,"Moto/Ciclomotor,Transporte de Pasajeros Urbano (> 8 asientos)",Bv. Segui Y San Martin,2,1,0,0,1,0,0,,Avenida,,ROSARIO,Rosario,Asfalto,No existe,II,Dentro,Urbana,Semáforo,No existe,Intersección,Bueno,Buena,Diurna,Buen Tiempo,Lateral,S/D,Colisión,Ninguna,Vertical,Cordón divisorio,Sin restricción,POINT (-60.644363766666665 -32.979480866666655),"['Bulevar Juan Francisco Seguí', 'San Martin']",2,Bulevar Juan Francisco Seguí; José de San Martín,-32.979480866666655,-60.644363766666665,55.0,538.0,Municipio Rosario,Municipio,Rosario,820210,Servicio de Catastro e Información Territorial,IGN
2016,7069,2016-10-17,Lunes,0.0,10:00:00,,0.0,2,"Automóvil,Automóvil",P.L.Funes Y Gaboto,4,2,0,0,2,0,0,,Calle,,ROSARIO,Rosario,Asfalto,No existe,II,Dentro,Urbana,Ninguna,No existe,Intersección,S/D,Buena,Diurna,Buen Tiempo,Lateral,S/D,Colisión,S/D,Faltante,Ninguna,Sin restricción,POINT (-60.7002007 -32.96482920000001),"['Funes', 'Gaboto']",2,Deán Gregorio Funes; Gaboto,-32.96482920000001,-60.7002007,55.0,538.0,Municipio Rosario,Municipio,Rosario,820210,Servicio de Catastro e Información Territorial,IGN
2016,7070,2016-10-06,Jueves,0.0,19:30:00,,0.0,2,"Bicicleta,Automóvil",Centeno Y Necochea,2,1,0,0,1,0,0,,Calle,,ROSARIO,Rosario,Asfalto,No existe,II,Dentro,Urbana,Ninguna,No existe,Intersección,Bueno,Buena,"Nocturna,Con luz artificial",Buen Tiempo,S/D,Ciclista,Atropello,Ninguna,Faltante,Ninguna,S/D,POINT (-60.6338364 -32.98730019999999),"['Centeno', 'Necochea']",2,Coronel Centeno; Necochea,-32.98730019999999,-60.6338364,55.0,538.0,Municipio Rosario,Municipio,Rosario,820210,Servicio de Catastro e Información Territorial,IGN
2016,7072,2016-10-27,Jueves,0.0,17:35:00,,0.0,2,"Moto/Ciclomotor,Automóvil",Hilarion de la Quintana Y Buenos Aires,3,2,0,0,1,0,0,,Calle,,ROSARIO,Rosario,Asfalto,No existe,II,Dentro,Urbana,Ninguna,No existe,Intersección,Bueno,Buena,Diurna,Buen Tiempo,Lateral,S/D,Colisión,S/D,S/D,S/D,S/D,POINT (-60.6450122 -33.0008389),"['Hilarión de la Quintana', 'Buenos Aires']",2,Hilarión de la Quintana; Buenos Aires,-33.0008389,-60.6450122,55.0,538.0,Municipio Rosario,Municipio,Rosario,820210,Servicio de Catastro e Información Territorial,IGN