anio_acci,nro_acci,fecha,desc_dia,fecha_aprox,hora_aprox,desc_ruta,km,cant_participantes,desc_participante,calle_avenida_km,total,heridos_leves,heridos_graves,heridos_gravisimos,ilesos,fallecidos,sin_datos,posicion_XY,desc_tipo_via,desc_ruta_ori,desc_loc,desc_dpto,desc_tipo_calzada,desc_tipo_banquina,desc_unidad_regional,desc_lugar_calzada,desc_zona,desc_prioridad,desc_estado_semaforo,desc_lugar_via,desc_estado_via,desc_estado_visibilidad,desc_luminosidad,desc_estado_clima,desc_tipo_colision,desc_tipo_atropello,desc_tipo_hecho,desc_pres_calzada,desc_senializacion,desc_separacion_via,desc_restriccion,forma_geocod,calle_lista,numero_calles,calles_osm,lat,lon,index_right,gid,fna,gna,nam,in1,fdc,sag
2016,7074,2016-10-21,Viernes,0.0,16:50:00,,0.0,2,"Moto/Ciclomotor,Automóvil",Av. Pte.Peron Y Campbell,2,1,0,0,1,0,0,,Calle,,ROSARIO,Rosario,Asfalto,No existe,II,Dentro,Urbana,Ninguna,No existe,Intersección,Bueno,Buena,Atardecer,S/D,Lateral,S/D,Colisión,S/D,Faltante,Ninguna,Sin restricción,POINT (-60.70692735 -32.96568669999999),"['Avenida Presidente Perón', 'Campbell']",2,Avenida Presidente Perón; Campbell,-32.96568669999999,-60.70692735,55.0,538.0,Municipio Rosario,Municipio,Rosario,820210,Servicio de Catastro e Información Territorial,IGN
2016,7075,2016-10-29,Sabado,0.0,23:30:00,,0.0,2,"Moto/Ciclomotor,Automóvil",Buenos Aires Y Sanchez de Bustamante,2,1,0,0,1,0,0,,Calle,,ROSARIO,Rosario,Asfalto,No existe,II,Dentro,Urbana,Ninguna,No existe,Intersección,Bueno,Buena,Nocturna,Buen Tiempo,Lateral,S/D,Colisión,S/D,S/D,Ninguna,Sin restricción,POINT (-60.6449658 -33.00187050000001),"['Buenos Aires', 'Sánchez de Bustamante']",2,Buenos Aires; Sánchez de Bustamante,-33.00187050000001,-60.6449658,55.0,538.0,Municipio Rosario,Municipio,Rosario,820210,Servicio de Catastro e Información Territorial,IGN
2016,7077,2016-10-24,Lunes,0.0,18:30:00,,0.0,2,"Bicicleta,Automóvil",Av. Pte.Peron Y Matienzo,2,1,0,0,1,0,0,,Calle,,ROSARIO,Rosario,S/D,No existe,II,Dentro,Urbana,Ninguna,Funciona,Intersección,Bueno,Buena,Atardecer,Buen Tiempo,S/D,Ciclista,Atropello,S/D,Vertical,Ninguna,Sin restricción,POINT (-60.69394319999999 -32.95915754999999),"['Avenida Presidente Perón', 'Matienzo']",2,Avenida Presidente Perón; Benjamín Matienzo,-32.95915754999999,-60.69394319999999,55.0,538.0,Municipio Rosario,Municipio,Rosario,820210,Servicio de Catastro e Información Territorial,IGN
2016,7078,2016-10-17,Lunes,0.0,18:10:00,,0.0,2,"Moto/Ciclomotor,Automóvil",J.M.Gutierrez Y Calatroni,3,1,1,0,1,0,0,,Calle,,ROSARIO,Rosario,Asfalto,No existe,II,Dentro,Urbana,Ninguna,No existe,Intersección,Bueno,Buena,Diurna,Buen Tiempo,Lateral,S/D,Colisión,S/D,S/D,Ninguna,Sin restricción,POINT (-60.628002499999994 -32.99338039999999),"['Gutierrez', 'Calatroni']",2,Ricardo Gutierrez; Calatroni,-32.99338039999999,-60.6280025,55.0,538.0,Municipio Rosario,Municipio,Rosario,820210,Servicio de Catastro e Información Territorial,IGN
2016,7079,2016-10-12,Miercoles,0.0,20:13:00,,0.0,2,"Moto/Ciclomotor,Automóvil",Grandoli Y Isola Bis,2,0,1,0,1,0,0,,Calle,,ROSARIO,Rosario,Asfalto,No existe,II,Dentro,Urbana,S/D,No existe,Intersección,Bueno,Buena,Nocturna,Buen Tiempo,Lateral,S/D,Colisión,S/D,S/D,Cordón divisorio,Sin restricción,POINT (-60.62854564999999 -32.991378499999996),"['Avenida Abanderado Grandoli', 'Isola']",2,Avenida Abanderado Grandoli; Isola,-32.9913785,-60.62854564999999,55.0,538.0,Municipio Rosario,Municipio,Rosario,820210,Servicio de Catastro e Información Territorial,IGN
2016,7081,2016-10-08,Sabado,0.0,18:55:00,,0.0,2,"Moto/Ciclomotor,Pickup/Utilitario",Av. Provincias Unidas Y Montevideo,2,1,0,0,1,0,0,,Calle,,ROSARIO,Rosario,Asfalto,S/D,II,Dentro,Urbana,Semáforo,Funciona,Intersección,Bueno,Buena,Atardecer,Buen Tiempo,S/D,S/D,Colisión,S/D,S/D,S/D,S/D,POINT (-60.71230545 -32.9474568),"['Avenida Provincias Unidas', 'Montevideo']",2,Avenida Provincias Unidas; Montevideo,-32.9474568,-60.71230545,55.0,538.0,Municipio Rosario,Municipio,Rosario,820210,Servicio de Catastro e Información Territorial,IGN
2016,7082,2016-10-05,Miercoles,0.0,7:20:00,,0.0,2,"Moto/Ciclomotor,Automóvil",Buenos Aires Y Lamadrid,2,1,0,0,1,0,0,,Calle,,ROSARIO,Rosario,Asfalto,No existe,II,Dentro,Urbana,Ninguna,No existe,Intersección,Bueno,Buena,Amanecer,Buen Tiempo,Lateral,S/D,Colisión,S/D,S/D,S/D,Sin restricción,POINT (-60.645168 -32.9969969),"['Buenos Aires', 'Lamadrid']",2,Buenos Aires; Gregorio Aráoz de Lamadrid,-32.9969969,-60.645168,55.0,538.0,Municipio Rosario,Municipio,Rosario,820210,Servicio de Catastro e Información Territorial,IGN
2016,7083,2016-10-09,Domingo,0.0,19:35:00,,0.0,2,"Moto/Ciclomotor,Automóvil",Av. Provincias Unidas Y Av. Eva Peron,2,1,0,0,1,0,0,,Calle,,ROSARIO,Rosario,Asfalto,S/D,II,Dentro,Urbana,Semáforo,Funciona,Intersección,Con baches,Buena,Nocturna,Buen Tiempo,Lateral,S/D,Colisión,S/D,S/D,Vegetación,S/D,POINT (-60.712952900000005 -32.933009625),"['Avenida Provincias Unidas', 'Avenida Eva Perón']",2,Avenida Provincias Unidas; Avenida Eva Perón,-32.933009625,-60.712952900000005,55.0,538.0,Municipio Rosario,Municipio,Rosario,820210,Servicio de Catastro e Información Territorial,IGN
2016,7085,2016-10-22,Sabado,0.0,23:30:00,,0.0,2,"Moto/Ciclomotor,Vehículo Oficial",Ayacucho Y Av. Arijon,2,1,0,0,1,0,0,,Avenida,,ROSARIO,Rosario,Asfalto,No existe,II,Dentro,Urbana,S/D,No existe,Recta,Bueno,Buena,Diurna,Buen Tiempo,Lateral,S/D,Colisión,S/D,S/D,Línea divisoria pintada,Sin restricción,POINT (-60.6360487 -33.00266679999999),"['Ayacucho', 'Avenida Manuel Arijón']",2,Ayacucho; Avenida Manuel Arijón,-33.00266679999999,-60.6360487,55.0,538.0,Municipio Rosario,Municipio,Rosario,820210,Servicio de Catastro e Información Territorial,IGN
2016,7086,2016-10-11,Martes,0.0,8:20:00,,0.0,2,"Moto/Ciclomotor,Automóvil",Bv. Oroño Y Catamarca,2,1,0,0,1,0,0,,Avenida,,ROSARIO,Rosario,Asfalto,Pavimento,II,Dentro,Urbana,Semáforo,Funciona,Intersección,Bueno,Buena,Diurna,Buen Tiempo,S/D,S/D,Caída ocupante,Ninguna,Vertical,Ninguna,Sin restricción,POINT (-60.651806750000006 -32.9378818),"['Bulevar Nicasio Oroño', 'Catamarca']",2,Bulevar Nicasio Oroño; Catamarca,-32.9378818,-60.651806750000006,55.0,538.0,Municipio Rosario,Municipio,Rosario,820210,Servicio de Catastro e Información Territorial,IGN
2016,7087,2016-10-21,Viernes,0.0,9:45:00,,0.0,2,"Automóvil,Pickup/Utilitario",Av. Pellegrini Y Cullen,2,1,0,0,1,0,0,,Calle,,ROSARIO,Rosario,Asfalto,S/D,II,Dentro,Urbana,S/D,S/D,Intersección,Bueno,Reducida,Diurna,Lluvia,Lateral,S/D,Colisión,S/D,S/D,S/D,S/D,POINT (-60.7087499 -32.9484991),"['Pellegrini', 'Cullen']",2,Avenida Carlos Pellegrini; Cullen,-32.9484991,-60.7087499,55.0,538.0,Municipio Rosario,Municipio,Rosario,820210,Servicio de Catastro e Información Territorial,IGN
2016,7088,2016-10-08,Sabado,0.0,,,0.0,2,"Taxi/Remis,Moto/Ciclomotor",9 De Julio Y Suipacha,2,1,0,0,1,0,0,,Calle,,ROSARIO,Rosario,Asfalto,S/D,II,Dentro,Urbana,S/D,S/D,Intersección,S/D,Buena,S/D,Buen Tiempo,Lateral,S/D,Colisión,S/D,S/D,S/D,S/D,POINT (-60.666029 -32.949221400000006),"['9 de Julio', 'Suipacha']",2,9 de Julio; Suipacha,-32.949221400000006,-60.666029,55.0,538.0,Municipio Rosario,Municipio,Rosario,820210,Servicio de Catastro e Información Territorial,IGN
2016,7089,2016-10-21,Viernes,0.0,16:00:00,,0.0,2,"Moto/Ciclomotor,Automóvil",San Lorenzo Y Peru,2,1,0,0,1,0,0,,Calle,,ROSARIO,Rosario,Asfalto,S/D,II,Dentro,Urbana,S/D,No existe,Intersección,Resbaladiza,Reducida,Diurna,Lluvia,Lateral,S/D,Colisión,Agua,S/D,S/D,S/D,POINT (-60.711685300000006 -32.9344755),"['San Lorenzo', 'Peru']",2,San Lorenzo; Perú,-32.9344755,-60.711685300000006,55.0,538.0,Municipio Rosario,Municipio,Rosario,820210,Servicio de Catastro e Información Territorial,IGN
2016,7091,2016-10-13,Jueves,0.0,9:30:00,,0.0,2,"Automóvil,Moto/Ciclomotor",San Luis Y Rodriguez,2,1,0,0,1,0,0,,Calle,,ROSARIO,Rosario,Asfalto,S/D,II,Dentro,Urbana,S/D,S/D,Intersección,S/D,Buena,Diurna,Buen Tiempo,Lateral,S/D,Colisión,S/D,S/D,S/D,S/D,POINT (-60.6593596 -32.9453712),"['San Luis', 'Rodríguez']",2,San Luis; Rodríguez de Escobedo,-32.9453712,-60.6593596,55.0,538.0,Municipio Rosario,Municipio,Rosario,820210,Servicio de Catastro e Información Territorial,IGN
2016,7092,2016-10-21,Viernes,0.0,18:35:00,,0.0,2,"Automóvil,Otros",Bv. Avellaneda Y La Paz,2,1,0,0,0,0,1,,Calle,,ROSARIO,Rosario,Asfalto,S/D,II,Dentro,Urbana,S/D,S/D,Recta,Bueno,Buena,Diurna,S/D,S/D,S/D,Colisión,S/D,S/D,S/D,S/D,POINT (-60.683614250000005 -32.95682245),"['Avellaneda', 'La Paz']",2,Bulevar Nicolás Avellaneda; La Paz,-32.95682245,-60.683614250000005,55.0,538.0,Municipio Rosario,Municipio,Rosario,820210,Servicio de Catastro e Información Territorial,IGN
2016,7093,2016-10-09,Domingo,0.0,4:50:00,,0.0,2,"Automóvil,Moto/Ciclomotor",3 De Febrero Y Rodriguez,2,0,1,0,1,0,0,,Calle,,ROSARIO,Rosario,Asfalto,S/D,II,Dentro,Urbana,S/D,S/D,Intersección,Bueno,Buena,Nocturna,Buen Tiempo,Lateral,S/D,Colisión,S/D,S/D,S/D,S/D,POINT (-60.6603081 -32.9491249),"['3 de Febrero', 'Rodríguez']",2,3 de Febrero; Rodríguez de Escobedo,-32.9491249,-60.6603081,55.0,538.0,Municipio Rosario,Municipio,Rosario,820210,Servicio de Catastro e Información Territorial,IGN
2016,7094,2016-10-02,Domingo,0.0,6:00:00,,0.0,2,"Automóvil,Moto/Ciclomotor",Jujuy Y Suipacha,3,2,0,0,1,0,0,,Calle,,ROSARIO,Rosario,Asfalto,No existe,II,S/D,Urbana,Ninguna,No existe,Recta,Otro,Buena,Amanecer,Buen Tiempo,Otro,S/D,Colisión,Ninguna,Faltante,Ninguna,Sin restricción,POINT (-60.662088700000005 -32.933598499999995),"['Jujuy', 'Suipacha']",2,Jujuy; Suipacha,-32.933598499999995,-60.662088700000005,55.0,538.0,Municipio Rosario,Municipio,Rosario,820210,Servicio de Catastro e Información Territorial,IGN
2016,7095,2016-10-11,Martes,0.0,15:35:00,,0.0,2,"Peatón,Automóvil",Av. Belgrano Y San Martin,2,1,0,0,1,0,0,,Avenida,,ROSARIO,Rosario,Asfalto,Pavimento,II,Dentro,Urbana,Semáforo,Funciona,Intersección,Bueno,Buena,S/D,Buen Tiempo,S/D,Peatón,Atropello,Ninguna,Vertical,Ninguna,Sin restricción,POINT (-60.6351258 -32.9409549),"['Belgrano', 'San Martin']",2,"('Avenida Manuel Belgrano', 'José de San Martín')",-32.9409549,-60.6351258,55.0,538.0,Municipio Rosario,Municipio,Rosario,820210,Servicio de Catastro e Información Territorial,IGN
2016,7096,2016-10-29,Sabado,0.0,17:50:00,,0.0,2,"Automóvil,Moto/Ciclomotor",Av. Avellaneda B Y Ituzaingo,2,2,0,0,0,0,0,,Calle,,ROSARIO,Rosario,Asfalto,S/D,II,Dentro,Urbana,S/D,S/D,Recta,Bueno,S/D,Diurna,S/D,S/D,S/D,Colisión,S/D,S/D,S/D,S/D,POINT (-60.682741199999995 -32.95339464999999),"['Avellaneda', 'Ituzaingó']",2,Bulevar Nicolás Avellaneda; Ituzaingó,-32.95339464999999,-60.6827412,55.0,538.0,Municipio Rosario,Municipio,Rosario,820210,Servicio de Catastro e Información Territorial,IGN
2016,7097,2016-10-03,Lunes,0.0,22:30:00,,0.0,2,"Automóvil,Moto/Ciclomotor",Cafferata Y San Lorenzo,2,1,0,0,1,0,0,,Calle,,ROSARIO,Rosario,Asfalto,No existe,II,S/D,Urbana,Semáforo,Funciona,Recta,Otro,Buena,Nocturna,Buen Tiempo,Otro,S/D,Colisión,Ninguna,Vertical,Ninguna,Sin restricción,POINT (-60.6703896 -32.938265699999995),"['Cafferata', 'San Lorenzo']",2,Cafferata; San Lorenzo,-32.938265699999995,-60.6703896,55.0,538.0,Municipio Rosario,Municipio,Rosario,820210,Servicio de Catastro e Información Territorial,IGN
2016,7099,2016-10-07,Viernes,0.0,2:30:00,,0.0,2,"Camión Chasis,Moto/Ciclomotor",Lavalle Y Av. Pellegrini,3,1,1,0,1,0,0,,Avenida,,ROSARIO,Rosario,Asfalto,S/D,II,Dentro,Urbana,S/D,S/D,Intersección,Bueno,Buena,Nocturna,Buen Tiempo,Lateral,S/D,Colisión,S/D,S/D,S/D,Sin restricción,POINT (-60.68050055 -32.9501851),"['Lavalle', 'Pellegrini']",2,Lavalle; Avenida Carlos Pellegrini,-32.9501851,-60.68050055,55.0,538.0,Municipio Rosario,Municipio,Rosario,820210,Servicio de Catastro e Información Territorial,IGN
2016,7100,2016-10-14,Viernes,0.0,10:30:00,,0.0,2,"Automóvil,Bicicleta",Bv. Oroño Y Santa Fe,2,1,0,0,1,0,0,,Avenida,,ROSARIO,Rosario,Asfalto,Pavimento,II,Dentro,Urbana,Semáforo,Funciona,Intersección,Bueno,Buena,Diurna,Buen Tiempo,S/D,Ciclista,Atropello,Ninguna,Vertical,Ninguna,Sin restricción,POINT (-60.65298555 -32.94236794999999),"['Bulevar Nicasio Oroño', 'Santa Fe']",2,Bulevar Nicasio Oroño; Santa Fe,-32.94236794999999,-60.65298555,55.0,538.0,Municipio Rosario,Municipio,Rosario,820210,Servicio de Catastro e Información Territorial,IGN
2016,7101,2016-10-01,Sabado,0.0,19:40:00,,0.0,2,"Automóvil,Moto/Ciclomotor",Francia F Y Viamonte,2,0,0,0,0,0,2,,Calle,,ROSARIO,Rosario,S/D,S/D,II,Dentro,Urbana,S/D,S/D,S/D,S/D,S/D,Diurna,S/D,S/D,S/D,Colisión,S/D,S/D,S/D,S/D,POINT (-60.670278800000006 -32.96040305),"['Avenida Francia', 'Viamonte']",2,Avenida Francia; Viamonte,-32.96040305,-60.670278800000006,55.0,538.0,Municipio Rosario,Municipio,Rosario,820210,Servicio de Catastro e Información Territorial,IGN
2016,7102,2016-10-05,Miercoles,0.0,11:30:00,,0.0,2,"Moto/Ciclomotor,Automóvil",San Lorenzo Y Castellanos,2,1,0,0,1,0,0,,Calle,,ROSARIO,Rosario,Asfalto,No existe,II,S/D,Urbana,Ninguna,No existe,Recta,Otro,Buena,Diurna,Buen Tiempo,Otro,S/D,Colisión,Ninguna,Faltante,Ninguna,Sin restricción,POINT (-60.6744722 -32.9375212),"['San Lorenzo', 'Aaron Castellanos']",2,San Lorenzo; Aaron Castellanos,-32.9375212,-60.6744722,55.0,538.0,Municipio Rosario,Municipio,Rosario,820210,Servicio de Catastro e Información Territorial,IGN
2016,7103,2016-10-04,Martes,0.0,18:50:00,,0.0,2,"Automóvil,Moto/Ciclomotor",Gutenberg Y E.Zeballos,2,1,0,0,1,0,0,,Calle,,ROSARIO,Rosario,Asfalto,No existe,II,Dentro,Urbana,S/D,No existe,Intersección,Bueno,Buena,Diurna,Buen Tiempo,Lateral,S/D,Colisión,S/D,S/D,S/D,S/D,POINT (-60.68945050000001 -32.9462015),"['Gutenberg', 'Zeballos']",2,Gutenberg; Zeballos,-32.9462015,-60.68945050000001,55.0,538.0,Municipio Rosario,Municipio,Rosario,820210,Servicio de Catastro e Información Territorial,IGN
2016,7104,2016-10-23,Domingo,0.0,20:45:00,,0.0,2,"Automóvil,Moto/Ciclomotor",Cerrito Y L.N.Alem,3,2,0,0,1,0,0,,Calle,,ROSARIO,Rosario,Asfalto,No existe,II,Dentro,Urbana,Señal Pare,No existe,Intersección,Bueno,Buena,Nocturna,Buen Tiempo,S/D,S/D,Colisión,S/D,Horizontal,Línea divisoria pintada,Sin restricción,POINT (-60.63213530000001 -32.96363290000001),"['Cerrito', 'Alem']",2,Cerrito; Leandro N. Alem,-32.96363290000001,-60.63213530000001,55.0,538.0,Municipio Rosario,Municipio,Rosario,820210,Servicio de Catastro e Información Territorial,IGN
2016,7105,2016-10-06,Jueves,0.0,11:15:00,,0.0,2,"Pickup/Utilitario,Automóvil",San Nicolas Y Tucuman,3,2,0,0,1,0,0,,Calle,,ROSARIO,Rosario,Asfalto,No existe,II,S/D,Urbana,Ninguna,No existe,Intersección,Bueno,Buena,Diurna,Buen Tiempo,Otro,S/D,Colisión,Ninguna,S/D,Ninguna,Sin restricción,POINT (-60.6711576 -32.93566819999999),"['San Nicolás', 'Tucumán']",2,San Nicolás; Tucumán,-32.93566819999999,-60.6711576,55.0,538.0,Municipio Rosario,Municipio,Rosario,820210,Servicio de Catastro e Información Territorial,IGN
2016,7106,2016-10-19,Miercoles,0.0,,,0.0,2,"Peatón,Automóvil",Mendoza Y Alsina,2,1,0,0,1,0,0,,Calle,,ROSARIO,Rosario,Asfalto,S/D,II,Dentro,Urbana,S/D,S/D,Intersección,S/D,Buena,S/D,Buen Tiempo,S/D,S/D,Atropello,S/D,S/D,S/D,S/D,POINT (-60.67769160000001 -32.94473060000001),"['Mendoza', 'Alsina']",2,Mendoza; Alsina,-32.94473060000001,-60.67769160000001,55.0,538.0,Municipio Rosario,Municipio,Rosario,820210,Servicio de Catastro e Información Territorial,IGN
2016,7107,2016-10-25,Martes,0.0,9:00:00,,0.0,2,"Peatón,Automóvil",J.M.de Rosas Y Ituzaingo,2,1,0,0,1,0,0,,Calle,,ROSARIO,Rosario,Asfalto,No existe,II,Dentro,Urbana,Señal Pare,No existe,Intersección,Bueno,Buena,Diurna,Buen Tiempo,Lateral,Peatón,Atropello,S/D,Horizontal,Línea divisoria pintada,Sin restricción,POINT (-60.6348588 -32.9619553),"['De Rosas', 'Ituzaingó']",2,Juan Manuel de Rosas; Ituzaingó,-32.9619553,-60.6348588,55.0,538.0,Municipio Rosario,Municipio,Rosario,820210,Servicio de Catastro e Información Territorial,IGN
2016,7108,2016-10-17,Lunes,0.0,13:30:00,,0.0,1,Transporte de Pasajeros,Salta Y Dorrego,2,1,0,0,1,0,0,,Calle,,ROSARIO,Rosario,Asfalto,Pavimento,II,Dentro,Urbana,Ninguna,No existe,Intersección,Bueno,Buena,Diurna,Buen Tiempo,Otro,S/D,Otro,Ninguna,Faltante,Ninguna,Sin restricción,POINT (-60.647418 -32.937457099999996),"['Salta', 'Dorrego']",2,Salta; Manuel Dorrego,-32.9374571,-60.647418,55.0,538.0,Municipio Rosario,Municipio,Rosario,820210,Servicio de Catastro e Información Territorial,IGN
2016,7109,2016-10-14,Viernes,0.0,11:20:00,,0.0,3,"Automóvil,Automóvil,Automóvil",Bv. Avellaneda Y Mendoza,2,1,0,0,1,0,0,,Avenida,,ROSARIO,Rosario,S/D,S/D,II,Dentro,Urbana,S/D,S/D,Intersección,S/D,Buena,Diurna,Buen Tiempo,Lateral,S/D,Colisión,S/D,S/D,S/D,S/D,POINT (-60.680421100000004 -32.94423964999999),"['Avellaneda', 'Mendoza']",2,Bulevar Nicolás Avellaneda; Mendoza,-32.94423964999999,-60.6804211,55.0,538.0,Municipio Rosario,Municipio,Rosario,820210,Servicio de Catastro e Información Territorial,IGN
2016,7110,2016-10-10,Lunes,0.0,7:30:00,,0.0,2,"Automóvil,Automóvil",Santa Fe Y Av. Ovidio Lagos,6,1,0,0,5,0,0,,Calle,,ROSARIO,Rosario,Asfalto,No existe,II,S/D,Urbana,Ninguna,No existe,Recta,Bueno,Buena,Diurna,Buen Tiempo,S/D,S/D,Colisión,Ninguna,Faltante,Ninguna,Sin restricción,POINT (-60.661118 -32.94092100000001),"['Santa Fe', 'Avenida Ovidio Lagos']",2,Santa Fe; Avenida Ovidio Lagos,-32.94092100000001,-60.661118,55.0,538.0,Municipio Rosario,Municipio,Rosario,820210,Servicio de Catastro e Información Territorial,IGN
2016,7111,2016-10-19,Miercoles,0.0,7:45:00,,0.0,2,"Automóvil,Bicicleta",Piedras Y Pte.Roca,2,1,0,0,1,0,0,,Calle,,ROSARIO,Rosario,Asfalto,No existe,II,Dentro,Urbana,Ninguna,No existe,Intersección,Deteriorada,Buena,Diurna,Buen Tiempo,S/D,Ciclista,Atropello,S/D,Horizontal,Ninguna,Sin restricción,POINT (-60.655979900000006 -33.0071852),"['Piedras', 'Roca']",2,Piedras; Presidente Roca,-33.0071852,-60.655979900000006,55.0,538.0,Municipio Rosario,Municipio,Rosario,820210,Servicio de Catastro e Información Territorial,IGN
2016,7112,2016-10-17,Lunes,0.0,14:22:00,,0.0,2,"Camión Chasis,Moto/Ciclomotor",Carriego Y San Luis,2,1,0,0,1,0,0,,Calle,,ROSARIO,Rosario,Asfalto,S/D,II,Dentro,Urbana,S/D,S/D,Intersección,S/D,Buena,Diurna,Buen Tiempo,Lateral,S/D,Colisión,S/D,S/D,S/D,Sin restricción,POINT (-60.6893133 -32.93999980000001),"['Carriego', 'San Luis']",2,Carriego; San Luis,-32.93999980000001,-60.6893133,55.0,538.0,Municipio Rosario,Municipio,Rosario,820210,Servicio de Catastro e Información Territorial,IGN
2016,7113,2016-10-15,Sabado,0.0,6:30:00,,0.0,2,"Moto/Ciclomotor,Automóvil",Melincue Y Patricios,2,1,0,0,1,0,0,,Calle,,ROSARIO,Rosario,Asfalto,No existe,II,Dentro,Urbana,Ninguna,No existe,Intersección,Bueno,Buena,Diurna,Buen Tiempo,S/D,S/D,Colisión,S/D,Horizontal,Ninguna,Sin restricción,POINT (-60.6475346 -33.010924599999996),"['Melincué', 'Patricios']",2,Melincué; Patricios,-33.0109246,-60.6475346,55.0,538.0,Municipio Rosario,Municipio,Rosario,820210,Servicio de Catastro e Información Territorial,IGN
2016,7114,2016-10-27,Jueves,0.0,12:15:00,,0.0,2,"Automóvil,Camión Chasis",Av. Circunvalacion Y R.de Pineda,2,1,0,0,1,0,0,,Calle,,ROSARIO,Rosario,Asfalto,S/D,II,Dentro,Urbana,Ninguna,No existe,Recta,Bueno,Buena,Diurna,Buen Tiempo,S/D,S/D,Colisión,S/D,Faltante,Cordón divisorio,Sin restricción,POINT (-60.6458373961422 -33.01627981358011),"['Circunvalacion', 'De Pineda']",2,Avenida de Circunvalación 25 de Mayo; Avenida Romero de Pineda,-33.01627981358011,-60.6458373961422,55.0,538.0,Municipio Rosario,Municipio,Rosario,820210,Servicio de Catastro e Información Territorial,IGN
2016,7115,2016-10-16,Domingo,0.0,17:30:00,,0.0,2,"Automóvil,Moto/Ciclomotor",Suipacha Y San Luis,3,2,0,0,1,0,0,,Calle,,ROSARIO,Rosario,Asfalto,No existe,II,Dentro,Urbana,S/D,No existe,Intersección,S/D,Buena,Diurna,Buen Tiempo,Lateral,S/D,Colisión,S/D,S/D,S/D,S/D,POINT (-60.664829000000005 -32.94441909999999),"['Suipacha', 'San Luis']",2,Suipacha; San Luis,-32.94441909999999,-60.664829000000005,55.0,538.0,Municipio Rosario,Municipio,Rosario,820210,Servicio de Catastro e Información Territorial,IGN
2016,7116,2016-10-11,Martes,0.0,19:30:00,,0.0,2,"Moto/Ciclomotor,Pickup/Utilitario",R.de Escalada ,2,1,0,0,1,0,0,,Calle,,ROSARIO,Rosario,Asfalto,No existe,II,S/D,Urbana,Ninguna,No existe,Recta,Bueno,Buena,Diurna,Buen Tiempo,S/D,S/D,Colisión,Ninguna,Faltante,Ninguna,Sin restricción,"-32.9096776, -60.6897999",['R De Escalada'],1,R De Escalada,-32.9096776,-60.6897999,55.0,538.0,Municipio Rosario,Municipio,Rosario,820210,Servicio de Catastro e Información Territorial,IGN
2016,7117,2016-10-28,Viernes,0.0,0:00:00,,0.0,2,"Automóvil,Automóvil",Av. Circunvalacion Y R.de Pineda,2,1,0,0,1,0,0,,Calle,,ROSARIO,Rosario,Asfalto,S/D,II,Dentro,Urbana,Ninguna,No existe,Recta,Bueno,Reducida,Nocturna,S/D,S/D,S/D,Colisión,S/D,Faltante,Cordón divisorio,Sin restricción,POINT (-60.6458373961422 -33.01627981358011),"['Circunvalacion', 'De Pineda']",2,Avenida de Circunvalación 25 de Mayo; Avenida Romero de Pineda,-33.01627981358011,-60.6458373961422,55.0,538.0,Municipio Rosario,Municipio,Rosario,820210,Servicio de Catastro e Información Territorial,IGN
2016,7118,2016-10-16,Domingo,0.0,15:10:00,,0.0,2,"Automóvil,Automóvil",E.Zeballos Y Gutenberg,4,4,0,0,0,0,0,,Calle,,ROSARIO,Rosario,Asfalto,No existe,II,Dentro,Urbana,S/D,No existe,Intersección,S/D,Buena,Diurna,Buen Tiempo,Lateral,S/D,Colisión,S/D,S/D,S/D,S/D,POINT (-60.68945050000001 -32.9462015),"['Zeballos', 'Gutenberg']",2,Zeballos; Gutenberg,-32.9462015,-60.68945050000001,55.0,538.0,Municipio Rosario,Municipio,Rosario,820210,Servicio de Catastro e Información Territorial,IGN
2016,7119,2016-10-12,Miercoles,0.0,22:30:00,,0.0,2,"Automóvil,Taxi/Remis",Guemes Y Suipacha,2,1,0,0,1,0,0,,Calle,,ROSARIO,Rosario,Asfalto,No existe,II,S/D,Urbana,Ninguna,S/D,Recta,Bueno,Buena,Nocturna,Buen Tiempo,S/D,S/D,Colisión,Ninguna,S/D,Ninguna,Sin restricción,POINT (-60.6614994 -32.93131549999999),"['Güemes', 'Suipacha']",2,Güemes; Suipacha,-32.93131549999999,-60.6614994,55.0,538.0,Municipio Rosario,Municipio,Rosario,820210,Servicio de Catastro e Información Territorial,IGN
2016,7120,2016-10-20,Jueves,0.0,12:30:00,,0.0,2,"Bicicleta,Peatón",Catamarca Y Pje. Saguier,2,1,0,0,1,0,0,,Avenida,,ROSARIO,Rosario,Asfalto,Pavimento,II,Dentro,Urbana,Ninguna,No existe,Intersección,Bueno,Buena,Diurna,Buen Tiempo,Otro,Peatón,Atropello,Ninguna,Faltante,Ninguna,Sin restricción,POINT (-60.644395 -32.939248299999996),"['Catamarca', 'Saguier']",2,Catamarca; Saguier,-32.9392483,-60.644395,55.0,538.0,Municipio Rosario,Municipio,Rosario,820210,Servicio de Catastro e Información Territorial,IGN
2016,7121,2016-10-10,Lunes,0.0,12:50:00,,0.0,2,"Moto/Ciclomotor,Automóvil",Patricios Y Melincue,4,1,0,0,3,0,0,,Calle,,ROSARIO,Rosario,Asfalto,No existe,II,Dentro,Urbana,S/D,No existe,Recta,Bueno,Buena,Diurna,S/D,S/D,S/D,Colisión,S/D,Horizontal,Ninguna,Sin restricción,POINT (-60.6475346 -33.010924599999996),"['Patricios', 'Melincué']",2,Patricios; Melincué,-33.0109246,-60.6475346,55.0,538.0,Municipio Rosario,Municipio,Rosario,820210,Servicio de Catastro e Información Territorial,IGN