anio_acci,nro_acci,fecha,desc_dia,fecha_aprox,hora_aprox,desc_ruta,km,cant_participantes,desc_participante,calle_avenida_km,total,heridos_leves,heridos_graves,heridos_gravisimos,ilesos,fallecidos,sin_datos,posicion_XY,desc_tipo_via,desc_ruta_ori,desc_loc,desc_dpto,desc_tipo_calzada,desc_tipo_banquina,desc_unidad_regional,desc_lugar_calzada,desc_zona,desc_prioridad,desc_estado_semaforo,desc_lugar_via,desc_estado_via,desc_estado_visibilidad,desc_luminosidad,desc_estado_clima,desc_tipo_colision,desc_tipo_atropello,desc_tipo_hecho,desc_pres_calzada,desc_senializacion,desc_separacion_via,desc_restriccion,forma_geocod,calle_lista,numero_calles,calles_osm,lat,lon,index_right,gid,fna,gna,nam,in1,fdc,sag
2016,7122,2016-10-20,Jueves,0.0,7:30:00,,0.0,2,"Automóvil,Moto/Ciclomotor",Ricchieri Y Rioja,2,1,0,0,1,0,0,,Calle,,ROSARIO,Rosario,Asfalto,S/D,II,Dentro,Urbana,S/D,S/D,Intersección,S/D,Buena,Diurna,Buen Tiempo,Lateral,S/D,Colisión,S/D,S/D,S/D,S/D,POINT (-60.6631309 -32.943174600000006),"['Ricchieri', 'Rioja']",2,Ricchieri; Rioja,-32.943174600000006,-60.6631309,55.0,538.0,Municipio Rosario,Municipio,Rosario,820210,Servicio de Catastro e Información Territorial,IGN
2016,7123,2016-10-14,Viernes,0.0,15:30:00,,0.0,2,"Moto/Ciclomotor,Pickup/Utilitario",Rodriguez Y Tucuman,2,1,0,0,1,0,0,,Calle,,ROSARIO,Rosario,Asfalto,No existe,II,S/D,Urbana,Ninguna,No existe,Intersección,Bueno,Buena,Diurna,Buen Tiempo,S/D,S/D,Colisión,Ninguna,S/D,Ninguna,Sin restricción,POINT (-60.657529999999994 -32.938129299999986),"['Rodríguez', 'Tucumán']",2,Rodríguez de Escobedo; Tucumán,-32.938129299999986,-60.65753,55.0,538.0,Municipio Rosario,Municipio,Rosario,820210,Servicio de Catastro e Información Territorial,IGN
2016,7124,2016-10-22,Sabado,0.0,5:30:00,,0.0,2,"Automóvil,Moto/Ciclomotor",Av. Francia Y Rioja,2,1,0,0,1,0,0,,Avenida,,ROSARIO,Rosario,Asfalto,S/D,II,Dentro,Urbana,S/D,S/D,Intersección,S/D,Buena,Nocturna,Buen Tiempo,Lateral,S/D,Colisión,S/D,S/D,S/D,S/D,POINT (-60.6657994 -32.942712),"['Avenida Francia', 'Rioja']",2,Avenida Francia; Rioja,-32.942712,-60.6657994,55.0,538.0,Municipio Rosario,Municipio,Rosario,820210,Servicio de Catastro e Información Territorial,IGN
2016,7125,2016-10-05,Miercoles,0.0,18:30:00,,0.0,2,"Moto/Ciclomotor,Automóvil",Av. Ovidio Lagos Y Av. Circunvalacion,2,1,0,0,1,0,0,,Calle,,ROSARIO,Rosario,Asfalto,Pavimento,II,Dentro,Urbana,Semáforo,Funciona,Intersección,Bueno,Buena,Diurna,Buen Tiempo,Lateral,S/D,Colisión,S/D,Vertical,Cordón divisorio,Sin restricción,POINT (-60.67699098957188 -33.00797177001669),"['Avenida Ovidio Lagos', 'Circunvalacion']",2,Avenida Ovidio Lagos; Avenida de Circunvalación 25 de Mayo,-33.00797177001669,-60.67699098957188,55.0,538.0,Municipio Rosario,Municipio,Rosario,820210,Servicio de Catastro e Información Territorial,IGN
2016,7126,2016-10-25,Martes,0.0,12:00:00,,0.0,2,"Camión,Moto/Ciclomotor",San Martin Y Santa Fe,2,1,0,0,1,0,0,,Calle,,ROSARIO,Rosario,Asfalto,Pavimento,II,Dentro,Urbana,Semáforo,No existe,Intersección,Bueno,Buena,Diurna,Buen Tiempo,S/D,Ciclista,Atropello,Ninguna,Faltante,Ninguna,Sin restricción,POINT (-60.6364413 -32.945627),"['San Martin', 'Santa Fe']",2,"('José de San Martín', 'Santa Fe')",-32.945627,-60.6364413,55.0,538.0,Municipio Rosario,Municipio,Rosario,820210,Servicio de Catastro e Información Territorial,IGN
2016,7127,2016-10-22,Sabado,0.0,14:45:00,,0.0,2,"Automóvil,Moto/Ciclomotor",Rioja Y Alsina,2,1,0,0,1,0,0,,Calle,,ROSARIO,Rosario,Asfalto,S/D,II,Dentro,Urbana,S/D,S/D,Intersección,S/D,Buena,Diurna,Buen Tiempo,Lateral,S/D,Colisión,S/D,S/D,S/D,Sin restricción,POINT (-60.6766908 -32.94077829999999),"['Rioja', 'Alsina']",2,Rioja; Alsina,-32.94077829999999,-60.6766908,55.0,538.0,Municipio Rosario,Municipio,Rosario,820210,Servicio de Catastro e Información Territorial,IGN
2016,7128,2016-10-15,Sabado,0.0,17:30:00,,0.0,2,"Automóvil,Automóvil",Tucuman Y Constitucion,2,1,0,0,1,0,0,,S/D,,ROSARIO,Rosario,Asfalto,No existe,II,S/D,Urbana,Ninguna,Funciona,Recta,Bueno,Buena,Diurna,Buen Tiempo,S/D,S/D,Colisión,Ninguna,S/D,Ninguna,Sin restricción,POINT (-60.6725235 -32.93542209999999),"['Tucumán', 'Constitución']",2,Tucumán; Constitución,-32.93542209999999,-60.6725235,55.0,538.0,Municipio Rosario,Municipio,Rosario,820210,Servicio de Catastro e Información Territorial,IGN
2016,7129,2016-10-08,Sabado,0.0,16:30:00,,0.0,2,"Moto/Ciclomotor,Pickup/Utilitario",Av. Ovidio Lagos Y Hilarion de la Quintana,2,1,0,0,1,0,0,,Calle,,ROSARIO,Rosario,Asfalto,Pavimento,II,Dentro,Urbana,Semáforo,Funciona,Intersección,Bueno,Buena,Diurna,Buen Tiempo,Lateral,S/D,Colisión,S/D,Vertical,Cordón divisorio,Sin restricción,POINT (-60.675724633333324 -33.00178723333334),"['Avenida Ovidio Lagos', 'Hilarión de la Quintana']",2,Avenida Ovidio Lagos; Hilarión de la Quintana,-33.00178723333334,-60.67572463333333,55.0,538.0,Municipio Rosario,Municipio,Rosario,820210,Servicio de Catastro e Información Territorial,IGN
2016,7130,2016-10-16,Domingo,0.0,5:10:00,,0.0,2,"Automóvil,Taxi/Remis",Santa Fe Y Pueyrredon,2,1,0,0,1,0,0,,Calle,,ROSARIO,Rosario,Asfalto,No existe,II,S/D,Urbana,Semáforo,Funciona,Recta,Otro,Buena,Nocturna,Buen Tiempo,S/D,S/D,Colisión,S/D,Vertical,Ninguna,S/D,POINT (-60.657033000000006 -32.9416413),"['Santa Fe', 'Pueyrredón']",2,Santa Fe; Pueyrredón,-32.9416413,-60.657033000000006,55.0,538.0,Municipio Rosario,Municipio,Rosario,820210,Servicio de Catastro e Información Territorial,IGN
2016,7131,2016-10-26,Miercoles,0.0,13:20:00,,0.0,2,"Moto/Ciclomotor,Peatón",Santa Fe Y Mitre,2,2,0,0,0,0,0,,S/D,,ROSARIO,Rosario,Asfalto,Pavimento,II,S/D,S/D,Semáforo,Funciona,Intersección,Bueno,Buena,Diurna,Buen Tiempo,S/D,Peatón,Atropello,Ninguna,Vertical,Ninguna,Sin restricción,POINT (-60.639269000000006 -32.9448694),"['Santa Fe', 'Mitre']",2,Santa Fe; Bartolomé Mitre,-32.9448694,-60.639269000000006,55.0,538.0,Municipio Rosario,Municipio,Rosario,820210,Servicio de Catastro e Información Territorial,IGN
2016,7132,2016-10-10,Lunes,0.0,17:25:00,,0.0,2,"Automóvil,Moto/Ciclomotor",Av. Ovidio Lagos Y Av. Circunvalacion,2,1,0,0,1,0,0,,Calle,,ROSARIO,Rosario,Asfalto,Pavimento,II,Dentro,Urbana,Semáforo,Funciona,Intersección,Bueno,Buena,Diurna,Buen Tiempo,Lateral,S/D,Colisión,S/D,Vertical,Cordón divisorio,Sin restricción,POINT (-60.67699098957188 -33.00797177001669),"['Avenida Ovidio Lagos', 'Circunvalacion']",2,Avenida Ovidio Lagos; Avenida de Circunvalación 25 de Mayo,-33.00797177001669,-60.67699098957188,55.0,538.0,Municipio Rosario,Municipio,Rosario,820210,Servicio de Catastro e Información Territorial,IGN
2016,7133,2016-10-17,Lunes,0.0,11:30:00,,0.0,2,"Automóvil,Automóvil",Urquiza Y Vera Mujica,2,1,0,0,1,0,0,,Calle,,ROSARIO,Rosario,Asfalto,No existe,II,S/D,Urbana,Ninguna,No existe,Recta,Bueno,Buena,Diurna,Buen Tiempo,S/D,S/D,Colisión,Ninguna,Faltante,Ninguna,Sin restricción,POINT (-60.6660287 -32.9378397),"['Urquiza', 'Vera Mujíca']",2,Justo José de Urquiza; Vera Mujíca,-32.9378397,-60.6660287,55.0,538.0,Municipio Rosario,Municipio,Rosario,820210,Servicio de Catastro e Información Territorial,IGN
2016,7137,2016-10-11,Martes,0.0,18:30:00,,0.0,2,"Automóvil,Moto/Ciclomotor",Paraguay Y Benito Juarez,2,1,0,0,1,0,0,,Calle,,ROSARIO,Rosario,Asfalto,No existe,II,Dentro,Urbana,Ninguna,No existe,Intersección,Bueno,Buena,Atardecer,Buen Tiempo,Lateral,S/D,Colisión,Ninguna,Faltante,Ninguna,Sin restricción,POINT (-60.6551363 -32.993108),"['Paraguay', 'Benito Juárez']",2,Paraguay; Benito Juárez,-32.993108,-60.6551363,55.0,538.0,Municipio Rosario,Municipio,Rosario,820210,Servicio de Catastro e Información Territorial,IGN
2016,7139,2016-10-29,Sabado,0.0,18:40:00,,0.0,2,"Automóvil,Moto/Ciclomotor",Av. Battle y Ordoñez 3600,2,1,0,0,1,0,0,,Calle,,ROSARIO,Rosario,Asfalto,Pavimento,II,Dentro,Urbana,Ninguna,No existe,Recta,Bueno,Buena,Diurna,Buen Tiempo,De alcance,S/D,Colisión,S/D,Faltante,Ninguna,Sin restricción,"-33.0084731, -60.6332815",['Avenida Battle y Ordoñez 3600'],1,Avenida Battle y Ordoñez 3600,-33.0084731,-60.6332815,55.0,538.0,Municipio Rosario,Municipio,Rosario,820210,Servicio de Catastro e Información Territorial,IGN
2016,7140,2016-10-25,Martes,0.0,9:15:00,,0.0,2,"Automóvil,Moto/Ciclomotor",9 De Julio Y Crespo,2,1,0,0,1,0,0,,Calle,,ROSARIO,Rosario,Asfalto,S/D,II,Dentro,Urbana,S/D,S/D,Intersección,S/D,Buena,Diurna,Buen Tiempo,Lateral,S/D,Colisión,S/D,S/D,Cordón divisorio,Sin restricción,POINT (-60.670084200000005 -32.9484788),"['9 de Julio', 'Crespo']",2,9 de Julio; Crespo,-32.9484788,-60.670084200000005,55.0,538.0,Municipio Rosario,Municipio,Rosario,820210,Servicio de Catastro e Información Territorial,IGN
2016,7142,2016-10-07,Viernes,0.0,14:30:00,,0.0,2,"Bicicleta,Peatón",Cordoba Y Av. Ovidio Lagos,2,0,1,0,1,0,0,,Avenida,,ROSARIO,Rosario,S/D,S/D,II,Dentro,Urbana,Semáforo,Funciona,Intersección,S/D,Buena,Diurna,Buen Tiempo,S/D,Peatón,Atropello,S/D,Vertical,Cordón divisorio,Sin restricción,POINT (-60.6614607 -32.9422773),"['Córdoba', 'Avenida Ovidio Lagos']",2,Córdoba; Avenida Ovidio Lagos,-32.9422773,-60.6614607,55.0,538.0,Municipio Rosario,Municipio,Rosario,820210,Servicio de Catastro e Información Territorial,IGN
2016,7146,2016-10-01,Sabado,0.0,1:30:00,,0.0,2,"Automóvil,Automóvil",Mariano Moreno 6300,2,1,0,0,1,0,0,,Calle,,ROSARIO,Rosario,Asfalto,No existe,II,Dentro,Urbana,S/D,No existe,Recta,Bueno,Buena,Nocturna,Buen Tiempo,Lateral,S/D,Colisión,Ninguna,S/D,S/D,S/D,"-32.9653243, -60.6559022",['Mariano Moreno 6300'],1,Mariano Moreno 6300,-32.9653243,-60.6559022,55.0,538.0,Municipio Rosario,Municipio,Rosario,820210,Servicio de Catastro e Información Territorial,IGN
2016,7147,2016-10-23,Domingo,0.0,20:00:00,,0.0,2,"Moto/Ciclomotor,Automóvil",Hilarion de la Quintana Y España,2,1,0,0,1,0,0,,Calle,,ROSARIO,Rosario,Asfalto,No existe,II,Dentro,Urbana,S/D,No existe,Intersección,Bueno,Reducida,Nocturna,Buen Tiempo,Lateral,S/D,Colisión,Ninguna,S/D,Ninguna,S/D,POINT (-60.6577129 -33.0013315),"['Hilarión de la Quintana', 'España']",2,Hilarión de la Quintana; España,-33.0013315,-60.6577129,55.0,538.0,Municipio Rosario,Municipio,Rosario,820210,Servicio de Catastro e Información Territorial,IGN
2016,7148,2016-10-26,Miercoles,0.0,20:55:00,,0.0,3,"Taxi/Remis,Automóvil,Automóvil",Bv. Oroño Y Dean Funes,4,1,0,0,3,0,0,,Calle,,ROSARIO,Rosario,Asfalto,No existe,II,Dentro,Urbana,Semáforo,Funciona,Recta,Bueno,Buena,Nocturna,Buen Tiempo,Múltiple,S/D,Colisión,Ninguna,Horizontal,Ninguna,Sin restricción,POINT (-60.660666600000006 -32.972956899999986),"['Bulevar Nicasio Oroño', 'Deán Gregorio Funes']",2,Bulevar Nicasio Oroño; Deán Gregorio Funes,-32.972956899999986,-60.660666600000006,55.0,538.0,Municipio Rosario,Municipio,Rosario,820210,Servicio de Catastro e Información Territorial,IGN
2016,7149,2016-10-01,Sabado,0.0,21:30:00,,0.0,2,"Moto/Ciclomotor,Automóvil",Av. Arijon 2500,2,1,0,0,1,0,0,,Avenida,,ROSARIO,Rosario,Asfalto,No existe,II,Dentro,Urbana,S/D,S/D,Recta,Bueno,Buena,Nocturna,Buen Tiempo,Lateral,S/D,Colisión,Ninguna,S/D,Ninguna,S/D,"-33.0034552, -60.6621434",['Arijon 2500'],1,Arijon 2500,-33.0034552,-60.6621434,55.0,538.0,Municipio Rosario,Municipio,Rosario,820210,Servicio de Catastro e Información Territorial,IGN
2016,7151,2016-10-10,Lunes,0.0,7:40:00,,0.0,1,Automóvil,España Y Av. Battle y Ordoñez,6,6,0,0,0,0,0,,Avenida,,ROSARIO,Rosario,Asfalto,No existe,II,Dentro,Urbana,S/D,No existe,Intersección,Bueno,Buena,Amanecer,S/D,Contra objeto fijo,S/D,Colisión,Ninguna,S/D,Barrera de hormigón,Sin restricción,POINT (-60.65730380000001 -33.00912425),"['España', 'Avenida Battle y Ordoñez']",2,España; Avenida Battle y Ordoñez,-33.00912425,-60.65730380000001,55.0,538.0,Municipio Rosario,Municipio,Rosario,820210,Servicio de Catastro e Información Territorial,IGN
2016,7152,2016-10-23,Domingo,0.0,21:50:00,,0.0,2,"Pickup/Utilitario,Moto/Ciclomotor",Rvdo.J.Margis Y Rodriguez,2,1,0,0,1,0,0,,Calle,,ROSARIO,Rosario,Asfalto,No existe,II,Dentro,Urbana,Ninguna,No existe,Intersección,Bueno,Buena,Nocturna,Buen Tiempo,De alcance,S/D,Colisión,Ninguna,Faltante,Ninguna,Sin restricción,POINT (-60.66886280000001 -32.9828356),"['José Margis', 'Rodríguez']",2,Reverendo José Margis; Rodríguez de Escobedo,-32.9828356,-60.66886280000001,55.0,538.0,Municipio Rosario,Municipio,Rosario,820210,Servicio de Catastro e Información Territorial,IGN
2016,7153,2016-10-18,Martes,0.0,20:25:00,,0.0,2,"Taxi/Remis,Moto/Ciclomotor",Bv. Oroño Y Garibaldi,2,1,0,0,1,0,0,,Calle,,ROSARIO,Rosario,Asfalto,No existe,II,Dentro,Urbana,Semáforo,Funciona,Intersección,Bueno,Buena,Nocturna,Buen Tiempo,Lateral,S/D,Colisión,Ninguna,Horizontal,Ninguna,Sin restricción,POINT (-60.6632508 -32.983266949999994),"['Bulevar Nicasio Oroño', 'José Garibaldi']",2,Bulevar Nicasio Oroño; José Garibaldi,-32.983266949999994,-60.6632508,55.0,538.0,Municipio Rosario,Municipio,Rosario,820210,Servicio de Catastro e Información Territorial,IGN
2016,7155,2016-10-11,Martes,0.0,12:00:00,,0.0,2,"Moto/Ciclomotor,Automóvil",Callao Y Manfredi,2,1,0,0,1,0,0,,Calle,,ROSARIO,Rosario,Asfalto,S/D,II,Dentro,Urbana,S/D,S/D,Intersección,Bueno,Buena,Diurna,Buen Tiempo,Lateral,S/D,Colisión,S/D,S/D,S/D,Sin restricción,POINT (-60.67106020000001 -33.008976499999996),"['Callao', 'Manfredi']",2,Callao; Manfredi,-33.0089765,-60.67106020000001,55.0,538.0,Municipio Rosario,Municipio,Rosario,820210,Servicio de Catastro e Información Territorial,IGN
2016,7156,2016-10-17,Lunes,0.0,19:15:00,,0.0,2,"Moto/Ciclomotor,Automóvil",Bv. Oroño Y Bv. Segui,3,1,0,0,2,0,0,,Avenida,,ROSARIO,Rosario,Asfalto,No existe,II,Dentro,Urbana,Semáforo,Funciona,Intersección,Bueno,Buena,Diurna,Buen Tiempo,Lateral,S/D,Colisión,Ninguna,Horizontal,Ninguna,Sin restricción,POINT (-60.661523700000004 -32.976367025),"['Bulevar Nicasio Oroño', 'Bulevar Juan Francisco Seguí']",2,Bulevar Nicasio Oroño; Bulevar Juan Francisco Seguí,-32.976367025,-60.6615237,55.0,538.0,Municipio Rosario,Municipio,Rosario,820210,Servicio de Catastro e Información Territorial,IGN
2016,7157,2016-10-12,Miercoles,0.0,15:30:00,,0.0,2,"Moto/Ciclomotor,Automóvil",Hilarion de la Quintana Y Pueyrredon,2,1,0,0,1,0,0,,Calle,,ROSARIO,Rosario,Asfalto,No existe,II,Dentro,Urbana,S/D,No existe,Intersección,Bueno,Buena,Diurna,Buen Tiempo,Lateral,S/D,Colisión,Ninguna,S/D,S/D,Sin restricción,POINT (-60.6691346 -33.00167379999999),"['Hilarión de la Quintana', 'Pueyrredón']",2,Hilarión de la Quintana; Pueyrredón,-33.00167379999999,-60.6691346,55.0,538.0,Municipio Rosario,Municipio,Rosario,820210,Servicio de Catastro e Información Territorial,IGN
2016,7158,2016-10-09,Domingo,0.0,23:30:00,,0.0,2,"Automóvil,Automóvil",San Martin ,2,1,0,0,1,0,0,,Calle,,ROSARIO,Rosario,Asfalto,No existe,II,Dentro,Urbana,Ninguna,No existe,Recta,Bueno,Buena,Nocturna,Buen Tiempo,De alcance,S/D,Colisión,Ninguna,Faltante,Ninguna,Sin restricción,"-32.9764777, -60.6372639",['San Martin'],1,San Martin,-32.9764777,-60.6372639,55.0,538.0,Municipio Rosario,Municipio,Rosario,820210,Servicio de Catastro e Información Territorial,IGN
2016,7159,2016-10-14,Viernes,0.0,11:50:00,,0.0,2,"Automóvil,Moto/Ciclomotor",San Martin Y Ayolas,2,1,0,0,1,0,0,,Calle,,ROSARIO,Rosario,Asfalto,No existe,II,Dentro,Urbana,Semáforo,Funciona,Intersección,Bueno,Buena,Diurna,Buen Tiempo,Lateral,S/D,Colisión,Ninguna,Horizontal,Ninguna,Sin restricción,POINT (-60.644083949999995 -32.97709834999999),"['San Martin', 'Ayolas']",2,José de San Martín; Ayolas,-32.97709834999999,-60.64408395,55.0,538.0,Municipio Rosario,Municipio,Rosario,820210,Servicio de Catastro e Información Territorial,IGN
2016,7160,2016-10-18,Martes,0.0,11:30:00,,0.0,2,"Bicicleta,Automóvil",Av. Ntra.Sra.del Rosario 1800,2,1,0,0,1,0,0,,Avenida,,ROSARIO,Rosario,Asfalto,No existe,II,Dentro,Urbana,S/D,No existe,Recta,Bueno,Buena,Diurna,Buen Tiempo,S/D,Ciclista,Atropello,Ninguna,S/D,S/D,Sin restricción,"-32.9997432, -60.6154115",['Ntra Sra Del Rosario 1800'],1,Ntra Sra Del Rosario 1800,-32.9997432,-60.6154115,55.0,538.0,Municipio Rosario,Municipio,Rosario,820210,Servicio de Catastro e Información Territorial,IGN
2016,7162,2016-10-14,Viernes,0.0,12:00:00,,0.0,2,"Pickup/Utilitario,Automóvil",Bv. Segui 3200,5,5,0,0,0,0,0,,Avenida,,ROSARIO,Rosario,Asfalto,No existe,II,Dentro,Urbana,Ninguna,No existe,Recta,Bueno,Buena,Diurna,Buen Tiempo,Lateral,S/D,Colisión,Ninguna,Faltante,"Cordón divisorio,Vegetación",Accidente Previo,"-32.973812, -60.6748996",['Bulevar Juan Francisco Seguí 3200'],1,Bulevar Juan Francisco Seguí 3200,-32.973812,-60.6748996,55.0,538.0,Municipio Rosario,Municipio,Rosario,820210,Servicio de Catastro e Información Territorial,IGN
2016,7165,2016-10-09,Domingo,0.0,9:15:00,,0.0,2,"Bicicleta,Taxi/Remis",Av. Ovidio Lagos Y Biedma,2,1,0,0,1,0,0,,Avenida,,ROSARIO,Rosario,Asfalto,No existe,II,Dentro,Urbana,Ninguna,Funciona,Intersección,Bueno,Buena,Diurna,Buen Tiempo,S/D,Ciclista,Atropello,Ninguna,S/D,Cordón divisorio,Sin restricción,POINT (-60.669948850000004 -32.97725835),"['Avenida Ovidio Lagos', 'Coronel Biedma']",2,Avenida Ovidio Lagos; Coronel Biedma,-32.97725835,-60.66994885,55.0,538.0,Municipio Rosario,Municipio,Rosario,820210,Servicio de Catastro e Información Territorial,IGN
2016,7166,2016-10-16,Domingo,0.0,18:50:00,,0.0,2,"Automóvil,Moto/Ciclomotor",Av. Francia Y Bv. Segui,3,2,0,0,1,0,0,,Avenida,,ROSARIO,Rosario,Asfalto,No existe,II,Dentro,Urbana,S/D,No existe,Intersección,Bueno,Buena,Diurna,Buen Tiempo,Lateral,S/D,Colisión,S/D,S/D,S/D,Sin restricción,POINT (-60.673763175000005 -32.97418725),"['Avenida Francia', 'Bulevar Juan Francisco Seguí']",2,Avenida Francia; Bulevar Juan Francisco Seguí,-32.97418725,-60.673763175000005,55.0,538.0,Municipio Rosario,Municipio,Rosario,820210,Servicio de Catastro e Información Territorial,IGN
2016,7167,2016-10-07,Viernes,0.0,20:45:00,,0.0,2,"Moto/Ciclomotor,Automóvil",Av. Ntra.Sra.del Rosario Y Mitre,3,2,0,0,1,0,0,,Calle,,ROSARIO,Rosario,Asfalto,No existe,II,Dentro,Urbana,Ninguna,No existe,Intersección,Bueno,Buena,Nocturna,Buen Tiempo,Lateral,S/D,Colisión,Ninguna,Faltante,Ninguna,Sin restricción,POINT (-60.65068665 -32.999927050000004),"['Nuestra Señora del Rosario', 'Mitre']",2,Puente Nuestra Señora del Rosario; Bartolomé Mitre,-32.999927050000004,-60.65068665,55.0,538.0,Municipio Rosario,Municipio,Rosario,820210,Servicio de Catastro e Información Territorial,IGN
2016,7168,2016-10-05,Miercoles,0.0,23:50:00,,0.0,2,"Automóvil,Automóvil",Bv. Oroño Y Lugones,2,2,0,0,0,0,0,,Avenida,,ROSARIO,Rosario,Asfalto,No existe,II,Dentro,Urbana,Ninguna,No existe,Intersección,Bueno,Buena,"Nocturna,Con luz artificial",Buen Tiempo,Lateral,S/D,Colisión,S/D,S/D,S/D,S/D,POINT (-60.65693518333333 -32.95818631666667),"['Bulevar Nicasio Oroño', 'Lugones']",2,Bulevar Nicasio Oroño; Lorenzo Lugones,-32.95818631666667,-60.65693518333333,55.0,538.0,Municipio Rosario,Municipio,Rosario,820210,Servicio de Catastro e Información Territorial,IGN
2016,7169,2016-10-17,Lunes,0.0,17:15:00,,0.0,2,"Peatón,Automóvil",Pasco Y Av. Corrientes,2,1,0,0,1,0,0,,Calle,,ROSARIO,Rosario,Asfalto,S/D,II,Dentro,Urbana,Ninguna,S/D,Recta,Bueno,Buena,Diurna,Buen Tiempo,S/D,Peatón,Atropello,S/D,S/D,Ninguna,S/D,POINT (-60.6456329 -32.95882430000001),"['Pasco', 'Corrientes']",2,Pasco; Corrientes,-32.95882430000001,-60.6456329,55.0,538.0,Municipio Rosario,Municipio,Rosario,820210,Servicio de Catastro e Información Territorial,IGN
2016,7170,2016-10-07,Viernes,0.0,17:15:00,,0.0,2,"Moto/Ciclomotor,Pickup/Utilitario",Av. Corrientes Y Amenabar,2,1,0,0,1,0,0,,Calle,,ROSARIO,Rosario,Asfalto,No existe,II,Dentro,Urbana,Ninguna,S/D,Intersección,Bueno,S/D,Atardecer,Buen Tiempo,Lateral,S/D,Colisión,S/D,S/D,Ninguna,Sin restricción,POINT (-60.64885220000001 -32.9714548),"['Corrientes', 'Amenabar']",2,Corrientes; José de Amenábar,-32.9714548,-60.64885220000001,55.0,538.0,Municipio Rosario,Municipio,Rosario,820210,Servicio de Catastro e Información Territorial,IGN
2016,7171,2016-10-08,Sabado,0.0,23:00:00,,0.0,2,"Moto/Ciclomotor,Automóvil",Sarmiento Y Riobamba,3,2,0,0,1,0,0,,Calle,,ROSARIO,Rosario,Asfalto,S/D,II,Dentro,Urbana,S/D,S/D,Intersección,Bueno,Buena,"Nocturna,Con luz artificial",Buen Tiempo,Lateral,S/D,Colisión,S/D,S/D,Ninguna,S/D,POINT (-60.642316799999996 -32.9630352),"['Sarmiento', 'Riobamba']",2,Sarmiento; Riobamba,-32.9630352,-60.6423168,55.0,538.0,Municipio Rosario,Municipio,Rosario,820210,Servicio de Catastro e Información Territorial,IGN
2016,7172,2016-10-15,Sabado,0.0,15:30:00,,0.0,2,"Moto/Ciclomotor,Automóvil",Rueda Y Paraguay,2,1,0,0,1,0,0,,Calle,,ROSARIO,Rosario,Asfalto,S/D,II,Dentro,Urbana,Ninguna,No existe,Intersección,Bueno,Buena,Diurna,Buen Tiempo,Lateral,S/D,Colisión,S/D,Faltante,Ninguna,Sin restricción,POINT (-60.6499444 -32.9700779),"['Rueda', 'Paraguay']",2,Rueda; Paraguay,-32.9700779,-60.6499444,55.0,538.0,Municipio Rosario,Municipio,Rosario,820210,Servicio de Catastro e Información Territorial,IGN
2016,7173,2016-10-16,Domingo,0.0,18:30:00,,0.0,2,"Automóvil,Pickup/Utilitario",Italia Y Riobamba,2,1,0,0,1,0,0,,S/D,,ROSARIO,Rosario,Asfalto,No existe,II,Dentro,Urbana,Ninguna,No existe,Recta,Bueno,Buena,Diurna,Buen Tiempo,De alcance,S/D,Colisión,S/D,Faltante,Ninguna,Sin restricción,POINT (-60.6520438 -32.96129359999999),"['Italia', 'Riobamba']",2,Italia; Riobamba,-32.96129359999999,-60.6520438,55.0,538.0,Municipio Rosario,Municipio,Rosario,820210,Servicio de Catastro e Información Territorial,IGN
2016,7174,2016-10-19,Miercoles,0.0,14:30:00,,0.0,7,"Automóvil,Automóvil,Automóvil,Automóvil,Automóvil,Automóvil,Automóvil",Av. Belgrano Y Laprida,7,2,0,0,5,0,0,,Calle,,ROSARIO,Rosario,Asfalto,S/D,II,Dentro,Urbana,Ninguna,S/D,Intersección,Bueno,S/D,Diurna,Buen Tiempo,Múltiple,S/D,Colisión,S/D,S/D,Ninguna,Sin restricción,POINT (-60.629682700000004 -32.965131725),"['Belgrano', 'Laprida']",2,Avenida Manuel Belgrano; Francisco Narciso Laprida,-32.965131725,-60.6296827,55.0,538.0,Municipio Rosario,Municipio,Rosario,820210,Servicio de Catastro e Información Territorial,IGN
2016,7175,2016-10-06,Jueves,0.0,9:30:00,,0.0,2,"Automóvil,Pickup/Utilitario",España Y Viamonte,6,5,0,0,1,0,0,,Calle,,ROSARIO,Rosario,Asfalto,No existe,II,Dentro,Urbana,Ninguna,No existe,Intersección,Bueno,Buena,Diurna,Buen Tiempo,Lateral,S/D,Colisión,S/D,S/D,Ninguna,Sin restricción,POINT (-60.651243300000004 -32.9638718),"['España', 'Viamonte']",2,España; Viamonte,-32.9638718,-60.6512433,55.0,538.0,Municipio Rosario,Municipio,Rosario,820210,Servicio de Catastro e Información Territorial,IGN