anio_acci,nro_acci,fecha,desc_dia,fecha_aprox,hora_aprox,desc_ruta,km,cant_participantes,desc_participante,calle_avenida_km,total,heridos_leves,heridos_graves,heridos_gravisimos,ilesos,fallecidos,sin_datos,posicion_XY,desc_tipo_via,desc_ruta_ori,desc_loc,desc_dpto,desc_tipo_calzada,desc_tipo_banquina,desc_unidad_regional,desc_lugar_calzada,desc_zona,desc_prioridad,desc_estado_semaforo,desc_lugar_via,desc_estado_via,desc_estado_visibilidad,desc_luminosidad,desc_estado_clima,desc_tipo_colision,desc_tipo_atropello,desc_tipo_hecho,desc_pres_calzada,desc_senializacion,desc_separacion_via,desc_restriccion,forma_geocod,calle_lista,numero_calles,calles_osm,lat,lon,index_right,gid,fna,gna,nam,in1,fdc,sag
2016,7176,2016-10-05,Miercoles,0.0,16:30:00,,0.0,2,"Automóvil,Moto/Ciclomotor",Alvear Y Biedma,3,2,0,0,1,0,0,,Calle,,ROSARIO,Rosario,Asfalto,No existe,II,Dentro,Urbana,Ninguna,No existe,Intersección,Bueno,Buena,Diurna,Buen Tiempo,Lateral,S/D,Colisión,S/D,Faltante,Ninguna,Sin restricción,POINT (-60.6634341 -32.978430899999985),"['Alvear', 'Coronel Biedma']",2,Alvear; Coronel Biedma,-32.978430899999985,-60.6634341,55.0,538.0,Municipio Rosario,Municipio,Rosario,820210,Servicio de Catastro e Información Territorial,IGN
2016,7177,2016-10-05,Miercoles,0.0,8:40:00,,0.0,2,"Pickup/Utilitario,Moto/Ciclomotor",Bv. Segui Y Mitre,2,1,0,0,1,0,0,,Calle,,ROSARIO,Rosario,Asfalto,No existe,II,Dentro,Urbana,Ninguna,No existe,Intersección,Bueno,Buena,Diurna,Buen Tiempo,Lateral,S/D,Colisión,S/D,Faltante,Ninguna,Sin restricción,POINT (-60.6477426 -32.97883275),"['Bulevar Juan Francisco Seguí', 'Mitre']",2,Bulevar Juan Francisco Seguí; Bartolomé Mitre,-32.97883275,-60.6477426,55.0,538.0,Municipio Rosario,Municipio,Rosario,820210,Servicio de Catastro e Información Territorial,IGN
2016,7178,2016-10-03,Lunes,0.0,8:06:00,,0.0,2,"Automóvil,Automóvil",Sanchez de Bustamante ,4,1,0,0,3,0,0,,Calle,,ROSARIO,Rosario,Asfalto,No existe,II,Dentro,Urbana,Ninguna,No existe,Recta,Bueno,Buena,Diurna,Buen Tiempo,Lateral,S/D,Colisión,S/D,Faltante,Ninguna,Sin restricción,"-33.0024743, -60.6633504",['Sánchez de Bustamante'],1,Sánchez de Bustamante,-33.0024743,-60.6633504,55.0,538.0,Municipio Rosario,Municipio,Rosario,820210,Servicio de Catastro e Información Territorial,IGN
2016,7179,2016-10-01,Sabado,0.0,12:30:00,,0.0,2,"Moto/Ciclomotor,Automóvil",Mitre Y Pte.Quintana,3,1,0,0,2,0,0,,Calle,,ROSARIO,Rosario,Asfalto,No existe,II,Dentro,Urbana,Ninguna,No existe,Intersección,Bueno,Buena,Diurna,Buen Tiempo,De alcance,S/D,Colisión,S/D,Faltante,Ninguna,Sin restricción,POINT (-60.648628699999996 -32.9822769),"['Mitre', 'Quintana']",2,"('Bartolomé Mitre', 'Presidente Quintana')",-32.9822769,-60.6486287,55.0,538.0,Municipio Rosario,Municipio,Rosario,820210,Servicio de Catastro e Información Territorial,IGN
2016,7180,2016-10-07,Viernes,0.0,13:00:00,,0.0,2,"Camión Chasis,Moto/Ciclomotor",Vuelta De Obligado Y Av. Uriburu,3,2,0,0,1,0,0,,Calle,,ROSARIO,Rosario,Asfalto,No existe,II,Dentro,Urbana,Ninguna,No existe,Intersección,Bueno,Buena,Diurna,Buen Tiempo,Lateral,S/D,Colisión,S/D,Faltante,Ninguna,Sin restricción,POINT (-60.663032 -32.99120535),"['Vuelta de Obligado', 'Uriburu']",2,Vuelta de Obligado; Avenida José Uriburu,-32.99120535,-60.663032,55.0,538.0,Municipio Rosario,Municipio,Rosario,820210,Servicio de Catastro e Información Territorial,IGN
2016,7181,2016-10-05,Miercoles,0.0,11:50:00,,0.0,2,"Pickup/Utilitario,Moto/Ciclomotor",San Martin Y Mr.Ross,2,1,0,0,1,0,0,,Calle,,ROSARIO,Rosario,Asfalto,No existe,II,Dentro,Urbana,Ninguna,No existe,Intersección,Bueno,Buena,Diurna,Buen Tiempo,Lateral,S/D,Colisión,S/D,Faltante,Ninguna,Sin restricción,POINT (-60.646259300000004 -32.98868269999999),"['San Martin', 'Rodrigo M. Ross']",2,José de San Martín; Rodrigo M. Ross,-32.98868269999999,-60.6462593,55.0,538.0,Municipio Rosario,Municipio,Rosario,820210,Servicio de Catastro e Información Territorial,IGN
2016,7182,2016-10-16,Domingo,0.0,12:30:00,,0.0,2,"Automóvil,Automóvil",Balcarce Y Av. Pellegrini,3,1,0,0,2,0,0,,Calle,,ROSARIO,Rosario,Asfalto,No existe,II,Dentro,Urbana,Semáforo,Funciona,Recta,Bueno,Buena,Diurna,Buen Tiempo,De alcance,S/D,Colisión,Agua,Vertical,Cordón divisorio,Sin restricción,POINT (-60.6546869 -32.954829399999994),"['Balcarce', 'Pellegrini']",2,Balcarce; Avenida Carlos Pellegrini,-32.954829399999994,-60.6546869,55.0,538.0,Municipio Rosario,Municipio,Rosario,820210,Servicio de Catastro e Información Territorial,IGN
2016,7183,2016-10-18,Martes,0.0,13:00:00,,0.0,3,"Automóvil,Automóvil,Automóvil",Av. Pellegrini Y Dorrego,10,1,0,0,9,0,0,,Calle,,ROSARIO,Rosario,Asfalto,S/D,II,Dentro,Urbana,Semáforo,S/D,Recta,Bueno,S/D,Diurna,Buen Tiempo,Múltiple,S/D,Colisión,S/D,Vertical,Cordón divisorio,Sin restricción,POINT (-60.6519337 -32.95532245),"['Pellegrini', 'Dorrego']",2,Avenida Carlos Pellegrini; Manuel Dorrego,-32.95532245,-60.6519337,55.0,538.0,Municipio Rosario,Municipio,Rosario,820210,Servicio de Catastro e Información Territorial,IGN
2016,7184,2016-10-19,Miercoles,0.0,14:15:00,,0.0,2,"Automóvil,Camión Chasis",Bv. 27 De Febrero Y Bv. Oroño,2,1,0,0,1,0,0,,Calle,,ROSARIO,Rosario,Asfalto,S/D,II,Dentro,Urbana,S/D,S/D,Recta,Bueno,S/D,Diurna,S/D,De alcance,S/D,Colisión,S/D,Vertical,Cordón divisorio,Sin restricción,POINT (-60.658642825 -32.964892400000004),"['27 de Febrero', 'Bulevar Nicasio Oroño']",2,Bulevar 27 de Febrero; Bulevar Nicasio Oroño,-32.964892400000004,-60.658642825,55.0,538.0,Municipio Rosario,Municipio,Rosario,820210,Servicio de Catastro e Información Territorial,IGN
2016,7185,2016-10-19,Miercoles,0.0,14:00:00,,0.0,2,"Peatón,Automóvil",Riobamba ,2,1,0,0,1,0,0,,Calle,,ROSARIO,Rosario,Asfalto,No existe,II,Dentro,Urbana,S/D,S/D,Recta,S/D,Buena,Diurna,Buen Tiempo,De alcance,Peatón,Atropello,S/D,S/D,S/D,S/D,"-32.9622836, -60.6465145",['Riobamba'],1,Riobamba,-32.9622836,-60.6465145,55.0,538.0,Municipio Rosario,Municipio,Rosario,820210,Servicio de Catastro e Información Territorial,IGN
2016,7190,2016-10-19,Miercoles,0.0,19:15:00,,0.0,2,"Moto/Ciclomotor,Automóvil",Av. Ovidio Lagos 2700,2,1,0,0,1,0,0,,Calle,,ROSARIO,Rosario,Asfalto,No existe,II,Dentro,Urbana,Ninguna,No existe,Recta,Bueno,Buena,Atardecer,Buen Tiempo,Lateral,S/D,Colisión,Ninguna,Faltante,Cordón divisorio,Sin restricción,"-32.9645333, -60.6670555",['Ovidio Lagos 2700'],1,Ovidio Lagos 2700,-32.9645333,-60.6670555,55.0,538.0,Municipio Rosario,Municipio,Rosario,820210,Servicio de Catastro e Información Territorial,IGN
2016,7193,2016-10-20,Jueves,0.0,14:20:00,,0.0,2,"Automóvil,Automóvil",Cerrito Y Av. Corrientes,5,1,0,0,4,0,0,,Calle,,ROSARIO,Rosario,Asfalto,No existe,II,Dentro,Urbana,Ninguna,No existe,Intersección,Bueno,Buena,Diurna,Buen Tiempo,Lateral,S/D,Colisión,S/D,Faltante,Ninguna,Sin restricción,POINT (-60.6462178 -32.96111909999998),"['Cerrito', 'Corrientes']",2,Cerrito; Corrientes,-32.96111909999998,-60.6462178,55.0,538.0,Municipio Rosario,Municipio,Rosario,820210,Servicio de Catastro e Información Territorial,IGN
2016,7197,2016-10-21,Viernes,0.0,16:10:00,,0.0,2,"Moto/Ciclomotor,Automóvil",La Paz Y Pte.Roca,2,1,0,0,1,0,0,,Calle,,ROSARIO,Rosario,Asfalto,No existe,II,Dentro,Urbana,Ninguna,No existe,Intersección,Bueno,Buena,Diurna,Buen Tiempo,Lateral,S/D,Colisión,S/D,Faltante,Ninguna,Sin restricción,POINT (-60.64956790000001 -32.96293739999999),"['La Paz', 'Roca']",2,La Paz; Presidente Roca,-32.96293739999999,-60.64956790000001,55.0,538.0,Municipio Rosario,Municipio,Rosario,820210,Servicio de Catastro e Información Territorial,IGN
2016,7201,2016-10-21,Viernes,0.0,18:40:00,,0.0,2,"Moto/Ciclomotor,Taxi/Remis",San Martin Y Ocampo,3,0,1,0,2,0,0,,Calle,,ROSARIO,Rosario,Asfalto,No existe,II,Dentro,Urbana,Ninguna,No existe,Intersección,Bueno,Buena,Diurna,Buen Tiempo,Lateral,S/D,Colisión,S/D,Faltante,Ninguna,Sin restricción,POINT (-60.641734899999996 -32.9667212),"['San Martin', 'Ocampo']",2,José de San Martín; Ocampo,-32.9667212,-60.6417349,55.0,538.0,Municipio Rosario,Municipio,Rosario,820210,Servicio de Catastro e Información Territorial,IGN
2016,7204,2016-10-03,Lunes,0.0,12:27:00,,0.0,2,"Moto/Ciclomotor,Automóvil",Buenos Aires Y Viamonte,2,1,0,0,1,0,0,,Calle,,ROSARIO,Rosario,Asfalto,No existe,II,Dentro,Urbana,S/D,S/D,Intersección,Bueno,Buena,Diurna,Lluvia,S/D,S/D,Colisión,S/D,S/D,S/D,Sin restricción,POINT (-60.637445299999996 -32.966308199999986),"['Buenos Aires', 'Viamonte']",2,Buenos Aires; Viamonte,-32.966308199999986,-60.6374453,55.0,538.0,Municipio Rosario,Municipio,Rosario,820210,Servicio de Catastro e Información Territorial,IGN
2016,7205,2016-10-07,Viernes,0.0,19:45:00,,0.0,2,"Moto/Ciclomotor,Automóvil",Bv. 27 De Febrero Y Necochea,3,2,0,0,1,0,0,,Calle,,ROSARIO,Rosario,Asfalto,No existe,II,Dentro,Urbana,Semáforo,Funciona,Intersección,Bueno,Buena,Diurna,Buen Tiempo,S/D,S/D,Colisión,S/D,Vertical,Línea divisoria pintada,Sin restricción,POINT (-60.6294936 -32.9701003),"['27 de Febrero', 'Necochea']",2,Bulevar 27 de Febrero; Necochea,-32.9701003,-60.6294936,55.0,538.0,Municipio Rosario,Municipio,Rosario,820210,Servicio de Catastro e Información Territorial,IGN
2016,7207,2016-10-07,Viernes,0.0,10:50:00,,0.0,2,"Automóvil,Pickup/Utilitario",Laprida Y La Paz,2,2,0,0,0,0,0,,Calle,,ROSARIO,Rosario,Asfalto,No existe,II,Dentro,Urbana,Ninguna,S/D,Intersección,Bueno,Buena,Diurna,Buen Tiempo,De alcance,S/D,Colisión,S/D,S/D,S/D,Sin restricción,POINT (-60.6387109 -32.96486649999999),"['Laprida', 'La Paz']",2,Francisco Narciso Laprida; La Paz,-32.96486649999999,-60.6387109,55.0,538.0,Municipio Rosario,Municipio,Rosario,820210,Servicio de Catastro e Información Territorial,IGN
2016,7215,2016-10-14,Viernes,0.0,10:20:00,,0.0,2,"Taxi/Remis,Moto/Ciclomotor",Bv. 27 De Febrero Y Chacabuco,2,1,0,0,1,0,0,,Avenida,,ROSARIO,Rosario,Asfalto,No existe,II,Dentro,Urbana,S/D,S/D,Intersección,Bueno,Buena,Diurna,Buen Tiempo,Lateral,S/D,Colisión,Ninguna,S/D,S/D,Sin restricción,POINT (-60.6281393 -32.97034194999999),"['27 de Febrero', 'Chacabuco']",2,Bulevar 27 de Febrero; Chacabuco,-32.97034194999999,-60.6281393,55.0,538.0,Municipio Rosario,Municipio,Rosario,820210,Servicio de Catastro e Información Territorial,IGN
2016,7216,2016-10-18,Martes,0.0,6:00:00,,0.0,1,Vehículo Oficial,Ayacucho Y La Paz,2,1,0,0,1,0,0,,Calle,,ROSARIO,Rosario,Asfalto,No existe,II,Dentro,Urbana,S/D,No existe,Intersección,Bueno,Buena,Amanecer,Buen Tiempo,Contra objeto fijo,S/D,Colisión,Ninguna,S/D,S/D,S/D,POINT (-60.6313639 -32.96617200000001),"['Ayacucho', 'La Paz']",2,Ayacucho; La Paz,-32.96617200000001,-60.6313639,55.0,538.0,Municipio Rosario,Municipio,Rosario,820210,Servicio de Catastro e Información Territorial,IGN
2016,7217,2016-10-19,Miercoles,0.0,23:45:00,,0.0,2,"Moto/Ciclomotor,Automóvil",Necochea Y Bv. 27 De Febrero,3,2,0,0,1,0,0,,Avenida,,ROSARIO,Rosario,Asfalto,No existe,II,Dentro,Urbana,Semáforo,Funciona,Intersección,Bueno,Buena,Nocturna,Buen Tiempo,Lateral,S/D,Colisión,Ninguna,Vertical,S/D,Sin restricción,POINT (-60.6294936 -32.9701003),"['Necochea', '27 de Febrero']",2,Necochea; Bulevar 27 de Febrero,-32.9701003,-60.6294936,55.0,538.0,Municipio Rosario,Municipio,Rosario,820210,Servicio de Catastro e Información Territorial,IGN
2016,7218,2016-10-12,Miercoles,0.0,,,0.0,2,"Automóvil,Vehículo Oficial",Av. Ovidio Lagos Y Bv. Segui,3,2,0,0,1,0,0,,Avenida,,ROSARIO,Rosario,Asfalto,No existe,II,Dentro,Urbana,Semáforo,Funciona,Intersección,Bueno,Buena,Diurna,Buen Tiempo,Lateral,S/D,Colisión,Ninguna,Vertical,Cordón divisorio,Sin restricción,POINT (-60.66940506666666 -32.974966166666654),"['Avenida Ovidio Lagos', 'Bulevar Juan Francisco Seguí']",2,Avenida Ovidio Lagos; Bulevar Juan Francisco Seguí,-32.974966166666654,-60.66940506666666,55.0,538.0,Municipio Rosario,Municipio,Rosario,820210,Servicio de Catastro e Información Territorial,IGN
2016,7617,2016-10-30,Domingo,0.0,18:40:00,,0.0,2,"Automóvil,Automóvil",Dorrego Y 9 De Julio,2,1,0,0,1,0,0,,Calle,,ROSARIO,Rosario,Asfalto,Pavimento,II,Dentro,Urbana,Ninguna,No existe,Intersección,Bueno,Buena,Diurna,Buen Tiempo,Lateral,S/D,Colisión,S/D,Horizontal,Cordón divisorio,Sin restricción,POINT (-60.65106190000001 -32.95188339999999),"['Dorrego', '9 de Julio']",2,Manuel Dorrego; 9 de Julio,-32.95188339999999,-60.65106190000001,55.0,538.0,Municipio Rosario,Municipio,Rosario,820210,Servicio de Catastro e Información Territorial,IGN
2016,7618,2016-10-24,Lunes,0.0,14:15:00,,0.0,1,Taxi/Remis,Mendoza 2100,2,1,0,0,1,0,0,,Calle,,ROSARIO,Rosario,Asfalto,Pavimento,II,Dentro,Urbana,Marca Vial,S/D,Recta,Bueno,Buena,Diurna,Buen Tiempo,Contra objeto fijo,S/D,Colisión,S/D,Horizontal,Cordón divisorio,Sin restricción,"-32.9490732, -60.6530023",['Mendoza 2100'],1,Mendoza 2100,-32.9490732,-60.6530023,55.0,538.0,Municipio Rosario,Municipio,Rosario,820210,Servicio de Catastro e Información Territorial,IGN
2016,7619,2016-10-22,Sabado,0.0,8:30:00,,0.0,2,"Automóvil,Automóvil",3 De Febrero Y Balcarce,2,1,0,0,1,0,0,,Calle,,ROSARIO,Rosario,Asfalto,Pavimento,II,Dentro,Urbana,Ninguna,S/D,Intersección,Bueno,Buena,Diurna,Buen Tiempo,Lateral,S/D,Colisión,S/D,Horizontal,Cordón divisorio,Sin restricción,POINT (-60.6535421 -32.95033519999999),"['3 de Febrero', 'Balcarce']",2,3 de Febrero; Balcarce,-32.95033519999999,-60.6535421,55.0,538.0,Municipio Rosario,Municipio,Rosario,820210,Servicio de Catastro e Información Territorial,IGN
2016,7620,2016-09-24,Sabado,0.0,20:30:00,,0.0,2,"Automóvil,Automóvil",España Y Montevideo,2,1,0,0,1,0,0,,Calle,,ROSARIO,Rosario,Asfalto,Pavimento,II,Dentro,Urbana,Semáforo,Funciona,Intersección,Bueno,Buena,Nocturna,Buen Tiempo,S/D,S/D,Colisión,S/D,Vertical,Cordón divisorio,Sin restricción,POINT (-60.648924400000006 -32.9546495),"['España', 'Montevideo']",2,España; Montevideo,-32.9546495,-60.648924400000006,55.0,538.0,Municipio Rosario,Municipio,Rosario,820210,Servicio de Catastro e Información Territorial,IGN
2016,7621,2016-10-23,Domingo,0.0,2:15:00,,0.0,2,"Automóvil,Automóvil",Rioja Y Balcarce,3,2,0,0,1,0,0,,Calle,,ROSARIO,Rosario,Asfalto,Pavimento,II,Dentro,Urbana,Ninguna,No existe,Intersección,Bueno,Buena,Nocturna,Buen Tiempo,Lateral,S/D,Colisión,S/D,Horizontal,Cordón divisorio,Sin restricción,POINT (-60.6522012 -32.9451043),"['Rioja', 'Balcarce']",2,Rioja; Balcarce,-32.9451043,-60.6522012,55.0,538.0,Municipio Rosario,Municipio,Rosario,820210,Servicio de Catastro e Información Territorial,IGN
2016,7622,2016-10-20,Jueves,0.0,20:20:00,,0.0,2,"Transporte de Pasajeros Urbano (> 8 asientos),Bicicleta",Av. Corrientes Y 3 De Febrero,2,1,0,0,1,0,0,,Calle,,ROSARIO,Rosario,Asfalto,Pavimento,II,Dentro,Urbana,Semáforo,Funciona,Intersección,Bueno,Buena,Nocturna,Buen Tiempo,S/D,Ciclista,Atropello,Ninguna,Vertical,Cordón divisorio,Sin restricción,POINT (-60.6438985 -32.952018499999994),"['Corrientes', '3 de Febrero']",2,Corrientes; 3 de Febrero,-32.952018499999994,-60.6438985,55.0,538.0,Municipio Rosario,Municipio,Rosario,820210,Servicio de Catastro e Información Territorial,IGN
2016,7623,2016-10-18,Martes,0.0,18:20:00,,0.0,2,"Automóvil,Moto/Ciclomotor",Mitre Y San Juan,2,1,0,0,1,0,0,,Calle,,ROSARIO,Rosario,Asfalto,Pavimento,II,Dentro,Urbana,Ninguna,No existe,Intersección,Bueno,Buena,Diurna,Buen Tiempo,Lateral,S/D,Colisión,S/D,Horizontal,Cordón divisorio,Sin restricción,POINT (-60.64049610000001 -32.9499007),"['Mitre', 'San Juan']",2,Bartolomé Mitre; San Juan,-32.9499007,-60.64049610000001,55.0,538.0,Municipio Rosario,Municipio,Rosario,820210,Servicio de Catastro e Información Territorial,IGN
2016,7624,2016-10-17,Lunes,0.0,15:37:00,,0.0,1,Automóvil,Av. Corrientes Y San Juan,2,1,0,0,1,0,0,,Calle,,ROSARIO,Rosario,Asfalto,Pavimento,II,Dentro,Urbana,Semáforo,Funciona,Intersección,Bueno,Buena,Diurna,Buen Tiempo,Contra objeto fijo,S/D,Colisión,S/D,Vertical,Cordón divisorio,Sin restricción,POINT (-60.63122440000001 -32.96948693333332),"['Corrientes', 'San Juan']",2,Corrientes; San Juan,-32.96948693333332,-60.63122440000001,55.0,538.0,Municipio Rosario,Municipio,Rosario,820210,Servicio de Catastro e Información Territorial,IGN
2016,7625,2016-10-15,Sabado,0.0,15:45:00,,0.0,2,"Moto/Ciclomotor,Automóvil",San Luis Y Entre Rios,2,1,0,0,1,0,0,,Calle,,ROSARIO,Rosario,Asfalto,Pavimento,II,Dentro,Urbana,Ninguna,S/D,Recta,Bueno,Buena,Diurna,Buen Tiempo,S/D,S/D,Colisión,S/D,Faltante,Cordón divisorio,Sin restricción,POINT (-60.6415602 -32.9485507),"['San Luis', 'Entre Ríos']",2,San Luis; Entre Ríos,-32.9485507,-60.6415602,55.0,538.0,Municipio Rosario,Municipio,Rosario,820210,Servicio de Catastro e Información Territorial,IGN
2016,7626,2016-10-14,Viernes,0.0,19:40:00,,0.0,2,"Bicicleta,Automóvil",Entre Rios Y 9 De Julio,2,1,0,0,1,0,0,,Calle,,ROSARIO,Rosario,Asfalto,Pavimento,II,Dentro,Urbana,S/D,S/D,Intersección,Bueno,Buena,Diurna,Buen Tiempo,De alcance,Ciclista,Atropello,S/D,S/D,Cordón divisorio,Sin restricción,POINT (-60.64278060000001 -32.953352300000006),"['Entre Ríos', '9 de Julio']",2,Entre Ríos; 9 de Julio,-32.953352300000006,-60.64278060000001,55.0,538.0,Municipio Rosario,Municipio,Rosario,820210,Servicio de Catastro e Información Territorial,IGN
2016,7627,2016-10-14,Viernes,0.0,,,0.0,2,"Moto/Ciclomotor,Automóvil",Bv. Oroño Y San Luis,3,1,0,0,2,0,0,,Calle,,ROSARIO,Rosario,Asfalto,S/D,II,Dentro,Urbana,Semáforo,S/D,Intersección,Bueno,Buena,S/D,Buen Tiempo,Lateral,S/D,Colisión,S/D,Vertical,Cordón divisorio,Sin restricción,POINT (-60.6539474 -32.946329600000006),"['Bulevar Nicasio Oroño', 'San Luis']",2,Bulevar Nicasio Oroño; San Luis,-32.946329600000006,-60.6539474,55.0,538.0,Municipio Rosario,Municipio,Rosario,820210,Servicio de Catastro e Información Territorial,IGN
2016,7628,2016-10-12,Miercoles,0.0,14:00:00,,0.0,2,"Moto/Ciclomotor,Pickup/Utilitario",San Luis Y Mariano Moreno,2,1,0,0,1,0,0,,Calle,,ROSARIO,Rosario,Asfalto,Pavimento,II,Dentro,Urbana,Ninguna,No existe,Intersección,Bueno,Buena,Diurna,Buen Tiempo,Lateral,S/D,Colisión,S/D,S/D,Cordón divisorio,Sin restricción,POINT (-60.6512659 -32.94680389999999),"['San Luis', 'Mariano Moreno']",2,San Luis; Mariano Moreno,-32.94680389999999,-60.6512659,55.0,538.0,Municipio Rosario,Municipio,Rosario,820210,Servicio de Catastro e Información Territorial,IGN
2016,7640,2016-10-31,Lunes,0.0,9:05:00,,0.0,2,"Moto/Ciclomotor,Automóvil",J.J.Paso Y Colombia B,2,1,0,0,0,0,1,,Calle,,ROSARIO,Rosario,Asfalto,Pavimento,II,Dentro,Urbana,Semáforo,Funciona,Recta,Bueno,Buena,Diurna,Otro,Lateral,S/D,Colisión,Ninguna,Horizontal,Cordón divisorio,Sin restricción,POINT (-60.7172427 -32.920386975),"['Paso', 'Colombia']",2,Avenida Juan José Paso; Colombia,-32.920386975,-60.7172427,55.0,538.0,Municipio Rosario,Municipio,Rosario,820210,Servicio de Catastro e Información Territorial,IGN
2016,7641,2016-10-31,Lunes,0.0,3:00:00,,0.0,2,"Moto/Ciclomotor,Moto/Ciclomotor",Navarro Y J.Colombres,2,1,0,0,1,0,0,,Calle,,ROSARIO,Rosario,Asfalto,No existe,II,Dentro,Urbana,Otra Señal,Funciona,Recta,Bueno,Reducida,Nocturna,Otro,Lateral,S/D,Colisión,Otro,Horizontal,Línea divisoria pintada,Sin restricción,POINT (-60.7296727 -32.93199779999999),"['Navarro', 'José Colombres']",2,Navarro; José Colombres,-32.93199779999999,-60.7296727,55.0,538.0,Municipio Rosario,Municipio,Rosario,820210,Servicio de Catastro e Información Territorial,IGN
2016,7642,2016-10-30,Domingo,0.0,18:00:00,,0.0,2,"Automóvil,Automóvil",Sarratea Bis Y Bv. Argentino,2,1,0,0,0,0,1,,Calle,,ROSARIO,Rosario,Asfalto,Pavimento,II,Dentro,Urbana,Ninguna,No existe,Recta,Bueno,Reducida,Atardecer,Buen Tiempo,Lateral,S/D,Colisión,Ninguna,Faltante,Ninguna,Sin restricción,POINT (-60.74117369999999 -32.92451839999999),"['Sarratea', 'Argentino']",2,Sarratea; Avenida Central Argentino,-32.92451839999999,-60.74117369999999,55.0,538.0,Municipio Rosario,Municipio,Rosario,820210,Servicio de Catastro e Información Territorial,IGN
2016,7643,2016-10-29,Sabado,0.0,13:30:00,,0.0,2,"Automóvil,Peatón",Brasil Y Mendoza,2,1,0,0,1,0,0,,Calle,,ROSARIO,Rosario,Asfalto,No existe,II,S/D,Urbana,S/D,No existe,Recta,Bueno,Buena,Diurna,S/D,S/D,Peatón,Atropello,Ninguna,Faltante,S/D,S/D,POINT (-60.71957110000001 -32.940424),"['Brasil', 'Mendoza']",2,Brasil; Mendoza,-32.940424,-60.71957110000001,55.0,538.0,Municipio Rosario,Municipio,Rosario,820210,Servicio de Catastro e Información Territorial,IGN
2016,7644,2016-10-31,Lunes,0.0,22:30:00,,0.0,2,"Automóvil,Moto/Ciclomotor",Tucuman Y Donado,2,1,0,0,1,0,0,,Calle,,ROSARIO,Rosario,Asfalto,Natural,II,Dentro,Urbana,Ninguna,No existe,S/D,Bueno,Buena,Nocturna,Buen Tiempo,Lateral,S/D,Colisión,Ninguna,Faltante,Ninguna,Sin restricción,POINT (-60.727274300000005 -32.932950899999994),"['Tucumán', 'Donado']",2,Tucumán; José Agustín Donado,-32.932950899999994,-60.727274300000005,55.0,538.0,Municipio Rosario,Municipio,Rosario,820210,Servicio de Catastro e Información Territorial,IGN
2016,7658,2016-10-11,Martes,0.0,11:00:00,,0.0,2,"Taxi/Remis,Taxi/Remis",Mendoza Y Entre Rios,2,1,0,0,1,0,0,,Calle,,ROSARIO,Rosario,Asfalto,Pavimento,III,Dentro,Urbana,Ninguna,No existe,Recta,Bueno,Buena,Diurna,Buen Tiempo,De alcance,S/D,Colisión,Ninguna,Horizontal,Cordón divisorio,Sin restricción,POINT (-60.64219219999999 -32.951012899999995),"['Mendoza', 'Entre Ríos']",2,Mendoza; Entre Ríos,-32.951012899999995,-60.64219219999999,55.0,538.0,Municipio Rosario,Municipio,Rosario,820210,Servicio de Catastro e Información Territorial,IGN
2016,7659,2016-10-08,Sabado,0.0,17:15:00,,0.0,2,"Automóvil,Peatón",Mitre 965,2,1,0,0,1,0,0,,Calle,,ROSARIO,Rosario,Asfalto,S/D,II,Dentro,Urbana,Ninguna,S/D,Recta,Bueno,Buena,Diurna,Buen Tiempo,S/D,Peatón,Atropello,Ninguna,Horizontal,S/D,Sin restricción,"-32.94830627142857, -60.64007663265306",['Mitre 965'],1,Mitre 965,-32.94830627142857,-60.64007663265306,55.0,538.0,Municipio Rosario,Municipio,Rosario,820210,Servicio de Catastro e Información Territorial,IGN
2016,7661,2016-10-08,Sabado,0.0,1:35:00,,0.0,2,"Automóvil,Automóvil",Pte.Roca Y E.Zeballos,2,1,0,0,1,0,0,,Calle,,ROSARIO,Rosario,Asfalto,Pavimento,II,Dentro,Urbana,Marca Vial,S/D,Recta,Bueno,Buena,Diurna,Buen Tiempo,S/D,S/D,Colisión,Ninguna,Horizontal,Cordón divisorio,Sin restricción,POINT (-60.6472521 -32.9537729),"['Roca', 'Zeballos']",2,Presidente Roca; Zeballos,-32.9537729,-60.6472521,55.0,538.0,Municipio Rosario,Municipio,Rosario,820210,Servicio de Catastro e Información Territorial,IGN
2016,7662,2016-10-07,Viernes,0.0,10:00:00,,0.0,2,"Bicicleta,Taxi/Remis",Dorrego Y Cordoba,3,2,0,0,1,0,0,,Calle,,ROSARIO,Rosario,Asfalto,Pavimento,II,Dentro,Urbana,Semáforo,Funciona,Intersección,Bueno,Buena,Diurna,Buen Tiempo,S/D,Ciclista,Atropello,S/D,Vertical,Cordón divisorio,Sin restricción,POINT (-60.64918180000001 -32.94445519999999),"['Dorrego', 'Córdoba']",2,Manuel Dorrego; Córdoba,-32.94445519999999,-60.64918180000001,55.0,538.0,Municipio Rosario,Municipio,Rosario,820210,Servicio de Catastro e Información Territorial,IGN