anio_acci,nro_acci,fecha,desc_dia,fecha_aprox,hora_aprox,desc_ruta,km,cant_participantes,desc_participante,calle_avenida_km,total,heridos_leves,heridos_graves,heridos_gravisimos,ilesos,fallecidos,sin_datos,posicion_XY,desc_tipo_via,desc_ruta_ori,desc_loc,desc_dpto,desc_tipo_calzada,desc_tipo_banquina,desc_unidad_regional,desc_lugar_calzada,desc_zona,desc_prioridad,desc_estado_semaforo,desc_lugar_via,desc_estado_via,desc_estado_visibilidad,desc_luminosidad,desc_estado_clima,desc_tipo_colision,desc_tipo_atropello,desc_tipo_hecho,desc_pres_calzada,desc_senializacion,desc_separacion_via,desc_restriccion,forma_geocod,calle_lista,numero_calles,calles_osm,lat,lon,index_right,gid,fna,gna,nam,in1,fdc,sag
2016,7663,2016-10-05,Miercoles,0.0,15:20:00,,0.0,2,"Taxi/Remis,Otros",Mendoza 1600,3,1,0,0,2,0,0,,Calle,,ROSARIO,Rosario,Asfalto,Pavimento,II,Dentro,Urbana,Semáforo,Funciona,Recta,Bueno,Buena,Diurna,Buen Tiempo,S/D,S/D,Colisión,S/D,Vertical,Cordón divisorio,Sin restricción,"-32.9502701, -60.6462432",['Mendoza 1600'],1,Mendoza 1600,-32.9502701,-60.6462432,55.0,538.0,Municipio Rosario,Municipio,Rosario,820210,Servicio de Catastro e Información Territorial,IGN
2016,7665,2016-10-11,Martes,0.0,11:00:00,,0.0,2,"Automóvil,Automóvil",Av. Pellegrini Y Sarmiento,3,1,0,0,2,0,0,,Calle,,ROSARIO,Rosario,Asfalto,Pavimento,II,Dentro,Urbana,Semáforo,Funciona,Recta,Bueno,Buena,Diurna,Buen Tiempo,De alcance,S/D,Colisión,S/D,Horizontal,Cordón divisorio,Sin restricción,POINT (-60.6408663 -32.95730775),"['Pellegrini', 'Sarmiento']",2,Avenida Carlos Pellegrini; Sarmiento,-32.95730775,-60.6408663,55.0,538.0,Municipio Rosario,Municipio,Rosario,820210,Servicio de Catastro e Información Territorial,IGN
2016,7671,2016-10-04,Martes,0.0,11:00:00,,0.0,2,"Automóvil,Bicicleta",San Luis Y Mariano Moreno,2,1,0,0,1,0,0,,Calle,,ROSARIO,Rosario,Asfalto,S/D,II,Dentro,Urbana,S/D,S/D,Intersección,Bueno,Buena,Diurna,Buen Tiempo,Lateral,Ciclista,Atropello,S/D,Horizontal,Cordón divisorio,Sin restricción,POINT (-60.6512659 -32.94680389999999),"['San Luis', 'Mariano Moreno']",2,San Luis; Mariano Moreno,-32.94680389999999,-60.6512659,55.0,538.0,Municipio Rosario,Municipio,Rosario,820210,Servicio de Catastro e Información Territorial,IGN
2016,7672,2016-10-01,Sabado,0.0,11:30:00,,0.0,2,"Automóvil,Peatón",Sarmiento Y Mendoza,2,1,0,0,1,0,0,,Calle,,ROSARIO,Rosario,Asfalto,Pavimento,II,Dentro,Urbana,Semáforo,Funciona,Intersección,Bueno,Buena,Diurna,Buen Tiempo,S/D,Peatón,Atropello,S/D,Horizontal,Cordón divisorio,Sin restricción,POINT (-60.6394302 -32.9514704),"['Sarmiento', 'Mendoza']",2,Sarmiento; Mendoza,-32.9514704,-60.6394302,55.0,538.0,Municipio Rosario,Municipio,Rosario,820210,Servicio de Catastro e Información Territorial,IGN
2016,7673,2016-10-13,Jueves,0.0,16:30:00,,0.0,2,"Automóvil,Peatón",1 de Mayo Y Rioja,2,1,0,0,1,0,0,,Calle,,ROSARIO,Rosario,Asfalto,S/D,II,Dentro,Urbana,Ninguna,S/D,Intersección,Bueno,Buena,Diurna,Buen Tiempo,S/D,Peatón,Atropello,S/D,S/D,Cordón divisorio,Sin restricción,POINT (-60.63017589999999 -32.94932690000001),"['Primero de Mayo', 'Rioja']",2,Primero de Mayo; Rioja,-32.94932690000001,-60.63017589999999,55.0,538.0,Municipio Rosario,Municipio,Rosario,820210,Servicio de Catastro e Información Territorial,IGN
2016,7674,2016-10-28,Viernes,0.0,10:30:00,,0.0,2,"Transporte de Pasajeros Urbano (> 8 asientos),Bicicleta",Laprida Y Av. Pellegrini,2,1,0,0,1,0,0,,Calle,,ROSARIO,Rosario,Asfalto,S/D,II,Dentro,Urbana,S/D,S/D,Intersección,Bueno,Buena,Diurna,S/D,S/D,Ciclista,Atropello,S/D,S/D,Cordón divisorio,S/D,POINT (-60.63694769999999 -32.958013449999996),"['Laprida', 'Pellegrini']",2,Francisco Narciso Laprida; Avenida Carlos Pellegrini,-32.95801345,-60.63694769999999,55.0,538.0,Municipio Rosario,Municipio,Rosario,820210,Servicio de Catastro e Información Territorial,IGN
2016,7678,2016-10-04,Martes,0.0,17:35:00,,0.0,2,"Taxi/Remis,Moto/Ciclomotor",Av. Sorrento Y Bv. Rondeau,2,1,0,0,1,0,0,,Calle,,ROSARIO,Rosario,Asfalto,No existe,II,Dentro,Urbana,Semáforo,Funciona,Intersección,Bueno,Buena,Diurna,Buen Tiempo,Lateral,S/D,Colisión,S/D,Horizontal,Cordón divisorio,Sin restricción,POINT (-60.68858005 -32.90707667499999),"['Sorrento', 'Rondeau']",2,Avenida Sorrento; Bulevar General José Rondeau,-32.90707667499999,-60.68858005,55.0,538.0,Municipio Rosario,Municipio,Rosario,820210,Servicio de Catastro e Información Territorial,IGN
2016,7679,2016-10-15,Sabado,0.0,6:20:00,,0.0,2,"Automóvil,Moto/Ciclomotor",Washington Y Bv. Rondeau,2,1,0,0,1,0,0,,Calle,,ROSARIO,Rosario,Asfalto,No existe,II,Dentro,Urbana,Semáforo,Funciona,Intersección,Bueno,Buena,Amanecer,Buen Tiempo,Lateral,S/D,Colisión,S/D,S/D,Cordón divisorio,Sin restricción,POINT (-60.6903563 -32.901208475000004),"['Washington', 'Rondeau']",2,Washington; Bulevar General José Rondeau,-32.901208475000004,-60.6903563,55.0,538.0,Municipio Rosario,Municipio,Rosario,820210,Servicio de Catastro e Información Territorial,IGN
2016,7682,2016-10-16,Domingo,0.0,4:35:00,,0.0,2,"Peatón,Automóvil",Bv. Rondeau 1450,2,0,1,0,1,0,0,,Calle,,ROSARIO,Rosario,Asfalto,No existe,II,Dentro,Urbana,Ninguna,No existe,Recta,Bueno,Buena,Nocturna,Buen Tiempo,S/D,Peatón,Atropello,S/D,Horizontal,Cordón divisorio,Sin restricción,"-32.899378765306125, -60.69060282040816",['Rondeau 1450'],1,Rondeau 1450,-32.899378765306125,-60.69060282040816,55.0,538.0,Municipio Rosario,Municipio,Rosario,820210,Servicio de Catastro e Información Territorial,IGN
2016,7683,2016-10-17,Lunes,0.0,12:00:00,,0.0,2,"Pickup/Utilitario,Moto/Ciclomotor",Bv. Rondeau Y Superi,3,2,0,0,1,0,0,,Calle,,ROSARIO,Rosario,Asfalto,No existe,II,Dentro,Urbana,Semáforo,Funciona,Intersección,Bueno,Buena,Diurna,Buen Tiempo,Lateral,S/D,Colisión,Ninguna,S/D,Cordón divisorio,Sin restricción,POINT (-60.692458175000006 -32.894239025),"['Rondeau', 'Superi']",2,Bulevar General José Rondeau; Comandante José Superí,-32.894239025,-60.692458175000006,55.0,538.0,Municipio Rosario,Municipio,Rosario,820210,Servicio de Catastro e Información Territorial,IGN
2016,7685,2016-10-19,Miercoles,0.0,14:30:00,,0.0,2,"Automóvil,Moto/Ciclomotor",Bv. Rondeau Y Baigorria,2,1,0,0,1,0,0,,Calle,,ROSARIO,Rosario,Asfalto,No existe,II,Dentro,Urbana,Semáforo,Funciona,Intersección,Bueno,Buena,Diurna,Buen Tiempo,Lateral,S/D,Colisión,S/D,Horizontal,Cordón divisorio,Sin restricción,POINT (-60.693283075000004 -32.89152782499999),"['Rondeau', 'Baigorria']",2,Bulevar General José Rondeau; Baigorria,-32.89152782499999,-60.693283075,55.0,538.0,Municipio Rosario,Municipio,Rosario,820210,Servicio de Catastro e Información Territorial,IGN
2016,7686,2016-10-19,Miercoles,0.0,17:35:00,,0.0,2,"Moto/Ciclomotor,Peatón",Av. Puccio ,3,3,0,0,0,0,0,,Calle,,ROSARIO,Rosario,Asfalto,No existe,II,Dentro,Urbana,Semáforo,Funciona,Intersección,Bueno,Buena,Diurna,Buen Tiempo,S/D,Peatón,Atropello,S/D,Horizontal,Cordón divisorio,Sin restricción,"-32.8935199, -60.6861916",['Puccio'],1,Puccio,-32.8935199,-60.6861916,55.0,538.0,Municipio Rosario,Municipio,Rosario,820210,Servicio de Catastro e Información Territorial,IGN
2016,7688,2016-10-29,Sabado,0.0,9:30:00,,0.0,2,"Moto/Ciclomotor,Automóvil",Darragueira Y Chiclana,3,2,0,0,1,0,0,,Calle,,ROSARIO,Rosario,Asfalto,No existe,II,Dentro,Urbana,S/D,No existe,Curva,Bueno,Buena,Diurna,Buen Tiempo,De alcance,S/D,Colisión,Ninguna,Faltante,Ninguna,Sin restricción,POINT (-60.6924649 -32.90305639999999),"['José Darragueira', 'Chiclana']",2,José Darragueira; Chiclana,-32.90305639999999,-60.6924649,55.0,538.0,Municipio Rosario,Municipio,Rosario,820210,Servicio de Catastro e Información Territorial,IGN
2016,7739,2016-10-15,Sabado,0.0,13:00:00,,0.0,2,"Automóvil,Moto/Ciclomotor",Urquiza Y Tte.Agneta,2,0,1,0,1,0,0,,Calle,,ROSARIO,Rosario,Asfalto,S/D,II,Dentro,Urbana,S/D,S/D,Intersección,Bueno,S/D,Diurna,S/D,Lateral,S/D,Colisión,S/D,S/D,Línea divisoria pintada,S/D,POINT (-60.7001118 -32.93308439999999),"['Urquiza', 'Teniente Agneta']",2,Justo José de Urquiza; Teniente Agneta,-32.93308439999999,-60.7001118,55.0,538.0,Municipio Rosario,Municipio,Rosario,820210,Servicio de Catastro e Información Territorial,IGN
2016,7740,2016-10-13,Jueves,0.0,13:40:00,,0.0,2,"Transporte de Pasajeros Urbano (> 8 asientos),Transporte de Pasajeros Urbano (> 8 asientos)",Santa Fe Y Gutenberg,3,1,0,0,2,0,0,,Calle,,ROSARIO,Rosario,Asfalto,Pavimento,II,Dentro,Urbana,Ninguna,S/D,Intersección,Bueno,Reducida,Diurna,Lluvia,Lateral,S/D,Colisión,Agua,S/D,Cordón divisorio,Sin restricción,POINT (-60.6869271 -32.936288299999994),"['Santa Fe', 'Gutenberg']",2,Santa Fe; Gutenberg,-32.936288299999994,-60.6869271,55.0,538.0,Municipio Rosario,Municipio,Rosario,820210,Servicio de Catastro e Información Territorial,IGN
2016,7741,2016-10-18,Martes,0.0,8:00:00,,0.0,2,"Automóvil,Moto/Ciclomotor",Junin Y Liniers,2,1,0,0,1,0,0,,Calle,,ROSARIO,Rosario,Asfalto,S/D,II,Dentro,Urbana,S/D,S/D,Intersección,Deteriorada,S/D,Diurna,Lluvia,Lateral,S/D,Colisión,S/D,S/D,S/D,S/D,POINT (-60.6990411 -32.9272045),"['Junín', 'Liniers']",2,Junín; Liniers,-32.9272045,-60.6990411,55.0,538.0,Municipio Rosario,Municipio,Rosario,820210,Servicio de Catastro e Información Territorial,IGN
2016,7742,2016-10-08,Sabado,0.0,4:00:00,,0.0,2,"Moto/Ciclomotor,Automóvil",Urquiza Y Gutenberg,2,1,0,0,1,0,0,,Calle,,ROSARIO,Rosario,Asfalto,S/D,II,Dentro,Urbana,S/D,S/D,Intersección,Bueno,Buena,Diurna,S/D,S/D,S/D,Colisión,S/D,S/D,S/D,S/D,POINT (-60.68638150000001 -32.93414479999999),"['Urquiza', 'Gutenberg']",2,Justo José de Urquiza; Gutenberg,-32.93414479999999,-60.68638150000001,55.0,538.0,Municipio Rosario,Municipio,Rosario,820210,Servicio de Catastro e Información Territorial,IGN
2016,7759,2016-10-31,Lunes,0.0,14:10:00,,0.0,2,"Automóvil,Moto/Ciclomotor",Pacheco Y J.C.Casas,2,1,0,0,1,0,0,,Calle,,ROSARIO,Rosario,Asfalto,No existe,II,Dentro,Urbana,Ninguna,No existe,Intersección,Bueno,Buena,Diurna,Buen Tiempo,Lateral,S/D,Colisión,S/D,Faltante,Ninguna,S/D,POINT (-60.6927595 -32.9091512),"['Ángel Pacheco', 'Casas']",2,Ángel Pacheco; Pasaje M. Casas,-32.9091512,-60.6927595,55.0,538.0,Municipio Rosario,Municipio,Rosario,820210,Servicio de Catastro e Información Territorial,IGN
2016,7762,2016-10-20,Jueves,0.0,5:45:00,,0.0,2,"Automóvil,Pickup/Utilitario",Alberdi ,3,2,0,0,1,0,0,,Calle,,ROSARIO,Rosario,S/D,Pavimento,II,Dentro,Urbana,S/D,Funciona,Intersección,S/D,S/D,S/D,S/D,S/D,S/D,Colisión,S/D,S/D,S/D,S/D,"-32.8972624, -60.6982029",['Alberdi'],1,Alberdi,-32.8972624,-60.6982029,55.0,538.0,Municipio Rosario,Municipio,Rosario,820210,Servicio de Catastro e Información Territorial,IGN
2016,7764,2016-10-21,Viernes,0.0,9:30:00,,0.0,2,"Automóvil,Automóvil",Echeverria Bis Y Av. Luis Carballo,2,1,0,0,1,0,0,,Calle,,ROSARIO,Rosario,S/D,S/D,II,Dentro,Urbana,S/D,S/D,Intersección,S/D,S/D,Diurna,S/D,S/D,S/D,Colisión,S/D,S/D,S/D,S/D,POINT (-60.672244250000006 -32.921920799999995),"['Echeverría', 'Avenida Doctor Luis Cándido Carballo']",2,Echeverría; Avenida Doctor Luis Cándido Carballo,-32.921920799999995,-60.672244250000006,55.0,538.0,Municipio Rosario,Municipio,Rosario,820210,Servicio de Catastro e Información Territorial,IGN
2016,7767,2016-10-23,Domingo,0.0,18:30:00,,0.0,2,"Moto/Ciclomotor,Automóvil",Velez Sarsfield Y Av. Luis Carballo,2,1,0,0,1,0,0,,Calle,,ROSARIO,Rosario,Asfalto,S/D,II,Dentro,Urbana,S/D,S/D,Intersección,S/D,S/D,Diurna,S/D,S/D,S/D,Colisión,S/D,S/D,S/D,S/D,POINT (-60.66280744999999 -32.924634),"['Vélez Sarsfield', 'Avenida Doctor Luis Cándido Carballo']",2,Vélez Sarsfield; Avenida Doctor Luis Cándido Carballo,-32.924634,-60.66280744999999,55.0,538.0,Municipio Rosario,Municipio,Rosario,820210,Servicio de Catastro e Información Territorial,IGN
2016,7768,2016-10-08,Sabado,0.0,13:00:00,,0.0,2,"Bicicleta,Automóvil",Av. Jorge Newbery Y Bv. Wilde,3,0,0,0,1,0,2,,S/D,,ROSARIO,Rosario,Asfalto,S/D,II,S/D,Urbana,S/D,S/D,Intersección,Bueno,S/D,Diurna,S/D,S/D,S/D,Atropello,S/D,S/D,S/D,S/D,POINT (-60.73985405 -32.90873845),"['Jorge Newbery', 'Bulevar Wilde']",2,Avenida Jorge Newbery; Bulevar Wilde,-32.90873845,-60.73985405,55.0,538.0,Municipio Rosario,Municipio,Rosario,820210,Servicio de Catastro e Información Territorial,IGN
2016,7770,2016-10-29,Sabado,0.0,3:30:00,,0.0,2,"Moto/Ciclomotor,Moto/Ciclomotor",Suiza Y Pje. Alemania,2,2,0,0,0,0,0,,Calle,,ROSARIO,Rosario,Asfalto,S/D,II,Dentro,Urbana,S/D,No existe,Intersección,Bueno,S/D,Nocturna,S/D,S/D,S/D,Colisión,S/D,S/D,S/D,S/D,POINT (-60.68759639999999 -32.927666499999994),"['Suiza', 'Alemania']",2,Suiza; Alemania,-32.927666499999994,-60.68759639999999,55.0,538.0,Municipio Rosario,Municipio,Rosario,820210,Servicio de Catastro e Información Territorial,IGN
2016,7772,2016-10-20,Jueves,0.0,13:30:00,,0.0,2,"Transporte de Pasajeros Urbano (> 8 asientos),Automóvil",Bv. Wilde Y J.B.Justo,3,1,0,0,1,0,1,,S/D,,ROSARIO,Rosario,S/D,S/D,II,S/D,Urbana,S/D,S/D,Intersección,S/D,S/D,Diurna,S/D,S/D,S/D,S/D,S/D,S/D,S/D,S/D,POINT (-60.7386835 -32.934138000000004),"['Bulevar Wilde', 'Justo']",2,"('Bulevar Wilde', 'Justo José de Urquiza')",-32.934138000000004,-60.7386835,55.0,538.0,Municipio Rosario,Municipio,Rosario,820210,Servicio de Catastro e Información Territorial,IGN
2016,7778,2016-10-03,Lunes,0.0,16:55:00,,0.0,2,"Moto/Ciclomotor,Taxi/Remis",Av. Genova Y Pje. Asturias Bis,2,1,0,0,1,0,0,,Calle,,ROSARIO,Rosario,Asfalto,No existe,II,Dentro,Urbana,S/D,No existe,Intersección,Bueno,Buena,Diurna,Buen Tiempo,Lateral,S/D,Colisión,S/D,Faltante,Cordón divisorio,Sin restricción,POINT (-60.7000023 -32.915615399999986),"['Genova', 'Asturias']",2,Avenida Génova; Asturias,-32.915615399999986,-60.7000023,55.0,538.0,Municipio Rosario,Municipio,Rosario,820210,Servicio de Catastro e Información Territorial,IGN
2016,7780,2016-10-01,Sabado,0.0,20:40:00,,0.0,2,"Moto/Ciclomotor,Automóvil",French Y Liniers,2,0,1,0,1,0,0,,Calle,,ROSARIO,Rosario,Asfalto,No existe,II,Dentro,Urbana,Ninguna,No existe,Recta,Bueno,Buena,Nocturna,Buen Tiempo,S/D,S/D,Colisión,S/D,Faltante,Ninguna,Sin restricción,POINT (-60.6992678 -32.9214098),"['French', 'Liniers']",2,Domingo French; Liniers,-32.9214098,-60.6992678,55.0,538.0,Municipio Rosario,Municipio,Rosario,820210,Servicio de Catastro e Información Territorial,IGN
2016,7964,2016-11-01,Martes,0.0,17:50:00,,0.0,2,"Moto/Ciclomotor,Peatón",Av. Wheelwright Y Mariano Moreno,2,1,0,0,1,0,0,,Calle,,ROSARIO,Rosario,Asfalto,Pavimento,II,Dentro,Urbana,Semáforo,Funciona,Intersección,Bueno,Buena,Diurna,Buen Tiempo,S/D,Peatón,Atropello,Ninguna,Vertical,Ninguna,Sin restricción,POINT (-60.6477294 -32.9328498),"['Avenida Guillermo Wheelwright', 'Mariano Moreno']",2,Avenida Guillermo Wheelwright; Mariano Moreno,-32.9328498,-60.6477294,55.0,538.0,Municipio Rosario,Municipio,Rosario,820210,Servicio de Catastro e Información Territorial,IGN
2016,7967,2016-11-02,Miercoles,0.0,12:50:00,,0.0,2,"Automóvil,Peatón",Santa Fe Y Av. Corrientes,2,1,0,0,1,0,0,,Calle,,ROSARIO,Rosario,Asfalto,Pavimento,II,Dentro,Urbana,Semáforo,Funciona,Intersección,Bueno,Buena,Diurna,Buen Tiempo,S/D,Peatón,Atropello,Ninguna,Vertical,Ninguna,Sin restricción,POINT (-60.6420191 -32.9443578),"['Santa Fe', 'Corrientes']",2,Santa Fe; Corrientes,-32.9443578,-60.6420191,55.0,538.0,Municipio Rosario,Municipio,Rosario,820210,Servicio de Catastro e Información Territorial,IGN
2016,7968,2016-11-08,Martes,0.0,20:30:00,,0.0,2,"Automóvil,Automóvil",Bv. Oroño Y Catamarca,3,2,0,0,1,0,0,,Avenida,,ROSARIO,Rosario,Asfalto,Pavimento,II,Dentro,Urbana,Semáforo,Funciona,Intersección,Bueno,Buena,Nocturna,Buen Tiempo,Lateral,S/D,Colisión,Ninguna,Vertical,Ninguna,Sin restricción,POINT (-60.651806750000006 -32.9378818),"['Bulevar Nicasio Oroño', 'Catamarca']",2,Bulevar Nicasio Oroño; Catamarca,-32.9378818,-60.651806750000006,55.0,538.0,Municipio Rosario,Municipio,Rosario,820210,Servicio de Catastro e Información Territorial,IGN
2016,7970,2016-11-04,Viernes,0.0,10:40:00,,0.0,2,"Automóvil,Bicicleta",Av. Corrientes Y Catamarca,2,1,0,0,1,0,0,,Calle,,ROSARIO,Rosario,Asfalto,No existe,II,Dentro,Urbana,Ninguna,Funciona,Recta,Bueno,Buena,Diurna,Buen Tiempo,S/D,Ciclista,Atropello,Ninguna,S/D,Ninguna,Sin restricción,POINT (-60.64088370000001 -32.939895699999994),"['Corrientes', 'Catamarca']",2,Corrientes; Catamarca,-32.939895699999994,-60.64088370000001,55.0,538.0,Municipio Rosario,Municipio,Rosario,820210,Servicio de Catastro e Información Territorial,IGN
2016,7971,2016-11-05,Sabado,0.0,16:50:00,,0.0,2,"Automóvil,Automóvil",Salta Y Balcarce,2,1,0,0,1,0,0,,Calle,,ROSARIO,Rosario,Asfalto,Pavimento,II,Dentro,Urbana,Ninguna,No existe,Intersección,Bueno,Buena,Diurna,Buen Tiempo,Lateral,S/D,Colisión,Ninguna,Faltante,Ninguna,Sin restricción,POINT (-60.6501714 -32.936959299999984),"['Salta', 'Balcarce']",2,Salta; Balcarce,-32.936959299999984,-60.6501714,55.0,538.0,Municipio Rosario,Municipio,Rosario,820210,Servicio de Catastro e Información Territorial,IGN
2016,7972,2016-11-16,Miercoles,0.0,9:30:00,,0.0,1,Moto/Ciclomotor,Iriondo Y Mendoza,1,1,0,0,0,0,0,,Calle,,ROSARIO,Rosario,Asfalto,S/D,II,Dentro,Urbana,S/D,S/D,S/D,S/D,S/D,Diurna,S/D,S/D,S/D,Caída ocupante,S/D,S/D,S/D,S/D,POINT (-60.6708995 -32.945937799999996),"['Iriondo', 'Mendoza']",2,Iriondo; Mendoza,-32.9459378,-60.6708995,55.0,538.0,Municipio Rosario,Municipio,Rosario,820210,Servicio de Catastro e Información Territorial,IGN
2016,7973,2016-11-25,Viernes,0.0,10:00:00,,0.0,3,"Peatón,Peatón,Automóvil",Paraguay Y Mendoza,3,1,0,0,2,0,0,,Calle,,ROSARIO,Rosario,Hormigón,Pavimento,II,Dentro,Urbana,Semáforo,Funciona,Intersección,Bueno,Buena,Diurna,Buen Tiempo,S/D,Peatón,Atropello,Ninguna,Vertical,Cordón divisorio,Sin restricción,POINT (-60.6450108 -32.950543200000006),"['Paraguay', 'Mendoza']",2,Paraguay; Mendoza,-32.950543200000006,-60.6450108,55.0,538.0,Municipio Rosario,Municipio,Rosario,820210,Servicio de Catastro e Información Territorial,IGN
2016,7975,2016-11-13,Domingo,0.0,11:30:00,,0.0,2,"Automóvil,Bicicleta",Balcarce Y Jujuy,2,1,0,0,1,0,0,,Calle,,ROSARIO,Rosario,Asfalto,Pavimento,II,Dentro,Urbana,Ninguna,No existe,Intersección,Bueno,Buena,Diurna,Buen Tiempo,S/D,Ciclista,Atropello,Ninguna,S/D,S/D,S/D,POINT (-60.6498694 -32.93579820000001),"['Balcarce', 'Jujuy']",2,Balcarce; Jujuy,-32.93579820000001,-60.6498694,55.0,538.0,Municipio Rosario,Municipio,Rosario,820210,Servicio de Catastro e Información Territorial,IGN
2016,7976,2016-11-11,Viernes,0.0,1:00:00,,0.0,2,"Taxi/Remis,Automóvil",Av. Ovidio Lagos Y Montevideo,6,3,0,0,3,0,0,,Calle,,ROSARIO,Rosario,Asfalto,S/D,II,Dentro,Urbana,S/D,S/D,S/D,S/D,S/D,Diurna,S/D,S/D,S/D,Colisión,S/D,S/D,S/D,S/D,POINT (-60.663899 -32.95198729999999),"['Avenida Ovidio Lagos', 'Montevideo']",2,Avenida Ovidio Lagos; Montevideo,-32.95198729999999,-60.663899,55.0,538.0,Municipio Rosario,Municipio,Rosario,820210,Servicio de Catastro e Información Territorial,IGN
2016,7977,2016-11-14,Lunes,0.0,13:00:00,,0.0,2,"Automóvil,Moto/Ciclomotor",Bv. Oroño Y Jujuy,2,1,0,0,1,0,0,,Avenida,,ROSARIO,Rosario,Asfalto,Pavimento,II,Dentro,Urbana,Semáforo,Funciona,Intersección,Bueno,Buena,Diurna,Buen Tiempo,Lateral,S/D,Colisión,Ninguna,S/D,Ninguna,Sin restricción,POINT (-60.65121175 -32.93554149999999),"['Bulevar Nicasio Oroño', 'Jujuy']",2,Bulevar Nicasio Oroño; Jujuy,-32.93554149999999,-60.65121175,55.0,538.0,Municipio Rosario,Municipio,Rosario,820210,Servicio de Catastro e Información Territorial,IGN
2016,7978,2016-11-22,Martes,0.0,10:00:00,,0.0,2,"Bicicleta,Moto/Ciclomotor",Catamarca Y Pje. Saguier,2,1,0,0,1,0,0,,Calle,,ROSARIO,Rosario,Asfalto,Pavimento,II,Dentro,Urbana,Ninguna,No existe,Intersección,Bueno,Buena,Diurna,Buen Tiempo,S/D,Ciclista,Atropello,Ninguna,Faltante,S/D,Sin restricción,POINT (-60.644395 -32.939248299999996),"['Catamarca', 'Saguier']",2,Catamarca; Saguier,-32.9392483,-60.644395,55.0,538.0,Municipio Rosario,Municipio,Rosario,820210,Servicio de Catastro e Información Territorial,IGN
2016,7980,2016-11-15,Martes,0.0,2:50:00,,0.0,2,"Automóvil,Automóvil",Av. Francia Y San Juan,2,1,0,0,1,0,0,,Calle,,ROSARIO,Rosario,S/D,S/D,II,Dentro,Urbana,S/D,S/D,S/D,S/D,S/D,Nocturna,S/D,S/D,S/D,Colisión,S/D,S/D,S/D,S/D,POINT (-60.6664543 -32.945264599999994),"['Avenida Francia', 'San Juan']",2,Avenida Francia; San Juan,-32.945264599999994,-60.6664543,55.0,538.0,Municipio Rosario,Municipio,Rosario,820210,Servicio de Catastro e Información Territorial,IGN
2016,7981,2016-11-18,Viernes,0.0,13:55:00,,0.0,2,"Moto/Ciclomotor,Automóvil",Colon Y E.Zeballos,2,1,0,0,1,0,0,,Calle,,ROSARIO,Rosario,Asfalto,S/D,II,Dentro,Urbana,S/D,S/D,Intersección,Bueno,Buena,Diurna,Buen Tiempo,Lateral,S/D,Colisión,S/D,S/D,S/D,S/D,POINT (-60.627751800000006 -32.9573933),"['Colon', 'Zeballos']",2,Cristóbal Colón; Zeballos,-32.9573933,-60.627751800000006,55.0,538.0,Municipio Rosario,Municipio,Rosario,820210,Servicio de Catastro e Información Territorial,IGN
2016,7982,2016-11-21,Lunes,0.0,9:40:00,,0.0,2,"Peatón,Automóvil",Maipu Y 9 De Julio,2,1,0,0,1,0,0,,Calle,,ROSARIO,Rosario,Asfalto,S/D,II,Dentro,Urbana,S/D,S/D,Intersección,Bueno,Buena,Diurna,Buen Tiempo,S/D,Peatón,Atropello,S/D,S/D,S/D,S/D,POINT (-60.637184000000005 -32.95440359999999),"['Maipú', '9 de Julio']",2,Maipú; 9 de Julio,-32.95440359999999,-60.637184000000005,55.0,538.0,Municipio Rosario,Municipio,Rosario,820210,Servicio de Catastro e Información Territorial,IGN
2016,7983,2016-11-29,Martes,0.0,2:30:00,,0.0,2,"Automóvil,Moto/Ciclomotor",Bv. Avellaneda Y E.Zeballos,4,2,1,0,1,0,0,,Avenida,,ROSARIO,Rosario,Asfalto,S/D,II,Dentro,Urbana,Semáforo,Funciona,Intersección,S/D,Buena,Nocturna,Buen Tiempo,Lateral,S/D,Colisión,S/D,S/D,S/D,S/D,POINT (-60.68126855 -32.94766455),"['Avellaneda', 'Zeballos']",2,Bulevar Nicolás Avellaneda; Zeballos,-32.94766455,-60.68126855,55.0,538.0,Municipio Rosario,Municipio,Rosario,820210,Servicio de Catastro e Información Territorial,IGN
2016,7984,2016-11-23,Miercoles,0.0,17:00:00,,0.0,2,"Bicicleta,Automóvil",Av. Pellegrini Y Rio De Janeiro,2,1,0,0,1,0,0,,Avenida,,ROSARIO,Rosario,Asfalto,S/D,II,Dentro,Urbana,S/D,S/D,Intersección,Bueno,S/D,Diurna,S/D,S/D,Ciclista,Atropello,S/D,S/D,S/D,S/D,POINT (-60.6832499 -32.949701950000005),"['Pellegrini', 'Río de Janeiro']",2,Avenida Carlos Pellegrini; Río de Janeiro,-32.949701950000005,-60.6832499,55.0,538.0,Municipio Rosario,Municipio,Rosario,820210,Servicio de Catastro e Información Territorial,IGN
2016,7985,2016-11-11,Viernes,0.0,21:30:00,,0.0,2,"Moto/Ciclomotor,Automóvil",Rodriguez Y Cordoba,2,1,0,0,1,0,0,,Calle,,ROSARIO,Rosario,Asfalto,S/D,II,Dentro,Urbana,S/D,S/D,S/D,S/D,S/D,Nocturna,S/D,S/D,S/D,Colisión,S/D,S/D,S/D,Sin restricción,POINT (-60.673013 -32.94018309999999),"['Rodríguez', 'Córdoba']",2,"('Rodríguez de Escobedo', 'Córdoba')",-32.94018309999999,-60.673013,55.0,538.0,Municipio Rosario,Municipio,Rosario,820210,Servicio de Catastro e Información Territorial,IGN