anio_acci,nro_acci,fecha,desc_dia,fecha_aprox,hora_aprox,desc_ruta,km,cant_participantes,desc_participante,calle_avenida_km,total,heridos_leves,heridos_graves,heridos_gravisimos,ilesos,fallecidos,sin_datos,posicion_XY,desc_tipo_via,desc_ruta_ori,desc_loc,desc_dpto,desc_tipo_calzada,desc_tipo_banquina,desc_unidad_regional,desc_lugar_calzada,desc_zona,desc_prioridad,desc_estado_semaforo,desc_lugar_via,desc_estado_via,desc_estado_visibilidad,desc_luminosidad,desc_estado_clima,desc_tipo_colision,desc_tipo_atropello,desc_tipo_hecho,desc_pres_calzada,desc_senializacion,desc_separacion_via,desc_restriccion,forma_geocod,calle_lista,numero_calles,calles_osm,lat,lon,index_right,gid,fna,gna,nam,in1,fdc,sag
2016,7986,2016-11-28,Lunes,0.0,11:00:00,,0.0,2,"Moto/Ciclomotor,Peatón",Montevideo Y Alsina,3,2,0,0,1,0,0,,Calle,,ROSARIO,Rosario,Asfalto,S/D,II,Dentro,Urbana,S/D,S/D,S/D,S/D,S/D,Diurna,S/D,S/D,Peatón,Atropello,S/D,S/D,S/D,S/D,POINT (-60.6788522 -32.949314199999996),"['Montevideo', 'Alsina']",2,Montevideo; Alsina,-32.9493142,-60.6788522,55.0,538.0,Municipio Rosario,Municipio,Rosario,820210,Servicio de Catastro e Información Territorial,IGN
2016,7987,2016-11-23,Miercoles,0.0,,,0.0,2,"Automóvil,Moto/Ciclomotor",Pje. Cardarelli Y Av. Pellegrini,2,1,0,0,1,0,0,,Calle,,ROSARIO,Rosario,Asfalto,S/D,II,Dentro,Urbana,S/D,S/D,S/D,S/D,S/D,S/D,S/D,S/D,S/D,Colisión,S/D,S/D,S/D,S/D,POINT (-60.6852729 -32.9492952),"['Pasaje Cardarelli', 'Pellegrini']",2,Pasaje Cardarelli; Avenida Carlos Pellegrini,-32.9492952,-60.6852729,55.0,538.0,Municipio Rosario,Municipio,Rosario,820210,Servicio de Catastro e Información Territorial,IGN
2016,7988,2016-11-04,Viernes,0.0,16:30:00,,0.0,1,Transporte de Pasajeros Urbano (> 8 asientos),Rodriguez Y Cordoba,2,1,0,0,1,0,0,,Calle,,ROSARIO,Rosario,Asfalto,S/D,II,Dentro,Urbana,S/D,S/D,S/D,S/D,S/D,Diurna,S/D,S/D,S/D,Caída ocupante,S/D,S/D,S/D,S/D,POINT (-60.673013 -32.94018309999999),"['Rodríguez', 'Córdoba']",2,"('Rodríguez de Escobedo', 'Córdoba')",-32.94018309999999,-60.673013,55.0,538.0,Municipio Rosario,Municipio,Rosario,820210,Servicio de Catastro e Información Territorial,IGN
2016,7989,2016-11-24,Jueves,0.0,12:30:00,,0.0,2,"Automóvil,Automóvil",Mendoza Y Av. Avellaneda B,2,1,0,0,1,0,0,,Calle,,ROSARIO,Rosario,Asfalto,S/D,II,Dentro,Urbana,S/D,S/D,S/D,S/D,S/D,Diurna,S/D,S/D,S/D,Colisión,S/D,S/D,S/D,S/D,POINT (-60.680421100000004 -32.94423964999999),"['Mendoza', 'Avellaneda']",2,Mendoza; Bulevar Nicolás Avellaneda,-32.94423964999999,-60.6804211,55.0,538.0,Municipio Rosario,Municipio,Rosario,820210,Servicio de Catastro e Información Territorial,IGN
2016,7990,2016-11-17,Jueves,0.0,11:00:00,,0.0,1,Moto/Ciclomotor,Lima Y E.Zeballos,2,2,0,0,0,0,0,,Calle,,ROSARIO,Rosario,Asfalto,S/D,II,Dentro,Urbana,S/D,S/D,Intersección,S/D,Buena,Diurna,Buen Tiempo,S/D,S/D,Caída ocupante,S/D,S/D,S/D,S/D,POINT (-60.6853927 -32.9469522),"['Lima', 'Zeballos']",2,Lima; Zeballos,-32.9469522,-60.6853927,55.0,538.0,Municipio Rosario,Municipio,Rosario,820210,Servicio de Catastro e Información Territorial,IGN
2016,7991,2016-11-26,Sabado,0.0,21:00:00,,0.0,2,"Automóvil,Moto/Ciclomotor",3 De Febrero Y Vera Mujica,2,1,0,0,1,0,0,,Calle,,ROSARIO,Rosario,S/D,S/D,II,Dentro,Urbana,S/D,S/D,S/D,S/D,S/D,Nocturna,S/D,S/D,S/D,Colisión,S/D,S/D,S/D,S/D,POINT (-60.668509099999994 -32.94765369999999),"['3 de Febrero', 'Vera Mujíca']",2,3 de Febrero; Vera Mujíca,-32.94765369999999,-60.6685091,55.0,538.0,Municipio Rosario,Municipio,Rosario,820210,Servicio de Catastro e Información Territorial,IGN
2016,7992,2016-11-12,Sabado,0.0,13:00:00,,0.0,3,"Automóvil,Automóvil,Taxi/Remis",Montevideo Y Pueyrredon,3,1,0,0,2,0,0,,Calle,,ROSARIO,Rosario,S/D,S/D,II,Dentro,Urbana,S/D,S/D,Intersección,S/D,S/D,Diurna,Buen Tiempo,"Lateral,Múltiple",S/D,Colisión,S/D,S/D,S/D,S/D,POINT (-60.6598108 -32.9527051),"['Montevideo', 'Pueyrredón']",2,Montevideo; Pueyrredón,-32.9527051,-60.6598108,55.0,538.0,Municipio Rosario,Municipio,Rosario,820210,Servicio de Catastro e Información Territorial,IGN
2016,7993,2016-11-17,Jueves,0.0,17:30:00,,0.0,2,"Automóvil,Automóvil",Santiago Y 9 De Julio,4,3,0,0,1,0,0,,Calle,,ROSARIO,Rosario,Asfalto,S/D,II,Dentro,Urbana,Ninguna,No existe,Intersección,Bueno,Buena,Diurna,Buen Tiempo,Lateral,S/D,Colisión,S/D,S/D,S/D,S/D,POINT (-60.6578907 -32.950669299999994),"['Santiago', '9 de Julio']",2,Santiago; 9 de Julio,-32.950669299999994,-60.6578907,55.0,538.0,Municipio Rosario,Municipio,Rosario,820210,Servicio de Catastro e Información Territorial,IGN
2016,7995,2016-11-06,Domingo,0.0,9:30:00,,0.0,2,"Automóvil,Moto/Ciclomotor",Callao Y Av. Del Valle,2,1,0,0,1,0,0,,Calle,,ROSARIO,Rosario,Asfalto,No existe,II,Dentro,Urbana,Ninguna,S/D,Intersección,Bueno,Buena,Diurna,Buen Tiempo,Otro,S/D,Colisión,Ninguna,S/D,Ninguna,Sin restricción,POINT (-60.65718970000001 -32.930991899999995),"['Callao', 'Del Valle']",2,Callao; Avenida Aristóbulo del Valle,-32.930991899999995,-60.65718970000001,55.0,538.0,Municipio Rosario,Municipio,Rosario,820210,Servicio de Catastro e Información Territorial,IGN
2016,7996,2016-11-07,Lunes,0.0,3:50:00,,0.0,3,"Moto/Ciclomotor,Taxi/Remis,Automóvil",Cafferata Y Santa Fe,5,3,0,0,2,0,0,,Calle,,ROSARIO,Rosario,Asfalto,No existe,II,S/D,Urbana,Ninguna,Funciona,Recta,Bueno,Buena,Nocturna,Buen Tiempo,Otro,S/D,Colisión,Ninguna,S/D,Ninguna,Sin restricción,POINT (-60.67063869999999 -32.939213),"['Cafferata', 'Santa Fe']",2,Cafferata; Santa Fe,-32.939213,-60.67063869999999,55.0,538.0,Municipio Rosario,Municipio,Rosario,820210,Servicio de Catastro e Información Territorial,IGN
2016,7997,2016-11-18,Viernes,0.0,,,0.0,2,"Moto/Ciclomotor,Moto/Ciclomotor",Santa Fe Y Italia,3,1,0,0,1,0,1,,Calle,,ROSARIO,Rosario,Asfalto,Pavimento,II,Dentro,Urbana,Semáforo,Funciona,Intersección,Bueno,Buena,Nocturna,Buen Tiempo,Lateral,S/D,Colisión,Ninguna,Vertical,Cordón divisorio,Sin restricción,POINT (-60.6475241 -32.94334839999999),"['Santa Fe', 'Italia']",2,Santa Fe; Italia,-32.94334839999999,-60.6475241,55.0,538.0,Municipio Rosario,Municipio,Rosario,820210,Servicio de Catastro e Información Territorial,IGN
2016,7999,2016-11-11,Viernes,0.0,18:30:00,,0.0,2,"Automóvil,Automóvil",Catamarca Y Suipacha,2,1,0,0,1,0,0,,Calle,,ROSARIO,Rosario,Asfalto,No existe,II,S/D,Urbana,Semáforo,Funciona,Recta,Bueno,Buena,Diurna,Buen Tiempo,Otro,S/D,Colisión,Ninguna,Vertical,Ninguna,Sin restricción,POINT (-60.66269400000001 -32.935943599999995),"['Catamarca', 'Suipacha']",2,Catamarca; Suipacha,-32.935943599999995,-60.66269400000001,55.0,538.0,Municipio Rosario,Municipio,Rosario,820210,Servicio de Catastro e Información Territorial,IGN
2016,8000,2016-11-28,Lunes,0.0,4:20:00,,0.0,2,"Taxi/Remis,Moto/Ciclomotor",Cafferata Y San Juan,2,1,0,0,1,0,0,,S/D,,ROSARIO,Rosario,Asfalto,S/D,II,Dentro,Urbana,S/D,S/D,S/D,S/D,S/D,Nocturna,S/D,S/D,S/D,S/D,S/D,S/D,S/D,S/D,POINT (-60.6719098 -32.94428909999999),"['Cafferata', 'San Juan']",2,Cafferata; San Juan,-32.94428909999999,-60.6719098,55.0,538.0,Municipio Rosario,Municipio,Rosario,820210,Servicio de Catastro e Información Territorial,IGN
2016,8001,2016-11-02,Miercoles,0.0,10:20:00,,0.0,2,"Moto/Ciclomotor,Automóvil",Callao Y Salta,2,1,0,0,1,0,0,,Calle,,ROSARIO,Rosario,Asfalto,No existe,II,Dentro,Urbana,Semáforo,Funciona,Recta,Bueno,Buena,Diurna,Buen Tiempo,Otro,S/D,Colisión,S/D,Vertical,Ninguna,Sin restricción,POINT (-60.6583919 -32.93552249999999),"['Callao', 'Salta']",2,Callao; Salta,-32.93552249999999,-60.6583919,55.0,538.0,Municipio Rosario,Municipio,Rosario,820210,Servicio de Catastro e Información Territorial,IGN
2016,8003,2016-11-17,Jueves,0.0,22:00:00,,0.0,1,Moto/Ciclomotor,Bv. Avellaneda Y Tucuman,3,1,1,0,0,0,1,,Calle,,ROSARIO,Rosario,S/D,S/D,II,S/D,Urbana,S/D,S/D,S/D,S/D,S/D,Nocturna,S/D,S/D,S/D,S/D,S/D,S/D,S/D,S/D,POINT (-60.6779626 -32.9344441),"['Avellaneda', 'Tucumán']",2,Bulevar Nicolás Avellaneda; Tucumán,-32.9344441,-60.6779626,55.0,538.0,Municipio Rosario,Municipio,Rosario,820210,Servicio de Catastro e Información Territorial,IGN
2016,8004,2016-11-04,Viernes,0.0,5:20:00,,0.0,2,"Automóvil,Taxi/Remis",Mitre Y Montevideo,5,4,0,0,1,0,0,,Calle,,ROSARIO,Rosario,Asfalto,Pavimento,II,Dentro,Urbana,Ninguna,No existe,Intersección,Bueno,Buena,Nocturna,Buen Tiempo,Lateral,S/D,Colisión,S/D,S/D,S/D,Sin restricción,POINT (-60.6420026 -32.95589439999999),"['Mitre', 'Montevideo']",2,Bartolomé Mitre; Montevideo,-32.95589439999999,-60.6420026,55.0,538.0,Municipio Rosario,Municipio,Rosario,820210,Servicio de Catastro e Información Territorial,IGN
2016,8007,2016-11-01,Martes,0.0,,,0.0,2,"Peatón,Automóvil",3 De Febrero Y San Martin,2,1,0,0,1,0,0,,Calle,,ROSARIO,Rosario,Hormigón,Pavimento,II,Dentro,Urbana,S/D,S/D,Intersección,Bueno,Buena,Diurna,Buen Tiempo,S/D,Peatón,Atropello,Ninguna,Horizontal,Cordón divisorio,Sin restricción,POINT (-60.63825700000001 -32.953026799999996),"['3 de Febrero', 'San Martin']",2,3 de Febrero; José de San Martín,-32.9530268,-60.63825700000001,55.0,538.0,Municipio Rosario,Municipio,Rosario,820210,Servicio de Catastro e Información Territorial,IGN
2016,8008,2016-11-02,Miercoles,0.0,17:00:00,,0.0,2,"Peatón,Automóvil",Balcarce Y San Luis,2,1,0,0,1,0,0,,Calle,,ROSARIO,Rosario,Asfalto,Pavimento,II,Dentro,Urbana,Marca Vial,No existe,Intersección,Bueno,Buena,Diurna,Buen Tiempo,S/D,Peatón,Atropello,Ninguna,Horizontal,Cordón divisorio,Sin restricción,POINT (-60.652571800000004 -32.9465716),"['Balcarce', 'San Luis']",2,Balcarce; San Luis,-32.9465716,-60.6525718,55.0,538.0,Municipio Rosario,Municipio,Rosario,820210,Servicio de Catastro e Información Territorial,IGN
2016,8011,2016-11-22,Martes,0.0,15:30:00,,0.0,2,"Automóvil,Automóvil",Santa Fe 1000,3,2,0,0,1,0,0,,Calle,,ROSARIO,Rosario,Asfalto,Pavimento,II,Dentro,Urbana,Ninguna,No existe,Recta,Bueno,Buena,Diurna,Buen Tiempo,Lateral,S/D,Colisión,Ninguna,Horizontal,Cordón divisorio,Sin restricción,"-32.9455599, -60.6365034",['Santa Fe 1000'],1,Santa Fe 1000,-32.9455599,-60.6365034,55.0,538.0,Municipio Rosario,Municipio,Rosario,820210,Servicio de Catastro e Información Territorial,IGN
2016,8012,2016-11-03,Jueves,0.0,17:00:00,,0.0,2,"Bicicleta,Automóvil",Entre Rios Y Montevideo,2,1,0,0,0,0,1,,Calle,,ROSARIO,Rosario,Asfalto,Pavimento,II,Dentro,Urbana,Marca Vial,No existe,Intersección,Bueno,Buena,Diurna,Buen Tiempo,S/D,Ciclista,Atropello,Ninguna,Horizontal,Cordón divisorio,Sin restricción,POINT (-60.6433635 -32.95563219999999),"['Entre Ríos', 'Montevideo']",2,Entre Ríos; Montevideo,-32.95563219999999,-60.6433635,55.0,538.0,Municipio Rosario,Municipio,Rosario,820210,Servicio de Catastro e Información Territorial,IGN
2016,8014,2016-11-06,Domingo,0.0,5:40:00,,0.0,2,"Automóvil,Automóvil",España Y 3 De Febrero,4,3,0,0,1,0,0,,Calle,,ROSARIO,Rosario,Asfalto,Pavimento,II,Dentro,Urbana,S/D,S/D,Intersección,Bueno,Buena,Nocturna,Buen Tiempo,Lateral,S/D,Colisión,S/D,S/D,Cordón divisorio,Sin restricción,POINT (-60.6480793 -32.95128789999999),"['España', '3 de Febrero']",2,España; 3 de Febrero,-32.95128789999999,-60.6480793,55.0,538.0,Municipio Rosario,Municipio,Rosario,820210,Servicio de Catastro e Información Territorial,IGN
2016,8016,2016-11-04,Viernes,0.0,15:37:00,,0.0,2,"Peatón,Automóvil",San Luis Y Sarmiento,2,1,0,0,0,0,1,,Calle,,ROSARIO,Rosario,Asfalto,Pavimento,II,Dentro,Urbana,Ninguna,No existe,Intersección,Bueno,Buena,Diurna,Buen Tiempo,S/D,Peatón,Atropello,Ninguna,Horizontal,Cordón divisorio,Sin restricción,POINT (-60.6388307 -32.949042999999996),"['San Luis', 'Sarmiento']",2,San Luis; Sarmiento,-32.949043,-60.6388307,55.0,538.0,Municipio Rosario,Municipio,Rosario,820210,Servicio de Catastro e Información Territorial,IGN
2016,8018,2016-11-05,Sabado,0.0,10:20:00,,0.0,2,"Peatón,Automóvil",Pte.Roca Y Mendoza,2,1,0,0,1,0,0,,Calle,,ROSARIO,Rosario,Asfalto,Pavimento,II,Dentro,Urbana,Semáforo,Funciona,Intersección,Bueno,Buena,Diurna,Buen Tiempo,S/D,Peatón,Atropello,S/D,Horizontal,Cordón divisorio,Sin restricción,POINT (-60.64637449999999 -32.95029259999999),"['Roca', 'Mendoza']",2,Presidente Roca; Mendoza,-32.95029259999999,-60.64637449999999,55.0,538.0,Municipio Rosario,Municipio,Rosario,820210,Servicio de Catastro e Información Territorial,IGN
2016,8023,2016-11-04,Viernes,0.0,12:15:00,,0.0,2,"Peatón,Otros",San Martin 1200,2,1,0,0,0,0,1,,Calle,,ROSARIO,Rosario,Asfalto,Pavimento,II,Dentro,Urbana,Ninguna,S/D,Recta,Bueno,Buena,Diurna,S/D,S/D,Peatón,Atropello,Ninguna,Horizontal,Cordón divisorio,Sin restricción,"-32.9516557, -60.6379447",['San Martin 1200'],1,San Martin 1200,-32.9516557,-60.6379447,55.0,538.0,Municipio Rosario,Municipio,Rosario,820210,Servicio de Catastro e Información Territorial,IGN
2016,8025,2016-11-01,Martes,0.0,18:45:00,,0.0,2,"Moto/Ciclomotor,Automóvil",Benito Juarez Y Pje. Spezia,2,1,0,0,1,0,0,,Calle,,ROSARIO,Rosario,S/D,No existe,II,Dentro,Urbana,S/D,S/D,Intersección,S/D,S/D,Nocturna,S/D,Lateral,S/D,Colisión,S/D,S/D,S/D,S/D,POINT (-60.6702205 -32.9935963),"['Benito Juárez', 'Spezia']",2,Benito Juárez; Spezia,-32.9935963,-60.6702205,55.0,538.0,Municipio Rosario,Municipio,Rosario,820210,Servicio de Catastro e Información Territorial,IGN
2016,8028,2016-11-15,Martes,0.0,12:00:00,,0.0,2,"Peatón,Automóvil",3 De Febrero Y Italia,2,1,0,0,1,0,0,,Calle,,ROSARIO,Rosario,Asfalto,Pavimento,II,Dentro,Urbana,Ninguna,No existe,Intersección,Bueno,Buena,Diurna,Buen Tiempo,S/D,Peatón,Atropello,Ninguna,Horizontal,Cordón divisorio,Sin restricción,POINT (-60.6494628 -32.95104619999999),"['3 de Febrero', 'Italia']",2,3 de Febrero; Italia,-32.95104619999999,-60.6494628,55.0,538.0,Municipio Rosario,Municipio,Rosario,820210,Servicio de Catastro e Información Territorial,IGN
2016,8030,2016-11-22,Martes,0.0,19:30:00,,0.0,2,"Moto/Ciclomotor,Automóvil",Av. Arijon Y San Martin,3,2,0,0,1,0,0,,Calle,,ROSARIO,Rosario,Asfalto,No existe,II,Dentro,Urbana,Semáforo,Funciona,Intersección,Bueno,Buena,Diurna,S/D,S/D,S/D,Colisión,S/D,Vertical,Línea divisoria pintada,Sin restricción,POINT (-60.649363550000004 -33.003052149999995),"['Avenida Manuel Arijón', 'San Martin']",2,Avenida Manuel Arijón; José de San Martín,-33.003052149999995,-60.64936355,55.0,538.0,Municipio Rosario,Municipio,Rosario,820210,Servicio de Catastro e Información Territorial,IGN
2016,8031,2016-11-11,Viernes,0.0,11:30:00,,0.0,2,"Automóvil,Moto/Ciclomotor",Montevideo Y Paraguay,2,1,0,0,1,0,0,,Calle,,ROSARIO,Rosario,Asfalto,Pavimento,II,Dentro,Urbana,S/D,S/D,Intersección,Bueno,Buena,Diurna,Buen Tiempo,Lateral,S/D,Colisión,Ninguna,Horizontal,Cordón divisorio,Sin restricción,POINT (-60.6461713 -32.9551386),"['Montevideo', 'Paraguay']",2,Montevideo; Paraguay,-32.9551386,-60.6461713,55.0,538.0,Municipio Rosario,Municipio,Rosario,820210,Servicio de Catastro e Información Territorial,IGN
2016,8033,2016-11-04,Viernes,0.0,14:40:00,,0.0,1,Moto/Ciclomotor,Av. Ntra.Sra.del Rosario Y Italia,5,1,0,0,4,0,0,,Calle,,ROSARIO,Rosario,Asfalto,S/D,II,Dentro,Urbana,S/D,S/D,Intersección,S/D,S/D,Diurna,S/D,De alcance,S/D,Colisión,S/D,S/D,S/D,S/D,POINT (-60.6592342 -33.00039999999999),"['Nuestra Señora del Rosario', 'Italia']",2,Puente Nuestra Señora del Rosario; Italia,-33.00039999999999,-60.6592342,55.0,538.0,Municipio Rosario,Municipio,Rosario,820210,Servicio de Catastro e Información Territorial,IGN
2016,8034,2016-11-14,Lunes,0.0,1:20:00,,0.0,2,"Automóvil,Peatón",Av. Pellegrini Y Entre Rios,2,1,0,0,1,0,0,,Avenida,,ROSARIO,Rosario,Asfalto,Pavimento,II,Dentro,Urbana,Semáforo,Funciona,Intersección,Bueno,Buena,Diurna,Buen Tiempo,S/D,Peatón,Atropello,S/D,Vertical,Cordón divisorio,Sin restricción,POINT (-60.6436612 -32.95680645),"['Pellegrini', 'Entre Ríos']",2,Avenida Carlos Pellegrini; Entre Ríos,-32.95680645,-60.6436612,55.0,538.0,Municipio Rosario,Municipio,Rosario,820210,Servicio de Catastro e Información Territorial,IGN
2016,8036,2016-11-24,Jueves,0.0,11:30:00,,0.0,2,"Moto/Ciclomotor,Automóvil",San Martin Y Khantuta,2,1,0,0,1,0,0,,Calle,,ROSARIO,Rosario,Asfalto,No existe,II,Dentro,Urbana,Semáforo,Funciona,Recta,Bueno,Buena,Diurna,Buen Tiempo,Lateral,S/D,Colisión,S/D,Vertical,Línea divisoria pintada,Sin restricción,POINT (-60.6512752 -33.01204444999999),"['San Martin', 'Khantuta']",2,José de San Martín; Khantuta,-33.01204444999999,-60.6512752,55.0,538.0,Municipio Rosario,Municipio,Rosario,820210,Servicio de Catastro e Información Territorial,IGN
2016,8038,2016-11-22,Martes,0.0,15:15:00,,0.0,2,"Bicicleta,Automóvil",Mendoza Y Pte.Roca,2,1,0,0,1,0,0,,Calle,,ROSARIO,Rosario,Asfalto,Pavimento,II,Dentro,Urbana,Semáforo,Funciona,Intersección,Bueno,Buena,Diurna,Buen Tiempo,S/D,Ciclista,Atropello,Ninguna,Vertical,Cordón divisorio,Sin restricción,POINT (-60.64637449999999 -32.95029259999999),"['Mendoza', 'Roca']",2,Mendoza; Presidente Roca,-32.95029259999999,-60.64637449999999,55.0,538.0,Municipio Rosario,Municipio,Rosario,820210,Servicio de Catastro e Información Territorial,IGN
2016,8039,2016-11-26,Sabado,0.0,3:15:00,,0.0,2,"Bicicleta,Automóvil",Av. Arijon Y Pte.Roca,3,1,0,0,2,0,0,,Calle,,ROSARIO,Rosario,Asfalto,No existe,II,Dentro,Urbana,Semáforo,S/D,Recta,Bueno,Buena,Nocturna,S/D,S/D,Ciclista,Atropello,S/D,Faltante,Línea divisoria pintada,Sin restricción,POINT (-60.65627085 -33.003274499999996),"['Avenida Manuel Arijón', 'Roca']",2,Avenida Manuel Arijón; Presidente Roca,-33.0032745,-60.65627085,55.0,538.0,Municipio Rosario,Municipio,Rosario,820210,Servicio de Catastro e Información Territorial,IGN
2016,8040,2016-11-05,Sabado,0.0,10:30:00,,0.0,2,"Moto/Ciclomotor,Automóvil",Rep.del Salvador Y Dean Funes,3,2,0,0,1,0,0,,Calle,,ROSARIO,Rosario,Asfalto,Pavimento,II,Dentro,Urbana,S/D,No existe,Recta,Bueno,Buena,Diurna,Buen Tiempo,S/D,S/D,Colisión,S/D,Faltante,Barrera de hormigón,S/D,POINT (-60.7127835 -32.967501399999996),"['República del Salvador', 'Deán Gregorio Funes']",2,República del Salvador; Deán Gregorio Funes,-32.9675014,-60.7127835,55.0,538.0,Municipio Rosario,Municipio,Rosario,820210,Servicio de Catastro e Información Territorial,IGN
2016,8041,2016-11-20,Domingo,0.0,15:00:00,,0.0,2,"Pickup/Utilitario,Automóvil",Cereseto Y Av. Ntra.Sra.del Rosario,4,3,0,0,1,0,0,,Calle,,ROSARIO,Rosario,S/D,S/D,II,Dentro,Urbana,S/D,S/D,Intersección,S/D,S/D,Diurna,S/D,Lateral,S/D,Colisión,S/D,S/D,S/D,Sin restricción,POINT (-60.6739631 -33.0008585),"['Cereseto', 'Nuestra Señora del Rosario']",2,Cereseto; Puente Nuestra Señora del Rosario,-33.0008585,-60.6739631,55.0,538.0,Municipio Rosario,Municipio,Rosario,820210,Servicio de Catastro e Información Territorial,IGN
2016,8043,2016-11-10,Jueves,0.0,11:00:00,,0.0,2,"Moto/Ciclomotor,Automóvil",E.Zeballos Y Pte.Roca,2,2,0,0,0,0,0,,Calle,,ROSARIO,Rosario,Hormigón,Pavimento,II,Dentro,Urbana,S/D,S/D,Intersección,Bueno,Buena,Diurna,Buen Tiempo,Lateral,S/D,Colisión,Ninguna,S/D,Cordón divisorio,Sin restricción,POINT (-60.6472521 -32.9537729),"['Zeballos', 'Roca']",2,Zeballos; Presidente Roca,-32.9537729,-60.6472521,55.0,538.0,Municipio Rosario,Municipio,Rosario,820210,Servicio de Catastro e Información Territorial,IGN
2016,8046,2016-11-20,Domingo,0.0,2:00:00,,0.0,2,"Moto/Ciclomotor,Taxi/Remis",Bv. Oroño Y Av. Arijon,2,1,0,0,1,0,0,,Calle,,ROSARIO,Rosario,S/D,S/D,II,Dentro,Urbana,S/D,Funciona,Intersección,S/D,S/D,S/D,S/D,De alcance,S/D,Colisión,S/D,S/D,S/D,S/D,POINT (-60.6650193 -33.003540599999994),"['Bulevar Nicasio Oroño', 'Avenida Manuel Arijón']",2,Bulevar Nicasio Oroño; Avenida Manuel Arijón,-33.003540599999994,-60.6650193,55.0,538.0,Municipio Rosario,Municipio,Rosario,820210,Servicio de Catastro e Información Territorial,IGN
2016,8048,2016-11-22,Martes,0.0,10:00:00,,0.0,2,"Bicicleta,Otros",Italia Y Av. Pellegrini,2,1,0,0,0,0,1,,Calle,,ROSARIO,Rosario,Asfalto,Pavimento,II,Dentro,Urbana,Semáforo,Funciona,Intersección,Bueno,Buena,Diurna,Buen Tiempo,S/D,Ciclista,Atropello,Ninguna,Vertical,Cordón divisorio,Sin restricción,POINT (-60.650600100000005 -32.955561700000004),"['Italia', 'Pellegrini']",2,Italia; Avenida Carlos Pellegrini,-32.955561700000004,-60.650600100000005,55.0,538.0,Municipio Rosario,Municipio,Rosario,820210,Servicio de Catastro e Información Territorial,IGN
2016,8061,2016-11-28,Lunes,0.0,16:40:00,,0.0,2,"Otros,Bicicleta",GODOY Y CAMPBELL,2,1,0,0,0,0,1,,Calle,,ROSARIO,Rosario,Asfalto,No existe,II,Dentro,Urbana,Semáforo,No funciona,Intersección,Bueno,Buena,Atardecer,Otro,S/D,Ciclista,Atropello,Ninguna,Vertical,Ninguna,Sin restricción,POINT (-60.70692735 -32.96568669999999),"['Avenida Presidente Perón', 'Campbell']",2,Avenida Presidente Perón; Campbell,-32.96568669999999,-60.70692735,55.0,538.0,Municipio Rosario,Municipio,Rosario,820210,Servicio de Catastro e Información Territorial,IGN
2016,8063,2016-11-22,Martes,0.0,21:20:00,,0.0,2,"Moto/Ciclomotor,Peatón",J.Colombres 2800,2,1,0,0,1,0,0,,Calle,,ROSARIO,Rosario,Asfalto,Pavimento,II,Dentro,Urbana,Ninguna,No existe,Recta,Bueno,Reducida,Nocturna,Buen Tiempo,S/D,Peatón,Atropello,S/D,S/D,Ninguna,Sin restricción,"-32.9065205, -60.6783682",['J Colombres 2800'],1,J Colombres 2800,-32.9065205,-60.6783682,55.0,538.0,Municipio Rosario,Municipio,Rosario,820210,Servicio de Catastro e Información Territorial,IGN
2016,8064,2016-11-14,Lunes,0.0,23:00:00,,0.0,2,"Moto/Ciclomotor,Automóvil",Bv. 27 De Febrero Y Cullen,2,1,0,0,1,0,0,,Calle,,ROSARIO,Rosario,Asfalto,No existe,II,Dentro,Urbana,Ninguna,No existe,Intersección,Bueno,Buena,Diurna,Buen Tiempo,Lateral,S/D,Colisión,Ninguna,Faltante,Ninguna,Sin restricción,POINT (-60.7083417 -32.95927025),"['27 de Febrero', 'Cullen']",2,Bulevar 27 de Febrero; Cullen,-32.95927025,-60.7083417,55.0,538.0,Municipio Rosario,Municipio,Rosario,820210,Servicio de Catastro e Información Territorial,IGN
2016,8069,2016-11-11,Viernes,0.0,19:00:00,,0.0,2,"Peatón,Moto/Ciclomotor",Amenabar 3900,2,1,0,0,1,0,0,,Calle,,ROSARIO,Rosario,Asfalto,Natural,II,Fuera,Urbana,Ninguna,No existe,Recta,Bueno,Buena,Atardecer,Buen Tiempo,S/D,Peatón,Atropello,Ninguna,Faltante,Ninguna,Sin restricción,"-32.9653159, -60.6827954",['Amenabar 3900'],1,Amenabar 3900,-32.9653159,-60.6827954,55.0,538.0,Municipio Rosario,Municipio,Rosario,820210,Servicio de Catastro e Información Territorial,IGN
2016,8070,2016-11-17,Jueves,0.0,21:30:00,,0.0,2,"Automóvil,Moto/Ciclomotor",Rivarola Y Anderson,4,2,0,0,2,0,0,,Calle,,ROSARIO,Rosario,Asfalto,Pavimento,II,Dentro,Urbana,Ninguna,No existe,Recta,Bueno,Reducida,Nocturna,Buen Tiempo,S/D,S/D,Colisión,S/D,S/D,Ninguna,Sin restricción,POINT (-60.72145329999999 -32.966099400000004),"['Rivarola', 'Anderson']",2,Avenida Doctor Rivarola; Anderson,-32.966099400000004,-60.72145329999999,55.0,538.0,Municipio Rosario,Municipio,Rosario,820210,Servicio de Catastro e Información Territorial,IGN