anio_acci,nro_acci,fecha,desc_dia,fecha_aprox,hora_aprox,desc_ruta,km,cant_participantes,desc_participante,calle_avenida_km,total,heridos_leves,heridos_graves,heridos_gravisimos,ilesos,fallecidos,sin_datos,posicion_XY,desc_tipo_via,desc_ruta_ori,desc_loc,desc_dpto,desc_tipo_calzada,desc_tipo_banquina,desc_unidad_regional,desc_lugar_calzada,desc_zona,desc_prioridad,desc_estado_semaforo,desc_lugar_via,desc_estado_via,desc_estado_visibilidad,desc_luminosidad,desc_estado_clima,desc_tipo_colision,desc_tipo_atropello,desc_tipo_hecho,desc_pres_calzada,desc_senializacion,desc_separacion_via,desc_restriccion,forma_geocod,calle_lista,numero_calles,calles_osm,lat,lon,index_right,gid,fna,gna,nam,in1,fdc,sag
2016,8073,2016-11-08,Martes,0.0,18:30:00,,0.0,2,"Moto/Ciclomotor,Otros",Roullon Y Pje. Curupayti,2,1,0,0,0,0,1,,Calle,,ROSARIO,Rosario,Asfalto,No existe,II,Dentro,Urbana,Ninguna,No existe,Intersección,Bueno,Buena,Atardecer,Buen Tiempo,Lateral,S/D,Colisión,Ninguna,Faltante,Ninguna,Sin restricción,POINT (-60.701125700000006 -32.96891055),"['Alfredo Rouillón', 'Curupayti']",2,Alfredo Rouillón; Curupayti,-32.96891055,-60.701125700000006,55.0,538.0,Municipio Rosario,Municipio,Rosario,820210,Servicio de Catastro e Información Territorial,IGN
2016,8075,2016-11-05,Sabado,0.0,10:00:00,,0.0,2,"Moto/Ciclomotor,Automóvil",AV GODOY Y FUNES,2,1,0,0,1,0,0,,Calle,,ROSARIO,Rosario,Asfalto,No existe,II,Dentro,Urbana,Ninguna,No existe,Intersección,Bueno,Buena,Amanecer,Otro,Lateral,S/D,Colisión,Ninguna,Faltante,Ninguna,Sin restricción,POINT (-60.710553 -32.9674633),"['Avenida Presidente Perón', 'Funes']",2,"('Avenida Presidente Perón', 'Deán Gregorio Funes')",-32.9674633,-60.710553,55.0,538.0,Municipio Rosario,Municipio,Rosario,820210,Servicio de Catastro e Información Territorial,IGN
2016,8076,2016-11-14,Lunes,0.0,12:05:00,,0.0,2,"Automóvil,Moto/Ciclomotor",Av. Provincias Unidas Y Ocampo,2,1,0,0,1,0,0,,Calle,,ROSARIO,Rosario,Asfalto,Pavimento,II,Dentro,Urbana,Ninguna,No existe,Intersección,Bueno,Buena,Diurna,Buen Tiempo,S/D,S/D,Colisión,S/D,S/D,Cordón divisorio,Sin restricción,POINT (-60.7118703 -32.95801295),"['Avenida Provincias Unidas', 'Ocampo']",2,Avenida Provincias Unidas; Ocampo,-32.95801295,-60.7118703,55.0,538.0,Municipio Rosario,Municipio,Rosario,820210,Servicio de Catastro e Información Territorial,IGN
2016,8078,2016-11-08,Martes,0.0,19:00:00,,0.0,2,"Moto/Ciclomotor,Automóvil",Av. Circunvalacion Y Av. Pte.Peron,2,1,0,0,1,0,0,,Calle,,ROSARIO,Rosario,Asfalto,Pavimento,II,Dentro,Urbana,S/D,No existe,Recta,Bueno,Buena,Diurna,Buen Tiempo,S/D,S/D,Colisión,S/D,S/D,Guardarrail,Obra en Construcción,POINT (-60.71697254694366 -32.9707081028425),"['Circunvalacion', 'Avenida Presidente Perón']",2,Avenida de Circunvalación 25 de Mayo; Avenida Presidente Perón,-32.9707081028425,-60.71697254694366,55.0,538.0,Municipio Rosario,Municipio,Rosario,820210,Servicio de Catastro e Información Territorial,IGN
2016,8082,2016-11-03,Jueves,0.0,20:00:00,,0.0,2,"Moto/Ciclomotor,Automóvil",Roullon Y Dr.Maradona,2,1,0,0,1,0,0,,Calle,,ROSARIO,Rosario,Asfalto,No existe,II,Dentro,Urbana,Ninguna,No existe,Intersección,Bueno,Buena,Nocturna,Buen Tiempo,Lateral,S/D,Colisión,Ninguna,Faltante,Ninguna,Sin restricción,POINT (-60.700734100000005 -32.9796357),"['Alfredo Rouillón', 'Doctor Maradona']",2,Alfredo Rouillón; Doctor Maradona,-32.9796357,-60.700734100000005,55.0,538.0,Municipio Rosario,Municipio,Rosario,820210,Servicio de Catastro e Información Territorial,IGN
2016,8084,2016-11-04,Viernes,0.0,21:00:00,,0.0,2,"Moto/Ciclomotor,Automóvil",Av. Ovidio Lagos 7400,3,1,0,0,2,0,0,,Calle,,ROSARIO,Rosario,Asfalto,Pavimento,II,Dentro,Urbana,Ninguna,No existe,Recta,Bueno,Buena,Nocturna,Buen Tiempo,Lateral,S/D,Colisión,S/D,Faltante,Cordón divisorio,Sin restricción,"-32.9700442, -60.668095",['Ovidio Lagos 7400'],1,Ovidio Lagos 7400,-32.9700442,-60.668095,55.0,538.0,Municipio Rosario,Municipio,Rosario,820210,Servicio de Catastro e Información Territorial,IGN
2016,8085,2016-11-08,Martes,0.0,8:00:00,,0.0,2,"Moto/Ciclomotor,Automóvil",Bahia Blanca Bis Y Pje. A.Nervo,2,1,0,0,1,0,0,,Calle,,ROSARIO,Rosario,Asfalto,No existe,II,Dentro,Urbana,S/D,No existe,Intersección,Bueno,Buena,Diurna,Buen Tiempo,Lateral,S/D,Colisión,S/D,S/D,S/D,S/D,POINT (-60.68874540000001 -32.9244742),"['Bahía Blanca', 'Nervo']",2,Bahía Blanca; Pasaje Amado Nervo,-32.9244742,-60.68874540000001,55.0,538.0,Municipio Rosario,Municipio,Rosario,820210,Servicio de Catastro e Información Territorial,IGN
2016,8086,2016-11-01,Martes,0.0,17:00:00,,0.0,2,"Bicicleta,Moto/Ciclomotor",Barra Y Godoy Cruz,2,2,0,0,0,0,0,,Calle,,ROSARIO,Rosario,Asfalto,No existe,II,Dentro,Urbana,Ninguna,No existe,Intersección,Bueno,Buena,Atardecer,Buen Tiempo,S/D,Ciclista,Atropello,Ninguna,Faltante,Ninguna,Sin restricción,POINT (-60.70581060000001 -32.96512589999999),"['Barra', 'Avenida Presidente Perón']",2,Barraco; Avenida Presidente Perón,-32.96512589999999,-60.70581060000001,55.0,538.0,Municipio Rosario,Municipio,Rosario,820210,Servicio de Catastro e Información Territorial,IGN
2016,8087,2016-11-05,Sabado,0.0,23:10:00,,0.0,2,"Automóvil,Moto/Ciclomotor",Av. Ovidio Lagos Y Av. Battle y Ordoñez,2,1,0,0,1,0,0,,Calle,,ROSARIO,Rosario,Asfalto,Pavimento,II,Dentro,Urbana,Semáforo,Funciona,Intersección,Bueno,Buena,Nocturna,Buen Tiempo,Lateral,S/D,Colisión,S/D,Vertical,Cordón divisorio,Sin restricción,POINT (-60.677360275 -33.009728399999986),"['Avenida Ovidio Lagos', 'Avenida Battle y Ordoñez']",2,Avenida Ovidio Lagos; Avenida Battle y Ordoñez,-33.009728399999986,-60.677360275,55.0,538.0,Municipio Rosario,Municipio,Rosario,820210,Servicio de Catastro e Información Territorial,IGN
2016,8089,2016-11-08,Martes,0.0,11:00:00,,0.0,2,"Moto/Ciclomotor,Automóvil",Av. Ntra.Sra.del Rosario Y Av. Ovidio Lagos,3,2,0,0,1,0,0,,Calle,,ROSARIO,Rosario,Asfalto,S/D,II,Dentro,Urbana,Semáforo,Funciona,Intersección,Bueno,S/D,Diurna,Buen Tiempo,De alcance,S/D,Colisión,S/D,Vertical,Cordón divisorio,Sin restricción,POINT (-60.675538599999996 -33.000907549999994),"['Nuestra Señora del Rosario', 'Avenida Ovidio Lagos']",2,Puente Nuestra Señora del Rosario; Avenida Ovidio Lagos,-33.000907549999994,-60.6755386,55.0,538.0,Municipio Rosario,Municipio,Rosario,820210,Servicio de Catastro e Información Territorial,IGN
2016,8090,2016-11-09,Miercoles,0.0,8:45:00,,0.0,2,"Automóvil,Automóvil",Bv. Avellaneda Y G.Carrasco,2,1,0,0,1,0,0,,Avenida,,ROSARIO,Rosario,Asfalto,S/D,II,Dentro,Urbana,S/D,S/D,Intersección,Bueno,Buena,Diurna,Buen Tiempo,Lateral,S/D,Colisión,S/D,S/D,Cordón divisorio,S/D,POINT (-60.67431145 -32.919895499999996),"['Avellaneda', 'Carrasco']",2,Bulevar Nicolás Avellaneda; Omar Carrasco,-32.9198955,-60.67431145,55.0,538.0,Municipio Rosario,Municipio,Rosario,820210,Servicio de Catastro e Información Territorial,IGN
2016,8092,2016-11-23,Miercoles,0.0,19:15:00,,0.0,2,"Moto/Ciclomotor,Automóvil",Av. Provincias Unidas Y Pje. Bianchi,2,1,0,0,1,0,0,,Calle,,ROSARIO,Rosario,Asfalto,S/D,II,Dentro,Urbana,S/D,S/D,Intersección,Bueno,S/D,Atardecer,S/D,Lateral,S/D,Colisión,S/D,S/D,S/D,S/D,POINT (-60.71246190000001 -32.9451163),"['Avenida Provincias Unidas', 'Bianchi']",2,Avenida Provincias Unidas; Bianchi,-32.9451163,-60.71246190000001,55.0,538.0,Municipio Rosario,Municipio,Rosario,820210,Servicio de Catastro e Información Territorial,IGN
2016,8093,2016-11-13,Domingo,0.0,2:00:00,,0.0,2,"Automóvil,Moto/Ciclomotor",Junin Y Echeverria Bis,2,1,0,0,1,0,0,,Calle,,ROSARIO,Rosario,Asfalto,S/D,II,Dentro,Urbana,S/D,S/D,Intersección,Bueno,Buena,Nocturna,Buen Tiempo,Lateral,S/D,Colisión,Ninguna,Faltante,S/D,S/D,POINT (-60.67208925 -32.926587399999995),"['Junín', 'Echeverría']",2,Junín; Echeverría,-32.926587399999995,-60.67208925,55.0,538.0,Municipio Rosario,Municipio,Rosario,820210,Servicio de Catastro e Información Territorial,IGN
2016,8094,2016-11-18,Viernes,0.0,20:50:00,,0.0,2,"Moto/Ciclomotor,Moto/Ciclomotor",AV ARIJON Y COLECTORA ,3,2,0,0,1,0,0,,Calle,,ROSARIO,Rosario,Asfalto,Pavimento,II,Dentro,Urbana,Ninguna,No existe,Intersección,Bueno,Buena,Nocturna,Buen Tiempo,Frontal,S/D,Colisión,S/D,Horizontal,Ninguna,Sin restricción,POINT (-60.68248944999999 -33.00406125),"['Avenida Manuel Arijón', 'Colectora']",2,"('Avenida Manuel Arijón', 'Colectora Juan Pablo II')",-33.00406125,-60.68248944999999,55.0,538.0,Municipio Rosario,Municipio,Rosario,820210,Servicio de Catastro e Información Territorial,IGN
2016,8095,2016-11-11,Viernes,0.0,19:25:00,,0.0,2,"Pickup/Utilitario,Moto/Ciclomotor",Darragueira Y Av. Irigoyen,2,1,0,0,1,0,0,,Calle,,ROSARIO,Rosario,Hormigón,No existe,II,Dentro,Urbana,S/D,No existe,Intersección,Bueno,S/D,Diurna,Buen Tiempo,Lateral,S/D,Colisión,S/D,Faltante,Ninguna,S/D,POINT (-60.6970208 -32.88451679999999),"['José Darragueira', 'Avenida Hipólito Irigoyen']",2,José Darragueira; Avenida Hipólito Irigoyen,-32.88451679999999,-60.6970208,55.0,538.0,Municipio Rosario,Municipio,Rosario,820210,Servicio de Catastro e Información Territorial,IGN
2016,8096,2016-11-13,Domingo,0.0,2:00:00,,0.0,2,"Automóvil,Moto/Ciclomotor",Albert Sabin Y Bv. Avellaneda,3,2,0,0,1,0,0,,Avenida,,ROSARIO,Rosario,Asfalto,S/D,II,Dentro,Urbana,Ninguna,S/D,Intersección,Bueno,Buena,Nocturna,Buen Tiempo,Lateral,S/D,Colisión,Ninguna,S/D,Cordón divisorio,S/D,POINT (-60.67658666 -32.9288765),"['Avenida Travesía Albert Sabin', 'Avellaneda']",2,Avenida Travesía Albert Sabin; Bulevar Nicolás Avellaneda,-32.9288765,-60.67658666,55.0,538.0,Municipio Rosario,Municipio,Rosario,820210,Servicio de Catastro e Información Territorial,IGN
2016,8097,2016-11-17,Jueves,0.0,12:30:00,,0.0,2,"Moto/Ciclomotor,Automóvil",Guatemala Y Perez Bulnes,2,1,0,0,1,0,0,,Calle,,ROSARIO,Rosario,Asfalto,S/D,II,Dentro,Urbana,S/D,S/D,Intersección,Bueno,S/D,Diurna,S/D,Lateral,S/D,Colisión,S/D,S/D,S/D,S/D,POINT (-60.717160899999996 -32.94259699999999),"['Guatemala', 'Pérez Bulnes']",2,Guatemala; Pérez Bulnes,-32.94259699999999,-60.7171609,55.0,538.0,Municipio Rosario,Municipio,Rosario,820210,Servicio de Catastro e Información Territorial,IGN
2016,8098,2016-11-18,Viernes,0.0,18:15:00,,0.0,2,"Automóvil,Bicicleta",Pje. Polonia Y Bahia Blanca Bis,2,1,0,0,1,0,0,,Calle,,ROSARIO,Rosario,Asfalto,S/D,II,Dentro,Urbana,S/D,S/D,Intersección,Bueno,Buena,Diurna,Buen Tiempo,S/D,Ciclista,Atropello,Ninguna,Faltante,S/D,S/D,POINT (-60.6886522 -32.9263215),"['Polonia', 'Bahía Blanca']",2,Polonia; Bahía Blanca,-32.9263215,-60.6886522,55.0,538.0,Municipio Rosario,Municipio,Rosario,820210,Servicio de Catastro e Información Territorial,IGN
2016,8099,2016-11-18,Viernes,0.0,23:00:00,,0.0,2,"Automóvil,Moto/Ciclomotor",G.Carrasco 2700,3,2,0,0,1,0,0,,Avenida,,ROSARIO,Rosario,Asfalto,Pavimento,II,S/D,Urbana,S/D,S/D,Recta,Bueno,Buena,Nocturna,Buen Tiempo,S/D,S/D,Colisión,Ninguna,S/D,Ninguna,Sin restricción,"-32.9803358, -60.6727711",['G Carrasco 2700'],1,G Carrasco 2700,-32.9803358,-60.6727711,55.0,538.0,Municipio Rosario,Municipio,Rosario,820210,Servicio de Catastro e Información Territorial,IGN
2016,8100,2016-11-21,Lunes,0.0,23:10:00,,0.0,2,"Bicicleta,Automóvil",Av. Pellegrini Y Cullen,2,1,0,0,1,0,0,,Calle,,ROSARIO,Rosario,Asfalto,S/D,II,Dentro,Urbana,S/D,S/D,Intersección,Bueno,S/D,Nocturna,S/D,S/D,Ciclista,Atropello,S/D,S/D,S/D,S/D,POINT (-60.7087499 -32.9484991),"['Pellegrini', 'Cullen']",2,Avenida Carlos Pellegrini; Cullen,-32.9484991,-60.7087499,55.0,538.0,Municipio Rosario,Municipio,Rosario,820210,Servicio de Catastro e Información Territorial,IGN
2016,8101,2016-11-23,Miercoles,0.0,9:15:00,,0.0,2,"Automóvil,Bicicleta",Albert Sabin Y Av. Luis Carballo,2,1,0,0,1,0,0,,Avenida,,ROSARIO,Rosario,Asfalto,S/D,II,Dentro,Urbana,S/D,S/D,Intersección,Bueno,Buena,Diurna,Buen Tiempo,S/D,Ciclista,Atropello,Ninguna,S/D,S/D,S/D,POINT (-60.68568234000001 -32.92234279999999),"['Avenida Travesía Albert Sabin', 'Avenida Doctor Luis Cándido Carballo']",2,Avenida Travesía Albert Sabin; Avenida Doctor Luis Cándido Carballo,-32.92234279999999,-60.68568234000001,55.0,538.0,Municipio Rosario,Municipio,Rosario,820210,Servicio de Catastro e Información Territorial,IGN
2016,8102,2016-11-17,Jueves,0.0,8:50:00,,0.0,2,"Pickup/Utilitario,Pickup/Utilitario",P.Araoz Y Warnes,3,3,0,0,0,0,0,,Calle,,ROSARIO,Rosario,Asfalto,No existe,II,Dentro,Urbana,S/D,No existe,Intersección,Bueno,S/D,Diurna,Buen Tiempo,S/D,S/D,Colisión,S/D,S/D,Ninguna,S/D,POINT (-60.6955766 -32.889210299999995),"['Aráoz', 'Warnes']",2,Gregorio Aráoz de Lamadrid; Ignacio Warnes,-32.889210299999995,-60.6955766,55.0,538.0,Municipio Rosario,Municipio,Rosario,820210,Servicio de Catastro e Información Territorial,IGN
2016,8103,2016-11-20,Domingo,0.0,19:45:00,,0.0,2,"Pickup/Utilitario,Moto/Ciclomotor",Casilda Y ,2,0,1,0,1,0,0,,Calle,,ROSARIO,Rosario,Asfalto,Pavimento,II,Dentro,Urbana,S/D,No existe,Recta,Bueno,Buena,Atardecer,Buen Tiempo,De alcance,S/D,Colisión,S/D,S/D,S/D,S/D,"-32.929698, -60.7212133",['Casilda'],1,Casilda,-32.929698,-60.7212133,55.0,538.0,Municipio Rosario,Municipio,Rosario,820210,Servicio de Catastro e Información Territorial,IGN
2016,8104,2016-11-21,Lunes,0.0,10:35:00,,0.0,2,"Moto/Ciclomotor,Taxi/Remis",Av. Pellegrini ,3,2,0,0,1,0,0,,Calle,,ROSARIO,Rosario,Asfalto,S/D,II,Dentro,Urbana,S/D,S/D,Intersección,Bueno,S/D,Diurna,S/D,Lateral,S/D,Colisión,S/D,S/D,S/D,S/D,"-32.9484613, -60.7054148",['Pellegrini'],1,Pellegrini,-32.9484613,-60.7054148,55.0,538.0,Municipio Rosario,Municipio,Rosario,820210,Servicio de Catastro e Información Territorial,IGN
2016,8105,2016-11-15,Martes,0.0,17:15:00,,0.0,2,"Moto/Ciclomotor,Automóvil",Av. Ovidio Lagos 5200,2,1,0,0,1,0,0,,Avenida,,ROSARIO,Rosario,Asfalto,No existe,II,Dentro,Urbana,Ninguna,S/D,Recta,Bueno,Buena,Atardecer,Buen Tiempo,S/D,S/D,Colisión,Ninguna,S/D,Cordón divisorio,Sin restricción,"-32.9700442, -60.668095",['Ovidio Lagos 5200'],1,Ovidio Lagos 5200,-32.9700442,-60.668095,55.0,538.0,Municipio Rosario,Municipio,Rosario,820210,Servicio de Catastro e Información Territorial,IGN
2016,8106,2016-11-06,Domingo,0.0,15:10:00,,0.0,1,Moto/Ciclomotor,Bv. Avellaneda Y Velez Sarsfield,2,2,0,0,0,0,0,,Avenida,,ROSARIO,Rosario,Asfalto,S/D,II,Dentro,Urbana,S/D,No existe,Intersección,Bueno,Buena,Diurna,Buen Tiempo,S/D,S/D,Caída ocupante,S/D,Horizontal,S/D,S/D,POINT (-60.67554685 -32.92489504999999),"['Avellaneda', 'Vélez Sarsfield']",2,Bulevar Nicolás Avellaneda; Vélez Sarsfield,-32.92489504999999,-60.67554685,55.0,538.0,Municipio Rosario,Municipio,Rosario,820210,Servicio de Catastro e Información Territorial,IGN
2016,8108,2016-11-06,Domingo,0.0,13:35:00,,0.0,2,"Moto/Ciclomotor,Automóvil",Av. Eva Peron Y F.More,2,1,0,0,1,0,0,,Calle,,ROSARIO,Rosario,Asfalto,S/D,II,Dentro,Urbana,S/D,S/D,Intersección,Bueno,S/D,Diurna,S/D,Lateral,S/D,Colisión,S/D,S/D,S/D,S/D,POINT (-60.693572700000004 -32.93650279999999),"['Avenida Eva Perón', 'Felipe Moré']",2,Avenida Eva Perón; Felipe Moré,-32.93650279999999,-60.6935727,55.0,538.0,Municipio Rosario,Municipio,Rosario,820210,Servicio de Catastro e Información Territorial,IGN
2016,8109,2016-11-04,Viernes,0.0,0:00:00,,0.0,2,"Moto/Ciclomotor,Moto/Ciclomotor",Av. Provincias Unidas Y White,2,1,0,0,1,0,0,,Calle,,ROSARIO,Rosario,Asfalto,S/D,II,Dentro,Urbana,S/D,Funciona,Intersección,Bueno,S/D,Nocturna,S/D,Lateral,S/D,Colisión,S/D,S/D,S/D,S/D,POINT (-60.7125441 -32.94137124999999),"['Avenida Provincias Unidas', 'White']",2,Avenida Provincias Unidas; Ingeniero White,-32.94137124999999,-60.7125441,55.0,538.0,Municipio Rosario,Municipio,Rosario,820210,Servicio de Catastro e Información Territorial,IGN
2016,8112,2016-11-04,Viernes,0.0,17:30:00,,0.0,2,"Automóvil,Automóvil",Mendoza Y Cullen,2,1,0,0,1,0,0,,Calle,,ROSARIO,Rosario,Asfalto,S/D,II,Dentro,Urbana,S/D,Funciona,Intersección,Bueno,Buena,Diurna,S/D,Lateral,S/D,Colisión,S/D,S/D,S/D,S/D,POINT (-60.70910775 -32.940137499999985),"['Mendoza', 'Cullen']",2,Mendoza; Cullen,-32.940137499999985,-60.70910775,55.0,538.0,Municipio Rosario,Municipio,Rosario,820210,Servicio de Catastro e Información Territorial,IGN
2016,8113,2016-11-06,Domingo,0.0,23:10:00,,0.0,2,"Moto/Ciclomotor,Moto/Ciclomotor",Av. Pte.Peron Y Av. Provincias Unidas,3,2,0,0,1,0,0,,Calle,,ROSARIO,Rosario,Asfalto,Pavimento,II,Dentro,Urbana,S/D,Funciona,Recta,Bueno,Buena,Nocturna,Buen Tiempo,S/D,S/D,Colisión,S/D,S/D,Cordón divisorio,Sin restricción,POINT (-60.71146635 -32.9679676),"['Avenida Presidente Perón', 'Avenida Provincias Unidas']",2,Avenida Presidente Perón; Avenida Provincias Unidas,-32.9679676,-60.71146635,55.0,538.0,Municipio Rosario,Municipio,Rosario,820210,Servicio de Catastro e Información Territorial,IGN
2016,8114,2016-11-17,Jueves,0.0,18:00:00,,0.0,2,"Bicicleta,Moto/Ciclomotor",Irurtia Y Benitez,2,1,0,0,1,0,0,,Calle,,ROSARIO,Rosario,Asfalto,Pavimento,II,Dentro,Urbana,Ninguna,No existe,Recta,Bueno,Buena,Diurna,Buen Tiempo,S/D,Ciclista,Atropello,S/D,S/D,Ninguna,Sin restricción,POINT (-60.72018390000001 -32.96685459999999),"['Irurtia', 'Benitez']",2,Irurtia; Benitez,-32.96685459999999,-60.72018390000001,55.0,538.0,Municipio Rosario,Municipio,Rosario,820210,Servicio de Catastro e Información Territorial,IGN
2016,8115,2016-11-14,Lunes,0.0,11:50:00,,0.0,2,"Automóvil,Moto/Ciclomotor",Av. Circunvalacion Y Av. Uriburu,2,1,0,0,1,0,0,,Calle,,ROSARIO,Rosario,Asfalto,Pavimento,II,Dentro,Urbana,Policía de tránsito,No existe,Recta,Bueno,Buena,Diurna,Buen Tiempo,De alcance,S/D,Colisión,S/D,S/D,Guardarrail,Sin restricción,POINT (-60.70053645 -32.992253950000006),"['Circunvalacion', 'Uriburu']",2,"('Juan Pablo II', 'Avenida José Uriburu')",-32.992253950000006,-60.70053645,55.0,538.0,Municipio Rosario,Municipio,Rosario,820210,Servicio de Catastro e Información Territorial,IGN
2016,8117,2016-11-15,Martes,0.0,11:30:00,,0.0,2,"Automóvil,Moto/Ciclomotor",Av. Provincias Unidas Y Av. Pte.Peron,4,3,0,0,1,0,0,,Calle,,ROSARIO,Rosario,Asfalto,Pavimento,II,Dentro,Urbana,Semáforo,Funciona,Recta,Bueno,Buena,Diurna,Buen Tiempo,S/D,S/D,Colisión,S/D,S/D,Barrera de hormigón,Sin restricción,POINT (-60.711466349999995 -32.9679676),"['Avenida Provincias Unidas', 'Avenida Presidente Perón']",2,Avenida Provincias Unidas; Avenida Presidente Perón,-32.9679676,-60.71146635,55.0,538.0,Municipio Rosario,Municipio,Rosario,820210,Servicio de Catastro e Información Territorial,IGN
2016,8118,2016-11-14,Lunes,0.0,17:20:00,,0.0,2,"Moto/Ciclomotor,Automóvil",Av. Circunvalacion Y Bv. Segui,2,1,0,0,1,0,0,,Calle,,ROSARIO,Rosario,Asfalto,Pavimento,II,Dentro,Urbana,Ninguna,No existe,Recta,Bueno,Buena,Diurna,Buen Tiempo,De alcance,S/D,Colisión,S/D,S/D,Guardarrail,Sin restricción,POINT (-60.71584339999999 -32.9711824),"['Circunvalacion', 'Bulevar Juan Francisco Seguí']",2,"('Juan Pablo II', 'Bulevar Juan Francisco Seguí')",-32.9711824,-60.71584339999999,55.0,538.0,Municipio Rosario,Municipio,Rosario,820210,Servicio de Catastro e Información Territorial,IGN
2016,8120,2016-11-22,Martes,0.0,11:45:00,,0.0,2,"Moto/Ciclomotor,Automóvil",Rivarola ,2,1,0,0,1,0,0,,Calle,,ROSARIO,Rosario,Asfalto,Pavimento,II,Dentro,Urbana,Ninguna,No existe,Recta,Bueno,Buena,Diurna,Buen Tiempo,S/D,S/D,Colisión,S/D,S/D,Ninguna,S/D,"-32.9920624, -60.6278173",['Rivarola'],1,Rivarola,-32.9920624,-60.6278173,55.0,538.0,Municipio Rosario,Municipio,Rosario,820210,Servicio de Catastro e Información Territorial,IGN
2016,8123,2016-11-20,Domingo,0.0,18:50:00,,0.0,2,"Moto/Ciclomotor,Automóvil",Bv. 27 De Febrero ,2,1,0,0,1,0,0,,Calle,,ROSARIO,Rosario,Asfalto,No existe,II,Dentro,Urbana,Ninguna,Funciona,Recta,Bueno,Reducida,Atardecer,Buen Tiempo,S/D,S/D,Colisión,S/D,S/D,Ninguna,Sin restricción,"-32.9648201, -60.6586542",['27 de Febrero'],1,27 de Febrero,-32.9648201,-60.6586542,55.0,538.0,Municipio Rosario,Municipio,Rosario,820210,Servicio de Catastro e Información Territorial,IGN
2016,8124,2016-11-30,Miercoles,0.0,14:00:00,,0.0,2,"Taxi/Remis,Moto/Ciclomotor",Av. Provincias Unidas Y Rueda,3,2,0,0,1,0,0,,Calle,,ROSARIO,Rosario,Asfalto,No existe,II,Dentro,Urbana,Ninguna,Funciona,Recta,Bueno,Buena,Diurna,Buen Tiempo,S/D,S/D,Colisión,S/D,S/D,Barrera de hormigón,Sin restricción,POINT (-60.711669799999996 -32.9627928),"['Avenida Provincias Unidas', 'Rueda']",2,Avenida Provincias Unidas; Rueda,-32.9627928,-60.7116698,55.0,538.0,Municipio Rosario,Municipio,Rosario,820210,Servicio de Catastro e Información Territorial,IGN
2016,8126,2016-11-07,Lunes,0.0,9:00:00,,0.0,2,"Automóvil,Moto/Ciclomotor",Av. Circunvalacion Y Bv. 27 De Febrero,2,1,0,0,1,0,0,,Calle,,ROSARIO,Rosario,Hormigón,Pavimento,II,Dentro,Urbana,Ninguna,S/D,Recta,Bueno,Buena,Diurna,Buen Tiempo,S/D,S/D,Colisión,S/D,S/D,Guardarrail,Sin restricción,POINT (-60.7203755 -32.95957229999999),"['Circunvalacion', '27 de Febrero']",2,"('Juan Pablo II', 'Bulevar 27 de Febrero')",-32.95957229999999,-60.7203755,55.0,538.0,Municipio Rosario,Municipio,Rosario,820210,Servicio de Catastro e Información Territorial,IGN
2016,8127,2016-11-07,Lunes,0.0,20:20:00,,0.0,2,"Bicicleta,Moto/Ciclomotor",Calle 1711 ,4,1,0,0,3,0,0,,Calle,,ROSARIO,Rosario,Asfalto,S/D,II,Dentro,Urbana,Ninguna,S/D,Intersección,Bueno,S/D,Nocturna,Buen Tiempo,S/D,Ciclista,Atropello,S/D,S/D,Ninguna,Sin restricción,"-32.9626134, -60.727614",['Calle 1711'],1,Calle 1711,-32.9626134,-60.727614,55.0,538.0,Municipio Rosario,Municipio,Rosario,820210,Servicio de Catastro e Información Territorial,IGN
2016,8128,2016-11-24,Jueves,0.0,14:00:00,,0.0,2,"Moto/Ciclomotor,Automóvil",Dean Funes ,4,3,0,0,1,0,0,,Calle,,ROSARIO,Rosario,Asfalto,Pavimento,II,Dentro,Urbana,Ninguna,No existe,Recta,Bueno,Buena,Diurna,Buen Tiempo,S/D,S/D,Colisión,S/D,S/D,Ninguna,Sin restricción,"-32.9768893, -60.6386186",['Dean Funes'],1,Dean Funes,-32.9768893,-60.6386186,55.0,538.0,Municipio Rosario,Municipio,Rosario,820210,Servicio de Catastro e Información Territorial,IGN
2016,8129,2016-11-29,Martes,0.0,,,0.0,2,"Moto/Ciclomotor,Automóvil",Rivarola 7000,4,2,0,0,2,0,0,,Calle,,ROSARIO,Rosario,Asfalto,Pavimento,II,Dentro,Urbana,Ninguna,No existe,Recta,Bueno,Buena,Diurna,Buen Tiempo,S/D,S/D,Colisión,S/D,S/D,Barrera de hormigón,Sin restricción,"-32.965749, -60.7151708",['Rivarola 7000'],1,Rivarola 7000,-32.965749,-60.7151708,55.0,538.0,Municipio Rosario,Municipio,Rosario,820210,Servicio de Catastro e Información Territorial,IGN
2016,8130,2016-11-30,Miercoles,0.0,14:00:00,,0.0,3,"Automóvil,Automóvil,Camión Chasis",Av. Ovidio Lagos ,3,2,0,0,1,0,0,,Calle,,ROSARIO,Rosario,Asfalto,Pavimento,II,Dentro,Urbana,Ninguna,No existe,Intersección,Bueno,Buena,Diurna,Buen Tiempo,Múltiple,S/D,Colisión,S/D,Faltante,Ninguna,Sin restricción,"-32.9535331, -60.6642762",['Avenida Ovidio Lagos'],1,Avenida Ovidio Lagos,-32.9535331,-60.6642762,55.0,538.0,Municipio Rosario,Municipio,Rosario,820210,Servicio de Catastro e Información Territorial,IGN