anio_acci,nro_acci,fecha,desc_dia,fecha_aprox,hora_aprox,desc_ruta,km,cant_participantes,desc_participante,calle_avenida_km,total,heridos_leves,heridos_graves,heridos_gravisimos,ilesos,fallecidos,sin_datos,posicion_XY,desc_tipo_via,desc_ruta_ori,desc_loc,desc_dpto,desc_tipo_calzada,desc_tipo_banquina,desc_unidad_regional,desc_lugar_calzada,desc_zona,desc_prioridad,desc_estado_semaforo,desc_lugar_via,desc_estado_via,desc_estado_visibilidad,desc_luminosidad,desc_estado_clima,desc_tipo_colision,desc_tipo_atropello,desc_tipo_hecho,desc_pres_calzada,desc_senializacion,desc_separacion_via,desc_restriccion,forma_geocod,calle_lista,numero_calles,calles_osm,lat,lon,index_right,gid,fna,gna,nam,in1,fdc,sag
2016,8155,2016-11-17,Jueves,0.0,9:45:00,,0.0,2,"Taxi/Remis,Peatón",Italia Y Rioja,2,1,0,0,1,0,0,,Calle,,ROSARIO,Rosario,Asfalto,Pavimento,II,Dentro,Urbana,Ninguna,No existe,Intersección,Bueno,Buena,Diurna,Buen Tiempo,S/D,Peatón,Atropello,Ninguna,S/D,Cordón divisorio,Sin restricción,POINT (-60.6481592 -32.945870500000005),"['Italia', 'Rioja']",2,Italia; Rioja,-32.945870500000005,-60.6481592,55.0,538.0,Municipio Rosario,Municipio,Rosario,820210,Servicio de Catastro e Información Territorial,IGN
2016,8156,2016-11-23,Miercoles,0.0,20:10:00,,0.0,2,"Automóvil,Automóvil",Mariano Moreno Y 3 De Febrero,2,1,0,0,1,0,0,,Calle,,ROSARIO,Rosario,Asfalto,Pavimento,II,Dentro,Urbana,Ninguna,No existe,Intersección,Bueno,Buena,Nocturna,Buen Tiempo,Lateral,S/D,Colisión,Ninguna,S/D,Cordón divisorio,Sin restricción,POINT (-60.6522175 -32.95056480000001),"['Mariano Moreno', '3 de Febrero']",2,Mariano Moreno; 3 de Febrero,-32.95056480000001,-60.6522175,55.0,538.0,Municipio Rosario,Municipio,Rosario,820210,Servicio de Catastro e Información Territorial,IGN
2016,8167,2016-11-01,Martes,0.0,8:00:00,,0.0,2,"Moto/Ciclomotor,Automóvil",Ayacucho Y Viamonte,3,2,0,0,1,0,0,,Calle,,ROSARIO,Rosario,Asfalto,No existe,II,Dentro,Urbana,S/D,No existe,Intersección,Bueno,Buena,Diurna,Buen Tiempo,Lateral,S/D,Colisión,Ninguna,S/D,S/D,S/D,POINT (-60.6316573 -32.96733489999999),"['Ayacucho', 'Viamonte']",2,Ayacucho; Viamonte,-32.96733489999999,-60.6316573,55.0,538.0,Municipio Rosario,Municipio,Rosario,820210,Servicio de Catastro e Información Territorial,IGN
2016,8169,2016-11-02,Miercoles,0.0,8:55:00,,0.0,2,"Automóvil,Moto/Ciclomotor",Ayacucho Y Bv. 27 De Febrero,3,2,0,0,1,0,0,,Avenida,,ROSARIO,Rosario,Asfalto,No existe,II,Dentro,S/D,S/D,S/D,Intersección,Bueno,Buena,Diurna,Buen Tiempo,Lateral,S/D,Colisión,Ninguna,S/D,S/D,S/D,POINT (-60.6322277 -32.96960704999999),"['Ayacucho', '27 de Febrero']",2,Ayacucho; Bulevar 27 de Febrero,-32.96960704999999,-60.6322277,55.0,538.0,Municipio Rosario,Municipio,Rosario,820210,Servicio de Catastro e Información Territorial,IGN
2016,8170,2016-11-04,Viernes,0.0,23:00:00,,0.0,2,"Moto/Ciclomotor,Automóvil",Ituzaingo Y Buenos Aires,2,1,0,0,1,0,0,,Calle,,ROSARIO,Rosario,Asfalto,No existe,II,Dentro,Urbana,S/D,No existe,Intersección,Bueno,Buena,Nocturna,Buen Tiempo,Lateral,S/D,Colisión,Ninguna,S/D,S/D,Sin restricción,POINT (-60.636284800000006 -32.9616928),"['Ituzaingó', 'Buenos Aires']",2,Ituzaingó; Buenos Aires,-32.9616928,-60.636284800000006,55.0,538.0,Municipio Rosario,Municipio,Rosario,820210,Servicio de Catastro e Información Territorial,IGN
2016,8172,2016-11-04,Viernes,0.0,19:45:00,,0.0,2,"Automóvil,Bicicleta",Ocampo Y J.M.de Rosas,2,1,0,0,1,0,0,,Calle,,ROSARIO,Rosario,Asfalto,No existe,II,Dentro,Urbana,S/D,S/D,Intersección,Bueno,Buena,Atardecer,Buen Tiempo,S/D,Ciclista,Atropello,Ninguna,S/D,S/D,Sin restricción,POINT (-60.6363023 -32.9676855),"['Ocampo', 'De Rosas']",2,Ocampo; Juan Manuel de Rosas,-32.9676855,-60.6363023,55.0,538.0,Municipio Rosario,Municipio,Rosario,820210,Servicio de Catastro e Información Territorial,IGN
2016,8173,2016-11-14,Lunes,0.0,15:00:00,,0.0,2,"Pickup/Utilitario,Moto/Ciclomotor",Necochea 2100,2,1,0,0,1,0,0,,Calle,,ROSARIO,Rosario,Asfalto,No existe,II,Dentro,Urbana,S/D,No existe,Recta,Bueno,Buena,Diurna,Buen Tiempo,Lateral,S/D,Colisión,Ninguna,S/D,S/D,S/D,"-32.9642089, -60.6280432",['Necochea 2100'],1,Necochea 2100,-32.9642089,-60.6280432,55.0,538.0,Municipio Rosario,Municipio,Rosario,820210,Servicio de Catastro e Información Territorial,IGN
2016,8174,2016-11-18,Viernes,0.0,13:55:00,,0.0,2,"Automóvil,Automóvil",L.N.Alem Y Ituzaingo,2,1,0,0,1,0,0,,Calle,,ROSARIO,Rosario,Asfalto,No existe,II,Dentro,Urbana,S/D,No existe,Intersección,Bueno,Buena,Diurna,Buen Tiempo,Lateral,S/D,Colisión,Ninguna,S/D,S/D,Sin restricción,POINT (-60.6318472 -32.9624805),"['Alem', 'Ituzaingó']",2,Leandro N. Alem; Ituzaingó,-32.9624805,-60.6318472,55.0,538.0,Municipio Rosario,Municipio,Rosario,820210,Servicio de Catastro e Información Territorial,IGN
2016,8175,2016-11-20,Domingo,0.0,6:15:00,,0.0,2,"Taxi/Remis,Automóvil",Pasco Y Ayacucho,3,2,0,0,1,0,0,,Calle,,ROSARIO,Rosario,S/D,S/D,II,Dentro,Urbana,S/D,S/D,Intersección,S/D,Buena,Amanecer,Buen Tiempo,Lateral,S/D,Colisión,Ninguna,S/D,S/D,S/D,POINT (-60.630227500000004 -32.961596799999995),"['Pasco', 'Ayacucho']",2,Pasco; Ayacucho,-32.961596799999995,-60.6302275,55.0,538.0,Municipio Rosario,Municipio,Rosario,820210,Servicio de Catastro e Información Territorial,IGN
2016,8176,2016-11-22,Martes,0.0,11:10:00,,0.0,2,"Pickup/Utilitario,Automóvil",Ituzaingo Y Laprida,4,3,0,0,1,0,0,,Calle,,ROSARIO,Rosario,Asfalto,No existe,II,Dentro,Urbana,S/D,No existe,Intersección,Bueno,Buena,Diurna,Buen Tiempo,Lateral,S/D,Colisión,S/D,S/D,S/D,S/D,POINT (-60.6378573 -32.961426),"['Ituzaingó', 'Laprida']",2,Ituzaingó; Francisco Narciso Laprida,-32.961426,-60.6378573,55.0,538.0,Municipio Rosario,Municipio,Rosario,820210,Servicio de Catastro e Información Territorial,IGN
2016,8177,2016-11-23,Miercoles,0.0,16:00:00,,0.0,2,"Pickup/Utilitario,Bicicleta",Riobamba Y Ayacucho,2,1,0,0,1,0,0,,Calle,,ROSARIO,Rosario,Asfalto,No existe,II,Dentro,Urbana,S/D,No existe,Intersección,Bueno,Buena,Diurna,Buen Tiempo,S/D,Ciclista,Atropello,Ninguna,S/D,S/D,Sin restricción,POINT (-60.6310742 -32.9650233),"['Riobamba', 'Ayacucho']",2,Riobamba; Ayacucho,-32.9650233,-60.6310742,55.0,538.0,Municipio Rosario,Municipio,Rosario,820210,Servicio de Catastro e Información Territorial,IGN
2016,8178,2016-11-23,Miercoles,0.0,0:50:00,,0.0,2,"Moto/Ciclomotor,Transporte de Pasajeros Larga Distancia (> 8 asientos)",Laprida Y Viamonte,2,1,0,0,1,0,0,,Calle,,ROSARIO,Rosario,Asfalto,S/D,II,Dentro,Urbana,S/D,No existe,Intersección,Bueno,Buena,Nocturna,Buen Tiempo,Lateral,S/D,Colisión,Ninguna,S/D,S/D,S/D,POINT (-60.6390034 -32.96604490000001),"['Laprida', 'Viamonte']",2,Francisco Narciso Laprida; Viamonte,-32.96604490000001,-60.6390034,55.0,538.0,Municipio Rosario,Municipio,Rosario,820210,Servicio de Catastro e Información Territorial,IGN
2016,8180,2016-11-04,Viernes,0.0,8:40:00,,0.0,2,"Moto/Ciclomotor,Automóvil",Cerrito Y Pte.Roca,2,1,0,0,1,0,0,,Calle,,ROSARIO,Rosario,Asfalto,No existe,II,Dentro,Urbana,S/D,No existe,Intersección,Bueno,Buena,Diurna,Buen Tiempo,Lateral,S/D,Colisión,S/D,Faltante,S/D,S/D,POINT (-60.64898230000001 -32.96062199999999),"['Cerrito', 'Roca']",2,Cerrito; Presidente Roca,-32.96062199999999,-60.64898230000001,55.0,538.0,Municipio Rosario,Municipio,Rosario,820210,Servicio de Catastro e Información Territorial,IGN
2016,8183,2016-11-04,Viernes,0.0,8:15:00,,0.0,2,"Automóvil,Automóvil",Cerrito Y Av. Corrientes,2,1,0,0,1,0,0,,Calle,,ROSARIO,Rosario,Asfalto,S/D,II,Dentro,Urbana,S/D,S/D,Intersección,Bueno,Buena,Diurna,Buen Tiempo,Lateral,S/D,Colisión,S/D,S/D,S/D,S/D,POINT (-60.6462178 -32.96111909999998),"['Cerrito', 'Corrientes']",2,Cerrito; Corrientes,-32.96111909999998,-60.6462178,55.0,538.0,Municipio Rosario,Municipio,Rosario,820210,Servicio de Catastro e Información Territorial,IGN
2016,8184,2016-11-07,Lunes,0.0,19:00:00,,0.0,1,Moto/Ciclomotor,Bv. Oroño Y Rueda,2,1,0,0,1,0,0,,Avenida,,ROSARIO,Rosario,Asfalto,No existe,II,Dentro,Urbana,Semáforo,Funciona,Recta,Bueno,Buena,"Atardecer,Con luz artificial",Buen Tiempo,Contra objeto fijo,S/D,Colisión,Ninguna,Vertical,Cordón divisorio,Sin restricción,POINT (-60.65951415 -32.96836919999999),"['Bulevar Nicasio Oroño', 'Rueda']",2,Bulevar Nicasio Oroño; Rueda,-32.96836919999999,-60.65951415,55.0,538.0,Municipio Rosario,Municipio,Rosario,820210,Servicio de Catastro e Información Territorial,IGN
2016,8189,2016-11-08,Martes,0.0,13:45:00,,0.0,2,"Vehículo Oficial,Automóvil",Ituzaingo Y Pte.Roca,3,1,0,0,2,0,0,,Calle,,ROSARIO,Rosario,Asfalto,No existe,II,Dentro,Urbana,S/D,No existe,Intersección,Bueno,Buena,Diurna,Buen Tiempo,Lateral,S/D,Colisión,S/D,S/D,S/D,S/D,POINT (-60.64869579999999 -32.95948909999999),"['Ituzaingó', 'Roca']",2,Ituzaingó; Presidente Roca,-32.95948909999999,-60.64869579999999,55.0,538.0,Municipio Rosario,Municipio,Rosario,820210,Servicio de Catastro e Información Territorial,IGN
2016,8190,2016-11-08,Martes,0.0,21:00:00,,0.0,3,"Moto/Ciclomotor,Automóvil,Automóvil",Av. Pellegrini Y Pte.Roca,3,1,0,0,2,0,0,,Avenida,,ROSARIO,Rosario,Asfalto,No existe,II,Dentro,Urbana,Semáforo,Funciona,Intersección,Bueno,Buena,"Nocturna,Con luz artificial",Buen Tiempo,Lateral,S/D,Colisión,S/D,Vertical,S/D,Sin restricción,POINT (-60.6478283 -32.95605889999999),"['Pellegrini', 'Roca']",2,Avenida Carlos Pellegrini; Presidente Roca,-32.95605889999999,-60.6478283,55.0,538.0,Municipio Rosario,Municipio,Rosario,820210,Servicio de Catastro e Información Territorial,IGN
2016,8191,2016-11-08,Martes,0.0,21:40:00,,0.0,2,"Moto/Ciclomotor,Automóvil",Av. Corrientes Y Galvez,2,1,0,0,1,0,0,,Calle,,ROSARIO,Rosario,Asfalto,No existe,II,Dentro,Urbana,Ninguna,No existe,Intersección,Bueno,Buena,"Nocturna,Con luz artificial",Buen Tiempo,Lateral,S/D,Colisión,Ninguna,Faltante,Ninguna,Sin restricción,POINT (-60.64797829999999 -32.968026599999995),"['Corrientes', 'Galvez']",2,Corrientes; José Gálvez,-32.968026599999995,-60.64797829999999,55.0,538.0,Municipio Rosario,Municipio,Rosario,820210,Servicio de Catastro e Información Territorial,IGN
2016,8192,2016-11-09,Miercoles,0.0,17:55:00,,0.0,2,"Moto/Ciclomotor,Automóvil",España Y La Paz,2,1,0,0,1,0,0,,Calle,,ROSARIO,Rosario,Asfalto,No existe,II,Dentro,Urbana,Señal Pare,No existe,Intersección,Bueno,Buena,Diurna,Buen Tiempo,Lateral,S/D,Colisión,S/D,Vertical,Ninguna,Sin restricción,POINT (-60.650946700000006 -32.962692399999995),"['España', 'La Paz']",2,España; La Paz,-32.962692399999995,-60.650946700000006,55.0,538.0,Municipio Rosario,Municipio,Rosario,820210,Servicio de Catastro e Información Territorial,IGN
2016,8194,2016-11-09,Miercoles,0.0,18:40:00,,0.0,2,"Moto/Ciclomotor,Automóvil",Virasoro Y España,2,1,0,0,1,0,0,,Calle,,ROSARIO,Rosario,Asfalto,No existe,II,Dentro,Urbana,S/D,S/D,Intersección,Bueno,Buena,"Atardecer,Con luz artificial",Buen Tiempo,Lateral,S/D,Colisión,S/D,S/D,S/D,Sin restricción,POINT (-60.6523926 -32.96844250000001),"['Virasoro', 'España']",2,Benjamín Virasoro; España,-32.96844250000001,-60.6523926,55.0,538.0,Municipio Rosario,Municipio,Rosario,820210,Servicio de Catastro e Información Territorial,IGN
2016,8197,2016-11-09,Miercoles,0.0,21:00:00,,0.0,2,"Moto/Ciclomotor,Automóvil",Dorrego Y Amenabar,2,1,0,0,1,0,0,,Calle,,ROSARIO,Rosario,Asfalto,S/D,II,Dentro,Urbana,Ninguna,No existe,Intersección,Bueno,Buena,"Nocturna,Con luz artificial",Buen Tiempo,Lateral,S/D,Colisión,S/D,Faltante,Ninguna,Sin restricción,POINT (-60.6557125 -32.9702288),"['Dorrego', 'Amenabar']",2,Manuel Dorrego; José de Amenábar,-32.9702288,-60.6557125,55.0,538.0,Municipio Rosario,Municipio,Rosario,820210,Servicio de Catastro e Información Territorial,IGN
2016,8199,2016-11-11,Viernes,0.0,10:30:00,,0.0,2,"Moto/Ciclomotor,Automóvil",Mariano Moreno Y Cerrito,2,1,0,0,1,0,0,,Calle,,ROSARIO,Rosario,Asfalto,No existe,II,Dentro,Urbana,Ninguna,No existe,Recta,Bueno,Buena,Diurna,Buen Tiempo,De alcance,S/D,Colisión,S/D,Faltante,Ninguna,Sin restricción,POINT (-60.6544697 -32.95964020000001),"['Mariano Moreno', 'Cerrito']",2,Mariano Moreno; Cerrito,-32.95964020000001,-60.6544697,55.0,538.0,Municipio Rosario,Municipio,Rosario,820210,Servicio de Catastro e Información Territorial,IGN
2016,8200,2016-11-16,Miercoles,0.0,11:30:00,,0.0,2,"Automóvil,Automóvil",Bv. Oroño Y Rueda,4,2,0,0,2,0,0,,Calle,,ROSARIO,Rosario,Asfalto,S/D,II,Dentro,Urbana,Semáforo,Funciona,Recta,Bueno,Buena,Diurna,Buen Tiempo,De alcance,S/D,Colisión,S/D,Vertical,Cordón divisorio,Sin restricción,POINT (-60.65951415 -32.96836919999999),"['Bulevar Nicasio Oroño', 'Rueda']",2,Bulevar Nicasio Oroño; Rueda,-32.96836919999999,-60.65951415,55.0,538.0,Municipio Rosario,Municipio,Rosario,820210,Servicio de Catastro e Información Territorial,IGN
2016,8201,2016-11-18,Viernes,0.0,16:20:00,,0.0,2,"Moto/Ciclomotor,Automóvil",Av. Corrientes Y Cerrito,3,2,0,0,1,0,0,,Calle,,ROSARIO,Rosario,Asfalto,No existe,II,Dentro,Urbana,Ninguna,S/D,Intersección,Bueno,Buena,Diurna,Buen Tiempo,Lateral,S/D,Colisión,Ninguna,S/D,Ninguna,Sin restricción,POINT (-60.6462178 -32.96111909999998),"['Corrientes', 'Cerrito']",2,Corrientes; Cerrito,-32.96111909999998,-60.6462178,55.0,538.0,Municipio Rosario,Municipio,Rosario,820210,Servicio de Catastro e Información Territorial,IGN
2016,8202,2016-11-19,Sabado,0.0,12:00:00,,0.0,3,"Automóvil,Automóvil,Automóvil",Bv. 27 De Febrero Y Dorrego,7,2,0,0,5,0,0,,Calle,,ROSARIO,Rosario,Asfalto,No existe,II,Dentro,Urbana,Semáforo,Funciona,Recta,Bueno,Buena,Diurna,Buen Tiempo,"De alcance,Múltiple",S/D,Colisión,Ninguna,Vertical,Cordón divisorio,Sin restricción,POINT (-60.654544 -32.965619399999994),"['27 de Febrero', 'Dorrego']",2,Bulevar 27 de Febrero; Manuel Dorrego,-32.965619399999994,-60.654544,55.0,538.0,Municipio Rosario,Municipio,Rosario,820210,Servicio de Catastro e Información Territorial,IGN
2016,8203,2016-11-18,Viernes,0.0,16:15:00,,0.0,2,"Bicicleta,Automóvil",Ituzaingo Y Dorrego,2,1,0,0,1,0,0,,Calle,,ROSARIO,Rosario,Asfalto,No existe,II,Dentro,Urbana,Ninguna,S/D,Intersección,Bueno,Buena,Diurna,Buen Tiempo,Lateral,Ciclista,Atropello,S/D,S/D,Ninguna,S/D,POINT (-60.65280490000001 -32.958759499999985),"['Ituzaingó', 'Dorrego']",2,Ituzaingó; Manuel Dorrego,-32.958759499999985,-60.65280490000001,55.0,538.0,Municipio Rosario,Municipio,Rosario,820210,Servicio de Catastro e Información Territorial,IGN
2016,8205,2016-11-24,Jueves,0.0,5:45:00,,0.0,1,,San Martin Y Bv. 27 De Febrero,3,2,0,0,1,0,0,,Calle,,ROSARIO,Rosario,Asfalto,No existe,II,Dentro,Urbana,Semáforo,Intermitente,Intersección,Bueno,Buena,Con luz artificial,Buen Tiempo,Lateral,S/D,Colisión,S/D,Vertical,Cordón divisorio,Sin restricción,POINT (-60.642020650000006 -32.96785644999999),"['San Martin', '27 de Febrero']",2,José de San Martín; Bulevar 27 de Febrero,-32.96785644999999,-60.642020650000006,55.0,538.0,Municipio Rosario,Municipio,Rosario,820210,Servicio de Catastro e Información Territorial,IGN
2016,8206,2016-11-24,Jueves,0.0,5:45:00,,0.0,2,"Automóvil,Taxi/Remis",San Martin Y Bv. 27 De Febrero,3,2,0,0,1,0,0,,Calle,,ROSARIO,Rosario,Asfalto,No existe,II,Dentro,Urbana,Semáforo,Intermitente,Intersección,Bueno,Buena,Con luz artificial,Buen Tiempo,Lateral,S/D,Colisión,S/D,Vertical,Cordón divisorio,Sin restricción,POINT (-60.642020650000006 -32.96785644999999),"['San Martin', '27 de Febrero']",2,José de San Martín; Bulevar 27 de Febrero,-32.96785644999999,-60.642020650000006,55.0,538.0,Municipio Rosario,Municipio,Rosario,820210,Servicio de Catastro e Información Territorial,IGN
2016,8207,2016-11-24,Jueves,0.0,20:50:00,,0.0,2,"Automóvil,Automóvil",Mariano Moreno Y Amenabar,2,2,0,0,0,0,0,,Calle,,ROSARIO,Rosario,Asfalto,S/D,II,Dentro,Urbana,Ninguna,No existe,Intersección,Bueno,Buena,"Nocturna,Con luz artificial",Buen Tiempo,Lateral,S/D,Colisión,S/D,Faltante,Ninguna,Sin restricción,POINT (-60.65707309999999 -32.9699781),"['Mariano Moreno', 'Amenabar']",2,Mariano Moreno; José de Amenábar,-32.9699781,-60.65707309999999,55.0,538.0,Municipio Rosario,Municipio,Rosario,820210,Servicio de Catastro e Información Territorial,IGN
2016,8214,2016-11-28,Lunes,0.0,9:15:00,,0.0,2,"Automóvil,Camión",Virasoro Y Laprida,2,1,0,0,1,0,0,,Calle,,ROSARIO,Rosario,Asfalto,No existe,II,Dentro,Urbana,S/D,No existe,Intersección,Bueno,Buena,Diurna,Buen Tiempo,Lateral,S/D,Colisión,Ninguna,Faltante,Ninguna,S/D,POINT (-60.640124400000005 -32.970621799999996),"['Virasoro', 'Laprida']",2,Benjamín Virasoro; Francisco Narciso Laprida,-32.9706218,-60.640124400000005,55.0,538.0,Municipio Rosario,Municipio,Rosario,820210,Servicio de Catastro e Información Territorial,IGN
2016,8217,2016-11-25,Viernes,0.0,23:40:00,,0.0,2,"Moto/Ciclomotor,Pickup/Utilitario",Biedma Y Grandoli,2,1,0,0,1,0,0,,Calle,,ROSARIO,Rosario,Asfalto,No existe,II,Dentro,Urbana,Ninguna,No existe,Intersección,Bueno,Buena,Nocturna,Buen Tiempo,Lateral,S/D,Colisión,Ninguna,Faltante,Cordón divisorio,Sin restricción,POINT (-60.62816415 -32.984736049999995),"['Coronel Biedma', 'Avenida Abanderado Grandoli']",2,Coronel Biedma; Avenida Abanderado Grandoli,-32.984736049999995,-60.62816415,55.0,538.0,Municipio Rosario,Municipio,Rosario,820210,Servicio de Catastro e Información Territorial,IGN
2016,8218,2016-11-25,Viernes,0.0,12:50:00,,0.0,2,"Moto/Ciclomotor,Automóvil",Chacabuco Y Garay,2,1,0,0,1,0,0,,Calle,,ROSARIO,Rosario,Asfalto,No existe,II,Dentro,Urbana,Ninguna,No existe,Intersección,Bueno,Buena,Diurna,Buen Tiempo,Lateral,S/D,Colisión,Ninguna,Faltante,Ninguna,Sin restricción,POINT (-60.6298498 -32.977251),"['Chacabuco', 'Garay']",2,Chacabuco; Juan de Garay,-32.977251,-60.6298498,55.0,538.0,Municipio Rosario,Municipio,Rosario,820210,Servicio de Catastro e Información Territorial,IGN
2016,8219,2016-11-23,Miercoles,0.0,15:47:00,,0.0,2,"Moto/Ciclomotor,Automóvil",L.N.Alem Y Rueda,2,1,0,0,1,0,0,,Calle,,ROSARIO,Rosario,Asfalto,No existe,II,Dentro,Urbana,S/D,No existe,Intersección,Bueno,Buena,Diurna,Buen Tiempo,Lateral,S/D,Colisión,S/D,S/D,Ninguna,Sin restricción,POINT (-60.63449020000001 -32.9728384),"['Alem', 'Rueda']",2,Leandro N. Alem; Rueda,-32.9728384,-60.63449020000001,55.0,538.0,Municipio Rosario,Municipio,Rosario,820210,Servicio de Catastro e Información Territorial,IGN
2016,8221,2016-11-22,Martes,0.0,16:20:00,,0.0,2,"Bicicleta,Automóvil",Ayolas Y Maipu,2,1,0,0,1,0,0,,Calle,,ROSARIO,Rosario,Asfalto,No existe,II,Dentro,Urbana,Ninguna,No existe,Intersección,Bueno,Buena,Diurna,Buen Tiempo,S/D,Ciclista,Atropello,S/D,Faltante,Ninguna,Sin restricción,POINT (-60.64305350000001 -32.977283299999996),"['Ayolas', 'Maipú']",2,Ayolas; Maipú,-32.9772833,-60.64305350000001,55.0,538.0,Municipio Rosario,Municipio,Rosario,820210,Servicio de Catastro e Información Territorial,IGN
2016,8223,2016-11-18,Viernes,0.0,20:30:00,,0.0,2,"Moto/Ciclomotor,Automóvil",J.M.de Rosas Y Garibaldi,2,1,0,0,1,0,0,,Calle,,ROSARIO,Rosario,Asfalto,No existe,II,Dentro,Urbana,S/D,No existe,Recta,Bueno,Buena,"Nocturna,Con luz artificial",Buen Tiempo,Lateral,S/D,Colisión,Ninguna,S/D,S/D,Sin restricción,POINT (-60.641200100000006 -32.9871873),"['De Rosas', 'José Garibaldi']",2,Juan Manuel de Rosas; José Garibaldi,-32.9871873,-60.641200100000006,55.0,538.0,Municipio Rosario,Municipio,Rosario,820210,Servicio de Catastro e Información Territorial,IGN
2016,8225,2016-11-15,Martes,0.0,17:00:00,,0.0,2,"Moto/Ciclomotor,Automóvil",Pte.Quintana Y Pje. Tafi,2,1,0,0,1,0,0,,Calle,,ROSARIO,Rosario,Asfalto,No existe,II,Dentro,Urbana,Ninguna,No existe,Intersección,Bueno,Buena,Diurna,Buen Tiempo,Lateral,S/D,Colisión,Ninguna,Faltante,Ninguna,Sin restricción,POINT (-60.62674280000001 -32.98555160000001),"['Quintana', 'Tafí']",2,Presidente Quintana; Tafí,-32.98555160000001,-60.62674280000001,55.0,538.0,Municipio Rosario,Municipio,Rosario,820210,Servicio de Catastro e Información Territorial,IGN
2016,8227,2016-11-03,Jueves,0.0,10:30:00,,0.0,2,"Automóvil,Automóvil",Grandoli Y Bv. Segui,2,1,0,0,1,0,0,,Avenida,,ROSARIO,Rosario,Asfalto,No existe,II,Dentro,Urbana,Ninguna,No existe,Intersección,Bueno,Buena,Diurna,Buen Tiempo,Lateral,S/D,Colisión,Ninguna,S/D,Cordón divisorio,Sin restricción,POINT (-60.62803015 -32.98236034999999),"['Avenida Abanderado Grandoli', 'Bulevar Juan Francisco Seguí']",2,Avenida Abanderado Grandoli; Bulevar Juan Francisco Seguí,-32.98236034999999,-60.62803015,55.0,538.0,Municipio Rosario,Municipio,Rosario,820210,Servicio de Catastro e Información Territorial,IGN
2016,8229,2016-11-29,Martes,0.0,18:30:00,,0.0,2,"Transporte de Pasajeros Urbano (> 8 asientos),Automóvil",Italia Y Saavedra,3,1,0,0,2,0,0,,Calle,,ROSARIO,Rosario,Asfalto,No existe,II,Dentro,Urbana,Señal Pare,No existe,Intersección,Bueno,Buena,Atardecer,Buen Tiempo,Lateral,S/D,Colisión,Ninguna,Faltante,Ninguna,Sin restricción,POINT (-60.655801999999994 -32.976212600000004),"['Italia', 'Saavedra']",2,Italia; Saavedra,-32.976212600000004,-60.655802,55.0,538.0,Municipio Rosario,Municipio,Rosario,820210,Servicio de Catastro e Información Territorial,IGN
2016,8230,2016-11-12,Sabado,0.0,20:30:00,,0.0,2,"Moto/Ciclomotor,Transporte de Pasajeros Urbano (> 8 asientos)",Bv. Segui Y Buenos Aires,2,1,0,0,1,0,0,,Avenida,,ROSARIO,Rosario,Asfalto,S/D,II,Dentro,Urbana,S/D,No existe,Intersección,Bueno,Buena,"Nocturna,Con luz artificial",Buen Tiempo,Lateral,S/D,Colisión,Ninguna,Faltante,S/D,S/D,POINT (-60.640923400000005 -32.98006374999999),"['Bulevar Juan Francisco Seguí', 'Buenos Aires']",2,Bulevar Juan Francisco Seguí; Buenos Aires,-32.98006374999999,-60.640923400000005,55.0,538.0,Municipio Rosario,Municipio,Rosario,820210,Servicio de Catastro e Información Territorial,IGN
2016,8231,2016-11-28,Lunes,0.0,7:00:00,,0.0,2,"Moto/Ciclomotor,Automóvil",Pte.Roca Y Biedma,3,2,0,0,1,0,0,,Calle,,ROSARIO,Rosario,Asfalto,No existe,II,Dentro,Urbana,Ninguna,No existe,Intersección,Con baches,Buena,Diurna,Buen Tiempo,De alcance,S/D,Colisión,Ninguna,Faltante,Ninguna,Sin restricción,POINT (-60.6539217 -32.9801492),"['Roca', 'Coronel Biedma']",2,Presidente Roca; Coronel Biedma,-32.9801492,-60.6539217,55.0,538.0,Municipio Rosario,Municipio,Rosario,820210,Servicio de Catastro e Información Territorial,IGN
2016,8233,2016-11-26,Sabado,0.0,20:40:00,,0.0,2,"Moto/Ciclomotor,Automóvil",San Martin Y Reg.11 de Infanteria,3,2,0,0,1,0,0,,Calle,,ROSARIO,Rosario,Asfalto,S/D,II,Dentro,Urbana,Ninguna,S/D,Intersección,Bueno,S/D,Nocturna,Buen Tiempo,S/D,S/D,Colisión,Ninguna,S/D,Ninguna,Sin restricción,POINT (-60.64845245 -32.99880900000001),"['San Martin', 'Regimiento 11']",2,José de San Martín; Regimiento 11,-32.99880900000001,-60.64845245,55.0,538.0,Municipio Rosario,Municipio,Rosario,820210,Servicio de Catastro e Información Territorial,IGN
2016,8234,2016-11-11,Viernes,0.0,17:30:00,,0.0,2,"Bicicleta,Automóvil",1 de Mayo Y Pje. De Amicis,2,1,0,0,1,0,0,,Calle,,ROSARIO,Rosario,Asfalto,No existe,II,Dentro,Urbana,Ninguna,No existe,Intersección,Bueno,Buena,Diurna,Buen Tiempo,S/D,Ciclista,Atropello,Ninguna,Faltante,Ninguna,S/D,POINT (-60.638600999999994 -32.983543299999994),"['Primero de Mayo', 'De Amicis']",2,Primero de Mayo; De Amicis,-32.983543299999994,-60.638601,55.0,538.0,Municipio Rosario,Municipio,Rosario,820210,Servicio de Catastro e Información Territorial,IGN