anio_acci,nro_acci,fecha,desc_dia,fecha_aprox,hora_aprox,desc_ruta,km,cant_participantes,desc_participante,calle_avenida_km,total,heridos_leves,heridos_graves,heridos_gravisimos,ilesos,fallecidos,sin_datos,posicion_XY,desc_tipo_via,desc_ruta_ori,desc_loc,desc_dpto,desc_tipo_calzada,desc_tipo_banquina,desc_unidad_regional,desc_lugar_calzada,desc_zona,desc_prioridad,desc_estado_semaforo,desc_lugar_via,desc_estado_via,desc_estado_visibilidad,desc_luminosidad,desc_estado_clima,desc_tipo_colision,desc_tipo_atropello,desc_tipo_hecho,desc_pres_calzada,desc_senializacion,desc_separacion_via,desc_restriccion,forma_geocod,calle_lista,numero_calles,calles_osm,lat,lon,index_right,gid,fna,gna,nam,in1,fdc,sag
2016,8236,2016-11-02,Miercoles,0.0,21:40:00,,0.0,2,"Moto/Ciclomotor,Pickup/Utilitario",Grandoli Y 24 De Setiembre,2,1,0,0,1,0,0,,Calle,,ROSARIO,Rosario,Asfalto,No existe,II,Dentro,Urbana,S/D,No existe,Intersección,Bueno,Buena,"Nocturna,Con luz artificial",Buen Tiempo,Lateral,S/D,Colisión,Ninguna,Faltante,Cordón divisorio,Sin restricción,POINT (-60.62809635000001 -32.98357419999999),"['Avenida Abanderado Grandoli', '24 de Septiembre']",2,Avenida Abanderado Grandoli; 24 de Septiembre,-32.98357419999999,-60.62809635000001,55.0,538.0,Municipio Rosario,Municipio,Rosario,820210,Servicio de Catastro e Información Territorial,IGN
2016,8237,2016-11-26,Sabado,0.0,19:00:00,,0.0,2,"Moto/Ciclomotor,Automóvil",Bv. Oroño Y 24 De Setiembre,2,1,0,0,1,0,0,,Calle,,ROSARIO,Rosario,Asfalto,No existe,II,Dentro,Urbana,Ninguna,No existe,Intersección,Bueno,Buena,Atardecer,Buen Tiempo,De alcance,S/D,Colisión,Ninguna,Faltante,Ninguna,Sin restricción,POINT (-60.6618182 -32.9775439),"['Bulevar Nicasio Oroño', '24 de Septiembre']",2,Bulevar Nicasio Oroño; 24 de Septiembre,-32.9775439,-60.6618182,55.0,538.0,Municipio Rosario,Municipio,Rosario,820210,Servicio de Catastro e Información Territorial,IGN
2016,8240,2016-11-24,Jueves,0.0,18:10:00,,0.0,2,"Automóvil,Moto/Ciclomotor",Gaboto Y Entre Rios,2,1,0,0,1,0,0,,Calle,,ROSARIO,Rosario,Asfalto,No existe,II,Dentro,Urbana,Ninguna,No existe,Intersección,S/D,Buena,Diurna,Buen Tiempo,Lateral,S/D,Colisión,Ninguna,Faltante,Ninguna,Sin restricción,POINT (-60.6477294 -32.9728456),"['Gaboto', 'Entre Ríos']",2,Gaboto; Entre Ríos,-32.9728456,-60.6477294,55.0,538.0,Municipio Rosario,Municipio,Rosario,820210,Servicio de Catastro e Información Territorial,IGN
2016,8242,2016-11-24,Jueves,0.0,0:45:00,,0.0,2,"Moto/Ciclomotor,Pickup/Utilitario",Bv. Segui Y Pueyrredon,4,1,1,0,2,0,0,,Calle,,ROSARIO,Rosario,Asfalto,No existe,II,Dentro,Urbana,Ninguna,No existe,Intersección,Bueno,Buena,Nocturna,Buen Tiempo,Lateral,S/D,Colisión,Ninguna,Faltante,Ninguna,Sin restricción,POINT (-60.66559335 -32.97564369999999),"['Bulevar Juan Francisco Seguí', 'Pueyrredón']",2,Bulevar Juan Francisco Seguí; Pueyrredón,-32.97564369999999,-60.66559335,55.0,538.0,Municipio Rosario,Municipio,Rosario,820210,Servicio de Catastro e Información Territorial,IGN
2016,8249,2016-11-21,Lunes,0.0,13:10:00,,0.0,2,"Automóvil,Moto/Ciclomotor",Pte.Quintana Y Mitre,2,1,0,0,1,0,0,,Calle,,ROSARIO,Rosario,Asfalto,No existe,II,Dentro,Urbana,S/D,No existe,Intersección,Bueno,Buena,Diurna,Buen Tiempo,Lateral,S/D,Colisión,Ninguna,Faltante,S/D,Sin restricción,POINT (-60.648628699999996 -32.9822769),"['Quintana', 'Mitre']",2,"('Presidente Quintana', 'Bartolomé Mitre')",-32.9822769,-60.6486287,55.0,538.0,Municipio Rosario,Municipio,Rosario,820210,Servicio de Catastro e Información Territorial,IGN
2016,8250,2016-11-21,Lunes,0.0,10:00:00,,0.0,2,"Moto/Ciclomotor,Peatón",San Martin Y Av. Ntra.Sra.del Rosario A,2,1,0,0,1,0,0,,Calle,,ROSARIO,Rosario,Asfalto,No existe,II,Dentro,Urbana,Ninguna,Funciona,Intersección,Bueno,Buena,Diurna,Buen Tiempo,S/D,Peatón,Atropello,Ninguna,Horizontal,Ninguna,S/D,POINT (-60.64865950000001 -32.999877549999994),"['San Martin', 'Nuestra Señora del Rosario']",2,José de San Martín; Puente Nuestra Señora del Rosario,-32.999877549999994,-60.64865950000001,55.0,538.0,Municipio Rosario,Municipio,Rosario,820210,Servicio de Catastro e Información Territorial,IGN
2016,8256,2016-11-19,Sabado,0.0,17:10:00,,0.0,2,"Automóvil,Moto/Ciclomotor",Bv. Segui Y Mitre,2,1,0,0,1,0,0,,Avenida,,ROSARIO,Rosario,Asfalto,No existe,II,Dentro,Urbana,Ninguna,No existe,Intersección,Bueno,Buena,Diurna,Buen Tiempo,Lateral,S/D,Colisión,Ninguna,Faltante,Ninguna,Sin restricción,POINT (-60.6477426 -32.97883275),"['Bulevar Juan Francisco Seguí', 'Mitre']",2,Bulevar Juan Francisco Seguí; Bartolomé Mitre,-32.97883275,-60.6477426,55.0,538.0,Municipio Rosario,Municipio,Rosario,820210,Servicio de Catastro e Información Territorial,IGN
2016,8258,2016-11-18,Viernes,0.0,14:30:00,,0.0,2,"Moto/Ciclomotor,Camión Chasis",Av. Uriburu Y España,2,1,0,0,1,0,0,,Avenida,,ROSARIO,Rosario,Asfalto,No existe,II,Dentro,Urbana,Semáforo,Funciona,Intersección,Bueno,Buena,Diurna,Buen Tiempo,Lateral,S/D,Colisión,Ninguna,Faltante,Ninguna,S/D,POINT (-60.65809949999999 -32.9910482),"['Uriburu', 'España']",2,Avenida José Uriburu; España,-32.9910482,-60.65809949999999,55.0,538.0,Municipio Rosario,Municipio,Rosario,820210,Servicio de Catastro e Información Territorial,IGN
2016,8259,2016-11-18,Viernes,0.0,14:30:00,,0.0,2,"Moto/Ciclomotor,Automóvil",Saavedra Y España,3,2,0,0,1,0,0,,Calle,,ROSARIO,Rosario,Asfalto,No existe,II,Dentro,Urbana,S/D,No existe,Intersección,Deteriorada,Buena,Diurna,Buen Tiempo,Lateral,S/D,Colisión,S/D,S/D,S/D,S/D,POINT (-60.65441920000001 -32.9764598),"['Saavedra', 'España']",2,Saavedra; España,-32.9764598,-60.65441920000001,55.0,538.0,Municipio Rosario,Municipio,Rosario,820210,Servicio de Catastro e Información Territorial,IGN
2016,8261,2016-11-18,Viernes,0.0,9:00:00,,0.0,2,"Moto/Ciclomotor,Automóvil",Av. Jorge Cura Y Pueyrredon,2,1,0,0,1,0,0,,Avenida,,ROSARIO,Rosario,Asfalto,No existe,II,Dentro,Urbana,S/D,No existe,Intersección,Bueno,Buena,Diurna,Buen Tiempo,Lateral,S/D,Colisión,S/D,Faltante,S/D,S/D,POINT (-60.664293900000004 -32.970485800000006),"['Avenida Jorge Cura', 'Pueyrredón']",2,Avenida Jorge Cura; Pueyrredón,-32.970485800000006,-60.6642939,55.0,538.0,Municipio Rosario,Municipio,Rosario,820210,Servicio de Catastro e Información Territorial,IGN
2016,8263,2016-11-17,Jueves,0.0,11:00:00,,0.0,2,"Automóvil,Automóvil",Pueyrredon Y Dr.Rivas,2,1,0,0,1,0,0,,Calle,,ROSARIO,Rosario,Asfalto,No existe,II,Dentro,Urbana,S/D,No existe,Intersección,Bueno,Buena,Diurna,Buen Tiempo,Lateral,S/D,Colisión,Ninguna,Faltante,S/D,S/D,POINT (-60.6667508 -32.9802387),"['Pueyrredón', 'Doctor Francisco Riva']",2,Pueyrredón; Doctor Francisco Riva,-32.9802387,-60.6667508,55.0,538.0,Municipio Rosario,Municipio,Rosario,820210,Servicio de Catastro e Información Territorial,IGN
2016,8265,2016-11-16,Miercoles,0.0,7:00:00,,0.0,2,"Moto/Ciclomotor,Automóvil",Italia Y Biedma,3,2,0,0,1,0,0,,Calle,,ROSARIO,Rosario,Asfalto,No existe,II,Dentro,Urbana,S/D,No existe,Intersección,Bueno,Buena,Diurna,Buen Tiempo,Lateral,S/D,Colisión,Ninguna,Faltante,S/D,S/D,POINT (-60.656682 -32.9796508),"['Italia', 'Coronel Biedma']",2,Italia; Coronel Biedma,-32.9796508,-60.656682,55.0,538.0,Municipio Rosario,Municipio,Rosario,820210,Servicio de Catastro e Información Territorial,IGN
2016,8267,2016-11-14,Lunes,0.0,20:00:00,,0.0,2,"Moto/Ciclomotor,Automóvil",Mendoza Y Furlong,2,1,0,0,1,0,0,,Calle,,ROSARIO,Rosario,Asfalto,Pavimento,II,Dentro,Urbana,Ninguna,No existe,S/D,Bueno,Buena,Nocturna,Buen Tiempo,Lateral,S/D,Colisión,S/D,S/D,S/D,Sin restricción,POINT (-60.735218950000004 -32.940202049999996),"['Mendoza', 'Furlong']",2,Mendoza; Furlong,-32.94020205,-60.73521895,55.0,538.0,Municipio Rosario,Municipio,Rosario,820210,Servicio de Catastro e Información Territorial,IGN
2016,8269,2016-11-13,Domingo,0.0,0:35:00,,0.0,2,"Moto/Ciclomotor,Automóvil",Estado de Israel Y España,2,1,0,0,1,0,0,,Calle,,ROSARIO,Rosario,Asfalto,No existe,II,Dentro,Urbana,Ninguna,No existe,Intersección,Bueno,Buena,Nocturna,Buen Tiempo,Lateral,S/D,Colisión,Ninguna,Faltante,Ninguna,Sin restricción,POINT (-60.65804979999999 -32.9921228),"['Estado de Israel', 'España']",2,Estado de Israel; España,-32.9921228,-60.65804979999999,55.0,538.0,Municipio Rosario,Municipio,Rosario,820210,Servicio de Catastro e Información Territorial,IGN
2016,8271,2016-11-16,Miercoles,0.0,20:30:00,,0.0,2,"Moto/Ciclomotor,Automóvil",Mendoza Y Av. Circunvalacion,2,1,0,0,1,0,0,,Calle,,ROSARIO,Rosario,Asfalto,Pavimento,II,Dentro,Urbana,S/D,Funciona,Recta,Bueno,Buena,Nocturna,S/D,S/D,S/D,Colisión,S/D,S/D,S/D,Sin restricción,POINT (-60.72253500134355 -32.94050844672854),"['Mendoza', 'Circunvalacion']",2,Mendoza; Avenida de Circunvalación 25 de Mayo,-32.94050844672854,-60.72253500134355,55.0,538.0,Municipio Rosario,Municipio,Rosario,820210,Servicio de Catastro e Información Territorial,IGN
2016,8272,2016-11-10,Jueves,0.0,13:00:00,,0.0,2,"Moto/Ciclomotor,Automóvil",Pte.Roca Y Biedma,3,2,0,0,1,0,0,,Calle,,ROSARIO,Rosario,Asfalto,S/D,II,Dentro,Urbana,S/D,No existe,Intersección,Bueno,Buena,Diurna,Buen Tiempo,Lateral,S/D,Colisión,Ninguna,S/D,S/D,S/D,POINT (-60.6539217 -32.9801492),"['Roca', 'Coronel Biedma']",2,Presidente Roca; Coronel Biedma,-32.9801492,-60.6539217,55.0,538.0,Municipio Rosario,Municipio,Rosario,820210,Servicio de Catastro e Información Territorial,IGN
2016,8274,2016-11-09,Miercoles,0.0,19:50:00,,0.0,2,"Automóvil,Automóvil",Bv. Segui Y Paraguay,2,1,0,0,1,0,0,,Avenida,,ROSARIO,Rosario,Asfalto,No existe,II,Dentro,Urbana,S/D,No existe,Intersección,Bueno,Buena,Atardecer,Buen Tiempo,Lateral,S/D,Colisión,Ninguna,Faltante,S/D,S/D,POINT (-60.6519554 -32.9780774),"['Bulevar Juan Francisco Seguí', 'Paraguay']",2,Bulevar Juan Francisco Seguí; Paraguay,-32.9780774,-60.6519554,55.0,538.0,Municipio Rosario,Municipio,Rosario,820210,Servicio de Catastro e Información Territorial,IGN
2016,8275,2016-11-07,Lunes,0.0,7:55:00,,0.0,2,"Moto/Ciclomotor,Automóvil",J.B.Justo Y Donado Bis,3,2,0,0,1,0,0,,Calle,,ROSARIO,Rosario,Asfalto,S/D,II,Dentro,Urbana,S/D,S/D,Intersección,S/D,S/D,Diurna,S/D,S/D,S/D,Colisión,S/D,S/D,S/D,S/D,POINT (-60.72724740000001 -32.933859999999996),"['Justo', 'Donado']",2,"('Justo José de Urquiza', 'José Agustín Donado')",-32.93386,-60.72724740000001,55.0,538.0,Municipio Rosario,Municipio,Rosario,820210,Servicio de Catastro e Información Territorial,IGN
2016,8277,2016-11-23,Miercoles,0.0,12:25:00,,0.0,2,"Moto/Ciclomotor,Automóvil",J.B.Justo Y Sarratea Bis,2,1,0,0,1,0,0,,Calle,,ROSARIO,Rosario,Asfalto,S/D,II,Dentro,Urbana,S/D,S/D,Intersección,S/D,Buena,Diurna,S/D,S/D,S/D,Colisión,S/D,S/D,S/D,S/D,POINT (-60.741556499999994 -32.9156891),"['Justo', 'Sarratea']",2,Justo José de Urquiza; Sarratea,-32.9156891,-60.7415565,55.0,538.0,Municipio Rosario,Municipio,Rosario,820210,Servicio de Catastro e Información Territorial,IGN
2016,8278,2016-11-25,Viernes,0.0,10:30:00,,0.0,2,"Moto/Ciclomotor,Automóvil",Av. Jorge Newbery Y Donado,3,1,0,0,2,0,0,,Calle,,ROSARIO,Rosario,S/D,S/D,II,Dentro,Urbana,S/D,S/D,Intersección,S/D,S/D,Diurna,S/D,S/D,S/D,Colisión,S/D,S/D,S/D,S/D,POINT (-60.728404966666666 -32.908371466666665),"['Jorge Newbery', 'Donado']",2,Avenida Jorge Newbery; José Agustín Donado,-32.908371466666665,-60.728404966666666,55.0,538.0,Municipio Rosario,Municipio,Rosario,820210,Servicio de Catastro e Información Territorial,IGN
2016,8279,2016-11-07,Lunes,0.0,20:20:00,,0.0,2,"Automóvil,Bicicleta",San Martin Y 24 De Setiembre,2,1,0,0,1,0,0,,Avenida,,ROSARIO,Rosario,Asfalto,No existe,II,Dentro,Urbana,Ninguna,No existe,Intersección,Bueno,Buena,Atardecer,Buen Tiempo,S/D,Ciclista,Atropello,Ninguna,Faltante,Ninguna,Sin restricción,POINT (-60.64455705 -32.98058454999999),"['San Martin', '24 de Septiembre']",2,José de San Martín; 24 de Septiembre,-32.98058454999999,-60.64455705,55.0,538.0,Municipio Rosario,Municipio,Rosario,820210,Servicio de Catastro e Información Territorial,IGN
2016,8280,2016-11-25,Viernes,0.0,9:30:00,,0.0,2,"Moto/Ciclomotor,Automóvil",Av. Circunvalacion 977,2,2,0,0,0,0,0,,Calle,,ROSARIO,Rosario,S/D,S/D,II,Dentro,Urbana,S/D,S/D,Recta,S/D,S/D,Diurna,S/D,S/D,S/D,Colisión,S/D,S/D,S/D,S/D,"-32.9341145, -60.7229919",['Circunvalacion 977'],1,Circunvalacion 977,-32.9341145,-60.7229919,55.0,538.0,Municipio Rosario,Municipio,Rosario,820210,Servicio de Catastro e Información Territorial,IGN
2016,8281,2016-11-13,Domingo,0.0,14:45:00,,0.0,2,"Moto/Ciclomotor,Automóvil",Buenos Aires 4400,2,1,0,0,1,0,0,,Calle,,ROSARIO,Rosario,Asfalto,No existe,II,Dentro,Urbana,Ninguna,No existe,Recta,Bueno,Buena,Diurna,S/D,De alcance,S/D,Colisión,S/D,S/D,Ninguna,Sin restricción,"-32.9890692, -60.6432884",['Buenos Aires 4400'],1,Buenos Aires 4400,-32.9890692,-60.6432884,55.0,538.0,Municipio Rosario,Municipio,Rosario,820210,Servicio de Catastro e Información Territorial,IGN
2016,8282,2016-11-06,Domingo,0.0,11:50:00,,0.0,2,"Moto/Ciclomotor,Automóvil",Bv. Oroño Y Garibaldi,2,1,0,0,1,0,0,,Calle,,ROSARIO,Rosario,Asfalto,No existe,II,Dentro,Urbana,Semáforo,Funciona,Intersección,Bueno,Buena,Diurna,Buen Tiempo,Lateral,S/D,Colisión,Ninguna,Horizontal,Ninguna,Sin restricción,POINT (-60.6632508 -32.983266949999994),"['Bulevar Nicasio Oroño', 'José Garibaldi']",2,Bulevar Nicasio Oroño; José Garibaldi,-32.983266949999994,-60.6632508,55.0,538.0,Municipio Rosario,Municipio,Rosario,820210,Servicio de Catastro e Información Territorial,IGN
2016,8283,2016-11-22,Martes,0.0,8:20:00,,0.0,2,"Bicicleta,Automóvil",Laprida Y Hilarion de la Quintana,2,1,0,0,1,0,0,,Calle,,ROSARIO,Rosario,Asfalto,No existe,II,Dentro,Urbana,Ninguna,S/D,Intersección,Bueno,S/D,Diurna,S/D,S/D,S/D,Atropello,S/D,S/D,Ninguna,Sin restricción,POINT (-60.647043399999994 -33.0008884),"['Laprida', 'Hilarión de la Quintana']",2,Francisco Narciso Laprida; Hilarión de la Quintana,-33.0008884,-60.6470434,55.0,538.0,Municipio Rosario,Municipio,Rosario,820210,Servicio de Catastro e Información Territorial,IGN
2016,8284,2016-11-25,Viernes,0.0,9:35:00,,0.0,2,"Taxi/Remis,Moto/Ciclomotor",Av. Eva Peron Y Alvarez Condarco,3,2,0,0,1,0,0,,Calle,,ROSARIO,Rosario,Asfalto,Pavimento,II,Dentro,Urbana,Semáforo,Funciona,Recta,Bueno,Buena,Diurna,Buen Tiempo,De alcance,S/D,Colisión,S/D,Faltante,Ninguna,Sin restricción,POINT (-60.7568578 -32.925951999999995),"['Avenida Eva Perón', 'Álvarez Condarco']",2,Avenida Eva Perón; Álvarez Condarco,-32.925951999999995,-60.7568578,55.0,538.0,Municipio Rosario,Municipio,Rosario,820210,Servicio de Catastro e Información Territorial,IGN
2016,8285,2016-11-30,Miercoles,0.0,15:00:00,,0.0,2,"Moto/Ciclomotor,Automóvil",Donado Y J.B.Justo,2,1,0,0,1,0,0,,Calle,,ROSARIO,Rosario,Asfalto,Pavimento,II,Dentro,Urbana,Ninguna,No existe,Recta,Bueno,Buena,Diurna,Buen Tiempo,De alcance,S/D,Colisión,S/D,Horizontal,Ninguna,Sin restricción,POINT (-60.72724740000001 -32.933859999999996),"['Donado', 'Justo']",2,"('José Agustín Donado', 'Justo José de Urquiza')",-32.93386,-60.72724740000001,55.0,538.0,Municipio Rosario,Municipio,Rosario,820210,Servicio de Catastro e Información Territorial,IGN
2016,8287,2016-11-30,Miercoles,0.0,19:00:00,,0.0,2,"Automóvil,Moto/Ciclomotor",Bv. Argentino Y Tarragona,2,1,0,0,1,0,0,,Calle,,ROSARIO,Rosario,Asfalto,Pavimento,II,Dentro,Urbana,S/D,No existe,Recta,Bueno,Buena,Diurna,S/D,Lateral,S/D,Colisión,S/D,Horizontal,Ninguna,Sin restricción,POINT (-60.7346713 -32.9243627),"['Argentino', 'Tarragona']",2,Avenida Central Argentino; Tarragona,-32.9243627,-60.7346713,55.0,538.0,Municipio Rosario,Municipio,Rosario,820210,Servicio de Catastro e Información Territorial,IGN
2016,8289,2016-11-05,Sabado,0.0,13:55:00,,0.0,2,"Taxi/Remis,Moto/Ciclomotor",Bv. Oroño Y Uruguay,2,1,0,0,1,0,0,,Avenida,,ROSARIO,Rosario,Asfalto,No existe,II,Dentro,Urbana,Semáforo,Funciona,Intersección,Bueno,Buena,Diurna,Buen Tiempo,Lateral,S/D,Colisión,Ninguna,"Horizontal,Vertical",S/D,S/D,POINT (-60.66093935000001 -32.97406425),"['Bulevar Nicasio Oroño', 'Uruguay']",2,Bulevar Nicasio Oroño; Uruguay,-32.97406425,-60.66093935000001,55.0,538.0,Municipio Rosario,Municipio,Rosario,820210,Servicio de Catastro e Información Territorial,IGN
2016,8292,2016-11-25,Viernes,0.0,11:00:00,,0.0,2,"Pickup/Utilitario,Moto/Ciclomotor",Bv. Argentino Y Donado,2,1,0,0,1,0,0,,Calle,,ROSARIO,Rosario,Asfalto,Pavimento,II,Dentro,Urbana,Ninguna,Funciona,Recta,Bueno,Buena,Diurna,Buen Tiempo,Lateral,S/D,Colisión,S/D,Horizontal,Ninguna,Sin restricción,POINT (-60.7275987 -32.9241759),"['Argentino', 'Donado']",2,Avenida Central Argentino; José Agustín Donado,-32.9241759,-60.7275987,55.0,538.0,Municipio Rosario,Municipio,Rosario,820210,Servicio de Catastro e Información Territorial,IGN
2016,8293,2016-11-28,Lunes,0.0,21:00:00,,0.0,2,"Moto/Ciclomotor,Moto/Ciclomotor",Junin Y Pje. San Geronimo,3,2,1,0,0,0,0,,Calle,,ROSARIO,Rosario,Asfalto,Pavimento,II,Dentro,Urbana,Ninguna,No existe,Intersección,Deteriorada,Buena,Nocturna,Buen Tiempo,Lateral,S/D,Colisión,S/D,S/D,Ninguna,Sin restricción,POINT (-60.69305 -32.9270438),"['Junín', 'San Geronimo']",2,Junín; Pasaje San Gerónimo,-32.9270438,-60.69305,55.0,538.0,Municipio Rosario,Municipio,Rosario,820210,Servicio de Catastro e Información Territorial,IGN
2016,8294,2016-11-18,Viernes,0.0,23:15:00,,0.0,2,"Moto/Ciclomotor,Automóvil",Velez Sarsfield Y Pje. San Geronimo,2,0,1,0,1,0,0,,Calle,,ROSARIO,Rosario,Asfalto,Pavimento,II,Dentro,Urbana,S/D,S/D,Intersección,Bueno,Reducida,Nocturna,S/D,Lateral,S/D,Colisión,S/D,S/D,Línea divisoria pintada,S/D,POINT (-60.6931197 -32.92532715),"['Vélez Sarsfield', 'San Geronimo']",2,Vélez Sarsfield; Pasaje San Gerónimo,-32.92532715,-60.6931197,55.0,538.0,Municipio Rosario,Municipio,Rosario,820210,Servicio de Catastro e Información Territorial,IGN
2016,8296,2016-11-04,Viernes,0.0,16:30:00,,0.0,2,"Automóvil,Moto/Ciclomotor",Sarmiento Y Garibaldi,2,1,0,0,1,0,0,,Calle,,ROSARIO,Rosario,Asfalto,No existe,II,Dentro,Urbana,Ninguna,No existe,Intersección,Bueno,Buena,Diurna,Buen Tiempo,Lateral,S/D,Colisión,Ninguna,Faltante,Ninguna,Sin restricción,POINT (-60.6481261 -32.9859707),"['Sarmiento', 'José Garibaldi']",2,Sarmiento; José Garibaldi,-32.9859707,-60.6481261,55.0,538.0,Municipio Rosario,Municipio,Rosario,820210,Servicio de Catastro e Información Territorial,IGN
2016,8297,2016-11-04,Viernes,0.0,16:25:00,,0.0,2,"Moto/Ciclomotor,Automóvil",Bv. Oroño Y Saavedra,2,1,0,0,1,0,0,,Avenida,,ROSARIO,Rosario,Asfalto,S/D,II,Dentro,Urbana,S/D,Funciona,Intersección,S/D,Buena,Diurna,Buen Tiempo,Lateral,S/D,Colisión,S/D,Vertical,S/D,S/D,POINT (-60.6612381 -32.975227399999994),"['Bulevar Nicasio Oroño', 'Saavedra']",2,Bulevar Nicasio Oroño; Saavedra,-32.975227399999994,-60.6612381,55.0,538.0,Municipio Rosario,Municipio,Rosario,820210,Servicio de Catastro e Información Territorial,IGN
2016,8298,2016-11-03,Jueves,0.0,17:20:00,,0.0,2,"Taxi/Remis,Moto/Ciclomotor",Av. Ovidio Lagos Y Pte.Quintana,2,1,0,0,1,0,0,,Calle,,ROSARIO,Rosario,Asfalto,No existe,II,Dentro,Urbana,Ninguna,No existe,Intersección,Bueno,Buena,Diurna,Buen Tiempo,Lateral,S/D,Colisión,Ninguna,Faltante,Ninguna,Sin restricción,POINT (-60.673529259999995 -32.99244282),"['Avenida Ovidio Lagos', 'Quintana']",2,Avenida Ovidio Lagos; Presidente Quintana,-32.99244282,-60.67352926,55.0,538.0,Municipio Rosario,Municipio,Rosario,820210,Servicio de Catastro e Información Territorial,IGN
2016,8299,2016-11-03,Jueves,0.0,14:15:00,,0.0,3,"Automóvil,Moto/Ciclomotor,Moto/Ciclomotor",Bv. Segui Y Mariano Moreno,3,2,0,0,1,0,0,,Calle,,ROSARIO,Rosario,Asfalto,No existe,II,Dentro,Urbana,Ninguna,No existe,Intersección,Bueno,Buena,Diurna,Buen Tiempo,Lateral,S/D,Colisión,Ninguna,Faltante,Ninguna,Sin restricción,POINT (-60.658756600000004 -32.97685955),"['Bulevar Juan Francisco Seguí', 'Mariano Moreno']",2,Bulevar Juan Francisco Seguí; Mariano Moreno,-32.97685955,-60.6587566,55.0,538.0,Municipio Rosario,Municipio,Rosario,820210,Servicio de Catastro e Información Territorial,IGN
2016,8300,2016-11-03,Jueves,0.0,10:15:00,,0.0,2,"Automóvil,Moto/Ciclomotor",Mitre Y Bv. Segui,2,1,0,0,1,0,0,,Calle,,ROSARIO,Rosario,Asfalto,No existe,II,Dentro,Urbana,Ninguna,No existe,Intersección,Bueno,Buena,Diurna,Buen Tiempo,Lateral,S/D,Colisión,Ninguna,Faltante,Ninguna,Sin restricción,POINT (-60.6477426 -32.97883275),"['Mitre', 'Bulevar Juan Francisco Seguí']",2,Bartolomé Mitre; Bulevar Juan Francisco Seguí,-32.97883275,-60.6477426,55.0,538.0,Municipio Rosario,Municipio,Rosario,820210,Servicio de Catastro e Información Territorial,IGN
2016,8301,2016-11-03,Jueves,0.0,10:10:00,,0.0,2,"Automóvil,Moto/Ciclomotor",San Martin Y Benito Juarez,2,1,0,0,1,0,0,,Calle,,ROSARIO,Rosario,Asfalto,No existe,II,Dentro,Urbana,Ninguna,No existe,Intersección,Bueno,Buena,Diurna,Buen Tiempo,Lateral,S/D,Colisión,Ninguna,Faltante,Ninguna,Sin restricción,POINT (-60.6471781 -32.99287580000001),"['San Martin', 'Benito Juárez']",2,José de San Martín; Benito Juárez,-32.99287580000001,-60.6471781,55.0,538.0,Municipio Rosario,Municipio,Rosario,820210,Servicio de Catastro e Información Territorial,IGN
2016,8302,2016-11-02,Miercoles,0.0,7:45:00,,0.0,2,"Moto/Ciclomotor,Automóvil",Bv. Oroño Y Juan Canals,2,1,0,0,1,0,0,,Avenida,,ROSARIO,Rosario,Asfalto,No existe,II,Dentro,Urbana,Ninguna,No existe,Intersección,Bueno,Buena,Diurna,Buen Tiempo,Lateral,S/D,Colisión,Ninguna,Faltante,Ninguna,Sin restricción,POINT (-60.66411445 -32.9867086),"['Bulevar Nicasio Oroño', 'Juan Canals']",2,Bulevar Nicasio Oroño; Juan Canals,-32.9867086,-60.66411445,55.0,538.0,Municipio Rosario,Municipio,Rosario,820210,Servicio de Catastro e Información Territorial,IGN
2016,8303,2016-11-02,Miercoles,0.0,6:45:00,,0.0,2,"Bicicleta,Taxi/Remis",Av. Uriburu Y Sarmiento,2,1,0,0,1,0,0,,Avenida,,ROSARIO,Rosario,Asfalto,No existe,II,Dentro,Urbana,Ninguna,No existe,Intersección,Bueno,Buena,Diurna,Buen Tiempo,S/D,Ciclista,Atropello,Ninguna,Faltante,Ninguna,Sin restricción,POINT (-60.64935790000001 -32.990775299999996),"['Uriburu', 'Sarmiento']",2,Avenida José Uriburu; Sarmiento,-32.9907753,-60.64935790000001,55.0,538.0,Municipio Rosario,Municipio,Rosario,820210,Servicio de Catastro e Información Territorial,IGN
2016,8324,2016-11-10,Jueves,0.0,11:00:00,,0.0,2,"Moto/Ciclomotor,Automóvil",J.J.Paso Y Roullon,3,2,0,0,1,0,0,,Calle,,ROSARIO,Rosario,Asfalto,No existe,II,Dentro,Urbana,Semáforo,Funciona,Intersección,Bueno,Buena,Diurna,Buen Tiempo,Frontal,S/D,Colisión,S/D,Vertical,Línea divisoria pintada,Sin restricción,POINT (-60.7030661 -32.919940499999996),"['Paso', 'Alfredo Rouillón']",2,"('Avenida Juan José Paso', 'Alfredo Rouillón')",-32.9199405,-60.7030661,55.0,538.0,Municipio Rosario,Municipio,Rosario,820210,Servicio de Catastro e Información Territorial,IGN