anio_acci,nro_acci,fecha,desc_dia,fecha_aprox,hora_aprox,desc_ruta,km,cant_participantes,desc_participante,calle_avenida_km,total,heridos_leves,heridos_graves,heridos_gravisimos,ilesos,fallecidos,sin_datos,posicion_XY,desc_tipo_via,desc_ruta_ori,desc_loc,desc_dpto,desc_tipo_calzada,desc_tipo_banquina,desc_unidad_regional,desc_lugar_calzada,desc_zona,desc_prioridad,desc_estado_semaforo,desc_lugar_via,desc_estado_via,desc_estado_visibilidad,desc_luminosidad,desc_estado_clima,desc_tipo_colision,desc_tipo_atropello,desc_tipo_hecho,desc_pres_calzada,desc_senializacion,desc_separacion_via,desc_restriccion,forma_geocod,calle_lista,numero_calles,calles_osm,lat,lon,index_right,gid,fna,gna,nam,in1,fdc,sag
2016,8327,2016-11-03,Jueves,0.0,14:00:00,,0.0,2,"Pickup/Utilitario,Moto/Ciclomotor",J.J.Paso Y Ecuador,3,2,0,0,1,0,0,,Calle,,ROSARIO,Rosario,Asfalto,No existe,II,Dentro,Urbana,Ninguna,No existe,Recta,Bueno,Buena,Diurna,Buen Tiempo,Frontal,S/D,Colisión,S/D,Faltante,Cordón divisorio,Sin restricción,POINT (-60.71582385 -32.92035055000001),"['Paso', 'Ecuador']",2,Avenida Juan José Paso; Ecuador,-32.92035055000001,-60.71582385,55.0,538.0,Municipio Rosario,Municipio,Rosario,820210,Servicio de Catastro e Información Territorial,IGN
2016,8349,2016-11-04,Viernes,0.0,,,0.0,2,"Automóvil,Bicicleta",Av. Pte.Peron Y Vera Mujica,2,1,0,0,1,0,0,,Calle,,ROSARIO,Rosario,Asfalto,No existe,II,S/D,Urbana,Semáforo,Funciona,Intersección,Bueno,Buena,Diurna,Buen Tiempo,S/D,Ciclista,Atropello,Ninguna,Vertical,S/D,Sin restricción,POINT (-60.67064605 -32.95608349999999),"['Avenida Presidente Perón', 'Vera Mujíca']",2,Avenida Presidente Perón; Vera Mujíca,-32.95608349999999,-60.67064605,55.0,538.0,Municipio Rosario,Municipio,Rosario,820210,Servicio de Catastro e Información Territorial,IGN
2016,8350,2016-11-15,Martes,0.0,6:30:00,,0.0,2,"Automóvil,Bicicleta",Av. Uriburu Y Av. Ovidio Lagos,2,1,0,0,1,0,0,,Avenida,,ROSARIO,Rosario,Asfalto,No existe,II,Dentro,Urbana,Semáforo,Funciona,Intersección,Bueno,Buena,Diurna,Buen Tiempo,S/D,Ciclista,Atropello,Ninguna,S/D,S/D,S/D,POINT (-60.67337785 -32.991524999999996),"['Uriburu', 'Avenida Ovidio Lagos']",2,Avenida José Uriburu; Avenida Ovidio Lagos,-32.991525,-60.67337785,55.0,538.0,Municipio Rosario,Municipio,Rosario,820210,Servicio de Catastro e Información Territorial,IGN
2016,8354,2016-11-10,Jueves,0.0,,,0.0,2,"Automóvil,Tren",Bv. Avellaneda Y Cochabamba,2,1,0,0,1,0,0,,Avenida,,ROSARIO,Rosario,Asfalto,Pavimento,II,S/D,Urbana,Ninguna,No existe,Intersección,Bueno,Buena,Diurna,Buen Tiempo,S/D,S/D,Colisión,Ninguna,S/D,S/D,Sin restricción,POINT (-60.68214640000001 -32.95110740000001),"['Avellaneda', 'Cochabamba']",2,Bulevar Nicolás Avellaneda; Cochabamba,-32.95110740000001,-60.68214640000001,55.0,538.0,Municipio Rosario,Municipio,Rosario,820210,Servicio de Catastro e Información Territorial,IGN
2016,8355,2016-11-01,Martes,0.0,15:45:00,,0.0,2,"Automóvil,Camión c / Acoplado",Av. Uriburu Y Mitre,2,1,0,0,1,0,0,,Avenida,,ROSARIO,Rosario,Asfalto,No existe,II,Dentro,Urbana,Ninguna,No existe,Intersección,Bueno,Buena,Diurna,Buen Tiempo,Lateral,S/D,Colisión,Ninguna,Faltante,Ninguna,Sin restricción,POINT (-60.65080725 -32.9908231),"['Uriburu', 'Mitre']",2,Avenida José Uriburu; Bartolomé Mitre,-32.9908231,-60.65080725,55.0,538.0,Municipio Rosario,Municipio,Rosario,820210,Servicio de Catastro e Información Territorial,IGN
2016,8358,2016-11-11,Viernes,0.0,7:40:00,,0.0,2,"Pickup/Utilitario,Bicicleta",Av. Francia Y Viamonte,2,1,0,0,1,0,0,,Calle,,ROSARIO,Rosario,Asfalto,S/D,II,S/D,Urbana,S/D,S/D,Intersección,Bueno,Buena,Diurna,Buen Tiempo,S/D,Ciclista,Atropello,Ninguna,S/D,Ninguna,Sin restricción,POINT (-60.670278800000006 -32.96040305),"['Avenida Francia', 'Viamonte']",2,Avenida Francia; Viamonte,-32.96040305,-60.670278800000006,55.0,538.0,Municipio Rosario,Municipio,Rosario,820210,Servicio de Catastro e Información Territorial,IGN
2016,8360,2016-11-19,Sabado,0.0,20:10:00,,0.0,2,"Automóvil,Automóvil",San Martin Y Av. Uriburu,2,1,0,0,1,0,0,,Avenida,,ROSARIO,Rosario,Asfalto,S/D,II,Dentro,Urbana,Semáforo,Funciona,Intersección,Bueno,Buena,Nocturna,Buen Tiempo,Lateral,S/D,Colisión,S/D,Vertical,Cordón divisorio,S/D,POINT (-60.646703949999996 -32.99069289999999),"['San Martin', 'Uriburu']",2,José de San Martín; Avenida José Uriburu,-32.99069289999999,-60.64670395,55.0,538.0,Municipio Rosario,Municipio,Rosario,820210,Servicio de Catastro e Información Territorial,IGN
2016,8362,2016-11-14,Lunes,0.0,7:50:00,,0.0,2,"Moto/Ciclomotor,Otros",Bv. 27 De Febrero Y Valparaiso,2,2,0,0,0,0,0,,Calle,,ROSARIO,Rosario,Asfalto,S/D,II,S/D,Urbana,S/D,S/D,Intersección,Bueno,Buena,Diurna,S/D,S/D,S/D,Colisión,Ninguna,S/D,S/D,S/D,POINT (-60.6871574 -32.959782933333344),"['27 de Febrero', 'Valparaíso']",2,Bulevar 27 de Febrero; Valparaíso,-32.959782933333344,-60.6871574,55.0,538.0,Municipio Rosario,Municipio,Rosario,820210,Servicio de Catastro e Información Territorial,IGN
2016,8366,2016-11-17,Jueves,0.0,,,0.0,2,"Automóvil,Otros",Riobamba Y San Nicolas,2,1,0,0,1,0,0,,Calle,,ROSARIO,Rosario,Asfalto,S/D,II,S/D,Urbana,S/D,No existe,Intersección,Bueno,Buena,Diurna,Buen Tiempo,S/D,S/D,Colisión,Ninguna,S/D,S/D,Sin restricción,POINT (-60.6765021 -32.95689409999999),"['Riobamba', 'San Nicolás']",2,Riobamba; San Nicolás,-32.95689409999999,-60.6765021,55.0,538.0,Municipio Rosario,Municipio,Rosario,820210,Servicio de Catastro e Información Territorial,IGN
2016,8369,2016-11-20,Domingo,0.0,,,0.0,2,"Automóvil,Otros",Castellanos Y Pasco,2,2,0,0,0,0,0,,Calle,,ROSARIO,Rosario,Asfalto,S/D,II,S/D,Urbana,Ninguna,No existe,Intersección,Bueno,Buena,Diurna,Buen Tiempo,S/D,S/D,Colisión,Ninguna,S/D,S/D,Sin restricción,POINT (-60.6783875 -32.9529951),"['Aaron Castellanos', 'Pasco']",2,Aaron Castellanos; Pasco,-32.9529951,-60.6783875,55.0,538.0,Municipio Rosario,Municipio,Rosario,820210,Servicio de Catastro e Información Territorial,IGN
2016,8373,2016-11-21,Lunes,0.0,10:10:00,,0.0,2,"Automóvil,Otros",Lima Y La Paz,2,1,0,0,1,0,0,,Calle,,ROSARIO,Rosario,Asfalto,S/D,II,S/D,Rural,S/D,No existe,Intersección,Bueno,Buena,Diurna,Buen Tiempo,S/D,S/D,Colisión,Ninguna,S/D,Ninguna,S/D,POINT (-60.68769880000001 -32.956081399999995),"['Lima', 'La Paz']",2,Lima; La Paz,-32.956081399999995,-60.68769880000001,55.0,538.0,Municipio Rosario,Municipio,Rosario,820210,Servicio de Catastro e Información Territorial,IGN
2016,8378,2016-11-28,Lunes,0.0,,,0.0,2,"Automóvil,Otros",Bv. 27 De Febrero Y Valparaiso,2,1,0,0,1,0,0,,Avenida,,ROSARIO,Rosario,Asfalto,S/D,II,S/D,Urbana,S/D,No existe,Intersección,Bueno,Buena,Diurna,Buen Tiempo,S/D,S/D,Colisión,Ninguna,S/D,S/D,Sin restricción,POINT (-60.6871574 -32.959782933333344),"['27 de Febrero', 'Valparaíso']",2,Bulevar 27 de Febrero; Valparaíso,-32.959782933333344,-60.6871574,55.0,538.0,Municipio Rosario,Municipio,Rosario,820210,Servicio de Catastro e Información Territorial,IGN
2016,8381,2016-11-30,Miercoles,0.0,,,0.0,2,"Automóvil,Otros",Crespo Y Av. Pte.Peron,2,1,0,0,1,0,0,,Avenida,,ROSARIO,Rosario,Asfalto,S/D,II,S/D,Urbana,Semáforo,Funciona,Intersección,Bueno,Buena,Diurna,Buen Tiempo,S/D,S/D,Colisión,Ninguna,Vertical,S/D,Sin restricción,POINT (-60.67208864999999 -32.956252649999996),"['Crespo', 'Avenida Presidente Perón']",2,Crespo; Avenida Presidente Perón,-32.95625265,-60.67208864999999,55.0,538.0,Municipio Rosario,Municipio,Rosario,820210,Servicio de Catastro e Información Territorial,IGN
2016,8385,2016-11-18,Viernes,0.0,6:30:00,,0.0,2,"Moto/Ciclomotor,Moto/Ciclomotor",Pje. Franklin Y Mariano Cabal Bis,2,1,0,0,1,0,0,,Calle,,ROSARIO,Rosario,Asfalto,No existe,II,Dentro,Urbana,Ninguna,No existe,Recta,Bueno,Buena,Diurna,Buen Tiempo,S/D,S/D,Colisión,S/D,Faltante,Cordón divisorio,Sin restricción,POINT (-60.70271795 -32.9175732),"['Franklin', 'Mariano Cabal']",2,Franklin; Mariano Cabal,-32.9175732,-60.70271795,55.0,538.0,Municipio Rosario,Municipio,Rosario,820210,Servicio de Catastro e Información Territorial,IGN
2016,8624,2016-11-27,Domingo,0.0,17:30:00,,0.0,2,"Automóvil,Bicicleta",Av. Circunvalacion Y Camino de los Granaderos,2,1,0,0,1,0,0,,Avenida,,ROSARIO,Rosario,Asfalto,Natural,II,Dentro,Urbana,Semáforo,Funciona,Intersección,Bueno,Buena,Diurna,Buen Tiempo,S/D,Ciclista,Atropello,S/D,Vertical,Cordón divisorio,Sin restricción,POINT (-60.71050785 -32.8849847),"['Circunvalacion', 'Camino de los Granaderos']",2,"('Juan Pablo II', 'Camino de los Granaderos')",-32.8849847,-60.71050785,55.0,538.0,Municipio Rosario,Municipio,Rosario,820210,Servicio de Catastro e Información Territorial,IGN
2016,8625,2016-11-26,Sabado,0.0,8:00:00,,0.0,2,"Automóvil,Automóvil",J.M.de Rosas 2700,5,4,0,0,1,0,0,,Calle,,ROSARIO,Rosario,Asfalto,No existe,II,Dentro,Urbana,S/D,No existe,Recta,S/D,Buena,Diurna,Buen Tiempo,Lateral,S/D,Colisión,S/D,S/D,Ninguna,Sin restricción,"-32.9917606, -60.641953",['J M De Rosas 2700'],1,J M De Rosas 2700,-32.9917606,-60.641953,55.0,538.0,Municipio Rosario,Municipio,Rosario,820210,Servicio de Catastro e Información Territorial,IGN
2016,8626,2016-11-16,Miercoles,0.0,14:00:00,,0.0,2,"Automóvil,Moto/Ciclomotor",Av. Circunvalacion ,3,2,0,0,1,0,0,,Avenida,,ROSARIO,Rosario,Asfalto,No existe,II,Dentro,Urbana,Ninguna,No existe,Curva,Bueno,Buena,Diurna,Buen Tiempo,Lateral,S/D,Colisión,Ninguna,Faltante,Ninguna,Sin restricción,"-32.9954148, -60.6940772",['Circunvalacion'],1,Circunvalacion,-32.9954148,-60.6940772,55.0,538.0,Municipio Rosario,Municipio,Rosario,820210,Servicio de Catastro e Información Territorial,IGN
2016,8776,2016-11-14,Lunes,0.0,17:30:00,,0.0,2,"Automóvil,Moto/Ciclomotor",Av. Uriburu Y Sarmiento,2,1,0,0,1,0,0,,Calle,,ROSARIO,Rosario,Asfalto,No existe,II,Dentro,Urbana,Ninguna,No existe,Intersección,Bueno,Buena,Diurna,Buen Tiempo,Lateral,S/D,Colisión,S/D,Faltante,Ninguna,Sin restricción,POINT (-60.64935790000001 -32.990775299999996),"['Uriburu', 'Sarmiento']",2,Avenida José Uriburu; Sarmiento,-32.9907753,-60.64935790000001,55.0,538.0,Municipio Rosario,Municipio,Rosario,820210,Servicio de Catastro e Información Territorial,IGN
2016,8777,2016-11-05,Sabado,0.0,22:10:00,,0.0,2,"Automóvil,Moto/Ciclomotor",J.J.Paso Y Magallanes,2,1,1,0,0,0,0,,Calle,,ROSARIO,Rosario,Asfalto,No existe,II,Dentro,Urbana,Ninguna,No existe,Recta,Bueno,Buena,Nocturna,Buen Tiempo,S/D,S/D,Colisión,S/D,Faltante,Cordón divisorio,Sin restricción,POINT (-60.70534740000001 -32.92000899999999),"['Paso', 'Magallanes']",2,"('Avenida Juan José Paso', 'Magallanes')",-32.92000899999999,-60.70534740000001,55.0,538.0,Municipio Rosario,Municipio,Rosario,820210,Servicio de Catastro e Información Territorial,IGN
2016,8778,2016-11-07,Lunes,0.0,14:45:00,,0.0,2,"Automóvil,Automóvil",Av. Provincias Unidas 900,3,1,0,0,2,0,0,,Calle,,ROSARIO,Rosario,Asfalto,No existe,II,Dentro,Urbana,Ninguna,No existe,Intersección,Bueno,Buena,Diurna,Buen Tiempo,S/D,S/D,Colisión,S/D,Faltante,Cordón divisorio,Sin restricción,"-32.9378937, -60.7129223",['Provincias Unidas 900'],1,Provincias Unidas 900,-32.9378937,-60.7129223,55.0,538.0,Municipio Rosario,Municipio,Rosario,820210,Servicio de Catastro e Información Territorial,IGN
2016,8785,2016-11-09,Miercoles,0.0,18:15:00,,0.0,1,Moto/Ciclomotor,Av. Provincias Unidas Y Schweitzer,1,1,0,0,0,0,0,,Avenida,,ROSARIO,Rosario,Asfalto,No existe,II,Dentro,Urbana,Ninguna,No existe,Recta,Bueno,Buena,Atardecer,Buen Tiempo,Atropello animal,S/D,Colisión,S/D,S/D,Cordón divisorio,S/D,POINT (-60.713941950000006 -32.913199899999995),"['Avenida Provincias Unidas', 'Albert Schweitzer']",2,Avenida Provincias Unidas; Albert Schweitzer,-32.913199899999995,-60.713941950000006,55.0,538.0,Municipio Rosario,Municipio,Rosario,820210,Servicio de Catastro e Información Territorial,IGN
2016,8838,2016-12-21,Miercoles,0.0,18:40:00,,0.0,2,"Automóvil,Automóvil",Av. Circunvalacion Y Av. Sorrento,4,2,0,0,2,0,0,,Avenida,,ROSARIO,Rosario,Asfalto,No existe,II,Dentro,Urbana,Semáforo,Funciona,Intersección,Bueno,Buena,Diurna,Buen Tiempo,Lateral,S/D,Colisión,S/D,Vertical,S/D,Sin restricción,POINT (-60.72270983333334 -32.90836276666667),"['Circunvalacion', 'Sorrento']",2,"('Juan Pablo II', 'Avenida Sorrento')",-32.90836276666667,-60.72270983333334,55.0,538.0,Municipio Rosario,Municipio,Rosario,820210,Servicio de Catastro e Información Territorial,IGN
2016,8987,2016-12-04,Domingo,0.0,13:00:00,,0.0,2,"Moto/Ciclomotor,Pickup/Utilitario",Irurtia Y M.Gonzalez,2,1,0,0,1,0,0,,S/D,,ROSARIO,Rosario,Asfalto,No existe,II,Dentro,Urbana,Ninguna,No existe,Intersección,Otro,Buena,Diurna,Buen Tiempo,Lateral,S/D,Colisión,Otro,Faltante,Ninguna,Sin restricción,POINT (-60.7309099 -32.9672421),"['Irurtia', 'Gonzalez']",2,Irurtia; Joaquín V. González,-32.9672421,-60.7309099,55.0,538.0,Municipio Rosario,Municipio,Rosario,820210,Servicio de Catastro e Información Territorial,IGN
2016,8988,2016-12-01,Jueves,0.0,5:45:00,,0.0,2,"Automóvil,Moto/Ciclomotor",Av. Uriburu Y Av. Circunvalacion,3,1,0,0,2,0,0,,Avenida,,ROSARIO,Rosario,Asfalto,No existe,II,S/D,Rural,S/D,No existe,Recta,Bueno,Buena,Nocturna,S/D,S/D,S/D,Colisión,S/D,S/D,S/D,S/D,POINT (-60.661478219834294 -32.991061565588964),"['Uriburu', 'Circunvalacion']",2,Avenida José Uriburu; Avenida de Circunvalación 25 de Mayo,-32.991061565588964,-60.66147821983429,55.0,538.0,Municipio Rosario,Municipio,Rosario,820210,Servicio de Catastro e Información Territorial,IGN
2016,8990,2016-12-23,Viernes,0.0,18:00:00,,0.0,2,"Automóvil,Automóvil",Rivarola Y Av. Circunvalacion,3,1,0,0,2,0,0,,Avenida,,ROSARIO,Rosario,Asfalto,No existe,II,Dentro,Urbana,Ninguna,No existe,Intersección,Bueno,Buena,Diurna,Buen Tiempo,Lateral,S/D,Colisión,Ninguna,S/D,Ninguna,Sin restricción,POINT (-60.71916028403352 -32.96601604560884),"['Rivarola', 'Circunvalacion']",2,Avenida Doctor Rivarola; Avenida de Circunvalación 25 de Mayo,-32.96601604560884,-60.71916028403352,55.0,538.0,Municipio Rosario,Municipio,Rosario,820210,Servicio de Catastro e Información Territorial,IGN
2016,9001,2016-12-06,Martes,0.0,18:04:00,,0.0,2,"Peatón,Automóvil",Gaboto 6300,2,0,1,0,1,0,0,,Calle,,ROSARIO,Rosario,Asfalto,No existe,II,S/D,Urbana,Ninguna,No existe,Recta,Bueno,Buena,Diurna,S/D,S/D,Peatón,Atropello,S/D,S/D,S/D,Sin restricción,"-32.9649226, -60.7068328",['Gaboto 6300'],1,Gaboto 6300,-32.9649226,-60.7068328,55.0,538.0,Municipio Rosario,Municipio,Rosario,820210,Servicio de Catastro e Información Territorial,IGN
2016,9002,2016-12-07,Miercoles,0.0,14:50:00,,0.0,2,"Automóvil,Automóvil",Av. Circunvalacion Y Av. Pte.Peron,2,1,0,0,1,0,0,,Avenida,,ROSARIO,Rosario,Asfalto,Pavimento,II,S/D,S/D,Ninguna,S/D,Intersección,Bueno,Reducida p/ objetos,Diurna,Buen Tiempo,S/D,S/D,Colisión,S/D,S/D,Guardarrail,Desvío Provisorio,POINT (-60.71697254694366 -32.9707081028425),"['Circunvalacion', 'Avenida Presidente Perón']",2,Avenida de Circunvalación 25 de Mayo; Avenida Presidente Perón,-32.9707081028425,-60.71697254694366,55.0,538.0,Municipio Rosario,Municipio,Rosario,820210,Servicio de Catastro e Información Territorial,IGN
2016,9003,2016-12-09,Viernes,0.0,17:20:00,,0.0,2,"Automóvil,Automóvil",Av. Eva Peron Y Tte.Agneta,3,2,0,0,0,0,1,,Calle,,ROSARIO,Rosario,Asfalto,Pavimento,II,S/D,Urbana,S/D,S/D,Recta,Bueno,Buena,Diurna,S/D,S/D,S/D,Colisión,Agua,S/D,S/D,S/D,POINT (-60.6999972 -32.93539080000001),"['Avenida Eva Perón', 'Teniente Agneta']",2,Avenida Eva Perón; Teniente Agneta,-32.93539080000001,-60.6999972,55.0,538.0,Municipio Rosario,Municipio,Rosario,820210,Servicio de Catastro e Información Territorial,IGN
2016,9004,2016-12-09,Viernes,0.0,9:30:00,,0.0,2,"Moto/Ciclomotor,Otros",Garibaldi 6100,2,1,0,0,0,0,1,,Calle,,ROSARIO,Rosario,Ripio,No existe,II,Fuera,Urbana,S/D,No existe,Recta,Deteriorada,Reducida polvo,Diurna,Lluvia,S/D,S/D,Colisión,S/D,Faltante,S/D,S/D,"-32.980586, -60.6781943",['Garibaldi 6100'],1,Garibaldi 6100,-32.980586,-60.6781943,55.0,538.0,Municipio Rosario,Municipio,Rosario,820210,Servicio de Catastro e Información Territorial,IGN
2016,9005,2016-12-10,Sabado,0.0,19:15:00,,0.0,2,"Moto/Ciclomotor,Automóvil",Roullon 4000,2,1,0,0,1,0,0,,S/D,,ROSARIO,Rosario,Asfalto,No existe,II,S/D,Urbana,S/D,No existe,Recta,Con baches,Buena,Diurna,Buen Tiempo,Lateral,S/D,Colisión,S/D,S/D,S/D,Sin restricción,"-32.9379481, -60.702354",['Alfredo Rouillón 4000'],1,Alfredo Rouillón 4000,-32.9379481,-60.702354,55.0,538.0,Municipio Rosario,Municipio,Rosario,820210,Servicio de Catastro e Información Territorial,IGN
2016,9006,2016-12-20,Martes,0.0,6:10:00,,0.0,2,"Bicicleta,Automóvil",Bv. Segui 5300,2,1,0,0,1,0,0,,Calle,,ROSARIO,Rosario,Asfalto,Pavimento,II,S/D,Urbana,S/D,No existe,Recta,Bueno,Buena,Diurna,Buen Tiempo,S/D,Ciclista,Atropello,Ninguna,Horizontal,S/D,S/D,"-32.970408, -60.6946695",['Bulevar Juan Francisco Seguí 5300'],1,Bulevar Juan Francisco Seguí 5300,-32.970408,-60.6946695,55.0,538.0,Municipio Rosario,Municipio,Rosario,820210,Servicio de Catastro e Información Territorial,IGN
2016,9007,2016-12-24,Sabado,0.0,18:00:00,,0.0,2,"Moto/Ciclomotor,Automóvil",Bv. 27 De Febrero Y Larrea,2,1,0,0,1,0,0,,Calle,,ROSARIO,Rosario,Ripio,S/D,II,S/D,Urbana,S/D,S/D,Intersección,S/D,S/D,S/D,Lluvia,S/D,S/D,Colisión,S/D,S/D,S/D,S/D,POINT (-60.69651200000001 -32.95882060000001),"['27 de Febrero', 'Larrea']",2,Bulevar 27 de Febrero; Larrea,-32.95882060000001,-60.69651200000001,55.0,538.0,Municipio Rosario,Municipio,Rosario,820210,Servicio de Catastro e Información Territorial,IGN
2016,9008,2016-12-04,Domingo,0.0,15:00:00,,0.0,2,"Moto/Ciclomotor,Automóvil",Roullon Y Montevideo,2,1,0,0,1,0,0,,Calle,,ROSARIO,Rosario,Asfalto,S/D,II,Dentro,Urbana,S/D,S/D,Intersección,Bueno,Buena,Diurna,S/D,Lateral,S/D,Colisión,S/D,S/D,S/D,S/D,POINT (-60.701961499999996 -32.9471749),"['Alfredo Rouillón', 'Montevideo']",2,Alfredo Rouillón; Montevideo,-32.9471749,-60.7019615,55.0,538.0,Municipio Rosario,Municipio,Rosario,820210,Servicio de Catastro e Información Territorial,IGN
2016,9011,2016-12-09,Viernes,0.0,17:30:00,,0.0,2,"Moto/Ciclomotor,Automóvil",Mendoza Y Guatemala,2,1,0,0,1,0,0,,Calle,,ROSARIO,Rosario,Asfalto,S/D,I,Dentro,Urbana,S/D,S/D,Intersección,Bueno,Buena,Diurna,S/D,Lateral,S/D,Colisión,S/D,S/D,S/D,S/D,POINT (-60.717262000000005 -32.94036265),"['Mendoza', 'Guatemala']",2,Mendoza; Guatemala,-32.94036265,-60.717262000000005,55.0,538.0,Municipio Rosario,Municipio,Rosario,820210,Servicio de Catastro e Información Territorial,IGN
2016,9013,2016-12-10,Sabado,0.0,0:40:00,,0.0,2,"Moto/Ciclomotor,Taxi/Remis",Garzon Y La Paz,2,1,0,0,1,0,0,,Calle,,ROSARIO,Rosario,Asfalto,S/D,II,Dentro,Urbana,S/D,S/D,Intersección,S/D,S/D,Nocturna,S/D,Lateral,S/D,Colisión,S/D,S/D,S/D,S/D,POINT (-60.70504420000001 -32.955546299999995),"['Garzón', 'La Paz']",2,Garzón; La Paz,-32.955546299999995,-60.70504420000001,55.0,538.0,Municipio Rosario,Municipio,Rosario,820210,Servicio de Catastro e Información Territorial,IGN
2016,9017,2016-12-23,Viernes,0.0,8:30:00,,0.0,2,"Moto/Ciclomotor,Camión",Cullen Y San Lorenzo,2,1,0,0,1,0,0,,Calle,,ROSARIO,Rosario,Asfalto,S/D,II,Dentro,Urbana,S/D,S/D,Intersección,Bueno,Buena,Diurna,Buen Tiempo,S/D,S/D,Colisión,S/D,S/D,S/D,S/D,POINT (-60.7093785 -32.9344082),"['Cullen', 'San Lorenzo']",2,Cullen; San Lorenzo,-32.9344082,-60.7093785,55.0,538.0,Municipio Rosario,Municipio,Rosario,820210,Servicio de Catastro e Información Territorial,IGN
2016,9019,2016-12-15,Jueves,0.0,,,0.0,1,Automóvil,Av. Francia Y Galvez,2,1,0,0,1,0,0,,Calle,,ROSARIO,Rosario,Asfalto,No existe,II,S/D,Urbana,Semáforo,Funciona,Recta,Bueno,Buena,Diurna,Buen Tiempo,S/D,S/D,Colisión,S/D,S/D,Línea divisoria pintada,Sin restricción,POINT (-60.671160050000005 -32.963889449999996),"['Avenida Francia', 'Galvez']",2,Avenida Francia; José Gálvez,-32.96388945,-60.671160050000005,55.0,538.0,Municipio Rosario,Municipio,Rosario,820210,Servicio de Catastro e Información Territorial,IGN
2016,9026,2016-12-09,Viernes,0.0,12:00:00,,0.0,2,"Moto/Ciclomotor,Pickup/Utilitario",Bv. Avellaneda Y Av. Circunvalacion,2,1,0,0,1,0,0,,Avenida,,ROSARIO,Rosario,Asfalto,No existe,II,Dentro,Urbana,Ninguna,No existe,Intersección,Bueno,Buena,Diurna,Buen Tiempo,Lateral,S/D,Colisión,Ninguna,Vertical,Línea divisoria pintada,Sin restricción,POINT (-60.68941966610684 -33.00080705152485),"['Avellaneda', 'Circunvalacion']",2,Bulevar Nicolás Avellaneda; Avenida de Circunvalación 25 de Mayo,-33.00080705152485,-60.68941966610684,55.0,538.0,Municipio Rosario,Municipio,Rosario,820210,Servicio de Catastro e Información Territorial,IGN
2016,9028,2016-12-22,Jueves,0.0,14:25:00,,0.0,2,"Moto/Ciclomotor,Automóvil",Av. Francia Y Av. Arijon,2,1,0,0,1,0,0,,Avenida,,ROSARIO,Rosario,Asfalto,No existe,II,Dentro,Urbana,Ninguna,Funciona,Intersección,Bueno,Buena,Diurna,Buen Tiempo,Lateral,S/D,Colisión,Ninguna,Horizontal,Línea divisoria pintada,Sin restricción,POINT (-60.6776235 -33.00390229999999),"['Avenida Francia', 'Avenida Manuel Arijón']",2,Avenida Francia; Avenida Manuel Arijón,-33.00390229999999,-60.6776235,55.0,538.0,Municipio Rosario,Municipio,Rosario,820210,Servicio de Catastro e Información Territorial,IGN
2016,9029,2016-12-26,Lunes,0.0,17:20:00,,0.0,2,"Automóvil,Pickup/Utilitario",Av. Ovidio Lagos Y Av. Battle y Ordoñez,2,1,0,0,1,0,0,,Avenida,,ROSARIO,Rosario,Asfalto,Pavimento,II,Dentro,Urbana,Semáforo,Funciona,Intersección,Bueno,Buena,Diurna,Buen Tiempo,Lateral,S/D,Colisión,Ninguna,Horizontal,Cordón divisorio,Sin restricción,POINT (-60.677360275 -33.009728399999986),"['Avenida Ovidio Lagos', 'Avenida Battle y Ordoñez']",2,Avenida Ovidio Lagos; Avenida Battle y Ordoñez,-33.009728399999986,-60.677360275,55.0,538.0,Municipio Rosario,Municipio,Rosario,820210,Servicio de Catastro e Información Territorial,IGN
2016,9030,2016-12-28,Miercoles,0.0,7:25:00,,0.0,1,Automóvil,Av. Ovidio Lagos 7400,2,1,0,0,1,0,0,,Avenida,,ROSARIO,Rosario,Asfalto,No existe,II,Dentro,Urbana,Policía de tránsito,No existe,Recta,Bueno,Buena,Diurna,Buen Tiempo,Contra objeto fijo,S/D,Colisión,Ninguna,Vertical,Cordón divisorio,Sin restricción,"-32.9700442, -60.668095",['Ovidio Lagos 7400'],1,Ovidio Lagos 7400,-32.9700442,-60.668095,55.0,538.0,Municipio Rosario,Municipio,Rosario,820210,Servicio de Catastro e Información Territorial,IGN
2016,9031,2016-12-27,Martes,0.0,19:30:00,,0.0,2,"Moto/Ciclomotor,Automóvil",Paraguay Y Madre Cabrini,2,1,0,0,1,0,0,,Calle,,ROSARIO,Rosario,Asfalto,No existe,II,Dentro,Urbana,S/D,No existe,Intersección,Bueno,Buena,Atardecer,Buen Tiempo,Lateral,S/D,Colisión,S/D,Horizontal,S/D,Sin restricción,POINT (-60.6546161 -33.005179899999995),"['Paraguay', 'Madre Cabrini']",2,Paraguay; Madre Cabrini,-33.005179899999995,-60.6546161,55.0,538.0,Municipio Rosario,Municipio,Rosario,820210,Servicio de Catastro e Información Territorial,IGN