anio_acci,nro_acci,fecha,desc_dia,fecha_aprox,hora_aprox,desc_ruta,km,cant_participantes,desc_participante,calle_avenida_km,total,heridos_leves,heridos_graves,heridos_gravisimos,ilesos,fallecidos,sin_datos,posicion_XY,desc_tipo_via,desc_ruta_ori,desc_loc,desc_dpto,desc_tipo_calzada,desc_tipo_banquina,desc_unidad_regional,desc_lugar_calzada,desc_zona,desc_prioridad,desc_estado_semaforo,desc_lugar_via,desc_estado_via,desc_estado_visibilidad,desc_luminosidad,desc_estado_clima,desc_tipo_colision,desc_tipo_atropello,desc_tipo_hecho,desc_pres_calzada,desc_senializacion,desc_separacion_via,desc_restriccion,forma_geocod,calle_lista,numero_calles,calles_osm,lat,lon,index_right,gid,fna,gna,nam,in1,fdc,sag
2016,9033,2016-12-24,Sabado,0.0,12:35:00,,0.0,2,"Automóvil,Moto/Ciclomotor",Rui Barbosa Y Sadi Carnot,3,2,0,0,1,0,0,,Calle,,ROSARIO,Rosario,Asfalto,S/D,II,Dentro,Urbana,S/D,S/D,Intersección,Bueno,Buena,Diurna,Buen Tiempo,Lateral,S/D,Colisión,S/D,Horizontal,S/D,S/D,POINT (-60.6486196 -33.0063245),"['Rui Barbosa', 'Sadi Carnot']",2,Rui Barbosa; Sadi Carnot,-33.0063245,-60.6486196,55.0,538.0,Municipio Rosario,Municipio,Rosario,820210,Servicio de Catastro e Información Territorial,IGN
2016,9034,2016-12-24,Sabado,0.0,7:05:00,,0.0,1,Automóvil,Av. Circunvalacion Y R.de Pineda,2,2,0,0,0,0,0,,Avenida,,ROSARIO,Rosario,Asfalto,S/D,II,Dentro,Urbana,S/D,S/D,Recta,Bueno,Buena,Diurna,Buen Tiempo,Contra objeto fijo,S/D,Colisión,Ninguna,S/D,S/D,S/D,POINT (-60.6458373961422 -33.01627981358011),"['Circunvalacion', 'De Pineda']",2,Avenida de Circunvalación 25 de Mayo; Avenida Romero de Pineda,-33.01627981358011,-60.6458373961422,55.0,538.0,Municipio Rosario,Municipio,Rosario,820210,Servicio de Catastro e Información Territorial,IGN
2016,9035,2016-12-01,Jueves,0.0,20:30:00,,0.0,2,"Tracción animal / Carro,Automóvil",R.de Pineda ,3,2,0,0,1,0,0,,Calle,,ROSARIO,Rosario,Asfalto,No existe,II,Dentro,Urbana,S/D,No existe,Intersección,Bueno,Buena,Nocturna,Buen Tiempo,Lateral,S/D,Colisión,S/D,S/D,Ninguna,S/D,"-33.0185923, -60.6446969",['R De Pineda'],1,R De Pineda,-33.0185923,-60.6446969,55.0,538.0,Municipio Rosario,Municipio,Rosario,820210,Servicio de Catastro e Información Territorial,IGN
2016,9036,2016-12-22,Jueves,0.0,1:20:00,,0.0,2,"Peatón,Automóvil",Av. Arijon Y Mariano Moreno,2,1,0,0,1,0,0,,Avenida,,ROSARIO,Rosario,Asfalto,No existe,II,Dentro,Urbana,Ninguna,No existe,Distribuidor,Bueno,Buena,"Nocturna,Con luz artificial",Buen Tiempo,S/D,Peatón,Atropello,Ninguna,Faltante,S/D,S/D,POINT (-60.6618893 -33.003447599999994),"['Avenida Manuel Arijón', 'Mariano Moreno']",2,Avenida Manuel Arijón; Mariano Moreno,-33.003447599999994,-60.6618893,55.0,538.0,Municipio Rosario,Municipio,Rosario,820210,Servicio de Catastro e Información Territorial,IGN
2016,9037,2016-12-22,Jueves,0.0,19:00:00,,0.0,2,"Moto/Ciclomotor,Automóvil",Av. Arijon Y Av. Ovidio Lagos,2,1,0,0,1,0,0,,Avenida,,ROSARIO,Rosario,Asfalto,S/D,II,Dentro,Urbana,Semáforo,Funciona,Intersección,Bueno,Buena,Diurna,Buen Tiempo,Lateral,S/D,Colisión,Ninguna,Vertical,Línea divisoria pintada,Sin restricción,POINT (-60.6761369 -33.0038701),"['Avenida Manuel Arijón', 'Avenida Ovidio Lagos']",2,Avenida Manuel Arijón; Avenida Ovidio Lagos,-33.0038701,-60.6761369,55.0,538.0,Municipio Rosario,Municipio,Rosario,820210,Servicio de Catastro e Información Territorial,IGN
2016,9038,2016-12-11,Domingo,0.0,8:35:00,,0.0,2,"Moto/Ciclomotor,Transporte de Pasajeros Urbano (> 8 asientos)",Bv. Oroño Y Lamadrid,2,1,0,0,1,0,0,,Avenida,,ROSARIO,Rosario,Asfalto,No existe,II,Dentro,Urbana,Semáforo,Funciona,Intersección,Bueno,Buena,Diurna,Buen Tiempo,Lateral,S/D,Colisión,S/D,Vertical,Cordón divisorio,Sin restricción,POINT (-60.66524270000001 -32.9976152),"['Bulevar Nicasio Oroño', 'Lamadrid']",2,Bulevar Nicasio Oroño; Gregorio Aráoz de Lamadrid,-32.9976152,-60.66524270000001,55.0,538.0,Municipio Rosario,Municipio,Rosario,820210,Servicio de Catastro e Información Territorial,IGN
2016,9039,2016-12-17,Sabado,0.0,7:15:00,,0.0,2,"Automóvil,Pickup/Utilitario",Esteban de Luca Y Santiago,6,6,0,0,0,0,0,,Calle,,ROSARIO,Rosario,Asfalto,No existe,II,Dentro,Urbana,Ninguna,No existe,Intersección,Bueno,Buena,Diurna,Buen Tiempo,Lateral,S/D,Colisión,Ninguna,Faltante,Ninguna,Sin restricción,POINT (-60.6679967 -32.9955555),"['Esteban de Luca', 'Santiago']",2,Esteban de Luca; Santiago,-32.9955555,-60.6679967,55.0,538.0,Municipio Rosario,Municipio,Rosario,820210,Servicio de Catastro e Información Territorial,IGN
2016,9040,2016-12-29,Jueves,0.0,0:45:00,,0.0,2,"Taxi/Remis,Moto/Ciclomotor",Bv. 27 De Febrero Y Maipu,2,1,0,0,1,0,0,,Avenida,,ROSARIO,Rosario,Asfalto,No existe,II,Dentro,Urbana,S/D,S/D,Intersección,Bueno,Buena,Nocturna,Buen Tiempo,S/D,S/D,Colisión,Ninguna,S/D,S/D,Sin restricción,POINT (-60.640725849999995 -32.9680891),"['27 de Febrero', 'Maipú']",2,Bulevar 27 de Febrero; Maipú,-32.9680891,-60.64072585,55.0,538.0,Municipio Rosario,Municipio,Rosario,820210,Servicio de Catastro e Información Territorial,IGN
2016,9041,2016-12-21,Miercoles,0.0,14:20:00,,0.0,2,"Moto/Ciclomotor,Automóvil",Bv. Oroño Y Cochabamba,2,1,0,0,1,0,0,,Avenida,,ROSARIO,Rosario,Asfalto,No existe,II,Dentro,Urbana,S/D,No existe,Rotonda,Bueno,Buena,Diurna,Buen Tiempo,Lateral,S/D,Colisión,Ninguna,"Horizontal,Vertical",Línea divisoria pintada,Sin restricción,POINT (-60.656339 -32.9556154),"['Bulevar Nicasio Oroño', 'Cochabamba']",2,Bulevar Nicasio Oroño; Cochabamba,-32.9556154,-60.656339,55.0,538.0,Municipio Rosario,Municipio,Rosario,820210,Servicio de Catastro e Información Territorial,IGN
2016,9042,2016-12-17,Sabado,0.0,4:50:00,,0.0,2,"Peatón,Automóvil",Bv. Oroño Y Bv. 27 De Febrero,2,1,0,0,1,0,0,,Avenida,,ROSARIO,Rosario,Asfalto,No existe,II,Dentro,Urbana,Semáforo,Funciona,Recta,Bueno,Buena,Con luz artificial,Buen Tiempo,S/D,Peatón,Atropello,S/D,Vertical,Cordón divisorio,Sin restricción,POINT (-60.658642825 -32.964892400000004),"['Bulevar Nicasio Oroño', '27 de Febrero']",2,Bulevar Nicasio Oroño; Bulevar 27 de Febrero,-32.964892400000004,-60.658642825,55.0,538.0,Municipio Rosario,Municipio,Rosario,820210,Servicio de Catastro e Información Territorial,IGN
2016,9043,2016-12-18,Domingo,0.0,6:50:00,,0.0,1,Automóvil,España Y Virasoro,2,2,0,0,0,0,0,,Calle,,ROSARIO,Rosario,Asfalto,S/D,II,Dentro,Urbana,Ninguna,S/D,Recta,Deteriorada,S/D,Diurna,Buen Tiempo,S/D,S/D,Vuelco,Ninguna,S/D,Ninguna,Sin restricción,POINT (-60.6523926 -32.96844250000001),"['España', 'Virasoro']",2,España; Benjamín Virasoro,-32.96844250000001,-60.6523926,55.0,538.0,Municipio Rosario,Municipio,Rosario,820210,Servicio de Catastro e Información Territorial,IGN
2016,9044,2016-12-16,Viernes,0.0,19:45:00,,0.0,2,"Automóvil,Automóvil",Galvez Y Santiago,7,5,0,0,2,0,0,,Calle,,ROSARIO,Rosario,Asfalto,No existe,II,Dentro,Urbana,Señal Ceda el Paso,No existe,Intersección,Bueno,Buena,Atardecer,Buen Tiempo,Lateral,S/D,Colisión,S/D,Vertical,Ninguna,Sin restricción,POINT (-60.661587 -32.9655974),"['Galvez', 'Santiago']",2,José Gálvez; Santiago,-32.9655974,-60.661587,55.0,538.0,Municipio Rosario,Municipio,Rosario,820210,Servicio de Catastro e Información Territorial,IGN
2016,9045,2016-12-15,Jueves,0.0,21:50:00,,0.0,2,"Moto/Ciclomotor,Automóvil",Pte.Roca Y Pasco,3,2,0,0,1,0,0,,Calle,,ROSARIO,Rosario,Asfalto,No existe,II,Dentro,Urbana,Señal Pare,No existe,Intersección,Bueno,Buena,Nocturna,Buen Tiempo,Lateral,S/D,Colisión,Ninguna,S/D,Ninguna,Sin restricción,POINT (-60.6484017 -32.95832659999999),"['Roca', 'Pasco']",2,Presidente Roca; Pasco,-32.95832659999999,-60.6484017,55.0,538.0,Municipio Rosario,Municipio,Rosario,820210,Servicio de Catastro e Información Territorial,IGN
2016,9046,2016-12-14,Miercoles,0.0,9:55:00,,0.0,2,"Peatón,Moto/Ciclomotor",Bv. Oroño Y Virasoro,2,1,0,0,1,0,0,,S/D,,ROSARIO,Rosario,Asfalto,No existe,II,S/D,S/D,Semáforo,Funciona,Intersección,Bueno,Buena,Diurna,Buen Tiempo,S/D,Peatón,Atropello,Ninguna,Vertical,Cordón divisorio,Sin restricción,POINT (-60.65921435 -32.967215949999996),"['Bulevar Nicasio Oroño', 'Virasoro']",2,Bulevar Nicasio Oroño; Benjamín Virasoro,-32.96721595,-60.65921435,55.0,538.0,Municipio Rosario,Municipio,Rosario,820210,Servicio de Catastro e Información Territorial,IGN
2016,9047,2016-12-11,Domingo,0.0,13:25:00,,0.0,2,"Moto/Ciclomotor,Automóvil",Paraguay Y Ituzaingo,2,1,0,0,1,0,0,,S/D,,ROSARIO,Rosario,Asfalto,S/D,II,S/D,S/D,S/D,S/D,Intersección,Bueno,Buena,Diurna,Buen Tiempo,Lateral,S/D,Colisión,S/D,S/D,S/D,S/D,POINT (-60.6473339 -32.959742299999995),"['Paraguay', 'Ituzaingó']",2,Paraguay; Ituzaingó,-32.959742299999995,-60.6473339,55.0,538.0,Municipio Rosario,Municipio,Rosario,820210,Servicio de Catastro e Información Territorial,IGN
2016,9048,2016-12-12,Lunes,0.0,6:30:00,,0.0,2,"Moto/Ciclomotor,Taxi/Remis",Bv. Oroño Y Bv. 27 De Febrero,2,1,0,0,1,0,0,,Avenida,,ROSARIO,Rosario,Asfalto,No existe,II,Dentro,Urbana,Semáforo,Funciona,Recta,Bueno,Buena,Diurna,Buen Tiempo,Lateral,S/D,Colisión,Ninguna,Vertical,Cordón divisorio,Sin restricción,POINT (-60.658642825 -32.964892400000004),"['Bulevar Nicasio Oroño', '27 de Febrero']",2,Bulevar Nicasio Oroño; Bulevar 27 de Febrero,-32.964892400000004,-60.658642825,55.0,538.0,Municipio Rosario,Municipio,Rosario,820210,Servicio de Catastro e Información Territorial,IGN
2016,9049,2016-12-12,Lunes,0.0,8:00:00,,0.0,2,"Moto/Ciclomotor,Moto/Ciclomotor",Viamonte Y Mitre,4,1,0,0,3,0,0,,Calle,,ROSARIO,Rosario,Asfalto,S/D,II,Dentro,Urbana,S/D,S/D,Intersección,Bueno,Buena,Diurna,Buen Tiempo,Lateral,S/D,Colisión,S/D,S/D,Ninguna,S/D,POINT (-60.6442984 -32.965104799999985),"['Viamonte', 'Mitre']",2,Viamonte; Bartolomé Mitre,-32.965104799999985,-60.6442984,55.0,538.0,Municipio Rosario,Municipio,Rosario,820210,Servicio de Catastro e Información Territorial,IGN
2016,9051,2016-12-08,Jueves,0.0,21:30:00,,0.0,2,"Taxi/Remis,Pickup/Utilitario",Galvez Y Mitre,2,1,0,0,1,0,0,,Calle,,ROSARIO,Rosario,Asfalto,No existe,II,Dentro,Urbana,S/D,S/D,Intersección,Bueno,Buena,"Nocturna,Con luz artificial",Buen Tiempo,Lateral,S/D,Colisión,S/D,S/D,S/D,S/D,POINT (-60.64514630000001 -32.968528199999994),"['Galvez', 'Mitre']",2,José Gálvez; Bartolomé Mitre,-32.968528199999994,-60.64514630000001,55.0,538.0,Municipio Rosario,Municipio,Rosario,820210,Servicio de Catastro e Información Territorial,IGN
2016,9052,2016-12-20,Martes,0.0,23:35:00,,0.0,2,"Automóvil,Automóvil",Cereseto Y Av. Ntra.Sra.del Rosario,2,2,0,0,0,0,0,,Avenida,,ROSARIO,Rosario,Asfalto,No existe,II,Dentro,Urbana,S/D,No existe,Intersección,Bueno,Buena,"Nocturna,Con luz artificial",Buen Tiempo,Lateral,S/D,Colisión,Ninguna,Faltante,Ninguna,Sin restricción,POINT (-60.6739631 -33.0008585),"['Cereseto', 'Nuestra Señora del Rosario']",2,Cereseto; Puente Nuestra Señora del Rosario,-33.0008585,-60.6739631,55.0,538.0,Municipio Rosario,Municipio,Rosario,820210,Servicio de Catastro e Información Territorial,IGN
2016,9053,2016-12-18,Domingo,0.0,1:10:00,,0.0,2,"Automóvil,Automóvil",San Martin Y 24 De Setiembre,3,2,0,0,1,0,0,,Avenida,,ROSARIO,Rosario,Asfalto,No existe,II,Dentro,Urbana,Ninguna,No funciona,Intersección,Bueno,Buena,Nocturna,Buen Tiempo,Lateral,S/D,Colisión,Ninguna,Vertical,Ninguna,Sin restricción,POINT (-60.64455705 -32.98058454999999),"['San Martin', '24 de Septiembre']",2,José de San Martín; 24 de Septiembre,-32.98058454999999,-60.64455705,55.0,538.0,Municipio Rosario,Municipio,Rosario,820210,Servicio de Catastro e Información Territorial,IGN
2016,9054,2016-12-23,Viernes,0.0,18:00:00,,0.0,2,"Moto/Ciclomotor,Moto/Ciclomotor",Bv. Segui Y Av. Francia,2,1,0,0,1,0,0,,Avenida,,ROSARIO,Rosario,Asfalto,No existe,II,Dentro,Urbana,Semáforo,Funciona,Intersección,Bueno,Buena,Atardecer,Buen Tiempo,Lateral,S/D,Colisión,Ninguna,S/D,S/D,S/D,POINT (-60.673763175 -32.97418725),"['Bulevar Juan Francisco Seguí', 'Avenida Francia']",2,Bulevar Juan Francisco Seguí; Avenida Francia,-32.97418725,-60.673763175,55.0,538.0,Municipio Rosario,Municipio,Rosario,820210,Servicio de Catastro e Información Territorial,IGN
2016,9055,2016-12-27,Martes,0.0,11:55:00,,0.0,1,Automóvil,Bv. Segui Y Sarmiento,3,2,0,0,1,0,0,,Avenida,,ROSARIO,Rosario,Asfalto,No existe,II,Dentro,Urbana,Ninguna,No existe,Intersección,Bueno,Buena,Diurna,Buen Tiempo,Lateral,S/D,Colisión,Ninguna,Faltante,Ninguna,Sin restricción,POINT (-60.64638135 -32.9790819),"['Bulevar Juan Francisco Seguí', 'Sarmiento']",2,Bulevar Juan Francisco Seguí; Sarmiento,-32.9790819,-60.64638135,55.0,538.0,Municipio Rosario,Municipio,Rosario,820210,Servicio de Catastro e Información Territorial,IGN
2016,9056,2016-12-24,Sabado,0.0,16:20:00,,0.0,2,"Automóvil,Automóvil",Mitre Y Bv. Segui,4,2,0,0,1,0,1,,Avenida,,ROSARIO,Rosario,Asfalto,No existe,II,Dentro,Urbana,Ninguna,No existe,Intersección,Bueno,Buena,Diurna,Buen Tiempo,Lateral,S/D,Colisión,Ninguna,Faltante,Ninguna,Sin restricción,POINT (-60.6477426 -32.97883275),"['Mitre', 'Bulevar Juan Francisco Seguí']",2,Bartolomé Mitre; Bulevar Juan Francisco Seguí,-32.97883275,-60.6477426,55.0,538.0,Municipio Rosario,Municipio,Rosario,820210,Servicio de Catastro e Información Territorial,IGN
2016,9057,2016-12-13,Martes,0.0,21:20:00,,0.0,2,"Moto/Ciclomotor,Automóvil",Ameghino Y San Martin,2,1,0,0,1,0,0,,Calle,,ROSARIO,Rosario,Asfalto,No existe,II,Dentro,Urbana,Semáforo,Funciona,Recta,Bueno,Buena,Nocturna,Buen Tiempo,De alcance,S/D,Colisión,Ninguna,Horizontal,Ninguna,Sin restricción,POINT (-60.6460194 -32.987542250000004),"['Ameghino', 'San Martin']",2,Ameghino; José de San Martín,-32.987542250000004,-60.6460194,55.0,538.0,Municipio Rosario,Municipio,Rosario,820210,Servicio de Catastro e Información Territorial,IGN
2016,9058,2016-12-24,Sabado,0.0,12:35:00,,0.0,2,"Automóvil,Moto/Ciclomotor",Sarmiento Y Dean Funes,3,2,0,0,1,0,0,,Calle,,ROSARIO,Rosario,Asfalto,No existe,II,Dentro,Urbana,Ninguna,No existe,Intersección,Bueno,Buena,Diurna,Buen Tiempo,Lateral,S/D,Colisión,Ninguna,Faltante,Ninguna,Sin restricción,POINT (-60.645514000000006 -32.97565850000001),"['Sarmiento', 'Deán Gregorio Funes']",2,Sarmiento; Deán Gregorio Funes,-32.97565850000001,-60.645514000000006,55.0,538.0,Municipio Rosario,Municipio,Rosario,820210,Servicio de Catastro e Información Territorial,IGN
2016,9059,2016-12-13,Martes,0.0,11:45:00,,0.0,2,"Automóvil,Moto/Ciclomotor",24 De Setiembre Y Mariano Moreno,3,2,0,0,1,0,0,,Calle,,ROSARIO,Rosario,Asfalto,No existe,II,Dentro,Urbana,Ninguna,No existe,Intersección,Bueno,Buena,Diurna,Buen Tiempo,Lateral,S/D,Colisión,Ninguna,Faltante,Ninguna,Sin restricción,POINT (-60.6590497 -32.97803179999999),"['24 de Septiembre', 'Mariano Moreno']",2,24 de Septiembre; Mariano Moreno,-32.97803179999999,-60.6590497,55.0,538.0,Municipio Rosario,Municipio,Rosario,820210,Servicio de Catastro e Información Territorial,IGN
2016,9060,2016-12-23,Viernes,0.0,21:10:00,,0.0,2,"Automóvil,Moto/Ciclomotor",San Martin Y Ayolas,2,1,0,0,1,0,0,,Avenida,,ROSARIO,Rosario,Asfalto,No existe,II,Dentro,Urbana,Semáforo,Funciona,Intersección,Bueno,Buena,Nocturna,Buen Tiempo,Lateral,S/D,Colisión,Ninguna,Vertical,Ninguna,Sin restricción,POINT (-60.644083949999995 -32.97709834999999),"['San Martin', 'Ayolas']",2,José de San Martín; Ayolas,-32.97709834999999,-60.64408395,55.0,538.0,Municipio Rosario,Municipio,Rosario,820210,Servicio de Catastro e Información Territorial,IGN
2016,9061,2016-12-22,Jueves,0.0,14:00:00,,0.0,2,"Automóvil,Moto/Ciclomotor",Sarmiento Y Gaboto,3,2,0,0,1,0,0,,Calle,,ROSARIO,Rosario,Asfalto,No existe,II,Dentro,Urbana,Ninguna,No existe,Intersección,Bueno,Buena,Diurna,Buen Tiempo,Lateral,S/D,Colisión,Ninguna,Faltante,Ninguna,Sin restricción,POINT (-60.64492839999999 -32.973346899999996),"['Sarmiento', 'Gaboto']",2,Sarmiento; Gaboto,-32.9733469,-60.64492839999999,55.0,538.0,Municipio Rosario,Municipio,Rosario,820210,Servicio de Catastro e Información Territorial,IGN
2016,9063,2016-12-22,Jueves,0.0,12:30:00,,0.0,2,"Moto/Ciclomotor,Automóvil",Paraguay Y Saavedra,2,1,0,0,1,0,0,,Calle,,ROSARIO,Rosario,Asfalto,No existe,II,Dentro,Urbana,Ninguna,No existe,Intersección,Bueno,Buena,Diurna,Buen Tiempo,Lateral,S/D,Colisión,Ninguna,Faltante,Ninguna,Sin restricción,POINT (-60.6516799 -32.97694959999999),"['Paraguay', 'Saavedra']",2,Paraguay; Saavedra,-32.97694959999999,-60.6516799,55.0,538.0,Municipio Rosario,Municipio,Rosario,820210,Servicio de Catastro e Información Territorial,IGN
2016,9064,2016-12-16,Viernes,0.0,13:40:00,,0.0,2,"Automóvil,Bicicleta",Av. Uriburu Y España,2,1,0,0,1,0,0,,Calle,,ROSARIO,Rosario,Asfalto,No existe,II,Dentro,Urbana,Semáforo,Funciona,Intersección,Bueno,Buena,Diurna,Buen Tiempo,S/D,Ciclista,Atropello,Ninguna,Vertical,Ninguna,Sin restricción,POINT (-60.65809949999999 -32.9910482),"['Uriburu', 'España']",2,Avenida José Uriburu; España,-32.9910482,-60.65809949999999,55.0,538.0,Municipio Rosario,Municipio,Rosario,820210,Servicio de Catastro e Información Territorial,IGN
2016,9065,2016-12-12,Lunes,0.0,16:40:00,,0.0,2,"Transporte de Pasajeros Urbano (> 8 asientos),Moto/Ciclomotor",Rodriguez Y Av. Uriburu,2,1,0,0,1,0,0,,Avenida,,ROSARIO,Rosario,Asfalto,No existe,II,Dentro,Urbana,Ninguna,No existe,Intersección,Bueno,Buena,Diurna,Buen Tiempo,Lateral,S/D,Colisión,Ninguna,Faltante,Ninguna,Sin restricción,POINT (-60.670962900000006 -32.99145754999999),"['Rodríguez', 'Uriburu']",2,Rodríguez de Escobedo; Avenida José Uriburu,-32.99145754999999,-60.670962900000006,55.0,538.0,Municipio Rosario,Municipio,Rosario,820210,Servicio de Catastro e Información Territorial,IGN
2016,9066,2016-12-12,Lunes,0.0,3:00:00,,0.0,2,"Automóvil,Taxi/Remis",España Y Juan Canals,3,1,0,0,2,0,0,,Calle,,ROSARIO,Rosario,Asfalto,No existe,II,Dentro,Urbana,Ninguna,No existe,Intersección,Bueno,Buena,Nocturna,Buen Tiempo,Lateral,S/D,Colisión,Ninguna,Faltante,Ninguna,Sin restricción,POINT (-60.6572841 -32.9879308),"['España', 'Juan Canals']",2,España; Juan Canals,-32.9879308,-60.6572841,55.0,538.0,Municipio Rosario,Municipio,Rosario,820210,Servicio de Catastro e Información Territorial,IGN
2016,9067,2016-12-10,Sabado,0.0,14:20:00,,0.0,2,"Taxi/Remis,Moto/Ciclomotor",Colon Y Riobamba,3,2,0,0,1,0,0,,Calle,,ROSARIO,Rosario,Asfalto,No existe,II,Dentro,Urbana,S/D,S/D,Intersección,Bueno,Buena,Diurna,Buen Tiempo,S/D,S/D,Colisión,Ninguna,S/D,S/D,Sin restricción,POINT (-60.629713 -32.96527269999999),"['Colon', 'Riobamba']",2,Cristóbal Colón; Riobamba,-32.96527269999999,-60.629713,55.0,538.0,Municipio Rosario,Municipio,Rosario,820210,Servicio de Catastro e Información Territorial,IGN
2016,9068,2016-12-11,Domingo,0.0,14:40:00,,0.0,2,"Automóvil,Automóvil",San Martin Y Dr.Rivas,5,2,0,0,3,0,0,,Calle,,ROSARIO,Rosario,Asfalto,No existe,II,Dentro,Urbana,Ninguna,No existe,Intersección,Bueno,Buena,Diurna,Buen Tiempo,Lateral,S/D,Colisión,Ninguna,Faltante,Ninguna,Sin restricción,POINT (-60.645282200000004 -32.984076599999995),"['San Martin', 'Doctor Francisco Riva']",2,José de San Martín; Doctor Francisco Riva,-32.984076599999995,-60.6452822,55.0,538.0,Municipio Rosario,Municipio,Rosario,820210,Servicio de Catastro e Información Territorial,IGN
2016,9069,2016-12-21,Miercoles,0.0,12:05:00,,0.0,2,"Bicicleta,Automóvil",Buenos Aires Y Viamonte,2,1,0,0,1,0,0,,Calle,,ROSARIO,Rosario,Asfalto,No existe,II,Dentro,Urbana,S/D,S/D,Intersección,Bueno,Buena,Diurna,Buen Tiempo,S/D,Ciclista,Atropello,Ninguna,S/D,S/D,Sin restricción,POINT (-60.637445299999996 -32.966308199999986),"['Buenos Aires', 'Viamonte']",2,Buenos Aires; Viamonte,-32.966308199999986,-60.6374453,55.0,538.0,Municipio Rosario,Municipio,Rosario,820210,Servicio de Catastro e Información Territorial,IGN
2016,9070,2016-12-09,Viernes,0.0,11:20:00,,0.0,2,"Automóvil,Moto/Ciclomotor",Av. Ovidio Lagos Y Uruguay,2,0,1,0,1,0,0,,Calle,,ROSARIO,Rosario,Asfalto,No existe,II,Dentro,Urbana,Ninguna,No existe,Intersección,Bueno,Buena,Diurna,Buen Tiempo,Lateral,S/D,Colisión,Ninguna,Faltante,Ninguna,Sin restricción,POINT (-60.6688156 -32.972676699999994),"['Avenida Ovidio Lagos', 'Uruguay']",2,Avenida Ovidio Lagos; Uruguay,-32.972676699999994,-60.6688156,55.0,538.0,Municipio Rosario,Municipio,Rosario,820210,Servicio de Catastro e Información Territorial,IGN
2016,9071,2016-12-22,Jueves,0.0,10:10:00,,0.0,2,"Moto/Ciclomotor,Automóvil",L.N.Alem Y Ituzaingo,3,0,1,0,2,0,0,,Calle,,ROSARIO,Rosario,Asfalto,No existe,II,Dentro,Urbana,Señal Pare,S/D,Intersección,Bueno,Buena,Diurna,Buen Tiempo,Lateral,S/D,Colisión,Ninguna,Horizontal,S/D,Sin restricción,POINT (-60.6318472 -32.9624805),"['Alem', 'Ituzaingó']",2,Leandro N. Alem; Ituzaingó,-32.9624805,-60.6318472,55.0,538.0,Municipio Rosario,Municipio,Rosario,820210,Servicio de Catastro e Información Territorial,IGN
2016,9072,2016-12-08,Jueves,0.0,15:15:00,,0.0,2,"Automóvil,Moto/Ciclomotor",24 De Setiembre Y Callao,2,1,0,0,1,0,0,,Calle,,ROSARIO,Rosario,Asfalto,No existe,II,Dentro,Urbana,Ninguna,No existe,Intersección,Bueno,Buena,Diurna,Buen Tiempo,Lateral,S/D,Colisión,S/D,Faltante,Ninguna,Sin restricción,POINT (-60.66858870000001 -32.976327999999995),"['24 de Septiembre', 'Callao']",2,24 de Septiembre; Callao,-32.976327999999995,-60.66858870000001,55.0,538.0,Municipio Rosario,Municipio,Rosario,820210,Servicio de Catastro e Información Territorial,IGN
2016,9073,2016-12-07,Miercoles,0.0,9:00:00,,0.0,2,"Moto/Ciclomotor,Automóvil",Av. Uriburu Y Mitre,2,1,0,0,1,0,0,,Calle,,ROSARIO,Rosario,Asfalto,No existe,II,Dentro,Urbana,Ninguna,No existe,Intersección,Bueno,Buena,Diurna,Buen Tiempo,Lateral,S/D,Colisión,S/D,Faltante,Ninguna,Sin restricción,POINT (-60.65080725 -32.9908231),"['Uriburu', 'Mitre']",2,Avenida José Uriburu; Bartolomé Mitre,-32.9908231,-60.65080725,55.0,538.0,Municipio Rosario,Municipio,Rosario,820210,Servicio de Catastro e Información Territorial,IGN
2016,9074,2016-12-27,Martes,0.0,9:50:00,,0.0,2,"Automóvil,Automóvil",L.N.Alem Y Bv. 27 De Febrero,2,1,0,0,1,0,0,,Avenida,,ROSARIO,Rosario,Asfalto,No existe,II,Dentro,Urbana,Semáforo,Intermitente,Intersección,Bueno,Buena,Diurna,Buen Tiempo,Lateral,S/D,Colisión,Ninguna,Vertical,S/D,Sin restricción,POINT (-60.63361105 -32.96936275),"['Alem', '27 de Febrero']",2,Leandro N. Alem; Bulevar 27 de Febrero,-32.96936275,-60.63361105,55.0,538.0,Municipio Rosario,Municipio,Rosario,820210,Servicio de Catastro e Información Territorial,IGN
2016,9075,2016-12-06,Martes,0.0,17:00:00,,0.0,2,"Moto/Ciclomotor,Automóvil",San Martin Y Biedma,2,1,0,0,1,0,0,,Calle,,ROSARIO,Rosario,Asfalto,No existe,II,Dentro,Urbana,Ninguna,No existe,Intersección,Bueno,Buena,Diurna,Buen Tiempo,Lateral,S/D,Colisión,Ninguna,Faltante,Ninguna,Sin restricción,POINT (-60.64478916666667 -32.981649),"['San Martin', 'Coronel Biedma']",2,José de San Martín; Coronel Biedma,-32.981649,-60.64478916666667,55.0,538.0,Municipio Rosario,Municipio,Rosario,820210,Servicio de Catastro e Información Territorial,IGN