anio_acci,nro_acci,fecha,desc_dia,fecha_aprox,hora_aprox,desc_ruta,km,cant_participantes,desc_participante,calle_avenida_km,total,heridos_leves,heridos_graves,heridos_gravisimos,ilesos,fallecidos,sin_datos,posicion_XY,desc_tipo_via,desc_ruta_ori,desc_loc,desc_dpto,desc_tipo_calzada,desc_tipo_banquina,desc_unidad_regional,desc_lugar_calzada,desc_zona,desc_prioridad,desc_estado_semaforo,desc_lugar_via,desc_estado_via,desc_estado_visibilidad,desc_luminosidad,desc_estado_clima,desc_tipo_colision,desc_tipo_atropello,desc_tipo_hecho,desc_pres_calzada,desc_senializacion,desc_separacion_via,desc_restriccion,forma_geocod,calle_lista,numero_calles,calles_osm,lat,lon,index_right,gid,fna,gna,nam,in1,fdc,sag
2016,9076,2016-12-28,Miercoles,0.0,12:00:00,,0.0,2,"Automóvil,Moto/Ciclomotor",Buenos Aires 1700,2,1,0,0,1,0,0,,Calle,,ROSARIO,Rosario,Asfalto,No existe,II,Dentro,Urbana,S/D,S/D,Recta,Bueno,Buena,Diurna,Buen Tiempo,S/D,S/D,Colisión,Ninguna,S/D,S/D,Sin restricción,"-32.9581171, -60.6354445",['Buenos Aires 1700'],1,Buenos Aires 1700,-32.9581171,-60.6354445,55.0,538.0,Municipio Rosario,Municipio,Rosario,820210,Servicio de Catastro e Información Territorial,IGN
2016,9077,2016-12-06,Martes,0.0,18:30:00,,0.0,2,"Bicicleta,Pickup/Utilitario",Entre Rios Y Centeno,2,1,0,0,1,0,0,,Calle,,ROSARIO,Rosario,Asfalto,No existe,II,Dentro,Urbana,Ninguna,No existe,Intersección,Bueno,Buena,Diurna,Buen Tiempo,S/D,S/D,Colisión,Ninguna,Faltante,Ninguna,Sin restricción,POINT (-60.650610400000005 -32.9843397),"['Entre Ríos', 'Centeno']",2,Entre Ríos; Coronel Centeno,-32.9843397,-60.650610400000005,55.0,538.0,Municipio Rosario,Municipio,Rosario,820210,Servicio de Catastro e Información Territorial,IGN
2016,9078,2016-12-06,Martes,0.0,11:15:00,,0.0,2,"Peatón,Automóvil",Cerrito Y Mariano Moreno,2,1,0,0,1,0,0,,Calle,,ROSARIO,Rosario,Asfalto,S/D,II,Dentro,Urbana,Ninguna,S/D,Intersección,Bueno,Buena,Diurna,Buen Tiempo,S/D,Peatón,Atropello,S/D,S/D,Barrera de hormigón,S/D,POINT (-60.6544697 -32.95964020000001),"['Cerrito', 'Mariano Moreno']",2,Cerrito; Mariano Moreno,-32.95964020000001,-60.6544697,55.0,538.0,Municipio Rosario,Municipio,Rosario,820210,Servicio de Catastro e Información Territorial,IGN
2016,9079,2016-12-04,Domingo,0.0,7:40:00,,0.0,1,Automóvil,Av. Pellegrini 2900,2,2,0,0,0,0,0,,Avenida,,ROSARIO,Rosario,Asfalto,S/D,II,Dentro,Urbana,S/D,S/D,Recta,Bueno,Buena,Diurna,Buen Tiempo,S/D,S/D,Vuelco,S/D,S/D,Cordón divisorio,Sin restricción,"-32.9527883, -60.6653786",['Pellegrini 2900'],1,Pellegrini 2900,-32.9527883,-60.6653786,55.0,538.0,Municipio Rosario,Municipio,Rosario,820210,Servicio de Catastro e Información Territorial,IGN
2016,9080,2016-12-05,Lunes,0.0,20:00:00,,0.0,2,"Moto/Ciclomotor,Automóvil",San Martin Y J.M.Gutierrez,2,1,0,0,1,0,0,,Calle,,ROSARIO,Rosario,Asfalto,No existe,II,Dentro,Urbana,Ninguna,No existe,Intersección,Bueno,Buena,Atardecer,Buen Tiempo,Lateral,S/D,Colisión,Ninguna,Faltante,Ninguna,Sin restricción,POINT (-60.64747499999999 -32.9939765),"['San Martin', 'Gutierrez']",2,José de San Martín; Ricardo Gutierrez,-32.9939765,-60.64747499999999,55.0,538.0,Municipio Rosario,Municipio,Rosario,820210,Servicio de Catastro e Información Territorial,IGN
2016,9081,2016-10-03,Lunes,0.0,22:00:00,,0.0,2,"Bicicleta,Moto/Ciclomotor",Bv. 27 De Febrero Y Av. Ovidio Lagos,2,2,0,0,0,0,0,,S/D,,ROSARIO,Rosario,Asfalto,S/D,II,S/D,S/D,Semáforo,S/D,Intersección,Bueno,S/D,Nocturna,Buen Tiempo,S/D,Ciclista,Atropello,Ninguna,Horizontal,Cordón divisorio,Sin restricción,POINT (-60.66661663333334 -32.963496),"['27 de Febrero', 'Avenida Ovidio Lagos']",2,Bulevar 27 de Febrero; Avenida Ovidio Lagos,-32.963496,-60.66661663333334,55.0,538.0,Municipio Rosario,Municipio,Rosario,820210,Servicio de Catastro e Información Territorial,IGN
2016,9082,2016-12-02,Viernes,0.0,22:10:00,,0.0,2,"Moto/Ciclomotor,Automóvil",Av. Uriburu Y Santiago,2,1,0,0,1,0,0,,Avenida,,ROSARIO,Rosario,Asfalto,No existe,II,Dentro,Urbana,Ninguna,No existe,Intersección,Bueno,Buena,Nocturna,Buen Tiempo,Lateral,S/D,Colisión,Ninguna,Faltante,Ninguna,Sin restricción,POINT (-60.66820034999999 -32.991376699999996),"['Uriburu', 'Santiago']",2,Avenida José Uriburu; Santiago,-32.9913767,-60.66820034999999,55.0,538.0,Municipio Rosario,Municipio,Rosario,820210,Servicio de Catastro e Información Territorial,IGN
2016,9083,2016-12-03,Sabado,0.0,20:30:00,,0.0,2,"Automóvil,Automóvil",Cerrito Y España,3,2,0,0,1,0,0,,Calle,,ROSARIO,Rosario,Asfalto,No existe,II,Dentro,Urbana,Ninguna,No existe,Intersección,Bueno,Buena,"Nocturna,Con luz artificial",Buen Tiempo,S/D,S/D,Atropello,S/D,Faltante,Ninguna,Sin restricción,POINT (-60.650363600000006 -32.9603736),"['Cerrito', 'España']",2,Cerrito; España,-32.9603736,-60.650363600000006,55.0,538.0,Municipio Rosario,Municipio,Rosario,820210,Servicio de Catastro e Información Territorial,IGN
2016,9084,2016-12-01,Jueves,0.0,9:30:00,,0.0,2,"Automóvil,Bicicleta",L.N.Alem Y La Paz,2,1,0,0,1,0,0,,Calle,,ROSARIO,Rosario,Asfalto,No existe,II,Dentro,Urbana,S/D,No existe,Intersección,Bueno,Buena,Diurna,Buen Tiempo,S/D,Ciclista,Atropello,Ninguna,S/D,Línea divisoria pintada,Sin restricción,POINT (-60.6327207 -32.96593089999998),"['Alem', 'La Paz']",2,Leandro N. Alem; La Paz,-32.96593089999998,-60.6327207,55.0,538.0,Municipio Rosario,Municipio,Rosario,820210,Servicio de Catastro e Información Territorial,IGN
2016,9085,2016-12-01,Jueves,0.0,12:00:00,,0.0,2,"Automóvil,Bicicleta",Laprida Y Ocampo,2,1,0,0,1,0,0,,Calle,,ROSARIO,Rosario,Asfalto,No existe,II,Dentro,Urbana,S/D,S/D,Intersección,Bueno,Buena,Diurna,Buen Tiempo,S/D,Ciclista,Atropello,Ninguna,S/D,S/D,Sin restricción,POINT (-60.6392734 -32.967158299999994),"['Laprida', 'Ocampo']",2,Francisco Narciso Laprida; Ocampo,-32.967158299999994,-60.6392734,55.0,538.0,Municipio Rosario,Municipio,Rosario,820210,Servicio de Catastro e Información Territorial,IGN
2016,9086,2016-12-03,Sabado,0.0,14:20:00,,0.0,2,"Automóvil,Automóvil",Italia Y Amenabar,4,1,0,0,3,0,0,,Calle,,ROSARIO,Rosario,Asfalto,No existe,II,Dentro,Urbana,Ninguna,No existe,Intersección,Bueno,Buena,Diurna,Buen Tiempo,Lateral,S/D,Colisión,Ninguna,Faltante,Ninguna,Sin restricción,POINT (-60.65435750000001 -32.9704785),"['Italia', 'Amenabar']",2,Italia; José de Amenábar,-32.9704785,-60.65435750000001,55.0,538.0,Municipio Rosario,Municipio,Rosario,820210,Servicio de Catastro e Información Territorial,IGN
2016,9087,2016-12-04,Domingo,0.0,20:20:00,,0.0,2,"Moto/Ciclomotor,Automóvil",Buenos Aires Y Pasco,2,1,0,0,0,0,1,,Calle,,ROSARIO,Rosario,Asfalto,No existe,II,Dentro,Urbana,S/D,S/D,Intersección,Bueno,Buena,Nocturna,Buen Tiempo,Lateral,S/D,Colisión,Ninguna,S/D,S/D,Sin restricción,POINT (-60.63599930000001 -32.960557399999985),"['Buenos Aires', 'Pasco']",2,Buenos Aires; Pasco,-32.960557399999985,-60.63599930000001,55.0,538.0,Municipio Rosario,Municipio,Rosario,820210,Servicio de Catastro e Información Territorial,IGN
2016,9088,2016-12-06,Martes,0.0,11:30:00,,0.0,2,"Pickup/Utilitario,Peatón",Cochabamba Y L.N.Alem,2,1,0,0,1,0,0,,Calle,,ROSARIO,Rosario,Asfalto,No existe,II,Dentro,Urbana,S/D,S/D,Intersección,S/D,Buena,Diurna,Buen Tiempo,S/D,S/D,Atropello,Ninguna,S/D,S/D,Sin restricción,POINT (-60.6312845 -32.96022949999999),"['Cochabamba', 'Alem']",2,Cochabamba; Leandro N. Alem,-32.96022949999999,-60.6312845,55.0,538.0,Municipio Rosario,Municipio,Rosario,820210,Servicio de Catastro e Información Territorial,IGN
2016,9091,2016-12-03,Sabado,0.0,17:00:00,,0.0,2,"Automóvil,Moto/Ciclomotor",Av. Pellegrini Y Av. Ovidio Lagos,3,1,0,0,2,0,0,,Avenida,,ROSARIO,Rosario,Asfalto,No existe,II,Dentro,Urbana,Semáforo,Funciona,Intersección,Bueno,Buena,Diurna,Buen Tiempo,Lateral,S/D,Colisión,S/D,Vertical,Línea divisoria pintada,Sin restricción,POINT (-60.664182350000004 -32.953107599999996),"['Pellegrini', 'Avenida Ovidio Lagos']",2,Avenida Carlos Pellegrini; Avenida Ovidio Lagos,-32.9531076,-60.66418235,55.0,538.0,Municipio Rosario,Municipio,Rosario,820210,Servicio de Catastro e Información Territorial,IGN
2016,9099,2016-12-01,Jueves,0.0,8:30:00,,0.0,2,"Moto/Ciclomotor,Automóvil",Mitre Y La Paz,2,1,0,0,1,0,0,,Calle,,ROSARIO,Rosario,Asfalto,No existe,II,Dentro,Urbana,S/D,S/D,Intersección,Bueno,Buena,Diurna,Buen Tiempo,Lateral,S/D,Colisión,S/D,S/D,Ninguna,S/D,POINT (-60.6440084 -32.9639253),"['Mitre', 'La Paz']",2,Bartolomé Mitre; La Paz,-32.9639253,-60.6440084,55.0,538.0,Municipio Rosario,Municipio,Rosario,820210,Servicio de Catastro e Información Territorial,IGN
2016,9101,2016-12-01,Jueves,0.0,11:45:00,,0.0,2,"Moto/Ciclomotor,Pickup/Utilitario",Virasoro Y Suipacha,3,1,0,0,2,0,0,,Calle,,ROSARIO,Rosario,Asfalto,No existe,II,Dentro,Urbana,S/D,S/D,Intersección,Bueno,Buena,Diurna,Buen Tiempo,Lateral,S/D,Colisión,S/D,S/D,Ninguna,S/D,POINT (-60.6700932 -32.9652681),"['Virasoro', 'Suipacha']",2,Benjamín Virasoro; Suipacha,-32.9652681,-60.6700932,55.0,538.0,Municipio Rosario,Municipio,Rosario,820210,Servicio de Catastro e Información Territorial,IGN
2016,9104,2016-12-15,Jueves,0.0,7:50:00,,0.0,2,"Moto/Ciclomotor,Automóvil",Entre Rios Y Bv. Segui,2,0,1,0,1,0,0,,Calle,,ROSARIO,Rosario,Asfalto,No existe,II,Dentro,Urbana,S/D,No existe,Intersección,Bueno,Buena,Diurna,Buen Tiempo,Lateral,S/D,Colisión,Ninguna,Faltante,Ninguna,Sin restricción,POINT (-60.6491681 -32.97857979999999),"['Entre Ríos', 'Bulevar Juan Francisco Seguí']",2,Entre Ríos; Bulevar Juan Francisco Seguí,-32.97857979999999,-60.6491681,55.0,538.0,Municipio Rosario,Municipio,Rosario,820210,Servicio de Catastro e Información Territorial,IGN
2016,9106,2016-12-14,Miercoles,0.0,14:30:00,,0.0,2,"Pickup/Utilitario,Moto/Ciclomotor",Balcarce Y Lamadrid,3,2,0,0,1,0,0,,Calle,,ROSARIO,Rosario,Asfalto,No existe,II,Dentro,Urbana,Ninguna,No existe,Intersección,Bueno,Buena,Diurna,Buen Tiempo,Lateral,S/D,Colisión,S/D,Faltante,Ninguna,Sin restricción,POINT (-60.663541 -32.997564),"['Balcarce', 'Lamadrid']",2,Balcarce; Gregorio Aráoz de Lamadrid,-32.997564,-60.663541,55.0,538.0,Municipio Rosario,Municipio,Rosario,820210,Servicio de Catastro e Información Territorial,IGN
2016,9141,2016-12-06,Martes,0.0,16:00:00,,0.0,2,"Automóvil,Pickup/Utilitario",Colon Y Viamonte,4,1,0,0,3,0,0,,Calle,,ROSARIO,Rosario,Asfalto,No existe,II,Dentro,Urbana,S/D,S/D,Intersección,Bueno,Buena,Diurna,Buen Tiempo,S/D,S/D,Colisión,Ninguna,S/D,S/D,Sin restricción,POINT (-60.6302946 -32.967576599999994),"['Colon', 'Viamonte']",2,Cristóbal Colón; Viamonte,-32.967576599999994,-60.6302946,55.0,538.0,Municipio Rosario,Municipio,Rosario,820210,Servicio de Catastro e Información Territorial,IGN
2016,9142,2016-12-03,Sabado,0.0,18:00:00,,0.0,2,"Automóvil,Taxi/Remis",Av. Uriburu ,3,1,0,0,2,0,0,,Calle,,ROSARIO,Rosario,Asfalto,No existe,II,Dentro,Urbana,Ninguna,No existe,Recta,Bueno,Buena,Diurna,Buen Tiempo,De alcance,S/D,Colisión,Ninguna,Faltante,Ninguna,Sin restricción,"-32.995369100000005, -60.693576086643915",['Uriburu'],1,Uriburu,-32.995369100000005,-60.69357608664392,55.0,538.0,Municipio Rosario,Municipio,Rosario,820210,Servicio de Catastro e Información Territorial,IGN
2016,9143,2016-12-04,Domingo,0.0,19:25:00,,0.0,2,"Moto/Ciclomotor,Automóvil",Bv. Oroño Y Uruguay,3,2,0,0,1,0,0,,Avenida,,ROSARIO,Rosario,Asfalto,No existe,II,Dentro,Urbana,Semáforo,Funciona,Intersección,Bueno,Buena,Atardecer,Buen Tiempo,Lateral,S/D,Colisión,Ninguna,Horizontal,Ninguna,Sin restricción,POINT (-60.66093935000001 -32.97406425),"['Bulevar Nicasio Oroño', 'Uruguay']",2,Bulevar Nicasio Oroño; Uruguay,-32.97406425,-60.66093935000001,55.0,538.0,Municipio Rosario,Municipio,Rosario,820210,Servicio de Catastro e Información Territorial,IGN
2016,9144,2016-12-03,Sabado,0.0,20:10:00,,0.0,2,"Automóvil,Moto/Ciclomotor",Cochabamba Y Colon,3,2,0,0,1,0,0,,Calle,,ROSARIO,Rosario,Asfalto,No existe,II,Dentro,Urbana,S/D,S/D,Intersección,S/D,Buena,Atardecer,Buen Tiempo,S/D,S/D,Colisión,Ninguna,S/D,S/D,Sin restricción,POINT (-60.62856320000001 -32.9607063),"['Cochabamba', 'Colon']",2,Cochabamba; Cristóbal Colón,-32.9607063,-60.62856320000001,55.0,538.0,Municipio Rosario,Municipio,Rosario,820210,Servicio de Catastro e Información Territorial,IGN
2016,9286,2016-12-15,Jueves,0.0,9:30:00,,0.0,2,"Taxi/Remis,Moto/Ciclomotor",Ricchieri Y 3 De Febrero,4,1,0,0,3,0,0,,Calle,,ROSARIO,Rosario,Asfalto,S/D,II,S/D,Urbana,S/D,S/D,S/D,S/D,S/D,Diurna,S/D,S/D,S/D,Colisión,S/D,S/D,S/D,S/D,POINT (-60.6644345 -32.9483761),"['Ricchieri', '3 de Febrero']",2,Ricchieri; 3 de Febrero,-32.9483761,-60.6644345,55.0,538.0,Municipio Rosario,Municipio,Rosario,820210,Servicio de Catastro e Información Territorial,IGN
2016,9287,2016-12-11,Domingo,0.0,8:45:00,,0.0,2,"Automóvil,Moto/Ciclomotor",Pueyrredon Y 3 De Febrero,2,0,1,0,1,0,0,,Calle,,ROSARIO,Rosario,Asfalto,S/D,II,S/D,Urbana,S/D,S/D,S/D,S/D,S/D,Diurna,S/D,S/D,S/D,Colisión,S/D,S/D,S/D,S/D,POINT (-60.65897040000001 -32.9493667),"['Pueyrredón', '3 de Febrero']",2,Pueyrredón; 3 de Febrero,-32.9493667,-60.65897040000001,55.0,538.0,Municipio Rosario,Municipio,Rosario,820210,Servicio de Catastro e Información Territorial,IGN
2016,9288,2016-12-07,Miercoles,0.0,21:30:00,,0.0,2,"Automóvil,Automóvil",Pueyrredon Y E.Zeballos,2,2,0,0,0,0,0,,Calle,,ROSARIO,Rosario,Asfalto,S/D,II,S/D,Urbana,S/D,S/D,S/D,S/D,S/D,Nocturna,S/D,S/D,S/D,Colisión,S/D,S/D,S/D,S/D,POINT (-60.6595219 -32.95155700000002),"['Pueyrredón', 'Zeballos']",2,Pueyrredón; Zeballos,-32.95155700000002,-60.6595219,55.0,538.0,Municipio Rosario,Municipio,Rosario,820210,Servicio de Catastro e Información Territorial,IGN
2016,9289,2016-12-20,Martes,0.0,3:00:00,,0.0,2,"Camión Chasis,Pickup/Utilitario",Constitucion 800,2,1,1,0,0,0,0,,Calle,,ROSARIO,Rosario,Asfalto,No existe,II,Dentro,Urbana,S/D,S/D,Intersección,S/D,S/D,Nocturna,S/D,S/D,S/D,Colisión,S/D,S/D,S/D,Sin restricción,"-32.968692, -60.6809171",['Constitucion 800'],1,Constitucion 800,-32.968692,-60.6809171,55.0,538.0,Municipio Rosario,Municipio,Rosario,820210,Servicio de Catastro e Información Territorial,IGN
2016,9290,2016-12-01,Jueves,0.0,17:00:00,,0.0,1,Pickup/Utilitario,Bv. Avellaneda Y Cordoba,1,1,0,0,0,0,0,,Avenida,,ROSARIO,Rosario,Asfalto,No existe,II,S/D,Urbana,S/D,S/D,Intersección,Bueno,S/D,Diurna,S/D,Contra objeto fijo,S/D,Colisión,S/D,S/D,Cordón divisorio,S/D,POINT (-60.67916835 -32.939088049999995),"['Avellaneda', 'Córdoba']",2,Bulevar Nicolás Avellaneda; Córdoba,-32.939088049999995,-60.67916835,55.0,538.0,Municipio Rosario,Municipio,Rosario,820210,Servicio de Catastro e Información Territorial,IGN
2016,9291,2016-12-01,Jueves,0.0,13:30:00,,0.0,3,"Pickup/Utilitario,Automóvil,Camión",Rioja Y Lima,3,1,0,0,1,0,1,,Calle,,ROSARIO,Rosario,Asfalto,No existe,II,Dentro,Urbana,S/D,S/D,Intersección,S/D,S/D,Diurna,S/D,Múltiple,S/D,Colisión,S/D,S/D,S/D,S/D,POINT (-60.6835185 -32.939537399999985),"['Rioja', 'Lima']",2,Rioja; Lima,-32.939537399999985,-60.6835185,55.0,538.0,Municipio Rosario,Municipio,Rosario,820210,Servicio de Catastro e Información Territorial,IGN
2016,9294,2016-12-19,Lunes,0.0,,,0.0,2,"Peatón,Taxi/Remis",San Luis Y Pueyrredon,2,1,0,0,1,0,0,,Calle,,ROSARIO,Rosario,Asfalto,No existe,II,S/D,Urbana,S/D,S/D,Intersección,Bueno,S/D,S/D,S/D,S/D,Peatón,Atropello,S/D,S/D,S/D,S/D,POINT (-60.6580233 -32.945603899999995),"['San Luis', 'Pueyrredón']",2,San Luis; Pueyrredón,-32.945603899999995,-60.6580233,55.0,538.0,Municipio Rosario,Municipio,Rosario,820210,Servicio de Catastro e Información Territorial,IGN
2016,9297,2016-12-19,Lunes,0.0,12:40:00,,0.0,2,"Automóvil,Moto/Ciclomotor",San Luis Y San Nicolas,3,2,0,0,1,0,0,,Calle,,ROSARIO,Rosario,Asfalto,No existe,II,Dentro,Urbana,S/D,S/D,Intersección,Bueno,S/D,Diurna,Buen Tiempo,S/D,S/D,Colisión,S/D,S/D,S/D,S/D,POINT (-60.6729863 -32.942945),"['San Luis', 'San Nicolás']",2,San Luis; San Nicolás,-32.942945,-60.6729863,55.0,538.0,Municipio Rosario,Municipio,Rosario,820210,Servicio de Catastro e Información Territorial,IGN
2016,9298,2016-12-19,Lunes,0.0,,,0.0,2,"Bicicleta,Automóvil",San Juan 4579,2,1,0,0,1,0,0,,Calle,,ROSARIO,Rosario,Asfalto,S/D,II,Dentro,Urbana,S/D,S/D,Intersección,Bueno,S/D,S/D,S/D,S/D,Ciclista,Atropello,S/D,S/D,S/D,S/D,"-32.941763626530616, -60.68646586122449",['San Juan 4579'],1,San Juan 4579,-32.941763626530616,-60.68646586122449,55.0,538.0,Municipio Rosario,Municipio,Rosario,820210,Servicio de Catastro e Información Territorial,IGN
2016,9300,2016-12-13,Martes,0.0,19:50:00,,0.0,2,"Automóvil,Moto/Ciclomotor",Pascual Rosas Y E.Zeballos,2,1,0,0,1,0,0,,Calle,,ROSARIO,Rosario,Asfalto,No existe,II,Dentro,Urbana,S/D,S/D,Intersección,S/D,S/D,Atardecer,Buen Tiempo,S/D,S/D,Colisión,S/D,S/D,S/D,S/D,POINT (-60.68809960000001 -32.94646000000001),"['Pascual Rosas', 'Zeballos']",2,Pascual Rosas; Zeballos,-32.94646000000001,-60.68809960000001,55.0,538.0,Municipio Rosario,Municipio,Rosario,820210,Servicio de Catastro e Información Territorial,IGN
2016,9302,2016-12-28,Miercoles,0.0,8:10:00,,0.0,2,"Automóvil,Moto/Ciclomotor",Rioja Y Crespo,2,1,0,0,1,0,0,,Calle,,ROSARIO,Rosario,Asfalto,S/D,II,S/D,Urbana,S/D,S/D,Intersección,S/D,S/D,Diurna,S/D,S/D,S/D,Colisión,S/D,S/D,S/D,S/D,POINT (-60.6685002 -32.9422255),"['Rioja', 'Crespo']",2,Rioja; Crespo,-32.9422255,-60.6685002,55.0,538.0,Municipio Rosario,Municipio,Rosario,820210,Servicio de Catastro e Información Territorial,IGN
2016,9303,2016-12-28,Miercoles,0.0,13:20:00,,0.0,2,"Automóvil,Moto/Ciclomotor",Mendoza 2900,2,1,0,0,1,0,0,,Calle,,ROSARIO,Rosario,Asfalto,No existe,II,Dentro,Urbana,S/D,S/D,Recta,S/D,S/D,Diurna,S/D,S/D,S/D,Colisión,S/D,S/D,S/D,S/D,"-32.9471035, -60.6639429",['Mendoza 2900'],1,Mendoza 2900,-32.9471035,-60.6639429,55.0,538.0,Municipio Rosario,Municipio,Rosario,820210,Servicio de Catastro e Información Territorial,IGN
2016,9304,2016-12-25,Domingo,0.0,17:15:00,,0.0,1,Automóvil,Av. Pellegrini 3400,1,1,0,0,0,0,0,,Avenida,,ROSARIO,Rosario,Asfalto,No existe,II,S/D,Urbana,S/D,S/D,Recta,Bueno,S/D,Diurna,S/D,Contra objeto fijo,S/D,Colisión,S/D,S/D,Cordón divisorio,S/D,"-32.9515704, -60.6721928",['Pellegrini 3400'],1,Pellegrini 3400,-32.9515704,-60.6721928,55.0,538.0,Municipio Rosario,Municipio,Rosario,820210,Servicio de Catastro e Información Territorial,IGN
2016,9305,2016-12-05,Lunes,0.0,11:30:00,,0.0,2,"Automóvil,Peatón",San Lorenzo Y Mitre,2,1,0,0,1,0,0,,Calle,,ROSARIO,Rosario,Asfalto,No existe,II,Dentro,Urbana,Semáforo,Funciona,Intersección,Bueno,Buena,Diurna,Buen Tiempo,S/D,Peatón,Atropello,Ninguna,Vertical,Ninguna,Sin restricción,POINT (-60.6390063 -32.9438873),"['San Lorenzo', 'Mitre']",2,"('San Lorenzo', 'Bartolomé Mitre')",-32.9438873,-60.6390063,55.0,538.0,Municipio Rosario,Municipio,Rosario,820210,Servicio de Catastro e Información Territorial,IGN
2016,9306,2016-12-20,Martes,0.0,11:52:00,,0.0,1,Transporte de Pasajeros Urbano (> 8 asientos),Bv. Avellaneda Y Mendoza,4,3,0,0,1,0,0,,Avenida,,ROSARIO,Rosario,Asfalto,No existe,II,S/D,Urbana,S/D,S/D,S/D,Bueno,S/D,Diurna,S/D,S/D,S/D,Caída ocupante,S/D,S/D,S/D,S/D,POINT (-60.680421100000004 -32.94423964999999),"['Avellaneda', 'Mendoza']",2,Bulevar Nicolás Avellaneda; Mendoza,-32.94423964999999,-60.6804211,55.0,538.0,Municipio Rosario,Municipio,Rosario,820210,Servicio de Catastro e Información Territorial,IGN
2016,9307,2016-12-06,Martes,0.0,,,0.0,2,"Automóvil,Moto/Ciclomotor",San Lorenzo Y Entre Rios,2,2,0,0,0,0,0,,Calle,,ROSARIO,Rosario,Asfalto,No existe,II,Dentro,Urbana,Ninguna,Funciona,Intersección,Bueno,Buena,Diurna,Buen Tiempo,S/D,S/D,Colisión,Ninguna,Vertical,Ninguna,Sin restricción,POINT (-60.6403682 -32.94364579999999),"['San Lorenzo', 'Entre Ríos']",2,San Lorenzo; Entre Ríos,-32.94364579999999,-60.6403682,55.0,538.0,Municipio Rosario,Municipio,Rosario,820210,Servicio de Catastro e Información Territorial,IGN
2016,9308,2016-12-06,Martes,0.0,,,0.0,2,"Pickup/Utilitario,Moto/Ciclomotor",San Martin Y Catamarca,2,1,0,0,1,0,0,,Calle,,ROSARIO,Rosario,Asfalto,Pavimento,II,Dentro,Urbana,Ninguna,No existe,Intersección,Bueno,Buena,S/D,Buen Tiempo,S/D,S/D,Colisión,Ninguna,Faltante,Ninguna,Sin restricción,POINT (-60.63530310000001 -32.94107439999999),"['San Martin', 'Catamarca']",2,José de San Martín; Catamarca,-32.94107439999999,-60.63530310000001,55.0,538.0,Municipio Rosario,Municipio,Rosario,820210,Servicio de Catastro e Información Territorial,IGN
2016,9309,2016-12-09,Viernes,0.0,17:10:00,,0.0,2,"Automóvil,Automóvil",Bv. Oroño Y Catamarca,3,2,0,0,1,0,0,,Calle,,ROSARIO,Rosario,Asfalto,Pavimento,II,Dentro,Urbana,Semáforo,Funciona,Intersección,Bueno,Buena,Diurna,Buen Tiempo,De alcance,S/D,Colisión,Ninguna,Vertical,Ninguna,Sin restricción,POINT (-60.651806750000006 -32.9378818),"['Bulevar Nicasio Oroño', 'Catamarca']",2,Bulevar Nicasio Oroño; Catamarca,-32.9378818,-60.651806750000006,55.0,538.0,Municipio Rosario,Municipio,Rosario,820210,Servicio de Catastro e Información Territorial,IGN
2016,9310,2016-12-07,Miercoles,0.0,13:20:00,,0.0,2,"Moto/Ciclomotor,Taxi/Remis",Suipacha Y Rioja,4,1,1,0,2,0,0,,Calle,,ROSARIO,Rosario,Asfalto,S/D,II,S/D,Urbana,S/D,S/D,S/D,S/D,S/D,Diurna,S/D,S/D,S/D,Colisión,S/D,S/D,S/D,S/D,POINT (-60.66447840000001 -32.94294049999999),"['Suipacha', 'Rioja']",2,Suipacha; Rioja,-32.94294049999999,-60.66447840000001,55.0,538.0,Municipio Rosario,Municipio,Rosario,820210,Servicio de Catastro e Información Territorial,IGN
2016,9313,2016-12-07,Miercoles,0.0,18:10:00,,0.0,2,"Automóvil,Moto/Ciclomotor",9 De Julio Y Gutenberg,3,1,0,0,2,0,0,,Calle,,ROSARIO,Rosario,Asfalto,No existe,II,S/D,Urbana,S/D,S/D,S/D,S/D,S/D,Diurna,S/D,S/D,S/D,Colisión,S/D,S/D,S/D,S/D,POINT (-60.6891601 -32.94506019999999),"['9 de Julio', 'Gutenberg']",2,9 de Julio; Gutenberg,-32.94506019999999,-60.6891601,55.0,538.0,Municipio Rosario,Municipio,Rosario,820210,Servicio de Catastro e Información Territorial,IGN
2016,9314,2016-12-15,Jueves,0.0,19:50:00,,0.0,2,"Taxi/Remis,Peatón",Salta Y Pte.Roca,2,1,0,0,1,0,0,,Calle,,ROSARIO,Rosario,Asfalto,Pavimento,II,Dentro,Urbana,Semáforo,Funciona,Intersección,Bueno,Buena,Diurna,Buen Tiempo,S/D,Peatón,Atropello,S/D,Vertical,Ninguna,Sin restricción,POINT (-60.6433407 -32.938203599999994),"['Salta', 'Roca']",2,Salta; Presidente Roca,-32.938203599999994,-60.6433407,55.0,538.0,Municipio Rosario,Municipio,Rosario,820210,Servicio de Catastro e Información Territorial,IGN
2016,9315,2016-12-16,Viernes,0.0,14:30:00,,0.0,2,"Automóvil,Moto/Ciclomotor",Alvear Y Urquiza,2,1,0,0,1,0,0,,Calle,,ROSARIO,Rosario,Hormigón,Pavimento,II,Dentro,Urbana,Ninguna,No existe,Intersección,Bueno,Buena,Diurna,Buen Tiempo,S/D,S/D,Vuelco,Ninguna,Faltante,Ninguna,Sin restricción,POINT (-60.653803100000005 -32.9399875),"['Alvear', 'Urquiza']",2,Alvear; Justo José de Urquiza,-32.9399875,-60.653803100000005,55.0,538.0,Municipio Rosario,Municipio,Rosario,820210,Servicio de Catastro e Información Territorial,IGN