anio_acci,nro_acci,fecha,desc_dia,fecha_aprox,hora_aprox,desc_ruta,km,cant_participantes,desc_participante,calle_avenida_km,total,heridos_leves,heridos_graves,heridos_gravisimos,ilesos,fallecidos,sin_datos,posicion_XY,desc_tipo_via,desc_ruta_ori,desc_loc,desc_dpto,desc_tipo_calzada,desc_tipo_banquina,desc_unidad_regional,desc_lugar_calzada,desc_zona,desc_prioridad,desc_estado_semaforo,desc_lugar_via,desc_estado_via,desc_estado_visibilidad,desc_luminosidad,desc_estado_clima,desc_tipo_colision,desc_tipo_atropello,desc_tipo_hecho,desc_pres_calzada,desc_senializacion,desc_separacion_via,desc_restriccion,forma_geocod,calle_lista,numero_calles,calles_osm,lat,lon,index_right,gid,fna,gna,nam,in1,fdc,sag
2016,9376,2016-12-17,Sabado,0.0,10:00:00,,0.0,2,"Bicicleta,Automóvil",Don Bosco 137,2,0,0,1,1,0,0,,Calle,,ROSARIO,Rosario,Asfalto,No existe,II,Dentro,Urbana,S/D,No existe,Recta,Bueno,Buena,Diurna,Buen Tiempo,S/D,Ciclista,Atropello,Ninguna,Faltante,Ninguna,Sin restricción,"-32.928782346938775, -60.6802628",['Don Bosco 137'],1,Don Bosco 137,-32.928782346938775,-60.6802628,55.0,538.0,Municipio Rosario,Municipio,Rosario,820210,Servicio de Catastro e Información Territorial,IGN
2016,9378,2016-12-24,Sabado,0.0,7:00:00,,0.0,2,"Automóvil,Moto/Ciclomotor",Av. Alberdi Bis Y Albert Sabin,2,1,0,0,1,0,0,,Avenida,,ROSARIO,Rosario,Asfalto,No existe,II,Dentro,Urbana,Semáforo,Funciona,Intersección,S/D,Buena,Diurna,Buen Tiempo,Lateral,S/D,Colisión,S/D,"Horizontal,Vertical",S/D,Sin restricción,POINT (-60.67368635 -32.93013245),"['Alberdi', 'Avenida Travesía Albert Sabin']",2,Avenida Alberdi; Avenida Travesía Albert Sabin,-32.93013245,-60.67368635,55.0,538.0,Municipio Rosario,Municipio,Rosario,820210,Servicio de Catastro e Información Territorial,IGN
2016,9380,2016-12-22,Jueves,0.0,22:15:00,,0.0,2,"Moto/Ciclomotor,Automóvil",Av. Luis Carballo Y Velez Sarsfield,2,1,0,0,1,0,0,,Avenida,,ROSARIO,Rosario,S/D,No existe,II,Dentro,Urbana,Semáforo,Funciona,Intersección,S/D,Buena,Nocturna,Buen Tiempo,Lateral,S/D,Colisión,S/D,"Horizontal,Vertical",Barrera de hormigón,S/D,POINT (-60.66280744999999 -32.924634),"['Avenida Doctor Luis Cándido Carballo', 'Vélez Sarsfield']",2,Avenida Doctor Luis Cándido Carballo; Vélez Sarsfield,-32.924634,-60.66280744999999,55.0,538.0,Municipio Rosario,Municipio,Rosario,820210,Servicio de Catastro e Información Territorial,IGN
2016,9381,2016-12-05,Lunes,0.0,,,0.0,1,Moto/Ciclomotor,Gorriti Y Iguazu,2,1,0,0,1,0,0,,Calle,,ROSARIO,Rosario,Asfalto,S/D,II,Dentro,Urbana,S/D,S/D,Intersección,Bueno,S/D,S/D,Buen Tiempo,Contra objeto fijo,S/D,Colisión,S/D,S/D,S/D,S/D,POINT (-60.6865399 -32.9236246),"['Gorriti', 'Iguazu']",2,Gorriti; Iguazú,-32.9236246,-60.6865399,55.0,538.0,Municipio Rosario,Municipio,Rosario,820210,Servicio de Catastro e Información Territorial,IGN
2016,9434,2016-12-06,Martes,0.0,9:30:00,,0.0,2,"Automóvil,Moto/Ciclomotor",Bv. Rondeau Y Castagnino,2,1,0,0,1,0,0,,Avenida,,ROSARIO,Rosario,Asfalto,No existe,II,Dentro,Urbana,S/D,Funciona,Intersección,Bueno,Buena,Diurna,Buen Tiempo,Lateral,S/D,Colisión,Ninguna,Horizontal,Cordón divisorio,Sin restricción,POINT (-60.69153045 -32.897260900000006),"['Rondeau', 'Castagnino']",2,Bulevar General José Rondeau; Castagnino,-32.897260900000006,-60.69153045,55.0,538.0,Municipio Rosario,Municipio,Rosario,820210,Servicio de Catastro e Información Territorial,IGN
2016,9436,2016-12-12,Lunes,0.0,12:00:00,,0.0,2,"Bicicleta,Automóvil",Av. Sorrento Y 8 de Noviembre,3,2,0,0,1,0,0,,Avenida,,ROSARIO,Rosario,Asfalto,No existe,II,Dentro,Urbana,Semáforo,Funciona,Intersección,Bueno,Buena,Diurna,Buen Tiempo,S/D,S/D,Atropello,Ninguna,Horizontal,Cordón divisorio,Sin restricción,POINT (-60.689421100000004 -32.9071237),"['Sorrento', 'Ocho de Noviembre']",2,Avenida Sorrento; Ocho de Noviembre,-32.9071237,-60.6894211,55.0,538.0,Municipio Rosario,Municipio,Rosario,820210,Servicio de Catastro e Información Territorial,IGN
2016,9437,2016-12-22,Jueves,0.0,17:15:00,,0.0,2,"Automóvil,Moto/Ciclomotor",Ayacucho Y Centeno,2,1,0,0,1,0,0,,Calle,,ROSARIO,Rosario,Asfalto,Pavimento,II,Dentro,Urbana,Ninguna,No existe,Intersección,Bueno,Buena,Diurna,Buen Tiempo,Lateral,S/D,Colisión,Ninguna,Faltante,Ninguna,Sin restricción,POINT (-60.6363617 -32.9868524),"['Ayacucho', 'Centeno']",2,Ayacucho; Coronel Centeno,-32.9868524,-60.6363617,55.0,538.0,Municipio Rosario,Municipio,Rosario,820210,Servicio de Catastro e Información Territorial,IGN
2016,9440,2016-12-16,Viernes,0.0,13:30:00,,0.0,2,"Automóvil,Peatón",Av. Arijon Y Ayacucho,2,1,0,0,1,0,0,,Avenida,,ROSARIO,Rosario,Asfalto,Pavimento,II,Dentro,Urbana,Ninguna,Funciona,Intersección,Bueno,Buena,Diurna,Buen Tiempo,S/D,Peatón,Atropello,Agua,S/D,Ninguna,Sin restricción,POINT (-60.6360487 -33.00266679999999),"['Avenida Manuel Arijón', 'Ayacucho']",2,Avenida Manuel Arijón; Ayacucho,-33.00266679999999,-60.6360487,55.0,538.0,Municipio Rosario,Municipio,Rosario,820210,Servicio de Catastro e Información Territorial,IGN
2016,9441,2016-12-14,Miercoles,0.0,11:00:00,,0.0,2,"Automóvil,Bicicleta",Reg.11 de Infanteria Y Buenos Aires,2,1,0,0,1,0,0,,Calle,,ROSARIO,Rosario,S/D,Pavimento,II,Dentro,Urbana,Ninguna,No existe,Intersección,Bueno,Buena,Diurna,Buen Tiempo,S/D,Ciclista,Atropello,Ninguna,S/D,Ninguna,Sin restricción,POINT (-60.64509290000001 -32.99870039999999),"['Regimiento 11', 'Buenos Aires']",2,Regimiento 11; Buenos Aires,-32.99870039999999,-60.64509290000001,55.0,538.0,Municipio Rosario,Municipio,Rosario,820210,Servicio de Catastro e Información Territorial,IGN
2016,9444,2016-12-19,Lunes,0.0,20:00:00,,0.0,1,Moto/Ciclomotor,Bv. Rondeau Y Herrera,2,0,1,0,1,0,0,,Avenida,,ROSARIO,Rosario,Asfalto,No existe,II,Dentro,Urbana,S/D,Funciona,Intersección,Bueno,Buena,Atardecer,Buen Tiempo,Lateral,S/D,Colisión,Ninguna,S/D,Cordón divisorio,Sin restricción,POINT (-60.69209 -32.89546034999999),"['Rondeau', 'Herrera']",2,Bulevar General José Rondeau; Franzini Herrera,-32.89546034999999,-60.69209,55.0,538.0,Municipio Rosario,Municipio,Rosario,820210,Servicio de Catastro e Información Territorial,IGN
2016,9445,2016-12-21,Miercoles,0.0,7:00:00,,0.0,1,Moto/Ciclomotor,Av. Sorrento Y Esquivel,1,1,0,0,0,0,0,,Avenida,,ROSARIO,Rosario,Asfalto,No existe,II,Dentro,Urbana,Ninguna,No existe,Intersección,Bueno,Buena,Diurna,Buen Tiempo,S/D,S/D,Caída ocupante,Ninguna,Horizontal,Línea divisoria pintada,Sin restricción,POINT (-60.70011100000001 -32.90741985),"['Sorrento', 'Esquivel']",2,Avenida Sorrento; Esquivel,-32.90741985,-60.70011100000001,55.0,538.0,Municipio Rosario,Municipio,Rosario,820210,Servicio de Catastro e Información Territorial,IGN
2016,9452,2016-12-22,Jueves,0.0,10:40:00,,0.0,2,"Pickup/Utilitario,Automóvil",Bv. Rondeau Y Luis Vila,2,1,0,0,1,0,0,,Avenida,,ROSARIO,Rosario,Asfalto,No existe,II,Dentro,Urbana,Semáforo,Funciona,Intersección,Bueno,Buena,Diurna,Buen Tiempo,Lateral,S/D,Colisión,Ninguna,Horizontal,Cordón divisorio,Sin restricción,POINT (-60.691285475 -32.89816437499999),"['Rondeau', 'Doctor Vila']",2,Bulevar General José Rondeau; Doctor Vila,-32.89816437499999,-60.691285475,55.0,538.0,Municipio Rosario,Municipio,Rosario,820210,Servicio de Catastro e Información Territorial,IGN
2016,9454,2016-12-23,Viernes,0.0,19:25:00,,0.0,2,"Taxi/Remis,Bicicleta",Bv. Rondeau Y Gurruchaga,2,0,1,0,1,0,0,,Avenida,,ROSARIO,Rosario,Asfalto,No existe,II,Dentro,Urbana,Semáforo,Funciona,Intersección,Bueno,Buena,Atardecer,Buen Tiempo,S/D,Ciclista,Atropello,Ninguna,Horizontal,Cordón divisorio,Sin restricción,POINT (-60.68916395 -32.90512564999999),"['Rondeau', 'Gurruchaga']",2,Bulevar General José Rondeau; Gurruchaga,-32.90512564999999,-60.68916395,55.0,538.0,Municipio Rosario,Municipio,Rosario,820210,Servicio de Catastro e Información Territorial,IGN
2016,9456,2016-12-26,Lunes,0.0,17:35:00,,0.0,2,"Automóvil,Moto/Ciclomotor",Bv. Rondeau Y Luis Vila,4,1,0,0,3,0,0,,Avenida,,ROSARIO,Rosario,Asfalto,No existe,II,Dentro,Urbana,Semáforo,Funciona,Recta,Bueno,Buena,Atardecer,Buen Tiempo,Lateral,S/D,Colisión,Ninguna,Horizontal,Cordón divisorio,Sin restricción,POINT (-60.691285475 -32.89816437499999),"['Rondeau', 'Doctor Vila']",2,Bulevar General José Rondeau; Doctor Vila,-32.89816437499999,-60.691285475,55.0,538.0,Municipio Rosario,Municipio,Rosario,820210,Servicio de Catastro e Información Territorial,IGN
2016,9457,2016-12-28,Miercoles,0.0,17:10:00,,0.0,2,"Transporte de Pasajeros Urbano (> 8 asientos),Moto/Ciclomotor",Washington Y Zelaya,2,0,1,0,1,0,0,,Calle,,ROSARIO,Rosario,Asfalto,No existe,II,Dentro,Urbana,Señal Pare,No existe,Intersección,Bueno,Buena,Atardecer,Buen Tiempo,Lateral,S/D,Colisión,Ninguna,Horizontal,Línea divisoria pintada,Sin restricción,POINT (-60.693950400000006 -32.90199580000001),"['Washington', 'Zelaya']",2,Washington; Zelaya,-32.90199580000001,-60.693950400000006,55.0,538.0,Municipio Rosario,Municipio,Rosario,820210,Servicio de Catastro e Información Territorial,IGN
2016,9460,2016-12-31,Sabado,0.0,,,0.0,2,"Automóvil,Moto/Ciclomotor",Ameghino Y Laprida,2,1,0,0,1,0,0,,Calle,,ROSARIO,Rosario,Asfalto,Pavimento,II,Dentro,Urbana,Ninguna,S/D,Intersección,Bueno,Buena,Atardecer,Buen Tiempo,Lateral,S/D,Colisión,Ninguna,Faltante,Ninguna,S/D,POINT (-60.644456700000006 -32.98781970000001),"['Ameghino', 'Laprida']",2,Ameghino; Francisco Narciso Laprida,-32.98781970000001,-60.644456700000006,55.0,538.0,Municipio Rosario,Municipio,Rosario,820210,Servicio de Catastro e Información Territorial,IGN
2016,9461,2016-12-01,Jueves,0.0,10:30:00,,0.0,2,"Automóvil,Moto/Ciclomotor",Rodriguez Y Urquiza,3,2,0,0,1,0,0,,Calle,,ROSARIO,Rosario,Asfalto,No existe,II,Dentro,Urbana,Ninguna,No existe,Intersección,Bueno,Buena,Nocturna,Buen Tiempo,S/D,S/D,Colisión,S/D,S/D,Ninguna,Sin restricción,POINT (-60.65783139999999 -32.939287699999994),"['Rodríguez', 'Urquiza']",2,Rodríguez de Escobedo; Justo José de Urquiza,-32.939287699999994,-60.65783139999999,55.0,538.0,Municipio Rosario,Municipio,Rosario,820210,Servicio de Catastro e Información Territorial,IGN
2016,9464,2016-12-05,Lunes,0.0,8:50:00,,0.0,2,"Pickup/Utilitario,Automóvil",Gaboto Y Necochea,2,1,0,0,1,0,0,,Calle,,ROSARIO,Rosario,Asfalto,No existe,II,Dentro,Urbana,Ninguna,No existe,Intersección,Bueno,Buena,Diurna,Buen Tiempo,Lateral,S/D,Colisión,Ninguna,Faltante,Ninguna,Sin restricción,POINT (-60.630944 -32.97584009999999),"['Gaboto', 'Necochea']",2,Gaboto; Necochea,-32.97584009999999,-60.630944,55.0,538.0,Municipio Rosario,Municipio,Rosario,820210,Servicio de Catastro e Información Territorial,IGN
2016,9465,2016-12-03,Sabado,0.0,10:00:00,,0.0,2,"Moto/Ciclomotor,Transporte de Pasajeros Urbano (> 8 asientos)",J.M.de Rosas Y Bv. Segui,2,1,0,0,1,0,0,,Avenida,,ROSARIO,Rosario,Asfalto,No existe,II,Dentro,Urbana,Ninguna,No existe,Intersección,Bueno,Buena,Diurna,Buen Tiempo,Lateral,S/D,Colisión,Ninguna,Faltante,Cordón divisorio,Sin restricción,POINT (-60.63947580000001 -32.98032074999999),"['De Rosas', 'Bulevar Juan Francisco Seguí']",2,Juan Manuel de Rosas; Bulevar Juan Francisco Seguí,-32.98032074999999,-60.63947580000001,55.0,538.0,Municipio Rosario,Municipio,Rosario,820210,Servicio de Catastro e Información Territorial,IGN
2016,9466,2016-12-12,Lunes,0.0,14:30:00,,0.0,2,"Moto/Ciclomotor,Automóvil",Crespo Y San Lorenzo,3,2,0,0,1,0,0,,Calle,,ROSARIO,Rosario,Asfalto,No existe,II,Dentro,Urbana,Ninguna,No existe,Recta,Bueno,Buena,Diurna,Buen Tiempo,S/D,S/D,Colisión,Ninguna,Faltante,S/D,Sin restricción,POINT (-60.66769409999999 -32.938742999999995),"['Crespo', 'San Lorenzo']",2,Crespo; San Lorenzo,-32.938742999999995,-60.66769409999999,55.0,538.0,Municipio Rosario,Municipio,Rosario,820210,Servicio de Catastro e Información Territorial,IGN
2016,9467,2016-12-16,Viernes,0.0,9:50:00,,0.0,2,"Bicicleta,Automóvil",Saavedra Y 1 de Mayo,2,1,0,0,1,0,0,,Calle,,ROSARIO,Rosario,Asfalto,No existe,II,Dentro,Urbana,Ninguna,No existe,Intersección,Bueno,Buena,Diurna,Buen Tiempo,S/D,Ciclista,Atropello,Ninguna,Faltante,Ninguna,Sin restricción,POINT (-60.63759699999999 -32.9794729),"['Saavedra', 'Primero de Mayo']",2,Saavedra; Primero de Mayo,-32.9794729,-60.63759699999999,55.0,538.0,Municipio Rosario,Municipio,Rosario,820210,Servicio de Catastro e Información Territorial,IGN
2016,9468,2016-12-12,Lunes,0.0,15:00:00,,0.0,2,"Moto/Ciclomotor,Automóvil",Catamarca Y Rodriguez,2,1,0,0,1,0,0,,Calle,,ROSARIO,Rosario,Asfalto,Pavimento,II,Dentro,Urbana,Ninguna,No existe,Recta,Bueno,Buena,Diurna,Buen Tiempo,S/D,S/D,Colisión,Ninguna,Faltante,Ninguna,Sin restricción,POINT (-60.6572387 -32.9369145),"['Catamarca', 'Rodríguez']",2,Catamarca; Rodríguez de Escobedo,-32.9369145,-60.6572387,55.0,538.0,Municipio Rosario,Municipio,Rosario,820210,Servicio de Catastro e Información Territorial,IGN
2016,9469,2016-12-13,Martes,0.0,8:50:00,,0.0,2,"Automóvil,Automóvil",Salta Y Iriondo,3,2,0,0,1,0,0,,Calle,,ROSARIO,Rosario,Asfalto,No existe,II,S/D,Urbana,Semáforo,Funciona,Recta,Bueno,Buena,Diurna,Buen Tiempo,S/D,S/D,Colisión,Ninguna,Horizontal,S/D,Sin restricción,POINT (-60.6678744 -32.933836899999996),"['Salta', 'Iriondo']",2,Salta; Iriondo,-32.9338369,-60.6678744,55.0,538.0,Municipio Rosario,Municipio,Rosario,820210,Servicio de Catastro e Información Territorial,IGN
2016,9470,2016-12-14,Miercoles,0.0,0:15:00,,0.0,2,"Automóvil,Moto/Ciclomotor",Vera Mujica Y San Lorenzo,2,1,0,0,1,0,0,,Calle,,ROSARIO,Rosario,Asfalto,No existe,II,Dentro,Urbana,Ninguna,No existe,Recta,Bueno,Buena,"Nocturna,Con luz artificial",Buen Tiempo,S/D,S/D,Colisión,S/D,Faltante,Ninguna,Sin restricción,POINT (-60.6663154 -32.938987100000006),"['Vera Mujíca', 'San Lorenzo']",2,Vera Mujíca; San Lorenzo,-32.938987100000006,-60.6663154,55.0,538.0,Municipio Rosario,Municipio,Rosario,820210,Servicio de Catastro e Información Territorial,IGN
2016,9471,2016-12-21,Miercoles,0.0,13:15:00,,0.0,2,"Peatón,Moto/Ciclomotor",Av. Francia Y Santa Fe,2,1,0,0,1,0,0,,Calle,,ROSARIO,Rosario,Asfalto,No existe,II,Dentro,Urbana,Semáforo,Funciona,Recta,Bueno,Buena,Diurna,Buen Tiempo,S/D,S/D,Atropello,Ninguna,Vertical,Ninguna,Sin restricción,POINT (-60.66519785 -32.94019899999999),"['Avenida Francia', 'Santa Fe']",2,Avenida Francia; Santa Fe,-32.94019899999999,-60.66519785,55.0,538.0,Municipio Rosario,Municipio,Rosario,820210,Servicio de Catastro e Información Territorial,IGN
2016,9472,2016-12-22,Jueves,0.0,22:00:00,,0.0,2,"Automóvil,Automóvil",Santiago Y Brown,2,1,0,0,1,0,0,,Calle,,ROSARIO,Rosario,Asfalto,No existe,II,Dentro,Urbana,Ninguna,No existe,Recta,Bueno,Buena,Nocturna,Buen Tiempo,S/D,S/D,Colisión,S/D,Vertical,Ninguna,Sin restricción,POINT (-60.653646800000004 -32.9339372),"['Santiago', 'Brown']",2,Santiago; Almirante Brown,-32.9339372,-60.6536468,55.0,538.0,Municipio Rosario,Municipio,Rosario,820210,Servicio de Catastro e Información Territorial,IGN
2016,9473,2016-12-28,Miercoles,0.0,9:40:00,,0.0,2,"Moto/Ciclomotor,Automóvil",24 De Setiembre Y Colon,2,1,0,0,1,0,0,,Calle,,ROSARIO,Rosario,Asfalto,No existe,II,Dentro,Urbana,Ninguna,No existe,Intersección,Bueno,Buena,Diurna,Buen Tiempo,Lateral,S/D,Colisión,Ninguna,Faltante,Ninguna,Sin restricción,POINT (-60.634014500000006 -32.982497599999995),"['24 de Septiembre', 'Colon']",2,24 de Septiembre; Cristóbal Colón,-32.982497599999995,-60.634014500000006,55.0,538.0,Municipio Rosario,Municipio,Rosario,820210,Servicio de Catastro e Información Territorial,IGN
2016,9474,2016-12-22,Jueves,0.0,21:00:00,,0.0,2,"Moto/Ciclomotor,Automóvil",Rivadavia 2800,3,1,1,0,1,0,0,,Calle,,ROSARIO,Rosario,Asfalto,No existe,II,Dentro,Urbana,Ninguna,No existe,Recta,Bueno,Buena,"Nocturna,Con luz artificial",Buen Tiempo,S/D,S/D,Colisión,S/D,Vertical,Ninguna,Sin restricción,"-32.9322837, -60.6492248",['Rivadavia 2800'],1,Rivadavia 2800,-32.9322837,-60.6492248,55.0,538.0,Municipio Rosario,Municipio,Rosario,820210,Servicio de Catastro e Información Territorial,IGN
2016,9475,2016-12-31,Sabado,0.0,14:00:00,,0.0,2,"Automóvil,Vehículo Oficial",Garibaldi Y L.N.Alem,3,2,0,0,1,0,0,,Calle,,ROSARIO,Rosario,Asfalto,No existe,II,Dentro,Urbana,Marca Vial,No existe,Intersección,Bueno,Buena,Diurna,Buen Tiempo,Lateral,S/D,Colisión,Ninguna,Vertical,Línea divisoria pintada,Sin restricción,POINT (-60.638231499999996 -32.9877088),"['José Garibaldi', 'Alem']",2,José Garibaldi; Leandro N. Alem,-32.9877088,-60.6382315,55.0,538.0,Municipio Rosario,Municipio,Rosario,820210,Servicio de Catastro e Información Territorial,IGN
2016,9476,2016-12-22,Jueves,0.0,8:30:00,,0.0,2,"Peatón,Moto/Ciclomotor",Av. Francia Y Catamarca,2,1,0,0,1,0,0,,Calle,,ROSARIO,Rosario,Asfalto,No existe,II,Dentro,Urbana,Semáforo,Funciona,Recta,Bueno,Buena,Diurna,Buen Tiempo,S/D,S/D,Atropello,Ninguna,S/D,S/D,Sin restricción,POINT (-60.66406215000001 -32.93570015),"['Avenida Francia', 'Catamarca']",2,Avenida Francia; Catamarca,-32.93570015,-60.66406215000001,55.0,538.0,Municipio Rosario,Municipio,Rosario,820210,Servicio de Catastro e Información Territorial,IGN
2016,9477,2016-12-23,Viernes,0.0,18:20:00,,0.0,2,"Moto/Ciclomotor,Automóvil",Rodriguez Y Guemes,2,1,0,0,1,0,0,,Calle,,ROSARIO,Rosario,Asfalto,No existe,II,Dentro,Urbana,S/D,No existe,Recta,Bueno,Buena,Atardecer,S/D,S/D,S/D,Colisión,S/D,S/D,Ninguna,Sin restricción,POINT (-60.6560836 -32.9322852),"['Rodríguez', 'Güemes']",2,Rodríguez de Escobedo; Güemes,-32.9322852,-60.6560836,55.0,538.0,Municipio Rosario,Municipio,Rosario,820210,Servicio de Catastro e Información Territorial,IGN
2016,9478,2016-12-28,Miercoles,0.0,8:40:00,,0.0,1,Transporte de Pasajeros Urbano (> 8 asientos),Bv. Avellaneda Y San Lorenzo,2,1,0,0,1,0,0,,Avenida,,ROSARIO,Rosario,Asfalto,No existe,II,Dentro,Urbana,Ninguna,Funciona,Recta,Bueno,Buena,Diurna,Buen Tiempo,S/D,S/D,Caída ocupante,Ninguna,Vertical,Ninguna,Sin restricción,POINT (-60.67856895 -32.936793300000005),"['Avellaneda', 'San Lorenzo']",2,Bulevar Nicolás Avellaneda; San Lorenzo,-32.936793300000005,-60.67856895,55.0,538.0,Municipio Rosario,Municipio,Rosario,820210,Servicio de Catastro e Información Territorial,IGN
2016,9524,2016-11-09,Miercoles,0.0,,,0.0,2,"Automóvil,Peatón",Superi Y Medrano,2,0,1,0,1,0,0,,Calle,,ROSARIO,Rosario,Asfalto,No existe,II,Dentro,Urbana,Ninguna,No existe,Recta,Bueno,Buena,Diurna,Buen Tiempo,S/D,Peatón,Atropello,Ninguna,Faltante,Cordón divisorio,Sin restricción,POINT (-60.70128499999999 -32.8961773),"['Superi', 'Medrano']",2,Comandante José Superí; Medrano,-32.8961773,-60.70128499999999,55.0,538.0,Municipio Rosario,Municipio,Rosario,820210,Servicio de Catastro e Información Territorial,IGN
2016,9525,2016-11-15,Martes,0.0,4:36:00,,0.0,2,"Automóvil,Moto/Ciclomotor",Superi 2000,3,1,0,0,0,0,2,,Calle,,ROSARIO,Rosario,Asfalto,No existe,II,Dentro,Urbana,Ninguna,No existe,Recta,Bueno,Buena,Nocturna,Buen Tiempo,Lateral,S/D,Colisión,Ninguna,Faltante,Barrera de hormigón,Sin restricción,"-32.8931607, -60.6871924",['Superi 2000'],1,Superi 2000,-32.8931607,-60.6871924,55.0,538.0,Municipio Rosario,Municipio,Rosario,820210,Servicio de Catastro e Información Territorial,IGN
2016,9527,2016-12-27,Martes,0.0,16:15:00,,0.0,2,"Taxi/Remis,Moto/Ciclomotor",Bv. Rondeau 2800,2,1,0,0,0,0,1,,Avenida,,ROSARIO,Rosario,Asfalto,Pavimento,II,Dentro,Urbana,S/D,S/D,Recta,Bueno,Buena,Diurna,Buen Tiempo,S/D,S/D,Colisión,S/D,S/D,Ninguna,S/D,"-32.8873086, -60.6943318",['Rondeau 2800'],1,Rondeau 2800,-32.8873086,-60.6943318,55.0,538.0,Municipio Rosario,Municipio,Rosario,820210,Servicio de Catastro e Información Territorial,IGN
2016,9528,2016-12-20,Martes,0.0,11:50:00,,0.0,2,"Automóvil,Automóvil",G.Carrasco 3700,3,1,0,0,2,0,0,,S/D,,ROSARIO,Rosario,Asfalto,S/D,II,S/D,Urbana,S/D,S/D,Recta,Bueno,Buena,Diurna,Buen Tiempo,S/D,S/D,Colisión,Ninguna,S/D,Ninguna,S/D,"-32.87174, -60.6901909",['G Carrasco 3700'],1,G Carrasco 3700,-32.87174,-60.6901909,55.0,538.0,Municipio Rosario,Municipio,Rosario,820210,Servicio de Catastro e Información Territorial,IGN
2016,9529,2016-12-25,Domingo,0.0,19:55:00,,0.0,2,"Automóvil,Moto/Ciclomotor",Bv. Rondeau 4000,2,1,0,0,0,0,1,,S/D,,ROSARIO,Rosario,Asfalto,S/D,II,S/D,Urbana,S/D,S/D,Intersección,Bueno,S/D,Nocturna,S/D,S/D,S/D,Colisión,Ninguna,S/D,S/D,S/D,"-32.8779135, -60.6971911",['Rondeau 4000'],1,Rondeau 4000,-32.8779135,-60.6971911,55.0,538.0,Municipio Rosario,Municipio,Rosario,820210,Servicio de Catastro e Información Territorial,IGN
2016,9546,2016-12-02,Viernes,0.0,22:50:00,,0.0,2,"Automóvil,Peatón",Jose Ingenieros Y Colombia,2,1,0,0,1,0,0,,Calle,,ROSARIO,Rosario,Asfalto,No existe,II,Dentro,Urbana,Ninguna,No existe,Curva,Bueno,Buena,Nocturna,Buen Tiempo,De alcance,Peatón,Atropello,S/D,Faltante,Cordón divisorio,Sin restricción,POINT (-60.71755949999999 -32.91721139999999),"['José Ingenieros', 'Colombia']",2,José Ingenieros; Colombia,-32.91721139999999,-60.71755949999999,55.0,538.0,Municipio Rosario,Municipio,Rosario,820210,Servicio de Catastro e Información Territorial,IGN
2016,9547,2016-12-13,Martes,0.0,11:25:00,,0.0,2,"Automóvil,Moto/Ciclomotor",J.J.Paso Y Nicaragua,2,1,0,0,1,0,0,,Calle,,ROSARIO,Rosario,Asfalto,No existe,II,Dentro,Urbana,Ninguna,No existe,Intersección,Bueno,Buena,Diurna,Buen Tiempo,De alcance,S/D,Colisión,S/D,Faltante,Cordón divisorio,Sin restricción,POINT (-60.721380025 -32.9204958),"['Paso', 'Nicaragua']",2,Avenida Juan José Paso; Nicaragua,-32.9204958,-60.721380025,55.0,538.0,Municipio Rosario,Municipio,Rosario,820210,Servicio de Catastro e Información Territorial,IGN
2016,9548,2016-12-14,Miercoles,0.0,21:45:00,,0.0,2,"Automóvil,Moto/Ciclomotor",Av. Sorrento Y Av. Provincias Unidas,2,0,1,0,1,0,0,,Calle,,ROSARIO,Rosario,Asfalto,Natural,II,Dentro,Urbana,Señal Ceda el Paso,No existe,Recta,Bueno,Buena,Nocturna,Buen Tiempo,De alcance,S/D,Colisión,S/D,Vertical,Cordón divisorio,Sin restricción,POINT (-60.714102249999996 -32.9083328),"['Sorrento', 'Avenida Provincias Unidas']",2,Avenida Sorrento; Avenida Provincias Unidas,-32.9083328,-60.71410225,55.0,538.0,Municipio Rosario,Municipio,Rosario,820210,Servicio de Catastro e Información Territorial,IGN
2016,9549,2016-12-14,Miercoles,0.0,22:10:00,,0.0,2,"Moto/Ciclomotor,Moto/Ciclomotor",French Y Bolivia,2,1,0,0,1,0,0,,Calle,,ROSARIO,Rosario,Asfalto,No existe,II,Dentro,Urbana,Ninguna,No existe,Intersección,Bueno,Buena,Nocturna,Buen Tiempo,De alcance,S/D,Colisión,S/D,Faltante,Cordón divisorio,Sin restricción,POINT (-60.714649 -32.9218264),"['French', 'Bolivia']",2,Domingo French; Bolivia,-32.9218264,-60.714649,55.0,538.0,Municipio Rosario,Municipio,Rosario,820210,Servicio de Catastro e Información Territorial,IGN
2016,9550,2016-12-16,Viernes,0.0,8:30:00,,0.0,2,"Automóvil,Camión c / Acoplado",Av. Circunvalacion Y Av. Sorrento,3,2,0,0,1,0,0,,Calle,,ROSARIO,Rosario,Asfalto,No existe,II,Dentro,Urbana,Semáforo,Funciona,Recta,Bueno,Buena,Diurna,Buen Tiempo,De alcance,S/D,Colisión,S/D,Vertical,"Guardarrail,Línea divisoria pintada",Sin restricción,POINT (-60.72270983333334 -32.90836276666667),"['Circunvalacion', 'Sorrento']",2,"('Juan Pablo II', 'Avenida Sorrento')",-32.90836276666667,-60.72270983333334,55.0,538.0,Municipio Rosario,Municipio,Rosario,820210,Servicio de Catastro e Información Territorial,IGN