anio_acci,nro_acci,fecha,desc_dia,fecha_aprox,hora_aprox,desc_ruta,km,cant_participantes,desc_participante,calle_avenida_km,total,heridos_leves,heridos_graves,heridos_gravisimos,ilesos,fallecidos,sin_datos,posicion_XY,desc_tipo_via,desc_ruta_ori,desc_loc,desc_dpto,desc_tipo_calzada,desc_tipo_banquina,desc_unidad_regional,desc_lugar_calzada,desc_zona,desc_prioridad,desc_estado_semaforo,desc_lugar_via,desc_estado_via,desc_estado_visibilidad,desc_luminosidad,desc_estado_clima,desc_tipo_colision,desc_tipo_atropello,desc_tipo_hecho,desc_pres_calzada,desc_senializacion,desc_separacion_via,desc_restriccion,forma_geocod,calle_lista,numero_calles,calles_osm,lat,lon,index_right,gid,fna,gna,nam,in1,fdc,sag
2016,9552,2016-12-21,Miercoles,0.0,19:10:00,,0.0,2,"Automóvil,Moto/Ciclomotor",Magallanes Y J.J.Paso,2,1,0,0,1,0,0,,Calle,,ROSARIO,Rosario,Asfalto,S/D,II,Dentro,Urbana,S/D,S/D,Intersección,S/D,S/D,Diurna,S/D,S/D,S/D,Colisión,S/D,S/D,S/D,S/D,POINT (-60.70534740000001 -32.92000899999999),"['Magallanes', 'Paso']",2,"('Magallanes', 'Avenida Juan José Paso')",-32.92000899999999,-60.70534740000001,55.0,538.0,Municipio Rosario,Municipio,Rosario,820210,Servicio de Catastro e Información Territorial,IGN
2016,9562,2016-12-26,Lunes,0.0,19:30:00,,0.0,2,"Automóvil,Moto/Ciclomotor",Bv. Segui ,2,1,0,0,1,0,0,,Calle,,ROSARIO,Rosario,Asfalto,No existe,II,Dentro,Urbana,Ninguna,No existe,Recta,Bueno,Buena,Atardecer,Buen Tiempo,Frontal,S/D,Colisión,Ninguna,Faltante,Ninguna,Sin restricción,"-32.9715813, -60.7338576",['Bulevar Juan Francisco Seguí'],1,Bulevar Juan Francisco Seguí,-32.9715813,-60.7338576,55.0,538.0,Municipio Rosario,Municipio,Rosario,820210,Servicio de Catastro e Información Territorial,IGN
2016,9626,2016-08-28,Domingo,0.0,2:10:00,,0.0,2,"Automóvil,Bicicleta",San Juan Y Mariano Moreno,2,1,0,0,1,0,0,,Calle,,ROSARIO,Rosario,S/D,S/D,II,Dentro,Urbana,S/D,S/D,S/D,S/D,S/D,Nocturna,S/D,S/D,Ciclista,Atropello,S/D,S/D,S/D,S/D,POINT (-60.651551100000006 -32.94793200000001),"['San Juan', 'Mariano Moreno']",2,San Juan; Mariano Moreno,-32.94793200000001,-60.651551100000006,55.0,538.0,Municipio Rosario,Municipio,Rosario,820210,Servicio de Catastro e Información Territorial,IGN
2016,9627,2016-12-16,Viernes,0.0,8:10:00,,0.0,2,"Moto/Ciclomotor,Automóvil",Mendoza Y Italia,2,1,0,0,1,0,0,,Calle,,ROSARIO,Rosario,Asfalto,No existe,II,Dentro,Urbana,Ninguna,No existe,Intersección,Bueno,Buena,Diurna,Buen Tiempo,De alcance,S/D,Colisión,S/D,Faltante,Ninguna,Sin restricción,POINT (-60.6491502 -32.9498054),"['Mendoza', 'Italia']",2,Mendoza; Italia,-32.9498054,-60.6491502,55.0,538.0,Municipio Rosario,Municipio,Rosario,820210,Servicio de Catastro e Información Territorial,IGN
2016,9637,2016-12-25,Domingo,0.0,,,0.0,2,"Automóvil,Moto/Ciclomotor",Ciudadela Y Polledo,3,1,0,0,2,0,0,,Calle,,ROSARIO,Rosario,Asfalto,No existe,II,Dentro,Urbana,Ninguna,No existe,Intersección,Bueno,Buena,Con luz artificial,Buen Tiempo,Lateral,S/D,Colisión,Ninguna,S/D,Ninguna,Sin restricción,POINT (-60.7202725 -32.89226099999999),"['Ciudadela', 'Polledo']",2,Ciudadela; Polledo,-32.89226099999999,-60.7202725,55.0,538.0,Municipio Rosario,Municipio,Rosario,820210,Servicio de Catastro e Información Territorial,IGN
2016,9639,2016-07-21,Jueves,0.0,,,0.0,2,"Taxi/Remis,Moto/Ciclomotor",3 De Febrero Y Dorrego,2,1,0,0,1,0,0,,Calle,,ROSARIO,Rosario,S/D,S/D,II,Dentro,Urbana,S/D,S/D,S/D,S/D,S/D,Diurna,S/D,S/D,S/D,Colisión,S/D,S/D,S/D,S/D,POINT (-60.65079089999999 -32.9508141),"['3 de Febrero', 'Dorrego']",2,3 de Febrero; Manuel Dorrego,-32.9508141,-60.65079089999999,55.0,538.0,Municipio Rosario,Municipio,Rosario,820210,Servicio de Catastro e Información Territorial,IGN
2016,9656,2016-12-21,Miercoles,0.0,23:20:00,,0.0,1,Moto/Ciclomotor,Lopez Buchardo 2318,2,2,0,0,0,0,0,,Calle,,ROSARIO,Rosario,Asfalto,No existe,II,Dentro,Urbana,Ninguna,No existe,Recta,Bueno,Buena,Nocturna,Buen Tiempo,Contra objeto fijo,S/D,Colisión,Ninguna,Faltante,Ninguna,Desvío Provisorio,"-32.8921015, -60.7188969",['Lopez Buchardo 2318'],1,Lopez Buchardo 2318,-32.8921015,-60.7188969,55.0,538.0,Municipio Rosario,Municipio,Rosario,820210,Servicio de Catastro e Información Territorial,IGN
2016,9657,2016-12-15,Jueves,0.0,18:15:00,,0.0,2,"Moto/Ciclomotor,Automóvil",Palestina Y Camino de los Granaderos,2,1,0,0,1,0,0,,Calle,,ROSARIO,Rosario,Asfalto,No existe,II,Dentro,Urbana,Semáforo,No funciona,Intersección,Bueno,Buena,Diurna,Buen Tiempo,De alcance,S/D,Colisión,Ninguna,Faltante,Ninguna,Sin restricción,POINT (-60.710063950000006 -32.88599805),"['Palestina', 'Camino de los Granaderos']",2,Palestina; Camino de los Granaderos,-32.88599805,-60.710063950000006,55.0,538.0,Municipio Rosario,Municipio,Rosario,820210,Servicio de Catastro e Información Territorial,IGN
2016,9682,2016-08-18,Jueves,0.0,,,0.0,3,"Automóvil,Pickup/Utilitario,Camión",Av. Circunvalacion Y Mendoza,3,1,0,0,2,0,0,,S/D,,ROSARIO,Rosario,S/D,S/D,II,S/D,S/D,S/D,S/D,S/D,S/D,S/D,S/D,S/D,S/D,S/D,Colisión,S/D,S/D,S/D,S/D,POINT (-60.72253500134355 -32.94050844672854),"['Circunvalacion', 'Mendoza']",2,Avenida de Circunvalación 25 de Mayo; Mendoza,-32.94050844672854,-60.72253500134355,55.0,538.0,Municipio Rosario,Municipio,Rosario,820210,Servicio de Catastro e Información Territorial,IGN
2016,9691,2016-12-07,Miercoles,0.0,15:20:00,,0.0,2,"Automóvil,Moto/Ciclomotor",Casiano Casas Y Larrechea,3,2,0,0,1,0,0,,Calle,,ROSARIO,Rosario,Asfalto,No existe,II,Dentro,Urbana,Ninguna,No existe,Recta,Bueno,Buena,Diurna,Buen Tiempo,Lateral,S/D,Colisión,Ninguna,Faltante,Cordón divisorio,Sin restricción,POINT (-60.713658 -32.8987052),"['Avenida Casiano Casas', 'Larrechea']",2,Avenida Casiano Casas; Larrechea,-32.8987052,-60.713658,55.0,538.0,Municipio Rosario,Municipio,Rosario,820210,Servicio de Catastro e Información Territorial,IGN
2016,9692,2016-12-07,Miercoles,0.0,8:30:00,,0.0,2,"Automóvil,Bicicleta",Superi 1700,2,1,0,0,1,0,0,,Calle,,ROSARIO,Rosario,Asfalto,No existe,II,Dentro,Urbana,Ninguna,No existe,Recta,Bueno,Buena,Diurna,Buen Tiempo,S/D,Ciclista,Atropello,S/D,Faltante,Cordón divisorio,Sin restricción,"-32.8965119, -60.7047437",['Superi 1700'],1,Superi 1700,-32.8965119,-60.7047437,55.0,538.0,Municipio Rosario,Municipio,Rosario,820210,Servicio de Catastro e Información Territorial,IGN
2016,9693,2016-12-24,Sabado,0.0,23:40:00,,0.0,2,"Automóvil,Moto/Ciclomotor",Lopez Buchardo Y Baigorria,3,2,0,0,1,0,0,,Calle,,ROSARIO,Rosario,Asfalto,No existe,II,Dentro,Urbana,Ninguna,No existe,Recta,Bueno,Buena,Nocturna,Buen Tiempo,S/D,S/D,Colisión,S/D,Faltante,Barrera de hormigón,Sin restricción,POINT (-60.71774010000001 -32.89396309999999),"['López Buchardo', 'Baigorria']",2,López Buchardo; Baigorria,-32.89396309999999,-60.71774010000001,55.0,538.0,Municipio Rosario,Municipio,Rosario,820210,Servicio de Catastro e Información Territorial,IGN
2016,9694,2016-12-12,Lunes,0.0,17:20:00,,0.0,2,"Automóvil,Moto/Ciclomotor",Alvear ,3,2,0,0,1,0,0,,Calle,,ROSARIO,Rosario,Asfalto,S/D,II,Dentro,Urbana,Ninguna,No existe,Intersección,Bueno,Buena,Atardecer,Buen Tiempo,S/D,S/D,Colisión,Fluidos,Faltante,Cordón divisorio,Sin restricción,"-32.977462, -60.6785104",['Alvear'],1,Alvear,-32.977462,-60.6785104,55.0,538.0,Municipio Rosario,Municipio,Rosario,820210,Servicio de Catastro e Información Territorial,IGN
2016,9732,2016-08-07,Domingo,0.0,12:00:00,,0.0,1,Automóvil,Stephenson Y Albert Sabin,3,1,0,0,2,0,0,,Calle,,ROSARIO,Rosario,S/D,S/D,II,Dentro,Urbana,S/D,S/D,S/D,S/D,S/D,Diurna,S/D,S/D,S/D,Vuelco,S/D,S/D,S/D,S/D,POINT (-60.67904745 -32.927360099999994),"['Stephenson', 'Avenida Travesía Albert Sabin']",2,Stephenson; Avenida Travesía Albert Sabin,-32.927360099999994,-60.67904745,55.0,538.0,Municipio Rosario,Municipio,Rosario,820210,Servicio de Catastro e Información Territorial,IGN
2016,9784,2016-08-24,Miercoles,0.0,,,0.0,1,Automóvil,Av. Ovidio Lagos Y Rueda,1,1,0,0,0,0,0,,S/D,,ROSARIO,Rosario,S/D,S/D,II,S/D,S/D,S/D,S/D,S/D,S/D,S/D,S/D,S/D,S/D,S/D,Vuelco,S/D,S/D,S/D,S/D,POINT (-60.667435000000005 -32.96692475),"['Avenida Ovidio Lagos', 'Rueda']",2,Avenida Ovidio Lagos; Rueda,-32.96692475,-60.667435000000005,55.0,538.0,Municipio Rosario,Municipio,Rosario,820210,Servicio de Catastro e Información Territorial,IGN
2016,9827,2016-02-13,Sabado,0.0,19:40:00,,0.0,2,"Pickup/Utilitario,Taxi/Remis",Pte.Roca Y Cerrito,2,1,0,0,1,0,0,,Calle,,ROSARIO,Rosario,Asfalto,No existe,II,Dentro,Urbana,Ninguna,No existe,Intersección,Bueno,Buena,Atardecer,Buen Tiempo,Lateral,S/D,Colisión,Ninguna,Faltante,Ninguna,Sin restricción,POINT (-60.64898230000001 -32.96062199999999),"['Roca', 'Cerrito']",2,Presidente Roca; Cerrito,-32.96062199999999,-60.64898230000001,55.0,538.0,Municipio Rosario,Municipio,Rosario,820210,Servicio de Catastro e Información Territorial,IGN
2016,9853,2016-09-21,Miercoles,0.0,19:30:00,,0.0,2,"Peatón,Transporte de Pasajeros Urbano (> 8 asientos)",J.J.Paso Y Alberdi,2,1,0,0,1,0,0,,Calle,,ROSARIO,Rosario,S/D,S/D,II,Dentro,Urbana,S/D,S/D,Intersección,S/D,S/D,Atardecer,S/D,S/D,S/D,Colisión,S/D,S/D,S/D,S/D,POINT (-60.682310400000006 -32.919353799999996),"['Paso', 'Alberdi']",2,Avenida Juan José Paso; Avenida Alberdi,-32.9193538,-60.682310400000006,55.0,538.0,Municipio Rosario,Municipio,Rosario,820210,Servicio de Catastro e Información Territorial,IGN
2016,9863,2016-10-01,Sabado,0.0,,,0.0,1,Moto/Ciclomotor,Av. Circunvalacion ,1,1,0,0,0,0,0,,Avenida,,ROSARIO,Rosario,S/D,S/D,II,S/D,S/D,S/D,S/D,S/D,S/D,S/D,Diurna,S/D,S/D,S/D,Vuelco,S/D,S/D,S/D,S/D,"-32.9954148, -60.6940772",['Circunvalacion'],1,Circunvalacion,-32.9954148,-60.6940772,55.0,538.0,Municipio Rosario,Municipio,Rosario,820210,Servicio de Catastro e Información Territorial,IGN
2016,9871,2016-09-04,Domingo,0.0,6:00:00,,0.0,1,Automóvil,Av. Pellegrini Y Rodriguez,2,2,0,0,0,0,0,,Calle,,ROSARIO,Rosario,S/D,S/D,II,Dentro,Urbana,S/D,S/D,S/D,S/D,S/D,Amanecer,S/D,Contra objeto fijo,S/D,Colisión,S/D,S/D,S/D,S/D,POINT (-60.661436800000004 -32.95359945),"['Pellegrini', 'Rodríguez']",2,Avenida Carlos Pellegrini; Rodríguez de Escobedo,-32.95359945,-60.6614368,55.0,538.0,Municipio Rosario,Municipio,Rosario,820210,Servicio de Catastro e Información Territorial,IGN
2016,9912,2016-09-21,Miercoles,0.0,17:00:00,,0.0,2,"Moto/Ciclomotor,Peatón",Av. Belgrano Y Buenos Aires,2,1,0,0,1,0,0,,Avenida,,ROSARIO,Rosario,Asfalto,S/D,II,Dentro,Urbana,Ninguna,Funciona,Intersección,Bueno,Buena,Diurna,Buen Tiempo,S/D,Peatón,Atropello,Ninguna,Vertical,Ninguna,S/D,POINT (-60.63208483333333 -32.94541773333333),"['Belgrano', 'Buenos Aires']",2,Avenida Manuel Belgrano; Buenos Aires,-32.94541773333333,-60.63208483333333,55.0,538.0,Municipio Rosario,Municipio,Rosario,820210,Servicio de Catastro e Información Territorial,IGN
2016,9914,2016-09-23,Viernes,0.0,3:30:00,,0.0,1,Moto/Ciclomotor,Beruti 2900,1,0,1,0,0,0,0,,Calle,,ROSARIO,Rosario,Asfalto,S/D,II,Dentro,Urbana,Ninguna,S/D,Recta,Deteriorada,Reducida,Nocturna,Buen Tiempo,S/D,S/D,Caída ocupante,Ninguna,S/D,Ninguna,Reparación de Vía,"-32.9741801, -60.6263459",['Beruti 2900'],1,Beruti 2900,-32.9741801,-60.6263459,55.0,538.0,Municipio Rosario,Municipio,Rosario,820210,Servicio de Catastro e Información Territorial,IGN
2016,9920,2016-10-04,Martes,0.0,21:30:00,,0.0,2,"Automóvil,Moto/Ciclomotor",Hilarion de la Quintana Y San Martin,4,1,0,0,3,0,0,,Calle,,ROSARIO,Rosario,S/D,S/D,II,Dentro,Urbana,S/D,S/D,S/D,S/D,S/D,Nocturna,S/D,S/D,S/D,Colisión,S/D,S/D,S/D,S/D,POINT (-60.64892185 -33.00095949999999),"['Hilarión de la Quintana', 'San Martin']",2,Hilarión de la Quintana; José de San Martín,-33.00095949999999,-60.64892185,55.0,538.0,Municipio Rosario,Municipio,Rosario,820210,Servicio de Catastro e Información Territorial,IGN
2016,9926,2016-10-09,Domingo,0.0,17:45:00,,0.0,2,"Automóvil,Moto/Ciclomotor",Constitucion Y Dr.Rivas,2,1,0,0,1,0,0,,Calle,,ROSARIO,Rosario,S/D,S/D,II,Dentro,Urbana,S/D,S/D,Intersección,S/D,S/D,Diurna,S/D,S/D,S/D,Colisión,S/D,S/D,S/D,S/D,POINT (-60.6830842 -32.977319099999995),"['Constitución', 'Doctor Francisco Riva']",2,Constitución; Doctor Francisco Riva,-32.977319099999995,-60.6830842,55.0,538.0,Municipio Rosario,Municipio,Rosario,820210,Servicio de Catastro e Información Territorial,IGN
2016,9928,2016-10-09,Domingo,0.0,,,0.0,2,"Automóvil,Moto/Ciclomotor",Bv. Segui Y Crespo,2,1,0,0,1,0,0,,Calle,,ROSARIO,Rosario,S/D,S/D,II,Dentro,Urbana,S/D,S/D,S/D,S/D,S/D,S/D,S/D,S/D,S/D,Colisión,S/D,S/D,S/D,S/D,POINT (-60.676448699999995 -32.973707299999994),"['Bulevar Juan Francisco Seguí', 'Crespo']",2,Bulevar Juan Francisco Seguí; Crespo,-32.973707299999994,-60.6764487,55.0,538.0,Municipio Rosario,Municipio,Rosario,820210,Servicio de Catastro e Información Territorial,IGN
2016,9930,2016-10-09,Domingo,0.0,0:25:00,,0.0,2,"Automóvil,Automóvil",Av. Centenario Bis Y J.B.Cordiviola,2,1,0,0,1,0,0,,Avenida,,ROSARIO,Rosario,Asfalto,S/D,II,Dentro,Urbana,Ninguna,S/D,Intersección,Bueno,Buena,Nocturna,Buen Tiempo,Lateral,S/D,Colisión,Ninguna,S/D,Ninguna,S/D,POINT (-60.675419399999996 -32.9121454),"['Centenario', 'Cordiviola']",2,Avenida Centenario Rosario Central; Juan B. Cordiviola,-32.9121454,-60.6754194,55.0,538.0,Municipio Rosario,Municipio,Rosario,820210,Servicio de Catastro e Información Territorial,IGN
2016,9933,2016-10-09,Domingo,0.0,14:25:00,,0.0,2,"Moto/Ciclomotor,Pickup/Utilitario",España Y Av. Uriburu,2,0,1,0,1,0,0,,Avenida,,ROSARIO,Rosario,Asfalto,S/D,II,Dentro,Urbana,Ninguna,S/D,Intersección,Bueno,Buena,Diurna,Buen Tiempo,S/D,S/D,Atropello,Ninguna,S/D,Ninguna,S/D,POINT (-60.65809949999999 -32.9910482),"['España', 'Uriburu']",2,España; Avenida José Uriburu,-32.9910482,-60.65809949999999,55.0,538.0,Municipio Rosario,Municipio,Rosario,820210,Servicio de Catastro e Información Territorial,IGN
2016,9988,2016-12-07,Miercoles,0.0,,,0.0,2,"Taxi/Remis,Moto/Ciclomotor",Las Flores Y Av. Francia,2,1,0,0,1,0,0,,Calle,,ROSARIO,Rosario,S/D,S/D,II,Dentro,Urbana,S/D,S/D,S/D,S/D,S/D,S/D,S/D,S/D,S/D,Colisión,S/D,S/D,S/D,S/D,POINT (-60.67777585 -33.0002317),"['Las Flores', 'Avenida Francia']",2,Las Flores; Avenida Francia,-33.0002317,-60.67777585,55.0,538.0,Municipio Rosario,Municipio,Rosario,820210,Servicio de Catastro e Información Territorial,IGN
2016,10014,2016-12-18,Domingo,0.0,,,0.0,2,"Moto/Ciclomotor,Peatón",Dr.Maradona 5700,3,2,0,0,1,0,0,,Calle,,ROSARIO,Rosario,S/D,S/D,II,S/D,S/D,S/D,S/D,S/D,S/D,S/D,S/D,S/D,S/D,Peatón,Atropello,S/D,S/D,S/D,S/D,"-32.979711, -60.7030751",['Dr Maradona 5700'],1,Dr Maradona 5700,-32.979711,-60.7030751,55.0,538.0,Municipio Rosario,Municipio,Rosario,820210,Servicio de Catastro e Información Territorial,IGN
2016,10015,2016-12-18,Domingo,0.0,,,0.0,2,"Tren,Peatón",Av. Lugones Y Dr.D.Peña,2,0,1,0,0,0,1,,Calle,,ROSARIO,Rosario,S/D,S/D,II,S/D,S/D,S/D,S/D,S/D,S/D,S/D,S/D,S/D,S/D,Peatón,Atropello,S/D,S/D,S/D,S/D,POINT (-60.70282649999999 -32.8804848),"['Lugones', 'David Peña']",2,Lorenzo Lugones; David Peña,-32.8804848,-60.70282649999999,55.0,538.0,Municipio Rosario,Municipio,Rosario,820210,Servicio de Catastro e Información Territorial,IGN
2016,10044,2016-11-21,Lunes,0.0,,,0.0,2,"Automóvil,Automóvil",Av. Eva Peron Y Av. Provincias Unidas,2,1,0,0,1,0,0,,Calle,,ROSARIO,Rosario,Hormigón,S/D,II,Dentro,Urbana,S/D,S/D,Intersección,S/D,S/D,S/D,S/D,Lateral,S/D,Colisión,S/D,S/D,S/D,S/D,POINT (-60.712952900000005 -32.933009625),"['Avenida Eva Perón', 'Avenida Provincias Unidas']",2,Avenida Eva Perón; Avenida Provincias Unidas,-32.933009625,-60.712952900000005,55.0,538.0,Municipio Rosario,Municipio,Rosario,820210,Servicio de Catastro e Información Territorial,IGN
2016,10053,2016-12-26,Lunes,0.0,,,0.0,1,Automóvil,Av. Ovidio Lagos 7400,3,3,0,0,0,0,0,,Avenida,,ROSARIO,Rosario,S/D,S/D,II,S/D,S/D,S/D,S/D,S/D,S/D,S/D,S/D,S/D,Contra objeto fijo,S/D,Colisión,S/D,S/D,S/D,S/D,"-32.9700442, -60.668095",['Ovidio Lagos 7400'],1,Ovidio Lagos 7400,-32.9700442,-60.668095,55.0,538.0,Municipio Rosario,Municipio,Rosario,820210,Servicio de Catastro e Información Territorial,IGN
2016,10095,2016-11-25,Viernes,0.0,,,0.0,1,Moto/Ciclomotor,Callao Y J.M.Gutierrez,1,1,0,0,0,0,0,,Calle,,ROSARIO,Rosario,Asfalto,No existe,II,Dentro,Urbana,S/D,No existe,Intersección,Deteriorada,S/D,S/D,S/D,S/D,S/D,Caída ocupante,S/D,Faltante,Ninguna,S/D,POINT (-60.6720889 -32.99474909999999),"['Callao', 'Gutierrez']",2,Callao; Ricardo Gutierrez,-32.99474909999999,-60.6720889,55.0,538.0,Municipio Rosario,Municipio,Rosario,820210,Servicio de Catastro e Información Territorial,IGN
2016,10099,2016-11-30,Miercoles,0.0,,,0.0,1,Moto/Ciclomotor,Mendoza Y F.More,1,1,0,0,0,0,0,,Calle,,ROSARIO,Rosario,S/D,S/D,II,Dentro,Urbana,S/D,S/D,Intersección,S/D,S/D,S/D,S/D,Contra objeto fijo,S/D,Colisión,S/D,S/D,S/D,S/D,POINT (-60.69367090000001 -32.941857000000006),"['Mendoza', 'Felipe Moré']",2,Mendoza; Felipe Moré,-32.941857000000006,-60.69367090000001,55.0,538.0,Municipio Rosario,Municipio,Rosario,820210,Servicio de Catastro e Información Territorial,IGN
2016,10139,2016-11-26,Sabado,0.0,8:00:00,,0.0,2,"Automóvil,Automóvil",Av. Circunvalacion ,3,3,0,0,0,0,0,,Avenida,,ROSARIO,Rosario,Asfalto,No existe,II,Dentro,Urbana,Ninguna,No existe,Recta,Bueno,Buena,Diurna,Buen Tiempo,De alcance,S/D,Colisión,Ninguna,S/D,Ninguna,S/D,"-32.9954148, -60.6940772",['Circunvalacion'],1,Circunvalacion,-32.9954148,-60.6940772,55.0,538.0,Municipio Rosario,Municipio,Rosario,820210,Servicio de Catastro e Información Territorial,IGN
2016,10150,2016-11-01,Martes,1.0,22:30:00,,0.0,2,"Moto/Ciclomotor,Automóvil",Bv. 27 De Febrero Y P.L.Funes,2,1,0,0,1,0,0,,Calle,,ROSARIO,Rosario,Asfalto,No existe,II,Dentro,Urbana,S/D,No existe,Intersección,Con baches,S/D,Nocturna,S/D,S/D,S/D,Colisión,Material Suelto,Faltante,Cordón divisorio,S/D,POINT (-60.7004364 -32.95892515),"['27 de Febrero', 'Funes']",2,Bulevar 27 de Febrero; Deán Gregorio Funes,-32.95892515,-60.7004364,55.0,538.0,Municipio Rosario,Municipio,Rosario,820210,Servicio de Catastro e Información Territorial,IGN
2016,10151,2016-11-01,Martes,1.0,22:45:00,,0.0,2,"Automóvil,Moto/Ciclomotor",Matienzo Y Cochabamba,2,1,0,0,1,0,0,,Calle,,ROSARIO,Rosario,Asfalto,No existe,II,Dentro,Urbana,Ninguna,No existe,Intersección,Con baches,Reducida,Nocturna,S/D,S/D,S/D,Colisión,Material Suelto,Faltante,Ninguna,S/D,POINT (-60.6943548 -32.949321700000006),"['Matienzo', 'Cochabamba']",2,Benjamín Matienzo; Cochabamba,-32.949321700000006,-60.6943548,55.0,538.0,Municipio Rosario,Municipio,Rosario,820210,Servicio de Catastro e Información Territorial,IGN
2016,10166,2016-11-01,Martes,1.0,,,0.0,2,"Moto/Ciclomotor,Automóvil",Blas Parera Y Union,3,2,0,0,1,0,0,,Calle,,ROSARIO,Rosario,S/D,S/D,II,Dentro,Urbana,S/D,S/D,Intersección,S/D,S/D,S/D,S/D,S/D,S/D,Colisión,S/D,S/D,S/D,S/D,POINT (-60.7005779 -32.9020411),"['Blas Parera', 'Unión']",2,Blas Parera; Unión,-32.9020411,-60.7005779,55.0,538.0,Municipio Rosario,Municipio,Rosario,820210,Servicio de Catastro e Información Territorial,IGN
2016,10185,2016-12-30,Viernes,0.0,13:05:00,,0.0,1,Transporte de Pasajeros Urbano (> 8 asientos),Schweitzer Y Venezuela,3,1,0,0,2,0,0,,Calle,,ROSARIO,Rosario,Asfalto,S/D,II,S/D,Urbana,S/D,S/D,Intersección,S/D,S/D,S/D,S/D,S/D,S/D,S/D,S/D,S/D,S/D,S/D,POINT (-60.72562515 -32.91346155),"['Albert Schweitzer', 'Venezuela']",2,Albert Schweitzer; Venezuela,-32.91346155,-60.72562515,55.0,538.0,Municipio Rosario,Municipio,Rosario,820210,Servicio de Catastro e Información Territorial,IGN
2017,174,2017-01-13,Viernes,0.0,20:00:00,,0.0,2,"Moto/Ciclomotor,Moto/Ciclomotor",Magallanes 3960,2,2,0,0,0,0,0,,Calle,,ROSARIO,Rosario,Asfalto,S/D,II,Dentro,Urbana,S/D,S/D,Recta,Bueno,S/D,S/D,Buen Tiempo,Lateral,S/D,Colisión,S/D,S/D,S/D,S/D,"-32.9312941, -60.7049164",['Magallanes 3960'],1,Magallanes 3960,-32.9312941,-60.7049164,55.0,538.0,Municipio Rosario,Municipio,Rosario,820210,Servicio de Catastro e Información Territorial,IGN
2017,175,2017-01-07,Sabado,0.0,20:00:00,,0.0,2,"Automóvil,Moto/Ciclomotor",Roullon Y Gaboto,2,1,0,0,1,0,0,,Calle,,ROSARIO,Rosario,Asfalto,S/D,II,Dentro,Urbana,S/D,S/D,Intersección,S/D,Buena,Nocturna,Buen Tiempo,Lateral,S/D,Colisión,S/D,S/D,S/D,S/D,POINT (-60.7012931 -32.964860099999996),"['Alfredo Rouillón', 'Gaboto']",2,Alfredo Rouillón; Gaboto,-32.9648601,-60.7012931,55.0,538.0,Municipio Rosario,Municipio,Rosario,820210,Servicio de Catastro e Información Territorial,IGN
2017,176,2017-01-03,Martes,0.0,15:40:00,,0.0,2,"Automóvil,Moto/Ciclomotor",Godoy Cruz Y F.More,2,1,0,0,1,0,0,,Calle,,ROSARIO,Rosario,Asfalto,S/D,II,Dentro,Urbana,S/D,S/D,Recta,Bueno,Buena,Diurna,Buen Tiempo,Lateral,S/D,Colisión,S/D,S/D,S/D,S/D,POINT (-60.69300505 -32.95869104999999),"['Avenida Presidente Perón', 'Felipe Moré']",2,Avenida Presidente Perón; Felipe Moré,-32.95869104999999,-60.69300505,55.0,538.0,Municipio Rosario,Municipio,Rosario,820210,Servicio de Catastro e Información Territorial,IGN
2017,177,2017-01-03,Martes,0.0,10:00:00,,0.0,2,"Moto/Ciclomotor,Automóvil",Roullon ,2,1,0,0,1,0,0,,Calle,,ROSARIO,Rosario,S/D,S/D,II,Dentro,Urbana,S/D,S/D,Intersección,S/D,Buena,Diurna,Buen Tiempo,Lateral,S/D,Colisión,S/D,S/D,S/D,S/D,"-32.9379481, -60.702354",['Alfredo Rouillón'],1,Alfredo Rouillón,-32.9379481,-60.702354,55.0,538.0,Municipio Rosario,Municipio,Rosario,820210,Servicio de Catastro e Información Territorial,IGN
2017,178,2017-01-02,Lunes,0.0,19:00:00,,0.0,2,"Moto/Ciclomotor,Automóvil",Ocampo Y Campbell,2,1,0,0,1,0,0,,Calle,,ROSARIO,Rosario,Asfalto,S/D,II,Dentro,Urbana,S/D,S/D,Intersección,Bueno,Buena,Atardecer,Buen Tiempo,Lateral,S/D,Colisión,S/D,S/D,S/D,S/D,POINT (-60.707254400000004 -32.9578951),"['Ocampo', 'Campbell']",2,Ocampo; Campbell,-32.9578951,-60.7072544,55.0,538.0,Municipio Rosario,Municipio,Rosario,820210,Servicio de Catastro e Información Territorial,IGN
2017,179,2017-01-03,Martes,0.0,18:00:00,,0.0,2,"Moto/Ciclomotor,Automóvil",Roullon Y ,2,1,0,0,1,0,0,,Calle,,ROSARIO,Rosario,Asfalto,S/D,II,Dentro,Urbana,S/D,S/D,Recta,Bueno,Buena,Diurna,Buen Tiempo,Lateral,S/D,Colisión,S/D,S/D,S/D,S/D,"-32.9379481, -60.702354",['Alfredo Rouillón'],1,Alfredo Rouillón,-32.9379481,-60.702354,55.0,538.0,Municipio Rosario,Municipio,Rosario,820210,Servicio de Catastro e Información Territorial,IGN
2017,181,2017-01-16,Lunes,0.0,13:00:00,,0.0,2,"Automóvil,Moto/Ciclomotor",Tte.Agneta Y Av. Pte.Peron,3,1,0,0,2,0,0,,Calle,,ROSARIO,Rosario,S/D,S/D,II,Dentro,Urbana,S/D,S/D,S/D,S/D,S/D,Diurna,Buen Tiempo,Frontal,S/D,Colisión,S/D,S/D,S/D,S/D,POINT (-60.6989055 -32.96165564999999),"['Teniente Agneta', 'Avenida Presidente Perón']",2,Teniente Agneta; Avenida Presidente Perón,-32.96165564999999,-60.6989055,55.0,538.0,Municipio Rosario,Municipio,Rosario,820210,Servicio de Catastro e Información Territorial,IGN