anio_acci,nro_acci,fecha,desc_dia,fecha_aprox,hora_aprox,desc_ruta,km,cant_participantes,desc_participante,calle_avenida_km,total,heridos_leves,heridos_graves,heridos_gravisimos,ilesos,fallecidos,sin_datos,posicion_XY,desc_tipo_via,desc_ruta_ori,desc_loc,desc_dpto,desc_tipo_calzada,desc_tipo_banquina,desc_unidad_regional,desc_lugar_calzada,desc_zona,desc_prioridad,desc_estado_semaforo,desc_lugar_via,desc_estado_via,desc_estado_visibilidad,desc_luminosidad,desc_estado_clima,desc_tipo_colision,desc_tipo_atropello,desc_tipo_hecho,desc_pres_calzada,desc_senializacion,desc_separacion_via,desc_restriccion,forma_geocod,calle_lista,numero_calles,calles_osm,lat,lon,index_right,gid,fna,gna,nam,in1,fdc,sag
2017,182,2017-01-29,Domingo,0.0,,,0.0,2,"Bicicleta,Automóvil",Bv. 27 De Febrero Y Liniers,2,0,1,0,1,0,0,,Calle,,ROSARIO,Rosario,S/D,S/D,II,Dentro,Urbana,S/D,S/D,Recta,Bueno,S/D,S/D,S/D,S/D,Ciclista,Atropello,S/D,S/D,S/D,S/D,POINT (-60.6978255 -32.958853149999996),"['27 de Febrero', 'Liniers']",2,Bulevar 27 de Febrero; Liniers,-32.95885315,-60.6978255,55.0,538.0,Municipio Rosario,Municipio,Rosario,820210,Servicio de Catastro e Información Territorial,IGN
2017,183,2017-01-12,Jueves,0.0,17:00:00,,0.0,2,"Moto/Ciclomotor,Automóvil",Av. Provincias Unidas Y San Lorenzo,2,1,0,0,1,0,0,,Calle,,ROSARIO,Rosario,Asfalto,S/D,II,Dentro,Urbana,S/D,S/D,Intersección,Bueno,S/D,Diurna,S/D,Lateral,S/D,Colisión,S/D,S/D,S/D,S/D,POINT (-60.71288325 -32.934510450000005),"['Avenida Provincias Unidas', 'San Lorenzo']",2,Avenida Provincias Unidas; San Lorenzo,-32.934510450000005,-60.71288325,55.0,538.0,Municipio Rosario,Municipio,Rosario,820210,Servicio de Catastro e Información Territorial,IGN
2017,184,2017-01-28,Sabado,0.0,3:30:00,,0.0,1,Automóvil,Av. Provincias Unidas Y Av. Pellegrini,1,1,0,0,0,0,0,,Calle,,ROSARIO,Rosario,Asfalto,S/D,II,Dentro,Urbana,S/D,Intermitente,Recta,S/D,Buena,Nocturna,Buen Tiempo,Contra objeto fijo,S/D,Colisión,S/D,S/D,Vegetación,Sin restricción,POINT (-60.71226145000001 -32.948578),"['Avenida Provincias Unidas', 'Pellegrini']",2,Avenida Provincias Unidas; Avenida Carlos Pellegrini,-32.948578,-60.71226145000001,55.0,538.0,Municipio Rosario,Municipio,Rosario,820210,Servicio de Catastro e Información Territorial,IGN
2017,185,2017-01-14,Sabado,0.0,14:00:00,,0.0,2,"Transporte de Pasajeros Urbano (> 8 asientos),Automóvil",Av. Provincias Unidas Y Rio Negro,3,2,0,0,1,0,0,,Calle,,ROSARIO,Rosario,Asfalto,S/D,II,Dentro,Urbana,S/D,S/D,Intersección,S/D,Buena,Diurna,S/D,Lateral,S/D,Colisión,S/D,S/D,S/D,S/D,POINT (-60.71235555 -32.94607385),"['Avenida Provincias Unidas', 'Rio Negro']",2,Avenida Provincias Unidas; Río Negro,-32.94607385,-60.71235555,55.0,538.0,Municipio Rosario,Municipio,Rosario,820210,Servicio de Catastro e Información Territorial,IGN
2017,194,2017-01-02,Lunes,0.0,,,0.0,2,"Camión Chasis,Otros",Bv. 27 De Febrero Y Bv. Avellaneda,3,2,0,0,1,0,0,,Calle,,ROSARIO,Rosario,Asfalto,S/D,II,Dentro,Urbana,Semáforo,Funciona,Intersección,Bueno,Buena,Diurna,S/D,S/D,S/D,Colisión,Ninguna,Vertical,S/D,S/D,POINT (-60.68448515 -32.96026405),"['27 de Febrero', 'Avellaneda']",2,Bulevar 27 de Febrero; Bulevar Nicolás Avellaneda,-32.96026405,-60.68448515,55.0,538.0,Municipio Rosario,Municipio,Rosario,820210,Servicio de Catastro e Información Territorial,IGN
2017,195,2017-01-21,Sabado,0.0,,,0.0,2,"Automóvil,Otros",Pascual Rosas Y Riobamba,2,1,0,0,1,0,0,,Calle,,ROSARIO,Rosario,Asfalto,S/D,II,Dentro,Urbana,Ninguna,S/D,Intersección,Bueno,Buena,Diurna,Buen Tiempo,S/D,S/D,Colisión,S/D,S/D,S/D,Sin restricción,POINT (-60.6901228 -32.954439699999995),"['Pascual Rosas', 'Riobamba']",2,Pascual Rosas; Riobamba,-32.954439699999995,-60.6901228,55.0,538.0,Municipio Rosario,Municipio,Rosario,820210,Servicio de Catastro e Información Territorial,IGN
2017,196,2017-01-24,Martes,0.0,13:15:00,,0.0,2,"Moto/Ciclomotor,Otros",Riobamba Y Servando Bayo,3,1,0,0,2,0,0,,Calle,,ROSARIO,Rosario,Asfalto,S/D,II,Dentro,Urbana,Ninguna,No existe,Intersección,Bueno,Buena,Diurna,Buen Tiempo,S/D,S/D,Colisión,S/D,S/D,S/D,Sin restricción,POINT (-60.688749200000004 -32.95469920000001),"['Riobamba', 'Servando Bayo']",2,Riobamba; Servando Bayo,-32.95469920000001,-60.6887492,55.0,538.0,Municipio Rosario,Municipio,Rosario,820210,Servicio de Catastro e Información Territorial,IGN
2017,198,2017-12-30,Sabado,0.0,11:30:00,,0.0,2,"Pickup/Utilitario,Otros",Lima Y Cerrito,3,1,0,0,2,0,0,,Calle,,ROSARIO,Rosario,Asfalto,S/D,II,Dentro,Urbana,Ninguna,No existe,Intersección,Bueno,Buena,Diurna,Buen Tiempo,S/D,S/D,Colisión,S/D,S/D,Ninguna,Sin restricción,POINT (-60.6871335 -32.953810999999995),"['Lima', 'Cerrito']",2,Lima; Cerrito,-32.953810999999995,-60.6871335,55.0,538.0,Municipio Rosario,Municipio,Rosario,820210,Servicio de Catastro e Información Territorial,IGN
2017,199,2017-01-27,Viernes,0.0,,,0.0,2,"Automóvil,Otros",Bv. Avellaneda Y Bv. 27 De Febrero,4,1,0,0,3,0,0,,Calle,,ROSARIO,Rosario,Asfalto,S/D,II,Dentro,Urbana,Ninguna,Funciona,Intersección,Bueno,Buena,Diurna,Buen Tiempo,S/D,S/D,Colisión,Ninguna,Vertical,S/D,Sin restricción,POINT (-60.68448515 -32.96026405),"['Avellaneda', '27 de Febrero']",2,Bulevar Nicolás Avellaneda; Bulevar 27 de Febrero,-32.96026405,-60.68448515,55.0,538.0,Municipio Rosario,Municipio,Rosario,820210,Servicio de Catastro e Información Territorial,IGN
2017,200,2017-01-25,Miercoles,0.0,6:00:00,,0.0,2,"Bicicleta,Otros",San Nicolas Y Bv. 27 De Febrero,2,1,0,0,1,0,0,,Calle,,ROSARIO,Rosario,Asfalto,S/D,II,Dentro,Urbana,Semáforo,Intermitente,Intersección,Bueno,S/D,Diurna,Buen Tiempo,S/D,Ciclista,Atropello,Ninguna,Vertical,S/D,Sin restricción,POINT (-60.6776684 -32.9614927),"['San Nicolás', '27 de Febrero']",2,San Nicolás; Bulevar 27 de Febrero,-32.9614927,-60.6776684,55.0,538.0,Municipio Rosario,Municipio,Rosario,820210,Servicio de Catastro e Información Territorial,IGN
2017,201,2017-01-04,Miercoles,0.0,17:30:00,,0.0,2,"Automóvil,Otros",Bv. 27 De Febrero Y Valparaiso,2,1,0,0,1,0,0,,Calle,,ROSARIO,Rosario,Asfalto,S/D,II,Dentro,Urbana,Ninguna,No existe,Intersección,Bueno,Buena,Diurna,Buen Tiempo,S/D,S/D,Colisión,Ninguna,S/D,S/D,Sin restricción,POINT (-60.6871574 -32.959782933333344),"['27 de Febrero', 'Valparaíso']",2,Bulevar 27 de Febrero; Valparaíso,-32.959782933333344,-60.6871574,55.0,538.0,Municipio Rosario,Municipio,Rosario,820210,Servicio de Catastro e Información Territorial,IGN
2017,202,2017-01-02,Lunes,0.0,5:50:00,,0.0,2,"Automóvil,Otros",Castellanos ,2,1,0,0,1,0,0,,Calle,,ROSARIO,Rosario,Asfalto,S/D,II,Dentro,Urbana,Ninguna,S/D,Intersección,Bueno,Buena,Amanecer,Buen Tiempo,S/D,S/D,Colisión,S/D,S/D,S/D,Sin restricción,"-32.9570407, -60.679386",['Aaron Castellanos'],1,Aaron Castellanos,-32.9570407,-60.679386,55.0,538.0,Municipio Rosario,Municipio,Rosario,820210,Servicio de Catastro e Información Territorial,IGN
2017,203,2017-01-09,Lunes,0.0,,,0.0,2,"Pickup/Utilitario,Otros",Viamonte Y Cafferata,4,2,0,0,2,0,0,,Calle,,ROSARIO,Rosario,Asfalto,S/D,II,Dentro,Urbana,S/D,No existe,Intersección,S/D,Buena,Diurna,Buen Tiempo,S/D,S/D,Colisión,S/D,S/D,S/D,Sin restricción,POINT (-60.675715800000006 -32.959442200000005),"['Viamonte', 'Cafferata']",2,Viamonte; Cafferata,-32.959442200000005,-60.675715800000006,55.0,538.0,Municipio Rosario,Municipio,Rosario,820210,Servicio de Catastro e Información Territorial,IGN
2017,225,2017-01-26,Jueves,0.0,21:10:00,,0.0,2,"Moto/Ciclomotor,Automóvil",Balcarce Y San Luis,2,1,0,0,1,0,0,,Calle,,ROSARIO,Rosario,Asfalto,Pavimento,II,Dentro,Urbana,Ninguna,No existe,Intersección,Bueno,Buena,Nocturna,Buen Tiempo,S/D,S/D,Caída ocupante,Ninguna,Vertical,Cordón divisorio,Sin restricción,POINT (-60.652571800000004 -32.9465716),"['Balcarce', 'San Luis']",2,Balcarce; San Luis,-32.9465716,-60.6525718,55.0,538.0,Municipio Rosario,Municipio,Rosario,820210,Servicio de Catastro e Información Territorial,IGN
2017,298,2017-01-13,Viernes,0.0,16:20:00,,0.0,2,"Moto/Ciclomotor,Taxi/Remis",Av. Ovidio Lagos Y Hilarion de la Quintana,2,1,0,0,1,0,0,,Avenida,,ROSARIO,Rosario,Asfalto,No existe,II,Dentro,Urbana,Semáforo,Funciona,Intersección,Bueno,Buena,Diurna,Buen Tiempo,Lateral,S/D,Colisión,S/D,Vertical,Cordón divisorio,Sin restricción,POINT (-60.675724633333324 -33.00178723333334),"['Avenida Ovidio Lagos', 'Hilarión de la Quintana']",2,Avenida Ovidio Lagos; Hilarión de la Quintana,-33.00178723333334,-60.67572463333333,55.0,538.0,Municipio Rosario,Municipio,Rosario,820210,Servicio de Catastro e Información Territorial,IGN
2017,300,2017-01-17,Martes,0.0,20:00:00,,0.0,2,"Moto/Ciclomotor,Automóvil",Av. Ovidio Lagos Y Cazadores,2,1,0,0,1,0,0,,Avenida,,ROSARIO,Rosario,Asfalto,Pavimento,II,Dentro,Urbana,Ninguna,No existe,Intersección,Bueno,Buena,Nocturna,Buen Tiempo,De alcance,S/D,Colisión,Ninguna,Faltante,Cordón divisorio,Sin restricción,POINT (-60.676358699999994 -33.00488949999999),"['Avenida Ovidio Lagos', 'Cazadores']",2,Avenida Ovidio Lagos; Cazadores,-33.00488949999999,-60.6763587,55.0,538.0,Municipio Rosario,Municipio,Rosario,820210,Servicio de Catastro e Información Territorial,IGN
2017,302,2017-01-13,Viernes,0.0,11:30:00,,0.0,2,"Automóvil,Camión Chasis",Av. Ovidio Lagos Y Av. Battle y Ordoñez,2,1,0,0,1,0,0,,Avenida,,ROSARIO,Rosario,Asfalto,Pavimento,II,Dentro,Urbana,S/D,Funciona,Intersección,Bueno,Buena,Diurna,Lluvia,De alcance,S/D,Colisión,Ninguna,Vertical,Cordón divisorio,Sin restricción,POINT (-60.677360275 -33.009728399999986),"['Avenida Ovidio Lagos', 'Avenida Battle y Ordoñez']",2,Avenida Ovidio Lagos; Avenida Battle y Ordoñez,-33.009728399999986,-60.677360275,55.0,538.0,Municipio Rosario,Municipio,Rosario,820210,Servicio de Catastro e Información Territorial,IGN
2017,319,2017-01-25,Miercoles,0.0,19:20:00,,0.0,2,"Bicicleta,Moto/Ciclomotor",Vuelta De Obligado 4700,2,2,0,0,0,0,0,,Calle,,ROSARIO,Rosario,Asfalto,No existe,II,Dentro,Urbana,Ninguna,No existe,Intersección,Bueno,Buena,Atardecer,Buen Tiempo,S/D,Ciclista,Atropello,Ninguna,Faltante,Ninguna,Sin restricción,"-32.9927751, -60.6622626",['Vuelta De Obligado 4700'],1,Vuelta De Obligado 4700,-32.9927751,-60.6622626,55.0,538.0,Municipio Rosario,Municipio,Rosario,820210,Servicio de Catastro e Información Territorial,IGN
2017,321,2017-01-21,Sabado,0.0,10:50:00,,0.0,2,"Moto/Ciclomotor,Automóvil",Av. Arijon Y Santiago,2,1,0,0,1,0,0,,Avenida,,ROSARIO,Rosario,Asfalto,No existe,II,Dentro,Urbana,Señal Pare,No existe,Intersección,Bueno,Buena,Diurna,Buen Tiempo,Lateral,S/D,Colisión,Ninguna,Faltante,Línea divisoria pintada,Sin restricción,POINT (-60.6676718 -33.0035862),"['Avenida Manuel Arijón', 'Santiago']",2,Avenida Manuel Arijón; Santiago,-33.0035862,-60.6676718,55.0,538.0,Municipio Rosario,Municipio,Rosario,820210,Servicio de Catastro e Información Territorial,IGN
2017,324,2017-01-20,Viernes,0.0,7:45:00,,0.0,2,"Moto/Ciclomotor,Automóvil",Madre Cabrini Y Arengreen,2,1,0,0,1,0,0,,Calle,,ROSARIO,Rosario,Asfalto,No existe,II,Dentro,Urbana,Ninguna,No existe,Intersección,Bueno,Buena,Diurna,Buen Tiempo,Lateral,S/D,Colisión,Ninguna,Faltante,Ninguna,Sin restricción,POINT (-60.6747462 -33.005792400000004),"['Madre Cabrini', 'Arengreen']",2,Madre Cabrini; Arengreen,-33.005792400000004,-60.6747462,55.0,538.0,Municipio Rosario,Municipio,Rosario,820210,Servicio de Catastro e Información Territorial,IGN
2017,325,2017-01-17,Martes,0.0,18:15:00,,0.0,2,"Automóvil,Automóvil",Av. Ntra.Sra.del Rosario Y Alvear,3,1,0,0,2,0,0,,Avenida,,ROSARIO,Rosario,Asfalto,No existe,II,Dentro,Urbana,Ninguna,No existe,Intersección,Bueno,Buena,Atardecer,Buen Tiempo,Lateral,S/D,Colisión,Ninguna,Faltante,Ninguna,Sin restricción,POINT (-60.6663034 -33.0006201),"['Nuestra Señora del Rosario', 'Alvear']",2,Puente Nuestra Señora del Rosario; Alvear,-33.0006201,-60.6663034,55.0,538.0,Municipio Rosario,Municipio,Rosario,820210,Servicio de Catastro e Información Territorial,IGN
2017,328,2017-01-11,Miercoles,0.0,,,0.0,2,"Moto/Ciclomotor,Automóvil",Av. Ovidio Lagos Y Mendoza,2,1,0,0,1,0,0,,Calle,,ROSARIO,Rosario,Asfalto,No existe,II,Dentro,Urbana,S/D,S/D,Intersección,Bueno,S/D,Diurna,S/D,S/D,S/D,Colisión,S/D,S/D,S/D,S/D,POINT (-60.6627415 -32.947382499999996),"['Avenida Ovidio Lagos', 'Mendoza']",2,Avenida Ovidio Lagos; Mendoza,-32.9473825,-60.6627415,55.0,538.0,Municipio Rosario,Municipio,Rosario,820210,Servicio de Catastro e Información Territorial,IGN
2017,346,2017-01-24,Martes,0.0,15:00:00,,0.0,2,"Automóvil,Automóvil",España Y Montevideo,2,1,0,0,1,0,0,,Calle,,ROSARIO,Rosario,Asfalto,No existe,II,Dentro,Urbana,Semáforo,Funciona,Intersección,Bueno,Buena,Diurna,Buen Tiempo,Lateral,S/D,Colisión,Ninguna,Vertical,Cordón divisorio,Sin restricción,POINT (-60.648924400000006 -32.9546495),"['España', 'Montevideo']",2,España; Montevideo,-32.9546495,-60.648924400000006,55.0,538.0,Municipio Rosario,Municipio,Rosario,820210,Servicio de Catastro e Información Territorial,IGN
2017,347,2017-01-26,Jueves,0.0,10:30:00,,0.0,2,"Taxi/Remis,Automóvil",Alvear Y 9 De Julio,2,1,0,0,1,0,0,,Calle,,ROSARIO,Rosario,Asfalto,No existe,II,Dentro,Urbana,Semáforo,Funciona,Intersección,Bueno,Buena,Diurna,Buen Tiempo,Lateral,S/D,Colisión,Ninguna,Vertical,Cordón divisorio,Sin restricción,POINT (-60.6565193 -32.9509133),"['Alvear', '9 de Julio']",2,Alvear; 9 de Julio,-32.9509133,-60.6565193,55.0,538.0,Municipio Rosario,Municipio,Rosario,820210,Servicio de Catastro e Información Territorial,IGN
2017,348,2017-01-23,Lunes,0.0,18:35:00,,0.0,2,"Automóvil,Moto/Ciclomotor",Rioja Y Italia,3,2,0,0,1,0,0,,Calle,,ROSARIO,Rosario,Asfalto,No existe,II,Dentro,Urbana,Ninguna,No existe,Recta,Bueno,Buena,Diurna,Buen Tiempo,Frontal,S/D,Colisión,Ninguna,Faltante,Cordón divisorio,Sin restricción,POINT (-60.6481592 -32.945870500000005),"['Rioja', 'Italia']",2,Rioja; Italia,-32.945870500000005,-60.6481592,55.0,538.0,Municipio Rosario,Municipio,Rosario,820210,Servicio de Catastro e Información Territorial,IGN
2017,349,2017-01-17,Martes,0.0,23:00:00,,0.0,2,"Moto/Ciclomotor,Taxi/Remis",Bv. Oroño Y 3 De Febrero,2,1,0,0,1,0,0,,Calle,,ROSARIO,Rosario,Asfalto,S/D,II,Dentro,Urbana,Semáforo,Funciona,Intersección,Bueno,Buena,"Nocturna,Con luz artificial",Buen Tiempo,Lateral,S/D,Colisión,Ninguna,Vertical,Cordón divisorio,Sin restricción,POINT (-60.654906749999995 -32.950095049999995),"['Bulevar Nicasio Oroño', '3 de Febrero']",2,Bulevar Nicasio Oroño; 3 de Febrero,-32.950095049999995,-60.65490675,55.0,538.0,Municipio Rosario,Municipio,Rosario,820210,Servicio de Catastro e Información Territorial,IGN
2017,350,2017-01-15,Domingo,0.0,3:35:00,,0.0,2,"Taxi/Remis,Moto/Ciclomotor",Cordoba Y Pte.Roca,3,2,0,0,1,0,0,,Calle,,ROSARIO,Rosario,Asfalto,No existe,II,Dentro,Urbana,Semáforo,Intermitente,Intersección,Bueno,Reducida,"Nocturna,Con luz artificial",Buen Tiempo,Lateral,S/D,Colisión,Ninguna,Vertical,Cordón divisorio,Sin restricción,POINT (-60.6450798 -32.94517329999999),"['Córdoba', 'Roca']",2,Córdoba; Presidente Roca,-32.94517329999999,-60.6450798,55.0,538.0,Municipio Rosario,Municipio,Rosario,820210,Servicio de Catastro e Información Territorial,IGN
2017,351,2017-01-15,Domingo,0.0,11:00:00,,0.0,2,"Peatón,Automóvil",Rioja Y Alvear,2,1,0,0,1,0,0,,Calle,,ROSARIO,Rosario,Asfalto,No existe,II,Dentro,Urbana,Ninguna,No existe,Intersección,Bueno,Buena,Diurna,Buen Tiempo,S/D,Peatón,Atropello,Ninguna,Faltante,Cordón divisorio,Sin restricción,POINT (-60.6549371 -32.944610199999985),"['Rioja', 'Alvear']",2,Rioja; Alvear,-32.944610199999985,-60.6549371,55.0,538.0,Municipio Rosario,Municipio,Rosario,820210,Servicio de Catastro e Información Territorial,IGN
2017,352,2017-01-19,Jueves,0.0,15:00:00,,0.0,2,"Automóvil,Automóvil",San Martin Y E.Zeballos,2,1,0,0,1,0,0,,Calle,,ROSARIO,Rosario,Asfalto,S/D,II,Dentro,Urbana,Ninguna,No existe,Intersección,Bueno,Buena,Diurna,Buen Tiempo,Lateral,S/D,Colisión,Ninguna,Faltante,Cordón divisorio,Sin restricción,POINT (-60.638849300000004 -32.95529809999999),"['San Martin', 'Zeballos']",2,José de San Martín; Zeballos,-32.95529809999999,-60.6388493,55.0,538.0,Municipio Rosario,Municipio,Rosario,820210,Servicio de Catastro e Información Territorial,IGN
2017,353,2017-01-30,Lunes,0.0,12:30:00,,0.0,2,"Moto/Ciclomotor,Transporte de Pasajeros Urbano (> 8 asientos)",Maipu 900,2,1,0,0,1,0,0,,Calle,,ROSARIO,Rosario,Asfalto,S/D,II,Dentro,Urbana,S/D,No existe,Recta,Bueno,Buena,Diurna,S/D,Lateral,S/D,Colisión,Ninguna,S/D,Línea divisoria pintada,S/D,"-32.9481831, -60.6355696",['Maipu 900'],1,Maipu 900,-32.9481831,-60.6355696,55.0,538.0,Municipio Rosario,Municipio,Rosario,820210,Servicio de Catastro e Información Territorial,IGN
2017,354,2017-01-01,Domingo,0.0,8:00:00,,0.0,1,Automóvil,Av. Belgrano Y San Juan,2,1,1,0,0,0,0,,Avenida,,ROSARIO,Rosario,S/D,S/D,II,Fuera,Urbana,S/D,S/D,Otro,Bueno,Buena,Diurna,Buen Tiempo,Contra objeto fijo,S/D,Colisión,Ninguna,S/D,Vegetación,S/D,POINT (-60.62691236666668 -32.952365066666665),"['Belgrano', 'San Juan']",2,Avenida Manuel Belgrano; San Juan,-32.952365066666665,-60.62691236666668,55.0,538.0,Municipio Rosario,Municipio,Rosario,820210,Servicio de Catastro e Información Territorial,IGN
2017,355,2017-01-01,Domingo,0.0,13:30:00,,0.0,2,"Automóvil,Moto/Ciclomotor",Av. Belgrano Y San Juan,4,2,0,0,2,0,0,,Avenida,,ROSARIO,Rosario,Asfalto,S/D,II,S/D,Urbana,Semáforo,Funciona,Intersección,Bueno,Buena,Diurna,Buen Tiempo,Otro,S/D,Colisión,S/D,Vertical,Vegetación,Sin restricción,POINT (-60.62691236666668 -32.952365066666665),"['Belgrano', 'San Juan']",2,Avenida Manuel Belgrano; San Juan,-32.952365066666665,-60.62691236666668,55.0,538.0,Municipio Rosario,Municipio,Rosario,820210,Servicio de Catastro e Información Territorial,IGN
2017,356,2017-01-01,Domingo,0.0,11:15:00,,0.0,2,"Moto/Ciclomotor,Automóvil",Laprida Y Mendoza,2,1,0,0,1,0,0,,Calle,,ROSARIO,Rosario,Asfalto,S/D,II,S/D,Urbana,S/D,No existe,Intersección,Bueno,Buena,Diurna,S/D,De alcance,S/D,Colisión,Ninguna,S/D,Ninguna,S/D,POINT (-60.63531510000001 -32.95222530000001),"['Laprida', 'Mendoza']",2,Francisco Narciso Laprida; Mendoza,-32.95222530000001,-60.63531510000001,55.0,538.0,Municipio Rosario,Municipio,Rosario,820210,Servicio de Catastro e Información Territorial,IGN
2017,357,2017-01-05,Jueves,0.0,5:30:00,,0.0,2,"Moto/Ciclomotor,Automóvil",Cafferata Y Urquiza,2,2,0,0,0,0,0,,Calle,,ROSARIO,Rosario,Asfalto,S/D,II,S/D,Urbana,Semáforo,S/D,Recta,Bueno,Buena,Amanecer,Buen Tiempo,Otro,S/D,Colisión,S/D,S/D,Ninguna,Sin restricción,POINT (-60.6700925 -32.9371023),"['Cafferata', 'Urquiza']",2,Cafferata; Justo José de Urquiza,-32.9371023,-60.6700925,55.0,538.0,Municipio Rosario,Municipio,Rosario,820210,Servicio de Catastro e Información Territorial,IGN
2017,359,2017-01-11,Miercoles,0.0,17:30:00,,0.0,2,"Moto/Ciclomotor,Automóvil",Bordabehere 4000,2,1,0,0,1,0,0,,Calle,,ROSARIO,Rosario,Asfalto,No existe,II,S/D,Urbana,Ninguna,No existe,Recta,Bueno,Buena,Atardecer,Buen Tiempo,Otro,S/D,Colisión,Ninguna,S/D,Ninguna,Sin restricción,"-32.9334573, -60.6761393",['Bordabehere 4000'],1,Bordabehere 4000,-32.9334573,-60.6761393,55.0,538.0,Municipio Rosario,Municipio,Rosario,820210,Servicio de Catastro e Información Territorial,IGN
2017,360,2017-01-13,Viernes,0.0,17:05:00,,0.0,2,"Automóvil,Moto/Ciclomotor",Rodriguez Y Brown,4,2,0,0,2,0,0,,Calle,,ROSARIO,Rosario,Asfalto,No existe,II,S/D,Urbana,Señal Pare,No existe,Recta,Bueno,Buena,Atardecer,Buen Tiempo,Otro,S/D,Colisión,Ninguna,Vertical,Ninguna,Sin restricción,POINT (-60.6563725 -32.9334435),"['Rodríguez', 'Brown']",2,Rodríguez de Escobedo; Almirante Brown,-32.9334435,-60.6563725,55.0,538.0,Municipio Rosario,Municipio,Rosario,820210,Servicio de Catastro e Información Territorial,IGN
2017,361,2017-01-20,Viernes,0.0,16:00:00,,0.0,2,"Moto/Ciclomotor,Pickup/Utilitario",Rodriguez Y Brown,3,2,0,0,1,0,0,,Calle,,ROSARIO,Rosario,Asfalto,No existe,II,S/D,Urbana,Ninguna,No existe,Intersección,Bueno,Buena,Diurna,Otro,Múltiple,S/D,Colisión,Ninguna,S/D,Ninguna,Sin restricción,POINT (-60.6563725 -32.9334435),"['Rodríguez', 'Brown']",2,Rodríguez de Escobedo; Almirante Brown,-32.9334435,-60.6563725,55.0,538.0,Municipio Rosario,Municipio,Rosario,820210,Servicio de Catastro e Información Territorial,IGN
2017,362,2017-01-18,Miercoles,0.0,8:15:00,,0.0,2,"Bicicleta,Taxi/Remis",Bv. Avellaneda Y San Lorenzo,2,1,0,0,1,0,0,,Avenida,,ROSARIO,Rosario,Asfalto,No existe,II,Dentro,Urbana,Ninguna,S/D,Recta,Bueno,Buena,Diurna,Buen Tiempo,S/D,Ciclista,Atropello,Ninguna,S/D,Ninguna,Sin restricción,POINT (-60.67856895 -32.936793300000005),"['Avellaneda', 'San Lorenzo']",2,Bulevar Nicolás Avellaneda; San Lorenzo,-32.936793300000005,-60.67856895,55.0,538.0,Municipio Rosario,Municipio,Rosario,820210,Servicio de Catastro e Información Territorial,IGN
2017,363,2017-01-23,Lunes,0.0,9:00:00,,0.0,2,"Moto/Ciclomotor,Automóvil",Catamarca Y Av. Ovidio Lagos,2,1,0,0,1,0,0,,Calle,,ROSARIO,Rosario,Asfalto,S/D,II,Dentro,Urbana,Ninguna,Funciona,Recta,Bueno,Buena,Diurna,Buen Tiempo,Múltiple,S/D,Colisión,Ninguna,S/D,Ninguna,Sin restricción,POINT (-60.65998750000001 -32.9364253),"['Catamarca', 'Avenida Ovidio Lagos']",2,Catamarca; Avenida Ovidio Lagos,-32.9364253,-60.65998750000001,55.0,538.0,Municipio Rosario,Municipio,Rosario,820210,Servicio de Catastro e Información Territorial,IGN
2017,369,2017-01-29,Domingo,0.0,18:00:00,,0.0,2,"Automóvil,Moto/Ciclomotor",San Martin Y Pte.Quintana,3,2,0,0,1,0,0,,Avenida,,ROSARIO,Rosario,Asfalto,No existe,II,Dentro,Urbana,S/D,Funciona,Intersección,Bueno,Buena,Diurna,Buen Tiempo,S/D,S/D,Colisión,S/D,Vertical,S/D,S/D,POINT (-60.6450385 -32.982916249999995),"['San Martin', 'Quintana']",2,"('José de San Martín', 'Presidente Quintana')",-32.982916249999995,-60.6450385,55.0,538.0,Municipio Rosario,Municipio,Rosario,820210,Servicio de Catastro e Información Territorial,IGN
2017,370,2017-01-25,Miercoles,0.0,13:35:00,,0.0,2,"Automóvil,Vehículo Oficial",Mariano Moreno Y Bv. Segui,3,1,1,0,1,0,0,,Avenida,,ROSARIO,Rosario,Asfalto,S/D,II,Dentro,Urbana,S/D,S/D,Intersección,Bueno,Buena,Diurna,Buen Tiempo,Lateral,S/D,Colisión,S/D,S/D,S/D,S/D,POINT (-60.658756600000004 -32.97685955),"['Mariano Moreno', 'Bulevar Juan Francisco Seguí']",2,Mariano Moreno; Bulevar Juan Francisco Seguí,-32.97685955,-60.6587566,55.0,538.0,Municipio Rosario,Municipio,Rosario,820210,Servicio de Catastro e Información Territorial,IGN
2017,371,2017-01-28,Sabado,0.0,16:25:00,,0.0,3,"Automóvil,Moto/Ciclomotor,Moto/Ciclomotor",Paraguay Y Gaboto,3,2,0,0,1,0,0,,Calle,,ROSARIO,Rosario,Asfalto,No existe,II,Dentro,Urbana,S/D,S/D,Intersección,Bueno,Buena,Diurna,S/D,Lateral,S/D,Colisión,S/D,S/D,S/D,S/D,POINT (-60.65051780000001 -32.972348700000005),"['Paraguay', 'Gaboto']",2,Paraguay; Gaboto,-32.972348700000005,-60.65051780000001,55.0,538.0,Municipio Rosario,Municipio,Rosario,820210,Servicio de Catastro e Información Territorial,IGN