anio_acci,nro_acci,fecha,desc_dia,fecha_aprox,hora_aprox,desc_ruta,km,cant_participantes,desc_participante,calle_avenida_km,total,heridos_leves,heridos_graves,heridos_gravisimos,ilesos,fallecidos,sin_datos,posicion_XY,desc_tipo_via,desc_ruta_ori,desc_loc,desc_dpto,desc_tipo_calzada,desc_tipo_banquina,desc_unidad_regional,desc_lugar_calzada,desc_zona,desc_prioridad,desc_estado_semaforo,desc_lugar_via,desc_estado_via,desc_estado_visibilidad,desc_luminosidad,desc_estado_clima,desc_tipo_colision,desc_tipo_atropello,desc_tipo_hecho,desc_pres_calzada,desc_senializacion,desc_separacion_via,desc_restriccion,forma_geocod,calle_lista,numero_calles,calles_osm,lat,lon,index_right,gid,fna,gna,nam,in1,fdc,sag
2017,372,2017-01-28,Sabado,0.0,4:00:00,,0.0,2,"Taxi/Remis,Moto/Ciclomotor",San Martin Y Ameghino,2,1,0,0,1,0,0,,Avenida,,ROSARIO,Rosario,Asfalto,No existe,II,Dentro,Urbana,S/D,No existe,Intersección,Bueno,Buena,Nocturna,Buen Tiempo,Lateral,S/D,Colisión,S/D,Vertical,S/D,S/D,POINT (-60.6460194 -32.987542250000004),"['San Martin', 'Ameghino']",2,José de San Martín; Ameghino,-32.987542250000004,-60.6460194,55.0,538.0,Municipio Rosario,Municipio,Rosario,820210,Servicio de Catastro e Información Territorial,IGN
2017,373,2017-01-24,Martes,0.0,14:50:00,,0.0,2,"Moto/Ciclomotor,Pickup/Utilitario",Bv. Segui 1600,2,1,0,0,1,0,0,,Avenida,,ROSARIO,Rosario,Asfalto,No existe,II,Dentro,Urbana,S/D,No existe,Recta,Bueno,Buena,Diurna,Buen Tiempo,De alcance,S/D,Colisión,Ninguna,S/D,S/D,S/D,"-32.9777026, -60.653089",['Bulevar Juan Francisco Seguí 1600'],1,Bulevar Juan Francisco Seguí 1600,-32.9777026,-60.653089,55.0,538.0,Municipio Rosario,Municipio,Rosario,820210,Servicio de Catastro e Información Territorial,IGN
2017,374,2017-01-23,Lunes,0.0,17:55:00,,0.0,2,"Automóvil,Moto/Ciclomotor",Benito Juarez Y San Martin,3,2,0,0,1,0,0,,Calle,,ROSARIO,Rosario,Asfalto,No existe,II,Dentro,Urbana,S/D,No existe,Intersección,Bueno,Buena,Diurna,Buen Tiempo,Lateral,S/D,Colisión,S/D,S/D,S/D,S/D,POINT (-60.6471781 -32.99287580000001),"['Benito Juárez', 'San Martin']",2,Benito Juárez; José de San Martín,-32.99287580000001,-60.6471781,55.0,538.0,Municipio Rosario,Municipio,Rosario,820210,Servicio de Catastro e Información Territorial,IGN
2017,375,2017-01-19,Jueves,0.0,21:00:00,,0.0,2,"Moto/Ciclomotor,Peatón",Bv. Oroño Y Pte.Quintana,2,1,0,0,1,0,0,,Avenida,,ROSARIO,Rosario,S/D,S/D,II,Dentro,Urbana,S/D,S/D,Intersección,S/D,Buena,Nocturna,Buen Tiempo,S/D,Peatón,Atropello,S/D,S/D,S/D,S/D,POINT (-60.6623862 -32.979811100000006),"['Bulevar Nicasio Oroño', 'Quintana']",2,"('Bulevar Nicasio Oroño', 'Presidente Quintana')",-32.979811100000006,-60.6623862,55.0,538.0,Municipio Rosario,Municipio,Rosario,820210,Servicio de Catastro e Información Territorial,IGN
2017,376,2017-01-17,Martes,0.0,12:20:00,,0.0,2,"Moto/Ciclomotor,Automóvil",Mitre Y Garibaldi,3,2,0,0,1,0,0,,Calle,,ROSARIO,Rosario,Asfalto,S/D,II,Dentro,Urbana,S/D,S/D,Intersección,Bueno,Buena,Diurna,Buen Tiempo,Lateral,S/D,Colisión,S/D,S/D,S/D,S/D,POINT (-60.6495149 -32.985726799999995),"['Mitre', 'José Garibaldi']",2,Bartolomé Mitre; José Garibaldi,-32.985726799999995,-60.6495149,55.0,538.0,Municipio Rosario,Municipio,Rosario,820210,Servicio de Catastro e Información Territorial,IGN
2017,377,2017-01-16,Lunes,0.0,16:35:00,,0.0,2,"Camión c / Acoplado,Transporte de Pasajeros Urbano (> 8 asientos)",Bv. Oroño Y Biedma,2,1,0,0,1,0,0,,Calle,,ROSARIO,Rosario,Asfalto,S/D,II,Dentro,Urbana,S/D,S/D,Recta,Bueno,Buena,Diurna,Buen Tiempo,De alcance,S/D,Colisión,S/D,S/D,S/D,S/D,POINT (-60.66209965000001 -32.97866725),"['Bulevar Nicasio Oroño', 'Coronel Biedma']",2,Bulevar Nicasio Oroño; Coronel Biedma,-32.97866725,-60.66209965000001,55.0,538.0,Municipio Rosario,Municipio,Rosario,820210,Servicio de Catastro e Información Territorial,IGN
2017,378,2017-01-14,Sabado,0.0,20:40:00,,0.0,2,"Moto/Ciclomotor,Transporte de Pasajeros Urbano (> 8 asientos)",Av. Corrientes Y Saavedra,2,1,0,0,1,0,0,,Calle,,ROSARIO,Rosario,Asfalto,S/D,II,Dentro,Urbana,S/D,S/D,Intersección,Bueno,Buena,Nocturna,Buen Tiempo,Lateral,S/D,Colisión,S/D,S/D,S/D,S/D,POINT (-60.6503148 -32.9771937),"['Corrientes', 'Saavedra']",2,Corrientes; Saavedra,-32.9771937,-60.6503148,55.0,538.0,Municipio Rosario,Municipio,Rosario,820210,Servicio de Catastro e Información Territorial,IGN
2017,380,2017-01-12,Jueves,0.0,17:00:00,,0.0,2,"Moto/Ciclomotor,Automóvil",Alvear Y Gaboto,2,1,0,0,1,0,0,,Calle,,ROSARIO,Rosario,Asfalto,No existe,II,Dentro,Urbana,S/D,No existe,Intersección,Bueno,Buena,Diurna,Buen Tiempo,Lateral,S/D,Colisión,Ninguna,S/D,S/D,Sin restricción,POINT (-60.6614422 -32.970403299999994),"['Alvear', 'Gaboto']",2,Alvear; Gaboto,-32.970403299999994,-60.6614422,55.0,538.0,Municipio Rosario,Municipio,Rosario,820210,Servicio de Catastro e Información Territorial,IGN
2017,381,2017-01-09,Lunes,0.0,13:00:00,,0.0,2,"Camión,Moto/Ciclomotor",Bv. Segui Y Pueyrredon,2,0,1,0,1,0,0,,Avenida,,ROSARIO,Rosario,Asfalto,S/D,II,Dentro,Urbana,S/D,S/D,Intersección,Bueno,Buena,Diurna,Buen Tiempo,Lateral,S/D,Colisión,S/D,S/D,S/D,S/D,POINT (-60.66559335 -32.97564369999999),"['Bulevar Juan Francisco Seguí', 'Pueyrredón']",2,Bulevar Juan Francisco Seguí; Pueyrredón,-32.97564369999999,-60.66559335,55.0,538.0,Municipio Rosario,Municipio,Rosario,820210,Servicio de Catastro e Información Territorial,IGN
2017,382,2017-01-10,Martes,0.0,22:05:00,,0.0,2,"Pickup/Utilitario,Moto/Ciclomotor",Av. Uriburu Y Av. Corrientes,2,1,0,0,1,0,0,,Avenida,,ROSARIO,Rosario,Asfalto,S/D,II,Dentro,Urbana,S/D,S/D,Intersección,Bueno,Buena,Nocturna,Buen Tiempo,Lateral,S/D,Colisión,S/D,S/D,S/D,S/D,POINT (-60.653706549999995 -32.99091685),"['Uriburu', 'Corrientes']",2,Avenida José Uriburu; Corrientes,-32.99091685,-60.65370655,55.0,538.0,Municipio Rosario,Municipio,Rosario,820210,Servicio de Catastro e Información Territorial,IGN
2017,383,2017-01-06,Viernes,0.0,18:20:00,,0.0,2,"Bicicleta,Moto/Ciclomotor",San Martin Y Garay,2,1,0,0,1,0,0,,Avenida,,ROSARIO,Rosario,Asfalto,S/D,II,Dentro,Urbana,Semáforo,Funciona,Intersección,Bueno,Buena,Diurna,Buen Tiempo,S/D,Ciclista,Atropello,Ninguna,Vertical,S/D,S/D,POINT (-60.6437417 -32.97477079999999),"['San Martin', 'Garay']",2,"('José de San Martín', 'Juan de Garay')",-32.97477079999999,-60.6437417,55.0,538.0,Municipio Rosario,Municipio,Rosario,820210,Servicio de Catastro e Información Territorial,IGN
2017,384,2017-01-02,Lunes,0.0,18:30:00,,0.0,2,"Automóvil,Automóvil",Bv. Segui Y Balcarce,4,3,0,0,1,0,0,,Avenida,,ROSARIO,Rosario,S/D,S/D,II,Dentro,Urbana,S/D,S/D,Intersección,S/D,Buena,Diurna,Buen Tiempo,Lateral,S/D,Colisión,S/D,S/D,S/D,S/D,POINT (-60.66015055 -32.97661384999999),"['Bulevar Juan Francisco Seguí', 'Balcarce']",2,Bulevar Juan Francisco Seguí; Balcarce,-32.97661384999999,-60.66015055,55.0,538.0,Municipio Rosario,Municipio,Rosario,820210,Servicio de Catastro e Información Territorial,IGN
2017,385,2017-01-01,Domingo,0.0,3:05:00,,0.0,2,"Moto/Ciclomotor,Automóvil",Av. Uriburu Y Pte.Roca,3,2,0,0,1,0,0,,Avenida,,ROSARIO,Rosario,Asfalto,S/D,II,Dentro,Urbana,S/D,S/D,Intersección,S/D,Buena,Nocturna,Buen Tiempo,Lateral,S/D,Colisión,S/D,S/D,S/D,S/D,POINT (-60.65665205 -32.9910065),"['Uriburu', 'Roca']",2,Avenida José Uriburu; Presidente Roca,-32.9910065,-60.65665205,55.0,538.0,Municipio Rosario,Municipio,Rosario,820210,Servicio de Catastro e Información Territorial,IGN
2017,386,2017-01-16,Lunes,0.0,17:00:00,,0.0,2,"Automóvil,Automóvil",Bv. 27 De Febrero Y Ayacucho,2,1,0,0,1,0,0,,Calle,,ROSARIO,Rosario,Asfalto,No existe,II,Dentro,Urbana,S/D,S/D,Intersección,Bueno,Buena,Diurna,Buen Tiempo,Lateral,S/D,Colisión,Ninguna,S/D,S/D,S/D,POINT (-60.6322277 -32.96960704999999),"['27 de Febrero', 'Ayacucho']",2,Bulevar 27 de Febrero; Ayacucho,-32.96960704999999,-60.6322277,55.0,538.0,Municipio Rosario,Municipio,Rosario,820210,Servicio de Catastro e Información Territorial,IGN
2017,387,2017-01-03,Martes,0.0,11:40:00,,0.0,2,"Automóvil,Peatón",La Paz Y Buenos Aires,2,1,0,0,1,0,0,,Calle,,ROSARIO,Rosario,Asfalto,No existe,II,Dentro,Urbana,Semáforo,Funciona,Intersección,Bueno,Buena,Diurna,Buen Tiempo,Lateral,S/D,Colisión,Ninguna,Vertical,S/D,S/D,POINT (-60.6371524 -32.96514349999999),"['La Paz', 'Buenos Aires']",2,La Paz; Buenos Aires,-32.96514349999999,-60.6371524,55.0,538.0,Municipio Rosario,Municipio,Rosario,820210,Servicio de Catastro e Información Territorial,IGN
2017,388,2017-01-27,Viernes,0.0,13:10:00,,0.0,2,"Camión c / Acoplado,Automóvil",Av. Belgrano 2000,2,1,0,0,1,0,0,,Calle,,ROSARIO,Rosario,Asfalto,No existe,II,Dentro,Urbana,Ninguna,S/D,Recta,Bueno,Buena,Diurna,Buen Tiempo,S/D,S/D,Colisión,S/D,S/D,S/D,Sin restricción,"-32.9409711, -60.7133596",['Belgrano 2000'],1,Belgrano 2000,-32.9409711,-60.7133596,55.0,538.0,Municipio Rosario,Municipio,Rosario,820210,Servicio de Catastro e Información Territorial,IGN
2017,389,2017-01-31,Martes,0.0,9:15:00,,0.0,2,"Automóvil,Moto/Ciclomotor",Ituzaingo Y Colon,2,1,0,0,1,0,0,,Calle,,ROSARIO,Rosario,Asfalto,No existe,II,Dentro,Urbana,S/D,S/D,Intersección,Bueno,Buena,Diurna,Buen Tiempo,S/D,S/D,Colisión,Ninguna,S/D,S/D,Sin restricción,POINT (-60.62911900000001 -32.962965600000004),"['Ituzaingó', 'Colon']",2,Ituzaingó; Cristóbal Colón,-32.962965600000004,-60.62911900000001,55.0,538.0,Municipio Rosario,Municipio,Rosario,820210,Servicio de Catastro e Información Territorial,IGN
2017,390,2017-01-07,Sabado,0.0,15:40:00,,0.0,2,"Moto/Ciclomotor,Automóvil",Av. Uriburu ,2,1,0,0,1,0,0,,Calle,,ROSARIO,Rosario,Asfalto,Pavimento,II,Dentro,Urbana,Señal Ceda el Paso,S/D,Intersección,S/D,S/D,Diurna,S/D,Lateral,S/D,Colisión,S/D,S/D,Barrera de alto impacto,Sin restricción,"-32.995369100000005, -60.693576086643915",['Uriburu'],1,Uriburu,-32.995369100000005,-60.69357608664392,55.0,538.0,Municipio Rosario,Municipio,Rosario,820210,Servicio de Catastro e Información Territorial,IGN
2017,391,2017-01-17,Martes,0.0,20:40:00,,0.0,2,"Automóvil,Pickup/Utilitario",Av. Ntra.Sra.del Rosario Y Salva,2,1,0,0,1,0,0,,Calle,,ROSARIO,Rosario,Asfalto,No existe,II,Dentro,Urbana,Ninguna,No existe,Intersección,Bueno,Buena,Diurna,S/D,Lateral,S/D,Colisión,S/D,S/D,Ninguna,Sin restricción,POINT (-60.6403663 -32.9996483),"['Nuestra Señora del Rosario', 'Salva']",2,Puente Nuestra Señora del Rosario; Salvat,-32.9996483,-60.6403663,55.0,538.0,Municipio Rosario,Municipio,Rosario,820210,Servicio de Catastro e Información Territorial,IGN
2017,392,2017-01-22,Domingo,0.0,6:50:00,,0.0,2,"Moto/Ciclomotor,Automóvil",Laprida Y Lamadrid,2,1,0,0,1,0,0,,Calle,,ROSARIO,Rosario,Asfalto,No existe,II,Dentro,Urbana,Otra Señal,No existe,Intersección,Bueno,Buena,Amanecer,S/D,Lateral,S/D,Colisión,S/D,S/D,Ninguna,Sin restricción,POINT (-60.646989950000005 -32.99703945),"['Laprida', 'Lamadrid']",2,Francisco Narciso Laprida; Gregorio Aráoz de Lamadrid,-32.99703945,-60.646989950000005,55.0,538.0,Municipio Rosario,Municipio,Rosario,820210,Servicio de Catastro e Información Territorial,IGN
2017,393,2017-01-25,Miercoles,0.0,19:30:00,,0.0,2,"Automóvil,Otros",Salva Y Cabildo,3,2,0,0,1,0,0,,Calle,,ROSARIO,Rosario,Asfalto,No existe,II,Dentro,Urbana,Ninguna,No existe,Intersección,Bueno,Buena,Atardecer,Buen Tiempo,Lateral,S/D,Colisión,S/D,S/D,Ninguna,Sin restricción,POINT (-60.640018500000004 -33.0070905),"['Salva', 'Cabildo']",2,Salvat; Cabildo,-33.0070905,-60.6400185,55.0,538.0,Municipio Rosario,Municipio,Rosario,820210,Servicio de Catastro e Información Territorial,IGN
2017,394,2017-01-14,Sabado,0.0,9:30:00,,0.0,2,"Automóvil,Automóvil",Juan Canals Y Bv. Oroño,5,4,0,0,1,0,0,,Calle,,ROSARIO,Rosario,Asfalto,No existe,II,Dentro,Urbana,Semáforo,Funciona,Intersección,Bueno,Buena,Diurna,Buen Tiempo,Lateral,S/D,Colisión,S/D,S/D,S/D,Sin restricción,POINT (-60.66411445 -32.9867086),"['Juan Canals', 'Bulevar Nicasio Oroño']",2,Juan Canals; Bulevar Nicasio Oroño,-32.9867086,-60.66411445,55.0,538.0,Municipio Rosario,Municipio,Rosario,820210,Servicio de Catastro e Información Territorial,IGN
2017,396,2017-01-24,Martes,0.0,17:30:00,,0.0,2,"Pickup/Utilitario,Moto/Ciclomotor",Pje. Cilvetti Y Rawson Bis,3,1,0,0,1,0,1,,Calle,,ROSARIO,Rosario,S/D,No existe,II,S/D,Urbana,S/D,No existe,Intersección,S/D,S/D,Diurna,S/D,Lateral,S/D,Colisión,S/D,Faltante,S/D,S/D,POINT (-60.66927145 -32.92554960000001),"['Cilvetti', 'Rawson']",2,Cilvetti; Rawson,-32.92554960000001,-60.66927145,55.0,538.0,Municipio Rosario,Municipio,Rosario,820210,Servicio de Catastro e Información Territorial,IGN
2017,397,2017-01-24,Martes,0.0,15:50:00,,0.0,2,"Pickup/Utilitario,Moto/Ciclomotor",Junin Y Rawson Bis,2,1,0,0,1,0,0,,Calle,,ROSARIO,Rosario,S/D,No existe,II,Dentro,Urbana,Ninguna,No existe,Intersección,S/D,S/D,Diurna,S/D,Lateral,S/D,Colisión,S/D,Faltante,Ninguna,Sin restricción,POINT (-60.669239899999994 -32.92651864999999),"['Junín', 'Rawson']",2,Junín; Rawson,-32.92651864999999,-60.6692399,55.0,538.0,Municipio Rosario,Municipio,Rosario,820210,Servicio de Catastro e Información Territorial,IGN
2017,399,2017-01-16,Lunes,0.0,17:30:00,,0.0,2,"Taxi/Remis,Bicicleta",Albert Sabin ,2,1,0,0,1,0,0,,Calle,,ROSARIO,Rosario,Asfalto,No existe,II,Dentro,Urbana,Semáforo,Funciona,Recta,Bueno,Buena,Diurna,S/D,S/D,Ciclista,Atropello,Ninguna,Horizontal,Barrera de hormigón,Sin restricción,"-32.921679, -60.6868928",['Albert Sabin'],1,Albert Sabin,-32.921679,-60.6868928,55.0,538.0,Municipio Rosario,Municipio,Rosario,820210,Servicio de Catastro e Información Territorial,IGN
2017,407,2017-01-30,Lunes,0.0,13:25:00,,0.0,2,"Automóvil,Moto/Ciclomotor",Buenos Aires Y Bv. Segui,3,2,0,0,1,0,0,,Calle,,ROSARIO,Rosario,Asfalto,Pavimento,II,Dentro,Urbana,Señal Pare,No existe,Intersección,Bueno,Buena,Diurna,Buen Tiempo,De alcance,S/D,Colisión,Ninguna,Vertical,Cordón divisorio,Sin restricción,POINT (-60.640923400000005 -32.98006374999999),"['Buenos Aires', 'Bulevar Juan Francisco Seguí']",2,Buenos Aires; Bulevar Juan Francisco Seguí,-32.98006374999999,-60.640923400000005,55.0,538.0,Municipio Rosario,Municipio,Rosario,820210,Servicio de Catastro e Información Territorial,IGN
2017,408,2017-01-26,Jueves,0.0,16:40:00,,0.0,2,"Automóvil,Moto/Ciclomotor",Amenabar Y Buenos Aires,4,4,0,0,0,0,0,,Calle,,ROSARIO,Rosario,Asfalto,No existe,II,Dentro,Urbana,Ninguna,No existe,Intersección,Bueno,Buena,Diurna,Buen Tiempo,Lateral,S/D,Colisión,Ninguna,Vertical,Ninguna,Sin restricción,POINT (-60.639182299999995 -32.973197600000006),"['Amenabar', 'Buenos Aires']",2,José de Amenábar; Buenos Aires,-32.973197600000006,-60.6391823,55.0,538.0,Municipio Rosario,Municipio,Rosario,820210,Servicio de Catastro e Información Territorial,IGN
2017,409,2017-01-26,Jueves,0.0,12:30:00,,0.0,2,"Moto/Ciclomotor,Automóvil",Garay Y Chacabuco,2,1,0,0,1,0,0,,Calle,,ROSARIO,Rosario,Asfalto,Pavimento,II,Dentro,Urbana,Ninguna,No existe,Intersección,Bueno,Buena,Diurna,Buen Tiempo,De alcance,S/D,Colisión,Ninguna,S/D,Línea divisoria pintada,Sin restricción,POINT (-60.6298498 -32.977251),"['Garay', 'Chacabuco']",2,Juan de Garay; Chacabuco,-32.977251,-60.6298498,55.0,538.0,Municipio Rosario,Municipio,Rosario,820210,Servicio de Catastro e Información Territorial,IGN
2017,410,2017-01-24,Martes,0.0,12:10:00,,0.0,2,"Moto/Ciclomotor,Automóvil",Laprida 3600,2,1,0,0,1,0,0,,Calle,,ROSARIO,Rosario,Asfalto,No existe,II,Dentro,Urbana,Ninguna,No existe,Recta,Bueno,Buena,Diurna,Buen Tiempo,Lateral,S/D,Colisión,S/D,Horizontal,Ninguna,Sin restricción,"-32.9796044, -60.6424693",['Laprida 3600'],1,Laprida 3600,-32.9796044,-60.6424693,55.0,538.0,Municipio Rosario,Municipio,Rosario,820210,Servicio de Catastro e Información Territorial,IGN
2017,411,2017-01-16,Lunes,0.0,12:30:00,,0.0,2,"Moto/Ciclomotor,Automóvil",Saavedra Y J.M.de Rosas,2,1,0,0,1,0,0,,Calle,,ROSARIO,Rosario,Asfalto,Pavimento,II,Dentro,Urbana,Ninguna,No existe,Intersección,Bueno,Buena,Diurna,Buen Tiempo,Lateral,S/D,Colisión,Ninguna,Horizontal,Cordón divisorio,Sin restricción,POINT (-60.6391946 -32.979188599999986),"['Saavedra', 'De Rosas']",2,Saavedra; Juan Manuel de Rosas,-32.979188599999986,-60.6391946,55.0,538.0,Municipio Rosario,Municipio,Rosario,820210,Servicio de Catastro e Información Territorial,IGN
2017,412,2017-01-14,Sabado,0.0,18:30:00,,0.0,2,"Bicicleta,Moto/Ciclomotor",Gaboto Y Pje. Santafesino,2,2,0,0,0,0,0,,Calle,,ROSARIO,Rosario,Asfalto,Pavimento,II,Dentro,Urbana,Ninguna,No existe,Recta,Bueno,Buena,Atardecer,Buen Tiempo,Lateral,Ciclista,Atropello,Ninguna,Faltante,Cordón divisorio,Sin restricción,POINT (-60.627493 -32.97643755),"['Gaboto', 'Santafesino']",2,Gaboto; Santafesino,-32.97643755,-60.627493,55.0,538.0,Municipio Rosario,Municipio,Rosario,820210,Servicio de Catastro e Información Territorial,IGN
2017,470,2017-01-01,Domingo,0.0,,,0.0,2,"Peatón,Moto/Ciclomotor",La Republica Y Garcia del Cossio Bis,2,1,0,0,1,0,0,,Calle,,ROSARIO,Rosario,Asfalto,Pavimento,II,Dentro,Urbana,Ninguna,S/D,Recta,Bueno,Buena,S/D,Buen Tiempo,Lateral,Peatón,Atropello,S/D,Vertical,Ninguna,Sin restricción,POINT (-60.7466108 -32.9195093),"['La República', 'García del Cossio']",2,La República; García del Cossio,-32.9195093,-60.7466108,55.0,538.0,Municipio Rosario,Municipio,Rosario,820210,Servicio de Catastro e Información Territorial,IGN
2017,471,2017-01-11,Miercoles,0.0,,,0.0,2,"Pickup/Utilitario,Moto/Ciclomotor",J.J.Paso Y Acevedo Bis,2,1,0,0,1,0,0,,Calle,,ROSARIO,Rosario,Asfalto,Pavimento,II,Dentro,Urbana,Ninguna,No existe,Recta,Bueno,S/D,S/D,Buen Tiempo,Lateral,S/D,Colisión,Ninguna,Faltante,Ninguna,Sin restricción,POINT (-60.7490704 -32.92121759999999),"['Paso', 'Acevedo']",2,Avenida Juan José Paso; Manuel Acevedo,-32.92121759999999,-60.7490704,55.0,538.0,Municipio Rosario,Municipio,Rosario,820210,Servicio de Catastro e Información Territorial,IGN
2017,472,2017-01-12,Jueves,0.0,,,0.0,2,"Moto/Ciclomotor,Automóvil",Av. Eva Peron Y Sanchez de Loria,2,1,0,0,1,0,0,,Calle,,ROSARIO,Rosario,Asfalto,Pavimento,II,Dentro,Urbana,Otra Señal,Funciona,Recta,Bueno,Buena,S/D,S/D,Lateral,S/D,Colisión,Ninguna,Horizontal,Línea divisoria pintada,Sin restricción,POINT (-60.73211405 -32.9295609),"['Avenida Eva Perón', 'Sánchez de Loria']",2,Avenida Eva Perón; Sánchez de Loria,-32.9295609,-60.73211405,55.0,538.0,Municipio Rosario,Municipio,Rosario,820210,Servicio de Catastro e Información Territorial,IGN
2017,473,2017-01-14,Sabado,0.0,,,0.0,2,"Bicicleta,Moto/Ciclomotor",Av. Provincias Unidas Y Juan B.De La Salle,2,1,0,0,1,0,0,,Calle,,ROSARIO,Rosario,Asfalto,S/D,II,Dentro,Urbana,Semáforo,Funciona,Recta,Bueno,Buena,S/D,Buen Tiempo,Lateral,Ciclista,Atropello,Ninguna,Vertical,Ninguna,Reparación de Vía,POINT (-60.713383699999994 -32.922501100000005),"['Avenida Provincias Unidas', 'De La Salle']",2,Avenida Provincias Unidas; De La Salle,-32.922501100000005,-60.7133837,55.0,538.0,Municipio Rosario,Municipio,Rosario,820210,Servicio de Catastro e Información Territorial,IGN
2017,474,2017-01-01,Domingo,0.0,,,0.0,2,"Otros,Peatón",Av. Genova Y Garcia del Cossio Bis,2,1,0,0,1,0,0,,Calle,,ROSARIO,Rosario,Asfalto,Natural,II,Dentro,Urbana,Ninguna,No existe,Intersección,Bueno,Buena,Diurna,Buen Tiempo,Frontal,Peatón,Atropello,Ninguna,Faltante,Ninguna,Sin restricción,POINT (-60.7467173 -32.9169278),"['Genova', 'García del Cossio']",2,Avenida Génova; García del Cossio,-32.9169278,-60.7467173,55.0,538.0,Municipio Rosario,Municipio,Rosario,820210,Servicio de Catastro e Información Territorial,IGN
2017,487,2017-01-23,Lunes,0.0,13:00:00,,0.0,2,"Moto/Ciclomotor,Pickup/Utilitario",J.J.Paso Y Camilo Aldao,3,2,0,0,1,0,0,,Calle,,ROSARIO,Rosario,Asfalto,No existe,II,Dentro,Urbana,Ninguna,No existe,Intersección,Bueno,Buena,Diurna,Buen Tiempo,S/D,S/D,Colisión,S/D,Faltante,Ninguna,Sin restricción,POINT (-60.6967437 -32.91976129999999),"['Paso', 'Camilo Aldao']",2,Avenida Juan José Paso; Camilo Aldao,-32.91976129999999,-60.6967437,55.0,538.0,Municipio Rosario,Municipio,Rosario,820210,Servicio de Catastro e Información Territorial,IGN
2017,491,2017-01-20,Viernes,0.0,,,0.0,2,"Bicicleta,Moto/Ciclomotor",Acevedo Bis Y La Republica,2,1,0,0,1,0,0,,Calle,,ROSARIO,Rosario,Asfalto,Pavimento,II,Dentro,Urbana,Ninguna,No existe,Intersección,Bueno,Buena,S/D,Buen Tiempo,S/D,Ciclista,Atropello,S/D,S/D,Ninguna,Sin restricción,POINT (-60.748973400000004 -32.9195719),"['Acevedo', 'La República']",2,Manuel Acevedo; La República,-32.9195719,-60.7489734,55.0,538.0,Municipio Rosario,Municipio,Rosario,820210,Servicio de Catastro e Información Territorial,IGN
2017,493,2017-01-26,Jueves,0.0,,,0.0,2,"Moto/Ciclomotor,Moto/Ciclomotor",J.J.Paso Y Acevedo Bis,2,1,0,0,1,0,0,,Calle,,ROSARIO,Rosario,Asfalto,Pavimento,II,Dentro,Urbana,Ninguna,No existe,Recta,Bueno,Buena,S/D,Buen Tiempo,Lateral,S/D,Colisión,S/D,Vertical,S/D,Sin restricción,POINT (-60.7490704 -32.92121759999999),"['Paso', 'Acevedo']",2,Avenida Juan José Paso; Manuel Acevedo,-32.92121759999999,-60.7490704,55.0,538.0,Municipio Rosario,Municipio,Rosario,820210,Servicio de Catastro e Información Territorial,IGN
2017,497,2017-01-28,Sabado,0.0,,,0.0,2,"Automóvil,Pickup/Utilitario",Mejico Y Gorriti,2,2,0,0,0,0,0,,Calle,,ROSARIO,Rosario,Asfalto,Pavimento,II,Dentro,Urbana,Ninguna,S/D,Recta,Bueno,Buena,Diurna,Otro,Lateral,S/D,Colisión,Otro,Faltante,Ninguna,Sin restricción,POINT (-60.7191401 -32.92452029999999),"['Mejico', 'Gorriti']",2,Méjico; Gorriti,-32.92452029999999,-60.7191401,55.0,538.0,Municipio Rosario,Municipio,Rosario,820210,Servicio de Catastro e Información Territorial,IGN
2017,505,2017-01-20,Viernes,0.0,12:10:00,,0.0,1,Moto/Ciclomotor,Sanchez de Loria 1500,1,1,0,0,0,0,0,,Calle,,ROSARIO,Rosario,S/D,S/D,II,Dentro,Urbana,S/D,S/D,Recta,S/D,S/D,Diurna,S/D,S/D,S/D,Caída ocupante,S/D,S/D,S/D,S/D,"-32.9036196, -60.7333077",['Sanchez De Loria 1500'],1,Sanchez De Loria 1500,-32.9036196,-60.7333077,55.0,538.0,Municipio Rosario,Municipio,Rosario,820210,Servicio de Catastro e Información Territorial,IGN
2017,510,2017-01-06,Viernes,0.0,13:30:00,,0.0,2,"Moto/Ciclomotor,Automóvil",J.J.Paso Y Mejico,3,1,0,0,2,0,0,,Calle,,ROSARIO,Rosario,Asfalto,No existe,II,Dentro,Urbana,Ninguna,S/D,Recta,Bueno,Buena,Diurna,Buen Tiempo,Lateral,S/D,Colisión,S/D,Faltante,Ninguna,Sin restricción,POINT (-60.7193214 -32.920441249999996),"['Paso', 'Mejico']",2,Avenida Juan José Paso; Méjico,-32.92044125,-60.7193214,55.0,538.0,Municipio Rosario,Municipio,Rosario,820210,Servicio de Catastro e Información Territorial,IGN