anio_acci,nro_acci,fecha,desc_dia,fecha_aprox,hora_aprox,desc_ruta,km,cant_participantes,desc_participante,calle_avenida_km,total,heridos_leves,heridos_graves,heridos_gravisimos,ilesos,fallecidos,sin_datos,posicion_XY,desc_tipo_via,desc_ruta_ori,desc_loc,desc_dpto,desc_tipo_calzada,desc_tipo_banquina,desc_unidad_regional,desc_lugar_calzada,desc_zona,desc_prioridad,desc_estado_semaforo,desc_lugar_via,desc_estado_via,desc_estado_visibilidad,desc_luminosidad,desc_estado_clima,desc_tipo_colision,desc_tipo_atropello,desc_tipo_hecho,desc_pres_calzada,desc_senializacion,desc_separacion_via,desc_restriccion,forma_geocod,calle_lista,numero_calles,calles_osm,lat,lon,index_right,gid,fna,gna,nam,in1,fdc,sag
2017,511,2017-01-18,Miercoles,0.0,17:30:00,,0.0,2,"Moto/Ciclomotor,Moto/Ciclomotor",Nicaragua Y Av. Genova,2,1,1,0,0,0,0,,Calle,,ROSARIO,Rosario,Asfalto,No existe,II,Dentro,Urbana,Ninguna,No existe,Recta,Bueno,Buena,Diurna,Buen Tiempo,Lateral,S/D,Colisión,S/D,Faltante,Ninguna,Sin restricción,POINT (-60.7213735 -32.9162309),"['Nicaragua', 'Genova']",2,Nicaragua; Avenida Génova,-32.9162309,-60.7213735,55.0,538.0,Municipio Rosario,Municipio,Rosario,820210,Servicio de Catastro e Información Territorial,IGN
2017,512,2017-01-20,Viernes,0.0,17:30:00,,0.0,2,"Automóvil,Moto/Ciclomotor",Av. Provincias Unidas Y Av. Sorrento,2,1,0,0,1,0,0,,Calle,,ROSARIO,Rosario,Asfalto,Natural,II,Dentro,Urbana,Señal Ceda el Paso,No existe,Rotonda,Bueno,Buena,Diurna,Buen Tiempo,De alcance,S/D,Colisión,S/D,Vertical,Cordón divisorio,Sin restricción,POINT (-60.714102249999996 -32.9083328),"['Avenida Provincias Unidas', 'Sorrento']",2,Avenida Provincias Unidas; Avenida Sorrento,-32.9083328,-60.71410225,55.0,538.0,Municipio Rosario,Municipio,Rosario,820210,Servicio de Catastro e Información Territorial,IGN
2017,513,2017-01-20,Viernes,0.0,18:30:00,,0.0,2,"Moto/Ciclomotor,Peatón",J.J.Paso Y P.L.Funes,2,1,0,0,1,0,0,,Calle,,ROSARIO,Rosario,Asfalto,No existe,II,Dentro,Urbana,Ninguna,No existe,Recta,Bueno,Buena,Diurna,Buen Tiempo,S/D,Peatón,Atropello,Ninguna,Faltante,Ninguna,Sin restricción,POINT (-60.7019811 -32.9199072),"['Paso', 'Funes']",2,Avenida Juan José Paso; Deán Gregorio Funes,-32.9199072,-60.7019811,55.0,538.0,Municipio Rosario,Municipio,Rosario,820210,Servicio de Catastro e Información Territorial,IGN
2017,514,2017-01-21,Sabado,0.0,22:20:00,,0.0,2,"Automóvil,Moto/Ciclomotor",J.J.Paso Y Fraga,3,2,0,0,1,0,0,,Calle,,ROSARIO,Rosario,Asfalto,S/D,II,Dentro,Urbana,Señal Ceda el Paso,S/D,Recta,Bueno,S/D,Nocturna,Buen Tiempo,Frontal,S/D,Colisión,Ninguna,Vertical,Ninguna,Sin restricción,POINT (-60.7114309 -32.9201859),"['Paso', 'Fraga']",2,Avenida Juan José Paso; Rosendo María Fraga,-32.9201859,-60.7114309,55.0,538.0,Municipio Rosario,Municipio,Rosario,820210,Servicio de Catastro e Información Territorial,IGN
2017,592,2017-01-30,Lunes,0.0,,,0.0,2,"Automóvil,Moto/Ciclomotor",Av. Battle y Ordoñez 680,3,1,1,0,1,0,0,,Calle,,ROSARIO,Rosario,Asfalto,Pavimento,II,Dentro,Urbana,S/D,S/D,Recta,Bueno,S/D,Nocturna,Buen Tiempo,Lateral,S/D,Colisión,Ninguna,S/D,Cordón divisorio,S/D,"-33.0084731, -60.6332815",['Avenida Battle y Ordoñez 680'],1,Avenida Battle y Ordoñez 680,-33.0084731,-60.6332815,55.0,538.0,Municipio Rosario,Municipio,Rosario,820210,Servicio de Catastro e Información Territorial,IGN
2017,593,2017-01-12,Jueves,0.0,23:50:00,,0.0,2,"Bicicleta,Automóvil",Patricios Y Laprida,2,1,0,0,1,0,0,,Calle,,ROSARIO,Rosario,Asfalto,No existe,II,Dentro,Urbana,S/D,No existe,Intersección,Con baches,Reducida,"Nocturna,Con luz artificial",Buen Tiempo,S/D,Ciclista,Atropello,Ninguna,S/D,Ninguna,Sin restricción,POINT (-60.6466735 -33.010894900000004),"['Patricios', 'Laprida']",2,Patricios; Francisco Narciso Laprida,-33.010894900000004,-60.6466735,55.0,538.0,Municipio Rosario,Municipio,Rosario,820210,Servicio de Catastro e Información Territorial,IGN
2017,594,2017-01-11,Miercoles,0.0,16:45:00,,0.0,2,"Automóvil,Peatón",Av. Battle y Ordoñez 1620,2,1,0,0,1,0,0,,Calle,,ROSARIO,Rosario,Asfalto,No existe,II,Dentro,Urbana,Ninguna,No existe,Recta,Bueno,Buena,Atardecer,S/D,S/D,Peatón,Atropello,Ninguna,Faltante,Ninguna,Sin restricción,"-33.0084731, -60.6332815",['Avenida Battle y Ordoñez 1620'],1,Avenida Battle y Ordoñez 1620,-33.0084731,-60.6332815,55.0,538.0,Municipio Rosario,Municipio,Rosario,820210,Servicio de Catastro e Información Territorial,IGN
2017,595,2017-01-27,Viernes,0.0,19:10:00,,0.0,2,"Automóvil,Transporte de Pasajeros Urbano (> 8 asientos)",Av. Bermudez Y Marco Polo,2,1,0,0,1,0,0,,Calle,,ROSARIO,Rosario,Asfalto,Pavimento,II,Dentro,Urbana,Ninguna,No existe,Intersección,Bueno,Buena,Atardecer,Buen Tiempo,Lateral,S/D,Colisión,Ninguna,Faltante,Ninguna,Sin restricción,POINT (-60.6422162 -33.0107564),"['Bermudez', 'Marco Polo']",2,Avenida José Bermúdez; Marco Polo,-33.0107564,-60.6422162,55.0,538.0,Municipio Rosario,Municipio,Rosario,820210,Servicio de Catastro e Información Territorial,IGN
2017,597,2017-01-14,Sabado,0.0,19:50:00,,0.0,2,"Automóvil,Pickup/Utilitario",San Luis Y Crespo,6,2,0,0,4,0,0,,Calle,,ROSARIO,Rosario,Asfalto,S/D,II,Dentro,Urbana,S/D,S/D,Intersección,S/D,S/D,Diurna,S/D,S/D,S/D,Colisión,S/D,S/D,S/D,S/D,POINT (-60.668872300000004 -32.9436884),"['San Luis', 'Crespo']",2,San Luis; Crespo,-32.9436884,-60.6688723,55.0,538.0,Municipio Rosario,Municipio,Rosario,820210,Servicio de Catastro e Información Territorial,IGN
2017,598,2017-01-14,Sabado,0.0,,,0.0,2,"Taxi/Remis,Automóvil",Mendoza Y Lima,2,1,0,0,1,0,0,,Calle,,ROSARIO,Rosario,Asfalto,S/D,II,Dentro,Urbana,S/D,S/D,S/D,S/D,S/D,S/D,S/D,S/D,S/D,Colisión,S/D,S/D,S/D,S/D,POINT (-60.6845195 -32.94350250000001),"['Mendoza', 'Lima']",2,Mendoza; Lima,-32.94350250000001,-60.6845195,55.0,538.0,Municipio Rosario,Municipio,Rosario,820210,Servicio de Catastro e Información Territorial,IGN
2017,600,2017-01-02,Lunes,0.0,17:45:00,,0.0,2,"Moto/Ciclomotor,Automóvil",Entre Rios Y San Lorenzo,2,1,0,0,1,0,0,,Calle,,ROSARIO,Rosario,Asfalto,Pavimento,II,Dentro,Urbana,Semáforo,Funciona,Intersección,Bueno,Buena,Diurna,Buen Tiempo,Lateral,S/D,Colisión,Ninguna,Vertical,Ninguna,Sin restricción,POINT (-60.6403682 -32.94364579999999),"['Entre Ríos', 'San Lorenzo']",2,Entre Ríos; San Lorenzo,-32.94364579999999,-60.6403682,55.0,538.0,Municipio Rosario,Municipio,Rosario,820210,Servicio de Catastro e Información Territorial,IGN
2017,602,2017-01-10,Martes,0.0,10:30:00,,0.0,2,"Moto/Ciclomotor,Pickup/Utilitario",Balcarce Y Catamarca,2,1,0,0,1,0,0,,Calle,,ROSARIO,Rosario,Asfalto,Pavimento,II,Dentro,Urbana,Ninguna,No existe,Intersección,Bueno,Buena,Diurna,Buen Tiempo,De alcance,S/D,Colisión,Ninguna,Faltante,Ninguna,Sin restricción,POINT (-60.650474900000006 -32.938126),"['Balcarce', 'Catamarca']",2,Balcarce; Catamarca,-32.938126,-60.650474900000006,55.0,538.0,Municipio Rosario,Municipio,Rosario,820210,Servicio de Catastro e Información Territorial,IGN
2017,605,2017-01-12,Jueves,0.0,13:45:00,,0.0,2,"Moto/Ciclomotor,Automóvil",Salta Y Entre Rios,2,1,0,0,1,0,0,,Calle,,ROSARIO,Rosario,Asfalto,No existe,II,Dentro,Urbana,Ninguna,Funciona,Intersección,Bueno,Buena,Diurna,Buen Tiempo,Lateral,S/D,Colisión,Ninguna,Vertical,Ninguna,Sin restricción,POINT (-60.63918240000001 -32.938972),"['Salta', 'Entre Ríos']",2,Salta; Entre Ríos,-32.938972,-60.63918240000001,55.0,538.0,Municipio Rosario,Municipio,Rosario,820210,Servicio de Catastro e Información Territorial,IGN
2017,606,2017-01-13,Viernes,0.0,12:00:00,,0.0,2,"Bicicleta,Automóvil",Av. Belgrano Y Sgto Cabral,2,1,0,0,1,0,0,,Avenida,,ROSARIO,Rosario,Asfalto,No existe,II,Dentro,Urbana,Semáforo,Funciona,Intersección,Bueno,Buena,Diurna,Buen Tiempo,S/D,Ciclista,Atropello,Ninguna,Vertical,Ninguna,Sin restricción,POINT (-60.63405088333334 -32.94321101666666),"['Belgrano', 'Sargento Cabral']",2,Avenida Manuel Belgrano; Sargento Cabral,-32.94321101666666,-60.63405088333334,55.0,538.0,Municipio Rosario,Municipio,Rosario,820210,Servicio de Catastro e Información Territorial,IGN
2017,607,2017-01-23,Lunes,0.0,12:00:00,,0.0,2,"Automóvil,Moto/Ciclomotor",Bv. Oroño Y Jujuy,2,1,0,0,1,0,0,,Avenida,,ROSARIO,Rosario,Asfalto,Pavimento,II,Dentro,Urbana,Ninguna,No existe,Intersección,Bueno,Buena,Diurna,Buen Tiempo,Lateral,S/D,Colisión,Ninguna,Faltante,Ninguna,Sin restricción,POINT (-60.65121175 -32.93554149999999),"['Bulevar Nicasio Oroño', 'Jujuy']",2,Bulevar Nicasio Oroño; Jujuy,-32.93554149999999,-60.65121175,55.0,538.0,Municipio Rosario,Municipio,Rosario,820210,Servicio de Catastro e Información Territorial,IGN
2017,608,2017-01-30,Lunes,0.0,18:40:00,,0.0,2,"Automóvil,Peatón",Av. Wheelwright Y Mariano Moreno,2,1,0,0,1,0,0,,Avenida,,ROSARIO,Rosario,Asfalto,Pavimento,II,Dentro,Urbana,Semáforo,Funciona,Intersección,Bueno,Buena,Diurna,Buen Tiempo,S/D,Peatón,Atropello,Ninguna,Vertical,Ninguna,Sin restricción,POINT (-60.6477294 -32.9328498),"['Avenida Guillermo Wheelwright', 'Mariano Moreno']",2,Avenida Guillermo Wheelwright; Mariano Moreno,-32.9328498,-60.6477294,55.0,538.0,Municipio Rosario,Municipio,Rosario,820210,Servicio de Catastro e Información Territorial,IGN
2017,610,2017-01-12,Jueves,0.0,7:00:00,,0.0,2,"Taxi/Remis,Moto/Ciclomotor",9 De Julio Y Mitre,2,1,0,0,1,0,0,,Calle,,ROSARIO,Rosario,Asfalto,No existe,II,Dentro,Urbana,Ninguna,No existe,Intersección,Bueno,Buena,Diurna,Buen Tiempo,Lateral,S/D,Colisión,Ninguna,Faltante,Ninguna,Sin restricción,POINT (-60.6414341 -32.95360519999999),"['9 de Julio', 'Mitre']",2,"('9 de Julio', 'Bartolomé Mitre')",-32.95360519999999,-60.6414341,55.0,538.0,Municipio Rosario,Municipio,Rosario,820210,Servicio de Catastro e Información Territorial,IGN
2017,612,2017-01-07,Sabado,0.0,5:00:00,,0.0,2,"Peatón,Automóvil",3 De Febrero Y Balcarce,2,1,0,0,1,0,0,,Calle,,ROSARIO,Rosario,Asfalto,No existe,II,Dentro,Urbana,Paso Peatonal,No existe,Intersección,Bueno,Buena,Amanecer,Buen Tiempo,S/D,Peatón,Atropello,Ninguna,Horizontal,Cordón divisorio,Sin restricción,POINT (-60.6535421 -32.95033519999999),"['3 de Febrero', 'Balcarce']",2,3 de Febrero; Balcarce,-32.95033519999999,-60.6535421,55.0,538.0,Municipio Rosario,Municipio,Rosario,820210,Servicio de Catastro e Información Territorial,IGN
2017,613,2017-01-21,Sabado,0.0,10:55:00,,0.0,2,"Automóvil,Moto/Ciclomotor",E.Zeballos Y Mitre,2,1,0,0,1,0,0,,Calle,,ROSARIO,Rosario,Asfalto,No existe,II,Dentro,Urbana,Ninguna,No existe,Intersección,Bueno,Buena,Diurna,Buen Tiempo,Lateral,S/D,Colisión,Ninguna,Faltante,Ninguna,Sin restricción,POINT (-60.641725300000004 -32.95477609999999),"['Zeballos', 'Mitre']",2,Zeballos; Bartolomé Mitre,-32.95477609999999,-60.6417253,55.0,538.0,Municipio Rosario,Municipio,Rosario,820210,Servicio de Catastro e Información Territorial,IGN
2017,614,2017-01-18,Miercoles,0.0,13:05:00,,0.0,2,"Peatón,Automóvil",Sarmiento Y 9 De Julio,2,1,0,0,1,0,0,,Calle,,ROSARIO,Rosario,Asfalto,No existe,II,Dentro,Urbana,Ninguna,No existe,Intersección,Bueno,Buena,Diurna,Buen Tiempo,S/D,S/D,Atropello,Ninguna,Faltante,Ninguna,Sin restricción,POINT (-60.6400191 -32.9538711),"['Sarmiento', '9 de Julio']",2,Sarmiento; 9 de Julio,-32.9538711,-60.6400191,55.0,538.0,Municipio Rosario,Municipio,Rosario,820210,Servicio de Catastro e Información Territorial,IGN
2017,616,2017-01-22,Domingo,0.0,4:40:00,,0.0,2,"Automóvil,Automóvil",Montevideo Y Italia,3,1,0,0,2,0,0,,Calle,,ROSARIO,Rosario,Asfalto,No existe,II,Dentro,Urbana,Ninguna,No existe,Intersección,Bueno,Buena,"Nocturna,Con luz artificial",Buen Tiempo,Lateral,S/D,Colisión,Ninguna,S/D,Cordón divisorio,Sin restricción,POINT (-60.6503083 -32.954403599999985),"['Montevideo', 'Italia']",2,Montevideo; Italia,-32.954403599999985,-60.6503083,55.0,538.0,Municipio Rosario,Municipio,Rosario,820210,Servicio de Catastro e Información Territorial,IGN
2017,617,2017-01-21,Sabado,0.0,7:30:00,,0.0,2,"Camión c / Acoplado,Automóvil",San Luis Y Alvear,2,1,0,0,1,0,0,,Calle,,ROSARIO,Rosario,Asfalto,No existe,II,Dentro,Urbana,Semáforo,Funciona,Intersección,Bueno,Buena,Diurna,Buen Tiempo,Lateral,S/D,Colisión,Ninguna,Vertical,Cordón divisorio,Sin restricción,POINT (-60.65533140000001 -32.9460782),"['San Luis', 'Alvear']",2,San Luis; Alvear,-32.9460782,-60.65533140000001,55.0,538.0,Municipio Rosario,Municipio,Rosario,820210,Servicio de Catastro e Información Territorial,IGN
2017,618,2017-01-09,Lunes,0.0,15:30:00,,0.0,2,"Automóvil,Moto/Ciclomotor",Mendoza Y Av. Ovidio Lagos,2,1,0,0,1,0,0,,Avenida,,ROSARIO,Rosario,Asfalto,S/D,II,Dentro,Urbana,S/D,Funciona,Intersección,Bueno,Buena,Diurna,Buen Tiempo,Lateral,S/D,Colisión,S/D,S/D,S/D,S/D,POINT (-60.6627415 -32.947382499999996),"['Mendoza', 'Avenida Ovidio Lagos']",2,Mendoza; Avenida Ovidio Lagos,-32.9473825,-60.6627415,55.0,538.0,Municipio Rosario,Municipio,Rosario,820210,Servicio de Catastro e Información Territorial,IGN
2017,619,2017-01-09,Lunes,0.0,,,0.0,2,"Moto/Ciclomotor,Automóvil",Ricchieri Y Rioja,2,1,0,0,1,0,0,,Calle,,ROSARIO,Rosario,Asfalto,S/D,II,Dentro,Urbana,S/D,S/D,Intersección,S/D,Buena,S/D,Buen Tiempo,Lateral,S/D,Colisión,S/D,S/D,S/D,S/D,POINT (-60.6631309 -32.943174600000006),"['Ricchieri', 'Rioja']",2,Ricchieri; Rioja,-32.943174600000006,-60.6631309,55.0,538.0,Municipio Rosario,Municipio,Rosario,820210,Servicio de Catastro e Información Territorial,IGN
2017,620,2017-01-09,Lunes,0.0,9:30:00,,0.0,2,"Automóvil,Bicicleta",Pascual Rosas Y San Luis,2,1,0,0,1,0,0,,Calle,,ROSARIO,Rosario,Asfalto,S/D,II,Dentro,Urbana,S/D,S/D,Intersección,S/D,Buena,Diurna,Buen Tiempo,S/D,Ciclista,Atropello,S/D,S/D,S/D,S/D,POINT (-60.68658630000001 -32.940494400000006),"['Pascual Rosas', 'San Luis']",2,Pascual Rosas; San Luis,-32.940494400000006,-60.68658630000001,55.0,538.0,Municipio Rosario,Municipio,Rosario,820210,Servicio de Catastro e Información Territorial,IGN
2017,623,2017-01-05,Jueves,0.0,16:00:00,,0.0,2,"Taxi/Remis,Automóvil",Mendoza 4170,4,3,0,0,1,0,0,,Calle,,ROSARIO,Rosario,Asfalto,S/D,II,Dentro,Urbana,S/D,S/D,Intersección,Bueno,Buena,Diurna,Buen Tiempo,De alcance,S/D,Colisión,S/D,S/D,S/D,S/D,"-32.94400107755102, -60.68130717959183",['Mendoza 4170'],1,Mendoza 4170,-32.94400107755102,-60.68130717959183,55.0,538.0,Municipio Rosario,Municipio,Rosario,820210,Servicio de Catastro e Información Territorial,IGN
2017,626,2017-01-05,Jueves,0.0,12:15:00,,0.0,2,"Automóvil,Moto/Ciclomotor",Pascual Rosas 1600,3,2,0,0,1,0,0,,Calle,,ROSARIO,Rosario,Asfalto,S/D,II,Dentro,Urbana,S/D,S/D,Recta,S/D,Buena,Diurna,Buen Tiempo,De alcance,S/D,Colisión,S/D,S/D,S/D,S/D,"-32.9474487, -60.6884663",['Pascual Rosas 1600'],1,Pascual Rosas 1600,-32.9474487,-60.6884663,55.0,538.0,Municipio Rosario,Municipio,Rosario,820210,Servicio de Catastro e Información Territorial,IGN
2017,627,2017-01-04,Miercoles,0.0,20:30:00,,0.0,2,"Automóvil,Moto/Ciclomotor",Cafferata Y E.Zeballos,3,2,1,0,0,0,0,,Calle,,ROSARIO,Rosario,Asfalto,S/D,II,Dentro,Urbana,S/D,S/D,Intersección,S/D,Buena,"Nocturna,Con luz artificial",Buen Tiempo,Lateral,S/D,Colisión,S/D,S/D,S/D,S/D,POINT (-60.67310489999999 -32.949117799999996),"['Cafferata', 'Zeballos']",2,Cafferata; Zeballos,-32.9491178,-60.67310489999999,55.0,538.0,Municipio Rosario,Municipio,Rosario,820210,Servicio de Catastro e Información Territorial,IGN
2017,628,2017-01-04,Miercoles,0.0,,,0.0,2,"Bicicleta,Automóvil",San Juan Y Lima,2,1,0,0,1,0,0,,Calle,,ROSARIO,Rosario,Asfalto,S/D,II,Dentro,Urbana,S/D,No existe,Intersección,Bueno,Buena,Diurna,Buen Tiempo,S/D,Ciclista,Atropello,S/D,S/D,S/D,S/D,POINT (-60.6841697 -32.942117),"['San Juan', 'Lima']",2,San Juan; Lima,-32.942117,-60.6841697,55.0,538.0,Municipio Rosario,Municipio,Rosario,820210,Servicio de Catastro e Información Territorial,IGN
2017,631,2017-01-24,Martes,0.0,0:50:00,,0.0,2,"Taxi/Remis,Bicicleta",Rioja Y Mariano Moreno,2,1,0,0,1,0,0,,Calle,,ROSARIO,Rosario,Asfalto,No existe,II,Dentro,Urbana,Ninguna,No existe,Intersección,Bueno,Buena,"Nocturna,Con luz artificial",Buen Tiempo,S/D,Peatón,Atropello,Ninguna,Faltante,Cordón divisorio,Sin restricción,POINT (-60.6508717 -32.9453541),"['Rioja', 'Mariano Moreno']",2,Rioja; Mariano Moreno,-32.9453541,-60.6508717,55.0,538.0,Municipio Rosario,Municipio,Rosario,820210,Servicio de Catastro e Información Territorial,IGN
2017,829,2017-02-11,Sabado,0.0,18:00:00,,0.0,2,"Automóvil,Moto/Ciclomotor",Gorriti Y Magallanes,3,2,0,0,1,0,0,,S/D,,ROSARIO,Rosario,Asfalto,Pavimento,II,Dentro,Urbana,Ninguna,No existe,Intersección,Bueno,Buena,Diurna,Lluvia,Lateral,S/D,Colisión,Ninguna,S/D,Barrera de hormigón,S/D,POINT (-60.7052037 -32.9241435),"['Gorriti', 'Magallanes']",2,Gorriti; Magallanes,-32.9241435,-60.7052037,55.0,538.0,Municipio Rosario,Municipio,Rosario,820210,Servicio de Catastro e Información Territorial,IGN
2017,830,2017-02-03,Viernes,0.0,23:00:00,,0.0,2,"Bicicleta,Moto/Ciclomotor",Urquiza ,2,2,0,0,0,0,0,,Calle,,ROSARIO,Rosario,S/D,S/D,II,Dentro,Urbana,Ninguna,S/D,S/D,Otro,S/D,Nocturna,Otro,S/D,S/D,Atropello,Ninguna,S/D,Ninguna,S/D,"-32.9332135, -60.7048417",['Urquiza'],1,Urquiza,-32.9332135,-60.7048417,55.0,538.0,Municipio Rosario,Municipio,Rosario,820210,Servicio de Catastro e Información Territorial,IGN
2017,831,2017-02-05,Domingo,0.0,,,0.0,2,"Automóvil,Automóvil",Av. Pellegrini Y Brasil,3,3,0,0,0,0,0,,Calle,,ROSARIO,Rosario,S/D,S/D,II,Dentro,Urbana,S/D,S/D,S/D,S/D,S/D,S/D,S/D,S/D,S/D,S/D,S/D,S/D,Ninguna,S/D,POINT (-60.719202949999996 -32.94877779999999),"['Pellegrini', 'Brasil']",2,Avenida Carlos Pellegrini; Brasil,-32.94877779999999,-60.71920295,55.0,538.0,Municipio Rosario,Municipio,Rosario,820210,Servicio de Catastro e Información Territorial,IGN
2017,833,2017-02-18,Sabado,0.0,,,0.0,2,"Moto/Ciclomotor,Automóvil",Av. Genova 8500,2,1,0,0,1,0,0,,Calle,,ROSARIO,Rosario,Asfalto,Pavimento,II,Dentro,Urbana,Ninguna,No existe,Recta,S/D,S/D,S/D,Buen Tiempo,Lateral,S/D,Colisión,S/D,Faltante,Ninguna,Sin restricción,"-32.9168648, -60.7468713",['Genova 8500'],1,Genova 8500,-32.9168648,-60.7468713,55.0,538.0,Municipio Rosario,Municipio,Rosario,820210,Servicio de Catastro e Información Territorial,IGN
2017,844,2017-02-08,Miercoles,0.0,9:05:00,,0.0,2,"Automóvil,Moto/Ciclomotor",Albert Sabin Y Velez Sarsfield,2,1,0,0,1,0,0,,Calle,,ROSARIO,Rosario,S/D,No existe,II,Dentro,Urbana,Semáforo,Funciona,Intersección,S/D,S/D,Diurna,S/D,Lateral,S/D,Colisión,S/D,"Horizontal,Vertical",S/D,S/D,POINT (-60.6821659 -32.92505235),"['Avenida Travesía Albert Sabin', 'Vélez Sarsfield']",2,Avenida Travesía Albert Sabin; Vélez Sarsfield,-32.92505235,-60.6821659,55.0,538.0,Municipio Rosario,Municipio,Rosario,820210,Servicio de Catastro e Información Territorial,IGN
2017,847,2017-02-09,Jueves,0.0,10:20:00,,0.0,2,"Automóvil,Moto/Ciclomotor",Junin Y Albert Sabin,2,1,0,0,1,0,0,,Calle,,ROSARIO,Rosario,S/D,S/D,II,Dentro,Urbana,Semáforo,S/D,Intersección,S/D,S/D,Diurna,S/D,Lateral,S/D,Colisión,S/D,"Horizontal,Vertical",Ninguna,Sin restricción,POINT (-60.679945950000004 -32.92670269999999),"['Junín', 'Avenida Travesía Albert Sabin']",2,Junín; Avenida Travesía Albert Sabin,-32.92670269999999,-60.67994595,55.0,538.0,Municipio Rosario,Municipio,Rosario,820210,Servicio de Catastro e Información Territorial,IGN
2017,853,2017-02-19,Domingo,0.0,7:00:00,,0.0,1,Automóvil,Velez Sarsfield Y Av. Luis Carballo,5,5,0,0,0,0,0,,Calle,,ROSARIO,Rosario,Asfalto,No existe,II,Dentro,Urbana,Semáforo,S/D,Intersección,Bueno,Buena,Diurna,S/D,S/D,S/D,Despiste,S/D,"Horizontal,Vertical",Cordón divisorio,Sin restricción,POINT (-60.66280744999999 -32.924634),"['Vélez Sarsfield', 'Avenida Doctor Luis Cándido Carballo']",2,Vélez Sarsfield; Avenida Doctor Luis Cándido Carballo,-32.924634,-60.66280744999999,55.0,538.0,Municipio Rosario,Municipio,Rosario,820210,Servicio de Catastro e Información Territorial,IGN
2017,856,2017-02-27,Lunes,0.0,,,0.0,2,"Moto/Ciclomotor,Automóvil",Bv. Wilde Y Av. Genova,2,1,0,0,1,0,0,,Avenida,,ROSARIO,Rosario,Asfalto,No existe,II,S/D,Urbana,Ninguna,No existe,Intersección,Bueno,Buena,S/D,S/D,Lateral,S/D,Colisión,Otro,Horizontal,Ninguna,Sin restricción,POINT (-60.73937690000001 -32.916720300000016),"['Bulevar Wilde', 'Genova']",2,Bulevar Wilde; Avenida Génova,-32.916720300000016,-60.73937690000001,55.0,538.0,Municipio Rosario,Municipio,Rosario,820210,Servicio de Catastro e Información Territorial,IGN
2017,858,2017-02-28,Martes,0.0,,,0.0,2,"Automóvil,Moto/Ciclomotor",Gorriti Y Nicaragua,2,1,0,0,1,0,0,,Calle,,ROSARIO,Rosario,Asfalto,No existe,II,Dentro,Urbana,S/D,No existe,Recta,S/D,S/D,S/D,S/D,Lateral,S/D,Colisión,Otro,Faltante,S/D,Sin restricción,POINT (-60.72141229999999 -32.9245796),"['Gorriti', 'Nicaragua']",2,Gorriti; Nicaragua,-32.9245796,-60.72141229999999,55.0,538.0,Municipio Rosario,Municipio,Rosario,820210,Servicio de Catastro e Información Territorial,IGN
2017,859,2017-02-14,Martes,0.0,13:30:00,,0.0,2,"Automóvil,Automóvil",Av. Irigoyen Y Darragueira,3,1,0,0,2,0,0,,Calle,,ROSARIO,Rosario,Asfalto,S/D,II,Dentro,Urbana,Ninguna,S/D,Intersección,Bueno,Buena,Diurna,Otro,S/D,S/D,Colisión,Ninguna,S/D,Ninguna,S/D,POINT (-60.6970208 -32.88451679999999),"['Avenida Hipólito Irigoyen', 'José Darragueira']",2,Avenida Hipólito Irigoyen; José Darragueira,-32.88451679999999,-60.6970208,55.0,538.0,Municipio Rosario,Municipio,Rosario,820210,Servicio de Catastro e Información Territorial,IGN
2017,860,2017-02-01,Miercoles,0.0,7:20:00,,0.0,2,"Transporte de Pasajeros Urbano (> 8 asientos),Moto/Ciclomotor",Av. Genova Y Barra,2,1,0,0,1,0,0,,Avenida,,ROSARIO,Rosario,Asfalto,No existe,II,Dentro,Urbana,Ninguna,No existe,Recta,Bueno,Buena,Diurna,Buen Tiempo,S/D,S/D,Colisión,S/D,Faltante,Ninguna,Sin restricción,POINT (-60.7080879 -32.9158538),"['Genova', 'Barra']",2,Avenida Génova; Barraco,-32.9158538,-60.7080879,55.0,538.0,Municipio Rosario,Municipio,Rosario,820210,Servicio de Catastro e Información Territorial,IGN
2017,890,2017-02-26,Domingo,0.0,21:40:00,,0.0,2,"Automóvil,Automóvil",Salta Y Pueyrredon,3,1,0,0,2,0,0,,Calle,,ROSARIO,Rosario,Asfalto,S/D,II,Dentro,Urbana,Ninguna,S/D,Recta,Bueno,Buena,Nocturna,Buen Tiempo,Lateral,S/D,Colisión,Ninguna,S/D,Ninguna,S/D,POINT (-60.6556216 -32.93601499999999),"['Salta', 'Pueyrredón']",2,"('Salta', 'Pueyrredón')",-32.93601499999999,-60.6556216,55.0,538.0,Municipio Rosario,Municipio,Rosario,820210,Servicio de Catastro e Información Territorial,IGN
2017,892,2017-02-23,Jueves,0.0,13:00:00,,0.0,2,"Moto/Ciclomotor,Taxi/Remis",Tucuman Y Castellanos,2,1,0,0,1,0,0,,Calle,,ROSARIO,Rosario,Asfalto,No existe,II,Dentro,Urbana,Ninguna,No existe,Recta,Bueno,Buena,Diurna,Buen Tiempo,Lateral,S/D,Colisión,Ninguna,S/D,Ninguna,S/D,POINT (-60.673877000000005 -32.93517829999999),"['Tucumán', 'Aaron Castellanos']",2,Tucumán; Aaron Castellanos,-32.93517829999999,-60.673877000000005,55.0,538.0,Municipio Rosario,Municipio,Rosario,820210,Servicio de Catastro e Información Territorial,IGN