anio_acci,nro_acci,fecha,desc_dia,fecha_aprox,hora_aprox,desc_ruta,km,cant_participantes,desc_participante,calle_avenida_km,total,heridos_leves,heridos_graves,heridos_gravisimos,ilesos,fallecidos,sin_datos,posicion_XY,desc_tipo_via,desc_ruta_ori,desc_loc,desc_dpto,desc_tipo_calzada,desc_tipo_banquina,desc_unidad_regional,desc_lugar_calzada,desc_zona,desc_prioridad,desc_estado_semaforo,desc_lugar_via,desc_estado_via,desc_estado_visibilidad,desc_luminosidad,desc_estado_clima,desc_tipo_colision,desc_tipo_atropello,desc_tipo_hecho,desc_pres_calzada,desc_senializacion,desc_separacion_via,desc_restriccion,forma_geocod,calle_lista,numero_calles,calles_osm,lat,lon,index_right,gid,fna,gna,nam,in1,fdc,sag
2017,893,2017-02-22,Miercoles,0.0,8:30:00,,0.0,2,"Peatón,Automóvil",San Nicolas Y Urquiza,2,1,0,0,1,0,0,,Calle,,ROSARIO,Rosario,Hormigón,No existe,II,Dentro,Urbana,Ninguna,No existe,Recta,S/D,Buena,Diurna,Buen Tiempo,S/D,Peatón,Atropello,S/D,Faltante,Ninguna,S/D,POINT (-60.6714596 -32.93685429999999),"['San Nicolás', 'Urquiza']",2,San Nicolás; Justo José de Urquiza,-32.93685429999999,-60.6714596,55.0,538.0,Municipio Rosario,Municipio,Rosario,820210,Servicio de Catastro e Información Territorial,IGN
2017,894,2017-02-14,Martes,0.0,16:50:00,,0.0,2,"Peatón,Automóvil",Av. Ovidio Lagos Y Urquiza,2,1,0,0,1,0,0,,Calle,,ROSARIO,Rosario,Asfalto,No existe,II,Dentro,Urbana,Ninguna,Funciona,Intersección,S/D,Buena,Diurna,Buen Tiempo,S/D,Peatón,Atropello,S/D,S/D,Ninguna,S/D,POINT (-60.660585299999994 -32.938803599999986),"['Avenida Ovidio Lagos', 'Urquiza']",2,Avenida Ovidio Lagos; Justo José de Urquiza,-32.938803599999986,-60.6605853,55.0,538.0,Municipio Rosario,Municipio,Rosario,820210,Servicio de Catastro e Información Territorial,IGN
2017,896,2017-02-13,Lunes,0.0,16:25:00,,0.0,2,"Automóvil,Moto/Ciclomotor",Santiago Y Brown,2,1,0,0,1,0,0,,Calle,,ROSARIO,Rosario,Asfalto,No existe,II,Dentro,Urbana,Ninguna,No existe,Distribuidor,Bueno,Buena,Diurna,Buen Tiempo,Lateral,S/D,Colisión,Ninguna,S/D,Ninguna,Sin restricción,POINT (-60.653646800000004 -32.9339372),"['Santiago', 'Brown']",2,Santiago; Almirante Brown,-32.9339372,-60.6536468,55.0,538.0,Municipio Rosario,Municipio,Rosario,820210,Servicio de Catastro e Información Territorial,IGN
2017,897,2017-02-09,Jueves,0.0,17:35:00,,0.0,2,"Automóvil,Automóvil",Urquiza Y San Nicolas,2,1,0,0,1,0,0,,Calle,,ROSARIO,Rosario,Asfalto,No existe,II,Dentro,Urbana,Ninguna,No existe,Intersección,Otro,Buena,Diurna,Buen Tiempo,Lateral,S/D,Colisión,Ninguna,Faltante,Ninguna,S/D,POINT (-60.6714596 -32.93685429999999),"['Urquiza', 'San Nicolás']",2,Justo José de Urquiza; San Nicolás,-32.93685429999999,-60.6714596,55.0,538.0,Municipio Rosario,Municipio,Rosario,820210,Servicio de Catastro e Información Territorial,IGN
2017,899,2017-02-05,Domingo,0.0,5:45:00,,0.0,2,"Automóvil,Automóvil",Vera Mujica Y Urquiza,2,2,0,0,0,0,0,,Calle,,ROSARIO,Rosario,Asfalto,S/D,II,Dentro,Urbana,Ninguna,Funciona,Recta,Bueno,Buena,Amanecer,Buen Tiempo,Lateral,S/D,Colisión,Ninguna,S/D,Ninguna,S/D,POINT (-60.6660287 -32.9378397),"['Vera Mujíca', 'Urquiza']",2,Vera Mujíca; Justo José de Urquiza,-32.9378397,-60.6660287,55.0,538.0,Municipio Rosario,Municipio,Rosario,820210,Servicio de Catastro e Información Territorial,IGN
2017,900,2017-02-04,Sabado,0.0,18:30:00,,0.0,2,"Moto/Ciclomotor,Automóvil",Santa Fe Y Av. Francia,3,2,0,0,1,0,0,,Calle,,ROSARIO,Rosario,Asfalto,No existe,II,Dentro,Urbana,Ninguna,Funciona,Recta,S/D,Buena,Diurna,Buen Tiempo,Lateral,S/D,Colisión,S/D,S/D,Ninguna,S/D,POINT (-60.66519785 -32.94019899999999),"['Santa Fe', 'Avenida Francia']",2,Santa Fe; Avenida Francia,-32.94019899999999,-60.66519785,55.0,538.0,Municipio Rosario,Municipio,Rosario,820210,Servicio de Catastro e Información Territorial,IGN
2017,902,2017-02-02,Jueves,0.0,6:30:00,,0.0,2,"Moto/Ciclomotor,Automóvil",Urquiza Y Iriondo,2,1,0,0,1,0,0,,Calle,,ROSARIO,Rosario,Asfalto,No existe,II,Dentro,Urbana,Ninguna,No existe,Recta,Otro,Buena,Amanecer,Buen Tiempo,Lateral,S/D,Colisión,S/D,S/D,Ninguna,S/D,POINT (-60.66874130000001 -32.93734760000002),"['Urquiza', 'Iriondo']",2,Justo José de Urquiza; Iriondo,-32.93734760000002,-60.66874130000001,55.0,538.0,Municipio Rosario,Municipio,Rosario,820210,Servicio de Catastro e Información Territorial,IGN
2017,904,2017-02-06,Lunes,0.0,16:50:00,,0.0,2,"Moto/Ciclomotor,Bicicleta",Av. Provincias Unidas 570,2,0,1,0,1,0,0,,Calle,,ROSARIO,Rosario,Asfalto,No existe,II,Dentro,Urbana,Ninguna,No existe,Recta,Bueno,Buena,Diurna,Buen Tiempo,S/D,Ciclista,Atropello,Ninguna,S/D,Cordón divisorio,Sin restricción,"-32.9221851, -60.713261208333336",['Provincias Unidas 570'],1,Provincias Unidas 570,-32.9221851,-60.713261208333336,55.0,538.0,Municipio Rosario,Municipio,Rosario,820210,Servicio de Catastro e Información Territorial,IGN
2017,905,2017-02-10,Viernes,0.0,17:30:00,,0.0,2,"Moto/Ciclomotor,Automóvil",San Martin 7800,2,0,2,0,0,0,0,,Avenida,,ROSARIO,Rosario,Asfalto,No existe,II,Dentro,Urbana,Ninguna,No existe,Recta,Con baches,Buena,Diurna,Buen Tiempo,De alcance,S/D,Colisión,Ninguna,Faltante,Ninguna,S/D,"-32.9764777, -60.6372639",['San Martin 7800'],1,San Martin 7800,-32.9764777,-60.6372639,55.0,538.0,Municipio Rosario,Municipio,Rosario,820210,Servicio de Catastro e Información Territorial,IGN
2017,906,2017-02-06,Lunes,0.0,14:10:00,,0.0,2,"Moto/Ciclomotor,Moto/Ciclomotor",J.J.Paso Y Liniers,2,2,0,0,0,0,0,,Calle,,ROSARIO,Rosario,Asfalto,No existe,II,Dentro,Urbana,Ninguna,No existe,Intersección,Bueno,Buena,Diurna,Buen Tiempo,Lateral,S/D,Colisión,Otro,S/D,Ninguna,S/D,POINT (-60.69932970000001 -32.919825900000006),"['Paso', 'Liniers']",2,Avenida Juan José Paso; Liniers,-32.919825900000006,-60.69932970000001,55.0,538.0,Municipio Rosario,Municipio,Rosario,820210,Servicio de Catastro e Información Territorial,IGN
2017,910,2017-02-10,Viernes,0.0,16:15:00,,0.0,2,"Pickup/Utilitario,Moto/Ciclomotor",Santa Fe 6500,2,1,0,0,1,0,0,,Avenida,,ROSARIO,Rosario,Asfalto,No existe,II,Dentro,Urbana,Ninguna,No existe,Recta,Bueno,Buena,Diurna,Buen Tiempo,De alcance,S/D,Colisión,Ninguna,Horizontal,Cordón divisorio,Sin restricción,"-32.9355497, -60.7103293",['Santa Fe 6500'],1,Santa Fe 6500,-32.9355497,-60.7103293,55.0,538.0,Municipio Rosario,Municipio,Rosario,820210,Servicio de Catastro e Información Territorial,IGN
2017,911,2017-02-15,Miercoles,0.0,18:20:00,,0.0,2,"Automóvil,Moto/Ciclomotor",Av. Ovidio Lagos 6000,2,1,0,0,1,0,0,,Calle,,ROSARIO,Rosario,Asfalto,Pavimento,II,Dentro,Urbana,Semáforo,Funciona,Intersección,Bueno,Buena,Diurna,Buen Tiempo,Lateral,S/D,Colisión,Ninguna,Horizontal,Cordón divisorio,Sin restricción,"-32.9700442, -60.668095",['Ovidio Lagos 6000'],1,Ovidio Lagos 6000,-32.9700442,-60.668095,55.0,538.0,Municipio Rosario,Municipio,Rosario,820210,Servicio de Catastro e Información Territorial,IGN
2017,918,2017-02-22,Miercoles,0.0,19:40:00,,0.0,2,"Moto/Ciclomotor,Automóvil",Santiago Y Av. Arijon,2,1,0,0,1,0,0,,Avenida,,ROSARIO,Rosario,Asfalto,No existe,II,S/D,Urbana,Señal Pare,No existe,Intersección,Bueno,Buena,Con luz artificial,Buen Tiempo,Lateral,S/D,Colisión,Ninguna,Horizontal,Línea divisoria pintada,Sin restricción,POINT (-60.6676718 -33.0035862),"['Santiago', 'Avenida Manuel Arijón']",2,Santiago; Avenida Manuel Arijón,-33.0035862,-60.6676718,55.0,538.0,Municipio Rosario,Municipio,Rosario,820210,Servicio de Catastro e Información Territorial,IGN
2017,919,2017-02-03,Viernes,0.0,15:30:00,,0.0,2,"Vehículo Oficial,Automóvil",Av. Arijon Y Mariano Moreno,3,1,0,0,2,0,0,,Avenida,,ROSARIO,Rosario,Asfalto,No existe,II,S/D,Urbana,Semáforo,Funciona,Intersección,Bueno,Buena,Diurna,Buen Tiempo,Lateral,S/D,Colisión,Ninguna,Vertical,Línea divisoria pintada,Sin restricción,POINT (-60.6618893 -33.003447599999994),"['Avenida Manuel Arijón', 'Mariano Moreno']",2,Avenida Manuel Arijón; Mariano Moreno,-33.003447599999994,-60.6618893,55.0,538.0,Municipio Rosario,Municipio,Rosario,820210,Servicio de Catastro e Información Territorial,IGN
2017,922,2017-02-16,Jueves,0.0,13:00:00,,0.0,2,"Moto/Ciclomotor,Automóvil",L.N.Alem Y Mendoza,2,1,0,0,1,0,0,,Calle,,ROSARIO,Rosario,Asfalto,No existe,II,Dentro,Urbana,Ninguna,No existe,Recta,Bueno,Buena,Diurna,Buen Tiempo,Otro,S/D,Colisión,Ninguna,Vertical,Ninguna,Sin restricción,POINT (-60.62958810000001 -32.9532653),"['Alem', 'Mendoza']",2,Leandro N. Alem; Mendoza,-32.9532653,-60.62958810000001,55.0,538.0,Municipio Rosario,Municipio,Rosario,820210,Servicio de Catastro e Información Territorial,IGN
2017,923,2017-02-09,Jueves,0.0,14:40:00,,0.0,2,"Automóvil,Moto/Ciclomotor",San Juan Y 1 de Mayo,2,1,0,0,1,0,0,,Calle,,ROSARIO,Rosario,Asfalto,No existe,II,Dentro,Urbana,Ninguna,No existe,Recta,Bueno,Buena,Diurna,Otro,Lateral,S/D,Colisión,Ninguna,S/D,Ninguna,Sin restricción,POINT (-60.63071339999999 -32.951778999999995),"['San Juan', 'Primero de Mayo']",2,San Juan; Primero de Mayo,-32.951778999999995,-60.63071339999999,55.0,538.0,Municipio Rosario,Municipio,Rosario,820210,Servicio de Catastro e Información Territorial,IGN
2017,928,2017-02-09,Jueves,0.0,20:30:00,,0.0,2,"Transporte de Pasajeros (H/ 8 asientos),Bicicleta",Entre Rios Y Santa Fe,2,1,0,0,1,0,0,,Calle,,ROSARIO,Rosario,Asfalto,Pavimento,II,Dentro,Urbana,Ninguna,S/D,Recta,Bueno,Buena,Nocturna,Buen Tiempo,S/D,S/D,Atropello,Ninguna,S/D,Cordón divisorio,Sin restricción,POINT (-60.6406208 -32.944621000000005),"['Entre Ríos', 'Santa Fe']",2,Entre Ríos; Santa Fe,-32.944621000000005,-60.6406208,55.0,538.0,Municipio Rosario,Municipio,Rosario,820210,Servicio de Catastro e Información Territorial,IGN
2017,929,2017-02-14,Martes,0.0,12:45:00,,0.0,2,"Automóvil,Automóvil",Dorrego 1200,2,1,0,0,0,0,1,,Calle,,ROSARIO,Rosario,Asfalto,Pavimento,II,Dentro,Urbana,Ninguna,S/D,Recta,Bueno,Buena,Diurna,Buen Tiempo,Otro,S/D,Colisión,Ninguna,S/D,Cordón divisorio,Sin restricción,"-32.949501, -60.6505229",['Dorrego 1200'],1,Dorrego 1200,-32.949501,-60.6505229,55.0,538.0,Municipio Rosario,Municipio,Rosario,820210,Servicio de Catastro e Información Territorial,IGN
2017,930,2017-02-13,Lunes,0.0,15:45:00,,0.0,2,"Automóvil,Moto/Ciclomotor",Av. Corrientes 1100,2,1,0,0,1,0,0,,Calle,,ROSARIO,Rosario,Asfalto,Pavimento,II,Dentro,Urbana,Semáforo,Funciona,Intersección,Bueno,Buena,Diurna,Buen Tiempo,S/D,S/D,Colisión,Ninguna,Vertical,Cordón divisorio,Sin restricción,"-32.9493266, -60.6432765",['Corrientes 1100'],1,Corrientes 1100,-32.9493266,-60.6432765,55.0,538.0,Municipio Rosario,Municipio,Rosario,820210,Servicio de Catastro e Información Territorial,IGN
2017,931,2017-02-10,Viernes,0.0,9:30:00,,0.0,2,"Automóvil,Moto/Ciclomotor",Mendoza 1300,2,1,0,0,1,0,0,,Calle,,ROSARIO,Rosario,Asfalto,Pavimento,II,Dentro,Urbana,Semáforo,No existe,Intersección,Bueno,S/D,Diurna,Buen Tiempo,Otro,S/D,Colisión,Ninguna,Horizontal,Línea divisoria pintada,Sin restricción,"-32.9509847, -60.6421272",['Mendoza 1300'],1,Mendoza 1300,-32.9509847,-60.6421272,55.0,538.0,Municipio Rosario,Municipio,Rosario,820210,Servicio de Catastro e Información Territorial,IGN
2017,932,2017-02-14,Martes,0.0,19:35:00,,0.0,2,"Moto/Ciclomotor,Automóvil",San Juan 2100,2,1,0,0,1,0,0,,Calle,,ROSARIO,Rosario,Asfalto,Pavimento,II,Dentro,Urbana,Ninguna,No existe,Recta,Bueno,Buena,Diurna,Buen Tiempo,S/D,S/D,Colisión,Ninguna,Horizontal,Cordón divisorio,Sin restricción,"-32.9476336, -60.6526021",['San Juan 2100'],1,San Juan 2100,-32.9476336,-60.6526021,55.0,538.0,Municipio Rosario,Municipio,Rosario,820210,Servicio de Catastro e Información Territorial,IGN
2017,934,2017-02-02,Jueves,0.0,18:40:00,,0.0,2,"Peatón,Automóvil",Cordoba 1200,2,1,0,0,1,0,0,,Calle,,ROSARIO,Rosario,Asfalto,Pavimento,II,Dentro,Urbana,Paso Peatonal,No existe,Cruce,Bueno,Buena,Diurna,Buen Tiempo,S/D,Peatón,Atropello,Ninguna,Horizontal,Ninguna,Sin restricción,"-32.9461135, -60.6396894",['Cordoba 1200'],1,Cordoba 1200,-32.9461135,-60.6396894,55.0,538.0,Municipio Rosario,Municipio,Rosario,820210,Servicio de Catastro e Información Territorial,IGN
2017,935,2017-02-21,Martes,0.0,10:40:00,,0.0,2,"Moto/Ciclomotor,Taxi/Remis",San Juan ,2,1,0,0,1,0,0,,Calle,,ROSARIO,Rosario,Asfalto,Pavimento,II,Dentro,Urbana,Ninguna,S/D,Recta,Bueno,Buena,Diurna,Buen Tiempo,S/D,S/D,Colisión,Ninguna,S/D,Cordón divisorio,Sin restricción,"-32.948424, -60.6488024",['San Juan'],1,San Juan,-32.948424,-60.6488024,55.0,538.0,Municipio Rosario,Municipio,Rosario,820210,Servicio de Catastro e Información Territorial,IGN
2017,936,2017-02-15,Miercoles,0.0,16:45:00,,0.0,2,"Automóvil,Moto/Ciclomotor",Montevideo Y Bv. Oroño,2,1,0,0,1,0,0,,S/D,,ROSARIO,Rosario,Asfalto,S/D,II,S/D,S/D,Semáforo,S/D,Intersección,Bueno,S/D,Diurna,Buen Tiempo,Lateral,S/D,Colisión,Ninguna,Vertical,Cordón divisorio,Sin restricción,POINT (-60.65574455 -32.95341725),"['Montevideo', 'Bulevar Nicasio Oroño']",2,Montevideo; Bulevar Nicasio Oroño,-32.95341725,-60.65574455,55.0,538.0,Municipio Rosario,Municipio,Rosario,820210,Servicio de Catastro e Información Territorial,IGN
2017,937,2017-02-19,Domingo,0.0,17:30:00,,0.0,2,"Taxi/Remis,Moto/Ciclomotor",Dorrego 800,2,1,0,0,1,0,0,,Calle,,ROSARIO,Rosario,Asfalto,Pavimento,II,Dentro,Urbana,Ninguna,No existe,Intersección,Bueno,Buena,Diurna,Buen Tiempo,S/D,S/D,Colisión,Ninguna,Horizontal,Cordón divisorio,Sin restricción,"-32.9443768, -60.649219",['Dorrego 800'],1,Dorrego 800,-32.9443768,-60.649219,55.0,538.0,Municipio Rosario,Municipio,Rosario,820210,Servicio de Catastro e Información Territorial,IGN
2017,938,2017-02-21,Martes,0.0,22:40:00,,0.0,2,"Moto/Ciclomotor,Bicicleta",Av. Pellegrini 1500,2,2,0,0,0,0,0,,Avenida,,ROSARIO,Rosario,Asfalto,Pavimento,II,Fuera,Urbana,Semáforo,Funciona,Intersección,Bueno,Buena,Nocturna,Buen Tiempo,Otro,Ciclista,Atropello,Ninguna,Horizontal,Cordón divisorio,Sin restricción,"-32.9562125, -60.646318",['Pellegrini 1500'],1,Pellegrini 1500,-32.9562125,-60.646318,55.0,538.0,Municipio Rosario,Municipio,Rosario,820210,Servicio de Catastro e Información Territorial,IGN
2017,939,2017-02-18,Sabado,0.0,4:00:00,,0.0,1,Automóvil,Laprida Y San Lorenzo,1,1,0,0,0,0,0,,Calle,,ROSARIO,Rosario,Asfalto,No existe,II,Fuera,Urbana,Señal Pare,No existe,Recta,Bueno,Buena,"Nocturna,Con luz artificial",Buen Tiempo,Contra objeto fijo,S/D,Colisión,Ninguna,Vertical,Ninguna,S/D,POINT (-60.633347300000004 -32.94601589999999),"['Laprida', 'San Lorenzo']",2,Francisco Narciso Laprida; San Lorenzo,-32.94601589999999,-60.6333473,55.0,538.0,Municipio Rosario,Municipio,Rosario,820210,Servicio de Catastro e Información Territorial,IGN
2017,940,2017-02-21,Martes,0.0,14:40:00,,0.0,2,"Automóvil,Peatón",Santa Fe Y Av. Corrientes,2,0,1,0,1,0,0,,Calle,,ROSARIO,Rosario,Asfalto,No existe,II,Dentro,Urbana,Semáforo,Funciona,Recta,Bueno,Buena,Diurna,Buen Tiempo,S/D,Peatón,Atropello,Ninguna,Vertical,Ninguna,Sin restricción,POINT (-60.6420191 -32.9443578),"['Santa Fe', 'Corrientes']",2,Santa Fe; Corrientes,-32.9443578,-60.6420191,55.0,538.0,Municipio Rosario,Municipio,Rosario,820210,Servicio de Catastro e Información Territorial,IGN
2017,942,2017-02-11,Sabado,0.0,9:30:00,,0.0,2,"Bicicleta,Automóvil",Jujuy Y Pte.Roca,2,1,0,0,1,0,0,,Calle,,ROSARIO,Rosario,Asfalto,No existe,II,Dentro,Urbana,Señal Pare,No existe,Intersección,Bueno,Buena,Diurna,Buen Tiempo,S/D,Ciclista,Atropello,Ninguna,Vertical,Ninguna,Sin restricción,POINT (-60.64306650000001 -32.93700309999999),"['Jujuy', 'Roca']",2,Jujuy; Presidente Roca,-32.93700309999999,-60.64306650000001,55.0,538.0,Municipio Rosario,Municipio,Rosario,820210,Servicio de Catastro e Información Territorial,IGN
2017,944,2017-02-04,Sabado,0.0,1:30:00,,0.0,2,"Automóvil,Taxi/Remis",Entre Rios Y San Lorenzo,2,1,0,0,1,0,0,,Calle,,ROSARIO,Rosario,Asfalto,No existe,II,Dentro,Urbana,Señal Pare,No existe,Intersección,Bueno,Buena,"Nocturna,Con luz artificial",Buen Tiempo,Lateral,S/D,Colisión,Ninguna,Vertical,Ninguna,Sin restricción,POINT (-60.6403682 -32.94364579999999),"['Entre Ríos', 'San Lorenzo']",2,Entre Ríos; San Lorenzo,-32.94364579999999,-60.6403682,55.0,538.0,Municipio Rosario,Municipio,Rosario,820210,Servicio de Catastro e Información Territorial,IGN
2017,945,2017-02-03,Viernes,0.0,17:20:00,,0.0,2,"Automóvil,Moto/Ciclomotor",Av. Uriburu Y Suipacha,2,1,0,0,1,0,0,,Avenida,,ROSARIO,Rosario,Asfalto,Pavimento,II,Dentro,Urbana,Ninguna,S/D,Cruce,Bueno,Buena,Atardecer,Buen Tiempo,Lateral,S/D,Colisión,Ninguna,Faltante,Vegetación,S/D,POINT (-60.6767049 -32.99161159999999),"['Uriburu', 'Suipacha']",2,Avenida José Uriburu; Suipacha,-32.99161159999999,-60.6767049,55.0,538.0,Municipio Rosario,Municipio,Rosario,820210,Servicio de Catastro e Información Territorial,IGN
2017,946,2017-02-04,Sabado,0.0,11:30:00,,0.0,1,Transporte de Pasajeros Urbano (> 8 asientos),3 De Febrero Y Colon,2,1,0,0,0,0,1,,Calle,,ROSARIO,Rosario,Asfalto,S/D,II,Dentro,Urbana,S/D,S/D,Recta,Bueno,S/D,Diurna,Lluvia,S/D,S/D,Caída ocupante,Agua,S/D,S/D,S/D,POINT (-60.6271364 -32.9549103),"['3 de Febrero', 'Colon']",2,3 de Febrero; Cristóbal Colón,-32.9549103,-60.6271364,55.0,538.0,Municipio Rosario,Municipio,Rosario,820210,Servicio de Catastro e Información Territorial,IGN
2017,947,2017-02-01,Miercoles,0.0,20:30:00,,0.0,2,"Automóvil,Automóvil",3 De Febrero Y Buenos Aires,7,7,0,0,0,0,0,,Calle,,ROSARIO,Rosario,Asfalto,No existe,II,Dentro,Urbana,Paso Peatonal,No existe,Intersección,Bueno,Buena,Nocturna,Lluvia,S/D,S/D,Colisión,Ninguna,Faltante,Ninguna,Sin restricción,POINT (-60.63427490000001 -32.9536983),"['3 de Febrero', 'Buenos Aires']",2,3 de Febrero; Buenos Aires,-32.9536983,-60.63427490000001,55.0,538.0,Municipio Rosario,Municipio,Rosario,820210,Servicio de Catastro e Información Territorial,IGN
2017,953,2017-02-12,Domingo,0.0,8:40:00,,0.0,2,"Otros,Otros",Balcarce Y Santa Fe,3,2,0,0,1,0,0,,Calle,,ROSARIO,Rosario,Asfalto,Pavimento,II,Dentro,Urbana,S/D,S/D,Intersección,Bueno,Buena,Diurna,Buen Tiempo,S/D,S/D,Colisión,Ninguna,S/D,Cordón divisorio,Sin restricción,POINT (-60.65159370000001 -32.94261169999999),"['Balcarce', 'Santa Fe']",2,Balcarce; Santa Fe,-32.94261169999999,-60.65159370000001,55.0,538.0,Municipio Rosario,Municipio,Rosario,820210,Servicio de Catastro e Información Territorial,IGN
2017,957,2017-02-10,Viernes,0.0,23:10:00,,0.0,2,"Automóvil,Moto/Ciclomotor",San Luis Y Mariano Moreno,3,2,0,0,1,0,0,,Calle,,ROSARIO,Rosario,Asfalto,Pavimento,II,Dentro,Urbana,S/D,S/D,Intersección,Bueno,Buena,Nocturna,Buen Tiempo,S/D,S/D,Colisión,Ninguna,Vertical,Cordón divisorio,Sin restricción,POINT (-60.6512659 -32.94680389999999),"['San Luis', 'Mariano Moreno']",2,San Luis; Mariano Moreno,-32.94680389999999,-60.6512659,55.0,538.0,Municipio Rosario,Municipio,Rosario,820210,Servicio de Catastro e Información Territorial,IGN
2017,958,2017-02-12,Domingo,0.0,14:45:00,,0.0,2,"Automóvil,Moto/Ciclomotor",San Juan Y Italia,3,2,0,0,1,0,0,,Calle,,ROSARIO,Rosario,Asfalto,Pavimento,II,Dentro,Urbana,Ninguna,No existe,Intersección,Bueno,Buena,Nocturna,Buen Tiempo,Lateral,S/D,Colisión,Ninguna,Horizontal,Cordón divisorio,Sin restricción,POINT (-60.64880240000001 -32.948424),"['San Juan', 'Italia']",2,San Juan; Italia,-32.948424,-60.64880240000001,55.0,538.0,Municipio Rosario,Municipio,Rosario,820210,Servicio de Catastro e Información Territorial,IGN
2017,973,2017-02-07,Martes,0.0,14:25:00,,0.0,2,"Automóvil,Moto/Ciclomotor",Av. Ovidio Lagos 7900,3,0,0,1,1,0,1,,Calle,,ROSARIO,Rosario,Asfalto,No existe,II,Dentro,Urbana,Ninguna,No existe,Recta,Bueno,Buena,Diurna,Buen Tiempo,Lateral,S/D,Colisión,Ninguna,Horizontal,Cordón divisorio,Sin restricción,"-32.9700442, -60.668095",['Ovidio Lagos 7900'],1,Ovidio Lagos 7900,-32.9700442,-60.668095,55.0,538.0,Municipio Rosario,Municipio,Rosario,820210,Servicio de Catastro e Información Territorial,IGN
2017,981,2017-02-20,Lunes,0.0,21:45:00,,0.0,2,"Moto/Ciclomotor,Automóvil",Piedras Y Paraguay,3,2,0,0,1,0,0,,Calle,,ROSARIO,Rosario,Asfalto,No existe,II,Dentro,Urbana,Ninguna,No existe,S/D,Deteriorada,Reducida,Nocturna,S/D,S/D,S/D,Colisión,S/D,Horizontal,Ninguna,Sin restricción,POINT (-60.65452870000001 -33.00714799999999),"['Piedras', 'Paraguay']",2,Piedras; Paraguay,-33.00714799999999,-60.65452870000001,55.0,538.0,Municipio Rosario,Municipio,Rosario,820210,Servicio de Catastro e Información Territorial,IGN
2017,983,2017-02-15,Miercoles,0.0,10:50:00,,0.0,2,"Automóvil,Moto/Ciclomotor",Alzugaray Y Av. Bermudez,4,3,0,0,1,0,0,,Calle,,ROSARIO,Rosario,Asfalto,S/D,II,Dentro,Urbana,Ninguna,No existe,Intersección,Bueno,Buena,Diurna,Buen Tiempo,Lateral,S/D,Colisión,Ninguna,Faltante,Ninguna,Sin restricción,POINT (-60.64217020000001 -33.0128136),"['Alzugaray', 'Bermudez']",2,Alzugaray; Avenida José Bermúdez,-33.0128136,-60.64217020000001,55.0,538.0,Municipio Rosario,Municipio,Rosario,820210,Servicio de Catastro e Información Territorial,IGN
2017,987,2017-02-16,Jueves,0.0,15:59:00,,0.0,2,"Camión Chasis,Moto/Ciclomotor",Santa Fe Y Pte.Roca,3,2,0,0,1,0,0,,Calle,,ROSARIO,Rosario,Asfalto,No existe,II,Dentro,Urbana,Ninguna,No existe,Intersección,Bueno,Buena,Diurna,Buen Tiempo,Frontal,S/D,Colisión,Ninguna,Faltante,Ninguna,Sin restricción,POINT (-60.644754 -32.9438641),"['Santa Fe', 'Roca']",2,Santa Fe; Presidente Roca,-32.9438641,-60.644754,55.0,538.0,Municipio Rosario,Municipio,Rosario,820210,Servicio de Catastro e Información Territorial,IGN
2017,988,2017-02-20,Lunes,0.0,14:10:00,,0.0,2,"Moto/Ciclomotor,Automóvil",Alvear Y Catamarca,3,2,0,0,1,0,0,,Calle,,ROSARIO,Rosario,Asfalto,No existe,II,Dentro,Urbana,Ninguna,No existe,Intersección,Bueno,Buena,Diurna,Buen Tiempo,Lateral,S/D,Colisión,Ninguna,Vertical,Ninguna,S/D,POINT (-60.653209 -32.9376317),"['Alvear', 'Catamarca']",2,Alvear; Catamarca,-32.9376317,-60.653209,55.0,538.0,Municipio Rosario,Municipio,Rosario,820210,Servicio de Catastro e Información Territorial,IGN
2017,989,2017-02-03,Viernes,0.0,10:00:00,,0.0,2,"Pickup/Utilitario,Moto/Ciclomotor",Uruguay Y Crespo,3,2,0,0,1,0,0,,Calle,,ROSARIO,Rosario,Asfalto,No existe,II,Dentro,Urbana,Ninguna,No existe,Recta,Bueno,Buena,Diurna,Buen Tiempo,Lateral,S/D,Colisión,Ninguna,Faltante,Ninguna,Sin restricción,POINT (-60.6758835 -32.9713984),"['Uruguay', 'Crespo']",2,Uruguay; Crespo,-32.9713984,-60.6758835,55.0,538.0,Municipio Rosario,Municipio,Rosario,820210,Servicio de Catastro e Información Territorial,IGN
2017,990,2017-02-24,Viernes,0.0,19:40:00,,0.0,2,"Moto/Ciclomotor,Automóvil",Av. Ovidio Lagos Y Lamadrid,3,2,0,0,1,0,0,,Calle,,ROSARIO,Rosario,Asfalto,No existe,II,Dentro,Urbana,Ninguna,No existe,Intersección,Bueno,Buena,Atardecer,Buen Tiempo,Lateral,S/D,Colisión,Ninguna,Faltante,Cordón divisorio,Sin restricción,POINT (-60.67487495 -32.997913600000004),"['Avenida Ovidio Lagos', 'Lamadrid']",2,Avenida Ovidio Lagos; Gregorio Aráoz de Lamadrid,-32.997913600000004,-60.67487495,55.0,538.0,Municipio Rosario,Municipio,Rosario,820210,Servicio de Catastro e Información Territorial,IGN