anio_acci,nro_acci,fecha,desc_dia,fecha_aprox,hora_aprox,desc_ruta,km,cant_participantes,desc_participante,calle_avenida_km,total,heridos_leves,heridos_graves,heridos_gravisimos,ilesos,fallecidos,sin_datos,posicion_XY,desc_tipo_via,desc_ruta_ori,desc_loc,desc_dpto,desc_tipo_calzada,desc_tipo_banquina,desc_unidad_regional,desc_lugar_calzada,desc_zona,desc_prioridad,desc_estado_semaforo,desc_lugar_via,desc_estado_via,desc_estado_visibilidad,desc_luminosidad,desc_estado_clima,desc_tipo_colision,desc_tipo_atropello,desc_tipo_hecho,desc_pres_calzada,desc_senializacion,desc_separacion_via,desc_restriccion,forma_geocod,calle_lista,numero_calles,calles_osm,lat,lon,index_right,gid,fna,gna,nam,in1,fdc,sag
2017,1123,2017-02-14,Martes,0.0,12:30:00,,0.0,2,"Peatón,Pickup/Utilitario",Av. Provincias Unidas Y Gaboto,2,1,0,0,1,0,0,,Calle,,ROSARIO,Rosario,Asfalto,No existe,II,Dentro,Urbana,Ninguna,No existe,Intersección,Bueno,Buena,Diurna,S/D,S/D,Peatón,Atropello,S/D,Faltante,S/D,Sin restricción,POINT (-60.711592350000004 -32.96514434999999),"['Avenida Provincias Unidas', 'Gaboto']",2,Avenida Provincias Unidas; Gaboto,-32.96514434999999,-60.71159235,55.0,538.0,Municipio Rosario,Municipio,Rosario,820210,Servicio de Catastro e Información Territorial,IGN
2017,1124,2017-02-02,Jueves,0.0,6:35:00,,0.0,2,"Bicicleta,Automóvil",Bv. 27 De Febrero Y Sarmiento,2,1,0,0,1,0,0,,Avenida,,ROSARIO,Rosario,Asfalto,S/D,II,Dentro,Urbana,Semáforo,S/D,Intersección,Bueno,Buena,Diurna,Buen Tiempo,S/D,Ciclista,Atropello,S/D,Vertical,Cordón divisorio,S/D,POINT (-60.6434697 -32.96759605),"['27 de Febrero', 'Sarmiento']",2,Bulevar 27 de Febrero; Sarmiento,-32.96759605,-60.6434697,55.0,538.0,Municipio Rosario,Municipio,Rosario,820210,Servicio de Catastro e Información Territorial,IGN
2017,1126,2017-02-22,Miercoles,0.0,16:00:00,,0.0,2,"Moto/Ciclomotor,Automóvil",Camilo Aldao ,2,1,0,0,1,0,0,,Calle,,ROSARIO,Rosario,Asfalto,No existe,II,Dentro,Urbana,S/D,No existe,Intersección,Bueno,Buena,Atardecer,S/D,Lateral,S/D,Colisión,Ninguna,Faltante,Ninguna,Sin restricción,"-32.9239058, -60.6965869",['Camilo Aldao'],1,Camilo Aldao,-32.9239058,-60.6965869,55.0,538.0,Municipio Rosario,Municipio,Rosario,820210,Servicio de Catastro e Información Territorial,IGN
2017,1128,2017-02-02,Jueves,0.0,15:30:00,,0.0,2,"Moto/Ciclomotor,Automóvil",Entre Rios Y Galvez,2,1,0,0,1,0,0,,S/D,,ROSARIO,Rosario,Asfalto,S/D,II,S/D,S/D,Ninguna,No existe,Intersección,Bueno,Buena,Diurna,Buen Tiempo,Lateral,S/D,Colisión,S/D,Faltante,Ninguna,Sin restricción,POINT (-60.6465702 -32.968276),"['Entre Ríos', 'Galvez']",2,Entre Ríos; José Gálvez,-32.968276,-60.6465702,55.0,538.0,Municipio Rosario,Municipio,Rosario,820210,Servicio de Catastro e Información Territorial,IGN
2017,1130,2017-02-25,Sabado,0.0,1:40:00,,0.0,2,"Moto/Ciclomotor,Taxi/Remis",Mendoza Y Matienzo,2,1,0,0,1,0,0,,Calle,,ROSARIO,Rosario,Asfalto,S/D,II,Dentro,Urbana,S/D,S/D,Intersección,S/D,S/D,Nocturna,S/D,Lateral,S/D,Colisión,S/D,S/D,S/D,S/D,POINT (-60.69463329999999 -32.9416846),"['Mendoza', 'Matienzo']",2,Mendoza; Benjamín Matienzo,-32.9416846,-60.69463329999999,55.0,538.0,Municipio Rosario,Municipio,Rosario,820210,Servicio de Catastro e Información Territorial,IGN
2017,1132,2017-03-10,Viernes,0.0,7:30:00,,0.0,2,"Moto/Ciclomotor,Automóvil",Rodriguez Y Hilarion de la Quintana,2,1,0,0,1,0,0,,Calle,,ROSARIO,Rosario,Asfalto,No existe,II,Dentro,Urbana,Ninguna,No existe,Intersección,Con baches,Buena,Diurna,Buen Tiempo,Lateral,S/D,Colisión,Ninguna,Faltante,Ninguna,Sin restricción,POINT (-60.67028280000001 -33.00170119999999),"['Rodríguez', 'Hilarión de la Quintana']",2,Rodríguez de Escobedo; Hilarión de la Quintana,-33.00170119999999,-60.67028280000001,55.0,538.0,Municipio Rosario,Municipio,Rosario,820210,Servicio de Catastro e Información Territorial,IGN
2017,1133,2017-03-04,Sabado,0.0,22:20:00,,0.0,2,"Moto/Ciclomotor,Automóvil",Av. Arijon Y Balcarce,2,1,0,0,1,0,0,,Avenida,,ROSARIO,Rosario,Asfalto,No existe,II,Dentro,Urbana,Señal Pare,No existe,Intersección,Bueno,Buena,Con luz artificial,Buen Tiempo,Lateral,S/D,Colisión,Ninguna,Vertical,Línea divisoria pintada,Sin restricción,POINT (-60.6633107 -33.00349020000001),"['Avenida Manuel Arijón', 'Balcarce']",2,Avenida Manuel Arijón; Balcarce,-33.00349020000001,-60.6633107,55.0,538.0,Municipio Rosario,Municipio,Rosario,820210,Servicio de Catastro e Información Territorial,IGN
2017,1134,2017-02-07,Martes,0.0,23:30:00,,0.0,2,"Moto/Ciclomotor,Automóvil",Av. Pellegrini Y Santiago,2,0,1,0,1,0,0,,Avenida,,ROSARIO,Rosario,Asfalto,S/D,II,Dentro,Urbana,Semáforo,Intermitente,Intersección,Bueno,Buena,"Nocturna,Con luz artificial",Buen Tiempo,Lateral,S/D,Colisión,Ninguna,Vertical,Cordón divisorio,Sin restricción,POINT (-60.65876355 -32.95408145),"['Pellegrini', 'Santiago']",2,Avenida Carlos Pellegrini; Santiago,-32.95408145,-60.65876355,55.0,538.0,Municipio Rosario,Municipio,Rosario,820210,Servicio de Catastro e Información Territorial,IGN
2017,1135,2017-02-13,Lunes,0.0,18:20:00,,0.0,2,"Moto/Ciclomotor,Automóvil",Bv. Oroño Y Av. Dante Alighieri,2,1,0,0,1,0,0,,Avenida,,ROSARIO,Rosario,Asfalto,No existe,II,Dentro,Urbana,Ninguna,No existe,Recta,Bueno,Buena,Diurna,Buen Tiempo,Múltiple,S/D,Colisión,Otro,Faltante,Ninguna,Sin restricción,POINT (-60.6579301 -32.961999649999996),"['Bulevar Nicasio Oroño', 'Dante Alighieri']",2,"('Ciclovía Bulevar Nicasio Oroño', 'Avenida Dante Alighieri')",-32.96199965,-60.6579301,55.0,538.0,Municipio Rosario,Municipio,Rosario,820210,Servicio de Catastro e Información Territorial,IGN
2017,1136,2017-02-16,Jueves,0.0,20:00:00,,0.0,2,"Bicicleta,Pickup/Utilitario",Bv. Oroño Y Cochabamba,2,1,0,0,1,0,0,,Avenida,,ROSARIO,Rosario,Asfalto,No existe,II,Dentro,Urbana,Señal Pare,S/D,Intersección,Bueno,Buena,Nocturna,Buen Tiempo,S/D,Ciclista,Atropello,Ninguna,Vertical,Cordón divisorio,Sin restricción,POINT (-60.656339 -32.9556154),"['Bulevar Nicasio Oroño', 'Cochabamba']",2,Bulevar Nicasio Oroño; Cochabamba,-32.9556154,-60.656339,55.0,538.0,Municipio Rosario,Municipio,Rosario,820210,Servicio de Catastro e Información Territorial,IGN
2017,1137,2017-02-16,Jueves,0.0,17:30:00,,0.0,2,"Moto/Ciclomotor,Pickup/Utilitario",Bv. Oroño Y Cochabamba,2,1,0,0,1,0,0,,Avenida,,ROSARIO,Rosario,Asfalto,No existe,II,Dentro,Urbana,Señal Pare,No existe,Intersección,Bueno,Buena,Diurna,Buen Tiempo,Lateral,S/D,Colisión,Otro,Vertical,Cordón divisorio,Sin restricción,POINT (-60.656339 -32.9556154),"['Bulevar Nicasio Oroño', 'Cochabamba']",2,Bulevar Nicasio Oroño; Cochabamba,-32.9556154,-60.656339,55.0,538.0,Municipio Rosario,Municipio,Rosario,820210,Servicio de Catastro e Información Territorial,IGN
2017,1138,2017-02-20,Lunes,0.0,13:45:00,,0.0,2,"Peatón,Automóvil",Bv. 27 De Febrero 2650,2,1,0,0,1,0,0,,Avenida,,ROSARIO,Rosario,Asfalto,No existe,II,Dentro,Urbana,Otra Señal,No existe,Recta,Bueno,Buena,Diurna,Buen Tiempo,S/D,Peatón,Atropello,Ninguna,Vertical,Cordón divisorio,Sin restricción,"-32.96361858926174, -60.66476436107383",['27 De Febrero 2650'],1,27 De Febrero 2650,-32.96361858926174,-60.66476436107383,55.0,538.0,Municipio Rosario,Municipio,Rosario,820210,Servicio de Catastro e Información Territorial,IGN
2017,1139,2017-02-21,Martes,0.0,9:00:00,,0.0,2,"Automóvil,Bicicleta",Mariano Moreno Y Cochabamba,2,1,0,0,1,0,0,,Calle,,ROSARIO,Rosario,Asfalto,No existe,II,Dentro,Urbana,Ninguna,No existe,Intersección,S/D,Buena,Diurna,Buen Tiempo,S/D,Ciclista,Atropello,Otro,S/D,Cordón divisorio,S/D,POINT (-60.6536242 -32.9562251),"['Mariano Moreno', 'Cochabamba']",2,Mariano Moreno; Cochabamba,-32.9562251,-60.6536242,55.0,538.0,Municipio Rosario,Municipio,Rosario,820210,Servicio de Catastro e Información Territorial,IGN
2017,1140,2017-02-22,Miercoles,0.0,12:45:00,,0.0,2,"Bicicleta,Automóvil",Bv. 27 De Febrero Y Av. Gob.Caesar,2,1,0,0,1,0,0,,Avenida,,ROSARIO,Rosario,Asfalto,S/D,II,Dentro,Urbana,Marca Vial,No existe,Intersección,Bueno,Buena,Diurna,Buen Tiempo,S/D,Ciclista,Atropello,Ninguna,S/D,Cordón divisorio,S/D,POINT (-60.662850425 -32.964128724999995),"['27 de Febrero', 'Avenida Gobernador Caesar']",2,Bulevar 27 de Febrero; Avenida Gobernador Caesar,-32.964128724999995,-60.662850425,55.0,538.0,Municipio Rosario,Municipio,Rosario,820210,Servicio de Catastro e Información Territorial,IGN
2017,1141,2017-02-20,Lunes,0.0,13:05:00,,0.0,2,"Automóvil,Bicicleta",J.M.de Rosas 2200,2,0,1,0,1,0,0,,S/D,,ROSARIO,Rosario,Hormigón,No existe,II,Dentro,Urbana,Ninguna,S/D,Recta,Bueno,Buena,Diurna,Buen Tiempo,S/D,Ciclista,Atropello,Ninguna,S/D,S/D,Sin restricción,"-32.9490771, -60.6315334",['J M De Rosas 2200'],1,J M De Rosas 2200,-32.9490771,-60.6315334,55.0,538.0,Municipio Rosario,Municipio,Rosario,820210,Servicio de Catastro e Información Territorial,IGN
2017,1142,2017-02-17,Viernes,0.0,21:40:00,,0.0,2,"Automóvil,Moto/Ciclomotor",Bv. 27 De Febrero Y Maipu,2,1,0,0,1,0,0,,Calle,,ROSARIO,Rosario,Hormigón,S/D,II,Dentro,Urbana,Ninguna,S/D,Intersección,Bueno,Buena,Nocturna,Buen Tiempo,S/D,S/D,Colisión,Ninguna,S/D,Ninguna,S/D,POINT (-60.640725849999995 -32.9680891),"['27 de Febrero', 'Maipú']",2,Bulevar 27 de Febrero; Maipú,-32.9680891,-60.64072585,55.0,538.0,Municipio Rosario,Municipio,Rosario,820210,Servicio de Catastro e Información Territorial,IGN
2017,1143,2017-02-06,Lunes,0.0,20:10:00,,0.0,2,"Moto/Ciclomotor,Automóvil",Colombia Y 6 De Diciembre,2,1,0,0,1,0,0,,Calle,,ROSARIO,Rosario,Asfalto,S/D,II,Dentro,Urbana,S/D,S/D,Intersección,S/D,Buena,Nocturna,S/D,Lateral,S/D,Colisión,S/D,S/D,S/D,S/D,POINT (-60.7155673 -32.9540063),"['Colombia', '6 de Diciembre']",2,Colombia; 6 de Diciembre,-32.9540063,-60.7155673,55.0,538.0,Municipio Rosario,Municipio,Rosario,820210,Servicio de Catastro e Información Territorial,IGN
2017,1145,2017-02-10,Viernes,0.0,10:05:00,,0.0,2,"Automóvil,Moto/Ciclomotor",L.N.Alem Y Cerrito,3,2,0,0,1,0,0,,Calle,,ROSARIO,Rosario,Hormigón,No existe,II,Dentro,Urbana,Ninguna,S/D,Intersección,Bueno,Buena,Diurna,Buen Tiempo,S/D,S/D,Colisión,Ninguna,S/D,Ninguna,Sin restricción,POINT (-60.63213530000001 -32.96363290000001),"['Alem', 'Cerrito']",2,Leandro N. Alem; Cerrito,-32.96363290000001,-60.63213530000001,55.0,538.0,Municipio Rosario,Municipio,Rosario,820210,Servicio de Catastro e Información Territorial,IGN
2017,1146,2017-03-11,Sabado,0.0,8:00:00,,0.0,2,"Pickup/Utilitario,Taxi/Remis",Sanchez de Loria ,2,1,0,0,0,0,1,,Calle,,ROSARIO,Rosario,Asfalto,S/D,II,Dentro,Urbana,S/D,No existe,Recta,Bueno,S/D,Diurna,Buen Tiempo,S/D,S/D,Colisión,S/D,S/D,S/D,S/D,"-32.9400109, -60.7317053",['Sánchez de Loria'],1,Sánchez de Loria,-32.9400109,-60.7317053,55.0,538.0,Municipio Rosario,Municipio,Rosario,820210,Servicio de Catastro e Información Territorial,IGN
2017,1147,2017-03-16,Jueves,0.0,19:00:00,,0.0,2,"Moto/Ciclomotor,Automóvil",Buenos Aires Y Ameghino,2,1,0,0,1,0,0,,Calle,,ROSARIO,Rosario,Asfalto,No existe,II,S/D,S/D,Ninguna,No existe,Intersección,Bueno,Buena,Atardecer,Buen Tiempo,Lateral,S/D,Colisión,Ninguna,Faltante,Ninguna,Sin restricción,POINT (-60.64295109999999 -32.9880897),"['Buenos Aires', 'Ameghino']",2,Buenos Aires; Ameghino,-32.9880897,-60.64295109999999,55.0,538.0,Municipio Rosario,Municipio,Rosario,820210,Servicio de Catastro e Información Territorial,IGN
2017,1148,2017-03-15,Miercoles,0.0,2:50:00,,0.0,2,"Moto/Ciclomotor,Pickup/Utilitario",Bv. Wilde Y Navarro,2,0,1,0,0,0,1,,Calle,,ROSARIO,Rosario,Asfalto,S/D,II,Dentro,Urbana,Otra Señal,S/D,Recta,Bueno,S/D,Nocturna,S/D,Lateral,S/D,Colisión,S/D,Vertical,Ninguna,Sin restricción,POINT (-60.73879395 -32.93220219999999),"['Bulevar Wilde', 'Navarro']",2,Bulevar Wilde; Navarro,-32.93220219999999,-60.73879395,55.0,538.0,Municipio Rosario,Municipio,Rosario,820210,Servicio de Catastro e Información Territorial,IGN
2017,1150,2017-03-15,Miercoles,0.0,3:45:00,,0.0,2,"Automóvil,Moto/Ciclomotor",Av. Provincias Unidas Y Av. Eva Peron,2,1,0,0,1,0,0,,Calle,,ROSARIO,Rosario,Asfalto,Pavimento,II,Dentro,Urbana,S/D,Funciona,Recta,Bueno,Reducida,Nocturna,S/D,Lateral,S/D,Colisión,S/D,Vertical,Barrera de hormigón,Sin restricción,POINT (-60.712952900000005 -32.933009625),"['Avenida Provincias Unidas', 'Avenida Eva Perón']",2,Avenida Provincias Unidas; Avenida Eva Perón,-32.933009625,-60.712952900000005,55.0,538.0,Municipio Rosario,Municipio,Rosario,820210,Servicio de Catastro e Información Territorial,IGN
2017,1151,2017-03-02,Jueves,0.0,17:40:00,,0.0,2,"Moto/Ciclomotor,Moto/Ciclomotor",Av. Provincias Unidas Y Gorriti,2,1,0,0,0,0,1,,Calle,,ROSARIO,Rosario,Asfalto,Pavimento,II,Dentro,Urbana,Ninguna,No existe,Recta,S/D,Buena,Atardecer,S/D,Lateral,S/D,Colisión,Ninguna,Vertical,Ninguna,Sin restricción,POINT (-60.71330590000001 -32.92438785),"['Avenida Provincias Unidas', 'Gorriti']",2,Avenida Provincias Unidas; Gorriti,-32.92438785,-60.71330590000001,55.0,538.0,Municipio Rosario,Municipio,Rosario,820210,Servicio de Catastro e Información Territorial,IGN
2017,1152,2017-03-02,Jueves,0.0,10:00:00,,0.0,2,"Bicicleta,Automóvil",Av. Provincias Unidas Y Junin,2,1,0,0,1,0,0,,Calle,,ROSARIO,Rosario,Asfalto,S/D,II,Dentro,Urbana,Otra Señal,S/D,Recta,Bueno,Buena,Diurna,Buen Tiempo,Lateral,Ciclista,Atropello,S/D,Vertical,Guardarrail,Sin restricción,POINT (-60.71317195 -32.92757884999999),"['Avenida Provincias Unidas', 'Junín']",2,Avenida Provincias Unidas; Junín,-32.92757884999999,-60.71317195,55.0,538.0,Municipio Rosario,Municipio,Rosario,820210,Servicio de Catastro e Información Territorial,IGN
2017,1154,2017-03-22,Miercoles,0.0,8:00:00,,0.0,2,"Moto/Ciclomotor,Taxi/Remis",Junin Y F.More,2,1,0,0,1,0,0,,Calle,,ROSARIO,Rosario,Asfalto,Pavimento,II,Dentro,Urbana,Ninguna,S/D,Intersección,S/D,S/D,Diurna,Buen Tiempo,Lateral,S/D,Colisión,S/D,S/D,Ninguna,S/D,POINT (-60.693953 -32.927062799999995),"['Junín', 'Felipe Moré']",2,Junín; Felipe Moré,-32.927062799999995,-60.693953,55.0,538.0,Municipio Rosario,Municipio,Rosario,820210,Servicio de Catastro e Información Territorial,IGN
2017,1155,2017-03-20,Lunes,0.0,14:45:00,,0.0,2,"Moto/Ciclomotor,Automóvil",F.More Y Velez Sarsfield,2,2,0,0,0,0,0,,Calle,,ROSARIO,Rosario,S/D,Pavimento,II,Dentro,Urbana,S/D,S/D,Intersección,Bueno,Buena,Diurna,Buen Tiempo,Lateral,S/D,Colisión,S/D,S/D,Barrera de hormigón,S/D,POINT (-60.6940057 -32.92539119999999),"['Felipe Moré', 'Vélez Sarsfield']",2,Felipe Moré; Vélez Sarsfield,-32.92539119999999,-60.6940057,55.0,538.0,Municipio Rosario,Municipio,Rosario,820210,Servicio de Catastro e Información Territorial,IGN
2017,1157,2017-03-16,Jueves,0.0,,,0.0,2,"Moto/Ciclomotor,Moto/Ciclomotor",Av. Provincias Unidas Y Velez Sarsfield,2,2,0,0,0,0,0,,Calle,,ROSARIO,Rosario,Asfalto,Pavimento,II,Dentro,Urbana,Semáforo,Funciona,Recta,S/D,S/D,S/D,S/D,Lateral,S/D,Colisión,S/D,Horizontal,Cordón divisorio,Sin restricción,POINT (-60.7132322 -32.92604335),"['Avenida Provincias Unidas', 'Vélez Sarsfield']",2,Avenida Provincias Unidas; Vélez Sarsfield,-32.92604335,-60.7132322,55.0,538.0,Municipio Rosario,Municipio,Rosario,820210,Servicio de Catastro e Información Territorial,IGN
2017,1158,2017-03-30,Jueves,0.0,20:00:00,,0.0,2,"Automóvil,Moto/Ciclomotor",Tucuman Y Iriondo,2,1,0,0,1,0,0,,Calle,,ROSARIO,Rosario,Asfalto,No existe,II,S/D,Urbana,Ninguna,No existe,Recta,Bueno,Buena,Nocturna,Buen Tiempo,S/D,S/D,Colisión,Ninguna,Faltante,Ninguna,Sin restricción,POINT (-60.6684472 -32.9361566),"['Tucumán', 'Iriondo']",2,Tucumán; Iriondo,-32.9361566,-60.6684472,55.0,538.0,Municipio Rosario,Municipio,Rosario,820210,Servicio de Catastro e Información Territorial,IGN
2017,1160,2017-03-28,Martes,0.0,,,0.0,2,"Cuatriciclo,Automóvil",Av. Eva Peron ,2,1,0,0,1,0,0,,Calle,,ROSARIO,Rosario,Asfalto,S/D,II,Dentro,Urbana,S/D,S/D,Recta,S/D,S/D,S/D,S/D,Lateral,S/D,Colisión,S/D,S/D,Barrera de alto impacto,Sin restricción,"-32.9314453, -60.7213792",['Eva Peron'],1,Eva Peron,-32.9314453,-60.7213792,55.0,538.0,Municipio Rosario,Municipio,Rosario,820210,Servicio de Catastro e Información Territorial,IGN
2017,1161,2017-03-22,Miercoles,0.0,17:45:00,,0.0,2,"Bicicleta,Automóvil",Tucuman Y Crespo,2,1,0,0,1,0,0,,Calle,,ROSARIO,Rosario,S/D,No existe,II,S/D,Urbana,Ninguna,No existe,Recta,Bueno,Buena,Diurna,Buen Tiempo,S/D,Ciclista,Atropello,Ninguna,Faltante,Ninguna,Sin restricción,POINT (-60.6670974 -32.936399599999994),"['Tucumán', 'Crespo']",2,Tucumán; Crespo,-32.936399599999994,-60.6670974,55.0,538.0,Municipio Rosario,Municipio,Rosario,820210,Servicio de Catastro e Información Territorial,IGN
2017,1162,2017-03-31,Viernes,0.0,,,0.0,2,"Moto/Ciclomotor,Automóvil",Av. Provincias Unidas Y Velez Sarsfield,2,1,0,0,1,0,0,,Calle,,ROSARIO,Rosario,Asfalto,S/D,II,Dentro,Urbana,Semáforo,Funciona,Recta,S/D,S/D,S/D,S/D,Frontal,S/D,Colisión,S/D,Horizontal,Barrera de hormigón,Sin restricción,POINT (-60.7132322 -32.92604335),"['Avenida Provincias Unidas', 'Vélez Sarsfield']",2,Avenida Provincias Unidas; Vélez Sarsfield,-32.92604335,-60.7132322,55.0,538.0,Municipio Rosario,Municipio,Rosario,820210,Servicio de Catastro e Información Territorial,IGN
2017,1163,2017-03-24,Viernes,0.0,21:00:00,,0.0,2,"Peatón,Automóvil",Vera Mujica Y Jujuy,2,1,0,0,1,0,0,,Calle,,ROSARIO,Rosario,Asfalto,No existe,II,S/D,Urbana,Ninguna,No existe,Recta,S/D,Buena,Nocturna,Buen Tiempo,S/D,Peatón,Atropello,Fluidos,Vertical,Ninguna,Sin restricción,POINT (-60.664834400000004 -32.9331183),"['Vera Mujíca', 'Jujuy']",2,Vera Mujíca; Jujuy,-32.9331183,-60.6648344,55.0,538.0,Municipio Rosario,Municipio,Rosario,820210,Servicio de Catastro e Información Territorial,IGN
2017,1165,2017-03-25,Sabado,0.0,11:15:00,,0.0,2,"Moto/Ciclomotor,Automóvil",San Lorenzo Y Alsina,2,1,0,0,1,0,0,,Calle,,ROSARIO,Rosario,Asfalto,No existe,II,S/D,Urbana,Señal Pare,No existe,Recta,Bueno,Buena,Diurna,Buen Tiempo,S/D,S/D,Colisión,Ninguna,Vertical,Ninguna,Sin restricción,POINT (-60.675806900000005 -32.9372869),"['San Lorenzo', 'Alsina']",2,San Lorenzo; Alsina,-32.9372869,-60.675806900000005,55.0,538.0,Municipio Rosario,Municipio,Rosario,820210,Servicio de Catastro e Información Territorial,IGN
2017,1167,2017-03-10,Viernes,0.0,21:20:00,,0.0,1,Moto/Ciclomotor,Santa Fe Y Cafferata,1,1,0,0,0,0,0,,Calle,,ROSARIO,Rosario,Asfalto,No existe,II,S/D,Urbana,Ninguna,S/D,Recta,Bueno,Buena,Nocturna,Buen Tiempo,S/D,S/D,Vuelco,Ninguna,S/D,Ninguna,Sin restricción,POINT (-60.67063869999999 -32.939213),"['Santa Fe', 'Cafferata']",2,Santa Fe; Cafferata,-32.939213,-60.67063869999999,55.0,538.0,Municipio Rosario,Municipio,Rosario,820210,Servicio de Catastro e Información Territorial,IGN
2017,1169,2017-03-07,Martes,0.0,12:00:00,,0.0,2,"Pickup/Utilitario,Transporte de Pasajeros (H/ 8 asientos)",Tucuman 2800,2,1,0,0,1,0,0,,Calle,,ROSARIO,Rosario,Asfalto,No existe,II,S/D,Urbana,Ninguna,S/D,Recta,Bueno,Buena,Diurna,Buen Tiempo,S/D,S/D,Colisión,Ninguna,S/D,Ninguna,Sin restricción,"-32.9376215, -60.6601372",['Tucuman 2800'],1,Tucuman 2800,-32.9376215,-60.6601372,55.0,538.0,Municipio Rosario,Municipio,Rosario,820210,Servicio de Catastro e Información Territorial,IGN
2017,1173,2017-03-11,Sabado,0.0,14:45:00,,0.0,1,Automóvil,Pje. L.Miranda Y Iriondo,1,1,0,0,0,0,0,,Calle,,ROSARIO,Rosario,Asfalto,S/D,II,S/D,Urbana,S/D,S/D,Intersección,Bueno,Buena,Diurna,Buen Tiempo,S/D,S/D,Vuelco,S/D,S/D,S/D,S/D,POINT (-60.6739345 -32.9579712),"['Miranda', 'Iriondo']",2,Lucía Miranda; Iriondo,-32.9579712,-60.6739345,55.0,538.0,Municipio Rosario,Municipio,Rosario,820210,Servicio de Catastro e Información Territorial,IGN
2017,1175,2017-03-10,Viernes,0.0,11:00:00,,0.0,2,"Otros,Camión",Av. Francia 1800,2,1,0,0,1,0,0,,Avenida,,ROSARIO,Rosario,Asfalto,No existe,II,S/D,S/D,S/D,No existe,Recta,Bueno,Buena,Diurna,Buen Tiempo,S/D,S/D,Colisión,S/D,S/D,Ninguna,S/D,"-32.953589289932886, -60.668789161073825",['Francia 1800'],1,Francia 1800,-32.953589289932886,-60.66878916107383,55.0,538.0,Municipio Rosario,Municipio,Rosario,820210,Servicio de Catastro e Información Territorial,IGN
2017,1177,2017-03-01,Miercoles,0.0,15:00:00,,0.0,1,Taxi/Remis,San Nicolas Y Viamonte,1,1,0,0,0,0,0,,Calle,,ROSARIO,Rosario,Asfalto,No existe,II,S/D,Urbana,Ninguna,No existe,Intersección,Bueno,Buena,Diurna,Buen Tiempo,S/D,S/D,Vuelco,S/D,S/D,Ninguna,Sin restricción,POINT (-60.677083800000005 -32.9592011),"['San Nicolás', 'Viamonte']",2,San Nicolás; Viamonte,-32.9592011,-60.677083800000005,55.0,538.0,Municipio Rosario,Municipio,Rosario,820210,Servicio de Catastro e Información Territorial,IGN
2017,1179,2017-03-09,Jueves,0.0,17:45:00,,0.0,2,"Moto/Ciclomotor,Automóvil",Riobamba 6253,2,1,0,0,1,0,0,,Calle,,ROSARIO,Rosario,Asfalto,S/D,II,Dentro,Urbana,S/D,No existe,Recta,S/D,Buena,Diurna,S/D,S/D,S/D,Colisión,S/D,S/D,S/D,S/D,"-32.95444798571429, -60.7068387877551",['Riobamba 6253'],1,Riobamba 6253,-32.95444798571429,-60.7068387877551,55.0,538.0,Municipio Rosario,Municipio,Rosario,820210,Servicio de Catastro e Información Territorial,IGN
2017,1182,2017-03-09,Jueves,0.0,18:20:00,,0.0,2,"Moto/Ciclomotor,Taxi/Remis",Viamonte Y Larrea,2,1,0,0,1,0,0,,Calle,,ROSARIO,Rosario,Asfalto,S/D,II,Dentro,Urbana,S/D,S/D,Intersección,S/D,S/D,Diurna,S/D,S/D,S/D,Colisión,S/D,S/D,S/D,S/D,POINT (-60.6966108 -32.95651689999999),"['Viamonte', 'Larrea']",2,Viamonte; Larrea,-32.95651689999999,-60.6966108,55.0,538.0,Municipio Rosario,Municipio,Rosario,820210,Servicio de Catastro e Información Territorial,IGN
2017,1184,2017-03-07,Martes,0.0,15:20:00,,0.0,2,"Moto/Ciclomotor,Automóvil",Av. Eva Peron Y Solis,2,1,0,0,1,0,0,,Avenida,,ROSARIO,Rosario,Asfalto,S/D,II,Dentro,Urbana,S/D,S/D,Intersección,S/D,S/D,Diurna,S/D,Lateral,S/D,Colisión,S/D,S/D,S/D,S/D,POINT (-60.70364185 -32.93467735),"['Avenida Eva Perón', 'Solis']",2,Avenida Eva Perón; Juan Díaz de Solís,-32.93467735,-60.70364185,55.0,538.0,Municipio Rosario,Municipio,Rosario,820210,Servicio de Catastro e Información Territorial,IGN
2017,1187,2017-03-11,Sabado,0.0,15:30:00,,0.0,2,"Moto/Ciclomotor,Pickup/Utilitario",Mendoza Y Bolivia,2,1,0,0,1,0,0,,Avenida,,ROSARIO,Rosario,Asfalto,S/D,II,Dentro,Urbana,S/D,Funciona,Intersección,S/D,S/D,Diurna,S/D,Lateral,S/D,Colisión,S/D,S/D,S/D,S/D,POINT (-60.7138523 -32.940269499999985),"['Mendoza', 'Bolivia']",2,Mendoza; Bolivia,-32.940269499999985,-60.7138523,55.0,538.0,Municipio Rosario,Municipio,Rosario,820210,Servicio de Catastro e Información Territorial,IGN
2017,1190,2017-03-25,Sabado,0.0,21:30:00,,0.0,2,"Automóvil,Moto/Ciclomotor",French Y Ecuador,2,1,0,0,1,0,0,,Avenida,,ROSARIO,Rosario,Asfalto,No existe,II,Dentro,Urbana,Ninguna,No existe,Recta,Bueno,Buena,Nocturna,Buen Tiempo,Otro,S/D,Colisión,Ninguna,Faltante,Cordón divisorio,S/D,POINT (-60.7157852 -32.9218568),"['French', 'Ecuador']",2,Domingo French; Ecuador,-32.9218568,-60.7157852,55.0,538.0,Municipio Rosario,Municipio,Rosario,820210,Servicio de Catastro e Información Territorial,IGN