anio_acci,nro_acci,fecha,desc_dia,fecha_aprox,hora_aprox,desc_ruta,km,cant_participantes,desc_participante,calle_avenida_km,total,heridos_leves,heridos_graves,heridos_gravisimos,ilesos,fallecidos,sin_datos,posicion_XY,desc_tipo_via,desc_ruta_ori,desc_loc,desc_dpto,desc_tipo_calzada,desc_tipo_banquina,desc_unidad_regional,desc_lugar_calzada,desc_zona,desc_prioridad,desc_estado_semaforo,desc_lugar_via,desc_estado_via,desc_estado_visibilidad,desc_luminosidad,desc_estado_clima,desc_tipo_colision,desc_tipo_atropello,desc_tipo_hecho,desc_pres_calzada,desc_senializacion,desc_separacion_via,desc_restriccion,forma_geocod,calle_lista,numero_calles,calles_osm,lat,lon,index_right,gid,fna,gna,nam,in1,fdc,sag
2017,1191,2017-03-25,Sabado,0.0,8:15:00,,0.0,2,"Moto/Ciclomotor,Moto/Ciclomotor",French Y Garzon,2,1,0,0,1,0,0,,S/D,,ROSARIO,Rosario,Asfalto,No existe,II,S/D,S/D,Ninguna,No existe,Recta,Bueno,Buena,Diurna,Buen Tiempo,S/D,S/D,Colisión,Ninguna,Faltante,Cordón divisorio,Sin restricción,POINT (-60.706438500000004 -32.92160419999999),"['French', 'Garzón']",2,Domingo French; Garzón,-32.92160419999999,-60.7064385,55.0,538.0,Municipio Rosario,Municipio,Rosario,820210,Servicio de Catastro e Información Territorial,IGN
2017,1192,2017-03-20,Lunes,0.0,9:00:00,,0.0,2,"Pickup/Utilitario,Moto/Ciclomotor",J.B.Justo Y Nicaragua,2,1,0,0,1,0,0,,Calle,,ROSARIO,Rosario,Asfalto,No existe,II,Dentro,Urbana,Ninguna,No existe,Recta,Bueno,Buena,Diurna,Buen Tiempo,S/D,S/D,Colisión,Ninguna,Faltante,Ninguna,Sin restricción,POINT (-60.7210362 -32.933655),"['Justo', 'Nicaragua']",2,"('Justo José de Urquiza', 'Nicaragua')",-32.933655,-60.7210362,55.0,538.0,Municipio Rosario,Municipio,Rosario,820210,Servicio de Catastro e Información Territorial,IGN
2017,1195,2017-03-27,Lunes,0.0,9:10:00,,0.0,2,"Moto/Ciclomotor,Pickup/Utilitario",Av. Ovidio Lagos Y 24 De Setiembre,2,1,0,0,1,0,0,,Avenida,,ROSARIO,Rosario,Asfalto,No existe,II,S/D,Urbana,S/D,No existe,Cruce,S/D,Buena,Diurna,Buen Tiempo,S/D,S/D,Colisión,S/D,S/D,Cordón divisorio,S/D,POINT (-60.6696692 -32.9761333),"['Avenida Ovidio Lagos', '24 de Septiembre']",2,Avenida Ovidio Lagos; 24 de Septiembre,-32.9761333,-60.6696692,55.0,538.0,Municipio Rosario,Municipio,Rosario,820210,Servicio de Catastro e Información Territorial,IGN
2017,1196,2017-03-15,Miercoles,0.0,22:20:00,,0.0,2,"Automóvil,Moto/Ciclomotor",San Nicolas Y Biedma,2,1,0,0,1,0,0,,Calle,,ROSARIO,Rosario,Asfalto,Pavimento,II,Dentro,Urbana,Ninguna,No existe,Intersección,S/D,Buena,Nocturna,Buen Tiempo,Lateral,S/D,Colisión,S/D,S/D,Ninguna,Sin restricción,POINT (-60.6811426 -32.9752879),"['San Nicolás', 'Coronel Biedma']",2,San Nicolás; Coronel Biedma,-32.9752879,-60.6811426,55.0,538.0,Municipio Rosario,Municipio,Rosario,820210,Servicio de Catastro e Información Territorial,IGN
2017,1197,2017-03-23,Jueves,0.0,2:20:00,,0.0,2,"Moto/Ciclomotor,Automóvil",Bv. Oroño Y Lamadrid,2,1,0,0,1,0,0,,Avenida,,ROSARIO,Rosario,Asfalto,No existe,II,Dentro,Urbana,Semáforo,Intermitente,Intersección,Bueno,Buena,"Nocturna,Con luz artificial",Buen Tiempo,Lateral,S/D,Colisión,Ninguna,Vertical,Cordón divisorio,Sin restricción,POINT (-60.66524270000001 -32.9976152),"['Bulevar Nicasio Oroño', 'Lamadrid']",2,Bulevar Nicasio Oroño; Gregorio Aráoz de Lamadrid,-32.9976152,-60.66524270000001,55.0,538.0,Municipio Rosario,Municipio,Rosario,820210,Servicio de Catastro e Información Territorial,IGN
2017,1198,2017-03-24,Viernes,0.0,1:20:00,,0.0,2,"Automóvil,Moto/Ciclomotor",Ayolas Y Buenos Aires,2,1,0,0,1,0,0,,Calle,,ROSARIO,Rosario,Asfalto,No existe,II,S/D,Urbana,Semáforo,Intermitente,Intersección,Bueno,Buena,Nocturna,Buen Tiempo,Lateral,S/D,Colisión,Ninguna,Horizontal,Ninguna,Sin restricción,POINT (-60.64034620000001 -32.9777879),"['Ayolas', 'Buenos Aires']",2,Ayolas; Buenos Aires,-32.9777879,-60.64034620000001,55.0,538.0,Municipio Rosario,Municipio,Rosario,820210,Servicio de Catastro e Información Territorial,IGN
2017,1199,2017-03-21,Martes,0.0,18:30:00,,0.0,2,"Moto/Ciclomotor,Moto/Ciclomotor",Garay Y Necochea,2,1,0,0,1,0,0,,Calle,,ROSARIO,Rosario,Asfalto,No existe,II,Dentro,Urbana,Ninguna,No existe,Intersección,Bueno,S/D,Diurna,Buen Tiempo,S/D,S/D,Colisión,Ninguna,Horizontal,Ninguna,Sin restricción,POINT (-60.631237799999994 -32.9770099),"['Garay', 'Necochea']",2,Juan de Garay; Necochea,-32.9770099,-60.6312378,55.0,538.0,Municipio Rosario,Municipio,Rosario,820210,Servicio de Catastro e Información Territorial,IGN
2017,1200,2017-03-17,Viernes,0.0,21:30:00,,0.0,2,"Automóvil,Moto/Ciclomotor",Bv. Segui 800,2,1,0,0,1,0,0,,Calle,,ROSARIO,Rosario,Asfalto,No existe,II,Dentro,Urbana,Ninguna,No existe,Recta,Bueno,Buena,Nocturna,Buen Tiempo,De alcance,S/D,Colisión,Ninguna,Horizontal,Ninguna,S/D,"-32.9796398, -60.6424794",['Bulevar Juan Francisco Seguí 800'],1,Bulevar Juan Francisco Seguí 800,-32.9796398,-60.6424794,55.0,538.0,Municipio Rosario,Municipio,Rosario,820210,Servicio de Catastro e Información Territorial,IGN
2017,1205,2017-03-26,Domingo,0.0,21:40:00,,0.0,1,Moto/Ciclomotor,Ayacucho 3700,2,2,0,0,0,0,0,,Calle,,ROSARIO,Rosario,Asfalto,No existe,II,S/D,Urbana,Ninguna,No existe,Recta,Bueno,Buena,"Nocturna,Con luz artificial",Buen Tiempo,Contra objeto fijo,S/D,Colisión,Ninguna,Vertical,Ninguna,Sin restricción,"-32.9820467, -60.6357316",['Ayacucho 3700'],1,Ayacucho 3700,-32.9820467,-60.6357316,55.0,538.0,Municipio Rosario,Municipio,Rosario,820210,Servicio de Catastro e Información Territorial,IGN
2017,1206,2017-03-25,Sabado,0.0,2:15:00,,0.0,2,"Moto/Ciclomotor,Moto/Ciclomotor",L.N.Alem Y Dean Funes,2,2,0,0,0,0,0,,Calle,,ROSARIO,Rosario,Asfalto,No existe,II,Dentro,Urbana,Ninguna,No existe,Intersección,Bueno,Buena,Nocturna,Buen Tiempo,Lateral,S/D,Colisión,Ninguna,Faltante,Ninguna,Sin restricción,POINT (-60.6356395 -32.97742120000001),"['Alem', 'Deán Gregorio Funes']",2,Leandro N. Alem; Deán Gregorio Funes,-32.97742120000001,-60.6356395,55.0,538.0,Municipio Rosario,Municipio,Rosario,820210,Servicio de Catastro e Información Territorial,IGN
2017,1207,2017-03-02,Jueves,0.0,12:45:00,,0.0,2,"Moto/Ciclomotor,Automóvil",Pje. Aguirre Y Rui Barbosa,2,1,0,0,1,0,0,,Calle,,ROSARIO,Rosario,Asfalto,No existe,II,Dentro,Urbana,Ninguna,No existe,Intersección,Bueno,Buena,Diurna,Buen Tiempo,Lateral,S/D,Colisión,Ninguna,Faltante,Ninguna,Sin restricción,POINT (-60.6348956 -33.00595059999999),"['Aguirre', 'Rui Barbosa']",2,Soldado Aguirre; Rui Barbosa,-33.00595059999999,-60.6348956,55.0,538.0,Municipio Rosario,Municipio,Rosario,820210,Servicio de Catastro e Información Territorial,IGN
2017,1208,2017-03-15,Miercoles,0.0,16:40:00,,0.0,2,"Automóvil,Automóvil",Av. Bermudez Y Av. Arijon,2,1,0,0,1,0,0,,Avenida,,ROSARIO,Rosario,Asfalto,No existe,II,Dentro,Urbana,Ninguna,No existe,Intersección,Bueno,Buena,Diurna,Buen Tiempo,Lateral,S/D,Colisión,Ninguna,Faltante,Ninguna,Sin restricción,POINT (-60.64252140000001 -33.0028669),"['Bermudez', 'Avenida Manuel Arijón']",2,Avenida José Bermúdez; Avenida Manuel Arijón,-33.0028669,-60.64252140000001,55.0,538.0,Municipio Rosario,Municipio,Rosario,820210,Servicio de Catastro e Información Territorial,IGN
2017,1209,2017-03-22,Miercoles,0.0,20:20:00,,0.0,2,"Moto/Ciclomotor,Automóvil",Grandoli Y Av. Uriburu,2,1,0,0,1,0,0,,Avenida,,ROSARIO,Rosario,Asfalto,No existe,II,Dentro,Urbana,Ninguna,Funciona,Intersección,Bueno,S/D,Nocturna,Buen Tiempo,Lateral,S/D,Colisión,Ninguna,Vertical,S/D,Sin restricción,POINT (-60.62847275000001 -32.99009015),"['Avenida Abanderado Grandoli', 'Uriburu']",2,Avenida Abanderado Grandoli; Avenida José Uriburu,-32.99009015,-60.62847275000001,55.0,538.0,Municipio Rosario,Municipio,Rosario,820210,Servicio de Catastro e Información Territorial,IGN
2017,1217,2017-03-11,Sabado,0.0,1:50:00,,0.0,2,"Taxi/Remis,Moto/Ciclomotor",L.N.Alem Y Bv. Segui,3,2,0,0,1,0,0,,Calle,,ROSARIO,Rosario,Asfalto,Pavimento,II,Dentro,Urbana,Ninguna,No existe,Intersección,Bueno,Buena,Nocturna,Buen Tiempo,Lateral,S/D,Colisión,Ninguna,Faltante,Cordón divisorio,Sin restricción,POINT (-60.63650380000001 -32.980857400000005),"['Alem', 'Bulevar Juan Francisco Seguí']",2,Leandro N. Alem; Bulevar Juan Francisco Seguí,-32.980857400000005,-60.63650380000001,55.0,538.0,Municipio Rosario,Municipio,Rosario,820210,Servicio de Catastro e Información Territorial,IGN
2017,1218,2017-03-07,Martes,0.0,12:00:00,,0.0,2,"Vehículo Oficial,Moto/Ciclomotor",Colon Y Amenabar,4,2,0,0,2,0,0,,Calle,,ROSARIO,Rosario,Asfalto,No existe,II,Dentro,Urbana,Ninguna,No existe,Intersección,Bueno,Buena,Diurna,Buen Tiempo,Lateral,S/D,Colisión,Ninguna,Faltante,Ninguna,Sin restricción,POINT (-60.63202170000001 -32.97448649999999),"['Colon', 'Amenabar']",2,Cristóbal Colón; José de Amenábar,-32.97448649999999,-60.63202170000001,55.0,538.0,Municipio Rosario,Municipio,Rosario,820210,Servicio de Catastro e Información Territorial,IGN
2017,1219,2017-02-01,Miercoles,0.0,18:00:00,,0.0,2,"Moto/Ciclomotor,Automóvil",Montevideo Y Tte.Agneta,2,1,0,0,1,0,0,,Calle,,ROSARIO,Rosario,Asfalto,S/D,II,Dentro,Urbana,S/D,S/D,Intersección,S/D,Buena,Diurna,S/D,Lateral,S/D,Colisión,S/D,S/D,S/D,S/D,POINT (-60.69957240000001 -32.94711259999999),"['Montevideo', 'Teniente Agneta']",2,Montevideo; Teniente Agneta,-32.94711259999999,-60.69957240000001,55.0,538.0,Municipio Rosario,Municipio,Rosario,820210,Servicio de Catastro e Información Territorial,IGN
2017,1224,2017-03-27,Lunes,0.0,0:20:00,,0.0,2,"Moto/Ciclomotor,Automóvil",Pte.Quintana Y Entre Rios,2,1,0,0,0,0,1,,Calle,,ROSARIO,Rosario,Asfalto,S/D,II,Dentro,Urbana,S/D,S/D,Intersección,Bueno,S/D,Nocturna,S/D,S/D,S/D,Colisión,S/D,S/D,S/D,S/D,POINT (-60.6500252 -32.98202810000001),"['Quintana', 'Entre Ríos']",2,"('Presidente Quintana', 'Entre Ríos')",-32.98202810000001,-60.6500252,55.0,538.0,Municipio Rosario,Municipio,Rosario,820210,Servicio de Catastro e Información Territorial,IGN
2017,1225,2017-03-24,Viernes,0.0,18:40:00,,0.0,2,"Automóvil,Taxi/Remis",Italia Y Ameghino,2,0,0,0,0,0,2,,Calle,,ROSARIO,Rosario,Asfalto,S/D,II,Dentro,Urbana,Ninguna,S/D,Recta,Bueno,S/D,Diurna,Buen Tiempo,S/D,S/D,Colisión,S/D,S/D,Ninguna,Sin restricción,POINT (-60.65809430000001 -32.985376499999994),"['Italia', 'Ameghino']",2,Italia; Ameghino,-32.985376499999994,-60.65809430000001,55.0,538.0,Municipio Rosario,Municipio,Rosario,820210,Servicio de Catastro e Información Territorial,IGN
2017,1226,2017-03-19,Domingo,0.0,4:15:00,,0.0,2,"Moto/Ciclomotor,Moto/Ciclomotor",Dorrego Y Garibaldi,2,0,0,0,0,0,2,,Calle,,ROSARIO,Rosario,Asfalto,S/D,II,Dentro,Urbana,Ninguna,S/D,Recta,Bueno,Buena,Nocturna,Buen Tiempo,S/D,S/D,Colisión,S/D,S/D,Ninguna,Sin restricción,POINT (-60.6592046 -32.984001500000005),"['Dorrego', 'José Garibaldi']",2,Manuel Dorrego; José Garibaldi,-32.984001500000005,-60.6592046,55.0,538.0,Municipio Rosario,Municipio,Rosario,820210,Servicio de Catastro e Información Territorial,IGN
2017,1227,2017-03-14,Martes,0.0,18:00:00,,0.0,2,"Peatón,Automóvil",Mitre 800,2,1,0,0,1,0,0,,Calle,,ROSARIO,Rosario,Asfalto,Pavimento,II,Dentro,Urbana,S/D,S/D,Recta,Bueno,Buena,Diurna,Buen Tiempo,S/D,Peatón,Atropello,Ninguna,Horizontal,Cordón divisorio,Sin restricción,"-32.9460844, -60.6396264",['Mitre 800'],1,Mitre 800,-32.9460844,-60.6396264,55.0,538.0,Municipio Rosario,Municipio,Rosario,820210,Servicio de Catastro e Información Territorial,IGN
2017,1228,2017-03-23,Jueves,0.0,13:28:00,,0.0,2,"Pickup/Utilitario,Moto/Ciclomotor",Servando Bayo Y San Luis,2,0,1,0,1,0,0,,Calle,,ROSARIO,Rosario,Asfalto,S/D,II,Dentro,S/D,S/D,S/D,Intersección,S/D,S/D,Diurna,S/D,S/D,S/D,Colisión,S/D,S/D,Cordón divisorio,S/D,POINT (-60.68522490000001 -32.940741399999986),"['Servando Bayo', 'San Luis']",2,Servando Bayo; San Luis,-32.940741399999986,-60.68522490000001,55.0,538.0,Municipio Rosario,Municipio,Rosario,820210,Servicio de Catastro e Información Territorial,IGN
2017,1229,2017-03-05,Domingo,0.0,14:40:00,,0.0,2,"Moto/Ciclomotor,Automóvil",Av. Corrientes ,2,1,0,0,1,0,0,,Calle,,ROSARIO,Rosario,S/D,S/D,II,Dentro,Urbana,S/D,S/D,S/D,S/D,S/D,Diurna,S/D,S/D,S/D,Colisión,S/D,S/D,S/D,S/D,"-32.9565562, -60.6450559",['Corrientes'],1,Corrientes,-32.9565562,-60.6450559,55.0,538.0,Municipio Rosario,Municipio,Rosario,820210,Servicio de Catastro e Información Territorial,IGN
2017,1230,2017-03-13,Lunes,0.0,10:35:00,,0.0,2,"Bicicleta,Automóvil",Av. Corrientes Y E.Zeballos,2,1,0,0,1,0,0,,Calle,,ROSARIO,Rosario,Asfalto,Pavimento,II,Dentro,Urbana,Semáforo,Funciona,Intersección,Bueno,Buena,Diurna,Buen Tiempo,S/D,Ciclista,Atropello,S/D,S/D,Cordón divisorio,Sin restricción,POINT (-60.6444742 -32.95427719999999),"['Corrientes', 'Zeballos']",2,Corrientes; Zeballos,-32.95427719999999,-60.6444742,55.0,538.0,Municipio Rosario,Municipio,Rosario,820210,Servicio de Catastro e Información Territorial,IGN
2017,1231,2017-03-24,Viernes,0.0,9:40:00,,0.0,2,"Automóvil,Peatón",Mendoza Y Gutenberg,2,1,0,0,1,0,0,,Calle,,ROSARIO,Rosario,Asfalto,S/D,II,Dentro,Urbana,S/D,S/D,Intersección,S/D,S/D,Diurna,Otro,S/D,Peatón,Atropello,S/D,S/D,Ninguna,S/D,POINT (-60.68857770000001 -32.94277249999998),"['Mendoza', 'Gutenberg']",2,Mendoza; Gutenberg,-32.94277249999998,-60.68857770000001,55.0,538.0,Municipio Rosario,Municipio,Rosario,820210,Servicio de Catastro e Información Territorial,IGN
2017,1232,2017-03-05,Domingo,0.0,12:00:00,,0.0,2,"Peatón,Automóvil",Entre Rios Y E.Zeballos,2,1,0,0,1,0,0,,Calle,,ROSARIO,Rosario,Asfalto,Pavimento,II,Dentro,Urbana,S/D,S/D,Intersección,Bueno,Buena,Diurna,S/D,S/D,Peatón,Atropello,S/D,S/D,Cordón divisorio,Sin restricción,POINT (-60.64308380000001 -32.9545295),"['Entre Ríos', 'Zeballos']",2,Entre Ríos; Zeballos,-32.9545295,-60.64308380000001,55.0,538.0,Municipio Rosario,Municipio,Rosario,820210,Servicio de Catastro e Información Territorial,IGN
2017,1233,2017-03-25,Sabado,0.0,7:15:00,,0.0,2,"Transporte de Pasajeros Urbano (> 8 asientos),Moto/Ciclomotor",Bv. Avellaneda Y 3 De Febrero,2,1,0,0,1,0,0,,Avenida,,ROSARIO,Rosario,Asfalto,S/D,II,Dentro,Urbana,S/D,S/D,Intersección,Otro,S/D,Diurna,S/D,S/D,S/D,Colisión,Ninguna,S/D,Cordón divisorio,S/D,POINT (-60.6807366 -32.945458),"['Avellaneda', '3 de Febrero']",2,Bulevar Nicolás Avellaneda; 3 de Febrero,-32.945458,-60.6807366,55.0,538.0,Municipio Rosario,Municipio,Rosario,820210,Servicio de Catastro e Información Territorial,IGN
2017,1234,2017-03-09,Jueves,0.0,11:35:00,,0.0,2,"Peatón,Moto/Ciclomotor",San Luis Y ,2,0,1,0,1,0,0,,Calle,,ROSARIO,Rosario,Asfalto,No existe,II,Dentro,Urbana,Semáforo,Funciona,Intersección,Bueno,Buena,Diurna,Buen Tiempo,S/D,Peatón,Atropello,Ninguna,Horizontal,Cordón divisorio,Sin restricción,"-32.9408629, -60.6845553",['San Luis'],1,San Luis,-32.9408629,-60.6845553,55.0,538.0,Municipio Rosario,Municipio,Rosario,820210,Servicio de Catastro e Información Territorial,IGN
2017,1235,2017-03-07,Martes,0.0,11:00:00,,0.0,2,"Peatón,Automóvil",Av. Corrientes Y San Luis,2,1,0,0,1,0,0,,Calle,,ROSARIO,Rosario,Asfalto,Pavimento,II,Dentro,Urbana,Semáforo,Funciona,Intersección,Bueno,Buena,Diurna,Buen Tiempo,S/D,Peatón,Atropello,Ninguna,Horizontal,Cordón divisorio,Sin restricción,POINT (-60.6429694 -32.948293099999994),"['Corrientes', 'San Luis']",2,Corrientes; San Luis,-32.948293099999994,-60.6429694,55.0,538.0,Municipio Rosario,Municipio,Rosario,820210,Servicio de Catastro e Información Territorial,IGN
2017,1236,2017-03-25,Sabado,0.0,11:45:00,,0.0,2,"Moto/Ciclomotor,Moto/Ciclomotor",Av. Pellegrini Y Av. Francia,2,1,0,0,1,0,0,,Avenida,,ROSARIO,Rosario,Asfalto,S/D,II,Dentro,Urbana,Ninguna,S/D,Intersección,S/D,S/D,Diurna,Otro,S/D,S/D,Colisión,S/D,S/D,Cordón divisorio,S/D,POINT (-60.668265950000006 -32.95238069999999),"['Pellegrini', 'Avenida Francia']",2,Avenida Carlos Pellegrini; Avenida Francia,-32.95238069999999,-60.668265950000006,55.0,538.0,Municipio Rosario,Municipio,Rosario,820210,Servicio de Catastro e Información Territorial,IGN
2017,1237,2017-03-03,Viernes,0.0,10:10:00,,0.0,2,"Automóvil,Moto/Ciclomotor",Balcarce Y Cordoba,2,1,0,0,1,0,0,,Calle,,ROSARIO,Rosario,Asfalto,Pavimento,II,Dentro,Urbana,Ninguna,No existe,Intersección,Bueno,Buena,Diurna,Buen Tiempo,Lateral,S/D,Colisión,Ninguna,Horizontal,Cordón divisorio,Sin restricción,POINT (-60.65191980000001 -32.943977999999994),"['Balcarce', 'Córdoba']",2,Balcarce; Córdoba,-32.943977999999994,-60.65191980000001,55.0,538.0,Municipio Rosario,Municipio,Rosario,820210,Servicio de Catastro e Información Territorial,IGN
2017,1238,2017-03-15,Miercoles,0.0,11:30:00,,0.0,2,"Moto/Ciclomotor,Pickup/Utilitario",Av. Pellegrini Y Ricchieri,2,1,0,0,1,0,0,,Avenida,,ROSARIO,Rosario,Asfalto,S/D,II,Dentro,Urbana,Ninguna,S/D,Intersección,Bueno,Buena,Diurna,Buen Tiempo,Lateral,S/D,Colisión,Ninguna,S/D,Cordón divisorio,S/D,POINT (-60.661411533333336 -32.979310700000006),"['Pellegrini', 'Ricchieri']",2,Avenida Carlos Pellegrini; Ricchieri,-32.979310700000006,-60.661411533333336,55.0,538.0,Municipio Rosario,Municipio,Rosario,820210,Servicio de Catastro e Información Territorial,IGN
2017,1239,2017-03-04,Sabado,0.0,12:03:00,,0.0,2,"Moto/Ciclomotor,Otros",Montevideo Y Paraguay,2,1,0,0,1,0,0,,Calle,,ROSARIO,Rosario,Asfalto,Pavimento,II,Dentro,Urbana,Ninguna,No existe,Intersección,Bueno,Buena,Diurna,Buen Tiempo,Lateral,S/D,Colisión,Ninguna,Horizontal,Cordón divisorio,Sin restricción,POINT (-60.6461713 -32.9551386),"['Montevideo', 'Paraguay']",2,Montevideo; Paraguay,-32.9551386,-60.6461713,55.0,538.0,Municipio Rosario,Municipio,Rosario,820210,Servicio de Catastro e Información Territorial,IGN
2017,1240,2017-03-20,Lunes,0.0,13:55:00,,0.0,2,"Automóvil,Automóvil",Santa Fe 2000,2,1,0,0,1,0,0,,Calle,,ROSARIO,Rosario,Asfalto,Pavimento,II,Dentro,Urbana,Semáforo,Funciona,Recta,Bueno,Buena,Diurna,Buen Tiempo,De alcance,S/D,Colisión,Ninguna,Vertical,Cordón divisorio,Sin restricción,"-32.9443578, -60.6420191",['Santa Fe 2000'],1,Santa Fe 2000,-32.9443578,-60.6420191,55.0,538.0,Municipio Rosario,Municipio,Rosario,820210,Servicio de Catastro e Información Territorial,IGN
2017,1241,2017-03-09,Jueves,0.0,17:30:00,,0.0,2,"Automóvil,Automóvil",Bv. Oroño Y Av. Dante Alighieri,2,2,0,0,0,0,0,,Avenida,,ROSARIO,Rosario,Asfalto,S/D,II,Dentro,Urbana,S/D,No existe,Cruce,Bueno,S/D,Diurna,S/D,Lateral,S/D,Colisión,S/D,S/D,S/D,S/D,POINT (-60.6579301 -32.961999649999996),"['Bulevar Nicasio Oroño', 'Dante Alighieri']",2,"('Ciclovía Bulevar Nicasio Oroño', 'Avenida Dante Alighieri')",-32.96199965,-60.6579301,55.0,538.0,Municipio Rosario,Municipio,Rosario,820210,Servicio de Catastro e Información Territorial,IGN
2017,1242,2017-03-20,Lunes,0.0,19:20:00,,0.0,2,"Automóvil,Peatón",San Luis 1595,2,1,0,0,1,0,0,,Calle,,ROSARIO,Rosario,Asfalto,Pavimento,II,Dentro,Urbana,S/D,S/D,Intersección,Bueno,Buena,Diurna,Buen Tiempo,S/D,Peatón,Atropello,Ninguna,Horizontal,Cordón divisorio,Sin restricción,"-32.947858265306124, -60.64560319795918",['San Luis 1595'],1,San Luis 1595,-32.947858265306124,-60.64560319795918,55.0,538.0,Municipio Rosario,Municipio,Rosario,820210,Servicio de Catastro e Información Territorial,IGN
2017,1243,2017-03-14,Martes,0.0,17:15:00,,0.0,2,"Moto/Ciclomotor,Automóvil",Bv. 27 De Febrero 2400,3,1,0,0,2,0,0,,Avenida,,ROSARIO,Rosario,Asfalto,S/D,II,S/D,S/D,Semáforo,Funciona,Intersección,Bueno,Buena,Diurna,Buen Tiempo,Lateral,S/D,Colisión,Ninguna,Vertical,Cordón divisorio,S/D,"-32.96424563355705, -60.66131428389262",['27 De Febrero 2400'],1,27 De Febrero 2400,-32.96424563355705,-60.66131428389262,55.0,538.0,Municipio Rosario,Municipio,Rosario,820210,Servicio de Catastro e Información Territorial,IGN
2017,1244,2017-03-30,Jueves,0.0,22:15:00,,0.0,2,"Moto/Ciclomotor,Peatón",3 De Febrero Y Mariano Moreno,2,1,0,0,1,0,0,,Calle,,ROSARIO,Rosario,Asfalto,Pavimento,II,Dentro,Urbana,Ninguna,S/D,Intersección,Bueno,Buena,Nocturna,Buen Tiempo,S/D,Peatón,Atropello,Ninguna,Horizontal,Cordón divisorio,Sin restricción,POINT (-60.6522175 -32.95056480000001),"['3 de Febrero', 'Mariano Moreno']",2,3 de Febrero; Mariano Moreno,-32.95056480000001,-60.6522175,55.0,538.0,Municipio Rosario,Municipio,Rosario,820210,Servicio de Catastro e Información Territorial,IGN
2017,1245,2017-03-31,Viernes,0.0,0:00:00,,0.0,2,"Moto/Ciclomotor,Automóvil",Entre Rios Y San Juan,2,1,0,0,1,0,0,,Calle,,ROSARIO,Rosario,Asfalto,Pavimento,II,Dentro,Urbana,Semáforo,Intermitente,Intersección,Bueno,Buena,Nocturna,Buen Tiempo,Lateral,S/D,Colisión,Ninguna,Vertical,Cordón divisorio,Sin restricción,POINT (-60.6418515 -32.9496493),"['Entre Ríos', 'San Juan']",2,Entre Ríos; San Juan,-32.9496493,-60.6418515,55.0,538.0,Municipio Rosario,Municipio,Rosario,820210,Servicio de Catastro e Información Territorial,IGN
2017,1247,2017-03-08,Miercoles,0.0,9:30:00,,0.0,2,"Moto/Ciclomotor,Automóvil",Santiago Y San Luis,2,1,0,0,1,0,0,,Calle,,ROSARIO,Rosario,Asfalto,S/D,II,Dentro,Urbana,S/D,S/D,Intersección,S/D,Buena,Diurna,Buen Tiempo,S/D,S/D,Colisión,S/D,S/D,Cordón divisorio,S/D,POINT (-60.656666 -32.945839899999996),"['Santiago', 'San Luis']",2,Santiago; San Luis,-32.9458399,-60.656666,55.0,538.0,Municipio Rosario,Municipio,Rosario,820210,Servicio de Catastro e Información Territorial,IGN
2017,1248,2017-03-13,Lunes,0.0,12:30:00,,0.0,2,"Moto/Ciclomotor,Automóvil",Bv. 27 De Febrero 1000,2,1,0,0,1,0,0,,Avenida,,ROSARIO,Rosario,Asfalto,S/D,II,Dentro,Urbana,Semáforo,Funciona,Intersección,Bueno,Buena,Diurna,Buen Tiempo,Lateral,S/D,Colisión,Ninguna,Vertical,Cordón divisorio,Sin restricción,"-32.9677021, -60.6417872",['27 De Febrero 1000'],1,27 De Febrero 1000,-32.9677021,-60.6417872,55.0,538.0,Municipio Rosario,Municipio,Rosario,820210,Servicio de Catastro e Información Territorial,IGN
2017,1249,2017-03-01,Miercoles,0.0,,,0.0,2,"Taxi/Remis,Automóvil",Cordoba Y Suipacha,2,1,0,0,1,0,0,,Calle,,ROSARIO,Rosario,Asfalto,S/D,II,Dentro,Urbana,S/D,S/D,Intersección,S/D,Buena,Diurna,S/D,S/D,S/D,Colisión,S/D,S/D,Cordón divisorio,S/D,POINT (-60.6642044 -32.9417837),"['Córdoba', 'Suipacha']",2,Córdoba; Suipacha,-32.9417837,-60.6642044,55.0,538.0,Municipio Rosario,Municipio,Rosario,820210,Servicio de Catastro e Información Territorial,IGN
2017,1250,2017-03-17,Viernes,0.0,0:00:00,,0.0,2,"Bicicleta,Pickup/Utilitario",San Juan Y Bv. Avellaneda,2,1,0,0,1,0,0,,Calle,,ROSARIO,Rosario,Asfalto,S/D,II,Dentro,Urbana,S/D,S/D,Intersección,S/D,S/D,Nocturna,S/D,S/D,Ciclista,Atropello,S/D,S/D,S/D,S/D,POINT (-60.680076299999996 -32.94284435),"['San Juan', 'Avellaneda']",2,San Juan; Bulevar Nicolás Avellaneda,-32.94284435,-60.6800763,55.0,538.0,Municipio Rosario,Municipio,Rosario,820210,Servicio de Catastro e Información Territorial,IGN
2017,1251,2017-03-10,Viernes,0.0,16:30:00,,0.0,2,"Bicicleta,Transporte de Pasajeros Larga Distancia (> 8 asientos)",San Martin 2900,2,1,0,0,1,0,0,,Avenida,,ROSARIO,Rosario,Asfalto,S/D,II,Dentro,Urbana,Semáforo,Funciona,Recta,Bueno,Buena,Diurna,Buen Tiempo,S/D,Ciclista,Atropello,Ninguna,Vertical,Línea divisoria pintada,Sin restricción,"-32.9764777, -60.6372639",['San Martin 2900'],1,San Martin 2900,-32.9764777,-60.6372639,55.0,538.0,Municipio Rosario,Municipio,Rosario,820210,Servicio de Catastro e Información Territorial,IGN