anio_acci,nro_acci,fecha,desc_dia,fecha_aprox,hora_aprox,desc_ruta,km,cant_participantes,desc_participante,calle_avenida_km,total,heridos_leves,heridos_graves,heridos_gravisimos,ilesos,fallecidos,sin_datos,posicion_XY,desc_tipo_via,desc_ruta_ori,desc_loc,desc_dpto,desc_tipo_calzada,desc_tipo_banquina,desc_unidad_regional,desc_lugar_calzada,desc_zona,desc_prioridad,desc_estado_semaforo,desc_lugar_via,desc_estado_via,desc_estado_visibilidad,desc_luminosidad,desc_estado_clima,desc_tipo_colision,desc_tipo_atropello,desc_tipo_hecho,desc_pres_calzada,desc_senializacion,desc_separacion_via,desc_restriccion,forma_geocod,calle_lista,numero_calles,calles_osm,lat,lon,index_right,gid,fna,gna,nam,in1,fdc,sag
2017,1252,2017-03-18,Sabado,0.0,19:10:00,,0.0,2,"Moto/Ciclomotor,Automóvil",Av. Pellegrini Y Vera Mujica,2,1,0,0,1,0,0,,Calle,,ROSARIO,Rosario,Asfalto,S/D,II,Dentro,Urbana,S/D,S/D,Intersección,S/D,S/D,Diurna,S/D,S/D,S/D,Colisión,S/D,S/D,Cordón divisorio,S/D,POINT (-60.6696235 -32.952139450000004),"['Pellegrini', 'Vera Mujíca']",2,Avenida Carlos Pellegrini; Vera Mujíca,-32.952139450000004,-60.6696235,55.0,538.0,Municipio Rosario,Municipio,Rosario,820210,Servicio de Catastro e Información Territorial,IGN
2017,1253,2017-03-10,Viernes,0.0,7:00:00,,0.0,2,"Pickup/Utilitario,Automóvil",Paraguay 1900,2,1,0,0,1,0,0,,Calle,,ROSARIO,Rosario,Asfalto,S/D,II,Dentro,Urbana,Ninguna,S/D,Intersección,Bueno,Buena,Diurna,Buen Tiempo,Lateral,S/D,Colisión,S/D,S/D,Ninguna,S/D,"-32.9584792, -60.6470946",['Paraguay 1900'],1,Paraguay 1900,-32.9584792,-60.6470946,55.0,538.0,Municipio Rosario,Municipio,Rosario,820210,Servicio de Catastro e Información Territorial,IGN
2017,1254,2017-03-19,Domingo,0.0,,,0.0,2,"Moto/Ciclomotor,Pickup/Utilitario",Montevideo Y Rodriguez,2,1,0,0,1,0,0,,Calle,,ROSARIO,Rosario,Asfalto,S/D,II,Dentro,Urbana,S/D,S/D,Intersección,Bueno,S/D,S/D,S/D,S/D,S/D,Colisión,S/D,S/D,Cordón divisorio,S/D,POINT (-60.6611618 -32.9524613),"['Montevideo', 'Rodríguez']",2,Montevideo; Rodríguez de Escobedo,-32.9524613,-60.6611618,55.0,538.0,Municipio Rosario,Municipio,Rosario,820210,Servicio de Catastro e Información Territorial,IGN
2017,1255,2017-03-04,Sabado,0.0,10:15:00,,0.0,2,"Moto/Ciclomotor,Automóvil",Av. Pellegrini 1700,2,1,0,0,1,0,0,,Avenida,,ROSARIO,Rosario,Asfalto,S/D,II,Dentro,Urbana,Ninguna,Funciona,Intersección,Bueno,Buena,Diurna,Buen Tiempo,Lateral,S/D,Colisión,Ninguna,Vertical,Cordón divisorio,S/D,"-32.9557099, -60.6490875",['Pellegrini 1700'],1,Pellegrini 1700,-32.9557099,-60.6490875,55.0,538.0,Municipio Rosario,Municipio,Rosario,820210,Servicio de Catastro e Información Territorial,IGN
2017,1256,2017-03-17,Viernes,0.0,20:30:00,,0.0,2,"Moto/Ciclomotor,Pickup/Utilitario",Pueyrredon Y Mendoza,2,1,0,0,1,0,0,,Calle,,ROSARIO,Rosario,Asfalto,S/D,II,Dentro,Urbana,S/D,S/D,Intersección,S/D,S/D,Diurna,S/D,S/D,S/D,Colisión,S/D,S/D,Cordón divisorio,S/D,POINT (-60.658654199999994 -32.9481107),"['Pueyrredón', 'Mendoza']",2,Pueyrredón; Mendoza,-32.9481107,-60.6586542,55.0,538.0,Municipio Rosario,Municipio,Rosario,820210,Servicio de Catastro e Información Territorial,IGN
2017,1257,2017-03-20,Lunes,0.0,10:30:00,,0.0,2,"Automóvil,Moto/Ciclomotor",Rioja Y Suipacha,2,1,0,0,1,0,0,,Calle,,ROSARIO,Rosario,Asfalto,S/D,II,Dentro,Urbana,S/D,S/D,Intersección,S/D,Buena,Diurna,S/D,S/D,S/D,Colisión,S/D,S/D,Cordón divisorio,S/D,POINT (-60.66447840000001 -32.94294049999999),"['Rioja', 'Suipacha']",2,Rioja; Suipacha,-32.94294049999999,-60.66447840000001,55.0,538.0,Municipio Rosario,Municipio,Rosario,820210,Servicio de Catastro e Información Territorial,IGN
2017,1258,2017-03-03,Viernes,0.0,12:50:00,,0.0,2,"Moto/Ciclomotor,Automóvil",Av. Corrientes 2400,2,1,0,0,1,0,0,,Calle,,ROSARIO,Rosario,Asfalto,S/D,II,Dentro,Urbana,Ninguna,S/D,Intersección,Bueno,Buena,Diurna,Buen Tiempo,Lateral,S/D,Colisión,S/D,S/D,Ninguna,S/D,"-32.9644397, -60.6471507",['Corrientes 2400'],1,Corrientes 2400,-32.9644397,-60.6471507,55.0,538.0,Municipio Rosario,Municipio,Rosario,820210,Servicio de Catastro e Información Territorial,IGN
2017,1259,2017-03-22,Miercoles,0.0,8:55:00,,0.0,2,"Automóvil,Moto/Ciclomotor",Mendoza Y Constitucion,3,1,0,0,2,0,0,,Calle,,ROSARIO,Rosario,Asfalto,S/D,II,Dentro,Urbana,S/D,S/D,Intersección,S/D,S/D,Diurna,S/D,S/D,S/D,Colisión,S/D,S/D,Cordón divisorio,S/D,POINT (-60.6749889 -32.945215299999994),"['Mendoza', 'Constitución']",2,Mendoza; Constitución,-32.945215299999994,-60.6749889,55.0,538.0,Municipio Rosario,Municipio,Rosario,820210,Servicio de Catastro e Información Territorial,IGN
2017,1260,2017-03-03,Viernes,0.0,15:55:00,,0.0,2,"Moto/Ciclomotor,Automóvil",Rueda Y Laprida,2,1,0,0,1,0,0,,Calle,,ROSARIO,Rosario,Asfalto,S/D,II,Dentro,Urbana,Ninguna,S/D,Intersección,Bueno,Buena,Diurna,Buen Tiempo,Lateral,S/D,Colisión,S/D,S/D,Ninguna,S/D,POINT (-60.6404177 -32.971787199999994),"['Rueda', 'Laprida']",2,Rueda; Francisco Narciso Laprida,-32.971787199999994,-60.6404177,55.0,538.0,Municipio Rosario,Municipio,Rosario,820210,Servicio de Catastro e Información Territorial,IGN
2017,1262,2017-03-19,Domingo,0.0,12:00:00,,0.0,2,"Otros,Automóvil",Av. Eva Peron 8300,2,0,2,0,0,0,0,,Calle,,ROSARIO,Rosario,Asfalto,Pavimento,II,Dentro,Urbana,Otra Señal,S/D,Recta,Bueno,Buena,Diurna,Buen Tiempo,S/D,S/D,Colisión,Ninguna,Horizontal,Barrera de alto impacto,Sin restricción,"-32.9269748, -60.743004",['Eva Peron 8300'],1,Eva Peron 8300,-32.9269748,-60.743004,55.0,538.0,Municipio Rosario,Municipio,Rosario,820210,Servicio de Catastro e Información Territorial,IGN
2017,1264,2017-03-13,Lunes,0.0,10:30:00,,0.0,2,"Peatón,Moto/Ciclomotor",Sarmiento Y Gaboto,2,1,0,0,1,0,0,,Calle,,ROSARIO,Rosario,Asfalto,No existe,II,Dentro,Urbana,Ninguna,No existe,Recta,Bueno,Buena,Diurna,Buen Tiempo,S/D,Peatón,Atropello,Ninguna,Horizontal,Ninguna,Sin restricción,POINT (-60.64492839999999 -32.973346899999996),"['Sarmiento', 'Gaboto']",2,Sarmiento; Gaboto,-32.9733469,-60.64492839999999,55.0,538.0,Municipio Rosario,Municipio,Rosario,820210,Servicio de Catastro e Información Territorial,IGN
2017,1265,2017-03-03,Viernes,0.0,13:55:00,,0.0,2,"Automóvil,Moto/Ciclomotor",Bv. 27 De Febrero Y Esmeralda,2,2,0,0,0,0,0,,Avenida,,ROSARIO,Rosario,Asfalto,No existe,II,Dentro,Urbana,Ninguna,S/D,Intersección,Bueno,Buena,Diurna,Buen Tiempo,S/D,S/D,Colisión,Ninguna,S/D,S/D,S/D,POINT (-60.62677386666667 -32.97061539999999),"['27 de Febrero', 'Esmeralda']",2,Bulevar 27 de Febrero; Esmeralda,-32.97061539999999,-60.62677386666667,55.0,538.0,Municipio Rosario,Municipio,Rosario,820210,Servicio de Catastro e Información Territorial,IGN
2017,1266,2017-03-13,Lunes,0.0,14:00:00,,0.0,2,"Automóvil,Automóvil",Av. Corrientes Y Gaboto,2,1,0,0,1,0,0,,Calle,,ROSARIO,Rosario,Asfalto,No existe,II,Dentro,Urbana,Ninguna,No existe,Recta,Bueno,Buena,Diurna,Buen Tiempo,S/D,S/D,Colisión,Ninguna,Horizontal,Ninguna,Sin restricción,POINT (-60.6491421 -32.9725927),"['Corrientes', 'Gaboto']",2,Corrientes; Gaboto,-32.9725927,-60.6491421,55.0,538.0,Municipio Rosario,Municipio,Rosario,820210,Servicio de Catastro e Información Territorial,IGN
2017,1267,2017-03-06,Lunes,0.0,13:15:00,,0.0,2,"Pickup/Utilitario,Moto/Ciclomotor",Rodriguez Y Bv. Segui,2,1,0,0,1,0,0,,Calle,,ROSARIO,Rosario,Asfalto,S/D,II,Dentro,Urbana,Ninguna,S/D,Recta,Otro,S/D,Diurna,Buen Tiempo,Lateral,S/D,Colisión,Ninguna,Horizontal,Ninguna,S/D,POINT (-60.66696664999999 -32.975399),"['Rodríguez', 'Bulevar Juan Francisco Seguí']",2,Rodríguez de Escobedo; Bulevar Juan Francisco Seguí,-32.975399,-60.66696664999999,55.0,538.0,Municipio Rosario,Municipio,Rosario,820210,Servicio de Catastro e Información Territorial,IGN
2017,1268,2017-03-10,Viernes,0.0,19:10:00,,0.0,2,"Moto/Ciclomotor,Automóvil",Av. Corrientes Y Saavedra,2,1,0,0,1,0,0,,Calle,,ROSARIO,Rosario,Asfalto,No existe,II,Dentro,Urbana,Ninguna,No existe,Recta,Bueno,Buena,Diurna,Buen Tiempo,Lateral,S/D,Colisión,Ninguna,Horizontal,Ninguna,Sin restricción,POINT (-60.6503148 -32.9771937),"['Corrientes', 'Saavedra']",2,Corrientes; Saavedra,-32.9771937,-60.6503148,55.0,538.0,Municipio Rosario,Municipio,Rosario,820210,Servicio de Catastro e Información Territorial,IGN
2017,1269,2017-03-10,Viernes,0.0,23:00:00,,0.0,2,"Peatón,Automóvil",Urquiza 3100,2,1,0,0,1,0,0,,Calle,,ROSARIO,Rosario,Asfalto,No existe,II,S/D,Urbana,Ninguna,S/D,Recta,Bueno,Buena,Nocturna,Buen Tiempo,S/D,Peatón,Atropello,Ninguna,S/D,Ninguna,Sin restricción,"-32.9380624, -60.6642301",['Urquiza 3100'],1,Urquiza 3100,-32.9380624,-60.6642301,55.0,538.0,Municipio Rosario,Municipio,Rosario,820210,Servicio de Catastro e Información Territorial,IGN
2017,1270,2017-03-09,Jueves,0.0,16:00:00,,0.0,2,"Automóvil,Automóvil",Bv. Segui Y Camilo Aldao,2,2,0,0,0,0,0,,Avenida,,ROSARIO,Rosario,Asfalto,No existe,II,Dentro,Urbana,Ninguna,No existe,Intersección,Bueno,Buena,Diurna,Otro,Lateral,S/D,Colisión,Ninguna,Faltante,Barrera de hormigón,Sin restricción,POINT (-60.694818649999995 -32.97059495),"['Bulevar Juan Francisco Seguí', 'Camilo Aldao']",2,Bulevar Juan Francisco Seguí; Camilo Aldao,-32.97059495,-60.69481865,55.0,538.0,Municipio Rosario,Municipio,Rosario,820210,Servicio de Catastro e Información Territorial,IGN
2017,1271,2017-03-02,Jueves,0.0,9:30:00,,0.0,2,"Peatón,Automóvil",Bv. 27 De Febrero Y Liniers,2,1,0,0,1,0,0,,Avenida,,ROSARIO,Rosario,Asfalto,No existe,II,Dentro,Urbana,Ninguna,No existe,Intersección,Bueno,Reducida,Diurna,Otro,S/D,Peatón,Atropello,Ninguna,Faltante,Ninguna,Sin restricción,POINT (-60.6978255 -32.958853149999996),"['27 de Febrero', 'Liniers']",2,Bulevar 27 de Febrero; Liniers,-32.95885315,-60.6978255,55.0,538.0,Municipio Rosario,Municipio,Rosario,820210,Servicio de Catastro e Información Territorial,IGN
2017,1272,2017-03-15,Miercoles,0.0,23:00:00,,0.0,2,"Moto/Ciclomotor,Pickup/Utilitario",Roullon Y Bv. 27 De Febrero,2,1,0,0,1,0,0,,Avenida,,ROSARIO,Rosario,Asfalto,No existe,II,Dentro,Urbana,Ninguna,No existe,Intersección,Bueno,Buena,Nocturna,Otro,Lateral,S/D,Colisión,Ninguna,Faltante,Ninguna,S/D,POINT (-60.701486975 -32.959091599999994),"['Alfredo Rouillón', '27 de Febrero']",2,Alfredo Rouillón; Bulevar 27 de Febrero,-32.959091599999994,-60.701486975,55.0,538.0,Municipio Rosario,Municipio,Rosario,820210,Servicio de Catastro e Información Territorial,IGN
2017,1274,2017-03-13,Lunes,0.0,12:00:00,,0.0,2,"Bicicleta,Camión Chasis",Av. Genova Y Cullen,2,1,0,0,1,0,0,,Avenida,,ROSARIO,Rosario,Asfalto,No existe,II,Dentro,Rural,Ninguna,No existe,Curva,Bueno,Buena,Diurna,Buen Tiempo,S/D,Ciclista,Atropello,Ninguna,Vertical,Ninguna,Obra en Construcción,POINT (-60.709872700000005 -32.9159084),"['Genova', 'Cullen']",2,Avenida Génova; Cullen,-32.9159084,-60.709872700000005,55.0,538.0,Municipio Rosario,Municipio,Rosario,820210,Servicio de Catastro e Información Territorial,IGN
2017,1315,2017-03-16,Jueves,0.0,11:55:00,,0.0,2,"Moto/Ciclomotor,Automóvil",Bv. Segui Y Callao,2,1,0,0,1,0,0,,Calle,,ROSARIO,Rosario,Asfalto,No existe,II,Dentro,Urbana,Ninguna,No existe,Recta,Bueno,Buena,Diurna,Buen Tiempo,Lateral,S/D,Colisión,Ninguna,Horizontal,Ninguna,Sin restricción,POINT (-60.6682971 -32.97516315),"['Bulevar Juan Francisco Seguí', 'Callao']",2,Bulevar Juan Francisco Seguí; Callao,-32.97516315,-60.6682971,55.0,538.0,Municipio Rosario,Municipio,Rosario,820210,Servicio de Catastro e Información Territorial,IGN
2017,1316,2017-03-17,Viernes,0.0,13:30:00,,0.0,2,"Bicicleta,Automóvil",Av. Uriburu Y Rivadavia,2,1,0,0,1,0,0,,Calle,,ROSARIO,Rosario,Asfalto,No existe,II,Dentro,Urbana,Ninguna,No existe,Recta,Bueno,Buena,Diurna,Buen Tiempo,Lateral,Ciclista,Atropello,Ninguna,Horizontal,Ninguna,Sin restricción,POINT (-60.6658679 -32.99124840000001),"['Uriburu', 'Rivadavia']",2,Avenida José Uriburu; Avenida Bernardino Rivadavia,-32.99124840000001,-60.6658679,55.0,538.0,Municipio Rosario,Municipio,Rosario,820210,Servicio de Catastro e Información Territorial,IGN
2017,1317,2017-03-18,Sabado,0.0,3:10:00,,0.0,2,"Automóvil,Moto/Ciclomotor",Bv. Segui Y Mitre,2,1,0,0,1,0,0,,Calle,,ROSARIO,Rosario,Asfalto,No existe,II,Dentro,Urbana,S/D,No existe,Recta,Bueno,Buena,Nocturna,Buen Tiempo,Lateral,S/D,Colisión,S/D,Horizontal,Ninguna,Sin restricción,POINT (-60.6477426 -32.97883275),"['Bulevar Juan Francisco Seguí', 'Mitre']",2,Bulevar Juan Francisco Seguí; Bartolomé Mitre,-32.97883275,-60.6477426,55.0,538.0,Municipio Rosario,Municipio,Rosario,820210,Servicio de Catastro e Información Territorial,IGN
2017,1318,2017-03-18,Sabado,0.0,9:50:00,,0.0,2,"Automóvil,Moto/Ciclomotor",24 De Setiembre Y Mitre,2,1,0,0,1,0,0,,Calle,,ROSARIO,Rosario,Asfalto,No existe,II,Dentro,Urbana,Ninguna,No existe,Recta,Bueno,Buena,Diurna,Buen Tiempo,Lateral,S/D,Colisión,Ninguna,Faltante,Ninguna,Sin restricción,POINT (-60.6480366 -32.979972499999995),"['24 de Septiembre', 'Mitre']",2,24 de Septiembre; Bartolomé Mitre,-32.979972499999995,-60.6480366,55.0,538.0,Municipio Rosario,Municipio,Rosario,820210,Servicio de Catastro e Información Territorial,IGN
2017,1319,2017-03-16,Jueves,0.0,12:00:00,,0.0,2,"Taxi/Remis,Automóvil",Italia 4100,2,1,0,0,1,0,0,,Calle,,ROSARIO,Rosario,Asfalto,No existe,II,Dentro,Urbana,Ninguna,No existe,Recta,Bueno,Buena,Diurna,Buen Tiempo,Lateral,S/D,Colisión,Ninguna,Horizontal,Ninguna,Sin restricción,"-32.9832195, -60.6576756",['Italia 4100'],1,Italia 4100,-32.9832195,-60.6576756,55.0,538.0,Municipio Rosario,Municipio,Rosario,820210,Servicio de Catastro e Información Territorial,IGN
2017,1331,2017-03-21,Martes,0.0,9:15:00,,0.0,2,"Moto/Ciclomotor,Automóvil",Av. Francia 5200,2,1,0,0,1,0,0,,Calle,,ROSARIO,Rosario,Asfalto,S/D,II,Dentro,Urbana,S/D,No existe,Intersección,S/D,Buena,Diurna,S/D,S/D,S/D,Colisión,S/D,S/D,S/D,S/D,"-32.9466403, -60.6668992",['Francia 5200'],1,Francia 5200,-32.9466403,-60.6668992,55.0,538.0,Municipio Rosario,Municipio,Rosario,820210,Servicio de Catastro e Información Territorial,IGN
2017,1333,2017-03-25,Sabado,0.0,12:35:00,,0.0,2,"Automóvil,Moto/Ciclomotor",Pasco 700,2,1,0,0,1,0,0,,Calle,,ROSARIO,Rosario,Asfalto,S/D,II,Dentro,Urbana,S/D,S/D,Recta,Bueno,Buena,Diurna,Buen Tiempo,S/D,S/D,Colisión,Ninguna,S/D,S/D,Sin restricción,"-32.9605407, -60.6358556",['Pasco 700'],1,Pasco 700,-32.9605407,-60.6358556,55.0,538.0,Municipio Rosario,Municipio,Rosario,820210,Servicio de Catastro e Información Territorial,IGN
2017,1334,2017-03-15,Miercoles,0.0,9:30:00,,0.0,2,"Automóvil,Automóvil",Bv. 27 De Febrero Y Necochea,2,1,0,0,1,0,0,,Calle,,ROSARIO,Rosario,Asfalto,No existe,II,Dentro,Urbana,S/D,S/D,Recta,Bueno,Buena,Diurna,Buen Tiempo,S/D,S/D,Colisión,Ninguna,S/D,S/D,Sin restricción,POINT (-60.6294936 -32.9701003),"['27 de Febrero', 'Necochea']",2,Bulevar 27 de Febrero; Necochea,-32.9701003,-60.6294936,55.0,538.0,Municipio Rosario,Municipio,Rosario,820210,Servicio de Catastro e Información Territorial,IGN
2017,1335,2017-03-14,Martes,0.0,14:05:00,,0.0,2,"Automóvil,Moto/Ciclomotor",L.N.Alem Y Riobamba,2,1,0,0,1,0,0,,Calle,,ROSARIO,Rosario,Asfalto,No existe,II,Dentro,Urbana,S/D,S/D,Intersección,Bueno,Buena,Diurna,Buen Tiempo,S/D,S/D,Colisión,Ninguna,S/D,S/D,Sin restricción,POINT (-60.6324245 -32.9647893),"['Alem', 'Riobamba']",2,Leandro N. Alem; Riobamba,-32.9647893,-60.6324245,55.0,538.0,Municipio Rosario,Municipio,Rosario,820210,Servicio de Catastro e Información Territorial,IGN
2017,1336,2017-03-25,Sabado,0.0,21:30:00,,0.0,2,"Bicicleta,Taxi/Remis",Av. Pellegrini Y Bv. Oroño,2,1,0,0,1,0,0,,Calle,,ROSARIO,Rosario,Asfalto,S/D,II,Dentro,Urbana,Semáforo,Funciona,Recta,Bueno,Buena,"Nocturna,Con luz artificial",Buen Tiempo,S/D,Ciclista,Atropello,S/D,Vertical,Línea divisoria pintada,Sin restricción,POINT (-60.656023850000004 -32.95457175),"['Pellegrini', 'Bulevar Nicasio Oroño']",2,Avenida Carlos Pellegrini; Bulevar Nicasio Oroño,-32.95457175,-60.65602385,55.0,538.0,Municipio Rosario,Municipio,Rosario,820210,Servicio de Catastro e Información Territorial,IGN
2017,1338,2017-03-03,Viernes,0.0,7:30:00,,0.0,2,"Automóvil,Transporte de Pasajeros Urbano (> 8 asientos)",Paraguay Y Santa Fe,2,1,0,0,1,0,0,,Calle,,ROSARIO,Rosario,Asfalto,Pavimento,II,Dentro,Urbana,Ninguna,No funciona,Intersección,Bueno,Buena,Diurna,Buen Tiempo,De alcance,S/D,Colisión,Ninguna,Vertical,Ninguna,Sin restricción,POINT (-60.643403199999995 -32.9441108),"['Paraguay', 'Santa Fe']",2,Paraguay; Santa Fe,-32.9441108,-60.6434032,55.0,538.0,Municipio Rosario,Municipio,Rosario,820210,Servicio de Catastro e Información Territorial,IGN
2017,1339,2017-03-23,Jueves,0.0,11:50:00,,0.0,2,"Pickup/Utilitario,Bicicleta",Catamarca Y Italia,2,1,0,0,1,0,0,,Calle,,ROSARIO,Rosario,Asfalto,No existe,II,Dentro,Urbana,Ninguna,No existe,Intersección,Bueno,Buena,Diurna,Buen Tiempo,Frontal,Ciclista,Atropello,S/D,Vertical,Ninguna,Sin restricción,POINT (-60.6463986 -32.938878100000004),"['Catamarca', 'Italia']",2,Catamarca; Italia,-32.938878100000004,-60.6463986,55.0,538.0,Municipio Rosario,Municipio,Rosario,820210,Servicio de Catastro e Información Territorial,IGN
2017,1341,2017-03-09,Jueves,0.0,18:35:00,,0.0,1,Transporte de Pasajeros Urbano (> 8 asientos),San Lorenzo Y Av. Corrientes,2,1,0,0,1,0,0,,Calle,,ROSARIO,Rosario,Hormigón,Pavimento,II,Dentro,Urbana,Semáforo,Funciona,Intersección,Bueno,Buena,Diurna,Buen Tiempo,S/D,S/D,Despiste,Ninguna,Vertical,Ninguna,Sin restricción,POINT (-60.64177480000001 -32.9433995),"['San Lorenzo', 'Corrientes']",2,San Lorenzo; Corrientes,-32.9433995,-60.64177480000001,55.0,538.0,Municipio Rosario,Municipio,Rosario,820210,Servicio de Catastro e Información Territorial,IGN
2017,1342,2017-03-09,Jueves,0.0,10:50:00,,0.0,2,"Automóvil,Automóvil",Laprida Y Santa Fe,2,1,0,0,1,0,0,,Calle,,ROSARIO,Rosario,Hormigón,Pavimento,II,Dentro,Urbana,Ninguna,Funciona,Intersección,Bueno,Buena,Diurna,Buen Tiempo,De alcance,S/D,Colisión,Ninguna,Vertical,Ninguna,S/D,POINT (-60.6335764 -32.94663129999999),"['Laprida', 'Santa Fe']",2,Francisco Narciso Laprida; Santa Fe,-32.94663129999999,-60.6335764,55.0,538.0,Municipio Rosario,Municipio,Rosario,820210,Servicio de Catastro e Información Territorial,IGN
2017,1346,2017-03-27,Lunes,0.0,0:45:00,,0.0,2,"Automóvil,Automóvil",Salta Y Pueyrredon,3,1,0,0,2,0,0,,Calle,,ROSARIO,Rosario,Asfalto,Ripio,II,S/D,Urbana,Semáforo,S/D,Recta,Bueno,S/D,Nocturna,Buen Tiempo,S/D,S/D,Colisión,Ninguna,Vertical,Ninguna,S/D,POINT (-60.6556216 -32.93601499999999),"['Salta', 'Pueyrredón']",2,"('Salta', 'Pueyrredón')",-32.93601499999999,-60.6556216,55.0,538.0,Municipio Rosario,Municipio,Rosario,820210,Servicio de Catastro e Información Territorial,IGN
2017,1348,2017-03-23,Jueves,0.0,19:00:00,,0.0,2,"Automóvil,Automóvil",Av. Genova Y Av. Provincias Unidas,4,1,0,0,3,0,0,,Avenida,,ROSARIO,Rosario,Asfalto,No existe,II,S/D,S/D,Semáforo,Funciona,Recta,Bueno,Buena,Atardecer,Buen Tiempo,S/D,S/D,Colisión,Ninguna,Vertical,Barrera de hormigón,Sin restricción,POINT (-60.713807349999996 -32.916028749999995),"['Genova', 'Avenida Provincias Unidas']",2,Avenida Génova; Avenida Provincias Unidas,-32.916028749999995,-60.71380735,55.0,538.0,Municipio Rosario,Municipio,Rosario,820210,Servicio de Catastro e Información Territorial,IGN
2017,1349,2017-03-21,Martes,0.0,22:30:00,,0.0,2,"Automóvil,Automóvil",Junin Y Stephenson,7,3,2,0,2,0,0,,Calle,,ROSARIO,Rosario,Asfalto,S/D,II,S/D,Urbana,S/D,S/D,Intersección,S/D,S/D,Nocturna,S/D,S/D,S/D,Colisión,S/D,S/D,S/D,S/D,POINT (-60.679068900000004 -32.92668009999999),"['Junín', 'Stephenson']",2,Junín; Stephenson,-32.92668009999999,-60.6790689,55.0,538.0,Municipio Rosario,Municipio,Rosario,820210,Servicio de Catastro e Información Territorial,IGN
2017,1350,2017-03-26,Domingo,0.0,10:30:00,,0.0,1,Automóvil,Alberdi Y Velez Sarsfield,3,2,0,0,1,0,0,,Calle,,ROSARIO,Rosario,Asfalto,S/D,II,S/D,Urbana,S/D,S/D,S/D,S/D,S/D,Diurna,S/D,Contra objeto fijo,S/D,Colisión,S/D,S/D,S/D,S/D,POINT (-60.677820800000006 -32.9249456),"['Alberdi', 'Vélez Sarsfield']",2,Avenida Alberdi; Vélez Sarsfield,-32.9249456,-60.677820800000006,55.0,538.0,Municipio Rosario,Municipio,Rosario,820210,Servicio de Catastro e Información Territorial,IGN
2017,1352,2017-03-18,Sabado,0.0,23:30:00,,0.0,2,"Pickup/Utilitario,Moto/Ciclomotor",San Lorenzo Y Lavalle,3,0,1,0,2,0,0,,Calle,,ROSARIO,Rosario,Asfalto,No existe,II,S/D,Urbana,Ninguna,S/D,Intersección,Bueno,S/D,Nocturna,Otro,S/D,S/D,Colisión,Ninguna,S/D,Ninguna,Sin restricción,POINT (-60.6771857 -32.9370405),"['San Lorenzo', 'Lavalle']",2,San Lorenzo; Lavalle,-32.9370405,-60.6771857,55.0,538.0,Municipio Rosario,Municipio,Rosario,820210,Servicio de Catastro e Información Territorial,IGN
2017,1353,2017-03-19,Domingo,0.0,4:30:00,,0.0,2,"Automóvil,Moto/Ciclomotor",Santiago Y Urquiza,3,2,0,0,1,0,0,,Calle,,ROSARIO,Rosario,Asfalto,No existe,II,Dentro,Urbana,S/D,S/D,Recta,S/D,Buena,Nocturna,S/D,S/D,S/D,Colisión,S/D,S/D,S/D,S/D,POINT (-60.6551027 -32.939761499999996),"['Santiago', 'Urquiza']",2,Santiago; Justo José de Urquiza,-32.9397615,-60.6551027,55.0,538.0,Municipio Rosario,Municipio,Rosario,820210,Servicio de Catastro e Información Territorial,IGN
2017,1354,2017-03-15,Miercoles,0.0,10:20:00,,0.0,3,"Transporte de Pasajeros Urbano (> 8 asientos),Pickup/Utilitario,Pickup/Utilitario",Av. Provincias Unidas Y Av. Genova,5,3,0,0,2,0,0,,Avenida,,ROSARIO,Rosario,Asfalto,No existe,II,Dentro,Urbana,Semáforo,Funciona,Recta,Bueno,Buena,Diurna,Lluvia,De alcance,S/D,Colisión,Ninguna,Vertical,Cordón divisorio,Sin restricción,POINT (-60.713807349999996 -32.916028749999995),"['Avenida Provincias Unidas', 'Genova']",2,Avenida Provincias Unidas; Avenida Génova,-32.916028749999995,-60.71380735,55.0,538.0,Municipio Rosario,Municipio,Rosario,820210,Servicio de Catastro e Información Territorial,IGN
2017,1355,2017-03-04,Sabado,0.0,13:20:00,,0.0,2,"Pickup/Utilitario,Moto/Ciclomotor",Mariano Moreno Y Saavedra,3,1,0,1,1,0,0,,Calle,,ROSARIO,Rosario,Asfalto,No existe,II,Dentro,Urbana,Ninguna,No existe,Recta,Bueno,Buena,Diurna,Buen Tiempo,Lateral,S/D,Colisión,Ninguna,Horizontal,Ninguna,Sin restricción,POINT (-60.6584801 -32.9757272),"['Mariano Moreno', 'Saavedra']",2,Mariano Moreno; Saavedra,-32.9757272,-60.6584801,55.0,538.0,Municipio Rosario,Municipio,Rosario,820210,Servicio de Catastro e Información Territorial,IGN
2017,1357,2017-03-24,Viernes,0.0,21:25:00,,0.0,2,"Automóvil,Bicicleta",Necochea Y La Paz,4,1,0,0,3,0,0,,Calle,,ROSARIO,Rosario,Asfalto,No existe,II,Dentro,Urbana,S/D,S/D,Intersección,Bueno,Buena,Nocturna,Buen Tiempo,S/D,Ciclista,Atropello,Ninguna,S/D,S/D,S/D,POINT (-60.6285924 -32.966664399999985),"['Necochea', 'La Paz']",2,Necochea; La Paz,-32.966664399999985,-60.6285924,55.0,538.0,Municipio Rosario,Municipio,Rosario,820210,Servicio de Catastro e Información Territorial,IGN