anio_acci,nro_acci,fecha,desc_dia,fecha_aprox,hora_aprox,desc_ruta,km,cant_participantes,desc_participante,calle_avenida_km,total,heridos_leves,heridos_graves,heridos_gravisimos,ilesos,fallecidos,sin_datos,posicion_XY,desc_tipo_via,desc_ruta_ori,desc_loc,desc_dpto,desc_tipo_calzada,desc_tipo_banquina,desc_unidad_regional,desc_lugar_calzada,desc_zona,desc_prioridad,desc_estado_semaforo,desc_lugar_via,desc_estado_via,desc_estado_visibilidad,desc_luminosidad,desc_estado_clima,desc_tipo_colision,desc_tipo_atropello,desc_tipo_hecho,desc_pres_calzada,desc_senializacion,desc_separacion_via,desc_restriccion,forma_geocod,calle_lista,numero_calles,calles_osm,lat,lon,index_right,gid,fna,gna,nam,in1,fdc,sag
2017,1358,2017-03-11,Sabado,0.0,17:45:00,,0.0,2,"Pickup/Utilitario,Automóvil",Bv. 27 De Febrero Y Ayacucho,3,1,0,0,2,0,0,,Avenida,,ROSARIO,Rosario,Asfalto,No existe,II,Dentro,Urbana,S/D,S/D,Intersección,Bueno,Buena,Diurna,Buen Tiempo,S/D,S/D,Colisión,Ninguna,S/D,S/D,S/D,POINT (-60.6322277 -32.96960704999999),"['27 de Febrero', 'Ayacucho']",2,Bulevar 27 de Febrero; Ayacucho,-32.96960704999999,-60.6322277,55.0,538.0,Municipio Rosario,Municipio,Rosario,820210,Servicio de Catastro e Información Territorial,IGN
2017,1359,2017-03-09,Jueves,0.0,16:30:00,,0.0,2,"Automóvil,Moto/Ciclomotor",San Martin Y Cerrito,3,2,0,0,1,0,0,,Calle,,ROSARIO,Rosario,Asfalto,S/D,II,Dentro,Urbana,Ninguna,S/D,Intersección,Bueno,S/D,Diurna,Buen Tiempo,Lateral,S/D,Colisión,S/D,S/D,Ninguna,S/D,POINT (-60.6405848 -32.96213219999999),"['San Martin', 'Cerrito']",2,José de San Martín; Cerrito,-32.96213219999999,-60.6405848,55.0,538.0,Municipio Rosario,Municipio,Rosario,820210,Servicio de Catastro e Información Territorial,IGN
2017,1360,2017-03-15,Miercoles,0.0,18:45:00,,0.0,2,"Moto/Ciclomotor,Automóvil",Av. Uriburu Y Santiago,3,2,0,0,1,0,0,,Calle,,ROSARIO,Rosario,Asfalto,No existe,II,Dentro,Urbana,Ninguna,No existe,Recta,Bueno,Buena,Diurna,Buen Tiempo,Lateral,S/D,Colisión,Ninguna,"Horizontal,Vertical",Ninguna,Sin restricción,POINT (-60.66820034999999 -32.991376699999996),"['Uriburu', 'Santiago']",2,Avenida José Uriburu; Santiago,-32.9913767,-60.66820034999999,55.0,538.0,Municipio Rosario,Municipio,Rosario,820210,Servicio de Catastro e Información Territorial,IGN
2017,1361,2017-03-13,Lunes,0.0,19:05:00,,0.0,2,"Automóvil,Moto/Ciclomotor",Av. Corrientes Y Dr.Rivas,3,2,0,0,1,0,0,,Calle,,ROSARIO,Rosario,Asfalto,No existe,II,Dentro,Urbana,Ninguna,No existe,Recta,Bueno,Buena,Diurna,Buen Tiempo,Lateral,S/D,Colisión,Ninguna,Horizontal,Ninguna,S/D,POINT (-60.6517384 -32.98292569999999),"['Corrientes', 'Doctor Francisco Riva']",2,Corrientes; Doctor Francisco Riva,-32.98292569999999,-60.6517384,55.0,538.0,Municipio Rosario,Municipio,Rosario,820210,Servicio de Catastro e Información Territorial,IGN
2017,1362,2017-03-11,Sabado,0.0,22:00:00,,0.0,2,"Automóvil,Automóvil",Av. Uriburu Y Pte.Roca,3,1,0,0,2,0,0,,Calle,,ROSARIO,Rosario,Asfalto,No existe,II,Dentro,Urbana,Semáforo,Funciona,Recta,Bueno,Buena,Nocturna,Buen Tiempo,Lateral,S/D,Colisión,S/D,Vertical,Ninguna,Sin restricción,POINT (-60.65665205 -32.9910065),"['Uriburu', 'Roca']",2,Avenida José Uriburu; Presidente Roca,-32.9910065,-60.65665205,55.0,538.0,Municipio Rosario,Municipio,Rosario,820210,Servicio de Catastro e Información Territorial,IGN
2017,1369,2017-03-18,Sabado,0.0,17:30:00,,0.0,2,"Automóvil,Moto/Ciclomotor",Gutenberg Y 3 De Febrero,5,2,0,0,3,0,0,,Calle,,ROSARIO,Rosario,Asfalto,S/D,II,Dentro,Urbana,S/D,S/D,Intersección,S/D,S/D,Diurna,S/D,S/D,S/D,Colisión,S/D,S/D,S/D,S/D,POINT (-60.6888856 -32.943982),"['Gutenberg', '3 de Febrero']",2,Gutenberg; 3 de Febrero,-32.943982,-60.6888856,55.0,538.0,Municipio Rosario,Municipio,Rosario,820210,Servicio de Catastro e Información Territorial,IGN
2017,1370,2017-03-17,Viernes,0.0,21:45:00,,0.0,2,"Moto/Ciclomotor,Automóvil",Montevideo Y Bv. Avellaneda,2,1,0,0,1,0,0,,Avenida,,ROSARIO,Rosario,Asfalto,S/D,II,Dentro,Urbana,S/D,S/D,Intersección,S/D,S/D,Nocturna,S/D,S/D,S/D,Colisión,S/D,S/D,Cordón divisorio,S/D,POINT (-60.68156305 -32.948831999999996),"['Montevideo', 'Avellaneda']",2,Montevideo; Bulevar Nicolás Avellaneda,-32.948832,-60.68156305,55.0,538.0,Municipio Rosario,Municipio,Rosario,820210,Servicio de Catastro e Información Territorial,IGN
2017,1371,2017-03-01,Miercoles,0.0,15:20:00,,0.0,2,"Taxi/Remis,Pickup/Utilitario",E.Zeballos Y Vera Mujica,4,2,0,0,2,0,0,,S/D,,ROSARIO,Rosario,Asfalto,S/D,II,Dentro,Urbana,S/D,S/D,Intersección,S/D,S/D,Diurna,S/D,S/D,S/D,Colisión,S/D,S/D,Cordón divisorio,S/D,POINT (-60.6690626 -32.9498445),"['Zeballos', 'Vera Mujíca']",2,Zeballos; Vera Mujíca,-32.9498445,-60.6690626,55.0,538.0,Municipio Rosario,Municipio,Rosario,820210,Servicio de Catastro e Información Territorial,IGN
2017,1373,2017-03-19,Domingo,0.0,6:30:00,,0.0,2,"Automóvil,Automóvil",Entre Rios Y Tucuman,3,1,0,0,2,0,0,,Calle,,ROSARIO,Rosario,Hormigón,Pavimento,II,Dentro,Rural,Semáforo,Funciona,Intersección,Bueno,Buena,Diurna,Buen Tiempo,De alcance,S/D,Colisión,Ninguna,Vertical,Ninguna,Sin restricción,POINT (-60.63976250000001 -32.94131529999999),"['Entre Ríos', 'Tucumán']",2,Entre Ríos; Tucumán,-32.94131529999999,-60.63976250000001,55.0,538.0,Municipio Rosario,Municipio,Rosario,820210,Servicio de Catastro e Información Territorial,IGN
2017,1383,2017-03-21,Martes,0.0,16:00:00,,0.0,2,"Automóvil,Automóvil",San Luis Y Suipacha,3,2,0,0,1,0,0,,Calle,,ROSARIO,Rosario,Asfalto,S/D,II,Dentro,Urbana,S/D,S/D,Intersección,S/D,Buena,Diurna,Buen Tiempo,Lateral,S/D,Colisión,S/D,S/D,Cordón divisorio,S/D,POINT (-60.664829000000005 -32.94441909999999),"['San Luis', 'Suipacha']",2,San Luis; Suipacha,-32.94441909999999,-60.664829000000005,55.0,538.0,Municipio Rosario,Municipio,Rosario,820210,Servicio de Catastro e Información Territorial,IGN
2017,1384,2017-03-19,Domingo,0.0,,,0.0,2,"Automóvil,Moto/Ciclomotor",Mendoza Y Rio De Janeiro,3,2,0,0,1,0,0,,Calle,,ROSARIO,Rosario,Asfalto,S/D,II,Dentro,Urbana,S/D,S/D,Intersección,S/D,S/D,S/D,S/D,Lateral,S/D,Colisión,S/D,S/D,S/D,S/D,POINT (-60.68179719999999 -32.9439921),"['Mendoza', 'Río de Janeiro']",2,Mendoza; Río de Janeiro,-32.9439921,-60.68179719999999,55.0,538.0,Municipio Rosario,Municipio,Rosario,820210,Servicio de Catastro e Información Territorial,IGN
2017,1385,2017-03-31,Viernes,0.0,14:35:00,,0.0,1,Taxi/Remis,Entre Rios Y 3 De Febrero,3,2,0,0,1,0,0,,Calle,,ROSARIO,Rosario,Asfalto,Pavimento,II,Dentro,Urbana,S/D,S/D,Recta,Bueno,Buena,Diurna,Buen Tiempo,Contra objeto fijo,S/D,Colisión,Ninguna,Horizontal,Cordón divisorio,S/D,POINT (-60.6425086 -32.952261299999996),"['Entre Ríos', '3 de Febrero']",2,Entre Ríos; 3 de Febrero,-32.9522613,-60.6425086,55.0,538.0,Municipio Rosario,Municipio,Rosario,820210,Servicio de Catastro e Información Territorial,IGN
2017,1425,2017-03-27,Lunes,0.0,14:00:00,,0.0,2,"Moto/Ciclomotor,Peatón",Santa Fe Y Mariano Moreno,2,1,0,0,1,0,0,,Calle,,ROSARIO,Rosario,Asfalto,Pavimento,II,Dentro,Urbana,Semáforo,Funciona,Intersección,Bueno,Buena,Diurna,Buen Tiempo,S/D,S/D,Atropello,Ninguna,Horizontal,Cordón divisorio,Sin restricción,POINT (-60.65025920000001 -32.942853299999996),"['Santa Fe', 'Mariano Moreno']",2,Santa Fe; Mariano Moreno,-32.9428533,-60.65025920000001,55.0,538.0,Municipio Rosario,Municipio,Rosario,820210,Servicio de Catastro e Información Territorial,IGN
2017,1427,2017-03-13,Lunes,0.0,15:10:00,,0.0,2,"Peatón,Automóvil",Bv. Oroño Y Madre Cabrini,2,0,1,0,1,0,0,,Avenida,,ROSARIO,Rosario,Asfalto,No existe,II,Dentro,Urbana,Ninguna,Funciona,Intersección,Bueno,Buena,Diurna,Buen Tiempo,S/D,Peatón,Atropello,Ninguna,Vertical,Cordón divisorio,Sin restricción,POINT (-60.66494465000001 -33.00547904999999),"['Bulevar Nicasio Oroño', 'Madre Cabrini']",2,Bulevar Nicasio Oroño; Madre Cabrini,-33.00547904999999,-60.66494465000001,55.0,538.0,Municipio Rosario,Municipio,Rosario,820210,Servicio de Catastro e Información Territorial,IGN
2017,1429,2017-03-15,Miercoles,0.0,,,0.0,2,"Transporte de Pasajeros Urbano (> 8 asientos),Automóvil",Goyena Y Valentin Gomez,3,2,0,0,1,0,0,,Calle,,ROSARIO,Rosario,Asfalto,S/D,II,Dentro,Urbana,Ninguna,S/D,Recta,Bueno,Buena,Diurna,Buen Tiempo,Lateral,S/D,Colisión,S/D,S/D,Ninguna,S/D,POINT (-60.701143800000004 -32.8770416),"['Goyena', 'Valentín Gómez']",2,Pedro Goyena; Valentín Gómez,-32.8770416,-60.7011438,55.0,538.0,Municipio Rosario,Municipio,Rosario,820210,Servicio de Catastro e Información Territorial,IGN
2017,1432,2017-03-17,Viernes,0.0,18:50:00,,0.0,2,"Moto/Ciclomotor,Automóvil",Av. Pellegrini 2100,2,1,0,0,1,0,0,,Avenida,,ROSARIO,Rosario,Asfalto,S/D,II,Dentro,Urbana,Semáforo,Funciona,Rotonda,Bueno,Buena,"Atardecer,Con luz artificial",Buen Tiempo,Lateral,S/D,Colisión,Ninguna,Vertical,Línea divisoria pintada,Sin restricción,"-32.9546765, -60.6544176",['Pellegrini 2100'],1,Pellegrini 2100,-32.9546765,-60.6544176,55.0,538.0,Municipio Rosario,Municipio,Rosario,820210,Servicio de Catastro e Información Territorial,IGN
2017,1434,2017-03-19,Domingo,0.0,19:50:00,,0.0,2,"Moto/Ciclomotor,Automóvil",España Y Av. Ntra.Sra.del Rosario,3,2,0,0,1,0,0,,Avenida,,ROSARIO,Rosario,Asfalto,No existe,II,Dentro,Urbana,Ninguna,No existe,Intersección,Con baches,Buena,Atardecer,Buen Tiempo,Lateral,S/D,Colisión,Ninguna,Faltante,Ninguna,S/D,POINT (-60.657751399999995 -33.000355199999994),"['España', 'Nuestra Señora del Rosario']",2,España; Puente Nuestra Señora del Rosario,-33.000355199999994,-60.6577514,55.0,538.0,Municipio Rosario,Municipio,Rosario,820210,Servicio de Catastro e Información Territorial,IGN
2017,1435,2017-03-14,Martes,0.0,10:00:00,,0.0,2,"Tren,Bicicleta",Buenos Aires Y 3 De Febrero,2,1,0,0,0,0,1,,Calle,,ROSARIO,Rosario,Asfalto,No existe,II,Dentro,Urbana,Ninguna,No existe,Intersección,Bueno,Buena,Diurna,Buen Tiempo,S/D,Ciclista,Atropello,S/D,Faltante,Ninguna,Sin restricción,POINT (-60.63427490000001 -32.9536983),"['Buenos Aires', '3 de Febrero']",2,Buenos Aires; 3 de Febrero,-32.9536983,-60.63427490000001,55.0,538.0,Municipio Rosario,Municipio,Rosario,820210,Servicio de Catastro e Información Territorial,IGN
2017,1436,2017-03-11,Sabado,0.0,11:30:00,,0.0,2,"Automóvil,Automóvil",Ayacucho Y Cochabamba,2,1,0,0,1,0,0,,Calle,,ROSARIO,Rosario,Asfalto,No existe,II,Dentro,Urbana,Ninguna,No existe,Intersección,Bueno,Buena,Diurna,Buen Tiempo,Lateral,S/D,Colisión,S/D,Faltante,Ninguna,Sin restricción,POINT (-60.629923700000006 -32.960460899999994),"['Ayacucho', 'Cochabamba']",2,Ayacucho; Cochabamba,-32.960460899999994,-60.629923700000006,55.0,538.0,Municipio Rosario,Municipio,Rosario,820210,Servicio de Catastro e Información Territorial,IGN
2017,1438,2017-03-04,Sabado,0.0,13:25:00,,0.0,2,"Automóvil,Peatón",Santa Fe Y Paraguay,4,0,1,0,3,0,0,,Calle,,ROSARIO,Rosario,Asfalto,Pavimento,II,Dentro,Urbana,Semáforo,Funciona,Intersección,Bueno,Buena,Diurna,Buen Tiempo,S/D,Peatón,Atropello,Ninguna,Vertical,Cordón divisorio,Sin restricción,POINT (-60.643403199999995 -32.9441108),"['Santa Fe', 'Paraguay']",2,Santa Fe; Paraguay,-32.9441108,-60.6434032,55.0,538.0,Municipio Rosario,Municipio,Rosario,820210,Servicio de Catastro e Información Territorial,IGN
2017,1545,2017-03-23,Jueves,0.0,19:20:00,,0.0,2,"Automóvil,Moto/Ciclomotor",Biedma Y Vera Mujica,3,3,0,0,0,0,0,,Calle,,ROSARIO,Rosario,Asfalto,No existe,II,Dentro,Urbana,Ninguna,No existe,Intersección,Bueno,Buena,Diurna,Buen Tiempo,Lateral,S/D,Colisión,Ninguna,Vertical,Ninguna,Sin restricción,POINT (-60.675737600000005 -32.9762456),"['Coronel Biedma', 'Vera Mujíca']",2,Coronel Biedma; Vera Mujíca,-32.9762456,-60.675737600000005,55.0,538.0,Municipio Rosario,Municipio,Rosario,820210,Servicio de Catastro e Información Territorial,IGN
2017,1547,2017-03-19,Domingo,0.0,8:30:00,,0.0,2,"Automóvil,Taxi/Remis",Av. Corrientes Y Cerrito,5,3,0,0,2,0,0,,Calle,,ROSARIO,Rosario,Asfalto,S/D,II,Dentro,Urbana,Ninguna,S/D,Intersección,Bueno,Buena,Diurna,Buen Tiempo,Lateral,S/D,Colisión,Ninguna,S/D,Ninguna,S/D,POINT (-60.6462178 -32.96111909999998),"['Corrientes', 'Cerrito']",2,Corrientes; Cerrito,-32.96111909999998,-60.6462178,55.0,538.0,Municipio Rosario,Municipio,Rosario,820210,Servicio de Catastro e Información Territorial,IGN
2017,1823,2017-03-01,Miercoles,0.0,20:10:00,,0.0,1,Moto/Ciclomotor,Av. Carlos Colombres 2100,2,1,0,0,1,0,0,,Avenida,,ROSARIO,Rosario,Asfalto,No existe,II,Dentro,Urbana,Ninguna,No existe,Recta,Bueno,Buena,Nocturna,Buen Tiempo,S/D,S/D,Caída ocupante,Ninguna,Horizontal,Cordón divisorio,Sin restricción,"-32.9031772, -60.6813554",['Carlos Colombres 2100'],1,Carlos Colombres 2100,-32.9031772,-60.6813554,55.0,538.0,Municipio Rosario,Municipio,Rosario,820210,Servicio de Catastro e Información Territorial,IGN
2017,1824,2017-03-02,Jueves,0.0,13:50:00,,0.0,2,"Automóvil,Moto/Ciclomotor",Bv. Rondeau Y Baigorria,3,1,0,0,2,0,0,,Avenida,,ROSARIO,Rosario,Asfalto,No existe,II,Dentro,Urbana,Semáforo,Funciona,Intersección,Bueno,Buena,Diurna,Buen Tiempo,Lateral,S/D,Colisión,Ninguna,Horizontal,Cordón divisorio,Sin restricción,POINT (-60.693283075000004 -32.89152782499999),"['Rondeau', 'Baigorria']",2,Bulevar General José Rondeau; Baigorria,-32.89152782499999,-60.693283075,55.0,538.0,Municipio Rosario,Municipio,Rosario,820210,Servicio de Catastro e Información Territorial,IGN
2017,1825,2017-03-02,Jueves,0.0,14:10:00,,0.0,2,"Camión,Bicicleta",Bv. Rondeau Y Gurruchaga,2,1,0,0,1,0,0,,Avenida,,ROSARIO,Rosario,Asfalto,No existe,II,Dentro,Urbana,Semáforo,Funciona,Recta,Bueno,Buena,Diurna,Buen Tiempo,S/D,Ciclista,Atropello,Ninguna,Horizontal,Cordón divisorio,Sin restricción,POINT (-60.68916395 -32.90512564999999),"['Rondeau', 'Gurruchaga']",2,Bulevar General José Rondeau; Gurruchaga,-32.90512564999999,-60.68916395,55.0,538.0,Municipio Rosario,Municipio,Rosario,820210,Servicio de Catastro e Información Territorial,IGN
2017,1826,2017-03-02,Jueves,0.0,20:00:00,,0.0,2,"Moto/Ciclomotor,Moto/Ciclomotor",Comercio Y Av. Casiano Casas,2,1,0,0,1,0,0,,Calle,,ROSARIO,Rosario,Asfalto,No existe,II,Dentro,Urbana,Ninguna,No existe,Intersección,Bueno,Buena,Nocturna,Buen Tiempo,Lateral,S/D,Colisión,Ninguna,Horizontal,Cordón divisorio,Sin restricción,POINT (-60.69773335 -32.90573255),"['Comercio', 'Avenida Casiano Casas']",2,Comercio; Avenida Casiano Casas,-32.90573255,-60.69773335,55.0,538.0,Municipio Rosario,Municipio,Rosario,820210,Servicio de Catastro e Información Territorial,IGN
2017,1827,2017-04-25,Martes,0.0,,,0.0,2,"Peatón,Pickup/Utilitario",Necochea Y La Paz,2,1,0,0,1,0,0,,Calle,,ROSARIO,Rosario,Asfalto,No existe,II,Dentro,Urbana,S/D,S/D,Intersección,Bueno,Buena,S/D,Buen Tiempo,S/D,Peatón,Atropello,Ninguna,S/D,S/D,Sin restricción,POINT (-60.6285924 -32.966664399999985),"['Necochea', 'La Paz']",2,Necochea; La Paz,-32.966664399999985,-60.6285924,55.0,538.0,Municipio Rosario,Municipio,Rosario,820210,Servicio de Catastro e Información Territorial,IGN
2017,1828,2017-04-04,Martes,0.0,16:50:00,,0.0,2,"Moto/Ciclomotor,Pickup/Utilitario",Sarmiento Y Gaboto,3,0,1,0,2,0,0,,Calle,,ROSARIO,Rosario,Asfalto,No existe,II,Dentro,Urbana,Ninguna,No existe,Recta,Bueno,Buena,Diurna,Buen Tiempo,De alcance,S/D,Colisión,Agua,Faltante,Ninguna,Sin restricción,POINT (-60.64492839999999 -32.973346899999996),"['Sarmiento', 'Gaboto']",2,Sarmiento; Gaboto,-32.9733469,-60.64492839999999,55.0,538.0,Municipio Rosario,Municipio,Rosario,820210,Servicio de Catastro e Información Territorial,IGN
2017,1829,2017-04-05,Miercoles,0.0,16:10:00,,0.0,2,"Moto/Ciclomotor,Automóvil",Av. Corrientes Y Sanchez de Bustamante,3,2,0,0,1,0,0,,Calle,,ROSARIO,Rosario,Asfalto,No existe,II,Dentro,Urbana,Ninguna,No existe,Recta,Bueno,Reducida,Nocturna,Buen Tiempo,Lateral,S/D,Colisión,Ninguna,Faltante,Ninguna,Sin restricción,POINT (-60.65327370000001 -33.00215680000001),"['Corrientes', 'Sánchez de Bustamante']",2,Corrientes; Sánchez de Bustamante,-33.00215680000001,-60.65327370000001,55.0,538.0,Municipio Rosario,Municipio,Rosario,820210,Servicio de Catastro e Información Territorial,IGN
2017,1830,2017-04-07,Viernes,0.0,1:55:00,,0.0,1,Moto/Ciclomotor,San Martin Y Pte.Quintana,2,2,0,0,0,0,0,,Calle,,ROSARIO,Rosario,Asfalto,No existe,II,Dentro,Urbana,Ninguna,No existe,Recta,Bueno,Reducida,Nocturna,Buen Tiempo,Contra objeto fijo,S/D,Colisión,Ninguna,Horizontal,Ninguna,Sin restricción,POINT (-60.6450385 -32.982916249999995),"['San Martin', 'Quintana']",2,"('José de San Martín', 'Presidente Quintana')",-32.982916249999995,-60.6450385,55.0,538.0,Municipio Rosario,Municipio,Rosario,820210,Servicio de Catastro e Información Territorial,IGN
2017,1831,2017-03-15,Miercoles,0.0,19:45:00,,0.0,2,"Automóvil,Moto/Ciclomotor",Washington Y Zelaya,2,1,0,0,1,0,0,,Calle,,ROSARIO,Rosario,Asfalto,No existe,II,Dentro,Urbana,Señal Ceda el Paso,No existe,Intersección,Bueno,Buena,Atardecer,Buen Tiempo,Lateral,S/D,Colisión,Ninguna,Horizontal,Ninguna,Sin restricción,POINT (-60.693950400000006 -32.90199580000001),"['Washington', 'Zelaya']",2,Washington; Zelaya,-32.90199580000001,-60.693950400000006,55.0,538.0,Municipio Rosario,Municipio,Rosario,820210,Servicio de Catastro e Información Territorial,IGN
2017,1832,2017-03-18,Sabado,0.0,21:30:00,,0.0,2,"Automóvil,Moto/Ciclomotor",Warnes 1671,2,1,0,0,1,0,0,,Calle,,ROSARIO,Rosario,Asfalto,No existe,II,Dentro,Urbana,Ninguna,No existe,Recta,Bueno,Buena,"Nocturna,Con luz artificial",Buen Tiempo,Frontal,S/D,Colisión,Ninguna,Horizontal,Ninguna,Sin restricción,"-32.897891228571424, -60.69299255714286",['Warnes 1671'],1,Warnes 1671,-32.897891228571424,-60.69299255714286,55.0,538.0,Municipio Rosario,Municipio,Rosario,820210,Servicio de Catastro e Información Territorial,IGN
2017,1833,2017-04-11,Martes,0.0,22:50:00,,0.0,2,"Moto/Ciclomotor,Automóvil",San Martin Y Amenabar,2,1,0,0,1,0,0,,Calle,,ROSARIO,Rosario,Asfalto,No existe,II,Dentro,Urbana,Ninguna,No existe,Intersección,Bueno,Buena,Nocturna,Buen Tiempo,Lateral,S/D,Colisión,Ninguna,"Horizontal,Vertical",Ninguna,Sin restricción,POINT (-60.6431535 -32.972471699999986),"['San Martin', 'Amenabar']",2,"('José de San Martín', 'José de Amenábar')",-32.972471699999986,-60.6431535,55.0,538.0,Municipio Rosario,Municipio,Rosario,820210,Servicio de Catastro e Información Territorial,IGN
2017,1834,2017-04-11,Martes,0.0,10:30:00,,0.0,2,"Moto/Ciclomotor,Taxi/Remis",Bv. Segui Y Mitre,2,1,0,0,1,0,0,,Calle,,ROSARIO,Rosario,Asfalto,S/D,II,Dentro,Urbana,S/D,S/D,Recta,Bueno,Buena,Diurna,S/D,S/D,S/D,Colisión,S/D,S/D,S/D,S/D,POINT (-60.6477426 -32.97883275),"['Bulevar Juan Francisco Seguí', 'Mitre']",2,Bulevar Juan Francisco Seguí; Bartolomé Mitre,-32.97883275,-60.6477426,55.0,538.0,Municipio Rosario,Municipio,Rosario,820210,Servicio de Catastro e Información Territorial,IGN
2017,1835,2017-04-14,Viernes,0.0,20:20:00,,0.0,2,"Automóvil,Automóvil",Entre Rios Y Bv. Segui,3,2,0,0,1,0,0,,Avenida,,ROSARIO,Rosario,Asfalto,S/D,II,Dentro,Urbana,Señal Pare,S/D,Recta,Bueno,Buena,"Nocturna,Con luz artificial",Buen Tiempo,Lateral,S/D,Colisión,Ninguna,S/D,Ninguna,S/D,POINT (-60.6491681 -32.97857979999999),"['Entre Ríos', 'Bulevar Juan Francisco Seguí']",2,Entre Ríos; Bulevar Juan Francisco Seguí,-32.97857979999999,-60.6491681,55.0,538.0,Municipio Rosario,Municipio,Rosario,820210,Servicio de Catastro e Información Territorial,IGN
2017,1836,2017-04-18,Martes,0.0,18:20:00,,0.0,2,"Automóvil,Moto/Ciclomotor",San Martin Y Ayolas,2,1,0,0,1,0,0,,Avenida,,ROSARIO,Rosario,Asfalto,No existe,II,Dentro,Urbana,Ninguna,Funciona,Recta,Bueno,Buena,Diurna,Buen Tiempo,Lateral,S/D,Colisión,Ninguna,"Horizontal,Vertical",Ninguna,S/D,POINT (-60.644083949999995 -32.97709834999999),"['San Martin', 'Ayolas']",2,José de San Martín; Ayolas,-32.97709834999999,-60.64408395,55.0,538.0,Municipio Rosario,Municipio,Rosario,820210,Servicio de Catastro e Información Territorial,IGN
2017,1837,2017-04-21,Viernes,0.0,14:00:00,,0.0,2,"Moto/Ciclomotor,Automóvil",24 De Setiembre Y Callao,2,1,0,0,1,0,0,,Calle,,ROSARIO,Rosario,Asfalto,No existe,II,Dentro,Urbana,Ninguna,No existe,Recta,Bueno,Buena,Diurna,Buen Tiempo,Lateral,S/D,Colisión,Ninguna,Faltante,Ninguna,Sin restricción,POINT (-60.66858870000001 -32.976327999999995),"['24 de Septiembre', 'Callao']",2,24 de Septiembre; Callao,-32.976327999999995,-60.66858870000001,55.0,538.0,Municipio Rosario,Municipio,Rosario,820210,Servicio de Catastro e Información Territorial,IGN
2017,1838,2017-04-24,Lunes,0.0,20:10:00,,0.0,2,"Automóvil,Moto/Ciclomotor",Pje. Labroca Y Balcarce,3,2,0,0,1,0,0,,Calle,,ROSARIO,Rosario,Asfalto,No existe,II,Dentro,Urbana,Ninguna,Funciona,Recta,Bueno,Buena,Nocturna,Buen Tiempo,Lateral,S/D,Colisión,Ninguna,"Horizontal,Vertical",Ninguna,Sin restricción,POINT (-60.658838 -32.97146519999999),"['La Broca', 'Balcarce']",2,La Broca; Balcarce,-32.97146519999999,-60.658838,55.0,538.0,Municipio Rosario,Municipio,Rosario,820210,Servicio de Catastro e Información Territorial,IGN
2017,1839,2017-04-29,Sabado,0.0,13:30:00,,0.0,2,"Automóvil,Moto/Ciclomotor",Milan Y Santiago,2,1,0,0,1,0,0,,Calle,,ROSARIO,Rosario,Asfalto,No existe,II,Dentro,Urbana,Ninguna,No existe,Intersección,Bueno,Buena,Diurna,Buen Tiempo,Lateral,S/D,Colisión,Ninguna,Faltante,Ninguna,Sin restricción,POINT (-60.66716000000001 -32.9873413),"['Milán', 'Santiago']",2,Milán; Santiago,-32.9873413,-60.66716000000001,55.0,538.0,Municipio Rosario,Municipio,Rosario,820210,Servicio de Catastro e Información Territorial,IGN
2017,1840,2017-04-29,Sabado,0.0,13:45:00,,0.0,2,"Automóvil,Moto/Ciclomotor",Paraguay 4700,2,1,0,0,1,0,0,,Calle,,ROSARIO,Rosario,Asfalto,No existe,II,Dentro,Urbana,Ninguna,No existe,Intersección,Bueno,Buena,Diurna,Buen Tiempo,Lateral,S/D,Colisión,Ninguna,Vertical,Ninguna,Sin restricción,"-32.9905313, -60.6552001",['Paraguay 4700'],1,Paraguay 4700,-32.9905313,-60.6552001,55.0,538.0,Municipio Rosario,Municipio,Rosario,820210,Servicio de Catastro e Información Territorial,IGN
2017,1841,2017-04-30,Domingo,0.0,19:30:00,,0.0,2,"Automóvil,Moto/Ciclomotor",Bv. Segui Y Alvear,2,1,0,0,1,0,0,,Avenida,,ROSARIO,Rosario,Asfalto,No existe,II,Dentro,Urbana,Ninguna,No existe,Intersección,Bueno,Buena,Atardecer,Buen Tiempo,Lateral,S/D,Colisión,Ninguna,Vertical,Ninguna,Sin restricción,POINT (-60.662849800000004 -32.97612874999999),"['Bulevar Juan Francisco Seguí', 'Alvear']",2,Bulevar Juan Francisco Seguí; Alvear,-32.97612874999999,-60.6628498,55.0,538.0,Municipio Rosario,Municipio,Rosario,820210,Servicio de Catastro e Información Territorial,IGN
2017,1842,2017-04-04,Martes,0.0,19:05:00,,0.0,2,"Bicicleta,Automóvil",Bv. Segui Y Pte.Roca,2,1,0,0,1,0,0,,Avenida,,ROSARIO,Rosario,Asfalto,No existe,II,Dentro,Urbana,Ninguna,No existe,Recta,Bueno,Buena,Atardecer,Buen Tiempo,S/D,Ciclista,Atropello,Ninguna,Horizontal,Ninguna,S/D,POINT (-60.653334750000006 -32.97782885),"['Bulevar Juan Francisco Seguí', 'Roca']",2,Bulevar Juan Francisco Seguí; Presidente Roca,-32.97782885,-60.653334750000006,55.0,538.0,Municipio Rosario,Municipio,Rosario,820210,Servicio de Catastro e Información Territorial,IGN