anio_acci,nro_acci,fecha,desc_dia,fecha_aprox,hora_aprox,desc_ruta,km,cant_participantes,desc_participante,calle_avenida_km,total,heridos_leves,heridos_graves,heridos_gravisimos,ilesos,fallecidos,sin_datos,posicion_XY,desc_tipo_via,desc_ruta_ori,desc_loc,desc_dpto,desc_tipo_calzada,desc_tipo_banquina,desc_unidad_regional,desc_lugar_calzada,desc_zona,desc_prioridad,desc_estado_semaforo,desc_lugar_via,desc_estado_via,desc_estado_visibilidad,desc_luminosidad,desc_estado_clima,desc_tipo_colision,desc_tipo_atropello,desc_tipo_hecho,desc_pres_calzada,desc_senializacion,desc_separacion_via,desc_restriccion,forma_geocod,calle_lista,numero_calles,calles_osm,lat,lon,index_right,gid,fna,gna,nam,in1,fdc,sag
2017,1843,2017-04-01,Sabado,0.0,19:30:00,,0.0,2,"Moto/Ciclomotor,Automóvil",Gaboto Y Alvear,2,0,1,0,1,0,0,,Calle,,ROSARIO,Rosario,Asfalto,No existe,II,Dentro,Urbana,Ninguna,No existe,Recta,Bueno,Buena,Atardecer,Buen Tiempo,Lateral,S/D,Colisión,Ninguna,S/D,Ninguna,S/D,POINT (-60.6614422 -32.970403299999994),"['Gaboto', 'Alvear']",2,Gaboto; Alvear,-32.970403299999994,-60.6614422,55.0,538.0,Municipio Rosario,Municipio,Rosario,820210,Servicio de Catastro e Información Territorial,IGN
2017,1844,2017-04-01,Sabado,0.0,14:30:00,,0.0,2,"Moto/Ciclomotor,Automóvil",Saavedra Y Pueyrredon,2,1,0,0,1,0,0,,Calle,,ROSARIO,Rosario,Asfalto,No existe,II,Dentro,Urbana,Ninguna,No existe,Recta,Bueno,Buena,Diurna,Buen Tiempo,Lateral,S/D,Colisión,Ninguna,Horizontal,Ninguna,Sin restricción,POINT (-60.66530649999999 -32.974505199999996),"['Saavedra', 'Pueyrredón']",2,Saavedra; Pueyrredón,-32.9745052,-60.66530649999999,55.0,538.0,Municipio Rosario,Municipio,Rosario,820210,Servicio de Catastro e Información Territorial,IGN
2017,1845,2017-04-01,Sabado,0.0,7:55:00,,0.0,2,"Moto/Ciclomotor,Automóvil",Entre Rios Y Centeno,2,1,0,0,1,0,0,,Calle,,ROSARIO,Rosario,Asfalto,No existe,II,Dentro,Urbana,Ninguna,No existe,Recta,Bueno,Buena,Diurna,Buen Tiempo,Lateral,S/D,Colisión,Ninguna,Horizontal,Ninguna,Sin restricción,POINT (-60.650610400000005 -32.9843397),"['Entre Ríos', 'Centeno']",2,Entre Ríos; Coronel Centeno,-32.9843397,-60.650610400000005,55.0,538.0,Municipio Rosario,Municipio,Rosario,820210,Servicio de Catastro e Información Territorial,IGN
2017,1846,2017-04-02,Domingo,0.0,12:40:00,,0.0,2,"Taxi/Remis,Moto/Ciclomotor",Av. Corrientes Y Biedma,2,1,0,0,1,0,0,,Calle,,ROSARIO,Rosario,Asfalto,No existe,II,Dentro,Urbana,Ninguna,No existe,Recta,Bueno,Buena,Diurna,Buen Tiempo,Lateral,S/D,Colisión,Ninguna,Horizontal,Ninguna,Sin restricción,POINT (-60.6511938 -32.9806414),"['Corrientes', 'Coronel Biedma']",2,Corrientes; Coronel Biedma,-32.9806414,-60.6511938,55.0,538.0,Municipio Rosario,Municipio,Rosario,820210,Servicio de Catastro e Información Territorial,IGN
2017,1847,2017-04-24,Lunes,0.0,12:40:00,,0.0,2,"Moto/Ciclomotor,Automóvil",Ricardo Gutierrez ,2,0,1,0,1,0,0,,Calle,,ROSARIO,Rosario,Asfalto,Pavimento,II,Dentro,Urbana,Ninguna,No existe,Intersección,Bueno,Buena,Diurna,Buen Tiempo,Lateral,S/D,Colisión,Ninguna,Faltante,Barrera de hormigón,S/D,"-32.8798071, -60.6887123",['Ricardo Gutierrez'],1,Ricardo Gutierrez,-32.8798071,-60.6887123,55.0,538.0,Municipio Rosario,Municipio,Rosario,820210,Servicio de Catastro e Información Territorial,IGN
2017,1848,2017-04-16,Domingo,0.0,2:00:00,,0.0,2,"Moto/Ciclomotor,Automóvil",Ayacucho Y Reg.11 de Infanteria,2,1,0,0,1,0,0,,Calle,,ROSARIO,Rosario,Asfalto,Pavimento,II,Dentro,Urbana,Ninguna,Intermitente,Intersección,Bueno,Buena,Nocturna,Buen Tiempo,Lateral,S/D,Colisión,S/D,S/D,Barrera de hormigón,Sin restricción,POINT (-60.6364342 -32.9984412),"['Ayacucho', 'Regimiento 11']",2,Ayacucho; Regimiento 11,-32.9984412,-60.6364342,55.0,538.0,Municipio Rosario,Municipio,Rosario,820210,Servicio de Catastro e Información Territorial,IGN
2017,1850,2017-04-07,Viernes,0.0,10:55:00,,0.0,2,"Moto/Ciclomotor,Automóvil",Av. Uriburu ,2,1,0,0,1,0,0,,Calle,,ROSARIO,Rosario,Asfalto,No existe,II,Dentro,Urbana,Ninguna,No existe,Intersección,Bueno,Buena,Diurna,Buen Tiempo,Lateral,S/D,Colisión,Ninguna,Faltante,Ninguna,Sin restricción,"-32.995369100000005, -60.693576086643915",['Uriburu'],1,Uriburu,-32.995369100000005,-60.69357608664392,55.0,538.0,Municipio Rosario,Municipio,Rosario,820210,Servicio de Catastro e Información Territorial,IGN
2017,1851,2017-04-03,Lunes,0.0,20:00:00,,0.0,2,"Automóvil,Automóvil",Av. Uriburu 100,2,1,0,0,1,0,0,,Calle,,ROSARIO,Rosario,Asfalto,No existe,II,Dentro,Urbana,Ninguna,No existe,Intersección,Bueno,Buena,Nocturna,Buen Tiempo,Lateral,S/D,Colisión,Ninguna,Faltante,Barrera de hormigón,Sin restricción,"-32.9902039, -60.6347093",['Uriburu 100'],1,Uriburu 100,-32.9902039,-60.6347093,55.0,538.0,Municipio Rosario,Municipio,Rosario,820210,Servicio de Catastro e Información Territorial,IGN
2017,1852,2017-04-05,Miercoles,0.0,10:30:00,,0.0,2,"Automóvil,Bicicleta",Tucuman 3200,2,1,0,0,1,0,0,,Calle,,ROSARIO,Rosario,S/D,No existe,II,Dentro,Urbana,Ninguna,No existe,Recta,S/D,Buena,Diurna,Buen Tiempo,S/D,Ciclista,Atropello,S/D,Faltante,Ninguna,Sin restricción,"-32.9366115, -60.6656027",['Tucuman 3200'],1,Tucuman 3200,-32.9366115,-60.6656027,55.0,538.0,Municipio Rosario,Municipio,Rosario,820210,Servicio de Catastro e Información Territorial,IGN
2017,1853,2017-04-08,Sabado,0.0,1:30:00,,0.0,2,"Automóvil,Moto/Ciclomotor",3 De Febrero 3800,2,1,0,0,1,0,0,,Calle,,ROSARIO,Rosario,S/D,No existe,II,Dentro,Urbana,Ninguna,No existe,Recta,S/D,Buena,Nocturna,Buen Tiempo,S/D,S/D,Colisión,S/D,S/D,Ninguna,Sin restricción,"-32.9461713, -60.676515",['3 De Febrero 3800'],1,3 De Febrero 3800,-32.9461713,-60.676515,55.0,538.0,Municipio Rosario,Municipio,Rosario,820210,Servicio de Catastro e Información Territorial,IGN
2017,1854,2017-04-08,Sabado,0.0,17:15:00,,0.0,2,"Automóvil,Automóvil",Urquiza Y Castellanos,3,1,0,0,2,0,0,,Calle,,ROSARIO,Rosario,Asfalto,No existe,II,Dentro,Urbana,Ninguna,No existe,Recta,Bueno,Buena,Diurna,Buen Tiempo,S/D,S/D,Colisión,Ninguna,Faltante,Ninguna,Sin restricción,POINT (-60.6741775 -32.9363611),"['Urquiza', 'Aaron Castellanos']",2,Justo José de Urquiza; Aaron Castellanos,-32.9363611,-60.6741775,55.0,538.0,Municipio Rosario,Municipio,Rosario,820210,Servicio de Catastro e Información Territorial,IGN
2017,1855,2017-04-22,Sabado,0.0,8:50:00,,0.0,2,"Automóvil,Moto/Ciclomotor",Santa Fe Y Pueyrredon,3,1,1,0,1,0,0,,Calle,,ROSARIO,Rosario,Asfalto,No existe,II,Dentro,Urbana,Ninguna,Funciona,Recta,Bueno,Buena,Diurna,Buen Tiempo,S/D,S/D,Colisión,Ninguna,S/D,Ninguna,Sin restricción,POINT (-60.657033000000006 -32.9416413),"['Santa Fe', 'Pueyrredón']",2,Santa Fe; Pueyrredón,-32.9416413,-60.657033000000006,55.0,538.0,Municipio Rosario,Municipio,Rosario,820210,Servicio de Catastro e Información Territorial,IGN
2017,1856,2017-04-22,Sabado,0.0,13:00:00,,0.0,2,"Automóvil,Moto/Ciclomotor",San Lorenzo Y Cafferata,2,1,0,0,1,0,0,,Calle,,ROSARIO,Rosario,Hormigón,No existe,II,Dentro,Urbana,S/D,S/D,Curva,S/D,Buena,Diurna,Lluvia,S/D,S/D,Colisión,Ninguna,S/D,S/D,Sin restricción,POINT (-60.6703896 -32.938265699999995),"['San Lorenzo', 'Cafferata']",2,San Lorenzo; Cafferata,-32.938265699999995,-60.6703896,55.0,538.0,Municipio Rosario,Municipio,Rosario,820210,Servicio de Catastro e Información Territorial,IGN
2017,1857,2017-04-24,Lunes,0.0,21:15:00,,0.0,2,"Automóvil,Moto/Ciclomotor",Av. Ovidio Lagos Y Guemes,2,1,0,0,1,0,0,,Calle,,ROSARIO,Rosario,Asfalto,No existe,II,Dentro,Urbana,Ninguna,S/D,Recta,Bueno,Buena,Nocturna,S/D,S/D,S/D,Colisión,Ninguna,S/D,Ninguna,Sin restricción,POINT (-60.658824900000006 -32.93179409999999),"['Avenida Ovidio Lagos', 'Güemes']",2,Avenida Ovidio Lagos; Güemes,-32.93179409999999,-60.658824900000006,55.0,538.0,Municipio Rosario,Municipio,Rosario,820210,Servicio de Catastro e Información Territorial,IGN
2017,1858,2017-04-27,Jueves,0.0,9:45:00,,0.0,2,"Moto/Ciclomotor,Peatón",Callao Y Urquiza,2,2,0,0,0,0,0,,Calle,,ROSARIO,Rosario,Asfalto,S/D,II,Dentro,Urbana,Ninguna,Funciona,Recta,Bueno,Buena,Diurna,S/D,S/D,Peatón,Atropello,S/D,Faltante,Ninguna,Sin restricción,POINT (-60.65924820000001 -32.93904169999998),"['Callao', 'Urquiza']",2,Callao; Justo José de Urquiza,-32.93904169999998,-60.65924820000001,55.0,538.0,Municipio Rosario,Municipio,Rosario,820210,Servicio de Catastro e Información Territorial,IGN
2017,1859,2017-04-28,Viernes,0.0,13:00:00,,0.0,2,"Moto/Ciclomotor,Taxi/Remis",Santa Fe Y Alsina,2,1,0,0,1,0,0,,Calle,,ROSARIO,Rosario,Asfalto,S/D,II,Dentro,Urbana,Ninguna,S/D,Recta,Bueno,S/D,Diurna,Buen Tiempo,S/D,S/D,Colisión,Ninguna,S/D,Ninguna,Sin restricción,POINT (-60.676048 -32.9382392),"['Santa Fe', 'Alsina']",2,Santa Fe; Alsina,-32.9382392,-60.676048,55.0,538.0,Municipio Rosario,Municipio,Rosario,820210,Servicio de Catastro e Información Territorial,IGN
2017,1861,2017-04-29,Sabado,0.0,14:00:00,,0.0,2,"Bicicleta,Automóvil",Urquiza Y Pueyrredon,2,1,0,0,1,0,0,,Calle,,ROSARIO,Rosario,Asfalto,No existe,II,Dentro,Urbana,Ninguna,S/D,Recta,Bueno,Buena,Diurna,S/D,S/D,Ciclista,Atropello,Ninguna,S/D,Ninguna,Sin restricción,POINT (-60.6564923 -32.9395203),"['Urquiza', 'Pueyrredón']",2,Justo José de Urquiza; Pueyrredón,-32.9395203,-60.6564923,55.0,538.0,Municipio Rosario,Municipio,Rosario,820210,Servicio de Catastro e Información Territorial,IGN
2017,1862,2017-04-30,Domingo,0.0,22:20:00,,0.0,2,"Pickup/Utilitario,Moto/Ciclomotor",Catamarca Y Santiago,2,1,0,0,1,0,0,,Calle,,ROSARIO,Rosario,Asfalto,No existe,II,Dentro,Urbana,Ninguna,No existe,Recta,Bueno,Buena,Diurna,Buen Tiempo,S/D,S/D,Colisión,Ninguna,Faltante,Ninguna,Sin restricción,POINT (-60.6545083 -32.9374004),"['Catamarca', 'Santiago']",2,Catamarca; Santiago,-32.9374004,-60.6545083,55.0,538.0,Municipio Rosario,Municipio,Rosario,820210,Servicio de Catastro e Información Territorial,IGN
2017,1863,2017-04-30,Domingo,0.0,14:50:00,,0.0,2,"Bicicleta,Automóvil",Dorrego Y Rioja,2,1,0,0,1,0,0,,Calle,,ROSARIO,Rosario,Asfalto,Pavimento,II,Dentro,Urbana,Ninguna,No existe,Intersección,Bueno,Buena,Diurna,Buen Tiempo,S/D,Ciclista,Atropello,Ninguna,Horizontal,Cordón divisorio,Sin restricción,POINT (-60.6494744 -32.94562),"['Dorrego', 'Rioja']",2,Manuel Dorrego; Rioja,-32.94562,-60.6494744,55.0,538.0,Municipio Rosario,Municipio,Rosario,820210,Servicio de Catastro e Información Territorial,IGN
2017,1864,2017-04-17,Lunes,0.0,15:20:00,,0.0,2,"Moto/Ciclomotor,Automóvil",3 De Febrero Y Pte.Roca,3,1,0,0,2,0,0,,Calle,,ROSARIO,Rosario,Asfalto,Pavimento,II,Dentro,Urbana,Ninguna,No existe,Intersección,Bueno,Buena,Diurna,Buen Tiempo,Lateral,S/D,Colisión,Ninguna,Horizontal,Ninguna,S/D,POINT (-60.6466869 -32.9515312),"['3 de Febrero', 'Roca']",2,3 de Febrero; Presidente Roca,-32.9515312,-60.6466869,55.0,538.0,Municipio Rosario,Municipio,Rosario,820210,Servicio de Catastro e Información Territorial,IGN
2017,1866,2017-04-30,Domingo,0.0,9:45:00,,0.0,2,"Taxi/Remis,Automóvil",Entre Rios Y Pje. Ricardone,2,1,0,0,1,0,0,,Calle,,ROSARIO,Rosario,Asfalto,Pavimento,II,Dentro,Urbana,Ninguna,No existe,Intersección,Bueno,Buena,Diurna,Buen Tiempo,Lateral,S/D,Colisión,Ninguna,Horizontal,Ninguna,S/D,POINT (-60.641359300000005 -32.94770249999999),"['Entre Ríos', 'Ricardone']",2,Entre Ríos; Ricardone,-32.94770249999999,-60.641359300000005,55.0,538.0,Municipio Rosario,Municipio,Rosario,820210,Servicio de Catastro e Información Territorial,IGN
2017,1868,2017-04-23,Domingo,0.0,7:45:00,,0.0,2,"Moto/Ciclomotor,Moto/Ciclomotor",Santa Fe Y Bv. Oroño,4,4,0,0,0,0,0,,Avenida,,ROSARIO,Rosario,Asfalto,Pavimento,II,Dentro,Urbana,Semáforo,Funciona,Intersección,Bueno,Buena,Diurna,Buen Tiempo,Lateral,S/D,Colisión,Ninguna,Vertical,Cordón divisorio,Sin restricción,POINT (-60.65298555 -32.94236794999999),"['Santa Fe', 'Bulevar Nicasio Oroño']",2,Santa Fe; Bulevar Nicasio Oroño,-32.94236794999999,-60.65298555,55.0,538.0,Municipio Rosario,Municipio,Rosario,820210,Servicio de Catastro e Información Territorial,IGN
2017,1869,2017-04-11,Martes,0.0,11:40:00,,0.0,2,"Moto/Ciclomotor,Otros",Entre Rios Y San Juan,2,1,0,0,0,0,1,,Calle,,ROSARIO,Rosario,Asfalto,Pavimento,II,Dentro,Urbana,Semáforo,Funciona,Intersección,Bueno,Buena,Nocturna,Buen Tiempo,Lateral,S/D,Colisión,Ninguna,Vertical,Cordón divisorio,Sin restricción,POINT (-60.6418515 -32.9496493),"['Entre Ríos', 'San Juan']",2,Entre Ríos; San Juan,-32.9496493,-60.6418515,55.0,538.0,Municipio Rosario,Municipio,Rosario,820210,Servicio de Catastro e Información Territorial,IGN
2017,1871,2017-04-12,Miercoles,0.0,21:50:00,,0.0,2,"Automóvil,Moto/Ciclomotor",Valentin Gomez Y Algarrobo,2,1,0,0,1,0,0,,Calle,,ROSARIO,Rosario,Asfalto,S/D,II,Dentro,Urbana,Ninguna,No existe,Intersección,Bueno,Buena,Nocturna,Buen Tiempo,Lateral,S/D,Colisión,Ninguna,S/D,Ninguna,Sin restricción,POINT (-60.7027281 -32.87167269999998),"['Valentín Gómez', 'Algarrobo']",2,Valentín Gómez; Algarrobo,-32.87167269999998,-60.7027281,55.0,538.0,Municipio Rosario,Municipio,Rosario,820210,Servicio de Catastro e Información Territorial,IGN
2017,1872,2017-04-17,Lunes,0.0,13:40:00,,0.0,2,"Automóvil,Bicicleta",Av. Irigoyen Y Zelaya,2,0,1,0,1,0,0,,Calle,,ROSARIO,Rosario,Asfalto,S/D,II,Dentro,Urbana,Ninguna,No existe,S/D,Bueno,Buena,Diurna,Buen Tiempo,S/D,Ciclista,Atropello,Ninguna,Faltante,Línea divisoria pintada,Sin restricción,POINT (-60.698125999999995 -32.88454930000001),"['Avenida Hipólito Irigoyen', 'Zelaya']",2,Avenida Hipólito Irigoyen; Zelaya,-32.88454930000001,-60.698126,55.0,538.0,Municipio Rosario,Municipio,Rosario,820210,Servicio de Catastro e Información Territorial,IGN
2017,1873,2017-03-24,Viernes,0.0,1:30:00,,0.0,2,"Moto/Ciclomotor,Otros",Cavia 1500,2,1,0,0,0,0,1,,Calle,,ROSARIO,Rosario,Asfalto,No existe,II,Dentro,Urbana,Ninguna,No existe,Recta,Bueno,Buena,"Nocturna,Con luz artificial",Buen Tiempo,De alcance,S/D,Colisión,Ninguna,Horizontal,Ninguna,Sin restricción,"-32.9025781, -60.7081161",['Cavia 1500'],1,Cavia 1500,-32.9025781,-60.7081161,55.0,538.0,Municipio Rosario,Municipio,Rosario,820210,Servicio de Catastro e Información Territorial,IGN
2017,1874,2017-03-26,Domingo,0.0,5:45:00,,0.0,2,"Moto/Ciclomotor,Automóvil",Warnes Y Maciel,2,1,0,0,0,0,1,,Calle,,ROSARIO,Rosario,Asfalto,No existe,II,Dentro,Urbana,Ninguna,No existe,Intersección,Bueno,Buena,Amanecer,Buen Tiempo,Lateral,S/D,Colisión,Ninguna,Horizontal,Ninguna,Sin restricción,POINT (-60.69101450000001 -32.9041154),"['Warnes', 'Maciel']",2,Ignacio Warnes; Maciel,-32.9041154,-60.69101450000001,55.0,538.0,Municipio Rosario,Municipio,Rosario,820210,Servicio de Catastro e Información Territorial,IGN
2017,1881,2017-04-09,Domingo,0.0,3:10:00,,0.0,2,"Moto/Ciclomotor,Otros",Bv. Oroño Y Lamadrid,2,1,0,0,1,0,0,,Calle,,ROSARIO,Rosario,Asfalto,No existe,II,Dentro,Urbana,Semáforo,Funciona,Intersección,Bueno,Buena,"Nocturna,Con luz artificial",Buen Tiempo,Lateral,S/D,Colisión,Ninguna,Vertical,Cordón divisorio,Sin restricción,POINT (-60.66524270000001 -32.9976152),"['Bulevar Nicasio Oroño', 'Lamadrid']",2,Bulevar Nicasio Oroño; Gregorio Aráoz de Lamadrid,-32.9976152,-60.66524270000001,55.0,538.0,Municipio Rosario,Municipio,Rosario,820210,Servicio de Catastro e Información Territorial,IGN
2017,1882,2017-04-02,Domingo,0.0,22:00:00,,0.0,2,"Moto/Ciclomotor,Otros",Mariano Moreno ,2,1,0,0,1,0,0,,Calle,,ROSARIO,Rosario,Asfalto,No existe,II,Dentro,Urbana,Ninguna,No existe,Intersección,Bueno,Buena,"Nocturna,Con luz artificial",Buen Tiempo,Lateral,S/D,Colisión,Ninguna,Faltante,Ninguna,Sin restricción,"-32.9657598, -60.6560186",['Mariano Moreno'],1,Mariano Moreno,-32.9657598,-60.6560186,55.0,538.0,Municipio Rosario,Municipio,Rosario,820210,Servicio de Catastro e Información Territorial,IGN
2017,1883,2017-04-02,Domingo,0.0,21:30:00,,0.0,2,"Moto/Ciclomotor,Automóvil",Av. Battle y Ordoñez Y Italia,2,1,0,0,1,0,0,,Calle,,ROSARIO,Rosario,Asfalto,No existe,II,Dentro,Urbana,Semáforo,Funciona,Intersección,Bueno,Buena,"Nocturna,Con luz artificial",Buen Tiempo,Lateral,S/D,Colisión,Ninguna,Vertical,Cordón divisorio,Sin restricción,POINT (-60.65883935 -33.00917509999999),"['Avenida Battle y Ordoñez', 'Italia']",2,Avenida Battle y Ordoñez; Italia,-33.00917509999999,-60.65883935,55.0,538.0,Municipio Rosario,Municipio,Rosario,820210,Servicio de Catastro e Información Territorial,IGN
2017,1884,2017-03-31,Viernes,0.0,23:50:00,,0.0,2,"Automóvil,Moto/Ciclomotor",Av. Battle y Ordoñez Y Entre Rios,2,0,1,0,1,0,0,,Calle,,ROSARIO,Rosario,Asfalto,Pavimento,II,Dentro,Urbana,Ninguna,No existe,Intersección,Bueno,Buena,Nocturna,Buen Tiempo,S/D,S/D,Colisión,Ninguna,Faltante,Cordón divisorio,Sin restricción,POINT (-60.651645650000006 -33.00894785),"['Avenida Battle y Ordoñez', 'Entre Ríos']",2,Avenida Battle y Ordoñez; Entre Ríos,-33.00894785,-60.651645650000006,55.0,538.0,Municipio Rosario,Municipio,Rosario,820210,Servicio de Catastro e Información Territorial,IGN
2017,1885,2017-04-13,Jueves,0.0,20:00:00,,0.0,2,"Automóvil,Moto/Ciclomotor",Av. Battle y Ordoñez Y Arteaga,2,1,0,0,1,0,0,,Calle,,ROSARIO,Rosario,Asfalto,No existe,II,Dentro,Urbana,Ninguna,No existe,Intersección,Bueno,Buena,Nocturna,Buen Tiempo,S/D,S/D,Colisión,Ninguna,Faltante,Cordón divisorio,Sin restricción,POINT (-60.643511800000006 -33.008776600000004),"['Avenida Battle y Ordoñez', 'Arteaga']",2,Avenida Battle y Ordoñez; Alfredo de Arteaga,-33.008776600000004,-60.643511800000006,55.0,538.0,Municipio Rosario,Municipio,Rosario,820210,Servicio de Catastro e Información Territorial,IGN
2017,1887,2017-04-17,Lunes,0.0,14:30:00,,0.0,2,"Moto/Ciclomotor,Camión c / Acoplado",Pago de los Arroyos Y Blandengues,2,1,0,0,1,0,0,,Calle,,ROSARIO,Rosario,Asfalto,No existe,II,Dentro,Urbana,Ninguna,No existe,Intersección,Bueno,Buena,Diurna,Buen Tiempo,Lateral,S/D,Colisión,Ninguna,Faltante,Ninguna,Sin restricción,POINT (-60.6500168 -33.0140473),"['Pago de los Arroyos', 'Blandengues']",2,Pago de los Arroyos; Blandengues,-33.0140473,-60.6500168,55.0,538.0,Municipio Rosario,Municipio,Rosario,820210,Servicio de Catastro e Información Territorial,IGN
2017,1888,2017-04-19,Miercoles,0.0,9:40:00,,0.0,2,"Automóvil,Moto/Ciclomotor",San Martin Y Khantuta,2,1,0,0,1,0,0,,Calle,,ROSARIO,Rosario,Asfalto,No existe,II,Dentro,Urbana,Semáforo,Funciona,Intersección,Bueno,Buena,Diurna,Buen Tiempo,De alcance,S/D,Colisión,Ninguna,Vertical,Línea divisoria pintada,Sin restricción,POINT (-60.6512752 -33.01204444999999),"['San Martin', 'Khantuta']",2,José de San Martín; Khantuta,-33.01204444999999,-60.6512752,55.0,538.0,Municipio Rosario,Municipio,Rosario,820210,Servicio de Catastro e Información Territorial,IGN
2017,1889,2017-04-22,Sabado,0.0,9:15:00,,0.0,2,"Bicicleta,Automóvil",Av. Corrientes ,2,1,0,0,1,0,0,,Calle,,ROSARIO,Rosario,Asfalto,No existe,II,Dentro,Urbana,Ninguna,No existe,Recta,Bueno,Buena,Diurna,Buen Tiempo,S/D,Ciclista,Atropello,Ninguna,Faltante,Cordón divisorio,Sin restricción,"-32.9565562, -60.6450559",['Corrientes'],1,Corrientes,-32.9565562,-60.6450559,55.0,538.0,Municipio Rosario,Municipio,Rosario,820210,Servicio de Catastro e Información Territorial,IGN
2017,1900,2017-04-04,Martes,0.0,12:30:00,,0.0,2,"Automóvil,Moto/Ciclomotor",Echeverria Bis Y Av. Luis Carballo,2,1,0,0,1,0,0,,Calle,,ROSARIO,Rosario,Asfalto,S/D,II,Dentro,Urbana,Semáforo,Funciona,Intersección,Bueno,Buena,Diurna,Buen Tiempo,S/D,S/D,Colisión,Ninguna,Vertical,Ninguna,S/D,POINT (-60.672244250000006 -32.921920799999995),"['Echeverría', 'Avenida Doctor Luis Cándido Carballo']",2,Echeverría; Avenida Doctor Luis Cándido Carballo,-32.921920799999995,-60.672244250000006,55.0,538.0,Municipio Rosario,Municipio,Rosario,820210,Servicio de Catastro e Información Territorial,IGN
2017,1901,2017-04-07,Viernes,0.0,20:00:00,,0.0,2,"Automóvil,Moto/Ciclomotor",Velez Sarsfield ,2,1,0,0,1,0,0,,Calle,,ROSARIO,Rosario,Asfalto,S/D,II,Dentro,Urbana,Semáforo,Funciona,Intersección,Bueno,Buena,Diurna,Buen Tiempo,S/D,S/D,Colisión,Ninguna,Vertical,Ninguna,S/D,"-32.9262342, -60.7202088",['Vélez Sarsfield'],1,Vélez Sarsfield,-32.9262342,-60.7202088,55.0,538.0,Municipio Rosario,Municipio,Rosario,820210,Servicio de Catastro e Información Territorial,IGN
2017,1903,2017-04-11,Martes,0.0,22:30:00,,0.0,2,"Moto/Ciclomotor,Automóvil",Bahia Blanca Bis Y Pje. De Pinedo,2,1,0,0,1,0,0,,Calle,,ROSARIO,Rosario,Asfalto,No existe,II,Dentro,Urbana,Ninguna,No existe,S/D,Bueno,Buena,Diurna,Buen Tiempo,Lateral,S/D,Colisión,Ninguna,S/D,Ninguna,Sin restricción,POINT (-60.688832600000005 -32.9224082),"['Bahía Blanca', 'Pasaje De Pinedo']",2,Bahía Blanca; Pasaje De Pinedo,-32.9224082,-60.688832600000005,55.0,538.0,Municipio Rosario,Municipio,Rosario,820210,Servicio de Catastro e Información Territorial,IGN
2017,1904,2017-04-11,Martes,0.0,9:10:00,,0.0,2,"Automóvil,Moto/Ciclomotor",Av. Luis Carballo 260,2,1,0,0,1,0,0,,Calle,,ROSARIO,Rosario,Asfalto,S/D,II,Dentro,Urbana,Semáforo,Funciona,S/D,Bueno,Buena,Diurna,S/D,S/D,S/D,Colisión,Ninguna,Vertical,S/D,S/D,"-32.9222628, -60.6852365",['Luis Carballo 260'],1,Luis Carballo 260,-32.9222628,-60.6852365,55.0,538.0,Municipio Rosario,Municipio,Rosario,820210,Servicio de Catastro e Información Territorial,IGN
2017,1905,2017-04-10,Lunes,0.0,12:45:00,,0.0,2,"Automóvil,Automóvil",Junin Y Suiza,2,2,0,0,0,0,0,,Calle,,ROSARIO,Rosario,Asfalto,S/D,II,Dentro,Urbana,Semáforo,Funciona,Intersección,Bueno,Buena,Diurna,Buen Tiempo,Lateral,S/D,Colisión,Ninguna,Vertical,S/D,S/D,POINT (-60.6876273 -32.926874299999994),"['Junín', 'Suiza']",2,Junín; Suiza,-32.926874299999994,-60.6876273,55.0,538.0,Municipio Rosario,Municipio,Rosario,820210,Servicio de Catastro e Información Territorial,IGN
2017,1907,2017-04-04,Martes,0.0,17:25:00,,0.0,2,"Automóvil,Moto/Ciclomotor",Av. Luis Carballo Y Pje. J.M.Estrada Bis,2,1,0,0,1,0,0,,Calle,,ROSARIO,Rosario,Asfalto,Pavimento,II,Dentro,Urbana,Semáforo,Funciona,Intersección,Bueno,Buena,Diurna,S/D,S/D,S/D,Colisión,S/D,Vertical,S/D,S/D,POINT (-60.67689539999999 -32.922036399999996),"['Avenida Doctor Luis Cándido Carballo', 'Estrada']",2,Avenida Doctor Luis Cándido Carballo; Estrada,-32.9220364,-60.67689539999999,55.0,538.0,Municipio Rosario,Municipio,Rosario,820210,Servicio de Catastro e Información Territorial,IGN
2017,1928,2017-04-29,Sabado,0.0,1:00:00,,0.0,2,"Automóvil,Moto/Ciclomotor",Crespo Y Pje. Boman,2,1,0,0,1,0,0,,Calle,,ROSARIO,Rosario,Asfalto,No existe,II,Dentro,Urbana,Ninguna,No existe,Recta,Bueno,Buena,Nocturna,Buen Tiempo,Lateral,S/D,Colisión,Ninguna,S/D,S/D,Sin restricción,POINT (-60.6807172 -32.998834),"['Crespo', 'Boman']",2,Crespo; Boman,-32.998834,-60.6807172,55.0,538.0,Municipio Rosario,Municipio,Rosario,820210,Servicio de Catastro e Información Territorial,IGN