anio_acci,nro_acci,fecha,desc_dia,fecha_aprox,hora_aprox,desc_ruta,km,cant_participantes,desc_participante,calle_avenida_km,total,heridos_leves,heridos_graves,heridos_gravisimos,ilesos,fallecidos,sin_datos,posicion_XY,desc_tipo_via,desc_ruta_ori,desc_loc,desc_dpto,desc_tipo_calzada,desc_tipo_banquina,desc_unidad_regional,desc_lugar_calzada,desc_zona,desc_prioridad,desc_estado_semaforo,desc_lugar_via,desc_estado_via,desc_estado_visibilidad,desc_luminosidad,desc_estado_clima,desc_tipo_colision,desc_tipo_atropello,desc_tipo_hecho,desc_pres_calzada,desc_senializacion,desc_separacion_via,desc_restriccion,forma_geocod,calle_lista,numero_calles,calles_osm,lat,lon,index_right,gid,fna,gna,nam,in1,fdc,sag
2017,1929,2017-04-28,Viernes,0.0,17:10:00,,0.0,2,"Automóvil,Moto/Ciclomotor",Av. Uriburu ,2,1,0,0,1,0,0,,Avenida,,ROSARIO,Rosario,Asfalto,Pavimento,II,Dentro,Urbana,Ninguna,No existe,Intersección,Bueno,Buena,Atardecer,Buen Tiempo,Lateral,S/D,Colisión,Ninguna,S/D,Ninguna,Sin restricción,"-32.995369100000005, -60.693576086643915",['Uriburu'],1,Uriburu,-32.995369100000005,-60.69357608664392,55.0,538.0,Municipio Rosario,Municipio,Rosario,820210,Servicio de Catastro e Información Territorial,IGN
2017,1943,2017-04-25,Martes,0.0,13:30:00,,0.0,2,"Moto/Ciclomotor,Automóvil",Bv. Segui Y Pje. Espinillo,2,1,0,0,1,0,0,,Avenida,,ROSARIO,Rosario,Asfalto,S/D,II,Dentro,Urbana,Ninguna,S/D,Intersección,Bueno,Buena,Diurna,Buen Tiempo,Lateral,S/D,Colisión,Ninguna,S/D,Ninguna,S/D,POINT (-60.69908875 -32.970709400000004),"['Bulevar Juan Francisco Seguí', 'Espinillo']",2,Bulevar Juan Francisco Seguí; Espinillo,-32.970709400000004,-60.69908875,55.0,538.0,Municipio Rosario,Municipio,Rosario,820210,Servicio de Catastro e Información Territorial,IGN
2017,1944,2017-04-06,Jueves,0.0,19:00:00,,0.0,2,"Moto/Ciclomotor,Automóvil",P.L.Funes Y Av. Pte.Peron,2,1,0,0,1,0,0,,Avenida,,ROSARIO,Rosario,Asfalto,S/D,II,Dentro,Urbana,Ninguna,No existe,Intersección,Bueno,Buena,Atardecer,Buen Tiempo,Lateral,S/D,Colisión,Ninguna,S/D,Ninguna,S/D,POINT (-60.703717000000005 -32.9640592),"['Funes', 'Avenida Presidente Perón']",2,Deán Gregorio Funes; Avenida Presidente Perón,-32.9640592,-60.703717000000005,55.0,538.0,Municipio Rosario,Municipio,Rosario,820210,Servicio de Catastro e Información Territorial,IGN
2017,1945,2017-04-28,Viernes,0.0,12:00:00,,0.0,2,"Moto/Ciclomotor,Pickup/Utilitario",Av. Pellegrini Y Pje. Travella,2,1,0,0,1,0,0,,Avenida,,ROSARIO,Rosario,Asfalto,S/D,II,Dentro,Urbana,Ninguna,S/D,Intersección,Bueno,Buena,Diurna,Buen Tiempo,Lateral,S/D,Colisión,Ninguna,S/D,Ninguna,S/D,POINT (-60.7104967 -32.9484905),"['Pellegrini', 'Travella']",2,Avenida Carlos Pellegrini; Travella,-32.9484905,-60.7104967,55.0,538.0,Municipio Rosario,Municipio,Rosario,820210,Servicio de Catastro e Información Territorial,IGN
2017,1946,2017-04-20,Jueves,0.0,13:20:00,,0.0,2,"Automóvil,Pickup/Utilitario",Av. Pellegrini Y F.More,2,1,0,0,1,0,0,,Calle,,ROSARIO,Rosario,S/D,S/D,II,Dentro,Urbana,Ninguna,S/D,Intersección,Otro,Buena,Diurna,Buen Tiempo,Lateral,S/D,Colisión,Ninguna,S/D,Ninguna,Sin restricción,POINT (-60.69342855000001 -32.94809525),"['Pellegrini', 'Felipe Moré']",2,Avenida Carlos Pellegrini; Felipe Moré,-32.94809525,-60.69342855000001,55.0,538.0,Municipio Rosario,Municipio,Rosario,820210,Servicio de Catastro e Información Territorial,IGN
2017,1947,2017-04-17,Lunes,0.0,,,0.0,2,"Moto/Ciclomotor,Automóvil",Bolivia Y Urquiza,2,1,0,0,1,0,0,,Calle,,ROSARIO,Rosario,S/D,S/D,II,Dentro,Urbana,Ninguna,S/D,Intersección,Otro,Buena,S/D,Buen Tiempo,Lateral,S/D,Colisión,Ninguna,S/D,Ninguna,S/D,POINT (-60.71417160000001 -32.93347289999999),"['Bolivia', 'Urquiza']",2,Bolivia; Justo José de Urquiza,-32.93347289999999,-60.71417160000001,55.0,538.0,Municipio Rosario,Municipio,Rosario,820210,Servicio de Catastro e Información Territorial,IGN
2017,1948,2017-04-17,Lunes,0.0,15:00:00,,0.0,2,"Peatón,Vehículo Oficial",Tabare Y Madre Cabrini,2,1,0,0,1,0,0,,Calle,,ROSARIO,Rosario,Asfalto,S/D,II,Dentro,Urbana,Ninguna,S/D,Recta,S/D,Buena,Diurna,Buen Tiempo,Lateral,S/D,Colisión,S/D,S/D,Ninguna,S/D,POINT (-60.6718042 -33.00570789999999),"['Tabare', 'Madre Cabrini']",2,Tabares; Madre Cabrini,-33.00570789999999,-60.6718042,55.0,538.0,Municipio Rosario,Municipio,Rosario,820210,Servicio de Catastro e Información Territorial,IGN
2017,1958,2017-04-28,Viernes,0.0,,,0.0,2,"Moto/Ciclomotor,Automóvil",E.Zeballos Y Lima,3,2,0,0,1,0,0,,Calle,,ROSARIO,Rosario,Asfalto,S/D,II,Dentro,Urbana,S/D,S/D,Intersección,S/D,S/D,S/D,S/D,S/D,S/D,Colisión,S/D,S/D,S/D,S/D,POINT (-60.6853927 -32.9469522),"['Zeballos', 'Lima']",2,Zeballos; Lima,-32.9469522,-60.6853927,55.0,538.0,Municipio Rosario,Municipio,Rosario,820210,Servicio de Catastro e Información Territorial,IGN
2017,1960,2017-04-27,Jueves,0.0,15:50:00,,0.0,2,"Automóvil,Bicicleta",Alsina Y Montevideo,2,1,0,0,1,0,0,,Calle,,ROSARIO,Rosario,Asfalto,S/D,II,Dentro,Urbana,S/D,S/D,Intersección,S/D,S/D,Diurna,S/D,S/D,S/D,Colisión,S/D,S/D,Cordón divisorio,S/D,POINT (-60.6788522 -32.949314199999996),"['Alsina', 'Montevideo']",2,Alsina; Montevideo,-32.9493142,-60.6788522,55.0,538.0,Municipio Rosario,Municipio,Rosario,820210,Servicio de Catastro e Información Territorial,IGN
2017,1963,2017-04-26,Miercoles,0.0,,,0.0,2,"Automóvil,Automóvil",Santiago Y San Luis,3,1,0,0,2,0,0,,Calle,,ROSARIO,Rosario,Asfalto,S/D,II,Dentro,Urbana,S/D,S/D,Intersección,S/D,S/D,S/D,S/D,S/D,S/D,Colisión,S/D,S/D,Cordón divisorio,S/D,POINT (-60.656666 -32.945839899999996),"['Santiago', 'San Luis']",2,Santiago; San Luis,-32.9458399,-60.656666,55.0,538.0,Municipio Rosario,Municipio,Rosario,820210,Servicio de Catastro e Información Territorial,IGN
2017,1970,2017-04-13,Jueves,0.0,10:30:00,,0.0,2,"Bicicleta,Automóvil",Ocampo Y Roullon,2,1,0,0,1,0,0,,Calle,,ROSARIO,Rosario,Asfalto,No existe,II,Dentro,Urbana,Ninguna,No existe,Intersección,Bueno,Reducida,Diurna,Buen Tiempo,S/D,Ciclista,Atropello,Ninguna,Faltante,Ninguna,S/D,POINT (-60.7015468 -32.957738799999994),"['Ocampo', 'Alfredo Rouillón']",2,Ocampo; Alfredo Rouillón,-32.957738799999994,-60.7015468,55.0,538.0,Municipio Rosario,Municipio,Rosario,820210,Servicio de Catastro e Información Territorial,IGN
2017,1971,2017-04-26,Miercoles,0.0,17:20:00,,0.0,2,"Peatón,Automóvil",Lavalle Y San Juan,2,1,0,0,1,0,0,,Calle,,ROSARIO,Rosario,Asfalto,S/D,II,Dentro,Urbana,S/D,S/D,Intersección,Bueno,S/D,Diurna,S/D,S/D,Peatón,Atropello,S/D,S/D,Cordón divisorio,S/D,POINT (-60.6787301 -32.943084500000005),"['Lavalle', 'San Juan']",2,Lavalle; San Juan,-32.943084500000005,-60.6787301,55.0,538.0,Municipio Rosario,Municipio,Rosario,820210,Servicio de Catastro e Información Territorial,IGN
2017,1972,2017-04-26,Miercoles,0.0,16:15:00,,0.0,2,"Transporte de Pasajeros Urbano (> 8 asientos),Camión Chasis",San Nicolas Y San Luis,3,2,0,0,1,0,0,,Calle,,ROSARIO,Rosario,Asfalto,S/D,II,Dentro,Urbana,S/D,S/D,Intersección,S/D,S/D,Diurna,S/D,S/D,S/D,Colisión,S/D,S/D,Cordón divisorio,Sin restricción,POINT (-60.6729863 -32.942945),"['San Nicolás', 'San Luis']",2,San Nicolás; San Luis,-32.942945,-60.6729863,55.0,538.0,Municipio Rosario,Municipio,Rosario,820210,Servicio de Catastro e Información Territorial,IGN
2017,1973,2017-04-23,Domingo,0.0,14:00:00,,0.0,2,"Automóvil,Moto/Ciclomotor",Av. Pellegrini Y Alsina,4,3,0,0,0,0,1,,Calle,,ROSARIO,Rosario,Asfalto,S/D,II,Dentro,Urbana,S/D,S/D,Intersección,S/D,S/D,Diurna,S/D,S/D,S/D,Colisión,S/D,S/D,Cordón divisorio,S/D,POINT (-60.67913495 -32.950431099999996),"['Pellegrini', 'Alsina']",2,Avenida Carlos Pellegrini; Alsina,-32.9504311,-60.67913495,55.0,538.0,Municipio Rosario,Municipio,Rosario,820210,Servicio de Catastro e Información Territorial,IGN
2017,1974,2017-04-13,Jueves,0.0,20:00:00,,0.0,2,"Automóvil,Bicicleta",San Luis Y Santiago,5,1,0,0,4,0,0,,Calle,,ROSARIO,Rosario,Asfalto,S/D,II,Dentro,Urbana,S/D,S/D,Intersección,S/D,Buena,Diurna,S/D,S/D,Ciclista,Atropello,S/D,S/D,Cordón divisorio,S/D,POINT (-60.656666 -32.945839899999996),"['San Luis', 'Santiago']",2,San Luis; Santiago,-32.9458399,-60.656666,55.0,538.0,Municipio Rosario,Municipio,Rosario,820210,Servicio de Catastro e Información Territorial,IGN
2017,1975,2017-04-12,Miercoles,0.0,19:20:00,,0.0,2,"Automóvil,Moto/Ciclomotor",Castellanos Y San Luis,2,1,0,0,1,0,0,,Calle,,ROSARIO,Rosario,Asfalto,S/D,II,Dentro,Urbana,S/D,S/D,Intersección,S/D,Buena,Diurna,S/D,S/D,S/D,Colisión,S/D,S/D,Cordón divisorio,S/D,POINT (-60.675738800000005 -32.942445799999994),"['Aaron Castellanos', 'San Luis']",2,Aaron Castellanos; San Luis,-32.942445799999994,-60.675738800000005,55.0,538.0,Municipio Rosario,Municipio,Rosario,820210,Servicio de Catastro e Información Territorial,IGN
2017,1976,2017-04-12,Miercoles,0.0,,,0.0,2,"Automóvil,Moto/Ciclomotor",Lavalle Y E.Zeballos,2,1,0,0,1,0,0,,Calle,,ROSARIO,Rosario,Asfalto,S/D,II,Dentro,Urbana,S/D,S/D,Intersección,S/D,S/D,Diurna,S/D,S/D,S/D,Colisión,S/D,S/D,Cordón divisorio,S/D,POINT (-60.6799243 -32.94792209999999),"['Lavalle', 'Zeballos']",2,Lavalle; Zeballos,-32.94792209999999,-60.6799243,55.0,538.0,Municipio Rosario,Municipio,Rosario,820210,Servicio de Catastro e Información Territorial,IGN
2017,1977,2017-04-11,Martes,0.0,10:00:00,,0.0,2,"Moto/Ciclomotor,Peatón",Santa Fe Y Bv. Avellaneda,2,1,0,0,1,0,0,,Calle,,ROSARIO,Rosario,Asfalto,S/D,II,Dentro,Urbana,S/D,S/D,Intersección,S/D,S/D,Diurna,S/D,S/D,Peatón,Atropello,S/D,S/D,S/D,S/D,POINT (-60.678825950000004 -32.937741700000004),"['Santa Fe', 'Avellaneda']",2,Santa Fe; Bulevar Nicolás Avellaneda,-32.937741700000004,-60.67882595,55.0,538.0,Municipio Rosario,Municipio,Rosario,820210,Servicio de Catastro e Información Territorial,IGN
2017,1978,2017-04-10,Lunes,0.0,,,0.0,2,"Moto/Ciclomotor,Automóvil",San Nicolas Y San Luis,2,1,0,0,1,0,0,,Calle,,ROSARIO,Rosario,Asfalto,S/D,II,Dentro,Urbana,S/D,S/D,Intersección,S/D,S/D,S/D,S/D,S/D,S/D,Colisión,S/D,S/D,Cordón divisorio,S/D,POINT (-60.6729863 -32.942945),"['San Nicolás', 'San Luis']",2,San Nicolás; San Luis,-32.942945,-60.6729863,55.0,538.0,Municipio Rosario,Municipio,Rosario,820210,Servicio de Catastro e Información Territorial,IGN
2017,1979,2017-04-10,Lunes,0.0,7:20:00,,0.0,2,"Pickup/Utilitario,Moto/Ciclomotor",Montevideo Y Alsina,2,1,0,0,1,0,0,,Calle,,ROSARIO,Rosario,Asfalto,S/D,II,Dentro,Urbana,S/D,S/D,Intersección,S/D,S/D,Diurna,S/D,S/D,S/D,Colisión,S/D,S/D,Cordón divisorio,S/D,POINT (-60.6788522 -32.949314199999996),"['Montevideo', 'Alsina']",2,Montevideo; Alsina,-32.9493142,-60.6788522,55.0,538.0,Municipio Rosario,Municipio,Rosario,820210,Servicio de Catastro e Información Territorial,IGN
2017,1980,2017-04-09,Domingo,0.0,20:29:00,,0.0,2,"Automóvil,Peatón",E.Zeballos Y Av. Corrientes,2,1,0,0,1,0,0,,Calle,,ROSARIO,Rosario,Asfalto,Pavimento,II,Dentro,Urbana,Ninguna,Funciona,Intersección,Bueno,Buena,Diurna,Buen Tiempo,S/D,Peatón,Atropello,S/D,S/D,Cordón divisorio,Sin restricción,POINT (-60.6444742 -32.95427719999999),"['Zeballos', 'Corrientes']",2,Zeballos; Corrientes,-32.95427719999999,-60.6444742,55.0,538.0,Municipio Rosario,Municipio,Rosario,820210,Servicio de Catastro e Información Territorial,IGN
2017,1981,2017-03-24,Viernes,0.0,4:00:00,,0.0,2,"Automóvil,Automóvil",Washington Y Warnes,3,1,0,0,2,0,0,,Calle,,ROSARIO,Rosario,Asfalto,No existe,II,Dentro,Urbana,Señal Pare,No existe,Intersección,Bueno,Buena,Nocturna,Buen Tiempo,Lateral,S/D,Colisión,Ninguna,Horizontal,Ninguna,Sin restricción,POINT (-60.691807 -32.90152369999999),"['Washington', 'Warnes']",2,Washington; Ignacio Warnes,-32.90152369999999,-60.691807,55.0,538.0,Municipio Rosario,Municipio,Rosario,820210,Servicio de Catastro e Información Territorial,IGN
2017,1984,2017-04-03,Lunes,0.0,,,0.0,2,"Otros,Taxi/Remis",3 De Febrero Y Mitre,4,1,0,0,2,0,1,,Calle,,ROSARIO,Rosario,Asfalto,Pavimento,II,Dentro,Urbana,Ninguna,S/D,Recta,Bueno,Buena,Diurna,Buen Tiempo,De alcance,S/D,Colisión,S/D,Horizontal,Cordón divisorio,Sin restricción,POINT (-60.64116020000001 -32.952497),"['3 de Febrero', 'Mitre']",2,3 de Febrero; Bartolomé Mitre,-32.952497,-60.64116020000001,55.0,538.0,Municipio Rosario,Municipio,Rosario,820210,Servicio de Catastro e Información Territorial,IGN
2017,1985,2017-04-03,Lunes,0.0,,,0.0,2,"Moto/Ciclomotor,Automóvil",Sarmiento Y Montevideo,3,1,1,0,1,0,0,,Calle,,ROSARIO,Rosario,Asfalto,Pavimento,II,Dentro,Urbana,S/D,S/D,Intersección,Bueno,Buena,Nocturna,Buen Tiempo,Lateral,S/D,Colisión,Ninguna,S/D,Cordón divisorio,Sin restricción,POINT (-60.64057540000001 -32.9561286),"['Sarmiento', 'Montevideo']",2,Sarmiento; Montevideo,-32.9561286,-60.64057540000001,55.0,538.0,Municipio Rosario,Municipio,Rosario,820210,Servicio de Catastro e Información Territorial,IGN
2017,1986,2017-04-09,Domingo,0.0,1:47:00,,0.0,2,"Otros,Moto/Ciclomotor",Bv. Oroño Y Cordoba,2,1,0,0,0,0,1,,Calle,,ROSARIO,Rosario,Asfalto,Pavimento,II,Dentro,Urbana,Semáforo,Funciona,Intersección,Bueno,Buena,Nocturna,Buen Tiempo,Lateral,S/D,Colisión,Ninguna,Vertical,Cordón divisorio,Sin restricción,POINT (-60.653337 -32.943730650000006),"['Bulevar Nicasio Oroño', 'Córdoba']",2,Bulevar Nicasio Oroño; Córdoba,-32.943730650000006,-60.653337,55.0,538.0,Municipio Rosario,Municipio,Rosario,820210,Servicio de Catastro e Información Territorial,IGN
2017,1987,2017-04-05,Miercoles,0.0,13:10:00,,0.0,2,"Taxi/Remis,Peatón",Rioja Y Italia,2,0,1,0,1,0,0,,Calle,,ROSARIO,Rosario,Asfalto,Pavimento,II,Dentro,Urbana,Marca Vial,No existe,Intersección,Bueno,Buena,Diurna,Buen Tiempo,S/D,Peatón,Atropello,Ninguna,Horizontal,Cordón divisorio,Sin restricción,POINT (-60.6481592 -32.945870500000005),"['Rioja', 'Italia']",2,Rioja; Italia,-32.945870500000005,-60.6481592,55.0,538.0,Municipio Rosario,Municipio,Rosario,820210,Servicio de Catastro e Información Territorial,IGN
2017,1988,2017-04-08,Sabado,0.0,15:22:00,,0.0,2,"Pickup/Utilitario,Moto/Ciclomotor",Pte.Roca Y 3 De Febrero,2,1,0,0,1,0,0,,Calle,,ROSARIO,Rosario,Asfalto,Pavimento,II,Dentro,Urbana,Marca Vial,No existe,Intersección,Bueno,Buena,Diurna,Buen Tiempo,Lateral,S/D,Colisión,Ninguna,Horizontal,Cordón divisorio,Sin restricción,POINT (-60.6466869 -32.9515312),"['Roca', '3 de Febrero']",2,Presidente Roca; 3 de Febrero,-32.9515312,-60.6466869,55.0,538.0,Municipio Rosario,Municipio,Rosario,820210,Servicio de Catastro e Información Territorial,IGN
2017,1989,2017-04-02,Domingo,0.0,2:30:00,,0.0,2,"Taxi/Remis,Moto/Ciclomotor",San Lorenzo Y Paraguay,2,1,0,0,1,0,0,,Calle,,ROSARIO,Rosario,Asfalto,No existe,II,Dentro,Urbana,Ninguna,Funciona,Intersección,Bueno,Buena,Nocturna,Buen Tiempo,S/D,S/D,Colisión,Ninguna,Vertical,Ninguna,Sin restricción,POINT (-60.643162000000004 -32.9431566),"['San Lorenzo', 'Paraguay']",2,San Lorenzo; Paraguay,-32.9431566,-60.643162,55.0,538.0,Municipio Rosario,Municipio,Rosario,820210,Servicio de Catastro e Información Territorial,IGN
2017,1990,2017-04-03,Lunes,0.0,6:30:00,,0.0,2,"Automóvil,Automóvil",Salta Y Italia,3,1,0,0,2,0,0,,Calle,,ROSARIO,Rosario,Asfalto,No existe,II,Dentro,Urbana,Semáforo,No funciona,Intersección,Bueno,Buena,Diurna,Buen Tiempo,De alcance,S/D,Colisión,Ninguna,Vertical,Ninguna,Sin restricción,POINT (-60.6461132 -32.937695999999995),"['Salta', 'Italia']",2,Salta; Italia,-32.937695999999995,-60.6461132,55.0,538.0,Municipio Rosario,Municipio,Rosario,820210,Servicio de Catastro e Información Territorial,IGN
2017,1991,2017-04-20,Jueves,0.0,7:15:00,,0.0,2,"Moto/Ciclomotor,Bicicleta",Grandoli Y Dr.Rivas,2,1,0,0,1,0,0,,Calle,,ROSARIO,Rosario,Asfalto,No existe,II,S/D,Urbana,Ninguna,No existe,Recta,Bueno,Buena,Diurna,Buen Tiempo,S/D,Ciclista,Atropello,Ninguna,Faltante,Ninguna,Sin restricción,POINT (-60.62830819999999 -32.98712985),"['Avenida Abanderado Grandoli', 'Doctor Francisco Riva']",2,Avenida Abanderado Grandoli; Doctor Francisco Riva,-32.98712985,-60.62830819999999,55.0,538.0,Municipio Rosario,Municipio,Rosario,820210,Servicio de Catastro e Información Territorial,IGN
2017,1992,2017-04-19,Miercoles,0.0,14:30:00,,0.0,2,"Moto/Ciclomotor,Peatón",Guiraldes Bis Y Pje. Tafi,2,1,0,0,1,0,0,,Calle,,ROSARIO,Rosario,Asfalto,No existe,II,Dentro,Urbana,Ninguna,No existe,Recta,Bueno,Buena,Diurna,Buen Tiempo,S/D,Peatón,Atropello,Ninguna,Faltante,Ninguna,Sin restricción,POINT (-60.6264657 -32.9863089),"['Güiraldes', 'Tafí']",2,Güiraldes; Tafí,-32.9863089,-60.6264657,55.0,538.0,Municipio Rosario,Municipio,Rosario,820210,Servicio de Catastro e Información Territorial,IGN
2017,1993,2017-04-16,Domingo,0.0,6:10:00,,0.0,2,"Automóvil,Automóvil",Ayacucho Y Biedma,3,3,0,0,0,0,0,,Calle,,ROSARIO,Rosario,Asfalto,No existe,II,Dentro,Urbana,Ninguna,No existe,Intersección,Bueno,Buena,Diurna,Buen Tiempo,S/D,S/D,Colisión,Ninguna,Faltante,Ninguna,Sin restricción,POINT (-60.6358146 -32.9833646),"['Ayacucho', 'Coronel Biedma']",2,Ayacucho; Coronel Biedma,-32.9833646,-60.6358146,55.0,538.0,Municipio Rosario,Municipio,Rosario,820210,Servicio de Catastro e Información Territorial,IGN
2017,1995,2017-04-10,Lunes,0.0,12:05:00,,0.0,2,"Taxi/Remis,Automóvil",Colon Y Dean Funes,3,1,0,0,2,0,0,,Calle,,ROSARIO,Rosario,S/D,No existe,II,Dentro,Urbana,Ninguna,No existe,Intersección,Bueno,Buena,Diurna,Buen Tiempo,S/D,S/D,Colisión,Ninguna,Faltante,Ninguna,Sin restricción,POINT (-60.6328745 -32.9779145),"['Colon', 'Deán Gregorio Funes']",2,Cristóbal Colón; Deán Gregorio Funes,-32.9779145,-60.6328745,55.0,538.0,Municipio Rosario,Municipio,Rosario,820210,Servicio de Catastro e Información Territorial,IGN
2017,1996,2017-04-05,Miercoles,0.0,10:00:00,,0.0,2,"Moto/Ciclomotor,Automóvil",J.M.de Rosas Y 24 De Setiembre,2,1,0,0,1,0,0,,Calle,,ROSARIO,Rosario,Asfalto,No existe,II,Dentro,Urbana,Ninguna,No existe,Intersección,Bueno,Buena,Diurna,Buen Tiempo,Lateral,S/D,Colisión,Ninguna,Faltante,Ninguna,Sin restricción,POINT (-60.6397671 -32.981489700000004),"['De Rosas', '24 de Septiembre']",2,Juan Manuel de Rosas; 24 de Septiembre,-32.981489700000004,-60.6397671,55.0,538.0,Municipio Rosario,Municipio,Rosario,820210,Servicio de Catastro e Información Territorial,IGN
2017,1997,2017-04-02,Domingo,0.0,2:00:00,,0.0,2,"Moto/Ciclomotor,Moto/Ciclomotor",Necochea Y Centeno,4,4,0,0,0,0,0,,Calle,,ROSARIO,Rosario,Asfalto,No existe,II,S/D,Urbana,Ninguna,No existe,Intersección,Bueno,Buena,Nocturna,Buen Tiempo,Lateral,S/D,Colisión,Ninguna,Faltante,Ninguna,Sin restricción,POINT (-60.6338364 -32.98730019999999),"['Necochea', 'Centeno']",2,Necochea; Coronel Centeno,-32.98730019999999,-60.6338364,55.0,538.0,Municipio Rosario,Municipio,Rosario,820210,Servicio de Catastro e Información Territorial,IGN
2017,2000,2017-04-10,Lunes,0.0,18:10:00,,0.0,2,"Automóvil,Bicicleta",Alvear Y Jujuy,2,1,0,0,1,0,0,,Calle,,ROSARIO,Rosario,Asfalto,No existe,II,Dentro,Urbana,Ninguna,No funciona,Intersección,Bueno,Buena,Diurna,Buen Tiempo,S/D,Ciclista,Atropello,Ninguna,Faltante,Ninguna,Sin restricción,POINT (-60.652614400000004 -32.935274099999994),"['Alvear', 'Jujuy']",2,Alvear; Jujuy,-32.935274099999994,-60.6526144,55.0,538.0,Municipio Rosario,Municipio,Rosario,820210,Servicio de Catastro e Información Territorial,IGN
2017,2009,2017-04-17,Lunes,0.0,13:30:00,,0.0,1,Bicicleta,Mendoza 1800,1,1,0,0,0,0,0,,Calle,,ROSARIO,Rosario,Asfalto,Pavimento,II,Dentro,Urbana,Ninguna,No existe,Intersección,Bueno,Buena,Diurna,Buen Tiempo,Contra objeto fijo,S/D,Colisión,Ninguna,Vertical,Ninguna,Sin restricción,"-32.9497783, -60.6490279",['Mendoza 1800'],1,Mendoza 1800,-32.9497783,-60.6490279,55.0,538.0,Municipio Rosario,Municipio,Rosario,820210,Servicio de Catastro e Información Territorial,IGN
2017,2012,2017-04-01,Sabado,0.0,,,0.0,2,"Automóvil,Otros",Castellanos Y Ocampo,2,1,0,0,1,0,0,,Calle,,ROSARIO,Rosario,Asfalto,No existe,II,Dentro,Urbana,Ninguna,S/D,Intersección,Bueno,S/D,Diurna,Buen Tiempo,Lateral,S/D,Colisión,Ninguna,Faltante,Ninguna,S/D,POINT (-60.680089 -32.95987100000001),"['Aaron Castellanos', 'Ocampo']",2,Aaron Castellanos; Ocampo,-32.95987100000001,-60.680089,55.0,538.0,Municipio Rosario,Municipio,Rosario,820210,Servicio de Catastro e Información Territorial,IGN
2017,2013,2017-04-10,Lunes,0.0,,,0.0,2,"Automóvil,Bicicleta",Ituzaingo Y Alsina,2,1,0,0,1,0,0,,Calle,,ROSARIO,Rosario,Asfalto,No existe,II,Dentro,Urbana,Ninguna,No existe,Intersección,Bueno,Buena,S/D,Buen Tiempo,S/D,Ciclista,Atropello,Ninguna,S/D,Ninguna,S/D,POINT (-60.6800085 -32.9538808),"['Ituzaingó', 'Alsina']",2,Ituzaingó; Alsina,-32.9538808,-60.6800085,55.0,538.0,Municipio Rosario,Municipio,Rosario,820210,Servicio de Catastro e Información Territorial,IGN
2017,2017,2017-04-24,Lunes,0.0,18:00:00,,0.0,2,"Automóvil,Moto/Ciclomotor",Cerrito Y Laprida,2,1,0,0,1,0,0,,Calle,,ROSARIO,Rosario,Asfalto,No existe,II,Dentro,Urbana,Ninguna,No existe,Intersección,Bueno,Buena,Diurna,Buen Tiempo,Lateral,S/D,Colisión,Ninguna,S/D,Ninguna,S/D,POINT (-60.63814120000001 -32.962570299999996),"['Cerrito', 'Laprida']",2,Cerrito; Francisco Narciso Laprida,-32.9625703,-60.63814120000001,55.0,538.0,Municipio Rosario,Municipio,Rosario,820210,Servicio de Catastro e Información Territorial,IGN
2017,2018,2017-04-20,Jueves,0.0,9:00:00,,0.0,2,"Automóvil,Automóvil",Bv. 27 De Febrero 100B,3,2,0,0,1,0,0,,Avenida,,ROSARIO,Rosario,Asfalto,No existe,II,Dentro,Urbana,Ninguna,No existe,Intersección,Bueno,Buena,Diurna,Buen Tiempo,Lateral,S/D,Colisión,Ninguna,S/D,Ninguna,Sin restricción,"-32.9648201, -60.6586542",['27 De Febrero 100b'],1,27 De Febrero 100b,-32.9648201,-60.6586542,55.0,538.0,Municipio Rosario,Municipio,Rosario,820210,Servicio de Catastro e Información Territorial,IGN
2017,2019,2017-04-17,Lunes,0.0,13:10:00,,0.0,2,"Moto/Ciclomotor,Automóvil",Pasco Y Maipu,2,1,0,0,1,0,0,,Calle,,ROSARIO,Rosario,Asfalto,No existe,II,Dentro,Urbana,Ninguna,No existe,Intersección,Bueno,Buena,Diurna,Buen Tiempo,Lateral,S/D,Colisión,Ninguna,S/D,Ninguna,S/D,POINT (-60.6387202 -32.960069399999995),"['Pasco', 'Maipú']",2,Pasco; Maipú,-32.960069399999995,-60.6387202,55.0,538.0,Municipio Rosario,Municipio,Rosario,820210,Servicio de Catastro e Información Territorial,IGN
2017,2020,2017-04-16,Domingo,0.0,10:15:00,,0.0,2,"Moto/Ciclomotor,Automóvil",Av. Belgrano 2500,2,0,1,0,1,0,0,,Avenida,,ROSARIO,Rosario,Asfalto,No existe,II,Dentro,Urbana,Ninguna,No existe,Recta,Bueno,Buena,Diurna,Otro,De alcance,S/D,Colisión,Ninguna,S/D,Ninguna,S/D,"-32.9409711, -60.7133596",['Belgrano 2500'],1,Belgrano 2500,-32.9409711,-60.7133596,55.0,538.0,Municipio Rosario,Municipio,Rosario,820210,Servicio de Catastro e Información Territorial,IGN