anio_acci,nro_acci,fecha,desc_dia,fecha_aprox,hora_aprox,desc_ruta,km,cant_participantes,desc_participante,calle_avenida_km,total,heridos_leves,heridos_graves,heridos_gravisimos,ilesos,fallecidos,sin_datos,posicion_XY,desc_tipo_via,desc_ruta_ori,desc_loc,desc_dpto,desc_tipo_calzada,desc_tipo_banquina,desc_unidad_regional,desc_lugar_calzada,desc_zona,desc_prioridad,desc_estado_semaforo,desc_lugar_via,desc_estado_via,desc_estado_visibilidad,desc_luminosidad,desc_estado_clima,desc_tipo_colision,desc_tipo_atropello,desc_tipo_hecho,desc_pres_calzada,desc_senializacion,desc_separacion_via,desc_restriccion,forma_geocod,calle_lista,numero_calles,calles_osm,lat,lon,index_right,gid,fna,gna,nam,in1,fdc,sag
2017,2021,2017-04-06,Jueves,0.0,14:15:00,,0.0,2,"Automóvil,Moto/Ciclomotor",L.N.Alem Y Ituzaingo,2,1,0,0,1,0,0,,Calle,,ROSARIO,Rosario,Asfalto,No existe,II,Dentro,Urbana,Ninguna,No existe,Intersección,Bueno,Buena,Diurna,Buen Tiempo,Lateral,S/D,Colisión,Ninguna,S/D,Ninguna,S/D,POINT (-60.6318472 -32.9624805),"['Alem', 'Ituzaingó']",2,Leandro N. Alem; Ituzaingó,-32.9624805,-60.6318472,55.0,538.0,Municipio Rosario,Municipio,Rosario,820210,Servicio de Catastro e Información Territorial,IGN
2017,2023,2017-04-22,Sabado,0.0,19:45:00,,0.0,2,"Moto/Ciclomotor,Moto/Ciclomotor",Pje. 2103 Y Calle 2106,2,1,0,0,1,0,0,,Calle,,ROSARIO,Rosario,Asfalto,No existe,II,Dentro,Urbana,Ninguna,No existe,Intersección,Bueno,Buena,Nocturna,Buen Tiempo,Lateral,S/D,Colisión,Ninguna,Faltante,Ninguna,Sin restricción,POINT (-60.6873706 -33.01850730000001),"['Caminito', 'Calle 2106']",2,Caminito; Calle 2106,-33.01850730000001,-60.6873706,55.0,538.0,Municipio Rosario,Municipio,Rosario,820210,Servicio de Catastro e Información Territorial,IGN
2017,2059,2017-04-11,Martes,0.0,20:00:00,,0.0,2,"Peatón,Transporte de Pasajeros Urbano (> 8 asientos)",Maipu Y 9 De Julio,2,1,0,0,1,0,0,,Calle,,ROSARIO,Rosario,Asfalto,No existe,II,Dentro,Urbana,Semáforo,Funciona,Intersección,Bueno,Buena,Nocturna,Buen Tiempo,S/D,Peatón,Atropello,Ninguna,Vertical,Ninguna,Sin restricción,POINT (-60.637184000000005 -32.95440359999999),"['Maipú', '9 de Julio']",2,Maipú; 9 de Julio,-32.95440359999999,-60.637184000000005,55.0,538.0,Municipio Rosario,Municipio,Rosario,820210,Servicio de Catastro e Información Territorial,IGN
2017,2060,2017-04-12,Miercoles,0.0,11:30:00,,0.0,2,"Pickup/Utilitario,Bicicleta",Av. Pellegrini 200,2,1,0,0,1,0,0,,Calle,,ROSARIO,Rosario,Asfalto,No existe,II,Dentro,Urbana,Marca Vial,No existe,Recta,Bueno,Buena,Diurna,Buen Tiempo,S/D,Ciclista,Atropello,Ninguna,Faltante,Cordón divisorio,S/D,"-32.9594663, -60.6281002",['Pellegrini 200'],1,Pellegrini 200,-32.9594663,-60.6281002,55.0,538.0,Municipio Rosario,Municipio,Rosario,820210,Servicio de Catastro e Información Territorial,IGN
2017,2061,2017-04-16,Domingo,0.0,17:00:00,,0.0,2,"Automóvil,Automóvil",Italia Y Rioja,2,1,0,0,1,0,0,,Calle,,ROSARIO,Rosario,Asfalto,Pavimento,II,Dentro,Urbana,Ninguna,No existe,Intersección,Bueno,Buena,Diurna,Buen Tiempo,Lateral,S/D,Colisión,Ninguna,Horizontal,Cordón divisorio,Sin restricción,POINT (-60.6481592 -32.945870500000005),"['Italia', 'Rioja']",2,Italia; Rioja,-32.945870500000005,-60.6481592,55.0,538.0,Municipio Rosario,Municipio,Rosario,820210,Servicio de Catastro e Información Territorial,IGN
2017,2062,2017-04-17,Lunes,0.0,18:30:00,,0.0,2,"Taxi/Remis,Peatón",Av. Corrientes Y E.Zeballos,2,1,0,0,1,0,0,,Calle,,ROSARIO,Rosario,Asfalto,Pavimento,II,Dentro,Urbana,Semáforo,Funciona,Intersección,Bueno,Buena,Diurna,Buen Tiempo,S/D,Peatón,Atropello,Ninguna,Vertical,Cordón divisorio,Sin restricción,POINT (-60.6444742 -32.95427719999999),"['Corrientes', 'Zeballos']",2,Corrientes; Zeballos,-32.95427719999999,-60.6444742,55.0,538.0,Municipio Rosario,Municipio,Rosario,820210,Servicio de Catastro e Información Territorial,IGN
2017,2063,2017-04-24,Lunes,0.0,10:30:00,,0.0,2,"Automóvil,Automóvil",Av. Wheelwright Y Dorrego,2,2,0,0,0,0,0,,Calle,,ROSARIO,Rosario,Asfalto,No existe,II,Dentro,Urbana,Semáforo,Funciona,Intersección,Bueno,Buena,Diurna,Buen Tiempo,De alcance,S/D,Colisión,Ninguna,Vertical,Ninguna,Sin restricción,POINT (-60.64646990000001 -32.93362040000001),"['Avenida Guillermo Wheelwright', 'Dorrego']",2,Avenida Guillermo Wheelwright; Manuel Dorrego,-32.93362040000001,-60.64646990000001,55.0,538.0,Municipio Rosario,Municipio,Rosario,820210,Servicio de Catastro e Información Territorial,IGN
2017,2064,2017-04-19,Miercoles,0.0,7:45:00,,0.0,2,"Pickup/Utilitario,Moto/Ciclomotor",Brown Y España,2,1,0,0,1,0,0,,Calle,,ROSARIO,Rosario,Asfalto,No existe,II,Dentro,Urbana,Ninguna,No existe,Intersección,Bueno,Buena,Diurna,Buen Tiempo,Lateral,S/D,Colisión,Ninguna,Faltante,Ninguna,Sin restricción,POINT (-60.6441389 -32.9356143),"['Brown', 'España']",2,Almirante Brown; España,-32.9356143,-60.6441389,55.0,538.0,Municipio Rosario,Municipio,Rosario,820210,Servicio de Catastro e Información Territorial,IGN
2017,2065,2017-04-18,Martes,0.0,13:30:00,,0.0,2,"Moto/Ciclomotor,Pickup/Utilitario",San Lorenzo Y Mitre,2,1,0,0,1,0,0,,Calle,,ROSARIO,Rosario,Asfalto,No existe,II,Dentro,Urbana,Semáforo,Funciona,Intersección,Bueno,Buena,Diurna,Buen Tiempo,De alcance,S/D,Colisión,Ninguna,Vertical,Ninguna,Sin restricción,POINT (-60.6390063 -32.9438873),"['San Lorenzo', 'Mitre']",2,"('San Lorenzo', 'Bartolomé Mitre')",-32.9438873,-60.6390063,55.0,538.0,Municipio Rosario,Municipio,Rosario,820210,Servicio de Catastro e Información Territorial,IGN
2017,2066,2017-04-11,Martes,0.0,12:10:00,,0.0,2,"Taxi/Remis,Peatón",Santa Fe Y Av. Corrientes,2,1,0,0,1,0,0,,Calle,,ROSARIO,Rosario,Asfalto,No existe,II,Dentro,Urbana,Semáforo,Funciona,Intersección,Bueno,Buena,Diurna,Buen Tiempo,S/D,Peatón,Atropello,Ninguna,Vertical,Ninguna,Sin restricción,POINT (-60.6420191 -32.9443578),"['Santa Fe', 'Corrientes']",2,Santa Fe; Corrientes,-32.9443578,-60.6420191,55.0,538.0,Municipio Rosario,Municipio,Rosario,820210,Servicio de Catastro e Información Territorial,IGN
2017,2079,2017-04-01,Sabado,0.0,16:15:00,,0.0,2,"Automóvil,Moto/Ciclomotor",Riobamba Y J.M.de Rosas,3,1,1,0,1,0,0,,Calle,,ROSARIO,Rosario,Asfalto,No existe,II,Dentro,Urbana,Ninguna,S/D,Intersección,Bueno,Buena,Diurna,Buen Tiempo,S/D,S/D,Colisión,Ninguna,S/D,Ninguna,Sin restricción,POINT (-60.635437700000004 -32.964253500000005),"['Riobamba', 'De Rosas']",2,Riobamba; Juan Manuel de Rosas,-32.964253500000005,-60.6354377,55.0,538.0,Municipio Rosario,Municipio,Rosario,820210,Servicio de Catastro e Información Territorial,IGN
2017,2080,2017-04-04,Martes,0.0,8:45:00,,0.0,3,"Automóvil,Peatón,Peatón",Buenos Aires Y Ocampo,3,2,0,0,1,0,0,,Calle,,ROSARIO,Rosario,Asfalto,No existe,II,Dentro,Urbana,S/D,S/D,Intersección,Bueno,Buena,Diurna,Buen Tiempo,S/D,Peatón,Atropello,Ninguna,S/D,S/D,S/D,POINT (-60.637728 -32.9674326),"['Buenos Aires', 'Ocampo']",2,Buenos Aires; Ocampo,-32.9674326,-60.637728,55.0,538.0,Municipio Rosario,Municipio,Rosario,820210,Servicio de Catastro e Información Territorial,IGN
2017,2081,2017-04-07,Viernes,0.0,19:50:00,,0.0,2,"Automóvil,Moto/Ciclomotor",Laprida 1800,4,3,0,0,1,0,0,,Calle,,ROSARIO,Rosario,Asfalto,No existe,II,Dentro,Urbana,Ninguna,S/D,Intersección,Bueno,Buena,Atardecer,Buen Tiempo,Lateral,S/D,Colisión,Ninguna,S/D,Ninguna,Sin restricción,"-32.9590116, -60.637287",['Laprida 1800'],1,Laprida 1800,-32.9590116,-60.637287,55.0,538.0,Municipio Rosario,Municipio,Rosario,820210,Servicio de Catastro e Información Territorial,IGN
2017,2082,2017-04-05,Miercoles,0.0,12:30:00,,0.0,1,Automóvil,Riobamba Y L.N.Alem,3,1,0,0,2,0,0,,Calle,,ROSARIO,Rosario,Asfalto,No existe,II,Dentro,Urbana,Ninguna,S/D,Intersección,Bueno,Buena,Diurna,Buen Tiempo,S/D,S/D,Colisión,Ninguna,S/D,Ninguna,Sin restricción,POINT (-60.6324245 -32.9647893),"['Riobamba', 'Alem']",2,Riobamba; Leandro N. Alem,-32.9647893,-60.6324245,55.0,538.0,Municipio Rosario,Municipio,Rosario,820210,Servicio de Catastro e Información Territorial,IGN
2017,2084,2017-04-17,Lunes,0.0,18:45:00,,0.0,2,"Automóvil,Automóvil",Alvear Y Reg.11 de Infanteria,3,1,0,0,2,0,0,,Calle,,ROSARIO,Rosario,Asfalto,No existe,II,Dentro,Urbana,Ninguna,No existe,Intersección,Bueno,Buena,Atardecer,Buen Tiempo,Lateral,S/D,Colisión,Ninguna,Faltante,Ninguna,Sin restricción,POINT (-60.6663602 -32.99933339999999),"['Alvear', 'Regimiento 11']",2,Alvear; Regimiento 11,-32.99933339999999,-60.6663602,55.0,538.0,Municipio Rosario,Municipio,Rosario,820210,Servicio de Catastro e Información Territorial,IGN
2017,2088,2017-03-17,Viernes,0.0,17:00:00,,0.0,2,"Automóvil,Moto/Ciclomotor",Fraga Y Velez Sarsfield,3,1,0,0,2,0,0,,Calle,,ROSARIO,Rosario,Asfalto,S/D,II,Dentro,Urbana,Ninguna,S/D,Intersección,Bueno,Buena,Diurna,Buen Tiempo,Lateral,S/D,Colisión,S/D,S/D,Barrera de hormigón,Sin restricción,POINT (-60.710862799999994 -32.9259725),"['Fraga', 'Vélez Sarsfield']",2,Rosendo María Fraga; Vélez Sarsfield,-32.9259725,-60.7108628,55.0,538.0,Municipio Rosario,Municipio,Rosario,820210,Servicio de Catastro e Información Territorial,IGN
2017,2089,2017-04-09,Domingo,0.0,14:00:00,,0.0,2,"Automóvil,Moto/Ciclomotor",Alsina Y Cochabamba,3,2,0,0,1,0,0,,Calle,,ROSARIO,Rosario,Asfalto,No existe,II,S/D,Urbana,Ninguna,No existe,Intersección,Bueno,Buena,Diurna,Buen Tiempo,S/D,S/D,Colisión,Ninguna,S/D,Ninguna,Sin restricción,POINT (-60.67942969999999 -32.9515954),"['Alsina', 'Cochabamba']",2,Alsina; Cochabamba,-32.9515954,-60.67942969999999,55.0,538.0,Municipio Rosario,Municipio,Rosario,820210,Servicio de Catastro e Información Territorial,IGN
2017,2107,2017-04-15,Sabado,0.0,19:30:00,,0.0,2,"Automóvil,Moto/Ciclomotor",Velez Sarsfield Y Stephenson,4,1,0,0,3,0,0,,Calle,,ROSARIO,Rosario,Asfalto,S/D,II,Dentro,Urbana,Ninguna,Funciona,Intersección,Bueno,Buena,Diurna,Buen Tiempo,Lateral,S/D,Colisión,Ninguna,S/D,S/D,Sin restricción,POINT (-60.6791276 -32.924979500000006),"['Vélez Sarsfield', 'Stephenson']",2,Vélez Sarsfield; Stephenson,-32.924979500000006,-60.6791276,55.0,538.0,Municipio Rosario,Municipio,Rosario,820210,Servicio de Catastro e Información Territorial,IGN
2017,2161,2017-04-13,Jueves,0.0,13:30:00,,0.0,2,"Automóvil,Moto/Ciclomotor",Av. Luis Carballo Y Velez Sarsfield,4,1,0,0,3,0,0,,Avenida,,ROSARIO,Rosario,Asfalto,S/D,II,Dentro,Urbana,Semáforo,Funciona,Intersección,Bueno,Buena,Diurna,Buen Tiempo,Lateral,S/D,Colisión,Ninguna,S/D,Ninguna,S/D,POINT (-60.66280744999999 -32.924634),"['Avenida Doctor Luis Cándido Carballo', 'Vélez Sarsfield']",2,Avenida Doctor Luis Cándido Carballo; Vélez Sarsfield,-32.924634,-60.66280744999999,55.0,538.0,Municipio Rosario,Municipio,Rosario,820210,Servicio de Catastro e Información Territorial,IGN
2017,2194,2017-04-07,Viernes,0.0,1:10:00,,0.0,2,"Automóvil,Moto/Ciclomotor",Anderson Y Irurtia,3,2,0,0,1,0,0,,Calle,,ROSARIO,Rosario,S/D,S/D,II,Dentro,Urbana,S/D,S/D,Intersección,S/D,S/D,Diurna,S/D,S/D,S/D,Colisión,S/D,S/D,S/D,S/D,POINT (-60.7214276 -32.96689949999999),"['Anderson', 'Irurtia']",2,Anderson; Irurtia,-32.96689949999999,-60.7214276,55.0,538.0,Municipio Rosario,Municipio,Rosario,820210,Servicio de Catastro e Información Territorial,IGN
2017,2257,2017-04-01,Sabado,0.0,9:45:00,,0.0,2,"Automóvil,Moto/Ciclomotor",Jose Ingenieros Y Av. Provincias Unidas,4,2,0,0,2,0,0,,Calle,,ROSARIO,Rosario,Asfalto,No existe,II,Dentro,Urbana,Semáforo,Funciona,Intersección,Bueno,Buena,Diurna,Buen Tiempo,Lateral,S/D,Colisión,Ninguna,Vertical,Cordón divisorio,Sin restricción,POINT (-60.71377375000001 -32.917122899999995),"['José Ingenieros', 'Avenida Provincias Unidas']",2,José Ingenieros; Avenida Provincias Unidas,-32.917122899999995,-60.71377375000001,55.0,538.0,Municipio Rosario,Municipio,Rosario,820210,Servicio de Catastro e Información Territorial,IGN
2017,2258,2017-04-02,Domingo,0.0,9:40:00,,0.0,2,"Moto/Ciclomotor,Automóvil",Campbell Y J.B.Justo,2,0,1,0,1,0,0,,Calle,,ROSARIO,Rosario,Asfalto,No existe,II,Dentro,Urbana,Ninguna,No existe,Recta,Bueno,Buena,Diurna,Buen Tiempo,S/D,S/D,Colisión,Ninguna,Faltante,Ninguna,Sin restricción,POINT (-60.7082703 -32.933306),"['Campbell', 'Justo']",2,"('Campbell', 'Justo José de Urquiza')",-32.933306,-60.7082703,55.0,538.0,Municipio Rosario,Municipio,Rosario,820210,Servicio de Catastro e Información Territorial,IGN
2017,2259,2017-04-03,Lunes,0.0,11:45:00,,0.0,2,"Moto/Ciclomotor,Automóvil",J.B.Justo Y Bolivia,3,2,0,0,1,0,0,,Calle,,ROSARIO,Rosario,Asfalto,No existe,II,Dentro,Urbana,Ninguna,No existe,Recta,Bueno,Buena,Diurna,Buen Tiempo,De alcance,S/D,Colisión,Ninguna,Faltante,Ninguna,Sin restricción,POINT (-60.71417160000001 -32.93347289999999),"['Justo', 'Bolivia']",2,"('Justo José de Urquiza', 'Bolivia')",-32.93347289999999,-60.71417160000001,55.0,538.0,Municipio Rosario,Municipio,Rosario,820210,Servicio de Catastro e Información Territorial,IGN
2017,2260,2017-04-03,Lunes,0.0,18:45:00,,0.0,2,"Peatón,Moto/Ciclomotor",Av. Provincias Unidas Y French,3,2,1,0,0,0,0,,Calle,,ROSARIO,Rosario,Asfalto,No existe,II,Dentro,Urbana,Ninguna,No existe,Recta,Bueno,Buena,Diurna,Buen Tiempo,De alcance,Peatón,Atropello,Ninguna,Faltante,Cordón divisorio,Sin restricción,POINT (-60.7134078 -32.92179325),"['Avenida Provincias Unidas', 'French']",2,Avenida Provincias Unidas; Domingo French,-32.92179325,-60.7134078,55.0,538.0,Municipio Rosario,Municipio,Rosario,820210,Servicio de Catastro e Información Territorial,IGN
2017,2261,2017-04-04,Martes,0.0,12:45:00,,0.0,2,"Moto/Ciclomotor,Moto/Ciclomotor",Av. Provincias Unidas Y French,2,1,0,0,1,0,0,,Calle,,ROSARIO,Rosario,Asfalto,No existe,II,Dentro,Urbana,Ninguna,No existe,Recta,Con baches,Buena,Diurna,Buen Tiempo,S/D,S/D,Colisión,Ninguna,Faltante,Cordón divisorio,Sin restricción,POINT (-60.7134078 -32.92179325),"['Avenida Provincias Unidas', 'French']",2,Avenida Provincias Unidas; Domingo French,-32.92179325,-60.7134078,55.0,538.0,Municipio Rosario,Municipio,Rosario,820210,Servicio de Catastro e Información Territorial,IGN
2017,2263,2017-04-10,Lunes,0.0,17:25:00,,0.0,2,"Moto/Ciclomotor,Automóvil",J.B.Justo Y Bolivia,2,1,0,0,1,0,0,,Calle,,ROSARIO,Rosario,Asfalto,No existe,II,Dentro,Urbana,Ninguna,No existe,Recta,Bueno,Buena,Diurna,Buen Tiempo,S/D,S/D,Colisión,Ninguna,Faltante,Ninguna,Sin restricción,POINT (-60.71417160000001 -32.93347289999999),"['Justo', 'Bolivia']",2,"('Justo José de Urquiza', 'Bolivia')",-32.93347289999999,-60.71417160000001,55.0,538.0,Municipio Rosario,Municipio,Rosario,820210,Servicio de Catastro e Información Territorial,IGN
2017,2264,2017-04-13,Jueves,0.0,9:30:00,,0.0,2,"Bicicleta,Automóvil",J.J.Paso Y Cullen,2,1,0,0,1,0,0,,Calle,,ROSARIO,Rosario,Asfalto,No existe,II,Dentro,Urbana,Semáforo,Funciona,Recta,S/D,Buena,Diurna,Buen Tiempo,De alcance,Ciclista,Atropello,S/D,Vertical,Línea divisoria pintada,Sin restricción,POINT (-60.7097063 -32.92013579999998),"['Paso', 'Cullen']",2,Avenida Juan José Paso; Cullen,-32.92013579999998,-60.7097063,55.0,538.0,Municipio Rosario,Municipio,Rosario,820210,Servicio de Catastro e Información Territorial,IGN
2017,2265,2017-04-13,Jueves,0.0,20:30:00,,0.0,2,"Automóvil,Moto/Ciclomotor",Pje. Pelayo Y Ottone Bis,3,2,0,0,1,0,0,,Calle,,ROSARIO,Rosario,Asfalto,No existe,II,Dentro,Urbana,Ninguna,No existe,Intersección,Bueno,Buena,Nocturna,Buen Tiempo,S/D,S/D,Colisión,Ninguna,Faltante,Ninguna,Sin restricción,POINT (-60.700839 -32.919315),"['Pelayo', 'Ottone']",2,Pelayo; Ottone,-32.919315,-60.700839,55.0,538.0,Municipio Rosario,Municipio,Rosario,820210,Servicio de Catastro e Información Territorial,IGN
2017,2269,2017-04-21,Viernes,0.0,10:00:00,,0.0,2,"Moto/Ciclomotor,Automóvil",San Juan Y Italia,3,1,0,0,2,0,0,,Calle,,ROSARIO,Rosario,Asfalto,Pavimento,II,Dentro,Urbana,Ninguna,No existe,Intersección,Bueno,Buena,Nocturna,Buen Tiempo,Lateral,S/D,Colisión,Ninguna,Horizontal,Cordón divisorio,Sin restricción,POINT (-60.64880240000001 -32.948424),"['San Juan', 'Italia']",2,San Juan; Italia,-32.948424,-60.64880240000001,55.0,538.0,Municipio Rosario,Municipio,Rosario,820210,Servicio de Catastro e Información Territorial,IGN
2017,2270,2017-04-18,Martes,0.0,19:45:00,,0.0,2,"Moto/Ciclomotor,Automóvil",Entre Rios Y Cordoba,6,2,0,0,4,0,0,,Calle,,ROSARIO,Rosario,Asfalto,Pavimento,II,Dentro,Urbana,Ninguna,No existe,Intersección,Bueno,Buena,Diurna,Buen Tiempo,Lateral,S/D,Colisión,Ninguna,Horizontal,Cordón divisorio,Sin restricción,POINT (-60.6409451 -32.94592670000001),"['Entre Ríos', 'Córdoba']",2,Entre Ríos; Córdoba,-32.94592670000001,-60.6409451,55.0,538.0,Municipio Rosario,Municipio,Rosario,820210,Servicio de Catastro e Información Territorial,IGN
2017,2272,2017-04-04,Martes,0.0,,,0.0,2,"Automóvil,Taxi/Remis",Bv. Oroño Y Brown,3,2,0,0,1,0,0,,Calle,,ROSARIO,Rosario,Asfalto,No existe,II,Dentro,Urbana,S/D,No existe,Intersección,Bueno,S/D,S/D,Buen Tiempo,De alcance,S/D,Colisión,Ninguna,Faltante,S/D,S/D,POINT (-60.650931750000005 -32.934415099999995),"['Bulevar Nicasio Oroño', 'Brown']",2,Bulevar Nicasio Oroño; Almirante Brown,-32.934415099999995,-60.650931750000005,55.0,538.0,Municipio Rosario,Municipio,Rosario,820210,Servicio de Catastro e Información Territorial,IGN
2017,2301,2017-05-13,Sabado,0.0,14:30:00,,0.0,2,"Moto/Ciclomotor,Automóvil",Laprida Y Esteban de Luca,2,1,0,0,1,0,0,,Calle,,ROSARIO,Rosario,Asfalto,Pavimento,II,Dentro,Urbana,Ninguna,No existe,Intersección,Bueno,S/D,Diurna,Buen Tiempo,Lateral,S/D,Colisión,Ninguna,Faltante,Barrera de hormigón,Sin restricción,POINT (-60.6462422 -32.99487280000001),"['Laprida', 'Esteban de Luca']",2,Francisco Narciso Laprida; Esteban de Luca,-32.99487280000001,-60.6462422,55.0,538.0,Municipio Rosario,Municipio,Rosario,820210,Servicio de Catastro e Información Territorial,IGN
2017,2302,2017-05-08,Lunes,0.0,9:15:00,,0.0,2,"Moto/Ciclomotor,Automóvil",Grandoli Y Garibaldi,2,1,0,0,1,0,0,,Calle,,ROSARIO,Rosario,Asfalto,Pavimento,II,S/D,Urbana,Ninguna,No existe,Intersección,Bueno,Buena,Diurna,Buen Tiempo,Lateral,S/D,Colisión,Ninguna,S/D,Barrera de hormigón,Sin restricción,POINT (-60.6284414 -32.98951155),"['Avenida Abanderado Grandoli', 'José Garibaldi']",2,Avenida Abanderado Grandoli; José Garibaldi,-32.98951155,-60.6284414,55.0,538.0,Municipio Rosario,Municipio,Rosario,820210,Servicio de Catastro e Información Territorial,IGN
2017,2303,2017-05-04,Jueves,0.0,13:30:00,,0.0,2,"Bicicleta,Automóvil",Sanchez de Bustamante Y Buenos Aires,2,1,0,0,1,0,0,,Calle,,ROSARIO,Rosario,Asfalto,Pavimento,II,Dentro,Urbana,Ninguna,No existe,Intersección,Bueno,Buena,Diurna,Buen Tiempo,S/D,Ciclista,Atropello,Ninguna,Faltante,Barrera de hormigón,Sin restricción,POINT (-60.6449658 -33.00187050000001),"['Sánchez de Bustamante', 'Buenos Aires']",2,Sánchez de Bustamante; Buenos Aires,-33.00187050000001,-60.6449658,55.0,538.0,Municipio Rosario,Municipio,Rosario,820210,Servicio de Catastro e Información Territorial,IGN
2017,2304,2017-05-03,Miercoles,0.0,17:30:00,,0.0,2,"Moto/Ciclomotor,Automóvil",Av. Uriburu Y Chacabuco,2,1,0,0,1,0,0,,Calle,,ROSARIO,Rosario,Asfalto,Pavimento,II,Dentro,Urbana,Ninguna,No existe,Intersección,Bueno,Buena,Diurna,Buen Tiempo,Lateral,S/D,Colisión,Ninguna,Faltante,Ninguna,Sin restricción,POINT (-60.63309790000001 -32.99022999999999),"['Uriburu', 'Chacabuco']",2,Avenida José Uriburu; Chacabuco,-32.99022999999999,-60.63309790000001,55.0,538.0,Municipio Rosario,Municipio,Rosario,820210,Servicio de Catastro e Información Territorial,IGN
2017,2305,2017-05-04,Jueves,0.0,9:15:00,,0.0,2,"Moto/Ciclomotor,Pickup/Utilitario",Mitre Y La Paz,2,1,0,0,1,0,0,,Calle,,ROSARIO,Rosario,Asfalto,No existe,II,Dentro,Urbana,S/D,No existe,Intersección,Bueno,Buena,Diurna,Buen Tiempo,Lateral,S/D,Colisión,Ninguna,S/D,Ninguna,Sin restricción,POINT (-60.6440084 -32.9639253),"['Mitre', 'La Paz']",2,Bartolomé Mitre; La Paz,-32.9639253,-60.6440084,55.0,538.0,Municipio Rosario,Municipio,Rosario,820210,Servicio de Catastro e Información Territorial,IGN
2017,2306,2017-05-04,Jueves,0.0,16:00:00,,0.0,2,"Bicicleta,Pickup/Utilitario",Cerrito Y Pte.Roca,2,1,0,0,1,0,0,,Calle,,ROSARIO,Rosario,Asfalto,S/D,II,Dentro,Urbana,Ninguna,No existe,Intersección,Bueno,Buena,Diurna,Buen Tiempo,S/D,Ciclista,Atropello,Ninguna,S/D,Ninguna,Sin restricción,POINT (-60.64898230000001 -32.96062199999999),"['Cerrito', 'Roca']",2,Cerrito; Presidente Roca,-32.96062199999999,-60.64898230000001,55.0,538.0,Municipio Rosario,Municipio,Rosario,820210,Servicio de Catastro e Información Territorial,IGN
2017,2307,2017-05-06,Sabado,0.0,,,0.0,2,"Automóvil,Automóvil",Av. Pellegrini Y Suipacha,2,1,0,0,1,0,0,,Avenida,,ROSARIO,Rosario,Asfalto,No existe,II,Dentro,Urbana,Semáforo,Funciona,Recta,Bueno,S/D,S/D,Buen Tiempo,De alcance,S/D,Colisión,S/D,Vertical,Cordón divisorio,Sin restricción,POINT (-60.666887849999995 -32.95262544999999),"['Pellegrini', 'Suipacha']",2,Avenida Carlos Pellegrini; Suipacha,-32.95262544999999,-60.66688785,55.0,538.0,Municipio Rosario,Municipio,Rosario,820210,Servicio de Catastro e Información Territorial,IGN
2017,2309,2017-05-11,Jueves,0.0,14:30:00,,0.0,2,"Moto/Ciclomotor,Automóvil",Av. Pellegrini 2100,2,1,0,0,1,0,0,,Calle,,ROSARIO,Rosario,Asfalto,S/D,II,S/D,S/D,Semáforo,Funciona,Rotonda,Bueno,Buena,Diurna,Buen Tiempo,Lateral,S/D,Colisión,Ninguna,Vertical,Cordón divisorio,Sin restricción,"-32.9546765, -60.6544176",['Pellegrini 2100'],1,Pellegrini 2100,-32.9546765,-60.6544176,55.0,538.0,Municipio Rosario,Municipio,Rosario,820210,Servicio de Catastro e Información Territorial,IGN
2017,2310,2017-05-12,Viernes,0.0,12:50:00,,0.0,2,"Moto/Ciclomotor,Automóvil",Cerrito 1600,2,1,0,0,1,0,0,,Calle,,ROSARIO,Rosario,Asfalto,No existe,II,Dentro,Urbana,Ninguna,No existe,Intersección,Bueno,Buena,Diurna,Buen Tiempo,Lateral,S/D,Colisión,Ninguna,Faltante,Ninguna,Sin restricción,"-32.9605637, -60.6487504",['Cerrito 1600'],1,Cerrito 1600,-32.9605637,-60.6487504,55.0,538.0,Municipio Rosario,Municipio,Rosario,820210,Servicio de Catastro e Información Territorial,IGN
2017,2312,2017-05-19,Viernes,0.0,17:20:00,,0.0,2,"Moto/Ciclomotor,Pickup/Utilitario",Sarmiento Y Galvez,2,1,0,0,1,0,0,,Calle,,ROSARIO,Rosario,Asfalto,No existe,II,Dentro,Urbana,Ninguna,No existe,Intersección,Bueno,Buena,Diurna,Buen Tiempo,Lateral,S/D,Colisión,Ninguna,Faltante,Ninguna,Sin restricción,POINT (-60.6437699 -32.968772),"['Sarmiento', 'Galvez']",2,Sarmiento; José Gálvez,-32.968772,-60.6437699,55.0,538.0,Municipio Rosario,Municipio,Rosario,820210,Servicio de Catastro e Información Territorial,IGN
2017,2313,2017-05-20,Sabado,0.0,1:50:00,,0.0,2,"Moto/Ciclomotor,Automóvil",Bv. Oroño Y Virasoro,3,1,0,0,2,0,0,,Avenida,,ROSARIO,Rosario,Asfalto,No existe,II,Dentro,Urbana,Semáforo,Funciona,Intersección,Bueno,Buena,"Nocturna,Con luz artificial",Buen Tiempo,Lateral,S/D,Colisión,Ninguna,Vertical,Cordón divisorio,Sin restricción,POINT (-60.65921435 -32.967215949999996),"['Bulevar Nicasio Oroño', 'Virasoro']",2,Bulevar Nicasio Oroño; Benjamín Virasoro,-32.96721595,-60.65921435,55.0,538.0,Municipio Rosario,Municipio,Rosario,820210,Servicio de Catastro e Información Territorial,IGN