anio_acci,nro_acci,fecha,desc_dia,fecha_aprox,hora_aprox,desc_ruta,km,cant_participantes,desc_participante,calle_avenida_km,total,heridos_leves,heridos_graves,heridos_gravisimos,ilesos,fallecidos,sin_datos,posicion_XY,desc_tipo_via,desc_ruta_ori,desc_loc,desc_dpto,desc_tipo_calzada,desc_tipo_banquina,desc_unidad_regional,desc_lugar_calzada,desc_zona,desc_prioridad,desc_estado_semaforo,desc_lugar_via,desc_estado_via,desc_estado_visibilidad,desc_luminosidad,desc_estado_clima,desc_tipo_colision,desc_tipo_atropello,desc_tipo_hecho,desc_pres_calzada,desc_senializacion,desc_separacion_via,desc_restriccion,forma_geocod,calle_lista,numero_calles,calles_osm,lat,lon,index_right,gid,fna,gna,nam,in1,fdc,sag
2017,2314,2017-05-21,Domingo,0.0,6:10:00,,0.0,4,"Automóvil,Taxi/Remis,Automóvil,Automóvil",Bv. 27 De Febrero 2000,5,4,0,0,1,0,0,,Avenida,,ROSARIO,Rosario,Asfalto,No existe,II,Dentro,Urbana,Semáforo,Funciona,Recta,Bueno,Buena,"Nocturna,Con luz artificial",Buen Tiempo,De alcance,S/D,Colisión,Ninguna,Vertical,Cordón divisorio,Sin restricción,"-32.9650814, -60.6572374",['27 De Febrero 2000'],1,27 De Febrero 2000,-32.9650814,-60.6572374,55.0,538.0,Municipio Rosario,Municipio,Rosario,820210,Servicio de Catastro e Información Territorial,IGN
2017,2315,2017-05-21,Domingo,0.0,10:40:00,,0.0,3,"Moto/Ciclomotor,Automóvil,Automóvil",Av. Pellegrini Y Santiago,3,1,0,0,2,0,0,,Avenida,,ROSARIO,Rosario,Asfalto,No existe,II,Dentro,Urbana,Semáforo,Funciona,Intersección,Bueno,Buena,Diurna,Buen Tiempo,Lateral,S/D,Colisión,Ninguna,Vertical,Cordón divisorio,Sin restricción,POINT (-60.65876355 -32.95408145),"['Pellegrini', 'Santiago']",2,Avenida Carlos Pellegrini; Santiago,-32.95408145,-60.65876355,55.0,538.0,Municipio Rosario,Municipio,Rosario,820210,Servicio de Catastro e Información Territorial,IGN
2017,2316,2017-05-21,Domingo,0.0,14:15:00,,0.0,2,"Moto/Ciclomotor,Automóvil",Bv. Oroño Y Rueda,3,2,0,0,1,0,0,,Calle,,ROSARIO,Rosario,Asfalto,No existe,II,S/D,S/D,Semáforo,Funciona,Intersección,Bueno,Buena,Diurna,Buen Tiempo,Lateral,S/D,Colisión,Ninguna,Vertical,Cordón divisorio,Sin restricción,POINT (-60.65951415 -32.96836919999999),"['Bulevar Nicasio Oroño', 'Rueda']",2,Bulevar Nicasio Oroño; Rueda,-32.96836919999999,-60.65951415,55.0,538.0,Municipio Rosario,Municipio,Rosario,820210,Servicio de Catastro e Información Territorial,IGN
2017,2317,2017-05-24,Miercoles,0.0,23:30:00,,0.0,2,"Moto/Ciclomotor,Taxi/Remis",Av. Pellegrini Y Dorrego,3,1,0,0,2,0,0,,Avenida,,ROSARIO,Rosario,Asfalto,S/D,II,Dentro,Urbana,Semáforo,Funciona,Intersección,Bueno,Buena,"Nocturna,Con luz artificial",Buen Tiempo,Lateral,S/D,Colisión,S/D,Vertical,Cordón divisorio,Sin restricción,POINT (-60.6519337 -32.95532245),"['Pellegrini', 'Dorrego']",2,Avenida Carlos Pellegrini; Manuel Dorrego,-32.95532245,-60.6519337,55.0,538.0,Municipio Rosario,Municipio,Rosario,820210,Servicio de Catastro e Información Territorial,IGN
2017,2318,2017-05-15,Lunes,0.0,11:00:00,,0.0,2,"Bicicleta,Taxi/Remis",Pueyrredon Y Av. Jorge Cura,2,1,0,0,1,0,0,,Calle,,ROSARIO,Rosario,Asfalto,S/D,II,Dentro,Urbana,Ninguna,S/D,Recta,Bueno,Buena,Diurna,Buen Tiempo,S/D,Ciclista,Atropello,Ninguna,S/D,Ninguna,S/D,POINT (-60.664293900000004 -32.970485800000006),"['Pueyrredón', 'Avenida Jorge Cura']",2,Pueyrredón; Avenida Jorge Cura,-32.970485800000006,-60.6642939,55.0,538.0,Municipio Rosario,Municipio,Rosario,820210,Servicio de Catastro e Información Territorial,IGN
2017,2319,2017-05-23,Martes,0.0,19:15:00,,0.0,2,"Automóvil,Automóvil",Pte.Roca Y Uruguay,2,1,0,0,1,0,0,,Calle,,ROSARIO,Rosario,Asfalto,No existe,II,Dentro,Urbana,Ninguna,No existe,Intersección,Bueno,Buena,Atardecer,Buen Tiempo,Lateral,S/D,Colisión,Ninguna,Faltante,Ninguna,Sin restricción,POINT (-60.652762599999996 -32.97556659999999),"['Roca', 'Uruguay']",2,Presidente Roca; Uruguay,-32.97556659999999,-60.6527626,55.0,538.0,Municipio Rosario,Municipio,Rosario,820210,Servicio de Catastro e Información Territorial,IGN
2017,2320,2017-04-16,Domingo,0.0,11:50:00,,0.0,2,"Automóvil,Moto/Ciclomotor",Av. Genova Y Ottone Bis,2,1,0,0,1,0,0,,Calle,,ROSARIO,Rosario,S/D,S/D,II,Dentro,Urbana,S/D,S/D,Intersección,S/D,S/D,Diurna,S/D,S/D,S/D,Colisión,S/D,S/D,S/D,S/D,POINT (-60.70101400000001 -32.9156454),"['Genova', 'Ottone']",2,Avenida Génova; Ottone,-32.9156454,-60.70101400000001,55.0,538.0,Municipio Rosario,Municipio,Rosario,820210,Servicio de Catastro e Información Territorial,IGN
2017,2324,2017-05-02,Martes,0.0,10:55:00,,0.0,2,"Automóvil,Bicicleta",Ayacucho 3150,2,1,0,0,1,0,0,,Calle,,ROSARIO,Rosario,Asfalto,No existe,II,Dentro,Urbana,Ninguna,No existe,Recta,Bueno,Buena,Diurna,Buen Tiempo,S/D,Ciclista,Atropello,Ninguna,Faltante,Ninguna,Sin restricción,"-32.975921787755105, -60.63389822040816",['Ayacucho 3150'],1,Ayacucho 3150,-32.975921787755105,-60.63389822040816,55.0,538.0,Municipio Rosario,Municipio,Rosario,820210,Servicio de Catastro e Información Territorial,IGN
2017,2325,2017-05-03,Miercoles,0.0,11:35:00,,0.0,2,"Moto/Ciclomotor,Bicicleta",Grandoli 3800,2,2,0,0,0,0,0,,Calle,,ROSARIO,Rosario,Asfalto,No existe,II,Dentro,Urbana,Ninguna,No existe,Recta,Bueno,Buena,Diurna,Buen Tiempo,S/D,Ciclista,Atropello,Ninguna,Horizontal,Ninguna,Sin restricción,"-32.9845762, -60.6283121",['Grandoli 3800'],1,Grandoli 3800,-32.9845762,-60.6283121,55.0,538.0,Municipio Rosario,Municipio,Rosario,820210,Servicio de Catastro e Información Territorial,IGN
2017,2326,2017-05-03,Miercoles,0.0,12:25:00,,0.0,2,"Taxi/Remis,Moto/Ciclomotor",Bv. Segui Y Maipu,2,1,0,0,1,0,0,,Calle,,ROSARIO,Rosario,Asfalto,No existe,II,Dentro,Urbana,Ninguna,No existe,Curva,Bueno,Buena,Diurna,Buen Tiempo,De alcance,S/D,Colisión,Ninguna,Horizontal,Cordón divisorio,Sin restricción,POINT (-60.64363730000001 -32.979574850000006),"['Bulevar Juan Francisco Seguí', 'Maipú']",2,Bulevar Juan Francisco Seguí; Maipú,-32.979574850000006,-60.64363730000001,55.0,538.0,Municipio Rosario,Municipio,Rosario,820210,Servicio de Catastro e Información Territorial,IGN
2017,2327,2017-05-08,Lunes,0.0,9:30:00,,0.0,2,"Automóvil,Moto/Ciclomotor",Bv. Segui Y Buenos Aires,2,1,0,0,1,0,0,,Calle,,ROSARIO,Rosario,Asfalto,No existe,II,Dentro,Urbana,Ninguna,No existe,Intersección,Bueno,Buena,Diurna,Buen Tiempo,Lateral,S/D,Colisión,Ninguna,Horizontal,Vegetación,Sin restricción,POINT (-60.640923400000005 -32.98006374999999),"['Bulevar Juan Francisco Seguí', 'Buenos Aires']",2,Bulevar Juan Francisco Seguí; Buenos Aires,-32.98006374999999,-60.640923400000005,55.0,538.0,Municipio Rosario,Municipio,Rosario,820210,Servicio de Catastro e Información Territorial,IGN
2017,2328,2017-05-17,Miercoles,0.0,15:00:00,,0.0,2,"Moto/Ciclomotor,Automóvil",Laprida Y Pte.Quintana,2,1,0,0,1,0,0,,Calle,,ROSARIO,Rosario,Asfalto,No existe,II,Dentro,Urbana,Ninguna,No existe,Intersección,Bueno,Buena,Diurna,Buen Tiempo,S/D,S/D,Colisión,Ninguna,Faltante,Ninguna,Sin restricción,POINT (-60.64329969999999 -32.9832303),"['Laprida', 'Quintana']",2,"('Francisco Narciso Laprida', 'Presidente Quintana')",-32.9832303,-60.64329969999999,55.0,538.0,Municipio Rosario,Municipio,Rosario,820210,Servicio de Catastro e Información Territorial,IGN
2017,2329,2017-05-23,Martes,0.0,11:40:00,,0.0,2,"Automóvil,Moto/Ciclomotor",Ayolas Y Maipu,2,1,0,0,1,0,0,,Calle,,ROSARIO,Rosario,Asfalto,No existe,II,Dentro,Urbana,Ninguna,No existe,Intersección,Bueno,Buena,Diurna,Buen Tiempo,S/D,S/D,Colisión,Ninguna,Horizontal,Ninguna,Sin restricción,POINT (-60.64305350000001 -32.977283299999996),"['Ayolas', 'Maipú']",2,Ayolas; Maipú,-32.9772833,-60.64305350000001,55.0,538.0,Municipio Rosario,Municipio,Rosario,820210,Servicio de Catastro e Información Territorial,IGN
2017,2330,2017-05-28,Domingo,0.0,15:30:00,,0.0,2,"Automóvil,Moto/Ciclomotor",Mitre Y Rueda,2,1,0,0,1,0,0,,Calle,,ROSARIO,Rosario,Asfalto,No existe,II,Dentro,Urbana,Ninguna,No existe,Intersección,Bueno,Buena,Diurna,Buen Tiempo,Lateral,S/D,Colisión,Ninguna,Faltante,Ninguna,Sin restricción,POINT (-60.64574650000001 -32.97082739999999),"['Mitre', 'Rueda']",2,Bartolomé Mitre; Rueda,-32.97082739999999,-60.64574650000001,55.0,538.0,Municipio Rosario,Municipio,Rosario,820210,Servicio de Catastro e Información Territorial,IGN
2017,2331,2017-05-27,Sabado,0.0,22:45:00,,0.0,2,"Moto/Ciclomotor,Pickup/Utilitario",Mitre Y Cochabamba,2,1,0,0,1,0,0,,Calle,,ROSARIO,Rosario,Asfalto,No existe,II,Dentro,Urbana,S/D,No existe,Intersección,Bueno,Buena,"Nocturna,Con luz artificial",Buen Tiempo,Lateral,S/D,Colisión,S/D,S/D,S/D,Sin restricción,POINT (-60.6425819 -32.958201800000005),"['Mitre', 'Cochabamba']",2,Bartolomé Mitre; Cochabamba,-32.958201800000005,-60.6425819,55.0,538.0,Municipio Rosario,Municipio,Rosario,820210,Servicio de Catastro e Información Territorial,IGN
2017,2335,2017-05-23,Martes,0.0,18:20:00,,0.0,2,"Moto/Ciclomotor,Automóvil",Av. Battle y Ordoñez Y Laprida,2,0,1,0,1,0,0,,Calle,,ROSARIO,Rosario,Asfalto,No existe,II,Dentro,Urbana,Semáforo,Funciona,Intersección,Bueno,Buena,Atardecer,Buen Tiempo,S/D,S/D,Colisión,S/D,Vertical,Línea divisoria pintada,Sin restricción,POINT (-60.64674879999999 -33.00887749999998),"['Avenida Battle y Ordoñez', 'Laprida']",2,Avenida Battle y Ordoñez; Francisco Narciso Laprida,-33.00887749999998,-60.64674879999999,55.0,538.0,Municipio Rosario,Municipio,Rosario,820210,Servicio de Catastro e Información Territorial,IGN
2017,2336,2017-05-21,Domingo,0.0,2:30:00,,0.0,2,"Peatón,Pickup/Utilitario",Pte.Roca Y Centenario,2,1,0,0,1,0,0,,Calle,,ROSARIO,Rosario,Asfalto,No existe,II,Dentro,Urbana,Ninguna,No existe,Intersección,Bueno,Buena,Nocturna,S/D,S/D,Peatón,Atropello,S/D,Horizontal,Ninguna,Sin restricción,POINT (-60.65610650000001 -33.004453),"['Roca', 'Centenario']",2,Presidente Roca; Avenida Centenario Rosario Central,-33.004453,-60.65610650000001,55.0,538.0,Municipio Rosario,Municipio,Rosario,820210,Servicio de Catastro e Información Territorial,IGN
2017,2337,2017-05-21,Domingo,0.0,2:30:00,,0.0,2,"Moto/Ciclomotor,Automóvil",Pte.Roca Y Centenario,2,1,0,0,1,0,0,,Calle,,ROSARIO,Rosario,Asfalto,No existe,II,Dentro,Urbana,Ninguna,No existe,Intersección,Bueno,Buena,Nocturna,S/D,S/D,S/D,Colisión,S/D,Horizontal,Ninguna,Sin restricción,POINT (-60.65610650000001 -33.004453),"['Roca', 'Centenario']",2,Presidente Roca; Avenida Centenario Rosario Central,-33.004453,-60.65610650000001,55.0,538.0,Municipio Rosario,Municipio,Rosario,820210,Servicio de Catastro e Información Territorial,IGN
2017,2338,2017-05-18,Jueves,0.0,5:30:00,,0.0,2,"Moto/Ciclomotor,Automóvil",Pje. R.Platini Y San Martin,2,1,0,0,1,0,0,,Calle,,ROSARIO,Rosario,Asfalto,No existe,II,Dentro,Urbana,Ninguna,No existe,Recta,Bueno,Buena,Diurna,Buen Tiempo,De alcance,S/D,Colisión,Ninguna,Faltante,Ninguna,Sin restricción,POINT (-60.65190785 -33.01491435),"['Platini', 'San Martin']",2,Roque Platini; José de San Martín,-33.01491435,-60.65190785,55.0,538.0,Municipio Rosario,Municipio,Rosario,820210,Servicio de Catastro e Información Territorial,IGN
2017,2339,2017-05-04,Jueves,0.0,20:00:00,,0.0,2,"Pickup/Utilitario,Moto/Ciclomotor",Av. Battle y Ordoñez Y Sadi Carnot,2,0,1,0,1,0,0,,Calle,,ROSARIO,Rosario,Asfalto,S/D,II,Dentro,Urbana,Señal Pare,No existe,Intersección,Bueno,Buena,Nocturna,Buen Tiempo,Lateral,S/D,Colisión,Ninguna,Vertical,Barrera de hormigón,Sin restricción,POINT (-60.648497000000006 -33.008926200000005),"['Avenida Battle y Ordoñez', 'Sadi Carnot']",2,Avenida Battle y Ordoñez; Sadi Carnot,-33.008926200000005,-60.648497000000006,55.0,538.0,Municipio Rosario,Municipio,Rosario,820210,Servicio de Catastro e Información Territorial,IGN
2017,2342,2017-05-27,Sabado,0.0,21:45:00,,0.0,2,"Moto/Ciclomotor,Peatón",Laprida 1945,2,2,0,0,0,0,0,,Calle,,ROSARIO,Rosario,Asfalto,No existe,II,Dentro,Urbana,S/D,S/D,Recta,Bueno,Buena,Nocturna,Buen Tiempo,S/D,Peatón,Atropello,Ninguna,S/D,S/D,Sin restricción,"-32.96083755510204, -60.637660753061226",['Laprida 1945'],1,Laprida 1945,-32.96083755510204,-60.637660753061226,55.0,538.0,Municipio Rosario,Municipio,Rosario,820210,Servicio de Catastro e Información Territorial,IGN
2017,2343,2017-05-26,Viernes,0.0,12:20:00,,0.0,2,"Moto/Ciclomotor,Automóvil",Necochea Y Viamonte,2,1,0,0,1,0,0,,Calle,,ROSARIO,Rosario,S/D,No existe,II,Dentro,Urbana,S/D,S/D,Intersección,Bueno,Buena,Diurna,Buen Tiempo,S/D,S/D,Colisión,Ninguna,S/D,S/D,Sin restricción,POINT (-60.6288834 -32.967826999999986),"['Necochea', 'Viamonte']",2,Necochea; Viamonte,-32.967826999999986,-60.6288834,55.0,538.0,Municipio Rosario,Municipio,Rosario,820210,Servicio de Catastro e Información Territorial,IGN
2017,2344,2017-05-15,Lunes,0.0,8:00:00,,0.0,2,"Automóvil,Automóvil",L.N.Alem Y Riobamba,2,1,0,0,1,0,0,,Calle,,ROSARIO,Rosario,Asfalto,No existe,II,Dentro,Urbana,Ninguna,No existe,Intersección,Bueno,Buena,Diurna,Buen Tiempo,S/D,S/D,Colisión,Ninguna,Faltante,Ninguna,Sin restricción,POINT (-60.6324245 -32.9647893),"['Alem', 'Riobamba']",2,Leandro N. Alem; Riobamba,-32.9647893,-60.6324245,55.0,538.0,Municipio Rosario,Municipio,Rosario,820210,Servicio de Catastro e Información Territorial,IGN
2017,2346,2017-05-10,Miercoles,0.0,12:15:00,,0.0,2,"Automóvil,Pickup/Utilitario",Bv. Avellaneda Y Dean Funes,2,1,0,0,1,0,0,,Avenida,,ROSARIO,Rosario,Asfalto,No existe,II,Dentro,Urbana,Ninguna,No existe,Intersección,Bueno,Buena,Diurna,Buen Tiempo,Lateral,S/D,Colisión,Ninguna,Faltante,Vegetación,Sin restricción,POINT (-60.686496000000005 -32.96832429999999),"['Avellaneda', 'Deán Gregorio Funes']",2,Bulevar Nicolás Avellaneda; Deán Gregorio Funes,-32.96832429999999,-60.686496000000005,55.0,538.0,Municipio Rosario,Municipio,Rosario,820210,Servicio de Catastro e Información Territorial,IGN
2017,2348,2017-05-14,Domingo,0.0,,,0.0,2,"Automóvil,Moto/Ciclomotor",Av. Ovidio Lagos Y Pje. Bruselas,2,1,0,0,1,0,0,,Calle,,ROSARIO,Rosario,Asfalto,No existe,II,Dentro,Urbana,Ninguna,No existe,Intersección,Bueno,Buena,Diurna,Buen Tiempo,Lateral,S/D,Colisión,Ninguna,Faltante,Barrera de hormigón,Sin restricción,POINT (-60.66919240000001 -32.973926),"['Avenida Ovidio Lagos', 'Bruselas']",2,Avenida Ovidio Lagos; Bruselas,-32.973926,-60.66919240000001,55.0,538.0,Municipio Rosario,Municipio,Rosario,820210,Servicio de Catastro e Información Territorial,IGN
2017,2349,2017-05-22,Lunes,0.0,14:45:00,,0.0,2,"Pickup/Utilitario,Moto/Ciclomotor",Av. Ovidio Lagos 4500,3,2,0,0,1,0,0,,Avenida,,ROSARIO,Rosario,Asfalto,No existe,II,Dentro,Urbana,Ninguna,No existe,Intersección,Bueno,Buena,Diurna,Buen Tiempo,Lateral,S/D,Colisión,Ninguna,Faltante,Cordón divisorio,Sin restricción,"-32.9700442, -60.668095",['Ovidio Lagos 4500'],1,Ovidio Lagos 4500,-32.9700442,-60.668095,55.0,538.0,Municipio Rosario,Municipio,Rosario,820210,Servicio de Catastro e Información Territorial,IGN
2017,2350,2017-05-26,Viernes,0.0,15:00:00,,0.0,2,"Moto/Ciclomotor,Automóvil",Av. Francia Y Aurora,2,1,0,0,1,0,0,,Avenida,,ROSARIO,Rosario,Asfalto,No existe,II,S/D,Urbana,Ninguna,No existe,Intersección,Bueno,Buena,Diurna,Buen Tiempo,Lateral,S/D,Colisión,Ninguna,S/D,Cordón divisorio,Sin restricción,POINT (-60.677811649999995 -32.99948385),"['Avenida Francia', 'Aurora']",2,Avenida Francia; Aurora,-32.99948385,-60.67781165,55.0,538.0,Municipio Rosario,Municipio,Rosario,820210,Servicio de Catastro e Información Territorial,IGN
2017,2353,2017-05-14,Domingo,0.0,13:00:00,,0.0,2,"Automóvil,Peatón",Pasco Y Colon,2,1,0,0,1,0,0,,Calle,,ROSARIO,Rosario,Asfalto,No existe,II,Dentro,Urbana,Ninguna,S/D,Intersección,Bueno,Buena,Diurna,Buen Tiempo,S/D,Peatón,Atropello,Ninguna,S/D,Ninguna,Sin restricción,POINT (-60.628843599999996 -32.961846099999995),"['Pasco', 'Colon']",2,Pasco; Cristóbal Colón,-32.961846099999995,-60.6288436,55.0,538.0,Municipio Rosario,Municipio,Rosario,820210,Servicio de Catastro e Información Territorial,IGN
2017,2354,2017-05-12,Viernes,0.0,9:20:00,,0.0,2,"Moto/Ciclomotor,Peatón",Buenos Aires Y Av. Pellegrini,2,1,0,0,1,0,0,,Calle,,ROSARIO,Rosario,Asfalto,No existe,II,Dentro,Urbana,S/D,S/D,Intersección,Bueno,Buena,Diurna,Buen Tiempo,S/D,Peatón,Atropello,Ninguna,S/D,S/D,Sin restricción,POINT (-60.63639453333334 -32.982757233333324),"['Buenos Aires', 'Pellegrini']",2,Buenos Aires; Avenida Carlos Pellegrini,-32.982757233333324,-60.63639453333334,55.0,538.0,Municipio Rosario,Municipio,Rosario,820210,Servicio de Catastro e Información Territorial,IGN
2017,2355,2017-05-08,Lunes,0.0,20:15:00,,0.0,2,"Moto/Ciclomotor,Taxi/Remis",Buenos Aires Y Ituzaingo,2,0,1,0,1,0,0,,Calle,,ROSARIO,Rosario,Asfalto,No existe,II,Dentro,Urbana,Señal Pare,S/D,Intersección,Bueno,Buena,Nocturna,Buen Tiempo,S/D,S/D,Colisión,Ninguna,Vertical,Ninguna,Sin restricción,POINT (-60.636284800000006 -32.9616928),"['Buenos Aires', 'Ituzaingó']",2,Buenos Aires; Ituzaingó,-32.9616928,-60.636284800000006,55.0,538.0,Municipio Rosario,Municipio,Rosario,820210,Servicio de Catastro e Información Territorial,IGN
2017,2356,2017-05-04,Jueves,0.0,1:25:00,,0.0,2,"Moto/Ciclomotor,Automóvil",Colon Y Cochabamba,2,1,0,0,1,0,0,,Calle,,ROSARIO,Rosario,Asfalto,No existe,II,Dentro,Urbana,Ninguna,S/D,Intersección,Bueno,Buena,Nocturna,Buen Tiempo,S/D,S/D,Colisión,Ninguna,S/D,Ninguna,Sin restricción,POINT (-60.62856320000001 -32.9607063),"['Colon', 'Cochabamba']",2,Cristóbal Colón; Cochabamba,-32.9607063,-60.62856320000001,55.0,538.0,Municipio Rosario,Municipio,Rosario,820210,Servicio de Catastro e Información Territorial,IGN
2017,2357,2017-05-13,Sabado,0.0,14:15:00,,0.0,2,"Bicicleta,Automóvil",Av. Ntra.Sra.del Rosario Y San Nicolas,2,1,0,0,1,0,0,,Avenida,,ROSARIO,Rosario,Asfalto,No existe,II,Dentro,Urbana,Ninguna,No existe,Intersección,Bueno,Buena,Diurna,Buen Tiempo,S/D,Ciclista,Atropello,Ninguna,Faltante,Línea divisoria pintada,Sin restricción,POINT (-60.68493469999999 -33.0011744),"['Nuestra Señora del Rosario', 'San Nicolás']",2,Puente Nuestra Señora del Rosario; San Nicolás,-33.0011744,-60.68493469999999,55.0,538.0,Municipio Rosario,Municipio,Rosario,820210,Servicio de Catastro e Información Territorial,IGN
2017,2358,2017-05-15,Lunes,0.0,13:35:00,,0.0,2,"Automóvil,Automóvil",Av. Ovidio Lagos 6300,2,1,0,0,1,0,0,,Avenida,,ROSARIO,Rosario,Asfalto,Pavimento,II,Dentro,Urbana,Semáforo,Funciona,Curva,Bueno,Buena,Diurna,Buen Tiempo,S/D,S/D,Colisión,Ninguna,Vertical,Guardarrail,Reparación de Vía,"-32.9700442, -60.668095",['Ovidio Lagos 6300'],1,Ovidio Lagos 6300,-32.9700442,-60.668095,55.0,538.0,Municipio Rosario,Municipio,Rosario,820210,Servicio de Catastro e Información Territorial,IGN
2017,2360,2017-05-29,Lunes,0.0,17:30:00,,0.0,2,"Pickup/Utilitario,Pickup/Utilitario",Av. Ovidio Lagos 6300,2,1,0,0,1,0,0,,Avenida,,ROSARIO,Rosario,Asfalto,No existe,II,Dentro,Urbana,Semáforo,Funciona,Recta,Bueno,Buena,Diurna,Buen Tiempo,De alcance,S/D,Colisión,Ninguna,Vertical,Guardarrail,Reparación de Vía,"-32.9700442, -60.668095",['Ovidio Lagos 6300'],1,Ovidio Lagos 6300,-32.9700442,-60.668095,55.0,538.0,Municipio Rosario,Municipio,Rosario,820210,Servicio de Catastro e Información Territorial,IGN
2017,2361,2017-05-09,Martes,0.0,13:00:00,,0.0,2,"Moto/Ciclomotor,Automóvil",Juan Canals Y Pje. Del Campo,3,2,0,0,1,0,0,,Calle,,ROSARIO,Rosario,Asfalto,No existe,II,Dentro,Urbana,Ninguna,No existe,Recta,Bueno,Buena,Diurna,Buen Tiempo,Lateral,S/D,Colisión,Ninguna,Faltante,Ninguna,Sin restricción,POINT (-60.65380759999999 -32.98854759999999),"['Juan Canals', 'Del Campo']",2,Juan Canals; Del Campo,-32.98854759999999,-60.65380759999999,55.0,538.0,Municipio Rosario,Municipio,Rosario,820210,Servicio de Catastro e Información Territorial,IGN
2017,2363,2017-05-26,Viernes,0.0,1:10:00,,0.0,2,"Moto/Ciclomotor,Automóvil",Entre Rios Y Av. Battle y Ordoñez,3,1,0,0,2,0,0,,Avenida,,ROSARIO,Rosario,Asfalto,No existe,II,Dentro,Urbana,Ninguna,No existe,Intersección,Bueno,Reducida,Nocturna,Buen Tiempo,S/D,S/D,Colisión,Ninguna,Horizontal,Cordón divisorio,Sin restricción,POINT (-60.65164565 -33.00894785),"['Entre Ríos', 'Avenida Battle y Ordoñez']",2,Entre Ríos; Avenida Battle y Ordoñez,-33.00894785,-60.65164565,55.0,538.0,Municipio Rosario,Municipio,Rosario,820210,Servicio de Catastro e Información Territorial,IGN
2017,2364,2017-05-08,Lunes,0.0,22:00:00,,0.0,2,"Automóvil,Taxi/Remis",Bv. Segui Y Bv. Oroño,2,1,0,0,1,0,0,,Avenida,,ROSARIO,Rosario,Asfalto,No existe,II,Dentro,Urbana,Ninguna,No existe,Intersección,Bueno,Reducida,Nocturna,Buen Tiempo,Lateral,S/D,Colisión,Ninguna,Faltante,Ninguna,Sin restricción,POINT (-60.661523700000004 -32.976367025),"['Bulevar Juan Francisco Seguí', 'Bulevar Nicasio Oroño']",2,Bulevar Juan Francisco Seguí; Bulevar Nicasio Oroño,-32.976367025,-60.6615237,55.0,538.0,Municipio Rosario,Municipio,Rosario,820210,Servicio de Catastro e Información Territorial,IGN
2017,2365,2017-05-22,Lunes,0.0,13:20:00,,0.0,2,"Moto/Ciclomotor,Automóvil",1 de Mayo Y Mendoza,2,1,0,0,1,0,0,,Calle,,ROSARIO,Rosario,Asfalto,No existe,II,Dentro,Urbana,S/D,S/D,Intersección,Bueno,Buena,Diurna,S/D,S/D,S/D,Colisión,S/D,S/D,Cordón divisorio,S/D,POINT (-60.6309974 -32.95300470000001),"['Primero de Mayo', 'Mendoza']",2,Primero de Mayo; Mendoza,-32.95300470000001,-60.6309974,55.0,538.0,Municipio Rosario,Municipio,Rosario,820210,Servicio de Catastro e Información Territorial,IGN
2017,2366,2017-05-20,Sabado,0.0,17:20:00,,0.0,1,Transporte de Pasajeros Urbano (> 8 asientos),San Luis Y Maipu,2,1,0,0,1,0,0,,Calle,,ROSARIO,Rosario,S/D,S/D,II,Dentro,Urbana,S/D,S/D,Cruce,Bueno,Buena,Diurna,S/D,S/D,S/D,Caída ocupante,S/D,S/D,S/D,S/D,POINT (-60.63589509999999 -32.949566),"['San Luis', 'Maipú']",2,San Luis; Maipú,-32.949566,-60.63589509999999,55.0,538.0,Municipio Rosario,Municipio,Rosario,820210,Servicio de Catastro e Información Territorial,IGN
2017,2367,2017-05-19,Viernes,0.0,18:30:00,,0.0,2,"Peatón,Automóvil",Laprida Y Rioja,2,1,0,0,1,0,0,,Calle,,ROSARIO,Rosario,Asfalto,No existe,II,Dentro,Urbana,Ninguna,S/D,Intersección,Bueno,Buena,Diurna,Buen Tiempo,S/D,Peatón,Atropello,S/D,S/D,S/D,S/D,POINT (-60.63424869999999 -32.9485583),"['Laprida', 'Rioja']",2,Francisco Narciso Laprida; Rioja,-32.9485583,-60.63424869999999,55.0,538.0,Municipio Rosario,Municipio,Rosario,820210,Servicio de Catastro e Información Territorial,IGN
2017,2368,2017-05-15,Lunes,0.0,20:30:00,,0.0,2,"Peatón,Automóvil",Rioja Y Laprida,2,1,0,0,1,0,0,,Calle,,ROSARIO,Rosario,Asfalto,No existe,II,Dentro,Urbana,Ninguna,S/D,Intersección,Bueno,Buena,Nocturna,S/D,S/D,S/D,Atropello,S/D,S/D,S/D,S/D,POINT (-60.63424869999999 -32.9485583),"['Rioja', 'Laprida']",2,Rioja; Francisco Narciso Laprida,-32.9485583,-60.63424869999999,55.0,538.0,Municipio Rosario,Municipio,Rosario,820210,Servicio de Catastro e Información Territorial,IGN