anio_acci,nro_acci,fecha,desc_dia,fecha_aprox,hora_aprox,desc_ruta,km,cant_participantes,desc_participante,calle_avenida_km,total,heridos_leves,heridos_graves,heridos_gravisimos,ilesos,fallecidos,sin_datos,posicion_XY,desc_tipo_via,desc_ruta_ori,desc_loc,desc_dpto,desc_tipo_calzada,desc_tipo_banquina,desc_unidad_regional,desc_lugar_calzada,desc_zona,desc_prioridad,desc_estado_semaforo,desc_lugar_via,desc_estado_via,desc_estado_visibilidad,desc_luminosidad,desc_estado_clima,desc_tipo_colision,desc_tipo_atropello,desc_tipo_hecho,desc_pres_calzada,desc_senializacion,desc_separacion_via,desc_restriccion,forma_geocod,calle_lista,numero_calles,calles_osm,lat,lon,index_right,gid,fna,gna,nam,in1,fdc,sag
2017,2369,2017-05-11,Jueves,0.0,7:20:00,,0.0,2,"Moto/Ciclomotor,Automóvil",1 de Mayo Y Rioja,2,1,0,0,1,0,0,,Calle,,ROSARIO,Rosario,Asfalto,No existe,II,Dentro,Urbana,Ninguna,S/D,Intersección,Bueno,Buena,Diurna,Buen Tiempo,Lateral,S/D,Colisión,Ninguna,S/D,S/D,S/D,POINT (-60.63017589999999 -32.94932690000001),"['Primero de Mayo', 'Rioja']",2,Primero de Mayo; Rioja,-32.94932690000001,-60.63017589999999,55.0,538.0,Municipio Rosario,Municipio,Rosario,820210,Servicio de Catastro e Información Territorial,IGN
2017,2370,2017-05-05,Viernes,0.0,18:50:00,,0.0,2,"Automóvil,Moto/Ciclomotor",Av. Alberti Y Gorriti,2,1,0,0,1,0,0,,Calle,,ROSARIO,Rosario,Asfalto,No existe,II,Dentro,Urbana,S/D,S/D,Intersección,Bueno,S/D,Diurna,S/D,S/D,S/D,Colisión,S/D,Faltante,S/D,S/D,POINT (-60.6790462 -32.923453200000004),"['Alberdi', 'Gorriti']",2,Avenida Alberdi; Gorriti,-32.923453200000004,-60.6790462,55.0,538.0,Municipio Rosario,Municipio,Rosario,820210,Servicio de Catastro e Información Territorial,IGN
2017,2371,2017-05-08,Lunes,0.0,13:45:00,,0.0,2,"Bicicleta,Automóvil",Junin 1100,2,1,0,0,1,0,0,,Calle,,ROSARIO,Rosario,Asfalto,S/D,II,S/D,Urbana,S/D,S/D,Intersección,S/D,S/D,Diurna,S/D,S/D,Ciclista,Atropello,S/D,S/D,S/D,S/D,"-32.9266164, -60.6792129",['Junin 1100'],1,Junin 1100,-32.9266164,-60.6792129,55.0,538.0,Municipio Rosario,Municipio,Rosario,820210,Servicio de Catastro e Información Territorial,IGN
2017,2372,2017-05-15,Lunes,0.0,18:40:00,,0.0,2,"Moto/Ciclomotor,Automóvil",Av. Luis Carballo Y Ing.Thedy Bis,2,1,0,0,1,0,0,,Avenida,,ROSARIO,Rosario,Asfalto,No existe,II,S/D,Urbana,S/D,S/D,Recta,S/D,Buena,Diurna,S/D,S/D,S/D,Colisión,S/D,S/D,S/D,S/D,POINT (-60.66546826666667 -32.923339166666665),"['Avenida Doctor Luis Cándido Carballo', 'Thedy']",2,Avenida Doctor Luis Cándido Carballo; Héctor Thedy,-32.923339166666665,-60.66546826666667,55.0,538.0,Municipio Rosario,Municipio,Rosario,820210,Servicio de Catastro e Información Territorial,IGN
2017,2373,2017-05-05,Viernes,0.0,10:25:00,,0.0,2,"Bicicleta,Automóvil",Humberto I Y Av. Alberdi Bis,2,1,0,0,1,0,0,,Calle,,ROSARIO,Rosario,Asfalto,S/D,II,Dentro,Urbana,S/D,S/D,Recta,S/D,S/D,Diurna,S/D,S/D,Ciclista,Atropello,S/D,S/D,S/D,S/D,POINT (-60.6743646 -32.92936929999999),"['Humberto', 'Alberdi']",2,Humberto Primero; Avenida Alberdi,-32.92936929999999,-60.6743646,55.0,538.0,Municipio Rosario,Municipio,Rosario,820210,Servicio de Catastro e Información Territorial,IGN
2017,2376,2017-05-07,Domingo,0.0,12:00:00,,0.0,2,"Automóvil,Automóvil",Bv. Rondeau Y Av. Irigoyen,2,2,0,0,0,0,0,,Avenida,,ROSARIO,Rosario,Asfalto,No existe,II,Dentro,Urbana,Semáforo,Funciona,Intersección,Bueno,Buena,Diurna,Buen Tiempo,De alcance,S/D,Colisión,Ninguna,S/D,Cordón divisorio,Sin restricción,POINT (-60.695452875 -32.884458699999996),"['Rondeau', 'Avenida Hipólito Irigoyen']",2,Bulevar General José Rondeau; Avenida Hipólito Irigoyen,-32.8844587,-60.695452875,55.0,538.0,Municipio Rosario,Municipio,Rosario,820210,Servicio de Catastro e Información Territorial,IGN
2017,2377,2017-05-11,Jueves,0.0,13:40:00,,0.0,2,"Automóvil,Moto/Ciclomotor",Bv. Rondeau Y Valle Hermoso,2,1,0,0,1,0,0,,Avenida,,ROSARIO,Rosario,Asfalto,No existe,II,Dentro,Urbana,Semáforo,Funciona,Intersección,Bueno,Buena,Diurna,Buen Tiempo,S/D,S/D,Colisión,Ninguna,S/D,Cordón divisorio,Sin restricción,POINT (-60.695188800000004 -32.885983),"['Rondeau', 'Valle Hermoso']",2,Bulevar General José Rondeau; Valle Hermoso,-32.885983,-60.6951888,55.0,538.0,Municipio Rosario,Municipio,Rosario,820210,Servicio de Catastro e Información Territorial,IGN
2017,2378,2017-05-27,Sabado,0.0,18:00:00,,0.0,2,"Moto/Ciclomotor,Automóvil",F.More Y Av. Pte.Peron,2,1,0,0,1,0,0,,Calle,,ROSARIO,Rosario,Asfalto,No existe,II,Dentro,Urbana,Semáforo,Funciona,Intersección,Otro,Reducida,Atardecer,Otro,Lateral,S/D,Colisión,Ninguna,Horizontal,Ninguna,Sin restricción,POINT (-60.69300505 -32.95869104999999),"['Felipe Moré', 'Avenida Presidente Perón']",2,Felipe Moré; Avenida Presidente Perón,-32.95869104999999,-60.69300505,55.0,538.0,Municipio Rosario,Municipio,Rosario,820210,Servicio de Catastro e Información Territorial,IGN
2017,2379,2017-05-12,Viernes,0.0,11:30:00,,0.0,2,"Moto/Ciclomotor,Automóvil",Sanguinetti Y Pje. J.Casals,2,1,0,0,1,0,0,,Calle,,ROSARIO,Rosario,Asfalto,No existe,II,Dentro,Urbana,S/D,No existe,Intersección,Deteriorada,Buena,Diurna,S/D,Lateral,S/D,Colisión,S/D,Faltante,Ninguna,Sin restricción,POINT (-60.697550400000004 -32.9719184),"['Sanguinetti', 'Casals']",2,Sanguinetti; Joaquina de Casals,-32.9719184,-60.6975504,55.0,538.0,Municipio Rosario,Municipio,Rosario,820210,Servicio de Catastro e Información Territorial,IGN
2017,2380,2017-05-08,Lunes,0.0,13:15:00,,0.0,2,"Bicicleta,Automóvil",Roullon Y Av. Pte.Peron,2,1,0,0,1,0,0,,Calle,,ROSARIO,Rosario,Asfalto,No existe,II,Dentro,Urbana,Semáforo,Funciona,Intersección,Con baches,Buena,Diurna,Otro,S/D,Ciclista,Atropello,Ninguna,Vertical,Ninguna,Sin restricción,POINT (-60.701373475000004 -32.96289577499999),"['Alfredo Rouillón', 'Avenida Presidente Perón']",2,Alfredo Rouillón; Avenida Presidente Perón,-32.96289577499999,-60.701373475,55.0,538.0,Municipio Rosario,Municipio,Rosario,820210,Servicio de Catastro e Información Territorial,IGN
2017,2382,2017-05-09,Martes,0.0,14:40:00,,0.0,2,"Moto/Ciclomotor,Automóvil",Av. Pte.Peron Y Barra,2,1,0,0,1,0,0,,Avenida,,ROSARIO,Rosario,Asfalto,S/D,II,Dentro,Urbana,S/D,S/D,Intersección,S/D,S/D,Diurna,S/D,Lateral,S/D,Colisión,S/D,S/D,S/D,S/D,POINT (-60.70581060000001 -32.96512589999999),"['Avenida Presidente Perón', 'Barra']",2,Avenida Presidente Perón; Barraco,-32.96512589999999,-60.70581060000001,55.0,538.0,Municipio Rosario,Municipio,Rosario,820210,Servicio de Catastro e Información Territorial,IGN
2017,2383,2017-05-11,Jueves,0.0,18:30:00,,0.0,2,"Moto/Ciclomotor,Automóvil",Mendoza Y F.More,2,1,0,0,1,0,0,,Calle,,ROSARIO,Rosario,Asfalto,No existe,II,Dentro,Urbana,S/D,No existe,Intersección,Bueno,S/D,Atardecer,S/D,Lateral,S/D,Colisión,Ninguna,S/D,Ninguna,S/D,POINT (-60.69367090000001 -32.941857000000006),"['Mendoza', 'Felipe Moré']",2,Mendoza; Felipe Moré,-32.941857000000006,-60.69367090000001,55.0,538.0,Municipio Rosario,Municipio,Rosario,820210,Servicio de Catastro e Información Territorial,IGN
2017,2384,2017-05-19,Viernes,0.0,8:24:00,,0.0,2,"Moto/Ciclomotor,Automóvil",Cerrito Y Bolivia,2,1,0,0,1,0,0,,Calle,,ROSARIO,Rosario,Asfalto,S/D,II,Dentro,Urbana,S/D,S/D,Intersección,S/D,S/D,Diurna,S/D,Lateral,S/D,Colisión,S/D,S/D,S/D,S/D,POINT (-60.713280700000006 -32.953368299999994),"['Cerrito', 'Bolivia']",2,Cerrito; Bolivia,-32.953368299999994,-60.713280700000006,55.0,538.0,Municipio Rosario,Municipio,Rosario,820210,Servicio de Catastro e Información Territorial,IGN
2017,2385,2017-05-20,Sabado,0.0,18:15:00,,0.0,2,"Moto/Ciclomotor,Automóvil",Marcos Paz Y Cullen,2,1,0,0,1,0,0,,Calle,,ROSARIO,Rosario,Asfalto,S/D,II,Dentro,Urbana,S/D,No existe,Intersección,Bueno,S/D,Atardecer,S/D,Lateral,S/D,Colisión,Ninguna,S/D,S/D,S/D,POINT (-60.709165 -32.93897280000001),"['Marcos Paz', 'Cullen']",2,Marcos Paz; Cullen,-32.93897280000001,-60.709165,55.0,538.0,Municipio Rosario,Municipio,Rosario,820210,Servicio de Catastro e Información Territorial,IGN
2017,2388,2017-05-15,Lunes,0.0,16:15:00,,0.0,2,"Transporte de Pasajeros Urbano (> 8 asientos),Moto/Ciclomotor",Mejico Y J.J.Paso,3,1,1,0,1,0,0,,Calle,,ROSARIO,Rosario,Asfalto,No existe,II,S/D,Urbana,Ninguna,No existe,Recta,Bueno,Buena,Diurna,Buen Tiempo,Lateral,S/D,Colisión,Ninguna,Faltante,Cordón divisorio,Sin restricción,POINT (-60.7193214 -32.920441249999996),"['Mejico', 'Paso']",2,Méjico; Avenida Juan José Paso,-32.92044125,-60.7193214,55.0,538.0,Municipio Rosario,Municipio,Rosario,820210,Servicio de Catastro e Información Territorial,IGN
2017,2389,2017-05-09,Martes,0.0,,,0.0,2,"Pickup/Utilitario,Bicicleta",Av. Genova Y De Angelis Bis,2,1,0,0,1,0,0,,Avenida,,ROSARIO,Rosario,Asfalto,No existe,II,S/D,Rural,Semáforo,Funciona,Recta,Bueno,Buena,Diurna,Buen Tiempo,S/D,Ciclista,Atropello,Ninguna,Vertical,Ninguna,Sin restricción,POINT (-60.6990246 -32.915588699999994),"['Genova', 'De Ángelis']",2,Avenida Génova; De Ángelis,-32.915588699999994,-60.6990246,55.0,538.0,Municipio Rosario,Municipio,Rosario,820210,Servicio de Catastro e Información Territorial,IGN
2017,2390,2017-05-04,Jueves,0.0,15:30:00,,0.0,2,"Moto/Ciclomotor,Pickup/Utilitario",French Y Nicaragua,3,1,0,0,2,0,0,,Calle,,ROSARIO,Rosario,Asfalto,No existe,II,S/D,Urbana,Ninguna,No existe,Recta,Con baches,Buena,Diurna,Buen Tiempo,De alcance,S/D,Colisión,Ninguna,Faltante,Ninguna,Sin restricción,POINT (-60.7215001 -32.92200940000001),"['French', 'Nicaragua']",2,Domingo French; Nicaragua,-32.92200940000001,-60.7215001,55.0,538.0,Municipio Rosario,Municipio,Rosario,820210,Servicio de Catastro e Información Territorial,IGN
2017,2395,2017-05-21,Domingo,0.0,1:43:00,,0.0,2,"Moto/Ciclomotor,Automóvil",Irurtia Y Anderson,3,1,1,0,1,0,0,,Calle,,ROSARIO,Rosario,S/D,S/D,II,S/D,Urbana,S/D,S/D,Intersección,S/D,S/D,S/D,S/D,S/D,S/D,Colisión,S/D,S/D,S/D,S/D,POINT (-60.7214276 -32.96689949999999),"['Irurtia', 'Anderson']",2,Irurtia; Anderson,-32.96689949999999,-60.7214276,55.0,538.0,Municipio Rosario,Municipio,Rosario,820210,Servicio de Catastro e Información Territorial,IGN
2017,2405,2017-05-29,Lunes,0.0,18:20:00,,0.0,2,"Moto/Ciclomotor,Automóvil",Milan Y Santiago,3,2,0,0,1,0,0,,Calle,,ROSARIO,Rosario,Asfalto,No existe,II,Dentro,Urbana,Ninguna,No existe,Intersección,Bueno,Buena,Atardecer,Buen Tiempo,Lateral,S/D,Colisión,Ninguna,Faltante,Ninguna,Sin restricción,POINT (-60.66716000000001 -32.9873413),"['Milán', 'Santiago']",2,Milán; Santiago,-32.9873413,-60.66716000000001,55.0,538.0,Municipio Rosario,Municipio,Rosario,820210,Servicio de Catastro e Información Territorial,IGN
2017,2406,2017-05-26,Viernes,0.0,12:00:00,,0.0,2,"Taxi/Remis,Automóvil",Bv. Segui Y Mitre,3,1,0,0,2,0,0,,Calle,,ROSARIO,Rosario,Asfalto,S/D,II,Dentro,Urbana,S/D,S/D,Recta,Bueno,S/D,S/D,S/D,Lateral,S/D,Colisión,Ninguna,Faltante,Ninguna,Sin restricción,POINT (-60.6477426 -32.97883275),"['Bulevar Juan Francisco Seguí', 'Mitre']",2,Bulevar Juan Francisco Seguí; Bartolomé Mitre,-32.97883275,-60.6477426,55.0,538.0,Municipio Rosario,Municipio,Rosario,820210,Servicio de Catastro e Información Territorial,IGN
2017,2407,2017-05-09,Martes,0.0,17:15:00,,0.0,2,"Peatón,Moto/Ciclomotor",San Martin Y Hilarion de la Quintana,3,2,0,0,1,0,0,,Avenida,,ROSARIO,Rosario,Asfalto,No existe,II,Dentro,Urbana,Ninguna,No existe,Intersección,Bueno,Buena,Diurna,Buen Tiempo,S/D,Peatón,Atropello,Ninguna,Faltante,Ninguna,Sin restricción,POINT (-60.64892185 -33.00095949999999),"['San Martin', 'Hilarión de la Quintana']",2,José de San Martín; Hilarión de la Quintana,-33.00095949999999,-60.64892185,55.0,538.0,Municipio Rosario,Municipio,Rosario,820210,Servicio de Catastro e Información Territorial,IGN
2017,2408,2017-05-09,Martes,0.0,14:30:00,,0.0,2,"Automóvil,Moto/Ciclomotor",Pueyrredon Y Dr.Rivas,4,2,1,0,1,0,0,,Calle,,ROSARIO,Rosario,Asfalto,No existe,II,Dentro,Urbana,Ninguna,No existe,Recta,Bueno,Buena,Diurna,Buen Tiempo,Lateral,S/D,Colisión,Ninguna,Faltante,Ninguna,Sin restricción,POINT (-60.6667508 -32.9802387),"['Pueyrredón', 'Doctor Francisco Riva']",2,Pueyrredón; Doctor Francisco Riva,-32.9802387,-60.6667508,55.0,538.0,Municipio Rosario,Municipio,Rosario,820210,Servicio de Catastro e Información Territorial,IGN
2017,2414,2017-05-02,Martes,0.0,21:35:00,,0.0,2,"Automóvil,Moto/Ciclomotor",Viamonte Y Ayacucho,3,2,0,0,1,0,0,,Calle,,ROSARIO,Rosario,Asfalto,No existe,II,Dentro,Urbana,S/D,S/D,Intersección,Bueno,Buena,Nocturna,Buen Tiempo,S/D,S/D,Colisión,Ninguna,S/D,S/D,Sin restricción,POINT (-60.6316573 -32.96733489999999),"['Viamonte', 'Ayacucho']",2,Viamonte; Ayacucho,-32.96733489999999,-60.6316573,55.0,538.0,Municipio Rosario,Municipio,Rosario,820210,Servicio de Catastro e Información Territorial,IGN
2017,2415,2017-05-24,Miercoles,0.0,11:30:00,,0.0,2,"Automóvil,Moto/Ciclomotor",Ayacucho Y Bv. 27 De Febrero,3,2,0,0,1,0,0,,Calle,,ROSARIO,Rosario,Asfalto,No existe,II,Dentro,Urbana,S/D,S/D,Intersección,Bueno,Buena,Diurna,Buen Tiempo,S/D,S/D,Colisión,Ninguna,S/D,S/D,Sin restricción,POINT (-60.6322277 -32.96960704999999),"['Ayacucho', '27 de Febrero']",2,Ayacucho; Bulevar 27 de Febrero,-32.96960704999999,-60.6322277,55.0,538.0,Municipio Rosario,Municipio,Rosario,820210,Servicio de Catastro e Información Territorial,IGN
2017,2486,2017-05-08,Lunes,0.0,20:45:00,,0.0,2,"Automóvil,Moto/Ciclomotor",Alvear Y Urquiza,4,2,0,0,2,0,0,,Calle,,ROSARIO,Rosario,Hormigón,Pavimento,II,Dentro,Urbana,Ninguna,No existe,Intersección,Bueno,Buena,Nocturna,Buen Tiempo,Lateral,S/D,Colisión,Ninguna,S/D,Ninguna,Sin restricción,POINT (-60.653803100000005 -32.9399875),"['Alvear', 'Urquiza']",2,Alvear; Justo José de Urquiza,-32.9399875,-60.653803100000005,55.0,538.0,Municipio Rosario,Municipio,Rosario,820210,Servicio de Catastro e Información Territorial,IGN
2017,2487,2017-05-08,Lunes,0.0,9:50:00,,0.0,2,"Transporte de Pasajeros Urbano (> 8 asientos),Peatón",San Lorenzo Y Av. Corrientes,2,1,0,0,1,0,0,,Calle,,ROSARIO,Rosario,Asfalto,S/D,II,Dentro,Urbana,Semáforo,Funciona,Intersección,Bueno,Buena,Diurna,Buen Tiempo,S/D,S/D,Caída ocupante,Ninguna,Vertical,Ninguna,S/D,POINT (-60.64177480000001 -32.9433995),"['San Lorenzo', 'Corrientes']",2,San Lorenzo; Corrientes,-32.9433995,-60.64177480000001,55.0,538.0,Municipio Rosario,Municipio,Rosario,820210,Servicio de Catastro e Información Territorial,IGN
2017,2488,2017-05-06,Sabado,0.0,21:25:00,,0.0,2,"Bicicleta,Automóvil",Alvear Y Catamarca,2,1,0,0,1,0,0,,Calle,,ROSARIO,Rosario,Asfalto,Pavimento,II,Dentro,Urbana,Señal Pare,No existe,Intersección,Bueno,Buena,Nocturna,Buen Tiempo,Lateral,S/D,Colisión,Ninguna,Vertical,Ninguna,S/D,POINT (-60.653209 -32.9376317),"['Alvear', 'Catamarca']",2,Alvear; Catamarca,-32.9376317,-60.653209,55.0,538.0,Municipio Rosario,Municipio,Rosario,820210,Servicio de Catastro e Información Territorial,IGN
2017,2489,2017-05-04,Jueves,0.0,15:45:00,,0.0,2,"Automóvil,Bicicleta",Salta Y Balcarce,2,1,0,0,1,0,0,,Calle,,ROSARIO,Rosario,Asfalto,No existe,II,Dentro,Urbana,Ninguna,No existe,Intersección,Bueno,Buena,Diurna,Buen Tiempo,S/D,Ciclista,Atropello,Ninguna,S/D,Ninguna,S/D,POINT (-60.6501714 -32.936959299999984),"['Salta', 'Balcarce']",2,Salta; Balcarce,-32.936959299999984,-60.6501714,55.0,538.0,Municipio Rosario,Municipio,Rosario,820210,Servicio de Catastro e Información Territorial,IGN
2017,2490,2017-05-03,Miercoles,0.0,14:30:00,,0.0,2,"Automóvil,Peatón",Paraguay Y Tucuman,2,1,0,0,1,0,0,,Calle,,ROSARIO,Rosario,Asfalto,S/D,II,Dentro,Urbana,Señal Pare,S/D,Intersección,Bueno,Buena,Diurna,Buen Tiempo,S/D,Peatón,Atropello,Ninguna,Vertical,Ninguna,S/D,POINT (-60.6425624 -32.94080369999999),"['Paraguay', 'Tucumán']",2,Paraguay; Tucumán,-32.94080369999999,-60.6425624,55.0,538.0,Municipio Rosario,Municipio,Rosario,820210,Servicio de Catastro e Información Territorial,IGN
2017,2491,2017-05-01,Lunes,0.0,13:50:00,,0.0,2,"Automóvil,Bicicleta",Av. Belgrano Y San Martin,2,1,0,0,1,0,0,,Calle,,ROSARIO,Rosario,Hormigón,Pavimento,II,Dentro,Urbana,Semáforo,Funciona,Intersección,Bueno,Buena,Diurna,Buen Tiempo,S/D,Ciclista,Atropello,Ninguna,Vertical,Ninguna,S/D,POINT (-60.6351258 -32.9409549),"['Belgrano', 'San Martin']",2,"('Avenida Manuel Belgrano', 'José de San Martín')",-32.9409549,-60.6351258,55.0,538.0,Municipio Rosario,Municipio,Rosario,820210,Servicio de Catastro e Información Territorial,IGN
2017,2492,2017-05-26,Viernes,0.0,16:20:00,,0.0,2,"Moto/Ciclomotor,Pickup/Utilitario",J.M.de Rosas 1200,2,1,0,0,1,0,0,,Calle,,ROSARIO,Rosario,Asfalto,No existe,II,Dentro,Urbana,Ninguna,No existe,Recta,Bueno,Buena,Diurna,Buen Tiempo,Lateral,S/D,Colisión,Ninguna,Horizontal,Ninguna,Sin restricción,"-32.9917606, -60.641953",['J M De Rosas 1200'],1,J M De Rosas 1200,-32.9917606,-60.641953,55.0,538.0,Municipio Rosario,Municipio,Rosario,820210,Servicio de Catastro e Información Territorial,IGN
2017,2493,2017-05-27,Sabado,0.0,1:30:00,,0.0,2,"Moto/Ciclomotor,Pickup/Utilitario",Mendoza Y Italia,2,1,0,0,1,0,0,,Calle,,ROSARIO,Rosario,Asfalto,S/D,II,Dentro,Urbana,Semáforo,Funciona,Intersección,Bueno,Buena,Nocturna,Buen Tiempo,Lateral,S/D,Colisión,Ninguna,"Horizontal,Vertical",Ninguna,S/D,POINT (-60.6491502 -32.9498054),"['Mendoza', 'Italia']",2,Mendoza; Italia,-32.9498054,-60.6491502,55.0,538.0,Municipio Rosario,Municipio,Rosario,820210,Servicio de Catastro e Información Territorial,IGN
2017,2494,2017-05-29,Lunes,0.0,14:12:00,,0.0,2,"Peatón,Automóvil",San Luis Y Bv. Oroño,2,1,0,0,1,0,0,,Avenida,,ROSARIO,Rosario,Asfalto,S/D,II,Dentro,Urbana,Semáforo,Funciona,Intersección,Bueno,Buena,Diurna,Buen Tiempo,S/D,Peatón,Atropello,Ninguna,Vertical,Ninguna,S/D,POINT (-60.6539474 -32.946329600000006),"['San Luis', 'Bulevar Nicasio Oroño']",2,San Luis; Bulevar Nicasio Oroño,-32.946329600000006,-60.6539474,55.0,538.0,Municipio Rosario,Municipio,Rosario,820210,Servicio de Catastro e Información Territorial,IGN
2017,2495,2017-05-30,Martes,0.0,7:15:00,,0.0,2,"Moto/Ciclomotor,Automóvil",3 De Febrero Y Mariano Moreno,2,1,0,0,1,0,0,,Calle,,ROSARIO,Rosario,Asfalto,S/D,II,Dentro,Urbana,Señal Pare,No existe,Intersección,Bueno,Buena,Amanecer,Buen Tiempo,Lateral,S/D,Colisión,Ninguna,Vertical,Ninguna,S/D,POINT (-60.6522175 -32.95056480000001),"['3 de Febrero', 'Mariano Moreno']",2,3 de Febrero; Mariano Moreno,-32.95056480000001,-60.6522175,55.0,538.0,Municipio Rosario,Municipio,Rosario,820210,Servicio de Catastro e Información Territorial,IGN
2017,2496,2017-05-16,Martes,0.0,14:50:00,,0.0,2,"Moto/Ciclomotor,Automóvil",Bv. Oroño Y Rioja,2,1,0,0,1,0,0,,Calle,,ROSARIO,Rosario,Asfalto,S/D,II,Dentro,Urbana,Semáforo,Funciona,Intersección,Bueno,Buena,Diurna,Lluvia,Lateral,S/D,Colisión,Agua,Vertical,Ninguna,Sin restricción,POINT (-60.65360565 -32.944843999999996),"['Bulevar Nicasio Oroño', 'Rioja']",2,Bulevar Nicasio Oroño; Rioja,-32.944844,-60.65360565,55.0,538.0,Municipio Rosario,Municipio,Rosario,820210,Servicio de Catastro e Información Territorial,IGN
2017,2497,2017-05-17,Miercoles,0.0,10:50:00,,0.0,2,"Moto/Ciclomotor,Automóvil",Laprida Y Av. Pellegrini,3,2,0,0,1,0,0,,Avenida,,ROSARIO,Rosario,Asfalto,Pavimento,II,Dentro,Urbana,Semáforo,Funciona,Intersección,Bueno,Buena,Diurna,Buen Tiempo,Lateral,S/D,Colisión,Ninguna,Vertical,Ninguna,S/D,POINT (-60.63694769999999 -32.958013449999996),"['Laprida', 'Pellegrini']",2,Francisco Narciso Laprida; Avenida Carlos Pellegrini,-32.95801345,-60.63694769999999,55.0,538.0,Municipio Rosario,Municipio,Rosario,820210,Servicio de Catastro e Información Territorial,IGN
2017,2498,2017-05-16,Martes,0.0,18:20:00,,0.0,2,"Automóvil,Bicicleta",3 De Febrero Y Italia,2,1,0,0,1,0,0,,Calle,,ROSARIO,Rosario,Asfalto,Pavimento,II,Dentro,Urbana,Ninguna,No existe,Intersección,Bueno,Buena,Diurna,Buen Tiempo,S/D,Ciclista,Atropello,Ninguna,Horizontal,Ninguna,Sin restricción,POINT (-60.6494628 -32.95104619999999),"['3 de Febrero', 'Italia']",2,3 de Febrero; Italia,-32.95104619999999,-60.6494628,55.0,538.0,Municipio Rosario,Municipio,Rosario,820210,Servicio de Catastro e Información Territorial,IGN
2017,2499,2017-05-04,Jueves,0.0,,,0.0,2,"Moto/Ciclomotor,Automóvil",3 De Febrero Y Constitucion,2,1,0,0,1,0,0,,Calle,,ROSARIO,Rosario,Asfalto,No existe,II,Dentro,Urbana,Ninguna,No existe,Intersección,S/D,Buena,S/D,Buen Tiempo,Lateral,S/D,Colisión,S/D,S/D,Ninguna,S/D,POINT (-60.675293 -32.94642889999999),"['3 de Febrero', 'Constitución']",2,3 de Febrero; Constitución,-32.94642889999999,-60.675293,55.0,538.0,Municipio Rosario,Municipio,Rosario,820210,Servicio de Catastro e Información Territorial,IGN
2017,2500,2017-05-04,Jueves,0.0,18:00:00,,0.0,2,"Bicicleta,Moto/Ciclomotor",San Luis 2500,2,1,0,0,1,0,0,,Calle,,ROSARIO,Rosario,Asfalto,No existe,II,Fuera,Urbana,Ninguna,No existe,Intersección,S/D,Buena,Diurna,Buen Tiempo,S/D,Ciclista,Atropello,S/D,S/D,Ninguna,S/D,"-32.9456068, -60.6577888",['San Luis 2500'],1,San Luis 2500,-32.9456068,-60.6577888,55.0,538.0,Municipio Rosario,Municipio,Rosario,820210,Servicio de Catastro e Información Territorial,IGN
2017,2502,2017-05-07,Domingo,0.0,20:20:00,,0.0,2,"Taxi/Remis,Moto/Ciclomotor",3 De Febrero Y Bv. Avellaneda,2,0,1,0,1,0,0,,Avenida,,ROSARIO,Rosario,Asfalto,No existe,II,Dentro,Urbana,Ninguna,No existe,Intersección,Otro,Buena,Nocturna,Buen Tiempo,Lateral,S/D,Colisión,Ninguna,S/D,Ninguna,S/D,POINT (-60.6807366 -32.945458),"['3 de Febrero', 'Avellaneda']",2,3 de Febrero; Bulevar Nicolás Avellaneda,-32.945458,-60.6807366,55.0,538.0,Municipio Rosario,Municipio,Rosario,820210,Servicio de Catastro e Información Territorial,IGN
2017,2503,2017-05-11,Jueves,0.0,14:40:00,,0.0,2,"Moto/Ciclomotor,Automóvil",Iriondo Y Montevideo,4,1,0,0,3,0,0,,Calle,,ROSARIO,Rosario,Asfalto,S/D,II,Dentro,Urbana,Ninguna,S/D,Intersección,Otro,Buena,Diurna,Buen Tiempo,Lateral,S/D,Colisión,Ninguna,S/D,Ninguna,S/D,POINT (-60.6720567 -32.9505233),"['Iriondo', 'Montevideo']",2,Iriondo; Montevideo,-32.9505233,-60.6720567,55.0,538.0,Municipio Rosario,Municipio,Rosario,820210,Servicio de Catastro e Información Territorial,IGN
2017,2504,2017-05-10,Miercoles,0.0,,,0.0,2,"Automóvil,Automóvil",Montevideo Y Valparaiso,3,2,0,0,1,0,0,,Calle,,ROSARIO,Rosario,Asfalto,S/D,II,Dentro,Urbana,Ninguna,S/D,Intersección,Bueno,S/D,S/D,Buen Tiempo,Lateral,S/D,Colisión,Ninguna,S/D,Ninguna,S/D,POINT (-60.6842986 -32.9483258),"['Montevideo', 'Valparaíso']",2,Montevideo; Valparaíso,-32.9483258,-60.6842986,55.0,538.0,Municipio Rosario,Municipio,Rosario,820210,Servicio de Catastro e Información Territorial,IGN
2017,2505,2017-05-12,Viernes,0.0,12:15:00,,0.0,2,"Pickup/Utilitario,Automóvil",3 De Febrero Y Pascual Rosas,2,1,0,0,1,0,0,,Calle,,ROSARIO,Rosario,Asfalto,S/D,II,Dentro,Urbana,Ninguna,S/D,Intersección,Bueno,S/D,S/D,Buen Tiempo,Lateral,S/D,Colisión,Ninguna,S/D,Ninguna,S/D,POINT (-60.687509199999994 -32.9442313),"['3 de Febrero', 'Pascual Rosas']",2,3 de Febrero; Pascual Rosas,-32.9442313,-60.6875092,55.0,538.0,Municipio Rosario,Municipio,Rosario,820210,Servicio de Catastro e Información Territorial,IGN