anio_acci,nro_acci,fecha,desc_dia,fecha_aprox,hora_aprox,desc_ruta,km,cant_participantes,desc_participante,calle_avenida_km,total,heridos_leves,heridos_graves,heridos_gravisimos,ilesos,fallecidos,sin_datos,posicion_XY,desc_tipo_via,desc_ruta_ori,desc_loc,desc_dpto,desc_tipo_calzada,desc_tipo_banquina,desc_unidad_regional,desc_lugar_calzada,desc_zona,desc_prioridad,desc_estado_semaforo,desc_lugar_via,desc_estado_via,desc_estado_visibilidad,desc_luminosidad,desc_estado_clima,desc_tipo_colision,desc_tipo_atropello,desc_tipo_hecho,desc_pres_calzada,desc_senializacion,desc_separacion_via,desc_restriccion,forma_geocod,calle_lista,numero_calles,calles_osm,lat,lon,index_right,gid,fna,gna,nam,in1,fdc,sag
2017,2506,2017-05-14,Domingo,0.0,6:30:00,,0.0,2,"Automóvil,Pickup/Utilitario",Vera Mujica Y San Juan,2,1,0,0,1,0,0,,Calle,,ROSARIO,Rosario,Asfalto,S/D,II,Dentro,Urbana,Ninguna,S/D,Intersección,Otro,Buena,Amanecer,Buen Tiempo,Lateral,S/D,Colisión,Ninguna,S/D,Ninguna,S/D,POINT (-60.6678428 -32.94501609999999),"['Vera Mujíca', 'San Juan']",2,Vera Mujíca; San Juan,-32.94501609999999,-60.6678428,55.0,538.0,Municipio Rosario,Municipio,Rosario,820210,Servicio de Catastro e Información Territorial,IGN
2017,2507,2017-05-15,Lunes,0.0,13:00:00,,0.0,2,"Moto/Ciclomotor,Moto/Ciclomotor",Bv. Avellaneda Y San Juan,2,1,0,0,1,0,0,,Avenida,,ROSARIO,Rosario,Asfalto,S/D,II,Dentro,Urbana,Ninguna,S/D,Intersección,Otro,Buena,Diurna,Buen Tiempo,Lateral,S/D,Colisión,Ninguna,S/D,Ninguna,S/D,POINT (-60.680076299999996 -32.94284435),"['Avellaneda', 'San Juan']",2,Bulevar Nicolás Avellaneda; San Juan,-32.94284435,-60.6800763,55.0,538.0,Municipio Rosario,Municipio,Rosario,820210,Servicio de Catastro e Información Territorial,IGN
2017,2508,2017-05-17,Miercoles,0.0,9:00:00,,0.0,2,"Automóvil,Moto/Ciclomotor",3 De Febrero Y Vera Mujica,3,2,0,0,1,0,0,,Calle,,ROSARIO,Rosario,Asfalto,No existe,II,Dentro,Urbana,Ninguna,No existe,Intersección,S/D,Buena,Diurna,Buen Tiempo,Lateral,S/D,Colisión,S/D,S/D,Ninguna,S/D,POINT (-60.668509099999994 -32.94765369999999),"['3 de Febrero', 'Vera Mujíca']",2,3 de Febrero; Vera Mujíca,-32.94765369999999,-60.6685091,55.0,538.0,Municipio Rosario,Municipio,Rosario,820210,Servicio de Catastro e Información Territorial,IGN
2017,2509,2017-05-17,Miercoles,0.0,15:30:00,,0.0,2,"Moto/Ciclomotor,Moto/Ciclomotor",San Juan Y Bv. Avellaneda,2,1,0,0,1,0,0,,Calle,,ROSARIO,Rosario,Asfalto,S/D,II,Dentro,Urbana,Ninguna,S/D,Intersección,Bueno,Buena,Diurna,Buen Tiempo,Lateral,S/D,Colisión,Ninguna,S/D,Ninguna,S/D,POINT (-60.680076299999996 -32.94284435),"['San Juan', 'Avellaneda']",2,San Juan; Bulevar Nicolás Avellaneda,-32.94284435,-60.6800763,55.0,538.0,Municipio Rosario,Municipio,Rosario,820210,Servicio de Catastro e Información Territorial,IGN
2017,2510,2017-05-13,Sabado,0.0,14:10:00,,0.0,2,"Automóvil,Moto/Ciclomotor",Cordoba Y Constitucion,2,1,0,0,1,0,0,,Calle,,ROSARIO,Rosario,Asfalto,S/D,II,Dentro,Urbana,Ninguna,S/D,Intersección,Otro,Buena,Diurna,Buen Tiempo,Lateral,S/D,Colisión,Ninguna,S/D,Cordón divisorio,S/D,POINT (-60.6736949 -32.9400567),"['Córdoba', 'Constitución']",2,Córdoba; Constitución,-32.9400567,-60.6736949,55.0,538.0,Municipio Rosario,Municipio,Rosario,820210,Servicio de Catastro e Información Territorial,IGN
2017,2512,2017-05-16,Martes,0.0,19:40:00,,0.0,2,"Moto/Ciclomotor,Automóvil",Av. Genova Y Fraga,3,1,0,0,2,0,0,,Calle,,ROSARIO,Rosario,Asfalto,No existe,II,Dentro,Urbana,Ninguna,No existe,Intersección,Bueno,Buena,Nocturna,Buen Tiempo,Lateral,S/D,Colisión,Ninguna,S/D,Ninguna,Sin restricción,POINT (-60.7115738 -32.9159605),"['Genova', 'Fraga']",2,Avenida Génova; Rosendo María Fraga,-32.9159605,-60.7115738,55.0,538.0,Municipio Rosario,Municipio,Rosario,820210,Servicio de Catastro e Información Territorial,IGN
2017,2513,2017-05-16,Martes,0.0,9:15:00,,0.0,2,"Moto/Ciclomotor,Automóvil",Garzon Y J.J.Paso,2,1,0,0,1,0,0,,Calle,,ROSARIO,Rosario,Asfalto,No existe,II,Dentro,Urbana,Ninguna,No existe,Intersección,Bueno,Buena,Diurna,Buen Tiempo,Lateral,S/D,Colisión,Ninguna,Faltante,Ninguna,Sin restricción,POINT (-60.7063232 -32.92003734999999),"['Garzón', 'Paso']",2,"('Garzón', 'Avenida Juan José Paso')",-32.92003734999999,-60.7063232,55.0,538.0,Municipio Rosario,Municipio,Rosario,820210,Servicio de Catastro e Información Territorial,IGN
2017,2524,2017-05-03,Miercoles,0.0,14:03:00,,0.0,2,"Automóvil,Moto/Ciclomotor",Entre Rios 700,2,1,0,0,1,0,0,,Calle,,ROSARIO,Rosario,Hormigón,Pavimento,II,Dentro,Urbana,Ninguna,No existe,Recta,Bueno,Buena,Diurna,Buen Tiempo,Lateral,S/D,Colisión,Ninguna,Vertical,Cordón divisorio,Sin restricción,"-32.9445262, -60.6406617",['Entre Rios 700'],1,Entre Rios 700,-32.9445262,-60.6406617,55.0,538.0,Municipio Rosario,Municipio,Rosario,820210,Servicio de Catastro e Información Territorial,IGN
2017,2525,2017-05-03,Miercoles,0.0,8:55:00,,0.0,2,"Automóvil,Peatón",Mendoza Y Alvear,2,1,0,0,1,0,0,,Calle,,ROSARIO,Rosario,Asfalto,Pavimento,II,Dentro,Urbana,Semáforo,Funciona,Intersección,Bueno,Buena,Diurna,Buen Tiempo,S/D,Peatón,Atropello,Ninguna,Vertical,Cordón divisorio,S/D,POINT (-60.6559491 -32.9485925),"['Mendoza', 'Alvear']",2,Mendoza; Alvear,-32.9485925,-60.6559491,55.0,538.0,Municipio Rosario,Municipio,Rosario,820210,Servicio de Catastro e Información Territorial,IGN
2017,2526,2017-05-06,Sabado,0.0,8:50:00,,0.0,2,"Automóvil,Automóvil",Av. Pellegrini Y J.M.de Rosas,2,2,0,0,0,0,0,,Calle,,ROSARIO,Rosario,Asfalto,Pavimento,II,Dentro,Urbana,Ninguna,Funciona,Intersección,Bueno,Buena,Diurna,Buen Tiempo,Lateral,S/D,Colisión,Ninguna,Vertical,Cordón divisorio,Sin restricción,POINT (-60.63399975 -32.95854455),"['Pellegrini', 'De Rosas']",2,Avenida Carlos Pellegrini; Juan Manuel de Rosas,-32.95854455,-60.63399975,55.0,538.0,Municipio Rosario,Municipio,Rosario,820210,Servicio de Catastro e Información Territorial,IGN
2017,2528,2017-05-08,Lunes,0.0,12:25:00,,0.0,2,"Automóvil,Peatón",E.Zeballos Y Paraguay,2,1,0,0,1,0,0,,Calle,,ROSARIO,Rosario,Asfalto,Pavimento,II,Dentro,Urbana,Ninguna,S/D,Intersección,Bueno,Buena,Diurna,Buen Tiempo,S/D,Peatón,Atropello,Ninguna,Horizontal,Cordón divisorio,Sin restricción,POINT (-60.645889 -32.9540204),"['Zeballos', 'Paraguay']",2,Zeballos; Paraguay,-32.9540204,-60.645889,55.0,538.0,Municipio Rosario,Municipio,Rosario,820210,Servicio de Catastro e Información Territorial,IGN
2017,2529,2017-05-08,Lunes,0.0,18:15:00,,0.0,2,"Moto/Ciclomotor,Automóvil",E.Zeballos Y Alvear,2,0,1,0,1,0,0,,Calle,,ROSARIO,Rosario,Asfalto,Pavimento,II,Dentro,Urbana,S/D,S/D,Intersección,Bueno,Buena,Diurna,S/D,Lateral,S/D,Colisión,Ninguna,Horizontal,Cordón divisorio,S/D,POINT (-60.6568183 -32.9520403),"['Zeballos', 'Alvear']",2,Zeballos; Alvear,-32.9520403,-60.6568183,55.0,538.0,Municipio Rosario,Municipio,Rosario,820210,Servicio de Catastro e Información Territorial,IGN
2017,2530,2017-05-11,Jueves,0.0,1:45:00,,0.0,2,"Taxi/Remis,Automóvil",Av. Pellegrini Y Entre Rios,3,3,0,0,0,0,0,,Calle,,ROSARIO,Rosario,Asfalto,Pavimento,II,Dentro,Urbana,Semáforo,Funciona,Intersección,Bueno,Buena,Nocturna,Buen Tiempo,Lateral,S/D,Colisión,Ninguna,Vertical,Cordón divisorio,Sin restricción,POINT (-60.6436612 -32.95680645),"['Pellegrini', 'Entre Ríos']",2,Avenida Carlos Pellegrini; Entre Ríos,-32.95680645,-60.6436612,55.0,538.0,Municipio Rosario,Municipio,Rosario,820210,Servicio de Catastro e Información Territorial,IGN
2017,2531,2017-05-07,Domingo,0.0,14:15:00,,0.0,2,"Moto/Ciclomotor,Automóvil",Montevideo Y Ayacucho,3,2,0,0,1,0,0,,Calle,,ROSARIO,Rosario,Asfalto,Pavimento,II,Dentro,Urbana,Ninguna,S/D,Intersección,Bueno,Buena,Diurna,Buen Tiempo,Lateral,S/D,Colisión,Ninguna,Horizontal,Cordón divisorio,Sin restricción,POINT (-60.629323799999995 -32.9581269),"['Montevideo', 'Ayacucho']",2,Montevideo; Ayacucho,-32.9581269,-60.6293238,55.0,538.0,Municipio Rosario,Municipio,Rosario,820210,Servicio de Catastro e Información Territorial,IGN
2017,2532,2017-05-11,Jueves,0.0,23:40:00,,0.0,2,"Peatón,Automóvil",Pte.Roca Y San Juan,2,1,0,0,1,0,0,,Calle,,ROSARIO,Rosario,Asfalto,Pavimento,II,Dentro,Urbana,Semáforo,Funciona,Intersección,Bueno,Buena,Nocturna,Buen Tiempo,S/D,Peatón,Atropello,Ninguna,Vertical,Cordón divisorio,Sin restricción,POINT (-60.6460286 -32.948920400000006),"['Roca', 'San Juan']",2,"('Presidente Roca', 'San Juan')",-32.948920400000006,-60.6460286,55.0,538.0,Municipio Rosario,Municipio,Rosario,820210,Servicio de Catastro e Información Territorial,IGN
2017,2535,2017-05-23,Martes,0.0,14:10:00,,0.0,2,"Peatón,Automóvil",Santa Fe Y Balcarce,2,1,0,0,0,0,1,,Calle,,ROSARIO,Rosario,Asfalto,Pavimento,II,Dentro,Urbana,Semáforo,Funciona,Intersección,Bueno,Buena,Diurna,Buen Tiempo,S/D,Peatón,Atropello,Ninguna,Vertical,"Cordón divisorio,Ninguna",Sin restricción,POINT (-60.65159370000001 -32.94261169999999),"['Santa Fe', 'Balcarce']",2,Santa Fe; Balcarce,-32.94261169999999,-60.65159370000001,55.0,538.0,Municipio Rosario,Municipio,Rosario,820210,Servicio de Catastro e Información Territorial,IGN
2017,2536,2017-05-22,Lunes,0.0,13:50:00,,0.0,3,"Moto/Ciclomotor,Automóvil,Transporte de Pasajeros Urbano (> 8 asientos)",Paraguay Y 9 De Julio,5,2,0,0,2,0,1,,Calle,,ROSARIO,Rosario,Asfalto,Pavimento,II,Dentro,Urbana,S/D,S/D,Intersección,Bueno,Buena,Diurna,Buen Tiempo,"Lateral,Múltiple",S/D,Colisión,Ninguna,Vertical,Cordón divisorio,Sin restricción,POINT (-60.645596 -32.952859899999986),"['Paraguay', '9 de Julio']",2,Paraguay; 9 de Julio,-32.952859899999986,-60.645596,55.0,538.0,Municipio Rosario,Municipio,Rosario,820210,Servicio de Catastro e Información Territorial,IGN
2017,2537,2017-05-20,Sabado,0.0,9:25:00,,0.0,2,"Automóvil,Bicicleta",3 De Febrero Y Italia,4,1,0,0,3,0,0,,Calle,,ROSARIO,Rosario,Asfalto,Pavimento,II,Dentro,Urbana,Ninguna,No existe,Intersección,Bueno,Buena,Diurna,Buen Tiempo,S/D,Ciclista,Atropello,Ninguna,Faltante,Cordón divisorio,Sin restricción,POINT (-60.6494628 -32.95104619999999),"['3 de Febrero', 'Italia']",2,3 de Febrero; Italia,-32.95104619999999,-60.6494628,55.0,538.0,Municipio Rosario,Municipio,Rosario,820210,Servicio de Catastro e Información Territorial,IGN
2017,2539,2017-05-09,Martes,0.0,11:20:00,,0.0,2,"Automóvil,Bicicleta",San Juan Y Av. Corrientes,2,1,0,0,1,0,0,,Calle,,ROSARIO,Rosario,Asfalto,Pavimento,II,Dentro,Urbana,Semáforo,Funciona,Intersección,Bueno,Buena,Diurna,Buen Tiempo,S/D,Ciclista,Atropello,Ninguna,"Horizontal,Vertical",Cordón divisorio,Sin restricción,POINT (-60.6432136 -32.949283399999985),"['San Juan', 'Corrientes']",2,"('Dársena San Juan', 'Corrientes')",-32.949283399999985,-60.6432136,55.0,538.0,Municipio Rosario,Municipio,Rosario,820210,Servicio de Catastro e Información Territorial,IGN
2017,2540,2017-05-26,Viernes,0.0,13:45:00,,0.0,2,"Moto/Ciclomotor,Peatón",San Luis 1600,2,1,0,0,1,0,0,,Calle,,ROSARIO,Rosario,Asfalto,Pavimento,II,Dentro,Urbana,Ninguna,No existe,Recta,Bueno,Buena,Diurna,Buen Tiempo,S/D,Peatón,Atropello,Ninguna,Horizontal,Cordón divisorio,Sin restricción,"-32.9477544, -60.6456245",['San Luis 1600'],1,San Luis 1600,-32.9477544,-60.6456245,55.0,538.0,Municipio Rosario,Municipio,Rosario,820210,Servicio de Catastro e Información Territorial,IGN
2017,2541,2017-05-22,Lunes,0.0,7:25:00,,0.0,2,"Transporte de Pasajeros Urbano (> 8 asientos),Bicicleta",Santa Fe Y Av. Corrientes,2,1,0,0,1,0,0,,Calle,,ROSARIO,Rosario,Hormigón,Pavimento,II,Dentro,Urbana,Semáforo,Funciona,Intersección,Bueno,Buena,Diurna,Buen Tiempo,S/D,Ciclista,Atropello,Ninguna,Vertical,Ninguna,Sin restricción,POINT (-60.6420191 -32.9443578),"['Santa Fe', 'Corrientes']",2,Santa Fe; Corrientes,-32.9443578,-60.6420191,55.0,538.0,Municipio Rosario,Municipio,Rosario,820210,Servicio de Catastro e Información Territorial,IGN
2017,2542,2017-05-14,Domingo,0.0,4:40:00,,0.0,2,"Automóvil,Automóvil",Bv. Oroño Y Catamarca,3,2,0,0,1,0,0,,Calle,,ROSARIO,Rosario,Hormigón,Pavimento,II,Dentro,Urbana,Ninguna,No existe,Intersección,Bueno,Buena,Nocturna,Buen Tiempo,Frontal,S/D,Colisión,Ninguna,Faltante,Ninguna,Sin restricción,POINT (-60.651806750000006 -32.9378818),"['Bulevar Nicasio Oroño', 'Catamarca']",2,Bulevar Nicasio Oroño; Catamarca,-32.9378818,-60.651806750000006,55.0,538.0,Municipio Rosario,Municipio,Rosario,820210,Servicio de Catastro e Información Territorial,IGN
2017,2543,2017-05-13,Sabado,0.0,22:50:00,,0.0,2,"Moto/Ciclomotor,Taxi/Remis",Pte.Roca Y Jujuy,2,1,0,0,1,0,0,,Calle,,ROSARIO,Rosario,Asfalto,Pavimento,II,Dentro,Urbana,Ninguna,No existe,Intersección,Bueno,Buena,Nocturna,Buen Tiempo,Lateral,S/D,Colisión,Ninguna,Faltante,Ninguna,Sin restricción,POINT (-60.64306650000001 -32.93700309999999),"['Roca', 'Jujuy']",2,Presidente Roca; Jujuy,-32.93700309999999,-60.64306650000001,55.0,538.0,Municipio Rosario,Municipio,Rosario,820210,Servicio de Catastro e Información Territorial,IGN
2017,2544,2017-05-28,Domingo,0.0,14:30:00,,0.0,2,"Automóvil,Automóvil",Av. Sorrento Y Av. Provincias Unidas,9,5,0,0,4,0,0,,Calle,,ROSARIO,Rosario,Asfalto,No existe,II,Dentro,Urbana,Señal Ceda el Paso,No existe,Recta,Bueno,Buena,Diurna,Buen Tiempo,De alcance,S/D,Colisión,Ninguna,Vertical,Línea divisoria pintada,Sin restricción,POINT (-60.714102249999996 -32.9083328),"['Sorrento', 'Avenida Provincias Unidas']",2,Avenida Sorrento; Avenida Provincias Unidas,-32.9083328,-60.71410225,55.0,538.0,Municipio Rosario,Municipio,Rosario,820210,Servicio de Catastro e Información Territorial,IGN
2017,2545,2017-05-28,Domingo,0.0,21:30:00,,0.0,2,"Moto/Ciclomotor,Moto/Ciclomotor",La Paz Y L.N.Alem,3,2,0,0,1,0,0,,Calle,,ROSARIO,Rosario,Asfalto,No existe,II,Dentro,Urbana,S/D,S/D,Intersección,Bueno,Buena,Nocturna,Buen Tiempo,S/D,S/D,Colisión,Ninguna,S/D,S/D,Sin restricción,POINT (-60.6327207 -32.96593089999998),"['La Paz', 'Alem']",2,La Paz; Leandro N. Alem,-32.96593089999998,-60.6327207,55.0,538.0,Municipio Rosario,Municipio,Rosario,820210,Servicio de Catastro e Información Territorial,IGN
2017,2546,2017-05-07,Domingo,0.0,12:00:00,,0.0,2,"Automóvil,Automóvil",San Martin Y F.Frias,4,1,0,0,1,0,2,,Avenida,,ROSARIO,Rosario,Asfalto,S/D,II,S/D,S/D,Semáforo,S/D,Intersección,Bueno,S/D,Diurna,Buen Tiempo,Lateral,S/D,Colisión,Ninguna,Vertical,Cordón divisorio,Sin restricción,POINT (-60.65123249999999 -33.012044399999986),"['San Martin', 'Frias']",2,José de San Martín; Frias,-33.012044399999986,-60.65123249999999,55.0,538.0,Municipio Rosario,Municipio,Rosario,820210,Servicio de Catastro e Información Territorial,IGN
2017,2549,2017-05-08,Lunes,0.0,16:05:00,,0.0,2,"Automóvil,Moto/Ciclomotor",Av. Francia Y Viamonte,2,1,0,0,1,0,0,,Avenida,,ROSARIO,Rosario,Asfalto,S/D,II,S/D,Urbana,Semáforo,Funciona,Intersección,Bueno,Buena,Diurna,Buen Tiempo,S/D,S/D,Colisión,S/D,S/D,S/D,S/D,POINT (-60.670278800000006 -32.96040305),"['Avenida Francia', 'Viamonte']",2,Avenida Francia; Viamonte,-32.96040305,-60.670278800000006,55.0,538.0,Municipio Rosario,Municipio,Rosario,820210,Servicio de Catastro e Información Territorial,IGN
2017,2551,2017-05-13,Sabado,0.0,3:30:00,,0.0,3,"Taxi/Remis,Automóvil,Automóvil",Bv. Rondeau Y Av. Irigoyen,3,2,0,0,1,0,0,,Avenida,,ROSARIO,Rosario,Asfalto,No existe,II,Dentro,Urbana,Semáforo,S/D,S/D,S/D,S/D,Nocturna,Buen Tiempo,Múltiple,S/D,Colisión,S/D,S/D,Cordón divisorio,Sin restricción,POINT (-60.695452875 -32.884458699999996),"['Rondeau', 'Avenida Hipólito Irigoyen']",2,Bulevar General José Rondeau; Avenida Hipólito Irigoyen,-32.8844587,-60.695452875,55.0,538.0,Municipio Rosario,Municipio,Rosario,820210,Servicio de Catastro e Información Territorial,IGN
2017,2552,2017-05-18,Jueves,0.0,15:30:00,,0.0,2,"Moto/Ciclomotor,Automóvil",Casilda Y Albert Sabin,2,1,0,0,1,0,0,,Calle,,ROSARIO,Rosario,Asfalto,Pavimento,II,S/D,Urbana,S/D,S/D,Intersección,S/D,S/D,Diurna,S/D,S/D,S/D,Colisión,S/D,S/D,S/D,S/D,POINT (-60.6778142 -32.9281639),"['Casilda', 'Avenida Travesía Albert Sabin']",2,Casilda; Avenida Travesía Albert Sabin,-32.9281639,-60.6778142,55.0,538.0,Municipio Rosario,Municipio,Rosario,820210,Servicio de Catastro e Información Territorial,IGN
2017,2553,2017-05-23,Martes,0.0,16:30:00,,0.0,2,"Otros,Peatón",Velez Sarsfield Y Bv. Avellaneda,2,1,0,0,1,0,0,,Calle,,ROSARIO,Rosario,Asfalto,S/D,II,S/D,Urbana,S/D,S/D,Intersección,S/D,S/D,Diurna,S/D,S/D,Peatón,Atropello,S/D,S/D,S/D,S/D,POINT (-60.67554685 -32.92489504999999),"['Vélez Sarsfield', 'Avellaneda']",2,Vélez Sarsfield; Bulevar Nicolás Avellaneda,-32.92489504999999,-60.67554685,55.0,538.0,Municipio Rosario,Municipio,Rosario,820210,Servicio de Catastro e Información Territorial,IGN
2017,2556,2017-05-08,Lunes,0.0,16:10:00,,0.0,2,"Automóvil,Moto/Ciclomotor",Bv. Avellaneda Y Gorriti,3,1,0,0,2,0,0,,Avenida,,ROSARIO,Rosario,Asfalto,S/D,II,S/D,Urbana,S/D,S/D,Intersección,S/D,S/D,Diurna,S/D,S/D,S/D,Colisión,S/D,S/D,S/D,S/D,POINT (-60.675163999999995 -32.92336300000001),"['Avellaneda', 'Gorriti']",2,Bulevar Nicolás Avellaneda; Gorriti,-32.92336300000001,-60.675164,55.0,538.0,Municipio Rosario,Municipio,Rosario,820210,Servicio de Catastro e Información Territorial,IGN
2017,2560,2017-05-03,Miercoles,0.0,17:20:00,,0.0,2,"Moto/Ciclomotor,Automóvil",Av. Francia 3200,2,1,0,0,1,0,0,,Avenida,,ROSARIO,Rosario,Asfalto,Pavimento,II,Dentro,Urbana,Ninguna,No existe,Recta,Bueno,Buena,Atardecer,Buen Tiempo,Lateral,S/D,Colisión,Ninguna,Faltante,Ninguna,Sin restricción,"-32.9694407, -60.6728027",['Francia 3200'],1,Francia 3200,-32.9694407,-60.6728027,55.0,538.0,Municipio Rosario,Municipio,Rosario,820210,Servicio de Catastro e Información Territorial,IGN
2017,2565,2017-05-27,Sabado,0.0,21:00:00,,0.0,3,"Bicicleta,Automóvil,Automóvil",Bv. Oroño Y Esteban de Luca,3,1,0,0,2,0,0,,Avenida,,ROSARIO,Rosario,Asfalto,No existe,II,Dentro,Urbana,Ninguna,No existe,Recta,Bueno,Buena,Con luz artificial,Buen Tiempo,Lateral,S/D,Colisión,Ninguna,Vertical,Cordón divisorio,Sin restricción,POINT (-60.6654315 -32.99547309999999),"['Bulevar Nicasio Oroño', 'Esteban de Luca']",2,Bulevar Nicasio Oroño; Esteban de Luca,-32.99547309999999,-60.6654315,55.0,538.0,Municipio Rosario,Municipio,Rosario,820210,Servicio de Catastro e Información Territorial,IGN
2017,2566,2017-05-29,Lunes,0.0,15:40:00,,0.0,2,"Automóvil,Taxi/Remis",Av. Ntra.Sra.del Rosario Y Rodriguez,2,1,0,0,1,0,0,,Avenida,,ROSARIO,Rosario,Asfalto,No existe,II,Dentro,Urbana,Ninguna,No existe,Intersección,Con baches,Buena,Diurna,Buen Tiempo,Lateral,S/D,Colisión,Ninguna,Faltante,Ninguna,Sin restricción,POINT (-60.6703096 -33.00074479999999),"['Nuestra Señora del Rosario', 'Rodríguez']",2,Puente Nuestra Señora del Rosario; Rodríguez de Escobedo,-33.00074479999999,-60.6703096,55.0,538.0,Municipio Rosario,Municipio,Rosario,820210,Servicio de Catastro e Información Territorial,IGN
2017,2567,2017-05-02,Martes,0.0,20:45:00,,0.0,2,"Moto/Ciclomotor,Automóvil",Dorrego Y Madre Cabrini,3,2,0,0,1,0,0,,Calle,,ROSARIO,Rosario,Asfalto,No existe,II,Dentro,Urbana,Ninguna,No existe,Intersección,Bueno,Buena,Con luz artificial,Buen Tiempo,Lateral,S/D,Colisión,Ninguna,Faltante,Ninguna,Sin restricción,POINT (-60.6604268 -33.00535479999999),"['Dorrego', 'Madre Cabrini']",2,Manuel Dorrego; Madre Cabrini,-33.00535479999999,-60.6604268,55.0,538.0,Municipio Rosario,Municipio,Rosario,820210,Servicio de Catastro e Información Territorial,IGN
2017,2568,2017-05-08,Lunes,0.0,18:30:00,,0.0,2,"Moto/Ciclomotor,Automóvil",Av. Arijon Y Dorrego,2,1,0,0,1,0,0,,Avenida,,ROSARIO,Rosario,Asfalto,No existe,II,Dentro,Urbana,Semáforo,Funciona,Recta,Bueno,Buena,Atardecer,Buen Tiempo,Lateral,S/D,Colisión,Ninguna,Vertical,Línea divisoria pintada,Sin restricción,POINT (-60.660499800000004 -33.003405999999984),"['Avenida Manuel Arijón', 'Dorrego']",2,Avenida Manuel Arijón; Manuel Dorrego,-33.003405999999984,-60.6604998,55.0,538.0,Municipio Rosario,Municipio,Rosario,820210,Servicio de Catastro e Información Territorial,IGN
2017,2569,2017-05-24,Miercoles,0.0,18:55:00,,0.0,2,"Automóvil,Taxi/Remis",Av. Pellegrini Y Italia,4,2,0,0,2,0,0,,Avenida,,ROSARIO,Rosario,Asfalto,No existe,II,Dentro,Urbana,Semáforo,Funciona,Intersección,Bueno,Reducida,"Atardecer,Con luz artificial",Buen Tiempo,Lateral,S/D,Colisión,Ninguna,Vertical,Cordón divisorio,Sin restricción,POINT (-60.650600100000005 -32.955561700000004),"['Pellegrini', 'Italia']",2,Avenida Carlos Pellegrini; Italia,-32.955561700000004,-60.650600100000005,55.0,538.0,Municipio Rosario,Municipio,Rosario,820210,Servicio de Catastro e Información Territorial,IGN
2017,2570,2017-05-19,Viernes,0.0,13:30:00,,0.0,2,"Automóvil,Moto/Ciclomotor",J.M.de Rosas Y Ayolas,3,2,0,0,1,0,0,,Calle,,ROSARIO,Rosario,Asfalto,No existe,II,S/D,Urbana,Ninguna,No existe,Intersección,Bueno,Buena,Diurna,Buen Tiempo,S/D,S/D,Colisión,Ninguna,Horizontal,Ninguna,S/D,POINT (-60.6389095 -32.9780403),"['De Rosas', 'Ayolas']",2,Juan Manuel de Rosas; Ayolas,-32.9780403,-60.6389095,55.0,538.0,Municipio Rosario,Municipio,Rosario,820210,Servicio de Catastro e Información Territorial,IGN
2017,2571,2017-05-08,Lunes,0.0,15:20:00,,0.0,2,"Automóvil,Automóvil",Necochea Y Biedma,4,1,0,0,3,0,0,,Calle,,ROSARIO,Rosario,Asfalto,No existe,II,S/D,Urbana,Ninguna,No existe,Intersección,Bueno,Buena,Diurna,Buen Tiempo,Lateral,S/D,Colisión,Ninguna,Faltante,Ninguna,Sin restricción,POINT (-60.63296999999999 -32.98387449999999),"['Necochea', 'Coronel Biedma']",2,Necochea; Coronel Biedma,-32.98387449999999,-60.63296999999999,55.0,538.0,Municipio Rosario,Municipio,Rosario,820210,Servicio de Catastro e Información Territorial,IGN
2017,2572,2017-05-05,Viernes,0.0,12:30:00,,0.0,3,"Automóvil,Automóvil,Automóvil",Virasoro Y Esmeralda,7,7,0,0,0,0,0,,Calle,,ROSARIO,Rosario,Asfalto,Natural,II,S/D,Urbana,Ninguna,No existe,Intersección,Bueno,Buena,Diurna,Buen Tiempo,De alcance,S/D,Colisión,S/D,S/D,Ninguna,Sin restricción,POINT (-60.6273375 -32.9729098),"['Virasoro', 'Esmeralda']",2,Benjamín Virasoro; Esmeralda,-32.9729098,-60.6273375,55.0,538.0,Municipio Rosario,Municipio,Rosario,820210,Servicio de Catastro e Información Territorial,IGN
2017,2575,2017-05-02,Martes,0.0,11:40:00,,0.0,2,"Automóvil,Automóvil",Mitre Y Pje. Mozart,3,1,0,0,2,0,0,,Calle,,ROSARIO,Rosario,Asfalto,No existe,II,Dentro,Urbana,Ninguna,No existe,Intersección,Bueno,Buena,Diurna,Buen Tiempo,Lateral,S/D,Colisión,Ninguna,Faltante,Ninguna,S/D,POINT (-60.648193 -32.98058149999999),"['Mitre', 'Mozart']",2,Bartolomé Mitre; Pasaje Mozart,-32.98058149999999,-60.648193,55.0,538.0,Municipio Rosario,Municipio,Rosario,820210,Servicio de Catastro e Información Territorial,IGN
2017,2576,2017-05-02,Martes,0.0,18:15:00,,0.0,2,"Automóvil,Bicicleta",Entre Rios Y Dr.Rivas,2,1,0,0,1,0,0,,Calle,,ROSARIO,Rosario,Asfalto,No existe,II,Dentro,Urbana,Ninguna,No existe,Intersección,Bueno,Buena,Atardecer,Buen Tiempo,S/D,S/D,Atropello,S/D,Faltante,Ninguna,Sin restricción,POINT (-60.650316499999995 -32.9831791),"['Entre Ríos', 'Doctor Francisco Riva']",2,Entre Ríos; Doctor Francisco Riva,-32.9831791,-60.6503165,55.0,538.0,Municipio Rosario,Municipio,Rosario,820210,Servicio de Catastro e Información Territorial,IGN