anio_acci,nro_acci,fecha,desc_dia,fecha_aprox,hora_aprox,desc_ruta,km,cant_participantes,desc_participante,calle_avenida_km,total,heridos_leves,heridos_graves,heridos_gravisimos,ilesos,fallecidos,sin_datos,posicion_XY,desc_tipo_via,desc_ruta_ori,desc_loc,desc_dpto,desc_tipo_calzada,desc_tipo_banquina,desc_unidad_regional,desc_lugar_calzada,desc_zona,desc_prioridad,desc_estado_semaforo,desc_lugar_via,desc_estado_via,desc_estado_visibilidad,desc_luminosidad,desc_estado_clima,desc_tipo_colision,desc_tipo_atropello,desc_tipo_hecho,desc_pres_calzada,desc_senializacion,desc_separacion_via,desc_restriccion,forma_geocod,calle_lista,numero_calles,calles_osm,lat,lon,index_right,gid,fna,gna,nam,in1,fdc,sag
2017,2577,2017-05-01,Lunes,0.0,15:50:00,,0.0,2,"Automóvil,Moto/Ciclomotor",San Martin Y Centeno,2,1,0,0,1,0,0,,Avenida,,ROSARIO,Rosario,Asfalto,No existe,II,Dentro,Urbana,Ninguna,Funciona,Recta,Bueno,Buena,Diurna,Buen Tiempo,De alcance,S/D,Colisión,Ninguna,"Horizontal,Vertical",Ninguna,S/D,POINT (-60.64552855 -32.98523165),"['San Martin', 'Centeno']",2,José de San Martín; Coronel Centeno,-32.98523165,-60.64552855,55.0,538.0,Municipio Rosario,Municipio,Rosario,820210,Servicio de Catastro e Información Territorial,IGN
2017,2578,2017-05-01,Lunes,0.0,16:45:00,,0.0,2,"Automóvil,Moto/Ciclomotor",Pte.Quintana Y Mitre,3,2,0,0,1,0,0,,Calle,,ROSARIO,Rosario,Asfalto,No existe,II,Dentro,Urbana,Ninguna,No existe,Intersección,Bueno,Buena,Diurna,Buen Tiempo,Lateral,S/D,Colisión,Ninguna,Faltante,Ninguna,S/D,POINT (-60.648628699999996 -32.9822769),"['Quintana', 'Mitre']",2,"('Presidente Quintana', 'Bartolomé Mitre')",-32.9822769,-60.6486287,55.0,538.0,Municipio Rosario,Municipio,Rosario,820210,Servicio de Catastro e Información Territorial,IGN
2017,2881,2017-06-28,Miercoles,0.0,14:55:00,,0.0,2,"Automóvil,Moto/Ciclomotor",Italia Y Juan Canals,2,1,0,0,1,0,0,,Calle,,ROSARIO,Rosario,Asfalto,No existe,II,Dentro,Urbana,Ninguna,No existe,Intersección,Bueno,Buena,Diurna,Buen Tiempo,Lateral,S/D,Colisión,Ninguna,Faltante,Ninguna,Sin restricción,POINT (-60.658672200000005 -32.98768429999999),"['Italia', 'Juan Canals']",2,Italia; Juan Canals,-32.98768429999999,-60.658672200000005,55.0,538.0,Municipio Rosario,Municipio,Rosario,820210,Servicio de Catastro e Información Territorial,IGN
2017,2883,2017-06-27,Martes,0.0,16:45:00,,0.0,2,"Moto/Ciclomotor,Automóvil",Pueyrredon Y Av. Uriburu,2,1,0,0,1,0,0,,Avenida,,ROSARIO,Rosario,Asfalto,No existe,II,Dentro,Urbana,Ninguna,No existe,Intersección,Bueno,Buena,Diurna,Buen Tiempo,Lateral,S/D,Colisión,Ninguna,"Horizontal,Vertical",Ninguna,Sin restricción,POINT (-60.66954815 -32.991416199999996),"['Pueyrredón', 'Uriburu']",2,Pueyrredón; Avenida José Uriburu,-32.9914162,-60.66954815,55.0,538.0,Municipio Rosario,Municipio,Rosario,820210,Servicio de Catastro e Información Territorial,IGN
2017,2884,2017-06-28,Miercoles,0.0,13:00:00,,0.0,2,"Moto/Ciclomotor,Moto/Ciclomotor",Av. Uriburu 2550,2,1,0,0,1,0,0,,Avenida,,ROSARIO,Rosario,Asfalto,No existe,II,Dentro,Urbana,Ninguna,Funciona,Intersección,Bueno,Buena,Diurna,Buen Tiempo,Lateral,S/D,Colisión,Ninguna,"Horizontal,Vertical",Ninguna,Sin restricción,"-32.995369100000005, -60.693576086643915",['Uriburu 2550'],1,Uriburu 2550,-32.995369100000005,-60.69357608664392,55.0,538.0,Municipio Rosario,Municipio,Rosario,820210,Servicio de Catastro e Información Territorial,IGN
2017,2885,2017-06-28,Miercoles,0.0,14:50:00,,0.0,2,"Moto/Ciclomotor,Automóvil",Av. Corrientes Y Hilarion de la Quintana,2,1,0,0,1,0,0,,Calle,,ROSARIO,Rosario,Asfalto,No existe,II,Dentro,Urbana,Ninguna,No existe,Intersección,Otro,Buena,Diurna,Buen Tiempo,Lateral,S/D,Colisión,Ninguna,Horizontal,Ninguna,Sin restricción,POINT (-60.65331510000001 -33.0010946),"['Corrientes', 'Hilarión de la Quintana']",2,Corrientes; Hilarión de la Quintana,-33.0010946,-60.65331510000001,55.0,538.0,Municipio Rosario,Municipio,Rosario,820210,Servicio de Catastro e Información Territorial,IGN
2017,2901,2017-01-06,Viernes,0.0,,,0.0,2,"Automóvil,Moto/Ciclomotor",Virasoro Y Crespo,2,1,0,0,1,0,0,,Calle,,ROSARIO,Rosario,S/D,S/D,II,Dentro,Urbana,S/D,S/D,S/D,S/D,S/D,S/D,S/D,S/D,S/D,Colisión,S/D,S/D,S/D,S/D,POINT (-60.6741229 -32.964539499999994),"['Virasoro', 'Crespo']",2,Benjamín Virasoro; Crespo,-32.964539499999994,-60.6741229,55.0,538.0,Municipio Rosario,Municipio,Rosario,820210,Servicio de Catastro e Información Territorial,IGN
2017,2904,2017-01-07,Sabado,0.0,,,0.0,2,"Automóvil,Moto/Ciclomotor",F.More Y Velez Sarsfield,2,1,0,0,1,0,0,,Calle,,ROSARIO,Rosario,S/D,S/D,II,Dentro,Urbana,S/D,S/D,Intersección,S/D,S/D,S/D,S/D,S/D,S/D,Colisión,S/D,S/D,S/D,S/D,POINT (-60.6940057 -32.92539119999999),"['Felipe Moré', 'Vélez Sarsfield']",2,Felipe Moré; Vélez Sarsfield,-32.92539119999999,-60.6940057,55.0,538.0,Municipio Rosario,Municipio,Rosario,820210,Servicio de Catastro e Información Territorial,IGN
2017,2906,2017-01-07,Sabado,0.0,,,0.0,2,"Moto/Ciclomotor,Bicicleta",Bv. Wilde ,2,1,0,0,1,0,0,,Calle,,ROSARIO,Rosario,S/D,S/D,II,Dentro,Urbana,S/D,S/D,S/D,S/D,S/D,S/D,S/D,S/D,Ciclista,Atropello,S/D,S/D,S/D,S/D,"-32.9311486, -60.7387828",['Wilde'],1,Wilde,-32.9311486,-60.7387828,55.0,538.0,Municipio Rosario,Municipio,Rosario,820210,Servicio de Catastro e Información Territorial,IGN
2017,2920,2017-06-25,Domingo,0.0,2:25:00,,0.0,2,"Transporte de Pasajeros Urbano (> 8 asientos),Automóvil",Av. Luis Carballo Y Alberdi,5,4,0,0,1,0,0,,Avenida,,ROSARIO,Rosario,Asfalto,No existe,II,Dentro,Urbana,Semáforo,No existe,Intersección,Otro,Buena,Nocturna,Buen Tiempo,Lateral,S/D,Colisión,S/D,"Horizontal,Vertical",Ninguna,Sin restricción,POINT (-60.68009227500001 -32.922158075),"['Avenida Doctor Luis Cándido Carballo', 'Alberdi']",2,Avenida Doctor Luis Cándido Carballo; Avenida Alberdi,-32.922158075,-60.68009227500001,55.0,538.0,Municipio Rosario,Municipio,Rosario,820210,Servicio de Catastro e Información Territorial,IGN
2017,2921,2017-06-21,Miercoles,0.0,14:50:00,,0.0,2,"Transporte de Pasajeros Urbano (> 8 asientos),Automóvil",Pje. Alemania Y Bahia Blanca Bis,2,1,0,0,1,0,0,,Calle,,ROSARIO,Rosario,Asfalto,No existe,II,Dentro,Urbana,Ninguna,No existe,Intersección,Bueno,Buena,Diurna,Buen Tiempo,Lateral,S/D,Colisión,Ninguna,Faltante,Ninguna,Sin restricción,POINT (-60.6885754 -32.92769270000001),"['Alemania', 'Bahía Blanca']",2,Alemania; Bahía Blanca,-32.92769270000001,-60.6885754,55.0,538.0,Municipio Rosario,Municipio,Rosario,820210,Servicio de Catastro e Información Territorial,IGN
2017,2923,2017-06-22,Jueves,0.0,12:40:00,,0.0,1,Automóvil,Av. Avellaneda B Y Velez Sarsfield,2,1,0,0,1,0,0,,Avenida,,ROSARIO,Rosario,Asfalto,No existe,II,Dentro,Urbana,Semáforo,No existe,Intersección,Bueno,Buena,Diurna,Buen Tiempo,Contra objeto fijo,S/D,Colisión,Ninguna,S/D,Ninguna,Sin restricción,POINT (-60.67554685 -32.92489504999999),"['Avellaneda', 'Vélez Sarsfield']",2,Bulevar Nicolás Avellaneda; Vélez Sarsfield,-32.92489504999999,-60.67554685,55.0,538.0,Municipio Rosario,Municipio,Rosario,820210,Servicio de Catastro e Información Territorial,IGN
2017,2926,2017-06-09,Viernes,0.0,12:40:00,,0.0,2,"Automóvil,Moto/Ciclomotor",Junin Y Mar del Plata,2,1,0,0,1,0,0,,Calle,,ROSARIO,Rosario,Asfalto,No existe,II,Dentro,Urbana,Ninguna,No existe,Intersección,Otro,Buena,Diurna,Buen Tiempo,Lateral,S/D,Colisión,Ninguna,Faltante,Ninguna,Sin restricción,POINT (-60.68193320000001 -32.9267545),"['Junín', 'Mar del Plata']",2,Junín; Mar del Plata,-32.9267545,-60.68193320000001,55.0,538.0,Municipio Rosario,Municipio,Rosario,820210,Servicio de Catastro e Información Territorial,IGN
2017,2927,2017-06-07,Miercoles,0.0,18:30:00,,0.0,2,"Pickup/Utilitario,Otros",Casilda Y Florida,2,1,0,0,1,0,0,,Calle,,ROSARIO,Rosario,Asfalto,No existe,II,Dentro,Urbana,Ninguna,No existe,Intersección,Otro,Buena,Atardecer,Buen Tiempo,Lateral,S/D,Colisión,Ninguna,Faltante,Ninguna,Sin restricción,POINT (-60.6832337 -32.9283094),"['Casilda', 'Florida']",2,Casilda; Florida,-32.9283094,-60.6832337,55.0,538.0,Municipio Rosario,Municipio,Rosario,820210,Servicio de Catastro e Información Territorial,IGN
2017,2929,2017-06-29,Jueves,0.0,9:30:00,,0.0,2,"Moto/Ciclomotor,Automóvil",Av. Corrientes Y Juan Canals,3,2,0,0,1,0,0,,Calle,,ROSARIO,Rosario,Asfalto,No existe,II,Dentro,Urbana,Ninguna,No existe,Intersección,Bueno,Buena,Diurna,Buen Tiempo,Lateral,S/D,Colisión,Ninguna,Faltante,Ninguna,Sin restricción,POINT (-60.6531653 -32.988661500000006),"['Corrientes', 'Juan Canals']",2,Corrientes; Juan Canals,-32.988661500000006,-60.6531653,55.0,538.0,Municipio Rosario,Municipio,Rosario,820210,Servicio de Catastro e Información Territorial,IGN
2017,2931,2017-06-20,Martes,0.0,16:40:00,,0.0,2,"Automóvil,Taxi/Remis",Peru Y White,2,1,0,0,1,0,0,,Calle,,ROSARIO,Rosario,Asfalto,S/D,II,Dentro,Urbana,S/D,No existe,Intersección,S/D,S/D,Diurna,S/D,Lateral,S/D,Colisión,S/D,S/D,S/D,S/D,POINT (-60.7113555 -32.94133419999999),"['Peru', 'White']",2,Perú; Ingeniero White,-32.94133419999999,-60.7113555,55.0,538.0,Municipio Rosario,Municipio,Rosario,820210,Servicio de Catastro e Información Territorial,IGN
2017,2932,2017-06-11,Domingo,0.0,0:50:00,,0.0,2,"Moto/Ciclomotor,Automóvil",Matienzo Y Viamonte,3,1,0,0,1,0,1,,Calle,,ROSARIO,Rosario,Asfalto,S/D,II,Dentro,Urbana,S/D,S/D,Intersección,S/D,S/D,Nocturna,S/D,Lateral,S/D,Colisión,S/D,S/D,S/D,S/D,POINT (-60.69405960000001 -32.956452999999996),"['Matienzo', 'Viamonte']",2,Benjamín Matienzo; Viamonte,-32.956453,-60.69405960000001,55.0,538.0,Municipio Rosario,Municipio,Rosario,820210,Servicio de Catastro e Información Territorial,IGN
2017,2933,2017-06-07,Miercoles,0.0,8:00:00,,0.0,2,"Moto/Ciclomotor,Pickup/Utilitario",Cullen Y Av. Pellegrini,3,2,0,0,1,0,0,,Calle,,ROSARIO,Rosario,Asfalto,S/D,II,Dentro,Urbana,S/D,S/D,Intersección,S/D,S/D,Diurna,S/D,Lateral,S/D,Colisión,S/D,S/D,S/D,S/D,POINT (-60.7087499 -32.9484991),"['Cullen', 'Pellegrini']",2,Cullen; Avenida Carlos Pellegrini,-32.9484991,-60.7087499,55.0,538.0,Municipio Rosario,Municipio,Rosario,820210,Servicio de Catastro e Información Territorial,IGN
2017,2934,2017-06-02,Viernes,0.0,16:40:00,,0.0,2,"Automóvil,Automóvil",Av. Pellegrini Y F.More,2,1,0,0,1,0,0,,Calle,,ROSARIO,Rosario,Asfalto,S/D,II,Dentro,Urbana,S/D,Funciona,Intersección,S/D,S/D,Diurna,S/D,Lateral,S/D,Colisión,S/D,S/D,S/D,S/D,POINT (-60.69342855000001 -32.94809525),"['Pellegrini', 'Felipe Moré']",2,Avenida Carlos Pellegrini; Felipe Moré,-32.94809525,-60.69342855000001,55.0,538.0,Municipio Rosario,Municipio,Rosario,820210,Servicio de Catastro e Información Territorial,IGN
2017,2935,2017-06-01,Jueves,0.0,20:00:00,,0.0,2,"Moto/Ciclomotor,Automóvil",Mendoza Y Matienzo,2,1,0,0,1,0,0,,Calle,,ROSARIO,Rosario,Asfalto,S/D,II,Dentro,Urbana,S/D,S/D,Intersección,S/D,S/D,Nocturna,S/D,Lateral,S/D,Colisión,S/D,S/D,S/D,S/D,POINT (-60.69463329999999 -32.9416846),"['Mendoza', 'Matienzo']",2,Mendoza; Benjamín Matienzo,-32.9416846,-60.69463329999999,55.0,538.0,Municipio Rosario,Municipio,Rosario,820210,Servicio de Catastro e Información Territorial,IGN
2017,2936,2017-06-04,Domingo,0.0,16:00:00,,0.0,2,"Moto/Ciclomotor,Automóvil",Bv. Segui Y Pje. Cerrillos,2,1,0,0,1,0,0,,Calle,,ROSARIO,Rosario,Asfalto,No existe,II,Dentro,Urbana,Ninguna,No existe,Intersección,Bueno,Buena,Atardecer,S/D,Lateral,S/D,Colisión,Ninguna,Faltante,Ninguna,Sin restricción,POINT (-60.69173560000001 -32.97056239999999),"['Bulevar Juan Francisco Seguí', 'Pasaje Cemillos']",2,Bulevar Juan Francisco Seguí; Pasaje Cemillos,-32.97056239999999,-60.69173560000001,55.0,538.0,Municipio Rosario,Municipio,Rosario,820210,Servicio de Catastro e Información Territorial,IGN
2017,2937,2017-06-11,Domingo,0.0,10:50:00,,0.0,2,"Moto/Ciclomotor,Moto/Ciclomotor",Matienzo ,2,0,0,1,1,0,0,,Calle,,ROSARIO,Rosario,S/D,No existe,II,Dentro,Urbana,Ninguna,No existe,Intersección,Bueno,Reducida,Amanecer,S/D,Lateral,S/D,Colisión,Ninguna,Faltante,Ninguna,Sin restricción,"-32.9232856, -60.6953331",['Matienzo'],1,Matienzo,-32.9232856,-60.6953331,55.0,538.0,Municipio Rosario,Municipio,Rosario,820210,Servicio de Catastro e Información Territorial,IGN
2017,2938,2017-06-14,Miercoles,0.0,21:00:00,,0.0,2,"Moto/Ciclomotor,Otros",Barra Y Virasoro,2,1,0,0,0,0,1,,Calle,,ROSARIO,Rosario,Asfalto,No existe,II,Dentro,Urbana,Ninguna,No existe,Intersección,S/D,Reducida,Nocturna,S/D,Lateral,S/D,Colisión,S/D,Faltante,Ninguna,Sin restricción,POINT (-60.7059586 -32.9614517),"['Barra', 'Virasoro']",2,Barraco; Benjamín Virasoro,-32.9614517,-60.7059586,55.0,538.0,Municipio Rosario,Municipio,Rosario,820210,Servicio de Catastro e Información Territorial,IGN
2017,2939,2017-06-24,Sabado,0.0,13:30:00,,0.0,2,"Moto/Ciclomotor,Otros",Bv. Avellaneda Y Garay,2,1,0,0,0,0,1,,Calle,,ROSARIO,Rosario,Asfalto,No existe,II,Dentro,Urbana,Ninguna,No existe,Intersección,Bueno,Buena,Atardecer,Buen Tiempo,Lateral,S/D,Colisión,Ninguna,Faltante,Ninguna,Sin restricción,POINT (-60.6862105 -32.9671833),"['Avellaneda', 'Garay']",2,Bulevar Nicolás Avellaneda; Juan de Garay,-32.9671833,-60.6862105,55.0,538.0,Municipio Rosario,Municipio,Rosario,820210,Servicio de Catastro e Información Territorial,IGN
2017,2945,2017-06-18,Domingo,0.0,22:00:00,,0.0,2,"Peatón,Automóvil",Lima 2000,2,1,0,0,0,0,1,,Calle,,ROSARIO,Rosario,Asfalto,S/D,II,Dentro,Urbana,S/D,S/D,Recta,Bueno,S/D,Nocturna,S/D,S/D,Peatón,Atropello,S/D,S/D,S/D,S/D,"-32.9428066, -60.6843438",['Lima 2000'],1,Lima 2000,-32.9428066,-60.6843438,55.0,538.0,Municipio Rosario,Municipio,Rosario,820210,Servicio de Catastro e Información Territorial,IGN
2017,2947,2017-06-08,Jueves,0.0,12:05:00,,0.0,2,"Otros,Automóvil",Ituzaingo Y Crespo,2,2,0,0,0,0,0,,Calle,,ROSARIO,Rosario,Asfalto,S/D,II,Dentro,Urbana,S/D,S/D,Recta,Bueno,S/D,Diurna,S/D,S/D,S/D,Colisión,S/D,S/D,S/D,S/D,POINT (-60.671847899999996 -32.955332399999996),"['Ituzaingó', 'Crespo']",2,Ituzaingó; Crespo,-32.9553324,-60.6718479,55.0,538.0,Municipio Rosario,Municipio,Rosario,820210,Servicio de Catastro e Información Territorial,IGN
2017,2949,2017-06-25,Domingo,0.0,12:15:00,,0.0,2,"Moto/Ciclomotor,Pickup/Utilitario",Bv. Oroño Y Av. Jorge Cura,2,1,0,0,1,0,0,,Avenida,,ROSARIO,Rosario,Asfalto,No existe,II,Dentro,Urbana,Ninguna,Funciona,Intersección,Bueno,Buena,Diurna,Buen Tiempo,Lateral,S/D,Colisión,Ninguna,"Horizontal,Vertical",Ninguna,Sin restricción,POINT (-60.6603234 -32.971199399999996),"['Bulevar Nicasio Oroño', 'Avenida Jorge Cura']",2,Bulevar Nicasio Oroño; Avenida Jorge Cura,-32.9711994,-60.6603234,55.0,538.0,Municipio Rosario,Municipio,Rosario,820210,Servicio de Catastro e Información Territorial,IGN
2017,2950,2017-06-25,Domingo,0.0,10:00:00,,0.0,2,"Moto/Ciclomotor,Otros",Garibaldi Y Pje. Cura Malal,2,1,0,0,1,0,0,,Calle,,ROSARIO,Rosario,Asfalto,No existe,II,Dentro,Urbana,Ninguna,No existe,Intersección,Bueno,Buena,Diurna,Buen Tiempo,Lateral,S/D,Colisión,Ninguna,Faltante,Ninguna,Sin restricción,POINT (-60.662533200000006 -32.9833909),"['José Garibaldi', 'Cura Malal']",2,José Garibaldi; Cura Malal,-32.9833909,-60.662533200000006,55.0,538.0,Municipio Rosario,Municipio,Rosario,820210,Servicio de Catastro e Información Territorial,IGN
2017,2951,2017-06-12,Lunes,0.0,11:00:00,,0.0,2,"Moto/Ciclomotor,Automóvil",Lavalle Y Viamonte,2,2,0,0,0,0,0,,Calle,,ROSARIO,Rosario,Asfalto,S/D,II,Dentro,Urbana,S/D,S/D,Recta,Bueno,S/D,Diurna,S/D,S/D,S/D,Colisión,S/D,S/D,S/D,S/D,POINT (-60.6825427 -32.95821399999999),"['Lavalle', 'Viamonte']",2,Lavalle; Viamonte,-32.95821399999999,-60.6825427,55.0,538.0,Municipio Rosario,Municipio,Rosario,820210,Servicio de Catastro e Información Territorial,IGN
2017,2954,2017-06-15,Jueves,0.0,16:00:00,,0.0,2,"Automóvil,Moto/Ciclomotor",Bv. Segui Y Pte.Roca,2,1,0,0,1,0,0,,Avenida,,ROSARIO,Rosario,Asfalto,No existe,II,Dentro,Urbana,Ninguna,Funciona,Intersección,Bueno,Buena,Diurna,Buen Tiempo,Lateral,S/D,Colisión,Ninguna,Faltante,Ninguna,Sin restricción,POINT (-60.653334750000006 -32.97782885),"['Bulevar Juan Francisco Seguí', 'Roca']",2,Bulevar Juan Francisco Seguí; Presidente Roca,-32.97782885,-60.653334750000006,55.0,538.0,Municipio Rosario,Municipio,Rosario,820210,Servicio de Catastro e Información Territorial,IGN
2017,2958,2017-06-19,Lunes,0.0,23:20:00,,0.0,2,"Automóvil,Moto/Ciclomotor",Bv. Segui Y Mitre,2,1,0,0,1,0,0,,Avenida,,ROSARIO,Rosario,Asfalto,No existe,II,Dentro,Urbana,Semáforo,Funciona,Recta,Bueno,Buena,Nocturna,Buen Tiempo,De alcance,S/D,Colisión,Ninguna,"Horizontal,Vertical",Ninguna,Sin restricción,POINT (-60.6477426 -32.97883275),"['Bulevar Juan Francisco Seguí', 'Mitre']",2,Bulevar Juan Francisco Seguí; Bartolomé Mitre,-32.97883275,-60.6477426,55.0,538.0,Municipio Rosario,Municipio,Rosario,820210,Servicio de Catastro e Información Territorial,IGN
2017,2960,2017-06-17,Sabado,0.0,1:20:00,,0.0,2,"Automóvil,Moto/Ciclomotor",Bv. Oroño Y Dr.Rivas,2,1,0,0,1,0,0,,Calle,,ROSARIO,Rosario,Asfalto,No existe,II,Dentro,Urbana,Ninguna,No existe,Intersección,Bueno,Reducida,Nocturna,Buen Tiempo,Lateral,S/D,Colisión,Ninguna,Faltante,Ninguna,S/D,POINT (-60.6626747 -32.9809666),"['Bulevar Nicasio Oroño', 'Doctor Francisco Riva']",2,Bulevar Nicasio Oroño; Doctor Francisco Riva,-32.9809666,-60.6626747,55.0,538.0,Municipio Rosario,Municipio,Rosario,820210,Servicio de Catastro e Información Territorial,IGN
2017,2962,2017-06-16,Viernes,0.0,13:14:00,,0.0,2,"Automóvil,Moto/Ciclomotor",Gaboto Y Paraguay,2,1,0,0,1,0,0,,Calle,,ROSARIO,Rosario,Asfalto,No existe,II,Dentro,Urbana,Ninguna,No existe,Intersección,Bueno,Buena,Diurna,Buen Tiempo,Lateral,S/D,Colisión,Ninguna,Faltante,Ninguna,Sin restricción,POINT (-60.65051780000001 -32.972348700000005),"['Gaboto', 'Paraguay']",2,Gaboto; Paraguay,-32.972348700000005,-60.65051780000001,55.0,538.0,Municipio Rosario,Municipio,Rosario,820210,Servicio de Catastro e Información Territorial,IGN
2017,2963,2017-06-11,Domingo,0.0,11:20:00,,0.0,2,"Moto/Ciclomotor,Automóvil",Bv. Oroño Y Biedma,3,1,1,0,1,0,0,,Avenida,,ROSARIO,Rosario,Asfalto,No existe,II,Dentro,Urbana,Ninguna,Funciona,Intersección,Bueno,Buena,Diurna,Buen Tiempo,Lateral,S/D,Colisión,Ninguna,"Horizontal,Vertical",Ninguna,Sin restricción,POINT (-60.66209965000001 -32.97866725),"['Bulevar Nicasio Oroño', 'Coronel Biedma']",2,Bulevar Nicasio Oroño; Coronel Biedma,-32.97866725,-60.66209965000001,55.0,538.0,Municipio Rosario,Municipio,Rosario,820210,Servicio de Catastro e Información Territorial,IGN
2017,2974,2017-06-12,Lunes,0.0,16:30:00,,0.0,2,"Moto/Ciclomotor,Taxi/Remis",Garibaldi Y Av. Corrientes,2,1,0,0,1,0,0,,Calle,,ROSARIO,Rosario,Asfalto,No existe,II,Dentro,Urbana,Ninguna,No existe,Intersección,Bueno,Buena,Diurna,Buen Tiempo,Lateral,S/D,Colisión,Ninguna,Faltante,Ninguna,Sin restricción,POINT (-60.6523162 -32.98523470000001),"['José Garibaldi', 'Corrientes']",2,José Garibaldi; Corrientes,-32.98523470000001,-60.6523162,55.0,538.0,Municipio Rosario,Municipio,Rosario,820210,Servicio de Catastro e Información Territorial,IGN
2017,2975,2017-06-10,Sabado,0.0,19:20:00,,0.0,2,"Bicicleta,Automóvil",San Martin Y Av. Arijon,2,1,0,0,1,0,0,,Calle,,ROSARIO,Rosario,Asfalto,No existe,II,Dentro,Urbana,Ninguna,Funciona,Intersección,Bueno,Buena,Atardecer,Buen Tiempo,S/D,Ciclista,Atropello,Ninguna,"Horizontal,Vertical",Ninguna,Sin restricción,POINT (-60.649363550000004 -33.003052149999995),"['San Martin', 'Avenida Manuel Arijón']",2,José de San Martín; Avenida Manuel Arijón,-33.003052149999995,-60.64936355,55.0,538.0,Municipio Rosario,Municipio,Rosario,820210,Servicio de Catastro e Información Territorial,IGN
2017,2976,2017-06-10,Sabado,0.0,9:10:00,,0.0,2,"Automóvil,Moto/Ciclomotor",Bv. Segui Y Buenos Aires,2,1,0,0,1,0,0,,Avenida,,ROSARIO,Rosario,Asfalto,Pavimento,II,Dentro,Urbana,Ninguna,No existe,Intersección,Bueno,Buena,Diurna,Buen Tiempo,Lateral,S/D,Colisión,Ninguna,Horizontal,Cordón divisorio,Sin restricción,POINT (-60.640923400000005 -32.98006374999999),"['Bulevar Juan Francisco Seguí', 'Buenos Aires']",2,Bulevar Juan Francisco Seguí; Buenos Aires,-32.98006374999999,-60.640923400000005,55.0,538.0,Municipio Rosario,Municipio,Rosario,820210,Servicio de Catastro e Información Territorial,IGN
2017,2977,2017-06-09,Viernes,0.0,16:20:00,,0.0,2,"Automóvil,Moto/Ciclomotor",Bv. Segui Y Maipu,2,1,0,0,1,0,0,,Avenida,,ROSARIO,Rosario,Asfalto,Pavimento,II,Dentro,Urbana,Ninguna,No existe,Intersección,Bueno,Buena,Diurna,Buen Tiempo,Lateral,S/D,Colisión,Ninguna,Vertical,Ninguna,Sin restricción,POINT (-60.64363730000001 -32.979574850000006),"['Bulevar Juan Francisco Seguí', 'Maipú']",2,Bulevar Juan Francisco Seguí; Maipú,-32.979574850000006,-60.64363730000001,55.0,538.0,Municipio Rosario,Municipio,Rosario,820210,Servicio de Catastro e Información Territorial,IGN
2017,2978,2017-06-08,Jueves,0.0,6:20:00,,0.0,2,"Automóvil,Moto/Ciclomotor",Av. Uriburu Y Sarmiento,2,1,0,0,1,0,0,,Calle,,ROSARIO,Rosario,Asfalto,No existe,II,Dentro,Urbana,Ninguna,No existe,Intersección,Bueno,Buena,Nocturna,Buen Tiempo,Lateral,S/D,Colisión,Ninguna,Faltante,Ninguna,Sin restricción,POINT (-60.64935790000001 -32.990775299999996),"['Uriburu', 'Sarmiento']",2,Avenida José Uriburu; Sarmiento,-32.9907753,-60.64935790000001,55.0,538.0,Municipio Rosario,Municipio,Rosario,820210,Servicio de Catastro e Información Territorial,IGN
2017,2979,2017-06-09,Viernes,0.0,17:00:00,,0.0,2,"Pickup/Utilitario,Moto/Ciclomotor",Ayolas Y 1 de Mayo,2,1,0,0,1,0,0,,Calle,,ROSARIO,Rosario,Asfalto,Ripio,II,Dentro,Urbana,Ninguna,No existe,Intersección,Bueno,Buena,Diurna,Buen Tiempo,Lateral,S/D,Colisión,Ninguna,"Horizontal,Vertical",Ninguna,Sin restricción,POINT (-60.6373079 -32.9783266),"['Ayolas', 'Primero de Mayo']",2,Ayolas; Primero de Mayo,-32.9783266,-60.6373079,55.0,538.0,Municipio Rosario,Municipio,Rosario,820210,Servicio de Catastro e Información Territorial,IGN
2017,2980,2017-06-01,Jueves,0.0,9:30:00,,0.0,2,"Automóvil,Moto/Ciclomotor",Garay Y 1 de Mayo,2,1,0,0,1,0,0,,Calle,,ROSARIO,Rosario,Asfalto,No existe,II,Dentro,Urbana,Ninguna,No existe,Intersección,Bueno,Buena,Diurna,Buen Tiempo,Lateral,S/D,Colisión,Ninguna,Faltante,Ninguna,Sin restricción,POINT (-60.6367274 -32.976025799999995),"['Garay', 'Primero de Mayo']",2,Juan de Garay; Primero de Mayo,-32.976025799999995,-60.6367274,55.0,538.0,Municipio Rosario,Municipio,Rosario,820210,Servicio de Catastro e Información Territorial,IGN
2017,2981,2017-06-08,Jueves,0.0,8:20:00,,0.0,2,"Automóvil,Bicicleta",Pte.Quintana Y Grandoli,2,1,0,0,1,0,0,,Calle,,ROSARIO,Rosario,Asfalto,No existe,II,Dentro,Urbana,Ninguna,No existe,Intersección,Bueno,Buena,Diurna,Buen Tiempo,S/D,Ciclista,Atropello,Ninguna,Faltante,Ninguna,Sin restricción,POINT (-60.628233550000004 -32.985896600000004),"['Quintana', 'Avenida Abanderado Grandoli']",2,Presidente Quintana; Avenida Abanderado Grandoli,-32.985896600000004,-60.62823355,55.0,538.0,Municipio Rosario,Municipio,Rosario,820210,Servicio de Catastro e Información Territorial,IGN