anio_acci,nro_acci,fecha,desc_dia,fecha_aprox,hora_aprox,desc_ruta,km,cant_participantes,desc_participante,calle_avenida_km,total,heridos_leves,heridos_graves,heridos_gravisimos,ilesos,fallecidos,sin_datos,posicion_XY,desc_tipo_via,desc_ruta_ori,desc_loc,desc_dpto,desc_tipo_calzada,desc_tipo_banquina,desc_unidad_regional,desc_lugar_calzada,desc_zona,desc_prioridad,desc_estado_semaforo,desc_lugar_via,desc_estado_via,desc_estado_visibilidad,desc_luminosidad,desc_estado_clima,desc_tipo_colision,desc_tipo_atropello,desc_tipo_hecho,desc_pres_calzada,desc_senializacion,desc_separacion_via,desc_restriccion,forma_geocod,calle_lista,numero_calles,calles_osm,lat,lon,index_right,gid,fna,gna,nam,in1,fdc,sag
2017,2982,2017-06-08,Jueves,0.0,12:00:00,,0.0,3,"Automóvil,Automóvil,Automóvil",Bv. Segui Y Entre Rios,3,2,0,0,1,0,0,,Calle,,ROSARIO,Rosario,Asfalto,No existe,II,Dentro,Urbana,Ninguna,No existe,Intersección,Bueno,Buena,Diurna,Buen Tiempo,Múltiple,S/D,Colisión,Ninguna,Faltante,Ninguna,Sin restricción,POINT (-60.6491681 -32.97857979999999),"['Bulevar Juan Francisco Seguí', 'Entre Ríos']",2,Bulevar Juan Francisco Seguí; Entre Ríos,-32.97857979999999,-60.6491681,55.0,538.0,Municipio Rosario,Municipio,Rosario,820210,Servicio de Catastro e Información Territorial,IGN
2017,2983,2017-06-07,Miercoles,0.0,11:45:00,,0.0,2,"Peatón,Pickup/Utilitario",Laprida Y Garay,2,1,0,0,1,0,0,,Calle,,ROSARIO,Rosario,Asfalto,No existe,II,Dentro,Urbana,Paso Peatonal,No existe,Recta,Bueno,Buena,Diurna,Buen Tiempo,S/D,S/D,Atropello,Ninguna,Faltante,Ninguna,Sin restricción,POINT (-60.64128159999999 -32.97521689999999),"['Laprida', 'Garay']",2,"('Francisco Narciso Laprida', 'Juan de Garay')",-32.97521689999999,-60.64128159999999,55.0,538.0,Municipio Rosario,Municipio,Rosario,820210,Servicio de Catastro e Información Territorial,IGN
2017,2984,2017-06-23,Viernes,0.0,19:10:00,,0.0,2,"Automóvil,Moto/Ciclomotor",Garay Y Colon,3,2,0,0,1,0,0,,Calle,,ROSARIO,Rosario,Asfalto,Pavimento,II,Dentro,Urbana,Ninguna,No existe,Intersección,Bueno,Buena,Atardecer,Buen Tiempo,Lateral,S/D,Colisión,Ninguna,Faltante,Ninguna,Sin restricción,POINT (-60.6325871 -32.9767591),"['Garay', 'Colon']",2,Juan de Garay; Cristóbal Colón,-32.9767591,-60.6325871,55.0,538.0,Municipio Rosario,Municipio,Rosario,820210,Servicio de Catastro e Información Territorial,IGN
2017,2985,2017-06-05,Lunes,0.0,13:30:00,,0.0,2,"Automóvil,Bicicleta",Ayacucho Y Ayolas,2,1,0,0,1,0,0,,Calle,,ROSARIO,Rosario,Asfalto,No existe,II,Dentro,Urbana,Ninguna,No existe,Intersección,Bueno,Buena,Diurna,Buen Tiempo,S/D,Ciclista,Atropello,Ninguna,Faltante,Ninguna,S/D,POINT (-60.634843399999994 -32.978758),"['Ayacucho', 'Ayolas']",2,Ayacucho; Ayolas,-32.978758,-60.6348434,55.0,538.0,Municipio Rosario,Municipio,Rosario,820210,Servicio de Catastro e Información Territorial,IGN
2017,2986,2017-06-04,Domingo,0.0,16:00:00,,0.0,2,"Moto/Ciclomotor,Pickup/Utilitario",L.N.Alem Y Amenabar,3,1,0,0,2,0,0,,Calle,,ROSARIO,Rosario,Asfalto,No existe,II,S/D,S/D,Ninguna,No existe,Intersección,Bueno,Buena,Diurna,Buen Tiempo,Lateral,S/D,Colisión,Ninguna,Horizontal,Ninguna,Sin restricción,POINT (-60.634784399999994 -32.9739879),"['Alem', 'Amenabar']",2,Leandro N. Alem; José de Amenábar,-32.9739879,-60.6347844,55.0,538.0,Municipio Rosario,Municipio,Rosario,820210,Servicio de Catastro e Información Territorial,IGN
2017,2987,2017-06-01,Jueves,0.0,20:00:00,,0.0,2,"Peatón,Moto/Ciclomotor",Biedma Y Colon,2,1,0,0,1,0,0,,Calle,,ROSARIO,Rosario,Asfalto,No existe,II,Dentro,Urbana,Ninguna,No existe,Intersección,Bueno,Buena,Nocturna,Buen Tiempo,S/D,Peatón,Atropello,Ninguna,Faltante,Ninguna,Sin restricción,POINT (-60.6342981 -32.983636399999995),"['Coronel Biedma', 'Colon']",2,Coronel Biedma; Cristóbal Colón,-32.983636399999995,-60.6342981,55.0,538.0,Municipio Rosario,Municipio,Rosario,820210,Servicio de Catastro e Información Territorial,IGN
2017,2988,2017-06-01,Jueves,0.0,16:30:00,,0.0,2,"Bicicleta,Automóvil",Mariano Moreno Y Cochabamba,2,1,0,0,1,0,0,,Calle,,ROSARIO,Rosario,Asfalto,No existe,II,Dentro,Urbana,Ninguna,No existe,Intersección,Bueno,Buena,Diurna,Buen Tiempo,S/D,Ciclista,Atropello,Ninguna,Faltante,Ninguna,S/D,POINT (-60.6536242 -32.9562251),"['Mariano Moreno', 'Cochabamba']",2,Mariano Moreno; Cochabamba,-32.9562251,-60.6536242,55.0,538.0,Municipio Rosario,Municipio,Rosario,820210,Servicio de Catastro e Información Territorial,IGN
2017,2997,2017-06-21,Miercoles,0.0,13:40:00,,0.0,2,"Automóvil,Moto/Ciclomotor",Grandoli Y Pte.Quintana,2,1,0,0,1,0,0,,Calle,,ROSARIO,Rosario,Asfalto,No existe,II,Dentro,Urbana,Ninguna,No existe,Intersección,Con baches,Buena,Diurna,Buen Tiempo,Lateral,S/D,Colisión,Ninguna,Horizontal,Línea divisoria pintada,Sin restricción,POINT (-60.628233550000004 -32.985896600000004),"['Avenida Abanderado Grandoli', 'Quintana']",2,Avenida Abanderado Grandoli; Presidente Quintana,-32.985896600000004,-60.62823355,55.0,538.0,Municipio Rosario,Municipio,Rosario,820210,Servicio de Catastro e Información Territorial,IGN
2017,2998,2017-06-18,Domingo,0.0,12:40:00,,0.0,2,"Automóvil,Automóvil",Bv. Segui Y Buenos Aires,2,2,0,0,0,0,0,,Calle,,ROSARIO,Rosario,Asfalto,Pavimento,II,Dentro,Urbana,Ninguna,No existe,Intersección,Bueno,Buena,Diurna,Buen Tiempo,Lateral,S/D,Colisión,S/D,Horizontal,Vegetación,Sin restricción,POINT (-60.640923400000005 -32.98006374999999),"['Bulevar Juan Francisco Seguí', 'Buenos Aires']",2,Bulevar Juan Francisco Seguí; Buenos Aires,-32.98006374999999,-60.640923400000005,55.0,538.0,Municipio Rosario,Municipio,Rosario,820210,Servicio de Catastro e Información Territorial,IGN
2017,2999,2017-06-16,Viernes,0.0,16:00:00,,0.0,2,"Transporte de Pasajeros Urbano (> 8 asientos),Moto/Ciclomotor",Maipu Y Bv. Segui,2,1,0,0,1,0,0,,Calle,,ROSARIO,Rosario,Asfalto,Pavimento,II,Dentro,Urbana,Ninguna,No existe,Intersección,Bueno,Buena,Diurna,Buen Tiempo,Lateral,S/D,Colisión,Ninguna,Faltante,Cordón divisorio,Sin restricción,POINT (-60.64363730000001 -32.979574850000006),"['Maipú', 'Bulevar Juan Francisco Seguí']",2,Maipú; Bulevar Juan Francisco Seguí,-32.979574850000006,-60.64363730000001,55.0,538.0,Municipio Rosario,Municipio,Rosario,820210,Servicio de Catastro e Información Territorial,IGN
2017,3000,2017-06-16,Viernes,0.0,13:00:00,,0.0,2,"Automóvil,Moto/Ciclomotor",Beruti Y Centeno,2,1,0,0,1,0,0,,Calle,,ROSARIO,Rosario,Asfalto,Pavimento,II,Dentro,Urbana,Ninguna,No existe,Intersección,Con baches,Reducida,Diurna,Buen Tiempo,Lateral,S/D,Colisión,Ninguna,Faltante,Ninguna,Sin restricción,POINT (-60.629729600000005 -32.98804949999998),"['Luis Beruti', 'Centeno']",2,Luis Beruti; Coronel Centeno,-32.98804949999998,-60.629729600000005,55.0,538.0,Municipio Rosario,Municipio,Rosario,820210,Servicio de Catastro e Información Territorial,IGN
2017,3001,2017-06-16,Viernes,0.0,7:15:00,,0.0,2,"Automóvil,Moto/Ciclomotor",Buenos Aires Y Bv. Segui,2,1,0,0,1,0,0,,Calle,,ROSARIO,Rosario,Asfalto,No existe,II,Dentro,Urbana,Paso Peatonal,No existe,Intersección,Bueno,Buena,Diurna,Buen Tiempo,Lateral,S/D,Colisión,Ninguna,Horizontal,Vegetación,Sin restricción,POINT (-60.640923400000005 -32.98006374999999),"['Buenos Aires', 'Bulevar Juan Francisco Seguí']",2,Buenos Aires; Bulevar Juan Francisco Seguí,-32.98006374999999,-60.640923400000005,55.0,538.0,Municipio Rosario,Municipio,Rosario,820210,Servicio de Catastro e Información Territorial,IGN
2017,3002,2017-06-14,Miercoles,0.0,11:05:00,,0.0,2,"Automóvil,Moto/Ciclomotor",Ayolas Y L.N.Alem,4,2,0,0,2,0,0,,Calle,,ROSARIO,Rosario,Asfalto,Pavimento,II,Dentro,Urbana,Ninguna,Funciona,Intersección,Bueno,Buena,Diurna,Buen Tiempo,Lateral,S/D,Colisión,Ninguna,"Horizontal,Vertical",Ninguna,Sin restricción,POINT (-60.635922 -32.9785708),"['Ayolas', 'Alem']",2,Ayolas; Leandro N. Alem,-32.9785708,-60.635922,55.0,538.0,Municipio Rosario,Municipio,Rosario,820210,Servicio de Catastro e Información Territorial,IGN
2017,3004,2017-06-12,Lunes,0.0,17:20:00,,0.0,2,"Automóvil,Moto/Ciclomotor",L.N.Alem Y Gaboto,2,1,0,0,1,0,0,,Calle,,ROSARIO,Rosario,Asfalto,Pavimento,II,Dentro,Urbana,Ninguna,Funciona,Intersección,Bueno,Buena,Diurna,Buen Tiempo,De alcance,S/D,Colisión,Ninguna,"Horizontal,Vertical",Ninguna,Sin restricción,POINT (-60.635075900000004 -32.9751272),"['Alem', 'Gaboto']",2,Leandro N. Alem; Gaboto,-32.9751272,-60.6350759,55.0,538.0,Municipio Rosario,Municipio,Rosario,820210,Servicio de Catastro e Información Territorial,IGN
2017,3007,2017-06-02,Viernes,0.0,12:30:00,,0.0,2,"Pickup/Utilitario,Automóvil",Av. Pellegrini Y Pte.Roca,2,1,0,0,1,0,0,,Calle,,ROSARIO,Rosario,Asfalto,No existe,II,Dentro,Urbana,Semáforo,Funciona,Recta,Bueno,Buena,Diurna,Buen Tiempo,De alcance,S/D,Colisión,Ninguna,Vertical,Cordón divisorio,Sin restricción,POINT (-60.6478283 -32.95605889999999),"['Pellegrini', 'Roca']",2,Avenida Carlos Pellegrini; Presidente Roca,-32.95605889999999,-60.6478283,55.0,538.0,Municipio Rosario,Municipio,Rosario,820210,Servicio de Catastro e Información Territorial,IGN
2017,3008,2017-06-03,Sabado,0.0,23:35:00,,0.0,2,"Moto/Ciclomotor,Automóvil",Bv. Oroño Y Bv. 27 De Febrero,2,1,0,0,1,0,0,,Calle,,ROSARIO,Rosario,Asfalto,No existe,II,Dentro,Urbana,Semáforo,Funciona,Intersección,Bueno,Buena,"Nocturna,Con luz artificial",Buen Tiempo,Lateral,S/D,Colisión,Ninguna,Vertical,Cordón divisorio,Sin restricción,POINT (-60.658642825 -32.964892400000004),"['Bulevar Nicasio Oroño', '27 de Febrero']",2,Bulevar Nicasio Oroño; Bulevar 27 de Febrero,-32.964892400000004,-60.658642825,55.0,538.0,Municipio Rosario,Municipio,Rosario,820210,Servicio de Catastro e Información Territorial,IGN
2017,3009,2017-06-04,Domingo,0.0,3:30:00,,0.0,2,"Automóvil,Moto/Ciclomotor",Bv. Oroño Y Bv. 27 De Febrero,2,1,0,0,1,0,0,,Calle,,ROSARIO,Rosario,Asfalto,No existe,II,Dentro,Urbana,Ninguna,Funciona,Intersección,Bueno,Buena,"Nocturna,Con luz artificial",Buen Tiempo,De alcance,S/D,Colisión,Ninguna,Vertical,Cordón divisorio,Sin restricción,POINT (-60.658642825 -32.964892400000004),"['Bulevar Nicasio Oroño', '27 de Febrero']",2,Bulevar Nicasio Oroño; Bulevar 27 de Febrero,-32.964892400000004,-60.658642825,55.0,538.0,Municipio Rosario,Municipio,Rosario,820210,Servicio de Catastro e Información Territorial,IGN
2017,3018,2017-06-14,Miercoles,0.0,10:15:00,,0.0,2,"Moto/Ciclomotor,Automóvil",Dorrego 2800,2,1,0,0,1,0,0,,Calle,,ROSARIO,Rosario,Asfalto,No existe,II,Dentro,Urbana,Ninguna,No existe,Recta,Bueno,Buena,Diurna,Buen Tiempo,Lateral,S/D,Colisión,Ninguna,Faltante,Ninguna,Sin restricción,"-32.9678174, -60.6551697",['Dorrego 2800'],1,Dorrego 2800,-32.9678174,-60.6551697,55.0,538.0,Municipio Rosario,Municipio,Rosario,820210,Servicio de Catastro e Información Territorial,IGN
2017,3019,2017-06-15,Jueves,0.0,16:45:00,,0.0,2,"Moto/Ciclomotor,Automóvil",Av. Corrientes Y Cerrito,3,2,0,0,1,0,0,,Calle,,ROSARIO,Rosario,Asfalto,No existe,II,Dentro,Urbana,Señal Pare,No existe,Intersección,Resbaladiza,Buena,Diurna,Lluvia,Lateral,S/D,Colisión,Agua,Vertical,Ninguna,Sin restricción,POINT (-60.6462178 -32.96111909999998),"['Corrientes', 'Cerrito']",2,Corrientes; Cerrito,-32.96111909999998,-60.6462178,55.0,538.0,Municipio Rosario,Municipio,Rosario,820210,Servicio de Catastro e Información Territorial,IGN
2017,3020,2017-06-17,Sabado,0.0,16:00:00,,0.0,2,"Automóvil,Moto/Ciclomotor",Av. F.Solano Lopez 2000,2,1,0,0,1,0,0,,Calle,,ROSARIO,Rosario,Asfalto,No existe,II,Dentro,Urbana,Ninguna,No existe,Rotonda,Bueno,Buena,Diurna,Buen Tiempo,Lateral,S/D,Colisión,Ninguna,Faltante,Ninguna,Sin restricción,"-32.9564664, -60.653923",['F Solano Lopez 2000'],1,F Solano Lopez 2000,-32.9564664,-60.653923,55.0,538.0,Municipio Rosario,Municipio,Rosario,820210,Servicio de Catastro e Información Territorial,IGN
2017,3021,2017-06-19,Lunes,0.0,1:45:00,,0.0,1,Taxi/Remis,Av. Dante Alighieri 2100,2,2,0,0,0,0,0,,Calle,,ROSARIO,Rosario,Asfalto,No existe,II,Dentro,Urbana,Ninguna,No existe,Curva,Bueno,Buena,"Nocturna,Con luz artificial",Buen Tiempo,Contra objeto fijo,S/D,Colisión,Ninguna,Faltante,Cordón divisorio,Sin restricción,"-32.9617718, -60.662671",['Dante Alighieri 2100'],1,Dante Alighieri 2100,-32.9617718,-60.662671,55.0,538.0,Municipio Rosario,Municipio,Rosario,820210,Servicio de Catastro e Información Territorial,IGN
2017,3022,2017-06-19,Lunes,0.0,23:10:00,,0.0,2,"Moto/Ciclomotor,Automóvil",Pueyrredon Y Bv. 27 De Febrero,2,1,0,0,1,0,0,,Calle,,ROSARIO,Rosario,Asfalto,No existe,II,Dentro,Urbana,Ninguna,No existe,Intersección,Bueno,Buena,"Nocturna,Con luz artificial",Buen Tiempo,Lateral,S/D,Colisión,Ninguna,Faltante,Cordón divisorio,Sin restricción,POINT (-60.6627028 -32.964221200000004),"['Pueyrredón', '27 de Febrero']",2,Pueyrredón; Bulevar 27 de Febrero,-32.964221200000004,-60.6627028,55.0,538.0,Municipio Rosario,Municipio,Rosario,820210,Servicio de Catastro e Información Territorial,IGN
2017,3023,2017-06-23,Viernes,0.0,22:30:00,,0.0,2,"Moto/Ciclomotor,Automóvil",Sarmiento Y Galvez,2,0,1,0,1,0,0,,Calle,,ROSARIO,Rosario,Asfalto,No existe,II,Dentro,Urbana,Ninguna,No existe,Intersección,Bueno,Buena,"Nocturna,Con luz artificial",Buen Tiempo,Lateral,S/D,Colisión,Ninguna,Faltante,Ninguna,Sin restricción,POINT (-60.6437699 -32.968772),"['Sarmiento', 'Galvez']",2,Sarmiento; José Gálvez,-32.968772,-60.6437699,55.0,538.0,Municipio Rosario,Municipio,Rosario,820210,Servicio de Catastro e Información Territorial,IGN
2017,3024,2017-06-25,Domingo,0.0,10:30:00,,0.0,2,"Peatón,Automóvil",Cochabamba Y Av. Corrientes,2,1,0,0,1,0,0,,Calle,,ROSARIO,Rosario,Asfalto,No existe,II,Dentro,Urbana,Ninguna,No existe,Recta,Bueno,Buena,Diurna,Buen Tiempo,S/D,Peatón,Atropello,Ninguna,Faltante,Ninguna,Sin restricción,POINT (-60.6453441 -32.9576917),"['Cochabamba', 'Corrientes']",2,Cochabamba; Corrientes,-32.9576917,-60.6453441,55.0,538.0,Municipio Rosario,Municipio,Rosario,820210,Servicio de Catastro e Información Territorial,IGN
2017,3025,2017-06-02,Viernes,0.0,23:15:00,,0.0,3,"Taxi/Remis,Automóvil,Moto/Ciclomotor",Bv. 27 De Febrero Y Laprida,4,1,0,0,3,0,0,,Calle,,ROSARIO,Rosario,Asfalto,No existe,II,Dentro,Urbana,S/D,S/D,Intersección,Bueno,Buena,Nocturna,Buen Tiempo,Múltiple,S/D,Colisión,Ninguna,Faltante,S/D,Sin restricción,POINT (-60.639549849999995 -32.9682981),"['27 de Febrero', 'Laprida']",2,Bulevar 27 de Febrero; Francisco Narciso Laprida,-32.9682981,-60.63954985,55.0,538.0,Municipio Rosario,Municipio,Rosario,820210,Servicio de Catastro e Información Territorial,IGN
2017,3026,2017-06-05,Lunes,0.0,15:45:00,,0.0,2,"Automóvil,Bicicleta",J.M.de Rosas Y Riobamba,2,0,1,0,1,0,0,,Calle,,ROSARIO,Rosario,Asfalto,No existe,II,Dentro,Urbana,Ninguna,No existe,Intersección,Bueno,Buena,Diurna,Buen Tiempo,S/D,Ciclista,Atropello,Ninguna,S/D,S/D,Sin restricción,POINT (-60.635437700000004 -32.964253500000005),"['De Rosas', 'Riobamba']",2,Juan Manuel de Rosas; Riobamba,-32.964253500000005,-60.6354377,55.0,538.0,Municipio Rosario,Municipio,Rosario,820210,Servicio de Catastro e Información Territorial,IGN
2017,3028,2017-06-14,Miercoles,0.0,14:50:00,,0.0,2,"Moto/Ciclomotor,Moto/Ciclomotor",Viamonte Y Esmeralda,5,3,0,0,2,0,0,,Calle,,ROSARIO,Rosario,Asfalto,No existe,II,Dentro,Urbana,Ninguna,No existe,Recta,Bueno,Buena,Diurna,Buen Tiempo,S/D,S/D,Colisión,Ninguna,Vertical,S/D,Sin restricción,POINT (-60.626222299999995 -32.968298999999995),"['Viamonte', 'Esmeralda']",2,Viamonte; Esmeralda,-32.968298999999995,-60.6262223,55.0,538.0,Municipio Rosario,Municipio,Rosario,820210,Servicio de Catastro e Información Territorial,IGN
2017,3032,2017-06-16,Viernes,0.0,14:05:00,,0.0,2,"Automóvil,Moto/Ciclomotor",Galvez Y Colon,3,2,0,0,1,0,0,,Calle,,ROSARIO,Rosario,Asfalto,No existe,II,Dentro,Urbana,Ninguna,No existe,Intersección,Bueno,Buena,Diurna,Buen Tiempo,Lateral,S/D,Colisión,Ninguna,S/D,Ninguna,Sin restricción,POINT (-60.6311573 -32.97101279999999),"['Galvez', 'Colon']",2,José Gálvez; Cristóbal Colón,-32.97101279999999,-60.6311573,55.0,538.0,Municipio Rosario,Municipio,Rosario,820210,Servicio de Catastro e Información Territorial,IGN
2017,3033,2017-06-18,Domingo,0.0,15:32:00,,0.0,2,"Ambulancia,Automóvil",Buenos Aires Y Pasco,2,1,0,0,1,0,0,,Calle,,ROSARIO,Rosario,Asfalto,No existe,II,Dentro,Urbana,Ninguna,No existe,Intersección,Bueno,Buena,Diurna,Buen Tiempo,Lateral,S/D,Colisión,Ninguna,S/D,Ninguna,S/D,POINT (-60.63599930000001 -32.960557399999985),"['Buenos Aires', 'Pasco']",2,Buenos Aires; Pasco,-32.960557399999985,-60.63599930000001,55.0,538.0,Municipio Rosario,Municipio,Rosario,820210,Servicio de Catastro e Información Territorial,IGN
2017,3034,2017-06-28,Miercoles,0.0,5:30:00,,0.0,2,"Taxi/Remis,Automóvil",Necochea Y Bv. 27 De Febrero,2,1,0,0,1,0,0,,Avenida,,ROSARIO,Rosario,Asfalto,No existe,II,Dentro,Urbana,Ninguna,No existe,Intersección,Bueno,Buena,Nocturna,Buen Tiempo,Lateral,S/D,Colisión,Ninguna,S/D,Ninguna,Sin restricción,POINT (-60.6294936 -32.9701003),"['Necochea', '27 de Febrero']",2,Necochea; Bulevar 27 de Febrero,-32.9701003,-60.6294936,55.0,538.0,Municipio Rosario,Municipio,Rosario,820210,Servicio de Catastro e Información Territorial,IGN
2017,3035,2017-06-28,Miercoles,0.0,16:10:00,,0.0,2,"Moto/Ciclomotor,Automóvil",Colon Y Cochabamba,2,1,0,0,1,0,0,,Calle,,ROSARIO,Rosario,Asfalto,No existe,II,Dentro,Urbana,Ninguna,No existe,Intersección,Bueno,Buena,Diurna,Buen Tiempo,Lateral,S/D,Colisión,Ninguna,S/D,Ninguna,Sin restricción,POINT (-60.62856320000001 -32.9607063),"['Colon', 'Cochabamba']",2,Cristóbal Colón; Cochabamba,-32.9607063,-60.62856320000001,55.0,538.0,Municipio Rosario,Municipio,Rosario,820210,Servicio de Catastro e Información Territorial,IGN
2017,3036,2017-06-22,Jueves,0.0,7:05:00,,0.0,2,"Bicicleta,Automóvil",Ayacucho Y Centenario,2,1,0,0,1,0,0,,Calle,,ROSARIO,Rosario,Asfalto,S/D,II,Dentro,Urbana,Ninguna,No existe,Intersección,Bueno,Buena,Diurna,Buen Tiempo,S/D,Ciclista,Atropello,Ninguna,Faltante,Ninguna,S/D,POINT (-60.6359918 -33.003850499999984),"['Ayacucho', 'Centenario']",2,Ayacucho; Avenida Centenario Rosario Central,-33.003850499999984,-60.6359918,55.0,538.0,Municipio Rosario,Municipio,Rosario,820210,Servicio de Catastro e Información Territorial,IGN
2017,3037,2017-06-12,Lunes,0.0,13:00:00,,0.0,2,"Automóvil,Pickup/Utilitario",Av. Circunvalacion Y Av. Ntra.Sra.del Rosario,2,1,0,0,1,0,0,,Avenida,,ROSARIO,Rosario,Asfalto,No existe,II,Dentro,Urbana,Ninguna,No existe,Intersección,Bueno,Buena,Diurna,Buen Tiempo,Lateral,S/D,Colisión,Ninguna,Faltante,Ninguna,Sin restricción,POINT (-60.64527568345747 -32.95690863877888),"['Circunvalacion', 'Nuestra Señora del Rosario']",2,Avenida de Circunvalación 25 de Mayo; Puente Nuestra Señora del Rosario,-32.95690863877888,-60.64527568345747,55.0,538.0,Municipio Rosario,Municipio,Rosario,820210,Servicio de Catastro e Información Territorial,IGN
2017,3038,2017-06-06,Martes,0.0,7:30:00,,0.0,1,Moto/Ciclomotor,Av. Circunvalacion Y ,1,1,0,0,0,0,0,,Avenida,,ROSARIO,Rosario,Asfalto,No existe,II,Dentro,Urbana,Ninguna,No existe,Recta,Bueno,Buena,Diurna,Buen Tiempo,S/D,S/D,Caída ocupante,Ninguna,Faltante,Ninguna,Sin restricción,"-32.9954148, -60.6940772",['Circunvalacion'],1,Circunvalacion,-32.9954148,-60.6940772,55.0,538.0,Municipio Rosario,Municipio,Rosario,820210,Servicio de Catastro e Información Territorial,IGN
2017,3039,2017-06-29,Jueves,0.0,13:25:00,,0.0,2,"Automóvil,Automóvil",Anchorena Y Gral. J.M.Paz,2,1,0,0,1,0,0,,Calle,,ROSARIO,Rosario,Asfalto,No existe,II,Dentro,Urbana,Ninguna,No existe,Intersección,Bueno,Buena,Diurna,Buen Tiempo,Lateral,S/D,Colisión,Ninguna,Faltante,Ninguna,Sin restricción,POINT (-60.627302 -32.997146199999996),"['Anchorena', 'Paz']",2,Tomás de Anchorena; Marcos Paz,-32.9971462,-60.627302,55.0,538.0,Municipio Rosario,Municipio,Rosario,820210,Servicio de Catastro e Información Territorial,IGN
2017,3040,2017-01-18,Miercoles,0.0,,,0.0,2,"Automóvil,Vehículo Oficial",Darragueira Y Matheu,4,2,0,0,2,0,0,,Calle,,ROSARIO,Rosario,S/D,S/D,II,Dentro,Urbana,S/D,S/D,Intersección,S/D,S/D,Diurna,S/D,S/D,S/D,Colisión,S/D,S/D,S/D,S/D,POINT (-60.6967964 -32.8885263),"['José Darragueira', 'Matheu']",2,José Darragueira; Domingo Matheu,-32.8885263,-60.6967964,55.0,538.0,Municipio Rosario,Municipio,Rosario,820210,Servicio de Catastro e Información Territorial,IGN
2017,3043,2017-01-20,Viernes,0.0,,,0.0,2,"Automóvil,Bicicleta",Av. Pellegrini 4200,2,1,0,0,1,0,0,,Calle,,ROSARIO,Rosario,S/D,S/D,II,Dentro,Urbana,S/D,S/D,S/D,S/D,S/D,S/D,S/D,S/D,Ciclista,Atropello,S/D,S/D,S/D,S/D,"-32.9496312, -60.6830123",['Pellegrini 4200'],1,Pellegrini 4200,-32.9496312,-60.6830123,55.0,538.0,Municipio Rosario,Municipio,Rosario,820210,Servicio de Catastro e Información Territorial,IGN
2017,3044,2017-01-21,Sabado,0.0,,,0.0,2,"Automóvil,Bicicleta",La Paz Y Av. Provincias Unidas,2,1,0,0,1,0,0,,Calle,,ROSARIO,Rosario,S/D,S/D,II,Dentro,Urbana,S/D,S/D,Intersección,S/D,S/D,S/D,S/D,S/D,Ciclista,Atropello,S/D,S/D,S/D,S/D,POINT (-60.7119598 -32.95573699999999),"['La Paz', 'Avenida Provincias Unidas']",2,La Paz; Avenida Provincias Unidas,-32.95573699999999,-60.7119598,55.0,538.0,Municipio Rosario,Municipio,Rosario,820210,Servicio de Catastro e Información Territorial,IGN
2017,3049,2017-01-24,Martes,0.0,14:00:00,,0.0,1,Automóvil,Av. Ovidio Lagos 4350,1,1,0,0,0,0,0,,Calle,,ROSARIO,Rosario,S/D,S/D,II,Dentro,Urbana,S/D,S/D,S/D,S/D,S/D,Diurna,S/D,Contra objeto fijo,S/D,Colisión,S/D,S/D,S/D,S/D,"-32.9700442, -60.668095",['Ovidio Lagos 4350'],1,Ovidio Lagos 4350,-32.9700442,-60.668095,55.0,538.0,Municipio Rosario,Municipio,Rosario,820210,Servicio de Catastro e Información Territorial,IGN
2017,3050,2017-01-25,Miercoles,0.0,,,0.0,2,"Automóvil,Cuatriciclo",Pavon Y Sanchez de Bustamante,2,1,0,0,1,0,0,,Calle,,ROSARIO,Rosario,S/D,S/D,II,Dentro,Urbana,S/D,S/D,S/D,S/D,S/D,S/D,S/D,S/D,S/D,Colisión,S/D,S/D,S/D,S/D,POINT (-60.6341046 -33.00153399999999),"['Pavón', 'Sánchez de Bustamante']",2,Pavón; Sánchez de Bustamante,-33.00153399999999,-60.6341046,55.0,538.0,Municipio Rosario,Municipio,Rosario,820210,Servicio de Catastro e Información Territorial,IGN
2017,3051,2017-01-25,Miercoles,0.0,,,0.0,2,"Pickup/Utilitario,Moto/Ciclomotor",Bv. Avellaneda Y Bv. Segui,2,1,0,0,1,0,0,,Calle,,ROSARIO,Rosario,S/D,S/D,II,Dentro,Urbana,S/D,S/D,S/D,S/D,S/D,S/D,S/D,S/D,S/D,Colisión,S/D,S/D,S/D,S/D,POINT (-60.6873526625 -32.9717476875),"['Avellaneda', 'Bulevar Juan Francisco Seguí']",2,Bulevar Nicolás Avellaneda; Bulevar Juan Francisco Seguí,-32.9717476875,-60.6873526625,55.0,538.0,Municipio Rosario,Municipio,Rosario,820210,Servicio de Catastro e Información Territorial,IGN