anio_acci,nro_acci,fecha,desc_dia,fecha_aprox,hora_aprox,desc_ruta,km,cant_participantes,desc_participante,calle_avenida_km,total,heridos_leves,heridos_graves,heridos_gravisimos,ilesos,fallecidos,sin_datos,posicion_XY,desc_tipo_via,desc_ruta_ori,desc_loc,desc_dpto,desc_tipo_calzada,desc_tipo_banquina,desc_unidad_regional,desc_lugar_calzada,desc_zona,desc_prioridad,desc_estado_semaforo,desc_lugar_via,desc_estado_via,desc_estado_visibilidad,desc_luminosidad,desc_estado_clima,desc_tipo_colision,desc_tipo_atropello,desc_tipo_hecho,desc_pres_calzada,desc_senializacion,desc_separacion_via,desc_restriccion,forma_geocod,calle_lista,numero_calles,calles_osm,lat,lon,index_right,gid,fna,gna,nam,in1,fdc,sag
2017,3055,2017-01-31,Martes,0.0,,,0.0,3,"Camión,Camión,Pickup/Utilitario",España Y Av. Circunvalacion,3,1,0,0,2,0,0,,Calle,,ROSARIO,Rosario,S/D,S/D,II,Dentro,Urbana,S/D,S/D,Intersección,S/D,S/D,S/D,S/D,Múltiple,S/D,Colisión,S/D,S/D,S/D,S/D,POINT (-60.65680843645818 -33.016017846657775),"['España', 'Circunvalacion']",2,España; Avenida de Circunvalación 25 de Mayo,-33.016017846657775,-60.65680843645818,55.0,538.0,Municipio Rosario,Municipio,Rosario,820210,Servicio de Catastro e Información Territorial,IGN
2017,3056,2017-06-23,Viernes,0.0,11:00:00,,0.0,2,"Moto/Ciclomotor,Automóvil",Grandoli Y Av. Uriburu,2,1,0,0,1,0,0,,Calle,,ROSARIO,Rosario,Asfalto,No existe,II,Dentro,Urbana,Ninguna,Funciona,Intersección,Bueno,Buena,Diurna,Buen Tiempo,Lateral,S/D,Colisión,Ninguna,Vertical,Barrera de hormigón,Sin restricción,POINT (-60.62847275000001 -32.99009015),"['Avenida Abanderado Grandoli', 'Uriburu']",2,Avenida Abanderado Grandoli; Avenida José Uriburu,-32.99009015,-60.62847275000001,55.0,538.0,Municipio Rosario,Municipio,Rosario,820210,Servicio de Catastro e Información Territorial,IGN
2017,3059,2017-06-13,Martes,0.0,11:30:00,,0.0,2,"Moto/Ciclomotor,Automóvil",Ayacucho Y San Juan,2,1,0,0,1,0,0,,Calle,,ROSARIO,Rosario,Asfalto,S/D,II,Dentro,Urbana,S/D,S/D,Recta,Bueno,Buena,Diurna,S/D,S/D,S/D,Colisión,S/D,S/D,Cordón divisorio,S/D,POINT (-60.627681300000006 -32.9523929),"['Ayacucho', 'San Juan']",2,Ayacucho; San Juan,-32.9523929,-60.627681300000006,55.0,538.0,Municipio Rosario,Municipio,Rosario,820210,Servicio de Catastro e Información Territorial,IGN
2017,3060,2017-06-04,Domingo,0.0,16:00:00,,0.0,2,"Automóvil,Taxi/Remis",Laprida Y Av. Pellegrini,2,1,0,0,1,0,0,,Calle,,ROSARIO,Rosario,Asfalto,S/D,II,Dentro,Urbana,S/D,S/D,Intersección,Bueno,Buena,Diurna,S/D,Lateral,S/D,Colisión,S/D,S/D,Cordón divisorio,S/D,POINT (-60.63694769999999 -32.958013449999996),"['Laprida', 'Pellegrini']",2,Francisco Narciso Laprida; Avenida Carlos Pellegrini,-32.95801345,-60.63694769999999,55.0,538.0,Municipio Rosario,Municipio,Rosario,820210,Servicio de Catastro e Información Territorial,IGN
2017,3071,2017-06-30,Viernes,0.0,4:30:00,,0.0,2,"Transporte de Pasajeros Urbano (> 8 asientos),Automóvil",San Juan Y Paraguay,7,1,0,0,6,0,0,,Calle,,ROSARIO,Rosario,Asfalto,Pavimento,II,Dentro,Urbana,Semáforo,Funciona,Intersección,Bueno,Buena,Nocturna,Buen Tiempo,Múltiple,S/D,Colisión,Ninguna,Vertical,Cordón divisorio,Sin restricción,POINT (-60.64466079999999 -32.94915720000001),"['San Juan', 'Paraguay']",2,San Juan; Paraguay,-32.94915720000001,-60.64466079999999,55.0,538.0,Municipio Rosario,Municipio,Rosario,820210,Servicio de Catastro e Información Territorial,IGN
2017,3072,2017-06-29,Jueves,0.0,22:23:00,,0.0,2,"Camión Chasis,Bicicleta",Mendoza Y Maipu,2,0,1,0,1,0,0,,Calle,,ROSARIO,Rosario,Asfalto,S/D,II,Dentro,Urbana,S/D,S/D,Intersección,Bueno,S/D,Nocturna,Buen Tiempo,S/D,Ciclista,Atropello,Ninguna,Vertical,Cordón divisorio,S/D,POINT (-60.6365437 -32.95199989999999),"['Mendoza', 'Maipú']",2,Mendoza; Maipú,-32.95199989999999,-60.6365437,55.0,538.0,Municipio Rosario,Municipio,Rosario,820210,Servicio de Catastro e Información Territorial,IGN
2017,3073,2017-06-29,Jueves,0.0,22:45:00,,0.0,2,"Automóvil,Moto/Ciclomotor",España 824,2,1,0,0,1,0,0,,Calle,,ROSARIO,Rosario,Asfalto,S/D,II,Dentro,Urbana,Ninguna,S/D,Recta,Bueno,S/D,Nocturna,Buen Tiempo,Lateral,S/D,Colisión,Ninguna,Horizontal,Cordón divisorio,Sin restricción,"-32.945216655102044, -60.646597367346935",['España 824'],1,España 824,-32.945216655102044,-60.646597367346935,55.0,538.0,Municipio Rosario,Municipio,Rosario,820210,Servicio de Catastro e Información Territorial,IGN
2017,3074,2017-06-30,Viernes,0.0,17:30:00,,0.0,2,"Automóvil,Automóvil",Entre Rios 1200,5,1,0,0,4,0,0,,Calle,,ROSARIO,Rosario,Asfalto,No existe,II,Dentro,Urbana,Marca Vial,No existe,Recta,Bueno,Buena,Diurna,Buen Tiempo,Lateral,S/D,Colisión,Ninguna,Horizontal,Cordón divisorio,Sin restricción,"-32.9509525, -60.642213",['Entre Rios 1200'],1,Entre Rios 1200,-32.9509525,-60.642213,55.0,538.0,Municipio Rosario,Municipio,Rosario,820210,Servicio de Catastro e Información Territorial,IGN
2017,3087,2017-06-26,Lunes,0.0,22:00:00,,0.0,2,"Automóvil,Moto/Ciclomotor",3 De Febrero 2000,2,1,0,0,1,0,0,,Calle,,ROSARIO,Rosario,Asfalto,Pavimento,II,Dentro,Urbana,Marca Vial,No existe,Intersección,Bueno,Buena,Nocturna,Buen Tiempo,Lateral,S/D,Colisión,Ninguna,Horizontal,Cordón divisorio,Sin restricción,"-32.9522613, -60.6425086",['3 De Febrero 2000'],1,3 De Febrero 2000,-32.9522613,-60.6425086,55.0,538.0,Municipio Rosario,Municipio,Rosario,820210,Servicio de Catastro e Información Territorial,IGN
2017,3088,2017-06-26,Lunes,0.0,15:00:00,,0.0,2,"Automóvil,Bicicleta",3 De Febrero Y Sarmiento,2,1,0,0,1,0,0,,Calle,,ROSARIO,Rosario,Asfalto,Pavimento,II,Dentro,Urbana,Semáforo,Funciona,Intersección,Bueno,Buena,Diurna,Buen Tiempo,S/D,Ciclista,Atropello,Ninguna,Vertical,Cordón divisorio,Sin restricción,POINT (-60.63974480000001 -32.9527553),"['3 de Febrero', 'Sarmiento']",2,3 de Febrero; Sarmiento,-32.9527553,-60.63974480000001,55.0,538.0,Municipio Rosario,Municipio,Rosario,820210,Servicio de Catastro e Información Territorial,IGN
2017,3101,2017-06-24,Sabado,0.0,22:00:00,,0.0,2,"Moto/Ciclomotor,Automóvil",Balcarce Y Montevideo,2,1,0,0,1,0,0,,Calle,,ROSARIO,Rosario,Asfalto,Pavimento,II,Dentro,Urbana,Ninguna,No existe,Intersección,Bueno,Buena,Nocturna,Buen Tiempo,Lateral,S/D,Colisión,Ninguna,Horizontal,Cordón divisorio,Sin restricción,POINT (-60.6543933 -32.953676800000004),"['Balcarce', 'Montevideo']",2,Balcarce; Montevideo,-32.953676800000004,-60.6543933,55.0,538.0,Municipio Rosario,Municipio,Rosario,820210,Servicio de Catastro e Información Territorial,IGN
2017,3102,2017-06-22,Jueves,0.0,10:30:00,,0.0,2,"Taxi/Remis,Moto/Ciclomotor",Laprida Y 3 De Febrero,3,2,0,0,1,0,0,,Calle,,ROSARIO,Rosario,Asfalto,Pavimento,II,Dentro,Urbana,Semáforo,Funciona,Intersección,Bueno,Buena,Diurna,Buen Tiempo,Lateral,S/D,Colisión,Ninguna,Vertical,Cordón divisorio,Sin restricción,POINT (-60.635693599999996 -32.9534837),"['Laprida', '3 de Febrero']",2,Francisco Narciso Laprida; 3 de Febrero,-32.9534837,-60.6356936,55.0,538.0,Municipio Rosario,Municipio,Rosario,820210,Servicio de Catastro e Información Territorial,IGN
2017,3103,2017-06-21,Miercoles,0.0,10:30:00,,0.0,2,"Moto/Ciclomotor,Peatón",Mitre 1300,2,1,0,0,1,0,0,,Calle,,ROSARIO,Rosario,Asfalto,Pavimento,II,Dentro,Urbana,Ninguna,S/D,Recta,Bueno,Buena,Diurna,Buen Tiempo,S/D,Peatón,Atropello,S/D,Horizontal,Cordón divisorio,Sin restricción,"-32.9524359, -60.6411865",['Mitre 1300'],1,Mitre 1300,-32.9524359,-60.6411865,55.0,538.0,Municipio Rosario,Municipio,Rosario,820210,Servicio de Catastro e Información Territorial,IGN
2017,3104,2017-06-22,Jueves,0.0,22:00:00,,0.0,2,"Taxi/Remis,Moto/Ciclomotor",San Luis Y Bv. Oroño,3,2,0,0,1,0,0,,Calle,,ROSARIO,Rosario,Asfalto,Pavimento,II,Dentro,Urbana,Ninguna,Funciona,Intersección,Bueno,Buena,Diurna,Buen Tiempo,Lateral,S/D,Colisión,S/D,Vertical,Ninguna,Sin restricción,POINT (-60.6539474 -32.946329600000006),"['San Luis', 'Bulevar Nicasio Oroño']",2,San Luis; Bulevar Nicasio Oroño,-32.946329600000006,-60.6539474,55.0,538.0,Municipio Rosario,Municipio,Rosario,820210,Servicio de Catastro e Información Territorial,IGN
2017,3105,2017-06-22,Jueves,0.0,12:19:00,,0.0,2,"Transporte de Pasajeros Urbano (> 8 asientos),Peatón",Alberdi Y Av. Genova,2,1,0,0,0,0,1,,Calle,,ROSARIO,Rosario,Asfalto,Pavimento,II,Dentro,Urbana,Semáforo,Funciona,Intersección,Bueno,Buena,Diurna,Buen Tiempo,S/D,Peatón,Atropello,Ninguna,Vertical,Cordón divisorio,Sin restricción,POINT (-60.685641200000006 -32.91519955000001),"['Alberdi', 'Genova']",2,Avenida Alberdi; Avenida Génova,-32.91519955000001,-60.685641200000006,55.0,538.0,Municipio Rosario,Municipio,Rosario,820210,Servicio de Catastro e Información Territorial,IGN
2017,3106,2017-06-22,Jueves,0.0,12:20:00,,0.0,2,"Peatón,Taxi/Remis",Cordoba Y Dorrego,2,1,0,0,1,0,0,,Calle,,ROSARIO,Rosario,Asfalto,Pavimento,II,Dentro,Urbana,Ninguna,No existe,Intersección,Bueno,Buena,Diurna,Buen Tiempo,S/D,Ciclista,Atropello,Ninguna,Horizontal,Cordón divisorio,Sin restricción,POINT (-60.64918180000001 -32.94445519999999),"['Córdoba', 'Dorrego']",2,Córdoba; Manuel Dorrego,-32.94445519999999,-60.64918180000001,55.0,538.0,Municipio Rosario,Municipio,Rosario,820210,Servicio de Catastro e Información Territorial,IGN
2017,3107,2017-06-21,Miercoles,0.0,23:30:00,,0.0,2,"Peatón,Automóvil",Av. Pellegrini Y Pte.Roca,2,1,0,0,1,0,0,,Calle,,ROSARIO,Rosario,Asfalto,Pavimento,II,Dentro,Urbana,Semáforo,Funciona,Intersección,Bueno,Buena,Diurna,Buen Tiempo,S/D,Peatón,Atropello,Ninguna,Vertical,Cordón divisorio,Sin restricción,POINT (-60.6478283 -32.95605889999999),"['Pellegrini', 'Roca']",2,Avenida Carlos Pellegrini; Presidente Roca,-32.95605889999999,-60.6478283,55.0,538.0,Municipio Rosario,Municipio,Rosario,820210,Servicio de Catastro e Información Territorial,IGN
2017,3114,2017-01-18,Miercoles,0.0,17:30:00,,0.0,2,"Vehículo Oficial,Moto/Ciclomotor",Bv. Rondeau Y Superi,3,1,1,0,1,0,0,,Calle,,ROSARIO,Rosario,S/D,S/D,II,Dentro,Urbana,S/D,S/D,Intersección,S/D,S/D,Diurna,S/D,S/D,S/D,Colisión,S/D,S/D,S/D,S/D,POINT (-60.692458175000006 -32.894239025),"['Rondeau', 'Superi']",2,Bulevar General José Rondeau; Comandante José Superí,-32.894239025,-60.692458175000006,55.0,538.0,Municipio Rosario,Municipio,Rosario,820210,Servicio de Catastro e Información Territorial,IGN
2017,3142,2017-05-05,Viernes,0.0,7:35:00,,0.0,2,"Automóvil,Moto/Ciclomotor",Baigorria Y Cavia,3,1,0,0,2,0,0,,Calle,,ROSARIO,Rosario,Asfalto,No existe,I,Dentro,Urbana,Ninguna,No existe,Recta,Bueno,Buena,Atardecer,Buen Tiempo,Lateral,S/D,Colisión,Ninguna,Faltante,Barrera de hormigón,Sin restricción,POINT (-60.7096106 -32.8937007),"['Baigorria', 'Cavia']",2,Baigorria; Cavia,-32.8937007,-60.7096106,55.0,538.0,Municipio Rosario,Municipio,Rosario,820210,Servicio de Catastro e Información Territorial,IGN
2017,3154,2017-04-15,Sabado,0.0,19:30:00,,0.0,2,"Moto/Ciclomotor,Automóvil",Donado Y Av. Jorge Newbery,2,0,1,0,0,0,1,,Calle,,ROSARIO,Rosario,S/D,S/D,II,Dentro,Urbana,S/D,S/D,Intersección,S/D,S/D,Diurna,S/D,S/D,S/D,Colisión,S/D,S/D,S/D,S/D,POINT (-60.728404966666666 -32.908371466666665),"['Donado', 'Jorge Newbery']",2,José Agustín Donado; Avenida Jorge Newbery,-32.908371466666665,-60.728404966666666,55.0,538.0,Municipio Rosario,Municipio,Rosario,820210,Servicio de Catastro e Información Territorial,IGN
2017,3157,2017-04-15,Sabado,0.0,20:30:00,,0.0,2,"Moto/Ciclomotor,Pickup/Utilitario",Av. Jorge Newbery Y Donado Bis,4,2,0,0,0,0,2,,Calle,,ROSARIO,Rosario,S/D,S/D,II,Dentro,Urbana,S/D,S/D,Intersección,S/D,S/D,Diurna,S/D,S/D,S/D,Colisión,S/D,S/D,S/D,S/D,POINT (-60.728404966666666 -32.908371466666665),"['Jorge Newbery', 'Donado']",2,Avenida Jorge Newbery; José Agustín Donado,-32.908371466666665,-60.728404966666666,55.0,538.0,Municipio Rosario,Municipio,Rosario,820210,Servicio de Catastro e Información Territorial,IGN
2017,3158,2017-04-29,Sabado,0.0,15:10:00,,0.0,2,"Moto/Ciclomotor,Automóvil",Sanchez de Loria Y Av. Jorge Newbery,2,0,0,0,0,0,2,,Calle,,ROSARIO,Rosario,S/D,S/D,II,Dentro,Urbana,S/D,S/D,Intersección,S/D,S/D,Diurna,S/D,S/D,S/D,Colisión,S/D,S/D,S/D,S/D,POINT (-60.733099159999995 -32.90848276),"['Sánchez de Loria', 'Jorge Newbery']",2,Sánchez de Loria; Avenida Jorge Newbery,-32.90848276,-60.73309916,55.0,538.0,Municipio Rosario,Municipio,Rosario,820210,Servicio de Catastro e Información Territorial,IGN
2017,3160,2017-04-29,Sabado,0.0,17:30:00,,0.0,2,"Moto/Ciclomotor,Automóvil",Av. Jorge Newbery Y Donado,2,1,0,0,0,0,1,,Calle,,ROSARIO,Rosario,S/D,S/D,II,Dentro,Urbana,S/D,S/D,Intersección,S/D,S/D,Diurna,S/D,S/D,S/D,Colisión,S/D,S/D,S/D,S/D,POINT (-60.728404966666666 -32.908371466666665),"['Jorge Newbery', 'Donado']",2,Avenida Jorge Newbery; José Agustín Donado,-32.908371466666665,-60.728404966666666,55.0,538.0,Municipio Rosario,Municipio,Rosario,820210,Servicio de Catastro e Información Territorial,IGN
2017,3162,2017-04-16,Domingo,0.0,18:15:00,,0.0,2,"Moto/Ciclomotor,Pickup/Utilitario",Donado Y Av. Jorge Newbery,3,2,0,0,0,0,1,,Calle,,ROSARIO,Rosario,S/D,S/D,II,Dentro,Urbana,S/D,S/D,Intersección,S/D,S/D,Diurna,S/D,S/D,S/D,Colisión,S/D,S/D,S/D,S/D,POINT (-60.728404966666666 -32.908371466666665),"['Donado', 'Jorge Newbery']",2,José Agustín Donado; Avenida Jorge Newbery,-32.908371466666665,-60.728404966666666,55.0,538.0,Municipio Rosario,Municipio,Rosario,820210,Servicio de Catastro e Información Territorial,IGN
2017,3166,2017-04-09,Domingo,0.0,23:15:00,,0.0,2,"Automóvil,Automóvil",Tarragona Y Av. Jorge Newbery,5,0,0,0,0,0,5,,Calle,,ROSARIO,Rosario,S/D,S/D,II,Dentro,Urbana,S/D,S/D,Intersección,S/D,S/D,Nocturna,S/D,S/D,S/D,Colisión,S/D,S/D,S/D,S/D,POINT (-60.7354351 -32.90855883333332),"['Tarragona', 'Jorge Newbery']",2,Tarragona; Avenida Jorge Newbery,-32.90855883333332,-60.7354351,55.0,538.0,Municipio Rosario,Municipio,Rosario,820210,Servicio de Catastro e Información Territorial,IGN
2017,3167,2017-05-03,Miercoles,0.0,18:30:00,,0.0,2,"Otros,Otros",Av. Casiano Casas Y Superi,3,3,0,0,0,0,0,,Calle,,ROSARIO,Rosario,Asfalto,No existe,II,Dentro,Urbana,Ninguna,No existe,Recta,Bueno,Buena,Amanecer,Buen Tiempo,S/D,S/D,Colisión,Ninguna,S/D,Barrera de hormigón,Sin restricción,POINT (-60.7146469 -32.89693319999999),"['Avenida Casiano Casas', 'Superi']",2,Avenida Casiano Casas; Comandante José Superí,-32.89693319999999,-60.7146469,55.0,538.0,Municipio Rosario,Municipio,Rosario,820210,Servicio de Catastro e Información Territorial,IGN
2017,3169,2017-01-28,Sabado,0.0,17:30:00,,0.0,1,Automóvil,Lima Y E.Zeballos,1,1,0,0,0,0,0,,Calle,,ROSARIO,Rosario,Asfalto,No existe,II,Dentro,Urbana,Ninguna,No existe,Intersección,Bueno,Buena,Diurna,Buen Tiempo,Contra objeto fijo,S/D,Colisión,Ninguna,S/D,Ninguna,Sin restricción,POINT (-60.6853927 -32.9469522),"['Lima', 'Zeballos']",2,Lima; Zeballos,-32.9469522,-60.6853927,55.0,538.0,Municipio Rosario,Municipio,Rosario,820210,Servicio de Catastro e Información Territorial,IGN
2017,3171,2017-05-30,Martes,0.0,,,0.0,2,"Moto/Ciclomotor,Peatón",Av. Provincias Unidas Y French,2,1,0,0,0,0,1,,Avenida,,ROSARIO,Rosario,Hormigón,No existe,II,Dentro,Urbana,Ninguna,No existe,Intersección,Bueno,Buena,S/D,Otro,S/D,Peatón,Atropello,Ninguna,Vertical,Cordón divisorio,Sin restricción,POINT (-60.7134078 -32.92179325),"['Avenida Provincias Unidas', 'French']",2,Avenida Provincias Unidas; Domingo French,-32.92179325,-60.7134078,55.0,538.0,Municipio Rosario,Municipio,Rosario,820210,Servicio de Catastro e Información Territorial,IGN
2017,3173,2017-05-18,Jueves,0.0,,,0.0,2,"Moto/Ciclomotor,Automóvil",Morrison 7900,2,0,1,0,1,0,0,,Calle,,ROSARIO,Rosario,Asfalto,Pavimento,II,Dentro,Urbana,Ninguna,No existe,Recta,Otro,Buena,S/D,Otro,De alcance,S/D,Colisión,Otro,Horizontal,Ninguna,Sin restricción,"-32.9254718, -60.7325225",['Morrison 7900'],1,Morrison 7900,-32.9254718,-60.7325225,55.0,538.0,Municipio Rosario,Municipio,Rosario,820210,Servicio de Catastro e Información Territorial,IGN
2017,3182,2017-05-09,Martes,0.0,13:10:00,,0.0,2,"Pickup/Utilitario,Pickup/Utilitario",Catamarca Y Pueyrredon,2,1,0,0,1,0,0,,Calle,,ROSARIO,Rosario,Asfalto,No existe,II,Dentro,Urbana,Ninguna,No existe,Recta,Bueno,Buena,Diurna,Buen Tiempo,Lateral,S/D,Colisión,Ninguna,Faltante,Ninguna,Sin restricción,POINT (-60.6558961 -32.93715339999999),"['Catamarca', 'Pueyrredón']",2,Catamarca; Pueyrredón,-32.93715339999999,-60.6558961,55.0,538.0,Municipio Rosario,Municipio,Rosario,820210,Servicio de Catastro e Información Territorial,IGN
2017,3185,2017-05-07,Domingo,0.0,9:15:00,,0.0,2,"Automóvil,Automóvil",Tucuman Y Callao,4,2,0,0,2,0,0,,Calle,,ROSARIO,Rosario,Asfalto,No existe,II,Dentro,Urbana,Semáforo,Funciona,Intersección,Otro,Buena,Diurna,Buen Tiempo,Lateral,S/D,Colisión,Ninguna,Vertical,Ninguna,Sin restricción,POINT (-60.65895690000001 -32.93787960000001),"['Tucumán', 'Callao']",2,Tucumán; Callao,-32.93787960000001,-60.65895690000001,55.0,538.0,Municipio Rosario,Municipio,Rosario,820210,Servicio de Catastro e Información Territorial,IGN
2017,3187,2017-05-11,Jueves,0.0,19:00:00,,0.0,2,"Moto/Ciclomotor,Automóvil",Cerrito Y Nicaragua,3,2,0,0,1,0,0,,Calle,,ROSARIO,Rosario,Asfalto,S/D,II,S/D,Urbana,S/D,S/D,Recta,S/D,S/D,Nocturna,S/D,S/D,S/D,Colisión,S/D,S/D,S/D,S/D,POINT (-60.7201689 -32.95354980000001),"['Cerrito', 'Nicaragua']",2,Cerrito; Nicaragua,-32.95354980000001,-60.7201689,55.0,538.0,Municipio Rosario,Municipio,Rosario,820210,Servicio de Catastro e Información Territorial,IGN
2017,3188,2017-05-12,Viernes,0.0,14:30:00,,0.0,2,"Pickup/Utilitario,Automóvil",Mendoza Y Brasil,2,1,0,0,1,0,0,,Calle,,ROSARIO,Rosario,Asfalto,Natural,II,S/D,Urbana,S/D,Funciona,S/D,S/D,S/D,"Diurna,Con luz artificial",S/D,De alcance,S/D,Colisión,S/D,S/D,Cordón divisorio,S/D,POINT (-60.71957110000001 -32.940424),"['Mendoza', 'Brasil']",2,Mendoza; Brasil,-32.940424,-60.71957110000001,55.0,538.0,Municipio Rosario,Municipio,Rosario,820210,Servicio de Catastro e Información Territorial,IGN
2017,3189,2017-05-13,Sabado,0.0,22:10:00,,0.0,2,"Automóvil,Moto/Ciclomotor",Mendoza 7500,2,2,0,0,0,0,0,,Calle,,ROSARIO,Rosario,Asfalto,Natural,II,S/D,Urbana,S/D,S/D,Recta,Deteriorada,S/D,"Nocturna,Con luz artificial",S/D,Lateral,S/D,Colisión,S/D,S/D,Cordón divisorio,S/D,"-32.9404161, -60.7235199",['Mendoza 7500'],1,Mendoza 7500,-32.9404161,-60.7235199,55.0,538.0,Municipio Rosario,Municipio,Rosario,820210,Servicio de Catastro e Información Territorial,IGN
2017,3198,2017-05-09,Martes,0.0,14:00:00,,0.0,2,"Peatón,Automóvil",Santa Fe Y Ricchieri,2,1,0,0,1,0,0,,Calle,,ROSARIO,Rosario,S/D,No existe,II,Dentro,Urbana,Semáforo,Funciona,Recta,Otro,Buena,Diurna,Buen Tiempo,S/D,Peatón,Atropello,Ninguna,Horizontal,Ninguna,Sin restricción,POINT (-60.6625073 -32.94067769999999),"['Santa Fe', 'Ricchieri']",2,Santa Fe; Ricchieri,-32.94067769999999,-60.6625073,55.0,538.0,Municipio Rosario,Municipio,Rosario,820210,Servicio de Catastro e Información Territorial,IGN
2017,3199,2017-04-11,Martes,0.0,16:00:00,,0.0,2,"Camión c / Acoplado,Moto/Ciclomotor",Nicaragua Y Mendoza,3,2,0,0,1,0,0,,Calle,,ROSARIO,Rosario,Asfalto,No existe,II,Dentro,Urbana,S/D,No existe,Recta,Bueno,Buena,Diurna,Buen Tiempo,S/D,S/D,Colisión,Ninguna,Faltante,S/D,S/D,POINT (-60.720695799999994 -32.94045335),"['Nicaragua', 'Mendoza']",2,Nicaragua; Mendoza,-32.94045335,-60.7206958,55.0,538.0,Municipio Rosario,Municipio,Rosario,820210,Servicio de Catastro e Información Territorial,IGN
2017,3200,2017-05-11,Jueves,0.0,10:20:00,,0.0,2,"Moto/Ciclomotor,Automóvil",Av. Ovidio Lagos Y Jujuy,2,1,0,0,1,0,0,,Avenida,,ROSARIO,Rosario,Asfalto,No existe,II,Dentro,Urbana,Semáforo,Funciona,Recta,Bueno,Buena,Diurna,Buen Tiempo,Lateral,S/D,Colisión,Ninguna,Vertical,Ninguna,Sin restricción,POINT (-60.65939970000001 -32.93408639999999),"['Avenida Ovidio Lagos', 'Jujuy']",2,Avenida Ovidio Lagos; Jujuy,-32.93408639999999,-60.65939970000001,55.0,538.0,Municipio Rosario,Municipio,Rosario,820210,Servicio de Catastro e Información Territorial,IGN
2017,3201,2017-05-14,Domingo,0.0,8:50:00,,0.0,2,"Automóvil,Moto/Ciclomotor",R.de Escalada ,2,1,0,0,1,0,0,,Calle,,ROSARIO,Rosario,Asfalto,No existe,II,Dentro,Urbana,Ninguna,No existe,Puente,Bueno,Buena,Diurna,Buen Tiempo,De alcance,S/D,Colisión,Ninguna,Faltante,Ninguna,Sin restricción,"-32.9096776, -60.6897999",['R De Escalada'],1,R De Escalada,-32.9096776,-60.6897999,55.0,538.0,Municipio Rosario,Municipio,Rosario,820210,Servicio de Catastro e Información Territorial,IGN
2017,3202,2017-04-01,Sabado,0.0,8:00:00,,0.0,2,"Taxi/Remis,Bicicleta",Pje. Calzada ,2,0,0,0,0,0,2,,Calle,,ROSARIO,Rosario,Asfalto,S/D,II,Dentro,Urbana,S/D,S/D,S/D,Bueno,Buena,Diurna,S/D,S/D,Ciclista,Atropello,Ninguna,Faltante,S/D,Sin restricción,"-32.9741569, -60.6437208",['Pasaje Calzada'],1,Pasaje Calzada,-32.9741569,-60.6437208,55.0,538.0,Municipio Rosario,Municipio,Rosario,820210,Servicio de Catastro e Información Territorial,IGN
2017,3203,2017-04-21,Viernes,0.0,21:00:00,,0.0,2,"Pickup/Utilitario,Moto/Ciclomotor",Chubut Y Donado,2,1,0,0,1,0,0,,Calle,,ROSARIO,Rosario,Asfalto,No existe,II,Dentro,Urbana,Ninguna,No existe,Recta,Bueno,Buena,Nocturna,Buen Tiempo,Lateral,S/D,Colisión,Ninguna,Faltante,S/D,Sin restricción,POINT (-60.726780600000005 -32.94597619999999),"['Chubut', 'Donado']",2,Chubut; José Agustín Donado,-32.94597619999999,-60.726780600000005,55.0,538.0,Municipio Rosario,Municipio,Rosario,820210,Servicio de Catastro e Información Territorial,IGN
2017,3204,2017-05-15,Lunes,0.0,1:20:00,,0.0,2,"Moto/Ciclomotor,Taxi/Remis",Salta Y Callao,2,1,0,0,1,0,0,,Calle,,ROSARIO,Rosario,Asfalto,No existe,II,Dentro,Urbana,Ninguna,Intermitente,Intersección,Bueno,Buena,Nocturna,Buen Tiempo,Lateral,S/D,Colisión,Ninguna,Horizontal,Ninguna,Sin restricción,POINT (-60.6583919 -32.93552249999999),"['Salta', 'Callao']",2,Salta; Callao,-32.93552249999999,-60.6583919,55.0,538.0,Municipio Rosario,Municipio,Rosario,820210,Servicio de Catastro e Información Territorial,IGN
2017,3206,2017-05-20,Sabado,0.0,5:00:00,,0.0,2,"Taxi/Remis,Automóvil",Iriondo Y Salta,3,2,0,0,1,0,0,,Calle,,ROSARIO,Rosario,Asfalto,No existe,II,Dentro,Urbana,Ninguna,S/D,Intersección,Bueno,Buena,Nocturna,Buen Tiempo,Lateral,S/D,Colisión,Ninguna,Vertical,Ninguna,Sin restricción,POINT (-60.6678744 -32.933836899999996),"['Iriondo', 'Salta']",2,Iriondo; Salta,-32.9338369,-60.6678744,55.0,538.0,Municipio Rosario,Municipio,Rosario,820210,Servicio de Catastro e Información Territorial,IGN
2017,3207,2017-05-15,Lunes,0.0,,,0.0,2,"Automóvil,Moto/Ciclomotor",La Republica ,2,1,0,0,1,0,0,,Calle,,ROSARIO,Rosario,Asfalto,No existe,II,Dentro,Urbana,Ninguna,No existe,Intersección,Bueno,Buena,Diurna,Buen Tiempo,Lateral,S/D,Colisión,Ninguna,Faltante,Ninguna,Sin restricción,"-32.9197593, -60.7560542",['La República'],1,La República,-32.9197593,-60.7560542,55.0,538.0,Municipio Rosario,Municipio,Rosario,820210,Servicio de Catastro e Información Territorial,IGN