anio_acci,nro_acci,fecha,desc_dia,fecha_aprox,hora_aprox,desc_ruta,km,cant_participantes,desc_participante,calle_avenida_km,total,heridos_leves,heridos_graves,heridos_gravisimos,ilesos,fallecidos,sin_datos,posicion_XY,desc_tipo_via,desc_ruta_ori,desc_loc,desc_dpto,desc_tipo_calzada,desc_tipo_banquina,desc_unidad_regional,desc_lugar_calzada,desc_zona,desc_prioridad,desc_estado_semaforo,desc_lugar_via,desc_estado_via,desc_estado_visibilidad,desc_luminosidad,desc_estado_clima,desc_tipo_colision,desc_tipo_atropello,desc_tipo_hecho,desc_pres_calzada,desc_senializacion,desc_separacion_via,desc_restriccion,forma_geocod,calle_lista,numero_calles,calles_osm,lat,lon,index_right,gid,fna,gna,nam,in1,fdc,sag
2017,3208,2017-05-23,Martes,0.0,16:25:00,,0.0,2,"Moto/Ciclomotor,Automóvil",Brown Y Av. Ovidio Lagos,2,1,0,0,1,0,0,,Avenida,,ROSARIO,Rosario,Asfalto,No existe,II,Dentro,Urbana,Ninguna,S/D,Intersección,Bueno,Buena,Diurna,Buen Tiempo,Lateral,S/D,Colisión,Ninguna,S/D,Ninguna,S/D,POINT (-60.65911680000001 -32.93295820000001),"['Brown', 'Avenida Ovidio Lagos']",2,Almirante Brown; Avenida Ovidio Lagos,-32.93295820000001,-60.65911680000001,55.0,538.0,Municipio Rosario,Municipio,Rosario,820210,Servicio de Catastro e Información Territorial,IGN
2017,3210,2017-05-15,Lunes,0.0,16:00:00,,0.0,2,"Pickup/Utilitario,Moto/Ciclomotor",Mejico Y Gorriti,3,2,0,0,1,0,0,,Calle,,ROSARIO,Rosario,Asfalto,Pavimento,II,Dentro,Urbana,Ninguna,No existe,Recta,Bueno,Buena,Atardecer,Buen Tiempo,De alcance,S/D,Colisión,Ninguna,Faltante,Ninguna,Sin restricción,POINT (-60.7191401 -32.92452029999999),"['Mejico', 'Gorriti']",2,Méjico; Gorriti,-32.92452029999999,-60.7191401,55.0,538.0,Municipio Rosario,Municipio,Rosario,820210,Servicio de Catastro e Información Territorial,IGN
2017,3218,2017-05-15,Lunes,0.0,20:25:00,,0.0,2,"Moto/Ciclomotor,Pickup/Utilitario",Bv. Wilde Y San Lorenzo,2,1,0,0,1,0,0,,Calle,,ROSARIO,Rosario,Asfalto,No existe,II,Dentro,Urbana,S/D,No existe,Recta,Deteriorada,Buena,"Nocturna,Con luz artificial",S/D,S/D,S/D,Colisión,S/D,S/D,Cordón divisorio,S/D,POINT (-60.7386827 -32.935282349999994),"['Bulevar Wilde', 'San Lorenzo']",2,Bulevar Wilde; San Lorenzo,-32.935282349999994,-60.7386827,55.0,538.0,Municipio Rosario,Municipio,Rosario,820210,Servicio de Catastro e Información Territorial,IGN
2017,3219,2017-05-16,Martes,0.0,9:45:00,,0.0,2,"Automóvil,Pickup/Utilitario",Donado ,3,2,0,0,1,0,0,,Calle,,ROSARIO,Rosario,Asfalto,S/D,II,Dentro,Urbana,S/D,No existe,Recta,Deteriorada,Buena,Diurna,S/D,S/D,S/D,Colisión,S/D,S/D,Ninguna,S/D,"-32.9488983, -60.7266451",['Donado'],1,Donado,-32.9488983,-60.7266451,55.0,538.0,Municipio Rosario,Municipio,Rosario,820210,Servicio de Catastro e Información Territorial,IGN
2017,3221,2017-05-21,Domingo,0.0,22:30:00,,0.0,2,"Automóvil,Automóvil",Av. San Jose De Calasanz 8100,2,1,0,0,1,0,0,,Calle,,ROSARIO,Rosario,Asfalto,S/D,II,Dentro,Urbana,S/D,S/D,Recta,Con baches,S/D,"Nocturna,Con luz artificial",S/D,S/D,S/D,Colisión,S/D,S/D,Ninguna,S/D,"-32.9406175, -60.7521892",['San Jose De Calasanz 8100'],1,San Jose De Calasanz 8100,-32.9406175,-60.7521892,55.0,538.0,Municipio Rosario,Municipio,Rosario,820210,Servicio de Catastro e Información Territorial,IGN
2017,3222,2017-05-22,Lunes,0.0,13:20:00,,0.0,2,"Taxi/Remis,Taxi/Remis",Mendoza 7600,2,2,0,0,0,0,0,,Calle,,ROSARIO,Rosario,Asfalto,S/D,II,Dentro,Urbana,S/D,S/D,Recta,S/D,S/D,"Diurna,Con luz artificial",S/D,S/D,S/D,Colisión,S/D,S/D,Cordón divisorio,S/D,"-32.9404426, -60.725011",['Mendoza 7600'],1,Mendoza 7600,-32.9404426,-60.725011,55.0,538.0,Municipio Rosario,Municipio,Rosario,820210,Servicio de Catastro e Información Territorial,IGN
2017,3223,2017-06-21,Miercoles,0.0,20:30:00,,0.0,2,"Automóvil,Moto/Ciclomotor",San Juan Y Av. De La Libertad,2,1,0,0,1,0,0,,Calle,,ROSARIO,Rosario,Asfalto,Pavimento,II,Dentro,Urbana,S/D,S/D,Intersección,Bueno,Buena,Nocturna,Buen Tiempo,Lateral,S/D,Colisión,Ninguna,S/D,Cordón divisorio,Sin restricción,POINT (-60.6279432 -32.9522997),"['San Juan', 'De La Libertad']",2,San Juan; Avenida de la Libertad,-32.9522997,-60.6279432,55.0,538.0,Municipio Rosario,Municipio,Rosario,820210,Servicio de Catastro e Información Territorial,IGN
2017,3224,2017-06-20,Martes,0.0,19:50:00,,0.0,2,"Peatón,Taxi/Remis",Av. Pellegrini Y Av. Corrientes,2,1,0,0,1,0,0,,Calle,,ROSARIO,Rosario,Asfalto,Pavimento,II,Dentro,Urbana,Semáforo,Funciona,Intersección,Bueno,Buena,Nocturna,Buen Tiempo,S/D,Peatón,Atropello,Ninguna,Vertical,Cordón divisorio,Sin restricción,POINT (-60.645055850000006 -32.95655624999999),"['Pellegrini', 'Corrientes']",2,Avenida Carlos Pellegrini; Corrientes,-32.95655624999999,-60.645055850000006,55.0,538.0,Municipio Rosario,Municipio,Rosario,820210,Servicio de Catastro e Información Territorial,IGN
2017,3225,2017-06-18,Domingo,0.0,18:50:00,,0.0,2,"Automóvil,Moto/Ciclomotor",9 De Julio Y Mariano Moreno,3,1,0,0,2,0,0,,Calle,,ROSARIO,Rosario,Asfalto,Pavimento,II,Dentro,Urbana,S/D,S/D,Intersección,Bueno,Buena,Nocturna,Buen Tiempo,Lateral,S/D,Colisión,Ninguna,Horizontal,Cordón divisorio,Sin restricción,POINT (-60.6524866 -32.951627),"['9 de Julio', 'Mariano Moreno']",2,9 de Julio; Mariano Moreno,-32.951627,-60.6524866,55.0,538.0,Municipio Rosario,Municipio,Rosario,820210,Servicio de Catastro e Información Territorial,IGN
2017,3226,2017-06-15,Jueves,0.0,15:00:00,,0.0,2,"Transporte de Pasajeros Urbano (> 8 asientos),Moto/Ciclomotor",Italia Y Montevideo,2,1,0,0,1,0,0,,Calle,,ROSARIO,Rosario,Asfalto,Pavimento,II,Dentro,Urbana,Ninguna,No existe,Intersección,Bueno,Buena,Diurna,Buen Tiempo,Lateral,S/D,Colisión,Ninguna,Horizontal,Cordón divisorio,Sin restricción,POINT (-60.6503083 -32.954403599999985),"['Italia', 'Montevideo']",2,Italia; Montevideo,-32.954403599999985,-60.6503083,55.0,538.0,Municipio Rosario,Municipio,Rosario,820210,Servicio de Catastro e Información Territorial,IGN
2017,3227,2017-06-15,Jueves,0.0,12:00:00,,0.0,2,"Automóvil,Moto/Ciclomotor",J.M.de Rosas Y 9 De Julio,2,1,0,0,1,0,0,,Calle,,ROSARIO,Rosario,Asfalto,Pavimento,II,Dentro,Urbana,Ninguna,S/D,Intersección,Bueno,Buena,Diurna,Buen Tiempo,Lateral,S/D,Colisión,Ninguna,Horizontal,Cordón divisorio,Sin restricción,POINT (-60.6330964 -32.9551183),"['De Rosas', '9 de Julio']",2,Juan Manuel de Rosas; 9 de Julio,-32.9551183,-60.6330964,55.0,538.0,Municipio Rosario,Municipio,Rosario,820210,Servicio de Catastro e Información Territorial,IGN
2017,3228,2017-06-15,Jueves,0.0,12:10:00,,0.0,2,"Automóvil,Moto/Ciclomotor",Paraguay Y Dr.J.Alvarez,2,1,0,0,1,0,0,,Calle,,ROSARIO,Rosario,Asfalto,Pavimento,II,Dentro,Urbana,Ninguna,No existe,Intersección,Bueno,Buena,Diurna,Buen Tiempo,Lateral,S/D,Colisión,Ninguna,Horizontal,Cordón divisorio,Sin restricción,POINT (-60.643626399999995 -32.944991599999994),"['Paraguay', 'Álvarez']",2,Paraguay; Oscar Álvarez,-32.944991599999994,-60.6436264,55.0,538.0,Municipio Rosario,Municipio,Rosario,820210,Servicio de Catastro e Información Territorial,IGN
2017,3229,2017-06-13,Martes,0.0,11:15:00,,0.0,2,"Automóvil,Moto/Ciclomotor",Av. Pellegrini Y Maipu,3,2,0,0,1,0,0,,Calle,,ROSARIO,Rosario,Asfalto,Pavimento,II,Dentro,Urbana,Ninguna,Funciona,Intersección,Bueno,Buena,Diurna,Buen Tiempo,Lateral,S/D,Colisión,Ninguna,Vertical,Cordón divisorio,Sin restricción,POINT (-60.6381258 -32.95780119999999),"['Pellegrini', 'Maipú']",2,Avenida Carlos Pellegrini; Maipú,-32.95780119999999,-60.6381258,55.0,538.0,Municipio Rosario,Municipio,Rosario,820210,Servicio de Catastro e Información Territorial,IGN
2017,3230,2017-06-12,Lunes,0.0,14:00:00,,0.0,2,"Automóvil,Peatón",Av. Pellegrini Y Maipu,3,0,1,0,2,0,0,,Calle,,ROSARIO,Rosario,Asfalto,Pavimento,II,Dentro,Urbana,Semáforo,Funciona,Intersección,Bueno,Buena,Diurna,Buen Tiempo,S/D,Peatón,Atropello,Ninguna,Vertical,Cordón divisorio,Sin restricción,POINT (-60.6381258 -32.95780119999999),"['Pellegrini', 'Maipú']",2,Avenida Carlos Pellegrini; Maipú,-32.95780119999999,-60.6381258,55.0,538.0,Municipio Rosario,Municipio,Rosario,820210,Servicio de Catastro e Información Territorial,IGN
2017,3231,2017-02-01,Miercoles,0.0,,,0.0,2,"Automóvil,Moto/Ciclomotor",Bv. Segui Y Av. Ovidio Lagos,2,1,0,0,1,0,0,,Calle,,ROSARIO,Rosario,S/D,S/D,II,Dentro,Urbana,S/D,S/D,Intersección,S/D,S/D,S/D,S/D,S/D,S/D,Colisión,S/D,S/D,S/D,S/D,POINT (-60.66940506666668 -32.97496616666667),"['Bulevar Juan Francisco Seguí', 'Avenida Ovidio Lagos']",2,Bulevar Juan Francisco Seguí; Avenida Ovidio Lagos,-32.97496616666667,-60.66940506666668,55.0,538.0,Municipio Rosario,Municipio,Rosario,820210,Servicio de Catastro e Información Territorial,IGN
2017,3234,2017-02-02,Jueves,0.0,6:00:00,,0.0,2,"Camión,Taxi/Remis",Ayacucho Y Galvez,2,1,0,0,1,0,0,,Calle,,ROSARIO,Rosario,S/D,S/D,II,Dentro,Urbana,S/D,S/D,Intersección,S/D,S/D,Diurna,S/D,S/D,S/D,Colisión,S/D,S/D,S/D,S/D,POINT (-60.6325227 -32.9707671),"['Ayacucho', 'Galvez']",2,Ayacucho; José Gálvez,-32.9707671,-60.6325227,55.0,538.0,Municipio Rosario,Municipio,Rosario,820210,Servicio de Catastro e Información Territorial,IGN
2017,3241,2017-02-04,Sabado,0.0,16:25:00,,0.0,1,Transporte de Pasajeros Urbano (> 8 asientos),Mendoza Y Sucre,4,3,0,0,1,0,0,,Calle,,ROSARIO,Rosario,S/D,S/D,II,Dentro,Urbana,S/D,S/D,Recta,S/D,S/D,Diurna,S/D,S/D,S/D,Caída ocupante,S/D,S/D,S/D,S/D,POINT (-60.6913145 -32.94228029999999),"['Mendoza', 'Sucre']",2,Mendoza; Sucre,-32.94228029999999,-60.6913145,55.0,538.0,Municipio Rosario,Municipio,Rosario,820210,Servicio de Catastro e Información Territorial,IGN
2017,3245,2017-02-09,Jueves,0.0,,,0.0,2,"Vehículo Oficial,Automóvil",J.B.Justo Y Ferreyra,4,4,0,0,0,0,0,,Calle,,ROSARIO,Rosario,S/D,S/D,II,Dentro,Urbana,S/D,S/D,S/D,S/D,S/D,S/D,S/D,S/D,S/D,Colisión,S/D,S/D,S/D,S/D,POINT (-60.680430099999995 -32.913966800000004),"['Justo', 'Ferreyra']",2,Justo José de Urquiza; Ferreyra,-32.913966800000004,-60.6804301,55.0,538.0,Municipio Rosario,Municipio,Rosario,820210,Servicio de Catastro e Información Territorial,IGN
2017,3248,2017-06-11,Domingo,0.0,18:30:00,,0.0,2,"Automóvil,Bicicleta",Paraguay Y 3 De Febrero,2,1,0,0,1,0,0,,Calle,,ROSARIO,Rosario,Asfalto,Pavimento,II,Dentro,Urbana,Ninguna,No existe,Intersección,Bueno,Buena,Diurna,Buen Tiempo,S/D,Ciclista,Atropello,Ninguna,Horizontal,Cordón divisorio,Sin restricción,POINT (-60.6453207 -32.95177),"['Paraguay', '3 de Febrero']",2,Paraguay; 3 de Febrero,-32.95177,-60.6453207,55.0,538.0,Municipio Rosario,Municipio,Rosario,820210,Servicio de Catastro e Información Territorial,IGN
2017,3249,2017-06-03,Sabado,0.0,13:50:00,,0.0,3,"Pickup/Utilitario,Moto/Ciclomotor,Peatón",3 De Febrero Y Buenos Aires,3,2,0,0,1,0,0,,Calle,,ROSARIO,Rosario,Asfalto,Pavimento,II,Dentro,Urbana,S/D,S/D,Intersección,Bueno,Buena,Diurna,Buen Tiempo,Múltiple,Peatón,Atropello,Ninguna,S/D,Cordón divisorio,Sin restricción,POINT (-60.63427490000001 -32.9536983),"['3 de Febrero', 'Buenos Aires']",2,3 de Febrero; Buenos Aires,-32.9536983,-60.63427490000001,55.0,538.0,Municipio Rosario,Municipio,Rosario,820210,Servicio de Catastro e Información Territorial,IGN
2017,3250,2017-06-09,Viernes,0.0,12:30:00,,0.0,2,"Bicicleta,Automóvil",Mitre 1300,2,1,0,0,1,0,0,,Calle,,ROSARIO,Rosario,Asfalto,Pavimento,II,Dentro,Urbana,Ninguna,S/D,Recta,Bueno,Buena,Diurna,Buen Tiempo,S/D,Ciclista,Atropello,S/D,S/D,Cordón divisorio,Sin restricción,"-32.9524359, -60.6411865",['Mitre 1300'],1,Mitre 1300,-32.9524359,-60.6411865,55.0,538.0,Municipio Rosario,Municipio,Rosario,820210,Servicio de Catastro e Información Territorial,IGN
2017,3251,2017-06-07,Miercoles,0.0,17:25:00,,0.0,2,"Moto/Ciclomotor,Moto/Ciclomotor",Av. Pellegrini Y Colon,2,1,0,0,1,0,0,,Calle,,ROSARIO,Rosario,Asfalto,Pavimento,II,Dentro,Urbana,Semáforo,Funciona,Intersección,Bueno,Buena,Diurna,Buen Tiempo,Lateral,S/D,Colisión,Ninguna,Vertical,Cordón divisorio,Sin restricción,POINT (-60.62828510000001 -32.959574950000004),"['Pellegrini', 'Colon']",2,Avenida Carlos Pellegrini; Cristóbal Colón,-32.959574950000004,-60.62828510000001,55.0,538.0,Municipio Rosario,Municipio,Rosario,820210,Servicio de Catastro e Información Territorial,IGN
2017,3253,2017-06-09,Viernes,0.0,19:00:00,,0.0,3,"Automóvil,Automóvil,Peatón",San Luis 900,5,1,0,0,4,0,0,,Calle,,ROSARIO,Rosario,Asfalto,Pavimento,II,Dentro,Urbana,Ninguna,S/D,Recta,Bueno,Buena,Diurna,Buen Tiempo,Múltiple,Peatón,Atropello,Ninguna,S/D,Cordón divisorio,Sin restricción,"-32.9495339, -60.6358057",['San Luis 900'],1,San Luis 900,-32.9495339,-60.6358057,55.0,538.0,Municipio Rosario,Municipio,Rosario,820210,Servicio de Catastro e Información Territorial,IGN
2017,3259,2017-02-10,Viernes,0.0,9:50:00,,0.0,1,Moto/Ciclomotor,Bordabehere 4960,1,1,0,0,0,0,0,,Calle,,ROSARIO,Rosario,S/D,S/D,II,Dentro,Urbana,S/D,S/D,S/D,S/D,Reducida,Diurna,S/D,S/D,S/D,Caída ocupante,S/D,S/D,S/D,S/D,"-32.9337876, -60.6872833",['Bordabehere 4960'],1,Bordabehere 4960,-32.9337876,-60.6872833,55.0,538.0,Municipio Rosario,Municipio,Rosario,820210,Servicio de Catastro e Información Territorial,IGN
2017,3265,2017-02-12,Domingo,0.0,,,0.0,2,"Moto/Ciclomotor,Peatón",Av. Pellegrini Y Vera Mujica,3,1,0,0,2,0,0,,Calle,,ROSARIO,Rosario,S/D,S/D,II,Dentro,Urbana,S/D,S/D,S/D,S/D,S/D,Diurna,S/D,S/D,Peatón,Atropello,S/D,S/D,S/D,S/D,POINT (-60.6696235 -32.952139450000004),"['Pellegrini', 'Vera Mujíca']",2,Avenida Carlos Pellegrini; Vera Mujíca,-32.952139450000004,-60.6696235,55.0,538.0,Municipio Rosario,Municipio,Rosario,820210,Servicio de Catastro e Información Territorial,IGN
2017,3267,2017-02-13,Lunes,0.0,20:50:00,,0.0,2,"Moto/Ciclomotor,Peatón",Av. Provincias Unidas Y French,2,2,0,0,0,0,0,,Calle,,ROSARIO,Rosario,S/D,S/D,II,Dentro,Urbana,S/D,S/D,S/D,S/D,S/D,Nocturna,S/D,S/D,Peatón,Atropello,S/D,S/D,S/D,S/D,POINT (-60.7134078 -32.92179325),"['Avenida Provincias Unidas', 'French']",2,Avenida Provincias Unidas; Domingo French,-32.92179325,-60.7134078,55.0,538.0,Municipio Rosario,Municipio,Rosario,820210,Servicio de Catastro e Información Territorial,IGN
2017,3270,2017-02-15,Miercoles,0.0,17:25:00,,0.0,2,"Automóvil,Moto/Ciclomotor",Av. Francia Y Santa Fe,3,2,0,0,1,0,0,,Calle,,ROSARIO,Rosario,S/D,S/D,II,Dentro,Urbana,S/D,S/D,Intersección,S/D,S/D,Diurna,S/D,S/D,S/D,Colisión,S/D,S/D,S/D,S/D,POINT (-60.66519785 -32.94019899999999),"['Avenida Francia', 'Santa Fe']",2,Avenida Francia; Santa Fe,-32.94019899999999,-60.66519785,55.0,538.0,Municipio Rosario,Municipio,Rosario,820210,Servicio de Catastro e Información Territorial,IGN
2017,3289,2017-06-05,Lunes,0.0,13:30:00,,0.0,3,"Taxi/Remis,Automóvil,Taxi/Remis",Guemes 2608,3,1,0,0,2,0,0,,Calle,,ROSARIO,Rosario,Asfalto,No existe,II,S/D,Urbana,Ninguna,S/D,Recta,Bueno,Buena,Diurna,Otro,Otro,S/D,Colisión,Ninguna,Horizontal,Ninguna,Sin restricción,"-32.93217642040816, -60.65630806734694",['Guemes 2608'],1,Guemes 2608,-32.93217642040816,-60.65630806734694,55.0,538.0,Municipio Rosario,Municipio,Rosario,820210,Servicio de Catastro e Información Territorial,IGN
2017,3291,2017-06-09,Viernes,0.0,14:30:00,,0.0,2,"Taxi/Remis,Automóvil",Catamarca Y Santiago,3,1,0,0,2,0,0,,Calle,,ROSARIO,Rosario,Asfalto,S/D,II,S/D,Urbana,Ninguna,S/D,Recta,Bueno,Buena,Diurna,Otro,Otro,S/D,Otro,Ninguna,S/D,Ninguna,Sin restricción,POINT (-60.6545083 -32.9374004),"['Catamarca', 'Santiago']",2,Catamarca; Santiago,-32.9374004,-60.6545083,55.0,538.0,Municipio Rosario,Municipio,Rosario,820210,Servicio de Catastro e Información Territorial,IGN
2017,3292,2017-06-10,Sabado,0.0,19:45:00,,0.0,2,"Transporte de Pasajeros Urbano (> 8 asientos),Bicicleta",San Nicolas Y Salta,2,0,1,0,1,0,0,,S/D,,ROSARIO,Rosario,Asfalto,No existe,II,S/D,S/D,Ninguna,Funciona,Recta,Bueno,Buena,Nocturna,Buen Tiempo,S/D,Ciclista,Atropello,Ninguna,S/D,Ninguna,Sin restricción,POINT (-60.6706038 -32.93335209999999),"['San Nicolás', 'Salta']",2,San Nicolás; Salta,-32.93335209999999,-60.6706038,55.0,538.0,Municipio Rosario,Municipio,Rosario,820210,Servicio de Catastro e Información Territorial,IGN
2017,3293,2017-06-15,Jueves,0.0,21:20:00,,0.0,2,"Moto/Ciclomotor,Automóvil",Av. Francia Y Salta,2,1,0,0,1,0,0,,Calle,,ROSARIO,Rosario,Asfalto,No existe,II,S/D,Urbana,Semáforo,Funciona,Recta,Bueno,Buena,Nocturna,Buen Tiempo,Otro,S/D,Otro,Ninguna,Vertical,Ninguna,Obra en Construcción,POINT (-60.6637821 -32.93456435),"['Avenida Francia', 'Salta']",2,Avenida Francia; Salta,-32.93456435,-60.6637821,55.0,538.0,Municipio Rosario,Municipio,Rosario,820210,Servicio de Catastro e Información Territorial,IGN
2017,3295,2017-06-17,Sabado,0.0,0:30:00,,0.0,2,"Automóvil,Taxi/Remis",Santa Fe Y Cafferata,3,1,0,0,2,0,0,,Calle,,ROSARIO,Rosario,Asfalto,No existe,II,S/D,Urbana,Semáforo,S/D,Recta,Bueno,Buena,Nocturna,Buen Tiempo,Otro,S/D,Otro,Ninguna,Vertical,Ninguna,Sin restricción,POINT (-60.67063869999999 -32.939213),"['Santa Fe', 'Cafferata']",2,Santa Fe; Cafferata,-32.939213,-60.67063869999999,55.0,538.0,Municipio Rosario,Municipio,Rosario,820210,Servicio de Catastro e Información Territorial,IGN
2017,3303,2017-06-22,Jueves,0.0,10:35:00,,0.0,2,"Automóvil,Automóvil",Tucuman Y San Nicolas,2,1,0,0,1,0,0,,Calle,,ROSARIO,Rosario,S/D,No existe,II,S/D,Urbana,Ninguna,S/D,Recta,Otro,Buena,S/D,Otro,Lateral,S/D,Otro,Ninguna,S/D,Ninguna,Sin restricción,POINT (-60.6711576 -32.93566819999999),"['Tucumán', 'San Nicolás']",2,Tucumán; San Nicolás,-32.93566819999999,-60.6711576,55.0,538.0,Municipio Rosario,Municipio,Rosario,820210,Servicio de Catastro e Información Territorial,IGN
2017,3304,2017-02-19,Domingo,0.0,22:40:00,,0.0,2,"Pickup/Utilitario,Automóvil",Sarmiento 3500,5,1,0,0,4,0,0,,Calle,,ROSARIO,Rosario,S/D,S/D,II,Dentro,Urbana,S/D,S/D,Intersección,S/D,S/D,Nocturna,S/D,S/D,S/D,Colisión,S/D,S/D,S/D,S/D,"-32.9778136, -60.6461532",['Sarmiento 3500'],1,Sarmiento 3500,-32.9778136,-60.6461532,55.0,538.0,Municipio Rosario,Municipio,Rosario,820210,Servicio de Catastro e Información Territorial,IGN
2017,3310,2017-02-23,Jueves,0.0,17:50:00,,0.0,2,"Automóvil,Peatón",Roullon Y Pasco,2,1,0,0,1,0,0,,Calle,,ROSARIO,Rosario,S/D,S/D,II,Dentro,Urbana,S/D,S/D,Intersección,S/D,S/D,Diurna,S/D,S/D,Peatón,Atropello,S/D,S/D,S/D,S/D,POINT (-60.7018219 -32.950682099999995),"['Alfredo Rouillón', 'Pasco']",2,Alfredo Rouillón; Pasco,-32.950682099999995,-60.7018219,55.0,538.0,Municipio Rosario,Municipio,Rosario,820210,Servicio de Catastro e Información Territorial,IGN
2017,3311,2017-06-26,Lunes,0.0,22:30:00,,0.0,2,"Moto/Ciclomotor,Automóvil",Constitucion Y Tucuman,2,0,1,0,1,0,0,,Calle,,ROSARIO,Rosario,Asfalto,No existe,II,Dentro,Urbana,Ninguna,No existe,Recta,Bueno,Buena,Nocturna,Buen Tiempo,Otro,S/D,Colisión,Ninguna,Faltante,Ninguna,Sin restricción,POINT (-60.6725235 -32.93542209999999),"['Constitución', 'Tucumán']",2,Constitución; Tucumán,-32.93542209999999,-60.6725235,55.0,538.0,Municipio Rosario,Municipio,Rosario,820210,Servicio de Catastro e Información Territorial,IGN
2017,3313,2017-06-09,Viernes,0.0,14:16:00,,0.0,2,"Automóvil,Automóvil",Mont Cenis Y Tierra del Fuego,3,3,0,0,0,0,0,,Calle,,ROSARIO,Rosario,Asfalto,No existe,II,S/D,Urbana,Ninguna,No existe,Intersección,Bueno,Buena,Diurna,Buen Tiempo,Frontal,S/D,Colisión,Ninguna,Faltante,Ninguna,Sin restricción,POINT (-60.6984423 -32.87892819999999),"['Mont Cenis', 'Tierra del Fuego']",2,Mont Cenis; Tierra del Fuego,-32.87892819999999,-60.6984423,55.0,538.0,Municipio Rosario,Municipio,Rosario,820210,Servicio de Catastro e Información Territorial,IGN
2017,3314,2017-06-10,Sabado,0.0,17:15:00,,0.0,2,"Pickup/Utilitario,Moto/Ciclomotor",Matheu Y Warnes,3,2,0,0,1,0,0,,Calle,,ROSARIO,Rosario,Asfalto,No existe,II,Dentro,Urbana,Ninguna,No existe,Intersección,Bueno,Buena,Diurna,Buen Tiempo,Frontal,S/D,Colisión,Ninguna,Faltante,Ninguna,Sin restricción,POINT (-60.695688600000004 -32.8884809),"['Matheu', 'Warnes']",2,Domingo Matheu; Ignacio Warnes,-32.8884809,-60.6956886,55.0,538.0,Municipio Rosario,Municipio,Rosario,820210,Servicio de Catastro e Información Territorial,IGN
2017,3315,2017-06-09,Viernes,0.0,15:35:00,,0.0,2,"Moto/Ciclomotor,Camión",Spegazzini Y Urunday,2,1,0,0,1,0,0,,S/D,,ROSARIO,Rosario,Asfalto,No existe,II,Dentro,Urbana,Ninguna,No existe,Intersección,Bueno,Buena,Diurna,Buen Tiempo,Frontal,S/D,Colisión,S/D,S/D,Ninguna,Sin restricción,POINT (-60.7012103 -32.881402699999995),"['Spegazzini', 'Urunday']",2,Spegazzini; Urunday,-32.881402699999995,-60.7012103,55.0,538.0,Municipio Rosario,Municipio,Rosario,820210,Servicio de Catastro e Información Territorial,IGN
2017,3318,2017-06-29,Jueves,0.0,7:40:00,,0.0,2,"Automóvil,Taxi/Remis",Darragueira Y Valle Hermoso,2,2,0,0,0,0,0,,Calle,,ROSARIO,Rosario,Asfalto,No existe,II,Dentro,Urbana,Ninguna,No existe,Intersección,Bueno,Buena,Diurna,Buen Tiempo,Frontal,S/D,Colisión,Ninguna,Faltante,Ninguna,Sin restricción,POINT (-60.696957399999995 -32.8860516),"['José Darragueira', 'Valle Hermoso']",2,José Darragueira; Valle Hermoso,-32.8860516,-60.6969574,55.0,538.0,Municipio Rosario,Municipio,Rosario,820210,Servicio de Catastro e Información Territorial,IGN
2017,3319,2017-06-02,Viernes,0.0,21:20:00,,0.0,2,"Moto/Ciclomotor,Automóvil",J.J.Paso Y Fraga,3,2,0,0,1,0,0,,Calle,,ROSARIO,Rosario,Asfalto,No existe,II,Dentro,Urbana,Ninguna,No existe,Recta,Bueno,Buena,Nocturna,Buen Tiempo,Lateral,S/D,Colisión,Ninguna,Faltante,Línea divisoria pintada,Sin restricción,POINT (-60.7114309 -32.9201859),"['Paso', 'Fraga']",2,Avenida Juan José Paso; Rosendo María Fraga,-32.9201859,-60.7114309,55.0,538.0,Municipio Rosario,Municipio,Rosario,820210,Servicio de Catastro e Información Territorial,IGN
2017,3320,2017-06-05,Lunes,0.0,15:30:00,,0.0,2,"Moto/Ciclomotor,Automóvil",Camilo Aldao Y French,4,3,0,0,1,0,0,,Calle,,ROSARIO,Rosario,Asfalto,No existe,II,Dentro,Urbana,Ninguna,No existe,Recta,Bueno,Buena,Diurna,Buen Tiempo,De alcance,S/D,Colisión,Ninguna,Faltante,Ninguna,Sin restricción,POINT (-60.6966829 -32.92136919999999),"['Camilo Aldao', 'French']",2,Camilo Aldao; Domingo French,-32.92136919999999,-60.6966829,55.0,538.0,Municipio Rosario,Municipio,Rosario,820210,Servicio de Catastro e Información Territorial,IGN
2017,3321,2017-06-09,Viernes,0.0,7:00:00,,0.0,2,"Bicicleta,Moto/Ciclomotor",Av. Sorrento Y Av. Provincias Unidas,2,1,0,0,1,0,0,,Calle,,ROSARIO,Rosario,Asfalto,No existe,II,Dentro,Urbana,Señal Ceda el Paso,No existe,Recta,Bueno,Reducida,Amanecer,S/D,S/D,Ciclista,Atropello,Ninguna,Vertical,Línea divisoria pintada,Sin restricción,POINT (-60.714102249999996 -32.9083328),"['Sorrento', 'Avenida Provincias Unidas']",2,Avenida Sorrento; Avenida Provincias Unidas,-32.9083328,-60.71410225,55.0,538.0,Municipio Rosario,Municipio,Rosario,820210,Servicio de Catastro e Información Territorial,IGN