anio_acci,nro_acci,fecha,desc_dia,fecha_aprox,hora_aprox,desc_ruta,km,cant_participantes,desc_participante,calle_avenida_km,total,heridos_leves,heridos_graves,heridos_gravisimos,ilesos,fallecidos,sin_datos,posicion_XY,desc_tipo_via,desc_ruta_ori,desc_loc,desc_dpto,desc_tipo_calzada,desc_tipo_banquina,desc_unidad_regional,desc_lugar_calzada,desc_zona,desc_prioridad,desc_estado_semaforo,desc_lugar_via,desc_estado_via,desc_estado_visibilidad,desc_luminosidad,desc_estado_clima,desc_tipo_colision,desc_tipo_atropello,desc_tipo_hecho,desc_pres_calzada,desc_senializacion,desc_separacion_via,desc_restriccion,forma_geocod,calle_lista,numero_calles,calles_osm,lat,lon,index_right,gid,fna,gna,nam,in1,fdc,sag
2017,3322,2017-06-14,Miercoles,0.0,12:20:00,,0.0,2,"Moto/Ciclomotor,Pickup/Utilitario",J.J.Paso 7150,3,1,1,0,1,0,0,,Calle,,ROSARIO,Rosario,Asfalto,No existe,II,Dentro,Urbana,Ninguna,No existe,Recta,Bueno,Buena,Diurna,Buen Tiempo,Lateral,S/D,Colisión,Ninguna,Faltante,Cordón divisorio,Sin restricción,"-32.92031538461538, -60.718683607692306",['Juan José Paso 7150'],1,Juan José Paso 7150,-32.92031538461538,-60.71868360769231,55.0,538.0,Municipio Rosario,Municipio,Rosario,820210,Servicio de Catastro e Información Territorial,IGN
2017,3323,2017-06-13,Martes,0.0,19:15:00,,0.0,2,"Moto/Ciclomotor,Moto/Ciclomotor",J.J.Paso Y Pje. Banco Nacion,2,1,1,0,0,0,0,,Calle,,ROSARIO,Rosario,Asfalto,No existe,II,Dentro,Urbana,Ninguna,No existe,Recta,Bueno,Buena,Nocturna,Buen Tiempo,Frontal,S/D,Colisión,Ninguna,Faltante,Ninguna,Sin restricción,POINT (-60.7082649 -32.92009389999999),"['Paso', 'Banco Nación']",2,Avenida Juan José Paso; Banco Nación,-32.92009389999999,-60.7082649,55.0,538.0,Municipio Rosario,Municipio,Rosario,820210,Servicio de Catastro e Información Territorial,IGN
2017,3324,2017-06-17,Sabado,0.0,16:20:00,,0.0,2,"Moto/Ciclomotor,Automóvil",J.B.Justo Y Av. Circunvalacion,3,1,0,0,2,0,0,,Calle,,ROSARIO,Rosario,Asfalto,No existe,II,Dentro,Urbana,Ninguna,No existe,Recta,Bueno,Buena,Diurna,Buen Tiempo,De alcance,S/D,Colisión,Ninguna,Faltante,Ninguna,Sin restricción,POINT (-60.72395654453496 -32.91522030000024),"['Justo', 'Circunvalacion']",2,Justo José de Urquiza; Avenida de Circunvalación 25 de Mayo,-32.91522030000024,-60.72395654453496,55.0,538.0,Municipio Rosario,Municipio,Rosario,820210,Servicio de Catastro e Información Territorial,IGN
2017,3325,2017-06-18,Domingo,0.0,15:25:00,,0.0,2,"Automóvil,Peatón",Fraga 1039,2,1,0,0,1,0,0,,Calle,,ROSARIO,Rosario,Asfalto,No existe,II,Dentro,Urbana,Ninguna,No existe,Recta,Bueno,Buena,Diurna,Buen Tiempo,S/D,Peatón,Atropello,Ninguna,Faltante,Ninguna,Sin restricción,"-32.91660413061225, -60.711606979591835",['Fraga 1039'],1,Fraga 1039,-32.91660413061225,-60.71160697959184,55.0,538.0,Municipio Rosario,Municipio,Rosario,820210,Servicio de Catastro e Información Territorial,IGN
2017,3326,2017-06-27,Martes,0.0,14:00:00,,0.0,2,"Moto/Ciclomotor,Automóvil",Olavarria Bis Y Jose Ingenieros,2,1,0,0,1,0,0,,Calle,,ROSARIO,Rosario,Asfalto,No existe,II,Dentro,Urbana,Ninguna,No existe,Recta,Bueno,Buena,Diurna,Buen Tiempo,De alcance,S/D,Colisión,Ninguna,Faltante,Ninguna,Sin restricción,POINT (-60.7044969 -32.916839),"['Olavarría', 'José Ingenieros']",2,Olavarría; José Ingenieros,-32.916839,-60.7044969,55.0,538.0,Municipio Rosario,Municipio,Rosario,820210,Servicio de Catastro e Información Territorial,IGN
2017,3327,2017-06-28,Miercoles,0.0,18:10:00,,0.0,2,"Automóvil,Automóvil",Av. Provincias Unidas Y Av. Sorrento,2,2,0,0,0,0,0,,Calle,,ROSARIO,Rosario,Asfalto,No existe,II,Dentro,Urbana,Señal Ceda el Paso,No existe,Recta,Bueno,Buena,Atardecer,Buen Tiempo,Lateral,S/D,Colisión,Ninguna,Vertical,Guardarrail,Sin restricción,POINT (-60.714102249999996 -32.9083328),"['Avenida Provincias Unidas', 'Sorrento']",2,Avenida Provincias Unidas; Avenida Sorrento,-32.9083328,-60.71410225,55.0,538.0,Municipio Rosario,Municipio,Rosario,820210,Servicio de Catastro e Información Territorial,IGN
2017,3343,2017-06-01,Jueves,0.0,8:10:00,,0.0,2,"Taxi/Remis,Moto/Ciclomotor",9 De Julio Y Mariano Moreno,3,2,0,0,1,0,0,,Calle,,ROSARIO,Rosario,Asfalto,Pavimento,II,Dentro,Urbana,S/D,S/D,Intersección,Bueno,Buena,Diurna,Buen Tiempo,Lateral,S/D,Colisión,Ninguna,Horizontal,Cordón divisorio,Sin restricción,POINT (-60.6524866 -32.951627),"['9 de Julio', 'Mariano Moreno']",2,9 de Julio; Mariano Moreno,-32.951627,-60.6524866,55.0,538.0,Municipio Rosario,Municipio,Rosario,820210,Servicio de Catastro e Información Territorial,IGN
2017,3347,2017-02-23,Jueves,0.0,18:35:00,,0.0,2,"Moto/Ciclomotor,Otros",Av. Sorrento Y Av. Provincias Unidas,2,1,0,0,1,0,0,,Calle,,ROSARIO,Rosario,S/D,S/D,II,Dentro,Urbana,S/D,S/D,Intersección,S/D,S/D,Diurna,S/D,S/D,S/D,Colisión,S/D,S/D,S/D,S/D,POINT (-60.714102249999996 -32.9083328),"['Sorrento', 'Avenida Provincias Unidas']",2,Avenida Sorrento; Avenida Provincias Unidas,-32.9083328,-60.71410225,55.0,538.0,Municipio Rosario,Municipio,Rosario,820210,Servicio de Catastro e Información Territorial,IGN
2017,3424,2017-05-31,Miercoles,0.0,13:30:00,,0.0,2,"Automóvil,Automóvil",Av. Bermudez Y Alzugaray,2,1,0,0,1,0,0,,Calle,,ROSARIO,Rosario,Asfalto,No existe,II,Dentro,Urbana,Ninguna,No existe,Intersección,S/D,Buena,Diurna,Buen Tiempo,Lateral,S/D,Colisión,Ninguna,Faltante,Cordón divisorio,Sin restricción,POINT (-60.64217020000001 -33.0128136),"['Bermudez', 'Alzugaray']",2,Avenida José Bermúdez; Alzugaray,-33.0128136,-60.64217020000001,55.0,538.0,Municipio Rosario,Municipio,Rosario,820210,Servicio de Catastro e Información Territorial,IGN
2017,3425,2017-06-30,Viernes,0.0,18:40:00,,0.0,2,"Automóvil,Automóvil",Mitre Y Galvez,2,1,0,0,1,0,0,,Calle,,ROSARIO,Rosario,Asfalto,No existe,II,Dentro,Urbana,Ninguna,No existe,Recta,Bueno,Buena,Diurna,Buen Tiempo,De alcance,S/D,Colisión,Ninguna,S/D,Ninguna,Sin restricción,POINT (-60.64514630000001 -32.968528199999994),"['Mitre', 'Galvez']",2,Bartolomé Mitre; José Gálvez,-32.968528199999994,-60.64514630000001,55.0,538.0,Municipio Rosario,Municipio,Rosario,820210,Servicio de Catastro e Información Territorial,IGN
2017,3426,2017-06-01,Jueves,0.0,12:30:00,,0.0,2,"Automóvil,Moto/Ciclomotor",Muñoz Y Laprida,2,1,0,0,1,0,0,,Calle,,ROSARIO,Rosario,Asfalto,No existe,II,Dentro,Urbana,Ninguna,No existe,Intersección,Bueno,Buena,Diurna,Niebla,Lateral,S/D,Colisión,Ninguna,Faltante,Barrera de hormigón,Sin restricción,POINT (-60.64676480000001 -33.0083116),"['Muñoz', 'Laprida']",2,Osella Muñoz; Francisco Narciso Laprida,-33.0083116,-60.64676480000001,55.0,538.0,Municipio Rosario,Municipio,Rosario,820210,Servicio de Catastro e Información Territorial,IGN
2017,3427,2017-06-07,Miercoles,0.0,21:37:00,,0.0,2,"Automóvil,Moto/Ciclomotor",Av. Bermudez Y Av. Arijon,2,1,0,0,1,0,0,,Calle,,ROSARIO,Rosario,Asfalto,No existe,II,Dentro,Urbana,Ninguna,No existe,Intersección,Bueno,Buena,Nocturna,Buen Tiempo,De alcance,S/D,Colisión,Ninguna,Faltante,Cordón divisorio,Sin restricción,POINT (-60.64252140000001 -33.0028669),"['Bermudez', 'Avenida Manuel Arijón']",2,Avenida José Bermúdez; Avenida Manuel Arijón,-33.0028669,-60.64252140000001,55.0,538.0,Municipio Rosario,Municipio,Rosario,820210,Servicio de Catastro e Información Territorial,IGN
2017,3434,2017-02-22,Miercoles,0.0,,,0.0,2,"Tren,Peatón",Tucuman 5100,3,2,0,0,1,0,0,,Calle,,ROSARIO,Rosario,S/D,S/D,II,S/D,S/D,S/D,S/D,S/D,S/D,S/D,S/D,S/D,S/D,Peatón,Atropello,S/D,S/D,S/D,S/D,"-32.9388303, -60.6535112",['Tucuman 5100'],1,Tucuman 5100,-32.9388303,-60.6535112,55.0,538.0,Municipio Rosario,Municipio,Rosario,820210,Servicio de Catastro e Información Territorial,IGN
2017,3482,2017-06-27,Martes,0.0,16:30:00,,0.0,2,"Moto/Ciclomotor,Automóvil",Av. Ovidio Lagos Y Av. Circunvalacion,2,1,0,0,1,0,0,,Calle,,ROSARIO,Rosario,Asfalto,No existe,II,Dentro,Urbana,Semáforo,Funciona,Recta,Bueno,Buena,Diurna,Buen Tiempo,De alcance,S/D,Colisión,Ninguna,Vertical,Guardarrail,Sin restricción,POINT (-60.67699098957188 -33.00797177001669),"['Avenida Ovidio Lagos', 'Circunvalacion']",2,Avenida Ovidio Lagos; Avenida de Circunvalación 25 de Mayo,-33.00797177001669,-60.67699098957188,55.0,538.0,Municipio Rosario,Municipio,Rosario,820210,Servicio de Catastro e Información Territorial,IGN
2017,3483,2017-06-06,Martes,0.0,8:30:00,,0.0,2,"Moto/Ciclomotor,Camión Chasis",J.M.Gutierrez Y Av. Ovidio Lagos,2,1,0,0,1,0,0,,Calle,,ROSARIO,Rosario,Asfalto,No existe,II,Dentro,Urbana,Ninguna,No existe,Recta,Bueno,Buena,Diurna,Buen Tiempo,Contra objeto fijo,S/D,Colisión,Ninguna,Vertical,Cordón divisorio,Sin restricción,POINT (-60.674154 -32.994811549999994),"['Gutierrez', 'Avenida Ovidio Lagos']",2,Ricardo Gutierrez; Avenida Ovidio Lagos,-32.994811549999994,-60.674154,55.0,538.0,Municipio Rosario,Municipio,Rosario,820210,Servicio de Catastro e Información Territorial,IGN
2017,3485,2017-06-02,Viernes,0.0,14:10:00,,0.0,2,"Moto/Ciclomotor,Automóvil",Alvear Y Anchorena,2,1,0,0,1,0,0,,Calle,,ROSARIO,Rosario,Asfalto,No existe,II,Dentro,Urbana,Ninguna,No existe,Intersección,Deteriorada,Buena,Diurna,Buen Tiempo,Lateral,S/D,Colisión,Ninguna,Faltante,Ninguna,Sin restricción,POINT (-60.666422700000005 -32.9983087),"['Alvear', 'Anchorena']",2,Alvear; Tomás de Anchorena,-32.9983087,-60.666422700000005,55.0,538.0,Municipio Rosario,Municipio,Rosario,820210,Servicio de Catastro e Información Territorial,IGN
2017,3486,2017-06-15,Jueves,0.0,11:50:00,,0.0,2,"Automóvil,Pickup/Utilitario",España Y Padre R. Giaccone,3,3,0,0,0,0,0,,Calle,,ROSARIO,Rosario,Asfalto,No existe,II,Dentro,Urbana,Ninguna,No existe,Intersección,Bueno,Buena,Diurna,Buen Tiempo,Lateral,S/D,Colisión,Ninguna,Faltante,Ninguna,Sin restricción,POINT (-60.6573647 -33.008205999999994),"['España', 'Padre R. Giaccone']",2,España; Padre R. Giaccone,-33.008205999999994,-60.6573647,55.0,538.0,Municipio Rosario,Municipio,Rosario,820210,Servicio de Catastro e Información Territorial,IGN
2017,3488,2017-06-19,Lunes,0.0,7:45:00,,0.0,2,"Moto/Ciclomotor,Automóvil",Pje. Patria Y Santiago,3,1,0,0,2,0,0,,Calle,,ROSARIO,Rosario,Asfalto,No existe,II,Dentro,Urbana,Ninguna,No existe,Intersección,Deteriorada,Buena,Diurna,Buen Tiempo,Lateral,S/D,Colisión,Ninguna,Faltante,Ninguna,Sin restricción,POINT (-60.6677837 -33.00000659999999),"['Patria', 'Santiago']",2,Patria; Santiago,-33.00000659999999,-60.6677837,55.0,538.0,Municipio Rosario,Municipio,Rosario,820210,Servicio de Catastro e Información Territorial,IGN
2017,3489,2017-06-22,Jueves,0.0,15:40:00,,0.0,2,"Peatón,Pickup/Utilitario",Mariano Moreno Y Pje. Patria,2,1,0,0,1,0,0,,Calle,,ROSARIO,Rosario,Asfalto,No existe,II,Dentro,Urbana,Ninguna,No existe,Recta,Bueno,Buena,Diurna,Buen Tiempo,S/D,Peatón,Atropello,Ninguna,Faltante,Ninguna,Sin restricción,POINT (-60.6620871 -32.999856999999984),"['Mariano Moreno', 'Patria']",2,Mariano Moreno; Patria,-32.999856999999984,-60.6620871,55.0,538.0,Municipio Rosario,Municipio,Rosario,820210,Servicio de Catastro e Información Territorial,IGN
2017,3493,2017-06-26,Lunes,0.0,17:00:00,,0.0,2,"Automóvil,Pickup/Utilitario",Balcarce Y H. Brandoni,2,1,0,0,1,0,0,,Calle,,ROSARIO,Rosario,Asfalto,No existe,II,Dentro,Urbana,Ninguna,No existe,Intersección,Bueno,Buena,Atardecer,Buen Tiempo,Lateral,S/D,Colisión,Ninguna,Faltante,Ninguna,Sin restricción,POINT (-60.663196400000004 -33.006420500000004),"['Balcarce', 'Brandoni']",2,Balcarce; Brandoni,-33.006420500000004,-60.6631964,55.0,538.0,Municipio Rosario,Municipio,Rosario,820210,Servicio de Catastro e Información Territorial,IGN
2017,3494,2017-06-23,Viernes,0.0,15:40:00,,0.0,2,"Camión c / Acoplado,Moto/Ciclomotor",Francia F Y Aurora,2,0,1,0,1,0,0,,Calle,,ROSARIO,Rosario,Asfalto,No existe,II,Dentro,Urbana,Ninguna,No existe,Intersección,Bueno,Buena,Diurna,Buen Tiempo,Lateral,S/D,Colisión,Ninguna,Faltante,Vegetación,Sin restricción,POINT (-60.677811649999995 -32.99948385),"['Avenida Francia', 'Aurora']",2,Avenida Francia; Aurora,-32.99948385,-60.67781165,55.0,538.0,Municipio Rosario,Municipio,Rosario,820210,Servicio de Catastro e Información Territorial,IGN
2017,3495,2017-06-23,Viernes,0.0,11:40:00,,0.0,3,"Automóvil,Automóvil,Automóvil",Av. Ovidio Lagos Y Acevedo Bis,3,1,0,0,2,0,0,,Calle,,ROSARIO,Rosario,Asfalto,No existe,II,Dentro,Urbana,Semáforo,Funciona,Intersección,Bueno,Buena,Diurna,Buen Tiempo,Múltiple,S/D,Colisión,Ninguna,Faltante,Cordón divisorio,Sin restricción,POINT (-60.671599500000006 -32.9840813),"['Avenida Ovidio Lagos', 'Acevedo']",2,Avenida Ovidio Lagos; Manuel Acevedo,-32.9840813,-60.671599500000006,55.0,538.0,Municipio Rosario,Municipio,Rosario,820210,Servicio de Catastro e Información Territorial,IGN
2017,3496,2017-06-21,Miercoles,0.0,10:00:00,,0.0,1,Moto/Ciclomotor,Valparaiso Y Pje. Chancay,1,1,0,0,0,0,0,,Calle,,ROSARIO,Rosario,Asfalto,S/D,II,Dentro,Urbana,Ninguna,No existe,Recta,Resbaladiza,Buena,Diurna,Buen Tiempo,S/D,S/D,Caída ocupante,S/D,S/D,Ninguna,Sin restricción,POINT (-60.6899284 -32.9705895),"['Valparaíso', 'Chancay']",2,Valparaíso; Chancay,-32.9705895,-60.6899284,55.0,538.0,Municipio Rosario,Municipio,Rosario,820210,Servicio de Catastro e Información Territorial,IGN
2017,3497,2017-06-21,Miercoles,0.0,11:00:00,,0.0,2,"Bicicleta,Automóvil",Lamadrid Y Constitucion,2,1,0,0,1,0,0,,Calle,,ROSARIO,Rosario,Asfalto,Pavimento,II,Dentro,Urbana,Ninguna,No existe,Recta,S/D,Buena,Diurna,Buen Tiempo,S/D,Ciclista,Atropello,S/D,S/D,Cordón divisorio,Sin restricción,POINT (-60.686459 -32.998250900000016),"['Lamadrid', 'Constitución']",2,Gregorio Aráoz de Lamadrid; Constitución,-32.998250900000016,-60.686459,55.0,538.0,Municipio Rosario,Municipio,Rosario,820210,Servicio de Catastro e Información Territorial,IGN
2017,3498,2017-06-16,Viernes,0.0,21:30:00,,0.0,2,"Automóvil,Moto/Ciclomotor",Av. Ovidio Lagos Y Gaboto,3,2,0,0,1,0,0,,Calle,,ROSARIO,Rosario,Asfalto,S/D,II,Dentro,Urbana,S/D,S/D,Intersección,Bueno,S/D,Nocturna,Buen Tiempo,Lateral,S/D,Colisión,Ninguna,Faltante,Cordón divisorio,Sin restricción,POINT (-60.667967250000004 -32.9692062),"['Avenida Ovidio Lagos', 'Gaboto']",2,Avenida Ovidio Lagos; Gaboto,-32.9692062,-60.66796725,55.0,538.0,Municipio Rosario,Municipio,Rosario,820210,Servicio de Catastro e Información Territorial,IGN
2017,3499,2017-06-16,Viernes,0.0,18:10:00,,0.0,2,"Automóvil,Moto/Ciclomotor",Centeno ,3,1,1,0,1,0,0,,Calle,,ROSARIO,Rosario,Asfalto,Natural,II,Dentro,Urbana,Ninguna,No existe,Intersección,Bueno,Buena,Atardecer,Buen Tiempo,Lateral,S/D,Colisión,Ninguna,Faltante,Ninguna,Sin restricción,"-32.9855924, -60.6434611",['Centeno'],1,Centeno,-32.9855924,-60.6434611,55.0,538.0,Municipio Rosario,Municipio,Rosario,820210,Servicio de Catastro e Información Territorial,IGN
2017,3501,2017-06-22,Jueves,0.0,,,0.0,2,"Moto/Ciclomotor,Automóvil",Velez Sarsfield 6800,2,1,0,0,1,0,0,,Calle,,ROSARIO,Rosario,Asfalto,No existe,II,Dentro,Urbana,Ninguna,No existe,Recta,Bueno,Buena,Diurna,Buen Tiempo,Lateral,S/D,Colisión,Ninguna,S/D,Ninguna,Sin restricción,"-32.9260121, -60.7146147",['Velez Sarsfield 6800'],1,Velez Sarsfield 6800,-32.9260121,-60.7146147,55.0,538.0,Municipio Rosario,Municipio,Rosario,820210,Servicio de Catastro e Información Territorial,IGN
2017,3502,2017-06-30,Viernes,0.0,,,0.0,2,"Moto/Ciclomotor,Automóvil",Bv. Argentino Y Donado,2,1,0,0,1,0,0,,Calle,,ROSARIO,Rosario,Asfalto,No existe,II,Dentro,Urbana,Ninguna,No existe,Intersección,Bueno,Buena,Diurna,Buen Tiempo,Lateral,S/D,Colisión,Ninguna,Faltante,Ninguna,Sin restricción,POINT (-60.7275987 -32.9241759),"['Argentino', 'Donado']",2,Avenida Central Argentino; José Agustín Donado,-32.9241759,-60.7275987,55.0,538.0,Municipio Rosario,Municipio,Rosario,820210,Servicio de Catastro e Información Territorial,IGN
2017,3503,2017-06-03,Sabado,0.0,,,0.0,2,"Moto/Ciclomotor,Automóvil",Av. Eva Peron ,2,1,0,0,1,0,0,,Calle,,ROSARIO,Rosario,Asfalto,No existe,II,Dentro,Urbana,Semáforo,Funciona,Intersección,Bueno,Buena,Diurna,Buen Tiempo,Lateral,S/D,Colisión,Ninguna,Vertical,Cordón divisorio,Sin restricción,"-32.9314453, -60.7213792",['Eva Peron'],1,Eva Peron,-32.9314453,-60.7213792,55.0,538.0,Municipio Rosario,Municipio,Rosario,820210,Servicio de Catastro e Información Territorial,IGN
2017,3504,2017-05-22,Lunes,0.0,,,0.0,2,"Otros,Otros",Av. Eva Peron Y Donado,2,1,0,0,1,0,0,,Calle,,ROSARIO,Rosario,Asfalto,S/D,II,Dentro,Urbana,Semáforo,S/D,Intersección,Bueno,S/D,S/D,Buen Tiempo,Lateral,S/D,Colisión,Ninguna,Vertical,Cordón divisorio,Sin restricción,POINT (-60.727380600000004 -32.93040499999999),"['Avenida Eva Perón', 'Donado']",2,Avenida Eva Perón; José Agustín Donado,-32.93040499999999,-60.7273806,55.0,538.0,Municipio Rosario,Municipio,Rosario,820210,Servicio de Catastro e Información Territorial,IGN
2017,3506,2017-06-13,Martes,0.0,8:40:00,,0.0,2,"Moto/Ciclomotor,Moto/Ciclomotor",Ayala Gauna 7848,2,2,0,0,0,0,0,,Calle,,ROSARIO,Rosario,S/D,S/D,II,Dentro,Urbana,S/D,S/D,Intersección,S/D,S/D,Diurna,S/D,S/D,S/D,Colisión,S/D,S/D,S/D,S/D,"-32.9123207, -60.7272136",['Ayala Gauna 7848'],1,Ayala Gauna 7848,-32.9123207,-60.7272136,55.0,538.0,Municipio Rosario,Municipio,Rosario,820210,Servicio de Catastro e Información Territorial,IGN
2017,3507,2017-06-16,Viernes,0.0,19:15:00,,0.0,2,"Moto/Ciclomotor,Moto/Ciclomotor",J.B.Justo Y Sarratea Bis,2,1,0,0,1,0,0,,Calle,,ROSARIO,Rosario,S/D,S/D,II,Dentro,Urbana,S/D,S/D,Recta,S/D,S/D,Diurna,S/D,S/D,S/D,Colisión,S/D,S/D,S/D,S/D,POINT (-60.741556499999994 -32.9156891),"['Justo', 'Sarratea']",2,Justo José de Urquiza; Sarratea,-32.9156891,-60.7415565,55.0,538.0,Municipio Rosario,Municipio,Rosario,820210,Servicio de Catastro e Información Territorial,IGN
2017,3510,2017-06-05,Lunes,0.0,19:00:00,,0.0,2,"Moto/Ciclomotor,Automóvil",Zuviria Y Brasil,2,2,0,0,0,0,0,,Calle,,ROSARIO,Rosario,Asfalto,Pavimento,II,Dentro,Urbana,S/D,No existe,Recta,S/D,S/D,"Nocturna,Con luz artificial",S/D,S/D,S/D,Colisión,S/D,S/D,Ninguna,S/D,POINT (-60.7197338 -32.937148199999996),"['Zuviría', 'Brasil']",2,Juez José María Zuviría; Brasil,-32.9371482,-60.7197338,55.0,538.0,Municipio Rosario,Municipio,Rosario,820210,Servicio de Catastro e Información Territorial,IGN
2017,3511,2017-06-06,Martes,0.0,21:00:00,,0.0,2,"Automóvil,Camión",Mendoza Y Av. Circunvalacion,2,1,0,0,1,0,0,,Calle,,ROSARIO,Rosario,Asfalto,S/D,II,Dentro,Urbana,Semáforo,S/D,Intersección,Bueno,S/D,"Nocturna,Con luz artificial",S/D,S/D,S/D,Colisión,S/D,Vertical,Ninguna,S/D,POINT (-60.72253500134355 -32.94050844672854),"['Mendoza', 'Circunvalacion']",2,Mendoza; Avenida de Circunvalación 25 de Mayo,-32.94050844672854,-60.72253500134355,55.0,538.0,Municipio Rosario,Municipio,Rosario,820210,Servicio de Catastro e Información Territorial,IGN
2017,3513,2017-06-11,Domingo,0.0,11:00:00,,0.0,2,"Automóvil,Pickup/Utilitario",Av. Circunvalacion Y Mendoza,3,2,0,0,1,0,0,,Calle,,ROSARIO,Rosario,Asfalto,Natural,II,Dentro,Urbana,Semáforo,S/D,Intersección,S/D,Buena,Diurna,S/D,Lateral,S/D,Colisión,S/D,Vertical,Ninguna,Sin restricción,POINT (-60.72253500134355 -32.94050844672854),"['Circunvalacion', 'Mendoza']",2,Avenida de Circunvalación 25 de Mayo; Mendoza,-32.94050844672854,-60.72253500134355,55.0,538.0,Municipio Rosario,Municipio,Rosario,820210,Servicio de Catastro e Información Territorial,IGN
2017,3514,2017-06-14,Miercoles,0.0,16:00:00,,0.0,2,"Moto/Ciclomotor,Automóvil",Mendoza 7400,2,1,0,0,1,0,0,,Calle,,ROSARIO,Rosario,Asfalto,No existe,II,Dentro,Urbana,S/D,No existe,Recta,S/D,S/D,Diurna,S/D,S/D,S/D,Colisión,S/D,S/D,Cordón divisorio,S/D,"-32.9408745, -60.6991538",['Mendoza 7400'],1,Mendoza 7400,-32.9408745,-60.6991538,55.0,538.0,Municipio Rosario,Municipio,Rosario,820210,Servicio de Catastro e Información Territorial,IGN
2017,3515,2017-06-17,Sabado,0.0,13:00:00,,0.0,2,"Pickup/Utilitario,Moto/Ciclomotor",Cochabamba Y Nicaragua,2,1,0,0,1,0,0,,Calle,,ROSARIO,Rosario,Asfalto,No existe,II,Dentro,Urbana,S/D,S/D,S/D,S/D,S/D,Diurna,S/D,Lateral,S/D,Colisión,S/D,S/D,Ninguna,S/D,POINT (-60.72028340000001 -32.9500257),"['Cochabamba', 'Nicaragua']",2,Cochabamba; Nicaragua,-32.9500257,-60.72028340000001,55.0,538.0,Municipio Rosario,Municipio,Rosario,820210,Servicio de Catastro e Información Territorial,IGN
2017,3516,2017-06-23,Viernes,0.0,8:00:00,,0.0,2,"Moto/Ciclomotor,Pickup/Utilitario",Nicaragua Y Mendoza,2,1,0,0,1,0,0,,Calle,,ROSARIO,Rosario,Asfalto,No existe,II,Dentro,Urbana,S/D,S/D,Recta,Bueno,Buena,Diurna,Buen Tiempo,Lateral,S/D,Colisión,Ninguna,S/D,Cordón divisorio,Sin restricción,POINT (-60.720695799999994 -32.94045335),"['Nicaragua', 'Mendoza']",2,Nicaragua; Mendoza,-32.94045335,-60.7206958,55.0,538.0,Municipio Rosario,Municipio,Rosario,820210,Servicio de Catastro e Información Territorial,IGN
2017,3517,2017-06-23,Viernes,0.0,7:00:00,,0.0,2,"Peatón,Moto/Ciclomotor",Ugarte Y Av. San Jose De Calasanz,2,1,0,0,1,0,0,,Calle,,ROSARIO,Rosario,Asfalto,Natural,II,Dentro,Urbana,Ninguna,No existe,Recta,Deteriorada,Buena,Amanecer,Buen Tiempo,S/D,Peatón,Atropello,S/D,S/D,Ninguna,Sin restricción,POINT (-60.755249899999995 -32.94069209999999),"['Ugarte', 'Avenida San José de Calasanz']",2,Cullen y Ugarte; Avenida San José de Calasanz,-32.94069209999999,-60.7552499,55.0,538.0,Municipio Rosario,Municipio,Rosario,820210,Servicio de Catastro e Información Territorial,IGN
2017,3522,2017-05-05,Viernes,0.0,15:30:00,,0.0,2,"Moto/Ciclomotor,Bicicleta",Buenos Aires Y Av. Belgrano,2,2,0,0,0,0,0,,Calle,,ROSARIO,Rosario,Asfalto,No existe,II,Dentro,Urbana,Ninguna,No existe,Intersección,Bueno,Buena,Diurna,Buen Tiempo,S/D,Ciclista,Atropello,Ninguna,Faltante,Ninguna,Sin restricción,POINT (-60.63208483333333 -32.94541773333333),"['Buenos Aires', 'Belgrano']",2,Buenos Aires; Avenida Manuel Belgrano,-32.94541773333333,-60.63208483333333,55.0,538.0,Municipio Rosario,Municipio,Rosario,820210,Servicio de Catastro e Información Territorial,IGN
2017,3531,2017-06-01,Jueves,0.0,10:00:00,,0.0,2,"Automóvil,Automóvil",Tucuman 1800,2,1,0,0,1,0,0,,Calle,,ROSARIO,Rosario,Asfalto,No existe,II,Dentro,Urbana,Ninguna,No existe,Recta,Bueno,Buena,Diurna,Buen Tiempo,De alcance,S/D,Colisión,Ninguna,Faltante,Ninguna,Sin restricción,"-32.9400015, -60.6465459",['Tucuman 1800'],1,Tucuman 1800,-32.9400015,-60.6465459,55.0,538.0,Municipio Rosario,Municipio,Rosario,820210,Servicio de Catastro e Información Territorial,IGN
2017,3532,2017-06-06,Martes,0.0,17:45:00,,0.0,2,"Bicicleta,Transporte de Pasajeros Urbano (> 8 asientos)",Santa Fe Y San Martin,2,1,0,0,1,0,0,,Calle,,ROSARIO,Rosario,Asfalto,No existe,II,Dentro,Urbana,Ninguna,No existe,Recta,Bueno,Buena,Diurna,Buen Tiempo,S/D,Ciclista,Atropello,Ninguna,Faltante,Ninguna,Sin restricción,POINT (-60.6364413 -32.945627),"['Santa Fe', 'San Martin']",2,"('Santa Fe', 'José de San Martín')",-32.945627,-60.6364413,55.0,538.0,Municipio Rosario,Municipio,Rosario,820210,Servicio de Catastro e Información Territorial,IGN