anio_acci,nro_acci,fecha,desc_dia,fecha_aprox,hora_aprox,desc_ruta,km,cant_participantes,desc_participante,calle_avenida_km,total,heridos_leves,heridos_graves,heridos_gravisimos,ilesos,fallecidos,sin_datos,posicion_XY,desc_tipo_via,desc_ruta_ori,desc_loc,desc_dpto,desc_tipo_calzada,desc_tipo_banquina,desc_unidad_regional,desc_lugar_calzada,desc_zona,desc_prioridad,desc_estado_semaforo,desc_lugar_via,desc_estado_via,desc_estado_visibilidad,desc_luminosidad,desc_estado_clima,desc_tipo_colision,desc_tipo_atropello,desc_tipo_hecho,desc_pres_calzada,desc_senializacion,desc_separacion_via,desc_restriccion,forma_geocod,calle_lista,numero_calles,calles_osm,lat,lon,index_right,gid,fna,gna,nam,in1,fdc,sag
2017,3533,2017-06-09,Viernes,0.0,14:00:00,,0.0,2,"Peatón,Transporte de Pasajeros Urbano (> 8 asientos)",Santa Fe Y Sarmiento,2,0,1,0,1,0,0,,Calle,,ROSARIO,Rosario,Asfalto,No existe,II,Dentro,Urbana,Ninguna,No existe,Intersección,Bueno,Buena,Diurna,Buen Tiempo,S/D,Peatón,Atropello,Ninguna,Vertical,Ninguna,Sin restricción,POINT (-60.6378673 -32.94513020000001),"['Santa Fe', 'Sarmiento']",2,Santa Fe; Sarmiento,-32.94513020000001,-60.6378673,55.0,538.0,Municipio Rosario,Municipio,Rosario,820210,Servicio de Catastro e Información Territorial,IGN
2017,3534,2017-06-09,Viernes,0.0,18:20:00,,0.0,2,"Automóvil,Taxi/Remis",Bv. Oroño Y San Lorenzo,4,4,0,0,0,0,0,,Calle,,ROSARIO,Rosario,Asfalto,No existe,II,Dentro,Urbana,Ninguna,No existe,Intersección,Bueno,Buena,Diurna,Buen Tiempo,Lateral,S/D,Colisión,Ninguna,Vertical,Cordón divisorio,Sin restricción,POINT (-60.652740599999994 -32.9414065),"['Bulevar Nicasio Oroño', 'San Lorenzo']",2,Bulevar Nicasio Oroño; San Lorenzo,-32.9414065,-60.6527406,55.0,538.0,Municipio Rosario,Municipio,Rosario,820210,Servicio de Catastro e Información Territorial,IGN
2017,3535,2017-03-01,Miercoles,0.0,23:15:00,,0.0,2,"Automóvil,Moto/Ciclomotor",Navarro Y Solis,2,1,0,0,1,0,0,,Calle,,ROSARIO,Rosario,S/D,S/D,II,Dentro,Urbana,S/D,S/D,Recta,S/D,S/D,Nocturna,S/D,S/D,S/D,Colisión,S/D,S/D,S/D,S/D,POINT (-60.70378680000001 -32.9312617),"['Navarro', 'Solis']",2,Navarro; Juan Díaz de Solís,-32.9312617,-60.70378680000001,55.0,538.0,Municipio Rosario,Municipio,Rosario,820210,Servicio de Catastro e Información Territorial,IGN
2017,3542,2017-03-06,Lunes,0.0,,,0.0,1,Moto/Ciclomotor,Cordoba 9150,1,1,0,0,0,0,0,,Calle,,ROSARIO,Rosario,S/D,S/D,II,Dentro,Urbana,S/D,S/D,Recta,S/D,S/D,S/D,S/D,S/D,S/D,Caída ocupante,S/D,S/D,S/D,S/D,"-32.92618745, -60.74423117051629",['Cordoba 9150'],1,Cordoba 9150,-32.92618745,-60.74423117051629,55.0,538.0,Municipio Rosario,Municipio,Rosario,820210,Servicio de Catastro e Información Territorial,IGN
2017,3547,2017-03-14,Martes,0.0,,,0.0,2,"Moto/Ciclomotor,Automóvil",Vera Mujica Y Amenabar,3,1,0,0,2,0,0,,Calle,,ROSARIO,Rosario,S/D,S/D,II,Dentro,Urbana,S/D,S/D,Intersección,S/D,S/D,S/D,S/D,S/D,S/D,Colisión,S/D,S/D,S/D,S/D,POINT (-60.67341280000001 -32.967053899999996),"['Vera Mujíca', 'Amenabar']",2,Vera Mujíca; José de Amenábar,-32.9670539,-60.67341280000001,55.0,538.0,Municipio Rosario,Municipio,Rosario,820210,Servicio de Catastro e Información Territorial,IGN
2017,3548,2017-03-14,Martes,0.0,,,0.0,2,"Moto/Ciclomotor,Automóvil",Ayacucho Y Bv. Segui,3,2,0,0,1,0,0,,Calle,,ROSARIO,Rosario,S/D,S/D,II,Dentro,Urbana,S/D,S/D,Intersección,S/D,S/D,S/D,S/D,S/D,S/D,Colisión,S/D,S/D,S/D,S/D,POINT (-60.63548025 -32.9810463),"['Ayacucho', 'Bulevar Juan Francisco Seguí']",2,Ayacucho; Bulevar Juan Francisco Seguí,-32.9810463,-60.63548025,55.0,538.0,Municipio Rosario,Municipio,Rosario,820210,Servicio de Catastro e Información Territorial,IGN
2017,3553,2017-03-23,Jueves,0.0,,,0.0,2,"Automóvil,Moto/Ciclomotor",Bv. Oroño Y Lamadrid,2,1,0,0,1,0,0,,Calle,,ROSARIO,Rosario,S/D,S/D,II,Dentro,Urbana,S/D,S/D,Intersección,S/D,S/D,S/D,S/D,S/D,S/D,Colisión,S/D,S/D,S/D,S/D,POINT (-60.66524270000001 -32.9976152),"['Bulevar Nicasio Oroño', 'Lamadrid']",2,Bulevar Nicasio Oroño; Gregorio Aráoz de Lamadrid,-32.9976152,-60.66524270000001,55.0,538.0,Municipio Rosario,Municipio,Rosario,820210,Servicio de Catastro e Información Territorial,IGN
2017,3555,2017-06-11,Domingo,0.0,21:15:00,,0.0,2,"Moto/Ciclomotor,Automóvil",Tucuman Y Dorrego,2,1,0,0,1,0,0,,Calle,,ROSARIO,Rosario,Asfalto,No existe,II,Dentro,Urbana,Ninguna,No existe,Intersección,Bueno,Buena,Nocturna,Buen Tiempo,Lateral,S/D,Colisión,Ninguna,Vertical,Ninguna,Sin restricción,POINT (-60.6479902 -32.939811699999986),"['Tucumán', 'Dorrego']",2,Tucumán; Manuel Dorrego,-32.939811699999986,-60.6479902,55.0,538.0,Municipio Rosario,Municipio,Rosario,820210,Servicio de Catastro e Información Territorial,IGN
2017,3556,2017-06-12,Lunes,0.0,19:15:00,,0.0,2,"Moto/Ciclomotor,Pickup/Utilitario",Alvear Y Urquiza,2,1,0,0,1,0,0,,Calle,,ROSARIO,Rosario,Asfalto,No existe,II,Dentro,Urbana,Ninguna,No existe,Intersección,Bueno,Buena,Atardecer,Buen Tiempo,Lateral,S/D,Colisión,Ninguna,Faltante,Ninguna,Sin restricción,POINT (-60.653803100000005 -32.9399875),"['Alvear', 'Urquiza']",2,Alvear; Justo José de Urquiza,-32.9399875,-60.653803100000005,55.0,538.0,Municipio Rosario,Municipio,Rosario,820210,Servicio de Catastro e Información Territorial,IGN
2017,3557,2017-06-14,Miercoles,0.0,15:15:00,,0.0,2,"Peatón,Automóvil",Bv. Oroño Y Salta,2,1,0,0,1,0,0,,Calle,,ROSARIO,Rosario,S/D,S/D,II,Dentro,Urbana,S/D,S/D,Recta,S/D,S/D,Diurna,S/D,S/D,Peatón,Atropello,S/D,S/D,S/D,S/D,POINT (-60.6515116 -32.93672015),"['Bulevar Nicasio Oroño', 'Salta']",2,Bulevar Nicasio Oroño; Salta,-32.93672015,-60.6515116,55.0,538.0,Municipio Rosario,Municipio,Rosario,820210,Servicio de Catastro e Información Territorial,IGN
2017,3559,2017-06-15,Jueves,0.0,19:20:00,,0.0,2,"Automóvil,Automóvil",3 De Febrero Y Bv. Oroño,2,1,0,0,1,0,0,,Calle,,ROSARIO,Rosario,Asfalto,No existe,II,Dentro,Urbana,Semáforo,Funciona,Intersección,Bueno,Buena,Atardecer,Buen Tiempo,De alcance,S/D,Colisión,Ninguna,Vertical,Cordón divisorio,Sin restricción,POINT (-60.654906749999995 -32.950095049999995),"['3 de Febrero', 'Bulevar Nicasio Oroño']",2,3 de Febrero; Bulevar Nicasio Oroño,-32.950095049999995,-60.65490675,55.0,538.0,Municipio Rosario,Municipio,Rosario,820210,Servicio de Catastro e Información Territorial,IGN
2017,3560,2017-06-16,Viernes,0.0,18:10:00,,0.0,2,"Peatón,Pickup/Utilitario",Bv. Oroño Y Urquiza,3,1,0,0,2,0,0,,Calle,,ROSARIO,Rosario,Asfalto,No existe,II,Dentro,Urbana,Señal Pare,No existe,Recta,Bueno,Buena,Diurna,Buen Tiempo,S/D,S/D,Atropello,Ninguna,Vertical,Cordón divisorio,Sin restricción,POINT (-60.652427200000005 -32.940226100000004),"['Bulevar Nicasio Oroño', 'Urquiza']",2,Bulevar Nicasio Oroño; Justo José de Urquiza,-32.940226100000004,-60.652427200000005,55.0,538.0,Municipio Rosario,Municipio,Rosario,820210,Servicio de Catastro e Información Territorial,IGN
2017,3562,2017-06-23,Viernes,0.0,16:30:00,,0.0,2,"Bicicleta,Automóvil",Urquiza 1132,2,1,0,0,1,0,0,,Calle,,ROSARIO,Rosario,Asfalto,Pavimento,II,Dentro,Urbana,Ninguna,No existe,Recta,Bueno,Buena,Diurna,Buen Tiempo,S/D,Ciclista,Atropello,Ninguna,Vertical,Ninguna,Sin restricción,"-32.942864026006475, -60.63785612601506",['Urquiza 1132'],1,Urquiza 1132,-32.942864026006475,-60.63785612601506,55.0,538.0,Municipio Rosario,Municipio,Rosario,820210,Servicio de Catastro e Información Territorial,IGN
2017,3563,2017-06-24,Sabado,0.0,6:00:00,,0.0,2,"Moto/Ciclomotor,Taxi/Remis",San Lorenzo Y Paraguay,2,0,1,0,1,0,0,,Calle,,ROSARIO,Rosario,Asfalto,No existe,II,Dentro,Urbana,Ninguna,Funciona,Intersección,Bueno,Buena,Diurna,Buen Tiempo,Lateral,S/D,Colisión,Ninguna,Vertical,Ninguna,Sin restricción,POINT (-60.643162000000004 -32.9431566),"['San Lorenzo', 'Paraguay']",2,San Lorenzo; Paraguay,-32.9431566,-60.643162,55.0,538.0,Municipio Rosario,Municipio,Rosario,820210,Servicio de Catastro e Información Territorial,IGN
2017,3565,2017-03-29,Miercoles,0.0,17:45:00,,0.0,2,"Automóvil,Moto/Ciclomotor",Saavedra Y Sarmiento,2,1,0,0,1,0,0,,Calle,,ROSARIO,Rosario,S/D,S/D,II,Dentro,Urbana,S/D,S/D,Intersección,S/D,S/D,Diurna,S/D,S/D,S/D,Colisión,S/D,S/D,S/D,S/D,POINT (-60.6460939 -32.9779483),"['Saavedra', 'Sarmiento']",2,Saavedra; Sarmiento,-32.9779483,-60.6460939,55.0,538.0,Municipio Rosario,Municipio,Rosario,820210,Servicio de Catastro e Información Territorial,IGN
2017,3567,2017-03-01,Miercoles,0.0,2:10:00,,0.0,1,Moto/Ciclomotor,Maiztegui Y Pintor Musto,1,1,0,0,0,0,0,,Calle,,ROSARIO,Rosario,S/D,S/D,II,Dentro,Urbana,S/D,S/D,Intersección,S/D,S/D,Nocturna,S/D,S/D,S/D,Caída ocupante,S/D,S/D,S/D,S/D,POINT (-60.691905600000005 -32.872775),"['Maiztegui', 'Pintor Musto']",2,Maiztegui; Pintor Musto,-32.872775,-60.691905600000005,55.0,538.0,Municipio Rosario,Municipio,Rosario,820210,Servicio de Catastro e Información Territorial,IGN
2017,3570,2017-06-24,Sabado,0.0,22:20:00,,0.0,3,"Taxi/Remis,Automóvil,Moto/Ciclomotor",Brown Y Balcarce,4,1,0,0,3,0,0,,Calle,,ROSARIO,Rosario,Asfalto,No existe,II,Dentro,Urbana,Señal Pare,No existe,Intersección,Bueno,Buena,Nocturna,Buen Tiempo,Múltiple,S/D,Colisión,Ninguna,Vertical,Ninguna,Sin restricción,POINT (-60.64959030000001 -32.93465189999999),"['Brown', 'Balcarce']",2,Almirante Brown; Balcarce,-32.93465189999999,-60.64959030000001,55.0,538.0,Municipio Rosario,Municipio,Rosario,820210,Servicio de Catastro e Información Territorial,IGN
2017,3572,2017-06-27,Martes,0.0,12:00:00,,0.0,2,"Pickup/Utilitario,Automóvil",Catamarca Y Entre Rios,2,1,0,0,1,0,0,,Calle,,ROSARIO,Rosario,Asfalto,No existe,II,Dentro,Urbana,Señal Pare,No existe,Intersección,Bueno,Buena,Diurna,Buen Tiempo,De alcance,S/D,Colisión,Ninguna,Faltante,Ninguna,Sin restricción,POINT (-60.6394932 -32.9401635),"['Catamarca', 'Entre Ríos']",2,Catamarca; Entre Ríos,-32.9401635,-60.6394932,55.0,538.0,Municipio Rosario,Municipio,Rosario,820210,Servicio de Catastro e Información Territorial,IGN
2017,3575,2017-06-22,Jueves,0.0,12:00:00,,0.0,2,"Moto/Ciclomotor,Camión Chasis",Bv. Avellaneda Y Av. Pellegrini,2,1,0,0,1,0,0,,Avenida,,ROSARIO,Rosario,Asfalto,No existe,II,S/D,Urbana,S/D,S/D,Intersección,S/D,S/D,Diurna,S/D,S/D,S/D,Colisión,S/D,S/D,Cordón divisorio,S/D,POINT (-60.68184480000001 -32.949949249999996),"['Avellaneda', 'Pellegrini']",2,Bulevar Nicolás Avellaneda; Avenida Carlos Pellegrini,-32.94994925,-60.68184480000001,55.0,538.0,Municipio Rosario,Municipio,Rosario,820210,Servicio de Catastro e Información Territorial,IGN
2017,3577,2017-06-22,Jueves,0.0,10:42:00,,0.0,2,"Pickup/Utilitario,Moto/Ciclomotor",Marcos Paz Y Alsina,2,1,0,0,1,0,0,,Calle,,ROSARIO,Rosario,Asfalto,S/D,II,Dentro,Urbana,S/D,S/D,Intersección,S/D,S/D,Diurna,S/D,S/D,S/D,Colisión,S/D,S/D,Cordón divisorio,S/D,POINT (-60.6775141 -32.9440296),"['Marcos Paz', 'Alsina']",2,Marcos Paz; Alsina,-32.9440296,-60.6775141,55.0,538.0,Municipio Rosario,Municipio,Rosario,820210,Servicio de Catastro e Información Territorial,IGN
2017,3580,2017-06-14,Miercoles,0.0,10:25:00,,0.0,2,"Automóvil,Moto/Ciclomotor",San Luis Y Pascual Rosas,2,1,0,0,1,0,0,,Calle,,ROSARIO,Rosario,Asfalto,S/D,II,Dentro,Urbana,S/D,S/D,Intersección,S/D,S/D,Diurna,S/D,S/D,S/D,Colisión,S/D,S/D,Cordón divisorio,S/D,POINT (-60.68658630000001 -32.940494400000006),"['San Luis', 'Pascual Rosas']",2,San Luis; Pascual Rosas,-32.940494400000006,-60.68658630000001,55.0,538.0,Municipio Rosario,Municipio,Rosario,820210,Servicio de Catastro e Información Territorial,IGN
2017,3582,2017-06-14,Miercoles,0.0,7:40:00,,0.0,2,"Moto/Ciclomotor,Taxi/Remis",Vera Mujica Y Montevideo,2,1,0,0,1,0,0,,Calle,,ROSARIO,Rosario,Asfalto,S/D,II,Dentro,Urbana,S/D,S/D,Intersección,S/D,S/D,Diurna,S/D,S/D,S/D,Colisión,S/D,S/D,Cordón divisorio,S/D,POINT (-60.6693572 -32.95101059999999),"['Vera Mujíca', 'Montevideo']",2,Vera Mujíca; Montevideo,-32.95101059999999,-60.6693572,55.0,538.0,Municipio Rosario,Municipio,Rosario,820210,Servicio de Catastro e Información Territorial,IGN
2017,3584,2017-06-10,Sabado,0.0,9:00:00,,0.0,4,"Automóvil,Automóvil,Automóvil,Automóvil",Crespo Y Av. Pellegrini,6,3,0,0,3,0,0,,Avenida,,ROSARIO,Rosario,Asfalto,S/D,II,Dentro,Urbana,S/D,S/D,Intersección,S/D,S/D,Diurna,S/D,S/D,S/D,Colisión,S/D,S/D,Cordón divisorio,S/D,POINT (-60.670978700000006 -32.951893749999996),"['Crespo', 'Pellegrini']",2,Crespo; Avenida Carlos Pellegrini,-32.95189375,-60.670978700000006,55.0,538.0,Municipio Rosario,Municipio,Rosario,820210,Servicio de Catastro e Información Territorial,IGN
2017,3586,2017-06-10,Sabado,0.0,19:30:00,,0.0,2,"Moto/Ciclomotor,Automóvil",Rodriguez Y 3 De Febrero,4,1,0,0,3,0,0,,Calle,,ROSARIO,Rosario,Asfalto,S/D,II,Dentro,Urbana,S/D,S/D,Intersección,S/D,S/D,Diurna,S/D,S/D,S/D,Colisión,S/D,S/D,Cordón divisorio,S/D,POINT (-60.6603081 -32.9491249),"['Rodríguez', '3 de Febrero']",2,Rodríguez de Escobedo; 3 de Febrero,-32.9491249,-60.6603081,55.0,538.0,Municipio Rosario,Municipio,Rosario,820210,Servicio de Catastro e Información Territorial,IGN
2017,3587,2017-06-14,Miercoles,0.0,0:20:00,,0.0,2,"Automóvil,Automóvil",Pascual Rosas Y Mendoza,5,3,0,0,2,0,0,,Calle,,ROSARIO,Rosario,Asfalto,S/D,II,Dentro,Urbana,S/D,S/D,Intersección,S/D,S/D,Diurna,S/D,S/D,S/D,Colisión,S/D,S/D,Cordón divisorio,S/D,POINT (-60.687209599999996 -32.9430186),"['Pascual Rosas', 'Mendoza']",2,Pascual Rosas; Mendoza,-32.9430186,-60.6872096,55.0,538.0,Municipio Rosario,Municipio,Rosario,820210,Servicio de Catastro e Información Territorial,IGN
2017,3588,2017-06-08,Jueves,0.0,8:00:00,,0.0,1,Moto/Ciclomotor,Av. Pellegrini Y Bv. Avellaneda,2,1,0,0,1,0,0,,Avenida,,ROSARIO,Rosario,Asfalto,S/D,II,Dentro,Urbana,S/D,S/D,Intersección,S/D,S/D,Diurna,S/D,S/D,S/D,Caída ocupante,S/D,S/D,Cordón divisorio,S/D,POINT (-60.68184480000001 -32.949949249999996),"['Pellegrini', 'Avellaneda']",2,Avenida Carlos Pellegrini; Bulevar Nicolás Avellaneda,-32.94994925,-60.68184480000001,55.0,538.0,Municipio Rosario,Municipio,Rosario,820210,Servicio de Catastro e Información Territorial,IGN
2017,3589,2017-05-29,Lunes,0.0,18:00:00,,0.0,2,"Peatón,Moto/Ciclomotor",Bv. Avellaneda Y San Juan,2,1,0,0,1,0,0,,Avenida,,ROSARIO,Rosario,Asfalto,S/D,II,Dentro,Urbana,S/D,S/D,Intersección,S/D,S/D,S/D,S/D,S/D,Peatón,Atropello,S/D,S/D,S/D,S/D,POINT (-60.680076299999996 -32.94284435),"['Avellaneda', 'San Juan']",2,Bulevar Nicolás Avellaneda; San Juan,-32.94284435,-60.6800763,55.0,538.0,Municipio Rosario,Municipio,Rosario,820210,Servicio de Catastro e Información Territorial,IGN
2017,3590,2017-06-04,Domingo,0.0,19:30:00,,0.0,2,"Automóvil,Moto/Ciclomotor",San Luis Y Valparaiso,3,2,0,0,1,0,0,,Calle,,ROSARIO,Rosario,Asfalto,S/D,II,Dentro,Urbana,S/D,S/D,Intersección,S/D,S/D,Atardecer,S/D,S/D,S/D,Colisión,S/D,S/D,Cordón divisorio,S/D,POINT (-60.6824925 -32.9412371),"['San Luis', 'Valparaíso']",2,San Luis; Valparaíso,-32.9412371,-60.6824925,55.0,538.0,Municipio Rosario,Municipio,Rosario,820210,Servicio de Catastro e Información Territorial,IGN
2017,3591,2017-06-04,Domingo,0.0,17:55:00,,0.0,2,"Bicicleta,Automóvil",San Luis Y Callao,2,1,0,0,1,0,0,,Calle,,ROSARIO,Rosario,Asfalto,S/D,II,Dentro,Urbana,S/D,S/D,Intersección,S/D,S/D,Diurna,S/D,S/D,Ciclista,Atropello,S/D,S/D,Cordón divisorio,S/D,POINT (-60.660778500000006 -32.945124199999995),"['San Luis', 'Callao']",2,San Luis; Callao,-32.945124199999995,-60.660778500000006,55.0,538.0,Municipio Rosario,Municipio,Rosario,820210,Servicio de Catastro e Información Territorial,IGN
2017,3646,2017-03-16,Jueves,0.0,12:00:00,,0.0,2,"Automóvil,Automóvil",La Paz Y Sarmiento,4,2,0,0,2,0,0,,Calle,,ROSARIO,Rosario,S/D,S/D,II,Dentro,Urbana,S/D,S/D,Recta,S/D,S/D,Diurna,S/D,Contra objeto fijo,S/D,Colisión,S/D,S/D,S/D,S/D,POINT (-60.64260529999999 -32.96417459999999),"['La Paz', 'Sarmiento']",2,La Paz; Sarmiento,-32.96417459999999,-60.64260529999999,55.0,538.0,Municipio Rosario,Municipio,Rosario,820210,Servicio de Catastro e Información Territorial,IGN
2017,3656,2017-03-23,Jueves,0.0,18:00:00,,0.0,1,Moto/Ciclomotor,Entre Rios Y E.Zeballos,1,1,0,0,0,0,0,,Calle,,ROSARIO,Rosario,S/D,S/D,II,Dentro,Urbana,S/D,S/D,Recta,S/D,S/D,Diurna,S/D,S/D,S/D,Caída ocupante,S/D,S/D,S/D,S/D,POINT (-60.64308380000001 -32.9545295),"['Entre Ríos', 'Zeballos']",2,Entre Ríos; Zeballos,-32.9545295,-60.64308380000001,55.0,538.0,Municipio Rosario,Municipio,Rosario,820210,Servicio de Catastro e Información Territorial,IGN
2017,3747,2017-03-26,Domingo,0.0,,,0.0,2,"Moto/Ciclomotor,Automóvil",Donado Y Av. Brassey,2,1,0,0,1,0,0,,Avenida,,ROSARIO,Rosario,S/D,S/D,II,S/D,S/D,S/D,S/D,S/D,S/D,S/D,S/D,S/D,S/D,S/D,Colisión,S/D,S/D,S/D,S/D,POINT (-60.7276771 -32.92290909999999),"['Donado', 'Brassey']",2,José Agustín Donado; Brassey,-32.92290909999999,-60.7276771,55.0,538.0,Municipio Rosario,Municipio,Rosario,820210,Servicio de Catastro e Información Territorial,IGN
2017,3794,2017-04-01,Sabado,0.0,,,0.0,2,"Automóvil,Automóvil",Montevideo Y Lima,4,3,0,0,1,0,0,,Calle,,ROSARIO,Rosario,S/D,S/D,II,Dentro,Urbana,S/D,S/D,Intersección,S/D,S/D,S/D,S/D,S/D,S/D,Colisión,S/D,S/D,S/D,S/D,POINT (-60.685678900000006 -32.9480955),"['Montevideo', 'Lima']",2,Montevideo; Lima,-32.9480955,-60.685678900000006,55.0,538.0,Municipio Rosario,Municipio,Rosario,820210,Servicio de Catastro e Información Territorial,IGN
2017,3799,2017-04-03,Lunes,0.0,,,0.0,2,"Taxi/Remis,Moto/Ciclomotor",Av. Ovidio Lagos Y Lamadrid,2,1,0,0,1,0,0,,Calle,,ROSARIO,Rosario,S/D,S/D,II,Dentro,Urbana,S/D,S/D,Intersección,S/D,S/D,Diurna,S/D,S/D,S/D,Colisión,S/D,S/D,S/D,S/D,POINT (-60.67487495 -32.997913600000004),"['Avenida Ovidio Lagos', 'Lamadrid']",2,Avenida Ovidio Lagos; Gregorio Aráoz de Lamadrid,-32.997913600000004,-60.67487495,55.0,538.0,Municipio Rosario,Municipio,Rosario,820210,Servicio de Catastro e Información Territorial,IGN
2017,3828,2017-04-05,Miercoles,0.0,,,0.0,1,Moto/Ciclomotor,Bolivia Y Pje. Campos Salles,1,1,0,0,0,0,0,,Calle,,ROSARIO,Rosario,S/D,S/D,II,Dentro,Urbana,S/D,S/D,Recta,S/D,S/D,S/D,S/D,Contra objeto fijo,S/D,Colisión,S/D,S/D,S/D,S/D,POINT (-60.713821800000005 -32.94088339999998),"['Bolivia', 'Campos Salles']",2,Bolivia; Campos Salles,-32.94088339999998,-60.713821800000005,55.0,538.0,Municipio Rosario,Municipio,Rosario,820210,Servicio de Catastro e Información Territorial,IGN
2017,3920,2017-04-12,Miercoles,0.0,,,0.0,2,"Pickup/Utilitario,Otros",Av. Arijon Y Dorrego,2,1,0,0,1,0,0,,Calle,,ROSARIO,Rosario,S/D,S/D,II,Dentro,Urbana,S/D,S/D,Intersección,S/D,S/D,S/D,S/D,S/D,S/D,Colisión,S/D,S/D,S/D,S/D,POINT (-60.660499800000004 -33.003405999999984),"['Avenida Manuel Arijón', 'Dorrego']",2,Avenida Manuel Arijón; Manuel Dorrego,-33.003405999999984,-60.6604998,55.0,538.0,Municipio Rosario,Municipio,Rosario,820210,Servicio de Catastro e Información Territorial,IGN
2017,3925,2017-04-13,Jueves,0.0,20:30:00,,0.0,2,"Moto/Ciclomotor,Automóvil",Aurora Y Suipacha,3,1,1,0,1,0,0,,Calle,,ROSARIO,Rosario,Asfalto,S/D,II,Dentro,Urbana,Ninguna,S/D,Intersección,Bueno,Buena,Nocturna,Buen Tiempo,Lateral,S/D,Colisión,Ninguna,S/D,Ninguna,S/D,POINT (-60.67640049999999 -32.9994383),"['Aurora', 'Suipacha']",2,Aurora; Suipacha,-32.9994383,-60.67640049999999,55.0,538.0,Municipio Rosario,Municipio,Rosario,820210,Servicio de Catastro e Información Territorial,IGN
2017,3948,2017-04-19,Miercoles,0.0,14:20:00,,0.0,2,"Automóvil,Moto/Ciclomotor",P.L.Funes Y San Luis,2,1,0,0,1,0,0,,Calle,,ROSARIO,Rosario,S/D,S/D,II,Dentro,Urbana,S/D,S/D,Intersección,S/D,S/D,Diurna,S/D,S/D,S/D,Colisión,S/D,S/D,S/D,S/D,POINT (-60.7012331 -32.939623),"['Funes', 'San Luis']",2,Deán Gregorio Funes; San Luis,-32.939623,-60.7012331,55.0,538.0,Municipio Rosario,Municipio,Rosario,820210,Servicio de Catastro e Información Territorial,IGN
2017,3950,2017-04-22,Sabado,0.0,14:35:00,,0.0,2,"Moto/Ciclomotor,Bicicleta",Bv. Rondeau Y Av. Irigoyen,2,1,0,0,1,0,0,,Calle,,ROSARIO,Rosario,S/D,S/D,II,Dentro,Urbana,S/D,S/D,Intersección,S/D,S/D,Diurna,S/D,S/D,Ciclista,Atropello,S/D,S/D,S/D,S/D,POINT (-60.695452875 -32.884458699999996),"['Rondeau', 'Avenida Hipólito Irigoyen']",2,Bulevar General José Rondeau; Avenida Hipólito Irigoyen,-32.8844587,-60.695452875,55.0,538.0,Municipio Rosario,Municipio,Rosario,820210,Servicio de Catastro e Información Territorial,IGN
2017,3951,2017-04-22,Sabado,0.0,19:15:00,,0.0,2,"Automóvil,Moto/Ciclomotor",Av. De Las Palmeras 4500,2,1,0,0,1,0,0,,Calle,,ROSARIO,Rosario,S/D,S/D,II,Dentro,Urbana,S/D,S/D,S/D,S/D,S/D,Atardecer,S/D,S/D,S/D,Colisión,S/D,S/D,S/D,S/D,"-32.9561024, -60.7232914",['De Las Palmeras 4500'],1,De Las Palmeras 4500,-32.9561024,-60.7232914,55.0,538.0,Municipio Rosario,Municipio,Rosario,820210,Servicio de Catastro e Información Territorial,IGN
2017,4049,2017-07-25,Martes,0.0,,,0.0,2,"Automóvil,Moto/Ciclomotor",Tarragona 300,2,1,0,0,1,0,0,,Calle,,ROSARIO,Rosario,Asfalto,No existe,II,Dentro,Urbana,Ninguna,No existe,Intersección,Bueno,Buena,Diurna,Buen Tiempo,Lateral,S/D,Colisión,Ninguna,Faltante,Ninguna,Sin restricción,"-32.932216, -60.7344524",['Tarragona 300'],1,Tarragona 300,-32.932216,-60.7344524,55.0,538.0,Municipio Rosario,Municipio,Rosario,820210,Servicio de Catastro e Información Territorial,IGN
2017,4051,2017-07-26,Miercoles,0.0,,,0.0,2,"Automóvil,Bicicleta",J.J.Paso Y Av. Circunvalacion,2,1,0,0,1,0,0,,Calle,,ROSARIO,Rosario,Asfalto,No existe,II,Dentro,Urbana,Ninguna,No existe,Intersección,Bueno,Buena,Diurna,Buen Tiempo,S/D,Ciclista,Atropello,Ninguna,Faltante,Ninguna,Sin restricción,POINT (-60.723727529563504 -32.92055900258327),"['Paso', 'Circunvalacion']",2,Avenida Juan José Paso; Avenida de Circunvalación 25 de Mayo,-32.92055900258327,-60.723727529563504,55.0,538.0,Municipio Rosario,Municipio,Rosario,820210,Servicio de Catastro e Información Territorial,IGN
2017,4052,2017-07-26,Miercoles,0.0,,,0.0,2,"Automóvil,Moto/Ciclomotor",Bv. Argentino Y Sarratea Bis,2,1,0,0,1,0,0,,Calle,,ROSARIO,Rosario,Asfalto,No existe,II,Dentro,Urbana,Ninguna,No existe,Intersección,Bueno,Buena,Diurna,Buen Tiempo,Lateral,S/D,Colisión,Ninguna,Faltante,Ninguna,Sin restricción,POINT (-60.74117369999999 -32.92451839999999),"['Argentino', 'Sarratea']",2,Avenida Central Argentino; Sarratea,-32.92451839999999,-60.74117369999999,55.0,538.0,Municipio Rosario,Municipio,Rosario,820210,Servicio de Catastro e Información Territorial,IGN
2017,4053,2017-07-04,Martes,0.0,11:00:00,,0.0,2,"Automóvil,Moto/Ciclomotor",Angel Carranza Y Santa Fe,2,1,0,0,1,0,0,,Calle,,ROSARIO,Rosario,Asfalto,Pavimento,II,Dentro,Urbana,Ninguna,No existe,Intersección,Bueno,Buena,Diurna,Buen Tiempo,Lateral,S/D,Colisión,Ninguna,S/D,Ninguna,Sin restricción,POINT (-60.7289646 -32.9361659),"['Ángel Carranza', 'Santa Fe']",2,Ángel Carranza; Santa Fe,-32.9361659,-60.7289646,55.0,538.0,Municipio Rosario,Municipio,Rosario,820210,Servicio de Catastro e Información Territorial,IGN