anio_acci,nro_acci,fecha,desc_dia,fecha_aprox,hora_aprox,desc_ruta,km,cant_participantes,desc_participante,calle_avenida_km,total,heridos_leves,heridos_graves,heridos_gravisimos,ilesos,fallecidos,sin_datos,posicion_XY,desc_tipo_via,desc_ruta_ori,desc_loc,desc_dpto,desc_tipo_calzada,desc_tipo_banquina,desc_unidad_regional,desc_lugar_calzada,desc_zona,desc_prioridad,desc_estado_semaforo,desc_lugar_via,desc_estado_via,desc_estado_visibilidad,desc_luminosidad,desc_estado_clima,desc_tipo_colision,desc_tipo_atropello,desc_tipo_hecho,desc_pres_calzada,desc_senializacion,desc_separacion_via,desc_restriccion,forma_geocod,calle_lista,numero_calles,calles_osm,lat,lon,index_right,gid,fna,gna,nam,in1,fdc,sag
2017,4054,2017-07-04,Martes,0.0,18:00:00,,0.0,2,"Automóvil,Automóvil",Mendoza Y Donado Bis,2,1,0,0,1,0,0,,Calle,,ROSARIO,Rosario,Asfalto,Pavimento,II,Dentro,Urbana,Semáforo,Funciona,Recta,Bueno,Buena,Diurna,Buen Tiempo,De alcance,S/D,Colisión,S/D,Vertical,Ninguna,Sin restricción,POINT (-60.7269807 -32.94063034999999),"['Mendoza', 'Donado']",2,Mendoza; José Agustín Donado,-32.94063034999999,-60.7269807,55.0,538.0,Municipio Rosario,Municipio,Rosario,820210,Servicio de Catastro e Información Territorial,IGN
2017,4055,2017-07-10,Lunes,0.0,10:30:00,,0.0,2,"Ambulancia,Automóvil",Av. Pellegrini Y Brasil,2,1,0,0,1,0,0,,Calle,,ROSARIO,Rosario,Asfalto,Pavimento,II,Dentro,Urbana,Ninguna,S/D,Recta,Bueno,Buena,Diurna,Buen Tiempo,Lateral,S/D,Colisión,Ninguna,S/D,Ninguna,Sin restricción,POINT (-60.719202949999996 -32.94877779999999),"['Pellegrini', 'Brasil']",2,Avenida Carlos Pellegrini; Brasil,-32.94877779999999,-60.71920295,55.0,538.0,Municipio Rosario,Municipio,Rosario,820210,Servicio de Catastro e Información Territorial,IGN
2017,4056,2017-07-03,Lunes,0.0,6:20:00,,0.0,2,"Moto/Ciclomotor,Otros",Av. Circunvalacion Y Av. Jorge Newbery,2,1,0,0,1,0,0,,Calle,,ROSARIO,Rosario,S/D,S/D,II,Dentro,Urbana,S/D,S/D,S/D,S/D,S/D,Diurna,S/D,S/D,S/D,Colisión,S/D,S/D,S/D,S/D,POINT (-60.72420769617581 -32.90836527388017),"['Circunvalacion', 'Jorge Newbery']",2,Avenida de Circunvalación 25 de Mayo; Avenida Jorge Newbery,-32.90836527388017,-60.72420769617581,55.0,538.0,Municipio Rosario,Municipio,Rosario,820210,Servicio de Catastro e Información Territorial,IGN
2017,4220,2017-04-01,Sabado,0.0,20:30:00,,0.0,2,"Automóvil,Vehículo Oficial",Bv. Oroño Y Lamadrid,3,3,0,0,0,0,0,,Calle,,ROSARIO,Rosario,S/D,S/D,II,Dentro,Urbana,S/D,S/D,Intersección,S/D,S/D,Diurna,S/D,S/D,S/D,Colisión,S/D,S/D,S/D,S/D,POINT (-60.66524270000001 -32.9976152),"['Bulevar Nicasio Oroño', 'Lamadrid']",2,Bulevar Nicasio Oroño; Gregorio Aráoz de Lamadrid,-32.9976152,-60.66524270000001,55.0,538.0,Municipio Rosario,Municipio,Rosario,820210,Servicio de Catastro e Información Territorial,IGN
2017,4231,2017-07-02,Domingo,0.0,17:20:00,,0.0,2,"Pickup/Utilitario,Moto/Ciclomotor",J.B.Justo Y Olavarria Bis,3,1,0,0,2,0,0,,S/D,,ROSARIO,Rosario,Asfalto,No existe,II,S/D,S/D,Ninguna,No existe,Recta,Bueno,Buena,Diurna,Buen Tiempo,Contra objeto fijo,S/D,Colisión,Ninguna,Faltante,Ninguna,Sin restricción,POINT (-60.7046189 -32.9146842),"['Justo', 'Olavarría']",2,Justo José de Urquiza; Olavarría,-32.9146842,-60.7046189,55.0,538.0,Municipio Rosario,Municipio,Rosario,820210,Servicio de Catastro e Información Territorial,IGN
2017,4232,2017-07-08,Sabado,0.0,20:15:00,,0.0,2,"Automóvil,Moto/Ciclomotor",J.J.Paso Y Mejico,2,1,0,0,1,0,0,,Calle,,ROSARIO,Rosario,Asfalto,No existe,II,Dentro,Urbana,Ninguna,No existe,Intersección,Bueno,Buena,Nocturna,Buen Tiempo,De alcance,S/D,Colisión,Ninguna,Faltante,Cordón divisorio,Sin restricción,POINT (-60.7193214 -32.920441249999996),"['Paso', 'Mejico']",2,Avenida Juan José Paso; Méjico,-32.92044125,-60.7193214,55.0,538.0,Municipio Rosario,Municipio,Rosario,820210,Servicio de Catastro e Información Territorial,IGN
2017,4233,2017-07-11,Martes,0.0,12:15:00,,0.0,2,"Moto/Ciclomotor,Moto/Ciclomotor",Av. Genova Y De Angelis Bis,2,1,0,0,1,0,0,,Calle,,ROSARIO,Rosario,Asfalto,No existe,II,S/D,Urbana,Ninguna,No existe,Recta,Bueno,Buena,Diurna,Buen Tiempo,Frontal,S/D,Colisión,Ninguna,Faltante,Cordón divisorio,Sin restricción,POINT (-60.6990246 -32.915588699999994),"['Genova', 'De Ángelis']",2,Avenida Génova; De Ángelis,-32.915588699999994,-60.6990246,55.0,538.0,Municipio Rosario,Municipio,Rosario,820210,Servicio de Catastro e Información Territorial,IGN
2017,4234,2017-07-12,Miercoles,0.0,19:30:00,,0.0,2,"Moto/Ciclomotor,Automóvil",Jose Ingenieros Y Av. Provincias Unidas,2,1,0,0,1,0,0,,Calle,,ROSARIO,Rosario,Asfalto,No existe,II,Dentro,Urbana,S/D,S/D,Recta,Bueno,Buena,Nocturna,Buen Tiempo,Contra objeto fijo,S/D,Colisión,Ninguna,S/D,Cordón divisorio,Sin restricción,POINT (-60.71377375000001 -32.917122899999995),"['José Ingenieros', 'Avenida Provincias Unidas']",2,José Ingenieros; Avenida Provincias Unidas,-32.917122899999995,-60.71377375000001,55.0,538.0,Municipio Rosario,Municipio,Rosario,820210,Servicio de Catastro e Información Territorial,IGN
2017,4235,2017-07-26,Miercoles,0.0,9:30:00,,0.0,2,"Automóvil,Pickup/Utilitario",Av. Circunvalacion Y J.B.Justo,3,2,0,0,1,0,0,,Calle,,ROSARIO,Rosario,Asfalto,No existe,II,Dentro,S/D,Ninguna,No existe,Recta,Bueno,Buena,Diurna,Buen Tiempo,De alcance,S/D,Colisión,Ninguna,S/D,Ninguna,Sin restricción,POINT (-60.72395654453496 -32.91522030000024),"['Circunvalacion', 'Justo']",2,Avenida de Circunvalación 25 de Mayo; Justo José de Urquiza,-32.91522030000024,-60.72395654453496,55.0,538.0,Municipio Rosario,Municipio,Rosario,820210,Servicio de Catastro e Información Territorial,IGN
2017,4238,2017-07-13,Jueves,0.0,15:30:00,,0.0,2,"Moto/Ciclomotor,Automóvil",Av. Pte.Peron Y Larrea,2,1,0,0,1,0,0,,Calle,,ROSARIO,Rosario,Asfalto,No existe,II,Dentro,Urbana,Ninguna,No existe,Intersección,Otro,Reducida,Diurna,Otro,Lateral,S/D,Colisión,Ninguna,Faltante,Ninguna,Sin restricción,POINT (-60.6964425 -32.960417899999996),"['Avenida Presidente Perón', 'Larrea']",2,Avenida Presidente Perón; Larrea,-32.9604179,-60.6964425,55.0,538.0,Municipio Rosario,Municipio,Rosario,820210,Servicio de Catastro e Información Territorial,IGN
2017,4239,2017-07-19,Miercoles,0.0,18:30:00,,0.0,2,"Moto/Ciclomotor,Automóvil",Bv. 27 De Febrero Y Barra,2,1,0,0,1,0,0,,S/D,,ROSARIO,Rosario,Asfalto,Pavimento,II,Fuera,Urbana,Ninguna,No existe,Intersección,Otro,S/D,Diurna,Otro,Lateral,S/D,Colisión,Ninguna,Faltante,Barrera de hormigón,Sin restricción,POINT (-60.7060662 -32.959213399999996),"['27 de Febrero', 'Barra']",2,Bulevar 27 de Febrero; Barraco,-32.9592134,-60.7060662,55.0,538.0,Municipio Rosario,Municipio,Rosario,820210,Servicio de Catastro e Información Territorial,IGN
2017,4240,2017-07-26,Miercoles,0.0,8:30:00,,0.0,2,"Moto/Ciclomotor,Automóvil",Matienzo Y Dean Funes,2,1,0,0,1,0,0,,S/D,,ROSARIO,Rosario,Asfalto,No existe,II,Dentro,S/D,Ninguna,No existe,Intersección,Bueno,Reducida,Diurna,Otro,Lateral,S/D,Colisión,Ninguna,Faltante,Barrera de hormigón,Sin restricción,POINT (-60.69364360000001 -32.9669714),"['Matienzo', 'Deán Gregorio Funes']",2,Benjamín Matienzo; Deán Gregorio Funes,-32.9669714,-60.69364360000001,55.0,538.0,Municipio Rosario,Municipio,Rosario,820210,Servicio de Catastro e Información Territorial,IGN
2017,4241,2017-07-17,Lunes,0.0,12:00:00,,0.0,2,"Moto/Ciclomotor,Automóvil",Castellanos Y Riobamba,2,1,0,0,1,0,0,,Calle,,ROSARIO,Rosario,Asfalto,Pavimento,II,Dentro,Urbana,Ninguna,No existe,Intersección,Bueno,Buena,Diurna,Buen Tiempo,Lateral,S/D,Colisión,Ninguna,Faltante,Ninguna,Sin restricción,POINT (-60.6792424 -32.9564495),"['Aaron Castellanos', 'Riobamba']",2,Aaron Castellanos; Riobamba,-32.9564495,-60.6792424,55.0,538.0,Municipio Rosario,Municipio,Rosario,820210,Servicio de Catastro e Información Territorial,IGN
2017,4243,2017-07-19,Miercoles,0.0,9:40:00,,0.0,2,"Moto/Ciclomotor,Pickup/Utilitario",Dean Funes Y Castellanos,4,1,0,0,3,0,0,,Calle,,ROSARIO,Rosario,Tierra,No existe,II,Dentro,Urbana,Ninguna,No existe,Recta,Deteriorada,Buena,Diurna,Buen Tiempo,S/D,Ciclista,Atropello,Ninguna,Faltante,Ninguna,Sin restricción,POINT (-60.6824166 -32.96904910000001),"['Deán Gregorio Funes', 'Aaron Castellanos']",2,Deán Gregorio Funes; Aaron Castellanos,-32.96904910000001,-60.6824166,55.0,538.0,Municipio Rosario,Municipio,Rosario,820210,Servicio de Catastro e Información Territorial,IGN
2017,4245,2017-07-13,Jueves,0.0,10:35:00,,0.0,2,"Automóvil,Moto/Ciclomotor",Av. Pte.Peron Y Valparaiso,3,2,0,0,1,0,0,,Calle,,ROSARIO,Rosario,Asfalto,No existe,II,Dentro,Urbana,Ninguna,No existe,Intersección,Bueno,Buena,Diurna,Buen Tiempo,Lateral,S/D,Colisión,Ninguna,Faltante,Cordón divisorio,Sin restricción,POINT (-60.68670785 -32.957959450000004),"['Avenida Presidente Perón', 'Valparaíso']",2,Avenida Presidente Perón; Valparaíso,-32.957959450000004,-60.68670785,55.0,538.0,Municipio Rosario,Municipio,Rosario,820210,Servicio de Catastro e Información Territorial,IGN
2017,4248,2017-07-07,Viernes,0.0,14:30:00,,0.0,2,"Moto/Ciclomotor,Automóvil",San Nicolas Y La Paz,2,1,0,0,1,0,0,,Calle,,ROSARIO,Rosario,Asfalto,S/D,II,S/D,Urbana,Ninguna,No existe,Intersección,Deteriorada,Buena,Diurna,Buen Tiempo,Lateral,S/D,Colisión,Ninguna,Faltante,Ninguna,Sin restricción,POINT (-60.676785 -32.958017399999996),"['San Nicolás', 'La Paz']",2,San Nicolás; La Paz,-32.9580174,-60.676785,55.0,538.0,Municipio Rosario,Municipio,Rosario,820210,Servicio de Catastro e Información Territorial,IGN
2017,4250,2017-07-05,Miercoles,0.0,19:50:00,,0.0,2,"Automóvil,Moto/Ciclomotor",Bv. 27 De Febrero Y Lima,3,1,0,0,2,0,0,,Calle,,ROSARIO,Rosario,Asfalto,Pavimento,II,S/D,Urbana,Ninguna,No existe,Intersección,Bueno,Buena,Atardecer,Buen Tiempo,Lateral,S/D,Colisión,Ninguna,Faltante,Cordón divisorio,Sin restricción,POINT (-60.688563466666665 -32.9595318),"['27 de Febrero', 'Lima']",2,Bulevar 27 de Febrero; Lima,-32.9595318,-60.688563466666665,55.0,538.0,Municipio Rosario,Municipio,Rosario,820210,Servicio de Catastro e Información Territorial,IGN
2017,4257,2017-07-14,Viernes,0.0,19:50:00,,0.0,2,"Automóvil,Moto/Ciclomotor",Rivarola Y Fader,2,2,0,0,0,0,0,,Calle,,ROSARIO,Rosario,Asfalto,S/D,II,S/D,Urbana,S/D,No existe,Intersección,Bueno,Buena,Nocturna,Buen Tiempo,S/D,S/D,Colisión,S/D,Faltante,Ninguna,Sin restricción,POINT (-60.722520575000004 -32.96615135),"['Rivarola', 'Fader']",2,Avenida Doctor Rivarola; Fernando Fader,-32.96615135,-60.722520575,55.0,538.0,Municipio Rosario,Municipio,Rosario,820210,Servicio de Catastro e Información Territorial,IGN
2017,4260,2017-07-17,Lunes,0.0,20:15:00,,0.0,2,"Automóvil,Moto/Ciclomotor",Av. Provincias Unidas Y Av. Pte.Peron,2,2,0,0,0,0,0,,Avenida,,ROSARIO,Rosario,Asfalto,No existe,II,S/D,Urbana,Semáforo,Funciona,Intersección,Bueno,Buena,Atardecer,Buen Tiempo,Lateral,S/D,Colisión,S/D,S/D,Ninguna,S/D,POINT (-60.711466349999995 -32.9679676),"['Avenida Provincias Unidas', 'Avenida Presidente Perón']",2,Avenida Provincias Unidas; Avenida Presidente Perón,-32.9679676,-60.71146635,55.0,538.0,Municipio Rosario,Municipio,Rosario,820210,Servicio de Catastro e Información Territorial,IGN
2017,4261,2017-07-23,Domingo,0.0,14:50:00,,0.0,2,"Moto/Ciclomotor,Moto/Ciclomotor",Rivarola Y C.Larralde,2,2,0,0,0,0,0,,S/D,,ROSARIO,Rosario,Asfalto,No existe,II,S/D,Urbana,Ninguna,No existe,Intersección,Bueno,Buena,Diurna,Buen Tiempo,S/D,S/D,Colisión,S/D,Faltante,Ninguna,Sin restricción,POINT (-60.7260058 -32.9662522),"['Rivarola', 'Larralde']",2,Avenida Doctor Rivarola; Crisologo Larralde,-32.9662522,-60.7260058,55.0,538.0,Municipio Rosario,Municipio,Rosario,820210,Servicio de Catastro e Información Territorial,IGN
2017,4263,2017-04-11,Martes,0.0,,,0.0,2,"Automóvil,Peatón",San Lorenzo Y Av. Ovidio Lagos,4,3,0,0,1,0,0,,Calle,,ROSARIO,Rosario,S/D,S/D,II,Dentro,Urbana,S/D,S/D,Recta,S/D,S/D,Diurna,S/D,S/D,Peatón,Atropello,S/D,S/D,S/D,S/D,POINT (-60.6608722 -32.9399458),"['San Lorenzo', 'Avenida Ovidio Lagos']",2,San Lorenzo; Avenida Ovidio Lagos,-32.9399458,-60.6608722,55.0,538.0,Municipio Rosario,Municipio,Rosario,820210,Servicio de Catastro e Información Territorial,IGN
2017,4271,2017-07-25,Martes,0.0,18:50:00,,0.0,2,"Moto/Ciclomotor,Automóvil",Av. Arijon Y Pueyrredon,2,1,0,0,1,0,0,,Calle,,ROSARIO,Rosario,Asfalto,No existe,II,Dentro,Urbana,Semáforo,Funciona,Intersección,Bueno,Buena,Atardecer,Buen Tiempo,Lateral,S/D,Colisión,Ninguna,Vertical,Línea divisoria pintada,Sin restricción,POINT (-60.6690932 -33.0036395),"['Avenida Manuel Arijón', 'Pueyrredón']",2,Avenida Manuel Arijón; Pueyrredón,-33.0036395,-60.6690932,55.0,538.0,Municipio Rosario,Municipio,Rosario,820210,Servicio de Catastro e Información Territorial,IGN
2017,4272,2017-07-17,Lunes,0.0,19:10:00,,0.0,2,"Moto/Ciclomotor,Automóvil",Lamadrid Y Alvear,3,1,0,0,2,0,0,,Calle,,ROSARIO,Rosario,Asfalto,No existe,II,Dentro,Urbana,Ninguna,No existe,Intersección,Bueno,Buena,Atardecer,Buen Tiempo,Lateral,S/D,Colisión,Ninguna,Faltante,Ninguna,Sin restricción,POINT (-60.6664335 -32.99765310000001),"['Lamadrid', 'Alvear']",2,Gregorio Aráoz de Lamadrid; Alvear,-32.99765310000001,-60.6664335,55.0,538.0,Municipio Rosario,Municipio,Rosario,820210,Servicio de Catastro e Información Territorial,IGN
2017,4273,2017-07-15,Sabado,0.0,9:55:00,,0.0,2,"Moto/Ciclomotor,Automóvil",Av. Ntra.Sra.del Rosario Y España,2,1,0,0,1,0,0,,Calle,,ROSARIO,Rosario,Asfalto,No existe,II,Dentro,Urbana,Ninguna,No existe,Intersección,Bueno,Buena,Diurna,Buen Tiempo,Lateral,S/D,Colisión,Ninguna,Faltante,Ninguna,Sin restricción,POINT (-60.657751399999995 -33.000355199999994),"['Nuestra Señora del Rosario', 'España']",2,Puente Nuestra Señora del Rosario; España,-33.000355199999994,-60.6577514,55.0,538.0,Municipio Rosario,Municipio,Rosario,820210,Servicio de Catastro e Información Territorial,IGN
2017,4274,2017-07-02,Domingo,0.0,12:30:00,,0.0,2,"Automóvil,Moto/Ciclomotor",Bv. Avellaneda Y Gorriti,2,1,0,0,1,0,0,,Calle,,ROSARIO,Rosario,S/D,No existe,II,Dentro,Urbana,Semáforo,Funciona,Intersección,S/D,Buena,Diurna,Buen Tiempo,Lateral,S/D,Colisión,S/D,"Horizontal,Vertical",Ninguna,Sin restricción,POINT (-60.675163999999995 -32.92336300000001),"['Avellaneda', 'Gorriti']",2,Bulevar Nicolás Avellaneda; Gorriti,-32.92336300000001,-60.675164,55.0,538.0,Municipio Rosario,Municipio,Rosario,820210,Servicio de Catastro e Información Territorial,IGN
2017,4275,2017-07-07,Viernes,0.0,17:30:00,,0.0,2,"Moto/Ciclomotor,Automóvil",Florida Y Av. Luis Carballo,2,1,0,0,1,0,0,,Calle,,ROSARIO,Rosario,Asfalto,No existe,II,Dentro,Urbana,Semáforo,Funciona,Intersección,Bueno,S/D,Diurna,Lluvia,Lateral,S/D,Colisión,Agua,"Horizontal,Vertical",S/D,Sin restricción,POINT (-60.68344275 -32.92226555),"['Florida', 'Avenida Doctor Luis Cándido Carballo']",2,Florida; Avenida Doctor Luis Cándido Carballo,-32.92226555,-60.68344275,55.0,538.0,Municipio Rosario,Municipio,Rosario,820210,Servicio de Catastro e Información Territorial,IGN
2017,4276,2017-07-10,Lunes,0.0,8:40:00,,0.0,2,"Automóvil,Moto/Ciclomotor",Albert Sabin Y Bv. Avellaneda,2,1,0,0,1,0,0,,Calle,,ROSARIO,Rosario,Asfalto,No existe,II,Dentro,Urbana,S/D,Funciona,Intersección,S/D,S/D,Diurna,S/D,Lateral,S/D,Colisión,S/D,Horizontal,Barrera de hormigón,Sin restricción,POINT (-60.67658666 -32.9288765),"['Avenida Travesía Albert Sabin', 'Avellaneda']",2,Avenida Travesía Albert Sabin; Bulevar Nicolás Avellaneda,-32.9288765,-60.67658666,55.0,538.0,Municipio Rosario,Municipio,Rosario,820210,Servicio de Catastro e Información Territorial,IGN
2017,4277,2017-07-13,Jueves,0.0,18:15:00,,0.0,2,"Automóvil,Moto/Ciclomotor",Gorriti 1749,2,1,0,0,1,0,0,,Calle,,ROSARIO,Rosario,S/D,No existe,II,Dentro,Urbana,Ninguna,No existe,Recta,S/D,Buena,Diurna,S/D,Lateral,S/D,Colisión,S/D,S/D,Ninguna,Sin restricción,"-32.923746785714286, -60.68815356734694",['Gorriti 1749'],1,Gorriti 1749,-32.923746785714286,-60.68815356734694,55.0,538.0,Municipio Rosario,Municipio,Rosario,820210,Servicio de Catastro e Información Territorial,IGN
2017,4325,2017-07-21,Viernes,0.0,4:30:00,,0.0,2,"Taxi/Remis,Moto/Ciclomotor",Salta Y Crespo,2,1,0,0,1,0,0,,Calle,,ROSARIO,Rosario,Asfalto,No existe,II,S/D,Urbana,Ninguna,S/D,Recta,Bueno,Buena,Nocturna,Otro,S/D,S/D,Colisión,Ninguna,S/D,Ninguna,Sin restricción,POINT (-60.6665068 -32.93408000000001),"['Salta', 'Crespo']",2,Salta; Crespo,-32.93408000000001,-60.6665068,55.0,538.0,Municipio Rosario,Municipio,Rosario,820210,Servicio de Catastro e Información Territorial,IGN
2017,4331,2017-07-22,Sabado,0.0,14:55:00,,0.0,2,"Automóvil,Automóvil",San Lorenzo Y Pueyrredon,5,2,0,0,3,0,0,,Calle,,ROSARIO,Rosario,Asfalto,No existe,II,Dentro,Urbana,Ninguna,No existe,Recta,Bueno,Buena,Diurna,S/D,S/D,S/D,Colisión,Ninguna,Faltante,Ninguna,Sin restricción,POINT (-60.656784 -32.94068089999999),"['San Lorenzo', 'Pueyrredón']",2,San Lorenzo; Pueyrredón,-32.94068089999999,-60.656784,55.0,538.0,Municipio Rosario,Municipio,Rosario,820210,Servicio de Catastro e Información Territorial,IGN
2017,4332,2017-07-25,Martes,0.0,9:00:00,,0.0,2,"Automóvil,Moto/Ciclomotor",Jujuy Y Av. Francia,3,1,0,0,2,0,0,,Calle,,ROSARIO,Rosario,S/D,No existe,II,Dentro,Urbana,S/D,S/D,Recta,S/D,Buena,Diurna,S/D,S/D,S/D,Colisión,S/D,S/D,Ninguna,Sin restricción,POINT (-60.6634714 -32.93337134999999),"['Jujuy', 'Avenida Francia']",2,Jujuy; Avenida Francia,-32.93337134999999,-60.6634714,55.0,538.0,Municipio Rosario,Municipio,Rosario,820210,Servicio de Catastro e Información Territorial,IGN
2017,4333,2017-03-27,Lunes,0.0,8:30:00,,0.0,2,"Moto/Ciclomotor,Automóvil",Tucuman 2400,2,1,0,0,1,0,0,,Calle,,ROSARIO,Rosario,Asfalto,S/D,II,Dentro,Urbana,S/D,S/D,Recta,Bueno,Buena,Diurna,S/D,S/D,S/D,Colisión,Ninguna,Faltante,Ninguna,Sin restricción,"-32.9385833, -60.6546485",['Tucuman 2400'],1,Tucuman 2400,-32.9385833,-60.6546485,55.0,538.0,Municipio Rosario,Municipio,Rosario,820210,Servicio de Catastro e Información Territorial,IGN
2017,4334,2017-07-05,Miercoles,0.0,10:40:00,,0.0,2,"Moto/Ciclomotor,Vehículo Oficial",Av. Ovidio Lagos Y Sanchez de Bustamante,2,1,0,0,1,0,0,,Calle,,ROSARIO,Rosario,Asfalto,No existe,II,Dentro,Urbana,Ninguna,No existe,Recta,Bueno,Buena,Diurna,Buen Tiempo,De alcance,S/D,Colisión,Ninguna,Horizontal,Barrera de hormigón,Sin restricción,POINT (-60.675914750000004 -33.00281285),"['Avenida Ovidio Lagos', 'Sánchez de Bustamante']",2,Avenida Ovidio Lagos; Sánchez de Bustamante,-33.00281285,-60.67591475,55.0,538.0,Municipio Rosario,Municipio,Rosario,820210,Servicio de Catastro e Información Territorial,IGN
2017,4335,2017-07-08,Sabado,0.0,4:00:00,,0.0,2,"Moto/Ciclomotor,Automóvil",Av. Ovidio Lagos Y Av. Ntra.Sra.del Rosario,2,1,0,0,1,0,0,,Calle,,ROSARIO,Rosario,Asfalto,No existe,II,Dentro,Urbana,Semáforo,Funciona,Intersección,Bueno,Buena,Nocturna,Buen Tiempo,Lateral,S/D,Colisión,Ninguna,Horizontal,Barrera de hormigón,Sin restricción,POINT (-60.675538599999996 -33.000907549999994),"['Avenida Ovidio Lagos', 'Nuestra Señora del Rosario']",2,Avenida Ovidio Lagos; Puente Nuestra Señora del Rosario,-33.000907549999994,-60.6755386,55.0,538.0,Municipio Rosario,Municipio,Rosario,820210,Servicio de Catastro e Información Territorial,IGN
2017,4336,2017-07-23,Domingo,0.0,19:55:00,,0.0,2,"Automóvil,Bicicleta",Av. Ovidio Lagos Y Av. Circunvalacion,2,1,0,0,1,0,0,,Calle,,ROSARIO,Rosario,Asfalto,Pavimento,II,Dentro,Urbana,Semáforo,Funciona,Recta,Bueno,Buena,Nocturna,Buen Tiempo,Lateral,Ciclista,Atropello,Ninguna,Vertical,Cordón divisorio,Sin restricción,POINT (-60.67699098957188 -33.00797177001669),"['Avenida Ovidio Lagos', 'Circunvalacion']",2,Avenida Ovidio Lagos; Avenida de Circunvalación 25 de Mayo,-33.00797177001669,-60.67699098957188,55.0,538.0,Municipio Rosario,Municipio,Rosario,820210,Servicio de Catastro e Información Territorial,IGN
2017,4459,2017-04-30,Domingo,0.0,,,0.0,2,"Pickup/Utilitario,Moto/Ciclomotor",Bv. Segui Y Pje. Manantiales,3,1,0,0,2,0,0,,Calle,,ROSARIO,Rosario,S/D,S/D,II,Dentro,Urbana,S/D,S/D,S/D,S/D,S/D,S/D,S/D,S/D,S/D,Colisión,S/D,S/D,S/D,S/D,POINT (-60.6902359 -32.9712969),"['Bulevar Juan Francisco Seguí', 'Manantiales']",2,Bulevar Juan Francisco Seguí; Pasaje Manantiales,-32.9712969,-60.6902359,55.0,538.0,Municipio Rosario,Municipio,Rosario,820210,Servicio de Catastro e Información Territorial,IGN
2017,4722,2017-07-15,Sabado,0.0,18:11:00,,0.0,2,"Automóvil,Automóvil",Av. Francia 200,4,2,0,0,2,0,0,,Calle,,ROSARIO,Rosario,S/D,No existe,II,Dentro,Urbana,Semáforo,Funciona,Recta,S/D,S/D,Nocturna,S/D,Lateral,S/D,Colisión,S/D,"Horizontal,Vertical",S/D,Sin restricción,"-32.9344262, -60.6639338",['Francia 200'],1,Francia 200,-32.9344262,-60.6639338,55.0,538.0,Municipio Rosario,Municipio,Rosario,820210,Servicio de Catastro e Información Territorial,IGN
2017,4723,2017-07-27,Jueves,0.0,18:50:00,,0.0,4,"Automóvil,Automóvil,Automóvil,Automóvil",Bv. Avellaneda ,4,2,0,0,2,0,0,,Calle,,ROSARIO,Rosario,Asfalto,No existe,II,Dentro,Urbana,Semáforo,Funciona,Recta,S/D,S/D,Atardecer,S/D,Múltiple,S/D,Colisión,S/D,"Horizontal,Vertical",Barrera de hormigón,Sin restricción,"-32.9200121, -60.6742638",['Avellaneda'],1,Avellaneda,-32.9200121,-60.6742638,55.0,538.0,Municipio Rosario,Municipio,Rosario,820210,Servicio de Catastro e Información Territorial,IGN
2017,4724,2017-07-18,Martes,0.0,18:00:00,,0.0,2,"Moto/Ciclomotor,Bicicleta",Echeverria Bis Y Av. Central,2,1,1,0,0,0,0,,Calle,,ROSARIO,Rosario,S/D,S/D,II,Dentro,Urbana,S/D,S/D,Intersección,S/D,S/D,Atardecer,S/D,S/D,Ciclista,Atropello,S/D,S/D,S/D,S/D,POINT (-60.67154740000001 -32.929344699999994),"['Echeverría', 'Central']",2,Echeverría; Avenida Centenario Rosario Central,-32.929344699999994,-60.67154740000001,55.0,538.0,Municipio Rosario,Municipio,Rosario,820210,Servicio de Catastro e Información Territorial,IGN
2017,4725,2017-07-07,Viernes,0.0,5:12:00,,0.0,2,"Pickup/Utilitario,Transporte de Pasajeros Larga Distancia (> 8 asientos)",Av. Luis Carballo Y Alberdi,4,0,1,1,2,0,0,,Calle,,ROSARIO,Rosario,Asfalto,No existe,II,Dentro,Urbana,Semáforo,Intermitente,Intersección,Resbaladiza,Buena,Nocturna,Lluvia,Lateral,S/D,Colisión,Agua,"Horizontal,Vertical",S/D,Sin restricción,POINT (-60.68009227500001 -32.922158075),"['Avenida Doctor Luis Cándido Carballo', 'Alberdi']",2,Avenida Doctor Luis Cándido Carballo; Avenida Alberdi,-32.922158075,-60.68009227500001,55.0,538.0,Municipio Rosario,Municipio,Rosario,820210,Servicio de Catastro e Información Territorial,IGN
2017,4726,2017-07-03,Lunes,0.0,18:30:00,,0.0,2,"Automóvil,Moto/Ciclomotor",Bv. Rondeau Y Av. Irigoyen,2,1,0,0,1,0,0,,Calle,,ROSARIO,Rosario,Asfalto,Pavimento,II,Dentro,Urbana,Ninguna,No existe,Intersección,Bueno,Buena,Atardecer,Buen Tiempo,De alcance,S/D,Colisión,Ninguna,Faltante,Vegetación,Sin restricción,POINT (-60.695452875 -32.884458699999996),"['Rondeau', 'Avenida Hipólito Irigoyen']",2,Bulevar General José Rondeau; Avenida Hipólito Irigoyen,-32.8844587,-60.695452875,55.0,538.0,Municipio Rosario,Municipio,Rosario,820210,Servicio de Catastro e Información Territorial,IGN