anio_acci,nro_acci,fecha,desc_dia,fecha_aprox,hora_aprox,desc_ruta,km,cant_participantes,desc_participante,calle_avenida_km,total,heridos_leves,heridos_graves,heridos_gravisimos,ilesos,fallecidos,sin_datos,posicion_XY,desc_tipo_via,desc_ruta_ori,desc_loc,desc_dpto,desc_tipo_calzada,desc_tipo_banquina,desc_unidad_regional,desc_lugar_calzada,desc_zona,desc_prioridad,desc_estado_semaforo,desc_lugar_via,desc_estado_via,desc_estado_visibilidad,desc_luminosidad,desc_estado_clima,desc_tipo_colision,desc_tipo_atropello,desc_tipo_hecho,desc_pres_calzada,desc_senializacion,desc_separacion_via,desc_restriccion,forma_geocod,calle_lista,numero_calles,calles_osm,lat,lon,index_right,gid,fna,gna,nam,in1,fdc,sag
2017,4727,2017-07-12,Miercoles,0.0,14:42:00,,0.0,2,"Bicicleta,Pickup/Utilitario",Warnes 2300,2,0,1,0,1,0,0,,Calle,,ROSARIO,Rosario,Asfalto,No existe,II,Dentro,Urbana,Ninguna,No existe,Recta,Bueno,Buena,Diurna,Buen Tiempo,S/D,Ciclista,Atropello,Ninguna,Faltante,Ninguna,Sin restricción,"-32.8917504, -60.6946981",['Warnes 2300'],1,Warnes 2300,-32.8917504,-60.6946981,55.0,538.0,Municipio Rosario,Municipio,Rosario,820210,Servicio de Catastro e Información Territorial,IGN
2017,4728,2017-07-16,Domingo,0.0,5:00:00,,0.0,2,"Taxi/Remis,Moto/Ciclomotor",Bv. Rondeau Y Ricardo Nuñez,4,2,0,0,2,0,0,,Calle,,ROSARIO,Rosario,Asfalto,Pavimento,II,Dentro,Urbana,Ninguna,Funciona,Intersección,Bueno,Buena,Nocturna,Buen Tiempo,De alcance,S/D,Colisión,Ninguna,Faltante,Barrera de hormigón,Sin restricción,POINT (-60.69541701428572 -32.88466172857143),"['Rondeau', 'Ricardo Nuñez']",2,Bulevar General José Rondeau; Ricardo Nuñez,-32.88466172857143,-60.69541701428572,55.0,538.0,Municipio Rosario,Municipio,Rosario,820210,Servicio de Catastro e Información Territorial,IGN
2017,4729,2017-07-15,Sabado,0.0,15:30:00,,0.0,2,"Moto/Ciclomotor,Pickup/Utilitario",Bv. Oroño Y Av. Arijon,2,1,0,0,1,0,0,,Calle,,ROSARIO,Rosario,Asfalto,No existe,II,Dentro,Urbana,Semáforo,Funciona,Intersección,Bueno,Buena,Diurna,Buen Tiempo,Lateral,S/D,Colisión,Ninguna,Vertical,Cordón divisorio,Sin restricción,POINT (-60.6650193 -33.003540599999994),"['Bulevar Nicasio Oroño', 'Avenida Manuel Arijón']",2,Bulevar Nicasio Oroño; Avenida Manuel Arijón,-33.003540599999994,-60.6650193,55.0,538.0,Municipio Rosario,Municipio,Rosario,820210,Servicio de Catastro e Información Territorial,IGN
2017,4730,2017-07-13,Jueves,0.0,10:45:00,,0.0,2,"Transporte de Pasajeros Urbano (> 8 asientos),Automóvil",San Martin Y Av. Circunvalacion,2,1,0,0,1,0,0,,Calle,,ROSARIO,Rosario,Asfalto,No existe,II,Dentro,Urbana,Ninguna,S/D,Intersección,Bueno,Buena,Diurna,Buen Tiempo,De alcance,S/D,Colisión,Ninguna,Faltante,Ninguna,Sin restricción,POINT (-60.64178307863883 -33.0158888269654),"['San Martin', 'Circunvalacion']",2,José de San Martín; Avenida de Circunvalación 25 de Mayo,-33.0158888269654,-60.64178307863883,55.0,538.0,Municipio Rosario,Municipio,Rosario,820210,Servicio de Catastro e Información Territorial,IGN
2017,4731,2017-07-08,Sabado,0.0,21:45:00,,0.0,2,"Taxi/Remis,Moto/Ciclomotor",Pte.Roca Y Pje. Riachuelo,4,0,1,0,3,0,0,,Calle,,ROSARIO,Rosario,Asfalto,No existe,II,Dentro,Urbana,Ninguna,No existe,Intersección,Bueno,Buena,"Nocturna,Con luz artificial",S/D,Lateral,S/D,Colisión,Ninguna,Faltante,Cordón divisorio,Sin restricción,POINT (-60.656133800000006 -33.00386439999998),"['Roca', 'Riachuelo']",2,Presidente Roca; Riachuelo,-33.00386439999998,-60.656133800000006,55.0,538.0,Municipio Rosario,Municipio,Rosario,820210,Servicio de Catastro e Información Territorial,IGN
2017,4732,2017-07-21,Viernes,0.0,20:00:00,,0.0,2,"Moto/Ciclomotor,Automóvil",Av. Corrientes Y Padre R. Giaccone,3,2,0,0,1,0,0,,Calle,,ROSARIO,Rosario,Asfalto,No existe,II,Dentro,Urbana,Ninguna,No existe,Intersección,Bueno,Buena,Nocturna,Buen Tiempo,Lateral,S/D,Colisión,Ninguna,Faltante,Cordón divisorio,Sin restricción,POINT (-60.65302199999999 -33.008094299999996),"['Corrientes', 'Padre R. Giaccone']",2,Corrientes; Padre R. Giaccone,-33.0080943,-60.65302199999999,55.0,538.0,Municipio Rosario,Municipio,Rosario,820210,Servicio de Catastro e Información Territorial,IGN
2017,4736,2017-07-04,Martes,0.0,20:00:00,,0.0,2,"Pickup/Utilitario,Moto/Ciclomotor",Av. Battle y Ordoñez Y Paraguay,3,1,0,0,2,0,0,,Calle,,ROSARIO,Rosario,Asfalto,No existe,II,Dentro,Urbana,Ninguna,No existe,Intersección,Bueno,Buena,Nocturna,Buen Tiempo,Lateral,S/D,Colisión,Ninguna,Horizontal,Cordón divisorio,Sin restricción,POINT (-60.65444640000001 -33.0090283),"['Avenida Battle y Ordoñez', 'Paraguay']",2,Avenida Battle y Ordoñez; Paraguay,-33.0090283,-60.65444640000001,55.0,538.0,Municipio Rosario,Municipio,Rosario,820210,Servicio de Catastro e Información Territorial,IGN
2017,4737,2017-07-05,Miercoles,0.0,8:00:00,,0.0,2,"Transporte de Pasajeros Urbano (> 8 asientos),Bicicleta",San Martin 7300,2,1,0,0,1,0,0,,Calle,,ROSARIO,Rosario,Asfalto,No existe,II,Dentro,Urbana,Ninguna,No existe,Recta,Bueno,Buena,Diurna,Buen Tiempo,Lateral,S/D,Colisión,Ninguna,Faltante,Ninguna,Sin restricción,"-32.9764777, -60.6372639",['San Martin 7300'],1,San Martin 7300,-32.9764777,-60.6372639,55.0,538.0,Municipio Rosario,Municipio,Rosario,820210,Servicio de Catastro e Información Territorial,IGN
2017,4739,2017-07-10,Lunes,0.0,15:00:00,,0.0,2,"Automóvil,Moto/Ciclomotor",Av. Battle y Ordoñez Y Laprida,3,2,0,0,1,0,0,,Calle,,ROSARIO,Rosario,Asfalto,No existe,II,Dentro,Urbana,Semáforo,Funciona,Intersección,Bueno,Buena,Diurna,Buen Tiempo,De alcance,S/D,Colisión,Ninguna,Vertical,Ninguna,Sin restricción,POINT (-60.64674879999999 -33.00887749999998),"['Avenida Battle y Ordoñez', 'Laprida']",2,Avenida Battle y Ordoñez; Francisco Narciso Laprida,-33.00887749999998,-60.64674879999999,55.0,538.0,Municipio Rosario,Municipio,Rosario,820210,Servicio de Catastro e Información Territorial,IGN
2017,4767,2017-07-01,Sabado,0.0,,,0.0,2,"Pickup/Utilitario,Peatón",Rivarola 8000,2,1,0,0,1,0,0,,Calle,,ROSARIO,Rosario,Asfalto,S/D,II,Dentro,Urbana,Ninguna,No existe,Intersección,Bueno,Buena,Atardecer,Buen Tiempo,S/D,Peatón,Atropello,Ninguna,S/D,Ninguna,Sin restricción,"-32.9920624, -60.6278173",['Rivarola 8000'],1,Rivarola 8000,-32.9920624,-60.6278173,55.0,538.0,Municipio Rosario,Municipio,Rosario,820210,Servicio de Catastro e Información Territorial,IGN
2017,4774,2017-05-07,Domingo,0.0,,,0.0,2,"Automóvil,Moto/Ciclomotor",Montevideo Y Iriondo,3,2,0,0,1,0,0,,Calle,,ROSARIO,Rosario,S/D,S/D,II,S/D,S/D,S/D,S/D,S/D,S/D,S/D,S/D,S/D,S/D,S/D,Colisión,S/D,S/D,S/D,S/D,POINT (-60.6720567 -32.9505233),"['Montevideo', 'Iriondo']",2,Montevideo; Iriondo,-32.9505233,-60.6720567,55.0,538.0,Municipio Rosario,Municipio,Rosario,820210,Servicio de Catastro e Información Territorial,IGN
2017,4794,2017-07-14,Viernes,0.0,19:40:00,,0.0,5,"Pickup/Utilitario,Automóvil,Automóvil,Bicicleta,Automóvil",Rivarola Y Benitez,8,3,0,0,5,0,0,,Calle,,ROSARIO,Rosario,Asfalto,No existe,II,Dentro,Urbana,Semáforo,Funciona,Intersección,Bueno,S/D,Nocturna,Buen Tiempo,Múltiple,S/D,Colisión,S/D,Faltante,Ninguna,Sin restricción,POINT (-60.72022135 -32.96605805),"['Rivarola', 'Benitez']",2,Avenida Doctor Rivarola; Benitez,-32.96605805,-60.72022135,55.0,538.0,Municipio Rosario,Municipio,Rosario,820210,Servicio de Catastro e Información Territorial,IGN
2017,4960,2017-05-24,Miercoles,0.0,,,0.0,2,"Moto/Ciclomotor,Automóvil",Rivarola Y Av. Provincias Unidas,2,1,0,0,1,0,0,,Avenida,,ROSARIO,Rosario,S/D,S/D,II,S/D,S/D,S/D,S/D,S/D,S/D,S/D,S/D,S/D,S/D,S/D,Colisión,S/D,S/D,S/D,S/D,POINT (-60.71157050000001 -32.965788749999994),"['Rivarola', 'Avenida Provincias Unidas']",2,Avenida Doctor Rivarola; Avenida Provincias Unidas,-32.965788749999994,-60.71157050000001,55.0,538.0,Municipio Rosario,Municipio,Rosario,820210,Servicio de Catastro e Información Territorial,IGN
2017,4978,2017-05-31,Miercoles,0.0,,,0.0,2,"Moto/Ciclomotor,Automóvil",Garzon Y Bv. Segui,2,1,0,0,1,0,0,,Calle,,ROSARIO,Rosario,S/D,S/D,II,S/D,S/D,S/D,S/D,S/D,S/D,S/D,S/D,S/D,S/D,S/D,Colisión,S/D,S/D,S/D,S/D,POINT (-60.70447655 -32.97085324999999),"['Garzón', 'Bulevar Juan Francisco Seguí']",2,Garzón; Bulevar Juan Francisco Seguí,-32.97085324999999,-60.70447655,55.0,538.0,Municipio Rosario,Municipio,Rosario,820210,Servicio de Catastro e Información Territorial,IGN
2017,4979,2017-05-31,Miercoles,0.0,23:30:00,,0.0,2,"Pickup/Utilitario,Peatón",Callao 1370,2,1,0,0,1,0,0,,Calle,,ROSARIO,Rosario,S/D,S/D,II,S/D,S/D,S/D,S/D,S/D,S/D,S/D,Nocturna,S/D,S/D,Peatón,Atropello,S/D,S/D,S/D,S/D,"-32.949554924489796, -60.66196992653061",['Callao 1370'],1,Callao 1370,-32.9495549244898,-60.66196992653061,55.0,538.0,Municipio Rosario,Municipio,Rosario,820210,Servicio de Catastro e Información Territorial,IGN
2017,5032,2017-07-22,Sabado,0.0,3:45:00,,0.0,2,"Moto/Ciclomotor,Automóvil",Ayacucho Y Cabildo,2,1,0,0,1,0,0,,Calle,,ROSARIO,Rosario,Asfalto,No existe,II,Dentro,Urbana,Ninguna,No existe,Intersección,Bueno,S/D,Nocturna,Buen Tiempo,Lateral,S/D,Colisión,Ninguna,S/D,Barrera de hormigón,Sin restricción,POINT (-60.63585260000001 -33.00696889999999),"['Ayacucho', 'Cabildo']",2,Ayacucho; Cabildo,-33.00696889999999,-60.63585260000001,55.0,538.0,Municipio Rosario,Municipio,Rosario,820210,Servicio de Catastro e Información Territorial,IGN
2017,5033,2017-07-22,Sabado,0.0,12:00:00,,0.0,2,"Moto/Ciclomotor,Automóvil",Hilarion de la Quintana Y F.Malaponte,2,1,0,0,1,0,0,,Calle,,ROSARIO,Rosario,Asfalto,No existe,II,Dentro,Urbana,Ninguna,No existe,Intersección,Bueno,Buena,Diurna,Buen Tiempo,Lateral,S/D,Colisión,Ninguna,Faltante,Ninguna,Sin restricción,POINT (-60.62607750000001 -33.00023709999999),"['Hilarión de la Quintana', 'Malaponte']",2,Hilarión de la Quintana; Doctor Eugenio Malaponte,-33.00023709999999,-60.62607750000001,55.0,538.0,Municipio Rosario,Municipio,Rosario,820210,Servicio de Catastro e Información Territorial,IGN
2017,5034,2017-07-29,Sabado,0.0,11:30:00,,0.0,2,"Moto/Ciclomotor,Automóvil",Av. Circunvalacion ,2,1,0,0,1,0,0,,Calle,,ROSARIO,Rosario,Asfalto,No existe,II,Dentro,Urbana,Ninguna,No existe,Intersección,Bueno,Buena,Diurna,Buen Tiempo,Lateral,S/D,Colisión,Ninguna,Faltante,Guardarrail,Sin restricción,"-32.9954148, -60.6940772",['Circunvalacion'],1,Circunvalacion,-32.9954148,-60.6940772,55.0,538.0,Municipio Rosario,Municipio,Rosario,820210,Servicio de Catastro e Información Territorial,IGN
2017,5035,2017-07-05,Miercoles,0.0,20:00:00,,0.0,2,"Moto/Ciclomotor,Automóvil",Laprida Y Ituzaingo,3,1,0,0,2,0,0,,Calle,,ROSARIO,Rosario,Asfalto,No existe,II,Dentro,Urbana,S/D,S/D,Intersección,Bueno,Buena,"Nocturna,Con luz artificial",Buen Tiempo,S/D,S/D,Colisión,Ninguna,S/D,S/D,Sin restricción,POINT (-60.6378573 -32.961426),"['Laprida', 'Ituzaingó']",2,Francisco Narciso Laprida; Ituzaingó,-32.961426,-60.6378573,55.0,538.0,Municipio Rosario,Municipio,Rosario,820210,Servicio de Catastro e Información Territorial,IGN
2017,5036,2017-07-07,Viernes,0.0,9:30:00,,0.0,2,"Moto/Ciclomotor,Automóvil",Ocampo Y Ayacucho,3,2,0,0,1,0,0,,Calle,,ROSARIO,Rosario,Asfalto,No existe,II,Dentro,Urbana,Ninguna,S/D,Intersección,Bueno,Buena,Diurna,Buen Tiempo,S/D,S/D,Colisión,Ninguna,S/D,S/D,Sin restricción,POINT (-60.6319408 -32.9684595),"['Ocampo', 'Ayacucho']",2,Ocampo; Ayacucho,-32.9684595,-60.6319408,55.0,538.0,Municipio Rosario,Municipio,Rosario,820210,Servicio de Catastro e Información Territorial,IGN
2017,5037,2017-07-07,Viernes,0.0,6:00:00,,0.0,2,"Automóvil,Moto/Ciclomotor",Bv. 27 De Febrero Y L.N.Alem,2,1,0,0,1,0,0,,Calle,,ROSARIO,Rosario,Asfalto,No existe,II,Dentro,Urbana,Semáforo,Intermitente,Intersección,Bueno,Buena,"Diurna,Con luz artificial",Buen Tiempo,S/D,S/D,Colisión,Ninguna,Vertical,S/D,Sin restricción,POINT (-60.63361105 -32.96936275),"['27 de Febrero', 'Alem']",2,Bulevar 27 de Febrero; Leandro N. Alem,-32.96936275,-60.63361105,55.0,538.0,Municipio Rosario,Municipio,Rosario,820210,Servicio de Catastro e Información Territorial,IGN
2017,5038,2017-07-11,Martes,0.0,15:50:00,,0.0,2,"Automóvil,Moto/Ciclomotor",Buenos Aires Y Bv. 27 De Febrero,2,1,0,0,1,0,0,,Calle,,ROSARIO,Rosario,Asfalto,No existe,II,Dentro,Urbana,Ninguna,No existe,Intersección,Bueno,Buena,Diurna,Buen Tiempo,S/D,S/D,Colisión,Ninguna,S/D,S/D,Sin restricción,POINT (-60.638013349999994 -32.9685675),"['Buenos Aires', '27 de Febrero']",2,Buenos Aires; Bulevar 27 de Febrero,-32.9685675,-60.63801335,55.0,538.0,Municipio Rosario,Municipio,Rosario,820210,Servicio de Catastro e Información Territorial,IGN
2017,5039,2017-07-18,Martes,0.0,11:40:00,,0.0,2,"Automóvil,Pickup/Utilitario",Chacabuco Y Bv. 27 De Febrero,2,1,0,0,1,0,0,,Calle,,ROSARIO,Rosario,Asfalto,No existe,II,Dentro,Urbana,Ninguna,S/D,Intersección,Bueno,Buena,Diurna,Buen Tiempo,S/D,S/D,Colisión,Ninguna,S/D,S/D,Sin restricción,POINT (-60.6281393 -32.97034194999999),"['Chacabuco', '27 de Febrero']",2,Chacabuco; Bulevar 27 de Febrero,-32.97034194999999,-60.6281393,55.0,538.0,Municipio Rosario,Municipio,Rosario,820210,Servicio de Catastro e Información Territorial,IGN
2017,5040,2017-07-18,Martes,0.0,8:10:00,,0.0,2,"Taxi/Remis,Bicicleta",J.M.de Rosas Y Ocampo,2,1,0,0,1,0,0,,Calle,,ROSARIO,Rosario,Asfalto,No existe,II,Dentro,Urbana,S/D,S/D,Intersección,Bueno,Buena,Diurna,Buen Tiempo,S/D,Ciclista,Atropello,Ninguna,S/D,S/D,Sin restricción,POINT (-60.6363023 -32.9676855),"['De Rosas', 'Ocampo']",2,Juan Manuel de Rosas; Ocampo,-32.9676855,-60.6363023,55.0,538.0,Municipio Rosario,Municipio,Rosario,820210,Servicio de Catastro e Información Territorial,IGN
2017,5043,2017-07-23,Domingo,0.0,21:45:00,,0.0,2,"Moto/Ciclomotor,Automóvil",3 De Febrero Y Bv. Oroño,3,1,0,0,2,0,0,,Calle,,ROSARIO,Rosario,Asfalto,Pavimento,II,Dentro,Urbana,Semáforo,Funciona,Recta,Bueno,Buena,Nocturna,Buen Tiempo,Lateral,S/D,Colisión,Ninguna,"Horizontal,Vertical",Línea divisoria pintada,Sin restricción,POINT (-60.654906749999995 -32.950095049999995),"['3 de Febrero', 'Bulevar Nicasio Oroño']",2,3 de Febrero; Bulevar Nicasio Oroño,-32.950095049999995,-60.65490675,55.0,538.0,Municipio Rosario,Municipio,Rosario,820210,Servicio de Catastro e Información Territorial,IGN
2017,5044,2017-07-17,Lunes,0.0,17:10:00,,0.0,2,"Moto/Ciclomotor,Automóvil",Bv. 27 De Febrero Y Entre Rios,2,1,0,0,1,0,0,,Calle,,ROSARIO,Rosario,Asfalto,No existe,II,Dentro,Urbana,Ninguna,Funciona,Intersección,Bueno,Buena,Diurna,Buen Tiempo,Lateral,S/D,Colisión,Ninguna,Vertical,Cordón divisorio,Sin restricción,POINT (-60.64626885000001 -32.967096450000014),"['27 de Febrero', 'Entre Ríos']",2,Bulevar 27 de Febrero; Entre Ríos,-32.967096450000014,-60.64626885000001,55.0,538.0,Municipio Rosario,Municipio,Rosario,820210,Servicio de Catastro e Información Territorial,IGN
2017,5045,2017-07-08,Sabado,0.0,21:50:00,,0.0,2,"Moto/Ciclomotor,Automóvil",Hilarion de la Quintana Y Av. Castro Barros,2,1,0,0,1,0,0,,Calle,,ROSARIO,Rosario,Asfalto,No existe,II,Dentro,Urbana,Ninguna,No existe,Intersección,Bueno,Buena,Nocturna,Buen Tiempo,Lateral,S/D,Colisión,Ninguna,Faltante,Ninguna,Sin restricción,POINT (-60.6295315 -33.000344999999996),"['Hilarión de la Quintana', 'Castro Barros']",2,Hilarión de la Quintana; Avenida Pedro de Castro Barros,-33.000345,-60.6295315,55.0,538.0,Municipio Rosario,Municipio,Rosario,820210,Servicio de Catastro e Información Territorial,IGN
2017,5046,2017-07-16,Domingo,0.0,23:50:00,,0.0,2,"Moto/Ciclomotor,Automóvil",Av. Castro Barros Y Av. Ntra.Sra.del Rosario,2,1,0,0,1,0,0,,Calle,,ROSARIO,Rosario,Asfalto,No existe,II,Dentro,Urbana,Ninguna,No existe,Intersección,Bueno,Buena,Nocturna,Buen Tiempo,Lateral,S/D,Colisión,Ninguna,Faltante,Ninguna,Sin restricción,POINT (-60.6295565 -32.9993333),"['Castro Barros', 'Nuestra Señora del Rosario']",2,Avenida Pedro de Castro Barros; Puente Nuestra Señora del Rosario,-32.9993333,-60.6295565,55.0,538.0,Municipio Rosario,Municipio,Rosario,820210,Servicio de Catastro e Información Territorial,IGN
2017,5047,2017-07-24,Lunes,0.0,9:15:00,,0.0,2,"Moto/Ciclomotor,Taxi/Remis",Cordoba Y Mariano Moreno,2,1,0,0,1,0,0,,Calle,,ROSARIO,Rosario,Asfalto,Pavimento,II,Dentro,Urbana,Señal Pare,No existe,Recta,Bueno,Buena,Diurna,Buen Tiempo,Lateral,S/D,Colisión,Ninguna,Vertical,Línea divisoria pintada,Sin restricción,POINT (-60.650609200000005 -32.944206400000006),"['Córdoba', 'Mariano Moreno']",2,Córdoba; Mariano Moreno,-32.944206400000006,-60.650609200000005,55.0,538.0,Municipio Rosario,Municipio,Rosario,820210,Servicio de Catastro e Información Territorial,IGN
2017,5049,2017-07-24,Lunes,0.0,5:50:00,,0.0,2,"Automóvil,Automóvil",Mendoza Y Buenos Aires,3,1,0,0,2,0,0,,Calle,,ROSARIO,Rosario,Asfalto,Pavimento,II,Dentro,Urbana,Semáforo,Funciona,Recta,Bueno,Buena,Nocturna,Buen Tiempo,Lateral,S/D,Colisión,Ninguna,"Horizontal,Vertical",Ninguna,Sin restricción,POINT (-60.6339667 -32.952472600000014),"['Mendoza', 'Buenos Aires']",2,Mendoza; Buenos Aires,-32.952472600000014,-60.6339667,55.0,538.0,Municipio Rosario,Municipio,Rosario,820210,Servicio de Catastro e Información Territorial,IGN
2017,5050,2017-07-24,Lunes,0.0,17:35:00,,0.0,2,"Peatón,Automóvil",Jujuy Y Pte.Roca,2,1,0,0,1,0,0,,Calle,,ROSARIO,Rosario,Asfalto,Pavimento,II,Dentro,Urbana,Marca Vial,No existe,Recta,Bueno,Buena,Diurna,Buen Tiempo,S/D,Peatón,Atropello,Ninguna,Horizontal,Cordón divisorio,Sin restricción,POINT (-60.64306650000001 -32.93700309999999),"['Jujuy', 'Roca']",2,Jujuy; Presidente Roca,-32.93700309999999,-60.64306650000001,55.0,538.0,Municipio Rosario,Municipio,Rosario,820210,Servicio de Catastro e Información Territorial,IGN
2017,5051,2017-07-27,Jueves,0.0,13:00:00,,0.0,2,"Moto/Ciclomotor,Automóvil",Italia Y Santa Fe,2,1,0,0,1,0,0,,Calle,,ROSARIO,Rosario,Asfalto,Pavimento,II,Dentro,Urbana,Ninguna,Funciona,Recta,Bueno,Buena,Diurna,Buen Tiempo,Lateral,S/D,Colisión,Ninguna,Vertical,Ninguna,Sin restricción,POINT (-60.6475241 -32.94334839999999),"['Italia', 'Santa Fe']",2,Italia; Santa Fe,-32.94334839999999,-60.6475241,55.0,538.0,Municipio Rosario,Municipio,Rosario,820210,Servicio de Catastro e Información Territorial,IGN
2017,5052,2017-07-26,Miercoles,0.0,14:50:00,,0.0,2,"Moto/Ciclomotor,Moto/Ciclomotor",San Lorenzo Y Laprida,2,1,0,0,1,0,0,,Calle,,ROSARIO,Rosario,Asfalto,Pavimento,II,Dentro,Urbana,Marca Vial,No existe,Recta,Bueno,Buena,Diurna,Buen Tiempo,Lateral,S/D,Colisión,Ninguna,Horizontal,Línea divisoria pintada,Sin restricción,POINT (-60.633347300000004 -32.94601589999999),"['San Lorenzo', 'Laprida']",2,San Lorenzo; Francisco Narciso Laprida,-32.94601589999999,-60.6333473,55.0,538.0,Municipio Rosario,Municipio,Rosario,820210,Servicio de Catastro e Información Territorial,IGN
2017,5053,2017-07-24,Lunes,0.0,15:00:00,,0.0,2,"Automóvil,Peatón",San Luis Y Pte.Roca,2,1,0,0,1,0,0,,Calle,,ROSARIO,Rosario,Asfalto,Pavimento,II,Dentro,Urbana,Marca Vial,No existe,Recta,Bueno,Buena,Diurna,Buen Tiempo,S/D,Peatón,Atropello,Ninguna,Vertical,Línea divisoria pintada,Sin restricción,POINT (-60.6457427 -32.9477862),"['San Luis', 'Roca']",2,San Luis; Presidente Roca,-32.9477862,-60.6457427,55.0,538.0,Municipio Rosario,Municipio,Rosario,820210,Servicio de Catastro e Información Territorial,IGN
2017,5054,2017-07-28,Viernes,0.0,2:56:00,,0.0,2,"Automóvil,Taxi/Remis",Bv. Oroño Y San Luis,2,2,0,0,0,0,0,,Calle,,ROSARIO,Rosario,Asfalto,Pavimento,II,Dentro,Urbana,Semáforo,No funciona,Recta,Bueno,Buena,Nocturna,Buen Tiempo,Frontal,S/D,Colisión,Ninguna,Vertical,Cordón divisorio,Sin restricción,POINT (-60.6539474 -32.946329600000006),"['Bulevar Nicasio Oroño', 'San Luis']",2,Bulevar Nicasio Oroño; San Luis,-32.946329600000006,-60.6539474,55.0,538.0,Municipio Rosario,Municipio,Rosario,820210,Servicio de Catastro e Información Territorial,IGN
2017,5056,2017-07-29,Sabado,0.0,0:55:00,,0.0,2,"Bicicleta,Automóvil",Montevideo Y Santiago,3,1,0,0,2,0,0,,Calle,,ROSARIO,Rosario,Asfalto,Pavimento,II,Dentro,Urbana,Ninguna,No existe,Recta,Bueno,Buena,Nocturna,Buen Tiempo,S/D,Ciclista,Atropello,Ninguna,Horizontal,Línea divisoria pintada,Sin restricción,POINT (-60.6584724 -32.95294310000001),"['Montevideo', 'Santiago']",2,Montevideo; Santiago,-32.95294310000001,-60.6584724,55.0,538.0,Municipio Rosario,Municipio,Rosario,820210,Servicio de Catastro e Información Territorial,IGN
2017,5058,2017-07-08,Sabado,0.0,1:50:00,,0.0,2,"Taxi/Remis,Automóvil",Colon Y E.Zeballos,4,2,0,0,2,0,0,,Calle,,ROSARIO,Rosario,Asfalto,S/D,II,Dentro,Urbana,Paso Peatonal,No existe,Recta,Bueno,Reducida,"Nocturna,Con luz artificial",Buen Tiempo,Lateral,S/D,Colisión,Ninguna,Horizontal,Ninguna,Sin restricción,POINT (-60.627751800000006 -32.9573933),"['Colon', 'Zeballos']",2,Cristóbal Colón; Zeballos,-32.9573933,-60.627751800000006,55.0,538.0,Municipio Rosario,Municipio,Rosario,820210,Servicio de Catastro e Información Territorial,IGN
2017,5059,2017-07-09,Domingo,0.0,7:40:00,,0.0,2,"Moto/Ciclomotor,Taxi/Remis",Santa Fe Y Pte.Roca,2,1,0,0,1,0,0,,Calle,,ROSARIO,Rosario,Asfalto,Pavimento,II,Dentro,Urbana,Semáforo,Funciona,Recta,Bueno,Buena,Diurna,Buen Tiempo,Lateral,S/D,Colisión,Ninguna,Horizontal,Ninguna,Sin restricción,POINT (-60.644754 -32.9438641),"['Santa Fe', 'Roca']",2,Santa Fe; Presidente Roca,-32.9438641,-60.644754,55.0,538.0,Municipio Rosario,Municipio,Rosario,820210,Servicio de Catastro e Información Territorial,IGN
2017,5060,2017-07-11,Martes,0.0,18:25:00,,0.0,2,"Peatón,Moto/Ciclomotor",Av. Corrientes 800,2,1,0,0,1,0,0,,Calle,,ROSARIO,Rosario,Asfalto,Pavimento,II,Dentro,Urbana,Ninguna,Funciona,Recta,Bueno,Buena,Diurna,Buen Tiempo,S/D,Peatón,Atropello,Ninguna,Horizontal,Línea divisoria pintada,Sin restricción,"-32.9456142, -60.6423577",['Corrientes 800'],1,Corrientes 800,-32.9456142,-60.6423577,55.0,538.0,Municipio Rosario,Municipio,Rosario,820210,Servicio de Catastro e Información Territorial,IGN
2017,5061,2017-07-12,Miercoles,0.0,13:50:00,,0.0,2,"Bicicleta,Automóvil",Entre Rios Y San Luis,2,1,0,0,1,0,0,,Calle,,ROSARIO,Rosario,Asfalto,Pavimento,II,Dentro,Urbana,Semáforo,Funciona,Recta,Bueno,Buena,Diurna,Buen Tiempo,S/D,Ciclista,Atropello,Ninguna,Vertical,Cordón divisorio,Sin restricción,POINT (-60.6415602 -32.9485507),"['Entre Ríos', 'San Luis']",2,Entre Ríos; San Luis,-32.9485507,-60.6415602,55.0,538.0,Municipio Rosario,Municipio,Rosario,820210,Servicio de Catastro e Información Territorial,IGN
2017,5062,2017-07-13,Jueves,0.0,16:40:00,,0.0,2,"Moto/Ciclomotor,Automóvil",Balcarce Y Salta,3,1,0,0,2,0,0,,Calle,,ROSARIO,Rosario,Asfalto,Pavimento,II,Dentro,Urbana,S/D,No existe,Intersección,Bueno,Buena,Diurna,Buen Tiempo,S/D,S/D,Colisión,Ninguna,Horizontal,S/D,Sin restricción,POINT (-60.6501714 -32.936959299999984),"['Balcarce', 'Salta']",2,Balcarce; Salta,-32.936959299999984,-60.6501714,55.0,538.0,Municipio Rosario,Municipio,Rosario,820210,Servicio de Catastro e Información Territorial,IGN