anio_acci,nro_acci,fecha,desc_dia,fecha_aprox,hora_aprox,desc_ruta,km,cant_participantes,desc_participante,calle_avenida_km,total,heridos_leves,heridos_graves,heridos_gravisimos,ilesos,fallecidos,sin_datos,posicion_XY,desc_tipo_via,desc_ruta_ori,desc_loc,desc_dpto,desc_tipo_calzada,desc_tipo_banquina,desc_unidad_regional,desc_lugar_calzada,desc_zona,desc_prioridad,desc_estado_semaforo,desc_lugar_via,desc_estado_via,desc_estado_visibilidad,desc_luminosidad,desc_estado_clima,desc_tipo_colision,desc_tipo_atropello,desc_tipo_hecho,desc_pres_calzada,desc_senializacion,desc_separacion_via,desc_restriccion,forma_geocod,calle_lista,numero_calles,calles_osm,lat,lon,index_right,gid,fna,gna,nam,in1,fdc,sag
2017,5066,2017-05-02,Martes,0.0,,,0.0,2,"Automóvil,Automóvil",Av. Corrientes Y Av. Uriburu,2,1,0,0,1,0,0,,Calle,,ROSARIO,Rosario,S/D,S/D,II,Dentro,Urbana,S/D,S/D,Intersección,S/D,S/D,S/D,S/D,S/D,S/D,Colisión,S/D,S/D,S/D,S/D,POINT (-60.653706549999995 -32.99091685),"['Corrientes', 'Uriburu']",2,Corrientes; Avenida José Uriburu,-32.99091685,-60.65370655,55.0,538.0,Municipio Rosario,Municipio,Rosario,820210,Servicio de Catastro e Información Territorial,IGN
2017,5070,2017-07-15,Sabado,0.0,22:35:00,,0.0,2,"Moto/Ciclomotor,Moto/Ciclomotor",Av. Pellegrini Y Dorrego,2,2,0,0,0,0,0,,Avenida,,ROSARIO,Rosario,Asfalto,Pavimento,II,Dentro,Urbana,Semáforo,Funciona,Recta,Bueno,Buena,Nocturna,Buen Tiempo,Lateral,S/D,Colisión,Ninguna,Horizontal,Cordón divisorio,Sin restricción,POINT (-60.6519337 -32.95532245),"['Pellegrini', 'Dorrego']",2,Avenida Carlos Pellegrini; Manuel Dorrego,-32.95532245,-60.6519337,55.0,538.0,Municipio Rosario,Municipio,Rosario,820210,Servicio de Catastro e Información Territorial,IGN
2017,5071,2017-07-15,Sabado,0.0,4:00:00,,0.0,2,"Moto/Ciclomotor,Taxi/Remis",E.Zeballos Y Dorrego,4,2,0,0,2,0,0,,Calle,,ROSARIO,Rosario,Asfalto,Pavimento,II,Dentro,Urbana,Marca Vial,No existe,Recta,Bueno,Reducida,Nocturna,Niebla,Lateral,S/D,Colisión,Ninguna,Horizontal,Ninguna,Sin restricción,POINT (-60.6513524 -32.95302869999999),"['Zeballos', 'Dorrego']",2,Zeballos; Manuel Dorrego,-32.95302869999999,-60.6513524,55.0,538.0,Municipio Rosario,Municipio,Rosario,820210,Servicio de Catastro e Información Territorial,IGN
2017,5072,2017-07-16,Domingo,0.0,20:50:00,,0.0,2,"Moto/Ciclomotor,Automóvil",Mitre Y Pje. Ricardone,3,1,0,0,2,0,0,,S/D,,ROSARIO,Rosario,Asfalto,Pavimento,II,S/D,S/D,Paso Peatonal,No existe,Recta,Bueno,Reducida,Nocturna,Buen Tiempo,Lateral,S/D,Colisión,Ninguna,Horizontal,Ninguna,Sin restricción,POINT (-60.640027599999996 -32.947941199999995),"['Mitre', 'Ricardone']",2,Bartolomé Mitre; Ricardone,-32.947941199999995,-60.6400276,55.0,538.0,Municipio Rosario,Municipio,Rosario,820210,Servicio de Catastro e Información Territorial,IGN
2017,5094,2017-07-04,Martes,0.0,18:20:00,,0.0,2,"Automóvil,Moto/Ciclomotor",Cafferata Y San Luis,2,1,0,0,1,0,0,,Calle,,ROSARIO,Rosario,Asfalto,No existe,II,Dentro,Urbana,Ninguna,No existe,Intersección,Bueno,Buena,Diurna,Buen Tiempo,Lateral,S/D,Colisión,Ninguna,Faltante,Ninguna,Sin restricción,POINT (-60.67163970000001 -32.9431978),"['Cafferata', 'San Luis']",2,Cafferata; San Luis,-32.9431978,-60.67163970000001,55.0,538.0,Municipio Rosario,Municipio,Rosario,820210,Servicio de Catastro e Información Territorial,IGN
2017,5096,2017-07-14,Viernes,0.0,18:10:00,,0.0,2,"Moto/Ciclomotor,Automóvil",Av. Pellegrini Y Valparaiso,3,1,0,0,2,0,0,,Calle,,ROSARIO,Rosario,Asfalto,No existe,II,Dentro,Urbana,Ninguna,No existe,Intersección,Bueno,Buena,Diurna,Buen Tiempo,S/D,S/D,Colisión,Ninguna,Faltante,Ninguna,Sin restricción,POINT (-60.6845797 -32.94946225),"['Pellegrini', 'Valparaíso']",2,Avenida Carlos Pellegrini; Valparaíso,-32.94946225,-60.6845797,55.0,538.0,Municipio Rosario,Municipio,Rosario,820210,Servicio de Catastro e Información Territorial,IGN
2017,5098,2017-07-04,Martes,0.0,13:30:00,,0.0,2,"Automóvil,Moto/Ciclomotor",San Luis Y San Nicolas,3,2,0,0,1,0,0,,Calle,,ROSARIO,Rosario,Asfalto,No existe,II,Dentro,Urbana,Ninguna,No existe,Recta,Bueno,Buena,Diurna,Buen Tiempo,De alcance,S/D,Colisión,Ninguna,Faltante,Ninguna,Sin restricción,POINT (-60.6729863 -32.942945),"['San Luis', 'San Nicolás']",2,San Luis; San Nicolás,-32.942945,-60.6729863,55.0,538.0,Municipio Rosario,Municipio,Rosario,820210,Servicio de Catastro e Información Territorial,IGN
2017,5099,2017-07-27,Jueves,0.0,17:45:00,,0.0,2,"Automóvil,Pickup/Utilitario",San Juan Y Bv. Avellaneda,2,1,0,0,1,0,0,,Calle,,ROSARIO,Rosario,Asfalto,No existe,II,Dentro,Urbana,Semáforo,Funciona,Recta,Bueno,Buena,Diurna,Buen Tiempo,De alcance,S/D,Colisión,Ninguna,Vertical,Ninguna,Sin restricción,POINT (-60.680076299999996 -32.94284435),"['San Juan', 'Avellaneda']",2,San Juan; Bulevar Nicolás Avellaneda,-32.94284435,-60.6800763,55.0,538.0,Municipio Rosario,Municipio,Rosario,820210,Servicio de Catastro e Información Territorial,IGN
2017,5101,2017-07-13,Jueves,0.0,5:25:00,,0.0,2,"Automóvil,Automóvil",Cafferata Y San Juan,4,2,0,0,2,0,0,,Calle,,ROSARIO,Rosario,Asfalto,No existe,II,Dentro,Urbana,Ninguna,Funciona,Intersección,Bueno,Buena,Nocturna,Buen Tiempo,Lateral,S/D,Colisión,Ninguna,Vertical,Ninguna,Sin restricción,POINT (-60.6719098 -32.94428909999999),"['Cafferata', 'San Juan']",2,Cafferata; San Juan,-32.94428909999999,-60.6719098,55.0,538.0,Municipio Rosario,Municipio,Rosario,820210,Servicio de Catastro e Información Territorial,IGN
2017,5103,2017-07-07,Viernes,0.0,16:20:00,,0.0,2,"Peatón,Moto/Ciclomotor",San Luis Y Av. Ovidio Lagos,2,1,0,0,1,0,0,,Calle,,ROSARIO,Rosario,Asfalto,No existe,II,Dentro,Urbana,Semáforo,Funciona,Intersección,Bueno,Buena,Diurna,Lluvia,S/D,Peatón,Atropello,Agua,Vertical,Ninguna,Sin restricción,POINT (-60.6621155 -32.9448915),"['San Luis', 'Avenida Ovidio Lagos']",2,San Luis; Avenida Ovidio Lagos,-32.9448915,-60.6621155,55.0,538.0,Municipio Rosario,Municipio,Rosario,820210,Servicio de Catastro e Información Territorial,IGN
2017,5104,2017-07-22,Sabado,0.0,14:00:00,,0.0,2,"Taxi/Remis,Automóvil",Pueyrredon Y 9 De Julio,2,1,0,0,1,0,0,,Calle,,ROSARIO,Rosario,Asfalto,No existe,II,Dentro,Urbana,Ninguna,No existe,Recta,Bueno,Buena,Diurna,Buen Tiempo,De alcance,S/D,Colisión,Ninguna,Faltante,Ninguna,Sin restricción,POINT (-60.65923800000001 -32.95042960000001),"['Pueyrredón', '9 de Julio']",2,Pueyrredón; 9 de Julio,-32.95042960000001,-60.65923800000001,55.0,538.0,Municipio Rosario,Municipio,Rosario,820210,Servicio de Catastro e Información Territorial,IGN
2017,5105,2017-07-25,Martes,0.0,10:30:00,,0.0,2,"Automóvil,Moto/Ciclomotor",Bv. Avellaneda Y Marcos Paz,2,1,1,0,0,0,0,,Calle,,ROSARIO,Rosario,Asfalto,No existe,II,Dentro,Urbana,Semáforo,Funciona,Recta,Bueno,Buena,Diurna,Buen Tiempo,De alcance,S/D,Colisión,Ninguna,Vertical,Cordón divisorio,Sin restricción,POINT (-60.680249 -32.94354319999999),"['Avellaneda', 'Marcos Paz']",2,Bulevar Nicolás Avellaneda; Marcos Paz,-32.94354319999999,-60.680249,55.0,538.0,Municipio Rosario,Municipio,Rosario,820210,Servicio de Catastro e Información Territorial,IGN
2017,5107,2017-07-01,Sabado,0.0,9:45:00,,0.0,2,"Taxi/Remis,Automóvil",Bv. Oroño Y Catamarca,2,2,0,0,0,0,0,,Calle,,ROSARIO,Rosario,Asfalto,No existe,II,Dentro,Urbana,Señal Pare,No existe,Intersección,Bueno,Buena,Diurna,Buen Tiempo,Lateral,S/D,Colisión,Ninguna,Vertical,Cordón divisorio,Sin restricción,POINT (-60.651806750000006 -32.9378818),"['Bulevar Nicasio Oroño', 'Catamarca']",2,Bulevar Nicasio Oroño; Catamarca,-32.9378818,-60.651806750000006,55.0,538.0,Municipio Rosario,Municipio,Rosario,820210,Servicio de Catastro e Información Territorial,IGN
2017,5108,2017-07-02,Domingo,0.0,5:20:00,,0.0,2,"Peatón,Automóvil",Balcarce Y Tucuman,2,1,0,0,1,0,0,,Calle,,ROSARIO,Rosario,Asfalto,No existe,II,Dentro,Urbana,Señal Pare,No existe,Intersección,Bueno,Buena,"Amanecer,Con luz artificial",Buen Tiempo,S/D,Peatón,Atropello,Ninguna,Vertical,Ninguna,Sin restricción,POINT (-60.65075780000001 -32.93932099999999),"['Balcarce', 'Tucumán']",2,Balcarce; Tucumán,-32.93932099999999,-60.65075780000001,55.0,538.0,Municipio Rosario,Municipio,Rosario,820210,Servicio de Catastro e Información Territorial,IGN
2017,5109,2017-07-05,Miercoles,0.0,11:00:00,,0.0,2,"Moto/Ciclomotor,Automóvil",Bv. Oroño Y Catamarca,2,1,0,0,1,0,0,,Calle,,ROSARIO,Rosario,Asfalto,No existe,II,Dentro,Urbana,Señal Pare,No existe,Intersección,Bueno,Buena,Diurna,Buen Tiempo,Lateral,S/D,Colisión,Ninguna,Vertical,Cordón divisorio,Sin restricción,POINT (-60.651806750000006 -32.9378818),"['Bulevar Nicasio Oroño', 'Catamarca']",2,Bulevar Nicasio Oroño; Catamarca,-32.9378818,-60.651806750000006,55.0,538.0,Municipio Rosario,Municipio,Rosario,820210,Servicio de Catastro e Información Territorial,IGN
2017,5131,2017-07-08,Sabado,0.0,14:15:00,,0.0,2,"Moto/Ciclomotor,Automóvil",Salta Y Dorrego,2,1,0,0,1,0,0,,Calle,,ROSARIO,Rosario,Asfalto,No existe,II,Dentro,Urbana,Ninguna,No existe,Intersección,Bueno,Buena,Diurna,Buen Tiempo,De alcance,S/D,Colisión,Ninguna,S/D,Ninguna,Sin restricción,POINT (-60.647418 -32.937457099999996),"['Salta', 'Dorrego']",2,Salta; Manuel Dorrego,-32.9374571,-60.647418,55.0,538.0,Municipio Rosario,Municipio,Rosario,820210,Servicio de Catastro e Información Territorial,IGN
2017,5132,2017-07-28,Viernes,0.0,17:40:00,,0.0,2,"Moto/Ciclomotor,Automóvil",Urquiza Y Italia,2,1,0,0,1,0,0,,Calle,,ROSARIO,Rosario,Asfalto,S/D,II,Dentro,Urbana,Señal Pare,No existe,Intersección,Bueno,S/D,Diurna,Buen Tiempo,Lateral,S/D,Colisión,Ninguna,Vertical,Ninguna,Sin restricción,POINT (-60.6469902 -32.94122840000001),"['Urquiza', 'Italia']",2,Justo José de Urquiza; Italia,-32.94122840000001,-60.6469902,55.0,538.0,Municipio Rosario,Municipio,Rosario,820210,Servicio de Catastro e Información Territorial,IGN
2017,5133,2017-07-03,Lunes,0.0,4:50:00,,0.0,2,"Automóvil,Moto/Ciclomotor",Entre Rios Y E.Zeballos,2,1,0,0,1,0,0,,Calle,,ROSARIO,Rosario,Asfalto,Pavimento,II,Dentro,Urbana,Señal Ceda el Paso,No existe,Recta,Bueno,S/D,Nocturna,Buen Tiempo,Lateral,S/D,Colisión,Ninguna,Vertical,Línea divisoria pintada,Sin restricción,POINT (-60.64308380000001 -32.9545295),"['Entre Ríos', 'Zeballos']",2,Entre Ríos; Zeballos,-32.9545295,-60.64308380000001,55.0,538.0,Municipio Rosario,Municipio,Rosario,820210,Servicio de Catastro e Información Territorial,IGN
2017,5134,2017-07-03,Lunes,0.0,12:00:00,,0.0,2,"Moto/Ciclomotor,Automóvil",Mendoza Y Paraguay,2,1,0,0,1,0,0,,Calle,,ROSARIO,Rosario,Asfalto,No existe,II,Dentro,Urbana,Semáforo,Funciona,Recta,Bueno,Buena,Diurna,Buen Tiempo,S/D,Peatón,Atropello,Ninguna,Vertical,Línea divisoria pintada,Sin restricción,POINT (-60.6450108 -32.950543200000006),"['Mendoza', 'Paraguay']",2,Mendoza; Paraguay,-32.950543200000006,-60.6450108,55.0,538.0,Municipio Rosario,Municipio,Rosario,820210,Servicio de Catastro e Información Territorial,IGN
2017,5136,2017-07-03,Lunes,0.0,20:15:00,,0.0,2,"Taxi/Remis,Taxi/Remis",1 de Mayo Y 3 De Febrero,3,2,0,0,1,0,0,,Calle,,ROSARIO,Rosario,Asfalto,Pavimento,II,Dentro,Urbana,Ninguna,No existe,Recta,Bueno,Reducida,Nocturna,Buen Tiempo,Lateral,S/D,Colisión,Ninguna,Horizontal,Ninguna,Sin restricción,POINT (-60.6312992 -32.954230499999994),"['Primero de Mayo', '3 de Febrero']",2,Primero de Mayo; 3 de Febrero,-32.954230499999994,-60.6312992,55.0,538.0,Municipio Rosario,Municipio,Rosario,820210,Servicio de Catastro e Información Territorial,IGN
2017,5137,2017-07-05,Miercoles,0.0,16:15:00,,0.0,2,"Moto/Ciclomotor,Automóvil",L.N.Alem Y 3 De Febrero,2,1,0,0,1,0,0,,Calle,,ROSARIO,Rosario,Asfalto,S/D,II,Dentro,Urbana,Ninguna,No existe,Recta,Bueno,Buena,Diurna,Buen Tiempo,Lateral,S/D,Colisión,Ninguna,S/D,Ninguna,Sin restricción,POINT (-60.6299037 -32.95446179999999),"['Alem', '3 de Febrero']",2,Leandro N. Alem; 3 de Febrero,-32.95446179999999,-60.6299037,55.0,538.0,Municipio Rosario,Municipio,Rosario,820210,Servicio de Catastro e Información Territorial,IGN
2017,5138,2017-07-05,Miercoles,0.0,17:30:00,,0.0,2,"Peatón,Automóvil",Sarmiento 400,2,1,0,0,1,0,0,,Calle,,ROSARIO,Rosario,Asfalto,Pavimento,II,Dentro,Urbana,Semáforo,Funciona,Recta,Bueno,Buena,Diurna,Buen Tiempo,S/D,Peatón,Atropello,Ninguna,Vertical,Ninguna,Sin restricción,"-32.9417067, -60.6370834",['Sarmiento 400'],1,Sarmiento 400,-32.9417067,-60.6370834,55.0,538.0,Municipio Rosario,Municipio,Rosario,820210,Servicio de Catastro e Información Territorial,IGN
2017,5142,2017-07-26,Miercoles,0.0,16:45:00,,0.0,2,"Automóvil,Moto/Ciclomotor",Bv. Avellaneda Y 3 De Febrero,3,2,0,0,1,0,0,,Calle,,ROSARIO,Rosario,Asfalto,No existe,II,Dentro,Urbana,Ninguna,Funciona,Intersección,Bueno,Buena,Diurna,Buen Tiempo,Lateral,S/D,Colisión,Ninguna,Vertical,Cordón divisorio,Sin restricción,POINT (-60.6807366 -32.945458),"['Avellaneda', '3 de Febrero']",2,Bulevar Nicolás Avellaneda; 3 de Febrero,-32.945458,-60.6807366,55.0,538.0,Municipio Rosario,Municipio,Rosario,820210,Servicio de Catastro e Información Territorial,IGN
2017,5143,2017-07-07,Viernes,0.0,22:35:00,,0.0,2,"Moto/Ciclomotor,Automóvil",Bv. Avellaneda Y Rioja,2,1,0,0,1,0,0,,Calle,,ROSARIO,Rosario,Asfalto,No existe,II,Dentro,Urbana,Semáforo,Funciona,Intersección,Bueno,Buena,Diurna,Buen Tiempo,Lateral,S/D,Colisión,Ninguna,Vertical,Barrera de hormigón,Sin restricción,POINT (-60.679463549999994 -32.940277300000005),"['Avellaneda', 'Rioja']",2,Bulevar Nicolás Avellaneda; Rioja,-32.940277300000005,-60.67946355,55.0,538.0,Municipio Rosario,Municipio,Rosario,820210,Servicio de Catastro e Información Territorial,IGN
2017,5144,2017-07-24,Lunes,0.0,12:50:00,,0.0,2,"Pickup/Utilitario,Automóvil",Rio De Janeiro Y Rioja,2,1,0,0,1,0,0,,Calle,,ROSARIO,Rosario,Asfalto,No existe,II,Dentro,Urbana,Ninguna,No existe,Intersección,Bueno,Buena,Diurna,Buen Tiempo,Lateral,S/D,Colisión,Ninguna,Faltante,Ninguna,Sin restricción,POINT (-60.6808066 -32.9400306),"['Río de Janeiro', 'Rioja']",2,Río de Janeiro; Rioja,-32.9400306,-60.6808066,55.0,538.0,Municipio Rosario,Municipio,Rosario,820210,Servicio de Catastro e Información Territorial,IGN
2017,5145,2017-07-19,Miercoles,0.0,22:19:00,,0.0,2,"Moto/Ciclomotor,Automóvil",Rodriguez Y 9 De Julio,4,1,0,0,3,0,0,,Calle,,ROSARIO,Rosario,Asfalto,No existe,II,Dentro,Urbana,Ninguna,No existe,Intersección,Bueno,Buena,Nocturna,Buen Tiempo,Lateral,S/D,Colisión,Ninguna,Faltante,Ninguna,Sin restricción,POINT (-60.66057760000001 -32.9501913),"['Rodríguez', '9 de Julio']",2,Rodríguez de Escobedo; 9 de Julio,-32.9501913,-60.66057760000001,55.0,538.0,Municipio Rosario,Municipio,Rosario,820210,Servicio de Catastro e Información Territorial,IGN
2017,5146,2017-07-10,Lunes,0.0,23:30:00,,0.0,2,"Automóvil,Moto/Ciclomotor",E.Zeballos Y Alsina,5,1,0,0,4,0,0,,Calle,,ROSARIO,Rosario,Asfalto,No existe,II,Dentro,Urbana,Ninguna,No existe,Intersección,Bueno,Buena,Nocturna,S/D,Lateral,S/D,Colisión,Ninguna,Faltante,Ninguna,Sin restricción,POINT (-60.6785567 -32.948147299999995),"['Zeballos', 'Alsina']",2,Zeballos; Alsina,-32.948147299999995,-60.6785567,55.0,538.0,Municipio Rosario,Municipio,Rosario,820210,Servicio de Catastro e Información Territorial,IGN
2017,5147,2017-07-09,Domingo,0.0,12:55:00,,0.0,2,"Automóvil,Automóvil",9 De Julio Y Santiago,3,1,0,0,2,0,0,,Calle,,ROSARIO,Rosario,Asfalto,No existe,II,Dentro,Urbana,Ninguna,No existe,Intersección,Bueno,Buena,Diurna,Buen Tiempo,Lateral,S/D,Colisión,Ninguna,Faltante,Ninguna,Sin restricción,POINT (-60.6578907 -32.950669299999994),"['9 de Julio', 'Santiago']",2,9 de Julio; Santiago,-32.950669299999994,-60.6578907,55.0,538.0,Municipio Rosario,Municipio,Rosario,820210,Servicio de Catastro e Información Territorial,IGN
2017,5148,2017-07-11,Martes,0.0,14:30:00,,0.0,2,"Moto/Ciclomotor,Peatón",Alsina Y 9 De Julio,3,1,0,0,2,0,0,,Calle,,ROSARIO,Rosario,Asfalto,No existe,II,Dentro,Urbana,Ninguna,No existe,Intersección,Bueno,Buena,Diurna,Buen Tiempo,S/D,Peatón,Atropello,Ninguna,Faltante,Ninguna,Sin restricción,POINT (-60.6782616 -32.9469818),"['Alsina', '9 de Julio']",2,Alsina; 9 de Julio,-32.9469818,-60.6782616,55.0,538.0,Municipio Rosario,Municipio,Rosario,820210,Servicio de Catastro e Información Territorial,IGN
2017,5149,2017-07-01,Sabado,0.0,12:55:00,,0.0,2,"Vehículo Oficial,Moto/Ciclomotor",Bv. Avellaneda Y Rioja,3,1,0,0,2,0,0,,Calle,,ROSARIO,Rosario,Asfalto,No existe,II,Dentro,Urbana,Ninguna,No existe,Intersección,Bueno,Buena,Diurna,Buen Tiempo,Lateral,S/D,Colisión,Ninguna,Faltante,Ninguna,Sin restricción,POINT (-60.679463549999994 -32.940277300000005),"['Avellaneda', 'Rioja']",2,Bulevar Nicolás Avellaneda; Rioja,-32.940277300000005,-60.67946355,55.0,538.0,Municipio Rosario,Municipio,Rosario,820210,Servicio de Catastro e Información Territorial,IGN
2017,5151,2017-07-01,Sabado,0.0,12:55:00,,0.0,3,"Vehículo Oficial,Automóvil,Automóvil",Sucre Y Mendoza,3,1,0,0,2,0,0,,Calle,,ROSARIO,Rosario,Asfalto,No existe,II,Dentro,Urbana,Ninguna,No existe,Intersección,Bueno,Buena,Diurna,Buen Tiempo,Múltiple,S/D,Colisión,Ninguna,Faltante,Ninguna,Sin restricción,POINT (-60.6913145 -32.94228029999999),"['Sucre', 'Mendoza']",2,Sucre; Mendoza,-32.94228029999999,-60.6913145,55.0,538.0,Municipio Rosario,Municipio,Rosario,820210,Servicio de Catastro e Información Territorial,IGN
2017,5164,2017-07-01,Sabado,0.0,9:00:00,,0.0,2,"Automóvil,Moto/Ciclomotor",Benito Juarez 1600,2,1,0,0,1,0,0,,Calle,,ROSARIO,Rosario,Asfalto,No existe,II,Dentro,Urbana,Ninguna,No existe,Intersección,Bueno,Buena,Atardecer,Buen Tiempo,Lateral,S/D,Colisión,Ninguna,Faltante,Ninguna,Sin restricción,"-32.9930588, -60.6536235",['Benito Juarez 1600'],1,Benito Juarez 1600,-32.9930588,-60.6536235,55.0,538.0,Municipio Rosario,Municipio,Rosario,820210,Servicio de Catastro e Información Territorial,IGN
2017,5165,2017-07-01,Sabado,0.0,20:40:00,,0.0,2,"Automóvil,Moto/Ciclomotor",Pje. Bolonia Y Av. Uriburu,2,1,0,0,1,0,0,,Calle,,ROSARIO,Rosario,Asfalto,No existe,II,Dentro,Urbana,Ninguna,No existe,Intersección,Bueno,Buena,Nocturna,Buen Tiempo,Lateral,S/D,Colisión,Ninguna,Faltante,Ninguna,Sin restricción,POINT (-60.668877900000005 -32.991393699999996),"['Bolonia', 'Uriburu']",2,Bolonia; Avenida José Uriburu,-32.9913937,-60.668877900000005,55.0,538.0,Municipio Rosario,Municipio,Rosario,820210,Servicio de Catastro e Información Territorial,IGN
2017,5166,2017-07-07,Viernes,0.0,8:40:00,,0.0,2,"Moto/Ciclomotor,Automóvil",Italia Y Saavedra,2,1,0,0,1,0,0,,Calle,,ROSARIO,Rosario,Asfalto,No existe,II,Dentro,Urbana,Ninguna,No existe,Intersección,Bueno,Buena,Diurna,Buen Tiempo,Lateral,S/D,Colisión,Ninguna,Faltante,Ninguna,Sin restricción,POINT (-60.655801999999994 -32.976212600000004),"['Italia', 'Saavedra']",2,Italia; Saavedra,-32.976212600000004,-60.655802,55.0,538.0,Municipio Rosario,Municipio,Rosario,820210,Servicio de Catastro e Información Territorial,IGN
2017,5168,2017-07-09,Domingo,0.0,13:00:00,,0.0,2,"Automóvil,Moto/Ciclomotor",Av. Corrientes Y Ameghino,2,1,0,0,1,0,0,,Calle,,ROSARIO,Rosario,Asfalto,No existe,II,Dentro,Urbana,Ninguna,No existe,Intersección,Bueno,Buena,Diurna,Buen Tiempo,Lateral,S/D,Colisión,S/D,Faltante,Ninguna,Sin restricción,POINT (-60.6525951 -32.98636059999999),"['Corrientes', 'Ameghino']",2,Corrientes; Ameghino,-32.98636059999999,-60.6525951,55.0,538.0,Municipio Rosario,Municipio,Rosario,820210,Servicio de Catastro e Información Territorial,IGN
2017,5178,2017-06-17,Sabado,0.0,,,0.0,2,"Automóvil,Moto/Ciclomotor",Gaboto Y Paraguay,3,1,0,0,2,0,0,,Calle,,ROSARIO,Rosario,S/D,S/D,II,S/D,S/D,S/D,S/D,S/D,S/D,S/D,S/D,S/D,S/D,S/D,Colisión,S/D,S/D,S/D,S/D,POINT (-60.65051780000001 -32.972348700000005),"['Gaboto', 'Paraguay']",2,Gaboto; Paraguay,-32.972348700000005,-60.65051780000001,55.0,538.0,Municipio Rosario,Municipio,Rosario,820210,Servicio de Catastro e Información Territorial,IGN
2017,5180,2017-06-18,Domingo,0.0,,,0.0,2,"Peatón,Moto/Ciclomotor",J.B.Justo Y Colombia,3,3,0,0,0,0,0,,Calle,,ROSARIO,Rosario,S/D,S/D,II,S/D,S/D,S/D,S/D,S/D,S/D,S/D,Nocturna,S/D,S/D,Peatón,Atropello,S/D,S/D,S/D,S/D,POINT (-60.7164811 -32.9335344),"['Justo', 'Colombia']",2,"('Justo José de Urquiza', 'Colombia')",-32.9335344,-60.7164811,55.0,538.0,Municipio Rosario,Municipio,Rosario,820210,Servicio de Catastro e Información Territorial,IGN
2017,5187,2017-07-19,Miercoles,0.0,8:45:00,,0.0,2,"Peatón,Automóvil",Montevideo Y Paraguay,2,1,0,0,1,0,0,,Calle,,ROSARIO,Rosario,Asfalto,Pavimento,II,Dentro,Urbana,Paso Peatonal,No existe,Recta,Bueno,Buena,Diurna,Buen Tiempo,S/D,Peatón,Atropello,Ninguna,Vertical,Línea divisoria pintada,Sin restricción,POINT (-60.6461713 -32.9551386),"['Montevideo', 'Paraguay']",2,Montevideo; Paraguay,-32.9551386,-60.6461713,55.0,538.0,Municipio Rosario,Municipio,Rosario,820210,Servicio de Catastro e Información Territorial,IGN
2017,5188,2017-07-19,Miercoles,0.0,11:20:00,,0.0,2,"Automóvil,Automóvil",Bv. Oroño Y Guemes,3,1,0,0,2,0,0,,Calle,,ROSARIO,Rosario,Asfalto,Pavimento,II,Dentro,Urbana,Semáforo,Funciona,Recta,Bueno,Buena,Diurna,Buen Tiempo,Lateral,S/D,Colisión,Ninguna,Horizontal,Cordón divisorio,Sin restricción,POINT (-60.6506482 -32.9332604),"['Bulevar Nicasio Oroño', 'Güemes']",2,Bulevar Nicasio Oroño; Güemes,-32.9332604,-60.6506482,55.0,538.0,Municipio Rosario,Municipio,Rosario,820210,Servicio de Catastro e Información Territorial,IGN
2017,5189,2017-07-17,Lunes,0.0,20:55:00,,0.0,2,"Peatón,Moto/Ciclomotor",Av. Pellegrini Y Laprida,2,1,0,0,1,0,0,,Avenida,,ROSARIO,Rosario,Asfalto,No existe,II,Dentro,Urbana,Semáforo,Funciona,Recta,Bueno,Buena,Nocturna,Buen Tiempo,S/D,Peatón,Atropello,Ninguna,"Horizontal,Vertical",Barrera de hormigón,Sin restricción,POINT (-60.63694769999999 -32.958013449999996),"['Pellegrini', 'Laprida']",2,Avenida Carlos Pellegrini; Francisco Narciso Laprida,-32.95801345,-60.63694769999999,55.0,538.0,Municipio Rosario,Municipio,Rosario,820210,Servicio de Catastro e Información Territorial,IGN
2017,5193,2017-07-25,Martes,0.0,10:45:00,,0.0,2,"Moto/Ciclomotor,Automóvil",Ayacucho Y Bv. 27 De Febrero,2,1,0,0,1,0,0,,Avenida,,ROSARIO,Rosario,Asfalto,No existe,II,Dentro,Urbana,S/D,S/D,Intersección,Bueno,Buena,Diurna,Buen Tiempo,S/D,S/D,Colisión,Ninguna,S/D,S/D,Sin restricción,POINT (-60.6322277 -32.96960704999999),"['Ayacucho', '27 de Febrero']",2,Ayacucho; Bulevar 27 de Febrero,-32.96960704999999,-60.6322277,55.0,538.0,Municipio Rosario,Municipio,Rosario,820210,Servicio de Catastro e Información Territorial,IGN
2017,5194,2017-07-22,Sabado,0.0,13:15:00,,0.0,2,"Moto/Ciclomotor,Automóvil",J.M.de Rosas Y Ayolas,2,1,0,0,1,0,0,,Calle,,ROSARIO,Rosario,Asfalto,No existe,II,S/D,Urbana,Ninguna,No existe,Intersección,Bueno,Buena,Diurna,Buen Tiempo,De alcance,S/D,Colisión,Ninguna,Faltante,Ninguna,Sin restricción,POINT (-60.6389095 -32.9780403),"['De Rosas', 'Ayolas']",2,Juan Manuel de Rosas; Ayolas,-32.9780403,-60.6389095,55.0,538.0,Municipio Rosario,Municipio,Rosario,820210,Servicio de Catastro e Información Territorial,IGN