anio_acci,nro_acci,fecha,desc_dia,fecha_aprox,hora_aprox,desc_ruta,km,cant_participantes,desc_participante,calle_avenida_km,total,heridos_leves,heridos_graves,heridos_gravisimos,ilesos,fallecidos,sin_datos,posicion_XY,desc_tipo_via,desc_ruta_ori,desc_loc,desc_dpto,desc_tipo_calzada,desc_tipo_banquina,desc_unidad_regional,desc_lugar_calzada,desc_zona,desc_prioridad,desc_estado_semaforo,desc_lugar_via,desc_estado_via,desc_estado_visibilidad,desc_luminosidad,desc_estado_clima,desc_tipo_colision,desc_tipo_atropello,desc_tipo_hecho,desc_pres_calzada,desc_senializacion,desc_separacion_via,desc_restriccion,forma_geocod,calle_lista,numero_calles,calles_osm,lat,lon,index_right,gid,fna,gna,nam,in1,fdc,sag
2017,5196,2017-07-12,Miercoles,0.0,17:45:00,,0.0,1,Transporte de Pasajeros Urbano (> 8 asientos),L.N.Alem Y Av. Pellegrini,2,1,0,0,1,0,0,,Calle,,ROSARIO,Rosario,Asfalto,No existe,II,Dentro,Urbana,S/D,S/D,Recta,Bueno,S/D,Diurna,Buen Tiempo,S/D,S/D,Caída ocupante,S/D,S/D,Cordón divisorio,S/D,POINT (-60.63099875 -32.95908519999999),"['Alem', 'Pellegrini']",2,Leandro N. Alem; Avenida Carlos Pellegrini,-32.95908519999999,-60.63099875,55.0,538.0,Municipio Rosario,Municipio,Rosario,820210,Servicio de Catastro e Información Territorial,IGN
2017,5198,2017-07-28,Viernes,0.0,7:00:00,,0.0,2,"Moto/Ciclomotor,Automóvil",Av. Pellegrini Y Ayacucho,2,1,0,0,1,0,0,,Calle,,ROSARIO,Rosario,Asfalto,Pavimento,II,Dentro,Urbana,Ninguna,No existe,Intersección,Bueno,Buena,Diurna,Buen Tiempo,Otro,S/D,Colisión,Ninguna,Faltante,Cordón divisorio,Sin restricción,POINT (-60.6296377 -32.959329849999996),"['Pellegrini', 'Ayacucho']",2,Avenida Carlos Pellegrini; Ayacucho,-32.95932985,-60.6296377,55.0,538.0,Municipio Rosario,Municipio,Rosario,820210,Servicio de Catastro e Información Territorial,IGN
2017,5200,2017-07-27,Jueves,0.0,16:15:00,,0.0,1,Transporte de Pasajeros Urbano (> 8 asientos),Laprida Y San Luis,2,1,0,0,1,0,0,,Calle,,ROSARIO,Rosario,Asfalto,S/D,II,Dentro,Urbana,S/D,S/D,Recta,Bueno,Buena,Diurna,S/D,S/D,S/D,Caída ocupante,S/D,S/D,Cordón divisorio,S/D,POINT (-60.6345977 -32.94979709999999),"['Laprida', 'San Luis']",2,Francisco Narciso Laprida; San Luis,-32.94979709999999,-60.6345977,55.0,538.0,Municipio Rosario,Municipio,Rosario,820210,Servicio de Catastro e Información Territorial,IGN
2017,5201,2017-07-24,Lunes,0.0,18:40:00,,0.0,2,"Moto/Ciclomotor,Camión c / Acoplado",Av. Circunvalacion Y Ayolas,2,1,0,0,1,0,0,,Avenida,,ROSARIO,Rosario,Hormigón,Natural,II,S/D,Urbana,Ninguna,No existe,Otro,Bueno,Buena,Atardecer,Buen Tiempo,De alcance,S/D,Colisión,Ninguna,S/D,Guardarrail,Sin restricción,POINT (-60.624988288707996 -32.98051623752373),"['Circunvalacion', 'Ayolas']",2,Avenida de Circunvalación 25 de Mayo; Ayolas,-32.98051623752373,-60.624988288708,55.0,538.0,Municipio Rosario,Municipio,Rosario,820210,Servicio de Catastro e Información Territorial,IGN
2017,5202,2017-07-24,Lunes,0.0,16:25:00,,0.0,2,"Automóvil,Automóvil",COLON Y CORTADA VIGIL,2,1,0,0,1,0,0,,Calle,,ROSARIO,Rosario,Asfalto,No existe,II,S/D,Urbana,Ninguna,No existe,Intersección,Bueno,Buena,Diurna,Buen Tiempo,De alcance,S/D,Colisión,Ninguna,Faltante,Ninguna,Sin restricción,POINT (-60.6318739 -32.9738926),"['Colon', 'Vigil']",2,Cristóbal Colón; Biblioteca Vigil,-32.9738926,-60.6318739,55.0,538.0,Municipio Rosario,Municipio,Rosario,820210,Servicio de Catastro e Información Territorial,IGN
2017,5206,2017-07-05,Miercoles,0.0,12:10:00,,0.0,2,"Moto/Ciclomotor,Automóvil",Av. Corrientes Y Virasoro,2,1,0,0,1,0,0,,Calle,,ROSARIO,Rosario,Asfalto,No existe,II,Dentro,Urbana,Ninguna,No existe,Recta,Bueno,Buena,Diurna,Buen Tiempo,Otro,S/D,Colisión,Ninguna,S/D,Ninguna,Sin restricción,POINT (-60.648275299999995 -32.9691923),"['Corrientes', 'Virasoro']",2,Corrientes; Benjamín Virasoro,-32.9691923,-60.6482753,55.0,538.0,Municipio Rosario,Municipio,Rosario,820210,Servicio de Catastro e Información Territorial,IGN
2017,5209,2017-07-05,Miercoles,0.0,8:15:00,,0.0,2,"Moto/Ciclomotor,Otros",Virasoro Y Balcarce,2,1,0,0,0,0,1,,Calle,,ROSARIO,Rosario,Asfalto,No existe,II,Dentro,Urbana,Ninguna,No existe,Intersección,"Bueno,Resbaladiza",Buena,Diurna,Lluvia,Lateral,S/D,Colisión,Agua,Faltante,Ninguna,Sin restricción,POINT (-60.65783150000001 -32.967462399999995),"['Virasoro', 'Balcarce']",2,Benjamín Virasoro; Balcarce,-32.967462399999995,-60.65783150000001,55.0,538.0,Municipio Rosario,Municipio,Rosario,820210,Servicio de Catastro e Información Territorial,IGN
2017,5210,2017-07-22,Sabado,0.0,19:55:00,,0.0,2,"Moto/Ciclomotor,Automóvil",Bv. Segui Y Buenos Aires,2,1,0,0,1,0,0,,S/D,,ROSARIO,Rosario,Asfalto,No existe,II,S/D,Urbana,Señal Pare,No existe,Intersección,Bueno,Buena,Nocturna,Buen Tiempo,Lateral,S/D,Colisión,Ninguna,"Horizontal,Vertical",Vegetación,Sin restricción,POINT (-60.640923400000005 -32.98006374999999),"['Bulevar Juan Francisco Seguí', 'Buenos Aires']",2,Bulevar Juan Francisco Seguí; Buenos Aires,-32.98006374999999,-60.640923400000005,55.0,538.0,Municipio Rosario,Municipio,Rosario,820210,Servicio de Catastro e Información Territorial,IGN
2017,5212,2017-07-09,Domingo,0.0,23:15:00,,0.0,3,"Moto/Ciclomotor,Moto/Ciclomotor,Automóvil",España Y Bv. 27 De Febrero,3,1,1,0,1,0,0,,Calle,,ROSARIO,Rosario,Asfalto,No existe,II,Dentro,Urbana,Semáforo,Funciona,Intersección,Bueno,Buena,Con luz artificial,Buen Tiempo,Lateral,S/D,Colisión,Ninguna,Vertical,Cordón divisorio,Sin restricción,POINT (-60.6518035 -32.966108549999994),"['España', '27 de Febrero']",2,España; Bulevar 27 de Febrero,-32.966108549999994,-60.6518035,55.0,538.0,Municipio Rosario,Municipio,Rosario,820210,Servicio de Catastro e Información Territorial,IGN
2017,5213,2017-07-17,Lunes,0.0,14:20:00,,0.0,2,"Automóvil,Moto/Ciclomotor",Amenabar Y Buenos Aires,2,1,0,0,1,0,0,,Calle,,ROSARIO,Rosario,Asfalto,No existe,II,S/D,Urbana,Señal Pare,No existe,Intersección,Bueno,Buena,Diurna,Buen Tiempo,De alcance,S/D,Colisión,Ninguna,"Horizontal,Vertical",Ninguna,Sin restricción,POINT (-60.639182299999995 -32.973197600000006),"['Amenabar', 'Buenos Aires']",2,José de Amenábar; Buenos Aires,-32.973197600000006,-60.6391823,55.0,538.0,Municipio Rosario,Municipio,Rosario,820210,Servicio de Catastro e Información Territorial,IGN
2017,5215,2017-07-13,Jueves,0.0,20:20:00,,0.0,2,"Automóvil,Moto/Ciclomotor",Necochea Y Rueda,3,2,0,0,1,0,0,,Calle,,ROSARIO,Rosario,Asfalto,No existe,II,S/D,Urbana,Ninguna,No existe,Intersección,Bueno,Buena,Nocturna,Lluvia,Lateral,S/D,Colisión,S/D,Vertical,Ninguna,Sin restricción,POINT (-60.6303777 -32.9735856),"['Necochea', 'Rueda']",2,Necochea; Rueda,-32.9735856,-60.6303777,55.0,538.0,Municipio Rosario,Municipio,Rosario,820210,Servicio de Catastro e Información Territorial,IGN
2017,5217,2017-07-12,Miercoles,0.0,8:15:00,,0.0,2,"Moto/Ciclomotor,Automóvil",Amenabar Y Mariano Moreno,2,1,0,0,1,0,0,,Calle,,ROSARIO,Rosario,Asfalto,No existe,II,Dentro,Urbana,Ninguna,No existe,Intersección,Bueno,Buena,Diurna,Buen Tiempo,Lateral,S/D,Colisión,Ninguna,Faltante,Ninguna,Sin restricción,POINT (-60.65707309999999 -32.9699781),"['Amenabar', 'Mariano Moreno']",2,José de Amenábar; Mariano Moreno,-32.9699781,-60.65707309999999,55.0,538.0,Municipio Rosario,Municipio,Rosario,820210,Servicio de Catastro e Información Territorial,IGN
2017,5218,2017-07-10,Lunes,0.0,20:00:00,,0.0,2,"Automóvil,Moto/Ciclomotor",Bv. Segui Y J.M.de Rosas,3,2,0,0,1,0,0,,Calle,,ROSARIO,Rosario,Asfalto,No existe,II,S/D,Urbana,Otra Señal,No existe,Intersección,Bueno,Buena,Nocturna,Lluvia,De alcance,S/D,Colisión,Ninguna,Horizontal,Cordón divisorio,Sin restricción,POINT (-60.63947580000001 -32.98032074999999),"['Bulevar Juan Francisco Seguí', 'De Rosas']",2,Bulevar Juan Francisco Seguí; Juan Manuel de Rosas,-32.98032074999999,-60.63947580000001,55.0,538.0,Municipio Rosario,Municipio,Rosario,820210,Servicio de Catastro e Información Territorial,IGN
2017,5219,2017-07-18,Martes,0.0,11:00:00,,0.0,2,"Bicicleta,Automóvil",Viamonte Y Av. Corrientes,2,1,0,0,1,0,0,,Calle,,ROSARIO,Rosario,Asfalto,S/D,II,Dentro,Urbana,S/D,S/D,Intersección,Bueno,Buena,Diurna,Buen Tiempo,Lateral,S/D,Colisión,Ninguna,S/D,Ninguna,Sin restricción,POINT (-60.6471065 -32.96460619999999),"['Viamonte', 'Corrientes']",2,Viamonte; Corrientes,-32.96460619999999,-60.6471065,55.0,538.0,Municipio Rosario,Municipio,Rosario,820210,Servicio de Catastro e Información Territorial,IGN
2017,5222,2017-07-04,Martes,0.0,16:30:00,,0.0,2,"Automóvil,Moto/Ciclomotor",1 de Mayo Y Bv. Segui,2,1,0,0,1,0,0,,Calle,,ROSARIO,Rosario,Asfalto,S/D,II,S/D,Urbana,S/D,No existe,Intersección,Bueno,Buena,Diurna,Buen Tiempo,Lateral,S/D,Colisión,Ninguna,Horizontal,Cordón divisorio,Sin restricción,POINT (-60.63787925 -32.98061510000001),"['Primero de Mayo', 'Bulevar Juan Francisco Seguí']",2,Primero de Mayo; Bulevar Juan Francisco Seguí,-32.98061510000001,-60.63787925,55.0,538.0,Municipio Rosario,Municipio,Rosario,820210,Servicio de Catastro e Información Territorial,IGN
2017,5225,2017-07-23,Domingo,0.0,8:30:00,,0.0,2,"Moto/Ciclomotor,Pickup/Utilitario",Av. Pellegrini Y Callao,2,1,0,0,1,0,0,,Avenida,,ROSARIO,Rosario,Asfalto,No existe,II,Dentro,Urbana,Semáforo,Funciona,Intersección,Bueno,Buena,Diurna,Buen Tiempo,Lateral,S/D,Colisión,Ninguna,Vertical,Cordón divisorio,Sin restricción,POINT (-60.66283325 -32.95334939999999),"['Pellegrini', 'Callao']",2,Avenida Carlos Pellegrini; Callao,-32.95334939999999,-60.66283325,55.0,538.0,Municipio Rosario,Municipio,Rosario,820210,Servicio de Catastro e Información Territorial,IGN
2017,5226,2017-07-01,Sabado,0.0,16:00:00,,0.0,2,"Automóvil,Automóvil",Ayolas Y Grandoli,4,2,0,0,2,0,0,,Calle,,ROSARIO,Rosario,Asfalto,No existe,II,S/D,Urbana,Semáforo,Funciona,Intersección,Bueno,Buena,Diurna,Buen Tiempo,Lateral,S/D,Colisión,Ninguna,Vertical,Cordón divisorio,Sin restricción,POINT (-60.627759100000006 -32.98002065),"['Ayolas', 'Avenida Abanderado Grandoli']",2,Ayolas; Avenida Abanderado Grandoli,-32.98002065,-60.627759100000006,55.0,538.0,Municipio Rosario,Municipio,Rosario,820210,Servicio de Catastro e Información Territorial,IGN
2017,5229,2017-07-21,Viernes,0.0,6:20:00,,0.0,2,"Automóvil,Transporte de Pasajeros Urbano (> 8 asientos)",Entre Rios Y Ocampo,5,0,4,0,1,0,0,,Calle,,ROSARIO,Rosario,Asfalto,No existe,II,Dentro,Urbana,S/D,S/D,Intersección,Bueno,Buena,Con luz artificial,Buen Tiempo,Lateral,S/D,Colisión,Ninguna,S/D,Ninguna,Sin restricción,POINT (-60.645984299999995 -32.96596579999999),"['Entre Ríos', 'Ocampo']",2,Entre Ríos; Ocampo,-32.96596579999999,-60.6459843,55.0,538.0,Municipio Rosario,Municipio,Rosario,820210,Servicio de Catastro e Información Territorial,IGN
2017,5241,2017-07-19,Miercoles,0.0,19:25:00,,0.0,2,"Moto/Ciclomotor,Camión Chasis",Entre Rios Y Av. Pellegrini,3,2,0,0,1,0,0,,Calle,,ROSARIO,Rosario,Asfalto,Pavimento,II,Dentro,Urbana,Semáforo,Funciona,Recta,Bueno,Buena,Nocturna,Buen Tiempo,Lateral,S/D,Colisión,Ninguna,"Horizontal,Vertical",S/D,Sin restricción,POINT (-60.6436612 -32.95680645),"['Entre Ríos', 'Pellegrini']",2,Entre Ríos; Avenida Carlos Pellegrini,-32.95680645,-60.6436612,55.0,538.0,Municipio Rosario,Municipio,Rosario,820210,Servicio de Catastro e Información Territorial,IGN
2017,5247,2017-07-20,Jueves,0.0,1:55:00,,0.0,2,"Moto/Ciclomotor,Transporte de Pasajeros Urbano (> 8 asientos)",Montevideo Y España,3,1,0,0,2,0,0,,Calle,,ROSARIO,Rosario,Asfalto,Pavimento,II,Dentro,Urbana,Semáforo,Funciona,Recta,Bueno,Buena,Nocturna,Buen Tiempo,Lateral,S/D,Colisión,Ninguna,Vertical,Ninguna,Sin restricción,POINT (-60.648924400000006 -32.9546495),"['Montevideo', 'España']",2,Montevideo; España,-32.9546495,-60.648924400000006,55.0,538.0,Municipio Rosario,Municipio,Rosario,820210,Servicio de Catastro e Información Territorial,IGN
2017,5260,2017-07-30,Domingo,0.0,1:50:00,,0.0,2,"Taxi/Remis,Moto/Ciclomotor",Maipu Y Rioja,3,0,3,0,0,0,0,,Calle,,ROSARIO,Rosario,Asfalto,Pavimento,II,Dentro,Urbana,Semáforo,Funciona,Recta,Bueno,Buena,Nocturna,Buen Tiempo,Lateral,S/D,Colisión,Ninguna,"Horizontal,Vertical",Ninguna,Sin restricción,POINT (-60.6355516 -32.948277499999996),"['Maipú', 'Rioja']",2,Maipú; Rioja,-32.9482775,-60.6355516,55.0,538.0,Municipio Rosario,Municipio,Rosario,820210,Servicio de Catastro e Información Territorial,IGN
2017,5261,2017-07-10,Lunes,0.0,12:50:00,,0.0,2,"Moto/Ciclomotor,Pickup/Utilitario",Bv. Segui Y Sarmiento,2,1,0,0,1,0,0,,Calle,,ROSARIO,Rosario,Asfalto,No existe,II,Dentro,Urbana,Ninguna,No existe,Intersección,Bueno,Buena,Diurna,Buen Tiempo,Lateral,S/D,Colisión,Ninguna,Faltante,Ninguna,Sin restricción,POINT (-60.64638135 -32.9790819),"['Bulevar Juan Francisco Seguí', 'Sarmiento']",2,Bulevar Juan Francisco Seguí; Sarmiento,-32.9790819,-60.64638135,55.0,538.0,Municipio Rosario,Municipio,Rosario,820210,Servicio de Catastro e Información Territorial,IGN
2017,5263,2017-07-11,Martes,0.0,18:40:00,,0.0,2,"Moto/Ciclomotor,Automóvil",Italia Y Saavedra,3,2,0,0,1,0,0,,Calle,,ROSARIO,Rosario,Asfalto,No existe,II,Dentro,Urbana,Ninguna,No existe,Intersección,Bueno,Buena,Diurna,Buen Tiempo,Lateral,S/D,Colisión,Ninguna,Faltante,Ninguna,Sin restricción,POINT (-60.655801999999994 -32.976212600000004),"['Italia', 'Saavedra']",2,Italia; Saavedra,-32.976212600000004,-60.655802,55.0,538.0,Municipio Rosario,Municipio,Rosario,820210,Servicio de Catastro e Información Territorial,IGN
2017,5265,2017-07-14,Viernes,0.0,12:30:00,,0.0,2,"Moto/Ciclomotor,Automóvil",Pje. Humboldt Y Estado de Israel,2,1,0,0,1,0,0,,Calle,,ROSARIO,Rosario,Asfalto,No existe,II,Dentro,Urbana,Ninguna,No existe,Intersección,Bueno,Buena,Diurna,Buen Tiempo,Lateral,S/D,Colisión,Ninguna,Faltante,Ninguna,Sin restricción,POINT (-60.6477164 -32.9918194),"['Humboldt', 'Estado de Israel']",2,Federico Humboldt; Estado de Israel,-32.9918194,-60.6477164,55.0,538.0,Municipio Rosario,Municipio,Rosario,820210,Servicio de Catastro e Información Territorial,IGN
2017,5266,2017-07-21,Viernes,0.0,12:35:00,,0.0,2,"Automóvil,Peatón",Bv. Segui Y Entre Rios,2,1,0,0,1,0,0,,Avenida,,ROSARIO,Rosario,Asfalto,No existe,II,Dentro,Urbana,Ninguna,No existe,Intersección,Bueno,Buena,Diurna,Buen Tiempo,S/D,Peatón,Atropello,Ninguna,Faltante,Ninguna,Sin restricción,POINT (-60.6491681 -32.97857979999999),"['Bulevar Juan Francisco Seguí', 'Entre Ríos']",2,Bulevar Juan Francisco Seguí; Entre Ríos,-32.97857979999999,-60.6491681,55.0,538.0,Municipio Rosario,Municipio,Rosario,820210,Servicio de Catastro e Información Territorial,IGN
2017,5269,2017-07-24,Lunes,0.0,23:40:00,,0.0,2,"Automóvil,Moto/Ciclomotor",Pje. Lord Kelvin ,2,1,0,0,1,0,0,,Calle,,ROSARIO,Rosario,Asfalto,No existe,II,Dentro,Urbana,Ninguna,No existe,Intersección,Bueno,Buena,Nocturna,Buen Tiempo,Lateral,S/D,Colisión,Ninguna,Faltante,Ninguna,Sin restricción,"-32.9728692, -60.6577806",['Pasaje Lord Kelvin'],1,Pasaje Lord Kelvin,-32.9728692,-60.6577806,55.0,538.0,Municipio Rosario,Municipio,Rosario,820210,Servicio de Catastro e Información Territorial,IGN
2017,5271,2017-07-28,Viernes,0.0,23:05:00,,0.0,2,"Automóvil,Automóvil",Bv. Oroño Y Garibaldi,2,1,0,0,1,0,0,,Avenida,,ROSARIO,Rosario,Asfalto,No existe,II,Dentro,Urbana,Ninguna,No existe,Intersección,Bueno,Buena,Nocturna,Buen Tiempo,Lateral,S/D,Colisión,Agua,Faltante,Ninguna,Sin restricción,POINT (-60.6632508 -32.983266949999994),"['Bulevar Nicasio Oroño', 'José Garibaldi']",2,Bulevar Nicasio Oroño; José Garibaldi,-32.983266949999994,-60.6632508,55.0,538.0,Municipio Rosario,Municipio,Rosario,820210,Servicio de Catastro e Información Territorial,IGN
2017,5280,2017-07-23,Domingo,0.0,20:30:00,,0.0,2,"Automóvil,Automóvil",Galvez Y Ayacucho,2,1,0,0,1,0,0,,Calle,,ROSARIO,Rosario,Asfalto,No existe,II,Dentro,Urbana,S/D,S/D,Intersección,Bueno,Buena,"Nocturna,Con luz artificial",Buen Tiempo,Lateral,S/D,Colisión,Ninguna,S/D,S/D,Sin restricción,POINT (-60.6325227 -32.9707671),"['Galvez', 'Ayacucho']",2,José Gálvez; Ayacucho,-32.9707671,-60.6325227,55.0,538.0,Municipio Rosario,Municipio,Rosario,820210,Servicio de Catastro e Información Territorial,IGN
2017,5388,2017-08-28,Lunes,0.0,11:00:00,,0.0,2,"Automóvil,Moto/Ciclomotor",Av. Genova Y Ferreyra,3,2,0,0,1,0,0,,Avenida,,ROSARIO,Rosario,Asfalto,No existe,II,S/D,Urbana,Ninguna,No existe,Intersección,Bueno,Buena,Diurna,Buen Tiempo,S/D,S/D,Colisión,S/D,Faltante,Ninguna,S/D,POINT (-60.6803736 -32.9150486),"['Genova', 'Ferreyra']",2,Avenida Génova; Ferreyra,-32.9150486,-60.6803736,55.0,538.0,Municipio Rosario,Municipio,Rosario,820210,Servicio de Catastro e Información Territorial,IGN
2017,5434,2017-08-01,Martes,0.0,8:15:00,,0.0,2,"Moto/Ciclomotor,Peatón",Casiano Casas Y Esquivel,2,1,1,0,0,0,0,,Avenida,,ROSARIO,Rosario,Asfalto,No existe,II,S/D,Urbana,S/D,S/D,Intersección,S/D,S/D,Diurna,S/D,S/D,Peatón,Atropello,S/D,"Horizontal,Vertical",Cordón divisorio,S/D,POINT (-60.70527853333334 -32.901184433333334),"['Avenida Casiano Casas', 'Esquivel']",2,Avenida Casiano Casas; Esquivel,-32.901184433333334,-60.70527853333334,55.0,538.0,Municipio Rosario,Municipio,Rosario,820210,Servicio de Catastro e Información Territorial,IGN
2017,5440,2017-08-07,Lunes,0.0,15:50:00,,0.0,2,"Moto/Ciclomotor,Pickup/Utilitario",Superi Y Darragueira,3,1,0,0,2,0,0,,Calle,,ROSARIO,Rosario,Asfalto,No existe,II,Dentro,Urbana,Otra Señal,No existe,Intersección,Otro,Buena,Atardecer,Buen Tiempo,Otro,S/D,Colisión,Ninguna,Faltante,Ninguna,S/D,POINT (-60.695001399999995 -32.8947943),"['Superi', 'José Darragueira']",2,Comandante José Superí; José Darragueira,-32.8947943,-60.6950014,55.0,538.0,Municipio Rosario,Municipio,Rosario,820210,Servicio de Catastro e Información Territorial,IGN
2017,5479,2017-08-13,Domingo,0.0,16:51:00,,0.0,2,"Automóvil,Automóvil",Herrera Y Darragueira,3,1,0,0,2,0,0,,Calle,,ROSARIO,Rosario,Asfalto,No existe,II,Dentro,Urbana,Paso Peatonal,No existe,Intersección,S/D,S/D,Atardecer,S/D,S/D,S/D,Colisión,S/D,Horizontal,"Ninguna,S/D",S/D,POINT (-60.6946267 -32.896015799999994),"['Herrera', 'José Darragueira']",2,Franzini Herrera; José Darragueira,-32.896015799999994,-60.6946267,55.0,538.0,Municipio Rosario,Municipio,Rosario,820210,Servicio de Catastro e Información Territorial,IGN
2017,5625,2017-08-19,Sabado,0.0,6:05:00,,0.0,2,"Automóvil,Automóvil",Av. Alberdi Bis Y Albert Sabin,3,2,0,0,1,0,0,,Avenida,,ROSARIO,Rosario,Asfalto,No existe,II,Dentro,Urbana,Semáforo,Intermitente,Recta,Bueno,Buena,"Nocturna,Con luz artificial",Buen Tiempo,Frontal,S/D,Colisión,Ninguna,"Horizontal,Vertical","Cordón divisorio,Línea divisoria pintada",Sin restricción,POINT (-60.67368635 -32.93013245),"['Alberdi', 'Avenida Travesía Albert Sabin']",2,Avenida Alberdi; Avenida Travesía Albert Sabin,-32.93013245,-60.67368635,55.0,538.0,Municipio Rosario,Municipio,Rosario,820210,Servicio de Catastro e Información Territorial,IGN
2017,5627,2017-08-19,Sabado,0.0,6:00:00,,0.0,2,"Automóvil,Moto/Ciclomotor",Albert Sabin 145B,3,2,0,0,1,0,0,,Avenida,,ROSARIO,Rosario,Asfalto,No existe,II,Dentro,Urbana,Semáforo,Intermitente,Recta,Bueno,Buena,Diurna,Lluvia,Lateral,S/D,Colisión,Agua,Vertical,Cordón divisorio,Sin restricción,"-32.921679, -60.6868928",['Albert Sabin 145b'],1,Albert Sabin 145b,-32.921679,-60.6868928,55.0,538.0,Municipio Rosario,Municipio,Rosario,820210,Servicio de Catastro e Información Territorial,IGN
2017,5631,2017-08-17,Jueves,0.0,21:15:00,,0.0,2,"Automóvil,Moto/Ciclomotor",Stephenson 300,3,2,0,0,1,0,0,,Calle,,ROSARIO,Rosario,Asfalto,No existe,II,Fuera,Urbana,Ninguna,No existe,Recta,Bueno,Buena,Nocturna,Buen Tiempo,Lateral,S/D,Colisión,Ninguna,Faltante,Ninguna,Sin restricción,"-32.9248446, -60.6790968",['Stephenson 300'],1,Stephenson 300,-32.9248446,-60.6790968,55.0,538.0,Municipio Rosario,Municipio,Rosario,820210,Servicio de Catastro e Información Territorial,IGN
2017,5640,2017-08-14,Lunes,0.0,20:30:00,,0.0,2,"Automóvil,Moto/Ciclomotor",Casiano Casas 1100,2,1,0,0,1,0,0,,Calle,,ROSARIO,Rosario,Asfalto,No existe,II,Dentro,Urbana,S/D,S/D,Recta,S/D,S/D,Nocturna,S/D,S/D,S/D,Colisión,S/D,S/D,S/D,S/D,"-32.905528, -60.6977519",['Casiano Casas 1100'],1,Casiano Casas 1100,-32.905528,-60.6977519,55.0,538.0,Municipio Rosario,Municipio,Rosario,820210,Servicio de Catastro e Información Territorial,IGN
2017,5641,2017-08-09,Miercoles,0.0,17:30:00,,0.0,2,"Automóvil,Moto/Ciclomotor",Av. Genova Y Dr.Victor Cue Bis,3,1,0,0,2,0,0,,Avenida,,ROSARIO,Rosario,Asfalto,No existe,II,Dentro,Urbana,Semáforo,Funciona,Intersección,Bueno,Buena,Atardecer,Buen Tiempo,Contra objeto fijo,S/D,Colisión,Ninguna,Vertical,Ninguna,Sin restricción,POINT (-60.6972474 -32.91553809999999),"['Genova', 'Victor Cue']",2,Avenida Génova; Victor Cue,-32.91553809999999,-60.6972474,55.0,538.0,Municipio Rosario,Municipio,Rosario,820210,Servicio de Catastro e Información Territorial,IGN
2017,5645,2017-08-30,Miercoles,0.0,19:20:00,,0.0,3,"Peatón,Peatón,Moto/Ciclomotor",J.J.Paso 5600,4,2,0,0,2,0,0,,Calle,,ROSARIO,Rosario,Asfalto,No existe,II,Dentro,Urbana,Ninguna,No existe,Recta,Bueno,Buena,Atardecer,Buen Tiempo,S/D,Peatón,Atropello,Ninguna,Faltante,Cordón divisorio,Sin restricción,"-32.9198078, -60.7009202",['Juan José Paso 5600'],1,Juan José Paso 5600,-32.9198078,-60.7009202,55.0,538.0,Municipio Rosario,Municipio,Rosario,820210,Servicio de Catastro e Información Territorial,IGN
2017,5646,2017-08-18,Viernes,0.0,22:25:00,,0.0,2,"Taxi/Remis,Moto/Ciclomotor",J.J.Paso Y De Angelis Bis,2,1,0,0,1,0,0,,Avenida,,ROSARIO,Rosario,Asfalto,No existe,II,S/D,Urbana,Ninguna,No existe,Recta,Bueno,Buena,Nocturna,Buen Tiempo,Frontal,S/D,Colisión,Ninguna,Faltante,Ninguna,Sin restricción,POINT (-60.69884830000001 -32.91981109999999),"['Paso', 'De Ángelis']",2,Avenida Juan José Paso; De Ángelis,-32.91981109999999,-60.69884830000001,55.0,538.0,Municipio Rosario,Municipio,Rosario,820210,Servicio de Catastro e Información Territorial,IGN
2017,5647,2017-08-17,Jueves,0.0,12:30:00,,0.0,2,"Camión c / Acoplado,Pickup/Utilitario",Av. Circunvalacion Y J.B.Justo,3,2,0,0,1,0,0,,Avenida,,ROSARIO,Rosario,Asfalto,No existe,II,Dentro,Urbana,Ninguna,No existe,Recta,Bueno,Buena,Diurna,Buen Tiempo,De alcance,S/D,Colisión,Agua,Vertical,Barrera de hormigón,Sin restricción,POINT (-60.72395654453496 -32.91522030000024),"['Circunvalacion', 'Justo']",2,Avenida de Circunvalación 25 de Mayo; Justo José de Urquiza,-32.91522030000024,-60.72395654453496,55.0,538.0,Municipio Rosario,Municipio,Rosario,820210,Servicio de Catastro e Información Territorial,IGN
2017,5648,2017-08-08,Martes,0.0,16:00:00,,0.0,2,"Camión c / Acoplado,Moto/Ciclomotor",J.J.Paso Y Tte.Agneta,2,1,0,0,1,0,0,,Avenida,,ROSARIO,Rosario,Asfalto,No existe,II,Dentro,Urbana,Semáforo,Funciona,Recta,Bueno,Buena,Diurna,Buen Tiempo,Contra objeto fijo,S/D,Colisión,Ninguna,"Horizontal,Vertical",Cordón divisorio,Sin restricción,POINT (-60.7006212 -32.91986549999999),"['Paso', 'Teniente Agneta']",2,Avenida Juan José Paso; Teniente Agneta,-32.91986549999999,-60.7006212,55.0,538.0,Municipio Rosario,Municipio,Rosario,820210,Servicio de Catastro e Información Territorial,IGN