anio_acci,nro_acci,fecha,desc_dia,fecha_aprox,hora_aprox,desc_ruta,km,cant_participantes,desc_participante,calle_avenida_km,total,heridos_leves,heridos_graves,heridos_gravisimos,ilesos,fallecidos,sin_datos,posicion_XY,desc_tipo_via,desc_ruta_ori,desc_loc,desc_dpto,desc_tipo_calzada,desc_tipo_banquina,desc_unidad_regional,desc_lugar_calzada,desc_zona,desc_prioridad,desc_estado_semaforo,desc_lugar_via,desc_estado_via,desc_estado_visibilidad,desc_luminosidad,desc_estado_clima,desc_tipo_colision,desc_tipo_atropello,desc_tipo_hecho,desc_pres_calzada,desc_senializacion,desc_separacion_via,desc_restriccion,forma_geocod,calle_lista,numero_calles,calles_osm,lat,lon,index_right,gid,fna,gna,nam,in1,fdc,sag
2017,5650,2017-08-04,Viernes,0.0,18:30:00,,0.0,2,"Automóvil,Moto/Ciclomotor",COLECTORA JUAN PABLO II 1300 ,2,1,0,0,1,0,0,,Avenida,,ROSARIO,Rosario,Asfalto,Natural,II,Dentro,Urbana,Ninguna,No existe,Curva,Bueno,Buena,Atardecer,Buen Tiempo,Lateral,S/D,Colisión,Ninguna,Faltante,Ninguna,Sin restricción,"-33.0156291, -60.6523788",['Colectora Juan Pablo Ii 1300'],1,Colectora Juan Pablo Ii 1300,-33.0156291,-60.6523788,55.0,538.0,Municipio Rosario,Municipio,Rosario,820210,Servicio de Catastro e Información Territorial,IGN
2017,5651,2017-08-15,Martes,0.0,16:15:00,,0.0,2,"Automóvil,Moto/Ciclomotor",J.C.Paz Y Baigorria,2,1,0,0,1,0,0,,Calle,,ROSARIO,Rosario,Asfalto,No existe,II,Dentro,Urbana,Ninguna,No existe,Intersección,Bueno,Buena,Diurna,S/D,S/D,S/D,Colisión,Ninguna,Faltante,Ninguna,S/D,POINT (-60.69082569999999 -32.89100299999999),"['Paz', 'Baigorria']",2,"('José C. Paz', 'Baigorria')",-32.89100299999999,-60.69082569999999,55.0,538.0,Municipio Rosario,Municipio,Rosario,820210,Servicio de Catastro e Información Territorial,IGN
2017,5652,2017-08-20,Domingo,0.0,22:00:00,,0.0,2,"Bicicleta,Moto/Ciclomotor",Herrera Y Warnes,2,1,0,0,1,0,0,,Calle,,ROSARIO,Rosario,Asfalto,No existe,II,Dentro,Urbana,S/D,S/D,Intersección,S/D,S/D,Nocturna,S/D,S/D,Ciclista,Atropello,S/D,S/D,S/D,S/D,POINT (-60.69356 -32.89578229999999),"['Herrera', 'Warnes']",2,Franzini Herrera; Ignacio Warnes,-32.89578229999999,-60.69356,55.0,538.0,Municipio Rosario,Municipio,Rosario,820210,Servicio de Catastro e Información Territorial,IGN
2017,5661,2017-08-03,Jueves,0.0,0:40:00,,0.0,2,"Moto/Ciclomotor,Automóvil",Viamonte Y F.More,2,1,0,0,0,0,1,,Calle,,ROSARIO,Rosario,S/D,No existe,II,Dentro,Urbana,Ninguna,No existe,Intersección,Bueno,Buena,Amanecer,Otro,S/D,S/D,Colisión,Ninguna,Faltante,Ninguna,Sin restricción,POINT (-60.693096700000005 -32.9564277),"['Viamonte', 'Felipe Moré']",2,Viamonte; Felipe Moré,-32.9564277,-60.693096700000005,55.0,538.0,Municipio Rosario,Municipio,Rosario,820210,Servicio de Catastro e Información Territorial,IGN
2017,5664,2017-08-05,Sabado,0.0,20:50:00,,0.0,2,"Moto/Ciclomotor,Pickup/Utilitario",Pje. Lejarza Y Matienzo,6,3,0,0,3,0,0,,Calle,,ROSARIO,Rosario,Asfalto,No existe,II,Dentro,Urbana,Ninguna,No existe,Intersección,Otro,Reducida,Nocturna,Otro,Lateral,S/D,Colisión,Ninguna,Faltante,Ninguna,Sin restricción,POINT (-60.69366130000001 -32.96646679999999),"['Lejarza', 'Matienzo']",2,Joaquín Lejarza; Benjamín Matienzo,-32.96646679999999,-60.69366130000001,55.0,538.0,Municipio Rosario,Municipio,Rosario,820210,Servicio de Catastro e Información Territorial,IGN
2017,5668,2017-08-29,Martes,0.0,18:20:00,,0.0,2,"Automóvil,Automóvil",TENIENTE AGNETA Y JEAN JAURES,3,2,0,0,1,0,0,,Calle,,ROSARIO,Rosario,Asfalto,No existe,II,Dentro,Urbana,Ninguna,No existe,Intersección,Otro,Reducida,Atardecer,Otro,Lateral,S/D,Colisión,Ninguna,Faltante,Ninguna,Sin restricción,POINT (-60.69884189999999 -32.965382599999984),"['Teniente Agneta', 'Jean Jaures']",2,Teniente Agneta; Jean Jaures,-32.965382599999984,-60.69884189999999,55.0,538.0,Municipio Rosario,Municipio,Rosario,820210,Servicio de Catastro e Información Territorial,IGN
2017,5670,2017-08-23,Miercoles,0.0,23:30:00,,0.0,2,"Automóvil,Automóvil",Av. Circunvalacion Y Godoy Cruz,3,1,0,0,2,0,0,,Avenida,,ROSARIO,Rosario,Asfalto,Pavimento,II,S/D,S/D,Ninguna,S/D,Recta,Bueno,S/D,Nocturna,Buen Tiempo,S/D,S/D,Colisión,Ninguna,Horizontal,Barrera de hormigón,Sin restricción,POINT (-60.71697254694366 -32.9707081028425),"['Circunvalacion', 'Avenida Presidente Perón']",2,Avenida de Circunvalación 25 de Mayo; Avenida Presidente Perón,-32.9707081028425,-60.71697254694366,55.0,538.0,Municipio Rosario,Municipio,Rosario,820210,Servicio de Catastro e Información Territorial,IGN
2017,5671,2017-08-05,Sabado,0.0,20:00:00,,0.0,2,"Automóvil,Pickup/Utilitario",Av. Provincias Unidas Y Viamonte,4,2,0,0,2,0,0,,Avenida,,ROSARIO,Rosario,Asfalto,Pavimento,II,Dentro,Urbana,Ninguna,No existe,Intersección,Bueno,Reducida p/ objetos,Nocturna,Buen Tiempo,Frontal,S/D,Colisión,Ninguna,Faltante,Barrera de hormigón,Sin restricción,POINT (-60.71191390000001 -32.95690404999999),"['Avenida Provincias Unidas', 'Viamonte']",2,Avenida Provincias Unidas; Viamonte,-32.95690404999999,-60.71191390000001,55.0,538.0,Municipio Rosario,Municipio,Rosario,820210,Servicio de Catastro e Información Territorial,IGN
2017,5672,2017-08-14,Lunes,0.0,6:15:00,,0.0,2,"Automóvil,Moto/Ciclomotor",Bv. 27 De Febrero Y Av. Circunvalacion,2,1,0,0,1,0,0,,Avenida,,ROSARIO,Rosario,Asfalto,Natural,II,S/D,Urbana,Semáforo,Funciona,Recta,Otro,Reducida p/ objetos,Nocturna,Buen Tiempo,Frontal,S/D,Colisión,S/D,Vertical,Cordón divisorio,Obra en Construcción,POINT (-60.671730569613096 -32.965475411263625),"['27 de Febrero', 'Circunvalacion']",2,Bulevar 27 de Febrero; Avenida de Circunvalación 25 de Mayo,-32.965475411263625,-60.671730569613096,55.0,538.0,Municipio Rosario,Municipio,Rosario,820210,Servicio de Catastro e Información Territorial,IGN
2017,5673,2017-07-31,Lunes,0.0,5:50:00,,0.0,2,"Automóvil,Moto/Ciclomotor",Av. Circunvalacion Y Godoy Cruz,3,1,0,0,2,0,0,,Avenida,,ROSARIO,Rosario,Asfalto,Pavimento,II,S/D,Urbana,Semáforo,Funciona,Recta,Bueno,S/D,Nocturna,Buen Tiempo,Frontal,S/D,Colisión,Ninguna,Vertical,Barrera de hormigón,Sin restricción,POINT (-60.71697254694366 -32.9707081028425),"['Circunvalacion', 'Avenida Presidente Perón']",2,Avenida de Circunvalación 25 de Mayo; Avenida Presidente Perón,-32.9707081028425,-60.71697254694366,55.0,538.0,Municipio Rosario,Municipio,Rosario,820210,Servicio de Catastro e Información Territorial,IGN
2017,5674,2017-08-02,Miercoles,0.0,17:35:00,,0.0,2,"Camión Chasis,Moto/Ciclomotor",Bv. 27 De Febrero Y Av. Provincias Unidas,3,1,0,0,2,0,0,,Avenida,,ROSARIO,Rosario,Asfalto,S/D,II,Dentro,Urbana,Semáforo,Funciona,Intersección,Otro,S/D,Diurna,Buen Tiempo,Lateral,S/D,Colisión,Material Suelto,Vertical,Barrera de hormigón,Reparación de Vía,POINT (-60.711817525 -32.959359825),"['27 de Febrero', 'Avenida Provincias Unidas']",2,Bulevar 27 de Febrero; Avenida Provincias Unidas,-32.959359825,-60.711817525,55.0,538.0,Municipio Rosario,Municipio,Rosario,820210,Servicio de Catastro e Información Territorial,IGN
2017,5675,2017-08-10,Jueves,0.0,18:40:00,,0.0,2,"Automóvil,Moto/Ciclomotor",Ecuador Y Pje. Volta,4,2,0,0,2,0,0,,Calle,,ROSARIO,Rosario,Asfalto,No existe,II,S/D,Urbana,Ninguna,No existe,Intersección,Con baches,Buena,Nocturna,Buen Tiempo,S/D,S/D,Colisión,Ninguna,Faltante,Ninguna,Sin restricción,POINT (-60.7142206 -32.9587045),"['Ecuador', 'Volta']",2,Ecuador; Volta,-32.9587045,-60.7142206,55.0,538.0,Municipio Rosario,Municipio,Rosario,820210,Servicio de Catastro e Información Territorial,IGN
2017,5676,2017-08-18,Viernes,0.0,13:55:00,,0.0,2,"Pickup/Utilitario,Pickup/Utilitario",Av. Circunvalacion Y Av. Uriburu,3,1,0,0,2,0,0,,Avenida,,ROSARIO,Rosario,Asfalto,Pavimento,II,S/D,Urbana,Ninguna,No existe,Intersección,S/D,Buena,Diurna,Buen Tiempo,Frontal,S/D,Colisión,Ninguna,Faltante,Guardarrail,Sin restricción,POINT (-60.70053645 -32.992253950000006),"['Circunvalacion', 'Uriburu']",2,"('Juan Pablo II', 'Avenida José Uriburu')",-32.992253950000006,-60.70053645,55.0,538.0,Municipio Rosario,Municipio,Rosario,820210,Servicio de Catastro e Información Territorial,IGN
2017,5678,2017-08-15,Martes,0.0,,,0.0,2,"Moto/Ciclomotor,Moto/Ciclomotor",Av. Eva Peron Y Solis,2,0,1,0,0,0,1,,Avenida,,ROSARIO,Rosario,Asfalto,No existe,II,Dentro,Urbana,Semáforo,Funciona,Intersección,S/D,S/D,Diurna,S/D,Frontal,S/D,Colisión,S/D,Vertical,Ninguna,Sin restricción,POINT (-60.70364185 -32.93467735),"['Avenida Eva Perón', 'Solis']",2,Avenida Eva Perón; Juan Díaz de Solís,-32.93467735,-60.70364185,55.0,538.0,Municipio Rosario,Municipio,Rosario,820210,Servicio de Catastro e Información Territorial,IGN
2017,5680,2017-08-05,Sabado,0.0,22:15:00,,0.0,2,"Moto/Ciclomotor,Automóvil",Matienzo 1500,2,1,0,0,0,0,1,,Calle,,ROSARIO,Rosario,Asfalto,No existe,II,Dentro,Urbana,Ninguna,S/D,Recta,S/D,S/D,S/D,S/D,De alcance,S/D,Colisión,S/D,S/D,Ninguna,Sin restricción,"-32.9455826, -60.6945729",['Matienzo 1500'],1,Matienzo 1500,-32.9455826,-60.6945729,55.0,538.0,Municipio Rosario,Municipio,Rosario,820210,Servicio de Catastro e Información Territorial,IGN
2017,5681,2017-08-30,Miercoles,0.0,,,0.0,2,"Moto/Ciclomotor,Automóvil",Mendoza Y Bolivia,2,1,0,0,1,0,0,,Calle,,ROSARIO,Rosario,Asfalto,No existe,II,Dentro,Urbana,Semáforo,Funciona,Intersección,Bueno,S/D,S/D,S/D,S/D,S/D,Colisión,S/D,Vertical,S/D,S/D,POINT (-60.7138523 -32.940269499999985),"['Mendoza', 'Bolivia']",2,Mendoza; Bolivia,-32.940269499999985,-60.7138523,55.0,538.0,Municipio Rosario,Municipio,Rosario,820210,Servicio de Catastro e Información Territorial,IGN
2017,5682,2017-08-09,Miercoles,0.0,,,0.0,2,"Automóvil,Moto/Ciclomotor",Gorriti Y Nicaragua,2,1,0,0,1,0,0,,Calle,,ROSARIO,Rosario,Asfalto,No existe,II,S/D,Urbana,Ninguna,No existe,Intersección,Bueno,Buena,Diurna,Buen Tiempo,Lateral,S/D,Colisión,Ninguna,Faltante,Ninguna,Sin restricción,POINT (-60.72141229999999 -32.9245796),"['Gorriti', 'Nicaragua']",2,Gorriti; Nicaragua,-32.9245796,-60.72141229999999,55.0,538.0,Municipio Rosario,Municipio,Rosario,820210,Servicio de Catastro e Información Territorial,IGN
2017,5683,2017-08-02,Miercoles,0.0,13:15:00,,0.0,2,"Automóvil,Moto/Ciclomotor",Gutenberg Y Pasco,2,1,0,0,1,0,0,,Calle,,ROSARIO,Rosario,Asfalto,No existe,II,Dentro,Urbana,Ninguna,No existe,Intersección,Bueno,Buena,Diurna,Buen Tiempo,Lateral,S/D,Colisión,Ninguna,Faltante,Ninguna,Sin restricción,POINT (-60.6906164 -32.9507873),"['Gutenberg', 'Pasco']",2,Gutenberg; Pasco,-32.9507873,-60.6906164,55.0,538.0,Municipio Rosario,Municipio,Rosario,820210,Servicio de Catastro e Información Territorial,IGN
2017,5684,2017-08-14,Lunes,0.0,,,0.0,2,"Automóvil,Moto/Ciclomotor",Av. Eva Peron Y Av. Circunvalacion,2,1,0,0,1,0,0,,Avenida,,ROSARIO,Rosario,Asfalto,No existe,II,Dentro,Urbana,Semáforo,Funciona,Intersección,Bueno,Buena,Diurna,Buen Tiempo,Lateral,S/D,Colisión,Agua,Vertical,Cordón divisorio,Sin restricción,POINT (-60.7231582311677 -32.931126055841574),"['Avenida Eva Perón', 'Circunvalacion']",2,Avenida Eva Perón; Avenida de Circunvalación 25 de Mayo,-32.931126055841574,-60.7231582311677,55.0,538.0,Municipio Rosario,Municipio,Rosario,820210,Servicio de Catastro e Información Territorial,IGN
2017,5685,2017-08-24,Jueves,0.0,16:10:00,,0.0,2,"Moto/Ciclomotor,Automóvil",Bv. Avellaneda Y La Paz,2,1,0,0,1,0,0,,Avenida,,ROSARIO,Rosario,Asfalto,No existe,II,Dentro,Urbana,Ninguna,No existe,Intersección,Bueno,Buena,Diurna,Buen Tiempo,Lateral,S/D,Colisión,Ninguna,Faltante,Ninguna,Sin restricción,POINT (-60.683614250000005 -32.95682245),"['Avellaneda', 'La Paz']",2,Bulevar Nicolás Avellaneda; La Paz,-32.95682245,-60.683614250000005,55.0,538.0,Municipio Rosario,Municipio,Rosario,820210,Servicio de Catastro e Información Territorial,IGN
2017,5686,2017-08-19,Sabado,0.0,,,0.0,2,"Bicicleta,Pickup/Utilitario",Av. Eva Peron Y Av. Circunvalacion,2,2,0,0,0,0,0,,Avenida,,ROSARIO,Rosario,Asfalto,No existe,II,S/D,Urbana,Semáforo,Funciona,Recta,Bueno,Buena,Diurna,Buen Tiempo,S/D,Ciclista,Atropello,Agua,"Horizontal,Vertical",Barrera de alto impacto,Sin restricción,POINT (-60.7231582311677 -32.931126055841574),"['Avenida Eva Perón', 'Circunvalacion']",2,Avenida Eva Perón; Avenida de Circunvalación 25 de Mayo,-32.931126055841574,-60.7231582311677,55.0,538.0,Municipio Rosario,Municipio,Rosario,820210,Servicio de Catastro e Información Territorial,IGN
2017,5687,2017-08-08,Martes,0.0,11:00:00,,0.0,2,"Automóvil,Moto/Ciclomotor",Ituzaingo Y San Nicolas,2,1,0,0,1,0,0,,Calle,,ROSARIO,Rosario,Asfalto,No existe,II,S/D,Urbana,Ninguna,No existe,Intersección,Bueno,Buena,Diurna,Buen Tiempo,S/D,S/D,Colisión,S/D,Faltante,Ninguna,Sin restricción,POINT (-60.675925400000004 -32.95460709999999),"['Ituzaingó', 'San Nicolás']",2,Ituzaingó; San Nicolás,-32.95460709999999,-60.6759254,55.0,538.0,Municipio Rosario,Municipio,Rosario,820210,Servicio de Catastro e Información Territorial,IGN
2017,5689,2017-08-21,Lunes,0.0,3:30:00,,0.0,2,"Moto/Ciclomotor,Automóvil",Gorriti Y Magallanes,2,1,0,0,1,0,0,,Calle,,ROSARIO,Rosario,Asfalto,No existe,II,S/D,Urbana,Ninguna,No existe,Intersección,S/D,S/D,Nocturna,Buen Tiempo,Lateral,S/D,Colisión,S/D,Faltante,Ninguna,S/D,POINT (-60.7052037 -32.9241435),"['Gorriti', 'Magallanes']",2,Gorriti; Magallanes,-32.9241435,-60.7052037,55.0,538.0,Municipio Rosario,Municipio,Rosario,820210,Servicio de Catastro e Información Territorial,IGN
2017,5690,2017-08-09,Miercoles,0.0,16:53:00,,0.0,2,"Taxi/Remis,Automóvil",Bv. Avellaneda Y Galvez,2,1,0,0,1,0,0,,Avenida,,ROSARIO,Rosario,Asfalto,S/D,II,Dentro,Urbana,Ninguna,No existe,Recta,Bueno,Buena,Diurna,Buen Tiempo,S/D,S/D,Colisión,Ninguna,Faltante,Cordón divisorio,Sin restricción,POINT (-60.68477575 -32.961421),"['Avellaneda', 'Galvez']",2,Bulevar Nicolás Avellaneda; José Gálvez,-32.961421,-60.68477575,55.0,538.0,Municipio Rosario,Municipio,Rosario,820210,Servicio de Catastro e Información Territorial,IGN
2017,5691,2017-08-23,Miercoles,0.0,14:00:00,,0.0,2,"Peatón,Automóvil",Matienzo Y Campichuelo,2,1,0,0,1,0,0,,Calle,,ROSARIO,Rosario,Asfalto,No existe,II,S/D,Urbana,S/D,No existe,Intersección,Bueno,S/D,Diurna,Buen Tiempo,S/D,Peatón,Atropello,Ninguna,Faltante,Ninguna,S/D,POINT (-60.6952712 -32.92494259999999),"['Matienzo', 'Campichuelo']",2,Benjamín Matienzo; Campichuelo,-32.92494259999999,-60.6952712,55.0,538.0,Municipio Rosario,Municipio,Rosario,820210,Servicio de Catastro e Información Territorial,IGN
2017,5693,2017-08-30,Miercoles,0.0,20:00:00,,0.0,2,"Automóvil,Moto/Ciclomotor",Peru Y Velez Sarsfield,2,1,0,0,1,0,0,,Calle,,ROSARIO,Rosario,Asfalto,No existe,II,S/D,S/D,S/D,No existe,Intersección,S/D,S/D,Nocturna,S/D,Otro,S/D,Colisión,S/D,Faltante,Ninguna,S/D,POINT (-60.71202100000001 -32.9260072),"['Peru', 'Vélez Sarsfield']",2,Perú; Vélez Sarsfield,-32.9260072,-60.71202100000001,55.0,538.0,Municipio Rosario,Municipio,Rosario,820210,Servicio de Catastro e Información Territorial,IGN
2017,5694,2017-08-06,Domingo,0.0,13:00:00,,0.0,2,"Moto/Ciclomotor,Automóvil",Polledo Y Calle 1333,3,1,0,0,2,0,0,,Calle,,ROSARIO,Rosario,Asfalto,No existe,II,Dentro,Urbana,Ninguna,No existe,Intersección,Bueno,Buena,Diurna,Buen Tiempo,Lateral,S/D,Colisión,Ninguna,Faltante,Ninguna,Sin restricción,POINT (-60.7206186 -32.8848457),"['Polledo', 'Domingo Candia']",2,Polledo; Domingo Candia,-32.8848457,-60.7206186,55.0,538.0,Municipio Rosario,Municipio,Rosario,820210,Servicio de Catastro e Información Territorial,IGN
2017,5695,2017-08-17,Jueves,0.0,9:30:00,,0.0,2,"Moto/Ciclomotor,Automóvil",Camilo Aldao Y J.J.Paso,2,1,0,0,0,0,1,,Calle,,ROSARIO,Rosario,Asfalto,No existe,II,S/D,Urbana,S/D,No existe,Intersección,Bueno,S/D,Diurna,S/D,Lateral,S/D,Colisión,S/D,Faltante,Ninguna,S/D,POINT (-60.6967437 -32.91976129999999),"['Camilo Aldao', 'Paso']",2,Camilo Aldao; Avenida Juan José Paso,-32.91976129999999,-60.6967437,55.0,538.0,Municipio Rosario,Municipio,Rosario,820210,Servicio de Catastro e Información Territorial,IGN
2017,5696,2017-08-04,Viernes,0.0,20:20:00,,0.0,4,"Automóvil,Automóvil,Automóvil,Pickup/Utilitario",Av. Circunvalacion Y Mendoza,5,2,0,0,3,0,0,,Calle,,ROSARIO,Rosario,Asfalto,No existe,II,S/D,Urbana,Semáforo,S/D,S/D,S/D,S/D,Nocturna,S/D,Múltiple,S/D,Colisión,S/D,"Horizontal,Vertical",Cordón divisorio,S/D,POINT (-60.72253500134355 -32.94050844672854),"['Circunvalacion', 'Mendoza']",2,Avenida de Circunvalación 25 de Mayo; Mendoza,-32.94050844672854,-60.72253500134355,55.0,538.0,Municipio Rosario,Municipio,Rosario,820210,Servicio de Catastro e Información Territorial,IGN
2017,5697,2017-08-06,Domingo,0.0,17:00:00,,0.0,3,"Automóvil,Automóvil,Automóvil",Av. Circunvalacion Y Baigorria,7,5,0,0,2,0,0,,Calle,,ROSARIO,Rosario,Asfalto,Pavimento,II,Dentro,Urbana,Ninguna,No existe,Recta,Bueno,Buena,Diurna,Buen Tiempo,Otro,S/D,Colisión,Ninguna,Faltante,Línea divisoria pintada,Reparación de Vía,POINT (-60.719770260245994 -32.893468154963045),"['Circunvalacion', 'Baigorria']",2,Avenida de Circunvalación 25 de Mayo; Baigorria,-32.893468154963045,-60.719770260246,55.0,538.0,Municipio Rosario,Municipio,Rosario,820210,Servicio de Catastro e Información Territorial,IGN
2017,5698,2017-08-12,Sabado,0.0,21:00:00,,0.0,2,"Moto/Ciclomotor,Pickup/Utilitario",Derqui Y Donado,2,1,0,0,1,0,0,,Calle,,ROSARIO,Rosario,Asfalto,No existe,II,S/D,Urbana,Otra Señal,No existe,S/D,S/D,S/D,Nocturna,S/D,S/D,S/D,Colisión,S/D,Vertical,Ninguna,S/D,POINT (-60.72706819999999 -32.93843),"['Derqui', 'Donado']",2,Derqui; José Agustín Donado,-32.93843,-60.72706819999999,55.0,538.0,Municipio Rosario,Municipio,Rosario,820210,Servicio de Catastro e Información Territorial,IGN
2017,5700,2017-08-14,Lunes,0.0,,,0.0,2,"Moto/Ciclomotor,Automóvil",Av. Jorge Newbery 9100,2,1,0,0,1,0,0,,Avenida,,ROSARIO,Rosario,Asfalto,Pavimento,II,Dentro,Urbana,Ninguna,No existe,Recta,Bueno,S/D,S/D,Buen Tiempo,Lateral,S/D,Colisión,Ninguna,S/D,Línea divisoria pintada,S/D,"-32.9091124, -60.7625007",['Jorge Newbery 9100'],1,Jorge Newbery 9100,-32.9091124,-60.7625007,55.0,538.0,Municipio Rosario,Municipio,Rosario,820210,Servicio de Catastro e Información Territorial,IGN
2017,5701,2017-08-13,Domingo,0.0,11:15:00,,0.0,2,"Moto/Ciclomotor,Automóvil",Padre R. Giaccone Y Pte.Roca,2,1,0,0,1,0,0,,Calle,,ROSARIO,Rosario,Asfalto,No existe,II,Dentro,Urbana,Ninguna,No existe,Intersección,Bueno,Buena,Diurna,Otro,Otro,S/D,Colisión,Ninguna,Horizontal,Ninguna,Sin restricción,POINT (-60.655934300000006 -33.00816929999999),"['Padre R. Giaccone', 'Roca']",2,Padre R. Giaccone; Presidente Roca,-33.00816929999999,-60.655934300000006,55.0,538.0,Municipio Rosario,Municipio,Rosario,820210,Servicio de Catastro e Información Territorial,IGN
2017,5702,2017-08-01,Martes,0.0,17:45:00,,0.0,2,"Automóvil,Automóvil",Av. Battle y Ordoñez Y Laprida,2,1,0,0,1,0,0,,Avenida,,ROSARIO,Rosario,Asfalto,No existe,II,S/D,Urbana,Semáforo,Funciona,Recta,Bueno,Buena,Atardecer,Buen Tiempo,Frontal,S/D,Colisión,Ninguna,Vertical,S/D,Sin restricción,POINT (-60.64674879999999 -33.00887749999998),"['Avenida Battle y Ordoñez', 'Laprida']",2,Avenida Battle y Ordoñez; Francisco Narciso Laprida,-33.00887749999998,-60.64674879999999,55.0,538.0,Municipio Rosario,Municipio,Rosario,820210,Servicio de Catastro e Información Territorial,IGN
2017,5707,2017-08-19,Sabado,0.0,17:25:00,,0.0,2,"Automóvil,Moto/Ciclomotor",Buenos Aires Y Rui Barbosa,2,1,0,0,1,0,0,,Calle,,ROSARIO,Rosario,Asfalto,No existe,II,S/D,Urbana,Ninguna,No existe,Recta,Bueno,Buena,Diurna,Buen Tiempo,S/D,S/D,Colisión,Ninguna,Faltante,Ninguna,S/D,POINT (-60.64479980000001 -33.00620899999999),"['Buenos Aires', 'Rui Barbosa']",2,Buenos Aires; Rui Barbosa,-33.00620899999999,-60.64479980000001,55.0,538.0,Municipio Rosario,Municipio,Rosario,820210,Servicio de Catastro e Información Territorial,IGN
2017,5708,2017-08-15,Martes,0.0,,,0.0,2,"Moto/Ciclomotor,Automóvil",Av. Jorge Newbery Y Garcia del Cossio Bis,2,1,0,0,1,0,0,,Calle,,ROSARIO,Rosario,Asfalto,Pavimento,II,Dentro,Urbana,Ninguna,No existe,Intersección,Bueno,Buena,S/D,Buen Tiempo,Lateral,S/D,Colisión,Ninguna,S/D,Línea divisoria pintada,Sin restricción,POINT (-60.747014699999994 -32.90882489999999),"['Jorge Newbery', 'García del Cossio']",2,Avenida Jorge Newbery; García del Cossio,-32.90882489999999,-60.7470147,55.0,538.0,Municipio Rosario,Municipio,Rosario,820210,Servicio de Catastro e Información Territorial,IGN
2017,5709,2017-08-05,Sabado,0.0,23:00:00,,0.0,2,"Moto/Ciclomotor,Automóvil",Av. Ovidio Lagos Y Av. Arijon,2,1,0,0,0,0,1,,Avenida,,ROSARIO,Rosario,Asfalto,No existe,II,Dentro,Urbana,Ninguna,No funciona,Intersección,Bueno,Buena,Nocturna,Buen Tiempo,Lateral,S/D,Colisión,Ninguna,Horizontal,Cordón divisorio,Sin restricción,POINT (-60.6761369 -33.0038701),"['Avenida Ovidio Lagos', 'Avenida Manuel Arijón']",2,Avenida Ovidio Lagos; Avenida Manuel Arijón,-33.0038701,-60.6761369,55.0,538.0,Municipio Rosario,Municipio,Rosario,820210,Servicio de Catastro e Información Territorial,IGN
2017,5711,2017-08-09,Miercoles,0.0,18:50:00,,0.0,2,"Peatón,Automóvil",Av. Ovidio Lagos Y Av. Circunvalacion,2,1,0,0,1,0,0,,Avenida,,ROSARIO,Rosario,Asfalto,Natural,II,Dentro,Urbana,Semáforo,Funciona,Curva,Bueno,Buena,Diurna,Buen Tiempo,S/D,Peatón,Atropello,S/D,Vertical,Cordón divisorio,Sin restricción,POINT (-60.67699098957188 -33.00797177001669),"['Avenida Ovidio Lagos', 'Circunvalacion']",2,Avenida Ovidio Lagos; Avenida de Circunvalación 25 de Mayo,-33.00797177001669,-60.67699098957188,55.0,538.0,Municipio Rosario,Municipio,Rosario,820210,Servicio de Catastro e Información Territorial,IGN
2017,5712,2017-08-27,Domingo,0.0,5:45:00,,0.0,2,"Automóvil,Moto/Ciclomotor",Av. Battle y Ordoñez Y Melincue,3,1,1,0,1,0,0,,Calle,,ROSARIO,Rosario,Asfalto,No existe,II,S/D,Urbana,Ninguna,No existe,Intersección,Bueno,Reducida,Amanecer,Buen Tiempo,De alcance,S/D,Colisión,Ninguna,Horizontal,Ninguna,Sin restricción,POINT (-60.647600700000005 -33.00889619999998),"['Avenida Battle y Ordoñez', 'Melincué']",2,Avenida Battle y Ordoñez; Melincué,-33.00889619999998,-60.647600700000005,55.0,538.0,Municipio Rosario,Municipio,Rosario,820210,Servicio de Catastro e Información Territorial,IGN
2017,5713,2017-08-21,Lunes,0.0,11:00:00,,0.0,2,"Pickup/Utilitario,Automóvil",Laprida Y La Paz,2,1,0,0,1,0,0,,Calle,,ROSARIO,Rosario,Asfalto,No existe,II,Dentro,Urbana,Ninguna,No existe,Intersección,Bueno,Buena,Diurna,Buen Tiempo,De alcance,S/D,Colisión,Ninguna,Faltante,Línea divisoria pintada,Sin restricción,POINT (-60.6387109 -32.96486649999999),"['Laprida', 'La Paz']",2,Francisco Narciso Laprida; La Paz,-32.96486649999999,-60.6387109,55.0,538.0,Municipio Rosario,Municipio,Rosario,820210,Servicio de Catastro e Información Territorial,IGN