anio_acci,nro_acci,fecha,desc_dia,fecha_aprox,hora_aprox,desc_ruta,km,cant_participantes,desc_participante,calle_avenida_km,total,heridos_leves,heridos_graves,heridos_gravisimos,ilesos,fallecidos,sin_datos,posicion_XY,desc_tipo_via,desc_ruta_ori,desc_loc,desc_dpto,desc_tipo_calzada,desc_tipo_banquina,desc_unidad_regional,desc_lugar_calzada,desc_zona,desc_prioridad,desc_estado_semaforo,desc_lugar_via,desc_estado_via,desc_estado_visibilidad,desc_luminosidad,desc_estado_clima,desc_tipo_colision,desc_tipo_atropello,desc_tipo_hecho,desc_pres_calzada,desc_senializacion,desc_separacion_via,desc_restriccion,forma_geocod,calle_lista,numero_calles,calles_osm,lat,lon,index_right,gid,fna,gna,nam,in1,fdc,sag
2017,5714,2017-08-16,Miercoles,0.0,10:00:00,,0.0,2,"Automóvil,Automóvil",Salvat 2700,6,5,0,0,1,0,0,,Calle,,ROSARIO,Rosario,Asfalto,No existe,II,Dentro,Urbana,S/D,No existe,Recta,Bueno,Buena,Diurna,Buen Tiempo,Lateral,S/D,Colisión,Ninguna,S/D,Ninguna,Sin restricción,"-32.8830872, -60.7210418",['Salvat 2700'],1,Salvat 2700,-32.8830872,-60.7210418,55.0,538.0,Municipio Rosario,Municipio,Rosario,820210,Servicio de Catastro e Información Territorial,IGN
2017,5715,2017-08-02,Miercoles,0.0,21:10:00,,0.0,2,"Moto/Ciclomotor,Automóvil",Ayala Gauna Y Tarragona,2,1,0,0,1,0,0,,Calle,,ROSARIO,Rosario,Asfalto,No existe,II,S/D,Urbana,S/D,No existe,Intersección,S/D,S/D,Nocturna,S/D,S/D,S/D,Colisión,S/D,Faltante,Ninguna,S/D,POINT (-60.7352862 -32.9125474),"['Ayala Gauna', 'Tarragona']",2,Ayala Gauna; Tarragona,-32.9125474,-60.7352862,55.0,538.0,Municipio Rosario,Municipio,Rosario,820210,Servicio de Catastro e Información Territorial,IGN
2017,5716,2017-08-26,Sabado,0.0,8:15:00,,0.0,1,Automóvil,España Y H. Brandoni,2,1,1,0,0,0,0,,Calle,,ROSARIO,Rosario,Asfalto,No existe,II,S/D,Urbana,Ninguna,No existe,Recta,Bueno,Buena,Diurna,Buen Tiempo,S/D,S/D,Despiste,Ninguna,Faltante,Ninguna,Sin restricción,POINT (-60.65747330000001 -33.006239199999996),"['España', 'Brandoni']",2,España; Brandoni,-33.0062392,-60.65747330000001,55.0,538.0,Municipio Rosario,Municipio,Rosario,820210,Servicio de Catastro e Información Territorial,IGN
2017,5718,2017-08-06,Domingo,0.0,9:00:00,,0.0,2,"Pickup/Utilitario,Camión",Av. Arijon Y Mariano Moreno,2,1,0,0,1,0,0,,Calle,,ROSARIO,Rosario,Asfalto,No existe,II,Dentro,Urbana,Semáforo,Funciona,Intersección,Bueno,Buena,Diurna,Buen Tiempo,Lateral,S/D,Colisión,Ninguna,Vertical,Cordón divisorio,Sin restricción,POINT (-60.6618893 -33.003447599999994),"['Avenida Manuel Arijón', 'Mariano Moreno']",2,Avenida Manuel Arijón; Mariano Moreno,-33.003447599999994,-60.6618893,55.0,538.0,Municipio Rosario,Municipio,Rosario,820210,Servicio de Catastro e Información Territorial,IGN
2017,5719,2017-08-03,Jueves,0.0,17:10:00,,0.0,2,"Moto/Ciclomotor,Automóvil",Bv. Wilde Y Av. Jorge Newbery,2,1,0,0,1,0,0,,Avenida,,ROSARIO,Rosario,Asfalto,Natural,I,S/D,Urbana,Señal Pare,No existe,S/D,S/D,S/D,Diurna,S/D,S/D,S/D,Colisión,S/D,Vertical,Ninguna,S/D,POINT (-60.73985405 -32.90873845),"['Bulevar Wilde', 'Jorge Newbery']",2,Bulevar Wilde; Avenida Jorge Newbery,-32.90873845,-60.73985405,55.0,538.0,Municipio Rosario,Municipio,Rosario,820210,Servicio de Catastro e Información Territorial,IGN
2017,5720,2017-08-07,Lunes,0.0,11:45:00,,0.0,2,"Moto/Ciclomotor,Pickup/Utilitario",Av. Ntra.Sra.del Rosario Y Rodriguez,2,1,0,0,1,0,0,,Avenida,,ROSARIO,Rosario,Asfalto,No existe,II,Dentro,Urbana,Ninguna,No existe,Intersección,Bueno,Buena,Diurna,Buen Tiempo,Lateral,S/D,Colisión,Ninguna,Faltante,Ninguna,Sin restricción,POINT (-60.6703096 -33.00074479999999),"['Nuestra Señora del Rosario', 'Rodríguez']",2,Puente Nuestra Señora del Rosario; Rodríguez de Escobedo,-33.00074479999999,-60.6703096,55.0,538.0,Municipio Rosario,Municipio,Rosario,820210,Servicio de Catastro e Información Territorial,IGN
2017,5721,2017-08-11,Viernes,0.0,14:00:00,,0.0,2,"Automóvil,Vehículo Oficial",Av. Jorge Newbery Y Tarragona,4,2,0,0,2,0,0,,Calle,,ROSARIO,Rosario,Asfalto,Natural,II,S/D,Urbana,S/D,No existe,Intersección,S/D,S/D,Diurna,S/D,S/D,S/D,Colisión,Agua,Faltante,Ninguna,S/D,POINT (-60.7354351 -32.90855883333333),"['Jorge Newbery', 'Tarragona']",2,Avenida Jorge Newbery; Tarragona,-32.90855883333333,-60.7354351,55.0,538.0,Municipio Rosario,Municipio,Rosario,820210,Servicio de Catastro e Información Territorial,IGN
2017,5723,2017-08-05,Sabado,0.0,13:55:00,,0.0,2,"Peatón,Moto/Ciclomotor",Mariano Moreno Y Khantuta,2,2,0,0,0,0,0,,Calle,,ROSARIO,Rosario,Asfalto,No existe,II,Dentro,Urbana,Ninguna,No existe,Recta,Bueno,Buena,Diurna,Buen Tiempo,S/D,Peatón,Atropello,Ninguna,Faltante,Ninguna,Sin restricción,POINT (-60.661448899999996 -33.01231369999999),"['Mariano Moreno', 'Khantuta']",2,Mariano Moreno; Khantuta,-33.01231369999999,-60.6614489,55.0,538.0,Municipio Rosario,Municipio,Rosario,820210,Servicio de Catastro e Información Territorial,IGN
2017,5724,2017-08-12,Sabado,0.0,19:30:00,,0.0,2,"Moto/Ciclomotor,Automóvil",Donado Y Av. Jorge Newbery,2,1,0,0,1,0,0,,Calle,,ROSARIO,Rosario,Asfalto,Natural,II,S/D,Urbana,S/D,No existe,Intersección,S/D,S/D,Atardecer,S/D,S/D,S/D,Colisión,S/D,Faltante,Ninguna,S/D,POINT (-60.728404966666666 -32.908371466666665),"['Donado', 'Jorge Newbery']",2,José Agustín Donado; Avenida Jorge Newbery,-32.908371466666665,-60.728404966666666,55.0,538.0,Municipio Rosario,Municipio,Rosario,820210,Servicio de Catastro e Información Territorial,IGN
2017,5726,2017-08-03,Jueves,0.0,17:30:00,,0.0,2,"Automóvil,Moto/Ciclomotor",Bv. Segui Y G.Carrasco,2,1,0,0,1,0,0,,Avenida,,ROSARIO,Rosario,Asfalto,No existe,II,S/D,Urbana,Ninguna,No existe,Intersección,Bueno,Buena,"Nocturna,Con luz artificial",Buen Tiempo,Lateral,S/D,Colisión,Ninguna,Faltante,Cordón divisorio,Sin restricción,POINT (-60.6710571 -32.9746713),"['Bulevar Juan Francisco Seguí', 'Carrasco']",2,Bulevar Juan Francisco Seguí; Omar Carrasco,-32.9746713,-60.6710571,55.0,538.0,Municipio Rosario,Municipio,Rosario,820210,Servicio de Catastro e Información Territorial,IGN
2017,5727,2017-08-18,Viernes,0.0,8:10:00,,0.0,2,"Moto/Ciclomotor,Pickup/Utilitario",Bv. Wilde Y Av. Jorge Newbery,2,1,0,0,1,0,0,,Avenida,,ROSARIO,Rosario,Asfalto,Natural,II,S/D,Urbana,Señal Pare,No existe,S/D,S/D,S/D,Amanecer,S/D,S/D,S/D,Colisión,S/D,Vertical,Ninguna,S/D,POINT (-60.73985405 -32.90873845),"['Bulevar Wilde', 'Jorge Newbery']",2,Bulevar Wilde; Avenida Jorge Newbery,-32.90873845,-60.73985405,55.0,538.0,Municipio Rosario,Municipio,Rosario,820210,Servicio de Catastro e Información Territorial,IGN
2017,5728,2017-08-22,Martes,0.0,20:00:00,,0.0,2,"Transporte de Pasajeros Urbano (> 8 asientos),Moto/Ciclomotor",Dr.Rivas Y Vera Mujica,2,1,0,0,1,0,0,,Calle,,ROSARIO,Rosario,Asfalto,Natural,II,Dentro,Urbana,Ninguna,No existe,Intersección,Bueno,Buena,Nocturna,Buen Tiempo,Lateral,S/D,Colisión,Ninguna,S/D,Ninguna,Sin restricción,POINT (-60.67631750000001 -32.97853870000001),"['Doctor Francisco Riva', 'Vera Mujíca']",2,Doctor Francisco Riva; Vera Mujíca,-32.97853870000001,-60.67631750000001,55.0,538.0,Municipio Rosario,Municipio,Rosario,820210,Servicio de Catastro e Información Territorial,IGN
2017,5729,2017-08-31,Jueves,0.0,13:00:00,,0.0,2,"Moto/Ciclomotor,Bicicleta",Republica de Irak Y Ongamira,2,1,1,0,0,0,0,,Calle,,ROSARIO,Rosario,Asfalto,No existe,II,Dentro,Urbana,Ninguna,No existe,Intersección,Bueno,Buena,Diurna,Buen Tiempo,S/D,Ciclista,Atropello,Ninguna,Faltante,Ninguna,Sin restricción,POINT (-60.70679419999999 -32.886929000000016),"['República de Irak', 'Ongamira']",2,República de Irak; Ongamira,-32.886929000000016,-60.70679419999999,55.0,538.0,Municipio Rosario,Municipio,Rosario,820210,Servicio de Catastro e Información Territorial,IGN
2017,5730,2017-08-17,Jueves,0.0,16:40:00,,0.0,2,"Automóvil,Taxi/Remis",Av. Francia Y Dr.Rivas,2,2,0,0,0,0,0,,Avenida,,ROSARIO,Rosario,Asfalto,S/D,II,S/D,Urbana,Ninguna,No existe,Intersección,Bueno,Buena,Diurna,Buen Tiempo,Frontal,S/D,Colisión,Ninguna,Vertical,Cordón divisorio,Sin restricción,POINT (-60.674926600000006 -32.978783),"['Avenida Francia', 'Doctor Francisco Riva']",2,Avenida Francia; Doctor Francisco Riva,-32.978783,-60.674926600000006,55.0,538.0,Municipio Rosario,Municipio,Rosario,820210,Servicio de Catastro e Información Territorial,IGN
2017,5731,2017-08-18,Viernes,0.0,8:40:00,,0.0,2,"Automóvil,Transporte de Pasajeros Urbano (> 8 asientos)",Schweitzer Y Donado,8,6,0,0,2,0,0,,S/D,,ROSARIO,Rosario,Asfalto,No existe,II,S/D,Urbana,S/D,No existe,Intersección,S/D,S/D,Diurna,S/D,S/D,S/D,Colisión,S/D,Faltante,Ninguna,S/D,POINT (-60.72819055 -32.9135311),"['Albert Schweitzer', 'Donado']",2,Albert Schweitzer; José Agustín Donado,-32.9135311,-60.72819055,55.0,538.0,Municipio Rosario,Municipio,Rosario,820210,Servicio de Catastro e Información Territorial,IGN
2017,5732,2017-08-02,Miercoles,0.0,17:30:00,,0.0,2,"Automóvil,Automóvil",Dr.Rivas Y Crespo,5,3,0,0,2,0,0,,Calle,,ROSARIO,Rosario,Asfalto,No existe,II,S/D,Urbana,Ninguna,No existe,Intersección,Bueno,Buena,Diurna,Buen Tiempo,Lateral,S/D,Colisión,Ninguna,Faltante,Ninguna,Sin restricción,POINT (-60.6776144 -32.9783008),"['Doctor Francisco Riva', 'Crespo']",2,Doctor Francisco Riva; Crespo,-32.9783008,-60.6776144,55.0,538.0,Municipio Rosario,Municipio,Rosario,820210,Servicio de Catastro e Información Territorial,IGN
2017,5733,2017-08-31,Jueves,0.0,,,0.0,2,"Moto/Ciclomotor,Pickup/Utilitario",Superi Y Union,3,2,0,0,1,0,0,,Calle,,ROSARIO,Rosario,Asfalto,No existe,II,Dentro,Urbana,Ninguna,No existe,Intersección,Bueno,Buena,Diurna,Buen Tiempo,Lateral,S/D,Colisión,Ninguna,S/D,Ninguna,Sin restricción,POINT (-60.7023202 -32.89639519999999),"['Superi', 'Unión']",2,Comandante José Superí; Unión,-32.89639519999999,-60.7023202,55.0,538.0,Municipio Rosario,Municipio,Rosario,820210,Servicio de Catastro e Información Territorial,IGN
2017,5858,2017-09-06,Miercoles,0.0,9:20:00,,0.0,2,"Pickup/Utilitario,Moto/Ciclomotor",Montevideo Y Laprida,5,1,1,0,3,0,0,,Calle,,ROSARIO,Rosario,Asfalto,No existe,II,S/D,Urbana,Paso Peatonal,No existe,Intersección,S/D,S/D,Diurna,S/D,S/D,S/D,Colisión,S/D,Horizontal,S/D,S/D,POINT (-60.636619800000005 -32.95683329999999),"['Montevideo', 'Laprida']",2,Montevideo; Francisco Narciso Laprida,-32.95683329999999,-60.636619800000005,55.0,538.0,Municipio Rosario,Municipio,Rosario,820210,Servicio de Catastro e Información Territorial,IGN
2017,5861,2017-09-05,Martes,0.0,11:50:00,,0.0,2,"Taxi/Remis,Peatón",San Lorenzo Y San Martin,2,1,0,0,1,0,0,,Calle,,ROSARIO,Rosario,Asfalto,No existe,II,S/D,Urbana,Señal Pare,No existe,Intersección,S/D,S/D,Diurna,S/D,S/D,Peatón,Atropello,S/D,"Horizontal,Vertical",Cordón divisorio,Sin restricción,POINT (-60.636237 -32.944804399999995),"['San Lorenzo', 'San Martin']",2,San Lorenzo; José de San Martín,-32.944804399999995,-60.636237,55.0,538.0,Municipio Rosario,Municipio,Rosario,820210,Servicio de Catastro e Información Territorial,IGN
2017,5863,2017-09-06,Miercoles,0.0,14:25:00,,0.0,2,"Peatón,Automóvil",3 De Febrero Y Pte.Roca,2,1,0,0,1,0,0,,Calle,,ROSARIO,Rosario,Asfalto,No existe,II,S/D,Urbana,Paso Peatonal,No existe,Intersección,S/D,S/D,Diurna,S/D,S/D,Peatón,Atropello,S/D,Horizontal,Ninguna,S/D,POINT (-60.6466869 -32.9515312),"['3 de Febrero', 'Roca']",2,3 de Febrero; Presidente Roca,-32.9515312,-60.6466869,55.0,538.0,Municipio Rosario,Municipio,Rosario,820210,Servicio de Catastro e Información Territorial,IGN
2017,5865,2017-09-18,Lunes,0.0,8:00:00,,0.0,2,"Automóvil,Automóvil",Dorrego Y Catamarca,2,1,0,0,1,0,0,,Calle,,ROSARIO,Rosario,Asfalto,No existe,II,S/D,Urbana,S/D,No existe,Intersección,S/D,S/D,Diurna,S/D,S/D,S/D,Colisión,S/D,Faltante,S/D,S/D,POINT (-60.6477047 -32.9386371),"['Dorrego', 'Catamarca']",2,Manuel Dorrego; Catamarca,-32.9386371,-60.6477047,55.0,538.0,Municipio Rosario,Municipio,Rosario,820210,Servicio de Catastro e Información Territorial,IGN
2017,5867,2017-09-09,Sabado,0.0,1:30:00,,0.0,2,"Automóvil,Pickup/Utilitario",Rioja Y 1 de Mayo,2,1,0,0,1,0,0,,Calle,,ROSARIO,Rosario,Asfalto,No existe,II,Dentro,Urbana,S/D,S/D,Intersección,Bueno,S/D,Nocturna,S/D,Lateral,S/D,Colisión,S/D,S/D,Cordón divisorio,S/D,POINT (-60.63017589999999 -32.94932690000001),"['Rioja', 'Primero de Mayo']",2,Rioja; Primero de Mayo,-32.94932690000001,-60.63017589999999,55.0,538.0,Municipio Rosario,Municipio,Rosario,820210,Servicio de Catastro e Información Territorial,IGN
2017,5869,2017-09-23,Sabado,0.0,20:00:00,,0.0,2,"Moto/Ciclomotor,Automóvil",J.M.de Rosas 1600,2,1,0,0,1,0,0,,Calle,,ROSARIO,Rosario,Asfalto,No existe,II,Dentro,Urbana,Paso Peatonal,No existe,Recta,Bueno,Buena,Nocturna,S/D,Otro,S/D,Colisión,S/D,Horizontal,Ninguna,S/D,"-32.9490771, -60.6315334",['J M De Rosas 1600'],1,J M De Rosas 1600,-32.9490771,-60.6315334,55.0,538.0,Municipio Rosario,Municipio,Rosario,820210,Servicio de Catastro e Información Territorial,IGN
2017,5927,2017-09-02,Sabado,0.0,14:00:00,,0.0,2,"Automóvil,Automóvil",Av. Ovidio Lagos Y Montevideo,4,1,0,0,3,0,0,,S/D,,ROSARIO,Rosario,Asfalto,No existe,II,Dentro,Urbana,Semáforo,Funciona,Recta,Bueno,Buena,Diurna,Buen Tiempo,De alcance,S/D,Colisión,Ninguna,"Horizontal,Vertical",Ninguna,Sin restricción,POINT (-60.663899 -32.95198729999999),"['Avenida Ovidio Lagos', 'Montevideo']",2,Avenida Ovidio Lagos; Montevideo,-32.95198729999999,-60.663899,55.0,538.0,Municipio Rosario,Municipio,Rosario,820210,Servicio de Catastro e Información Territorial,IGN
2017,5928,2017-09-26,Martes,0.0,16:30:00,,0.0,2,"Automóvil,Bicicleta",Rioja Y Vera Mujica,2,1,0,0,1,0,0,,Calle,,ROSARIO,Rosario,Asfalto,No existe,II,Dentro,Urbana,Ninguna,No existe,Intersección,Bueno,Buena,Diurna,Buen Tiempo,S/D,Ciclista,Atropello,Ninguna,Faltante,Ninguna,Sin restricción,POINT (-60.6672045 -32.94245649999999),"['Rioja', 'Vera Mujíca']",2,Rioja; Vera Mujíca,-32.94245649999999,-60.6672045,55.0,538.0,Municipio Rosario,Municipio,Rosario,820210,Servicio de Catastro e Información Territorial,IGN
2017,5929,2017-09-22,Viernes,0.0,18:30:00,,0.0,3,"Peatón,Peatón,Automóvil",San Juan Y Callao,3,1,0,0,2,0,0,,Calle,,ROSARIO,Rosario,Asfalto,No existe,II,Dentro,Urbana,Semáforo,Funciona,Intersección,Bueno,Buena,Atardecer,Buen Tiempo,S/D,Peatón,Atropello,Ninguna,Faltante,Ninguna,Sin restricción,POINT (-60.661054400000005 -32.9462311),"['San Juan', 'Callao']",2,San Juan; Callao,-32.9462311,-60.661054400000005,55.0,538.0,Municipio Rosario,Municipio,Rosario,820210,Servicio de Catastro e Información Territorial,IGN
2017,5930,2017-09-22,Viernes,0.0,18:20:00,,0.0,2,"Moto/Ciclomotor,Automóvil",Av. Pellegrini Y Gutenberg,2,1,0,0,1,0,0,,Calle,,ROSARIO,Rosario,Asfalto,No existe,II,Dentro,Urbana,Ninguna,Funciona,Intersección,Bueno,Buena,Diurna,Buen Tiempo,De alcance,S/D,Colisión,Ninguna,Vertical,Ninguna,Sin restricción,POINT (-60.690030349999994 -32.94847924999999),"['Pellegrini', 'Gutenberg']",2,Avenida Carlos Pellegrini; Gutenberg,-32.94847924999999,-60.69003035,55.0,538.0,Municipio Rosario,Municipio,Rosario,820210,Servicio de Catastro e Información Territorial,IGN
2017,5932,2017-09-22,Viernes,0.0,10:55:00,,0.0,2,"Automóvil,Automóvil",Montevideo Y Rodriguez,4,2,0,0,1,0,1,,Calle,,ROSARIO,Rosario,Asfalto,No existe,II,Dentro,Urbana,Ninguna,No existe,Intersección,Bueno,Buena,Diurna,Buen Tiempo,De alcance,S/D,Colisión,Ninguna,Faltante,Ninguna,Obra en Construcción,POINT (-60.6611618 -32.9524613),"['Montevideo', 'Rodríguez']",2,Montevideo; Rodríguez de Escobedo,-32.9524613,-60.6611618,55.0,538.0,Municipio Rosario,Municipio,Rosario,820210,Servicio de Catastro e Información Territorial,IGN
2017,5933,2017-09-14,Jueves,0.0,18:50:00,,0.0,2,"Automóvil,Moto/Ciclomotor",San Luis Y Av. Ovidio Lagos,2,1,0,0,1,0,0,,Calle,,ROSARIO,Rosario,Asfalto,No existe,II,Dentro,Urbana,Ninguna,Funciona,Intersección,Bueno,Buena,Diurna,Buen Tiempo,De alcance,S/D,Colisión,Ninguna,Vertical,Ninguna,Sin restricción,POINT (-60.6621155 -32.9448915),"['San Luis', 'Avenida Ovidio Lagos']",2,San Luis; Avenida Ovidio Lagos,-32.9448915,-60.6621155,55.0,538.0,Municipio Rosario,Municipio,Rosario,820210,Servicio de Catastro e Información Territorial,IGN
2017,5934,2017-09-18,Lunes,0.0,13:30:00,,0.0,2,"Bicicleta,Automóvil",E.Zeballos Y Bv. Avellaneda,2,1,0,0,1,0,0,,Avenida,,ROSARIO,Rosario,Asfalto,No existe,II,Fuera,Urbana,Semáforo,Funciona,Recta,Bueno,Buena,Diurna,Buen Tiempo,S/D,Ciclista,Atropello,Ninguna,Faltante,Ninguna,Sin restricción,POINT (-60.68126855 -32.94766455),"['Zeballos', 'Avellaneda']",2,Zeballos; Bulevar Nicolás Avellaneda,-32.94766455,-60.68126855,55.0,538.0,Municipio Rosario,Municipio,Rosario,820210,Servicio de Catastro e Información Territorial,IGN
2017,5935,2017-09-01,Viernes,0.0,22:45:00,,0.0,2,"Moto/Ciclomotor,Automóvil",Av. Pellegrini Y Iriondo,2,1,0,0,0,0,1,,Calle,,ROSARIO,Rosario,Asfalto,No existe,II,Dentro,Urbana,Ninguna,No existe,Recta,Bueno,Buena,Nocturna,Buen Tiempo,De alcance,S/D,Colisión,Ninguna,Faltante,Barrera de hormigón,Sin restricción,POINT (-60.6723408 -32.95164905),"['Pellegrini', 'Iriondo']",2,Avenida Carlos Pellegrini; Iriondo,-32.95164905,-60.6723408,55.0,538.0,Municipio Rosario,Municipio,Rosario,820210,Servicio de Catastro e Información Territorial,IGN
2017,5936,2017-09-05,Martes,0.0,5:35:00,,0.0,2,"Automóvil,Automóvil",Av. Francia Y Mendoza,2,2,0,0,0,0,0,,Avenida,,ROSARIO,Rosario,Asfalto,No existe,II,Dentro,Urbana,Semáforo,Funciona,Intersección,Bueno,Buena,Nocturna,Buen Tiempo,De alcance,S/D,Colisión,Ninguna,Faltante,Ninguna,Sin restricción,POINT (-60.6668048 -32.946657849999994),"['Avenida Francia', 'Mendoza']",2,Avenida Francia; Mendoza,-32.946657849999994,-60.6668048,55.0,538.0,Municipio Rosario,Municipio,Rosario,820210,Servicio de Catastro e Información Territorial,IGN
2017,5938,2017-09-09,Sabado,0.0,20:35:00,,0.0,2,"Moto/Ciclomotor,Automóvil",Iriondo Y Montevideo,3,1,0,0,2,0,0,,Calle,,ROSARIO,Rosario,Asfalto,No existe,II,Fuera,Urbana,Ninguna,No existe,Intersección,Bueno,Buena,Nocturna,Buen Tiempo,De alcance,S/D,Colisión,Ninguna,Faltante,Ninguna,Sin restricción,POINT (-60.6720567 -32.9505233),"['Iriondo', 'Montevideo']",2,Iriondo; Montevideo,-32.9505233,-60.6720567,55.0,538.0,Municipio Rosario,Municipio,Rosario,820210,Servicio de Catastro e Información Territorial,IGN
2017,5941,2017-09-06,Miercoles,0.0,16:30:00,,0.0,2,"Automóvil,Automóvil",Pueyrredon Y 9 De Julio,2,1,0,0,1,0,0,,Calle,,ROSARIO,Rosario,Asfalto,No existe,II,Dentro,Urbana,Ninguna,No existe,Intersección,Bueno,Buena,Diurna,Buen Tiempo,Lateral,S/D,Colisión,Ninguna,Faltante,Ninguna,Sin restricción,POINT (-60.65923800000001 -32.95042960000001),"['Pueyrredón', '9 de Julio']",2,Pueyrredón; 9 de Julio,-32.95042960000001,-60.65923800000001,55.0,538.0,Municipio Rosario,Municipio,Rosario,820210,Servicio de Catastro e Información Territorial,IGN
2017,5942,2017-09-17,Domingo,0.0,21:35:00,,0.0,2,"Automóvil,Bicicleta",Montevideo 4496,2,1,0,0,1,0,0,,Calle,,ROSARIO,Rosario,Asfalto,Pavimento,II,Dentro,Urbana,Ninguna,No existe,Recta,Bueno,Buena,Nocturna,Buen Tiempo,S/D,Ciclista,Atropello,Ninguna,Faltante,Ninguna,Sin restricción,"-32.94784766734694, -60.68679079591836",['Montevideo 4496'],1,Montevideo 4496,-32.94784766734694,-60.68679079591836,55.0,538.0,Municipio Rosario,Municipio,Rosario,820210,Servicio de Catastro e Información Territorial,IGN
2017,5944,2017-09-23,Sabado,0.0,17:30:00,,0.0,2,"Moto/Ciclomotor,Taxi/Remis",Av. Francia Y Santa Fe,3,2,0,0,1,0,0,,Calle,,ROSARIO,Rosario,Asfalto,No existe,II,Dentro,Urbana,Semáforo,Funciona,Intersección,Bueno,Buena,Diurna,Buen Tiempo,Lateral,S/D,Colisión,S/D,Vertical,S/D,Sin restricción,POINT (-60.66519785 -32.94019899999999),"['Avenida Francia', 'Santa Fe']",2,Avenida Francia; Santa Fe,-32.94019899999999,-60.66519785,55.0,538.0,Municipio Rosario,Municipio,Rosario,820210,Servicio de Catastro e Información Territorial,IGN
2017,5945,2017-09-02,Sabado,0.0,8:40:00,,0.0,2,"Moto/Ciclomotor,Automóvil",Alsina Y E.Zeballos,2,1,0,0,1,0,0,,Calle,,ROSARIO,Rosario,Asfalto,S/D,II,Fuera,Urbana,Ninguna,No existe,Intersección,Bueno,Buena,Diurna,Buen Tiempo,De alcance,S/D,Colisión,Ninguna,Faltante,Ninguna,Sin restricción,POINT (-60.6785567 -32.948147299999995),"['Alsina', 'Zeballos']",2,Alsina; Zeballos,-32.948147299999995,-60.6785567,55.0,538.0,Municipio Rosario,Municipio,Rosario,820210,Servicio de Catastro e Información Territorial,IGN
2017,5947,2017-09-20,Miercoles,0.0,7:20:00,,0.0,2,"Moto/Ciclomotor,Automóvil",Montevideo Y Servando Bayo,2,0,1,0,0,0,1,,Calle,,ROSARIO,Rosario,Asfalto,No existe,II,Dentro,Urbana,Ninguna,No existe,Intersección,Bueno,Buena,Amanecer,Buen Tiempo,Frontal,S/D,Colisión,Ninguna,Faltante,Ninguna,Sin restricción,POINT (-60.6870051 -32.9478573),"['Montevideo', 'Servando Bayo']",2,Montevideo; Servando Bayo,-32.9478573,-60.6870051,55.0,538.0,Municipio Rosario,Municipio,Rosario,820210,Servicio de Catastro e Información Territorial,IGN
2017,5948,2017-09-20,Miercoles,0.0,17:00:00,,0.0,2,"Automóvil,Moto/Ciclomotor",Carriego Y Marcos Paz,2,1,0,0,1,0,0,,Calle,,ROSARIO,Rosario,Asfalto,No existe,II,S/D,Urbana,Ninguna,No existe,Intersección,Bueno,Buena,Diurna,Buen Tiempo,Frontal,S/D,Colisión,Ninguna,Faltante,Ninguna,Sin restricción,POINT (-60.68976370000001 -32.9418347),"['Carriego', 'Marcos Paz']",2,Carriego; Marcos Paz,-32.9418347,-60.68976370000001,55.0,538.0,Municipio Rosario,Municipio,Rosario,820210,Servicio de Catastro e Información Territorial,IGN
2017,5949,2017-09-04,Lunes,0.0,14:30:00,,0.0,2,"Automóvil,Moto/Ciclomotor",9 De Julio Y Cafferata,2,1,0,0,1,0,0,,Calle,,ROSARIO,Rosario,Asfalto,No existe,II,Dentro,Urbana,Semáforo,Funciona,Recta,Bueno,Buena,Diurna,Buen Tiempo,Lateral,S/D,Colisión,Ninguna,Horizontal,S/D,S/D,POINT (-60.672821500000005 -32.9479728),"['9 de Julio', 'Cafferata']",2,9 de Julio; Cafferata,-32.9479728,-60.672821500000005,55.0,538.0,Municipio Rosario,Municipio,Rosario,820210,Servicio de Catastro e Información Territorial,IGN
2017,5952,2017-09-15,Viernes,0.0,21:45:00,,0.0,2,"Bicicleta,Taxi/Remis",Santiago Y Montevideo,2,1,0,0,1,0,0,,Calle,,ROSARIO,Rosario,Asfalto,No existe,II,Dentro,Urbana,Ninguna,No existe,Recta,Bueno,Buena,Con luz artificial,Buen Tiempo,S/D,Ciclista,Atropello,Ninguna,Faltante,Ninguna,S/D,POINT (-60.6584724 -32.95294310000001),"['Santiago', 'Montevideo']",2,Santiago; Montevideo,-32.95294310000001,-60.6584724,55.0,538.0,Municipio Rosario,Municipio,Rosario,820210,Servicio de Catastro e Información Territorial,IGN
2017,5953,2017-09-15,Viernes,0.0,14:30:00,,0.0,2,"Pickup/Utilitario,Automóvil",3 De Febrero Y Lavalle,2,2,0,0,0,0,0,,Calle,,ROSARIO,Rosario,Asfalto,No existe,II,Dentro,Urbana,Ninguna,No existe,Intersección,Bueno,Buena,Diurna,Buen Tiempo,Lateral,S/D,Colisión,Ninguna,Faltante,Ninguna,Sin restricción,POINT (-60.6793582 -32.94569909999999),"['3 de Febrero', 'Lavalle']",2,3 de Febrero; Lavalle,-32.94569909999999,-60.6793582,55.0,538.0,Municipio Rosario,Municipio,Rosario,820210,Servicio de Catastro e Información Territorial,IGN