anio_acci,nro_acci,fecha,desc_dia,fecha_aprox,hora_aprox,desc_ruta,km,cant_participantes,desc_participante,calle_avenida_km,total,heridos_leves,heridos_graves,heridos_gravisimos,ilesos,fallecidos,sin_datos,posicion_XY,desc_tipo_via,desc_ruta_ori,desc_loc,desc_dpto,desc_tipo_calzada,desc_tipo_banquina,desc_unidad_regional,desc_lugar_calzada,desc_zona,desc_prioridad,desc_estado_semaforo,desc_lugar_via,desc_estado_via,desc_estado_visibilidad,desc_luminosidad,desc_estado_clima,desc_tipo_colision,desc_tipo_atropello,desc_tipo_hecho,desc_pres_calzada,desc_senializacion,desc_separacion_via,desc_restriccion,forma_geocod,calle_lista,numero_calles,calles_osm,lat,lon,index_right,gid,fna,gna,nam,in1,fdc,sag
2017,5954,2017-09-17,Domingo,0.0,,,0.0,2,"Automóvil,Automóvil",San Luis Y Rodriguez,7,2,0,0,5,0,0,,Calle,,ROSARIO,Rosario,Asfalto,No existe,II,Dentro,Urbana,Ninguna,No existe,Intersección,Bueno,Buena,Amanecer,Buen Tiempo,Frontal,S/D,Colisión,Ninguna,Faltante,Ninguna,Sin restricción,POINT (-60.6593596 -32.9453712),"['San Luis', 'Rodríguez']",2,San Luis; Rodríguez de Escobedo,-32.9453712,-60.6593596,55.0,538.0,Municipio Rosario,Municipio,Rosario,820210,Servicio de Catastro e Información Territorial,IGN
2017,5956,2017-09-15,Viernes,0.0,18:05:00,,0.0,3,"Moto/Ciclomotor,Peatón,Moto/Ciclomotor",Bv. Avellaneda Y Santa Fe,4,1,1,0,2,0,0,,Avenida,,ROSARIO,Rosario,Asfalto,No existe,II,Dentro,Urbana,Ninguna,No existe,Intersección,Bueno,Buena,Diurna,Buen Tiempo,Múltiple,S/D,Colisión,Ninguna,Faltante,Ninguna,Sin restricción,POINT (-60.678825950000004 -32.937741700000004),"['Avellaneda', 'Santa Fe']",2,Bulevar Nicolás Avellaneda; Santa Fe,-32.937741700000004,-60.67882595,55.0,538.0,Municipio Rosario,Municipio,Rosario,820210,Servicio de Catastro e Información Territorial,IGN
2017,5959,2017-09-05,Martes,0.0,18:50:00,,0.0,2,"Moto/Ciclomotor,Automóvil",Av. Francia Y San Luis,2,1,0,0,1,0,0,,Avenida,,ROSARIO,Rosario,Asfalto,No existe,II,Dentro,Urbana,Semáforo,Funciona,Recta,Bueno,Buena,Diurna,Buen Tiempo,Lateral,S/D,Colisión,Ninguna,Vertical,Ninguna,Sin restricción,POINT (-60.66618015 -32.9441667),"['Avenida Francia', 'San Luis']",2,Avenida Francia; San Luis,-32.9441667,-60.66618015,55.0,538.0,Municipio Rosario,Municipio,Rosario,820210,Servicio de Catastro e Información Territorial,IGN
2017,5961,2017-09-20,Miercoles,0.0,11:30:00,,0.0,2,"Moto/Ciclomotor,Automóvil",San Juan Y Lima,3,2,0,0,1,0,0,,Calle,,ROSARIO,Rosario,Asfalto,No existe,II,S/D,Urbana,Semáforo,Funciona,Intersección,Bueno,Buena,Diurna,Buen Tiempo,Lateral,S/D,Colisión,Ninguna,Vertical,Ninguna,Sin restricción,POINT (-60.6841697 -32.942117),"['San Juan', 'Lima']",2,San Juan; Lima,-32.942117,-60.6841697,55.0,538.0,Municipio Rosario,Municipio,Rosario,820210,Servicio de Catastro e Información Territorial,IGN
2017,5963,2017-09-01,Viernes,0.0,8:20:00,,0.0,2,"Moto/Ciclomotor,Automóvil",San Luis Y Santiago,3,2,0,0,1,0,0,,Calle,,ROSARIO,Rosario,Asfalto,No existe,II,Dentro,Urbana,Ninguna,No existe,Intersección,Bueno,Buena,Diurna,Buen Tiempo,S/D,S/D,Colisión,Ninguna,S/D,Ninguna,Sin restricción,POINT (-60.656666 -32.945839899999996),"['San Luis', 'Santiago']",2,San Luis; Santiago,-32.9458399,-60.656666,55.0,538.0,Municipio Rosario,Municipio,Rosario,820210,Servicio de Catastro e Información Territorial,IGN
2017,5964,2017-09-20,Miercoles,0.0,19:50:00,,0.0,2,"Automóvil,Automóvil",Constitucion Y Montevideo,2,1,0,0,1,0,0,,Calle,,ROSARIO,Rosario,Asfalto,No existe,II,S/D,Urbana,Ninguna,No existe,Intersección,Bueno,Buena,Atardecer,Buen Tiempo,Frontal,S/D,Colisión,Ninguna,Faltante,Ninguna,Sin restricción,POINT (-60.676135699999996 -32.949792200000005),"['Constitución', 'Montevideo']",2,Constitución; Montevideo,-32.949792200000005,-60.6761357,55.0,538.0,Municipio Rosario,Municipio,Rosario,820210,Servicio de Catastro e Información Territorial,IGN
2017,5968,2017-09-19,Martes,0.0,7:45:00,,0.0,1,Moto/Ciclomotor,Bv. Avellaneda Y Montevideo,1,1,0,0,0,0,0,,Avenida,,ROSARIO,Rosario,Asfalto,No existe,II,S/D,Urbana,Semáforo,Funciona,Intersección,Bueno,Buena,Diurna,Buen Tiempo,S/D,S/D,Caída ocupante,Ninguna,Vertical,S/D,Sin restricción,POINT (-60.68156305 -32.948831999999996),"['Avellaneda', 'Montevideo']",2,Bulevar Nicolás Avellaneda; Montevideo,-32.948832,-60.68156305,55.0,538.0,Municipio Rosario,Municipio,Rosario,820210,Servicio de Catastro e Información Territorial,IGN
2017,5969,2017-09-29,Viernes,0.0,16:15:00,,0.0,2,"Moto/Ciclomotor,Automóvil",Av. Pellegrini 1300,2,1,0,0,1,0,0,,Avenida,,ROSARIO,Rosario,Asfalto,S/D,II,S/D,Urbana,Semáforo,Funciona,Recta,S/D,S/D,Diurna,S/D,Frontal,S/D,Colisión,S/D,S/D,S/D,S/D,"-32.9567109, -60.6435542",['Pellegrini 1300'],1,Pellegrini 1300,-32.9567109,-60.6435542,55.0,538.0,Municipio Rosario,Municipio,Rosario,820210,Servicio de Catastro e Información Territorial,IGN
2017,5970,2017-09-27,Miercoles,0.0,8:40:00,,0.0,2,"Peatón,Moto/Ciclomotor",Rioja 1900,2,1,0,0,1,0,0,,Calle,,ROSARIO,Rosario,S/D,S/D,II,S/D,Urbana,S/D,S/D,Recta,S/D,S/D,Diurna,S/D,S/D,Peatón,Atropello,S/D,S/D,S/D,S/D,"-32.9455772, -60.6493319",['Rioja 1900'],1,Rioja 1900,-32.9455772,-60.6493319,55.0,538.0,Municipio Rosario,Municipio,Rosario,820210,Servicio de Catastro e Información Territorial,IGN
2017,5971,2017-09-01,Viernes,0.0,19:10:00,,0.0,2,"Bicicleta,Automóvil",3 De Febrero Y Castellanos,3,0,1,0,2,0,0,,Calle,,ROSARIO,Rosario,Asfalto,No existe,II,S/D,Urbana,Ninguna,No existe,Intersección,Bueno,Buena,Atardecer,Buen Tiempo,S/D,Ciclista,Atropello,Ninguna,S/D,Ninguna,Sin restricción,POINT (-60.6767004 -32.9461743),"['3 de Febrero', 'Aaron Castellanos']",2,3 de Febrero; Aaron Castellanos,-32.9461743,-60.6767004,55.0,538.0,Municipio Rosario,Municipio,Rosario,820210,Servicio de Catastro e Información Territorial,IGN
2017,5972,2017-09-29,Viernes,0.0,21:25:00,,0.0,2,"Taxi/Remis,Vehículo Oficial",Av. Pellegrini Y Mitre,2,1,1,0,0,0,0,,Avenida,,ROSARIO,Rosario,Asfalto,S/D,II,S/D,Urbana,Semáforo,Funciona,Recta,S/D,S/D,Con luz artificial,S/D,Frontal,S/D,Colisión,S/D,S/D,S/D,S/D,POINT (-60.642289899999994 -32.9570524),"['Pellegrini', 'Mitre']",2,Avenida Carlos Pellegrini; Bartolomé Mitre,-32.9570524,-60.6422899,55.0,538.0,Municipio Rosario,Municipio,Rosario,820210,Servicio de Catastro e Información Territorial,IGN
2017,5973,2017-09-29,Viernes,0.0,12:25:00,,0.0,1,Otros,Tucuman Y Italia,1,1,0,0,0,0,0,,Calle,,ROSARIO,Rosario,Asfalto,S/D,II,S/D,Urbana,S/D,S/D,Intersección,S/D,S/D,Diurna,S/D,S/D,S/D,S/D,S/D,S/D,S/D,S/D,POINT (-60.6466936 -32.9400487),"['Tucumán', 'Italia']",2,Tucumán; Italia,-32.9400487,-60.6466936,55.0,538.0,Municipio Rosario,Municipio,Rosario,820210,Servicio de Catastro e Información Territorial,IGN
2017,5974,2017-09-08,Viernes,0.0,13:30:00,,0.0,2,"Peatón,Automóvil",Mariano Moreno Y Santa Fe,2,1,0,0,1,0,0,,Calle,,ROSARIO,Rosario,Asfalto,No existe,II,Dentro,Urbana,Ninguna,No existe,Recta,Bueno,Buena,Diurna,Buen Tiempo,S/D,Peatón,Atropello,Ninguna,Faltante,Ninguna,Sin restricción,POINT (-60.65025920000001 -32.942853299999996),"['Mariano Moreno', 'Santa Fe']",2,Mariano Moreno; Santa Fe,-32.9428533,-60.65025920000001,55.0,538.0,Municipio Rosario,Municipio,Rosario,820210,Servicio de Catastro e Información Territorial,IGN
2017,5976,2017-09-23,Sabado,0.0,19:45:00,,0.0,2,"Automóvil,Peatón",Pte.Roca Y San Luis,2,1,0,0,1,0,0,,Calle,,ROSARIO,Rosario,Asfalto,S/D,II,S/D,Urbana,S/D,No existe,Intersección,S/D,S/D,"Atardecer,Con luz artificial",S/D,S/D,Peatón,Atropello,S/D,S/D,S/D,S/D,POINT (-60.6457427 -32.9477862),"['Roca', 'San Luis']",2,Presidente Roca; San Luis,-32.9477862,-60.6457427,55.0,538.0,Municipio Rosario,Municipio,Rosario,820210,Servicio de Catastro e Información Territorial,IGN
2017,5979,2017-09-24,Domingo,0.0,14:15:00,,0.0,2,"Automóvil,Moto/Ciclomotor",L.N.Alem Y 3 De Febrero,2,1,0,0,1,0,0,,Calle,,ROSARIO,Rosario,Asfalto,S/D,II,S/D,Urbana,S/D,No existe,Intersección,S/D,S/D,Diurna,S/D,S/D,S/D,Colisión,S/D,S/D,S/D,S/D,POINT (-60.6299037 -32.95446179999999),"['Alem', '3 de Febrero']",2,Leandro N. Alem; 3 de Febrero,-32.95446179999999,-60.6299037,55.0,538.0,Municipio Rosario,Municipio,Rosario,820210,Servicio de Catastro e Información Territorial,IGN
2017,5980,2017-09-27,Miercoles,0.0,14:30:00,,0.0,2,"Pickup/Utilitario,Bicicleta",Galvez Y Buenos Aires,2,1,0,0,1,0,0,,Calle,,ROSARIO,Rosario,Asfalto,S/D,II,S/D,Urbana,S/D,S/D,Intersección,S/D,S/D,Diurna,S/D,S/D,Ciclista,Atropello,S/D,S/D,S/D,S/D,POINT (-60.63830140000001 -32.9697412),"['Galvez', 'Buenos Aires']",2,José Gálvez; Buenos Aires,-32.9697412,-60.63830140000001,55.0,538.0,Municipio Rosario,Municipio,Rosario,820210,Servicio de Catastro e Información Territorial,IGN
2017,5981,2017-09-15,Viernes,0.0,13:30:00,,0.0,2,"Bicicleta,Automóvil",Av. E.Lopez Y Bv. Oroño,2,1,0,0,1,0,0,,Avenida,,ROSARIO,Rosario,Asfalto,No existe,II,Dentro,Urbana,Señal Pare,No existe,Intersección,Bueno,Buena,Diurna,Buen Tiempo,S/D,Ciclista,Atropello,Ninguna,Vertical,Ninguna,Sin restricción,POINT (-60.650012866666664 -32.93078893333333),"['Lopez', 'Bulevar Nicasio Oroño']",2,Autopista Brigadier Estanislao López; Bulevar Nicasio Oroño,-32.93078893333333,-60.65001286666666,55.0,538.0,Municipio Rosario,Municipio,Rosario,820210,Servicio de Catastro e Información Territorial,IGN
2017,5982,2017-09-24,Domingo,0.0,13:00:00,,0.0,2,"Vehículo Oficial,Automóvil",Rioja Y Bv. Oroño,2,1,0,0,1,0,0,,Avenida,,ROSARIO,Rosario,Asfalto,S/D,II,S/D,Urbana,Semáforo,Funciona,Recta,Bueno,Buena,Diurna,S/D,S/D,S/D,Colisión,S/D,S/D,S/D,S/D,POINT (-60.65360565 -32.944843999999996),"['Rioja', 'Bulevar Nicasio Oroño']",2,Rioja; Bulevar Nicasio Oroño,-32.944844,-60.65360565,55.0,538.0,Municipio Rosario,Municipio,Rosario,820210,Servicio de Catastro e Información Territorial,IGN
2017,5983,2017-09-19,Martes,0.0,18:00:00,,0.0,2,"Bicicleta,Automóvil",Pte.Roca Y Jujuy,2,1,0,0,1,0,0,,Calle,,ROSARIO,Rosario,Asfalto,No existe,II,Dentro,Urbana,Ninguna,No existe,Recta,Bueno,Buena,Diurna,Buen Tiempo,S/D,Ciclista,Atropello,Ninguna,Faltante,Ninguna,Sin restricción,POINT (-60.64306650000001 -32.93700309999999),"['Roca', 'Jujuy']",2,Presidente Roca; Jujuy,-32.93700309999999,-60.64306650000001,55.0,538.0,Municipio Rosario,Municipio,Rosario,820210,Servicio de Catastro e Información Territorial,IGN
2017,5984,2017-09-28,Jueves,0.0,10:50:00,,0.0,2,"Moto/Ciclomotor,Camión Chasis",Bv. 27 De Febrero Y Necochea,3,0,1,0,2,0,0,,Avenida,,ROSARIO,Rosario,Asfalto,S/D,II,S/D,Urbana,S/D,S/D,Recta,S/D,S/D,Diurna,S/D,S/D,S/D,Colisión,S/D,S/D,S/D,S/D,POINT (-60.6294936 -32.9701003),"['27 de Febrero', 'Necochea']",2,Bulevar 27 de Febrero; Necochea,-32.9701003,-60.6294936,55.0,538.0,Municipio Rosario,Municipio,Rosario,820210,Servicio de Catastro e Información Territorial,IGN
2017,5985,2017-09-25,Lunes,0.0,11:10:00,,0.0,2,"Automóvil,Transporte de Pasajeros Urbano (> 8 asientos)",San Lorenzo Y Dorrego,3,1,0,0,2,0,0,,Calle,,ROSARIO,Rosario,Asfalto,S/D,II,S/D,Urbana,S/D,S/D,Intersección,S/D,S/D,Diurna,S/D,S/D,S/D,Colisión,S/D,S/D,S/D,S/D,POINT (-60.6486306 -32.94215729999999),"['San Lorenzo', 'Dorrego']",2,San Lorenzo; Manuel Dorrego,-32.94215729999999,-60.6486306,55.0,538.0,Municipio Rosario,Municipio,Rosario,820210,Servicio de Catastro e Información Territorial,IGN
2017,5986,2017-09-25,Lunes,0.0,12:15:00,,0.0,2,"Automóvil,Moto/Ciclomotor",Bv. Oroño Y Tucuman,2,1,0,0,1,0,0,,Avenida,,ROSARIO,Rosario,Asfalto,S/D,II,S/D,Urbana,S/D,S/D,Recta,S/D,S/D,Diurna,S/D,S/D,S/D,Colisión,S/D,S/D,S/D,S/D,POINT (-60.6521219 -32.9390762),"['Bulevar Nicasio Oroño', 'Tucumán']",2,Bulevar Nicasio Oroño; Tucumán,-32.9390762,-60.6521219,55.0,538.0,Municipio Rosario,Municipio,Rosario,820210,Servicio de Catastro e Información Territorial,IGN
2017,5988,2017-09-25,Lunes,0.0,17:50:00,,0.0,2,"Automóvil,Peatón",L.N.Alem Y 9 De Julio,3,1,0,0,2,0,0,,Calle,,ROSARIO,Rosario,Asfalto,S/D,II,S/D,Urbana,Ninguna,No existe,Intersección,S/D,S/D,Diurna,S/D,S/D,Peatón,Atropello,S/D,S/D,Ninguna,S/D,POINT (-60.6301843 -32.9556276),"['Alem', '9 de Julio']",2,Leandro N. Alem; 9 de Julio,-32.9556276,-60.6301843,55.0,538.0,Municipio Rosario,Municipio,Rosario,820210,Servicio de Catastro e Información Territorial,IGN
2017,5989,2017-09-30,Sabado,0.0,17:00:00,,0.0,2,"Automóvil,Vehículo Oficial",Rioja Y Italia,3,1,0,0,2,0,0,,Calle,,ROSARIO,Rosario,Asfalto,No existe,II,S/D,Urbana,Ninguna,No existe,Intersección,S/D,S/D,Diurna,S/D,S/D,S/D,Colisión,S/D,S/D,Ninguna,S/D,POINT (-60.6481592 -32.945870500000005),"['Rioja', 'Italia']",2,Rioja; Italia,-32.945870500000005,-60.6481592,55.0,538.0,Municipio Rosario,Municipio,Rosario,820210,Servicio de Catastro e Información Territorial,IGN
2017,5990,2017-09-21,Jueves,0.0,5:05:00,,0.0,2,"Transporte de Pasajeros Urbano (> 8 asientos),Moto/Ciclomotor",Av. Pellegrini Y Entre Rios,2,1,0,0,1,0,0,,Avenida,,ROSARIO,Rosario,Asfalto,No existe,II,S/D,Urbana,Semáforo,Intermitente,Intersección,S/D,Reducida,"Nocturna,Con luz artificial",Lluvia,S/D,S/D,Colisión,Agua,Vertical,S/D,S/D,POINT (-60.6436612 -32.95680645),"['Pellegrini', 'Entre Ríos']",2,Avenida Carlos Pellegrini; Entre Ríos,-32.95680645,-60.6436612,55.0,538.0,Municipio Rosario,Municipio,Rosario,820210,Servicio de Catastro e Información Territorial,IGN
2017,5992,2017-09-08,Viernes,0.0,19:10:00,,0.0,2,"Automóvil,Peatón",Italia Y Brown,2,1,0,0,1,0,0,,Calle,,ROSARIO,Rosario,Asfalto,No existe,II,S/D,Urbana,Paso Peatonal,No existe,Intersección,S/D,S/D,Diurna,S/D,S/D,Peatón,Atropello,S/D,Faltante,Ninguna,S/D,POINT (-60.6455153 -32.93537130000001),"['Italia', 'Brown']",2,Italia; Almirante Brown,-32.93537130000001,-60.6455153,55.0,538.0,Municipio Rosario,Municipio,Rosario,820210,Servicio de Catastro e Información Territorial,IGN
2017,5993,2017-09-26,Martes,0.0,11:40:00,,0.0,2,"Taxi/Remis,Bicicleta",9 De Julio 1500,3,1,0,0,2,0,0,,Calle,,ROSARIO,Rosario,Asfalto,No existe,II,S/D,Urbana,S/D,No existe,Recta,S/D,S/D,Diurna,S/D,S/D,Ciclista,Atropello,S/D,Faltante,Ninguna,S/D,"-32.9528385, -60.6454814",['9 De Julio 1500'],1,9 De Julio 1500,-32.9528385,-60.6454814,55.0,538.0,Municipio Rosario,Municipio,Rosario,820210,Servicio de Catastro e Información Territorial,IGN
2017,5994,2017-09-17,Domingo,0.0,19:00:00,,0.0,2,"Moto/Ciclomotor,Automóvil",Mitre Y Av. Pellegrini,2,0,1,0,1,0,0,,Avenida,,ROSARIO,Rosario,Asfalto,No existe,II,S/D,Urbana,Semáforo,Funciona,Intersección,S/D,S/D,Diurna,S/D,S/D,S/D,Colisión,S/D,Vertical,S/D,S/D,POINT (-60.642289899999994 -32.9570524),"['Mitre', 'Pellegrini']",2,Bartolomé Mitre; Avenida Carlos Pellegrini,-32.9570524,-60.6422899,55.0,538.0,Municipio Rosario,Municipio,Rosario,820210,Servicio de Catastro e Información Territorial,IGN
2017,5996,2017-09-17,Domingo,0.0,5:30:00,,0.0,2,"Pickup/Utilitario,Automóvil",Av. Pellegrini Y Entre Rios,2,1,0,0,1,0,0,,Avenida,,ROSARIO,Rosario,Asfalto,No existe,II,S/D,Urbana,Semáforo,S/D,Intersección,S/D,S/D,Nocturna,S/D,S/D,S/D,Colisión,S/D,Vertical,S/D,S/D,POINT (-60.6436612 -32.95680645),"['Pellegrini', 'Entre Ríos']",2,Avenida Carlos Pellegrini; Entre Ríos,-32.95680645,-60.6436612,55.0,538.0,Municipio Rosario,Municipio,Rosario,820210,Servicio de Catastro e Información Territorial,IGN
2017,5997,2017-09-16,Sabado,0.0,16:00:00,,0.0,3,"Automóvil,Moto/Ciclomotor,Automóvil",Cordoba 1600,4,1,0,0,3,0,0,,Calle,,ROSARIO,Rosario,Asfalto,No existe,II,S/D,Urbana,Semáforo,S/D,Recta,S/D,S/D,Diurna,S/D,Múltiple,S/D,Colisión,S/D,Vertical,Ninguna,S/D,"-32.9451281, -60.6451324",['Cordoba 1600'],1,Cordoba 1600,-32.9451281,-60.6451324,55.0,538.0,Municipio Rosario,Municipio,Rosario,820210,Servicio de Catastro e Información Territorial,IGN
2017,5998,2017-09-19,Martes,0.0,17:43:00,,0.0,2,"Otros,Transporte de Pasajeros Urbano (> 8 asientos)",Cordoba Y Balcarce,2,1,0,0,1,0,0,,Calle,,ROSARIO,Rosario,Asfalto,S/D,II,S/D,Urbana,Semáforo,S/D,Recta,S/D,S/D,Diurna,S/D,S/D,S/D,Colisión,S/D,Vertical,Ninguna,S/D,POINT (-60.65191980000001 -32.943977999999994),"['Córdoba', 'Balcarce']",2,Córdoba; Balcarce,-32.943977999999994,-60.65191980000001,55.0,538.0,Municipio Rosario,Municipio,Rosario,820210,Servicio de Catastro e Información Territorial,IGN
2017,6000,2017-09-16,Sabado,0.0,14:15:00,,0.0,2,"Taxi/Remis,Bicicleta",San Luis Y Balcarce,2,1,0,0,1,0,0,,Calle,,ROSARIO,Rosario,Asfalto,No existe,I,S/D,Urbana,S/D,No existe,Intersección,S/D,S/D,Diurna,S/D,S/D,Ciclista,Atropello,S/D,Faltante,Ninguna,S/D,POINT (-60.652571800000004 -32.9465716),"['San Luis', 'Balcarce']",2,San Luis; Balcarce,-32.9465716,-60.6525718,55.0,538.0,Municipio Rosario,Municipio,Rosario,820210,Servicio de Catastro e Información Territorial,IGN
2017,6001,2017-09-19,Martes,0.0,12:50:00,,0.0,2,"Peatón,Automóvil",Mendoza Y Mariano Moreno,2,1,0,0,1,0,0,,Calle,,ROSARIO,Rosario,Asfalto,No existe,II,S/D,Urbana,S/D,No existe,Intersección,S/D,S/D,Diurna,S/D,S/D,Peatón,Atropello,S/D,Faltante,S/D,S/D,POINT (-60.6519029 -32.949323199999995),"['Mendoza', 'Mariano Moreno']",2,Mendoza; Mariano Moreno,-32.949323199999995,-60.6519029,55.0,538.0,Municipio Rosario,Municipio,Rosario,820210,Servicio de Catastro e Información Territorial,IGN
2017,6002,2017-09-21,Jueves,0.0,15:20:00,,0.0,2,"Automóvil,Automóvil",Bv. Oroño Y Urquiza,3,1,0,0,2,0,0,,Calle,,ROSARIO,Rosario,Asfalto,No existe,II,S/D,Urbana,S/D,S/D,Intersección,S/D,S/D,Diurna,S/D,S/D,S/D,Colisión,S/D,S/D,S/D,S/D,POINT (-60.652427200000005 -32.940226100000004),"['Bulevar Nicasio Oroño', 'Urquiza']",2,Bulevar Nicasio Oroño; Justo José de Urquiza,-32.940226100000004,-60.652427200000005,55.0,538.0,Municipio Rosario,Municipio,Rosario,820210,Servicio de Catastro e Información Territorial,IGN
2017,6049,2017-09-09,Sabado,0.0,9:00:00,,0.0,2,"Camión Chasis,Moto/Ciclomotor",3 De Febrero Y Balcarce,2,1,0,0,1,0,0,,Calle,,ROSARIO,Rosario,Asfalto,S/D,II,S/D,Urbana,S/D,S/D,Intersección,S/D,S/D,S/D,S/D,S/D,S/D,Colisión,S/D,S/D,S/D,S/D,POINT (-60.6535421 -32.95033519999999),"['3 de Febrero', 'Balcarce']",2,3 de Febrero; Balcarce,-32.95033519999999,-60.6535421,55.0,538.0,Municipio Rosario,Municipio,Rosario,820210,Servicio de Catastro e Información Territorial,IGN
2017,6050,2017-09-19,Martes,0.0,8:30:00,,0.0,2,"Moto/Ciclomotor,Automóvil",Av. Belgrano Y Santa Fe,2,1,0,0,1,0,0,,Avenida,,ROSARIO,Rosario,Asfalto,S/D,II,S/D,Urbana,S/D,S/D,Intersección,S/D,S/D,Diurna,S/D,Contra objeto fijo,S/D,Colisión,S/D,S/D,S/D,S/D,POINT (-60.6299509 -32.9473517),"['Belgrano', 'Santa Fe']",2,Avenida Manuel Belgrano; Santa Fe,-32.9473517,-60.6299509,55.0,538.0,Municipio Rosario,Municipio,Rosario,820210,Servicio de Catastro e Información Territorial,IGN
2017,6054,2017-09-10,Domingo,0.0,16:45:00,,0.0,2,"Automóvil,Automóvil",Bv. Oroño Y 3 De Febrero,4,1,0,0,3,0,0,,Avenida,,ROSARIO,Rosario,Asfalto,No existe,II,S/D,Urbana,Semáforo,Funciona,Recta,S/D,S/D,Diurna,S/D,Contra objeto fijo,S/D,Colisión,S/D,"Horizontal,Vertical",Vegetación,S/D,POINT (-60.654906749999995 -32.950095049999995),"['Bulevar Nicasio Oroño', '3 de Febrero']",2,Bulevar Nicasio Oroño; 3 de Febrero,-32.950095049999995,-60.65490675,55.0,538.0,Municipio Rosario,Municipio,Rosario,820210,Servicio de Catastro e Información Territorial,IGN
2017,6061,2017-09-23,Sabado,0.0,0:10:00,,0.0,2,"Automóvil,Peatón",Baron De Maua Y San Juan,3,1,0,0,2,0,0,,Calle,,ROSARIO,Rosario,Asfalto,No existe,II,S/D,Urbana,Paso Peatonal,No existe,Recta,S/D,S/D,"Nocturna,Con luz artificial",S/D,S/D,Peatón,Atropello,S/D,Horizontal,Ninguna,S/D,POINT (-60.6384054 -32.9502852),"['Barón de Mauá', 'San Juan']",2,Barón de Mauá; San Juan,-32.9502852,-60.6384054,55.0,538.0,Municipio Rosario,Municipio,Rosario,820210,Servicio de Catastro e Información Territorial,IGN
2017,6064,2017-09-20,Miercoles,0.0,18:00:00,,0.0,2,"Bicicleta,Automóvil",Entre Rios Y Montevideo,2,1,0,0,1,0,0,,Calle,,ROSARIO,Rosario,Asfalto,No existe,II,S/D,Urbana,Semáforo,Funciona,Intersección,S/D,Buena,Diurna,S/D,S/D,Ciclista,Atropello,S/D,"Horizontal,Vertical",Línea divisoria pintada,S/D,POINT (-60.6433635 -32.95563219999999),"['Entre Ríos', 'Montevideo']",2,Entre Ríos; Montevideo,-32.95563219999999,-60.6433635,55.0,538.0,Municipio Rosario,Municipio,Rosario,820210,Servicio de Catastro e Información Territorial,IGN
2017,6069,2017-09-18,Lunes,0.0,12:00:00,,0.0,4,"Automóvil,Pickup/Utilitario,Automóvil,Automóvil",Av. Illia Y Italia,4,1,0,0,3,0,0,,Calle,,ROSARIO,Rosario,Asfalto,No existe,II,S/D,Urbana,Semáforo,S/D,Intersección,S/D,S/D,Diurna,S/D,Múltiple,S/D,Colisión,S/D,"Horizontal,Vertical","Cordón divisorio,Vegetación,Línea divisoria pintada",S/D,POINT (-60.6452573 -32.9341844),"['Illia', 'Italia']",2,Avenida Arturo Illia; Italia,-32.9341844,-60.6452573,55.0,538.0,Municipio Rosario,Municipio,Rosario,820210,Servicio de Catastro e Información Territorial,IGN
2017,6071,2017-06-16,Viernes,0.0,,,0.0,2,"Automóvil,Moto/Ciclomotor",España Y Mendoza,2,1,0,0,1,0,0,,Calle,,ROSARIO,Rosario,S/D,S/D,II,Dentro,Urbana,S/D,S/D,Intersección,S/D,S/D,Diurna,S/D,S/D,S/D,Colisión,S/D,S/D,S/D,S/D,POINT (-60.64776750000001 -32.950048100000004),"['España', 'Mendoza']",2,España; Mendoza,-32.950048100000004,-60.64776750000001,55.0,538.0,Municipio Rosario,Municipio,Rosario,820210,Servicio de Catastro e Información Territorial,IGN
2017,6081,2017-06-19,Lunes,0.0,,,0.0,2,"Automóvil,Automóvil",Mitre Y Riobamba,6,5,0,0,1,0,0,,Calle,,ROSARIO,Rosario,Asfalto,S/D,II,Dentro,Urbana,S/D,S/D,Intersección,Bueno,S/D,S/D,S/D,S/D,S/D,Colisión,S/D,S/D,S/D,S/D,POINT (-60.6437275 -32.96278260000001),"['Mitre', 'Riobamba']",2,Bartolomé Mitre; Riobamba,-32.96278260000001,-60.6437275,55.0,538.0,Municipio Rosario,Municipio,Rosario,820210,Servicio de Catastro e Información Territorial,IGN
2017,6203,2017-09-01,Viernes,0.0,11:10:00,,0.0,2,"Moto/Ciclomotor,Pickup/Utilitario",Albert Sabin 150,2,1,0,0,1,0,0,,Avenida,,ROSARIO,Rosario,Asfalto,No existe,II,S/D,Urbana,Otra Señal,No existe,Recta,Bueno,S/D,Diurna,Buen Tiempo,Contra objeto fijo,S/D,Colisión,Ninguna,Horizontal,Cordón divisorio,Sin restricción,"-32.927351137037036, -60.67880248518519",['Albert Sabin 150'],1,Albert Sabin 150,-32.92735113703704,-60.67880248518519,55.0,538.0,Municipio Rosario,Municipio,Rosario,820210,Servicio de Catastro e Información Territorial,IGN
2017,6296,2017-09-05,Martes,0.0,21:10:00,,0.0,2,"Automóvil,Moto/Ciclomotor",J.J.Paso Y F.More,3,2,0,0,1,0,0,,Avenida,,ROSARIO,Rosario,Asfalto,No existe,II,Dentro,Urbana,Ninguna,No existe,Intersección,Con baches,Buena,Nocturna,Buen Tiempo,Lateral,S/D,Colisión,Ninguna,Faltante,Ninguna,Sin restricción,POINT (-60.69415080000001 -32.9196766),"['Paso', 'Felipe Moré']",2,Avenida Juan José Paso; Felipe Moré,-32.9196766,-60.69415080000001,55.0,538.0,Municipio Rosario,Municipio,Rosario,820210,Servicio de Catastro e Información Territorial,IGN