anio_acci,nro_acci,fecha,desc_dia,fecha_aprox,hora_aprox,desc_ruta,km,cant_participantes,desc_participante,calle_avenida_km,total,heridos_leves,heridos_graves,heridos_gravisimos,ilesos,fallecidos,sin_datos,posicion_XY,desc_tipo_via,desc_ruta_ori,desc_loc,desc_dpto,desc_tipo_calzada,desc_tipo_banquina,desc_unidad_regional,desc_lugar_calzada,desc_zona,desc_prioridad,desc_estado_semaforo,desc_lugar_via,desc_estado_via,desc_estado_visibilidad,desc_luminosidad,desc_estado_clima,desc_tipo_colision,desc_tipo_atropello,desc_tipo_hecho,desc_pres_calzada,desc_senializacion,desc_separacion_via,desc_restriccion,forma_geocod,calle_lista,numero_calles,calles_osm,lat,lon,index_right,gid,fna,gna,nam,in1,fdc,sag
2017,6301,2017-09-07,Jueves,0.0,19:55:00,,0.0,2,"Moto/Ciclomotor,Moto/Ciclomotor",Av. Genova Y Victor Mercante,2,1,0,0,1,0,0,,Avenida,,ROSARIO,Rosario,Asfalto,Pavimento,II,Dentro,Urbana,S/D,No existe,Intersección,S/D,S/D,Nocturna,S/D,S/D,S/D,Colisión,S/D,S/D,Ninguna,S/D,POINT (-60.6841316 -32.9151559),"['Genova', 'Víctor Mercante']",2,Avenida Génova; Víctor Mercante,-32.9151559,-60.6841316,55.0,538.0,Municipio Rosario,Municipio,Rosario,820210,Servicio de Catastro e Información Territorial,IGN
2017,6305,2017-09-11,Lunes,0.0,17:20:00,,0.0,2,"Camión Chasis,Moto/Ciclomotor",Nicaragua Y J.J.Paso,3,1,0,0,2,0,0,,Calle,,ROSARIO,Rosario,Asfalto,No existe,II,Dentro,Urbana,Señal Pare,No existe,Intersección,Bueno,Buena,Diurna,Buen Tiempo,Contra objeto fijo,S/D,Colisión,Ninguna,Vertical,Cordón divisorio,Sin restricción,POINT (-60.721380025 -32.9204958),"['Nicaragua', 'Paso']",2,Nicaragua; Avenida Juan José Paso,-32.9204958,-60.721380025,55.0,538.0,Municipio Rosario,Municipio,Rosario,820210,Servicio de Catastro e Información Territorial,IGN
2017,6308,2017-09-11,Lunes,0.0,20:05:00,,0.0,2,"Automóvil,Moto/Ciclomotor",J.J.Paso Y Nicaragua,3,2,0,0,1,0,0,,Avenida,,ROSARIO,Rosario,Asfalto,No existe,II,Dentro,Urbana,Señal Pare,No existe,Intersección,Bueno,Buena,Nocturna,Buen Tiempo,Otro,S/D,Colisión,Ninguna,Vertical,Ninguna,Sin restricción,POINT (-60.721380025 -32.9204958),"['Paso', 'Nicaragua']",2,Avenida Juan José Paso; Nicaragua,-32.9204958,-60.721380025,55.0,538.0,Municipio Rosario,Municipio,Rosario,820210,Servicio de Catastro e Información Territorial,IGN
2017,6313,2017-06-23,Viernes,0.0,,,0.0,2,"Automóvil,Automóvil",Tabares Y Cazadores,3,1,0,0,2,0,0,,Calle,,ROSARIO,Rosario,S/D,S/D,II,Dentro,Urbana,S/D,S/D,Intersección,S/D,S/D,S/D,S/D,S/D,S/D,Colisión,S/D,S/D,S/D,S/D,POINT (-60.6718538 -33.004724),"['Tabares', 'Cazadores']",2,Tabares; Cazadores,-33.004724,-60.6718538,55.0,538.0,Municipio Rosario,Municipio,Rosario,820210,Servicio de Catastro e Información Territorial,IGN
2017,6316,2017-09-15,Viernes,0.0,10:00:00,,0.0,2,"Peatón,Moto/Ciclomotor",J.J.Paso Y Ottone Bis,2,1,0,0,1,0,0,,Avenida,,ROSARIO,Rosario,Asfalto,No existe,II,Dentro,Urbana,Ninguna,No existe,Recta,Bueno,Buena,Diurna,Buen Tiempo,S/D,Peatón,Atropello,Ninguna,Faltante,Cordón divisorio,Sin restricción,POINT (-60.7008125 -32.91987139999999),"['Paso', 'Ottone']",2,Avenida Juan José Paso; Ottone,-32.91987139999999,-60.7008125,55.0,538.0,Municipio Rosario,Municipio,Rosario,820210,Servicio de Catastro e Información Territorial,IGN
2017,6319,2017-09-15,Viernes,0.0,17:30:00,,0.0,2,"Moto/Ciclomotor,Peatón",Olavarria Bis Y Pje. Franklin,3,2,0,0,1,0,0,,Calle,,ROSARIO,Rosario,Asfalto,No existe,II,Dentro,Urbana,Ninguna,No existe,Intersección,Bueno,Buena,Diurna,Buen Tiempo,S/D,Peatón,Atropello,Ninguna,S/D,Ninguna,Sin restricción,POINT (-60.70446640000001 -32.91764199999999),"['Olavarría', 'Franklin']",2,Olavarría; Franklin,-32.91764199999999,-60.70446640000001,55.0,538.0,Municipio Rosario,Municipio,Rosario,820210,Servicio de Catastro e Información Territorial,IGN
2017,6323,2017-09-15,Viernes,0.0,19:00:00,,0.0,2,"Pickup/Utilitario,Moto/Ciclomotor",Av. Circunvalacion Y Av. Sorrento,2,1,0,0,1,0,0,,Avenida,,ROSARIO,Rosario,Asfalto,Natural,II,Dentro,Urbana,Ninguna,No existe,Intersección,Bueno,Buena,Nocturna,Buen Tiempo,Otro,S/D,Colisión,Ninguna,Faltante,Barrera de hormigón,Sin restricción,POINT (-60.72270983333334 -32.90836276666667),"['Circunvalacion', 'Sorrento']",2,"('Juan Pablo II', 'Avenida Sorrento')",-32.90836276666667,-60.72270983333334,55.0,538.0,Municipio Rosario,Municipio,Rosario,820210,Servicio de Catastro e Información Territorial,IGN
2017,6329,2017-09-23,Sabado,0.0,18:00:00,,0.0,2,"Automóvil,Moto/Ciclomotor",La Republica Y Cullen,2,1,0,0,1,0,0,,Calle,,ROSARIO,Rosario,Asfalto,No existe,II,S/D,Urbana,Ninguna,No existe,Intersección,Bueno,Buena,Atardecer,Buen Tiempo,Otro,S/D,Colisión,Ninguna,Faltante,Ninguna,Sin restricción,POINT (-60.70973699999999 -32.9184973),"['La República', 'Cullen']",2,La República; Cullen,-32.9184973,-60.70973699999999,55.0,538.0,Municipio Rosario,Municipio,Rosario,820210,Servicio de Catastro e Información Territorial,IGN
2017,6338,2017-09-29,Viernes,0.0,15:00:00,,0.0,2,"Camión Chasis,Automóvil",J.J.Paso Y Nicaragua,4,3,0,0,1,0,0,,Avenida,,ROSARIO,Rosario,Asfalto,No existe,II,Dentro,Urbana,Ninguna,No existe,Intersección,Bueno,Buena,Diurna,Buen Tiempo,Otro,S/D,Colisión,Ninguna,Faltante,Ninguna,Sin restricción,POINT (-60.721380025 -32.9204958),"['Paso', 'Nicaragua']",2,Avenida Juan José Paso; Nicaragua,-32.9204958,-60.721380025,55.0,538.0,Municipio Rosario,Municipio,Rosario,820210,Servicio de Catastro e Información Territorial,IGN
2017,6342,2017-09-23,Sabado,0.0,5:40:00,,0.0,2,"Automóvil,Moto/Ciclomotor",Catamarca Y Constitucion,2,0,1,0,0,0,1,,Calle,,ROSARIO,Rosario,Asfalto,No existe,II,S/D,Urbana,Ninguna,No existe,Recta,Otro,Buena,Amanecer,Buen Tiempo,Otro,S/D,Colisión,Ninguna,Faltante,Ninguna,Sin restricción,POINT (-60.672255799999995 -32.93426729999999),"['Catamarca', 'Constitución']",2,Catamarca; Constitución,-32.93426729999999,-60.6722558,55.0,538.0,Municipio Rosario,Municipio,Rosario,820210,Servicio de Catastro e Información Territorial,IGN
2017,6345,2017-09-18,Lunes,0.0,10:20:00,,0.0,2,"Moto/Ciclomotor,Automóvil",Salta Y Av. Ovidio Lagos,2,1,0,0,1,0,0,,Avenida,,ROSARIO,Rosario,S/D,No existe,II,S/D,Urbana,Semáforo,Funciona,Recta,Otro,Buena,Diurna,Buen Tiempo,Otro,S/D,Colisión,Ninguna,Horizontal,Ninguna,Sin restricción,POINT (-60.6597135 -32.93528760000001),"['Salta', 'Avenida Ovidio Lagos']",2,Salta; Avenida Ovidio Lagos,-32.93528760000001,-60.6597135,55.0,538.0,Municipio Rosario,Municipio,Rosario,820210,Servicio de Catastro e Información Territorial,IGN
2017,6348,2017-09-05,Martes,0.0,9:00:00,,0.0,2,"Automóvil,Automóvil",Tucuman Y Av. Ovidio Lagos,2,1,0,0,1,0,0,,Avenida,,ROSARIO,Rosario,S/D,No existe,II,S/D,Urbana,Semáforo,Funciona,Recta,Otro,Buena,Diurna,Buen Tiempo,Otro,S/D,Colisión,Ninguna,Vertical,Ninguna,Sin restricción,POINT (-60.660284499999996 -32.93765479999999),"['Tucumán', 'Avenida Ovidio Lagos']",2,Tucumán; Avenida Ovidio Lagos,-32.93765479999999,-60.6602845,55.0,538.0,Municipio Rosario,Municipio,Rosario,820210,Servicio de Catastro e Información Territorial,IGN
2017,6354,2017-09-02,Sabado,0.0,8:30:00,,0.0,2,"Automóvil,Automóvil",Tucuman Y San Nicolas,2,1,0,0,1,0,0,,Calle,,ROSARIO,Rosario,Asfalto,No existe,II,S/D,Urbana,Ninguna,No existe,Recta,Otro,Buena,Diurna,Buen Tiempo,Otro,S/D,Colisión,Ninguna,Faltante,Ninguna,Sin restricción,POINT (-60.6711576 -32.93566819999999),"['Tucumán', 'San Nicolás']",2,Tucumán; San Nicolás,-32.93566819999999,-60.6711576,55.0,538.0,Municipio Rosario,Municipio,Rosario,820210,Servicio de Catastro e Información Territorial,IGN
2017,6356,2017-09-05,Martes,0.0,7:15:00,,0.0,2,"Moto/Ciclomotor,Automóvil",Rivadavia 2600,2,1,0,0,1,0,0,,Calle,,ROSARIO,Rosario,S/D,No existe,II,S/D,Urbana,Ninguna,No existe,Recta,Otro,Buena,Diurna,Buen Tiempo,Otro,S/D,Colisión,Ninguna,Faltante,Ninguna,Sin restricción,"-32.9311177, -60.655578",['Rivadavia 2600'],1,Rivadavia 2600,-32.9311177,-60.655578,55.0,538.0,Municipio Rosario,Municipio,Rosario,820210,Servicio de Catastro e Información Territorial,IGN
2017,6409,2017-06-30,Viernes,0.0,,,0.0,2,"Moto/Ciclomotor,Bicicleta",Bv. Avellaneda Y Pte.Quintana,2,1,0,0,1,0,0,,Calle,,ROSARIO,Rosario,Asfalto,S/D,II,Dentro,Urbana,S/D,S/D,Intersección,S/D,S/D,S/D,S/D,S/D,Ciclista,Atropello,S/D,S/D,S/D,S/D,POINT (-60.68821215 -32.9751737),"['Avellaneda', 'Quintana']",2,Bulevar Nicolás Avellaneda; Presidente Quintana,-32.9751737,-60.68821215,55.0,538.0,Municipio Rosario,Municipio,Rosario,820210,Servicio de Catastro e Información Territorial,IGN
2017,6410,2017-06-30,Viernes,0.0,2:25:00,,0.0,2,"Moto/Ciclomotor,Automóvil",Av. Provincias Unidas Y Av. Pellegrini,3,2,0,0,1,0,0,,Calle,,ROSARIO,Rosario,Asfalto,S/D,II,Dentro,Urbana,S/D,S/D,Intersección,S/D,S/D,Nocturna,S/D,S/D,S/D,Colisión,S/D,S/D,S/D,S/D,POINT (-60.71226145000001 -32.948578),"['Avenida Provincias Unidas', 'Pellegrini']",2,Avenida Provincias Unidas; Avenida Carlos Pellegrini,-32.948578,-60.71226145000001,55.0,538.0,Municipio Rosario,Municipio,Rosario,820210,Servicio de Catastro e Información Territorial,IGN
2017,6412,2017-09-24,Domingo,0.0,12:15:00,,0.0,2,"Pickup/Utilitario,Moto/Ciclomotor",G.Carrasco Y Pje. Ariel Bis,3,1,0,0,2,0,0,,Calle,,ROSARIO,Rosario,Asfalto,No existe,II,S/D,Urbana,Ninguna,No existe,Intersección,Bueno,Buena,Diurna,Buen Tiempo,De alcance,S/D,Colisión,Ninguna,Faltante,Ninguna,Sin restricción,POINT (-60.6999355 -32.9206306),"['Carrasco', 'Ariel']",2,Omar Carrasco; Ariel,-32.9206306,-60.6999355,55.0,538.0,Municipio Rosario,Municipio,Rosario,820210,Servicio de Catastro e Información Territorial,IGN
2017,6493,2017-09-23,Sabado,0.0,1:00:00,,0.0,2,"Moto/Ciclomotor,Automóvil",Galvez Y Solis,2,1,0,0,1,0,0,,Calle,,ROSARIO,Rosario,Asfalto,No existe,II,Dentro,Urbana,Ninguna,No existe,Intersección,Bueno,Buena,Nocturna,Buen Tiempo,Lateral,S/D,Colisión,Ninguna,Faltante,Ninguna,Sin restricción,POINT (-60.7025363 -32.9602417),"['Galvez', 'Solis']",2,José Gálvez; Juan Díaz de Solís,-32.9602417,-60.7025363,55.0,538.0,Municipio Rosario,Municipio,Rosario,820210,Servicio de Catastro e Información Territorial,IGN
2017,6497,2017-09-20,Miercoles,0.0,17:30:00,,0.0,2,"Moto/Ciclomotor,Automóvil",Av. Uriburu Y Pte.Roca,4,2,0,0,2,0,0,,Calle,,ROSARIO,Rosario,Asfalto,No existe,II,Dentro,Urbana,Ninguna,No existe,Intersección,Bueno,Buena,Diurna,Buen Tiempo,Lateral,S/D,Colisión,Ninguna,Faltante,Ninguna,Sin restricción,POINT (-60.65665205 -32.9910065),"['Uriburu', 'Roca']",2,Avenida José Uriburu; Presidente Roca,-32.9910065,-60.65665205,55.0,538.0,Municipio Rosario,Municipio,Rosario,820210,Servicio de Catastro e Información Territorial,IGN
2017,6500,2017-09-24,Domingo,0.0,13:50:00,,0.0,2,"Automóvil,Moto/Ciclomotor",San Martin Y 24 De Setiembre,2,1,0,0,1,0,0,,Calle,,ROSARIO,Rosario,Asfalto,No existe,II,Dentro,Urbana,Ninguna,No existe,Intersección,Bueno,Buena,Diurna,Buen Tiempo,Lateral,S/D,Colisión,Ninguna,Faltante,Ninguna,Sin restricción,POINT (-60.64455705 -32.98058454999999),"['San Martin', '24 de Septiembre']",2,José de San Martín; 24 de Septiembre,-32.98058454999999,-60.64455705,55.0,538.0,Municipio Rosario,Municipio,Rosario,820210,Servicio de Catastro e Información Territorial,IGN
2017,6502,2017-09-19,Martes,0.0,11:10:00,,0.0,2,"Automóvil,Bicicleta",Av. Corrientes Y Sanchez de Bustamante,2,1,0,0,1,0,0,,Calle,,ROSARIO,Rosario,Asfalto,No existe,II,Dentro,Urbana,Ninguna,No existe,Intersección,Bueno,Buena,Diurna,Buen Tiempo,S/D,Ciclista,Atropello,Ninguna,Faltante,Ninguna,Sin restricción,POINT (-60.65327370000001 -33.00215680000001),"['Corrientes', 'Sánchez de Bustamante']",2,Corrientes; Sánchez de Bustamante,-33.00215680000001,-60.65327370000001,55.0,538.0,Municipio Rosario,Municipio,Rosario,820210,Servicio de Catastro e Información Territorial,IGN
2017,6504,2017-09-19,Martes,0.0,10:30:00,,0.0,1,Moto/Ciclomotor,Bv. Segui Y Mitre,2,1,0,0,1,0,0,,Calle,,ROSARIO,Rosario,Asfalto,No existe,II,Dentro,Urbana,Ninguna,No existe,Intersección,Bueno,Buena,Diurna,Buen Tiempo,Lateral,S/D,Colisión,Ninguna,Faltante,Ninguna,Sin restricción,POINT (-60.6477426 -32.97883275),"['Bulevar Juan Francisco Seguí', 'Mitre']",2,Bulevar Juan Francisco Seguí; Bartolomé Mitre,-32.97883275,-60.6477426,55.0,538.0,Municipio Rosario,Municipio,Rosario,820210,Servicio de Catastro e Información Territorial,IGN
2017,6507,2017-09-18,Lunes,0.0,17:30:00,,0.0,2,"Automóvil,Peatón",San Martin Y Hilarion de la Quintana,2,1,0,0,1,0,0,,Calle,,ROSARIO,Rosario,Asfalto,No existe,II,Dentro,Urbana,Ninguna,No existe,Intersección,Bueno,Buena,Atardecer,Buen Tiempo,S/D,Peatón,Atropello,Ninguna,Faltante,Ninguna,Sin restricción,POINT (-60.64892185 -33.00095949999999),"['San Martin', 'Hilarión de la Quintana']",2,José de San Martín; Hilarión de la Quintana,-33.00095949999999,-60.64892185,55.0,538.0,Municipio Rosario,Municipio,Rosario,820210,Servicio de Catastro e Información Territorial,IGN
2017,6515,2017-09-18,Lunes,0.0,20:20:00,,0.0,2,"Taxi/Remis,Moto/Ciclomotor",Callao Y Pje. De La Cierva,2,1,0,0,1,0,0,,Calle,,ROSARIO,Rosario,Asfalto,No existe,II,Dentro,Urbana,Ninguna,No existe,Intersección,Bueno,Buena,Atardecer,Buen Tiempo,Lateral,S/D,Colisión,Ninguna,Faltante,Ninguna,Sin restricción,POINT (-60.67138750000001 -32.98717779999999),"['Callao', 'De La Cierva']",2,Callao; De La Cierva,-32.98717779999999,-60.67138750000001,55.0,538.0,Municipio Rosario,Municipio,Rosario,820210,Servicio de Catastro e Información Territorial,IGN
2017,6519,2017-09-16,Sabado,0.0,10:30:00,,0.0,2,"Automóvil,Automóvil",Bv. Segui Y Rodriguez,4,2,0,0,1,0,1,,Avenida,,ROSARIO,Rosario,Asfalto,No existe,II,Dentro,Urbana,Ninguna,No existe,Intersección,Bueno,Buena,Diurna,Buen Tiempo,Lateral,S/D,Colisión,Material Suelto,Faltante,Ninguna,Sin restricción,POINT (-60.66696664999999 -32.975399),"['Bulevar Juan Francisco Seguí', 'Rodríguez']",2,Bulevar Juan Francisco Seguí; Rodríguez de Escobedo,-32.975399,-60.66696664999999,55.0,538.0,Municipio Rosario,Municipio,Rosario,820210,Servicio de Catastro e Información Territorial,IGN
2017,6524,2017-09-13,Miercoles,0.0,15:00:00,,0.0,2,"Automóvil,Ambulancia",Av. Corrientes Y Hilarion de la Quintana,3,2,0,0,1,0,0,,Calle,,ROSARIO,Rosario,Asfalto,No existe,II,Dentro,Urbana,Ninguna,No existe,Intersección,Bueno,Buena,Diurna,Buen Tiempo,Lateral,S/D,Colisión,Ninguna,Faltante,Ninguna,Sin restricción,POINT (-60.65331510000001 -33.0010946),"['Corrientes', 'Hilarión de la Quintana']",2,Corrientes; Hilarión de la Quintana,-33.0010946,-60.65331510000001,55.0,538.0,Municipio Rosario,Municipio,Rosario,820210,Servicio de Catastro e Información Territorial,IGN
2017,6529,2017-09-13,Miercoles,0.0,7:10:00,,0.0,2,"Bicicleta,Pickup/Utilitario",Av. Uriburu Y Dorrego,2,1,0,0,1,0,0,,Calle,,ROSARIO,Rosario,Asfalto,No existe,II,Dentro,Urbana,Ninguna,No existe,Intersección,Bueno,Buena,Diurna,Buen Tiempo,S/D,Ciclista,Atropello,Ninguna,Faltante,Ninguna,Sin restricción,POINT (-60.660994099999996 -32.99114285),"['Uriburu', 'Dorrego']",2,Avenida José Uriburu; Manuel Dorrego,-32.99114285,-60.6609941,55.0,538.0,Municipio Rosario,Municipio,Rosario,820210,Servicio de Catastro e Información Territorial,IGN
2017,6532,2017-09-13,Miercoles,0.0,22:10:00,,0.0,2,"Automóvil,Moto/Ciclomotor",Estado de Israel Y Pje. Piano,2,1,0,0,1,0,0,,Calle,,ROSARIO,Rosario,Asfalto,No existe,II,Dentro,Urbana,Ninguna,No existe,Intersección,Bueno,Buena,Nocturna,Buen Tiempo,Lateral,S/D,Colisión,Ninguna,Faltante,Ninguna,Sin restricción,POINT (-60.6529736 -32.99197990000001),"['Estado de Israel', 'Piano']",2,Estado de Israel; Piano,-32.99197990000001,-60.6529736,55.0,538.0,Municipio Rosario,Municipio,Rosario,820210,Servicio de Catastro e Información Territorial,IGN
2017,6547,2017-09-05,Martes,0.0,20:30:00,,0.0,2,"Automóvil,Moto/Ciclomotor",Pte.Roca Y Biedma,2,1,0,0,1,0,0,,Calle,,ROSARIO,Rosario,Asfalto,No existe,II,Dentro,Urbana,Ninguna,No existe,Intersección,Bueno,Buena,Nocturna,Buen Tiempo,Lateral,S/D,Colisión,Ninguna,Faltante,Ninguna,Sin restricción,POINT (-60.6539217 -32.9801492),"['Roca', 'Coronel Biedma']",2,Presidente Roca; Coronel Biedma,-32.9801492,-60.6539217,55.0,538.0,Municipio Rosario,Municipio,Rosario,820210,Servicio de Catastro e Información Territorial,IGN
2017,6549,2017-09-02,Sabado,0.0,17:25:00,,0.0,2,"Bicicleta,Automóvil",Sarmiento Y Dr.Rivas,2,1,0,0,1,0,0,,Calle,,ROSARIO,Rosario,Asfalto,No existe,II,Dentro,Urbana,Ninguna,No existe,Intersección,Bueno,Buena,Atardecer,Buen Tiempo,S/D,Ciclista,Atropello,Ninguna,Faltante,Ninguna,Sin restricción,POINT (-60.6475442 -32.98367330000001),"['Sarmiento', 'Doctor Francisco Riva']",2,Sarmiento; Doctor Francisco Riva,-32.98367330000001,-60.6475442,55.0,538.0,Municipio Rosario,Municipio,Rosario,820210,Servicio de Catastro e Información Territorial,IGN
2017,6551,2017-09-01,Viernes,0.0,18:20:00,,0.0,2,"Moto/Ciclomotor,Automóvil",Av. Corrientes 5500,3,2,0,0,1,0,0,,Calle,,ROSARIO,Rosario,Asfalto,No existe,II,Dentro,Urbana,Ninguna,S/D,Intersección,Bueno,Buena,Atardecer,Buen Tiempo,Lateral,S/D,Colisión,Ninguna,S/D,Ninguna,Sin restricción,"-32.9908577, -60.6537096",['Corrientes 5500'],1,Corrientes 5500,-32.9908577,-60.6537096,55.0,538.0,Municipio Rosario,Municipio,Rosario,820210,Servicio de Catastro e Información Territorial,IGN
2017,6570,2017-09-27,Miercoles,0.0,7:15:00,,0.0,2,"Moto/Ciclomotor,Automóvil",Carriego Y Urquiza,2,1,0,0,0,0,1,,Calle,,ROSARIO,Rosario,Asfalto,No existe,II,S/D,Urbana,S/D,S/D,Intersección,Bueno,S/D,Amanecer,S/D,Lateral,S/D,Colisión,S/D,S/D,S/D,S/D,POINT (-60.713824100000004 -32.95303916666667),"['Carriego', 'Urquiza']",2,Carriego; Justo José de Urquiza,-32.95303916666667,-60.7138241,55.0,538.0,Municipio Rosario,Municipio,Rosario,820210,Servicio de Catastro e Información Territorial,IGN
2017,6571,2017-09-19,Martes,0.0,8:00:00,,0.0,2,"Transporte de Pasajeros Urbano (> 8 asientos),Moto/Ciclomotor",Pago de los Arroyos Y Calle 503,2,0,1,0,1,0,0,,Calle,,ROSARIO,Rosario,Asfalto,No existe,II,Dentro,Urbana,Ninguna,No existe,Intersección,Con baches,Buena,Diurna,Buen Tiempo,De alcance,S/D,Colisión,Ninguna,Faltante,Ninguna,Sin restricción,POINT (-60.649947 -33.0151872),"['Pago de los Arroyos', 'Calle 503']",2,Pago de los Arroyos; Calle 503,-33.0151872,-60.649947,55.0,538.0,Municipio Rosario,Municipio,Rosario,820210,Servicio de Catastro e Información Territorial,IGN
2017,6572,2017-09-06,Miercoles,0.0,8:20:00,,0.0,2,"Automóvil,Bicicleta",Av. Arijon Y Laprida,2,1,0,0,1,0,0,,Avenida,,ROSARIO,Rosario,Asfalto,No existe,II,Dentro,Urbana,Ninguna,No existe,Intersección,Bueno,Buena,Diurna,Buen Tiempo,S/D,Ciclista,Atropello,Ninguna,Faltante,Cordón divisorio,Sin restricción,POINT (-60.6469781 -33.00299270000001),"['Avenida Manuel Arijón', 'Laprida']",2,Avenida Manuel Arijón; Francisco Narciso Laprida,-33.00299270000001,-60.6469781,55.0,538.0,Municipio Rosario,Municipio,Rosario,820210,Servicio de Catastro e Información Territorial,IGN
2017,6621,2017-09-23,Sabado,0.0,22:00:00,,0.0,2,"Moto/Ciclomotor,Automóvil",Av. Battle y Ordoñez Y Buenos Aires,3,2,0,0,1,0,0,,Avenida,,ROSARIO,Rosario,Asfalto,No existe,II,Dentro,Urbana,Ninguna,No existe,Intersección,Bueno,Buena,"Nocturna,Con luz artificial",Buen Tiempo,De alcance,S/D,Colisión,Ninguna,Faltante,Ninguna,Sin restricción,POINT (-60.6446941 -33.00881379999999),"['Avenida Battle y Ordoñez', 'Buenos Aires']",2,Avenida Battle y Ordoñez; Buenos Aires,-33.00881379999999,-60.6446941,55.0,538.0,Municipio Rosario,Municipio,Rosario,820210,Servicio de Catastro e Información Territorial,IGN
2017,6623,2017-09-03,Domingo,0.0,6:50:00,,0.0,1,Taxi/Remis,L.N.Alem Y Centeno,3,1,2,0,0,0,0,,S/D,,ROSARIO,Rosario,Asfalto,No existe,II,S/D,Urbana,Ninguna,No existe,Recta,Bueno,Buena,Amanecer,Buen Tiempo,Contra objeto fijo,S/D,Colisión,Ninguna,Faltante,Ninguna,Sin restricción,POINT (-60.63794570000001 -32.98657800000001),"['Alem', 'Centeno']",2,Leandro N. Alem; Coronel Centeno,-32.98657800000001,-60.63794570000001,55.0,538.0,Municipio Rosario,Municipio,Rosario,820210,Servicio de Catastro e Información Territorial,IGN
2017,6624,2017-08-31,Jueves,0.0,23:00:00,,0.0,2,"Automóvil,Moto/Ciclomotor",Av. Battle y Ordoñez Y Buenos Aires,3,1,1,0,1,0,0,,Avenida,,ROSARIO,Rosario,Asfalto,No existe,II,Dentro,Urbana,Ninguna,No existe,Intersección,Bueno,Buena,Nocturna,Buen Tiempo,Lateral,S/D,Colisión,Ninguna,Faltante,Barrera de hormigón,Sin restricción,POINT (-60.6446941 -33.00881379999999),"['Avenida Battle y Ordoñez', 'Buenos Aires']",2,Avenida Battle y Ordoñez; Buenos Aires,-33.00881379999999,-60.6446941,55.0,538.0,Municipio Rosario,Municipio,Rosario,820210,Servicio de Catastro e Información Territorial,IGN
2017,6625,2017-09-12,Martes,0.0,20:00:00,,0.0,2,"Moto/Ciclomotor,Automóvil",1 de Mayo Y Ocampo,2,1,0,0,1,0,0,,Calle,,ROSARIO,Rosario,Asfalto,No existe,II,Dentro,Urbana,S/D,No existe,Intersección,Bueno,Buena,"Nocturna,Con luz artificial",Buen Tiempo,Lateral,S/D,Colisión,Ninguna,Faltante,Ninguna,Sin restricción,POINT (-60.63469690000001 -32.9679704),"['Primero de Mayo', 'Ocampo']",2,Primero de Mayo; Ocampo,-32.9679704,-60.63469690000001,55.0,538.0,Municipio Rosario,Municipio,Rosario,820210,Servicio de Catastro e Información Territorial,IGN
2017,6626,2017-09-28,Jueves,0.0,14:10:00,,0.0,2,"Automóvil,Peatón",Av. Arijon Y Entre Rios,2,1,0,0,1,0,0,,Avenida,,ROSARIO,Rosario,Asfalto,No existe,II,Dentro,Urbana,Semáforo,Funciona,Intersección,Bueno,Buena,Diurna,Lluvia,S/D,Peatón,Atropello,Ninguna,Faltante,Ninguna,Sin restricción,POINT (-60.6517823 -33.00314459999999),"['Avenida Manuel Arijón', 'Entre Ríos']",2,Avenida Manuel Arijón; Entre Ríos,-33.00314459999999,-60.6517823,55.0,538.0,Municipio Rosario,Municipio,Rosario,820210,Servicio de Catastro e Información Territorial,IGN
2017,6627,2017-09-20,Miercoles,0.0,10:45:00,,0.0,2,"Moto/Ciclomotor,Transporte de Pasajeros Urbano (> 8 asientos)",Cereseto Y Av. Circunvalacion,2,1,0,0,1,0,0,,Calle,,ROSARIO,Rosario,Asfalto,No existe,II,Dentro,Urbana,Ninguna,No existe,Intersección,Bueno,Buena,Diurna,Buen Tiempo,Lateral,S/D,Colisión,Ninguna,S/D,Ninguna,Sin restricción,POINT (-60.67357620000001 -33.009480499999995),"['Cereseto', 'Circunvalacion']",2,"('Cereseto', 'Juan Pablo II')",-33.009480499999995,-60.67357620000001,55.0,538.0,Municipio Rosario,Municipio,Rosario,820210,Servicio de Catastro e Información Territorial,IGN
2017,6628,2017-09-22,Viernes,0.0,22:00:00,,0.0,2,"Automóvil,Moto/Ciclomotor",Mitre Y Av. Arijon,2,1,0,0,1,0,0,,Avenida,,ROSARIO,Rosario,Asfalto,No existe,II,Dentro,Urbana,Ninguna,No existe,Intersección,Bueno,Buena,Nocturna,Buen Tiempo,Lateral,S/D,Colisión,Ninguna,Faltante,Ninguna,Sin restricción,POINT (-60.6503493 -33.00309120000001),"['Mitre', 'Avenida Manuel Arijón']",2,Bartolomé Mitre; Avenida Manuel Arijón,-33.00309120000001,-60.6503493,55.0,538.0,Municipio Rosario,Municipio,Rosario,820210,Servicio de Catastro e Información Territorial,IGN