anio_acci,nro_acci,fecha,desc_dia,fecha_aprox,hora_aprox,desc_ruta,km,cant_participantes,desc_participante,calle_avenida_km,total,heridos_leves,heridos_graves,heridos_gravisimos,ilesos,fallecidos,sin_datos,posicion_XY,desc_tipo_via,desc_ruta_ori,desc_loc,desc_dpto,desc_tipo_calzada,desc_tipo_banquina,desc_unidad_regional,desc_lugar_calzada,desc_zona,desc_prioridad,desc_estado_semaforo,desc_lugar_via,desc_estado_via,desc_estado_visibilidad,desc_luminosidad,desc_estado_clima,desc_tipo_colision,desc_tipo_atropello,desc_tipo_hecho,desc_pres_calzada,desc_senializacion,desc_separacion_via,desc_restriccion,forma_geocod,calle_lista,numero_calles,calles_osm,lat,lon,index_right,gid,fna,gna,nam,in1,fdc,sag
2017,6629,2017-09-19,Martes,0.0,14:30:00,,0.0,3,"Automóvil,Automóvil,Automóvil",Buenos Aires Y Cerrito,4,1,0,0,3,0,0,,Calle,,ROSARIO,Rosario,Asfalto,No existe,II,Dentro,Urbana,Semáforo,S/D,Intersección,Bueno,Buena,Diurna,Buen Tiempo,Múltiple,S/D,Colisión,Ninguna,"Horizontal,Vertical",Línea divisoria pintada,Sin restricción,POINT (-60.6365729 -32.962838700000006),"['Buenos Aires', 'Cerrito']",2,Buenos Aires; Cerrito,-32.962838700000006,-60.6365729,55.0,538.0,Municipio Rosario,Municipio,Rosario,820210,Servicio de Catastro e Información Territorial,IGN
2017,6630,2017-09-03,Domingo,0.0,16:00:00,,0.0,2,"Moto/Ciclomotor,Automóvil",Bv. Oroño Y Sanchez de Bustamante,3,2,0,0,1,0,0,,Avenida,,ROSARIO,Rosario,Asfalto,No existe,II,Dentro,Urbana,Semáforo,Funciona,Recta,Bueno,Buena,Diurna,Buen Tiempo,Lateral,S/D,Colisión,Ninguna,Vertical,Cordón divisorio,Sin restricción,POINT (-60.66506820000001 -33.00250765),"['Bulevar Nicasio Oroño', 'Sánchez de Bustamante']",2,Bulevar Nicasio Oroño; Sánchez de Bustamante,-33.00250765,-60.66506820000001,55.0,538.0,Municipio Rosario,Municipio,Rosario,820210,Servicio de Catastro e Información Territorial,IGN
2017,6631,2017-08-31,Jueves,0.0,15:15:00,,0.0,2,"Moto/Ciclomotor,Automóvil",Buenos Aires Y Alzugaray,2,1,0,0,1,0,0,,Calle,,ROSARIO,Rosario,Asfalto,S/D,II,Dentro,Urbana,Ninguna,No existe,Intersección,Bueno,Buena,Diurna,Otro,Otro,S/D,Colisión,Ninguna,Horizontal,Ninguna,Sin restricción,POINT (-60.644529500000004 -33.0128842),"['Buenos Aires', 'Alzugaray']",2,Buenos Aires; Alzugaray,-33.0128842,-60.6445295,55.0,538.0,Municipio Rosario,Municipio,Rosario,820210,Servicio de Catastro e Información Territorial,IGN
2017,6632,2017-09-04,Lunes,0.0,9:00:00,,0.0,2,"Moto/Ciclomotor,Automóvil",Av. Corrientes Y Viamonte,2,1,0,0,1,0,0,,Calle,,ROSARIO,Rosario,Asfalto,No existe,II,Dentro,Urbana,Señal Pare,No existe,Intersección,Bueno,Buena,Diurna,Buen Tiempo,Lateral,S/D,Colisión,Ninguna,Vertical,Ninguna,Sin restricción,POINT (-60.6471065 -32.96460619999999),"['Corrientes', 'Viamonte']",2,Corrientes; Viamonte,-32.96460619999999,-60.6471065,55.0,538.0,Municipio Rosario,Municipio,Rosario,820210,Servicio de Catastro e Información Territorial,IGN
2017,6633,2017-09-03,Domingo,0.0,11:35:00,,0.0,2,"Moto/Ciclomotor,Automóvil",Av. Battle y Ordoñez 900,4,1,0,0,3,0,0,,Avenida,,ROSARIO,Rosario,Asfalto,No existe,II,Dentro,Urbana,Ninguna,Funciona,Recta,Bueno,Buena,Diurna,Otro,Otro,S/D,Colisión,Ninguna,Vertical,Línea divisoria pintada,Sin restricción,"-33.0084731, -60.6332815",['Avenida Battle y Ordoñez 900'],1,Avenida Battle y Ordoñez 900,-33.0084731,-60.6332815,55.0,538.0,Municipio Rosario,Municipio,Rosario,820210,Servicio de Catastro e Información Territorial,IGN
2017,6634,2017-09-04,Lunes,0.0,21:10:00,,0.0,2,"Moto/Ciclomotor,Automóvil",Av. Ovidio Lagos Y Rueda,2,1,0,0,1,0,0,,Avenida,,ROSARIO,Rosario,Asfalto,No existe,II,Dentro,Urbana,Semáforo,Funciona,Intersección,Bueno,Buena,"Nocturna,Con luz artificial",Buen Tiempo,Lateral,S/D,Colisión,Ninguna,Vertical,Cordón divisorio,Sin restricción,POINT (-60.667435000000005 -32.96692475),"['Avenida Ovidio Lagos', 'Rueda']",2,Avenida Ovidio Lagos; Rueda,-32.96692475,-60.667435000000005,55.0,538.0,Municipio Rosario,Municipio,Rosario,820210,Servicio de Catastro e Información Territorial,IGN
2017,6635,2017-09-05,Martes,0.0,13:30:00,,0.0,2,"Automóvil,Automóvil",Rodriguez Y Av. Ntra.Sra.del Rosario,2,1,0,0,1,0,0,,Calle,,ROSARIO,Rosario,Asfalto,No existe,II,Dentro,Urbana,Ninguna,No existe,Distribuidor,Bueno,Buena,Diurna,Buen Tiempo,Lateral,S/D,Colisión,Ninguna,Faltante,Ninguna,Sin restricción,POINT (-60.6703096 -33.00074479999999),"['Rodríguez', 'Nuestra Señora del Rosario']",2,Rodríguez de Escobedo; Puente Nuestra Señora del Rosario,-33.00074479999999,-60.6703096,55.0,538.0,Municipio Rosario,Municipio,Rosario,820210,Servicio de Catastro e Información Territorial,IGN
2017,6636,2017-09-09,Sabado,0.0,0:20:00,,0.0,2,"Automóvil,Automóvil",San Martin Y Av. Circunvalacion,2,1,0,0,1,0,0,,Avenida,,ROSARIO,Rosario,Asfalto,No existe,II,Dentro,Urbana,Semáforo,Intermitente,Recta,Bueno,Reducida,Nocturna,Otro,S/D,S/D,Colisión,Ninguna,Vertical,Ninguna,Sin restricción,POINT (-60.64178307863883 -33.0158888269654),"['San Martin', 'Circunvalacion']",2,José de San Martín; Avenida de Circunvalación 25 de Mayo,-33.0158888269654,-60.64178307863883,55.0,538.0,Municipio Rosario,Municipio,Rosario,820210,Servicio de Catastro e Información Territorial,IGN
2017,6637,2017-09-07,Jueves,0.0,11:35:00,,0.0,2,"Moto/Ciclomotor,Automóvil",Bv. Oroño Y Av. Lugones,2,1,0,0,1,0,0,,Avenida,,ROSARIO,Rosario,Asfalto,No existe,II,Dentro,Urbana,Ninguna,No existe,Intersección,Bueno,Buena,Diurna,Buen Tiempo,Lateral,S/D,Colisión,Ninguna,Faltante,S/D,Sin restricción,POINT (-60.65693518333333 -32.95818631666667),"['Bulevar Nicasio Oroño', 'Lugones']",2,Bulevar Nicasio Oroño; Lorenzo Lugones,-32.95818631666667,-60.65693518333333,55.0,538.0,Municipio Rosario,Municipio,Rosario,820210,Servicio de Catastro e Información Territorial,IGN
2017,6638,2017-09-24,Domingo,0.0,20:20:00,,0.0,3,"Moto/Ciclomotor,Pickup/Utilitario,Automóvil",San Martin Y Av. Circunvalacion,4,2,0,0,2,0,0,,Avenida,,ROSARIO,Rosario,Asfalto,No existe,II,Dentro,Urbana,Semáforo,Funciona,Recta,Bueno,Buena,Nocturna,Otro,Otro,S/D,Colisión,Ninguna,Vertical,Línea divisoria pintada,Sin restricción,POINT (-60.64178307863883 -33.0158888269654),"['San Martin', 'Circunvalacion']",2,José de San Martín; Avenida de Circunvalación 25 de Mayo,-33.0158888269654,-60.64178307863883,55.0,538.0,Municipio Rosario,Municipio,Rosario,820210,Servicio de Catastro e Información Territorial,IGN
2017,6639,2017-09-07,Jueves,0.0,12:25:00,,0.0,2,"Moto/Ciclomotor,Pickup/Utilitario",Mitre Y La Paz,2,1,0,0,1,0,0,,Calle,,ROSARIO,Rosario,Asfalto,No existe,II,Dentro,Urbana,Ninguna,No existe,Intersección,Bueno,Buena,Diurna,Buen Tiempo,Lateral,S/D,Colisión,Ninguna,Faltante,Ninguna,Sin restricción,POINT (-60.6440084 -32.9639253),"['Mitre', 'La Paz']",2,Bartolomé Mitre; La Paz,-32.9639253,-60.6440084,55.0,538.0,Municipio Rosario,Municipio,Rosario,820210,Servicio de Catastro e Información Territorial,IGN
2017,6641,2017-09-03,Domingo,0.0,7:00:00,,0.0,1,Moto/Ciclomotor,Reg.11 de Infanteria 2400,2,2,0,0,0,0,0,,Calle,,ROSARIO,Rosario,Asfalto,No existe,II,Dentro,Urbana,Ninguna,No existe,Recta,Bueno,Buena,Diurna,Buen Tiempo,S/D,S/D,Caída ocupante,S/D,Faltante,Ninguna,Sin restricción,"-32.9982045, -60.629081",['Regimiento 11 2400'],1,Regimiento 11 2400,-32.9982045,-60.629081,55.0,538.0,Municipio Rosario,Municipio,Rosario,820210,Servicio de Catastro e Información Territorial,IGN
2017,6642,2017-08-15,Martes,0.0,13:05:00,,0.0,2,"Moto/Ciclomotor,Automóvil",San Martin Y Ocampo,2,0,1,0,1,0,0,,Avenida,,ROSARIO,Rosario,Asfalto,No existe,II,Dentro,Urbana,Ninguna,No existe,Intersección,Bueno,Buena,Diurna,Buen Tiempo,Lateral,S/D,Colisión,Ninguna,Faltante,Ninguna,Sin restricción,POINT (-60.641734899999996 -32.9667212),"['San Martin', 'Ocampo']",2,José de San Martín; Ocampo,-32.9667212,-60.6417349,55.0,538.0,Municipio Rosario,Municipio,Rosario,820210,Servicio de Catastro e Información Territorial,IGN
2017,6644,2017-09-08,Viernes,0.0,9:10:00,,0.0,2,"Moto/Ciclomotor,Automóvil",Av. Pellegrini 1800,2,1,0,0,1,0,0,,Avenida,,ROSARIO,Rosario,Asfalto,No existe,II,S/D,Urbana,Semáforo,Funciona,Recta,Bueno,Buena,Diurna,Lluvia,De alcance,S/D,Colisión,Agua,"Horizontal,Vertical",Cordón divisorio,Sin restricción,"-32.9554744, -60.6504813",['Pellegrini 1800'],1,Pellegrini 1800,-32.9554744,-60.6504813,55.0,538.0,Municipio Rosario,Municipio,Rosario,820210,Servicio de Catastro e Información Territorial,IGN
2017,6645,2017-09-10,Domingo,0.0,6:00:00,,0.0,2,"Automóvil,Otros",España 6700,2,1,0,0,1,0,0,,Calle,,ROSARIO,Rosario,Asfalto,No existe,II,Dentro,Urbana,Ninguna,No existe,Intersección,Con baches,Reducida,Amanecer,Lluvia,Lateral,S/D,Colisión,Material Suelto,Faltante,Ninguna,"Obra en Construcción,Reparación de Vía","-32.9486711, -60.6474213",['España 6700'],1,España 6700,-32.9486711,-60.6474213,55.0,538.0,Municipio Rosario,Municipio,Rosario,820210,Servicio de Catastro e Información Territorial,IGN
2017,6648,2017-09-11,Lunes,0.0,13:10:00,,0.0,2,"Moto/Ciclomotor,Automóvil",Hilarion de la Quintana Y Pavon,2,1,0,0,1,0,0,,Calle,,ROSARIO,Rosario,Asfalto,No existe,II,Dentro,Urbana,Ninguna,No existe,Intersección,Bueno,Buena,Diurna,Buen Tiempo,Lateral,S/D,Colisión,Ninguna,Faltante,Ninguna,Sin restricción,POINT (-60.63415520000001 -33.0004894),"['Hilarión de la Quintana', 'Pavón']",2,Hilarión de la Quintana; Pavón,-33.0004894,-60.63415520000001,55.0,538.0,Municipio Rosario,Municipio,Rosario,820210,Servicio de Catastro e Información Territorial,IGN
2017,6649,2017-09-12,Martes,0.0,15:20:00,,0.0,2,"Transporte de Pasajeros Urbano (> 8 asientos),Transporte de Pasajeros Urbano (> 8 asientos)",Pasco Y Sarmiento,8,3,3,0,2,0,0,,Calle,,ROSARIO,Rosario,Asfalto,No existe,II,Dentro,Urbana,S/D,S/D,Recta,Bueno,Buena,Diurna,Buen Tiempo,De alcance,S/D,Colisión,Ninguna,S/D,Ninguna,S/D,POINT (-60.6414543 -32.95957909999999),"['Pasco', 'Sarmiento']",2,Pasco; Sarmiento,-32.95957909999999,-60.6414543,55.0,538.0,Municipio Rosario,Municipio,Rosario,820210,Servicio de Catastro e Información Territorial,IGN
2017,6650,2017-09-22,Viernes,0.0,8:00:00,,0.0,2,"Moto/Ciclomotor,Automóvil",España 6700,2,1,0,0,1,0,0,,Calle,,ROSARIO,Rosario,"Asfalto,Hormigón",Natural,II,Dentro,Urbana,Ninguna,No existe,Intersección,Con baches,Buena,Diurna,Buen Tiempo,"Frontal,Lateral",S/D,Colisión,Material Suelto,Faltante,Ninguna,Sin restricción,"-32.9486711, -60.6474213",['España 6700'],1,España 6700,-32.9486711,-60.6474213,55.0,538.0,Municipio Rosario,Municipio,Rosario,820210,Servicio de Catastro e Información Territorial,IGN
2017,6653,2017-09-21,Jueves,0.0,20:30:00,,0.0,2,"Bicicleta,Automóvil",Av. Arijon Y Serrano,2,1,0,0,1,0,0,,Calle,,ROSARIO,Rosario,Asfalto,Pavimento,II,S/D,Urbana,Ninguna,No existe,Intersección,S/D,Buena,Nocturna,Buen Tiempo,S/D,Ciclista,Atropello,S/D,Faltante,Ninguna,Sin restricción,POINT (-60.6317677 -33.002526399999994),"['Avenida Manuel Arijón', 'Serrano']",2,Avenida Manuel Arijón; José Mariano Serrano,-33.002526399999994,-60.6317677,55.0,538.0,Municipio Rosario,Municipio,Rosario,820210,Servicio de Catastro e Información Territorial,IGN
2017,6654,2017-09-14,Jueves,0.0,8:15:00,,0.0,2,"Moto/Ciclomotor,Automóvil",Italia Y Riobamba,2,1,0,0,1,0,0,,Calle,,ROSARIO,Rosario,Asfalto,No existe,II,Dentro,Urbana,Señal Pare,No existe,Intersección,Bueno,Buena,Diurna,Buen Tiempo,Lateral,S/D,Colisión,Ninguna,Vertical,Ninguna,Sin restricción,POINT (-60.6520438 -32.96129359999999),"['Italia', 'Riobamba']",2,Italia; Riobamba,-32.96129359999999,-60.6520438,55.0,538.0,Municipio Rosario,Municipio,Rosario,820210,Servicio de Catastro e Información Territorial,IGN
2017,6656,2017-09-02,Sabado,0.0,5:50:00,,0.0,2,"Moto/Ciclomotor,Automóvil",Av. Ovidio Lagos Y Av. Battle y Ordoñez,3,2,0,0,1,0,0,,Avenida,,ROSARIO,Rosario,Asfalto,No existe,II,Dentro,Urbana,Semáforo,No funciona,Curva,Bueno,Buena,"Nocturna,Con luz artificial",Buen Tiempo,Lateral,S/D,Colisión,Ninguna,Vertical,Cordón divisorio,Sin restricción,POINT (-60.677360275 -33.009728399999986),"['Avenida Ovidio Lagos', 'Avenida Battle y Ordoñez']",2,Avenida Ovidio Lagos; Avenida Battle y Ordoñez,-33.009728399999986,-60.677360275,55.0,538.0,Municipio Rosario,Municipio,Rosario,820210,Servicio de Catastro e Información Territorial,IGN
2017,6657,2017-09-16,Sabado,0.0,12:45:00,,0.0,2,"Moto/Ciclomotor,Automóvil",Sarmiento Y Cerrito,3,2,0,0,1,0,0,,Calle,,ROSARIO,Rosario,Asfalto,No existe,II,Dentro,Urbana,Ninguna,No existe,Intersección,Bueno,Buena,Diurna,Buen Tiempo,Lateral,S/D,Colisión,Ninguna,Faltante,Ninguna,Sin restricción,POINT (-60.6420226 -32.9618734),"['Sarmiento', 'Cerrito']",2,Sarmiento; Cerrito,-32.9618734,-60.6420226,55.0,538.0,Municipio Rosario,Municipio,Rosario,820210,Servicio de Catastro e Información Territorial,IGN
2017,6658,2017-09-02,Sabado,0.0,5:45:00,,0.0,2,"Moto/Ciclomotor,Automóvil",Bv. Avellaneda Y Av. Circunvalacion,2,1,0,0,1,0,0,,Avenida,,ROSARIO,Rosario,Asfalto,No existe,II,Dentro,Urbana,Ninguna,No existe,Recta,Bueno,Buena,"Nocturna,Con luz artificial",Buen Tiempo,De alcance,S/D,Colisión,Ninguna,Faltante,Guardarrail,Sin restricción,POINT (-60.68941966610684 -33.00080705152485),"['Avellaneda', 'Circunvalacion']",2,Bulevar Nicolás Avellaneda; Avenida de Circunvalación 25 de Mayo,-33.00080705152485,-60.68941966610684,55.0,538.0,Municipio Rosario,Municipio,Rosario,820210,Servicio de Catastro e Información Territorial,IGN
2017,6659,2017-09-26,Martes,0.0,,,0.0,2,"Automóvil,Moto/Ciclomotor",Colon Y Rueda,3,2,0,0,1,0,0,,S/D,,ROSARIO,Rosario,Asfalto,No existe,II,S/D,Urbana,Ninguna,No existe,Intersección,Con baches,Buena,S/D,Buen Tiempo,Lateral,S/D,Colisión,Ninguna,Faltante,Ninguna,Sin restricción,POINT (-60.63173689999999 -32.9733415),"['Colon', 'Rueda']",2,Cristóbal Colón; Rueda,-32.9733415,-60.63173689999999,55.0,538.0,Municipio Rosario,Municipio,Rosario,820210,Servicio de Catastro e Información Territorial,IGN
2017,6661,2017-09-16,Sabado,0.0,15:20:00,,0.0,2,"Moto/Ciclomotor,Automóvil",Av. Corrientes Y Riobamba,2,1,0,0,1,0,0,,Calle,,ROSARIO,Rosario,Asfalto,No existe,II,Dentro,Urbana,Señal Pare,No existe,Intersección,Bueno,Buena,Diurna,Buen Tiempo,Lateral,S/D,Colisión,Ninguna,Vertical,Ninguna,Sin restricción,POINT (-60.6465145 -32.9622836),"['Corrientes', 'Riobamba']",2,Corrientes; Riobamba,-32.9622836,-60.6465145,55.0,538.0,Municipio Rosario,Municipio,Rosario,820210,Servicio de Catastro e Información Territorial,IGN
2017,6663,2017-09-11,Lunes,0.0,16:00:00,,0.0,2,"Automóvil,Camión Chasis",Av. Arijon Y Av. Francia,2,1,0,0,1,0,0,,Avenida,,ROSARIO,Rosario,Asfalto,No existe,II,Dentro,Urbana,Ninguna,No existe,Intersección,Bueno,Buena,Diurna,Buen Tiempo,Lateral,S/D,Colisión,Ninguna,Horizontal,Cordón divisorio,Sin restricción,POINT (-60.6776235 -33.00390229999999),"['Avenida Manuel Arijón', 'Avenida Francia']",2,Avenida Manuel Arijón; Avenida Francia,-33.00390229999999,-60.6776235,55.0,538.0,Municipio Rosario,Municipio,Rosario,820210,Servicio de Catastro e Información Territorial,IGN
2017,6664,2017-09-17,Domingo,0.0,13:05:00,,0.0,2,"Moto/Ciclomotor,Pickup/Utilitario",España Y Riobamba,2,1,0,0,1,0,0,,Calle,,ROSARIO,Rosario,Asfalto,No existe,II,Dentro,Urbana,Ninguna,No existe,Intersección,Bueno,Buena,Diurna,Buen Tiempo,Lateral,S/D,Colisión,Ninguna,Faltante,Ninguna,Sin restricción,POINT (-60.6506574 -32.9615418),"['España', 'Riobamba']",2,España; Riobamba,-32.9615418,-60.6506574,55.0,538.0,Municipio Rosario,Municipio,Rosario,820210,Servicio de Catastro e Información Territorial,IGN
2017,6665,2017-09-18,Lunes,0.0,22:05:00,,0.0,2,"Automóvil,Automóvil",Paraguay Y Galvez,2,1,0,0,1,0,0,,Calle,,ROSARIO,Rosario,Asfalto,No existe,II,Dentro,Urbana,S/D,S/D,Intersección,Bueno,Buena,"Nocturna,Con luz artificial",Buen Tiempo,Lateral,S/D,Colisión,Ninguna,S/D,Ninguna,Sin restricción,POINT (-60.64936409999999 -32.9677811),"['Paraguay', 'Galvez']",2,Paraguay; José Gálvez,-32.9677811,-60.64936409999999,55.0,538.0,Municipio Rosario,Municipio,Rosario,820210,Servicio de Catastro e Información Territorial,IGN
2017,6666,2017-09-20,Miercoles,0.0,11:15:00,,0.0,2,"Moto/Ciclomotor,Automóvil",Mariano Moreno Y Pasco,3,1,0,0,2,0,0,,Calle,,ROSARIO,Rosario,Asfalto,No existe,II,Dentro,Urbana,S/D,No existe,Recta,Bueno,Buena,Diurna,Buen Tiempo,De alcance,S/D,Colisión,S/D,S/D,Ninguna,Sin restricción,POINT (-60.65390010000001 -32.9573393),"['Mariano Moreno', 'Pasco']",2,Mariano Moreno; Pasco,-32.9573393,-60.65390010000001,55.0,538.0,Municipio Rosario,Municipio,Rosario,820210,Servicio de Catastro e Información Territorial,IGN
2017,6672,2017-09-22,Viernes,0.0,19:30:00,,0.0,2,"Moto/Ciclomotor,Automóvil",Bv. Oroño Y Cochabamba,2,1,0,0,1,0,0,,Avenida,,ROSARIO,Rosario,Asfalto,No existe,II,Dentro,Urbana,Señal Pare,No existe,Recta,Bueno,Buena,"Atardecer,Con luz artificial",Buen Tiempo,Lateral,S/D,Colisión,Ninguna,Vertical,Cordón divisorio,Sin restricción,POINT (-60.656339 -32.9556154),"['Bulevar Nicasio Oroño', 'Cochabamba']",2,Bulevar Nicasio Oroño; Cochabamba,-32.9556154,-60.656339,55.0,538.0,Municipio Rosario,Municipio,Rosario,820210,Servicio de Catastro e Información Territorial,IGN
2017,6675,2017-09-19,Martes,0.0,14:10:00,,0.0,1,Moto/Ciclomotor,Av. Genova Y Calle 710 Bis,1,1,0,0,0,0,0,,Calle,,ROSARIO,Rosario,Asfalto,Pavimento,II,Dentro,Urbana,Ninguna,No existe,Intersección,Bueno,Buena,Diurna,Buen Tiempo,Atropello animal,S/D,Colisión,Ninguna,Faltante,Ninguna,Sin restricción,POINT (-60.6940525 -32.915442000000006),"['Genova', 'Calle 710']",2,Avenida Génova; Calle 710,-32.915442000000006,-60.6940525,55.0,538.0,Municipio Rosario,Municipio,Rosario,820210,Servicio de Catastro e Información Territorial,IGN
2017,6678,2017-09-08,Viernes,0.0,10:55:00,,0.0,2,"Moto/Ciclomotor,Moto/Ciclomotor",Albert Sabin Y Av. Genova,2,2,0,0,0,0,0,,Avenida,,ROSARIO,Rosario,Asfalto,No existe,II,Dentro,Urbana,Semáforo,Funciona,Intersección,Bueno,Buena,Diurna,Buen Tiempo,Lateral,S/D,Colisión,Ninguna,Vertical,Cordón divisorio,S/D,POINT (-60.69145555 -32.9153654),"['Avenida Travesía Albert Sabin', 'Genova']",2,Avenida Travesía Albert Sabin; Avenida Génova,-32.9153654,-60.69145555,55.0,538.0,Municipio Rosario,Municipio,Rosario,820210,Servicio de Catastro e Información Territorial,IGN
2017,6681,2017-09-18,Lunes,0.0,11:30:00,,0.0,2,"Automóvil,Moto/Ciclomotor",Ayacucho Y Centeno,2,1,0,0,1,0,0,,Calle,,ROSARIO,Rosario,Asfalto,No existe,II,S/D,Urbana,Ninguna,No existe,Intersección,Bueno,Buena,Diurna,Buen Tiempo,Lateral,S/D,Colisión,Ninguna,Faltante,Ninguna,Sin restricción,POINT (-60.6363617 -32.9868524),"['Ayacucho', 'Centeno']",2,Ayacucho; Coronel Centeno,-32.9868524,-60.6363617,55.0,538.0,Municipio Rosario,Municipio,Rosario,820210,Servicio de Catastro e Información Territorial,IGN
2017,6682,2017-09-28,Jueves,0.0,8:20:00,,0.0,2,"Automóvil,Moto/Ciclomotor",Mitre Y Bv. Segui,2,1,0,0,1,0,0,,Calle,,ROSARIO,Rosario,Asfalto,No existe,II,Dentro,Urbana,Ninguna,No existe,Intersección,Bueno,Buena,Amanecer,Buen Tiempo,Lateral,S/D,Colisión,Ninguna,Faltante,Cordón divisorio,Sin restricción,POINT (-60.6477426 -32.97883275),"['Mitre', 'Bulevar Juan Francisco Seguí']",2,Bartolomé Mitre; Bulevar Juan Francisco Seguí,-32.97883275,-60.6477426,55.0,538.0,Municipio Rosario,Municipio,Rosario,820210,Servicio de Catastro e Información Territorial,IGN
2017,6684,2017-09-12,Martes,0.0,9:10:00,,0.0,2,"Moto/Ciclomotor,Pickup/Utilitario",Av. Francia Y Bv. Segui,2,1,0,0,1,0,0,,Avenida,,ROSARIO,Rosario,Asfalto,No existe,II,Fuera,Urbana,Semáforo,Funciona,Recta,Bueno,Buena,Diurna,Buen Tiempo,Lateral,S/D,Colisión,Ninguna,"Horizontal,Vertical",Cordón divisorio,Sin restricción,POINT (-60.673763175000005 -32.97418725),"['Avenida Francia', 'Bulevar Juan Francisco Seguí']",2,Avenida Francia; Bulevar Juan Francisco Seguí,-32.97418725,-60.673763175000005,55.0,538.0,Municipio Rosario,Municipio,Rosario,820210,Servicio de Catastro e Información Territorial,IGN
2017,6685,2017-09-26,Martes,0.0,12:00:00,,0.0,2,"Pickup/Utilitario,Moto/Ciclomotor",Centeno Y España,2,1,0,0,1,0,0,,Calle,,ROSARIO,Rosario,Asfalto,No existe,II,Dentro,Urbana,Ninguna,No existe,Intersección,Bueno,Buena,Diurna,Buen Tiempo,Lateral,S/D,Colisión,S/D,Faltante,Ninguna,Sin restricción,POINT (-60.6561499 -32.98333439999999),"['Centeno', 'España']",2,Coronel Centeno; España,-32.98333439999999,-60.6561499,55.0,538.0,Municipio Rosario,Municipio,Rosario,820210,Servicio de Catastro e Información Territorial,IGN
2017,6687,2017-09-17,Domingo,0.0,,,0.0,2,"Automóvil,Moto/Ciclomotor",L.N.Alem Y Dean Funes,4,2,0,0,2,0,0,,Calle,,ROSARIO,Rosario,Asfalto,No existe,II,S/D,Urbana,Ninguna,No existe,Intersección,Bueno,Buena,Diurna,Buen Tiempo,De alcance,S/D,Colisión,Ninguna,Faltante,Ninguna,Sin restricción,POINT (-60.6356395 -32.97742120000001),"['Alem', 'Deán Gregorio Funes']",2,Leandro N. Alem; Deán Gregorio Funes,-32.97742120000001,-60.6356395,55.0,538.0,Municipio Rosario,Municipio,Rosario,820210,Servicio de Catastro e Información Territorial,IGN
2017,6688,2017-09-21,Jueves,0.0,19:45:00,,0.0,1,Moto/Ciclomotor,Gaboto Y Callao,1,1,0,0,0,0,0,,Calle,,ROSARIO,Rosario,Asfalto,No existe,II,Dentro,Urbana,Ninguna,No existe,Intersección,Bueno,Buena,Atardecer,Buen Tiempo,Contra objeto fijo,S/D,Atropello,S/D,Faltante,S/D,Sin restricción,POINT (-60.66685700000001 -32.9694098),"['Gaboto', 'Callao']",2,Gaboto; Callao,-32.9694098,-60.66685700000001,55.0,538.0,Municipio Rosario,Municipio,Rosario,820210,Servicio de Catastro e Información Territorial,IGN
2017,6689,2017-09-15,Viernes,0.0,19:50:00,,0.0,3,"Automóvil,Transporte de Pasajeros Urbano (> 8 asientos),Moto/Ciclomotor",Av. Francia Y Av. Uriburu,3,1,0,0,2,0,0,,Avenida,,ROSARIO,Rosario,Asfalto,No existe,II,Dentro,Urbana,Semáforo,Funciona,Recta,Bueno,Buena,Nocturna,Buen Tiempo,Lateral,S/D,Colisión,Ninguna,Vertical,Vegetación,Sin restricción,POINT (-60.678139125 -32.991649800000005),"['Avenida Francia', 'Uriburu']",2,Avenida Francia; Avenida José Uriburu,-32.991649800000005,-60.678139125,55.0,538.0,Municipio Rosario,Municipio,Rosario,820210,Servicio de Catastro e Información Territorial,IGN
2017,6696,2017-09-04,Lunes,0.0,20:00:00,,0.0,2,"Bicicleta,Pickup/Utilitario",Bv. Avellaneda 4900,2,1,0,0,1,0,0,,Avenida,,ROSARIO,Rosario,Asfalto,No existe,II,S/D,Urbana,Ninguna,No existe,Recta,Bueno,Buena,Con luz artificial,Buen Tiempo,S/D,Ciclista,Atropello,Ninguna,S/D,Ninguna,Sin restricción,"-32.9499307, -60.6819034",['Avellaneda 4900'],1,Avellaneda 4900,-32.9499307,-60.6819034,55.0,538.0,Municipio Rosario,Municipio,Rosario,820210,Servicio de Catastro e Información Territorial,IGN