anio_acci,nro_acci,fecha,desc_dia,fecha_aprox,hora_aprox,desc_ruta,km,cant_participantes,desc_participante,calle_avenida_km,total,heridos_leves,heridos_graves,heridos_gravisimos,ilesos,fallecidos,sin_datos,posicion_XY,desc_tipo_via,desc_ruta_ori,desc_loc,desc_dpto,desc_tipo_calzada,desc_tipo_banquina,desc_unidad_regional,desc_lugar_calzada,desc_zona,desc_prioridad,desc_estado_semaforo,desc_lugar_via,desc_estado_via,desc_estado_visibilidad,desc_luminosidad,desc_estado_clima,desc_tipo_colision,desc_tipo_atropello,desc_tipo_hecho,desc_pres_calzada,desc_senializacion,desc_separacion_via,desc_restriccion,forma_geocod,calle_lista,numero_calles,calles_osm,lat,lon,index_right,gid,fna,gna,nam,in1,fdc,sag
2017,6700,2017-09-14,Jueves,0.0,20:20:00,,0.0,2,"Automóvil,Moto/Ciclomotor",Buenos Aires 3200,2,1,0,0,1,0,0,,Calle,,ROSARIO,Rosario,Asfalto,No existe,II,S/D,Urbana,Ninguna,No existe,Intersección,Bueno,Buena,Nocturna,Lluvia,Lateral,S/D,Colisión,Ninguna,Faltante,Ninguna,Sin restricción,"-32.9753325, -60.639761",['Buenos Aires 3200'],1,Buenos Aires 3200,-32.9753325,-60.639761,55.0,538.0,Municipio Rosario,Municipio,Rosario,820210,Servicio de Catastro e Información Territorial,IGN
2017,6701,2017-09-07,Jueves,0.0,8:15:00,,0.0,2,"Automóvil,Moto/Ciclomotor",Bv. Avellaneda Y Garay,3,1,1,0,1,0,0,,Avenida,,ROSARIO,Rosario,Asfalto,No existe,II,Dentro,Urbana,Ninguna,No existe,Intersección,Bueno,Buena,Diurna,Buen Tiempo,Lateral,S/D,Colisión,Ninguna,Faltante,Cordón divisorio,Sin restricción,POINT (-60.6862105 -32.9671833),"['Avellaneda', 'Garay']",2,Bulevar Nicolás Avellaneda; Juan de Garay,-32.9671833,-60.6862105,55.0,538.0,Municipio Rosario,Municipio,Rosario,820210,Servicio de Catastro e Información Territorial,IGN
2017,6704,2017-09-04,Lunes,0.0,13:00:00,,0.0,2,"Moto/Ciclomotor,Moto/Ciclomotor",Av. Ovidio Lagos Y Garibaldi,2,1,0,0,1,0,0,,Avenida,,ROSARIO,Rosario,Asfalto,No existe,II,Dentro,Urbana,Ninguna,No existe,Intersección,Bueno,Buena,Diurna,Buen Tiempo,Frontal,S/D,Colisión,Ninguna,Horizontal,Ninguna,Sin restricción,POINT (-60.671054299999994 -32.981854),"['Avenida Ovidio Lagos', 'José Garibaldi']",2,Avenida Ovidio Lagos; José Garibaldi,-32.981854,-60.6710543,55.0,538.0,Municipio Rosario,Municipio,Rosario,820210,Servicio de Catastro e Información Territorial,IGN
2017,6707,2017-09-11,Lunes,0.0,17:30:00,,0.0,2,"Automóvil,Bicicleta",Gaboto Y Laprida,2,1,0,0,1,0,0,,Calle,,ROSARIO,Rosario,Asfalto,No existe,II,Dentro,Urbana,Señal Pare,No existe,Intersección,Bueno,Buena,Diurna,Buen Tiempo,S/D,Ciclista,Atropello,S/D,Horizontal,Ninguna,Sin restricción,POINT (-60.6409907 -32.9740619),"['Gaboto', 'Laprida']",2,Gaboto; Francisco Narciso Laprida,-32.9740619,-60.6409907,55.0,538.0,Municipio Rosario,Municipio,Rosario,820210,Servicio de Catastro e Información Territorial,IGN
2017,6708,2017-09-04,Lunes,0.0,19:15:00,,0.0,2,"Pickup/Utilitario,Peatón",Pje. Santa Maria 4100,2,1,0,0,1,0,0,,Calle,,ROSARIO,Rosario,Asfalto,No existe,II,Fuera,Urbana,Ninguna,No existe,Recta,Bueno,Buena,Nocturna,Buen Tiempo,S/D,Peatón,Atropello,Ninguna,Faltante,S/D,Sin restricción,"-32.9794876, -60.6843484",['Pasaje Santa Maria 4100'],1,Pasaje Santa Maria 4100,-32.9794876,-60.6843484,55.0,538.0,Municipio Rosario,Municipio,Rosario,820210,Servicio de Catastro e Información Territorial,IGN
2017,6710,2017-09-24,Domingo,0.0,1:00:00,,0.0,2,"Automóvil,Automóvil",Bv. Avellaneda Y Centeno,2,1,0,0,1,0,0,,Avenida,,ROSARIO,Rosario,Asfalto,No existe,II,Dentro,Urbana,Ninguna,No existe,Intersección,Bueno,Buena,Con luz artificial,Buen Tiempo,Lateral,S/D,Colisión,Ninguna,S/D,Cordón divisorio,Sin restricción,POINT (-60.68879944999999 -32.9775145),"['Avellaneda', 'Centeno']",2,Bulevar Nicolás Avellaneda; Coronel Centeno,-32.9775145,-60.68879944999999,55.0,538.0,Municipio Rosario,Municipio,Rosario,820210,Servicio de Catastro e Información Territorial,IGN
2017,6712,2017-09-10,Domingo,0.0,15:00:00,,0.0,2,"Moto/Ciclomotor,Transporte de Pasajeros Urbano (> 8 asientos)",Bv. Segui Y 1 de Mayo,3,2,0,0,1,0,0,,Calle,,ROSARIO,Rosario,Asfalto,S/D,II,Dentro,Urbana,Ninguna,No existe,Intersección,Bueno,Buena,Diurna,Lluvia,De alcance,S/D,Colisión,S/D,S/D,Cordón divisorio,Sin restricción,POINT (-60.63787925 -32.98061510000001),"['Bulevar Juan Francisco Seguí', 'Primero de Mayo']",2,Bulevar Juan Francisco Seguí; Primero de Mayo,-32.98061510000001,-60.63787925,55.0,538.0,Municipio Rosario,Municipio,Rosario,820210,Servicio de Catastro e Información Territorial,IGN
2017,6713,2017-09-23,Sabado,0.0,8:50:00,,0.0,2,"Automóvil,Automóvil",Av. Francia Y Biedma,3,1,0,0,2,0,0,,Avenida,,ROSARIO,Rosario,Asfalto,No existe,II,Dentro,Urbana,Ninguna,No existe,Intersección,Deteriorada,Buena,Amanecer,Buen Tiempo,Lateral,S/D,Colisión,Ninguna,Faltante,Cordón divisorio,Reparación de Vía,POINT (-60.6743451 -32.97648615),"['Avenida Francia', 'Coronel Biedma']",2,Avenida Francia; Coronel Biedma,-32.97648615,-60.6743451,55.0,538.0,Municipio Rosario,Municipio,Rosario,820210,Servicio de Catastro e Información Territorial,IGN
2017,6715,2017-09-19,Martes,0.0,20:40:00,,0.0,2,"Automóvil,Moto/Ciclomotor",Cafferata Y Dr.Rivas,3,1,1,0,1,0,0,,Calle,,ROSARIO,Rosario,Asfalto,No existe,II,Dentro,Urbana,S/D,No existe,Intersección,Bueno,Buena,Nocturna,Buen Tiempo,Lateral,S/D,Colisión,Ninguna,Faltante,Ninguna,Sin restricción,POINT (-60.680375500000004 -32.9778078),"['Cafferata', 'Doctor Francisco Riva']",2,Cafferata; Doctor Francisco Riva,-32.9778078,-60.6803755,55.0,538.0,Municipio Rosario,Municipio,Rosario,820210,Servicio de Catastro e Información Territorial,IGN
2017,6720,2017-09-10,Domingo,0.0,,,0.0,2,"Moto/Ciclomotor,Pickup/Utilitario",Necochea Y 24 De Setiembre,2,1,0,0,1,0,0,,Calle,,ROSARIO,Rosario,Asfalto,Ripio,II,S/D,Urbana,Ninguna,No existe,Intersección,Con baches,S/D,S/D,Lluvia,Lateral,S/D,Colisión,Ninguna,S/D,Ninguna,Sin restricción,POINT (-60.63268289999999 -32.982739900000006),"['Necochea', '24 de Septiembre']",2,Necochea; 24 de Septiembre,-32.982739900000006,-60.63268289999999,55.0,538.0,Municipio Rosario,Municipio,Rosario,820210,Servicio de Catastro e Información Territorial,IGN
2017,6722,2017-09-04,Lunes,0.0,19:30:00,,0.0,2,"Pickup/Utilitario,Moto/Ciclomotor",Colon Y Rueda,2,1,0,0,1,0,0,,Calle,,ROSARIO,Rosario,Asfalto,No existe,II,S/D,Urbana,Ninguna,No existe,Intersección,Bueno,Buena,Atardecer,Buen Tiempo,Lateral,S/D,Colisión,Ninguna,Horizontal,Ninguna,Sin restricción,POINT (-60.63173689999999 -32.9733415),"['Colon', 'Rueda']",2,Cristóbal Colón; Rueda,-32.9733415,-60.63173689999999,55.0,538.0,Municipio Rosario,Municipio,Rosario,820210,Servicio de Catastro e Información Territorial,IGN
2017,6723,2017-09-26,Martes,0.0,12:50:00,,0.0,2,"Automóvil,Moto/Ciclomotor",San Martin Y 24 De Setiembre,3,2,0,0,1,0,0,,Calle,,ROSARIO,Rosario,Asfalto,No existe,II,Dentro,Urbana,Ninguna,No existe,Intersección,Bueno,Buena,Diurna,Buen Tiempo,Lateral,S/D,Colisión,Ninguna,Faltante,Ninguna,Sin restricción,POINT (-60.64455705 -32.98058454999999),"['San Martin', '24 de Septiembre']",2,José de San Martín; 24 de Septiembre,-32.98058454999999,-60.64455705,55.0,538.0,Municipio Rosario,Municipio,Rosario,820210,Servicio de Catastro e Información Territorial,IGN
2017,6725,2017-09-28,Jueves,0.0,17:45:00,,0.0,2,"Automóvil,Moto/Ciclomotor",Saavedra Y Balcarce,3,2,0,0,1,0,0,,Calle,,ROSARIO,Rosario,Asfalto,No existe,II,Dentro,Urbana,Ninguna,No existe,Intersección,Bueno,Buena,Diurna,Buen Tiempo,Lateral,S/D,Colisión,Ninguna,Faltante,Ninguna,Sin restricción,POINT (-60.659847400000004 -32.975479699999994),"['Saavedra', 'Balcarce']",2,Saavedra; Balcarce,-32.975479699999994,-60.6598474,55.0,538.0,Municipio Rosario,Municipio,Rosario,820210,Servicio de Catastro e Información Territorial,IGN
2017,6727,2017-09-17,Domingo,0.0,13:05:00,,0.0,2,"Automóvil,Automóvil",Av. Corrientes Y Cochabamba,4,1,0,0,3,0,0,,S/D,,ROSARIO,Rosario,Asfalto,No existe,II,S/D,S/D,Señal Pare,No existe,Intersección,Bueno,Buena,Diurna,Buen Tiempo,Lateral,S/D,Colisión,Ninguna,Vertical,Ninguna,Sin restricción,POINT (-60.6453441 -32.9576917),"['Corrientes', 'Cochabamba']",2,Corrientes; Cochabamba,-32.9576917,-60.6453441,55.0,538.0,Municipio Rosario,Municipio,Rosario,820210,Servicio de Catastro e Información Territorial,IGN
2017,6794,2017-09-17,Domingo,0.0,23:15:00,,0.0,1,Moto/Ciclomotor,Av. Pte.Peron Y Av. Circunvalacion,4,2,1,0,0,0,1,,Avenida,,ROSARIO,Rosario,Asfalto,S/D,II,S/D,Urbana,S/D,S/D,Recta,Bueno,S/D,Nocturna,S/D,De alcance,S/D,Colisión,S/D,S/D,S/D,S/D,POINT (-60.71697254694366 -32.970708102842494),"['Avenida Presidente Perón', 'Circunvalacion']",2,Avenida Presidente Perón; Avenida de Circunvalación 25 de Mayo,-32.970708102842494,-60.71697254694366,55.0,538.0,Municipio Rosario,Municipio,Rosario,820210,Servicio de Catastro e Información Territorial,IGN
2017,6798,2017-09-09,Sabado,0.0,1:30:00,,0.0,2,"Camión Chasis,Automóvil",Bv. 27 De Febrero Y Av. Circunvalacion,3,1,0,0,1,0,1,,Avenida,,ROSARIO,Rosario,Asfalto,S/D,II,S/D,Urbana,Semáforo,Funciona,Intersección,S/D,S/D,Nocturna,Buen Tiempo,S/D,S/D,S/D,S/D,S/D,Cordón divisorio,S/D,POINT (-60.671730569613096 -32.965475411263625),"['27 de Febrero', 'Circunvalacion']",2,Bulevar 27 de Febrero; Avenida de Circunvalación 25 de Mayo,-32.965475411263625,-60.671730569613096,55.0,538.0,Municipio Rosario,Municipio,Rosario,820210,Servicio de Catastro e Información Territorial,IGN
2017,6801,2017-09-06,Miercoles,0.0,19:40:00,,0.0,2,"Moto/Ciclomotor,Moto/Ciclomotor",Bertole Y Calle 1724,2,1,1,0,0,0,0,,Calle,,ROSARIO,Rosario,Asfalto,S/D,II,Dentro,Urbana,Ninguna,No existe,Recta,Bueno,S/D,Diurna,S/D,S/D,S/D,S/D,S/D,S/D,Ninguna,S/D,POINT (-60.7297455 -32.96555529999999),"['Bertole', 'Hermana Paula Márquez']",2,Bertole; Hermana Paula Márquez,-32.96555529999999,-60.7297455,55.0,538.0,Municipio Rosario,Municipio,Rosario,820210,Servicio de Catastro e Información Territorial,IGN
2017,6805,2017-09-13,Miercoles,0.0,21:10:00,,0.0,1,Moto/Ciclomotor,Bv. 27 De Febrero Y Fraga,2,2,0,0,0,0,0,,Avenida,,ROSARIO,Rosario,Asfalto,Pavimento,II,Dentro,Urbana,S/D,No existe,Recta,Bueno,S/D,Nocturna,S/D,S/D,S/D,S/D,S/D,Faltante,Cordón divisorio,S/D,POINT (-60.70948275000001 -32.9592997),"['27 de Febrero', 'Fraga']",2,Bulevar 27 de Febrero; Rosendo María Fraga,-32.9592997,-60.70948275000001,55.0,538.0,Municipio Rosario,Municipio,Rosario,820210,Servicio de Catastro e Información Territorial,IGN
2017,6807,2017-09-04,Lunes,0.0,23:20:00,,0.0,2,"Automóvil,Moto/Ciclomotor",Godoy Cruz Y Av. Circunvalacion,3,2,0,0,1,0,0,,Avenida,,ROSARIO,Rosario,Asfalto,S/D,II,S/D,Urbana,S/D,S/D,Recta,Bueno,S/D,Nocturna,S/D,S/D,S/D,Colisión,S/D,S/D,S/D,S/D,POINT (-60.71697254694366 -32.970708102842494),"['Avenida Presidente Perón', 'Circunvalacion']",2,Avenida Presidente Perón; Avenida de Circunvalación 25 de Mayo,-32.970708102842494,-60.71697254694366,55.0,538.0,Municipio Rosario,Municipio,Rosario,820210,Servicio de Catastro e Información Territorial,IGN
2017,6810,2017-09-02,Sabado,0.0,22:30:00,,0.0,2,"Moto/Ciclomotor,Automóvil",Camilo Aldao Y Bv. Segui,2,1,0,0,1,0,0,,Calle,,ROSARIO,Rosario,Asfalto,No existe,II,Dentro,Urbana,Ninguna,No existe,Intersección,Bueno,Buena,Nocturna,Buen Tiempo,Lateral,S/D,Colisión,Ninguna,Faltante,Ninguna,Sin restricción,POINT (-60.69481865 -32.97059494999999),"['Camilo Aldao', 'Bulevar Juan Francisco Seguí']",2,Camilo Aldao; Bulevar Juan Francisco Seguí,-32.97059494999999,-60.69481865,55.0,538.0,Municipio Rosario,Municipio,Rosario,820210,Servicio de Catastro e Información Territorial,IGN
2017,6816,2017-09-21,Jueves,0.0,19:45:00,,0.0,2,"Automóvil,Moto/Ciclomotor",P.L.Funes Y Pje. Lejarza,2,1,0,0,1,0,0,,Calle,,ROSARIO,Rosario,Asfalto,No existe,II,Dentro,Urbana,Ninguna,No existe,Intersección,Bueno,Buena,Atardecer,Otro,Lateral,S/D,Colisión,Ninguna,Faltante,Ninguna,Sin restricción,POINT (-60.7001289 -32.96664870000001),"['Funes', 'Lejarza']",2,Deán Gregorio Funes; Joaquín Lejarza,-32.96664870000001,-60.7001289,55.0,538.0,Municipio Rosario,Municipio,Rosario,820210,Servicio de Catastro e Información Territorial,IGN
2017,6819,2017-09-18,Lunes,0.0,15:30:00,,0.0,2,"Automóvil,Bicicleta",Solis Y Uruguay,2,1,0,0,0,0,1,,Calle,,ROSARIO,Rosario,Asfalto,No existe,II,S/D,Urbana,Ninguna,No existe,Recta,Bueno,Buena,Diurna,Otro,S/D,Ciclista,Atropello,S/D,Faltante,Ninguna,Sin restricción,POINT (-60.7022302 -32.968379399999996),"['Solis', 'Uruguay']",2,Juan Díaz de Solís; Uruguay,-32.9683794,-60.7022302,55.0,538.0,Municipio Rosario,Municipio,Rosario,820210,Servicio de Catastro e Información Territorial,IGN
2017,6822,2017-09-13,Miercoles,0.0,11:20:00,,0.0,2,"Automóvil,Bicicleta",Garzon Y Amenabar,3,2,0,0,1,0,0,,Calle,,ROSARIO,Rosario,Asfalto,S/D,II,S/D,Urbana,S/D,No existe,Recta,S/D,S/D,Diurna,S/D,S/D,Ciclista,Atropello,S/D,Faltante,S/D,S/D,POINT (-60.70473340000001 -32.9637739),"['Garzón', 'Amenabar']",2,Garzón; José de Amenábar,-32.9637739,-60.70473340000001,55.0,538.0,Municipio Rosario,Municipio,Rosario,820210,Servicio de Catastro e Información Territorial,IGN
2017,6825,2017-09-17,Domingo,0.0,12:00:00,,0.0,2,"Moto/Ciclomotor,Automóvil",Av. Pellegrini Y Barra,2,1,0,0,1,0,0,,Avenida,,ROSARIO,Rosario,Asfalto,No existe,II,Dentro,Urbana,S/D,No existe,Intersección,S/D,S/D,Diurna,S/D,S/D,S/D,Colisión,S/D,Horizontal,Cordón divisorio,S/D,POINT (-60.7064564 -32.948440399999996),"['Pellegrini', 'Barra']",2,Avenida Carlos Pellegrini; Barraco,-32.9484404,-60.7064564,55.0,538.0,Municipio Rosario,Municipio,Rosario,820210,Servicio de Catastro e Información Territorial,IGN
2017,6831,2017-09-14,Jueves,0.0,8:30:00,,0.0,2,"Moto/Ciclomotor,Automóvil",Av. Eva Peron Y Solis,2,1,0,0,1,0,0,,Avenida,,ROSARIO,Rosario,Asfalto,No existe,II,Dentro,Urbana,Semáforo,Funciona,Intersección,S/D,S/D,Diurna,S/D,De alcance,S/D,Colisión,S/D,Vertical,Ninguna,Sin restricción,POINT (-60.70364185 -32.93467735),"['Avenida Eva Perón', 'Solis']",2,Avenida Eva Perón; Juan Díaz de Solís,-32.93467735,-60.70364185,55.0,538.0,Municipio Rosario,Municipio,Rosario,820210,Servicio de Catastro e Información Territorial,IGN
2017,6834,2017-09-01,Viernes,0.0,16:00:00,,0.0,2,"Moto/Ciclomotor,Automóvil",Matienzo ,3,2,0,0,1,0,0,,Calle,,ROSARIO,Rosario,Asfalto,No existe,II,Dentro,Urbana,Ninguna,No existe,Intersección,S/D,S/D,Diurna,S/D,De alcance,S/D,Colisión,S/D,S/D,Ninguna,Sin restricción,"-32.9232856, -60.6953331",['Matienzo'],1,Matienzo,-32.9232856,-60.6953331,55.0,538.0,Municipio Rosario,Municipio,Rosario,820210,Servicio de Catastro e Información Territorial,IGN
2017,6839,2017-09-02,Sabado,0.0,12:30:00,,0.0,2,"Automóvil,Automóvil",Ocampo Y Vera Mujica,2,1,0,0,1,0,0,,Calle,,ROSARIO,Rosario,Asfalto,S/D,II,Dentro,Urbana,Ninguna,No existe,Intersección,Bueno,Buena,Diurna,Buen Tiempo,Lateral,S/D,Colisión,Ninguna,Faltante,Ninguna,Sin restricción,POINT (-60.6719615 -32.96132029999998),"['Ocampo', 'Vera Mujíca']",2,Ocampo; Vera Mujíca,-32.96132029999998,-60.6719615,55.0,538.0,Municipio Rosario,Municipio,Rosario,820210,Servicio de Catastro e Información Territorial,IGN
2017,6842,2017-09-04,Lunes,0.0,11:40:00,,0.0,2,"Moto/Ciclomotor,Bicicleta",Galvez Y Bv. Avellaneda,2,1,0,0,1,0,0,,Calle,,ROSARIO,Rosario,Asfalto,Pavimento,II,Dentro,Urbana,Ninguna,No existe,Intersección,S/D,Buena,Diurna,Buen Tiempo,S/D,Ciclista,Atropello,Ninguna,Faltante,Ninguna,Sin restricción,POINT (-60.68477575 -32.961421),"['Galvez', 'Avellaneda']",2,José Gálvez; Bulevar Nicolás Avellaneda,-32.961421,-60.68477575,55.0,538.0,Municipio Rosario,Municipio,Rosario,820210,Servicio de Catastro e Información Territorial,IGN
2017,6847,2017-09-10,Domingo,0.0,15:15:00,,0.0,2,"Automóvil,Automóvil",Bv. 27 De Febrero Y Bv. Avellaneda,3,2,0,0,0,0,1,,Avenida,,ROSARIO,Rosario,Asfalto,Pavimento,II,S/D,Urbana,Ninguna,No funciona,Intersección,Bueno,Reducida,Diurna,Lluvia,Lateral,S/D,Colisión,Agua,Faltante,Ninguna,Sin restricción,POINT (-60.68448515 -32.96026405),"['27 de Febrero', 'Avellaneda']",2,Bulevar 27 de Febrero; Bulevar Nicolás Avellaneda,-32.96026405,-60.68448515,55.0,538.0,Municipio Rosario,Municipio,Rosario,820210,Servicio de Catastro e Información Territorial,IGN
2017,6850,2017-09-29,Viernes,0.0,16:45:00,,0.0,2,"Moto/Ciclomotor,Taxi/Remis",Av. Pte.Peron Y Alsina,2,1,0,0,1,0,0,,Avenida,,ROSARIO,Rosario,Asfalto,Pavimento,II,S/D,Urbana,Ninguna,Funciona,Recta,Bueno,Buena,Diurna,Buen Tiempo,Lateral,S/D,Colisión,Ninguna,"Horizontal,Vertical",Cordón divisorio,Sin restricción,POINT (-60.6808657 -32.95726585),"['Avenida Presidente Perón', 'Alsina']",2,Avenida Presidente Perón; Alsina,-32.95726585,-60.6808657,55.0,538.0,Municipio Rosario,Municipio,Rosario,820210,Servicio de Catastro e Información Territorial,IGN
2017,6854,2017-09-19,Martes,0.0,22:30:00,,0.0,2,"Moto/Ciclomotor,Automóvil",Bv. Avellaneda Y Pasco,2,1,0,0,1,0,0,,Avenida,,ROSARIO,Rosario,Asfalto,No existe,II,S/D,Urbana,Ninguna,No existe,Recta,Bueno,Buena,Nocturna,Buen Tiempo,Lateral,S/D,Colisión,Ninguna,Horizontal,Ninguna,Sin restricción,POINT (-60.68246960000001 -32.952270733333336),"['Avellaneda', 'Pasco']",2,Bulevar Nicolás Avellaneda; Pasco,-32.952270733333336,-60.68246960000001,55.0,538.0,Municipio Rosario,Municipio,Rosario,820210,Servicio de Catastro e Información Territorial,IGN
2017,6885,2017-11-06,Lunes,0.0,8:40:00,,0.0,2,"Moto/Ciclomotor,Automóvil",uriburu Y circunvalacion,2,1,0,0,1,0,0,,Avenida,,ROSARIO,Rosario,Asfalto,Natural,II,Dentro,Urbana,Señal Pare,No existe,Intersección,Bueno,Buena,Diurna,Buen Tiempo,Lateral,S/D,Colisión,Ninguna,S/D,Cordón divisorio,Sin restricción,POINT (-60.661478219834294 -32.991061565588964),"['Uriburu', 'Circunvalacion']",2,Avenida José Uriburu; Avenida de Circunvalación 25 de Mayo,-32.991061565588964,-60.66147821983429,55.0,538.0,Municipio Rosario,Municipio,Rosario,820210,Servicio de Catastro e Información Territorial,IGN
2017,6917,2017-12-03,Domingo,0.0,17:55:00,,0.0,2,"Moto/Ciclomotor,Peatón",Cagancha Y San Nicolas,2,1,0,0,1,0,0,,Calle,,ROSARIO,Rosario,Tierra,No existe,II,Dentro,Urbana,Ninguna,No existe,Recta,Con baches,Buena,Atardecer,Buen Tiempo,Otro,Peatón,Atropello,Ninguna,S/D,Ninguna,Sin restricción,POINT (-60.682857299999995 -32.9820863),"['Cagancha', 'San Nicolás']",2,Cagancha; San Nicolás,-32.9820863,-60.6828573,55.0,538.0,Municipio Rosario,Municipio,Rosario,820210,Servicio de Catastro e Información Territorial,IGN
2017,6919,2017-12-04,Lunes,0.0,7:45:00,,0.0,2,"Automóvil,Moto/Ciclomotor",San Nicolas Y Lamadrid,2,1,0,0,1,0,0,,Calle,,ROSARIO,Rosario,Asfalto,No existe,II,Dentro,Urbana,Ninguna,No existe,Intersección,Bueno,Buena,Diurna,Buen Tiempo,De alcance,S/D,Colisión,Ninguna,Faltante,Ninguna,Sin restricción,POINT (-60.6850556 -32.998221749999985),"['San Nicolás', 'Lamadrid']",2,San Nicolás; Gregorio Aráoz de Lamadrid,-32.998221749999985,-60.6850556,55.0,538.0,Municipio Rosario,Municipio,Rosario,820210,Servicio de Catastro e Información Territorial,IGN
2017,6921,2017-12-04,Lunes,0.0,12:15:00,,0.0,2,"Pickup/Utilitario,Moto/Ciclomotor",Av. Francia Y Bv. Segui,2,1,0,0,1,0,0,,Avenida,,ROSARIO,Rosario,Asfalto,No existe,II,Dentro,Urbana,Semáforo,Funciona,Intersección,Bueno,Buena,Diurna,Buen Tiempo,S/D,S/D,Colisión,Ninguna,"Horizontal,Vertical",Cordón divisorio,Reparación de Vía,POINT (-60.673763175000005 -32.97418725),"['Avenida Francia', 'Bulevar Juan Francisco Seguí']",2,Avenida Francia; Bulevar Juan Francisco Seguí,-32.97418725,-60.673763175000005,55.0,538.0,Municipio Rosario,Municipio,Rosario,820210,Servicio de Catastro e Información Territorial,IGN
2017,6924,2017-12-05,Martes,0.0,13:00:00,,0.0,2,"Automóvil,Moto/Ciclomotor",Av. Francia Y Dean Funes,3,2,0,0,1,0,0,,Avenida,,ROSARIO,Rosario,Asfalto,No existe,II,S/D,Urbana,Ninguna,No existe,Intersección,Bueno,Buena,Diurna,Buen Tiempo,S/D,S/D,Colisión,Ninguna,S/D,Cordón divisorio,Sin restricción,POINT (-60.672891 -32.9707371),"['Avenida Francia', 'Deán Gregorio Funes']",2,Avenida Francia; Deán Gregorio Funes,-32.9707371,-60.672891,55.0,538.0,Municipio Rosario,Municipio,Rosario,820210,Servicio de Catastro e Información Territorial,IGN
2017,6926,2017-12-06,Miercoles,0.0,15:00:00,,0.0,2,"Bicicleta,Otros",Cafferata Y Dean Funes,2,1,0,0,1,0,0,,Calle,,ROSARIO,Rosario,Asfalto,No existe,II,Dentro,Urbana,Ninguna,No existe,Intersección,Bueno,Buena,Atardecer,Buen Tiempo,Otro,S/D,Atropello,Ninguna,Faltante,Ninguna,Sin restricción,POINT (-60.67833530000001 -32.9697666),"['Cafferata', 'Deán Gregorio Funes']",2,Cafferata; Deán Gregorio Funes,-32.9697666,-60.67833530000001,55.0,538.0,Municipio Rosario,Municipio,Rosario,820210,Servicio de Catastro e Información Territorial,IGN
2017,6928,2017-12-08,Viernes,0.0,8:00:00,,0.0,2,"Moto/Ciclomotor,Moto/Ciclomotor",Dean Funes Y San Nicolas,2,1,0,0,0,0,1,,Calle,,ROSARIO,Rosario,Asfalto,No existe,II,Dentro,Urbana,Ninguna,No existe,Intersección,Bueno,Buena,Diurna,Buen Tiempo,De alcance,S/D,Colisión,Ninguna,Faltante,Ninguna,Sin restricción,POINT (-60.67969029999999 -32.9695335),"['Deán Gregorio Funes', 'San Nicolás']",2,Deán Gregorio Funes; San Nicolás,-32.9695335,-60.67969029999999,55.0,538.0,Municipio Rosario,Municipio,Rosario,820210,Servicio de Catastro e Información Territorial,IGN
2017,6983,2017-09-28,Jueves,0.0,10:40:00,,0.0,2,"Transporte de Pasajeros Urbano (> 8 asientos),Moto/Ciclomotor",Montevideo Y Brasil,2,1,0,0,1,0,0,,Calle,,ROSARIO,Rosario,Asfalto,Pavimento,II,Dentro,Urbana,S/D,S/D,Otro,Bueno,S/D,Diurna,S/D,Otro,S/D,Colisión,S/D,S/D,Ninguna,S/D,POINT (-60.7192604 -32.94764489999999),"['Montevideo', 'Brasil']",2,Montevideo; Brasil,-32.94764489999999,-60.7192604,55.0,538.0,Municipio Rosario,Municipio,Rosario,820210,Servicio de Catastro e Información Territorial,IGN
2017,6993,2017-09-01,Viernes,0.0,21:00:00,,0.0,2,"Automóvil,Moto/Ciclomotor",Angel Carranza Y Pje. Prusia,2,1,0,0,1,0,0,,Calle,,ROSARIO,Rosario,Asfalto,No existe,II,Dentro,Urbana,Ninguna,No existe,Otro,Bueno,S/D,"Nocturna,Con luz artificial",Otro,Frontal,S/D,Colisión,Ninguna,S/D,Ninguna,S/D,POINT (-60.72898620000001 -32.93557709999999),"['Ángel Carranza', 'Prusia']",2,Ángel Carranza; Prusia,-32.93557709999999,-60.72898620000001,55.0,538.0,Municipio Rosario,Municipio,Rosario,820210,Servicio de Catastro e Información Territorial,IGN
2017,6996,2017-09-04,Lunes,0.0,,,0.0,2,"Pickup/Utilitario,Transporte de Pasajeros Urbano (> 8 asientos)",Av. Eva Peron Y Av. Provincias Unidas,2,1,0,0,0,0,1,,Avenida,,ROSARIO,Rosario,Asfalto,Pavimento,II,S/D,Urbana,Semáforo,Funciona,Recta,Bueno,Buena,S/D,Otro,Lateral,S/D,Colisión,Otro,"Horizontal,Vertical",Barrera de hormigón,Sin restricción,POINT (-60.712952900000005 -32.933009625),"['Avenida Eva Perón', 'Avenida Provincias Unidas']",2,Avenida Eva Perón; Avenida Provincias Unidas,-32.933009625,-60.712952900000005,55.0,538.0,Municipio Rosario,Municipio,Rosario,820210,Servicio de Catastro e Información Territorial,IGN