anio_acci,nro_acci,fecha,desc_dia,fecha_aprox,hora_aprox,desc_ruta,km,cant_participantes,desc_participante,calle_avenida_km,total,heridos_leves,heridos_graves,heridos_gravisimos,ilesos,fallecidos,sin_datos,posicion_XY,desc_tipo_via,desc_ruta_ori,desc_loc,desc_dpto,desc_tipo_calzada,desc_tipo_banquina,desc_unidad_regional,desc_lugar_calzada,desc_zona,desc_prioridad,desc_estado_semaforo,desc_lugar_via,desc_estado_via,desc_estado_visibilidad,desc_luminosidad,desc_estado_clima,desc_tipo_colision,desc_tipo_atropello,desc_tipo_hecho,desc_pres_calzada,desc_senializacion,desc_separacion_via,desc_restriccion,forma_geocod,calle_lista,numero_calles,calles_osm,lat,lon,index_right,gid,fna,gna,nam,in1,fdc,sag
2017,6999,2017-09-06,Miercoles,0.0,,,0.0,2,"Automóvil,Pickup/Utilitario",Av. Provincias Unidas Y Gorriti,2,1,0,0,0,0,1,,Avenida,,ROSARIO,Rosario,Asfalto,S/D,II,Dentro,Urbana,Otra Señal,S/D,Recta,Bueno,Buena,S/D,Otro,S/D,S/D,Colisión,Otro,Horizontal,Ninguna,Sin restricción,POINT (-60.71330590000001 -32.92438785),"['Avenida Provincias Unidas', 'Gorriti']",2,Avenida Provincias Unidas; Gorriti,-32.92438785,-60.71330590000001,55.0,538.0,Municipio Rosario,Municipio,Rosario,820210,Servicio de Catastro e Información Territorial,IGN
2017,7006,2017-09-13,Miercoles,0.0,,,0.0,2,"Pickup/Utilitario,Moto/Ciclomotor",Av. Circunvalacion Y Av. Brassey,2,1,0,0,1,0,0,,Avenida,,ROSARIO,Rosario,Asfalto,S/D,II,Dentro,Urbana,Ninguna,No existe,Recta,Bueno,S/D,S/D,Otro,Lateral,S/D,Colisión,Otro,S/D,Barrera de alto impacto,Sin restricción,POINT (-60.7242006 -32.922832699999994),"['Circunvalacion', 'Brassey']",2,"('Colectora José María Rosa', 'Brassey')",-32.922832699999994,-60.7242006,55.0,538.0,Municipio Rosario,Municipio,Rosario,820210,Servicio de Catastro e Información Territorial,IGN
2017,7009,2017-09-15,Viernes,0.0,,,0.0,2,"Automóvil,Moto/Ciclomotor",Gonzalez del Solar Y Av. Brassey,3,1,0,0,0,0,2,,Calle,,ROSARIO,Rosario,Asfalto,Pavimento,II,Dentro,S/D,Ninguna,No existe,Recta,Otro,Buena,S/D,Otro,Lateral,S/D,Colisión,Otro,Vertical,Ninguna,Sin restricción,POINT (-60.7371128 -32.92315349999999),"['González del Solar', 'Brassey']",2,González del Solar; Brassey,-32.92315349999999,-60.7371128,55.0,538.0,Municipio Rosario,Municipio,Rosario,820210,Servicio de Catastro e Información Territorial,IGN
2017,7013,2017-09-18,Lunes,0.0,,,0.0,2,"Automóvil,Otros",Av. Brassey Y Sarratea Bis,2,0,1,0,1,0,0,,Calle,,ROSARIO,Rosario,Asfalto,Pavimento,II,Dentro,Urbana,Ninguna,S/D,Recta,Otro,S/D,S/D,Otro,Lateral,S/D,Colisión,Otro,S/D,Línea divisoria pintada,Sin restricción,POINT (-60.7412249 -32.9232607),"['Brassey', 'Sarratea']",2,Brassey; Sarratea,-32.9232607,-60.7412249,55.0,538.0,Municipio Rosario,Municipio,Rosario,820210,Servicio de Catastro e Información Territorial,IGN
2017,7016,2017-09-01,Viernes,0.0,11:55:00,,0.0,2,"Peatón,Moto/Ciclomotor",J.B.Justo Y Fraga Bis,2,1,0,0,1,0,0,,Calle,,ROSARIO,Rosario,Asfalto,No existe,II,Dentro,Urbana,Ninguna,No existe,Intersección,Bueno,Buena,Diurna,Buen Tiempo,S/D,Peatón,Atropello,Ninguna,Faltante,Ninguna,Sin restricción,POINT (-60.7116215 -32.914868399999996),"['Justo', 'Fraga']",2,Justo José de Urquiza; Rosendo María Fraga,-32.9148684,-60.7116215,55.0,538.0,Municipio Rosario,Municipio,Rosario,820210,Servicio de Catastro e Información Territorial,IGN
2017,7020,2017-09-23,Sabado,0.0,,,0.0,2,"Bicicleta,Vehículo Oficial",Av. Provincias Unidas Y Navarro,3,2,0,0,1,0,0,,Avenida,,ROSARIO,Rosario,Asfalto,Pavimento,II,S/D,Urbana,Ninguna,No existe,Intersección,Otro,S/D,S/D,Otro,S/D,Ciclista,Atropello,Otro,S/D,Barrera de hormigón,Sin restricción,POINT (-60.713012649999996 -32.931526899999994),"['Avenida Provincias Unidas', 'Navarro']",2,Avenida Provincias Unidas; Navarro,-32.931526899999994,-60.71301265,55.0,538.0,Municipio Rosario,Municipio,Rosario,820210,Servicio de Catastro e Información Territorial,IGN
2017,7021,2017-09-27,Miercoles,0.0,,,0.0,2,"Pickup/Utilitario,Moto/Ciclomotor",Bv. Argentino Y Tarragona,2,1,0,0,1,0,0,,Calle,,ROSARIO,Rosario,Asfalto,Pavimento,II,Dentro,Urbana,Ninguna,No existe,Intersección,Otro,S/D,S/D,Buen Tiempo,Lateral,S/D,Colisión,Otro,S/D,Cordón divisorio,Sin restricción,POINT (-60.7346713 -32.9243627),"['Argentino', 'Tarragona']",2,Avenida Central Argentino; Tarragona,-32.9243627,-60.7346713,55.0,538.0,Municipio Rosario,Municipio,Rosario,820210,Servicio de Catastro e Información Territorial,IGN
2017,7022,2017-09-22,Viernes,0.0,,,0.0,2,"Bicicleta,Automóvil",Tte.Agneta Y Velez Sarsfield,3,2,0,0,1,0,0,,Calle,,ROSARIO,Rosario,S/D,S/D,II,S/D,Urbana,S/D,S/D,Intersección,Bueno,S/D,S/D,S/D,S/D,S/D,Colisión,S/D,S/D,S/D,S/D,POINT (-60.7003935 -32.9256592),"['Teniente Agneta', 'Vélez Sarsfield']",2,Teniente Agneta; Vélez Sarsfield,-32.9256592,-60.7003935,55.0,538.0,Municipio Rosario,Municipio,Rosario,820210,Servicio de Catastro e Información Territorial,IGN
2017,7023,2017-09-26,Martes,0.0,18:30:00,,0.0,2,"Bicicleta,Automóvil",Urquiza Y Guatemala,2,1,0,0,1,0,0,,Calle,,ROSARIO,Rosario,S/D,S/D,II,S/D,Urbana,S/D,S/D,Intersección,S/D,S/D,Diurna,S/D,S/D,Ciclista,Atropello,S/D,S/D,S/D,S/D,POINT (-60.71759080000001 -32.93356359999999),"['Urquiza', 'Guatemala']",2,"('Justo José de Urquiza', 'Guatemala')",-32.93356359999999,-60.71759080000001,55.0,538.0,Municipio Rosario,Municipio,Rosario,820210,Servicio de Catastro e Información Territorial,IGN
2017,7036,2017-12-08,Viernes,0.0,17:50:00,,0.0,2,"Automóvil,Moto/Ciclomotor",Av. Uriburu Y Av. Francia,2,1,0,0,1,0,0,,Avenida,,ROSARIO,Rosario,Asfalto,No existe,II,Dentro,Urbana,Semáforo,Funciona,Intersección,Bueno,Buena,Atardecer,Buen Tiempo,S/D,S/D,Colisión,Ninguna,"Horizontal,Vertical",Cordón divisorio,Sin restricción,POINT (-60.678139124999994 -32.991649800000005),"['Uriburu', 'Avenida Francia']",2,Avenida José Uriburu; Avenida Francia,-32.991649800000005,-60.678139125,55.0,538.0,Municipio Rosario,Municipio,Rosario,820210,Servicio de Catastro e Información Territorial,IGN
2017,7037,2017-12-08,Viernes,0.0,11:50:00,,0.0,2,"Automóvil,Moto/Ciclomotor",Av. Ovidio Lagos Y Uruguay,2,1,0,0,1,0,0,,Avenida,,ROSARIO,Rosario,Asfalto,No existe,II,S/D,Urbana,Señal Ceda el Paso,No existe,Intersección,Bueno,Buena,Diurna,Buen Tiempo,S/D,S/D,Colisión,Ninguna,Vertical,Cordón divisorio,Sin restricción,POINT (-60.6688156 -32.972676699999994),"['Avenida Ovidio Lagos', 'Uruguay']",2,Avenida Ovidio Lagos; Uruguay,-32.972676699999994,-60.6688156,55.0,538.0,Municipio Rosario,Municipio,Rosario,820210,Servicio de Catastro e Información Territorial,IGN
2017,7039,2017-12-18,Lunes,0.0,18:20:00,,0.0,2,"Automóvil,Bicicleta",Biedma Y Lavalle,2,1,0,0,1,0,0,,Calle,,ROSARIO,Rosario,Asfalto,No existe,II,Dentro,Urbana,Ninguna,No existe,Intersección,Bueno,Buena,Atardecer,Buen Tiempo,Lateral,S/D,S/D,S/D,Faltante,Ninguna,Sin restricción,POINT (-60.6865867 -32.974293599999996),"['Coronel Biedma', 'Lavalle']",2,Coronel Biedma; Lavalle,-32.9742936,-60.6865867,55.0,538.0,Municipio Rosario,Municipio,Rosario,820210,Servicio de Catastro e Información Territorial,IGN
2017,7041,2017-12-23,Sabado,0.0,9:30:00,,0.0,2,"Moto/Ciclomotor,Taxi/Remis",Amenabar Y Av. Francia,2,1,0,0,1,0,0,,Avenida,,ROSARIO,Rosario,Asfalto,No existe,II,S/D,Urbana,Ninguna,No existe,Intersección,Bueno,Buena,Diurna,Buen Tiempo,De alcance,S/D,Colisión,Ninguna,S/D,Cordón divisorio,Sin restricción,POINT (-60.67202045 -32.967278349999994),"['Amenabar', 'Avenida Francia']",2,José de Amenábar; Avenida Francia,-32.967278349999994,-60.67202045,55.0,538.0,Municipio Rosario,Municipio,Rosario,820210,Servicio de Catastro e Información Territorial,IGN
2017,7042,2017-12-22,Viernes,0.0,18:00:00,,0.0,3,"Pickup/Utilitario,Automóvil,Automóvil",Av. Circunvalacion Y Av. Uriburu,6,2,0,0,4,0,0,,Avenida,,ROSARIO,Rosario,Asfalto,No existe,II,S/D,Urbana,Ninguna,No existe,Recta,Bueno,Buena,Atardecer,Buen Tiempo,Múltiple,S/D,Colisión,Ninguna,S/D,Guardarrail,Sin restricción,POINT (-60.70053645 -32.992253950000006),"['Circunvalacion', 'Uriburu']",2,"('Juan Pablo II', 'Avenida José Uriburu')",-32.992253950000006,-60.70053645,55.0,538.0,Municipio Rosario,Municipio,Rosario,820210,Servicio de Catastro e Información Territorial,IGN
2017,7045,2017-12-23,Sabado,0.0,5:00:00,,0.0,2,"Automóvil,Moto/Ciclomotor",Av. Ovidio Lagos Y Dr.Rivas,3,2,1,0,0,0,0,,Avenida,,ROSARIO,Rosario,Asfalto,No existe,II,S/D,Urbana,Marca Vial,No existe,Intersección,Bueno,Buena,Amanecer,Buen Tiempo,S/D,S/D,S/D,Ninguna,Horizontal,Cordón divisorio,Sin restricción,POINT (-60.6705014 -32.979572149999996),"['Avenida Ovidio Lagos', 'Doctor Francisco Riva']",2,Avenida Ovidio Lagos; Doctor Francisco Riva,-32.97957215,-60.6705014,55.0,538.0,Municipio Rosario,Municipio,Rosario,820210,Servicio de Catastro e Información Territorial,IGN
2017,7047,2017-12-24,Domingo,0.0,11:50:00,,0.0,2,"Automóvil,Moto/Ciclomotor",Lamadrid Y Suipacha,3,2,0,0,1,0,0,,Calle,,ROSARIO,Rosario,Asfalto,No existe,II,Dentro,Urbana,Ninguna,No existe,Intersección,Deteriorada,Buena,Diurna,Buen Tiempo,S/D,S/D,Colisión,Ninguna,Faltante,Ninguna,Sin restricción,POINT (-60.6764571 -32.9979598),"['Lamadrid', 'Suipacha']",2,Gregorio Aráoz de Lamadrid; Suipacha,-32.9979598,-60.6764571,55.0,538.0,Municipio Rosario,Municipio,Rosario,820210,Servicio de Catastro e Información Territorial,IGN
2017,7050,2017-12-26,Martes,0.0,16:40:00,,0.0,2,"Moto/Ciclomotor,Automóvil",Saavedra Y Alsina,3,2,0,0,0,0,1,,Calle,,ROSARIO,Rosario,Asfalto,No existe,II,Dentro,Urbana,Ninguna,No existe,Intersección,Bueno,Buena,Atardecer,Buen Tiempo,Lateral,S/D,Colisión,Ninguna,Faltante,Ninguna,Sin restricción,POINT (-60.6843473 -32.97111979999999),"['Saavedra', 'Alsina']",2,Saavedra; Alsina,-32.97111979999999,-60.6843473,55.0,538.0,Municipio Rosario,Municipio,Rosario,820210,Servicio de Catastro e Información Territorial,IGN
2017,7051,2017-12-19,Martes,0.0,12:30:00,,0.0,2,"Moto/Ciclomotor,Automóvil",Av. Ntra.Sra.del Rosario Y Mariano Moreno,3,0,0,0,1,0,2,,Calle,,ROSARIO,Rosario,Asfalto,No existe,II,Dentro,Urbana,Ninguna,No existe,Intersección,Bueno,Buena,Diurna,Buen Tiempo,Lateral,S/D,Colisión,Ninguna,Faltante,Ninguna,Sin restricción,POINT (-60.66205469999999 -33.0004878),"['Nuestra Señora del Rosario', 'Mariano Moreno']",2,Puente Nuestra Señora del Rosario; Mariano Moreno,-33.0004878,-60.66205469999999,55.0,538.0,Municipio Rosario,Municipio,Rosario,820210,Servicio de Catastro e Información Territorial,IGN
2017,7055,2017-12-23,Sabado,0.0,12:50:00,,0.0,2,"Moto/Ciclomotor,Automóvil",Av. Arijon 2400,3,1,0,0,2,0,0,,Avenida,,ROSARIO,Rosario,Asfalto,No existe,II,Dentro,Urbana,Ninguna,No existe,Intersección,Bueno,Buena,Diurna,Buen Tiempo,Lateral,S/D,Colisión,Ninguna,Faltante,Línea divisoria pintada,Sin restricción,"-33.0023231, -60.6252459",['Arijon 2400'],1,Arijon 2400,-33.0023231,-60.6252459,55.0,538.0,Municipio Rosario,Municipio,Rosario,820210,Servicio de Catastro e Información Territorial,IGN
2017,7057,2017-12-26,Martes,0.0,10:30:00,,0.0,2,"Moto/Ciclomotor,Automóvil",Sanchez de Bustamante Y Dorrego,3,2,0,0,1,0,0,,Calle,,ROSARIO,Rosario,Asfalto,No existe,II,Dentro,Urbana,Ninguna,No existe,Intersección,Bueno,Buena,Diurna,Buen Tiempo,Lateral,S/D,Colisión,Ninguna,Faltante,Ninguna,Sin restricción,POINT (-60.6605377 -33.00239860000001),"['Sánchez de Bustamante', 'Dorrego']",2,Sánchez de Bustamante; Manuel Dorrego,-33.00239860000001,-60.6605377,55.0,538.0,Municipio Rosario,Municipio,Rosario,820210,Servicio de Catastro e Información Territorial,IGN
2017,7058,2017-12-13,Miercoles,0.0,12:15:00,,0.0,2,"Moto/Ciclomotor,Pickup/Utilitario",Callao Y Av. Ntra.Sra.del Rosario,2,1,0,0,1,0,0,,S/D,,ROSARIO,Rosario,Asfalto,No existe,II,Dentro,Urbana,Ninguna,No existe,Intersección,Bueno,Buena,Diurna,Buen Tiempo,Lateral,S/D,Colisión,Ninguna,Faltante,Ninguna,Sin restricción,POINT (-60.6713888 -33.000778399999994),"['Callao', 'Nuestra Señora del Rosario']",2,Callao; Puente Nuestra Señora del Rosario,-33.000778399999994,-60.6713888,55.0,538.0,Municipio Rosario,Municipio,Rosario,820210,Servicio de Catastro e Información Territorial,IGN
2017,7060,2017-12-09,Sabado,0.0,3:45:00,,0.0,2,"Moto/Ciclomotor,Automóvil",Bv. Oroño Y Lamadrid,2,1,0,0,1,0,0,,Avenida,,ROSARIO,Rosario,Asfalto,No existe,II,Dentro,Urbana,Semáforo,Funciona,Intersección,Bueno,Buena,Con luz artificial,Buen Tiempo,Lateral,S/D,Colisión,Ninguna,Vertical,Cordón divisorio,Sin restricción,POINT (-60.66524270000001 -32.9976152),"['Bulevar Nicasio Oroño', 'Lamadrid']",2,Bulevar Nicasio Oroño; Gregorio Aráoz de Lamadrid,-32.9976152,-60.66524270000001,55.0,538.0,Municipio Rosario,Municipio,Rosario,820210,Servicio de Catastro e Información Territorial,IGN
2017,7066,2017-11-29,Miercoles,0.0,16:45:00,,0.0,2,"Automóvil,Otros",Av. Circunvalacion Y España,2,1,0,0,0,0,1,,Avenida,,ROSARIO,Rosario,Asfalto,Natural,II,S/D,Urbana,Ninguna,No existe,Recta,Bueno,Buena,Diurna,Buen Tiempo,Lateral,S/D,Colisión,Ninguna,Vertical,Guardarrail,Sin restricción,POINT (-60.65680843645818 -33.016017846657775),"['Circunvalacion', 'España']",2,Avenida de Circunvalación 25 de Mayo; España,-33.016017846657775,-60.65680843645818,55.0,538.0,Municipio Rosario,Municipio,Rosario,820210,Servicio de Catastro e Información Territorial,IGN
2017,7075,2017-12-24,Domingo,0.0,18:00:00,,0.0,2,"Moto/Ciclomotor,Peatón",J.J.Paso Y Venezuela,2,1,0,0,1,0,0,,Avenida,,ROSARIO,Rosario,Asfalto,Pavimento,II,Dentro,Urbana,Ninguna,S/D,Recta,Bueno,Buena,Atardecer,Otro,Lateral,Peatón,Atropello,Otro,Horizontal,Ninguna,Sin restricción,POINT (-60.7253695 -32.9205891),"['Paso', 'Venezuela']",2,Avenida Juan José Paso; Venezuela,-32.9205891,-60.7253695,55.0,538.0,Municipio Rosario,Municipio,Rosario,820210,Servicio de Catastro e Información Territorial,IGN
2017,7076,2017-09-04,Lunes,0.0,23:45:00,,0.0,2,"Automóvil,Moto/Ciclomotor",Av. Circunvalacion Y Av. Sorrento,3,1,0,0,2,0,0,,Avenida,,ROSARIO,Rosario,Asfalto,No existe,II,Dentro,Urbana,Semáforo,Intermitente,Recta,Bueno,Buena,Nocturna,Buen Tiempo,Lateral,S/D,Colisión,Ninguna,Vertical,Ninguna,Sin restricción,POINT (-60.72270983333334 -32.90836276666667),"['Circunvalacion', 'Sorrento']",2,"('Juan Pablo II', 'Avenida Sorrento')",-32.90836276666667,-60.72270983333334,55.0,538.0,Municipio Rosario,Municipio,Rosario,820210,Servicio de Catastro e Información Territorial,IGN
2017,7078,2017-09-12,Martes,0.0,19:40:00,,0.0,2,"Taxi/Remis,Automóvil",Mitre Y Dr.Rivas,3,1,0,0,2,0,0,,Calle,,ROSARIO,Rosario,Asfalto,No existe,II,Dentro,Urbana,Ninguna,No existe,Intersección,Bueno,Buena,Atardecer,Buen Tiempo,Lateral,S/D,Colisión,Ninguna,Faltante,Ninguna,Sin restricción,POINT (-60.64892420000001 -32.9834273),"['Mitre', 'Doctor Francisco Riva']",2,Bartolomé Mitre; Doctor Francisco Riva,-32.9834273,-60.64892420000001,55.0,538.0,Municipio Rosario,Municipio,Rosario,820210,Servicio de Catastro e Información Territorial,IGN
2017,7079,2017-09-09,Sabado,0.0,5:50:00,,0.0,2,"Automóvil,Camión c / Acoplado",Bv. Oroño Y 24 De Setiembre,4,1,0,0,3,0,0,,Calle,,ROSARIO,Rosario,Asfalto,No existe,II,Dentro,Urbana,Ninguna,No existe,Recta,Bueno,Buena,Nocturna,Buen Tiempo,Lateral,S/D,Colisión,Ninguna,Horizontal,Ninguna,Sin restricción,POINT (-60.6618182 -32.9775439),"['Bulevar Nicasio Oroño', '24 de Septiembre']",2,Bulevar Nicasio Oroño; 24 de Septiembre,-32.9775439,-60.6618182,55.0,538.0,Municipio Rosario,Municipio,Rosario,820210,Servicio de Catastro e Información Territorial,IGN
2017,7083,2017-09-20,Miercoles,0.0,11:05:00,,0.0,2,"Automóvil,Transporte de Pasajeros Urbano (> 8 asientos)",Bv. Oroño Y Av. Uriburu,4,3,0,0,1,0,0,,Avenida,,ROSARIO,Rosario,Asfalto,No existe,II,Dentro,Urbana,Semáforo,Funciona,Intersección,Bueno,Buena,Diurna,Buen Tiempo,Lateral,S/D,Colisión,Ninguna,"Horizontal,Vertical",Ninguna,Sin restricción,POINT (-60.665160500000006 -32.99123049999999),"['Bulevar Nicasio Oroño', 'Uriburu']",2,Bulevar Nicasio Oroño; Avenida José Uriburu,-32.99123049999999,-60.665160500000006,55.0,538.0,Municipio Rosario,Municipio,Rosario,820210,Servicio de Catastro e Información Territorial,IGN
2017,7090,2017-09-18,Lunes,0.0,18:30:00,,0.0,2,"Automóvil,Automóvil",Av. Frondizi A Y J.B.Cordiviola,2,1,0,0,1,0,0,,Avenida,,ROSARIO,Rosario,Asfalto,S/D,II,Dentro,Urbana,S/D,S/D,Intersección,Bueno,S/D,S/D,Buen Tiempo,Lateral,S/D,Colisión,Ninguna,S/D,Ninguna,Sin restricción,POINT (-60.67542199999999 -32.9120237),"['Frondizi', 'Cordiviola']",2,Avenida Arturo Frondizi; Juan B. Cordiviola,-32.9120237,-60.67542199999999,55.0,538.0,Municipio Rosario,Municipio,Rosario,820210,Servicio de Catastro e Información Territorial,IGN
2017,7094,2017-09-23,Sabado,0.0,10:00:00,,0.0,2,"Automóvil,Moto/Ciclomotor",Alberdi Y J.J.Paso,3,2,0,0,1,0,0,,Avenida,,ROSARIO,Rosario,Asfalto,No existe,II,Dentro,Urbana,Semáforo,Funciona,Recta,Bueno,Buena,Diurna,Buen Tiempo,S/D,S/D,Colisión,S/D,Vertical,Ninguna,Sin restricción,POINT (-60.682310400000006 -32.919353799999996),"['Alberdi', 'Paso']",2,Avenida Alberdi; Avenida Juan José Paso,-32.9193538,-60.682310400000006,55.0,538.0,Municipio Rosario,Municipio,Rosario,820210,Servicio de Catastro e Información Territorial,IGN
2017,7100,2017-09-20,Miercoles,0.0,8:00:00,,0.0,2,"Automóvil,Moto/Ciclomotor",Jose Ingenieros 1600,2,1,0,0,1,0,0,,Calle,,ROSARIO,Rosario,Asfalto,No existe,II,Dentro,Urbana,Ninguna,No existe,Recta,Bueno,Buena,Diurna,Buen Tiempo,S/D,S/D,Colisión,Ninguna,Faltante,Ninguna,Sin restricción,"-32.9162326, -60.6850762",['Jose Ingenieros 1600'],1,Jose Ingenieros 1600,-32.9162326,-60.6850762,55.0,538.0,Municipio Rosario,Municipio,Rosario,820210,Servicio de Catastro e Información Territorial,IGN
2017,7105,2017-09-30,Sabado,0.0,11:30:00,,0.0,2,"Automóvil,Peatón",Alberdi Y Av. Genova,4,0,0,1,3,0,0,,Avenida,,ROSARIO,Rosario,Asfalto,No existe,II,Dentro,Urbana,Semáforo,Funciona,Recta,Bueno,Buena,Diurna,Buen Tiempo,S/D,Peatón,Atropello,Ninguna,Vertical,Cordón divisorio,Sin restricción,POINT (-60.685641200000006 -32.91519955000001),"['Alberdi', 'Genova']",2,Avenida Alberdi; Avenida Génova,-32.91519955000001,-60.685641200000006,55.0,538.0,Municipio Rosario,Municipio,Rosario,820210,Servicio de Catastro e Información Territorial,IGN
2017,7122,2017-09-16,Sabado,0.0,13:50:00,,0.0,2,"Bicicleta,Pickup/Utilitario",Av. Genova ,2,1,0,0,1,0,0,,Calle,,ROSARIO,Rosario,Asfalto,No existe,II,Dentro,Urbana,Ninguna,No existe,Intersección,Bueno,Buena,Atardecer,Buen Tiempo,S/D,Ciclista,Atropello,Ninguna,Faltante,Ninguna,Sin restricción,"-32.9440455, -60.6432457",['Genova'],1,Genova,-32.9440455,-60.6432457,55.0,538.0,Municipio Rosario,Municipio,Rosario,820210,Servicio de Catastro e Información Territorial,IGN
2017,7139,2017-09-26,Martes,0.0,9:20:00,,0.0,2,"Moto/Ciclomotor,Pickup/Utilitario",Matheu Y Luzurriaga,4,1,0,0,3,0,0,,Calle,,ROSARIO,Rosario,Asfalto,No existe,II,Dentro,Urbana,Ninguna,No existe,Intersección,Bueno,Buena,Diurna,Buen Tiempo,Frontal,S/D,Colisión,Ninguna,Faltante,Ninguna,Sin restricción,POINT (-60.732229 -32.889245599999995),"['Matheu', 'Luzurriaga']",2,Domingo Matheu; Luzurriaga,-32.889245599999995,-60.732229,55.0,538.0,Municipio Rosario,Municipio,Rosario,820210,Servicio de Catastro e Información Territorial,IGN
2017,7203,2017-12-15,Viernes,0.0,9:35:00,,0.0,2,"Automóvil,Moto/Ciclomotor",Casilda Y Barra,2,1,0,0,1,0,0,,Calle,,ROSARIO,Rosario,Asfalto,S/D,II,S/D,Urbana,S/D,S/D,Intersección,Bueno,S/D,S/D,Buen Tiempo,Lateral,S/D,Colisión,S/D,S/D,S/D,S/D,POINT (-60.707340200000004 -32.928983100000025),"['Casilda', 'Barra']",2,Casilda; Barraco,-32.928983100000025,-60.7073402,55.0,538.0,Municipio Rosario,Municipio,Rosario,820210,Servicio de Catastro e Información Territorial,IGN
2017,7204,2017-12-05,Martes,0.0,9:00:00,,0.0,2,"Moto/Ciclomotor,Pickup/Utilitario",San Lorenzo Y Gutenberg,2,1,0,0,1,0,0,,Calle,,ROSARIO,Rosario,Asfalto,S/D,II,S/D,Urbana,S/D,S/D,Intersección,Bueno,Buena,Diurna,S/D,Lateral,S/D,Colisión,S/D,S/D,Cordón divisorio,S/D,POINT (-60.68668639999999 -32.93534259999999),"['San Lorenzo', 'Gutenberg']",2,San Lorenzo; Gutenberg,-32.93534259999999,-60.68668639999999,55.0,538.0,Municipio Rosario,Municipio,Rosario,820210,Servicio de Catastro e Información Territorial,IGN
2017,7205,2017-12-16,Sabado,0.0,18:20:00,,0.0,2,"Automóvil,Moto/Ciclomotor",Santa Fe Y Rio De Janeiro,3,1,0,0,2,0,0,,S/D,,ROSARIO,Rosario,Asfalto,S/D,II,S/D,Urbana,S/D,S/D,Intersección,S/D,Buena,S/D,Buen Tiempo,Lateral,S/D,Colisión,S/D,S/D,Cordón divisorio,S/D,POINT (-60.68017389999999 -32.9374999),"['Santa Fe', 'Río de Janeiro']",2,Santa Fe; Río de Janeiro,-32.9374999,-60.68017389999999,55.0,538.0,Municipio Rosario,Municipio,Rosario,820210,Servicio de Catastro e Información Territorial,IGN
2017,7208,2017-12-17,Domingo,0.0,19:45:00,,0.0,2,"Automóvil,Bicicleta",CHOZARRETA Y COLECTORA CIRCUNVALACION,3,2,0,0,1,0,0,,Calle,,ROSARIO,Rosario,Asfalto,S/D,II,S/D,Urbana,Ninguna,S/D,Recta,Bueno,Buena,Atardecer,Otro,De alcance,S/D,Atropello,Ninguna,S/D,Ninguna,Sin restricción,POINT (-60.722801499999996 -32.9280749),"['Chazarreta', 'Colectora de Circunvalación']",2,"('Chazarreta', 'Juan Pablo II')",-32.9280749,-60.7228015,55.0,538.0,Municipio Rosario,Municipio,Rosario,820210,Servicio de Catastro e Información Territorial,IGN
2017,7210,2017-12-17,Domingo,0.0,13:40:00,,0.0,2,"Automóvil,Moto/Ciclomotor",Av. Eva Peron Y Alvarez Condarco,4,2,0,0,2,0,0,,Avenida,,ROSARIO,Rosario,Asfalto,S/D,II,S/D,Urbana,S/D,S/D,Intersección,Otro,Buena,S/D,Otro,Otro,S/D,Colisión,Otro,S/D,Ninguna,Sin restricción,POINT (-60.7568578 -32.925951999999995),"['Avenida Eva Perón', 'Álvarez Condarco']",2,Avenida Eva Perón; Álvarez Condarco,-32.925951999999995,-60.7568578,55.0,538.0,Municipio Rosario,Municipio,Rosario,820210,Servicio de Catastro e Información Territorial,IGN
2017,7218,2017-12-15,Viernes,0.0,19:15:00,,0.0,2,"Moto/Ciclomotor,Moto/Ciclomotor",BV WILDE Y KANNER,2,1,0,0,1,0,0,,S/D,,ROSARIO,Rosario,Asfalto,S/D,II,S/D,Urbana,S/D,S/D,Intersección,S/D,S/D,S/D,S/D,S/D,S/D,S/D,S/D,S/D,S/D,S/D,POINT (-60.7396999 -32.9078652),"['Bulevar Wilde', 'Kanner']",2,Bulevar Wilde; Leopoldo Kanner,-32.9078652,-60.7396999,55.0,538.0,Municipio Rosario,Municipio,Rosario,820210,Servicio de Catastro e Información Territorial,IGN
2017,7221,2017-12-26,Martes,0.0,3:45:00,,0.0,2,"Moto/Ciclomotor,Otros",Av. Carlos Colombres Y J.B.Justo,2,1,0,0,0,0,1,,Calle,,ROSARIO,Rosario,Asfalto,S/D,II,S/D,Urbana,S/D,S/D,Intersección,Bueno,S/D,S/D,S/D,S/D,S/D,S/D,Ninguna,S/D,S/D,S/D,POINT (-60.72959840000001 -32.933917099999995),"['José Colombres', 'Justo']",2,"('José Colombres', 'Justo José de Urquiza')",-32.933917099999995,-60.72959840000001,55.0,538.0,Municipio Rosario,Municipio,Rosario,820210,Servicio de Catastro e Información Territorial,IGN