anio_acci,nro_acci,fecha,desc_dia,fecha_aprox,hora_aprox,desc_ruta,km,cant_participantes,desc_participante,calle_avenida_km,total,heridos_leves,heridos_graves,heridos_gravisimos,ilesos,fallecidos,sin_datos,posicion_XY,desc_tipo_via,desc_ruta_ori,desc_loc,desc_dpto,desc_tipo_calzada,desc_tipo_banquina,desc_unidad_regional,desc_lugar_calzada,desc_zona,desc_prioridad,desc_estado_semaforo,desc_lugar_via,desc_estado_via,desc_estado_visibilidad,desc_luminosidad,desc_estado_clima,desc_tipo_colision,desc_tipo_atropello,desc_tipo_hecho,desc_pres_calzada,desc_senializacion,desc_separacion_via,desc_restriccion,forma_geocod,calle_lista,numero_calles,calles_osm,lat,lon,index_right,gid,fna,gna,nam,in1,fdc,sag
2017,7230,2017-12-27,Miercoles,0.0,17:34:00,,0.0,2,"Automóvil,Moto/Ciclomotor",J. Newery Y Malabia,4,2,0,0,2,0,0,,Calle,,ROSARIO,Rosario,Asfalto,S/D,II,S/D,Urbana,S/D,S/D,Recta,S/D,Buena,Diurna,Buen Tiempo,Frontal,S/D,Colisión,S/D,S/D,S/D,S/D,POINT (-60.7601833 -32.90919),"['Newbery', 'Malabia']",2,Pasaje Newbery; Malabia,-32.90919,-60.7601833,55.0,538.0,Municipio Rosario,Municipio,Rosario,820210,Servicio de Catastro e Información Territorial,IGN
2017,7344,2017-12-24,Domingo,0.0,13:45:00,,0.0,2,"Automóvil,Moto/Ciclomotor",Comodoro Rivadavia Y Pueyrredon,2,0,1,0,1,0,0,,S/D,,ROSARIO,Rosario,Asfalto,No existe,II,S/D,Urbana,Ninguna,No existe,Recta,Bueno,Buena,Diurna,Buen Tiempo,Frontal,S/D,Colisión,Ninguna,Faltante,Barrera de hormigón,Sin restricción,POINT (-60.6693537 -32.9905779),"['Comodoro Rivadavia', 'Pueyrredón']",2,Comodoro Rivadavia; Pueyrredón,-32.9905779,-60.6693537,55.0,538.0,Municipio Rosario,Municipio,Rosario,820210,Servicio de Catastro e Información Territorial,IGN
2017,7361,2017-12-21,Jueves,0.0,11:35:00,,0.0,2,"Automóvil,Moto/Ciclomotor",Levi 3500,2,1,0,0,1,0,0,,Calle,,ROSARIO,Rosario,Asfalto,S/D,II,S/D,Urbana,S/D,S/D,Recta,Bueno,Buena,Diurna,Buen Tiempo,Frontal,S/D,Colisión,S/D,S/D,S/D,S/D,"-32.8818559, -60.7368889",['Levi 3500'],1,Levi 3500,-32.8818559,-60.7368889,55.0,538.0,Municipio Rosario,Municipio,Rosario,820210,Servicio de Catastro e Información Territorial,IGN
2017,7364,2017-12-14,Jueves,0.0,16:20:00,,0.0,2,"Moto/Ciclomotor,Automóvil",Bv. 27 De Febrero Y Maipu,2,1,0,0,1,0,0,,Avenida,,ROSARIO,Rosario,Asfalto,No existe,II,Dentro,Urbana,Semáforo,Funciona,Intersección,Bueno,Buena,Diurna,Buen Tiempo,Lateral,S/D,Colisión,Ninguna,"Horizontal,Vertical",Ninguna,Sin restricción,POINT (-60.640725849999995 -32.9680891),"['27 de Febrero', 'Maipú']",2,Bulevar 27 de Febrero; Maipú,-32.9680891,-60.64072585,55.0,538.0,Municipio Rosario,Municipio,Rosario,820210,Servicio de Catastro e Información Territorial,IGN
2017,7365,2017-12-20,Miercoles,0.0,14:45:00,,0.0,2,"Automóvil,Taxi/Remis",Bv. 27 De Febrero Y San Martin,2,1,0,0,1,0,0,,Avenida,,ROSARIO,Rosario,Asfalto,No existe,II,Dentro,Urbana,Ninguna,Funciona,Recta,Bueno,Buena,Diurna,Buen Tiempo,Lateral,S/D,Colisión,Ninguna,"Horizontal,Vertical",Ninguna,Sin restricción,POINT (-60.642020650000006 -32.96785644999999),"['27 de Febrero', 'San Martin']",2,Bulevar 27 de Febrero; José de San Martín,-32.96785644999999,-60.642020650000006,55.0,538.0,Municipio Rosario,Municipio,Rosario,820210,Servicio de Catastro e Información Territorial,IGN
2017,7367,2017-12-04,Lunes,0.0,18:10:00,,0.0,2,"Moto/Ciclomotor,Moto/Ciclomotor",Av. Uriburu Y Necochea,2,1,0,0,1,0,0,,Calle,,ROSARIO,Rosario,Asfalto,No existe,II,Dentro,Urbana,Ninguna,S/D,Intersección,Bueno,Buena,Diurna,Buen Tiempo,Lateral,S/D,Colisión,Ninguna,Faltante,Ninguna,Sin restricción,POINT (-60.63463709999999 -32.9902797),"['Uriburu', 'Necochea']",2,Avenida José Uriburu; Necochea,-32.9902797,-60.63463709999999,55.0,538.0,Municipio Rosario,Municipio,Rosario,820210,Servicio de Catastro e Información Territorial,IGN
2017,7369,2017-12-12,Martes,0.0,23:30:00,,0.0,2,"Peatón,Automóvil",Av. Battle y Ordoñez Y Ayacucho,2,1,0,0,1,0,0,,Calle,,ROSARIO,Rosario,Asfalto,No existe,II,Dentro,Urbana,Ninguna,No existe,Intersección,Bueno,Reducida,Nocturna,Buen Tiempo,S/D,Peatón,Atropello,Ninguna,Faltante,Ninguna,Sin restricción,POINT (-60.6358011 -33.008555699999995),"['Avenida Battle y Ordoñez', 'Ayacucho']",2,Avenida Battle y Ordoñez; Ayacucho,-33.008555699999995,-60.6358011,55.0,538.0,Municipio Rosario,Municipio,Rosario,820210,Servicio de Catastro e Información Territorial,IGN
2017,7370,2017-12-26,Martes,0.0,17:20:00,,0.0,2,"Moto/Ciclomotor,Automóvil",Ayacucho Y Marco Polo,2,1,0,0,1,0,0,,Calle,,ROSARIO,Rosario,Asfalto,Pavimento,II,Dentro,Urbana,Ninguna,No existe,Intersección,Bueno,Buena,Diurna,Buen Tiempo,Lateral,S/D,Colisión,Ninguna,Faltante,Ninguna,Sin restricción,POINT (-60.6357013 -33.010577),"['Ayacucho', 'Marco Polo']",2,Ayacucho; Marco Polo,-33.010577,-60.6357013,55.0,538.0,Municipio Rosario,Municipio,Rosario,820210,Servicio de Catastro e Información Territorial,IGN
2017,7372,2017-12-26,Martes,0.0,9:00:00,,0.0,2,"Automóvil,Moto/Ciclomotor",Bv. Segui Y Buenos Aires,2,1,0,0,1,0,0,,Calle,,ROSARIO,Rosario,Asfalto,No existe,II,S/D,Urbana,Ninguna,No existe,Intersección,Bueno,Buena,Diurna,Buen Tiempo,Lateral,S/D,Colisión,Ninguna,Horizontal,Cordón divisorio,Sin restricción,POINT (-60.640923400000005 -32.98006374999999),"['Bulevar Juan Francisco Seguí', 'Buenos Aires']",2,Bulevar Juan Francisco Seguí; Buenos Aires,-32.98006374999999,-60.640923400000005,55.0,538.0,Municipio Rosario,Municipio,Rosario,820210,Servicio de Catastro e Información Territorial,IGN
2017,7375,2017-12-02,Sabado,0.0,14:05:00,,0.0,2,"Automóvil,Moto/Ciclomotor",Garay Y Necochea,2,1,0,0,1,0,0,,S/D,,ROSARIO,Rosario,Asfalto,No existe,II,S/D,Urbana,Ninguna,No existe,Intersección,Bueno,Buena,Diurna,Buen Tiempo,Otro,S/D,Atropello,Ninguna,Faltante,Ninguna,Sin restricción,POINT (-60.631237799999994 -32.9770099),"['Garay', 'Necochea']",2,Juan de Garay; Necochea,-32.9770099,-60.6312378,55.0,538.0,Municipio Rosario,Municipio,Rosario,820210,Servicio de Catastro e Información Territorial,IGN
2017,7377,2017-12-03,Domingo,0.0,5:45:00,,0.0,2,"Automóvil,Moto/Ciclomotor",Laprida Y Amenabar,2,1,0,0,1,0,0,,Calle,,ROSARIO,Rosario,Asfalto,No existe,II,Dentro,Urbana,Paso Peatonal,No existe,Intersección,Bueno,Buena,Amanecer,Buen Tiempo,Lateral,S/D,Colisión,Ninguna,Horizontal,Ninguna,Sin restricción,POINT (-60.640707500000005 -32.97290979999999),"['Laprida', 'Amenabar']",2,Francisco Narciso Laprida; José de Amenábar,-32.97290979999999,-60.640707500000005,55.0,538.0,Municipio Rosario,Municipio,Rosario,820210,Servicio de Catastro e Información Territorial,IGN
2017,7379,2017-12-09,Sabado,0.0,22:00:00,,0.0,2,"Bicicleta,Automóvil",Grandoli Y Ayolas,2,1,0,0,1,0,0,,Calle,,ROSARIO,Rosario,Asfalto,No existe,II,S/D,Urbana,Ninguna,No existe,Intersección,Bueno,Buena,"Nocturna,Con luz artificial",Buen Tiempo,De alcance,S/D,Colisión,Ninguna,Faltante,Ninguna,Sin restricción,POINT (-60.627759100000006 -32.98002065),"['Avenida Abanderado Grandoli', 'Ayolas']",2,Avenida Abanderado Grandoli; Ayolas,-32.98002065,-60.627759100000006,55.0,538.0,Municipio Rosario,Municipio,Rosario,820210,Servicio de Catastro e Información Territorial,IGN
2017,7380,2017-12-11,Lunes,0.0,0:10:00,,0.0,2,"Moto/Ciclomotor,Automóvil",Dean Funes Y Necochea,2,1,0,0,1,0,0,,Calle,,ROSARIO,Rosario,Asfalto,No existe,II,S/D,Urbana,Ninguna,No existe,Intersección,Bueno,Buena,Nocturna,Buen Tiempo,De alcance,S/D,Colisión,Ninguna,Faltante,Ninguna,Sin restricción,POINT (-60.6315256 -32.978155799999996),"['Deán Gregorio Funes', 'Necochea']",2,Deán Gregorio Funes; Necochea,-32.9781558,-60.6315256,55.0,538.0,Municipio Rosario,Municipio,Rosario,820210,Servicio de Catastro e Información Territorial,IGN
2017,7382,2017-12-21,Jueves,0.0,16:50:00,,0.0,2,"Pickup/Utilitario,Bicicleta",Necochea Y Amenabar,2,1,0,0,1,0,0,,Calle,,ROSARIO,Rosario,Asfalto,No existe,II,S/D,Urbana,Ninguna,No existe,Intersección,Bueno,Buena,Diurna,Buen Tiempo,Lateral,S/D,Atropello,Ninguna,Vertical,Ninguna,Sin restricción,POINT (-60.6306647 -32.9747282),"['Necochea', 'Amenabar']",2,Necochea; José de Amenábar,-32.9747282,-60.6306647,55.0,538.0,Municipio Rosario,Municipio,Rosario,820210,Servicio de Catastro e Información Territorial,IGN
2017,7387,2017-12-19,Martes,0.0,10:00:00,,0.0,2,"Automóvil,Automóvil",Bv. Segui Y Buenos Aires,2,1,0,0,1,0,0,,Calle,,ROSARIO,Rosario,Asfalto,No existe,II,S/D,Urbana,Ninguna,No existe,Intersección,Bueno,Buena,Diurna,Buen Tiempo,Lateral,S/D,Colisión,Ninguna,Faltante,Ninguna,Sin restricción,POINT (-60.640923400000005 -32.98006374999999),"['Bulevar Juan Francisco Seguí', 'Buenos Aires']",2,Bulevar Juan Francisco Seguí; Buenos Aires,-32.98006374999999,-60.640923400000005,55.0,538.0,Municipio Rosario,Municipio,Rosario,820210,Servicio de Catastro e Información Territorial,IGN
2017,7389,2017-12-17,Domingo,0.0,16:40:00,,0.0,2,"Automóvil,Moto/Ciclomotor",Colon Y Rueda,2,1,0,0,1,0,0,,Calle,,ROSARIO,Rosario,Asfalto,No existe,II,S/D,Urbana,Ninguna,No existe,Intersección,Bueno,Buena,Diurna,Buen Tiempo,Lateral,S/D,Colisión,Ninguna,Horizontal,Ninguna,Sin restricción,POINT (-60.63173689999999 -32.9733415),"['Colon', 'Rueda']",2,Cristóbal Colón; Rueda,-32.9733415,-60.63173689999999,55.0,538.0,Municipio Rosario,Municipio,Rosario,820210,Servicio de Catastro e Información Territorial,IGN
2017,7391,2017-12-17,Domingo,0.0,6:30:00,,0.0,2,"Taxi/Remis,Automóvil",J.M.de Rosas Y Bv. Segui,2,1,0,0,1,0,0,,Calle,,ROSARIO,Rosario,Asfalto,No existe,II,S/D,Urbana,Ninguna,No existe,Intersección,Bueno,Buena,Amanecer,Buen Tiempo,Lateral,S/D,Colisión,Ninguna,Horizontal,Ninguna,Sin restricción,POINT (-60.63947580000001 -32.98032074999999),"['De Rosas', 'Bulevar Juan Francisco Seguí']",2,Juan Manuel de Rosas; Bulevar Juan Francisco Seguí,-32.98032074999999,-60.63947580000001,55.0,538.0,Municipio Rosario,Municipio,Rosario,820210,Servicio de Catastro e Información Territorial,IGN
2017,7517,2017-12-13,Miercoles,0.0,15:15:00,,0.0,2,"Taxi/Remis,Moto/Ciclomotor",Necochea Y 24 De Setiembre,2,1,0,0,1,0,0,,Calle,,ROSARIO,Rosario,Asfalto,No existe,II,S/D,Urbana,Ninguna,No existe,Intersección,Bueno,Buena,Diurna,Buen Tiempo,Lateral,S/D,Colisión,Ninguna,Faltante,Ninguna,Sin restricción,POINT (-60.63268289999999 -32.982739900000006),"['Necochea', '24 de Septiembre']",2,Necochea; 24 de Septiembre,-32.982739900000006,-60.63268289999999,55.0,538.0,Municipio Rosario,Municipio,Rosario,820210,Servicio de Catastro e Información Territorial,IGN
2017,7518,2017-12-13,Miercoles,0.0,9:15:00,,0.0,2,"Automóvil,Moto/Ciclomotor",1 de Mayo Y Bv. Segui,3,2,0,0,1,0,0,,Calle,,ROSARIO,Rosario,Asfalto,No existe,II,S/D,Urbana,Paso Peatonal,No existe,Intersección,Bueno,Buena,Diurna,Buen Tiempo,Lateral,S/D,Colisión,Ninguna,Horizontal,Cordón divisorio,Sin restricción,POINT (-60.63787925 -32.98061510000001),"['Primero de Mayo', 'Bulevar Juan Francisco Seguí']",2,Primero de Mayo; Bulevar Juan Francisco Seguí,-32.98061510000001,-60.63787925,55.0,538.0,Municipio Rosario,Municipio,Rosario,820210,Servicio de Catastro e Información Territorial,IGN
2017,7520,2017-12-11,Lunes,0.0,15:30:00,,0.0,2,"Moto/Ciclomotor,Automóvil",Buenos Aires Y Rueda,3,2,0,0,1,0,0,,Calle,,ROSARIO,Rosario,Asfalto,No existe,II,S/D,Urbana,Ninguna,No existe,Intersección,Bueno,Buena,Diurna,Buen Tiempo,S/D,S/D,Colisión,S/D,Horizontal,Ninguna,Sin restricción,POINT (-60.638891900000004 -32.9720512),"['Buenos Aires', 'Rueda']",2,Buenos Aires; Rueda,-32.9720512,-60.6388919,55.0,538.0,Municipio Rosario,Municipio,Rosario,820210,Servicio de Catastro e Información Territorial,IGN
2017,7522,2017-12-02,Sabado,0.0,16:00:00,,0.0,2,"Automóvil,Moto/Ciclomotor",Rodriguez Y Juan Canals,4,3,0,0,1,0,0,,Calle,,ROSARIO,Rosario,Asfalto,No existe,II,Dentro,Urbana,Ninguna,No existe,Intersección,Bueno,Buena,Diurna,Buen Tiempo,Lateral,S/D,Colisión,Ninguna,Faltante,Ninguna,Sin restricción,POINT (-60.669564 -32.985715199999994),"['Rodríguez', 'Juan Canals']",2,Rodríguez de Escobedo; Juan Canals,-32.985715199999994,-60.669564,55.0,538.0,Municipio Rosario,Municipio,Rosario,820210,Servicio de Catastro e Información Territorial,IGN
2017,7523,2017-12-01,Viernes,0.0,9:00:00,,0.0,2,"Moto/Ciclomotor,Automóvil",Cullen Y Av. Sorrento,2,0,1,0,1,0,0,,Avenida,,ROSARIO,Rosario,Asfalto,Natural,II,Dentro,Urbana,Ninguna,No existe,Recta,Bueno,Buena,Diurna,Buen Tiempo,Otro,S/D,Atropello,Ninguna,Faltante,Ninguna,Sin restricción,POINT (-60.710239200000004 -32.907910699999995),"['Cullen', 'Sorrento']",2,Cullen; Avenida Sorrento,-32.907910699999995,-60.7102392,55.0,538.0,Municipio Rosario,Municipio,Rosario,820210,Servicio de Catastro e Información Territorial,IGN
2017,7527,2017-11-02,Jueves,0.0,21:30:00,,0.0,2,"Taxi/Remis,Moto/Ciclomotor",J.J.Paso Y Pje. Banco Nacion,2,1,0,0,1,0,0,,S/D,,ROSARIO,Rosario,Asfalto,No existe,II,S/D,Urbana,Ninguna,No existe,Intersección,Bueno,Buena,Nocturna,Buen Tiempo,Otro,S/D,Atropello,Ninguna,Faltante,Ninguna,Sin restricción,POINT (-60.7082649 -32.92009389999999),"['Paso', 'Banco Nación']",2,Avenida Juan José Paso; Banco Nación,-32.92009389999999,-60.7082649,55.0,538.0,Municipio Rosario,Municipio,Rosario,820210,Servicio de Catastro e Información Territorial,IGN
2017,7528,2017-12-01,Viernes,0.0,11:00:00,,0.0,2,"Pickup/Utilitario,Moto/Ciclomotor",Estado de Israel 5976,3,1,0,0,2,0,0,,Calle,,ROSARIO,Rosario,Asfalto,No existe,II,Dentro,Urbana,Ninguna,No existe,Recta,Deteriorada,Buena,Diurna,Buen Tiempo,De alcance,S/D,Colisión,Ninguna,Faltante,Ninguna,Sin restricción,"-32.9922848, -60.666132",['Estado De Israel 5976'],1,Estado De Israel 5976,-32.9922848,-60.666132,55.0,538.0,Municipio Rosario,Municipio,Rosario,820210,Servicio de Catastro e Información Territorial,IGN
2017,7529,2017-12-03,Domingo,0.0,,,0.0,2,"Moto/Ciclomotor,Automóvil",Av. Genova Y Ottone Bis,3,1,0,0,2,0,0,,Avenida,,ROSARIO,Rosario,Asfalto,No existe,II,Dentro,Urbana,Semáforo,No funciona,Recta,Bueno,Buena,Nocturna,Buen Tiempo,De alcance,S/D,Atropello,Ninguna,Vertical,Barrera de hormigón,Sin restricción,POINT (-60.70101400000001 -32.9156454),"['Genova', 'Ottone']",2,Avenida Génova; Ottone,-32.9156454,-60.70101400000001,55.0,538.0,Municipio Rosario,Municipio,Rosario,820210,Servicio de Catastro e Información Territorial,IGN
2017,7530,2017-12-07,Jueves,0.0,22:00:00,,0.0,2,"Peatón,Automóvil",Jose Ingenieros  Y Pje. Jaske,2,1,0,0,1,0,0,,Calle,,ROSARIO,Rosario,Asfalto,No existe,II,Dentro,Urbana,Ninguna,No existe,Recta,Bueno,Buena,Nocturna,Buen Tiempo,S/D,Peatón,Atropello,Ninguna,Faltante,Ninguna,Sin restricción,POINT (-60.7036651 -32.91681329999999),"['José Ingenieros', 'Jaques']",2,José Ingenieros; Jaques,-32.91681329999999,-60.7036651,55.0,538.0,Municipio Rosario,Municipio,Rosario,820210,Servicio de Catastro e Información Territorial,IGN
2017,7531,2017-12-10,Domingo,0.0,23:10:00,,0.0,2,"Moto/Ciclomotor,Moto/Ciclomotor",J.J.Paso Y Mariano Cabal Bis,3,3,0,0,0,0,0,,S/D,,ROSARIO,Rosario,Asfalto,S/D,II,S/D,S/D,S/D,S/D,Recta,S/D,S/D,S/D,S/D,S/D,S/D,S/D,S/D,S/D,S/D,S/D,POINT (-60.70262830000001 -32.9199263),"['Paso', 'Mariano Cabal']",2,Avenida Juan José Paso; Mariano Cabal,-32.9199263,-60.70262830000001,55.0,538.0,Municipio Rosario,Municipio,Rosario,820210,Servicio de Catastro e Información Territorial,IGN
2017,7533,2017-12-11,Lunes,0.0,12:50:00,,0.0,2,"Moto/Ciclomotor,Automóvil",J.J.Paso Y Liniers,2,1,0,0,1,0,0,,Calle,,ROSARIO,Rosario,Asfalto,No existe,II,Dentro,Urbana,Ninguna,No existe,Recta,Bueno,Buena,Diurna,Buen Tiempo,Otro,S/D,Colisión,Ninguna,Faltante,Línea divisoria pintada,Sin restricción,POINT (-60.69932970000001 -32.919825900000006),"['Paso', 'Liniers']",2,Avenida Juan José Paso; Liniers,-32.919825900000006,-60.69932970000001,55.0,538.0,Municipio Rosario,Municipio,Rosario,820210,Servicio de Catastro e Información Territorial,IGN
2017,7534,2017-12-10,Domingo,0.0,20:30:00,,0.0,2,"Automóvil,Moto/Ciclomotor",J.J.Paso Y Garzon,2,1,0,0,1,0,0,,Calle,,ROSARIO,Rosario,Asfalto,No existe,II,S/D,Urbana,Ninguna,No existe,Recta,Bueno,S/D,Nocturna,Buen Tiempo,Otro,S/D,Atropello,Ninguna,Faltante,Cordón divisorio,Sin restricción,POINT (-60.7063232 -32.92003734999999),"['Paso', 'Garzón']",2,"('Avenida Juan José Paso', 'Garzón')",-32.92003734999999,-60.7063232,55.0,538.0,Municipio Rosario,Municipio,Rosario,820210,Servicio de Catastro e Información Territorial,IGN
2017,7536,2017-12-18,Lunes,0.0,16:30:00,,0.0,2,"Moto/Ciclomotor,Moto/Ciclomotor",Cullen Y La Republica,2,2,0,0,0,0,0,,S/D,,ROSARIO,Rosario,Asfalto,No existe,II,S/D,S/D,Ninguna,No existe,Recta,Bueno,Buena,Diurna,Buen Tiempo,Otro,S/D,Atropello,Ninguna,Faltante,Cordón divisorio,Sin restricción,POINT (-60.70973699999999 -32.9184973),"['Cullen', 'La República']",2,Cullen; La República,-32.9184973,-60.70973699999999,55.0,538.0,Municipio Rosario,Municipio,Rosario,820210,Servicio de Catastro e Información Territorial,IGN
2017,7539,2017-12-23,Sabado,0.0,,,0.0,2,"Pickup/Utilitario,Moto/Ciclomotor",J.J.Paso Y Garzon,2,1,0,0,1,0,0,,Calle,,ROSARIO,Rosario,S/D,S/D,II,S/D,Urbana,S/D,S/D,S/D,S/D,S/D,S/D,S/D,S/D,S/D,S/D,S/D,S/D,S/D,S/D,POINT (-60.7063232 -32.92003734999999),"['Paso', 'Garzón']",2,"('Avenida Juan José Paso', 'Garzón')",-32.92003734999999,-60.7063232,55.0,538.0,Municipio Rosario,Municipio,Rosario,820210,Servicio de Catastro e Información Territorial,IGN
2017,7543,2017-12-24,Domingo,0.0,14:05:00,,0.0,2,"Moto/Ciclomotor,Automóvil",Jose Ingenieros Y Av. Provincias Unidas,2,1,0,0,1,0,0,,Calle,,ROSARIO,Rosario,Asfalto,No existe,II,Dentro,Urbana,Ninguna,No existe,Recta,Bueno,Buena,Diurna,Buen Tiempo,Otro,S/D,Atropello,Ninguna,Faltante,Ninguna,Sin restricción,POINT (-60.71377375000001 -32.917122899999995),"['José Ingenieros', 'Avenida Provincias Unidas']",2,José Ingenieros; Avenida Provincias Unidas,-32.917122899999995,-60.71377375000001,55.0,538.0,Municipio Rosario,Municipio,Rosario,820210,Servicio de Catastro e Información Territorial,IGN
2017,7544,2017-12-13,Miercoles,0.0,17:15:00,,0.0,1,Moto/Ciclomotor,Velez Sarsfield Y Iguazu,1,0,1,0,0,0,0,,Calle,,ROSARIO,Rosario,Asfalto,No existe,II,Dentro,Urbana,Semáforo,Funciona,Recta,Bueno,Buena,Diurna,Lluvia,Otro,S/D,Vuelco,Agua,Horizontal,Ninguna,Sin restricción,POINT (-60.68647740000001 -32.92515409999999),"['Vélez Sarsfield', 'Iguazu']",2,Vélez Sarsfield; Iguazú,-32.92515409999999,-60.68647740000001,55.0,538.0,Municipio Rosario,Municipio,Rosario,820210,Servicio de Catastro e Información Territorial,IGN
2017,7545,2017-11-28,Martes,0.0,16:05:00,,0.0,2,"Moto/Ciclomotor,Pickup/Utilitario",J.J.Paso Y De Angelis Bis,2,1,0,0,1,0,0,,Calle,,ROSARIO,Rosario,Asfalto,No existe,II,S/D,Urbana,Ninguna,No existe,Recta,Bueno,Buena,Diurna,Buen Tiempo,S/D,S/D,Atropello,Ninguna,Faltante,Ninguna,Sin restricción,POINT (-60.69884830000001 -32.91981109999999),"['Paso', 'De Ángelis']",2,Avenida Juan José Paso; De Ángelis,-32.91981109999999,-60.69884830000001,55.0,538.0,Municipio Rosario,Municipio,Rosario,820210,Servicio de Catastro e Información Territorial,IGN
2017,7547,2017-12-31,Domingo,0.0,8:00:00,,0.0,2,"Pickup/Utilitario,Moto/Ciclomotor",Av. Genova Y Dr.Victor Cue Bis,2,1,0,0,1,0,0,,Calle,,ROSARIO,Rosario,Asfalto,No existe,II,S/D,Urbana,Ninguna,No existe,Recta,Bueno,Buena,Diurna,Buen Tiempo,Otro,S/D,Colisión,Ninguna,Faltante,Línea divisoria pintada,Sin restricción,POINT (-60.6972474 -32.91553809999999),"['Genova', 'Victor Cue']",2,Avenida Génova; Victor Cue,-32.91553809999999,-60.6972474,55.0,538.0,Municipio Rosario,Municipio,Rosario,820210,Servicio de Catastro e Información Territorial,IGN
2017,7548,2017-12-04,Lunes,0.0,15:35:00,,0.0,2,"Bicicleta,Automóvil",Pueyrredon 1080,2,1,0,0,1,0,0,,Calle,,ROSARIO,Rosario,Asfalto,S/D,II,S/D,Urbana,S/D,S/D,Recta,S/D,Buena,S/D,S/D,S/D,S/D,S/D,S/D,S/D,S/D,S/D,"-32.94642045918367, -60.6583336244898",['Pueyrredon 1080'],1,Pueyrredon 1080,-32.94642045918367,-60.6583336244898,55.0,538.0,Municipio Rosario,Municipio,Rosario,820210,Servicio de Catastro e Información Territorial,IGN
2017,7552,2017-12-24,Domingo,0.0,13:35:00,,0.0,3,"Peatón,Automóvil,Peatón",Av. Pellegrini Y Lima,3,3,0,0,0,0,0,,Avenida,,ROSARIO,Rosario,Asfalto,Pavimento,II,Dentro,Urbana,S/D,Funciona,Recta,Bueno,Buena,Diurna,Buen Tiempo,S/D,S/D,Atropello,Ninguna,S/D,S/D,S/D,POINT (-60.68596305 -32.94921605),"['Pellegrini', 'Lima']",2,Avenida Carlos Pellegrini; Lima,-32.94921605,-60.68596305,55.0,538.0,Municipio Rosario,Municipio,Rosario,820210,Servicio de Catastro e Información Territorial,IGN
2017,7554,2017-12-21,Jueves,0.0,12:00:00,,0.0,2,"Moto/Ciclomotor,Moto/Ciclomotor",Av. Avellaneda B Y 3 De Febrero,3,3,0,0,0,0,0,,Avenida,,ROSARIO,Rosario,Asfalto,No existe,II,Dentro,Urbana,S/D,Funciona,Recta,Bueno,S/D,Diurna,S/D,S/D,S/D,Colisión,Ninguna,S/D,S/D,S/D,POINT (-60.6807366 -32.945458),"['Avellaneda', '3 de Febrero']",2,Bulevar Nicolás Avellaneda; 3 de Febrero,-32.945458,-60.6807366,55.0,538.0,Municipio Rosario,Municipio,Rosario,820210,Servicio de Catastro e Información Territorial,IGN
2017,7556,2017-12-28,Jueves,0.0,3:05:00,,0.0,2,"Automóvil,Taxi/Remis",San Nicolas Y San Juan,2,0,1,0,0,0,1,,Calle,,ROSARIO,Rosario,Asfalto,Pavimento,II,Dentro,Urbana,S/D,No existe,Intersección,Bueno,Buena,Nocturna,Buen Tiempo,Otro,S/D,Atropello,Ninguna,S/D,S/D,Sin restricción,POINT (-60.6732647 -32.944049),"['San Nicolás', 'San Juan']",2,San Nicolás; San Juan,-32.944049,-60.6732647,55.0,538.0,Municipio Rosario,Municipio,Rosario,820210,Servicio de Catastro e Información Territorial,IGN
2017,7558,2017-12-10,Domingo,0.0,5:20:00,,0.0,2,"Automóvil,Automóvil",Montevideo Y Ricchieri,6,2,0,0,4,0,0,,S/D,,ROSARIO,Rosario,Asfalto,No existe,II,S/D,Urbana,Ninguna,S/D,Curva,Bueno,Buena,Amanecer,Buen Tiempo,De alcance,S/D,Colisión,Ninguna,S/D,Ninguna,S/D,POINT (-60.6652746 -32.95172789999999),"['Montevideo', 'Ricchieri']",2,Montevideo; Ricchieri,-32.95172789999999,-60.6652746,55.0,538.0,Municipio Rosario,Municipio,Rosario,820210,Servicio de Catastro e Información Territorial,IGN
2017,7559,2017-12-04,Lunes,0.0,9:20:00,,0.0,2,"Bicicleta,Moto/Ciclomotor",Bv. Rondeau 3600,3,1,0,0,2,0,0,,Avenida,,ROSARIO,Rosario,Asfalto,S/D,II,Dentro,S/D,S/D,S/D,Recta,S/D,Buena,Diurna,S/D,S/D,Ciclista,Atropello,S/D,S/D,S/D,S/D,"-32.8819219, -60.6959573",['Rondeau 3600'],1,Rondeau 3600,-32.8819219,-60.6959573,55.0,538.0,Municipio Rosario,Municipio,Rosario,820210,Servicio de Catastro e Información Territorial,IGN
2017,7560,2017-12-02,Sabado,0.0,15:35:00,,0.0,2,"Automóvil,Moto/Ciclomotor",Lima Y E.Zeballos,3,1,0,0,2,0,0,,Calle,,ROSARIO,Rosario,Asfalto,No existe,II,S/D,Urbana,Ninguna,No existe,Recta,Bueno,Buena,Diurna,Buen Tiempo,De alcance,S/D,Colisión,Ninguna,S/D,Ninguna,Sin restricción,POINT (-60.6853927 -32.9469522),"['Lima', 'Zeballos']",2,Lima; Zeballos,-32.9469522,-60.6853927,55.0,538.0,Municipio Rosario,Municipio,Rosario,820210,Servicio de Catastro e Información Territorial,IGN