anio_acci,nro_acci,fecha,desc_dia,fecha_aprox,hora_aprox,desc_ruta,km,cant_participantes,desc_participante,calle_avenida_km,total,heridos_leves,heridos_graves,heridos_gravisimos,ilesos,fallecidos,sin_datos,posicion_XY,desc_tipo_via,desc_ruta_ori,desc_loc,desc_dpto,desc_tipo_calzada,desc_tipo_banquina,desc_unidad_regional,desc_lugar_calzada,desc_zona,desc_prioridad,desc_estado_semaforo,desc_lugar_via,desc_estado_via,desc_estado_visibilidad,desc_luminosidad,desc_estado_clima,desc_tipo_colision,desc_tipo_atropello,desc_tipo_hecho,desc_pres_calzada,desc_senializacion,desc_separacion_via,desc_restriccion,forma_geocod,calle_lista,numero_calles,calles_osm,lat,lon,index_right,gid,fna,gna,nam,in1,fdc,sag
2017,7564,2017-10-25,Miercoles,0.0,14:15:00,,0.0,2,"Automóvil,Moto/Ciclomotor",Salta Y Italia,3,2,0,0,1,0,0,,Calle,,ROSARIO,Rosario,Asfalto,No existe,II,Dentro,Urbana,Señal Pare,No existe,Intersección,Bueno,Buena,Diurna,Buen Tiempo,Lateral,S/D,Colisión,Ninguna,Vertical,Ninguna,Sin restricción,POINT (-60.6461132 -32.937695999999995),"['Salta', 'Italia']",2,Salta; Italia,-32.937695999999995,-60.6461132,55.0,538.0,Municipio Rosario,Municipio,Rosario,820210,Servicio de Catastro e Información Territorial,IGN
2017,7565,2017-10-07,Sabado,0.0,0:15:00,,0.0,2,"Peatón,Moto/Ciclomotor",Entre Rios Y San Juan,2,1,0,0,1,0,0,,S/D,,ROSARIO,Rosario,Asfalto,S/D,II,S/D,Urbana,S/D,S/D,Intersección,S/D,S/D,S/D,S/D,S/D,Peatón,Atropello,S/D,S/D,S/D,S/D,POINT (-60.6418515 -32.9496493),"['Entre Ríos', 'San Juan']",2,Entre Ríos; San Juan,-32.9496493,-60.6418515,55.0,538.0,Municipio Rosario,Municipio,Rosario,820210,Servicio de Catastro e Información Territorial,IGN
2017,7567,2017-10-09,Lunes,0.0,8:55:00,,0.0,1,Transporte de Pasajeros Urbano (> 8 asientos),Av. Corrientes 400,2,1,0,0,1,0,0,,Calle,,ROSARIO,Rosario,Asfalto,No existe,II,Dentro,Urbana,Semáforo,No existe,Recta,Bueno,Buena,Diurna,Buen Tiempo,S/D,S/D,Caída ocupante,Ninguna,"Horizontal,Vertical",Ninguna,Sin restricción,"-32.9409739, -60.6412072",['Corrientes 400'],1,Corrientes 400,-32.9409739,-60.6412072,55.0,538.0,Municipio Rosario,Municipio,Rosario,820210,Servicio de Catastro e Información Territorial,IGN
2017,7568,2017-10-08,Domingo,0.0,6:40:00,,0.0,2,"Moto/Ciclomotor,Automóvil",L.N.Alem Y 3 De Febrero,2,0,1,0,1,0,0,,Calle,,ROSARIO,Rosario,Asfalto,No existe,II,S/D,Urbana,S/D,No existe,Intersección,S/D,S/D,Amanecer,S/D,S/D,S/D,Colisión,S/D,Horizontal,Ninguna,S/D,POINT (-60.6299037 -32.95446179999999),"['Alem', '3 de Febrero']",2,Leandro N. Alem; 3 de Febrero,-32.95446179999999,-60.6299037,55.0,538.0,Municipio Rosario,Municipio,Rosario,820210,Servicio de Catastro e Información Territorial,IGN
2017,7570,2017-10-12,Jueves,0.0,8:30:00,,0.0,2,"Moto/Ciclomotor,Automóvil",Av. Wheelwright Y Dorrego,2,1,0,0,1,0,0,,Calle,,ROSARIO,Rosario,Asfalto,No existe,II,Dentro,Urbana,Semáforo,Funciona,Intersección,Bueno,Buena,Diurna,Buen Tiempo,Lateral,S/D,Colisión,Ninguna,Vertical,Ninguna,Sin restricción,POINT (-60.64646990000001 -32.93362040000001),"['Avenida Guillermo Wheelwright', 'Dorrego']",2,Avenida Guillermo Wheelwright; Manuel Dorrego,-32.93362040000001,-60.64646990000001,55.0,538.0,Municipio Rosario,Municipio,Rosario,820210,Servicio de Catastro e Información Territorial,IGN
2017,7572,2017-10-17,Martes,0.0,15:50:00,,0.0,2,"Automóvil,Peatón",9 De Julio Y Paraguay,2,1,0,0,1,0,0,,Calle,,ROSARIO,Rosario,Asfalto,No existe,II,S/D,Urbana,S/D,No existe,Intersección,S/D,S/D,Diurna,S/D,S/D,Peatón,Atropello,S/D,Horizontal,Ninguna,S/D,POINT (-60.645596 -32.952859899999986),"['9 de Julio', 'Paraguay']",2,9 de Julio; Paraguay,-32.952859899999986,-60.645596,55.0,538.0,Municipio Rosario,Municipio,Rosario,820210,Servicio de Catastro e Información Territorial,IGN
2017,7574,2017-10-28,Sabado,0.0,5:15:00,,0.0,2,"Moto/Ciclomotor,Automóvil",Tucuman Y Santiago,2,1,0,0,1,0,0,,Calle,,ROSARIO,Rosario,Asfalto,No existe,II,Dentro,Urbana,Señal Pare,No existe,Intersección,Bueno,Buena,Diurna,Buen Tiempo,Lateral,S/D,Colisión,Ninguna,Vertical,Ninguna,Sin restricción,POINT (-60.6547977 -32.9386111),"['Tucumán', 'Santiago']",2,Tucumán; Santiago,-32.9386111,-60.6547977,55.0,538.0,Municipio Rosario,Municipio,Rosario,820210,Servicio de Catastro e Información Territorial,IGN
2017,7575,2017-10-15,Domingo,0.0,10:40:00,,0.0,1,Automóvil,Beruti Y Ituzaingo,3,1,1,0,1,0,0,,Calle,,ROSARIO,Rosario,Asfalto,No existe,II,S/D,Urbana,Ninguna,No existe,Intersección,S/D,S/D,Diurna,S/D,Contra objeto fijo,S/D,Colisión,S/D,Faltante,Ninguna,S/D,POINT (-60.6237016 -32.96393079999999),"['Luis Beruti', 'Ituzaingó']",2,Luis Beruti; Ituzaingó,-32.96393079999999,-60.6237016,55.0,538.0,Municipio Rosario,Municipio,Rosario,820210,Servicio de Catastro e Información Territorial,IGN
2017,7579,2017-10-30,Lunes,0.0,4:00:00,,0.0,2,"Automóvil,Transporte de Pasajeros Urbano (> 8 asientos)",Av. Francia Y San Juan,2,1,0,0,1,0,0,,Avenida,,ROSARIO,Rosario,Asfalto,No existe,II,S/D,Urbana,Semáforo,Funciona,Intersección,Bueno,Buena,Nocturna,Buen Tiempo,De alcance,S/D,Colisión,S/D,"Horizontal,Vertical",Ninguna,Sin restricción,POINT (-60.6664543 -32.945264599999994),"['Avenida Francia', 'San Juan']",2,Avenida Francia; San Juan,-32.945264599999994,-60.6664543,55.0,538.0,Municipio Rosario,Municipio,Rosario,820210,Servicio de Catastro e Información Territorial,IGN
2017,7582,2017-10-17,Martes,0.0,11:50:00,,0.0,2,"Bicicleta,Automóvil",Av. Pellegrini Y San Nicolas,2,1,0,0,1,0,0,,Calle,,ROSARIO,Rosario,Asfalto,No existe,II,Fuera,Urbana,Semáforo,Funciona,Intersección,Bueno,Buena,Diurna,Buen Tiempo,S/D,Ciclista,Atropello,Ninguna,"Horizontal,Vertical","Cordón divisorio,Vegetación",Sin restricción,POINT (-60.663254 -32.97802039999999),"['Pellegrini', 'San Nicolás']",2,Avenida Carlos Pellegrini; San Nicolás,-32.97802039999999,-60.663254,55.0,538.0,Municipio Rosario,Municipio,Rosario,820210,Servicio de Catastro e Información Territorial,IGN
2017,7584,2017-10-26,Jueves,0.0,7:40:00,,0.0,2,"Automóvil,Automóvil",9 De Julio Y Pueyrredon,2,1,0,0,1,0,0,,Calle,,ROSARIO,Rosario,Asfalto,No existe,II,S/D,Urbana,Ninguna,No existe,Recta,Bueno,Buena,Diurna,Buen Tiempo,De alcance,S/D,Colisión,Ninguna,Faltante,Ninguna,Sin restricción,POINT (-60.65923800000001 -32.95042960000001),"['9 de Julio', 'Pueyrredón']",2,9 de Julio; Pueyrredón,-32.95042960000001,-60.65923800000001,55.0,538.0,Municipio Rosario,Municipio,Rosario,820210,Servicio de Catastro e Información Territorial,IGN
2017,7588,2017-10-25,Miercoles,0.0,20:10:00,,0.0,2,"Bicicleta,Automóvil",Suipacha Y Rioja,2,1,0,0,0,0,1,,Calle,,ROSARIO,Rosario,Asfalto,No existe,II,S/D,Urbana,Ninguna,No existe,Intersección,Bueno,S/D,Nocturna,Buen Tiempo,S/D,Ciclista,Atropello,Ninguna,Faltante,Ninguna,Sin restricción,POINT (-60.66447840000001 -32.94294049999999),"['Suipacha', 'Rioja']",2,Suipacha; Rioja,-32.94294049999999,-60.66447840000001,55.0,538.0,Municipio Rosario,Municipio,Rosario,820210,Servicio de Catastro e Información Territorial,IGN
2017,7592,2017-10-23,Lunes,0.0,5:25:00,,0.0,2,"Automóvil,Moto/Ciclomotor",Montevideo Y Av. Ovidio Lagos,2,1,0,0,1,0,0,,Calle,,ROSARIO,Rosario,Asfalto,No existe,II,S/D,Urbana,Ninguna,Funciona,Intersección,Bueno,Buena,Nocturna,Buen Tiempo,De alcance,S/D,Colisión,Ninguna,"Horizontal,Vertical",Ninguna,Sin restricción,POINT (-60.663899 -32.95198729999999),"['Montevideo', 'Avenida Ovidio Lagos']",2,Montevideo; Avenida Ovidio Lagos,-32.95198729999999,-60.663899,55.0,538.0,Municipio Rosario,Municipio,Rosario,820210,Servicio de Catastro e Información Territorial,IGN
2017,7596,2017-10-11,Miercoles,0.0,7:30:00,,0.0,2,"Automóvil,Taxi/Remis",San Luis Y Crespo,2,1,0,0,1,0,0,,Calle,,ROSARIO,Rosario,Asfalto,No existe,II,S/D,Urbana,Ninguna,No existe,Recta,Bueno,Buena,Diurna,Buen Tiempo,De alcance,S/D,Colisión,Ninguna,Faltante,Ninguna,Sin restricción,POINT (-60.668872300000004 -32.9436884),"['San Luis', 'Crespo']",2,San Luis; Crespo,-32.9436884,-60.6688723,55.0,538.0,Municipio Rosario,Municipio,Rosario,820210,Servicio de Catastro e Información Territorial,IGN
2017,7601,2017-10-19,Jueves,0.0,14:25:00,,0.0,2,"Automóvil,Moto/Ciclomotor",San Luis Y Av. Ovidio Lagos,2,1,0,0,1,0,0,,Calle,,ROSARIO,Rosario,Asfalto,No existe,II,S/D,Urbana,Semáforo,Funciona,Recta,Bueno,Buena,Diurna,Buen Tiempo,De alcance,S/D,Colisión,Ninguna,"Horizontal,Vertical",Ninguna,Sin restricción,POINT (-60.6621155 -32.9448915),"['San Luis', 'Avenida Ovidio Lagos']",2,San Luis; Avenida Ovidio Lagos,-32.9448915,-60.6621155,55.0,538.0,Municipio Rosario,Municipio,Rosario,820210,Servicio de Catastro e Información Territorial,IGN
2017,7604,2017-10-20,Viernes,0.0,12:30:00,,0.0,2,"Peatón,Moto/Ciclomotor",Av. Francia Y Cordoba,2,1,0,0,1,0,0,,Calle,,ROSARIO,Rosario,Asfalto,No existe,II,S/D,Urbana,Ninguna,Funciona,Intersección,Bueno,S/D,Diurna,Buen Tiempo,De alcance,S/D,Colisión,Ninguna,"Horizontal,Vertical",Cordón divisorio,Sin restricción,POINT (-60.6655272 -32.94154475),"['Avenida Francia', 'Córdoba']",2,Avenida Francia; Córdoba,-32.94154475,-60.6655272,55.0,538.0,Municipio Rosario,Municipio,Rosario,820210,Servicio de Catastro e Información Territorial,IGN
2017,7606,2017-10-17,Martes,0.0,19:25:00,,0.0,2,"Moto/Ciclomotor,Moto/Ciclomotor",Lima 1410,2,1,0,0,1,0,0,,Calle,,ROSARIO,Rosario,Asfalto,No existe,II,Dentro,Urbana,Ninguna,No existe,Recta,Bueno,Buena,Nocturna,Buen Tiempo,Otro,S/D,Colisión,Ninguna,Faltante,Ninguna,Sin restricción,"-32.94597837346939, -60.68519347959184",['Lima 1410'],1,Lima 1410,-32.94597837346939,-60.68519347959184,55.0,538.0,Municipio Rosario,Municipio,Rosario,820210,Servicio de Catastro e Información Territorial,IGN
2017,7609,2017-10-09,Lunes,0.0,13:00:00,,0.0,2,"Moto/Ciclomotor,Automóvil",Lavalle Y 3 De Febrero,2,1,0,0,1,0,0,,Calle,,ROSARIO,Rosario,Asfalto,No existe,II,Dentro,Urbana,Ninguna,No existe,Intersección,Bueno,Buena,Diurna,Buen Tiempo,De alcance,S/D,Colisión,Ninguna,Faltante,Ninguna,Sin restricción,POINT (-60.6793582 -32.94569909999999),"['Lavalle', '3 de Febrero']",2,Lavalle; 3 de Febrero,-32.94569909999999,-60.6793582,55.0,538.0,Municipio Rosario,Municipio,Rosario,820210,Servicio de Catastro e Información Territorial,IGN
2017,7613,2017-10-05,Jueves,0.0,20:00:00,,0.0,2,"Moto/Ciclomotor,Automóvil",Castellanos Y 3 De Febrero,2,1,0,0,1,0,0,,Calle,,ROSARIO,Rosario,Asfalto,No existe,II,Dentro,Urbana,Ninguna,No existe,Intersección,Bueno,Buena,Nocturna,Buen Tiempo,De alcance,S/D,Colisión,Ninguna,Faltante,Ninguna,Sin restricción,POINT (-60.6767004 -32.9461743),"['Aaron Castellanos', '3 de Febrero']",2,Aaron Castellanos; 3 de Febrero,-32.9461743,-60.6767004,55.0,538.0,Municipio Rosario,Municipio,Rosario,820210,Servicio de Catastro e Información Territorial,IGN
2017,7616,2017-10-12,Jueves,0.0,18:30:00,,0.0,2,"Moto/Ciclomotor,Automóvil",E.Zeballos Y Santiago,3,2,0,0,1,0,0,,Calle,,ROSARIO,Rosario,Asfalto,No existe,II,Dentro,Urbana,Ninguna,No existe,Intersección,Bueno,Buena,Diurna,Buen Tiempo,De alcance,S/D,Colisión,Ninguna,Faltante,Ninguna,Sin restricción,POINT (-60.6581792 -32.95179709999999),"['Zeballos', 'Santiago']",2,Zeballos; Santiago,-32.95179709999999,-60.6581792,55.0,538.0,Municipio Rosario,Municipio,Rosario,820210,Servicio de Catastro e Información Territorial,IGN
2017,7619,2017-10-12,Jueves,0.0,16:00:00,,0.0,2,"Automóvil,Moto/Ciclomotor",3 De Febrero Y Santiago,3,1,0,0,2,0,0,,Calle,,ROSARIO,Rosario,Asfalto,No existe,II,Dentro,Urbana,Ninguna,No existe,Intersección,Bueno,Buena,Diurna,Buen Tiempo,De alcance,S/D,Colisión,Ninguna,Faltante,Ninguna,Sin restricción,POINT (-60.6576192 -32.9496077),"['3 de Febrero', 'Santiago']",2,3 de Febrero; Santiago,-32.9496077,-60.6576192,55.0,538.0,Municipio Rosario,Municipio,Rosario,820210,Servicio de Catastro e Información Territorial,IGN
2017,7640,2017-10-24,Martes,0.0,15:15:00,,0.0,2,"Automóvil,Moto/Ciclomotor",Alsina Y E.Zeballos,2,1,0,0,1,0,0,,Calle,,ROSARIO,Rosario,Asfalto,No existe,II,Dentro,Urbana,Ninguna,No existe,Intersección,Bueno,Buena,Diurna,Buen Tiempo,De alcance,S/D,Colisión,Ninguna,Faltante,Ninguna,Sin restricción,POINT (-60.6785567 -32.948147299999995),"['Alsina', 'Zeballos']",2,Alsina; Zeballos,-32.948147299999995,-60.6785567,55.0,538.0,Municipio Rosario,Municipio,Rosario,820210,Servicio de Catastro e Información Territorial,IGN
2017,7644,2017-10-24,Martes,0.0,16:30:00,,0.0,2,"Automóvil,Moto/Ciclomotor",Gutenberg Y Pje. Angeloni,2,0,1,0,1,0,0,,Calle,,ROSARIO,Rosario,Asfalto,No existe,II,Dentro,Urbana,Ninguna,No existe,Intersección,Bueno,Buena,Diurna,Buen Tiempo,De alcance,S/D,Colisión,Ninguna,Faltante,Ninguna,Sin restricción,POINT (-60.6870988 -32.9369628),"['Gutenberg', 'Angeloni']",2,Gutenberg; Pasaje Angeloni,-32.9369628,-60.6870988,55.0,538.0,Municipio Rosario,Municipio,Rosario,820210,Servicio de Catastro e Información Territorial,IGN
2017,7648,2017-10-06,Viernes,0.0,18:00:00,,0.0,2,"Moto/Ciclomotor,Taxi/Remis",Bv. Avellaneda Y Montevideo,2,1,0,0,1,0,0,,Calle,,ROSARIO,Rosario,Asfalto,No existe,II,Dentro,Urbana,Semáforo,Funciona,Intersección,Bueno,Buena,Diurna,S/D,Lateral,S/D,Colisión,Ninguna,"Horizontal,Vertical","Cordón divisorio,Línea divisoria pintada",Sin restricción,POINT (-60.68156305 -32.948831999999996),"['Avellaneda', 'Montevideo']",2,Bulevar Nicolás Avellaneda; Montevideo,-32.948832,-60.68156305,55.0,538.0,Municipio Rosario,Municipio,Rosario,820210,Servicio de Catastro e Información Territorial,IGN
2017,7653,2017-10-10,Martes,0.0,12:50:00,,0.0,2,"Moto/Ciclomotor,Automóvil",Mendoza Y Castellanos,3,1,0,0,2,0,0,,Calle,,ROSARIO,Rosario,Asfalto,No existe,II,Dentro,Urbana,Ninguna,No existe,Recta,Bueno,Buena,Diurna,Buen Tiempo,S/D,S/D,Colisión,Ninguna,Faltante,Ninguna,Sin restricción,POINT (-60.6763884 -32.94496500000001),"['Mendoza', 'Aaron Castellanos']",2,Mendoza; Aaron Castellanos,-32.94496500000001,-60.6763884,55.0,538.0,Municipio Rosario,Municipio,Rosario,820210,Servicio de Catastro e Información Territorial,IGN
2017,7690,2017-12-29,Viernes,0.0,22:00:00,,0.0,2,"Automóvil,Taxi/Remis",Mendoza Y Laprida,4,1,0,0,3,0,0,,Calle,,ROSARIO,Rosario,Asfalto,S/D,II,S/D,Urbana,S/D,S/D,Recta,Bueno,Buena,Nocturna,Buen Tiempo,S/D,S/D,Colisión,S/D,S/D,S/D,S/D,POINT (-60.63531510000001 -32.95222530000001),"['Mendoza', 'Laprida']",2,Mendoza; Francisco Narciso Laprida,-32.95222530000001,-60.63531510000001,55.0,538.0,Municipio Rosario,Municipio,Rosario,820210,Servicio de Catastro e Información Territorial,IGN
2017,7693,2017-12-27,Miercoles,0.0,23:10:00,,0.0,2,"Automóvil,Moto/Ciclomotor",Mariano Moreno Y Av. Wheelwright,3,1,1,0,1,0,0,,Calle,,ROSARIO,Rosario,Asfalto,S/D,II,S/D,Urbana,S/D,S/D,Recta,Bueno,Buena,Nocturna,S/D,S/D,S/D,Colisión,S/D,S/D,S/D,S/D,POINT (-60.6477294 -32.9328498),"['Mariano Moreno', 'Avenida Guillermo Wheelwright']",2,Mariano Moreno; Avenida Guillermo Wheelwright,-32.9328498,-60.6477294,55.0,538.0,Municipio Rosario,Municipio,Rosario,820210,Servicio de Catastro e Información Territorial,IGN
2017,7695,2017-12-29,Viernes,0.0,9:30:00,,0.0,2,"Moto/Ciclomotor,Automóvil",Paraguay Y Urquiza,2,1,0,0,1,0,0,,Calle,,ROSARIO,Rosario,Asfalto,S/D,II,S/D,Urbana,S/D,No existe,Recta,Bueno,Buena,Diurna,S/D,S/D,S/D,Colisión,S/D,S/D,S/D,S/D,POINT (-60.642866000000005 -32.941996),"['Paraguay', 'Urquiza']",2,Paraguay; Justo José de Urquiza,-32.941996,-60.642866000000005,55.0,538.0,Municipio Rosario,Municipio,Rosario,820210,Servicio de Catastro e Información Territorial,IGN
2017,7705,2017-12-23,Sabado,0.0,10:00:00,,0.0,2,"Bicicleta,Taxi/Remis",Pte.Roca Y 9 De Julio,2,1,0,0,1,0,0,,Calle,,ROSARIO,Rosario,Asfalto,S/D,II,S/D,Urbana,S/D,S/D,Recta,Bueno,S/D,S/D,S/D,S/D,Ciclista,Atropello,S/D,S/D,S/D,S/D,POINT (-60.64696059999999 -32.9526213),"['Roca', '9 de Julio']",2,Presidente Roca; 9 de Julio,-32.9526213,-60.64696059999999,55.0,538.0,Municipio Rosario,Municipio,Rosario,820210,Servicio de Catastro e Información Territorial,IGN
2017,7706,2017-12-22,Viernes,0.0,9:30:00,,0.0,2,"Automóvil,Bicicleta",Italia Y Rioja,2,1,0,0,1,0,0,,Calle,,ROSARIO,Rosario,Asfalto,S/D,II,S/D,Urbana,S/D,S/D,Recta,Bueno,Buena,Diurna,S/D,S/D,Ciclista,Atropello,S/D,S/D,S/D,S/D,POINT (-60.6481592 -32.945870500000005),"['Italia', 'Rioja']",2,Italia; Rioja,-32.945870500000005,-60.6481592,55.0,538.0,Municipio Rosario,Municipio,Rosario,820210,Servicio de Catastro e Información Territorial,IGN
2017,7710,2017-12-21,Jueves,0.0,22:05:00,,0.0,2,"Moto/Ciclomotor,Automóvil",La Paz Y San Martin,2,1,0,0,1,0,0,,Calle,,ROSARIO,Rosario,Asfalto,S/D,II,S/D,Urbana,Señal Pare,S/D,Recta,Otro,S/D,Nocturna,Otro,S/D,S/D,Colisión,S/D,S/D,S/D,S/D,POINT (-60.64116099999999 -32.964431299999994),"['La Paz', 'San Martin']",2,La Paz; José de San Martín,-32.964431299999994,-60.64116099999999,55.0,538.0,Municipio Rosario,Municipio,Rosario,820210,Servicio de Catastro e Información Territorial,IGN
2017,7711,2017-12-21,Jueves,0.0,15:00:00,,0.0,2,"Automóvil,Moto/Ciclomotor",San Luis Y Entre Rios,3,1,0,0,2,0,0,,Calle,,ROSARIO,Rosario,Asfalto,S/D,II,S/D,Urbana,S/D,Funciona,Recta,Bueno,Buena,Diurna,S/D,S/D,S/D,Colisión,S/D,Vertical,S/D,S/D,POINT (-60.6415602 -32.9485507),"['San Luis', 'Entre Ríos']",2,San Luis; Entre Ríos,-32.9485507,-60.6415602,55.0,538.0,Municipio Rosario,Municipio,Rosario,820210,Servicio de Catastro e Información Territorial,IGN
2017,7716,2017-12-20,Miercoles,0.0,17:45:00,,0.0,2,"Automóvil,Taxi/Remis",Pasco Y Ayacucho,6,1,0,0,1,0,4,,Calle,,ROSARIO,Rosario,Asfalto,S/D,II,S/D,Urbana,S/D,S/D,Recta,Bueno,S/D,S/D,S/D,S/D,S/D,Colisión,S/D,S/D,S/D,S/D,POINT (-60.630227500000004 -32.961596799999995),"['Pasco', 'Ayacucho']",2,Pasco; Ayacucho,-32.961596799999995,-60.6302275,55.0,538.0,Municipio Rosario,Municipio,Rosario,820210,Servicio de Catastro e Información Territorial,IGN
2017,7718,2017-10-25,Miercoles,0.0,18:45:00,,0.0,2,"Automóvil,Peatón",Av. Francia Y Pje. Arenales,2,1,0,0,1,0,0,,Calle,,ROSARIO,Rosario,Asfalto,Pavimento,II,Dentro,Urbana,Ninguna,No existe,Recta,Bueno,Reducida p/ objetos,Atardecer,Buen Tiempo,Otro,Peatón,Atropello,Ninguna,Faltante,Ninguna,Sin restricción,POINT (-60.661593700000005 -32.925860349999994),"['Avenida Francia', 'Arenales']",2,Avenida Francia; Arenales,-32.925860349999994,-60.661593700000005,55.0,538.0,Municipio Rosario,Municipio,Rosario,820210,Servicio de Catastro e Información Territorial,IGN
2017,7721,2017-10-30,Lunes,0.0,12:30:00,,0.0,2,"Moto/Ciclomotor,Automóvil",Junin Y Stephenson,2,1,0,0,1,0,0,,Calle,,ROSARIO,Rosario,Asfalto,No existe,II,Dentro,Urbana,Ninguna,No existe,Intersección,Con baches,Buena,Diurna,Buen Tiempo,Otro,S/D,Colisión,Ninguna,Faltante,Ninguna,Sin restricción,POINT (-60.679068900000004 -32.92668009999999),"['Junín', 'Stephenson']",2,Junín; Stephenson,-32.92668009999999,-60.6790689,55.0,538.0,Municipio Rosario,Municipio,Rosario,820210,Servicio de Catastro e Información Territorial,IGN
2017,7725,2017-10-30,Lunes,0.0,8:40:00,,0.0,2,"Automóvil,Automóvil",Rawson Bis Y Gorriti,2,1,0,0,1,0,0,,Calle,,ROSARIO,Rosario,Asfalto,No existe,II,Dentro,Urbana,Ninguna,No existe,Intersección,Bueno,Buena,Diurna,Buen Tiempo,Otro,S/D,Colisión,Ninguna,Faltante,Ninguna,Sin restricción,POINT (-60.6693486 -32.9232086),"['Rawson', 'Gorriti']",2,Rawson; Gorriti,-32.9232086,-60.6693486,55.0,538.0,Municipio Rosario,Municipio,Rosario,820210,Servicio de Catastro e Información Territorial,IGN
2017,7729,2017-10-14,Sabado,0.0,19:15:00,,0.0,2,"Bicicleta,Peatón",Salta 2520,2,1,0,0,0,0,1,,Calle,,ROSARIO,Rosario,Asfalto,No existe,II,S/D,Urbana,Semáforo,Funciona,Recta,Bueno,S/D,Diurna,Buen Tiempo,S/D,Peatón,Atropello,Ninguna,"Horizontal,Vertical",Ninguna,Sin restricción,"-32.93587124489796, -60.65596333265306",['Salta 2520'],1,Salta 2520,-32.93587124489796,-60.65596333265306,55.0,538.0,Municipio Rosario,Municipio,Rosario,820210,Servicio de Catastro e Información Territorial,IGN
2017,7732,2017-10-26,Jueves,0.0,11:30:00,,0.0,2,"Pickup/Utilitario,Moto/Ciclomotor",Catamarca 3100,2,1,0,0,1,0,0,,Calle,,ROSARIO,Rosario,Asfalto,No existe,II,Dentro,Urbana,Semáforo,Funciona,Recta,Bueno,S/D,Diurna,S/D,De alcance,S/D,Colisión,S/D,Vertical,Ninguna,S/D,"-32.9357009, -60.6638112",['Catamarca 3100'],1,Catamarca 3100,-32.9357009,-60.6638112,55.0,538.0,Municipio Rosario,Municipio,Rosario,820210,Servicio de Catastro e Información Territorial,IGN
2017,7734,2017-10-06,Viernes,0.0,,,0.0,2,"Moto/Ciclomotor,Automóvil",Cochabamba Y Campbell,2,1,0,0,1,0,0,,Calle,,ROSARIO,Rosario,Asfalto,No existe,II,Dentro,Urbana,Ninguna,No existe,Intersección,Bueno,Reducida,Diurna,S/D,Lateral,S/D,Colisión,Ninguna,Faltante,Ninguna,Sin restricción,POINT (-60.7075617 -32.94967489999999),"['Cochabamba', 'Campbell']",2,Cochabamba; Campbell,-32.94967489999999,-60.7075617,55.0,538.0,Municipio Rosario,Municipio,Rosario,820210,Servicio de Catastro e Información Territorial,IGN
2017,7735,2017-10-25,Miercoles,0.0,,,0.0,2,"Moto/Ciclomotor,Automóvil",Av. Provincias Unidas Y White,2,1,0,0,1,0,0,,Calle,,ROSARIO,Rosario,Asfalto,No existe,II,Dentro,Urbana,Ninguna,Funciona,Intersección,Bueno,Buena,Diurna,Buen Tiempo,Lateral,S/D,Colisión,S/D,Vertical,Cordón divisorio,Sin restricción,POINT (-60.7125441 -32.94137124999999),"['Avenida Provincias Unidas', 'White']",2,Avenida Provincias Unidas; Ingeniero White,-32.94137124999999,-60.7125441,55.0,538.0,Municipio Rosario,Municipio,Rosario,820210,Servicio de Catastro e Información Territorial,IGN
2017,7736,2017-10-14,Sabado,0.0,19:15:00,,0.0,1,Automóvil,Catamarca 3500,1,0,0,0,0,0,1,,Calle,,ROSARIO,Rosario,Asfalto,No existe,II,S/D,Urbana,Semáforo,Funciona,Recta,Otro,S/D,Diurna,S/D,S/D,S/D,Otro,Ninguna,"Horizontal,Vertical",Ninguna,S/D,"-32.9347036, -60.6693146",['Catamarca 3500'],1,Catamarca 3500,-32.9347036,-60.6693146,55.0,538.0,Municipio Rosario,Municipio,Rosario,820210,Servicio de Catastro e Información Territorial,IGN
2017,7740,2017-10-28,Sabado,0.0,17:15:00,,0.0,2,"Moto/Ciclomotor,Automóvil",Pje. Mamboreta Bis Y J.B.Justo,2,1,1,0,0,0,0,,Calle,,ROSARIO,Rosario,Asfalto,No existe,II,S/D,Urbana,Ninguna,No existe,Recta,Bueno,Buena,Diurna,Buen Tiempo,De alcance,S/D,Colisión,Ninguna,Faltante,Ninguna,Sin restricción,POINT (-60.7170015 -32.9150217),"['Mamboretá', 'Justo']",2,Mamboretá; Justo José de Urquiza,-32.9150217,-60.7170015,55.0,538.0,Municipio Rosario,Municipio,Rosario,820210,Servicio de Catastro e Información Territorial,IGN
2017,7741,2017-10-02,Lunes,0.0,9:30:00,,0.0,2,"Moto/Ciclomotor,Automóvil",Ocampo Y Garzon,3,2,0,0,1,0,0,,Calle,,ROSARIO,Rosario,Asfalto,No existe,II,Dentro,Urbana,Ninguna,No existe,Intersección,Bueno,Buena,Diurna,Otro,Lateral,S/D,Colisión,Ninguna,Faltante,Ninguna,Sin restricción,POINT (-60.7049665 -32.95783229999999),"['Ocampo', 'Garzón']",2,Ocampo; Garzón,-32.95783229999999,-60.7049665,55.0,538.0,Municipio Rosario,Municipio,Rosario,820210,Servicio de Catastro e Información Territorial,IGN