anio_acci,nro_acci,fecha,desc_dia,fecha_aprox,hora_aprox,desc_ruta,km,cant_participantes,desc_participante,calle_avenida_km,total,heridos_leves,heridos_graves,heridos_gravisimos,ilesos,fallecidos,sin_datos,posicion_XY,desc_tipo_via,desc_ruta_ori,desc_loc,desc_dpto,desc_tipo_calzada,desc_tipo_banquina,desc_unidad_regional,desc_lugar_calzada,desc_zona,desc_prioridad,desc_estado_semaforo,desc_lugar_via,desc_estado_via,desc_estado_visibilidad,desc_luminosidad,desc_estado_clima,desc_tipo_colision,desc_tipo_atropello,desc_tipo_hecho,desc_pres_calzada,desc_senializacion,desc_separacion_via,desc_restriccion,forma_geocod,calle_lista,numero_calles,calles_osm,lat,lon,index_right,gid,fna,gna,nam,in1,fdc,sag
2017,7743,2017-10-18,Miercoles,0.0,7:45:00,,0.0,2,"Automóvil,Automóvil",Av. Pellegrini 7000,5,3,0,0,2,0,0,,Avenida,,ROSARIO,Rosario,Asfalto,No existe,II,Dentro,Urbana,Ninguna,No existe,Recta,Bueno,S/D,Diurna,S/D,S/D,S/D,Colisión,S/D,Faltante,Ninguna,Sin restricción,"-32.9485336, -60.715697",['Pellegrini 7000'],1,Pellegrini 7000,-32.9485336,-60.715697,55.0,538.0,Municipio Rosario,Municipio,Rosario,820210,Servicio de Catastro e Información Territorial,IGN
2017,7745,2017-10-03,Martes,0.0,22:40:00,,0.0,2,"Pickup/Utilitario,Moto/Ciclomotor",Tte.Agneta Y Dean Funes,2,1,0,0,1,0,0,,Calle,,ROSARIO,Rosario,"Asfalto,Hormigón",No existe,II,Dentro,Urbana,Ninguna,No existe,Intersección,Bueno,Buena,Nocturna,Buen Tiempo,Lateral,S/D,Colisión,Ninguna,Faltante,Ninguna,Sin restricción,POINT (-60.6987794 -32.9671084),"['Teniente Agneta', 'Deán Gregorio Funes']",2,Teniente Agneta; Deán Gregorio Funes,-32.9671084,-60.6987794,55.0,538.0,Municipio Rosario,Municipio,Rosario,820210,Servicio de Catastro e Información Territorial,IGN
2017,7762,2017-10-29,Domingo,0.0,,,0.0,2,"Moto/Ciclomotor,Automóvil",Cullen Y Ugarte Y Irala,2,0,1,0,1,0,0,,Calle,,ROSARIO,Rosario,Asfalto,S/D,II,S/D,Urbana,S/D,S/D,S/D,Bueno,Buena,S/D,Buen Tiempo,Frontal,S/D,Colisión,S/D,S/D,S/D,S/D,POINT (-60.7299816 -32.8780031),"['Cullen y Ugarte', 'Irala']",2,Cullen y Ugarte; Irala,-32.8780031,-60.7299816,55.0,538.0,Municipio Rosario,Municipio,Rosario,820210,Servicio de Catastro e Información Territorial,IGN
2017,7765,2017-10-02,Lunes,0.0,19:30:00,,0.0,2,"Moto/Ciclomotor,Automóvil",Polledo Y Calle 1333,2,0,1,0,1,0,0,,Calle,,ROSARIO,Rosario,Asfalto,Pavimento,II,S/D,Urbana,S/D,No existe,Intersección,Bueno,Buena,Nocturna,Buen Tiempo,Frontal,S/D,Colisión,S/D,S/D,S/D,S/D,POINT (-60.7206186 -32.8848457),"['Polledo', 'Domingo Candia']",2,Polledo; Domingo Candia,-32.8848457,-60.7206186,55.0,538.0,Municipio Rosario,Municipio,Rosario,820210,Servicio de Catastro e Información Territorial,IGN
2017,7767,2017-10-15,Domingo,0.0,23:15:00,,0.0,2,"Moto/Ciclomotor,Automóvil",Virasoro Y Camilo Aldao,2,1,0,0,1,0,0,,Calle,,ROSARIO,Rosario,Asfalto,No existe,II,Dentro,Urbana,Ninguna,No existe,Intersección,Bueno,Buena,Nocturna,Buen Tiempo,Lateral,S/D,Colisión,Ninguna,Faltante,Ninguna,Sin restricción,POINT (-60.695138500000006 -32.9611548),"['Virasoro', 'Camilo Aldao']",2,Benjamín Virasoro; Camilo Aldao,-32.9611548,-60.695138500000006,55.0,538.0,Municipio Rosario,Municipio,Rosario,820210,Servicio de Catastro e Información Territorial,IGN
2017,7772,2017-10-28,Sabado,0.0,8:45:00,,0.0,2,"Automóvil,Moto/Ciclomotor",Bv. 27 De Febrero Y Larrea,2,1,0,0,1,0,0,,Calle,,ROSARIO,Rosario,Asfalto,No existe,II,Dentro,Urbana,Ninguna,No existe,Intersección,Bueno,Buena,Diurna,Buen Tiempo,Lateral,S/D,Colisión,Ninguna,Faltante,Ninguna,Sin restricción,POINT (-60.69651200000001 -32.95882060000001),"['27 de Febrero', 'Larrea']",2,Bulevar 27 de Febrero; Larrea,-32.95882060000001,-60.69651200000001,55.0,538.0,Municipio Rosario,Municipio,Rosario,820210,Servicio de Catastro e Información Territorial,IGN
2017,7774,2017-10-18,Miercoles,0.0,,,0.0,2,"Moto/Ciclomotor,Automóvil",J.J.Perez Y Somoza,3,0,2,0,1,0,0,,Calle,,ROSARIO,Rosario,Asfalto,No existe,II,S/D,Urbana,S/D,S/D,S/D,Bueno,Buena,Diurna,Buen Tiempo,Frontal,S/D,Colisión,S/D,S/D,S/D,S/D,POINT (-60.7295756 -32.89143819999999),"['Pérez', 'Somoza']",2,Pérez Bulnes; Somoza,-32.89143819999999,-60.7295756,55.0,538.0,Municipio Rosario,Municipio,Rosario,820210,Servicio de Catastro e Información Territorial,IGN
2017,7781,2017-10-26,Jueves,0.0,,,0.0,2,"Automóvil,Moto/Ciclomotor",J.J.Perez Y Somoza,2,1,0,0,1,0,0,,Calle,,ROSARIO,Rosario,Asfalto,No existe,II,S/D,Urbana,S/D,S/D,S/D,Bueno,Buena,Diurna,Buen Tiempo,Frontal,S/D,Colisión,S/D,S/D,S/D,S/D,POINT (-60.7295756 -32.89143819999999),"['Pérez', 'Somoza']",2,Pérez Bulnes; Somoza,-32.89143819999999,-60.7295756,55.0,538.0,Municipio Rosario,Municipio,Rosario,820210,Servicio de Catastro e Información Territorial,IGN
2017,7794,2017-10-28,Sabado,0.0,,,0.0,2,"Automóvil,Moto/Ciclomotor",Av. Circunvalacion ,3,1,0,0,2,0,0,,Avenida,,ROSARIO,Rosario,Asfalto,S/D,II,S/D,Urbana,S/D,S/D,S/D,Bueno,S/D,Diurna,Buen Tiempo,Frontal,S/D,Colisión,S/D,S/D,S/D,S/D,"-32.9954148, -60.6940772",['Circunvalacion'],1,Circunvalacion,-32.9954148,-60.6940772,55.0,538.0,Municipio Rosario,Municipio,Rosario,820210,Servicio de Catastro e Información Territorial,IGN
2017,7799,2017-10-01,Domingo,0.0,19:00:00,,0.0,2,"Moto/Ciclomotor,Automóvil",Berrini Y Manuel De Falla,3,2,0,0,0,0,1,,Calle,,ROSARIO,Rosario,Asfalto,No existe,II,Dentro,Urbana,Ninguna,No existe,Intersección,Bueno,Buena,Atardecer,Buen Tiempo,S/D,S/D,Colisión,Ninguna,Faltante,Ninguna,Sin restricción,POINT (-60.71086579999999 -32.8886315),"['Berrini', 'Manuel de Falla']",2,Berrini; Manuel de Falla,-32.8886315,-60.71086579999999,55.0,538.0,Municipio Rosario,Municipio,Rosario,820210,Servicio de Catastro e Información Territorial,IGN
2017,7805,2017-10-09,Lunes,0.0,20:00:00,,0.0,2,"Bicicleta,Transporte de Pasajeros Urbano (> 8 asientos)",Camino de los Granaderos Y Palestina,2,1,0,0,1,0,0,,Calle,,ROSARIO,Rosario,Asfalto,No existe,II,Dentro,Urbana,Semáforo,Funciona,Intersección,Bueno,Buena,Nocturna,Buen Tiempo,S/D,Ciclista,Atropello,Ninguna,"Horizontal,Vertical",Cordón divisorio,Sin restricción,POINT (-60.710063950000006 -32.88599805),"['Camino de los Granaderos', 'Palestina']",2,Camino de los Granaderos; Palestina,-32.88599805,-60.710063950000006,55.0,538.0,Municipio Rosario,Municipio,Rosario,820210,Servicio de Catastro e Información Territorial,IGN
2017,7808,2017-10-13,Viernes,0.0,18:30:00,,0.0,2,"Moto/Ciclomotor,Automóvil",Palestina Y Los Cocos,3,1,0,0,1,0,1,,Calle,,ROSARIO,Rosario,Asfalto,No existe,II,Dentro,Urbana,Ninguna,No existe,Intersección,Bueno,Buena,Diurna,Buen Tiempo,S/D,S/D,Colisión,Ninguna,Faltante,Ninguna,Sin restricción,POINT (-60.707968300000005 -32.88593569999999),"['Palestina', 'Los Cocos']",2,Palestina; Los Cocos,-32.88593569999999,-60.707968300000005,55.0,538.0,Municipio Rosario,Municipio,Rosario,820210,Servicio de Catastro e Información Territorial,IGN
2017,7810,2017-10-16,Lunes,0.0,10:00:00,,0.0,2,"Moto/Ciclomotor,Automóvil",Av. Irigoyen 1500,2,1,0,0,1,0,0,,Avenida,,ROSARIO,Rosario,Asfalto,No existe,II,S/D,Urbana,Ninguna,No existe,Intersección,Bueno,Buena,Diurna,Buen Tiempo,Lateral,S/D,Colisión,Ninguna,Faltante,Ninguna,Sin restricción,"-32.8846546, -60.7037262",['Avenida Hipólito Irigoyen 1500'],1,Avenida Hipólito Irigoyen 1500,-32.8846546,-60.7037262,55.0,538.0,Municipio Rosario,Municipio,Rosario,820210,Servicio de Catastro e Información Territorial,IGN
2017,7812,2017-10-06,Viernes,0.0,17:10:00,,0.0,2,"Pickup/Utilitario,Automóvil",Cazadores Y Santiago,2,1,0,0,1,0,0,,Calle,,ROSARIO,Rosario,Asfalto,No existe,II,Dentro,Urbana,Ninguna,No existe,Intersección,Bueno,Buena,Diurna,Buen Tiempo,Lateral,S/D,Colisión,Ninguna,Faltante,Ninguna,Sin restricción,POINT (-60.6676388 -33.00458969999999),"['Cazadores', 'Santiago']",2,Cazadores; Santiago,-33.00458969999999,-60.6676388,55.0,538.0,Municipio Rosario,Municipio,Rosario,820210,Servicio de Catastro e Información Territorial,IGN
2017,7813,2017-10-17,Martes,0.0,10:50:00,,0.0,2,"Moto/Ciclomotor,Automóvil",Av. Battle y Ordoñez Y Italia,2,1,0,0,1,0,0,,Avenida,,ROSARIO,Rosario,Asfalto,No existe,II,Dentro,Urbana,Ninguna,No existe,Intersección,Bueno,Buena,Diurna,Buen Tiempo,Lateral,S/D,Colisión,Ninguna,Horizontal,Cordón divisorio,Sin restricción,POINT (-60.65883935 -33.00917509999999),"['Avenida Battle y Ordoñez', 'Italia']",2,Avenida Battle y Ordoñez; Italia,-33.00917509999999,-60.65883935,55.0,538.0,Municipio Rosario,Municipio,Rosario,820210,Servicio de Catastro e Información Territorial,IGN
2017,7814,2017-10-21,Sabado,0.0,20:30:00,,0.0,2,"Moto/Ciclomotor,Automóvil",Pueyrredon Y Esteban de Luca,2,1,0,0,1,0,0,,Calle,,ROSARIO,Rosario,Asfalto,No existe,II,Dentro,Urbana,Ninguna,No existe,Intersección,Bueno,Buena,"Nocturna,Con luz artificial",Buen Tiempo,Lateral,S/D,Colisión,Ninguna,Faltante,Ninguna,Sin restricción,POINT (-60.6694077 -32.99560209999999),"['Pueyrredón', 'Esteban de Luca']",2,Pueyrredón; Esteban de Luca,-32.99560209999999,-60.6694077,55.0,538.0,Municipio Rosario,Municipio,Rosario,820210,Servicio de Catastro e Información Territorial,IGN
2017,7815,2017-10-12,Jueves,0.0,18:30:00,,0.0,2,"Automóvil,Automóvil",Cereseto Y Av. Ntra.Sra.del Rosario,2,1,0,0,1,0,0,,Calle,,ROSARIO,Rosario,Asfalto,No existe,II,Dentro,Urbana,Ninguna,No existe,Intersección,Bueno,Buena,Atardecer,Buen Tiempo,Lateral,S/D,Colisión,Ninguna,Faltante,Ninguna,Sin restricción,POINT (-60.6739631 -33.0008585),"['Cereseto', 'Nuestra Señora del Rosario']",2,Cereseto; Puente Nuestra Señora del Rosario,-33.0008585,-60.6739631,55.0,538.0,Municipio Rosario,Municipio,Rosario,820210,Servicio de Catastro e Información Territorial,IGN
2017,7816,2017-10-07,Sabado,0.0,23:20:00,,0.0,2,"Moto/Ciclomotor,Taxi/Remis",Balcarce Y Av. Battle y Ordoñez,3,1,0,0,2,0,0,,Avenida,,ROSARIO,Rosario,Asfalto,No existe,II,S/D,Urbana,Semáforo,Funciona,Intersección,Bueno,Buena,"Nocturna,Con luz artificial",Buen Tiempo,Lateral,S/D,Colisión,Ninguna,"Horizontal,Vertical",Cordón divisorio,Sin restricción,POINT (-60.66308240000001 -33.009310600000006),"['Balcarce', 'Avenida Battle y Ordoñez']",2,Balcarce; Avenida Battle y Ordoñez,-33.009310600000006,-60.66308240000001,55.0,538.0,Municipio Rosario,Municipio,Rosario,820210,Servicio de Catastro e Información Territorial,IGN
2017,7817,2017-10-20,Viernes,0.0,11:10:00,,0.0,3,"Peatón,Peatón,Automóvil",Bv. Avellaneda Y Uruguay,3,1,0,0,2,0,0,,Avenida,,ROSARIO,Rosario,Asfalto,No existe,II,Dentro,Urbana,Semáforo,Funciona,Intersección,Bueno,Buena,Diurna,Buen Tiempo,S/D,Peatón,Atropello,Ninguna,"Horizontal,Vertical",Cordón divisorio,Sin restricción,POINT (-60.686775850000004 -32.96944285),"['Avellaneda', 'Uruguay']",2,Bulevar Nicolás Avellaneda; Uruguay,-32.96944285,-60.68677585,55.0,538.0,Municipio Rosario,Municipio,Rosario,820210,Servicio de Catastro e Información Territorial,IGN
2017,7818,2017-10-09,Lunes,0.0,16:10:00,,0.0,2,"Moto/Ciclomotor,Automóvil",Av. Ovidio Lagos Y Garibaldi,2,1,0,0,1,0,0,,Avenida,,ROSARIO,Rosario,Asfalto,No existe,II,Dentro,Urbana,Otra Señal,No existe,Recta,Deteriorada,Buena,Diurna,Buen Tiempo,Frontal,S/D,Colisión,Ninguna,Faltante,Cordón divisorio,Sin restricción,POINT (-60.671054299999994 -32.981854),"['Avenida Ovidio Lagos', 'José Garibaldi']",2,Avenida Ovidio Lagos; José Garibaldi,-32.981854,-60.6710543,55.0,538.0,Municipio Rosario,Municipio,Rosario,820210,Servicio de Catastro e Información Territorial,IGN
2017,7819,2017-10-18,Miercoles,0.0,20:20:00,,0.0,2,"Automóvil,Moto/Ciclomotor",Bv. Segui Y Pje. Santa Matilde,2,1,0,0,1,0,0,,Avenida,,ROSARIO,Rosario,Asfalto,No existe,II,Dentro,Urbana,Ninguna,No existe,Intersección,Bueno,Buena,Nocturna,Buen Tiempo,Lateral,S/D,Colisión,Ninguna,Faltante,Cordón divisorio,Sin restricción,POINT (-60.68392435 -32.97236795),"['Bulevar Juan Francisco Seguí', 'Santa Matilde']",2,Bulevar Juan Francisco Seguí; Santa Matilde,-32.97236795,-60.68392435,55.0,538.0,Municipio Rosario,Municipio,Rosario,820210,Servicio de Catastro e Información Territorial,IGN
2017,7820,2017-10-15,Domingo,0.0,17:45:00,,0.0,2,"Bicicleta,Automóvil",Nahuel Huapi 3800,2,1,0,0,1,0,0,,Calle,,ROSARIO,Rosario,Asfalto,No existe,II,Dentro,Urbana,Ninguna,No existe,Recta,Bueno,Buena,Diurna,Buen Tiempo,S/D,Ciclista,Atropello,Ninguna,Horizontal,Ninguna,Sin restricción,"-32.9891968, -60.685852",['Nahuel Huapi 3800'],1,Nahuel Huapi 3800,-32.9891968,-60.685852,55.0,538.0,Municipio Rosario,Municipio,Rosario,820210,Servicio de Catastro e Información Territorial,IGN
2017,7835,2017-12-15,Viernes,0.0,3:40:00,,0.0,2,"Automóvil,Automóvil",Tucuman ,4,2,0,0,2,0,0,,Calle,,ROSARIO,Rosario,Asfalto,S/D,II,S/D,Urbana,S/D,S/D,Recta,Bueno,S/D,Nocturna,Otro,Contra objeto fijo,S/D,Colisión,S/D,S/D,S/D,S/D,"-32.9388303, -60.6535112",['Tucumán'],1,Tucumán,-32.9388303,-60.6535112,55.0,538.0,Municipio Rosario,Municipio,Rosario,820210,Servicio de Catastro e Información Territorial,IGN
2017,7854,2017-12-06,Miercoles,0.0,0:45:00,,0.0,2,"Moto/Ciclomotor,Automóvil",Guemes Y Bv. Oroño,3,2,0,0,1,0,0,,Calle,,ROSARIO,Rosario,Asfalto,S/D,II,S/D,Urbana,S/D,S/D,Recta,Otro,Buena,Nocturna,S/D,S/D,S/D,Colisión,S/D,S/D,S/D,S/D,POINT (-60.6506482 -32.9332604),"['Güemes', 'Bulevar Nicasio Oroño']",2,Güemes; Bulevar Nicasio Oroño,-32.9332604,-60.6506482,55.0,538.0,Municipio Rosario,Municipio,Rosario,820210,Servicio de Catastro e Información Territorial,IGN
2017,7863,2017-12-02,Sabado,0.0,1:00:00,,0.0,2,"Automóvil,Moto/Ciclomotor",San Lorenzo Y Paraguay,3,0,1,0,2,0,0,,Calle,,ROSARIO,Rosario,Asfalto,S/D,II,S/D,Urbana,S/D,S/D,Recta,Bueno,Buena,Nocturna,S/D,S/D,S/D,Colisión,S/D,S/D,S/D,S/D,POINT (-60.643162000000004 -32.9431566),"['San Lorenzo', 'Paraguay']",2,San Lorenzo; Paraguay,-32.9431566,-60.643162,55.0,538.0,Municipio Rosario,Municipio,Rosario,820210,Servicio de Catastro e Información Territorial,IGN
2017,7894,2017-10-10,Martes,0.0,14:00:00,,0.0,2,"Moto/Ciclomotor,Automóvil",Mendoza 7200,2,1,0,0,1,0,0,,Calle,,ROSARIO,Rosario,Asfalto,No existe,II,Dentro,Urbana,Paso Peatonal,No existe,Recta,Bueno,S/D,Diurna,S/D,De alcance,S/D,Colisión,S/D,Horizontal,Cordón divisorio,S/D,"-32.9402478, -60.7182806",['Mendoza 7200'],1,Mendoza 7200,-32.9402478,-60.7182806,55.0,538.0,Municipio Rosario,Municipio,Rosario,820210,Servicio de Catastro e Información Territorial,IGN
2017,7896,2017-10-11,Miercoles,0.0,22:45:00,,0.0,2,"Moto/Ciclomotor,Automóvil",Chubut 7600,2,0,1,0,1,0,0,,Calle,,ROSARIO,Rosario,Asfalto,No existe,II,Dentro,Urbana,Ninguna,No existe,Recta,"Con baches,Deteriorada",S/D,Nocturna,S/D,Lateral,S/D,Colisión,S/D,Faltante,Ninguna,S/D,"-32.9458339, -60.7244049",['Chubut 7600'],1,Chubut 7600,-32.9458339,-60.7244049,55.0,538.0,Municipio Rosario,Municipio,Rosario,820210,Servicio de Catastro e Información Territorial,IGN
2017,7900,2017-10-13,Viernes,0.0,19:50:00,,0.0,2,"Bicicleta,Automóvil",Derqui 7400,3,2,0,0,1,0,0,,Calle,,ROSARIO,Rosario,Asfalto,Pavimento,II,Dentro,Urbana,Ninguna,No existe,Intersección,Bueno,S/D,Diurna,S/D,Otro,Ciclista,Atropello,S/D,Faltante,Ninguna,S/D,"-32.9381871, -60.7206707",['Derqui 7400'],1,Derqui 7400,-32.9381871,-60.7206707,55.0,538.0,Municipio Rosario,Municipio,Rosario,820210,Servicio de Catastro e Información Territorial,IGN
2017,7903,2017-10-16,Lunes,0.0,15:20:00,,0.0,2,"Bicicleta,Automóvil",Av. Circunvalacion Y Gustavo Cochet,2,0,1,0,1,0,0,,Avenida,,ROSARIO,Rosario,Asfalto,S/D,II,Dentro,Urbana,S/D,S/D,Recta,Bueno,S/D,Diurna,S/D,S/D,Ciclista,Atropello,S/D,S/D,S/D,S/D,POINT (-60.7232023 -32.9397624),"['Circunvalacion', 'Gustavo Cochet']",2,"('Colectora José María Rosa', 'Gustavo Cochet')",-32.9397624,-60.7232023,55.0,538.0,Municipio Rosario,Municipio,Rosario,820210,Servicio de Catastro e Información Territorial,IGN
2017,7905,2017-10-30,Lunes,0.0,10:00:00,,0.0,2,"Bicicleta,Automóvil",Derqui Y Carbia,2,1,0,0,1,0,0,,Calle,,ROSARIO,Rosario,Asfalto,No existe,II,Dentro,Urbana,Ninguna,No existe,Recta,Bueno,S/D,Diurna,S/D,S/D,Ciclista,Atropello,S/D,Faltante,Ninguna,S/D,POINT (-60.7302031 -32.9385194),"['Derqui', 'Carbia']",2,Derqui; Carbia,-32.9385194,-60.7302031,55.0,538.0,Municipio Rosario,Municipio,Rosario,820210,Servicio de Catastro e Información Territorial,IGN
2017,7907,2017-10-12,Jueves,0.0,18:05:00,,0.0,2,"Automóvil,Camión c / Acoplado",Av. Jorge Newbery Y Av. Circunvalacion,2,1,0,0,1,0,0,,Calle,,ROSARIO,Rosario,Asfalto,No existe,II,S/D,Urbana,Semáforo,Funciona,Intersección,Bueno,S/D,Diurna,S/D,Frontal,S/D,Colisión,S/D,Vertical,S/D,S/D,POINT (-60.72420769617581 -32.90836527388018),"['Jorge Newbery', 'Circunvalacion']",2,Avenida Jorge Newbery; Avenida de Circunvalación 25 de Mayo,-32.90836527388018,-60.72420769617581,55.0,538.0,Municipio Rosario,Municipio,Rosario,820210,Servicio de Catastro e Información Territorial,IGN
2017,7912,2017-10-12,Jueves,0.0,9:00:00,,0.0,2,"Automóvil,Bicicleta",Venezuela Y Martinez Estrada,2,1,0,0,1,0,0,,S/D,,ROSARIO,Rosario,Asfalto,No existe,II,S/D,Urbana,Ninguna,No existe,Intersección,Deteriorada,S/D,Diurna,S/D,S/D,Ciclista,Atropello,S/D,Faltante,Ninguna,S/D,POINT (-60.72571670000001 -32.911054799999995),"['Venezuela', 'Martinez Estrada']",2,Venezuela; Martinez Estrada,-32.911054799999995,-60.72571670000001,55.0,538.0,Municipio Rosario,Municipio,Rosario,820210,Servicio de Catastro e Información Territorial,IGN
2017,7915,2017-10-14,Sabado,0.0,19:00:00,,0.0,2,"Automóvil,Automóvil",J.B.Justo Y Bv. Wilde,3,1,0,0,2,0,0,,Calle,,ROSARIO,Rosario,Asfalto,No existe,II,S/D,Urbana,Ninguna,No existe,Intersección,Deteriorada,S/D,Atardecer,S/D,S/D,S/D,Colisión,S/D,Faltante,Ninguna,S/D,POINT (-60.7386835 -32.934138000000004),"['Justo', 'Bulevar Wilde']",2,"('Justo José de Urquiza', 'Bulevar Wilde')",-32.934138000000004,-60.7386835,55.0,538.0,Municipio Rosario,Municipio,Rosario,820210,Servicio de Catastro e Información Territorial,IGN
2017,7939,2017-10-09,Lunes,0.0,14:00:00,,0.0,2,"Automóvil,Pickup/Utilitario",Av. Brassey Y Donado,2,1,0,0,1,0,0,,Calle,,ROSARIO,Rosario,Asfalto,No existe,II,Dentro,Urbana,Otra Señal,No existe,Recta,Bueno,S/D,Diurna,Otro,Lateral,S/D,Colisión,Otro,Vertical,Ninguna,Sin restricción,POINT (-60.7276771 -32.92290909999999),"['Brassey', 'Donado']",2,Brassey; José Agustín Donado,-32.92290909999999,-60.7276771,55.0,538.0,Municipio Rosario,Municipio,Rosario,820210,Servicio de Catastro e Información Territorial,IGN
2017,7942,2017-10-12,Jueves,0.0,16:15:00,,0.0,2,"Automóvil,Moto/Ciclomotor",J.J.Paso Y Gonzalez del Solar,3,1,0,0,2,0,0,,Calle,,ROSARIO,Rosario,Asfalto,No existe,II,Dentro,Urbana,Semáforo,Funciona,Recta,Bueno,S/D,Diurna,Otro,Lateral,S/D,Colisión,Otro,Vertical,Ninguna,Sin restricción,POINT (-60.737259800000004 -32.9209048),"['Paso', 'González del Solar']",2,Avenida Juan José Paso; González del Solar,-32.9209048,-60.7372598,55.0,538.0,Municipio Rosario,Municipio,Rosario,820210,Servicio de Catastro e Información Territorial,IGN
2017,7944,2017-10-14,Sabado,0.0,10:50:00,,0.0,2,"Pickup/Utilitario,Moto/Ciclomotor",Av. Eva Peron Y Sanchez de Loria,2,1,0,0,1,0,0,,Avenida,,ROSARIO,Rosario,Asfalto,Pavimento,II,Dentro,Urbana,Semáforo,Funciona,Recta,Bueno,Buena,Diurna,Otro,Lateral,S/D,Colisión,Otro,Vertical,Barrera de hormigón,Sin restricción,POINT (-60.73211405 -32.9295609),"['Avenida Eva Perón', 'Sánchez de Loria']",2,Avenida Eva Perón; Sánchez de Loria,-32.9295609,-60.73211405,55.0,538.0,Municipio Rosario,Municipio,Rosario,820210,Servicio de Catastro e Información Territorial,IGN
2017,7946,2017-10-17,Martes,0.0,15:30:00,,0.0,2,"Moto/Ciclomotor,Moto/Ciclomotor",J.J.Paso Y Donado,2,1,0,0,1,0,0,,Calle,,ROSARIO,Rosario,Asfalto,No existe,II,S/D,Urbana,Semáforo,Funciona,Recta,Resbaladiza,Buena,Diurna,Lluvia,Lateral,S/D,Colisión,Agua,Vertical,Ninguna,Sin restricción,POINT (-60.72775539999999 -32.92067259999999),"['Paso', 'Donado']",2,Avenida Juan José Paso; José Agustín Donado,-32.92067259999999,-60.72775539999999,55.0,538.0,Municipio Rosario,Municipio,Rosario,820210,Servicio de Catastro e Información Territorial,IGN
2017,7950,2017-10-23,Lunes,0.0,2:20:00,,0.0,2,"Moto/Ciclomotor,Automóvil",San Lorenzo Y Parana,2,1,0,0,1,0,0,,Calle,,ROSARIO,Rosario,Asfalto,No existe,II,Dentro,Urbana,Ninguna,No existe,Intersección,Bueno,Reducida,Nocturna,Buen Tiempo,Lateral,S/D,Colisión,Ninguna,Faltante,Ninguna,S/D,POINT (-60.69080019999999 -32.9346074),"['San Lorenzo', 'Paraná']",2,San Lorenzo; Paraná,-32.9346074,-60.69080019999999,55.0,538.0,Municipio Rosario,Municipio,Rosario,820210,Servicio de Catastro e Información Territorial,IGN
2017,7976,2017-12-04,Lunes,0.0,12:40:00,,0.0,2,"Peatón,Automóvil",Paraguay Y 3 De Febrero,3,2,0,0,0,0,1,,Calle,,ROSARIO,Rosario,Asfalto,S/D,II,S/D,Urbana,S/D,S/D,Recta,Bueno,Buena,Diurna,Buen Tiempo,S/D,Peatón,Atropello,S/D,S/D,S/D,S/D,POINT (-60.6453207 -32.95177),"['Paraguay', '3 de Febrero']",2,Paraguay; 3 de Febrero,-32.95177,-60.6453207,55.0,538.0,Municipio Rosario,Municipio,Rosario,820210,Servicio de Catastro e Información Territorial,IGN
2017,8023,2017-10-17,Martes,0.0,18:35:00,,0.0,2,"Automóvil,Moto/Ciclomotor",Av. Ovidio Lagos Y Garay,2,0,1,0,1,0,0,,Avenida,,ROSARIO,Rosario,Asfalto,No existe,II,Dentro,Urbana,Ninguna,No existe,Intersección,Bueno,Buena,Atardecer,Buen Tiempo,Lateral,S/D,Colisión,Ninguna,Faltante,Cordón divisorio,Sin restricción,POINT (-60.66824390000001 -32.970363899999995),"['Avenida Ovidio Lagos', 'Garay']",2,Avenida Ovidio Lagos; Juan de Garay,-32.970363899999995,-60.66824390000001,55.0,538.0,Municipio Rosario,Municipio,Rosario,820210,Servicio de Catastro e Información Territorial,IGN
2017,8026,2017-10-20,Viernes,0.0,11:40:00,,0.0,2,"Automóvil,Bicicleta",Bv. Oroño Y Fragata Sarmiento,2,1,0,0,1,0,0,,Avenida,,ROSARIO,Rosario,Asfalto,No existe,II,Dentro,Urbana,Ninguna,No existe,Recta,Bueno,Buena,Diurna,Buen Tiempo,S/D,Ciclista,Atropello,Ninguna,Horizontal,Ninguna,Sin restricción,POINT (-60.66505970000001 -32.99014039999999),"['Bulevar Nicasio Oroño', 'Fragata Sarmiento']",2,Bulevar Nicasio Oroño; Fragata Sarmiento,-32.99014039999999,-60.66505970000001,55.0,538.0,Municipio Rosario,Municipio,Rosario,820210,Servicio de Catastro e Información Territorial,IGN
2017,8029,2017-10-25,Miercoles,0.0,12:40:00,,0.0,2,"Automóvil,Moto/Ciclomotor",Entre Rios Y Ameghino,2,1,0,0,1,0,0,,Calle,,ROSARIO,Rosario,Asfalto,No existe,II,Dentro,Urbana,Ninguna,No existe,Intersección,Bueno,Buena,Diurna,Buen Tiempo,Lateral,S/D,Colisión,Ninguna,Faltante,Ninguna,Sin restricción,POINT (-60.6511862 -32.98661430000001),"['Entre Ríos', 'Ameghino']",2,Entre Ríos; Ameghino,-32.98661430000001,-60.6511862,55.0,538.0,Municipio Rosario,Municipio,Rosario,820210,Servicio de Catastro e Información Territorial,IGN