anio_acci,nro_acci,fecha,desc_dia,fecha_aprox,hora_aprox,desc_ruta,km,cant_participantes,desc_participante,calle_avenida_km,total,heridos_leves,heridos_graves,heridos_gravisimos,ilesos,fallecidos,sin_datos,posicion_XY,desc_tipo_via,desc_ruta_ori,desc_loc,desc_dpto,desc_tipo_calzada,desc_tipo_banquina,desc_unidad_regional,desc_lugar_calzada,desc_zona,desc_prioridad,desc_estado_semaforo,desc_lugar_via,desc_estado_via,desc_estado_visibilidad,desc_luminosidad,desc_estado_clima,desc_tipo_colision,desc_tipo_atropello,desc_tipo_hecho,desc_pres_calzada,desc_senializacion,desc_separacion_via,desc_restriccion,forma_geocod,calle_lista,numero_calles,calles_osm,lat,lon,index_right,gid,fna,gna,nam,in1,fdc,sag
2017,8032,2017-10-27,Viernes,0.0,12:30:00,,0.0,2,"Automóvil,Moto/Ciclomotor",Mariano Moreno Y Bv. Segui,2,1,0,0,1,0,0,,Avenida,,ROSARIO,Rosario,Asfalto,No existe,II,Dentro,Urbana,Ninguna,No existe,Intersección,Bueno,Buena,Diurna,Buen Tiempo,Lateral,S/D,Colisión,Ninguna,Faltante,Ninguna,Sin restricción,POINT (-60.658756600000004 -32.97685955),"['Mariano Moreno', 'Bulevar Juan Francisco Seguí']",2,Mariano Moreno; Bulevar Juan Francisco Seguí,-32.97685955,-60.6587566,55.0,538.0,Municipio Rosario,Municipio,Rosario,820210,Servicio de Catastro e Información Territorial,IGN
2017,8036,2017-10-28,Sabado,0.0,20:10:00,,0.0,2,"Moto/Ciclomotor,Automóvil",Pte.Quintana Y Bv. Oroño,2,2,0,0,0,0,0,,Calle,,ROSARIO,Rosario,S/D,S/D,II,Dentro,Urbana,S/D,S/D,S/D,S/D,S/D,S/D,S/D,S/D,S/D,S/D,S/D,S/D,S/D,S/D,POINT (-60.663744075000004 -32.990686375),"['Quintana', 'Bulevar Nicasio Oroño']",2,Presidente Quintana; Bulevar Nicasio Oroño,-32.990686375,-60.663744075,55.0,538.0,Municipio Rosario,Municipio,Rosario,820210,Servicio de Catastro e Información Territorial,IGN
2017,8037,2017-10-05,Jueves,0.0,16:40:00,,0.0,2,"Moto/Ciclomotor,Pickup/Utilitario",Av. Circunvalacion Y Cerrito,5,0,1,0,4,0,0,,Avenida,,ROSARIO,Rosario,Asfalto,No existe,II,Fuera,Urbana,S/D,No existe,Recta,Bueno,S/D,Diurna,S/D,Lateral,S/D,Colisión,S/D,Horizontal,Barrera de alto impacto,S/D,POINT (-60.721055500000006 -32.95357749999999),"['Circunvalacion', 'Cerrito']",2,"('Juan Pablo II', 'Cerrito')",-32.95357749999999,-60.721055500000006,55.0,538.0,Municipio Rosario,Municipio,Rosario,820210,Servicio de Catastro e Información Territorial,IGN
2017,8038,2017-10-21,Sabado,0.0,0:32:00,,0.0,2,"Moto/Ciclomotor,Automóvil",Bv. Segui Y Mariano Moreno,3,1,0,0,1,0,1,,Avenida,,ROSARIO,Rosario,Asfalto,No existe,II,Dentro,Urbana,Ninguna,No existe,Intersección,Bueno,Buena,Nocturna,Buen Tiempo,Lateral,S/D,Colisión,Ninguna,Faltante,Ninguna,Sin restricción,POINT (-60.658756600000004 -32.97685955),"['Bulevar Juan Francisco Seguí', 'Mariano Moreno']",2,Bulevar Juan Francisco Seguí; Mariano Moreno,-32.97685955,-60.6587566,55.0,538.0,Municipio Rosario,Municipio,Rosario,820210,Servicio de Catastro e Información Territorial,IGN
2017,8044,2017-10-23,Lunes,0.0,21:30:00,,0.0,2,"Automóvil,Bicicleta",Bv. Segui Y Av. Corrientes,2,1,0,0,1,0,0,,Avenida,,ROSARIO,Rosario,Asfalto,No existe,II,Dentro,Urbana,Ninguna,Funciona,Intersección,Bueno,Buena,"Nocturna,Con luz artificial",Buen Tiempo,S/D,Ciclista,Atropello,Ninguna,Vertical,Ninguna,Sin restricción,POINT (-60.65060229999999 -32.97832124999999),"['Bulevar Juan Francisco Seguí', 'Corrientes']",2,Bulevar Juan Francisco Seguí; Corrientes,-32.97832124999999,-60.65060229999999,55.0,538.0,Municipio Rosario,Municipio,Rosario,820210,Servicio de Catastro e Información Territorial,IGN
2017,8051,2017-10-24,Martes,0.0,7:30:00,,0.0,2,"Automóvil,Automóvil",Entre Rios Y Juan Canals,2,1,0,0,1,0,0,,Calle,,ROSARIO,Rosario,Asfalto,No existe,II,Dentro,Urbana,Ninguna,No existe,Intersección,Bueno,Buena,Diurna,Buen Tiempo,Lateral,S/D,Colisión,Ninguna,Faltante,Ninguna,Sin restricción,POINT (-60.651768 -32.988912099999986),"['Entre Ríos', 'Juan Canals']",2,Entre Ríos; Juan Canals,-32.988912099999986,-60.651768,55.0,538.0,Municipio Rosario,Municipio,Rosario,820210,Servicio de Catastro e Información Territorial,IGN
2017,8054,2017-10-24,Martes,0.0,8:20:00,,0.0,2,"Automóvil,Bicicleta",Uruguay Y Av. Corrientes,3,2,0,0,1,0,0,,Calle,,ROSARIO,Rosario,Asfalto,No existe,II,Dentro,Urbana,Ninguna,No existe,Intersección,Bueno,Buena,Diurna,Buen Tiempo,S/D,Ciclista,Atropello,Ninguna,Faltante,Ninguna,Sin restricción,POINT (-60.650026 -32.976060399999994),"['Uruguay', 'Corrientes']",2,Uruguay; Corrientes,-32.976060399999994,-60.650026,55.0,538.0,Municipio Rosario,Municipio,Rosario,820210,Servicio de Catastro e Información Territorial,IGN
2017,8057,2017-10-20,Viernes,0.0,14:20:00,,0.0,2,"Pickup/Utilitario,Moto/Ciclomotor",Caupolican Y Melincue,2,1,0,0,1,0,0,,Calle,,ROSARIO,Rosario,Asfalto,No existe,II,Dentro,Urbana,Ninguna,No existe,Intersección,Bueno,Buena,Diurna,Buen Tiempo,Lateral,S/D,Colisión,Ninguna,Faltante,Ninguna,Sin restricción,POINT (-60.6475719 -33.0098986),"['Caupolicán', 'Melincué']",2,Caupolicán; Melincué,-33.0098986,-60.6475719,55.0,538.0,Municipio Rosario,Municipio,Rosario,820210,Servicio de Catastro e Información Territorial,IGN
2017,8064,2017-10-17,Martes,0.0,22:15:00,,0.0,2,"Moto/Ciclomotor,Camión Chasis",Lamadrid 22:15,2,1,0,0,1,0,0,,Calle,,ROSARIO,Rosario,Asfalto,No existe,II,S/D,Urbana,Ninguna,No existe,Intersección,Bueno,Buena,Nocturna,Buen Tiempo,S/D,S/D,Colisión,Ninguna,Faltante,Barrera de hormigón,Sin restricción,"-32.9964408, -60.6268465",['Lamadrid 22:15'],1,Lamadrid 22:15,-32.9964408,-60.6268465,55.0,538.0,Municipio Rosario,Municipio,Rosario,820210,Servicio de Catastro e Información Territorial,IGN
2017,8067,2017-10-10,Martes,0.0,10:50:00,,0.0,1,Moto/Ciclomotor,Av. Arijon ,2,1,0,0,1,0,0,,Avenida,,ROSARIO,Rosario,Asfalto,No existe,II,S/D,Urbana,Ninguna,S/D,Intersección,Bueno,Buena,Diurna,Buen Tiempo,S/D,S/D,Colisión,Ninguna,Faltante,Barrera de hormigón,Sin restricción,"-33.0023231, -60.6252459",['Arijon'],1,Arijon,-33.0023231,-60.6252459,55.0,538.0,Municipio Rosario,Municipio,Rosario,820210,Servicio de Catastro e Información Territorial,IGN
2017,8072,2017-10-09,Lunes,0.0,18:10:00,,0.0,2,"Moto/Ciclomotor,Automóvil",J.M.Gutierrez Y Av. Belgrano,2,1,0,0,1,0,0,,Calle,,ROSARIO,Rosario,Asfalto,No existe,II,Dentro,Urbana,Ninguna,No existe,Intersección,Bueno,Buena,Diurna,Buen Tiempo,S/D,S/D,Colisión,Ninguna,Faltante,Barrera de hormigón,Sin restricción,POINT (-60.6184193 -32.993110899999984),"['Gutierrez', 'Belgrano']",2,Ricardo Gutierrez; Avenida Manuel Belgrano,-32.993110899999984,-60.6184193,55.0,538.0,Municipio Rosario,Municipio,Rosario,820210,Servicio de Catastro e Información Territorial,IGN
2017,8075,2017-10-01,Domingo,0.0,20:10:00,,0.0,2,"Moto/Ciclomotor,Automóvil",Bv. 27 De Febrero Y Pueyrredon,4,2,0,0,2,0,0,,Calle,,ROSARIO,Rosario,Asfalto,No existe,II,Dentro,Urbana,Ninguna,No existe,Recta,Bueno,Buena,"Nocturna,Con luz artificial",Buen Tiempo,De alcance,S/D,Colisión,Ninguna,Faltante,Cordón divisorio,Sin restricción,POINT (-60.6627028 -32.964221200000004),"['27 de Febrero', 'Pueyrredón']",2,Bulevar 27 de Febrero; Pueyrredón,-32.964221200000004,-60.6627028,55.0,538.0,Municipio Rosario,Municipio,Rosario,820210,Servicio de Catastro e Información Territorial,IGN
2017,8077,2017-10-07,Sabado,0.0,21:40:00,,0.0,2,"Automóvil,Moto/Ciclomotor",Av. Arijon Y España,3,1,0,0,2,0,0,,Calle,,ROSARIO,Rosario,Asfalto,No existe,II,Dentro,Urbana,Semáforo,Funciona,Intersección,Bueno,Buena,Nocturna,Buen Tiempo,Lateral,S/D,Colisión,Ninguna,Vertical,Línea divisoria pintada,Sin restricción,POINT (-60.657634699999996 -33.003316000000005),"['Avenida Manuel Arijón', 'España']",2,Avenida Manuel Arijón; España,-33.003316000000005,-60.6576347,55.0,538.0,Municipio Rosario,Municipio,Rosario,820210,Servicio de Catastro e Información Territorial,IGN
2017,8078,2017-10-03,Martes,0.0,15:15:00,,0.0,2,"Otros,Automóvil",Bv. 27 De Febrero Y Paraguay,2,1,0,0,1,0,0,,Avenida,,ROSARIO,Rosario,Asfalto,No existe,II,Dentro,Urbana,Semáforo,Funciona,Recta,Bueno,Buena,Diurna,Buen Tiempo,De alcance,S/D,Colisión,Ninguna,"Horizontal,Vertical",Cordón divisorio,Sin restricción,POINT (-60.64906305 -32.966597750000005),"['27 de Febrero', 'Paraguay']",2,Bulevar 27 de Febrero; Paraguay,-32.966597750000005,-60.64906305,55.0,538.0,Municipio Rosario,Municipio,Rosario,820210,Servicio de Catastro e Información Territorial,IGN
2017,8081,2017-10-03,Martes,0.0,12:10:00,,0.0,2,"Bicicleta,Automóvil",Av. Ovidio Lagos Y Ocampo,2,1,0,0,1,0,0,,Avenida,,ROSARIO,Rosario,Asfalto,No existe,II,S/D,Urbana,Ninguna,No existe,Intersección,Bueno,Buena,Diurna,Buen Tiempo,S/D,Ciclista,Atropello,Ninguna,Faltante,S/D,Sin restricción,POINT (-60.666322 -32.96231790000001),"['Avenida Ovidio Lagos', 'Ocampo']",2,Avenida Ovidio Lagos; Ocampo,-32.96231790000001,-60.666322,55.0,538.0,Municipio Rosario,Municipio,Rosario,820210,Servicio de Catastro e Información Territorial,IGN
2017,8084,2017-10-02,Lunes,0.0,16:40:00,,0.0,2,"Automóvil,Moto/Ciclomotor",Av. Jorge Cura Y Pueyrredon,4,0,0,3,1,0,0,,Calle,,ROSARIO,Rosario,Asfalto,No existe,II,Dentro,Urbana,Ninguna,No existe,Intersección,Bueno,Buena,Diurna,Buen Tiempo,Lateral,S/D,Colisión,Ninguna,Faltante,Ninguna,Sin restricción,POINT (-60.664293900000004 -32.970485800000006),"['Avenida Jorge Cura', 'Pueyrredón']",2,Avenida Jorge Cura; Pueyrredón,-32.970485800000006,-60.6642939,55.0,538.0,Municipio Rosario,Municipio,Rosario,820210,Servicio de Catastro e Información Territorial,IGN
2017,8085,2017-10-04,Miercoles,0.0,21:15:00,,0.0,2,"Moto/Ciclomotor,Moto/Ciclomotor",Av. Ovidio Lagos Y Rueda,3,2,1,0,0,0,0,,Avenida,,ROSARIO,Rosario,Asfalto,No existe,II,Dentro,Urbana,Ninguna,No existe,Intersección,Bueno,Buena,"Nocturna,Con luz artificial",Buen Tiempo,Lateral,S/D,Colisión,Ninguna,Faltante,Cordón divisorio,Sin restricción,POINT (-60.667435000000005 -32.96692475),"['Avenida Ovidio Lagos', 'Rueda']",2,Avenida Ovidio Lagos; Rueda,-32.96692475,-60.667435000000005,55.0,538.0,Municipio Rosario,Municipio,Rosario,820210,Servicio de Catastro e Información Territorial,IGN
2017,8088,2017-10-05,Jueves,0.0,16:50:00,,0.0,2,"Moto/Ciclomotor,Pickup/Utilitario",Riobamba Y Paraguay,4,2,0,0,2,0,0,,Calle,,ROSARIO,Rosario,Asfalto,No existe,II,Dentro,Urbana,Ninguna,No existe,Intersección,Bueno,Buena,Diurna,Buen Tiempo,Lateral,S/D,Colisión,Ninguna,Faltante,Ninguna,Sin restricción,POINT (-60.6479125 -32.962033299999995),"['Riobamba', 'Paraguay']",2,Riobamba; Paraguay,-32.962033299999995,-60.6479125,55.0,538.0,Municipio Rosario,Municipio,Rosario,820210,Servicio de Catastro e Información Territorial,IGN
2017,8091,2017-10-05,Jueves,0.0,20:10:00,,0.0,2,"Automóvil,Automóvil",Pueyrredon Y Pje. Curie,2,2,0,0,0,0,0,,Calle,,ROSARIO,Rosario,Asfalto,No existe,II,Dentro,Urbana,Ninguna,No existe,Intersección,Bueno,Buena,Diurna,Buen Tiempo,Lateral,S/D,Colisión,Ninguna,Horizontal,Ninguna,Sin restricción,POINT (-60.664009899999996 -32.969358),"['Pueyrredón', 'Pasaje Madame Curie']",2,Pueyrredón; Pasaje Madame Curie,-32.969358,-60.6640099,55.0,538.0,Municipio Rosario,Municipio,Rosario,820210,Servicio de Catastro e Información Territorial,IGN
2017,8094,2017-10-07,Sabado,0.0,12:00:00,,0.0,2,"Automóvil,Automóvil",San Martin Y Pasco,3,1,0,0,2,0,0,,Calle,,ROSARIO,Rosario,Asfalto,No existe,II,Dentro,Urbana,Ninguna,No existe,Intersección,Bueno,Buena,Diurna,Buen Tiempo,Lateral,S/D,Colisión,Ninguna,Faltante,Ninguna,Sin restricción,POINT (-60.64001 -32.959838399999995),"['San Martin', 'Pasco']",2,José de San Martín; Pasco,-32.959838399999995,-60.64001,55.0,538.0,Municipio Rosario,Municipio,Rosario,820210,Servicio de Catastro e Información Territorial,IGN
2017,8095,2017-07-10,Lunes,0.0,12:05:00,,0.0,2,"Automóvil,Moto/Ciclomotor",San Martin 4800,3,2,0,0,1,0,0,,Avenida,,ROSARIO,Rosario,Asfalto,Pavimento,II,Dentro,Urbana,Semáforo,Funciona,Recta,Bueno,Buena,Diurna,Buen Tiempo,Lateral,S/D,Colisión,Ninguna,Vertical,Cordón divisorio,Sin restricción,"-32.9621322, -60.6405848",['San Martin 4800'],1,San Martin 4800,-32.9621322,-60.6405848,55.0,538.0,Municipio Rosario,Municipio,Rosario,820210,Servicio de Catastro e Información Territorial,IGN
2017,8097,2017-10-08,Domingo,0.0,6:10:00,,0.0,2,"Automóvil,Automóvil",Av. Corrientes Y Pasco,4,1,0,0,3,0,0,,Calle,,ROSARIO,Rosario,Asfalto,No existe,II,Dentro,Urbana,Ninguna,No existe,Intersección,Bueno,Buena,Amanecer,Buen Tiempo,Frontal,S/D,Colisión,Ninguna,Faltante,S/D,Sin restricción,POINT (-60.6456329 -32.95882430000001),"['Corrientes', 'Pasco']",2,Corrientes; Pasco,-32.95882430000001,-60.6456329,55.0,538.0,Municipio Rosario,Municipio,Rosario,820210,Servicio de Catastro e Información Territorial,IGN
2017,8101,2017-10-09,Lunes,0.0,16:10:00,,0.0,2,"Moto/Ciclomotor,Moto/Ciclomotor",Pte.Roca Y Viamonte,3,2,0,0,1,0,0,,Calle,,ROSARIO,Rosario,Asfalto,No existe,II,S/D,Urbana,Ninguna,No existe,Intersección,Bueno,Buena,Diurna,Buen Tiempo,Frontal,S/D,Colisión,Ninguna,Faltante,Ninguna,Sin restricción,POINT (-60.6498661 -32.96411629999999),"['Roca', 'Viamonte']",2,Presidente Roca; Viamonte,-32.96411629999999,-60.6498661,55.0,538.0,Municipio Rosario,Municipio,Rosario,820210,Servicio de Catastro e Información Territorial,IGN
2017,8103,2017-10-19,Jueves,0.0,12:20:00,,0.0,2,"Taxi/Remis,Moto/Ciclomotor",Bv. Oroño Y Lugones,2,1,0,0,1,0,0,,Calle,,ROSARIO,Rosario,Asfalto,No existe,II,Dentro,Urbana,Semáforo,Funciona,Intersección,Bueno,Buena,Diurna,Buen Tiempo,Lateral,S/D,Colisión,Ninguna,Vertical,Ninguna,Sin restricción,POINT (-60.65693518333333 -32.95818631666667),"['Bulevar Nicasio Oroño', 'Lugones']",2,Bulevar Nicasio Oroño; Lorenzo Lugones,-32.95818631666667,-60.65693518333333,55.0,538.0,Municipio Rosario,Municipio,Rosario,820210,Servicio de Catastro e Información Territorial,IGN
2017,8105,2017-10-09,Lunes,0.0,18:20:00,,0.0,2,"Automóvil,Bicicleta",BRANDAZZA 2800,2,1,0,0,1,0,0,,Calle,,ROSARIO,Rosario,Asfalto,No existe,II,Dentro,Urbana,S/D,S/D,Recta,S/D,Buena,Diurna,Buen Tiempo,S/D,Ciclista,Atropello,Ninguna,S/D,Ninguna,Sin restricción,"-32.9670222, -60.6658731",['Brandazza 2800'],1,Brandazza 2800,-32.9670222,-60.6658731,55.0,538.0,Municipio Rosario,Municipio,Rosario,820210,Servicio de Catastro e Información Territorial,IGN
2017,8106,2017-10-09,Lunes,0.0,19:20:00,,0.0,2,"Automóvil,Moto/Ciclomotor",Rueda Y Santiago,3,2,0,0,1,0,0,,Calle,,ROSARIO,Rosario,Asfalto,No existe,II,S/D,Urbana,Ninguna,No existe,Intersección,Bueno,Buena,Atardecer,Buen Tiempo,Lateral,S/D,Colisión,Ninguna,Faltante,Ninguna,Sin restricción,POINT (-60.662161 -32.96788249999999),"['Rueda', 'Santiago']",2,Rueda; Santiago,-32.96788249999999,-60.662161,55.0,538.0,Municipio Rosario,Municipio,Rosario,820210,Servicio de Catastro e Información Territorial,IGN
2017,8111,2017-10-09,Lunes,0.0,18:00:00,,0.0,2,"Automóvil,Automóvil",Sarmiento Y Virasoro,3,1,0,0,2,0,0,,Calle,,ROSARIO,Rosario,Asfalto,No existe,II,Dentro,Urbana,Semáforo,Funciona,Intersección,Bueno,Buena,Diurna,Buen Tiempo,De alcance,S/D,Colisión,Ninguna,"Horizontal,Vertical",Ninguna,Sin restricción,POINT (-60.6440624 -32.969927),"['Sarmiento', 'Virasoro']",2,Sarmiento; Benjamín Virasoro,-32.969927,-60.6440624,55.0,538.0,Municipio Rosario,Municipio,Rosario,820210,Servicio de Catastro e Información Territorial,IGN
2017,8112,2017-10-10,Martes,0.0,13:35:00,,0.0,2,"Bicicleta,Automóvil",Galvez Y Santiago,2,1,0,0,1,0,0,,Calle,,ROSARIO,Rosario,Asfalto,No existe,II,Dentro,Urbana,S/D,No existe,Intersección,Bueno,Buena,Diurna,Buen Tiempo,S/D,Ciclista,Atropello,Ninguna,Faltante,Ninguna,Sin restricción,POINT (-60.661587 -32.9655974),"['Galvez', 'Santiago']",2,José Gálvez; Santiago,-32.9655974,-60.661587,55.0,538.0,Municipio Rosario,Municipio,Rosario,820210,Servicio de Catastro e Información Territorial,IGN
2017,8113,2017-10-12,Jueves,0.0,12:30:00,,0.0,2,"Moto/Ciclomotor,Pickup/Utilitario",Cochabamba Y Av. Corrientes,2,1,0,0,1,0,0,,Calle,,ROSARIO,Rosario,Asfalto,No existe,II,Dentro,Urbana,Ninguna,No existe,Recta,Bueno,Buena,Diurna,Buen Tiempo,De alcance,S/D,Colisión,Ninguna,Horizontal,Ninguna,Sin restricción,POINT (-60.6453441 -32.9576917),"['Cochabamba', 'Corrientes']",2,Cochabamba; Corrientes,-32.9576917,-60.6453441,55.0,538.0,Municipio Rosario,Municipio,Rosario,820210,Servicio de Catastro e Información Territorial,IGN
2017,8114,2017-10-12,Jueves,0.0,19:40:00,,0.0,2,"Automóvil,Peatón",Mitre Y Cerrito,2,1,0,0,1,0,0,,Calle,,ROSARIO,Rosario,Asfalto,No existe,II,Dentro,Urbana,Ninguna,No existe,Intersección,Bueno,Reducida,"Atardecer,Con luz artificial",Otro,S/D,S/D,Atropello,Fluidos,Faltante,Ninguna,Sin restricción,POINT (-60.6434414 -32.96161829999999),"['Mitre', 'Cerrito']",2,Bartolomé Mitre; Cerrito,-32.96161829999999,-60.6434414,55.0,538.0,Municipio Rosario,Municipio,Rosario,820210,Servicio de Catastro e Información Territorial,IGN
2017,8115,2017-10-12,Jueves,0.0,15:10:00,,0.0,2,"Moto/Ciclomotor,Automóvil",Ocampo Y Pje. Amelong,2,1,0,0,1,0,0,,Calle,,ROSARIO,Rosario,Asfalto,No existe,II,S/D,Urbana,Ninguna,No existe,Intersección,Bueno,Buena,Diurna,Buen Tiempo,Frontal,S/D,Colisión,Ninguna,Faltante,Ninguna,Sin restricción,POINT (-60.6424273 -32.966598100000006),"['Ocampo', 'Amelong']",2,Ocampo; Amelong,-32.966598100000006,-60.6424273,55.0,538.0,Municipio Rosario,Municipio,Rosario,820210,Servicio de Catastro e Información Territorial,IGN
2017,8116,2017-10-12,Jueves,0.0,12:00:00,,0.0,2,"Automóvil,Automóvil",Sarmiento Y Riobamba,2,1,0,0,1,0,0,,Calle,,ROSARIO,Rosario,Asfalto,No existe,II,S/D,Urbana,S/D,No existe,Intersección,Bueno,Buena,Diurna,Buen Tiempo,S/D,S/D,Colisión,Ninguna,Faltante,Ninguna,Sin restricción,POINT (-60.642316799999996 -32.9630352),"['Sarmiento', 'Riobamba']",2,Sarmiento; Riobamba,-32.9630352,-60.6423168,55.0,538.0,Municipio Rosario,Municipio,Rosario,820210,Servicio de Catastro e Información Territorial,IGN
2017,8117,2017-10-14,Sabado,0.0,21:45:00,,0.0,2,"Automóvil,Moto/Ciclomotor",Av. Pellegrini Y Italia,2,1,0,0,1,0,0,,Avenida,,ROSARIO,Rosario,Asfalto,No existe,II,Dentro,Urbana,Semáforo,Funciona,Intersección,Bueno,Buena,"Nocturna,Con luz artificial",Buen Tiempo,Lateral,S/D,Colisión,Ninguna,Vertical,"Cordón divisorio,Vegetación",Sin restricción,POINT (-60.650600100000005 -32.955561700000004),"['Pellegrini', 'Italia']",2,Avenida Carlos Pellegrini; Italia,-32.955561700000004,-60.650600100000005,55.0,538.0,Municipio Rosario,Municipio,Rosario,820210,Servicio de Catastro e Información Territorial,IGN
2017,8118,2017-10-18,Miercoles,0.0,17:50:00,,0.0,2,"Pickup/Utilitario,Moto/Ciclomotor",Av. Ovidio Lagos Y Rueda,2,1,0,0,1,0,0,,Avenida,,ROSARIO,Rosario,Asfalto,No existe,II,Dentro,Urbana,Semáforo,Funciona,Intersección,Bueno,Buena,Diurna,Buen Tiempo,Lateral,S/D,Colisión,Ninguna,Vertical,Cordón divisorio,Sin restricción,POINT (-60.667435000000005 -32.96692475),"['Avenida Ovidio Lagos', 'Rueda']",2,Avenida Ovidio Lagos; Rueda,-32.96692475,-60.667435000000005,55.0,538.0,Municipio Rosario,Municipio,Rosario,820210,Servicio de Catastro e Información Territorial,IGN
2017,8119,2017-10-20,Viernes,0.0,11:00:00,,0.0,2,"Automóvil,Pickup/Utilitario",Bv. 27 De Febrero Y Suipacha,2,1,0,0,1,0,0,,Avenida,,ROSARIO,Rosario,Asfalto,No existe,II,Dentro,Urbana,Semáforo,Funciona,Recta,Bueno,Buena,Diurna,Buen Tiempo,De alcance,S/D,Colisión,Ninguna,"Horizontal,Vertical",Cordón divisorio,Sin restricción,POINT (-60.669517549999995 -32.96294309999999),"['27 de Febrero', 'Suipacha']",2,Bulevar 27 de Febrero; Suipacha,-32.96294309999999,-60.66951755,55.0,538.0,Municipio Rosario,Municipio,Rosario,820210,Servicio de Catastro e Información Territorial,IGN
2017,8120,2017-07-02,Domingo,0.0,17:40:00,,0.0,2,"Bicicleta,Automóvil",Saavedra Y Mitre,2,1,0,0,1,0,0,,Calle,,ROSARIO,Rosario,Asfalto,No existe,II,Fuera,Urbana,Ninguna,No existe,Intersección,Bueno,Buena,Diurna,Buen Tiempo,S/D,Ciclista,Atropello,Ninguna,Faltante,Ninguna,Sin restricción,POINT (-60.64743719999999 -32.977708099999994),"['Saavedra', 'Mitre']",2,Saavedra; Bartolomé Mitre,-32.977708099999994,-60.64743719999999,55.0,538.0,Municipio Rosario,Municipio,Rosario,820210,Servicio de Catastro e Información Territorial,IGN
2017,8122,2017-10-20,Viernes,0.0,11:00:00,,0.0,3,"Automóvil,Automóvil,Automóvil",Av. Pellegrini Y Av. Ovidio Lagos,3,1,0,0,2,0,0,,Avenida,,ROSARIO,Rosario,Asfalto,No existe,II,S/D,Urbana,Semáforo,Funciona,Recta,Bueno,Buena,Diurna,Buen Tiempo,Múltiple,S/D,Colisión,Ninguna,Vertical,Cordón divisorio,Sin restricción,POINT (-60.664182350000004 -32.953107599999996),"['Pellegrini', 'Avenida Ovidio Lagos']",2,Avenida Carlos Pellegrini; Avenida Ovidio Lagos,-32.9531076,-60.66418235,55.0,538.0,Municipio Rosario,Municipio,Rosario,820210,Servicio de Catastro e Información Territorial,IGN
2017,8173,2017-10-05,Jueves,0.0,19:30:00,,0.0,2,"Moto/Ciclomotor,Automóvil",J.J.Paso Y Larrea,3,1,0,0,2,0,0,,Calle,,ROSARIO,Rosario,Asfalto,No existe,II,S/D,Urbana,Ninguna,No existe,Recta,Bueno,Buena,Atardecer,Buen Tiempo,Lateral,S/D,Colisión,Ninguna,Horizontal,Línea divisoria pintada,Sin restricción,POINT (-60.69799725 -32.91979094999999),"['Paso', 'Larrea']",2,Avenida Juan José Paso; Larrea,-32.91979094999999,-60.69799725,55.0,538.0,Municipio Rosario,Municipio,Rosario,820210,Servicio de Catastro e Información Territorial,IGN
2017,8176,2017-10-07,Sabado,0.0,15:45:00,,0.0,2,"Automóvil,Moto/Ciclomotor",Magallanes Y G.Carrasco,4,2,0,0,2,0,0,,Calle,,ROSARIO,Rosario,Asfalto,No existe,II,Dentro,Urbana,Ninguna,No existe,Recta,Bueno,Buena,Diurna,Buen Tiempo,Otro,S/D,Colisión,Ninguna,Faltante,Ninguna,Sin restricción,POINT (-60.7053228 -32.92077230000001),"['Magallanes', 'Carrasco']",2,Magallanes; Omar Carrasco,-32.92077230000001,-60.7053228,55.0,538.0,Municipio Rosario,Municipio,Rosario,820210,Servicio de Catastro e Información Territorial,IGN
2017,8177,2017-10-14,Sabado,0.0,12:00:00,,0.0,2,"Automóvil,Taxi/Remis",Laprida Y Riobamba,6,2,0,0,4,0,0,,Calle,,ROSARIO,Rosario,Asfalto,No existe,II,Dentro,Urbana,S/D,No existe,Intersección,S/D,S/D,Diurna,S/D,Lateral,S/D,Colisión,Ninguna,Faltante,Ninguna,S/D,POINT (-60.6384293 -32.9637312),"['Laprida', 'Riobamba']",2,Francisco Narciso Laprida; Riobamba,-32.9637312,-60.6384293,55.0,538.0,Municipio Rosario,Municipio,Rosario,820210,Servicio de Catastro e Información Territorial,IGN
2017,8178,2017-10-28,Sabado,0.0,12:05:00,,0.0,2,"Peatón,Automóvil",Mariano Moreno Y Cordoba,2,1,0,0,1,0,0,,Calle,,ROSARIO,Rosario,Asfalto,No existe,II,S/D,Urbana,Marca Vial,No existe,Intersección,S/D,S/D,Diurna,S/D,S/D,Peatón,Atropello,S/D,Horizontal,Ninguna,S/D,POINT (-60.650609200000005 -32.944206400000006),"['Mariano Moreno', 'Córdoba']",2,Mariano Moreno; Córdoba,-32.944206400000006,-60.650609200000005,55.0,538.0,Municipio Rosario,Municipio,Rosario,820210,Servicio de Catastro e Información Territorial,IGN
2017,8180,2017-10-04,Miercoles,0.0,13:30:00,,0.0,2,"Transporte de Pasajeros Urbano (> 8 asientos),Moto/Ciclomotor",J.M.de Rosas Y San Luis,2,0,1,0,1,0,0,,Calle,,ROSARIO,Rosario,Asfalto,No existe,II,S/D,Urbana,Paso Peatonal,No existe,Intersección,S/D,S/D,Diurna,S/D,Múltiple,S/D,Colisión,S/D,Horizontal,Ninguna,S/D,POINT (-60.6318573 -32.9502852),"['De Rosas', 'San Luis']",2,Juan Manuel de Rosas; San Luis,-32.9502852,-60.6318573,55.0,538.0,Municipio Rosario,Municipio,Rosario,820210,Servicio de Catastro e Información Territorial,IGN