anio_acci,nro_acci,fecha,desc_dia,fecha_aprox,hora_aprox,desc_ruta,km,cant_participantes,desc_participante,calle_avenida_km,total,heridos_leves,heridos_graves,heridos_gravisimos,ilesos,fallecidos,sin_datos,posicion_XY,desc_tipo_via,desc_ruta_ori,desc_loc,desc_dpto,desc_tipo_calzada,desc_tipo_banquina,desc_unidad_regional,desc_lugar_calzada,desc_zona,desc_prioridad,desc_estado_semaforo,desc_lugar_via,desc_estado_via,desc_estado_visibilidad,desc_luminosidad,desc_estado_clima,desc_tipo_colision,desc_tipo_atropello,desc_tipo_hecho,desc_pres_calzada,desc_senializacion,desc_separacion_via,desc_restriccion,forma_geocod,calle_lista,numero_calles,calles_osm,lat,lon,index_right,gid,fna,gna,nam,in1,fdc,sag
2017,8181,2017-10-10,Martes,0.0,14:50:00,,0.0,2,"Transporte de Pasajeros Urbano (> 8 asientos),Automóvil",Bv. Oroño Y Santa Fe,9,7,0,0,1,0,1,,Calle,,ROSARIO,Rosario,Asfalto,No existe,II,Dentro,Urbana,Semáforo,Funciona,Intersección,Bueno,Buena,Diurna,Buen Tiempo,Lateral,S/D,Colisión,Ninguna,"Horizontal,Vertical",Cordón divisorio,Sin restricción,POINT (-60.65298555 -32.94236794999999),"['Bulevar Nicasio Oroño', 'Santa Fe']",2,Bulevar Nicasio Oroño; Santa Fe,-32.94236794999999,-60.65298555,55.0,538.0,Municipio Rosario,Municipio,Rosario,820210,Servicio de Catastro e Información Territorial,IGN
2017,8182,2017-10-08,Domingo,0.0,20:00:00,,0.0,2,"Moto/Ciclomotor,Moto/Ciclomotor",Mejico Y J.J.Paso,3,1,0,0,2,0,0,,Avenida,,ROSARIO,Rosario,Asfalto,No existe,II,Dentro,Urbana,Ninguna,No existe,Recta,Bueno,Buena,Nocturna,Buen Tiempo,Otro,S/D,Colisión,Ninguna,Faltante,"Cordón divisorio,Línea divisoria pintada",Sin restricción,POINT (-60.7193214 -32.920441249999996),"['Mejico', 'Paso']",2,Méjico; Avenida Juan José Paso,-32.92044125,-60.7193214,55.0,538.0,Municipio Rosario,Municipio,Rosario,820210,Servicio de Catastro e Información Territorial,IGN
2017,8183,2017-10-10,Martes,0.0,10:30:00,,0.0,2,"Peatón,Automóvil",3 De Febrero Y J.M.de Rosas,3,1,0,0,2,0,0,,Calle,,ROSARIO,Rosario,Asfalto,No existe,II,S/D,Urbana,Marca Vial,No existe,Intersección,S/D,S/D,Diurna,S/D,S/D,Peatón,Atropello,S/D,Horizontal,Ninguna,S/D,POINT (-60.6327946 -32.9539546),"['3 de Febrero', 'De Rosas']",2,3 de Febrero; Juan Manuel de Rosas,-32.9539546,-60.6327946,55.0,538.0,Municipio Rosario,Municipio,Rosario,820210,Servicio de Catastro e Información Territorial,IGN
2017,8184,2017-10-18,Miercoles,0.0,18:20:00,,0.0,2,"Moto/Ciclomotor,Automóvil",J.B.Justo Y Bolivia,3,1,0,0,2,0,0,,Calle,,ROSARIO,Rosario,Asfalto,No existe,II,Dentro,Urbana,Ninguna,No existe,Recta,Bueno,Buena,Atardecer,Buen Tiempo,Otro,S/D,Colisión,Ninguna,Faltante,Ninguna,Sin restricción,POINT (-60.71417160000001 -32.93347289999999),"['Justo', 'Bolivia']",2,"('Justo José de Urquiza', 'Bolivia')",-32.93347289999999,-60.71417160000001,55.0,538.0,Municipio Rosario,Municipio,Rosario,820210,Servicio de Catastro e Información Territorial,IGN
2017,8185,2017-10-10,Martes,0.0,12:20:00,,0.0,2,"Bicicleta,Automóvil",Mendoza Y Sarmiento,4,1,0,0,3,0,0,,Calle,,ROSARIO,Rosario,Asfalto,No existe,II,S/D,Urbana,Marca Vial,No existe,Intersección,S/D,S/D,Diurna,S/D,S/D,Ciclista,Atropello,S/D,Horizontal,Ninguna,S/D,POINT (-60.6394302 -32.9514704),"['Mendoza', 'Sarmiento']",2,Mendoza; Sarmiento,-32.9514704,-60.6394302,55.0,538.0,Municipio Rosario,Municipio,Rosario,820210,Servicio de Catastro e Información Territorial,IGN
2017,8186,2017-10-14,Sabado,0.0,15:30:00,,0.0,2,"Moto/Ciclomotor,Peatón",J.B.Justo Y Bolivia,2,2,0,0,0,0,0,,Calle,,ROSARIO,Rosario,Asfalto,No existe,II,S/D,Urbana,Ninguna,No existe,Recta,Bueno,Buena,Diurna,Buen Tiempo,S/D,Peatón,Atropello,Ninguna,Faltante,Ninguna,Sin restricción,POINT (-60.71417160000001 -32.93347289999999),"['Justo', 'Bolivia']",2,"('Justo José de Urquiza', 'Bolivia')",-32.93347289999999,-60.71417160000001,55.0,538.0,Municipio Rosario,Municipio,Rosario,820210,Servicio de Catastro e Información Territorial,IGN
2017,8187,2017-10-04,Miercoles,0.0,0:25:00,,0.0,2,"Automóvil,Moto/Ciclomotor",Bv. Oroño Y Catamarca,2,0,1,0,1,0,0,,Avenida,,ROSARIO,Rosario,Asfalto,No existe,II,S/D,Urbana,Marca Vial,No existe,Intersección,S/D,S/D,"Nocturna,Con luz artificial",S/D,S/D,S/D,Colisión,S/D,Horizontal,Cordón divisorio,S/D,POINT (-60.651806750000006 -32.9378818),"['Bulevar Nicasio Oroño', 'Catamarca']",2,Bulevar Nicasio Oroño; Catamarca,-32.9378818,-60.651806750000006,55.0,538.0,Municipio Rosario,Municipio,Rosario,820210,Servicio de Catastro e Información Territorial,IGN
2017,8188,2017-10-18,Miercoles,0.0,15:20:00,,0.0,2,"Automóvil,Automóvil",Bv. 27 De Febrero Y Ayacucho,2,1,0,0,1,0,0,,Avenida,,ROSARIO,Rosario,Asfalto,No existe,II,Dentro,Urbana,Ninguna,No existe,Intersección,Bueno,Buena,Diurna,Buen Tiempo,De alcance,S/D,Colisión,S/D,Vertical,S/D,Sin restricción,POINT (-60.6322277 -32.96960704999999),"['27 de Febrero', 'Ayacucho']",2,Bulevar 27 de Febrero; Ayacucho,-32.96960704999999,-60.6322277,55.0,538.0,Municipio Rosario,Municipio,Rosario,820210,Servicio de Catastro e Información Territorial,IGN
2017,8189,2017-10-02,Lunes,0.0,20:20:00,,0.0,2,"Moto/Ciclomotor,Automóvil",Alvear Y Rioja,3,1,0,0,2,0,0,,Calle,,ROSARIO,Rosario,Asfalto,No existe,II,S/D,Urbana,Semáforo,Funciona,Intersección,S/D,S/D,"Nocturna,Con luz artificial",S/D,S/D,S/D,Colisión,S/D,"Horizontal,Vertical",Ninguna,S/D,POINT (-60.6549371 -32.944610199999985),"['Alvear', 'Rioja']",2,Alvear; Rioja,-32.944610199999985,-60.6549371,55.0,538.0,Municipio Rosario,Municipio,Rosario,820210,Servicio de Catastro e Información Territorial,IGN
2017,8191,2017-10-26,Jueves,0.0,17:30:00,,0.0,2,"Pickup/Utilitario,Moto/Ciclomotor",E.Zeballos Y Colon,2,1,0,0,1,0,0,,Calle,,ROSARIO,Rosario,Asfalto,No existe,II,Dentro,Urbana,Ninguna,No existe,Intersección,Bueno,Buena,Diurna,Buen Tiempo,Lateral,S/D,Colisión,S/D,Faltante,Ninguna,Sin restricción,POINT (-60.627751800000006 -32.9573933),"['Zeballos', 'Colon']",2,Zeballos; Cristóbal Colón,-32.9573933,-60.627751800000006,55.0,538.0,Municipio Rosario,Municipio,Rosario,820210,Servicio de Catastro e Información Territorial,IGN
2017,8193,2017-10-16,Lunes,0.0,23:25:00,,0.0,2,"Automóvil,Moto/Ciclomotor",Ayacucho Y Av. Pellegrini,2,1,0,0,1,0,0,,Avenida,,ROSARIO,Rosario,Asfalto,No existe,II,S/D,Urbana,Semáforo,Funciona,Intersección,S/D,S/D,"Nocturna,Con luz artificial",S/D,S/D,S/D,Colisión,S/D,"Horizontal,Vertical",Cordón divisorio,S/D,POINT (-60.6296377 -32.959329849999996),"['Ayacucho', 'Pellegrini']",2,Ayacucho; Avenida Carlos Pellegrini,-32.95932985,-60.6296377,55.0,538.0,Municipio Rosario,Municipio,Rosario,820210,Servicio de Catastro e Información Territorial,IGN
2017,8194,2017-10-13,Viernes,0.0,12:50:00,,0.0,2,"Automóvil,Transporte de Pasajeros Urbano (> 8 asientos)",Bv. Oroño Y Av. Pellegrini,2,1,0,0,1,0,0,,Avenida,,ROSARIO,Rosario,Asfalto,No existe,II,S/D,Urbana,Semáforo,Funciona,Rotonda,Bueno,Buena,Diurna,S/D,Lateral,S/D,Colisión,Ninguna,"Horizontal,Vertical",Cordón divisorio,S/D,POINT (-60.656023850000004 -32.95457175),"['Bulevar Nicasio Oroño', 'Pellegrini']",2,Bulevar Nicasio Oroño; Avenida Carlos Pellegrini,-32.95457175,-60.65602385,55.0,538.0,Municipio Rosario,Municipio,Rosario,820210,Servicio de Catastro e Información Territorial,IGN
2017,8195,2017-10-20,Viernes,0.0,16:00:00,,0.0,2,"Moto/Ciclomotor,Bicicleta",Av. Corrientes Y Bv. 27 De Febrero,2,0,1,0,1,0,0,,Avenida,,ROSARIO,Rosario,Asfalto,No existe,II,Dentro,Urbana,Semáforo,Funciona,Recta,Bueno,Buena,Diurna,Buen Tiempo,S/D,Ciclista,Atropello,Ninguna,Vertical,Ninguna,Sin restricción,POINT (-60.64767495000001 -32.9668455),"['Corrientes', '27 de Febrero']",2,Corrientes; Bulevar 27 de Febrero,-32.9668455,-60.64767495000001,55.0,538.0,Municipio Rosario,Municipio,Rosario,820210,Servicio de Catastro e Información Territorial,IGN
2017,8197,2017-10-17,Martes,0.0,9:00:00,,0.0,2,"Bicicleta,Ambulancia",San Martin Y Av. Pellegrini,2,1,0,0,1,0,0,,Avenida,,ROSARIO,Rosario,Asfalto,No existe,II,S/D,Urbana,Semáforo,Funciona,Intersección,S/D,S/D,Amanecer,S/D,S/D,Ciclista,Atropello,S/D,"Horizontal,Vertical",Línea divisoria pintada,S/D,POINT (-60.68038573333334 -32.9696798),"['San Martin', 'Pellegrini']",2,José de San Martín; Avenida Carlos Pellegrini,-32.9696798,-60.68038573333334,55.0,538.0,Municipio Rosario,Municipio,Rosario,820210,Servicio de Catastro e Información Territorial,IGN
2017,8198,2017-10-07,Sabado,0.0,19:00:00,,0.0,2,"Automóvil,Peatón",Pte.Roca Y Urquiza,2,1,0,0,1,0,0,,Calle,,ROSARIO,Rosario,Asfalto,No existe,II,S/D,Urbana,Marca Vial,No existe,Intersección,S/D,S/D,Diurna,S/D,S/D,Peatón,Atropello,S/D,Horizontal,S/D,S/D,POINT (-60.6442177 -32.9417364),"['Roca', 'Urquiza']",2,Presidente Roca; Justo José de Urquiza,-32.9417364,-60.6442177,55.0,538.0,Municipio Rosario,Municipio,Rosario,820210,Servicio de Catastro e Información Territorial,IGN
2017,8199,2017-10-13,Viernes,0.0,11:30:00,,0.0,2,"Bicicleta,Automóvil",Montevideo Y Av. Corrientes,2,1,0,0,1,0,0,,Calle,,ROSARIO,Rosario,Asfalto,No existe,II,S/D,Urbana,Semáforo,Funciona,Intersección,S/D,S/D,Diurna,S/D,S/D,Ciclista,Atropello,S/D,"Horizontal,Vertical",Línea divisoria pintada,S/D,POINT (-60.644775499999994 -32.9553865),"['Montevideo', 'Corrientes']",2,Montevideo; Corrientes,-32.9553865,-60.6447755,55.0,538.0,Municipio Rosario,Municipio,Rosario,820210,Servicio de Catastro e Información Territorial,IGN
2017,8200,2017-10-20,Viernes,0.0,16:40:00,,0.0,2,"Vehículo Oficial,Moto/Ciclomotor",Cochabamba Y Dorrego,5,1,0,0,2,0,2,,Calle,,ROSARIO,Rosario,Asfalto,No existe,II,Dentro,Urbana,Señal Pare,No existe,Intersección,Bueno,Buena,Diurna,Buen Tiempo,Lateral,S/D,Colisión,Ninguna,Vertical,Ninguna,Sin restricción,POINT (-60.652221 -32.9564558),"['Cochabamba', 'Dorrego']",2,Cochabamba; Manuel Dorrego,-32.9564558,-60.652221,55.0,538.0,Municipio Rosario,Municipio,Rosario,820210,Servicio de Catastro e Información Territorial,IGN
2017,8201,2017-10-13,Viernes,0.0,8:00:00,,0.0,2,"Automóvil,Automóvil",Sgto Cabral ,2,1,0,0,1,0,0,,Calle,,ROSARIO,Rosario,Asfalto,No existe,II,S/D,Urbana,Semáforo,Funciona,Intersección,S/D,S/D,Amanecer,S/D,Lateral,S/D,Colisión,S/D,"Horizontal,Vertical",Cordón divisorio,S/D,"-32.9433901, -60.6339945",['Sargento Cabral'],1,Sargento Cabral,-32.9433901,-60.6339945,55.0,538.0,Municipio Rosario,Municipio,Rosario,820210,Servicio de Catastro e Información Territorial,IGN
2017,8202,2017-10-27,Viernes,0.0,7:50:00,,0.0,2,"Automóvil,Moto/Ciclomotor",Ayacucho Y Montevideo,2,1,0,0,1,0,0,,Calle,,ROSARIO,Rosario,Asfalto,No existe,II,S/D,Urbana,Señal Pare,No existe,Intersección,S/D,S/D,Diurna,S/D,S/D,S/D,Colisión,S/D,Horizontal,Ninguna,S/D,POINT (-60.629323799999995 -32.9581269),"['Ayacucho', 'Montevideo']",2,Ayacucho; Montevideo,-32.9581269,-60.6293238,55.0,538.0,Municipio Rosario,Municipio,Rosario,820210,Servicio de Catastro e Información Territorial,IGN
2017,8203,2017-10-28,Sabado,0.0,20:50:00,,0.0,2,"Moto/Ciclomotor,Peatón",Dorrego Y Cordoba,2,1,0,0,1,0,0,,Calle,,ROSARIO,Rosario,Asfalto,No existe,II,S/D,Urbana,Marca Vial,No existe,Intersección,S/D,S/D,"Nocturna,Con luz artificial",S/D,S/D,Peatón,Atropello,S/D,Horizontal,Ninguna,S/D,POINT (-60.64918180000001 -32.94445519999999),"['Dorrego', 'Córdoba']",2,Manuel Dorrego; Córdoba,-32.94445519999999,-60.64918180000001,55.0,538.0,Municipio Rosario,Municipio,Rosario,820210,Servicio de Catastro e Información Territorial,IGN
2017,8204,2017-10-27,Viernes,0.0,9:00:00,,0.0,2,"Automóvil,Camión Chasis",Mitre Y Urquiza,2,1,0,0,1,0,0,,Calle,,ROSARIO,Rosario,Asfalto,No existe,II,S/D,Urbana,Paso Peatonal,No existe,Intersección,S/D,S/D,Amanecer,S/D,S/D,S/D,Colisión,S/D,Horizontal,Línea divisoria pintada,S/D,POINT (-60.6386903 -32.94275089999999),"['Mitre', 'Urquiza']",2,"('Bartolomé Mitre', 'Justo José de Urquiza')",-32.94275089999999,-60.6386903,55.0,538.0,Municipio Rosario,Municipio,Rosario,820210,Servicio de Catastro e Información Territorial,IGN
2017,8205,2017-10-18,Miercoles,0.0,7:50:00,,0.0,2,"Moto/Ciclomotor,Automóvil",Buenos Aires Y Ituzaingo,2,0,1,0,1,0,0,,Calle,,ROSARIO,Rosario,Asfalto,No existe,II,Dentro,Urbana,Ninguna,No existe,Intersección,Bueno,Buena,Amanecer,Buen Tiempo,Lateral,S/D,Colisión,Ninguna,Faltante,Ninguna,Sin restricción,POINT (-60.636284800000006 -32.9616928),"['Buenos Aires', 'Ituzaingó']",2,Buenos Aires; Ituzaingó,-32.9616928,-60.636284800000006,55.0,538.0,Municipio Rosario,Municipio,Rosario,820210,Servicio de Catastro e Información Territorial,IGN
2017,8206,2017-10-29,Domingo,0.0,8:45:00,,0.0,1,Automóvil,Pte.Roca Y Av. Wheelwright,1,1,0,0,0,0,0,,Avenida,,ROSARIO,Rosario,Asfalto,No existe,II,S/D,Urbana,Semáforo,Funciona,Intersección,S/D,S/D,Diurna,S/D,Contra objeto fijo,S/D,Colisión,S/D,"Horizontal,Vertical",Ninguna,S/D,POINT (-60.6427887 -32.9358766),"['Roca', 'Avenida Guillermo Wheelwright']",2,Presidente Roca; Avenida Guillermo Wheelwright,-32.9358766,-60.6427887,55.0,538.0,Municipio Rosario,Municipio,Rosario,820210,Servicio de Catastro e Información Territorial,IGN
2017,8207,2017-10-11,Miercoles,0.0,3:35:00,,0.0,2,"Taxi/Remis,Automóvil",San Juan Y Sarmiento,4,2,0,0,2,0,0,,Calle,,ROSARIO,Rosario,Asfalto,No existe,II,Dentro,Urbana,Marca Vial,No existe,Intersección,S/D,S/D,Nocturna,S/D,S/D,S/D,Colisión,S/D,Horizontal,Ninguna,S/D,POINT (-60.6391042 -32.950156699999994),"['San Juan', 'Sarmiento']",2,San Juan; Sarmiento,-32.950156699999994,-60.6391042,55.0,538.0,Municipio Rosario,Municipio,Rosario,820210,Servicio de Catastro e Información Territorial,IGN
2017,8208,2017-10-16,Lunes,0.0,0:20:00,,0.0,2,"Pickup/Utilitario,Moto/Ciclomotor",Bv. Oroño Y Brown,5,2,0,0,3,0,0,,Avenida,,ROSARIO,Rosario,Asfalto,No existe,II,Dentro,Urbana,Semáforo,Funciona,Intersección,S/D,S/D,"Nocturna,Con luz artificial",S/D,S/D,S/D,Colisión,S/D,"Horizontal,Vertical",Ninguna,S/D,POINT (-60.650931750000005 -32.934415099999995),"['Bulevar Nicasio Oroño', 'Brown']",2,Bulevar Nicasio Oroño; Almirante Brown,-32.934415099999995,-60.650931750000005,55.0,538.0,Municipio Rosario,Municipio,Rosario,820210,Servicio de Catastro e Información Territorial,IGN
2017,8209,2017-10-09,Lunes,0.0,10:00:00,,0.0,2,"Taxi/Remis,Pickup/Utilitario",Cerrito 900,3,1,0,0,2,0,0,,Calle,,ROSARIO,Rosario,Asfalto,No existe,II,Dentro,Urbana,Ninguna,Funciona,Recta,Bueno,Buena,Diurna,Buen Tiempo,De alcance,S/D,Colisión,Ninguna,Vertical,Ninguna,Sin restricción,"-32.9623311, -60.6391527",['Cerrito 900'],1,Cerrito 900,-32.9623311,-60.6391527,55.0,538.0,Municipio Rosario,Municipio,Rosario,820210,Servicio de Catastro e Información Territorial,IGN
2017,8210,2017-10-27,Viernes,0.0,20:25:00,,0.0,2,"Pickup/Utilitario,Moto/Ciclomotor",E.Zeballos Y Mitre,2,1,0,0,1,0,0,,Calle,,ROSARIO,Rosario,Asfalto,No existe,II,S/D,Urbana,Ninguna,No existe,Intersección,S/D,S/D,"Nocturna,Con luz artificial",S/D,S/D,S/D,Colisión,S/D,Horizontal,Ninguna,S/D,POINT (-60.641725300000004 -32.95477609999999),"['Zeballos', 'Mitre']",2,Zeballos; Bartolomé Mitre,-32.95477609999999,-60.6417253,55.0,538.0,Municipio Rosario,Municipio,Rosario,820210,Servicio de Catastro e Información Territorial,IGN
2017,8211,2017-10-27,Viernes,0.0,21:20:00,,0.0,2,"Pickup/Utilitario,Peatón",Urquiza Y Italia,2,1,0,0,1,0,0,,Calle,,ROSARIO,Rosario,Asfalto,No existe,II,S/D,Urbana,Paso Peatonal,No existe,Intersección,S/D,S/D,"Nocturna,Con luz artificial",S/D,S/D,Peatón,Atropello,S/D,Horizontal,S/D,S/D,POINT (-60.6469902 -32.94122840000001),"['Urquiza', 'Italia']",2,Justo José de Urquiza; Italia,-32.94122840000001,-60.6469902,55.0,538.0,Municipio Rosario,Municipio,Rosario,820210,Servicio de Catastro e Información Territorial,IGN
2017,8212,2017-10-20,Viernes,0.0,22:45:00,,0.0,2,"Automóvil,Automóvil",Entre Rios Y Urquiza,5,2,0,0,3,0,0,,Calle,,ROSARIO,Rosario,Asfalto,No existe,II,Dentro,Urbana,Semáforo,Funciona,Intersección,S/D,S/D,"Nocturna,Con luz artificial",S/D,De alcance,S/D,Colisión,S/D,"Horizontal,Vertical",Ninguna,S/D,POINT (-60.64007050000001 -32.9424732),"['Entre Ríos', 'Urquiza']",2,Entre Ríos; Justo José de Urquiza,-32.9424732,-60.64007050000001,55.0,538.0,Municipio Rosario,Municipio,Rosario,820210,Servicio de Catastro e Información Territorial,IGN
2017,8213,2017-10-28,Sabado,0.0,7:30:00,,0.0,2,"Pickup/Utilitario,Peatón",Laprida Y Bv. Segui,2,1,0,0,1,0,0,,Calle,,ROSARIO,Rosario,Asfalto,Pavimento,II,Dentro,Urbana,Señal Pare,No existe,Intersección,Bueno,Buena,Diurna,Buen Tiempo,S/D,Peatón,Atropello,Ninguna,Horizontal,Vegetación,Sin restricción,POINT (-60.64243230000001 -32.97979135),"['Laprida', 'Bulevar Juan Francisco Seguí']",2,Francisco Narciso Laprida; Bulevar Juan Francisco Seguí,-32.97979135,-60.64243230000001,55.0,538.0,Municipio Rosario,Municipio,Rosario,820210,Servicio de Catastro e Información Territorial,IGN
2017,8214,2017-10-20,Viernes,0.0,23:05:00,,0.0,2,"Automóvil,Moto/Ciclomotor",Av. Provincias Unidas Y Jose Ingenieros,3,2,0,0,1,0,0,,Calle,,ROSARIO,Rosario,Asfalto,No existe,II,Dentro,Urbana,Ninguna,No existe,Recta,Bueno,Buena,Nocturna,Buen Tiempo,Otro,S/D,Colisión,Ninguna,Faltante,Cordón divisorio,Sin restricción,POINT (-60.71377375000001 -32.917122899999995),"['Avenida Provincias Unidas', 'José Ingenieros']",2,Avenida Provincias Unidas; José Ingenieros,-32.917122899999995,-60.71377375000001,55.0,538.0,Municipio Rosario,Municipio,Rosario,820210,Servicio de Catastro e Información Territorial,IGN
2017,8215,2017-10-06,Viernes,0.0,15:35:00,,0.0,2,"Automóvil,Transporte de Pasajeros Urbano (> 8 asientos)",Buenos Aires 1200,2,1,0,0,1,0,0,,Calle,,ROSARIO,Rosario,Asfalto,No existe,II,Dentro,Urbana,Marca Vial,No existe,Recta,Bueno,Buena,Diurna,S/D,Otro,S/D,Colisión,S/D,Horizontal,Ninguna,S/D,"-32.9523918, -60.6339983",['Buenos Aires 1200'],1,Buenos Aires 1200,-32.9523918,-60.6339983,55.0,538.0,Municipio Rosario,Municipio,Rosario,820210,Servicio de Catastro e Información Territorial,IGN
2017,8216,2017-10-21,Sabado,0.0,12:30:00,,0.0,2,"Automóvil,Moto/Ciclomotor",J.J.Paso Y Ottone Bis,3,2,0,0,1,0,0,,Calle,,ROSARIO,Rosario,Asfalto,No existe,II,Dentro,Urbana,Ninguna,No existe,Recta,Bueno,Buena,Diurna,Buen Tiempo,Contra objeto fijo,S/D,Colisión,Ninguna,Faltante,Ninguna,Sin restricción,POINT (-60.7008125 -32.91987139999999),"['Paso', 'Ottone']",2,Avenida Juan José Paso; Ottone,-32.91987139999999,-60.7008125,55.0,538.0,Municipio Rosario,Municipio,Rosario,820210,Servicio de Catastro e Información Territorial,IGN
2017,8217,2017-10-26,Jueves,0.0,6:15:00,,0.0,2,"Bicicleta,Automóvil",Necochea Y 24 De Setiembre,2,1,0,0,0,0,1,,S/D,,ROSARIO,Rosario,Asfalto,No existe,II,S/D,Urbana,Ninguna,No existe,Intersección,Bueno,Buena,Amanecer,Buen Tiempo,S/D,Ciclista,Atropello,Ninguna,Faltante,Ninguna,Sin restricción,POINT (-60.63268289999999 -32.982739900000006),"['Necochea', '24 de Septiembre']",2,Necochea; 24 de Septiembre,-32.982739900000006,-60.63268289999999,55.0,538.0,Municipio Rosario,Municipio,Rosario,820210,Servicio de Catastro e Información Territorial,IGN
2017,8219,2017-10-20,Viernes,0.0,10:50:00,,0.0,3,"Automóvil,Taxi/Remis,Taxi/Remis",E.Zeballos 800,3,1,0,0,2,0,0,,Calle,,ROSARIO,Rosario,Asfalto,No existe,II,Dentro,Urbana,Semáforo,Funciona,Recta,Bueno,S/D,Diurna,S/D,Múltiple,S/D,Colisión,S/D,Vertical,Ninguna,S/D,"-32.9577248, -60.6249701",['E Zeballos 800'],1,E Zeballos 800,-32.9577248,-60.6249701,55.0,538.0,Municipio Rosario,Municipio,Rosario,820210,Servicio de Catastro e Información Territorial,IGN
2017,8220,2017-09-22,Viernes,0.0,15:10:00,,0.0,2,"Peatón,Automóvil",J.J.Paso Y Larrea,2,0,1,0,1,0,0,,Calle,,ROSARIO,Rosario,Asfalto,No existe,II,Dentro,Urbana,S/D,No existe,Intersección,Deteriorada,S/D,Diurna,S/D,S/D,Peatón,Atropello,S/D,Horizontal,Ninguna,S/D,POINT (-60.69799725 -32.91979094999999),"['Paso', 'Larrea']",2,Avenida Juan José Paso; Larrea,-32.91979094999999,-60.69799725,55.0,538.0,Municipio Rosario,Municipio,Rosario,820210,Servicio de Catastro e Información Territorial,IGN
2017,8221,2017-10-02,Lunes,0.0,16:30:00,,0.0,2,"Moto/Ciclomotor,Peatón",Av. Frondizi A Y Nansen,2,1,0,0,1,0,0,,Avenida,,ROSARIO,Rosario,Asfalto,Pavimento,II,Dentro,Urbana,Semáforo,Funciona,Rotonda,Bueno,Buena,Diurna,Buen Tiempo,S/D,Peatón,Atropello,Ninguna,"Horizontal,Vertical",Cordón divisorio,Sin restricción,POINT (-60.67832765 -32.9089258),"['Frondizi', 'Nansen']",2,Avenida Arturo Frondizi; Avenida Nansen,-32.9089258,-60.67832765,55.0,538.0,Municipio Rosario,Municipio,Rosario,820210,Servicio de Catastro e Información Territorial,IGN
2017,8222,2017-10-22,Domingo,0.0,21:25:00,,0.0,2,"Automóvil,Moto/Ciclomotor",Av. Genova Y Fraga,3,1,1,0,1,0,0,,Calle,,ROSARIO,Rosario,Asfalto,No existe,II,Dentro,Urbana,Ninguna,No existe,Recta,Bueno,Buena,Nocturna,Buen Tiempo,S/D,S/D,Colisión,Ninguna,Faltante,Cordón divisorio,Sin restricción,POINT (-60.7115738 -32.9159605),"['Genova', 'Fraga']",2,Avenida Génova; Rosendo María Fraga,-32.9159605,-60.7115738,55.0,538.0,Municipio Rosario,Municipio,Rosario,820210,Servicio de Catastro e Información Territorial,IGN
2017,8223,2017-10-22,Domingo,0.0,16:20:00,,0.0,2,"Bicicleta,Automóvil",L.N.Alem Y Rueda,2,1,0,0,0,0,1,,Calle,,ROSARIO,Rosario,Asfalto,No existe,II,Dentro,Urbana,Marca Vial,No existe,Intersección,Bueno,Buena,Diurna,Buen Tiempo,S/D,Ciclista,Atropello,Ninguna,Horizontal,Ninguna,Sin restricción,POINT (-60.63449020000001 -32.9728384),"['Alem', 'Rueda']",2,Leandro N. Alem; Rueda,-32.9728384,-60.63449020000001,55.0,538.0,Municipio Rosario,Municipio,Rosario,820210,Servicio de Catastro e Información Territorial,IGN
2017,8225,2017-10-09,Lunes,0.0,14:20:00,,0.0,2,"Automóvil,Moto/Ciclomotor",Alberdi Y Almafuerte,3,1,0,0,2,0,0,,Avenida,,ROSARIO,Rosario,Asfalto,No existe,II,Dentro,Urbana,Semáforo,Funciona,Intersección,Bueno,Buena,Diurna,Buen Tiempo,Lateral,S/D,Colisión,Ninguna,"Horizontal,Vertical",S/D,Sin restricción,POINT (-60.683913999999994 -32.917345749999996),"['Alberdi', 'Almafuerte']",2,Avenida Alberdi; Almafuerte,-32.91734575,-60.683914,55.0,538.0,Municipio Rosario,Municipio,Rosario,820210,Servicio de Catastro e Información Territorial,IGN
2017,8226,2017-10-26,Jueves,0.0,9:55:00,,0.0,2,"Automóvil,Automóvil",Ayacucho Y Pte.Quintana,2,1,0,0,1,0,0,,Calle,,ROSARIO,Rosario,Asfalto,No existe,II,Dentro,Urbana,Ninguna,No existe,Intersección,Bueno,Buena,Diurna,Buen Tiempo,S/D,Ciclista,Atropello,Ninguna,Horizontal,Ninguna,Sin restricción,POINT (-60.63599090000001 -32.98455119999999),"['Ayacucho', 'Quintana']",2,"('Ayacucho', 'Presidente Quintana')",-32.98455119999999,-60.63599090000001,55.0,538.0,Municipio Rosario,Municipio,Rosario,820210,Servicio de Catastro e Información Territorial,IGN