anio_acci,nro_acci,fecha,desc_dia,fecha_aprox,hora_aprox,desc_ruta,km,cant_participantes,desc_participante,calle_avenida_km,total,heridos_leves,heridos_graves,heridos_gravisimos,ilesos,fallecidos,sin_datos,posicion_XY,desc_tipo_via,desc_ruta_ori,desc_loc,desc_dpto,desc_tipo_calzada,desc_tipo_banquina,desc_unidad_regional,desc_lugar_calzada,desc_zona,desc_prioridad,desc_estado_semaforo,desc_lugar_via,desc_estado_via,desc_estado_visibilidad,desc_luminosidad,desc_estado_clima,desc_tipo_colision,desc_tipo_atropello,desc_tipo_hecho,desc_pres_calzada,desc_senializacion,desc_separacion_via,desc_restriccion,forma_geocod,calle_lista,numero_calles,calles_osm,lat,lon,index_right,gid,fna,gna,nam,in1,fdc,sag
2017,8227,2017-10-24,Martes,0.0,9:00:00,,0.0,2,"Moto/Ciclomotor,Automóvil",Mariano Cabal Bis Y J.J.Paso,2,1,0,0,1,0,0,,Calle,,ROSARIO,Rosario,Asfalto,No existe,II,Dentro,Urbana,Paso Peatonal,No existe,Intersección,Deteriorada,S/D,Diurna,S/D,S/D,S/D,Colisión,S/D,Horizontal,Línea divisoria pintada,S/D,POINT (-60.70262830000001 -32.9199263),"['Mariano Cabal', 'Paso']",2,Mariano Cabal; Avenida Juan José Paso,-32.9199263,-60.70262830000001,55.0,538.0,Municipio Rosario,Municipio,Rosario,820210,Servicio de Catastro e Información Territorial,IGN
2017,8228,2017-10-28,Sabado,0.0,22:00:00,,0.0,2,"Moto/Ciclomotor,Automóvil",Almafuerte Y Ferreyra,3,2,0,0,1,0,0,,Calle,,ROSARIO,Rosario,Asfalto,No existe,II,Dentro,Urbana,Señal Pare,No existe,Intersección,Bueno,Buena,"Nocturna,Con luz artificial",Buen Tiempo,S/D,S/D,Colisión,Ninguna,Vertical,Ninguna,Sin restricción,POINT (-60.6803136 -32.917233100000004),"['Almafuerte', 'Ferreyra']",2,Almafuerte; Ferreyra,-32.917233100000004,-60.6803136,55.0,538.0,Municipio Rosario,Municipio,Rosario,820210,Servicio de Catastro e Información Territorial,IGN
2017,8229,2017-10-22,Domingo,0.0,14:50:00,,0.0,2,"Automóvil,Moto/Ciclomotor",Albert Sabin Y J.B.Justo,3,2,0,0,1,0,0,,Calle,,ROSARIO,Rosario,Asfalto,No existe,II,S/D,Urbana,Semáforo,Funciona,Intersección,Bueno,Buena,Diurna,Buen Tiempo,Frontal,S/D,Colisión,Ninguna,"Horizontal,Vertical",Cordón divisorio,Sin restricción,POINT (-60.6918261 -32.91428345),"['Avenida Travesía Albert Sabin', 'Justo']",2,Avenida Travesía Albert Sabin; Justo José de Urquiza,-32.91428345,-60.6918261,55.0,538.0,Municipio Rosario,Municipio,Rosario,820210,Servicio de Catastro e Información Territorial,IGN
2017,8230,2017-10-19,Jueves,0.0,20:10:00,,0.0,2,"Taxi/Remis,Peatón",Buenos Aires 3300,2,1,0,0,1,0,0,,Calle,,ROSARIO,Rosario,Asfalto,No existe,II,Dentro,Urbana,Ninguna,No existe,Recta,Bueno,Buena,Nocturna,Buen Tiempo,S/D,Peatón,Atropello,Ninguna,Horizontal,Ninguna,Sin restricción,"-32.9764934, -60.6400805",['Buenos Aires 3300'],1,Buenos Aires 3300,-32.9764934,-60.6400805,55.0,538.0,Municipio Rosario,Municipio,Rosario,820210,Servicio de Catastro e Información Territorial,IGN
2017,8231,2017-10-31,Martes,0.0,18:50:00,,0.0,1,Transporte Escolar,Almafuerte 1000,7,6,0,0,1,0,0,,Calle,,ROSARIO,Rosario,Asfalto,No existe,II,Dentro,Urbana,Ninguna,No existe,Recta,Bueno,Buena,Diurna,Buen Tiempo,Contra objeto fijo,S/D,Colisión,Ninguna,Faltante,Ninguna,Sin restricción,"-32.9171142, -60.6778709",['Almafuerte 1000'],1,Almafuerte 1000,-32.9171142,-60.6778709,55.0,538.0,Municipio Rosario,Municipio,Rosario,820210,Servicio de Catastro e Información Territorial,IGN
2017,8232,2017-10-16,Lunes,0.0,21:45:00,,0.0,2,"Moto/Ciclomotor,Automóvil",Av. Irigoyen Y Varela,3,2,0,0,1,0,0,,Calle,,ROSARIO,Rosario,Asfalto,No existe,II,Dentro,Urbana,Ninguna,No existe,Intersección,Deteriorada,Buena,Nocturna,Otro,S/D,S/D,Colisión,Otro,Faltante,Ninguna,S/D,POINT (-60.70037859999999 -32.88461629999998),"['Avenida Hipólito Irigoyen', 'Varela']",2,Avenida Hipólito Irigoyen; Varela,-32.88461629999998,-60.70037859999999,55.0,538.0,Municipio Rosario,Municipio,Rosario,820210,Servicio de Catastro e Información Territorial,IGN
2017,8233,2017-10-08,Domingo,0.0,23:35:00,,0.0,2,"Moto/Ciclomotor,Automóvil",Grandoli Y Dr.Rivas,2,1,0,0,1,0,0,,Calle,,ROSARIO,Rosario,Asfalto,No existe,II,Dentro,Urbana,Ninguna,No existe,Intersección,Con baches,Buena,Nocturna,Buen Tiempo,Lateral,S/D,Colisión,Ninguna,Faltante,Ninguna,Sin restricción,POINT (-60.62830819999999 -32.98712985),"['Avenida Abanderado Grandoli', 'Doctor Francisco Riva']",2,Avenida Abanderado Grandoli; Doctor Francisco Riva,-32.98712985,-60.62830819999999,55.0,538.0,Municipio Rosario,Municipio,Rosario,820210,Servicio de Catastro e Información Territorial,IGN
2017,8234,2017-10-30,Lunes,0.0,14:00:00,,0.0,2,"Moto/Ciclomotor,Automóvil",Alberdi 244,4,1,0,0,3,0,0,,Avenida,,ROSARIO,Rosario,Asfalto,No existe,II,Dentro,Urbana,Semáforo,No existe,Recta,Bueno,Buena,Diurna,Buen Tiempo,Frontal,S/D,Colisión,Ninguna,"Horizontal,Vertical",Ninguna,Sin restricción,"-32.930603530612245, -60.67348426938776",['Alberdi 244'],1,Alberdi 244,-32.930603530612245,-60.67348426938776,55.0,538.0,Municipio Rosario,Municipio,Rosario,820210,Servicio de Catastro e Información Territorial,IGN
2017,8235,2017-10-08,Domingo,0.0,12:15:00,,0.0,2,"Moto/Ciclomotor,Automóvil",Bv. Rondeau Y Matheu,2,1,0,0,1,0,0,,Avenida,,ROSARIO,Rosario,Asfalto,No existe,II,S/D,Urbana,Semáforo,Funciona,Intersección,Deteriorada,Buena,Diurna,Buen Tiempo,Otro,S/D,Colisión,Otro,Vertical,"Cordón divisorio,Vegetación,Línea divisoria pintada",S/D,POINT (-60.694274275000005 -32.888422175),"['Rondeau', 'Matheu']",2,Bulevar General José Rondeau; Domingo Matheu,-32.888422175,-60.694274275000005,55.0,538.0,Municipio Rosario,Municipio,Rosario,820210,Servicio de Catastro e Información Territorial,IGN
2017,8236,2017-10-07,Sabado,0.0,23:00:00,,0.0,2,"Moto/Ciclomotor,Automóvil",Bv. Segui Y Maipu,2,1,0,0,1,0,0,,Calle,,ROSARIO,Rosario,Asfalto,No existe,II,Dentro,Urbana,Ninguna,No existe,Intersección,Bueno,Buena,"Nocturna,Con luz artificial",Buen Tiempo,De alcance,S/D,Colisión,Ninguna,Horizontal,Ninguna,Sin restricción,POINT (-60.64363730000001 -32.979574850000006),"['Bulevar Juan Francisco Seguí', 'Maipú']",2,Bulevar Juan Francisco Seguí; Maipú,-32.979574850000006,-60.64363730000001,55.0,538.0,Municipio Rosario,Municipio,Rosario,820210,Servicio de Catastro e Información Territorial,IGN
2017,8310,2017-10-04,Miercoles,0.0,12:55:00,,0.0,2,"Automóvil,Moto/Ciclomotor",L.N.Alem Y Virasoro,2,1,0,0,1,0,0,,Calle,,ROSARIO,Rosario,Asfalto,No existe,II,S/D,Urbana,Ninguna,No existe,Intersección,Bueno,Buena,Diurna,Buen Tiempo,Lateral,S/D,Colisión,Ninguna,Faltante,Ninguna,Sin restricción,POINT (-60.6341943 -32.971707499999994),"['Alem', 'Virasoro']",2,Leandro N. Alem; Benjamín Virasoro,-32.971707499999994,-60.6341943,55.0,538.0,Municipio Rosario,Municipio,Rosario,820210,Servicio de Catastro e Información Territorial,IGN
2017,8312,2017-10-17,Martes,0.0,17:00:00,,0.0,2,"Automóvil,Moto/Ciclomotor",Necochea Y Bv. Segui,2,1,0,0,1,0,0,,Calle,,ROSARIO,Rosario,Asfalto,No existe,II,S/D,Urbana,Ninguna,No existe,Recta,Con baches,Buena,Diurna,Buen Tiempo,Lateral,S/D,Colisión,Ninguna,Faltante,Ninguna,Sin restricción,POINT (-60.632387200000004 -32.981576749999995),"['Necochea', 'Bulevar Juan Francisco Seguí']",2,Necochea; Bulevar Juan Francisco Seguí,-32.981576749999995,-60.6323872,55.0,538.0,Municipio Rosario,Municipio,Rosario,820210,Servicio de Catastro e Información Territorial,IGN
2017,8313,2017-10-03,Martes,0.0,16:20:00,,0.0,2,"Automóvil,Moto/Ciclomotor",L.N.Alem Y Rueda,3,1,0,0,2,0,0,,Calle,,ROSARIO,Rosario,Asfalto,No existe,II,S/D,Urbana,Paso Peatonal,No existe,Intersección,Bueno,Buena,Diurna,Buen Tiempo,Lateral,S/D,Colisión,Ninguna,Horizontal,Línea divisoria pintada,Sin restricción,POINT (-60.63449020000001 -32.9728384),"['Alem', 'Rueda']",2,Leandro N. Alem; Rueda,-32.9728384,-60.63449020000001,55.0,538.0,Municipio Rosario,Municipio,Rosario,820210,Servicio de Catastro e Información Territorial,IGN
2017,8316,2017-10-01,Domingo,0.0,18:20:00,,0.0,2,"Vehículo Oficial,Moto/Ciclomotor",Garay Y Ayacucho,3,1,0,0,2,0,0,,Calle,,ROSARIO,Rosario,Asfalto,No existe,II,S/D,Urbana,Ninguna,No existe,Intersección,Bueno,Buena,Diurna,Buen Tiempo,S/D,S/D,Colisión,Ninguna,Faltante,Ninguna,Sin restricción,POINT (-60.6339717 -32.9765122),"['Garay', 'Ayacucho']",2,Juan de Garay; Ayacucho,-32.9765122,-60.6339717,55.0,538.0,Municipio Rosario,Municipio,Rosario,820210,Servicio de Catastro e Información Territorial,IGN
2017,8318,2017-10-07,Sabado,0.0,17:00:00,,0.0,2,"Taxi/Remis,Automóvil",Chacabuco Y Dean Funes,3,1,0,0,2,0,0,,Calle,,ROSARIO,Rosario,Asfalto,No existe,II,S/D,Urbana,Ninguna,No existe,Intersección,Bueno,S/D,Diurna,Buen Tiempo,S/D,S/D,Colisión,Ninguna,Faltante,Ninguna,Sin restricción,POINT (-60.6301335 -32.978413499999995),"['Chacabuco', 'Deán Gregorio Funes']",2,Chacabuco; Deán Gregorio Funes,-32.978413499999995,-60.6301335,55.0,538.0,Municipio Rosario,Municipio,Rosario,820210,Servicio de Catastro e Información Territorial,IGN
2017,8321,2017-10-20,Viernes,0.0,8:50:00,,0.0,2,"Pickup/Utilitario,Taxi/Remis",Albert Sabin Y Av. Alberdi Bis,2,1,0,0,0,0,1,,Avenida,,ROSARIO,Rosario,Asfalto,No existe,II,Dentro,Urbana,Semáforo,Funciona,Recta,Bueno,Buena,Diurna,S/D,De alcance,S/D,Colisión,Ninguna,"Horizontal,Vertical","Cordón divisorio,Línea divisoria pintada",Sin restricción,POINT (-60.67368635 -32.93013245),"['Avenida Travesía Albert Sabin', 'Alberdi']",2,Avenida Travesía Albert Sabin; Avenida Alberdi,-32.93013245,-60.67368635,55.0,538.0,Municipio Rosario,Municipio,Rosario,820210,Servicio de Catastro e Información Territorial,IGN
2017,8324,2017-08-11,Viernes,0.0,18:40:00,,0.0,2,"Moto/Ciclomotor,Automóvil",Av. Alberdi Bis Y Junin,4,1,0,0,2,0,1,,Calle,,ROSARIO,Rosario,Asfalto,No existe,II,Dentro,Urbana,Semáforo,Funciona,Intersección,Bueno,Buena,Diurna,Buen Tiempo,Lateral,S/D,Colisión,Ninguna,"Horizontal,Vertical",Vegetación,Sin restricción,POINT (-60.67651425 -32.92661249999999),"['Alberdi', 'Junín']",2,Avenida Alberdi; Junín,-32.92661249999999,-60.67651425,55.0,538.0,Municipio Rosario,Municipio,Rosario,820210,Servicio de Catastro e Información Territorial,IGN
2017,8326,2017-10-14,Sabado,0.0,8:20:00,,0.0,2,"Automóvil,Moto/Ciclomotor",Bv. Avellaneda Y Av. Alberdi Bis,2,1,0,0,1,0,0,,Avenida,,ROSARIO,Rosario,Asfalto,No existe,II,Dentro,Urbana,Semáforo,Funciona,Recta,Bueno,Buena,Diurna,Buen Tiempo,Lateral,S/D,Colisión,Ninguna,"Horizontal,Vertical",Ninguna,Sin restricción,POINT (-60.6761143 -32.92712292499999),"['Avellaneda', 'Alberdi']",2,Bulevar Nicolás Avellaneda; Avenida Alberdi,-32.92712292499999,-60.6761143,55.0,538.0,Municipio Rosario,Municipio,Rosario,820210,Servicio de Catastro e Información Territorial,IGN
2017,8383,2017-10-16,Lunes,0.0,23:40:00,,0.0,2,"Automóvil,Moto/Ciclomotor",Junin Y Rawson Bis,3,2,0,0,1,0,0,,Calle,,ROSARIO,Rosario,Asfalto,No existe,II,S/D,Urbana,Paso Peatonal,No existe,Intersección,Bueno,S/D,"Nocturna,Con luz artificial",S/D,Lateral,S/D,Colisión,S/D,Horizontal,Ninguna,S/D,POINT (-60.669239899999994 -32.92651864999999),"['Junín', 'Rawson']",2,Junín; Rawson,-32.92651864999999,-60.6692399,55.0,538.0,Municipio Rosario,Municipio,Rosario,820210,Servicio de Catastro e Información Territorial,IGN
2017,8385,2017-10-28,Sabado,0.0,19:40:00,,0.0,2,"Moto/Ciclomotor,Moto/Ciclomotor",Velez Sarsfield Y Mar del Plata,3,0,1,0,2,0,0,,Calle,,ROSARIO,Rosario,Asfalto,No existe,II,Dentro,Urbana,Semáforo,No existe,Recta,Bueno,Buena,Diurna,Buen Tiempo,Frontal,S/D,Colisión,Ninguna,"Horizontal,Vertical","Cordón divisorio,Línea divisoria pintada",Sin restricción,POINT (-60.6819867 -32.9250481),"['Vélez Sarsfield', 'Mar del Plata']",2,Vélez Sarsfield; Mar del Plata,-32.9250481,-60.6819867,55.0,538.0,Municipio Rosario,Municipio,Rosario,820210,Servicio de Catastro e Información Territorial,IGN
2017,8389,2017-10-20,Viernes,0.0,9:40:00,,0.0,2,"Automóvil,Peatón",Urquiza Y Entre Rios,2,1,0,0,1,0,0,,Calle,,ROSARIO,Rosario,Asfalto,No existe,II,S/D,Urbana,Semáforo,Funciona,Intersección,S/D,S/D,Diurna,S/D,S/D,Peatón,Atropello,S/D,"Horizontal,Vertical",Línea divisoria pintada,S/D,POINT (-60.64007050000001 -32.9424732),"['Urquiza', 'Entre Ríos']",2,Justo José de Urquiza; Entre Ríos,-32.9424732,-60.64007050000001,55.0,538.0,Municipio Rosario,Municipio,Rosario,820210,Servicio de Catastro e Información Territorial,IGN
2017,8392,2017-10-05,Jueves,0.0,10:40:00,,0.0,2,"Moto/Ciclomotor,Automóvil",Rioja Y Italia,3,2,0,0,1,0,0,,Calle,,ROSARIO,Rosario,Asfalto,No existe,II,S/D,Urbana,Paso Peatonal,No existe,Intersección,Bueno,S/D,Diurna,S/D,S/D,S/D,Colisión,S/D,Horizontal,Línea divisoria pintada,S/D,POINT (-60.6481592 -32.945870500000005),"['Rioja', 'Italia']",2,Rioja; Italia,-32.945870500000005,-60.6481592,55.0,538.0,Municipio Rosario,Municipio,Rosario,820210,Servicio de Catastro e Información Territorial,IGN
2017,8395,2017-09-26,Martes,0.0,15:00:00,,0.0,2,"Moto/Ciclomotor,Moto/Ciclomotor",Maipu 1000,2,1,0,0,1,0,0,,Calle,,ROSARIO,Rosario,Asfalto,No existe,II,S/D,Urbana,Semáforo,Funciona,Recta,S/D,S/D,Diurna,S/D,De alcance,S/D,Colisión,S/D,"Horizontal,Vertical",Ninguna,S/D,"-32.9494545, -60.6359199",['Maipu 1000'],1,Maipu 1000,-32.9494545,-60.6359199,55.0,538.0,Municipio Rosario,Municipio,Rosario,820210,Servicio de Catastro e Información Territorial,IGN
2017,8398,2017-10-02,Lunes,0.0,6:40:00,,0.0,2,"Bicicleta,Automóvil",Bv. Oroño Y Rioja,2,1,0,0,1,0,0,,S/D,,ROSARIO,Rosario,Asfalto,No existe,II,S/D,Urbana,Semáforo,Funciona,Intersección,Bueno,S/D,Amanecer,S/D,S/D,Peatón,Atropello,S/D,"Horizontal,Vertical",Línea divisoria pintada,S/D,POINT (-60.65360565 -32.944843999999996),"['Bulevar Nicasio Oroño', 'Rioja']",2,Bulevar Nicasio Oroño; Rioja,-32.944844,-60.65360565,55.0,538.0,Municipio Rosario,Municipio,Rosario,820210,Servicio de Catastro e Información Territorial,IGN
2017,8673,2017-07-03,Lunes,0.0,,,0.0,2,"Automóvil,Bicicleta",Av. Ovidio Lagos 1400,2,1,0,0,1,0,0,,Calle,,ROSARIO,Rosario,Asfalto,S/D,II,Dentro,Urbana,S/D,S/D,Recta,S/D,S/D,S/D,S/D,S/D,Ciclista,Atropello,S/D,S/D,S/D,S/D,"-32.9496188, -60.6633774",['Ovidio Lagos 1400'],1,Ovidio Lagos 1400,-32.9496188,-60.6633774,55.0,538.0,Municipio Rosario,Municipio,Rosario,820210,Servicio de Catastro e Información Territorial,IGN
2017,8700,2017-11-06,Lunes,0.0,20:30:00,,0.0,2,"Moto/Ciclomotor,Automóvil",Av. Battle y Ordoñez Y Italia,2,1,0,0,1,0,0,,Avenida,,ROSARIO,Rosario,Asfalto,No existe,II,Dentro,Urbana,Semáforo,Funciona,Intersección,Bueno,Buena,Atardecer,Buen Tiempo,Lateral,S/D,Colisión,Ninguna,"Horizontal,Vertical",Cordón divisorio,Sin restricción,POINT (-60.65883935 -33.00917509999999),"['Avenida Battle y Ordoñez', 'Italia']",2,Avenida Battle y Ordoñez; Italia,-33.00917509999999,-60.65883935,55.0,538.0,Municipio Rosario,Municipio,Rosario,820210,Servicio de Catastro e Información Territorial,IGN
2017,8710,2017-10-31,Martes,0.0,12:00:00,,0.0,2,"Moto/Ciclomotor,Automóvil",Bv. Avellaneda Y 24 De Setiembre,2,1,0,0,1,0,0,,Avenida,,ROSARIO,Rosario,Asfalto,No existe,II,Dentro,Urbana,Ninguna,No existe,Intersección,Bueno,Buena,Diurna,Buen Tiempo,Lateral,S/D,Colisión,Ninguna,Faltante,Ninguna,Sin restricción,POINT (-60.6876446 -32.97291185),"['Avellaneda', '24 de Septiembre']",2,Bulevar Nicolás Avellaneda; 24 de Septiembre,-32.97291185,-60.6876446,55.0,538.0,Municipio Rosario,Municipio,Rosario,820210,Servicio de Catastro e Información Territorial,IGN
2017,8714,2017-11-01,Miercoles,0.0,16:30:00,,0.0,2,"Bicicleta,Automóvil",Av. Circunvalacion ,2,1,0,0,1,0,0,,Avenida,,ROSARIO,Rosario,Asfalto,No existe,II,S/D,Urbana,Otra Señal,No existe,Paso a Nivel FFCC,Bueno,Buena,Atardecer,Otro,S/D,Ciclista,Atropello,Ninguna,Vertical,Guardarrail,Sin restricción,"-32.9954148, -60.6940772",['Circunvalacion'],1,Circunvalacion,-32.9954148,-60.6940772,55.0,538.0,Municipio Rosario,Municipio,Rosario,820210,Servicio de Catastro e Información Territorial,IGN
2017,8716,2017-11-03,Viernes,0.0,5:50:00,,0.0,2,"Moto/Ciclomotor,Automóvil",Av. Ovidio Lagos Y Av. Ntra.Sra.del Rosario,2,1,0,0,1,0,0,,Avenida,,ROSARIO,Rosario,Asfalto,No existe,II,Dentro,Urbana,Semáforo,Funciona,Intersección,Bueno,Buena,Amanecer,Buen Tiempo,Lateral,S/D,Colisión,S/D,"Horizontal,Vertical",Cordón divisorio,Sin restricción,POINT (-60.675538599999996 -33.000907549999994),"['Avenida Ovidio Lagos', 'Nuestra Señora del Rosario']",2,Avenida Ovidio Lagos; Puente Nuestra Señora del Rosario,-33.000907549999994,-60.6755386,55.0,538.0,Municipio Rosario,Municipio,Rosario,820210,Servicio de Catastro e Información Territorial,IGN
2017,8717,2017-11-02,Jueves,0.0,18:00:00,,0.0,2,"Moto/Ciclomotor,Camión Chasis",Dr.Rivas Y Vera Mujica,3,2,0,0,1,0,0,,Calle,,ROSARIO,Rosario,Asfalto,No existe,II,Dentro,Urbana,Ninguna,No existe,Recta,Bueno,Buena,Atardecer,Buen Tiempo,De alcance,S/D,Colisión,Ninguna,Faltante,Ninguna,Sin restricción,POINT (-60.67631750000001 -32.97853870000001),"['Doctor Francisco Riva', 'Vera Mujíca']",2,Doctor Francisco Riva; Vera Mujíca,-32.97853870000001,-60.67631750000001,55.0,538.0,Municipio Rosario,Municipio,Rosario,820210,Servicio de Catastro e Información Territorial,IGN
2017,8719,2017-11-22,Miercoles,0.0,22:15:00,,0.0,2,"Automóvil,Automóvil",Bv. Oroño Y Av. Ntra.Sra.del Rosario,4,2,0,0,2,0,0,,Avenida,,ROSARIO,Rosario,Asfalto,No existe,II,Dentro,Urbana,Semáforo,Funciona,Intersección,Bueno,Buena,"Nocturna,Con luz artificial",Buen Tiempo,Lateral,S/D,Colisión,Ninguna,"Horizontal,Vertical",Cordón divisorio,Sin restricción,POINT (-60.665137900000005 -33.000583799999994),"['Bulevar Nicasio Oroño', 'Nuestra Señora del Rosario']",2,Bulevar Nicasio Oroño; Puente Nuestra Señora del Rosario,-33.000583799999994,-60.665137900000005,55.0,538.0,Municipio Rosario,Municipio,Rosario,820210,Servicio de Catastro e Información Territorial,IGN
2017,8722,2017-11-04,Sabado,0.0,7:05:00,,0.0,3,"Automóvil,Automóvil,Automóvil",Bv. Avellaneda Y Av. Uriburu,4,1,0,0,3,0,0,,Avenida,,ROSARIO,Rosario,Asfalto,No existe,II,Dentro,Urbana,Semáforo,Funciona,Intersección,Bueno,Buena,Diurna,Buen Tiempo,Múltiple,S/D,Colisión,Ninguna,"Horizontal,Vertical",Guardarrail,Sin restricción,POINT (-60.688810374999996 -32.991943325),"['Avellaneda', 'Uriburu']",2,Bulevar Nicolás Avellaneda; Avenida José Uriburu,-32.991943325,-60.688810375,55.0,538.0,Municipio Rosario,Municipio,Rosario,820210,Servicio de Catastro e Información Territorial,IGN
2017,8723,2017-11-11,Sabado,0.0,8:20:00,,0.0,2,"Moto/Ciclomotor,Automóvil",Mariano Moreno Y Piedras,3,2,0,0,1,0,0,,Calle,,ROSARIO,Rosario,Asfalto,No existe,II,Dentro,Urbana,Ninguna,No existe,Intersección,Bueno,Buena,Diurna,Buen Tiempo,Lateral,S/D,Colisión,Ninguna,Faltante,Ninguna,Sin restricción,POINT (-60.6617443 -33.00732469999999),"['Mariano Moreno', 'Piedras']",2,Mariano Moreno; Piedras,-33.00732469999999,-60.6617443,55.0,538.0,Municipio Rosario,Municipio,Rosario,820210,Servicio de Catastro e Información Territorial,IGN
2017,8730,2017-11-11,Sabado,0.0,11:45:00,,0.0,3,"Automóvil,Automóvil,Camión Chasis",Av. Ovidio Lagos Y Acevedo Bis,4,1,0,0,3,0,0,,Avenida,,ROSARIO,Rosario,Asfalto,No existe,II,Dentro,Urbana,Semáforo,Funciona,S/D,Bueno,Buena,Diurna,Buen Tiempo,Múltiple,S/D,Colisión,Ninguna,"Horizontal,Vertical","Cordón divisorio,Línea divisoria pintada",Sin restricción,POINT (-60.671599500000006 -32.9840813),"['Avenida Ovidio Lagos', 'Acevedo']",2,Avenida Ovidio Lagos; Manuel Acevedo,-32.9840813,-60.671599500000006,55.0,538.0,Municipio Rosario,Municipio,Rosario,820210,Servicio de Catastro e Información Territorial,IGN
2017,8737,2017-11-17,Viernes,0.0,18:45:00,,0.0,2,"Automóvil,Automóvil",Saavedra Y Cafferata,4,1,0,0,3,0,0,,Calle,,ROSARIO,Rosario,Asfalto,No existe,II,Dentro,Urbana,Ninguna,No existe,Intersección,Bueno,Buena,Atardecer,Buen Tiempo,Lateral,S/D,Colisión,Ninguna,Faltante,Ninguna,Sin restricción,POINT (-60.67893490000001 -32.97204640000001),"['Saavedra', 'Cafferata']",2,Saavedra; Cafferata,-32.97204640000001,-60.67893490000001,55.0,538.0,Municipio Rosario,Municipio,Rosario,820210,Servicio de Catastro e Información Territorial,IGN
2017,8740,2017-07-06,Jueves,0.0,18:15:00,,0.0,2,"Automóvil,Bicicleta",Dean Funes Y Ayacucho,2,1,0,0,1,0,0,,Calle,,ROSARIO,Rosario,Asfalto,No existe,II,Dentro,Urbana,Ninguna,No existe,Intersección,Bueno,S/D,Diurna,S/D,S/D,Ciclista,Atropello,Ninguna,Faltante,Ninguna,Sin restricción,POINT (-60.6342614 -32.97766059999999),"['Deán Gregorio Funes', 'Ayacucho']",2,Deán Gregorio Funes; Ayacucho,-32.97766059999999,-60.6342614,55.0,538.0,Municipio Rosario,Municipio,Rosario,820210,Servicio de Catastro e Información Territorial,IGN
2017,8744,2017-11-01,Miercoles,1.0,,,0.0,2,"Moto/Ciclomotor,Taxi/Remis",Av. Provincias Unidas Y Neuquen,2,1,0,0,1,0,0,,Avenida,,ROSARIO,Rosario,Asfalto,No existe,II,Dentro,Urbana,Marca Vial,No existe,Intersección,Bueno,Buena,S/D,Buen Tiempo,Lateral,S/D,Colisión,Ninguna,Horizontal,Ninguna,Sin restricción,POINT (-60.71241810000001 -32.944582350000005),"['Avenida Provincias Unidas', 'Neuquen']",2,Avenida Provincias Unidas; Neuquén,-32.944582350000005,-60.71241810000001,55.0,538.0,Municipio Rosario,Municipio,Rosario,820210,Servicio de Catastro e Información Territorial,IGN
2017,8745,2017-11-18,Sabado,0.0,12:20:00,,0.0,2,"Moto/Ciclomotor,Moto/Ciclomotor",Bv. Avellaneda Y Garay,3,1,0,0,1,0,1,,Avenida,,ROSARIO,Rosario,Asfalto,No existe,II,Dentro,Urbana,Paso Peatonal,No existe,Recta,Bueno,Buena,Diurna,Buen Tiempo,Lateral,S/D,Colisión,Ninguna,Horizontal,Cordón divisorio,Sin restricción,POINT (-60.6862105 -32.9671833),"['Avellaneda', 'Garay']",2,Bulevar Nicolás Avellaneda; Juan de Garay,-32.9671833,-60.6862105,55.0,538.0,Municipio Rosario,Municipio,Rosario,820210,Servicio de Catastro e Información Territorial,IGN
2017,8746,2017-11-13,Lunes,0.0,21:45:00,,0.0,2,"Automóvil,Moto/Ciclomotor",Magallanes Y Pasco,2,1,0,0,1,0,0,,Calle,,ROSARIO,Rosario,Asfalto,No existe,II,Dentro,Urbana,Ninguna,No existe,Intersección,Bueno,Buena,Nocturna,Buen Tiempo,De alcance,S/D,Colisión,Ninguna,Faltante,Ninguna,Sin restricción,POINT (-60.704047300000006 -32.9507407),"['Magallanes', 'Pasco']",2,Magallanes; Pasco,-32.9507407,-60.704047300000006,55.0,538.0,Municipio Rosario,Municipio,Rosario,820210,Servicio de Catastro e Información Territorial,IGN
2017,8749,2017-11-18,Sabado,0.0,8:45:00,,0.0,2,"Peatón,Pickup/Utilitario",Av. Provincias Unidas 2240,2,1,0,0,0,0,1,,Avenida,,ROSARIO,Rosario,Asfalto,No existe,II,Dentro,Urbana,Ninguna,No existe,Recta,Bueno,S/D,Diurna,S/D,S/D,Peatón,Atropello,Ninguna,Faltante,Cordón divisorio,Sin restricción,"-32.95506735102041, -60.712196765306125",['Provincias Unidas 2240'],1,Provincias Unidas 2240,-32.95506735102041,-60.712196765306125,55.0,538.0,Municipio Rosario,Municipio,Rosario,820210,Servicio de Catastro e Información Territorial,IGN