anio_acci,nro_acci,fecha,desc_dia,fecha_aprox,hora_aprox,desc_ruta,km,cant_participantes,desc_participante,calle_avenida_km,total,heridos_leves,heridos_graves,heridos_gravisimos,ilesos,fallecidos,sin_datos,posicion_XY,desc_tipo_via,desc_ruta_ori,desc_loc,desc_dpto,desc_tipo_calzada,desc_tipo_banquina,desc_unidad_regional,desc_lugar_calzada,desc_zona,desc_prioridad,desc_estado_semaforo,desc_lugar_via,desc_estado_via,desc_estado_visibilidad,desc_luminosidad,desc_estado_clima,desc_tipo_colision,desc_tipo_atropello,desc_tipo_hecho,desc_pres_calzada,desc_senializacion,desc_separacion_via,desc_restriccion,forma_geocod,calle_lista,numero_calles,calles_osm,lat,lon,index_right,gid,fna,gna,nam,in1,fdc,sag
2017,8752,2017-10-20,Viernes,0.0,10:40:00,,0.0,2,"Automóvil,Moto/Ciclomotor",Av. Provincias Unidas Y Pampa,2,1,0,0,1,0,0,,Avenida,,ROSARIO,Rosario,Asfalto,No existe,II,Dentro,Urbana,Ninguna,No existe,Intersección,Bueno,S/D,Diurna,S/D,Lateral,S/D,Colisión,S/D,Faltante,Cordón divisorio,Sin restricción,POINT (-60.7123341 -32.94672514999999),"['Avenida Provincias Unidas', 'Pampa']",2,Avenida Provincias Unidas; Pampa,-32.94672514999999,-60.7123341,55.0,538.0,Municipio Rosario,Municipio,Rosario,820210,Servicio de Catastro e Información Territorial,IGN
2017,8753,2017-11-21,Martes,0.0,11:50:00,,0.0,2,"Automóvil,Automóvil",Bv. Segui Y Vera Mujica,2,1,0,0,1,0,0,,Avenida,,ROSARIO,Rosario,Asfalto,No existe,II,Dentro,Urbana,Paso Peatonal,No existe,Recta,Bueno,Buena,Diurna,Buen Tiempo,De alcance,S/D,Colisión,Ninguna,Horizontal,Línea divisoria pintada,Sin restricción,POINT (-60.6751543 -32.973938649999994),"['Bulevar Juan Francisco Seguí', 'Vera Mujíca']",2,Bulevar Juan Francisco Seguí; Vera Mujíca,-32.973938649999994,-60.6751543,55.0,538.0,Municipio Rosario,Municipio,Rosario,820210,Servicio de Catastro e Información Territorial,IGN
2017,8756,2017-11-24,Viernes,0.0,21:00:00,,0.0,2,"Moto/Ciclomotor,Automóvil",Iriondo Y La Paz,2,1,0,0,1,0,0,,Calle,,ROSARIO,Rosario,Asfalto,No existe,II,Dentro,Urbana,Ninguna,No existe,Intersección,Bueno,Buena,Nocturna,Buen Tiempo,Frontal,S/D,Colisión,Ninguna,Faltante,Ninguna,Sin restricción,POINT (-60.6740706 -32.95850999999999),"['Iriondo', 'La Paz']",2,Iriondo; La Paz,-32.95850999999999,-60.6740706,55.0,538.0,Municipio Rosario,Municipio,Rosario,820210,Servicio de Catastro e Información Territorial,IGN
2017,8758,2017-11-24,Viernes,0.0,15:00:00,,0.0,2,"Taxi/Remis,Automóvil",Bv. 27 de Febrero Bis Y Vera Mujica,2,1,0,0,1,0,0,,Avenida,,ROSARIO,Rosario,Asfalto,No existe,II,Dentro,Urbana,Semáforo,Funciona,Intersección,Resbaladiza,Reducida,Diurna,Lluvia,Frontal,S/D,Colisión,Agua,Vertical,Cordón divisorio,Sin restricción,POINT (-60.67224804999999 -32.96245619999999),"['27 de Febrero', 'Vera Mujíca']",2,Bulevar 27 de Febrero; Vera Mujíca,-32.96245619999999,-60.67224804999999,55.0,538.0,Municipio Rosario,Municipio,Rosario,820210,Servicio de Catastro e Información Territorial,IGN
2017,8764,2017-11-23,Jueves,0.0,12:35:00,,0.0,2,"Moto/Ciclomotor,Automóvil",Bv. 27 De Febrero Y Alsina,2,1,0,0,1,0,0,,Avenida,,ROSARIO,Rosario,Asfalto,No existe,II,Dentro,Urbana,Semáforo,Funciona,Recta,Bueno,Buena,Diurna,Buen Tiempo,De alcance,S/D,Colisión,Ninguna,Vertical,Cordón divisorio,Sin restricción,POINT (-60.68174975 -32.96075594999999),"['27 de Febrero', 'Alsina']",2,Bulevar 27 de Febrero; Alsina,-32.96075594999999,-60.68174975,55.0,538.0,Municipio Rosario,Municipio,Rosario,820210,Servicio de Catastro e Información Territorial,IGN
2017,8766,2017-11-28,Martes,0.0,18:30:00,,0.0,2,"Pickup/Utilitario,Moto/Ciclomotor",Comodoro Rivadavia Y Suipacha,3,1,1,0,1,0,0,,Calle,,ROSARIO,Rosario,Asfalto,No existe,II,Dentro,Urbana,Ninguna,No existe,Intersección,Bueno,Buena,Atardecer,Buen Tiempo,Lateral,S/D,Colisión,Ninguna,Faltante,Ninguna,Sin restricción,POINT (-60.676169900000005 -32.9893232),"['Comodoro Rivadavia', 'Suipacha']",2,Comodoro Rivadavia; Suipacha,-32.9893232,-60.676169900000005,55.0,538.0,Municipio Rosario,Municipio,Rosario,820210,Servicio de Catastro e Información Territorial,IGN
2017,8767,2017-11-23,Jueves,0.0,9:00:00,,0.0,2,"Moto/Ciclomotor,Automóvil",Bv. 27 De Febrero Y Castellanos,2,1,0,0,1,0,0,,Avenida,,ROSARIO,Rosario,Asfalto,No existe,II,Dentro,Urbana,Semáforo,Funciona,Recta,Bueno,Buena,Diurna,Buen Tiempo,De alcance,S/D,Colisión,Ninguna,Vertical,Cordón divisorio,Sin restricción,POINT (-60.680369799999994 -32.96100625),"['27 de Febrero', 'Aaron Castellanos']",2,Bulevar 27 de Febrero; Aaron Castellanos,-32.96100625,-60.6803698,55.0,538.0,Municipio Rosario,Municipio,Rosario,820210,Servicio de Catastro e Información Territorial,IGN
2017,8769,2017-11-17,Viernes,0.0,18:55:00,,0.0,2,"Moto/Ciclomotor,Automóvil",Bv. Segui Y Pje. Espinillo,3,2,0,0,1,0,0,,Calle,,ROSARIO,Rosario,Asfalto,No existe,II,Dentro,Urbana,Ninguna,No existe,Intersección,Bueno,Buena,Atardecer,Otro,Lateral,S/D,Colisión,Ninguna,Faltante,Ninguna,Sin restricción,POINT (-60.69908875 -32.970709400000004),"['Bulevar Juan Francisco Seguí', 'Espinillo']",2,Bulevar Juan Francisco Seguí; Espinillo,-32.970709400000004,-60.69908875,55.0,538.0,Municipio Rosario,Municipio,Rosario,820210,Servicio de Catastro e Información Territorial,IGN
2017,8772,2017-11-07,Martes,0.0,17:45:00,,0.0,2,"Moto/Ciclomotor,Automóvil",Uruguay Y Liniers,3,2,0,0,1,0,0,,Calle,,ROSARIO,Rosario,Asfalto,No existe,II,Dentro,Urbana,Ninguna,No existe,Intersección,Bueno,Buena,Atardecer,Otro,Lateral,S/D,Colisión,Ninguna,Faltante,Ninguna,Sin restricción,POINT (-60.697435500000005 -32.9682539),"['Uruguay', 'Liniers']",2,Uruguay; Liniers,-32.9682539,-60.697435500000005,55.0,538.0,Municipio Rosario,Municipio,Rosario,820210,Servicio de Catastro e Información Territorial,IGN
2017,8777,2017-11-07,Martes,0.0,18:40:00,,0.0,2,"Moto/Ciclomotor,Taxi/Remis",Av. Eva Peron Y Larrea,4,1,0,0,3,0,0,,Avenida,,ROSARIO,Rosario,Asfalto,No existe,II,S/D,Urbana,Ninguna,No existe,Intersección,Bueno,Buena,Atardecer,Otro,Lateral,S/D,Colisión,Ninguna,Faltante,Ninguna,Sin restricción,POINT (-60.69743350000001 -32.9358283),"['Avenida Eva Perón', 'Larrea']",2,Avenida Eva Perón; Larrea,-32.9358283,-60.69743350000001,55.0,538.0,Municipio Rosario,Municipio,Rosario,820210,Servicio de Catastro e Información Territorial,IGN
2017,8780,2017-11-02,Jueves,0.0,20:00:00,,0.0,2,"Moto/Ciclomotor,Automóvil",Pje. Lejarza Y Tte.Agneta,3,2,0,0,1,0,0,,Calle,,ROSARIO,Rosario,Asfalto,No existe,II,Dentro,Urbana,Ninguna,No existe,Intersección,Bueno,Reducida,Nocturna,Otro,Lateral,S/D,Colisión,Ninguna,Faltante,Ninguna,Sin restricción,POINT (-60.6987972 -32.9666113),"['Lejarza', 'Teniente Agneta']",2,Joaquín Lejarza; Teniente Agneta,-32.9666113,-60.6987972,55.0,538.0,Municipio Rosario,Municipio,Rosario,820210,Servicio de Catastro e Información Territorial,IGN
2017,8794,2017-10-15,Domingo,0.0,18:50:00,,0.0,2,"Peatón,Transporte de Pasajeros Urbano (> 8 asientos)",Av. Ovidio Lagos Y Copacabana,2,1,0,0,1,0,0,,Calle,,ROSARIO,Rosario,Asfalto,No existe,II,Dentro,Urbana,Ninguna,No existe,Recta,Bueno,Buena,Atardecer,Buen Tiempo,S/D,Peatón,Atropello,Ninguna,S/D,Cordón divisorio,Sin restricción,POINT (-60.6816917 -33.028151099999995),"['Avenida Ovidio Lagos', 'Copacabana']",2,Avenida Ovidio Lagos; Copacabana,-33.028151099999995,-60.6816917,55.0,538.0,Municipio Rosario,Municipio,Rosario,820210,Servicio de Catastro e Información Territorial,IGN
2017,8805,2017-07-09,Domingo,0.0,10:15:00,,0.0,2,"Automóvil,Automóvil",Av. Pte.Peron Y Av. Circunvalacion,5,3,0,0,2,0,0,,Calle,,ROSARIO,Rosario,Asfalto,S/D,II,Dentro,Urbana,S/D,S/D,Recta,Bueno,S/D,Diurna,S/D,S/D,S/D,Colisión,S/D,S/D,S/D,S/D,POINT (-60.71697254694366 -32.970708102842494),"['Avenida Presidente Perón', 'Circunvalacion']",2,Avenida Presidente Perón; Avenida de Circunvalación 25 de Mayo,-32.970708102842494,-60.71697254694366,55.0,538.0,Municipio Rosario,Municipio,Rosario,820210,Servicio de Catastro e Información Territorial,IGN
2017,8807,2017-07-09,Domingo,0.0,16:00:00,,0.0,2,"Automóvil,Moto/Ciclomotor",Av. Provincias Unidas Y Velez Sarsfield,2,1,0,0,1,0,0,,Calle,,ROSARIO,Rosario,Asfalto,No existe,II,Dentro,Urbana,Semáforo,Funciona,Intersección,Bueno,S/D,Diurna,S/D,S/D,S/D,Colisión,Ninguna,"Horizontal,Vertical",Cordón divisorio,Sin restricción,POINT (-60.7132322 -32.92604335),"['Avenida Provincias Unidas', 'Vélez Sarsfield']",2,Avenida Provincias Unidas; Vélez Sarsfield,-32.92604335,-60.7132322,55.0,538.0,Municipio Rosario,Municipio,Rosario,820210,Servicio de Catastro e Información Territorial,IGN
2017,8831,2017-07-10,Lunes,0.0,,,0.0,2,"Automóvil,Moto/Ciclomotor",Av. Uriburu Y Av. Circunvalacion,2,1,0,0,1,0,0,,Calle,,ROSARIO,Rosario,Asfalto,S/D,II,Dentro,Urbana,S/D,S/D,Recta,Bueno,S/D,S/D,S/D,S/D,S/D,Colisión,S/D,S/D,S/D,S/D,POINT (-60.661478219834294 -32.991061565588964),"['Uriburu', 'Circunvalacion']",2,Avenida José Uriburu; Avenida de Circunvalación 25 de Mayo,-32.991061565588964,-60.66147821983429,55.0,538.0,Municipio Rosario,Municipio,Rosario,820210,Servicio de Catastro e Información Territorial,IGN
2017,8922,2017-11-16,Jueves,0.0,19:45:00,,0.0,2,"Automóvil,Moto/Ciclomotor",Av. Circunvalacion Y Av. Eva Peron,3,2,0,0,1,0,0,,Avenida,,ROSARIO,Rosario,Asfalto,No existe,II,Dentro,Urbana,Ninguna,Funciona,Intersección,Bueno,Buena,Nocturna,Buen Tiempo,S/D,S/D,Colisión,Ninguna,Vertical,Ninguna,Sin restricción,POINT (-60.7231582311677 -32.93112605584158),"['Circunvalacion', 'Avenida Eva Perón']",2,Avenida de Circunvalación 25 de Mayo; Avenida Eva Perón,-32.93112605584158,-60.7231582311677,55.0,538.0,Municipio Rosario,Municipio,Rosario,820210,Servicio de Catastro e Información Territorial,IGN
2017,8939,2017-07-22,Sabado,0.0,,,0.0,2,"Automóvil,Moto/Ciclomotor",Velez Sarsfield Y Iguazu Bis,2,1,0,0,1,0,0,,Calle,,ROSARIO,Rosario,Asfalto,No existe,II,Dentro,Urbana,Semáforo,Funciona,Intersección,Bueno,S/D,S/D,S/D,S/D,S/D,Colisión,Ninguna,Vertical,Ninguna,Sin restricción,POINT (-60.68647740000001 -32.92515409999999),"['Vélez Sarsfield', 'Iguazu']",2,Vélez Sarsfield; Iguazú,-32.92515409999999,-60.68647740000001,55.0,538.0,Municipio Rosario,Municipio,Rosario,820210,Servicio de Catastro e Información Territorial,IGN
2017,8940,2017-07-22,Sabado,0.0,1:00:00,,0.0,2,"Bicicleta,Moto/Ciclomotor",Av. Pellegrini Y Vera Mujica,2,1,0,0,1,0,0,,Calle,,ROSARIO,Rosario,Asfalto,No existe,II,Dentro,Urbana,Semáforo,Funciona,Intersección,Bueno,S/D,Nocturna,S/D,S/D,Ciclista,Atropello,Ninguna,"Horizontal,Vertical",Cordón divisorio,Sin restricción,POINT (-60.6696235 -32.952139450000004),"['Pellegrini', 'Vera Mujíca']",2,Avenida Carlos Pellegrini; Vera Mujíca,-32.952139450000004,-60.6696235,55.0,538.0,Municipio Rosario,Municipio,Rosario,820210,Servicio de Catastro e Información Territorial,IGN
2017,8948,2017-11-28,Martes,0.0,7:10:00,,0.0,2,"Automóvil,Moto/Ciclomotor",Av. Jorge Newbery Y Donado,3,2,0,0,1,0,0,,Avenida,,ROSARIO,Rosario,Asfalto,Natural,II,Dentro,Urbana,S/D,No existe,Intersección,Bueno,Buena,Amanecer,S/D,Lateral,S/D,Colisión,Ninguna,Faltante,S/D,S/D,POINT (-60.728404966666666 -32.908371466666665),"['Jorge Newbery', 'Donado']",2,Avenida Jorge Newbery; José Agustín Donado,-32.908371466666665,-60.728404966666666,55.0,538.0,Municipio Rosario,Municipio,Rosario,820210,Servicio de Catastro e Información Territorial,IGN
2017,8960,2017-11-26,Domingo,0.0,19:45:00,,0.0,2,"Taxi/Remis,Moto/Ciclomotor",Av. Jorge Newbery Y Donado,2,1,0,0,1,0,0,,Avenida,,ROSARIO,Rosario,Asfalto,Natural,II,Dentro,Urbana,S/D,No existe,Intersección,S/D,Buena,Atardecer,S/D,Lateral,S/D,Colisión,S/D,Faltante,Ninguna,S/D,POINT (-60.728404966666666 -32.908371466666665),"['Jorge Newbery', 'Donado']",2,Avenida Jorge Newbery; José Agustín Donado,-32.908371466666665,-60.728404966666666,55.0,538.0,Municipio Rosario,Municipio,Rosario,820210,Servicio de Catastro e Información Territorial,IGN
2017,8962,2017-07-24,Lunes,0.0,18:00:00,,0.0,2,"Moto/Ciclomotor,Automóvil",Gral.Mosconi Y Bv. Avellaneda,2,1,0,0,1,0,0,,Calle,,ROSARIO,Rosario,Asfalto,No existe,II,Dentro,Urbana,Ninguna,No existe,Intersección,Bueno,S/D,Diurna,S/D,S/D,S/D,Colisión,Ninguna,Horizontal,Cordón divisorio,Sin restricción,POINT (-60.674045425 -32.99408945),"['Mosconi', 'Avellaneda']",2,General Mosconi; Bulevar Nicolás Avellaneda,-32.99408945,-60.674045425,55.0,538.0,Municipio Rosario,Municipio,Rosario,820210,Servicio de Catastro e Información Territorial,IGN
2017,8964,2017-11-26,Domingo,0.0,15:10:00,,0.0,2,"Pickup/Utilitario,Automóvil",Union Y Superi,4,1,0,0,3,0,0,,Calle,,ROSARIO,Rosario,Asfalto,No existe,II,Dentro,Urbana,Ninguna,No existe,Intersección,Bueno,Buena,Diurna,Buen Tiempo,S/D,S/D,Colisión,Ninguna,Faltante,Ninguna,Sin restricción,POINT (-60.7023202 -32.89639519999999),"['Unión', 'Superi']",2,Unión; Comandante José Superí,-32.89639519999999,-60.7023202,55.0,538.0,Municipio Rosario,Municipio,Rosario,820210,Servicio de Catastro e Información Territorial,IGN
2017,8965,2017-07-29,Sabado,0.0,,,0.0,2,"Pickup/Utilitario,Moto/Ciclomotor",San Luis 4900,2,1,0,0,1,0,0,,Calle,,ROSARIO,Rosario,Asfalto,No existe,II,Dentro,Urbana,Ninguna,No existe,Recta,Bueno,S/D,S/D,S/D,S/D,S/D,Colisión,Ninguna,Faltante,Ninguna,Sin restricción,"-32.9396785, -60.6904477",['San Luis 4900'],1,San Luis 4900,-32.9396785,-60.6904477,55.0,538.0,Municipio Rosario,Municipio,Rosario,820210,Servicio de Catastro e Información Territorial,IGN
2017,8967,2017-07-29,Sabado,0.0,,,0.0,1,Transporte de Pasajeros Urbano (> 8 asientos),Av. Ovidio Lagos 5250,2,1,0,0,1,0,0,,Calle,,ROSARIO,Rosario,Asfalto,No existe,II,Dentro,Urbana,Ninguna,No existe,Recta,Bueno,S/D,S/D,S/D,S/D,S/D,Caída ocupante,Ninguna,Faltante,Ninguna,Sin restricción,"-32.9959272, -60.6761813",['Ovidio Lagos 5250'],1,Ovidio Lagos 5250,-32.9959272,-60.6761813,55.0,538.0,Municipio Rosario,Municipio,Rosario,820210,Servicio de Catastro e Información Territorial,IGN
2017,8969,2017-11-02,Jueves,0.0,20:50:00,,0.0,2,"Pickup/Utilitario,Moto/Ciclomotor",Martinez Estrada ,3,1,0,0,2,0,0,,Calle,,ROSARIO,Rosario,Asfalto,No existe,II,S/D,Urbana,S/D,No existe,Intersección,S/D,S/D,Nocturna,S/D,S/D,S/D,Colisión,S/D,S/D,S/D,S/D,"-32.9111491, -60.7292245",['Martinez Estrada'],1,Martinez Estrada,-32.9111491,-60.7292245,55.0,538.0,Municipio Rosario,Municipio,Rosario,820210,Servicio de Catastro e Información Territorial,IGN
2017,8971,2017-11-06,Lunes,0.0,,,0.0,2,"Automóvil,Moto/Ciclomotor",Morrison Y Donado,4,2,0,0,2,0,0,,Calle,,ROSARIO,Rosario,Asfalto,No existe,II,Dentro,Urbana,Ninguna,No existe,Recta,Bueno,Buena,Diurna,Buen Tiempo,Lateral,S/D,Colisión,Ninguna,Faltante,Ninguna,Sin restricción,POINT (-60.7275603 -32.92546369999999),"['Morrison', 'Donado']",2,Avenida Morrison; José Agustín Donado,-32.92546369999999,-60.7275603,55.0,538.0,Municipio Rosario,Municipio,Rosario,820210,Servicio de Catastro e Información Territorial,IGN
2017,8972,2017-07-29,Sabado,0.0,,,0.0,2,"Bicicleta,Automóvil",Viamonte ,2,1,0,0,1,0,0,,Calle,,ROSARIO,Rosario,S/D,S/D,II,Dentro,Urbana,S/D,S/D,S/D,S/D,S/D,S/D,S/D,S/D,Ciclista,Atropello,S/D,S/D,S/D,S/D,"-32.965839, -60.6401631",['Viamonte'],1,Viamonte,-32.965839,-60.6401631,55.0,538.0,Municipio Rosario,Municipio,Rosario,820210,Servicio de Catastro e Información Territorial,IGN
2017,8973,2017-11-03,Viernes,0.0,6:00:00,,0.0,2,"Moto/Ciclomotor,Transporte de Pasajeros Urbano (> 8 asientos)",Donado Y J.B.Justo,3,2,0,0,1,0,0,,Calle,,ROSARIO,Rosario,Asfalto,No existe,II,S/D,Urbana,Ninguna,No existe,Intersección,Deteriorada,S/D,Amanecer,Buen Tiempo,S/D,S/D,Colisión,S/D,Faltante,Ninguna,S/D,POINT (-60.72724740000001 -32.933859999999996),"['Donado', 'Justo']",2,"('José Agustín Donado', 'Justo José de Urquiza')",-32.93386,-60.72724740000001,55.0,538.0,Municipio Rosario,Municipio,Rosario,820210,Servicio de Catastro e Información Territorial,IGN
2017,8975,2017-07-30,Domingo,0.0,22:55:00,,0.0,2,"Bicicleta,Automóvil",Garibaldi ,2,1,0,0,1,0,0,,Calle,,ROSARIO,Rosario,Tierra,S/D,II,Dentro,Urbana,S/D,S/D,Recta,S/D,S/D,Nocturna,S/D,S/D,Ciclista,Atropello,S/D,S/D,S/D,S/D,"-32.9812969, -60.6741331",['José Garibaldi'],1,José Garibaldi,-32.9812969,-60.6741331,55.0,538.0,Municipio Rosario,Municipio,Rosario,820210,Servicio de Catastro e Información Territorial,IGN
2017,8976,2017-11-23,Jueves,0.0,9:05:00,,0.0,2,"Moto/Ciclomotor,Automóvil",J.B.Justo Y Gonzalez del Solar,3,2,0,0,1,0,0,,Calle,,ROSARIO,Rosario,Asfalto,No existe,II,S/D,Urbana,Ninguna,No existe,Intersección,"Con baches,Deteriorada",S/D,Diurna,S/D,S/D,S/D,Colisión,Ninguna,Faltante,Ninguna,S/D,POINT (-60.736657 -32.9340887),"['Justo', 'González del Solar']",2,"('Justo José de Urquiza', 'González del Solar')",-32.9340887,-60.736657,55.0,538.0,Municipio Rosario,Municipio,Rosario,820210,Servicio de Catastro e Información Territorial,IGN
2017,8980,2017-11-17,Viernes,0.0,20:40:00,,0.0,2,"Moto/Ciclomotor,Automóvil",Av. Jorge Newbery Y Donado,3,1,0,0,2,0,0,,Calle,,ROSARIO,Rosario,Asfalto,Natural,II,S/D,Urbana,Ninguna,No existe,Intersección,Deteriorada,S/D,Nocturna,S/D,S/D,S/D,Colisión,S/D,Horizontal,Línea divisoria pintada,S/D,POINT (-60.728404966666666 -32.908371466666665),"['Jorge Newbery', 'Donado']",2,Avenida Jorge Newbery; José Agustín Donado,-32.908371466666665,-60.728404966666666,55.0,538.0,Municipio Rosario,Municipio,Rosario,820210,Servicio de Catastro e Información Territorial,IGN
2017,8984,2017-11-04,Sabado,0.0,8:30:00,,0.0,2,"Automóvil,Moto/Ciclomotor",Av. Jorge Newbery Y Sanchez de Loria Bis,3,1,0,0,2,0,0,,Calle,,ROSARIO,Rosario,Asfalto,Natural,II,S/D,Urbana,Paso Peatonal,No existe,Intersección,Deteriorada,S/D,Amanecer,S/D,S/D,S/D,Colisión,S/D,Horizontal,Línea divisoria pintada,S/D,POINT (-60.73309916000001 -32.90848276),"['Jorge Newbery', 'Sánchez de Loria']",2,Avenida Jorge Newbery; Sánchez de Loria,-32.90848276,-60.73309916000001,55.0,538.0,Municipio Rosario,Municipio,Rosario,820210,Servicio de Catastro e Información Territorial,IGN
2017,9004,2017-11-05,Domingo,0.0,20:35:00,,0.0,2,"Automóvil,Automóvil",J.J.Paso Y Donado,3,2,0,0,1,0,0,,Calle,,ROSARIO,Rosario,Asfalto,No existe,II,Dentro,Urbana,Semáforo,Funciona,Recta,Bueno,Buena,Nocturna,Buen Tiempo,Otro,S/D,Colisión,Ninguna,Vertical,Ninguna,Sin restricción,POINT (-60.72775539999999 -32.92067259999999),"['Paso', 'Donado']",2,Avenida Juan José Paso; José Agustín Donado,-32.92067259999999,-60.72775539999999,55.0,538.0,Municipio Rosario,Municipio,Rosario,820210,Servicio de Catastro e Información Territorial,IGN
2017,9005,2017-11-09,Jueves,0.0,7:26:00,,0.0,1,Transporte de Pasajeros Urbano (> 8 asientos),Santa Fe Y Dorrego,2,1,0,0,1,0,0,,Calle,,ROSARIO,Rosario,Asfalto,No existe,II,S/D,Urbana,Ninguna,No existe,Intersección,Bueno,Buena,Diurna,Buen Tiempo,S/D,S/D,Caída ocupante,Ninguna,Faltante,Ninguna,Sin restricción,POINT (-60.648860799999994 -32.94310639999999),"['Santa Fe', 'Dorrego']",2,Santa Fe; Manuel Dorrego,-32.94310639999999,-60.6488608,55.0,538.0,Municipio Rosario,Municipio,Rosario,820210,Servicio de Catastro e Información Territorial,IGN
2017,9008,2017-11-15,Miercoles,0.0,15:00:00,,0.0,2,"Moto/Ciclomotor,Automóvil",Av. Belgrano Y Sgto Cabral,2,0,1,0,1,0,0,,Avenida,,ROSARIO,Rosario,Asfalto,No existe,II,Dentro,Urbana,Semáforo,Funciona,Intersección,Bueno,Buena,Diurna,Buen Tiempo,Lateral,S/D,Colisión,Ninguna,Vertical,Ninguna,Sin restricción,POINT (-60.63405088333334 -32.94321101666666),"['Belgrano', 'Sargento Cabral']",2,Avenida Manuel Belgrano; Sargento Cabral,-32.94321101666666,-60.63405088333334,55.0,538.0,Municipio Rosario,Municipio,Rosario,820210,Servicio de Catastro e Información Territorial,IGN
2017,9010,2017-11-14,Martes,0.0,18:00:00,,0.0,2,"Moto/Ciclomotor,Automóvil",Av. Provincias Unidas Y Velez Sarsfield,3,1,0,0,2,0,0,,Avenida,,ROSARIO,Rosario,Asfalto,No existe,II,Dentro,Urbana,Ninguna,Funciona,Recta,Bueno,Buena,Diurna,Buen Tiempo,De alcance,S/D,Colisión,Ninguna,"Horizontal,Vertical",Cordón divisorio,Sin restricción,POINT (-60.7132322 -32.92604335),"['Avenida Provincias Unidas', 'Vélez Sarsfield']",2,Avenida Provincias Unidas; Vélez Sarsfield,-32.92604335,-60.7132322,55.0,538.0,Municipio Rosario,Municipio,Rosario,820210,Servicio de Catastro e Información Territorial,IGN
2017,9013,2017-11-16,Jueves,0.0,11:00:00,,0.0,2,"Moto/Ciclomotor,Pickup/Utilitario",Av. Wheelwright Y Pte.Roca,2,1,0,0,1,0,0,,Calle,,ROSARIO,Rosario,Asfalto,No existe,II,Dentro,Urbana,Semáforo,Funciona,Intersección,Bueno,Buena,Diurna,Buen Tiempo,De alcance,S/D,Colisión,Ninguna,Vertical,Ninguna,Reparación de Vía,POINT (-60.6427887 -32.9358766),"['Avenida Guillermo Wheelwright', 'Roca']",2,Avenida Guillermo Wheelwright; Presidente Roca,-32.9358766,-60.6427887,55.0,538.0,Municipio Rosario,Municipio,Rosario,820210,Servicio de Catastro e Información Territorial,IGN
2017,9014,2017-11-15,Miercoles,0.0,10:30:00,,0.0,2,"Transporte de Pasajeros Urbano (> 8 asientos),Taxi/Remis",Bv. Argentino Y Donado,2,1,0,0,1,0,0,,Calle,,ROSARIO,Rosario,Asfalto,No existe,II,Dentro,Urbana,Ninguna,No existe,Recta,Bueno,Buena,Diurna,Buen Tiempo,De alcance,S/D,Colisión,Ninguna,Faltante,Ninguna,Sin restricción,POINT (-60.7275987 -32.9241759),"['Argentino', 'Donado']",2,Avenida Central Argentino; José Agustín Donado,-32.9241759,-60.7275987,55.0,538.0,Municipio Rosario,Municipio,Rosario,820210,Servicio de Catastro e Información Territorial,IGN
2017,9015,2017-11-08,Miercoles,0.0,7:45:00,,0.0,2,"Bicicleta,Automóvil",Tucuman Y Paraguay,2,1,0,0,1,0,0,,Calle,,ROSARIO,Rosario,Asfalto,No existe,II,Dentro,Urbana,Ninguna,No existe,Intersección,Bueno,Buena,Diurna,Buen Tiempo,S/D,Ciclista,Atropello,Ninguna,Faltante,Ninguna,Sin restricción,POINT (-60.6425624 -32.94080369999999),"['Tucumán', 'Paraguay']",2,Tucumán; Paraguay,-32.94080369999999,-60.6425624,55.0,538.0,Municipio Rosario,Municipio,Rosario,820210,Servicio de Catastro e Información Territorial,IGN
2017,9016,2017-11-15,Miercoles,0.0,21:20:00,,0.0,2,"Peatón,Moto/Ciclomotor",Ciudadela 3400,2,1,0,0,1,0,0,,Calle,,ROSARIO,Rosario,Asfalto,No existe,II,Dentro,Urbana,S/D,S/D,Recta,Bueno,S/D,Nocturna,Buen Tiempo,S/D,Peatón,Atropello,S/D,S/D,S/D,S/D,"-32.8922892, -60.7215825",['Ciudadela 3400'],1,Ciudadela 3400,-32.8922892,-60.7215825,55.0,538.0,Municipio Rosario,Municipio,Rosario,820210,Servicio de Catastro e Información Territorial,IGN
2017,9018,2017-11-28,Martes,0.0,8:30:00,,0.0,2,"Moto/Ciclomotor,Automóvil",Mendoza Y Ravignani,3,1,0,0,2,0,0,,Calle,,ROSARIO,Rosario,Asfalto,No existe,II,Dentro,Urbana,S/D,No existe,Intersección,Bueno,S/D,Diurna,S/D,Otro,S/D,Colisión,S/D,Faltante,Cordón divisorio,S/D,POINT (-60.72619850000001 -32.940656999999995),"['Mendoza', 'Ravignani']",2,Mendoza; Ravignani,-32.940656999999995,-60.72619850000001,55.0,538.0,Municipio Rosario,Municipio,Rosario,820210,Servicio de Catastro e Información Territorial,IGN