anio_acci,nro_acci,fecha,desc_dia,fecha_aprox,hora_aprox,desc_ruta,km,cant_participantes,desc_participante,calle_avenida_km,total,heridos_leves,heridos_graves,heridos_gravisimos,ilesos,fallecidos,sin_datos,posicion_XY,desc_tipo_via,desc_ruta_ori,desc_loc,desc_dpto,desc_tipo_calzada,desc_tipo_banquina,desc_unidad_regional,desc_lugar_calzada,desc_zona,desc_prioridad,desc_estado_semaforo,desc_lugar_via,desc_estado_via,desc_estado_visibilidad,desc_luminosidad,desc_estado_clima,desc_tipo_colision,desc_tipo_atropello,desc_tipo_hecho,desc_pres_calzada,desc_senializacion,desc_separacion_via,desc_restriccion,forma_geocod,calle_lista,numero_calles,calles_osm,lat,lon,index_right,gid,fna,gna,nam,in1,fdc,sag
2017,9019,2017-11-23,Jueves,0.0,1:50:00,,0.0,2,"Taxi/Remis,Moto/Ciclomotor",Bv. Oroño Y Tucuman,2,1,0,0,1,0,0,,Avenida,,ROSARIO,Rosario,Asfalto,S/D,II,S/D,Urbana,S/D,S/D,Intersección,S/D,S/D,"Nocturna,Con luz artificial",S/D,S/D,S/D,Colisión,S/D,S/D,Cordón divisorio,S/D,POINT (-60.6521219 -32.9390762),"['Bulevar Nicasio Oroño', 'Tucumán']",2,Bulevar Nicasio Oroño; Tucumán,-32.9390762,-60.6521219,55.0,538.0,Municipio Rosario,Municipio,Rosario,820210,Servicio de Catastro e Información Territorial,IGN
2017,9020,2017-11-23,Jueves,0.0,18:00:00,,0.0,2,"Peatón,Automóvil",Rivadavia Y Bv. Oroño,2,0,1,0,1,0,0,,Calle,,ROSARIO,Rosario,S/D,No existe,II,S/D,Urbana,S/D,S/D,Intersección,S/D,S/D,Diurna,S/D,S/D,Peatón,Atropello,S/D,"Horizontal,Vertical",S/D,Sin restricción,POINT (-60.65036005 -32.93210415),"['Rivadavia', 'Bulevar Nicasio Oroño']",2,Avenida Bernardino Rivadavia; Bulevar Nicasio Oroño,-32.93210415,-60.65036005,55.0,538.0,Municipio Rosario,Municipio,Rosario,820210,Servicio de Catastro e Información Territorial,IGN
2017,9021,2017-11-16,Jueves,0.0,,,0.0,2,"Moto/Ciclomotor,Automóvil",Av. Jorge Newbery Y Alvarez Condarco,2,0,1,0,1,0,0,,Avenida,,ROSARIO,Rosario,Asfalto,No existe,II,Dentro,Urbana,Señal Pare,S/D,S/D,Bueno,Buena,Diurna,Buen Tiempo,Frontal,S/D,Colisión,S/D,Vertical,Cordón divisorio,S/D,POINT (-60.755882 -32.909080399999986),"['Jorge Newbery', 'Álvarez Condarco']",2,Avenida Jorge Newbery; Álvarez Condarco,-32.909080399999986,-60.755882,55.0,538.0,Municipio Rosario,Municipio,Rosario,820210,Servicio de Catastro e Información Territorial,IGN
2017,9022,2017-11-23,Jueves,0.0,12:00:00,,0.0,2,"Peatón,Camión c / Acoplado",Mendoza Y Bv. Wilde,2,1,0,0,1,0,0,,Calle,,ROSARIO,Rosario,Asfalto,No existe,II,Dentro,Urbana,S/D,Funciona,Recta,Bueno,S/D,Diurna,S/D,S/D,Peatón,Atropello,S/D,Vertical,Cordón divisorio,S/D,POINT (-60.738499825 -32.9402949),"['Mendoza', 'Bulevar Wilde']",2,Mendoza; Bulevar Wilde,-32.9402949,-60.738499825,55.0,538.0,Municipio Rosario,Municipio,Rosario,820210,Servicio de Catastro e Información Territorial,IGN
2017,9029,2017-11-07,Martes,0.0,15:20:00,,0.0,2,"Camión c / Acoplado,Moto/Ciclomotor",Zuviria ,2,1,0,0,1,0,0,,Calle,,ROSARIO,Rosario,Asfalto,S/D,II,Dentro,Urbana,S/D,S/D,Recta,Bueno,S/D,Diurna,S/D,Otro,S/D,Colisión,S/D,S/D,Ninguna,S/D,"-32.9365964, -60.7006454",['Zuviría'],1,Zuviría,-32.9365964,-60.7006454,55.0,538.0,Municipio Rosario,Municipio,Rosario,820210,Servicio de Catastro e Información Territorial,IGN
2017,9031,2017-10-27,Viernes,0.0,20:30:00,,0.0,2,"Automóvil,Automóvil",Mitre Y Montevideo,2,1,0,0,1,0,0,,Calle,,ROSARIO,Rosario,Asfalto,No existe,II,S/D,Urbana,S/D,No existe,Intersección,S/D,S/D,"Nocturna,Con luz artificial",S/D,S/D,S/D,Colisión,S/D,Horizontal,S/D,S/D,POINT (-60.6420026 -32.95589439999999),"['Mitre', 'Montevideo']",2,Bartolomé Mitre; Montevideo,-32.95589439999999,-60.6420026,55.0,538.0,Municipio Rosario,Municipio,Rosario,820210,Servicio de Catastro e Información Territorial,IGN
2017,9033,2017-11-05,Domingo,0.0,3:30:00,,0.0,2,"Moto/Ciclomotor,Moto/Ciclomotor",Mendoza Y Av. Circunvalacion,2,2,0,0,0,0,0,,Avenida,,ROSARIO,Rosario,Asfalto,No existe,II,Dentro,Urbana,Semáforo,Funciona,Recta,Bueno,S/D,Nocturna,S/D,Otro,S/D,Colisión,S/D,"Horizontal,Vertical",Cordón divisorio,S/D,POINT (-60.72253500134355 -32.94050844672854),"['Mendoza', 'Circunvalacion']",2,Mendoza; Avenida de Circunvalación 25 de Mayo,-32.94050844672854,-60.72253500134355,55.0,538.0,Municipio Rosario,Municipio,Rosario,820210,Servicio de Catastro e Información Territorial,IGN
2017,9039,2017-11-03,Viernes,0.0,9:45:00,,0.0,2,"Automóvil,Automóvil",Bv. Oroño Y San Lorenzo,2,1,0,0,1,0,0,,Avenida,,ROSARIO,Rosario,Asfalto,No existe,II,S/D,Urbana,S/D,No existe,Intersección,S/D,S/D,Diurna,S/D,S/D,S/D,Colisión,S/D,Horizontal,S/D,S/D,POINT (-60.652740599999994 -32.9414065),"['Bulevar Nicasio Oroño', 'San Lorenzo']",2,Bulevar Nicasio Oroño; San Lorenzo,-32.9414065,-60.6527406,55.0,538.0,Municipio Rosario,Municipio,Rosario,820210,Servicio de Catastro e Información Territorial,IGN
2017,9046,2017-11-25,Sabado,0.0,20:30:00,,0.0,2,"Automóvil,Moto/Ciclomotor",Av. Circunvalacion ,2,1,0,0,1,0,0,,Avenida,,ROSARIO,Rosario,Asfalto,Pavimento,II,Dentro,Urbana,Ninguna,No existe,Recta,Bueno,Buena,Nocturna,Buen Tiempo,Lateral,S/D,Colisión,S/D,Horizontal,"Guardarrail,Línea divisoria pintada",Sin restricción,"-32.9954148, -60.6940772",['Circunvalacion'],1,Circunvalacion,-32.9954148,-60.6940772,55.0,538.0,Municipio Rosario,Municipio,Rosario,820210,Servicio de Catastro e Información Territorial,IGN
2017,9048,2017-11-02,Jueves,0.0,20:30:00,,0.0,2,"Moto/Ciclomotor,Pickup/Utilitario",Urquiza Y F.More,5,4,0,0,0,0,1,,Calle,,ROSARIO,Rosario,Asfalto,No existe,II,Dentro,Urbana,S/D,No existe,Intersección,S/D,S/D,Nocturna,S/D,Lateral,S/D,Colisión,S/D,Faltante,Ninguna,S/D,POINT (-60.6937274 -32.93290499999999),"['Urquiza', 'Felipe Moré']",2,Justo José de Urquiza; Felipe Moré,-32.93290499999999,-60.6937274,55.0,538.0,Municipio Rosario,Municipio,Rosario,820210,Servicio de Catastro e Información Territorial,IGN
2017,9050,2017-11-14,Martes,0.0,11:40:00,,0.0,2,"Moto/Ciclomotor,Automóvil",Walt Disney Y Herrero Miranda,2,1,0,0,1,0,0,,Calle,,ROSARIO,Rosario,Asfalto,No existe,II,S/D,Urbana,Ninguna,No existe,Intersección,Bueno,Buena,Diurna,Buen Tiempo,Lateral,S/D,Colisión,Ninguna,Faltante,S/D,Sin restricción,POINT (-60.7105535 -32.8918119),"['Walt Disney', 'Herrero Miranda']",2,Walt Disney; Herrero Miranda,-32.8918119,-60.7105535,55.0,538.0,Municipio Rosario,Municipio,Rosario,820210,Servicio de Catastro e Información Territorial,IGN
2017,9053,2017-11-18,Sabado,0.0,4:30:00,,0.0,2,"Automóvil,Moto/Ciclomotor",Avalos Y Larrechea,3,2,0,0,1,0,0,,Calle,,ROSARIO,Rosario,Asfalto,No existe,II,Dentro,Urbana,Ninguna,No existe,Intersección,Bueno,Buena,Nocturna,Buen Tiempo,S/D,S/D,Colisión,Ninguna,Faltante,Ninguna,Sin restricción,POINT (-60.7077438 -32.8984831),"['Ávalos', 'Larrechea']",2,Ávalos; Larrechea,-32.8984831,-60.7077438,55.0,538.0,Municipio Rosario,Municipio,Rosario,820210,Servicio de Catastro e Información Territorial,IGN
2017,9054,2017-11-06,Lunes,0.0,12:15:00,,0.0,4,"Automóvil,Taxi/Remis,Automóvil,Automóvil",Santa Fe Y Carriego,4,1,0,0,3,0,0,,Calle,,ROSARIO,Rosario,Asfalto,No existe,II,Dentro,Urbana,Semáforo,Funciona,Intersección,S/D,S/D,Diurna,Otro,Lateral,S/D,Colisión,Ninguna,Vertical,Ninguna,S/D,POINT (-60.688340700000005 -32.93603470000001),"['Santa Fe', 'Carriego']",2,Santa Fe; Carriego,-32.93603470000001,-60.688340700000005,55.0,538.0,Municipio Rosario,Municipio,Rosario,820210,Servicio de Catastro e Información Territorial,IGN
2017,9055,2017-11-04,Sabado,0.0,12:20:00,,0.0,2,"Automóvil,Peatón",San Juan 2100,2,1,0,0,1,0,0,,Calle,,ROSARIO,Rosario,Asfalto,No existe,II,S/D,Urbana,S/D,No existe,S/D,S/D,S/D,Diurna,S/D,S/D,Peatón,Atropello,S/D,Horizontal,S/D,S/D,"-32.9476336, -60.6526021",['San Juan 2100'],1,San Juan 2100,-32.9476336,-60.6526021,55.0,538.0,Municipio Rosario,Municipio,Rosario,820210,Servicio de Catastro e Información Territorial,IGN
2017,9058,2017-07-05,Miercoles,0.0,,,0.0,2,"Peatón,Automóvil",San Juan Y Rodriguez,3,2,0,0,1,0,0,,Calle,,ROSARIO,Rosario,Asfalto,No existe,II,Dentro,Urbana,Señal Pare,No existe,Intersección,Bueno,S/D,S/D,S/D,S/D,Peatón,Atropello,Ninguna,Horizontal,Ninguna,Sin restricción,POINT (-60.659640800000005 -32.946484099999985),"['San Juan', 'Rodríguez']",2,San Juan; Rodríguez de Escobedo,-32.946484099999985,-60.659640800000005,55.0,538.0,Municipio Rosario,Municipio,Rosario,820210,Servicio de Catastro e Información Territorial,IGN
2017,9059,2017-11-03,Viernes,0.0,10:20:00,,0.0,2,"Taxi/Remis,Peatón",San Luis Y Mariano Moreno,2,0,0,0,1,0,1,,Calle,,ROSARIO,Rosario,Asfalto,No existe,II,S/D,Urbana,S/D,No existe,Intersección,S/D,S/D,Diurna,S/D,S/D,Peatón,Atropello,S/D,Horizontal,S/D,S/D,POINT (-60.6512659 -32.94680389999999),"['San Luis', 'Mariano Moreno']",2,San Luis; Mariano Moreno,-32.94680389999999,-60.6512659,55.0,538.0,Municipio Rosario,Municipio,Rosario,820210,Servicio de Catastro e Información Territorial,IGN
2017,9060,2017-11-17,Viernes,0.0,13:10:00,,0.0,2,"Moto/Ciclomotor,Moto/Ciclomotor",Solis Y Gorriti,2,0,0,1,1,0,0,,Avenida,,ROSARIO,Rosario,Asfalto,No existe,II,Dentro,Urbana,S/D,No existe,Intersección,Bueno,S/D,Diurna,Buen Tiempo,Lateral,S/D,Colisión,S/D,Faltante,Cordón divisorio,S/D,POINT (-60.70404950000001 -32.92411169999999),"['Solis', 'Gorriti']",2,Juan Díaz de Solís; Gorriti,-32.92411169999999,-60.70404950000001,55.0,538.0,Municipio Rosario,Municipio,Rosario,820210,Servicio de Catastro e Información Territorial,IGN
2017,9062,2017-11-03,Viernes,0.0,16:00:00,,0.0,2,"Bicicleta,Automóvil",Pte.Roca Y Cordoba,2,1,0,0,1,0,0,,Calle,,ROSARIO,Rosario,Asfalto,No existe,II,S/D,Urbana,S/D,S/D,Recta,S/D,S/D,Diurna,S/D,S/D,Ciclista,Atropello,S/D,"Horizontal,Vertical",S/D,S/D,POINT (-60.6450798 -32.94517329999999),"['Roca', 'Córdoba']",2,Presidente Roca; Córdoba,-32.94517329999999,-60.6450798,55.0,538.0,Municipio Rosario,Municipio,Rosario,820210,Servicio de Catastro e Información Territorial,IGN
2017,9063,2017-11-05,Domingo,0.0,5:20:00,,0.0,1,Automóvil,Cordoba Y Balcarce,6,6,0,0,0,0,0,,Calle,,ROSARIO,Rosario,Asfalto,No existe,II,S/D,Urbana,S/D,S/D,Intersección,S/D,S/D,"Nocturna,Con luz artificial",S/D,Contra objeto fijo,S/D,Colisión,S/D,"Horizontal,Vertical",Ninguna,S/D,POINT (-60.65191980000001 -32.943977999999994),"['Córdoba', 'Balcarce']",2,Córdoba; Balcarce,-32.943977999999994,-60.65191980000001,55.0,538.0,Municipio Rosario,Municipio,Rosario,820210,Servicio de Catastro e Información Territorial,IGN
2017,9065,2017-11-05,Domingo,0.0,1:45:00,,0.0,2,"Moto/Ciclomotor,Moto/Ciclomotor",Tucuman Y España,2,2,0,0,0,0,0,,Calle,,ROSARIO,Rosario,Asfalto,No existe,II,S/D,Urbana,S/D,S/D,Intersección,S/D,S/D,"Nocturna,Con luz artificial",S/D,S/D,S/D,Colisión,S/D,"Horizontal,Vertical",S/D,S/D,POINT (-60.64531730000001 -32.940300199999996),"['Tucumán', 'España']",2,Tucumán; España,-32.9403002,-60.64531730000001,55.0,538.0,Municipio Rosario,Municipio,Rosario,820210,Servicio de Catastro e Información Territorial,IGN
2017,9066,2017-11-05,Domingo,0.0,4:30:00,,0.0,1,Automóvil,Pte.Roca Y Av. Pellegrini,2,1,0,0,1,0,0,,Avenida,,ROSARIO,Rosario,Asfalto,No existe,II,S/D,Urbana,Semáforo,Funciona,Intersección,Bueno,S/D,"Nocturna,Con luz artificial",S/D,Contra objeto fijo,S/D,Colisión,Ninguna,Vertical,Cordón divisorio,S/D,POINT (-60.6478283 -32.95605889999999),"['Roca', 'Pellegrini']",2,Presidente Roca; Avenida Carlos Pellegrini,-32.95605889999999,-60.6478283,55.0,538.0,Municipio Rosario,Municipio,Rosario,820210,Servicio de Catastro e Información Territorial,IGN
2017,9069,2017-11-24,Viernes,0.0,21:30:00,,0.0,2,"Vehículo Oficial,Automóvil",Italia Y 9 De Julio,2,1,0,0,1,0,0,,Calle,,ROSARIO,Rosario,Asfalto,No existe,II,S/D,Urbana,S/D,No existe,Intersección,S/D,S/D,"Nocturna,Con luz artificial",S/D,S/D,S/D,Colisión,S/D,S/D,S/D,S/D,POINT (-60.649733700000006 -32.95212239999999),"['Italia', '9 de Julio']",2,Italia; 9 de Julio,-32.95212239999999,-60.649733700000006,55.0,538.0,Municipio Rosario,Municipio,Rosario,820210,Servicio de Catastro e Información Territorial,IGN
2017,9070,2017-10-22,Domingo,0.0,15:30:00,,0.0,2,"Otros,Taxi/Remis",Av. Corrientes Y San Luis,2,0,1,0,1,0,0,,Calle,,ROSARIO,Rosario,Asfalto,No existe,II,S/D,Urbana,S/D,S/D,Intersección,S/D,S/D,Diurna,S/D,S/D,S/D,Atropello,S/D,"Horizontal,Vertical",S/D,S/D,POINT (-60.6429694 -32.948293099999994),"['Corrientes', 'San Luis']",2,Corrientes; San Luis,-32.948293099999994,-60.6429694,55.0,538.0,Municipio Rosario,Municipio,Rosario,820210,Servicio de Catastro e Información Territorial,IGN
2017,9071,2017-11-08,Miercoles,0.0,11:05:00,,0.0,2,"Automóvil,Moto/Ciclomotor",Laprida Y Riobamba,3,2,0,0,1,0,0,,Calle,,ROSARIO,Rosario,Asfalto,No existe,II,S/D,Urbana,S/D,No existe,Intersección,S/D,S/D,Diurna,S/D,S/D,S/D,Colisión,S/D,Faltante,S/D,S/D,POINT (-60.6384293 -32.9637312),"['Laprida', 'Riobamba']",2,Francisco Narciso Laprida; Riobamba,-32.9637312,-60.6384293,55.0,538.0,Municipio Rosario,Municipio,Rosario,820210,Servicio de Catastro e Información Territorial,IGN
2017,9074,2017-11-09,Jueves,0.0,9:45:00,,0.0,2,"Peatón,Automóvil",Mendoza Y Av. Corrientes,2,1,0,0,1,0,0,,Calle,,ROSARIO,Rosario,Asfalto,No existe,II,S/D,Urbana,Semáforo,Funciona,Intersección,S/D,S/D,Diurna,S/D,S/D,Peatón,Atropello,S/D,Vertical,Ninguna,S/D,POINT (-60.643583500000005 -32.9507824),"['Mendoza', 'Corrientes']",2,Mendoza; Corrientes,-32.9507824,-60.643583500000005,55.0,538.0,Municipio Rosario,Municipio,Rosario,820210,Servicio de Catastro e Información Territorial,IGN
2017,9077,2017-11-08,Miercoles,0.0,13:05:00,,0.0,2,"Automóvil,Moto/Ciclomotor",Catamarca Y Bv. Oroño,2,1,0,0,1,0,0,,Avenida,,ROSARIO,Rosario,Asfalto,No existe,II,S/D,Urbana,S/D,No existe,Intersección,Bueno,S/D,Diurna,S/D,S/D,S/D,Colisión,S/D,Horizontal,S/D,S/D,POINT (-60.651806750000006 -32.9378818),"['Catamarca', 'Bulevar Nicasio Oroño']",2,Catamarca; Bulevar Nicasio Oroño,-32.9378818,-60.651806750000006,55.0,538.0,Municipio Rosario,Municipio,Rosario,820210,Servicio de Catastro e Información Territorial,IGN
2017,9078,2017-11-09,Jueves,0.0,15:00:00,,0.0,2,"Taxi/Remis,Moto/Ciclomotor",Paraguay Y E.Zeballos,2,1,0,0,1,0,0,,Calle,,ROSARIO,Rosario,S/D,No existe,II,S/D,Urbana,S/D,No existe,S/D,S/D,S/D,Diurna,S/D,S/D,S/D,Colisión,S/D,Horizontal,Ninguna,S/D,POINT (-60.645889 -32.9540204),"['Paraguay', 'Zeballos']",2,Paraguay; Zeballos,-32.9540204,-60.645889,55.0,538.0,Municipio Rosario,Municipio,Rosario,820210,Servicio de Catastro e Información Territorial,IGN
2017,9079,2017-11-04,Sabado,0.0,10:30:00,,0.0,2,"Automóvil,Taxi/Remis",Pte.Roca Y Catamarca,3,1,0,0,2,0,0,,Calle,,ROSARIO,Rosario,Asfalto,No existe,II,S/D,Urbana,S/D,No existe,Recta,Bueno,S/D,Diurna,Buen Tiempo,S/D,S/D,Colisión,S/D,Horizontal,Ninguna,S/D,POINT (-60.64362650000001 -32.9393896),"['Roca', 'Catamarca']",2,Presidente Roca; Catamarca,-32.9393896,-60.64362650000001,55.0,538.0,Municipio Rosario,Municipio,Rosario,820210,Servicio de Catastro e Información Territorial,IGN
2017,9080,2017-11-30,Jueves,0.0,8:40:00,,0.0,2,"Automóvil,Moto/Ciclomotor",Mendoza Y Balcarce,2,1,0,0,1,0,0,,Calle,,ROSARIO,Rosario,Asfalto,No existe,II,S/D,Urbana,S/D,S/D,Recta,Bueno,Buena,Diurna,Buen Tiempo,S/D,S/D,Colisión,S/D,"Horizontal,Vertical",Ninguna,S/D,POINT (-60.653223600000004 -32.949085),"['Mendoza', 'Balcarce']",2,Mendoza; Balcarce,-32.949085,-60.6532236,55.0,538.0,Municipio Rosario,Municipio,Rosario,820210,Servicio de Catastro e Información Territorial,IGN
2017,9081,2017-11-07,Martes,0.0,12:15:00,,0.0,2,"Pickup/Utilitario,Peatón",Tucuman 2100,2,1,0,0,1,0,0,,Calle,,ROSARIO,Rosario,Asfalto,No existe,II,S/D,Urbana,S/D,S/D,Recta,Bueno,Buena,Diurna,Buen Tiempo,S/D,Peatón,Atropello,S/D,S/D,S/D,S/D,"-32.9393186, -60.6505159",['Tucuman 2100'],1,Tucuman 2100,-32.9393186,-60.6505159,55.0,538.0,Municipio Rosario,Municipio,Rosario,820210,Servicio de Catastro e Información Territorial,IGN
2017,9083,2017-11-26,Domingo,0.0,3:15:00,,0.0,2,"Moto/Ciclomotor,Moto/Ciclomotor",San Martin Y Hilarion de la Quintana,2,1,0,0,1,0,0,,Avenida,,ROSARIO,Rosario,Asfalto,No existe,II,Dentro,Urbana,Ninguna,No existe,Recta,Bueno,Buena,"Nocturna,Con luz artificial",Buen Tiempo,De alcance,S/D,Colisión,Ninguna,Faltante,Barrera de hormigón,Sin restricción,POINT (-60.64892185 -33.00095949999999),"['San Martin', 'Hilarión de la Quintana']",2,José de San Martín; Hilarión de la Quintana,-33.00095949999999,-60.64892185,55.0,538.0,Municipio Rosario,Municipio,Rosario,820210,Servicio de Catastro e Información Territorial,IGN
2017,9085,2017-11-10,Viernes,0.0,17:03:00,,0.0,2,"Moto/Ciclomotor,Automóvil",Biedma 2400,2,1,0,0,1,0,0,,Calle,,ROSARIO,Rosario,Asfalto,No existe,II,Dentro,Urbana,Ninguna,No existe,Recta,Bueno,Buena,Atardecer,Buen Tiempo,De alcance,S/D,Colisión,Ninguna,Faltante,Ninguna,Sin restricción,"-32.9768972, -60.6719669",['Biedma 2400'],1,Biedma 2400,-32.9768972,-60.6719669,55.0,538.0,Municipio Rosario,Municipio,Rosario,820210,Servicio de Catastro e Información Territorial,IGN
2017,9087,2017-11-06,Lunes,0.0,9:30:00,,0.0,2,"Automóvil,Automóvil",Reg.11 de Infanteria Y Av. Castro Barros,2,1,0,0,1,0,0,,Calle,,ROSARIO,Rosario,Asfalto,No existe,II,Dentro,Urbana,Ninguna,No existe,Intersección,Bueno,Buena,Diurna,Buen Tiempo,Lateral,S/D,Colisión,Ninguna,Faltante,Ninguna,Sin restricción,POINT (-60.629608499999996 -32.99822009999998),"['Regimiento 11', 'Castro Barros']",2,Regimiento 11; Avenida Pedro de Castro Barros,-32.99822009999998,-60.6296085,55.0,538.0,Municipio Rosario,Municipio,Rosario,820210,Servicio de Catastro e Información Territorial,IGN
2017,9092,2017-11-25,Sabado,0.0,,,0.0,2,"Automóvil,Automóvil",Av. Uriburu Y Av. Corrientes,4,3,0,0,1,0,0,,Avenida,,ROSARIO,Rosario,Asfalto,No existe,II,Dentro,Urbana,Semáforo,Funciona,Recta,S/D,Buena,Diurna,Buen Tiempo,Lateral,S/D,Colisión,S/D,Vertical,Cordón divisorio,Sin restricción,POINT (-60.653706549999995 -32.99091685),"['Uriburu', 'Corrientes']",2,Avenida José Uriburu; Corrientes,-32.99091685,-60.65370655,55.0,538.0,Municipio Rosario,Municipio,Rosario,820210,Servicio de Catastro e Información Territorial,IGN
2017,9093,2017-11-09,Jueves,0.0,19:00:00,,0.0,2,"Automóvil,Moto/Ciclomotor",San Martin 5300,4,2,0,0,2,0,0,,Avenida,,ROSARIO,Rosario,Asfalto,No existe,II,Dentro,Urbana,Semáforo,Funciona,Recta,Bueno,S/D,Atardecer,Buen Tiempo,Lateral,S/D,Colisión,Ninguna,"Horizontal,Vertical",Cordón divisorio,Sin restricción,"-32.9764777, -60.6372639",['San Martin 5300'],1,San Martin 5300,-32.9764777,-60.6372639,55.0,538.0,Municipio Rosario,Municipio,Rosario,820210,Servicio de Catastro e Información Territorial,IGN
2017,9094,2017-11-02,Jueves,0.0,13:30:00,,0.0,2,"Automóvil,Moto/Ciclomotor",Calvo Y Washington,4,1,1,0,2,0,0,,Calle,,ROSARIO,Rosario,Asfalto,No existe,II,Dentro,Urbana,Ninguna,No existe,Intersección,S/D,Buena,Diurna,S/D,Lateral,S/D,Colisión,S/D,S/D,S/D,Sin restricción,POINT (-60.7063964 -32.9046611),"['Calvo', 'Washington']",2,Calvo; Washington,-32.9046611,-60.7063964,55.0,538.0,Municipio Rosario,Municipio,Rosario,820210,Servicio de Catastro e Información Territorial,IGN
2017,9095,2017-11-21,Martes,0.0,11:20:00,,0.0,2,"Automóvil,Bicicleta",San Martin Y Muñoz,2,1,0,0,1,0,0,,Avenida,,ROSARIO,Rosario,Asfalto,No existe,II,Dentro,Urbana,Semáforo,Funciona,Recta,Bueno,Buena,Diurna,Buen Tiempo,S/D,Ciclista,Atropello,Agua,"Horizontal,Vertical",Cordón divisorio,Sin restricción,POINT (-60.6504294 -33.0084283),"['San Martin', 'Muñoz']",2,José de San Martín; Osella Muñoz,-33.0084283,-60.6504294,55.0,538.0,Municipio Rosario,Municipio,Rosario,820210,Servicio de Catastro e Información Territorial,IGN
2017,9097,2017-11-21,Martes,0.0,6:55:00,,0.0,2,"Moto/Ciclomotor,Otros",Bv. Segui Y Av. Corrientes,2,1,0,0,1,0,0,,Avenida,,ROSARIO,Rosario,Asfalto,No existe,II,Dentro,Urbana,S/D,No existe,S/D,S/D,S/D,Diurna,S/D,S/D,S/D,Colisión,S/D,Faltante,Cordón divisorio,S/D,POINT (-60.65060229999999 -32.97832124999999),"['Bulevar Juan Francisco Seguí', 'Corrientes']",2,Bulevar Juan Francisco Seguí; Corrientes,-32.97832124999999,-60.65060229999999,55.0,538.0,Municipio Rosario,Municipio,Rosario,820210,Servicio de Catastro e Información Territorial,IGN
2017,9101,2017-11-15,Miercoles,0.0,,,0.0,2,"Moto/Ciclomotor,Otros",Pje. Mozart Y Entre Rios,2,1,0,0,1,0,0,,Calle,,ROSARIO,Rosario,Asfalto,No existe,II,Dentro,Urbana,Ninguna,No existe,Recta,Bueno,Buena,S/D,Buen Tiempo,De alcance,S/D,Colisión,Ninguna,Faltante,Ninguna,Sin restricción,POINT (-60.6495955 -32.98033099999999),"['Mozart', 'Entre Ríos']",2,Pasaje Mozart; Entre Ríos,-32.98033099999999,-60.6495955,55.0,538.0,Municipio Rosario,Municipio,Rosario,820210,Servicio de Catastro e Información Territorial,IGN
2017,9102,2017-11-17,Viernes,0.0,19:20:00,,0.0,2,"Moto/Ciclomotor,Automóvil",Bv. Segui Y Rodriguez,2,1,0,0,1,0,0,,Avenida,,ROSARIO,Rosario,Asfalto,No existe,II,Dentro,Urbana,S/D,No existe,Recta,Bueno,Buena,Atardecer,S/D,S/D,S/D,Colisión,Ninguna,Faltante,"Cordón divisorio,Ninguna",S/D,POINT (-60.66696664999999 -32.975399),"['Bulevar Juan Francisco Seguí', 'Rodríguez']",2,Bulevar Juan Francisco Seguí; Rodríguez de Escobedo,-32.975399,-60.66696664999999,55.0,538.0,Municipio Rosario,Municipio,Rosario,820210,Servicio de Catastro e Información Territorial,IGN
2017,9105,2017-11-21,Martes,0.0,16:30:00,,0.0,2,"Automóvil,Automóvil",Av. Uriburu ,2,1,0,0,1,0,0,,Avenida,,ROSARIO,Rosario,Asfalto,No existe,II,Dentro,Urbana,Semáforo,Funciona,Recta,Bueno,Buena,Diurna,Buen Tiempo,De alcance,S/D,Colisión,Ninguna,Vertical,Cordón divisorio,Sin restricción,"-32.995369100000005, -60.693576086643915",['Uriburu'],1,Uriburu,-32.995369100000005,-60.69357608664392,55.0,538.0,Municipio Rosario,Municipio,Rosario,820210,Servicio de Catastro e Información Territorial,IGN
2017,9109,2017-11-19,Domingo,0.0,20:55:00,,0.0,2,"Bicicleta,Automóvil",San Martin Y Saavedra,3,1,0,0,2,0,0,,Avenida,,ROSARIO,Rosario,Asfalto,No existe,II,Dentro,Urbana,Semáforo,Funciona,Recta,Bueno,Buena,Nocturna,Buen Tiempo,S/D,Ciclista,Atropello,Ninguna,"Horizontal,Vertical",Línea divisoria pintada,Sin restricción,POINT (-60.64439204999999 -32.978251650000004),"['San Martin', 'Saavedra']",2,José de San Martín; Saavedra,-32.978251650000004,-60.64439204999999,55.0,538.0,Municipio Rosario,Municipio,Rosario,820210,Servicio de Catastro e Información Territorial,IGN
2017,9110,2017-11-12,Domingo,0.0,21:05:00,,0.0,2,"Automóvil,Peatón",Pacheco Y Av. Sorrento,2,1,0,0,1,0,0,,Calle,,ROSARIO,Rosario,Asfalto,S/D,II,Dentro,Urbana,S/D,Funciona,Intersección,S/D,Buena,Nocturna,S/D,S/D,Peatón,Atropello,S/D,"Horizontal,Vertical",Ninguna,Sin restricción,POINT (-60.6933549 -32.907241199999994),"['Ángel Pacheco', 'Sorrento']",2,Ángel Pacheco; Avenida Sorrento,-32.907241199999994,-60.6933549,55.0,538.0,Municipio Rosario,Municipio,Rosario,820210,Servicio de Catastro e Información Territorial,IGN