anio_acci,nro_acci,fecha,desc_dia,fecha_aprox,hora_aprox,desc_ruta,km,cant_participantes,desc_participante,calle_avenida_km,total,heridos_leves,heridos_graves,heridos_gravisimos,ilesos,fallecidos,sin_datos,posicion_XY,desc_tipo_via,desc_ruta_ori,desc_loc,desc_dpto,desc_tipo_calzada,desc_tipo_banquina,desc_unidad_regional,desc_lugar_calzada,desc_zona,desc_prioridad,desc_estado_semaforo,desc_lugar_via,desc_estado_via,desc_estado_visibilidad,desc_luminosidad,desc_estado_clima,desc_tipo_colision,desc_tipo_atropello,desc_tipo_hecho,desc_pres_calzada,desc_senializacion,desc_separacion_via,desc_restriccion,forma_geocod,calle_lista,numero_calles,calles_osm,lat,lon,index_right,gid,fna,gna,nam,in1,fdc,sag
2017,9112,2017-11-16,Jueves,0.0,14:30:00,,0.0,2,"Automóvil,Moto/Ciclomotor",Bv. Segui Y Entre Rios,3,2,0,0,1,0,0,,Avenida,,ROSARIO,Rosario,Asfalto,No existe,II,Dentro,Urbana,Ninguna,No existe,Recta,Bueno,Buena,Diurna,Buen Tiempo,Lateral,S/D,Colisión,Ninguna,Faltante,Cordón divisorio,Sin restricción,POINT (-60.6491681 -32.97857979999999),"['Bulevar Juan Francisco Seguí', 'Entre Ríos']",2,Bulevar Juan Francisco Seguí; Entre Ríos,-32.97857979999999,-60.6491681,55.0,538.0,Municipio Rosario,Municipio,Rosario,820210,Servicio de Catastro e Información Territorial,IGN
2017,9113,2017-11-17,Viernes,0.0,12:20:00,,0.0,2,"Moto/Ciclomotor,Automóvil",Av. Uriburu Y Paraguay,3,1,0,0,2,0,0,,Avenida,,ROSARIO,Rosario,Asfalto,No existe,II,Dentro,Urbana,Ninguna,No existe,Recta,Bueno,Buena,Diurna,Buen Tiempo,De alcance,S/D,Colisión,Ninguna,Faltante,Cordón divisorio,Sin restricción,POINT (-60.655215850000005 -32.990962749999994),"['Uriburu', 'Paraguay']",2,Avenida José Uriburu; Paraguay,-32.990962749999994,-60.655215850000005,55.0,538.0,Municipio Rosario,Municipio,Rosario,820210,Servicio de Catastro e Información Territorial,IGN
2017,9115,2017-11-23,Jueves,0.0,18:10:00,,0.0,2,"Peatón,Automóvil",Esquivel 1047,2,1,0,0,1,0,0,,Calle,,ROSARIO,Rosario,Asfalto,No existe,II,Dentro,Urbana,Ninguna,No existe,Recta,Bueno,Buena,Atardecer,Buen Tiempo,S/D,Peatón,Atropello,S/D,Faltante,Ninguna,Sin restricción,"-32.9029428, -60.7047482",['Esquivel 1047'],1,Esquivel 1047,-32.9029428,-60.7047482,55.0,538.0,Municipio Rosario,Municipio,Rosario,820210,Servicio de Catastro e Información Territorial,IGN
2017,9116,2017-11-02,Jueves,0.0,6:43:00,,0.0,2,"Taxi/Remis,Moto/Ciclomotor",Bv. Segui Y Av. Corrientes,2,1,0,0,1,0,0,,Avenida,,ROSARIO,Rosario,Asfalto,No existe,II,Dentro,Urbana,Ninguna,No existe,Recta,Bueno,S/D,Amanecer,Buen Tiempo,De alcance,S/D,Colisión,Ninguna,Faltante,Cordón divisorio,Sin restricción,POINT (-60.65060229999999 -32.97832124999999),"['Bulevar Juan Francisco Seguí', 'Corrientes']",2,Bulevar Juan Francisco Seguí; Corrientes,-32.97832124999999,-60.65060229999999,55.0,538.0,Municipio Rosario,Municipio,Rosario,820210,Servicio de Catastro e Información Territorial,IGN
2017,9118,2017-11-29,Miercoles,0.0,13:10:00,,0.0,2,"Moto/Ciclomotor,Pickup/Utilitario",Darragueira Y Superi,2,1,0,0,1,0,0,,Calle,,ROSARIO,Rosario,Asfalto,No existe,II,Dentro,Urbana,Ninguna,No existe,Intersección,Bueno,Buena,Diurna,Buen Tiempo,Lateral,S/D,Colisión,Ninguna,Faltante,Ninguna,Sin restricción,POINT (-60.695001399999995 -32.8947943),"['José Darragueira', 'Superi']",2,José Darragueira; Comandante José Superí,-32.8947943,-60.6950014,55.0,538.0,Municipio Rosario,Municipio,Rosario,820210,Servicio de Catastro e Información Territorial,IGN
2017,9120,2017-11-11,Sabado,0.0,12:45:00,,0.0,2,"Automóvil,Moto/Ciclomotor",Bv. Segui Y Mitre,3,2,0,0,1,0,0,,Avenida,,ROSARIO,Rosario,Asfalto,No existe,II,Dentro,Urbana,Ninguna,No existe,Recta,Bueno,Buena,Diurna,Buen Tiempo,De alcance,S/D,Colisión,Ninguna,Faltante,Ninguna,Sin restricción,POINT (-60.6477426 -32.97883275),"['Bulevar Juan Francisco Seguí', 'Mitre']",2,Bulevar Juan Francisco Seguí; Bartolomé Mitre,-32.97883275,-60.6477426,55.0,538.0,Municipio Rosario,Municipio,Rosario,820210,Servicio de Catastro e Información Territorial,IGN
2017,9123,2017-11-09,Jueves,0.0,,,0.0,1,Automóvil,Bv. Oroño Y Av. Jorge Cura,2,2,0,0,0,0,0,,Avenida,,ROSARIO,Rosario,Asfalto,No existe,II,Dentro,Urbana,Semáforo,Funciona,Recta,Bueno,Buena,S/D,Buen Tiempo,Contra objeto fijo,S/D,Colisión,Ninguna,"Horizontal,Vertical",Cordón divisorio,Sin restricción,POINT (-60.6603234 -32.971199399999996),"['Bulevar Nicasio Oroño', 'Avenida Jorge Cura']",2,Bulevar Nicasio Oroño; Avenida Jorge Cura,-32.9711994,-60.6603234,55.0,538.0,Municipio Rosario,Municipio,Rosario,820210,Servicio de Catastro e Información Territorial,IGN
2017,9125,2017-11-16,Jueves,0.0,7:30:00,,0.0,2,"Automóvil,Automóvil",Av. Circunvalacion Y J.J.Paso,2,1,0,0,1,0,0,,Avenida,,ROSARIO,Rosario,Asfalto,Pavimento,II,Dentro,Urbana,Semáforo,Funciona,Intersección,Bueno,Buena,Diurna,Buen Tiempo,Lateral,S/D,Colisión,Ninguna,Vertical,Guardarrail,Sin restricción,POINT (-60.723727529563504 -32.92055900258326),"['Circunvalacion', 'Paso']",2,Avenida de Circunvalación 25 de Mayo; Avenida Juan José Paso,-32.92055900258326,-60.723727529563504,55.0,538.0,Municipio Rosario,Municipio,Rosario,820210,Servicio de Catastro e Información Territorial,IGN
2017,9126,2017-11-11,Sabado,0.0,12:10:00,,0.0,2,"Bicicleta,Automóvil",Dorrego Y Garay,2,1,0,0,0,0,1,,Calle,,ROSARIO,Rosario,Asfalto,No existe,II,Dentro,Rural,S/D,No existe,Recta,Bueno,Buena,Diurna,S/D,S/D,Ciclista,Atropello,Ninguna,Faltante,Ninguna,S/D,POINT (-60.65629520000001 -32.97252699999999),"['Dorrego', 'Garay']",2,Manuel Dorrego; Juan de Garay,-32.97252699999999,-60.65629520000001,55.0,538.0,Municipio Rosario,Municipio,Rosario,820210,Servicio de Catastro e Información Territorial,IGN
2017,9127,2017-11-01,Miercoles,0.0,21:00:00,,0.0,2,"Moto/Ciclomotor,Automóvil",Santiago Y Bv. Segui,2,1,0,0,1,0,0,,Avenida,,ROSARIO,Rosario,Asfalto,No existe,II,Dentro,Urbana,Marca Vial,No existe,Recta,S/D,Buena,"Nocturna,Con luz artificial",S/D,S/D,S/D,Colisión,S/D,Horizontal,Cordón divisorio,S/D,POINT (-60.66421355000001 -32.97588705),"['Santiago', 'Bulevar Juan Francisco Seguí']",2,Santiago; Bulevar Juan Francisco Seguí,-32.97588705,-60.66421355000001,55.0,538.0,Municipio Rosario,Municipio,Rosario,820210,Servicio de Catastro e Información Territorial,IGN
2017,9128,2017-11-24,Viernes,0.0,18:30:00,,0.0,2,"Bicicleta,Automóvil",Ottone Bis Y Pje. Pelayo,2,1,0,0,1,0,0,,Calle,,ROSARIO,Rosario,Asfalto,No existe,II,Dentro,Urbana,Ninguna,No existe,Recta,Bueno,Buena,Atardecer,Buen Tiempo,S/D,Ciclista,Atropello,Ninguna,Faltante,Ninguna,Sin restricción,POINT (-60.700839 -32.919315),"['Ottone', 'Pelayo']",2,Ottone; Pelayo,-32.919315,-60.700839,55.0,538.0,Municipio Rosario,Municipio,Rosario,820210,Servicio de Catastro e Información Territorial,IGN
2017,9129,2017-11-22,Miercoles,0.0,14:00:00,,0.0,2,"Moto/Ciclomotor,Automóvil",Cabildo Y Hungria,2,1,0,0,1,0,0,,Calle,,ROSARIO,Rosario,Asfalto,No existe,II,S/D,Urbana,Ninguna,S/D,Intersección,Bueno,Buena,Diurna,Buen Tiempo,Lateral,S/D,Colisión,Ninguna,Faltante,Ninguna,Sin restricción,POINT (-60.6336759 -33.0069053),"['Cabildo', 'Hungría']",2,Cabildo; Hungría,-33.0069053,-60.6336759,55.0,538.0,Municipio Rosario,Municipio,Rosario,820210,Servicio de Catastro e Información Territorial,IGN
2017,9130,2017-11-05,Domingo,0.0,18:00:00,,0.0,3,"Moto/Ciclomotor,Automóvil,Automóvil",San Martin Y Platon,6,3,0,0,3,0,0,,Avenida,,ROSARIO,Rosario,Asfalto,No existe,II,Dentro,Urbana,Ninguna,No existe,Recta,Bueno,Buena,Atardecer,Buen Tiempo,Múltiple,S/D,Colisión,Ninguna,Faltante,Ninguna,Sin restricción,POINT (-60.65303175 -33.020102449999996),"['San Martin', 'Platón']",2,José de San Martín; Platón,-33.02010245,-60.65303175,55.0,538.0,Municipio Rosario,Municipio,Rosario,820210,Servicio de Catastro e Información Territorial,IGN
2017,9131,2017-11-14,Martes,0.0,17:45:00,,0.0,2,"Automóvil,Moto/Ciclomotor",Av. Francia Bis Y Junin,2,1,0,0,1,0,0,,S/D,,ROSARIO,Rosario,Hormigón,No existe,II,Dentro,Urbana,Ninguna,No existe,Intersección,Deteriorada,Buena,Atardecer,S/D,Lateral,S/D,Colisión,S/D,Faltante,Ninguna,Sin restricción,POINT (-60.66176205 -32.92653675000001),"['Avenida Francia', 'Junín']",2,Avenida Francia; Junín,-32.92653675000001,-60.66176205,55.0,538.0,Municipio Rosario,Municipio,Rosario,820210,Servicio de Catastro e Información Territorial,IGN
2017,9132,2017-11-24,Viernes,0.0,13:20:00,,0.0,2,"Automóvil,Automóvil",Anchorena Y Buenos Aires,2,1,0,0,1,0,0,,Calle,,ROSARIO,Rosario,Asfalto,No existe,II,S/D,Urbana,Ninguna,No existe,Intersección,Bueno,Buena,Diurna,Buen Tiempo,S/D,S/D,Colisión,Ninguna,Faltante,Barrera de hormigón,Sin restricción,POINT (-60.64514079999999 -32.99767690000001),"['Anchorena', 'Buenos Aires']",2,Tomás de Anchorena; Buenos Aires,-32.99767690000001,-60.64514079999999,55.0,538.0,Municipio Rosario,Municipio,Rosario,820210,Servicio de Catastro e Información Territorial,IGN
2017,9133,2017-11-02,Jueves,0.0,16:10:00,,0.0,2,"Automóvil,Moto/Ciclomotor",Baigorria Y Zelaya,2,1,0,0,1,0,0,,Calle,,ROSARIO,Rosario,Asfalto,No existe,II,Dentro,Urbana,S/D,Intermitente,Intersección,Bueno,S/D,Diurna,S/D,Lateral,S/D,Colisión,S/D,Vertical,Ninguna,S/D,POINT (-60.69689309999999 -32.8923404),"['Baigorria', 'Zelaya']",2,Baigorria; Zelaya,-32.8923404,-60.69689309999999,55.0,538.0,Municipio Rosario,Municipio,Rosario,820210,Servicio de Catastro e Información Territorial,IGN
2017,9134,2017-11-10,Viernes,0.0,19:00:00,,0.0,2,"Moto/Ciclomotor,Automóvil",Ayacucho Y Reg.11 de Infanteria,2,1,0,0,1,0,0,,Calle,,ROSARIO,Rosario,Asfalto,No existe,II,Dentro,Urbana,Ninguna,S/D,Intersección,Bueno,Buena,Atardecer,Buen Tiempo,Lateral,S/D,Colisión,Ninguna,Faltante,Barrera de hormigón,Sin restricción,POINT (-60.6364342 -32.9984412),"['Ayacucho', 'Regimiento 11']",2,Ayacucho; Regimiento 11,-32.9984412,-60.6364342,55.0,538.0,Municipio Rosario,Municipio,Rosario,820210,Servicio de Catastro e Información Territorial,IGN
2017,9135,2017-11-08,Miercoles,0.0,8:40:00,,0.0,2,"Automóvil,Moto/Ciclomotor",Italia 1825,2,1,0,0,1,0,0,,Calle,,ROSARIO,Rosario,Asfalto,No existe,II,Dentro,Urbana,Ninguna,No existe,Recta,Bueno,Buena,Diurna,Buen Tiempo,Lateral,S/D,Colisión,Ninguna,Faltante,Ninguna,Sin restricción,"-32.95705211428571, -60.65090644081633",['Italia 1825'],1,Italia 1825,-32.95705211428571,-60.65090644081633,55.0,538.0,Municipio Rosario,Municipio,Rosario,820210,Servicio de Catastro e Información Territorial,IGN
2017,9136,2017-11-11,Sabado,0.0,2:00:00,,0.0,3,"Automóvil,Automóvil,Automóvil",Albert Sabin Y Casilda,3,1,0,0,2,0,0,,Avenida,,ROSARIO,Rosario,Asfalto,No existe,II,Dentro,Urbana,Semáforo,Intermitente,Recta,Bueno,Buena,Nocturna,Buen Tiempo,"Contra objeto fijo,Múltiple",S/D,Colisión,Ninguna,"Horizontal,Vertical",Cordón divisorio,Sin restricción,POINT (-60.6778142 -32.9281639),"['Avenida Travesía Albert Sabin', 'Casilda']",2,Avenida Travesía Albert Sabin; Casilda,-32.9281639,-60.6778142,55.0,538.0,Municipio Rosario,Municipio,Rosario,820210,Servicio de Catastro e Información Territorial,IGN
2017,9137,2017-11-09,Jueves,0.0,15:30:00,,0.0,2,"Automóvil,Moto/Ciclomotor",Bv. Segui Y Callao,3,2,0,0,1,0,0,,Avenida,,ROSARIO,Rosario,Asfalto,No existe,II,Dentro,Urbana,Ninguna,No existe,Intersección,Bueno,Buena,Diurna,S/D,De alcance,S/D,Colisión,Ninguna,Faltante,Ninguna,Sin restricción,POINT (-60.6682971 -32.97516315),"['Bulevar Juan Francisco Seguí', 'Callao']",2,Bulevar Juan Francisco Seguí; Callao,-32.97516315,-60.6682971,55.0,538.0,Municipio Rosario,Municipio,Rosario,820210,Servicio de Catastro e Información Territorial,IGN
2017,9138,2017-11-24,Viernes,0.0,11:30:00,,0.0,2,"Automóvil,Moto/Ciclomotor",Rueda Y Pje. Santafesino,2,1,0,0,1,0,0,,Calle,,ROSARIO,Rosario,Asfalto,No existe,II,S/D,Urbana,Ninguna,No existe,Intersección,Bueno,Buena,Diurna,Buen Tiempo,Lateral,S/D,Colisión,Ninguna,Faltante,Cordón divisorio,Sin restricción,POINT (-60.626925 -32.97421014999999),"['Rueda', 'Santafesino']",2,Rueda; Santafesino,-32.97421014999999,-60.626925,55.0,538.0,Municipio Rosario,Municipio,Rosario,820210,Servicio de Catastro e Información Territorial,IGN
2017,9139,2017-11-08,Miercoles,0.0,12:00:00,,0.0,3,"Pickup/Utilitario,Automóvil,Automóvil",Av. Circunvalacion Y San Martin,11,6,0,0,5,0,0,,Avenida,,ROSARIO,Rosario,Asfalto,No existe,II,Dentro,Urbana,Semáforo,Funciona,Intersección,Bueno,Buena,Diurna,S/D,Múltiple,S/D,Colisión,S/D,"Horizontal,Vertical",Ninguna,Sin restricción,POINT (-60.652223580418244 -33.0164074304026),"['Circunvalacion', 'San Martin']",2,"('Avenida de Circunvalación 25 de Mayo', 'José de San Martín')",-33.0164074304026,-60.65222358041824,55.0,538.0,Municipio Rosario,Municipio,Rosario,820210,Servicio de Catastro e Información Territorial,IGN
2017,9140,2017-11-22,Miercoles,0.0,20:35:00,,0.0,2,"Automóvil,Automóvil",Mar del Plata Y Junin,2,1,0,0,1,0,0,,Calle,,ROSARIO,Rosario,Asfalto,No existe,II,Dentro,Urbana,Ninguna,No existe,Recta,Bueno,Buena,Nocturna,Buen Tiempo,Frontal,S/D,Colisión,Ninguna,Faltante,Ninguna,Sin restricción,POINT (-60.68193320000001 -32.9267545),"['Mar del Plata', 'Junín']",2,Mar del Plata; Junín,-32.9267545,-60.68193320000001,55.0,538.0,Municipio Rosario,Municipio,Rosario,820210,Servicio de Catastro e Información Territorial,IGN
2017,9141,2017-11-22,Miercoles,0.0,12:00:00,,0.0,2,"Automóvil,Bicicleta",Grandoli Y 24 De Setiembre,2,1,0,0,1,0,0,,Calle,,ROSARIO,Rosario,Asfalto,No existe,II,S/D,Urbana,Ninguna,No existe,Recta,Bueno,Buena,Diurna,Buen Tiempo,S/D,Ciclista,Atropello,Ninguna,Faltante,Ninguna,Sin restricción,POINT (-60.62809635000001 -32.98357419999999),"['Avenida Abanderado Grandoli', '24 de Septiembre']",2,Avenida Abanderado Grandoli; 24 de Septiembre,-32.98357419999999,-60.62809635000001,55.0,538.0,Municipio Rosario,Municipio,Rosario,820210,Servicio de Catastro e Información Territorial,IGN
2017,9143,2017-11-10,Viernes,0.0,13:50:00,,0.0,2,"Pickup/Utilitario,Moto/Ciclomotor",Centeno Y L.N.Alem,2,1,0,0,1,0,0,,Calle,,ROSARIO,Rosario,Asfalto,No existe,II,S/D,Urbana,Ninguna,No existe,Intersección,Bueno,Buena,Diurna,Buen Tiempo,Lateral,S/D,Colisión,Ninguna,Faltante,Ninguna,Sin restricción,POINT (-60.63794570000001 -32.98657800000001),"['Centeno', 'Alem']",2,Coronel Centeno; Leandro N. Alem,-32.98657800000001,-60.63794570000001,55.0,538.0,Municipio Rosario,Municipio,Rosario,820210,Servicio de Catastro e Información Territorial,IGN
2017,9144,2017-11-14,Martes,0.0,12:30:00,,0.0,2,"Pickup/Utilitario,Moto/Ciclomotor",Ayacucho Y Saavedra,3,2,0,0,1,0,0,,Calle,,ROSARIO,Rosario,Asfalto,No existe,II,S/D,Urbana,Ninguna,No existe,Intersección,Bueno,Buena,Diurna,Buen Tiempo,De alcance,S/D,Colisión,Ninguna,Horizontal,Ninguna,Sin restricción,POINT (-60.63530850000001 -32.9798574),"['Ayacucho', 'Saavedra']",2,Ayacucho; Saavedra,-32.9798574,-60.63530850000001,55.0,538.0,Municipio Rosario,Municipio,Rosario,820210,Servicio de Catastro e Información Territorial,IGN
2017,9145,2017-11-04,Sabado,0.0,,,0.0,2,"Moto/Ciclomotor,Moto/Ciclomotor",Av. Circunvalacion Y San Martin,3,3,0,0,0,0,0,,Avenida,,ROSARIO,Rosario,Asfalto,No existe,II,Dentro,Urbana,Ninguna,S/D,Recta,Bueno,Buena,Nocturna,Buen Tiempo,S/D,S/D,Colisión,Ninguna,S/D,Ninguna,Sin restricción,POINT (-60.652223580418244 -33.0164074304026),"['Circunvalacion', 'San Martin']",2,"('Avenida de Circunvalación 25 de Mayo', 'José de San Martín')",-33.0164074304026,-60.65222358041824,55.0,538.0,Municipio Rosario,Municipio,Rosario,820210,Servicio de Catastro e Información Territorial,IGN
2017,9147,2017-11-13,Lunes,0.0,20:15:00,,0.0,2,"Automóvil,Bicicleta",Laprida Y Saavedra,2,1,0,0,1,0,0,,Calle,,ROSARIO,Rosario,Asfalto,No existe,II,S/D,Urbana,Paso Peatonal,No existe,Intersección,Bueno,Buena,"Nocturna,Con luz artificial",Buen Tiempo,S/D,Ciclista,Atropello,Ninguna,Horizontal,Ninguna,Sin restricción,POINT (-60.6421496 -32.978662299999996),"['Laprida', 'Saavedra']",2,Francisco Narciso Laprida; Saavedra,-32.9786623,-60.6421496,55.0,538.0,Municipio Rosario,Municipio,Rosario,820210,Servicio de Catastro e Información Territorial,IGN
2017,9148,2017-11-14,Martes,0.0,12:30:00,,0.0,2,"Automóvil,Vehículo Oficial",Amenabar Y Colon,3,3,0,0,0,0,0,,Calle,,ROSARIO,Rosario,Asfalto,No existe,II,S/D,Urbana,Ninguna,No existe,Intersección,Bueno,Buena,Diurna,Buen Tiempo,De alcance,S/D,Colisión,Ninguna,Faltante,Ninguna,Sin restricción,POINT (-60.63202170000001 -32.97448649999999),"['Amenabar', 'Colon']",2,José de Amenábar; Cristóbal Colón,-32.97448649999999,-60.63202170000001,55.0,538.0,Municipio Rosario,Municipio,Rosario,820210,Servicio de Catastro e Información Territorial,IGN
2017,9150,2017-11-04,Sabado,0.0,20:15:00,,0.0,2,"Automóvil,Moto/Ciclomotor",San Martin 6400,3,2,0,0,1,0,0,,Avenida,,ROSARIO,Rosario,Asfalto,No existe,II,Dentro,Urbana,Semáforo,Funciona,Recta,Bueno,S/D,Con luz artificial,Buen Tiempo,Lateral,S/D,Colisión,Ninguna,"Horizontal,Vertical",Línea divisoria pintada,Sin restricción,"-32.9764777, -60.6372639",['San Martin 6400'],1,San Martin 6400,-32.9764777,-60.6372639,55.0,538.0,Municipio Rosario,Municipio,Rosario,820210,Servicio de Catastro e Información Territorial,IGN
2017,9151,2017-11-11,Sabado,0.0,20:15:00,,0.0,2,"Peatón,Moto/Ciclomotor",Bv. Segui Y Chacabuco,2,1,0,0,0,0,1,,Calle,,ROSARIO,Rosario,Asfalto,Ripio,II,S/D,Urbana,Ninguna,No existe,Intersección,Bueno,Buena,"Nocturna,Con luz artificial",Buen Tiempo,S/D,Peatón,Atropello,Ninguna,Faltante,Ninguna,Sin restricción,POINT (-60.631003 -32.9818256),"['Bulevar Juan Francisco Seguí', 'Chacabuco']",2,Bulevar Juan Francisco Seguí; Chacabuco,-32.9818256,-60.631003,55.0,538.0,Municipio Rosario,Municipio,Rosario,820210,Servicio de Catastro e Información Territorial,IGN
2017,9152,2017-11-04,Sabado,0.0,11:00:00,,0.0,2,"Bicicleta,Automóvil",J.J.Paso Y Tte.Agneta,2,1,0,0,1,0,0,,Calle,,ROSARIO,Rosario,Asfalto,No existe,II,Dentro,Urbana,Semáforo,Funciona,Recta,Bueno,Buena,Diurna,Buen Tiempo,S/D,Ciclista,Atropello,Ninguna,"Horizontal,Vertical",Línea divisoria pintada,Sin restricción,POINT (-60.7006212 -32.91986549999999),"['Paso', 'Teniente Agneta']",2,Avenida Juan José Paso; Teniente Agneta,-32.91986549999999,-60.7006212,55.0,538.0,Municipio Rosario,Municipio,Rosario,820210,Servicio de Catastro e Información Territorial,IGN
2017,9155,2017-11-07,Martes,0.0,17:00:00,,0.0,2,"Automóvil,Moto/Ciclomotor",Tte.Agneta Y G.Carrasco,3,1,0,0,2,0,0,,Calle,,ROSARIO,Rosario,Asfalto,No existe,II,S/D,Urbana,Ninguna,S/D,Recta,Bueno,Buena,Diurna,Buen Tiempo,Frontal,S/D,Colisión,Ninguna,Faltante,Ninguna,Sin restricción,POINT (-60.7005905 -32.92064779999999),"['Teniente Agneta', 'Carrasco']",2,Teniente Agneta; Omar Carrasco,-32.92064779999999,-60.7005905,55.0,538.0,Municipio Rosario,Municipio,Rosario,820210,Servicio de Catastro e Información Territorial,IGN
2017,9156,2017-11-04,Sabado,0.0,11:00:00,,0.0,2,"Moto/Ciclomotor,Automóvil",Bv. 27 De Febrero Y Pueyrredon,3,1,0,0,2,0,0,,Avenida,,ROSARIO,Rosario,Asfalto,No existe,II,Dentro,Urbana,Marca Vial,No existe,Recta,Bueno,Buena,Diurna,Buen Tiempo,De alcance,S/D,Colisión,Ninguna,Horizontal,Cordón divisorio,Sin restricción,POINT (-60.6627028 -32.964221200000004),"['27 de Febrero', 'Pueyrredón']",2,Bulevar 27 de Febrero; Pueyrredón,-32.964221200000004,-60.6627028,55.0,538.0,Municipio Rosario,Municipio,Rosario,820210,Servicio de Catastro e Información Territorial,IGN
2017,9158,2017-11-27,Lunes,0.0,,,0.0,1,Moto/Ciclomotor,Stephenson Y Velez Sarsfield,2,1,0,0,1,0,0,,Calle,,ROSARIO,Rosario,Asfalto,No existe,II,Dentro,Urbana,Ninguna,No existe,Recta,Bueno,Buena,Diurna,Buen Tiempo,Lateral,S/D,Colisión,Ninguna,Faltante,Ninguna,Sin restricción,POINT (-60.6791276 -32.924979500000006),"['Stephenson', 'Vélez Sarsfield']",2,Stephenson; Vélez Sarsfield,-32.924979500000006,-60.6791276,55.0,538.0,Municipio Rosario,Municipio,Rosario,820210,Servicio de Catastro e Información Territorial,IGN
2017,9159,2017-11-03,Viernes,0.0,21:25:00,,0.0,2,"Moto/Ciclomotor,Automóvil",Av. Ovidio Lagos 2800,3,2,0,0,0,0,1,,Avenida,,ROSARIO,Rosario,Asfalto,No existe,II,Dentro,Urbana,Semáforo,Funciona,Recta,Bueno,Buena,"Nocturna,Con luz artificial",Buen Tiempo,S/D,S/D,Colisión,S/D,Vertical,Cordón divisorio,Sin restricción,"-32.9656194, -60.6673223",['Ovidio Lagos 2800'],1,Ovidio Lagos 2800,-32.9656194,-60.6673223,55.0,538.0,Municipio Rosario,Municipio,Rosario,820210,Servicio de Catastro e Información Territorial,IGN
2017,9160,2017-11-28,Martes,0.0,21:50:00,,0.0,2,"Automóvil,Moto/Ciclomotor",J.J.Paso Y Brasil,3,1,0,0,2,0,0,,Calle,,ROSARIO,Rosario,Asfalto,No existe,II,S/D,S/D,Ninguna,No existe,Recta,Bueno,Buena,Nocturna,Buen Tiempo,Otro,S/D,Colisión,Ninguna,Faltante,Cordón divisorio,Sin restricción,POINT (-60.72048530000001 -32.920458533333324),"['Paso', 'Brasil']",2,Avenida Juan José Paso; Brasil,-32.920458533333324,-60.72048530000001,55.0,538.0,Municipio Rosario,Municipio,Rosario,820210,Servicio de Catastro e Información Territorial,IGN
2017,9162,2017-11-27,Lunes,0.0,7:45:00,,0.0,3,"Automóvil,Otros,Automóvil",Bv. 27 De Febrero Y Alvear,3,1,0,0,2,0,0,,Avenida,,ROSARIO,Rosario,Asfalto,No existe,II,Dentro,Urbana,Ninguna,No existe,Recta,Bueno,Buena,Diurna,Buen Tiempo,De alcance,S/D,Colisión,Ninguna,Faltante,Cordón divisorio,Sin restricción,POINT (-60.65997045 -32.9646488),"['27 de Febrero', 'Alvear']",2,Bulevar 27 de Febrero; Alvear,-32.9646488,-60.65997045,55.0,538.0,Municipio Rosario,Municipio,Rosario,820210,Servicio de Catastro e Información Territorial,IGN
2017,9163,2017-11-21,Martes,0.0,14:30:00,,0.0,2,"Moto/Ciclomotor,Automóvil",G.Carrasco Y Dr.D.Peña,4,2,0,0,1,0,1,,Calle,,ROSARIO,Rosario,Asfalto,No existe,II,Dentro,Urbana,S/D,S/D,Intersección,Otro,Buena,Diurna,S/D,S/D,S/D,Colisión,Ninguna,S/D,S/D,S/D,POINT (-60.68799125000001 -32.877218199999994),"['Carrasco', 'David Peña']",2,Omar Carrasco; David Peña,-32.877218199999994,-60.68799125000001,55.0,538.0,Municipio Rosario,Municipio,Rosario,820210,Servicio de Catastro e Información Territorial,IGN
2017,9164,2017-11-17,Viernes,0.0,20:30:00,,0.0,2,"Automóvil,Moto/Ciclomotor",Poeta Fontanarrosa Y A.Maza,3,2,0,0,1,0,0,,Calle,,ROSARIO,Rosario,Asfalto,No existe,II,Dentro,Urbana,S/D,No existe,Intersección,Otro,Reducida,Nocturna,Otro,S/D,S/D,Colisión,Ninguna,S/D,S/D,S/D,POINT (-60.69210979999999 -32.875699499999996),"['Pasaje Poeta Fontanarrosa', 'Maza']",2,Pasaje Poeta Fontanarrosa; Juan Agustín Maza,-32.8756995,-60.69210979999999,55.0,538.0,Municipio Rosario,Municipio,Rosario,820210,Servicio de Catastro e Información Territorial,IGN
2017,9165,2017-11-27,Lunes,0.0,22:30:00,,0.0,2,"Moto/Ciclomotor,Moto/Ciclomotor",Manuel Garcia Y Superi,2,2,0,0,0,0,0,,Calle,,ROSARIO,Rosario,Asfalto,No existe,II,Dentro,Urbana,Ninguna,No existe,Intersección,Bueno,Buena,Nocturna,Buen Tiempo,S/D,S/D,Colisión,Ninguna,Faltante,Ninguna,Sin restricción,POINT (-60.71278749999999 -32.8968757),"['Manuel García', 'Superi']",2,Manuel García; Comandante José Superí,-32.8968757,-60.71278749999999,55.0,538.0,Municipio Rosario,Municipio,Rosario,820210,Servicio de Catastro e Información Territorial,IGN