anio_acci,nro_acci,fecha,desc_dia,fecha_aprox,hora_aprox,desc_ruta,km,cant_participantes,desc_participante,calle_avenida_km,total,heridos_leves,heridos_graves,heridos_gravisimos,ilesos,fallecidos,sin_datos,posicion_XY,desc_tipo_via,desc_ruta_ori,desc_loc,desc_dpto,desc_tipo_calzada,desc_tipo_banquina,desc_unidad_regional,desc_lugar_calzada,desc_zona,desc_prioridad,desc_estado_semaforo,desc_lugar_via,desc_estado_via,desc_estado_visibilidad,desc_luminosidad,desc_estado_clima,desc_tipo_colision,desc_tipo_atropello,desc_tipo_hecho,desc_pres_calzada,desc_senializacion,desc_separacion_via,desc_restriccion,forma_geocod,calle_lista,numero_calles,calles_osm,lat,lon,index_right,gid,fna,gna,nam,in1,fdc,sag
2017,9167,2017-11-03,Viernes,0.0,,,0.0,2,"Automóvil,Moto/Ciclomotor",Alvarez Condarco Bis Y Av. Genova,2,0,1,0,1,0,0,,Calle,,ROSARIO,Rosario,Asfalto,No existe,II,S/D,Urbana,S/D,S/D,Recta,Bueno,S/D,Diurna,Buen Tiempo,Frontal,S/D,Colisión,S/D,S/D,S/D,S/D,POINT (-60.755569300000005 -32.9171795),"['Álvarez Condarco', 'Genova']",2,Álvarez Condarco; Avenida Génova,-32.9171795,-60.755569300000005,55.0,538.0,Municipio Rosario,Municipio,Rosario,820210,Servicio de Catastro e Información Territorial,IGN
2017,9168,2017-11-13,Lunes,0.0,8:30:00,,0.0,2,"Moto/Ciclomotor,Automóvil",Urquiza Y Pte.Roca,3,1,0,0,1,0,1,,Calle,,ROSARIO,Rosario,Asfalto,No existe,II,S/D,Urbana,S/D,No existe,Intersección,S/D,S/D,Diurna,S/D,S/D,S/D,Colisión,S/D,Horizontal,S/D,S/D,POINT (-60.6442177 -32.9417364),"['Urquiza', 'Roca']",2,Justo José de Urquiza; Presidente Roca,-32.9417364,-60.6442177,55.0,538.0,Municipio Rosario,Municipio,Rosario,820210,Servicio de Catastro e Información Territorial,IGN
2017,9169,2017-11-13,Lunes,0.0,13:40:00,,0.0,2,"Taxi/Remis,Peatón",Salta 1700,3,0,1,0,2,0,0,,Calle,,ROSARIO,Rosario,Asfalto,No existe,II,S/D,Urbana,S/D,No existe,Recta,S/D,S/D,Diurna,S/D,S/D,Peatón,Atropello,S/D,Horizontal,Ninguna,S/D,"-32.9379075, -60.6444957",['Salta 1700'],1,Salta 1700,-32.9379075,-60.6444957,55.0,538.0,Municipio Rosario,Municipio,Rosario,820210,Servicio de Catastro e Información Territorial,IGN
2017,9170,2017-11-14,Martes,0.0,9:50:00,,0.0,3,"Bicicleta,Moto/Ciclomotor,Automóvil",Santiago Y San Lorenzo,4,2,1,0,0,0,1,,Calle,,ROSARIO,Rosario,Asfalto,No existe,II,S/D,Urbana,S/D,No existe,Intersección,S/D,S/D,Diurna,S/D,Múltiple,S/D,Colisión,S/D,S/D,S/D,S/D,POINT (-60.6554119 -32.9409275),"['Santiago', 'San Lorenzo']",2,Santiago; San Lorenzo,-32.9409275,-60.6554119,55.0,538.0,Municipio Rosario,Municipio,Rosario,820210,Servicio de Catastro e Información Territorial,IGN
2017,9171,2017-11-11,Sabado,0.0,18:00:00,,0.0,2,"Bicicleta,Automóvil",Tucuman Y Bv. Oroño,2,1,0,0,1,0,0,,Avenida,,ROSARIO,Rosario,S/D,No existe,II,S/D,Urbana,S/D,No existe,Intersección,S/D,S/D,Diurna,S/D,S/D,Ciclista,Atropello,S/D,S/D,S/D,S/D,POINT (-60.6521219 -32.9390762),"['Tucumán', 'Bulevar Nicasio Oroño']",2,Tucumán; Bulevar Nicasio Oroño,-32.9390762,-60.6521219,55.0,538.0,Municipio Rosario,Municipio,Rosario,820210,Servicio de Catastro e Información Territorial,IGN
2017,9172,2017-11-11,Sabado,0.0,15:30:00,,0.0,2,"Automóvil,Moto/Ciclomotor",Paraguay Y E.Zeballos,2,1,0,0,1,0,0,,Calle,,ROSARIO,Rosario,Asfalto,No existe,II,S/D,Urbana,S/D,No existe,Intersección,S/D,S/D,Diurna,S/D,S/D,S/D,Colisión,S/D,Horizontal,Ninguna,S/D,POINT (-60.645889 -32.9540204),"['Paraguay', 'Zeballos']",2,Paraguay; Zeballos,-32.9540204,-60.645889,55.0,538.0,Municipio Rosario,Municipio,Rosario,820210,Servicio de Catastro e Información Territorial,IGN
2017,9173,2017-11-11,Sabado,0.0,11:05:00,,0.0,2,"Peatón,Automóvil",Mitre 1400,3,1,0,0,2,0,0,,Calle,,ROSARIO,Rosario,Asfalto,No existe,II,S/D,Urbana,S/D,No existe,Recta,S/D,S/D,Diurna,S/D,S/D,Peatón,Atropello,S/D,Horizontal,Ninguna,S/D,"-32.9535321, -60.6414583",['Mitre 1400'],1,Mitre 1400,-32.9535321,-60.6414583,55.0,538.0,Municipio Rosario,Municipio,Rosario,820210,Servicio de Catastro e Información Territorial,IGN
2017,9174,2017-11-14,Martes,0.0,1:20:00,,0.0,2,"Pickup/Utilitario,Bicicleta",Paraguay Y Montevideo,2,1,0,0,1,0,0,,Calle,,ROSARIO,Rosario,Asfalto,No existe,II,S/D,Urbana,S/D,No existe,Intersección,S/D,S/D,"Nocturna,Con luz artificial",Buen Tiempo,S/D,Ciclista,Atropello,S/D,Horizontal,S/D,S/D,POINT (-60.6461713 -32.9551386),"['Paraguay', 'Montevideo']",2,Paraguay; Montevideo,-32.9551386,-60.6461713,55.0,538.0,Municipio Rosario,Municipio,Rosario,820210,Servicio de Catastro e Información Territorial,IGN
2017,9175,2017-11-14,Martes,0.0,18:40:00,,0.0,2,"Automóvil,Moto/Ciclomotor",Bv. Oroño Y Montevideo,2,1,0,0,1,0,0,,Avenida,,ROSARIO,Rosario,Asfalto,No existe,II,S/D,Urbana,S/D,S/D,Intersección,S/D,S/D,Diurna,S/D,S/D,S/D,Colisión,S/D,"Horizontal,Vertical",S/D,S/D,POINT (-60.65574455 -32.95341725),"['Bulevar Nicasio Oroño', 'Montevideo']",2,Bulevar Nicasio Oroño; Montevideo,-32.95341725,-60.65574455,55.0,538.0,Municipio Rosario,Municipio,Rosario,820210,Servicio de Catastro e Información Territorial,IGN
2017,9176,2017-11-16,Jueves,0.0,11:20:00,,0.0,2,"Transporte de Pasajeros Urbano (> 8 asientos),Peatón",Maipu Y 9 De Julio,2,1,0,0,1,0,0,,Calle,,ROSARIO,Rosario,Asfalto,No existe,II,Dentro,Urbana,Semáforo,Funciona,Intersección,S/D,S/D,Diurna,S/D,S/D,Peatón,Atropello,S/D,"Horizontal,Vertical",Ninguna,S/D,POINT (-60.637184000000005 -32.95440359999999),"['Maipú', '9 de Julio']",2,Maipú; 9 de Julio,-32.95440359999999,-60.637184000000005,55.0,538.0,Municipio Rosario,Municipio,Rosario,820210,Servicio de Catastro e Información Territorial,IGN
2017,9177,2017-11-18,Sabado,0.0,12:54:00,,0.0,2,"Pickup/Utilitario,Automóvil",Av. Avellaneda B Y San Juan,2,1,0,0,1,0,0,,Calle,,ROSARIO,Rosario,Asfalto,No existe,II,S/D,Urbana,Semáforo,Funciona,Recta,Bueno,Buena,Diurna,Buen Tiempo,De alcance,S/D,Colisión,Ninguna,"Horizontal,Vertical",Cordón divisorio,S/D,POINT (-60.680076299999996 -32.94284435),"['Avellaneda', 'San Juan']",2,Bulevar Nicolás Avellaneda; San Juan,-32.94284435,-60.6800763,55.0,538.0,Municipio Rosario,Municipio,Rosario,820210,Servicio de Catastro e Información Territorial,IGN
2017,9178,2017-11-19,Domingo,0.0,21:45:00,,0.0,2,"Moto/Ciclomotor,Moto/Ciclomotor",Italia Y E.Zeballos,2,1,0,0,0,0,1,,Calle,,ROSARIO,Rosario,Asfalto,No existe,II,Dentro,Urbana,Paso Peatonal,No existe,Intersección,Bueno,Buena,"Nocturna,Con luz artificial",Buen Tiempo,Lateral,S/D,Colisión,Ninguna,Horizontal,S/D,Sin restricción,POINT (-60.650023 -32.95327000000001),"['Italia', 'Zeballos']",2,Italia; Zeballos,-32.95327000000001,-60.650023,55.0,538.0,Municipio Rosario,Municipio,Rosario,820210,Servicio de Catastro e Información Territorial,IGN
2017,9179,2017-11-15,Miercoles,0.0,5:00:00,,0.0,2,"Moto/Ciclomotor,Transporte de Pasajeros Urbano (> 8 asientos)",Ayacucho Y 9 De Julio,3,0,1,0,2,0,0,,Calle,,ROSARIO,Rosario,Asfalto,No existe,II,Dentro,Urbana,Marca Vial,No existe,Intersección,S/D,S/D,"Amanecer,Con luz artificial",S/D,Lateral,S/D,Colisión,S/D,Horizontal,Ninguna,S/D,POINT (-60.62878940000001 -32.9558706),"['Ayacucho', '9 de Julio']",2,Ayacucho; 9 de Julio,-32.9558706,-60.62878940000001,55.0,538.0,Municipio Rosario,Municipio,Rosario,820210,Servicio de Catastro e Información Territorial,IGN
2017,9180,2017-11-14,Martes,0.0,17:15:00,,0.0,2,"Moto/Ciclomotor,Pickup/Utilitario",Crespo Y 3 De Febrero,2,1,0,0,1,0,0,,Calle,,ROSARIO,Rosario,Asfalto,No existe,II,S/D,Urbana,Semáforo,No existe,Recta,Bueno,Buena,Diurna,S/D,De alcance,S/D,Colisión,Ninguna,Vertical,Cordón divisorio,S/D,POINT (-60.6698141 -32.9474127),"['Crespo', '3 de Febrero']",2,Crespo; 3 de Febrero,-32.9474127,-60.6698141,55.0,538.0,Municipio Rosario,Municipio,Rosario,820210,Servicio de Catastro e Información Territorial,IGN
2017,9181,2017-11-25,Sabado,0.0,13:00:00,,0.0,2,"Automóvil,Moto/Ciclomotor",San Luis Y Rodriguez,4,2,0,0,2,0,0,,Calle,,ROSARIO,Rosario,Asfalto,No existe,II,Dentro,Urbana,Paso Peatonal,No existe,Intersección,Bueno,Buena,Diurna,Buen Tiempo,De alcance,S/D,Colisión,Ninguna,Horizontal,Ninguna,Sin restricción,POINT (-60.6593596 -32.9453712),"['San Luis', 'Rodríguez']",2,San Luis; Rodríguez de Escobedo,-32.9453712,-60.6593596,55.0,538.0,Municipio Rosario,Municipio,Rosario,820210,Servicio de Catastro e Información Territorial,IGN
2017,9182,2017-11-20,Lunes,0.0,1:05:00,,0.0,2,"Automóvil,Moto/Ciclomotor",Bv. Oroño Y Brown,5,1,0,0,4,0,0,,Avenida,,ROSARIO,Rosario,Asfalto,No existe,II,Dentro,Urbana,Semáforo,Funciona,Intersección,S/D,Buena,"Nocturna,Con luz artificial",Buen Tiempo,Lateral,S/D,Colisión,Ninguna,"Horizontal,Vertical",Cordón divisorio,Sin restricción,POINT (-60.650931750000005 -32.934415099999995),"['Bulevar Nicasio Oroño', 'Brown']",2,Bulevar Nicasio Oroño; Almirante Brown,-32.934415099999995,-60.650931750000005,55.0,538.0,Municipio Rosario,Municipio,Rosario,820210,Servicio de Catastro e Información Territorial,IGN
2017,9183,2017-11-22,Miercoles,0.0,17:45:00,,0.0,2,"Automóvil,Moto/Ciclomotor",Av. Sorrento Y Av. Provincias Unidas,2,1,0,0,1,0,0,,Avenida,,ROSARIO,Rosario,Asfalto,No existe,II,Dentro,Urbana,Señal Ceda el Paso,No existe,Intersección,Bueno,Buena,Atardecer,Buen Tiempo,Lateral,S/D,Colisión,Ninguna,Vertical,Ninguna,Sin restricción,POINT (-60.714102249999996 -32.9083328),"['Sorrento', 'Avenida Provincias Unidas']",2,Avenida Sorrento; Avenida Provincias Unidas,-32.9083328,-60.71410225,55.0,538.0,Municipio Rosario,Municipio,Rosario,820210,Servicio de Catastro e Información Territorial,IGN
2017,9185,2017-11-21,Martes,0.0,7:35:00,,0.0,2,"Automóvil,Moto/Ciclomotor",E.Zeballos Y Alsina,2,0,1,0,1,0,0,,Calle,,ROSARIO,Rosario,Asfalto,No existe,II,Dentro,Urbana,Ninguna,No existe,Intersección,Bueno,Buena,Diurna,Buen Tiempo,De alcance,S/D,Colisión,Agua,Faltante,Ninguna,Sin restricción,POINT (-60.6785567 -32.948147299999995),"['Zeballos', 'Alsina']",2,Zeballos; Alsina,-32.948147299999995,-60.6785567,55.0,538.0,Municipio Rosario,Municipio,Rosario,820210,Servicio de Catastro e Información Territorial,IGN
2017,9188,2017-11-16,Jueves,0.0,20:20:00,,0.0,2,"Moto/Ciclomotor,Moto/Ciclomotor",AV. SORRENTO Y JUAN PABLO II,2,1,0,0,1,0,0,,Avenida,,ROSARIO,Rosario,Asfalto,No existe,II,Dentro,Urbana,Semáforo,Funciona,Curva,Bueno,Buena,Nocturna,Buen Tiempo,Otro,S/D,Colisión,Ninguna,Vertical,Barrera de hormigón,Sin restricción,POINT (-60.72270983333334 -32.90836276666666),"['Sorrento', 'Juan Pablo II']",2,Avenida Sorrento; Colectora Juan Pablo II,-32.90836276666666,-60.72270983333334,55.0,538.0,Municipio Rosario,Municipio,Rosario,820210,Servicio de Catastro e Información Territorial,IGN
2017,9189,2017-11-16,Jueves,0.0,20:40:00,,0.0,2,"Taxi/Remis,Moto/Ciclomotor",3 De Febrero Y San Nicolas,2,0,1,0,1,0,0,,Calle,,ROSARIO,Rosario,Asfalto,No existe,II,Dentro,Urbana,Paso Peatonal,No existe,Intersección,Bueno,Buena,Nocturna,Buen Tiempo,De alcance,S/D,Colisión,Ninguna,Horizontal,Ninguna,Sin restricción,POINT (-60.6739228 -32.94667499999999),"['3 de Febrero', 'San Nicolás']",2,3 de Febrero; San Nicolás,-32.94667499999999,-60.6739228,55.0,538.0,Municipio Rosario,Municipio,Rosario,820210,Servicio de Catastro e Información Territorial,IGN
2017,9191,2017-11-17,Viernes,0.0,18:15:00,,0.0,2,"Peatón,Automóvil",Av. Genova Y Ottone Bis,2,1,0,0,1,0,0,,Avenida,,ROSARIO,Rosario,Asfalto,No existe,II,Dentro,Urbana,Semáforo,Funciona,Intersección,Bueno,Buena,Atardecer,Buen Tiempo,S/D,Peatón,Atropello,Ninguna,Vertical,Línea divisoria pintada,Sin restricción,POINT (-60.70101400000001 -32.9156454),"['Genova', 'Ottone']",2,Avenida Génova; Ottone,-32.9156454,-60.70101400000001,55.0,538.0,Municipio Rosario,Municipio,Rosario,820210,Servicio de Catastro e Información Territorial,IGN
2017,9192,2017-11-13,Lunes,0.0,10:00:00,,0.0,2,"Automóvil,Taxi/Remis",San Luis Y Constitucion,3,1,0,0,2,0,0,,Calle,,ROSARIO,Rosario,Asfalto,No existe,II,Dentro,Urbana,Ninguna,No existe,Intersección,Bueno,Buena,Diurna,Buen Tiempo,De alcance,S/D,Colisión,Agua,Faltante,Ninguna,Sin restricción,POINT (-60.6743577 -32.9426963),"['San Luis', 'Constitución']",2,San Luis; Constitución,-32.9426963,-60.6743577,55.0,538.0,Municipio Rosario,Municipio,Rosario,820210,Servicio de Catastro e Información Territorial,IGN
2017,9193,2017-11-01,Miercoles,0.0,11:15:00,,0.0,2,"Moto/Ciclomotor,Pickup/Utilitario",Av. Pellegrini Y Constitucion,2,1,0,0,1,0,0,,Calle,,ROSARIO,Rosario,Asfalto,No existe,II,Dentro,Urbana,Semáforo,No existe,Intersección,Bueno,Buena,Diurna,Buen Tiempo,De alcance,S/D,Colisión,Ninguna,"Horizontal,Vertical","Cordón divisorio,Línea divisoria pintada",Sin restricción,POINT (-60.67641675 -32.950913),"['Pellegrini', 'Constitución']",2,Avenida Carlos Pellegrini; Constitución,-32.950913,-60.67641675,55.0,538.0,Municipio Rosario,Municipio,Rosario,820210,Servicio de Catastro e Información Territorial,IGN
2017,9194,2017-11-22,Miercoles,0.0,15:00:00,,0.0,2,"Taxi/Remis,Moto/Ciclomotor",Rioja Y Entre Rios,2,1,0,0,1,0,0,,Calle,,ROSARIO,Rosario,Asfalto,No existe,II,Dentro,Urbana,Ninguna,No existe,Intersección,Bueno,Buena,Diurna,Buen Tiempo,Lateral,S/D,Colisión,Ninguna,Faltante,Ninguna,Sin restricción,POINT (-60.6412382 -32.947131699999986),"['Rioja', 'Entre Ríos']",2,Rioja; Entre Ríos,-32.947131699999986,-60.6412382,55.0,538.0,Municipio Rosario,Municipio,Rosario,820210,Servicio de Catastro e Información Territorial,IGN
2017,9196,2017-11-25,Sabado,0.0,16:30:00,,0.0,2,"Automóvil,Automóvil",E.Zeballos Y Ricchieri,5,4,0,0,1,0,0,,Calle,,ROSARIO,Rosario,Asfalto,No existe,II,Dentro,Urbana,Ninguna,No existe,Intersección,Bueno,Buena,Diurna,Buen Tiempo,De alcance,S/D,Colisión,Ninguna,Faltante,Ninguna,Sin restricción,POINT (-60.664986799999994 -32.95057959999998),"['Zeballos', 'Ricchieri']",2,Zeballos; Ricchieri,-32.95057959999998,-60.6649868,55.0,538.0,Municipio Rosario,Municipio,Rosario,820210,Servicio de Catastro e Información Territorial,IGN
2017,9197,2017-11-16,Jueves,0.0,21:00:00,,0.0,3,"Moto/Ciclomotor,Automóvil,Automóvil",Av. Sorrento Y Av. Provincias Unidas,5,0,1,0,4,0,0,,Avenida,,ROSARIO,Rosario,Asfalto,No existe,II,Dentro,Urbana,Señal Ceda el Paso,No existe,Cruce,Bueno,Buena,Nocturna,Buen Tiempo,"De alcance,Múltiple",S/D,Colisión,Ninguna,Vertical,Guardarrail,Sin restricción,POINT (-60.714102249999996 -32.9083328),"['Sorrento', 'Avenida Provincias Unidas']",2,Avenida Sorrento; Avenida Provincias Unidas,-32.9083328,-60.71410225,55.0,538.0,Municipio Rosario,Municipio,Rosario,820210,Servicio de Catastro e Información Territorial,IGN
2017,9198,2017-11-22,Miercoles,0.0,15:00:00,,0.0,3,"Automóvil,Automóvil,Moto/Ciclomotor",Salta 1500,6,1,0,0,5,0,0,,Calle,,ROSARIO,Rosario,Asfalto,No existe,II,Dentro,Urbana,Paso Peatonal,No existe,Recta,Bueno,Buena,Diurna,Buen Tiempo,Múltiple,S/D,Colisión,Ninguna,Horizontal,Ninguna,Sin restricción,"-32.9384196, -60.6418687",['Salta 1500'],1,Salta 1500,-32.9384196,-60.6418687,55.0,538.0,Municipio Rosario,Municipio,Rosario,820210,Servicio de Catastro e Información Territorial,IGN
2017,9202,2017-11-26,Domingo,0.0,15:30:00,,0.0,2,"Pickup/Utilitario,Peatón",Av. Provincias Unidas Y Schweitzer,2,1,0,0,1,0,0,,Avenida,,ROSARIO,Rosario,Asfalto,No existe,II,Dentro,Urbana,Ninguna,No existe,Intersección,Con baches,Buena,Diurna,Buen Tiempo,Otro,Peatón,Atropello,Ninguna,Faltante,Ninguna,Sin restricción,POINT (-60.713941950000006 -32.913199899999995),"['Avenida Provincias Unidas', 'Albert Schweitzer']",2,Avenida Provincias Unidas; Albert Schweitzer,-32.913199899999995,-60.713941950000006,55.0,538.0,Municipio Rosario,Municipio,Rosario,820210,Servicio de Catastro e Información Territorial,IGN
2017,9205,2017-11-14,Martes,0.0,7:45:00,,0.0,2,"Moto/Ciclomotor,Automóvil",3 De Febrero 700,2,1,0,0,1,0,0,,Calle,,ROSARIO,Rosario,Asfalto,No existe,II,Dentro,Urbana,Ninguna,No existe,Recta,Bueno,Buena,Amanecer,Buen Tiempo,Lateral,S/D,Colisión,Ninguna,Faltante,Cordón divisorio,Sin restricción,"-32.9536677, -60.6341634",['3 De Febrero 700'],1,3 De Febrero 700,-32.9536677,-60.6341634,55.0,538.0,Municipio Rosario,Municipio,Rosario,820210,Servicio de Catastro e Información Territorial,IGN
2017,9206,2017-11-27,Lunes,0.0,11:40:00,,0.0,2,"Pickup/Utilitario,Moto/Ciclomotor",Barra Y La Republica,2,1,0,0,1,0,0,,Calle,,ROSARIO,Rosario,Asfalto,No existe,II,Dentro,Urbana,Ninguna,No existe,Intersección,Bueno,Buena,Diurna,Buen Tiempo,Otro,S/D,Colisión,Ninguna,Faltante,Ninguna,Sin restricción,POINT (-60.7079885 -32.9184476),"['Barra', 'La República']",2,Barraco; La República,-32.9184476,-60.7079885,55.0,538.0,Municipio Rosario,Municipio,Rosario,820210,Servicio de Catastro e Información Territorial,IGN
2017,9209,2017-11-02,Jueves,0.0,21:30:00,,0.0,1,Moto/Ciclomotor,Av. Luis Carballo 500,1,1,0,0,0,0,0,,Avenida,,ROSARIO,Rosario,Asfalto,No existe,II,Dentro,Rural,Semáforo,Funciona,Recta,Bueno,Buena,Nocturna,Buen Tiempo,S/D,S/D,Vuelco,Ninguna,Vertical,Cordón divisorio,Sin restricción,"-32.9221961, -60.6858644",['Luis Carballo 500'],1,Luis Carballo 500,-32.9221961,-60.6858644,55.0,538.0,Municipio Rosario,Municipio,Rosario,820210,Servicio de Catastro e Información Territorial,IGN
2017,9210,2017-11-24,Viernes,0.0,18:40:00,,0.0,2,"Automóvil,Moto/Ciclomotor",Valparaiso Y Mendoza,3,2,0,0,1,0,0,,Calle,,ROSARIO,Rosario,Asfalto,No existe,II,Dentro,Urbana,Paso Peatonal,No existe,Intersección,Bueno,Buena,Atardecer,Buen Tiempo,De alcance,S/D,Colisión,Ninguna,Horizontal,Línea divisoria pintada,Sin restricción,POINT (-60.6831208 -32.9437541),"['Valparaíso', 'Mendoza']",2,Valparaíso; Mendoza,-32.9437541,-60.6831208,55.0,538.0,Municipio Rosario,Municipio,Rosario,820210,Servicio de Catastro e Información Territorial,IGN
2017,9211,2017-11-15,Miercoles,0.0,8:45:00,,0.0,2,"Bicicleta,Automóvil",9 De Julio Y San Nicolas,2,1,0,0,1,0,0,,Calle,,ROSARIO,Rosario,Asfalto,No existe,II,Dentro,Urbana,Ninguna,No existe,Intersección,Bueno,Buena,Diurna,Buen Tiempo,Lateral,Ciclista,Atropello,Ninguna,Faltante,Ninguna,Sin restricción,POINT (-60.674188699999995 -32.94772739999999),"['9 de Julio', 'San Nicolás']",2,9 de Julio; San Nicolás,-32.94772739999999,-60.6741887,55.0,538.0,Municipio Rosario,Municipio,Rosario,820210,Servicio de Catastro e Información Territorial,IGN
2017,9213,2017-11-27,Lunes,0.0,22:40:00,,0.0,2,"Camión Chasis,Moto/Ciclomotor",Albert Sabin Y Bv. Avellaneda,7,1,0,0,6,0,0,,Avenida,,ROSARIO,Rosario,Asfalto,No existe,II,Dentro,Urbana,Ninguna,Funciona,Intersección,Bueno,Buena,Nocturna,Buen Tiempo,S/D,S/D,Colisión,Ninguna,Vertical,Ninguna,Sin restricción,POINT (-60.67658666 -32.9288765),"['Avenida Travesía Albert Sabin', 'Avellaneda']",2,Avenida Travesía Albert Sabin; Bulevar Nicolás Avellaneda,-32.9288765,-60.67658666,55.0,538.0,Municipio Rosario,Municipio,Rosario,820210,Servicio de Catastro e Información Territorial,IGN
2017,9215,2017-11-12,Domingo,0.0,16:50:00,,0.0,2,"Bicicleta,Automóvil",3 De Febrero Y San Nicolas,2,1,0,0,1,0,0,,Calle,,ROSARIO,Rosario,Asfalto,No existe,II,S/D,Urbana,Paso Peatonal,No existe,Intersección,Resbaladiza,Buena,Diurna,Lluvia,S/D,Ciclista,Atropello,Agua,Horizontal,Ninguna,Sin restricción,POINT (-60.6739228 -32.94667499999999),"['3 de Febrero', 'San Nicolás']",2,3 de Febrero; San Nicolás,-32.94667499999999,-60.6739228,55.0,538.0,Municipio Rosario,Municipio,Rosario,820210,Servicio de Catastro e Información Territorial,IGN
2017,9216,2017-11-22,Miercoles,0.0,16:10:00,,0.0,2,"Moto/Ciclomotor,Automóvil",Rioja Y Rio De Janeiro,2,1,0,0,1,0,0,,Calle,,ROSARIO,Rosario,Asfalto,No existe,II,Dentro,Urbana,Ninguna,No existe,Recta,Bueno,Buena,Diurna,Buen Tiempo,De alcance,S/D,Colisión,Ninguna,Faltante,Ninguna,Sin restricción,POINT (-60.6808066 -32.9400306),"['Rioja', 'Río de Janeiro']",2,Rioja; Río de Janeiro,-32.9400306,-60.6808066,55.0,538.0,Municipio Rosario,Municipio,Rosario,820210,Servicio de Catastro e Información Territorial,IGN
2017,9217,2017-11-30,Jueves,0.0,11:10:00,,0.0,2,"Otros,Moto/Ciclomotor",Ricchieri Y Av. Pellegrini,2,1,0,0,0,0,1,,Calle,,ROSARIO,Rosario,Asfalto,No existe,II,S/D,Urbana,Semáforo,Funciona,Recta,Bueno,Buena,Diurna,Buen Tiempo,De alcance,S/D,Colisión,Ninguna,"Horizontal,Vertical","Cordón divisorio,Línea divisoria pintada",Sin restricción,POINT (-60.661411533333336 -32.979310700000006),"['Ricchieri', 'Pellegrini']",2,Ricchieri; Avenida Carlos Pellegrini,-32.979310700000006,-60.661411533333336,55.0,538.0,Municipio Rosario,Municipio,Rosario,820210,Servicio de Catastro e Información Territorial,IGN
2017,9219,2017-11-08,Miercoles,0.0,7:30:00,,0.0,2,"Moto/Ciclomotor,Pickup/Utilitario",Diaz Velez Y Humberto I,2,1,0,0,1,0,0,,Calle,,ROSARIO,Rosario,Asfalto,No existe,II,Dentro,Urbana,Ninguna,No existe,Intersección,Bueno,Buena,Diurna,Buen Tiempo,Otro,S/D,Colisión,Ninguna,Faltante,Ninguna,Sin restricción,POINT (-60.6845087 -32.92970569999999),"['Díaz Vélez', 'Humberto']",2,Díaz Vélez; Humberto Primero,-32.92970569999999,-60.6845087,55.0,538.0,Municipio Rosario,Municipio,Rosario,820210,Servicio de Catastro e Información Territorial,IGN
2017,9220,2017-11-26,Domingo,0.0,17:45:00,,0.0,2,"Automóvil,Automóvil",Montevideo Y Alsina,4,1,0,0,2,0,1,,Calle,,ROSARIO,Rosario,Asfalto,No existe,II,S/D,Urbana,Semáforo,Funciona,Recta,Bueno,Buena,Diurna,Buen Tiempo,De alcance,S/D,Colisión,Ninguna,Vertical,S/D,Sin restricción,POINT (-60.6788522 -32.949314199999996),"['Montevideo', 'Alsina']",2,Montevideo; Alsina,-32.9493142,-60.6788522,55.0,538.0,Municipio Rosario,Municipio,Rosario,820210,Servicio de Catastro e Información Territorial,IGN
2017,9224,2017-11-24,Viernes,0.0,10:40:00,,0.0,2,"Automóvil,Automóvil",3 De Febrero Y Constitucion,3,2,0,0,1,0,0,,Calle,,ROSARIO,Rosario,Asfalto,No existe,II,Dentro,Urbana,Ninguna,No existe,Intersección,Bueno,Buena,Diurna,Buen Tiempo,De alcance,S/D,Colisión,Ninguna,Faltante,Ninguna,Sin restricción,POINT (-60.675293 -32.94642889999999),"['3 de Febrero', 'Constitución']",2,3 de Febrero; Constitución,-32.94642889999999,-60.675293,55.0,538.0,Municipio Rosario,Municipio,Rosario,820210,Servicio de Catastro e Información Territorial,IGN
2017,9227,2017-11-10,Viernes,0.0,19:00:00,,0.0,2,"Moto/Ciclomotor,Pickup/Utilitario",J.J.Paso Y Campbell,2,1,0,0,1,0,0,,Avenida,,ROSARIO,Rosario,Asfalto,No existe,II,Dentro,Urbana,Ninguna,No existe,Intersección,Bueno,Buena,Nocturna,Buen Tiempo,Lateral,S/D,Colisión,Ninguna,Vertical,Línea divisoria pintada,Sin restricción,POINT (-60.70865715000001 -32.92010505),"['Paso', 'Campbell']",2,Avenida Juan José Paso; Campbell,-32.92010505,-60.70865715000001,55.0,538.0,Municipio Rosario,Municipio,Rosario,820210,Servicio de Catastro e Información Territorial,IGN