anio_acci,nro_acci,fecha,desc_dia,fecha_aprox,hora_aprox,desc_ruta,km,cant_participantes,desc_participante,calle_avenida_km,total,heridos_leves,heridos_graves,heridos_gravisimos,ilesos,fallecidos,sin_datos,posicion_XY,desc_tipo_via,desc_ruta_ori,desc_loc,desc_dpto,desc_tipo_calzada,desc_tipo_banquina,desc_unidad_regional,desc_lugar_calzada,desc_zona,desc_prioridad,desc_estado_semaforo,desc_lugar_via,desc_estado_via,desc_estado_visibilidad,desc_luminosidad,desc_estado_clima,desc_tipo_colision,desc_tipo_atropello,desc_tipo_hecho,desc_pres_calzada,desc_senializacion,desc_separacion_via,desc_restriccion,forma_geocod,calle_lista,numero_calles,calles_osm,lat,lon,index_right,gid,fna,gna,nam,in1,fdc,sag
2017,9229,2017-11-09,Jueves,0.0,18:35:00,,0.0,2,"Automóvil,Taxi/Remis",3 De Febrero Y Castellanos,3,2,0,0,1,0,0,,Calle,,ROSARIO,Rosario,Asfalto,No existe,II,Dentro,Urbana,Ninguna,No existe,Intersección,Bueno,Buena,Atardecer,Buen Tiempo,De alcance,S/D,Colisión,Ninguna,Faltante,Ninguna,Sin restricción,POINT (-60.6767004 -32.9461743),"['3 de Febrero', 'Aaron Castellanos']",2,3 de Febrero; Aaron Castellanos,-32.9461743,-60.6767004,55.0,538.0,Municipio Rosario,Municipio,Rosario,820210,Servicio de Catastro e Información Territorial,IGN
2017,9233,2017-11-03,Viernes,0.0,1:40:00,,0.0,2,"Automóvil,Automóvil",Bv. 27 De Febrero Y Entre Rios,4,1,0,0,3,0,0,,Avenida,,ROSARIO,Rosario,Asfalto,No existe,II,Dentro,Urbana,Semáforo,Funciona,Intersección,Bueno,Buena,"Nocturna,Con luz artificial",Buen Tiempo,Lateral,S/D,Colisión,Ninguna,"Horizontal,Vertical",Cordón divisorio,Sin restricción,POINT (-60.64626885000001 -32.967096450000014),"['27 de Febrero', 'Entre Ríos']",2,Bulevar 27 de Febrero; Entre Ríos,-32.967096450000014,-60.64626885000001,55.0,538.0,Municipio Rosario,Municipio,Rosario,820210,Servicio de Catastro e Información Territorial,IGN
2017,9237,2017-11-11,Sabado,0.0,17:40:00,,0.0,2,"Bicicleta,Moto/Ciclomotor",Bv. 27 De Febrero Y Pueyrredon,2,1,0,0,1,0,0,,Avenida,,ROSARIO,Rosario,Asfalto,No existe,II,Dentro,Urbana,Ninguna,No existe,Intersección,Bueno,Buena,Diurna,Buen Tiempo,Lateral,Ciclista,Atropello,Ninguna,Horizontal,Cordón divisorio,Sin restricción,POINT (-60.6627028 -32.964221200000004),"['27 de Febrero', 'Pueyrredón']",2,Bulevar 27 de Febrero; Pueyrredón,-32.964221200000004,-60.6627028,55.0,538.0,Municipio Rosario,Municipio,Rosario,820210,Servicio de Catastro e Información Territorial,IGN
2017,9241,2017-11-17,Viernes,0.0,9:20:00,,0.0,2,"Moto/Ciclomotor,Automóvil",Italia Y Pasco,2,1,0,0,1,0,0,,Calle,,ROSARIO,Rosario,Asfalto,No existe,II,Dentro,Urbana,Señal Pare,No existe,Recta,Bueno,Buena,Diurna,Buen Tiempo,De alcance,S/D,Colisión,Ninguna,Vertical,Ninguna,Sin restricción,POINT (-60.6511878 -32.9578258),"['Italia', 'Pasco']",2,Italia; Pasco,-32.9578258,-60.6511878,55.0,538.0,Municipio Rosario,Municipio,Rosario,820210,Servicio de Catastro e Información Territorial,IGN
2017,9243,2017-11-17,Viernes,0.0,17:25:00,,0.0,2,"Bicicleta,Automóvil",Bv. 27 De Febrero 2600,2,1,0,0,1,0,0,,Avenida,,ROSARIO,Rosario,Asfalto,No existe,II,Dentro,Urbana,Ninguna,No existe,Otro,Bueno,Buena,Diurna,Buen Tiempo,Contra objeto fijo,S/D,Colisión,Ninguna,Horizontal,Cordón divisorio,Sin restricción,"-32.96371055234899, -60.6642424147651",['27 De Febrero 2600'],1,27 De Febrero 2600,-32.96371055234899,-60.6642424147651,55.0,538.0,Municipio Rosario,Municipio,Rosario,820210,Servicio de Catastro e Información Territorial,IGN
2017,9250,2017-11-17,Viernes,0.0,11:45:00,,0.0,2,"Bicicleta,Automóvil",España Y Av. Pellegrini,2,1,0,0,1,0,0,,Calle,,ROSARIO,Rosario,Asfalto,No existe,II,Dentro,Urbana,Semáforo,Funciona,Recta,Bueno,Buena,Diurna,Buen Tiempo,S/D,Ciclista,Atropello,Ninguna,"Horizontal,Vertical",Cordón divisorio,Sin restricción,POINT (-60.6492162 -32.95580995),"['España', 'Pellegrini']",2,España; Avenida Carlos Pellegrini,-32.95580995,-60.6492162,55.0,538.0,Municipio Rosario,Municipio,Rosario,820210,Servicio de Catastro e Información Territorial,IGN
2017,9253,2017-11-18,Sabado,0.0,19:30:00,,0.0,2,"Moto/Ciclomotor,Pickup/Utilitario",Av. Ovidio Lagos Y La Paz,3,1,1,0,1,0,0,,Avenida,,ROSARIO,Rosario,Asfalto,No existe,II,Dentro,Urbana,Semáforo,Funciona,Intersección,Bueno,Buena,Diurna,Buen Tiempo,Lateral,S/D,Colisión,Ninguna,Vertical,Cordón divisorio,Sin restricción,POINT (-60.6657993 -32.960048499999985),"['Avenida Ovidio Lagos', 'La Paz']",2,Avenida Ovidio Lagos; La Paz,-32.960048499999985,-60.6657993,55.0,538.0,Municipio Rosario,Municipio,Rosario,820210,Servicio de Catastro e Información Territorial,IGN
2017,9254,2017-11-21,Martes,0.0,19:30:00,,0.0,2,"Bicicleta,Automóvil",Av. Ovidio Lagos Y Cordoba,2,1,0,0,1,0,0,,Avenida,,ROSARIO,Rosario,Asfalto,No existe,II,Dentro,Urbana,Ninguna,No existe,Recta,Bueno,Buena,"Nocturna,Con luz artificial",Buen Tiempo,S/D,Ciclista,Atropello,Ninguna,Faltante,Ninguna,Sin restricción,POINT (-60.6614607 -32.9422773),"['Avenida Ovidio Lagos', 'Córdoba']",2,Avenida Ovidio Lagos; Córdoba,-32.9422773,-60.6614607,55.0,538.0,Municipio Rosario,Municipio,Rosario,820210,Servicio de Catastro e Información Territorial,IGN
2017,9258,2017-11-21,Martes,0.0,17:00:00,,0.0,2,"Moto/Ciclomotor,Automóvil",Mitre Y Virasoro,2,1,0,0,1,0,0,,Calle,,ROSARIO,Rosario,Asfalto,No existe,II,Dentro,Urbana,Marca Vial,No existe,Recta,Bueno,Buena,Diurna,Buen Tiempo,Lateral,S/D,Colisión,Ninguna,Horizontal,Ninguna,Sin restricción,POINT (-60.645445900000006 -32.9696759),"['Mitre', 'Virasoro']",2,Bartolomé Mitre; Benjamín Virasoro,-32.9696759,-60.645445900000006,55.0,538.0,Municipio Rosario,Municipio,Rosario,820210,Servicio de Catastro e Información Territorial,IGN
2017,9260,2017-11-15,Miercoles,0.0,7:00:00,,0.0,2,"Moto/Ciclomotor,Moto/Ciclomotor",Pueyrredon Y San Juan,4,1,0,0,3,0,0,,Calle,,ROSARIO,Rosario,Asfalto,No existe,II,Dentro,Urbana,Ninguna,No existe,Intersección,Bueno,Buena,Amanecer,Buen Tiempo,De alcance,S/D,Colisión,Ninguna,Faltante,Ninguna,Sin restricción,POINT (-60.6583043 -32.94672330000001),"['Pueyrredón', 'San Juan']",2,Pueyrredón; San Juan,-32.94672330000001,-60.6583043,55.0,538.0,Municipio Rosario,Municipio,Rosario,820210,Servicio de Catastro e Información Territorial,IGN
2017,9262,2017-11-22,Miercoles,0.0,15:00:00,,0.0,2,"Moto/Ciclomotor,Automóvil",Ituzaingo Y Dorrego,2,1,0,0,1,0,0,,Calle,,ROSARIO,Rosario,Asfalto,No existe,II,Dentro,Urbana,Ninguna,No existe,Intersección,Bueno,Buena,Diurna,Buen Tiempo,Lateral,S/D,Colisión,Ninguna,Faltante,Ninguna,Sin restricción,POINT (-60.65280490000001 -32.958759499999985),"['Ituzaingó', 'Dorrego']",2,Ituzaingó; Manuel Dorrego,-32.958759499999985,-60.65280490000001,55.0,538.0,Municipio Rosario,Municipio,Rosario,820210,Servicio de Catastro e Información Territorial,IGN
2017,9264,2017-11-23,Jueves,0.0,17:20:00,,0.0,2,"Moto/Ciclomotor,Automóvil",Galvez Y Entre Rios,2,1,0,0,1,0,0,,Calle,,ROSARIO,Rosario,Asfalto,No existe,II,Dentro,Urbana,Ninguna,No existe,Intersección,Bueno,Buena,Diurna,Buen Tiempo,Lateral,S/D,Colisión,S/D,Faltante,Ninguna,Sin restricción,POINT (-60.6465702 -32.968276),"['Galvez', 'Entre Ríos']",2,José Gálvez; Entre Ríos,-32.968276,-60.6465702,55.0,538.0,Municipio Rosario,Municipio,Rosario,820210,Servicio de Catastro e Información Territorial,IGN
2017,9267,2017-11-21,Martes,0.0,16:00:00,,0.0,2,"Moto/Ciclomotor,Automóvil",Av. Ovidio Lagos Y Cerrito,2,1,0,0,1,0,0,,Avenida,,ROSARIO,Rosario,Asfalto,No existe,II,Dentro,Urbana,Ninguna,No existe,Intersección,Bueno,Buena,Diurna,Buen Tiempo,Lateral,S/D,Colisión,S/D,Faltante,Ninguna,Sin restricción,POINT (-60.665362300000005 -32.9577072),"['Avenida Ovidio Lagos', 'Cerrito']",2,Avenida Ovidio Lagos; Cerrito,-32.9577072,-60.665362300000005,55.0,538.0,Municipio Rosario,Municipio,Rosario,820210,Servicio de Catastro e Información Territorial,IGN
2017,9268,2017-11-25,Sabado,0.0,16:30:00,,0.0,2,"Moto/Ciclomotor,Pickup/Utilitario",Pte.Roca Y Cerrito,2,1,0,0,1,0,0,,Calle,,ROSARIO,Rosario,Asfalto,No existe,II,Dentro,Urbana,Ninguna,No existe,Intersección,Bueno,Buena,Diurna,Buen Tiempo,Lateral,S/D,Colisión,Ninguna,Faltante,Ninguna,Sin restricción,POINT (-60.64898230000001 -32.96062199999999),"['Roca', 'Cerrito']",2,Presidente Roca; Cerrito,-32.96062199999999,-60.64898230000001,55.0,538.0,Municipio Rosario,Municipio,Rosario,820210,Servicio de Catastro e Información Territorial,IGN
2017,9270,2017-07-12,Miercoles,0.0,,,0.0,2,"Moto/Ciclomotor,Peatón",Garibaldi 5000,3,2,0,0,1,0,0,,Calle,,ROSARIO,Rosario,S/D,S/D,II,Dentro,Urbana,S/D,S/D,Recta,S/D,S/D,S/D,S/D,S/D,Peatón,Atropello,S/D,S/D,S/D,S/D,"-32.980586, -60.6781943",['Garibaldi 5000'],1,Garibaldi 5000,-32.980586,-60.6781943,55.0,538.0,Municipio Rosario,Municipio,Rosario,820210,Servicio de Catastro e Información Territorial,IGN
2017,9271,2017-11-27,Lunes,0.0,6:50:00,,0.0,2,"Bicicleta,Taxi/Remis",Mitre Y Riobamba,2,1,0,0,1,0,0,,Calle,,ROSARIO,Rosario,Asfalto,S/D,II,Dentro,Urbana,Ninguna,No existe,Intersección,Bueno,Buena,Diurna,Buen Tiempo,S/D,Ciclista,Atropello,Ninguna,S/D,Ninguna,Sin restricción,POINT (-60.6437275 -32.96278260000001),"['Mitre', 'Riobamba']",2,Bartolomé Mitre; Riobamba,-32.96278260000001,-60.6437275,55.0,538.0,Municipio Rosario,Municipio,Rosario,820210,Servicio de Catastro e Información Territorial,IGN
2017,9287,2017-11-12,Domingo,0.0,18:40:00,,0.0,2,"Automóvil,Automóvil",TRAVESÍA  Y JUAN JOSÉ PASO,5,2,0,0,3,0,0,,Calle,,ROSARIO,Rosario,Asfalto,Pavimento,II,Dentro,Urbana,Semáforo,Funciona,Recta,Bueno,Buena,Diurna,Buen Tiempo,Frontal,S/D,Colisión,Ninguna,Vertical,Ninguna,Sin restricción,POINT (-60.6889194 -32.919526100000006),"['Travesía', 'Juan José Paso']",2,Avenida Travesía Albert Sabin; Avenida Juan José Paso,-32.919526100000006,-60.6889194,55.0,538.0,Municipio Rosario,Municipio,Rosario,820210,Servicio de Catastro e Información Territorial,IGN
2017,9289,2017-11-26,Domingo,0.0,1:30:00,,0.0,2,"Taxi/Remis,Automóvil",Av. Ovidio Lagos Y E.Zeballos,6,1,0,0,5,0,0,,Calle,,ROSARIO,Rosario,Asfalto,No existe,II,Dentro,Urbana,Semáforo,Funciona,Recta,Bueno,Buena,Nocturna,Buen Tiempo,S/D,S/D,Colisión,Ninguna,"Horizontal,Vertical",Ninguna,Sin restricción,POINT (-60.66360710000001 -32.95082639999999),"['Avenida Ovidio Lagos', 'Zeballos']",2,Avenida Ovidio Lagos; Zeballos,-32.95082639999999,-60.66360710000001,55.0,538.0,Municipio Rosario,Municipio,Rosario,820210,Servicio de Catastro e Información Territorial,IGN
2017,9300,2017-07-20,Jueves,0.0,,,0.0,2,"Moto/Ciclomotor,Automóvil",Av. Pellegrini Y Dorrego,2,0,1,0,1,0,0,,Calle,,ROSARIO,Rosario,Asfalto,No existe,II,Dentro,Urbana,Semáforo,Funciona,Recta,Bueno,S/D,S/D,S/D,S/D,S/D,Colisión,Ninguna,"Horizontal,Vertical",Cordón divisorio,Sin restricción,POINT (-60.6519337 -32.95532245),"['Pellegrini', 'Dorrego']",2,Avenida Carlos Pellegrini; Manuel Dorrego,-32.95532245,-60.6519337,55.0,538.0,Municipio Rosario,Municipio,Rosario,820210,Servicio de Catastro e Información Territorial,IGN
2017,9303,2017-11-10,Viernes,0.0,16:15:00,,0.0,2,"Moto/Ciclomotor,Automóvil",L.N.Alem Y Ituzaingo,2,1,0,0,1,0,0,,Calle,,ROSARIO,Rosario,Asfalto,No existe,II,Dentro,Urbana,Señal Pare,No existe,Intersección,Bueno,Buena,Diurna,Buen Tiempo,S/D,S/D,Colisión,Ninguna,"Horizontal,Vertical",Ninguna,Sin restricción,POINT (-60.6318472 -32.9624805),"['Alem', 'Ituzaingó']",2,Leandro N. Alem; Ituzaingó,-32.9624805,-60.6318472,55.0,538.0,Municipio Rosario,Municipio,Rosario,820210,Servicio de Catastro e Información Territorial,IGN
2017,9305,2017-11-12,Domingo,0.0,,,0.0,2,"Moto/Ciclomotor,Automóvil",J.M.de Rosas Y Bv. 27 De Febrero,2,1,0,0,0,0,1,,Avenida,,ROSARIO,Rosario,Asfalto,No existe,II,Dentro,Urbana,Marca Vial,No existe,Intersección,Bueno,Buena,S/D,Buen Tiempo,S/D,S/D,Colisión,Ninguna,Horizontal,Ninguna,Sin restricción,POINT (-60.63658995 -32.968827499999996),"['De Rosas', '27 de Febrero']",2,Juan Manuel de Rosas; Bulevar 27 de Febrero,-32.9688275,-60.63658995,55.0,538.0,Municipio Rosario,Municipio,Rosario,820210,Servicio de Catastro e Información Territorial,IGN
2017,9306,2017-11-14,Martes,0.0,7:45:00,,0.0,2,"Bicicleta,Automóvil",Necochea Y Pasco,2,0,1,0,1,0,0,,Calle,,ROSARIO,Rosario,Asfalto,No existe,II,Dentro,Urbana,Señal Pare,No existe,Intersección,Bueno,Buena,Diurna,Buen Tiempo,S/D,Ciclista,Atropello,Ninguna,"Horizontal,Vertical",Ninguna,Sin restricción,POINT (-60.6274676 -32.9620944),"['Necochea', 'Pasco']",2,Necochea; Pasco,-32.9620944,-60.6274676,55.0,538.0,Municipio Rosario,Municipio,Rosario,820210,Servicio de Catastro e Información Territorial,IGN
2017,9309,2017-11-14,Martes,0.0,,,0.0,2,"Moto/Ciclomotor,Automóvil",Viamonte Y Buenos Aires,2,1,0,0,1,0,0,,Calle,,ROSARIO,Rosario,Asfalto,No existe,II,Dentro,Urbana,Señal Pare,No existe,Intersección,Bueno,Buena,S/D,Buen Tiempo,S/D,S/D,Colisión,Ninguna,Vertical,Ninguna,Sin restricción,POINT (-60.637445299999996 -32.966308199999986),"['Viamonte', 'Buenos Aires']",2,Viamonte; Buenos Aires,-32.966308199999986,-60.6374453,55.0,538.0,Municipio Rosario,Municipio,Rosario,820210,Servicio de Catastro e Información Territorial,IGN
2017,9311,2017-11-08,Miercoles,0.0,15:20:00,,0.0,2,"Moto/Ciclomotor,Automóvil",Jose Ingenieros Y Garzon,3,2,0,0,1,0,0,,Calle,,ROSARIO,Rosario,Asfalto,No existe,II,Dentro,Urbana,Ninguna,No existe,Recta,Bueno,Buena,Diurna,Buen Tiempo,Otro,S/D,Colisión,Ninguna,Faltante,Ninguna,Sin restricción,POINT (-60.7062722 -32.916897900000016),"['José Ingenieros', 'Garzón']",2,José Ingenieros; Garzón,-32.916897900000016,-60.7062722,55.0,538.0,Municipio Rosario,Municipio,Rosario,820210,Servicio de Catastro e Información Territorial,IGN
2017,9315,2017-11-04,Sabado,0.0,11:40:00,,0.0,2,"Moto/Ciclomotor,Automóvil",Av. Circunvalacion Y Av. Sorrento,2,1,0,0,1,0,0,,Avenida,,ROSARIO,Rosario,Asfalto,No existe,II,Dentro,Urbana,Semáforo,Funciona,Intersección,Bueno,Buena,Diurna,Buen Tiempo,"Contra objeto fijo,De alcance",S/D,Colisión,Ninguna,Vertical,"Barrera de hormigón,Barrera de alto impacto",Sin restricción,POINT (-60.72270983333334 -32.90836276666667),"['Circunvalacion', 'Sorrento']",2,"('Juan Pablo II', 'Avenida Sorrento')",-32.90836276666667,-60.72270983333334,55.0,538.0,Municipio Rosario,Municipio,Rosario,820210,Servicio de Catastro e Información Territorial,IGN
2017,9318,2017-11-14,Martes,0.0,13:00:00,,0.0,2,"Moto/Ciclomotor,Moto/Ciclomotor",J.B.Justo Y Olavarria Bis,3,1,0,0,2,0,0,,Calle,,ROSARIO,Rosario,Asfalto,No existe,II,Dentro,Urbana,Semáforo,Intermitente,Intersección,Bueno,Buena,Diurna,Buen Tiempo,Lateral,S/D,Colisión,Ninguna,Vertical,Línea divisoria pintada,Sin restricción,POINT (-60.7046189 -32.9146842),"['Justo', 'Olavarría']",2,Justo José de Urquiza; Olavarría,-32.9146842,-60.7046189,55.0,538.0,Municipio Rosario,Municipio,Rosario,820210,Servicio de Catastro e Información Territorial,IGN
2017,9324,2017-11-11,Sabado,0.0,15:45:00,,0.0,2,"Automóvil,Moto/Ciclomotor",Magallanes Bis Y J.J.Paso,2,1,0,0,1,0,0,,Calle,,ROSARIO,Rosario,Asfalto,No existe,II,Dentro,Rural,Ninguna,No existe,Recta,Bueno,Buena,Diurna,Buen Tiempo,Otro,S/D,Colisión,Ninguna,Faltante,Línea divisoria pintada,Sin restricción,POINT (-60.70534740000001 -32.92000899999999),"['Magallanes', 'Paso']",2,"('Magallanes', 'Avenida Juan José Paso')",-32.92000899999999,-60.70534740000001,55.0,538.0,Municipio Rosario,Municipio,Rosario,820210,Servicio de Catastro e Información Territorial,IGN
2017,9336,2017-11-04,Sabado,0.0,17:00:00,,0.0,2,"Moto/Ciclomotor,Pickup/Utilitario",French Y Solis,4,1,0,0,3,0,0,,Calle,,ROSARIO,Rosario,Asfalto,No existe,II,Dentro,Urbana,Ninguna,No existe,Recta,Otro,Buena,Diurna,Buen Tiempo,Frontal,S/D,Colisión,Ninguna,Faltante,Ninguna,Sin restricción,POINT (-60.7041422 -32.92154200000001),"['French', 'Solis']",2,Domingo French; Juan Díaz de Solís,-32.92154200000001,-60.7041422,55.0,538.0,Municipio Rosario,Municipio,Rosario,820210,Servicio de Catastro e Información Territorial,IGN
2017,9341,2017-11-15,Miercoles,0.0,8:10:00,,0.0,2,"Taxi/Remis,Automóvil",Mendoza Y Sarmiento,3,1,0,0,2,0,0,,Calle,,ROSARIO,Rosario,Asfalto,No existe,II,Dentro,Urbana,Paso Peatonal,No existe,Intersección,S/D,S/D,Diurna,S/D,S/D,S/D,Colisión,S/D,Horizontal,Ninguna,S/D,POINT (-60.6394302 -32.9514704),"['Mendoza', 'Sarmiento']",2,Mendoza; Sarmiento,-32.9514704,-60.6394302,55.0,538.0,Municipio Rosario,Municipio,Rosario,820210,Servicio de Catastro e Información Territorial,IGN
2017,9345,2017-11-13,Lunes,0.0,19:35:00,,0.0,2,"Automóvil,Moto/Ciclomotor",San Martin Y Montevideo,3,0,1,0,2,0,0,,Calle,,ROSARIO,Rosario,Asfalto,No existe,II,Dentro,Urbana,Paso Peatonal,No existe,Intersección,S/D,S/D,Diurna,S/D,S/D,S/D,Colisión,S/D,Horizontal,Ninguna,S/D,POINT (-60.6391327 -32.956385),"['San Martin', 'Montevideo']",2,José de San Martín; Montevideo,-32.956385,-60.6391327,55.0,538.0,Municipio Rosario,Municipio,Rosario,820210,Servicio de Catastro e Información Territorial,IGN
2017,9348,2017-11-18,Sabado,0.0,7:45:00,,0.0,2,"Moto/Ciclomotor,Automóvil",Av. Belgrano Y Buenos Aires,3,0,1,0,2,0,0,,Avenida,,ROSARIO,Rosario,Asfalto,No existe,II,Dentro,Urbana,Semáforo,Funciona,Intersección,S/D,S/D,Diurna,S/D,S/D,S/D,Colisión,S/D,"Horizontal,Vertical",Cordón divisorio,S/D,POINT (-60.63208483333333 -32.94541773333333),"['Belgrano', 'Buenos Aires']",2,Avenida Manuel Belgrano; Buenos Aires,-32.94541773333333,-60.63208483333333,55.0,538.0,Municipio Rosario,Municipio,Rosario,820210,Servicio de Catastro e Información Territorial,IGN
2017,9352,2017-11-21,Martes,0.0,20:30:00,,0.0,2,"Moto/Ciclomotor,Taxi/Remis",Paraguay Y Montevideo,2,1,0,0,1,0,0,,Calle,,ROSARIO,Rosario,Asfalto,No existe,II,Dentro,Urbana,Paso Peatonal,No existe,Intersección,S/D,S/D,"Nocturna,Con luz artificial",S/D,De alcance,S/D,Colisión,S/D,Horizontal,Ninguna,S/D,POINT (-60.6461713 -32.9551386),"['Paraguay', 'Montevideo']",2,Paraguay; Montevideo,-32.9551386,-60.6461713,55.0,538.0,Municipio Rosario,Municipio,Rosario,820210,Servicio de Catastro e Información Territorial,IGN
2017,9415,2017-08-01,Martes,0.0,,,0.0,2,"Automóvil,Moto/Ciclomotor",Amenabar Y Sarmiento,2,1,0,0,1,0,0,,Calle,,ROSARIO,Rosario,Asfalto,No existe,II,Dentro,Urbana,Ninguna,No existe,Intersección,Bueno,S/D,S/D,S/D,S/D,S/D,Colisión,Ninguna,Faltante,Ninguna,Sin restricción,POINT (-60.64464180000001 -32.972218999999996),"['Amenabar', 'Sarmiento']",2,José de Amenábar; Sarmiento,-32.972219,-60.64464180000001,55.0,538.0,Municipio Rosario,Municipio,Rosario,820210,Servicio de Catastro e Información Territorial,IGN
2017,9416,2017-08-02,Miercoles,0.0,8:00:00,,0.0,2,"Automóvil,Moto/Ciclomotor",AV CASEROS  Y ING VENESIA,2,1,0,0,1,0,0,,Calle,,ROSARIO,Rosario,Asfalto,No existe,II,Dentro,Urbana,Semáforo,Funciona,Rotonda,Bueno,S/D,Diurna,S/D,S/D,S/D,Colisión,Ninguna,"Horizontal,Vertical",Ninguna,Sin restricción,POINT (-60.66255670000001 -32.92834409999998),"['Caseros', 'Gualberto Venesia']",2,Avenida Caseros; Gualberto Venesia,-32.92834409999998,-60.66255670000001,55.0,538.0,Municipio Rosario,Municipio,Rosario,820210,Servicio de Catastro e Información Territorial,IGN
2017,9469,2017-08-09,Miercoles,0.0,18:30:00,,0.0,2,"Moto/Ciclomotor,Taxi/Remis",Necochea Y Biedma,2,1,0,0,1,0,0,,Calle,,ROSARIO,Rosario,Asfalto,No existe,II,Dentro,Urbana,Marca Vial,No existe,Intersección,Bueno,Buena,Atardecer,Buen Tiempo,Lateral,S/D,Colisión,Ninguna,Vertical,Línea divisoria pintada,Sin restricción,POINT (-60.63296999999999 -32.98387449999999),"['Necochea', 'Coronel Biedma']",2,Necochea; Coronel Biedma,-32.98387449999999,-60.63296999999999,55.0,538.0,Municipio Rosario,Municipio,Rosario,820210,Servicio de Catastro e Información Territorial,IGN
2017,9470,2017-08-25,Viernes,0.0,9:00:00,,0.0,2,"Moto/Ciclomotor,Automóvil",Amenabar Y Balcarce,3,1,0,0,2,0,0,,Calle,,ROSARIO,Rosario,Asfalto,No existe,II,Dentro,Urbana,Ninguna,No existe,Intersección,Bueno,Buena,Diurna,Lluvia,Lateral,S/D,Colisión,Agua,Faltante,Ninguna,Sin restricción,POINT (-60.6584024 -32.969733),"['Amenabar', 'Balcarce']",2,José de Amenábar; Balcarce,-32.969733,-60.6584024,55.0,538.0,Municipio Rosario,Municipio,Rosario,820210,Servicio de Catastro e Información Territorial,IGN
2017,9471,2017-08-19,Sabado,0.0,3:45:00,,0.0,2,"Moto/Ciclomotor,Automóvil",Pje. Hipocrates Y J.M.Gutierrez,2,1,0,0,1,0,0,,Calle,,ROSARIO,Rosario,Asfalto,No existe,II,S/D,Urbana,Ninguna,No existe,Intersección,Bueno,Buena,Nocturna,Buen Tiempo,Lateral,S/D,Colisión,Ninguna,Faltante,Ninguna,Sin restricción,POINT (-60.6327347 -32.99350640000001),"['Hipócrates', 'Gutierrez']",2,Hipócrates; Ricardo Gutierrez,-32.99350640000001,-60.6327347,55.0,538.0,Municipio Rosario,Municipio,Rosario,820210,Servicio de Catastro e Información Territorial,IGN
2017,9472,2017-08-13,Domingo,0.0,16:45:00,,0.0,2,"Moto/Ciclomotor,Pickup/Utilitario",Ituzaingo Y España,2,1,0,0,1,0,0,,Calle,,ROSARIO,Rosario,Asfalto,No existe,II,Dentro,Urbana,Ninguna,No existe,Intersección,Bueno,Buena,Diurna,Buen Tiempo,Lateral,S/D,Colisión,Ninguna,Faltante,Ninguna,Sin restricción,POINT (-60.65008399999999 -32.95924599999999),"['Ituzaingó', 'España']",2,Ituzaingó; España,-32.95924599999999,-60.65008399999999,55.0,538.0,Municipio Rosario,Municipio,Rosario,820210,Servicio de Catastro e Información Territorial,IGN
2017,9473,2017-08-16,Miercoles,0.0,11:30:00,,0.0,2,"Bicicleta,Automóvil",Av. Ovidio Lagos Y Amenabar,2,1,0,0,1,0,0,,Avenida,,ROSARIO,Rosario,Asfalto,No existe,II,Dentro,Urbana,Ninguna,No existe,Intersección,Bueno,Buena,Diurna,Buen Tiempo,S/D,Ciclista,Atropello,Ninguna,Faltante,Cordón divisorio,Sin restricción,POINT (-60.66772746666666 -32.96808026666666),"['Avenida Ovidio Lagos', 'Amenabar']",2,Avenida Ovidio Lagos; José de Amenábar,-32.96808026666666,-60.66772746666666,55.0,538.0,Municipio Rosario,Municipio,Rosario,820210,Servicio de Catastro e Información Territorial,IGN
2017,9474,2017-08-30,Miercoles,0.0,17:20:00,,0.0,2,"Peatón,Automóvil",Pte.Roca Y 3 De Febrero,2,1,0,0,1,0,0,,Calle,,ROSARIO,Rosario,Asfalto,Pavimento,II,Dentro,Urbana,Paso Peatonal,No existe,Recta,Bueno,Buena,Atardecer,Buen Tiempo,S/D,Peatón,Atropello,Ninguna,Horizontal,Línea divisoria pintada,Sin restricción,POINT (-60.6466869 -32.9515312),"['Roca', '3 de Febrero']",2,Presidente Roca; 3 de Febrero,-32.9515312,-60.6466869,55.0,538.0,Municipio Rosario,Municipio,Rosario,820210,Servicio de Catastro e Información Territorial,IGN
2017,9475,2017-08-14,Lunes,0.0,9:00:00,,0.0,2,"Moto/Ciclomotor,Automóvil",Reg.11 de Infanteria Y Av. Bermudez,2,1,0,0,1,0,0,,S/D,,ROSARIO,Rosario,Asfalto,No existe,II,S/D,Urbana,Ninguna,No existe,Intersección,Bueno,Buena,Diurna,Buen Tiempo,Lateral,S/D,Colisión,Ninguna,Faltante,Ninguna,Sin restricción,POINT (-60.6427126 -32.9986296),"['Regimiento 11', 'Bermudez']",2,Regimiento 11; Avenida José Bermúdez,-32.9986296,-60.6427126,55.0,538.0,Municipio Rosario,Municipio,Rosario,820210,Servicio de Catastro e Información Territorial,IGN