anio_acci,nro_acci,fecha,desc_dia,fecha_aprox,hora_aprox,desc_ruta,km,cant_participantes,desc_participante,calle_avenida_km,total,heridos_leves,heridos_graves,heridos_gravisimos,ilesos,fallecidos,sin_datos,posicion_XY,desc_tipo_via,desc_ruta_ori,desc_loc,desc_dpto,desc_tipo_calzada,desc_tipo_banquina,desc_unidad_regional,desc_lugar_calzada,desc_zona,desc_prioridad,desc_estado_semaforo,desc_lugar_via,desc_estado_via,desc_estado_visibilidad,desc_luminosidad,desc_estado_clima,desc_tipo_colision,desc_tipo_atropello,desc_tipo_hecho,desc_pres_calzada,desc_senializacion,desc_separacion_via,desc_restriccion,forma_geocod,calle_lista,numero_calles,calles_osm,lat,lon,index_right,gid,fna,gna,nam,in1,fdc,sag
2017,9476,2017-08-14,Lunes,0.0,8:50:00,,0.0,2,"Moto/Ciclomotor,Automóvil",Reg.11 de Infanteria Y Ayacucho,2,1,0,0,1,0,0,,Calle,,ROSARIO,Rosario,Asfalto,No existe,II,S/D,Urbana,Señal Pare,No existe,Intersección,Bueno,S/D,Diurna,Buen Tiempo,Lateral,S/D,Colisión,Ninguna,"Horizontal,Vertical",Línea divisoria pintada,Sin restricción,POINT (-60.6364342 -32.9984412),"['Regimiento 11', 'Ayacucho']",2,Regimiento 11; Ayacucho,-32.9984412,-60.6364342,55.0,538.0,Municipio Rosario,Municipio,Rosario,820210,Servicio de Catastro e Información Territorial,IGN
2017,9477,2017-08-16,Miercoles,0.0,14:30:00,,0.0,2,"Automóvil,Automóvil",Bv. 27 De Febrero Y Av. Ovidio Lagos,4,1,0,0,3,0,0,,Avenida,,ROSARIO,Rosario,Asfalto,No existe,II,Dentro,Urbana,Semáforo,Funciona,Intersección,Bueno,S/D,Diurna,Buen Tiempo,De alcance,S/D,Colisión,Ninguna,"Horizontal,Vertical",Cordón divisorio,Sin restricción,POINT (-60.66661663333334 -32.963496),"['27 de Febrero', 'Avenida Ovidio Lagos']",2,Bulevar 27 de Febrero; Avenida Ovidio Lagos,-32.963496,-60.66661663333334,55.0,538.0,Municipio Rosario,Municipio,Rosario,820210,Servicio de Catastro e Información Territorial,IGN
2017,9478,2017-08-30,Miercoles,0.0,19:30:00,,0.0,2,"Automóvil,Moto/Ciclomotor",Bv. Oroño Y 3 De Febrero,2,1,0,0,1,0,0,,Calle,,ROSARIO,Rosario,Asfalto,Pavimento,II,Dentro,Urbana,Semáforo,Funciona,Recta,Bueno,S/D,Atardecer,Buen Tiempo,S/D,S/D,Colisión,Ninguna,Horizontal,Línea divisoria pintada,Sin restricción,POINT (-60.654906749999995 -32.950095049999995),"['Bulevar Nicasio Oroño', '3 de Febrero']",2,Bulevar Nicasio Oroño; 3 de Febrero,-32.950095049999995,-60.65490675,55.0,538.0,Municipio Rosario,Municipio,Rosario,820210,Servicio de Catastro e Información Territorial,IGN
2017,9479,2017-08-10,Jueves,0.0,19:00:00,,0.0,2,"Moto/Ciclomotor,Automóvil",J.M.Gutierrez ,2,1,0,0,1,0,0,,Calle,,ROSARIO,Rosario,Asfalto,Natural,II,S/D,Urbana,Ninguna,No existe,Intersección,Bueno,Buena,Atardecer,Buen Tiempo,Lateral,S/D,Colisión,Ninguna,Faltante,Barrera de hormigón,Sin restricción,"-32.8798071, -60.6887123",['J M Gutierrez'],1,J M Gutierrez,-32.8798071,-60.6887123,55.0,538.0,Municipio Rosario,Municipio,Rosario,820210,Servicio de Catastro e Información Territorial,IGN
2017,9480,2017-08-18,Viernes,0.0,9:20:00,,0.0,2,"Moto/Ciclomotor,Automóvil",Mitre Y Viamonte,3,2,0,0,1,0,0,,Calle,,ROSARIO,Rosario,Asfalto,No existe,II,Dentro,Urbana,Señal Pare,No existe,Intersección,Bueno,Buena,Diurna,Buen Tiempo,Lateral,S/D,Colisión,Ninguna,Vertical,Ninguna,Sin restricción,POINT (-60.6442984 -32.965104799999985),"['Mitre', 'Viamonte']",2,Bartolomé Mitre; Viamonte,-32.965104799999985,-60.6442984,55.0,538.0,Municipio Rosario,Municipio,Rosario,820210,Servicio de Catastro e Información Territorial,IGN
2017,9481,2017-08-29,Martes,0.0,10:25:00,,0.0,2,"Moto/Ciclomotor,Moto/Ciclomotor",Gaboto Y Esmeralda,2,1,0,0,1,0,0,,Calle,,ROSARIO,Rosario,Asfalto,No existe,II,S/D,Urbana,Ninguna,No existe,Intersección,Bueno,Buena,Diurna,Buen Tiempo,De alcance,S/D,Colisión,Ninguna,Faltante,Ninguna,Sin restricción,POINT (-60.62820159999999 -32.976314),"['Gaboto', 'Esmeralda']",2,Gaboto; Esmeralda,-32.976314,-60.62820159999999,55.0,538.0,Municipio Rosario,Municipio,Rosario,820210,Servicio de Catastro e Información Territorial,IGN
2017,9482,2017-08-31,Jueves,0.0,21:30:00,,0.0,2,"Bicicleta,Moto/Ciclomotor",Mariano Moreno Y San Lorenzo,2,1,0,0,1,0,0,,Calle,,ROSARIO,Rosario,Asfalto,Pavimento,II,Dentro,Urbana,Semáforo,No existe,Recta,Bueno,Buena,Diurna,Buen Tiempo,S/D,Ciclista,Atropello,Ninguna,Horizontal,Línea divisoria pintada,Sin restricción,POINT (-60.65002440000001 -32.94190830000001),"['Mariano Moreno', 'San Lorenzo']",2,Mariano Moreno; San Lorenzo,-32.94190830000001,-60.65002440000001,55.0,538.0,Municipio Rosario,Municipio,Rosario,820210,Servicio de Catastro e Información Territorial,IGN
2017,9483,2017-08-13,Domingo,0.0,17:15:00,,0.0,2,"Automóvil,Automóvil",Bv. 27 De Febrero Y San Martin,2,1,0,0,1,0,0,,Avenida,,ROSARIO,Rosario,Asfalto,No existe,II,Dentro,Urbana,Semáforo,Funciona,Recta,Bueno,Buena,Diurna,Buen Tiempo,De alcance,S/D,Colisión,Ninguna,"Horizontal,Vertical",Cordón divisorio,Sin restricción,POINT (-60.642020650000006 -32.96785644999999),"['27 de Febrero', 'San Martin']",2,Bulevar 27 de Febrero; José de San Martín,-32.96785644999999,-60.642020650000006,55.0,538.0,Municipio Rosario,Municipio,Rosario,820210,Servicio de Catastro e Información Territorial,IGN
2017,9484,2017-08-24,Jueves,0.0,11:30:00,,0.0,2,"Automóvil,Moto/Ciclomotor",Bv. Segui Y Laprida,2,1,0,0,1,0,0,,Calle,,ROSARIO,Rosario,Asfalto,No existe,II,S/D,Urbana,Paso Peatonal,No existe,Intersección,Bueno,Buena,Diurna,Buen Tiempo,Lateral,S/D,Colisión,Ninguna,Horizontal,"Cordón divisorio,Vegetación",Sin restricción,POINT (-60.64243230000001 -32.97979135),"['Bulevar Juan Francisco Seguí', 'Laprida']",2,Bulevar Juan Francisco Seguí; Francisco Narciso Laprida,-32.97979135,-60.64243230000001,55.0,538.0,Municipio Rosario,Municipio,Rosario,820210,Servicio de Catastro e Información Territorial,IGN
2017,9485,2017-08-24,Jueves,0.0,7:00:00,,0.0,2,"Moto/Ciclomotor,Automóvil",Bv. Oroño Y Cochabamba,2,1,0,0,1,0,0,,Avenida,,ROSARIO,Rosario,Asfalto,No existe,II,Dentro,Urbana,Señal Ceda el Paso,No existe,Intersección,Bueno,Buena,Diurna,Buen Tiempo,Lateral,S/D,Colisión,Ninguna,"Horizontal,Vertical",Cordón divisorio,Sin restricción,POINT (-60.656339 -32.9556154),"['Bulevar Nicasio Oroño', 'Cochabamba']",2,Bulevar Nicasio Oroño; Cochabamba,-32.9556154,-60.656339,55.0,538.0,Municipio Rosario,Municipio,Rosario,820210,Servicio de Catastro e Información Territorial,IGN
2017,9486,2017-08-20,Domingo,0.0,13:40:00,,0.0,2,"Automóvil,Pickup/Utilitario",Bv. Segui Y Buenos Aires,5,5,0,0,0,0,0,,Calle,,ROSARIO,Rosario,Asfalto,No existe,II,S/D,Urbana,Señal Pare,No existe,Intersección,Bueno,Buena,Diurna,Buen Tiempo,Lateral,S/D,Colisión,Ninguna,Vertical,"Cordón divisorio,Vegetación",Sin restricción,POINT (-60.640923400000005 -32.98006374999999),"['Bulevar Juan Francisco Seguí', 'Buenos Aires']",2,Bulevar Juan Francisco Seguí; Buenos Aires,-32.98006374999999,-60.640923400000005,55.0,538.0,Municipio Rosario,Municipio,Rosario,820210,Servicio de Catastro e Información Territorial,IGN
2017,9487,2017-08-24,Jueves,0.0,10:30:00,,0.0,2,"Moto/Ciclomotor,Automóvil",Bv. 27 De Febrero Y Av. Corrientes,2,1,0,0,1,0,0,,Avenida,,ROSARIO,Rosario,Asfalto,No existe,II,Dentro,Urbana,Semáforo,Funciona,Intersección,Bueno,Buena,Diurna,Buen Tiempo,Lateral,S/D,Colisión,Ninguna,"Horizontal,Vertical",Cordón divisorio,Sin restricción,POINT (-60.64767495000001 -32.9668455),"['27 de Febrero', 'Corrientes']",2,Bulevar 27 de Febrero; Corrientes,-32.9668455,-60.64767495000001,55.0,538.0,Municipio Rosario,Municipio,Rosario,820210,Servicio de Catastro e Información Territorial,IGN
2017,9488,2017-08-17,Jueves,0.0,5:35:00,,0.0,2,"Automóvil,Taxi/Remis",Ayolas Y Grandoli,2,1,0,0,1,0,0,,Calle,,ROSARIO,Rosario,Asfalto,No existe,II,S/D,Urbana,Semáforo,No existe,Recta,Bueno,Buena,Nocturna,Buen Tiempo,De alcance,S/D,Colisión,Ninguna,Horizontal,Ninguna,Sin restricción,POINT (-60.627759100000006 -32.98002065),"['Ayolas', 'Avenida Abanderado Grandoli']",2,Ayolas; Avenida Abanderado Grandoli,-32.98002065,-60.627759100000006,55.0,538.0,Municipio Rosario,Municipio,Rosario,820210,Servicio de Catastro e Información Territorial,IGN
2017,9489,2017-08-17,Jueves,0.0,0:00:00,,0.0,2,"Moto/Ciclomotor,Automóvil",9 De Julio Y Pte.Roca,2,1,0,0,1,0,0,,Calle,,ROSARIO,Rosario,Asfalto,Pavimento,II,Dentro,Urbana,Paso Peatonal,No existe,Recta,Bueno,Reducida,Nocturna,Buen Tiempo,Lateral,S/D,Colisión,Ninguna,Vertical,Ninguna,Sin restricción,POINT (-60.64696059999999 -32.9526213),"['9 de Julio', 'Roca']",2,9 de Julio; Presidente Roca,-32.9526213,-60.64696059999999,55.0,538.0,Municipio Rosario,Municipio,Rosario,820210,Servicio de Catastro e Información Territorial,IGN
2017,9491,2017-08-03,Jueves,0.0,8:00:00,,0.0,2,"Automóvil,Moto/Ciclomotor",Bv. Oroño Y Cochabamba,2,1,0,0,1,0,0,,Avenida,,ROSARIO,Rosario,Asfalto,No existe,II,Dentro,Urbana,Señal Ceda el Paso,No existe,Intersección,Bueno,Buena,Diurna,Buen Tiempo,Lateral,S/D,Colisión,Ninguna,"Horizontal,Vertical","Cordón divisorio,Línea divisoria pintada",Sin restricción,POINT (-60.656339 -32.9556154),"['Bulevar Nicasio Oroño', 'Cochabamba']",2,Bulevar Nicasio Oroño; Cochabamba,-32.9556154,-60.656339,55.0,538.0,Municipio Rosario,Municipio,Rosario,820210,Servicio de Catastro e Información Territorial,IGN
2017,9492,2017-08-15,Martes,0.0,13:30:00,,0.0,2,"Automóvil,Bicicleta",Amenabar Y Colon,2,1,0,0,1,0,0,,Calle,,ROSARIO,Rosario,Asfalto,No existe,II,S/D,Urbana,Ninguna,No existe,Intersección,Con baches,Buena,Diurna,Buen Tiempo,S/D,Ciclista,Atropello,Ninguna,Faltante,Ninguna,Sin restricción,POINT (-60.63202170000001 -32.97448649999999),"['Amenabar', 'Colon']",2,José de Amenábar; Cristóbal Colón,-32.97448649999999,-60.63202170000001,55.0,538.0,Municipio Rosario,Municipio,Rosario,820210,Servicio de Catastro e Información Territorial,IGN
2017,9493,2017-08-18,Viernes,0.0,12:00:00,,0.0,2,"Automóvil,Peatón",Rioja Y Av. Corrientes,2,1,0,0,1,0,0,,Calle,,ROSARIO,Rosario,Asfalto,No existe,II,Dentro,Urbana,Semáforo,Funciona,Recta,Bueno,Buena,Diurna,Buen Tiempo,S/D,Peatón,Atropello,Ninguna,Vertical,Ninguna,Sin restricción,POINT (-60.6426087 -32.94686299999999),"['Rioja', 'Corrientes']",2,Rioja; Corrientes,-32.94686299999999,-60.6426087,55.0,538.0,Municipio Rosario,Municipio,Rosario,820210,Servicio de Catastro e Información Territorial,IGN
2017,9494,2017-08-03,Jueves,0.0,22:20:00,,0.0,2,"Moto/Ciclomotor,Automóvil",Bv. 27 De Febrero Y Mariano Moreno,2,1,0,0,1,0,0,,Avenida,,ROSARIO,Rosario,Asfalto,No existe,II,Dentro,Urbana,Semáforo,Funciona,Intersección,Bueno,Buena,"Nocturna,Con luz artificial",Buen Tiempo,Lateral,S/D,Colisión,Agua,"Horizontal,Vertical",Cordón divisorio,Sin restricción,POINT (-60.655918650000004 -32.96538055),"['27 de Febrero', 'Mariano Moreno']",2,Bulevar 27 de Febrero; Mariano Moreno,-32.96538055,-60.65591865,55.0,538.0,Municipio Rosario,Municipio,Rosario,820210,Servicio de Catastro e Información Territorial,IGN
2017,9495,2017-08-02,Miercoles,0.0,12:00:00,,0.0,2,"Peatón,Automóvil",San Juan 700,2,1,0,0,1,0,0,,Calle,,ROSARIO,Rosario,Asfalto,No existe,II,Dentro,Urbana,Paso Peatonal,No existe,Recta,Bueno,S/D,Diurna,S/D,S/D,Peatón,Atropello,S/D,"Horizontal,Vertical",Línea divisoria pintada,S/D,"-32.9511921, -60.6335392",['San Juan 700'],1,San Juan 700,-32.9511921,-60.6335392,55.0,538.0,Municipio Rosario,Municipio,Rosario,820210,Servicio de Catastro e Información Territorial,IGN
2017,9496,2017-08-05,Sabado,0.0,15:30:00,,0.0,2,"Moto/Ciclomotor,Automóvil",Callao Y Bv. 27 De Febrero,2,1,0,0,1,0,0,,Avenida,,ROSARIO,Rosario,Asfalto,No existe,II,Dentro,Urbana,Ninguna,No existe,Intersección,Bueno,Buena,Diurna,Buen Tiempo,Lateral,S/D,Colisión,Ninguna,"Horizontal,Vertical",Cordón divisorio,Sin restricción,POINT (-60.665375850000004 -32.9636795),"['Callao', '27 de Febrero']",2,Callao; Bulevar 27 de Febrero,-32.9636795,-60.66537585,55.0,538.0,Municipio Rosario,Municipio,Rosario,820210,Servicio de Catastro e Información Territorial,IGN
2017,9497,2017-08-15,Martes,0.0,20:00:00,,0.0,2,"Bicicleta,Moto/Ciclomotor",Av. Pellegrini 600,2,1,0,0,1,0,0,,Avenida,,ROSARIO,Rosario,Asfalto,No existe,II,Dentro,Urbana,Semáforo,Funciona,Recta,Bueno,S/D,Nocturna,S/D,S/D,Ciclista,Atropello,S/D,"Horizontal,Vertical","Cordón divisorio,Vegetación,Línea divisoria pintada",S/D,"-32.9584332, -60.6338523",['Pellegrini 600'],1,Pellegrini 600,-32.9584332,-60.6338523,55.0,538.0,Municipio Rosario,Municipio,Rosario,820210,Servicio de Catastro e Información Territorial,IGN
2017,9498,2017-08-18,Viernes,0.0,10:00:00,,0.0,2,"Pickup/Utilitario,Moto/Ciclomotor",Bv. Oroño Y Montevideo,2,1,0,0,1,0,0,,Calle,,ROSARIO,Rosario,Asfalto,No existe,II,Dentro,Urbana,Semáforo,Funciona,Recta,Bueno,Buena,Diurna,Buen Tiempo,Lateral,S/D,Colisión,Ninguna,"Horizontal,Vertical",Línea divisoria pintada,Sin restricción,POINT (-60.65574455 -32.95341725),"['Bulevar Nicasio Oroño', 'Montevideo']",2,Bulevar Nicasio Oroño; Montevideo,-32.95341725,-60.65574455,55.0,538.0,Municipio Rosario,Municipio,Rosario,820210,Servicio de Catastro e Información Territorial,IGN
2017,9500,2017-08-08,Martes,0.0,17:20:00,,0.0,2,"Bicicleta,Automóvil",San Martin Y Ituzaingo,2,1,0,0,1,0,0,,Calle,,ROSARIO,Rosario,Asfalto,No existe,II,Dentro,Urbana,Ninguna,No existe,Intersección,Bueno,Buena,Diurna,Buen Tiempo,S/D,Ciclista,Atropello,Ninguna,Faltante,Ninguna,Sin restricción,POINT (-60.6402962 -32.9609805),"['San Martin', 'Ituzaingó']",2,José de San Martín; Ituzaingó,-32.9609805,-60.6402962,55.0,538.0,Municipio Rosario,Municipio,Rosario,820210,Servicio de Catastro e Información Territorial,IGN
2017,9502,2017-08-08,Martes,0.0,16:15:00,,0.0,3,"Automóvil,Automóvil,Automóvil",Pte.Roca Y La Paz,5,2,0,0,3,0,0,,Calle,,ROSARIO,Rosario,Asfalto,No existe,II,Dentro,Urbana,Ninguna,No existe,Intersección,Bueno,Buena,Diurna,Buen Tiempo,Múltiple,S/D,Colisión,Ninguna,Faltante,Ninguna,Sin restricción,POINT (-60.64956790000001 -32.96293739999999),"['Roca', 'La Paz']",2,Presidente Roca; La Paz,-32.96293739999999,-60.64956790000001,55.0,538.0,Municipio Rosario,Municipio,Rosario,820210,Servicio de Catastro e Información Territorial,IGN
2017,9504,2017-08-04,Viernes,0.0,17:00:00,,0.0,2,"Automóvil,Automóvil",Paraguay 1700,2,1,0,0,1,0,0,,Calle,,ROSARIO,Rosario,Asfalto,No existe,II,Dentro,Urbana,Semáforo,Funciona,Recta,Bueno,Buena,Diurna,Buen Tiempo,De alcance,S/D,Colisión,Ninguna,"Horizontal,Vertical",Ninguna,Sin restricción,"-32.9561457, -60.6464875",['Paraguay 1700'],1,Paraguay 1700,-32.9561457,-60.6464875,55.0,538.0,Municipio Rosario,Municipio,Rosario,820210,Servicio de Catastro e Información Territorial,IGN
2017,9505,2017-08-24,Jueves,0.0,11:00:00,,0.0,2,"Moto/Ciclomotor,Pickup/Utilitario",1 de Mayo Y Amenabar,3,2,0,0,1,0,0,,Calle,,ROSARIO,Rosario,Asfalto,No existe,II,S/D,Urbana,Ninguna,No existe,Intersección,Bueno,Buena,Diurna,Buen Tiempo,De alcance,S/D,Colisión,Ninguna,Faltante,Ninguna,Sin restricción,POINT (-60.636153699999994 -32.9737473),"['Primero de Mayo', 'Amenabar']",2,Primero de Mayo; José de Amenábar,-32.9737473,-60.6361537,55.0,538.0,Municipio Rosario,Municipio,Rosario,820210,Servicio de Catastro e Información Territorial,IGN
2017,9507,2017-08-08,Martes,0.0,7:30:00,,0.0,2,"Moto/Ciclomotor,Pickup/Utilitario",Cerrito Y España,2,1,0,0,1,0,0,,Calle,,ROSARIO,Rosario,Asfalto,No existe,II,Dentro,Urbana,Ninguna,No existe,Intersección,Bueno,Buena,Diurna,Buen Tiempo,Lateral,S/D,Colisión,Ninguna,Faltante,Ninguna,Sin restricción,POINT (-60.650363600000006 -32.9603736),"['Cerrito', 'España']",2,Cerrito; España,-32.9603736,-60.650363600000006,55.0,538.0,Municipio Rosario,Municipio,Rosario,820210,Servicio de Catastro e Información Territorial,IGN
2017,9508,2017-08-21,Lunes,0.0,6:00:00,,0.0,2,"Automóvil,Taxi/Remis",Paraguay Y Urquiza,3,1,0,0,2,0,0,,Calle,,ROSARIO,Rosario,Asfalto,No existe,II,Dentro,Urbana,Paso Peatonal,No existe,Recta,Bueno,Buena,Diurna,Buen Tiempo,Lateral,S/D,Colisión,Ninguna,Horizontal,Ninguna,Sin restricción,POINT (-60.642866000000005 -32.941996),"['Paraguay', 'Urquiza']",2,Paraguay; Justo José de Urquiza,-32.941996,-60.642866000000005,55.0,538.0,Municipio Rosario,Municipio,Rosario,820210,Servicio de Catastro e Información Territorial,IGN
2017,9509,2017-08-10,Jueves,0.0,16:45:00,,0.0,2,"Automóvil,Automóvil",España Y Virasoro,2,1,0,0,1,0,0,,Calle,,ROSARIO,Rosario,Asfalto,No existe,II,Dentro,Urbana,Ninguna,No existe,Intersección,Bueno,Buena,Diurna,Buen Tiempo,Lateral,S/D,Colisión,Ninguna,Faltante,Ninguna,Sin restricción,POINT (-60.6523926 -32.96844250000001),"['España', 'Virasoro']",2,España; Benjamín Virasoro,-32.96844250000001,-60.6523926,55.0,538.0,Municipio Rosario,Municipio,Rosario,820210,Servicio de Catastro e Información Territorial,IGN
2017,9510,2017-08-22,Martes,0.0,12:15:00,,0.0,2,"Peatón,Automóvil",Mendoza Y Mitre,2,1,0,0,1,0,0,,Calle,,ROSARIO,Rosario,Asfalto,No existe,II,Dentro,Urbana,Paso Peatonal,No existe,Recta,Bueno,Buena,Diurna,Buen Tiempo,S/D,Peatón,Atropello,Ninguna,Horizontal,Ninguna,Sin restricción,POINT (-60.640847900000004 -32.95123559999999),"['Mendoza', 'Mitre']",2,Mendoza; Bartolomé Mitre,-32.95123559999999,-60.6408479,55.0,538.0,Municipio Rosario,Municipio,Rosario,820210,Servicio de Catastro e Información Territorial,IGN
2017,9512,2017-08-13,Domingo,0.0,2:40:00,,0.0,2,"Moto/Ciclomotor,Taxi/Remis",Bv. 27 De Febrero Y Pte.Roca,2,1,0,0,1,0,0,,Avenida,,ROSARIO,Rosario,Asfalto,No existe,II,Dentro,Urbana,Semáforo,Intermitente,Intersección,Bueno,Buena,"Nocturna,Con luz artificial",Buen Tiempo,Lateral,S/D,Colisión,Ninguna,"Horizontal,Vertical",Cordón divisorio,Sin restricción,POINT (-60.65043195 -32.966353399999996),"['27 de Febrero', 'Roca']",2,Bulevar 27 de Febrero; Presidente Roca,-32.9663534,-60.65043195,55.0,538.0,Municipio Rosario,Municipio,Rosario,820210,Servicio de Catastro e Información Territorial,IGN
2017,9513,2017-08-13,Domingo,0.0,12:00:00,,0.0,2,"Moto/Ciclomotor,Automóvil",Av. Pellegrini Y Balcarce,2,1,0,0,1,0,0,,Avenida,,ROSARIO,Rosario,Asfalto,No existe,II,Dentro,Urbana,Semáforo,Funciona,Intersección,Bueno,Buena,Diurna,Buen Tiempo,De alcance,S/D,Colisión,Ninguna,"Horizontal,Vertical",Cordón divisorio,Sin restricción,POINT (-60.6546869 -32.954829399999994),"['Pellegrini', 'Balcarce']",2,Avenida Carlos Pellegrini; Balcarce,-32.954829399999994,-60.6546869,55.0,538.0,Municipio Rosario,Municipio,Rosario,820210,Servicio de Catastro e Información Territorial,IGN
2017,9515,2017-08-19,Sabado,0.0,9:30:00,,0.0,2,"Automóvil,Moto/Ciclomotor",Tucuman Y Paraguay,2,1,0,0,1,0,0,,Calle,,ROSARIO,Rosario,Asfalto,No existe,II,Dentro,Urbana,Ninguna,No existe,Intersección,Bueno,Buena,Diurna,Buen Tiempo,Lateral,S/D,Colisión,Ninguna,Horizontal,S/D,Sin restricción,POINT (-60.6425624 -32.94080369999999),"['Tucumán', 'Paraguay']",2,Tucumán; Paraguay,-32.94080369999999,-60.6425624,55.0,538.0,Municipio Rosario,Municipio,Rosario,820210,Servicio de Catastro e Información Territorial,IGN
2017,9516,2017-08-12,Sabado,0.0,23:15:00,,0.0,2,"Pickup/Utilitario,Automóvil",Centeno Y L.N.Alem,5,5,0,0,0,0,0,,Calle,,ROSARIO,Rosario,Asfalto,No existe,II,Dentro,Urbana,Ninguna,No existe,Intersección,Con baches,Reducida p/ objetos,Nocturna,Buen Tiempo,Lateral,S/D,Colisión,Ninguna,Faltante,Ninguna,Sin restricción,POINT (-60.63794570000001 -32.98657800000001),"['Centeno', 'Alem']",2,Coronel Centeno; Leandro N. Alem,-32.98657800000001,-60.63794570000001,55.0,538.0,Municipio Rosario,Municipio,Rosario,820210,Servicio de Catastro e Información Territorial,IGN
2017,9517,2017-08-23,Miercoles,0.0,1:00:00,,0.0,2,"Automóvil,Moto/Ciclomotor",Av. Wheelwright Y Mariano Moreno,3,1,1,0,1,0,0,,Calle,,ROSARIO,Rosario,Asfalto,No existe,II,Dentro,Urbana,Semáforo,Funciona,Recta,Bueno,Reducida,Nocturna,Buen Tiempo,Lateral,S/D,Colisión,Ninguna,"Horizontal,Vertical",Ninguna,Sin restricción,POINT (-60.6477294 -32.9328498),"['Avenida Guillermo Wheelwright', 'Mariano Moreno']",2,Avenida Guillermo Wheelwright; Mariano Moreno,-32.9328498,-60.6477294,55.0,538.0,Municipio Rosario,Municipio,Rosario,820210,Servicio de Catastro e Información Territorial,IGN
2017,9518,2017-08-19,Sabado,0.0,20:30:00,,0.0,2,"Moto/Ciclomotor,Automóvil",Mariano Moreno Y San Lorenzo,3,2,0,0,1,0,0,,Calle,,ROSARIO,Rosario,Asfalto,Pavimento,II,Dentro,Urbana,Señal Pare,No existe,Recta,Bueno,Buena,Nocturna,Buen Tiempo,S/D,S/D,Colisión,Ninguna,Horizontal,Ninguna,Sin restricción,POINT (-60.65002440000001 -32.94190830000001),"['Mariano Moreno', 'San Lorenzo']",2,Mariano Moreno; San Lorenzo,-32.94190830000001,-60.65002440000001,55.0,538.0,Municipio Rosario,Municipio,Rosario,820210,Servicio de Catastro e Información Territorial,IGN
2017,9520,2017-08-13,Domingo,0.0,16:45:00,,0.0,2,"Moto/Ciclomotor,Automóvil",Buenos Aires Y Amenabar,4,3,0,0,1,0,0,,Calle,,ROSARIO,Rosario,Asfalto,No existe,II,Dentro,Urbana,Señal Pare,No existe,Intersección,Bueno,Buena,Diurna,Buen Tiempo,Lateral,S/D,Colisión,Ninguna,Vertical,Línea divisoria pintada,Sin restricción,POINT (-60.639182299999995 -32.973197600000006),"['Buenos Aires', 'Amenabar']",2,Buenos Aires; José de Amenábar,-32.973197600000006,-60.6391823,55.0,538.0,Municipio Rosario,Municipio,Rosario,820210,Servicio de Catastro e Información Territorial,IGN
2017,9521,2017-08-23,Miercoles,0.0,10:45:00,,0.0,2,"Automóvil,Taxi/Remis",Av. Corrientes Y San Luis,2,1,0,0,1,0,0,,Calle,,ROSARIO,Rosario,Asfalto,No existe,II,Dentro,Urbana,Semáforo,Funciona,Recta,Bueno,Buena,Diurna,Buen Tiempo,Lateral,S/D,Colisión,Ninguna,"Horizontal,Vertical",Ninguna,Sin restricción,POINT (-60.6429694 -32.948293099999994),"['Corrientes', 'San Luis']",2,Corrientes; San Luis,-32.948293099999994,-60.6429694,55.0,538.0,Municipio Rosario,Municipio,Rosario,820210,Servicio de Catastro e Información Territorial,IGN
2017,9522,2017-08-07,Lunes,0.0,16:05:00,,0.0,2,"Moto/Ciclomotor,Automóvil",Cepeda Y Pte.Quintana,2,2,0,0,0,0,0,,Calle,,ROSARIO,Rosario,Asfalto,No existe,II,Dentro,Urbana,Marca Vial,No existe,Intersección,Bueno,Buena,Diurna,Buen Tiempo,Lateral,S/D,Colisión,Ninguna,Vertical,Línea divisoria pintada,Sin restricción,POINT (-60.62575009999999 -32.9853135),"['Cepeda', 'Quintana']",2,Cepeda; Presidente Quintana,-32.9853135,-60.62575009999999,55.0,538.0,Municipio Rosario,Municipio,Rosario,820210,Servicio de Catastro e Información Territorial,IGN
2017,9523,2017-08-17,Jueves,0.0,17:00:00,,0.0,2,"Bicicleta,Automóvil",Mendoza Y Italia,2,1,0,0,1,0,0,,Calle,,ROSARIO,Rosario,Asfalto,No existe,II,Dentro,Urbana,Semáforo,Funciona,Recta,Bueno,Buena,Diurna,Buen Tiempo,S/D,Ciclista,Atropello,Ninguna,"Horizontal,Vertical",Ninguna,Sin restricción,POINT (-60.6491502 -32.9498054),"['Mendoza', 'Italia']",2,Mendoza; Italia,-32.9498054,-60.6491502,55.0,538.0,Municipio Rosario,Municipio,Rosario,820210,Servicio de Catastro e Información Territorial,IGN