anio_acci,nro_acci,fecha,desc_dia,fecha_aprox,hora_aprox,desc_ruta,km,cant_participantes,desc_participante,calle_avenida_km,total,heridos_leves,heridos_graves,heridos_gravisimos,ilesos,fallecidos,sin_datos,posicion_XY,desc_tipo_via,desc_ruta_ori,desc_loc,desc_dpto,desc_tipo_calzada,desc_tipo_banquina,desc_unidad_regional,desc_lugar_calzada,desc_zona,desc_prioridad,desc_estado_semaforo,desc_lugar_via,desc_estado_via,desc_estado_visibilidad,desc_luminosidad,desc_estado_clima,desc_tipo_colision,desc_tipo_atropello,desc_tipo_hecho,desc_pres_calzada,desc_senializacion,desc_separacion_via,desc_restriccion,forma_geocod,calle_lista,numero_calles,calles_osm,lat,lon,index_right,gid,fna,gna,nam,in1,fdc,sag
2017,9526,2017-08-24,Jueves,0.0,20:40:00,,0.0,2,"Moto/Ciclomotor,Peatón",Urquiza Y Balcarce,2,1,0,0,1,0,0,,Calle,,ROSARIO,Rosario,Asfalto,No existe,II,Dentro,Urbana,Paso Peatonal,No existe,Recta,Bueno,S/D,Nocturna,Buen Tiempo,S/D,Peatón,Atropello,Ninguna,Horizontal,Ninguna,Sin restricción,POINT (-60.6510554 -32.94048039999999),"['Urquiza', 'Balcarce']",2,"('Justo José de Urquiza', 'Balcarce')",-32.94048039999999,-60.6510554,55.0,538.0,Municipio Rosario,Municipio,Rosario,820210,Servicio de Catastro e Información Territorial,IGN
2017,9527,2017-08-25,Viernes,0.0,12:00:00,,0.0,2,"Automóvil,Taxi/Remis",Alvear Y Rioja,2,1,0,0,1,0,0,,Calle,,ROSARIO,Rosario,Asfalto,No existe,II,Dentro,Urbana,Semáforo,Funciona,Recta,Bueno,Buena,Diurna,Buen Tiempo,Lateral,S/D,Colisión,Ninguna,"Horizontal,Vertical",Ninguna,Sin restricción,POINT (-60.6549371 -32.944610199999985),"['Alvear', 'Rioja']",2,Alvear; Rioja,-32.944610199999985,-60.6549371,55.0,538.0,Municipio Rosario,Municipio,Rosario,820210,Servicio de Catastro e Información Territorial,IGN
2017,9529,2017-08-26,Sabado,0.0,7:00:00,,0.0,2,"Moto/Ciclomotor,Automóvil",Bv. Oroño Y E.Zeballos,3,1,0,0,2,0,0,,Calle,,ROSARIO,Rosario,Asfalto,No existe,II,Dentro,Urbana,Semáforo,Funciona,Recta,Bueno,Buena,Diurna,Buen Tiempo,Lateral,S/D,Colisión,Ninguna,"Horizontal,Vertical",Ninguna,Sin restricción,POINT (-60.65545645 -32.952284000000006),"['Bulevar Nicasio Oroño', 'Zeballos']",2,Bulevar Nicasio Oroño; Zeballos,-32.952284000000006,-60.65545645,55.0,538.0,Municipio Rosario,Municipio,Rosario,820210,Servicio de Catastro e Información Territorial,IGN
2017,9530,2017-08-26,Sabado,0.0,17:40:00,,0.0,2,"Automóvil,Moto/Ciclomotor",Paraguay Y 9 De Julio,2,1,0,0,0,0,1,,Calle,,ROSARIO,Rosario,Asfalto,No existe,II,Dentro,Urbana,Paso Peatonal,No existe,Recta,Bueno,Buena,Diurna,Buen Tiempo,Lateral,S/D,Colisión,Ninguna,Horizontal,Ninguna,Sin restricción,POINT (-60.645596 -32.952859899999986),"['Paraguay', '9 de Julio']",2,Paraguay; 9 de Julio,-32.952859899999986,-60.645596,55.0,538.0,Municipio Rosario,Municipio,Rosario,820210,Servicio de Catastro e Información Territorial,IGN
2017,9532,2017-08-21,Lunes,0.0,21:00:00,,0.0,2,"Automóvil,Automóvil",E.Zeballos Y Alvear,8,2,0,0,6,0,0,,Calle,,ROSARIO,Rosario,Asfalto,No existe,II,Dentro,Urbana,Paso Peatonal,No existe,Recta,Bueno,Reducida,Nocturna,Buen Tiempo,S/D,S/D,Colisión,Ninguna,Horizontal,Línea divisoria pintada,Sin restricción,POINT (-60.6568183 -32.9520403),"['Zeballos', 'Alvear']",2,Zeballos; Alvear,-32.9520403,-60.6568183,55.0,538.0,Municipio Rosario,Municipio,Rosario,820210,Servicio de Catastro e Información Territorial,IGN
2017,9533,2017-08-26,Sabado,0.0,19:00:00,,0.0,2,"Automóvil,Bicicleta",Tucuman Y Alvear,2,1,0,0,1,0,0,,Calle,,ROSARIO,Rosario,Asfalto,No existe,II,Dentro,Urbana,Semáforo,Funciona,Recta,Bueno,Buena,Atardecer,Buen Tiempo,S/D,Ciclista,Atropello,Ninguna,"Horizontal,Vertical",Ninguna,S/D,POINT (-60.653511200000004 -32.938830299999985),"['Tucumán', 'Alvear']",2,Tucumán; Alvear,-32.938830299999985,-60.6535112,55.0,538.0,Municipio Rosario,Municipio,Rosario,820210,Servicio de Catastro e Información Territorial,IGN
2017,9535,2017-08-29,Martes,0.0,14:30:00,,0.0,2,"Bicicleta,Automóvil",Mendoza 1800,2,1,0,0,1,0,0,,Calle,,ROSARIO,Rosario,Asfalto,No existe,II,Dentro,Urbana,Semáforo,Funciona,Recta,Bueno,Buena,Diurna,Buen Tiempo,S/D,Ciclista,Atropello,Ninguna,"Horizontal,Vertical",Ninguna,Sin restricción,"-32.9497783, -60.6490279",['Mendoza 1800'],1,Mendoza 1800,-32.9497783,-60.6490279,55.0,538.0,Municipio Rosario,Municipio,Rosario,820210,Servicio de Catastro e Información Territorial,IGN
2017,9537,2017-08-28,Lunes,0.0,17:00:00,,0.0,2,"Moto/Ciclomotor,Automóvil",Sarmiento Y 9 De Julio,2,1,0,0,1,0,0,,Calle,,ROSARIO,Rosario,Asfalto,No existe,II,Dentro,Urbana,Paso Peatonal,No existe,Recta,Bueno,Buena,Diurna,Buen Tiempo,Lateral,S/D,Colisión,Ninguna,Horizontal,Ninguna,Sin restricción,POINT (-60.6400191 -32.9538711),"['Sarmiento', '9 de Julio']",2,Sarmiento; 9 de Julio,-32.9538711,-60.6400191,55.0,538.0,Municipio Rosario,Municipio,Rosario,820210,Servicio de Catastro e Información Territorial,IGN
2017,9538,2017-08-14,Lunes,0.0,19:15:00,,0.0,2,"Peatón,Automóvil",Dr.Rivas Y Sarmiento,2,1,0,0,1,0,0,,Calle,,ROSARIO,Rosario,Asfalto,No existe,II,Dentro,Urbana,Ninguna,No existe,Intersección,Bueno,Buena,Diurna,Buen Tiempo,S/D,Peatón,Atropello,Ninguna,Faltante,Ninguna,Sin restricción,POINT (-60.6475442 -32.98367330000001),"['Doctor Francisco Riva', 'Sarmiento']",2,Doctor Francisco Riva; Sarmiento,-32.98367330000001,-60.6475442,55.0,538.0,Municipio Rosario,Municipio,Rosario,820210,Servicio de Catastro e Información Territorial,IGN
2017,9540,2017-08-20,Domingo,0.0,13:25:00,,0.0,2,"Automóvil,Moto/Ciclomotor",Av. Pellegrini Y Mitre,2,1,0,0,1,0,0,,Avenida,,ROSARIO,Rosario,Asfalto,No existe,II,Dentro,Urbana,Semáforo,Funciona,Recta,Bueno,Buena,Diurna,Buen Tiempo,Lateral,S/D,Colisión,Ninguna,"Horizontal,Vertical",Cordón divisorio,Sin restricción,POINT (-60.642289899999994 -32.9570524),"['Pellegrini', 'Mitre']",2,Avenida Carlos Pellegrini; Bartolomé Mitre,-32.9570524,-60.6422899,55.0,538.0,Municipio Rosario,Municipio,Rosario,820210,Servicio de Catastro e Información Territorial,IGN
2017,9593,2017-08-01,Martes,0.0,15:00:00,,0.0,2,"Automóvil,Transporte de Pasajeros Urbano (> 8 asientos)",Mitre Y Pje. Gral.Savio,4,2,0,0,2,0,0,,Calle,,ROSARIO,Rosario,Asfalto,No existe,II,Dentro,Urbana,Ninguna,No existe,Intersección,S/D,Buena,Diurna,Buen Tiempo,Lateral,S/D,Colisión,Ninguna,Horizontal,Ninguna,Sin restricción,POINT (-60.6505536 -32.99657099999999),"['Mitre', 'Savio']",2,Bartolomé Mitre; General Manuel Savio,-32.99657099999999,-60.6505536,55.0,538.0,Municipio Rosario,Municipio,Rosario,820210,Servicio de Catastro e Información Territorial,IGN
2017,9600,2017-08-10,Jueves,0.0,11:20:00,,0.0,2,"Automóvil,Peatón",Saavedra Y San Martin,2,1,0,0,1,0,0,,Calle,,ROSARIO,Rosario,Asfalto,No existe,II,Dentro,Urbana,Semáforo,Funciona,Intersección,Bueno,Buena,Diurna,Buen Tiempo,S/D,Peatón,Atropello,Ninguna,"Horizontal,Vertical",Línea divisoria pintada,Sin restricción,POINT (-60.64439204999999 -32.978251650000004),"['Saavedra', 'San Martin']",2,Saavedra; José de San Martín,-32.978251650000004,-60.64439204999999,55.0,538.0,Municipio Rosario,Municipio,Rosario,820210,Servicio de Catastro e Información Territorial,IGN
2017,9602,2017-08-28,Lunes,0.0,18:30:00,,0.0,2,"Automóvil,Taxi/Remis",Bv. Oroño Y Jujuy,4,1,0,0,2,0,1,,Calle,,ROSARIO,Rosario,Asfalto,No existe,II,Dentro,Urbana,Semáforo,Funciona,Recta,Bueno,Buena,Atardecer,Buen Tiempo,S/D,S/D,Colisión,Ninguna,"Horizontal,Vertical",Ninguna,Sin restricción,POINT (-60.65121175 -32.93554149999999),"['Bulevar Nicasio Oroño', 'Jujuy']",2,Bulevar Nicasio Oroño; Jujuy,-32.93554149999999,-60.65121175,55.0,538.0,Municipio Rosario,Municipio,Rosario,820210,Servicio de Catastro e Información Territorial,IGN
2017,9603,2017-08-21,Lunes,0.0,0:50:00,,0.0,2,"Automóvil,Automóvil",Bv. Segui Y Pte.Roca,3,1,0,0,2,0,0,,Avenida,,ROSARIO,Rosario,Asfalto,No existe,II,Dentro,Urbana,Señal Pare,No existe,Intersección,Bueno,Buena,Nocturna,Buen Tiempo,Lateral,S/D,Colisión,Ninguna,Vertical,Cordón divisorio,Sin restricción,POINT (-60.653334750000006 -32.97782885),"['Bulevar Juan Francisco Seguí', 'Roca']",2,Bulevar Juan Francisco Seguí; Presidente Roca,-32.97782885,-60.653334750000006,55.0,538.0,Municipio Rosario,Municipio,Rosario,820210,Servicio de Catastro e Información Territorial,IGN
2017,9605,2017-08-18,Viernes,0.0,21:00:00,,0.0,2,"Moto/Ciclomotor,Automóvil",Gaboto Y Pte.Roca,2,1,0,0,1,0,0,,Calle,,ROSARIO,Rosario,Asfalto,No existe,II,Dentro,Urbana,Ninguna,No existe,Intersección,Bueno,Buena,Nocturna,Buen Tiempo,Lateral,S/D,Colisión,Ninguna,Horizontal,Ninguna,Sin restricción,POINT (-60.651887 -32.9721058),"['Gaboto', 'Roca']",2,Gaboto; Presidente Roca,-32.9721058,-60.651887,55.0,538.0,Municipio Rosario,Municipio,Rosario,820210,Servicio de Catastro e Información Territorial,IGN
2017,9610,2017-08-24,Jueves,0.0,13:30:00,,0.0,2,"Automóvil,Automóvil",Sarmiento Y 24 De Setiembre,2,1,0,0,1,0,0,,Calle,,ROSARIO,Rosario,Asfalto,No existe,II,Dentro,Urbana,Señal Pare,No existe,Recta,Bueno,Buena,Diurna,S/D,S/D,S/D,Colisión,Ninguna,Vertical,Ninguna,S/D,POINT (-60.6466689 -32.9802135),"['Sarmiento', '24 de Septiembre']",2,Sarmiento; 24 de Septiembre,-32.9802135,-60.6466689,55.0,538.0,Municipio Rosario,Municipio,Rosario,820210,Servicio de Catastro e Información Territorial,IGN
2017,9613,2017-08-29,Martes,0.0,2:30:00,,0.0,2,"Moto/Ciclomotor,Automóvil",Entre Rios Y Amenabar,3,2,0,0,1,0,0,,Calle,,ROSARIO,Rosario,Asfalto,No existe,II,Dentro,Urbana,Ninguna,No existe,Recta,Bueno,Buena,Nocturna,Buen Tiempo,S/D,S/D,Colisión,S/D,Faltante,Ninguna,Sin restricción,POINT (-60.64742470000001 -32.97170549999999),"['Entre Ríos', 'Amenabar']",2,Entre Ríos; José de Amenábar,-32.97170549999999,-60.64742470000001,55.0,538.0,Municipio Rosario,Municipio,Rosario,820210,Servicio de Catastro e Información Territorial,IGN
2017,9616,2017-08-26,Sabado,0.0,16:35:00,,0.0,1,Moto/Ciclomotor,Bv. Segui Y Mariano Moreno,2,0,0,1,1,0,0,,Avenida,,ROSARIO,Rosario,Asfalto,No existe,II,Dentro,Urbana,Ninguna,No existe,Recta,Bueno,Buena,Diurna,S/D,S/D,S/D,Caída ocupante,Ninguna,Faltante,Cordón divisorio,S/D,POINT (-60.658756600000004 -32.97685955),"['Bulevar Juan Francisco Seguí', 'Mariano Moreno']",2,Bulevar Juan Francisco Seguí; Mariano Moreno,-32.97685955,-60.6587566,55.0,538.0,Municipio Rosario,Municipio,Rosario,820210,Servicio de Catastro e Información Territorial,IGN
2017,9617,2017-08-09,Miercoles,0.0,20:05:00,,0.0,2,"Moto/Ciclomotor,Automóvil",J.M.de Rosas Y Riobamba,3,1,0,0,2,0,0,,Calle,,ROSARIO,Rosario,Asfalto,No existe,II,Dentro,Urbana,S/D,No existe,Intersección,Bueno,Buena,"Nocturna,Con luz artificial",Buen Tiempo,S/D,S/D,Colisión,Ninguna,Faltante,S/D,Sin restricción,POINT (-60.635437700000004 -32.964253500000005),"['De Rosas', 'Riobamba']",2,Juan Manuel de Rosas; Riobamba,-32.964253500000005,-60.6354377,55.0,538.0,Municipio Rosario,Municipio,Rosario,820210,Servicio de Catastro e Información Territorial,IGN
2017,9621,2017-08-19,Sabado,0.0,10:30:00,,0.0,2,"Moto/Ciclomotor,Automóvil",Ayacucho Y La Paz,3,1,0,0,2,0,0,,Calle,,ROSARIO,Rosario,Asfalto,No existe,II,Dentro,Urbana,Ninguna,No existe,Intersección,Bueno,Buena,Diurna,Buen Tiempo,S/D,S/D,Colisión,Ninguna,Faltante,Ninguna,Sin restricción,POINT (-60.6313639 -32.96617200000001),"['Ayacucho', 'La Paz']",2,Ayacucho; La Paz,-32.96617200000001,-60.6313639,55.0,538.0,Municipio Rosario,Municipio,Rosario,820210,Servicio de Catastro e Información Territorial,IGN
2017,9624,2017-08-24,Jueves,0.0,11:20:00,,0.0,2,"Moto/Ciclomotor,Automóvil",Viamonte Y Ayacucho,2,1,0,0,1,0,0,,Calle,,ROSARIO,Rosario,Asfalto,No existe,II,Dentro,Urbana,Señal Pare,No existe,Intersección,Bueno,Buena,Diurna,Buen Tiempo,S/D,S/D,Colisión,Ninguna,Vertical,Ninguna,Sin restricción,POINT (-60.6316573 -32.96733489999999),"['Viamonte', 'Ayacucho']",2,Viamonte; Ayacucho,-32.96733489999999,-60.6316573,55.0,538.0,Municipio Rosario,Municipio,Rosario,820210,Servicio de Catastro e Información Territorial,IGN
2017,9626,2017-08-28,Lunes,0.0,8:15:00,,0.0,2,"Automóvil,Bicicleta",Viamonte Y Ayacucho,2,1,0,0,1,0,0,,Calle,,ROSARIO,Rosario,Asfalto,No existe,II,Dentro,Urbana,Señal Pare,No existe,Intersección,Bueno,Buena,Diurna,Buen Tiempo,S/D,Ciclista,Atropello,Ninguna,Vertical,Ninguna,Sin restricción,POINT (-60.6316573 -32.96733489999999),"['Viamonte', 'Ayacucho']",2,Viamonte; Ayacucho,-32.96733489999999,-60.6316573,55.0,538.0,Municipio Rosario,Municipio,Rosario,820210,Servicio de Catastro e Información Territorial,IGN
2017,9627,2017-08-18,Viernes,0.0,8:10:00,,0.0,2,"Peatón,Moto/Ciclomotor",Velez Sarsfield 700,2,1,0,0,1,0,0,,Calle,,ROSARIO,Rosario,Asfalto,No existe,II,Dentro,Urbana,Ninguna,No existe,Recta,Bueno,Buena,Diurna,Buen Tiempo,S/D,Peatón,Atropello,Ninguna,Faltante,Ninguna,Sin restricción,"-32.9247889, -60.6737076",['Velez Sarsfield 700'],1,Velez Sarsfield 700,-32.9247889,-60.6737076,55.0,538.0,Municipio Rosario,Municipio,Rosario,820210,Servicio de Catastro e Información Territorial,IGN
2017,9657,2017-08-07,Lunes,0.0,20:50:00,,0.0,2,"Moto/Ciclomotor,Automóvil",Biedma Y Av. Corrientes,2,0,1,0,1,0,0,,S/D,,ROSARIO,Rosario,Asfalto,No existe,II,S/D,Urbana,Ninguna,No existe,Recta,Bueno,S/D,Nocturna,Buen Tiempo,Lateral,S/D,Colisión,Ninguna,Faltante,Ninguna,S/D,POINT (-60.6511938 -32.9806414),"['Coronel Biedma', 'Corrientes']",2,Coronel Biedma; Corrientes,-32.9806414,-60.6511938,55.0,538.0,Municipio Rosario,Municipio,Rosario,820210,Servicio de Catastro e Información Territorial,IGN
2017,9658,2017-08-07,Lunes,0.0,16:00:00,,0.0,2,"Moto/Ciclomotor,Camión Chasis",Balcarce Y Garibaldi,2,0,1,0,1,0,0,,Calle,,ROSARIO,Rosario,Asfalto,No existe,II,S/D,Urbana,Ninguna,No existe,Recta,Bueno,Buena,Diurna,Buen Tiempo,Lateral,S/D,Colisión,Ninguna,Horizontal,Ninguna,Sin restricción,POINT (-60.66189070000001 -32.9835046),"['Balcarce', 'José Garibaldi']",2,Balcarce; José Garibaldi,-32.9835046,-60.66189070000001,55.0,538.0,Municipio Rosario,Municipio,Rosario,820210,Servicio de Catastro e Información Territorial,IGN
2017,9660,2017-08-05,Sabado,0.0,13:10:00,,0.0,2,"Automóvil,Moto/Ciclomotor",Sarmiento Y Saavedra,2,1,0,0,1,0,0,,Calle,,ROSARIO,Rosario,Asfalto,No existe,II,Dentro,Urbana,Ninguna,No existe,Intersección,Bueno,Buena,Diurna,Buen Tiempo,Lateral,S/D,Colisión,Ninguna,Faltante,Ninguna,Sin restricción,POINT (-60.6460939 -32.9779483),"['Sarmiento', 'Saavedra']",2,Sarmiento; Saavedra,-32.9779483,-60.6460939,55.0,538.0,Municipio Rosario,Municipio,Rosario,820210,Servicio de Catastro e Información Territorial,IGN
2017,9662,2017-08-02,Miercoles,0.0,18:55:00,,0.0,2,"Moto/Ciclomotor,Automóvil",Av. Uriburu Y Paraguay,2,1,0,0,1,0,0,,Avenida,,ROSARIO,Rosario,Asfalto,No existe,II,Dentro,Urbana,Ninguna,No existe,Intersección,Bueno,Buena,Diurna,Buen Tiempo,Lateral,S/D,Colisión,S/D,Faltante,"Cordón divisorio,Vegetación",Sin restricción,POINT (-60.655215850000005 -32.990962749999994),"['Uriburu', 'Paraguay']",2,Avenida José Uriburu; Paraguay,-32.990962749999994,-60.655215850000005,55.0,538.0,Municipio Rosario,Municipio,Rosario,820210,Servicio de Catastro e Información Territorial,IGN
2017,9771,2017-08-12,Sabado,0.0,12:45:00,,0.0,2,"Moto/Ciclomotor,Automóvil",San Martin 700,2,1,0,0,1,0,0,,Avenida,,ROSARIO,Rosario,Asfalto,No existe,II,Dentro,Urbana,Marca Vial,No existe,Recta,Bueno,Buena,Diurna,Buen Tiempo,Lateral,S/D,Colisión,Ninguna,Horizontal,Línea divisoria pintada,Sin restricción,"-32.9455265, -60.6364474",['San Martin 700'],1,San Martin 700,-32.9455265,-60.6364474,55.0,538.0,Municipio Rosario,Municipio,Rosario,820210,Servicio de Catastro e Información Territorial,IGN
2017,9955,2017-08-02,Miercoles,0.0,13:00:00,,0.0,2,"Pickup/Utilitario,Moto/Ciclomotor",Centeno Y G.Carrasco,2,1,0,0,1,0,0,,Calle,,ROSARIO,Rosario,Asfalto,S/D,II,Dentro,Urbana,S/D,S/D,Intersección,S/D,S/D,Diurna,S/D,S/D,S/D,Colisión,S/D,S/D,S/D,S/D,POINT (-60.672771100000006 -32.98033579999999),"['Centeno', 'Carrasco']",2,Coronel Centeno; Omar Carrasco,-32.98033579999999,-60.672771100000006,55.0,538.0,Municipio Rosario,Municipio,Rosario,820210,Servicio de Catastro e Información Territorial,IGN
2017,9956,2017-08-02,Miercoles,0.0,16:10:00,,0.0,2,"Transporte de Pasajeros Urbano (> 8 asientos),Peatón",Av. Ovidio Lagos Y Rioja,2,1,0,0,1,0,0,,Calle,,ROSARIO,Rosario,Asfalto,No existe,II,Dentro,Urbana,Semáforo,Funciona,Intersección,Bueno,S/D,Diurna,S/D,S/D,Peatón,Atropello,Ninguna,"Horizontal,Vertical",Ninguna,Sin restricción,POINT (-60.661744600000006 -32.943415499999986),"['Avenida Ovidio Lagos', 'Rioja']",2,Avenida Ovidio Lagos; Rioja,-32.943415499999986,-60.661744600000006,55.0,538.0,Municipio Rosario,Municipio,Rosario,820210,Servicio de Catastro e Información Territorial,IGN
2017,9958,2017-08-04,Viernes,0.0,,,0.0,2,"Automóvil,Peatón",Bv. Avellaneda 4500,2,1,0,0,1,0,0,,Calle,,ROSARIO,Rosario,Asfalto,No existe,II,Dentro,Urbana,Ninguna,No existe,Intersección,Bueno,S/D,S/D,S/D,S/D,S/D,Atropello,Ninguna,Faltante,Cordón divisorio,Sin restricción,"-32.9533844, -60.6827991",['Avellaneda 4500'],1,Avellaneda 4500,-32.9533844,-60.6827991,55.0,538.0,Municipio Rosario,Municipio,Rosario,820210,Servicio de Catastro e Información Territorial,IGN
2017,9965,2017-08-08,Martes,0.0,14:45:00,,0.0,2,"Automóvil,Moto/Ciclomotor",Ayacucho 6100,2,1,0,0,1,0,0,,Calle,,ROSARIO,Rosario,Asfalto,No existe,II,Dentro,Urbana,Ninguna,No existe,Recta,Bueno,S/D,Diurna,S/D,S/D,S/D,Colisión,Ninguna,Horizontal,Ninguna,Sin restricción,"-32.9627144, -60.6304919",['Ayacucho 6100'],1,Ayacucho 6100,-32.9627144,-60.6304919,55.0,538.0,Municipio Rosario,Municipio,Rosario,820210,Servicio de Catastro e Información Territorial,IGN
2017,9967,2017-08-08,Martes,0.0,19:50:00,,0.0,2,"Automóvil,Moto/Ciclomotor",Bv. Avellaneda Y Lamadrid,2,1,0,0,1,0,0,,Calle,,ROSARIO,Rosario,Asfalto,No existe,II,Dentro,Urbana,Ninguna,No existe,Intersección,Bueno,S/D,Diurna,S/D,S/D,S/D,Colisión,Ninguna,Horizontal,Ninguna,Sin restricción,POINT (-60.6888668 -32.998344450000005),"['Avellaneda', 'Lamadrid']",2,Bulevar Nicolás Avellaneda; Gregorio Aráoz de Lamadrid,-32.998344450000005,-60.6888668,55.0,538.0,Municipio Rosario,Municipio,Rosario,820210,Servicio de Catastro e Información Territorial,IGN
2017,9974,2017-08-13,Domingo,0.0,15:00:00,,0.0,2,"Automóvil,Moto/Ciclomotor",Av. Uriburu Y Suipacha,2,1,0,0,1,0,0,,Calle,,ROSARIO,Rosario,Asfalto,No existe,II,Dentro,Urbana,Ninguna,No existe,Intersección,Bueno,S/D,Diurna,S/D,S/D,S/D,Colisión,Ninguna,Faltante,Cordón divisorio,Sin restricción,POINT (-60.6767049 -32.99161159999999),"['Uriburu', 'Suipacha']",2,Avenida José Uriburu; Suipacha,-32.99161159999999,-60.6767049,55.0,538.0,Municipio Rosario,Municipio,Rosario,820210,Servicio de Catastro e Información Territorial,IGN
2017,9975,2017-08-13,Domingo,0.0,,,0.0,2,"Moto/Ciclomotor,Automóvil",Cafferata Y Bv. Segui,2,1,0,0,1,0,0,,Calle,,ROSARIO,Rosario,Asfalto,No existe,II,Dentro,Urbana,Semáforo,Funciona,Intersección,Bueno,S/D,S/D,S/D,S/D,S/D,Colisión,Ninguna,"Horizontal,Vertical",Cordón divisorio,Sin restricción,POINT (-60.67922995000001 -32.97320965),"['Cafferata', 'Bulevar Juan Francisco Seguí']",2,Cafferata; Bulevar Juan Francisco Seguí,-32.97320965,-60.67922995000001,55.0,538.0,Municipio Rosario,Municipio,Rosario,820210,Servicio de Catastro e Información Territorial,IGN
2017,9983,2017-09-01,Viernes,0.0,22:25:00,,0.0,2,"Automóvil,Bicicleta",Casiano Casas Y Washington,2,1,0,0,1,0,0,,Calle,,ROSARIO,Rosario,Asfalto,No existe,II,Dentro,Urbana,Ninguna,No existe,Intersección,Bueno,S/D,Nocturna,S/D,S/D,Ciclista,Atropello,Ninguna,Faltante,Ninguna,Sin restricción,POINT (-60.7007901 -32.9034752),"['Avenida Casiano Casas', 'Washington']",2,Avenida Casiano Casas; Washington,-32.9034752,-60.7007901,55.0,538.0,Municipio Rosario,Municipio,Rosario,820210,Servicio de Catastro e Información Territorial,IGN
2017,9998,2017-09-03,Domingo,0.0,,,0.0,1,Moto/Ciclomotor,Av. Provincias Unidas 1400,2,2,0,0,0,0,0,,Calle,,ROSARIO,Rosario,Asfalto,No existe,II,Dentro,Urbana,S/D,No existe,Paso a Nivel FFCC,Bueno,S/D,S/D,S/D,Contra objeto fijo,S/D,Colisión,Ninguna,Horizontal,Ninguna,Sin restricción,"-32.9444227, -60.7125842",['Provincias Unidas 1400'],1,Provincias Unidas 1400,-32.9444227,-60.7125842,55.0,538.0,Municipio Rosario,Municipio,Rosario,820210,Servicio de Catastro e Información Territorial,IGN
2017,9999,2017-09-04,Lunes,0.0,2:00:00,,0.0,2,"Automóvil,Moto/Ciclomotor",Av. Arijon Y Av. Ovidio Lagos,2,0,1,0,1,0,0,,Calle,,ROSARIO,Rosario,Asfalto,No existe,II,Dentro,Urbana,Semáforo,Funciona,Intersección,Bueno,S/D,Nocturna,S/D,S/D,S/D,Colisión,Ninguna,"Horizontal,Vertical",Ninguna,Sin restricción,POINT (-60.6761369 -33.0038701),"['Avenida Manuel Arijón', 'Avenida Ovidio Lagos']",2,Avenida Manuel Arijón; Avenida Ovidio Lagos,-33.0038701,-60.6761369,55.0,538.0,Municipio Rosario,Municipio,Rosario,820210,Servicio de Catastro e Información Territorial,IGN
2017,10003,2017-09-09,Sabado,0.0,7:30:00,,0.0,2,"Pickup/Utilitario,Moto/Ciclomotor",Bv. Oroño Y Ameghino,2,1,0,0,1,0,0,,Calle,,ROSARIO,Rosario,Asfalto,No existe,II,Dentro,Urbana,Semáforo,Funciona,Intersección,Bueno,S/D,Diurna,S/D,S/D,S/D,Colisión,Ninguna,"Horizontal,Vertical","Cordón divisorio,Ninguna",Sin restricción,POINT (-60.6635405 -32.9844018),"['Bulevar Nicasio Oroño', 'Ameghino']",2,Bulevar Nicasio Oroño; Ameghino,-32.9844018,-60.6635405,55.0,538.0,Municipio Rosario,Municipio,Rosario,820210,Servicio de Catastro e Información Territorial,IGN
2017,10006,2017-09-09,Sabado,0.0,12:30:00,,0.0,2,"Moto/Ciclomotor,Automóvil",Tarragona ,3,1,0,0,2,0,0,,Calle,,ROSARIO,Rosario,S/D,S/D,II,Dentro,Urbana,S/D,S/D,S/D,S/D,S/D,Diurna,S/D,S/D,S/D,Colisión,S/D,S/D,S/D,S/D,"-32.9077469, -60.7354672",['Tarragona'],1,Tarragona,-32.9077469,-60.7354672,55.0,538.0,Municipio Rosario,Municipio,Rosario,820210,Servicio de Catastro e Información Territorial,IGN
2017,10010,2017-09-11,Lunes,0.0,21:00:00,,0.0,2,"Automóvil,Taxi/Remis",Junin Y Larrea,4,1,0,0,3,0,0,,Calle,,ROSARIO,Rosario,Asfalto,No existe,II,Dentro,Urbana,Ninguna,No existe,Intersección,Bueno,S/D,Nocturna,S/D,S/D,S/D,Colisión,Ninguna,Faltante,Ninguna,Sin restricción,POINT (-60.6977779 -32.9271693),"['Junín', 'Larrea']",2,Junín; Larrea,-32.9271693,-60.6977779,55.0,538.0,Municipio Rosario,Municipio,Rosario,820210,Servicio de Catastro e Información Territorial,IGN
2017,10021,2017-09-16,Sabado,0.0,1:15:00,,0.0,2,"Automóvil,Automóvil",Santa Fe Y Castellanos,6,2,0,0,4,0,0,,Calle,,ROSARIO,Rosario,Asfalto,No existe,II,Dentro,Urbana,Ninguna,Funciona,Intersección,Bueno,S/D,Nocturna,S/D,S/D,S/D,Colisión,Ninguna,Vertical,Ninguna,Sin restricción,POINT (-60.6747156 -32.938478899999986),"['Santa Fe', 'Aaron Castellanos']",2,Santa Fe; Aaron Castellanos,-32.938478899999986,-60.6747156,55.0,538.0,Municipio Rosario,Municipio,Rosario,820210,Servicio de Catastro e Información Territorial,IGN