anio_acci,nro_acci,fecha,desc_dia,fecha_aprox,hora_aprox,desc_ruta,km,cant_participantes,desc_participante,calle_avenida_km,total,heridos_leves,heridos_graves,heridos_gravisimos,ilesos,fallecidos,sin_datos,posicion_XY,desc_tipo_via,desc_ruta_ori,desc_loc,desc_dpto,desc_tipo_calzada,desc_tipo_banquina,desc_unidad_regional,desc_lugar_calzada,desc_zona,desc_prioridad,desc_estado_semaforo,desc_lugar_via,desc_estado_via,desc_estado_visibilidad,desc_luminosidad,desc_estado_clima,desc_tipo_colision,desc_tipo_atropello,desc_tipo_hecho,desc_pres_calzada,desc_senializacion,desc_separacion_via,desc_restriccion,forma_geocod,calle_lista,numero_calles,calles_osm,lat,lon,index_right,gid,fna,gna,nam,in1,fdc,sag
2017,10025,2017-09-18,Lunes,0.0,5:20:00,,0.0,2,"Automóvil,Peatón",Rivadavia 2455,2,1,0,0,1,0,0,,Calle,,ROSARIO,Rosario,Asfalto,No existe,II,Dentro,Urbana,Ninguna,Funciona,Intersección,Bueno,S/D,Nocturna,S/D,S/D,Peatón,Atropello,Ninguna,Vertical,Ninguna,Sin restricción,"-32.931535114285715, -60.65381897142857",['Rivadavia 2455'],1,Rivadavia 2455,-32.931535114285715,-60.65381897142857,55.0,538.0,Municipio Rosario,Municipio,Rosario,820210,Servicio de Catastro e Información Territorial,IGN
2017,10031,2017-09-18,Lunes,0.0,,,0.0,2,"Automóvil,Moto/Ciclomotor",Av. Circunvalacion Y Av. Uriburu,2,1,0,0,1,0,0,,Calle,,ROSARIO,Rosario,Asfalto,No existe,II,Dentro,Urbana,S/D,No existe,Intersección,Bueno,S/D,S/D,S/D,S/D,S/D,Colisión,Ninguna,Faltante,S/D,S/D,POINT (-60.70053645 -32.992253950000006),"['Circunvalacion', 'Uriburu']",2,"('Juan Pablo II', 'Avenida José Uriburu')",-32.992253950000006,-60.70053645,55.0,538.0,Municipio Rosario,Municipio,Rosario,820210,Servicio de Catastro e Información Territorial,IGN
2017,10032,2017-09-20,Miercoles,0.0,18:20:00,,0.0,2,"Moto/Ciclomotor,Moto/Ciclomotor",Alsina Y 24 De Setiembre,3,3,0,0,0,0,0,,Calle,,ROSARIO,Rosario,Asfalto,No existe,II,Dentro,Urbana,Ninguna,No existe,Intersección,Bueno,S/D,Diurna,S/D,S/D,S/D,Colisión,Ninguna,Faltante,Ninguna,Sin restricción,POINT (-60.68491879999999 -32.973400599999984),"['Alsina', '24 de Septiembre']",2,Alsina; 24 de Septiembre,-32.973400599999984,-60.68491879999999,55.0,538.0,Municipio Rosario,Municipio,Rosario,820210,Servicio de Catastro e Información Territorial,IGN
2017,10034,2017-09-20,Miercoles,0.0,18:45:00,,0.0,2,"Automóvil,Automóvil",P.L.Funes Y Saavedra,6,5,0,0,1,0,0,,Calle,,ROSARIO,Rosario,Asfalto,No existe,II,Dentro,Urbana,Ninguna,No existe,Intersección,Bueno,S/D,Diurna,S/D,S/D,S/D,Colisión,S/D,Faltante,Ninguna,Sin restricción,POINT (-60.70003950000001 -32.9694876),"['Funes', 'Saavedra']",2,Deán Gregorio Funes; Saavedra,-32.9694876,-60.70003950000001,55.0,538.0,Municipio Rosario,Municipio,Rosario,820210,Servicio de Catastro e Información Territorial,IGN
2017,10037,2017-09-20,Miercoles,0.0,11:40:00,,0.0,2,"Automóvil,Moto/Ciclomotor",Av. Provincias Unidas Y Neuquen,2,1,0,0,1,0,0,,Calle,,ROSARIO,Rosario,Asfalto,No existe,II,Dentro,Urbana,Ninguna,No existe,Intersección,Bueno,S/D,Diurna,S/D,S/D,S/D,Colisión,Ninguna,Horizontal,Cordón divisorio,Sin restricción,POINT (-60.71241810000001 -32.944582350000005),"['Avenida Provincias Unidas', 'Neuquen']",2,Avenida Provincias Unidas; Neuquén,-32.944582350000005,-60.71241810000001,55.0,538.0,Municipio Rosario,Municipio,Rosario,820210,Servicio de Catastro e Información Territorial,IGN
2017,10038,2017-09-21,Jueves,0.0,8:10:00,,0.0,2,"Automóvil,Moto/Ciclomotor",Chubut Y Roullon,2,1,0,0,1,0,0,,Calle,,ROSARIO,Rosario,Asfalto,No existe,II,Dentro,Urbana,Ninguna,No existe,Intersección,Bueno,S/D,Diurna,S/D,S/D,S/D,Colisión,Ninguna,Faltante,Ninguna,Sin restricción,POINT (-60.70204340000001 -32.945359499999995),"['Chubut', 'Alfredo Rouillón']",2,Chubut; Alfredo Rouillón,-32.945359499999995,-60.70204340000001,55.0,538.0,Municipio Rosario,Municipio,Rosario,820210,Servicio de Catastro e Información Territorial,IGN
2017,10039,2017-09-21,Jueves,0.0,10:00:00,,0.0,2,"Automóvil,Moto/Ciclomotor",Superi Y Bv. Rondeau,2,1,0,0,1,0,0,,Calle,,ROSARIO,Rosario,Asfalto,No existe,II,Dentro,Urbana,Semáforo,Funciona,Intersección,Bueno,S/D,Diurna,S/D,S/D,S/D,Colisión,Ninguna,"Horizontal,Vertical",Ninguna,Sin restricción,POINT (-60.69245817500001 -32.894239025),"['Superi', 'Rondeau']",2,Comandante José Superí; Bulevar General José Rondeau,-32.894239025,-60.69245817500001,55.0,538.0,Municipio Rosario,Municipio,Rosario,820210,Servicio de Catastro e Información Territorial,IGN
2017,10058,2017-09-22,Viernes,0.0,2:00:00,,0.0,2,"Automóvil,Moto/Ciclomotor",Manuel Garcia Y Baigorria,2,1,0,0,1,0,0,,Calle,,ROSARIO,Rosario,Asfalto,No existe,II,Dentro,Urbana,Ninguna,No existe,Intersección,Bueno,S/D,Nocturna,S/D,S/D,S/D,Colisión,Ninguna,Faltante,Ninguna,Sin restricción,POINT (-60.7144162 -32.89385119999999),"['Manuel García', 'Baigorria']",2,Manuel García; Baigorria,-32.89385119999999,-60.7144162,55.0,538.0,Municipio Rosario,Municipio,Rosario,820210,Servicio de Catastro e Información Territorial,IGN
2017,10065,2017-09-25,Lunes,0.0,,,0.0,2,"Moto/Ciclomotor,Automóvil",Santa Fe Y Iriondo,3,2,0,0,1,0,0,,Calle,,ROSARIO,Rosario,Asfalto,No existe,II,Dentro,Urbana,Ninguna,No existe,Intersección,Bueno,S/D,S/D,S/D,S/D,S/D,Colisión,Ninguna,Horizontal,Ninguna,Sin restricción,POINT (-60.6692634 -32.9394616),"['Santa Fe', 'Iriondo']",2,Santa Fe; Iriondo,-32.9394616,-60.6692634,55.0,538.0,Municipio Rosario,Municipio,Rosario,820210,Servicio de Catastro e Información Territorial,IGN
2017,10070,2017-09-30,Sabado,0.0,13:00:00,,0.0,2,"Automóvil,Moto/Ciclomotor",Av. Casiano Casas Y F.Netri,2,1,0,0,1,0,0,,Calle,,ROSARIO,Rosario,Asfalto,No existe,II,Dentro,Urbana,Semáforo,No existe,Intersección,Bueno,S/D,Diurna,S/D,S/D,S/D,Colisión,Ninguna,"Horizontal,Vertical",Ninguna,Sin restricción,POINT (-60.69916125 -32.9046656),"['Avenida Casiano Casas', 'Netri']",2,Avenida Casiano Casas; Netri,-32.9046656,-60.69916125,55.0,538.0,Municipio Rosario,Municipio,Rosario,820210,Servicio de Catastro e Información Territorial,IGN
2017,10144,2017-12-28,Jueves,0.0,22:50:00,,0.0,2,"Peatón,Automóvil",Godoy Cruz Y Servando Bayo,2,1,0,0,1,0,0,,Calle,,ROSARIO,Rosario,S/D,S/D,II,S/D,Urbana,S/D,S/D,Intersección,S/D,S/D,Nocturna,S/D,S/D,Peatón,Atropello,S/D,S/D,S/D,S/D,POINT (-60.689665000000005 -32.95828664999999),"['Avenida Presidente Perón', 'Servando Bayo']",2,Avenida Presidente Perón; Servando Bayo,-32.95828664999999,-60.689665000000005,55.0,538.0,Municipio Rosario,Municipio,Rosario,820210,Servicio de Catastro e Información Territorial,IGN
2017,10191,2017-12-29,Viernes,0.0,,,0.0,2,"Automóvil,Moto/Ciclomotor",Paraguay ,2,1,0,0,1,0,0,,Calle,,ROSARIO,Rosario,S/D,S/D,II,S/D,Urbana,S/D,S/D,S/D,S/D,S/D,S/D,S/D,S/D,S/D,Colisión,S/D,S/D,S/D,S/D,"-32.9910237, -60.6552287",['Paraguay'],1,Paraguay,-32.9910237,-60.6552287,55.0,538.0,Municipio Rosario,Municipio,Rosario,820210,Servicio de Catastro e Información Territorial,IGN
2017,10234,2017-09-11,Lunes,0.0,,,0.0,2,"Pickup/Utilitario,Moto/Ciclomotor",Bv. Oroño Y Ameghino,2,1,0,0,1,0,0,,Calle,,ROSARIO,Rosario,Asfalto,No existe,II,Dentro,Urbana,Semáforo,Funciona,Intersección,Bueno,S/D,S/D,S/D,S/D,S/D,Colisión,Ninguna,"Horizontal,Vertical",Cordón divisorio,Sin restricción,POINT (-60.6635405 -32.9844018),"['Bulevar Nicasio Oroño', 'Ameghino']",2,Bulevar Nicasio Oroño; Ameghino,-32.9844018,-60.6635405,55.0,538.0,Municipio Rosario,Municipio,Rosario,820210,Servicio de Catastro e Información Territorial,IGN
2017,10235,2017-08-16,Miercoles,0.0,13:00:00,,0.0,2,"Automóvil,Moto/Ciclomotor",Riobamba Y Castellanos,2,1,0,0,1,0,0,,Calle,,ROSARIO,Rosario,Asfalto,S/D,II,Dentro,Urbana,Ninguna,S/D,Intersección,Bueno,Buena,Diurna,Buen Tiempo,Lateral,S/D,Colisión,Ninguna,S/D,Ninguna,S/D,POINT (-60.6792424 -32.9564495),"['Riobamba', 'Aaron Castellanos']",2,Riobamba; Aaron Castellanos,-32.9564495,-60.6792424,55.0,538.0,Municipio Rosario,Municipio,Rosario,820210,Servicio de Catastro e Información Territorial,IGN
2017,10275,2017-10-01,Domingo,0.0,12:20:00,,0.0,2,"Automóvil,Automóvil",Bv. Segui Y Mitre,3,2,0,0,1,0,0,,Calle,,ROSARIO,Rosario,Asfalto,No existe,II,Dentro,Urbana,Ninguna,No existe,Intersección,Bueno,S/D,Diurna,S/D,S/D,S/D,Colisión,Ninguna,Faltante,Cordón divisorio,Sin restricción,POINT (-60.6477426 -32.97883275),"['Bulevar Juan Francisco Seguí', 'Mitre']",2,Bulevar Juan Francisco Seguí; Bartolomé Mitre,-32.97883275,-60.6477426,55.0,538.0,Municipio Rosario,Municipio,Rosario,820210,Servicio de Catastro e Información Territorial,IGN
2017,10276,2017-10-01,Domingo,0.0,13:15:00,,0.0,2,"Bicicleta,Transporte de Pasajeros Urbano (> 8 asientos)",J.Colombres Bis Y J.J.Paso,2,1,0,0,1,0,0,,Calle,,ROSARIO,Rosario,Asfalto,No existe,II,Dentro,Urbana,Ninguna,No existe,Intersección,Bueno,S/D,Diurna,S/D,S/D,Ciclista,Atropello,Ninguna,Faltante,Ninguna,Sin restricción,POINT (-60.7301755 -32.92071824999999),"['José Colombres', 'Paso']",2,José Colombres; Avenida Juan José Paso,-32.92071824999999,-60.7301755,55.0,538.0,Municipio Rosario,Municipio,Rosario,820210,Servicio de Catastro e Información Territorial,IGN
2017,10277,2017-10-01,Domingo,0.0,14:00:00,,0.0,2,"Automóvil,Moto/Ciclomotor",Lavalle Y E.Zeballos,2,1,0,0,1,0,0,,Calle,,ROSARIO,Rosario,Asfalto,No existe,II,Dentro,Urbana,Ninguna,No existe,Intersección,Bueno,S/D,Diurna,S/D,S/D,S/D,Colisión,Ninguna,Faltante,Ninguna,Sin restricción,POINT (-60.6799243 -32.94792209999999),"['Lavalle', 'Zeballos']",2,Lavalle; Zeballos,-32.94792209999999,-60.6799243,55.0,538.0,Municipio Rosario,Municipio,Rosario,820210,Servicio de Catastro e Información Territorial,IGN
2017,10278,2017-08-20,Domingo,0.0,18:30:00,,0.0,2,"Bicicleta,Automóvil",Av. Circunvalacion Y Av. Eva Peron,2,1,0,0,1,0,0,,Avenida,,ROSARIO,Rosario,Asfalto,S/D,II,Dentro,Urbana,Ninguna,S/D,Intersección,Bueno,Buena,Diurna,Buen Tiempo,S/D,Ciclista,Atropello,Ninguna,S/D,Ninguna,S/D,POINT (-60.7231582311677 -32.93112605584158),"['Circunvalacion', 'Avenida Eva Perón']",2,Avenida de Circunvalación 25 de Mayo; Avenida Eva Perón,-32.93112605584158,-60.7231582311677,55.0,538.0,Municipio Rosario,Municipio,Rosario,820210,Servicio de Catastro e Información Territorial,IGN
2017,10279,2017-10-01,Domingo,0.0,21:05:00,,0.0,2,"Pickup/Utilitario,Moto/Ciclomotor",Av. Francia Y Biedma,4,2,0,0,2,0,0,,Calle,,ROSARIO,Rosario,Asfalto,No existe,II,Dentro,Urbana,Ninguna,No existe,Intersección,Bueno,S/D,Nocturna,S/D,S/D,S/D,Colisión,Ninguna,Faltante,Cordón divisorio,Sin restricción,POINT (-60.6743451 -32.97648615),"['Avenida Francia', 'Coronel Biedma']",2,Avenida Francia; Coronel Biedma,-32.97648615,-60.6743451,55.0,538.0,Municipio Rosario,Municipio,Rosario,820210,Servicio de Catastro e Información Territorial,IGN
2017,10287,2017-10-03,Martes,0.0,,,0.0,2,"Automóvil,Bicicleta",Pueyrredon Y Av. Jorge Cura,2,1,0,0,1,0,0,,Calle,,ROSARIO,Rosario,Asfalto,No existe,II,Dentro,Urbana,S/D,No existe,Intersección,Bueno,S/D,S/D,S/D,S/D,Ciclista,Atropello,Ninguna,Horizontal,S/D,Sin restricción,POINT (-60.664293900000004 -32.970485800000006),"['Pueyrredón', 'Avenida Jorge Cura']",2,Pueyrredón; Avenida Jorge Cura,-32.970485800000006,-60.6642939,55.0,538.0,Municipio Rosario,Municipio,Rosario,820210,Servicio de Catastro e Información Territorial,IGN
2017,10307,2017-10-02,Lunes,0.0,12:15:00,,0.0,2,"Automóvil,Automóvil",Mitre Y Cerrito,3,2,0,0,1,0,0,,Calle,,ROSARIO,Rosario,Asfalto,S/D,II,Dentro,Urbana,Ninguna,No existe,Intersección,Bueno,Buena,Diurna,Buen Tiempo,Lateral,S/D,Colisión,S/D,Faltante,Ninguna,Sin restricción,POINT (-60.6434414 -32.96161829999999),"['Mitre', 'Cerrito']",2,Bartolomé Mitre; Cerrito,-32.96161829999999,-60.6434414,55.0,538.0,Municipio Rosario,Municipio,Rosario,820210,Servicio de Catastro e Información Territorial,IGN
2017,10312,2017-10-08,Domingo,0.0,10:25:00,,0.0,2,"Peatón,Moto/Ciclomotor",Av. De Las Palmeras 3485,2,1,0,0,1,0,0,,Avenida,,ROSARIO,Rosario,Asfalto,S/D,II,Dentro,Urbana,Ninguna,S/D,Recta,Bueno,S/D,Diurna,S/D,S/D,Peatón,Atropello,S/D,S/D,Ninguna,Sin restricción,"-32.9561024, -60.7232914",['De Las Palmeras 3485'],1,De Las Palmeras 3485,-32.9561024,-60.7232914,55.0,538.0,Municipio Rosario,Municipio,Rosario,820210,Servicio de Catastro e Información Territorial,IGN
2017,10319,2017-08-26,Sabado,0.0,12:20:00,,0.0,2,"Automóvil,Automóvil",Bv. Segui Y Mitre,3,1,0,0,2,0,0,,Calle,,ROSARIO,Rosario,Asfalto,No existe,II,S/D,Urbana,S/D,No existe,Intersección,S/D,S/D,Diurna,S/D,S/D,S/D,Colisión,S/D,Faltante,"Cordón divisorio,Vegetación",S/D,POINT (-60.6477426 -32.97883275),"['Bulevar Juan Francisco Seguí', 'Mitre']",2,Bulevar Juan Francisco Seguí; Bartolomé Mitre,-32.97883275,-60.6477426,55.0,538.0,Municipio Rosario,Municipio,Rosario,820210,Servicio de Catastro e Información Territorial,IGN
2017,10320,2017-08-26,Sabado,0.0,,,0.0,2,"Automóvil,Automóvil",Bv. Oroño Y Av. Dante Alighieri,4,2,0,0,2,0,0,,Avenida,,ROSARIO,Rosario,Asfalto,No existe,II,S/D,Urbana,S/D,No existe,Intersección,S/D,S/D,S/D,S/D,S/D,S/D,Colisión,S/D,Faltante,Línea divisoria pintada,S/D,POINT (-60.6579301 -32.961999649999996),"['Bulevar Nicasio Oroño', 'Dante Alighieri']",2,"('Ciclovía Bulevar Nicasio Oroño', 'Avenida Dante Alighieri')",-32.96199965,-60.6579301,55.0,538.0,Municipio Rosario,Municipio,Rosario,820210,Servicio de Catastro e Información Territorial,IGN
2017,10321,2017-08-27,Domingo,0.0,11:00:00,,0.0,2,"Moto/Ciclomotor,Pickup/Utilitario",Av. Pellegrini Y Bv. Oroño,2,1,0,0,1,0,0,,Avenida,,ROSARIO,Rosario,Asfalto,No existe,II,S/D,Urbana,Semáforo,S/D,Intersección,S/D,S/D,Diurna,S/D,S/D,S/D,Colisión,S/D,"Horizontal,Vertical",Cordón divisorio,S/D,POINT (-60.656023850000004 -32.95457175),"['Pellegrini', 'Bulevar Nicasio Oroño']",2,Avenida Carlos Pellegrini; Bulevar Nicasio Oroño,-32.95457175,-60.65602385,55.0,538.0,Municipio Rosario,Municipio,Rosario,820210,Servicio de Catastro e Información Territorial,IGN
2017,10359,2017-10-17,Martes,0.0,16:30:00,,0.0,2,"Automóvil,Moto/Ciclomotor",Junin 200,2,1,0,0,1,0,0,,Calle,,ROSARIO,Rosario,Asfalto,No existe,II,Dentro,Urbana,Semáforo,Funciona,Intersección,S/D,S/D,Diurna,S/D,Frontal,S/D,Colisión,S/D,"Horizontal,Vertical",Cordón divisorio,S/D,"-32.9263373, -60.6658823",['Junin 200'],1,Junin 200,-32.9263373,-60.6658823,55.0,538.0,Municipio Rosario,Municipio,Rosario,820210,Servicio de Catastro e Información Territorial,IGN
2017,10362,2017-10-09,Lunes,0.0,,,0.0,2,"Automóvil,Moto/Ciclomotor",Av. Circunvalacion Y Av. Pte.Peron,5,4,0,0,1,0,0,,Avenida,,ROSARIO,Rosario,Asfalto,Natural,II,Dentro,Urbana,Semáforo,Funciona,Intersección,Bueno,S/D,S/D,S/D,S/D,S/D,Colisión,S/D,"Horizontal,Vertical","Guardarrail,Línea divisoria pintada",S/D,POINT (-60.71697254694366 -32.9707081028425),"['Circunvalacion', 'Avenida Presidente Perón']",2,Avenida de Circunvalación 25 de Mayo; Avenida Presidente Perón,-32.9707081028425,-60.71697254694366,55.0,538.0,Municipio Rosario,Municipio,Rosario,820210,Servicio de Catastro e Información Territorial,IGN
2017,10371,2017-10-01,Domingo,0.0,8:30:00,,0.0,2,"Automóvil,Automóvil",Av. Jorge Newbery 8900,3,3,0,0,0,0,0,,Avenida,,ROSARIO,Rosario,Asfalto,No existe,II,S/D,Urbana,S/D,No existe,Recta,S/D,S/D,Diurna,S/D,S/D,S/D,Colisión,S/D,S/D,S/D,S/D,"-32.908879, -60.7561496",['Jorge Newbery 8900'],1,Jorge Newbery 8900,-32.908879,-60.7561496,55.0,538.0,Municipio Rosario,Municipio,Rosario,820210,Servicio de Catastro e Información Territorial,IGN
2017,10377,2017-10-22,Domingo,0.0,,,0.0,2,"Moto/Ciclomotor,Transporte de Pasajeros Urbano (> 8 asientos)",Bv. 27 De Febrero Y Necochea,2,1,0,0,1,0,0,,Avenida,,ROSARIO,Rosario,Asfalto,No existe,II,Dentro,Urbana,Ninguna,Funciona,Intersección,Bueno,Buena,S/D,Buen Tiempo,Lateral,S/D,Colisión,Ninguna,Vertical,Ninguna,Sin restricción,POINT (-60.6294936 -32.9701003),"['27 de Febrero', 'Necochea']",2,Bulevar 27 de Febrero; Necochea,-32.9701003,-60.6294936,55.0,538.0,Municipio Rosario,Municipio,Rosario,820210,Servicio de Catastro e Información Territorial,IGN
2017,10379,2017-10-01,Domingo,0.0,12:50:00,,0.0,2,"Automóvil,Moto/Ciclomotor",Servando Bayo Y Montevideo,2,1,0,0,1,0,0,,Calle,,ROSARIO,Rosario,Asfalto,No existe,II,S/D,Urbana,S/D,S/D,Intersección,S/D,S/D,Diurna,S/D,S/D,S/D,Colisión,S/D,S/D,Ninguna,S/D,POINT (-60.6870051 -32.9478573),"['Servando Bayo', 'Montevideo']",2,Servando Bayo; Montevideo,-32.9478573,-60.6870051,55.0,538.0,Municipio Rosario,Municipio,Rosario,820210,Servicio de Catastro e Información Territorial,IGN
2017,10380,2017-10-22,Domingo,0.0,20:50:00,,0.0,2,"Moto/Ciclomotor,Taxi/Remis",Av. Provincias Unidas Y Viamonte,3,2,0,0,1,0,0,,Avenida,,ROSARIO,Rosario,Asfalto,No existe,II,Dentro,Urbana,Ninguna,No existe,Intersección,Bueno,Buena,Nocturna,Buen Tiempo,Lateral,S/D,Colisión,Ninguna,Faltante,Cordón divisorio,Sin restricción,POINT (-60.71191390000001 -32.95690404999999),"['Avenida Provincias Unidas', 'Viamonte']",2,Avenida Provincias Unidas; Viamonte,-32.95690404999999,-60.71191390000001,55.0,538.0,Municipio Rosario,Municipio,Rosario,820210,Servicio de Catastro e Información Territorial,IGN
2017,10383,2017-10-17,Martes,0.0,,,0.0,3,"Automóvil,Automóvil,Peatón",Pueyrredon Y Rivadavia,7,6,0,0,1,0,0,,Calle,,ROSARIO,Rosario,Asfalto,No existe,II,Dentro,Urbana,Semáforo,Funciona,Intersección,S/D,S/D,S/D,S/D,S/D,Peatón,Atropello,S/D,Vertical,Ninguna,S/D,POINT (-60.6544373 -32.9313581),"['Pueyrredón', 'Rivadavia']",2,"('Pueyrredón', 'Avenida Bernardino Rivadavia')",-32.9313581,-60.6544373,55.0,538.0,Municipio Rosario,Municipio,Rosario,820210,Servicio de Catastro e Información Territorial,IGN
2017,10384,2017-10-22,Domingo,0.0,22:55:00,,0.0,2,"Moto/Ciclomotor,Automóvil",Av. Sorrento ,2,1,0,0,1,0,0,,Avenida,,ROSARIO,Rosario,Asfalto,No existe,II,Dentro,Urbana,Ninguna,S/D,Intersección,Bueno,Buena,Nocturna,Buen Tiempo,Lateral,S/D,Colisión,Ninguna,S/D,Ninguna,Sin restricción,"-32.9064347, -60.68773",['Sorrento'],1,Sorrento,-32.9064347,-60.68773,55.0,538.0,Municipio Rosario,Municipio,Rosario,820210,Servicio de Catastro e Información Territorial,IGN
2017,10386,2017-10-22,Domingo,0.0,2:00:00,,0.0,2,"Taxi/Remis,Moto/Ciclomotor",Ecuador Y Pje. Volta,3,1,0,0,2,0,0,,Calle,,ROSARIO,Rosario,Asfalto,S/D,II,Dentro,Urbana,Ninguna,S/D,Intersección,Bueno,S/D,Nocturna,S/D,Lateral,S/D,Colisión,Ninguna,Faltante,Ninguna,S/D,POINT (-60.7142206 -32.9587045),"['Ecuador', 'Volta']",2,Ecuador; Volta,-32.9587045,-60.7142206,55.0,538.0,Municipio Rosario,Municipio,Rosario,820210,Servicio de Catastro e Información Territorial,IGN
2017,10415,2017-10-12,Jueves,0.0,,,0.0,2,"Moto/Ciclomotor,Automóvil",Rio De Janeiro Y San Lorenzo,2,1,0,0,1,0,0,,Calle,,ROSARIO,Rosario,Asfalto,No existe,II,S/D,Urbana,S/D,No existe,Intersección,S/D,S/D,S/D,S/D,S/D,S/D,Colisión,S/D,Faltante,Ninguna,S/D,POINT (-60.67993599999999 -32.93654899999999),"['Río de Janeiro', 'San Lorenzo']",2,Río de Janeiro; San Lorenzo,-32.93654899999999,-60.67993599999999,55.0,538.0,Municipio Rosario,Municipio,Rosario,820210,Servicio de Catastro e Información Territorial,IGN
2017,10433,2017-11-01,Miercoles,0.0,20:30:00,,0.0,2,"Automóvil,Moto/Ciclomotor",Herrera Y Machain,3,1,0,0,2,0,0,,Calle,,ROSARIO,Rosario,Asfalto,No existe,II,Dentro,Urbana,Ninguna,No existe,Intersección,Deteriorada,S/D,Nocturna,S/D,S/D,S/D,Colisión,S/D,Faltante,Ninguna,S/D,POINT (-60.69883589999999 -32.89694200000001),"['Herrera', 'Machain']",2,Franzini Herrera; Machain,-32.89694200000001,-60.69883589999999,55.0,538.0,Municipio Rosario,Municipio,Rosario,820210,Servicio de Catastro e Información Territorial,IGN
2017,10434,2017-11-01,Miercoles,0.0,10:20:00,,0.0,2,"Automóvil,Peatón",Cordoba Y Italia,2,1,0,0,1,0,0,,Calle,,ROSARIO,Rosario,Asfalto,No existe,II,Dentro,Urbana,Paso Peatonal,No existe,Intersección,Bueno,S/D,Diurna,S/D,S/D,Peatón,Atropello,S/D,Horizontal,Ninguna,S/D,POINT (-60.647863199999996 -32.944685),"['Córdoba', 'Italia']",2,Córdoba; Italia,-32.944685,-60.6478632,55.0,538.0,Municipio Rosario,Municipio,Rosario,820210,Servicio de Catastro e Información Territorial,IGN
2017,10437,2017-11-01,Miercoles,0.0,10:00:00,,0.0,2,"Automóvil,Moto/Ciclomotor",1 de Mayo Y San Juan,2,1,0,0,1,0,0,,Calle,,ROSARIO,Rosario,Asfalto,No existe,II,Dentro,Urbana,Paso Peatonal,No existe,Intersección,Bueno,S/D,Diurna,S/D,S/D,S/D,Colisión,S/D,Horizontal,Ninguna,S/D,POINT (-60.63071339999999 -32.951778999999995),"['Primero de Mayo', 'San Juan']",2,Primero de Mayo; San Juan,-32.951778999999995,-60.63071339999999,55.0,538.0,Municipio Rosario,Municipio,Rosario,820210,Servicio de Catastro e Información Territorial,IGN
2017,10439,2017-11-01,Miercoles,0.0,23:55:00,,0.0,2,"Automóvil,Bicicleta",Perez Bulnes Y Ecuador,2,1,0,0,1,0,0,,Calle,,ROSARIO,Rosario,Asfalto,No existe,II,Dentro,Urbana,Ninguna,No existe,Recta,Deteriorada,S/D,Nocturna,S/D,S/D,Ciclista,Atropello,S/D,Faltante,Ninguna,S/D,POINT (-60.7148832 -32.942529400000005),"['Pérez Bulnes', 'Ecuador']",2,Pérez Bulnes; Ecuador,-32.942529400000005,-60.7148832,55.0,538.0,Municipio Rosario,Municipio,Rosario,820210,Servicio de Catastro e Información Territorial,IGN
2017,10444,2017-11-01,Miercoles,0.0,,,0.0,2,"Transporte Escolar,Automóvil",Mendoza Y Mejico,8,6,0,0,2,0,0,,Calle,,ROSARIO,Rosario,Asfalto,No existe,II,Dentro,Urbana,Paso Peatonal,No existe,Recta,Bueno,S/D,S/D,S/D,S/D,S/D,Colisión,S/D,Horizontal,Ninguna,S/D,POINT (-60.7184106 -32.940393699999994),"['Mendoza', 'Mejico']",2,Mendoza; Méjico,-32.940393699999994,-60.7184106,55.0,538.0,Municipio Rosario,Municipio,Rosario,820210,Servicio de Catastro e Información Territorial,IGN
2017,10452,2017-11-01,Miercoles,0.0,9:50:00,,0.0,2,"Moto/Ciclomotor,Automóvil",Campbell ,2,1,0,0,1,0,0,,Calle,,ROSARIO,Rosario,S/D,S/D,II,Dentro,Urbana,S/D,S/D,Recta,S/D,S/D,S/D,S/D,S/D,S/D,Colisión,S/D,S/D,S/D,S/D,"-32.9147903, -60.7089541",['Campbell'],1,Campbell,-32.9147903,-60.7089541,55.0,538.0,Municipio Rosario,Municipio,Rosario,820210,Servicio de Catastro e Información Territorial,IGN
2017,10455,2017-10-25,Miercoles,0.0,,,0.0,2,"Moto/Ciclomotor,Moto/Ciclomotor",Mariano Moreno Y Rafael Arrieta,3,2,0,0,1,0,0,,Calle,,ROSARIO,Rosario,Asfalto,No existe,II,Dentro,Urbana,Ninguna,No existe,Intersección,Bueno,S/D,S/D,S/D,S/D,S/D,Colisión,Ninguna,Faltante,Ninguna,Sin restricción,POINT (-60.661582 -33.00988579999999),"['Mariano Moreno', 'Rafael Arrieta']",2,Mariano Moreno; Rafael Arrieta,-33.00988579999999,-60.661582,55.0,538.0,Municipio Rosario,Municipio,Rosario,820210,Servicio de Catastro e Información Territorial,IGN
2017,10465,2017-09-22,Viernes,0.0,,,0.0,2,"Automóvil,Vehículo Oficial",Av. Sorrento Y Casiano Casas,3,1,0,0,2,0,0,,Avenida,,ROSARIO,Rosario,Asfalto,No existe,II,Dentro,Urbana,S/D,Funciona,Intersección,S/D,S/D,S/D,S/D,S/D,S/D,Colisión,S/D,"Horizontal,Vertical",Cordón divisorio,S/D,POINT (-60.695695025000006 -32.90729415),"['Sorrento', 'Avenida Casiano Casas']",2,Avenida Sorrento; Avenida Casiano Casas,-32.90729415,-60.695695025000006,55.0,538.0,Municipio Rosario,Municipio,Rosario,820210,Servicio de Catastro e Información Territorial,IGN