anio_acci,nro_acci,fecha,desc_dia,fecha_aprox,hora_aprox,desc_ruta,km,cant_participantes,desc_participante,calle_avenida_km,total,heridos_leves,heridos_graves,heridos_gravisimos,ilesos,fallecidos,sin_datos,posicion_XY,desc_tipo_via,desc_ruta_ori,desc_loc,desc_dpto,desc_tipo_calzada,desc_tipo_banquina,desc_unidad_regional,desc_lugar_calzada,desc_zona,desc_prioridad,desc_estado_semaforo,desc_lugar_via,desc_estado_via,desc_estado_visibilidad,desc_luminosidad,desc_estado_clima,desc_tipo_colision,desc_tipo_atropello,desc_tipo_hecho,desc_pres_calzada,desc_senializacion,desc_separacion_via,desc_restriccion,forma_geocod,calle_lista,numero_calles,calles_osm,lat,lon,index_right,gid,fna,gna,nam,in1,fdc,sag
2017,10467,2017-09-22,Viernes,0.0,,,0.0,1,Automóvil,Bv. Oroño Y Salta,4,4,0,0,0,0,0,,Calle,,ROSARIO,Rosario,Asfalto,No existe,II,Dentro,Urbana,S/D,Funciona,Intersección,S/D,S/D,S/D,S/D,Contra objeto fijo,S/D,Colisión,S/D,"Horizontal,Vertical",Cordón divisorio,S/D,POINT (-60.6515116 -32.93672015),"['Bulevar Nicasio Oroño', 'Salta']",2,Bulevar Nicasio Oroño; Salta,-32.93672015,-60.6515116,55.0,538.0,Municipio Rosario,Municipio,Rosario,820210,Servicio de Catastro e Información Territorial,IGN
2017,10468,2017-10-26,Jueves,0.0,,,0.0,2,"Bicicleta,Automóvil",Pasco Y 1 de Mayo,2,1,0,0,1,0,0,,Calle,,ROSARIO,Rosario,Asfalto,No existe,II,S/D,Urbana,S/D,No existe,Intersección,S/D,S/D,S/D,S/D,S/D,Ciclista,Atropello,S/D,Faltante,Ninguna,S/D,POINT (-60.63300919999999 -32.9610952),"['Pasco', 'Primero de Mayo']",2,Pasco; Primero de Mayo,-32.9610952,-60.63300919999999,55.0,538.0,Municipio Rosario,Municipio,Rosario,820210,Servicio de Catastro e Información Territorial,IGN
2017,10484,2017-10-23,Lunes,0.0,,,0.0,2,"Automóvil,Moto/Ciclomotor",Brown Y Rodriguez,2,1,0,0,1,0,0,,Calle,,ROSARIO,Rosario,Asfalto,No existe,II,Dentro,Urbana,Ninguna,No existe,Intersección,Bueno,S/D,S/D,S/D,Lateral,S/D,Colisión,S/D,Faltante,Ninguna,Sin restricción,POINT (-60.6563725 -32.9334435),"['Brown', 'Rodríguez']",2,Almirante Brown; Rodríguez de Escobedo,-32.9334435,-60.6563725,55.0,538.0,Municipio Rosario,Municipio,Rosario,820210,Servicio de Catastro e Información Territorial,IGN
2017,10485,2017-10-27,Viernes,0.0,19:45:00,,0.0,2,"Automóvil,Moto/Ciclomotor",Cullen Y Av. Pellegrini,2,0,1,0,1,0,0,,Avenida,,ROSARIO,Rosario,Asfalto,No existe,II,S/D,Urbana,Semáforo,S/D,Intersección,S/D,S/D,S/D,S/D,S/D,S/D,Colisión,S/D,"Horizontal,Vertical",Cordón divisorio,S/D,POINT (-60.7087499 -32.9484991),"['Cullen', 'Pellegrini']",2,Cullen; Avenida Carlos Pellegrini,-32.9484991,-60.7087499,55.0,538.0,Municipio Rosario,Municipio,Rosario,820210,Servicio de Catastro e Información Territorial,IGN
2017,10494,2017-10-29,Domingo,0.0,22:50:00,,0.0,2,"Automóvil,Moto/Ciclomotor",Cafferata Y Bv. Segui,6,1,0,0,5,0,0,,Calle,,ROSARIO,Rosario,Asfalto,No existe,II,S/D,Urbana,S/D,S/D,Intersección,S/D,S/D,Nocturna,S/D,S/D,S/D,Colisión,S/D,"Horizontal,Vertical",Cordón divisorio,S/D,POINT (-60.67922995000001 -32.97320965),"['Cafferata', 'Bulevar Juan Francisco Seguí']",2,Cafferata; Bulevar Juan Francisco Seguí,-32.97320965,-60.67922995000001,55.0,538.0,Municipio Rosario,Municipio,Rosario,820210,Servicio de Catastro e Información Territorial,IGN
2017,10504,2017-10-31,Martes,0.0,,,0.0,3,"Transporte de Pasajeros,Otros,Automóvil",Anchorena Y Gral. J.M.Paz,3,1,0,0,2,0,0,,Calle,,ROSARIO,Rosario,Asfalto,No existe,II,S/D,Urbana,S/D,No existe,Intersección,S/D,S/D,S/D,S/D,Múltiple,S/D,Colisión,S/D,Faltante,Ninguna,S/D,POINT (-60.627302 -32.997146199999996),"['Anchorena', 'Paz']",2,Tomás de Anchorena; Marcos Paz,-32.9971462,-60.627302,55.0,538.0,Municipio Rosario,Municipio,Rosario,820210,Servicio de Catastro e Información Territorial,IGN
2017,10508,2017-10-23,Lunes,0.0,15:25:00,,0.0,2,"Automóvil,Bicicleta",Av. Pellegrini Y L.N.Alem,2,1,0,0,1,0,0,,Avenida,,ROSARIO,Rosario,Asfalto,No existe,II,S/D,Urbana,Semáforo,S/D,Intersección,S/D,S/D,Diurna,S/D,S/D,Ciclista,Atropello,S/D,"Horizontal,Vertical",Cordón divisorio,S/D,POINT (-60.63099875 -32.95908519999999),"['Pellegrini', 'Alem']",2,Avenida Carlos Pellegrini; Leandro N. Alem,-32.95908519999999,-60.63099875,55.0,538.0,Municipio Rosario,Municipio,Rosario,820210,Servicio de Catastro e Información Territorial,IGN
2017,10527,2017-11-09,Jueves,0.0,10:30:00,,0.0,2,"Peatón,Moto/Ciclomotor",Av. Ntra.Sra.del Rosario Y San Martin,3,1,0,0,2,0,0,,Avenida,,ROSARIO,Rosario,Asfalto,No existe,II,Dentro,Urbana,Ninguna,Funciona,Intersección,Deteriorada,S/D,Diurna,S/D,S/D,Peatón,Atropello,S/D,"Horizontal,Vertical","Cordón divisorio,Línea divisoria pintada",S/D,POINT (-60.64865950000001 -32.999877549999994),"['Nuestra Señora del Rosario', 'San Martin']",2,Puente Nuestra Señora del Rosario; José de San Martín,-32.999877549999994,-60.64865950000001,55.0,538.0,Municipio Rosario,Municipio,Rosario,820210,Servicio de Catastro e Información Territorial,IGN
2017,10596,2017-11-16,Jueves,0.0,,,0.0,2,"Vehículo Oficial,Automóvil",Superi Y Molina,5,4,0,0,1,0,0,,Calle,,ROSARIO,Rosario,Asfalto,No existe,II,Dentro,Urbana,S/D,No existe,Intersección,S/D,S/D,S/D,Lluvia,Frontal,S/D,Colisión,Agua,Faltante,Ninguna,S/D,POINT (-60.704566500000006 -32.8965788),"['Superi', 'Molina']",2,Comandante José Superí; Molina,-32.8965788,-60.704566500000006,55.0,538.0,Municipio Rosario,Municipio,Rosario,820210,Servicio de Catastro e Información Territorial,IGN
2017,10599,2017-11-18,Sabado,0.0,12:05:00,,0.0,2,"Automóvil,Bicicleta",Matienzo Y Velez Sarsfield,2,1,0,0,1,0,0,,Calle,,ROSARIO,Rosario,Asfalto,No existe,II,Dentro,Urbana,S/D,No existe,Intersección,S/D,S/D,Diurna,S/D,S/D,Ciclista,Atropello,S/D,Faltante,Ninguna,S/D,POINT (-60.6952469 -32.925486),"['Matienzo', 'Vélez Sarsfield']",2,Benjamín Matienzo; Vélez Sarsfield,-32.925486,-60.6952469,55.0,538.0,Municipio Rosario,Municipio,Rosario,820210,Servicio de Catastro e Información Territorial,IGN
2017,10600,2017-11-18,Sabado,0.0,15:30:00,,0.0,2,"Moto/Ciclomotor,Moto/Ciclomotor",J.J.Paso Y Donado,2,1,0,0,1,0,0,,Calle,,ROSARIO,Rosario,Asfalto,No existe,II,Dentro,Urbana,Semáforo,Funciona,Intersección,S/D,S/D,Diurna,S/D,S/D,S/D,Colisión,S/D,Vertical,Ninguna,S/D,POINT (-60.72775539999999 -32.92067259999999),"['Paso', 'Donado']",2,Avenida Juan José Paso; José Agustín Donado,-32.92067259999999,-60.72775539999999,55.0,538.0,Municipio Rosario,Municipio,Rosario,820210,Servicio de Catastro e Información Territorial,IGN
2017,10638,2017-10-30,Lunes,0.0,1:30:00,,0.0,1,Moto/Ciclomotor,Av. Circunvalacion ,1,1,0,0,0,0,0,,Avenida,,ROSARIO,Rosario,S/D,No existe,II,Dentro,Urbana,S/D,S/D,S/D,S/D,S/D,Nocturna,S/D,S/D,S/D,S/D,S/D,S/D,S/D,S/D,"-32.9954148, -60.6940772",['Circunvalacion'],1,Circunvalacion,-32.9954148,-60.6940772,55.0,538.0,Municipio Rosario,Municipio,Rosario,820210,Servicio de Catastro e Información Territorial,IGN
2017,10652,2017-10-05,Jueves,0.0,,,0.0,1,Moto/Ciclomotor,San Luis 500,2,1,0,0,1,0,0,,Calle,,ROSARIO,Rosario,Asfalto,No existe,II,S/D,Urbana,S/D,No existe,Recta,S/D,S/D,Diurna,S/D,Contra objeto fijo,S/D,Colisión,S/D,Horizontal,Ninguna,S/D,"-32.9505261, -60.6303639",['San Luis 500'],1,San Luis 500,-32.9505261,-60.6303639,55.0,538.0,Municipio Rosario,Municipio,Rosario,820210,Servicio de Catastro e Información Territorial,IGN
2017,10682,2017-11-29,Miercoles,0.0,11:30:00,,0.0,2,"Pickup/Utilitario,Automóvil",JJ PASO  Y JUAN PABLO II,2,1,0,0,0,0,1,,S/D,,ROSARIO,Rosario,S/D,S/D,II,S/D,S/D,S/D,S/D,S/D,S/D,S/D,S/D,S/D,S/D,S/D,S/D,S/D,S/D,S/D,S/D,POINT (-60.723018499999995 -32.920540349999996),"['Juan José Paso', 'Juan Pablo II']",2,Avenida Juan José Paso; Colectora Juan Pablo II,-32.92054035,-60.7230185,55.0,538.0,Municipio Rosario,Municipio,Rosario,820210,Servicio de Catastro e Información Territorial,IGN
2017,10684,2017-11-28,Martes,0.0,,,0.0,3,"Taxi/Remis,Automóvil,Automóvil",Constitucion Y Av. Pellegrini,4,1,0,0,3,0,0,,Avenida,,ROSARIO,Rosario,Asfalto,No existe,II,Dentro,Urbana,Semáforo,Funciona,Intersección,S/D,S/D,S/D,S/D,De alcance,S/D,Colisión,S/D,Vertical,Cordón divisorio,S/D,POINT (-60.67641675 -32.950913),"['Constitución', 'Pellegrini']",2,Constitución; Avenida Carlos Pellegrini,-32.950913,-60.67641675,55.0,538.0,Municipio Rosario,Municipio,Rosario,820210,Servicio de Catastro e Información Territorial,IGN
2017,10871,2017-02-03,Viernes,0.0,19:30:00,,0.0,2,"Moto/Ciclomotor,Otros",3 De Febrero ,2,0,0,1,0,0,1,,Calle,,ROSARIO,Rosario,S/D,S/D,II,S/D,Urbana,S/D,S/D,S/D,S/D,S/D,S/D,S/D,S/D,S/D,Colisión,S/D,S/D,S/D,S/D,"-32.9483761, -60.6644345",['3 de Febrero'],1,3 de Febrero,-32.9483761,-60.6644345,55.0,538.0,Municipio Rosario,Municipio,Rosario,820210,Servicio de Catastro e Información Territorial,IGN
2017,10873,2017-02-15,Miercoles,0.0,2:00:00,,0.0,2,"Automóvil,Otros",Av. Provincias Unidas ,2,0,0,1,0,0,1,,Avenida,,ROSARIO,Rosario,S/D,S/D,II,S/D,Urbana,S/D,S/D,S/D,S/D,S/D,S/D,S/D,S/D,S/D,Colisión,S/D,S/D,S/D,S/D,"-32.9260446, -60.713277",['Avenida Provincias Unidas'],1,Avenida Provincias Unidas,-32.9260446,-60.713277,55.0,538.0,Municipio Rosario,Municipio,Rosario,820210,Servicio de Catastro e Información Territorial,IGN
2017,10874,2017-02-17,Viernes,0.0,15:20:00,,0.0,2,"Moto/Ciclomotor,Otros",Madre Cabrini ,2,0,0,1,0,0,1,,Calle,,ROSARIO,Rosario,S/D,S/D,II,S/D,Urbana,S/D,S/D,S/D,S/D,S/D,S/D,S/D,S/D,S/D,Colisión,S/D,S/D,S/D,S/D,"-33.0052299, -60.6560705",['Madre Cabrini'],1,Madre Cabrini,-33.0052299,-60.6560705,55.0,538.0,Municipio Rosario,Municipio,Rosario,820210,Servicio de Catastro e Información Territorial,IGN
2017,10883,2017-05-28,Domingo,0.0,2:00:00,,0.0,2,"Moto/Ciclomotor,Otros",Iriondo ,2,0,0,1,0,0,1,,Calle,,ROSARIO,Rosario,S/D,S/D,II,S/D,Urbana,S/D,S/D,S/D,S/D,S/D,S/D,S/D,S/D,S/D,Colisión,S/D,S/D,S/D,S/D,"-32.9427049, -60.6700908",['Iriondo'],1,Iriondo,-32.9427049,-60.6700908,55.0,538.0,Municipio Rosario,Municipio,Rosario,820210,Servicio de Catastro e Información Territorial,IGN
2017,10893,2017-08-06,Domingo,0.0,8:00:00,,0.0,2,"Moto/Ciclomotor,Otros",Av. Ovidio Lagos ,2,0,0,1,0,0,1,,Avenida,,ROSARIO,Rosario,S/D,S/D,II,S/D,Urbana,S/D,S/D,S/D,S/D,S/D,S/D,S/D,S/D,S/D,Colisión,S/D,S/D,S/D,S/D,"-32.9611445, -60.6660596",['Avenida Ovidio Lagos'],1,Avenida Ovidio Lagos,-32.9611445,-60.6660596,55.0,538.0,Municipio Rosario,Municipio,Rosario,820210,Servicio de Catastro e Información Territorial,IGN
2017,10905,2017-10-15,Domingo,0.0,23:50:00,,0.0,2,"Moto/Ciclomotor,Otros",Bv. 27 De Febrero ,2,0,0,1,0,0,1,,Calle,,ROSARIO,Rosario,S/D,S/D,II,S/D,Urbana,S/D,S/D,S/D,S/D,S/D,S/D,S/D,S/D,S/D,Colisión,S/D,S/D,S/D,S/D,"-32.9612285, -60.6788841",['27 de Febrero'],1,27 de Febrero,-32.9612285,-60.6788841,55.0,538.0,Municipio Rosario,Municipio,Rosario,820210,Servicio de Catastro e Información Territorial,IGN
2017,10907,2017-11-15,Miercoles,0.0,0:10:00,,0.0,2,"Moto/Ciclomotor,Otros",San Nicolas ,2,0,0,1,0,0,1,,Calle,,ROSARIO,Rosario,S/D,S/D,II,S/D,Urbana,S/D,S/D,S/D,S/D,S/D,S/D,S/D,S/D,S/D,Colisión,S/D,S/D,S/D,S/D,"-32.9603544, -60.6773785",['San Nicolás'],1,San Nicolás,-32.9603544,-60.6773785,55.0,538.0,Municipio Rosario,Municipio,Rosario,820210,Servicio de Catastro e Información Territorial,IGN
2017,10915,2017-01-11,Miercoles,0.0,19:00:00,,0.0,2,"Moto/Ciclomotor,Automóvil",San Nicolas ,2,0,0,1,0,0,1,,Calle,,ROSARIO,Rosario,S/D,S/D,II,S/D,Urbana,S/D,S/D,S/D,S/D,S/D,S/D,S/D,S/D,S/D,Colisión,S/D,S/D,S/D,S/D,"-32.9603544, -60.6773785",['San Nicolás'],1,San Nicolás,-32.9603544,-60.6773785,55.0,538.0,Municipio Rosario,Municipio,Rosario,820210,Servicio de Catastro e Información Territorial,IGN
2017,10917,2017-01-22,Domingo,0.0,23:00:00,,0.0,2,"Moto/Ciclomotor,Otros",Biedma ,2,0,0,1,0,0,1,,Calle,,ROSARIO,Rosario,S/D,S/D,II,S/D,Urbana,S/D,S/D,S/D,S/D,S/D,S/D,S/D,S/D,S/D,Colisión,S/D,S/D,S/D,S/D,"-32.9738215, -60.6892099",['Biedma'],1,Biedma,-32.9738215,-60.6892099,55.0,538.0,Municipio Rosario,Municipio,Rosario,820210,Servicio de Catastro e Información Territorial,IGN
2017,10922,2017-04-30,Domingo,0.0,15:45:00,,0.0,2,"Moto/Ciclomotor,Otros",P.L.Funes ,2,0,0,1,0,0,1,,Calle,,ROSARIO,Rosario,S/D,S/D,II,S/D,Urbana,S/D,S/D,S/D,S/D,S/D,S/D,S/D,S/D,S/D,Colisión,S/D,S/D,S/D,S/D,"-32.9336568, -60.7014519",['Pedro Lino Funes'],1,Pedro Lino Funes,-32.9336568,-60.7014519,55.0,538.0,Municipio Rosario,Municipio,Rosario,820210,Servicio de Catastro e Información Territorial,IGN
2017,10923,2017-05-22,Lunes,0.0,3:30:00,,0.0,2,"Moto/Ciclomotor,Otros",San Lorenzo ,2,0,0,1,0,0,1,,Calle,,ROSARIO,Rosario,S/D,S/D,II,S/D,Urbana,S/D,S/D,S/D,S/D,S/D,S/D,S/D,S/D,S/D,Colisión,S/D,S/D,S/D,S/D,"-32.9352824, -60.7386841",['San Lorenzo'],1,San Lorenzo,-32.9352824,-60.7386841,55.0,538.0,Municipio Rosario,Municipio,Rosario,820210,Servicio de Catastro e Información Territorial,IGN
2017,10926,2017-06-14,Miercoles,0.0,12:30:00,,0.0,2,"Moto/Ciclomotor,Otros",Mendoza ,2,0,0,1,0,0,1,,Calle,,ROSARIO,Rosario,S/D,S/D,II,S/D,Urbana,S/D,S/D,S/D,S/D,S/D,S/D,S/D,S/D,S/D,Colisión,S/D,S/D,S/D,S/D,"-32.9401903, -60.7332648",['Mendoza'],1,Mendoza,-32.9401903,-60.7332648,55.0,538.0,Municipio Rosario,Municipio,Rosario,820210,Servicio de Catastro e Información Territorial,IGN
2017,10933,2017-08-23,Miercoles,0.0,12:15:00,,0.0,2,"Moto/Ciclomotor,Otros",Servando Bayo ,2,0,0,1,0,0,1,,Calle,,ROSARIO,Rosario,S/D,S/D,II,S/D,Urbana,S/D,S/D,S/D,S/D,S/D,S/D,S/D,S/D,S/D,Colisión,S/D,S/D,S/D,S/D,"-32.9461145, -60.6865692",['Servando Bayo'],1,Servando Bayo,-32.9461145,-60.6865692,55.0,538.0,Municipio Rosario,Municipio,Rosario,820210,Servicio de Catastro e Información Territorial,IGN
2017,10938,2017-10-05,Jueves,0.0,15:00:00,,0.0,2,"Moto/Ciclomotor,Otros",Av. Provincias Unidas ,2,0,0,1,0,0,1,,Avenida,,ROSARIO,Rosario,S/D,S/D,II,S/D,Urbana,S/D,S/D,S/D,S/D,S/D,S/D,S/D,S/D,S/D,Colisión,S/D,S/D,S/D,S/D,"-32.9260446, -60.713277",['Avenida Provincias Unidas'],1,Avenida Provincias Unidas,-32.9260446,-60.713277,55.0,538.0,Municipio Rosario,Municipio,Rosario,820210,Servicio de Catastro e Información Territorial,IGN
2017,10948,2017-12-09,Sabado,0.0,1:30:00,,0.0,2,"Moto/Ciclomotor,Otros",Ayacucho ,2,0,0,1,0,0,1,,Calle,,ROSARIO,Rosario,S/D,S/D,II,S/D,Urbana,S/D,S/D,S/D,S/D,S/D,S/D,S/D,S/D,S/D,Colisión,S/D,S/D,S/D,S/D,"-32.9892027, -60.6367444",['Ayacucho'],1,Ayacucho,-32.9892027,-60.6367444,55.0,538.0,Municipio Rosario,Municipio,Rosario,820210,Servicio de Catastro e Información Territorial,IGN
2017,10953,2017-01-21,Sabado,0.0,6:00:00,,0.0,2,"Moto/Ciclomotor,Otros",Garzon ,2,0,1,0,0,0,1,,Calle,,ROSARIO,Rosario,S/D,S/D,II,S/D,Urbana,S/D,S/D,S/D,S/D,S/D,S/D,S/D,S/D,S/D,Colisión,S/D,S/D,S/D,S/D,"-32.9299535, -60.7061263",['Garzón'],1,Garzón,-32.9299535,-60.7061263,55.0,538.0,Municipio Rosario,Municipio,Rosario,820210,Servicio de Catastro e Información Territorial,IGN
2017,10962,2017-04-28,Viernes,0.0,7:00:00,,0.0,2,"Moto/Ciclomotor,Otros",Dr.Rivas Y Pueyrredon,2,0,1,0,0,0,1,,Calle,,ROSARIO,Rosario,S/D,S/D,II,S/D,Urbana,S/D,S/D,S/D,S/D,S/D,S/D,S/D,S/D,S/D,Colisión,S/D,S/D,S/D,S/D,POINT (-60.6667508 -32.9802387),"['Doctor Francisco Riva', 'Pueyrredón']",2,Doctor Francisco Riva; Pueyrredón,-32.9802387,-60.6667508,55.0,538.0,Municipio Rosario,Municipio,Rosario,820210,Servicio de Catastro e Información Territorial,IGN
2017,10969,2017-08-04,Viernes,0.0,18:30:00,,0.0,2,"Bicicleta,Otros",Av. Luis Carballo ,2,0,1,0,0,0,1,,Avenida,,ROSARIO,Rosario,S/D,S/D,II,S/D,Urbana,S/D,S/D,S/D,S/D,S/D,S/D,S/D,S/D,Ciclista,Atropello,S/D,S/D,S/D,S/D,"-32.9221961, -60.6858644",['Luis Carballo'],1,Luis Carballo,-32.9221961,-60.6858644,55.0,538.0,Municipio Rosario,Municipio,Rosario,820210,Servicio de Catastro e Información Territorial,IGN
2017,10977,2017-09-23,Sabado,0.0,18:30:00,,0.0,2,"Bicicleta,Otros",Centeno ,2,0,0,1,0,0,1,,Calle,,ROSARIO,Rosario,S/D,S/D,II,S/D,Urbana,S/D,S/D,S/D,S/D,S/D,S/D,S/D,S/D,Ciclista,Atropello,S/D,S/D,S/D,S/D,"-32.9855924, -60.6434611",['Centeno'],1,Centeno,-32.9855924,-60.6434611,55.0,538.0,Municipio Rosario,Municipio,Rosario,820210,Servicio de Catastro e Información Territorial,IGN
2017,10987,2017-11-19,Domingo,0.0,22:00:00,,0.0,2,"Moto/Ciclomotor,Otros",Av. Circunvalacion ,2,0,1,0,0,0,1,,Avenida,,ROSARIO,Rosario,S/D,S/D,II,S/D,Urbana,S/D,S/D,S/D,S/D,S/D,S/D,S/D,S/D,S/D,Colisión,S/D,S/D,S/D,S/D,"-32.9954148, -60.6940772",['Circunvalacion'],1,Circunvalacion,-32.9954148,-60.6940772,55.0,538.0,Municipio Rosario,Municipio,Rosario,820210,Servicio de Catastro e Información Territorial,IGN
2017,10988,2017-11-23,Jueves,0.0,18:45:00,,0.0,2,"Peatón,Otros",Av. Provincias Unidas ,2,0,1,0,0,0,1,,Avenida,,ROSARIO,Rosario,S/D,S/D,II,S/D,Urbana,S/D,S/D,S/D,S/D,S/D,S/D,S/D,S/D,Peatón,Atropello,S/D,S/D,S/D,S/D,"-32.9260446, -60.713277",['Avenida Provincias Unidas'],1,Avenida Provincias Unidas,-32.9260446,-60.713277,55.0,538.0,Municipio Rosario,Municipio,Rosario,820210,Servicio de Catastro e Información Territorial,IGN
2017,10994,2017-12-24,Domingo,0.0,7:00:00,,0.0,2,"Moto/Ciclomotor,Otros",Magallanes Y Av. Pellegrini,2,0,1,0,0,0,1,,Calle,,ROSARIO,Rosario,S/D,S/D,II,S/D,Urbana,S/D,S/D,S/D,S/D,S/D,S/D,S/D,S/D,S/D,Colisión,S/D,S/D,S/D,S/D,POINT (-60.68127633333334 -32.97612283333333),"['Magallanes', 'Pellegrini']",2,Magallanes; Avenida Carlos Pellegrini,-32.97612283333333,-60.68127633333334,55.0,538.0,Municipio Rosario,Municipio,Rosario,820210,Servicio de Catastro e Información Territorial,IGN
2017,10996,2017-12-29,Viernes,0.0,17:30:00,,0.0,2,"Peatón,Otros",Camilo Aldao ,2,0,0,1,0,0,1,,Calle,,ROSARIO,Rosario,S/D,S/D,II,S/D,Urbana,S/D,S/D,S/D,S/D,S/D,S/D,S/D,S/D,Peatón,Atropello,S/D,S/D,S/D,S/D,"-32.9213987, -60.6966818",['Camilo Aldao'],1,Camilo Aldao,-32.9213987,-60.6966818,55.0,538.0,Municipio Rosario,Municipio,Rosario,820210,Servicio de Catastro e Información Territorial,IGN
2017,10998,2017-10-10,Martes,0.0,0:30:00,,0.0,2,"Moto/Ciclomotor,Otros",3 De Febrero ,2,0,0,1,0,0,1,,Calle,,ROSARIO,Rosario,S/D,S/D,II,S/D,Urbana,S/D,S/D,S/D,S/D,S/D,S/D,S/D,S/D,S/D,Colisión,S/D,S/D,S/D,S/D,"-32.9483761, -60.6644345",['3 de Febrero'],1,3 de Febrero,-32.9483761,-60.6644345,55.0,538.0,Municipio Rosario,Municipio,Rosario,820210,Servicio de Catastro e Información Territorial,IGN
2017,11007,2017-01-22,Domingo,0.0,17:30:00,,0.0,2,"Peatón,Otros",Av. Genova ,2,0,1,0,0,0,1,,Avenida,,ROSARIO,Rosario,S/D,S/D,II,S/D,Urbana,S/D,S/D,S/D,S/D,S/D,S/D,S/D,S/D,Peatón,Atropello,S/D,S/D,S/D,S/D,"-32.9440455, -60.6432457",['Genova'],1,Genova,-32.9440455,-60.6432457,55.0,538.0,Municipio Rosario,Municipio,Rosario,820210,Servicio de Catastro e Información Territorial,IGN
2017,11012,2017-03-12,Domingo,0.0,13:00:00,,0.0,2,"Moto/Ciclomotor,Otros",Rep.del Libano ,2,0,1,0,0,0,1,,Calle,,ROSARIO,Rosario,S/D,S/D,II,S/D,Urbana,S/D,S/D,S/D,S/D,S/D,S/D,S/D,S/D,S/D,Colisión,S/D,S/D,S/D,S/D,"-32.9111285, -60.6891405",['República del Líbano'],1,República del Líbano,-32.9111285,-60.6891405,55.0,538.0,Municipio Rosario,Municipio,Rosario,820210,Servicio de Catastro e Información Territorial,IGN
2017,11013,2017-03-27,Lunes,0.0,12:00:00,,0.0,2,"Moto/Ciclomotor,Otros",Brasil ,2,0,1,0,0,0,1,,Calle,,ROSARIO,Rosario,S/D,S/D,II,S/D,Urbana,S/D,S/D,S/D,S/D,S/D,S/D,S/D,S/D,S/D,Colisión,S/D,S/D,S/D,S/D,"-32.9523674, -60.7190602",['Brasil'],1,Brasil,-32.9523674,-60.7190602,55.0,538.0,Municipio Rosario,Municipio,Rosario,820210,Servicio de Catastro e Información Territorial,IGN
2017,11018,2017-04-22,Sabado,0.0,16:00:00,,0.0,2,"Moto/Ciclomotor,Otros",Bv. 27 De Febrero ,2,0,1,0,0,0,1,,Avenida,,ROSARIO,Rosario,S/D,S/D,II,S/D,S/D,S/D,S/D,S/D,S/D,S/D,S/D,S/D,S/D,S/D,Colisión,S/D,S/D,S/D,S/D,"-32.9612285, -60.6788841",['27 de Febrero'],1,27 de Febrero,-32.9612285,-60.6788841,55.0,538.0,Municipio Rosario,Municipio,Rosario,820210,Servicio de Catastro e Información Territorial,IGN
2017,11033,2017-06-23,Viernes,0.0,4:15:00,,0.0,1,Otros,Av. Circunvalacion ,2,0,1,0,0,0,1,,Avenida,,ROSARIO,Rosario,S/D,S/D,II,S/D,Urbana,S/D,S/D,S/D,S/D,S/D,S/D,S/D,S/D,S/D,S/D,S/D,S/D,S/D,S/D,"-32.9954148, -60.6940772",['Circunvalacion'],1,Circunvalacion,-32.9954148,-60.6940772,55.0,538.0,Municipio Rosario,Municipio,Rosario,820210,Servicio de Catastro e Información Territorial,IGN
2017,11035,2017-06-26,Lunes,0.0,20:00:00,,0.0,2,"Moto/Ciclomotor,Otros",Bv. Avellaneda ,2,0,0,1,0,0,1,,Avenida,,ROSARIO,Rosario,S/D,S/D,II,S/D,Urbana,S/D,S/D,S/D,S/D,S/D,S/D,S/D,S/D,S/D,Colisión,S/D,S/D,S/D,S/D,"-32.9626088, -60.6850077",['Avellaneda'],1,Avellaneda,-32.9626088,-60.6850077,55.0,538.0,Municipio Rosario,Municipio,Rosario,820210,Servicio de Catastro e Información Territorial,IGN
2017,11038,2017-07-01,Sabado,0.0,5:00:00,,0.0,2,"Peatón,Otros",Constitucion ,2,0,1,0,0,0,1,,Calle,,ROSARIO,Rosario,S/D,S/D,II,S/D,Urbana,S/D,S/D,S/D,S/D,S/D,S/D,S/D,S/D,Peatón,Atropello,S/D,S/D,S/D,S/D,"-32.9377649, -60.6730946",['Constitución'],1,Constitución,-32.9377649,-60.6730946,55.0,538.0,Municipio Rosario,Municipio,Rosario,820210,Servicio de Catastro e Información Territorial,IGN
2017,11045,2017-07-31,Lunes,0.0,2:00:00,,0.0,2,"Moto/Ciclomotor,Otros",Bv. Segui ,2,0,1,0,0,0,1,,Avenida,,ROSARIO,Rosario,S/D,S/D,II,S/D,Urbana,S/D,S/D,S/D,S/D,S/D,S/D,S/D,S/D,S/D,Colisión,S/D,S/D,S/D,S/D,"-32.9705861, -60.692576",['Bulevar Juan Francisco Seguí'],1,Bulevar Juan Francisco Seguí,-32.9705861,-60.692576,55.0,538.0,Municipio Rosario,Municipio,Rosario,820210,Servicio de Catastro e Información Territorial,IGN
2017,11051,2017-09-19,Martes,0.0,11:50:00,,0.0,2,"Moto/Ciclomotor,Otros",Av. Provincias Unidas ,2,0,0,1,0,0,1,,Avenida,,ROSARIO,Rosario,S/D,S/D,II,S/D,Urbana,S/D,S/D,S/D,S/D,S/D,S/D,S/D,S/D,S/D,Colisión,S/D,S/D,S/D,S/D,"-32.9260446, -60.713277",['Avenida Provincias Unidas'],1,Avenida Provincias Unidas,-32.9260446,-60.713277,55.0,538.0,Municipio Rosario,Municipio,Rosario,820210,Servicio de Catastro e Información Territorial,IGN
2017,11052,2017-09-28,Jueves,0.0,10:30:00,,0.0,2,"Moto/Ciclomotor,Otros",Av. Provincias Unidas ,2,0,1,0,0,0,1,,Avenida,,ROSARIO,Rosario,S/D,S/D,II,S/D,Urbana,S/D,S/D,S/D,S/D,S/D,S/D,S/D,S/D,S/D,Colisión,S/D,S/D,S/D,S/D,"-32.9260446, -60.713277",['Avenida Provincias Unidas'],1,Avenida Provincias Unidas,-32.9260446,-60.713277,55.0,538.0,Municipio Rosario,Municipio,Rosario,820210,Servicio de Catastro e Información Territorial,IGN
2017,11054,2017-10-05,Jueves,0.0,0:15:00,,0.0,2,"Moto/Ciclomotor,Otros",Tarragona ,2,0,0,1,0,0,1,,Calle,,ROSARIO,Rosario,S/D,S/D,II,S/D,Urbana,S/D,S/D,S/D,S/D,S/D,S/D,S/D,S/D,S/D,Colisión,S/D,S/D,S/D,S/D,"-32.9077469, -60.7354672",['Tarragona'],1,Tarragona,-32.9077469,-60.7354672,55.0,538.0,Municipio Rosario,Municipio,Rosario,820210,Servicio de Catastro e Información Territorial,IGN