anio_acci,nro_acci,fecha,desc_dia,fecha_aprox,hora_aprox,desc_ruta,km,cant_participantes,desc_participante,calle_avenida_km,total,heridos_leves,heridos_graves,heridos_gravisimos,ilesos,fallecidos,sin_datos,posicion_XY,desc_tipo_via,desc_ruta_ori,desc_loc,desc_dpto,desc_tipo_calzada,desc_tipo_banquina,desc_unidad_regional,desc_lugar_calzada,desc_zona,desc_prioridad,desc_estado_semaforo,desc_lugar_via,desc_estado_via,desc_estado_visibilidad,desc_luminosidad,desc_estado_clima,desc_tipo_colision,desc_tipo_atropello,desc_tipo_hecho,desc_pres_calzada,desc_senializacion,desc_separacion_via,desc_restriccion,forma_geocod,calle_lista,numero_calles,calles_osm,lat,lon,index_right,gid,fna,gna,nam,in1,fdc,sag
2017,11061,2017-11-26,Domingo,0.0,1:30:00,,0.0,2,"Moto/Ciclomotor,Otros",Bv. 27 De Febrero ,2,0,1,0,0,0,1,,Avenida,,ROSARIO,Rosario,S/D,S/D,II,S/D,Urbana,S/D,S/D,S/D,S/D,S/D,S/D,S/D,S/D,S/D,Colisión,S/D,S/D,S/D,S/D,"-32.9612285, -60.6788841",['27 de Febrero'],1,27 de Febrero,-32.9612285,-60.6788841,55.0,538.0,Municipio Rosario,Municipio,Rosario,820210,Servicio de Catastro e Información Territorial,IGN
2017,11064,2017-12-02,Sabado,0.0,13:00:00,,0.0,2,"Moto/Ciclomotor,Otros",San Lorenzo ,2,0,1,0,0,0,1,,Calle,,ROSARIO,Rosario,S/D,S/D,II,S/D,Urbana,S/D,S/D,S/D,S/D,S/D,S/D,S/D,S/D,S/D,Colisión,S/D,S/D,S/D,S/D,"-32.9352824, -60.7386841",['San Lorenzo'],1,San Lorenzo,-32.9352824,-60.7386841,55.0,538.0,Municipio Rosario,Municipio,Rosario,820210,Servicio de Catastro e Información Territorial,IGN
2017,11068,2017-12-24,Domingo,0.0,0:10:00,,0.0,2,"Moto/Ciclomotor,Otros",Bv. Avellaneda ,2,0,1,0,0,0,1,,Calle,,ROSARIO,Rosario,S/D,S/D,II,S/D,Urbana,S/D,S/D,S/D,S/D,S/D,S/D,S/D,S/D,S/D,Colisión,S/D,S/D,S/D,S/D,"-32.9626088, -60.6850077",['Avellaneda'],1,Avellaneda,-32.9626088,-60.6850077,55.0,538.0,Municipio Rosario,Municipio,Rosario,820210,Servicio de Catastro e Información Territorial,IGN
2017,11075,2017-08-06,Domingo,0.0,17:30:00,,0.0,1,Moto/Ciclomotor,Rio De Janeiro Y San Juan,1,0,1,0,0,0,0,,Calle,,ROSARIO,Rosario,S/D,S/D,II,S/D,Urbana,S/D,S/D,S/D,S/D,S/D,S/D,S/D,S/D,S/D,S/D,S/D,S/D,S/D,S/D,POINT (-60.6814488 -32.942599),"['Río de Janeiro', 'San Juan']",2,Río de Janeiro; San Juan,-32.942599,-60.6814488,55.0,538.0,Municipio Rosario,Municipio,Rosario,820210,Servicio de Catastro e Información Territorial,IGN
2017,11078,2017-05-21,Domingo,0.0,20:30:00,,0.0,2,"Bicicleta,Otros",Esteban de Luca ,2,0,1,0,0,0,1,,Calle,,ROSARIO,Rosario,S/D,S/D,II,S/D,Urbana,S/D,S/D,S/D,S/D,S/D,S/D,S/D,S/D,Ciclista,Atropello,S/D,S/D,S/D,S/D,"-32.9946991, -60.641617",['Esteban de Luca'],1,Esteban de Luca,-32.9946991,-60.641617,55.0,538.0,Municipio Rosario,Municipio,Rosario,820210,Servicio de Catastro e Información Territorial,IGN
2017,11080,2017-03-30,Jueves,0.0,13:30:00,,0.0,2,"Moto/Ciclomotor,Otros",P.L.Funes ,2,0,1,0,0,0,1,,Calle,,ROSARIO,Rosario,S/D,S/D,II,S/D,Urbana,S/D,S/D,S/D,S/D,S/D,S/D,S/D,S/D,S/D,Colisión,S/D,S/D,S/D,S/D,"-32.9336568, -60.7014519",['Pedro Lino Funes'],1,Pedro Lino Funes,-32.9336568,-60.7014519,55.0,538.0,Municipio Rosario,Municipio,Rosario,820210,Servicio de Catastro e Información Territorial,IGN
2017,11084,2017-10-17,Martes,0.0,18:30:00,,0.0,2,"Moto/Ciclomotor,Otros",Lima ,2,0,1,0,0,0,1,,Calle,,ROSARIO,Rosario,S/D,S/D,II,S/D,Urbana,S/D,S/D,S/D,S/D,S/D,S/D,S/D,S/D,S/D,Colisión,S/D,S/D,S/D,S/D,"-32.9340568, -60.682142",['Lima'],1,Lima,-32.9340568,-60.682142,55.0,538.0,Municipio Rosario,Municipio,Rosario,820210,Servicio de Catastro e Información Territorial,IGN
2017,11085,2017-10-22,Domingo,0.0,8:00:00,,0.0,2,"Automóvil,Otros",Balcarce ,2,0,1,0,0,0,1,,Calle,,ROSARIO,Rosario,S/D,S/D,II,S/D,Urbana,S/D,S/D,S/D,S/D,S/D,S/D,S/D,S/D,S/D,Colisión,S/D,S/D,S/D,S/D,"-32.939321, -60.6507578",['Balcarce'],1,Balcarce,-32.939321,-60.6507578,55.0,538.0,Municipio Rosario,Municipio,Rosario,820210,Servicio de Catastro e Información Territorial,IGN
2014,694,2014-01-14,Martes,0.0,02:30:00,,0.0,2,"Taxi/Remis,Moto/Ciclomotor",Santa Fe Y Balcarce,4,3,0,0,1,0,0,"-32.942611111111,-60.651583333333",Calle,,ROSARIO,Rosario,Asfalto,S/D,II,Dentro,Urbana,Semáforo,Funciona,Intersección,Bueno,Buena,"Nocturna,Con luz artificial",Buen Tiempo,Lateral,S/D,Colisión,S/D,Vertical,S/D,Sin restricción,"-32.942611111111,-60.651583333333","['Santa Fe', 'Balcarce']",2,,-32.942611111111,-60.651583333333,55.0,538.0,Municipio Rosario,Municipio,Rosario,820210,Servicio de Catastro e Información Territorial,IGN
2014,928,2014-02-14,Viernes,0.0,13:00:00,,0.0,2,"Moto/Ciclomotor,Automóvil",Beruti Y Centeno,4,3,0,0,0,1,0,"-32.987866, -60.629612",Calle,,ROSARIO,Rosario,Asfalto,No existe,II,Dentro,Urbana,Marca Vial,No existe,Intersección,Bueno,Buena,Diurna,Buen Tiempo,Lateral,S/D,Colisión,Ninguna,Vertical,Línea divisoria pintada,Sin restricción,"-32.987866, -60.629612","['Luis Beruti', 'Centeno']",2,,-32.987866,-60.629612,55.0,538.0,Municipio Rosario,Municipio,Rosario,820210,Servicio de Catastro e Información Territorial,IGN
2014,4476,2014-01-26,Domingo,0.0,15:10:00,,0.0,2,"Moto/Ciclomotor,Automóvil",Herrera Y Zelaya,3,0,0,0,2,1,0,"-32.896222222222,-60.695694444444",Calle,,ROSARIO,Rosario,Asfalto,No existe,II,Dentro,Urbana,Ninguna,No existe,Recta,Bueno,Buena,Diurna,Buen Tiempo,S/D,S/D,Colisión,Ninguna,Faltante,Ninguna,Sin restricción,"-32.896222222222,-60.695694444444","['Herrera', 'Zelaya']",2,,-32.896222222222,-60.695694444444,55.0,538.0,Municipio Rosario,Municipio,Rosario,820210,Servicio de Catastro e Información Territorial,IGN
2014,4481,2014-01-01,Miercoles,0.0,,,0.0,2,"Moto/Ciclomotor,Moto/Ciclomotor",Tarragona Bis 1600,2,1,0,0,0,1,0,"-32.910166666667,-60.735361111111",Calle,,ROSARIO,Rosario,Asfalto,No existe,II,Dentro,Urbana,S/D,No existe,Recta,S/D,Reducida,S/D,S/D,S/D,S/D,Colisión,S/D,S/D,S/D,S/D,"-32.910166666667,-60.735361111111",['Tarragona Bis 1600'],1,,-32.910166666667,-60.735361111111,55.0,538.0,Municipio Rosario,Municipio,Rosario,820210,Servicio de Catastro e Información Territorial,IGN
2014,5094,2014-01-20,Lunes,0.0,20:40:00,,0.0,1,Moto/Ciclomotor,Palliere Y Av. Circunvalacion,1,0,0,0,0,1,0,"-32.8875,-60.715472222222",Avenida,,ROSARIO,Rosario,Asfalto,No existe,II,Dentro,Urbana,Ninguna,No existe,Recta,Bueno,Buena,Atardecer,Buen Tiempo,Contra objeto fijo,S/D,Colisión,Ninguna,Faltante,Guardarrail,Sin restricción,"-32.8875,-60.715472222222","['Palliere', 'Circunvalacion']",2,,-32.8875,-60.715472222222,55.0,538.0,Municipio Rosario,Municipio,Rosario,820210,Servicio de Catastro e Información Territorial,IGN
2014,7005,2014-01-16,Jueves,0.0,17:15:00,,0.0,2,"Moto/Ciclomotor,Pickup/Utilitario",Virasoro Y Sarmiento,3,0,2,0,1,0,0,"-32.969888888889,-60.644083333333",Calle,,ROSARIO,Rosario,S/D,S/D,II,Dentro,Urbana,S/D,S/D,Intersección,S/D,S/D,Atardecer,S/D,Lateral,S/D,Colisión,S/D,S/D,S/D,S/D,"-32.969888888889,-60.644083333333","['Virasoro', 'Sarmiento']",2,,-32.969888888889,-60.644083333333,55.0,538.0,Municipio Rosario,Municipio,Rosario,820210,Servicio de Catastro e Información Territorial,IGN
2014,7298,2014-02-22,Sabado,0.0,14:15:00,,0.0,1,Automóvil,Av. Pellegrini Y Peru,3,0,0,0,1,2,0,"-32.948611111111,-60.711055555556",Avenida,,ROSARIO,Rosario,Asfalto,No existe,II,Dentro,Urbana,Ninguna,No existe,Intersección,Bueno,Buena,Diurna,Buen Tiempo,Frontal,S/D,Colisión,S/D,Horizontal,Ninguna,Sin restricción,"-32.948611111111,-60.711055555556","['Pellegrini', 'Peru']",2,,-32.948611111111,-60.711055555556,55.0,538.0,Municipio Rosario,Municipio,Rosario,820210,Servicio de Catastro e Información Territorial,IGN
2014,7305,2014-02-01,Sabado,0.0,19:00:00,,0.0,2,"Otros,Peatón",Av. Francia 3700,2,0,0,0,0,1,1,"-32.975232, -60.674102",Calle,,ROSARIO,Rosario,Asfalto,No existe,II,Dentro,Urbana,Ninguna,No existe,Recta,Bueno,Buena,Atardecer,Buen Tiempo,S/D,S/D,Atropello,Ninguna,Faltante,Ninguna,Sin restricción,"-32.975232, -60.674102",['Francia 3700'],1,,-32.975232,-60.674102,55.0,538.0,Municipio Rosario,Municipio,Rosario,820210,Servicio de Catastro e Información Territorial,IGN
2014,7316,2014-02-27,Jueves,0.0,01:30:00,,0.0,2,"Automóvil,Moto/Ciclomotor",Dorrego Y Uruguay,2,0,0,0,1,1,0,"-32.974777777778,-60.656861111111",Calle,,ROSARIO,Rosario,Asfalto,No existe,II,Dentro,Urbana,Ninguna,No existe,Intersección,Bueno,Buena,Nocturna,Buen Tiempo,Lateral,S/D,Colisión,Ninguna,Faltante,Ninguna,Sin restricción,"-32.974777777778,-60.656861111111","['Dorrego', 'Uruguay']",2,,-32.974777777778,-60.656861111111,55.0,538.0,Municipio Rosario,Municipio,Rosario,820210,Servicio de Catastro e Información Territorial,IGN
2014,7321,2014-03-11,Martes,0.0,19:15:00,,0.0,2,"Moto/Ciclomotor,Pickup/Utilitario",Av. Arijon Y Pje. Turin,3,1,0,0,1,1,0,"-33.003388888889,-60.661277777778",Avenida,,ROSARIO,Rosario,Asfalto,No existe,II,Dentro,Urbana,Ninguna,No existe,Intersección,Bueno,Buena,Atardecer,Buen Tiempo,Lateral,S/D,Colisión,S/D,Faltante,Línea divisoria pintada,Sin restricción,"-33.003388888889,-60.661277777778","['Avenida Manuel Arijón', 'Turín']",2,,-33.003388888889,-60.661277777778,55.0,538.0,Municipio Rosario,Municipio,Rosario,820210,Servicio de Catastro e Información Territorial,IGN
2014,7338,2014-03-29,Sabado,0.0,16:25:00,,0.0,2,"Peatón,Moto/Ciclomotor",Santa Fe ,2,0,1,0,0,1,0,"-32.935746, -60.712717",Calle,,ROSARIO,Rosario,Asfalto,No existe,II,Dentro,Urbana,Ninguna,No existe,Recta,Bueno,Buena,Nocturna,Buen Tiempo,S/D,S/D,Atropello,S/D,Faltante,Línea divisoria pintada,Sin restricción,"-32.935746, -60.712717",['Santa Fe'],1,,-32.935746,-60.712717,55.0,538.0,Municipio Rosario,Municipio,Rosario,820210,Servicio de Catastro e Información Territorial,IGN
2014,7383,2014-03-16,Domingo,0.0,01:55:00,,0.0,2,"Automóvil,Automóvil",L.del Desierto Y Grandoli,4,3,0,0,0,1,0,"-32.982431, -60.680037",Calle,,ROSARIO,Rosario,Asfalto,S/D,II,Dentro,Urbana,S/D,S/D,Intersección,S/D,S/D,Nocturna,S/D,S/D,S/D,Colisión,S/D,S/D,S/D,S/D,"-32.982431, -60.680037","['Lago del Desierto', 'Avenida Abanderado Grandoli']",2,,-32.982431,-60.680037,55.0,538.0,Municipio Rosario,Municipio,Rosario,820210,Servicio de Catastro e Información Territorial,IGN
2014,7385,2014-04-26,Sabado,0.0,20:40:00,,0.0,2,"Moto/Ciclomotor,Camión",Pacheco 400,4,0,0,0,2,2,0,"-32.910138888889,-60.692444444444",S/D,,ROSARIO,Rosario,Asfalto,No existe,II,S/D,S/D,Otra Señal,No existe,Recta,Bueno,Buena,Nocturna,Buen Tiempo,Contra objeto fijo,S/D,Colisión,Ninguna,Horizontal,Ninguna,Sin restricción,"-32.910138888889,-60.692444444444",['Pacheco 400'],1,,-32.910138888889,-60.692444444444,55.0,538.0,Municipio Rosario,Municipio,Rosario,820210,Servicio de Catastro e Información Territorial,IGN
2014,7391,2014-04-23,Miercoles,0.0,13:40:00,,0.0,2,"Moto/Ciclomotor,Camión",Bv. Avellaneda Y Biedma,2,0,0,0,1,1,0,"-32.974055555556,-60.687944444444",Avenida,,ROSARIO,Rosario,Asfalto,No existe,II,S/D,Urbana,Ninguna,No existe,Intersección,Deteriorada,Buena,Diurna,Buen Tiempo,S/D,S/D,Colisión,Ninguna,Faltante,Cordón divisorio,Sin restricción,"-32.974055555556,-60.687944444444","['Avellaneda', 'Coronel Biedma']",2,,-32.974055555556,-60.687944444444,55.0,538.0,Municipio Rosario,Municipio,Rosario,820210,Servicio de Catastro e Información Territorial,IGN
2014,7395,2014-04-19,Sabado,0.0,05:00:00,,0.0,1,Moto/Ciclomotor,Mendoza 7500,3,2,0,0,0,1,0,"-32.940472222222,-60.723305555556",Avenida,,ROSARIO,Rosario,S/D,S/D,II,Dentro,Urbana,S/D,S/D,S/D,S/D,S/D,S/D,S/D,S/D,S/D,S/D,S/D,S/D,"Cordón divisorio,S/D",S/D,"-32.940472222222,-60.723305555556",['Mendoza 7500'],1,,-32.940472222222,-60.723305555556,55.0,538.0,Municipio Rosario,Municipio,Rosario,820210,Servicio de Catastro e Información Territorial,IGN
2014,7396,2014-03-21,Viernes,0.0,05:00:00,,0.0,1,Automóvil,Av. Pte.Peron Y Bv. 27 De Febrero,3,0,2,0,0,1,0,"-32.95875,-60.69325",Avenida,,ROSARIO,Rosario,Asfalto,S/D,II,Dentro,Urbana,S/D,S/D,Intersección,Bueno,S/D,"Nocturna,Con luz artificial",S/D,Contra objeto fijo,S/D,Colisión,S/D,S/D,Cordón divisorio,S/D,"-32.95875,-60.69325","['Avenida Presidente Perón', '27 de Febrero']",2,,-32.95875,-60.69325,55.0,538.0,Municipio Rosario,Municipio,Rosario,820210,Servicio de Catastro e Información Territorial,IGN
2014,7398,2014-04-17,Jueves,0.0,23:40:00,,0.0,2,"Bicicleta,Transporte de Pasajeros Urbano (> 8 asientos)",Av. Ovidio Lagos Y Centeno,2,0,0,0,1,1,0,"-32.978416666667,-60.67025",Avenida,,ROSARIO,Rosario,Asfalto,No existe,II,Dentro,Urbana,Ninguna,No existe,Recta,Bueno,Buena,Nocturna,Buen Tiempo,S/D,S/D,Atropello,Ninguna,Faltante,Cordón divisorio,Sin restricción,"-32.978416666667,-60.67025","['Avenida Ovidio Lagos', 'Centeno']",2,,-32.978416666667,-60.67025,55.0,538.0,Municipio Rosario,Municipio,Rosario,820210,Servicio de Catastro e Información Territorial,IGN
2014,7401,2014-05-30,Viernes,0.0,05:15:00,,0.0,2,"Automóvil,Camión",Av. Ovidio Lagos 5200,3,0,0,0,1,2,0,"-32.998611111111,-60.675083333333",Avenida,,ROSARIO,Rosario,Asfalto,No existe,II,S/D,Urbana,Ninguna,No existe,Recta,Bueno,Buena,Amanecer,Buen Tiempo,Otro,S/D,Colisión,Ninguna,Faltante,Ninguna,Sin restricción,"-32.998611111111,-60.675083333333",['Ovidio Lagos 5200'],1,,-32.998611111111,-60.675083333333,55.0,538.0,Municipio Rosario,Municipio,Rosario,820210,Servicio de Catastro e Información Territorial,IGN
2014,7414,2014-05-17,Sabado,0.0,11:15:00,,0.0,3,"Moto/Ciclomotor,Automóvil,Automóvil",Av. Circunvalacion 2100,3,0,0,0,1,2,0,"-33.012055555556,-60.663055555556",S/D,,ROSARIO,Rosario,Asfalto,S/D,II,S/D,Urbana,S/D,S/D,Intersección,Bueno,S/D,Diurna,S/D,S/D,S/D,S/D,S/D,S/D,Línea divisoria pintada,S/D,"-33.012055555556,-60.663055555556",['Circunvalacion 2100'],1,,-33.012055555556,-60.663055555556,55.0,538.0,Municipio Rosario,Municipio,Rosario,820210,Servicio de Catastro e Información Territorial,IGN
2014,7428,2014-04-03,Jueves,0.0,21:00:00,,0.0,2,"Automóvil,Bicicleta",Av. Circunvalacion Y Bv. Oroño,2,0,0,0,1,1,0,"-33.011425, -60.664656",Avenida,,ROSARIO,Rosario,S/D,S/D,II,S/D,Urbana,S/D,S/D,Intersección,S/D,S/D,Nocturna,S/D,S/D,S/D,Atropello,S/D,S/D,S/D,S/D,"-33.011425, -60.664656","['Circunvalacion', 'Bulevar Nicasio Oroño']",2,,-33.011425,-60.664656,55.0,538.0,Municipio Rosario,Municipio,Rosario,820210,Servicio de Catastro e Información Territorial,IGN
2014,7447,2014-08-31,Domingo,0.0,08:15:00,,0.0,1,Moto/Ciclomotor,Av. Ntra.Sra.del Rosario Y Lituania,2,0,1,0,0,1,0,"-32.998117, -60.620322",Avenida,,ROSARIO,Rosario,Asfalto,No existe,II,Fuera,Urbana,Ninguna,No existe,Rotonda,Bueno,Buena,Diurna,S/D,Contra objeto fijo,S/D,Colisión,S/D,S/D,"Cordón divisorio,Vegetación",Sin restricción,"-32.998117, -60.620322","['Nuestra Señora del Rosario', 'Lituania']",2,,-32.998117,-60.620322,55.0,538.0,Municipio Rosario,Municipio,Rosario,820210,Servicio de Catastro e Información Territorial,IGN
2014,7453,2014-04-14,Lunes,0.0,,,0.0,1,Transporte de Pasajeros Urbano (> 8 asientos), ,3,0,0,0,2,1,0,"-32.979335, -60.644031",Calle,,ROSARIO,Rosario,Asfalto,No existe,II,S/D,Urbana,S/D,S/D,S/D,S/D,S/D,S/D,S/D,S/D,S/D,Caída ocupante,S/D,S/D,S/D,S/D,"-32.979335, -60.644031",[''],0,,-32.979335,-60.644031,55.0,538.0,Municipio Rosario,Municipio,Rosario,820210,Servicio de Catastro e Información Territorial,IGN
2014,7466,2014-09-13,Sabado,0.0,15:00:00,,0.0,1,Automóvil,AV. CIRC ASC A METROS ANTES DE LA AUT ROS COR ,1,0,0,0,0,1,0,"-32.948417,-60.723152",Avenida,,ROSARIO,Rosario,Asfalto,No existe,II,Fuera,Urbana,Ninguna,No existe,Distribuidor,Bueno,Buena,Diurna,Lluvia,S/D,S/D,"Vuelco,Despiste",Ninguna,"Horizontal,Vertical",Ninguna,Sin restricción,"-32.948417,-60.723152",['Circ Asc A Metros Antes De La Aut Ros Cor'],1,,-32.948417,-60.723152,55.0,538.0,Municipio Rosario,Municipio,Rosario,820210,Servicio de Catastro e Información Territorial,IGN
2014,7468,2014-01-22,Miercoles,0.0,20:30:00,,0.0,2,"Moto/Ciclomotor,Camión",Bv. Oroño Y Olegario V.Andrade,2,0,0,0,1,1,0,"-32.996244, -60.665521",Avenida,,ROSARIO,Rosario,Asfalto,No existe,II,Dentro,Urbana,S/D,S/D,Intersección,Bueno,Buena,"Nocturna,Con luz artificial",Buen Tiempo,S/D,S/D,Colisión,S/D,S/D,"Cordón divisorio,Vegetación,S/D",S/D,"-32.996244, -60.665521","['Bulevar Nicasio Oroño', 'Olegario V Andrade']",2,,-32.996244,-60.665521,55.0,538.0,Municipio Rosario,Municipio,Rosario,820210,Servicio de Catastro e Información Territorial,IGN
2014,7474,2014-05-24,Sabado,0.0,15:00:00,,0.0,1,Moto/Ciclomotor,Av. Provincias Unidas Bis Y Junin,1,0,0,0,0,1,0,"-32.927583333333,-60.713138888889",Avenida,,ROSARIO,Rosario,Asfalto,Pavimento,II,Dentro,Urbana,Semáforo,Funciona,Intersección,Bueno,Buena,Diurna,Buen Tiempo,Otro,S/D,Colisión,Ninguna,Faltante,Ninguna,Sin restricción,"-32.927583333333,-60.713138888889","['Avenida Provincias Unidas', 'Junín']",2,,-32.927583333333,-60.713138888889,55.0,538.0,Municipio Rosario,Municipio,Rosario,820210,Servicio de Catastro e Información Territorial,IGN
2014,7483,2014-05-12,Lunes,0.0,11:00:00,,0.0,2,"Moto/Ciclomotor,Automóvil",Av. Provincias Unidas Bis Y Av. Sorrento,2,0,0,0,1,1,0,"-32.907833333333,-60.714027777778",Avenida,,ROSARIO,Rosario,Asfalto,No existe,II,S/D,Urbana,Señal Ceda el Paso,No existe,Rotonda,Bueno,Buena,Diurna,Buen Tiempo,Frontal,S/D,Colisión,S/D,Vertical,S/D,Sin restricción,"-32.907833333333,-60.714027777778","['Avenida Provincias Unidas', 'Sorrento']",2,,-32.907833333333,-60.714027777778,55.0,538.0,Municipio Rosario,Municipio,Rosario,820210,Servicio de Catastro e Información Territorial,IGN
2014,7485,2014-05-02,Viernes,0.0,00:30:00,,0.0,2,"Moto/Ciclomotor,Automóvil",Catamarca Y Alvear,2,0,0,0,1,1,0,"-32.937638888889,-60.653194444444",Calle,,ROSARIO,Rosario,Asfalto,No existe,II,Dentro,Urbana,Ninguna,No existe,Intersección,Bueno,Buena,"Nocturna,Con luz artificial",Buen Tiempo,Lateral,S/D,Colisión,S/D,Faltante,Ninguna,Sin restricción,"-32.937638888889,-60.653194444444","['Catamarca', 'Alvear']",2,,-32.937638888889,-60.653194444444,55.0,538.0,Municipio Rosario,Municipio,Rosario,820210,Servicio de Catastro e Información Territorial,IGN
2014,7494,2014-09-27,Sabado,0.0,01:30:00,,0.0,2,"Peatón,Otros",Liniers y las vías ,2,0,0,0,0,1,1,"-32.933055555556,-60.698916666667",Calle,,ROSARIO,Rosario,S/D,No existe,II,Dentro,Urbana,Ninguna,No existe,Paso a Nivel FFCC,S/D,Reducida,Nocturna,S/D,Frontal,S/D,Atropello,S/D,Faltante,Ninguna,Sin restricción,"-32.933055555556,-60.698916666667","['Liniers', 'Las Vías']",2,,-32.933055555556,-60.698916666667,55.0,538.0,Municipio Rosario,Municipio,Rosario,820210,Servicio de Catastro e Información Territorial,IGN
2014,7507,2014-05-29,Jueves,0.0,02:30:00,,0.0,1,Automóvil,San Martin Y 24 De Setiembre,1,0,0,0,0,1,0,"-32.980555555556,-60.644666666667",Avenida,,ROSARIO,Rosario,S/D,S/D,II,Dentro,Urbana,S/D,No existe,Recta,S/D,S/D,Nocturna,S/D,Contra objeto fijo,S/D,Colisión,S/D,S/D,S/D,S/D,"-32.980555555556,-60.644666666667","['San Martin', '24 de Septiembre']",2,,-32.980555555556,-60.644666666667,55.0,538.0,Municipio Rosario,Municipio,Rosario,820210,Servicio de Catastro e Información Territorial,IGN
2014,7510,2014-01-18,Sabado,0.0,03:30:00,,0.0,2,"Automóvil,Moto/Ciclomotor",Av. Arijon 1850,4,2,0,0,1,1,0,"-33.003333333333,-60.659805555556",Avenida,,ROSARIO,Rosario,S/D,S/D,II,Dentro,Urbana,S/D,S/D,Recta,S/D,S/D,Nocturna,S/D,S/D,S/D,Colisión,S/D,S/D,S/D,S/D,"-33.003333333333,-60.659805555556",['Arijon 1850'],1,,-33.003333333333,-60.659805555556,55.0,538.0,Municipio Rosario,Municipio,Rosario,820210,Servicio de Catastro e Información Territorial,IGN
2014,7511,2014-01-03,Viernes,0.0,,,0.0,2,"Otros,Otros",Jurisd. de la SC 22&#170; ,2,0,0,0,0,1,1,"-32.963637, -60.713382",S/D,,ROSARIO,Rosario,S/D,S/D,II,S/D,Urbana,S/D,S/D,S/D,S/D,S/D,S/D,S/D,S/D,S/D,S/D,S/D,S/D,S/D,S/D,"-32.963637, -60.713382",['Jurisd De La Sc 22&#170;'],1,,-32.963637,-60.713382,55.0,538.0,Municipio Rosario,Municipio,Rosario,820210,Servicio de Catastro e Información Territorial,IGN
2014,7517,2014-01-19,Domingo,0.0,,,0.0,1,Moto/Ciclomotor,Jurisd. de C5&#170; ,1,0,0,0,0,1,0,"-32.961189, -60.648494",S/D,,ROSARIO,Rosario,S/D,S/D,II,S/D,Urbana,S/D,S/D,S/D,S/D,S/D,S/D,S/D,S/D,S/D,S/D,S/D,S/D,S/D,S/D,"-32.961189, -60.648494",['Jurisd De C5&#170;'],1,,-32.961189,-60.648494,55.0,538.0,Municipio Rosario,Municipio,Rosario,820210,Servicio de Catastro e Información Territorial,IGN
2014,7535,2014-06-21,Sabado,0.0,00:15:00,,0.0,2,"Moto/Ciclomotor,Bicicleta",Calle 1707 Y Pje. 1750,4,3,0,0,0,1,0,"-32.952555555556,-60.7235",Calle,,ROSARIO,Rosario,Asfalto,No existe,II,S/D,Urbana,Ninguna,No existe,Intersección,Bueno,Buena,Nocturna,Buen Tiempo,S/D,S/D,Atropello,Ninguna,Faltante,S/D,Sin restricción,"-32.952555555556,-60.7235","['Martín Fierro', 'Ana María Zeno']",2,,-32.952555555556,-60.7235,55.0,538.0,Municipio Rosario,Municipio,Rosario,820210,Servicio de Catastro e Información Territorial,IGN
2014,7541,2014-06-05,Jueves,0.0,18:31:00,,0.0,4,"Automóvil,Peatón,Peatón,Moto/Ciclomotor",Salta Y Av. Ovidio Lagos,4,3,0,0,0,1,0,"-32.93525,-60.659694444444",Calle,,ROSARIO,Rosario,Asfalto,No existe,II,S/D,Urbana,Semáforo,Funciona,Recta,Bueno,Buena,Nocturna,Buen Tiempo,S/D,S/D,"Colisión,Atropello",Otro,Vertical,Ninguna,Sin restricción,"-32.93525,-60.659694444444","['Salta', 'Avenida Ovidio Lagos']",2,,-32.93525,-60.659694444444,55.0,538.0,Municipio Rosario,Municipio,Rosario,820210,Servicio de Catastro e Información Territorial,IGN
2014,7554,2014-06-19,Jueves,0.0,,,0.0,2,"Moto/Ciclomotor,Automóvil",Solis Y Tucuman,3,0,1,0,1,1,0,"-32.932305555556,-60.703777777778",Calle,,ROSARIO,Rosario,Asfalto,No existe,II,S/D,Urbana,S/D,S/D,S/D,S/D,S/D,Diurna,S/D,S/D,S/D,Colisión,S/D,S/D,S/D,S/D,"-32.932305555556,-60.703777777778","['Solis', 'Tucumán']",2,,-32.932305555556,-60.703777777778,55.0,538.0,Municipio Rosario,Municipio,Rosario,820210,Servicio de Catastro e Información Territorial,IGN
2014,7567,2014-09-27,Sabado,0.0,12:10:00,,0.0,2,"Pickup/Utilitario,Pickup/Utilitario",Entre Rios Y Ayolas,5,0,1,0,3,1,0,"-32.976221, -60.648537",Calle,,ROSARIO,Rosario,Asfalto,No existe,II,Dentro,Urbana,Semáforo,S/D,Intersección,Bueno,Buena,Diurna,S/D,Lateral,S/D,Colisión,S/D,S/D,Ninguna,S/D,"-32.976221, -60.648537","['Entre Ríos', 'Ayolas']",2,,-32.976221,-60.648537,55.0,538.0,Municipio Rosario,Municipio,Rosario,820210,Servicio de Catastro e Información Territorial,IGN
2014,7574,2014-07-17,Jueves,0.0,15:45:00,,0.0,2,"Pickup/Utilitario,Transporte de Pasajeros Urbano (> 8 asientos)",Washington Y Warnes,5,3,0,0,1,1,0,"-32.901527777778,-60.691833333333",Calle,,ROSARIO,Rosario,Asfalto,No existe,II,Dentro,Urbana,Señal Pare,No existe,Intersección,Bueno,Buena,Diurna,Buen Tiempo,Lateral,S/D,Colisión,S/D,Vertical,Ninguna,Sin restricción,"-32.901527777778,-60.691833333333","['Washington', 'Warnes']",2,,-32.901527777778,-60.691833333333,55.0,538.0,Municipio Rosario,Municipio,Rosario,820210,Servicio de Catastro e Información Territorial,IGN