anio_acci,nro_acci,fecha,desc_dia,fecha_aprox,hora_aprox,desc_ruta,km,cant_participantes,desc_participante,calle_avenida_km,total,heridos_leves,heridos_graves,heridos_gravisimos,ilesos,fallecidos,sin_datos,posicion_XY,desc_tipo_via,desc_ruta_ori,desc_loc,desc_dpto,desc_tipo_calzada,desc_tipo_banquina,desc_unidad_regional,desc_lugar_calzada,desc_zona,desc_prioridad,desc_estado_semaforo,desc_lugar_via,desc_estado_via,desc_estado_visibilidad,desc_luminosidad,desc_estado_clima,desc_tipo_colision,desc_tipo_atropello,desc_tipo_hecho,desc_pres_calzada,desc_senializacion,desc_separacion_via,desc_restriccion,forma_geocod,calle_lista,numero_calles,calles_osm,lat,lon,index_right,gid,fna,gna,nam,in1,fdc,sag
2014,7577,2014-07-05,Sabado,0.0,04:00:00,,0.0,2,"Bicicleta,Automóvil",Av. Sorrento Y Cullen Bis,2,0,0,0,1,1,0,"-32.907722222222,-60.7105",Avenida,,ROSARIO,Rosario,Asfalto,No existe,II,S/D,Urbana,Ninguna,No existe,Recta,Bueno,S/D,Con luz artificial,S/D,S/D,S/D,Atropello,S/D,Faltante,Línea divisoria pintada,Sin restricción,"-32.907722222222,-60.7105","['Sorrento', 'Cullen']",2,,-32.907722222222,-60.7105,55.0,538.0,Municipio Rosario,Municipio,Rosario,820210,Servicio de Catastro e Información Territorial,IGN
2014,7597,2014-09-03,Miercoles,0.0,08:00:00,,0.0,2,"Bicicleta,Automóvil",Av. Pellegrini 8700,3,2,0,0,1,0,0,"-32.948801, -60.719348",Avenida,,ROSARIO,Rosario,Asfalto,No existe,II,Dentro,Urbana,S/D,S/D,Distribuidor,Bueno,Buena,Diurna,Buen Tiempo,S/D,S/D,Atropello,S/D,"Horizontal,Vertical",Barrera de alto impacto,Sin restricción,"-32.948801, -60.719348",['Pellegrini 8700'],1,,-32.948801,-60.719348,55.0,538.0,Municipio Rosario,Municipio,Rosario,820210,Servicio de Catastro e Información Territorial,IGN
2014,7741,2014-07-18,Viernes,0.0,12:30:00,,0.0,2,"Bicicleta,Vehículo Oficial",San Martin Y Ayolas,2,0,0,0,1,1,0,"-32.977027777778,-60.644388888889",Avenida,,ROSARIO,Rosario,Asfalto,No existe,II,Dentro,Urbana,S/D,S/D,Intersección,S/D,S/D,Diurna,S/D,S/D,S/D,Atropello,S/D,S/D,S/D,S/D,"-32.977027777778,-60.644388888889","['San Martin', 'Ayolas']",2,,-32.977027777778,-60.644388888889,55.0,538.0,Municipio Rosario,Municipio,Rosario,820210,Servicio de Catastro e Información Territorial,IGN
2014,7765,2014-01-24,Viernes,0.0,01:00:00,,0.0,2,"Moto/Ciclomotor,Moto/Ciclomotor",Abanderado Grandoli Y Pte.Quintana,3,0,3,0,0,0,0,"-32.985720, -60.628118",Calle,,ROSARIO,Rosario,Hormigón,No existe,II,Dentro,Urbana,S/D,No existe,Intersección,Bueno,Reducida,"Nocturna,Con luz artificial",Buen Tiempo,Lateral,S/D,Colisión,S/D,S/D,Ninguna,Sin restricción,"-32.985720, -60.628118","['Avenida Abanderado Grandoli', 'Quintana']",2,,-32.98572,-60.628118,55.0,538.0,Municipio Rosario,Municipio,Rosario,820210,Servicio de Catastro e Información Territorial,IGN
2014,7798,2014-02-20,Jueves,0.0,,,0.0,1,Automóvil, ,2,0,0,0,0,1,1,"-32.948801, -60.647550",S/D,,ROSARIO,Rosario,S/D,S/D,II,S/D,Urbana,S/D,S/D,S/D,S/D,S/D,S/D,S/D,S/D,S/D,S/D,S/D,S/D,S/D,S/D,"-32.948801, -60.647550",[''],0,,-32.948801,-60.64755,55.0,538.0,Municipio Rosario,Municipio,Rosario,820210,Servicio de Catastro e Información Territorial,IGN
2014,7799,2014-02-21,Viernes,0.0,,,0.0,2,"Automóvil,Tren", ,3,0,0,0,0,1,2,"-32.987830, -60.664652",S/D,,ROSARIO,Rosario,Asfalto,S/D,II,Dentro,Urbana,S/D,No existe,Paso a Nivel FFCC,S/D,S/D,S/D,S/D,Lateral,S/D,Colisión,S/D,S/D,Ninguna,S/D,"-32.987830, -60.664652",[''],0,,-32.98783,-60.664652,55.0,538.0,Municipio Rosario,Municipio,Rosario,820210,Servicio de Catastro e Información Territorial,IGN
2014,7800,2014-02-22,Sabado,0.0,,,0.0,1,Automóvil, ,1,0,0,0,0,1,0,"-32.995605, -60.655554",S/D,,ROSARIO,Rosario,S/D,S/D,II,Dentro,Urbana,S/D,S/D,S/D,S/D,S/D,S/D,S/D,S/D,S/D,S/D,S/D,S/D,S/D,S/D,"-32.995605, -60.655554",[''],0,,-32.995605,-60.655554,55.0,538.0,Municipio Rosario,Municipio,Rosario,820210,Servicio de Catastro e Información Territorial,IGN
2014,7853,2014-08-23,Sabado,0.0,09:10:00,,0.0,2,"Peatón,Tren",Urquiza Y Ferrocarril Mitre,2,0,0,0,1,1,0,"-32.932861111111,-60.693055555556",Calle,,ROSARIO,Rosario,S/D,S/D,II,S/D,Urbana,S/D,S/D,S/D,S/D,S/D,Diurna,S/D,S/D,S/D,Atropello,S/D,S/D,S/D,S/D,"-32.932861111111,-60.693055555556","['Urquiza', 'Ferrocarril Mitre']",2,,-32.932861111111,-60.693055555556,55.0,538.0,Municipio Rosario,Municipio,Rosario,820210,Servicio de Catastro e Información Territorial,IGN
2014,8009,2014-03-10,Lunes,0.0,,,0.0,1,Moto/Ciclomotor, ,1,0,0,0,0,1,0,"-32.964645, -60.634075",S/D,,ROSARIO,Rosario,S/D,S/D,II,S/D,Urbana,S/D,S/D,S/D,S/D,S/D,S/D,S/D,S/D,S/D,S/D,S/D,S/D,S/D,S/D,"-32.964645, -60.634075",[''],0,,-32.964645,-60.634075,55.0,538.0,Municipio Rosario,Municipio,Rosario,820210,Servicio de Catastro e Información Territorial,IGN
2014,8018,2014-03-13,Jueves,0.0,,,0.0,1,Otros, ,1,0,0,0,0,1,0,"-32.948801, -60.678020",S/D,,ROSARIO,Rosario,S/D,S/D,II,S/D,Urbana,S/D,S/D,S/D,S/D,S/D,S/D,S/D,S/D,S/D,S/D,S/D,S/D,S/D,S/D,"-32.948801, -60.678020",[''],0,,-32.948801,-60.67802,55.0,538.0,Municipio Rosario,Municipio,Rosario,820210,Servicio de Catastro e Información Territorial,IGN
2014,8039,2014-03-15,Sabado,0.0,,,0.0,1,Otros,Camilo Aldao Y Gaboto,1,0,0,0,0,1,0,"-32.964666666667,-60.695055555556",Calle,,ROSARIO,Rosario,Asfalto,No existe,II,S/D,Urbana,Ninguna,No existe,Intersección,S/D,S/D,S/D,S/D,S/D,S/D,S/D,S/D,S/D,Ninguna,S/D,"-32.964666666667,-60.695055555556","['Camilo Aldao', 'Gaboto']",2,,-32.964666666667,-60.695055555556,55.0,538.0,Municipio Rosario,Municipio,Rosario,820210,Servicio de Catastro e Información Territorial,IGN
2014,8052,2014-03-18,Martes,0.0,,,0.0,1,Otros, ,1,0,0,0,0,1,0,"-32.953987, -60.674244",S/D,,ROSARIO,Rosario,S/D,S/D,II,S/D,Urbana,S/D,S/D,S/D,S/D,S/D,S/D,S/D,S/D,S/D,S/D,S/D,S/D,S/D,S/D,"-32.953987, -60.674244",[''],0,,-32.953987,-60.674244,55.0,538.0,Municipio Rosario,Municipio,Rosario,820210,Servicio de Catastro e Información Territorial,IGN
2014,8054,2014-03-20,Jueves,0.0,,,0.0,2,"Peatón,Automóvil", ,2,0,0,0,0,1,1,"-33.013833333333,-60.654666666667",S/D,,ROSARIO,Rosario,S/D,S/D,II,S/D,Urbana,S/D,S/D,S/D,S/D,S/D,S/D,S/D,S/D,S/D,Atropello,S/D,S/D,S/D,S/D,"-33.013833333333,-60.654666666667",[''],0,,-33.013833333333,-60.654666666667,55.0,538.0,Municipio Rosario,Municipio,Rosario,820210,Servicio de Catastro e Información Territorial,IGN
2014,8057,2014-03-20,Jueves,0.0,,,0.0,1,Otros, ,1,0,0,0,0,1,0,"-32.968102, -60.658107",S/D,,ROSARIO,Rosario,S/D,S/D,II,S/D,Urbana,S/D,S/D,S/D,S/D,S/D,S/D,S/D,S/D,S/D,S/D,S/D,S/D,S/D,S/D,"-32.968102, -60.658107",[''],0,,-32.968102,-60.658107,55.0,538.0,Municipio Rosario,Municipio,Rosario,820210,Servicio de Catastro e Información Territorial,IGN
2014,8089,2014-04-21,Lunes,0.0,,,0.0,1,Moto/Ciclomotor, ,1,0,0,0,0,1,0,"-32.892892, -60.701366",S/D,,ROSARIO,Rosario,S/D,S/D,II,S/D,Urbana,S/D,S/D,S/D,S/D,S/D,S/D,S/D,S/D,S/D,S/D,S/D,S/D,S/D,S/D,"-32.892892, -60.701366",[''],0,,-32.892892,-60.701366,55.0,538.0,Municipio Rosario,Municipio,Rosario,820210,Servicio de Catastro e Información Territorial,IGN
2014,8106,2014-11-10,Lunes,0.0,17:40:00,,0.0,2,"Moto/Ciclomotor,Camión",Crespo 3300,2,0,0,0,1,1,0,"-32.970222222222,-60.675611111111",Calle,,ROSARIO,Rosario,Asfalto,No existe,II,Dentro,Urbana,Ninguna,No existe,Intersección,Bueno,Buena,Diurna,Buen Tiempo,Frontal,S/D,Colisión,Ninguna,Vertical,Ninguna,Sin restricción,"-32.970222222222,-60.675611111111",['Crespo 3300'],1,,-32.970222222222,-60.675611111111,55.0,538.0,Municipio Rosario,Municipio,Rosario,820210,Servicio de Catastro e Información Territorial,IGN
2014,8258,2014-11-16,Domingo,0.0,01:55:00,,0.0,1,Automóvil,Ayacucho Y Estado de Israel,3,0,2,0,0,1,0,"-32.991472222222,-60.636916666667",Calle,,ROSARIO,Rosario,Asfalto,No existe,II,Fuera,Urbana,Ninguna,No existe,Intersección,Bueno,Buena,Nocturna,S/D,Contra objeto fijo,S/D,Colisión,S/D,S/D,Línea divisoria pintada,Sin restricción,"-32.991472222222,-60.636916666667","['Ayacucho', 'Estado de Israel']",2,,-32.991472222222,-60.636916666667,55.0,538.0,Municipio Rosario,Municipio,Rosario,820210,Servicio de Catastro e Información Territorial,IGN
2014,8333,2014-11-28,Viernes,0.0,20:35:00,,0.0,2,"Moto/Ciclomotor,Pickup/Utilitario",Pueyrredon Y Brown,3,0,1,0,1,1,0,"-32.933666666667,-60.655055555556",Calle,,ROSARIO,Rosario,Asfalto,No existe,II,Dentro,Urbana,Ninguna,No existe,Recta,Bueno,Buena,"Nocturna,Con luz artificial",Buen Tiempo,Otro,S/D,Colisión,Otro,Faltante,Ninguna,Sin restricción,"-32.933666666667,-60.655055555556","['Pueyrredón', 'Brown']",2,,-32.933666666667,-60.655055555556,55.0,538.0,Municipio Rosario,Municipio,Rosario,820210,Servicio de Catastro e Información Territorial,IGN
2014,8895,2014-05-20,Martes,0.0,,,0.0,1,Otros, ,1,0,0,0,0,1,0,"-32.962341, -60.637165",S/D,,ROSARIO,Rosario,S/D,S/D,II,S/D,Urbana,S/D,S/D,S/D,S/D,S/D,S/D,S/D,S/D,S/D,S/D,S/D,S/D,S/D,S/D,"-32.962341, -60.637165",[''],0,,-32.962341,-60.637165,55.0,538.0,Municipio Rosario,Municipio,Rosario,820210,Servicio de Catastro e Información Territorial,IGN
2014,8909,2014-09-21,Domingo,0.0,03:45:00,,0.0,1,Moto/Ciclomotor,Av. Arijon Y Av. Bermudez,1,0,0,0,0,1,0,"-33.002833333333,-60.642555555556",Avenida,,ROSARIO,Rosario,Asfalto,Pavimento,II,S/D,Urbana,Ninguna,No existe,Recta,Bueno,Reducida,Nocturna,Buen Tiempo,Contra objeto fijo,S/D,Colisión,Ninguna,Horizontal,Cordón divisorio,Sin restricción,"-33.002833333333,-60.642555555556","['Avenida Manuel Arijón', 'Bermudez']",2,,-33.002833333333,-60.642555555556,55.0,538.0,Municipio Rosario,Municipio,Rosario,820210,Servicio de Catastro e Información Territorial,IGN
2014,8924,2014-06-02,Lunes,0.0,,,0.0,1,Otros, ,1,0,0,0,0,1,0,"-32.964640, -60.704572",S/D,,ROSARIO,Rosario,S/D,S/D,II,S/D,Urbana,S/D,S/D,S/D,S/D,S/D,Diurna,S/D,S/D,S/D,S/D,S/D,S/D,S/D,S/D,"-32.964640, -60.704572",[''],0,,-32.96464,-60.704572,55.0,538.0,Municipio Rosario,Municipio,Rosario,820210,Servicio de Catastro e Información Territorial,IGN
2014,8944,2014-06-10,Martes,0.0,,,0.0,1,Otros, ,1,0,0,0,0,1,0,"-32.929635, -60.684659",S/D,,ROSARIO,Rosario,S/D,S/D,II,S/D,Urbana,S/D,S/D,S/D,S/D,S/D,S/D,S/D,S/D,S/D,S/D,S/D,S/D,S/D,S/D,"-32.929635, -60.684659",[''],0,,-32.929635,-60.684659,55.0,538.0,Municipio Rosario,Municipio,Rosario,820210,Servicio de Catastro e Información Territorial,IGN
2014,9287,2014-11-08,Sabado,0.0,17:00:00,,0.0,2,"Moto/Ciclomotor,Vehículo Oficial",Castellanos Y Ocampo,4,1,1,0,1,1,0,"-32.959833333333,-60.680111111111",Calle,,ROSARIO,Rosario,Asfalto,No existe,II,Dentro,Urbana,S/D,No existe,Intersección,Bueno,Buena,Diurna,Buen Tiempo,S/D,S/D,Colisión,S/D,S/D,Ninguna,S/D,"-32.959833333333,-60.680111111111","['Aaron Castellanos', 'Ocampo']",2,,-32.959833333333,-60.680111111111,55.0,538.0,Municipio Rosario,Municipio,Rosario,820210,Servicio de Catastro e Información Territorial,IGN
2014,9863,2014-12-19,Viernes,0.0,13:35:00,,0.0,3,"Automóvil,Automóvil,Transporte de Pasajeros Urbano (> 8 asientos)",Mendoza Y Lavalle,3,0,0,0,2,1,0,"-32.944444444444,-60.679083333333",Calle,,ROSARIO,Rosario,Asfalto,No existe,II,Dentro,Urbana,Ninguna,Funciona,Intersección,Bueno,Buena,Diurna,Buen Tiempo,"Lateral,Múltiple",S/D,Colisión,Ninguna,Faltante,Ninguna,Sin restricción,"-32.944444444444,-60.679083333333","['Mendoza', 'Lavalle']",2,,-32.944444444444,-60.679083333333,55.0,538.0,Municipio Rosario,Municipio,Rosario,820210,Servicio de Catastro e Información Territorial,IGN
2014,10635,2014-11-29,Sabado,0.0,06:30:00,,0.0,2,"Automóvil,Moto/Ciclomotor",Av. Eva Peron Y Av. Circunvalacion,2,1,0,0,0,1,0,"-32.931288, -60.722491",Avenida,,ROSARIO,Rosario,Asfalto,No existe,II,Dentro,Urbana,Semáforo,Funciona,Intersección,Bueno,S/D,Diurna,S/D,S/D,S/D,Colisión,S/D,S/D,"Guardarrail,S/D",S/D,"-32.931288, -60.722491","['Avenida Eva Perón', 'Circunvalacion']",2,,-32.931288,-60.722491,55.0,538.0,Municipio Rosario,Municipio,Rosario,820210,Servicio de Catastro e Información Territorial,IGN
2014,11144,2014-12-18,Jueves,0.0,21:15:00,,0.0,2,"Moto/Ciclomotor,Taxi/Remis",Av. Provincias Unidas Y J.B.Justo,5,3,0,0,1,1,0,"-32.915019, -60.713779",Avenida,,ROSARIO,Rosario,Asfalto,No existe,II,Dentro,Urbana,S/D,S/D,Intersección,Bueno,S/D,"Nocturna,Con luz artificial",Buen Tiempo,S/D,S/D,Colisión,Ninguna,S/D,Cordón divisorio,S/D,"-32.915019, -60.713779","['Avenida Provincias Unidas', 'Justo']",2,,-32.915019,-60.713779,55.0,538.0,Municipio Rosario,Municipio,Rosario,820210,Servicio de Catastro e Información Territorial,IGN
2014,11283,2014-07-29,Martes,0.0,,,0.0,2,"Automóvil,Otros",Jurisd. de C10&#170; ,2,0,0,0,0,1,1,"-32.894333, -60.695530",S/D,,ROSARIO,Rosario,S/D,No existe,II,S/D,Urbana,S/D,S/D,S/D,S/D,S/D,S/D,S/D,S/D,S/D,S/D,S/D,S/D,S/D,S/D,"-32.894333, -60.695530",['Jurisd De C10&#170;'],1,,-32.894333,-60.69553,55.0,538.0,Municipio Rosario,Municipio,Rosario,820210,Servicio de Catastro e Información Territorial,IGN
2014,11290,2014-07-18,Viernes,0.0,,,0.0,2,"Peatón,Otros",San Martin Y Ayolas,2,0,0,0,1,1,0,"-32.977043, -60.644416",Avenida,,ROSARIO,Rosario,Asfalto,No existe,II,Dentro,Urbana,S/D,Funciona,Intersección,Bueno,S/D,S/D,S/D,S/D,S/D,Atropello,Ninguna,"Horizontal,Vertical",Ninguna,S/D,"-32.977043, -60.644416","['San Martin', 'Ayolas']",2,,-32.977043,-60.644416,55.0,538.0,Municipio Rosario,Municipio,Rosario,820210,Servicio de Catastro e Información Territorial,IGN
2014,11291,2014-07-18,Viernes,0.0,,,0.0,1,Moto/Ciclomotor,Jurisd de C32&#170; ,1,0,0,0,0,1,0,"-32.967101, -60.715012",S/D,,ROSARIO,Rosario,S/D,S/D,II,S/D,Urbana,S/D,S/D,S/D,S/D,S/D,S/D,S/D,S/D,S/D,Caída ocupante,S/D,S/D,S/D,S/D,"-32.967101, -60.715012",['Jurisd De C32&#170;'],1,,-32.967101,-60.715012,55.0,538.0,Municipio Rosario,Municipio,Rosario,820210,Servicio de Catastro e Información Territorial,IGN
2014,11294,2014-01-19,Domingo,0.0,,,0.0,1,Otros, ,1,0,0,0,0,1,0,"-32.928546, -60.705950",S/D,,ROSARIO,Rosario,S/D,S/D,II,Dentro,Urbana,S/D,S/D,S/D,S/D,S/D,S/D,S/D,S/D,S/D,S/D,S/D,S/D,S/D,S/D,"-32.928546, -60.705950",[''],0,,-32.928546,-60.70595,55.0,538.0,Municipio Rosario,Municipio,Rosario,820210,Servicio de Catastro e Información Territorial,IGN
2014,11305,2014-08-17,Domingo,0.0,,,0.0,2,"Moto/Ciclomotor,Otros",Jurisdicción de la Cría 18&#170; ,2,0,0,0,0,1,1,"-32.983655, -60.669437",S/D,,ROSARIO,Rosario,S/D,S/D,II,S/D,Urbana,S/D,S/D,S/D,S/D,S/D,S/D,S/D,S/D,S/D,Colisión,S/D,S/D,S/D,S/D,"-32.983655, -60.669437",['Jurisdicción De La Cría 18&#170;'],1,,-32.983655,-60.669437,55.0,538.0,Municipio Rosario,Municipio,Rosario,820210,Servicio de Catastro e Información Territorial,IGN
2014,11311,2014-08-31,Domingo,0.0,,,0.0,2,"Moto/Ciclomotor,Pickup/Utilitario", ,3,1,0,0,1,1,0,"-32.918834, -60.678020",S/D,,ROSARIO,Rosario,S/D,S/D,II,S/D,Urbana,S/D,S/D,S/D,S/D,S/D,S/D,S/D,S/D,S/D,Colisión,S/D,S/D,S/D,S/D,"-32.918834, -60.678020",[''],0,,-32.918834,-60.67802,55.0,538.0,Municipio Rosario,Municipio,Rosario,820210,Servicio de Catastro e Información Territorial,IGN
2014,11312,2014-09-01,Lunes,0.0,,,0.0,2,"Moto/Ciclomotor,Otros",Jurisdicción de la Cría 18&#170; ,2,0,0,0,1,1,0,"-32.988334, -60.664459",S/D,,ROSARIO,Rosario,S/D,S/D,II,S/D,Urbana,S/D,S/D,S/D,S/D,S/D,S/D,S/D,S/D,S/D,Colisión,S/D,S/D,S/D,S/D,"-32.988334, -60.664459",['Jurisdicción De La Cría 18&#170;'],1,,-32.988334,-60.664459,55.0,538.0,Municipio Rosario,Municipio,Rosario,820210,Servicio de Catastro e Información Territorial,IGN
2014,11313,2014-09-19,Viernes,0.0,,,0.0,2,"Otros,Otros", ,3,0,0,0,0,1,2,"-32.948621, -60.663086",S/D,,ROSARIO,Rosario,S/D,S/D,II,S/D,Urbana,S/D,S/D,S/D,S/D,S/D,S/D,S/D,S/D,S/D,Colisión,S/D,S/D,S/D,S/D,"-32.948621, -60.663086",[''],0,,-32.948621,-60.663086,55.0,538.0,Municipio Rosario,Municipio,Rosario,820210,Servicio de Catastro e Información Territorial,IGN
2014,11317,2014-09-03,Miercoles,0.0,,,0.0,1,Automóvil,San Martin 4900,1,0,0,0,0,1,0,"-32.979425, -60.644267",Calle,,ROSARIO,Rosario,S/D,S/D,II,Fuera,Urbana,S/D,S/D,S/D,S/D,S/D,S/D,S/D,Contra objeto fijo,S/D,Colisión,S/D,S/D,S/D,S/D,"-32.979425, -60.644267",['San Martin 4900'],1,,-32.979425,-60.644267,55.0,538.0,Municipio Rosario,Municipio,Rosario,820210,Servicio de Catastro e Información Territorial,IGN
2014,11321,2014-09-27,Sabado,0.0,,,0.0,1,Otros, ,1,0,0,0,0,1,0,"-32.943039, -60.672527",S/D,,ROSARIO,Rosario,S/D,S/D,II,S/D,Urbana,S/D,S/D,S/D,S/D,S/D,S/D,S/D,S/D,S/D,S/D,S/D,S/D,S/D,S/D,"-32.943039, -60.672527",[''],0,,-32.943039,-60.672527,55.0,538.0,Municipio Rosario,Municipio,Rosario,820210,Servicio de Catastro e Información Territorial,IGN
2014,11351,2014-10-19,Domingo,0.0,,,0.0,1,Otros,Jurisdicción de la Cría 5&#170; ,1,0,0,0,0,1,0,"-32.966086, -60.653043",S/D,,ROSARIO,Rosario,S/D,S/D,II,S/D,Urbana,S/D,S/D,S/D,S/D,S/D,S/D,S/D,S/D,S/D,S/D,S/D,S/D,S/D,S/D,"-32.966086, -60.653043",['Jurisdicción De La Cría 5&#170;'],1,,-32.966086,-60.653043,55.0,538.0,Municipio Rosario,Municipio,Rosario,820210,Servicio de Catastro e Información Territorial,IGN
2014,11355,2014-11-17,Lunes,0.0,,,0.0,1,Otros,Saavedra 6200,1,0,0,0,0,1,0,"-32.969492, -60.706245",Calle,,ROSARIO,Rosario,Hormigón,No existe,II,S/D,Urbana,S/D,No existe,Recta,Bueno,S/D,S/D,S/D,S/D,S/D,S/D,S/D,S/D,Ninguna,S/D,"-32.969492, -60.706245",['Saavedra 6200'],1,,-32.969492,-60.706245,55.0,538.0,Municipio Rosario,Municipio,Rosario,820210,Servicio de Catastro e Información Territorial,IGN
2014,11357,2014-11-18,Martes,0.0,,,0.0,1,Automóvil,Av. Tte Gral Sanchez 4100,1,0,0,0,0,1,0,"-32.989118, -60.621514",Avenida,,ROSARIO,Rosario,Hormigón,No existe,II,S/D,Urbana,S/D,No existe,Puente,Bueno,S/D,S/D,S/D,S/D,S/D,S/D,S/D,"Horizontal,Vertical",Barrera de hormigón,S/D,"-32.989118, -60.621514",['Teniente General Sanchez 4100'],1,,-32.989118,-60.621514,55.0,538.0,Municipio Rosario,Municipio,Rosario,820210,Servicio de Catastro e Información Territorial,IGN
2014,11358,2014-11-20,Jueves,0.0,,,0.0,1,Moto/Ciclomotor,R.de Pineda ,1,0,0,0,0,1,0,"-33.018792, -60.643911",Calle,,ROSARIO,Rosario,S/D,No existe,II,S/D,Urbana,Otra Señal,No existe,Puente,Otro,S/D,S/D,S/D,S/D,S/D,S/D,Otro,Faltante,Ninguna,S/D,"-33.018792, -60.643911",['R De Pineda'],1,,-33.018792,-60.643911,55.0,538.0,Municipio Rosario,Municipio,Rosario,820210,Servicio de Catastro e Información Territorial,IGN
2014,11359,2014-11-22,Sabado,0.0,,,0.0,1,Otros,Jurisdicción de la Cría 10&#170; ,1,0,0,0,0,1,0,"-32.889157, -60.690640",S/D,,ROSARIO,Rosario,S/D,S/D,II,S/D,Urbana,S/D,S/D,S/D,S/D,S/D,S/D,S/D,S/D,S/D,S/D,S/D,S/D,S/D,S/D,"-32.889157, -60.690640",['Jurisdicción De La Cría 10&#170;'],1,,-32.889157,-60.69064,55.0,538.0,Municipio Rosario,Municipio,Rosario,820210,Servicio de Catastro e Información Territorial,IGN
2014,11374,2014-11-10,Lunes,0.0,,,0.0,1,Tren,Jurisdicción de la Cría 10&#170; ,1,0,0,0,0,1,0,"-32.911142, -60.699499",S/D,,ROSARIO,Rosario,S/D,S/D,II,S/D,Urbana,S/D,S/D,S/D,S/D,S/D,Diurna,S/D,S/D,S/D,Caída ocupante,S/D,S/D,S/D,S/D,"-32.911142, -60.699499",['Jurisdicción De La Cría 10&#170;'],1,,-32.911142,-60.699499,55.0,538.0,Municipio Rosario,Municipio,Rosario,820210,Servicio de Catastro e Información Territorial,IGN
2015,605,2015-02-04,Miercoles,0.0,21:20:00,,0.0,2,"Moto/Ciclomotor,Peatón",Av. Pellegrini Y Barra,2,0,0,0,1,1,0,"-32.948485, -60.706454",Avenida,,ROSARIO,Rosario,Asfalto,No existe,II,S/D,Urbana,S/D,S/D,Intersección,Bueno,Buena,Nocturna,Buen Tiempo,S/D,S/D,Atropello,Otro,S/D,Cordón divisorio,Sin restricción,"-32.948485, -60.706454","['Pellegrini', 'Barra']",2,,-32.948485,-60.706454,55.0,538.0,Municipio Rosario,Municipio,Rosario,820210,Servicio de Catastro e Información Territorial,IGN
2015,1263,2015-03-10,Martes,0.0,17:00:00,,0.0,2,"Moto/Ciclomotor,Peatón",Paraguay 800,2,0,0,0,1,1,0,"-32.945496,-60.643755",Calle,,ROSARIO,Rosario,Asfalto,S/D,II,Dentro,Urbana,Ninguna,S/D,Recta,Bueno,Buena,Diurna,Buen Tiempo,S/D,Peatón,Atropello,S/D,Faltante,Cordón divisorio,Sin restricción,"-32.945496,-60.643755",['Paraguay 800'],1,,-32.945496,-60.643755,55.0,538.0,Municipio Rosario,Municipio,Rosario,820210,Servicio de Catastro e Información Territorial,IGN
2015,1997,2015-01-24,Sabado,0.0,02:10:00,,0.0,2,"Moto/Ciclomotor,Transporte de Pasajeros Urbano (> 8 asientos)",Palliere 2400,2,0,0,0,1,1,0,"-32.887901, -60.714895",Calle,,ROSARIO,Rosario,Asfalto,No existe,II,Dentro,Urbana,Semáforo,Funciona,Puente,Bueno,Buena,"Nocturna,Con luz artificial",Buen Tiempo,De alcance,S/D,"Aplastamiento,Colisión",Ninguna,Faltante,Línea divisoria pintada,Sin restricción,"-32.887901, -60.714895",['Palliere 2400'],1,,-32.887901,-60.714895,55.0,538.0,Municipio Rosario,Municipio,Rosario,820210,Servicio de Catastro e Información Territorial,IGN
2015,2725,2015-02-13,Viernes,0.0,07:30:00,,0.0,6,"Peatón,Peatón,Peatón,Peatón,Automóvil,Pickup/Utilitario",Bv. 27 De Febrero Y Liniers,6,2,0,0,2,2,0,"-32.958722222222,-60.697833333333",Avenida,,ROSARIO,Rosario,Asfalto,No existe,II,Fuera,Urbana,Ninguna,No existe,Intersección,Bueno,Buena,Amanecer,Buen Tiempo,"Contra objeto fijo,Otro",S/D,"Colisión,Atropello,Despiste",Ninguna,Faltante,Cordón divisorio,Sin restricción,"-32.958722222222,-60.697833333333","['27 de Febrero', 'Liniers']",2,,-32.958722222222,-60.697833333333,55.0,538.0,Municipio Rosario,Municipio,Rosario,820210,Servicio de Catastro e Información Territorial,IGN
2015,2979,2015-02-14,Sabado,0.0,01:00:00,,0.0,2,"Moto/Ciclomotor,Automóvil",C.Larralde Y Bertole,2,0,0,0,1,1,0,"-32.965416666667,-60.726083333333",Calle,,ROSARIO,Rosario,Asfalto,Natural,II,Dentro,Urbana,Ninguna,No existe,Intersección,Deteriorada,Buena,Nocturna,Buen Tiempo,Frontal,S/D,Colisión,Ninguna,Faltante,Ninguna,Sin restricción,"-32.965416666667,-60.726083333333","['Larralde', 'Bertole']",2,,-32.965416666667,-60.726083333333,55.0,538.0,Municipio Rosario,Municipio,Rosario,820210,Servicio de Catastro e Información Territorial,IGN
2015,3268,2015-02-05,Jueves,0.0,16:00:00,,0.0,2,"Bicicleta,Automóvil",Av. Provincias Unidas Y Gorriti,3,1,1,0,0,1,0,"-32.924443, -60.713310",Avenida,,ROSARIO,Rosario,Asfalto,No existe,II,Dentro,Urbana,S/D,No existe,Intersección,Bueno,Buena,Diurna,S/D,Contra objeto fijo,S/D,"Colisión,Atropello,Despiste",S/D,S/D,Cordón divisorio,S/D,"-32.924443, -60.713310","['Avenida Provincias Unidas', 'Gorriti']",2,,-32.924443,-60.71331,55.0,538.0,Municipio Rosario,Municipio,Rosario,820210,Servicio de Catastro e Información Territorial,IGN
2015,3468,2015-02-16,Lunes,0.0,,,0.0,2,"Moto/Ciclomotor,Automóvil",Bv. Segui Y Ayacucho,2,0,0,0,1,1,0,"-32.980944444444,-60.6355",Avenida,,ROSARIO,Rosario,Asfalto,No existe,II,Dentro,Urbana,S/D,S/D,Intersección,Bueno,S/D,S/D,S/D,S/D,S/D,Colisión,S/D,S/D,"Cordón divisorio,Línea divisoria pintada",Sin restricción,"-32.980944444444,-60.6355","['Bulevar Juan Francisco Seguí', 'Ayacucho']",2,,-32.980944444444,-60.6355,55.0,538.0,Municipio Rosario,Municipio,Rosario,820210,Servicio de Catastro e Información Territorial,IGN