anio_acci,nro_acci,fecha,desc_dia,fecha_aprox,hora_aprox,desc_ruta,km,cant_participantes,desc_participante,calle_avenida_km,total,heridos_leves,heridos_graves,heridos_gravisimos,ilesos,fallecidos,sin_datos,posicion_XY,desc_tipo_via,desc_ruta_ori,desc_loc,desc_dpto,desc_tipo_calzada,desc_tipo_banquina,desc_unidad_regional,desc_lugar_calzada,desc_zona,desc_prioridad,desc_estado_semaforo,desc_lugar_via,desc_estado_via,desc_estado_visibilidad,desc_luminosidad,desc_estado_clima,desc_tipo_colision,desc_tipo_atropello,desc_tipo_hecho,desc_pres_calzada,desc_senializacion,desc_separacion_via,desc_restriccion,forma_geocod,calle_lista,numero_calles,calles_osm,lat,lon,index_right,gid,fna,gna,nam,in1,fdc,sag
2015,3495,2015-02-18,Miercoles,0.0,07:15:00,,0.0,2,"Automóvil,Automóvil",Av. Ntra.Sra.del Rosario Y Ayacucho,2,0,0,0,1,1,0,"-32.999472222222,-60.636333333333",Avenida,,ROSARIO,Rosario,Asfalto,No existe,II,Dentro,Urbana,S/D,S/D,Intersección,Bueno,Buena,Diurna,Buen Tiempo,S/D,S/D,Colisión,S/D,S/D,S/D,Sin restricción,"-32.999472222222,-60.636333333333","['Nuestra Señora del Rosario', 'Ayacucho']",2,,-32.999472222222,-60.636333333333,55.0,538.0,Municipio Rosario,Municipio,Rosario,820210,Servicio de Catastro e Información Territorial,IGN
2015,3602,2015-02-22,Domingo,0.0,05:00:00,,0.0,2,"Moto/Ciclomotor,Taxi/Remis",Ayacucho Y Marco Polo,3,0,1,0,1,1,0,"-33.010529, -60.635722",Calle,,ROSARIO,Rosario,Asfalto,No existe,II,Dentro,Urbana,S/D,S/D,Intersección,Bueno,Reducida,"Nocturna,Con luz artificial",Buen Tiempo,S/D,S/D,Colisión,S/D,"Horizontal,Vertical",S/D,Sin restricción,"-33.010529, -60.635722","['Ayacucho', 'Marco Polo']",2,,-33.010529,-60.635722,55.0,538.0,Municipio Rosario,Municipio,Rosario,820210,Servicio de Catastro e Información Territorial,IGN
2015,4053,2015-01-06,Martes,0.0,,,0.0,1,Moto/Ciclomotor, ,1,0,0,0,0,1,0,"-32.903747,-60.695754",S/D,,ROSARIO,Rosario,S/D,S/D,II,S/D,Urbana,S/D,S/D,S/D,S/D,S/D,S/D,S/D,S/D,S/D,S/D,S/D,S/D,S/D,S/D,"-32.903747,-60.695754",[''],0,,-32.903747,-60.695754,55.0,538.0,Municipio Rosario,Municipio,Rosario,820210,Servicio de Catastro e Información Territorial,IGN
2015,4069,2015-03-08,Domingo,0.0,04:30:00,,0.0,1,Moto/Ciclomotor,Av. Estanislao López Y Madres de Plaza de Mayo,1,0,0,0,0,1,0,"-32.927574, -60.656994",Avenida,,ROSARIO,Rosario,Asfalto,No existe,II,Fuera,Urbana,Semáforo,Funciona,Intersección,Bueno,Reducida,"Nocturna,Con luz artificial",Buen Tiempo,Contra objeto fijo,S/D,"Caída ocupante,Colisión,Despiste",Ninguna,S/D,Ninguna,Sin restricción,"-32.927574, -60.656994","['Estanislao López', 'Madres Plaza 25 de Mayo']",2,,-32.927574,-60.656994,55.0,538.0,Municipio Rosario,Municipio,Rosario,820210,Servicio de Catastro e Información Territorial,IGN
2015,4098,2015-03-10,Martes,0.0,03:00:00,,0.0,1,Automóvil,Guido y Spano Y Palestina,1,0,0,0,0,1,0,"-32.886027777778,-60.710944444444",Calle,,ROSARIO,Rosario,Asfalto,No existe,II,Fuera,Urbana,Ninguna,No existe,Intersección,S/D,Reducida,"Nocturna,Con luz artificial",Buen Tiempo,S/D,S/D,"Vuelco,Despiste",S/D,S/D,Ninguna,Sin restricción,"-32.886027777778,-60.710944444444","['Guido y Spano', 'Palestina']",2,,-32.886027777778,-60.710944444444,55.0,538.0,Municipio Rosario,Municipio,Rosario,820210,Servicio de Catastro e Información Territorial,IGN
2015,4316,2015-03-13,Viernes,0.0,23:30:00,,0.0,2,"Moto/Ciclomotor,Moto/Ciclomotor",Italia Y Pte.Quintana,2,0,0,0,0,1,1,"-32.980777777778,-60.656944444444",Calle,,ROSARIO,Rosario,Asfalto,No existe,II,Dentro,Urbana,Ninguna,No existe,Intersección,Bueno,Buena,"Nocturna,Con luz artificial",Buen Tiempo,Lateral,S/D,Colisión,Ninguna,S/D,Ninguna,Sin restricción,"-32.980777777778,-60.656944444444","['Italia', 'Quintana']",2,,-32.980777777778,-60.656944444444,55.0,538.0,Municipio Rosario,Municipio,Rosario,820210,Servicio de Catastro e Información Territorial,IGN
2015,4800,2015-03-16,Lunes,0.0,,,0.0,2,"Moto/Ciclomotor,Automóvil",Valparaiso Y Mendoza,3,2,0,0,1,0,0,"-32.943722222222,-60.683166666667",Calle,,ROSARIO,Rosario,Asfalto,No existe,II,Dentro,Urbana,Ninguna,S/D,Intersección,Bueno,S/D,S/D,Buen Tiempo,Lateral,S/D,Colisión,Ninguna,Vertical,Ninguna,Sin restricción,"-32.943722222222,-60.683166666667","['Valparaíso', 'Mendoza']",2,,-32.943722222222,-60.683166666667,55.0,538.0,Municipio Rosario,Municipio,Rosario,820210,Servicio de Catastro e Información Territorial,IGN
2015,4888,2015-03-21,Sabado,0.0,07:30:00,,0.0,1,Moto/Ciclomotor,Roullon Y Av. Pte.Peron,1,0,0,0,0,1,0,"-32.962972222222,-60.701361111111",Avenida,,ROSARIO,Rosario,Asfalto,No existe,II,Dentro,Urbana,S/D,S/D,Intersección,Bueno,Buena,Diurna,Buen Tiempo,S/D,S/D,Caída ocupante,Ninguna,"Horizontal,Vertical",Cordón divisorio,Sin restricción,"-32.962972222222,-60.701361111111","['Alfredo Rouillón', 'Avenida Presidente Perón']",2,,-32.962972222222,-60.701361111111,55.0,538.0,Municipio Rosario,Municipio,Rosario,820210,Servicio de Catastro e Información Territorial,IGN
2015,4915,2015-03-21,Sabado,0.0,06:55:00,,0.0,1,Moto/Ciclomotor,Av. Battle y Ordoñez Y San Martin,1,0,0,0,0,1,0,"-33.008888888889,-60.650666666667",Avenida,,ROSARIO,Rosario,Asfalto,No existe,II,Fuera,Urbana,Ninguna,Intermitente,Curva,Bueno,Buena,Amanecer,Otro,Contra objeto fijo,S/D,"Caída ocupante,Colisión,Despiste",Ninguna,Vertical,Cordón divisorio,Sin restricción,"-33.008888888889,-60.650666666667","['Avenida Battle y Ordoñez', 'San Martin']",2,,-33.008888888889,-60.650666666667,55.0,538.0,Municipio Rosario,Municipio,Rosario,820210,Servicio de Catastro e Información Territorial,IGN
2015,5488,2015-04-10,Viernes,0.0,06:45:00,,0.0,1,Moto/Ciclomotor,Av Belgrano (Sánchez) alt Amenabar ,1,0,0,0,0,1,0,"-32.975796, -60.624303",Avenida,,ROSARIO,Rosario,Asfalto,Pavimento,II,Fuera,Urbana,Ninguna,No existe,Recta,Bueno,Buena,Amanecer,Buen Tiempo,Contra objeto fijo,S/D,"Caída ocupante,Colisión",Ninguna,Faltante,Barrera de hormigón,Sin restricción,"-32.975796, -60.624303",['Belgrano (sánchez) Alt Amenabar'],1,,-32.975796,-60.624303,55.0,538.0,Municipio Rosario,Municipio,Rosario,820210,Servicio de Catastro e Información Territorial,IGN
2015,5671,2015-01-29,Jueves,0.0,,,0.0,1,Otros, ,1,0,0,0,0,1,0,"-32.905849, -60.701079",S/D,,ROSARIO,Rosario,S/D,S/D,II,S/D,Urbana,S/D,S/D,S/D,S/D,S/D,S/D,S/D,S/D,S/D,S/D,S/D,S/D,S/D,S/D,"-32.905849, -60.701079",[''],0,,-32.905849,-60.701079,55.0,538.0,Municipio Rosario,Municipio,Rosario,820210,Servicio de Catastro e Información Territorial,IGN
2015,5672,2015-02-12,Jueves,0.0,,,0.0,2,"Moto/Ciclomotor,Otros", ,2,0,0,0,0,1,1,"-32.985291, -60.678548",S/D,,ROSARIO,Rosario,S/D,S/D,II,S/D,Urbana,S/D,S/D,S/D,S/D,S/D,S/D,S/D,S/D,S/D,Colisión,S/D,S/D,S/D,S/D,"-32.985291, -60.678548",[''],0,,-32.985291,-60.678548,55.0,538.0,Municipio Rosario,Municipio,Rosario,820210,Servicio de Catastro e Información Territorial,IGN
2015,5942,2015-03-03,Martes,0.0,,,0.0,1,Otros, ,1,0,0,0,0,1,0,"-32.967781, -60.674713",S/D,,ROSARIO,Rosario,S/D,S/D,II,Dentro,Urbana,S/D,S/D,S/D,S/D,S/D,S/D,S/D,S/D,S/D,S/D,S/D,S/D,S/D,S/D,"-32.967781, -60.674713",[''],0,,-32.967781,-60.674713,55.0,538.0,Municipio Rosario,Municipio,Rosario,820210,Servicio de Catastro e Información Territorial,IGN
2015,5963,2015-03-22,Domingo,0.0,06:30:00,,0.0,2,"Peatón,Moto/Ciclomotor",Ocampo Y Lima,3,0,0,0,2,1,0,"-32.95825,-60.688277777778",Calle,,ROSARIO,Rosario,Asfalto,S/D,II,Dentro,Urbana,S/D,S/D,Intersección,S/D,S/D,Diurna,Buen Tiempo,S/D,S/D,Atropello,S/D,S/D,"Ninguna,S/D",Sin restricción,"-32.95825,-60.688277777778","['Ocampo', 'Lima']",2,,-32.95825,-60.688277777778,55.0,538.0,Municipio Rosario,Municipio,Rosario,820210,Servicio de Catastro e Información Territorial,IGN
2015,6233,2015-04-22,Miercoles,0.0,20:10:00,,0.0,1,Moto/Ciclomotor,San Juan Y Mariano Moreno,2,0,1,0,0,1,0,"-32.947916666667,-60.651527777778",Calle,,ROSARIO,Rosario,Asfalto,No existe,II,Dentro,Urbana,Ninguna,No existe,Recta,Bueno,Buena,"Nocturna,Con luz artificial",Buen Tiempo,Contra objeto fijo,S/D,Colisión,Ninguna,S/D,Ninguna,Sin restricción,"-32.947916666667,-60.651527777778","['San Juan', 'Mariano Moreno']",2,,-32.947916666667,-60.651527777778,55.0,538.0,Municipio Rosario,Municipio,Rosario,820210,Servicio de Catastro e Información Territorial,IGN
2015,6283,2015-04-01,Miercoles,0.0,,,0.0,1,Otros,Av. Circunvalacion Y Mendoza,1,0,0,0,0,1,0,"-32.940577, -60.723006",Avenida,,ROSARIO,Rosario,Asfalto,No existe,II,Dentro,Urbana,S/D,Funciona,Distribuidor,Bueno,S/D,S/D,S/D,S/D,S/D,S/D,S/D,S/D,Cordón divisorio,S/D,"-32.940577, -60.723006","['Circunvalacion', 'Mendoza']",2,,-32.940577,-60.723006,55.0,538.0,Municipio Rosario,Municipio,Rosario,820210,Servicio de Catastro e Información Territorial,IGN
2015,6285,2015-04-04,Sabado,0.0,,,0.0,1,Otros, ,1,0,0,0,0,1,0,"-32.953362, -60.714444",S/D,,ROSARIO,Rosario,S/D,S/D,II,S/D,Urbana,S/D,S/D,S/D,S/D,S/D,S/D,S/D,S/D,S/D,S/D,S/D,S/D,S/D,S/D,"-32.953362, -60.714444",[''],0,,-32.953362,-60.714444,55.0,538.0,Municipio Rosario,Municipio,Rosario,820210,Servicio de Catastro e Información Territorial,IGN
2015,6287,2015-04-04,Sabado,0.0,,,0.0,1,Moto/Ciclomotor, ,1,0,0,0,0,1,0,"-32.924017, -60.701763",S/D,,ROSARIO,Rosario,S/D,S/D,II,S/D,Urbana,S/D,S/D,S/D,S/D,S/D,S/D,S/D,S/D,S/D,S/D,S/D,S/D,S/D,S/D,"-32.924017, -60.701763",[''],0,,-32.924017,-60.701763,55.0,538.0,Municipio Rosario,Municipio,Rosario,820210,Servicio de Catastro e Información Territorial,IGN
2015,6294,2015-04-15,Miercoles,0.0,,,0.0,1,Otros, ,1,0,0,0,0,1,0,"-32.957719, -60.674008",S/D,,ROSARIO,Rosario,S/D,S/D,II,S/D,Urbana,S/D,S/D,S/D,S/D,S/D,S/D,S/D,S/D,S/D,S/D,S/D,S/D,S/D,S/D,"-32.957719, -60.674008",[''],0,,-32.957719,-60.674008,55.0,538.0,Municipio Rosario,Municipio,Rosario,820210,Servicio de Catastro e Información Territorial,IGN
2015,6295,2015-04-18,Sabado,0.0,,,0.0,1,Otros, ,1,0,0,0,0,1,0,"-32.985689, -60.642208",S/D,,ROSARIO,Rosario,S/D,S/D,II,S/D,Urbana,S/D,S/D,S/D,S/D,S/D,S/D,S/D,S/D,S/D,S/D,S/D,S/D,S/D,S/D,"-32.985689, -60.642208",[''],0,,-32.985689,-60.642208,55.0,538.0,Municipio Rosario,Municipio,Rosario,820210,Servicio de Catastro e Información Territorial,IGN
2015,6297,2015-04-13,Lunes,0.0,07:25:00,,0.0,2,"Moto/Ciclomotor,Transporte de Pasajeros Urbano (> 8 asientos)",Donado Y Schweitzer,2,0,0,0,1,1,0,"-32.877332, -60.700572",Calle,,ROSARIO,Rosario,S/D,S/D,II,S/D,Urbana,S/D,S/D,Intersección,S/D,S/D,Amanecer,S/D,S/D,S/D,Colisión,S/D,S/D,S/D,S/D,"-32.877332, -60.700572","['Donado', 'Albert Schweitzer']",2,,-32.877332,-60.700572,55.0,538.0,Municipio Rosario,Municipio,Rosario,820210,Servicio de Catastro e Información Territorial,IGN
2015,6445,2015-05-02,Sabado,0.0,,,0.0,2,"Peatón,Tren", ,2,0,0,0,1,1,0,"-32.931251, -60.684599",S/D,,ROSARIO,Rosario,S/D,S/D,II,Dentro,Urbana,S/D,S/D,Paso a Nivel FFCC,S/D,S/D,S/D,S/D,S/D,S/D,Atropello,S/D,S/D,S/D,S/D,"-32.931251, -60.684599",[''],0,,-32.931251,-60.684599,55.0,538.0,Municipio Rosario,Municipio,Rosario,820210,Servicio de Catastro e Información Territorial,IGN
2015,6446,2015-05-04,Lunes,0.0,,,0.0,2,"Peatón,Tren", ,2,0,0,0,1,1,0,"-32.930783, -60.694716",S/D,,ROSARIO,Rosario,S/D,S/D,II,Dentro,Urbana,S/D,S/D,Paso a Nivel FFCC,S/D,S/D,S/D,S/D,S/D,S/D,Atropello,S/D,S/D,S/D,S/D,"-32.930783, -60.694716",[''],0,,-32.930783,-60.694716,55.0,538.0,Municipio Rosario,Municipio,Rosario,820210,Servicio de Catastro e Información Territorial,IGN
2015,6447,2015-05-12,Martes,0.0,,,0.0,2,"Otros,Otros", ,3,0,0,0,0,1,2,"-32.988009, -60.659236",S/D,,ROSARIO,Rosario,S/D,S/D,II,S/D,Urbana,S/D,S/D,S/D,S/D,S/D,S/D,S/D,S/D,S/D,S/D,S/D,S/D,S/D,S/D,"-32.988009, -60.659236",[''],0,,-32.988009,-60.659236,55.0,538.0,Municipio Rosario,Municipio,Rosario,820210,Servicio de Catastro e Información Territorial,IGN
2015,6463,2015-05-25,Lunes,0.0,,,0.0,1,Otros,Pje. 1373 Y Oriente,1,0,0,0,0,1,0,"-32.898971, -60.709921",Calle,,ROSARIO,Rosario,S/D,S/D,II,S/D,Urbana,S/D,No existe,Intersección,S/D,S/D,S/D,S/D,S/D,S/D,S/D,S/D,S/D,S/D,S/D,"-32.898971, -60.709921","['1373', 'Oriente']",2,,-32.898971,-60.709921,55.0,538.0,Municipio Rosario,Municipio,Rosario,820210,Servicio de Catastro e Información Territorial,IGN
2015,6894,2015-06-14,Domingo,0.0,13:55:00,,0.0,2,"Peatón,Moto/Ciclomotor",Av. Battle y Ordoñez Y Buenos Aires,2,0,0,0,1,1,0,"-33.008802, -60.644659",Avenida,,ROSARIO,Rosario,Asfalto,No existe,II,Dentro,Urbana,Ninguna,No existe,Recta,Bueno,Buena,Diurna,Buen Tiempo,S/D,S/D,Atropello,Ninguna,Horizontal,Línea divisoria pintada,Sin restricción,"-33.008802, -60.644659","['Avenida Battle y Ordoñez', 'Buenos Aires']",2,,-33.008802,-60.644659,55.0,538.0,Municipio Rosario,Municipio,Rosario,820210,Servicio de Catastro e Información Territorial,IGN
2015,6963,2015-05-07,Jueves,0.0,07:15:00,,0.0,2,"Automóvil,Camión",Av. Pellegrini Y Paraguay,6,0,0,0,2,4,0,"-32.956277777778,-60.646472222222",Avenida,,ROSARIO,Rosario,Asfalto,S/D,II,Dentro,Urbana,Semáforo,Funciona,Intersección,Bueno,Buena,Amanecer,Buen Tiempo,Frontal,S/D,Colisión,S/D,Vertical,Cordón divisorio,Sin restricción,"-32.956277777778,-60.646472222222","['Pellegrini', 'Paraguay']",2,,-32.956277777778,-60.646472222222,55.0,538.0,Municipio Rosario,Municipio,Rosario,820210,Servicio de Catastro e Información Territorial,IGN
2015,7041,2015-05-10,Domingo,0.0,22:00:00,,0.0,2,"Moto/Ciclomotor,Automóvil",Av. Uriburu Y Av. Circunvalacion,2,0,0,0,1,1,0,"-32.992262, -60.701728",Avenida,,ROSARIO,Rosario,Asfalto,S/D,II,S/D,Urbana,Ninguna,S/D,Intersección,Bueno,S/D,Nocturna,Buen Tiempo,S/D,S/D,Colisión,Ninguna,Faltante,Cordón divisorio,Sin restricción,"-32.992262, -60.701728","['Uriburu', 'Circunvalacion']",2,,-32.992262,-60.701728,55.0,538.0,Municipio Rosario,Municipio,Rosario,820210,Servicio de Catastro e Información Territorial,IGN
2015,7093,2015-05-20,Miercoles,0.0,19:15:00,,0.0,2,"Automóvil,Peatón",Av. Corrientes Y Av. Pellegrini,2,1,0,0,0,1,0,"-32.956518, -60.645058",Avenida,,ROSARIO,Rosario,Asfalto,S/D,II,Dentro,Urbana,Ninguna,No existe,Intersección,Bueno,Buena,"Atardecer,Con luz artificial",Buen Tiempo,Contra objeto fijo,S/D,Colisión,S/D,Faltante,Cordón divisorio,Sin restricción,"-32.956518, -60.645058","['Corrientes', 'Pellegrini']",2,,-32.956518,-60.645058,55.0,538.0,Municipio Rosario,Municipio,Rosario,820210,Servicio de Catastro e Información Territorial,IGN
2015,7227,2015-07-28,Martes,0.0,00:10:00,,0.0,2,"Moto/Ciclomotor,Automóvil",Av. Ovidio Lagos 4500,3,0,0,1,1,1,0,"-32.984702, -60.671699",Calle,,ROSARIO,Rosario,Asfalto,No existe,II,Dentro,Urbana,Ninguna,No existe,Intersección,Bueno,Buena,Nocturna,Buen Tiempo,Otro,S/D,Colisión,Ninguna,Faltante,Cordón divisorio,Sin restricción,"-32.984702, -60.671699",['Ovidio Lagos 4500'],1,,-32.984702,-60.671699,55.0,538.0,Municipio Rosario,Municipio,Rosario,820210,Servicio de Catastro e Información Territorial,IGN
2015,7588,2015-11-20,Viernes,0.0,14:17:00,,0.0,2,"Moto/Ciclomotor,Camión", ,2,0,0,0,1,1,0,"-32.960314, -60.684513",Calle,,ROSARIO,Rosario,Asfalto,No existe,II,Dentro,Urbana,Semáforo,Funciona,Intersección,Bueno,Buena,Diurna,Buen Tiempo,Frontal,S/D,Colisión,Ninguna,Vertical,Ninguna,Sin restricción,"-32.960314, -60.684513",[''],0,,-32.960314,-60.684513,55.0,538.0,Municipio Rosario,Municipio,Rosario,820210,Servicio de Catastro e Información Territorial,IGN
2015,7821,2015-05-30,Sabado,0.0,17:00:00,,0.0,2,"Taxi/Remis,Tracción animal / Carro",Cordoba Y Callao,3,1,0,0,1,1,0,"-32.942526, -60.660069",Calle,,ROSARIO,Rosario,S/D,S/D,II,Dentro,Urbana,S/D,S/D,S/D,S/D,S/D,Atardecer,S/D,S/D,S/D,Colisión,S/D,S/D,S/D,S/D,"-32.942526, -60.660069","['Córdoba', 'Callao']",2,,-32.942526,-60.660069,55.0,538.0,Municipio Rosario,Municipio,Rosario,820210,Servicio de Catastro e Información Territorial,IGN
2015,7827,2015-05-30,Sabado,0.0,,,0.0,2,"Moto/Ciclomotor,Automóvil",Buenos Aires Y Av. Eva Peron,2,0,0,0,1,1,0,"-32.947587, -60.632741",Calle,,ROSARIO,Rosario,S/D,S/D,II,Dentro,Urbana,S/D,S/D,S/D,S/D,S/D,S/D,S/D,S/D,S/D,Caída ocupante,S/D,S/D,S/D,S/D,"-32.947587, -60.632741","['Buenos Aires', 'Avenida Eva Perón']",2,,-32.947587,-60.632741,55.0,538.0,Municipio Rosario,Municipio,Rosario,820210,Servicio de Catastro e Información Territorial,IGN
2015,8237,2015-08-01,Sabado,0.0,20:30:00,,0.0,2,"Automóvil,Moto/Ciclomotor",Av. Arijon Y Bv. Avellaneda,5,4,0,0,0,1,0,"-33.004187, -60.688862",Avenida,,ROSARIO,Rosario,S/D,S/D,II,Dentro,Urbana,S/D,S/D,S/D,S/D,S/D,Nocturna,S/D,S/D,S/D,Colisión,S/D,S/D,S/D,S/D,"-33.004187, -60.688862","['Avenida Manuel Arijón', 'Avellaneda']",2,,-33.004187,-60.688862,55.0,538.0,Municipio Rosario,Municipio,Rosario,820210,Servicio de Catastro e Información Territorial,IGN
2015,8259,2015-08-29,Sabado,0.0,13:50:00,,0.0,2,"Peatón,Transporte de Pasajeros Urbano (> 8 asientos)",Cullen Y Ugarte 3000,2,0,0,0,1,1,0,"-32.877932, -60.728043",Calle,,ROSARIO,Rosario,Asfalto,S/D,II,S/D,Urbana,S/D,S/D,Intersección,Bueno,Buena,Diurna,S/D,S/D,S/D,Atropello,Ninguna,S/D,S/D,S/D,"-32.877932, -60.728043",['Cullen Ugarte 3000'],1,,-32.877932,-60.728043,55.0,538.0,Municipio Rosario,Municipio,Rosario,820210,Servicio de Catastro e Información Territorial,IGN
2015,8272,2015-08-10,Lunes,0.0,,,0.0,2,"Peatón,Moto/Ciclomotor",Pte.Roca 2400,2,0,0,0,1,1,0,"-32.9640755, -60.6499869",Calle,,ROSARIO,Rosario,Asfalto,S/D,II,S/D,Urbana,S/D,S/D,Recta,S/D,S/D,Diurna,S/D,S/D,S/D,Atropello,S/D,S/D,S/D,S/D,"-32.9640755, -60.6499869",['Presidenteroca 2400'],1,,-32.9640755,-60.6499869,55.0,538.0,Municipio Rosario,Municipio,Rosario,820210,Servicio de Catastro e Información Territorial,IGN
2015,8302,2015-08-08,Sabado,0.0,06:25:00,,0.0,1,Moto/Ciclomotor,Av. Illia 1600,1,0,0,0,0,1,0,"-32.935267, -60.643349",Avenida,,ROSARIO,Rosario,S/D,S/D,II,S/D,Urbana,S/D,S/D,S/D,S/D,S/D,Amanecer,S/D,S/D,S/D,S/D,S/D,S/D,S/D,S/D,"-32.935267, -60.643349",['Illia 1600'],1,,-32.935267,-60.643349,55.0,538.0,Municipio Rosario,Municipio,Rosario,820210,Servicio de Catastro e Información Territorial,IGN
2015,8333,2015-08-23,Domingo,0.0,20:30:00,,0.0,2,"Camión,Bicicleta",J.B.Justo Y Barra,2,0,0,0,1,1,0,"-32.914777, -60.708196",Calle,,ROSARIO,Rosario,S/D,S/D,II,Dentro,Urbana,S/D,S/D,Intersección,S/D,S/D,Nocturna,S/D,S/D,S/D,Atropello,S/D,S/D,S/D,S/D,"-32.914777, -60.708196","['Justo', 'Barra']",2,,-32.914777,-60.708196,55.0,538.0,Municipio Rosario,Municipio,Rosario,820210,Servicio de Catastro e Información Territorial,IGN
2015,8424,2015-10-23,Viernes,0.0,07:30:00,,0.0,2,"Bicicleta,Otros",Av. Battle y Ordoñez Y Av. Ovidio Lagos,2,0,0,0,1,1,0,"-33.009671809009,-60.677397069231",Avenida,,ROSARIO,Rosario,Asfalto,Natural,II,Dentro,Urbana,Ninguna,No existe,Intersección,Bueno,Buena,Diurna,Buen Tiempo,S/D,S/D,Atropello,S/D,S/D,Ninguna,Sin restricción,"-33.009671809009,-60.677397069231","['Avenida Battle y Ordoñez', 'Avenida Ovidio Lagos']",2,,-33.009671809009,-60.677397069231,55.0,538.0,Municipio Rosario,Municipio,Rosario,820210,Servicio de Catastro e Información Territorial,IGN
2015,8509,2015-09-27,Domingo,0.0,03:10:00,,0.0,4,"Automóvil,Peatón,Peatón,Peatón",Av. Ovidio Lagos 6800,4,2,0,0,1,1,0,"-33.0179,-60.6791783",Calle,,ROSARIO,Rosario,Asfalto,Natural,II,Dentro,Urbana,Ninguna,No existe,Recta,Bueno,Buena,Nocturna,Buen Tiempo,Contra objeto fijo,S/D,"Colisión,Atropello",S/D,Faltante,Ninguna,Sin restricción,"-33.0179,-60.6791783",['Ovidio Lagos 6800'],1,,-33.0179,-60.6791783,55.0,538.0,Municipio Rosario,Municipio,Rosario,820210,Servicio de Catastro e Información Territorial,IGN
2015,8590,2015-10-11,Domingo,0.0,17:20:00,,0.0,2,"Automóvil,Bicicleta",Pje. Humboldt Y Av. Uriburu,2,0,0,0,1,1,0,"-32.990666666667, -60.647222222222",Avenida,,ROSARIO,Rosario,Asfalto,No existe,II,Dentro,Urbana,Ninguna,No existe,Recta,Bueno,Buena,Diurna,Buen Tiempo,S/D,S/D,Atropello,Ninguna,S/D,Vegetación,Sin restricción,"-32.990666666667, -60.647222222222","['Humboldt', 'Uriburu']",2,,-32.990666666667,-60.647222222222,55.0,538.0,Municipio Rosario,Municipio,Rosario,820210,Servicio de Catastro e Información Territorial,IGN
2015,8694,2015-10-05,Lunes,0.0,01:00:00,,0.0,2,"Moto/Ciclomotor,Transporte de Pasajeros Larga Distancia (> 8 asientos)",Av. Ntra.Sra.del Rosario Y Ayacucho,3,1,0,0,1,1,0,"-32.999472222222,-60.636333333333",Avenida,,ROSARIO,Rosario,Asfalto,No existe,II,Dentro,Urbana,Semáforo,Intermitente,Intersección,Bueno,Buena,Nocturna,S/D,Lateral,S/D,Colisión,Ninguna,"Horizontal,Vertical",Línea divisoria pintada,Sin restricción,"-32.999472222222,-60.636333333333","['Nuestra Señora del Rosario', 'Ayacucho']",2,,-32.999472222222,-60.636333333333,55.0,538.0,Municipio Rosario,Municipio,Rosario,820210,Servicio de Catastro e Información Territorial,IGN
2015,8702,2015-10-03,Sabado,0.0,06:40:00,,0.0,2,"Automóvil,Automóvil",3 De Febrero Y L.N.Alem,2,0,0,0,1,1,0,"-32.954444444444,-60.629888888889",Calle,,ROSARIO,Rosario,Asfalto,S/D,II,Dentro,Urbana,S/D,S/D,Intersección,Bueno,Buena,Diurna,S/D,Lateral,S/D,Colisión,S/D,S/D,Cordón divisorio,S/D,"-32.954444444444,-60.629888888889","['3 de Febrero', 'Alem']",2,,-32.954444444444,-60.629888888889,55.0,538.0,Municipio Rosario,Municipio,Rosario,820210,Servicio de Catastro e Información Territorial,IGN
2015,8712,2015-07-09,Jueves,0.0,10:30:00,,0.0,2,"Moto/Ciclomotor,Pickup/Utilitario",Biedma Y Larrea,2,0,0,0,1,1,0,"-32.974489, -60.695961",Calle,,ROSARIO,Rosario,S/D,S/D,II,Dentro,Urbana,S/D,S/D,Intersección,S/D,S/D,Diurna,S/D,S/D,S/D,Colisión,S/D,S/D,S/D,S/D,"-32.974489, -60.695961","['Coronel Biedma', 'Larrea']",2,,-32.974489,-60.695961,55.0,538.0,Municipio Rosario,Municipio,Rosario,820210,Servicio de Catastro e Información Territorial,IGN
2015,8768,2015-10-01,Jueves,0.0,00:30:00,,0.0,1,Moto/Ciclomotor,Tucuman 3000,2,0,1,0,0,1,0,"-32.937090, -60.663076",Calle,,ROSARIO,Rosario,Asfalto,S/D,II,Fuera,Urbana,S/D,S/D,Recta,Bueno,S/D,Nocturna,S/D,Contra objeto fijo,S/D,Colisión,S/D,S/D,S/D,S/D,"-32.937090, -60.663076",['Tucuman 3000'],1,,-32.93709,-60.663076,55.0,538.0,Municipio Rosario,Municipio,Rosario,820210,Servicio de Catastro e Información Territorial,IGN
2015,8896,2015-09-19,Sabado,0.0,03:00:00,,0.0,1,Moto/Ciclomotor,COLECTORA ESTE  Y PASCO,1,0,0,0,0,1,0,"-32.962952, -60.622514",Calle,,ROSARIO,Rosario,S/D,S/D,II,Dentro,Urbana,S/D,S/D,Intersección,S/D,S/D,Nocturna,S/D,Contra objeto fijo,S/D,Colisión,S/D,S/D,Guardarrail,S/D,"-32.962952, -60.622514","['Colectora Este', 'Pasco']",2,,-32.962952,-60.622514,55.0,538.0,Municipio Rosario,Municipio,Rosario,820210,Servicio de Catastro e Información Territorial,IGN
2015,8961,2015-07-06,Lunes,0.0,23:30:00,,0.0,2,"Moto/Ciclomotor,Automóvil",Callao Y Olegario V.Andrade,2,0,0,0,1,1,0,"-32.996600, -60.671872",Calle,,ROSARIO,Rosario,Asfalto,No existe,II,Dentro,Urbana,Ninguna,No existe,Intersección,Bueno,Buena,"Nocturna,Con luz artificial",Buen Tiempo,Lateral,S/D,Colisión,S/D,Faltante,"Ninguna,S/D",Sin restricción,"-32.996600, -60.671872","['Callao', 'Olegario V Andrade']",2,,-32.9966,-60.671872,55.0,538.0,Municipio Rosario,Municipio,Rosario,820210,Servicio de Catastro e Información Territorial,IGN