anio_acci,nro_acci,fecha,desc_dia,fecha_aprox,hora_aprox,desc_ruta,km,cant_participantes,desc_participante,calle_avenida_km,total,heridos_leves,heridos_graves,heridos_gravisimos,ilesos,fallecidos,sin_datos,posicion_XY,desc_tipo_via,desc_ruta_ori,desc_loc,desc_dpto,desc_tipo_calzada,desc_tipo_banquina,desc_unidad_regional,desc_lugar_calzada,desc_zona,desc_prioridad,desc_estado_semaforo,desc_lugar_via,desc_estado_via,desc_estado_visibilidad,desc_luminosidad,desc_estado_clima,desc_tipo_colision,desc_tipo_atropello,desc_tipo_hecho,desc_pres_calzada,desc_senializacion,desc_separacion_via,desc_restriccion,forma_geocod,calle_lista,numero_calles,calles_osm,lat,lon,index_right,gid,fna,gna,nam,in1,fdc,sag
2015,9203,2015-11-14,Sabado,0.0,00:15:00,,0.0,2,"Moto/Ciclomotor,Peatón",Costanera 1600,2,1,0,0,0,1,0,"-32.997039, -60.615683",Calle,,ROSARIO,Rosario,Asfalto,No existe,II,Dentro,Urbana,Semáforo,Funciona,Recta,Bueno,Buena,"Nocturna,Con luz artificial",Buen Tiempo,S/D,S/D,Atropello,Ninguna,Vertical,Ninguna,Sin restricción,"-32.997039, -60.615683",['Costanera 1600'],1,,-32.997039,-60.615683,55.0,538.0,Municipio Rosario,Municipio,Rosario,820210,Servicio de Catastro e Información Territorial,IGN
2015,9292,2015-07-13,Lunes,0.0,,,0.0,1,Otros, ,1,0,0,0,0,1,0,"-32.943713, -60.653431",S/D,,ROSARIO,Rosario,S/D,S/D,II,S/D,S/D,S/D,S/D,S/D,S/D,S/D,S/D,S/D,S/D,S/D,S/D,S/D,S/D,S/D,S/D,"-32.943713, -60.653431",[''],0,,-32.943713,-60.653431,55.0,538.0,Municipio Rosario,Municipio,Rosario,820210,Servicio de Catastro e Información Territorial,IGN
2015,9444,2015-08-03,Lunes,0.0,,,0.0,1,Otros, ,1,0,0,0,0,1,0,"-32.944820, -60.653667",S/D,,ROSARIO,Rosario,S/D,S/D,II,S/D,S/D,S/D,S/D,S/D,S/D,S/D,S/D,S/D,S/D,S/D,S/D,S/D,S/D,S/D,S/D,"-32.944820, -60.653667",[''],0,,-32.94482,-60.653667,55.0,538.0,Municipio Rosario,Municipio,Rosario,820210,Servicio de Catastro e Información Territorial,IGN
2015,9454,2015-11-05,Jueves,0.0,13:30:00,,0.0,2,"Bicicleta,Camión",Buenos Aires Y Biedma,2,0,0,0,1,1,0,"-32.982337, -60.641578",Calle,,ROSARIO,Rosario,Asfalto,No existe,II,Dentro,Urbana,Ninguna,No existe,Recta,Bueno,Buena,Diurna,Buen Tiempo,S/D,S/D,Atropello,Ninguna,S/D,Ninguna,Sin restricción,"-32.982337, -60.641578","['Buenos Aires', 'Coronel Biedma']",2,,-32.982337,-60.641578,55.0,538.0,Municipio Rosario,Municipio,Rosario,820210,Servicio de Catastro e Información Territorial,IGN
2015,9509,2015-11-21,Sabado,0.0,03:30:00,,0.0,1,Moto/Ciclomotor,Av. Sorrento Y Av. Provincias Unidas,1,0,0,0,0,1,0,"-32.908022, -60.713989",Avenida,,ROSARIO,Rosario,Asfalto,No existe,II,Dentro,Urbana,S/D,S/D,S/D,S/D,S/D,Nocturna,S/D,Contra objeto fijo,S/D,Colisión,S/D,S/D,S/D,S/D,"-32.908022, -60.713989","['Sorrento', 'Avenida Provincias Unidas']",2,,-32.908022,-60.713989,55.0,538.0,Municipio Rosario,Municipio,Rosario,820210,Servicio de Catastro e Información Territorial,IGN
2015,9512,2015-11-21,Sabado,0.0,10:30:00,,0.0,2,"Moto/Ciclomotor,Otros",Pje. Chizzini Bis Y Av. Brassey,2,0,0,0,0,1,1,"-32.923211, -60.745751",Calle,,ROSARIO,Rosario,S/D,S/D,II,Dentro,Urbana,S/D,S/D,S/D,S/D,S/D,Diurna,S/D,S/D,S/D,Colisión,S/D,S/D,S/D,S/D,"-32.923211, -60.745751","['Chizini', 'Brassey']",2,,-32.923211,-60.745751,55.0,538.0,Municipio Rosario,Municipio,Rosario,820210,Servicio de Catastro e Información Territorial,IGN
2015,9557,2015-12-26,Sabado,0.0,02:15:00,,0.0,1,Automóvil,Roullon Y Virasoro,6,1,3,0,0,2,0,"-32.961338, -60.701439",S/D,,ROSARIO,Rosario,S/D,S/D,II,S/D,Urbana,S/D,S/D,Recta,S/D,S/D,Nocturna,S/D,Contra objeto fijo,S/D,Colisión,S/D,S/D,S/D,S/D,"-32.961338, -60.701439","['Alfredo Rouillón', 'Virasoro']",2,,-32.961338,-60.701439,55.0,538.0,Municipio Rosario,Municipio,Rosario,820210,Servicio de Catastro e Información Territorial,IGN
2015,9756,2015-12-11,Viernes,0.0,10:50:00,,0.0,2,"Automóvil,Moto/Ciclomotor",Machain Y Blas Parera,2,0,0,0,1,1,0,"-32.901375, -60.697508",Calle,,ROSARIO,Rosario,Asfalto,No existe,II,Dentro,Urbana,Ninguna,No existe,Intersección,Bueno,Buena,Diurna,Buen Tiempo,Frontal,S/D,Colisión,Ninguna,Faltante,Ninguna,Sin restricción,"-32.901375, -60.697508","['Machain', 'Blas Parera']",2,,-32.901375,-60.697508,55.0,538.0,Municipio Rosario,Municipio,Rosario,820210,Servicio de Catastro e Información Territorial,IGN
2015,9878,2015-08-03,Lunes,0.0,,,0.0,1,Otros, ,1,0,0,0,0,1,0,"-32.946389, -60.653828",S/D,,ROSARIO,Rosario,S/D,S/D,II,S/D,S/D,S/D,S/D,S/D,S/D,S/D,S/D,S/D,S/D,S/D,S/D,S/D,S/D,S/D,S/D,"-32.946389, -60.653828",[''],0,,-32.946389,-60.653828,55.0,538.0,Municipio Rosario,Municipio,Rosario,820210,Servicio de Catastro e Información Territorial,IGN
2015,9887,2015-08-01,Sabado,0.0,,,0.0,2,"Bicicleta,Peatón", ,2,0,0,0,0,1,1,"-32.947469, -60.654128",S/D,,ROSARIO,Rosario,S/D,S/D,II,S/D,S/D,S/D,S/D,S/D,S/D,S/D,S/D,S/D,S/D,S/D,Atropello,S/D,S/D,S/D,S/D,"-32.947469, -60.654128",[''],0,,-32.947469,-60.654128,55.0,538.0,Municipio Rosario,Municipio,Rosario,820210,Servicio de Catastro e Información Territorial,IGN
2015,9889,2015-08-24,Lunes,0.0,,,0.0,1,Otros, ,1,0,0,0,0,1,0,"-32.946082, -60.655351",S/D,,ROSARIO,Rosario,S/D,S/D,II,S/D,S/D,S/D,S/D,S/D,S/D,S/D,S/D,S/D,S/D,S/D,S/D,S/D,S/D,S/D,S/D,"-32.946082, -60.655351",[''],0,,-32.946082,-60.655351,55.0,538.0,Municipio Rosario,Municipio,Rosario,820210,Servicio de Catastro e Información Territorial,IGN
2015,9948,2015-09-18,Viernes,0.0,,,0.0,1,Otros, ,1,0,0,0,0,1,0,"-32.947171, -60.655662",S/D,,ROSARIO,Rosario,S/D,S/D,II,S/D,S/D,S/D,S/D,S/D,S/D,S/D,S/D,S/D,S/D,S/D,S/D,S/D,S/D,S/D,S/D,"-32.947171, -60.655662",[''],0,,-32.947171,-60.655662,55.0,538.0,Municipio Rosario,Municipio,Rosario,820210,Servicio de Catastro e Información Territorial,IGN
2015,10127,2015-09-29,Martes,0.0,,,0.0,1,Otros, ,1,0,0,0,0,1,0,"-32.945883, -60.656649",S/D,,ROSARIO,Rosario,S/D,S/D,II,S/D,S/D,S/D,S/D,S/D,S/D,S/D,S/D,S/D,S/D,S/D,S/D,S/D,S/D,S/D,S/D,"-32.945883, -60.656649",[''],0,,-32.945883,-60.656649,55.0,538.0,Municipio Rosario,Municipio,Rosario,820210,Servicio de Catastro e Información Territorial,IGN
2015,10143,2015-10-18,Domingo,0.0,,,0.0,1,Otros, ,1,0,0,0,0,1,0,"-32.954625, -60.656232",S/D,,ROSARIO,Rosario,S/D,S/D,II,S/D,S/D,S/D,S/D,S/D,S/D,S/D,S/D,S/D,S/D,S/D,S/D,S/D,S/D,S/D,S/D,"-32.954625, -60.656232",[''],0,,-32.954625,-60.656232,55.0,538.0,Municipio Rosario,Municipio,Rosario,820210,Servicio de Catastro e Información Territorial,IGN
2015,10193,2015-11-21,Sabado,0.0,,,0.0,1,Otros, ,1,0,0,0,0,1,0,"-32.927090, -60.676177",S/D,,ROSARIO,Rosario,S/D,S/D,II,S/D,S/D,S/D,S/D,S/D,S/D,S/D,S/D,S/D,S/D,S/D,S/D,S/D,S/D,S/D,S/D,"-32.927090, -60.676177",[''],0,,-32.92709,-60.676177,55.0,538.0,Municipio Rosario,Municipio,Rosario,820210,Servicio de Catastro e Información Territorial,IGN
2015,10201,2015-11-01,Domingo,0.0,,,0.0,1,Otros, ,1,0,0,0,0,1,0,"-32.928891, -60.676585",S/D,,ROSARIO,Rosario,S/D,S/D,II,S/D,S/D,S/D,S/D,S/D,S/D,S/D,S/D,S/D,S/D,S/D,S/D,S/D,S/D,S/D,S/D,"-32.928891, -60.676585",[''],0,,-32.928891,-60.676585,55.0,538.0,Municipio Rosario,Municipio,Rosario,820210,Servicio de Catastro e Información Territorial,IGN
2015,10239,2015-12-15,Martes,0.0,,,0.0,1,Otros, ,1,0,0,0,0,1,0,"-32.926703, -60.679921",S/D,,ROSARIO,Rosario,S/D,S/D,I,S/D,S/D,S/D,S/D,S/D,S/D,S/D,S/D,S/D,S/D,S/D,S/D,S/D,S/D,S/D,S/D,"-32.926703, -60.679921",[''],0,,-32.926703,-60.679921,55.0,538.0,Municipio Rosario,Municipio,Rosario,820210,Servicio de Catastro e Información Territorial,IGN
2015,10298,2015-12-06,Domingo,0.0,,,0.0,1,Camión, ,2,0,0,0,0,1,1,"-32.955831, -60.649245",S/D,,ROSARIO,Rosario,S/D,S/D,II,S/D,S/D,S/D,S/D,S/D,S/D,S/D,S/D,S/D,S/D,S/D,Vuelco,S/D,S/D,S/D,S/D,"-32.955831, -60.649245",[''],0,,-32.955831,-60.649245,55.0,538.0,Municipio Rosario,Municipio,Rosario,820210,Servicio de Catastro e Información Territorial,IGN
2015,10299,2015-12-31,Jueves,0.0,,,0.0,1,Otros, ,1,0,0,0,0,1,0,"-32.956567, -60.645058",S/D,,ROSARIO,Rosario,S/D,S/D,II,S/D,S/D,S/D,S/D,S/D,S/D,S/D,S/D,S/D,S/D,S/D,S/D,S/D,S/D,S/D,S/D,"-32.956567, -60.645058",[''],0,,-32.956567,-60.645058,55.0,538.0,Municipio Rosario,Municipio,Rosario,820210,Servicio de Catastro e Información Territorial,IGN
2015,10301,2015-12-21,Lunes,0.0,,,0.0,1,Otros, ,1,0,0,0,0,1,0,"-32.934493, -60.677937",S/D,,ROSARIO,Rosario,S/D,S/D,II,S/D,S/D,S/D,S/D,S/D,S/D,S/D,S/D,S/D,S/D,S/D,S/D,S/D,S/D,S/D,S/D,"-32.934493, -60.677937",[''],0,,-32.934493,-60.677937,55.0,538.0,Municipio Rosario,Municipio,Rosario,820210,Servicio de Catastro e Información Territorial,IGN
2016,25,2016-02-28,Domingo,0.0,20:15:00,,0.0,3,"Moto/Ciclomotor,Bicicleta,Automóvil",Av. Avellaneda B 5100,3,1,0,0,1,1,0,"-32.998307, -60.688805",Avenida,,ROSARIO,Rosario,S/D,No existe,II,S/D,Urbana,S/D,No existe,Recta,S/D,Buena,Nocturna,Buen Tiempo,Múltiple,S/D,"Colisión,Atropello",Ninguna,Faltante,Cordón divisorio,Sin restricción,"-32.998307, -60.688805",['Avellaneda B 5100'],1,,-32.998307,-60.688805,55.0,538.0,Municipio Rosario,Municipio,Rosario,820210,Servicio de Catastro e Información Territorial,IGN
2016,26,2016-02-22,Lunes,0.0,0:55:00,,0.0,2,"Moto/Ciclomotor,Moto/Ciclomotor",J.J.Paso Y Magallanes,4,1,2,0,0,1,0,"-32.919972222222,-60.705361111111",Calle,,ROSARIO,Rosario,Asfalto,No existe,II,Dentro,Urbana,S/D,No existe,Intersección,Bueno,S/D,Nocturna,S/D,S/D,S/D,Colisión,Otro,S/D,S/D,S/D,"-32.919972222222,-60.705361111111","['Paso', 'Magallanes']",2,,-32.919972222222,-60.705361111111,55.0,538.0,Municipio Rosario,Municipio,Rosario,820210,Servicio de Catastro e Información Territorial,IGN
2016,27,2016-02-20,Sabado,0.0,12:10:00,,0.0,2,"Automóvil,Peatón",Av. Francia Y San Luis,3,0,0,0,2,1,0,"-32.944111111111,-60.666277777778",Avenida,,ROSARIO,Rosario,Asfalto,S/D,II,Dentro,Urbana,S/D,S/D,S/D,S/D,S/D,Diurna,S/D,S/D,S/D,Atropello,S/D,S/D,S/D,S/D,"-32.944111111111,-60.666277777778","['Avenida Francia', 'San Luis']",2,,-32.944111111111,-60.666277777778,55.0,538.0,Municipio Rosario,Municipio,Rosario,820210,Servicio de Catastro e Información Territorial,IGN
2016,64,2016-03-24,Jueves,0.0,0:30:00,,0.0,2,"Bicicleta,Otros",VIADUCTO PUENTE SORRENTO ,2,0,0,0,0,1,1,"-32.907664, -60.705737",Calle,,ROSARIO,Rosario,Hormigón,S/D,II,Dentro,Urbana,S/D,S/D,S/D,S/D,S/D,Amanecer,S/D,S/D,S/D,Atropello,S/D,S/D,S/D,S/D,"-32.907664, -60.705737",['Viaducto Puente Sorrento'],1,,-32.907664,-60.705737,55.0,538.0,Municipio Rosario,Municipio,Rosario,820210,Servicio de Catastro e Información Territorial,IGN
2016,78,2016-03-12,Sabado,0.0,7:30:00,,0.0,1,Moto/Ciclomotor,AV. FRANCIA Y PJE. VENECIA,2,0,0,0,0,2,0,"-32.928291, -60.662302",Calle,,ROSARIO,Rosario,S/D,S/D,II,Dentro,Urbana,S/D,S/D,Intersección,S/D,S/D,Diurna,S/D,S/D,S/D,"Caída ocupante,Vuelco",S/D,S/D,S/D,S/D,"-32.928291, -60.662302","['Avenida Francia', 'Venecia']",2,,-32.928291,-60.662302,55.0,538.0,Municipio Rosario,Municipio,Rosario,820210,Servicio de Catastro e Información Territorial,IGN
2016,191,2016-04-24,Domingo,0.0,21:35:00,,0.0,2,"Automóvil,Automóvil",Av. Arijon Y Av. Bermudez,10,6,0,0,2,2,0,"-33.002846, -60.642530",Avenida,,ROSARIO,Rosario,Asfalto,No existe,II,Dentro,Urbana,Ninguna,No existe,Intersección,Con baches,Reducida,Nocturna,Otro,Otro,S/D,Colisión,Ninguna,Faltante,Línea divisoria pintada,Sin restricción,"-33.002846, -60.642530","['Avenida Manuel Arijón', 'Bermudez']",2,,-33.002846,-60.64253,55.0,538.0,Municipio Rosario,Municipio,Rosario,820210,Servicio de Catastro e Información Territorial,IGN
2016,193,2016-04-16,Sabado,0.0,13:00:00,,0.0,2,"Moto/Ciclomotor,Automóvil",Bv. Segui Y San Nicolas,2,0,0,0,1,1,0,"-32.972932, -60.680538",Calle,,ROSARIO,Rosario,Asfalto,No existe,II,S/D,Urbana,Semáforo,Funciona,Intersección,Bueno,Buena,Diurna,Buen Tiempo,Frontal,S/D,Colisión,Ninguna,Faltante,Cordón divisorio,Sin restricción,"-32.972932, -60.680538","['Bulevar Juan Francisco Seguí', 'San Nicolás']",2,,-32.972932,-60.680538,55.0,538.0,Municipio Rosario,Municipio,Rosario,820210,Servicio de Catastro e Información Territorial,IGN
2016,392,2016-01-14,Jueves,0.0,17:40:00,,0.0,2,"Moto/Ciclomotor,Moto/Ciclomotor",Pasco 1683,2,0,0,0,1,1,0,"-32.958111111111,-60.649583333333",Calle,,ROSARIO,Rosario,S/D,S/D,II,Dentro,Urbana,S/D,S/D,Recta,S/D,S/D,Diurna,S/D,S/D,S/D,Colisión,S/D,S/D,S/D,S/D,"-32.958111111111,-60.649583333333",['Pasco 1683'],1,,-32.958111111111,-60.649583333333,55.0,538.0,Municipio Rosario,Municipio,Rosario,820210,Servicio de Catastro e Información Territorial,IGN
2016,533,2016-04-05,Martes,0.0,20:00:00,,0.0,2,"Automóvil,Moto/Ciclomotor",Bv. Rondeau 4100,2,0,0,0,1,1,0,"-32.876888888889,-60.697666666667",Avenida,,ROSARIO,Rosario,"Asfalto,Hormigón",S/D,II,Dentro,Urbana,S/D,S/D,Recta,Bueno,Buena,Nocturna,Lluvia,Contra objeto fijo,S/D,Colisión,Agua,S/D,S/D,S/D,"-32.876888888889,-60.697666666667",['Rondeau 4100'],1,,-32.876888888889,-60.697666666667,55.0,538.0,Municipio Rosario,Municipio,Rosario,820210,Servicio de Catastro e Información Territorial,IGN
2016,534,2016-04-22,Viernes,0.0,20:00:00,,0.0,1,Moto/Ciclomotor,P.Araoz 700,1,0,0,0,0,1,0,"-32.873027777778,-60.697222222222",Calle,,ROSARIO,Rosario,Asfalto,Pavimento,II,S/D,S/D,S/D,S/D,Curva,Bueno,Buena,Atardecer,S/D,S/D,S/D,S/D,Ninguna,S/D,S/D,S/D,"-32.873027777778,-60.697222222222",['P Araoz 700'],1,,-32.873027777778,-60.697222222222,55.0,538.0,Municipio Rosario,Municipio,Rosario,820210,Servicio de Catastro e Información Territorial,IGN
2016,535,2016-05-18,Miercoles,0.0,3:10:00,,0.0,2,"Taxi/Remis,Vehículo Oficial",ROUILLON Y BV. SEGUI,3,2,0,0,0,1,0,"-32.970833333333,-60.701055555556",Calle,,ROSARIO,Rosario,Asfalto,No existe,II,Dentro,Urbana,Semáforo,Intermitente,Intersección,Bueno,Buena,Nocturna,Otro,Lateral,S/D,Colisión,Ninguna,Vertical,Ninguna,Sin restricción,"-32.970833333333,-60.701055555556","['Alfredo Rouillón', 'Bulevar Juan Francisco Seguí']",2,,-32.970833333333,-60.701055555556,55.0,538.0,Municipio Rosario,Municipio,Rosario,820210,Servicio de Catastro e Información Territorial,IGN
2016,548,2016-05-19,Jueves,0.0,22:00:00,,0.0,2,"Moto/Ciclomotor,Pickup/Utilitario",Bv. 27 de Febrero Y Colectora de Circunvalación,2,0,0,0,1,1,0,"-32.959574, -60.720588",Avenida,,ROSARIO,Rosario,S/D,S/D,II,S/D,Urbana,S/D,S/D,Intersección,S/D,S/D,Nocturna,S/D,S/D,S/D,Colisión,S/D,S/D,S/D,S/D,"-32.959574, -60.720588","['27 de Febrero', 'Colectora de Circunvalación']",2,,-32.959574,-60.720588,55.0,538.0,Municipio Rosario,Municipio,Rosario,820210,Servicio de Catastro e Información Territorial,IGN
2016,556,2016-02-06,Sabado,0.0,3:50:00,,0.0,1,Moto/Ciclomotor,Tucuman Y Santiago,1,0,0,0,0,1,0,"-32.938833333333,-60.6535",Calle,,ROSARIO,Rosario,S/D,S/D,II,Dentro,Urbana,S/D,S/D,Recta,S/D,S/D,Nocturna,S/D,Contra objeto fijo,S/D,Colisión,S/D,S/D,S/D,S/D,"-32.938833333333,-60.6535","['Tucumán', 'Santiago']",2,,-32.938833333333,-60.6535,55.0,538.0,Municipio Rosario,Municipio,Rosario,820210,Servicio de Catastro e Información Territorial,IGN
2016,566,2016-02-11,Jueves,0.0,15:40:00,,0.0,2,"Moto/Ciclomotor,Automóvil",L.N.Alem Y Centeno,2,1,0,0,1,0,0,"-32.986583333333,-60.637972222222",Calle,,ROSARIO,Rosario,S/D,S/D,II,Dentro,Urbana,S/D,S/D,Intersección,S/D,S/D,Diurna,S/D,S/D,S/D,Colisión,S/D,S/D,S/D,S/D,"-32.986583333333,-60.637972222222","['Alem', 'Centeno']",2,,-32.986583333333,-60.637972222222,55.0,538.0,Municipio Rosario,Municipio,Rosario,820210,Servicio de Catastro e Información Territorial,IGN
2016,1538,2016-04-21,Jueves,0.0,9:30:00,,0.0,2,"Automóvil,Automóvil",Mitre Y Cordoba,4,1,0,0,2,1,0,"-32.946161, -60.639484",Calle,,ROSARIO,Rosario,Asfalto,Pavimento,II,Dentro,Urbana,Ninguna,No existe,Recta,Bueno,Buena,Diurna,Buen Tiempo,De alcance,S/D,Colisión,S/D,Faltante,Cordón divisorio,Sin restricción,"-32.946161, -60.639484","['Mitre', 'Córdoba']",2,,-32.946161,-60.639484,55.0,538.0,Municipio Rosario,Municipio,Rosario,820210,Servicio de Catastro e Información Territorial,IGN
2016,1727,2016-01-10,Domingo,0.0,9:00:00,,0.0,2,"Moto/Ciclomotor,Automóvil",Bv. Segui Y Crespo,2,0,0,0,1,1,0,"-32.973686, -60.676502",Avenida,,ROSARIO,Rosario,Asfalto,S/D,II,Dentro,Urbana,S/D,S/D,Intersección,Bueno,Buena,Diurna,Buen Tiempo,Lateral,S/D,Colisión,S/D,S/D,S/D,S/D,"-32.973686, -60.676502","['Bulevar Juan Francisco Seguí', 'Crespo']",2,,-32.973686,-60.676502,55.0,538.0,Municipio Rosario,Municipio,Rosario,820210,Servicio de Catastro e Información Territorial,IGN
2016,2039,2016-01-13,Miercoles,0.0,,,0.0,1,Otros, ,1,0,0,0,0,1,0,"-32.941370, -60.712507",S/D,,ROSARIO,Rosario,S/D,S/D,II,S/D,S/D,S/D,S/D,S/D,S/D,S/D,S/D,S/D,S/D,S/D,S/D,S/D,S/D,S/D,S/D,"-32.941370, -60.712507",[''],0,,-32.94137,-60.712507,55.0,538.0,Municipio Rosario,Municipio,Rosario,820210,Servicio de Catastro e Información Territorial,IGN
2016,3306,2016-06-13,Lunes,0.0,4:15:00,,0.0,2,"Automóvil,Otros",Av. Circunvalacion Y Av. Pellegrini,2,0,0,0,0,1,1,"-32.948921, -60.722030",Calle,,ROSARIO,Rosario,Asfalto,Pavimento,II,Dentro,Urbana,Ninguna,No existe,S/D,Bueno,Buena,Nocturna,Buen Tiempo,Frontal,S/D,Colisión,S/D,Faltante,S/D,Sin restricción,"-32.948921, -60.722030","['Circunvalacion', 'Pellegrini']",2,,-32.948921,-60.72203,55.0,538.0,Municipio Rosario,Municipio,Rosario,820210,Servicio de Catastro e Información Territorial,IGN
2016,3318,2016-03-31,Jueves,0.0,21:00:00,,0.0,2,"Moto/Ciclomotor,Automóvil",Campbell Y Rio Negro,2,0,0,0,1,1,0,"-32.942370, -60.707884",Calle,,ROSARIO,Rosario,Hormigón,S/D,II,Dentro,Urbana,S/D,S/D,Intersección,S/D,S/D,Nocturna,S/D,Lateral,S/D,Colisión,S/D,S/D,S/D,S/D,"-32.942370, -60.707884","['Campbell', 'Rio Negro']",2,,-32.94237,-60.707884,55.0,538.0,Municipio Rosario,Municipio,Rosario,820210,Servicio de Catastro e Información Territorial,IGN
2016,3383,2016-06-12,Domingo,0.0,22:45:00,,0.0,2,"Automóvil,Bicicleta",J.J.Paso 7200,2,0,0,0,1,1,0,"-32.920423, -60.719387",Avenida,,ROSARIO,Rosario,Asfalto,Pavimento,II,Dentro,Urbana,Semáforo,Funciona,Recta,Bueno,Buena,"Nocturna,Con luz artificial",Buen Tiempo,S/D,Ciclista,Atropello,S/D,Vertical,Cordón divisorio,S/D,"-32.920423, -60.719387",['Juan José Paso 7200'],1,,-32.920423,-60.719387,55.0,538.0,Municipio Rosario,Municipio,Rosario,820210,Servicio de Catastro e Información Territorial,IGN
2016,3384,2016-06-05,Domingo,0.0,0:00:00,,0.0,2,"Tren,Peatón",AVELLANEDA Y VIAS FERREAS ,2,0,0,0,1,1,0,"-32.982435, -60.688685",Calle,,ROSARIO,Rosario,S/D,No existe,II,Dentro,Urbana,Ninguna,No existe,Cruce,S/D,S/D,Nocturna,Buen Tiempo,S/D,Peatón,Atropello,Ninguna,S/D,Ninguna,S/D,"-32.982435, -60.688685","['Avellaneda', 'Vias Ferreas']",2,,-32.982435,-60.688685,55.0,538.0,Municipio Rosario,Municipio,Rosario,820210,Servicio de Catastro e Información Territorial,IGN
2016,3460,2016-06-09,Jueves,0.0,16:50:00,,0.0,2,"Pickup/Utilitario,Bicicleta",Bv. Segui Y Balcarce,2,0,0,0,1,1,0,"-32.976602, -60.660154",Calle,,ROSARIO,Rosario,Asfalto,No existe,II,Dentro,Urbana,Ninguna,No existe,Intersección,Bueno,Buena,Diurna,Buen Tiempo,De alcance,S/D,Colisión,Ninguna,Faltante,Ninguna,Sin restricción,"-32.976602, -60.660154","['Bulevar Juan Francisco Seguí', 'Balcarce']",2,,-32.976602,-60.660154,55.0,538.0,Municipio Rosario,Municipio,Rosario,820210,Servicio de Catastro e Información Territorial,IGN
2016,5024,2016-05-19,Jueves,0.0,,,0.0,2,"Automóvil,Moto/Ciclomotor",Pje. Pozos Y Ciudadela,2,0,0,0,1,1,0,"-32.892444444444,-60.728555555556",Calle,,ROSARIO,Rosario,S/D,S/D,II,Dentro,Urbana,S/D,S/D,Intersección,S/D,S/D,Diurna,S/D,S/D,S/D,Colisión,S/D,S/D,S/D,S/D,"-32.892444444444,-60.728555555556","['Pozos', 'Ciudadela']",2,,-32.892444444444,-60.728555555556,55.0,538.0,Municipio Rosario,Municipio,Rosario,820210,Servicio de Catastro e Información Territorial,IGN
2016,5036,2016-05-30,Lunes,0.0,5:50:00,,0.0,1,Moto/Ciclomotor,Av. Eva Peron 6800,1,0,0,0,0,1,0,"-32.932722222222,-60.71425",Avenida,,ROSARIO,Rosario,S/D,S/D,II,Dentro,Urbana,S/D,S/D,Recta,S/D,S/D,Nocturna,S/D,Contra objeto fijo,S/D,Colisión,S/D,S/D,S/D,S/D,"-32.932722222222,-60.71425",['Eva Peron 6800'],1,,-32.932722222222,-60.71425,55.0,538.0,Municipio Rosario,Municipio,Rosario,820210,Servicio de Catastro e Información Territorial,IGN
2016,5129,2016-02-01,Lunes,1.0,,,0.0,1,Otros, ,1,0,0,0,0,1,0,"-32.948251, -60.693697",S/D,,ROSARIO,Rosario,S/D,S/D,II,S/D,S/D,S/D,S/D,S/D,S/D,S/D,S/D,S/D,S/D,S/D,S/D,S/D,S/D,S/D,S/D,"-32.948251, -60.693697",[''],0,,-32.948251,-60.693697,55.0,538.0,Municipio Rosario,Municipio,Rosario,820210,Servicio de Catastro e Información Territorial,IGN
2016,5130,2016-02-01,Lunes,1.0,,,0.0,1,Otros, ,1,0,0,0,0,1,0,"-32.934488, -60.703825",S/D,,ROSARIO,Rosario,S/D,S/D,II,S/D,S/D,S/D,S/D,S/D,S/D,S/D,S/D,S/D,S/D,S/D,S/D,S/D,S/D,S/D,S/D,"-32.934488, -60.703825",[''],0,,-32.934488,-60.703825,55.0,538.0,Municipio Rosario,Municipio,Rosario,820210,Servicio de Catastro e Información Territorial,IGN
2016,5132,2016-07-03,Domingo,0.0,12:30:00,,0.0,2,"Transporte de Pasajeros,Peatón",Tucuman Y Callao,2,0,0,0,1,1,0,"-32.937861111111,-60.658944444444",Calle,,ROSARIO,Rosario,S/D,S/D,II,Dentro,Urbana,S/D,S/D,Intersección,S/D,S/D,Diurna,S/D,S/D,Peatón,Atropello,S/D,S/D,S/D,S/D,"-32.937861111111,-60.658944444444","['Tucumán', 'Callao']",2,,-32.937861111111,-60.658944444444,55.0,538.0,Municipio Rosario,Municipio,Rosario,820210,Servicio de Catastro e Información Territorial,IGN
2016,5133,2016-07-02,Sabado,0.0,23:30:00,,0.0,2,"Taxi/Remis,Moto/Ciclomotor",Av. Battle y Ordoñez Y Buenos Aires,2,0,0,0,1,1,0,"-33.008805555556,-60.644666666667",Avenida,,ROSARIO,Rosario,S/D,S/D,II,Dentro,Urbana,S/D,S/D,Intersección,S/D,S/D,Nocturna,S/D,S/D,S/D,Colisión,S/D,S/D,S/D,S/D,"-33.008805555556,-60.644666666667","['Avenida Battle y Ordoñez', 'Buenos Aires']",2,,-33.008805555556,-60.644666666667,55.0,538.0,Municipio Rosario,Municipio,Rosario,820210,Servicio de Catastro e Información Territorial,IGN
2016,5278,2016-07-17,Domingo,0.0,4:15:00,,0.0,1,Moto/Ciclomotor,Av. Uriburu ,2,1,0,0,0,1,0,"-32.991077, -60.660711",Avenida,,ROSARIO,Rosario,Asfalto,No existe,II,Dentro,Urbana,Ninguna,No existe,Recta,Bueno,Buena,"Nocturna,Con luz artificial",Buen Tiempo,Contra objeto fijo,S/D,Colisión,Ninguna,Faltante,Ninguna,Sin restricción,"-32.991077, -60.660711",['Uriburu'],1,,-32.991077,-60.660711,55.0,538.0,Municipio Rosario,Municipio,Rosario,820210,Servicio de Catastro e Información Territorial,IGN
2016,5465,2016-03-01,Martes,1.0,,,0.0,1,Otros, ,1,0,0,0,0,1,0,"-32.958524, -60.691951",S/D,,ROSARIO,Rosario,S/D,S/D,II,S/D,S/D,S/D,S/D,S/D,S/D,S/D,S/D,S/D,S/D,S/D,S/D,S/D,S/D,S/D,S/D,"-32.958524, -60.691951",[''],0,,-32.958524,-60.691951,55.0,538.0,Municipio Rosario,Municipio,Rosario,820210,Servicio de Catastro e Información Territorial,IGN