anio_acci,nro_acci,fecha,desc_dia,fecha_aprox,hora_aprox,desc_ruta,km,cant_participantes,desc_participante,calle_avenida_km,total,heridos_leves,heridos_graves,heridos_gravisimos,ilesos,fallecidos,sin_datos,posicion_XY,desc_tipo_via,desc_ruta_ori,desc_loc,desc_dpto,desc_tipo_calzada,desc_tipo_banquina,desc_unidad_regional,desc_lugar_calzada,desc_zona,desc_prioridad,desc_estado_semaforo,desc_lugar_via,desc_estado_via,desc_estado_visibilidad,desc_luminosidad,desc_estado_clima,desc_tipo_colision,desc_tipo_atropello,desc_tipo_hecho,desc_pres_calzada,desc_senializacion,desc_separacion_via,desc_restriccion,forma_geocod,calle_lista,numero_calles,calles_osm,lat,lon,index_right,gid,fna,gna,nam,in1,fdc,sag
2016,5466,2016-03-01,Martes,1.0,,,0.0,1,Otros, ,1,0,0,0,0,1,0,"-32.947906, -60.679932",S/D,,ROSARIO,Rosario,S/D,S/D,II,S/D,S/D,S/D,S/D,S/D,S/D,S/D,S/D,S/D,S/D,S/D,S/D,S/D,S/D,S/D,S/D,"-32.947906, -60.679932",[''],0,,-32.947906,-60.679932,55.0,538.0,Municipio Rosario,Municipio,Rosario,820210,Servicio de Catastro e Información Territorial,IGN
2016,5468,2016-03-01,Martes,1.0,,,0.0,1,Otros, ,1,0,0,0,0,1,0,"-32.951125, -60.682068",S/D,,ROSARIO,Rosario,S/D,S/D,II,S/D,S/D,S/D,S/D,S/D,S/D,S/D,S/D,S/D,S/D,S/D,S/D,S/D,S/D,S/D,S/D,"-32.951125, -60.682068",[''],0,,-32.951125,-60.682068,55.0,538.0,Municipio Rosario,Municipio,Rosario,820210,Servicio de Catastro e Información Territorial,IGN
2016,5469,2016-03-01,Martes,1.0,,,0.0,1,Otros, ,1,0,0,0,0,1,0,"-32.919960, -60.704242",S/D,,ROSARIO,Rosario,S/D,S/D,II,S/D,S/D,S/D,S/D,S/D,S/D,S/D,S/D,S/D,S/D,S/D,S/D,S/D,S/D,S/D,S/D,"-32.919960, -60.704242",[''],0,,-32.91996,-60.704242,55.0,538.0,Municipio Rosario,Municipio,Rosario,820210,Servicio de Catastro e Información Territorial,IGN
2016,5473,2016-03-01,Martes,1.0,,,0.0,1,Otros, ,1,0,0,0,0,1,0,"-32.960727, -60.682166",S/D,,ROSARIO,Rosario,S/D,S/D,II,S/D,S/D,S/D,S/D,S/D,S/D,S/D,S/D,S/D,S/D,S/D,S/D,S/D,S/D,S/D,S/D,"-32.960727, -60.682166",[''],0,,-32.960727,-60.682166,55.0,538.0,Municipio Rosario,Municipio,Rosario,820210,Servicio de Catastro e Información Territorial,IGN
2016,5474,2016-03-01,Martes,1.0,,,0.0,1,Otros, ,1,0,0,0,0,1,0,"-32.953462, -60.682783",S/D,,ROSARIO,Rosario,S/D,S/D,II,S/D,S/D,S/D,S/D,S/D,S/D,S/D,S/D,S/D,S/D,S/D,S/D,S/D,S/D,S/D,S/D,"-32.953462, -60.682783",[''],0,,-32.953462,-60.682783,55.0,538.0,Municipio Rosario,Municipio,Rosario,820210,Servicio de Catastro e Información Territorial,IGN
2016,5475,2016-03-01,Martes,1.0,,,0.0,1,Otros, ,1,0,0,0,0,1,0,"-32.953998, -60.695421",S/D,,ROSARIO,Rosario,S/D,S/D,II,S/D,S/D,S/D,S/D,S/D,S/D,S/D,S/D,S/D,S/D,S/D,S/D,S/D,S/D,S/D,S/D,"-32.953998, -60.695421",[''],0,,-32.953998,-60.695421,55.0,538.0,Municipio Rosario,Municipio,Rosario,820210,Servicio de Catastro e Información Territorial,IGN
2016,5503,2016-04-01,Viernes,1.0,,,0.0,1,Otros, ,1,0,0,0,0,1,0,"-32.952115, -60.668225",S/D,,ROSARIO,Rosario,S/D,S/D,II,S/D,S/D,S/D,S/D,S/D,S/D,S/D,S/D,S/D,S/D,S/D,S/D,S/D,S/D,S/D,S/D,"-32.952115, -60.668225",[''],0,,-32.952115,-60.668225,55.0,538.0,Municipio Rosario,Municipio,Rosario,820210,Servicio de Catastro e Información Territorial,IGN
2016,5506,2016-04-01,Viernes,1.0,,,0.0,1,Otros, ,1,0,0,0,0,1,0,"-32.976311, -60.661493",S/D,,ROSARIO,Rosario,S/D,S/D,II,S/D,S/D,S/D,S/D,S/D,S/D,S/D,S/D,S/D,S/D,S/D,S/D,S/D,S/D,S/D,S/D,"-32.976311, -60.661493",[''],0,,-32.976311,-60.661493,55.0,538.0,Municipio Rosario,Municipio,Rosario,820210,Servicio de Catastro e Información Territorial,IGN
2016,5508,2016-07-17,Domingo,0.0,14:30:00,,0.0,2,"Peatón,Tren",ROUILLON Y VIAS FERREAS,2,0,0,0,1,1,0,"-32.936976321309,-60.70243529652",Calle,,ROSARIO,Rosario,S/D,No existe,II,Dentro,Urbana,Ninguna,No existe,Paso a Nivel FFCC,Otro,Buena,Diurna,Otro,S/D,Peatón,Atropello,Ninguna,Faltante,Ninguna,Sin restricción,"-32.936976321309,-60.70243529652","['Alfredo Rouillón', 'Vias Ferreas']",2,,-32.936976321309,-60.70243529652,55.0,538.0,Municipio Rosario,Municipio,Rosario,820210,Servicio de Catastro e Información Territorial,IGN
2016,5509,2016-07-12,Martes,0.0,,,0.0,2,"Peatón,Tren",Sarratea Bis Y Morrison,3,0,0,0,0,1,2,"-32.925879430003,-60.741138471966",Calle,,ROSARIO,Rosario,S/D,S/D,II,Dentro,Urbana,S/D,S/D,S/D,S/D,S/D,Diurna,S/D,S/D,Peatón,Atropello,S/D,S/D,S/D,S/D,"-32.925879430003,-60.741138471966","['Sarratea', 'Morrison']",2,,-32.925879430003,-60.741138471966,55.0,538.0,Municipio Rosario,Municipio,Rosario,820210,Servicio de Catastro e Información Territorial,IGN
2016,5753,2016-08-21,Domingo,0.0,2:30:00,,0.0,2,"Automóvil,Moto/Ciclomotor",Salta Y Av. Ovidio Lagos,2,0,0,0,1,1,0,"-32.93524772618,-60.659701031854",Calle,,ROSARIO,Rosario,Asfalto,No existe,II,Dentro,Urbana,Semáforo,Funciona,Recta,Otro,Buena,Nocturna,Buen Tiempo,S/D,S/D,Colisión,Ninguna,Vertical,Ninguna,Sin restricción,"-32.93524772618,-60.659701031854","['Salta', 'Avenida Ovidio Lagos']",2,,-32.93524772618,-60.659701031854,55.0,538.0,Municipio Rosario,Municipio,Rosario,820210,Servicio de Catastro e Información Territorial,IGN
2016,5788,2016-09-05,Lunes,0.0,21:10:00,,0.0,2,"Vehículo Oficial,Moto/Ciclomotor",Av. Bermudez Y Av. Arijon,4,0,3,0,0,1,0,"-33.002833333333,-60.642555555556",Avenida,,ROSARIO,Rosario,Asfalto,No existe,II,Dentro,Urbana,Ninguna,S/D,Intersección,Bueno,Buena,Nocturna,Buen Tiempo,Lateral,S/D,Colisión,S/D,Faltante,Ninguna,Sin restricción,"-33.002833333333,-60.642555555556","['Bermudez', 'Avenida Manuel Arijón']",2,,-33.002833333333,-60.642555555556,55.0,538.0,Municipio Rosario,Municipio,Rosario,820210,Servicio de Catastro e Información Territorial,IGN
2016,5791,2016-09-10,Sabado,0.0,5:00:00,,0.0,1,Moto/Ciclomotor,Abanderado Grandoli 4038,2,0,1,0,0,1,0,"-32.987583333333,-60.628416666667",Calle,,ROSARIO,Rosario,S/D,S/D,II,Fuera,Urbana,S/D,S/D,Recta,S/D,S/D,Nocturna,S/D,Contra objeto fijo,S/D,Colisión,S/D,S/D,S/D,S/D,"-32.987583333333,-60.628416666667",['Abanderado Grandoli 4038'],1,,-32.987583333333,-60.628416666667,55.0,538.0,Municipio Rosario,Municipio,Rosario,820210,Servicio de Catastro e Información Territorial,IGN
2016,5944,2016-09-14,Miercoles,0.0,17:45:00,,0.0,1,Transporte de Pasajeros Urbano (> 8 asientos),Alsina 722,37,2,0,0,34,1,0,"-32.939277777778,-60.676361111111",Calle,,ROSARIO,Rosario,Asfalto,Pavimento,II,Dentro,Urbana,S/D,S/D,Recta,S/D,S/D,S/D,S/D,Contra objeto fijo,S/D,Colisión,S/D,S/D,Cordón divisorio,S/D,"-32.939277777778,-60.676361111111",['Alsina 722'],1,,-32.939277777778,-60.676361111111,55.0,538.0,Municipio Rosario,Municipio,Rosario,820210,Servicio de Catastro e Información Territorial,IGN
2016,6181,2016-09-18,Domingo,0.0,22:05:00,,0.0,2,"Peatón,Automóvil",Dr.Rivas Y Ayacucho,2,0,0,0,1,1,0,"-32.985416666667,-60.636138888889",Calle,,ROSARIO,Rosario,Asfalto,No existe,II,Dentro,Urbana,Ninguna,No existe,Intersección,Bueno,Buena,"Nocturna,Con luz artificial",Buen Tiempo,S/D,S/D,Atropello,Ninguna,Faltante,Ninguna,Sin restricción,"-32.985416666667,-60.636138888889","['Doctor Francisco Riva', 'Ayacucho']",2,,-32.985416666667,-60.636138888889,55.0,538.0,Municipio Rosario,Municipio,Rosario,820210,Servicio de Catastro e Información Territorial,IGN
2016,6233,2016-10-10,Lunes,0.0,6:43:00,,0.0,1,Moto/Ciclomotor,Juan Canals Y Dorrego,1,0,0,0,0,1,0,"-32.987426, -60.660056",Calle,,ROSARIO,Rosario,Asfalto,No existe,II,Dentro,Urbana,Ninguna,No existe,Recta,Bueno,Buena,Diurna,Buen Tiempo,Contra objeto fijo,S/D,Colisión,Ninguna,Faltante,Línea divisoria pintada,Sin restricción,"-32.987426, -60.660056","['Juan Canals', 'Dorrego']",2,,-32.987426,-60.660056,55.0,538.0,Municipio Rosario,Municipio,Rosario,820210,Servicio de Catastro e Información Territorial,IGN
2016,6234,2016-10-01,Sabado,0.0,6:30:00,,0.0,2,"Transporte de Pasajeros Urbano (> 8 asientos),Moto/Ciclomotor",Av. Corrientes Y E.Zeballos,3,1,0,0,1,1,0,"-32.954252, -60.644555",Calle,,ROSARIO,Rosario,Asfalto,Pavimento,II,Dentro,Urbana,Semáforo,Funciona,Intersección,Bueno,Buena,Diurna,Buen Tiempo,Lateral,S/D,Colisión,S/D,Vertical,Cordón divisorio,Sin restricción,"-32.954252, -60.644555","['Corrientes', 'Zeballos']",2,,-32.954252,-60.644555,55.0,538.0,Municipio Rosario,Municipio,Rosario,820210,Servicio de Catastro e Información Territorial,IGN
2016,6235,2016-10-23,Domingo,0.0,23:20:00,,0.0,2,"Automóvil,Moto/Ciclomotor",La Republica Y Olavarria Bis,2,0,0,0,1,1,0,"-32.918382, -60.704454",Calle,,ROSARIO,Rosario,Asfalto,No existe,II,S/D,Urbana,Ninguna,No existe,Intersección,Bueno,Buena,Nocturna,Buen Tiempo,Otro,S/D,Colisión,Otro,Faltante,Barrera de hormigón,Sin restricción,"-32.918382, -60.704454","['La República', 'Olavarría']",2,,-32.918382,-60.704454,55.0,538.0,Municipio Rosario,Municipio,Rosario,820210,Servicio de Catastro e Información Territorial,IGN
2016,6476,2016-08-08,Lunes,0.0,14:30:00,,0.0,2,"Moto/Ciclomotor,Pickup/Utilitario",Av. Jorge Newbery ,4,3,0,0,0,1,0,"-32.908342168141, -60.729950517864",Avenida,,ROSARIO,Rosario,Asfalto,Natural,II,Dentro,Urbana,Ninguna,No existe,Intersección,Bueno,S/D,Diurna,S/D,Lateral,S/D,Colisión,S/D,Faltante,Ninguna,Sin restricción,"-32.908342168141, -60.729950517864",['Jorge Newbery'],1,,-32.908342168141,-60.729950517864,55.0,538.0,Municipio Rosario,Municipio,Rosario,820210,Servicio de Catastro e Información Territorial,IGN
2016,6486,2016-06-23,Jueves,0.0,17:30:00,,0.0,2,"Moto/Ciclomotor,Automóvil",Vera Mujica Y Dr.Rivas,2,0,0,0,1,1,0,"-32.978535, -60.676269",Calle,,ROSARIO,Rosario,S/D,S/D,II,Dentro,Urbana,S/D,S/D,S/D,S/D,S/D,Diurna,S/D,S/D,S/D,Colisión,S/D,S/D,S/D,S/D,"-32.978535, -60.676269","['Vera Mujíca', 'Doctor Francisco Riva']",2,,-32.978535,-60.676269,55.0,538.0,Municipio Rosario,Municipio,Rosario,820210,Servicio de Catastro e Información Territorial,IGN
2016,7339,2016-05-01,Domingo,0.0,,,0.0,1,Otros, ,1,0,0,0,0,1,0,"-32.943406, -60.670248",S/D,,ROSARIO,Rosario,S/D,S/D,II,S/D,S/D,S/D,S/D,S/D,S/D,S/D,S/D,S/D,S/D,S/D,S/D,S/D,S/D,S/D,S/D,"-32.943406, -60.670248",[''],0,,-32.943406,-60.670248,55.0,538.0,Municipio Rosario,Municipio,Rosario,820210,Servicio de Catastro e Información Territorial,IGN
2016,7340,2016-05-01,Domingo,1.0,,,0.0,1,Otros, ,1,0,0,0,0,1,0,"-32.942677, -60.674379",S/D,,ROSARIO,Rosario,S/D,S/D,II,S/D,S/D,S/D,S/D,S/D,S/D,S/D,S/D,S/D,S/D,S/D,S/D,S/D,S/D,S/D,S/D,"-32.942677, -60.674379",[''],0,,-32.942677,-60.674379,55.0,538.0,Municipio Rosario,Municipio,Rosario,820210,Servicio de Catastro e Información Territorial,IGN
2016,7760,2016-10-18,Martes,0.0,17:45:00,,0.0,2,"Moto/Ciclomotor,Peatón",Bv. Avellaneda Y Gorriti,2,0,0,0,1,1,0,"-32.923345, -60.675222",Calle,,ROSARIO,Rosario,Asfalto,S/D,II,Dentro,Urbana,S/D,S/D,Intersección,Bueno,S/D,Diurna,S/D,S/D,Peatón,Atropello,S/D,S/D,S/D,S/D,"-32.923345, -60.675222","['Avellaneda', 'Gorriti']",2,,-32.923345,-60.675222,55.0,538.0,Municipio Rosario,Municipio,Rosario,820210,Servicio de Catastro e Información Territorial,IGN
2016,8389,2016-11-21,Lunes,0.0,10:35:00,,0.0,2,"Peatón,Moto/Ciclomotor",Av. Genova 2400,2,0,0,0,1,1,0,"-32.915622, -60.699067",Calle,,ROSARIO,Rosario,Asfalto,No existe,II,S/D,Urbana,Semáforo,Funciona,Recta,Con baches,Buena,Diurna,Buen Tiempo,S/D,Peatón,Atropello,Ninguna,Vertical,Ninguna,Sin restricción,"-32.915622, -60.699067",['Genova 2400'],1,,-32.915622,-60.699067,55.0,538.0,Municipio Rosario,Municipio,Rosario,820210,Servicio de Catastro e Información Territorial,IGN
2016,8494,2016-09-23,Viernes,0.0,15:00:00,,0.0,2,"Automóvil,Automóvil",Av. Belgrano 1900,2,0,0,0,1,1,0,"-32.963277777778,-60.621861111111",Calle,,ROSARIO,Rosario,S/D,S/D,II,Dentro,Urbana,S/D,S/D,Recta,S/D,S/D,S/D,S/D,S/D,S/D,Colisión,S/D,S/D,S/D,S/D,"-32.963277777778,-60.621861111111",['Belgrano 1900'],1,,-32.963277777778,-60.621861111111,55.0,538.0,Municipio Rosario,Municipio,Rosario,820210,Servicio de Catastro e Información Territorial,IGN
2016,9202,2016-10-22,Sabado,0.0,3:00:00,,0.0,2,"Moto/Ciclomotor,Moto/Ciclomotor",Av. Carlos Colombres Y Washington,3,0,2,0,0,1,0,"-32.899694444444,-60.683361111111",Avenida,,ROSARIO,Rosario,Asfalto,No existe,II,S/D,Urbana,Ninguna,No existe,Recta,Bueno,Buena,Nocturna,Buen Tiempo,De alcance,S/D,Colisión,S/D,Faltante,Ninguna,Sin restricción,"-32.899694444444,-60.683361111111","['José Colombres', 'Washington']",2,,-32.899694444444,-60.683361111111,55.0,538.0,Municipio Rosario,Municipio,Rosario,820210,Servicio de Catastro e Información Territorial,IGN
2016,9219,2016-11-22,Martes,0.0,0:10:00,,0.0,2,"Taxi/Remis,Moto/Ciclomotor",Bv. 27 De Febrero Y Buenos Aires,3,0,0,1,1,1,0,"-32.968722222222,-60.638027777778",Avenida,,ROSARIO,Rosario,Asfalto,No existe,II,Dentro,Urbana,Semáforo,Intermitente,Intersección,Bueno,Buena,Nocturna,Buen Tiempo,S/D,S/D,Colisión,Ninguna,Vertical,Vegetación,Sin restricción,"-32.968722222222,-60.638027777778","['27 de Febrero', 'Buenos Aires']",2,,-32.968722222222,-60.638027777778,55.0,538.0,Municipio Rosario,Municipio,Rosario,820210,Servicio de Catastro e Información Territorial,IGN
2016,9263,2016-12-13,Martes,0.0,11:35:00,,0.0,2,"Pickup/Utilitario,Peatón",F.More Y San Lorenzo,2,0,0,0,1,1,0,"-32.933977, -60.693687",Calle,,ROSARIO,Rosario,Asfalto,S/D,II,Dentro,Urbana,S/D,S/D,Intersección,Bueno,S/D,Diurna,S/D,S/D,Peatón,Atropello,S/D,S/D,Línea divisoria pintada,S/D,"-32.933977, -60.693687","['Felipe Moré', 'San Lorenzo']",2,,-32.933977,-60.693687,55.0,538.0,Municipio Rosario,Municipio,Rosario,820210,Servicio de Catastro e Información Territorial,IGN
2016,9280,2016-12-14,Miercoles,0.0,19:55:00,,0.0,2,"Moto/Ciclomotor,Automóvil",Saavedra Y Paraguay,3,1,0,0,1,1,0,"-32.976919, -60.651738",Calle,,ROSARIO,Rosario,Asfalto,No existe,II,Dentro,Urbana,Ninguna,No existe,Intersección,Bueno,Buena,Diurna,Buen Tiempo,Lateral,S/D,Colisión,Ninguna,Faltante,Ninguna,Sin restricción,"-32.976919, -60.651738","['Saavedra', 'Paraguay']",2,,-32.976919,-60.651738,55.0,538.0,Municipio Rosario,Municipio,Rosario,820210,Servicio de Catastro e Información Territorial,IGN
2016,9281,2016-12-10,Sabado,0.0,16:30:00,,0.0,2,"Automóvil,Peatón",Av. Corrientes 5600,4,0,0,0,3,1,0,"-33.002083333333,-60.653305555556",Calle,,ROSARIO,Rosario,Asfalto,No existe,II,Dentro,Urbana,Ninguna,No existe,Recta,Bueno,Buena,Diurna,Buen Tiempo,S/D,Peatón,Atropello,S/D,Faltante,Ninguna,Sin restricción,"-33.002083333333,-60.653305555556",['Corrientes 5600'],1,,-33.002083333333,-60.653305555556,55.0,538.0,Municipio Rosario,Municipio,Rosario,820210,Servicio de Catastro e Información Territorial,IGN
2016,9396,2016-11-26,Sabado,0.0,20:45:00,,0.0,3,"Peatón,Peatón,Automóvil",Av. Provincias Unidas 1300,4,1,0,0,2,1,0,"-32.943555, -60.712533",Calle,,ROSARIO,Rosario,Hormigón,S/D,II,Dentro,Urbana,S/D,S/D,Recta,Bueno,S/D,Nocturna,S/D,S/D,Peatón,Atropello,S/D,S/D,S/D,S/D,"-32.943555, -60.712533",['Provincias Unidas 1300'],1,,-32.943555,-60.712533,55.0,538.0,Municipio Rosario,Municipio,Rosario,820210,Servicio de Catastro e Información Territorial,IGN
2016,9406,2016-11-12,Sabado,0.0,19:30:00,,0.0,2,"Peatón,Transporte de Pasajeros Urbano (> 8 asientos)",Av. Alberdi Bis Y French,2,0,0,0,1,1,0,"-32.920860, -60.681089",Calle,,ROSARIO,Rosario,Hormigón,S/D,II,Dentro,Urbana,S/D,S/D,Recta,S/D,S/D,Atardecer,S/D,S/D,Peatón,Atropello,S/D,S/D,S/D,S/D,"-32.920860, -60.681089","['Alberdi', 'French']",2,,-32.92086,-60.681089,55.0,538.0,Municipio Rosario,Municipio,Rosario,820210,Servicio de Catastro e Información Territorial,IGN
2016,9426,2016-12-16,Viernes,0.0,20:30:00,,0.0,4,"Pickup/Utilitario,Automóvil,Peatón,Peatón",Ameghino Y 1 de Mayo,5,2,0,1,1,1,0,"-32.988636, -60.639925",Calle,,ROSARIO,Rosario,Asfalto,No existe,II,Dentro,Urbana,S/D,S/D,Intersección,S/D,S/D,S/D,S/D,Lateral,Peatón,"Colisión,Atropello",S/D,S/D,Ninguna,Sin restricción,"-32.988636, -60.639925","['Ameghino', 'Primero de Mayo']",2,,-32.988636,-60.639925,55.0,538.0,Municipio Rosario,Municipio,Rosario,820210,Servicio de Catastro e Información Territorial,IGN
2016,9429,2016-12-21,Miercoles,0.0,8:30:00,,0.0,1,Camión c / Acoplado,Av. Uriburu ,1,0,0,0,0,1,0,"-32.991508, -60.665644",Avenida,,ROSARIO,Rosario,S/D,S/D,II,S/D,Urbana,S/D,S/D,Recta,S/D,S/D,Diurna,S/D,S/D,S/D,S/D,S/D,S/D,S/D,S/D,"-32.991508, -60.665644",['Uriburu'],1,,-32.991508,-60.665644,55.0,538.0,Municipio Rosario,Municipio,Rosario,820210,Servicio de Catastro e Información Territorial,IGN
2016,9822,2016-07-19,Martes,0.0,,,0.0,1,Otros, ,1,0,0,0,0,1,0,"-32.971706, -60.687323",S/D,,ROSARIO,Rosario,S/D,S/D,II,S/D,S/D,S/D,S/D,S/D,S/D,S/D,S/D,S/D,S/D,S/D,S/D,S/D,S/D,S/D,S/D,"-32.971706, -60.687323",[''],0,,-32.971706,-60.687323,55.0,538.0,Municipio Rosario,Municipio,Rosario,820210,Servicio de Catastro e Información Territorial,IGN
2016,9823,2016-07-19,Martes,0.0,,,0.0,1,Otros, ,1,0,0,0,0,1,0,"-32.963501, -60.695089",S/D,,ROSARIO,Rosario,S/D,S/D,II,S/D,S/D,S/D,S/D,S/D,S/D,S/D,S/D,S/D,S/D,S/D,S/D,S/D,S/D,S/D,S/D,"-32.963501, -60.695089",[''],0,,-32.963501,-60.695089,55.0,538.0,Municipio Rosario,Municipio,Rosario,820210,Servicio de Catastro e Información Territorial,IGN
2016,9828,2016-08-09,Martes,0.0,,,0.0,1,Otros, ,1,0,0,0,0,1,0,"-32.970611, -60.693131",S/D,,ROSARIO,Rosario,S/D,S/D,II,S/D,S/D,S/D,S/D,S/D,S/D,S/D,S/D,S/D,S/D,S/D,S/D,S/D,S/D,S/D,S/D,"-32.970611, -60.693131",[''],0,,-32.970611,-60.693131,55.0,538.0,Municipio Rosario,Municipio,Rosario,820210,Servicio de Catastro e Información Territorial,IGN
2016,9829,2016-08-17,Miercoles,0.0,,,0.0,1,Otros, ,1,0,0,0,0,1,0,"-32.961682, -60.684870",S/D,,ROSARIO,Rosario,S/D,S/D,II,S/D,S/D,S/D,S/D,S/D,S/D,S/D,S/D,S/D,S/D,S/D,S/D,S/D,S/D,S/D,S/D,"-32.961682, -60.684870",[''],0,,-32.961682,-60.68487,55.0,538.0,Municipio Rosario,Municipio,Rosario,820210,Servicio de Catastro e Información Territorial,IGN
2016,9840,2016-11-11,Viernes,0.0,,,0.0,1,Otros, ,1,0,0,0,0,1,0,"-32.927317, -60.703932",S/D,,ROSARIO,Rosario,S/D,S/D,II,S/D,S/D,S/D,S/D,S/D,S/D,S/D,S/D,S/D,S/D,S/D,S/D,S/D,S/D,S/D,S/D,"-32.927317, -60.703932",[''],0,,-32.927317,-60.703932,55.0,538.0,Municipio Rosario,Municipio,Rosario,820210,Servicio de Catastro e Información Territorial,IGN
2016,9841,2016-10-30,Domingo,0.0,,,0.0,1,Otros,Paraguay 1123,1,0,0,0,0,1,0,"-32.9495,-60.644722222222",Calle,,ROSARIO,Rosario,S/D,S/D,II,Dentro,Urbana,S/D,S/D,S/D,S/D,S/D,S/D,S/D,S/D,S/D,S/D,S/D,S/D,S/D,S/D,"-32.9495,-60.644722222222",['Paraguay 1123'],1,,-32.9495,-60.644722222222,55.0,538.0,Municipio Rosario,Municipio,Rosario,820210,Servicio de Catastro e Información Territorial,IGN
2016,9846,2016-11-29,Martes,0.0,,,0.0,1,Otros, ,1,0,0,0,0,1,0,"-32.908627, -60.735411",Calle,,ROSARIO,Rosario,S/D,S/D,II,S/D,Urbana,S/D,S/D,S/D,S/D,S/D,S/D,S/D,S/D,S/D,S/D,S/D,S/D,S/D,S/D,"-32.908627, -60.735411",[''],0,,-32.908627,-60.735411,55.0,538.0,Municipio Rosario,Municipio,Rosario,820210,Servicio de Catastro e Información Territorial,IGN
2016,9847,2016-11-27,Domingo,0.0,15:00:00,,0.0,1,Moto/Ciclomotor,Av. Provincias Unidas ,1,0,0,0,0,1,0,"-32.95308, -60.71213",Avenida,,ROSARIO,Rosario,Asfalto,No existe,II,Dentro,Urbana,S/D,S/D,Recta,S/D,S/D,Diurna,S/D,S/D,S/D,Colisión,S/D,S/D,S/D,S/D,"-32.95308, -60.71213",['Avenida Provincias Unidas'],1,,-32.95308,-60.71213,55.0,538.0,Municipio Rosario,Municipio,Rosario,820210,Servicio de Catastro e Información Territorial,IGN
2016,9848,2016-12-29,Jueves,0.0,,,0.0,1,Otros, ,1,0,0,0,0,1,0,"-32.906258, -60.733201",S/D,,ROSARIO,Rosario,S/D,S/D,II,S/D,S/D,S/D,S/D,S/D,S/D,S/D,S/D,S/D,S/D,S/D,S/D,S/D,S/D,S/D,S/D,"-32.906258, -60.733201",[''],0,,-32.906258,-60.733201,55.0,538.0,Municipio Rosario,Municipio,Rosario,820210,Servicio de Catastro e Información Territorial,IGN
2016,10186,2016-12-31,Sabado,0.0,18:00:00,,0.0,2,"Bicicleta,Taxi/Remis",Brown Y Alvear,2,1,0,0,1,0,0,"-32.934138888889,-60.652305555556",Calle,,ROSARIO,Rosario,Asfalto,No existe,II,Dentro,Urbana,Ninguna,No existe,Intersección,Bueno,Buena,Diurna,Buen Tiempo,Contra objeto fijo,Ciclista,Atropello,Ninguna,Faltante,Ninguna,Sin restricción,"-32.934138888889,-60.652305555556","['Brown', 'Alvear']",2,,-32.934138888889,-60.652305555556,55.0,538.0,Municipio Rosario,Municipio,Rosario,820210,Servicio de Catastro e Información Territorial,IGN
2016,10188,2016-12-19,Lunes,0.0,16:30:00,,0.0,1,Moto/Ciclomotor,Dean Funes Y Alsina,1,0,0,0,0,1,0,"-32.96876,-60.68378",Calle,,ROSARIO,Rosario,S/D,S/D,II,Dentro,Urbana,S/D,S/D,Intersección,S/D,S/D,S/D,S/D,S/D,S/D,S/D,S/D,S/D,S/D,S/D,"-32.96876,-60.68378","['Deán Gregorio Funes', 'Alsina']",2,,-32.96876,-60.68378,55.0,538.0,Municipio Rosario,Municipio,Rosario,820210,Servicio de Catastro e Información Territorial,IGN
2017,507,2017-01-19,Jueves,0.0,19:37:00,,0.0,2,"Moto/Ciclomotor,Automóvil",Av. Jorge Newbery Y Donado,2,0,0,1,1,0,0,"-32.90827,-60.72837",Calle,,ROSARIO,Rosario,S/D,S/D,II,Dentro,Urbana,S/D,S/D,Intersección,S/D,S/D,Diurna,S/D,S/D,S/D,Colisión,S/D,S/D,S/D,S/D,"-32.90827,-60.72837","['Jorge Newbery', 'Donado']",2,,-32.90827,-60.72837,55.0,538.0,Municipio Rosario,Municipio,Rosario,820210,Servicio de Catastro e Información Territorial,IGN
2017,855,2017-02-15,Miercoles,0.0,18:15:00,,0.0,3,"Moto/Ciclomotor,Peatón,Automóvil",Av. Genova ,3,1,0,0,1,1,0,"-32.91756, -60.76891",Calle,,ROSARIO,Rosario,Asfalto,No existe,II,Dentro,Urbana,Semáforo,Funciona,Recta,Bueno,Buena,Diurna,Buen Tiempo,Otro,S/D,Atropello,Otro,Vertical,Cordón divisorio,Sin restricción,"-32.91756, -60.76891",['Genova'],1,,-32.91756,-60.76891,55.0,538.0,Municipio Rosario,Municipio,Rosario,820210,Servicio de Catastro e Información Territorial,IGN
2017,956,2017-02-12,Domingo,0.0,5:00:00,,0.0,2,"Automóvil,Moto/Ciclomotor",Balcarce Y Santa Fe,3,1,0,1,1,0,0,"-32.942611111111,-60.651583333333",Calle,,ROSARIO,Rosario,Asfalto,Pavimento,II,Dentro,Urbana,Ninguna,S/D,Intersección,Bueno,Buena,Diurna,Buen Tiempo,S/D,S/D,Colisión,Ninguna,Faltante,Cordón divisorio,Sin restricción,"-32.942611111111,-60.651583333333","['Balcarce', 'Santa Fe']",2,,-32.942611111111,-60.651583333333,55.0,538.0,Municipio Rosario,Municipio,Rosario,820210,Servicio de Catastro e Información Territorial,IGN
2017,1263,2017-03-03,Viernes,0.0,12:45:00,,0.0,2,"Moto/Ciclomotor,Automóvil",Ocampo Y Av. Corrientes,2,0,0,1,1,0,0,"-32.965694444444,-60.647416666667",Calle,,ROSARIO,Rosario,Asfalto,S/D,II,Dentro,Urbana,Ninguna,S/D,Intersección,Bueno,Buena,Diurna,Buen Tiempo,Lateral,S/D,Colisión,S/D,S/D,Ninguna,S/D,"-32.965694444444,-60.647416666667","['Ocampo', 'Corrientes']",2,,-32.965694444444,-60.647416666667,55.0,538.0,Municipio Rosario,Municipio,Rosario,820210,Servicio de Catastro e Información Territorial,IGN
2017,1337,2017-03-09,Jueves,0.0,,,0.0,2,"Automóvil,Moto/Ciclomotor",Maiztegui 500,2,0,0,0,1,1,0," -32.871941,-60.69508",Calle,,ROSARIO,Rosario,Asfalto,Pavimento,II,Dentro,Urbana,Ninguna,S/D,Intersección,Bueno,Buena,Nocturna,Buen Tiempo,S/D,S/D,Colisión,S/D,S/D,Ninguna,S/D," -32.871941,-60.69508",['Maiztegui 500'],1,,-32.871941,-60.69508,55.0,538.0,Municipio Rosario,Municipio,Rosario,820210,Servicio de Catastro e Información Territorial,IGN