anio_acci,nro_acci,fecha,desc_dia,fecha_aprox,hora_aprox,desc_ruta,km,cant_participantes,desc_participante,calle_avenida_km,total,heridos_leves,heridos_graves,heridos_gravisimos,ilesos,fallecidos,sin_datos,posicion_XY,desc_tipo_via,desc_ruta_ori,desc_loc,desc_dpto,desc_tipo_calzada,desc_tipo_banquina,desc_unidad_regional,desc_lugar_calzada,desc_zona,desc_prioridad,desc_estado_semaforo,desc_lugar_via,desc_estado_via,desc_estado_visibilidad,desc_luminosidad,desc_estado_clima,desc_tipo_colision,desc_tipo_atropello,desc_tipo_hecho,desc_pres_calzada,desc_senializacion,desc_separacion_via,desc_restriccion,forma_geocod,calle_lista,numero_calles,calles_osm,lat,lon,index_right,gid,fna,gna,nam,in1,fdc,sag
2017,1347,2017-03-21,Martes,0.0,23:00:00,,0.0,3,"Camión c / Acoplado,Moto/Ciclomotor,Moto/Ciclomotor",Av. Provincias Unidas Y Av. Genova,3,1,0,1,1,0,0,"-32.916027777778,-60.713694444444",Avenida,,ROSARIO,Rosario,Asfalto,No existe,II,Dentro,Urbana,Ninguna,No existe,Recta,Bueno,Buena,Nocturna,Buen Tiempo,Otro,S/D,Colisión,Ninguna,Faltante,Cordón divisorio,Sin restricción,"-32.916027777778,-60.713694444444","['Avenida Provincias Unidas', 'Genova']",2,,-32.916027777778,-60.713694444444,55.0,538.0,Municipio Rosario,Municipio,Rosario,820210,Servicio de Catastro e Información Territorial,IGN
2017,1398,2017-01-30,Lunes,0.0,9:30:00,,0.0,2,"Bicicleta,Transporte de Pasajeros Urbano (> 8 asientos)",Santa Fe Y Av. Corrientes,2,0,0,0,1,1,0,"-32.9443, -60.642",Calle,,ROSARIO,Rosario,Asfalto,Pavimento,II,Dentro,Urbana,Semáforo,Funciona,Intersección,Bueno,Buena,Diurna,Buen Tiempo,Lateral,Ciclista,"Colisión,Atropello",Ninguna,Vertical,Ninguna,Sin restricción,"-32.9443, -60.642","['Santa Fe', 'Corrientes']",2,,-32.9443,-60.642,55.0,538.0,Municipio Rosario,Municipio,Rosario,820210,Servicio de Catastro e Información Territorial,IGN
2017,1424,2017-01-01,Domingo,0.0,20:00:00,,0.0,2,"Moto/Ciclomotor,Automóvil",Av. Uriburu Y Pte.Roca,2,0,0,0,1,1,0,"-32.99099, -60.65744",Avenida,,ROSARIO,Rosario,Asfalto,S/D,II,Dentro,Urbana,S/D,S/D,Recta,S/D,S/D,Nocturna,S/D,Lateral,S/D,Colisión,S/D,S/D,S/D,S/D,"-32.99099, -60.65744","['Uriburu', 'Roca']",2,,-32.99099,-60.65744,55.0,538.0,Municipio Rosario,Municipio,Rosario,820210,Servicio de Catastro e Información Territorial,IGN
2017,1570,2017-08-09,Miercoles,0.0,20:30:00,,0.0,2,"Bicicleta,Automóvil",Av. Pellegrini Y Roullon,2,0,0,0,1,1,0,"-32.94829, -60.70192",Avenida,,ROSARIO,Rosario,Asfalto,S/D,II,Dentro,Urbana,S/D,S/D,Intersección,S/D,S/D,"Nocturna,Con luz artificial",S/D,S/D,Ciclista,Atropello,S/D,S/D,S/D,S/D,"-32.94829, -60.70192","['Pellegrini', 'Alfredo Rouillón']",2,,-32.94829,-60.70192,55.0,538.0,Municipio Rosario,Municipio,Rosario,820210,Servicio de Catastro e Información Territorial,IGN
2017,1886,2017-04-15,Sabado,0.0,18:45:00,,0.0,2,"Automóvil,Bicicleta",Av. San Martín Y Juan Pablo II (Colect Av. Circunvalacion),2,0,0,0,1,1,0,"-33.01572, -60.65202",Calle,,ROSARIO,Rosario,Asfalto,Natural,II,Dentro,Urbana,Ninguna,S/D,Intersección,Bueno,Buena,Diurna,Buen Tiempo,S/D,Ciclista,Atropello,Ninguna,S/D,Ninguna,Sin restricción,"-33.01572, -60.65202","['San Martín', 'Juan Pablo Ii (colect Circunvalacion)']",2,,-33.01572,-60.65202,55.0,538.0,Municipio Rosario,Municipio,Rosario,820210,Servicio de Catastro e Información Territorial,IGN
2017,2022,2017-05-01,Lunes,0.0,16:35:00,,0.0,2,"Moto/Ciclomotor,Automóvil",Av. Circunvalacion Y Bv. Avellaneda,3,1,1,0,1,0,0,"-33.000055555556,-60.689388888889",Avenida,,ROSARIO,Rosario,Asfalto,No existe,II,Dentro,Urbana,Ninguna,No existe,Intersección,Deteriorada,Buena,Diurna,Buen Tiempo,Lateral,S/D,Colisión,Ninguna,Faltante,Ninguna,Sin restricción,"-33.000055555556,-60.689388888889","['Circunvalacion', 'Avellaneda']",2,,-33.000055555556,-60.689388888889,55.0,538.0,Municipio Rosario,Municipio,Rosario,820210,Servicio de Catastro e Información Territorial,IGN
2017,2574,2017-05-07,Domingo,0.0,4:10:00,,0.0,2,"Moto/Ciclomotor,Automóvil",Bv. Segui Y Sarmiento,3,1,0,0,1,1,0," -32.979068,-60.64644",Avenida,,ROSARIO,Rosario,Asfalto,No existe,II,Dentro,Urbana,Ninguna,No existe,Recta,Bueno,Reducida,Nocturna,Buen Tiempo,Lateral,S/D,Colisión,Ninguna,Faltante,Ninguna,Sin restricción," -32.979068,-60.64644","['Bulevar Juan Francisco Seguí', 'Sarmiento']",2,,-32.979068,-60.64644,55.0,538.0,Municipio Rosario,Municipio,Rosario,820210,Servicio de Catastro e Información Territorial,IGN
2017,2827,2017-01-09,Lunes,0.0,0:40:00,,0.0,2,"Taxi/Remis,Automóvil",Av. Provincias Unidas Y Marcos Paz,2,0,0,0,1,1,0,"-32.939120, -60.712624",Avenida,,ROSARIO,Rosario,Hormigón,No existe,II,Dentro,Urbana,Semáforo,S/D,Intersección,Bueno,S/D,Nocturna,S/D,Frontal,S/D,Colisión,S/D,Vertical,Cordón divisorio,S/D,"-32.939120, -60.712624","['Avenida Provincias Unidas', 'Marcos Paz']",2,,-32.93912,-60.712624,55.0,538.0,Municipio Rosario,Municipio,Rosario,820210,Servicio de Catastro e Información Territorial,IGN
2017,2970,2017-01-31,Martes,0.0,4:30:00,,0.0,1,Automóvil,Entre Rios Y Galvez,1,0,0,0,0,1,0,"-32.968263, -60.646573",Calle,,ROSARIO,Rosario,Hormigón,No existe,II,Dentro,Urbana,Ninguna,No existe,Recta,S/D,Reducida,Nocturna,S/D,Contra objeto fijo,S/D,Colisión,S/D,Vertical,Ninguna,S/D,"-32.968263, -60.646573","['Entre Ríos', 'Galvez']",2,,-32.968263,-60.646573,55.0,538.0,Municipio Rosario,Municipio,Rosario,820210,Servicio de Catastro e Información Territorial,IGN
2017,2992,2017-01-28,Sabado,0.0,18:00:00,,0.0,1,Moto/Ciclomotor,Av. Ovidio Lagos Y La Paz,1,0,0,0,0,1,0,"-32.960027, -60.665798",Avenida,,ROSARIO,Rosario,Asfalto,No existe,II,Dentro,Urbana,Semáforo,S/D,Intersección,Bueno,S/D,Diurna,S/D,S/D,S/D,Colisión,S/D,"Horizontal,Vertical",Cordón divisorio,S/D,"-32.960027, -60.665798","['Avenida Ovidio Lagos', 'La Paz']",2,,-32.960027,-60.665798,55.0,538.0,Municipio Rosario,Municipio,Rosario,820210,Servicio de Catastro e Información Territorial,IGN
2017,2994,2017-01-01,Domingo,1.0,,,0.0,1,Otros, ,1,0,0,0,0,1,0,"-32.961389, -60.711744",S/D,,ROSARIO,Rosario,S/D,S/D,II,S/D,S/D,S/D,S/D,S/D,S/D,S/D,S/D,S/D,S/D,S/D,S/D,S/D,S/D,S/D,S/D,"-32.961389, -60.711744",[''],0,,-32.961389,-60.711744,55.0,538.0,Municipio Rosario,Municipio,Rosario,820210,Servicio de Catastro e Información Territorial,IGN
2017,2995,2017-01-22,Domingo,0.0,12:30:00,,0.0,1,Moto/Ciclomotor,Av. Ntra.Sra.del Rosario C ,1,0,0,0,0,1,0,"-32.999941, -60.651439",S/D,,ROSARIO,Rosario,Asfalto,No existe,II,S/D,Urbana,S/D,S/D,S/D,S/D,S/D,S/D,S/D,S/D,S/D,Colisión,Material Suelto,Faltante,Ninguna,S/D,"-32.999941, -60.651439",['Ntra Sra Del Rosario C'],1,,-32.999941,-60.651439,55.0,538.0,Municipio Rosario,Municipio,Rosario,820210,Servicio de Catastro e Información Territorial,IGN
2017,3075,2017-01-29,Domingo,0.0,22:00:00,,0.0,2,"Bicicleta,Pickup/Utilitario",Av. Eva Peron Y Matienzo,2,0,0,0,0,1,1,"-32.936252, -60.694875",Calle,,ROSARIO,Rosario,Asfalto,No existe,II,S/D,Urbana,Semáforo,S/D,Intersección,Bueno,S/D,Nocturna,S/D,S/D,Ciclista,Atropello,S/D,"Horizontal,Vertical",Cordón divisorio,S/D,"-32.936252, -60.694875","['Avenida Eva Perón', 'Matienzo']",2,,-32.936252,-60.694875,55.0,538.0,Municipio Rosario,Municipio,Rosario,820210,Servicio de Catastro e Información Territorial,IGN
2017,3097,2017-02-26,Domingo,0.0,6:40:00,,0.0,1,Moto/Ciclomotor,Pueyrredon Y Pje. Colegiales,2,1,0,0,0,1,0,"-32.986520, -60.668376",Calle,,ROSARIO,Rosario,Asfalto,No existe,II,Dentro,Urbana,Ninguna,No existe,Recta,Bueno,Buena,Diurna,Buen Tiempo,Contra objeto fijo,S/D,Colisión,Ninguna,Faltante,Ninguna,Sin restricción,"-32.986520, -60.668376","['Pueyrredón', 'Colegiales']",2,,-32.98652,-60.668376,55.0,538.0,Municipio Rosario,Municipio,Rosario,820210,Servicio de Catastro e Información Territorial,IGN
2017,3428,2017-06-19,Lunes,0.0,17:00:00,,0.0,2,"Automóvil,Peatón",Lainez Y Laprida,2,1,0,1,0,0,0,"-33.005222222222,-60.646888888889",Calle,,ROSARIO,Rosario,Asfalto,No existe,II,Dentro,Urbana,Ninguna,No existe,Intersección,Bueno,Buena,Diurna,Buen Tiempo,S/D,Peatón,Atropello,Ninguna,Faltante,Ninguna,Sin restricción,"-33.005222222222,-60.646888888889","['Láinez', 'Laprida']",2,,-33.005222222222,-60.646888888889,55.0,538.0,Municipio Rosario,Municipio,Rosario,820210,Servicio de Catastro e Información Territorial,IGN
2017,3484,2017-03-17,Viernes,0.0,19:00:00,,0.0,2,"Peatón,Moto/Ciclomotor",Av. Pellegrini altura ciclovía 1170,2,0,1,0,0,1,0,"-32.95718, -60.64085",Avenida,,ROSARIO,Rosario,Asfalto,No existe,II,Dentro,Urbana,Semáforo,Funciona,Intersección,Bueno,Buena,Diurna,Buen Tiempo,S/D,Peatón,Atropello,Ninguna,Vertical,Cordón divisorio,Sin restricción,"-32.95718, -60.64085",['Pellegrini Altura Ciclovía 1170'],1,,-32.95718,-60.64085,55.0,538.0,Municipio Rosario,Municipio,Rosario,820210,Servicio de Catastro e Información Territorial,IGN
2017,3554,2017-02-23,Jueves,0.0,14:00:00,,0.0,1,Pickup/Utilitario,Balcarce Y Rueda,1,0,0,0,0,1,0,"-32.968469, -60.658821",Avenida,,ROSARIO,Rosario,S/D,S/D,II,Dentro,Urbana,S/D,S/D,Recta,S/D,Buena,Diurna,S/D,Contra objeto fijo,S/D,Colisión,S/D,S/D,S/D,S/D,"-32.968469, -60.658821","['Balcarce', 'Rueda']",2,,-32.968469,-60.658821,55.0,538.0,Municipio Rosario,Municipio,Rosario,820210,Servicio de Catastro e Información Territorial,IGN
2017,3643,2017-02-05,Domingo,0.0,5:50:00,,0.0,1,Automóvil,Av. Jorge Newbery Y Av. Circunvalacion,1,0,0,0,0,1,0,"-32.90832, -60.72592",Avenida,,ROSARIO,Rosario,S/D,S/D,II,Dentro,Urbana,S/D,S/D,Recta,S/D,S/D,Amanecer,S/D,Contra objeto fijo,S/D,Colisión,S/D,S/D,S/D,S/D,"-32.90832, -60.72592","['Jorge Newbery', 'Circunvalacion']",2,,-32.90832,-60.72592,55.0,538.0,Municipio Rosario,Municipio,Rosario,820210,Servicio de Catastro e Información Territorial,IGN
2017,3741,2017-03-01,Miercoles,0.0,18:00:00,,0.0,2,"Moto/Ciclomotor,Automóvil",Ocampo Y Roullon,3,1,0,0,1,1,0,"-32.95774, -60.70158",Calle,,ROSARIO,Rosario,Asfalto,No existe,II,Dentro,Urbana,Ninguna,No existe,Intersección,Deteriorada,S/D,Diurna,S/D,Lateral,S/D,Colisión,Material Suelto,Faltante,Ninguna,S/D,"-32.95774, -60.70158","['Ocampo', 'Alfredo Rouillón']",2,,-32.95774,-60.70158,55.0,538.0,Municipio Rosario,Municipio,Rosario,820210,Servicio de Catastro e Información Territorial,IGN
2017,3896,2017-03-03,Viernes,0.0,21:55:00,,0.0,2,"Peatón,Automóvil",Bv. Avellaneda 4100,2,0,0,0,1,1,0,"-33.00944, -60.63322",Calle,,ROSARIO,Rosario,Asfalto,No existe,II,Dentro,Urbana,Ninguna,No existe,Recta,Bueno,S/D,Nocturna,S/D,S/D,Peatón,Atropello,S/D,Faltante,Cordón divisorio,S/D,"-33.00944, -60.63322",['Avellaneda 4100'],1,,-33.00944,-60.63322,55.0,538.0,Municipio Rosario,Municipio,Rosario,820210,Servicio de Catastro e Información Territorial,IGN
2017,3962,2017-03-13,Lunes,0.0,5:00:00,,0.0,1,Moto/Ciclomotor,Av. Jorge Newbery 9100,1,0,0,0,0,1,0,"    -32.9092, -60.76231",Avenida,,ROSARIO,Rosario,Asfalto,Natural,II,Dentro,Urbana,Ninguna,No existe,Recta,Bueno,S/D,Nocturna,S/D,Atropello animal,S/D,Colisión,S/D,"Horizontal,Vertical",Ninguna,Sin restricción,"    -32.9092, -60.76231",['Jorge Newbery 9100'],1,,-32.9092,-60.76231,55.0,538.0,Municipio Rosario,Municipio,Rosario,820210,Servicio de Catastro e Información Territorial,IGN
2017,4035,2017-03-24,Viernes,0.0,14:00:00,,0.0,2,"Moto/Ciclomotor,Automóvil",Centeno Y Cafferata,3,1,0,0,1,1,0,"-32.97893, -60.68066",Calle,,ROSARIO,Rosario,Asfalto,Natural,II,Dentro,Urbana,Ninguna,No existe,Intersección,Con baches,S/D,Diurna,S/D,Lateral,S/D,Colisión,S/D,Vertical,Ninguna,S/D,"-32.97893, -60.68066","['Centeno', 'Cafferata']",2,,-32.97893,-60.68066,55.0,538.0,Municipio Rosario,Municipio,Rosario,820210,Servicio de Catastro e Información Territorial,IGN
2017,4036,2017-03-26,Domingo,0.0,6:00:00,,0.0,2,"Moto/Ciclomotor,Transporte de Pasajeros Urbano (> 8 asientos)",Av. Sorrento Y Pacheco,2,0,0,0,1,1,0,"-32.90723, -60.69337",Calle,,ROSARIO,Rosario,Asfalto,No existe,II,Dentro,Urbana,Semáforo,S/D,Intersección,Bueno,S/D,Diurna,S/D,S/D,S/D,Colisión,S/D,"Horizontal,Vertical",Cordón divisorio,S/D,"-32.90723, -60.69337","['Sorrento', 'Ángel Pacheco']",2,,-32.90723,-60.69337,55.0,538.0,Municipio Rosario,Municipio,Rosario,820210,Servicio de Catastro e Información Territorial,IGN
2017,4174,2017-04-15,Sabado,0.0,5:45:00,,0.0,1,Automóvil,Av. Pte.Peron Y Alsina,1,0,0,0,0,1,0,"-32.95722, -60.68086",Avenida,,ROSARIO,Rosario,Asfalto,No existe,II,Dentro,Urbana,S/D,Funciona,Intersección,Bueno,Buena,Amanecer,Buen Tiempo,Contra objeto fijo,S/D,Colisión,S/D,S/D,S/D,S/D,"-32.95722, -60.68086","['Avenida Presidente Perón', 'Alsina']",2,,-32.95722,-60.68086,55.0,538.0,Municipio Rosario,Municipio,Rosario,820210,Servicio de Catastro e Información Territorial,IGN
2017,4329,2017-02-19,Domingo,0.0,4:15:00,,0.0,2,"Bicicleta,Otros", ,2,0,0,0,0,1,1,"-32.92627, -60.72018",S/D,,ROSARIO,Rosario,S/D,S/D,II,S/D,S/D,S/D,S/D,S/D,S/D,S/D,Nocturna,S/D,S/D,Ciclista,Atropello,S/D,S/D,S/D,S/D,"-32.92627, -60.72018",[''],0,,-32.92627,-60.72018,55.0,538.0,Municipio Rosario,Municipio,Rosario,820210,Servicio de Catastro e Información Territorial,IGN
2017,4432,2017-03-19,Domingo,0.0,11:00:00,,0.0,1,Automóvil,Velez Sarsfield Y Rawson Bis,1,0,0,0,0,1,0,"-32.924746, -60.669305",Calle,,ROSARIO,Rosario,Asfalto,No existe,II,Fuera,Urbana,Semáforo,S/D,Intersección,Bueno,S/D,Diurna,S/D,Contra objeto fijo,S/D,Colisión,S/D,"Horizontal,Vertical",Ninguna,S/D,"-32.924746, -60.669305","['Vélez Sarsfield', 'Rawson']",2,,-32.924746,-60.669305,55.0,538.0,Municipio Rosario,Municipio,Rosario,820210,Servicio de Catastro e Información Territorial,IGN
2017,4434,2017-03-25,Sabado,0.0,5:30:00,,0.0,2,"Moto/Ciclomotor,Automóvil",AV. M. CISNERO 5400,3,1,0,0,1,1,0,"-32.978530, -60.695622",Calle,,ROSARIO,Rosario,Asfalto,Natural,II,Dentro,Urbana,Ninguna,No existe,Recta,S/D,Reducida,Nocturna,S/D,S/D,S/D,Colisión,S/D,Faltante,Ninguna,S/D,"-32.978530, -60.695622",['M Cisnero 5400'],1,,-32.97853,-60.695622,55.0,538.0,Municipio Rosario,Municipio,Rosario,820210,Servicio de Catastro e Información Territorial,IGN
2017,4580,2017-01-06,Viernes,0.0,2:00:00,,0.0,2,"Moto/Ciclomotor,Automóvil",E.Zeballos Y Av. Ovidio Lagos,3,1,0,0,0,1,1,"-32.950903,-60.6639252",Avenida,,ROSARIO,Rosario,Asfalto,No existe,II,Dentro,Urbana,Semáforo,S/D,Intersección,Bueno,S/D,Nocturna,S/D,Lateral,S/D,Colisión,S/D,"Horizontal,Vertical",Ninguna,S/D,"-32.950903,-60.6639252","['Zeballos', 'Avenida Ovidio Lagos']",2,,-32.950903,-60.6639252,55.0,538.0,Municipio Rosario,Municipio,Rosario,820210,Servicio de Catastro e Información Territorial,IGN
2017,4733,2017-04-17,Lunes,0.0,17:30:00,,0.0,1,Otros,Bv. Segui Y Francia F,1,0,0,0,0,1,0,"-32.974197, -60.673825",Avenida,,ROSARIO,Rosario,S/D,S/D,II,Dentro,Urbana,S/D,S/D,S/D,S/D,S/D,Diurna,S/D,S/D,S/D,S/D,S/D,S/D,S/D,S/D,"-32.974197, -60.673825","['Bulevar Juan Francisco Seguí', 'Avenida Francia']",2,,-32.974197,-60.673825,55.0,538.0,Municipio Rosario,Municipio,Rosario,820210,Servicio de Catastro e Información Territorial,IGN
2017,4735,2017-04-22,Sabado,0.0,5:00:00,,0.0,2,"Taxi/Remis,Moto/Ciclomotor",Catamarca Y Callao,3,2,0,0,1,0,0,"-32.936633, -60.658572",Calle,,ROSARIO,Rosario,Asfalto,No existe,II,S/D,Urbana,Ninguna,Funciona,Recta,Bueno,Buena,Nocturna,Buen Tiempo,Otro,S/D,Colisión,Ninguna,S/D,Ninguna,Sin restricción,"-32.936633, -60.658572","['Catamarca', 'Callao']",2,,-32.936633,-60.658572,55.0,538.0,Municipio Rosario,Municipio,Rosario,820210,Servicio de Catastro e Información Territorial,IGN
2017,4749,2017-05-02,Martes,0.0,8:55:00,,0.0,2,"Peatón,Automóvil",Martin Fierro 476,2,0,0,0,1,1,0,"-32.87678, -60.69178",Calle,,ROSARIO,Rosario,Asfalto,No existe,II,S/D,Urbana,Semáforo,Funciona,Recta,Bueno,Buena,Diurna,Otro,S/D,Peatón,Atropello,Otro,S/D,Vegetación,Sin restricción,"-32.87678, -60.69178",['Martin Fierro 476'],1,,-32.87678,-60.69178,55.0,538.0,Municipio Rosario,Municipio,Rosario,820210,Servicio de Catastro e Información Territorial,IGN
2017,4761,2017-04-09,Domingo,0.0,21:15:00,,0.0,2,"Moto/Ciclomotor,Transporte de Pasajeros Urbano (> 8 asientos)",Galvez Y Cafferata,2,0,0,0,1,1,0,"-32.962874, -60.676583",Calle,,ROSARIO,Rosario,Asfalto,No existe,II,Dentro,Urbana,S/D,No existe,Intersección,Bueno,Buena,Nocturna,Buen Tiempo,S/D,S/D,Colisión,S/D,Faltante,S/D,S/D,"-32.962874, -60.676583","['Galvez', 'Cafferata']",2,,-32.962874,-60.676583,55.0,538.0,Municipio Rosario,Municipio,Rosario,820210,Servicio de Catastro e Información Territorial,IGN
2017,4813,2017-05-23,Martes,0.0,19:20:00,,0.0,2,"Peatón,Moto/Ciclomotor",Av. Uriburu Y Callao,3,2,0,0,0,1,0,"-32.991395473099, -60.672443307726",Calle,,ROSARIO,Rosario,Asfalto,S/D,II,Dentro,Urbana,S/D,S/D,Recta,Bueno,S/D,Atardecer,S/D,S/D,Peatón,Atropello,Ninguna,Horizontal,S/D,S/D,"-32.991395473099, -60.672443307726","['Uriburu', 'Callao']",2,,-32.991395473099,-60.672443307726,55.0,538.0,Municipio Rosario,Municipio,Rosario,820210,Servicio de Catastro e Información Territorial,IGN
2017,4815,2017-05-30,Martes,0.0,20:00:00,,0.0,2,"Pickup/Utilitario,Moto/Ciclomotor",Donado Y Av. Brassey,3,0,0,1,1,1,0,"-32.92294, -60.72764",Calle,,ROSARIO,Rosario,Asfalto,Pavimento,II,Dentro,Urbana,Ninguna,No existe,Intersección,Bueno,Buena,Nocturna,Buen Tiempo,De alcance,S/D,Colisión,Ninguna,Faltante,Ninguna,Sin restricción,"-32.92294, -60.72764","['Donado', 'Brassey']",2,,-32.92294,-60.72764,55.0,538.0,Municipio Rosario,Municipio,Rosario,820210,Servicio de Catastro e Información Territorial,IGN
2017,4832,2017-05-01,Lunes,1.0,,,0.0,1,Automóvil, ,2,1,0,0,0,1,0,"-32.944337, -60.650062",S/D,,ROSARIO,Rosario,S/D,S/D,II,S/D,S/D,S/D,S/D,S/D,S/D,S/D,S/D,S/D,S/D,S/D,S/D,S/D,S/D,S/D,S/D,"-32.944337, -60.650062",[''],0,,-32.944337,-60.650062,55.0,538.0,Municipio Rosario,Municipio,Rosario,820210,Servicio de Catastro e Información Territorial,IGN
2017,4905,2017-05-24,Miercoles,1.0,15:00:00,,0.0,2,"Peatón,Automóvil",Albert Sabin 1300,2,0,0,0,1,1,0,"-32.91319, -60.69158",Calle,,ROSARIO,Rosario,Hormigón,No existe,II,Dentro,Urbana,Ninguna,No existe,Intersección,Bueno,S/D,Diurna,S/D,S/D,Peatón,Atropello,Ninguna,Horizontal,Cordón divisorio,S/D,"-32.91319, -60.69158",['Albert Sabin 1300'],1,,-32.91319,-60.69158,55.0,538.0,Municipio Rosario,Municipio,Rosario,820210,Servicio de Catastro e Información Territorial,IGN
2017,4907,2017-05-27,Sabado,0.0,,,0.0,3,"Peatón,Moto/Ciclomotor,Automóvil",Av. Provincias Unidas Y J.J.Paso,5,0,0,0,4,1,0,"-32.920049888432, -60.713715806863",Avenida,,ROSARIO,Rosario,Hormigón,No existe,II,Dentro,Urbana,S/D,No existe,Rotonda,Bueno,S/D,S/D,S/D,S/D,S/D,Atropello,S/D,Horizontal,Ninguna,Sin restricción,"-32.920049888432, -60.713715806863","['Avenida Provincias Unidas', 'Paso']",2,,-32.920049888432,-60.713715806863,55.0,538.0,Municipio Rosario,Municipio,Rosario,820210,Servicio de Catastro e Información Territorial,IGN
2017,5121,2017-05-23,Martes,0.0,12:00:00,,0.0,2,"Transporte de Pasajeros Urbano (> 8 asientos),Peatón",Alberdi Y J.J.Paso,2,0,0,0,1,1,0,"-32.919319, -60.682262",Calle,,ROSARIO,Rosario,Asfalto,No existe,II,Dentro,Urbana,Ninguna,Funciona,Recta,Bueno,S/D,Diurna,S/D,S/D,Peatón,Atropello,S/D,"Horizontal,Vertical","Ninguna,S/D",Sin restricción,"-32.919319, -60.682262","['Alberdi', 'Paso']",2,,-32.919319,-60.682262,55.0,538.0,Municipio Rosario,Municipio,Rosario,820210,Servicio de Catastro e Información Territorial,IGN
2017,5211,2017-06-12,Lunes,0.0,17:20:00,,0.0,2,"Peatón,Moto/Ciclomotor",Camilo Aldao Y Amenabar,2,0,0,0,1,1,0,"-32.963493144771,-60.695089475849",Calle,,ROSARIO,Rosario,Asfalto,No existe,II,Dentro,Urbana,Ninguna,No existe,Intersección,Bueno,Buena,Atardecer,S/D,S/D,Peatón,Atropello,Ninguna,Faltante,Barrera de hormigón,Sin restricción,"-32.963493144771,-60.695089475849","['Camilo Aldao', 'Amenabar']",2,,-32.963493144771,-60.695089475849,55.0,538.0,Municipio Rosario,Municipio,Rosario,820210,Servicio de Catastro e Información Territorial,IGN
2017,5264,2017-07-09,Domingo,0.0,18:40:00,,0.0,2,"Automóvil,Moto/Ciclomotor",Comodoro Rivadavia Y Santiago,2,1,0,0,1,0,0,"-32.990777777778,-60.668",Calle,,ROSARIO,Rosario,Asfalto,No existe,II,Dentro,Urbana,Ninguna,No existe,Intersección,Bueno,Buena,Atardecer,Buen Tiempo,Lateral,S/D,Colisión,Ninguna,Faltante,Ninguna,Sin restricción,"-32.990777777778,-60.668","['Comodoro Rivadavia', 'Santiago']",2,,-32.990777777778,-60.668,55.0,538.0,Municipio Rosario,Municipio,Rosario,820210,Servicio de Catastro e Información Territorial,IGN
2017,5334,2017-06-24,Sabado,0.0,20:30:00,,0.0,2,"Moto/Ciclomotor,Peatón",Centeno Y Iriondo,3,1,1,0,0,1,0,"-32.979204, -60.679296",Calle,,ROSARIO,Rosario,Asfalto,S/D,II,Dentro,Urbana,Ninguna,No existe,Intersección,Bueno,S/D,Nocturna,S/D,S/D,Peatón,Atropello,S/D,S/D,Ninguna,Sin restricción,"-32.979204, -60.679296","['Centeno', 'Iriondo']",2,,-32.979204,-60.679296,55.0,538.0,Municipio Rosario,Municipio,Rosario,820210,Servicio de Catastro e Información Territorial,IGN
2017,5361,2017-06-11,Domingo,0.0,14:00:00,,0.0,2,"Pickup/Utilitario,Automóvil",Albert Sabin Y Av. Genova,2,0,0,0,1,1,0,"     -32.91532, -60.69093",Calle,,ROSARIO,Rosario,Asfalto,No existe,II,Dentro,Urbana,Semáforo,Funciona,Intersección,Bueno,Buena,Diurna,S/D,Lateral,S/D,Colisión,S/D,"Horizontal,Vertical",Ninguna,Sin restricción,"     -32.91532, -60.69093","['Avenida Travesía Albert Sabin', 'Genova']",2,,-32.91532,-60.69093,55.0,538.0,Municipio Rosario,Municipio,Rosario,820210,Servicio de Catastro e Información Territorial,IGN
2017,5365,2017-06-11,Domingo,0.0,1:00:00,,0.0,2,"Transporte de Pasajeros Urbano (> 8 asientos),Peatón",Gorriti Y Alberdi,2,0,0,0,1,1,0,"-32.92342, -60.67904",Calle,,ROSARIO,Rosario,Asfalto,No existe,II,Dentro,Urbana,Semáforo,Funciona,Intersección,Bueno,S/D,Nocturna,S/D,S/D,Peatón,Atropello,S/D,"Horizontal,Vertical",Ninguna,Sin restricción,"-32.92342, -60.67904","['Gorriti', 'Alberdi']",2,,-32.92342,-60.67904,55.0,538.0,Municipio Rosario,Municipio,Rosario,820210,Servicio de Catastro e Información Territorial,IGN
2017,5394,2017-06-17,Sabado,0.0,1:30:00,,0.0,2,"Automóvil,Moto/Ciclomotor",Av. Francia Bis Y Av. Caseros Bis,3,0,0,0,2,1,0,"-32.92979925870897, -60.66220968961",Calle,,ROSARIO,Rosario,Asfalto,No existe,II,Dentro,Urbana,Semáforo,Funciona,Intersección,Bueno,Buena,Nocturna,Buen Tiempo,Lateral,S/D,Colisión,Ninguna,"Horizontal,Vertical",Ninguna,Sin restricción,"-32.92979925870897, -60.66220968961","['Avenida Francia', 'Caseros']",2,,-32.92979925870897,-60.66220968961,55.0,538.0,Municipio Rosario,Municipio,Rosario,820210,Servicio de Catastro e Información Territorial,IGN
2017,5399,2017-06-24,Sabado,0.0,3:00:00,,0.0,2,"Automóvil,Moto/Ciclomotor",Mitre Y Uruguay,2,0,0,0,1,1,0,"-32.97654, -60.64728",Calle,,ROSARIO,Rosario,Asfalto,No existe,II,Dentro,Urbana,Ninguna,No existe,Intersección,Bueno,Buena,Nocturna,Buen Tiempo,Lateral,S/D,Colisión,Ninguna,Faltante,Ninguna,Sin restricción,"-32.97654, -60.64728","['Mitre', 'Uruguay']",2,,-32.97654,-60.64728,55.0,538.0,Municipio Rosario,Municipio,Rosario,820210,Servicio de Catastro e Información Territorial,IGN