anio_acci,nro_acci,fecha,desc_dia,fecha_aprox,hora_aprox,desc_ruta,km,cant_participantes,desc_participante,calle_avenida_km,total,heridos_leves,heridos_graves,heridos_gravisimos,ilesos,fallecidos,sin_datos,posicion_XY,desc_tipo_via,desc_ruta_ori,desc_loc,desc_dpto,desc_tipo_calzada,desc_tipo_banquina,desc_unidad_regional,desc_lugar_calzada,desc_zona,desc_prioridad,desc_estado_semaforo,desc_lugar_via,desc_estado_via,desc_estado_visibilidad,desc_luminosidad,desc_estado_clima,desc_tipo_colision,desc_tipo_atropello,desc_tipo_hecho,desc_pres_calzada,desc_senializacion,desc_separacion_via,desc_restriccion,forma_geocod,calle_lista,numero_calles,calles_osm,lat,lon,index_right,gid,fna,gna,nam,in1,fdc,sag
2017,5427,2017-07-13,Jueves,0.0,19:30:00,,0.0,2,"Bicicleta,Pickup/Utilitario",Av. Battle y Ordoñez Y Bv. Avellaneda,2,0,0,0,1,1,0,"-33.010117, -60.689453",Avenida,,ROSARIO,Rosario,Asfalto,No existe,II,Dentro,Urbana,Ninguna,No existe,Recta,Bueno,Buena,Atardecer,Buen Tiempo,S/D,Ciclista,Atropello,Ninguna,Faltante,Ninguna,Sin restricción,"-33.010117, -60.689453","['Avenida Battle y Ordoñez', 'Avellaneda']",2,,-33.010117,-60.689453,55.0,538.0,Municipio Rosario,Municipio,Rosario,820210,Servicio de Catastro e Información Territorial,IGN
2017,5450,2017-07-05,Miercoles,0.0,1:30:00,,0.0,1,Automóvil,Bv. Segui Y Vera Mujica,2,1,0,0,0,1,0,"-32.974000, -60.675150",Avenida,,ROSARIO,Rosario,Asfalto,No existe,II,Dentro,Urbana,Ninguna,No existe,Recta,Bueno,Buena,"Nocturna,Con luz artificial",Otro,Contra objeto fijo,S/D,Colisión,Ninguna,Faltante,Cordón divisorio,Sin restricción,"-32.974000, -60.675150","['Bulevar Juan Francisco Seguí', 'Vera Mujíca']",2,,-32.974,-60.67515,55.0,538.0,Municipio Rosario,Municipio,Rosario,820210,Servicio de Catastro e Información Territorial,IGN
2017,5520,2017-07-09,Domingo,0.0,13:05:00,,0.0,3,"Automóvil,Automóvil,Automóvil",Av. Provincias Unidas Y Av. Sorrento,5,1,0,0,2,2,0,"-32.908048, -60.714280",Avenida,,ROSARIO,Rosario,Asfalto,Natural,II,Dentro,Urbana,Señal Ceda el Paso,No existe,Rotonda,Resbaladiza,Buena,Diurna,Lluvia,"Lateral,Múltiple",S/D,Colisión,Agua,Vertical,Cordón divisorio,Sin restricción,"-32.908048, -60.714280","['Avenida Provincias Unidas', 'Sorrento']",2,,-32.908048,-60.71428,55.0,538.0,Municipio Rosario,Municipio,Rosario,820210,Servicio de Catastro e Información Territorial,IGN
2017,5605,2017-07-29,Sabado,0.0,5:30:00,,0.0,5,"Automóvil,Automóvil,Automóvil,Automóvil,Peatón",Necochea Y Bv. 27 De Febrero,6,2,0,0,3,1,0,"-32.970159943586, -60.629514116451",Avenida,,ROSARIO,Rosario,Asfalto,No existe,II,Dentro,Urbana,Semáforo,Intermitente,Intersección,Bueno,Buena,Nocturna,Buen Tiempo,Múltiple,S/D,Colisión,Ninguna,"Horizontal,Vertical",Cordón divisorio,Sin restricción,"-32.970159943586, -60.629514116451","['Necochea', '27 de Febrero']",2,,-32.970159943586,-60.629514116451,55.0,538.0,Municipio Rosario,Municipio,Rosario,820210,Servicio de Catastro e Información Territorial,IGN
2017,5722,2017-08-17,Jueves,0.0,22:00:00,,0.0,2,"Moto/Ciclomotor,Taxi/Remis",Bv. Segui Y Alsina,3,0,1,0,1,1,0,"-32.972150, -60.684650",Calle,,ROSARIO,Rosario,Asfalto,No existe,II,Dentro,Urbana,Semáforo,Funciona,Recta,Bueno,Buena,Nocturna,Buen Tiempo,S/D,S/D,Colisión,Ninguna,Vertical,Cordón divisorio,Sin restricción,"-32.972150, -60.684650","['Bulevar Juan Francisco Seguí', 'Alsina']",2,,-32.97215,-60.68465,55.0,538.0,Municipio Rosario,Municipio,Rosario,820210,Servicio de Catastro e Información Territorial,IGN
2017,5772,2017-08-19,Sabado,0.0,12:00:00,,0.0,2,"Peatón,Tren",L.del Desierto Y Cafferata,2,0,0,0,1,1,0,"-32.982479, -60.681436",Calle,,ROSARIO,Rosario,Asfalto,No existe,II,Dentro,Urbana,Ninguna,No existe,Recta,Bueno,Buena,Diurna,Buen Tiempo,S/D,Peatón,Atropello,Ninguna,Faltante,Ninguna,Sin restricción,"-32.982479, -60.681436","['Lago del Desierto', 'Cafferata']",2,,-32.982479,-60.681436,55.0,538.0,Municipio Rosario,Municipio,Rosario,820210,Servicio de Catastro e Información Territorial,IGN
2017,5774,2017-08-08,Martes,0.0,8:40:00,,0.0,1,Automóvil,Av. Circunvalacion Y Cerrito,1,0,0,0,0,1,0,"-32.953651, -60.721106",Calle,,ROSARIO,Rosario,Asfalto,No existe,II,Dentro,Urbana,Ninguna,No existe,Recta,Bueno,Buena,Diurna,S/D,Contra objeto fijo,S/D,Colisión,S/D,Faltante,Ninguna,Sin restricción,"-32.953651, -60.721106","['Circunvalacion', 'Cerrito']",2,,-32.953651,-60.721106,55.0,538.0,Municipio Rosario,Municipio,Rosario,820210,Servicio de Catastro e Información Territorial,IGN
2017,5803,2017-08-18,Viernes,0.0,8:00:00,,0.0,2,"Automóvil,Automóvil",Italia Y H. Brandoni,5,0,0,0,4,1,0,"-33.006311, -60.659028",Calle,,ROSARIO,Rosario,Asfalto,No existe,II,Dentro,Urbana,Ninguna,No existe,Intersección,Bueno,Buena,Diurna,S/D,S/D,S/D,"Colisión,Vuelco",Ninguna,Faltante,Ninguna,Sin restricción,"-33.006311, -60.659028","['Italia', 'Brandoni']",2,,-33.006311,-60.659028,55.0,538.0,Municipio Rosario,Municipio,Rosario,820210,Servicio de Catastro e Información Territorial,IGN
2017,6145,2017-03-01,Miercoles,1.0,,,0.0,1,Otros, ,1,0,0,0,0,1,0,"-32.943698, -60.649043",S/D,,ROSARIO,Rosario,S/D,S/D,II,S/D,S/D,S/D,S/D,S/D,S/D,S/D,S/D,S/D,S/D,S/D,S/D,S/D,S/D,S/D,S/D,"-32.943698, -60.649043",[''],0,,-32.943698,-60.649043,55.0,538.0,Municipio Rosario,Municipio,Rosario,820210,Servicio de Catastro e Información Territorial,IGN
2017,6541,2017-05-05,Viernes,0.0,,,0.0,1,Otros, ,1,0,0,0,0,1,0,"-32.943410, -60.650373",S/D,,ROSARIO,Rosario,S/D,S/D,II,S/D,Urbana,S/D,S/D,S/D,S/D,S/D,S/D,S/D,S/D,S/D,S/D,S/D,S/D,S/D,S/D,"-32.943410, -60.650373",[''],0,,-32.94341,-60.650373,55.0,538.0,Municipio Rosario,Municipio,Rosario,820210,Servicio de Catastro e Información Territorial,IGN
2017,6662,2017-07-01,Sabado,0.0,,,0.0,2,"Automóvil,Bicicleta",Schweitzer Y Sanchez de Loria,2,0,0,0,1,1,0,"-32.91369158774614, -60.73288556188",Calle,,ROSARIO,Rosario,Asfalto,No existe,II,Dentro,Urbana,Ninguna,No existe,Intersección,Bueno,S/D,S/D,S/D,S/D,Ciclista,Atropello,Ninguna,Faltante,Ninguna,Sin restricción,"-32.91369158774614, -60.73288556188","['Albert Schweitzer', 'Sánchez de Loria']",2,,-32.91369158774614,-60.73288556188,55.0,538.0,Municipio Rosario,Municipio,Rosario,820210,Servicio de Catastro e Información Territorial,IGN
2017,6670,2017-09-28,Jueves,0.0,20:00:00,,0.0,2,"Automóvil,Automóvil",Av. Ovidio Lagos Y Camino F.Ruiz,2,1,0,0,1,0,0,"-33.013805555556,-60.678305555556",Avenida,,ROSARIO,Rosario,Asfalto,Pavimento,II,Dentro,Urbana,Marca Vial,No existe,Intersección,Bueno,Buena,"Nocturna,Con luz artificial",Buen Tiempo,De alcance,S/D,Colisión,Ninguna,Horizontal,Cordón divisorio,Sin restricción,"-33.013805555556,-60.678305555556","['Avenida Ovidio Lagos', 'Doctor Fernando Ruiz']",2,,-33.013805555556,-60.678305555556,55.0,538.0,Municipio Rosario,Municipio,Rosario,820210,Servicio de Catastro e Información Territorial,IGN
2017,6762,2017-12-28,Jueves,0.0,9:45:00,,0.0,2,"Automóvil,Moto/Ciclomotor",Av. Francia Y Rueda,2,1,0,0,1,0,0,"-32.966166666667,-60.671611111111",Avenida,,ROSARIO,Rosario,Asfalto,No existe,II,Dentro,Urbana,Ninguna,No existe,Intersección,Bueno,Buena,Diurna,Buen Tiempo,Frontal,S/D,Colisión,Ninguna,Faltante,Cordón divisorio,Sin restricción,"-32.966166666667,-60.671611111111","['Avenida Francia', 'Rueda']",2,,-32.966166666667,-60.671611111111,55.0,538.0,Municipio Rosario,Municipio,Rosario,820210,Servicio de Catastro e Información Territorial,IGN
2017,6764,2017-12-22,Viernes,0.0,18:35:00,,0.0,2,"Automóvil,Moto/Ciclomotor",Av. Pte.Peron Y Lima,2,1,0,0,1,0,0,"-32.95825,-60.688277777778",S/D,,ROSARIO,Rosario,Asfalto,No existe,II,Dentro,Urbana,Ninguna,No existe,Intersección,Bueno,Buena,Atardecer,Buen Tiempo,Lateral,S/D,Colisión,Ninguna,Faltante,Cordón divisorio,Sin restricción,"-32.95825,-60.688277777778","['Avenida Presidente Perón', 'Lima']",2,,-32.95825,-60.688277777778,55.0,538.0,Municipio Rosario,Municipio,Rosario,820210,Servicio de Catastro e Información Territorial,IGN
2017,6767,2017-12-12,Martes,0.0,18:45:00,,0.0,2,"Moto/Ciclomotor,Automóvil",San Nicolas Y Viamonte,3,2,0,0,1,0,0,"-32.959194444444,-60.677111111111",Calle,,ROSARIO,Rosario,Asfalto,No existe,II,Dentro,Urbana,Ninguna,No existe,Intersección,Bueno,Buena,Atardecer,Buen Tiempo,Lateral,S/D,Colisión,Ninguna,Faltante,Cordón divisorio,Sin restricción,"-32.959194444444,-60.677111111111","['San Nicolás', 'Viamonte']",2,,-32.959194444444,-60.677111111111,55.0,538.0,Municipio Rosario,Municipio,Rosario,820210,Servicio de Catastro e Información Territorial,IGN
2017,6773,2017-12-17,Domingo,0.0,12:15:00,,0.0,2,"Moto/Ciclomotor,Automóvil",Bv. Segui Y F.More,2,1,0,0,1,0,0,"-32.970527777778,-60.692611111111",Calle,,ROSARIO,Rosario,Asfalto,No existe,II,Dentro,Urbana,Semáforo,Funciona,Intersección,Otro,Buena,Diurna,Buen Tiempo,Lateral,S/D,Colisión,Ninguna,Vertical,Ninguna,Sin restricción,"-32.970527777778,-60.692611111111","['Bulevar Juan Francisco Seguí', 'Felipe Moré']",2,,-32.970527777778,-60.692611111111,55.0,538.0,Municipio Rosario,Municipio,Rosario,820210,Servicio de Catastro e Información Territorial,IGN
2017,6775,2017-12-24,Domingo,0.0,12:35:00,,0.0,2,"Automóvil,Moto/Ciclomotor",Tte.Agneta Y Amenabar,2,1,0,0,1,0,0,"-32.963611111111,-60.698944444444",Calle,,ROSARIO,Rosario,Asfalto,No existe,II,S/D,Urbana,S/D,No existe,Recta,Bueno,S/D,Diurna,Buen Tiempo,S/D,S/D,Colisión,S/D,S/D,S/D,Sin restricción,"-32.963611111111,-60.698944444444","['Teniente Agneta', 'Amenabar']",2,,-32.963611111111,-60.698944444444,55.0,538.0,Municipio Rosario,Municipio,Rosario,820210,Servicio de Catastro e Información Territorial,IGN
2017,6887,2017-11-07,Martes,0.0,8:00:00,,0.0,2,"Moto/Ciclomotor,Automóvil",Av. Circunvalacion 2500,2,1,0,0,1,0,0,"-33.012138888889,-60.668472222222",Avenida,,ROSARIO,Rosario,Asfalto,Pavimento,II,Dentro,Urbana,Ninguna,No existe,Recta,Bueno,Buena,Diurna,Buen Tiempo,Otro,S/D,Colisión,Ninguna,Faltante,Guardarrail,Sin restricción,"-33.012138888889,-60.668472222222",['Circunvalacion 2500'],1,,-33.012138888889,-60.668472222222,55.0,538.0,Municipio Rosario,Municipio,Rosario,820210,Servicio de Catastro e Información Territorial,IGN
2017,6889,2017-11-01,Miercoles,0.0,18:30:00,,0.0,2,"Moto/Ciclomotor,Pickup/Utilitario",AV GODOY 7600,3,1,0,0,2,0,0,"-32.9730604,-60.72149790",Avenida,,ROSARIO,Rosario,Asfalto,No existe,II,Dentro,Urbana,Semáforo,Funciona,Recta,Bueno,Buena,Diurna,Buen Tiempo,Otro,S/D,Colisión,Ninguna,Vertical,Cordón divisorio,Sin restricción,"-32.9730604,-60.72149790",['Avenida Presidente Perón 7600'],1,,-32.9730604,-60.7214979,55.0,538.0,Municipio Rosario,Municipio,Rosario,820210,Servicio de Catastro e Información Territorial,IGN
2017,6893,2017-11-12,Domingo,0.0,11:10:00,,0.0,2,"Peatón,Moto/Ciclomotor",Av. Avellaneda B 2200,3,2,1,0,0,0,0,"-32.9557635,-60.68365619",Avenida,,ROSARIO,Rosario,Asfalto,No existe,II,Dentro,Urbana,Ninguna,No existe,Recta,Bueno,Buena,Diurna,Buen Tiempo,Otro,S/D,Colisión,Ninguna,Faltante,Cordón divisorio,Sin restricción,"-32.9557635,-60.68365619",['Avellaneda B 2200'],1,,-32.9557635,-60.68365619,55.0,538.0,Municipio Rosario,Municipio,Rosario,820210,Servicio de Catastro e Información Territorial,IGN
2017,6897,2017-11-20,Lunes,0.0,15:50:00,,0.0,2,"Automóvil,Automóvil",Av. Avellaneda B Y Ocampo,4,2,0,0,2,0,0,"-32.9591253,-60.68424119",Avenida,,ROSARIO,Rosario,Asfalto,Pavimento,II,S/D,Urbana,Ninguna,No existe,Intersección,Bueno,Buena,Diurna,Buen Tiempo,Frontal,S/D,Colisión,Ninguna,Faltante,Barrera de hormigón,Sin restricción,"-32.9591253,-60.68424119","['Avellaneda', 'Ocampo']",2,,-32.9591253,-60.68424119,55.0,538.0,Municipio Rosario,Municipio,Rosario,820210,Servicio de Catastro e Información Territorial,IGN
2017,6899,2017-11-08,Miercoles,0.0,19:50:00,,0.0,1,Transporte de Pasajeros (H/ 8 asientos),AV PROVINCIAS UNIDAS Y AV 27 FEBRERO,3,1,0,0,2,0,0,"-32.9553228,-60.71187300",Avenida,,ROSARIO,Rosario,Asfalto,No existe,II,Dentro,Urbana,Semáforo,Funciona,Recta,Bueno,Buena,Diurna,Buen Tiempo,Otro,S/D,Caída ocupante,Ninguna,Faltante,Cordón divisorio,Sin restricción,"-32.9553228,-60.71187300","['Avenida Provincias Unidas', '27 de Febrero']",2,,-32.9553228,-60.711873,55.0,538.0,Municipio Rosario,Municipio,Rosario,820210,Servicio de Catastro e Información Territorial,IGN
2017,6903,2017-12-21,Jueves,0.0,15:20:00,,0.0,2,"Moto/Ciclomotor,Automóvil",Guatemala Y Pje. Volta,3,2,0,0,1,0,0,"-32.958818,-60.71648740",Calle,,ROSARIO,Rosario,Asfalto,No existe,II,Dentro,Urbana,Ninguna,No existe,Intersección,Bueno,Buena,Diurna,Buen Tiempo,S/D,S/D,Colisión,Ninguna,Faltante,Ninguna,Sin restricción,"-32.958818,-60.71648740","['Guatemala', 'Volta']",2,,-32.958818,-60.7164874,55.0,538.0,Municipio Rosario,Municipio,Rosario,820210,Servicio de Catastro e Información Territorial,IGN
2017,6905,2017-12-07,Jueves,0.0,16:55:00,,0.0,1,Moto/Ciclomotor,AV URIBURU Y 25 DE MAYO,2,2,0,0,0,0,0,"-32.989782,-60.621459",Calle,,ROSARIO,Rosario,Asfalto,Natural,II,Dentro,Urbana,S/D,No existe,Intersección,Bueno,Buena,Diurna,Buen Tiempo,S/D,S/D,S/D,Ninguna,Horizontal,Ninguna,S/D,"-32.989782,-60.621459","['Uriburu', '25 de Mayo']",2,,-32.989782,-60.621459,55.0,538.0,Municipio Rosario,Municipio,Rosario,820210,Servicio de Catastro e Información Territorial,IGN
2017,6907,2017-12-01,Viernes,0.0,5:20:00,,0.0,2,"Bicicleta,Automóvil",NIAMONTE Y COLECTORA (EEUU),2,1,0,0,0,0,1,"-32.965791,-60.6402597",Calle,,ROSARIO,Rosario,Asfalto,S/D,II,Dentro,Urbana,S/D,S/D,Intersección,Bueno,S/D,S/D,S/D,S/D,S/D,S/D,Ninguna,S/D,S/D,S/D,"-32.965791,-60.6402597","['Viamonte', 'Colectora (avenida 25 De Mayo)']",2,,-32.965791,-60.6402597,55.0,538.0,Municipio Rosario,Municipio,Rosario,820210,Servicio de Catastro e Información Territorial,IGN
2017,6909,2017-12-11,Lunes,0.0,17:30:00,,0.0,2,"Automóvil,Bicicleta",Av. Pte.Peron Y Lavalle,2,1,0,0,1,0,0,"-32.9574793,-60.68235360",S/D,,ROSARIO,Rosario,Asfalto,No existe,II,S/D,S/D,Semáforo,Funciona,Intersección,Bueno,Buena,Diurna,Buen Tiempo,Lateral,Ciclista,Atropello,Ninguna,"Horizontal,Vertical",Línea divisoria pintada,Sin restricción,"-32.9574793,-60.68235360","['Avenida Presidente Perón', 'Lavalle']",2,,-32.9574793,-60.6823536,55.0,538.0,Municipio Rosario,Municipio,Rosario,820210,Servicio de Catastro e Información Territorial,IGN
2017,6912,2017-12-11,Lunes,0.0,16:20:00,,0.0,2,"Moto/Ciclomotor,Camión Chasis",Amenabar Y R.Lagos,2,1,0,0,1,0,0,"-32.96407300,-60.71537290",Calle,,ROSARIO,Rosario,Asfalto,Natural,II,Dentro,Urbana,Ninguna,No existe,Recta,Bueno,Buena,Diurna,Buen Tiempo,S/D,S/D,Colisión,Ninguna,Vertical,Ninguna,Sin restricción,"-32.96407300,-60.71537290","['Amenabar', 'Ovidio Lagos']",2,,-32.964073,-60.7153729,55.0,538.0,Municipio Rosario,Municipio,Rosario,820210,Servicio de Catastro e Información Territorial,IGN
2017,6914,2017-12-09,Sabado,0.0,,,0.0,2,"Pickup/Utilitario,Pickup/Utilitario",LAS PALMERAS 4215,3,1,0,0,2,0,0,"-32.9739785,-60.73446530",S/D,,ROSARIO,Rosario,Asfalto,Natural,II,S/D,S/D,Otra Señal,No existe,Recta,Con baches,Reducida,Nocturna,Buen Tiempo,S/D,S/D,Atropello,Ninguna,Faltante,Ninguna,Sin restricción,"-32.9739785,-60.73446530",['Las Palmeras 4215'],1,,-32.9739785,-60.7344653,55.0,538.0,Municipio Rosario,Municipio,Rosario,820210,Servicio de Catastro e Información Territorial,IGN
2017,6918,2017-12-17,Domingo,0.0,,,0.0,2,"Moto/Ciclomotor,Pickup/Utilitario",Urquiza Y Ecuador,2,1,0,0,0,0,1,"-32.933472222222,-60.715333333333",Calle,,ROSARIO,Rosario,Asfalto,No existe,II,Dentro,Urbana,Ninguna,No existe,Intersección,Bueno,S/D,S/D,Buen Tiempo,De alcance,S/D,Colisión,S/D,S/D,Ninguna,Sin restricción,"-32.933472222222,-60.715333333333","['Urquiza', 'Ecuador']",2,,-32.933472222222,-60.715333333333,55.0,538.0,Municipio Rosario,Municipio,Rosario,820210,Servicio de Catastro e Información Territorial,IGN
2017,6920,2017-12-18,Lunes,0.0,,,0.0,2,"Moto/Ciclomotor,Automóvil",P L FUNES 1300,2,1,0,0,1,0,0,"-32.943166666667,-60.701111111111",Calle,,ROSARIO,Rosario,Asfalto,No existe,II,Dentro,Urbana,Ninguna,No existe,Recta,Bueno,S/D,S/D,Buen Tiempo,De alcance,S/D,Colisión,S/D,S/D,Ninguna,Sin restricción,"-32.943166666667,-60.701111111111",['Pedro Lino Funes 1300'],1,,-32.943166666667,-60.701111111111,55.0,538.0,Municipio Rosario,Municipio,Rosario,820210,Servicio de Catastro e Información Territorial,IGN
2017,6922,2017-12-19,Martes,0.0,,,0.0,2,"Moto/Ciclomotor,Pickup/Utilitario",Solis Y Mendoza,2,1,0,0,1,0,0,"-32.939944444444,-60.703361111111",Calle,,ROSARIO,Rosario,Asfalto,No existe,II,Dentro,Urbana,Ninguna,Funciona,Intersección,Bueno,S/D,S/D,Buen Tiempo,De alcance,S/D,Colisión,S/D,S/D,Ninguna,Sin restricción,"-32.939944444444,-60.703361111111","['Solis', 'Mendoza']",2,,-32.939944444444,-60.703361111111,55.0,538.0,Municipio Rosario,Municipio,Rosario,820210,Servicio de Catastro e Información Territorial,IGN
2017,6923,2017-12-15,Viernes,0.0,16:00:00,,0.0,2,"Moto/Ciclomotor,Pickup/Utilitario",Av. Pte.Peron Y F.More,2,1,0,0,1,0,0,"-32.958862,-60.693030",Calle,,ROSARIO,Rosario,Asfalto,No existe,II,Dentro,Urbana,Semáforo,Funciona,Intersección,Bueno,Buena,Diurna,Buen Tiempo,Lateral,S/D,Colisión,Ninguna,Vertical,Ninguna,Sin restricción,"-32.958862,-60.693030","['Avenida Presidente Perón', 'Felipe Moré']",2,,-32.958862,-60.69303,55.0,538.0,Municipio Rosario,Municipio,Rosario,820210,Servicio de Catastro e Información Territorial,IGN
2017,6925,2017-12-14,Jueves,0.0,7:15:00,,0.0,2,"Automóvil,Moto/Ciclomotor",Roullon Y Galvez,2,1,0,0,1,0,0,"-32.960084,-60.701488",Calle,,ROSARIO,Rosario,Asfalto,No existe,II,Dentro,Urbana,Ninguna,No existe,Intersección,Otro,Buena,Diurna,Otro,Lateral,S/D,Colisión,Ninguna,Faltante,Ninguna,Sin restricción,"-32.960084,-60.701488","['Alfredo Rouillón', 'Galvez']",2,,-32.960084,-60.701488,55.0,538.0,Municipio Rosario,Municipio,Rosario,820210,Servicio de Catastro e Información Territorial,IGN
2017,6961,2017-09-01,Viernes,0.0,22:50:00,,0.0,1,Moto/Ciclomotor,Gral.Mosconi 3400,1,0,0,0,0,1,0,"-32.983778, -60.681794",Calle,,ROSARIO,Rosario,S/D,S/D,II,S/D,S/D,S/D,S/D,S/D,S/D,S/D,Nocturna,S/D,Contra objeto fijo,S/D,Colisión,S/D,S/D,S/D,S/D,"-32.983778, -60.681794",['Generalmosconi 3400'],1,,-32.983778,-60.681794,55.0,538.0,Municipio Rosario,Municipio,Rosario,820210,Servicio de Catastro e Información Territorial,IGN
2017,6998,2017-09-07,Jueves,0.0,7:50:00,,0.0,1,Moto/Ciclomotor,Av. Circunvalacion Y Cerrito,1,0,0,0,0,1,0,"-32.953628, -60.721741",Avenida,,ROSARIO,Rosario,S/D,S/D,II,S/D,S/D,S/D,S/D,S/D,S/D,S/D,Diurna,S/D,S/D,S/D,S/D,S/D,S/D,S/D,S/D,"-32.953628, -60.721741","['Circunvalacion', 'Cerrito']",2,,-32.953628,-60.721741,55.0,538.0,Municipio Rosario,Municipio,Rosario,820210,Servicio de Catastro e Información Territorial,IGN
2017,7062,2017-12-05,Martes,0.0,14:00:00,,0.0,2,"Tracción animal / Carro,Camión Chasis",Av. Ovidio Lagos Y Camino Viejo Soldini,2,1,0,0,1,0,0,"-33.025916666667,-60.681138888889",Avenida,,ROSARIO,Rosario,Asfalto,No existe,II,Dentro,Urbana,Semáforo,Funciona,Recta,Bueno,Buena,Diurna,Buen Tiempo,De alcance,S/D,Colisión,Ninguna,Vertical,Cordón divisorio,Sin restricción,"-33.025916666667,-60.681138888889","['Avenida Ovidio Lagos', 'Camino viejo a Soldini']",2,,-33.025916666667,-60.681138888889,55.0,538.0,Municipio Rosario,Municipio,Rosario,820210,Servicio de Catastro e Información Territorial,IGN
2017,7064,2017-12-21,Jueves,0.0,5:00:00,,0.0,2,"Automóvil,Bicicleta",Iriondo Y Av. Arijon,2,1,0,0,1,0,0,"-33.004,-60.681916666667",Calle,,ROSARIO,Rosario,Asfalto,No existe,II,Dentro,Urbana,Ninguna,No existe,Recta,Bueno,Buena,Nocturna,Buen Tiempo,De alcance,Ciclista,Atropello,Ninguna,Faltante,Línea divisoria pintada,Sin restricción,"-33.004,-60.681916666667","['Iriondo', 'Avenida Manuel Arijón']",2,,-33.004,-60.681916666667,55.0,538.0,Municipio Rosario,Municipio,Rosario,820210,Servicio de Catastro e Información Territorial,IGN
2017,7092,2017-07-20,Jueves,0.0,9:45:00,,0.0,2,"Otros,Moto/Ciclomotor",Bv. Rondeau Y Marull,2,0,0,0,0,1,1,"-32.906194, -60.688652",Calle,,ROSARIO,Rosario,Asfalto,No existe,II,Dentro,Urbana,Ninguna,No existe,Intersección,Bueno,S/D,Diurna,S/D,S/D,S/D,Colisión,Ninguna,Faltante,Cordón divisorio,Sin restricción,"-32.906194, -60.688652","['Rondeau', 'Marull']",2,,-32.906194,-60.688652,55.0,538.0,Municipio Rosario,Municipio,Rosario,820210,Servicio de Catastro e Información Territorial,IGN
2017,7184,2017-09-11,Lunes,0.0,21:00:00,,0.0,2,"Automóvil,Peatón",Av. Circunvalacion Y Av. Jorge Newbery,3,0,0,0,2,1,0,"-32.908547, -60.724044",Avenida,,ROSARIO,Rosario,Asfalto,Pavimento,II,S/D,S/D,S/D,S/D,Intersección,S/D,S/D,Nocturna,S/D,S/D,Peatón,Atropello,S/D,S/D,S/D,S/D,"-32.908547, -60.724044","['Circunvalacion', 'Jorge Newbery']",2,,-32.908547,-60.724044,55.0,538.0,Municipio Rosario,Municipio,Rosario,820210,Servicio de Catastro e Información Territorial,IGN
2017,7206,2017-12-14,Jueves,0.0,18:00:00,,0.0,2,"Moto/Ciclomotor,Automóvil",J.B.Justo Y Sarratea Bis,2,2,0,0,0,0,0,"-32.915666666667,-60.741555555556",Calle,,ROSARIO,Rosario,Asfalto,Pavimento,II,S/D,Urbana,Ninguna,S/D,Recta,Bueno,Buena,S/D,Buen Tiempo,Lateral,S/D,Colisión,Ninguna,Vertical,Ninguna,Sin restricción,"-32.915666666667,-60.741555555556","['Justo', 'Sarratea']",2,,-32.915666666667,-60.741555555556,55.0,538.0,Municipio Rosario,Municipio,Rosario,820210,Servicio de Catastro e Información Territorial,IGN
2017,7216,2017-12-13,Miercoles,0.0,17:00:00,,0.0,2,"Moto/Ciclomotor,Pickup/Utilitario",Av. Jorge Newbery Y Av. Circunvalacion,2,0,0,0,1,0,1,"-32.908333333333,-60.725361111111",S/D,,ROSARIO,Rosario,Asfalto,S/D,II,S/D,Urbana,S/D,S/D,Intersección,S/D,S/D,S/D,S/D,S/D,S/D,S/D,S/D,S/D,S/D,S/D,"-32.908333333333,-60.725361111111","['Jorge Newbery', 'Circunvalacion']",2,,-32.908333333333,-60.725361111111,55.0,538.0,Municipio Rosario,Municipio,Rosario,820210,Servicio de Catastro e Información Territorial,IGN
2017,7223,2017-12-04,Lunes,0.0,14:00:00,,0.0,2,"Automóvil,Moto/Ciclomotor",Brasil Y Forest,3,2,0,0,1,0,0,"-32.943694444444,-60.719416666667",Calle,,ROSARIO,Rosario,Asfalto,Pavimento,II,Dentro,Urbana,S/D,S/D,Recta,Bueno,Buena,Diurna,S/D,De alcance,S/D,Colisión,S/D,S/D,Ninguna,S/D,"-32.943694444444,-60.719416666667","['Brasil', 'Carlos Forest']",2,,-32.943694444444,-60.719416666667,55.0,538.0,Municipio Rosario,Municipio,Rosario,820210,Servicio de Catastro e Información Territorial,IGN
2017,7226,2017-12-05,Martes,0.0,19:40:00,,0.0,2,"Moto/Ciclomotor,Automóvil",Tucuman Y Tarragona,2,2,0,0,0,0,0,"-32.933138888889,-60.734333333333",Calle,,ROSARIO,Rosario,Asfalto,No existe,II,Dentro,Urbana,S/D,No existe,Recta,Bueno,Buena,Diurna,S/D,Otro,S/D,Colisión,S/D,Faltante,Ninguna,S/D,"-32.933138888889,-60.734333333333","['Tucumán', 'Tarragona']",2,,-32.933138888889,-60.734333333333,55.0,538.0,Municipio Rosario,Municipio,Rosario,820210,Servicio de Catastro e Información Territorial,IGN