anio_acci,nro_acci,fecha,desc_dia,fecha_aprox,hora_aprox,desc_ruta,km,cant_participantes,desc_participante,calle_avenida_km,total,heridos_leves,heridos_graves,heridos_gravisimos,ilesos,fallecidos,sin_datos,posicion_XY,desc_tipo_via,desc_ruta_ori,desc_loc,desc_dpto,desc_tipo_calzada,desc_tipo_banquina,desc_unidad_regional,desc_lugar_calzada,desc_zona,desc_prioridad,desc_estado_semaforo,desc_lugar_via,desc_estado_via,desc_estado_visibilidad,desc_luminosidad,desc_estado_clima,desc_tipo_colision,desc_tipo_atropello,desc_tipo_hecho,desc_pres_calzada,desc_senializacion,desc_separacion_via,desc_restriccion,forma_geocod,calle_lista,numero_calles,calles_osm,lat,lon,index_right,gid,fna,gna,nam,in1,fdc,sag
2017,7229,2017-12-07,Jueves,0.0,14:40:00,,0.0,2,"Automóvil,Moto/Ciclomotor",Av. Circunvalacion Y Derqui,2,1,0,0,1,0,0,"-32.938277777778,-60.722138888889",Avenida,,ROSARIO,Rosario,Asfalto,Pavimento,II,S/D,Urbana,S/D,No existe,Recta,Bueno,Buena,S/D,S/D,Lateral,S/D,Colisión,S/D,S/D,Ninguna,S/D,"-32.938277777778,-60.722138888889","['Circunvalacion', 'Derqui']",2,,-32.938277777778,-60.722138888889,55.0,538.0,Municipio Rosario,Municipio,Rosario,820210,Servicio de Catastro e Información Territorial,IGN
2017,7231,2017-12-10,Domingo,0.0,19:20:00,,0.0,2,"Automóvil,Bicicleta",Cerrito Y Nicaragua,4,1,0,0,3,0,0,"-32.953527777778,-60.720138888889",Calle,,ROSARIO,Rosario,Asfalto,No existe,II,S/D,Urbana,S/D,No existe,Cruce,Bueno,Buena,Diurna,S/D,Frontal,S/D,Colisión,Ninguna,Faltante,Ninguna,S/D,"-32.953527777778,-60.720138888889","['Cerrito', 'Nicaragua']",2,,-32.953527777778,-60.720138888889,55.0,538.0,Municipio Rosario,Municipio,Rosario,820210,Servicio de Catastro e Información Territorial,IGN
2017,7235,2017-12-20,Miercoles,0.0,10:20:00,,0.0,2,"Moto/Ciclomotor,Pickup/Utilitario",Mendoza Y Bv. Wilde,3,1,0,0,2,0,0,"-32.940194444444,-60.7385",Calle,,ROSARIO,Rosario,Asfalto,S/D,II,S/D,Urbana,S/D,No existe,Otro,Otro,S/D,Diurna,S/D,Otro,S/D,Colisión,S/D,S/D,S/D,S/D,"-32.940194444444,-60.7385","['Mendoza', 'Bulevar Wilde']",2,,-32.940194444444,-60.7385,55.0,538.0,Municipio Rosario,Municipio,Rosario,820210,Servicio de Catastro e Información Territorial,IGN
2017,7237,2017-12-23,Sabado,0.0,14:00:00,,0.0,2,"Moto/Ciclomotor,Automóvil",Mendoza Y Amuchastegui,3,1,0,0,2,0,0,"-32.940222222222,-60.732472222222",Calle,,ROSARIO,Rosario,Asfalto,Pavimento,II,Dentro,Urbana,S/D,No existe,Recta,Bueno,Buena,S/D,S/D,Otro,S/D,Colisión,S/D,S/D,Cordón divisorio,S/D,"-32.940222222222,-60.732472222222","['Mendoza', 'Amuchástegui']",2,,-32.940222222222,-60.732472222222,55.0,538.0,Municipio Rosario,Municipio,Rosario,820210,Servicio de Catastro e Información Territorial,IGN
2017,7239,2017-12-25,Lunes,0.0,2:00:00,,0.0,2,"Automóvil,Moto/Ciclomotor",Brasil 1675,2,1,0,0,0,0,1,"-32.947638888889,-60.719277777778",Calle,,ROSARIO,Rosario,Asfalto,Pavimento,II,Dentro,Urbana,S/D,S/D,Recta,Bueno,S/D,"Nocturna,Con luz artificial",S/D,Otro,S/D,Colisión,S/D,S/D,Ninguna,S/D,"-32.947638888889,-60.719277777778",['Brasil 1675'],1,,-32.947638888889,-60.719277777778,55.0,538.0,Municipio Rosario,Municipio,Rosario,820210,Servicio de Catastro e Información Territorial,IGN
2017,7241,2017-12-26,Martes,0.0,20:40:00,,0.0,2,"Pickup/Utilitario,Moto/Ciclomotor",Sanchez de Loria Y Santa Fe,3,2,0,0,1,0,0,"-32.936222222222,-60.731888888889",Calle,,ROSARIO,Rosario,Asfalto,No existe,II,Dentro,Urbana,S/D,No existe,Recta,Bueno,Buena,"Nocturna,Con luz artificial",S/D,Lateral,S/D,Colisión,S/D,S/D,Ninguna,S/D,"-32.936222222222,-60.731888888889","['Sánchez de Loria', 'Santa Fe']",2,,-32.936222222222,-60.731888888889,55.0,538.0,Municipio Rosario,Municipio,Rosario,820210,Servicio de Catastro e Información Territorial,IGN
2017,7244,2017-12-16,Sabado,0.0,18:00:00,,0.0,2,"Automóvil,Moto/Ciclomotor",Baigorria Y Molina,2,1,0,0,1,0,0,"-32.89375,-60.704722222222",Calle,,ROSARIO,Rosario,Asfalto,No existe,II,Dentro,Urbana,Ninguna,No existe,Intersección,Bueno,Buena,Diurna,Buen Tiempo,S/D,S/D,Colisión,Ninguna,Faltante,Ninguna,Sin restricción,"-32.89375,-60.704722222222","['Baigorria', 'Molina']",2,,-32.89375,-60.704722222222,55.0,538.0,Municipio Rosario,Municipio,Rosario,820210,Servicio de Catastro e Información Territorial,IGN
2017,7345,2017-12-23,Sabado,0.0,,,0.0,2,"Automóvil,Automóvil",Juan Canals Y Paraguay,3,1,0,0,2,0,0,"-32.988388888889,-60.654555555556",Calle,,ROSARIO,Rosario,Asfalto,No existe,II,Dentro,Urbana,S/D,No existe,Recta,Bueno,Buena,Atardecer,S/D,Lateral,S/D,S/D,S/D,S/D,S/D,S/D,"-32.988388888889,-60.654555555556","['Juan Canals', 'Paraguay']",2,,-32.988388888889,-60.654555555556,55.0,538.0,Municipio Rosario,Municipio,Rosario,820210,Servicio de Catastro e Información Territorial,IGN
2017,7347,2017-12-22,Viernes,0.0,19:25:00,,0.0,2,"Moto/Ciclomotor,Automóvil",Entre Rios Y Bv. Segui,3,1,0,0,2,0,0,"-32.978666666667,-60.649194444444",Calle,,ROSARIO,Rosario,Asfalto,No existe,II,Dentro,Urbana,Ninguna,No existe,Intersección,Bueno,Buena,Atardecer,Buen Tiempo,Lateral,S/D,Colisión,Ninguna,Faltante,Ninguna,Sin restricción,"-32.978666666667,-60.649194444444","['Entre Ríos', 'Bulevar Juan Francisco Seguí']",2,,-32.978666666667,-60.649194444444,55.0,538.0,Municipio Rosario,Municipio,Rosario,820210,Servicio de Catastro e Información Territorial,IGN
2017,7350,2017-12-22,Viernes,0.0,0:55:00,,0.0,2,"Automóvil,Moto/Ciclomotor",Entre Rios 4200,2,1,0,0,1,0,0,"-32.985777777778,-60.651",Calle,,ROSARIO,Rosario,Asfalto,No existe,II,Dentro,Urbana,Ninguna,No existe,Recta,Bueno,Buena,Nocturna,Buen Tiempo,De alcance,S/D,Colisión,Ninguna,Faltante,Barrera de hormigón,Sin restricción,"-32.985777777778,-60.651",['Entre Rios 4200'],1,,-32.985777777778,-60.651,55.0,538.0,Municipio Rosario,Municipio,Rosario,820210,Servicio de Catastro e Información Territorial,IGN
2017,7352,2017-12-22,Viernes,0.0,0:15:00,,0.0,2,"Moto/Ciclomotor,Automóvil",Av. Uriburu Y Paraguay,2,1,0,0,1,0,0,"-32.991055555556,-60.655222222222",Avenida,,ROSARIO,Rosario,Asfalto,No existe,II,S/D,Urbana,Ninguna,No existe,Recta,Bueno,Buena,Nocturna,Buen Tiempo,Frontal,S/D,Colisión,Ninguna,Horizontal,Cordón divisorio,Sin restricción,"-32.991055555556,-60.655222222222","['Uriburu', 'Paraguay']",2,,-32.991055555556,-60.655222222222,55.0,538.0,Municipio Rosario,Municipio,Rosario,820210,Servicio de Catastro e Información Territorial,IGN
2017,7354,2017-12-21,Jueves,0.0,21:45:00,,0.0,2,"Automóvil,Peatón",Bv. Segui Y Rodriguez,2,1,0,0,1,0,0,"-32.975361111111,-60.666972222222",Avenida,,ROSARIO,Rosario,Asfalto,No existe,II,Dentro,Urbana,Ninguna,No existe,Intersección,Bueno,Buena,Nocturna,Buen Tiempo,S/D,Peatón,Atropello,Ninguna,Faltante,Ninguna,Sin restricción,"-32.975361111111,-60.666972222222","['Bulevar Juan Francisco Seguí', 'Rodríguez']",2,,-32.975361111111,-60.666972222222,55.0,538.0,Municipio Rosario,Municipio,Rosario,820210,Servicio de Catastro e Información Territorial,IGN
2017,7355,2017-12-21,Jueves,0.0,16:20:00,,0.0,2,"Moto/Ciclomotor,Automóvil",Benito Juarez Y Pje. Del Campo,3,2,0,0,1,0,0,"-32.993083333333,-60.654388888889",Calle,,ROSARIO,Rosario,Asfalto,No existe,II,Dentro,Urbana,Ninguna,No existe,Intersección,Bueno,Buena,Diurna,Buen Tiempo,Lateral,S/D,Colisión,Ninguna,Faltante,Ninguna,Sin restricción,"-32.993083333333,-60.654388888889","['Benito Juárez', 'Del Campo']",2,,-32.993083333333,-60.654388888889,55.0,538.0,Municipio Rosario,Municipio,Rosario,820210,Servicio de Catastro e Información Territorial,IGN
2017,7356,2017-11-03,Viernes,0.0,16:00:00,,0.0,2,"Moto/Ciclomotor,Automóvil",Bv. 27 De Febrero Y Crespo,2,1,0,0,1,0,0,"-32.962166666667,-60.673583333333",Avenida,,ROSARIO,Rosario,Asfalto,No existe,II,Dentro,Urbana,Ninguna,No existe,Intersección,Con baches,Buena,Diurna,Buen Tiempo,Lateral,S/D,Colisión,Ninguna,Faltante,Cordón divisorio,Sin restricción,"-32.962166666667,-60.673583333333","['27 de Febrero', 'Crespo']",2,,-32.962166666667,-60.673583333333,55.0,538.0,Municipio Rosario,Municipio,Rosario,820210,Servicio de Catastro e Información Territorial,IGN
2017,7357,2017-11-03,Viernes,0.0,17:45:00,,0.0,2,"Automóvil,Moto/Ciclomotor",Bv. 27 De Febrero 7300,2,1,0,0,1,0,0,"-32.959444444444,-60.718361111111",S/D,,ROSARIO,Rosario,Asfalto,No existe,II,S/D,Urbana,Ninguna,No existe,Recta,Bueno,Buena,Diurna,Buen Tiempo,Otro,S/D,Colisión,Ninguna,Faltante,Cordón divisorio,Sin restricción,"-32.959444444444,-60.718361111111",['27 De Febrero 7300'],1,,-32.959444444444,-60.718361111111,55.0,538.0,Municipio Rosario,Municipio,Rosario,820210,Servicio de Catastro e Información Territorial,IGN
2017,7358,2017-12-21,Jueves,0.0,8:30:00,,0.0,2,"Automóvil,Moto/Ciclomotor",Mitre Y Bv. Segui,2,1,0,0,1,0,0,"-32.978777777778,-60.64775",Avenida,,ROSARIO,Rosario,Asfalto,No existe,II,Dentro,Urbana,Ninguna,No existe,Intersección,Bueno,Buena,Diurna,Buen Tiempo,Lateral,S/D,Colisión,Ninguna,Faltante,Ninguna,Sin restricción,"-32.978777777778,-60.64775","['Mitre', 'Bulevar Juan Francisco Seguí']",2,,-32.978777777778,-60.64775,55.0,538.0,Municipio Rosario,Municipio,Rosario,820210,Servicio de Catastro e Información Territorial,IGN
2017,7360,2017-12-20,Miercoles,0.0,16:00:00,,0.0,2,"Automóvil,Automóvil",Bv. Segui 1700,2,1,0,0,1,0,0,"-32.977527777778,-60.654722222222",Avenida,,ROSARIO,Rosario,Asfalto,No existe,II,Dentro,Urbana,Ninguna,No existe,Intersección,Bueno,Buena,Diurna,Buen Tiempo,Lateral,S/D,Colisión,Ninguna,Faltante,Ninguna,Sin restricción,"-32.977527777778,-60.654722222222",['Bulevar Juan Francisco Seguí 1700'],1,,-32.977527777778,-60.654722222222,55.0,538.0,Municipio Rosario,Municipio,Rosario,820210,Servicio de Catastro e Información Territorial,IGN
2017,7362,2017-12-14,Jueves,0.0,22:50:00,,0.0,2,"Moto/Ciclomotor,Automóvil",Estado de Israel Y Pte.Roca,2,1,0,0,1,0,0,"-32.992055555556,-60.656638888889",Calle,,ROSARIO,Rosario,Asfalto,No existe,II,S/D,Urbana,Ninguna,No existe,Recta,Deteriorada,Reducida,Nocturna,Otro,De alcance,S/D,Colisión,Ninguna,Faltante,Ninguna,Sin restricción,"-32.992055555556,-60.656638888889","['Estado de Israel', 'Roca']",2,,-32.992055555556,-60.656638888889,55.0,538.0,Municipio Rosario,Municipio,Rosario,820210,Servicio de Catastro e Información Territorial,IGN
2017,7363,2017-12-18,Lunes,0.0,15:50:00,,0.0,2,"Moto/Ciclomotor,Automóvil",Bv. Oroño Y Av. Jorge Cura,3,2,0,0,1,0,0,"-32.971111111111,-60.660166666667",Avenida,,ROSARIO,Rosario,S/D,S/D,II,Dentro,Urbana,Ninguna,S/D,S/D,S/D,S/D,S/D,Buen Tiempo,De alcance,S/D,Colisión,S/D,S/D,Cordón divisorio,Sin restricción,"-32.971111111111,-60.660166666667","['Bulevar Nicasio Oroño', 'Avenida Jorge Cura']",2,,-32.971111111111,-60.660166666667,55.0,538.0,Municipio Rosario,Municipio,Rosario,820210,Servicio de Catastro e Información Territorial,IGN
2017,7366,2017-12-15,Viernes,0.0,19:20:00,,0.0,2,"Automóvil,Moto/Ciclomotor",Av. Corrientes Y 24 De Setiembre,4,3,0,0,1,0,0,"-32.979472222222,-60.650888888889",Calle,,ROSARIO,Rosario,Asfalto,No existe,II,Dentro,Urbana,Ninguna,No existe,Intersección,Bueno,Buena,Atardecer,Buen Tiempo,Lateral,S/D,Colisión,Ninguna,Faltante,Ninguna,Sin restricción,"-32.979472222222,-60.650888888889","['Corrientes', '24 de Septiembre']",2,,-32.979472222222,-60.650888888889,55.0,538.0,Municipio Rosario,Municipio,Rosario,820210,Servicio de Catastro e Información Territorial,IGN
2017,7368,2017-12-14,Jueves,0.0,18:30:00,,0.0,2,"Moto/Ciclomotor,Automóvil",Av. Ovidio Lagos Y Amenabar,2,1,0,0,1,0,0,"-32.968083333333,-60.667555555556",Avenida,,ROSARIO,Rosario,Asfalto,No existe,II,Dentro,Urbana,Ninguna,S/D,Intersección,Bueno,Buena,Atardecer,Buen Tiempo,Lateral,S/D,Colisión,Ninguna,Faltante,Ninguna,Sin restricción,"-32.968083333333,-60.667555555556","['Avenida Ovidio Lagos', 'Amenabar']",2,,-32.968083333333,-60.667555555556,55.0,538.0,Municipio Rosario,Municipio,Rosario,820210,Servicio de Catastro e Información Territorial,IGN
2017,7371,2017-12-14,Jueves,0.0,12:10:00,,0.0,2,"Moto/Ciclomotor,Automóvil",Mr.Ross Y Pte.Roca,2,1,0,0,1,0,0,"-32.987,-60.655666666667",Calle,,ROSARIO,Rosario,Asfalto,No existe,II,Dentro,Urbana,Ninguna,No existe,Intersección,Bueno,Buena,Diurna,Buen Tiempo,Lateral,S/D,Colisión,Ninguna,Faltante,Ninguna,Sin restricción,"-32.987,-60.655666666667","['Rodrigo M. Ross', 'Roca']",2,,-32.987,-60.655666666667,55.0,538.0,Municipio Rosario,Municipio,Rosario,820210,Servicio de Catastro e Información Territorial,IGN
2017,7373,2017-12-13,Miercoles,0.0,9:45:00,,0.0,2,"Moto/Ciclomotor,Automóvil",Rodriguez Y Pte.Quintana,2,1,0,0,1,0,0,"-32.978833333333,-60.667861111111",Calle,,ROSARIO,Rosario,Asfalto,No existe,II,Dentro,Urbana,Ninguna,No existe,Intersección,Bueno,Buena,Diurna,Buen Tiempo,Lateral,S/D,Colisión,Ninguna,Faltante,Ninguna,Sin restricción,"-32.978833333333,-60.667861111111","['Rodríguez', 'Quintana']",2,,-32.978833333333,-60.667861111111,55.0,538.0,Municipio Rosario,Municipio,Rosario,820210,Servicio de Catastro e Información Territorial,IGN
2017,7374,2017-12-24,Domingo,0.0,15:00:00,,0.0,2,"Pickup/Utilitario,Moto/Ciclomotor",Laprida Y Bv. Segui,2,1,0,0,1,0,0,"-32.979888888889,-60.642472222222",S/D,,ROSARIO,Rosario,Asfalto,No existe,II,S/D,Urbana,Ninguna,No existe,Intersección,Bueno,Buena,Diurna,Buen Tiempo,Lateral,S/D,Colisión,Ninguna,Horizontal,Cordón divisorio,Sin restricción,"-32.979888888889,-60.642472222222","['Laprida', 'Bulevar Juan Francisco Seguí']",2,,-32.979888888889,-60.642472222222,55.0,538.0,Municipio Rosario,Municipio,Rosario,820210,Servicio de Catastro e Información Territorial,IGN
2017,7376,2017-12-13,Miercoles,0.0,13:20:00,,0.0,2,"Pickup/Utilitario,Moto/Ciclomotor",Av. Arijon Y Rvdo.J.Margis,3,2,0,0,1,0,0,"-33.003166666667,-60.654222222222",Avenida,,ROSARIO,Rosario,Asfalto,No existe,II,Dentro,Urbana,Ninguna,No existe,Intersección,Bueno,Buena,Diurna,Buen Tiempo,Lateral,S/D,Colisión,Ninguna,Faltante,Ninguna,Sin restricción,"-33.003166666667,-60.654222222222","['Avenida Manuel Arijón', 'José Margis']",2,,-33.003166666667,-60.654222222222,55.0,538.0,Municipio Rosario,Municipio,Rosario,820210,Servicio de Catastro e Información Territorial,IGN
2017,7378,2017-12-06,Miercoles,0.0,19:30:00,,0.0,2,"Moto/Ciclomotor,Automóvil",Av. Battle y Ordoñez Y Sadi Carnot,2,1,0,0,1,0,0,"-33.008944444444,-60.6485",S/D,,ROSARIO,Rosario,Asfalto,No existe,II,S/D,S/D,Ninguna,No existe,Recta,Bueno,Buena,Atardecer,Buen Tiempo,Lateral,S/D,Despiste,Ninguna,Faltante,Ninguna,Sin restricción,"-33.008944444444,-60.6485","['Avenida Battle y Ordoñez', 'Sadi Carnot']",2,,-33.008944444444,-60.6485,55.0,538.0,Municipio Rosario,Municipio,Rosario,820210,Servicio de Catastro e Información Territorial,IGN
2017,7381,2017-12-07,Jueves,0.0,19:15:00,,0.0,2,"Taxi/Remis,Moto/Ciclomotor",San Martin Y Anchorena,2,1,0,0,1,0,0,"-32.99775,-60.648166666667",Avenida,,ROSARIO,Rosario,Asfalto,No existe,II,Dentro,Urbana,Ninguna,No existe,Intersección,Bueno,Buena,Atardecer,Buen Tiempo,Lateral,S/D,Colisión,Ninguna,Faltante,Ninguna,Sin restricción,"-32.99775,-60.648166666667","['San Martin', 'Anchorena']",2,,-32.99775,-60.648166666667,55.0,538.0,Municipio Rosario,Municipio,Rosario,820210,Servicio de Catastro e Información Territorial,IGN
2017,7383,2017-12-07,Jueves,0.0,18:30:00,,0.0,2,"Moto/Ciclomotor,Camión Chasis",San Martin Y Av. Circunvalacion,2,1,0,0,1,0,0,"-33.015638888889,-60.652",Avenida,,ROSARIO,Rosario,Asfalto,No existe,II,S/D,Urbana,Ninguna,No existe,Intersección,Bueno,Buena,Atardecer,Buen Tiempo,Lateral,S/D,Colisión,S/D,Faltante,Ninguna,Sin restricción,"-33.015638888889,-60.652","['San Martin', 'Circunvalacion']",2,,-33.015638888889,-60.652,55.0,538.0,Municipio Rosario,Municipio,Rosario,820210,Servicio de Catastro e Información Territorial,IGN
2017,7385,2017-12-08,Viernes,0.0,17:20:00,,0.0,2,"Automóvil,Moto/Ciclomotor",Mitre Y Pje. Valdes,2,1,0,0,1,0,0,"-32.978222222222,-60.647611111111",Calle,,ROSARIO,Rosario,Asfalto,No existe,II,Dentro,Urbana,Ninguna,No existe,Intersección,Bueno,Buena,Atardecer,Buen Tiempo,Lateral,S/D,Colisión,Ninguna,Faltante,Ninguna,Sin restricción,"-32.978222222222,-60.647611111111","['Mitre', 'Valdés']",2,,-32.978222222222,-60.647611111111,55.0,538.0,Municipio Rosario,Municipio,Rosario,820210,Servicio de Catastro e Información Territorial,IGN
2017,7386,2017-12-20,Miercoles,0.0,20:10:00,,0.0,1,Moto/Ciclomotor,L.N.Alem Y 24 De Setiembre,2,2,0,0,0,0,0,"-32.981972222222,-60.636805555556",S/D,,ROSARIO,Rosario,Asfalto,No existe,II,S/D,Urbana,Ninguna,No existe,Recta,Bueno,Buena,Nocturna,Buen Tiempo,S/D,S/D,Vuelco,Ninguna,Faltante,Ninguna,Sin restricción,"-32.981972222222,-60.636805555556","['Alem', '24 de Septiembre']",2,,-32.981972222222,-60.636805555556,55.0,538.0,Municipio Rosario,Municipio,Rosario,820210,Servicio de Catastro e Información Territorial,IGN
2017,7388,2017-12-12,Martes,0.0,19:15:00,,0.0,2,"Automóvil,Moto/Ciclomotor",Milan Y Santiago,2,1,0,0,1,0,0,"-32.987333333333,-60.667138888889",Calle,,ROSARIO,Rosario,Asfalto,No existe,II,Dentro,Urbana,Ninguna,No existe,Intersección,Bueno,Buena,Atardecer,Buen Tiempo,Lateral,S/D,Colisión,Ninguna,Faltante,Ninguna,Sin restricción,"-32.987333333333,-60.667138888889","['Milán', 'Santiago']",2,,-32.987333333333,-60.667138888889,55.0,538.0,Municipio Rosario,Municipio,Rosario,820210,Servicio de Catastro e Información Territorial,IGN
2017,7390,2017-12-11,Lunes,0.0,8:45:00,,0.0,2,"Moto/Ciclomotor,Automóvil",Dean Funes 1800,2,1,0,0,1,0,0,"-32.973888888889,-60.655222222222",S/D,,ROSARIO,Rosario,Asfalto,No existe,II,S/D,Urbana,Ninguna,No existe,Recta,Bueno,Buena,Diurna,Otro,De alcance,S/D,Colisión,Ninguna,Faltante,Ninguna,S/D,"-32.973888888889,-60.655222222222",['Dean Funes 1800'],1,,-32.973888888889,-60.655222222222,55.0,538.0,Municipio Rosario,Municipio,Rosario,820210,Servicio de Catastro e Información Territorial,IGN
2017,7393,2017-12-07,Jueves,0.0,15:00:00,,0.0,2,"Automóvil,Moto/Ciclomotor",Dorrego Y Milan,4,1,0,0,3,0,0,"-32.988555555556,-60.660333333333",Calle,,ROSARIO,Rosario,Asfalto,S/D,II,S/D,Urbana,Ninguna,S/D,Intersección,Bueno,Buena,Atardecer,Buen Tiempo,Frontal,S/D,Colisión,Ninguna,Faltante,Ninguna,Sin restricción,"-32.988555555556,-60.660333333333","['Dorrego', 'Milán']",2,,-32.988555555556,-60.660333333333,55.0,538.0,Municipio Rosario,Municipio,Rosario,820210,Servicio de Catastro e Información Territorial,IGN
2017,7519,2017-12-06,Miercoles,0.0,19:10:00,,0.0,2,"Moto/Ciclomotor,Automóvil",Av. Battle y Ordoñez 920,2,1,1,0,0,0,0,"-33.008944444444,-60.648833333333",Avenida,,ROSARIO,Rosario,Asfalto,No existe,II,S/D,Urbana,Ninguna,Funciona,Recta,Bueno,Buena,Atardecer,Otro,Lateral,S/D,Colisión,Ninguna,"Horizontal,Vertical",Ninguna,Sin restricción,"-33.008944444444,-60.648833333333",['Avenida Battle y Ordoñez 920'],1,,-33.008944444444,-60.648833333333,55.0,538.0,Municipio Rosario,Municipio,Rosario,820210,Servicio de Catastro e Información Territorial,IGN
2017,7521,2017-12-06,Miercoles,0.0,20:15:00,,0.0,2,"Moto/Ciclomotor,Peatón",San Martin Y Av. Battle y Ordoñez,2,1,0,0,1,0,0,"-33.008888888889,-60.650666666667",Avenida,,ROSARIO,Rosario,Asfalto,No existe,II,Dentro,Urbana,Ninguna,Funciona,Intersección,Bueno,Buena,Nocturna,Buen Tiempo,S/D,Peatón,Atropello,Ninguna,"Horizontal,Vertical",S/D,Sin restricción,"-33.008888888889,-60.650666666667","['San Martin', 'Avenida Battle y Ordoñez']",2,,-33.008888888889,-60.650666666667,55.0,538.0,Municipio Rosario,Municipio,Rosario,820210,Servicio de Catastro e Información Territorial,IGN
2017,7525,2017-12-03,Domingo,0.0,13:10:00,,0.0,2,"Automóvil,Moto/Ciclomotor",Entre Rios Y Hilarion de la Quintana,2,1,0,0,1,0,0,"-33.001,-60.651888888889",Calle,,ROSARIO,Rosario,Asfalto,No existe,II,Dentro,Urbana,Ninguna,No existe,Intersección,Bueno,Buena,Diurna,Buen Tiempo,Lateral,S/D,Colisión,Ninguna,Faltante,Ninguna,Sin restricción,"-33.001,-60.651888888889","['Entre Ríos', 'Hilarión de la Quintana']",2,,-33.001,-60.651888888889,55.0,538.0,Municipio Rosario,Municipio,Rosario,820210,Servicio de Catastro e Información Territorial,IGN
2017,7526,2017-12-03,Domingo,0.0,10:20:00,,0.0,2,"Moto/Ciclomotor,Automóvil",Madre Cabrini Y Pte.Roca,2,1,0,0,1,0,0,"-33.005222222222,-60.656083333333",S/D,,ROSARIO,Rosario,Asfalto,No existe,II,S/D,Urbana,Ninguna,No existe,Recta,Bueno,Buena,Diurna,Buen Tiempo,De alcance,S/D,Colisión,Ninguna,Faltante,Ninguna,Sin restricción,"-33.005222222222,-60.656083333333","['Madre Cabrini', 'Roca']",2,,-33.005222222222,-60.656083333333,55.0,538.0,Municipio Rosario,Municipio,Rosario,820210,Servicio de Catastro e Información Territorial,IGN
2017,7535,2017-12-06,Miercoles,0.0,17:20:00,,0.0,2,"Automóvil,Moto/Ciclomotor",Velez Sarsfield Y Bahia Blanca Bis,2,1,0,0,0,0,1,"-32.925138888889,-60.686472222222",Calle,,ROSARIO,Rosario,Asfalto,No existe,II,Dentro,Urbana,Señal Pare,No existe,Intersección,Bueno,Buena,Diurna,Buen Tiempo,Lateral,S/D,Colisión,Ninguna,Vertical,Ninguna,S/D,"-32.925138888889,-60.686472222222","['Vélez Sarsfield', 'Bahía Blanca']",2,,-32.925138888889,-60.686472222222,55.0,538.0,Municipio Rosario,Municipio,Rosario,820210,Servicio de Catastro e Información Territorial,IGN
2017,7540,2017-12-10,Domingo,0.0,,,0.0,1,Moto/Ciclomotor,Casilda Y Benzuley,3,0,1,1,1,0,0,"-32.928388888889,-60.686694444444",Calle,,ROSARIO,Rosario,Asfalto,No existe,II,Dentro,Urbana,Ninguna,No existe,Recta,Bueno,Buena,S/D,Buen Tiempo,Contra objeto fijo,S/D,Otro,Ninguna,Faltante,Ninguna,Sin restricción,"-32.928388888889,-60.686694444444","['Casilda', 'Bensuley']",2,,-32.928388888889,-60.686694444444,55.0,538.0,Municipio Rosario,Municipio,Rosario,820210,Servicio de Catastro e Información Territorial,IGN
2017,7542,2017-12-13,Miercoles,0.0,8:30:00,,0.0,2,"Automóvil,Moto/Ciclomotor",Albert Sabin 243,2,1,0,0,1,0,0,"-32.926166666667,-60.680722222222",Avenida,,ROSARIO,Rosario,Asfalto,No existe,II,Dentro,Urbana,Ninguna,Funciona,Recta,Bueno,Buena,Diurna,Buen Tiempo,Contra objeto fijo,S/D,Colisión,Ninguna,Horizontal,Ninguna,Sin restricción,"-32.926166666667,-60.680722222222",['Albert Sabin 243'],1,,-32.926166666667,-60.680722222222,55.0,538.0,Municipio Rosario,Municipio,Rosario,820210,Servicio de Catastro e Información Territorial,IGN
2017,7546,2017-12-13,Miercoles,0.0,15:20:00,,0.0,1,Automóvil,Iguazu Bis Y Gorriti,2,1,0,0,1,0,0,"-32.923583333333,-60.686555555556",Calle,,ROSARIO,Rosario,Asfalto,No existe,II,Dentro,Urbana,Señal Pare,No existe,Recta,Bueno,Buena,Diurna,Buen Tiempo,Frontal,S/D,Colisión,Ninguna,Horizontal,Ninguna,Sin restricción,"-32.923583333333,-60.686555555556","['Iguazu', 'Gorriti']",2,,-32.923583333333,-60.686555555556,55.0,538.0,Municipio Rosario,Municipio,Rosario,820210,Servicio de Catastro e Información Territorial,IGN