anio_acci,nro_acci,fecha,desc_dia,fecha_aprox,hora_aprox,desc_ruta,km,cant_participantes,desc_participante,calle_avenida_km,total,heridos_leves,heridos_graves,heridos_gravisimos,ilesos,fallecidos,sin_datos,posicion_XY,desc_tipo_via,desc_ruta_ori,desc_loc,desc_dpto,desc_tipo_calzada,desc_tipo_banquina,desc_unidad_regional,desc_lugar_calzada,desc_zona,desc_prioridad,desc_estado_semaforo,desc_lugar_via,desc_estado_via,desc_estado_visibilidad,desc_luminosidad,desc_estado_clima,desc_tipo_colision,desc_tipo_atropello,desc_tipo_hecho,desc_pres_calzada,desc_senializacion,desc_separacion_via,desc_restriccion,forma_geocod,calle_lista,numero_calles,calles_osm,lat,lon,index_right,gid,fna,gna,nam,in1,fdc,sag
2017,7549,2017-12-14,Jueves,0.0,,,0.0,2,"Moto/Ciclomotor,Transporte de Pasajeros Urbano (> 8 asientos)",Av. Alberdi Bis Y Junin,3,0,1,0,0,0,2,"-32.926611111111,-60.676722222222",Avenida,,ROSARIO,Rosario,Asfalto,Pavimento,II,S/D,Urbana,Semáforo,Funciona,Intersección,Bueno,Buena,Diurna,Buen Tiempo,Frontal,S/D,Colisión,Ninguna,Vertical,S/D,Sin restricción,"-32.926611111111,-60.676722222222","['Alberdi', 'Junín']",2,,-32.926611111111,-60.676722222222,55.0,538.0,Municipio Rosario,Municipio,Rosario,820210,Servicio de Catastro e Información Territorial,IGN
2017,7551,2017-12-17,Domingo,0.0,,,0.0,2,"Pickup/Utilitario,Moto/Ciclomotor",Alberdi Y Albert Sabin,2,1,0,0,1,0,0,"-32.930083333333,-60.673944444444",Avenida,,ROSARIO,Rosario,Asfalto,No existe,II,Dentro,Urbana,Semáforo,Funciona,Recta,Bueno,Buena,Diurna,Buen Tiempo,Frontal,S/D,Colisión,Ninguna,Horizontal,Ninguna,Sin restricción,"-32.930083333333,-60.673944444444","['Alberdi', 'Avenida Travesía Albert Sabin']",2,,-32.930083333333,-60.673944444444,55.0,538.0,Municipio Rosario,Municipio,Rosario,820210,Servicio de Catastro e Información Territorial,IGN
2017,7553,2017-12-28,Jueves,0.0,9:15:00,,0.0,2,"Automóvil,Moto/Ciclomotor",Junin Y Suiza,3,1,0,0,2,0,0,"-32.926888888889,-60.687611111111",Calle,,ROSARIO,Rosario,Hormigón,No existe,II,S/D,Urbana,Ninguna,No existe,Recta,Bueno,Buena,Diurna,Buen Tiempo,Otro,S/D,Colisión,Ninguna,Horizontal,Ninguna,Sin restricción,"-32.926888888889,-60.687611111111","['Junín', 'Suiza']",2,,-32.926888888889,-60.687611111111,55.0,538.0,Municipio Rosario,Municipio,Rosario,820210,Servicio de Catastro e Información Territorial,IGN
2017,7555,2017-12-01,Viernes,0.0,12:30:00,,0.0,2,"Moto/Ciclomotor,Moto/Ciclomotor",Av. Irigoyen 900,2,2,0,0,0,0,0,"-32.884527777778,-60.697027777778",Avenida,,ROSARIO,Rosario,Asfalto,S/D,II,S/D,Urbana,S/D,S/D,Intersección,S/D,Buena,Diurna,Buen Tiempo,S/D,Ciclista,Atropello,S/D,S/D,Ninguna,S/D,"-32.884527777778,-60.697027777778",['Avenida Hipólito Irigoyen 900'],1,,-32.884527777778,-60.697027777778,55.0,538.0,Municipio Rosario,Municipio,Rosario,820210,Servicio de Catastro e Información Territorial,IGN
2017,7674,2017-12-01,Viernes,0.0,12:00:00,,0.0,2,"Moto/Ciclomotor,Peatón",Av. Pellegrini Y Alsina,2,1,0,0,1,0,0,"-32.950472222222,-60.679138888889",Calle,,ROSARIO,Rosario,Asfalto,No existe,II,S/D,Urbana,Ninguna,S/D,Recta,Bueno,Buena,Diurna,Buen Tiempo,S/D,Peatón,Atropello,Ninguna,S/D,Ninguna,Sin restricción,"-32.950472222222,-60.679138888889","['Pellegrini', 'Alsina']",2,,-32.950472222222,-60.679138888889,55.0,538.0,Municipio Rosario,Municipio,Rosario,820210,Servicio de Catastro e Información Territorial,IGN
2017,7675,2017-12-01,Viernes,0.0,12:25:00,,0.0,2,"Camión c / Semirremolque,Taxi/Remis",Cordoba Y Bv. Avellaneda,3,1,0,0,2,0,0,"-32.939111111111,-60.679",Avenida,,ROSARIO,Rosario,Asfalto,No existe,II,S/D,Urbana,Semáforo,Funciona,Recta,Bueno,Buena,Diurna,Buen Tiempo,De alcance,S/D,Colisión,Ninguna,S/D,Ninguna,Sin restricción,"-32.939111111111,-60.679","['Córdoba', 'Avellaneda']",2,,-32.939111111111,-60.679,55.0,538.0,Municipio Rosario,Municipio,Rosario,820210,Servicio de Catastro e Información Territorial,IGN
2017,7676,2017-12-12,Martes,0.0,11:55:00,,0.0,2,"Otros,Camión c / Acoplado",Alvarez Thomas 3200,4,1,0,0,3,0,0,"-32.884972222222,-60.6895",Calle,,ROSARIO,Rosario,Asfalto,S/D,II,Dentro,Urbana,S/D,No existe,Intersección,Otro,S/D,Diurna,Otro,S/D,Peatón,"Atropello,Otro",Ninguna,S/D,S/D,S/D,"-32.884972222222,-60.6895",['Alvarez Thomas 3200'],1,,-32.884972222222,-60.6895,55.0,538.0,Municipio Rosario,Municipio,Rosario,820210,Servicio de Catastro e Información Territorial,IGN
2017,7677,2017-12-14,Jueves,0.0,18:15:00,,0.0,2,"Automóvil,Moto/Ciclomotor",Montevideo Y Santiago,3,0,1,0,2,0,0,"-32.952944444444,-60.658472222222",Calle,,ROSARIO,Rosario,Asfalto,No existe,II,S/D,Urbana,Ninguna,No existe,Recta,Bueno,Buena,Diurna,Buen Tiempo,De alcance,S/D,Colisión,Ninguna,S/D,Ninguna,Sin restricción,"-32.952944444444,-60.658472222222","['Montevideo', 'Santiago']",2,,-32.952944444444,-60.658472222222,55.0,538.0,Municipio Rosario,Municipio,Rosario,820210,Servicio de Catastro e Información Territorial,IGN
2017,7678,2017-12-09,Sabado,0.0,1:15:00,,0.0,2,"Automóvil,Automóvil",Av. Francia Y 3 De Febrero,4,2,0,0,2,0,0,"-32.947916666667,-60.667",Avenida,,ROSARIO,Rosario,Asfalto,No existe,II,S/D,Urbana,Semáforo,Funciona,Intersección,Bueno,Buena,Nocturna,Buen Tiempo,De alcance,S/D,Colisión,Ninguna,S/D,Ninguna,Sin restricción,"-32.947916666667,-60.667","['Avenida Francia', '3 de Febrero']",2,,-32.947916666667,-60.667,55.0,538.0,Municipio Rosario,Municipio,Rosario,820210,Servicio de Catastro e Información Territorial,IGN
2017,7679,2017-12-01,Viernes,0.0,19:00:00,,0.0,2,"Automóvil,Moto/Ciclomotor",9 De Julio Y Necochea,2,1,0,0,1,0,0,"-32.956305555556,-60.626055555556",Calle,,ROSARIO,Rosario,Asfalto,S/D,II,S/D,Urbana,S/D,S/D,Recta,Bueno,Buena,Atardecer,S/D,S/D,S/D,S/D,S/D,S/D,S/D,S/D,"-32.956305555556,-60.626055555556","['9 de Julio', 'Necochea']",2,,-32.956305555556,-60.626055555556,55.0,538.0,Municipio Rosario,Municipio,Rosario,820210,Servicio de Catastro e Información Territorial,IGN
2017,7680,2017-12-06,Miercoles,0.0,14:00:00,,0.0,2,"Automóvil,Bicicleta",San Juan Y Gutenberg,2,1,0,0,1,0,0,"-32.941333333333,-60.688222222222",Calle,,ROSARIO,Rosario,Asfalto,No existe,II,S/D,Urbana,Ninguna,No existe,Intersección,Bueno,Buena,Diurna,Buen Tiempo,De alcance,Ciclista,Atropello,Ninguna,S/D,Ninguna,Sin restricción,"-32.941333333333,-60.688222222222","['San Juan', 'Gutenberg']",2,,-32.941333333333,-60.688222222222,55.0,538.0,Municipio Rosario,Municipio,Rosario,820210,Servicio de Catastro e Información Territorial,IGN
2017,7681,2017-12-02,Sabado,0.0,16:30:00,,0.0,2,"Bicicleta,Pickup/Utilitario",San Lorenzo Y Mitre,2,1,0,0,1,0,0,"-32.943861111111,-60.639",S/D,,ROSARIO,Rosario,Asfalto,No existe,II,S/D,Urbana,Ninguna,No existe,Intersección,Bueno,Buena,Diurna,Buen Tiempo,S/D,Ciclista,Atropello,Ninguna,Faltante,Ninguna,Sin restricción,"-32.943861111111,-60.639","['San Lorenzo', 'Mitre']",2,,-32.943861111111,-60.639,55.0,538.0,Municipio Rosario,Municipio,Rosario,820210,Servicio de Catastro e Información Territorial,IGN
2017,7682,2017-12-01,Viernes,0.0,10:30:00,,0.0,2,"Peatón,Automóvil",Buenos Aires Y Cordoba,2,1,0,0,1,0,0,"-32.947555555556,-60.63275",Calle,,ROSARIO,Rosario,Asfalto,S/D,II,Dentro,Urbana,Paso Peatonal,S/D,Recta,Bueno,Buena,Diurna,S/D,S/D,Peatón,Atropello,S/D,S/D,Cordón divisorio,S/D,"-32.947555555556,-60.63275","['Buenos Aires', 'Córdoba']",2,,-32.947555555556,-60.63275,55.0,538.0,Municipio Rosario,Municipio,Rosario,820210,Servicio de Catastro e Información Territorial,IGN
2017,7683,2017-12-18,Lunes,0.0,7:45:00,,0.0,2,"Moto/Ciclomotor,Automóvil",L.N.Alem 1500,2,1,0,0,1,0,0,"-32.956944444444,-60.630527777778",Calle,,ROSARIO,Rosario,Asfalto,S/D,II,Dentro,Urbana,S/D,S/D,Recta,Bueno,Buena,Diurna,S/D,Otro,S/D,Colisión,S/D,S/D,Cordón divisorio,S/D,"-32.956944444444,-60.630527777778",['L N Alem 1500'],1,,-32.956944444444,-60.630527777778,55.0,538.0,Municipio Rosario,Municipio,Rosario,820210,Servicio de Catastro e Información Territorial,IGN
2017,7684,2017-12-04,Lunes,0.0,17:30:00,,0.0,2,"Moto/Ciclomotor,Automóvil",Urquiza Y Entre Rios,2,1,0,0,1,0,0,"-32.942444444444,-60.640111111111",Calle,,ROSARIO,Rosario,Asfalto,No existe,II,Dentro,Urbana,Ninguna,No existe,Intersección,Bueno,Buena,Diurna,Buen Tiempo,De alcance,S/D,Colisión,Ninguna,Faltante,Ninguna,Sin restricción,"-32.942444444444,-60.640111111111","['Urquiza', 'Entre Ríos']",2,,-32.942444444444,-60.640111111111,55.0,538.0,Municipio Rosario,Municipio,Rosario,820210,Servicio de Catastro e Información Territorial,IGN
2017,7685,2017-12-14,Jueves,0.0,13:35:00,,0.0,1,Moto/Ciclomotor,3 De Febrero 700,3,1,0,0,2,0,0,"-32.953722222222,-60.634305555556",Calle,,ROSARIO,Rosario,Asfalto,S/D,II,Dentro,Urbana,S/D,S/D,Recta,Bueno,Buena,Diurna,S/D,Lateral,S/D,Colisión,S/D,S/D,Cordón divisorio,S/D,"-32.953722222222,-60.634305555556",['3 De Febrero 700'],1,,-32.953722222222,-60.634305555556,55.0,538.0,Municipio Rosario,Municipio,Rosario,820210,Servicio de Catastro e Información Territorial,IGN
2017,7686,2017-11-23,Jueves,0.0,10:10:00,,0.0,1,Transporte de Pasajeros Urbano (> 8 asientos),San Luis Y Laprida,2,1,0,0,1,0,0,"-32.949777777778,-60.634611111111",Calle,,ROSARIO,Rosario,Asfalto,S/D,II,Dentro,Urbana,S/D,S/D,Intersección,Bueno,S/D,Diurna,S/D,S/D,S/D,Caída ocupante,S/D,S/D,Cordón divisorio,S/D,"-32.949777777778,-60.634611111111","['San Luis', 'Laprida']",2,,-32.949777777778,-60.634611111111,55.0,538.0,Municipio Rosario,Municipio,Rosario,820210,Servicio de Catastro e Información Territorial,IGN
2017,7687,2017-12-28,Jueves,0.0,7:45:00,,0.0,2,"Moto/Ciclomotor,Automóvil",Av. Belgrano Y Buenos Aires,2,1,0,0,1,0,0,"-32.945555555556,-60.632194444444",Calle,,ROSARIO,Rosario,Asfalto,No existe,II,Dentro,Urbana,Ninguna,No existe,Intersección,Bueno,Buena,Diurna,Buen Tiempo,Contra objeto fijo,S/D,Colisión,Ninguna,Faltante,Ninguna,Sin restricción,"-32.945555555556,-60.632194444444","['Belgrano', 'Buenos Aires']",2,,-32.945555555556,-60.632194444444,55.0,538.0,Municipio Rosario,Municipio,Rosario,820210,Servicio de Catastro e Información Territorial,IGN
2017,7688,2017-12-30,Sabado,0.0,13:25:00,,0.0,2,"Moto/Ciclomotor,Automóvil",Laprida 1300,2,1,0,0,1,0,0,"-32.953472222222,-60.635694444444",Calle,,ROSARIO,Rosario,Asfalto,S/D,II,S/D,Urbana,S/D,S/D,Recta,Bueno,Buena,Diurna,S/D,S/D,S/D,Colisión,S/D,S/D,S/D,S/D,"-32.953472222222,-60.635694444444",['Laprida 1300'],1,,-32.953472222222,-60.635694444444,55.0,538.0,Municipio Rosario,Municipio,Rosario,820210,Servicio de Catastro e Información Territorial,IGN
2017,7689,2017-12-29,Viernes,0.0,21:30:00,,0.0,1,Automóvil,Alvear Y Montevideo,2,1,0,0,1,0,0,"-32.953166666667,-60.657111111111",Calle,,ROSARIO,Rosario,Asfalto,S/D,II,S/D,Urbana,S/D,S/D,Recta,Bueno,Buena,Nocturna,S/D,S/D,Ciclista,Atropello,S/D,S/D,S/D,S/D,"-32.953166666667,-60.657111111111","['Alvear', 'Montevideo']",2,,-32.953166666667,-60.657111111111,55.0,538.0,Municipio Rosario,Municipio,Rosario,820210,Servicio de Catastro e Información Territorial,IGN
2017,7691,2017-12-28,Jueves,0.0,16:00:00,,0.0,2,"Automóvil,Peatón",Rioja Y Entre Rios,2,1,0,0,1,0,0,"-32.947083333333,-60.64125",Calle,,ROSARIO,Rosario,Asfalto,S/D,II,S/D,Urbana,S/D,S/D,Recta,Bueno,S/D,Diurna,S/D,Otro,Peatón,Atropello,S/D,S/D,S/D,S/D,"-32.947083333333,-60.64125","['Rioja', 'Entre Ríos']",2,,-32.947083333333,-60.64125,55.0,538.0,Municipio Rosario,Municipio,Rosario,820210,Servicio de Catastro e Información Territorial,IGN
2017,7692,2017-12-26,Martes,0.0,22:05:00,,0.0,2,"Moto/Ciclomotor,Bicicleta",San Luis Y Cafferata,2,2,0,0,0,0,0,"-32.943166666667,-60.671638888889",Calle,,ROSARIO,Rosario,Asfalto,No existe,II,Dentro,Urbana,Ninguna,No existe,Intersección,Bueno,Buena,Nocturna,Buen Tiempo,De alcance,Ciclista,Atropello,Ninguna,Faltante,Ninguna,Sin restricción,"-32.943166666667,-60.671638888889","['San Luis', 'Cafferata']",2,,-32.943166666667,-60.671638888889,55.0,538.0,Municipio Rosario,Municipio,Rosario,820210,Servicio de Catastro e Información Territorial,IGN
2017,7694,2017-12-26,Martes,0.0,21:45:00,,0.0,2,"Peatón,Moto/Ciclomotor",Av. Pellegrini Y Lavalle,3,3,0,0,0,0,0,"-32.950222222222,-60.680527777778",Calle,,ROSARIO,Rosario,Asfalto,No existe,II,Dentro,Urbana,Ninguna,Funciona,Intersección,Bueno,Buena,Nocturna,Buen Tiempo,Lateral,S/D,Colisión,Ninguna,Faltante,Ninguna,Sin restricción,"-32.950222222222,-60.680527777778","['Pellegrini', 'Lavalle']",2,,-32.950222222222,-60.680527777778,55.0,538.0,Municipio Rosario,Municipio,Rosario,820210,Servicio de Catastro e Información Territorial,IGN
2017,7696,2017-12-19,Martes,0.0,10:40:00,,0.0,2,"Automóvil,Moto/Ciclomotor",San Luis 4300,2,1,0,0,1,0,0,"-32.941194444444,-60.6825",Calle,,ROSARIO,Rosario,Asfalto,No existe,II,Dentro,Urbana,Ninguna,S/D,Recta,Bueno,Buena,Diurna,Buen Tiempo,De alcance,S/D,Atropello,Ninguna,Faltante,Ninguna,Sin restricción,"-32.941194444444,-60.6825",['San Luis 4300'],1,,-32.941194444444,-60.6825,55.0,538.0,Municipio Rosario,Municipio,Rosario,820210,Servicio de Catastro e Información Territorial,IGN
2017,7697,2017-12-26,Martes,0.0,14:00:00,,0.0,2,"Taxi/Remis,Otros",Pte.Roca Y San Juan,3,1,0,0,1,0,1,"-32.948888888889,-60.646083333333",Calle,,ROSARIO,Rosario,Asfalto,S/D,II,S/D,Urbana,S/D,S/D,Recta,Bueno,Buena,Diurna,Buen Tiempo,S/D,S/D,Colisión,S/D,S/D,S/D,S/D,"-32.948888888889,-60.646083333333","['Roca', 'San Juan']",2,,-32.948888888889,-60.646083333333,55.0,538.0,Municipio Rosario,Municipio,Rosario,820210,Servicio de Catastro e Información Territorial,IGN
2017,7698,2017-12-07,Jueves,0.0,16:45:00,,0.0,2,"Automóvil,Moto/Ciclomotor",Ricchieri Y 3 De Febrero,2,1,0,0,1,0,0,"-32.948361111111,-60.664444444444",Calle,,ROSARIO,Rosario,Asfalto,No existe,II,Dentro,Urbana,Ninguna,No existe,Intersección,Bueno,Buena,Diurna,Buen Tiempo,De alcance,S/D,Colisión,Ninguna,Faltante,Ninguna,Sin restricción,"-32.948361111111,-60.664444444444","['Ricchieri', '3 de Febrero']",2,,-32.948361111111,-60.664444444444,55.0,538.0,Municipio Rosario,Municipio,Rosario,820210,Servicio de Catastro e Información Territorial,IGN
2017,7699,2017-12-16,Sabado,0.0,15:40:00,,0.0,2,"Automóvil,Automóvil",San Martin Y Montevideo,3,3,0,0,0,0,0,"-32.956388888889,-60.639138888889",Calle,,ROSARIO,Rosario,Asfalto,S/D,II,S/D,Urbana,S/D,No existe,Recta,Bueno,Buena,Diurna,Buen Tiempo,Otro,S/D,Colisión,S/D,S/D,S/D,S/D,"-32.956388888889,-60.639138888889","['San Martin', 'Montevideo']",2,,-32.956388888889,-60.639138888889,55.0,538.0,Municipio Rosario,Municipio,Rosario,820210,Servicio de Catastro e Información Territorial,IGN
2017,7700,2017-12-15,Viernes,0.0,9:25:00,,0.0,2,"Automóvil,Moto/Ciclomotor",Av. Pellegrini Y Alsina,2,1,0,0,1,0,0,"-32.950472222222,-60.679138888889",Avenida,,ROSARIO,Rosario,Asfalto,No existe,II,Dentro,Urbana,Ninguna,S/D,Intersección,Bueno,Buena,Diurna,Buen Tiempo,De alcance,S/D,Colisión,Ninguna,Faltante,Ninguna,Sin restricción,"-32.950472222222,-60.679138888889","['Pellegrini', 'Alsina']",2,,-32.950472222222,-60.679138888889,55.0,538.0,Municipio Rosario,Municipio,Rosario,820210,Servicio de Catastro e Información Territorial,IGN
2017,7701,2017-12-24,Domingo,0.0,9:00:00,,0.0,2,"Automóvil,Moto/Ciclomotor",España Y Jujuy,3,2,0,0,1,0,0,"-32.93675,-60.644444444444",Calle,,ROSARIO,Rosario,Asfalto,S/D,II,S/D,Urbana,S/D,S/D,Recta,Bueno,Buena,Diurna,Buen Tiempo,S/D,S/D,Colisión,S/D,S/D,S/D,S/D,"-32.93675,-60.644444444444","['España', 'Jujuy']",2,,-32.93675,-60.644444444444,55.0,538.0,Municipio Rosario,Municipio,Rosario,820210,Servicio de Catastro e Información Territorial,IGN
2017,7702,2017-12-03,Domingo,0.0,14:25:00,,0.0,2,"Moto/Ciclomotor,Automóvil",Cordoba Y Callao,2,1,0,0,1,0,0,"-32.9425,-60.660083333333",Calle,,ROSARIO,Rosario,Asfalto,No existe,II,Dentro,Urbana,Ninguna,Funciona,Intersección,Bueno,Buena,Diurna,Buen Tiempo,Lateral,S/D,Colisión,Ninguna,"Horizontal,Vertical",Ninguna,Sin restricción,"-32.9425,-60.660083333333","['Córdoba', 'Callao']",2,,-32.9425,-60.660083333333,55.0,538.0,Municipio Rosario,Municipio,Rosario,820210,Servicio de Catastro e Información Territorial,IGN
2017,7703,2017-12-24,Domingo,0.0,1:00:00,,0.0,2,"Automóvil,Automóvil",1 de Mayo Y Montevideo,5,1,0,0,4,0,0,"-32.957638888889,-60.632166666667",Calle,,ROSARIO,Rosario,Asfalto,S/D,II,S/D,Urbana,S/D,S/D,Recta,Bueno,S/D,Nocturna,S/D,S/D,S/D,Colisión,S/D,S/D,S/D,S/D,"-32.957638888889,-60.632166666667","['Primero de Mayo', 'Montevideo']",2,,-32.957638888889,-60.632166666667,55.0,538.0,Municipio Rosario,Municipio,Rosario,820210,Servicio de Catastro e Información Territorial,IGN
2017,7704,2017-12-23,Sabado,0.0,14:15:00,,0.0,2,"Automóvil,Moto/Ciclomotor",Marcos Paz Y Crespo,2,1,0,0,1,0,0,"-32.945472222222,-60.669388888889",Calle,,ROSARIO,Rosario,Asfalto,No existe,II,Dentro,Urbana,Ninguna,No existe,Intersección,Bueno,Buena,Diurna,Buen Tiempo,De alcance,S/D,Colisión,Ninguna,Faltante,Ninguna,Sin restricción,"-32.945472222222,-60.669388888889","['Marcos Paz', 'Crespo']",2,,-32.945472222222,-60.669388888889,55.0,538.0,Municipio Rosario,Municipio,Rosario,820210,Servicio de Catastro e Información Territorial,IGN
2017,7707,2017-12-22,Viernes,0.0,21:45:00,,0.0,2,"Moto/Ciclomotor,Automóvil",Av. Ntra.Sra.del Rosario Bis ,3,1,0,0,2,0,0,"-32.944861111111,-60.662111111111",Avenida,,ROSARIO,Rosario,Asfalto,No existe,II,Dentro,Urbana,Ninguna,No existe,Recta,Resbaladiza,Reducida,Nocturna,Lluvia,De alcance,S/D,Colisión,Agua,Faltante,Ninguna,Sin restricción,"-32.944861111111,-60.662111111111",['Ntra Sra Del Rosario Bis'],1,,-32.944861111111,-60.662111111111,55.0,538.0,Municipio Rosario,Municipio,Rosario,820210,Servicio de Catastro e Información Territorial,IGN
2017,7709,2017-12-23,Sabado,0.0,6:45:00,,0.0,2,"Automóvil,Automóvil",Rodriguez Y E.Zeballos,4,2,0,0,2,0,0,"-32.951333333333,-60.660916666667",Calle,,ROSARIO,Rosario,Asfalto,No existe,II,Dentro,Urbana,Ninguna,No existe,Intersección,Bueno,Buena,Amanecer,Buen Tiempo,Frontal,S/D,Colisión,Ninguna,Faltante,Ninguna,Sin restricción,"-32.951333333333,-60.660916666667","['Rodríguez', 'Zeballos']",2,,-32.951333333333,-60.660916666667,55.0,538.0,Municipio Rosario,Municipio,Rosario,820210,Servicio de Catastro e Información Territorial,IGN
2017,7712,2017-12-26,Martes,0.0,16:30:00,,0.0,3,"Automóvil,Automóvil,Automóvil",Bv. Avellaneda Y 9 De Julio,3,1,0,0,0,0,2,"-32.9465,-60.680888888889",Avenida,,ROSARIO,Rosario,Asfalto,No existe,II,Dentro,Urbana,Ninguna,S/D,Recta,Bueno,Buena,Diurna,Buen Tiempo,De alcance,S/D,Atropello,Ninguna,Faltante,Ninguna,Sin restricción,"-32.9465,-60.680888888889","['Avellaneda', '9 de Julio']",2,,-32.9465,-60.680888888889,55.0,538.0,Municipio Rosario,Municipio,Rosario,820210,Servicio de Catastro e Información Territorial,IGN
2017,7713,2017-12-20,Miercoles,0.0,17:51:00,,0.0,2,"Automóvil,Automóvil",9 De Julio Y Italia,3,2,0,0,0,0,1,"-32.952083333333,-60.649722222222",Calle,,ROSARIO,Rosario,Asfalto,S/D,II,S/D,Urbana,S/D,S/D,Recta,Bueno,Buena,Diurna,Buen Tiempo,S/D,S/D,S/D,S/D,S/D,S/D,S/D,"-32.952083333333,-60.649722222222","['9 de Julio', 'Italia']",2,,-32.952083333333,-60.649722222222,55.0,538.0,Municipio Rosario,Municipio,Rosario,820210,Servicio de Catastro e Información Territorial,IGN
2017,7714,2017-12-20,Miercoles,0.0,18:30:00,,0.0,2,"Taxi/Remis,Taxi/Remis",Av. Corrientes Y Cordoba,2,1,0,0,1,0,0,"-32.945666666667,-60.642361111111",Calle,,ROSARIO,Rosario,Asfalto,S/D,II,S/D,Urbana,S/D,Funciona,Recta,Bueno,Buena,Diurna,S/D,S/D,S/D,Otro,S/D,Vertical,S/D,S/D,"-32.945666666667,-60.642361111111","['Corrientes', 'Córdoba']",2,,-32.945666666667,-60.642361111111,55.0,538.0,Municipio Rosario,Municipio,Rosario,820210,Servicio de Catastro e Información Territorial,IGN
2017,7727,2017-10-19,Jueves,0.0,7:00:00,,0.0,2,"Pickup/Utilitario,Peatón",Mendoza Y Solis,2,0,1,0,1,0,0,"-32.939944444444,-60.703361111111",Calle,,ROSARIO,Rosario,Asfalto,S/D,II,Dentro,Urbana,Ninguna,No existe,Intersección,Bueno,Buena,Diurna,Buen Tiempo,S/D,Peatón,Atropello,Ninguna,Faltante,Ninguna,Sin restricción,"-32.939944444444,-60.703361111111","['Mendoza', 'Solis']",2,,-32.939944444444,-60.703361111111,55.0,538.0,Municipio Rosario,Municipio,Rosario,820210,Servicio de Catastro e Información Territorial,IGN
2017,7824,2017-12-22,Viernes,0.0,7:00:00,,0.0,2,"Transporte de Pasajeros Urbano (> 8 asientos),Pickup/Utilitario",9 De Julio Y Sucre,4,3,0,0,1,0,0,"-32.944527777778,-60.691888888889",Calle,,ROSARIO,Rosario,Asfalto,No existe,II,S/D,Urbana,Ninguna,No existe,Recta,Bueno,Buena,Diurna,Buen Tiempo,De alcance,S/D,Colisión,Ninguna,S/D,Ninguna,Sin restricción,"-32.944527777778,-60.691888888889","['9 de Julio', 'Sucre']",2,,-32.944527777778,-60.691888888889,55.0,538.0,Municipio Rosario,Municipio,Rosario,820210,Servicio de Catastro e Información Territorial,IGN
2017,7825,2017-12-27,Miercoles,0.0,,,0.0,2,"Automóvil,Moto/Ciclomotor",Ricchieri Y Santa Fe,3,2,0,0,0,0,1,"-32.940666666667,-60.662472222222",Calle,,ROSARIO,Rosario,Asfalto,S/D,II,S/D,Urbana,S/D,S/D,Recta,Con baches,S/D,S/D,Buen Tiempo,S/D,S/D,Colisión,S/D,S/D,S/D,S/D,"-32.940666666667,-60.662472222222","['Ricchieri', 'Santa Fe']",2,,-32.940666666667,-60.662472222222,55.0,538.0,Municipio Rosario,Municipio,Rosario,820210,Servicio de Catastro e Información Territorial,IGN
2017,7826,2017-12-19,Martes,0.0,8:40:00,,0.0,4,"Automóvil,Automóvil,Peatón,Automóvil",L.N.Alem Y Pasco,4,1,0,0,2,0,1,"-32.961333333333,-60.631611111111",Calle,,ROSARIO,Rosario,Asfalto,S/D,II,S/D,Urbana,S/D,S/D,Recta,Bueno,S/D,Diurna,S/D,S/D,Peatón,"Colisión,Atropello",S/D,S/D,S/D,S/D,"-32.961333333333,-60.631611111111","['Alem', 'Pasco']",2,,-32.961333333333,-60.631611111111,55.0,538.0,Municipio Rosario,Municipio,Rosario,820210,Servicio de Catastro e Información Territorial,IGN
2017,7827,2017-12-18,Lunes,0.0,22:00:00,,0.0,2,"Taxi/Remis,Bicicleta",Sarmiento Y San Lorenzo,2,1,0,0,1,0,0,"-32.944194444444,-60.637638888889",Calle,,ROSARIO,Rosario,Asfalto,S/D,II,S/D,Urbana,S/D,S/D,Recta,Bueno,S/D,Nocturna,S/D,S/D,Ciclista,Atropello,S/D,S/D,S/D,S/D,"-32.944194444444,-60.637638888889","['Sarmiento', 'San Lorenzo']",2,,-32.944194444444,-60.637638888889,55.0,538.0,Municipio Rosario,Municipio,Rosario,820210,Servicio de Catastro e Información Territorial,IGN
2017,7828,2017-12-28,Jueves,0.0,16:20:00,,0.0,2,"Automóvil,Pickup/Utilitario",Crespo Y San Lorenzo,2,1,0,0,0,0,1,"-32.93875,-60.667666666667",Calle,,ROSARIO,Rosario,Asfalto,S/D,II,S/D,Urbana,S/D,S/D,Intersección,S/D,S/D,S/D,S/D,S/D,S/D,S/D,S/D,S/D,S/D,S/D,"-32.93875,-60.667666666667","['Crespo', 'San Lorenzo']",2,,-32.93875,-60.667666666667,55.0,538.0,Municipio Rosario,Municipio,Rosario,820210,Servicio de Catastro e Información Territorial,IGN