anio_acci,nro_acci,fecha,desc_dia,fecha_aprox,hora_aprox,desc_ruta,km,cant_participantes,desc_participante,calle_avenida_km,total,heridos_leves,heridos_graves,heridos_gravisimos,ilesos,fallecidos,sin_datos,posicion_XY,desc_tipo_via,desc_ruta_ori,desc_loc,desc_dpto,desc_tipo_calzada,desc_tipo_banquina,desc_unidad_regional,desc_lugar_calzada,desc_zona,desc_prioridad,desc_estado_semaforo,desc_lugar_via,desc_estado_via,desc_estado_visibilidad,desc_luminosidad,desc_estado_clima,desc_tipo_colision,desc_tipo_atropello,desc_tipo_hecho,desc_pres_calzada,desc_senializacion,desc_separacion_via,desc_restriccion,forma_geocod,calle_lista,numero_calles,calles_osm,lat,lon,index_right,gid,fna,gna,nam,in1,fdc,sag
2017,7829,2017-12-11,Lunes,0.0,1:30:00,,0.0,2,"Automóvil,Moto/Ciclomotor",Mitre Y Urquiza,2,1,0,0,0,0,1,"-32.942722222222,-60.638694444444",Calle,,ROSARIO,Rosario,Asfalto,S/D,II,S/D,Urbana,S/D,No existe,Recta,S/D,Buena,Nocturna,S/D,S/D,S/D,Colisión,S/D,S/D,S/D,S/D,"-32.942722222222,-60.638694444444","['Mitre', 'Urquiza']",2,,-32.942722222222,-60.638694444444,55.0,538.0,Municipio Rosario,Municipio,Rosario,820210,Servicio de Catastro e Información Territorial,IGN
2017,7830,2017-12-22,Viernes,0.0,12:30:00,,0.0,2,"Pickup/Utilitario,Pickup/Utilitario",Catamarca Y Constitucion,3,2,0,0,0,0,1,"-32.934222222222,-60.67225",Calle,,ROSARIO,Rosario,Asfalto,S/D,II,S/D,Urbana,S/D,S/D,Intersección,Bueno,S/D,S/D,S/D,S/D,S/D,S/D,S/D,S/D,S/D,S/D,"-32.934222222222,-60.67225","['Catamarca', 'Constitución']",2,,-32.934222222222,-60.67225,55.0,538.0,Municipio Rosario,Municipio,Rosario,820210,Servicio de Catastro e Información Territorial,IGN
2017,7832,2017-12-23,Sabado,0.0,12:20:00,,0.0,2,"Moto/Ciclomotor,Automóvil",Amenabar Y Santiago,2,1,0,0,1,0,0,"-32.968972222222,-60.662555555556",Calle,,ROSARIO,Rosario,Asfalto,No existe,II,Dentro,Urbana,Ninguna,No existe,Intersección,Bueno,Buena,Diurna,Buen Tiempo,Lateral,S/D,Colisión,Ninguna,Faltante,Ninguna,Sin restricción,"-32.968972222222,-60.662555555556","['Amenabar', 'Santiago']",2,,-32.968972222222,-60.662555555556,55.0,538.0,Municipio Rosario,Municipio,Rosario,820210,Servicio de Catastro e Información Territorial,IGN
2017,7833,2017-12-20,Miercoles,0.0,10:20:00,,0.0,2,"Moto/Ciclomotor,Automóvil",Bv. 27 De Febrero Y Italia,2,1,0,0,1,0,0,"-32.966,-60.65325",Avenida,,ROSARIO,Rosario,Asfalto,No existe,II,Dentro,Urbana,Semáforo,Funciona,Intersección,Bueno,Buena,Diurna,Buen Tiempo,Lateral,S/D,Colisión,Ninguna,Vertical,Cordón divisorio,Sin restricción,"-32.966,-60.65325","['27 de Febrero', 'Italia']",2,,-32.966,-60.65325,55.0,538.0,Municipio Rosario,Municipio,Rosario,820210,Servicio de Catastro e Información Territorial,IGN
2017,7834,2017-12-16,Sabado,0.0,9:27:00,,0.0,2,"Peatón,Automóvil",Dorrego Y Montevideo,2,1,0,0,0,0,1,"-32.954138888889,-60.651666666667",Calle,,ROSARIO,Rosario,Asfalto,S/D,II,S/D,Urbana,S/D,S/D,Recta,Bueno,S/D,Diurna,Buen Tiempo,S/D,Peatón,Atropello,S/D,S/D,S/D,S/D,"-32.954138888889,-60.651666666667","['Dorrego', 'Montevideo']",2,,-32.954138888889,-60.651666666667,55.0,538.0,Municipio Rosario,Municipio,Rosario,820210,Servicio de Catastro e Información Territorial,IGN
2017,7836,2017-12-20,Miercoles,0.0,7:50:00,,0.0,2,"Bicicleta,Automóvil",Bv. Oroño Y Av. Dante Alighieri,2,1,0,0,1,0,0,"-32.961638888889,-60.657805555556",Avenida,,ROSARIO,Rosario,Asfalto,No existe,II,Dentro,Urbana,Ninguna,No existe,Intersección,Bueno,Buena,Diurna,Buen Tiempo,Lateral,Ciclista,Atropello,Ninguna,Faltante,S/D,Sin restricción,"-32.961638888889,-60.657805555556","['Bulevar Nicasio Oroño', 'Dante Alighieri']",2,,-32.961638888889,-60.657805555556,55.0,538.0,Municipio Rosario,Municipio,Rosario,820210,Servicio de Catastro e Información Territorial,IGN
2017,7837,2017-12-14,Jueves,0.0,8:20:00,,0.0,2,"Automóvil,Moto/Ciclomotor",9 De Julio Y Pte.Roca,2,1,0,0,1,0,0,"-32.952583333333,-60.646972222222",Calle,,ROSARIO,Rosario,Asfalto,S/D,II,S/D,Urbana,S/D,S/D,Recta,Bueno,Buena,Diurna,S/D,S/D,S/D,Colisión,S/D,S/D,S/D,S/D,"-32.952583333333,-60.646972222222","['9 de Julio', 'Roca']",2,,-32.952583333333,-60.646972222222,55.0,538.0,Municipio Rosario,Municipio,Rosario,820210,Servicio de Catastro e Información Territorial,IGN
2017,7838,2017-12-19,Martes,0.0,20:55:00,,0.0,2,"Moto/Ciclomotor,Automóvil",Sarmiento Y Galvez,4,2,0,0,2,0,0,"-32.968777777778,-60.643777777778",Calle,,ROSARIO,Rosario,Asfalto,No existe,II,Dentro,Urbana,Ninguna,No existe,Intersección,Bueno,Buena,"Atardecer,Con luz artificial",Buen Tiempo,Lateral,S/D,Colisión,Ninguna,S/D,Ninguna,Sin restricción,"-32.968777777778,-60.643777777778","['Sarmiento', 'Galvez']",2,,-32.968777777778,-60.643777777778,55.0,538.0,Municipio Rosario,Municipio,Rosario,820210,Servicio de Catastro e Información Territorial,IGN
2017,7839,2017-12-11,Lunes,0.0,12:00:00,,0.0,1,Transporte de Pasajeros Urbano (> 8 asientos),Paraguay Y E.Zeballos,2,1,0,0,1,0,0,"-32.954,-60.645888888889",Calle,,ROSARIO,Rosario,Asfalto,S/D,II,S/D,Urbana,S/D,No existe,Recta,Bueno,Buena,Diurna,Buen Tiempo,Otro,S/D,S/D,S/D,S/D,S/D,S/D,"-32.954,-60.645888888889","['Paraguay', 'Zeballos']",2,,-32.954,-60.645888888889,55.0,538.0,Municipio Rosario,Municipio,Rosario,820210,Servicio de Catastro e Información Territorial,IGN
2017,7840,2017-12-14,Jueves,0.0,19:10:00,,0.0,2,"Moto/Ciclomotor,Moto/Ciclomotor",Av. Ovidio Lagos Y Av. Pte.Peron,2,1,0,0,1,0,0,"-32.955527777778,-60.66475",Avenida,,ROSARIO,Rosario,Asfalto,No existe,II,Dentro,Urbana,Semáforo,Funciona,Intersección,Bueno,Buena,Diurna,Buen Tiempo,Lateral,S/D,Colisión,Ninguna,Vertical,Cordón divisorio,Sin restricción,"-32.955527777778,-60.66475","['Avenida Ovidio Lagos', 'Avenida Presidente Perón']",2,,-32.955527777778,-60.66475,55.0,538.0,Municipio Rosario,Municipio,Rosario,820210,Servicio de Catastro e Información Territorial,IGN
2017,7841,2017-12-12,Martes,0.0,21:20:00,,0.0,2,"Transporte de Pasajeros Urbano (> 8 asientos),Automóvil",Av. Corrientes Y San Luis,2,1,0,0,1,0,0,"-32.948277777778,-60.643",Calle,,ROSARIO,Rosario,Asfalto,S/D,II,S/D,Urbana,S/D,Funciona,Recta,Bueno,Buena,Nocturna,S/D,S/D,S/D,S/D,S/D,S/D,S/D,S/D,"-32.948277777778,-60.643","['Corrientes', 'San Luis']",2,,-32.948277777778,-60.643,55.0,538.0,Municipio Rosario,Municipio,Rosario,820210,Servicio de Catastro e Información Territorial,IGN
2017,7842,2017-12-14,Jueves,0.0,16:20:00,,0.0,2,"Moto/Ciclomotor,Automóvil",Av. Corrientes Y La Paz,4,1,0,0,3,0,0,"-32.963416666667,-60.646833333333",Avenida,,ROSARIO,Rosario,Asfalto,No existe,II,Dentro,Urbana,S/D,S/D,Recta,Bueno,Buena,Diurna,Buen Tiempo,Lateral,S/D,Colisión,Ninguna,S/D,Ninguna,Sin restricción,"-32.963416666667,-60.646833333333","['Corrientes', 'La Paz']",2,,-32.963416666667,-60.646833333333,55.0,538.0,Municipio Rosario,Municipio,Rosario,820210,Servicio de Catastro e Información Territorial,IGN
2017,7843,2017-12-12,Martes,0.0,14:00:00,,0.0,2,"Moto/Ciclomotor,Automóvil",Rivadavia 2321,2,1,0,0,1,0,0,"-32.931777777778,-60.652027777778",Calle,,ROSARIO,Rosario,Asfalto,S/D,II,S/D,Urbana,S/D,S/D,Recta,Bueno,Buena,Diurna,S/D,S/D,S/D,S/D,S/D,S/D,S/D,S/D,"-32.931777777778,-60.652027777778",['Rivadavia 2321'],1,,-32.931777777778,-60.652027777778,55.0,538.0,Municipio Rosario,Municipio,Rosario,820210,Servicio de Catastro e Información Territorial,IGN
2017,7844,2017-12-07,Jueves,0.0,23:30:00,,0.0,2,"Moto/Ciclomotor,Automóvil",Entre Rios Y 3 De Febrero,2,1,0,0,1,0,0,"-32.95225,-60.642555555556",Calle,,ROSARIO,Rosario,Asfalto,S/D,II,S/D,Urbana,S/D,No funciona,Recta,Otro,S/D,S/D,Otro,Otro,S/D,Colisión,S/D,S/D,S/D,S/D,"-32.95225,-60.642555555556","['Entre Ríos', '3 de Febrero']",2,,-32.95225,-60.642555555556,55.0,538.0,Municipio Rosario,Municipio,Rosario,820210,Servicio de Catastro e Información Territorial,IGN
2017,7845,2017-12-09,Sabado,0.0,15:40:00,,0.0,2,"Moto/Ciclomotor,Automóvil",Bv. Oroño Y Av. Lugones,3,1,0,0,2,0,0,"-32.958166666667,-60.656944444444",Avenida,,ROSARIO,Rosario,Asfalto,No existe,II,Dentro,Urbana,Señal Ceda el Paso,No existe,Intersección,Bueno,Buena,Diurna,Buen Tiempo,Lateral,S/D,Colisión,Ninguna,Vertical,Ninguna,Sin restricción,"-32.958166666667,-60.656944444444","['Bulevar Nicasio Oroño', 'Lugones']",2,,-32.958166666667,-60.656944444444,55.0,538.0,Municipio Rosario,Municipio,Rosario,820210,Servicio de Catastro e Información Territorial,IGN
2017,7846,2017-12-10,Domingo,0.0,9:35:00,,0.0,2,"Peatón,Automóvil",Mendoza Y Av. Corrientes,2,1,0,0,1,0,0,"-32.95075,-60.643638888889",Calle,,ROSARIO,Rosario,Asfalto,S/D,II,S/D,Urbana,S/D,Funciona,Recta,Bueno,S/D,Diurna,S/D,S/D,Peatón,Atropello,S/D,S/D,S/D,S/D,"-32.95075,-60.643638888889","['Mendoza', 'Corrientes']",2,,-32.95075,-60.643638888889,55.0,538.0,Municipio Rosario,Municipio,Rosario,820210,Servicio de Catastro e Información Territorial,IGN
2017,7847,2017-12-06,Miercoles,0.0,12:45:00,,0.0,2,"Moto/Ciclomotor,Automóvil",Mitre Y Viamonte,2,1,0,0,1,0,0,"-32.965055555556,-60.644305555556",Calle,,ROSARIO,Rosario,Asfalto,No existe,II,Dentro,Urbana,Ninguna,No existe,Intersección,Bueno,Buena,Diurna,Buen Tiempo,Lateral,S/D,Colisión,Ninguna,Faltante,Ninguna,Sin restricción,"-32.965055555556,-60.644305555556","['Mitre', 'Viamonte']",2,,-32.965055555556,-60.644305555556,55.0,538.0,Municipio Rosario,Municipio,Rosario,820210,Servicio de Catastro e Información Territorial,IGN
2017,7848,2017-12-11,Lunes,0.0,12:40:00,,0.0,2,"Moto/Ciclomotor,Taxi/Remis",Bv. 27 De Febrero Y Maipu,2,1,0,0,1,0,0,"-32.968,-60.640722222222",Calle,,ROSARIO,Rosario,Asfalto,S/D,II,S/D,Urbana,S/D,S/D,Recta,Bueno,Buena,Diurna,S/D,S/D,S/D,Colisión,S/D,S/D,S/D,S/D,"-32.968,-60.640722222222","['27 de Febrero', 'Maipú']",2,,-32.968,-60.640722222222,55.0,538.0,Municipio Rosario,Municipio,Rosario,820210,Servicio de Catastro e Información Territorial,IGN
2017,7849,2017-12-11,Lunes,0.0,14:20:00,,0.0,2,"Bicicleta,Transporte de Pasajeros Urbano (> 8 asientos)",Entre Rios Y Mendoza,2,1,0,0,1,0,0,"-32.951,-60.642222222222",Calle,,ROSARIO,Rosario,Asfalto,S/D,II,S/D,Urbana,S/D,S/D,Recta,Bueno,Buena,Diurna,Buen Tiempo,Otro,Ciclista,Atropello,S/D,S/D,S/D,S/D,"-32.951,-60.642222222222","['Entre Ríos', 'Mendoza']",2,,-32.951,-60.642222222222,55.0,538.0,Municipio Rosario,Municipio,Rosario,820210,Servicio de Catastro e Información Territorial,IGN
2017,7850,2017-12-05,Martes,0.0,11:40:00,,0.0,2,"Automóvil,Transporte de Pasajeros Urbano (> 8 asientos)",Italia Y Rueda,7,6,0,0,1,0,0,"-32.969305555556,-60.654027777778",Calle,,ROSARIO,Rosario,Asfalto,No existe,II,Dentro,Urbana,Ninguna,No existe,Intersección,Bueno,Buena,Diurna,Buen Tiempo,Lateral,S/D,Colisión,Ninguna,Faltante,Ninguna,Sin restricción,"-32.969305555556,-60.654027777778","['Italia', 'Rueda']",2,,-32.969305555556,-60.654027777778,55.0,538.0,Municipio Rosario,Municipio,Rosario,820210,Servicio de Catastro e Información Territorial,IGN
2017,7851,2017-12-10,Domingo,0.0,22:10:00,,0.0,2,"Automóvil,Bicicleta",Av. Wheelwright Y Pte.Roca,2,1,0,0,1,0,0,"-32.935888888889,-60.642833333333",Calle,,ROSARIO,Rosario,Asfalto,S/D,II,S/D,Urbana,S/D,S/D,Recta,Bueno,S/D,Nocturna,S/D,Otro,Ciclista,Atropello,S/D,S/D,S/D,S/D,"-32.935888888889,-60.642833333333","['Avenida Guillermo Wheelwright', 'Roca']",2,,-32.935888888889,-60.642833333333,55.0,538.0,Municipio Rosario,Municipio,Rosario,820210,Servicio de Catastro e Información Territorial,IGN
2017,7852,2017-12-07,Jueves,0.0,19:25:00,,0.0,2,"Automóvil,Moto/Ciclomotor",Bv. Oroño Y E.Zeballos,2,1,0,0,1,0,0,"-32.952277777778,-60.655583333333",Calle,,ROSARIO,Rosario,Asfalto,S/D,II,S/D,Urbana,S/D,S/D,Recta,Bueno,Buena,Nocturna,S/D,S/D,S/D,Colisión,S/D,S/D,S/D,S/D,"-32.952277777778,-60.655583333333","['Bulevar Nicasio Oroño', 'Zeballos']",2,,-32.952277777778,-60.655583333333,55.0,538.0,Municipio Rosario,Municipio,Rosario,820210,Servicio de Catastro e Información Territorial,IGN
2017,7853,2017-12-28,Jueves,0.0,11:20:00,,0.0,2,"Moto/Ciclomotor,Automóvil",Bv. Oroño Y Av. Dante Alighieri,2,1,0,0,1,0,0,"-32.961638888889,-60.657805555556",Avenida,,ROSARIO,Rosario,Asfalto,No existe,II,Dentro,Urbana,Ninguna,No existe,Intersección,Bueno,Buena,Diurna,Buen Tiempo,Frontal,S/D,Colisión,S/D,S/D,Ninguna,Sin restricción,"-32.961638888889,-60.657805555556","['Bulevar Nicasio Oroño', 'Dante Alighieri']",2,,-32.961638888889,-60.657805555556,55.0,538.0,Municipio Rosario,Municipio,Rosario,820210,Servicio de Catastro e Información Territorial,IGN
2017,7855,2017-11-30,Jueves,0.0,17:00:00,,0.0,2,"Pickup/Utilitario,Automóvil",Galvez Y Mariano Moreno,2,1,0,0,1,0,0,"-32.966527777778,-60.656194444444",Calle,,ROSARIO,Rosario,Asfalto,No existe,II,Dentro,Urbana,Ninguna,No existe,Intersección,Resbaladiza,Buena,Diurna,Lluvia,Lateral,S/D,Colisión,Agua,Faltante,Ninguna,Sin restricción,"-32.966527777778,-60.656194444444","['Galvez', 'Mariano Moreno']",2,,-32.966527777778,-60.656194444444,55.0,538.0,Municipio Rosario,Municipio,Rosario,820210,Servicio de Catastro e Información Territorial,IGN
2017,7856,2017-12-06,Miercoles,0.0,14:45:00,,0.0,2,"Moto/Ciclomotor,Automóvil",Paraguay 800,2,1,0,0,1,0,0,"-32.945416666667,-60.643722222222",Calle,,ROSARIO,Rosario,Asfalto,S/D,II,S/D,Urbana,S/D,S/D,Recta,Bueno,Buena,Diurna,Buen Tiempo,Otro,S/D,Otro,S/D,S/D,S/D,S/D,"-32.945416666667,-60.643722222222",['Paraguay 800'],1,,-32.945416666667,-60.643722222222,55.0,538.0,Municipio Rosario,Municipio,Rosario,820210,Servicio de Catastro e Información Territorial,IGN
2017,7857,2017-12-01,Viernes,0.0,22:00:00,,0.0,2,"Peatón,Moto/Ciclomotor",Av. Corrientes Y Amenabar,2,2,0,0,0,0,0,"-32.971416666667,-60.648861111111",Calle,,ROSARIO,Rosario,Asfalto,S/D,II,Dentro,Urbana,S/D,No existe,Intersección,Bueno,Buena,Con luz artificial,Buen Tiempo,S/D,Peatón,Atropello,S/D,S/D,Ninguna,Sin restricción,"-32.971416666667,-60.648861111111","['Corrientes', 'Amenabar']",2,,-32.971416666667,-60.648861111111,55.0,538.0,Municipio Rosario,Municipio,Rosario,820210,Servicio de Catastro e Información Territorial,IGN
2017,7858,2017-12-06,Miercoles,0.0,18:50:00,,0.0,2,"Automóvil,Peatón",Italia Y Salta,2,1,0,0,1,0,0,"-32.937694444444,-60.646138888889",Calle,,ROSARIO,Rosario,Asfalto,S/D,II,S/D,Urbana,S/D,No existe,Recta,Bueno,Buena,Atardecer,S/D,S/D,Peatón,Atropello,S/D,S/D,S/D,S/D,"-32.937694444444,-60.646138888889","['Italia', 'Salta']",2,,-32.937694444444,-60.646138888889,55.0,538.0,Municipio Rosario,Municipio,Rosario,820210,Servicio de Catastro e Información Territorial,IGN
2017,7859,2017-12-06,Miercoles,0.0,18:15:00,,0.0,2,"Taxi/Remis,Peatón",San Lorenzo Y Entre Rios,2,1,0,0,1,0,0,"-32.943611111111,-60.640388888889",Calle,,ROSARIO,Rosario,Asfalto,S/D,II,S/D,Urbana,S/D,No existe,Recta,Bueno,Buena,Atardecer,Buen Tiempo,Otro,S/D,Otro,S/D,S/D,S/D,S/D,"-32.943611111111,-60.640388888889","['San Lorenzo', 'Entre Ríos']",2,,-32.943611111111,-60.640388888889,55.0,538.0,Municipio Rosario,Municipio,Rosario,820210,Servicio de Catastro e Información Territorial,IGN
2017,7860,2017-12-06,Miercoles,0.0,12:55:00,,0.0,2,"Taxi/Remis,Moto/Ciclomotor",Santa Fe 1780,3,1,0,0,2,0,0,"-32.943361111111,-60.64725",Calle,,ROSARIO,Rosario,Asfalto,S/D,II,S/D,Urbana,S/D,S/D,Recta,Bueno,Buena,Diurna,Buen Tiempo,S/D,S/D,S/D,S/D,S/D,S/D,S/D,"-32.943361111111,-60.64725",['Santa Fe 1780'],1,,-32.943361111111,-60.64725,55.0,538.0,Municipio Rosario,Municipio,Rosario,820210,Servicio de Catastro e Información Territorial,IGN
2017,7862,2017-12-04,Lunes,0.0,,,0.0,1,Transporte de Pasajeros Urbano (> 8 asientos),San Luis Y San Martin,3,1,0,0,2,0,0,"-32.949277777778,-60.637333333333",Calle,,ROSARIO,Rosario,Asfalto,S/D,II,S/D,Urbana,S/D,No existe,Recta,Bueno,Buena,Nocturna,Buen Tiempo,Otro,S/D,Otro,S/D,S/D,S/D,S/D,"-32.949277777778,-60.637333333333","['San Luis', 'San Martin']",2,,-32.949277777778,-60.637333333333,55.0,538.0,Municipio Rosario,Municipio,Rosario,820210,Servicio de Catastro e Información Territorial,IGN
2017,7865,2017-12-02,Sabado,0.0,10:15:00,,0.0,2,"Automóvil,Bicicleta",Pte.Roca Y Mendoza,2,1,0,0,1,0,0,"-32.950277777778,-60.646388888889",Calle,,ROSARIO,Rosario,Asfalto,S/D,II,S/D,Urbana,S/D,S/D,Recta,Bueno,Buena,Diurna,Buen Tiempo,Contra objeto fijo,S/D,Colisión,S/D,S/D,S/D,S/D,"-32.950277777778,-60.646388888889","['Roca', 'Mendoza']",2,,-32.950277777778,-60.646388888889,55.0,538.0,Municipio Rosario,Municipio,Rosario,820210,Servicio de Catastro e Información Territorial,IGN
2017,7867,2017-12-02,Sabado,0.0,11:30:00,,0.0,2,"Transporte de Pasajeros Urbano (> 8 asientos),Moto/Ciclomotor",3 De Febrero Y Maipu,2,0,1,0,1,0,0,"-32.953277777778,-60.636916666667",Calle,,ROSARIO,Rosario,Asfalto,S/D,II,S/D,Urbana,S/D,S/D,Recta,Bueno,Buena,Diurna,S/D,S/D,S/D,Colisión,S/D,S/D,S/D,S/D,"-32.953277777778,-60.636916666667","['3 de Febrero', 'Maipú']",2,,-32.953277777778,-60.636916666667,55.0,538.0,Municipio Rosario,Municipio,Rosario,820210,Servicio de Catastro e Información Territorial,IGN
2017,7897,2017-10-10,Martes,0.0,12:15:00,,0.0,2,"Peatón,Tren",Bv. Avellaneda 4500,2,0,0,0,1,1,0,"-32.983519, -60.688572",Avenida,,ROSARIO,Rosario,Asfalto,No existe,II,Dentro,Urbana,Marca Vial,No existe,Recta,Deteriorada,Buena,Diurna,Buen Tiempo,S/D,Peatón,Atropello,Ninguna,Faltante,Ninguna,Sin restricción,"-32.983519, -60.688572",['Avellaneda 4500'],1,,-32.983519,-60.688572,55.0,538.0,Municipio Rosario,Municipio,Rosario,820210,Servicio de Catastro e Información Territorial,IGN
2017,7977,2017-12-04,Lunes,0.0,9:10:00,,0.0,2,"Automóvil,Moto/Ciclomotor",Paraguay Y 9 De Julio,2,1,0,0,1,0,0,"-32.952833333333,-60.645583333333",Calle,,ROSARIO,Rosario,Asfalto,S/D,II,S/D,Urbana,S/D,No existe,Recta,Bueno,S/D,Diurna,Buen Tiempo,S/D,S/D,Colisión,S/D,S/D,S/D,S/D,"-32.952833333333,-60.645583333333","['Paraguay', '9 de Julio']",2,,-32.952833333333,-60.645583333333,55.0,538.0,Municipio Rosario,Municipio,Rosario,820210,Servicio de Catastro e Información Territorial,IGN
2017,7979,2017-12-04,Lunes,0.0,,,0.0,1,Transporte de Pasajeros Urbano (> 8 asientos),J.M.de Rosas Y E.Zeballos,2,1,0,0,1,0,0,"-32.956361111111,-60.633416666667",Calle,,ROSARIO,Rosario,Asfalto,S/D,II,S/D,Urbana,S/D,S/D,Recta,Bueno,Buena,Nocturna,Buen Tiempo,Otro,S/D,Otro,S/D,S/D,S/D,S/D,"-32.956361111111,-60.633416666667","['De Rosas', 'Zeballos']",2,,-32.956361111111,-60.633416666667,55.0,538.0,Municipio Rosario,Municipio,Rosario,820210,Servicio de Catastro e Información Territorial,IGN
2017,7981,2017-12-04,Lunes,0.0,13:00:00,,0.0,1,Transporte de Pasajeros Urbano (> 8 asientos),Maipu Y E.Zeballos,4,3,0,0,1,0,0,"-32.9555,-60.637527777778",Calle,,ROSARIO,Rosario,Asfalto,S/D,II,S/D,Urbana,S/D,Funciona,Recta,Bueno,S/D,Diurna,Buen Tiempo,Otro,S/D,S/D,S/D,S/D,S/D,S/D,"-32.9555,-60.637527777778","['Maipú', 'Zeballos']",2,,-32.9555,-60.637527777778,55.0,538.0,Municipio Rosario,Municipio,Rosario,820210,Servicio de Catastro e Información Territorial,IGN
2017,8738,2017-10-19,Jueves,0.0,8:50:00,,0.0,1,Automóvil,Bv. Avellaneda Y 9 De Julio,2,0,0,0,0,1,1,"-32.946514, -60.680896",Avenida,,ROSARIO,Rosario,Asfalto,No existe,II,Dentro,Urbana,Ninguna,Funciona,Recta,Bueno,Buena,Diurna,Buen Tiempo,Contra objeto fijo,S/D,Colisión,Ninguna,Vertical,Ninguna,Sin restricción,"-32.946514, -60.680896","['Avellaneda', '9 de Julio']",2,,-32.946514,-60.680896,55.0,538.0,Municipio Rosario,Municipio,Rosario,820210,Servicio de Catastro e Información Territorial,IGN
2017,8751,2017-10-22,Domingo,0.0,7:30:00,,0.0,1,Pickup/Utilitario,Pje. Labroca Y Balcarce,4,2,1,0,0,1,0,"-32.971440, -60.658821",Calle,,ROSARIO,Rosario,Asfalto,No existe,II,Dentro,Urbana,Señal Pare,No existe,Intersección,Bueno,Buena,Diurna,Buen Tiempo,Contra objeto fijo,S/D,Colisión,Ninguna,Horizontal,Ninguna,Sin restricción,"-32.971440, -60.658821","['La Broca', 'Balcarce']",2,,-32.97144,-60.658821,55.0,538.0,Municipio Rosario,Municipio,Rosario,820210,Servicio de Catastro e Información Territorial,IGN
2017,8813,2017-06-16,Viernes,0.0,6:00:00,,0.0,2,"Camión,Automóvil",Av. Pellegrini Y Maipu,2,0,0,0,1,1,0,"-32.957744, -60.638115",Calle,,ROSARIO,Rosario,Asfalto,No existe,II,Dentro,Urbana,Semáforo,Funciona,Intersección,Bueno,S/D,Amanecer,S/D,De alcance,S/D,Colisión,Ninguna,"Horizontal,Vertical",Cordón divisorio,Sin restricción,"-32.957744, -60.638115","['Pellegrini', 'Maipú']",2,,-32.957744,-60.638115,55.0,538.0,Municipio Rosario,Municipio,Rosario,820210,Servicio de Catastro e Información Territorial,IGN
2017,8820,2017-04-21,Viernes,0.0,12:00:00,,0.0,2,"Bicicleta,Camión",Av. Ovidio Lagos 7400,2,0,0,0,1,1,0,"-33.025010, -60.680856",Avenida,,ROSARIO,Rosario,Asfalto,S/D,II,Dentro,Urbana,S/D,S/D,Recta,Bueno,S/D,Diurna,S/D,S/D,Ciclista,Atropello,S/D,S/D,S/D,S/D,"-33.025010, -60.680856",['Ovidio Lagos 7400'],1,,-33.02501,-60.680856,55.0,538.0,Municipio Rosario,Municipio,Rosario,820210,Servicio de Catastro e Información Territorial,IGN
2017,9044,2017-11-01,Miercoles,0.0,21:30:00,,0.0,2,"Camión Chasis,Moto/Ciclomotor",9 De Julio Y Maipu,3,0,2,0,1,0,0,"-32.954361111111,-60.637222222222",Calle,,ROSARIO,Rosario,Asfalto,No existe,II,S/D,Urbana,S/D,S/D,Intersección,S/D,S/D,"Nocturna,Con luz artificial",S/D,S/D,S/D,Colisión,S/D,"Horizontal,Vertical",S/D,S/D,"-32.954361111111,-60.637222222222","['9 de Julio', 'Maipú']",2,,-32.954361111111,-60.637222222222,55.0,538.0,Municipio Rosario,Municipio,Rosario,820210,Servicio de Catastro e Información Territorial,IGN
2017,9207,2017-11-24,Viernes,0.0,17:45:00,,0.0,2,"Pickup/Utilitario,Peatón",Valparaiso Y Marcos Paz,2,0,0,0,1,1,0,"-32.943007, -60.683032",Calle,,ROSARIO,Rosario,Asfalto,No existe,II,S/D,Urbana,Ninguna,No existe,Intersección,Resbaladiza,Buena,Diurna,Lluvia,S/D,Peatón,Atropello,Agua,Faltante,Ninguna,Sin restricción,"-32.943007, -60.683032","['Valparaíso', 'Marcos Paz']",2,,-32.943007,-60.683032,55.0,538.0,Municipio Rosario,Municipio,Rosario,820210,Servicio de Catastro e Información Territorial,IGN
2017,9222,2017-11-11,Sabado,0.0,17:30:00,,0.0,2,"Bicicleta,Transporte de Pasajeros Urbano (> 8 asientos)",Av. Pellegrini Y Lima,2,1,0,0,1,0,0,"-32.949222222222,-60.685972222222",Avenida,,ROSARIO,Rosario,Asfalto,No existe,II,Dentro,Urbana,Semáforo,Funciona,Recta,Bueno,Buena,Diurna,Buen Tiempo,De alcance,Ciclista,Atropello,Ninguna,"Horizontal,Vertical",Cordón divisorio,Sin restricción,"-32.949222222222,-60.685972222222","['Pellegrini', 'Lima']",2,,-32.949222222222,-60.685972222222,55.0,538.0,Municipio Rosario,Municipio,Rosario,820210,Servicio de Catastro e Información Territorial,IGN
2017,9342,2017-11-04,Sabado,0.0,13:30:00,,0.0,2,"Peatón,Automóvil",Casiano Casas Y Superi,2,0,0,0,1,1,0,"-32.896983, -60.714575",Calle,,ROSARIO,Rosario,S/D,S/D,II,S/D,S/D,S/D,S/D,S/D,S/D,S/D,Diurna,S/D,S/D,Peatón,Atropello,S/D,S/D,S/D,S/D,"-32.896983, -60.714575","['Avenida Casiano Casas', 'Superi']",2,,-32.896983,-60.714575,55.0,538.0,Municipio Rosario,Municipio,Rosario,820210,Servicio de Catastro e Información Territorial,IGN