anio_acci,nro_acci,fecha,desc_dia,fecha_aprox,hora_aprox,desc_ruta,km,cant_participantes,desc_participante,calle_avenida_km,total,heridos_leves,heridos_graves,heridos_gravisimos,ilesos,fallecidos,sin_datos,posicion_XY,desc_tipo_via,desc_ruta_ori,desc_loc,desc_dpto,desc_tipo_calzada,desc_tipo_banquina,desc_unidad_regional,desc_lugar_calzada,desc_zona,desc_prioridad,desc_estado_semaforo,desc_lugar_via,desc_estado_via,desc_estado_visibilidad,desc_luminosidad,desc_estado_clima,desc_tipo_colision,desc_tipo_atropello,desc_tipo_hecho,desc_pres_calzada,desc_senializacion,desc_separacion_via,desc_restriccion,forma_geocod,calle_lista,numero_calles,calles_osm,lat,lon,index_right,gid,fna,gna,nam,in1,fdc,sag
2017,9417,2017-11-04,Sabado,0.0,17:30:00,,0.0,2,"Moto/Ciclomotor,Moto/Ciclomotor",Roullon Y Viamonte,3,0,1,0,0,2,0,"-32.956617, -60.701596",Calle,,ROSARIO,Rosario,S/D,S/D,II,S/D,S/D,S/D,S/D,S/D,S/D,S/D,Diurna,S/D,S/D,S/D,Colisión,S/D,S/D,S/D,S/D,"-32.956617, -60.701596","['Alfredo Rouillón', 'Viamonte']",2,,-32.956617,-60.701596,55.0,538.0,Municipio Rosario,Municipio,Rosario,820210,Servicio de Catastro e Información Territorial,IGN
2017,9607,2017-08-22,Martes,0.0,20:30:00,,0.0,2,"Peatón,Automóvil",Bv. Oroño Y Gaboto,2,0,1,0,1,0,0,"-32.970638888889,-60.660055555556",Calle,,ROSARIO,Rosario,Asfalto,No existe,II,Dentro,Urbana,Semáforo,Funciona,Intersección,Bueno,S/D,Nocturna,S/D,S/D,Peatón,Atropello,Ninguna,"Horizontal,Vertical",Cordón divisorio,Sin restricción,"-32.970638888889,-60.660055555556","['Bulevar Nicasio Oroño', 'Gaboto']",2,,-32.970638888889,-60.660055555556,55.0,538.0,Municipio Rosario,Municipio,Rosario,820210,Servicio de Catastro e Información Territorial,IGN
2017,9953,2017-12-21,Jueves,0.0,14:00:00,,0.0,2,"Pickup/Utilitario,Pickup/Utilitario",Cafferata 345,2,1,0,0,1,0,0,"-32.93525,-60.669638888889",Calle,,ROSARIO,Rosario,Asfalto,S/D,II,S/D,Urbana,Semáforo,S/D,Recta,S/D,Buena,Diurna,S/D,S/D,S/D,Colisión,S/D,S/D,S/D,S/D,"-32.93525,-60.669638888889",['Cafferata 345'],1,,-32.93525,-60.669638888889,55.0,538.0,Municipio Rosario,Municipio,Rosario,820210,Servicio de Catastro e Información Territorial,IGN
2017,9954,2017-12-15,Viernes,0.0,10:00:00,,0.0,2,"Moto/Ciclomotor,Automóvil",Bv. Oroño Y Av. Pellegrini,2,1,0,0,1,0,0,"-32.954694444444,-60.655944444444",Avenida,,ROSARIO,Rosario,Asfalto,Pavimento,II,Dentro,Urbana,Semáforo,Funciona,Rotonda,Bueno,Buena,Diurna,Buen Tiempo,Lateral,S/D,Colisión,Ninguna,Vertical,Cordón divisorio,Sin restricción,"-32.954694444444,-60.655944444444","['Bulevar Nicasio Oroño', 'Pellegrini']",2,,-32.954694444444,-60.655944444444,55.0,538.0,Municipio Rosario,Municipio,Rosario,820210,Servicio de Catastro e Información Territorial,IGN
2017,10043,2017-12-01,Viernes,0.0,16:55:00,,0.0,2,"Moto/Ciclomotor,Taxi/Remis",Zapiola Y Olascoaga,2,0,1,0,1,0,0,"-32.945,-60.696333333333",Calle,,ROSARIO,Rosario,S/D,S/D,II,S/D,Urbana,S/D,S/D,S/D,S/D,S/D,S/D,S/D,S/D,S/D,Colisión,S/D,S/D,S/D,S/D,"-32.945,-60.696333333333","['Zapiola', 'Olascoaga']",2,,-32.945,-60.696333333333,55.0,538.0,Municipio Rosario,Municipio,Rosario,820210,Servicio de Catastro e Información Territorial,IGN
2017,10054,2017-12-02,Sabado,0.0,10:55:00,,0.0,2,"Automóvil,Moto/Ciclomotor",Av. Uriburu Y Sarmiento,2,1,0,0,1,0,0,"-32.99075,-60.649444444444",Calle,,ROSARIO,Rosario,S/D,S/D,II,S/D,Urbana,S/D,S/D,S/D,S/D,S/D,S/D,S/D,S/D,S/D,Colisión,S/D,S/D,S/D,S/D,"-32.99075,-60.649444444444","['Uriburu', 'Sarmiento']",2,,-32.99075,-60.649444444444,55.0,538.0,Municipio Rosario,Municipio,Rosario,820210,Servicio de Catastro e Información Territorial,IGN
2017,10109,2017-12-05,Martes,0.0,8:30:00,,0.0,2,"Peatón,Automóvil",Av. Eva Peron Y Camilo Aldao,2,1,0,0,1,0,0,"-32.936,-60.696166666667",Calle,,ROSARIO,Rosario,S/D,S/D,II,S/D,Urbana,S/D,S/D,S/D,S/D,S/D,S/D,S/D,S/D,Peatón,Atropello,S/D,S/D,S/D,S/D,"-32.936,-60.696166666667","['Avenida Eva Perón', 'Camilo Aldao']",2,,-32.936,-60.696166666667,55.0,538.0,Municipio Rosario,Municipio,Rosario,820210,Servicio de Catastro e Información Territorial,IGN
2017,10113,2017-12-25,Lunes,0.0,21:25:00,,0.0,2,"Moto/Ciclomotor,Automóvil",Olavarria Bis Y Jose Ingenieros,2,1,0,0,1,0,0,"-32.916833333333,-60.7045",Calle,,ROSARIO,Rosario,S/D,S/D,II,S/D,Urbana,S/D,S/D,Intersección,S/D,S/D,Nocturna,S/D,Lateral,S/D,Colisión,S/D,S/D,S/D,S/D,"-32.916833333333,-60.7045","['Olavarría', 'José Ingenieros']",2,,-32.916833333333,-60.7045,55.0,538.0,Municipio Rosario,Municipio,Rosario,820210,Servicio de Catastro e Información Territorial,IGN
2017,10126,2017-12-25,Lunes,0.0,18:00:00,,0.0,2,"Moto/Ciclomotor,Automóvil",J.J.Paso Y Venezuela,2,1,0,0,1,0,0,"-32.920583333333,-60.725388888889",Calle,,ROSARIO,Rosario,S/D,S/D,II,S/D,Urbana,S/D,S/D,S/D,S/D,S/D,S/D,S/D,S/D,S/D,S/D,S/D,S/D,S/D,S/D,"-32.920583333333,-60.725388888889","['Paso', 'Venezuela']",2,,-32.920583333333,-60.725388888889,55.0,538.0,Municipio Rosario,Municipio,Rosario,820210,Servicio de Catastro e Información Territorial,IGN
2017,10130,2017-12-27,Miercoles,0.0,,,0.0,2,"Moto/Ciclomotor,Transporte de Pasajeros",Bv. Oroño Y Biedma,3,2,0,0,1,0,0,"-32.978666666667,-60.662027777778",Avenida,,ROSARIO,Rosario,Asfalto,S/D,II,S/D,Urbana,S/D,S/D,Intersección,S/D,S/D,S/D,S/D,Lateral,S/D,Colisión,S/D,S/D,S/D,S/D,"-32.978666666667,-60.662027777778","['Bulevar Nicasio Oroño', 'Coronel Biedma']",2,,-32.978666666667,-60.662027777778,55.0,538.0,Municipio Rosario,Municipio,Rosario,820210,Servicio de Catastro e Información Territorial,IGN
2017,10134,2017-12-27,Miercoles,0.0,,,0.0,3,"Automóvil,Moto/Ciclomotor,Automóvil",Av. Circunvalacion Y Bv. 27 De Febrero,7,2,0,0,5,0,0,"-32.959527777778,-60.721583333333",Avenida,,ROSARIO,Rosario,S/D,S/D,II,S/D,Urbana,S/D,S/D,Intersección,S/D,S/D,S/D,S/D,Múltiple,S/D,Colisión,S/D,S/D,S/D,S/D,"-32.959527777778,-60.721583333333","['Circunvalacion', '27 de Febrero']",2,,-32.959527777778,-60.721583333333,55.0,538.0,Municipio Rosario,Municipio,Rosario,820210,Servicio de Catastro e Información Territorial,IGN
2017,10147,2017-12-28,Jueves,0.0,20:15:00,,0.0,2,"Peatón,Moto/Ciclomotor", ,2,1,0,0,1,0,0,"-32.972083333333,-60.687416666667",Calle,,ROSARIO,Rosario,S/D,S/D,II,S/D,Urbana,S/D,S/D,Recta,S/D,S/D,S/D,S/D,S/D,Peatón,Atropello,S/D,S/D,S/D,S/D,"-32.972083333333,-60.687416666667",[''],0,,-32.972083333333,-60.687416666667,55.0,538.0,Municipio Rosario,Municipio,Rosario,820210,Servicio de Catastro e Información Territorial,IGN
2017,10154,2017-12-10,Domingo,0.0,0:55:00,,0.0,2,"Moto/Ciclomotor,Automóvil",Garibaldi Y Pje. Choele Choel,3,0,1,0,1,0,1,"-32.981194444444,-60.674722222222",Calle,,ROSARIO,Rosario,S/D,S/D,II,S/D,Urbana,S/D,S/D,S/D,S/D,S/D,S/D,S/D,S/D,S/D,Colisión,S/D,S/D,S/D,S/D,"-32.981194444444,-60.674722222222","['José Garibaldi', 'Choelechoel']",2,,-32.981194444444,-60.674722222222,55.0,538.0,Municipio Rosario,Municipio,Rosario,820210,Servicio de Catastro e Información Territorial,IGN
2017,10177,2017-12-14,Jueves,0.0,12:40:00,,0.0,2,"Automóvil,Automóvil",Valparaiso Y San Luis,3,2,0,0,1,0,0,"-32.941194444444,-60.6825",Calle,,ROSARIO,Rosario,S/D,S/D,II,S/D,Urbana,S/D,S/D,S/D,S/D,S/D,S/D,S/D,S/D,S/D,Colisión,S/D,S/D,S/D,S/D,"-32.941194444444,-60.6825","['Valparaíso', 'San Luis']",2,,-32.941194444444,-60.6825,55.0,538.0,Municipio Rosario,Municipio,Rosario,820210,Servicio de Catastro e Información Territorial,IGN
2017,10193,2017-12-29,Viernes,0.0,,,0.0,2,"Bicicleta,Automóvil",Entre Rios Y Ocampo,2,1,0,0,1,0,0,"-32.965944444444,-60.646",Calle,,ROSARIO,Rosario,S/D,S/D,II,S/D,Urbana,S/D,S/D,Intersección,S/D,S/D,S/D,S/D,S/D,Ciclista,Atropello,S/D,S/D,S/D,S/D,"-32.965944444444,-60.646","['Entre Ríos', 'Ocampo']",2,,-32.965944444444,-60.646,55.0,538.0,Municipio Rosario,Municipio,Rosario,820210,Servicio de Catastro e Información Territorial,IGN
2017,10257,2017-12-30,Sabado,0.0,12:30:00,,0.0,2,"Moto/Ciclomotor,Pickup/Utilitario",Centeno Y Dorrego,2,1,0,0,1,0,0,"-32.982833333333,-60.658916666667",Calle,,ROSARIO,Rosario,S/D,S/D,II,S/D,Urbana,S/D,S/D,Intersección,S/D,S/D,Diurna,S/D,Lateral,S/D,Colisión,S/D,S/D,S/D,S/D,"-32.982833333333,-60.658916666667","['Centeno', 'Dorrego']",2,,-32.982833333333,-60.658916666667,55.0,538.0,Municipio Rosario,Municipio,Rosario,820210,Servicio de Catastro e Información Territorial,IGN
2017,10260,2017-12-29,Viernes,0.0,8:30:00,,0.0,2,"Peatón,Moto/Ciclomotor",Av. Corrientes Y Juan Canals,2,1,0,0,1,0,0,"-32.988638888889,-60.653194444444",Avenida,,ROSARIO,Rosario,S/D,S/D,II,S/D,Urbana,S/D,S/D,Intersección,S/D,S/D,Diurna,S/D,S/D,Peatón,Atropello,S/D,S/D,S/D,S/D,"-32.988638888889,-60.653194444444","['Corrientes', 'Juan Canals']",2,,-32.988638888889,-60.653194444444,55.0,538.0,Municipio Rosario,Municipio,Rosario,820210,Servicio de Catastro e Información Territorial,IGN
2017,10273,2017-07-01,Sabado,1.0,,,0.0,1,Otros, ,2,0,0,0,0,1,1,"-32.964861, -60.658490",S/D,,ROSARIO,Rosario,S/D,S/D,I,S/D,S/D,S/D,S/D,S/D,S/D,S/D,S/D,S/D,S/D,S/D,S/D,S/D,S/D,S/D,S/D,"-32.964861, -60.658490",[''],0,,-32.964861,-60.65849,55.0,538.0,Municipio Rosario,Municipio,Rosario,820210,Servicio de Catastro e Información Territorial,IGN
2017,10291,2017-11-13,Lunes,0.0,,,0.0,2,"Moto/Ciclomotor,Automóvil",Av. Ovidio Lagos Y Salta,2,0,0,0,1,1,0,"-32.935306, -60.659632",Calle,,ROSARIO,Rosario,Asfalto,No existe,II,S/D,S/D,Semáforo,Intermitente,Recta,Bueno,Buena,Nocturna,Buen Tiempo,Lateral,S/D,Colisión,S/D,"Horizontal,Vertical",Ninguna,Sin restricción,"-32.935306, -60.659632","['Avenida Ovidio Lagos', 'Salta']",2,,-32.935306,-60.659632,55.0,538.0,Municipio Rosario,Municipio,Rosario,820210,Servicio de Catastro e Información Territorial,IGN
2017,10300,2017-08-23,Miercoles,0.0,19:00:00,,0.0,2,"Taxi/Remis,Moto/Ciclomotor",Av. Provincias Unidas Y Bv. 27 De Febrero,4,1,1,0,0,0,2,"-32.959397, -60.711795",Avenida,,ROSARIO,Rosario,Asfalto,No existe,II,Dentro,Urbana,Semáforo,Funciona,Intersección,Bueno,S/D,Atardecer,S/D,S/D,S/D,Colisión,Material Suelto,Vertical,Cordón divisorio,"Obra en Construcción,Reparación de Vía","-32.959397, -60.711795","['Avenida Provincias Unidas', '27 de Febrero']",2,,-32.959397,-60.711795,55.0,538.0,Municipio Rosario,Municipio,Rosario,820210,Servicio de Catastro e Información Territorial,IGN
2017,10316,2017-10-13,Viernes,0.0,12:05:00,,0.0,2,"Pickup/Utilitario,Bicicleta",Suipacha Y Calle 1211,2,1,0,0,1,0,0,"-32.982861111111,-60.674444444444",Calle,,ROSARIO,Rosario,Asfalto,No existe,II,Dentro,Urbana,S/D,No existe,Intersección,S/D,S/D,Diurna,S/D,S/D,Ciclista,Atropello,S/D,Faltante,Ninguna,S/D,"-32.982861111111,-60.674444444444","['Suipacha', 'Néstor Ferraza']",2,,-32.982861111111,-60.674444444444,55.0,538.0,Municipio Rosario,Municipio,Rosario,820210,Servicio de Catastro e Información Territorial,IGN
2017,10327,2017-12-16,Sabado,1.0,17:40:00,,0.0,2,"Peatón,Automóvil",Bv. Segui 4200,2,1,0,0,1,0,0,"-32.971472222222,-60.688722222222",Calle,,ROSARIO,Rosario,S/D,S/D,II,S/D,Urbana,S/D,S/D,Recta,S/D,S/D,S/D,S/D,S/D,Peatón,Atropello,S/D,S/D,S/D,S/D,"-32.971472222222,-60.688722222222",['Bulevar Juan Francisco Seguí 4200'],1,,-32.971472222222,-60.688722222222,55.0,538.0,Municipio Rosario,Municipio,Rosario,820210,Servicio de Catastro e Información Territorial,IGN
2017,10346,2017-10-15,Domingo,0.0,,,0.0,2,"Moto/Ciclomotor,Pickup/Utilitario",Uruguay Y Alsina,2,1,0,0,1,0,0,"-32.969916666667,-60.684083333333",Calle,,ROSARIO,Rosario,Asfalto,No existe,II,Dentro,Urbana,S/D,No existe,Intersección,S/D,S/D,S/D,S/D,Frontal,S/D,Colisión,S/D,Faltante,Ninguna,S/D,"-32.969916666667,-60.684083333333","['Uruguay', 'Alsina']",2,,-32.969916666667,-60.684083333333,55.0,538.0,Municipio Rosario,Municipio,Rosario,820210,Servicio de Catastro e Información Territorial,IGN
2017,10363,2017-10-17,Martes,0.0,15:30:00,,0.0,2,"Automóvil,Moto/Ciclomotor",Bv. Wilde Y Av. J.Bernhein,3,2,0,0,1,0,0,"-32.935833333333,-60.738666666667",Calle,,ROSARIO,Rosario,Asfalto,No existe,II,Dentro,Urbana,S/D,No existe,Intersección,S/D,S/D,Diurna,S/D,S/D,S/D,Colisión,S/D,Faltante,Cordón divisorio,S/D,"-32.935833333333,-60.738666666667","['Bulevar Wilde', 'Bernheim']",2,,-32.935833333333,-60.738666666667,55.0,538.0,Municipio Rosario,Municipio,Rosario,820210,Servicio de Catastro e Información Territorial,IGN
2017,10365,2017-11-11,Sabado,0.0,1:00:00,,0.0,2,"Taxi/Remis,Moto/Ciclomotor",Bv. Avellaneda Y Ituzaingo,4,2,0,0,0,2,0,"-32.953361111111,-60.682861111111",Calle,,ROSARIO,Rosario,Asfalto,No existe,II,Dentro,Urbana,Ninguna,No existe,Intersección,Bueno,Buena,"Nocturna,Con luz artificial",Buen Tiempo,S/D,S/D,Colisión,Ninguna,S/D,"Cordón divisorio,S/D",Sin restricción,"-32.953361111111,-60.682861111111","['Avellaneda', 'Ituzaingó']",2,,-32.953361111111,-60.682861111111,55.0,538.0,Municipio Rosario,Municipio,Rosario,820210,Servicio de Catastro e Información Territorial,IGN
2017,10366,2017-10-17,Martes,0.0,7:00:00,,0.0,2,"Peatón,Automóvil",Bv. Segui Y Camilo Aldao,3,2,0,0,1,0,0,"-32.970555555556,-60.694805555556",Calle,,ROSARIO,Rosario,Asfalto,No existe,II,Dentro,Urbana,S/D,No existe,Intersección,S/D,S/D,Amanecer,S/D,S/D,Peatón,Atropello,S/D,Faltante,Cordón divisorio,S/D,"-32.970555555556,-60.694805555556","['Bulevar Juan Francisco Seguí', 'Camilo Aldao']",2,,-32.970555555556,-60.694805555556,55.0,538.0,Municipio Rosario,Municipio,Rosario,820210,Servicio de Catastro e Información Territorial,IGN
2017,10427,2017-12-21,Jueves,0.0,14:00:00,,0.0,2,"Transporte de Pasajeros Urbano (> 8 asientos),Transporte de Pasajeros Urbano (> 8 asientos)",Av. Genova ,20,18,0,0,2,0,0,"-32.915111111111,-60.682888888889",Avenida,,ROSARIO,Rosario,S/D,S/D,II,Dentro,Urbana,S/D,S/D,Recta,S/D,S/D,S/D,S/D,S/D,S/D,Colisión,S/D,S/D,S/D,S/D,"-32.915111111111,-60.682888888889",['Genova'],1,,-32.915111111111,-60.682888888889,55.0,538.0,Municipio Rosario,Municipio,Rosario,820210,Servicio de Catastro e Información Territorial,IGN
2017,10428,2017-12-21,Jueves,0.0,19:25:00,,0.0,2,"Peatón,Moto/Ciclomotor",Alsina Y Rueda,2,1,0,0,1,0,0,"-32.964194444444,-60.682638888889",Calle,,ROSARIO,Rosario,S/D,S/D,II,S/D,Urbana,S/D,S/D,Intersección,S/D,S/D,Atardecer,S/D,S/D,Peatón,Atropello,S/D,S/D,S/D,S/D,"-32.964194444444,-60.682638888889","['Alsina', 'Rueda']",2,,-32.964194444444,-60.682638888889,55.0,538.0,Municipio Rosario,Municipio,Rosario,820210,Servicio de Catastro e Información Territorial,IGN
2017,10515,2017-12-31,Domingo,0.0,,,0.0,2,"Moto/Ciclomotor,Moto/Ciclomotor",Bv. Segui Y Roullon,3,2,0,0,1,0,0,"-32.970833333333,-60.701055555556",Calle,,ROSARIO,Rosario,S/D,S/D,II,S/D,Urbana,S/D,S/D,S/D,S/D,S/D,S/D,S/D,S/D,S/D,Colisión,S/D,S/D,S/D,S/D,"-32.970833333333,-60.701055555556","['Bulevar Juan Francisco Seguí', 'Alfredo Rouillón']",2,,-32.970833333333,-60.701055555556,55.0,538.0,Municipio Rosario,Municipio,Rosario,820210,Servicio de Catastro e Información Territorial,IGN
2017,10608,2017-12-05,Martes,0.0,22:00:00,,0.0,3,"Moto/Ciclomotor,Camión c / Acoplado,Peatón",Bv. Rondeau Y Juan Pablo II (Colect Av. Circunvalacion),3,1,0,0,1,1,0,"-32.873353,-60.699468",Calle,,ROSARIO,Rosario,Asfalto,No existe,II,Dentro,Urbana,Semáforo,Funciona,Rotonda,Bueno,S/D,Nocturna,S/D,S/D,Peatón,"Aplastamiento,Atropello",Ninguna,Vertical,Ninguna,Sin restricción,"-32.873353,-60.699468","['Rondeau', 'Juan Pablo Ii (colect Circunvalacion)']",2,,-32.873353,-60.699468,55.0,538.0,Municipio Rosario,Municipio,Rosario,820210,Servicio de Catastro e Información Territorial,IGN
2017,10758,2017-12-02,Sabado,0.0,2:20:00,,0.0,1,Moto/Ciclomotor,Av. Belgrano Y San Martin,1,0,0,0,0,1,0,"-32.941055555556,-60.635361111111",Calle,,ROSARIO,Rosario,Asfalto,No existe,II,Dentro,Urbana,Semáforo,Funciona,Intersección,Bueno,S/D,Nocturna,S/D,Contra objeto fijo,S/D,Colisión,Ninguna,Vertical,Ninguna,Sin restricción,"-32.941055555556,-60.635361111111","['Belgrano', 'San Martin']",2,,-32.941055555556,-60.635361111111,55.0,538.0,Municipio Rosario,Municipio,Rosario,820210,Servicio de Catastro e Información Territorial,IGN
2017,10771,2017-12-08,Viernes,0.0,16:30:00,,0.0,2,"Vehículo Oficial,Moto/Ciclomotor",Av. Rivarola Y Colect Av. Circunvalación,2,0,0,0,1,1,0,"-32.966022,-60.719908",Calle,,ROSARIO,Rosario,Asfalto,No existe,II,Dentro,Urbana,Ninguna,No existe,Intersección,Bueno,S/D,Diurna,S/D,S/D,S/D,Colisión,Ninguna,Faltante,Ninguna,Sin restricción,"-32.966022,-60.719908","['Rivarola', 'Colectora de Circunvalación']",2,,-32.966022,-60.719908,55.0,538.0,Municipio Rosario,Municipio,Rosario,820210,Servicio de Catastro e Información Territorial,IGN
2017,10835,2017-11-10,Viernes,0.0,14:20:00,,0.0,2,"Peatón,Automóvil",J.M.Gutierrez Y Vuelta De Obligado,2,0,0,0,1,1,0,"-32.994361111111,-60.661222222222",Calle,,ROSARIO,Rosario,S/D,S/D,II,S/D,S/D,S/D,S/D,S/D,S/D,S/D,Diurna,S/D,S/D,Peatón,Atropello,S/D,S/D,S/D,S/D,"-32.994361111111,-60.661222222222","['Gutierrez', 'Vuelta de Obligado']",2,,-32.994361111111,-60.661222222222,55.0,538.0,Municipio Rosario,Municipio,Rosario,820210,Servicio de Catastro e Información Territorial,IGN
2017,10840,2017-04-11,Martes,1.0,23:00:00,,0.0,1,Moto/Ciclomotor,San Martin Y Amenabar,1,0,0,0,0,1,0,"-32.972444444444,-60.643194444444",Calle,,ROSARIO,Rosario,S/D,S/D,II,Dentro,Urbana,S/D,S/D,S/D,S/D,S/D,Nocturna,S/D,S/D,S/D,S/D,S/D,S/D,S/D,S/D,"-32.972444444444,-60.643194444444","['San Martin', 'Amenabar']",2,,-32.972444444444,-60.643194444444,55.0,538.0,Municipio Rosario,Municipio,Rosario,820210,Servicio de Catastro e Información Territorial,IGN
2017,10847,2017-09-24,Domingo,0.0,,,0.0,1,Moto/Ciclomotor,Av. Pellegrini 3295,1,0,0,0,0,1,0,"-32.951972222222,-60.670916666667",Calle,,ROSARIO,Rosario,S/D,S/D,II,S/D,S/D,S/D,S/D,S/D,S/D,S/D,S/D,S/D,S/D,S/D,S/D,S/D,S/D,S/D,S/D,"-32.951972222222,-60.670916666667",['Pellegrini 3295'],1,,-32.951972222222,-60.670916666667,55.0,538.0,Municipio Rosario,Municipio,Rosario,820210,Servicio de Catastro e Información Territorial,IGN
2017,10852,2017-10-12,Jueves,0.0,15:30:00,,0.0,2,"Bicicleta,Otros",Bv. Wilde Y Mendoza,2,0,0,0,0,1,1,"-32.940194444444,-60.7385",Avenida,,ROSARIO,Rosario,S/D,S/D,II,Dentro,Urbana,S/D,S/D,Intersección,S/D,S/D,Diurna,S/D,S/D,Ciclista,Atropello,S/D,S/D,S/D,S/D,"-32.940194444444,-60.7385","['Bulevar Wilde', 'Mendoza']",2,,-32.940194444444,-60.7385,55.0,538.0,Municipio Rosario,Municipio,Rosario,820210,Servicio de Catastro e Información Territorial,IGN
2017,10853,2017-10-08,Domingo,0.0,21:00:00,,0.0,1,Moto/Ciclomotor,La Paz Y Mejico,1,0,0,0,0,1,0,"-32.955888888889,-60.71775",Calle,,ROSARIO,Rosario,S/D,S/D,II,S/D,Urbana,S/D,S/D,S/D,S/D,S/D,Nocturna,S/D,S/D,S/D,S/D,S/D,S/D,S/D,S/D,"-32.955888888889,-60.71775","['La Paz', 'Mejico']",2,,-32.955888888889,-60.71775,55.0,538.0,Municipio Rosario,Municipio,Rosario,820210,Servicio de Catastro e Información Territorial,IGN
2017,10860,2017-10-01,Domingo,1.0,,,0.0,1,Otros, ,1,0,0,0,0,1,0,"-32.954747, -60.656174",S/D,,ROSARIO,Rosario,S/D,S/D,II,S/D,S/D,S/D,S/D,S/D,S/D,S/D,S/D,S/D,S/D,S/D,S/D,S/D,S/D,S/D,S/D,"-32.954747, -60.656174",[''],0,,-32.954747,-60.656174,55.0,538.0,Municipio Rosario,Municipio,Rosario,820210,Servicio de Catastro e Información Territorial,IGN
2017,10861,2017-10-15,Domingo,0.0,18:15:00,,0.0,1,Moto/Ciclomotor, ,1,0,0,0,0,1,0,"-32.954747, -60.656174",S/D,,ROSARIO,Rosario,S/D,S/D,II,S/D,S/D,S/D,S/D,S/D,S/D,S/D,Diurna,S/D,S/D,S/D,Colisión,S/D,S/D,S/D,S/D,"-32.954747, -60.656174",[''],0,,-32.954747,-60.656174,55.0,538.0,Municipio Rosario,Municipio,Rosario,820210,Servicio de Catastro e Información Territorial,IGN
2017,10863,2017-05-27,Sabado,0.0,13:45:00,,0.0,2,"Moto/Ciclomotor,Ambulancia",Urquiza Y San Nicolas,3,0,1,0,1,1,0,"-32.936833333333,-60.671472222222",Calle,,ROSARIO,Rosario,S/D,S/D,II,Dentro,Urbana,S/D,S/D,S/D,S/D,S/D,Diurna,S/D,S/D,S/D,Colisión,S/D,S/D,S/D,S/D,"-32.936833333333,-60.671472222222","['Urquiza', 'San Nicolás']",2,,-32.936833333333,-60.671472222222,55.0,538.0,Municipio Rosario,Municipio,Rosario,820210,Servicio de Catastro e Información Territorial,IGN
2017,10864,2017-12-15,Viernes,0.0,12:45:00,,0.0,2,"Automóvil,Automóvil",Montevideo Y Paraguay,3,1,0,0,2,0,0,"-32.955138888889,-60.646194444444",Calle,,ROSARIO,Rosario,Asfalto,No existe,II,Dentro,Urbana,Paso Peatonal,No existe,Intersección,S/D,S/D,Diurna,S/D,Múltiple,S/D,Colisión,S/D,Horizontal,Ninguna,S/D,"-32.955138888889,-60.646194444444","['Montevideo', 'Paraguay']",2,,-32.955138888889,-60.646194444444,55.0,538.0,Municipio Rosario,Municipio,Rosario,820210,Servicio de Catastro e Información Territorial,IGN
2017,10875,2017-02-22,Miercoles,0.0,17:50:00,,0.0,2,"Peatón,Otros",Pasco Y Roullon,2,0,0,1,0,0,1,"-32.950666666667,-60.701777777778",Calle,,ROSARIO,Rosario,S/D,S/D,II,S/D,Urbana,S/D,S/D,S/D,S/D,S/D,S/D,S/D,S/D,Peatón,Atropello,S/D,S/D,S/D,S/D,"-32.950666666667,-60.701777777778","['Pasco', 'Alfredo Rouillón']",2,,-32.950666666667,-60.701777777778,55.0,538.0,Municipio Rosario,Municipio,Rosario,820210,Servicio de Catastro e Información Territorial,IGN
2017,10876,2017-03-05,Domingo,0.0,19:00:00,,0.0,2,"Moto/Ciclomotor,Otros",BARRIO GODOY ,2,0,0,1,0,0,1,"-32.96618, -60.72526",S/D,,ROSARIO,Rosario,S/D,S/D,II,S/D,Urbana,S/D,S/D,S/D,S/D,S/D,S/D,S/D,S/D,S/D,Colisión,S/D,S/D,S/D,S/D,"-32.96618, -60.72526",['Barrio Avenida Presidente Perón'],1,,-32.96618,-60.72526,55.0,538.0,Municipio Rosario,Municipio,Rosario,820210,Servicio de Catastro e Información Territorial,IGN
2017,10877,2017-03-05,Domingo,0.0,21:00:00,,0.0,2,"Peatón,Otros",Bv. Avellaneda Y Pte.Quintana,2,0,0,1,0,0,1,"-32.975194444444,-60.688222222222",Calle,,ROSARIO,Rosario,S/D,S/D,II,S/D,Urbana,S/D,S/D,S/D,S/D,S/D,S/D,S/D,S/D,Peatón,Atropello,S/D,S/D,S/D,S/D,"-32.975194444444,-60.688222222222","['Avellaneda', 'Quintana']",2,,-32.975194444444,-60.688222222222,55.0,538.0,Municipio Rosario,Municipio,Rosario,820210,Servicio de Catastro e Información Territorial,IGN
2017,10878,2017-03-23,Jueves,0.0,23:30:00,,0.0,2,"Moto/Ciclomotor,Otros",Av. Arijon Y Mariano Moreno,2,0,0,1,0,0,1,"-33.003416666667,-60.661944444444",Calle,,ROSARIO,Rosario,S/D,S/D,II,S/D,Urbana,S/D,S/D,S/D,S/D,S/D,S/D,S/D,S/D,S/D,Colisión,S/D,S/D,S/D,S/D,"-33.003416666667,-60.661944444444","['Avenida Manuel Arijón', 'Mariano Moreno']",2,,-33.003416666667,-60.661944444444,55.0,538.0,Municipio Rosario,Municipio,Rosario,820210,Servicio de Catastro e Información Territorial,IGN
2017,10881,2017-04-10,Lunes,0.0,20:00:00,,0.0,2,"Moto/Ciclomotor,Otros",Ayacucho 3700,2,0,0,1,0,0,1,"-32.982194444444,-60.635666666667",Calle,,ROSARIO,Rosario,S/D,S/D,II,S/D,Urbana,S/D,S/D,S/D,S/D,S/D,S/D,S/D,S/D,S/D,Colisión,S/D,S/D,S/D,S/D,"-32.982194444444,-60.635666666667",['Ayacucho 3700'],1,,-32.982194444444,-60.635666666667,55.0,538.0,Municipio Rosario,Municipio,Rosario,820210,Servicio de Catastro e Información Territorial,IGN