anio_acci,nro_acci,fecha,desc_dia,fecha_aprox,hora_aprox,desc_ruta,km,cant_participantes,desc_participante,calle_avenida_km,total,heridos_leves,heridos_graves,heridos_gravisimos,ilesos,fallecidos,sin_datos,posicion_XY,desc_tipo_via,desc_ruta_ori,desc_loc,desc_dpto,desc_tipo_calzada,desc_tipo_banquina,desc_unidad_regional,desc_lugar_calzada,desc_zona,desc_prioridad,desc_estado_semaforo,desc_lugar_via,desc_estado_via,desc_estado_visibilidad,desc_luminosidad,desc_estado_clima,desc_tipo_colision,desc_tipo_atropello,desc_tipo_hecho,desc_pres_calzada,desc_senializacion,desc_separacion_via,desc_restriccion,forma_geocod,calle_lista,numero_calles,calles_osm,lat,lon,index_right,gid,fna,gna,nam,in1,fdc,sag
2017,10984,2017-11-13,Lunes,0.0,11:10:00,,0.0,2,"Peatón,Otros",Bv. Avellaneda 2200,2,0,1,0,0,0,1,"-32.955666666667,-60.683444444444",Calle,,ROSARIO,Rosario,S/D,S/D,II,S/D,Urbana,S/D,S/D,S/D,S/D,S/D,S/D,S/D,S/D,Peatón,Atropello,S/D,S/D,S/D,S/D,"-32.955666666667,-60.683444444444",['Avellaneda 2200'],1,,-32.955666666667,-60.683444444444,55.0,538.0,Municipio Rosario,Municipio,Rosario,820210,Servicio de Catastro e Información Territorial,IGN
2017,10986,2017-11-17,Viernes,0.0,18:30:00,,0.0,2,"Moto/Ciclomotor,Otros",Av. Pellegrini 5400,2,0,1,0,0,0,1,"-32.948861111111,-60.687333333333",Avenida,,ROSARIO,Rosario,S/D,S/D,II,S/D,Urbana,S/D,S/D,S/D,S/D,S/D,S/D,S/D,S/D,S/D,Colisión,S/D,S/D,S/D,S/D,"-32.948861111111,-60.687333333333",['Pellegrini 5400'],1,,-32.948861111111,-60.687333333333,55.0,538.0,Municipio Rosario,Municipio,Rosario,820210,Servicio de Catastro e Información Territorial,IGN
2017,10989,2017-12-01,Viernes,0.0,12:30:00,,0.0,2,"Moto/Ciclomotor,Otros",Chaco Bis Y Av. Genova,2,0,1,0,0,0,1,"-32.915527777778,-60.6965",Calle,,ROSARIO,Rosario,S/D,S/D,II,S/D,Urbana,S/D,S/D,S/D,S/D,S/D,S/D,S/D,S/D,S/D,Colisión,S/D,S/D,S/D,S/D,"-32.915527777778,-60.6965","['Chaco', 'Genova']",2,,-32.915527777778,-60.6965,55.0,538.0,Municipio Rosario,Municipio,Rosario,820210,Servicio de Catastro e Información Territorial,IGN
2017,10990,2017-12-10,Domingo,0.0,10:00:00,,0.0,2,"Moto/Ciclomotor,Otros",Santa Fe Y Ricchieri,2,0,0,1,0,0,1,"-32.940666666667,-60.662472222222",Calle,,ROSARIO,Rosario,S/D,S/D,II,S/D,Urbana,S/D,S/D,S/D,S/D,S/D,S/D,S/D,S/D,S/D,Colisión,S/D,S/D,S/D,S/D,"-32.940666666667,-60.662472222222","['Santa Fe', 'Ricchieri']",2,,-32.940666666667,-60.662472222222,55.0,538.0,Municipio Rosario,Municipio,Rosario,820210,Servicio de Catastro e Información Territorial,IGN
2017,10991,2017-11-10,Viernes,0.0,1:30:00,,0.0,2,"Moto/Ciclomotor,Otros",Baigorria Y Darragueira,2,0,0,1,0,0,1,"-32.892083333333,-60.695861111111",Calle,,ROSARIO,Rosario,S/D,S/D,II,S/D,Urbana,S/D,S/D,S/D,S/D,S/D,S/D,S/D,S/D,S/D,Colisión,S/D,S/D,S/D,S/D,"-32.892083333333,-60.695861111111","['Baigorria', 'José Darragueira']",2,,-32.892083333333,-60.695861111111,55.0,538.0,Municipio Rosario,Municipio,Rosario,820210,Servicio de Catastro e Información Territorial,IGN
2017,10992,2017-12-10,Domingo,0.0,23:40:00,,0.0,2,"Moto/Ciclomotor,Otros",Roullon 3400,2,0,1,0,0,0,1,"-32.968333333333,-60.701166666667",Calle,,ROSARIO,Rosario,S/D,S/D,II,S/D,Urbana,S/D,S/D,S/D,S/D,S/D,S/D,S/D,S/D,S/D,Colisión,S/D,S/D,S/D,S/D,"-32.968333333333,-60.701166666667",['Alfredo Rouillón 3400'],1,,-32.968333333333,-60.701166666667,55.0,538.0,Municipio Rosario,Municipio,Rosario,820210,Servicio de Catastro e Información Territorial,IGN
2017,10993,2017-12-17,Domingo,0.0,18:00:00,,0.0,2,"Peatón,Otros",Cullen Y Mendoza,2,0,1,0,0,0,1,"-32.940083333333,-60.709083333333",Calle,,ROSARIO,Rosario,S/D,S/D,II,S/D,Urbana,S/D,S/D,S/D,S/D,S/D,S/D,S/D,S/D,Peatón,Atropello,S/D,S/D,S/D,S/D,"-32.940083333333,-60.709083333333","['Cullen', 'Mendoza']",2,,-32.940083333333,-60.709083333333,55.0,538.0,Municipio Rosario,Municipio,Rosario,820210,Servicio de Catastro e Información Territorial,IGN
2017,10995,2017-12-29,Viernes,0.0,21:40:00,,0.0,2,"Moto/Ciclomotor,Otros",Av. Ovidio Lagos 7500,2,0,1,0,0,0,1,"-33.025027777778,-60.68075",Calle,,ROSARIO,Rosario,S/D,S/D,II,S/D,Urbana,S/D,S/D,S/D,S/D,S/D,S/D,S/D,S/D,S/D,Colisión,S/D,S/D,S/D,S/D,"-33.025027777778,-60.68075",['Ovidio Lagos 7500'],1,,-33.025027777778,-60.68075,55.0,538.0,Municipio Rosario,Municipio,Rosario,820210,Servicio de Catastro e Información Territorial,IGN
2017,10997,2017-07-05,Miercoles,0.0,12:30:00,,0.0,2,"Moto/Ciclomotor,Otros",Santa Fe Y Camilo Aldao,2,0,0,1,0,0,1,"-32.93525,-60.696194444444",Calle,,ROSARIO,Rosario,S/D,S/D,II,S/D,Urbana,S/D,S/D,S/D,S/D,S/D,S/D,S/D,S/D,S/D,Colisión,S/D,S/D,S/D,S/D,"-32.93525,-60.696194444444","['Santa Fe', 'Camilo Aldao']",2,,-32.93525,-60.696194444444,55.0,538.0,Municipio Rosario,Municipio,Rosario,820210,Servicio de Catastro e Información Territorial,IGN
2017,11001,2017-03-31,Viernes,0.0,23:30:00,,0.0,2,"Moto/Ciclomotor,Otros",Ituzaingo Y Gutenberg,2,0,0,1,0,0,1,"-32.951888888889,-60.690916666667",Calle,,ROSARIO,Rosario,S/D,S/D,II,S/D,Urbana,S/D,S/D,S/D,S/D,S/D,S/D,S/D,S/D,S/D,Colisión,S/D,S/D,S/D,S/D,"-32.951888888889,-60.690916666667","['Ituzaingó', 'Gutenberg']",2,,-32.951888888889,-60.690916666667,55.0,538.0,Municipio Rosario,Municipio,Rosario,820210,Servicio de Catastro e Información Territorial,IGN
2017,11003,2017-05-06,Sabado,0.0,6:00:00,,0.0,2,"Moto/Ciclomotor,Otros",GODOY Y PEDRO LINO,2,0,0,1,0,0,1,"-32.96238, -60.70031",Calle,,ROSARIO,Rosario,S/D,S/D,II,S/D,Urbana,S/D,S/D,S/D,S/D,S/D,S/D,S/D,S/D,S/D,Colisión,S/D,S/D,S/D,S/D,"-32.96238, -60.70031","['Avenida Presidente Perón', 'Pedro Lino Funes']",2,,-32.96238,-60.70031,55.0,538.0,Municipio Rosario,Municipio,Rosario,820210,Servicio de Catastro e Información Territorial,IGN
2017,11006,2017-01-21,Sabado,0.0,19:30:00,,0.0,2,"Moto/Ciclomotor,Otros",J.B.Justo Y Galvez,2,0,0,1,0,0,1,"-32.915305555556,-60.728111111111",Calle,,ROSARIO,Rosario,S/D,S/D,II,S/D,Urbana,S/D,S/D,S/D,S/D,S/D,S/D,S/D,S/D,S/D,Colisión,S/D,S/D,S/D,S/D,"-32.915305555556,-60.728111111111","['Justo', 'Galvez']",2,,-32.915305555556,-60.728111111111,55.0,538.0,Municipio Rosario,Municipio,Rosario,820210,Servicio de Catastro e Información Territorial,IGN
2017,11010,2017-02-26,Domingo,0.0,2:20:00,,0.0,2,"Moto/Ciclomotor,Otros",Dorrego Y Cordoba,2,0,0,1,0,0,1,"-32.944444444444,-60.649222222222",Calle,,ROSARIO,Rosario,S/D,S/D,II,S/D,Urbana,S/D,S/D,S/D,S/D,S/D,S/D,S/D,S/D,S/D,Colisión,S/D,S/D,S/D,S/D,"-32.944444444444,-60.649222222222","['Dorrego', 'Córdoba']",2,,-32.944444444444,-60.649222222222,55.0,538.0,Municipio Rosario,Municipio,Rosario,820210,Servicio de Catastro e Información Territorial,IGN
2017,11014,2017-04-12,Miercoles,0.0,21:30:00,,0.0,2,"Moto/Ciclomotor,Otros",Alsina Y Galvez,2,0,1,0,0,0,1,"-32.961916666667,-60.682055555556",Calle,,ROSARIO,Rosario,S/D,S/D,II,S/D,Urbana,S/D,S/D,S/D,S/D,S/D,S/D,S/D,S/D,S/D,Colisión,S/D,S/D,S/D,S/D,"-32.961916666667,-60.682055555556","['Alsina', 'Galvez']",2,,-32.961916666667,-60.682055555556,55.0,538.0,Municipio Rosario,Municipio,Rosario,820210,Servicio de Catastro e Información Territorial,IGN
2017,11016,2017-04-16,Domingo,0.0,13:00:00,,0.0,2,"Moto/Ciclomotor,Otros",Cnel.Winter Y Bv. Avellaneda,2,0,1,0,0,0,1,"-32.985055555556,-60.688527777778",Calle,,ROSARIO,Rosario,S/D,S/D,II,S/D,Urbana,S/D,S/D,S/D,S/D,S/D,S/D,S/D,S/D,S/D,Colisión,S/D,S/D,S/D,S/D,"-32.985055555556,-60.688527777778","['Coronel Winter', 'Avellaneda']",2,,-32.985055555556,-60.688527777778,55.0,538.0,Municipio Rosario,Municipio,Rosario,820210,Servicio de Catastro e Información Territorial,IGN
2017,11017,2017-04-20,Jueves,0.0,8:00:00,,0.0,2,"Peatón,Otros",Bv. Segui Y Ricchieri,2,0,1,0,0,0,1,"-32.974638888889,-60.671027777778",Calle,,ROSARIO,Rosario,S/D,S/D,II,S/D,Urbana,S/D,S/D,S/D,S/D,S/D,S/D,S/D,S/D,Peatón,Atropello,S/D,S/D,S/D,S/D,"-32.974638888889,-60.671027777778","['Bulevar Juan Francisco Seguí', 'Ricchieri']",2,,-32.974638888889,-60.671027777778,55.0,538.0,Municipio Rosario,Municipio,Rosario,820210,Servicio de Catastro e Información Territorial,IGN
2017,11019,2017-04-27,Jueves,0.0,20:30:00,,0.0,2,"Moto/Ciclomotor,Otros",Cazadores Y Pueyrredon,2,0,1,0,0,0,1,"-33.004611111111,-60.669055555556",Calle,,ROSARIO,Rosario,S/D,S/D,II,S/D,Urbana,S/D,S/D,S/D,S/D,S/D,S/D,S/D,S/D,S/D,Colisión,S/D,S/D,S/D,S/D,"-33.004611111111,-60.669055555556","['Cazadores', 'Pueyrredón']",2,,-33.004611111111,-60.669055555556,55.0,538.0,Municipio Rosario,Municipio,Rosario,820210,Servicio de Catastro e Información Territorial,IGN
2017,11021,2017-05-01,Lunes,0.0,18:20:00,,0.0,2,"Moto/Ciclomotor,Automóvil",Mariano Cabal Bis Y Av. Genova,3,1,1,0,1,0,0,"-32.915694444444,-60.702777777778",Avenida,,ROSARIO,Rosario,S/D,S/D,II,S/D,Urbana,S/D,S/D,S/D,S/D,S/D,S/D,S/D,S/D,S/D,Colisión,S/D,S/D,S/D,S/D,"-32.915694444444,-60.702777777778","['Mariano Cabal', 'Genova']",2,,-32.915694444444,-60.702777777778,55.0,538.0,Municipio Rosario,Municipio,Rosario,820210,Servicio de Catastro e Información Territorial,IGN
2017,11022,2017-05-15,Lunes,0.0,12:30:00,,0.0,2,"Otros,Automóvil",Iguazu Y Gorriti,3,1,1,0,1,0,0,"-32.923583333333,-60.686555555556",Calle,,ROSARIO,Rosario,Asfalto,S/D,II,Dentro,Urbana,S/D,S/D,Intersección,S/D,S/D,Diurna,S/D,S/D,S/D,Colisión,S/D,S/D,S/D,S/D,"-32.923583333333,-60.686555555556","['Iguazu', 'Gorriti']",2,,-32.923583333333,-60.686555555556,55.0,538.0,Municipio Rosario,Municipio,Rosario,820210,Servicio de Catastro e Información Territorial,IGN
2017,11025,2017-05-30,Martes,0.0,16:00:00,,0.0,2,"Moto/Ciclomotor,Otros",Bv. Segui Y Garzon,2,0,1,0,0,0,1,"-32.970805555556,-60.7045",Avenida,,ROSARIO,Rosario,S/D,S/D,II,S/D,Urbana,S/D,S/D,S/D,S/D,S/D,S/D,S/D,S/D,S/D,Colisión,S/D,S/D,S/D,S/D,"-32.970805555556,-60.7045","['Bulevar Juan Francisco Seguí', 'Garzón']",2,,-32.970805555556,-60.7045,55.0,538.0,Municipio Rosario,Municipio,Rosario,820210,Servicio de Catastro e Información Territorial,IGN
2017,11026,2017-06-05,Lunes,0.0,7:50:00,,0.0,2,"Moto/Ciclomotor,Otros",Av. Uriburu Y 1 de Mayo,2,0,1,0,0,0,1,"-32.990472222222,-60.640416666667",Avenida,,ROSARIO,Rosario,S/D,S/D,II,Dentro,Urbana,S/D,S/D,S/D,S/D,S/D,S/D,S/D,S/D,S/D,Colisión,S/D,S/D,S/D,S/D,"-32.990472222222,-60.640416666667","['Uriburu', 'Primero de Mayo']",2,,-32.990472222222,-60.640416666667,55.0,538.0,Municipio Rosario,Municipio,Rosario,820210,Servicio de Catastro e Información Territorial,IGN
2017,11027,2017-06-10,Sabado,0.0,23:00:00,,0.0,2,"Moto/Ciclomotor,Otros",Ituzaingo Y Larrea,2,0,1,0,0,0,1,"-32.95175,-60.696833333333",Calle,,ROSARIO,Rosario,S/D,S/D,II,S/D,Urbana,S/D,S/D,S/D,S/D,S/D,S/D,S/D,S/D,S/D,Colisión,S/D,S/D,S/D,S/D,"-32.95175,-60.696833333333","['Ituzaingó', 'Larrea']",2,,-32.95175,-60.696833333333,55.0,538.0,Municipio Rosario,Municipio,Rosario,820210,Servicio de Catastro e Información Territorial,IGN
2017,11029,2017-06-13,Martes,0.0,18:30:00,,0.0,2,"Moto/Ciclomotor,Otros",Bv. Avellaneda Y Virasoro,2,0,1,0,0,0,1,"-32.962583333333,-60.684944444444",Calle,,ROSARIO,Rosario,S/D,S/D,II,S/D,Urbana,S/D,S/D,S/D,S/D,S/D,S/D,S/D,S/D,S/D,Colisión,S/D,S/D,S/D,S/D,"-32.962583333333,-60.684944444444","['Avellaneda', 'Virasoro']",2,,-32.962583333333,-60.684944444444,55.0,538.0,Municipio Rosario,Municipio,Rosario,820210,Servicio de Catastro e Información Territorial,IGN
2017,11031,2017-06-16,Viernes,0.0,23:20:00,,0.0,2,"Moto/Ciclomotor,Otros",Bv. Avellaneda Y Virasoro,2,0,1,0,0,0,1,"-32.962583333333,-60.684944444444",Calle,,ROSARIO,Rosario,S/D,S/D,II,S/D,Urbana,S/D,S/D,S/D,S/D,S/D,S/D,S/D,S/D,S/D,Colisión,S/D,S/D,S/D,S/D,"-32.962583333333,-60.684944444444","['Avellaneda', 'Virasoro']",2,,-32.962583333333,-60.684944444444,55.0,538.0,Municipio Rosario,Municipio,Rosario,820210,Servicio de Catastro e Información Territorial,IGN
2017,11032,2017-06-23,Viernes,0.0,19:45:00,,0.0,1,Otros,Bv. Avellaneda Y Viamonte,1,0,1,0,0,0,0,"-32.957944444444,-60.684027777778",Calle,,ROSARIO,Rosario,S/D,S/D,II,S/D,Urbana,S/D,S/D,S/D,S/D,S/D,S/D,S/D,S/D,S/D,S/D,S/D,S/D,S/D,S/D,"-32.957944444444,-60.684027777778","['Avellaneda', 'Viamonte']",2,,-32.957944444444,-60.684027777778,55.0,538.0,Municipio Rosario,Municipio,Rosario,820210,Servicio de Catastro e Información Territorial,IGN
2017,11037,2017-06-30,Viernes,0.0,11:00:00,,0.0,1,Moto/Ciclomotor,Camilo Aldao Y Dean Funes,1,0,1,0,0,0,0,"-32.967,-60.694944444444",Calle,,ROSARIO,Rosario,S/D,S/D,II,S/D,Urbana,S/D,S/D,S/D,S/D,S/D,S/D,S/D,S/D,S/D,S/D,S/D,S/D,S/D,S/D,"-32.967,-60.694944444444","['Camilo Aldao', 'Deán Gregorio Funes']",2,,-32.967,-60.694944444444,55.0,538.0,Municipio Rosario,Municipio,Rosario,820210,Servicio de Catastro e Información Territorial,IGN
2017,11039,2017-07-09,Domingo,0.0,17:30:00,,0.0,2,"Moto/Ciclomotor,Otros",Santiago Y Comodoro Rivadavia,2,0,1,0,0,0,1,"-32.990777777778,-60.668",Calle,,ROSARIO,Rosario,S/D,S/D,II,S/D,Urbana,S/D,S/D,S/D,S/D,S/D,S/D,S/D,S/D,S/D,Colisión,S/D,S/D,S/D,S/D,"-32.990777777778,-60.668","['Santiago', 'Comodoro Rivadavia']",2,,-32.990777777778,-60.668,55.0,538.0,Municipio Rosario,Municipio,Rosario,820210,Servicio de Catastro e Información Territorial,IGN
2017,11044,2017-07-29,Sabado,0.0,6:30:00,,0.0,2,"Moto/Ciclomotor,Otros",Av. Ovidio Lagos 7900,2,0,1,0,0,0,1,"-33.02907,-60.68206",Avenida,,ROSARIO,Rosario,S/D,S/D,II,S/D,Urbana,S/D,S/D,S/D,S/D,S/D,S/D,S/D,S/D,S/D,Colisión,S/D,S/D,S/D,S/D,"-33.02907,-60.68206",['Ovidio Lagos 7900'],1,,-33.02907,-60.68206,55.0,538.0,Municipio Rosario,Municipio,Rosario,820210,Servicio de Catastro e Información Territorial,IGN
2017,11046,2017-08-22,Martes,0.0,0:00:00,,0.0,2,"Moto/Ciclomotor,Otros",Mariano Moreno Y Av. Wheelwright,2,0,1,0,0,0,1,"-32.932861111111,-60.647722222222",Calle,,ROSARIO,Rosario,S/D,S/D,II,S/D,Urbana,S/D,S/D,S/D,S/D,S/D,S/D,S/D,S/D,S/D,Colisión,S/D,S/D,S/D,S/D,"-32.932861111111,-60.647722222222","['Mariano Moreno', 'Avenida Guillermo Wheelwright']",2,,-32.932861111111,-60.647722222222,55.0,538.0,Municipio Rosario,Municipio,Rosario,820210,Servicio de Catastro e Información Territorial,IGN
2017,11047,2017-08-26,Sabado,0.0,21:00:00,,0.0,2,"Moto/Ciclomotor,Otros",España 4400,2,0,1,0,0,0,1,"-32.98675,-60.657055555556",Calle,,ROSARIO,Rosario,S/D,S/D,II,S/D,Urbana,S/D,S/D,S/D,S/D,S/D,S/D,S/D,S/D,S/D,Colisión,S/D,S/D,S/D,S/D,"-32.98675,-60.657055555556",['España 4400'],1,,-32.98675,-60.657055555556,55.0,538.0,Municipio Rosario,Municipio,Rosario,820210,Servicio de Catastro e Información Territorial,IGN
2017,11048,2017-09-04,Lunes,0.0,20:00:00,,0.0,2,"Peatón,Otros",Biedma Y Callao,2,0,1,0,0,0,1,"-32.977444444444,-60.668916666667",Calle,,ROSARIO,Rosario,S/D,S/D,II,S/D,Urbana,S/D,S/D,S/D,S/D,S/D,S/D,S/D,S/D,S/D,Atropello,S/D,S/D,S/D,S/D,"-32.977444444444,-60.668916666667","['Coronel Biedma', 'Callao']",2,,-32.977444444444,-60.668916666667,55.0,538.0,Municipio Rosario,Municipio,Rosario,820210,Servicio de Catastro e Información Territorial,IGN
2017,11049,2017-09-09,Sabado,0.0,2:30:00,,0.0,2,"Moto/Ciclomotor,Otros",Camilo Aldao Y Ituzaingo,2,0,1,0,0,0,1,"-32.951722222222,-60.695527777778",Calle,,ROSARIO,Rosario,S/D,S/D,II,S/D,Urbana,S/D,S/D,S/D,S/D,S/D,S/D,S/D,S/D,S/D,Colisión,S/D,S/D,S/D,S/D,"-32.951722222222,-60.695527777778","['Camilo Aldao', 'Ituzaingó']",2,,-32.951722222222,-60.695527777778,55.0,538.0,Municipio Rosario,Municipio,Rosario,820210,Servicio de Catastro e Información Territorial,IGN
2017,11050,2017-09-17,Domingo,0.0,22:00:00,,0.0,2,"Moto/Ciclomotor,Otros",Av. Circunvalacion Y Av. Pte.Peron,2,0,1,0,0,0,1,"-32.970861111111,-60.717305555556",Avenida,,ROSARIO,Rosario,S/D,S/D,II,S/D,Urbana,S/D,S/D,S/D,S/D,S/D,S/D,S/D,S/D,S/D,Colisión,S/D,S/D,S/D,S/D,"-32.970861111111,-60.717305555556","['Circunvalacion', 'Avenida Presidente Perón']",2,,-32.970861111111,-60.717305555556,55.0,538.0,Municipio Rosario,Municipio,Rosario,820210,Servicio de Catastro e Información Territorial,IGN
2017,11055,2017-10-08,Domingo,0.0,2:00:00,,0.0,2,"Moto/Ciclomotor,Otros",Av. Battle y Ordoñez Y Balcarce,2,0,0,1,0,0,1,"-33.009305555556,-60.663083333333",Calle,,ROSARIO,Rosario,S/D,S/D,II,S/D,Urbana,S/D,S/D,S/D,S/D,S/D,S/D,S/D,S/D,S/D,Colisión,S/D,S/D,S/D,S/D,"-33.009305555556,-60.663083333333","['Avenida Battle y Ordoñez', 'Balcarce']",2,,-33.009305555556,-60.663083333333,55.0,538.0,Municipio Rosario,Municipio,Rosario,820210,Servicio de Catastro e Información Territorial,IGN
2017,11059,2017-11-16,Jueves,0.0,15:20:00,,0.0,2,"Moto/Ciclomotor,Otros",Camilo Aldao Y Gaboto,2,0,1,0,0,0,1,"-32.964666666667,-60.695055555556",Calle,,ROSARIO,Rosario,S/D,S/D,II,S/D,Urbana,S/D,S/D,S/D,S/D,S/D,S/D,S/D,S/D,S/D,Colisión,S/D,S/D,S/D,S/D,"-32.964666666667,-60.695055555556","['Camilo Aldao', 'Gaboto']",2,,-32.964666666667,-60.695055555556,55.0,538.0,Municipio Rosario,Municipio,Rosario,820210,Servicio de Catastro e Información Territorial,IGN
2017,11062,2017-11-28,Martes,0.0,18:30:00,,0.0,2,"Moto/Ciclomotor,Otros",Suipacha Y Comodoro Rivadavia,2,0,1,0,0,0,1,"-32.989305555556,-60.676166666667",Calle,,ROSARIO,Rosario,S/D,S/D,II,S/D,Urbana,S/D,S/D,S/D,S/D,S/D,S/D,S/D,S/D,S/D,Colisión,S/D,S/D,S/D,S/D,"-32.989305555556,-60.676166666667","['Suipacha', 'Comodoro Rivadavia']",2,,-32.989305555556,-60.676166666667,55.0,538.0,Municipio Rosario,Municipio,Rosario,820210,Servicio de Catastro e Información Territorial,IGN
2017,11065,2017-12-10,Domingo,0.0,22:00:00,,0.0,2,"Moto/Ciclomotor,Otros",Bv. 27 De Febrero Y Balcarce,2,0,1,0,0,0,1,"-32.965055555556,-60.65725",Avenida,,ROSARIO,Rosario,S/D,S/D,II,S/D,Urbana,S/D,S/D,S/D,S/D,S/D,S/D,S/D,S/D,S/D,Colisión,S/D,S/D,S/D,S/D,"-32.965055555556,-60.65725","['27 de Febrero', 'Balcarce']",2,,-32.965055555556,-60.65725,55.0,538.0,Municipio Rosario,Municipio,Rosario,820210,Servicio de Catastro e Información Territorial,IGN
2017,11067,2017-12-13,Miercoles,0.0,19:00:00,,0.0,2,"Moto/Ciclomotor,Otros",Bv. Segui Y Roullon,2,0,1,0,0,0,1,"-32.970833333333,-60.701055555556",Avenida,,ROSARIO,Rosario,S/D,S/D,II,S/D,Urbana,S/D,S/D,S/D,S/D,S/D,S/D,S/D,S/D,S/D,Colisión,S/D,S/D,S/D,S/D,"-32.970833333333,-60.701055555556","['Bulevar Juan Francisco Seguí', 'Alfredo Rouillón']",2,,-32.970833333333,-60.701055555556,55.0,538.0,Municipio Rosario,Municipio,Rosario,820210,Servicio de Catastro e Información Territorial,IGN
2017,11069,2017-12-22,Viernes,0.0,22:00:00,,0.0,2,"Moto/Ciclomotor,Otros",3 De Febrero Y Balcarce,2,0,1,0,0,0,1,"-32.950305555556,-60.653555555556",Calle,,ROSARIO,Rosario,S/D,S/D,II,S/D,Urbana,S/D,S/D,S/D,S/D,S/D,S/D,S/D,S/D,S/D,Colisión,S/D,S/D,S/D,S/D,"-32.950305555556,-60.653555555556","['3 de Febrero', 'Balcarce']",2,,-32.950305555556,-60.653555555556,55.0,538.0,Municipio Rosario,Municipio,Rosario,820210,Servicio de Catastro e Información Territorial,IGN
2017,11070,2017-06-28,Miercoles,0.0,16:00:00,,0.0,1,Otros,Italia Y Juan Canals,2,0,1,0,0,0,1,"-32.987666666667,-60.658694444444",Calle,,ROSARIO,Rosario,S/D,S/D,II,S/D,Urbana,S/D,S/D,S/D,S/D,S/D,S/D,S/D,S/D,S/D,S/D,S/D,S/D,S/D,S/D,"-32.987666666667,-60.658694444444","['Italia', 'Juan Canals']",2,,-32.987666666667,-60.658694444444,55.0,538.0,Municipio Rosario,Municipio,Rosario,820210,Servicio de Catastro e Información Territorial,IGN
2017,11071,2017-09-25,Lunes,0.0,11:15:00,,0.0,2,"Moto/Ciclomotor,Otros",Cafferata Y Galvez,2,0,1,0,0,0,1,"-32.962861111111,-60.676611111111",Calle,,ROSARIO,Rosario,S/D,S/D,II,S/D,Urbana,S/D,S/D,S/D,S/D,S/D,S/D,S/D,S/D,S/D,Colisión,S/D,S/D,S/D,S/D,"-32.962861111111,-60.676611111111","['Cafferata', 'Galvez']",2,,-32.962861111111,-60.676611111111,55.0,538.0,Municipio Rosario,Municipio,Rosario,820210,Servicio de Catastro e Información Territorial,IGN
2017,11072,2017-09-23,Sabado,0.0,13:30:00,,0.0,2,"Moto/Ciclomotor,Otros",Constitucion Y Ituzaingo,2,0,1,0,0,0,1,"-32.954361111111,-60.677305555556",Calle,,ROSARIO,Rosario,S/D,S/D,II,S/D,Urbana,S/D,S/D,S/D,S/D,S/D,S/D,S/D,S/D,S/D,Colisión,S/D,S/D,S/D,S/D,"-32.954361111111,-60.677305555556","['Constitución', 'Ituzaingó']",2,,-32.954361111111,-60.677305555556,55.0,538.0,Municipio Rosario,Municipio,Rosario,820210,Servicio de Catastro e Información Territorial,IGN
2017,11074,2017-08-07,Lunes,0.0,20:50:00,,0.0,2,"Moto/Ciclomotor,Otros",Mendoza Y Laprida,2,0,1,0,0,0,1,"-32.952222222222,-60.635333333333",Calle,,ROSARIO,Rosario,S/D,S/D,II,S/D,Urbana,S/D,S/D,S/D,S/D,S/D,S/D,S/D,S/D,S/D,Colisión,S/D,S/D,S/D,S/D,"-32.952222222222,-60.635333333333","['Mendoza', 'Laprida']",2,,-32.952222222222,-60.635333333333,55.0,538.0,Municipio Rosario,Municipio,Rosario,820210,Servicio de Catastro e Información Territorial,IGN
2017,11076,2017-06-10,Sabado,0.0,1:40:00,,0.0,2,"Moto/Ciclomotor,Otros",Riobamba Y Campbell,2,0,0,1,0,0,1,"-32.954388888889,-60.707416666667",Calle,,ROSARIO,Rosario,S/D,S/D,II,S/D,Urbana,S/D,S/D,S/D,S/D,S/D,S/D,S/D,S/D,S/D,Colisión,S/D,S/D,S/D,S/D,"-32.954388888889,-60.707416666667","['Riobamba', 'Campbell']",2,,-32.954388888889,-60.707416666667,55.0,538.0,Municipio Rosario,Municipio,Rosario,820210,Servicio de Catastro e Información Territorial,IGN
2017,11077,2017-05-25,Jueves,0.0,7:00:00,,0.0,2,"Moto/Ciclomotor,Otros",Av. Ntra.Sra.del Rosario Y Bv. Oroño,2,0,1,0,0,0,1,"-33.000555555556,-60.664916666667",Avenida,,ROSARIO,Rosario,S/D,S/D,II,S/D,Urbana,S/D,S/D,S/D,S/D,S/D,S/D,S/D,S/D,S/D,Colisión,S/D,S/D,S/D,S/D,"-33.000555555556,-60.664916666667","['Nuestra Señora del Rosario', 'Bulevar Nicasio Oroño']",2,,-33.000555555556,-60.664916666667,55.0,538.0,Municipio Rosario,Municipio,Rosario,820210,Servicio de Catastro e Información Territorial,IGN
2017,11079,2017-04-28,Viernes,0.0,22:30:00,,0.0,2,"Moto/Ciclomotor,Otros",Bv. Avellaneda Y Av. Circunvalacion,2,0,1,0,0,0,1,"-33.000055555556,-60.689388888889",Avenida,,ROSARIO,Rosario,S/D,S/D,II,S/D,Urbana,S/D,S/D,S/D,S/D,S/D,S/D,S/D,S/D,S/D,Colisión,S/D,S/D,S/D,S/D,"-33.000055555556,-60.689388888889","['Avellaneda', 'Circunvalacion']",2,,-33.000055555556,-60.689388888889,55.0,538.0,Municipio Rosario,Municipio,Rosario,820210,Servicio de Catastro e Información Territorial,IGN
2017,11081,2017-03-10,Viernes,0.0,9:30:00,,0.0,2,"Peatón,Otros",Constitucion Y Cordoba,2,0,1,0,0,0,1,"-32.940055555556,-60.673694444444",Calle,,ROSARIO,Rosario,S/D,S/D,II,S/D,Urbana,S/D,S/D,S/D,S/D,S/D,S/D,S/D,S/D,Peatón,Atropello,S/D,S/D,S/D,S/D,"-32.940055555556,-60.673694444444","['Constitución', 'Córdoba']",2,,-32.940055555556,-60.673694444444,55.0,538.0,Municipio Rosario,Municipio,Rosario,820210,Servicio de Catastro e Información Territorial,IGN
2017,11092,2017-12-16,Sabado,0.0,1:00:00,,0.0,1,Otros,Bv. Segui Y Grandoli,1,0,0,0,0,1,0,"-32.98242, -60.62797",Avenida,,ROSARIO,Rosario,Asfalto,S/D,II,S/D,Urbana,S/D,S/D,Intersección,S/D,S/D,Nocturna,S/D,S/D,S/D,S/D,S/D,S/D,S/D,S/D,"-32.98242, -60.62797","['Bulevar Juan Francisco Seguí', 'Avenida Abanderado Grandoli']",2,,-32.98242,-60.62797,55.0,538.0,Municipio Rosario,Municipio,Rosario,820210,Servicio de Catastro e Información Territorial,IGN