anio_acci,nro_acci,fecha,desc_dia,fecha_aprox,hora_aprox,desc_ruta,km,cant_participantes,desc_participante,calle_avenida_km,total,heridos_leves,heridos_graves,heridos_gravisimos,ilesos,fallecidos,sin_datos,posicion_XY,desc_tipo_via,desc_ruta_ori,desc_loc,desc_dpto,desc_tipo_calzada,desc_tipo_banquina,desc_unidad_regional,desc_lugar_calzada,desc_zona,desc_prioridad,desc_estado_semaforo,desc_lugar_via,desc_estado_via,desc_estado_visibilidad,desc_luminosidad,desc_estado_clima,desc_tipo_colision,desc_tipo_atropello,desc_tipo_hecho,desc_pres_calzada,desc_senializacion,desc_separacion_via,desc_restriccion,forma_geocod,calle_lista,numero_calles,calles_osm,lat,lon,index_right,gid,fna,gna,nam,in1,fdc,sag
2018,363,2018-01-24,Miercoles,0.0,01:30:00,,0.0,1,Moto/Ciclomotor,Bv. Avellaneda Y Av. Battle y Ordo?ez,2,0,1,0,1,0,0,"-33.01009, -60.68944",Avenida,,ROSARIO,Rosario,Asfalto,Pavimento,II,S/D,Urbana,Ninguna,No existe,Recta,Bueno,Buena,Nocturna,Buen Tiempo,Contra objeto fijo,S/D,"Caída ocupante,Colisión",Ninguna,Faltante,Ninguna,Sin restricción,"-33.01009, -60.68944","['Avellaneda', 'Avenida Battle y Ordoñez']",2,,-33.01009,-60.68944,55.0,538.0,Municipio Rosario,Municipio,Rosario,820210,Servicio de Catastro e Información Territorial,IGN
2018,366,2018-01-07,Domingo,0.0,21:00:00,,0.0,2,"Bicicleta,Moto/Ciclomotor",Anchorena Y Mariano Moreno,2,1,0,0,1,0,0,"-32.998166666667,-60.662166666667",Calle,,ROSARIO,Rosario,Asfalto,No existe,II,Dentro,Urbana,Ninguna,No existe,Cruce,Bueno,Buena,Nocturna,Buen Tiempo,Frontal,Ciclista,Atropello,Ninguna,S/D,Ninguna,Sin restricción,"-32.998166666667,-60.662166666667","['Anchorena', 'Mariano Moreno']",2,,-32.998166666667,-60.662166666667,55.0,538.0,Municipio Rosario,Municipio,Rosario,820210,Servicio de Catastro e Información Territorial,IGN
2018,368,2018-01-11,Jueves,0.0,20:50:00,,0.0,2,"Automóvil,Automóvil",Bv. Oro?o Y Av. Uriburu,4,2,0,0,2,0,0,"-32.991305555556,-60.665138888889",Avenida,,ROSARIO,Rosario,Asfalto,S/D,II,Dentro,Urbana,Semáforo,S/D,Intersección,Bueno,S/D,S/D,Buen Tiempo,Otro,S/D,Colisión,Ninguna,Horizontal,Línea divisoria pintada,Sin restricción,"-32.991305555556,-60.665138888889","['Bulevar Nicasio Oroño', 'Uriburu']",2,,-32.991305555556,-60.665138888889,55.0,538.0,Municipio Rosario,Municipio,Rosario,820210,Servicio de Catastro e Información Territorial,IGN
2018,371,2018-01-11,Jueves,0.0,,,0.0,2,"Automóvil,Moto/Ciclomotor",Av. Ovidio Lagos Y Camino F.Ruiz,2,1,0,0,1,0,0,"-33.013805555556,-60.678305555556",Calle,,ROSARIO,Rosario,Asfalto,Pavimento,II,Dentro,Urbana,S/D,S/D,Cruce,Bueno,Buena,Diurna,Buen Tiempo,Otro,S/D,Colisión,Ninguna,S/D,Ninguna,S/D,"-33.013805555556,-60.678305555556","['Avenida Ovidio Lagos', 'Doctor Fernando Ruiz']",2,,-33.013805555556,-60.678305555556,55.0,538.0,Municipio Rosario,Municipio,Rosario,820210,Servicio de Catastro e Información Territorial,IGN
2018,375,2018-01-09,Martes,0.0,23:10:00,,0.0,2,"Moto/Ciclomotor,Moto/Ciclomotor",Dr. Medina 6500,3,2,0,0,0,0,1,"-33.014681, -60.690004",Calle,,ROSARIO,Rosario,Asfalto,No existe,II,Dentro,Urbana,Ninguna,No existe,Recta,Bueno,Buena,Nocturna,Buen Tiempo,Otro,S/D,Colisión,Ninguna,S/D,Ninguna,Sin restricción,"-33.014681, -60.690004",['Dr Medina 6500'],1,,-33.014681,-60.690004,55.0,538.0,Municipio Rosario,Municipio,Rosario,820210,Servicio de Catastro e Información Territorial,IGN
2018,379,2018-01-11,Jueves,0.0,20:40:00,,0.0,2,"Moto/Ciclomotor,Moto/Ciclomotor",Bv. Avellaneda Y Av. Arijon,2,2,0,0,0,0,0,"-33.004188, -60.688993",Calle,,ROSARIO,Rosario,Asfalto,No existe,II,S/D,Urbana,Ninguna,No existe,Intersección,Bueno,Buena,Nocturna,Buen Tiempo,Otro,S/D,Colisión,S/D,S/D,Ninguna,Sin restricción,"-33.004188, -60.688993","['Avellaneda', 'Avenida Manuel Arijón']",2,,-33.004188,-60.688993,55.0,538.0,Municipio Rosario,Municipio,Rosario,820210,Servicio de Catastro e Información Territorial,IGN
2018,381,2018-01-12,Viernes,0.0,14:10:00,,0.0,2,"Automóvil,Bicicleta",Sanchez de Bustamante Y Cereseto,3,1,0,0,2,0,0,"-33.002778, -60.673866",Calle,,ROSARIO,Rosario,Asfalto,No existe,II,S/D,Urbana,Ninguna,No existe,Intersección,Bueno,Buena,Diurna,Buen Tiempo,S/D,Ciclista,Atropello,S/D,Faltante,Ninguna,Sin restricción,"-33.002778, -60.673866","['Sánchez de Bustamante', 'Cereseto']",2,,-33.002778,-60.673866,55.0,538.0,Municipio Rosario,Municipio,Rosario,820210,Servicio de Catastro e Información Territorial,IGN
2018,384,2018-01-22,Lunes,0.0,11:35:00,,0.0,2,"Bicicleta,Automóvil",Italia Y 3 De Febrero,2,1,0,0,1,0,0,"-32.951027777778,-60.649472222222",Calle,,ROSARIO,Rosario,Asfalto,S/D,II,S/D,Urbana,S/D,S/D,Recta,S/D,S/D,S/D,S/D,S/D,Ciclista,Atropello,S/D,S/D,S/D,S/D,"-32.951027777778,-60.649472222222","['Italia', '3 de Febrero']",2,,-32.951027777778,-60.649472222222,55.0,538.0,Municipio Rosario,Municipio,Rosario,820210,Servicio de Catastro e Información Territorial,IGN
2018,386,2018-01-22,Lunes,0.0,06:00:00,,0.0,2,"Pickup/Utilitario,Automóvil",Mendoza Y Santiago,5,3,1,0,0,0,1,"-32.948333333333,-60.657333333333",Calle,,ROSARIO,Rosario,Asfalto,S/D,II,S/D,Urbana,S/D,Funciona,Intersección,Bueno,Buena,Nocturna,S/D,S/D,S/D,Colisión,S/D,S/D,S/D,S/D,"-32.948333333333,-60.657333333333","['Mendoza', 'Santiago']",2,,-32.948333333333,-60.657333333333,55.0,538.0,Municipio Rosario,Municipio,Rosario,820210,Servicio de Catastro e Información Territorial,IGN
2018,388,2018-01-21,Domingo,0.0,16:00:00,,0.0,2,"Moto/Ciclomotor,Moto/Ciclomotor",Bv. Oro?o Y E.Zeballos,3,3,0,0,0,0,0,"-32.95229, -60.65538",Calle,,ROSARIO,Rosario,Asfalto,S/D,II,S/D,Urbana,S/D,S/D,Intersección,Bueno,Buena,Diurna,S/D,S/D,S/D,Colisión,S/D,S/D,S/D,S/D,"-32.95229, -60.65538","['Bulevar Nicasio Oroño', 'Zeballos']",2,,-32.95229,-60.65538,55.0,538.0,Municipio Rosario,Municipio,Rosario,820210,Servicio de Catastro e Información Territorial,IGN
2018,391,2018-01-21,Domingo,0.0,00:30:00,,0.0,2,"Automóvil,Moto/Ciclomotor",Montevideo Y J.M.de Rosas,4,1,1,0,2,0,0,"-32.957361111111,-60.633694444444",Calle,,ROSARIO,Rosario,Asfalto,S/D,II,S/D,Urbana,S/D,S/D,Intersección,Bueno,S/D,Nocturna,S/D,Otro,S/D,Colisión,S/D,S/D,S/D,S/D,"-32.957361111111,-60.633694444444","['Montevideo', 'De Rosas']",2,,-32.957361111111,-60.633694444444,55.0,538.0,Municipio Rosario,Municipio,Rosario,820210,Servicio de Catastro e Información Territorial,IGN
2018,398,2018-01-21,Domingo,0.0,14:45:00,,0.0,2,"Automóvil,Peatón",Av. Pellegrini Y Av. Belgrano,4,2,0,0,2,0,0,"-32.960944444444,-60.621194444444",Calle,,ROSARIO,Rosario,Asfalto,S/D,II,S/D,Urbana,S/D,S/D,Intersección,Bueno,Buena,Diurna,Buen Tiempo,Otro,S/D,Colisión,S/D,S/D,S/D,S/D,"-32.960944444444,-60.621194444444","['Pellegrini', 'Belgrano']",2,,-32.960944444444,-60.621194444444,55.0,538.0,Municipio Rosario,Municipio,Rosario,820210,Servicio de Catastro e Información Territorial,IGN
2018,419,2018-01-20,Sabado,0.0,14:45:00,,0.0,2,"Pickup/Utilitario,Pickup/Utilitario",Balcarce Y Rioja,6,1,0,0,5,0,0,"-32.945083333333,-60.652222222222",Calle,,ROSARIO,Rosario,Asfalto,S/D,II,S/D,Urbana,S/D,S/D,Intersección,Bueno,Buena,Diurna,S/D,S/D,S/D,Colisión,S/D,S/D,S/D,S/D,"-32.945083333333,-60.652222222222","['Balcarce', 'Rioja']",2,,-32.945083333333,-60.652222222222,55.0,538.0,Municipio Rosario,Municipio,Rosario,820210,Servicio de Catastro e Información Territorial,IGN
2018,421,2018-01-18,Jueves,0.0,15:45:00,,0.0,2,"Bicicleta,Moto/Ciclomotor",Rioja 1500,2,1,0,0,0,0,1,"-32.946583333333,-60.644027777778",Calle,,ROSARIO,Rosario,Asfalto,S/D,II,S/D,Urbana,S/D,S/D,Recta,Bueno,Buena,Diurna,S/D,S/D,Ciclista,Atropello,S/D,S/D,S/D,S/D,"-32.946583333333,-60.644027777778",['Rioja 1500'],1,,-32.946583333333,-60.644027777778,55.0,538.0,Municipio Rosario,Municipio,Rosario,820210,Servicio de Catastro e Información Territorial,IGN
2018,423,2018-01-18,Jueves,0.0,18:53:00,,0.0,2,"Automóvil,Automóvil",Dorrego Y Cordoba,3,1,0,0,2,0,0,"-32.944444444444,-60.649222222222",Calle,,ROSARIO,Rosario,S/D,S/D,II,S/D,Urbana,S/D,S/D,Intersección,S/D,S/D,Nocturna,S/D,Otro,S/D,Colisión,S/D,S/D,S/D,S/D,"-32.944444444444,-60.649222222222","['Dorrego', 'Córdoba']",2,,-32.944444444444,-60.649222222222,55.0,538.0,Municipio Rosario,Municipio,Rosario,820210,Servicio de Catastro e Información Territorial,IGN
2018,428,2018-01-17,Miercoles,0.0,11:40:00,,0.0,2,"Automóvil,Bicicleta",Entre Rios Y Rioja,2,1,0,0,1,0,0,"-32.947083333333,-60.64125",Calle,,ROSARIO,Rosario,Asfalto,S/D,II,S/D,Urbana,S/D,S/D,Intersección,Bueno,Buena,Diurna,Buen Tiempo,S/D,Ciclista,Atropello,S/D,S/D,S/D,S/D,"-32.947083333333,-60.64125","['Entre Ríos', 'Rioja']",2,,-32.947083333333,-60.64125,55.0,538.0,Municipio Rosario,Municipio,Rosario,820210,Servicio de Catastro e Información Territorial,IGN
2018,430,2018-01-17,Miercoles,0.0,13:24:00,,0.0,2,"Moto/Ciclomotor,Automóvil",San Luis 1847,2,1,0,0,1,0,0,"-32.947166666667,-60.649166666667",Calle,,ROSARIO,Rosario,Asfalto,S/D,II,S/D,Urbana,Ninguna,S/D,Recta,Bueno,Buena,Diurna,Buen Tiempo,S/D,S/D,Colisión,S/D,S/D,S/D,S/D,"-32.947166666667,-60.649166666667",['San Luis 1847'],1,,-32.947166666667,-60.649166666667,55.0,538.0,Municipio Rosario,Municipio,Rosario,820210,Servicio de Catastro e Información Territorial,IGN
2018,432,2018-01-15,Lunes,0.0,,,0.0,2,"Taxi/Remis,Automóvil",Entre Rios Y Mendoza,3,2,0,0,1,0,0,"-32.951,-60.642222222222",Calle,,ROSARIO,Rosario,Asfalto,S/D,II,S/D,Urbana,S/D,S/D,Intersección,Bueno,S/D,Diurna,S/D,S/D,S/D,Colisión,S/D,S/D,S/D,S/D,"-32.951,-60.642222222222","['Entre Ríos', 'Mendoza']",2,,-32.951,-60.642222222222,55.0,538.0,Municipio Rosario,Municipio,Rosario,820210,Servicio de Catastro e Información Territorial,IGN
2018,435,2018-01-15,Lunes,0.0,10:00:00,,0.0,2,"Moto/Ciclomotor,Automóvil",9 De Julio Y Av. Corrientes,2,1,0,0,1,0,0,"-32.953083333333,-60.644222222222",Calle,,ROSARIO,Rosario,Asfalto,S/D,II,S/D,Urbana,S/D,S/D,Intersección,Bueno,S/D,Diurna,Buen Tiempo,S/D,S/D,Colisión,S/D,S/D,S/D,S/D,"-32.953083333333,-60.644222222222","['9 de Julio', 'Corrientes']",2,,-32.953083333333,-60.644222222222,55.0,538.0,Municipio Rosario,Municipio,Rosario,820210,Servicio de Catastro e Información Territorial,IGN
2018,436,2018-01-12,Viernes,0.0,10:45:00,,0.0,2,"Taxi/Remis,Moto/Ciclomotor",Italia Y San Juan,2,1,0,0,1,0,0,"-32.948416666667,-60.648805555556",Calle,,ROSARIO,Rosario,Asfalto,S/D,II,S/D,Urbana,S/D,S/D,Recta,Bueno,Buena,Diurna,S/D,S/D,S/D,Colisión,S/D,S/D,S/D,S/D,"-32.948416666667,-60.648805555556","['Italia', 'San Juan']",2,,-32.948416666667,-60.648805555556,55.0,538.0,Municipio Rosario,Municipio,Rosario,820210,Servicio de Catastro e Información Territorial,IGN
2018,439,2018-01-12,Viernes,0.0,09:45:00,,0.0,2,"Peatón,Moto/Ciclomotor",Alvear Y 3 De Febrero,2,1,0,0,1,0,0,"-32.949805555556,-60.656277777778",Calle,,ROSARIO,Rosario,Asfalto,S/D,II,S/D,Urbana,S/D,S/D,Recta,Bueno,Buena,Diurna,S/D,S/D,Peatón,Atropello,S/D,S/D,S/D,S/D,"-32.949805555556,-60.656277777778","['Alvear', '3 de Febrero']",2,,-32.949805555556,-60.656277777778,55.0,538.0,Municipio Rosario,Municipio,Rosario,820210,Servicio de Catastro e Información Territorial,IGN
2018,440,2018-01-12,Viernes,0.0,11:30:00,,0.0,2,"Moto/Ciclomotor,Automóvil",1 de Mayo Y La Paz,2,2,0,0,0,0,0,"-32.965666666667,-60.634138888889",Calle,,ROSARIO,Rosario,Asfalto,S/D,II,S/D,Urbana,S/D,S/D,Recta,Bueno,Buena,Nocturna,S/D,S/D,S/D,Colisión,S/D,S/D,S/D,S/D,"-32.965666666667,-60.634138888889","['Primero de Mayo', 'La Paz']",2,,-32.965666666667,-60.634138888889,55.0,538.0,Municipio Rosario,Municipio,Rosario,820210,Servicio de Catastro e Información Territorial,IGN
2018,442,2018-01-10,Miercoles,0.0,13:00:00,,0.0,2,"Peatón,Moto/Ciclomotor",Dorrego Y Mendoza,2,1,0,0,1,0,0,"-32.949555555556,-60.650527777778",Calle,,ROSARIO,Rosario,Asfalto,S/D,II,S/D,Urbana,S/D,S/D,S/D,Bueno,Buena,Diurna,S/D,S/D,Peatón,Atropello,S/D,S/D,S/D,S/D,"-32.949555555556,-60.650527777778","['Dorrego', 'Mendoza']",2,,-32.949555555556,-60.650527777778,55.0,538.0,Municipio Rosario,Municipio,Rosario,820210,Servicio de Catastro e Información Territorial,IGN
2018,447,2018-01-10,Miercoles,0.0,10:45:00,,0.0,2,"Taxi/Remis,Automóvil",Rioja Y Bv. Oro?o,2,1,0,0,1,0,0,"-32.957638888889,-60.632166666667",Calle,,ROSARIO,Rosario,Asfalto,S/D,II,S/D,Urbana,S/D,Funciona,Recta,Bueno,Buena,Diurna,S/D,S/D,S/D,Colisión,S/D,S/D,S/D,S/D,"-32.957638888889,-60.632166666667","['Rioja', 'Bulevar Nicasio Oroño']",2,,-32.957638888889,-60.632166666667,55.0,538.0,Municipio Rosario,Municipio,Rosario,820210,Servicio de Catastro e Información Territorial,IGN
2018,450,2018-01-10,Miercoles,0.0,09:50:00,,0.0,1,Transporte de Pasajeros Urbano (> 8 asientos),Dorrego Y San Luis,2,1,0,0,1,0,0,"-32.947055555556,-60.649861111111",Calle,,ROSARIO,Rosario,Asfalto,S/D,II,S/D,Urbana,S/D,S/D,Recta,Bueno,Buena,Diurna,S/D,S/D,S/D,Otro,S/D,S/D,S/D,S/D,"-32.947055555556,-60.649861111111","['Dorrego', 'San Luis']",2,,-32.947055555556,-60.649861111111,55.0,538.0,Municipio Rosario,Municipio,Rosario,820210,Servicio de Catastro e Información Territorial,IGN
2018,453,2018-01-10,Miercoles,0.0,03:15:00,,0.0,2,"Moto/Ciclomotor,Bicicleta",Montevideo Y 1 de Mayo,2,1,0,0,1,0,0,"-32.957659,-60.632174",Calle,,ROSARIO,Rosario,Asfalto,S/D,II,S/D,Urbana,S/D,S/D,Intersección,S/D,Buena,Nocturna,Buen Tiempo,S/D,Ciclista,Atropello,S/D,S/D,S/D,S/D,"-32.957659,-60.632174","['Montevideo', 'Primero de Mayo']",2,,-32.957659,-60.632174,55.0,538.0,Municipio Rosario,Municipio,Rosario,820210,Servicio de Catastro e Información Territorial,IGN
2018,454,2018-01-08,Lunes,0.0,10:00:00,,0.0,2,"Peatón,Taxi/Remis",Sarmiento Y E.Zeballos,2,1,0,0,1,0,0,"-32.955,-60.640333333333",Calle,,ROSARIO,Rosario,Asfalto,S/D,II,S/D,Urbana,S/D,S/D,Recta,Bueno,Buena,Diurna,S/D,S/D,Peatón,Atropello,S/D,S/D,S/D,S/D,"-32.955,-60.640333333333","['Sarmiento', 'Zeballos']",2,,-32.955,-60.640333333333,55.0,538.0,Municipio Rosario,Municipio,Rosario,820210,Servicio de Catastro e Información Territorial,IGN
2018,456,2018-01-09,Martes,0.0,17:15:00,,0.0,2,"Moto/Ciclomotor,Taxi/Remis",Salta Y Entre Rios,3,1,0,0,2,0,0,"-32.938916666667,-60.639222222222",Calle,,ROSARIO,Rosario,Asfalto,S/D,II,S/D,Urbana,S/D,S/D,Recta,Bueno,Buena,Diurna,S/D,S/D,S/D,Colisión,S/D,S/D,S/D,S/D,"-32.938916666667,-60.639222222222","['Salta', 'Entre Ríos']",2,,-32.938916666667,-60.639222222222,55.0,538.0,Municipio Rosario,Municipio,Rosario,820210,Servicio de Catastro e Información Territorial,IGN
2018,458,2018-01-07,Domingo,0.0,03:50:00,,0.0,2,"Moto/Ciclomotor,Automóvil",Montevideo Y Sarmiento,2,0,1,0,1,0,0,"-32.956138888889,-60.640611111111",Calle,,ROSARIO,Rosario,Asfalto,S/D,II,S/D,Urbana,S/D,No existe,Recta,Bueno,S/D,Diurna,S/D,S/D,S/D,Colisión,S/D,S/D,S/D,S/D,"-32.956138888889,-60.640611111111","['Montevideo', 'Sarmiento']",2,,-32.956138888889,-60.640611111111,55.0,538.0,Municipio Rosario,Municipio,Rosario,820210,Servicio de Catastro e Información Territorial,IGN
2018,460,2018-01-05,Viernes,0.0,13:00:00,,0.0,2,"Taxi/Remis,Moto/Ciclomotor",Pasco Y 1 de Mayo,2,1,0,0,1,0,0,"-32.961083333333,-60.633",Calle,,ROSARIO,Rosario,Asfalto,S/D,II,S/D,Urbana,S/D,S/D,Recta,Bueno,Buena,Diurna,S/D,S/D,S/D,Colisión,S/D,S/D,S/D,S/D,"-32.961083333333,-60.633","['Pasco', 'Primero de Mayo']",2,,-32.961083333333,-60.633,55.0,538.0,Municipio Rosario,Municipio,Rosario,820210,Servicio de Catastro e Información Territorial,IGN
2018,461,2018-01-05,Viernes,0.0,20:25:00,,0.0,2,"Automóvil,Taxi/Remis",Cordoba Y Dorrego,3,2,0,0,1,0,0,"-32.944444444444,-60.649222222222",Calle,,ROSARIO,Rosario,Asfalto,S/D,II,S/D,Urbana,S/D,S/D,Recta,Bueno,S/D,Nocturna,S/D,S/D,S/D,Colisión,S/D,S/D,S/D,S/D,"-32.944444444444,-60.649222222222","['Córdoba', 'Dorrego']",2,,-32.944444444444,-60.649222222222,55.0,538.0,Municipio Rosario,Municipio,Rosario,820210,Servicio de Catastro e Información Territorial,IGN
2018,463,2018-01-08,Lunes,0.0,18:45:00,,0.0,2,"Peatón,Transporte de Pasajeros Urbano (> 8 asientos)",San Juan Y Mariano Moreno,2,1,0,0,1,0,0,"-32.947916666667,-60.651527777778",Calle,,ROSARIO,Rosario,Asfalto,S/D,II,S/D,Urbana,S/D,No existe,Recta,Bueno,S/D,S/D,S/D,S/D,Peatón,Atropello,S/D,S/D,S/D,S/D,"-32.947916666667,-60.651527777778","['San Juan', 'Mariano Moreno']",2,,-32.947916666667,-60.651527777778,55.0,538.0,Municipio Rosario,Municipio,Rosario,820210,Servicio de Catastro e Información Territorial,IGN
2018,465,2018-01-08,Lunes,0.0,13:00:00,,0.0,2,"Moto/Ciclomotor,Automóvil",Espa?a Y San Juan,3,1,0,0,2,0,0,"-32.948638888889,-60.647472222222",Calle,,ROSARIO,Rosario,Asfalto,S/D,II,S/D,Urbana,S/D,S/D,Recta,Bueno,Buena,Diurna,S/D,S/D,S/D,Colisión,S/D,S/D,S/D,S/D,"-32.948638888889,-60.647472222222","['España', 'San Juan']",2,,-32.948638888889,-60.647472222222,55.0,538.0,Municipio Rosario,Municipio,Rosario,820210,Servicio de Catastro e Información Territorial,IGN
2018,467,2018-01-08,Lunes,0.0,11:10:00,,0.0,2,"Moto/Ciclomotor,Automóvil",Montevideo Y Mitre,2,1,0,0,1,0,0,"-32.955888888889,-60.642",Calle,,ROSARIO,Rosario,Asfalto,S/D,II,S/D,Urbana,S/D,S/D,Recta,Bueno,Buena,Diurna,S/D,S/D,S/D,Colisión,S/D,S/D,S/D,S/D,"-32.955888888889,-60.642","['Montevideo', 'Mitre']",2,,-32.955888888889,-60.642,55.0,538.0,Municipio Rosario,Municipio,Rosario,820210,Servicio de Catastro e Información Territorial,IGN
2018,469,2018-01-06,Sabado,0.0,12:05:00,,0.0,2,"Automóvil,Moto/Ciclomotor",Mariano Moreno Y San Juan,2,1,0,0,1,0,0,"-32.947916666667,-60.651527777778",Calle,,ROSARIO,Rosario,Asfalto,S/D,II,S/D,Urbana,S/D,S/D,Recta,Bueno,S/D,Diurna,S/D,S/D,S/D,Colisión,S/D,S/D,S/D,S/D,"-32.947916666667,-60.651527777778","['Mariano Moreno', 'San Juan']",2,,-32.947916666667,-60.651527777778,55.0,538.0,Municipio Rosario,Municipio,Rosario,820210,Servicio de Catastro e Información Territorial,IGN
2018,470,2018-01-05,Viernes,0.0,08:30:00,,0.0,2,"Moto/Ciclomotor,Taxi/Remis",Bv. Oro?o Y Tucuman,3,2,0,0,1,0,0,"-32.939083333333,-60.652",Calle,,ROSARIO,Rosario,Asfalto,S/D,II,S/D,Urbana,S/D,S/D,Recta,Bueno,Buena,S/D,S/D,S/D,S/D,Colisión,S/D,S/D,S/D,S/D,"-32.939083333333,-60.652","['Bulevar Nicasio Oroño', 'Tucumán']",2,,-32.939083333333,-60.652,55.0,538.0,Municipio Rosario,Municipio,Rosario,820210,Servicio de Catastro e Información Territorial,IGN
2018,472,2018-01-01,Lunes,0.0,21:00:00,,0.0,2,"Bicicleta,Pickup/Utilitario",Bv. 27 De Febrero Y Ayacucho,2,1,0,0,1,0,0,"-32.969527777778,-60.632194444444",Calle,,ROSARIO,Rosario,Asfalto,S/D,II,S/D,Urbana,S/D,S/D,Intersección,Bueno,Buena,Nocturna,S/D,S/D,Ciclista,Atropello,S/D,S/D,S/D,S/D,"-32.969527777778,-60.632194444444","['27 de Febrero', 'Ayacucho']",2,,-32.969527777778,-60.632194444444,55.0,538.0,Municipio Rosario,Municipio,Rosario,820210,Servicio de Catastro e Información Territorial,IGN
2018,474,2018-01-01,Lunes,0.0,19:30:00,,0.0,2,"Automóvil,Moto/Ciclomotor",Ayacucho Y Viamonte,3,1,1,0,1,0,0,"-32.967305555556,-60.631638888889",Calle,,ROSARIO,Rosario,Asfalto,S/D,II,S/D,Urbana,S/D,S/D,Recta,Bueno,Buena,Diurna,Buen Tiempo,S/D,S/D,Colisión,S/D,Vertical,S/D,S/D,"-32.967305555556,-60.631638888889","['Ayacucho', 'Viamonte']",2,,-32.967305555556,-60.631638888889,55.0,538.0,Municipio Rosario,Municipio,Rosario,820210,Servicio de Catastro e Información Territorial,IGN
2018,478,2018-01-02,Martes,0.0,12:35:00,,0.0,2,"Peatón,Automóvil",Cordoba Y Alvear,2,1,0,0,1,0,0,"-32.943472222222,-60.654666666667",Calle,,ROSARIO,Rosario,Asfalto,S/D,II,S/D,Urbana,S/D,S/D,Recta,Bueno,S/D,S/D,Buen Tiempo,Otro,S/D,Colisión,S/D,S/D,S/D,S/D,"-32.943472222222,-60.654666666667","['Córdoba', 'Alvear']",2,,-32.943472222222,-60.654666666667,55.0,538.0,Municipio Rosario,Municipio,Rosario,820210,Servicio de Catastro e Información Territorial,IGN
2018,480,2018-01-04,Jueves,0.0,11:10:00,,0.0,2,"Bicicleta,Automóvil",Rioja Y Italia,2,1,0,0,1,0,0,"-32.945833333333,-60.648166666667",Calle,,ROSARIO,Rosario,Asfalto,S/D,II,S/D,Urbana,S/D,S/D,Recta,Bueno,Buena,Diurna,S/D,S/D,Ciclista,Atropello,S/D,S/D,S/D,S/D,"-32.945833333333,-60.648166666667","['Rioja', 'Italia']",2,,-32.945833333333,-60.648166666667,55.0,538.0,Municipio Rosario,Municipio,Rosario,820210,Servicio de Catastro e Información Territorial,IGN
2018,482,2018-01-18,Jueves,0.0,09:30:00,,0.0,2,"Moto/Ciclomotor,Automóvil",Tucuman Y Pte.Roca,2,0,1,0,1,0,0,"-32.940555555556,-60.643972222222",Calle,,ROSARIO,Rosario,Asfalto,No existe,II,Dentro,Urbana,Ninguna,No existe,Intersección,Bueno,Buena,Diurna,Buen Tiempo,Lateral,S/D,Colisión,Ninguna,Faltante,Ninguna,Sin restricción,"-32.940555555556,-60.643972222222","['Tucumán', 'Roca']",2,,-32.940555555556,-60.643972222222,55.0,538.0,Municipio Rosario,Municipio,Rosario,820210,Servicio de Catastro e Información Territorial,IGN
2018,484,2018-01-21,Domingo,0.0,,,0.0,2,"Taxi/Remis,Automóvil",Sarmiento Y Santa Fe,2,1,0,0,1,0,0,"-32.945111111111,-60.637888888889",Calle,,ROSARIO,Rosario,Asfalto,No existe,II,Dentro,Urbana,Semáforo,Funciona,Intersección,Bueno,Buena,Diurna,Buen Tiempo,De alcance,S/D,Colisión,Ninguna,Vertical,Ninguna,Sin restricción,"-32.945111111111,-60.637888888889","['Sarmiento', 'Santa Fe']",2,,-32.945111111111,-60.637888888889,55.0,538.0,Municipio Rosario,Municipio,Rosario,820210,Servicio de Catastro e Información Territorial,IGN
2018,486,2018-01-23,Martes,0.0,09:00:00,,0.0,2,"Bicicleta,Automóvil",Catamarca Y Balcarce,2,1,0,0,1,0,0,"-32.938138888889,-60.650472222222",Calle,,ROSARIO,Rosario,Asfalto,No existe,II,Dentro,Urbana,Ninguna,No existe,Intersección,Bueno,Buena,Diurna,Buen Tiempo,S/D,Ciclista,Atropello,Ninguna,Faltante,Ninguna,Sin restricción,"-32.938138888889,-60.650472222222","['Catamarca', 'Balcarce']",2,,-32.938138888889,-60.650472222222,55.0,538.0,Municipio Rosario,Municipio,Rosario,820210,Servicio de Catastro e Información Territorial,IGN
2018,491,2018-01-22,Lunes,0.0,12:30:00,,0.0,2,"Bicicleta,Automóvil",Tucuman Y Mariano Moreno,2,1,0,0,1,0,0,"-32.939555555556,-60.649444444444",Calle,,ROSARIO,Rosario,Asfalto,No existe,II,Dentro,Urbana,Ninguna,No existe,Intersección,Bueno,Buena,Diurna,Buen Tiempo,S/D,Ciclista,Atropello,Ninguna,Faltante,Ninguna,Sin restricción,"-32.939555555556,-60.649444444444","['Tucumán', 'Mariano Moreno']",2,,-32.939555555556,-60.649444444444,55.0,538.0,Municipio Rosario,Municipio,Rosario,820210,Servicio de Catastro e Información Territorial,IGN
2018,492,2018-01-24,Miercoles,0.0,16:30:00,,0.0,2,"Taxi/Remis,Automóvil",Brown Y Santiago,3,1,0,0,2,0,0,"-32.933916666667,-60.653666666667",Calle,,ROSARIO,Rosario,Asfalto,No existe,II,Dentro,Urbana,Señal Pare,No existe,Intersección,Bueno,Buena,Diurna,Buen Tiempo,Lateral,S/D,Colisión,Ninguna,Vertical,Ninguna,Sin restricción,"-32.933916666667,-60.653666666667","['Brown', 'Santiago']",2,,-32.933916666667,-60.653666666667,55.0,538.0,Municipio Rosario,Municipio,Rosario,820210,Servicio de Catastro e Información Territorial,IGN