anio_acci,nro_acci,fecha,desc_dia,fecha_aprox,hora_aprox,desc_ruta,km,cant_participantes,desc_participante,calle_avenida_km,total,heridos_leves,heridos_graves,heridos_gravisimos,ilesos,fallecidos,sin_datos,posicion_XY,desc_tipo_via,desc_ruta_ori,desc_loc,desc_dpto,desc_tipo_calzada,desc_tipo_banquina,desc_unidad_regional,desc_lugar_calzada,desc_zona,desc_prioridad,desc_estado_semaforo,desc_lugar_via,desc_estado_via,desc_estado_visibilidad,desc_luminosidad,desc_estado_clima,desc_tipo_colision,desc_tipo_atropello,desc_tipo_hecho,desc_pres_calzada,desc_senializacion,desc_separacion_via,desc_restriccion,forma_geocod,calle_lista,numero_calles,calles_osm,lat,lon,index_right,gid,fna,gna,nam,in1,fdc,sag
2018,493,2018-01-18,Jueves,0.0,11:00:00,,0.0,2,"Automóvil,Moto/Ciclomotor",Montevideo 2700,4,2,0,0,2,0,0,"-32.952222222222,-60.662527777778",Calle,,ROSARIO,Rosario,Asfalto,No existe,II,Dentro,Urbana,Ninguna,No existe,Recta,Bueno,Buena,Diurna,Buen Tiempo,De alcance,S/D,Colisión,Ninguna,Faltante,Ninguna,Sin restricción,"-32.952222222222,-60.662527777778",['Montevideo 2700'],1,,-32.952222222222,-60.662527777778,55.0,538.0,Municipio Rosario,Municipio,Rosario,820210,Servicio de Catastro e Información Territorial,IGN
2018,494,2018-01-11,Jueves,0.0,20:00:00,,0.0,2,"Automóvil,Moto/Ciclomotor",Crespo Y Montevideo,2,1,0,0,1,0,0,"-32.95075,-60.670694444444",Calle,,ROSARIO,Rosario,Asfalto,No existe,II,Dentro,Urbana,Ninguna,No existe,Intersección,Bueno,Buena,Diurna,Buen Tiempo,De alcance,S/D,Colisión,Ninguna,Faltante,Ninguna,Sin restricción,"-32.95075,-60.670694444444","['Crespo', 'Montevideo']",2,,-32.95075,-60.670694444444,55.0,538.0,Municipio Rosario,Municipio,Rosario,820210,Servicio de Catastro e Información Territorial,IGN
2018,496,2018-01-22,Lunes,0.0,18:35:00,,0.0,2,"Peatón,Automóvil",3 De Febrero Y Crespo,2,1,0,0,1,0,0,"-32.947416666667,-60.669861111111",Calle,,ROSARIO,Rosario,Asfalto,S/D,II,Dentro,Urbana,Ninguna,No existe,Intersección,Bueno,Buena,Diurna,Buen Tiempo,S/D,Peatón,Atropello,Ninguna,Faltante,S/D,Sin restricción,"-32.947416666667,-60.669861111111","['3 de Febrero', 'Crespo']",2,,-32.947416666667,-60.669861111111,55.0,538.0,Municipio Rosario,Municipio,Rosario,820210,Servicio de Catastro e Información Territorial,IGN
2018,497,2018-01-01,Lunes,0.0,17:35:00,,0.0,2,"Automóvil,Moto/Ciclomotor",Av. Pellegrini Y Lima,2,0,1,0,1,0,0,"-32.949222222222,-60.685972222222",Calle,,ROSARIO,Rosario,Asfalto,No existe,II,Dentro,Urbana,Ninguna,No existe,Intersección,Bueno,Buena,Diurna,Buen Tiempo,Lateral,S/D,Colisión,Ninguna,Faltante,Ninguna,Sin restricción,"-32.949222222222,-60.685972222222","['Pellegrini', 'Lima']",2,,-32.949222222222,-60.685972222222,55.0,538.0,Municipio Rosario,Municipio,Rosario,820210,Servicio de Catastro e Información Territorial,IGN
2018,504,2018-01-15,Lunes,0.0,18:30:00,,0.0,2,"Moto/Ciclomotor,Automóvil",Crespo 1300,3,2,0,0,1,0,0,"-32.947416666667,-60.669861111111",Calle,,ROSARIO,Rosario,Asfalto,No existe,II,Dentro,Urbana,Ninguna,No existe,Recta,Bueno,Buena,Diurna,Buen Tiempo,S/D,S/D,"Caída ocupante,Colisión",Ninguna,Faltante,Ninguna,S/D,"-32.947416666667,-60.669861111111",['Crespo 1300'],1,,-32.947416666667,-60.669861111111,55.0,538.0,Municipio Rosario,Municipio,Rosario,820210,Servicio de Catastro e Información Territorial,IGN
2018,506,2018-01-22,Lunes,0.0,21:30:00,,0.0,2,"Moto/Ciclomotor,Automóvil",Av. Eva Peron Y Valparaiso,2,1,0,0,1,0,0,"-32.938583333333,-60.681861111111",Calle,,ROSARIO,Rosario,Asfalto,No existe,II,S/D,Urbana,S/D,S/D,Intersección,Bueno,S/D,Con luz artificial,S/D,Lateral,S/D,Colisión,S/D,S/D,S/D,S/D,"-32.938583333333,-60.681861111111","['Avenida Eva Perón', 'Valparaíso']",2,,-32.938583333333,-60.681861111111,55.0,538.0,Municipio Rosario,Municipio,Rosario,820210,Servicio de Catastro e Información Territorial,IGN
2018,507,2018-01-08,Lunes,0.0,17:45:00,,0.0,2,"Bicicleta,Automóvil",9 De Julio Y Alsina,2,1,0,0,1,0,0,"-32.946972222222,-60.678305555556",Calle,,ROSARIO,Rosario,Asfalto,S/D,II,S/D,Urbana,S/D,S/D,Recta,Bueno,Buena,Diurna,Buen Tiempo,S/D,Ciclista,Atropello,Ninguna,S/D,Ninguna,Sin restricción,"-32.946972222222,-60.678305555556","['9 de Julio', 'Alsina']",2,,-32.946972222222,-60.678305555556,55.0,538.0,Municipio Rosario,Municipio,Rosario,820210,Servicio de Catastro e Información Territorial,IGN
2018,509,2018-01-10,Miercoles,0.0,09:40:00,,0.0,2,"Automóvil,Moto/Ciclomotor",Montevideo Y Alsina,2,1,0,0,1,0,0,"-32.949277777778,-60.678861111111",Calle,,ROSARIO,Rosario,Asfalto,S/D,II,S/D,Urbana,S/D,S/D,Intersección,Bueno,S/D,Diurna,S/D,S/D,S/D,Colisión,Ninguna,S/D,S/D,S/D,"-32.949277777778,-60.678861111111","['Montevideo', 'Alsina']",2,,-32.949277777778,-60.678861111111,55.0,538.0,Municipio Rosario,Municipio,Rosario,820210,Servicio de Catastro e Información Territorial,IGN
2018,510,2018-01-04,Jueves,0.0,14:00:00,,0.0,2,"Automóvil,Moto/Ciclomotor",9 De Julio Y Alsina,2,1,0,0,1,0,0,"-32.946972222222,-60.678305555556",Calle,,ROSARIO,Rosario,Asfalto,No existe,II,S/D,Urbana,Ninguna,No existe,Intersección,Bueno,Buena,Diurna,Buen Tiempo,De alcance,S/D,Colisión,Ninguna,S/D,Ninguna,Sin restricción,"-32.946972222222,-60.678305555556","['9 de Julio', 'Alsina']",2,,-32.946972222222,-60.678305555556,55.0,538.0,Municipio Rosario,Municipio,Rosario,820210,Servicio de Catastro e Información Territorial,IGN
2018,512,2018-01-23,Martes,0.0,00:30:00,,0.0,2,"Taxi/Remis,Moto/Ciclomotor",Bv. Avellaneda Y E.Zeballos,4,3,0,0,1,0,0,"-32.947638888889,-60.681444444444",Calle,,ROSARIO,Rosario,Asfalto,S/D,II,Dentro,Urbana,S/D,S/D,Intersección,Bueno,Reducida,"Nocturna,Con luz artificial",Buen Tiempo,Frontal,S/D,Colisión,Ninguna,S/D,Ninguna,Sin restricción,"-32.947638888889,-60.681444444444","['Avellaneda', 'Zeballos']",2,,-32.947638888889,-60.681444444444,55.0,538.0,Municipio Rosario,Municipio,Rosario,820210,Servicio de Catastro e Información Territorial,IGN
2018,513,2018-01-09,Martes,0.0,06:15:00,,0.0,2,"Automóvil,Moto/Ciclomotor",Rioja Y Sucre,3,1,0,0,2,0,0,"-32.93825,-60.690305555556",Calle,,ROSARIO,Rosario,Asfalto,No existe,II,S/D,Urbana,Ninguna,No existe,Recta,Bueno,S/D,Diurna,Buen Tiempo,De alcance,S/D,Colisión,Ninguna,S/D,Ninguna,Sin restricción,"-32.93825,-60.690305555556","['Rioja', 'Sucre']",2,,-32.93825,-60.690305555556,55.0,538.0,Municipio Rosario,Municipio,Rosario,820210,Servicio de Catastro e Información Territorial,IGN
2018,515,2018-01-19,Viernes,0.0,11:00:00,,0.0,2,"Automóvil,Moto/Ciclomotor",Gutenberg Y Mendoza,2,1,0,0,1,0,0,"-32.94275,-60.688583333333",Calle,,ROSARIO,Rosario,Asfalto,No existe,II,S/D,Urbana,Ninguna,No existe,Recta,Bueno,Buena,Diurna,Buen Tiempo,De alcance,S/D,Colisión,Ninguna,S/D,Ninguna,Sin restricción,"-32.94275,-60.688583333333","['Gutenberg', 'Mendoza']",2,,-32.94275,-60.688583333333,55.0,538.0,Municipio Rosario,Municipio,Rosario,820210,Servicio de Catastro e Información Territorial,IGN
2018,517,2018-01-25,Jueves,0.0,12:10:00,,0.0,2,"Automóvil,Moto/Ciclomotor",Cordoba Y Bv. Avellaneda,2,1,0,0,1,0,0,"-32.939111111111,-60.679",Avenida,,ROSARIO,Rosario,Asfalto,No existe,II,S/D,Urbana,S/D,Funciona,Intersección,Bueno,Buena,Diurna,Buen Tiempo,"De alcance,Frontal",S/D,Colisión,Ninguna,S/D,S/D,S/D,"-32.939111111111,-60.679","['Córdoba', 'Avellaneda']",2,,-32.939111111111,-60.679,55.0,538.0,Municipio Rosario,Municipio,Rosario,820210,Servicio de Catastro e Información Territorial,IGN
2018,519,2018-01-28,Domingo,0.0,18:00:00,,0.0,2,"Automóvil,Moto/Ciclomotor",Alsina Y San Luis,3,2,0,0,1,0,0,"-32.942166666667,-60.677083333333",Calle,,ROSARIO,Rosario,Asfalto,No existe,II,S/D,Urbana,S/D,S/D,Intersección,S/D,Buena,Diurna,S/D,S/D,S/D,Colisión,S/D,S/D,S/D,S/D,"-32.942166666667,-60.677083333333","['Alsina', 'San Luis']",2,,-32.942166666667,-60.677083333333,55.0,538.0,Municipio Rosario,Municipio,Rosario,820210,Servicio de Catastro e Información Territorial,IGN
2018,522,2018-01-25,Jueves,0.0,23:00:00,,0.0,2,"Automóvil,Automóvil",Castellanos Y 3 De Febrero,3,1,0,0,2,0,0,"-32.946166666667,-60.676666666667",Calle,,ROSARIO,Rosario,Asfalto,Pavimento,II,S/D,Urbana,S/D,S/D,Intersección,Bueno,Buena,Con luz artificial,Buen Tiempo,S/D,S/D,Colisión,Ninguna,S/D,S/D,S/D,"-32.946166666667,-60.676666666667","['Aaron Castellanos', '3 de Febrero']",2,,-32.946166666667,-60.676666666667,55.0,538.0,Municipio Rosario,Municipio,Rosario,820210,Servicio de Catastro e Información Territorial,IGN
2018,524,2018-01-15,Lunes,0.0,12:25:00,,0.0,2,"Taxi/Remis,Moto/Ciclomotor",San Lorenzo Y Carriego,2,0,1,0,1,0,0,"-32.935083333333,-60.688083333333",Calle,,ROSARIO,Rosario,Asfalto,Pavimento,II,S/D,Urbana,S/D,S/D,Intersección,Bueno,Buena,S/D,S/D,S/D,S/D,Colisión,S/D,S/D,S/D,S/D,"-32.935083333333,-60.688083333333","['San Lorenzo', 'Carriego']",2,,-32.935083333333,-60.688083333333,55.0,538.0,Municipio Rosario,Municipio,Rosario,820210,Servicio de Catastro e Información Territorial,IGN
2018,536,2018-01-26,Viernes,0.0,11:30:00,,0.0,2,"Taxi/Remis,Bicicleta",Mitre Y 9 De Julio,2,1,0,0,1,0,0,"-32.953555555556,-60.641416666667",Calle,,ROSARIO,Rosario,Asfalto,S/D,II,S/D,Urbana,S/D,S/D,Intersección,Bueno,Buena,Diurna,Buen Tiempo,Otro,Ciclista,Atropello,S/D,S/D,S/D,S/D,"-32.953555555556,-60.641416666667","['Mitre', '9 de Julio']",2,,-32.953555555556,-60.641416666667,55.0,538.0,Municipio Rosario,Municipio,Rosario,820210,Servicio de Catastro e Información Territorial,IGN
2018,537,2018-01-25,Jueves,0.0,18:10:00,,0.0,2,"Automóvil,Automóvil",9 De Julio Y Av. Corrientes,2,2,0,0,0,0,0,"-32.953083333333,-60.644222222222",Calle,,ROSARIO,Rosario,Asfalto,S/D,II,S/D,Urbana,Semáforo,S/D,Intersección,Bueno,Buena,Diurna,Buen Tiempo,Otro,S/D,Colisión,S/D,S/D,S/D,S/D,"-32.953083333333,-60.644222222222","['9 de Julio', 'Corrientes']",2,,-32.953083333333,-60.644222222222,55.0,538.0,Municipio Rosario,Municipio,Rosario,820210,Servicio de Catastro e Información Territorial,IGN
2018,540,2018-01-24,Miercoles,0.0,12:40:00,,0.0,2,"Pickup/Utilitario,Automóvil",San Lorenzo Y Bv. Oro?o,2,1,0,0,1,0,0,"-32.941416666667,-60.652833333333",Calle,,ROSARIO,Rosario,Asfalto,S/D,II,S/D,Urbana,Señal Pare,S/D,Intersección,Bueno,S/D,Diurna,Buen Tiempo,Otro,S/D,Colisión,S/D,Vertical,S/D,S/D,"-32.941416666667,-60.652833333333","['San Lorenzo', 'Bulevar Nicasio Oroño']",2,,-32.941416666667,-60.652833333333,55.0,538.0,Municipio Rosario,Municipio,Rosario,820210,Servicio de Catastro e Información Territorial,IGN
2018,542,2018-01-22,Lunes,0.0,11:15:00,,0.0,2,"Automóvil,Moto/Ciclomotor",Balcarce Y Brown,2,1,0,0,1,0,0,"-32.934638888889,-60.649583333333",Calle,,ROSARIO,Rosario,Asfalto,S/D,II,S/D,Urbana,S/D,No existe,Intersección,Bueno,Buena,Diurna,Buen Tiempo,S/D,S/D,Colisión,S/D,S/D,S/D,S/D,"-32.934638888889,-60.649583333333","['Balcarce', 'Brown']",2,,-32.934638888889,-60.649583333333,55.0,538.0,Municipio Rosario,Municipio,Rosario,820210,Servicio de Catastro e Información Territorial,IGN
2018,545,2018-01-03,Miercoles,0.0,17:00:00,,0.0,2,"Moto/Ciclomotor,Automóvil",Av. Ntra.Sra.del Rosario Y Suipacha,4,1,0,0,3,0,0,"-33.000888888889,-60.676361111111",Calle,,ROSARIO,Rosario,Ripio,S/D,II,Dentro,Urbana,Ninguna,No existe,Intersección,Bueno,Buena,Diurna,Buen Tiempo,Lateral,S/D,Colisión,Ninguna,S/D,Ninguna,Sin restricción,"-33.000888888889,-60.676361111111","['Nuestra Señora del Rosario', 'Suipacha']",2,,-33.000888888889,-60.676361111111,55.0,538.0,Municipio Rosario,Municipio,Rosario,820210,Servicio de Catastro e Información Territorial,IGN
2018,552,2018-01-14,Domingo,0.0,,,0.0,2,"Moto/Ciclomotor,Automóvil",Bielsa Y Tte.Agneta Bis,3,2,0,0,1,0,0,"-32.923416666667,-60.700472222222",Calle,,ROSARIO,Rosario,Asfalto,Pavimento,II,S/D,Urbana,Otra Señal,S/D,Intersección,S/D,Buena,Diurna,S/D,S/D,S/D,Colisión,S/D,Vertical,Barrera de hormigón,S/D,"-32.923416666667,-60.700472222222","['Bielsa', 'Teniente Agneta']",2,,-32.923416666667,-60.700472222222,55.0,538.0,Municipio Rosario,Municipio,Rosario,820210,Servicio de Catastro e Información Territorial,IGN
2018,554,2018-01-09,Martes,0.0,,,0.0,2,"Automóvil,Moto/Ciclomotor",Juan B.De La Salle Y Brasil Bis,2,1,0,0,1,0,0,"-32.922666666667,-60.720361111111",Calle,,ROSARIO,Rosario,Asfalto,No existe,II,S/D,Urbana,Ninguna,No existe,Recta,Bueno,Buena,Diurna,Buen Tiempo,S/D,S/D,Colisión,Ninguna,S/D,Ninguna,Sin restricción,"-32.922666666667,-60.720361111111","['De La Salle', 'Brasil']",2,,-32.922666666667,-60.720361111111,55.0,538.0,Municipio Rosario,Municipio,Rosario,820210,Servicio de Catastro e Información Territorial,IGN
2018,557,2018-01-18,Jueves,0.0,,,0.0,2,"Automóvil,Moto/Ciclomotor",Colombia Bis Y French,2,0,1,0,1,0,0,"-32.921888888889,-60.716944444444",Calle,,ROSARIO,Rosario,Asfalto,No existe,II,Dentro,Urbana,Ninguna,No existe,Recta,Bueno,Buena,Nocturna,Buen Tiempo,Lateral,S/D,Colisión,Ninguna,S/D,Ninguna,Sin restricción,"-32.921888888889,-60.716944444444","['Colombia', 'French']",2,,-32.921888888889,-60.716944444444,55.0,538.0,Municipio Rosario,Municipio,Rosario,820210,Servicio de Catastro e Información Territorial,IGN
2018,558,2018-01-03,Miercoles,0.0,,,0.0,2,"Automóvil,Automóvil",La Republica Y Donado,4,1,0,0,3,0,0,"-32.919,-60.727916666667",S/D,,ROSARIO,Rosario,Asfalto,No existe,II,S/D,Urbana,Ninguna,No existe,Recta,Bueno,Buena,Atardecer,Buen Tiempo,S/D,S/D,Colisión,Ninguna,S/D,Ninguna,Sin restricción,"-32.919,-60.727916666667","['La República', 'Donado']",2,,-32.919,-60.727916666667,55.0,538.0,Municipio Rosario,Municipio,Rosario,820210,Servicio de Catastro e Información Territorial,IGN
2018,561,2018-01-19,Viernes,0.0,20:50:00,,0.0,2,"Moto/Ciclomotor,Automóvil",Gorriti Y Camilo Aldao Bis,4,0,1,0,3,0,0,"-32.923861111111,-60.696611111111",Calle,,ROSARIO,Rosario,Asfalto,S/D,II,S/D,Urbana,S/D,S/D,Intersección,S/D,S/D,Nocturna,S/D,Lateral,S/D,Colisión,S/D,S/D,S/D,S/D,"-32.923861111111,-60.696611111111","['Gorriti', 'Camilo Aldao']",2,,-32.923861111111,-60.696611111111,55.0,538.0,Municipio Rosario,Municipio,Rosario,820210,Servicio de Catastro e Información Territorial,IGN
2018,567,2018-01-04,Jueves,0.0,22:00:00,,0.0,2,"Automóvil,Automóvil",Francisco De Miranda Y Martin Fierro,2,1,0,0,1,0,0,"-32.877111111111,-60.693111111111",Calle,,ROSARIO,Rosario,Asfalto,S/D,II,Dentro,Urbana,S/D,No existe,Intersección,Otro,Reducida,Nocturna,S/D,S/D,S/D,Colisión,S/D,S/D,Ninguna,S/D,"-32.877111111111,-60.693111111111","['Francisco de Miranda', 'Martin Fierro']",2,,-32.877111111111,-60.693111111111,55.0,538.0,Municipio Rosario,Municipio,Rosario,820210,Servicio de Catastro e Información Territorial,IGN
2018,569,2018-01-02,Martes,0.0,02:20:00,,0.0,2,"Automóvil,Moto/Ciclomotor",Av. Eudoro Carrasco 2700,3,2,0,0,1,0,0,"-32.884805555556,-60.687888888889",Avenida,,ROSARIO,Rosario,Asfalto,Pavimento,II,S/D,Urbana,S/D,S/D,Recta,Otro,Reducida,Nocturna,Otro,S/D,S/D,Colisión,S/D,S/D,Ninguna,S/D,"-32.884805555556,-60.687888888889",['Eudnicasio Oroño Carrasco 2700'],1,,-32.884805555556,-60.687888888889,55.0,538.0,Municipio Rosario,Municipio,Rosario,820210,Servicio de Catastro e Información Territorial,IGN
2018,571,2018-01-01,Lunes,0.0,17:10:00,,0.0,2,"Pickup/Utilitario,Moto/Ciclomotor",J.B.Justo Y Mejico,3,2,0,0,1,0,0,"-32.915083333333,-60.7195",Calle,,ROSARIO,Rosario,Asfalto,No existe,II,S/D,Urbana,Señal Pare,No existe,Recta,Bueno,Buena,Diurna,Buen Tiempo,Otro,S/D,Colisión,Ninguna,Vertical,Cordón divisorio,Sin restricción,"-32.915083333333,-60.7195","['Justo', 'Mejico']",2,,-32.915083333333,-60.7195,55.0,538.0,Municipio Rosario,Municipio,Rosario,820210,Servicio de Catastro e Información Territorial,IGN
2018,615,2018-01-06,Sabado,0.0,02:45:00,,0.0,2,"Automóvil,Moto/Ciclomotor",J.J.Paso Y Tte.Agneta Bis,2,1,0,0,1,0,0,"-32.919833333333,-60.700611111111",Calle,,ROSARIO,Rosario,Asfalto,No existe,II,Dentro,Urbana,Semáforo,Intermitente,Intersección,Bueno,Buena,Nocturna,Buen Tiempo,De alcance,S/D,Colisión,Ninguna,Vertical,Ninguna,Sin restricción,"-32.919833333333,-60.700611111111","['Paso', 'Teniente Agneta']",2,,-32.919833333333,-60.700611111111,55.0,538.0,Municipio Rosario,Municipio,Rosario,820210,Servicio de Catastro e Información Territorial,IGN
2018,616,2018-01-06,Sabado,0.0,17:00:00,,0.0,2,"Automóvil,Moto/Ciclomotor",Av. Provincias Unidas B Y La Republica,2,1,0,0,1,0,0,"-32.918583333333,-60.713583333333",Calle,,ROSARIO,Rosario,Asfalto,No existe,II,Dentro,Urbana,Ninguna,No existe,Recta,Bueno,Buena,Diurna,Buen Tiempo,Contra objeto fijo,S/D,Colisión,Ninguna,Faltante,Cordón divisorio,Sin restricción,"-32.918583333333,-60.713583333333","['Avenida Provincias Unidas', 'La República']",2,,-32.918583333333,-60.713583333333,55.0,538.0,Municipio Rosario,Municipio,Rosario,820210,Servicio de Catastro e Información Territorial,IGN
2018,618,2018-01-11,Jueves,0.0,17:30:00,,0.0,3,"Moto/Ciclomotor,Transporte de Pasajeros Urbano (> 8 asientos),Automóvil",Magallanes Bis Y J.J.Paso,5,3,0,0,2,0,0,"-32.919972222222,-60.705361111111",Calle,,ROSARIO,Rosario,Asfalto,No existe,II,S/D,Urbana,Ninguna,No existe,Recta,Bueno,Buena,Diurna,Buen Tiempo,De alcance,S/D,Atropello,Ninguna,Faltante,Línea divisoria pintada,Sin restricción,"-32.919972222222,-60.705361111111","['Magallanes', 'Paso']",2,,-32.919972222222,-60.705361111111,55.0,538.0,Municipio Rosario,Municipio,Rosario,820210,Servicio de Catastro e Información Territorial,IGN
2018,619,2018-01-12,Viernes,0.0,,,0.0,2,"Moto/Ciclomotor,Automóvil",Camilo Aldao Bis Y J.J.Paso,2,0,1,0,1,0,0,"-32.91975,-60.69675",Calle,,ROSARIO,Rosario,Asfalto,No existe,II,S/D,Urbana,Ninguna,No existe,Recta,Bueno,Buena,Amanecer,Buen Tiempo,Contra objeto fijo,S/D,Colisión,Ninguna,Faltante,Línea divisoria pintada,Sin restricción,"-32.91975,-60.69675","['Camilo Aldao', 'Paso']",2,,-32.91975,-60.69675,55.0,538.0,Municipio Rosario,Municipio,Rosario,820210,Servicio de Catastro e Información Territorial,IGN
2018,621,2018-01-18,Jueves,0.0,23:00:00,,0.0,2,"Automóvil,Moto/Ciclomotor",Av. Sorrento Y Av. Provincias Unidas Bis,3,2,0,0,1,0,0,"-32.907833333333,-60.714027777778",Avenida,,ROSARIO,Rosario,Asfalto,Natural,II,Dentro,Urbana,Señal Pare,No existe,Rotonda,Bueno,Buena,Nocturna,Buen Tiempo,Frontal,S/D,Atropello,Ninguna,Vertical,Guardarrail,Sin restricción,"-32.907833333333,-60.714027777778","['Sorrento', 'Avenida Provincias Unidas']",2,,-32.907833333333,-60.714027777778,55.0,538.0,Municipio Rosario,Municipio,Rosario,820210,Servicio de Catastro e Información Territorial,IGN
2018,623,2018-01-24,Miercoles,0.0,17:00:00,,0.0,2,"Pickup/Utilitario,Moto/Ciclomotor",Solis Y French,2,0,1,0,1,0,0,"-32.921527777778,-60.704138888889",Calle,,ROSARIO,Rosario,Asfalto,No existe,II,Dentro,Urbana,Ninguna,No existe,Recta,Bueno,Buena,Diurna,Buen Tiempo,Otro,S/D,Colisión,Ninguna,Faltante,Ninguna,Sin restricción,"-32.921527777778,-60.704138888889","['Solis', 'French']",2,,-32.921527777778,-60.704138888889,55.0,538.0,Municipio Rosario,Municipio,Rosario,820210,Servicio de Catastro e Información Territorial,IGN
2018,625,2018-01-28,Domingo,0.0,20:50:00,,0.0,2,"Bicicleta,Automóvil",Cullen Bis Y Av. Genova,2,1,0,0,1,0,0,"-32.915916666667,-60.709888888889",Calle,,ROSARIO,Rosario,Asfalto,No existe,II,Dentro,Urbana,Semáforo,Funciona,Recta,Bueno,Buena,Nocturna,Buen Tiempo,S/D,Ciclista,Atropello,Ninguna,Vertical,Línea divisoria pintada,Sin restricción,"-32.915916666667,-60.709888888889","['Cullen', 'Genova']",2,,-32.915916666667,-60.709888888889,55.0,538.0,Municipio Rosario,Municipio,Rosario,820210,Servicio de Catastro e Información Territorial,IGN
2018,631,2018-01-30,Martes,0.0,20:15:00,,0.0,2,"Automóvil,Moto/Ciclomotor",J.J.Paso Y Ottone Bis,2,1,0,0,1,0,0,"-32.919861111111,-60.700833333333",Calle,,ROSARIO,Rosario,Asfalto,No existe,II,Dentro,Urbana,Ninguna,No existe,Intersección,Bueno,Buena,Nocturna,Buen Tiempo,De alcance,S/D,Colisión,Ninguna,Faltante,Cordón divisorio,Sin restricción,"-32.919861111111,-60.700833333333","['Paso', 'Ottone']",2,,-32.919861111111,-60.700833333333,55.0,538.0,Municipio Rosario,Municipio,Rosario,820210,Servicio de Catastro e Información Territorial,IGN
2018,635,2018-01-12,Viernes,0.0,11:10:00,,0.0,2,"Automóvil,Moto/Ciclomotor",Urquiza Y Santiago,2,1,0,0,1,0,0,"-32.93975,-60.655138888889",Calle,,ROSARIO,Rosario,Asfalto,Pavimento,II,S/D,Urbana,Ninguna,No existe,Recta,Bueno,Buena,Atardecer,Buen Tiempo,Otro,S/D,Colisión,S/D,S/D,Ninguna,S/D,"-32.93975,-60.655138888889","['Urquiza', 'Santiago']",2,,-32.93975,-60.655138888889,55.0,538.0,Municipio Rosario,Municipio,Rosario,820210,Servicio de Catastro e Información Territorial,IGN
2018,637,2018-01-14,Domingo,0.0,08:15:00,,0.0,2,"Automóvil,Taxi/Remis",Catamarca Y Rodriguez,4,1,0,0,3,0,0,"-32.936916666667,-60.657277777778",Calle,,ROSARIO,Rosario,Asfalto,Pavimento,II,S/D,Urbana,Ninguna,No existe,Recta,Bueno,Buena,Diurna,Lluvia,Otro,S/D,Colisión,Agua,S/D,Ninguna,S/D,"-32.936916666667,-60.657277777778","['Catamarca', 'Rodríguez']",2,,-32.936916666667,-60.657277777778,55.0,538.0,Municipio Rosario,Municipio,Rosario,820210,Servicio de Catastro e Información Territorial,IGN
2018,640,2018-01-04,Jueves,0.0,14:50:00,,0.0,2,"Automóvil,Bicicleta",Catamarca 3300,2,1,0,0,1,0,0,"-32.935222222222,-60.666805555556",Calle,,ROSARIO,Rosario,Asfalto,S/D,II,S/D,Urbana,Ninguna,No existe,Recta,Bueno,S/D,S/D,Buen Tiempo,S/D,Ciclista,Atropello,S/D,S/D,S/D,S/D,"-32.935222222222,-60.666805555556",['Catamarca 3300'],1,,-32.935222222222,-60.666805555556,55.0,538.0,Municipio Rosario,Municipio,Rosario,820210,Servicio de Catastro e Información Territorial,IGN
2018,666,2018-01-16,Martes,0.0,08:40:00,,0.0,2,"Bicicleta,Pickup/Utilitario",Pte.Roca Y Av. Arijon,2,1,0,0,1,0,0,"-33.003222222222,-60.656361111111",Avenida,,ROSARIO,Rosario,Asfalto,No existe,II,Dentro,Urbana,Semáforo,Funciona,Recta,Bueno,Buena,Diurna,Buen Tiempo,Otro,Ciclista,Atropello,Ninguna,Vertical,Línea divisoria pintada,Sin restricción,"-33.003222222222,-60.656361111111","['Roca', 'Avenida Manuel Arijón']",2,,-33.003222222222,-60.656361111111,55.0,538.0,Municipio Rosario,Municipio,Rosario,820210,Servicio de Catastro e Información Territorial,IGN
2018,667,2018-01-05,Viernes,0.0,22:00:00,,0.0,2,"Moto/Ciclomotor,Automóvil",Paraguay Y Khantuta,3,2,0,0,1,0,0,"-33.012055555556,-60.654305555556",Calle,,ROSARIO,Rosario,Asfalto,No existe,II,Dentro,Urbana,Ninguna,No existe,Intersección,Con baches,Reducida,Nocturna,Buen Tiempo,De alcance,S/D,Colisión,Ninguna,Faltante,Ninguna,Sin restricción,"-33.012055555556,-60.654305555556","['Paraguay', 'Khantuta']",2,,-33.012055555556,-60.654305555556,55.0,538.0,Municipio Rosario,Municipio,Rosario,820210,Servicio de Catastro e Información Territorial,IGN