anio_acci,nro_acci,fecha,desc_dia,fecha_aprox,hora_aprox,desc_ruta,km,cant_participantes,desc_participante,calle_avenida_km,total,heridos_leves,heridos_graves,heridos_gravisimos,ilesos,fallecidos,sin_datos,posicion_XY,desc_tipo_via,desc_ruta_ori,desc_loc,desc_dpto,desc_tipo_calzada,desc_tipo_banquina,desc_unidad_regional,desc_lugar_calzada,desc_zona,desc_prioridad,desc_estado_semaforo,desc_lugar_via,desc_estado_via,desc_estado_visibilidad,desc_luminosidad,desc_estado_clima,desc_tipo_colision,desc_tipo_atropello,desc_tipo_hecho,desc_pres_calzada,desc_senializacion,desc_separacion_via,desc_restriccion,forma_geocod,calle_lista,numero_calles,calles_osm,lat,lon,index_right,gid,fna,gna,nam,in1,fdc,sag
2018,669,2018-01-30,Martes,0.0,07:40:00,,0.0,2,"Moto/Ciclomotor,Automóvil",Sarmiento Y Bv. Segui,2,1,0,0,1,0,0,"-32.979194444444,-60.646361111111",Avenida,,ROSARIO,Rosario,Asfalto,No existe,II,S/D,Urbana,Señal Pare,No existe,Intersección,Bueno,Buena,Diurna,Buen Tiempo,Lateral,S/D,Colisión,S/D,Vertical,S/D,Sin restricción,"-32.979194444444,-60.646361111111","['Sarmiento', 'Bulevar Juan Francisco Seguí']",2,,-32.979194444444,-60.646361111111,55.0,538.0,Municipio Rosario,Municipio,Rosario,820210,Servicio de Catastro e Información Territorial,IGN
2018,671,2018-01-08,Lunes,0.0,10:30:00,,0.0,2,"Moto/Ciclomotor,Automóvil",Cerrito Y Pte.Roca,3,1,0,0,2,0,0,"-32.960611111111,-60.649",Calle,,ROSARIO,Rosario,Asfalto,Pavimento,II,S/D,Urbana,S/D,No existe,Intersección,Bueno,Buena,Diurna,Buen Tiempo,Frontal,S/D,Colisión,Ninguna,S/D,S/D,Sin restricción,"-32.960611111111,-60.649","['Cerrito', 'Roca']",2,,-32.960611111111,-60.649,55.0,538.0,Municipio Rosario,Municipio,Rosario,820210,Servicio de Catastro e Información Territorial,IGN
2018,672,2018-01-08,Lunes,0.0,11:20:00,,0.0,2,"Moto/Ciclomotor,Automóvil",Entre Rios Y Pasco,2,1,0,0,1,0,0,"-32.959055555556,-60.64425",Calle,,ROSARIO,Rosario,Asfalto,Pavimento,II,Dentro,Urbana,Señal Pare,S/D,Intersección,Bueno,Buena,Diurna,Buen Tiempo,Lateral,S/D,Colisión,Ninguna,Vertical,Ninguna,Sin restricción,"-32.959055555556,-60.64425","['Entre Ríos', 'Pasco']",2,,-32.959055555556,-60.64425,55.0,538.0,Municipio Rosario,Municipio,Rosario,820210,Servicio de Catastro e Información Territorial,IGN
2018,676,2018-01-05,Viernes,0.0,10:40:00,,0.0,2,"Moto/Ciclomotor,Automóvil",Bv. Oro?o Y Av. F.Solano Lopez,3,1,0,0,2,0,0,"-32.95806, -60.65679",Avenida,,ROSARIO,Rosario,Asfalto,Pavimento,II,S/D,Urbana,S/D,No existe,Intersección,Bueno,Buena,Nocturna,Buen Tiempo,Lateral,S/D,Colisión,Ninguna,S/D,Ninguna,Sin restricción,"-32.95806, -60.65679","['Bulevar Nicasio Oroño', 'Solano Lopez']",2,,-32.95806,-60.65679,55.0,538.0,Municipio Rosario,Municipio,Rosario,820210,Servicio de Catastro e Información Territorial,IGN
2018,677,2018-02-02,Viernes,0.0,06:20:00,,0.0,2,"Automóvil,Automóvil",Bv. 27 De Febrero Y Ayacucho,3,1,0,0,2,0,0,"-32.969527777778,-60.632194444444",Avenida,,ROSARIO,Rosario,S/D,S/D,II,S/D,Urbana,S/D,S/D,Intersección,S/D,S/D,Amanecer,S/D,S/D,S/D,Colisión,S/D,S/D,S/D,S/D,"-32.969527777778,-60.632194444444","['27 de Febrero', 'Ayacucho']",2,,-32.969527777778,-60.632194444444,55.0,538.0,Municipio Rosario,Municipio,Rosario,820210,Servicio de Catastro e Información Territorial,IGN
2018,678,2018-01-06,Sabado,0.0,20:30:00,,0.0,2,"Moto/Ciclomotor,Automóvil",Bv. Oro?o Y Av. Pellegrini,2,1,0,0,1,0,0,"-32.954694444444,-60.655944444444",Avenida,,ROSARIO,Rosario,Asfalto,Pavimento,II,Dentro,Urbana,Semáforo,Funciona,Intersección,Bueno,Buena,Nocturna,Buen Tiempo,Frontal,S/D,Colisión,Ninguna,Faltante,Ninguna,Sin restricción,"-32.954694444444,-60.655944444444","['Bulevar Nicasio Oroño', 'Pellegrini']",2,,-32.954694444444,-60.655944444444,55.0,538.0,Municipio Rosario,Municipio,Rosario,820210,Servicio de Catastro e Información Territorial,IGN
2018,712,2018-01-21,Domingo,0.0,13:15:00,,0.0,2,"Moto/Ciclomotor,Automóvil",Av. Pellegrini Y Callao,4,1,0,0,3,0,0,"-32.95325,-60.662777777778",Avenida,,ROSARIO,Rosario,Asfalto,Pavimento,II,Dentro,Urbana,Semáforo,Funciona,Intersección,Bueno,Buena,Diurna,Buen Tiempo,De alcance,S/D,Colisión,S/D,S/D,Barrera de hormigón,Sin restricción,"-32.95325,-60.662777777778","['Pellegrini', 'Callao']",2,,-32.95325,-60.662777777778,55.0,538.0,Municipio Rosario,Municipio,Rosario,820210,Servicio de Catastro e Información Territorial,IGN
2018,713,2018-01-21,Domingo,0.0,03:40:00,,0.0,2,"Moto/Ciclomotor,Automóvil",Entre Rios Y Amenabar,2,1,0,0,1,0,0,"-32.971694444444,-60.647444444444",Calle,,ROSARIO,Rosario,Asfalto,Pavimento,II,S/D,Urbana,S/D,S/D,Intersección,Bueno,Reducida,Nocturna,Buen Tiempo,De alcance,S/D,Colisión,Ninguna,Faltante,Ninguna,S/D,"-32.971694444444,-60.647444444444","['Entre Ríos', 'Amenabar']",2,,-32.971694444444,-60.647444444444,55.0,538.0,Municipio Rosario,Municipio,Rosario,820210,Servicio de Catastro e Información Territorial,IGN
2018,716,2018-01-20,Sabado,0.0,20:55:00,,0.0,2,"Moto/Ciclomotor,Automóvil",Av. Pellegrini Y Av. Ovidio Lagos,2,1,0,0,1,0,0,"-32.953,-60.664166666667",Avenida,,ROSARIO,Rosario,Asfalto,Pavimento,II,Dentro,Urbana,Semáforo,Funciona,Intersección,Bueno,Buena,Nocturna,Buen Tiempo,Lateral,S/D,Colisión,Ninguna,S/D,Barrera de hormigón,S/D,"-32.953,-60.664166666667","['Pellegrini', 'Avenida Ovidio Lagos']",2,,-32.953,-60.664166666667,55.0,538.0,Municipio Rosario,Municipio,Rosario,820210,Servicio de Catastro e Información Territorial,IGN
2018,718,2018-01-19,Viernes,0.0,13:30:00,,0.0,2,"Automóvil,Moto/Ciclomotor",Riobamba Y Italia,2,1,0,0,1,0,0,"-32.961277777778,-60.652055555556",Calle,,ROSARIO,Rosario,Asfalto,Pavimento,II,S/D,Urbana,Ninguna,No existe,Intersección,Bueno,Buena,Diurna,Buen Tiempo,De alcance,S/D,Colisión,Ninguna,Faltante,S/D,S/D,"-32.961277777778,-60.652055555556","['Riobamba', 'Italia']",2,,-32.961277777778,-60.652055555556,55.0,538.0,Municipio Rosario,Municipio,Rosario,820210,Servicio de Catastro e Información Territorial,IGN
2018,720,2018-01-18,Jueves,0.0,12:10:00,,0.0,2,"Moto/Ciclomotor,Taxi/Remis",Cerrito Y Mitre,2,1,0,0,1,0,0,"-32.961611111111,-60.643444444444",Calle,,ROSARIO,Rosario,Asfalto,S/D,II,Dentro,Urbana,S/D,S/D,Intersección,Bueno,Buena,Diurna,Buen Tiempo,De alcance,S/D,Colisión,Ninguna,Faltante,Ninguna,Sin restricción,"-32.961611111111,-60.643444444444","['Cerrito', 'Mitre']",2,,-32.961611111111,-60.643444444444,55.0,538.0,Municipio Rosario,Municipio,Rosario,820210,Servicio de Catastro e Información Territorial,IGN
2018,721,2018-01-06,Sabado,0.0,11:20:00,,0.0,2,"Automóvil,Automóvil",Av. Castro Barros Y Anchorena,2,1,0,0,1,0,0,"-32.997166666667,-60.629666666667",Calle,,ROSARIO,Rosario,Asfalto,No existe,II,Dentro,Urbana,Ninguna,No existe,Intersección,Bueno,Buena,Diurna,Buen Tiempo,Lateral,S/D,Colisión,Ninguna,Faltante,Ninguna,Sin restricción,"-32.997166666667,-60.629666666667","['Castro Barros', 'Anchorena']",2,,-32.997166666667,-60.629666666667,55.0,538.0,Municipio Rosario,Municipio,Rosario,820210,Servicio de Catastro e Información Territorial,IGN
2018,724,2018-01-08,Lunes,0.0,18:40:00,,0.0,2,"Moto/Ciclomotor,Automóvil",Ayacucho Y Av. Battle y Ordo?ez,2,1,0,0,1,0,0,"-33.008472222222,-60.635777777778",Calle,,ROSARIO,Rosario,Asfalto,Pavimento,II,Dentro,Urbana,Ninguna,No existe,Intersección,Bueno,Buena,Diurna,Buen Tiempo,Lateral,S/D,Colisión,Ninguna,Faltante,Ninguna,Sin restricción,"-33.008472222222,-60.635777777778","['Ayacucho', 'Avenida Battle y Ordoñez']",2,,-33.008472222222,-60.635777777778,55.0,538.0,Municipio Rosario,Municipio,Rosario,820210,Servicio de Catastro e Información Territorial,IGN
2018,726,2018-01-08,Lunes,0.0,12:00:00,,0.0,2,"Moto/Ciclomotor,Automóvil",Isola Bis Y Abanderado Grandoli,2,1,0,0,1,0,0,"-32.991361111111,-60.628472222222",Calle,,ROSARIO,Rosario,Asfalto,Pavimento,II,S/D,Urbana,Ninguna,No existe,Intersección,Bueno,Buena,Diurna,Buen Tiempo,Lateral,S/D,Colisión,Ninguna,Faltante,Cordón divisorio,Sin restricción,"-32.991361111111,-60.628472222222","['Isola', 'Avenida Abanderado Grandoli']",2,,-32.991361111111,-60.628472222222,55.0,538.0,Municipio Rosario,Municipio,Rosario,820210,Servicio de Catastro e Información Territorial,IGN
2018,733,2018-01-28,Domingo,0.0,18:20:00,,0.0,2,"Bicicleta,Automóvil",Virasoro Y Necochea,2,1,0,0,1,0,0,"-32.972388888889,-60.630083333333",Calle,,ROSARIO,Rosario,Asfalto,No existe,II,S/D,Urbana,Ninguna,No existe,Intersección,Bueno,Buena,Diurna,Buen Tiempo,De alcance,S/D,Colisión,Ninguna,Horizontal,Ninguna,Sin restricción,"-32.972388888889,-60.630083333333","['Virasoro', 'Necochea']",2,,-32.972388888889,-60.630083333333,55.0,538.0,Municipio Rosario,Municipio,Rosario,820210,Servicio de Catastro e Información Territorial,IGN
2018,736,2018-01-27,Sabado,0.0,12:00:00,,0.0,2,"Moto/Ciclomotor,Moto/Ciclomotor",Virasoro Y Chacabuco,2,1,0,0,1,0,0,"-32.972638888889,-60.628722222222",Calle,,ROSARIO,Rosario,Asfalto,No existe,II,S/D,Urbana,Ninguna,No existe,Recta,Bueno,Buena,Diurna,Buen Tiempo,Lateral,S/D,Atropello,Ninguna,Faltante,Ninguna,Sin restricción,"-32.972638888889,-60.628722222222","['Virasoro', 'Chacabuco']",2,,-32.972638888889,-60.628722222222,55.0,538.0,Municipio Rosario,Municipio,Rosario,820210,Servicio de Catastro e Información Territorial,IGN
2018,738,2018-01-24,Miercoles,0.0,20:40:00,,0.0,2,"Pickup/Utilitario,Moto/Ciclomotor",Necochea Y Bv. Segui,2,1,0,0,1,0,0,"-32.981694444444,-60.632416666667",Calle,,ROSARIO,Rosario,Asfalto,No existe,II,S/D,Urbana,Ninguna,No existe,Intersección,Con baches,Buena,Nocturna,Buen Tiempo,Lateral,S/D,Colisión,Ninguna,Faltante,Ninguna,Sin restricción,"-32.981694444444,-60.632416666667","['Necochea', 'Bulevar Juan Francisco Seguí']",2,,-32.981694444444,-60.632416666667,55.0,538.0,Municipio Rosario,Municipio,Rosario,820210,Servicio de Catastro e Información Territorial,IGN
2018,740,2018-01-24,Miercoles,0.0,10:50:00,,0.0,2,"Automóvil,Moto/Ciclomotor",Garay Y J.M.de Rosas,2,0,1,0,1,0,0,"-32.975694444444,-60.638361111111",Calle,,ROSARIO,Rosario,Asfalto,No existe,II,S/D,Urbana,Ninguna,No existe,Intersección,Bueno,Buena,Diurna,Buen Tiempo,Lateral,S/D,Colisión,S/D,Vertical,Ninguna,Sin restricción,"-32.975694444444,-60.638361111111","['Garay', 'De Rosas']",2,,-32.975694444444,-60.638361111111,55.0,538.0,Municipio Rosario,Municipio,Rosario,820210,Servicio de Catastro e Información Territorial,IGN
2018,742,2018-01-23,Martes,0.0,14:30:00,,0.0,2,"Automóvil,Moto/Ciclomotor",Ayolas Y J.M.de Rosas,2,1,0,0,1,0,0,"-32.978,-60.638944444444",Calle,,ROSARIO,Rosario,Asfalto,No existe,II,S/D,Urbana,Paso Peatonal,No existe,Intersección,Bueno,Buena,Diurna,Buen Tiempo,Lateral,S/D,Colisión,S/D,Horizontal,Ninguna,Sin restricción,"-32.978,-60.638944444444","['Ayolas', 'De Rosas']",2,,-32.978,-60.638944444444,55.0,538.0,Municipio Rosario,Municipio,Rosario,820210,Servicio de Catastro e Información Territorial,IGN
2018,749,2018-01-22,Lunes,0.0,14:45:00,,0.0,2,"Moto/Ciclomotor,Pickup/Utilitario",Ayacucho Y Bv. Segui,2,1,0,0,1,0,0,"-32.980944444444,-60.6355",Calle,,ROSARIO,Rosario,Asfalto,No existe,II,S/D,Urbana,Ninguna,No existe,Intersección,Bueno,Buena,Diurna,Buen Tiempo,Lateral,S/D,Colisión,Ninguna,Faltante,Ninguna,Sin restricción,"-32.980944444444,-60.6355","['Ayacucho', 'Bulevar Juan Francisco Seguí']",2,,-32.980944444444,-60.6355,55.0,538.0,Municipio Rosario,Municipio,Rosario,820210,Servicio de Catastro e Información Territorial,IGN
2018,751,2018-01-12,Viernes,0.0,17:00:00,,0.0,2,"Taxi/Remis,Moto/Ciclomotor",24 De Setiembre Y 1 de Mayo,3,2,0,0,1,0,0,"-32.981722222222,-60.638194444444",Calle,,ROSARIO,Rosario,Asfalto,No existe,II,S/D,Urbana,Ninguna,No existe,Intersección,Bueno,Buena,Diurna,Buen Tiempo,Lateral,S/D,Colisión,Ninguna,Faltante,Ninguna,Sin restricción,"-32.981722222222,-60.638194444444","['24 de Septiembre', 'Primero de Mayo']",2,,-32.981722222222,-60.638194444444,55.0,538.0,Municipio Rosario,Municipio,Rosario,820210,Servicio de Catastro e Información Territorial,IGN
2018,753,2018-01-13,Sabado,0.0,06:15:00,,0.0,2,"Automóvil,Moto/Ciclomotor",L.N.Alem Y Garay,2,1,0,0,1,0,0,"-32.97625,-60.635361111111",Calle,,ROSARIO,Rosario,Asfalto,No existe,II,S/D,Urbana,Ninguna,No existe,Intersección,Bueno,Buena,Diurna,Buen Tiempo,Lateral,S/D,Colisión,Ninguna,Horizontal,Ninguna,Sin restricción,"-32.97625,-60.635361111111","['Alem', 'Garay']",2,,-32.97625,-60.635361111111,55.0,538.0,Municipio Rosario,Municipio,Rosario,820210,Servicio de Catastro e Información Territorial,IGN
2018,755,2018-01-09,Martes,0.0,21:30:00,,0.0,2,"Automóvil,Moto/Ciclomotor",Maipu Y Bv. Segui,3,2,0,0,1,0,0,"-32.979666666667,-60.643666666667",Calle,,ROSARIO,Rosario,Asfalto,No existe,II,S/D,Urbana,Ninguna,No existe,Intersección,Bueno,Buena,Nocturna,Buen Tiempo,Lateral,S/D,Atropello,Ninguna,Horizontal,Ninguna,Sin restricción,"-32.979666666667,-60.643666666667","['Maipú', 'Bulevar Juan Francisco Seguí']",2,,-32.979666666667,-60.643666666667,55.0,538.0,Municipio Rosario,Municipio,Rosario,820210,Servicio de Catastro e Información Territorial,IGN
2018,757,2018-01-09,Martes,0.0,06:30:00,,0.0,2,"Pickup/Utilitario,Moto/Ciclomotor",Amenabar Y Buenos Aires,2,1,0,0,1,0,0,"-32.973166666667,-60.639166666667",Calle,,ROSARIO,Rosario,Asfalto,No existe,II,S/D,Urbana,Señal Pare,No existe,Intersección,Bueno,Buena,Diurna,Buen Tiempo,Lateral,S/D,Atropello,Ninguna,"Horizontal,Vertical",Ninguna,Sin restricción,"-32.973166666667,-60.639166666667","['Amenabar', 'Buenos Aires']",2,,-32.973166666667,-60.639166666667,55.0,538.0,Municipio Rosario,Municipio,Rosario,820210,Servicio de Catastro e Información Territorial,IGN
2018,759,2018-01-03,Miercoles,0.0,17:15:00,,0.0,2,"Automóvil,Automóvil",Amenabar Y Mariano Moreno,2,1,0,0,1,0,0,"-32.969944444444,-60.657055555556",Calle,,ROSARIO,Rosario,Asfalto,No existe,II,S/D,Urbana,Ninguna,No existe,Recta,Bueno,Buena,Atardecer,Buen Tiempo,Lateral,S/D,Colisión,Ninguna,Faltante,Ninguna,Sin restricción,"-32.969944444444,-60.657055555556","['Amenabar', 'Mariano Moreno']",2,,-32.969944444444,-60.657055555556,55.0,538.0,Municipio Rosario,Municipio,Rosario,820210,Servicio de Catastro e Información Territorial,IGN
2018,760,2018-01-04,Jueves,0.0,13:05:00,,0.0,2,"Taxi/Remis,Moto/Ciclomotor",San Martin Y Centenario,2,1,0,0,1,0,0,"-33.00425,-60.649555555556",Avenida,,ROSARIO,Rosario,Asfalto,No existe,II,S/D,Urbana,Ninguna,No existe,Recta,Bueno,Buena,Diurna,Buen Tiempo,De alcance,S/D,Colisión,Ninguna,Horizontal,Cordón divisorio,Sin restricción,"-33.00425,-60.649555555556","['San Martin', 'Centenario']",2,,-33.00425,-60.649555555556,55.0,538.0,Municipio Rosario,Municipio,Rosario,820210,Servicio de Catastro e Información Territorial,IGN
2018,762,2018-01-04,Jueves,0.0,08:15:00,,0.0,2,"Automóvil,Bicicleta",Pte.Quintana Y Bv. Oro?o,2,1,0,0,1,0,0,"-32.979805555556,-60.662305555556",Avenida,,ROSARIO,Rosario,Asfalto,No existe,II,Dentro,Urbana,Ninguna,Funciona,Recta,Bueno,Buena,Atardecer,Buen Tiempo,S/D,Ciclista,Atropello,Ninguna,Vertical,Barrera de hormigón,Sin restricción,"-32.979805555556,-60.662305555556","['Quintana', 'Bulevar Nicasio Oroño']",2,,-32.979805555556,-60.662305555556,55.0,538.0,Municipio Rosario,Municipio,Rosario,820210,Servicio de Catastro e Información Territorial,IGN
2018,763,2018-01-03,Miercoles,0.0,10:00:00,,0.0,2,"Moto/Ciclomotor,Automóvil",Rueda Y Italia,2,1,0,0,1,0,0,"-32.969305555556,-60.654027777778",Calle,,ROSARIO,Rosario,Asfalto,No existe,II,Dentro,Urbana,Ninguna,No existe,Intersección,Bueno,Buena,Diurna,Buen Tiempo,Lateral,S/D,Colisión,Ninguna,Faltante,Ninguna,Sin restricción,"-32.969305555556,-60.654027777778","['Rueda', 'Italia']",2,,-32.969305555556,-60.654027777778,55.0,538.0,Municipio Rosario,Municipio,Rosario,820210,Servicio de Catastro e Información Territorial,IGN
2018,765,2018-01-03,Miercoles,0.0,15:00:00,,0.0,2,"Transporte de Pasajeros Urbano (> 8 asientos),Bicicleta",Italia Y Av. Uriburu,5,4,0,0,1,0,0,"-32.991194444444,-60.659555555556",Calle,,ROSARIO,Rosario,Asfalto,No existe,II,Dentro,Urbana,Semáforo,Funciona,Recta,Bueno,S/D,S/D,Buen Tiempo,S/D,Ciclista,Atropello,S/D,S/D,Barrera de hormigón,Sin restricción,"-32.991194444444,-60.659555555556","['Italia', 'Uriburu']",2,,-32.991194444444,-60.659555555556,55.0,538.0,Municipio Rosario,Municipio,Rosario,820210,Servicio de Catastro e Información Territorial,IGN
2018,803,2018-01-03,Miercoles,0.0,00:15:00,,0.0,2,"Taxi/Remis,Moto/Ciclomotor",Bv. Oro?o Y Juan Canals,3,2,0,0,1,0,0,"-32.986694444444,-60.664",Calle,,ROSARIO,Rosario,Asfalto,No existe,II,Dentro,Urbana,Ninguna,No existe,Recta,Bueno,Buena,Nocturna,Buen Tiempo,Lateral,S/D,Colisión,Ninguna,Faltante,Barrera de hormigón,Sin restricción,"-32.986694444444,-60.664","['Bulevar Nicasio Oroño', 'Juan Canals']",2,,-32.986694444444,-60.664,55.0,538.0,Municipio Rosario,Municipio,Rosario,820210,Servicio de Catastro e Información Territorial,IGN
2018,804,2018-01-16,Martes,0.0,18:00:00,,0.0,2,"Automóvil,Automóvil",Av. Jorge Cura Y Pueyrredon,2,1,0,0,1,0,0,"-32.970333333333,-60.664305555556",Calle,,ROSARIO,Rosario,Asfalto,No existe,II,Dentro,Urbana,Ninguna,No existe,Intersección,Bueno,Buena,Atardecer,Buen Tiempo,Lateral,S/D,Colisión,Ninguna,Faltante,Ninguna,Sin restricción,"-32.970333333333,-60.664305555556","['Avenida Jorge Cura', 'Pueyrredón']",2,,-32.970333333333,-60.664305555556,55.0,538.0,Municipio Rosario,Municipio,Rosario,820210,Servicio de Catastro e Información Territorial,IGN
2018,805,2018-01-14,Domingo,0.0,09:35:00,,0.0,2,"Automóvil,Taxi/Remis",San Martin Y Reg.11 de Infanteria,2,1,0,0,1,0,0,"-32.998777777778,-60.648527777778",Avenida,,ROSARIO,Rosario,Asfalto,No existe,II,S/D,Urbana,Ninguna,Funciona,Intersección,Bueno,Buena,Diurna,Otro,Lateral,S/D,Colisión,Ninguna,"Horizontal,Vertical",Barrera de hormigón,Sin restricción,"-32.998777777778,-60.648527777778","['San Martin', 'Regimiento 11']",2,,-32.998777777778,-60.648527777778,55.0,538.0,Municipio Rosario,Municipio,Rosario,820210,Servicio de Catastro e Información Territorial,IGN
2018,807,2018-01-13,Sabado,0.0,05:45:00,,0.0,2,"Taxi/Remis,Peatón",Bv. Oro?o Y Av. Jorge Cura,2,1,0,0,1,0,0,"-32.971111111111,-60.660166666667",Avenida,,ROSARIO,Rosario,Asfalto,No existe,II,S/D,Urbana,S/D,No existe,Recta,Bueno,S/D,S/D,Buen Tiempo,S/D,Peatón,Atropello,Ninguna,Horizontal,Barrera de hormigón,Sin restricción,"-32.971111111111,-60.660166666667","['Bulevar Nicasio Oroño', 'Avenida Jorge Cura']",2,,-32.971111111111,-60.660166666667,55.0,538.0,Municipio Rosario,Municipio,Rosario,820210,Servicio de Catastro e Información Territorial,IGN
2018,808,2018-01-01,Lunes,0.0,00:00:00,,0.0,2,"Moto/Ciclomotor,Automóvil",Juan Canals Y Callao,3,2,0,0,1,0,0,"-32.985472222222,-60.670916666667",Calle,,ROSARIO,Rosario,Asfalto,No existe,II,Dentro,Urbana,Ninguna,No existe,Recta,Bueno,Buena,Nocturna,Buen Tiempo,Lateral,S/D,Colisión,Ninguna,Faltante,Ninguna,Sin restricción,"-32.985472222222,-60.670916666667","['Juan Canals', 'Callao']",2,,-32.985472222222,-60.670916666667,55.0,538.0,Municipio Rosario,Municipio,Rosario,820210,Servicio de Catastro e Información Territorial,IGN
2018,810,2018-01-11,Jueves,0.0,17:30:00,,0.0,2,"Automóvil,Moto/Ciclomotor",Milan Y Av. Corrientes,3,0,1,0,2,0,0,"-32.989805555556,-60.653472222222",Calle,,ROSARIO,Rosario,Asfalto,No existe,II,Dentro,Urbana,Ninguna,No existe,Recta,Bueno,Buena,Atardecer,Otro,Frontal,S/D,Colisión,Ninguna,Faltante,Ninguna,Sin restricción,"-32.989805555556,-60.653472222222","['Milán', 'Corrientes']",2,,-32.989805555556,-60.653472222222,55.0,538.0,Municipio Rosario,Municipio,Rosario,820210,Servicio de Catastro e Información Territorial,IGN
2018,811,2018-01-06,Sabado,0.0,,,0.0,2,"Moto/Ciclomotor,Automóvil",Benito Juarez Y Espa?a,3,2,0,0,1,0,0,"-32.993194444444,-60.658",Calle,,ROSARIO,Rosario,S/D,No existe,II,S/D,Urbana,Ninguna,No existe,Recta,Otro,Buena,Atardecer,Otro,De alcance,S/D,Colisión,Ninguna,S/D,Ninguna,Sin restricción,"-32.993194444444,-60.658","['Benito Juárez', 'España']",2,,-32.993194444444,-60.658,55.0,538.0,Municipio Rosario,Municipio,Rosario,820210,Servicio de Catastro e Información Territorial,IGN
2018,812,2018-01-12,Viernes,0.0,22:45:00,,0.0,2,"Automóvil,Moto/Ciclomotor",Av. Battle y Ordo?ez Y Pte.Roca,4,2,0,0,2,0,0,"-33.009055555556,-60.655888888889",Calle,,ROSARIO,Rosario,Asfalto,No existe,II,Dentro,Urbana,Ninguna,No existe,Intersección,Con baches,Buena,Nocturna,Buen Tiempo,Frontal,S/D,Colisión,Ninguna,Faltante,Ninguna,Sin restricción,"-33.009055555556,-60.655888888889","['Avenida Battle y Ordoñez', 'Roca']",2,,-33.009055555556,-60.655888888889,55.0,538.0,Municipio Rosario,Municipio,Rosario,820210,Servicio de Catastro e Información Territorial,IGN
2018,814,2018-01-18,Jueves,0.0,13:15:00,,0.0,2,"Automóvil,Moto/Ciclomotor",San Martin Y Platon,3,2,0,0,1,0,0,"-33.020027777778,-60.653111111111",Avenida,,ROSARIO,Rosario,Asfalto,No existe,II,S/D,Urbana,Ninguna,No existe,Recta,Bueno,Buena,Diurna,Buen Tiempo,De alcance,S/D,Colisión,Ninguna,Faltante,Línea divisoria pintada,Sin restricción,"-33.020027777778,-60.653111111111","['San Martin', 'Platón']",2,,-33.020027777778,-60.653111111111,55.0,538.0,Municipio Rosario,Municipio,Rosario,820210,Servicio de Catastro e Información Territorial,IGN
2018,815,2018-01-15,Lunes,0.0,20:20:00,,0.0,2,"Automóvil,Bicicleta",Bv. Segui Y San Martin,2,1,0,0,1,0,0,"-32.979388888889,-60.644222222222",Avenida,,ROSARIO,Rosario,Asfalto,No existe,II,Dentro,Urbana,Semáforo,No existe,Recta,Bueno,Buena,Nocturna,Buen Tiempo,S/D,Ciclista,Atropello,Ninguna,"Horizontal,Vertical",Ninguna,Sin restricción,"-32.979388888889,-60.644222222222","['Bulevar Juan Francisco Seguí', 'San Martin']",2,,-32.979388888889,-60.644222222222,55.0,538.0,Municipio Rosario,Municipio,Rosario,820210,Servicio de Catastro e Información Territorial,IGN
2018,817,2018-01-26,Viernes,0.0,17:30:00,,0.0,2,"Bicicleta,Automóvil",San Martin Y Ayolas,2,1,0,0,1,0,0,"-32.977027777778,-60.644388888889",Avenida,,ROSARIO,Rosario,Asfalto,No existe,II,Dentro,Urbana,Semáforo,Funciona,Intersección,Bueno,Buena,Diurna,Buen Tiempo,S/D,Ciclista,Atropello,Ninguna,"Horizontal,Vertical",Ninguna,Sin restricción,"-32.977027777778,-60.644388888889","['San Martin', 'Ayolas']",2,,-32.977027777778,-60.644388888889,55.0,538.0,Municipio Rosario,Municipio,Rosario,820210,Servicio de Catastro e Información Territorial,IGN
2018,818,2018-01-24,Miercoles,0.0,13:30:00,,0.0,2,"Automóvil,Moto/Ciclomotor",Bv. Segui Y Av. Corrientes,2,1,0,0,1,0,0,"-32.97825,-60.650583333333",Avenida,,ROSARIO,Rosario,S/D,S/D,II,S/D,Urbana,S/D,S/D,Intersección,S/D,S/D,S/D,S/D,S/D,S/D,Colisión,S/D,S/D,S/D,S/D,"-32.97825,-60.650583333333","['Bulevar Juan Francisco Seguí', 'Corrientes']",2,,-32.97825,-60.650583333333,55.0,538.0,Municipio Rosario,Municipio,Rosario,820210,Servicio de Catastro e Información Territorial,IGN