anio_acci,nro_acci,fecha,desc_dia,fecha_aprox,hora_aprox,desc_ruta,km,cant_participantes,desc_participante,calle_avenida_km,total,heridos_leves,heridos_graves,heridos_gravisimos,ilesos,fallecidos,sin_datos,posicion_XY,desc_tipo_via,desc_ruta_ori,desc_loc,desc_dpto,desc_tipo_calzada,desc_tipo_banquina,desc_unidad_regional,desc_lugar_calzada,desc_zona,desc_prioridad,desc_estado_semaforo,desc_lugar_via,desc_estado_via,desc_estado_visibilidad,desc_luminosidad,desc_estado_clima,desc_tipo_colision,desc_tipo_atropello,desc_tipo_hecho,desc_pres_calzada,desc_senializacion,desc_separacion_via,desc_restriccion,forma_geocod,calle_lista,numero_calles,calles_osm,lat,lon,index_right,gid,fna,gna,nam,in1,fdc,sag
2018,820,2018-01-24,Miercoles,0.0,13:15:00,,0.0,2,"Automóvil,Bicicleta",Bv. Oro?o C Y Coulin,4,1,0,0,3,0,0,"-32.988944444444,-60.664888888889",Avenida,,ROSARIO,Rosario,Asfalto,No existe,II,S/D,Urbana,Ninguna,No existe,Recta,Bueno,Buena,Diurna,Buen Tiempo,Lateral,Ciclista,Atropello,Ninguna,Horizontal,Cordón divisorio,Sin restricción,"-32.988944444444,-60.664888888889","['Bulevar Nicasio Oroño', 'Coulin']",2,,-32.988944444444,-60.664888888889,55.0,538.0,Municipio Rosario,Municipio,Rosario,820210,Servicio de Catastro e Información Territorial,IGN
2018,822,2018-01-22,Lunes,0.0,15:20:00,,0.0,2,"Moto/Ciclomotor,Automóvil",Paraguay Y Av. Battle y Ordo?ez,3,2,0,0,1,0,0,"-33.009,-60.654472222222",Calle,,ROSARIO,Rosario,Asfalto,Pavimento,II,Dentro,Urbana,Ninguna,No funciona,Intersección,Bueno,Buena,Atardecer,Buen Tiempo,Lateral,S/D,Colisión,Ninguna,Vertical,Ninguna,Sin restricción,"-33.009,-60.654472222222","['Paraguay', 'Avenida Battle y Ordoñez']",2,,-33.009,-60.654472222222,55.0,538.0,Municipio Rosario,Municipio,Rosario,820210,Servicio de Catastro e Información Territorial,IGN
2018,823,2018-01-19,Viernes,0.0,01:00:00,,0.0,2,"Automóvil,Automóvil",Av. Uriburu Y Espa?a,3,3,0,0,0,0,0,"-32.991166666667,-60.658111111111",Calle,,ROSARIO,Rosario,Asfalto,No existe,II,Dentro,Urbana,S/D,S/D,Intersección,Bueno,Buena,Nocturna,Buen Tiempo,Frontal,S/D,Colisión,Ninguna,S/D,S/D,Sin restricción,"-32.991166666667,-60.658111111111","['Uriburu', 'España']",2,,-32.991166666667,-60.658111111111,55.0,538.0,Municipio Rosario,Municipio,Rosario,820210,Servicio de Catastro e Información Territorial,IGN
2018,825,2018-01-22,Lunes,0.0,12:40:00,,0.0,2,"Automóvil,Moto/Ciclomotor",Paraguay Y Pje. Cuzco,2,1,0,0,1,0,0,"-32.973972222222,-60.650944444444",Calle,,ROSARIO,Rosario,Asfalto,Pavimento,II,Dentro,Urbana,Ninguna,No funciona,Intersección,Bueno,Buena,Diurna,Buen Tiempo,Lateral,S/D,Colisión,Ninguna,S/D,Ninguna,Sin restricción,"-32.973972222222,-60.650944444444","['Paraguay', 'Cuzco']",2,,-32.973972222222,-60.650944444444,55.0,538.0,Municipio Rosario,Municipio,Rosario,820210,Servicio de Catastro e Información Territorial,IGN
2018,852,2018-01-31,Miercoles,0.0,18:30:00,,0.0,2,"Bicicleta,Automóvil",San Juan 500,2,1,0,0,1,0,0,"-32.951777777778,-60.630722222222",Calle,,ROSARIO,Rosario,Asfalto,S/D,II,Dentro,Urbana,S/D,S/D,Recta,Bueno,Buena,Diurna,S/D,S/D,Ciclista,Atropello,S/D,S/D,Cordón divisorio,S/D,"-32.951777777778,-60.630722222222",['San Juan 500'],1,,-32.951777777778,-60.630722222222,55.0,538.0,Municipio Rosario,Municipio,Rosario,820210,Servicio de Catastro e Información Territorial,IGN
2018,903,2018-01-20,Sabado,0.0,15:00:00,,0.0,2,"Moto/Ciclomotor,Automóvil",Av. Pellegrini Y Ayacucho,2,1,0,0,1,0,0,"-32.959416666667,-60.629638888889",Calle,,ROSARIO,Rosario,Asfalto,S/D,II,Dentro,Urbana,S/D,S/D,Cruce,Bueno,Buena,Diurna,S/D,Otro,S/D,Caída ocupante,S/D,S/D,Cordón divisorio,S/D,"-32.959416666667,-60.629638888889","['Pellegrini', 'Ayacucho']",2,,-32.959416666667,-60.629638888889,55.0,538.0,Municipio Rosario,Municipio,Rosario,820210,Servicio de Catastro e Información Territorial,IGN
2018,906,2018-01-15,Lunes,0.0,16:00:00,,0.0,2,"Automóvil,Automóvil",9 De Julio Y Buenos Aires,3,1,0,0,2,0,0,"-32.954915, -60.634637",Calle,,ROSARIO,Rosario,Asfalto,S/D,II,Dentro,Urbana,S/D,S/D,Recta,Bueno,Buena,Diurna,S/D,Otro,S/D,Colisión,S/D,S/D,Cordón divisorio,S/D,"-32.954915, -60.634637","['9 de Julio', 'Buenos Aires']",2,,-32.954915,-60.634637,55.0,538.0,Municipio Rosario,Municipio,Rosario,820210,Servicio de Catastro e Información Territorial,IGN
2018,910,2018-01-11,Jueves,0.0,18:30:00,,0.0,2,"Moto/Ciclomotor,Taxi/Remis",9 De Julio Y Buenos Aires,2,1,0,0,1,0,0,"-32.954861111111,-60.634583333333",Calle,,ROSARIO,Rosario,Asfalto,S/D,II,Dentro,Urbana,S/D,S/D,Intersección,Bueno,Buena,Diurna,S/D,Lateral,S/D,Colisión,S/D,S/D,Cordón divisorio,S/D,"-32.954861111111,-60.634583333333","['9 de Julio', 'Buenos Aires']",2,,-32.954861111111,-60.634583333333,55.0,538.0,Municipio Rosario,Municipio,Rosario,820210,Servicio de Catastro e Información Territorial,IGN
2018,912,2018-01-30,Martes,0.0,11:35:00,,0.0,2,"Automóvil,Automóvil",Tucuman Y Bv. Oro?o,2,1,0,0,1,0,0,"-32.951083333333,-60.655277777778",Calle,,ROSARIO,Rosario,Asfalto,S/D,II,S/D,Urbana,S/D,S/D,Intersección,Bueno,Buena,Diurna,S/D,S/D,S/D,Colisión,S/D,S/D,S/D,S/D,"-32.951083333333,-60.655277777778","['Tucumán', 'Bulevar Nicasio Oroño']",2,,-32.951083333333,-60.655277777778,55.0,538.0,Municipio Rosario,Municipio,Rosario,820210,Servicio de Catastro e Información Territorial,IGN
2018,914,2018-01-29,Lunes,0.0,13:00:00,,0.0,2,"Automóvil,Moto/Ciclomotor",Montevideo Y Pte.Roca,2,0,1,0,1,0,0,"-32.954888888889,-60.647555555556",Calle,,ROSARIO,Rosario,Asfalto,S/D,II,S/D,Urbana,Señal Pare,S/D,Intersección,Bueno,Buena,Diurna,Buen Tiempo,S/D,S/D,Colisión,S/D,S/D,S/D,S/D,"-32.954888888889,-60.647555555556","['Montevideo', 'Roca']",2,,-32.954888888889,-60.647555555556,55.0,538.0,Municipio Rosario,Municipio,Rosario,820210,Servicio de Catastro e Información Territorial,IGN
2018,916,2018-01-29,Lunes,0.0,00:10:00,,0.0,2,"Automóvil,Moto/Ciclomotor",Rioja Y Paraguay,2,0,1,0,1,0,0,"-32.946583333333,-60.644027777778",Calle,,ROSARIO,Rosario,Asfalto,S/D,II,S/D,Urbana,Semáforo,S/D,Intersección,Bueno,Buena,Nocturna,S/D,S/D,S/D,S/D,S/D,S/D,S/D,S/D,"-32.946583333333,-60.644027777778","['Rioja', 'Paraguay']",2,,-32.946583333333,-60.644027777778,55.0,538.0,Municipio Rosario,Municipio,Rosario,820210,Servicio de Catastro e Información Territorial,IGN
2018,917,2018-01-24,Miercoles,0.0,13:30:00,,0.0,2,"Peatón,Automóvil",Balcarce Y San Juan,2,1,0,0,1,0,0,"-32.947694444444,-60.652888888889",Calle,,ROSARIO,Rosario,Asfalto,S/D,II,S/D,Urbana,S/D,S/D,Recta,Bueno,Buena,Diurna,Buen Tiempo,S/D,Peatón,Atropello,S/D,S/D,S/D,S/D,"-32.947694444444,-60.652888888889","['Balcarce', 'San Juan']",2,,-32.947694444444,-60.652888888889,55.0,538.0,Municipio Rosario,Municipio,Rosario,820210,Servicio de Catastro e Información Territorial,IGN
2018,919,2018-01-23,Martes,0.0,17:50:00,,0.0,2,"Moto/Ciclomotor,Automóvil",J.M.de Rosas Y Mendoza,3,2,0,0,1,0,0,"-32.952722222222,-60.6325",Calle,,ROSARIO,Rosario,Asfalto,S/D,II,S/D,Urbana,Ninguna,S/D,Intersección,S/D,Buena,Diurna,Buen Tiempo,Otro,S/D,S/D,S/D,S/D,S/D,S/D,"-32.952722222222,-60.6325","['De Rosas', 'Mendoza']",2,,-32.952722222222,-60.6325,55.0,538.0,Municipio Rosario,Municipio,Rosario,820210,Servicio de Catastro e Información Territorial,IGN
2018,920,2018-01-27,Sabado,0.0,10:30:00,,0.0,2,"Peatón,Automóvil",Paraguay 1046,2,1,0,0,1,0,0,"-32.948555555556,-60.6445",Calle,,ROSARIO,Rosario,Asfalto,S/D,II,S/D,Urbana,S/D,S/D,Recta,Bueno,Buena,Diurna,Buen Tiempo,S/D,Peatón,Atropello,S/D,S/D,S/D,S/D,"-32.948555555556,-60.6445",['Paraguay 1046'],1,,-32.948555555556,-60.6445,55.0,538.0,Municipio Rosario,Municipio,Rosario,820210,Servicio de Catastro e Información Territorial,IGN
2018,922,2018-01-27,Sabado,0.0,08:30:00,,0.0,2,"Moto/Ciclomotor,Automóvil",San Martin Y Montevideo,3,1,0,0,2,0,0,"-32.956388888889,-60.639138888889",Calle,,ROSARIO,Rosario,Asfalto,S/D,II,S/D,Urbana,S/D,S/D,Intersección,Bueno,S/D,S/D,Buen Tiempo,S/D,S/D,Colisión,S/D,S/D,S/D,S/D,"-32.956388888889,-60.639138888889","['San Martin', 'Montevideo']",2,,-32.956388888889,-60.639138888889,55.0,538.0,Municipio Rosario,Municipio,Rosario,820210,Servicio de Catastro e Información Territorial,IGN
2018,924,2018-01-27,Sabado,0.0,07:00:00,,0.0,2,"Automóvil,Taxi/Remis",Tucuman Y Av. Corrientes,3,2,0,0,1,0,0,"-32.941027777778,-60.641194444444",Calle,,ROSARIO,Rosario,Asfalto,S/D,II,S/D,Urbana,Semáforo,S/D,Intersección,Bueno,Buena,Diurna,Buen Tiempo,Otro,S/D,Colisión,S/D,S/D,S/D,S/D,"-32.941027777778,-60.641194444444","['Tucumán', 'Corrientes']",2,,-32.941027777778,-60.641194444444,55.0,538.0,Municipio Rosario,Municipio,Rosario,820210,Servicio de Catastro e Información Territorial,IGN
2018,926,2018-01-02,Martes,0.0,21:30:00,,0.0,2,"Moto/Ciclomotor,Automóvil",Av. Ovidio Lagos Y Dr.Rivas,2,1,0,0,1,0,0,"-32.979583333333,-60.670361111111",Avenida,,ROSARIO,Rosario,Asfalto,No existe,II,Dentro,Urbana,Ninguna,No existe,Intersección,Bueno,Buena,Nocturna,Buen Tiempo,Lateral,S/D,Colisión,Ninguna,Faltante,Ninguna,Sin restricción,"-32.979583333333,-60.670361111111","['Avenida Ovidio Lagos', 'Doctor Francisco Riva']",2,,-32.979583333333,-60.670361111111,55.0,538.0,Municipio Rosario,Municipio,Rosario,820210,Servicio de Catastro e Información Territorial,IGN
2018,927,2018-01-04,Jueves,0.0,19:27:00,,0.0,2,"Peatón,Moto/Ciclomotor",Bv. Avellaneda Y Gaboto,3,1,0,0,2,0,0,"-32.966,-60.685805555556",Avenida,,ROSARIO,Rosario,Asfalto,No existe,II,S/D,Urbana,Ninguna,No existe,Intersección,Bueno,Buena,Atardecer,Buen Tiempo,S/D,Peatón,Atropello,Ninguna,Faltante,Cordón divisorio,Sin restricción,"-32.966,-60.685805555556","['Avellaneda', 'Gaboto']",2,,-32.966,-60.685805555556,55.0,538.0,Municipio Rosario,Municipio,Rosario,820210,Servicio de Catastro e Información Territorial,IGN
2018,929,2018-01-06,Sabado,0.0,21:50:00,,0.0,2,"Moto/Ciclomotor,Pickup/Utilitario",Bv. Segui Y Ricchieri,3,1,0,0,2,0,0,"-32.974638888889,-60.671027777778",Avenida,,ROSARIO,Rosario,Asfalto,No existe,II,Dentro,Urbana,Ninguna,No existe,Intersección,Bueno,Buena,Nocturna,Buen Tiempo,Lateral,S/D,Colisión,Ninguna,Faltante,Cordón divisorio,Sin restricción,"-32.974638888889,-60.671027777778","['Bulevar Juan Francisco Seguí', 'Ricchieri']",2,,-32.974638888889,-60.671027777778,55.0,538.0,Municipio Rosario,Municipio,Rosario,820210,Servicio de Catastro e Información Territorial,IGN
2018,930,2018-01-08,Lunes,0.0,01:00:00,,0.0,2,"Moto/Ciclomotor,Automóvil",Castellanos Y Bv. Segui,3,0,2,0,1,0,0,"-32.972472222222,-60.683277777778",Avenida,,ROSARIO,Rosario,Asfalto,No existe,II,Dentro,S/D,Ninguna,No existe,Intersección,Bueno,Buena,Nocturna,Buen Tiempo,Frontal,S/D,Colisión,Ninguna,Faltante,Cordón divisorio,Sin restricción,"-32.972472222222,-60.683277777778","['Aaron Castellanos', 'Bulevar Juan Francisco Seguí']",2,,-32.972472222222,-60.683277777778,55.0,538.0,Municipio Rosario,Municipio,Rosario,820210,Servicio de Catastro e Información Territorial,IGN
2018,934,2018-01-08,Lunes,0.0,19:00:00,,0.0,2,"Moto/Ciclomotor,Automóvil",Amenabar Y Cafferata,2,1,0,0,1,0,0,"-32.966305555556,-60.677472222222",Calle,,ROSARIO,Rosario,Asfalto,No existe,II,Dentro,Urbana,Ninguna,No existe,Intersección,Bueno,Buena,Atardecer,Buen Tiempo,Frontal,S/D,Colisión,Ninguna,Faltante,Cordón divisorio,Sin restricción,"-32.966305555556,-60.677472222222","['Amenabar', 'Cafferata']",2,,-32.966305555556,-60.677472222222,55.0,538.0,Municipio Rosario,Municipio,Rosario,820210,Servicio de Catastro e Información Territorial,IGN
2018,936,2018-01-12,Viernes,0.0,16:55:00,,0.0,2,"Automóvil,Automóvil",Bv. Segui Y Av. Ovidio Lagos,2,1,0,0,1,0,0,"-32.974972222222,-60.669222222222",Avenida,,ROSARIO,Rosario,Asfalto,No existe,II,Dentro,Urbana,Semáforo,Funciona,Intersección,Bueno,Buena,Diurna,Buen Tiempo,De alcance,S/D,Colisión,Ninguna,Faltante,Cordón divisorio,Sin restricción,"-32.974972222222,-60.669222222222","['Bulevar Juan Francisco Seguí', 'Avenida Ovidio Lagos']",2,,-32.974972222222,-60.669222222222,55.0,538.0,Municipio Rosario,Municipio,Rosario,820210,Servicio de Catastro e Información Territorial,IGN
2018,940,2018-01-14,Domingo,0.0,13:45:00,,0.0,2,"Automóvil,Automóvil",Av. Ovidio Lagos Y Bv. Segui,6,1,0,0,5,0,0,"-32.974972222222,-60.669222222222",Avenida,,ROSARIO,Rosario,Asfalto,No existe,II,Dentro,Urbana,Semáforo,Funciona,Intersección,Bueno,Buena,Diurna,Buen Tiempo,S/D,S/D,"Colisión,Vuelco",Ninguna,Faltante,Cordón divisorio,Sin restricción,"-32.974972222222,-60.669222222222","['Avenida Ovidio Lagos', 'Bulevar Juan Francisco Seguí']",2,,-32.974972222222,-60.669222222222,55.0,538.0,Municipio Rosario,Municipio,Rosario,820210,Servicio de Catastro e Información Territorial,IGN
2018,944,2018-01-15,Lunes,0.0,19:30:00,,0.0,2,"Peatón,Automóvil",Fragata Sarmiento Y Pje. Ruggieri C,2,1,0,0,1,0,0,"-32.988055555556,-60.6765",Calle,,ROSARIO,Rosario,Asfalto,No existe,II,S/D,Urbana,S/D,No existe,Recta,Deteriorada,Buena,Nocturna,Buen Tiempo,Frontal,Ciclista,Atropello,Ninguna,Faltante,Ninguna,Sin restricción,"-32.988055555556,-60.6765","['Fragata Sarmiento', 'Ruggieri']",2,,-32.988055555556,-60.6765,55.0,538.0,Municipio Rosario,Municipio,Rosario,820210,Servicio de Catastro e Información Territorial,IGN
2018,945,2018-02-03,Sabado,0.0,06:40:00,,0.0,2,"Automóvil,Moto/Ciclomotor",Bv. Oro?o Y Av. Battle y Ordo?ez,3,1,0,0,2,0,0,"-33.009361111111,-60.664527777778",Avenida,,ROSARIO,Rosario,Asfalto,Pavimento,II,Dentro,Urbana,Semáforo,Funciona,Rotonda,Bueno,Buena,Amanecer,Buen Tiempo,De alcance,S/D,Atropello,Ninguna,Vertical,Ninguna,Sin restricción,"-33.009361111111,-60.664527777778","['Bulevar Nicasio Oroño', 'Avenida Battle y Ordoñez']",2,,-33.009361111111,-60.664527777778,55.0,538.0,Municipio Rosario,Municipio,Rosario,820210,Servicio de Catastro e Información Territorial,IGN
2018,949,2018-02-24,Sabado,0.0,09:30:00,,0.0,2,"Camión Chasis,Moto/Ciclomotor",Av. Ovidio Lagos 6700,2,1,0,0,1,0,0,"-33.016694444444,-60.678944444444",Avenida,,ROSARIO,Rosario,Asfalto,Pavimento,II,S/D,Urbana,Ninguna,S/D,Recta,Bueno,Buena,Diurna,Buen Tiempo,Otro,S/D,Colisión,Ninguna,S/D,Ninguna,Sin restricción,"-33.016694444444,-60.678944444444",['Ovidio Lagos 6700'],1,,-33.016694444444,-60.678944444444,55.0,538.0,Municipio Rosario,Municipio,Rosario,820210,Servicio de Catastro e Información Territorial,IGN
2018,985,2018-02-18,Domingo,0.0,18:00:00,,0.0,1,Moto/Ciclomotor,Av. Uriburu Y Bv. Oro?o,1,1,0,0,0,0,0,"-32.991305555556,-60.665138888889",Avenida,,ROSARIO,Rosario,Asfalto,S/D,II,Dentro,Urbana,Semáforo,S/D,Rotonda,Bueno,Buena,Atardecer,Buen Tiempo,S/D,S/D,Caída ocupante,Fluidos,"Horizontal,Vertical",Ninguna,Sin restricción,"-32.991305555556,-60.665138888889","['Uriburu', 'Bulevar Nicasio Oroño']",2,,-32.991305555556,-60.665138888889,55.0,538.0,Municipio Rosario,Municipio,Rosario,820210,Servicio de Catastro e Información Territorial,IGN
2018,987,2018-02-16,Viernes,0.0,18:45:00,,0.0,2,"Automóvil,Bicicleta",Av. Ntra.Sra.del Rosario Y Crespo,2,0,1,0,1,0,0,"-33.001027777778,-60.680638888889",Calle,,ROSARIO,Rosario,Asfalto,S/D,II,S/D,Urbana,Ninguna,S/D,Intersección,Bueno,Buena,Atardecer,Buen Tiempo,Otro,Ciclista,Atropello,Ninguna,Faltante,Ninguna,Sin restricción,"-33.001027777778,-60.680638888889","['Nuestra Señora del Rosario', 'Crespo']",2,,-33.001027777778,-60.680638888889,55.0,538.0,Municipio Rosario,Municipio,Rosario,820210,Servicio de Catastro e Información Territorial,IGN
2018,1126,2018-02-27,Martes,0.0,21:30:00,,0.0,2,"Taxi/Remis,Moto/Ciclomotor",Iriondo Y La Paz,2,1,0,0,1,0,0,"-32.958527777778,-60.674083333333",Calle,,ROSARIO,Rosario,Asfalto,No existe,II,Dentro,Urbana,Ninguna,No existe,Intersección,Bueno,Buena,Nocturna,Buen Tiempo,Lateral,S/D,Colisión,Ninguna,Faltante,Ninguna,Sin restricción,"-32.958527777778,-60.674083333333","['Iriondo', 'La Paz']",2,,-32.958527777778,-60.674083333333,55.0,538.0,Municipio Rosario,Municipio,Rosario,820210,Servicio de Catastro e Información Territorial,IGN
2018,1127,2018-02-28,Miercoles,0.0,11:50:00,,0.0,2,"Pickup/Utilitario,Automóvil",Cafferata Y La Paz,2,1,0,0,1,0,0,"-32.958277777778,-60.675416666667",Calle,,ROSARIO,Rosario,Asfalto,No existe,II,Dentro,Urbana,Ninguna,No existe,Intersección,Bueno,Buena,Diurna,Buen Tiempo,Lateral,S/D,Colisión,Ninguna,Faltante,Ninguna,Sin restricción,"-32.958277777778,-60.675416666667","['Cafferata', 'La Paz']",2,,-32.958277777778,-60.675416666667,55.0,538.0,Municipio Rosario,Municipio,Rosario,820210,Servicio de Catastro e Información Territorial,IGN
2018,1129,2018-02-07,Miercoles,0.0,,,0.0,2,"Moto/Ciclomotor,Pickup/Utilitario",Av. Provincias Unidas A Y Viamonte,2,1,0,0,1,0,0,"-32.956861111111,-60.711888888889",Calle,,ROSARIO,Rosario,Asfalto,No existe,II,Dentro,Urbana,Ninguna,S/D,Intersección,Bueno,S/D,S/D,Buen Tiempo,Lateral,S/D,Colisión,Ninguna,S/D,Ninguna,Sin restricción,"-32.956861111111,-60.711888888889","['Avenida Provincias Unidas', 'Viamonte']",2,,-32.956861111111,-60.711888888889,55.0,538.0,Municipio Rosario,Municipio,Rosario,820210,Servicio de Catastro e Información Territorial,IGN
2018,1130,2018-02-16,Viernes,0.0,,,0.0,2,"Bicicleta,Moto/Ciclomotor",Liniers Y La Paz,2,1,0,0,1,0,0,"-32.955333333333,-60.697972222222",Calle,,ROSARIO,Rosario,Asfalto,No existe,II,Dentro,Urbana,Ninguna,No existe,Intersección,Bueno,Buena,S/D,Buen Tiempo,S/D,Ciclista,Atropello,Ninguna,S/D,Ninguna,Sin restricción,"-32.955333333333,-60.697972222222","['Liniers', 'La Paz']",2,,-32.955333333333,-60.697972222222,55.0,538.0,Municipio Rosario,Municipio,Rosario,820210,Servicio de Catastro e Información Territorial,IGN
2018,1131,2018-02-15,Jueves,0.0,,,0.0,2,"Automóvil,Moto/Ciclomotor",Mendoza Y P.L.Funes,2,1,0,0,1,0,0,"-32.940472222222,-60.701222222222",Calle,,ROSARIO,Rosario,Asfalto,No existe,II,Dentro,Urbana,Ninguna,Funciona,Intersección,Bueno,S/D,S/D,Buen Tiempo,Lateral,S/D,Colisión,Ninguna,S/D,Ninguna,Sin restricción,"-32.940472222222,-60.701222222222","['Mendoza', 'Funes']",2,,-32.940472222222,-60.701222222222,55.0,538.0,Municipio Rosario,Municipio,Rosario,820210,Servicio de Catastro e Información Territorial,IGN
2018,1132,2018-02-04,Domingo,0.0,10:00:00,,0.0,2,"Pickup/Utilitario,Moto/Ciclomotor",Bv. 27 De Febrero Y Matienzo,4,2,0,0,2,0,0,"-32.958611111111,-60.693944444444",Calle,,ROSARIO,Rosario,Asfalto,Pavimento,II,Dentro,Urbana,Semáforo,Funciona,Intersección,Bueno,Buena,Diurna,Buen Tiempo,Lateral,S/D,Colisión,Ninguna,Vertical,Ninguna,Sin restricción,"-32.958611111111,-60.693944444444","['27 de Febrero', 'Matienzo']",2,,-32.958611111111,-60.693944444444,55.0,538.0,Municipio Rosario,Municipio,Rosario,820210,Servicio de Catastro e Información Territorial,IGN
2018,1134,2018-02-10,Sabado,0.0,12:50:00,,0.0,2,"Moto/Ciclomotor,Automóvil",Bv. Segui Y F.More,2,1,0,0,1,0,0,"-32.970527777778,-60.692611111111",Calle,,ROSARIO,Rosario,Asfalto,Pavimento,II,Dentro,Urbana,Semáforo,Funciona,Intersección,Bueno,Buena,Diurna,Buen Tiempo,Lateral,S/D,Colisión,Ninguna,Vertical,Ninguna,Sin restricción,"-32.970527777778,-60.692611111111","['Bulevar Juan Francisco Seguí', 'Felipe Moré']",2,,-32.970527777778,-60.692611111111,55.0,538.0,Municipio Rosario,Municipio,Rosario,820210,Servicio de Catastro e Información Territorial,IGN
2018,1142,2018-02-19,Lunes,0.0,17:00:00,,0.0,2,"Bicicleta,Automóvil",L.Braile Y Juan Pablo II,2,1,0,0,1,0,0,"-32.883321299613, -60.709300403610",Calle,,ROSARIO,Rosario,Asfalto,No existe,II,Dentro,Urbana,Ninguna,No existe,Recta,Bueno,Buena,Diurna,Buen Tiempo,Lateral,Ciclista,Atropello,Ninguna,Faltante,Ninguna,Sin restricción,"-32.883321299613, -60.709300403610","['Braile', 'Juan Pablo II']",2,,-32.883321299613,-60.70930040361,55.0,538.0,Municipio Rosario,Municipio,Rosario,820210,Servicio de Catastro e Información Territorial,IGN
2018,1156,2018-02-27,Martes,0.0,21:00:00,,0.0,2,"Moto/Ciclomotor,Moto/Ciclomotor",Superi Y Casiano Casas,3,2,1,0,0,0,0,"-32.896944444444,-60.714666666667",S/D,,ROSARIO,Rosario,Asfalto,No existe,II,Dentro,Urbana,Ninguna,No existe,Intersección,Bueno,Buena,Nocturna,Buen Tiempo,S/D,S/D,Colisión,Ninguna,Faltante,Cordón divisorio,Sin restricción,"-32.896944444444,-60.714666666667","['Superi', 'Avenida Casiano Casas']",2,,-32.896944444444,-60.714666666667,55.0,538.0,Municipio Rosario,Municipio,Rosario,820210,Servicio de Catastro e Información Territorial,IGN
2018,1157,2018-02-18,Domingo,0.0,23:30:00,,0.0,2,"Automóvil,Moto/Ciclomotor",Bv. Bouchard Y B.Alvarez,2,1,0,0,1,0,0,"-32.89025,-60.730833333333",Calle,,ROSARIO,Rosario,Asfalto,No existe,II,Dentro,Urbana,Ninguna,No existe,Recta,Bueno,Reducida,Nocturna,Buen Tiempo,"De alcance,Frontal",S/D,Atropello,Ninguna,Faltante,Ninguna,Sin restricción,"-32.89025,-60.730833333333","['Bouchard', 'Álvarez']",2,,-32.89025,-60.730833333333,55.0,538.0,Municipio Rosario,Municipio,Rosario,820210,Servicio de Catastro e Información Territorial,IGN
2018,1158,2018-02-18,Domingo,0.0,14:50:00,,0.0,2,"Automóvil,Moto/Ciclomotor",Grandoli Y Polledo,3,1,0,0,2,0,0,"-32.886833333333,-60.720527777778",Calle,,ROSARIO,Rosario,Asfalto,No existe,II,Dentro,Urbana,Otra Señal,No existe,Recta,Bueno,Buena,Diurna,Buen Tiempo,Lateral,S/D,Colisión,Ninguna,Vertical,Ninguna,Sin restricción,"-32.886833333333,-60.720527777778","['Avenida Abanderado Grandoli', 'Polledo']",2,,-32.886833333333,-60.720527777778,55.0,538.0,Municipio Rosario,Municipio,Rosario,820210,Servicio de Catastro e Información Territorial,IGN
2018,1159,2018-02-16,Viernes,0.0,14:15:00,,0.0,3,"Automóvil,Automóvil,Peatón",Freyre Y Cavia,3,0,0,0,1,0,2,"-32.89575,-60.709527777778",Calle,,ROSARIO,Rosario,Asfalto,No existe,II,Dentro,Urbana,Ninguna,No existe,Intersección,Otro,Buena,Diurna,Buen Tiempo,S/D,S/D,Colisión,Ninguna,Faltante,Cordón divisorio,Sin restricción,"-32.89575,-60.709527777778","['Freyre', 'Cavia']",2,,-32.89575,-60.709527777778,55.0,538.0,Municipio Rosario,Municipio,Rosario,820210,Servicio de Catastro e Información Territorial,IGN
2018,1161,2018-02-03,Sabado,0.0,01:30:00,,0.0,1,Moto/Ciclomotor,Anchoris 2000,1,1,0,0,0,0,0,"-32.895916666667,-60.700277777778",Calle,,ROSARIO,Rosario,Asfalto,No existe,II,S/D,Urbana,Ninguna,No existe,Recta,Bueno,Buena,Nocturna,Buen Tiempo,S/D,S/D,Colisión,Ninguna,Faltante,Cordón divisorio,Sin restricción,"-32.895916666667,-60.700277777778",['Anchoris 2000'],1,,-32.895916666667,-60.700277777778,55.0,538.0,Municipio Rosario,Municipio,Rosario,820210,Servicio de Catastro e Información Territorial,IGN
2018,1163,2018-02-08,Jueves,0.0,15:20:00,,0.0,2,"Automóvil,Automóvil",Av. Eva Peron 7200,2,1,0,0,1,0,0,"-32.931916666667,-60.718861111111",Avenida,,ROSARIO,Rosario,Asfalto,S/D,II,Dentro,Urbana,Ninguna,Funciona,Recta,Otro,Buena,S/D,Otro,De alcance,S/D,Colisión,Otro,Vertical,Ninguna,Sin restricción,"-32.931916666667,-60.718861111111",['Eva Peron 7200'],1,,-32.931916666667,-60.718861111111,55.0,538.0,Municipio Rosario,Municipio,Rosario,820210,Servicio de Catastro e Información Territorial,IGN