anio_acci,nro_acci,fecha,desc_dia,fecha_aprox,hora_aprox,desc_ruta,km,cant_participantes,desc_participante,calle_avenida_km,total,heridos_leves,heridos_graves,heridos_gravisimos,ilesos,fallecidos,sin_datos,posicion_XY,desc_tipo_via,desc_ruta_ori,desc_loc,desc_dpto,desc_tipo_calzada,desc_tipo_banquina,desc_unidad_regional,desc_lugar_calzada,desc_zona,desc_prioridad,desc_estado_semaforo,desc_lugar_via,desc_estado_via,desc_estado_visibilidad,desc_luminosidad,desc_estado_clima,desc_tipo_colision,desc_tipo_atropello,desc_tipo_hecho,desc_pres_calzada,desc_senializacion,desc_separacion_via,desc_restriccion,forma_geocod,calle_lista,numero_calles,calles_osm,lat,lon,index_right,gid,fna,gna,nam,in1,fdc,sag
2018,1167,2018-02-18,Domingo,0.0,17:40:00,,0.0,2,"Moto/Ciclomotor,Automóvil",Av. Eva Peron Y Donado,3,2,0,0,1,0,0,"-32.930527777778,-60.727361111111",Avenida,,ROSARIO,Rosario,Asfalto,Pavimento,II,Dentro,Urbana,Semáforo,Funciona,Recta,Otro,Buena,Diurna,Otro,Lateral,S/D,Colisión,Ninguna,Vertical,Ninguna,Sin restricción,"-32.930527777778,-60.727361111111","['Avenida Eva Perón', 'Donado']",2,,-32.930527777778,-60.727361111111,55.0,538.0,Municipio Rosario,Municipio,Rosario,820210,Servicio de Catastro e Información Territorial,IGN
2018,1169,2018-02-16,Viernes,0.0,15:10:00,,0.0,2,"Automóvil,Moto/Ciclomotor",Brasil Y French,3,2,0,0,1,0,0,"-32.921972222222,-60.720388888889",Calle,,ROSARIO,Rosario,Asfalto,S/D,II,Dentro,Urbana,Ninguna,S/D,Recta,Otro,Buena,Diurna,Otro,Lateral,S/D,Colisión,Otro,Vertical,Ninguna,Sin restricción,"-32.921972222222,-60.720388888889","['Brasil', 'French']",2,,-32.921972222222,-60.720388888889,55.0,538.0,Municipio Rosario,Municipio,Rosario,820210,Servicio de Catastro e Información Territorial,IGN
2018,1170,2018-01-18,Jueves,0.0,20:45:00,,0.0,2,"Moto/Ciclomotor,Automóvil",Bv. Avellaneda Y Garibaldi,5,1,0,0,4,0,0,"-32.9783, -60.68877",Avenida,,ROSARIO,Rosario,Asfalto,No existe,II,S/D,Urbana,Semáforo,Funciona,Intersección,Bueno,Buena,Diurna,Buen Tiempo,Frontal,S/D,Colisión,Ninguna,Faltante,Barrera de hormigón,Sin restricción,"-32.9783, -60.68877","['Avellaneda', 'José Garibaldi']",2,,-32.9783,-60.68877,55.0,538.0,Municipio Rosario,Municipio,Rosario,820210,Servicio de Catastro e Información Territorial,IGN
2018,1172,2018-02-02,Viernes,0.0,19:20:00,,0.0,2,"Moto/Ciclomotor,Bicicleta",J.J.Paso Y Venezuela,2,1,0,0,1,0,0,"-32.920583333333,-60.725388888889",Avenida,,ROSARIO,Rosario,Asfalto,Pavimento,II,Dentro,Urbana,Ninguna,S/D,Recta,Otro,Buena,Atardecer,Otro,Lateral,Ciclista,Atropello,Otro,Vertical,Ninguna,Sin restricción,"-32.920583333333,-60.725388888889","['Paso', 'Venezuela']",2,,-32.920583333333,-60.725388888889,55.0,538.0,Municipio Rosario,Municipio,Rosario,820210,Servicio de Catastro e Información Territorial,IGN
2018,1173,2018-02-23,Viernes,0.0,17:00:00,,0.0,2,"Moto/Ciclomotor,Bicicleta",Mendoza Y Brasil,2,1,0,0,1,0,0,"-32.940361111111,-60.719555555556",Calle,,ROSARIO,Rosario,Asfalto,Pavimento,II,Dentro,Urbana,Ninguna,Funciona,Recta,Bueno,Buena,Diurna,Buen Tiempo,Otro,Ciclista,Atropello,Ninguna,Horizontal,Cordón divisorio,Sin restricción,"-32.940361111111,-60.719555555556","['Mendoza', 'Brasil']",2,,-32.940361111111,-60.719555555556,55.0,538.0,Municipio Rosario,Municipio,Rosario,820210,Servicio de Catastro e Información Territorial,IGN
2018,1178,2018-01-21,Domingo,0.0,20:15:00,,0.0,2,"Peatón,Moto/Ciclomotor",Bv. Avellaneda Y Av. Uriburu,3,2,0,0,1,0,0,"-32.991888888889,-60.689333333333",Avenida,,ROSARIO,Rosario,Asfalto,No existe,II,Dentro,Urbana,Semáforo,Funciona,Intersección,Bueno,Buena,Nocturna,Buen Tiempo,S/D,Peatón,Atropello,Ninguna,Faltante,Cordón divisorio,Sin restricción,"-32.991888888889,-60.689333333333","['Avellaneda', 'Uriburu']",2,,-32.991888888889,-60.689333333333,55.0,538.0,Municipio Rosario,Municipio,Rosario,820210,Servicio de Catastro e Información Territorial,IGN
2018,1179,2018-01-16,Martes,0.0,19:15:00,,0.0,2,"Automóvil,Moto/Ciclomotor",Lamadrid Y Callao,4,3,0,0,1,0,0,"-32.997805555556,-60.671638888889",Calle,,ROSARIO,Rosario,Asfalto,Pavimento,II,Dentro,Urbana,Ninguna,No existe,Intersección,Bueno,Buena,Diurna,Buen Tiempo,Otro,S/D,Colisión,S/D,Faltante,Ninguna,Sin restricción,"-32.997805555556,-60.671638888889","['Lamadrid', 'Callao']",2,,-32.997805555556,-60.671638888889,55.0,538.0,Municipio Rosario,Municipio,Rosario,820210,Servicio de Catastro e Información Territorial,IGN
2018,1180,2018-01-14,Domingo,0.0,18:00:00,,0.0,2,"Moto/Ciclomotor,Taxi/Remis",Av. Uriburu Y Bv. Oro?o,2,1,0,0,1,0,0,"-32.991305555556,-60.665138888889",Avenida,,ROSARIO,Rosario,Asfalto,Pavimento,II,S/D,Urbana,Semáforo,Funciona,Rotonda,Bueno,Buena,Atardecer,Buen Tiempo,Lateral,S/D,Atropello,Ninguna,Vertical,Ninguna,Sin restricción,"-32.991305555556,-60.665138888889","['Uriburu', 'Bulevar Nicasio Oroño']",2,,-32.991305555556,-60.665138888889,55.0,538.0,Municipio Rosario,Municipio,Rosario,820210,Servicio de Catastro e Información Territorial,IGN
2018,1181,2018-01-08,Lunes,0.0,13:15:00,,0.0,2,"Moto/Ciclomotor,Automóvil",Ocampo Y Cafferata,2,0,1,0,1,0,0,"-32.960555555556,-60.676027777778",Calle,,ROSARIO,Rosario,Asfalto,No existe,II,S/D,Urbana,Otra Señal,No existe,Intersección,Bueno,Buena,Diurna,Buen Tiempo,S/D,S/D,Colisión,Ninguna,Horizontal,Ninguna,Sin restricción,"-32.960555555556,-60.676027777778","['Ocampo', 'Cafferata']",2,,-32.960555555556,-60.676027777778,55.0,538.0,Municipio Rosario,Municipio,Rosario,820210,Servicio de Catastro e Información Territorial,IGN
2018,1183,2018-01-20,Sabado,0.0,19:26:00,,0.0,2,"Moto/Ciclomotor,Peatón",Alsina Y Rueda,2,1,0,0,1,0,0,"-32.964194444444,-60.682638888889",Calle,,ROSARIO,Rosario,Asfalto,Pavimento,II,S/D,Urbana,Ninguna,Funciona,Intersección,Bueno,Buena,Diurna,Buen Tiempo,S/D,Peatón,Atropello,Ninguna,Faltante,Ninguna,Sin restricción,"-32.964194444444,-60.682638888889","['Alsina', 'Rueda']",2,,-32.964194444444,-60.682638888889,55.0,538.0,Municipio Rosario,Municipio,Rosario,820210,Servicio de Catastro e Información Territorial,IGN
2018,1185,2018-01-04,Jueves,0.0,19:30:00,,0.0,2,"Automóvil,Moto/Ciclomotor",Bertole Y Danieri,2,1,0,0,1,0,0,"-32.965333333333,-60.723611111111",Calle,,ROSARIO,Rosario,Asfalto,No existe,II,S/D,Urbana,Ninguna,No existe,Intersección,Bueno,Buena,Diurna,Buen Tiempo,S/D,S/D,Colisión,Ninguna,Faltante,Ninguna,Sin restricción,"-32.965333333333,-60.723611111111","['Bertole', 'Danieri']",2,,-32.965333333333,-60.723611111111,55.0,538.0,Municipio Rosario,Municipio,Rosario,820210,Servicio de Catastro e Información Territorial,IGN
2018,1186,2018-01-13,Sabado,0.0,23:00:00,,0.0,2,"Automóvil,Moto/Ciclomotor",Av. Ovidio Lagos Y Rueda,2,1,0,0,1,0,0,"-32.966916666667,-60.6675",Calle,,ROSARIO,Rosario,Asfalto,Pavimento,II,Dentro,Urbana,Ninguna,S/D,Intersección,Bueno,S/D,Nocturna,Buen Tiempo,Lateral,S/D,Colisión,Ninguna,S/D,Cordón divisorio,Sin restricción,"-32.966916666667,-60.6675","['Avenida Ovidio Lagos', 'Rueda']",2,,-32.966916666667,-60.6675,55.0,538.0,Municipio Rosario,Municipio,Rosario,820210,Servicio de Catastro e Información Territorial,IGN
2018,1188,2018-01-09,Martes,0.0,16:14:00,,0.0,2,"Bicicleta,Pickup/Utilitario",Sarmiento Y Bv. 27 De Febrero,2,1,0,0,1,0,0,"-32.96775,-60.643527777778",Calle,,ROSARIO,Rosario,Asfalto,Pavimento,II,S/D,Urbana,Semáforo,Funciona,Intersección,Bueno,Buena,S/D,Buen Tiempo,Lateral,S/D,Colisión,Ninguna,S/D,Ninguna,Sin restricción,"-32.96775,-60.643527777778","['Sarmiento', '27 de Febrero']",2,,-32.96775,-60.643527777778,55.0,538.0,Municipio Rosario,Municipio,Rosario,820210,Servicio de Catastro e Información Territorial,IGN
2018,1193,2018-01-08,Lunes,0.0,11:45:00,,0.0,2,"Moto/Ciclomotor,Automóvil",Pje Gordillo ,2,1,0,0,1,0,0,"-32.955000, -60.676991",Calle,,ROSARIO,Rosario,Asfalto,Pavimento,II,Dentro,Urbana,Semáforo,Funciona,Intersección,Bueno,Buena,Diurna,Buen Tiempo,Lateral,S/D,Colisión,Ninguna,S/D,Ninguna,Sin restricción,"-32.955000, -60.676991",['Pasaje Gordillo'],1,,-32.955,-60.676991,55.0,538.0,Municipio Rosario,Municipio,Rosario,820210,Servicio de Catastro e Información Territorial,IGN
2018,1194,2018-02-05,Lunes,0.0,13:10:00,,0.0,2,"Automóvil,Moto/Ciclomotor",Juan Pablo II Y Tucuman,2,1,0,0,1,0,0,"-32.932761958779, -60.722296270104",Calle,,ROSARIO,Rosario,Asfalto,Pavimento,II,Dentro,Urbana,Ninguna,S/D,Recta,Bueno,S/D,Diurna,S/D,Lateral,S/D,Colisión,S/D,S/D,Ninguna,Sin restricción,"-32.932761958779, -60.722296270104","['Juan Pablo II', 'Tucumán']",2,,-32.932761958779,-60.722296270104,55.0,538.0,Municipio Rosario,Municipio,Rosario,820210,Servicio de Catastro e Información Territorial,IGN
2018,1196,2018-01-08,Lunes,0.0,10:45:00,,0.0,2,"Moto/Ciclomotor,Automóvil",Bv. 27 De Febrero Y Entre Rios,3,1,0,0,2,0,0,"-32.967222222222,-60.646333333333",Calle,,ROSARIO,Rosario,Asfalto,Pavimento,II,S/D,Urbana,Semáforo,Funciona,Intersección,Bueno,Buena,Diurna,Buen Tiempo,Lateral,S/D,Colisión,Ninguna,S/D,Ninguna,Sin restricción,"-32.967222222222,-60.646333333333","['27 de Febrero', 'Entre Ríos']",2,,-32.967222222222,-60.646333333333,55.0,538.0,Municipio Rosario,Municipio,Rosario,820210,Servicio de Catastro e Información Territorial,IGN
2018,1197,2018-01-03,Miercoles,0.0,18:00:00,,0.0,2,"Moto/Ciclomotor,Automóvil",GÁLVEZ Y Paraguay,2,1,0,0,1,0,0,"-32.96775,-60.649361111111",Calle,,ROSARIO,Rosario,Asfalto,Pavimento,II,Dentro,Urbana,Señal Pare,No existe,Intersección,Bueno,Buena,Nocturna,Buen Tiempo,Lateral,S/D,Colisión,Ninguna,Vertical,Ninguna,Sin restricción,"-32.96775,-60.649361111111","['Glave', 'Paraguay']",2,,-32.96775,-60.649361111111,55.0,538.0,Municipio Rosario,Municipio,Rosario,820210,Servicio de Catastro e Información Territorial,IGN
2018,1199,2018-01-15,Lunes,0.0,08:20:00,,0.0,2,"Bicicleta,Automóvil",Bv. Oro?o Y Av. Dante Alighieri,2,1,0,0,1,0,0,"-32.961638888889,-60.657805555556",Calle,,ROSARIO,Rosario,Asfalto,Pavimento,II,S/D,Urbana,Semáforo,Funciona,Intersección,Bueno,Buena,Diurna,Buen Tiempo,S/D,Ciclista,Atropello,Ninguna,Horizontal,Ninguna,Sin restricción,"-32.961638888889,-60.657805555556","['Bulevar Nicasio Oroño', 'Dante Alighieri']",2,,-32.961638888889,-60.657805555556,55.0,538.0,Municipio Rosario,Municipio,Rosario,820210,Servicio de Catastro e Información Territorial,IGN
2018,1200,2018-01-16,Martes,0.0,09:40:00,,0.0,2,"Moto/Ciclomotor,Automóvil",Dorrego Y GÁLVEZ,2,1,0,0,1,0,0,"-32.966777777778,-60.654833333333",Calle,,ROSARIO,Rosario,Asfalto,Pavimento,II,Dentro,Urbana,Ninguna,No existe,Intersección,Bueno,Buena,Diurna,Buen Tiempo,Lateral,S/D,Colisión,Ninguna,Faltante,Ninguna,Sin restricción,"-32.966777777778,-60.654833333333","['Dorrego', 'Glave']",2,,-32.966777777778,-60.654833333333,55.0,538.0,Municipio Rosario,Municipio,Rosario,820210,Servicio de Catastro e Información Territorial,IGN
2018,1201,2018-02-06,Martes,0.0,21:45:00,,0.0,2,"Automóvil,Moto/Ciclomotor",Brasil Y Neuquen,3,2,0,0,1,0,0,"-32.944777777778,-60.719361111111",Calle,,ROSARIO,Rosario,Asfalto,Pavimento,II,Dentro,Urbana,Ninguna,S/D,Recta,Bueno,Buena,Nocturna,Buen Tiempo,Otro,S/D,Colisión,S/D,S/D,Ninguna,Sin restricción,"-32.944777777778,-60.719361111111","['Brasil', 'Neuquen']",2,,-32.944777777778,-60.719361111111,55.0,538.0,Municipio Rosario,Municipio,Rosario,820210,Servicio de Catastro e Información Territorial,IGN
2018,1203,2018-01-30,Martes,0.0,15:30:00,,0.0,2,"Moto/Ciclomotor,Taxi/Remis",Cerrito Y Mitre,2,1,0,0,1,0,0,"-32.961611111111,-60.643444444444",Calle,,ROSARIO,Rosario,Asfalto,No existe,II,Dentro,Urbana,Ninguna,No existe,Intersección,Bueno,Buena,Diurna,Buen Tiempo,De alcance,S/D,Colisión,Ninguna,Vertical,Ninguna,Sin restricción,"-32.961611111111,-60.643444444444","['Cerrito', 'Mitre']",2,,-32.961611111111,-60.643444444444,55.0,538.0,Municipio Rosario,Municipio,Rosario,820210,Servicio de Catastro e Información Territorial,IGN
2018,1204,2018-01-30,Martes,0.0,15:45:00,,0.0,2,"Peatón,Automóvil",Ituzaingo Y Sarmiento,2,1,0,0,1,0,0,"-32.960722222222,-60.64175",Calle,,ROSARIO,Rosario,Asfalto,No existe,II,Dentro,Urbana,Ninguna,No existe,Intersección,Bueno,Buena,Diurna,Buen Tiempo,S/D,Peatón,Atropello,Ninguna,Faltante,Ninguna,Sin restricción,"-32.960722222222,-60.64175","['Ituzaingó', 'Sarmiento']",2,,-32.960722222222,-60.64175,55.0,538.0,Municipio Rosario,Municipio,Rosario,820210,Servicio de Catastro e Información Territorial,IGN
2018,1205,2018-02-07,Miercoles,0.0,23:30:00,,0.0,2,"Peatón,Moto/Ciclomotor",Pje. Prusia 7700,3,2,1,0,0,0,0,"-32.935527777778,-60.727277777778",Calle,,ROSARIO,Rosario,Asfalto,No existe,II,Dentro,Urbana,Ninguna,S/D,Intersección,Bueno,S/D,"Nocturna,Con luz artificial",S/D,S/D,Peatón,Atropello,S/D,S/D,Ninguna,Sin restricción,"-32.935527777778,-60.727277777778",['Pasaje Prusia 7700'],1,,-32.935527777778,-60.727277777778,55.0,538.0,Municipio Rosario,Municipio,Rosario,820210,Servicio de Catastro e Información Territorial,IGN
2018,1206,2018-01-29,Lunes,0.0,20:45:00,,0.0,2,"Automóvil,Automóvil",Espa?a Y Pje. Gomensoro,4,3,0,0,1,0,0,"-32.970111111111,-60.652861111111",Calle,,ROSARIO,Rosario,Asfalto,No existe,II,Dentro,Urbana,Ninguna,S/D,Recta,Bueno,Buena,Nocturna,Buen Tiempo,De alcance,S/D,Colisión,Ninguna,Faltante,Ninguna,Sin restricción,"-32.970111111111,-60.652861111111","['España', 'Gomensoro']",2,,-32.970111111111,-60.652861111111,55.0,538.0,Municipio Rosario,Municipio,Rosario,820210,Servicio de Catastro e Información Territorial,IGN
2018,1208,2018-02-12,Lunes,0.0,08:40:00,,0.0,1,Automóvil,Av. Eva Peron Y Donado,4,1,0,0,3,0,0,"-32.930527777778,-60.727361111111",Calle,,ROSARIO,Rosario,Asfalto,Natural,II,Fuera,Urbana,Ninguna,S/D,Otro,Bueno,S/D,Diurna,S/D,S/D,S/D,Despiste,S/D,S/D,Vegetación,Sin restricción,"-32.930527777778,-60.727361111111","['Avenida Eva Perón', 'Donado']",2,,-32.930527777778,-60.727361111111,55.0,538.0,Municipio Rosario,Municipio,Rosario,820210,Servicio de Catastro e Información Territorial,IGN
2018,1211,2018-02-07,Miercoles,0.0,,,0.0,1,Automóvil,Donado Bis Y La Republica,3,1,0,0,2,0,0,"-32.918946548732, -60.727986033288",Calle,,ROSARIO,Rosario,Asfalto,No existe,II,Dentro,Urbana,Ninguna,No existe,Recta,Bueno,Buena,Nocturna,Buen Tiempo,S/D,Peatón,Atropello,Ninguna,S/D,Ninguna,Sin restricción,"-32.918946548732, -60.727986033288","['Donado', 'La República']",2,,-32.918946548732,-60.727986033288,55.0,538.0,Municipio Rosario,Municipio,Rosario,820210,Servicio de Catastro e Información Territorial,IGN
2018,1234,2018-02-03,Sabado,0.0,22:15:00,,0.0,2,"Moto/Ciclomotor,Automóvil",Bv. Segui Y Constitucion,3,2,0,0,0,0,1,"-32.972694444444,-60.681944444444",Avenida,,ROSARIO,Rosario,Asfalto,No existe,II,Dentro,Urbana,Señal Pare,No existe,Intersección,Bueno,Buena,Nocturna,Buen Tiempo,S/D,S/D,Colisión,Ninguna,"Horizontal,Vertical",Cordón divisorio,Sin restricción,"-32.972694444444,-60.681944444444","['Bulevar Juan Francisco Seguí', 'Constitución']",2,,-32.972694444444,-60.681944444444,55.0,538.0,Municipio Rosario,Municipio,Rosario,820210,Servicio de Catastro e Información Territorial,IGN
2018,1238,2018-02-08,Jueves,0.0,14:20:00,,0.0,2,"Bicicleta,Automóvil",Bv. Segui Y Cafferata,2,1,0,0,0,0,1,"-32.973194444444,-60.679222222222",Avenida,,ROSARIO,Rosario,Asfalto,No existe,II,Dentro,Urbana,S/D,Funciona,Intersección,Bueno,Buena,Diurna,Buen Tiempo,De alcance,Ciclista,Atropello,Ninguna,"Horizontal,Vertical",Cordón divisorio,Sin restricción,"-32.973194444444,-60.679222222222","['Bulevar Juan Francisco Seguí', 'Cafferata']",2,,-32.973194444444,-60.679222222222,55.0,538.0,Municipio Rosario,Municipio,Rosario,820210,Servicio de Catastro e Información Territorial,IGN
2018,1242,2018-02-08,Jueves,0.0,13:30:00,,0.0,2,"Bicicleta,Pickup/Utilitario",Av. Ovidio Lagos Y Uruguay,2,1,0,0,1,0,0,"-32.972638888889,-60.668861111111",Avenida,,ROSARIO,Rosario,Asfalto,No existe,II,S/D,Urbana,Señal Ceda el Paso,No existe,Intersección,Bueno,Buena,Diurna,Buen Tiempo,Frontal,Ciclista,Atropello,Ninguna,Horizontal,Cordón divisorio,Sin restricción,"-32.972638888889,-60.668861111111","['Avenida Ovidio Lagos', 'Uruguay']",2,,-32.972638888889,-60.668861111111,55.0,538.0,Municipio Rosario,Municipio,Rosario,820210,Servicio de Catastro e Información Territorial,IGN
2018,1245,2018-02-09,Viernes,0.0,16:10:00,,0.0,2,"Peatón,Moto/Ciclomotor",Pje. Lejarza Y Pje. Manantiales,2,1,0,0,0,0,1,"-32.966439851961, -60.691689089596",Calle,,ROSARIO,Rosario,Asfalto,No existe,II,S/D,Urbana,Ninguna,No existe,Intersección,Bueno,Buena,Diurna,Buen Tiempo,Lateral,Peatón,Atropello,Ninguna,Faltante,Ninguna,Sin restricción,"-32.966439851961, -60.691689089596","['Lejarza', 'Manantiales']",2,,-32.966439851961,-60.691689089596,55.0,538.0,Municipio Rosario,Municipio,Rosario,820210,Servicio de Catastro e Información Territorial,IGN
2018,1249,2018-01-23,Martes,0.0,14:30:00,,0.0,2,"Automóvil,Moto/Ciclomotor",Pascual Rosas 1800,2,1,0,0,1,0,0,"-32.94988, -60.68896",Calle,,ROSARIO,Rosario,Asfalto,No existe,II,Dentro,Urbana,Ninguna,No existe,Recta,Bueno,Buena,Diurna,Buen Tiempo,Lateral,S/D,Colisión,Ninguna,S/D,Ninguna,Sin restricción,"-32.94988, -60.68896",['Pascual Rosas 1800'],1,,-32.94988,-60.68896,55.0,538.0,Municipio Rosario,Municipio,Rosario,820210,Servicio de Catastro e Información Territorial,IGN
2018,1250,2018-02-10,Sabado,0.0,07:00:00,,0.0,2,"Automóvil,Automóvil",Bv. Segui Y Bv. Avellaneda,2,1,0,0,1,0,0,"-32.971694444444,-60.687305555556",Avenida,,ROSARIO,Rosario,Asfalto,No existe,II,Dentro,Urbana,Semáforo,Funciona,Intersección,Bueno,Buena,Diurna,Buen Tiempo,De alcance,S/D,Colisión,Ninguna,"Horizontal,Vertical",Cordón divisorio,Sin restricción,"-32.971694444444,-60.687305555556","['Bulevar Juan Francisco Seguí', 'Avellaneda']",2,,-32.971694444444,-60.687305555556,55.0,538.0,Municipio Rosario,Municipio,Rosario,820210,Servicio de Catastro e Información Territorial,IGN
2018,1252,2018-01-15,Lunes,0.0,,,0.0,2,"Peatón,Moto/Ciclomotor",Mendoza Y Av. Provincias Unidas,3,1,0,0,2,0,0,"-32.940166666667,-60.712611111111",Calle,,ROSARIO,Rosario,Asfalto,No existe,II,Dentro,Urbana,Ninguna,S/D,Intersección,Bueno,S/D,S/D,Buen Tiempo,S/D,Peatón,Atropello,Ninguna,S/D,Ninguna,Sin restricción,"-32.940166666667,-60.712611111111","['Mendoza', 'Avenida Provincias Unidas']",2,,-32.940166666667,-60.712611111111,55.0,538.0,Municipio Rosario,Municipio,Rosario,820210,Servicio de Catastro e Información Territorial,IGN
2018,1253,2018-02-11,Domingo,0.0,11:50:00,,0.0,2,"Automóvil,Moto/Ciclomotor",Av. Ovidio Lagos Y Pje. Patria,2,1,0,0,1,0,0,"-33.000170648405, -60.675211633363",Avenida,,ROSARIO,Rosario,Asfalto,No existe,II,Dentro,Urbana,S/D,No existe,Intersección,Bueno,Buena,Diurna,Buen Tiempo,Lateral,S/D,Colisión,Ninguna,"Horizontal,Vertical",Cordón divisorio,Sin restricción,"-33.000170648405, -60.675211633363","['Avenida Ovidio Lagos', 'Patria']",2,,-33.000170648405,-60.675211633363,55.0,538.0,Municipio Rosario,Municipio,Rosario,820210,Servicio de Catastro e Información Territorial,IGN
2018,1254,2018-01-06,Sabado,0.0,,,0.0,2,"Moto/Ciclomotor,Taxi/Remis",Colombia A Y Pje. Hudson,2,1,0,0,1,0,0,"-32.946277777778,-60.715888888889",Calle,,ROSARIO,Rosario,Asfalto,No existe,II,Dentro,Urbana,Ninguna,S/D,Intersección,Bueno,Buena,S/D,Buen Tiempo,De alcance,S/D,Colisión,Ninguna,S/D,Ninguna,Sin restricción,"-32.946277777778,-60.715888888889","['Colombia', 'Hudson']",2,,-32.946277777778,-60.715888888889,55.0,538.0,Municipio Rosario,Municipio,Rosario,820210,Servicio de Catastro e Información Territorial,IGN
2018,1255,2018-02-07,Miercoles,0.0,17:30:00,,0.0,2,"Bicicleta,Automóvil",Bv. Avellaneda Y Av. Uriburu,2,1,0,0,1,0,0,"-32.991888888889,-60.689333333333",Avenida,,ROSARIO,Rosario,Asfalto,No existe,II,S/D,Urbana,S/D,Funciona,Intersección,Bueno,Buena,Atardecer,Buen Tiempo,S/D,Ciclista,Atropello,Ninguna,"Horizontal,Vertical",Cordón divisorio,Sin restricción,"-32.991888888889,-60.689333333333","['Avellaneda', 'Uriburu']",2,,-32.991888888889,-60.689333333333,55.0,538.0,Municipio Rosario,Municipio,Rosario,820210,Servicio de Catastro e Información Territorial,IGN
2018,1256,2018-01-01,Lunes,0.0,,,0.0,2,"Bicicleta,Moto/Ciclomotor",Mejico 846,2,1,0,0,1,0,0,"-32.937583333333,-60.718555555556",Calle,,ROSARIO,Rosario,Asfalto,No existe,II,Dentro,Urbana,Ninguna,No existe,Recta,Bueno,S/D,S/D,Buen Tiempo,S/D,Ciclista,Atropello,Ninguna,S/D,Ninguna,Sin restricción,"-32.937583333333,-60.718555555556",['Mejico 846'],1,,-32.937583333333,-60.718555555556,55.0,538.0,Municipio Rosario,Municipio,Rosario,820210,Servicio de Catastro e Información Territorial,IGN
2018,1257,2018-02-01,Jueves,1.0,,,0.0,2,"Automóvil,Transporte de Pasajeros Urbano (> 8 asientos)", ,9,3,0,0,6,0,0,"-32.947469,-60.675483",S/D,,ROSARIO,Rosario,S/D,S/D,II,S/D,S/D,S/D,S/D,S/D,S/D,S/D,S/D,S/D,S/D,S/D,S/D,S/D,S/D,S/D,S/D,"-32.947469,-60.675483",[''],0,,-32.947469,-60.675483,55.0,538.0,Municipio Rosario,Municipio,Rosario,820210,Servicio de Catastro e Información Territorial,IGN
2018,1258,2018-01-18,Jueves,0.0,20:40:00,,0.0,2,"Automóvil,Moto/Ciclomotor",Amenabar Y Campbell,2,1,0,0,1,0,0,"-32.963833333333,-60.707055555556",Calle,,ROSARIO,Rosario,Asfalto,Pavimento,II,S/D,Urbana,S/D,No existe,Recta,Bueno,S/D,S/D,S/D,S/D,S/D,Colisión,S/D,S/D,S/D,S/D,"-32.963833333333,-60.707055555556","['Amenabar', 'Campbell']",2,,-32.963833333333,-60.707055555556,55.0,538.0,Municipio Rosario,Municipio,Rosario,820210,Servicio de Catastro e Información Territorial,IGN
2018,1259,2018-02-14,Miercoles,0.0,11:15:00,,0.0,2,"Automóvil,Moto/Ciclomotor",Bv. Avellaneda Y Gaboto,2,1,0,0,1,0,0,"-32.966,-60.685805555556",Avenida,,ROSARIO,Rosario,Asfalto,No existe,II,Dentro,Urbana,Paso Peatonal,No existe,Intersección,Bueno,Buena,Diurna,Buen Tiempo,Frontal,S/D,Colisión,Ninguna,Horizontal,Cordón divisorio,Sin restricción,"-32.966,-60.685805555556","['Avellaneda', 'Gaboto']",2,,-32.966,-60.685805555556,55.0,538.0,Municipio Rosario,Municipio,Rosario,820210,Servicio de Catastro e Información Territorial,IGN
2018,1260,2018-02-18,Domingo,0.0,17:30:00,,0.0,2,"Transporte de Pasajeros Urbano (> 8 asientos),Moto/Ciclomotor",Bv. Segui Y San Nicolas,2,0,1,0,1,0,0,"-32.972944444444,-60.680583333333",Calle,,ROSARIO,Rosario,Asfalto,No existe,II,S/D,Urbana,Semáforo,Funciona,Intersección,Bueno,Buena,Diurna,Buen Tiempo,Lateral,S/D,Colisión,Ninguna,"Horizontal,Vertical",Cordón divisorio,Sin restricción,"-32.972944444444,-60.680583333333","['Bulevar Juan Francisco Seguí', 'San Nicolás']",2,,-32.972944444444,-60.680583333333,55.0,538.0,Municipio Rosario,Municipio,Rosario,820210,Servicio de Catastro e Información Territorial,IGN