anio_acci,nro_acci,fecha,desc_dia,fecha_aprox,hora_aprox,desc_ruta,km,cant_participantes,desc_participante,calle_avenida_km,total,heridos_leves,heridos_graves,heridos_gravisimos,ilesos,fallecidos,sin_datos,posicion_XY,desc_tipo_via,desc_ruta_ori,desc_loc,desc_dpto,desc_tipo_calzada,desc_tipo_banquina,desc_unidad_regional,desc_lugar_calzada,desc_zona,desc_prioridad,desc_estado_semaforo,desc_lugar_via,desc_estado_via,desc_estado_visibilidad,desc_luminosidad,desc_estado_clima,desc_tipo_colision,desc_tipo_atropello,desc_tipo_hecho,desc_pres_calzada,desc_senializacion,desc_separacion_via,desc_restriccion,forma_geocod,calle_lista,numero_calles,calles_osm,lat,lon,index_right,gid,fna,gna,nam,in1,fdc,sag
2018,1261,2018-01-27,Sabado,0.0,13:45:00,,0.0,2,"Automóvil,Bicicleta",Calle 1809 Y Roullon,2,1,0,0,1,0,0,"-32.974722222222,-60.700916666667",Calle,,ROSARIO,Rosario,Asfalto,No existe,II,S/D,Urbana,S/D,No existe,Recta,Bueno,Buena,Diurna,S/D,S/D,S/D,Colisión,S/D,S/D,S/D,S/D,"-32.974722222222,-60.700916666667","['Gaucho Rivero', 'Alfredo Rouillón']",2,,-32.974722222222,-60.700916666667,55.0,538.0,Municipio Rosario,Municipio,Rosario,820210,Servicio de Catastro e Información Territorial,IGN
2018,1262,2018-02-19,Lunes,0.0,19:50:00,,0.0,2,"Moto/Ciclomotor,Automóvil",Av. Ovidio Lagos Y Saavedra,2,1,0,0,1,0,0,"-32.973777777778,-60.669138888889",Avenida,,ROSARIO,Rosario,Asfalto,No existe,II,Dentro,Urbana,Señal Ceda el Paso,No existe,Intersección,Bueno,Buena,Atardecer,Buen Tiempo,Lateral,S/D,Colisión,Ninguna,"Horizontal,Vertical",Cordón divisorio,Sin restricción,"-32.973777777778,-60.669138888889","['Avenida Ovidio Lagos', 'Saavedra']",2,,-32.973777777778,-60.669138888889,55.0,538.0,Municipio Rosario,Municipio,Rosario,820210,Servicio de Catastro e Información Territorial,IGN
2018,1263,2018-02-16,Viernes,0.0,07:00:00,,0.0,2,"Moto/Ciclomotor,Automóvil",Pje. 2012 7700,2,1,0,0,1,0,0,"-33.0063646,-60.6881563",Calle,,ROSARIO,Rosario,Asfalto,No existe,II,Dentro,Urbana,Ninguna,No existe,Recta,Bueno,Buena,Amanecer,Buen Tiempo,Lateral,S/D,Colisión,Ninguna,Faltante,Ninguna,Sin restricción,"-33.0063646,-60.6881563",['Pasaje 2012 7700'],1,,-33.0063646,-60.6881563,55.0,538.0,Municipio Rosario,Municipio,Rosario,820210,Servicio de Catastro e Información Territorial,IGN
2018,1264,2018-01-02,Martes,0.0,06:25:00,,0.0,2,"Automóvil,Moto/Ciclomotor",Biselli Y Roullon,3,2,0,0,1,0,0,"-32.971972222222,-60.701",Calle,,ROSARIO,Rosario,Asfalto,S/D,II,S/D,Urbana,Ninguna,No existe,Recta,Bueno,Buena,Diurna,Buen Tiempo,S/D,S/D,Colisión,Ninguna,Faltante,S/D,S/D,"-32.971972222222,-60.701","['Sanguinetti', 'Alfredo Rouillón']",2,,-32.971972222222,-60.701,55.0,538.0,Municipio Rosario,Municipio,Rosario,820210,Servicio de Catastro e Información Territorial,IGN
2018,1266,2018-02-10,Sabado,0.0,18:10:00,,0.0,2,"Moto/Ciclomotor,Automóvil",Dean Funes Y Rio De Janeiro,2,1,0,0,1,0,0,"-32.968027777778,-60.687861111111",Calle,,ROSARIO,Rosario,Asfalto,No existe,II,Dentro,Urbana,Ninguna,No existe,Intersección,Bueno,Buena,Atardecer,Buen Tiempo,Frontal,S/D,Colisión,Ninguna,Faltante,Ninguna,Sin restricción,"-32.968027777778,-60.687861111111","['Deán Gregorio Funes', 'Río de Janeiro']",2,,-32.968027777778,-60.687861111111,55.0,538.0,Municipio Rosario,Municipio,Rosario,820210,Servicio de Catastro e Información Territorial,IGN
2018,1267,2018-02-20,Martes,0.0,13:55:00,,0.0,2,"Pickup/Utilitario,Moto/Ciclomotor",Av. Francia Y Gaboto,2,1,0,0,1,0,0,"-32.968416666667,-60.672444444444",Avenida,,ROSARIO,Rosario,Asfalto,No existe,II,S/D,Urbana,Ninguna,No existe,Intersección,Bueno,Buena,Diurna,Buen Tiempo,S/D,S/D,Colisión,Ninguna,S/D,Cordón divisorio,Sin restricción,"-32.968416666667,-60.672444444444","['Avenida Francia', 'Gaboto']",2,,-32.968416666667,-60.672444444444,55.0,538.0,Municipio Rosario,Municipio,Rosario,820210,Servicio de Catastro e Información Territorial,IGN
2018,1269,2018-02-16,Viernes,0.0,23:00:00,,0.0,2,"Moto/Ciclomotor,Automóvil",Dean Funes Y Colon,2,1,0,0,1,0,0,"-32.977888888889,-60.632888888889",Calle,,ROSARIO,Rosario,Asfalto,No existe,II,Dentro,Urbana,Marca Vial,No existe,Intersección,Bueno,Buena,Con luz artificial,Buen Tiempo,Lateral,S/D,Atropello,Ninguna,Vertical,Línea divisoria pintada,Sin restricción,"-32.977888888889,-60.632888888889","['Deán Gregorio Funes', 'Colon']",2,,-32.977888888889,-60.632888888889,55.0,538.0,Municipio Rosario,Municipio,Rosario,820210,Servicio de Catastro e Información Territorial,IGN
2018,1270,2018-02-10,Sabado,0.0,11:30:00,,0.0,2,"Camión Chasis,Transporte de Pasajeros Urbano (> 8 asientos)",Laprida Y Rueda,3,2,0,0,1,0,0,"-32.97175,-60.640444444444",Calle,,ROSARIO,Rosario,Asfalto,No existe,II,Dentro,Urbana,Marca Vial,No existe,Intersección,Bueno,Buena,Diurna,Buen Tiempo,Lateral,S/D,Colisión,Ninguna,Vertical,Línea divisoria pintada,Sin restricción,"-32.97175,-60.640444444444","['Laprida', 'Rueda']",2,,-32.97175,-60.640444444444,55.0,538.0,Municipio Rosario,Municipio,Rosario,820210,Servicio de Catastro e Información Territorial,IGN
2018,1272,2018-02-04,Domingo,0.0,23:43:00,,0.0,2,"Moto/Ciclomotor,Automóvil",Bv. Segui Y Grandoli,2,1,0,0,1,0,0,"-32.982339322874, -60.628069127718",Calle,,ROSARIO,Rosario,Asfalto,No existe,II,Dentro,Urbana,Marca Vial,No existe,Intersección,Bueno,Buena,Con luz artificial,Buen Tiempo,Lateral,S/D,Colisión,Ninguna,Faltante,Cordón divisorio,Sin restricción,"-32.982339322874, -60.628069127718","['Bulevar Juan Francisco Seguí', 'Avenida Abanderado Grandoli']",2,,-32.982339322874,-60.628069127718,55.0,538.0,Municipio Rosario,Municipio,Rosario,820210,Servicio de Catastro e Información Territorial,IGN
2018,1273,2018-02-26,Lunes,0.0,13:15:00,,0.0,2,"Automóvil,Moto/Ciclomotor",San Martin Y R.de Pineda,2,1,0,0,1,0,0,"-33.009194444444,-60.650611111111",Avenida,,ROSARIO,Rosario,Asfalto,Pavimento,II,S/D,Urbana,Otra Señal,Funciona,Intersección,Bueno,Buena,Diurna,Buen Tiempo,De alcance,S/D,Colisión,Ninguna,Faltante,Barrera de hormigón,Sin restricción,"-33.009194444444,-60.650611111111","['San Martin', 'De Pineda']",2,,-33.009194444444,-60.650611111111,55.0,538.0,Municipio Rosario,Municipio,Rosario,820210,Servicio de Catastro e Información Territorial,IGN
2018,1276,2018-01-15,Lunes,0.0,12:40:00,,0.0,2,"Pickup/Utilitario,Moto/Ciclomotor",Marcos Paz Y Juan Pablo II,2,1,0,0,1,0,0,"-32.939286143640, -60.721928982373",Calle,,ROSARIO,Rosario,Asfalto,S/D,II,Dentro,Urbana,Ninguna,S/D,Intersección,Bueno,S/D,Diurna,S/D,S/D,S/D,Colisión,S/D,S/D,Ninguna,S/D,"-32.939286143640, -60.721928982373","['Marcos Paz', 'Juan Pablo II']",2,,-32.93928614364,-60.721928982373,55.0,538.0,Municipio Rosario,Municipio,Rosario,820210,Servicio de Catastro e Información Territorial,IGN
2018,1277,2018-01-20,Sabado,0.0,12:30:00,,0.0,2,"Moto/Ciclomotor,Automóvil",Angel Carranza Y Santa Fe,2,1,0,0,1,0,0,"-32.936138888889,-60.729",Calle,,ROSARIO,Rosario,Asfalto,No existe,II,Dentro,Urbana,S/D,No existe,Intersección,Bueno,S/D,Diurna,S/D,S/D,S/D,Colisión,S/D,S/D,S/D,S/D,"-32.936138888889,-60.729","['Ángel Carranza', 'Santa Fe']",2,,-32.936138888889,-60.729,55.0,538.0,Municipio Rosario,Municipio,Rosario,820210,Servicio de Catastro e Información Territorial,IGN
2018,1278,2018-02-04,Domingo,0.0,03:30:00,,0.0,2,"Bicicleta,Moto/Ciclomotor",24 De Setiembre Y Esmeralda,3,3,0,0,0,0,0,"-32.983206173948, -60.629943423756",Calle,,ROSARIO,Rosario,Asfalto,No existe,II,Dentro,Urbana,Marca Vial,No existe,Intersección,Bueno,Buena,Con luz artificial,Buen Tiempo,Lateral,S/D,Colisión,Ninguna,Vertical,Línea divisoria pintada,Sin restricción,"-32.983206173948, -60.629943423756","['24 de Septiembre', 'Esmeralda']",2,,-32.983206173948,-60.629943423756,55.0,538.0,Municipio Rosario,Municipio,Rosario,820210,Servicio de Catastro e Información Territorial,IGN
2018,1279,2018-01-04,Jueves,0.0,12:20:00,,0.0,2,"Camión c / Acoplado,Automóvil",Mendoza Y Mejico,2,1,0,0,1,0,0,"-32.940333333333,-60.718416666667",Avenida,,ROSARIO,Rosario,Asfalto,S/D,II,Dentro,Urbana,S/D,No existe,Recta,Bueno,S/D,Diurna,S/D,S/D,S/D,Atropello,S/D,S/D,Cordón divisorio,S/D,"-32.940333333333,-60.718416666667","['Mendoza', 'Mejico']",2,,-32.940333333333,-60.718416666667,55.0,538.0,Municipio Rosario,Municipio,Rosario,820210,Servicio de Catastro e Información Territorial,IGN
2018,1280,2018-02-03,Sabado,0.0,20:00:00,,0.0,1,Otros,Rueda Y 1 de Mayo,1,1,0,0,0,0,0,"-32.972555555556,-60.635861111111",Calle,,ROSARIO,Rosario,Asfalto,No existe,II,Dentro,Urbana,Marca Vial,No existe,Recta,Bueno,Buena,Atardecer,Buen Tiempo,Contra objeto fijo,S/D,Colisión,Ninguna,Vertical,Línea divisoria pintada,Sin restricción,"-32.972555555556,-60.635861111111","['Rueda', 'Primero de Mayo']",2,,-32.972555555556,-60.635861111111,55.0,538.0,Municipio Rosario,Municipio,Rosario,820210,Servicio de Catastro e Información Territorial,IGN
2018,1281,2018-01-16,Martes,0.0,11:00:00,,0.0,2,"Moto/Ciclomotor,Automóvil",Av. San Jose De Calasanz Y Pje. Gallegos,2,1,0,0,1,0,0,"-32.940388888889,-60.747583333333",Calle,,ROSARIO,Rosario,Asfalto,Ripio,II,S/D,Urbana,Ninguna,No existe,Recta,Con baches,S/D,Diurna,S/D,S/D,S/D,Otro,S/D,S/D,S/D,S/D,"-32.940388888889,-60.747583333333","['Avenida San José de Calasanz', 'Gallegos']",2,,-32.940388888889,-60.747583333333,55.0,538.0,Municipio Rosario,Municipio,Rosario,820210,Servicio de Catastro e Información Territorial,IGN
2018,1282,2018-02-01,Jueves,0.0,04:00:00,,0.0,1,Moto/Ciclomotor,Esmeralda 3800,2,0,1,0,1,0,0,"-32.984361111111,-60.63025",Calle,,ROSARIO,Rosario,Asfalto,No existe,II,S/D,Urbana,Marca Vial,No existe,Recta,Bueno,Buena,Con luz artificial,Buen Tiempo,Contra objeto fijo,S/D,Colisión,Ninguna,Vertical,Línea divisoria pintada,Sin restricción,"-32.984361111111,-60.63025",['Esmeralda 3800'],1,,-32.984361111111,-60.63025,55.0,538.0,Municipio Rosario,Municipio,Rosario,820210,Servicio de Catastro e Información Territorial,IGN
2018,1283,2018-02-15,Jueves,0.0,18:00:00,,0.0,2,"Peatón,Automóvil",G.Carrasco Y Solis,2,1,0,0,1,0,0,"-32.920722222222,-60.704194444444",Calle,,ROSARIO,Rosario,Asfalto,No existe,II,Dentro,Urbana,Ninguna,S/D,Recta,Bueno,Buena,Nocturna,Buen Tiempo,Otro,Peatón,Atropello,Ninguna,Faltante,Ninguna,Sin restricción,"-32.920722222222,-60.704194444444","['Carrasco', 'Solis']",2,,-32.920722222222,-60.704194444444,55.0,538.0,Municipio Rosario,Municipio,Rosario,820210,Servicio de Catastro e Información Territorial,IGN
2018,1285,2018-01-02,Martes,0.0,08:10:00,,0.0,2,"Bicicleta,Automóvil",Rio De Janeiro Y Av. Pte.Peron,2,1,0,0,1,0,0,"-32.957666666667,-60.685277777778",S/D,,ROSARIO,Rosario,Asfalto,No existe,II,S/D,Urbana,Marca Vial,No existe,Intersección,Bueno,Buena,Diurna,Buen Tiempo,S/D,Ciclista,Atropello,Ninguna,"Horizontal,Vertical",Cordón divisorio,Sin restricción,"-32.957666666667,-60.685277777778","['Río de Janeiro', 'Avenida Presidente Perón']",2,,-32.957666666667,-60.685277777778,55.0,538.0,Municipio Rosario,Municipio,Rosario,820210,Servicio de Catastro e Información Territorial,IGN
2018,1287,2018-02-20,Martes,0.0,12:00:00,,0.0,2,"Moto/Ciclomotor,Bicicleta",Av. Provincias Unidas Y Jose Ingenieros,2,0,1,0,1,0,0,"-32.917111111111,-60.713638888889",Avenida,,ROSARIO,Rosario,Asfalto,No existe,II,Dentro,Urbana,Ninguna,No existe,Recta,Bueno,Buena,Diurna,Buen Tiempo,Otro,S/D,Atropello,Ninguna,Faltante,Cordón divisorio,Sin restricción,"-32.917111111111,-60.713638888889","['Avenida Provincias Unidas', 'José Ingenieros']",2,,-32.917111111111,-60.713638888889,55.0,538.0,Municipio Rosario,Municipio,Rosario,820210,Servicio de Catastro e Información Territorial,IGN
2018,1289,2018-02-24,Sabado,0.0,20:00:00,,0.0,4,"Pickup/Utilitario,Automóvil,Automóvil,Automóvil",J.J.Paso Y Olavarria Bis,7,5,0,0,2,0,0,"-32.919944444444,-60.704361111111",Avenida,,ROSARIO,Rosario,Asfalto,No existe,II,Dentro,Urbana,Ninguna,No existe,Recta,Bueno,Buena,Nocturna,Buen Tiempo,Múltiple,S/D,Colisión,Ninguna,Faltante,Ninguna,Sin restricción,"-32.919944444444,-60.704361111111","['Paso', 'Olavarría']",2,,-32.919944444444,-60.704361111111,55.0,538.0,Municipio Rosario,Municipio,Rosario,820210,Servicio de Catastro e Información Territorial,IGN
2018,1290,2018-02-10,Sabado,0.0,,,0.0,2,"Bicicleta,Automóvil",Lituania Y Pje Chapo Bis,2,0,1,0,1,0,0,"-32.999379791987, -60.621099232627",Calle,,ROSARIO,Rosario,Asfalto,No existe,II,Dentro,Urbana,Ninguna,No existe,Intersección,Bueno,Buena,Diurna,Buen Tiempo,Lateral,Ciclista,Atropello,Ninguna,Faltante,Ninguna,Sin restricción,"-32.999379791987, -60.621099232627","['Lituania', 'Chaco']",2,,-32.999379791987,-60.621099232627,55.0,538.0,Municipio Rosario,Municipio,Rosario,820210,Servicio de Catastro e Información Territorial,IGN
2018,1291,2018-02-20,Martes,0.0,22:00:00,,0.0,2,"Moto/Ciclomotor,Peatón",Santa Fe Y Pueyrredon,4,0,0,0,0,0,4,"-32.941638888889,-60.657055555556",Calle,,ROSARIO,Rosario,Asfalto,No existe,II,S/D,Urbana,Semáforo,Funciona,Recta,Con baches,Buena,"Nocturna,Con luz artificial",Buen Tiempo,Otro,S/D,Colisión,Ninguna,Faltante,Barrera de hormigón,Sin restricción,"-32.941638888889,-60.657055555556","['Santa Fe', 'Pueyrredón']",2,,-32.941638888889,-60.657055555556,55.0,538.0,Municipio Rosario,Municipio,Rosario,820210,Servicio de Catastro e Información Territorial,IGN
2018,1292,2018-02-12,Lunes,0.0,22:50:00,,0.0,2,"Bicicleta,Automóvil",Peru Y J.J.Paso,2,1,0,0,1,0,0,"-32.920166666667,-60.71225",Avenida,,ROSARIO,Rosario,Asfalto,No existe,II,Dentro,Urbana,Ninguna,No existe,Recta,Bueno,Buena,Nocturna,Buen Tiempo,De alcance,Ciclista,Atropello,Ninguna,Faltante,Línea divisoria pintada,Sin restricción,"-32.920166666667,-60.71225","['Peru', 'Paso']",2,,-32.920166666667,-60.71225,55.0,538.0,Municipio Rosario,Municipio,Rosario,820210,Servicio de Catastro e Información Territorial,IGN
2018,1293,2018-02-09,Viernes,0.0,19:15:00,,0.0,2,"Automóvil,Pickup/Utilitario",Tucuman Y Suipacha,5,2,0,0,0,0,3,"-32.937111111111,-60.663",Calle,,ROSARIO,Rosario,Asfalto,S/D,II,S/D,Urbana,Ninguna,No existe,Recta,Con baches,Buena,"Nocturna,Con luz artificial",Buen Tiempo,S/D,S/D,Colisión,S/D,Faltante,Cordón divisorio,S/D,"-32.937111111111,-60.663","['Tucumán', 'Suipacha']",2,,-32.937111111111,-60.663,55.0,538.0,Municipio Rosario,Municipio,Rosario,820210,Servicio de Catastro e Información Territorial,IGN
2018,1294,2018-02-07,Miercoles,0.0,14:40:00,,0.0,2,"Moto/Ciclomotor,Automóvil",Nicaragua Y J.B.Justo,3,2,0,0,1,0,0,"-32.915138888889,-60.721388888889",Avenida,,ROSARIO,Rosario,Asfalto,No existe,II,Dentro,Urbana,Ninguna,No existe,Recta,Bueno,Buena,Diurna,Buen Tiempo,De alcance,S/D,Colisión,Ninguna,Faltante,Línea divisoria pintada,Sin restricción,"-32.915138888889,-60.721388888889","['Nicaragua', 'Justo']",2,,-32.915138888889,-60.721388888889,55.0,538.0,Municipio Rosario,Municipio,Rosario,820210,Servicio de Catastro e Información Territorial,IGN
2018,1295,2018-02-14,Miercoles,0.0,14:35:00,,0.0,2,"Automóvil,Moto/Ciclomotor",San Nicolas Y San Lorenzo,2,2,0,0,0,0,0,"-32.938,-60.67175",Calle,,ROSARIO,Rosario,Asfalto,Pavimento,II,S/D,Urbana,Ninguna,No existe,Recta,Con baches,S/D,S/D,Buen Tiempo,Otro,S/D,Colisión,Ninguna,S/D,Barrera de hormigón,S/D,"-32.938,-60.67175","['San Nicolás', 'San Lorenzo']",2,,-32.938,-60.67175,55.0,538.0,Municipio Rosario,Municipio,Rosario,820210,Servicio de Catastro e Información Territorial,IGN
2018,1296,2018-02-05,Lunes,0.0,20:20:00,,0.0,2,"Moto/Ciclomotor,Moto/Ciclomotor",Jose Ingenieros Y Barra,3,2,0,0,1,0,0,"-32.916944444444,-60.708083333333",S/D,,ROSARIO,Rosario,Asfalto,No existe,II,S/D,S/D,Ninguna,No existe,Recta,Bueno,Buena,Nocturna,Buen Tiempo,Lateral,S/D,Colisión,Ninguna,Faltante,Ninguna,Sin restricción,"-32.916944444444,-60.708083333333","['José Ingenieros', 'Barra']",2,,-32.916944444444,-60.708083333333,55.0,538.0,Municipio Rosario,Municipio,Rosario,820210,Servicio de Catastro e Información Territorial,IGN
2018,1300,2018-02-03,Sabado,0.0,02:15:00,,0.0,2,"Moto/Ciclomotor,Moto/Ciclomotor",Av. Sorrento Y Av. Provincias Unidas,3,1,0,0,2,0,0,"-32.907833333333,-60.714027777778",Avenida,,ROSARIO,Rosario,Asfalto,Natural,II,Dentro,Urbana,Señal Ceda el Paso,No existe,Recta,Bueno,Buena,Nocturna,Buen Tiempo,Lateral,S/D,Atropello,Ninguna,Vertical,Guardarrail,Sin restricción,"-32.907833333333,-60.714027777778","['Sorrento', 'Avenida Provincias Unidas']",2,,-32.907833333333,-60.714027777778,55.0,538.0,Municipio Rosario,Municipio,Rosario,820210,Servicio de Catastro e Información Territorial,IGN
2018,1301,2018-02-05,Lunes,0.0,12:00:00,,0.0,2,"Pickup/Utilitario,Pickup/Utilitario",9 De Julio Y Laprida,3,2,0,0,1,0,0,"-32.954583333333,-60.636055555556",Calle,,ROSARIO,Rosario,Asfalto,S/D,II,S/D,Urbana,S/D,No existe,Intersección,S/D,S/D,Diurna,S/D,S/D,S/D,Colisión,S/D,S/D,S/D,S/D,"-32.954583333333,-60.636055555556","['9 de Julio', 'Laprida']",2,,-32.954583333333,-60.636055555556,55.0,538.0,Municipio Rosario,Municipio,Rosario,820210,Servicio de Catastro e Información Territorial,IGN
2018,1303,2018-02-02,Viernes,0.0,20:15:00,,0.0,2,"Pickup/Utilitario,Moto/Ciclomotor",La Republica Y Av. Provincias Unidas,2,1,0,0,1,0,0,"-32.918583333333,-60.713583333333",Avenida,,ROSARIO,Rosario,Asfalto,No existe,II,Dentro,Urbana,Ninguna,No existe,Recta,Bueno,Buena,Nocturna,Buen Tiempo,Otro,S/D,Atropello,S/D,S/D,Cordón divisorio,Sin restricción,"-32.918583333333,-60.713583333333","['La República', 'Avenida Provincias Unidas']",2,,-32.918583333333,-60.713583333333,55.0,538.0,Municipio Rosario,Municipio,Rosario,820210,Servicio de Catastro e Información Territorial,IGN
2018,1304,2018-02-15,Jueves,0.0,15:25:00,,0.0,2,"Peatón,Moto/Ciclomotor",Entre Rios Y 9 De Julio,2,1,0,0,1,0,0,"-32.953305555556,-60.642805555556",Calle,,ROSARIO,Rosario,Asfalto,S/D,II,S/D,Urbana,Semáforo,S/D,Intersección,Bueno,Buena,Diurna,Buen Tiempo,Otro,Peatón,Atropello,S/D,S/D,S/D,S/D,"-32.953305555556,-60.642805555556","['Entre Ríos', '9 de Julio']",2,,-32.953305555556,-60.642805555556,55.0,538.0,Municipio Rosario,Municipio,Rosario,820210,Servicio de Catastro e Información Territorial,IGN
2018,1306,2018-02-06,Martes,0.0,09:40:00,,0.0,2,"Moto/Ciclomotor,Automóvil",J.J.Paso 6900,2,1,0,0,1,0,0,"-32.920194444444,-60.715611111111",S/D,,ROSARIO,Rosario,Asfalto,No existe,II,S/D,S/D,Ninguna,No existe,Recta,Con baches,Buena,Diurna,Buen Tiempo,S/D,S/D,Atropello,Ninguna,Faltante,Cordón divisorio,Sin restricción,"-32.920194444444,-60.715611111111",['Juan José Paso 6900'],1,,-32.920194444444,-60.715611111111,55.0,538.0,Municipio Rosario,Municipio,Rosario,820210,Servicio de Catastro e Información Territorial,IGN
2018,1308,2018-02-14,Miercoles,0.0,12:00:00,,0.0,2,"Automóvil,Bicicleta",Guemes Y Mariano Moreno B,3,1,0,0,2,0,0,"-32.933695422385, -60.647980087451",Calle,,ROSARIO,Rosario,S/D,S/D,II,S/D,Urbana,S/D,S/D,Intersección,S/D,Buena,Diurna,Buen Tiempo,Otro,Ciclista,Atropello,S/D,S/D,Ninguna,S/D,"-32.933695422385, -60.647980087451","['Güemes', 'Mariano Moreno']",2,,-32.933695422385,-60.647980087451,55.0,538.0,Municipio Rosario,Municipio,Rosario,820210,Servicio de Catastro e Información Territorial,IGN
2018,1310,2018-02-01,Jueves,0.0,13:25:00,,0.0,2,"Moto/Ciclomotor,Automóvil",Ciudadela Y Valentin Gomez,2,1,0,0,1,0,0,"-32.87115, -60.7029",Calle,,ROSARIO,Rosario,Asfalto,S/D,II,Dentro,Urbana,Otra Señal,S/D,Intersección,Otro,Buena,Diurna,Otro,Otro,S/D,Colisión,Otro,S/D,Cordón divisorio,S/D,"-32.87115, -60.7029","['Ciudadela', 'Valentín Gómez']",2,,-32.87115,-60.7029,55.0,538.0,Municipio Rosario,Municipio,Rosario,820210,Servicio de Catastro e Información Territorial,IGN
2018,1312,2018-02-28,Miercoles,0.0,08:45:00,,0.0,2,"Automóvil,Moto/Ciclomotor",Dorrego Y Cordoba,2,1,0,0,1,0,0,"-32.944444444444,-60.649222222222",Calle,,ROSARIO,Rosario,S/D,S/D,II,S/D,Urbana,S/D,S/D,Intersección,S/D,S/D,Diurna,S/D,S/D,S/D,Colisión,S/D,S/D,S/D,S/D,"-32.944444444444,-60.649222222222","['Dorrego', 'Córdoba']",2,,-32.944444444444,-60.649222222222,55.0,538.0,Municipio Rosario,Municipio,Rosario,820210,Servicio de Catastro e Información Territorial,IGN
2018,1314,2018-02-03,Sabado,0.0,05:00:00,,0.0,2,"Moto/Ciclomotor,Automóvil",Bv. Rondeau 4000,3,0,1,1,1,0,0,"-32.878027777778,-60.697305555556",Avenida,,ROSARIO,Rosario,Asfalto,S/D,II,Dentro,Urbana,S/D,Funciona,Recta,Otro,Reducida,Nocturna,Otro,Otro,S/D,Colisión,Ninguna,S/D,S/D,S/D,"-32.878027777778,-60.697305555556",['Rondeau 4000'],1,,-32.878027777778,-60.697305555556,55.0,538.0,Municipio Rosario,Municipio,Rosario,820210,Servicio de Catastro e Información Territorial,IGN
2018,1319,2018-02-18,Domingo,0.0,05:40:00,,0.0,3,"Taxi/Remis,Moto/Ciclomotor,Automóvil",Av. Eudoro Carrasco Y Dr.D.Pe?a,5,1,2,0,2,0,0,"-32.877194444444,-60.687888888889",Avenida,,ROSARIO,Rosario,Asfalto,S/D,II,Dentro,Urbana,S/D,S/D,Intersección,Otro,S/D,Nocturna,Otro,Múltiple,S/D,Colisión,Otro,S/D,Cordón divisorio,S/D,"-32.877194444444,-60.687888888889","['Avenida Eudoro Carrasco', 'David Peña']",2,,-32.877194444444,-60.687888888889,55.0,538.0,Municipio Rosario,Municipio,Rosario,820210,Servicio de Catastro e Información Territorial,IGN
2018,1320,2018-02-12,Lunes,0.0,11:05:00,,0.0,2,"Moto/Ciclomotor,Automóvil",Mitre Y Montevideo,2,1,0,0,1,0,0,"-32.955888888889,-60.642",Calle,,ROSARIO,Rosario,Asfalto,S/D,II,S/D,Urbana,S/D,S/D,Recta,Bueno,Buena,Diurna,Otro,S/D,S/D,Colisión,S/D,S/D,Ninguna,S/D,"-32.955888888889,-60.642","['Mitre', 'Montevideo']",2,,-32.955888888889,-60.642,55.0,538.0,Municipio Rosario,Municipio,Rosario,820210,Servicio de Catastro e Información Territorial,IGN
2018,1322,2018-02-21,Miercoles,0.0,12:40:00,,0.0,2,"Automóvil,Moto/Ciclomotor",Ayacucho Y 9 De Julio,3,1,0,0,2,0,0,"-32.955861111111,-60.628805555556",Calle,,ROSARIO,Rosario,Asfalto,S/D,II,Dentro,Urbana,S/D,S/D,Intersección,Bueno,S/D,Diurna,Buen Tiempo,S/D,S/D,Colisión,S/D,S/D,S/D,S/D,"-32.955861111111,-60.628805555556","['Ayacucho', '9 de Julio']",2,,-32.955861111111,-60.628805555556,55.0,538.0,Municipio Rosario,Municipio,Rosario,820210,Servicio de Catastro e Información Territorial,IGN
2018,1323,2018-02-20,Martes,0.0,00:40:00,,0.0,2,"Automóvil,Moto/Ciclomotor",Bv. Avellaneda Y 9 De Julio,3,2,0,0,1,0,0,"-32.9465,-60.680888888889",Avenida,,ROSARIO,Rosario,Asfalto,No existe,II,Dentro,Urbana,Semáforo,Funciona,Intersección,Bueno,Buena,Nocturna,Buen Tiempo,Frontal,S/D,Colisión,Ninguna,Vertical,Ninguna,Sin restricción,"-32.9465,-60.680888888889","['Avellaneda', '9 de Julio']",2,,-32.9465,-60.680888888889,55.0,538.0,Municipio Rosario,Municipio,Rosario,820210,Servicio de Catastro e Información Territorial,IGN
2018,1324,2018-02-21,Miercoles,0.0,23:30:00,,0.0,2,"Automóvil,Moto/Ciclomotor",Mendoza Y Espa?a,4,1,1,0,2,0,0,"-32.950027777778,-60.647805555556",Calle,,ROSARIO,Rosario,Asfalto,S/D,II,S/D,Urbana,S/D,S/D,Recta,Bueno,S/D,Nocturna,S/D,S/D,S/D,S/D,S/D,S/D,S/D,S/D,"-32.950027777778,-60.647805555556","['Mendoza', 'España']",2,,-32.950027777778,-60.647805555556,55.0,538.0,Municipio Rosario,Municipio,Rosario,820210,Servicio de Catastro e Información Territorial,IGN