anio_acci,nro_acci,fecha,desc_dia,fecha_aprox,hora_aprox,desc_ruta,km,cant_participantes,desc_participante,calle_avenida_km,total,heridos_leves,heridos_graves,heridos_gravisimos,ilesos,fallecidos,sin_datos,posicion_XY,desc_tipo_via,desc_ruta_ori,desc_loc,desc_dpto,desc_tipo_calzada,desc_tipo_banquina,desc_unidad_regional,desc_lugar_calzada,desc_zona,desc_prioridad,desc_estado_semaforo,desc_lugar_via,desc_estado_via,desc_estado_visibilidad,desc_luminosidad,desc_estado_clima,desc_tipo_colision,desc_tipo_atropello,desc_tipo_hecho,desc_pres_calzada,desc_senializacion,desc_separacion_via,desc_restriccion,forma_geocod,calle_lista,numero_calles,calles_osm,lat,lon,index_right,gid,fna,gna,nam,in1,fdc,sag
2018,1325,2018-02-27,Martes,0.0,,,0.0,2,"Taxi/Remis,Bicicleta",San Luis Y Pueyrredon,3,1,0,0,2,0,0,"-32.945583333333,-60.658055555556",Calle,,ROSARIO,Rosario,Asfalto,No existe,II,Dentro,Urbana,Ninguna,No existe,Intersección,Bueno,Buena,Nocturna,Buen Tiempo,Lateral,Ciclista,Atropello,Ninguna,S/D,Ninguna,Sin restricción,"-32.945583333333,-60.658055555556","['San Luis', 'Pueyrredón']",2,,-32.945583333333,-60.658055555556,55.0,538.0,Municipio Rosario,Municipio,Rosario,820210,Servicio de Catastro e Información Territorial,IGN
2018,1326,2018-02-23,Viernes,0.0,00:31:00,,0.0,2,"Automóvil,Automóvil",Urquiza Y Crespo,5,1,0,0,4,0,0,"-32.937555555556,-60.667388888889",Calle,,ROSARIO,Rosario,Asfalto,No existe,II,Dentro,Urbana,Señal Ceda el Paso,No existe,Recta,Con baches,Buena,Con luz artificial,Buen Tiempo,Otro,S/D,Colisión,Ninguna,Faltante,Ninguna,Sin restricción,"-32.937555555556,-60.667388888889","['Urquiza', 'Crespo']",2,,-32.937555555556,-60.667388888889,55.0,538.0,Municipio Rosario,Municipio,Rosario,820210,Servicio de Catastro e Información Territorial,IGN
2018,1328,2018-02-23,Viernes,0.0,11:30:00,,0.0,2,"Peatón,Moto/Ciclomotor",San Martin Y Urquiza,2,1,0,0,1,0,0,"-32.943333333333,-60.635861111111",Calle,,ROSARIO,Rosario,Asfalto,S/D,II,S/D,Urbana,S/D,S/D,Intersección,S/D,Buena,Diurna,S/D,Otro,Peatón,Atropello,S/D,S/D,S/D,S/D,"-32.943333333333,-60.635861111111","['San Martin', 'Urquiza']",2,,-32.943333333333,-60.635861111111,55.0,538.0,Municipio Rosario,Municipio,Rosario,820210,Servicio de Catastro e Información Territorial,IGN
2018,1329,2018-02-18,Domingo,0.0,23:30:00,,0.0,2,"Automóvil,Automóvil",Tucuman Y Bv. Oro?o,2,1,0,0,1,0,0,"-32.939083333333,-60.652",Calle,,ROSARIO,Rosario,Asfalto,No existe,II,Dentro,Urbana,Señal Pare,No existe,Intersección,Bueno,Buena,"Nocturna,Con luz artificial",Buen Tiempo,Lateral,S/D,Colisión,Ninguna,Vertical,Cordón divisorio,Sin restricción,"-32.939083333333,-60.652","['Tucumán', 'Bulevar Nicasio Oroño']",2,,-32.939083333333,-60.652,55.0,538.0,Municipio Rosario,Municipio,Rosario,820210,Servicio de Catastro e Información Territorial,IGN
2018,1331,2018-02-24,Sabado,0.0,13:30:00,,0.0,2,"Moto/Ciclomotor,Taxi/Remis",Mendoza Y Mariano Moreno,2,1,0,0,1,0,0,"-32.949305555556,-60.651888888889",Calle,,ROSARIO,Rosario,Asfalto,S/D,II,S/D,Urbana,S/D,S/D,Intersección,Bueno,Buena,Diurna,S/D,S/D,S/D,Otro,S/D,S/D,S/D,S/D,"-32.949305555556,-60.651888888889","['Mendoza', 'Mariano Moreno']",2,,-32.949305555556,-60.651888888889,55.0,538.0,Municipio Rosario,Municipio,Rosario,820210,Servicio de Catastro e Información Territorial,IGN
2018,1332,2018-02-24,Sabado,0.0,17:00:00,,0.0,2,"Moto/Ciclomotor,Automóvil",Av. Belgrano 150,2,1,0,0,1,0,0,"-32.956166666667,-60.622638888889",Avenida,,ROSARIO,Rosario,Asfalto,S/D,II,Dentro,Urbana,Ninguna,No existe,Recta,Bueno,Buena,Diurna,Buen Tiempo,De alcance,S/D,Colisión,Ninguna,Faltante,Ninguna,Sin restricción,"-32.956166666667,-60.622638888889",['Belgrano 150'],1,,-32.956166666667,-60.622638888889,55.0,538.0,Municipio Rosario,Municipio,Rosario,820210,Servicio de Catastro e Información Territorial,IGN
2018,1337,2018-05-10,Jueves,0.0,13:40:00,,0.0,2,"Moto/Ciclomotor,Automóvil",Brown Y Espa?a,2,1,0,0,1,0,0,"-32.935611111111,-60.644138888889",Calle,,ROSARIO,Rosario,S/D,S/D,II,S/D,Urbana,Ninguna,No existe,Intersección,S/D,S/D,Diurna,Lluvia,S/D,S/D,Colisión,Agua,S/D,S/D,S/D,"-32.935611111111,-60.644138888889","['Brown', 'España']",2,,-32.935611111111,-60.644138888889,55.0,538.0,Municipio Rosario,Municipio,Rosario,820210,Servicio de Catastro e Información Territorial,IGN
2018,1338,2018-05-09,Miercoles,0.0,16:20:00,,0.0,2,"Moto/Ciclomotor,Pickup/Utilitario",Sarmiento 1300,2,1,0,0,1,0,0,"-32.95275,-60.639777777778",Calle,,ROSARIO,Rosario,S/D,S/D,II,S/D,Urbana,S/D,S/D,S/D,S/D,S/D,S/D,S/D,S/D,S/D,Colisión,S/D,S/D,S/D,S/D,"-32.95275,-60.639777777778",['Sarmiento 1300'],1,,-32.95275,-60.639777777778,55.0,538.0,Municipio Rosario,Municipio,Rosario,820210,Servicio de Catastro e Información Territorial,IGN
2018,1342,2018-05-07,Lunes,0.0,17:10:00,,0.0,1,Transporte de Pasajeros Urbano (> 8 asientos),Santa Fe Y Av. Corrientes,2,1,0,0,1,0,0,"-32.944305555556,-60.642027777778",Calle,,ROSARIO,Rosario,S/D,S/D,II,S/D,Urbana,S/D,S/D,Otro,S/D,S/D,S/D,S/D,S/D,S/D,Caída ocupante,S/D,S/D,S/D,S/D,"-32.944305555556,-60.642027777778","['Santa Fe', 'Corrientes']",2,,-32.944305555556,-60.642027777778,55.0,538.0,Municipio Rosario,Municipio,Rosario,820210,Servicio de Catastro e Información Territorial,IGN
2018,1343,2018-02-24,Sabado,0.0,16:30:00,,0.0,2,"Automóvil,Peatón",Dorrego Y Montevideo,2,1,0,0,1,0,0,"-32.954138888889,-60.651666666667",Calle,,ROSARIO,Rosario,Asfalto,S/D,II,S/D,Urbana,S/D,S/D,Intersección,Bueno,S/D,Diurna,S/D,S/D,Peatón,Atropello,S/D,S/D,S/D,S/D,"-32.954138888889,-60.651666666667","['Dorrego', 'Montevideo']",2,,-32.954138888889,-60.651666666667,55.0,538.0,Municipio Rosario,Municipio,Rosario,820210,Servicio de Catastro e Información Territorial,IGN
2018,1344,2018-05-08,Martes,0.0,09:20:00,,0.0,2,"Automóvil,Bicicleta",Cordoba Y Paraguay,2,1,0,0,1,0,0,"-32.945416666667,-60.643722222222",Calle,,ROSARIO,Rosario,S/D,S/D,II,S/D,Urbana,S/D,S/D,Intersección,S/D,S/D,Diurna,S/D,S/D,Ciclista,Atropello,S/D,S/D,S/D,S/D,"-32.945416666667,-60.643722222222","['Córdoba', 'Paraguay']",2,,-32.945416666667,-60.643722222222,55.0,538.0,Municipio Rosario,Municipio,Rosario,820210,Servicio de Catastro e Información Territorial,IGN
2018,1345,2018-05-07,Lunes,0.0,19:00:00,,0.0,2,"Automóvil,Peatón",Bv. Oro?o Y Av. Illia,2,1,0,0,1,0,0,"-32.931472222222,-60.650111111111",Avenida,,ROSARIO,Rosario,S/D,S/D,II,S/D,Urbana,S/D,S/D,Intersección,S/D,S/D,Atardecer,S/D,S/D,Peatón,Atropello,S/D,S/D,S/D,S/D,"-32.931472222222,-60.650111111111","['Bulevar Nicasio Oroño', 'Illia']",2,,-32.931472222222,-60.650111111111,55.0,538.0,Municipio Rosario,Municipio,Rosario,820210,Servicio de Catastro e Información Territorial,IGN
2018,1347,2018-02-24,Sabado,0.0,15:10:00,,0.0,2,"Moto/Ciclomotor,Taxi/Remis",Av. Corrientes Y Cordoba,2,1,0,0,1,0,0,"-32.945666666667,-60.642361111111",Calle,,ROSARIO,Rosario,S/D,S/D,II,S/D,Urbana,S/D,S/D,Intersección,S/D,S/D,S/D,S/D,S/D,S/D,S/D,S/D,S/D,S/D,S/D,"-32.945666666667,-60.642361111111","['Corrientes', 'Córdoba']",2,,-32.945666666667,-60.642361111111,55.0,538.0,Municipio Rosario,Municipio,Rosario,820210,Servicio de Catastro e Información Territorial,IGN
2018,1348,2018-05-07,Lunes,0.0,11:40:00,,0.0,2,"Automóvil,Automóvil",Av. Pellegrini 1300,3,3,0,0,0,0,0,"-32.956777777778,-60.643666666667",Avenida,,ROSARIO,Rosario,S/D,S/D,II,S/D,Urbana,S/D,S/D,Recta,S/D,Buena,Diurna,S/D,S/D,S/D,Colisión,Ninguna,S/D,S/D,S/D,"-32.956777777778,-60.643666666667",['Pellegrini 1300'],1,,-32.956777777778,-60.643666666667,55.0,538.0,Municipio Rosario,Municipio,Rosario,820210,Servicio de Catastro e Información Territorial,IGN
2018,1349,2018-05-07,Lunes,0.0,09:30:00,,0.0,2,"Taxi/Remis,Peatón",Alvear Y Jujuy,2,1,0,0,1,0,0,"-32.935305555556,-60.652611111111",Calle,,ROSARIO,Rosario,S/D,S/D,II,S/D,Urbana,S/D,S/D,Intersección,S/D,S/D,Diurna,S/D,S/D,Peatón,Atropello,S/D,S/D,S/D,S/D,"-32.935305555556,-60.652611111111","['Alvear', 'Jujuy']",2,,-32.935305555556,-60.652611111111,55.0,538.0,Municipio Rosario,Municipio,Rosario,820210,Servicio de Catastro e Información Territorial,IGN
2018,1350,2018-05-07,Lunes,0.0,16:00:00,,0.0,2,"Bicicleta,Automóvil",Riobamba Y Ayacucho,3,1,0,0,2,0,0,"-32.965027777778,-60.631055555556",Calle,,ROSARIO,Rosario,S/D,S/D,II,S/D,Urbana,S/D,S/D,Intersección,S/D,S/D,Diurna,S/D,S/D,Ciclista,Atropello,S/D,S/D,S/D,S/D,"-32.965027777778,-60.631055555556","['Riobamba', 'Ayacucho']",2,,-32.965027777778,-60.631055555556,55.0,538.0,Municipio Rosario,Municipio,Rosario,820210,Servicio de Catastro e Información Territorial,IGN
2018,1351,2018-02-27,Martes,0.0,18:00:00,,0.0,2,"Bicicleta,Moto/Ciclomotor",9 De Julio Y Balcarce,2,1,0,0,1,0,0,"-32.951361111111,-60.653805555556",Calle,,ROSARIO,Rosario,Asfalto,S/D,II,S/D,Urbana,S/D,S/D,Intersección,S/D,S/D,Diurna,S/D,S/D,Ciclista,Atropello,S/D,S/D,S/D,S/D,"-32.951361111111,-60.653805555556","['9 de Julio', 'Balcarce']",2,,-32.951361111111,-60.653805555556,55.0,538.0,Municipio Rosario,Municipio,Rosario,820210,Servicio de Catastro e Información Territorial,IGN
2018,1354,2018-05-07,Lunes,0.0,10:10:00,,0.0,2,"Pickup/Utilitario,Bicicleta",Laprida Y Ituzaingo,2,1,0,0,1,0,0,"-32.961416666667,-60.637833333333",Calle,,ROSARIO,Rosario,S/D,S/D,II,S/D,Urbana,S/D,No existe,Intersección,S/D,S/D,Diurna,S/D,S/D,Ciclista,Atropello,Agua,Faltante,S/D,S/D,"-32.961416666667,-60.637833333333","['Laprida', 'Ituzaingó']",2,,-32.961416666667,-60.637833333333,55.0,538.0,Municipio Rosario,Municipio,Rosario,820210,Servicio de Catastro e Información Territorial,IGN
2018,1355,2018-02-27,Martes,0.0,11:40:00,,0.0,2,"Automóvil,Moto/Ciclomotor",Dorrego Y Montevideo,4,0,1,0,3,0,0,"-32.954138888889,-60.651666666667",Calle,,ROSARIO,Rosario,S/D,S/D,II,S/D,Urbana,S/D,S/D,Intersección,S/D,S/D,Diurna,S/D,S/D,S/D,S/D,S/D,S/D,S/D,S/D,"-32.954138888889,-60.651666666667","['Dorrego', 'Montevideo']",2,,-32.954138888889,-60.651666666667,55.0,538.0,Municipio Rosario,Municipio,Rosario,820210,Servicio de Catastro e Información Territorial,IGN
2018,1356,2018-05-16,Miercoles,0.0,19:50:00,,0.0,2,"Bicicleta,Automóvil",Italia Y 9 De Julio,2,1,0,0,1,0,0,"-32.952083333333,-60.649722222222",Calle,,ROSARIO,Rosario,S/D,S/D,II,S/D,Urbana,S/D,S/D,Intersección,S/D,S/D,Atardecer,S/D,S/D,Ciclista,Atropello,S/D,S/D,S/D,S/D,"-32.952083333333,-60.649722222222","['Italia', '9 de Julio']",2,,-32.952083333333,-60.649722222222,55.0,538.0,Municipio Rosario,Municipio,Rosario,820210,Servicio de Catastro e Información Territorial,IGN
2018,1358,2018-05-06,Domingo,0.0,13:55:00,,0.0,2,"Automóvil,Bicicleta",3 De Febrero Y Laprida,4,1,0,0,3,0,0,"-32.953472222222,-60.635694444444",Calle,,ROSARIO,Rosario,S/D,S/D,II,S/D,Urbana,S/D,S/D,S/D,S/D,S/D,Diurna,S/D,S/D,Ciclista,Atropello,S/D,S/D,S/D,S/D,"-32.953472222222,-60.635694444444","['3 de Febrero', 'Laprida']",2,,-32.953472222222,-60.635694444444,55.0,538.0,Municipio Rosario,Municipio,Rosario,820210,Servicio de Catastro e Información Territorial,IGN
2018,1362,2018-02-25,Domingo,0.0,,,0.0,2,"Automóvil,Automóvil",Bv. Oro?o Y Catamarca,2,1,0,0,1,0,0,"-32.937916666667,-60.651694444444",Calle,,ROSARIO,Rosario,S/D,S/D,II,S/D,Urbana,S/D,S/D,Intersección,S/D,S/D,S/D,S/D,S/D,S/D,S/D,S/D,S/D,S/D,S/D,"-32.937916666667,-60.651694444444","['Bulevar Nicasio Oroño', 'Catamarca']",2,,-32.937916666667,-60.651694444444,55.0,538.0,Municipio Rosario,Municipio,Rosario,820210,Servicio de Catastro e Información Territorial,IGN
2018,1363,2018-05-05,Sabado,0.0,18:41:00,,0.0,2,"Taxi/Remis,Otros",Entre Rios Y Mendoza,3,1,0,0,2,0,0,"-32.951,-60.642222222222",Calle,,ROSARIO,Rosario,S/D,S/D,II,S/D,Urbana,S/D,S/D,S/D,S/D,S/D,S/D,S/D,S/D,S/D,Colisión,S/D,S/D,S/D,S/D,"-32.951,-60.642222222222","['Entre Ríos', 'Mendoza']",2,,-32.951,-60.642222222222,55.0,538.0,Municipio Rosario,Municipio,Rosario,820210,Servicio de Catastro e Información Territorial,IGN
2018,1364,2018-02-26,Lunes,0.0,09:15:00,,0.0,2,"Automóvil,Moto/Ciclomotor",San Luis Y Mitre,2,1,0,0,1,0,0,"-32.948777777778,-60.640222222222",Calle,,ROSARIO,Rosario,S/D,S/D,II,S/D,Urbana,S/D,Intermitente,S/D,Resbaladiza,S/D,Diurna,S/D,S/D,S/D,S/D,S/D,S/D,S/D,S/D,"-32.948777777778,-60.640222222222","['San Luis', 'Mitre']",2,,-32.948777777778,-60.640222222222,55.0,538.0,Municipio Rosario,Municipio,Rosario,820210,Servicio de Catastro e Información Territorial,IGN
2018,1365,2018-05-05,Sabado,0.0,12:40:00,,0.0,2,"Moto/Ciclomotor,Automóvil",Urquiza Y Sgto Cabral,2,1,0,0,1,0,0,"-32.943694444444,-60.635027777778",Calle,,ROSARIO,Rosario,S/D,S/D,II,S/D,Urbana,S/D,S/D,S/D,S/D,S/D,S/D,S/D,S/D,S/D,Colisión,S/D,S/D,S/D,S/D,"-32.943694444444,-60.635027777778","['Urquiza', 'Sargento Cabral']",2,,-32.943694444444,-60.635027777778,55.0,538.0,Municipio Rosario,Municipio,Rosario,820210,Servicio de Catastro e Información Territorial,IGN
2018,1368,2018-05-05,Sabado,0.0,05:30:00,,0.0,2,"Taxi/Remis,Automóvil",Av. Pellegrini Y Mitre,4,4,0,0,0,0,0,"-32.957027777778,-60.642277777778",Avenida,,ROSARIO,Rosario,S/D,S/D,II,S/D,Urbana,Semáforo,Funciona,Intersección,S/D,Buena,Con luz artificial,S/D,S/D,S/D,Colisión,Ninguna,S/D,S/D,S/D,"-32.957027777778,-60.642277777778","['Pellegrini', 'Mitre']",2,,-32.957027777778,-60.642277777778,55.0,538.0,Municipio Rosario,Municipio,Rosario,820210,Servicio de Catastro e Información Territorial,IGN
2018,1369,2018-05-04,Viernes,0.0,21:15:00,,0.0,2,"Bicicleta,Automóvil",Urquiza 1700,2,1,0,0,1,0,0,"-32.941472222222,-60.645638888889",Calle,,ROSARIO,Rosario,S/D,S/D,II,S/D,Urbana,S/D,S/D,S/D,S/D,S/D,S/D,S/D,S/D,Ciclista,Atropello,S/D,S/D,S/D,S/D,"-32.941472222222,-60.645638888889",['Urquiza 1700'],1,,-32.941472222222,-60.645638888889,55.0,538.0,Municipio Rosario,Municipio,Rosario,820210,Servicio de Catastro e Información Territorial,IGN
2018,1370,2018-05-03,Jueves,0.0,18:15:00,,0.0,2,"Automóvil,Moto/Ciclomotor",Av. Pellegrini Y L.N.Alem,2,1,0,0,1,0,0,"-32.958944444444,-60.631027777778",Avenida,,ROSARIO,Rosario,S/D,S/D,II,S/D,Urbana,S/D,Funciona,Intersección,S/D,Buena,Atardecer,S/D,S/D,S/D,Colisión,S/D,S/D,S/D,S/D,"-32.958944444444,-60.631027777778","['Pellegrini', 'Alem']",2,,-32.958944444444,-60.631027777778,55.0,538.0,Municipio Rosario,Municipio,Rosario,820210,Servicio de Catastro e Información Territorial,IGN
2018,1371,2018-04-26,Jueves,0.0,13:50:00,,0.0,2,"Automóvil,Taxi/Remis",Mendoza Y Espa?a,2,1,0,0,1,0,0,"-32.950027777778,-60.647805555556",Calle,,ROSARIO,Rosario,S/D,S/D,II,S/D,Urbana,S/D,S/D,S/D,S/D,S/D,Diurna,S/D,S/D,S/D,Colisión,S/D,S/D,S/D,S/D,"-32.950027777778,-60.647805555556","['Mendoza', 'España']",2,,-32.950027777778,-60.647805555556,55.0,538.0,Municipio Rosario,Municipio,Rosario,820210,Servicio de Catastro e Información Territorial,IGN
2018,1373,2018-05-03,Jueves,0.0,06:10:00,,0.0,1,Automóvil,3 De Febrero Y Espa?a,3,3,0,0,0,0,0,"-32.951277777778,-60.648111111111",Calle,,ROSARIO,Rosario,S/D,S/D,II,S/D,Urbana,S/D,S/D,S/D,S/D,S/D,S/D,S/D,Contra objeto fijo,S/D,Colisión,S/D,S/D,S/D,S/D,"-32.951277777778,-60.648111111111","['3 de Febrero', 'España']",2,,-32.951277777778,-60.648111111111,55.0,538.0,Municipio Rosario,Municipio,Rosario,820210,Servicio de Catastro e Información Territorial,IGN
2018,1374,2018-02-01,Jueves,0.0,15:25:00,,0.0,2,"Moto/Ciclomotor,Automóvil",Buenos Aires Y Pasco,3,1,0,0,2,0,0,"-32.960555555556,-60.636",Calle,,ROSARIO,Rosario,Asfalto,S/D,II,S/D,Urbana,S/D,S/D,Intersección,Bueno,Buena,Diurna,Buen Tiempo,S/D,S/D,S/D,S/D,S/D,S/D,S/D,"-32.960555555556,-60.636","['Buenos Aires', 'Pasco']",2,,-32.960555555556,-60.636,55.0,538.0,Municipio Rosario,Municipio,Rosario,820210,Servicio de Catastro e Información Territorial,IGN
2018,1377,2018-02-01,Jueves,0.0,15:40:00,,0.0,2,"Moto/Ciclomotor,Automóvil",Alvear Y Mendoza,2,1,0,0,1,0,0,"-32.948583333333,-60.655972222222",Calle,,ROSARIO,Rosario,Asfalto,S/D,II,S/D,Urbana,S/D,S/D,Intersección,Bueno,Buena,Diurna,Buen Tiempo,S/D,S/D,Colisión,S/D,S/D,S/D,S/D,"-32.948583333333,-60.655972222222","['Alvear', 'Mendoza']",2,,-32.948583333333,-60.655972222222,55.0,538.0,Municipio Rosario,Municipio,Rosario,820210,Servicio de Catastro e Información Territorial,IGN
2018,1378,2018-05-30,Miercoles,0.0,20:10:00,,0.0,2,"Moto/Ciclomotor,Automóvil",1 de Mayo Y Mendoza,2,1,0,0,1,0,0,"-32.952972222222,-60.631",Calle,,ROSARIO,Rosario,S/D,S/D,II,S/D,Urbana,S/D,No existe,Intersección,S/D,Buena,Con luz artificial,S/D,S/D,S/D,Colisión,S/D,S/D,S/D,S/D,"-32.952972222222,-60.631","['Primero de Mayo', 'Mendoza']",2,,-32.952972222222,-60.631,55.0,538.0,Municipio Rosario,Municipio,Rosario,820210,Servicio de Catastro e Información Territorial,IGN
2018,1380,2018-05-29,Martes,0.0,18:10:00,,0.0,2,"Peatón,Pickup/Utilitario",Cordoba Y Alvear,2,1,0,0,1,0,0,"-32.943472222222,-60.654666666667",Calle,,ROSARIO,Rosario,Asfalto,S/D,II,S/D,Urbana,S/D,Funciona,Intersección,S/D,S/D,Atardecer,S/D,S/D,Peatón,Atropello,S/D,S/D,S/D,S/D,"-32.943472222222,-60.654666666667","['Córdoba', 'Alvear']",2,,-32.943472222222,-60.654666666667,55.0,538.0,Municipio Rosario,Municipio,Rosario,820210,Servicio de Catastro e Información Territorial,IGN
2018,1382,2018-05-26,Sabado,0.0,16:20:00,,0.0,2,"Automóvil,Peatón",Cordoba 1700,2,1,0,0,1,0,0,"-32.944916666667,-60.646527777778",Avenida,,ROSARIO,Rosario,S/D,S/D,II,S/D,Urbana,S/D,S/D,Recta,S/D,S/D,Diurna,S/D,S/D,Peatón,Atropello,S/D,S/D,S/D,S/D,"-32.944916666667,-60.646527777778",['Cordoba 1700'],1,,-32.944916666667,-60.646527777778,55.0,538.0,Municipio Rosario,Municipio,Rosario,820210,Servicio de Catastro e Información Territorial,IGN
2018,1383,2018-02-02,Viernes,0.0,09:24:00,,0.0,2,"Automóvil,Pickup/Utilitario",Av. Pellegrini Y Paraguay,2,1,0,0,1,0,0,"-32.956277777778,-60.646472222222",Avenida,,ROSARIO,Rosario,Asfalto,S/D,II,S/D,Urbana,S/D,S/D,Recta,Bueno,Buena,Diurna,S/D,S/D,S/D,S/D,S/D,S/D,S/D,S/D,"-32.956277777778,-60.646472222222","['Pellegrini', 'Paraguay']",2,,-32.956277777778,-60.646472222222,55.0,538.0,Municipio Rosario,Municipio,Rosario,820210,Servicio de Catastro e Información Territorial,IGN
2018,1386,2018-05-26,Sabado,0.0,13:15:00,,0.0,2,"Transporte de Pasajeros Urbano (> 8 asientos),Moto/Ciclomotor",Montevideo Y Pte.Roca,2,1,0,0,1,0,0,"-32.954888888889,-60.647555555556",Calle,,ROSARIO,Rosario,S/D,S/D,II,S/D,Urbana,S/D,S/D,Intersección,S/D,S/D,S/D,S/D,Múltiple,S/D,Colisión,S/D,S/D,S/D,S/D,"-32.954888888889,-60.647555555556","['Montevideo', 'Roca']",2,,-32.954888888889,-60.647555555556,55.0,538.0,Municipio Rosario,Municipio,Rosario,820210,Servicio de Catastro e Información Territorial,IGN
2018,1387,2018-02-18,Domingo,0.0,12:15:00,,0.0,2,"Automóvil,Bicicleta",Av. Corrientes Y Pje. Ricardone,2,1,0,0,1,0,0,"-32.947444444444,-60.642777777778",Calle,,ROSARIO,Rosario,Asfalto,S/D,II,S/D,Urbana,S/D,S/D,Intersección,Bueno,Buena,Diurna,S/D,S/D,Ciclista,Atropello,S/D,S/D,S/D,S/D,"-32.947444444444,-60.642777777778","['Corrientes', 'Ricardone']",2,,-32.947444444444,-60.642777777778,55.0,538.0,Municipio Rosario,Municipio,Rosario,820210,Servicio de Catastro e Información Territorial,IGN
2018,1389,2018-02-27,Martes,0.0,15:00:00,,0.0,2,"Moto/Ciclomotor,Automóvil",Amenabar Y Mariano Moreno,2,1,0,0,1,0,0,"-32.969944444444,-60.657055555556",Calle,,ROSARIO,Rosario,Asfalto,No existe,II,Dentro,Urbana,Ninguna,No existe,Intersección,Bueno,Buena,Diurna,Buen Tiempo,Lateral,S/D,Colisión,Ninguna,Faltante,Ninguna,Sin restricción,"-32.969944444444,-60.657055555556","['Amenabar', 'Mariano Moreno']",2,,-32.969944444444,-60.657055555556,55.0,538.0,Municipio Rosario,Municipio,Rosario,820210,Servicio de Catastro e Información Territorial,IGN
2018,1390,2018-05-30,Miercoles,0.0,11:45:00,,0.0,2,"Moto/Ciclomotor,Vehículo Oficial",Av. Pellegrini Y F.More,2,2,0,0,0,0,0,"-32.948055555556,-60.693388888889",Avenida,,ROSARIO,Rosario,S/D,S/D,II,S/D,Urbana,S/D,S/D,S/D,S/D,S/D,Diurna,S/D,S/D,S/D,"Caída ocupante,Colisión,Vuelco",S/D,S/D,S/D,S/D,"-32.948055555556,-60.693388888889","['Pellegrini', 'Felipe Moré']",2,,-32.948055555556,-60.693388888889,55.0,538.0,Municipio Rosario,Municipio,Rosario,820210,Servicio de Catastro e Información Territorial,IGN
2018,1391,2018-02-03,Sabado,0.0,11:30:00,,0.0,2,"Automóvil,Peatón",Alvear Bis Y Guemes,2,1,0,0,1,0,0,"-32.933,-60.652027777778",Calle,,ROSARIO,Rosario,S/D,S/D,II,S/D,Urbana,S/D,S/D,Otro,Bueno,Buena,Diurna,S/D,Otro,Peatón,Atropello,S/D,S/D,S/D,S/D,"-32.933,-60.652027777778","['Alvear', 'Güemes']",2,,-32.933,-60.652027777778,55.0,538.0,Municipio Rosario,Municipio,Rosario,820210,Servicio de Catastro e Información Territorial,IGN
2018,1392,2018-02-28,Miercoles,0.0,17:35:00,,0.0,2,"Bicicleta,Transporte de Pasajeros Urbano (> 8 asientos)",Cochabamba 1060,2,1,0,0,1,0,0,"-32.958527777778,-60.640611111111",Calle,,ROSARIO,Rosario,Asfalto,No existe,II,Dentro,Urbana,Semáforo,No existe,Recta,Bueno,Buena,Diurna,Buen Tiempo,Otro,Ciclista,Atropello,Ninguna,Vertical,Ninguna,Sin restricción,"-32.958527777778,-60.640611111111",['Cochabamba 1060'],1,,-32.958527777778,-60.640611111111,55.0,538.0,Municipio Rosario,Municipio,Rosario,820210,Servicio de Catastro e Información Territorial,IGN
2018,1394,2018-05-30,Miercoles,0.0,12:45:00,,0.0,2,"Taxi/Remis,Vehículo Oficial",3 De Febrero Y Castellanos,3,2,0,0,1,0,0,"-32.946166666667,-60.676666666667",Calle,,ROSARIO,Rosario,S/D,S/D,II,S/D,Urbana,S/D,S/D,S/D,S/D,S/D,S/D,S/D,S/D,S/D,Colisión,S/D,S/D,S/D,S/D,"-32.946166666667,-60.676666666667","['3 de Febrero', 'Aaron Castellanos']",2,,-32.946166666667,-60.676666666667,55.0,538.0,Municipio Rosario,Municipio,Rosario,820210,Servicio de Catastro e Información Territorial,IGN
2018,1395,2018-02-03,Sabado,0.0,14:45:00,,0.0,2,"Automóvil,Automóvil",Catamarca Y Bv. Oro?o,3,3,0,0,0,0,0,"-32.937916666667,-60.651694444444",Calle,,ROSARIO,Rosario,Asfalto,S/D,II,S/D,Urbana,Señal Pare,S/D,Intersección,Bueno,S/D,Diurna,S/D,Otro,S/D,S/D,S/D,S/D,S/D,S/D,"-32.937916666667,-60.651694444444","['Catamarca', 'Bulevar Nicasio Oroño']",2,,-32.937916666667,-60.651694444444,55.0,538.0,Municipio Rosario,Municipio,Rosario,820210,Servicio de Catastro e Información Territorial,IGN
2018,1396,2018-02-27,Martes,0.0,13:00:00,,0.0,2,"Automóvil,Automóvil", ,5,2,0,0,3,0,0,"-32.969888888889,-60.644083333333",Calle,,ROSARIO,Rosario,Asfalto,No existe,II,Dentro,Urbana,Ninguna,No existe,Intersección,Bueno,Buena,Diurna,Buen Tiempo,Lateral,S/D,Vuelco,Ninguna,Vertical,Ninguna,Sin restricción,"-32.969888888889,-60.644083333333",[''],0,,-32.969888888889,-60.644083333333,55.0,538.0,Municipio Rosario,Municipio,Rosario,820210,Servicio de Catastro e Información Territorial,IGN