anio_acci,nro_acci,fecha,desc_dia,fecha_aprox,hora_aprox,desc_ruta,km,cant_participantes,desc_participante,calle_avenida_km,total,heridos_leves,heridos_graves,heridos_gravisimos,ilesos,fallecidos,sin_datos,posicion_XY,desc_tipo_via,desc_ruta_ori,desc_loc,desc_dpto,desc_tipo_calzada,desc_tipo_banquina,desc_unidad_regional,desc_lugar_calzada,desc_zona,desc_prioridad,desc_estado_semaforo,desc_lugar_via,desc_estado_via,desc_estado_visibilidad,desc_luminosidad,desc_estado_clima,desc_tipo_colision,desc_tipo_atropello,desc_tipo_hecho,desc_pres_calzada,desc_senializacion,desc_separacion_via,desc_restriccion,forma_geocod,calle_lista,numero_calles,calles_osm,lat,lon,index_right,gid,fna,gna,nam,in1,fdc,sag
2018,1397,2018-05-24,Jueves,0.0,19:35:00,,0.0,2,"Automóvil,Bicicleta",Entre Rios Y Rioja,2,1,0,0,1,0,0,"-32.947083333333,-60.64125",Calle,,ROSARIO,Rosario,S/D,S/D,II,S/D,Urbana,S/D,S/D,Intersección,S/D,S/D,Atardecer,S/D,S/D,Ciclista,Atropello,S/D,S/D,S/D,S/D,"-32.947083333333,-60.64125","['Entre Ríos', 'Rioja']",2,,-32.947083333333,-60.64125,55.0,538.0,Municipio Rosario,Municipio,Rosario,820210,Servicio de Catastro e Información Territorial,IGN
2018,1398,2018-05-22,Martes,0.0,15:00:00,,0.0,2,"Moto/Ciclomotor,Automóvil",Av. Pellegrini Y Entre Rios,2,1,0,0,1,0,0,"-32.956777777778,-60.643666666667",Calle,,ROSARIO,Rosario,Asfalto,S/D,II,S/D,Urbana,S/D,Funciona,Intersección,S/D,S/D,Diurna,S/D,S/D,S/D,Colisión,S/D,S/D,S/D,S/D,"-32.956777777778,-60.643666666667","['Pellegrini', 'Entre Ríos']",2,,-32.956777777778,-60.643666666667,55.0,538.0,Municipio Rosario,Municipio,Rosario,820210,Servicio de Catastro e Información Territorial,IGN
2018,1399,2018-02-03,Sabado,0.0,14:40:00,,0.0,3,"Automóvil,Automóvil,Automóvil",Bv. Oro?o Y Tucuman,5,2,0,0,3,0,0,"-32.939083333333,-60.652",Calle,,ROSARIO,Rosario,Asfalto,S/D,II,S/D,Urbana,S/D,S/D,Intersección,Bueno,Buena,Diurna,S/D,S/D,S/D,Colisión,S/D,S/D,S/D,S/D,"-32.939083333333,-60.652","['Bulevar Nicasio Oroño', 'Tucumán']",2,,-32.939083333333,-60.652,55.0,538.0,Municipio Rosario,Municipio,Rosario,820210,Servicio de Catastro e Información Territorial,IGN
2018,1400,2018-02-19,Lunes,0.0,19:00:00,,0.0,2,"Bicicleta,Automóvil",Mariano Moreno Y La Paz,2,1,0,0,1,0,0,"-32.961944444444,-60.655027777778",Calle,,ROSARIO,Rosario,Asfalto,No existe,II,Dentro,Urbana,Ninguna,No existe,Recta,Bueno,Buena,"Nocturna,Con luz artificial",Buen Tiempo,Contra objeto fijo,Ciclista,Atropello,Ninguna,Vertical,Ninguna,Sin restricción,"-32.961944444444,-60.655027777778","['Mariano Moreno', 'La Paz']",2,,-32.961944444444,-60.655027777778,55.0,538.0,Municipio Rosario,Municipio,Rosario,820210,Servicio de Catastro e Información Territorial,IGN
2018,1401,2018-05-22,Martes,0.0,15:40:00,,0.0,2,"Pickup/Utilitario,Moto/Ciclomotor",Bv. Oro?o Y Jujuy,2,1,0,0,1,0,0,"-32.935527777778,-60.651361111111",Calle,,ROSARIO,Rosario,S/D,S/D,II,S/D,Urbana,S/D,S/D,S/D,S/D,S/D,S/D,S/D,S/D,S/D,Colisión,S/D,S/D,S/D,S/D,"-32.935527777778,-60.651361111111","['Bulevar Nicasio Oroño', 'Jujuy']",2,,-32.935527777778,-60.651361111111,55.0,538.0,Municipio Rosario,Municipio,Rosario,820210,Servicio de Catastro e Información Territorial,IGN
2018,1403,2018-02-11,Domingo,0.0,20:30:00,,0.0,2,"Automóvil,Automóvil",Ituzaingo Y Mitre,4,1,0,0,3,0,0,"-32.960472222222,-60.643138888889",Calle,,ROSARIO,Rosario,Asfalto,No existe,II,Dentro,Urbana,Señal Pare,Funciona,Intersección,Bueno,Buena,"Nocturna,Con luz artificial",Buen Tiempo,De alcance,S/D,Colisión,Ninguna,Vertical,Ninguna,Sin restricción,"-32.960472222222,-60.643138888889","['Ituzaingó', 'Mitre']",2,,-32.960472222222,-60.643138888889,55.0,538.0,Municipio Rosario,Municipio,Rosario,820210,Servicio de Catastro e Información Territorial,IGN
2018,1404,2018-02-15,Jueves,0.0,15:40:00,,0.0,2,"Moto/Ciclomotor,Bicicleta",Bv. Oro?o Y Av. Pellegrini,2,1,0,0,1,0,0,"-32.954694444444,-60.655944444444",Avenida,,ROSARIO,Rosario,Asfalto,S/D,II,Dentro,Urbana,Semáforo,Funciona,Intersección,Bueno,Buena,Diurna,Buen Tiempo,Lateral,Ciclista,Atropello,Ninguna,Vertical,Cordón divisorio,Sin restricción,"-32.954694444444,-60.655944444444","['Bulevar Nicasio Oroño', 'Pellegrini']",2,,-32.954694444444,-60.655944444444,55.0,538.0,Municipio Rosario,Municipio,Rosario,820210,Servicio de Catastro e Información Territorial,IGN
2018,1405,2018-02-07,Miercoles,0.0,14:40:00,,0.0,3,"Automóvil,Automóvil,Automóvil",Bv. 27 De Febrero Y L.N.Alem,4,2,0,0,2,0,0,"-32.969277777778,-60.633611111111",Calle,,ROSARIO,Rosario,Asfalto,S/D,II,S/D,Urbana,S/D,S/D,Intersección,Bueno,Buena,Diurna,Buen Tiempo,Otro,S/D,Colisión,S/D,S/D,S/D,S/D,"-32.969277777778,-60.633611111111","['27 de Febrero', 'Alem']",2,,-32.969277777778,-60.633611111111,55.0,538.0,Municipio Rosario,Municipio,Rosario,820210,Servicio de Catastro e Información Territorial,IGN
2018,1406,2018-02-17,Sabado,0.0,14:30:00,,0.0,2,"Moto/Ciclomotor,Automóvil",INTENDENTE MORCILLO Y AV J LOVALVO,3,1,0,0,2,0,0,"-32.955179567207, -60.663690706614",Calle,,ROSARIO,Rosario,Asfalto,No existe,II,Dentro,Urbana,Ninguna,No existe,Intersección,Bueno,Buena,Diurna,Buen Tiempo,De alcance,S/D,Colisión,Ninguna,Vertical,Ninguna,Sin restricción,"-32.955179567207, -60.663690706614","['Avenida Intendente Morcillo', 'Lovalvo']",2,,-32.955179567207,-60.663690706614,55.0,538.0,Municipio Rosario,Municipio,Rosario,820210,Servicio de Catastro e Información Territorial,IGN
2018,1407,2018-02-08,Jueves,0.0,18:00:00,,0.0,1,Transporte de Pasajeros Urbano (> 8 asientos),Balcarce 1500,1,1,0,0,0,0,0,"-32.952527777778,-60.654111111111",Calle,,ROSARIO,Rosario,Asfalto,S/D,II,S/D,Urbana,S/D,S/D,Recta,Bueno,Buena,Diurna,S/D,S/D,S/D,S/D,S/D,S/D,S/D,S/D,"-32.952527777778,-60.654111111111",['Balcarce 1500'],1,,-32.952527777778,-60.654111111111,55.0,538.0,Municipio Rosario,Municipio,Rosario,820210,Servicio de Catastro e Información Territorial,IGN
2018,1408,2018-02-18,Domingo,0.0,05:10:00,,0.0,2,"Moto/Ciclomotor,Bicicleta",Bv. Oro?o Y Bv. 27 De Febrero,2,2,0,0,0,0,0,"-32.965027777778,-60.658666666667",Avenida,,ROSARIO,Rosario,Asfalto,S/D,II,Dentro,Urbana,Semáforo,Funciona,Intersección,Bueno,Reducida,"Nocturna,Con luz artificial",Buen Tiempo,Lateral,Ciclista,Atropello,Ninguna,Vertical,Cordón divisorio,Sin restricción,"-32.965027777778,-60.658666666667","['Bulevar Nicasio Oroño', '27 de Febrero']",2,,-32.965027777778,-60.658666666667,55.0,538.0,Municipio Rosario,Municipio,Rosario,820210,Servicio de Catastro e Información Territorial,IGN
2018,1409,2018-02-09,Viernes,0.0,09:00:00,,0.0,2,"Automóvil,Bicicleta",Av. Corrientes Y Montevideo,2,1,0,0,1,0,0,"-32.955388888889,-60.644805555556",Calle,,ROSARIO,Rosario,Asfalto,S/D,II,S/D,Urbana,S/D,S/D,Intersección,Bueno,Buena,Diurna,S/D,S/D,Ciclista,Atropello,S/D,S/D,S/D,S/D,"-32.955388888889,-60.644805555556","['Corrientes', 'Montevideo']",2,,-32.955388888889,-60.644805555556,55.0,538.0,Municipio Rosario,Municipio,Rosario,820210,Servicio de Catastro e Información Territorial,IGN
2018,1410,2018-02-09,Viernes,0.0,09:00:00,,0.0,2,"Automóvil,Moto/Ciclomotor",La Paz Y Esmeralda,2,1,0,0,1,0,0,"-32.967063626093, -60.625938611316",Calle,,ROSARIO,Rosario,Asfalto,S/D,II,S/D,Urbana,S/D,S/D,Recta,Bueno,Buena,Diurna,Buen Tiempo,S/D,S/D,S/D,S/D,S/D,S/D,S/D,"-32.967063626093, -60.625938611316","['La Paz', 'Esmeralda']",2,,-32.967063626093,-60.625938611316,55.0,538.0,Municipio Rosario,Municipio,Rosario,820210,Servicio de Catastro e Información Territorial,IGN
2018,1411,2018-05-18,Viernes,0.0,16:00:00,,0.0,2,"Automóvil,Moto/Ciclomotor",Bv. Avellaneda Y Cochabamba,4,1,0,0,3,0,0,"-32.951055555556,-60.682305555556",Calle,,ROSARIO,Rosario,Asfalto,No existe,II,S/D,Urbana,Ninguna,No existe,Recta,Bueno,Buena,Diurna,Buen Tiempo,De alcance,S/D,Colisión,Ninguna,"Horizontal,Vertical",Cordón divisorio,Sin restricción,"-32.951055555556,-60.682305555556","['Avellaneda', 'Cochabamba']",2,,-32.951055555556,-60.682305555556,55.0,538.0,Municipio Rosario,Municipio,Rosario,820210,Servicio de Catastro e Información Territorial,IGN
2018,1416,2018-02-03,Sabado,0.0,13:00:00,,0.0,2,"Automóvil,Moto/Ciclomotor",San Martin 3900,3,1,0,0,2,0,0,"-32.986277777778,-60.645722222222",Avenida,,ROSARIO,Rosario,Asfalto,No existe,II,Dentro,Urbana,Ninguna,No existe,Recta,Bueno,Buena,Diurna,Buen Tiempo,Lateral,S/D,Colisión,Ninguna,Faltante,Ninguna,Sin restricción,"-32.986277777778,-60.645722222222",['San Martin 3900'],1,,-32.986277777778,-60.645722222222,55.0,538.0,Municipio Rosario,Municipio,Rosario,820210,Servicio de Catastro e Información Territorial,IGN
2018,1419,2018-02-09,Viernes,0.0,12:20:00,,0.0,2,"Taxi/Remis,Moto/Ciclomotor",Mitre Y Pje. Ricardone,2,1,0,0,1,0,0,"-32.947944444444,-60.640027777778",Calle,,ROSARIO,Rosario,Asfalto,S/D,II,S/D,Urbana,S/D,S/D,Intersección,Bueno,Buena,Diurna,Buen Tiempo,S/D,S/D,Colisión,S/D,S/D,S/D,S/D,"-32.947944444444,-60.640027777778","['Mitre', 'Ricardone']",2,,-32.947944444444,-60.640027777778,55.0,538.0,Municipio Rosario,Municipio,Rosario,820210,Servicio de Catastro e Información Territorial,IGN
2018,1420,2018-02-05,Lunes,0.0,16:00:00,,0.0,2,"Automóvil,Moto/Ciclomotor",Pje. 528 6374,2,1,0,0,1,0,0,"-33.01075,-60.657833333333",Calle,,ROSARIO,Rosario,Asfalto,No existe,II,S/D,Urbana,Ninguna,No existe,Recta,Bueno,Buena,Diurna,Otro,De alcance,S/D,Colisión,Ninguna,Faltante,Ninguna,Sin restricción,"-33.01075,-60.657833333333",['Pasaje 528 6374'],1,,-33.01075,-60.657833333333,55.0,538.0,Municipio Rosario,Municipio,Rosario,820210,Servicio de Catastro e Información Territorial,IGN
2018,1423,2018-02-09,Viernes,0.0,16:45:00,,0.0,2,"Automóvil,Moto/Ciclomotor",L.N.Alem Y Riobamba,2,1,0,0,1,0,0,"-32.964777777778,-60.6325",Calle,,ROSARIO,Rosario,Asfalto,S/D,II,S/D,Urbana,Señal Pare,S/D,Intersección,Bueno,Buena,Diurna,Buen Tiempo,S/D,S/D,S/D,S/D,S/D,S/D,S/D,"-32.964777777778,-60.6325","['Alem', 'Riobamba']",2,,-32.964777777778,-60.6325,55.0,538.0,Municipio Rosario,Municipio,Rosario,820210,Servicio de Catastro e Información Territorial,IGN
2018,1425,2018-02-22,Jueves,0.0,09:30:00,,0.0,2,"Automóvil,Moto/Ciclomotor",SAN MARTIN Y JUAN PABLO II (COLECTORA),2,1,0,0,1,0,0,"-33.01569, -60.65216",Avenida,,ROSARIO,Rosario,Asfalto,No existe,II,Dentro,Urbana,Ninguna,No existe,Recta,Bueno,Buena,Amanecer,Buen Tiempo,Lateral,S/D,Colisión,Ninguna,Faltante,Ninguna,Sin restricción,"-33.01569, -60.65216","['San Martin', 'Juan Pablo Ii (colectora)']",2,,-33.01569,-60.65216,55.0,538.0,Municipio Rosario,Municipio,Rosario,820210,Servicio de Catastro e Información Territorial,IGN
2018,1427,2018-02-22,Jueves,0.0,10:10:00,,0.0,2,"Automóvil,Moto/Ciclomotor",Amenabar Y Mitre,2,1,0,0,1,0,0,"-32.971944444444,-60.646027777778",Calle,,ROSARIO,Rosario,Asfalto,No existe,II,Dentro,Urbana,Ninguna,No existe,Intersección,Bueno,Buena,Diurna,Buen Tiempo,De alcance,S/D,Colisión,Ninguna,Horizontal,Ninguna,Sin restricción,"-32.971944444444,-60.646027777778","['Amenabar', 'Mitre']",2,,-32.971944444444,-60.646027777778,55.0,538.0,Municipio Rosario,Municipio,Rosario,820210,Servicio de Catastro e Información Territorial,IGN
2018,1428,2018-02-07,Miercoles,0.0,16:25:00,,0.0,2,"Moto/Ciclomotor,Otros",Italia Y Av. Pellegrini,2,1,0,0,0,0,1,"-32.955444444444,-60.650583333333",Avenida,,ROSARIO,Rosario,Asfalto,Pavimento,II,Dentro,Urbana,Semáforo,Funciona,Intersección,Bueno,Buena,Diurna,Buen Tiempo,Lateral,S/D,Colisión,Ninguna,Vertical,Cordón divisorio,Sin restricción,"-32.955444444444,-60.650583333333","['Italia', 'Pellegrini']",2,,-32.955444444444,-60.650583333333,55.0,538.0,Municipio Rosario,Municipio,Rosario,820210,Servicio de Catastro e Información Territorial,IGN
2018,1431,2018-05-06,Domingo,0.0,16:00:00,,0.0,2,"Transporte de Pasajeros Urbano (> 8 asientos),Peatón",J.J.Paso Y F.More,2,1,0,0,1,0,0,"-32.919666666667,-60.694111111111",Calle,,ROSARIO,Rosario,Hormigón,No existe,II,Dentro,Urbana,Ninguna,No existe,Recta,Otro,Buena,Atardecer,Buen Tiempo,Otro,Peatón,Atropello,Otro,Faltante,Ninguna,Sin restricción,"-32.919666666667,-60.694111111111","['Paso', 'Felipe Moré']",2,,-32.919666666667,-60.694111111111,55.0,538.0,Municipio Rosario,Municipio,Rosario,820210,Servicio de Catastro e Información Territorial,IGN
2018,1432,2018-02-08,Jueves,0.0,20:00:00,,0.0,2,"Moto/Ciclomotor,Automóvil",Virasoro 3050,3,2,0,0,1,0,0,"-32.965111111111,-60.670694444444",Calle,,ROSARIO,Rosario,Asfalto,No existe,II,Dentro,Urbana,Ninguna,No existe,Recta,Bueno,Buena,"Nocturna,Con luz artificial",Buen Tiempo,Contra objeto fijo,S/D,Colisión,Ninguna,Faltante,Ninguna,Sin restricción,"-32.965111111111,-60.670694444444",['Virasnicasio Oroño 3050'],1,,-32.965111111111,-60.670694444444,55.0,538.0,Municipio Rosario,Municipio,Rosario,820210,Servicio de Catastro e Información Territorial,IGN
2018,1434,2018-02-17,Sabado,0.0,14:30:00,,0.0,2,"Automóvil,Moto/Ciclomotor",San Martin Y Av. Uriburu,2,1,0,0,1,0,0,"-32.990666666667,-60.646805555556",Avenida,,ROSARIO,Rosario,Asfalto,No existe,II,Dentro,Urbana,Ninguna,Funciona,Recta,Bueno,Buena,Diurna,Buen Tiempo,Lateral,S/D,Colisión,Ninguna,"Horizontal,Vertical",Barrera de hormigón,Sin restricción,"-32.990666666667,-60.646805555556","['San Martin', 'Uriburu']",2,,-32.990666666667,-60.646805555556,55.0,538.0,Municipio Rosario,Municipio,Rosario,820210,Servicio de Catastro e Información Territorial,IGN
2018,1435,2018-05-21,Lunes,0.0,09:40:00,,0.0,2,"Moto/Ciclomotor,Automóvil",Albert Sabin Y Almafuerte,2,0,1,0,1,0,0,"-32.91746, -60.68998",Avenida,,ROSARIO,Rosario,Asfalto,No existe,II,S/D,Urbana,Semáforo,Funciona,Intersección,Bueno,Buena,Diurna,Buen Tiempo,Lateral,S/D,Colisión,Ninguna,S/D,Cordón divisorio,Sin restricción,"-32.91746, -60.68998","['Avenida Travesía Albert Sabin', 'Almafuerte']",2,,-32.91746,-60.68998,55.0,538.0,Municipio Rosario,Municipio,Rosario,820210,Servicio de Catastro e Información Territorial,IGN
2018,1437,2018-02-08,Jueves,0.0,18:25:00,,0.0,2,"Moto/Ciclomotor,Automóvil",Espa?a Y Padre R. Giaccone,4,2,0,0,2,0,0,"-33.008166666667,-60.657444444444",Calle,,ROSARIO,Rosario,Asfalto,No existe,II,Dentro,Urbana,Ninguna,No existe,Intersección,Bueno,S/D,Atardecer,Buen Tiempo,Lateral,S/D,Colisión,Ninguna,Faltante,Ninguna,Sin restricción,"-33.008166666667,-60.657444444444","['España', 'Padre R. Giaccone']",2,,-33.008166666667,-60.657444444444,55.0,538.0,Municipio Rosario,Municipio,Rosario,820210,Servicio de Catastro e Información Territorial,IGN
2018,1439,2018-02-02,Viernes,0.0,19:20:00,,0.0,2,"Automóvil,Moto/Ciclomotor",Av. Uriburu Y Melian,2,1,0,0,1,0,0,"-32.991194444444,-60.66025",Calle,,ROSARIO,Rosario,Asfalto,No existe,II,S/D,Urbana,Ninguna,Funciona,Recta,Bueno,Buena,Atardecer,Buen Tiempo,De alcance,S/D,Colisión,Ninguna,"Horizontal,Vertical",Ninguna,Sin restricción,"-32.991194444444,-60.66025","['Uriburu', 'José Melian']",2,,-32.991194444444,-60.66025,55.0,538.0,Municipio Rosario,Municipio,Rosario,820210,Servicio de Catastro e Información Territorial,IGN
2018,1440,2018-02-08,Jueves,0.0,15:00:00,,0.0,2,"Moto/Ciclomotor,Automóvil",Paraguay Y Garibaldi,2,1,0,0,1,0,0,"-32.984972222222,-60.653694444444",Calle,,ROSARIO,Rosario,Asfalto,No existe,II,Dentro,Urbana,Ninguna,No existe,Intersección,Bueno,Buena,Diurna,Buen Tiempo,Lateral,S/D,Colisión,Ninguna,Horizontal,Ninguna,Sin restricción,"-32.984972222222,-60.653694444444","['Paraguay', 'José Garibaldi']",2,,-32.984972222222,-60.653694444444,55.0,538.0,Municipio Rosario,Municipio,Rosario,820210,Servicio de Catastro e Información Territorial,IGN
2018,1441,2018-02-12,Lunes,0.0,19:20:00,,0.0,2,"Moto/Ciclomotor,Automóvil",Av. Battle y Ordo?ez Y Av. Bermudez,5,2,0,0,3,0,0,"-33.00875,-60.642305555556",Avenida,,ROSARIO,Rosario,Asfalto,No existe,II,S/D,Urbana,Ninguna,No existe,Intersección,Bueno,Buena,Atardecer,Buen Tiempo,De alcance,S/D,Colisión,Ninguna,Horizontal,Línea divisoria pintada,Sin restricción,"-33.00875,-60.642305555556","['Avenida Battle y Ordoñez', 'Bermudez']",2,,-33.00875,-60.642305555556,55.0,538.0,Municipio Rosario,Municipio,Rosario,820210,Servicio de Catastro e Información Territorial,IGN
2018,1442,2018-02-07,Miercoles,0.0,20:00:00,,0.0,2,"Moto/Ciclomotor,Taxi/Remis",Entre Rios Y Garay,3,1,0,0,2,0,0,"-32.973972222222,-60.648027777778",Calle,,ROSARIO,Rosario,Asfalto,No existe,II,Dentro,Urbana,Ninguna,No existe,Intersección,Bueno,Buena,Atardecer,Buen Tiempo,Lateral,S/D,Colisión,Ninguna,Horizontal,Ninguna,Sin restricción,"-32.973972222222,-60.648027777778","['Entre Ríos', 'Garay']",2,,-32.973972222222,-60.648027777778,55.0,538.0,Municipio Rosario,Municipio,Rosario,820210,Servicio de Catastro e Información Territorial,IGN
2018,1446,2018-02-08,Jueves,0.0,18:40:00,,0.0,2,"Automóvil,Peatón",Sarmiento Y Gaboto,2,0,1,0,1,0,0,"-32.973333333333,-60.644944444444",Calle,,ROSARIO,Rosario,Asfalto,No existe,II,Dentro,Urbana,Ninguna,No existe,Intersección,Otro,Buena,Atardecer,Otro,S/D,Peatón,Atropello,Ninguna,Faltante,Ninguna,Sin restricción,"-32.973333333333,-60.644944444444","['Sarmiento', 'Gaboto']",2,,-32.973333333333,-60.644944444444,55.0,538.0,Municipio Rosario,Municipio,Rosario,820210,Servicio de Catastro e Información Territorial,IGN
2018,1447,2018-02-15,Jueves,0.0,21:15:00,,0.0,2,"Automóvil,Moto/Ciclomotor",Paraguay Y Pje. Acoyte,3,2,0,0,1,0,0,"-33.011518612730, -60.654355977159",Calle,,ROSARIO,Rosario,Asfalto,No existe,II,Dentro,Urbana,Ninguna,No existe,Recta,Bueno,Buena,"Nocturna,Con luz artificial",Buen Tiempo,Frontal,S/D,Colisión,Ninguna,Faltante,Ninguna,Sin restricción,"-33.011518612730, -60.654355977159","['Paraguay', 'Acoyte']",2,,-33.01151861273,-60.654355977159,55.0,538.0,Municipio Rosario,Municipio,Rosario,820210,Servicio de Catastro e Información Territorial,IGN
2018,1448,2018-02-06,Martes,0.0,01:20:00,,0.0,2,"Automóvil,Automóvil",San Martin 3400,2,0,1,0,1,0,0,"-32.986138888889,-60.645694444444",Avenida,,ROSARIO,Rosario,Asfalto,No existe,II,Dentro,Urbana,Semáforo,No existe,Intersección,Bueno,Buena,Nocturna,Buen Tiempo,De alcance,S/D,Colisión,Ninguna,Faltante,Ninguna,Sin restricción,"-32.986138888889,-60.645694444444",['San Martin 3400'],1,,-32.986138888889,-60.645694444444,55.0,538.0,Municipio Rosario,Municipio,Rosario,820210,Servicio de Catastro e Información Territorial,IGN
2018,1450,2018-02-07,Miercoles,0.0,23:30:00,,0.0,2,"Automóvil,Moto/Ciclomotor",San Martin 4800,4,2,0,0,2,0,0,"-32.992888888889,-60.647277777778",Avenida,,ROSARIO,Rosario,Asfalto,No existe,II,Dentro,Urbana,Ninguna,S/D,Recta,Bueno,S/D,S/D,Buen Tiempo,De alcance,S/D,Colisión,Ninguna,Horizontal,Ninguna,Sin restricción,"-32.992888888889,-60.647277777778",['San Martin 4800'],1,,-32.992888888889,-60.647277777778,55.0,538.0,Municipio Rosario,Municipio,Rosario,820210,Servicio de Catastro e Información Territorial,IGN
2018,1451,2018-02-15,Jueves,0.0,17:40:00,,0.0,2,"Automóvil,Moto/Ciclomotor",Bv. Segui Y Sarmiento,3,2,0,0,1,0,0,"-32.979194444444,-60.646361111111",Calle,,ROSARIO,Rosario,Asfalto,No existe,II,S/D,Urbana,Ninguna,No existe,Recta,Otro,Buena,Atardecer,Otro,De alcance,S/D,Colisión,Ninguna,Faltante,Ninguna,S/D,"-32.979194444444,-60.646361111111","['Bulevar Juan Francisco Seguí', 'Sarmiento']",2,,-32.979194444444,-60.646361111111,55.0,538.0,Municipio Rosario,Municipio,Rosario,820210,Servicio de Catastro e Información Territorial,IGN
2018,1454,2018-05-14,Lunes,0.0,10:50:00,,0.0,2,"Automóvil,Moto/Ciclomotor",Bv. Avellaneda Y La Paz,4,2,0,0,2,0,0,"-32.956777777778,-60.683722222222",Avenida,,ROSARIO,Rosario,Asfalto,No existe,II,S/D,Urbana,Ninguna,No existe,Intersección,Bueno,Buena,Diurna,Buen Tiempo,De alcance,S/D,Colisión,Ninguna,Faltante,Cordón divisorio,Sin restricción,"-32.956777777778,-60.683722222222","['Avellaneda', 'La Paz']",2,,-32.956777777778,-60.683722222222,55.0,538.0,Municipio Rosario,Municipio,Rosario,820210,Servicio de Catastro e Información Territorial,IGN
2018,1455,2018-02-14,Miercoles,0.0,13:20:00,,0.0,2,"Automóvil,Automóvil",Av. Corrientes Y Biedma,3,1,0,0,2,0,0,"-32.980611111111,-60.651166666667",Calle,,ROSARIO,Rosario,S/D,No existe,II,Dentro,Urbana,Ninguna,No existe,Recta,Otro,Buena,Diurna,Buen Tiempo,De alcance,S/D,Colisión,Ninguna,Horizontal,Ninguna,Sin restricción,"-32.980611111111,-60.651166666667","['Corrientes', 'Coronel Biedma']",2,,-32.980611111111,-60.651166666667,55.0,538.0,Municipio Rosario,Municipio,Rosario,820210,Servicio de Catastro e Información Territorial,IGN
2018,1456,2018-02-17,Sabado,0.0,20:15:00,,0.0,2,"Moto/Ciclomotor,Automóvil",Estado de Israel Y Espa?a,3,1,0,0,2,0,0,"-32.992111111111,-60.658055555556",Calle,,ROSARIO,Rosario,Asfalto,No existe,II,Dentro,Urbana,Ninguna,No existe,Recta,Bueno,Buena,"Nocturna,Con luz artificial",Buen Tiempo,Lateral,S/D,Colisión,Ninguna,Faltante,Ninguna,Sin restricción,"-32.992111111111,-60.658055555556","['Estado de Israel', 'España']",2,,-32.992111111111,-60.658055555556,55.0,538.0,Municipio Rosario,Municipio,Rosario,820210,Servicio de Catastro e Información Territorial,IGN
2018,1457,2018-05-12,Sabado,0.0,17:00:00,,0.0,2,"Automóvil,Moto/Ciclomotor",Av. Provincias Unidas 2060,2,1,0,0,1,0,0,"-32.952861111111,-60.712055555556",Avenida,,ROSARIO,Rosario,Asfalto,Pavimento,II,S/D,Urbana,Semáforo,Funciona,Recta,Bueno,Buena,Atardecer,Buen Tiempo,Otro,S/D,Colisión,Ninguna,Horizontal,Cordón divisorio,Sin restricción,"-32.952861111111,-60.712055555556",['Provincias Unidas 2060'],1,,-32.952861111111,-60.712055555556,55.0,538.0,Municipio Rosario,Municipio,Rosario,820210,Servicio de Catastro e Información Territorial,IGN
2018,1458,2018-02-21,Miercoles,0.0,16:05:00,,0.0,2,"Moto/Ciclomotor,Automóvil",Paraguay Y Av. Battle y Ordo?ez,2,1,0,0,1,0,0,"-33.009,-60.654472222222",Calle,,ROSARIO,Rosario,Asfalto,No existe,II,Dentro,Urbana,Ninguna,Funciona,Recta,Bueno,Buena,Atardecer,Buen Tiempo,De alcance,S/D,Colisión,Ninguna,Horizontal,Barrera de hormigón,Sin restricción,"-33.009,-60.654472222222","['Paraguay', 'Avenida Battle y Ordoñez']",2,,-33.009,-60.654472222222,55.0,538.0,Municipio Rosario,Municipio,Rosario,820210,Servicio de Catastro e Información Territorial,IGN
2018,1460,2018-05-12,Sabado,0.0,13:00:00,,0.0,2,"Moto/Ciclomotor,Automóvil",Rivarola Y Benitez,2,1,0,0,1,0,0,"-32.966055555556,-60.720222222222",Calle,,ROSARIO,Rosario,Asfalto,No existe,II,S/D,Urbana,Semáforo,Funciona,Intersección,Bueno,Buena,Diurna,Buen Tiempo,Otro,S/D,Colisión,Ninguna,Horizontal,Ninguna,Sin restricción,"-32.966055555556,-60.720222222222","['Rivarola', 'Benitez']",2,,-32.966055555556,-60.720222222222,55.0,538.0,Municipio Rosario,Municipio,Rosario,820210,Servicio de Catastro e Información Territorial,IGN
2018,1462,2018-02-14,Miercoles,0.0,08:30:00,,0.0,2,"Automóvil,Taxi/Remis",Mariano Moreno Y Saavedra,2,1,0,0,1,0,0,"-32.975694444444,-60.6585",Calle,,ROSARIO,Rosario,S/D,No existe,II,Dentro,Urbana,Ninguna,No existe,Recta,Bueno,Buena,Diurna,Otro,Lateral,S/D,Colisión,Ninguna,Faltante,Ninguna,Sin restricción,"-32.975694444444,-60.6585","['Mariano Moreno', 'Saavedra']",2,,-32.975694444444,-60.6585,55.0,538.0,Municipio Rosario,Municipio,Rosario,820210,Servicio de Catastro e Información Territorial,IGN