anio_acci,nro_acci,fecha,desc_dia,fecha_aprox,hora_aprox,desc_ruta,km,cant_participantes,desc_participante,calle_avenida_km,total,heridos_leves,heridos_graves,heridos_gravisimos,ilesos,fallecidos,sin_datos,posicion_XY,desc_tipo_via,desc_ruta_ori,desc_loc,desc_dpto,desc_tipo_calzada,desc_tipo_banquina,desc_unidad_regional,desc_lugar_calzada,desc_zona,desc_prioridad,desc_estado_semaforo,desc_lugar_via,desc_estado_via,desc_estado_visibilidad,desc_luminosidad,desc_estado_clima,desc_tipo_colision,desc_tipo_atropello,desc_tipo_hecho,desc_pres_calzada,desc_senializacion,desc_separacion_via,desc_restriccion,forma_geocod,calle_lista,numero_calles,calles_osm,lat,lon,index_right,gid,fna,gna,nam,in1,fdc,sag
2018,1463,2018-05-16,Miercoles,0.0,14:15:00,,0.0,2,"Moto/Ciclomotor,Automóvil",Pascual Rosas Y La Paz,2,1,0,0,1,0,0,"-32.955611111111,-60.690416666667",Calle,,ROSARIO,Rosario,Asfalto,No existe,II,S/D,Urbana,Ninguna,No existe,Intersección,Bueno,Buena,Diurna,Buen Tiempo,Otro,S/D,Colisión,Ninguna,Faltante,Ninguna,Sin restricción,"-32.955611111111,-60.690416666667","['Pascual Rosas', 'La Paz']",2,,-32.955611111111,-60.690416666667,55.0,538.0,Municipio Rosario,Municipio,Rosario,820210,Servicio de Catastro e Información Territorial,IGN
2018,1466,2018-05-15,Martes,0.0,09:50:00,,0.0,2,"Moto/Ciclomotor,Automóvil",Bv. Avellaneda Y La Paz,2,1,0,0,1,0,0,"-32.956777777778,-60.683722222222",Calle,,ROSARIO,Rosario,Asfalto,Pavimento,II,S/D,Urbana,Ninguna,No existe,Intersección,Bueno,Buena,Diurna,Buen Tiempo,Lateral,S/D,Colisión,Ninguna,Faltante,Cordón divisorio,Sin restricción,"-32.956777777778,-60.683722222222","['Avellaneda', 'La Paz']",2,,-32.956777777778,-60.683722222222,55.0,538.0,Municipio Rosario,Municipio,Rosario,820210,Servicio de Catastro e Información Territorial,IGN
2018,1477,2018-05-26,Sabado,0.0,18:50:00,,0.0,2,"Moto/Ciclomotor,Automóvil",Bv. Avellaneda 2300,3,1,0,0,2,0,0,"-32.956805555556,-60.683722222222",S/D,,ROSARIO,Rosario,Asfalto,No existe,II,S/D,Urbana,Semáforo,Funciona,Intersección,Bueno,Buena,Diurna,Buen Tiempo,De alcance,S/D,Colisión,Ninguna,"Horizontal,Vertical",Cordón divisorio,Sin restricción,"-32.956805555556,-60.683722222222",['Avellaneda 2300'],1,,-32.956805555556,-60.683722222222,55.0,538.0,Municipio Rosario,Municipio,Rosario,820210,Servicio de Catastro e Información Territorial,IGN
2018,1478,2018-05-05,Sabado,0.0,20:30:00,,0.0,3,"Moto/Ciclomotor,Bicicleta,Bicicleta",Rivarola 7100,4,3,0,0,1,0,0,"-32.965916666667,-60.716555555556",Calle,,ROSARIO,Rosario,Asfalto,No existe,II,Dentro,Urbana,Semáforo,Funciona,Recta,Bueno,Buena,Nocturna,Buen Tiempo,S/D,Ciclista,Atropello,Ninguna,"Horizontal,Vertical",Cordón divisorio,Sin restricción,"-32.965916666667,-60.716555555556",['Rivarola 7100'],1,,-32.965916666667,-60.716555555556,55.0,538.0,Municipio Rosario,Municipio,Rosario,820210,Servicio de Catastro e Información Territorial,IGN
2018,1479,2018-05-27,Domingo,0.0,14:45:00,,0.0,2,"Moto/Ciclomotor,Moto/Ciclomotor",Rivarola Y Fader,2,2,0,0,0,0,0,"-32.966111111111,-60.7225",S/D,,ROSARIO,Rosario,Asfalto,No existe,II,S/D,Urbana,Ninguna,S/D,Intersección,Bueno,Buena,Diurna,Buen Tiempo,Frontal,S/D,Colisión,Ninguna,Faltante,Cordón divisorio,Sin restricción,"-32.966111111111,-60.7225","['Rivarola', 'Fader']",2,,-32.966111111111,-60.7225,55.0,538.0,Municipio Rosario,Municipio,Rosario,820210,Servicio de Catastro e Información Territorial,IGN
2018,1480,2018-05-24,Jueves,0.0,16:30:00,,0.0,2,"Automóvil,Moto/Ciclomotor",Av. De Las Palmeras 4500,2,1,0,0,1,0,0,"-32.95195, -60.64439",Avenida,,ROSARIO,Rosario,Asfalto,No existe,II,S/D,Urbana,Ninguna,No existe,Recta,Con baches,Buena,Diurna,Buen Tiempo,S/D,S/D,Caída ocupante,Ninguna,Horizontal,Ninguna,Sin restricción,"-32.95195, -60.64439",['De Las Palmeras 4500'],1,,-32.95195,-60.64439,55.0,538.0,Municipio Rosario,Municipio,Rosario,820210,Servicio de Catastro e Información Territorial,IGN
2018,1483,2018-05-30,Miercoles,0.0,18:50:00,,0.0,2,"Moto/Ciclomotor,Peatón",Rivarola ,3,0,1,0,2,0,0,"-32.966083333333,-60.721444444444",Avenida,,ROSARIO,Rosario,Asfalto,No existe,II,Dentro,Urbana,Ninguna,No existe,Recta,Bueno,Buena,Con luz artificial,Buen Tiempo,S/D,Peatón,Atropello,Ninguna,S/D,Cordón divisorio,Sin restricción,"-32.966083333333,-60.721444444444",['Rivarola'],1,,-32.966083333333,-60.721444444444,55.0,538.0,Municipio Rosario,Municipio,Rosario,820210,Servicio de Catastro e Información Territorial,IGN
2018,1486,2018-05-10,Jueves,0.0,18:00:00,,0.0,2,"Bicicleta,Taxi/Remis",Av. Provincias Unidas 2800,2,1,0,0,1,0,0,"-32.961638888889,-60.711833333333",Avenida,,ROSARIO,Rosario,Asfalto,No existe,II,S/D,Urbana,Semáforo,Funciona,Recta,Bueno,Buena,Diurna,Buen Tiempo,De alcance,S/D,Colisión,Ninguna,"Horizontal,Vertical",Cordón divisorio,Sin restricción,"-32.961638888889,-60.711833333333",['Provincias Unidas 2800'],1,,-32.961638888889,-60.711833333333,55.0,538.0,Municipio Rosario,Municipio,Rosario,820210,Servicio de Catastro e Información Territorial,IGN
2018,1488,2018-05-11,Viernes,0.0,11:35:00,,0.0,2,"Moto/Ciclomotor,Peatón",Av. Provincias Unidas Y Viamonte,3,2,0,0,1,0,0,"-32.956861111111,-60.711888888889",Calle,,ROSARIO,Rosario,Asfalto,Pavimento,II,S/D,Urbana,Ninguna,No existe,Recta,Bueno,Buena,Diurna,Buen Tiempo,S/D,Peatón,Atropello,Ninguna,Faltante,Cordón divisorio,Sin restricción,"-32.956861111111,-60.711888888889","['Avenida Provincias Unidas', 'Viamonte']",2,,-32.956861111111,-60.711888888889,55.0,538.0,Municipio Rosario,Municipio,Rosario,820210,Servicio de Catastro e Información Territorial,IGN
2018,1490,2018-05-17,Jueves,0.0,08:25:00,,0.0,2,"Moto/Ciclomotor,Automóvil",Valparaiso Y Av. Pte.Peron,3,1,0,0,2,0,0,"-32.957861111111,-60.686722222222",S/D,,ROSARIO,Rosario,Asfalto,Pavimento,II,S/D,Urbana,Paso Peatonal,No existe,Intersección,Bueno,Buena,Diurna,Buen Tiempo,Frontal,S/D,Colisión,Ninguna,Faltante,Cordón divisorio,Sin restricción,"-32.957861111111,-60.686722222222","['Valparaíso', 'Avenida Presidente Perón']",2,,-32.957861111111,-60.686722222222,55.0,538.0,Municipio Rosario,Municipio,Rosario,820210,Servicio de Catastro e Información Territorial,IGN
2018,1492,2018-06-01,Viernes,0.0,15:15:00,,0.0,2,"Peatón,Moto/Ciclomotor",Mendoza Y Mejico,2,0,1,0,1,0,0,"-32.940333333333,-60.718416666667",Calle,,ROSARIO,Rosario,Asfalto,S/D,II,Dentro,Urbana,S/D,No existe,Recta,Bueno,Buena,S/D,S/D,S/D,Peatón,Atropello,S/D,S/D,Cordón divisorio,Sin restricción,"-32.940333333333,-60.718416666667","['Mendoza', 'Mejico']",2,,-32.940333333333,-60.718416666667,55.0,538.0,Municipio Rosario,Municipio,Rosario,820210,Servicio de Catastro e Información Territorial,IGN
2018,1493,2018-05-31,Jueves,0.0,09:55:00,,0.0,2,"Camión Chasis,Moto/Ciclomotor",Av. Francia Y La Paz,3,1,0,0,2,0,0,"-32.95925,-60.670111111111",Calle,,ROSARIO,Rosario,Asfalto,Pavimento,II,S/D,Urbana,Semáforo,Funciona,Intersección,Resbaladiza,Reducida,Diurna,Lluvia,Frontal,S/D,Colisión,Ninguna,"Horizontal,Vertical",Cordón divisorio,Sin restricción,"-32.95925,-60.670111111111","['Avenida Francia', 'La Paz']",2,,-32.95925,-60.670111111111,55.0,538.0,Municipio Rosario,Municipio,Rosario,820210,Servicio de Catastro e Información Territorial,IGN
2018,1495,2018-06-16,Sabado,0.0,13:50:00,,0.0,2,"Pickup/Utilitario,Moto/Ciclomotor",Av. Sorrento Y Esquivel,3,1,0,0,2,0,0,"-32.907361111111,-60.700166666667",Calle,,ROSARIO,Rosario,Asfalto,No existe,II,Dentro,Urbana,Ninguna,No existe,Intersección,Bueno,Buena,Diurna,Buen Tiempo,Lateral,S/D,Colisión,Ninguna,Faltante,Cordón divisorio,Desvío Provisorio,"-32.907361111111,-60.700166666667","['Sorrento', 'Esquivel']",2,,-32.907361111111,-60.700166666667,55.0,538.0,Municipio Rosario,Municipio,Rosario,820210,Servicio de Catastro e Información Territorial,IGN
2018,1496,2018-05-31,Jueves,0.0,17:30:00,,0.0,2,"Automóvil,Moto/Ciclomotor",Cafferata Y Cochabamba,2,1,0,0,1,0,0,"-32.952527777778,-60.674",Calle,,ROSARIO,Rosario,Asfalto,No existe,II,S/D,Urbana,Ninguna,No existe,Intersección,Bueno,Buena,Diurna,Buen Tiempo,Frontal,S/D,Colisión,Ninguna,Faltante,Ninguna,Sin restricción,"-32.952527777778,-60.674","['Cafferata', 'Cochabamba']",2,,-32.952527777778,-60.674,55.0,538.0,Municipio Rosario,Municipio,Rosario,820210,Servicio de Catastro e Información Territorial,IGN
2018,1497,2018-06-01,Viernes,0.0,08:30:00,,0.0,2,"Moto/Ciclomotor,Automóvil",Donado Y Derqui,2,1,0,0,0,0,1,"-32.938388888889,-60.727083333333",Calle,,ROSARIO,Rosario,Asfalto,Pavimento,II,Dentro,Urbana,S/D,No existe,Recta,Bueno,Buena,Diurna,S/D,Lateral,S/D,Colisión,Ninguna,S/D,Ninguna,Sin restricción,"-32.938388888889,-60.727083333333","['Donado', 'Derqui']",2,,-32.938388888889,-60.727083333333,55.0,538.0,Municipio Rosario,Municipio,Rosario,820210,Servicio de Catastro e Información Territorial,IGN
2018,1498,2018-05-07,Lunes,0.0,14:20:00,,0.0,2,"Automóvil,Moto/Ciclomotor",Av. Pte.Peron Y Rio De Janeiro,2,1,0,0,1,0,0,"-32.957666666667,-60.685277777778",S/D,,ROSARIO,Rosario,Asfalto,Pavimento,II,S/D,Urbana,Ninguna,No existe,Intersección,Bueno,Buena,Diurna,Buen Tiempo,Frontal,S/D,Colisión,Ninguna,Faltante,Cordón divisorio,Sin restricción,"-32.957666666667,-60.685277777778","['Avenida Presidente Perón', 'Río de Janeiro']",2,,-32.957666666667,-60.685277777778,55.0,538.0,Municipio Rosario,Municipio,Rosario,820210,Servicio de Catastro e Información Territorial,IGN
2018,1500,2018-06-12,Martes,0.0,20:45:00,,0.0,2,"Automóvil,Moto/Ciclomotor",Maciel Y Warnes,2,1,0,0,1,0,0,"-32.904111111111,-60.691027777778",Calle,,ROSARIO,Rosario,Asfalto,No existe,II,Dentro,Urbana,Ninguna,No existe,Intersección,Bueno,Buena,Nocturna,Buen Tiempo,Lateral,S/D,Colisión,Ninguna,Faltante,Ninguna,Sin restricción,"-32.904111111111,-60.691027777778","['Maciel', 'Warnes']",2,,-32.904111111111,-60.691027777778,55.0,538.0,Municipio Rosario,Municipio,Rosario,820210,Servicio de Catastro e Información Territorial,IGN
2018,1501,2018-05-05,Sabado,0.0,13:45:00,,0.0,2,"Bicicleta,Transporte de Pasajeros Urbano (> 8 asientos)",Cochabamba Y Cafferata,3,2,0,0,1,0,0,"-32.952527777778,-60.674",Avenida,,ROSARIO,Rosario,Hormigón,Pavimento,II,S/D,Urbana,Ninguna,No existe,Recta,Bueno,Buena,Diurna,Buen Tiempo,De alcance,S/D,Colisión,Ninguna,Faltante,Ninguna,Sin restricción,"-32.952527777778,-60.674","['Cochabamba', 'Cafferata']",2,,-32.952527777778,-60.674,55.0,538.0,Municipio Rosario,Municipio,Rosario,820210,Servicio de Catastro e Información Territorial,IGN
2018,1502,2018-06-07,Jueves,0.0,09:30:00,,0.0,2,"Automóvil,Moto/Ciclomotor",Donado Y White,2,1,0,0,1,0,0,"-32.942,-60.726916666667",Calle,,ROSARIO,Rosario,Asfalto,Pavimento,II,Dentro,Urbana,Ninguna,No existe,Recta,Bueno,Buena,Diurna,S/D,S/D,S/D,Colisión,S/D,S/D,Ninguna,Sin restricción,"-32.942,-60.726916666667","['Donado', 'White']",2,,-32.942,-60.726916666667,55.0,538.0,Municipio Rosario,Municipio,Rosario,820210,Servicio de Catastro e Información Territorial,IGN
2018,1503,2018-05-06,Domingo,0.0,18:30:00,,0.0,2,"Peatón,Automóvil",Bv. 27 De Febrero 7800,2,1,0,0,1,0,0,"-32.959722222222,-60.7275",Avenida,,ROSARIO,Rosario,Tierra,No existe,II,Dentro,Urbana,Ninguna,No existe,Recta,Otro,Reducida p/ objetos,Diurna,Buen Tiempo,S/D,Peatón,Atropello,Material Suelto,Faltante,Ninguna,Obra en Construcción,"-32.959722222222,-60.7275",['27 De Febrero 7800'],1,,-32.959722222222,-60.7275,55.0,538.0,Municipio Rosario,Municipio,Rosario,820210,Servicio de Catastro e Información Territorial,IGN
2018,1504,2018-06-23,Sabado,0.0,19:00:00,,0.0,2,"Moto/Ciclomotor,Moto/Ciclomotor",Washington Y Calvo,4,1,0,0,3,0,0,"-32.904694444444,-60.706416666667",Calle,,ROSARIO,Rosario,Asfalto,No existe,II,Dentro,Urbana,Ninguna,No existe,Intersección,Bueno,Buena,Atardecer,Buen Tiempo,Lateral,S/D,Colisión,Ninguna,Faltante,Ninguna,Sin restricción,"-32.904694444444,-60.706416666667","['Washington', 'Calvo']",2,,-32.904694444444,-60.706416666667,55.0,538.0,Municipio Rosario,Municipio,Rosario,820210,Servicio de Catastro e Información Territorial,IGN
2018,1505,2018-05-14,Lunes,0.0,03:30:00,,0.0,2,"Automóvil,Moto/Ciclomotor",Av. Pte.Peron Y San Nicolas,2,1,0,0,1,0,0,"-32.956916666667,-60.676583333333",Avenida,,ROSARIO,Rosario,Asfalto,No existe,II,Dentro,Urbana,Semáforo,Funciona,Intersección,Bueno,Buena,"Nocturna,Con luz artificial",Buen Tiempo,Frontal,S/D,Colisión,Ninguna,"Horizontal,Vertical",Cordón divisorio,Sin restricción,"-32.956916666667,-60.676583333333","['Avenida Presidente Perón', 'San Nicolás']",2,,-32.956916666667,-60.676583333333,55.0,538.0,Municipio Rosario,Municipio,Rosario,820210,Servicio de Catastro e Información Territorial,IGN
2018,1506,2018-06-07,Jueves,0.0,18:30:00,,0.0,2,"Automóvil,Moto/Ciclomotor",Marcos Paz Y Av. Provincias Unidas,3,2,0,0,1,0,0,"-32.939083333333,-60.712638888889",Calle,,ROSARIO,Rosario,Asfalto,Natural,II,Dentro,Urbana,Ninguna,S/D,Recta,Bueno,Buena,"Diurna,Con luz artificial",S/D,S/D,S/D,Colisión,S/D,S/D,Ninguna,Sin restricción,"-32.939083333333,-60.712638888889","['Marcos Paz', 'Avenida Provincias Unidas']",2,,-32.939083333333,-60.712638888889,55.0,538.0,Municipio Rosario,Municipio,Rosario,820210,Servicio de Catastro e Información Territorial,IGN
2018,1507,2018-05-14,Lunes,0.0,08:20:00,,0.0,2,"Camión c / Semirremolque,Moto/Ciclomotor",J.J.Paso Y Colombia,2,0,1,0,1,0,0,"-32.920444444444,-60.717027777778",Avenida,,ROSARIO,Rosario,Asfalto,No existe,II,Dentro,Urbana,Ninguna,No existe,Intersección,Bueno,Buena,Diurna,Buen Tiempo,Lateral,S/D,Colisión,Ninguna,Faltante,Ninguna,S/D,"-32.920444444444,-60.717027777778","['Paso', 'Colombia']",2,,-32.920444444444,-60.717027777778,55.0,538.0,Municipio Rosario,Municipio,Rosario,820210,Servicio de Catastro e Información Territorial,IGN
2018,1508,2018-05-07,Lunes,0.0,14:10:00,,0.0,2,"Moto/Ciclomotor,Pickup/Utilitario",J.J.Paso Y Olavarria Bis,5,2,0,0,3,0,0,"-32.919944444444,-60.704361111111",Avenida,,ROSARIO,Rosario,Asfalto,No existe,II,Dentro,Urbana,S/D,Funciona,Intersección,Bueno,Buena,Diurna,Buen Tiempo,Frontal,S/D,Colisión,Ninguna,S/D,S/D,Sin restricción,"-32.919944444444,-60.704361111111","['Paso', 'Olavarría']",2,,-32.919944444444,-60.704361111111,55.0,538.0,Municipio Rosario,Municipio,Rosario,820210,Servicio de Catastro e Información Territorial,IGN
2018,1509,2018-06-11,Lunes,0.0,00:30:00,,0.0,2,"Automóvil,Automóvil",Mendoza Y Brasil,2,1,0,0,1,0,0,"-32.940361111111,-60.719555555556",Calle,,ROSARIO,Rosario,Asfalto,Pavimento,II,Dentro,Urbana,Semáforo,Funciona,Recta,Bueno,Buena,"Nocturna,Con luz artificial",S/D,Otro,S/D,Colisión,S/D,Vertical,Cordón divisorio,Sin restricción,"-32.940361111111,-60.719555555556","['Mendoza', 'Brasil']",2,,-32.940361111111,-60.719555555556,55.0,538.0,Municipio Rosario,Municipio,Rosario,820210,Servicio de Catastro e Información Territorial,IGN
2018,1510,2018-06-11,Lunes,0.0,16:00:00,,0.0,2,"Pickup/Utilitario,Moto/Ciclomotor",Donado Y Urquiza,3,1,1,0,1,0,0,"-32.933805555556,-60.727277777778",Calle,,ROSARIO,Rosario,Asfalto,No existe,II,Dentro,Urbana,Ninguna,S/D,Recta,Bueno,Buena,Diurna,S/D,Otro,S/D,Colisión,S/D,S/D,Ninguna,Sin restricción,"-32.933805555556,-60.727277777778","['Donado', 'Urquiza']",2,,-32.933805555556,-60.727277777778,55.0,538.0,Municipio Rosario,Municipio,Rosario,820210,Servicio de Catastro e Información Territorial,IGN
2018,1512,2018-05-07,Lunes,0.0,19:05:00,,0.0,2,"Moto/Ciclomotor,Automóvil",Av. Provincias Unidas Y Jose Ingenieros,4,1,0,0,3,0,0,"-32.917111111111,-60.713638888889",Calle,,ROSARIO,Rosario,Asfalto,No existe,II,Dentro,Urbana,Ninguna,No existe,Intersección,Bueno,Buena,Atardecer,Buen Tiempo,Lateral,S/D,Colisión,Ninguna,Faltante,Ninguna,Sin restricción,"-32.917111111111,-60.713638888889","['Avenida Provincias Unidas', 'José Ingenieros']",2,,-32.917111111111,-60.713638888889,55.0,538.0,Municipio Rosario,Municipio,Rosario,820210,Servicio de Catastro e Información Territorial,IGN
2018,1513,2018-06-25,Lunes,0.0,00:50:00,,0.0,2,"Automóvil,Moto/Ciclomotor",Cam De Las Carretas 8700,2,1,0,0,1,0,0,"-32.9345,-60.753361111111",Calle,,ROSARIO,Rosario,Tierra,No existe,II,S/D,Urbana,Ninguna,No existe,Recta,Bueno,S/D,"Nocturna,Con luz artificial",S/D,S/D,S/D,Colisión,S/D,Faltante,Ninguna,Sin restricción,"-32.9345,-60.753361111111",['Cam De Las Carretas 8700'],1,,-32.9345,-60.753361111111,55.0,538.0,Municipio Rosario,Municipio,Rosario,820210,Servicio de Catastro e Información Territorial,IGN
2018,1514,2018-05-22,Martes,0.0,16:35:00,,0.0,2,"Automóvil,Moto/Ciclomotor",Francisco De Miranda Y Ricardo Gutierrez,2,1,0,0,1,0,0,"-32.880527777778,-60.692083333333",Calle,,ROSARIO,Rosario,Asfalto,No existe,II,Dentro,Urbana,Ninguna,No existe,Intersección,Bueno,Buena,Diurna,Buen Tiempo,Lateral,S/D,Colisión,Ninguna,Faltante,Ninguna,Sin restricción,"-32.880527777778,-60.692083333333","['Francisco de Miranda', 'Ricardo Gutierrez']",2,,-32.880527777778,-60.692083333333,55.0,538.0,Municipio Rosario,Municipio,Rosario,820210,Servicio de Catastro e Información Territorial,IGN
2018,1515,2018-06-25,Lunes,0.0,22:00:00,,0.0,2,"Moto/Ciclomotor,Moto/Ciclomotor",Nicaragua Y Cochabamba,3,1,0,0,2,0,0,"-32.95,-60.72025",Calle,,ROSARIO,Rosario,Asfalto,No existe,II,Dentro,Urbana,Ninguna,S/D,Recta,Bueno,S/D,"Nocturna,Con luz artificial",S/D,Otro,S/D,Colisión,S/D,S/D,Ninguna,Sin restricción,"-32.95,-60.72025","['Nicaragua', 'Cochabamba']",2,,-32.95,-60.72025,55.0,538.0,Municipio Rosario,Municipio,Rosario,820210,Servicio de Catastro e Información Territorial,IGN
2018,1516,2018-05-15,Martes,0.0,10:20:00,,0.0,2,"Moto/Ciclomotor,Automóvil",Av. Genova Y Dr.Victor Cue Bis,2,1,0,0,1,0,0,"-32.915527777778,-60.69725",Avenida,,ROSARIO,Rosario,Asfalto,No existe,II,Dentro,Urbana,Ninguna,No existe,Intersección,Bueno,Buena,Diurna,Buen Tiempo,Lateral,S/D,Colisión,Ninguna,Faltante,Ninguna,Sin restricción,"-32.915527777778,-60.69725","['Genova', 'Victor Cue']",2,,-32.915527777778,-60.69725,55.0,538.0,Municipio Rosario,Municipio,Rosario,820210,Servicio de Catastro e Información Territorial,IGN
2018,1518,2018-06-29,Viernes,0.0,16:00:00,,0.0,2,"Automóvil,Moto/Ciclomotor",Nicaragua 1300,4,1,0,0,3,0,0,"-32.943722222222,-60.720555555556",Calle,,ROSARIO,Rosario,Asfalto,S/D,II,Dentro,Urbana,Ninguna,No existe,Recta,Bueno,S/D,S/D,S/D,Otro,S/D,Colisión,S/D,S/D,Ninguna,Sin restricción,"-32.943722222222,-60.720555555556",['Nicaragua 1300'],1,,-32.943722222222,-60.720555555556,55.0,538.0,Municipio Rosario,Municipio,Rosario,820210,Servicio de Catastro e Información Territorial,IGN
2018,1519,2018-05-29,Martes,0.0,12:30:00,,0.0,2,"Moto/Ciclomotor,Automóvil",Ricardo Gutierrez Y A.Maza,2,1,0,0,1,0,0,"-32.880222222222,-60.690722222222",Calle,,ROSARIO,Rosario,Asfalto,No existe,II,Dentro,Urbana,Ninguna,No existe,Intersección,Bueno,Buena,Diurna,Buen Tiempo,Lateral,S/D,Colisión,Ninguna,Faltante,Ninguna,Sin restricción,"-32.880222222222,-60.690722222222","['Ricardo Gutierrez', 'Maza']",2,,-32.880222222222,-60.690722222222,55.0,538.0,Municipio Rosario,Municipio,Rosario,820210,Servicio de Catastro e Información Territorial,IGN
2018,1520,2018-05-24,Jueves,0.0,17:15:00,,0.0,2,"Moto/Ciclomotor,Pickup/Utilitario",Bv. Rondeau Y Martin Fierro,4,3,0,0,1,0,0,"-32.87775,-60.697722222222",Calle,,ROSARIO,Rosario,Asfalto,No existe,II,Dentro,Urbana,Semáforo,Funciona,Intersección,Bueno,Buena,Diurna,Buen Tiempo,Frontal,S/D,Colisión,Ninguna,Vertical,Ninguna,Sin restricción,"-32.87775,-60.697722222222","['Rondeau', 'Martin Fierro']",2,,-32.87775,-60.697722222222,55.0,538.0,Municipio Rosario,Municipio,Rosario,820210,Servicio de Catastro e Información Territorial,IGN
2018,1522,2018-05-25,Viernes,0.0,14:10:00,,0.0,2,"Automóvil,Moto/Ciclomotor",P.Araoz Y Darragueira,3,1,0,0,2,0,0,"-32.889444444444,-60.696666666667",Calle,,ROSARIO,Rosario,Asfalto,No existe,II,Dentro,Urbana,Ninguna,No existe,Intersección,Bueno,Buena,Diurna,Buen Tiempo,Lateral,S/D,Colisión,Ninguna,Faltante,Ninguna,Sin restricción,"-32.889444444444,-60.696666666667","['Aráoz', 'José Darragueira']",2,,-32.889444444444,-60.696666666667,55.0,538.0,Municipio Rosario,Municipio,Rosario,820210,Servicio de Catastro e Información Territorial,IGN
2018,1523,2018-05-24,Jueves,0.0,18:15:00,,0.0,2,"Pickup/Utilitario,Automóvil",Dr.D.Pe?a Y Bv. Rondeau,2,1,0,0,1,0,0,"-32.879277777778,-60.69725",Calle,,ROSARIO,Rosario,Asfalto,No existe,II,Dentro,Urbana,Ninguna,No existe,Recta,Bueno,Buena,Atardecer,Buen Tiempo,S/D,Peatón,Atropello,Ninguna,Faltante,Ninguna,Sin restricción,"-32.879277777778,-60.69725","['David Peña', 'Rondeau']",2,,-32.879277777778,-60.69725,55.0,538.0,Municipio Rosario,Municipio,Rosario,820210,Servicio de Catastro e Información Territorial,IGN
2018,1524,2018-06-24,Domingo,0.0,22:50:00,,0.0,2,"Moto/Ciclomotor,Automóvil",La Republica 7663,2,0,1,0,1,0,0,"-32.918944444444,-60.727027777778",Calle,,ROSARIO,Rosario,Asfalto,S/D,II,S/D,Urbana,Ninguna,S/D,Recta,Bueno,Buena,Nocturna,Buen Tiempo,Otro,S/D,Colisión,Ninguna,S/D,Ninguna,Sin restricción,"-32.918944444444,-60.727027777778",['La Republica 7663'],1,,-32.918944444444,-60.727027777778,55.0,538.0,Municipio Rosario,Municipio,Rosario,820210,Servicio de Catastro e Información Territorial,IGN
2018,1526,2018-05-14,Lunes,0.0,10:00:00,,0.0,2,"Transporte de Pasajeros Urbano (> 8 asientos),Automóvil",Av. Ovidio Lagos Y Cordoba,4,1,0,0,3,0,0,"-32.94225,-60.661444444444",Calle,,ROSARIO,Rosario,Asfalto,No existe,II,S/D,Urbana,Ninguna,S/D,Intersección,Bueno,Buena,Diurna,Buen Tiempo,De alcance,S/D,Colisión,Ninguna,Faltante,Ninguna,Sin restricción,"-32.94225,-60.661444444444","['Avenida Ovidio Lagos', 'Córdoba']",2,,-32.94225,-60.661444444444,55.0,538.0,Municipio Rosario,Municipio,Rosario,820210,Servicio de Catastro e Información Territorial,IGN
2018,1527,2018-06-08,Viernes,0.0,18:35:00,,0.0,2,"Moto/Ciclomotor,Automóvil",La Republica Y Acevedo Bis,2,1,0,0,1,0,0,"-32.919527777778,-60.749",Calle,,ROSARIO,Rosario,Asfalto,No existe,II,Dentro,Urbana,Ninguna,S/D,Intersección,Bueno,Buena,Atardecer,Buen Tiempo,S/D,S/D,Colisión,Ninguna,S/D,Ninguna,Sin restricción,"-32.919527777778,-60.749","['La República', 'Acevedo']",2,,-32.919527777778,-60.749,55.0,538.0,Municipio Rosario,Municipio,Rosario,820210,Servicio de Catastro e Información Territorial,IGN
2018,1528,2018-05-09,Miercoles,0.0,15:30:00,,0.0,2,"Moto/Ciclomotor,Taxi/Remis",San Nicolas 1300,2,1,0,0,1,0,0,"-32.946666666667,-60.673944444444",Calle,,ROSARIO,Rosario,Asfalto,No existe,II,S/D,Urbana,Ninguna,No existe,Recta,Bueno,Buena,Diurna,Buen Tiempo,Contra objeto fijo,S/D,Colisión,Ninguna,Faltante,Ninguna,Sin restricción,"-32.946666666667,-60.673944444444",['San Nicolas 1300'],1,,-32.946666666667,-60.673944444444,55.0,538.0,Municipio Rosario,Municipio,Rosario,820210,Servicio de Catastro e Información Territorial,IGN