anio_acci,nro_acci,fecha,desc_dia,fecha_aprox,hora_aprox,desc_ruta,km,cant_participantes,desc_participante,calle_avenida_km,total,heridos_leves,heridos_graves,heridos_gravisimos,ilesos,fallecidos,sin_datos,posicion_XY,desc_tipo_via,desc_ruta_ori,desc_loc,desc_dpto,desc_tipo_calzada,desc_tipo_banquina,desc_unidad_regional,desc_lugar_calzada,desc_zona,desc_prioridad,desc_estado_semaforo,desc_lugar_via,desc_estado_via,desc_estado_visibilidad,desc_luminosidad,desc_estado_clima,desc_tipo_colision,desc_tipo_atropello,desc_tipo_hecho,desc_pres_calzada,desc_senializacion,desc_separacion_via,desc_restriccion,forma_geocod,calle_lista,numero_calles,calles_osm,lat,lon,index_right,gid,fna,gna,nam,in1,fdc,sag
2018,1530,2018-06-11,Lunes,0.0,14:00:00,,0.0,2,"Moto/Ciclomotor,Otros",Gorriti Y Mejico Bis,2,1,0,0,1,0,0,"-32.924527777778,-60.719138888889",Calle,,ROSARIO,Rosario,Asfalto,No existe,II,Dentro,Urbana,Ninguna,No existe,Intersección,Bueno,Buena,Diurna,Buen Tiempo,Lateral,S/D,Colisión,Ninguna,S/D,Ninguna,Sin restricción,"-32.924527777778,-60.719138888889","['Gorriti', 'Mejico']",2,,-32.924527777778,-60.719138888889,55.0,538.0,Municipio Rosario,Municipio,Rosario,820210,Servicio de Catastro e Información Territorial,IGN
2018,1533,2018-06-11,Lunes,0.0,12:00:00,,0.0,2,"Moto/Ciclomotor,Otros",Arevalo Y Nicaragua,2,1,0,0,1,0,0,"-32.930861111111,-60.721194444444",Calle,,ROSARIO,Rosario,Asfalto,No existe,II,Dentro,Urbana,Ninguna,No existe,Intersección,Bueno,Buena,Diurna,Buen Tiempo,Lateral,S/D,Colisión,Ninguna,S/D,Ninguna,Sin restricción,"-32.930861111111,-60.721194444444","['Arévalo', 'Nicaragua']",2,,-32.930861111111,-60.721194444444,55.0,538.0,Municipio Rosario,Municipio,Rosario,820210,Servicio de Catastro e Información Territorial,IGN
2018,1558,2018-05-14,Lunes,0.0,11:15:00,,0.0,2,"Automóvil,Peatón",French Y Bv. Avellaneda,2,1,0,0,1,0,0,"-32.920666666667,-60.674361111111",Calle,,ROSARIO,Rosario,Asfalto,S/D,II,S/D,Urbana,Ninguna,S/D,Recta,Bueno,Buena,Diurna,Buen Tiempo,Otro,S/D,Colisión,Ninguna,S/D,Barrera de hormigón,Sin restricción,"-32.920666666667,-60.674361111111","['French', 'Avellaneda']",2,,-32.920666666667,-60.674361111111,55.0,538.0,Municipio Rosario,Municipio,Rosario,820210,Servicio de Catastro e Información Territorial,IGN
2018,1561,2018-05-10,Jueves,0.0,21:00:00,,0.0,2,"Automóvil,Automóvil",J.J.Paso Y Av. Alberdi Bis,2,1,0,0,1,0,0,"-32.919305555556,-60.682166666667",Calle,,ROSARIO,Rosario,Asfalto,S/D,II,S/D,Urbana,Semáforo,S/D,Recta,Bueno,Buena,Nocturna,Buen Tiempo,Otro,S/D,Colisión,Ninguna,S/D,Barrera de hormigón,Sin restricción,"-32.919305555556,-60.682166666667","['Paso', 'Alberdi']",2,,-32.919305555556,-60.682166666667,55.0,538.0,Municipio Rosario,Municipio,Rosario,820210,Servicio de Catastro e Información Territorial,IGN
2018,1565,2018-05-09,Miercoles,0.0,10:30:00,,0.0,2,"Automóvil,Moto/Ciclomotor",Sucre ,2,1,0,0,1,0,0,"-32.93858, -60.69037",Calle,,ROSARIO,Rosario,Asfalto,No existe,II,Dentro,Urbana,Ninguna,No existe,Intersección,Bueno,Buena,Diurna,Buen Tiempo,S/D,S/D,Colisión,Ninguna,Faltante,Ninguna,Sin restricción,"-32.93858, -60.69037",['Sucre'],1,,-32.93858,-60.69037,55.0,538.0,Municipio Rosario,Municipio,Rosario,820210,Servicio de Catastro e Información Territorial,IGN
2018,1569,2018-05-09,Miercoles,0.0,09:40:00,,0.0,2,"Taxi/Remis,Moto/Ciclomotor",San Luis Y Pueyrredon,2,1,0,0,1,0,0,"-32.945583333333,-60.658055555556",Calle,,ROSARIO,Rosario,Asfalto,No existe,II,Dentro,Urbana,Ninguna,No existe,Intersección,Bueno,Buena,Diurna,Buen Tiempo,De alcance,S/D,Colisión,Ninguna,Faltante,Ninguna,Sin restricción,"-32.945583333333,-60.658055555556","['San Luis', 'Pueyrredón']",2,,-32.945583333333,-60.658055555556,55.0,538.0,Municipio Rosario,Municipio,Rosario,820210,Servicio de Catastro e Información Territorial,IGN
2018,1570,2018-05-24,Jueves,0.0,18:30:00,,0.0,2,"Transporte de Pasajeros Larga Distancia (Piso  y  1/2),Automóvil",Pascual Rosas Y Rioja,2,1,0,0,1,0,0,"-32.939,-60.686222222222",Avenida,,ROSARIO,Rosario,Asfalto,No existe,II,Dentro,Urbana,Ninguna,No existe,Intersección,Bueno,Buena,Diurna,Buen Tiempo,Lateral,S/D,Colisión,Agua,Faltante,Ninguna,Sin restricción,"-32.939,-60.686222222222","['Pascual Rosas', 'Rioja']",2,,-32.939,-60.686222222222,55.0,538.0,Municipio Rosario,Municipio,Rosario,820210,Servicio de Catastro e Información Territorial,IGN
2018,1572,2018-05-24,Jueves,0.0,01:50:00,,0.0,2,"Taxi/Remis,Automóvil",Cordoba Y Suipacha,3,1,0,0,2,0,0,"-32.94175,-60.664166666667",Calle,,ROSARIO,Rosario,S/D,S/D,II,Dentro,Urbana,S/D,S/D,S/D,S/D,S/D,S/D,S/D,S/D,S/D,Colisión,S/D,S/D,S/D,S/D,"-32.94175,-60.664166666667","['Córdoba', 'Suipacha']",2,,-32.94175,-60.664166666667,55.0,538.0,Municipio Rosario,Municipio,Rosario,820210,Servicio de Catastro e Información Territorial,IGN
2018,1575,2018-05-27,Domingo,0.0,14:40:00,,0.0,2,"Automóvil,Bicicleta",San Luis Y Pueyrredon,2,1,0,0,1,0,0,"-32.945583333333,-60.658055555556",Calle,,ROSARIO,Rosario,Asfalto,No existe,II,Dentro,Urbana,Ninguna,No existe,Intersección,Bueno,Buena,Diurna,Buen Tiempo,S/D,Ciclista,Atropello,Ninguna,Faltante,Ninguna,Sin restricción,"-32.945583333333,-60.658055555556","['San Luis', 'Pueyrredón']",2,,-32.945583333333,-60.658055555556,55.0,538.0,Municipio Rosario,Municipio,Rosario,820210,Servicio de Catastro e Información Territorial,IGN
2018,1576,2018-05-22,Martes,0.0,17:00:00,,0.0,2,"Moto/Ciclomotor,Peatón",3 De Febrero Y San Nicolas,2,0,1,0,1,0,0,"-32.946666666667,-60.673944444444",Calle,,ROSARIO,Rosario,Asfalto,No existe,II,S/D,Urbana,Ninguna,No existe,Intersección,Bueno,Buena,Diurna,Buen Tiempo,De alcance,S/D,Colisión,Ninguna,S/D,Ninguna,Sin restricción,"-32.946666666667,-60.673944444444","['3 de Febrero', 'San Nicolás']",2,,-32.946666666667,-60.673944444444,55.0,538.0,Municipio Rosario,Municipio,Rosario,820210,Servicio de Catastro e Información Territorial,IGN
2018,1579,2018-05-18,Viernes,0.0,17:30:00,,0.0,2,"Transporte de Pasajeros Larga Distancia (> 8 asientos),Automóvil",Av. Pellegrini Y Gutenberg,7,2,0,0,5,0,0,"-32.9485,-60.690027777778",Calle,,ROSARIO,Rosario,S/D,S/D,II,Dentro,Urbana,S/D,S/D,S/D,S/D,S/D,S/D,S/D,S/D,S/D,Colisión,S/D,S/D,S/D,S/D,"-32.9485,-60.690027777778","['Pellegrini', 'Gutenberg']",2,,-32.9485,-60.690027777778,55.0,538.0,Municipio Rosario,Municipio,Rosario,820210,Servicio de Catastro e Información Territorial,IGN
2018,1582,2018-05-18,Viernes,0.0,17:45:00,,0.0,2,"Automóvil,Moto/Ciclomotor",Bv. Avellaneda Y Montevideo,2,1,0,0,1,0,0,"-32.948805555556,-60.681472222222",Calle,,ROSARIO,Rosario,Asfalto,No existe,II,Dentro,Urbana,Ninguna,No existe,Intersección,Bueno,Buena,Diurna,Buen Tiempo,De alcance,S/D,Colisión,Ninguna,Faltante,Ninguna,Sin restricción,"-32.948805555556,-60.681472222222","['Avellaneda', 'Montevideo']",2,,-32.948805555556,-60.681472222222,55.0,538.0,Municipio Rosario,Municipio,Rosario,820210,Servicio de Catastro e Información Territorial,IGN
2018,1586,2018-05-18,Viernes,0.0,15:50:00,,0.0,2,"Pickup/Utilitario,Moto/Ciclomotor",3 De Febrero Y Constitucion,2,1,0,0,1,0,0,"-32.946416666667,-60.675305555556",Calle,,ROSARIO,Rosario,Asfalto,No existe,II,Dentro,Urbana,Ninguna,No existe,Intersección,Bueno,Buena,Diurna,Buen Tiempo,De alcance,S/D,Colisión,Ninguna,Faltante,Ninguna,Sin restricción,"-32.946416666667,-60.675305555556","['3 de Febrero', 'Constitución']",2,,-32.946416666667,-60.675305555556,55.0,538.0,Municipio Rosario,Municipio,Rosario,820210,Servicio de Catastro e Información Territorial,IGN
2018,1588,2018-05-10,Jueves,0.0,16:00:00,,0.0,2,"Moto/Ciclomotor,Camión Chasis",J.B.Justo Y Av. Provincias Unidas,2,0,1,0,1,0,0,"-32.914944444444,-60.713916666667",Avenida,,ROSARIO,Rosario,Asfalto,No existe,II,Dentro,Urbana,Ninguna,No existe,Intersección,Bueno,Buena,Diurna,Buen Tiempo,Lateral,S/D,Colisión,Ninguna,Faltante,Ninguna,Sin restricción,"-32.914944444444,-60.713916666667","['Justo', 'Avenida Provincias Unidas']",2,,-32.914944444444,-60.713916666667,55.0,538.0,Municipio Rosario,Municipio,Rosario,820210,Servicio de Catastro e Información Territorial,IGN
2018,1590,2018-05-05,Sabado,0.0,22:00:00,,0.0,2,"Taxi/Remis,Moto/Ciclomotor",Jose Ingenieros Y Garzon,4,2,0,0,2,0,0,"-32.916916666667,-60.706277777778",Calle,,ROSARIO,Rosario,Asfalto,No existe,II,Dentro,Urbana,Ninguna,No existe,Intersección,Bueno,Buena,Con luz artificial,Buen Tiempo,De alcance,S/D,Colisión,Ninguna,Faltante,Ninguna,Sin restricción,"-32.916916666667,-60.706277777778","['José Ingenieros', 'Garzón']",2,,-32.916916666667,-60.706277777778,55.0,538.0,Municipio Rosario,Municipio,Rosario,820210,Servicio de Catastro e Información Territorial,IGN
2018,1592,2018-05-17,Jueves,0.0,18:10:00,,0.0,2,"Automóvil,Moto/Ciclomotor",Washington Y Warnes,2,1,0,0,1,0,0,"-32.901527777778,-60.691833333333",Calle,,ROSARIO,Rosario,Asfalto,Pavimento,II,Dentro,Urbana,Señal Pare,No existe,Intersección,Bueno,Buena,Atardecer,Buen Tiempo,Lateral,S/D,Colisión,Ninguna,Vertical,Ninguna,S/D,"-32.901527777778,-60.691833333333","['Washington', 'Warnes']",2,,-32.901527777778,-60.691833333333,55.0,538.0,Municipio Rosario,Municipio,Rosario,820210,Servicio de Catastro e Información Territorial,IGN
2018,1596,2018-05-29,Martes,0.0,19:30:00,,0.0,2,"Transporte de Pasajeros Urbano (> 8 asientos),Bicicleta",Bv. Rondeau Y Olive,2,1,0,0,1,0,0,"-32.913083333333,-60.686972222222",Avenida,,ROSARIO,Rosario,Asfalto,No existe,II,S/D,Urbana,Semáforo,Funciona,Intersección,Bueno,Reducida,Atardecer,Buen Tiempo,Lateral,Ciclista,"Caída ocupante,Atropello",S/D,Faltante,Línea divisoria pintada,Sin restricción,"-32.913083333333,-60.686972222222","['Rondeau', 'Olive']",2,,-32.913083333333,-60.686972222222,55.0,538.0,Municipio Rosario,Municipio,Rosario,820210,Servicio de Catastro e Información Territorial,IGN
2018,1599,2018-05-12,Sabado,0.0,14:00:00,,0.0,5,"Automóvil,Automóvil,Transporte de Pasajeros,Automóvil,Automóvil",Bv. Rondeau Y Herrera,5,1,0,0,4,0,0,"-32.895416666667,-60.691944444444",Avenida,,ROSARIO,Rosario,Asfalto,Pavimento,II,Dentro,Urbana,Semáforo,Funciona,Recta,Bueno,Buena,Diurna,Buen Tiempo,Múltiple,S/D,Colisión,Ninguna,Horizontal,Vegetación,Sin restricción,"-32.895416666667,-60.691944444444","['Rondeau', 'Herrera']",2,,-32.895416666667,-60.691944444444,55.0,538.0,Municipio Rosario,Municipio,Rosario,820210,Servicio de Catastro e Información Territorial,IGN
2018,1626,2018-05-07,Lunes,0.0,10:15:00,,0.0,2,"Automóvil,Moto/Ciclomotor",Bv. Rondeau Y Baigorria,2,0,1,0,1,0,0,"-32.8915,-60.693166666667",Avenida,,ROSARIO,Rosario,Asfalto,Pavimento,II,Dentro,Urbana,Semáforo,Funciona,Recta,Bueno,Buena,Diurna,S/D,Lateral,S/D,Colisión,Agua,Vertical,Cordón divisorio,Sin restricción,"-32.8915,-60.693166666667","['Rondeau', 'Baigorria']",2,,-32.8915,-60.693166666667,55.0,538.0,Municipio Rosario,Municipio,Rosario,820210,Servicio de Catastro e Información Territorial,IGN
2018,1627,2018-05-11,Viernes,0.0,13:25:00,,0.0,2,"Automóvil,Moto/Ciclomotor",Bv. Rondeau Y Av. Sorrento,4,1,0,0,3,0,0,"-32.907083333333,-60.688388888889",Avenida,,ROSARIO,Rosario,Asfalto,No existe,II,Dentro,Urbana,Semáforo,Funciona,Recta,Bueno,Buena,Diurna,Buen Tiempo,Lateral,S/D,Colisión,Ninguna,Vertical,Cordón divisorio,Sin restricción,"-32.907083333333,-60.688388888889","['Rondeau', 'Sorrento']",2,,-32.907083333333,-60.688388888889,55.0,538.0,Municipio Rosario,Municipio,Rosario,820210,Servicio de Catastro e Información Territorial,IGN
2018,1629,2018-05-11,Viernes,0.0,08:20:00,,0.0,2,"Automóvil,Automóvil",Av. Casiano Casas Y Carril,3,2,0,0,1,0,0,"-32.90475,-60.699333333333",Avenida,,ROSARIO,Rosario,Asfalto,No existe,II,Dentro,Urbana,Ninguna,Funciona,Recta,Deteriorada,Buena,Diurna,Buen Tiempo,De alcance,S/D,Colisión,Ninguna,Vertical,Cordón divisorio,Sin restricción,"-32.90475,-60.699333333333","['Avenida Casiano Casas', 'Carril']",2,,-32.90475,-60.699333333333,55.0,538.0,Municipio Rosario,Municipio,Rosario,820210,Servicio de Catastro e Información Territorial,IGN
2018,1631,2018-05-22,Martes,0.0,12:00:00,,0.0,2,"Peatón,Automóvil",Mendoza Y Rio De Janeiro,3,2,0,0,1,0,0,"-32.943972222222,-60.681805555556",Calle,,ROSARIO,Rosario,Asfalto,No existe,II,S/D,Urbana,Ninguna,S/D,Intersección,Bueno,Buena,Diurna,Buen Tiempo,De alcance,Peatón,Atropello,Ninguna,S/D,Ninguna,Sin restricción,"-32.943972222222,-60.681805555556","['Mendoza', 'Río de Janeiro']",2,,-32.943972222222,-60.681805555556,55.0,538.0,Municipio Rosario,Municipio,Rosario,820210,Servicio de Catastro e Información Territorial,IGN
2018,1635,2018-05-09,Miercoles,0.0,17:20:00,,0.0,2,"Automóvil,Moto/Ciclomotor",Iriondo Y E.Zeballos,2,1,0,0,1,0,0,"-32.949333333333,-60.671805555556",Calle,,ROSARIO,Rosario,Asfalto,No existe,II,S/D,Urbana,Ninguna,No existe,Intersección,Bueno,Buena,S/D,Buen Tiempo,De alcance,S/D,Colisión,Ninguna,Faltante,Línea divisoria pintada,Sin restricción,"-32.949333333333,-60.671805555556","['Iriondo', 'Zeballos']",2,,-32.949333333333,-60.671805555556,55.0,538.0,Municipio Rosario,Municipio,Rosario,820210,Servicio de Catastro e Información Territorial,IGN
2018,1637,2018-05-01,Martes,0.0,22:30:00,,0.0,2,"Automóvil,Moto/Ciclomotor",Bv. Oro?o Y Pte.Quintana,2,1,0,0,1,0,0,"-32.979805555556,-60.662305555556",S/D,,ROSARIO,Rosario,Asfalto,No existe,II,S/D,Urbana,Ninguna,Funciona,Intersección,Bueno,Reducida,Nocturna,Lluvia,Lateral,S/D,Colisión,Agua,"Horizontal,Vertical",Ninguna,Sin restricción,"-32.979805555556,-60.662305555556","['Bulevar Nicasio Oroño', 'Quintana']",2,,-32.979805555556,-60.662305555556,55.0,538.0,Municipio Rosario,Municipio,Rosario,820210,Servicio de Catastro e Información Territorial,IGN
2018,1641,2018-05-20,Domingo,0.0,20:35:00,,0.0,2,"Taxi/Remis,Moto/Ciclomotor",Bertole Y J.M.de Rosas,3,2,0,0,1,0,0,"-32.96523, -60.72026",Calle,,ROSARIO,Rosario,Asfalto,Pavimento,II,S/D,Urbana,Ninguna,No existe,Intersección,Bueno,Buena,"Nocturna,Con luz artificial",Buen Tiempo,Frontal,S/D,Colisión,Ninguna,Faltante,Ninguna,Sin restricción,"-32.96523, -60.72026","['Bertole', 'De Rosas']",2,,-32.96523,-60.72026,55.0,538.0,Municipio Rosario,Municipio,Rosario,820210,Servicio de Catastro e Información Territorial,IGN
2018,1643,2018-05-26,Sabado,0.0,12:00:00,,0.0,2,"Transporte de Pasajeros Urbano (> 8 asientos),Peatón",San Nicolas Y Rueda,2,1,0,0,1,0,0,"-32.964916666667,-60.678555555556",Calle,,ROSARIO,Rosario,Asfalto,No existe,II,S/D,Urbana,Ninguna,No existe,Intersección,Bueno,Buena,Diurna,Buen Tiempo,S/D,Peatón,Atropello,Ninguna,Faltante,Ninguna,Sin restricción,"-32.964916666667,-60.678555555556","['San Nicolás', 'Rueda']",2,,-32.964916666667,-60.678555555556,55.0,538.0,Municipio Rosario,Municipio,Rosario,820210,Servicio de Catastro e Información Territorial,IGN
2018,1645,2018-05-06,Domingo,0.0,11:30:00,,0.0,2,"Automóvil,Moto/Ciclomotor",Av. Arijon 1900,2,1,0,0,1,0,0,"-33.003361111111,-60.660527777778",Avenida,,ROSARIO,Rosario,Asfalto,No existe,II,Dentro,Urbana,Ninguna,No existe,Recta,Bueno,Buena,Diurna,Buen Tiempo,Contra objeto fijo,S/D,Colisión,Ninguna,Faltante,Ninguna,Sin restricción,"-33.003361111111,-60.660527777778",['Arijon 1900'],1,,-33.003361111111,-60.660527777778,55.0,538.0,Municipio Rosario,Municipio,Rosario,820210,Servicio de Catastro e Información Territorial,IGN
2018,1650,2018-05-01,Martes,0.0,18:00:00,,0.0,2,"Moto/Ciclomotor,Pickup/Utilitario",Bv. Avellaneda Y Juan Pablo II,3,2,0,0,1,0,0,"-33.000330670977, -60.689168912939",Avenida,,ROSARIO,Rosario,Asfalto,No existe,II,Dentro,Urbana,Ninguna,No existe,Intersección,Bueno,Buena,Atardecer,Buen Tiempo,Otro,S/D,Colisión,Ninguna,Faltante,Ninguna,Sin restricción,"-33.000330670977, -60.689168912939","['Avellaneda', 'Juan Pablo II']",2,,-33.000330670977,-60.689168912939,55.0,538.0,Municipio Rosario,Municipio,Rosario,820210,Servicio de Catastro e Información Territorial,IGN
2018,1651,2018-05-21,Lunes,0.0,15:45:00,,0.0,1,Automóvil,Rodriguez Y Cazadores,1,1,0,0,0,0,0,"-33.004666666667,-60.670166666667",Calle,,ROSARIO,Rosario,Asfalto,No existe,II,Dentro,Urbana,Ninguna,No existe,Intersección,Bueno,Buena,Diurna,Buen Tiempo,Contra objeto fijo,S/D,Colisión,Ninguna,Faltante,Ninguna,Sin restricción,"-33.004666666667,-60.670166666667","['Rodríguez', 'Cazadores']",2,,-33.004666666667,-60.670166666667,55.0,538.0,Municipio Rosario,Municipio,Rosario,820210,Servicio de Catastro e Información Territorial,IGN
2018,1653,2018-05-06,Domingo,0.0,01:00:00,,0.0,2,"Automóvil,Peatón",Bv. Oro?o Y Av. Battle y Ordo?ez,2,1,0,0,1,0,0,"-33.009361111111,-60.664527777778",S/D,,ROSARIO,Rosario,Asfalto,No existe,II,Dentro,Urbana,Semáforo,Funciona,Intersección,Bueno,Buena,Con luz artificial,Buen Tiempo,S/D,Peatón,Atropello,Ninguna,Faltante,Ninguna,Sin restricción,"-33.009361111111,-60.664527777778","['Bulevar Nicasio Oroño', 'Avenida Battle y Ordoñez']",2,,-33.009361111111,-60.664527777778,55.0,538.0,Municipio Rosario,Municipio,Rosario,820210,Servicio de Catastro e Información Territorial,IGN
2018,1654,2018-05-10,Jueves,0.0,21:45:00,,0.0,1,Moto/Ciclomotor,Italia 5600,1,1,0,0,0,0,0,"-33.002305555556,-60.659166666667",Calle,,ROSARIO,Rosario,Asfalto,No existe,II,Dentro,Urbana,Ninguna,No existe,Recta,Bueno,Buena,Nocturna,Buen Tiempo,Atropello animal,S/D,Atropello,Ninguna,Faltante,Ninguna,Sin restricción,"-33.002305555556,-60.659166666667",['Italia 5600'],1,,-33.002305555556,-60.659166666667,55.0,538.0,Municipio Rosario,Municipio,Rosario,820210,Servicio de Catastro e Información Territorial,IGN
2018,1655,2018-06-01,Viernes,0.0,14:40:00,,0.0,2,"Moto/Ciclomotor,Transporte de Pasajeros (H/ 8 asientos)",Rep.Dominicana Y Pje. Husares,2,1,0,0,1,0,0,"-32.929361111111,-60.689833333333",Calle,,ROSARIO,Rosario,Asfalto,S/D,II,S/D,Urbana,S/D,S/D,Intersección,Bueno,S/D,S/D,Buen Tiempo,Lateral,S/D,Colisión,S/D,S/D,Línea divisoria pintada,Sin restricción,"-32.929361111111,-60.689833333333","['República Dominicana', 'Húsares']",2,,-32.929361111111,-60.689833333333,55.0,538.0,Municipio Rosario,Municipio,Rosario,820210,Servicio de Catastro e Información Territorial,IGN
2018,1659,2018-06-11,Lunes,0.0,13:30:00,,0.0,2,"Moto/Ciclomotor,Automóvil",San Lorenzo 4340,2,1,0,0,0,0,1,"-32.936222222222,-60.681833333333",Calle,,ROSARIO,Rosario,Asfalto,S/D,II,S/D,Urbana,S/D,S/D,Recta,Bueno,S/D,S/D,Buen Tiempo,Lateral,S/D,Colisión,S/D,S/D,S/D,S/D,"-32.936222222222,-60.681833333333",['San Lorenzo 4340'],1,,-32.936222222222,-60.681833333333,55.0,538.0,Municipio Rosario,Municipio,Rosario,820210,Servicio de Catastro e Información Territorial,IGN
2018,1661,2018-05-19,Sabado,0.0,20:10:00,,0.0,2,"Moto/Ciclomotor,Bicicleta",Bv. Oro?o Y Anchorena,2,1,0,0,0,0,1,"-32.99825,-60.665",Avenida,,ROSARIO,Rosario,Asfalto,Pavimento,II,Dentro,Urbana,Ninguna,No existe,Recta,Bueno,Buena,Nocturna,Buen Tiempo,S/D,Ciclista,Atropello,Ninguna,Faltante,Ninguna,Sin restricción,"-32.99825,-60.665","['Bulevar Nicasio Oroño', 'Anchorena']",2,,-32.99825,-60.665,55.0,538.0,Municipio Rosario,Municipio,Rosario,820210,Servicio de Catastro e Información Territorial,IGN
2018,1662,2018-06-20,Miercoles,0.0,15:00:00,,0.0,2,"Bicicleta,Automóvil",Av. Provincias Unidas Y Junin,2,1,0,0,1,0,0,"-32.927629892147, -60.713359817461",Calle,,ROSARIO,Rosario,Asfalto,S/D,II,S/D,Urbana,S/D,S/D,Intersección,Bueno,S/D,S/D,Buen Tiempo,Lateral,S/D,Colisión,S/D,S/D,Línea divisoria pintada,S/D,"-32.927629892147, -60.713359817461","['Avenida Provincias Unidas', 'Junín']",2,,-32.927629892147,-60.713359817461,55.0,538.0,Municipio Rosario,Municipio,Rosario,820210,Servicio de Catastro e Información Territorial,IGN
2018,1663,2018-05-19,Sabado,0.0,21:00:00,,0.0,2,"Moto/Ciclomotor,Moto/Ciclomotor",Flamarion Y Hilarion de la Quintana,2,2,0,0,0,0,0,"-33.001222222222,-60.655833333333",Calle,,ROSARIO,Rosario,Asfalto,No existe,II,Dentro,Urbana,Ninguna,No existe,Intersección,Bueno,Buena,Nocturna,Buen Tiempo,Lateral,S/D,Colisión,Ninguna,Faltante,Ninguna,Sin restricción,"-33.001222222222,-60.655833333333","['Camilo Flammarion', 'Hilarión de la Quintana']",2,,-33.001222222222,-60.655833333333,55.0,538.0,Municipio Rosario,Municipio,Rosario,820210,Servicio de Catastro e Información Territorial,IGN
2018,1665,2018-05-22,Martes,0.0,20:10:00,,0.0,1,Moto/Ciclomotor,Av. Arijon B 2700,3,3,0,0,0,0,0,"-33.003694444444,-60.672777777778",Calle,,ROSARIO,Rosario,Asfalto,No existe,II,Dentro,Urbana,Semáforo,Funciona,Recta,Bueno,Buena,Nocturna,Buen Tiempo,Atropello animal,S/D,Atropello,Ninguna,Vertical,Ninguna,Sin restricción,"-33.003694444444,-60.672777777778",['Arijon B 2700'],1,,-33.003694444444,-60.672777777778,55.0,538.0,Municipio Rosario,Municipio,Rosario,820210,Servicio de Catastro e Información Territorial,IGN
2018,1666,2018-06-13,Miercoles,0.0,08:25:00,,0.0,2,"Automóvil,Moto/Ciclomotor",Velez Sarsfield Y Peru Bis,2,1,0,0,1,0,0,"-32.925972222222,-60.712027777778",Calle,,ROSARIO,Rosario,Asfalto,S/D,II,S/D,Urbana,Ninguna,S/D,Intersección,S/D,S/D,S/D,Buen Tiempo,Lateral,S/D,Colisión,S/D,S/D,S/D,S/D,"-32.925972222222,-60.712027777778","['Vélez Sarsfield', 'Peru']",2,,-32.925972222222,-60.712027777778,55.0,538.0,Municipio Rosario,Municipio,Rosario,820210,Servicio de Catastro e Información Territorial,IGN
2018,1667,2018-05-29,Martes,0.0,17:30:00,,0.0,2,"Automóvil,Moto/Ciclomotor",Av. Luis Carballo Y Echeverria Bis,2,1,0,0,1,0,0,"-32.921916666667,-60.672277777778",Avenida,,ROSARIO,Rosario,Asfalto,No existe,II,Dentro,Urbana,Ninguna,Funciona,Recta,Bueno,Buena,Diurna,Buen Tiempo,S/D,S/D,Colisión,Ninguna,Horizontal,Ninguna,Sin restricción,"-32.921916666667,-60.672277777778","['Avenida Doctor Luis Cándido Carballo', 'Echeverría']",2,,-32.921916666667,-60.672277777778,55.0,538.0,Municipio Rosario,Municipio,Rosario,820210,Servicio de Catastro e Información Territorial,IGN
2018,1668,2018-06-27,Miercoles,0.0,09:50:00,,0.0,2,"Pickup/Utilitario,Peatón",San Lorenzo Y Rio De Janeiro,2,0,1,0,1,0,0,"-32.936555555556,-60.679944444444",Calle,,ROSARIO,Rosario,Asfalto,S/D,II,S/D,Urbana,S/D,S/D,Intersección,S/D,Buena,Diurna,S/D,Lateral,S/D,Colisión,S/D,S/D,Línea divisoria pintada,S/D,"-32.936555555556,-60.679944444444","['San Lorenzo', 'Río de Janeiro']",2,,-32.936555555556,-60.679944444444,55.0,538.0,Municipio Rosario,Municipio,Rosario,820210,Servicio de Catastro e Información Territorial,IGN
2018,1671,2018-05-25,Viernes,0.0,10:10:00,,0.0,2,"Automóvil,Taxi/Remis",Rioja Y Pueyrredon,6,1,0,0,5,0,0,"-32.944111111111,-60.657666666667",Calle,,ROSARIO,Rosario,Asfalto,No existe,II,Dentro,Urbana,Ninguna,Intermitente,Intersección,Bueno,Buena,S/D,Buen Tiempo,De alcance,S/D,Colisión,Ninguna,Faltante,Ninguna,Sin restricción,"-32.944111111111,-60.657666666667","['Rioja', 'Pueyrredón']",2,,-32.944111111111,-60.657666666667,55.0,538.0,Municipio Rosario,Municipio,Rosario,820210,Servicio de Catastro e Información Territorial,IGN