anio_acci,nro_acci,fecha,desc_dia,fecha_aprox,hora_aprox,desc_ruta,km,cant_participantes,desc_participante,calle_avenida_km,total,heridos_leves,heridos_graves,heridos_gravisimos,ilesos,fallecidos,sin_datos,posicion_XY,desc_tipo_via,desc_ruta_ori,desc_loc,desc_dpto,desc_tipo_calzada,desc_tipo_banquina,desc_unidad_regional,desc_lugar_calzada,desc_zona,desc_prioridad,desc_estado_semaforo,desc_lugar_via,desc_estado_via,desc_estado_visibilidad,desc_luminosidad,desc_estado_clima,desc_tipo_colision,desc_tipo_atropello,desc_tipo_hecho,desc_pres_calzada,desc_senializacion,desc_separacion_via,desc_restriccion,forma_geocod,calle_lista,numero_calles,calles_osm,lat,lon,index_right,gid,fna,gna,nam,in1,fdc,sag
2018,1673,2018-06-24,Domingo,0.0,16:40:00,,0.0,2,"Automóvil,Moto/Ciclomotor",Sarratea Bis Y Av. Brassey,2,1,0,0,1,0,0,"-32.92325,-60.741222222222",Calle,,ROSARIO,Rosario,Asfalto,No existe,II,Dentro,Urbana,Ninguna,S/D,Intersección,Bueno,Buena,Diurna,Buen Tiempo,S/D,S/D,Colisión,S/D,S/D,Ninguna,Sin restricción,"-32.92325,-60.741222222222","['Sarratea', 'Brassey']",2,,-32.92325,-60.741222222222,55.0,538.0,Municipio Rosario,Municipio,Rosario,820210,Servicio de Catastro e Información Territorial,IGN
2018,1675,2018-05-16,Miercoles,0.0,22:45:00,,0.0,2,"Automóvil,Moto/Ciclomotor",Cordoba Y Bv. Avellaneda,2,1,0,0,1,0,0,"-32.939111111111,-60.679",Calle,,ROSARIO,Rosario,Asfalto,No existe,II,S/D,Urbana,Semáforo,Funciona,Intersección,Bueno,Buena,"Nocturna,Con luz artificial",Buen Tiempo,De alcance,S/D,Colisión,Ninguna,Horizontal,Ninguna,Sin restricción,"-32.939111111111,-60.679","['Córdoba', 'Avellaneda']",2,,-32.939111111111,-60.679,55.0,538.0,Municipio Rosario,Municipio,Rosario,820210,Servicio de Catastro e Información Territorial,IGN
2018,1676,2018-06-12,Martes,0.0,18:20:00,,0.0,2,"Bicicleta,Automóvil",Velez Sarsfield Y Nicaragua Bis,2,1,0,0,1,0,0,"-32.92625,-60.721361111111",Calle,,ROSARIO,Rosario,Asfalto,No existe,II,S/D,Urbana,Ninguna,No existe,Intersección,Bueno,Buena,Atardecer,Buen Tiempo,De alcance,Ciclista,Atropello,Ninguna,S/D,Ninguna,Sin restricción,"-32.92625,-60.721361111111","['Vélez Sarsfield', 'Nicaragua']",2,,-32.92625,-60.721361111111,55.0,538.0,Municipio Rosario,Municipio,Rosario,820210,Servicio de Catastro e Información Territorial,IGN
2018,1677,2018-05-07,Lunes,0.0,09:45:00,,0.0,2,"Automóvil,Moto/Ciclomotor",San Luis Y Crespo,3,1,0,0,2,0,0,"-32.943638888889,-60.668916666667",Calle,,ROSARIO,Rosario,Asfalto,No existe,II,S/D,Urbana,Ninguna,No existe,Intersección,Bueno,Buena,Diurna,Lluvia,De alcance,S/D,Colisión,Agua,S/D,Ninguna,Sin restricción,"-32.943638888889,-60.668916666667","['San Luis', 'Crespo']",2,,-32.943638888889,-60.668916666667,55.0,538.0,Municipio Rosario,Municipio,Rosario,820210,Servicio de Catastro e Información Territorial,IGN
2018,1679,2018-06-22,Viernes,0.0,12:25:00,,0.0,2,"Bicicleta,Pickup/Utilitario",Av. Eva Peron Y Donado,3,1,0,0,2,0,0,"-32.930527777778,-60.727361111111",Avenida,,ROSARIO,Rosario,Asfalto,No existe,II,Dentro,Urbana,Ninguna,Funciona,Recta,Bueno,Buena,Diurna,Buen Tiempo,S/D,Ciclista,Atropello,Ninguna,S/D,Ninguna,Sin restricción,"-32.930527777778,-60.727361111111","['Avenida Eva Perón', 'Donado']",2,,-32.930527777778,-60.727361111111,55.0,538.0,Municipio Rosario,Municipio,Rosario,820210,Servicio de Catastro e Información Territorial,IGN
2018,1720,2018-05-19,Sabado,0.0,05:00:00,,0.0,2,"Moto/Ciclomotor,Pickup/Utilitario",Av. Genova Y Mariano Cabal Bis,2,1,0,0,1,0,0,"-32.915694444444,-60.702777777778",Avenida,,ROSARIO,Rosario,Asfalto,No existe,II,Dentro,Urbana,Ninguna,No existe,Intersección,Bueno,Buena,Con luz artificial,Buen Tiempo,Lateral,S/D,Colisión,Ninguna,Faltante,Ninguna,Sin restricción,"-32.915694444444,-60.702777777778","['Genova', 'Mariano Cabal']",2,,-32.915694444444,-60.702777777778,55.0,538.0,Municipio Rosario,Municipio,Rosario,820210,Servicio de Catastro e Información Territorial,IGN
2018,1725,2018-05-23,Miercoles,0.0,08:00:00,,0.0,2,"Moto/Ciclomotor,Bicicleta",Av. Genova Y Pje. Yamandu Bis,2,2,0,0,0,0,0,"-32.915777777778,-60.705138888889",Avenida,,ROSARIO,Rosario,Asfalto,No existe,II,Dentro,Urbana,Ninguna,No existe,Intersección,Bueno,Buena,Diurna,Buen Tiempo,S/D,Ciclista,Atropello,Ninguna,Faltante,Ninguna,Sin restricción,"-32.915777777778,-60.705138888889","['Genova', 'Yamandú']",2,,-32.915777777778,-60.705138888889,55.0,538.0,Municipio Rosario,Municipio,Rosario,820210,Servicio de Catastro e Información Territorial,IGN
2018,1728,2018-05-18,Viernes,0.0,19:00:00,,0.0,2,"Moto/Ciclomotor,Automóvil",Av. Provincias Unidas Bis 1600,3,2,0,0,1,0,0,"-32.909277777778,-60.714055555556",Avenida,,ROSARIO,Rosario,Asfalto,No existe,II,Dentro,Urbana,Ninguna,No existe,Intersección,Bueno,Buena,Atardecer,Buen Tiempo,Lateral,S/D,Colisión,Ninguna,Faltante,Ninguna,Sin restricción,"-32.909277777778,-60.714055555556",['Provincias Unidas Bis 1600'],1,,-32.909277777778,-60.714055555556,55.0,538.0,Municipio Rosario,Municipio,Rosario,820210,Servicio de Catastro e Información Territorial,IGN
2018,1731,2018-05-17,Jueves,0.0,15:05:00,,0.0,2,"Automóvil,Moto/Ciclomotor",Av. Francia Bis Y Av. E.Lopez,2,1,0,0,1,0,0,"-32.9255,-60.661388888889",Avenida,,ROSARIO,Rosario,Asfalto,No existe,II,Dentro,Urbana,Ninguna,Funciona,Intersección,Resbaladiza,Buena,Diurna,Lluvia,De alcance,S/D,Colisión,Agua,Vertical,Cordón divisorio,Sin restricción,"-32.9255,-60.661388888889","['Avenida Francia', 'Lopez']",2,,-32.9255,-60.661388888889,55.0,538.0,Municipio Rosario,Municipio,Rosario,820210,Servicio de Catastro e Información Territorial,IGN
2018,1735,2018-05-17,Jueves,0.0,21:20:00,,0.0,2,"Moto/Ciclomotor,Moto/Ciclomotor",Albert Sabin Y Gorriti,2,2,0,0,0,0,0,"-32.923555555556,-60.684027777778",Avenida,,ROSARIO,Rosario,Asfalto,No existe,II,Dentro,Urbana,Ninguna,Funciona,Recta,Bueno,Buena,Nocturna,Buen Tiempo,Otro,S/D,Colisión,Ninguna,Vertical,Ninguna,Sin restricción,"-32.923555555556,-60.684027777778","['Avenida Travesía Albert Sabin', 'Gorriti']",2,,-32.923555555556,-60.684027777778,55.0,538.0,Municipio Rosario,Municipio,Rosario,820210,Servicio de Catastro e Información Territorial,IGN
2018,1736,2018-05-21,Lunes,0.0,01:00:00,,0.0,1,Automóvil,Velez Sarsfield 319,1,1,0,0,0,0,0,"-32.924694444444,-60.667833333333",Calle,,ROSARIO,Rosario,Asfalto,No existe,II,Dentro,Urbana,Ninguna,Intermitente,Recta,Bueno,Buena,Nocturna,Buen Tiempo,Contra objeto fijo,S/D,Colisión,Ninguna,Vertical,Ninguna,Sin restricción,"-32.924694444444,-60.667833333333",['Velez Sarsfield 319'],1,,-32.924694444444,-60.667833333333,55.0,538.0,Municipio Rosario,Municipio,Rosario,820210,Servicio de Catastro e Información Territorial,IGN
2018,1739,2018-05-26,Sabado,0.0,20:30:00,,0.0,2,"Automóvil,Moto/Ciclomotor",Casilda Y Benzuley,3,2,0,0,1,0,0,"-32.928388888889,-60.686694444444",Calle,,ROSARIO,Rosario,Asfalto,No existe,II,Dentro,Urbana,Señal Pare,No existe,Recta,Bueno,Buena,Nocturna,Buen Tiempo,Lateral,S/D,Colisión,Ninguna,Vertical,Ninguna,Sin restricción,"-32.928388888889,-60.686694444444","['Casilda', 'Bensuley']",2,,-32.928388888889,-60.686694444444,55.0,538.0,Municipio Rosario,Municipio,Rosario,820210,Servicio de Catastro e Información Territorial,IGN
2018,1742,2018-05-09,Miercoles,0.0,20:30:00,,0.0,2,"Moto/Ciclomotor,Automóvil",Av. Francia Y Aurora,2,1,0,0,1,0,0,"-32.999472222222,-60.677722222222",Avenida,,ROSARIO,Rosario,Asfalto,No existe,II,Dentro,Urbana,Ninguna,No existe,Intersección,Bueno,Buena,Nocturna,Lluvia,Lateral,S/D,Colisión,Ninguna,Faltante,Vegetación,Sin restricción,"-32.999472222222,-60.677722222222","['Avenida Francia', 'Aurora']",2,,-32.999472222222,-60.677722222222,55.0,538.0,Municipio Rosario,Municipio,Rosario,820210,Servicio de Catastro e Información Territorial,IGN
2018,1745,2018-05-10,Jueves,0.0,06:00:00,,0.0,2,"Peatón,Pickup/Utilitario",Av. Ovidio Lagos Y J.M.Gutierrez,2,0,1,0,1,0,0,"-32.99479, -60.67405",Avenida,,ROSARIO,Rosario,Asfalto,No existe,II,Dentro,Urbana,Semáforo,Funciona,Recta,Bueno,Buena,Amanecer,Lluvia,S/D,Peatón,Atropello,Agua,Faltante,Cordón divisorio,Sin restricción,"-32.99479, -60.67405","['Avenida Ovidio Lagos', 'Gutierrez']",2,,-32.99479,-60.67405,55.0,538.0,Municipio Rosario,Municipio,Rosario,820210,Servicio de Catastro e Información Territorial,IGN
2018,1746,2018-05-13,Domingo,0.0,05:05:00,,0.0,1,Automóvil,Bv. Segui Y Lavalle,1,0,1,0,0,0,0,"-32.971972222222,-60.686",Avenida,,ROSARIO,Rosario,Asfalto,No existe,II,Dentro,Urbana,Ninguna,No existe,Recta,Bueno,Buena,Nocturna,Buen Tiempo,Contra objeto fijo,S/D,Colisión,Ninguna,Faltante,Ninguna,Sin restricción,"-32.971972222222,-60.686","['Bulevar Juan Francisco Seguí', 'Lavalle']",2,,-32.971972222222,-60.686,55.0,538.0,Municipio Rosario,Municipio,Rosario,820210,Servicio de Catastro e Información Territorial,IGN
2018,1749,2018-05-17,Jueves,0.0,08:00:00,,0.0,2,"Moto/Ciclomotor,Automóvil",Biedma Y Constitucion,2,1,0,0,1,0,0,"-32.975,-60.6825",Calle,,ROSARIO,Rosario,Asfalto,No existe,II,Dentro,Urbana,Ninguna,No existe,Intersección,Bueno,Buena,Diurna,Buen Tiempo,Lateral,S/D,Colisión,Ninguna,Faltante,Cordón divisorio,Sin restricción,"-32.975,-60.6825","['Coronel Biedma', 'Constitución']",2,,-32.975,-60.6825,55.0,538.0,Municipio Rosario,Municipio,Rosario,820210,Servicio de Catastro e Información Territorial,IGN
2018,1753,2018-05-18,Viernes,0.0,17:20:00,,0.0,2,"Moto/Ciclomotor,Transporte de Pasajeros Urbano (> 8 asientos)",Av. Ovidio Lagos Y Hilarion de la Quintana,3,2,0,0,1,0,0,"-33.001777777778,-60.675777777778",Avenida,,ROSARIO,Rosario,Asfalto,No existe,II,Dentro,Urbana,Ninguna,No existe,Intersección,Bueno,Buena,Atardecer,Buen Tiempo,Frontal,S/D,Colisión,Ninguna,Faltante,Cordón divisorio,Sin restricción,"-33.001777777778,-60.675777777778","['Avenida Ovidio Lagos', 'Hilarión de la Quintana']",2,,-33.001777777778,-60.675777777778,55.0,538.0,Municipio Rosario,Municipio,Rosario,820210,Servicio de Catastro e Información Territorial,IGN
2018,1754,2018-05-21,Lunes,0.0,14:15:00,,0.0,2,"Moto/Ciclomotor,Pickup/Utilitario",Av. Francia Y Dean Funes,2,1,0,0,1,0,0,"-32.970694444444,-60.673027777778",Avenida,,ROSARIO,Rosario,Asfalto,No existe,II,S/D,Urbana,Ninguna,No existe,Intersección,Bueno,Buena,Diurna,Buen Tiempo,Frontal,S/D,Colisión,Ninguna,Faltante,Cordón divisorio,Sin restricción,"-32.970694444444,-60.673027777778","['Avenida Francia', 'Deán Gregorio Funes']",2,,-32.970694444444,-60.673027777778,55.0,538.0,Municipio Rosario,Municipio,Rosario,820210,Servicio de Catastro e Información Territorial,IGN
2018,1756,2018-05-21,Lunes,0.0,13:40:00,,0.0,2,"Vehículo Oficial,Pickup/Utilitario",Av. Ovidio Lagos Y Av. Jorge Cura,2,1,0,0,1,0,0,"-32.969944444444,-60.668",Avenida,,ROSARIO,Rosario,Asfalto,No existe,II,S/D,Urbana,Semáforo,Funciona,Intersección,Bueno,Buena,Diurna,Buen Tiempo,Lateral,S/D,Colisión,Ninguna,Faltante,Cordón divisorio,Sin restricción,"-32.969944444444,-60.668","['Avenida Ovidio Lagos', 'Avenida Jorge Cura']",2,,-32.969944444444,-60.668,55.0,538.0,Municipio Rosario,Municipio,Rosario,820210,Servicio de Catastro e Información Territorial,IGN
2018,1759,2018-05-23,Miercoles,0.0,07:15:00,,0.0,2,"Moto/Ciclomotor,Otros",Bv. Avellaneda Y Dr.Rivas,2,1,0,0,1,0,0,"-32.976305555556,-60.6885",Avenida,,ROSARIO,Rosario,Asfalto,No existe,II,Dentro,Urbana,Ninguna,No existe,Intersección,Bueno,Buena,Amanecer,Buen Tiempo,Lateral,S/D,Colisión,Ninguna,Faltante,Cordón divisorio,Sin restricción,"-32.976305555556,-60.6885","['Avellaneda', 'Doctor Francisco Riva']",2,,-32.976305555556,-60.6885,55.0,538.0,Municipio Rosario,Municipio,Rosario,820210,Servicio de Catastro e Información Territorial,IGN
2018,1761,2018-06-01,Viernes,0.0,19:20:00,,0.0,2,"Moto/Ciclomotor,Automóvil",Grandoli Y Polledo,3,2,0,0,1,0,0,"-32.886833333333,-60.720527777778",Calle,,ROSARIO,Rosario,Asfalto,No existe,II,Dentro,Urbana,Ninguna,No existe,Intersección,Deteriorada,Reducida,Nocturna,Buen Tiempo,Lateral,S/D,Colisión,S/D,S/D,Ninguna,Sin restricción,"-32.886833333333,-60.720527777778","['Avenida Abanderado Grandoli', 'Polledo']",2,,-32.886833333333,-60.720527777778,55.0,538.0,Municipio Rosario,Municipio,Rosario,820210,Servicio de Catastro e Información Territorial,IGN
2018,1763,2018-05-24,Jueves,0.0,18:00:00,,0.0,2,"Peatón,Moto/Ciclomotor",Bv. Segui Y Av. Ovidio Lagos,2,1,0,0,1,0,0,"-32.974972222222,-60.669222222222",Avenida,,ROSARIO,Rosario,Asfalto,No existe,II,S/D,Urbana,Ninguna,Funciona,Intersección,Bueno,Buena,Atardecer,Buen Tiempo,Lateral,Peatón,Atropello,Ninguna,Faltante,Cordón divisorio,Sin restricción,"-32.974972222222,-60.669222222222","['Bulevar Juan Francisco Seguí', 'Avenida Ovidio Lagos']",2,,-32.974972222222,-60.669222222222,55.0,538.0,Municipio Rosario,Municipio,Rosario,820210,Servicio de Catastro e Información Territorial,IGN
2018,1765,2018-05-15,Martes,0.0,19:10:00,,0.0,1,Transporte de Pasajeros Urbano (> 8 asientos),San Martin Y Khantuta,3,1,0,0,2,0,0,"-33.01199, -60.65141",Avenida,,ROSARIO,Rosario,Asfalto,No existe,II,Dentro,Urbana,Ninguna,Funciona,Intersección,Bueno,Buena,Atardecer,Otro,Otro,S/D,Caída ocupante,Ninguna,Vertical,Cordón divisorio,Sin restricción,"-33.01199, -60.65141","['San Martin', 'Khantuta']",2,,-33.01199,-60.65141,55.0,538.0,Municipio Rosario,Municipio,Rosario,820210,Servicio de Catastro e Información Territorial,IGN
2018,1769,2018-06-15,Viernes,0.0,17:50:00,,0.0,2,"Automóvil,Automóvil",Irma Peyrano Y Palliere,3,2,0,0,1,0,0,"-32.8875,-60.716333333333",Calle,,ROSARIO,Rosario,Asfalto,No existe,II,Dentro,Urbana,Ninguna,No existe,Curva,Bueno,Buena,Diurna,Buen Tiempo,De alcance,S/D,Colisión,Ninguna,Faltante,Ninguna,Sin restricción,"-32.8875,-60.716333333333","['Irma Peirano', 'Palliere']",2,,-32.8875,-60.716333333333,55.0,538.0,Municipio Rosario,Municipio,Rosario,820210,Servicio de Catastro e Información Territorial,IGN
2018,1770,2018-05-03,Jueves,0.0,19:30:00,,0.0,2,"Moto/Ciclomotor,Automóvil",San Martin Y Cabildo,3,1,0,0,2,0,0,"-33.007388888889,-60.650222222222",Calle,,ROSARIO,Rosario,Asfalto,No existe,II,Dentro,Urbana,Ninguna,No existe,Intersección,Bueno,Buena,Atardecer,Otro,Otro,S/D,Colisión,Ninguna,Horizontal,Línea divisoria pintada,Sin restricción,"-33.007388888889,-60.650222222222","['San Martin', 'Cabildo']",2,,-33.007388888889,-60.650222222222,55.0,538.0,Municipio Rosario,Municipio,Rosario,820210,Servicio de Catastro e Información Territorial,IGN
2018,1772,2018-06-10,Domingo,0.0,20:00:00,,0.0,2,"Automóvil,Moto/Ciclomotor",Nicolas Laguna Y Grandoli,4,4,0,0,0,0,0,"-32.886916666667,-60.724138888889",Calle,,ROSARIO,Rosario,Asfalto,No existe,II,S/D,Urbana,Ninguna,No existe,Intersección,Deteriorada,Reducida,Nocturna,Buen Tiempo,Lateral,S/D,Colisión,Otro,Faltante,Ninguna,Sin restricción,"-32.886916666667,-60.724138888889","['Laguna', 'Avenida Abanderado Grandoli']",2,,-32.886916666667,-60.724138888889,55.0,538.0,Municipio Rosario,Municipio,Rosario,820210,Servicio de Catastro e Información Territorial,IGN
2018,1774,2018-05-22,Martes,0.0,07:15:00,,0.0,2,"Moto/Ciclomotor,Otros",Av. Battle y Ordo?ez Y Camino rural,2,1,0,0,1,0,0,"-33.01011, -60.68996",Calle,,ROSARIO,Rosario,Asfalto,No existe,II,Dentro,Urbana,Ninguna,No existe,Recta,Bueno,Buena,Amanecer,Buen Tiempo,Lateral,S/D,Colisión,Ninguna,Faltante,Ninguna,Sin restricción,"-33.01011, -60.68996","['Avenida Battle y Ordoñez', 'Camino Rural']",2,,-33.01011,-60.68996,55.0,538.0,Municipio Rosario,Municipio,Rosario,820210,Servicio de Catastro e Información Territorial,IGN
2018,1775,2018-06-15,Viernes,0.0,17:05:00,,0.0,2,"Automóvil,Moto/Ciclomotor",Av. Jorge Newbery Y Garcia del Cossio Bis,3,1,0,0,2,0,0,"-32.908805555556,-60.747111111111",Avenida,,ROSARIO,Rosario,Asfalto,No existe,II,Dentro,Urbana,Ninguna,S/D,Intersección,Deteriorada,Buena,Diurna,Buen Tiempo,Lateral,S/D,Colisión,Ninguna,Faltante,Ninguna,Sin restricción,"-32.908805555556,-60.747111111111","['Jorge Newbery', 'García del Cossio']",2,,-32.908805555556,-60.747111111111,55.0,538.0,Municipio Rosario,Municipio,Rosario,820210,Servicio de Catastro e Información Territorial,IGN
2018,1777,2018-06-28,Jueves,0.0,16:00:00,,0.0,2,"Automóvil,Moto/Ciclomotor",Superi Y Union,2,1,0,0,1,0,0,"-32.896388888889,-60.702333333333",Calle,,ROSARIO,Rosario,Asfalto,No existe,II,Dentro,Urbana,Ninguna,No existe,Intersección,Bueno,Buena,Diurna,Buen Tiempo,Lateral,S/D,Colisión,Ninguna,Faltante,Cordón divisorio,Sin restricción,"-32.896388888889,-60.702333333333","['Superi', 'Unión']",2,,-32.896388888889,-60.702333333333,55.0,538.0,Municipio Rosario,Municipio,Rosario,820210,Servicio de Catastro e Información Territorial,IGN
2018,1778,2018-06-18,Lunes,0.0,16:00:00,,0.0,2,"Moto/Ciclomotor,Automóvil",Luzurriaga Y Vieytes,2,1,0,0,1,0,0,"-32.888166666667,-60.732277777778",Calle,,ROSARIO,Rosario,Asfalto,No existe,II,S/D,Urbana,Ninguna,No existe,Intersección,Deteriorada,Buena,Diurna,Buen Tiempo,S/D,S/D,Colisión,S/D,Faltante,Ninguna,Sin restricción,"-32.888166666667,-60.732277777778","['Luzurriaga', 'Vieytes']",2,,-32.888166666667,-60.732277777778,55.0,538.0,Municipio Rosario,Municipio,Rosario,820210,Servicio de Catastro e Información Territorial,IGN
2018,1779,2018-06-25,Lunes,0.0,13:50:00,,0.0,2,"Moto/Ciclomotor,Automóvil",Gallo Y Molina,3,2,0,0,1,0,0,"-32.892861111111,-60.704777777778",Calle,,ROSARIO,Rosario,Asfalto,No existe,II,Dentro,Urbana,Ninguna,No existe,Intersección,Bueno,Buena,Diurna,Buen Tiempo,Lateral,S/D,Colisión,Ninguna,Faltante,"Barrera de hormigón,Cordón divisorio",Sin restricción,"-32.892861111111,-60.704777777778","['Gallo', 'Molina']",2,,-32.892861111111,-60.704777777778,55.0,538.0,Municipio Rosario,Municipio,Rosario,820210,Servicio de Catastro e Información Territorial,IGN
2018,1781,2018-06-23,Sabado,0.0,14:45:00,,0.0,2,"Moto/Ciclomotor,Peatón",Polledo 3345,2,1,0,0,1,0,0,"-32.886833333333,-60.720527777778",Calle,,ROSARIO,Rosario,Asfalto,No existe,II,S/D,Urbana,Ninguna,No existe,Intersección,Deteriorada,Buena,Diurna,Buen Tiempo,S/D,Peatón,Atropello,Otro,Faltante,Ninguna,Sin restricción,"-32.886833333333,-60.720527777778",['Polledo 3345'],1,,-32.886833333333,-60.720527777778,55.0,538.0,Municipio Rosario,Municipio,Rosario,820210,Servicio de Catastro e Información Territorial,IGN
2018,1782,2018-06-16,Sabado,0.0,20:40:00,,0.0,2,"Moto/Ciclomotor,Automóvil",Av. Casiano Casas Y Superi,2,0,1,0,1,0,0,"-32.896877525598, -60.714517722654",Calle,,ROSARIO,Rosario,Asfalto,No existe,II,Dentro,Urbana,Ninguna,No existe,Intersección,Bueno,Buena,Nocturna,Buen Tiempo,Lateral,S/D,Colisión,Ninguna,Faltante,Cordón divisorio,Sin restricción,"-32.896877525598, -60.714517722654","['Avenida Casiano Casas', 'Superi']",2,,-32.896877525598,-60.714517722654,55.0,538.0,Municipio Rosario,Municipio,Rosario,820210,Servicio de Catastro e Información Territorial,IGN
2018,1783,2018-05-08,Martes,0.0,11:55:00,,0.0,3,"Moto/Ciclomotor,Automóvil,Automóvil",Av. Ntra.Sra.del Rosario Y Salva,4,2,0,0,2,0,0,"-32.999611111111,-60.640361111111",Avenida,,ROSARIO,Rosario,Asfalto,No existe,II,S/D,Urbana,Ninguna,Funciona,Intersección,Resbaladiza,Buena,Diurna,Lluvia,Lateral,S/D,Colisión,Ninguna,Vertical,Ninguna,Sin restricción,"-32.999611111111,-60.640361111111","['Nuestra Señora del Rosario', 'Salva']",2,,-32.999611111111,-60.640361111111,55.0,538.0,Municipio Rosario,Municipio,Rosario,820210,Servicio de Catastro e Información Territorial,IGN
2018,1784,2018-05-04,Viernes,0.0,09:45:00,,0.0,2,"Moto/Ciclomotor,Pickup/Utilitario",Av. Arijon Y Av. Corrientes,2,1,0,0,1,0,0,"-33.003138888889,-60.65325",Avenida,,ROSARIO,Rosario,Asfalto,No existe,II,S/D,Urbana,Ninguna,No existe,Intersección,Bueno,Buena,Diurna,Lluvia,S/D,S/D,Colisión,Ninguna,Faltante,Ninguna,Sin restricción,"-33.003138888889,-60.65325","['Avenida Manuel Arijón', 'Corrientes']",2,,-33.003138888889,-60.65325,55.0,538.0,Municipio Rosario,Municipio,Rosario,820210,Servicio de Catastro e Información Territorial,IGN
2018,1785,2018-05-04,Viernes,0.0,08:30:00,,0.0,2,"Vehículo Oficial,Automóvil",Garibaldi Y Paraguay,3,1,0,0,2,0,0,"-32.984972222222,-60.653694444444",Calle,,ROSARIO,Rosario,Asfalto,No existe,II,S/D,Urbana,Ninguna,No existe,Intersección,Bueno,Buena,Diurna,Lluvia,De alcance,S/D,Colisión,S/D,Faltante,Barrera de hormigón,Sin restricción,"-32.984972222222,-60.653694444444","['José Garibaldi', 'Paraguay']",2,,-32.984972222222,-60.653694444444,55.0,538.0,Municipio Rosario,Municipio,Rosario,820210,Servicio de Catastro e Información Territorial,IGN
2018,1786,2018-05-04,Viernes,0.0,19:10:00,,0.0,2,"Moto/Ciclomotor,Pickup/Utilitario",Av. Uriburu 1100,2,1,0,0,1,0,0,"-32.99075,-60.649444444444",Avenida,,ROSARIO,Rosario,Asfalto,No existe,II,S/D,Urbana,Ninguna,No existe,Intersección,Bueno,Buena,Atardecer,Lluvia,Lateral,S/D,Colisión,Ninguna,Faltante,Ninguna,Sin restricción,"-32.99075,-60.649444444444",['Uriburu 1100'],1,,-32.99075,-60.649444444444,55.0,538.0,Municipio Rosario,Municipio,Rosario,820210,Servicio de Catastro e Información Territorial,IGN
2018,1788,2018-05-03,Jueves,0.0,11:00:00,,0.0,2,"Automóvil,Moto/Ciclomotor",San Martin Y Cabildo,3,2,0,0,1,0,0,"-33.007388888889,-60.650222222222",Calle,,ROSARIO,Rosario,Asfalto,No existe,II,S/D,Urbana,Ninguna,No existe,Intersección,Resbaladiza,Buena,Diurna,Lluvia,Lateral,S/D,Colisión,Ninguna,Faltante,Ninguna,Sin restricción,"-33.007388888889,-60.650222222222","['San Martin', 'Cabildo']",2,,-33.007388888889,-60.650222222222,55.0,538.0,Municipio Rosario,Municipio,Rosario,820210,Servicio de Catastro e Información Territorial,IGN
2018,1790,2018-05-02,Miercoles,0.0,15:50:00,,0.0,2,"Automóvil,Moto/Ciclomotor",Balcarce Y Pje. Labroca,2,1,0,0,1,0,0,"-32.971444444444,-60.658833333333",Calle,,ROSARIO,Rosario,Asfalto,No existe,II,S/D,Urbana,Ninguna,No existe,Intersección,Resbaladiza,Buena,Diurna,Lluvia,Lateral,S/D,Colisión,Ninguna,Horizontal,Ninguna,Sin restricción,"-32.971444444444,-60.658833333333","['Balcarce', 'La Broca']",2,,-32.971444444444,-60.658833333333,55.0,538.0,Municipio Rosario,Municipio,Rosario,820210,Servicio de Catastro e Información Territorial,IGN
2018,1792,2018-05-02,Miercoles,0.0,12:20:00,,0.0,2,"Moto/Ciclomotor,Automóvil",San Martin Y Centenario,3,1,0,0,2,0,0,"-33.00425,-60.649555555556",Calle,,ROSARIO,Rosario,Asfalto,No existe,II,S/D,Urbana,Ninguna,No existe,S/D,Bueno,Buena,Diurna,Lluvia,De alcance,S/D,Colisión,Agua,Faltante,Ninguna,Sin restricción,"-33.00425,-60.649555555556","['San Martin', 'Centenario']",2,,-33.00425,-60.649555555556,55.0,538.0,Municipio Rosario,Municipio,Rosario,820210,Servicio de Catastro e Información Territorial,IGN