anio_acci,nro_acci,fecha,desc_dia,fecha_aprox,hora_aprox,desc_ruta,km,cant_participantes,desc_participante,calle_avenida_km,total,heridos_leves,heridos_graves,heridos_gravisimos,ilesos,fallecidos,sin_datos,posicion_XY,desc_tipo_via,desc_ruta_ori,desc_loc,desc_dpto,desc_tipo_calzada,desc_tipo_banquina,desc_unidad_regional,desc_lugar_calzada,desc_zona,desc_prioridad,desc_estado_semaforo,desc_lugar_via,desc_estado_via,desc_estado_visibilidad,desc_luminosidad,desc_estado_clima,desc_tipo_colision,desc_tipo_atropello,desc_tipo_hecho,desc_pres_calzada,desc_senializacion,desc_separacion_via,desc_restriccion,forma_geocod,calle_lista,numero_calles,calles_osm,lat,lon,index_right,gid,fna,gna,nam,in1,fdc,sag
2018,1808,2018-05-30,Miercoles,0.0,22:35:00,,0.0,2,"Moto/Ciclomotor,Pickup/Utilitario",J.J.Paso Y Venezuela,3,2,0,0,1,0,0,"-32.920583333333,-60.725388888889",Calle,,ROSARIO,Rosario,Asfalto,S/D,II,Dentro,Urbana,Ninguna,S/D,Curva,Bueno,Buena,Nocturna,Otro,Lateral,S/D,Colisión,Otro,S/D,Ninguna,Sin restricción,"-32.920583333333,-60.725388888889","['Paso', 'Venezuela']",2,,-32.920583333333,-60.725388888889,55.0,538.0,Municipio Rosario,Municipio,Rosario,820210,Servicio de Catastro e Información Territorial,IGN
2018,1817,2018-05-03,Jueves,0.0,21:35:00,,0.0,2,"Automóvil,Automóvil",Biedma Y Castellanos,2,1,0,0,1,0,0,"-32.974777777778,-60.683861111111",Calle,,ROSARIO,Rosario,Asfalto,No existe,II,S/D,Urbana,Ninguna,No existe,Intersección,Bueno,Buena,Nocturna,Buen Tiempo,Frontal,S/D,Colisión,Ninguna,Faltante,Cordón divisorio,Sin restricción,"-32.974777777778,-60.683861111111","['Coronel Biedma', 'Aaron Castellanos']",2,,-32.974777777778,-60.683861111111,55.0,538.0,Municipio Rosario,Municipio,Rosario,820210,Servicio de Catastro e Información Territorial,IGN
2018,1821,2018-05-04,Viernes,0.0,19:00:00,,0.0,2,"Moto/Ciclomotor,Automóvil",Av. Ovidio Lagos Y Av. Ing.Acevedo,3,2,0,0,1,0,0,"-32.983972222222,-60.671694444444",Avenida,,ROSARIO,Rosario,Asfalto,No existe,II,Dentro,Urbana,Semáforo,Funciona,Intersección,Bueno,Buena,Atardecer,Lluvia,Lateral,S/D,Colisión,Ninguna,Faltante,Cordón divisorio,Sin restricción,"-32.983972222222,-60.671694444444","['Avenida Ovidio Lagos', 'Acevedo']",2,,-32.983972222222,-60.671694444444,55.0,538.0,Municipio Rosario,Municipio,Rosario,820210,Servicio de Catastro e Información Territorial,IGN
2018,1824,2018-05-03,Jueves,0.0,16:30:00,,0.0,2,"Moto/Ciclomotor,Pickup/Utilitario",Bv. Avellaneda Y Bv. Segui,2,1,0,0,1,0,0,"-32.971694444444,-60.687305555556",Avenida,,ROSARIO,Rosario,Asfalto,No existe,II,Dentro,Urbana,Semáforo,Funciona,Intersección,Bueno,Buena,Atardecer,Buen Tiempo,De alcance,S/D,Colisión,Ninguna,Faltante,Cordón divisorio,Sin restricción,"-32.971694444444,-60.687305555556","['Avellaneda', 'Bulevar Juan Francisco Seguí']",2,,-32.971694444444,-60.687305555556,55.0,538.0,Municipio Rosario,Municipio,Rosario,820210,Servicio de Catastro e Información Territorial,IGN
2018,1825,2018-05-05,Sabado,0.0,23:00:00,,0.0,2,"Peatón,Moto/Ciclomotor",Dean Funes Y Bv. Avellaneda,2,1,0,0,1,0,0,"-32.968277777778,-60.6865",Avenida,,ROSARIO,Rosario,Asfalto,No existe,II,S/D,Urbana,Ninguna,No existe,Recta,Bueno,Buena,Nocturna,Buen Tiempo,S/D,Peatón,Atropello,Ninguna,Faltante,Vegetación,Sin restricción,"-32.968277777778,-60.6865","['Deán Gregorio Funes', 'Avellaneda']",2,,-32.968277777778,-60.6865,55.0,538.0,Municipio Rosario,Municipio,Rosario,820210,Servicio de Catastro e Información Territorial,IGN
2018,1827,2018-05-23,Miercoles,0.0,18:30:00,,0.0,2,"Automóvil,Moto/Ciclomotor",Montevideo Y Valparaiso,6,2,0,0,4,0,0,"-32.948305555556,-60.684333333333",Calle,,ROSARIO,Rosario,Asfalto,No existe,II,Dentro,Urbana,Ninguna,No existe,Intersección,Bueno,Buena,Atardecer,Buen Tiempo,De alcance,S/D,Colisión,Ninguna,Faltante,Ninguna,Sin restricción,"-32.948305555556,-60.684333333333","['Montevideo', 'Valparaíso']",2,,-32.948305555556,-60.684333333333,55.0,538.0,Municipio Rosario,Municipio,Rosario,820210,Servicio de Catastro e Información Territorial,IGN
2018,1828,2018-06-18,Lunes,0.0,12:35:00,,0.0,1,Moto/Ciclomotor,Bv. 27 De Febrero Y Guatemala,1,1,0,0,0,0,0,"-32.959388888889,-60.716527777778",Calle,,ROSARIO,Rosario,Asfalto,Pavimento,II,Dentro,Urbana,S/D,No existe,Recta,Bueno,S/D,S/D,S/D,S/D,S/D,Otro,Ninguna,S/D,S/D,S/D,"-32.959388888889,-60.716527777778","['27 de Febrero', 'Guatemala']",2,,-32.959388888889,-60.716527777778,55.0,538.0,Municipio Rosario,Municipio,Rosario,820210,Servicio de Catastro e Información Territorial,IGN
2018,1830,2018-05-26,Sabado,0.0,09:50:00,,0.0,2,"Automóvil,Moto/Ciclomotor",3 De Febrero Y Ricchieri,2,0,1,0,1,0,0,"-32.948361111111,-60.664444444444",Calle,,ROSARIO,Rosario,Asfalto,No existe,II,Dentro,Urbana,Ninguna,No existe,Intersección,Bueno,Buena,Diurna,Buen Tiempo,De alcance,S/D,Colisión,Ninguna,Faltante,Ninguna,Sin restricción,"-32.948361111111,-60.664444444444","['3 de Febrero', 'Ricchieri']",2,,-32.948361111111,-60.664444444444,55.0,538.0,Municipio Rosario,Municipio,Rosario,820210,Servicio de Catastro e Información Territorial,IGN
2018,1831,2018-06-27,Miercoles,0.0,16:25:00,,0.0,2,"Pickup/Utilitario,Moto/Ciclomotor",Av. De Las Palmeras 4200,4,1,0,0,3,0,0,"-32.95822, -60.66001",Avenida,,ROSARIO,Rosario,Asfalto,No existe,II,S/D,Urbana,Ninguna,No existe,Intersección,Bueno,Buena,Diurna,Buen Tiempo,Lateral,S/D,Colisión,Ninguna,Faltante,Ninguna,Sin restricción,"-32.95822, -60.66001",['De Las Palmeras 4200'],1,,-32.95822,-60.66001,55.0,538.0,Municipio Rosario,Municipio,Rosario,820210,Servicio de Catastro e Información Territorial,IGN
2018,1834,2018-06-16,Sabado,0.0,14:00:00,,0.0,2,"Automóvil,Moto/Ciclomotor",M Gonzalez Y J Vanzo,3,2,0,0,1,0,0,"-32.964282924591, -60.731017797097",Calle,,ROSARIO,Rosario,Asfalto,No existe,II,Dentro,Urbana,Ninguna,No existe,Intersección,Con baches,Buena,Diurna,Buen Tiempo,Frontal,S/D,Colisión,Ninguna,Faltante,Ninguna,Sin restricción,"-32.964282924591, -60.731017797097","['Gonzalez', 'Vanzo']",2,,-32.964282924591,-60.731017797097,55.0,538.0,Municipio Rosario,Municipio,Rosario,820210,Servicio de Catastro e Información Territorial,IGN
2018,1837,2018-06-08,Viernes,0.0,,,0.0,2,"Automóvil,Moto/Ciclomotor",Av. Francia Y Viamonte,2,1,0,0,1,0,0,"-32.960388888889,-60.670416666667",Avenida,,ROSARIO,Rosario,Asfalto,No existe,II,Dentro,Urbana,Ninguna,No existe,Intersección,Bueno,Buena,Diurna,Buen Tiempo,Lateral,S/D,Colisión,Ninguna,Faltante,Cordón divisorio,Sin restricción,"-32.960388888889,-60.670416666667","['Avenida Francia', 'Viamonte']",2,,-32.960388888889,-60.670416666667,55.0,538.0,Municipio Rosario,Municipio,Rosario,820210,Servicio de Catastro e Información Territorial,IGN
2018,1874,2018-05-17,Jueves,0.0,05:05:00,,0.0,2,"Taxi/Remis,Moto/Ciclomotor",Mendoza Y Cafferata,2,1,0,0,1,0,0,"-32.945666666667,-60.672277777778",Calle,,ROSARIO,Rosario,Asfalto,No existe,II,Dentro,Urbana,Ninguna,No existe,Intersección,Bueno,Buena,Diurna,Buen Tiempo,De alcance,S/D,Colisión,Ninguna,Faltante,Ninguna,Sin restricción,"-32.945666666667,-60.672277777778","['Mendoza', 'Cafferata']",2,,-32.945666666667,-60.672277777778,55.0,538.0,Municipio Rosario,Municipio,Rosario,820210,Servicio de Catastro e Información Territorial,IGN
2018,1876,2018-05-17,Jueves,0.0,10:00:00,,0.0,2,"Automóvil,Automóvil",San Juan Y Vera Mujica,2,1,0,0,1,0,0,"-32.945,-60.667833333333",Calle,,ROSARIO,Rosario,Asfalto,No existe,II,Dentro,Urbana,Ninguna,No existe,Intersección,Bueno,Buena,Diurna,Buen Tiempo,De alcance,S/D,Colisión,Ninguna,Faltante,Ninguna,Sin restricción,"-32.945,-60.667833333333","['San Juan', 'Vera Mujíca']",2,,-32.945,-60.667833333333,55.0,538.0,Municipio Rosario,Municipio,Rosario,820210,Servicio de Catastro e Información Territorial,IGN
2018,1877,2018-06-12,Martes,0.0,09:00:00,,0.0,2,"Pickup/Utilitario,Moto/Ciclomotor",Bv. 27 De Febrero Y Alsina,3,2,0,0,1,0,0,"-32.960694444444,-60.68175",Calle,,ROSARIO,Rosario,Asfalto,No existe,II,Dentro,Urbana,Ninguna,No existe,Recta,Bueno,Buena,Diurna,Lluvia,Contra objeto fijo,S/D,Colisión,Ninguna,Faltante,Cordón divisorio,Sin restricción,"-32.960694444444,-60.68175","['27 de Febrero', 'Alsina']",2,,-32.960694444444,-60.68175,55.0,538.0,Municipio Rosario,Municipio,Rosario,820210,Servicio de Catastro e Información Territorial,IGN
2018,1878,2018-05-17,Jueves,0.0,11:30:00,,0.0,2,"Moto/Ciclomotor,Automóvil",Av. Pellegrini Y Lima,2,1,0,0,1,0,0,"-32.949222222222,-60.685972222222",Calle,,ROSARIO,Rosario,Asfalto,No existe,II,Dentro,Urbana,Ninguna,No existe,Intersección,Bueno,Buena,Diurna,Buen Tiempo,De alcance,S/D,Colisión,Ninguna,Faltante,Ninguna,Sin restricción,"-32.949222222222,-60.685972222222","['Pellegrini', 'Lima']",2,,-32.949222222222,-60.685972222222,55.0,538.0,Municipio Rosario,Municipio,Rosario,820210,Servicio de Catastro e Información Territorial,IGN
2018,1879,2018-05-17,Jueves,0.0,18:00:00,,0.0,2,"Peatón,Automóvil",San Juan Y Cafferata,2,1,0,0,1,0,0,"-32.944277777778,-60.671916666667",Calle,,ROSARIO,Rosario,Asfalto,No existe,II,Dentro,Urbana,Ninguna,No existe,Recta,Bueno,Buena,Atardecer,Buen Tiempo,De alcance,Peatón,Atropello,Ninguna,Faltante,Ninguna,Sin restricción,"-32.944277777778,-60.671916666667","['San Juan', 'Cafferata']",2,,-32.944277777778,-60.671916666667,55.0,538.0,Municipio Rosario,Municipio,Rosario,820210,Servicio de Catastro e Información Territorial,IGN
2018,1882,2018-05-23,Miercoles,0.0,07:30:00,,0.0,2,"Automóvil,Moto/Ciclomotor",Cordoba Y Santiago,3,0,1,0,2,0,0,"-32.943222222222,-60.656027777778",Calle,,ROSARIO,Rosario,Asfalto,No existe,II,Dentro,Urbana,Ninguna,No existe,Intersección,Bueno,Buena,Diurna,Buen Tiempo,De alcance,S/D,Colisión,Ninguna,Faltante,Ninguna,Sin restricción,"-32.943222222222,-60.656027777778","['Córdoba', 'Santiago']",2,,-32.943222222222,-60.656027777778,55.0,538.0,Municipio Rosario,Municipio,Rosario,820210,Servicio de Catastro e Información Territorial,IGN
2018,1883,2018-06-16,Sabado,0.0,01:45:00,,0.0,2,"Moto/Ciclomotor,Automóvil",Rivarola 7900,4,1,0,0,3,0,0,"-32.966333333333,-60.728472222222",Calle,,ROSARIO,Rosario,Asfalto,No existe,II,S/D,Urbana,Semáforo,Intermitente,Intersección,Bueno,Buena,Con luz artificial,Buen Tiempo,Frontal,S/D,Colisión,Ninguna,Vertical,Cordón divisorio,Sin restricción,"-32.966333333333,-60.728472222222",['Rivarola 7900'],1,,-32.966333333333,-60.728472222222,55.0,538.0,Municipio Rosario,Municipio,Rosario,820210,Servicio de Catastro e Información Territorial,IGN
2018,1884,2018-05-09,Miercoles,0.0,19:30:00,,0.0,2,"Moto/Ciclomotor,Automóvil",Bv. Segui Y Constitucion,3,1,1,0,1,0,0,"-32.972694444444,-60.681944444444",Avenida,,ROSARIO,Rosario,Asfalto,S/D,II,S/D,Urbana,Ninguna,S/D,Intersección,Bueno,S/D,S/D,Buen Tiempo,Lateral,S/D,Colisión,Ninguna,Faltante,Cordón divisorio,Sin restricción,"-32.972694444444,-60.681944444444","['Bulevar Juan Francisco Seguí', 'Constitución']",2,,-32.972694444444,-60.681944444444,55.0,538.0,Municipio Rosario,Municipio,Rosario,820210,Servicio de Catastro e Información Territorial,IGN
2018,1887,2018-05-28,Lunes,0.0,17:15:00,,0.0,2,"Taxi/Remis,Moto/Ciclomotor",La Republica Y Fraga,2,1,0,0,1,0,0,"-32.918527777778,-60.7115",Calle,,ROSARIO,Rosario,Asfalto,No existe,II,S/D,Urbana,Ninguna,No existe,Intersección,Bueno,Buena,Diurna,Buen Tiempo,Lateral,S/D,Colisión,Ninguna,Faltante,Ninguna,Sin restricción,"-32.918527777778,-60.7115","['La República', 'Fraga']",2,,-32.918527777778,-60.7115,55.0,538.0,Municipio Rosario,Municipio,Rosario,820210,Servicio de Catastro e Información Territorial,IGN
2018,1888,2018-06-08,Viernes,0.0,15:30:00,,0.0,2,"Pickup/Utilitario,Automóvil",San Nicolas Y Virasoro,3,2,0,0,1,0,0,"-32.96375,-60.678277777778",Calle,,ROSARIO,Rosario,Asfalto,No existe,II,Dentro,Urbana,Ninguna,No existe,Intersección,Con baches,Buena,Diurna,Buen Tiempo,Lateral,S/D,Colisión,Ninguna,Faltante,Ninguna,Sin restricción,"-32.96375,-60.678277777778","['San Nicolás', 'Virasoro']",2,,-32.96375,-60.678277777778,55.0,538.0,Municipio Rosario,Municipio,Rosario,820210,Servicio de Catastro e Información Territorial,IGN
2018,1889,2018-05-23,Miercoles,0.0,12:30:00,,0.0,2,"Moto/Ciclomotor,Automóvil",French Y Magallanes Bis,4,3,0,0,1,0,0,"-32.921555555556,-60.705305555556",Calle,,ROSARIO,Rosario,Asfalto,No existe,II,Dentro,Urbana,Ninguna,No existe,Intersección,Bueno,Buena,Diurna,Buen Tiempo,Lateral,S/D,Colisión,Ninguna,Faltante,Ninguna,Sin restricción,"-32.921555555556,-60.705305555556","['French', 'Magallanes']",2,,-32.921555555556,-60.705305555556,55.0,538.0,Municipio Rosario,Municipio,Rosario,820210,Servicio de Catastro e Información Territorial,IGN
2018,1890,2018-05-24,Jueves,0.0,18:00:00,,0.0,2,"Pickup/Utilitario,Automóvil",French Y Nicaragua,2,1,0,0,1,0,0,"-32.922,-60.721527777778",Calle,,ROSARIO,Rosario,Asfalto,No existe,II,Dentro,Urbana,Ninguna,No existe,Intersección,Bueno,Buena,Diurna,Buen Tiempo,Lateral,S/D,Colisión,Ninguna,Faltante,Ninguna,Sin restricción,"-32.922,-60.721527777778","['French', 'Nicaragua']",2,,-32.922,-60.721527777778,55.0,538.0,Municipio Rosario,Municipio,Rosario,820210,Servicio de Catastro e Información Territorial,IGN
2018,1891,2018-06-05,Martes,0.0,07:30:00,,0.0,2,"Moto/Ciclomotor,Automóvil",Cerrito Y Bv. Avellaneda,2,1,0,0,1,0,0,"-32.9545,-60.683166666667",Calle,,ROSARIO,Rosario,Asfalto,S/D,II,S/D,Urbana,S/D,S/D,Intersección,Bueno,S/D,S/D,S/D,S/D,S/D,Colisión,S/D,S/D,S/D,S/D,"-32.9545,-60.683166666667","['Cerrito', 'Avellaneda']",2,,-32.9545,-60.683166666667,55.0,538.0,Municipio Rosario,Municipio,Rosario,820210,Servicio de Catastro e Información Territorial,IGN
2018,1892,2018-05-27,Domingo,0.0,22:00:00,,0.0,2,"Pickup/Utilitario,Bicicleta",Olavarria Bis Y La Republica,2,1,0,0,1,0,0,"-32.918333333333,-60.704444444444",Calle,,ROSARIO,Rosario,Asfalto,No existe,II,Dentro,Urbana,Ninguna,No existe,Intersección,Bueno,Buena,Con luz artificial,Buen Tiempo,Frontal,Ciclista,Atropello,Ninguna,Faltante,Ninguna,Sin restricción,"-32.918333333333,-60.704444444444","['Olavarría', 'La República']",2,,-32.918333333333,-60.704444444444,55.0,538.0,Municipio Rosario,Municipio,Rosario,820210,Servicio de Catastro e Información Territorial,IGN
2018,1894,2018-06-02,Sabado,0.0,20:20:00,,0.0,2,"Moto/Ciclomotor,Automóvil",Bv. Segui Y Av. Francia,2,1,0,0,1,0,0,"-32.974138888889,-60.673888888889",Avenida,,ROSARIO,Rosario,Asfalto,No existe,II,Dentro,Urbana,Semáforo,Funciona,Intersección,Bueno,Buena,Nocturna,Buen Tiempo,Lateral,S/D,Colisión,Ninguna,Faltante,Cordón divisorio,Sin restricción,"-32.974138888889,-60.673888888889","['Bulevar Juan Francisco Seguí', 'Avenida Francia']",2,,-32.974138888889,-60.673888888889,55.0,538.0,Municipio Rosario,Municipio,Rosario,820210,Servicio de Catastro e Información Territorial,IGN
2018,1895,2018-06-21,Jueves,0.0,11:00:00,,0.0,2,"Pickup/Utilitario,Moto/Ciclomotor",Bv. 27 De Febrero Y Cafferata,3,2,0,0,1,0,0,"-32.961861111111,-60.676333333333",Calle,,ROSARIO,Rosario,Asfalto,Pavimento,II,S/D,Urbana,Ninguna,No existe,Intersección,Bueno,Buena,Diurna,Buen Tiempo,Lateral,S/D,Colisión,Ninguna,Faltante,Cordón divisorio,Sin restricción,"-32.961861111111,-60.676333333333","['27 de Febrero', 'Cafferata']",2,,-32.961861111111,-60.676333333333,55.0,538.0,Municipio Rosario,Municipio,Rosario,820210,Servicio de Catastro e Información Territorial,IGN
2018,1896,2018-05-24,Jueves,0.0,13:30:00,,0.0,2,"Moto/Ciclomotor,Moto/Ciclomotor",Jose Ingenieros Y Colombia Bis,3,1,1,0,1,0,0,"-32.917194444444,-60.717555555556",Calle,,ROSARIO,Rosario,Asfalto,No existe,II,Dentro,Urbana,Ninguna,No existe,Distribuidor,Bueno,Buena,Diurna,Buen Tiempo,Lateral,S/D,Colisión,Ninguna,Faltante,Ninguna,Sin restricción,"-32.917194444444,-60.717555555556","['José Ingenieros', 'Colombia']",2,,-32.917194444444,-60.717555555556,55.0,538.0,Municipio Rosario,Municipio,Rosario,820210,Servicio de Catastro e Información Territorial,IGN
2018,1897,2018-05-23,Miercoles,0.0,14:20:00,,0.0,2,"Moto/Ciclomotor,Pickup/Utilitario",J.J.Paso Y Mejico,2,0,1,0,1,0,0,"-32.920333333333,-60.719305555556",Avenida,,ROSARIO,Rosario,Asfalto,No existe,II,Dentro,Urbana,Ninguna,No existe,Intersección,Bueno,Buena,Diurna,Buen Tiempo,Lateral,S/D,Colisión,Ninguna,Faltante,Ninguna,Sin restricción,"-32.920333333333,-60.719305555556","['Paso', 'Mejico']",2,,-32.920333333333,-60.719305555556,55.0,538.0,Municipio Rosario,Municipio,Rosario,820210,Servicio de Catastro e Información Territorial,IGN
2018,1898,2018-05-23,Miercoles,0.0,15:10:00,,0.0,2,"Moto/Ciclomotor,Automóvil",Garzon Bis Y J.B.Justo,2,0,1,0,1,0,0,"-32.914722222222,-60.706361111111",Calle,,ROSARIO,Rosario,Asfalto,No existe,II,Dentro,Urbana,Ninguna,No existe,Intersección,Bueno,Buena,Diurna,Buen Tiempo,Lateral,S/D,Colisión,Ninguna,Faltante,Ninguna,Sin restricción,"-32.914722222222,-60.706361111111","['Garzón', 'Justo']",2,,-32.914722222222,-60.706361111111,55.0,538.0,Municipio Rosario,Municipio,Rosario,820210,Servicio de Catastro e Información Territorial,IGN
2018,1899,2018-06-04,Lunes,0.0,00:10:00,,0.0,1,Moto/Ciclomotor,Biedma Y Cafferata,1,1,0,0,0,0,0,"-32.975472222222,-60.679777777778",Calle,,ROSARIO,Rosario,Asfalto,No existe,II,S/D,Urbana,Ninguna,No existe,Recta,Bueno,Buena,Diurna,Buen Tiempo,Contra objeto fijo,S/D,Colisión,Ninguna,Faltante,Cordón divisorio,Sin restricción,"-32.975472222222,-60.679777777778","['Coronel Biedma', 'Cafferata']",2,,-32.975472222222,-60.679777777778,55.0,538.0,Municipio Rosario,Municipio,Rosario,820210,Servicio de Catastro e Información Territorial,IGN
2018,1900,2018-06-01,Viernes,0.0,07:45:00,,0.0,2,"Moto/Ciclomotor,Automóvil",Rivarola Y Dr.G.Colombres,2,1,0,0,1,0,0,"-32.966230640433, -60.724838407003",Calle,,ROSARIO,Rosario,Asfalto,Pavimento,II,S/D,Urbana,Ninguna,No existe,Intersección,Bueno,Buena,Diurna,Buen Tiempo,Lateral,S/D,Colisión,Ninguna,Faltante,Cordón divisorio,Sin restricción,"-32.966230640433, -60.724838407003","['Rivarola', 'Doctor G. Colombres']",2,,-32.966230640433,-60.724838407003,55.0,538.0,Municipio Rosario,Municipio,Rosario,820210,Servicio de Catastro e Información Territorial,IGN
2018,1901,2018-05-24,Jueves,0.0,09:10:00,,0.0,2,"Automóvil,Moto/Ciclomotor",Av. Provincias Unidas Y Av. Sorrento,2,1,0,0,1,0,0,"-32.907833333333,-60.714027777778",Avenida,,ROSARIO,Rosario,Asfalto,S/D,II,Dentro,Urbana,Ninguna,No existe,Rotonda,Bueno,Buena,Diurna,Buen Tiempo,Lateral,S/D,Colisión,Ninguna,Faltante,Ninguna,Sin restricción,"-32.907833333333,-60.714027777778","['Avenida Provincias Unidas', 'Sorrento']",2,,-32.907833333333,-60.714027777778,55.0,538.0,Municipio Rosario,Municipio,Rosario,820210,Servicio de Catastro e Información Territorial,IGN
2018,1902,2018-06-29,Viernes,0.0,08:30:00,,0.0,2,"Moto/Ciclomotor,Automóvil",Bv. Avellaneda Y Virasoro,2,1,0,0,1,0,0,"-32.962583333333,-60.684944444444",Calle,,ROSARIO,Rosario,Asfalto,S/D,II,S/D,Urbana,Ninguna,No existe,Intersección,Bueno,S/D,Diurna,Buen Tiempo,Lateral,S/D,Colisión,Ninguna,Faltante,Cordón divisorio,Sin restricción,"-32.962583333333,-60.684944444444","['Avellaneda', 'Virasoro']",2,,-32.962583333333,-60.684944444444,55.0,538.0,Municipio Rosario,Municipio,Rosario,820210,Servicio de Catastro e Información Territorial,IGN
2018,1903,2018-05-06,Domingo,0.0,07:00:00,,0.0,1,Moto/Ciclomotor,C.Larralde ,2,0,1,0,1,0,0,"-32.96914, -60.72585",Calle,,ROSARIO,Rosario,Asfalto,No existe,II,Dentro,Urbana,Ninguna,No existe,Otro,Bueno,Buena,Amanecer,Buen Tiempo,Otro,S/D,Otro,Ninguna,Faltante,Ninguna,Sin restricción,"-32.96914, -60.72585",['C Larralde'],1,,-32.96914,-60.72585,55.0,538.0,Municipio Rosario,Municipio,Rosario,820210,Servicio de Catastro e Información Territorial,IGN
2018,1904,2018-06-11,Lunes,0.0,12:30:00,,0.0,2,"Pickup/Utilitario,Moto/Ciclomotor",Virasoro Y Cafferata,3,2,0,0,1,0,0,"-32.964,-60.676888888889",Calle,,ROSARIO,Rosario,Asfalto,No existe,II,S/D,Urbana,Ninguna,No existe,Intersección,Bueno,Buena,Diurna,Buen Tiempo,Lateral,S/D,Colisión,Ninguna,Faltante,Ninguna,Sin restricción,"-32.964,-60.676888888889","['Virasoro', 'Cafferata']",2,,-32.964,-60.676888888889,55.0,538.0,Municipio Rosario,Municipio,Rosario,820210,Servicio de Catastro e Información Territorial,IGN
2018,1905,2018-05-28,Lunes,0.0,14:10:00,,0.0,2,"Pickup/Utilitario,Moto/Ciclomotor",Urquiza Y Castellanos,3,2,0,0,1,0,0,"-32.936333333333,-60.674194444444",Calle,,ROSARIO,Rosario,Asfalto,No existe,II,S/D,Urbana,Ninguna,S/D,Intersección,Bueno,Buena,Diurna,Buen Tiempo,S/D,S/D,Colisión,Ninguna,Vertical,Ninguna,Sin restricción,"-32.936333333333,-60.674194444444","['Urquiza', 'Aaron Castellanos']",2,,-32.936333333333,-60.674194444444,55.0,538.0,Municipio Rosario,Municipio,Rosario,820210,Servicio de Catastro e Información Territorial,IGN
2018,1907,2018-06-04,Lunes,0.0,18:00:00,,0.0,2,"Moto/Ciclomotor,Pickup/Utilitario",Av. Ovidio Lagos Y Olegario V.Andrade,2,1,0,0,1,0,0,"-32.9995,-60.67525",Avenida,,ROSARIO,Rosario,Asfalto,No existe,II,S/D,Urbana,Ninguna,No existe,Recta,Bueno,Buena,Atardecer,Buen Tiempo,Lateral,S/D,Colisión,Ninguna,Faltante,Cordón divisorio,Sin restricción,"-32.9995,-60.67525","['Avenida Ovidio Lagos', 'Olegario V Andrade']",2,,-32.9995,-60.67525,55.0,538.0,Municipio Rosario,Municipio,Rosario,820210,Servicio de Catastro e Información Territorial,IGN
2018,1908,2018-06-29,Viernes,0.0,17:30:00,,0.0,2,"Automóvil,Bicicleta",Bv. Avellaneda Y Ituzaingo,2,1,0,0,1,0,0,"-32.953361111111,-60.682861111111",Calle,,ROSARIO,Rosario,Asfalto,No existe,II,S/D,Urbana,Ninguna,No existe,Intersección,Bueno,Buena,Diurna,Buen Tiempo,Lateral,Ciclista,Atropello,Ninguna,Faltante,Cordón divisorio,Sin restricción,"-32.953361111111,-60.682861111111","['Avellaneda', 'Ituzaingó']",2,,-32.953361111111,-60.682861111111,55.0,538.0,Municipio Rosario,Municipio,Rosario,820210,Servicio de Catastro e Información Territorial,IGN
2018,1909,2018-05-28,Lunes,0.0,15:30:00,,0.0,1,Moto/Ciclomotor,Guemes Y Ricchieri,1,1,0,0,0,0,0,"-32.9315,-60.660194444444",Calle,,ROSARIO,Rosario,Asfalto,No existe,II,S/D,Urbana,Ninguna,S/D,Intersección,Bueno,Buena,Diurna,Buen Tiempo,S/D,S/D,Vuelco,Ninguna,S/D,Ninguna,Sin restricción,"-32.9315,-60.660194444444","['Güemes', 'Ricchieri']",2,,-32.9315,-60.660194444444,55.0,538.0,Municipio Rosario,Municipio,Rosario,820210,Servicio de Catastro e Información Territorial,IGN
2018,1910,2018-06-29,Viernes,0.0,07:30:00,,0.0,2,"Pickup/Utilitario,Moto/Ciclomotor",Rivarola Y Biancofiori,2,1,0,0,1,0,0,"-32.965833333333,-60.714083333333",Avenida,,ROSARIO,Rosario,Asfalto,No existe,II,S/D,Urbana,Ninguna,No existe,Intersección,Bueno,Buena,Amanecer,Buen Tiempo,Lateral,S/D,Colisión,Ninguna,Faltante,Cordón divisorio,Sin restricción,"-32.965833333333,-60.714083333333","['Rivarola', 'Biancofiori']",2,,-32.965833333333,-60.714083333333,55.0,538.0,Municipio Rosario,Municipio,Rosario,820210,Servicio de Catastro e Información Territorial,IGN