anio_acci,nro_acci,fecha,desc_dia,fecha_aprox,hora_aprox,desc_ruta,km,cant_participantes,desc_participante,calle_avenida_km,total,heridos_leves,heridos_graves,heridos_gravisimos,ilesos,fallecidos,sin_datos,posicion_XY,desc_tipo_via,desc_ruta_ori,desc_loc,desc_dpto,desc_tipo_calzada,desc_tipo_banquina,desc_unidad_regional,desc_lugar_calzada,desc_zona,desc_prioridad,desc_estado_semaforo,desc_lugar_via,desc_estado_via,desc_estado_visibilidad,desc_luminosidad,desc_estado_clima,desc_tipo_colision,desc_tipo_atropello,desc_tipo_hecho,desc_pres_calzada,desc_senializacion,desc_separacion_via,desc_restriccion,forma_geocod,calle_lista,numero_calles,calles_osm,lat,lon,index_right,gid,fna,gna,nam,in1,fdc,sag
2018,1911,2018-06-05,Martes,0.0,15:35:00,,0.0,2,"Transporte de Pasajeros Urbano (> 8 asientos),Transporte de Pasajeros Urbano (> 8 asientos)",Av. Francia Y Fragata Sarmiento,12,2,0,0,10,0,0,"-32.988722222222,-60.672694444444",S/D,,ROSARIO,Rosario,Asfalto,No existe,II,S/D,S/D,Semáforo,Funciona,Intersección,Bueno,Buena,Atardecer,Buen Tiempo,De alcance,S/D,Colisión,Ninguna,Faltante,Cordón divisorio,Sin restricción,"-32.988722222222,-60.672694444444","['Avenida Francia', 'Fragata Sarmiento']",2,,-32.988722222222,-60.672694444444,55.0,538.0,Municipio Rosario,Municipio,Rosario,820210,Servicio de Catastro e Información Territorial,IGN
2018,1913,2018-05-23,Miercoles,0.0,22:15:00,,0.0,2,"Moto/Ciclomotor,Moto/Ciclomotor",San Lorenzo Y San Nicolas,3,2,0,0,1,0,0,"-32.938,-60.67175",Calle,,ROSARIO,Rosario,Asfalto,No existe,II,S/D,Urbana,Ninguna,S/D,Intersección,Bueno,Buena,"Nocturna,Con luz artificial",Buen Tiempo,S/D,S/D,Colisión,Ninguna,S/D,Ninguna,Sin restricción,"-32.938,-60.67175","['San Lorenzo', 'San Nicolás']",2,,-32.938,-60.67175,55.0,538.0,Municipio Rosario,Municipio,Rosario,820210,Servicio de Catastro e Información Territorial,IGN
2018,1914,2018-06-02,Sabado,0.0,15:00:00,,0.0,2,"Moto/Ciclomotor,Automóvil",Constitucion 2200,2,1,0,0,0,0,1,"-32.956666666667,-60.677861111111",Calle,,ROSARIO,Rosario,Asfalto,No existe,II,S/D,Urbana,Semáforo,Funciona,Intersección,Bueno,Buena,Diurna,Buen Tiempo,Otro,S/D,Colisión,Ninguna,Faltante,Ninguna,Sin restricción,"-32.956666666667,-60.677861111111",['Constitucion 2200'],1,,-32.956666666667,-60.677861111111,55.0,538.0,Municipio Rosario,Municipio,Rosario,820210,Servicio de Catastro e Información Territorial,IGN
2018,1915,2018-05-23,Miercoles,0.0,13:35:00,,0.0,2,"Automóvil,Bicicleta",Brown Y Pueyrredon,2,1,0,0,1,0,0,"-32.933666666667,-60.655055555556",Calle,,ROSARIO,Rosario,Asfalto,No existe,II,S/D,Urbana,Ninguna,S/D,Intersección,Bueno,Buena,Diurna,Buen Tiempo,S/D,Ciclista,Atropello,Ninguna,S/D,Ninguna,Sin restricción,"-32.933666666667,-60.655055555556","['Brown', 'Pueyrredón']",2,,-32.933666666667,-60.655055555556,55.0,538.0,Municipio Rosario,Municipio,Rosario,820210,Servicio de Catastro e Información Territorial,IGN
2018,1916,2018-06-15,Viernes,0.0,08:00:00,,0.0,2,"Peatón,Moto/Ciclomotor",Ocampo Y Pje. Humaita,2,1,0,0,0,0,1,"-32.960444444444,-60.676722222222",Calle,,ROSARIO,Rosario,Asfalto,No existe,II,S/D,Urbana,Ninguna,No existe,Intersección,Bueno,Buena,Diurna,Buen Tiempo,Otro,Peatón,Atropello,Ninguna,Faltante,Ninguna,Sin restricción,"-32.960444444444,-60.676722222222","['Ocampo', 'Humaitá']",2,,-32.960444444444,-60.676722222222,55.0,538.0,Municipio Rosario,Municipio,Rosario,820210,Servicio de Catastro e Información Territorial,IGN
2018,1917,2018-05-22,Martes,0.0,07:50:00,,0.0,2,"Moto/Ciclomotor,Automóvil",Urquiza Y Cafferata,2,1,0,0,1,0,0,"-32.937055555556,-60.670111111111",Calle,,ROSARIO,Rosario,Asfalto,No existe,II,S/D,Urbana,Ninguna,Funciona,Intersección,Bueno,Buena,Amanecer,Buen Tiempo,S/D,S/D,Colisión,Ninguna,S/D,Ninguna,Sin restricción,"-32.937055555556,-60.670111111111","['Urquiza', 'Cafferata']",2,,-32.937055555556,-60.670111111111,55.0,538.0,Municipio Rosario,Municipio,Rosario,820210,Servicio de Catastro e Información Territorial,IGN
2018,1918,2018-06-28,Jueves,0.0,15:20:00,,0.0,2,"Moto/Ciclomotor,Automóvil",Lavalle Y Pasco,2,1,0,0,0,0,1,"-32.952472222222,-60.681111111111",Calle,,ROSARIO,Rosario,Asfalto,No existe,II,S/D,Urbana,Ninguna,No existe,Intersección,Bueno,Buena,Diurna,Buen Tiempo,Otro,S/D,Colisión,Ninguna,Faltante,Ninguna,S/D,"-32.952472222222,-60.681111111111","['Lavalle', 'Pasco']",2,,-32.952472222222,-60.681111111111,55.0,538.0,Municipio Rosario,Municipio,Rosario,820210,Servicio de Catastro e Información Territorial,IGN
2018,1919,2018-05-19,Sabado,0.0,02:20:00,,0.0,2,"Taxi/Remis,Bicicleta",Guemes 2400,2,0,1,0,1,0,0,"-32.93275,-60.653388888889",Calle,,ROSARIO,Rosario,Asfalto,No existe,II,S/D,Urbana,Ninguna,No existe,Recta,Bueno,Buena,"Nocturna,Con luz artificial",Buen Tiempo,Lateral,Ciclista,Atropello,S/D,S/D,Ninguna,Sin restricción,"-32.93275,-60.653388888889",['Guemes 2400'],1,,-32.93275,-60.653388888889,55.0,538.0,Municipio Rosario,Municipio,Rosario,820210,Servicio de Catastro e Información Territorial,IGN
2018,1922,2018-06-26,Martes,0.0,,,0.0,2,"Moto/Ciclomotor,Automóvil",Matienzo Y 3 De Febrero,2,1,0,0,1,0,0,"-32.943361111111,-60.694583333333",Calle,,ROSARIO,Rosario,Asfalto,No existe,II,Dentro,Urbana,Ninguna,S/D,Intersección,Bueno,S/D,S/D,Buen Tiempo,De alcance,S/D,Colisión,S/D,S/D,Ninguna,Sin restricción,"-32.943361111111,-60.694583333333","['Matienzo', '3 de Febrero']",2,,-32.943361111111,-60.694583333333,55.0,538.0,Municipio Rosario,Municipio,Rosario,820210,Servicio de Catastro e Información Territorial,IGN
2018,1924,2018-06-20,Miercoles,0.0,,,0.0,2,"Moto/Ciclomotor,Automóvil",Pasco Y Tte.Agneta,2,1,0,0,1,0,0,"-32.950583333333,-60.699444444444",Calle,,ROSARIO,Rosario,Asfalto,No existe,II,Dentro,Urbana,Ninguna,S/D,Intersección,Bueno,S/D,S/D,Buen Tiempo,De alcance,S/D,Colisión,S/D,S/D,Ninguna,Sin restricción,"-32.950583333333,-60.699444444444","['Pasco', 'Teniente Agneta']",2,,-32.950583333333,-60.699444444444,55.0,538.0,Municipio Rosario,Municipio,Rosario,820210,Servicio de Catastro e Información Territorial,IGN
2018,1925,2018-05-14,Lunes,0.0,17:30:00,,0.0,1,Vehículo Oficial,Santa Fe Y Castellanos,1,1,0,0,0,0,0,"-32.938472222222,-60.674722222222",Calle,,ROSARIO,Rosario,Asfalto,No existe,II,S/D,Urbana,Ninguna,Funciona,Intersección,Con baches,Buena,Atardecer,Buen Tiempo,Otro,S/D,Caída ocupante,Ninguna,S/D,Ninguna,Sin restricción,"-32.938472222222,-60.674722222222","['Santa Fe', 'Aaron Castellanos']",2,,-32.938472222222,-60.674722222222,55.0,538.0,Municipio Rosario,Municipio,Rosario,820210,Servicio de Catastro e Información Territorial,IGN
2018,1926,2018-06-05,Martes,0.0,20:00:00,,0.0,2,"Moto/Ciclomotor,Automóvil",Iriondo Y Saavedra,3,2,0,0,1,0,0,"-32.972277777778,-60.677583333333",Calle,,ROSARIO,Rosario,Asfalto,No existe,II,Dentro,Urbana,Ninguna,S/D,Recta,Bueno,Buena,Nocturna,Buen Tiempo,De alcance,S/D,Colisión,Ninguna,Faltante,Cordón divisorio,Sin restricción,"-32.972277777778,-60.677583333333","['Iriondo', 'Saavedra']",2,,-32.972277777778,-60.677583333333,55.0,538.0,Municipio Rosario,Municipio,Rosario,820210,Servicio de Catastro e Información Territorial,IGN
2018,1928,2018-06-19,Martes,0.0,,,0.0,2,"Automóvil,Automóvil",Pasco Y F.More,2,1,0,0,1,0,0,"-32.950444444444,-60.693305555556",Calle,,ROSARIO,Rosario,Asfalto,No existe,II,Dentro,Urbana,Ninguna,S/D,Intersección,Bueno,S/D,S/D,Buen Tiempo,Otro,S/D,Colisión,S/D,S/D,Ninguna,Sin restricción,"-32.950444444444,-60.693305555556","['Pasco', 'Felipe Moré']",2,,-32.950444444444,-60.693305555556,55.0,538.0,Municipio Rosario,Municipio,Rosario,820210,Servicio de Catastro e Información Territorial,IGN
2018,1930,2018-06-15,Viernes,0.0,19:00:00,,0.0,2,"Moto/Ciclomotor,Automóvil",Garibaldi ,3,1,0,0,2,0,0,"-32.978824,-60.687535",Calle,,ROSARIO,Rosario,Asfalto,No existe,II,Dentro,Urbana,Ninguna,No existe,Intersección,Bueno,Buena,Atardecer,Buen Tiempo,Lateral,S/D,Colisión,Ninguna,Faltante,Ninguna,Sin restricción,"-32.978824,-60.687535",['José Garibaldi'],1,,-32.978824,-60.687535,55.0,538.0,Municipio Rosario,Municipio,Rosario,820210,Servicio de Catastro e Información Territorial,IGN
2018,1931,2018-06-12,Martes,0.0,00:10:00,,0.0,2,"Moto/Ciclomotor,Pickup/Utilitario",Av. Ovidio Lagos Y Centeno,2,1,0,0,1,0,0,"-32.98075,-60.670638888889",Avenida,,ROSARIO,Rosario,Asfalto,No existe,II,Dentro,Urbana,Ninguna,No existe,Intersección,"Bueno,Resbaladiza",Buena,Nocturna,Buen Tiempo,Lateral,S/D,"Caída ocupante,Colisión",Agua,Faltante,Cordón divisorio,Reparación de Vía,"-32.98075,-60.670638888889","['Avenida Ovidio Lagos', 'Centeno']",2,,-32.98075,-60.670638888889,55.0,538.0,Municipio Rosario,Municipio,Rosario,820210,Servicio de Catastro e Información Territorial,IGN
2018,1933,2018-06-14,Jueves,0.0,08:15:00,,0.0,2,"Transporte de Pasajeros Urbano (> 8 asientos),Pickup/Utilitario",Roullon Y Bv. Segui,3,1,0,0,2,0,0,"-32.970833333333,-60.701055555556",Calle,,ROSARIO,Rosario,Asfalto,No existe,II,Dentro,Urbana,Semáforo,Funciona,Intersección,Bueno,Buena,Diurna,Buen Tiempo,Lateral,S/D,Colisión,Ninguna,Vertical,Ninguna,Sin restricción,"-32.970833333333,-60.701055555556","['Alfredo Rouillón', 'Bulevar Juan Francisco Seguí']",2,,-32.970833333333,-60.701055555556,55.0,538.0,Municipio Rosario,Municipio,Rosario,820210,Servicio de Catastro e Información Territorial,IGN
2018,1934,2018-06-13,Miercoles,0.0,11:00:00,,0.0,2,"Bicicleta,Automóvil",Castellanos Y Pte.Quintana,2,1,0,0,1,0,0,"-32.975916666667,-60.684166666667",Calle,,ROSARIO,Rosario,Asfalto,No existe,II,S/D,Urbana,Ninguna,No existe,Intersección,Bueno,Buena,Diurna,Buen Tiempo,Frontal,Ciclista,Atropello,Ninguna,Faltante,Ninguna,Sin restricción,"-32.975916666667,-60.684166666667","['Aaron Castellanos', 'Quintana']",2,,-32.975916666667,-60.684166666667,55.0,538.0,Municipio Rosario,Municipio,Rosario,820210,Servicio de Catastro e Información Territorial,IGN
2018,1935,2018-06-07,Jueves,0.0,23:15:00,,0.0,2,"Moto/Ciclomotor,Automóvil",Tte.Agneta Y Dean Funes,3,2,0,0,1,0,0,"-32.967111111111,-60.698805555556",Calle,,ROSARIO,Rosario,Asfalto,No existe,II,Dentro,Urbana,Ninguna,No existe,Intersección,Bueno,Buena,Nocturna,Buen Tiempo,Lateral,S/D,Colisión,Ninguna,Faltante,Ninguna,Sin restricción,"-32.967111111111,-60.698805555556","['Teniente Agneta', 'Deán Gregorio Funes']",2,,-32.967111111111,-60.698805555556,55.0,538.0,Municipio Rosario,Municipio,Rosario,820210,Servicio de Catastro e Información Territorial,IGN
2018,1936,2018-06-15,Viernes,0.0,17:00:00,,0.0,2,"Taxi/Remis,Automóvil",Bv. Avellaneda 3100,2,1,0,0,1,0,0,"-32.965972222222,-60.686027777778",Avenida,,ROSARIO,Rosario,Asfalto,No existe,II,Dentro,Urbana,Ninguna,No existe,Intersección,Bueno,Buena,Atardecer,Buen Tiempo,De alcance,S/D,Colisión,Ninguna,Faltante,Cordón divisorio,Sin restricción,"-32.965972222222,-60.686027777778",['Avellaneda 3100'],1,,-32.965972222222,-60.686027777778,55.0,538.0,Municipio Rosario,Municipio,Rosario,820210,Servicio de Catastro e Información Territorial,IGN
2018,1967,2018-05-10,Jueves,0.0,09:00:00,,0.0,2,"Automóvil,Automóvil",Riobamba Y Chacabuco,2,1,0,0,1,0,0,"-32.96575,-60.626972222222",Calle,,ROSARIO,Rosario,Asfalto,No existe,II,S/D,Urbana,Ninguna,No existe,Intersección,Bueno,Buena,Diurna,Buen Tiempo,Lateral,S/D,Colisión,Ninguna,Faltante,Ninguna,Sin restricción,"-32.96575,-60.626972222222","['Riobamba', 'Chacabuco']",2,,-32.96575,-60.626972222222,55.0,538.0,Municipio Rosario,Municipio,Rosario,820210,Servicio de Catastro e Información Territorial,IGN
2018,1968,2018-05-02,Miercoles,0.0,13:10:00,,0.0,2,"Automóvil,Automóvil", ,2,1,0,0,1,0,0,"-32.961638888889,-60.657805555556",Calle,,ROSARIO,Rosario,Asfalto,No existe,II,S/D,Urbana,Ninguna,No existe,Curva,Bueno,Buena,Diurna,Buen Tiempo,De alcance,S/D,Colisión,Ninguna,Faltante,Ninguna,Sin restricción,"-32.961638888889,-60.657805555556",[''],0,,-32.961638888889,-60.657805555556,55.0,538.0,Municipio Rosario,Municipio,Rosario,820210,Servicio de Catastro e Información Territorial,IGN
2018,1969,2018-05-04,Viernes,0.0,16:10:00,,0.0,2,"Moto/Ciclomotor,Pickup/Utilitario",Av. Corrientes Y Cerrito,2,1,0,0,1,0,0,"-32.96112, -60.64621",Calle,,ROSARIO,Rosario,Asfalto,No existe,II,Dentro,Urbana,Señal Pare,No existe,Intersección,Bueno,Buena,Diurna,Buen Tiempo,Lateral,S/D,Colisión,Ninguna,Vertical,Ninguna,Sin restricción,"-32.96112, -60.64621","['Corrientes', 'Cerrito']",2,,-32.96112,-60.64621,55.0,538.0,Municipio Rosario,Municipio,Rosario,820210,Servicio de Catastro e Información Territorial,IGN
2018,1970,2018-06-15,Viernes,0.0,18:20:00,,0.0,2,"Vehículo Oficial,Automóvil",Av. Ovidio Lagos Y Pje. J.Marc,4,1,0,0,3,0,0,"-32.993166666667,-60.67375",S/D,,ROSARIO,Rosario,Asfalto,No existe,II,S/D,Urbana,Ninguna,No existe,Recta,Bueno,Buena,Atardecer,Buen Tiempo,Lateral,S/D,Colisión,S/D,Vertical,Cordón divisorio,Sin restricción,"-32.993166666667,-60.67375","['Avenida Ovidio Lagos', 'Marc']",2,,-32.993166666667,-60.67375,55.0,538.0,Municipio Rosario,Municipio,Rosario,820210,Servicio de Catastro e Información Territorial,IGN
2018,1971,2018-05-04,Viernes,0.0,08:40:00,,0.0,2,"Bicicleta,Automóvil",La Paz Y Pte.Roca,2,1,0,0,1,0,0,"-32.962916666667,-60.649583333333",Calle,,ROSARIO,Rosario,Asfalto,No existe,II,Dentro,Urbana,Ninguna,No existe,Intersección,Bueno,Buena,Diurna,Buen Tiempo,Lateral,Ciclista,Atropello,Ninguna,Faltante,Ninguna,Sin restricción,"-32.962916666667,-60.649583333333","['La Paz', 'Roca']",2,,-32.962916666667,-60.649583333333,55.0,538.0,Municipio Rosario,Municipio,Rosario,820210,Servicio de Catastro e Información Territorial,IGN
2018,1972,2018-05-05,Sabado,0.0,08:10:00,,0.0,2,"Bicicleta,Automóvil",Pueyrredon Y Amenabar,2,1,0,0,1,0,0,"-32.96875,-60.663888888889",Calle,,ROSARIO,Rosario,Asfalto,No existe,II,Dentro,Urbana,Ninguna,No existe,Intersección,Resbaladiza,Buena,Diurna,Lluvia,Otro,Ciclista,Atropello,Agua,S/D,Ninguna,Sin restricción,"-32.96875,-60.663888888889","['Pueyrredón', 'Amenabar']",2,,-32.96875,-60.663888888889,55.0,538.0,Municipio Rosario,Municipio,Rosario,820210,Servicio de Catastro e Información Territorial,IGN
2018,1974,2018-05-05,Sabado,0.0,00:30:00,,0.0,2,"Moto/Ciclomotor,Automóvil",Bv. Oro?o Y Amenabar,2,1,0,0,1,0,0,"-32.969472222222,-60.659777777778",Avenida,,ROSARIO,Rosario,Asfalto,No existe,II,Dentro,Urbana,Semáforo,Funciona,Recta,Bueno,Buena,"Nocturna,Con luz artificial",Lluvia,De alcance,S/D,Colisión,Agua,Vertical,Cordón divisorio,Sin restricción,"-32.969472222222,-60.659777777778","['Bulevar Nicasio Oroño', 'Amenabar']",2,,-32.969472222222,-60.659777777778,55.0,538.0,Municipio Rosario,Municipio,Rosario,820210,Servicio de Catastro e Información Territorial,IGN
2018,1976,2018-05-07,Lunes,0.0,07:40:00,,0.0,2,"Bicicleta,Automóvil",Ayacucho Y Cochabamba,2,1,0,0,1,0,0,"-32.960444444444,-60.629888888889",Calle,,ROSARIO,Rosario,Asfalto,No existe,II,Dentro,Urbana,Ninguna,No existe,Intersección,Bueno,Buena,Diurna,Buen Tiempo,S/D,Ciclista,Atropello,Ninguna,Faltante,Ninguna,Sin restricción,"-32.960444444444,-60.629888888889","['Ayacucho', 'Cochabamba']",2,,-32.960444444444,-60.629888888889,55.0,538.0,Municipio Rosario,Municipio,Rosario,820210,Servicio de Catastro e Información Territorial,IGN
2018,1977,2018-06-21,Jueves,0.0,18:55:00,,0.0,2,"Moto/Ciclomotor,Automóvil",Av. Ovidio Lagos Y Bv. Segui,2,1,0,0,1,0,0,"-32.974972222222,-60.669222222222",Avenida,,ROSARIO,Rosario,Asfalto,S/D,II,Dentro,Urbana,Semáforo,S/D,Recta,Bueno,S/D,S/D,Buen Tiempo,Lateral,S/D,Colisión,Ninguna,Faltante,Cordón divisorio,Sin restricción,"-32.974972222222,-60.669222222222","['Avenida Ovidio Lagos', 'Bulevar Juan Francisco Seguí']",2,,-32.974972222222,-60.669222222222,55.0,538.0,Municipio Rosario,Municipio,Rosario,820210,Servicio de Catastro e Información Territorial,IGN
2018,1978,2018-05-07,Lunes,0.0,08:10:00,,0.0,2,"Automóvil,Automóvil",Ayacucho Y Ituzaingo,2,1,0,0,1,0,0,"-32.962722222222,-60.6305",Calle,,ROSARIO,Rosario,Asfalto,No existe,II,Dentro,Urbana,Ninguna,No existe,Intersección,Bueno,Buena,Diurna,Buen Tiempo,Lateral,S/D,Colisión,Ninguna,Faltante,Ninguna,Sin restricción,"-32.962722222222,-60.6305","['Ayacucho', 'Ituzaingó']",2,,-32.962722222222,-60.6305,55.0,538.0,Municipio Rosario,Municipio,Rosario,820210,Servicio de Catastro e Información Territorial,IGN
2018,1980,2018-05-07,Lunes,0.0,07:45:00,,0.0,2,"Bicicleta,Taxi/Remis",Av. Corrientes Y Ocampo,2,1,0,0,1,0,0,"-32.965694444444,-60.647416666667",Calle,,ROSARIO,Rosario,Asfalto,No existe,II,Dentro,Urbana,Ninguna,No existe,Recta,Bueno,Buena,Diurna,Buen Tiempo,Otro,Ciclista,Atropello,Ninguna,Faltante,Ninguna,Sin restricción,"-32.965694444444,-60.647416666667","['Corrientes', 'Ocampo']",2,,-32.965694444444,-60.647416666667,55.0,538.0,Municipio Rosario,Municipio,Rosario,820210,Servicio de Catastro e Información Territorial,IGN
2018,1982,2018-06-21,Jueves,0.0,18:25:00,,0.0,3,"Moto/Ciclomotor,Moto/Ciclomotor,Automóvil",Bv. Avellaneda Y Biedma,3,1,1,0,1,0,0,"-32.974055555556,-60.687944444444",Avenida,,ROSARIO,Rosario,Asfalto,No existe,II,Dentro,Urbana,Ninguna,No existe,Intersección,Bueno,Buena,Atardecer,Buen Tiempo,Frontal,S/D,Colisión,Ninguna,Faltante,Cordón divisorio,Sin restricción,"-32.974055555556,-60.687944444444","['Avellaneda', 'Coronel Biedma']",2,,-32.974055555556,-60.687944444444,55.0,538.0,Municipio Rosario,Municipio,Rosario,820210,Servicio de Catastro e Información Territorial,IGN
2018,1983,2018-05-01,Martes,0.0,,,0.0,2,"Moto/Ciclomotor,Automóvil",L.N.Alem Y Pasco,3,2,0,0,1,0,0,"-32.961333333333,-60.631611111111",Calle,,ROSARIO,Rosario,Asfalto,No existe,II,S/D,Urbana,Ninguna,No existe,Intersección,Bueno,Buena,Diurna,Buen Tiempo,Lateral,S/D,Colisión,Ninguna,Faltante,Ninguna,Sin restricción,"-32.961333333333,-60.631611111111","['Alem', 'Pasco']",2,,-32.961333333333,-60.631611111111,55.0,538.0,Municipio Rosario,Municipio,Rosario,820210,Servicio de Catastro e Información Territorial,IGN
2018,1985,2018-05-10,Jueves,0.0,07:00:00,,0.0,2,"Peatón,Automóvil",Bv. 27 De Febrero Y Alvear,2,1,0,0,1,0,0,"-32.964777777778,-60.660055555556",Calle,,ROSARIO,Rosario,Asfalto,No existe,II,S/D,Urbana,Ninguna,No existe,Intersección,Bueno,Buena,Diurna,Buen Tiempo,S/D,Peatón,Atropello,Ninguna,Faltante,Ninguna,Sin restricción,"-32.964777777778,-60.660055555556","['27 de Febrero', 'Alvear']",2,,-32.964777777778,-60.660055555556,55.0,538.0,Municipio Rosario,Municipio,Rosario,820210,Servicio de Catastro e Información Territorial,IGN
2018,1988,2018-05-11,Viernes,0.0,20:05:00,,0.0,2,"Automóvil,Automóvil",Pasco Y Pte.Roca,2,1,0,0,1,0,0,"-32.958333333333,-60.648444444444",Calle,,ROSARIO,Rosario,Asfalto,No existe,II,Dentro,Urbana,Ninguna,No existe,Intersección,Bueno,Buena,Diurna,Buen Tiempo,Lateral,S/D,Colisión,Ninguna,Faltante,Ninguna,Sin restricción,"-32.958333333333,-60.648444444444","['Pasco', 'Roca']",2,,-32.958333333333,-60.648444444444,55.0,538.0,Municipio Rosario,Municipio,Rosario,820210,Servicio de Catastro e Información Territorial,IGN
2018,1989,2018-05-17,Jueves,0.0,,,0.0,2,"Automóvil,Moto/Ciclomotor",Av. Pte.Peron Y Ricchieri,2,1,0,0,1,0,0,"-32.955694444444,-60.66625",Calle,,ROSARIO,Rosario,Asfalto,No existe,II,S/D,Urbana,Ninguna,No existe,Intersección,Bueno,Buena,Diurna,Buen Tiempo,Lateral,S/D,Colisión,Ninguna,Faltante,Ninguna,Sin restricción,"-32.955694444444,-60.66625","['Avenida Presidente Perón', 'Ricchieri']",2,,-32.955694444444,-60.66625,55.0,538.0,Municipio Rosario,Municipio,Rosario,820210,Servicio de Catastro e Información Territorial,IGN
2018,1990,2018-06-22,Viernes,0.0,20:00:00,,0.0,2,"Bicicleta,Vehículo Oficial",Cafferata Y Pte.Quintana,4,1,1,0,2,0,0,"-32.976666666667,-60.680083333333",Calle,,ROSARIO,Rosario,Asfalto,No existe,II,Dentro,Urbana,Ninguna,No existe,Intersección,Bueno,Buena,Nocturna,Buen Tiempo,Lateral,Ciclista,Atropello,Ninguna,Faltante,Cordón divisorio,Sin restricción,"-32.976666666667,-60.680083333333","['Cafferata', 'Quintana']",2,,-32.976666666667,-60.680083333333,55.0,538.0,Municipio Rosario,Municipio,Rosario,820210,Servicio de Catastro e Información Territorial,IGN
2018,1993,2018-05-28,Lunes,0.0,18:00:00,,0.0,2,"Bicicleta,Automóvil",Buenos Aires Y Riobamba,2,1,0,0,1,0,0,"-32.964,-60.636861111111",Calle,,ROSARIO,Rosario,Asfalto,No existe,II,S/D,Urbana,Ninguna,No existe,Intersección,Bueno,Buena,Diurna,Buen Tiempo,S/D,Ciclista,Atropello,Ninguna,Faltante,Ninguna,Sin restricción,"-32.964,-60.636861111111","['Buenos Aires', 'Riobamba']",2,,-32.964,-60.636861111111,55.0,538.0,Municipio Rosario,Municipio,Rosario,820210,Servicio de Catastro e Información Territorial,IGN
2018,1994,2018-05-25,Viernes,0.0,10:15:00,,0.0,2,"Automóvil,Automóvil",Rueda Y Mitre,2,1,0,0,1,0,0,"-32.970805555556,-60.645722222222",Calle,,ROSARIO,Rosario,Asfalto,No existe,II,S/D,Urbana,Ninguna,No existe,Intersección,Bueno,Buena,Diurna,Buen Tiempo,Lateral,S/D,Colisión,Ninguna,Faltante,Ninguna,Sin restricción,"-32.970805555556,-60.645722222222","['Rueda', 'Mitre']",2,,-32.970805555556,-60.645722222222,55.0,538.0,Municipio Rosario,Municipio,Rosario,820210,Servicio de Catastro e Información Territorial,IGN
2018,1995,2018-06-23,Sabado,0.0,12:00:00,,0.0,2,"Automóvil,Automóvil",Bv. Avellaneda Y Garibaldi,3,2,0,0,1,0,0,"-32.977444444444,-60.688805555556",Avenida,,ROSARIO,Rosario,Asfalto,No existe,II,Dentro,Urbana,Ninguna,No existe,Intersección,Bueno,Buena,Diurna,Buen Tiempo,De alcance,S/D,Colisión,S/D,Faltante,Cordón divisorio,Sin restricción,"-32.977444444444,-60.688805555556","['Avellaneda', 'José Garibaldi']",2,,-32.977444444444,-60.688805555556,55.0,538.0,Municipio Rosario,Municipio,Rosario,820210,Servicio de Catastro e Información Territorial,IGN
2018,1996,2018-05-23,Miercoles,0.0,15:00:00,,0.0,2,"Automóvil,Automóvil",Av. Pellegrini 1800,2,0,0,0,1,0,1,"-32.955444444444,-60.650611111111",Calle,,ROSARIO,Rosario,Asfalto,No existe,II,S/D,Urbana,Ninguna,No existe,Recta,Bueno,Buena,Diurna,Buen Tiempo,Frontal,S/D,Colisión,Ninguna,Faltante,Ninguna,Sin restricción,"-32.955444444444,-60.650611111111",['Pellegrini 1800'],1,,-32.955444444444,-60.650611111111,55.0,538.0,Municipio Rosario,Municipio,Rosario,820210,Servicio de Catastro e Información Territorial,IGN
2018,1999,2018-05-19,Sabado,0.0,14:00:00,,0.0,2,"Automóvil,Moto/Ciclomotor",Espa?a Y Pasco,2,1,0,0,1,0,0,"-32.958083333333,-60.649833333333",Calle,,ROSARIO,Rosario,Asfalto,No existe,II,S/D,Urbana,Ninguna,No existe,Intersección,Bueno,Buena,Diurna,Buen Tiempo,Lateral,S/D,Colisión,Ninguna,Faltante,Ninguna,Sin restricción,"-32.958083333333,-60.649833333333","['España', 'Pasco']",2,,-32.958083333333,-60.649833333333,55.0,538.0,Municipio Rosario,Municipio,Rosario,820210,Servicio de Catastro e Información Territorial,IGN
2018,2000,2018-05-22,Martes,0.0,12:40:00,,0.0,2,"Camión c / Semirremolque,Moto/Ciclomotor",Callao Y Mr.Ross,2,0,1,0,1,0,0,"-32.984305555556,-60.670638888889",Calle,,ROSARIO,Rosario,Asfalto,No existe,II,S/D,Urbana,Ninguna,No existe,Intersección,Bueno,Buena,Diurna,Buen Tiempo,Lateral,S/D,Colisión,Ninguna,Faltante,Ninguna,Sin restricción,"-32.984305555556,-60.670638888889","['Callao', 'Rodrigo M. Ross']",2,,-32.984305555556,-60.670638888889,55.0,538.0,Municipio Rosario,Municipio,Rosario,820210,Servicio de Catastro e Información Territorial,IGN