anio_acci,nro_acci,fecha,desc_dia,fecha_aprox,hora_aprox,desc_ruta,km,cant_participantes,desc_participante,calle_avenida_km,total,heridos_leves,heridos_graves,heridos_gravisimos,ilesos,fallecidos,sin_datos,posicion_XY,desc_tipo_via,desc_ruta_ori,desc_loc,desc_dpto,desc_tipo_calzada,desc_tipo_banquina,desc_unidad_regional,desc_lugar_calzada,desc_zona,desc_prioridad,desc_estado_semaforo,desc_lugar_via,desc_estado_via,desc_estado_visibilidad,desc_luminosidad,desc_estado_clima,desc_tipo_colision,desc_tipo_atropello,desc_tipo_hecho,desc_pres_calzada,desc_senializacion,desc_separacion_via,desc_restriccion,forma_geocod,calle_lista,numero_calles,calles_osm,lat,lon,index_right,gid,fna,gna,nam,in1,fdc,sag
2018,2002,2018-05-26,Sabado,0.0,10:30:00,,0.0,2,"Moto/Ciclomotor,Automóvil",Av. Battle y Ordo?ez Y Buenos Aires,2,1,0,0,1,0,0,"-33.008805555556,-60.644666666667",Calle,,ROSARIO,Rosario,Asfalto,No existe,II,S/D,Urbana,Ninguna,No existe,Intersección,Bueno,Buena,Diurna,Buen Tiempo,Lateral,S/D,Colisión,Ninguna,Faltante,Cordón divisorio,Sin restricción,"-33.008805555556,-60.644666666667","['Avenida Battle y Ordoñez', 'Buenos Aires']",2,,-33.008805555556,-60.644666666667,55.0,538.0,Municipio Rosario,Municipio,Rosario,820210,Servicio de Catastro e Información Territorial,IGN
2018,2003,2018-06-24,Domingo,0.0,06:15:00,,0.0,2,"Moto/Ciclomotor,Automóvil",Bv. Avellaneda Y Av. Uriburu,3,2,0,0,1,0,0,"-32.991888888889,-60.689333333333",Avenida,,ROSARIO,Rosario,Asfalto,No existe,II,Dentro,Urbana,Semáforo,Funciona,Intersección,Bueno,Buena,Nocturna,Buen Tiempo,Lateral,S/D,Colisión,Ninguna,Faltante,Cordón divisorio,Sin restricción,"-32.991888888889,-60.689333333333","['Avellaneda', 'Uriburu']",2,,-32.991888888889,-60.689333333333,55.0,538.0,Municipio Rosario,Municipio,Rosario,820210,Servicio de Catastro e Información Territorial,IGN
2018,2005,2018-05-20,Domingo,0.0,21:30:00,,0.0,2,"Moto/Ciclomotor,Automóvil",San Martin Y Centeno,2,1,0,0,1,0,0,"-32.985194444444,-60.645638888889",Calle,,ROSARIO,Rosario,Asfalto,No existe,II,Dentro,Urbana,Ninguna,No existe,Intersección,Bueno,Buena,Nocturna,Buen Tiempo,Lateral,S/D,Colisión,Ninguna,Faltante,Ninguna,Sin restricción,"-32.985194444444,-60.645638888889","['San Martin', 'Centeno']",2,,-32.985194444444,-60.645638888889,55.0,538.0,Municipio Rosario,Municipio,Rosario,820210,Servicio de Catastro e Información Territorial,IGN
2018,2007,2018-05-16,Miercoles,0.0,18:35:00,,0.0,2,"Moto/Ciclomotor,Pickup/Utilitario",24 De Setiembre Y Bv. Oro?o,2,1,0,0,1,0,0,"-32.977472222222,-60.661972222222",Calle,,ROSARIO,Rosario,Asfalto,No existe,II,S/D,Urbana,Ninguna,No existe,Intersección,Bueno,Buena,Atardecer,Buen Tiempo,Lateral,S/D,Colisión,Ninguna,Faltante,Ninguna,Sin restricción,"-32.977472222222,-60.661972222222","['24 de Septiembre', 'Bulevar Nicasio Oroño']",2,,-32.977472222222,-60.661972222222,55.0,538.0,Municipio Rosario,Municipio,Rosario,820210,Servicio de Catastro e Información Territorial,IGN
2018,2010,2018-05-21,Lunes,0.0,12:35:00,,0.0,2,"Moto/Ciclomotor,Automóvil",Bv. Segui Y Pueyrredon,2,1,0,0,1,0,0,"-32.975611111111,-60.665611111111",Calle,,ROSARIO,Rosario,Asfalto,No existe,II,Dentro,Urbana,Ninguna,No existe,Intersección,Bueno,Buena,Diurna,Buen Tiempo,Lateral,S/D,Colisión,Ninguna,Faltante,Línea divisoria pintada,Sin restricción,"-32.975611111111,-60.665611111111","['Bulevar Juan Francisco Seguí', 'Pueyrredón']",2,,-32.975611111111,-60.665611111111,55.0,538.0,Municipio Rosario,Municipio,Rosario,820210,Servicio de Catastro e Información Territorial,IGN
2018,2011,2018-06-26,Martes,0.0,17:05:00,,0.0,2,"Moto/Ciclomotor,Automóvil",Av. Ovidio Lagos Y Centeno,3,1,0,0,2,0,0,"-32.98075,-60.670638888889",S/D,,ROSARIO,Rosario,Asfalto,No existe,II,Dentro,Urbana,Ninguna,No existe,Intersección,Bueno,Buena,Atardecer,Buen Tiempo,Lateral,S/D,Colisión,Ninguna,Faltante,Cordón divisorio,Desvío Provisorio,"-32.98075,-60.670638888889","['Avenida Ovidio Lagos', 'Centeno']",2,,-32.98075,-60.670638888889,55.0,538.0,Municipio Rosario,Municipio,Rosario,820210,Servicio de Catastro e Información Territorial,IGN
2018,2015,2018-06-26,Martes,0.0,19:00:00,,0.0,2,"Moto/Ciclomotor,Automóvil",Av. Francia Y Acevedo Bis,3,2,0,0,1,0,0,"-32.98419, -60.67687",Avenida,,ROSARIO,Rosario,Asfalto,No existe,II,Dentro,Urbana,Semáforo,Funciona,Intersección,Bueno,Buena,Nocturna,Buen Tiempo,Lateral,S/D,Colisión,Ninguna,Faltante,Cordón divisorio,Sin restricción,"-32.98419, -60.67687","['Avenida Francia', 'Acevedo']",2,,-32.98419,-60.67687,55.0,538.0,Municipio Rosario,Municipio,Rosario,820210,Servicio de Catastro e Información Territorial,IGN
2018,2028,2018-05-05,Sabado,0.0,23:15:00,,0.0,2,"Bicicleta,Moto/Ciclomotor",Khantuta 1300,2,1,1,0,0,0,0,"-33.01199, -60.65141",Calle,,ROSARIO,Rosario,Asfalto,No existe,II,S/D,Urbana,Ninguna,No existe,Recta,Bueno,Buena,Con luz artificial,Buen Tiempo,Lateral,Ciclista,Atropello,Ninguna,Faltante,Ninguna,Sin restricción,"-33.01199, -60.65141",['Khantuta 1300'],1,,-33.01199,-60.65141,55.0,538.0,Municipio Rosario,Municipio,Rosario,820210,Servicio de Catastro e Información Territorial,IGN
2018,2029,2018-05-12,Sabado,0.0,20:10:00,,0.0,2,"Automóvil,Moto/Ciclomotor",San Martin Y Pje. Gral.Savio,2,1,0,0,1,0,0,"-32.996422311851, -60.648078655940",Avenida,,ROSARIO,Rosario,Asfalto,No existe,II,S/D,Urbana,Ninguna,No existe,Intersección,Bueno,Buena,Nocturna,Buen Tiempo,Lateral,S/D,Colisión,Ninguna,Faltante,Cordón divisorio,Sin restricción,"-32.996422311851, -60.648078655940","['San Martin', 'Savio']",2,,-32.996422311851,-60.64807865594,55.0,538.0,Municipio Rosario,Municipio,Rosario,820210,Servicio de Catastro e Información Territorial,IGN
2018,2030,2018-05-14,Lunes,0.0,17:50:00,,0.0,2,"Automóvil,Bicicleta",Av. Uriburu Y Mitre,2,1,0,0,1,0,0,"-32.990857254656, -60.650796598634",Avenida,,ROSARIO,Rosario,Asfalto,No existe,II,S/D,Urbana,Ninguna,No existe,Intersección,Bueno,S/D,Diurna,Buen Tiempo,Lateral,Ciclista,Atropello,Ninguna,Faltante,Ninguna,Sin restricción,"-32.990857254656, -60.650796598634","['Uriburu', 'Mitre']",2,,-32.990857254656,-60.650796598634,55.0,538.0,Municipio Rosario,Municipio,Rosario,820210,Servicio de Catastro e Información Territorial,IGN
2018,2031,2018-05-11,Viernes,0.0,17:00:00,,0.0,2,"Moto/Ciclomotor,Pickup/Utilitario",Santa Fe Y Castellanos,2,0,1,0,1,0,0,"-32.938422876503, -60.674731126236",Calle,,ROSARIO,Rosario,Asfalto,S/D,II,S/D,Urbana,Ninguna,Funciona,Intersección,Bueno,Buena,Diurna,Buen Tiempo,Otro,S/D,Colisión,Otro,S/D,Ninguna,Sin restricción,"-32.938422876503, -60.674731126236","['Santa Fe', 'Aaron Castellanos']",2,,-32.938422876503,-60.674731126236,55.0,538.0,Municipio Rosario,Municipio,Rosario,820210,Servicio de Catastro e Información Territorial,IGN
2018,2033,2018-06-13,Miercoles,0.0,19:00:00,,0.0,2,"Automóvil,Moto/Ciclomotor",Av. Francia Y Av. Ntra.Sra.del Rosario,2,1,0,0,1,0,0,"-33.00094, -60.67776",Avenida,,ROSARIO,Rosario,Asfalto,No existe,II,Dentro,Urbana,Ninguna,No existe,Intersección,Bueno,Buena,Atardecer,Buen Tiempo,Otro,S/D,Colisión,Ninguna,Faltante,Ninguna,Sin restricción,"-33.00094, -60.67776","['Avenida Francia', 'Nuestra Señora del Rosario']",2,,-33.00094,-60.67776,55.0,538.0,Municipio Rosario,Municipio,Rosario,820210,Servicio de Catastro e Información Territorial,IGN
2018,2034,2018-05-13,Domingo,0.0,19:00:00,,0.0,2,"Automóvil,Moto/Ciclomotor",Av. Provincias Unidas Y Gorriti,4,1,0,0,3,0,0,"-32.924400813284, -60.713357677541",Avenida,,ROSARIO,Rosario,S/D,Pavimento,II,Dentro,Urbana,Ninguna,S/D,Intersección,Otro,Buena,Atardecer,Buen Tiempo,Lateral,S/D,Colisión,Otro,Vertical,Ninguna,Sin restricción,"-32.924400813284, -60.713357677541","['Avenida Provincias Unidas', 'Gorriti']",2,,-32.924400813284,-60.713357677541,55.0,538.0,Municipio Rosario,Municipio,Rosario,820210,Servicio de Catastro e Información Territorial,IGN
2018,2038,2018-06-14,Jueves,0.0,22:10:00,,0.0,2,"Taxi/Remis,Moto/Ciclomotor",Balcarce Y Cazadores,2,1,0,0,1,0,0,"-33.00446, -60.66327",Calle,,ROSARIO,Rosario,Asfalto,No existe,II,Dentro,Urbana,Ninguna,No existe,Intersección,Bueno,Buena,Nocturna,Buen Tiempo,Otro,S/D,Colisión,Ninguna,Faltante,Ninguna,Sin restricción,"-33.00446, -60.66327","['Balcarce', 'Cazadores']",2,,-33.00446,-60.66327,55.0,538.0,Municipio Rosario,Municipio,Rosario,820210,Servicio de Catastro e Información Territorial,IGN
2018,2041,2018-05-24,Jueves,0.0,22:00:00,,0.0,2,"Pickup/Utilitario,Moto/Ciclomotor",Jose Ingenieros Y J.Colombres,3,0,2,0,1,0,0,"-32.9176, -60.73036",Calle,,ROSARIO,Rosario,Asfalto,S/D,II,Dentro,Urbana,Otra Señal,S/D,Recta,Otro,S/D,Nocturna,Otro,Lateral,S/D,Colisión,Otro,S/D,Ninguna,Sin restricción,"-32.9176, -60.73036","['José Ingenieros', 'José Colombres']",2,,-32.9176,-60.73036,55.0,538.0,Municipio Rosario,Municipio,Rosario,820210,Servicio de Catastro e Información Territorial,IGN
2018,2044,2018-05-24,Jueves,0.0,22:30:00,,0.0,2,"Moto/Ciclomotor,Automóvil",J.J.Paso Y Acevedo Bis,3,2,0,0,1,0,0,"-32.92123, -60.74909",Avenida,,ROSARIO,Rosario,Asfalto,Pavimento,II,S/D,Urbana,Ninguna,Funciona,Recta,Otro,Reducida,Nocturna,Otro,De alcance,S/D,Despiste,Otro,Vertical,Ninguna,Sin restricción,"-32.92123, -60.74909","['Paso', 'Acevedo']",2,,-32.92123,-60.74909,55.0,538.0,Municipio Rosario,Municipio,Rosario,820210,Servicio de Catastro e Información Territorial,IGN
2018,2045,2018-06-03,Domingo,0.0,14:20:00,,0.0,2,"Moto/Ciclomotor,Automóvil",Av. 2126 Y Camino Nuevo Soldini,3,2,0,0,1,0,0,"-33.02127, -60.68917",Calle,,ROSARIO,Rosario,S/D,No existe,II,Dentro,Urbana,Ninguna,No existe,Intersección,Bueno,Buena,Diurna,Buen Tiempo,Frontal,S/D,Colisión,Ninguna,Faltante,Ninguna,Sin restricción,"-33.02127, -60.68917","['Avellaneda', 'Camino Nuevo a Soldini']",2,,-33.02127,-60.68917,55.0,538.0,Municipio Rosario,Municipio,Rosario,820210,Servicio de Catastro e Información Territorial,IGN
2018,2046,2018-05-25,Viernes,0.0,21:50:00,,0.0,2,"Moto/Ciclomotor,Moto/Ciclomotor",Tarragona Y Av. Genova,3,2,0,0,1,0,0,"-32.91665, -60.73516",Calle,,ROSARIO,Rosario,Asfalto,S/D,II,Dentro,Urbana,Ninguna,S/D,Recta,Otro,Reducida,Nocturna,Otro,Lateral,S/D,Colisión,Otro,Vertical,Ninguna,Sin restricción,"-32.91665, -60.73516","['Tarragona', 'Genova']",2,,-32.91665,-60.73516,55.0,538.0,Municipio Rosario,Municipio,Rosario,820210,Servicio de Catastro e Información Territorial,IGN
2018,2048,2018-06-19,Martes,0.0,19:40:00,,0.0,2,"Moto/Ciclomotor,Moto/Ciclomotor",Bv. Oro?o Y Av. Ntra.Sra.del Rosario,2,1,0,0,1,0,0,"-33.00055, -60.66496",Avenida,,ROSARIO,Rosario,Asfalto,No existe,II,Dentro,Urbana,Semáforo,Funciona,Intersección,Bueno,Buena,Atardecer,Buen Tiempo,Otro,S/D,Colisión,Ninguna,Vertical,Ninguna,Sin restricción,"-33.00055, -60.66496","['Bulevar Nicasio Oroño', 'Nuestra Señora del Rosario']",2,,-33.00055,-60.66496,55.0,538.0,Municipio Rosario,Municipio,Rosario,820210,Servicio de Catastro e Información Territorial,IGN
2018,2049,2018-05-26,Sabado,0.0,20:30:00,,0.0,2,"Automóvil,Moto/Ciclomotor",Sarratea Bis Y Bv. Argentino,7,4,0,0,3,0,0,"-32.924510380942, -60.741224282641",Avenida,,ROSARIO,Rosario,Asfalto,S/D,II,Dentro,Urbana,Ninguna,S/D,Recta,Otro,Buena,Atardecer,Otro,Lateral,S/D,Colisión,Otro,Vertical,Ninguna,Sin restricción,"-32.924510380942, -60.741224282641","['Sarratea', 'Argentino']",2,,-32.924510380942,-60.741224282641,55.0,538.0,Municipio Rosario,Municipio,Rosario,820210,Servicio de Catastro e Información Territorial,IGN
2018,2053,2018-05-19,Sabado,0.0,06:50:00,,0.0,2,"Peatón,Taxi/Remis",Jujuy Y Suipacha,2,1,0,0,1,0,0,"-32.93362, -60.66216",Calle,,ROSARIO,Rosario,Asfalto,No existe,II,S/D,Urbana,Ninguna,No existe,Recta,Bueno,Buena,Amanecer,Buen Tiempo,S/D,Peatón,Atropello,Ninguna,S/D,Ninguna,Sin restricción,"-32.93362, -60.66216","['Jujuy', 'Suipacha']",2,,-32.93362,-60.66216,55.0,538.0,Municipio Rosario,Municipio,Rosario,820210,Servicio de Catastro e Información Territorial,IGN
2018,2055,2018-06-18,Lunes,0.0,07:45:00,,0.0,2,"Moto/Ciclomotor,Automóvil",Av. Arijon 2700,2,1,0,0,1,0,0,"-33.00374, -60.67277",Avenida,,ROSARIO,Rosario,Asfalto,No existe,II,S/D,Urbana,Ninguna,No existe,Recta,Bueno,Buena,Amanecer,Buen Tiempo,Otro,S/D,Colisión,Ninguna,Faltante,Ninguna,Sin restricción,"-33.00374, -60.67277",['Arijon 2700'],1,,-33.00374,-60.67277,55.0,538.0,Municipio Rosario,Municipio,Rosario,820210,Servicio de Catastro e Información Territorial,IGN
2018,2056,2018-05-24,Jueves,0.0,18:00:00,,0.0,2,"Bicicleta,Moto/Ciclomotor",Dr.G.Colombres Y Schweitzer,2,1,0,0,1,0,0,"-32.913651926999, -60.730528380743",Calle,,ROSARIO,Rosario,Asfalto,No existe,II,S/D,Urbana,Ninguna,No existe,Intersección,Bueno,Buena,Atardecer,Buen Tiempo,S/D,Ciclista,Atropello,Ninguna,Faltante,Ninguna,Sin restricción,"-32.913651926999, -60.730528380743","['Doctor G. Colombres', 'Albert Schweitzer']",2,,-32.913651926999,-60.730528380743,55.0,538.0,Municipio Rosario,Municipio,Rosario,820210,Servicio de Catastro e Información Territorial,IGN
2018,2058,2018-06-04,Lunes,0.0,16:35:00,,0.0,2,"Moto/Ciclomotor,Automóvil",Av. Francia Y Hilarion de la Quintana,2,1,0,0,1,0,0,"-33.00174, -60.67776",Avenida,,ROSARIO,Rosario,Asfalto,No existe,II,Dentro,Urbana,Ninguna,No existe,Intersección,Bueno,Buena,Diurna,Buen Tiempo,Otro,S/D,Colisión,Ninguna,Faltante,Ninguna,Sin restricción,"-33.00174, -60.67776","['Avenida Francia', 'Hilarión de la Quintana']",2,,-33.00174,-60.67776,55.0,538.0,Municipio Rosario,Municipio,Rosario,820210,Servicio de Catastro e Información Territorial,IGN
2018,2059,2018-05-23,Miercoles,0.0,18:30:00,,0.0,2,"Automóvil,Automóvil",Av. Jorge Newbery Y Donado,4,3,0,0,1,0,0,"-32.908349884445, -60.728444275448",Avenida,,ROSARIO,Rosario,Asfalto,Natural,II,S/D,Urbana,Ninguna,No existe,S/D,Bueno,Buena,Atardecer,Buen Tiempo,S/D,S/D,Colisión,Ninguna,Faltante,Ninguna,Sin restricción,"-32.908349884445, -60.728444275448","['Jorge Newbery', 'Donado']",2,,-32.908349884445,-60.728444275448,55.0,538.0,Municipio Rosario,Municipio,Rosario,820210,Servicio de Catastro e Información Territorial,IGN
2018,2061,2018-06-14,Jueves,0.0,12:50:00,,0.0,2,"Pickup/Utilitario,Moto/Ciclomotor",Bv. Oro?o Y J.M.Gutierrez,2,1,0,0,1,0,0,"-32.99448, -60.6651",Calle,,ROSARIO,Rosario,Asfalto,No existe,II,S/D,Urbana,Semáforo,Funciona,Intersección,Bueno,Buena,Diurna,Buen Tiempo,Otro,S/D,Colisión,Ninguna,Vertical,Ninguna,Sin restricción,"-32.99448, -60.6651","['Bulevar Nicasio Oroño', 'Gutierrez']",2,,-32.99448,-60.6651,55.0,538.0,Municipio Rosario,Municipio,Rosario,820210,Servicio de Catastro e Información Territorial,IGN
2018,2062,2018-05-23,Miercoles,0.0,20:15:00,,0.0,2,"Automóvil,Moto/Ciclomotor",J.B.Justo Y Sarratea Bis,3,1,0,0,2,0,0,"-32.915666561938, -60.741613617406",Calle,,ROSARIO,Rosario,Asfalto,No existe,II,S/D,Urbana,S/D,No existe,Intersección,Bueno,Buena,Nocturna,Buen Tiempo,Otro,S/D,Colisión,Ninguna,Horizontal,Cordón divisorio,Sin restricción,"-32.915666561938, -60.741613617406","['Justo', 'Sarratea']",2,,-32.915666561938,-60.741613617406,55.0,538.0,Municipio Rosario,Municipio,Rosario,820210,Servicio de Catastro e Información Territorial,IGN
2018,2063,2018-06-10,Domingo,0.0,17:20:00,,0.0,1,Automóvil,Bv. Oro?o Y Av. Battle y Ordo?ez,4,2,0,0,2,0,0,"-33.00944, -60.66464",Avenida,,ROSARIO,Rosario,Asfalto,No existe,II,Dentro,Urbana,Semáforo,Funciona,Intersección,Bueno,Buena,S/D,Buen Tiempo,Lateral,S/D,Colisión,Ninguna,Vertical,Ninguna,Sin restricción,"-33.00944, -60.66464","['Bulevar Nicasio Oroño', 'Avenida Battle y Ordoñez']",2,,-33.00944,-60.66464,55.0,538.0,Municipio Rosario,Municipio,Rosario,820210,Servicio de Catastro e Información Territorial,IGN
2018,2065,2018-05-21,Lunes,0.0,19:30:00,,0.0,2,"Moto/Ciclomotor,Pickup/Utilitario",Schweitzer Y Donado Bis,2,1,0,0,1,0,0,"-32.913536016130, -60.728181862313",Calle,,ROSARIO,Rosario,Asfalto,S/D,II,S/D,Urbana,S/D,No existe,Intersección,Bueno,Buena,Diurna,Buen Tiempo,Lateral,S/D,Colisión,Ninguna,S/D,S/D,Sin restricción,"-32.913536016130, -60.728181862313","['Albert Schweitzer', 'Donado']",2,,-32.91353601613,-60.728181862313,55.0,538.0,Municipio Rosario,Municipio,Rosario,820210,Servicio de Catastro e Información Territorial,IGN
2018,2067,2018-05-11,Viernes,0.0,17:40:00,,0.0,2,"Moto/Ciclomotor,Automóvil",J.B.Justo Y Gonzalez del Solar,2,1,0,0,1,0,0,"-32.915551605251, -60.737550027711",Calle,,ROSARIO,Rosario,Asfalto,No existe,II,S/D,Urbana,Ninguna,No existe,Intersección,Bueno,Buena,Diurna,Buen Tiempo,Lateral,S/D,Colisión,Ninguna,S/D,Ninguna,Sin restricción,"-32.915551605251, -60.737550027711","['Justo', 'González del Solar']",2,,-32.915551605251,-60.737550027711,55.0,538.0,Municipio Rosario,Municipio,Rosario,820210,Servicio de Catastro e Información Territorial,IGN
2018,2068,2018-05-07,Lunes,0.0,11:15:00,,0.0,2,"Automóvil,Peatón",Tarragona Y Martinez Estrada,2,1,0,0,1,0,0,"-32.911265197751, -60.735336086019",Calle,,ROSARIO,Rosario,Asfalto,No existe,II,S/D,Urbana,Ninguna,No existe,Cruce,Bueno,Buena,Diurna,Buen Tiempo,Otro,Peatón,Atropello,Ninguna,Faltante,Ninguna,Sin restricción,"-32.911265197751, -60.735336086019","['Tarragona', 'Martinez Estrada']",2,,-32.911265197751,-60.735336086019,55.0,538.0,Municipio Rosario,Municipio,Rosario,820210,Servicio de Catastro e Información Territorial,IGN
2018,2070,2018-06-03,Domingo,0.0,05:45:00,,0.0,1,Moto/Ciclomotor,Av. Arijon Y Mariano Moreno,1,1,0,0,0,0,0,"-33.00342, -60.66191",Avenida,,ROSARIO,Rosario,Asfalto,No existe,II,Dentro,Urbana,Semáforo,Funciona,Intersección,Bueno,Buena,Amanecer,Buen Tiempo,Otro,S/D,Atropello,Ninguna,Vertical,Ninguna,Sin restricción,"-33.00342, -60.66191","['Avenida Manuel Arijón', 'Mariano Moreno']",2,,-33.00342,-60.66191,55.0,538.0,Municipio Rosario,Municipio,Rosario,820210,Servicio de Catastro e Información Territorial,IGN
2018,2071,2018-06-25,Lunes,0.0,00:15:00,,0.0,2,"Automóvil,Moto/Ciclomotor",Lamadrid Y Pueyrredon,2,1,0,0,1,0,0,"-32.997722222222,-60.669333333333",Calle,,ROSARIO,Rosario,Asfalto,No existe,II,Dentro,Urbana,Ninguna,No existe,Intersección,Bueno,Buena,Nocturna,Buen Tiempo,Otro,S/D,Colisión,Ninguna,Faltante,Ninguna,Sin restricción,"-32.997722222222,-60.669333333333","['Lamadrid', 'Pueyrredón']",2,,-32.997722222222,-60.669333333333,55.0,538.0,Municipio Rosario,Municipio,Rosario,820210,Servicio de Catastro e Información Territorial,IGN
2018,2072,2018-05-20,Domingo,0.0,19:30:00,,0.0,1,Moto/Ciclomotor,Santa Coloma 8000,1,0,1,0,0,0,0,"-32.90541, -60.75978",Calle,,ROSARIO,Rosario,Asfalto,S/D,II,S/D,Urbana,Ninguna,No existe,Recta,Bueno,Buena,Diurna,Buen Tiempo,S/D,S/D,Otro,Ninguna,Faltante,Ninguna,Sin restricción,"-32.90541, -60.75978",['Santa Coloma 8000'],1,,-32.90541,-60.75978,55.0,538.0,Municipio Rosario,Municipio,Rosario,820210,Servicio de Catastro e Información Territorial,IGN
2018,2073,2018-06-10,Domingo,0.0,19:30:00,,0.0,2,"Moto/Ciclomotor,Moto/Ciclomotor",Copacabana Y Biarritz,2,1,0,0,1,0,0,"-33.02825,-60.684305555556",Calle,,ROSARIO,Rosario,Asfalto,No existe,II,Dentro,Urbana,Ninguna,No existe,Intersección,Bueno,Buena,Nocturna,Buen Tiempo,Lateral,S/D,Colisión,Ninguna,Faltante,Ninguna,Sin restricción,"-33.02825,-60.684305555556","['Copacabana', 'Biarritz']",2,,-33.02825,-60.684305555556,55.0,538.0,Municipio Rosario,Municipio,Rosario,820210,Servicio de Catastro e Información Territorial,IGN
2018,2075,2018-05-02,Miercoles,0.0,14:00:00,,0.0,2,"Moto/Ciclomotor,Automóvil",Albarracin Y Gonzalez del Solar,3,0,1,0,2,0,0,"-32.929944444444,-60.736805555556",Calle,,ROSARIO,Rosario,Asfalto,S/D,II,Dentro,Urbana,Otra Señal,S/D,Recta,Bueno,Reducida,Diurna,Otro,De alcance,S/D,Colisión,Otro,S/D,Ninguna,Sin restricción,"-32.929944444444,-60.736805555556","['Albarracín', 'González del Solar']",2,,-32.929944444444,-60.736805555556,55.0,538.0,Municipio Rosario,Municipio,Rosario,820210,Servicio de Catastro e Información Territorial,IGN
2018,2076,2018-05-04,Viernes,0.0,15:50:00,,0.0,2,"Moto/Ciclomotor,Bicicleta",Av. Eva Peron Y Bv. Wilde,2,0,1,0,1,0,0,"-32.928416666667,-60.738972222222",Avenida,,ROSARIO,Rosario,Asfalto,Pavimento,II,Dentro,Urbana,Semáforo,S/D,Curva,Otro,Buena,Diurna,Otro,Lateral,Ciclista,Atropello,Otro,Vertical,Cordón divisorio,Sin restricción,"-32.928416666667,-60.738972222222","['Avenida Eva Perón', 'Bulevar Wilde']",2,,-32.928416666667,-60.738972222222,55.0,538.0,Municipio Rosario,Municipio,Rosario,820210,Servicio de Catastro e Información Territorial,IGN
2018,2077,2018-06-16,Sabado,0.0,18:30:00,,0.0,2,"Moto/Ciclomotor,Automóvil",La Paz Y Paraguay,2,1,0,0,1,0,0,"-32.963166666667,-60.648194444444",Calle,,ROSARIO,Rosario,Asfalto,No existe,II,Dentro,Urbana,Ninguna,No existe,Intersección,Bueno,Buena,Diurna,Buen Tiempo,Lateral,S/D,Colisión,Ninguna,Faltante,Ninguna,Sin restricción,"-32.963166666667,-60.648194444444","['La Paz', 'Paraguay']",2,,-32.963166666667,-60.648194444444,55.0,538.0,Municipio Rosario,Municipio,Rosario,820210,Servicio de Catastro e Información Territorial,IGN
2018,2080,2018-05-04,Viernes,0.0,18:25:00,,0.0,2,"Pickup/Utilitario,Pickup/Utilitario",Bv. Argentino Y Tarragona,3,2,0,0,1,0,0,"-32.924361111111,-60.734666666667",Calle,,ROSARIO,Rosario,Asfalto,S/D,II,Dentro,Urbana,Otra Señal,S/D,Recta,Bueno,Buena,Diurna,Otro,Lateral,S/D,Colisión,Otro,Horizontal,Ninguna,Sin restricción,"-32.924361111111,-60.734666666667","['Argentino', 'Tarragona']",2,,-32.924361111111,-60.734666666667,55.0,538.0,Municipio Rosario,Municipio,Rosario,820210,Servicio de Catastro e Información Territorial,IGN
2018,2081,2018-05-05,Sabado,0.0,20:40:00,,0.0,2,"Moto/Ciclomotor,Automóvil",Sarratea Bis Y Pje. Homero,2,1,0,0,1,0,0,"-32.920166666667,-60.741388888889",Calle,,ROSARIO,Rosario,Asfalto,No existe,II,Dentro,Urbana,Ninguna,No existe,Recta,Bueno,Buena,Nocturna,Otro,Lateral,S/D,Colisión,Otro,Faltante,Ninguna,Sin restricción,"-32.920166666667,-60.741388888889","['Sarratea', 'Homero']",2,,-32.920166666667,-60.741388888889,55.0,538.0,Municipio Rosario,Municipio,Rosario,820210,Servicio de Catastro e Información Territorial,IGN
2018,2082,2018-06-16,Sabado,0.0,14:30:00,,0.0,2,"Automóvil,Automóvil",Mariano Moreno Y Bv. 27 De Febrero,5,1,0,0,4,0,0,"-32.965527777778,-60.655972222222",Calle,,ROSARIO,Rosario,Asfalto,No existe,II,Dentro,Urbana,Semáforo,Funciona,Recta,Bueno,Buena,Diurna,Buen Tiempo,De alcance,S/D,Colisión,Ninguna,Vertical,Cordón divisorio,Sin restricción,"-32.965527777778,-60.655972222222","['Mariano Moreno', '27 de Febrero']",2,,-32.965527777778,-60.655972222222,55.0,538.0,Municipio Rosario,Municipio,Rosario,820210,Servicio de Catastro e Información Territorial,IGN