anio_acci,nro_acci,fecha,desc_dia,fecha_aprox,hora_aprox,desc_ruta,km,cant_participantes,desc_participante,calle_avenida_km,total,heridos_leves,heridos_graves,heridos_gravisimos,ilesos,fallecidos,sin_datos,posicion_XY,desc_tipo_via,desc_ruta_ori,desc_loc,desc_dpto,desc_tipo_calzada,desc_tipo_banquina,desc_unidad_regional,desc_lugar_calzada,desc_zona,desc_prioridad,desc_estado_semaforo,desc_lugar_via,desc_estado_via,desc_estado_visibilidad,desc_luminosidad,desc_estado_clima,desc_tipo_colision,desc_tipo_atropello,desc_tipo_hecho,desc_pres_calzada,desc_senializacion,desc_separacion_via,desc_restriccion,forma_geocod,calle_lista,numero_calles,calles_osm,lat,lon,index_right,gid,fna,gna,nam,in1,fdc,sag
2018,2085,2018-05-17,Jueves,0.0,,,0.0,2,"Automóvil,Bicicleta",Almafuerte Y Albert Sabin,2,1,0,0,1,0,0,"-32.91746, -60.68998",Avenida,,ROSARIO,Rosario,Asfalto,Pavimento,II,Dentro,Urbana,Semáforo,Funciona,Intersección,Bueno,Buena,Diurna,Buen Tiempo,S/D,Ciclista,Atropello,Ninguna,Vertical,Cordón divisorio,Sin restricción,"-32.91746, -60.68998","['Almafuerte', 'Avenida Travesía Albert Sabin']",2,,-32.91746,-60.68998,55.0,538.0,Municipio Rosario,Municipio,Rosario,820210,Servicio de Catastro e Información Territorial,IGN
2018,2087,2018-06-16,Sabado,0.0,14:15:00,,0.0,2,"Moto/Ciclomotor,Taxi/Remis",Riobamba Y 1 de Mayo,3,2,0,0,1,0,0,"-32.964527777778,-60.633861111111",Calle,,ROSARIO,Rosario,Asfalto,No existe,II,Dentro,Urbana,Ninguna,No existe,Intersección,Bueno,Buena,Diurna,Buen Tiempo,Lateral,S/D,Colisión,Ninguna,Faltante,Ninguna,Sin restricción,"-32.964527777778,-60.633861111111","['Riobamba', 'Primero de Mayo']",2,,-32.964527777778,-60.633861111111,55.0,538.0,Municipio Rosario,Municipio,Rosario,820210,Servicio de Catastro e Información Territorial,IGN
2018,2089,2018-06-16,Sabado,0.0,01:00:00,,0.0,2,"Automóvil,Automóvil",Cochabamba Y Espa?a,2,1,0,0,1,0,0,"-32.956916666667,-60.649527777778",Calle,,ROSARIO,Rosario,Asfalto,No existe,II,Dentro,Urbana,Ninguna,No existe,Recta,Bueno,Buena,"Nocturna,Con luz artificial",Buen Tiempo,De alcance,S/D,Colisión,Ninguna,Faltante,Ninguna,Sin restricción,"-32.956916666667,-60.649527777778","['Cochabamba', 'España']",2,,-32.956916666667,-60.649527777778,55.0,538.0,Municipio Rosario,Municipio,Rosario,820210,Servicio de Catastro e Información Territorial,IGN
2018,2148,2018-05-30,Miercoles,0.0,21:20:00,,0.0,2,"Moto/Ciclomotor,Automóvil",Av. Genova Y Mariano Cabal Bis,3,1,1,0,1,0,0,"-32.915694444444,-60.702777777778",Avenida,,ROSARIO,Rosario,Asfalto,No existe,II,Dentro,Urbana,Ninguna,S/D,Intersección,Bueno,Buena,Con luz artificial,S/D,Frontal,S/D,Colisión,Ninguna,Faltante,Ninguna,Sin restricción,"-32.915694444444,-60.702777777778","['Genova', 'Mariano Cabal']",2,,-32.915694444444,-60.702777777778,55.0,538.0,Municipio Rosario,Municipio,Rosario,820210,Servicio de Catastro e Información Territorial,IGN
2018,2149,2018-05-23,Miercoles,0.0,23:10:00,,0.0,2,"Moto/Ciclomotor,Taxi/Remis",J.M.de Rosas Y Bv. Segui,2,1,0,0,1,0,0,"-32.980416666667,-60.639527777778",Calle,,ROSARIO,Rosario,Asfalto,No existe,II,S/D,Urbana,Ninguna,No existe,Intersección,Bueno,Buena,Nocturna,Buen Tiempo,Lateral,S/D,Colisión,Ninguna,Horizontal,Ninguna,Sin restricción,"-32.980416666667,-60.639527777778","['De Rosas', 'Bulevar Juan Francisco Seguí']",2,,-32.980416666667,-60.639527777778,55.0,538.0,Municipio Rosario,Municipio,Rosario,820210,Servicio de Catastro e Información Territorial,IGN
2018,2150,2018-05-18,Viernes,0.0,07:25:00,,0.0,2,"Automóvil,Peatón",Buenos Aires 3800,2,1,0,0,1,0,0,"-32.982333333333,-60.641472222222",Calle,,ROSARIO,Rosario,Asfalto,No existe,II,S/D,Urbana,Ninguna,No existe,Intersección,Con baches,Buena,Amanecer,Buen Tiempo,S/D,Peatón,Atropello,Ninguna,Faltante,Ninguna,Sin restricción,"-32.982333333333,-60.641472222222",['Buenos Aires 3800'],1,,-32.982333333333,-60.641472222222,55.0,538.0,Municipio Rosario,Municipio,Rosario,820210,Servicio de Catastro e Información Territorial,IGN
2018,2151,2018-05-17,Jueves,0.0,19:10:00,,0.0,2,"Automóvil,Bicicleta",Colon Y Rueda,2,1,0,0,1,0,0,"-32.973305555556,-60.631722222222",Calle,,ROSARIO,Rosario,Asfalto,No existe,II,S/D,Urbana,Ninguna,No existe,Intersección,Bueno,Buena,Atardecer,Buen Tiempo,S/D,Ciclista,Atropello,Ninguna,Faltante,Ninguna,Sin restricción,"-32.973305555556,-60.631722222222","['Colon', 'Rueda']",2,,-32.973305555556,-60.631722222222,55.0,538.0,Municipio Rosario,Municipio,Rosario,820210,Servicio de Catastro e Información Territorial,IGN
2018,2153,2018-05-16,Miercoles,0.0,12:45:00,,0.0,2,"Automóvil,Automóvil",Ayacucho Y Saavedra,2,1,0,0,1,0,0,"-32.979833333333,-60.635305555556",Calle,,ROSARIO,Rosario,Asfalto,No existe,II,S/D,Urbana,Ninguna,No existe,Cruce,Bueno,Buena,Diurna,Buen Tiempo,De alcance,S/D,Colisión,Ninguna,Faltante,Ninguna,Sin restricción,"-32.979833333333,-60.635305555556","['Ayacucho', 'Saavedra']",2,,-32.979833333333,-60.635305555556,55.0,538.0,Municipio Rosario,Municipio,Rosario,820210,Servicio de Catastro e Información Territorial,IGN
2018,2154,2018-06-12,Martes,0.0,17:30:00,,0.0,2,"Automóvil,Automóvil",Ituzaingo Y Pte.Roca,2,2,0,0,0,0,0,"-32.959472222222,-60.648722222222",Calle,,ROSARIO,Rosario,Asfalto,No existe,II,Dentro,Urbana,Ninguna,No existe,Recta,Bueno,Buena,Atardecer,Buen Tiempo,De alcance,S/D,Colisión,Ninguna,Faltante,Ninguna,Sin restricción,"-32.959472222222,-60.648722222222","['Ituzaingó', 'Roca']",2,,-32.959472222222,-60.648722222222,55.0,538.0,Municipio Rosario,Municipio,Rosario,820210,Servicio de Catastro e Información Territorial,IGN
2018,2158,2018-05-16,Miercoles,0.0,07:45:00,,0.0,2,"Peatón,Automóvil",Amenabar Y Necochea,2,1,0,0,1,0,0,"-32.974666666667,-60.630666666667",Calle,,ROSARIO,Rosario,Asfalto,No existe,II,S/D,Urbana,Ninguna,No existe,Intersección,Bueno,Buena,Amanecer,Buen Tiempo,S/D,Peatón,Atropello,Ninguna,Horizontal,Ninguna,Sin restricción,"-32.974666666667,-60.630666666667","['Amenabar', 'Necochea']",2,,-32.974666666667,-60.630666666667,55.0,538.0,Municipio Rosario,Municipio,Rosario,820210,Servicio de Catastro e Información Territorial,IGN
2018,2159,2018-06-14,Jueves,0.0,16:30:00,,0.0,2,"Moto/Ciclomotor,Moto/Ciclomotor",Mitre Y GÁLVEZ,3,3,0,0,0,0,0,"-32.968527777778,-60.645138888889",Calle,,ROSARIO,Rosario,Asfalto,No existe,II,Dentro,Urbana,Ninguna,No existe,Intersección,Bueno,Buena,Diurna,Buen Tiempo,Lateral,S/D,Colisión,Ninguna,Faltante,Ninguna,Sin restricción,"-32.968527777778,-60.645138888889","['Mitre', 'Glave']",2,,-32.968527777778,-60.645138888889,55.0,538.0,Municipio Rosario,Municipio,Rosario,820210,Servicio de Catastro e Información Territorial,IGN
2018,2162,2018-05-16,Miercoles,0.0,06:45:00,,0.0,2,"Automóvil,Bicicleta",Bv. Segui Y Buenos Aires,2,1,0,0,1,0,0,"-32.980166666667,-60.640944444444",Calle,,ROSARIO,Rosario,Asfalto,No existe,II,S/D,Urbana,S/D,No existe,Intersección,Bueno,Buena,Amanecer,Buen Tiempo,Lateral,Ciclista,Atropello,Ninguna,Horizontal,Vegetación,Sin restricción,"-32.980166666667,-60.640944444444","['Bulevar Juan Francisco Seguí', 'Buenos Aires']",2,,-32.980166666667,-60.640944444444,55.0,538.0,Municipio Rosario,Municipio,Rosario,820210,Servicio de Catastro e Información Territorial,IGN
2018,2164,2018-05-14,Lunes,0.0,00:30:00,,0.0,2,"Automóvil,Moto/Ciclomotor",Grandoli 3800,2,1,0,0,1,0,0,"-32.887333333333,-60.739611111111",Calle,,ROSARIO,Rosario,Asfalto,No existe,II,S/D,Urbana,Ninguna,No existe,Intersección,Bueno,Buena,Nocturna,Lluvia,S/D,S/D,Colisión,Ninguna,Faltante,Ninguna,Sin restricción,"-32.887333333333,-60.739611111111",['Grandoli 3800'],1,,-32.887333333333,-60.739611111111,55.0,538.0,Municipio Rosario,Municipio,Rosario,820210,Servicio de Catastro e Información Territorial,IGN
2018,2165,2018-06-16,Sabado,0.0,04:00:00,,0.0,2,"Peatón,Moto/Ciclomotor",Av. Pellegrini Y Espa?a,2,1,0,0,1,0,0,"-32.955805555556,-60.64925",Avenida,,ROSARIO,Rosario,Asfalto,No existe,II,Dentro,Urbana,Semáforo,Funciona,Recta,Bueno,Buena,"Nocturna,Con luz artificial",Buen Tiempo,S/D,Peatón,Atropello,Ninguna,Vertical,Cordón divisorio,Sin restricción,"-32.955805555556,-60.64925","['Pellegrini', 'España']",2,,-32.955805555556,-60.64925,55.0,538.0,Municipio Rosario,Municipio,Rosario,820210,Servicio de Catastro e Información Territorial,IGN
2018,2168,2018-05-06,Domingo,0.0,12:40:00,,0.0,2,"Automóvil,Automóvil",Gaboto Y Colon,7,6,0,0,1,0,0,"-32.975583333333,-60.632305555556",Calle,,ROSARIO,Rosario,Asfalto,S/D,II,S/D,Urbana,S/D,No existe,Intersección,Deteriorada,Reducida p/ objetos,Amanecer,Lluvia,Lateral,S/D,Colisión,S/D,Faltante,Ninguna,Sin restricción,"-32.975583333333,-60.632305555556","['Gaboto', 'Colon']",2,,-32.975583333333,-60.632305555556,55.0,538.0,Municipio Rosario,Municipio,Rosario,820210,Servicio de Catastro e Información Territorial,IGN
2018,2169,2018-06-11,Lunes,0.0,20:10:00,,0.0,2,"Bicicleta,Moto/Ciclomotor",Bv. 27 De Febrero Y Av. Corrientes,2,2,0,0,0,0,0,"-32.966972222222,-60.647722222222",Avenida,,ROSARIO,Rosario,Asfalto,No existe,II,Dentro,Urbana,Semáforo,Funciona,Recta,Bueno,Buena,Nocturna,Buen Tiempo,Lateral,Ciclista,Atropello,Ninguna,Vertical,"Cordón divisorio,Línea divisoria pintada",Sin restricción,"-32.966972222222,-60.647722222222","['27 de Febrero', 'Corrientes']",2,,-32.966972222222,-60.647722222222,55.0,538.0,Municipio Rosario,Municipio,Rosario,820210,Servicio de Catastro e Información Territorial,IGN
2018,2170,2018-05-05,Sabado,0.0,17:50:00,,0.0,2,"Automóvil,Moto/Ciclomotor",Buenos Aires Y Dean Funes,2,1,0,0,1,0,0,"-32.976611111111,-60.640055555556",Calle,,ROSARIO,Rosario,Asfalto,S/D,II,S/D,Urbana,Señal Pare,No existe,Intersección,Bueno,Buena,Atardecer,Lluvia,Lateral,S/D,Colisión,Ninguna,Vertical,Ninguna,Sin restricción,"-32.976611111111,-60.640055555556","['Buenos Aires', 'Deán Gregorio Funes']",2,,-32.976611111111,-60.640055555556,55.0,538.0,Municipio Rosario,Municipio,Rosario,820210,Servicio de Catastro e Información Territorial,IGN
2018,2171,2018-06-15,Viernes,0.0,18:40:00,,0.0,2,"Transporte de Pasajeros (H/ 8 asientos),Moto/Ciclomotor",San Luis Y Av. Corrientes,2,0,1,0,1,0,0,"-32.948277777778,-60.643",Calle,,ROSARIO,Rosario,S/D,S/D,II,S/D,Urbana,S/D,S/D,Recta,S/D,S/D,S/D,S/D,S/D,S/D,Colisión,S/D,S/D,S/D,S/D,"-32.948277777778,-60.643","['San Luis', 'Corrientes']",2,,-32.948277777778,-60.643,55.0,538.0,Municipio Rosario,Municipio,Rosario,820210,Servicio de Catastro e Información Territorial,IGN
2018,2172,2018-05-01,Martes,0.0,14:55:00,,0.0,2,"Automóvil,Moto/Ciclomotor",Buenos Aires Y Centeno,2,1,0,0,1,0,0,"-32.985777777778,-60.642361111111",Calle,,ROSARIO,Rosario,Asfalto,No existe,II,S/D,Urbana,Ninguna,No existe,Intersección,Bueno,Buena,Diurna,Buen Tiempo,Lateral,S/D,Colisión,Ninguna,Faltante,Ninguna,Sin restricción,"-32.985777777778,-60.642361111111","['Buenos Aires', 'Centeno']",2,,-32.985777777778,-60.642361111111,55.0,538.0,Municipio Rosario,Municipio,Rosario,820210,Servicio de Catastro e Información Territorial,IGN
2018,2173,2018-06-10,Domingo,0.0,21:30:00,,0.0,2,"Moto/Ciclomotor,Automóvil",Bv. Oro?o Y Cochabamba,3,2,0,0,1,0,0,"-32.955722222222,-60.656444444444",Calle,,ROSARIO,Rosario,Asfalto,No existe,II,Dentro,Urbana,Señal Pare,No existe,Intersección,Bueno,Buena,"Nocturna,Con luz artificial",Buen Tiempo,Lateral,S/D,Colisión,Ninguna,Vertical,Ninguna,Sin restricción,"-32.955722222222,-60.656444444444","['Bulevar Nicasio Oroño', 'Cochabamba']",2,,-32.955722222222,-60.656444444444,55.0,538.0,Municipio Rosario,Municipio,Rosario,820210,Servicio de Catastro e Información Territorial,IGN
2018,2175,2018-05-16,Miercoles,0.0,18:45:00,,0.0,2,"Bicicleta,Automóvil",Juan Canals ,2,1,0,0,1,0,0,"-32.98779, -60.65811",Calle,,ROSARIO,Rosario,Asfalto,No existe,II,Dentro,Urbana,Ninguna,No existe,Intersección,Bueno,Buena,Diurna,Buen Tiempo,Otro,Ciclista,Atropello,Ninguna,Faltante,Ninguna,Sin restricción,"-32.98779, -60.65811",['Juan Canals'],1,,-32.98779,-60.65811,55.0,538.0,Municipio Rosario,Municipio,Rosario,820210,Servicio de Catastro e Información Territorial,IGN
2018,2176,2018-06-19,Martes,0.0,12:20:00,,0.0,2,"Vehículo Oficial,Automóvil",Bv. Oro?o Y Catamarca,2,1,0,0,1,0,0,"-32.937916666667,-60.651694444444",Calle,,ROSARIO,Rosario,S/D,S/D,II,S/D,Urbana,S/D,No funciona,Intersección,S/D,Buena,Diurna,Buen Tiempo,S/D,S/D,Colisión,S/D,S/D,S/D,S/D,"-32.937916666667,-60.651694444444","['Bulevar Nicasio Oroño', 'Catamarca']",2,,-32.937916666667,-60.651694444444,55.0,538.0,Municipio Rosario,Municipio,Rosario,820210,Servicio de Catastro e Información Territorial,IGN
2018,2177,2018-05-14,Lunes,0.0,17:50:00,,0.0,2,"Moto/Ciclomotor,Automóvil",Dorrego Y Juan Canals,2,1,0,0,1,0,0,"-32.987416666667,-60.660055555556",Calle,,ROSARIO,Rosario,Asfalto,No existe,II,Dentro,Urbana,Ninguna,No existe,Intersección,Bueno,Buena,Atardecer,Buen Tiempo,Lateral,S/D,Colisión,Ninguna,Faltante,Ninguna,Sin restricción,"-32.987416666667,-60.660055555556","['Dorrego', 'Juan Canals']",2,,-32.987416666667,-60.660055555556,55.0,538.0,Municipio Rosario,Municipio,Rosario,820210,Servicio de Catastro e Información Territorial,IGN
2018,2178,2018-06-26,Martes,0.0,19:45:00,,0.0,2,"Bicicleta,Taxi/Remis",Mariano Moreno Y Ituzaingo,2,1,0,0,1,0,0,"-32.958472222222,-60.654222222222",Calle,,ROSARIO,Rosario,Asfalto,No existe,II,Dentro,Urbana,Ninguna,No existe,Intersección,Bueno,Buena,Con luz artificial,Buen Tiempo,Lateral,Ciclista,Atropello,Ninguna,Faltante,Ninguna,Sin restricción,"-32.958472222222,-60.654222222222","['Mariano Moreno', 'Ituzaingó']",2,,-32.958472222222,-60.654222222222,55.0,538.0,Municipio Rosario,Municipio,Rosario,820210,Servicio de Catastro e Información Territorial,IGN
2018,2179,2018-05-16,Miercoles,0.0,07:25:00,,0.0,2,"Pickup/Utilitario,Bicicleta",San Martin Y Juan Canals,2,1,0,0,1,0,0,"-32.989833333333,-60.646611111111",Avenida,,ROSARIO,Rosario,Asfalto,No existe,II,S/D,Urbana,Ninguna,No existe,Intersección,Bueno,Buena,Diurna,Buen Tiempo,Lateral,S/D,Colisión,Ninguna,Faltante,Ninguna,Sin restricción,"-32.989833333333,-60.646611111111","['San Martin', 'Juan Canals']",2,,-32.989833333333,-60.646611111111,55.0,538.0,Municipio Rosario,Municipio,Rosario,820210,Servicio de Catastro e Información Territorial,IGN
2018,2180,2018-06-11,Lunes,0.0,,,0.0,2,"Moto/Ciclomotor,Automóvil",Av. Belgrano 600,2,1,0,0,1,0,0,"-32.94394, -60.63306",Avenida,,ROSARIO,Rosario,S/D,S/D,II,S/D,Urbana,S/D,S/D,S/D,S/D,S/D,S/D,S/D,S/D,S/D,S/D,S/D,S/D,S/D,S/D,"-32.94394, -60.63306",['Belgrano 600'],1,,-32.94394,-60.63306,55.0,538.0,Municipio Rosario,Municipio,Rosario,820210,Servicio de Catastro e Información Territorial,IGN
2018,2182,2018-05-16,Miercoles,0.0,09:00:00,,0.0,2,"Automóvil,Moto/Ciclomotor",San Martin Y Biedma,2,1,0,0,1,0,0,"-32.981722222222,-60.644916666667",Avenida,,ROSARIO,Rosario,Asfalto,No existe,II,S/D,Urbana,Ninguna,No existe,Intersección,Bueno,Buena,Diurna,Buen Tiempo,Lateral,S/D,Colisión,Ninguna,Faltante,Ninguna,Sin restricción,"-32.981722222222,-60.644916666667","['San Martin', 'Coronel Biedma']",2,,-32.981722222222,-60.644916666667,55.0,538.0,Municipio Rosario,Municipio,Rosario,820210,Servicio de Catastro e Información Territorial,IGN
2018,2183,2018-06-17,Domingo,0.0,16:30:00,,0.0,2,"Moto/Ciclomotor,Automóvil",Av. Pellegrini Y Bv. Oro?o,3,1,0,0,2,0,0,"-32.954694444444,-60.655944444444",Avenida,,ROSARIO,Rosario,Asfalto,No existe,II,Dentro,Urbana,Semáforo,Funciona,Recta,Bueno,Buena,Diurna,Buen Tiempo,De alcance,S/D,Colisión,Ninguna,Vertical,Cordón divisorio,Sin restricción,"-32.954694444444,-60.655944444444","['Pellegrini', 'Bulevar Nicasio Oroño']",2,,-32.954694444444,-60.655944444444,55.0,538.0,Municipio Rosario,Municipio,Rosario,820210,Servicio de Catastro e Información Territorial,IGN
2018,2184,2018-06-20,Miercoles,0.0,19:50:00,,0.0,2,"Automóvil,Moto/Ciclomotor",Mariano Moreno Y Montevideo,2,1,0,0,1,0,0,"-32.953916666667,-60.653027777778",Calle,,ROSARIO,Rosario,S/D,S/D,II,S/D,Urbana,S/D,S/D,Intersección,S/D,S/D,Nocturna,S/D,S/D,S/D,S/D,S/D,S/D,S/D,Sin restricción,"-32.953916666667,-60.653027777778","['Mariano Moreno', 'Montevideo']",2,,-32.953916666667,-60.653027777778,55.0,538.0,Municipio Rosario,Municipio,Rosario,820210,Servicio de Catastro e Información Territorial,IGN
2018,2185,2018-05-12,Sabado,0.0,14:30:00,,0.0,2,"Taxi/Remis,Moto/Ciclomotor",Ayacucho Y Lainez,3,2,0,0,1,0,0,"-33.004888888889,-60.635944444444",Calle,,ROSARIO,Rosario,Asfalto,No existe,II,Dentro,Urbana,Ninguna,No existe,Intersección,Bueno,Buena,Diurna,Buen Tiempo,Lateral,S/D,Colisión,Ninguna,Faltante,Ninguna,Sin restricción,"-33.004888888889,-60.635944444444","['Ayacucho', 'Láinez']",2,,-33.004888888889,-60.635944444444,55.0,538.0,Municipio Rosario,Municipio,Rosario,820210,Servicio de Catastro e Información Territorial,IGN
2018,2186,2018-06-15,Viernes,0.0,17:15:00,,0.0,2,"Moto/Ciclomotor,Pickup/Utilitario",San Luis Y Sarmiento,2,1,0,0,0,0,1,"-32.949027777778,-60.638861111111",Calle,,ROSARIO,Rosario,S/D,S/D,II,S/D,Urbana,S/D,S/D,Intersección,S/D,S/D,Diurna,S/D,S/D,S/D,Colisión,S/D,S/D,S/D,S/D,"-32.949027777778,-60.638861111111","['San Luis', 'Sarmiento']",2,,-32.949027777778,-60.638861111111,55.0,538.0,Municipio Rosario,Municipio,Rosario,820210,Servicio de Catastro e Información Territorial,IGN
2018,2187,2018-05-13,Domingo,0.0,16:25:00,,0.0,2,"Moto/Ciclomotor,Automóvil",Sarmiento Y Ayolas,3,2,0,0,1,0,0,"-32.976745890087, -60.645884826006",Calle,,ROSARIO,Rosario,Asfalto,No existe,II,Dentro,Urbana,Ninguna,No existe,Intersección,Bueno,Buena,Atardecer,Buen Tiempo,Lateral,S/D,Colisión,Ninguna,Faltante,Ninguna,Sin restricción,"-32.976745890087, -60.645884826006","['Sarmiento', 'Ayolas']",2,,-32.976745890087,-60.645884826006,55.0,538.0,Municipio Rosario,Municipio,Rosario,820210,Servicio de Catastro e Información Territorial,IGN
2018,2188,2018-06-05,Martes,0.0,13:45:00,,0.0,2,"Moto/Ciclomotor,Automóvil",Riobamba Y Pte.Roca,2,1,0,0,1,0,0,"-32.961777777778,-60.649305555556",Calle,,ROSARIO,Rosario,Asfalto,No existe,II,Dentro,Urbana,Ninguna,No existe,Intersección,Bueno,Buena,Diurna,Buen Tiempo,Lateral,S/D,Colisión,Ninguna,Faltante,Ninguna,Sin restricción,"-32.961777777778,-60.649305555556","['Riobamba', 'Roca']",2,,-32.961777777778,-60.649305555556,55.0,538.0,Municipio Rosario,Municipio,Rosario,820210,Servicio de Catastro e Información Territorial,IGN
2018,2189,2018-05-11,Viernes,0.0,19:30:00,,0.0,2,"Automóvil,Bicicleta",Bv. Segui Y Callao,2,1,0,0,1,0,0,"-32.97525,-60.668361111111",Calle,,ROSARIO,Rosario,Asfalto,No existe,II,S/D,Urbana,Ninguna,No existe,Intersección,Bueno,Buena,Nocturna,Buen Tiempo,Lateral,Ciclista,Atropello,Ninguna,Faltante,Ninguna,Sin restricción,"-32.97525,-60.668361111111","['Bulevar Juan Francisco Seguí', 'Callao']",2,,-32.97525,-60.668361111111,55.0,538.0,Municipio Rosario,Municipio,Rosario,820210,Servicio de Catastro e Información Territorial,IGN
2018,2190,2018-06-17,Domingo,0.0,05:30:00,,0.0,2,"Taxi/Remis,Automóvil",GÁLVEZ Y Mariano Moreno,2,1,0,0,1,0,0,"-32.966527777778,-60.656194444444",Calle,,ROSARIO,Rosario,Asfalto,No existe,II,Dentro,Urbana,Ninguna,No existe,Intersección,Bueno,Buena,"Nocturna,Con luz artificial",Buen Tiempo,Lateral,S/D,Colisión,Ninguna,Faltante,Ninguna,Sin restricción,"-32.966527777778,-60.656194444444","['Glave', 'Mariano Moreno']",2,,-32.966527777778,-60.656194444444,55.0,538.0,Municipio Rosario,Municipio,Rosario,820210,Servicio de Catastro e Información Territorial,IGN
2018,2192,2018-06-15,Viernes,0.0,11:10:00,,0.0,2,"Transporte de Pasajeros Urbano (> 8 asientos),Peatón",Necochea Y Cerrito,2,0,0,0,0,1,1,"-32.964361111111,-60.628083333333",Calle,,ROSARIO,Rosario,Asfalto,No existe,II,S/D,Urbana,Ninguna,No existe,Intersección,Bueno,S/D,Diurna,S/D,S/D,Peatón,Atropello,Ninguna,Horizontal,"Ninguna,S/D",Sin restricción,"-32.964361111111,-60.628083333333","['Necochea', 'Cerrito']",2,,-32.964361111111,-60.628083333333,55.0,538.0,Municipio Rosario,Municipio,Rosario,820210,Servicio de Catastro e Información Territorial,IGN
2018,2193,2018-05-11,Viernes,0.0,20:00:00,,0.0,2,"Automóvil,Moto/Ciclomotor",Av. Arijon Y Av. Corrientes,4,1,1,0,2,0,0,"-33.003138888889,-60.65325",Avenida,,ROSARIO,Rosario,Asfalto,No existe,II,S/D,Urbana,Ninguna,No existe,Intersección,Bueno,Buena,Nocturna,Buen Tiempo,Lateral,S/D,Colisión,Ninguna,Faltante,Ninguna,Sin restricción,"-33.003138888889,-60.65325","['Avenida Manuel Arijón', 'Corrientes']",2,,-33.003138888889,-60.65325,55.0,538.0,Municipio Rosario,Municipio,Rosario,820210,Servicio de Catastro e Información Territorial,IGN
2018,2195,2018-06-20,Miercoles,0.0,21:05:00,,0.0,2,"Automóvil,Bicicleta",Rueda Y Buenos Aires,2,1,0,0,1,0,0,"-32.972027777778,-60.638888888889",Calle,,ROSARIO,Rosario,Asfalto,No existe,II,Dentro,Urbana,Señal Pare,No existe,Intersección,Bueno,Buena,Nocturna,Buen Tiempo,Lateral,Ciclista,Atropello,Ninguna,Vertical,Ninguna,Sin restricción,"-32.972027777778,-60.638888888889","['Rueda', 'Buenos Aires']",2,,-32.972027777778,-60.638888888889,55.0,538.0,Municipio Rosario,Municipio,Rosario,820210,Servicio de Catastro e Información Territorial,IGN
2018,2196,2018-06-13,Miercoles,0.0,16:25:00,,0.0,2,"Pickup/Utilitario,Bicicleta",Ayacucho Y Riobamba,2,1,0,0,1,0,0,"-32.965027777778,-60.631055555556",Calle,,ROSARIO,Rosario,S/D,S/D,II,S/D,Urbana,S/D,S/D,Intersección,S/D,S/D,Diurna,S/D,S/D,Ciclista,Atropello,S/D,S/D,S/D,S/D,"-32.965027777778,-60.631055555556","['Ayacucho', 'Riobamba']",2,,-32.965027777778,-60.631055555556,55.0,538.0,Municipio Rosario,Municipio,Rosario,820210,Servicio de Catastro e Información Territorial,IGN
2018,2197,2018-05-04,Viernes,0.0,07:55:00,,0.0,2,"Automóvil,Moto/Ciclomotor",Paraguay Y Khantuta,2,1,0,0,1,0,0,"-33.012055555556,-60.654305555556",Calle,,ROSARIO,Rosario,Asfalto,No existe,II,S/D,Urbana,Ninguna,No existe,Intersección,Bueno,Buena,Diurna,Buen Tiempo,Lateral,S/D,Colisión,Ninguna,Faltante,Ninguna,Sin restricción,"-33.012055555556,-60.654305555556","['Paraguay', 'Khantuta']",2,,-33.012055555556,-60.654305555556,55.0,538.0,Municipio Rosario,Municipio,Rosario,820210,Servicio de Catastro e Información Territorial,IGN
2018,2198,2018-06-18,Lunes,0.0,09:00:00,,0.0,2,"Pickup/Utilitario,Moto/Ciclomotor",Av. Pellegrini 524,2,1,0,0,1,0,0,"-32.958611111111,-60.632972222222",Avenida,,ROSARIO,Rosario,S/D,S/D,II,S/D,Urbana,S/D,S/D,Recta,S/D,S/D,Diurna,S/D,S/D,S/D,Colisión,S/D,S/D,S/D,S/D,"-32.958611111111,-60.632972222222",['Pellegrini 524'],1,,-32.958611111111,-60.632972222222,55.0,538.0,Municipio Rosario,Municipio,Rosario,820210,Servicio de Catastro e Información Territorial,IGN