anio_acci,nro_acci,fecha,desc_dia,fecha_aprox,hora_aprox,desc_ruta,km,cant_participantes,desc_participante,calle_avenida_km,total,heridos_leves,heridos_graves,heridos_gravisimos,ilesos,fallecidos,sin_datos,posicion_XY,desc_tipo_via,desc_ruta_ori,desc_loc,desc_dpto,desc_tipo_calzada,desc_tipo_banquina,desc_unidad_regional,desc_lugar_calzada,desc_zona,desc_prioridad,desc_estado_semaforo,desc_lugar_via,desc_estado_via,desc_estado_visibilidad,desc_luminosidad,desc_estado_clima,desc_tipo_colision,desc_tipo_atropello,desc_tipo_hecho,desc_pres_calzada,desc_senializacion,desc_separacion_via,desc_restriccion,forma_geocod,calle_lista,numero_calles,calles_osm,lat,lon,index_right,gid,fna,gna,nam,in1,fdc,sag
2018,2199,2018-06-19,Martes,0.0,21:00:00,,0.0,2,"Bicicleta,Automóvil",L.N.Alem Y Dean Funes,2,1,0,0,1,0,0,"-32.977388888889,-60.635666666667",Calle,,ROSARIO,Rosario,Asfalto,No existe,II,S/D,Urbana,Paso Peatonal,No existe,Intersección,Bueno,Buena,Nocturna,Buen Tiempo,Lateral,Ciclista,Atropello,Ninguna,Horizontal,Ninguna,Sin restricción,"-32.977388888889,-60.635666666667","['Alem', 'Deán Gregorio Funes']",2,,-32.977388888889,-60.635666666667,55.0,538.0,Municipio Rosario,Municipio,Rosario,820210,Servicio de Catastro e Información Territorial,IGN
2018,2200,2018-05-10,Jueves,0.0,20:15:00,,0.0,2,"Automóvil,Moto/Ciclomotor",Espa?a 5000,2,1,0,0,1,0,0,"-32.994805555556,-60.657944444444",Calle,,ROSARIO,Rosario,Asfalto,No existe,II,S/D,Urbana,Ninguna,No existe,Intersección,Bueno,Buena,Nocturna,Buen Tiempo,Lateral,S/D,Colisión,Ninguna,Faltante,Ninguna,Sin restricción,"-32.994805555556,-60.657944444444",['Espa?a 5000'],1,,-32.994805555556,-60.657944444444,55.0,538.0,Municipio Rosario,Municipio,Rosario,820210,Servicio de Catastro e Información Territorial,IGN
2018,2201,2018-06-12,Martes,0.0,17:40:00,,0.0,2,"Moto/Ciclomotor,Peatón",Santa Fe Y Dorrego,2,2,0,0,0,0,0,"-32.943083333333,-60.648888888889",Calle,,ROSARIO,Rosario,S/D,S/D,II,S/D,Urbana,S/D,Funciona,Recta,S/D,Buena,Diurna,S/D,S/D,Peatón,Atropello,S/D,Horizontal,S/D,S/D,"-32.943083333333,-60.648888888889","['Santa Fe', 'Dorrego']",2,,-32.943083333333,-60.648888888889,55.0,538.0,Municipio Rosario,Municipio,Rosario,820210,Servicio de Catastro e Información Territorial,IGN
2018,2202,2018-05-06,Domingo,0.0,19:40:00,,0.0,2,"Automóvil,Moto/Ciclomotor",Av. Arijon Y Av. Corrientes,3,3,0,0,0,0,0,"-33.003138888889,-60.65325",Avenida,,ROSARIO,Rosario,Asfalto,No existe,II,S/D,Urbana,Ninguna,No existe,Intersección,Bueno,Buena,Nocturna,Lluvia,Lateral,S/D,Colisión,Ninguna,Faltante,Ninguna,Sin restricción,"-33.003138888889,-60.65325","['Avenida Manuel Arijón', 'Corrientes']",2,,-33.003138888889,-60.65325,55.0,538.0,Municipio Rosario,Municipio,Rosario,820210,Servicio de Catastro e Información Territorial,IGN
2018,2203,2018-06-08,Viernes,0.0,14:00:00,,0.0,2,"Moto/Ciclomotor,Automóvil",Buenos Aires Y Amenabar,3,2,0,0,1,0,0,"-32.973166666667,-60.639166666667",Calle,,ROSARIO,Rosario,Asfalto,No existe,II,S/D,Urbana,Señal Pare,No existe,Intersección,Bueno,Buena,Diurna,Buen Tiempo,Lateral,S/D,Colisión,Ninguna,Vertical,Ninguna,Sin restricción,"-32.973166666667,-60.639166666667","['Buenos Aires', 'Amenabar']",2,,-32.973166666667,-60.639166666667,55.0,538.0,Municipio Rosario,Municipio,Rosario,820210,Servicio de Catastro e Información Territorial,IGN
2018,2204,2018-06-16,Sabado,0.0,06:00:00,,0.0,3,"Taxi/Remis,Taxi/Remis,Automóvil",Bv. Oro?o Y Urquiza,4,1,0,0,3,0,0,"-32.94025,-60.652305555556",Calle,,ROSARIO,Rosario,S/D,S/D,II,S/D,Urbana,Semáforo,Funciona,Intersección,S/D,S/D,Amanecer,S/D,S/D,S/D,Colisión,S/D,S/D,S/D,S/D,"-32.94025,-60.652305555556","['Bulevar Nicasio Oroño', 'Urquiza']",2,,-32.94025,-60.652305555556,55.0,538.0,Municipio Rosario,Municipio,Rosario,820210,Servicio de Catastro e Información Territorial,IGN
2018,2205,2018-06-08,Viernes,0.0,13:50:00,,0.0,2,"Automóvil,Moto/Ciclomotor",Necochea Y 24 De Setiembre,2,1,0,0,1,0,0,"-32.982722222222,-60.632666666667",Calle,,ROSARIO,Rosario,Asfalto,No existe,II,Dentro,Urbana,Ninguna,No existe,Intersección,Bueno,Buena,Diurna,Buen Tiempo,De alcance,S/D,Colisión,S/D,Faltante,Ninguna,Sin restricción,"-32.982722222222,-60.632666666667","['Necochea', '24 de Septiembre']",2,,-32.982722222222,-60.632666666667,55.0,538.0,Municipio Rosario,Municipio,Rosario,820210,Servicio de Catastro e Información Territorial,IGN
2018,2206,2018-05-01,Martes,0.0,07:00:00,,0.0,2,"Automóvil,Moto/Ciclomotor",Bv. Oro?o Y Garibaldi,2,1,0,0,1,0,0,"-32.983194444444,-60.663444444444",Calle,,ROSARIO,Rosario,Asfalto,No existe,II,S/D,Urbana,Ninguna,No existe,Intersección,Bueno,Buena,Diurna,Buen Tiempo,Lateral,S/D,Colisión,Ninguna,Faltante,Ninguna,Sin restricción,"-32.983194444444,-60.663444444444","['Bulevar Nicasio Oroño', 'José Garibaldi']",2,,-32.983194444444,-60.663444444444,55.0,538.0,Municipio Rosario,Municipio,Rosario,820210,Servicio de Catastro e Información Territorial,IGN
2018,2207,2018-05-28,Lunes,0.0,12:45:00,,0.0,2,"Automóvil,Moto/Ciclomotor",Gorriti Y Liniers,2,1,0,0,1,0,0,"-32.923944444444,-60.699166666667",Calle,,ROSARIO,Rosario,Asfalto,S/D,II,S/D,Urbana,S/D,S/D,Intersección,S/D,S/D,S/D,S/D,S/D,S/D,Colisión,S/D,S/D,S/D,S/D,"-32.923944444444,-60.699166666667","['Gorriti', 'Liniers']",2,,-32.923944444444,-60.699166666667,55.0,538.0,Municipio Rosario,Municipio,Rosario,820210,Servicio de Catastro e Información Territorial,IGN
2018,2209,2018-06-12,Martes,0.0,17:25:00,,0.0,2,"Automóvil,Moto/Ciclomotor",Sarmiento 1200,3,2,0,0,1,0,0,"-32.951472222222,-60.639472222222",Calle,,ROSARIO,Rosario,S/D,S/D,II,S/D,Urbana,S/D,S/D,Recta,S/D,S/D,Diurna,S/D,S/D,S/D,Colisión,S/D,S/D,S/D,S/D,"-32.951472222222,-60.639472222222",['Sarmiento 1200'],1,,-32.951472222222,-60.639472222222,55.0,538.0,Municipio Rosario,Municipio,Rosario,820210,Servicio de Catastro e Información Territorial,IGN
2018,2210,2018-06-07,Jueves,0.0,08:05:00,,0.0,1,Pickup/Utilitario,Ayolas ,2,2,0,0,0,0,0,"-32.980533169216, -60.624963595689",S/D,,ROSARIO,Rosario,Asfalto,Natural,II,S/D,Urbana,Ninguna,No existe,Recta,Bueno,Buena,Diurna,Buen Tiempo,Contra objeto fijo,S/D,Atropello,Ninguna,Faltante,Guardarrail,Sin restricción,"-32.980533169216, -60.624963595689",['Ayolas'],1,,-32.980533169216,-60.624963595689,55.0,538.0,Municipio Rosario,Municipio,Rosario,820210,Servicio de Catastro e Información Territorial,IGN
2018,2211,2018-06-06,Miercoles,0.0,17:50:00,,0.0,2,"Automóvil,Peatón",Colon Y Dean Funes,2,1,0,0,1,0,0,"-32.977888888889,-60.632888888889",Calle,,ROSARIO,Rosario,Asfalto,No existe,II,S/D,Urbana,Ninguna,No existe,Intersección,Bueno,Buena,Atardecer,Buen Tiempo,S/D,Peatón,Atropello,Ninguna,Faltante,Ninguna,Sin restricción,"-32.977888888889,-60.632888888889","['Colon', 'Deán Gregorio Funes']",2,,-32.977888888889,-60.632888888889,55.0,538.0,Municipio Rosario,Municipio,Rosario,820210,Servicio de Catastro e Información Territorial,IGN
2018,2213,2018-06-22,Viernes,0.0,22:00:00,,0.0,2,"Automóvil,Moto/Ciclomotor",3 De Febrero Y Alvear,3,2,0,0,1,0,0,"-32.949805555556,-60.656277777778",Calle,,ROSARIO,Rosario,S/D,S/D,II,S/D,Urbana,S/D,S/D,Intersección,S/D,S/D,Con luz artificial,S/D,S/D,S/D,Colisión,S/D,S/D,S/D,S/D,"-32.949805555556,-60.656277777778","['3 de Febrero', 'Alvear']",2,,-32.949805555556,-60.656277777778,55.0,538.0,Municipio Rosario,Municipio,Rosario,820210,Servicio de Catastro e Información Territorial,IGN
2018,2217,2018-06-24,Domingo,0.0,16:30:00,,0.0,2,"Moto/Ciclomotor,Moto/Ciclomotor",Fragata Sarmiento Y Callao,3,1,0,0,2,0,0,"-32.98894, -60.67183",Calle,,ROSARIO,Rosario,Asfalto,No existe,II,S/D,Urbana,Ninguna,No existe,Intersección,Bueno,Buena,Diurna,Buen Tiempo,Lateral,S/D,Colisión,Ninguna,Faltante,Ninguna,Sin restricción,"-32.98894, -60.67183","['Fragata Sarmiento', 'Callao']",2,,-32.98894,-60.67183,55.0,538.0,Municipio Rosario,Municipio,Rosario,820210,Servicio de Catastro e Información Territorial,IGN
2018,2218,2018-06-27,Miercoles,0.0,13:20:00,,0.0,2,"Automóvil,Peatón",Rioja Y Italia,2,0,1,0,1,0,0,"-32.945833333333,-60.648166666667",Calle,,ROSARIO,Rosario,S/D,S/D,II,S/D,Urbana,Paso Peatonal,No existe,Intersección,Bueno,Buena,Diurna,S/D,S/D,Peatón,Atropello,S/D,S/D,S/D,S/D,"-32.945833333333,-60.648166666667","['Rioja', 'Italia']",2,,-32.945833333333,-60.648166666667,55.0,538.0,Municipio Rosario,Municipio,Rosario,820210,Servicio de Catastro e Información Territorial,IGN
2018,2220,2018-06-26,Martes,0.0,23:20:00,,0.0,2,"Moto/Ciclomotor,Automóvil",3 De Febrero Y San Martin,2,1,0,0,1,0,0,"-32.953027777778,-60.63825",Calle,,ROSARIO,Rosario,S/D,S/D,II,S/D,Urbana,S/D,S/D,Intersección,S/D,S/D,Nocturna,S/D,S/D,S/D,Colisión,S/D,S/D,S/D,S/D,"-32.953027777778,-60.63825","['3 de Febrero', 'San Martin']",2,,-32.953027777778,-60.63825,55.0,538.0,Municipio Rosario,Municipio,Rosario,820210,Servicio de Catastro e Información Territorial,IGN
2018,2223,2018-06-26,Martes,0.0,12:45:00,,0.0,2,"Pickup/Utilitario,Moto/Ciclomotor",Av. Pellegrini Y Dorrego,2,1,0,0,1,0,0,"-32.955416666667,-60.651972222222",Avenida,,ROSARIO,Rosario,S/D,S/D,II,S/D,Urbana,S/D,S/D,Intersección,S/D,S/D,Diurna,S/D,S/D,S/D,Colisión,S/D,S/D,S/D,S/D,"-32.955416666667,-60.651972222222","['Pellegrini', 'Dorrego']",2,,-32.955416666667,-60.651972222222,55.0,538.0,Municipio Rosario,Municipio,Rosario,820210,Servicio de Catastro e Información Territorial,IGN
2018,2224,2018-06-23,Sabado,0.0,12:15:00,,0.0,2,"Pickup/Utilitario,Moto/Ciclomotor",Bv. Segui Y Santiago,2,1,0,0,1,0,0,"-32.975833333333,-60.66425",Calle,,ROSARIO,Rosario,Asfalto,No existe,II,S/D,Urbana,Ninguna,No existe,Intersección,Bueno,Buena,Diurna,Buen Tiempo,Lateral,S/D,Colisión,Ninguna,Faltante,Ninguna,Sin restricción,"-32.975833333333,-60.66425","['Bulevar Juan Francisco Seguí', 'Santiago']",2,,-32.975833333333,-60.66425,55.0,538.0,Municipio Rosario,Municipio,Rosario,820210,Servicio de Catastro e Información Territorial,IGN
2018,2225,2018-06-22,Viernes,0.0,01:50:00,,0.0,2,"Moto/Ciclomotor,Automóvil",Bv. Oro?o Y Amenabar,2,1,0,0,1,0,0,"-32.969472222222,-60.659777777778",S/D,,ROSARIO,Rosario,Asfalto,No existe,II,S/D,S/D,Ninguna,Funciona,Intersección,Bueno,Buena,Nocturna,Buen Tiempo,Lateral,S/D,Colisión,Ninguna,Faltante,Ninguna,Sin restricción,"-32.969472222222,-60.659777777778","['Bulevar Nicasio Oroño', 'Amenabar']",2,,-32.969472222222,-60.659777777778,55.0,538.0,Municipio Rosario,Municipio,Rosario,820210,Servicio de Catastro e Información Territorial,IGN
2018,2274,2018-05-22,Martes,0.0,12:30:00,,0.0,2,"Moto/Ciclomotor,Moto/Ciclomotor",Av. Pellegrini Y Av. Belgrano,2,2,0,0,0,0,0,"-32.960944444444,-60.621194444444",Avenida,,ROSARIO,Rosario,Asfalto,S/D,II,S/D,Urbana,S/D,No existe,Rotonda,S/D,S/D,Diurna,S/D,S/D,S/D,Colisión,S/D,S/D,S/D,S/D,"-32.960944444444,-60.621194444444","['Pellegrini', 'Belgrano']",2,,-32.960944444444,-60.621194444444,55.0,538.0,Municipio Rosario,Municipio,Rosario,820210,Servicio de Catastro e Información Territorial,IGN
2018,2275,2018-06-18,Lunes,0.0,14:30:00,,0.0,2,"Transporte de Pasajeros Urbano (> 8 asientos),Moto/Ciclomotor",Bv. Oro?o 3400,2,1,0,0,1,0,0,"-32.974055555556,-60.661111111111",S/D,,ROSARIO,Rosario,Asfalto,No existe,II,S/D,Urbana,Ninguna,No existe,Recta,Bueno,Buena,Diurna,Buen Tiempo,Lateral,S/D,Colisión,Ninguna,Faltante,Ninguna,Sin restricción,"-32.974055555556,-60.661111111111",['Nicasio Oroño?o 3400'],1,,-32.974055555556,-60.661111111111,55.0,538.0,Municipio Rosario,Municipio,Rosario,820210,Servicio de Catastro e Información Territorial,IGN
2018,2276,2018-06-27,Miercoles,0.0,22:05:00,,0.0,2,"Pickup/Utilitario,Moto/Ciclomotor",Sarmiento Y La Paz,3,2,0,0,1,0,0,"-32.964166666667,-60.642611111111",Calle,,ROSARIO,Rosario,S/D,S/D,II,S/D,Urbana,S/D,No existe,Intersección,S/D,S/D,"Nocturna,Con luz artificial",S/D,S/D,S/D,Colisión,S/D,S/D,S/D,S/D,"-32.964166666667,-60.642611111111","['Sarmiento', 'La Paz']",2,,-32.964166666667,-60.642611111111,55.0,538.0,Municipio Rosario,Municipio,Rosario,820210,Servicio de Catastro e Información Territorial,IGN
2018,2278,2018-06-27,Miercoles,0.0,19:07:00,,0.0,2,"Moto/Ciclomotor,Automóvil",Necochea Y Pje. Cajaraville,4,1,0,0,3,0,0,"-32.954416666667,-60.625583333333",Calle,,ROSARIO,Rosario,S/D,S/D,II,S/D,Urbana,S/D,No existe,Intersección,S/D,S/D,Con luz artificial,S/D,S/D,S/D,Colisión,S/D,S/D,S/D,S/D,"-32.954416666667,-60.625583333333","['Necochea', 'Cajaraville']",2,,-32.954416666667,-60.625583333333,55.0,538.0,Municipio Rosario,Municipio,Rosario,820210,Servicio de Catastro e Información Territorial,IGN
2018,2279,2018-05-22,Martes,0.0,13:20:00,,0.0,2,"Moto/Ciclomotor,Automóvil",Espa?a 200,2,1,0,0,1,0,0,"-32.937944444444,-60.64475",Calle,,ROSARIO,Rosario,Asfalto,S/D,II,S/D,Urbana,S/D,No existe,Recta,Bueno,Buena,Diurna,Buen Tiempo,De alcance,S/D,Colisión,Ninguna,S/D,S/D,Sin restricción,"-32.937944444444,-60.64475",['Espa?a 200'],1,,-32.937944444444,-60.64475,55.0,538.0,Municipio Rosario,Municipio,Rosario,820210,Servicio de Catastro e Información Territorial,IGN
2018,2281,2018-05-18,Viernes,0.0,15:00:00,,0.0,2,"Bicicleta,Moto/Ciclomotor",Entre Rios Y Pje. Ricardone,2,1,0,0,1,0,0,"-32.947694444444,-60.641388888889",Calle,,ROSARIO,Rosario,S/D,S/D,II,S/D,Urbana,S/D,S/D,S/D,S/D,S/D,S/D,S/D,S/D,Ciclista,Atropello,S/D,S/D,S/D,S/D,"-32.947694444444,-60.641388888889","['Entre Ríos', 'Ricardone']",2,,-32.947694444444,-60.641388888889,55.0,538.0,Municipio Rosario,Municipio,Rosario,820210,Servicio de Catastro e Información Territorial,IGN
2018,2282,2018-06-19,Martes,0.0,20:35:00,,0.0,2,"Bicicleta,Automóvil",Av. Uriburu Y Av. Corrientes,2,1,0,0,1,0,0,"-32.990888888889,-60.653722222222",Avenida,,ROSARIO,Rosario,Asfalto,No existe,II,S/D,Urbana,Ninguna,No existe,Recta,Bueno,Buena,Nocturna,Buen Tiempo,Lateral,Ciclista,Atropello,Ninguna,Faltante,Ninguna,Sin restricción,"-32.990888888889,-60.653722222222","['Uriburu', 'Corrientes']",2,,-32.990888888889,-60.653722222222,55.0,538.0,Municipio Rosario,Municipio,Rosario,820210,Servicio de Catastro e Información Territorial,IGN
2018,2283,2018-05-20,Domingo,0.0,05:45:00,,0.0,2,"Peatón,Automóvil",Av. Del Huerto 1100,2,0,1,0,1,0,0,"-32.939333333333,-60.637",Avenida,,ROSARIO,Rosario,S/D,S/D,II,S/D,Urbana,S/D,S/D,Recta,S/D,Buena,S/D,S/D,S/D,Peatón,Atropello,Ninguna,S/D,S/D,S/D,"-32.939333333333,-60.637",['Del Huerto 1100'],1,,-32.939333333333,-60.637,55.0,538.0,Municipio Rosario,Municipio,Rosario,820210,Servicio de Catastro e Información Territorial,IGN
2018,2285,2018-05-19,Sabado,0.0,15:45:00,,0.0,2,"Transporte de Pasajeros Larga Distancia (> 8 asientos),Bicicleta",San Luis Y Dorrego,2,1,0,0,1,0,0,"-32.947055555556,-60.649861111111",Calle,,ROSARIO,Rosario,S/D,S/D,II,S/D,Urbana,S/D,S/D,Intersección,S/D,S/D,Diurna,S/D,S/D,Ciclista,Atropello,S/D,S/D,S/D,S/D,"-32.947055555556,-60.649861111111","['San Luis', 'Dorrego']",2,,-32.947055555556,-60.649861111111,55.0,538.0,Municipio Rosario,Municipio,Rosario,820210,Servicio de Catastro e Información Territorial,IGN
2018,2286,2018-06-21,Jueves,0.0,09:50:00,,0.0,2,"Automóvil,Moto/Ciclomotor",San Martin Y Anchorena,2,1,0,0,1,0,0,"-32.99775,-60.648166666667",Avenida,,ROSARIO,Rosario,Asfalto,No existe,II,S/D,Urbana,Ninguna,Funciona,Intersección,Otro,Buena,Diurna,Buen Tiempo,Lateral,S/D,Colisión,Ninguna,Faltante,Ninguna,Sin restricción,"-32.99775,-60.648166666667","['San Martin', 'Anchorena']",2,,-32.99775,-60.648166666667,55.0,538.0,Municipio Rosario,Municipio,Rosario,820210,Servicio de Catastro e Información Territorial,IGN
2018,2287,2018-06-28,Jueves,0.0,14:00:00,,0.0,2,"Automóvil,Automóvil",La Paz Y Necochea,2,1,0,0,1,0,0,"-32.966666666667,-60.628611111111",Calle,,ROSARIO,Rosario,S/D,S/D,II,S/D,Urbana,S/D,S/D,Recta,S/D,S/D,Diurna,S/D,Contra objeto fijo,S/D,Colisión,S/D,S/D,S/D,S/D,"-32.966666666667,-60.628611111111","['La Paz', 'Necochea']",2,,-32.966666666667,-60.628611111111,55.0,538.0,Municipio Rosario,Municipio,Rosario,820210,Servicio de Catastro e Información Territorial,IGN
2018,2288,2018-05-15,Martes,0.0,19:00:00,,0.0,2,"Bicicleta,Automóvil",Pte.Roca Y San Luis,2,1,0,0,1,0,0,"-32.947777777778,-60.645805555556",Calle,,ROSARIO,Rosario,S/D,S/D,II,S/D,Urbana,S/D,S/D,Recta,S/D,S/D,Atardecer,S/D,S/D,Ciclista,"Atropello,Otro",S/D,S/D,S/D,S/D,"-32.947777777778,-60.645805555556","['Roca', 'San Luis']",2,,-32.947777777778,-60.645805555556,55.0,538.0,Municipio Rosario,Municipio,Rosario,820210,Servicio de Catastro e Información Territorial,IGN
2018,2290,2018-05-17,Jueves,0.0,21:05:00,,0.0,2,"Automóvil,Automóvil",Buenos Aires 2100,2,1,0,0,1,0,0,"-32.962833333333,-60.636555555556",Calle,,ROSARIO,Rosario,Asfalto,S/D,II,S/D,Urbana,S/D,S/D,S/D,S/D,Reducida,Con luz artificial,Lluvia,S/D,S/D,Colisión,Agua,S/D,S/D,Sin restricción,"-32.962833333333,-60.636555555556",['Buenos Aires 2100'],1,,-32.962833333333,-60.636555555556,55.0,538.0,Municipio Rosario,Municipio,Rosario,820210,Servicio de Catastro e Información Territorial,IGN
2018,2291,2018-06-25,Lunes,0.0,16:20:00,,0.0,2,"Automóvil,Moto/Ciclomotor",Cordoba Y Dorrego,2,1,0,0,1,0,0,"-32.944444444444,-60.649222222222",Calle,,ROSARIO,Rosario,S/D,S/D,II,S/D,Urbana,S/D,S/D,Intersección,S/D,S/D,Diurna,S/D,S/D,S/D,Colisión,S/D,S/D,S/D,S/D,"-32.944444444444,-60.649222222222","['Córdoba', 'Dorrego']",2,,-32.944444444444,-60.649222222222,55.0,538.0,Municipio Rosario,Municipio,Rosario,820210,Servicio de Catastro e Información Territorial,IGN
2018,2292,2018-06-21,Jueves,0.0,14:30:00,,0.0,2,"Moto/Ciclomotor,Moto/Ciclomotor",Caupolican Y Lozzia,2,2,0,0,0,0,0,"-33.009583333333,-60.638388888889",Calle,,ROSARIO,Rosario,Asfalto,No existe,II,S/D,Urbana,Ninguna,No existe,Recta,Bueno,Buena,Diurna,Buen Tiempo,Lateral,S/D,Colisión,Ninguna,Faltante,Ninguna,Sin restricción,"-33.009583333333,-60.638388888889","['Caupolicán', 'Lozzia']",2,,-33.009583333333,-60.638388888889,55.0,538.0,Municipio Rosario,Municipio,Rosario,820210,Servicio de Catastro e Información Territorial,IGN
2018,2294,2018-05-17,Jueves,0.0,23:15:00,,0.0,1,Pickup/Utilitario,Bv. Oro?o Y Av. E.Lopez,2,1,0,0,1,0,0,"-32.93087, -60.65",Calle,,ROSARIO,Rosario,Asfalto,S/D,II,S/D,Urbana,S/D,S/D,Intersección,S/D,S/D,S/D,S/D,Contra objeto fijo,S/D,Colisión,S/D,S/D,S/D,S/D,"-32.93087, -60.65","['Bulevar Nicasio Oroño', 'Lopez']",2,,-32.93087,-60.65,55.0,538.0,Municipio Rosario,Municipio,Rosario,820210,Servicio de Catastro e Información Territorial,IGN
2018,2295,2018-05-17,Jueves,0.0,08:00:00,,0.0,2,"Automóvil,Automóvil",Ocampo Y Necochea,2,1,0,0,1,0,0,"-32.968972222222,-60.629222222222",Calle,,ROSARIO,Rosario,S/D,S/D,II,S/D,Urbana,S/D,S/D,Intersección,S/D,S/D,Diurna,S/D,S/D,S/D,Colisión,S/D,S/D,S/D,S/D,"-32.968972222222,-60.629222222222","['Ocampo', 'Necochea']",2,,-32.968972222222,-60.629222222222,55.0,538.0,Municipio Rosario,Municipio,Rosario,820210,Servicio de Catastro e Información Territorial,IGN
2018,2296,2018-06-23,Sabado,0.0,16:10:00,,0.0,3,"Moto/Ciclomotor,Pickup/Utilitario,Automóvil",Av. Belgrano Y Av. Pellegrini Bis,3,1,0,0,2,0,0,"-32.960944444444,-60.621194444444",Avenida,,ROSARIO,Rosario,S/D,S/D,II,S/D,Urbana,S/D,S/D,Rotonda,S/D,S/D,Diurna,S/D,S/D,S/D,Colisión,S/D,S/D,S/D,S/D,"-32.960944444444,-60.621194444444","['Belgrano', 'Pellegrini']",2,,-32.960944444444,-60.621194444444,55.0,538.0,Municipio Rosario,Municipio,Rosario,820210,Servicio de Catastro e Información Territorial,IGN
2018,2297,2018-06-19,Martes,0.0,15:30:00,,0.0,2,"Moto/Ciclomotor,Automóvil",Mr.Ross Y Mitre,2,1,0,0,1,0,0,"-32.988,-60.650083333333",Calle,,ROSARIO,Rosario,Asfalto,No existe,II,Dentro,Urbana,Ninguna,No existe,Intersección,Bueno,Buena,Diurna,Buen Tiempo,Lateral,S/D,Colisión,Ninguna,Faltante,Ninguna,Sin restricción,"-32.988,-60.650083333333","['Rodrigo M. Ross', 'Mitre']",2,,-32.988,-60.650083333333,55.0,538.0,Municipio Rosario,Municipio,Rosario,820210,Servicio de Catastro e Información Territorial,IGN
2018,2298,2018-05-16,Miercoles,0.0,21:00:00,,0.0,2,"Bicicleta,Moto/Ciclomotor",Av. Pellegrini 187,2,2,0,0,0,0,0,"-32.959472222222,-60.628083333333",Avenida,,ROSARIO,Rosario,S/D,S/D,II,S/D,Urbana,S/D,S/D,S/D,S/D,S/D,Nocturna,S/D,S/D,Ciclista,Atropello,S/D,S/D,S/D,S/D,"-32.959472222222,-60.628083333333",['Pellegrini 187'],1,,-32.959472222222,-60.628083333333,55.0,538.0,Municipio Rosario,Municipio,Rosario,820210,Servicio de Catastro e Información Territorial,IGN
2018,2300,2018-06-20,Miercoles,0.0,11:40:00,,0.0,2,"Pickup/Utilitario,Automóvil",Cochabamba Y Mitre,2,1,0,0,1,0,0,"-32.958166666667,-60.642555555556",Calle,,ROSARIO,Rosario,S/D,S/D,II,S/D,Urbana,S/D,S/D,Intersección,S/D,S/D,Diurna,S/D,S/D,S/D,Colisión,S/D,S/D,S/D,S/D,"-32.958166666667,-60.642555555556","['Cochabamba', 'Mitre']",2,,-32.958166666667,-60.642555555556,55.0,538.0,Municipio Rosario,Municipio,Rosario,820210,Servicio de Catastro e Información Territorial,IGN
2018,2301,2018-05-16,Miercoles,0.0,16:23:00,,0.0,2,"Peatón,Automóvil",Av. Corrientes Y Pje. Ricardone,2,1,0,0,1,0,0,"-32.947444444444,-60.642777777778",Calle,,ROSARIO,Rosario,S/D,S/D,II,S/D,Urbana,S/D,No existe,Intersección,S/D,Buena,Diurna,S/D,S/D,Peatón,Atropello,S/D,S/D,S/D,S/D,"-32.947444444444,-60.642777777778","['Corrientes', 'Ricardone']",2,,-32.947444444444,-60.642777777778,55.0,538.0,Municipio Rosario,Municipio,Rosario,820210,Servicio de Catastro e Información Territorial,IGN
2018,2302,2018-06-18,Lunes,0.0,08:30:00,,0.0,2,"Moto/Ciclomotor,Moto/Ciclomotor",Dr.Rivas Y Mitre,2,1,0,0,1,0,0,"-32.983416666667,-60.648916666667",Calle,,ROSARIO,Rosario,Asfalto,Pavimento,II,Dentro,Urbana,Ninguna,No existe,Intersección,Bueno,Buena,Diurna,Buen Tiempo,Lateral,S/D,Colisión,Ninguna,Faltante,Ninguna,Sin restricción,"-32.983416666667,-60.648916666667","['Doctor Francisco Riva', 'Mitre']",2,,-32.983416666667,-60.648916666667,55.0,538.0,Municipio Rosario,Municipio,Rosario,820210,Servicio de Catastro e Información Territorial,IGN
2018,2303,2018-05-16,Miercoles,0.0,09:30:00,,0.0,2,"Automóvil,Moto/Ciclomotor",Bv. 27 De Febrero Y San Martin,3,2,0,0,1,0,0,"-32.967777777778,-60.641972222222",Calle,,ROSARIO,Rosario,S/D,S/D,II,S/D,Urbana,S/D,S/D,Intersección,S/D,S/D,Diurna,S/D,S/D,S/D,Colisión,S/D,S/D,S/D,S/D,"-32.967777777778,-60.641972222222","['27 de Febrero', 'San Martin']",2,,-32.967777777778,-60.641972222222,55.0,538.0,Municipio Rosario,Municipio,Rosario,820210,Servicio de Catastro e Información Territorial,IGN
2018,2305,2018-05-16,Miercoles,0.0,09:45:00,,0.0,2,"Moto/Ciclomotor,Pickup/Utilitario",San Juan Y Balcarce,2,0,1,0,1,0,0,"-32.947694444444,-60.652888888889",Calle,,ROSARIO,Rosario,S/D,S/D,II,S/D,Urbana,S/D,S/D,S/D,S/D,S/D,S/D,S/D,S/D,S/D,Colisión,S/D,S/D,S/D,S/D,"-32.947694444444,-60.652888888889","['San Juan', 'Balcarce']",2,,-32.947694444444,-60.652888888889,55.0,538.0,Municipio Rosario,Municipio,Rosario,820210,Servicio de Catastro e Información Territorial,IGN