anio_acci,nro_acci,fecha,desc_dia,fecha_aprox,hora_aprox,desc_ruta,km,cant_participantes,desc_participante,calle_avenida_km,total,heridos_leves,heridos_graves,heridos_gravisimos,ilesos,fallecidos,sin_datos,posicion_XY,desc_tipo_via,desc_ruta_ori,desc_loc,desc_dpto,desc_tipo_calzada,desc_tipo_banquina,desc_unidad_regional,desc_lugar_calzada,desc_zona,desc_prioridad,desc_estado_semaforo,desc_lugar_via,desc_estado_via,desc_estado_visibilidad,desc_luminosidad,desc_estado_clima,desc_tipo_colision,desc_tipo_atropello,desc_tipo_hecho,desc_pres_calzada,desc_senializacion,desc_separacion_via,desc_restriccion,forma_geocod,calle_lista,numero_calles,calles_osm,lat,lon,index_right,gid,fna,gna,nam,in1,fdc,sag
2018,2306,2018-06-12,Martes,0.0,20:30:00,,0.0,2,"Automóvil,Moto/Ciclomotor",Italia Y Catamarca,2,1,0,0,1,0,0,"-32.938861111111,-60.646416666667",Calle,,ROSARIO,Rosario,Asfalto,No existe,II,S/D,Urbana,S/D,No existe,Intersección,Bueno,Buena,"Nocturna,Con luz artificial",Buen Tiempo,Lateral,S/D,Colisión,Ninguna,S/D,S/D,Sin restricción,"-32.938861111111,-60.646416666667","['Italia', 'Catamarca']",2,,-32.938861111111,-60.646416666667,55.0,538.0,Municipio Rosario,Municipio,Rosario,820210,Servicio de Catastro e Información Territorial,IGN
2018,2307,2018-05-15,Martes,0.0,09:30:00,,0.0,2,"Pickup/Utilitario,Bicicleta",Italia 475,2,1,0,0,1,0,0,"-32.940916666667,-60.646916666667",Calle,,ROSARIO,Rosario,S/D,S/D,II,S/D,Urbana,S/D,S/D,Recta,S/D,S/D,S/D,S/D,S/D,Ciclista,Atropello,S/D,S/D,S/D,S/D,"-32.940916666667,-60.646916666667",['Italia 475'],1,,-32.940916666667,-60.646916666667,55.0,538.0,Municipio Rosario,Municipio,Rosario,820210,Servicio de Catastro e Información Territorial,IGN
2018,2308,2018-06-17,Domingo,0.0,17:00:00,,0.0,2,"Automóvil,Automóvil",Bv. Oro?o Y Garibaldi,2,1,0,0,1,0,0,"-32.983194444444,-60.663444444444",Calle,,ROSARIO,Rosario,Asfalto,No existe,II,Dentro,Urbana,Ninguna,Funciona,Intersección,Bueno,Buena,Diurna,Buen Tiempo,Lateral,S/D,Colisión,Ninguna,Vertical,Ninguna,Sin restricción,"-32.983194444444,-60.663444444444","['Bulevar Nicasio Oroño', 'José Garibaldi']",2,,-32.983194444444,-60.663444444444,55.0,538.0,Municipio Rosario,Municipio,Rosario,820210,Servicio de Catastro e Información Territorial,IGN
2018,2310,2018-05-14,Lunes,0.0,20:50:00,,0.0,2,"Automóvil,Bicicleta",3 De Febrero Y Dorrego,2,1,0,0,1,0,0,"-32.950777777778,-60.650833333333",Calle,,ROSARIO,Rosario,S/D,S/D,II,S/D,Urbana,S/D,S/D,Intersección,S/D,S/D,S/D,S/D,S/D,Ciclista,Atropello,S/D,S/D,S/D,S/D,"-32.950777777778,-60.650833333333","['3 de Febrero', 'Dorrego']",2,,-32.950777777778,-60.650833333333,55.0,538.0,Municipio Rosario,Municipio,Rosario,820210,Servicio de Catastro e Información Territorial,IGN
2018,2311,2018-06-15,Viernes,0.0,21:00:00,,0.0,2,"Peatón,Automóvil",San Lorenzo Y Balcarce,2,1,0,0,1,0,0,"-32.941666666667,-60.651333333333",Calle,,ROSARIO,Rosario,Asfalto,No existe,II,S/D,Urbana,S/D,No existe,Recta,Bueno,Buena,"Nocturna,Con luz artificial",Buen Tiempo,S/D,Peatón,Atropello,Ninguna,Vertical,S/D,S/D,"-32.941666666667,-60.651333333333","['San Lorenzo', 'Balcarce']",2,,-32.941666666667,-60.651333333333,55.0,538.0,Municipio Rosario,Municipio,Rosario,820210,Servicio de Catastro e Información Territorial,IGN
2018,2312,2018-06-19,Martes,0.0,13:10:00,,0.0,2,"Moto/Ciclomotor,Moto/Ciclomotor",Bv. Segui Y Alvear,2,1,0,0,1,0,0,"-32.976222222222,-60.662916666667",Calle,,ROSARIO,Rosario,Asfalto,No existe,II,Dentro,Urbana,Ninguna,No existe,Intersección,Bueno,Buena,Diurna,Buen Tiempo,Lateral,S/D,Colisión,Ninguna,Faltante,Ninguna,Sin restricción,"-32.976222222222,-60.662916666667","['Bulevar Juan Francisco Seguí', 'Alvear']",2,,-32.976222222222,-60.662916666667,55.0,538.0,Municipio Rosario,Municipio,Rosario,820210,Servicio de Catastro e Información Territorial,IGN
2018,2314,2018-05-14,Lunes,0.0,18:08:00,,0.0,2,"Peatón,Moto/Ciclomotor",Entre Rios 400,2,1,0,0,1,0,0,"-32.941305555556,-60.639805555556",Calle,,ROSARIO,Rosario,Asfalto,S/D,II,S/D,Urbana,S/D,S/D,Recta,S/D,S/D,Atardecer,S/D,S/D,Peatón,Atropello,S/D,S/D,S/D,S/D,"-32.941305555556,-60.639805555556",['Entre Rios 400'],1,,-32.941305555556,-60.639805555556,55.0,538.0,Municipio Rosario,Municipio,Rosario,820210,Servicio de Catastro e Información Territorial,IGN
2018,2315,2018-06-28,Jueves,0.0,13:00:00,,0.0,2,"Bicicleta,Automóvil",Espa?a 600,2,1,0,0,1,0,0,"-32.942638888889,-60.645944444444",Calle,,ROSARIO,Rosario,Asfalto,No existe,II,S/D,Urbana,S/D,No existe,Recta,Bueno,Buena,Diurna,Buen Tiempo,S/D,Ciclista,Atropello,Ninguna,Faltante,S/D,Sin restricción,"-32.942638888889,-60.645944444444",['Espa?a 600'],1,,-32.942638888889,-60.645944444444,55.0,538.0,Municipio Rosario,Municipio,Rosario,820210,Servicio de Catastro e Información Territorial,IGN
2018,2316,2018-05-13,Domingo,0.0,15:40:00,,0.0,2,"Automóvil,Moto/Ciclomotor",J.M.de Rosas Y Bv. 27 De Febrero,2,0,1,0,1,0,0,"-32.96875,-60.636611111111",Calle,,ROSARIO,Rosario,S/D,S/D,II,S/D,Urbana,S/D,S/D,Recta,S/D,Buena,Diurna,S/D,S/D,S/D,Colisión,S/D,S/D,S/D,S/D,"-32.96875,-60.636611111111","['De Rosas', '27 de Febrero']",2,,-32.96875,-60.636611111111,55.0,538.0,Municipio Rosario,Municipio,Rosario,820210,Servicio de Catastro e Información Territorial,IGN
2018,2318,2018-06-18,Lunes,0.0,07:30:00,,0.0,2,"Moto/Ciclomotor,Pickup/Utilitario",Bv. Segui Y Entre Rios,2,1,0,0,1,0,0,"-32.978666666667,-60.649194444444",Calle,,ROSARIO,Rosario,Asfalto,No existe,II,S/D,Urbana,Ninguna,No existe,Intersección,Bueno,Buena,Diurna,Buen Tiempo,Lateral,S/D,Colisión,Ninguna,Faltante,Ninguna,Sin restricción,"-32.978666666667,-60.649194444444","['Bulevar Juan Francisco Seguí', 'Entre Ríos']",2,,-32.978666666667,-60.649194444444,55.0,538.0,Municipio Rosario,Municipio,Rosario,820210,Servicio de Catastro e Información Territorial,IGN
2018,2319,2018-05-12,Sabado,0.0,12:45:00,,0.0,2,"Peatón,Automóvil",Av. Corrientes Y E.Zeballos,2,0,1,0,1,0,0,"-32.95425,-60.644527777778",Calle,,ROSARIO,Rosario,S/D,S/D,II,S/D,Urbana,S/D,Funciona,S/D,S/D,S/D,S/D,S/D,S/D,Peatón,Atropello,Ninguna,S/D,S/D,S/D,"-32.95425,-60.644527777778","['Corrientes', 'Zeballos']",2,,-32.95425,-60.644527777778,55.0,538.0,Municipio Rosario,Municipio,Rosario,820210,Servicio de Catastro e Información Territorial,IGN
2018,2320,2018-06-23,Sabado,0.0,19:20:00,,0.0,2,"Automóvil,Moto/Ciclomotor",Av. Wheelwright Y Pte.Roca,2,1,0,0,1,0,0,"-32.935888888889,-60.642833333333",Calle,,ROSARIO,Rosario,Asfalto,No existe,II,S/D,Urbana,S/D,S/D,Recta,Bueno,Buena,Nocturna,Buen Tiempo,Lateral,S/D,Colisión,Ninguna,S/D,S/D,Sin restricción,"-32.935888888889,-60.642833333333","['Avenida Guillermo Wheelwright', 'Roca']",2,,-32.935888888889,-60.642833333333,55.0,538.0,Municipio Rosario,Municipio,Rosario,820210,Servicio de Catastro e Información Territorial,IGN
2018,2321,2018-05-16,Miercoles,0.0,19:15:00,,0.0,2,"Peatón,Automóvil",3 De Febrero Y San Martin,2,1,0,0,1,0,0,"-32.953027777778,-60.63825",Avenida,,ROSARIO,Rosario,S/D,S/D,II,S/D,Urbana,S/D,No existe,Intersección,S/D,S/D,Atardecer,S/D,S/D,Peatón,Atropello,S/D,S/D,S/D,S/D,"-32.953027777778,-60.63825","['3 de Febrero', 'San Martin']",2,,-32.953027777778,-60.63825,55.0,538.0,Municipio Rosario,Municipio,Rosario,820210,Servicio de Catastro e Información Territorial,IGN
2018,2322,2018-06-13,Miercoles,0.0,07:40:00,,0.0,2,"Bicicleta,Automóvil",Bv. Segui Y Santiago,2,1,0,0,1,0,0,"-32.975833333333,-60.66425",S/D,,ROSARIO,Rosario,Asfalto,No existe,II,S/D,S/D,Ninguna,No existe,Intersección,Otro,Buena,Diurna,Buen Tiempo,Lateral,Ciclista,Atropello,Ninguna,Faltante,Ninguna,Sin restricción,"-32.975833333333,-60.66425","['Bulevar Juan Francisco Seguí', 'Santiago']",2,,-32.975833333333,-60.66425,55.0,538.0,Municipio Rosario,Municipio,Rosario,820210,Servicio de Catastro e Información Territorial,IGN
2018,2323,2018-06-13,Miercoles,0.0,16:00:00,,0.0,2,"Automóvil,Moto/Ciclomotor",Paraguay Y Benito Juarez,2,1,0,0,1,0,0,"-32.993111111111,-60.655138888889",S/D,,ROSARIO,Rosario,Asfalto,No existe,II,S/D,S/D,Ninguna,No existe,Intersección,Bueno,Buena,Diurna,Buen Tiempo,Lateral,S/D,Colisión,Ninguna,Faltante,Ninguna,Sin restricción,"-32.993111111111,-60.655138888889","['Paraguay', 'Benito Juárez']",2,,-32.993111111111,-60.655138888889,55.0,538.0,Municipio Rosario,Municipio,Rosario,820210,Servicio de Catastro e Información Territorial,IGN
2018,2325,2018-06-13,Miercoles,0.0,13:10:00,,0.0,2,"Automóvil,Moto/Ciclomotor",Leiva Y Anchorena,2,1,0,0,1,0,0,"-32.997444444444,-60.638138888889",S/D,,ROSARIO,Rosario,Asfalto,No existe,II,S/D,S/D,Ninguna,No existe,Intersección,Bueno,Buena,Diurna,Buen Tiempo,Lateral,S/D,Colisión,Ninguna,Faltante,Ninguna,Sin restricción,"-32.997444444444,-60.638138888889","['Leiva', 'Anchorena']",2,,-32.997444444444,-60.638138888889,55.0,538.0,Municipio Rosario,Municipio,Rosario,820210,Servicio de Catastro e Información Territorial,IGN
2018,2326,2018-06-24,Domingo,0.0,03:00:00,,0.0,2,"Moto/Ciclomotor,Automóvil",Sucre Y Av. Eva Peron,4,2,0,0,2,0,0,"-32.937111111111,-60.690027777778",Avenida,,ROSARIO,Rosario,Asfalto,No existe,II,S/D,Urbana,Ninguna,S/D,Intersección,Bueno,Buena,Con luz artificial,Buen Tiempo,De alcance,S/D,Colisión,Ninguna,S/D,Ninguna,Sin restricción,"-32.937111111111,-60.690027777778","['Sucre', 'Avenida Eva Perón']",2,,-32.937111111111,-60.690027777778,55.0,538.0,Municipio Rosario,Municipio,Rosario,820210,Servicio de Catastro e Información Territorial,IGN
2018,2327,2018-06-13,Miercoles,0.0,10:15:00,,0.0,2,"Automóvil,Pickup/Utilitario",Av. Corrientes Y Garay,2,1,0,0,1,0,0,"-32.973722222222,-60.649444444444",Calle,,ROSARIO,Rosario,Asfalto,No existe,II,S/D,Urbana,Ninguna,No existe,Intersección,Bueno,Buena,Diurna,Buen Tiempo,Lateral,S/D,Colisión,Ninguna,Faltante,Ninguna,Sin restricción,"-32.973722222222,-60.649444444444","['Corrientes', 'Garay']",2,,-32.973722222222,-60.649444444444,55.0,538.0,Municipio Rosario,Municipio,Rosario,820210,Servicio de Catastro e Información Territorial,IGN
2018,2328,2018-06-05,Martes,0.0,07:35:00,,0.0,2,"Moto/Ciclomotor,Automóvil",Bv. Avellaneda Y Av. Pellegrini,2,1,0,0,1,0,0,"-32.949944444444,-60.682027777778",Avenida,,ROSARIO,Rosario,Asfalto,No existe,II,S/D,Urbana,Ninguna,No funciona,Intersección,Bueno,Buena,Amanecer,Buen Tiempo,De alcance,S/D,Colisión,S/D,S/D,Ninguna,Sin restricción,"-32.949944444444,-60.682027777778","['Avellaneda', 'Pellegrini']",2,,-32.949944444444,-60.682027777778,55.0,538.0,Municipio Rosario,Municipio,Rosario,820210,Servicio de Catastro e Información Territorial,IGN
2018,2346,2018-01-17,Miercoles,0.0,11:20:00,,0.0,2,"Camión c / Acoplado,Moto/Ciclomotor",Campbell Y Calle 1819,3,0,0,0,2,1,0,"-32.981238, -60.706079",Calle,,ROSARIO,Rosario,Asfalto,No existe,II,Dentro,Urbana,Ninguna,No existe,Intersección,Resbaladiza,Buena,Diurna,Lluvia,Lateral,S/D,"Aplastamiento,Colisión",Agua,S/D,Ninguna,S/D,"-32.981238, -60.706079","['Campbell', 'Aborígenes Argentinos']",2,,-32.981238,-60.706079,55.0,538.0,Municipio Rosario,Municipio,Rosario,820210,Servicio de Catastro e Información Territorial,IGN
2018,2359,2018-02-22,Jueves,0.0,20:10:00,,0.0,2,"Pickup/Utilitario,Moto/Ciclomotor",J.J.Paso Y Ecuador Bis,3,0,0,0,2,1,0,"-32.920388888889,-60.715833333333",Calle,,ROSARIO,Rosario,Asfalto,No existe,II,Dentro,Urbana,Ninguna,No existe,Recta,Bueno,Buena,Nocturna,Buen Tiempo,Lateral,S/D,Colisión,Ninguna,Faltante,Cordón divisorio,Sin restricción,"-32.920388888889,-60.715833333333","['Paso', 'Ecuador']",2,,-32.920388888889,-60.715833333333,55.0,538.0,Municipio Rosario,Municipio,Rosario,820210,Servicio de Catastro e Información Territorial,IGN
2018,2366,2018-04-13,Viernes,0.0,17:40:00,,0.0,2,"Moto/Ciclomotor,Automóvil",Constitucion Y Cerrito,3,1,0,0,0,0,2,"-32.955481, -60.677588",Calle,,ROSARIO,Rosario,Asfalto,No existe,II,S/D,Urbana,Ninguna,No existe,Intersección,Bueno,Buena,"Nocturna,Con luz artificial",Buen Tiempo,Otro,S/D,Colisión,Ninguna,Faltante,Ninguna,Sin restricción,"-32.955481, -60.677588","['Constitución', 'Cerrito']",2,,-32.955481,-60.677588,55.0,538.0,Municipio Rosario,Municipio,Rosario,820210,Servicio de Catastro e Información Territorial,IGN
2018,2372,2018-04-13,Viernes,0.0,12:30:00,,0.0,2,"Moto/Ciclomotor,Moto/Ciclomotor",San Nicolas Y Av. Pte.Peron,3,1,0,0,2,0,0,"-32.956717, -60.676466",Calle,,ROSARIO,Rosario,Asfalto,No existe,II,S/D,Urbana,Ninguna,No existe,Otro,Otro,Buena,Diurna,Buen Tiempo,Otro,S/D,Colisión,Ninguna,Faltante,Ninguna,Sin restricción,"-32.956717, -60.676466","['San Nicolás', 'Avenida Presidente Perón']",2,,-32.956717,-60.676466,55.0,538.0,Municipio Rosario,Municipio,Rosario,820210,Servicio de Catastro e Información Territorial,IGN
2018,2379,2018-04-16,Lunes,0.0,12:40:00,,0.0,1,Automóvil,Bv. Avellaneda Y La Paz,2,1,0,0,1,0,0,"-32.956780, -60.683610",Calle,,ROSARIO,Rosario,Asfalto,No existe,II,Dentro,Urbana,Paso Peatonal,No existe,Intersección,Bueno,Buena,Diurna,Buen Tiempo,Lateral,S/D,Colisión,Ninguna,Horizontal,Ninguna,Sin restricción,"-32.956780, -60.683610","['Avellaneda', 'La Paz']",2,,-32.95678,-60.68361,55.0,538.0,Municipio Rosario,Municipio,Rosario,820210,Servicio de Catastro e Información Territorial,IGN
2018,2392,2018-05-09,Miercoles,0.0,18:50:00,,0.0,2,"Moto/Ciclomotor,Automóvil",Bv. Avellaneda Y Pasco,2,1,0,0,1,0,0,"-32.95225,-60.682361111111",Avenida,,ROSARIO,Rosario,Asfalto,No existe,II,Dentro,Urbana,Ninguna,No existe,Recta,Bueno,Buena,Diurna,Buen Tiempo,Lateral,S/D,Colisión,Ninguna,Faltante,Ninguna,Sin restricción,"-32.95225,-60.682361111111","['Avellaneda', 'Pasco']",2,,-32.95225,-60.682361111111,55.0,538.0,Municipio Rosario,Municipio,Rosario,820210,Servicio de Catastro e Información Territorial,IGN
2018,2393,2018-05-14,Lunes,0.0,12:45:00,,0.0,1,Transporte de Pasajeros Urbano (> 8 asientos),Cafferata Y Av. Pte.Peron,2,1,0,0,1,0,0,"-32.9565,-60.675",Calle,,ROSARIO,Rosario,Asfalto,No existe,II,S/D,Urbana,Semáforo,Funciona,Recta,Bueno,Buena,Diurna,Buen Tiempo,S/D,S/D,Caída ocupante,Ninguna,Vertical,Ninguna,Sin restricción,"-32.9565,-60.675","['Cafferata', 'Avenida Presidente Perón']",2,,-32.9565,-60.675,55.0,538.0,Municipio Rosario,Municipio,Rosario,820210,Servicio de Catastro e Información Territorial,IGN
2018,2394,2018-06-15,Viernes,0.0,07:35:00,,0.0,2,"Automóvil,Automóvil",Bv. Avellaneda Y Mendoza,3,1,0,0,2,0,0,"-32.94425,-60.680305555556",Avenida,,ROSARIO,Rosario,Asfalto,No existe,II,S/D,Urbana,Ninguna,Funciona,Intersección,Bueno,Buena,Amanecer,Buen Tiempo,De alcance,S/D,Colisión,Ninguna,S/D,Ninguna,Sin restricción,"-32.94425,-60.680305555556","['Avellaneda', 'Mendoza']",2,,-32.94425,-60.680305555556,55.0,538.0,Municipio Rosario,Municipio,Rosario,820210,Servicio de Catastro e Información Territorial,IGN
2018,2395,2018-05-17,Jueves,0.0,08:30:00,,0.0,2,"Moto/Ciclomotor,Taxi/Remis",Viamonte 4030,2,1,0,0,1,0,0,"-32.958138888889,-60.682944444444",Calle,,ROSARIO,Rosario,Asfalto,No existe,II,S/D,Urbana,Ninguna,No existe,Recta,Bueno,Buena,Diurna,Buen Tiempo,Lateral,S/D,Colisión,Ninguna,Faltante,Ninguna,Sin restricción,"-32.958138888889,-60.682944444444",['Viamonte 4030'],1,,-32.958138888889,-60.682944444444,55.0,538.0,Municipio Rosario,Municipio,Rosario,820210,Servicio de Catastro e Información Territorial,IGN
2018,2397,2018-06-13,Miercoles,0.0,14:55:00,,0.0,2,"Automóvil,Automóvil",Av. Corrientes Y Sanchez de Bustamante,2,1,0,0,1,0,0,"-33.002083333333,-60.653305555556",S/D,,ROSARIO,Rosario,Asfalto,No existe,II,S/D,S/D,S/D,No existe,Recta,Bueno,Buena,Diurna,Buen Tiempo,Lateral,S/D,Colisión,Ninguna,S/D,Ninguna,Sin restricción,"-33.002083333333,-60.653305555556","['Corrientes', 'Sánchez de Bustamante']",2,,-33.002083333333,-60.653305555556,55.0,538.0,Municipio Rosario,Municipio,Rosario,820210,Servicio de Catastro e Información Territorial,IGN
2018,2398,2018-05-20,Domingo,0.0,00:00:00,,0.0,2,"Moto/Ciclomotor,Automóvil",Av. Pellegrini Y Lima,2,1,0,0,1,0,0,"-32.949222222222,-60.685972222222",Calle,,ROSARIO,Rosario,Asfalto,No existe,II,S/D,Urbana,S/D,S/D,Recta,Bueno,Buena,Nocturna,Buen Tiempo,Lateral,S/D,Colisión,Ninguna,S/D,Ninguna,Sin restricción,"-32.949222222222,-60.685972222222","['Pellegrini', 'Lima']",2,,-32.949222222222,-60.685972222222,55.0,538.0,Municipio Rosario,Municipio,Rosario,820210,Servicio de Catastro e Información Territorial,IGN
2018,2399,2018-06-04,Lunes,0.0,22:00:00,,0.0,2,"Moto/Ciclomotor,Automóvil",Av. Pellegrini Y Callao,2,1,0,0,1,0,0,"-32.95325,-60.662777777778",Avenida,,ROSARIO,Rosario,Asfalto,No existe,II,S/D,Urbana,Ninguna,S/D,Intersección,Bueno,Buena,Con luz artificial,Buen Tiempo,De alcance,S/D,Colisión,Ninguna,S/D,Ninguna,Sin restricción,"-32.95325,-60.662777777778","['Pellegrini', 'Callao']",2,,-32.95325,-60.662777777778,55.0,538.0,Municipio Rosario,Municipio,Rosario,820210,Servicio de Catastro e Información Territorial,IGN
2018,2401,2018-05-20,Domingo,0.0,22:00:00,,0.0,2,"Automóvil,Moto/Ciclomotor",Superi Y Machain,2,1,0,0,1,0,0,"-32.895694444444,-60.69925",Calle,,ROSARIO,Rosario,Asfalto,No existe,II,Dentro,Urbana,Ninguna,No existe,Intersección,Bueno,Buena,Nocturna,Buen Tiempo,Lateral,S/D,Colisión,Ninguna,Faltante,Barrera de hormigón,Sin restricción,"-32.895694444444,-60.69925","['Superi', 'Machain']",2,,-32.895694444444,-60.69925,55.0,538.0,Municipio Rosario,Municipio,Rosario,820210,Servicio de Catastro e Información Territorial,IGN
2018,2402,2018-06-11,Lunes,0.0,16:30:00,,0.0,2,"Bicicleta,Automóvil",Av. Battle y Ordo?ez 1600,2,1,0,0,1,0,0,"-33.009055555556,-60.655888888889",S/D,,ROSARIO,Rosario,Asfalto,No existe,II,S/D,S/D,Ninguna,No existe,Recta,Bueno,Buena,Diurna,Buen Tiempo,Contra objeto fijo,Ciclista,Atropello,Ninguna,Faltante,Ninguna,Sin restricción,"-33.009055555556,-60.655888888889",['Avenida Battle y Ordoñez 1600'],1,,-33.009055555556,-60.655888888889,55.0,538.0,Municipio Rosario,Municipio,Rosario,820210,Servicio de Catastro e Información Territorial,IGN
2018,2403,2018-05-26,Sabado,0.0,15:30:00,,0.0,2,"Automóvil,Moto/Ciclomotor",Casiano Casas 1976,2,1,0,0,1,0,0,"-32.897277777778,-60.714472222222",Calle,,ROSARIO,Rosario,Asfalto,No existe,II,Dentro,Urbana,Ninguna,No existe,Recta,Bueno,Buena,Diurna,Buen Tiempo,S/D,S/D,Colisión,Ninguna,Faltante,Barrera de hormigón,Sin restricción,"-32.897277777778,-60.714472222222",['Casiano Casas 1976'],1,,-32.897277777778,-60.714472222222,55.0,538.0,Municipio Rosario,Municipio,Rosario,820210,Servicio de Catastro e Información Territorial,IGN
2018,2405,2018-06-21,Jueves,0.0,15:45:00,,0.0,2,"Moto/Ciclomotor,Automóvil",Mendoza Y Cafferata,3,1,0,0,2,0,0,"-32.945666666667,-60.672277777778",Calle,,ROSARIO,Rosario,Asfalto,No existe,II,S/D,Urbana,Ninguna,Funciona,Intersección,Bueno,Buena,Diurna,Buen Tiempo,De alcance,S/D,Colisión,Ninguna,Horizontal,Ninguna,Sin restricción,"-32.945666666667,-60.672277777778","['Mendoza', 'Cafferata']",2,,-32.945666666667,-60.672277777778,55.0,538.0,Municipio Rosario,Municipio,Rosario,820210,Servicio de Catastro e Información Territorial,IGN
2018,2406,2018-06-10,Domingo,0.0,22:00:00,,0.0,2,"Moto/Ciclomotor,Automóvil",Entre Rios Y Virasoro,3,1,0,0,2,0,0,"-32.969416666667,-60.646861111111",Calle,,ROSARIO,Rosario,Asfalto,No existe,II,S/D,Urbana,Ninguna,S/D,Recta,Bueno,Buena,Nocturna,Buen Tiempo,Lateral,S/D,Colisión,Ninguna,Faltante,Ninguna,Sin restricción,"-32.969416666667,-60.646861111111","['Entre Ríos', 'Virasoro']",2,,-32.969416666667,-60.646861111111,55.0,538.0,Municipio Rosario,Municipio,Rosario,820210,Servicio de Catastro e Información Territorial,IGN
2018,2409,2018-06-08,Viernes,0.0,23:30:00,,0.0,2,"Bicicleta,Automóvil",Cordoba 2900,2,1,0,0,1,0,0,"-32.942,-60.662833333333",Calle,,ROSARIO,Rosario,Asfalto,No existe,II,S/D,Urbana,Ninguna,S/D,Intersección,Bueno,Buena,Con luz artificial,Otro,De alcance,Ciclista,Atropello,Ninguna,S/D,Ninguna,Sin restricción,"-32.942,-60.662833333333",['Cordoba 2900'],1,,-32.942,-60.662833333333,55.0,538.0,Municipio Rosario,Municipio,Rosario,820210,Servicio de Catastro e Información Territorial,IGN
2018,2410,2018-06-09,Sabado,0.0,18:00:00,,0.0,2,"Moto/Ciclomotor,Automóvil",Centenario Y Leiva,2,1,0,0,1,0,0,"-33.003888888889,-60.637861111111",S/D,,ROSARIO,Rosario,Asfalto,No existe,II,Dentro,Urbana,Ninguna,No existe,Intersección,Bueno,Buena,Diurna,Buen Tiempo,Lateral,S/D,Colisión,Ninguna,Faltante,Ninguna,Sin restricción,"-33.003888888889,-60.637861111111","['Centenario', 'Leiva']",2,,-33.003888888889,-60.637861111111,55.0,538.0,Municipio Rosario,Municipio,Rosario,820210,Servicio de Catastro e Información Territorial,IGN
2018,2413,2018-06-11,Lunes,0.0,14:55:00,,0.0,2,"Moto/Ciclomotor,Pickup/Utilitario",San Martin Y Biedma,2,1,0,0,1,0,0,"-32.981722222222,-60.644916666667",S/D,,ROSARIO,Rosario,Asfalto,No existe,II,Dentro,Urbana,Ninguna,No existe,Intersección,Bueno,Buena,Diurna,Buen Tiempo,Lateral,S/D,Colisión,Ninguna,Faltante,Ninguna,Sin restricción,"-32.981722222222,-60.644916666667","['San Martin', 'Coronel Biedma']",2,,-32.981722222222,-60.644916666667,55.0,538.0,Municipio Rosario,Municipio,Rosario,820210,Servicio de Catastro e Información Territorial,IGN
2018,2414,2018-06-02,Sabado,0.0,10:40:00,,0.0,2,"Automóvil,Moto/Ciclomotor",Marcos Paz Y Castellanos,2,1,0,0,1,0,0,"-32.94425,-60.676166666667",Calle,,ROSARIO,Rosario,Asfalto,No existe,II,Dentro,Urbana,Ninguna,S/D,Intersección,Bueno,Buena,Diurna,Buen Tiempo,De alcance,S/D,Colisión,Ninguna,Faltante,Ninguna,Sin restricción,"-32.94425,-60.676166666667","['Marcos Paz', 'Aaron Castellanos']",2,,-32.94425,-60.676166666667,55.0,538.0,Municipio Rosario,Municipio,Rosario,820210,Servicio de Catastro e Información Territorial,IGN
2018,2417,2018-06-11,Lunes,0.0,16:10:00,,0.0,2,"Moto/Ciclomotor,Pickup/Utilitario",Av. Castro Barros Y Lamadrid,2,1,0,0,1,0,0,"-32.9965,-60.629694444444",Calle,,ROSARIO,Rosario,Asfalto,No existe,II,Dentro,Urbana,Ninguna,No existe,Intersección,Bueno,Buena,Diurna,Buen Tiempo,Lateral,S/D,Colisión,Ninguna,Faltante,Ninguna,Sin restricción,"-32.9965,-60.629694444444","['Castro Barros', 'Lamadrid']",2,,-32.9965,-60.629694444444,55.0,538.0,Municipio Rosario,Municipio,Rosario,820210,Servicio de Catastro e Información Territorial,IGN
2018,2418,2018-06-02,Sabado,0.0,03:00:00,,0.0,3,"Automóvil,Automóvil,Pickup/Utilitario",Ricchieri Y Montevideo,5,4,0,0,0,0,1,"-32.951722222222,-60.665277777778",Calle,,ROSARIO,Rosario,Asfalto,No existe,II,Dentro,Urbana,Ninguna,No existe,Intersección,Bueno,Reducida polvo,Diurna,Buen Tiempo,De alcance,S/D,Colisión,Ninguna,Faltante,Ninguna,Sin restricción,"-32.951722222222,-60.665277777778","['Ricchieri', 'Montevideo']",2,,-32.951722222222,-60.665277777778,55.0,538.0,Municipio Rosario,Municipio,Rosario,820210,Servicio de Catastro e Información Territorial,IGN
2018,2419,2018-05-10,Jueves,0.0,21:00:00,,0.0,2,"Moto/Ciclomotor,Automóvil",Nicolas Laguna Y Salvat,3,1,0,0,2,0,0,"-32.883416666667,-60.724277777778",Avenida,,ROSARIO,Rosario,Asfalto,S/D,II,S/D,Urbana,Ninguna,No existe,Intersección,Bueno,Buena,"Nocturna,Con luz artificial",Buen Tiempo,Otro,S/D,Colisión,Ninguna,Faltante,Ninguna,S/D,"-32.883416666667,-60.724277777778","['Laguna', 'Salvat']",2,,-32.883416666667,-60.724277777778,55.0,538.0,Municipio Rosario,Municipio,Rosario,820210,Servicio de Catastro e Información Territorial,IGN