anio_acci,nro_acci,fecha,desc_dia,fecha_aprox,hora_aprox,desc_ruta,km,cant_participantes,desc_participante,calle_avenida_km,total,heridos_leves,heridos_graves,heridos_gravisimos,ilesos,fallecidos,sin_datos,posicion_XY,desc_tipo_via,desc_ruta_ori,desc_loc,desc_dpto,desc_tipo_calzada,desc_tipo_banquina,desc_unidad_regional,desc_lugar_calzada,desc_zona,desc_prioridad,desc_estado_semaforo,desc_lugar_via,desc_estado_via,desc_estado_visibilidad,desc_luminosidad,desc_estado_clima,desc_tipo_colision,desc_tipo_atropello,desc_tipo_hecho,desc_pres_calzada,desc_senializacion,desc_separacion_via,desc_restriccion,forma_geocod,calle_lista,numero_calles,calles_osm,lat,lon,index_right,gid,fna,gna,nam,in1,fdc,sag
2018,2420,2018-06-11,Lunes,0.0,10:00:00,,0.0,2,"Peatón,Automóvil",Mariano Moreno Y Uruguay,2,1,0,0,1,0,0,"-32.974555555556,-60.658222222222",Calle,,ROSARIO,Rosario,Asfalto,No existe,II,Dentro,Urbana,Ninguna,No existe,Intersección,Bueno,Buena,S/D,Buen Tiempo,S/D,Peatón,Atropello,Ninguna,Faltante,Ninguna,Sin restricción,"-32.974555555556,-60.658222222222","['Mariano Moreno', 'Uruguay']",2,,-32.974555555556,-60.658222222222,55.0,538.0,Municipio Rosario,Municipio,Rosario,820210,Servicio de Catastro e Información Territorial,IGN
2018,2421,2018-05-11,Viernes,0.0,16:20:00,,0.0,2,"Moto/Ciclomotor,Moto/Ciclomotor",Av. J.Suarez 2300,2,2,0,0,0,0,0,"-32.89036, -60.72666",Calle,,ROSARIO,Rosario,Asfalto,No existe,II,S/D,Urbana,Ninguna,No existe,Curva,Con baches,Buena,Diurna,Buen Tiempo,S/D,S/D,Colisión,Ninguna,Faltante,Ninguna,Sin restricción,"-32.89036, -60.72666",['J Suarez 2300'],1,,-32.89036,-60.72666,55.0,538.0,Municipio Rosario,Municipio,Rosario,820210,Servicio de Catastro e Información Territorial,IGN
2018,2423,2018-06-01,Viernes,0.0,08:00:00,,0.0,2,"Automóvil,Moto/Ciclomotor",Uruguay Y Av. Ovidio Lagos,3,1,0,0,2,0,0,"-32.972638888889,-60.668861111111",S/D,,ROSARIO,Rosario,Asfalto,No existe,II,S/D,S/D,Ninguna,Funciona,Intersección,Bueno,Buena,Diurna,Buen Tiempo,Lateral,S/D,Colisión,Ninguna,Faltante,Ninguna,Sin restricción,"-32.972638888889,-60.668861111111","['Uruguay', 'Avenida Ovidio Lagos']",2,,-32.972638888889,-60.668861111111,55.0,538.0,Municipio Rosario,Municipio,Rosario,820210,Servicio de Catastro e Información Territorial,IGN
2018,2424,2018-06-11,Lunes,0.0,14:20:00,,0.0,2,"Automóvil,Moto/Ciclomotor",Av. Pellegrini 4400,3,1,0,0,2,0,0,"-32.949083333333,-60.685944444444",Avenida,,ROSARIO,Rosario,Asfalto,No existe,II,S/D,Urbana,Ninguna,No existe,Recta,Bueno,Buena,Diurna,Buen Tiempo,De alcance,S/D,Colisión,Ninguna,Faltante,S/D,Sin restricción,"-32.949083333333,-60.685944444444",['Pellegrini 4400'],1,,-32.949083333333,-60.685944444444,55.0,538.0,Municipio Rosario,Municipio,Rosario,820210,Servicio de Catastro e Información Territorial,IGN
2018,2425,2018-05-24,Jueves,0.0,19:25:00,,0.0,2,"Automóvil,Peatón",Nicolas Laguna Y Conway,3,1,1,0,1,0,0,"-32.884166666667,-60.72425",Calle,,ROSARIO,Rosario,Asfalto,S/D,II,S/D,Urbana,Ninguna,No existe,Intersección,Otro,Reducida,Atardecer,Buen Tiempo,S/D,Peatón,Atropello,Otro,Faltante,Ninguna,Sin restricción,"-32.884166666667,-60.72425","['Laguna', 'Conway']",2,,-32.884166666667,-60.72425,55.0,538.0,Municipio Rosario,Municipio,Rosario,820210,Servicio de Catastro e Información Territorial,IGN
2018,2426,2018-06-09,Sabado,0.0,08:15:00,,0.0,2,"Moto/Ciclomotor,Automóvil",Av. Ntra.Sra.del Rosario 300,2,1,0,0,1,0,0,"-32.999472222222,-60.636333333333",Calle,,ROSARIO,Rosario,Asfalto,No existe,II,Dentro,Urbana,Ninguna,Funciona,Intersección,Bueno,Buena,Diurna,Buen Tiempo,Lateral,S/D,Colisión,Ninguna,Vertical,Ninguna,Sin restricción,"-32.999472222222,-60.636333333333",['Ntra Sra Del Rosario 300'],1,,-32.999472222222,-60.636333333333,55.0,538.0,Municipio Rosario,Municipio,Rosario,820210,Servicio de Catastro e Información Territorial,IGN
2018,2428,2018-06-17,Domingo,0.0,05:40:00,,0.0,1,Moto/Ciclomotor,Mendoza Y Carriego,1,1,0,0,0,0,0,"-32.9425,-60.689972222222",Calle,,ROSARIO,Rosario,Asfalto,No existe,II,S/D,Urbana,Ninguna,No existe,Intersección,Bueno,Reducida,Nocturna,Buen Tiempo,De alcance,S/D,Atropello,Ninguna,S/D,Ninguna,Sin restricción,"-32.9425,-60.689972222222","['Mendoza', 'Carriego']",2,,-32.9425,-60.689972222222,55.0,538.0,Municipio Rosario,Municipio,Rosario,820210,Servicio de Catastro e Información Territorial,IGN
2018,2429,2018-05-09,Miercoles,0.0,17:00:00,,0.0,2,"Automóvil,Pickup/Utilitario",Pujato Y Cruz Chica,2,1,0,0,1,0,0,"-32.882138888889,-60.705972222222",Calle,,ROSARIO,Rosario,Asfalto,No existe,II,Dentro,Urbana,Ninguna,No existe,Intersección,Bueno,Buena,Diurna,Buen Tiempo,Lateral,S/D,Colisión,Ninguna,Faltante,Ninguna,Sin restricción,"-32.882138888889,-60.705972222222","['Pujato', 'Cruz Chica']",2,,-32.882138888889,-60.705972222222,55.0,538.0,Municipio Rosario,Municipio,Rosario,820210,Servicio de Catastro e Información Territorial,IGN
2018,2430,2018-05-19,Sabado,0.0,15:40:00,,0.0,2,"Automóvil,Moto/Ciclomotor",Av. Corrientes Y Av. Uriburu,3,1,0,0,2,0,0,"-32.990888888889,-60.653722222222",Avenida,,ROSARIO,Rosario,Hormigón,No existe,II,S/D,Urbana,Semáforo,Funciona,Intersección,Bueno,Buena,Diurna,Buen Tiempo,Lateral,S/D,Colisión,Ninguna,Faltante,S/D,Sin restricción,"-32.990888888889,-60.653722222222","['Corrientes', 'Uriburu']",2,,-32.990888888889,-60.653722222222,55.0,538.0,Municipio Rosario,Municipio,Rosario,820210,Servicio de Catastro e Información Territorial,IGN
2018,2432,2018-06-08,Viernes,0.0,14:45:00,,0.0,2,"Automóvil,Transporte de Pasajeros Urbano (> 8 asientos)",Av. Ntra.Sra.del Rosario Y Serrano,2,1,0,0,1,0,0,"-32.999333333333,-60.631916666667",Calle,,ROSARIO,Rosario,Asfalto,No existe,II,Dentro,Urbana,Ninguna,No existe,Intersección,Bueno,Buena,Diurna,Buen Tiempo,Lateral,S/D,Colisión,Ninguna,Faltante,Ninguna,Sin restricción,"-32.999333333333,-60.631916666667","['Nuestra Señora del Rosario', 'Serrano']",2,,-32.999333333333,-60.631916666667,55.0,538.0,Municipio Rosario,Municipio,Rosario,820210,Servicio de Catastro e Información Territorial,IGN
2018,2433,2018-06-14,Jueves,0.0,14:40:00,,0.0,2,"Automóvil,Moto/Ciclomotor",San Luis Y Crespo,3,1,0,0,2,0,0,"-32.943638888889,-60.668916666667",Calle,,ROSARIO,Rosario,Asfalto,No existe,II,S/D,Urbana,Ninguna,No existe,Intersección,Bueno,Buena,Diurna,Buen Tiempo,De alcance,S/D,Colisión,Ninguna,Faltante,Ninguna,Sin restricción,"-32.943638888889,-60.668916666667","['San Luis', 'Crespo']",2,,-32.943638888889,-60.668916666667,55.0,538.0,Municipio Rosario,Municipio,Rosario,820210,Servicio de Catastro e Información Territorial,IGN
2018,2434,2018-05-10,Jueves,0.0,08:25:00,,0.0,2,"Taxi/Remis,Automóvil",San Juan Y Alvear,3,1,0,0,2,0,0,"-32.947194444444,-60.655611111111",Calle,,ROSARIO,Rosario,S/D,S/D,II,S/D,Urbana,S/D,S/D,Intersección,S/D,S/D,Diurna,S/D,S/D,S/D,Colisión,S/D,S/D,S/D,S/D,"-32.947194444444,-60.655611111111","['San Juan', 'Alvear']",2,,-32.947194444444,-60.655611111111,55.0,538.0,Municipio Rosario,Municipio,Rosario,820210,Servicio de Catastro e Información Territorial,IGN
2018,2435,2018-06-11,Lunes,0.0,15:40:00,,0.0,2,"Automóvil,Automóvil",Av. Pellegrini Y Carriego,2,1,0,0,1,0,0,"-32.948111111111,-60.691361111111",Calle,,ROSARIO,Rosario,Asfalto,No existe,II,Dentro,Urbana,Ninguna,Funciona,Recta,Bueno,Buena,Diurna,Buen Tiempo,De alcance,S/D,Colisión,Ninguna,Faltante,Ninguna,Sin restricción,"-32.948111111111,-60.691361111111","['Pellegrini', 'Carriego']",2,,-32.948111111111,-60.691361111111,55.0,538.0,Municipio Rosario,Municipio,Rosario,820210,Servicio de Catastro e Información Territorial,IGN
2018,2438,2018-06-03,Domingo,0.0,02:30:00,,0.0,2,"Taxi/Remis,Moto/Ciclomotor",Bv. Oro?o Y Biedma,3,2,0,0,1,0,0,"-32.978666666667,-60.662027777778",Calle,,ROSARIO,Rosario,Asfalto,No existe,II,S/D,Urbana,Ninguna,Funciona,Intersección,Bueno,Buena,Nocturna,Buen Tiempo,Lateral,S/D,Colisión,Ninguna,Vertical,Ninguna,Sin restricción,"-32.978666666667,-60.662027777778","['Bulevar Nicasio Oroño', 'Coronel Biedma']",2,,-32.978666666667,-60.662027777778,55.0,538.0,Municipio Rosario,Municipio,Rosario,820210,Servicio de Catastro e Información Territorial,IGN
2018,2440,2018-06-04,Lunes,0.0,20:15:00,,0.0,2,"Moto/Ciclomotor,Automóvil",A.Maza 3600,2,0,1,0,0,0,1,"-32.882111111111,-60.690416666667",Calle,,ROSARIO,Rosario,Asfalto,No existe,II,Dentro,Urbana,Ninguna,No existe,Intersección,Bueno,Buena,Nocturna,Buen Tiempo,Lateral,S/D,Colisión,Ninguna,Faltante,Ninguna,Sin restricción,"-32.882111111111,-60.690416666667",['A Maza 3600'],1,,-32.882111111111,-60.690416666667,55.0,538.0,Municipio Rosario,Municipio,Rosario,820210,Servicio de Catastro e Información Territorial,IGN
2018,2441,2018-06-01,Viernes,0.0,16:25:00,,0.0,2,"Automóvil,Automóvil",Av. Jorge Cura Y Rodriguez,7,1,0,0,6,0,0,"-32.970083333333,-60.665638888889",Calle,,ROSARIO,Rosario,Asfalto,No existe,II,Dentro,Urbana,Ninguna,No existe,Intersección,Bueno,Buena,Atardecer,Buen Tiempo,Lateral,S/D,Colisión,S/D,Faltante,Ninguna,Sin restricción,"-32.970083333333,-60.665638888889","['Avenida Jorge Cura', 'Rodríguez']",2,,-32.970083333333,-60.665638888889,55.0,538.0,Municipio Rosario,Municipio,Rosario,820210,Servicio de Catastro e Información Territorial,IGN
2018,2443,2018-06-08,Viernes,0.0,20:00:00,,0.0,2,"Moto/Ciclomotor,Taxi/Remis",Bv. Rondeau Y Matheu,2,1,0,0,1,0,0,"-32.888444444444,-60.694444444444",Calle,,ROSARIO,Rosario,Asfalto,No existe,II,Dentro,Urbana,Semáforo,Funciona,Intersección,Bueno,Buena,Nocturna,Buen Tiempo,Lateral,S/D,Colisión,Ninguna,Vertical,Ninguna,Sin restricción,"-32.888444444444,-60.694444444444","['Rondeau', 'Matheu']",2,,-32.888444444444,-60.694444444444,55.0,538.0,Municipio Rosario,Municipio,Rosario,820210,Servicio de Catastro e Información Territorial,IGN
2018,2449,2018-06-28,Jueves,0.0,09:20:00,,0.0,2,"Automóvil,Moto/Ciclomotor",Gallo Y J.C.Paz,2,1,0,0,1,0,0,"-32.890111111111,-60.691111111111",Calle,,ROSARIO,Rosario,Asfalto,No existe,II,S/D,Urbana,Ninguna,No existe,Intersección,Bueno,Buena,Diurna,Buen Tiempo,Frontal,S/D,Colisión,Ninguna,Faltante,Ninguna,Sin restricción,"-32.890111111111,-60.691111111111","['Gallo', 'Paz']",2,,-32.890111111111,-60.691111111111,55.0,538.0,Municipio Rosario,Municipio,Rosario,820210,Servicio de Catastro e Información Territorial,IGN
2018,2450,2018-06-06,Miercoles,0.0,10:45:00,,0.0,2,"Moto/Ciclomotor,Pickup/Utilitario",Av. Battle y Ordo?ez Y Paraguay,2,1,0,0,1,0,0,"-33.009,-60.654472222222",S/D,,ROSARIO,Rosario,Asfalto,No existe,II,S/D,Urbana,Ninguna,No existe,Intersección,Bueno,Buena,Diurna,Buen Tiempo,Lateral,S/D,Colisión,Ninguna,Faltante,Ninguna,Sin restricción,"-33.009,-60.654472222222","['Avenida Battle y Ordoñez', 'Paraguay']",2,,-33.009,-60.654472222222,55.0,538.0,Municipio Rosario,Municipio,Rosario,820210,Servicio de Catastro e Información Territorial,IGN
2018,2451,2018-05-18,Viernes,0.0,17:30:00,,0.0,2,"Moto/Ciclomotor,Automóvil",Juan Canals Y Callao,2,0,1,0,1,0,0,"-32.985472222222,-60.670916666667",Calle,,ROSARIO,Rosario,Asfalto,No existe,II,S/D,Urbana,Ninguna,No existe,Intersección,Bueno,Buena,Diurna,Buen Tiempo,Lateral,S/D,Colisión,Ninguna,Faltante,Ninguna,Sin restricción,"-32.985472222222,-60.670916666667","['Juan Canals', 'Callao']",2,,-32.985472222222,-60.670916666667,55.0,538.0,Municipio Rosario,Municipio,Rosario,820210,Servicio de Catastro e Información Territorial,IGN
2018,2453,2018-06-07,Jueves,0.0,12:30:00,,0.0,2,"Automóvil,Moto/Ciclomotor",Bv. Segui Y Entre Rios,2,1,0,0,1,0,0,"-32.978666666667,-60.649194444444",S/D,,ROSARIO,Rosario,Asfalto,No existe,II,S/D,Urbana,Ninguna,No existe,Intersección,Bueno,Buena,Diurna,Buen Tiempo,Lateral,S/D,Colisión,Ninguna,Faltante,Ninguna,Sin restricción,"-32.978666666667,-60.649194444444","['Bulevar Juan Francisco Seguí', 'Entre Ríos']",2,,-32.978666666667,-60.649194444444,55.0,538.0,Municipio Rosario,Municipio,Rosario,820210,Servicio de Catastro e Información Territorial,IGN
2018,2455,2018-06-02,Sabado,0.0,23:45:00,,0.0,1,Moto/Ciclomotor,J.B.Justo Y Barra Bis,2,1,0,0,1,0,0,"-32.914777777778,-60.708138888889",Calle,,ROSARIO,Rosario,Asfalto,S/D,II,Dentro,Urbana,S/D,S/D,Intersección,Bueno,S/D,Nocturna,S/D,S/D,S/D,S/D,S/D,S/D,Ninguna,S/D,"-32.914777777778,-60.708138888889","['Justo', 'Barra']",2,,-32.914777777778,-60.708138888889,55.0,538.0,Municipio Rosario,Municipio,Rosario,820210,Servicio de Catastro e Información Territorial,IGN
2018,2456,2018-06-08,Viernes,0.0,00:55:00,,0.0,2,"Automóvil,Moto/Ciclomotor",Bv. Segui ,3,1,0,0,2,0,0,"-32.977055555556,-60.657444444444",Calle,,ROSARIO,Rosario,Asfalto,No existe,II,S/D,Urbana,Ninguna,No existe,Intersección,Bueno,Buena,Nocturna,Buen Tiempo,Lateral,S/D,Colisión,Ninguna,Faltante,Ninguna,Sin restricción,"-32.977055555556,-60.657444444444",['Bulevar Juan Francisco Seguí'],1,,-32.977055555556,-60.657444444444,55.0,538.0,Municipio Rosario,Municipio,Rosario,820210,Servicio de Catastro e Información Territorial,IGN
2018,2457,2018-06-01,Viernes,0.0,21:30:00,,0.0,2,"Moto/Ciclomotor,Pickup/Utilitario",J.J.Paso Y Dr.Victor Cue Bis,2,1,0,0,1,0,0,"-32.91975,-60.697083333333",Avenida,,ROSARIO,Rosario,Asfalto,No existe,II,Dentro,Urbana,Ninguna,No existe,Intersección,Bueno,Buena,Con luz artificial,Buen Tiempo,Frontal,S/D,Colisión,Ninguna,Faltante,Ninguna,Sin restricción,"-32.91975,-60.697083333333","['Paso', 'Victor Cue']",2,,-32.91975,-60.697083333333,55.0,538.0,Municipio Rosario,Municipio,Rosario,820210,Servicio de Catastro e Información Territorial,IGN
2018,2488,2018-05-02,Miercoles,0.0,11:00:00,,0.0,2,"Transporte de Pasajeros Urbano (> 8 asientos),Peatón",Santa Fe Y Sarmiento,2,1,0,0,1,0,0,"-32.945111111111,-60.637888888889",Calle,,ROSARIO,Rosario,S/D,S/D,II,S/D,Urbana,S/D,Funciona,Intersección,S/D,Buena,Diurna,Lluvia,S/D,Peatón,Atropello,Agua,S/D,S/D,S/D,"-32.945111111111,-60.637888888889","['Santa Fe', 'Sarmiento']",2,,-32.945111111111,-60.637888888889,55.0,538.0,Municipio Rosario,Municipio,Rosario,820210,Servicio de Catastro e Información Territorial,IGN
2018,2489,2018-05-22,Martes,0.0,07:50:00,,0.0,1,Transporte de Pasajeros Urbano (> 8 asientos),Colon Y Av. Pellegrini,3,1,0,0,2,0,0,"-32.959444444444,-60.62825",Calle,,ROSARIO,Rosario,Asfalto,S/D,II,Dentro,Urbana,S/D,S/D,Recta,Bueno,Buena,Diurna,S/D,Otro,S/D,Caída ocupante,S/D,S/D,S/D,S/D,"-32.959444444444,-60.62825","['Colon', 'Pellegrini']",2,,-32.959444444444,-60.62825,55.0,538.0,Municipio Rosario,Municipio,Rosario,820210,Servicio de Catastro e Información Territorial,IGN
2018,2490,2018-05-01,Martes,0.0,19:30:00,,0.0,3,"Automóvil,Automóvil,Automóvil",Av. Belgrano Y Av. Pellegrini,4,2,0,0,2,0,0,"-32.960944444444,-60.621194444444",Avenida,,ROSARIO,Rosario,Asfalto,S/D,II,Dentro,Urbana,S/D,S/D,Intersección,Bueno,Buena,Diurna,S/D,Múltiple,S/D,Colisión,S/D,S/D,S/D,S/D,"-32.960944444444,-60.621194444444","['Belgrano', 'Pellegrini']",2,,-32.960944444444,-60.621194444444,55.0,538.0,Municipio Rosario,Municipio,Rosario,820210,Servicio de Catastro e Información Territorial,IGN
2018,2491,2018-05-09,Miercoles,0.0,09:50:00,,0.0,1,Transporte de Pasajeros Urbano (> 8 asientos),Santa Fe Y Balcarce,2,1,0,0,1,0,0,"-32.942611111111,-60.651583333333",Calle,,ROSARIO,Rosario,Asfalto,S/D,II,S/D,Urbana,Semáforo,Funciona,Intersección,Bueno,Buena,Diurna,Buen Tiempo,S/D,S/D,Caída ocupante,Ninguna,Vertical,Ninguna,Sin restricción,"-32.942611111111,-60.651583333333","['Santa Fe', 'Balcarce']",2,,-32.942611111111,-60.651583333333,55.0,538.0,Municipio Rosario,Municipio,Rosario,820210,Servicio de Catastro e Información Territorial,IGN
2018,2492,2018-06-08,Viernes,0.0,14:30:00,,0.0,2,"Moto/Ciclomotor,Automóvil",Mitre Y Bv. Segui,3,2,0,0,1,0,0,"-32.978777777778,-60.64775",Calle,,ROSARIO,Rosario,Asfalto,No existe,II,S/D,Urbana,Ninguna,No existe,Intersección,Bueno,Buena,Diurna,Buen Tiempo,Lateral,S/D,Colisión,Ninguna,Faltante,Ninguna,Sin restricción,"-32.978777777778,-60.64775","['Mitre', 'Bulevar Juan Francisco Seguí']",2,,-32.978777777778,-60.64775,55.0,538.0,Municipio Rosario,Municipio,Rosario,820210,Servicio de Catastro e Información Territorial,IGN
2018,2494,2018-06-08,Viernes,0.0,14:20:00,,0.0,2,"Moto/Ciclomotor,Automóvil",Leiva Y Pje. Ferran,2,1,0,0,1,0,0,"-33.0065,-60.63775",S/D,,ROSARIO,Rosario,Asfalto,No existe,II,S/D,S/D,Ninguna,No existe,Intersección,Bueno,Buena,Diurna,Buen Tiempo,Lateral,S/D,Colisión,Ninguna,Faltante,Ninguna,Sin restricción,"-33.0065,-60.63775","['Leiva', 'Ferrán']",2,,-33.0065,-60.63775,55.0,538.0,Municipio Rosario,Municipio,Rosario,820210,Servicio de Catastro e Información Territorial,IGN
2018,2495,2018-05-03,Jueves,0.0,18:35:00,,0.0,2,"Moto/Ciclomotor,Automóvil",Montevideo Y Valparaiso,3,1,0,0,2,0,0,"-32.948305555556,-60.684333333333",Calle,,ROSARIO,Rosario,Asfalto,No existe,II,Dentro,Urbana,Ninguna,No existe,Intersección,Bueno,Buena,Diurna,Buen Tiempo,De alcance,S/D,Colisión,Ninguna,Faltante,Ninguna,Sin restricción,"-32.948305555556,-60.684333333333","['Montevideo', 'Valparaíso']",2,,-32.948305555556,-60.684333333333,55.0,538.0,Municipio Rosario,Municipio,Rosario,820210,Servicio de Catastro e Información Territorial,IGN
2018,2496,2018-06-04,Lunes,0.0,20:45:00,,0.0,2,"Transporte de Pasajeros Urbano (> 8 asientos),Peatón",San Martin 3200,2,1,0,0,1,0,0,"-32.97475,-60.64375",S/D,,ROSARIO,Rosario,Asfalto,No existe,II,S/D,S/D,Ninguna,Funciona,Recta,Bueno,Buena,Nocturna,Buen Tiempo,S/D,Peatón,Atropello,Ninguna,Faltante,Ninguna,Sin restricción,"-32.97475,-60.64375",['San Martin 3200'],1,,-32.97475,-60.64375,55.0,538.0,Municipio Rosario,Municipio,Rosario,820210,Servicio de Catastro e Información Territorial,IGN
2018,2497,2018-05-03,Jueves,0.0,18:15:00,,0.0,2,"Automóvil,Moto/Ciclomotor",3 De Febrero Y Iriondo,2,1,0,0,1,0,0,"-32.947166666667,-60.671222222222",Calle,,ROSARIO,Rosario,Asfalto,No existe,II,Dentro,Urbana,Ninguna,No existe,Intersección,Bueno,Buena,Diurna,Buen Tiempo,De alcance,S/D,Colisión,Agua,Faltante,Ninguna,Sin restricción,"-32.947166666667,-60.671222222222","['3 de Febrero', 'Iriondo']",2,,-32.947166666667,-60.671222222222,55.0,538.0,Municipio Rosario,Municipio,Rosario,820210,Servicio de Catastro e Información Territorial,IGN
2018,2498,2018-06-05,Martes,0.0,22:55:00,,0.0,2,"Moto/Ciclomotor,Automóvil",Av. Uriburu Y Mitre,2,0,1,0,1,0,0,"-32.990777777778,-60.650722222222",S/D,,ROSARIO,Rosario,Asfalto,No existe,II,S/D,S/D,Ninguna,No existe,Intersección,Bueno,Buena,Nocturna,Buen Tiempo,Lateral,S/D,Colisión,Ninguna,Faltante,Ninguna,Sin restricción,"-32.990777777778,-60.650722222222","['Uriburu', 'Mitre']",2,,-32.990777777778,-60.650722222222,55.0,538.0,Municipio Rosario,Municipio,Rosario,820210,Servicio de Catastro e Información Territorial,IGN
2018,2500,2018-05-05,Sabado,0.0,,,0.0,2,"Moto/Ciclomotor,Automóvil",Castellanos Y E.Zeballos,2,0,0,1,1,0,0,"-32.948388888889,-60.677222222222",Calle,,ROSARIO,Rosario,Asfalto,No existe,II,Dentro,Urbana,Ninguna,No existe,Recta,Bueno,Buena,Atardecer,Buen Tiempo,De alcance,S/D,Colisión,Ninguna,Faltante,Ninguna,Sin restricción,"-32.948388888889,-60.677222222222","['Aaron Castellanos', 'Zeballos']",2,,-32.948388888889,-60.677222222222,55.0,538.0,Municipio Rosario,Municipio,Rosario,820210,Servicio de Catastro e Información Territorial,IGN
2018,2501,2018-06-04,Lunes,0.0,09:15:00,,0.0,2,"Automóvil,Automóvil",Anchorena Y Buenos Aires,2,1,0,0,1,0,0,"-32.997638888889,-60.645166666667",Calle,,ROSARIO,Rosario,Asfalto,No existe,II,S/D,S/D,Ninguna,No existe,Intersección,Bueno,Buena,Diurna,Buen Tiempo,Lateral,S/D,Colisión,Ninguna,Faltante,Ninguna,Sin restricción,"-32.997638888889,-60.645166666667","['Anchorena', 'Buenos Aires']",2,,-32.997638888889,-60.645166666667,55.0,538.0,Municipio Rosario,Municipio,Rosario,820210,Servicio de Catastro e Información Territorial,IGN
2018,2502,2018-05-02,Miercoles,0.0,11:15:00,,0.0,3,"Taxi/Remis,Automóvil,Automóvil",Vera Mujica Y San Luis,3,2,0,0,1,0,0,"-32.943888888889,-60.667555555556",Calle,,ROSARIO,Rosario,Asfalto,No existe,II,S/D,Urbana,Ninguna,No existe,Intersección,Bueno,Buena,Diurna,Buen Tiempo,De alcance,S/D,Colisión,Ninguna,Faltante,Ninguna,Sin restricción,"-32.943888888889,-60.667555555556","['Vera Mujíca', 'San Luis']",2,,-32.943888888889,-60.667555555556,55.0,538.0,Municipio Rosario,Municipio,Rosario,820210,Servicio de Catastro e Información Territorial,IGN
2018,2503,2018-06-02,Sabado,0.0,12:20:00,,0.0,2,"Pickup/Utilitario,Moto/Ciclomotor",J.J.Paso Y Mariano Cabal Bis,2,1,0,0,1,0,0,"-32.919888888889,-60.702611111111",Avenida,,ROSARIO,Rosario,Asfalto,No existe,II,Dentro,Urbana,Ninguna,No existe,Intersección,Bueno,Buena,Diurna,Buen Tiempo,Frontal,S/D,Colisión,Ninguna,Faltante,Ninguna,Sin restricción,"-32.919888888889,-60.702611111111","['Paso', 'Mariano Cabal']",2,,-32.919888888889,-60.702611111111,55.0,538.0,Municipio Rosario,Municipio,Rosario,820210,Servicio de Catastro e Información Territorial,IGN
2018,2505,2018-06-05,Martes,0.0,13:05:00,,0.0,2,"Automóvil,Moto/Ciclomotor",Paraguay Y Dean Funes,2,1,0,0,1,0,0,"-32.974638888889,-60.651083333333",Calle,,ROSARIO,Rosario,Asfalto,No existe,II,S/D,Urbana,Ninguna,No existe,Intersección,Bueno,Buena,Diurna,Buen Tiempo,Lateral,S/D,Colisión,Ninguna,Faltante,Ninguna,Sin restricción,"-32.974638888889,-60.651083333333","['Paraguay', 'Deán Gregorio Funes']",2,,-32.974638888889,-60.651083333333,55.0,538.0,Municipio Rosario,Municipio,Rosario,820210,Servicio de Catastro e Información Territorial,IGN
2018,2506,2018-06-05,Martes,0.0,16:15:00,,0.0,2,"Moto/Ciclomotor,Vehículo Oficial",Juan Pablo II Bis 2100,5,2,0,0,3,0,0,"-32.900168208077, -60.722077784953",Calle,,ROSARIO,Rosario,Asfalto,No existe,II,Dentro,Urbana,Ninguna,No existe,Recta,Bueno,Buena,Diurna,Buen Tiempo,Frontal,S/D,Otro,Ninguna,Faltante,Ninguna,Sin restricción,"-32.900168208077, -60.722077784953",['Juan Pablo Ii Bis 2100'],1,,-32.900168208077,-60.722077784953,55.0,538.0,Municipio Rosario,Municipio,Rosario,820210,Servicio de Catastro e Información Territorial,IGN
2018,2508,2018-06-02,Sabado,0.0,,,0.0,2,"Moto/Ciclomotor,Automóvil",Marco Polo Y Lozzia,2,1,0,0,1,0,0,"-33.010611111111,-60.638361111111",S/D,,ROSARIO,Rosario,Asfalto,No existe,II,S/D,S/D,Ninguna,No existe,Intersección,Bueno,Buena,Nocturna,Buen Tiempo,Lateral,S/D,Colisión,Ninguna,Faltante,Ninguna,Sin restricción,"-33.010611111111,-60.638361111111","['Marco Polo', 'Lozzia']",2,,-33.010611111111,-60.638361111111,55.0,538.0,Municipio Rosario,Municipio,Rosario,820210,Servicio de Catastro e Información Territorial,IGN