anio_acci,nro_acci,fecha,desc_dia,fecha_aprox,hora_aprox,desc_ruta,km,cant_participantes,desc_participante,calle_avenida_km,total,heridos_leves,heridos_graves,heridos_gravisimos,ilesos,fallecidos,sin_datos,posicion_XY,desc_tipo_via,desc_ruta_ori,desc_loc,desc_dpto,desc_tipo_calzada,desc_tipo_banquina,desc_unidad_regional,desc_lugar_calzada,desc_zona,desc_prioridad,desc_estado_semaforo,desc_lugar_via,desc_estado_via,desc_estado_visibilidad,desc_luminosidad,desc_estado_clima,desc_tipo_colision,desc_tipo_atropello,desc_tipo_hecho,desc_pres_calzada,desc_senializacion,desc_separacion_via,desc_restriccion,forma_geocod,calle_lista,numero_calles,calles_osm,lat,lon,index_right,gid,fna,gna,nam,in1,fdc,sag
2018,2509,2018-06-06,Miercoles,0.0,20:30:00,,0.0,2,"Moto/Ciclomotor,Moto/Ciclomotor",La Republica Y Garzon,4,1,1,0,0,0,2,"-32.918361111111,-60.706222222222",Calle,,ROSARIO,Rosario,Asfalto,No existe,II,Dentro,Urbana,Ninguna,No existe,Intersección,Bueno,Buena,Con luz artificial,Buen Tiempo,Frontal,S/D,Colisión,Ninguna,Faltante,Ninguna,Sin restricción,"-32.918361111111,-60.706222222222","['La República', 'Garzón']",2,,-32.918361111111,-60.706222222222,55.0,538.0,Municipio Rosario,Municipio,Rosario,820210,Servicio de Catastro e Información Territorial,IGN
2018,2511,2018-06-01,Viernes,0.0,10:00:00,,0.0,2,"Bicicleta,Automóvil",Laprida Y Av. Ntra.Sra.del Rosario,2,1,0,0,1,0,0,"-32.999805555556,-60.647111111111",S/D,,ROSARIO,Rosario,Asfalto,Pavimento,II,Dentro,Urbana,Ninguna,No existe,Intersección,Bueno,Buena,Diurna,Buen Tiempo,S/D,Ciclista,Atropello,Ninguna,Faltante,Ninguna,Sin restricción,"-32.999805555556,-60.647111111111","['Laprida', 'Nuestra Señora del Rosario']",2,,-32.999805555556,-60.647111111111,55.0,538.0,Municipio Rosario,Municipio,Rosario,820210,Servicio de Catastro e Información Territorial,IGN
2018,2512,2018-06-29,Viernes,0.0,13:30:00,,0.0,2,"Automóvil,Moto/Ciclomotor",Callao Y Mr.Ross,2,1,0,0,1,0,0,"-32.984305555556,-60.670638888889",Avenida,,ROSARIO,Rosario,Asfalto,No existe,II,Dentro,Urbana,Ninguna,No existe,Intersección,Bueno,Buena,Diurna,Buen Tiempo,Lateral,S/D,Colisión,Ninguna,Faltante,Ninguna,Sin restricción,"-32.984305555556,-60.670638888889","['Callao', 'Rodrigo M. Ross']",2,,-32.984305555556,-60.670638888889,55.0,538.0,Municipio Rosario,Municipio,Rosario,820210,Servicio de Catastro e Información Territorial,IGN
2018,2513,2018-06-09,Sabado,0.0,19:10:00,,0.0,2,"Automóvil,Bicicleta",J.J.Paso 5680,2,1,0,0,1,0,0,"-32.919888888889,-60.701777777778",Calle,,ROSARIO,Rosario,Asfalto,No existe,II,Dentro,Urbana,Ninguna,No existe,Recta,Bueno,Buena,Atardecer,Buen Tiempo,Lateral,Ciclista,Atropello,Ninguna,Faltante,Ninguna,Sin restricción,"-32.919888888889,-60.701777777778",['Juan José Paso 5680'],1,,-32.919888888889,-60.701777777778,55.0,538.0,Municipio Rosario,Municipio,Rosario,820210,Servicio de Catastro e Información Territorial,IGN
2018,2515,2018-06-01,Viernes,0.0,06:05:00,,0.0,2,"Automóvil,Moto/Ciclomotor",Av. Uriburu Y Italia,2,1,0,0,1,0,0,"-32.991194444444,-60.659555555556",Avenida,,ROSARIO,Rosario,Asfalto,No existe,II,Dentro,Urbana,Ninguna,Funciona,Intersección,Bueno,Buena,Amanecer,Buen Tiempo,Lateral,S/D,Colisión,Ninguna,"Horizontal,Vertical",Ninguna,Sin restricción,"-32.991194444444,-60.659555555556","['Uriburu', 'Italia']",2,,-32.991194444444,-60.659555555556,55.0,538.0,Municipio Rosario,Municipio,Rosario,820210,Servicio de Catastro e Información Territorial,IGN
2018,2516,2018-06-09,Sabado,0.0,21:30:00,,0.0,3,"Peatón,Peatón,Moto/Ciclomotor",J.B.Justo Y Campbell Bis,3,2,0,0,1,0,0,"-32.914805555556,-60.709138888889",Calle,,ROSARIO,Rosario,Asfalto,No existe,II,Dentro,Urbana,Ninguna,No existe,Recta,Bueno,Buena,Con luz artificial,Buen Tiempo,De alcance,Peatón,Atropello,Ninguna,Faltante,Ninguna,Sin restricción,"-32.914805555556,-60.709138888889","['Justo', 'Campbell']",2,,-32.914805555556,-60.709138888889,55.0,538.0,Municipio Rosario,Municipio,Rosario,820210,Servicio de Catastro e Información Territorial,IGN
2018,2518,2018-06-01,Viernes,0.0,18:20:00,,0.0,2,"Moto/Ciclomotor,Automóvil",Garibaldi Y Aldana,3,1,1,0,1,0,0,"-32.98263, -60.66661",Calle,,ROSARIO,Rosario,Asfalto,No existe,II,S/D,Urbana,Ninguna,No existe,Intersección,Bueno,Buena,Atardecer,Buen Tiempo,Lateral,S/D,Colisión,Ninguna,Faltante,Ninguna,Sin restricción,"-32.98263, -60.66661","['José Garibaldi', 'Aduana']",2,,-32.98263,-60.66661,55.0,538.0,Municipio Rosario,Municipio,Rosario,820210,Servicio de Catastro e Información Territorial,IGN
2018,2522,2018-06-13,Miercoles,0.0,11:30:00,,0.0,1,Moto/Ciclomotor,J.J.Paso Y Olavarria Bis,1,1,0,0,0,0,0,"-32.919944444444,-60.704361111111",Calle,,ROSARIO,Rosario,Asfalto,S/D,II,Dentro,Urbana,S/D,Intermitente,Intersección,S/D,Buena,Diurna,S/D,S/D,S/D,S/D,S/D,S/D,S/D,S/D,"-32.919944444444,-60.704361111111","['Paso', 'Olavarría']",2,,-32.919944444444,-60.704361111111,55.0,538.0,Municipio Rosario,Municipio,Rosario,820210,Servicio de Catastro e Información Territorial,IGN
2018,2524,2018-06-21,Jueves,0.0,00:30:00,,0.0,2,"Moto/Ciclomotor,Automóvil",San Lorenzo Y Pueyrredon,2,1,0,0,1,0,0,"-32.940694444444,-60.656833333333",S/D,,ROSARIO,Rosario,S/D,No existe,II,S/D,Urbana,Ninguna,No existe,Intersección,S/D,Buena,Nocturna,Buen Tiempo,Frontal,S/D,Colisión,Ninguna,Faltante,Ninguna,Sin restricción,"-32.940694444444,-60.656833333333","['San Lorenzo', 'Pueyrredón']",2,,-32.940694444444,-60.656833333333,55.0,538.0,Municipio Rosario,Municipio,Rosario,820210,Servicio de Catastro e Información Territorial,IGN
2018,2525,2018-06-15,Viernes,0.0,08:00:00,,0.0,2,"Moto/Ciclomotor,Automóvil",P.L.Funes Bis Y G.Carrasco,3,2,0,0,1,0,0,"-32.920666666667,-60.701972222222",Calle,,ROSARIO,Rosario,Asfalto,No existe,II,Dentro,Urbana,Ninguna,No existe,Intersección,Bueno,Buena,Diurna,Buen Tiempo,Lateral,S/D,Colisión,Ninguna,Faltante,Ninguna,Sin restricción,"-32.920666666667,-60.701972222222","['Funes', 'Carrasco']",2,,-32.920666666667,-60.701972222222,55.0,538.0,Municipio Rosario,Municipio,Rosario,820210,Servicio de Catastro e Información Territorial,IGN
2018,2529,2018-06-16,Sabado,0.0,15:40:00,,0.0,2,"Automóvil,Bicicleta",Mariano Cabal Bis Y Cavour,2,1,0,0,1,0,0,"-32.918805555556,-60.702638888889",Calle,,ROSARIO,Rosario,Asfalto,S/D,II,Dentro,Urbana,S/D,S/D,Intersección,Bueno,Buena,Diurna,Buen Tiempo,S/D,S/D,S/D,S/D,S/D,S/D,S/D,"-32.918805555556,-60.702638888889","['Mariano Cabal', 'Cavour']",2,,-32.918805555556,-60.702638888889,55.0,538.0,Municipio Rosario,Municipio,Rosario,820210,Servicio de Catastro e Información Territorial,IGN
2018,2531,2018-06-22,Viernes,0.0,02:00:00,,0.0,2,"Moto/Ciclomotor,Automóvil",Av. Ovidio Lagos Y Catamarca,2,1,0,0,1,0,0,"-32.936416666667,-60.66",S/D,,ROSARIO,Rosario,Asfalto,S/D,II,S/D,S/D,Ninguna,No existe,Intersección,Bueno,Buena,Con luz artificial,Buen Tiempo,Lateral,S/D,Colisión,Ninguna,Faltante,Ninguna,Sin restricción,"-32.936416666667,-60.66","['Avenida Ovidio Lagos', 'Catamarca']",2,,-32.936416666667,-60.66,55.0,538.0,Municipio Rosario,Municipio,Rosario,820210,Servicio de Catastro e Información Territorial,IGN
2018,2532,2018-06-16,Sabado,0.0,14:00:00,,0.0,2,"Automóvil,Moto/Ciclomotor",Av. Provincias Unidas Bis Y Av. Sorrento,3,1,1,0,1,0,0,"-32.907833333333,-60.714027777778",Calle,,ROSARIO,Rosario,Asfalto,S/D,II,Dentro,Urbana,S/D,No existe,Intersección,Bueno,Buena,Diurna,S/D,S/D,S/D,S/D,S/D,S/D,S/D,S/D,"-32.907833333333,-60.714027777778","['Avenida Provincias Unidas', 'Sorrento']",2,,-32.907833333333,-60.714027777778,55.0,538.0,Municipio Rosario,Municipio,Rosario,820210,Servicio de Catastro e Información Territorial,IGN
2018,2533,2018-06-14,Jueves,0.0,17:10:00,,0.0,2,"Moto/Ciclomotor,Moto/Ciclomotor",Olavarria Bis Y J.B.Justo,3,2,1,0,0,0,0,"-32.914666666667,-60.704611111111",Calle,,ROSARIO,Rosario,Asfalto,S/D,II,Dentro,Urbana,S/D,S/D,Intersección,Bueno,S/D,S/D,S/D,S/D,S/D,S/D,S/D,S/D,S/D,S/D,"-32.914666666667,-60.704611111111","['Olavarría', 'Justo']",2,,-32.914666666667,-60.704611111111,55.0,538.0,Municipio Rosario,Municipio,Rosario,820210,Servicio de Catastro e Información Territorial,IGN
2018,2534,2018-06-08,Viernes,0.0,05:30:00,,0.0,1,Automóvil,Urquiza Y Bv. Avellaneda,1,1,0,0,0,0,0,"-32.935583333333,-60.678416666667",Avenida,,ROSARIO,Rosario,Asfalto,Pavimento,II,Dentro,Urbana,Ninguna,No existe,Recta,Bueno,Buena,Diurna,Buen Tiempo,Lateral,S/D,Despiste,Ninguna,Vertical,Cordón divisorio,Sin restricción,"-32.935583333333,-60.678416666667","['Urquiza', 'Avellaneda']",2,,-32.935583333333,-60.678416666667,55.0,538.0,Municipio Rosario,Municipio,Rosario,820210,Servicio de Catastro e Información Territorial,IGN
2018,2535,2018-06-21,Jueves,0.0,17:00:00,,0.0,2,"Moto/Ciclomotor,Automóvil",Av. Provincias Unidas Bis Y Jose Ingenieros,2,1,0,0,1,0,0,"-32.917111111111,-60.713638888889",Calle,,ROSARIO,Rosario,Asfalto,No existe,II,Dentro,Urbana,Ninguna,No existe,Recta,Bueno,Buena,Atardecer,Buen Tiempo,Lateral,S/D,Colisión,Ninguna,Faltante,Ninguna,Sin restricción,"-32.917111111111,-60.713638888889","['Avenida Provincias Unidas', 'José Ingenieros']",2,,-32.917111111111,-60.713638888889,55.0,538.0,Municipio Rosario,Municipio,Rosario,820210,Servicio de Catastro e Información Territorial,IGN
2018,2536,2018-06-11,Lunes,0.0,18:30:00,,0.0,2,"Moto/Ciclomotor,Automóvil",Urquiza Y Castellanos,2,1,0,0,1,0,0,"-32.936333333333,-60.674194444444",Calle,,ROSARIO,Rosario,Asfalto,Pavimento,II,Dentro,Urbana,Ninguna,No existe,Intersección,Bueno,Buena,Diurna,Buen Tiempo,Lateral,S/D,Colisión,Ninguna,S/D,Ninguna,Sin restricción,"-32.936333333333,-60.674194444444","['Urquiza', 'Aaron Castellanos']",2,,-32.936333333333,-60.674194444444,55.0,538.0,Municipio Rosario,Municipio,Rosario,820210,Servicio de Catastro e Información Territorial,IGN
2018,2537,2018-06-26,Martes,0.0,12:30:00,,0.0,2,"Peatón,Pickup/Utilitario",Av. Provincias Unidas Bis Y French,2,1,0,0,1,0,0,"-32.921777777778,-60.713388888889",Avenida,,ROSARIO,Rosario,Asfalto,No existe,II,Dentro,Urbana,Ninguna,No existe,Intersección,Bueno,Buena,Diurna,Buen Tiempo,De alcance,Peatón,Atropello,Ninguna,Faltante,Ninguna,Sin restricción,"-32.921777777778,-60.713388888889","['Avenida Provincias Unidas', 'French']",2,,-32.921777777778,-60.713388888889,55.0,538.0,Municipio Rosario,Municipio,Rosario,820210,Servicio de Catastro e Información Territorial,IGN
2018,2549,2018-05-18,Viernes,0.0,17:00:00,,0.0,2,"Automóvil,Moto/Ciclomotor",Ayacucho Y Hilarion de la Quintana,2,1,0,0,1,0,0,"-33.000555555556,-60.636222222222",Calle,,ROSARIO,Rosario,Asfalto,No existe,II,S/D,Urbana,Ninguna,No existe,Intersección,Bueno,Buena,Diurna,Buen Tiempo,Lateral,S/D,Colisión,Ninguna,Faltante,Ninguna,Sin restricción,"-33.000555555556,-60.636222222222","['Ayacucho', 'Hilarión de la Quintana']",2,,-33.000555555556,-60.636222222222,55.0,538.0,Municipio Rosario,Municipio,Rosario,820210,Servicio de Catastro e Información Territorial,IGN
2018,2556,2018-05-31,Jueves,0.0,17:00:00,,0.0,3,"Automóvil,Pickup/Utilitario,Automóvil",Alsina Y Santa Fe,3,1,0,0,2,0,0,"-32.938222222222,-60.676083333333",Calle,,ROSARIO,Rosario,Asfalto,Pavimento,II,Dentro,Urbana,Ninguna,No existe,Intersección,Bueno,Buena,Diurna,Buen Tiempo,Múltiple,S/D,Colisión,Ninguna,Faltante,Ninguna,Sin restricción,"-32.938222222222,-60.676083333333","['Alsina', 'Santa Fe']",2,,-32.938222222222,-60.676083333333,55.0,538.0,Municipio Rosario,Municipio,Rosario,820210,Servicio de Catastro e Información Territorial,IGN
2018,2557,2018-06-26,Martes,0.0,12:10:00,,0.0,2,"Automóvil,Automóvil",Urquiza Y Alsina,2,1,0,0,1,0,0,"-32.936111111111,-60.675527777778",Calle,,ROSARIO,Rosario,Asfalto,No existe,II,Dentro,Urbana,Ninguna,No existe,Intersección,Bueno,Buena,Diurna,Buen Tiempo,Frontal,S/D,Colisión,Ninguna,Faltante,Ninguna,Sin restricción,"-32.936111111111,-60.675527777778","['Urquiza', 'Alsina']",2,,-32.936111111111,-60.675527777778,55.0,538.0,Municipio Rosario,Municipio,Rosario,820210,Servicio de Catastro e Información Territorial,IGN
2018,2563,2018-06-05,Martes,0.0,17:00:00,,0.0,2,"Moto/Ciclomotor,Automóvil",Iguazu Y Pje. Bogado,2,1,0,0,1,0,0,"-32.925722222222,-60.686277777778",Calle,,ROSARIO,Rosario,Asfalto,No existe,II,Dentro,Urbana,Ninguna,No existe,Intersección,Bueno,Buena,Diurna,Buen Tiempo,De alcance,S/D,Colisión,Ninguna,Faltante,Ninguna,Sin restricción,"-32.925722222222,-60.686277777778","['Iguazu', 'Bogado']",2,,-32.925722222222,-60.686277777778,55.0,538.0,Municipio Rosario,Municipio,Rosario,820210,Servicio de Catastro e Información Territorial,IGN
2018,2564,2018-05-21,Lunes,0.0,18:05:00,,0.0,2,"Automóvil,Moto/Ciclomotor",Espa?a Y Madre Cabrini,2,1,0,0,1,0,0,"-33.00527, -60.65753",Calle,,ROSARIO,Rosario,Asfalto,No existe,II,S/D,Urbana,Ninguna,No existe,Intersección,Bueno,Buena,Diurna,Buen Tiempo,Lateral,S/D,Colisión,Ninguna,Faltante,Ninguna,Sin restricción,"-33.00527, -60.65753","['España', 'Madre Cabrini']",2,,-33.00527,-60.65753,55.0,538.0,Municipio Rosario,Municipio,Rosario,820210,Servicio de Catastro e Información Territorial,IGN
2018,2565,2018-05-10,Jueves,0.0,17:30:00,,0.0,2,"Moto/Ciclomotor,Automóvil",Buenos Aires 1450,2,1,0,0,1,0,0,"-32.955472222222,-60.63475",Calle,,ROSARIO,Rosario,S/D,S/D,II,S/D,Urbana,S/D,S/D,Recta,S/D,S/D,Diurna,S/D,S/D,S/D,Colisión,S/D,S/D,S/D,S/D,"-32.955472222222,-60.63475",['Buenos Aires 1450'],1,,-32.955472222222,-60.63475,55.0,538.0,Municipio Rosario,Municipio,Rosario,820210,Servicio de Catastro e Información Territorial,IGN
2018,2568,2018-06-08,Viernes,0.0,04:05:00,,0.0,1,Automóvil,Ing.Thedy Bis Y Pje. Vertiz Bis,4,4,0,0,0,0,0,"-32.92476, -60.66546",Calle,,ROSARIO,Rosario,Asfalto,No existe,II,Dentro,Urbana,Ninguna,No existe,Recta,Bueno,Buena,Nocturna,Buen Tiempo,Contra objeto fijo,S/D,Colisión,Ninguna,Faltante,Ninguna,Sin restricción,"-32.92476, -60.66546","['Thedy', 'Vertiz']",2,,-32.92476,-60.66546,55.0,538.0,Municipio Rosario,Municipio,Rosario,820210,Servicio de Catastro e Información Territorial,IGN
2018,2570,2018-06-07,Jueves,0.0,20:00:00,,0.0,2,"Automóvil,Automóvil",Mendoza Y Buenos Aires,2,1,0,0,1,0,0,"-32.952472222222,-60.634",Calle,,ROSARIO,Rosario,Asfalto,S/D,II,Dentro,Urbana,S/D,S/D,Recta,Bueno,S/D,Nocturna,S/D,Otro,S/D,Colisión,S/D,S/D,Barrera de alto impacto,S/D,"-32.952472222222,-60.634","['Mendoza', 'Buenos Aires']",2,,-32.952472222222,-60.634,55.0,538.0,Municipio Rosario,Municipio,Rosario,820210,Servicio de Catastro e Información Territorial,IGN
2018,2573,2018-06-13,Miercoles,0.0,09:40:00,,0.0,2,"Automóvil,Moto/Ciclomotor",Junin Y J.Canning Bis,2,1,0,0,1,0,0,"-32.926583333333,-60.674944444444",Calle,,ROSARIO,Rosario,Asfalto,No existe,II,S/D,Urbana,Ninguna,No existe,Intersección,Bueno,Buena,Diurna,Otro,Lateral,S/D,Colisión,Ninguna,Faltante,Ninguna,Sin restricción,"-32.926583333333,-60.674944444444","['Junín', 'Canning']",2,,-32.926583333333,-60.674944444444,55.0,538.0,Municipio Rosario,Municipio,Rosario,820210,Servicio de Catastro e Información Territorial,IGN
2018,2575,2018-06-17,Domingo,0.0,17:00:00,,0.0,2,"Transporte de Pasajeros Urbano (> 8 asientos),Otros",Laprida 1000,2,1,0,0,1,0,0,"-32.949777777778,-60.634611111111",Calle,,ROSARIO,Rosario,Asfalto,S/D,II,Dentro,Urbana,S/D,S/D,Recta,Bueno,S/D,Diurna,S/D,Otro,S/D,Otro,S/D,S/D,Barrera de alto impacto,S/D,"-32.949777777778,-60.634611111111",['Laprida 1000'],1,,-32.949777777778,-60.634611111111,55.0,538.0,Municipio Rosario,Municipio,Rosario,820210,Servicio de Catastro e Información Territorial,IGN
2018,2579,2018-06-22,Viernes,0.0,10:40:00,,0.0,2,"Pickup/Utilitario,Moto/Ciclomotor",Ayacucho 2200,2,1,0,0,1,0,0,"-32.965027777778,-60.631055555556",Calle,,ROSARIO,Rosario,S/D,S/D,II,S/D,Urbana,S/D,S/D,Recta,S/D,S/D,Diurna,S/D,S/D,S/D,Colisión,S/D,S/D,S/D,S/D,"-32.965027777778,-60.631055555556",['Ayacucho 2200'],1,,-32.965027777778,-60.631055555556,55.0,538.0,Municipio Rosario,Municipio,Rosario,820210,Servicio de Catastro e Información Territorial,IGN
2018,2580,2018-06-14,Jueves,0.0,07:40:00,,0.0,2,"Moto/Ciclomotor,Taxi/Remis",Av. Caseros Bis Y Av. Francia,2,1,0,0,1,0,0,"-32.928555555556,-60.662388888889",Avenida,,ROSARIO,Rosario,Asfalto,No existe,II,Dentro,Urbana,Ninguna,Funciona,Recta,Bueno,Buena,Diurna,Buen Tiempo,Frontal,S/D,Colisión,Ninguna,Horizontal,Ninguna,Sin restricción,"-32.928555555556,-60.662388888889","['Caseros', 'Avenida Francia']",2,,-32.928555555556,-60.662388888889,55.0,538.0,Municipio Rosario,Municipio,Rosario,820210,Servicio de Catastro e Información Territorial,IGN
2018,2582,2018-06-20,Miercoles,0.0,23:30:00,,0.0,2,"Camión Chasis,Automóvil",Bv. 27 de Febrero Bis 151,6,2,0,0,4,0,0,"-32.970861111111,-60.626111111111",Avenida,,ROSARIO,Rosario,S/D,S/D,II,S/D,Urbana,S/D,S/D,Recta,S/D,S/D,Nocturna,S/D,Contra objeto fijo,S/D,Colisión,S/D,S/D,S/D,S/D,"-32.970861111111,-60.626111111111",['27 De Febrero Bis 151'],1,,-32.970861111111,-60.626111111111,55.0,538.0,Municipio Rosario,Municipio,Rosario,820210,Servicio de Catastro e Información Territorial,IGN
2018,2583,2018-06-19,Martes,0.0,21:10:00,,0.0,2,"Taxi/Remis,Moto/Ciclomotor",Ing.Thedy Bis Y Velez Sarsfield,3,2,0,0,1,0,0,"-32.924638888889,-60.6655",Calle,,ROSARIO,Rosario,Asfalto,No existe,II,S/D,Urbana,Ninguna,Funciona,Recta,Bueno,Buena,Nocturna,Buen Tiempo,Lateral,S/D,Colisión,Ninguna,Horizontal,Ninguna,Sin restricción,"-32.924638888889,-60.6655","['Thedy', 'Vélez Sarsfield']",2,,-32.924638888889,-60.6655,55.0,538.0,Municipio Rosario,Municipio,Rosario,820210,Servicio de Catastro e Información Territorial,IGN
2018,2586,2018-06-21,Jueves,0.0,09:10:00,,0.0,2,"Moto/Ciclomotor,Automóvil",Bv. Oro?o Y 9 De Julio,2,1,0,0,0,0,1,"-32.951083333333,-60.655277777778",Calle,,ROSARIO,Rosario,S/D,S/D,II,S/D,Urbana,S/D,S/D,Intersección,S/D,S/D,Diurna,S/D,S/D,S/D,Colisión,S/D,S/D,S/D,S/D,"-32.951083333333,-60.655277777778","['Bulevar Nicasio Oroño', '9 de Julio']",2,,-32.951083333333,-60.655277777778,55.0,538.0,Municipio Rosario,Municipio,Rosario,820210,Servicio de Catastro e Información Territorial,IGN
2018,2587,2018-06-26,Martes,0.0,09:35:00,,0.0,2,"Automóvil,Moto/Ciclomotor",Florida Y Velez Sarsfield,2,1,0,0,1,0,0,"-32.925055555556,-60.683305555556",Calle,,ROSARIO,Rosario,Asfalto,No existe,II,Dentro,Urbana,Ninguna,No existe,Intersección,Bueno,Buena,Diurna,Buen Tiempo,De alcance,S/D,Colisión,Ninguna,Faltante,Ninguna,Sin restricción,"-32.925055555556,-60.683305555556","['Florida', 'Vélez Sarsfield']",2,,-32.925055555556,-60.683305555556,55.0,538.0,Municipio Rosario,Municipio,Rosario,820210,Servicio de Catastro e Información Territorial,IGN
2018,2591,2018-06-27,Miercoles,0.0,21:15:00,,0.0,2,"Automóvil,Moto/Ciclomotor",Av. Luis Carballo Y Bv. Avellaneda,2,1,0,0,1,0,0,"-32.921972222222,-60.674722222222",S/D,,ROSARIO,Rosario,S/D,S/D,II,S/D,Urbana,Ninguna,S/D,Intersección,Bueno,S/D,S/D,Buen Tiempo,Otro,S/D,Colisión,Ninguna,Faltante,Ninguna,Sin restricción,"-32.921972222222,-60.674722222222","['Avenida Doctor Luis Cándido Carballo', 'Avellaneda']",2,,-32.921972222222,-60.674722222222,55.0,538.0,Municipio Rosario,Municipio,Rosario,820210,Servicio de Catastro e Información Territorial,IGN
2018,2592,2018-06-23,Sabado,0.0,20:25:00,,0.0,2,"Transporte de Pasajeros Urbano (> 8 asientos),Peatón",San Luis Y Entre Rios,2,0,1,0,0,0,1,"-32.948527777778,-60.641611111111",Calle,,ROSARIO,Rosario,S/D,S/D,II,S/D,Urbana,S/D,S/D,Intersección,S/D,S/D,Atardecer,S/D,S/D,S/D,Caída ocupante,S/D,S/D,S/D,S/D,"-32.948527777778,-60.641611111111","['San Luis', 'Entre Ríos']",2,,-32.948527777778,-60.641611111111,55.0,538.0,Municipio Rosario,Municipio,Rosario,820210,Servicio de Catastro e Información Territorial,IGN
2018,2594,2018-06-21,Jueves,0.0,15:50:00,,0.0,2,"Moto/Ciclomotor,Moto/Ciclomotor",Av. Corrientes Y Catamarca,2,1,0,0,0,0,1,"-32.939888888889,-60.640888888889",Calle,,ROSARIO,Rosario,S/D,S/D,II,S/D,Urbana,S/D,S/D,Intersección,S/D,S/D,Diurna,S/D,S/D,S/D,Colisión,S/D,S/D,S/D,S/D,"-32.939888888889,-60.640888888889","['Corrientes', 'Catamarca']",2,,-32.939888888889,-60.640888888889,55.0,538.0,Municipio Rosario,Municipio,Rosario,820210,Servicio de Catastro e Información Territorial,IGN
2018,2596,2018-06-06,Miercoles,0.0,13:40:00,,0.0,2,"Moto/Ciclomotor,Automóvil",Av. Genova Y Mu?iz Bis,3,2,0,0,1,0,0,"-32.91525,-60.688",Calle,,ROSARIO,Rosario,Asfalto,No existe,II,S/D,Urbana,Otra Señal,No existe,Intersección,Bueno,Buena,Diurna,Buen Tiempo,Lateral,S/D,Colisión,Ninguna,Vertical,Ninguna,Sin restricción,"-32.91525,-60.688","['Genova', 'Muñiz']",2,,-32.91525,-60.688,55.0,538.0,Municipio Rosario,Municipio,Rosario,820210,Servicio de Catastro e Información Territorial,IGN
2018,2599,2018-06-02,Sabado,0.0,18:00:00,,0.0,2,"Taxi/Remis,Automóvil",Pueyrredon Y Tucuman,2,1,0,0,0,0,1,"-32.938333333333,-60.656194444444",Calle,,ROSARIO,Rosario,S/D,S/D,II,S/D,Urbana,S/D,S/D,Recta,S/D,S/D,Atardecer,S/D,S/D,S/D,Colisión,S/D,S/D,S/D,S/D,"-32.938333333333,-60.656194444444","['Pueyrredón', 'Tucumán']",2,,-32.938333333333,-60.656194444444,55.0,538.0,Municipio Rosario,Municipio,Rosario,820210,Servicio de Catastro e Información Territorial,IGN
2018,2600,2018-06-02,Sabado,0.0,20:10:00,,0.0,2,"Moto/Ciclomotor,Taxi/Remis",J.J.Paso Y Camilo Aldao,2,0,0,1,1,0,0,"-32.91975,-60.69675",Calle,,ROSARIO,Rosario,Asfalto,No existe,II,S/D,Urbana,Ninguna,No existe,Intersección,Con baches,Reducida,Con luz artificial,Buen Tiempo,Lateral,S/D,Colisión,Ninguna,Faltante,Ninguna,Sin restricción,"-32.91975,-60.69675","['Paso', 'Camilo Aldao']",2,,-32.91975,-60.69675,55.0,538.0,Municipio Rosario,Municipio,Rosario,820210,Servicio de Catastro e Información Territorial,IGN
2018,2602,2018-06-05,Martes,0.0,10:30:00,,0.0,2,"Pickup/Utilitario,Moto/Ciclomotor",Santa Fe Y Alvear,4,1,0,0,0,0,3,"-32.942111111111,-60.654333333333",Calle,,ROSARIO,Rosario,S/D,S/D,II,S/D,Urbana,S/D,S/D,Intersección,S/D,S/D,Diurna,S/D,S/D,S/D,Colisión,S/D,S/D,S/D,S/D,"-32.942111111111,-60.654333333333","['Santa Fe', 'Alvear']",2,,-32.942111111111,-60.654333333333,55.0,538.0,Municipio Rosario,Municipio,Rosario,820210,Servicio de Catastro e Información Territorial,IGN
2018,2604,2018-06-06,Miercoles,0.0,12:50:00,,0.0,2,"Transporte de Pasajeros Urbano (> 8 asientos),Peatón",Urquiza Y Italia,2,0,0,1,1,0,0,"-32.941222222222,-60.647",Calle,,ROSARIO,Rosario,S/D,S/D,II,S/D,Urbana,S/D,S/D,S/D,S/D,S/D,Diurna,S/D,S/D,Peatón,Atropello,S/D,S/D,S/D,S/D,"-32.941222222222,-60.647","['Urquiza', 'Italia']",2,,-32.941222222222,-60.647,55.0,538.0,Municipio Rosario,Municipio,Rosario,820210,Servicio de Catastro e Información Territorial,IGN
2018,2605,2018-06-19,Martes,0.0,09:15:00,,0.0,2,"Moto/Ciclomotor,Automóvil",Cayetano Silva Y Del Valle Iberlucea,2,1,0,0,1,0,0,"-32.91859, -60.67894",Calle,,ROSARIO,Rosario,Asfalto,S/D,II,S/D,Urbana,S/D,S/D,Intersección,Bueno,S/D,S/D,Buen Tiempo,S/D,S/D,Colisión,Ninguna,Horizontal,Ninguna,S/D,"-32.91859, -60.67894","['Cayetano Silva', 'Del Valle Iberlucea']",2,,-32.91859,-60.67894,55.0,538.0,Municipio Rosario,Municipio,Rosario,820210,Servicio de Catastro e Información Territorial,IGN