anio_acci,nro_acci,fecha,desc_dia,fecha_aprox,hora_aprox,desc_ruta,km,cant_participantes,desc_participante,calle_avenida_km,total,heridos_leves,heridos_graves,heridos_gravisimos,ilesos,fallecidos,sin_datos,posicion_XY,desc_tipo_via,desc_ruta_ori,desc_loc,desc_dpto,desc_tipo_calzada,desc_tipo_banquina,desc_unidad_regional,desc_lugar_calzada,desc_zona,desc_prioridad,desc_estado_semaforo,desc_lugar_via,desc_estado_via,desc_estado_visibilidad,desc_luminosidad,desc_estado_clima,desc_tipo_colision,desc_tipo_atropello,desc_tipo_hecho,desc_pres_calzada,desc_senializacion,desc_separacion_via,desc_restriccion,forma_geocod,calle_lista,numero_calles,calles_osm,lat,lon,index_right,gid,fna,gna,nam,in1,fdc,sag
2018,2606,2018-06-05,Martes,0.0,13:50:00,,0.0,2,"Bicicleta,Peatón",Entre Rios 145,2,1,0,0,1,0,0,"-32.938277777778,-60.639055555556",Calle,,ROSARIO,Rosario,S/D,S/D,II,S/D,Urbana,S/D,S/D,Recta,S/D,S/D,Diurna,S/D,S/D,Peatón,Atropello,S/D,S/D,S/D,S/D,"-32.938277777778,-60.639055555556",['Entre Rios 145'],1,,-32.938277777778,-60.639055555556,55.0,538.0,Municipio Rosario,Municipio,Rosario,820210,Servicio de Catastro e Información Territorial,IGN
2018,2607,2018-06-01,Viernes,0.0,11:15:00,,0.0,2,"Bicicleta,Automóvil",Mariano Moreno Y 9 De Julio,2,1,0,0,1,0,0,"-32.951611111111,-60.652444444444",Calle,,ROSARIO,Rosario,S/D,S/D,II,S/D,Urbana,S/D,S/D,Recta,S/D,S/D,Diurna,S/D,S/D,Ciclista,Atropello,S/D,S/D,S/D,S/D,"-32.951611111111,-60.652444444444","['Mariano Moreno', '9 de Julio']",2,,-32.951611111111,-60.652444444444,55.0,538.0,Municipio Rosario,Municipio,Rosario,820210,Servicio de Catastro e Información Territorial,IGN
2018,2608,2018-06-01,Viernes,0.0,13:30:00,,0.0,3,"Transporte de Pasajeros Urbano (> 8 asientos),Pickup/Utilitario,Peatón",San Luis Y Italia,3,1,0,0,2,0,0,"-32.947277777778,-60.648527777778",Calle,,ROSARIO,Rosario,Asfalto,S/D,II,S/D,Urbana,S/D,No existe,S/D,S/D,Buena,Diurna,S/D,S/D,Peatón,Atropello,S/D,S/D,S/D,S/D,"-32.947277777778,-60.648527777778","['San Luis', 'Italia']",2,,-32.947277777778,-60.648527777778,55.0,538.0,Municipio Rosario,Municipio,Rosario,820210,Servicio de Catastro e Información Territorial,IGN
2018,2609,2018-06-19,Martes,0.0,13:11:00,,0.0,2,"Bicicleta,Taxi/Remis",Av. Alberdi Bis 800,2,1,0,0,1,0,0,"-32.916215923272, -60.684802794615",Avenida,,ROSARIO,Rosario,Asfalto,S/D,II,Dentro,Urbana,S/D,S/D,Recta,Bueno,S/D,S/D,Buen Tiempo,S/D,Ciclista,Atropello,Ninguna,Horizontal,Barrera de hormigón,Sin restricción,"-32.916215923272, -60.684802794615",['Alberdi Bis 800'],1,,-32.916215923272,-60.684802794615,55.0,538.0,Municipio Rosario,Municipio,Rosario,820210,Servicio de Catastro e Información Territorial,IGN
2018,2610,2018-06-21,Jueves,0.0,14:55:00,,0.0,2,"Taxi/Remis,Moto/Ciclomotor",Av. Eudoro Carrasco Y J.B.Cordiviola,4,2,0,0,2,0,0,"-32.91209, -60.67544",Avenida,,ROSARIO,Rosario,Asfalto,S/D,II,S/D,Urbana,Semáforo,S/D,Intersección,Bueno,S/D,S/D,Buen Tiempo,Otro,S/D,Colisión,Ninguna,"Horizontal,Vertical",Cordón divisorio,Sin restricción,"-32.91209, -60.67544","['Avenida Eudoro Carrasco', 'Cordiviola']",2,,-32.91209,-60.67544,55.0,538.0,Municipio Rosario,Municipio,Rosario,820210,Servicio de Catastro e Información Territorial,IGN
2018,2611,2018-06-05,Martes,0.0,10:20:00,,0.0,2,"Automóvil,Bicicleta",Mariano Moreno Y 3 De Febrero,2,1,0,0,1,0,0,"-32.950555555556,-60.652194444444",Calle,,ROSARIO,Rosario,S/D,S/D,II,S/D,Urbana,S/D,S/D,Intersección,S/D,S/D,Diurna,S/D,S/D,Ciclista,Atropello,S/D,S/D,S/D,Sin restricción,"-32.950555555556,-60.652194444444","['Mariano Moreno', '3 de Febrero']",2,,-32.950555555556,-60.652194444444,55.0,538.0,Municipio Rosario,Municipio,Rosario,820210,Servicio de Catastro e Información Territorial,IGN
2018,2612,2018-06-01,Viernes,0.0,08:10:00,,0.0,3,"Moto/Ciclomotor,Automóvil,Automóvil",Av. Corrientes Y 9 De Julio,3,1,0,0,1,0,1,"-32.953083333333,-60.644222222222",Calle,,ROSARIO,Rosario,S/D,S/D,II,S/D,Urbana,S/D,S/D,Intersección,S/D,S/D,Diurna,S/D,S/D,S/D,Colisión,S/D,S/D,S/D,S/D,"-32.953083333333,-60.644222222222","['Corrientes', '9 de Julio']",2,,-32.953083333333,-60.644222222222,55.0,538.0,Municipio Rosario,Municipio,Rosario,820210,Servicio de Catastro e Información Territorial,IGN
2018,2651,2018-05-11,Viernes,0.0,21:35:00,,0.0,2,"Moto/Ciclomotor,Pickup/Utilitario",Mendoza 7500,3,1,0,0,2,0,0,"-32.940472222222,-60.723305555556",Calle,,ROSARIO,Rosario,Asfalto,Pavimento,II,Dentro,Urbana,S/D,S/D,Recta,Bueno,S/D,"Nocturna,Con luz artificial",S/D,Otro,S/D,Colisión,S/D,S/D,Cordón divisorio,Sin restricción,"-32.940472222222,-60.723305555556",['Mendoza 7500'],1,,-32.940472222222,-60.723305555556,55.0,538.0,Municipio Rosario,Municipio,Rosario,820210,Servicio de Catastro e Información Territorial,IGN
2018,2653,2018-05-03,Jueves,0.0,15:00:00,,0.0,2,"Bicicleta,Automóvil",Palliere Y Juan Pablo II,2,1,0,0,1,0,0,"-32.88816, -60.71439",Calle,,ROSARIO,Rosario,Asfalto,No existe,II,S/D,Urbana,Semáforo,Funciona,Intersección,Bueno,Buena,Diurna,Buen Tiempo,De alcance,S/D,Colisión,Ninguna,Faltante,Ninguna,Sin restricción,"-32.88816, -60.71439","['Palliere', 'Juan Pablo II']",2,,-32.88816,-60.71439,55.0,538.0,Municipio Rosario,Municipio,Rosario,820210,Servicio de Catastro e Información Territorial,IGN
2018,2657,2018-06-11,Lunes,0.0,11:05:00,,0.0,2,"Bicicleta,Automóvil",Bv. Oro?o 520,2,1,0,0,1,0,0,"-32.9405,-60.652361111111",S/D,,ROSARIO,Rosario,S/D,S/D,II,S/D,S/D,S/D,S/D,Recta,S/D,S/D,Diurna,S/D,S/D,Ciclista,Atropello,S/D,S/D,S/D,S/D,"-32.9405,-60.652361111111",['Nicasio Oroño?o 520'],1,,-32.9405,-60.652361111111,55.0,538.0,Municipio Rosario,Municipio,Rosario,820210,Servicio de Catastro e Información Territorial,IGN
2018,2658,2018-05-12,Sabado,0.0,17:30:00,,0.0,2,"Taxi/Remis,Moto/Ciclomotor",Mendoza Y Donado,3,2,0,0,1,0,0,"-32.940694444444,-60.726972222222",Calle,,ROSARIO,Rosario,Asfalto,Pavimento,II,Dentro,Urbana,Semáforo,Funciona,Recta,Bueno,Buena,Diurna,S/D,De alcance,S/D,Colisión,S/D,Vertical,Ninguna,Sin restricción,"-32.940694444444,-60.726972222222","['Mendoza', 'Donado']",2,,-32.940694444444,-60.726972222222,55.0,538.0,Municipio Rosario,Municipio,Rosario,820210,Servicio de Catastro e Información Territorial,IGN
2018,2660,2018-05-15,Martes,0.0,18:00:00,,0.0,2,"Moto/Ciclomotor,Automóvil",Sanchez de Loria Y Santa Fe,2,1,0,0,1,0,0,"-32.936222222222,-60.731888888889",Calle,,ROSARIO,Rosario,Asfalto,No existe,II,Dentro,Urbana,Ninguna,No existe,Recta,S/D,S/D,Diurna,S/D,Otro,S/D,Colisión,Ninguna,S/D,Ninguna,Sin restricción,"-32.936222222222,-60.731888888889","['Sánchez de Loria', 'Santa Fe']",2,,-32.936222222222,-60.731888888889,55.0,538.0,Municipio Rosario,Municipio,Rosario,820210,Servicio de Catastro e Información Territorial,IGN
2018,2661,2018-06-10,Domingo,0.0,17:30:00,,0.0,2,"Automóvil,Automóvil",9 De Julio Y Alvear,4,2,0,0,2,0,0,"-32.950861111111,-60.656527777778",Calle,,ROSARIO,Rosario,S/D,S/D,II,S/D,Urbana,S/D,S/D,Intersección,S/D,S/D,S/D,S/D,S/D,S/D,Colisión,Agua,S/D,S/D,S/D,"-32.950861111111,-60.656527777778","['9 de Julio', 'Alvear']",2,,-32.950861111111,-60.656527777778,55.0,538.0,Municipio Rosario,Municipio,Rosario,820210,Servicio de Catastro e Información Territorial,IGN
2018,2662,2018-05-08,Martes,0.0,23:35:00,,0.0,2,"Automóvil,Bicicleta",Junin Y Tte.Agneta,3,1,0,0,2,0,0,"-32.927222222222,-60.700333333333",Calle,,ROSARIO,Rosario,Asfalto,Pavimento,II,Dentro,Urbana,S/D,S/D,Intersección,Bueno,S/D,S/D,Buen Tiempo,Lateral,Ciclista,Atropello,S/D,Horizontal,Barrera de hormigón,S/D,"-32.927222222222,-60.700333333333","['Junín', 'Teniente Agneta']",2,,-32.927222222222,-60.700333333333,55.0,538.0,Municipio Rosario,Municipio,Rosario,820210,Servicio de Catastro e Información Territorial,IGN
2018,2664,2018-05-12,Sabado,0.0,13:20:00,,0.0,2,"Moto/Ciclomotor,Automóvil",Camilo Aldao Bis 640,2,1,0,0,1,0,0,"-32.920666666667,-60.696722222222",Calle,,ROSARIO,Rosario,Asfalto,S/D,II,S/D,Urbana,S/D,S/D,Intersección,S/D,S/D,Diurna,Buen Tiempo,S/D,S/D,Colisión,S/D,S/D,S/D,S/D,"-32.920666666667,-60.696722222222",['Camilo Aldao Bis 640'],1,,-32.920666666667,-60.696722222222,55.0,538.0,Municipio Rosario,Municipio,Rosario,820210,Servicio de Catastro e Información Territorial,IGN
2018,2666,2018-06-08,Viernes,0.0,15:30:00,,0.0,2,"Moto/Ciclomotor,Taxi/Remis",3 De Febrero Y L.N.Alem,2,1,0,0,1,0,0,"-32.954444444444,-60.629888888889",Calle,,ROSARIO,Rosario,S/D,S/D,II,S/D,Urbana,Señal Pare,S/D,Intersección,S/D,S/D,Diurna,S/D,S/D,S/D,Colisión,Ninguna,Vertical,S/D,S/D,"-32.954444444444,-60.629888888889","['3 de Febrero', 'Alem']",2,,-32.954444444444,-60.629888888889,55.0,538.0,Municipio Rosario,Municipio,Rosario,820210,Servicio de Catastro e Información Territorial,IGN
2018,2667,2018-05-15,Martes,0.0,13:50:00,,0.0,2,"Moto/Ciclomotor,Vehículo Oficial",Junin Y P.L.Funes,4,1,0,0,3,0,0,"-32.92725,-60.701722222222",Calle,,ROSARIO,Rosario,Asfalto,S/D,II,S/D,Urbana,S/D,S/D,Intersección,Bueno,S/D,S/D,Buen Tiempo,Lateral,S/D,Colisión,S/D,Horizontal,Barrera de hormigón,S/D,"-32.92725,-60.701722222222","['Junín', 'Funes']",2,,-32.92725,-60.701722222222,55.0,538.0,Municipio Rosario,Municipio,Rosario,820210,Servicio de Catastro e Información Territorial,IGN
2018,2669,2018-06-01,Viernes,0.0,22:00:00,,0.0,2,"Moto/Ciclomotor,Bicicleta",Av. Pellegrini Y Paraguay,2,2,0,0,0,0,0,"-32.956277777778,-60.646472222222",Avenida,,ROSARIO,Rosario,S/D,S/D,II,S/D,Urbana,S/D,S/D,Intersección,S/D,S/D,"Nocturna,Con luz artificial",S/D,S/D,Ciclista,Atropello,S/D,S/D,S/D,S/D,"-32.956277777778,-60.646472222222","['Pellegrini', 'Paraguay']",2,,-32.956277777778,-60.646472222222,55.0,538.0,Municipio Rosario,Municipio,Rosario,820210,Servicio de Catastro e Información Territorial,IGN
2018,2670,2018-05-27,Domingo,0.0,15:40:00,,0.0,2,"Moto/Ciclomotor,Taxi/Remis",Gorriti Y Tte.Agneta,2,1,0,0,1,0,0,"-32.923972222222,-60.700472222222",Calle,,ROSARIO,Rosario,Asfalto,S/D,II,S/D,Urbana,S/D,S/D,Intersección,S/D,S/D,S/D,S/D,Lateral,S/D,Colisión,S/D,S/D,S/D,S/D,"-32.923972222222,-60.700472222222","['Gorriti', 'Teniente Agneta']",2,,-32.923972222222,-60.700472222222,55.0,538.0,Municipio Rosario,Municipio,Rosario,820210,Servicio de Catastro e Información Territorial,IGN
2018,2674,2018-06-07,Jueves,0.0,10:20:00,,0.0,2,"Automóvil,Moto/Ciclomotor",Av. Corrientes Y 3 De Febrero,3,1,0,0,2,0,0,"-32.952,-60.643944444444",Calle,,ROSARIO,Rosario,S/D,S/D,II,S/D,Urbana,Semáforo,Funciona,Intersección,Bueno,Buena,Diurna,S/D,S/D,S/D,Colisión,Ninguna,S/D,S/D,S/D,"-32.952,-60.643944444444","['Corrientes', '3 de Febrero']",2,,-32.952,-60.643944444444,55.0,538.0,Municipio Rosario,Municipio,Rosario,820210,Servicio de Catastro e Información Territorial,IGN
2018,2678,2018-06-08,Viernes,0.0,10:20:00,,0.0,2,"Moto/Ciclomotor,Automóvil",Paraguay 950,2,1,0,0,1,0,0,"-32.947305555556,-60.644194444444",Calle,,ROSARIO,Rosario,S/D,S/D,II,S/D,Urbana,S/D,S/D,Recta,S/D,S/D,S/D,S/D,S/D,S/D,S/D,S/D,S/D,S/D,S/D,"-32.947305555556,-60.644194444444",['Paraguay 950'],1,,-32.947305555556,-60.644194444444,55.0,538.0,Municipio Rosario,Municipio,Rosario,820210,Servicio de Catastro e Información Territorial,IGN
2018,2679,2018-05-02,Miercoles,0.0,18:00:00,,0.0,2,"Vehículo Oficial,Automóvil",Mitre Y E.Zeballos,2,1,0,0,1,0,0,"-32.95475,-60.641722222222",Calle,,ROSARIO,Rosario,S/D,S/D,II,S/D,Urbana,S/D,S/D,Intersección,S/D,S/D,Diurna,Lluvia,S/D,S/D,Colisión,Agua,S/D,S/D,S/D,"-32.95475,-60.641722222222","['Mitre', 'Zeballos']",2,,-32.95475,-60.641722222222,55.0,538.0,Municipio Rosario,Municipio,Rosario,820210,Servicio de Catastro e Información Territorial,IGN
2018,2686,2018-06-15,Viernes,0.0,11:45:00,,0.0,2,"Moto/Ciclomotor,Automóvil",San Lorenzo Y Dorrego,2,1,0,0,1,0,0,"-32.942138888889,-60.648666666667",Calle,,ROSARIO,Rosario,S/D,S/D,II,S/D,Urbana,S/D,S/D,Intersección,S/D,S/D,Diurna,S/D,S/D,S/D,Colisión,S/D,S/D,S/D,S/D,"-32.942138888889,-60.648666666667","['San Lorenzo', 'Dorrego']",2,,-32.942138888889,-60.648666666667,55.0,538.0,Municipio Rosario,Municipio,Rosario,820210,Servicio de Catastro e Información Territorial,IGN
2018,2725,2018-04-23,Lunes,0.0,,,0.0,2,"Moto/Ciclomotor,Pickup/Utilitario",Ecuador Y Riobamba,2,1,0,0,1,0,0,"-32.954630, -60.714353",Calle,,ROSARIO,Rosario,Asfalto,No existe,II,Dentro,Urbana,Ninguna,No existe,Intersección,"Con baches,Deteriorada",S/D,S/D,Buen Tiempo,Frontal,S/D,Colisión,S/D,Faltante,Ninguna,Sin restricción,"-32.954630, -60.714353","['Ecuador', 'Riobamba']",2,,-32.95463,-60.714353,55.0,538.0,Municipio Rosario,Municipio,Rosario,820210,Servicio de Catastro e Información Territorial,IGN
2018,2727,2018-04-14,Sabado,0.0,,,0.0,2,"Moto/Ciclomotor,Automóvil",San Lorenzo Y Av. Provincias Unidas,2,1,0,0,1,0,0,"-32.934523, -60.712861",Calle,,ROSARIO,Rosario,Hormigón,No existe,II,Dentro,Urbana,Semáforo,Funciona,Intersección,Bueno,S/D,S/D,Buen Tiempo,De alcance,S/D,Colisión,S/D,"Horizontal,Vertical",Cordón divisorio,Sin restricción,"-32.934523, -60.712861","['San Lorenzo', 'Avenida Provincias Unidas']",2,,-32.934523,-60.712861,55.0,538.0,Municipio Rosario,Municipio,Rosario,820210,Servicio de Catastro e Información Territorial,IGN
2018,2728,2018-04-11,Miercoles,0.0,09:15:00,,0.0,2,"Pickup/Utilitario,Peatón",Av. Provincias Unidas Y Junin,2,1,0,0,1,0,0,"-32.927535773705, -60.713198923917",Avenida,,ROSARIO,Rosario,Asfalto,No existe,II,Dentro,Urbana,Semáforo,Funciona,Intersección,Bueno,Buena,Diurna,Buen Tiempo,S/D,Peatón,Atropello,Ninguna,Vertical,Ninguna,Sin restricción,"-32.927535773705, -60.713198923917","['Avenida Provincias Unidas', 'Junín']",2,,-32.927535773705,-60.713198923917,55.0,538.0,Municipio Rosario,Municipio,Rosario,820210,Servicio de Catastro e Información Territorial,IGN
2018,2729,2018-04-01,Domingo,0.0,,,0.0,2,"Moto/Ciclomotor,Automóvil",Fraga Y Av. Pellegrini,2,1,0,0,1,0,0,"-32.948636, -60.709907",Calle,,ROSARIO,Rosario,Asfalto,No existe,II,Dentro,Urbana,Semáforo,Funciona,Intersección,Bueno,S/D,S/D,Buen Tiempo,Lateral,S/D,Colisión,S/D,"Horizontal,Vertical","Cordón divisorio,Línea divisoria pintada",Sin restricción,"-32.948636, -60.709907","['Fraga', 'Pellegrini']",2,,-32.948636,-60.709907,55.0,538.0,Municipio Rosario,Municipio,Rosario,820210,Servicio de Catastro e Información Territorial,IGN
2018,2732,2018-04-21,Sabado,0.0,20:05:00,,0.0,2,"Automóvil,Moto/Ciclomotor",Bv. Wilde Y Benegas,3,1,0,0,2,0,0,"-32.931111111111,-60.738833333333",Avenida,,ROSARIO,Rosario,Asfalto,No existe,II,Dentro,Urbana,Ninguna,S/D,Intersección,Bueno,Buena,Diurna,Buen Tiempo,S/D,S/D,Colisión,Ninguna,S/D,Ninguna,Sin restricción,"-32.931111111111,-60.738833333333","['Bulevar Wilde', 'Benegas']",2,,-32.931111111111,-60.738833333333,55.0,538.0,Municipio Rosario,Municipio,Rosario,820210,Servicio de Catastro e Información Territorial,IGN
2018,2742,2018-05-10,Jueves,0.0,15:00:00,,0.0,2,"Moto/Ciclomotor,Automóvil",Roullon Y Espinosa,2,1,0,0,1,0,0,"-32.976610299591, -60.700867467859",Calle,,ROSARIO,Rosario,Asfalto,No existe,II,Dentro,Urbana,Ninguna,No existe,Intersección,Bueno,Buena,Diurna,Buen Tiempo,Lateral,S/D,Atropello,Ninguna,Faltante,Ninguna,Sin restricción,"-32.976610299591, -60.700867467859","['Alfredo Rouillón', 'Espinosa']",2,,-32.976610299591,-60.700867467859,55.0,538.0,Municipio Rosario,Municipio,Rosario,820210,Servicio de Catastro e Información Territorial,IGN
2018,2743,2018-05-19,Sabado,0.0,10:00:00,,0.0,2,"Moto/Ciclomotor,Pickup/Utilitario",Roullon Y Uruguay,2,1,0,0,1,0,0,"-32.968333333333,-60.701166666667",Calle,,ROSARIO,Rosario,Asfalto,No existe,II,Dentro,Urbana,Ninguna,No existe,Intersección,Bueno,Buena,Diurna,Otro,Lateral,S/D,Colisión,Ninguna,Faltante,Ninguna,Sin restricción,"-32.968333333333,-60.701166666667","['Alfredo Rouillón', 'Uruguay']",2,,-32.968333333333,-60.701166666667,55.0,538.0,Municipio Rosario,Municipio,Rosario,820210,Servicio de Catastro e Información Territorial,IGN
2018,2744,2018-05-19,Sabado,0.0,04:25:00,,0.0,2,"Moto/Ciclomotor,Automóvil",Bv. Segui Y Pje. Espinillo,3,0,2,0,0,0,1,"-32.970722222222,-60.699111111111",Calle,,ROSARIO,Rosario,Asfalto,No existe,II,Dentro,Urbana,Ninguna,No existe,Intersección,Bueno,Buena,Diurna,Otro,S/D,S/D,Colisión,Ninguna,Faltante,Ninguna,Sin restricción,"-32.970722222222,-60.699111111111","['Bulevar Juan Francisco Seguí', 'Espinillo']",2,,-32.970722222222,-60.699111111111,55.0,538.0,Municipio Rosario,Municipio,Rosario,820210,Servicio de Catastro e Información Territorial,IGN
2018,2745,2018-05-05,Sabado,0.0,09:30:00,,0.0,2,"Moto/Ciclomotor,Pickup/Utilitario",Bv. 27 De Febrero Y Tte.Agneta,2,1,0,0,1,0,0,"-32.958972222222,-60.699083333333",Calle,,ROSARIO,Rosario,Asfalto,No existe,II,Dentro,Urbana,Semáforo,Funciona,Intersección,Bueno,Buena,Diurna,Otro,Lateral,S/D,Colisión,Ninguna,Vertical,Ninguna,Sin restricción,"-32.958972222222,-60.699083333333","['27 de Febrero', 'Teniente Agneta']",2,,-32.958972222222,-60.699083333333,55.0,538.0,Municipio Rosario,Municipio,Rosario,820210,Servicio de Catastro e Información Territorial,IGN
2018,2746,2018-05-19,Sabado,0.0,13:50:00,,0.0,2,"Bicicleta,Automóvil",Camilo Aldao Y Dean Funes,2,1,0,0,1,0,0,"-32.967,-60.694944444444",Calle,,ROSARIO,Rosario,Asfalto,No existe,II,Dentro,Urbana,Ninguna,No existe,Intersección,Bueno,Buena,S/D,Otro,Lateral,Ciclista,Atropello,Ninguna,Faltante,Ninguna,Sin restricción,"-32.967,-60.694944444444","['Camilo Aldao', 'Deán Gregorio Funes']",2,,-32.967,-60.694944444444,55.0,538.0,Municipio Rosario,Municipio,Rosario,820210,Servicio de Catastro e Información Territorial,IGN
2018,2749,2018-05-15,Martes,0.0,,,0.0,2,"Moto/Ciclomotor,Pickup/Utilitario",Av. Pellegrini Y Barra,2,1,0,0,1,0,0,"-32.9485,-60.706472222222",Calle,,ROSARIO,Rosario,Asfalto,No existe,II,Dentro,Urbana,Ninguna,S/D,Intersección,Bueno,S/D,S/D,Buen Tiempo,Lateral,S/D,Colisión,S/D,S/D,Ninguna,Sin restricción,"-32.9485,-60.706472222222","['Pellegrini', 'Barra']",2,,-32.9485,-60.706472222222,55.0,538.0,Municipio Rosario,Municipio,Rosario,820210,Servicio de Catastro e Información Territorial,IGN
2018,2751,2018-05-21,Lunes,0.0,,,0.0,2,"Moto/Ciclomotor,Automóvil",Riobamba Y Roullon,2,1,0,0,1,0,0,"-32.95425,-60.701722222222",Calle,,ROSARIO,Rosario,Asfalto,No existe,II,Dentro,Urbana,Ninguna,S/D,Intersección,Bueno,S/D,S/D,Buen Tiempo,Lateral,S/D,Colisión,S/D,S/D,Ninguna,Sin restricción,"-32.95425,-60.701722222222","['Riobamba', 'Alfredo Rouillón']",2,,-32.95425,-60.701722222222,55.0,538.0,Municipio Rosario,Municipio,Rosario,820210,Servicio de Catastro e Información Territorial,IGN
2018,2806,2018-04-20,Viernes,0.0,09:30:00,,0.0,2,"Moto/Ciclomotor,Automóvil",Tarragona Y Pje. Cabanellas,2,0,1,0,1,0,0,"-32.932611111111,-60.734388888889",Calle,,ROSARIO,Rosario,Asfalto,No existe,II,Dentro,Urbana,Ninguna,No existe,Intersección,Bueno,Buena,Diurna,Buen Tiempo,Lateral,S/D,Colisión,Ninguna,S/D,Ninguna,Sin restricción,"-32.932611111111,-60.734388888889","['Tarragona', 'Cabanellas']",2,,-32.932611111111,-60.734388888889,55.0,538.0,Municipio Rosario,Municipio,Rosario,820210,Servicio de Catastro e Información Territorial,IGN
2018,2807,2018-04-25,Miercoles,0.0,15:20:00,,0.0,2,"Bicicleta,Automóvil",Juez Zuviria Y Av. Eva Peron,2,1,0,0,1,0,0,"-32.930305555556,-60.728555555556",Avenida,,ROSARIO,Rosario,Asfalto,No existe,II,Dentro,Urbana,Ninguna,S/D,Intersección,Bueno,Buena,Diurna,Buen Tiempo,Contra objeto fijo,S/D,Colisión,Ninguna,S/D,Ninguna,Sin restricción,"-32.930305555556,-60.728555555556","['Zuviria', 'Avenida Eva Perón']",2,,-32.930305555556,-60.728555555556,55.0,538.0,Municipio Rosario,Municipio,Rosario,820210,Servicio de Catastro e Información Territorial,IGN
2018,2815,2018-04-26,Jueves,0.0,20:45:00,,0.0,2,"Peatón,Moto/Ciclomotor",Tarragona Y Av. Genova,2,1,0,0,1,0,0,"-32.916583333333,-60.735138888889",Avenida,,ROSARIO,Rosario,Asfalto,No existe,II,Dentro,Urbana,Ninguna,No existe,Intersección,Bueno,Buena,Nocturna,Buen Tiempo,S/D,Peatón,Atropello,Ninguna,Faltante,Ninguna,Sin restricción,"-32.916583333333,-60.735138888889","['Tarragona', 'Genova']",2,,-32.916583333333,-60.735138888889,55.0,538.0,Municipio Rosario,Municipio,Rosario,820210,Servicio de Catastro e Información Territorial,IGN
2018,2820,2018-04-27,Viernes,0.0,08:15:00,,0.0,2,"Automóvil,Moto/Ciclomotor",Muniagurria Y Pje. Gonzalez Sabathie,2,1,0,0,1,0,0,"-32.931555555556,-60.733222222222",Calle,,ROSARIO,Rosario,Asfalto,No existe,II,Dentro,Urbana,Ninguna,No existe,Intersección,Bueno,Buena,Diurna,Buen Tiempo,Lateral,S/D,Colisión,Ninguna,S/D,Ninguna,Sin restricción,"-32.931555555556,-60.733222222222","['Muniagurría', 'Gonzales Sabathié']",2,,-32.931555555556,-60.733222222222,55.0,538.0,Municipio Rosario,Municipio,Rosario,820210,Servicio de Catastro e Información Territorial,IGN
2018,2823,2018-04-23,Lunes,0.0,14:20:00,,0.0,2,"Automóvil,Moto/Ciclomotor",J.J.Paso Y Juarez Celman,2,1,0,0,1,0,0,"-32.921361111111,-60.753944444444",Calle,,ROSARIO,Rosario,Asfalto,No existe,II,Dentro,Urbana,S/D,No existe,Intersección,Bueno,Buena,Diurna,Buen Tiempo,S/D,S/D,Colisión,Ninguna,S/D,S/D,Sin restricción,"-32.921361111111,-60.753944444444","['Paso', 'Juárez Celman']",2,,-32.921361111111,-60.753944444444,55.0,538.0,Municipio Rosario,Municipio,Rosario,820210,Servicio de Catastro e Información Territorial,IGN
2018,2892,2018-04-16,Lunes,0.0,07:50:00,,0.0,2,"Automóvil,Bicicleta",Av. Eva Peron Y Bv. Wilde,2,0,1,0,1,0,0,"-32.928416666667,-60.738972222222",Avenida,,ROSARIO,Rosario,Asfalto,No existe,II,Dentro,Urbana,Ninguna,Funciona,Intersección,Bueno,Buena,Diurna,Buen Tiempo,S/D,Ciclista,Atropello,Ninguna,Vertical,Ninguna,Sin restricción,"-32.928416666667,-60.738972222222","['Avenida Eva Perón', 'Bulevar Wilde']",2,,-32.928416666667,-60.738972222222,55.0,538.0,Municipio Rosario,Municipio,Rosario,820210,Servicio de Catastro e Información Territorial,IGN
2018,2896,2018-04-17,Martes,0.0,07:40:00,,0.0,2,"Automóvil,Bicicleta",Av. Brassey Y Gonzalez del Solar,2,1,0,0,1,0,0,"-32.923138888889,-60.737027777778",Calle,,ROSARIO,Rosario,Asfalto,No existe,II,Dentro,Urbana,Ninguna,No existe,Intersección,Bueno,Buena,Diurna,Buen Tiempo,De alcance,S/D,Colisión,Ninguna,S/D,Ninguna,Sin restricción,"-32.923138888889,-60.737027777778","['Brassey', 'González del Solar']",2,,-32.923138888889,-60.737027777778,55.0,538.0,Municipio Rosario,Municipio,Rosario,820210,Servicio de Catastro e Información Territorial,IGN
2018,2900,2018-04-15,Domingo,0.0,13:15:00,,0.0,2,"Bicicleta,Automóvil",Sarratea Bis Y Av. Brassey,2,1,0,0,0,0,1,"-32.92325,-60.741222222222",Calle,,ROSARIO,Rosario,Asfalto,S/D,II,Dentro,Urbana,Ninguna,No existe,S/D,Bueno,Buena,Diurna,Buen Tiempo,S/D,Ciclista,Atropello,Ninguna,S/D,Ninguna,Sin restricción,"-32.92325,-60.741222222222","['Sarratea', 'Brassey']",2,,-32.92325,-60.741222222222,55.0,538.0,Municipio Rosario,Municipio,Rosario,820210,Servicio de Catastro e Información Territorial,IGN