anio_acci,nro_acci,fecha,desc_dia,fecha_aprox,hora_aprox,desc_ruta,km,cant_participantes,desc_participante,calle_avenida_km,total,heridos_leves,heridos_graves,heridos_gravisimos,ilesos,fallecidos,sin_datos,posicion_XY,desc_tipo_via,desc_ruta_ori,desc_loc,desc_dpto,desc_tipo_calzada,desc_tipo_banquina,desc_unidad_regional,desc_lugar_calzada,desc_zona,desc_prioridad,desc_estado_semaforo,desc_lugar_via,desc_estado_via,desc_estado_visibilidad,desc_luminosidad,desc_estado_clima,desc_tipo_colision,desc_tipo_atropello,desc_tipo_hecho,desc_pres_calzada,desc_senializacion,desc_separacion_via,desc_restriccion,forma_geocod,calle_lista,numero_calles,calles_osm,lat,lon,index_right,gid,fna,gna,nam,in1,fdc,sag
2018,2901,2018-04-05,Jueves,0.0,12:40:00,,0.0,2,"Automóvil,Bicicleta",Donado Y Navarro,2,1,0,0,1,0,0,"-32.931888888889,-60.727361111111",Calle,,ROSARIO,Rosario,Asfalto,No existe,II,Dentro,Urbana,Ninguna,No existe,Recta,Bueno,Buena,Diurna,Buen Tiempo,S/D,Ciclista,Atropello,Ninguna,S/D,Ninguna,Sin restricción,"-32.931888888889,-60.727361111111","['Donado', 'Navarro']",2,,-32.931888888889,-60.727361111111,55.0,538.0,Municipio Rosario,Municipio,Rosario,820210,Servicio de Catastro e Información Territorial,IGN
2018,2904,2018-04-03,Martes,0.0,19:45:00,,0.0,2,"Automóvil,Moto/Ciclomotor",Sanchez de Loria Y Av. Brassey,3,3,0,0,0,0,0,"-32.923,-60.732361111111",Calle,,ROSARIO,Rosario,Asfalto,No existe,II,Dentro,Urbana,Ninguna,No existe,Intersección,Bueno,Buena,Atardecer,Buen Tiempo,Lateral,S/D,Colisión,Ninguna,S/D,Ninguna,Sin restricción,"-32.923,-60.732361111111","['Sánchez de Loria', 'Brassey']",2,,-32.923,-60.732361111111,55.0,538.0,Municipio Rosario,Municipio,Rosario,820210,Servicio de Catastro e Información Territorial,IGN
2018,2909,2018-04-07,Sabado,0.0,14:05:00,,0.0,2,"Moto/Ciclomotor,Automóvil",Nicaragua Y F.M.Esquiu,2,1,0,0,1,0,0,"-32.923333333333,-60.721444444444",Calle,,ROSARIO,Rosario,Asfalto,No existe,II,Dentro,Urbana,Ninguna,No existe,Intersección,Bueno,Buena,Diurna,Buen Tiempo,De alcance,S/D,Colisión,Ninguna,S/D,Ninguna,Sin restricción,"-32.923333333333,-60.721444444444","['Nicaragua', 'Esquiú']",2,,-32.923333333333,-60.721444444444,55.0,538.0,Municipio Rosario,Municipio,Rosario,820210,Servicio de Catastro e Información Territorial,IGN
2018,2918,2018-04-01,Domingo,0.0,10:20:00,,0.0,2,"Taxi/Remis,Moto/Ciclomotor",Av. Provincias Unidas 360 ,4,1,1,0,2,0,0,"-32.925055555556,-60.713388888889",Avenida,,ROSARIO,Rosario,Asfalto,No existe,II,Dentro,Urbana,Ninguna,S/D,Recta,Bueno,Buena,Diurna,Buen Tiempo,S/D,S/D,Colisión,Ninguna,S/D,Cordón divisorio,Sin restricción,"-32.925055555556,-60.713388888889",['Provincias Unidas 360'],1,,-32.925055555556,-60.713388888889,55.0,538.0,Municipio Rosario,Municipio,Rosario,820210,Servicio de Catastro e Información Territorial,IGN
2018,2927,2018-04-15,Domingo,0.0,22:45:00,,0.0,2,"Automóvil,Moto/Ciclomotor",AV EVA PER?N  Y JUAN PABLO II,3,2,0,0,1,0,0,"-32.931402796535, -60.72183966510",Avenida,,ROSARIO,Rosario,Asfalto,No existe,II,Dentro,Urbana,Semáforo,Funciona,Recta,Bueno,Buena,Nocturna,Buen Tiempo,Lateral,S/D,Colisión,Ninguna,Vertical,Cordón divisorio,Sin restricción,"-32.931402796535, -60.72183966510","['Eva Perón', 'Juan Pablo II']",2,,-32.931402796535,-60.7218396651,55.0,538.0,Municipio Rosario,Municipio,Rosario,820210,Servicio de Catastro e Información Territorial,IGN
2018,3008,2018-04-25,Miercoles,0.0,10:00:00,,0.0,2,"Automóvil,Pickup/Utilitario",Av. Eva Peron ,2,1,0,0,0,0,1,"-32.931420766802, -60.721778282696",Avenida,,ROSARIO,Rosario,Asfalto,No existe,II,Dentro,Urbana,Ninguna,Funciona,Intersección,Bueno,Buena,Diurna,Buen Tiempo,S/D,S/D,Colisión,Ninguna,Vertical,Ninguna,Sin restricción,"-32.931420766802, -60.721778282696",['Eva Peron'],1,,-32.931420766802,-60.721778282696,55.0,538.0,Municipio Rosario,Municipio,Rosario,820210,Servicio de Catastro e Información Territorial,IGN
2018,3019,2018-04-14,Sabado,0.0,11:15:00,,0.0,2,"Automóvil,Peatón",Constitucion Y Urquiza,2,0,0,0,1,1,0,"-32.936609, -60.672806",Calle,,ROSARIO,Rosario,Asfalto,No existe,II,Dentro,Urbana,Ninguna,No existe,Intersección,Bueno,Buena,Diurna,Buen Tiempo,S/D,Peatón,Atropello,Ninguna,Faltante,Ninguna,Sin restricción,"-32.936609, -60.672806","['Constitución', 'Urquiza']",2,,-32.936609,-60.672806,55.0,538.0,Municipio Rosario,Municipio,Rosario,820210,Servicio de Catastro e Información Territorial,IGN
2018,3021,2018-04-29,Domingo,0.0,11:00:00,,0.0,1,Moto/Ciclomotor,Bv. Segui 2400,2,2,0,0,0,0,0,"-32.975833333333,-60.66425",Avenida,,ROSARIO,Rosario,Asfalto,No existe,II,Dentro,Urbana,Ninguna,No existe,Recta,Bueno,Buena,Diurna,Buen Tiempo,S/D,S/D,Caída ocupante,Ninguna,Faltante,Ninguna,Sin restricción,"-32.975833333333,-60.66425",['Bulevar Juan Francisco Seguí 2400'],1,,-32.975833333333,-60.66425,55.0,538.0,Municipio Rosario,Municipio,Rosario,820210,Servicio de Catastro e Información Territorial,IGN
2018,3023,2018-03-01,Jueves,0.0,12:05:00,,0.0,2,"Peatón,Automóvil",Paraguay 1134,2,1,0,0,1,0,0,"-32.949509, -60.644743",Calle,,ROSARIO,Rosario,Asfalto,No existe,II,Dentro,Urbana,Semáforo,Funciona,Recta,Bueno,S/D,Diurna,S/D,S/D,Peatón,Atropello,S/D,"Horizontal,Vertical",Ninguna,Sin restricción,"-32.949509, -60.644743",['Paraguay 1134'],1,,-32.949509,-60.644743,55.0,538.0,Municipio Rosario,Municipio,Rosario,820210,Servicio de Catastro e Información Territorial,IGN
2018,3025,2018-04-28,Sabado,0.0,11:25:00,,0.0,2,"Moto/Ciclomotor,Taxi/Remis",San Martin Y Pje. Gral.Savio,2,1,0,0,1,0,0,"-32.996483177531, -60.647950040311",Avenida,,ROSARIO,Rosario,Asfalto,No existe,II,Dentro,Urbana,Ninguna,No existe,Recta,Bueno,Buena,Diurna,Buen Tiempo,S/D,S/D,Colisión,Ninguna,Faltante,Ninguna,Sin restricción,"-32.996483177531, -60.647950040311","['San Martin', 'Savio']",2,,-32.996483177531,-60.647950040311,55.0,538.0,Municipio Rosario,Municipio,Rosario,820210,Servicio de Catastro e Información Territorial,IGN
2018,3026,2018-04-28,Sabado,0.0,13:20:00,,0.0,2,"Bicicleta,Automóvil",Av. Uriburu Y Sarmiento,2,1,0,0,1,0,0,"-32.99075,-60.649444444444",Avenida,,ROSARIO,Rosario,Asfalto,No existe,II,Dentro,Urbana,Ninguna,No existe,Intersección,Bueno,Buena,Diurna,Buen Tiempo,S/D,Ciclista,Atropello,Ninguna,Faltante,Ninguna,Sin restricción,"-32.99075,-60.649444444444","['Uriburu', 'Sarmiento']",2,,-32.99075,-60.649444444444,55.0,538.0,Municipio Rosario,Municipio,Rosario,820210,Servicio de Catastro e Información Territorial,IGN
2018,3027,2018-04-28,Sabado,0.0,16:05:00,,0.0,2,"Moto/Ciclomotor,Automóvil",BV SEGUI Y PJE 1878,2,1,0,0,0,0,1,"-32.970991463053, -60.710370408505",Avenida,,ROSARIO,Rosario,Asfalto,No existe,II,Dentro,Urbana,Ninguna,No existe,Intersección,Bueno,Buena,Diurna,Buen Tiempo,Lateral,S/D,Colisión,Ninguna,Faltante,Ninguna,Sin restricción,"-32.970991463053, -60.710370408505","['Bulevar Juan Francisco Seguí', 'Pasaje 1878']",2,,-32.970991463053,-60.710370408505,55.0,538.0,Municipio Rosario,Municipio,Rosario,820210,Servicio de Catastro e Información Territorial,IGN
2018,3028,2018-04-27,Viernes,0.0,20:50:00,,0.0,2,"Automóvil,Automóvil",San Martin Y Garibaldi,3,2,0,0,1,0,0,"-32.986333333333,-60.645888888889",Calle,,ROSARIO,Rosario,Asfalto,No existe,II,Dentro,Urbana,Ninguna,Funciona,Intersección,Bueno,Buena,Nocturna,Buen Tiempo,Lateral,S/D,Colisión,Ninguna,Vertical,Ninguna,Sin restricción,"-32.986333333333,-60.645888888889","['San Martin', 'José Garibaldi']",2,,-32.986333333333,-60.645888888889,55.0,538.0,Municipio Rosario,Municipio,Rosario,820210,Servicio de Catastro e Información Territorial,IGN
2018,3098,2018-04-17,Martes,0.0,10:40:00,,0.0,2,"Moto/Ciclomotor,Automóvil",Bv. Segui Y Mitre,2,1,0,0,1,0,0,"-32.978835247377, -60.647819668123",Calle,,ROSARIO,Rosario,Asfalto,No existe,II,Dentro,Urbana,S/D,No existe,Intersección,Bueno,Buena,Diurna,S/D,Lateral,S/D,Colisión,Ninguna,Faltante,S/D,S/D,"-32.978835247377, -60.647819668123","['Bulevar Juan Francisco Seguí', 'Mitre']",2,,-32.978835247377,-60.647819668123,55.0,538.0,Municipio Rosario,Municipio,Rosario,820210,Servicio de Catastro e Información Territorial,IGN
2018,3099,2018-04-20,Viernes,0.0,12:40:00,,0.0,2,"Moto/Ciclomotor,Automóvil",Mitre Y Juan Canals,3,2,0,0,1,0,0,"-32.989156387666, -60.650394588777",Calle,,ROSARIO,Rosario,Asfalto,No existe,II,Dentro,Urbana,Ninguna,No existe,Intersección,Bueno,Buena,Diurna,Buen Tiempo,Lateral,S/D,Colisión,Ninguna,Faltante,Ninguna,Sin restricción,"-32.989156387666, -60.650394588777","['Mitre', 'Juan Canals']",2,,-32.989156387666,-60.650394588777,55.0,538.0,Municipio Rosario,Municipio,Rosario,820210,Servicio de Catastro e Información Territorial,IGN
2018,3100,2018-04-15,Domingo,0.0,19:20:00,,0.0,3,"Moto/Ciclomotor,Automóvil,Peatón",Buenos Aires Y Pje. Gral.Savio,3,2,0,0,1,0,0,"-32.996344707826, -60.645051628420",Calle,,ROSARIO,Rosario,Asfalto,No existe,II,Dentro,Urbana,Ninguna,No existe,Intersección,Bueno,Buena,Atardecer,Buen Tiempo,Lateral,Peatón,"Colisión,Atropello",Ninguna,Faltante,Ninguna,Sin restricción,"-32.996344707826, -60.645051628420","['Buenos Aires', 'Savio']",2,,-32.996344707826,-60.64505162842,55.0,538.0,Municipio Rosario,Municipio,Rosario,820210,Servicio de Catastro e Información Territorial,IGN
2018,3101,2018-04-24,Martes,0.0,19:10:00,,0.0,2,"Moto/Ciclomotor,Automóvil",Saavedra Y Italia,2,1,0,0,1,0,0,"-32.976153038362, -60.655823379824",Calle,,ROSARIO,Rosario,Asfalto,No existe,II,Dentro,Urbana,Ninguna,No existe,Intersección,Bueno,Buena,Atardecer,Buen Tiempo,Lateral,S/D,Colisión,Ninguna,Faltante,Ninguna,Sin restricción,"-32.976153038362, -60.655823379824","['Saavedra', 'Italia']",2,,-32.976153038362,-60.655823379824,55.0,538.0,Municipio Rosario,Municipio,Rosario,820210,Servicio de Catastro e Información Territorial,IGN
2018,3102,2018-04-27,Viernes,0.0,15:10:00,,0.0,2,"Automóvil,Moto/Ciclomotor", ,2,1,0,0,1,0,0,"-32.954096,-60.645878",Avenida,,ROSARIO,Rosario,Asfalto,No existe,II,Dentro,Urbana,Ninguna,No existe,Intersección,Bueno,Buena,Diurna,Buen Tiempo,Lateral,S/D,Colisión,Ninguna,Faltante,Ninguna,Sin restricción,"-32.954096,-60.645878",[''],0,,-32.954096,-60.645878,55.0,538.0,Municipio Rosario,Municipio,Rosario,820210,Servicio de Catastro e Información Territorial,IGN
2018,3105,2018-04-15,Domingo,0.0,10:00:00,,0.0,4,"Automóvil,Pickup/Utilitario,Automóvil,Automóvil",San Martin Y Reg.11 de Infanteria,8,3,0,0,5,0,0,"-32.998826822985, -60.648426464164",Calle,,ROSARIO,Rosario,Asfalto,No existe,II,Dentro,Urbana,Ninguna,Funciona,Intersección,Bueno,Buena,Diurna,Buen Tiempo,Múltiple,S/D,Colisión,Ninguna,Vertical,S/D,Sin restricción,"-32.998826822985, -60.648426464164","['San Martin', 'Regimiento 11']",2,,-32.998826822985,-60.648426464164,55.0,538.0,Municipio Rosario,Municipio,Rosario,820210,Servicio de Catastro e Información Territorial,IGN
2018,3111,2018-04-13,Viernes,0.0,21:45:00,,0.0,2,"Automóvil,Moto/Ciclomotor",Salta Y Av. Battle y Ordo?ez,3,2,0,0,1,0,0,"-33.008674150787, -60.639984365491",Avenida,,ROSARIO,Rosario,Asfalto,No existe,II,Dentro,Urbana,Ninguna,No existe,Intersección,Bueno,Buena,Diurna,Buen Tiempo,Lateral,S/D,Colisión,Ninguna,Faltante,Ninguna,Sin restricción,"-33.008674150787, -60.639984365491","['Salta', 'Avenida Battle y Ordoñez']",2,,-33.008674150787,-60.639984365491,55.0,538.0,Municipio Rosario,Municipio,Rosario,820210,Servicio de Catastro e Información Territorial,IGN
2018,3117,2018-04-13,Viernes,0.0,15:25:00,,0.0,2,"Automóvil,Automóvil",Reg.11 de Infanteria 400,2,1,1,0,0,0,0,"-32.997494703612, -60.640434976605",Calle,,ROSARIO,Rosario,Asfalto,No existe,II,Dentro,Urbana,Ninguna,No existe,Intersección,Bueno,Buena,Diurna,Buen Tiempo,Otro,S/D,Colisión,Ninguna,Faltante,Ninguna,Sin restricción,"-32.997494703612, -60.640434976605",['Regimiento 11 400'],1,,-32.997494703612,-60.640434976605,55.0,538.0,Municipio Rosario,Municipio,Rosario,820210,Servicio de Catastro e Información Territorial,IGN
2018,3125,2018-03-24,Sabado,0.0,,,0.0,2,"Bicicleta,Automóvil",Avalos Y Freyre,2,1,0,0,0,0,1,"-32.895694601283, -60.707908836743",Calle,,ROSARIO,Rosario,Asfalto,No existe,II,Dentro,Urbana,Ninguna,No existe,Intersección,Bueno,Buena,Atardecer,Buen Tiempo,S/D,Ciclista,Atropello,Ninguna,Faltante,Ninguna,Sin restricción,"-32.895694601283, -60.707908836743","['Ávalos', 'Freyre']",2,,-32.895694601283,-60.707908836743,55.0,538.0,Municipio Rosario,Municipio,Rosario,820210,Servicio de Catastro e Información Territorial,IGN
2018,3126,2018-03-25,Domingo,0.0,20:55:00,,0.0,2,"Automóvil,Moto/Ciclomotor",Baigorria Y Molina,3,2,0,0,1,0,0,"-32.893752681956, -60.704722372433",Calle,,ROSARIO,Rosario,Asfalto,No existe,II,Dentro,Urbana,Ninguna,No existe,Intersección,Bueno,Buena,Nocturna,Buen Tiempo,S/D,S/D,Colisión,Ninguna,Faltante,Ninguna,Sin restricción,"-32.893752681956, -60.704722372433","['Baigorria', 'Molina']",2,,-32.893752681956,-60.704722372433,55.0,538.0,Municipio Rosario,Municipio,Rosario,820210,Servicio de Catastro e Información Territorial,IGN
2018,3207,2018-04-13,Viernes,0.0,20:20:00,,0.0,2,"Automóvil,Moto/Ciclomotor",Av. Corrientes Y Hilarion de la Quintana,3,2,0,0,1,0,0,"-33.001039312139, -60.653329056290",Calle,,ROSARIO,Rosario,Asfalto,No existe,II,Dentro,Urbana,Ninguna,No existe,Intersección,Bueno,Buena,Nocturna,Buen Tiempo,Lateral,S/D,Colisión,Ninguna,Faltante,Barrera de hormigón,Sin restricción,"-33.001039312139, -60.653329056290","['Corrientes', 'Hilarión de la Quintana']",2,,-33.001039312139,-60.65332905629,55.0,538.0,Municipio Rosario,Municipio,Rosario,820210,Servicio de Catastro e Información Territorial,IGN
2018,3208,2018-04-14,Sabado,0.0,17:20:00,,0.0,2,"Automóvil,Peatón",Av. Ntra.Sra.del Rosario Bis 500,2,1,0,0,1,0,0,"-32.998358108288, -60.619628156072",Avenida,,ROSARIO,Rosario,Asfalto,No existe,II,Dentro,Urbana,Ninguna,No existe,Intersección,Bueno,Buena,Atardecer,Buen Tiempo,S/D,Peatón,Atropello,Ninguna,"Horizontal,Vertical",Ninguna,Sin restricción,"-32.998358108288, -60.619628156072",['Ntra Sra Del Rosario Bis 500'],1,,-32.998358108288,-60.619628156072,55.0,538.0,Municipio Rosario,Municipio,Rosario,820210,Servicio de Catastro e Información Territorial,IGN
2018,3209,2018-04-09,Lunes,0.0,17:05:00,,0.0,2,"Bicicleta,Moto/Ciclomotor",Bv. Oro?o Y Coulin,2,1,0,0,0,0,1,"-32.988990357328, -60.664726556750",Calle,,ROSARIO,Rosario,Asfalto,No existe,II,Dentro,Urbana,Semáforo,Funciona,Intersección,Bueno,Buena,Atardecer,Buen Tiempo,S/D,Ciclista,Atropello,Ninguna,"Horizontal,Vertical",Ninguna,Sin restricción,"-32.988990357328, -60.664726556750","['Bulevar Nicasio Oroño', 'Coulin']",2,,-32.988990357328,-60.66472655675,55.0,538.0,Municipio Rosario,Municipio,Rosario,820210,Servicio de Catastro e Información Territorial,IGN
2018,3210,2018-04-12,Jueves,0.0,17:30:00,,0.0,2,"Moto/Ciclomotor,Peatón",Reg.11 de Infanteria Y Castro,3,2,0,0,1,0,0,"-32.998202068249, -60.629657729935",Calle,,ROSARIO,Rosario,Asfalto,No existe,II,Dentro,Urbana,Ninguna,No existe,Intersección,Bueno,Buena,Diurna,Buen Tiempo,S/D,Peatón,Atropello,Ninguna,Faltante,Ninguna,Sin restricción,"-32.998202068249, -60.629657729935","['Regimiento 11', 'Castro']",2,,-32.998202068249,-60.629657729935,55.0,538.0,Municipio Rosario,Municipio,Rosario,820210,Servicio de Catastro e Información Territorial,IGN
2018,3215,2018-04-01,Domingo,1.0,08:50:00,,0.0,2,"Automóvil,Moto/Ciclomotor",Garibaldi 2100,2,1,0,0,1,0,0,"-32.983517040550, -60.661884031999",Calle,,ROSARIO,Rosario,Asfalto,No existe,II,Dentro,Urbana,Ninguna,No existe,Intersección,Bueno,Buena,Diurna,Buen Tiempo,Lateral,S/D,Colisión,Ninguna,Faltante,Ninguna,Sin restricción,"-32.983517040550, -60.661884031999",['Garibaldi 2100'],1,,-32.98351704055,-60.661884031999,55.0,538.0,Municipio Rosario,Municipio,Rosario,820210,Servicio de Catastro e Información Territorial,IGN
2018,3253,2018-04-12,Jueves,0.0,01:05:00,,0.0,2,"Automóvil,Moto/Ciclomotor",Bv. Oro?o Y Av. Jorge Cura,2,1,0,0,1,0,0,"-32.971259817267, -60.660480442328",Avenida,,ROSARIO,Rosario,Asfalto,No existe,II,Dentro,Urbana,Semáforo,Funciona,Intersección,Bueno,Buena,Nocturna,Buen Tiempo,Lateral,S/D,Colisión,Ninguna,"Horizontal,Vertical",Ninguna,Sin restricción,"-32.971259817267, -60.660480442328","['Bulevar Nicasio Oroño', 'Avenida Jorge Cura']",2,,-32.971259817267,-60.660480442328,55.0,538.0,Municipio Rosario,Municipio,Rosario,820210,Servicio de Catastro e Información Territorial,IGN
2018,3261,2018-04-01,Domingo,1.0,16:30:00,,0.0,2,"Automóvil,Moto/Ciclomotor",Centeno Y Espa?a,3,2,0,0,1,0,0,"-32.983330762997, -60.656219468257",Calle,,ROSARIO,Rosario,Asfalto,No existe,II,Dentro,Urbana,Semáforo,No existe,Intersección,Bueno,Buena,Atardecer,Buen Tiempo,Lateral,S/D,Colisión,Ninguna,Faltante,Ninguna,Sin restricción,"-32.983330762997, -60.656219468257","['Centeno', 'España']",2,,-32.983330762997,-60.656219468257,55.0,538.0,Municipio Rosario,Municipio,Rosario,820210,Servicio de Catastro e Información Territorial,IGN
2018,3275,2018-04-09,Lunes,0.0,06:30:00,,0.0,2,"Moto/Ciclomotor,Automóvil",Ayacucho Y Calle 529,2,1,0,0,1,0,0,"-33.011808, -60.635643",Calle,,ROSARIO,Rosario,Asfalto,No existe,II,Dentro,Urbana,Ninguna,No existe,Intersección,Bueno,Buena,Atardecer,Buen Tiempo,Lateral,S/D,Colisión,Ninguna,Faltante,Ninguna,S/D,"-33.011808, -60.635643","['Ayacucho', 'Calle 529']",2,,-33.011808,-60.635643,55.0,538.0,Municipio Rosario,Municipio,Rosario,820210,Servicio de Catastro e Información Territorial,IGN
2018,3277,2018-04-07,Sabado,0.0,19:10:00,,0.0,2,"Automóvil,Moto/Ciclomotor",San Martin 5100,4,2,0,0,2,0,0,"-32.997061929451, -60.648077776992",Calle,,ROSARIO,Rosario,Asfalto,No existe,II,Dentro,Urbana,Semáforo,Funciona,Intersección,Bueno,Buena,Atardecer,Buen Tiempo,Lateral,S/D,Colisión,Ninguna,"Horizontal,Vertical",Ninguna,Sin restricción,"-32.997061929451, -60.648077776992",['San Martin 5100'],1,,-32.997061929451,-60.648077776992,55.0,538.0,Municipio Rosario,Municipio,Rosario,820210,Servicio de Catastro e Información Territorial,IGN
2018,3281,2018-04-05,Jueves,0.0,23:55:00,,0.0,2,"Automóvil,Moto/Ciclomotor",Av. Battle y Ordo?ez Y Melincue,2,1,0,0,1,0,0,"-33.008969193776, -60.647660847691",Avenida,,ROSARIO,Rosario,Asfalto,No existe,II,Dentro,Urbana,Ninguna,No existe,Intersección,Bueno,Buena,Nocturna,Buen Tiempo,Lateral,S/D,Colisión,Ninguna,Faltante,Ninguna,Sin restricción,"-33.008969193776, -60.647660847691","['Avenida Battle y Ordoñez', 'Melincué']",2,,-33.008969193776,-60.647660847691,55.0,538.0,Municipio Rosario,Municipio,Rosario,820210,Servicio de Catastro e Información Territorial,IGN
2018,3283,2018-04-05,Jueves,0.0,19:30:00,,0.0,2,"Moto/Ciclomotor,Automóvil",Av. Corrientes Y Ambrosetti,2,1,0,0,1,0,0,"-32.971502354553, -60.648874701471",Calle,,ROSARIO,Rosario,Asfalto,No existe,II,Dentro,Urbana,Ninguna,No existe,Intersección,Bueno,Buena,Atardecer,Buen Tiempo,Lateral,S/D,Colisión,Ninguna,Faltante,Ninguna,Sin restricción,"-32.971502354553, -60.648874701471","['Corrientes', 'Ambrosetti']",2,,-32.971502354553,-60.648874701471,55.0,538.0,Municipio Rosario,Municipio,Rosario,820210,Servicio de Catastro e Información Territorial,IGN
2018,3296,2018-04-02,Lunes,0.0,18:00:00,,0.0,2,"Moto/Ciclomotor,Automóvil",Entre Rios Y Saavedra,2,1,0,0,1,0,0,"-32.977428764692, -60.648915635556",Calle,,ROSARIO,Rosario,Asfalto,No existe,II,Dentro,Urbana,Semáforo,Funciona,Intersección,Bueno,Buena,Diurna,Buen Tiempo,Lateral,S/D,Colisión,Ninguna,"Horizontal,Vertical",Ninguna,Sin restricción,"-32.977428764692, -60.648915635556","['Entre Ríos', 'Saavedra']",2,,-32.977428764692,-60.648915635556,55.0,538.0,Municipio Rosario,Municipio,Rosario,820210,Servicio de Catastro e Información Territorial,IGN
2018,3303,2018-04-08,Domingo,0.0,21:20:00,,0.0,2,"Moto/Ciclomotor,Bicicleta",Ayacucho ,2,1,0,0,1,0,0,"-32.998922244037, -60.636412672434",Calle,,ROSARIO,Rosario,Asfalto,No existe,II,Dentro,Urbana,Ninguna,No existe,Intersección,Bueno,Buena,Nocturna,Buen Tiempo,S/D,Ciclista,Atropello,Ninguna,Faltante,Ninguna,Sin restricción,"-32.998922244037, -60.636412672434",['Ayacucho'],1,,-32.998922244037,-60.636412672434,55.0,538.0,Municipio Rosario,Municipio,Rosario,820210,Servicio de Catastro e Información Territorial,IGN
2018,3305,2018-04-22,Domingo,0.0,00:30:00,,0.0,2,"Automóvil,Moto/Ciclomotor",Av. Battle y Ordo?ez Y Khantuta,2,0,1,0,1,0,0,"-33.009086944352, -60.657050336247",Avenida,,ROSARIO,Rosario,Asfalto,No existe,II,Dentro,Urbana,Ninguna,Intermitente,Intersección,Bueno,Reducida,Nocturna,Buen Tiempo,Lateral,S/D,Colisión,Ninguna,"Horizontal,Vertical",Ninguna,Sin restricción,"-33.009086944352, -60.657050336247","['Avenida Battle y Ordoñez', 'Khantuta']",2,,-33.009086944352,-60.657050336247,55.0,538.0,Municipio Rosario,Municipio,Rosario,820210,Servicio de Catastro e Información Territorial,IGN
2018,3342,2018-04-19,Jueves,0.0,16:50:00,,0.0,2,"Automóvil,Moto/Ciclomotor",Homero Manzi 2500,3,1,0,0,2,0,0,"-32.886972222222,-60.717694444444",Calle,,ROSARIO,Rosario,Asfalto,No existe,II,Dentro,Urbana,Ninguna,No existe,Recta,Bueno,Buena,Diurna,Buen Tiempo,De alcance,S/D,Colisión,Ninguna,Faltante,Ninguna,Sin restricción,"-32.886972222222,-60.717694444444",['Homero Manzi 2500'],1,,-32.886972222222,-60.717694444444,55.0,538.0,Municipio Rosario,Municipio,Rosario,820210,Servicio de Catastro e Información Territorial,IGN
2018,3344,2018-04-06,Viernes,0.0,09:05:00,,0.0,2,"Moto/Ciclomotor,Automóvil",Ciudadela Y Luzurriaga,2,1,0,0,1,0,0,"-32.892555555556,-60.732055555556",Calle,,ROSARIO,Rosario,Asfalto,S/D,II,Dentro,Urbana,Ninguna,S/D,Intersección,Bueno,Buena,Diurna,Buen Tiempo,Frontal,S/D,Colisión,S/D,S/D,Ninguna,S/D,"-32.892555555556,-60.732055555556","['Ciudadela', 'Luzurriaga']",2,,-32.892555555556,-60.732055555556,55.0,538.0,Municipio Rosario,Municipio,Rosario,820210,Servicio de Catastro e Información Territorial,IGN
2018,3396,2018-01-02,Martes,0.0,14:40:00,,0.0,2,"Moto/Ciclomotor,Automóvil",Bv. Oro?o Y Av. Dante Alighieri,2,0,0,1,1,0,0,"-32.961638888889,-60.657805555556",Calle,,ROSARIO,Rosario,S/D,S/D,II,S/D,Urbana,S/D,S/D,S/D,S/D,S/D,S/D,S/D,S/D,S/D,Colisión,S/D,S/D,S/D,S/D,"-32.961638888889,-60.657805555556","['Bulevar Nicasio Oroño', 'Dante Alighieri']",2,,-32.961638888889,-60.657805555556,55.0,538.0,Municipio Rosario,Municipio,Rosario,820210,Servicio de Catastro e Información Territorial,IGN
2018,3417,2018-01-19,Viernes,0.0,08:25:00,,0.0,2,"Pickup/Utilitario,Moto/Ciclomotor",Bv. Avellaneda Y G.Carrasco,2,1,0,0,1,0,0,"-32.919888888889,-60.674444444444",Avenida,,ROSARIO,Rosario,Asfalto,S/D,II,S/D,Urbana,S/D,S/D,Intersección,S/D,S/D,Diurna,S/D,Lateral,S/D,Colisión,S/D,S/D,S/D,S/D,"-32.919888888889,-60.674444444444","['Avellaneda', 'Carrasco']",2,,-32.919888888889,-60.674444444444,55.0,538.0,Municipio Rosario,Municipio,Rosario,820210,Servicio de Catastro e Información Territorial,IGN