anio_acci,nro_acci,fecha,desc_dia,fecha_aprox,hora_aprox,desc_ruta,km,cant_participantes,desc_participante,calle_avenida_km,total,heridos_leves,heridos_graves,heridos_gravisimos,ilesos,fallecidos,sin_datos,posicion_XY,desc_tipo_via,desc_ruta_ori,desc_loc,desc_dpto,desc_tipo_calzada,desc_tipo_banquina,desc_unidad_regional,desc_lugar_calzada,desc_zona,desc_prioridad,desc_estado_semaforo,desc_lugar_via,desc_estado_via,desc_estado_visibilidad,desc_luminosidad,desc_estado_clima,desc_tipo_colision,desc_tipo_atropello,desc_tipo_hecho,desc_pres_calzada,desc_senializacion,desc_separacion_via,desc_restriccion,forma_geocod,calle_lista,numero_calles,calles_osm,lat,lon,index_right,gid,fna,gna,nam,in1,fdc,sag
2018,3428,2018-01-06,Sabado,0.0,,,0.0,2,"Moto/Ciclomotor,Taxi/Remis",Barra ,2,0,1,0,1,0,0,"-32.95556,-60.70620",Calle,,ROSARIO,Rosario,S/D,S/D,II,S/D,Urbana,S/D,S/D,S/D,S/D,S/D,S/D,S/D,S/D,S/D,Colisión,S/D,S/D,S/D,S/D,"-32.95556,-60.70620",['Barra'],1,,-32.95556,-60.7062,55.0,538.0,Municipio Rosario,Municipio,Rosario,820210,Servicio de Catastro e Información Territorial,IGN
2018,3437,2018-04-07,Sabado,0.0,03:45:00,,0.0,1,Automóvil,JUAN PABLO II ,1,1,0,0,0,0,0,"-32.901969239969, -60.722572964221",Calle,,ROSARIO,Rosario,Asfalto,No existe,II,Dentro,Urbana,S/D,No existe,Recta,Bueno,Buena,Nocturna,Buen Tiempo,S/D,S/D,Despiste,Ninguna,S/D,Ninguna,S/D,"-32.901969239969, -60.722572964221",['Juan Pablo II'],1,,-32.901969239969,-60.722572964221,55.0,538.0,Municipio Rosario,Municipio,Rosario,820210,Servicio de Catastro e Información Territorial,IGN
2018,3438,2018-04-16,Lunes,0.0,10:20:00,,0.0,2,"Automóvil,Moto/Ciclomotor", ,2,1,0,0,1,0,0,"-32.947986,-60.651543",Calle,,ROSARIO,Rosario,Asfalto,S/D,II,Dentro,Urbana,Ninguna,S/D,S/D,Bueno,Buena,Diurna,Buen Tiempo,S/D,S/D,Colisión,S/D,S/D,S/D,S/D,"-32.947986,-60.651543",[''],0,,-32.947986,-60.651543,55.0,538.0,Municipio Rosario,Municipio,Rosario,820210,Servicio de Catastro e Información Territorial,IGN
2018,3441,2018-04-02,Lunes,0.0,10:45:00,,0.0,2,"Moto/Ciclomotor,Automóvil",Gazcon Y Grandoli,3,1,0,0,2,0,0,"-32.886933176170, -60.727317838670",Calle,,ROSARIO,Rosario,Asfalto,S/D,II,Dentro,Urbana,S/D,S/D,Recta,Bueno,Buena,Diurna,Buen Tiempo,Frontal,S/D,Colisión,Ninguna,S/D,S/D,S/D,"-32.886933176170, -60.727317838670","['Gascón', 'Avenida Abanderado Grandoli']",2,,-32.88693317617,-60.72731783867,55.0,538.0,Municipio Rosario,Municipio,Rosario,820210,Servicio de Catastro e Información Territorial,IGN
2018,3499,2018-01-22,Lunes,0.0,16:00:00,,0.0,2,"Moto/Ciclomotor,Moto/Ciclomotor",Matienzo Y Dr.Maradona,3,2,0,0,1,0,0,"-32.97942, -60.69318",Calle,,ROSARIO,Rosario,S/D,No existe,I,S/D,Urbana,S/D,S/D,Intersección,S/D,S/D,Diurna,S/D,S/D,S/D,Colisión,S/D,S/D,S/D,S/D,"-32.97942, -60.69318","['Matienzo', 'Doctor Maradona']",2,,-32.97942,-60.69318,55.0,538.0,Municipio Rosario,Municipio,Rosario,820210,Servicio de Catastro e Información Territorial,IGN
2018,3503,2018-01-06,Sabado,0.0,,,0.0,2,"Automóvil,Peatón",Mejico Y Mendoza,2,1,0,0,1,0,0,"-32.940333333333,-60.718416666667",Calle,,ROSARIO,Rosario,S/D,S/D,II,S/D,Urbana,S/D,S/D,S/D,S/D,S/D,S/D,S/D,Contra objeto fijo,Peatón,Atropello,S/D,S/D,S/D,S/D,"-32.940333333333,-60.718416666667","['Mejico', 'Mendoza']",2,,-32.940333333333,-60.718416666667,55.0,538.0,Municipio Rosario,Municipio,Rosario,820210,Servicio de Catastro e Información Territorial,IGN
2018,3513,2018-01-06,Sabado,0.0,,,0.0,1,Moto/Ciclomotor,Pte.Roca 1700,1,1,0,0,0,0,0,"-32.956027777778,-60.647861111111",Calle,,ROSARIO,Rosario,S/D,S/D,II,S/D,Urbana,S/D,S/D,S/D,S/D,S/D,S/D,S/D,S/D,S/D,"Caída ocupante,Vuelco",S/D,S/D,S/D,S/D,"-32.956027777778,-60.647861111111",['Presidenteroca 1700'],1,,-32.956027777778,-60.647861111111,55.0,538.0,Municipio Rosario,Municipio,Rosario,820210,Servicio de Catastro e Información Territorial,IGN
2018,3527,2018-01-09,Martes,0.0,,,0.0,2,"Automóvil,Moto/Ciclomotor",Av. Provincias Unidas Y Av. Eva Peron,2,1,1,0,0,0,0,"-32.932944444444,-60.713055555556",Avenida,,ROSARIO,Rosario,S/D,S/D,II,S/D,Urbana,S/D,S/D,S/D,S/D,S/D,S/D,S/D,S/D,S/D,Colisión,S/D,S/D,S/D,S/D,"-32.932944444444,-60.713055555556","['Avenida Provincias Unidas', 'Avenida Eva Perón']",2,,-32.932944444444,-60.713055555556,55.0,538.0,Municipio Rosario,Municipio,Rosario,820210,Servicio de Catastro e Información Territorial,IGN
2018,3551,2018-04-27,Viernes,0.0,10:30:00,,0.0,2,"Moto/Ciclomotor,Pickup/Utilitario",Laprida Y Gaboto,3,1,0,0,2,0,0,"-32.974027777778,-60.641027777778",Calle,,ROSARIO,Rosario,Asfalto,No existe,II,Dentro,Urbana,Paso Peatonal,No existe,Intersección,Bueno,Buena,Diurna,Buen Tiempo,Lateral,S/D,Colisión,Ninguna,Horizontal,Ninguna,Sin restricción,"-32.974027777778,-60.641027777778","['Laprida', 'Gaboto']",2,,-32.974027777778,-60.641027777778,55.0,538.0,Municipio Rosario,Municipio,Rosario,820210,Servicio de Catastro e Información Territorial,IGN
2018,3552,2018-04-25,Miercoles,0.0,16:30:00,,0.0,2,"Moto/Ciclomotor,Moto/Ciclomotor",1 de Mayo Y Saavedra,2,1,0,0,1,0,0,"-32.979416666667,-60.637611111111",Calle,,ROSARIO,Rosario,Asfalto,No existe,II,Dentro,Urbana,Ninguna,No existe,Intersección,Bueno,Buena,Diurna,Buen Tiempo,De alcance,S/D,Colisión,Ninguna,Vertical,Ninguna,Sin restricción,"-32.979416666667,-60.637611111111","['Primero de Mayo', 'Saavedra']",2,,-32.979416666667,-60.637611111111,55.0,538.0,Municipio Rosario,Municipio,Rosario,820210,Servicio de Catastro e Información Territorial,IGN
2018,3555,2018-04-23,Lunes,0.0,16:05:00,,0.0,2,"Automóvil,Moto/Ciclomotor",L.N.Alem Y Saavedra,3,2,0,0,1,0,0,"-32.979666666667,-60.636222222222",Calle,,ROSARIO,Rosario,Asfalto,No existe,II,Dentro,Urbana,Ninguna,No existe,Intersección,Con baches,Buena,Diurna,Buen Tiempo,Lateral,S/D,Colisión,Ninguna,Faltante,Ninguna,Sin restricción,"-32.979666666667,-60.636222222222","['Alem', 'Saavedra']",2,,-32.979666666667,-60.636222222222,55.0,538.0,Municipio Rosario,Municipio,Rosario,820210,Servicio de Catastro e Información Territorial,IGN
2018,3558,2018-04-23,Lunes,0.0,17:00:00,,0.0,2,"Automóvil,Bicicleta",Virasoro Y L.N.Alem,2,1,0,0,1,0,0,"-32.971638888889,-60.634222222222",Calle,,ROSARIO,Rosario,Asfalto,No existe,II,Dentro,Urbana,Otra Señal,No existe,Intersección,Bueno,Buena,Diurna,Buen Tiempo,S/D,Ciclista,Atropello,Ninguna,Vertical,Ninguna,Sin restricción,"-32.971638888889,-60.634222222222","['Virasoro', 'Alem']",2,,-32.971638888889,-60.634222222222,55.0,538.0,Municipio Rosario,Municipio,Rosario,820210,Servicio de Catastro e Información Territorial,IGN
2018,3562,2018-04-16,Lunes,0.0,18:00:00,,0.0,2,"Automóvil,Moto/Ciclomotor",J.M.de Rosas Y Biedma,3,1,0,0,2,0,0,"-32.982583333333,-60.640111111111",Calle,,ROSARIO,Rosario,Asfalto,No existe,II,Dentro,Urbana,Ninguna,No existe,Recta,Bueno,Buena,Diurna,Buen Tiempo,De alcance,S/D,Colisión,Ninguna,Faltante,Ninguna,Sin restricción,"-32.982583333333,-60.640111111111","['De Rosas', 'Coronel Biedma']",2,,-32.982583333333,-60.640111111111,55.0,538.0,Municipio Rosario,Municipio,Rosario,820210,Servicio de Catastro e Información Territorial,IGN
2018,3570,2018-04-27,Viernes,0.0,12:10:00,,0.0,2,"Moto/Ciclomotor,Pickup/Utilitario",Bv. Wilde Y J.B.Justo,3,2,0,0,1,0,0,"-32.915643, -60.739463",Calle,,ROSARIO,Rosario,Asfalto,No existe,II,Dentro,Urbana,Ninguna,No existe,Intersección,Deteriorada,S/D,Diurna,S/D,S/D,S/D,Colisión,S/D,Faltante,Ninguna,S/D,"-32.915643, -60.739463","['Bulevar Wilde', 'Justo']",2,,-32.915643,-60.739463,55.0,538.0,Municipio Rosario,Municipio,Rosario,820210,Servicio de Catastro e Información Territorial,IGN
2018,3580,2018-04-10,Martes,0.0,12:20:00,,0.0,2,"Automóvil,Moto/Ciclomotor",Saavedra Y Pje. Larguia,2,1,0,0,1,0,0,"-32.979555555556,-60.636944444444",Calle,,ROSARIO,Rosario,Asfalto,No existe,II,Dentro,Urbana,Ninguna,No existe,Intersección,Bueno,Buena,Diurna,Buen Tiempo,Lateral,S/D,Colisión,Ninguna,Horizontal,Ninguna,Sin restricción,"-32.979555555556,-60.636944444444","['Saavedra', 'Larguia']",2,,-32.979555555556,-60.636944444444,55.0,538.0,Municipio Rosario,Municipio,Rosario,820210,Servicio de Catastro e Información Territorial,IGN
2018,3585,2018-01-11,Jueves,0.0,14:00:00,,0.0,2,"Automóvil,Moto/Ciclomotor",Leiva Y Av. Arijon,2,1,0,0,1,0,0,"-33.002694444444,-60.637916666667",Calle,,ROSARIO,Rosario,S/D,S/D,II,S/D,Urbana,S/D,S/D,S/D,S/D,S/D,S/D,S/D,S/D,S/D,Colisión,S/D,S/D,S/D,S/D,"-33.002694444444,-60.637916666667","['Leiva', 'Avenida Manuel Arijón']",2,,-33.002694444444,-60.637916666667,55.0,538.0,Municipio Rosario,Municipio,Rosario,820210,Servicio de Catastro e Información Territorial,IGN
2018,3589,2018-01-26,Viernes,0.0,11:50:00,,0.0,4,"Moto/Ciclomotor,Peatón,Peatón,Peatón",Av. Provincias Unidas Y Cerrito,5,4,0,0,1,0,0,"-32.953305555556,-60.712027777778",Avenida,,ROSARIO,Rosario,Asfalto,S/D,II,Dentro,Urbana,S/D,S/D,Recta,S/D,S/D,Diurna,S/D,S/D,Peatón,Atropello,S/D,S/D,S/D,S/D,"-32.953305555556,-60.712027777778","['Avenida Provincias Unidas', 'Cerrito']",2,,-32.953305555556,-60.712027777778,55.0,538.0,Municipio Rosario,Municipio,Rosario,820210,Servicio de Catastro e Información Territorial,IGN
2018,3631,2018-04-05,Jueves,0.0,17:30:00,,0.0,2,"Moto/Ciclomotor,Automóvil",Chacabuco Y Centeno,3,2,0,0,1,0,0,"-32.987527777778,-60.632472222222",Calle,,ROSARIO,Rosario,Asfalto,No existe,II,Dentro,Urbana,Ninguna,No existe,Intersección,Bueno,Buena,Diurna,Buen Tiempo,Lateral,S/D,Colisión,Ninguna,Faltante,Ninguna,Sin restricción,"-32.987527777778,-60.632472222222","['Chacabuco', 'Centeno']",2,,-32.987527777778,-60.632472222222,55.0,538.0,Municipio Rosario,Municipio,Rosario,820210,Servicio de Catastro e Información Territorial,IGN
2018,3633,2018-04-03,Martes,0.0,15:15:00,,0.0,2,"Automóvil,Peatón",Ayolas Y Ayacucho,2,1,0,0,1,0,0,"-32.978694444444,-60.635138888889",Calle,,ROSARIO,Rosario,Asfalto,No existe,II,Dentro,Urbana,Ninguna,No existe,Intersección,Bueno,Buena,Diurna,Buen Tiempo,S/D,Peatón,Atropello,Ninguna,Faltante,Ninguna,Sin restricción,"-32.978694444444,-60.635138888889","['Ayolas', 'Ayacucho']",2,,-32.978694444444,-60.635138888889,55.0,538.0,Municipio Rosario,Municipio,Rosario,820210,Servicio de Catastro e Información Territorial,IGN
2018,3636,2018-04-03,Martes,0.0,14:55:00,,0.0,3,"Moto/Ciclomotor,Moto/Ciclomotor,Moto/Ciclomotor",GÁLVEZ 2300,3,2,0,0,1,0,0,"-32.965805555556,-60.660305555556",Calle,,ROSARIO,Rosario,Asfalto,No existe,II,Dentro,Urbana,Señal Pare,No existe,Recta,Bueno,Buena,Diurna,Buen Tiempo,De alcance,S/D,Colisión,Ninguna,Vertical,Ninguna,Sin restricción,"-32.965805555556,-60.660305555556",['Gálvez 2300'],1,,-32.965805555556,-60.660305555556,55.0,538.0,Municipio Rosario,Municipio,Rosario,820210,Servicio de Catastro e Información Territorial,IGN
2018,3638,2018-04-15,Domingo,0.0,09:25:00,,0.0,2,"Automóvil,Moto/Ciclomotor", ,3,1,0,0,2,0,0,"-32.959251, -60.709513",Calle,,ROSARIO,Rosario,Asfalto,No existe,II,Dentro,Urbana,Ninguna,No existe,Intersección,Bueno,Buena,Atardecer,Otro,Lateral,S/D,Colisión,Ninguna,Faltante,Ninguna,Sin restricción,"-32.959251, -60.709513",[''],0,,-32.959251,-60.709513,55.0,538.0,Municipio Rosario,Municipio,Rosario,820210,Servicio de Catastro e Información Territorial,IGN
2018,3642,2018-04-05,Jueves,0.0,,,0.0,2,"Automóvil,Automóvil",Gutenberg Y Santa Fe,4,4,0,0,0,0,0,"-32.936275, -60.686957",Calle,,ROSARIO,Rosario,Asfalto,No existe,II,S/D,Urbana,Semáforo,Funciona,Intersección,Bueno,S/D,Diurna,Buen Tiempo,Lateral,S/D,Colisión,S/D,"Horizontal,Vertical",Línea divisoria pintada,S/D,"-32.936275, -60.686957","['Gutenberg', 'Santa Fe']",2,,-32.936275,-60.686957,55.0,538.0,Municipio Rosario,Municipio,Rosario,820210,Servicio de Catastro e Información Territorial,IGN
2018,3646,2018-04-06,Viernes,0.0,08:30:00,,0.0,2,"Automóvil,Automóvil",Italia Y Bv. 27 De Febrero,2,1,0,0,1,0,0,"-32.966,-60.65325",Calle,,ROSARIO,Rosario,Asfalto,No existe,II,Dentro,Urbana,Semáforo,Funciona,Recta,Bueno,Buena,Diurna,Buen Tiempo,De alcance,S/D,Colisión,Ninguna,Vertical,Ninguna,Sin restricción,"-32.966,-60.65325","['Italia', '27 de Febrero']",2,,-32.966,-60.65325,55.0,538.0,Municipio Rosario,Municipio,Rosario,820210,Servicio de Catastro e Información Territorial,IGN
2018,3652,2018-04-02,Lunes,0.0,18:30:00,,0.0,2,"Moto/Ciclomotor,Moto/Ciclomotor",Solis Y Casilda,3,1,1,0,1,0,0,"-32.928888, -60.703871",Calle,,ROSARIO,Rosario,Asfalto,No existe,II,S/D,Urbana,Señal Pare,No existe,Intersección,Bueno,Buena,Diurna,Buen Tiempo,Lateral,S/D,Colisión,Ninguna,Vertical,Ninguna,S/D,"-32.928888, -60.703871","['Solis', 'Casilda']",2,,-32.928888,-60.703871,55.0,538.0,Municipio Rosario,Municipio,Rosario,820210,Servicio de Catastro e Información Territorial,IGN
2018,3653,2018-04-06,Viernes,0.0,23:20:00,,0.0,2,"Moto/Ciclomotor,Automóvil",La Paz 3100,2,1,0,0,1,0,0,"-32.95925,-60.670111111111",Calle,,ROSARIO,Rosario,Asfalto,S/D,II,Dentro,Urbana,Ninguna,S/D,Recta,Bueno,Buena,Con luz artificial,Buen Tiempo,De alcance,S/D,Colisión,Ninguna,S/D,S/D,Sin restricción,"-32.95925,-60.670111111111",['La Paz 3100'],1,,-32.95925,-60.670111111111,55.0,538.0,Municipio Rosario,Municipio,Rosario,820210,Servicio de Catastro e Información Territorial,IGN
2018,3656,2018-04-05,Jueves,0.0,22:00:00,,0.0,2,"Peatón,Otros",Sanguinetti Y Calle 1825,2,1,0,0,1,0,0,"-32.969483, -60.706816",Calle,,ROSARIO,Rosario,Asfalto,No existe,II,Dentro,Urbana,Ninguna,No existe,Intersección,Deteriorada,Buena,Nocturna,Otro,S/D,Peatón,Atropello,Ninguna,Faltante,Ninguna,Sin restricción,"-32.969483, -60.706816","['Sanguinetti', 'Calle 1825']",2,,-32.969483,-60.706816,55.0,538.0,Municipio Rosario,Municipio,Rosario,820210,Servicio de Catastro e Información Territorial,IGN
2018,3657,2018-04-07,Sabado,0.0,23:50:00,,0.0,2,"Moto/Ciclomotor,Automóvil",Ituzaingo Y Sarmiento,2,1,0,0,1,0,0,"-32.960722222222,-60.64175",Calle,,ROSARIO,Rosario,Asfalto,S/D,II,Dentro,Urbana,Ninguna,S/D,Intersección,Bueno,Buena,Con luz artificial,Buen Tiempo,Lateral,S/D,Colisión,S/D,S/D,Ninguna,Sin restricción,"-32.960722222222,-60.64175","['Ituzaingó', 'Sarmiento']",2,,-32.960722222222,-60.64175,55.0,538.0,Municipio Rosario,Municipio,Rosario,820210,Servicio de Catastro e Información Territorial,IGN
2018,3675,2018-01-27,Sabado,0.0,11:10:00,,0.0,2,"Moto/Ciclomotor,Bicicleta",Av. Genova Y Av. Avellaneda B,2,2,0,0,0,0,0,"-32.915345,-60.691097",Avenida,,ROSARIO,Rosario,Asfalto,No existe,II,S/D,Urbana,S/D,S/D,Intersección,S/D,S/D,Diurna,S/D,S/D,Ciclista,Atropello,S/D,S/D,S/D,S/D,"-32.915345,-60.691097","['Genova', 'Avellaneda']",2,,-32.915345,-60.691097,55.0,538.0,Municipio Rosario,Municipio,Rosario,820210,Servicio de Catastro e Información Territorial,IGN
2018,3712,2018-01-28,Domingo,0.0,20:30:00,,0.0,1,Peatón,Mitre 1576,1,0,1,0,0,0,0,"-32.955611111111,-60.641944444444",Calle,,ROSARIO,Rosario,Asfalto,No existe,XVII,S/D,Urbana,S/D,S/D,Recta,S/D,S/D,Nocturna,S/D,S/D,S/D,Caída ocupante,S/D,S/D,S/D,S/D,"-32.955611111111,-60.641944444444",['Mitre 1576'],1,,-32.955611111111,-60.641944444444,55.0,538.0,Municipio Rosario,Municipio,Rosario,820210,Servicio de Catastro e Información Territorial,IGN
2018,3715,2018-01-30,Martes,0.0,22:10:00,,0.0,2,"Moto/Ciclomotor,Moto/Ciclomotor",Av. Battle y Ordo?ez Y Espa?a,2,2,0,0,0,0,0,"-33.009111111111,-60.657361111111",Avenida,,ROSARIO,Rosario,Asfalto,No existe,II,S/D,Urbana,S/D,S/D,Intersección,S/D,S/D,Nocturna,S/D,Lateral,S/D,Colisión,S/D,S/D,S/D,S/D,"-33.009111111111,-60.657361111111","['Avenida Battle y Ordoñez', 'España']",2,,-33.009111111111,-60.657361111111,55.0,538.0,Municipio Rosario,Municipio,Rosario,820210,Servicio de Catastro e Información Territorial,IGN
2018,3726,2018-04-05,Jueves,0.0,22:00:00,,0.0,2,"Automóvil,Moto/Ciclomotor",Sanguinetti Y Dr.Casal,2,0,0,0,1,0,1,"-32.971893, -60.697547",Calle,,ROSARIO,Rosario,Asfalto,No existe,II,Dentro,Urbana,Ninguna,No existe,Intersección,Bueno,Buena,Nocturna,Buen Tiempo,Lateral,S/D,Colisión,Ninguna,Faltante,Ninguna,Sin restricción,"-32.971893, -60.697547","['Sanguinetti', 'Mauricio Casal']",2,,-32.971893,-60.697547,55.0,538.0,Municipio Rosario,Municipio,Rosario,820210,Servicio de Catastro e Información Territorial,IGN
2018,3731,2018-04-08,Domingo,0.0,10:50:00,,0.0,2,"Moto/Ciclomotor,Pickup/Utilitario",Cochabamba Y Pte.Roca,2,1,0,0,1,0,0,"-32.957191431017, -60.648178467328",Calle,,ROSARIO,Rosario,Asfalto,No existe,II,Dentro,Urbana,Ninguna,No existe,Intersección,Bueno,Buena,Diurna,Lluvia,Lateral,S/D,Colisión,Agua,Faltante,Ninguna,Sin restricción,"-32.957191431017, -60.648178467328","['Cochabamba', 'Roca']",2,,-32.957191431017,-60.648178467328,55.0,538.0,Municipio Rosario,Municipio,Rosario,820210,Servicio de Catastro e Información Territorial,IGN
2018,3737,2018-04-11,Miercoles,0.0,17:00:00,,0.0,2,"Automóvil,Automóvil",Bv. 27 De Febrero Y Entre Rios,3,1,0,0,1,0,1,"-32.967222222222,-60.646333333333",Avenida,,ROSARIO,Rosario,Asfalto,No existe,II,Dentro,Urbana,Semáforo,Funciona,Recta,Bueno,Buena,Diurna,Buen Tiempo,De alcance,S/D,Colisión,Ninguna,Vertical,Cordón divisorio,Sin restricción,"-32.967222222222,-60.646333333333","['27 de Febrero', 'Entre Ríos']",2,,-32.967222222222,-60.646333333333,55.0,538.0,Municipio Rosario,Municipio,Rosario,820210,Servicio de Catastro e Información Territorial,IGN
2018,3740,2018-04-24,Martes,0.0,07:40:00,,0.0,2,"Bicicleta,Moto/Ciclomotor",Italia Y Viamonte,2,1,0,0,1,0,0,"-32.963582, -60.652715",Calle,,ROSARIO,Rosario,Asfalto,No existe,II,Dentro,Urbana,Ninguna,No existe,Intersección,Bueno,Buena,Diurna,Buen Tiempo,S/D,Ciclista,Atropello,Ninguna,Faltante,Ninguna,Sin restricción,"-32.963582, -60.652715","['Italia', 'Viamonte']",2,,-32.963582,-60.652715,55.0,538.0,Municipio Rosario,Municipio,Rosario,820210,Servicio de Catastro e Información Territorial,IGN
2018,3741,2018-04-20,Viernes,0.0,10:40:00,,0.0,2,"Moto/Ciclomotor,Automóvil",J.M.de Rosas Y La Paz,2,1,0,0,1,0,0,"-32.965412, -60.635732",Calle,,ROSARIO,Rosario,Asfalto,No existe,II,Dentro,Urbana,Ninguna,No existe,Recta,Bueno,Buena,Diurna,Buen Tiempo,De alcance,S/D,Colisión,Ninguna,Faltante,Ninguna,Sin restricción,"-32.965412, -60.635732","['De Rosas', 'La Paz']",2,,-32.965412,-60.635732,55.0,538.0,Municipio Rosario,Municipio,Rosario,820210,Servicio de Catastro e Información Territorial,IGN
2018,3743,2018-04-20,Viernes,0.0,16:45:00,,0.0,2,"Moto/Ciclomotor,Automóvil",Mitre Y Virasoro,3,2,0,0,1,0,0,"-32.969659, -60.645443",Calle,,ROSARIO,Rosario,Asfalto,No existe,II,Dentro,Urbana,Paso Peatonal,No existe,Intersección,Bueno,Buena,Diurna,Buen Tiempo,Lateral,S/D,Colisión,Ninguna,Horizontal,Ninguna,Sin restricción,"-32.969659, -60.645443","['Mitre', 'Virasoro']",2,,-32.969659,-60.645443,55.0,538.0,Municipio Rosario,Municipio,Rosario,820210,Servicio de Catastro e Información Territorial,IGN
2018,3744,2018-04-19,Jueves,0.0,10:30:00,,0.0,2,"Camión,Peatón",Sarmiento Y Virasoro,2,1,0,0,1,0,0,"-32.969919, -60.644048",Calle,,ROSARIO,Rosario,Asfalto,No existe,II,Dentro,Urbana,Paso Peatonal,No existe,Recta,Bueno,Buena,Diurna,Buen Tiempo,S/D,Peatón,Atropello,S/D,Horizontal,Ninguna,Sin restricción,"-32.969919, -60.644048","['Sarmiento', 'Virasoro']",2,,-32.969919,-60.644048,55.0,538.0,Municipio Rosario,Municipio,Rosario,820210,Servicio de Catastro e Información Territorial,IGN
2018,3746,2018-04-18,Miercoles,0.0,18:15:00,,0.0,2,"Bicicleta,Pickup/Utilitario",Av. F.Solano Lopez 1900,2,1,0,0,1,0,0,"-32.958602, -60.656231",Avenida,,ROSARIO,Rosario,Asfalto,No existe,II,Dentro,Urbana,Ninguna,No existe,Recta,Bueno,Buena,Atardecer,Buen Tiempo,S/D,Ciclista,Atropello,Ninguna,Faltante,Ninguna,Sin restricción,"-32.958602, -60.656231",['F Solano Lopez 1900'],1,,-32.958602,-60.656231,55.0,538.0,Municipio Rosario,Municipio,Rosario,820210,Servicio de Catastro e Información Territorial,IGN
2018,3748,2018-04-13,Viernes,0.0,10:30:00,,0.0,2,"Transporte de Pasajeros Urbano (> 8 asientos),Moto/Ciclomotor",Espa?a Y Virasoro,2,1,0,0,1,0,0,"-32.968416666667,-60.652416666667",Calle,,ROSARIO,Rosario,Asfalto,No existe,II,Dentro,Urbana,Ninguna,No existe,Intersección,Bueno,Buena,Diurna,Buen Tiempo,S/D,S/D,Colisión,Ninguna,Faltante,Ninguna,Sin restricción,"-32.968416666667,-60.652416666667","['España', 'Virasoro']",2,,-32.968416666667,-60.652416666667,55.0,538.0,Municipio Rosario,Municipio,Rosario,820210,Servicio de Catastro e Información Territorial,IGN
2018,3752,2018-04-15,Domingo,0.0,06:10:00,,0.0,2,"Automóvil,Automóvil",Paraguay Y Cochabamba,3,2,0,0,1,0,0,"-32.957444444444,-60.64675",Calle,,ROSARIO,Rosario,Asfalto,S/D,II,S/D,Urbana,Ninguna,S/D,Intersección,Bueno,Buena,"Nocturna,Con luz artificial",Buen Tiempo,Lateral,S/D,Colisión,Ninguna,Faltante,Ninguna,Sin restricción,"-32.957444444444,-60.64675","['Paraguay', 'Cochabamba']",2,,-32.957444444444,-60.64675,55.0,538.0,Municipio Rosario,Municipio,Rosario,820210,Servicio de Catastro e Información Territorial,IGN
2018,3754,2018-04-15,Domingo,0.0,13:55:00,,0.0,2,"Moto/Ciclomotor,Pickup/Utilitario",Bv. Oro?o Y Bv. 27 De Febrero,2,1,0,0,1,0,0,"-32.965027777778,-60.658666666667",Avenida,,ROSARIO,Rosario,Asfalto,No existe,II,Dentro,Urbana,Semáforo,Funciona,Intersección,Bueno,Buena,Diurna,Buen Tiempo,De alcance,S/D,Colisión,Ninguna,Vertical,Cordón divisorio,Sin restricción,"-32.965027777778,-60.658666666667","['Bulevar Nicasio Oroño', '27 de Febrero']",2,,-32.965027777778,-60.658666666667,55.0,538.0,Municipio Rosario,Municipio,Rosario,820210,Servicio de Catastro e Información Territorial,IGN
2018,3756,2018-04-16,Lunes,0.0,10:40:00,,0.0,2,"Moto/Ciclomotor,Pickup/Utilitario",Necochea Y Pasco,3,2,0,0,1,0,0,"-32.962083333333,-60.6275",Calle,,ROSARIO,Rosario,Asfalto,No existe,II,Dentro,Urbana,Señal Pare,No existe,Intersección,Bueno,Buena,Diurna,Buen Tiempo,Lateral,S/D,Colisión,Ninguna,Vertical,Ninguna,Sin restricción,"-32.962083333333,-60.6275","['Necochea', 'Pasco']",2,,-32.962083333333,-60.6275,55.0,538.0,Municipio Rosario,Municipio,Rosario,820210,Servicio de Catastro e Información Territorial,IGN
2018,3758,2018-04-17,Martes,0.0,15:10:00,,0.0,2,"Bicicleta,Taxi/Remis",Mariano Moreno Y Ituzaingo,2,1,0,0,0,0,1,"-32.958472222222,-60.654222222222",Calle,,ROSARIO,Rosario,Asfalto,S/D,II,Dentro,Urbana,Señal Pare,No existe,Intersección,Bueno,Buena,Diurna,Buen Tiempo,S/D,Ciclista,Atropello,Ninguna,Vertical,Ninguna,Sin restricción,"-32.958472222222,-60.654222222222","['Mariano Moreno', 'Ituzaingó']",2,,-32.958472222222,-60.654222222222,55.0,538.0,Municipio Rosario,Municipio,Rosario,820210,Servicio de Catastro e Información Territorial,IGN