anio_acci,nro_acci,fecha,desc_dia,fecha_aprox,hora_aprox,desc_ruta,km,cant_participantes,desc_participante,calle_avenida_km,total,heridos_leves,heridos_graves,heridos_gravisimos,ilesos,fallecidos,sin_datos,posicion_XY,desc_tipo_via,desc_ruta_ori,desc_loc,desc_dpto,desc_tipo_calzada,desc_tipo_banquina,desc_unidad_regional,desc_lugar_calzada,desc_zona,desc_prioridad,desc_estado_semaforo,desc_lugar_via,desc_estado_via,desc_estado_visibilidad,desc_luminosidad,desc_estado_clima,desc_tipo_colision,desc_tipo_atropello,desc_tipo_hecho,desc_pres_calzada,desc_senializacion,desc_separacion_via,desc_restriccion,forma_geocod,calle_lista,numero_calles,calles_osm,lat,lon,index_right,gid,fna,gna,nam,in1,fdc,sag
2018,3767,2018-01-31,Miercoles,0.0,13:00:00,,0.0,2,"Automóvil,Taxi/Remis",Mendoza Y Cafferata,2,1,0,0,1,0,0,"-32.945666666667,-60.672277777778",Calle,,ROSARIO,Rosario,S/D,S/D,II,S/D,Urbana,S/D,S/D,S/D,S/D,S/D,Diurna,S/D,S/D,S/D,Colisión,S/D,S/D,S/D,S/D,"-32.945666666667,-60.672277777778","['Mendoza', 'Cafferata']",2,,-32.945666666667,-60.672277777778,55.0,538.0,Municipio Rosario,Municipio,Rosario,820210,Servicio de Catastro e Información Territorial,IGN
2018,3790,2018-01-10,Miercoles,0.0,,,0.0,2,"Peatón,Automóvil",Salta Y Pueyrredon,3,0,1,0,2,0,0,"-32.936,-60.655611111111",Calle,,ROSARIO,Rosario,S/D,S/D,II,S/D,Urbana,S/D,S/D,S/D,S/D,S/D,S/D,S/D,S/D,Peatón,Atropello,S/D,S/D,S/D,S/D,"-32.936,-60.655611111111","['Salta', 'Pueyrredón']",2,,-32.936,-60.655611111111,55.0,538.0,Municipio Rosario,Municipio,Rosario,820210,Servicio de Catastro e Información Territorial,IGN
2018,3801,2018-04-03,Martes,0.0,17:00:00,,0.0,2,"Moto/Ciclomotor,Automóvil",Bv. Avellaneda Y Centeno,2,1,0,0,1,0,0,"-32.977492399171, -60.688751672995",Avenida,,ROSARIO,Rosario,Asfalto,No existe,II,Dentro,Urbana,Ninguna,No existe,Intersección,Bueno,Buena,Atardecer,Buen Tiempo,Lateral,S/D,Colisión,Ninguna,Faltante,Ninguna,Sin restricción,"-32.977492399171, -60.688751672995","['Avellaneda', 'Centeno']",2,,-32.977492399171,-60.688751672995,55.0,538.0,Municipio Rosario,Municipio,Rosario,820210,Servicio de Catastro e Información Territorial,IGN
2018,3803,2018-04-03,Martes,0.0,17:12:00,,0.0,2,"Moto/Ciclomotor,Automóvil",Centeno 3400,3,2,0,0,1,0,0,"-32.979144639925, -60.679331754935",Calle,,ROSARIO,Rosario,Asfalto,No existe,II,Dentro,Urbana,Ninguna,No existe,Intersección,Bueno,Buena,Atardecer,Buen Tiempo,Frontal,S/D,Colisión,Ninguna,Faltante,Ninguna,Sin restricción,"-32.979144639925, -60.679331754935",['Centeno 3400'],1,,-32.979144639925,-60.679331754935,55.0,538.0,Municipio Rosario,Municipio,Rosario,820210,Servicio de Catastro e Información Territorial,IGN
2018,3805,2018-04-04,Miercoles,0.0,19:00:00,,0.0,2,"Moto/Ciclomotor,Pickup/Utilitario",Vera Mujica Y Coulin,3,2,0,0,1,0,0,"-32.986491879640, -60.67853322765",Calle,,ROSARIO,Rosario,Asfalto,No existe,II,Dentro,Urbana,Ninguna,No existe,Intersección,Bueno,Buena,Atardecer,Buen Tiempo,Lateral,S/D,Colisión,Ninguna,Faltante,Ninguna,Sin restricción,"-32.986491879640, -60.67853322765","['Vera Mujíca', 'Coulin']",2,,-32.98649187964,-60.67853322765,55.0,538.0,Municipio Rosario,Municipio,Rosario,820210,Servicio de Catastro e Información Territorial,IGN
2018,3810,2018-04-14,Sabado,0.0,09:15:00,,0.0,2,"Moto/Ciclomotor,Automóvil",Pte.Quintana Y San Nicolas,3,1,0,0,2,0,0,"-32.976317455652, -60.681470554922",Calle,,ROSARIO,Rosario,Asfalto,No existe,II,Dentro,Urbana,Ninguna,No existe,Intersección,Bueno,Buena,Diurna,Buen Tiempo,Lateral,S/D,Colisión,Ninguna,Faltante,Ninguna,Sin restricción,"-32.976317455652, -60.681470554922","['Quintana', 'San Nicolás']",2,,-32.976317455652,-60.681470554922,55.0,538.0,Municipio Rosario,Municipio,Rosario,820210,Servicio de Catastro e Información Territorial,IGN
2018,3814,2018-04-05,Jueves,0.0,13:30:00,,0.0,2,"Moto/Ciclomotor,Automóvil",Crespo 4300,5,3,0,0,2,0,0,"-32.982693291477, -60.678783376840",Calle,,ROSARIO,Rosario,Asfalto,No existe,II,Dentro,Urbana,Ninguna,No existe,Recta,Bueno,Buena,Diurna,Buen Tiempo,Frontal,S/D,Colisión,Ninguna,Faltante,Ninguna,Sin restricción,"-32.982693291477, -60.678783376840",['Crespo 4300'],1,,-32.982693291477,-60.67878337684,55.0,538.0,Municipio Rosario,Municipio,Rosario,820210,Servicio de Catastro e Información Territorial,IGN
2018,3818,2018-04-12,Jueves,0.0,17:25:00,,0.0,2,"Moto/Ciclomotor,Automóvil",Bv. Segui Y San Nicolas,2,0,1,0,1,0,0,"-32.972994389328, -60.680604905162",Avenida,,ROSARIO,Rosario,Asfalto,No existe,II,Dentro,Urbana,Semáforo,Funciona,Intersección,Bueno,Buena,Atardecer,Buen Tiempo,Lateral,S/D,Colisión,Ninguna,Vertical,Cordón divisorio,Sin restricción,"-32.972994389328, -60.680604905162","['Bulevar Juan Francisco Seguí', 'San Nicolás']",2,,-32.972994389328,-60.680604905162,55.0,538.0,Municipio Rosario,Municipio,Rosario,820210,Servicio de Catastro e Información Territorial,IGN
2018,3819,2018-01-27,Sabado,0.0,10:00:00,,0.0,1,Moto/Ciclomotor,Magallanes Y Av. Pte.Peron,1,0,0,0,0,1,0,"-32.963783, -60.703516",Avenida,,ROSARIO,Rosario,Asfalto,Pavimento,II,Dentro,Urbana,Ninguna,No existe,Recta,Bueno,Buena,Diurna,Buen Tiempo,S/D,S/D,Caída ocupante,S/D,S/D,Ninguna,Sin restricción,"-32.963783, -60.703516","['Magallanes', 'Avenida Presidente Perón']",2,,-32.963783,-60.703516,55.0,538.0,Municipio Rosario,Municipio,Rosario,820210,Servicio de Catastro e Información Territorial,IGN
2018,3828,2018-04-05,Jueves,0.0,,,0.0,2,"Moto/Ciclomotor,Pickup/Utilitario",Bv. Segui 3600,2,1,0,0,1,0,0,"-32.972994389328, -60.680604905162",Avenida,,ROSARIO,Rosario,Asfalto,No existe,II,Dentro,Urbana,Semáforo,Funciona,Intersección,Bueno,Buena,Diurna,Buen Tiempo,De alcance,S/D,Colisión,Ninguna,Vertical,Cordón divisorio,Sin restricción,"-32.972994389328, -60.680604905162",['Bulevar Juan Francisco Seguí 3600'],1,,-32.972994389328,-60.680604905162,55.0,538.0,Municipio Rosario,Municipio,Rosario,820210,Servicio de Catastro e Información Territorial,IGN
2018,3830,2018-04-03,Martes,0.0,23:30:00,,0.0,2,"Moto/Ciclomotor,Transporte de Pasajeros Urbano (> 8 asientos)",Centeno 3400,2,1,0,0,1,0,0,"-32.979196, -60.679271",Calle,,ROSARIO,Rosario,Asfalto,No existe,II,Dentro,Urbana,Ninguna,No existe,Intersección,Bueno,Buena,Nocturna,Buen Tiempo,De alcance,S/D,Colisión,Ninguna,Faltante,Ninguna,Sin restricción,"-32.979196, -60.679271",['Centeno 3400'],1,,-32.979196,-60.679271,55.0,538.0,Municipio Rosario,Municipio,Rosario,820210,Servicio de Catastro e Información Territorial,IGN
2018,3854,2018-01-11,Jueves,0.0,,,0.0,2,"Moto/Ciclomotor,Automóvil",Bv. Avellaneda Y Ocampo,2,1,0,0,1,0,0,"-32.959138888889,-60.684083333333",Calle,,ROSARIO,Rosario,S/D,S/D,II,S/D,Urbana,S/D,S/D,S/D,S/D,S/D,S/D,S/D,S/D,S/D,Colisión,S/D,S/D,S/D,S/D,"-32.959138888889,-60.684083333333","['Avellaneda', 'Ocampo']",2,,-32.959138888889,-60.684083333333,55.0,538.0,Municipio Rosario,Municipio,Rosario,820210,Servicio de Catastro e Información Territorial,IGN
2018,3892,2018-01-24,Miercoles,0.0,,,0.0,3,"Moto/Ciclomotor,Peatón,Peatón",Cerrito Y Av. Provincias Unidas,3,3,0,0,0,0,0,"-32.953305555556,-60.712027777778",Calle,,ROSARIO,Rosario,Asfalto,No existe,II,Dentro,Urbana,S/D,Funciona,Intersección,S/D,S/D,S/D,S/D,S/D,Peatón,Atropello,S/D,S/D,S/D,S/D,"-32.953305555556,-60.712027777778","['Cerrito', 'Avenida Provincias Unidas']",2,,-32.953305555556,-60.712027777778,55.0,538.0,Municipio Rosario,Municipio,Rosario,820210,Servicio de Catastro e Información Territorial,IGN
2018,3893,2018-01-01,Lunes,0.0,01:19:00,,0.0,1,Automóvil, ,1,0,1,0,0,0,0,"-32.952154,-60.669821",S/D,,ROSARIO,Rosario,S/D,S/D,II,S/D,S/D,S/D,S/D,S/D,S/D,S/D,S/D,S/D,S/D,S/D,S/D,S/D,S/D,S/D,S/D,"-32.952154,-60.669821",[''],0,,-32.952154,-60.669821,55.0,538.0,Municipio Rosario,Municipio,Rosario,820210,Servicio de Catastro e Información Territorial,IGN
2018,3897,2018-01-01,Lunes,0.0,05:00:00,,0.0,2,"Moto/Ciclomotor,Otros", ,2,1,0,0,0,0,1,"-32.952154,-60.669821",S/D,,ROSARIO,Rosario,S/D,S/D,II,S/D,S/D,S/D,S/D,S/D,S/D,S/D,S/D,S/D,S/D,S/D,Colisión,S/D,S/D,S/D,S/D,"-32.952154,-60.669821",[''],0,,-32.952154,-60.669821,55.0,538.0,Municipio Rosario,Municipio,Rosario,820210,Servicio de Catastro e Información Territorial,IGN
2018,3900,2018-01-02,Martes,0.0,09:15:00,,0.0,2,"Moto/Ciclomotor,Otros",Montes Carballo Y Albert Sabin,2,1,0,0,0,0,1,"-32.922482353232, -60.685323696518",Calle,,ROSARIO,Rosario,S/D,S/D,II,S/D,Urbana,S/D,S/D,S/D,S/D,S/D,S/D,S/D,S/D,S/D,Colisión,S/D,S/D,S/D,S/D,"-32.922482353232, -60.685323696518","['Avenida Doctor Luis Cándido Carballo', 'Avenida Travesía Albert Sabin']",2,,-32.922482353232,-60.685323696518,55.0,538.0,Municipio Rosario,Municipio,Rosario,820210,Servicio de Catastro e Información Territorial,IGN
2018,3936,2018-01-25,Jueves,0.0,01:00:00,,0.0,1,Moto/Ciclomotor,AV. FRANCIA BIS Y GUADALBERTO VENESIA,2,0,0,0,1,1,0,"-32.93,-60.663",Calle,,ROSARIO,Rosario,Asfalto,No existe,II,Dentro,Urbana,Ninguna,No existe,Intersección,Bueno,Buena,"Nocturna,Con luz artificial",Buen Tiempo,S/D,S/D,Caída ocupante,Ninguna,Faltante,Ninguna,Sin restricción,"-32.93,-60.663","['Avenida Francia', 'Gualberto Venesia']",2,,-32.93,-60.663,55.0,538.0,Municipio Rosario,Municipio,Rosario,820210,Servicio de Catastro e Información Territorial,IGN
2018,3958,2018-01-05,Viernes,0.0,19:30:00,,0.0,2,"Bicicleta,Otros",San Lorenzo Y Ricchieri,2,1,0,0,0,0,1,"-32.939722222222,-60.662222222222",Calle,,ROSARIO,Rosario,S/D,S/D,II,S/D,Urbana,S/D,S/D,S/D,S/D,S/D,S/D,S/D,S/D,Ciclista,Atropello,S/D,S/D,S/D,S/D,"-32.939722222222,-60.662222222222","['San Lorenzo', 'Ricchieri']",2,,-32.939722222222,-60.662222222222,55.0,538.0,Municipio Rosario,Municipio,Rosario,820210,Servicio de Catastro e Información Territorial,IGN
2018,3963,2018-01-05,Viernes,0.0,23:30:00,,0.0,2,"Moto/Ciclomotor,Otros",Alsina Y Av. Pte.Peron,2,1,0,0,0,0,1,"-32.957361111111,-60.680916666667",Calle,,ROSARIO,Rosario,S/D,S/D,II,S/D,Urbana,S/D,S/D,S/D,S/D,S/D,S/D,S/D,S/D,S/D,Colisión,S/D,S/D,S/D,S/D,"-32.957361111111,-60.680916666667","['Alsina', 'Avenida Presidente Perón']",2,,-32.957361111111,-60.680916666667,55.0,538.0,Municipio Rosario,Municipio,Rosario,820210,Servicio de Catastro e Información Territorial,IGN
2018,3964,2018-01-07,Domingo,0.0,19:45:00,,0.0,2,"Moto/Ciclomotor,Otros",Laprida Y Garibaldi,2,1,0,0,0,0,1,"-32.986666666667,-60.644194444444",Calle,,ROSARIO,Rosario,S/D,S/D,II,S/D,Urbana,S/D,S/D,S/D,S/D,S/D,S/D,S/D,S/D,S/D,Colisión,S/D,S/D,S/D,S/D,"-32.986666666667,-60.644194444444","['Laprida', 'José Garibaldi']",2,,-32.986666666667,-60.644194444444,55.0,538.0,Municipio Rosario,Municipio,Rosario,820210,Servicio de Catastro e Información Territorial,IGN
2018,3967,2018-01-08,Lunes,0.0,07:00:00,,0.0,2,"Moto/Ciclomotor,Otros",Bv. Avellaneda Y Av. Pellegrini,2,0,1,0,0,0,1,"-32.949944444444,-60.682027777778",Avenida,,ROSARIO,Rosario,S/D,S/D,II,S/D,Urbana,S/D,S/D,S/D,S/D,S/D,S/D,S/D,S/D,S/D,Colisión,S/D,S/D,S/D,S/D,"-32.949944444444,-60.682027777778","['Avellaneda', 'Pellegrini']",2,,-32.949944444444,-60.682027777778,55.0,538.0,Municipio Rosario,Municipio,Rosario,820210,Servicio de Catastro e Información Territorial,IGN
2018,3970,2018-01-08,Lunes,0.0,00:30:00,,0.0,2,"Moto/Ciclomotor,Otros",Juan Canals ,2,1,0,0,0,0,1,"-32.987795, -60.657978",Calle,,ROSARIO,Rosario,S/D,S/D,II,S/D,Urbana,S/D,S/D,S/D,S/D,S/D,S/D,S/D,S/D,S/D,Colisión,S/D,S/D,S/D,S/D,"-32.987795, -60.657978",['Juan Canals'],1,,-32.987795,-60.657978,55.0,538.0,Municipio Rosario,Municipio,Rosario,820210,Servicio de Catastro e Información Territorial,IGN
2018,3972,2018-01-14,Domingo,0.0,17:30:00,,0.0,1,Moto/Ciclomotor, ,1,0,1,0,0,0,0,"-32.96306, -60.66893",S/D,,ROSARIO,Rosario,S/D,S/D,II,S/D,S/D,S/D,S/D,S/D,S/D,S/D,S/D,S/D,S/D,S/D,S/D,S/D,S/D,S/D,S/D,"-32.96306, -60.66893",[''],0,,-32.96306,-60.66893,55.0,538.0,Municipio Rosario,Municipio,Rosario,820210,Servicio de Catastro e Información Territorial,IGN
2018,4013,2018-04-07,Sabado,0.0,11:00:00,,0.0,2,"Automóvil,Automóvil",San Nicolas Y Bv. Segui,5,1,0,0,3,0,1,"-32.972944444444,-60.680583333333",Avenida,,ROSARIO,Rosario,Asfalto,No existe,II,Dentro,Urbana,Semáforo,Funciona,Rotonda,Bueno,Buena,Diurna,Lluvia,De alcance,S/D,Colisión,Agua,Vertical,Cordón divisorio,Sin restricción,"-32.972944444444,-60.680583333333","['San Nicolás', 'Bulevar Juan Francisco Seguí']",2,,-32.972944444444,-60.680583333333,55.0,538.0,Municipio Rosario,Municipio,Rosario,820210,Servicio de Catastro e Información Territorial,IGN
2018,4015,2018-03-10,Sabado,0.0,11:00:00,,0.0,1,Transporte de Pasajeros Urbano (> 8 asientos),Arteaga ,3,1,0,0,2,0,0,"-33.012128,-60.643352",Calle,,ROSARIO,Rosario,Asfalto,No existe,II,S/D,Urbana,Ninguna,No existe,Intersección,Bueno,Buena,Diurna,Buen Tiempo,S/D,S/D,Caída ocupante,Ninguna,Faltante,Ninguna,Sin restricción,"-33.012128,-60.643352",['Arteaga'],1,,-33.012128,-60.643352,55.0,538.0,Municipio Rosario,Municipio,Rosario,820210,Servicio de Catastro e Información Territorial,IGN
2018,4016,2018-03-10,Sabado,0.0,19:00:00,,0.0,2,"Bicicleta,Automóvil",San Martin Y Centenario,2,1,0,0,1,0,0,"-33.00425,-60.649555555556",Avenida,,ROSARIO,Rosario,Asfalto,No existe,II,Dentro,Urbana,Ninguna,No existe,Recta,Bueno,Buena,Atardecer,Otro,S/D,Ciclista,Atropello,Ninguna,Horizontal,Cordón divisorio,Sin restricción,"-33.00425,-60.649555555556","['San Martin', 'Centenario']",2,,-33.00425,-60.649555555556,55.0,538.0,Municipio Rosario,Municipio,Rosario,820210,Servicio de Catastro e Información Territorial,IGN
2018,4017,2018-03-06,Martes,0.0,06:15:00,,0.0,2,"Moto/Ciclomotor,Bicicleta",Barra Y Av. Genova,2,1,0,0,1,0,0,"-32.915892, -60.708134",Avenida,,ROSARIO,Rosario,Asfalto,No existe,II,Dentro,Urbana,Ninguna,No existe,Intersección,Bueno,Buena,Amanecer,S/D,S/D,Ciclista,Atropello,Ninguna,Faltante,Ninguna,S/D,"-32.915892, -60.708134","['Barra', 'Genova']",2,,-32.915892,-60.708134,55.0,538.0,Municipio Rosario,Municipio,Rosario,820210,Servicio de Catastro e Información Territorial,IGN
2018,4018,2018-03-15,Jueves,0.0,18:00:00,,0.0,2,"Bicicleta,Automóvil",Av. Battle y Ordo?ez Y Av. Bermudez,2,1,0,0,1,0,0,"-33.00875,-60.642305555556",Avenida,,ROSARIO,Rosario,Asfalto,No existe,II,Dentro,Urbana,Otra Señal,No existe,Recta,Bueno,S/D,Atardecer,Otro,S/D,Ciclista,Atropello,Ninguna,Horizontal,Línea divisoria pintada,Sin restricción,"-33.00875,-60.642305555556","['Avenida Battle y Ordoñez', 'Bermudez']",2,,-33.00875,-60.642305555556,55.0,538.0,Municipio Rosario,Municipio,Rosario,820210,Servicio de Catastro e Información Territorial,IGN
2018,4019,2018-04-12,Jueves,0.0,17:10:00,,0.0,2,"Moto/Ciclomotor,Automóvil",Bv. Avellaneda 4500,2,1,0,0,1,0,0,"-32.983583333333,-60.688472222222",Calle,,ROSARIO,Rosario,Asfalto,No existe,II,Dentro,Urbana,Ninguna,No existe,Intersección,Bueno,Buena,Atardecer,Buen Tiempo,Frontal,S/D,Colisión,Ninguna,Faltante,Barrera de hormigón,Sin restricción,"-32.983583333333,-60.688472222222",['Avellaneda 4500'],1,,-32.983583333333,-60.688472222222,55.0,538.0,Municipio Rosario,Municipio,Rosario,820210,Servicio de Catastro e Información Territorial,IGN
2018,4020,2018-03-27,Martes,0.0,16:30:00,,0.0,2,"Moto/Ciclomotor,Automóvil",F.Rauch Y Washington,2,1,0,0,1,0,0,"-32.903777777778,-60.702222222222",Calle,,ROSARIO,Rosario,"Asfalto,Tierra",No existe,II,Dentro,Urbana,Ninguna,No existe,Intersección,S/D,S/D,Diurna,S/D,Lateral,S/D,Colisión,S/D,Faltante,Ninguna,S/D,"-32.903777777778,-60.702222222222","['Rauch', 'Washington']",2,,-32.903777777778,-60.702222222222,55.0,538.0,Municipio Rosario,Municipio,Rosario,820210,Servicio de Catastro e Información Territorial,IGN
2018,4021,2018-03-02,Viernes,0.0,06:15:00,,0.0,2,"Automóvil,Moto/Ciclomotor",Av. Provincias Unidas Y J.J.Paso,2,1,0,0,1,0,0,"-32.920350, -60.713826",Avenida,,ROSARIO,Rosario,Asfalto,No existe,II,Dentro,Urbana,Paso Peatonal,No existe,Rotonda,Bueno,Buena,Amanecer,Buen Tiempo,Lateral,S/D,Colisión,Ninguna,Horizontal,"Cordón divisorio,Línea divisoria pintada",Sin restricción,"-32.920350, -60.713826","['Avenida Provincias Unidas', 'Paso']",2,,-32.92035,-60.713826,55.0,538.0,Municipio Rosario,Municipio,Rosario,820210,Servicio de Catastro e Información Territorial,IGN
2018,4022,2018-03-01,Jueves,1.0,11:20:00,,0.0,1,Transporte de Pasajeros Urbano (> 8 asientos),Patricios Y Arteaga,2,1,0,0,1,0,0,"-33.010823877317, -60.643416490275",Calle,,ROSARIO,Rosario,Asfalto,No existe,II,S/D,Urbana,Ninguna,No existe,Intersección,Con baches,Buena,Diurna,Buen Tiempo,S/D,S/D,Caída ocupante,Ninguna,S/D,Ninguna,S/D,"-33.010823877317, -60.643416490275","['Patricios', 'Arteaga']",2,,-33.010823877317,-60.643416490275,55.0,538.0,Municipio Rosario,Municipio,Rosario,820210,Servicio de Catastro e Información Territorial,IGN
2018,4023,2018-03-24,Sabado,0.0,07:20:00,,0.0,2,"Automóvil,Moto/Ciclomotor",Av. Carlos Colombres 600,2,1,0,0,1,0,0,"-32.907575928660, -60.678530344541",Avenida,,ROSARIO,Rosario,Asfalto,No existe,II,Dentro,Urbana,S/D,No existe,Recta,S/D,S/D,Diurna,S/D,De alcance,S/D,Colisión,S/D,Faltante,Cordón divisorio,S/D,"-32.907575928660, -60.678530344541",['Carlos Colombres 600'],1,,-32.90757592866,-60.678530344541,55.0,538.0,Municipio Rosario,Municipio,Rosario,820210,Servicio de Catastro e Información Territorial,IGN
2018,4024,2018-05-07,Lunes,0.0,16:00:00,,0.0,2,"Automóvil,Bicicleta",Artigas Y Victor Mercante,2,1,0,0,1,0,0,"-32.908444444444,-60.684444444444",Calle,,ROSARIO,Rosario,Asfalto,No existe,II,Dentro,Urbana,S/D,No existe,Intersección,S/D,S/D,Atardecer,S/D,S/D,Ciclista,Atropello,S/D,Faltante,Ninguna,S/D,"-32.908444444444,-60.684444444444","['Artigas', 'Víctor Mercante']",2,,-32.908444444444,-60.684444444444,55.0,538.0,Municipio Rosario,Municipio,Rosario,820210,Servicio de Catastro e Información Territorial,IGN
2018,4025,2018-03-12,Lunes,0.0,07:30:00,,0.0,2,"Bicicleta,Bicicleta",San Martin Y Rui Barbosa,2,0,1,0,1,0,0,"-33.006333333333,-60.650138888889",Avenida,,ROSARIO,Rosario,S/D,No existe,II,Dentro,Urbana,S/D,S/D,Intersección,S/D,S/D,Diurna,S/D,S/D,Ciclista,Atropello,S/D,S/D,S/D,S/D,"-33.006333333333,-60.650138888889","['San Martin', 'Rui Barbosa']",2,,-33.006333333333,-60.650138888889,55.0,538.0,Municipio Rosario,Municipio,Rosario,820210,Servicio de Catastro e Información Territorial,IGN
2018,4026,2018-03-20,Martes,0.0,13:00:00,,0.0,3,"Moto/Ciclomotor,Peatón,Peatón",Pje. Chancay Y Valparaiso,3,2,0,0,1,0,0,"-32.970599, -60.689910",Calle,,ROSARIO,Rosario,Asfalto,No existe,II,Dentro,Urbana,Otra Señal,No existe,Recta,Bueno,Buena,Diurna,Buen Tiempo,S/D,Peatón,Atropello,Ninguna,Vertical,Ninguna,Sin restricción,"-32.970599, -60.689910","['Chancay', 'Valparaíso']",2,,-32.970599,-60.68991,55.0,538.0,Municipio Rosario,Municipio,Rosario,820210,Servicio de Catastro e Información Territorial,IGN
2018,4027,2018-03-06,Martes,0.0,11:25:00,,0.0,2,"Automóvil,Automóvil",Bv. Rondeau Y Av. Sorrento,2,1,0,0,1,0,0,"-32.907083333333,-60.688388888889",Avenida,,ROSARIO,Rosario,Asfalto,No existe,II,Dentro,Urbana,Semáforo,Funciona,Intersección,S/D,S/D,Diurna,S/D,S/D,S/D,Colisión,S/D,"Horizontal,Vertical",Cordón divisorio,S/D,"-32.907083333333,-60.688388888889","['Rondeau', 'Sorrento']",2,,-32.907083333333,-60.688388888889,55.0,538.0,Municipio Rosario,Municipio,Rosario,820210,Servicio de Catastro e Información Territorial,IGN
2018,4029,2018-03-08,Jueves,0.0,12:30:00,,0.0,2,"Moto/Ciclomotor,Pickup/Utilitario",San Martin Y Cabildo,2,1,0,0,1,0,0,"-33.007388888889,-60.650222222222",Avenida,,ROSARIO,Rosario,Asfalto,No existe,II,S/D,Urbana,Ninguna,No existe,Intersección,Bueno,Buena,Diurna,Buen Tiempo,De alcance,S/D,Colisión,Ninguna,Faltante,Cordón divisorio,Sin restricción,"-33.007388888889,-60.650222222222","['San Martin', 'Cabildo']",2,,-33.007388888889,-60.650222222222,55.0,538.0,Municipio Rosario,Municipio,Rosario,820210,Servicio de Catastro e Información Territorial,IGN
2018,4030,2018-03-24,Sabado,0.0,20:10:00,,0.0,2,"Moto/Ciclomotor,Peatón",Gral.Mosconi Y Bv. Avellaneda,2,1,0,0,1,0,0,"-32.983640, -60.688614",Avenida,,ROSARIO,Rosario,Asfalto,No existe,II,Dentro,Urbana,Paso Peatonal,No existe,Intersección,Bueno,Buena,Atardecer,Buen Tiempo,S/D,Peatón,Atropello,Ninguna,Horizontal,Cordón divisorio,Sin restricción,"-32.983640, -60.688614","['Mosconi', 'Avellaneda']",2,,-32.98364,-60.688614,55.0,538.0,Municipio Rosario,Municipio,Rosario,820210,Servicio de Catastro e Información Territorial,IGN
2018,4031,2018-03-05,Lunes,0.0,19:05:00,,0.0,2,"Moto/Ciclomotor,Automóvil",Machain Y Av. Casiano Casas,3,2,0,0,1,0,0,"-32.907055555556,-60.695805555556",Calle,,ROSARIO,Rosario,Asfalto,No existe,II,Dentro,Urbana,Semáforo,Funciona,Recta,S/D,S/D,Atardecer,S/D,Lateral,S/D,Colisión,S/D,Vertical,Cordón divisorio,S/D,"-32.907055555556,-60.695805555556","['Machain', 'Avenida Casiano Casas']",2,,-32.907055555556,-60.695805555556,55.0,538.0,Municipio Rosario,Municipio,Rosario,820210,Servicio de Catastro e Información Territorial,IGN
2018,4032,2018-04-12,Jueves,0.0,15:20:00,,0.0,2,"Moto/Ciclomotor,Taxi/Remis",Garay 3200,2,1,0,0,1,0,0,"-32.967111111111,-60.686305555556",Calle,,ROSARIO,Rosario,Asfalto,No existe,II,Dentro,Urbana,Ninguna,No existe,Intersección,Deteriorada,Buena,Diurna,Buen Tiempo,Lateral,S/D,Colisión,Ninguna,Faltante,Cordón divisorio,Sin restricción,"-32.967111111111,-60.686305555556",['Garay 3200'],1,,-32.967111111111,-60.686305555556,55.0,538.0,Municipio Rosario,Municipio,Rosario,820210,Servicio de Catastro e Información Territorial,IGN
2018,4033,2018-03-02,Viernes,0.0,15:45:00,,0.0,2,"Automóvil,Moto/Ciclomotor",Medrano Y Luis Vila,3,2,0,0,1,0,0,"-32.900027777778,-60.700111111111",Calle,,ROSARIO,Rosario,Asfalto,No existe,II,Dentro,Urbana,S/D,No existe,Intersección,S/D,S/D,Diurna,S/D,S/D,S/D,Colisión,S/D,Faltante,Ninguna,Sin restricción,"-32.900027777778,-60.700111111111","['Medrano', 'Doctor Vila']",2,,-32.900027777778,-60.700111111111,55.0,538.0,Municipio Rosario,Municipio,Rosario,820210,Servicio de Catastro e Información Territorial,IGN
2018,4034,2018-03-02,Viernes,0.0,17:10:00,,0.0,2,"Automóvil,Moto/Ciclomotor",Victor Mercante Y Asamblea,3,1,0,0,2,0,0,"-32.911416666667,-60.684305555556",Calle,,ROSARIO,Rosario,Asfalto,No existe,II,Dentro,Urbana,S/D,No existe,Intersección,S/D,S/D,Diurna,S/D,S/D,S/D,Colisión,S/D,Faltante,Ninguna,S/D,"-32.911416666667,-60.684305555556","['Víctor Mercante', 'Asamblea']",2,,-32.911416666667,-60.684305555556,55.0,538.0,Municipio Rosario,Municipio,Rosario,820210,Servicio de Catastro e Información Territorial,IGN
2018,4035,2018-03-22,Jueves,0.0,08:40:00,,0.0,2,"Automóvil,Bicicleta",Uruguay Y Av. Ovidio Lagos,2,1,0,0,1,0,0,"-32.972623, -60.668874",Avenida,,ROSARIO,Rosario,Asfalto,No existe,II,Dentro,Urbana,Señal Ceda el Paso,No existe,Intersección,Bueno,Buena,Diurna,Buen Tiempo,S/D,Ciclista,Atropello,Ninguna,"Horizontal,Vertical","Cordón divisorio,Línea divisoria pintada",Sin restricción,"-32.972623, -60.668874","['Uruguay', 'Avenida Ovidio Lagos']",2,,-32.972623,-60.668874,55.0,538.0,Municipio Rosario,Municipio,Rosario,820210,Servicio de Catastro e Información Territorial,IGN