anio_acci,nro_acci,fecha,desc_dia,fecha_aprox,hora_aprox,desc_ruta,km,cant_participantes,desc_participante,calle_avenida_km,total,heridos_leves,heridos_graves,heridos_gravisimos,ilesos,fallecidos,sin_datos,posicion_XY,desc_tipo_via,desc_ruta_ori,desc_loc,desc_dpto,desc_tipo_calzada,desc_tipo_banquina,desc_unidad_regional,desc_lugar_calzada,desc_zona,desc_prioridad,desc_estado_semaforo,desc_lugar_via,desc_estado_via,desc_estado_visibilidad,desc_luminosidad,desc_estado_clima,desc_tipo_colision,desc_tipo_atropello,desc_tipo_hecho,desc_pres_calzada,desc_senializacion,desc_separacion_via,desc_restriccion,forma_geocod,calle_lista,numero_calles,calles_osm,lat,lon,index_right,gid,fna,gna,nam,in1,fdc,sag
2018,4036,2018-03-04,Domingo,0.0,11:45:00,,0.0,2,"Moto/Ciclomotor,Automóvil",Av. Battle y Ordo?ez Y Calle 2106,2,1,0,0,1,0,0,"-33.010027777778,-60.687361111111",Calle,,ROSARIO,Rosario,Asfalto,No existe,II,Dentro,Urbana,Ninguna,No existe,Recta,Con baches,Buena,Diurna,Buen Tiempo,De alcance,S/D,Colisión,Ninguna,Faltante,Ninguna,Sin restricción,"-33.010027777778,-60.687361111111",['Avenida Battle y Ordoñez 2106'],1,,-33.010027777778,-60.687361111111,55.0,538.0,Municipio Rosario,Municipio,Rosario,820210,Servicio de Catastro e Información Territorial,IGN
2018,4037,2018-03-14,Miercoles,0.0,09:00:00,,0.0,2,"Pickup/Utilitario,Bicicleta",Washington Y Warnes,2,1,0,0,1,0,0,"-32.901527777778,-60.691833333333",Calle,,ROSARIO,Rosario,Asfalto,No existe,II,Dentro,Urbana,S/D,No existe,Intersección,S/D,S/D,Diurna,S/D,S/D,Ciclista,Atropello,S/D,Faltante,Ninguna,S/D,"-32.901527777778,-60.691833333333","['Washington', 'Warnes']",2,,-32.901527777778,-60.691833333333,55.0,538.0,Municipio Rosario,Municipio,Rosario,820210,Servicio de Catastro e Información Territorial,IGN
2018,4038,2018-03-24,Sabado,0.0,19:46:00,,0.0,2,"Automóvil,Pickup/Utilitario",Av. Ovidio Lagos Y Garay,4,1,0,0,2,0,1,"-32.970359, -60.668310",Avenida,,ROSARIO,Rosario,Asfalto,No existe,II,Dentro,Urbana,Ninguna,No existe,Intersección,Bueno,Buena,Atardecer,Buen Tiempo,Contra objeto fijo,S/D,Colisión,Ninguna,Horizontal,"Cordón divisorio,Línea divisoria pintada",Sin restricción,"-32.970359, -60.668310","['Avenida Ovidio Lagos', 'Garay']",2,,-32.970359,-60.66831,55.0,538.0,Municipio Rosario,Municipio,Rosario,820210,Servicio de Catastro e Información Territorial,IGN
2018,4039,2018-03-24,Sabado,0.0,07:15:00,,0.0,2,"Automóvil,Bicicleta",Av. Carlos Colombres Y Gurruchaga,2,1,0,0,1,0,0,"-32.903388888889,-60.681333333333",Avenida,,ROSARIO,Rosario,Asfalto,No existe,II,Dentro,Urbana,Semáforo,Funciona,Intersección,S/D,S/D,Diurna,S/D,S/D,Ciclista,Atropello,S/D,"Horizontal,Vertical",Cordón divisorio,S/D,"-32.903388888889,-60.681333333333","['José Colombres', 'Gurruchaga']",2,,-32.903388888889,-60.681333333333,55.0,538.0,Municipio Rosario,Municipio,Rosario,820210,Servicio de Catastro e Información Territorial,IGN
2018,4040,2018-03-12,Lunes,0.0,16:00:00,,0.0,2,"Camión c / Semirremolque,Moto/Ciclomotor",Bv. Avellaneda Y Av. Uriburu,3,2,0,0,1,0,0,"-32.970359, -60.668310",Avenida,,ROSARIO,Rosario,Asfalto,No existe,II,Dentro,Urbana,Semáforo,Funciona,Intersección,Bueno,Buena,Diurna,Buen Tiempo,Lateral,S/D,Colisión,Ninguna,"Horizontal,Vertical",Cordón divisorio,Sin restricción,"-32.970359, -60.668310","['Avellaneda', 'Uriburu']",2,,-32.970359,-60.66831,55.0,538.0,Municipio Rosario,Municipio,Rosario,820210,Servicio de Catastro e Información Territorial,IGN
2018,4041,2018-03-28,Miercoles,0.0,12:15:00,,0.0,2,"Automóvil,Moto/Ciclomotor",Av. Carlos Colombres 1100,2,1,0,0,1,0,0,"-32.902027777778,-60.681777777778",Avenida,,ROSARIO,Rosario,Asfalto,No existe,II,Dentro,Urbana,S/D,No existe,Intersección,S/D,S/D,Diurna,S/D,Lateral,S/D,Colisión,S/D,Faltante,Cordón divisorio,S/D,"-32.902027777778,-60.681777777778",['Carlos Colombres 1100'],1,,-32.902027777778,-60.681777777778,55.0,538.0,Municipio Rosario,Municipio,Rosario,820210,Servicio de Catastro e Información Territorial,IGN
2018,4042,2018-03-24,Sabado,0.0,13:00:00,,0.0,2,"Bicicleta,Transporte de Pasajeros Urbano (> 8 asientos)",Bv. Rondeau 700,2,1,0,0,1,0,0,"-32.907805555556,-60.688166666667",Avenida,,ROSARIO,Rosario,Asfalto,No existe,II,Dentro,Urbana,S/D,No existe,Intersección,S/D,S/D,Diurna,S/D,S/D,Ciclista,Atropello,S/D,Horizontal,Cordón divisorio,S/D,"-32.907805555556,-60.688166666667",['Rondeau 700'],1,,-32.907805555556,-60.688166666667,55.0,538.0,Municipio Rosario,Municipio,Rosario,820210,Servicio de Catastro e Información Territorial,IGN
2018,4043,2018-03-23,Viernes,0.0,09:30:00,,0.0,2,"Automóvil,Peatón",Estado de Israel Y Rodriguez,2,0,1,0,1,0,0,"-32.992527777778,-60.670944444444",Calle,,ROSARIO,Rosario,Asfalto,No existe,II,Dentro,Urbana,Ninguna,No existe,Recta,Bueno,Buena,Diurna,Buen Tiempo,S/D,Peatón,Atropello,Ninguna,Faltante,Ninguna,Sin restricción,"-32.992527777778,-60.670944444444","['Estado de Israel', 'Rodríguez']",2,,-32.992527777778,-60.670944444444,55.0,538.0,Municipio Rosario,Municipio,Rosario,820210,Servicio de Catastro e Información Territorial,IGN
2018,4044,2018-03-15,Jueves,0.0,09:25:00,,0.0,2,"Pickup/Utilitario,Moto/Ciclomotor",G.Carrasco Y Iguazu,2,1,0,0,1,0,0,"-32.920222610822, -60.686225162953",Calle,,ROSARIO,Rosario,Asfalto,No existe,II,Dentro,Urbana,S/D,No existe,Recta,Bueno,Buena,Diurna,S/D,S/D,S/D,Colisión,Ninguna,Faltante,Ninguna,S/D,"-32.920222610822, -60.686225162953","['Carrasco', 'Iguazu']",2,,-32.920222610822,-60.686225162953,55.0,538.0,Municipio Rosario,Municipio,Rosario,820210,Servicio de Catastro e Información Territorial,IGN
2018,4045,2018-03-09,Viernes,0.0,19:00:00,,0.0,2,"Automóvil,Moto/Ciclomotor",Av. Ntra.Sra.del Rosario Y Italia,3,1,0,0,2,0,0,"-33.000388888889,-60.65925",Calle,,ROSARIO,Rosario,Asfalto,No existe,II,Dentro,Urbana,Ninguna,No existe,Recta,Bueno,Buena,Atardecer,Buen Tiempo,Otro,S/D,Colisión,Ninguna,Faltante,Ninguna,Sin restricción,"-33.000388888889,-60.65925","['Nuestra Señora del Rosario', 'Italia']",2,,-33.000388888889,-60.65925,55.0,538.0,Municipio Rosario,Municipio,Rosario,820210,Servicio de Catastro e Información Territorial,IGN
2018,4046,2018-03-15,Jueves,0.0,11:20:00,,0.0,2,"Taxi/Remis,Moto/Ciclomotor",Bv. Avellaneda Bis Y G.Carrasco,3,2,0,0,1,0,0,"-32.919836372724, -60.674359070271",Avenida,,ROSARIO,Rosario,Asfalto,No existe,II,Dentro,Urbana,Semáforo,Funciona,Intersección,Bueno,S/D,Diurna,Buen Tiempo,Otro,S/D,Colisión,Ninguna,"Horizontal,Vertical",Cordón divisorio,Sin restricción,"-32.919836372724, -60.674359070271","['Avellaneda', 'Carrasco']",2,,-32.919836372724,-60.674359070271,55.0,538.0,Municipio Rosario,Municipio,Rosario,820210,Servicio de Catastro e Información Territorial,IGN
2018,4047,2018-03-23,Viernes,0.0,18:40:00,,0.0,2,"Camión Chasis,Moto/Ciclomotor",Av. Ovidio Lagos 7400,3,0,1,0,2,0,0,"-33.024,-60.680611111111",Avenida,,ROSARIO,Rosario,Asfalto,No existe,II,Dentro,Urbana,Ninguna,No existe,Recta,Bueno,Buena,Atardecer,Buen Tiempo,Lateral,S/D,Colisión,Ninguna,Faltante,Ninguna,Sin restricción,"-33.024,-60.680611111111",['Ovidio Lagos 7400'],1,,-33.024,-60.680611111111,55.0,538.0,Municipio Rosario,Municipio,Rosario,820210,Servicio de Catastro e Información Territorial,IGN
2018,4048,2018-03-16,Viernes,0.0,10:05:00,,0.0,2,"Moto/Ciclomotor,Peatón",Av. Alberdi Bis Y French,2,1,0,0,1,0,0,"-32.920812696805, -60.681214796513",Avenida,,ROSARIO,Rosario,Asfalto,No existe,II,Dentro,Urbana,Semáforo,Funciona,Intersección,Bueno,Buena,Diurna,Buen Tiempo,S/D,Peatón,Atropello,Ninguna,"Horizontal,Vertical",Cordón divisorio,S/D,"-32.920812696805, -60.681214796513","['Alberdi', 'French']",2,,-32.920812696805,-60.681214796513,55.0,538.0,Municipio Rosario,Municipio,Rosario,820210,Servicio de Catastro e Información Territorial,IGN
2018,4049,2018-03-10,Sabado,0.0,18:20:00,,0.0,1,Automóvil,Madre Cabrini Y Balcarce,2,2,0,0,0,0,0,"-33.005416666667,-60.66325",Calle,,ROSARIO,Rosario,Asfalto,No existe,II,Dentro,Urbana,Ninguna,No existe,Recta,Bueno,Buena,Diurna,Buen Tiempo,Contra objeto fijo,S/D,Colisión,Ninguna,Faltante,Ninguna,Sin restricción,"-33.005416666667,-60.66325","['Madre Cabrini', 'Balcarce']",2,,-33.005416666667,-60.66325,55.0,538.0,Municipio Rosario,Municipio,Rosario,820210,Servicio de Catastro e Información Territorial,IGN
2018,4107,2018-03-19,Lunes,0.0,19:30:00,,0.0,2,"Bicicleta,Camión Chasis",Av. Centenario Bis Y Av. de los Trabajadores,2,1,0,0,1,0,0,"-32.912165254941, -60.675356852024",Avenida,,ROSARIO,Rosario,Asfalto,No existe,II,Dentro,Urbana,Semáforo,Funciona,Recta,Bueno,Buena,Atardecer,Buen Tiempo,S/D,Ciclista,Atropello,Ninguna,Vertical,Cordón divisorio,Sin restricción,"-32.912165254941, -60.675356852024","['Centenario', 'De Los Trabajadores']",2,,-32.912165254941,-60.675356852024,55.0,538.0,Municipio Rosario,Municipio,Rosario,820210,Servicio de Catastro e Información Territorial,IGN
2018,4108,2018-03-17,Sabado,0.0,19:30:00,,0.0,2,"Moto/Ciclomotor,Automóvil",J.B.Justo Y Pje. Maspoli Bis,3,2,0,0,1,0,0,"-32.914222222222,-60.690111111111",Calle,,ROSARIO,Rosario,Asfalto,No existe,II,Dentro,Urbana,S/D,No existe,Intersección,S/D,Buena,Atardecer,S/D,Otro,S/D,Colisión,S/D,Faltante,Ninguna,S/D,"-32.914222222222,-60.690111111111","['Justo', 'Máspoli']",2,,-32.914222222222,-60.690111111111,55.0,538.0,Municipio Rosario,Municipio,Rosario,820210,Servicio de Catastro e Información Territorial,IGN
2018,4109,2018-03-21,Miercoles,0.0,15:55:00,,0.0,2,"Moto/Ciclomotor,Automóvil",Av. Alberdi Bis Y Av. Luis Carballo,2,1,0,0,1,0,0,"-32.922115378536, -60.680201669157",Avenida,,ROSARIO,Rosario,Asfalto,No existe,II,Dentro,Urbana,Semáforo,Funciona,Recta,Bueno,Buena,Diurna,Buen Tiempo,Lateral,S/D,Colisión,Ninguna,"Horizontal,Vertical",Cordón divisorio,Sin restricción,"-32.922115378536, -60.680201669157","['Alberdi', 'Avenida Doctor Luis Cándido Carballo']",2,,-32.922115378536,-60.680201669157,55.0,538.0,Municipio Rosario,Municipio,Rosario,820210,Servicio de Catastro e Información Territorial,IGN
2018,4110,2018-04-16,Lunes,0.0,16:05:00,,0.0,2,"Automóvil,Tractor",Lamadrid Y San Nicolas,2,1,0,0,1,0,0,"-32.998138888889,-60.685027777778",Calle,,ROSARIO,Rosario,Asfalto,No existe,II,Dentro,Urbana,Ninguna,No existe,Intersección,Bueno,Buena,Diurna,Buen Tiempo,Lateral,S/D,Colisión,Ninguna,Faltante,Ninguna,Sin restricción,"-32.998138888889,-60.685027777778","['Lamadrid', 'San Nicolás']",2,,-32.998138888889,-60.685027777778,55.0,538.0,Municipio Rosario,Municipio,Rosario,820210,Servicio de Catastro e Información Territorial,IGN
2018,4111,2018-03-25,Domingo,0.0,16:59:00,,0.0,3,"Automóvil,Automóvil,Automóvil",Bv. Avellaneda Bis Y French,8,2,0,0,6,0,0,"-32.920656256832, -60.674536843718",Avenida,,ROSARIO,Rosario,Asfalto,No existe,II,Dentro,Urbana,Semáforo,Funciona,Recta,Bueno,Buena,Diurna,Buen Tiempo,De alcance,S/D,Colisión,Ninguna,"Horizontal,Vertical",Cordón divisorio,Sin restricción,"-32.920656256832, -60.674536843718","['Avellaneda', 'French']",2,,-32.920656256832,-60.674536843718,55.0,538.0,Municipio Rosario,Municipio,Rosario,820210,Servicio de Catastro e Información Territorial,IGN
2018,4112,2018-04-16,Lunes,0.0,20:10:00,,0.0,2,"Moto/Ciclomotor,Automóvil",Lavalle Y Garay,2,1,0,0,1,0,0,"-32.967388888889,-60.684861111111",Calle,,ROSARIO,Rosario,Asfalto,No existe,II,Dentro,Urbana,Ninguna,No existe,Intersección,Deteriorada,Buena,Nocturna,Buen Tiempo,Lateral,S/D,Colisión,Ninguna,Faltante,Ninguna,Sin restricción,"-32.967388888889,-60.684861111111","['Lavalle', 'Garay']",2,,-32.967388888889,-60.684861111111,55.0,538.0,Municipio Rosario,Municipio,Rosario,820210,Servicio de Catastro e Información Territorial,IGN
2018,4113,2018-03-28,Miercoles,0.0,22:50:00,,0.0,2,"Automóvil,Moto/Ciclomotor",Ing.Thedy Bis Y Av. Luis Carballo,3,2,0,0,1,0,0,"-32.923273220979, -60.665482453736",Avenida,,ROSARIO,Rosario,Asfalto,No existe,II,Dentro,Urbana,Ninguna,Funciona,Intersección,Bueno,Buena,Nocturna,Buen Tiempo,De alcance,S/D,Colisión,Ninguna,"Horizontal,Vertical",Ninguna,Sin restricción,"-32.923273220979, -60.665482453736","['Thedy', 'Avenida Doctor Luis Cándido Carballo']",2,,-32.923273220979,-60.665482453736,55.0,538.0,Municipio Rosario,Municipio,Rosario,820210,Servicio de Catastro e Información Territorial,IGN
2018,4114,2018-03-13,Martes,0.0,14:45:00,,0.0,2,"Moto/Ciclomotor,Pickup/Utilitario",Aurora Y Castellanos,2,1,0,0,1,0,0,"-32.999784, -60.687481",Calle,,ROSARIO,Rosario,Asfalto,No existe,II,Dentro,Rural,Ninguna,No existe,Intersección,Bueno,Buena,Diurna,Buen Tiempo,S/D,S/D,Colisión,Ninguna,Faltante,Ninguna,Sin restricción,"-32.999784, -60.687481","['Aurora', 'Aaron Castellanos']",2,,-32.999784,-60.687481,55.0,538.0,Municipio Rosario,Municipio,Rosario,820210,Servicio de Catastro e Información Territorial,IGN
2018,4115,2018-03-18,Domingo,0.0,21:40:00,,0.0,2,"Moto/Ciclomotor,Pickup/Utilitario",Bv. Segui Y Ricchieri,2,1,0,0,1,0,0,"-32.974618, -60.671056",Avenida,,ROSARIO,Rosario,Asfalto,No existe,II,Dentro,Urbana,Señal Pare,No existe,Intersección,Bueno,Buena,Nocturna,Buen Tiempo,Lateral,S/D,Colisión,Ninguna,"Horizontal,Vertical","Cordón divisorio,Línea divisoria pintada",Sin restricción,"-32.974618, -60.671056","['Bulevar Juan Francisco Seguí', 'Ricchieri']",2,,-32.974618,-60.671056,55.0,538.0,Municipio Rosario,Municipio,Rosario,820210,Servicio de Catastro e Información Territorial,IGN
2018,4116,2018-03-13,Martes,0.0,08:15:00,,0.0,2,"Pickup/Utilitario,Moto/Ciclomotor",Bv. Segui Y Av. Francia,2,1,0,0,1,0,0,"-32.974132, -60.673682",Avenida,,ROSARIO,Rosario,Asfalto,No existe,II,Dentro,Urbana,Semáforo,Funciona,Intersección,Bueno,Buena,Diurna,Buen Tiempo,Frontal,S/D,Colisión,Ninguna,"Horizontal,Vertical","Cordón divisorio,Vegetación,Línea divisoria pintada",Reparación de Vía,"-32.974132, -60.673682","['Bulevar Juan Francisco Seguí', 'Avenida Francia']",2,,-32.974132,-60.673682,55.0,538.0,Municipio Rosario,Municipio,Rosario,820210,Servicio de Catastro e Información Territorial,IGN
2018,4117,2018-03-02,Viernes,0.0,17:30:00,,0.0,2,"Moto/Ciclomotor,Automóvil",Cafferata Y Biedma,2,1,0,0,1,0,0,"-32.975498, -60.679772",Calle,,ROSARIO,Rosario,Asfalto,No existe,II,Dentro,Urbana,Señal Ceda el Paso,No existe,Recta,Bueno,Buena,Diurna,Buen Tiempo,Lateral,S/D,Colisión,Ninguna,Vertical,Ninguna,Sin restricción,"-32.975498, -60.679772","['Cafferata', 'Coronel Biedma']",2,,-32.975498,-60.679772,55.0,538.0,Municipio Rosario,Municipio,Rosario,820210,Servicio de Catastro e Información Territorial,IGN
2018,4118,2018-03-04,Domingo,0.0,14:15:00,,0.0,2,"Moto/Ciclomotor,Automóvil",Lamadrid Y Av. Francia,2,1,0,0,0,0,1,"-32.998024, -60.677975",Avenida,,ROSARIO,Rosario,Asfalto,No existe,II,Dentro,Urbana,Semáforo,Funciona,Intersección,Bueno,Buena,Diurna,Buen Tiempo,De alcance,S/D,Colisión,Ninguna,"Horizontal,Vertical",Cordón divisorio,Sin restricción,"-32.998024, -60.677975","['Lamadrid', 'Avenida Francia']",2,,-32.998024,-60.677975,55.0,538.0,Municipio Rosario,Municipio,Rosario,820210,Servicio de Catastro e Información Territorial,IGN
2018,4119,2018-04-22,Domingo,0.0,09:10:00,,0.0,2,"Bicicleta,Automóvil",Av. Francia Y Uruguay,2,0,1,0,1,0,0,"-32.971861111111,-60.673305555556",Avenida,,ROSARIO,Rosario,Asfalto,No existe,II,Dentro,Urbana,Ninguna,No existe,Intersección,Bueno,Buena,Diurna,Buen Tiempo,S/D,Ciclista,Atropello,Ninguna,Faltante,Cordón divisorio,Sin restricción,"-32.971861111111,-60.673305555556","['Avenida Francia', 'Uruguay']",2,,-32.971861111111,-60.673305555556,55.0,538.0,Municipio Rosario,Municipio,Rosario,820210,Servicio de Catastro e Información Territorial,IGN
2018,4120,2018-03-30,Viernes,0.0,20:30:00,,0.0,2,"Automóvil,Moto/Ciclomotor",Av. Provincias Unidas Bis Y French,2,0,1,0,1,0,0,"-32.921760455095, -60.713354520234",Avenida,,ROSARIO,Rosario,Asfalto,No existe,II,Dentro,Urbana,S/D,No existe,Intersección,Bueno,Buena,Nocturna,S/D,Lateral,S/D,Colisión,Ninguna,Horizontal,Cordón divisorio,S/D,"-32.921760455095, -60.713354520234","['Avenida Provincias Unidas', 'French']",2,,-32.921760455095,-60.713354520234,55.0,538.0,Municipio Rosario,Municipio,Rosario,820210,Servicio de Catastro e Información Territorial,IGN
2018,4121,2018-03-06,Martes,0.0,18:50:00,,0.0,2,"Pickup/Utilitario,Moto/Ciclomotor",Bv. Segui Y Crespo,3,2,0,0,1,0,0,"-32.973641, -60.676483",Avenida,,ROSARIO,Rosario,Asfalto,No existe,II,Dentro,Urbana,Paso Peatonal,No existe,Intersección,Bueno,Buena,Atardecer,Buen Tiempo,S/D,S/D,Colisión,Ninguna,Horizontal,"Cordón divisorio,Línea divisoria pintada",Sin restricción,"-32.973641, -60.676483","['Bulevar Juan Francisco Seguí', 'Crespo']",2,,-32.973641,-60.676483,55.0,538.0,Municipio Rosario,Municipio,Rosario,820210,Servicio de Catastro e Información Territorial,IGN
2018,4122,2018-03-10,Sabado,0.0,15:00:00,,0.0,2,"Automóvil,Automóvil",Crespo Y Bv. Segui,5,4,0,0,1,0,0,"-32.973641, -60.676483",Avenida,,ROSARIO,Rosario,Asfalto,No existe,II,Dentro,Urbana,Paso Peatonal,No existe,Intersección,Bueno,Buena,Diurna,Buen Tiempo,S/D,S/D,Colisión,Ninguna,Horizontal,Cordón divisorio,Sin restricción,"-32.973641, -60.676483","['Crespo', 'Bulevar Juan Francisco Seguí']",2,,-32.973641,-60.676483,55.0,538.0,Municipio Rosario,Municipio,Rosario,820210,Servicio de Catastro e Información Territorial,IGN
2018,4123,2018-03-11,Domingo,0.0,20:00:00,,0.0,2,"Moto/Ciclomotor,Taxi/Remis",Garibaldi Y Av. Ovidio Lagos,4,3,0,0,1,0,0,"-32.981852, -60.670987",Avenida,,ROSARIO,Rosario,Asfalto,No existe,II,Dentro,Urbana,Marca Vial,No existe,Intersección,Bueno,Buena,Atardecer,Buen Tiempo,Lateral,S/D,Colisión,Ninguna,Horizontal,"Cordón divisorio,Línea divisoria pintada",Sin restricción,"-32.981852, -60.670987","['José Garibaldi', 'Avenida Ovidio Lagos']",2,,-32.981852,-60.670987,55.0,538.0,Municipio Rosario,Municipio,Rosario,820210,Servicio de Catastro e Información Territorial,IGN
2018,4124,2018-03-29,Jueves,0.0,20:45:00,,0.0,2,"Automóvil,Moto/Ciclomotor",Av. Sorrento Y Av. Provincias Unidas Bis,2,0,1,0,1,0,0,"-32.907833333333,-60.714027777778",Avenida,,ROSARIO,Rosario,Asfalto,No existe,II,Dentro,Urbana,S/D,No existe,Recta,Bueno,Buena,Nocturna,S/D,De alcance,S/D,Colisión,Ninguna,Faltante,Ninguna,S/D,"-32.907833333333,-60.714027777778","['Sorrento', 'Avenida Provincias Unidas']",2,,-32.907833333333,-60.714027777778,55.0,538.0,Municipio Rosario,Municipio,Rosario,820210,Servicio de Catastro e Información Territorial,IGN
2018,4125,2018-03-10,Sabado,0.0,18:05:00,,0.0,2,"Automóvil,Moto/Ciclomotor",Pte.Quintana Y San Nicolas,3,2,0,0,1,0,0,"-32.976413, -60.681438",Calle,,ROSARIO,Rosario,Asfalto,No existe,II,Dentro,Urbana,Ninguna,No existe,Intersección,Bueno,Buena,Atardecer,Buen Tiempo,Frontal,S/D,Colisión,Ninguna,Faltante,Ninguna,Sin restricción,"-32.976413, -60.681438","['Quintana', 'San Nicolás']",2,,-32.976413,-60.681438,55.0,538.0,Municipio Rosario,Municipio,Rosario,820210,Servicio de Catastro e Información Territorial,IGN
2018,4126,2018-04-28,Sabado,0.0,22:10:00,,0.0,2,"Automóvil,Moto/Ciclomotor",Olegario V.Andrade Y Santiago,3,1,0,0,1,0,1,"-32.996435769622, -60.66793174982",Calle,,ROSARIO,Rosario,Asfalto,No existe,II,Dentro,Urbana,Ninguna,No existe,Intersección,Bueno,Buena,Nocturna,Buen Tiempo,Lateral,S/D,Colisión,Ninguna,Faltante,Ninguna,Sin restricción,"-32.996435769622, -60.66793174982","['Olegario V Andrade', 'Santiago']",2,,-32.996435769622,-60.66793174982,55.0,538.0,Municipio Rosario,Municipio,Rosario,820210,Servicio de Catastro e Información Territorial,IGN
2018,4127,2018-03-24,Sabado,0.0,21:00:00,,0.0,2,"Moto/Ciclomotor,Peatón",Av. Genova Y Cullen Bis,2,1,0,0,0,0,1,"-32.915916666667,-60.709888888889",Avenida,,ROSARIO,Rosario,Asfalto,No existe,II,Dentro,Urbana,S/D,No existe,Recta,Bueno,Buena,"Nocturna,Con luz artificial",S/D,S/D,Peatón,Atropello,Ninguna,Faltante,Ninguna,S/D,"-32.915916666667,-60.709888888889","['Genova', 'Cullen']",2,,-32.915916666667,-60.709888888889,55.0,538.0,Municipio Rosario,Municipio,Rosario,820210,Servicio de Catastro e Información Territorial,IGN
2018,4128,2018-03-20,Martes,0.0,08:50:00,,0.0,2,"Pickup/Utilitario,Moto/Ciclomotor",Barra Bis Y Av. Genova,3,2,0,0,1,0,0,"-32.915861111111,-60.708111111111",Avenida,,ROSARIO,Rosario,Asfalto,No existe,II,Dentro,Urbana,S/D,No existe,Intersección,S/D,S/D,Diurna,S/D,Lateral,S/D,Colisión,S/D,Faltante,Ninguna,S/D,"-32.915861111111,-60.708111111111","['Barra', 'Genova']",2,,-32.915861111111,-60.708111111111,55.0,538.0,Municipio Rosario,Municipio,Rosario,820210,Servicio de Catastro e Información Territorial,IGN
2018,4129,2018-03-20,Martes,0.0,15:00:00,,0.0,2,"Peatón,Automóvil",Av. Provincias Unidas Bis Y Jose Ingenieros,4,2,0,0,2,0,0,"-32.917111111111,-60.713638888889",Avenida,,ROSARIO,Rosario,Asfalto,No existe,II,Dentro,Urbana,S/D,No existe,Intersección,Bueno,Buena,Diurna,S/D,S/D,Peatón,Atropello,Ninguna,Faltante,Cordón divisorio,S/D,"-32.917111111111,-60.713638888889","['Avenida Provincias Unidas', 'José Ingenieros']",2,,-32.917111111111,-60.713638888889,55.0,538.0,Municipio Rosario,Municipio,Rosario,820210,Servicio de Catastro e Información Territorial,IGN
2018,4130,2018-04-30,Lunes,0.0,14:15:00,,0.0,2,"Moto/Ciclomotor,Automóvil",Guardia Morada Y Prevision y Hogar,3,2,0,0,1,0,0,"-33.016978003270, -60.658772314437",Calle,,ROSARIO,Rosario,Asfalto,No existe,II,Dentro,Urbana,Ninguna,No existe,Intersección,Bueno,Buena,Diurna,Buen Tiempo,De alcance,S/D,Colisión,Ninguna,Faltante,Ninguna,Sin restricción,"-33.016978003270, -60.658772314437","['Guardia Morada', '5 de Agosto']",2,,-33.01697800327,-60.658772314437,55.0,538.0,Municipio Rosario,Municipio,Rosario,820210,Servicio de Catastro e Información Territorial,IGN
2018,4131,2018-03-17,Sabado,0.0,13:30:00,,0.0,2,"Automóvil,Moto/Ciclomotor",Mejico Bis Y Schweitzer,3,2,0,0,1,0,0,"-32.913638888889,-60.719555555556",Calle,,ROSARIO,Rosario,Asfalto,No existe,II,Dentro,Urbana,S/D,No existe,Recta,Bueno,Buena,Diurna,S/D,Lateral,S/D,Colisión,Ninguna,Faltante,Ninguna,S/D,"-32.913638888889,-60.719555555556","['Mejico', 'Albert Schweitzer']",2,,-32.913638888889,-60.719555555556,55.0,538.0,Municipio Rosario,Municipio,Rosario,820210,Servicio de Catastro e Información Territorial,IGN
2018,4132,2018-04-14,Sabado,0.0,19:50:00,,0.0,2,"Bicicleta,Automóvil",Prevision y Hogar 2163,2,1,0,0,1,0,0,"-33.017166666667,-60.662888888889",Calle,,ROSARIO,Rosario,Asfalto,No existe,II,Dentro,Urbana,Ninguna,No existe,Recta,Bueno,Buena,Atardecer,Buen Tiempo,S/D,Ciclista,Atropello,Ninguna,Faltante,Ninguna,Sin restricción,"-33.017166666667,-60.662888888889",['5 De Agosto 2163'],1,,-33.017166666667,-60.662888888889,55.0,538.0,Municipio Rosario,Municipio,Rosario,820210,Servicio de Catastro e Información Territorial,IGN