anio_acci,nro_acci,fecha,desc_dia,fecha_aprox,hora_aprox,desc_ruta,km,cant_participantes,desc_participante,calle_avenida_km,total,heridos_leves,heridos_graves,heridos_gravisimos,ilesos,fallecidos,sin_datos,posicion_XY,desc_tipo_via,desc_ruta_ori,desc_loc,desc_dpto,desc_tipo_calzada,desc_tipo_banquina,desc_unidad_regional,desc_lugar_calzada,desc_zona,desc_prioridad,desc_estado_semaforo,desc_lugar_via,desc_estado_via,desc_estado_visibilidad,desc_luminosidad,desc_estado_clima,desc_tipo_colision,desc_tipo_atropello,desc_tipo_hecho,desc_pres_calzada,desc_senializacion,desc_separacion_via,desc_restriccion,forma_geocod,calle_lista,numero_calles,calles_osm,lat,lon,index_right,gid,fna,gna,nam,in1,fdc,sag
2018,4196,2018-03-08,Jueves,0.0,12:10:00,,0.0,2,"Automóvil,Moto/Ciclomotor",Solis Bis 684,4,3,0,0,1,0,0,"-32.920166666667,-60.704194444444",Calle,,ROSARIO,Rosario,Asfalto,No existe,II,Dentro,Urbana,S/D,No existe,Recta,Bueno,Buena,Diurna,S/D,Lateral,S/D,Colisión,Ninguna,Faltante,Ninguna,S/D,"-32.920166666667,-60.704194444444",['Solis Bis 684'],1,,-32.920166666667,-60.704194444444,55.0,538.0,Municipio Rosario,Municipio,Rosario,820210,Servicio de Catastro e Información Territorial,IGN
2018,4197,2018-04-13,Viernes,0.0,15:40:00,,0.0,2,"Automóvil,Automóvil",Bv. Oro?o Y Av. Arijon,3,1,0,0,2,0,0,"-33.0035,-60.664777777778",Avenida,,ROSARIO,Rosario,Asfalto,No existe,II,Dentro,Urbana,Semáforo,Funciona,Intersección,Bueno,Buena,Diurna,Buen Tiempo,Lateral,S/D,Colisión,Ninguna,Vertical,Ninguna,Sin restricción,"-33.0035,-60.664777777778","['Bulevar Nicasio Oroño', 'Avenida Manuel Arijón']",2,,-33.0035,-60.664777777778,55.0,538.0,Municipio Rosario,Municipio,Rosario,820210,Servicio de Catastro e Información Territorial,IGN
2018,4198,2018-03-02,Viernes,0.0,23:30:00,,0.0,2,"Automóvil,Moto/Ciclomotor",J.J.Paso 6000,2,0,1,0,1,0,0,"-32.919972222222,-60.705361111111",Calle,,ROSARIO,Rosario,Asfalto,No existe,II,Dentro,Urbana,Semáforo,Funciona,Recta,Bueno,Buena,"Nocturna,Con luz artificial",S/D,Lateral,S/D,Colisión,Ninguna,Vertical,"Línea divisoria pintada,Ninguna",S/D,"-32.919972222222,-60.705361111111",['Juan José Paso 6000'],1,,-32.919972222222,-60.705361111111,55.0,538.0,Municipio Rosario,Municipio,Rosario,820210,Servicio de Catastro e Información Territorial,IGN
2018,4199,2018-04-19,Jueves,0.0,20:00:00,,0.0,1,Moto/Ciclomotor,JUAN PABLO II Y MORENO ,2,2,0,0,0,0,0,"-33.014464501484, -60.661411084701",Calle,,ROSARIO,Rosario,Asfalto,No existe,II,Dentro,Urbana,Ninguna,No existe,Recta,Bueno,Buena,Nocturna,Buen Tiempo,S/D,S/D,Caída ocupante,Ninguna,Faltante,Ninguna,Sin restricción,"-33.014464501484, -60.661411084701","['Juan Pablo II', 'Moreno']",2,,-33.014464501484,-60.661411084701,55.0,538.0,Municipio Rosario,Municipio,Rosario,820210,Servicio de Catastro e Información Territorial,IGN
2018,4200,2018-03-20,Martes,0.0,13:00:00,,0.0,1,Pickup/Utilitario,Av. Del Valle Y Callao Bis,2,1,0,0,1,0,0,"-32.930980, -60.657199",Calle,,ROSARIO,Rosario,Asfalto,No existe,II,Dentro,Urbana,Semáforo,Funciona,Intersección,Bueno,Buena,Diurna,Buen Tiempo,Otro,S/D,Colisión,Ninguna,"Horizontal,Vertical",Línea divisoria pintada,Sin restricción,"-32.930980, -60.657199","['Del Valle', 'Callao']",2,,-32.93098,-60.657199,55.0,538.0,Municipio Rosario,Municipio,Rosario,820210,Servicio de Catastro e Información Territorial,IGN
2018,4202,2018-03-18,Domingo,0.0,06:20:00,,0.0,2,"Moto/Ciclomotor,Automóvil",Cafferata Y Urquiza,2,1,0,0,1,0,0,"-32.937059, -60.670161",Calle,,ROSARIO,Rosario,Asfalto,No existe,II,Dentro,Urbana,Semáforo,Funciona,Intersección,Bueno,Buena,Amanecer,Buen Tiempo,Otro,S/D,Colisión,Ninguna,"Horizontal,Vertical",Ninguna,Sin restricción,"-32.937059, -60.670161","['Cafferata', 'Urquiza']",2,,-32.937059,-60.670161,55.0,538.0,Municipio Rosario,Municipio,Rosario,820210,Servicio de Catastro e Información Territorial,IGN
2018,4203,2018-04-17,Martes,0.0,18:55:00,,0.0,2,"Moto/Ciclomotor,Automóvil",Pje. 507 Y Pje. 514,3,1,0,0,2,0,0,"-33.011166666667,-60.659861111111",Calle,,ROSARIO,Rosario,Asfalto,No existe,II,Dentro,Urbana,Ninguna,No existe,Intersección,Bueno,Buena,Atardecer,Buen Tiempo,Otro,S/D,Colisión,Ninguna,Faltante,Ninguna,Sin restricción,"-33.011166666667,-60.659861111111","['Pasaje 507', 'Pasaje 514']",2,,-33.011166666667,-60.659861111111,55.0,538.0,Municipio Rosario,Municipio,Rosario,820210,Servicio de Catastro e Información Territorial,IGN
2018,4204,2018-03-17,Sabado,0.0,12:00:00,,0.0,2,"Moto/Ciclomotor,Pickup/Utilitario",Tucuman Y Castellanos,3,1,0,0,2,0,0,"-32.935171, -60.673897",Calle,,ROSARIO,Rosario,Asfalto,No existe,II,Dentro,Urbana,Ninguna,No existe,Intersección,Bueno,S/D,Diurna,Buen Tiempo,Otro,S/D,Colisión,Ninguna,Faltante,Ninguna,Sin restricción,"-32.935171, -60.673897","['Tucumán', 'Aaron Castellanos']",2,,-32.935171,-60.673897,55.0,538.0,Municipio Rosario,Municipio,Rosario,820210,Servicio de Catastro e Información Territorial,IGN
2018,4206,2018-03-16,Viernes,0.0,00:05:00,,0.0,2,"Taxi/Remis,Automóvil",Urquiza Y San Nicolas,2,1,0,0,1,0,0,"-32.936842, -60.671481",Calle,,ROSARIO,Rosario,Asfalto,No existe,II,Dentro,Urbana,Ninguna,No existe,Intersección,Bueno,Reducida,Nocturna,Buen Tiempo,Otro,S/D,Colisión,Ninguna,Faltante,Ninguna,Sin restricción,"-32.936842, -60.671481","['Urquiza', 'San Nicolás']",2,,-32.936842,-60.671481,55.0,538.0,Municipio Rosario,Municipio,Rosario,820210,Servicio de Catastro e Información Territorial,IGN
2018,4207,2018-04-19,Jueves,0.0,23:10:00,,0.0,2,"Moto/Ciclomotor,Automóvil",Bv. Oro?o Y Ombu,2,1,0,0,0,0,1,"-33.006444444444,-60.664638888889",Avenida,,ROSARIO,Rosario,Asfalto,No existe,II,Dentro,Urbana,Ninguna,No existe,Recta,Bueno,Buena,Nocturna,Buen Tiempo,Lateral,S/D,Colisión,Ninguna,Faltante,Ninguna,Sin restricción,"-33.006444444444,-60.664638888889","['Bulevar Nicasio Oroño', 'Ombú']",2,,-33.006444444444,-60.664638888889,55.0,538.0,Municipio Rosario,Municipio,Rosario,820210,Servicio de Catastro e Información Territorial,IGN
2018,4208,2018-03-12,Lunes,0.0,17:30:00,,0.0,2,"Pickup/Utilitario,Moto/Ciclomotor",Av. Ovidio Lagos Bis 68,2,1,0,0,1,0,0,"-32.932262, -60.658923",Calle,,ROSARIO,Rosario,Asfalto,No existe,II,Dentro,Urbana,Ninguna,No existe,Recta,Deteriorada,Buena,Diurna,Buen Tiempo,Otro,S/D,Colisión,Ninguna,Faltante,Ninguna,Sin restricción,"-32.932262, -60.658923",['Ovidio Lagos Bis 68'],1,,-32.932262,-60.658923,55.0,538.0,Municipio Rosario,Municipio,Rosario,820210,Servicio de Catastro e Información Territorial,IGN
2018,4209,2018-03-01,Jueves,0.0,00:05:00,,0.0,2,"Moto/Ciclomotor,Taxi/Remis",J.J.Paso Y Chaco Bis,2,1,0,0,1,0,0,"-32.919638888889,-60.693944444444",Calle,,ROSARIO,Rosario,Asfalto,No existe,II,Dentro,Urbana,Ninguna,No existe,Intersección,Deteriorada,Buena,Con luz artificial,Buen Tiempo,Frontal,S/D,Colisión,Ninguna,Faltante,Ninguna,Sin restricción,"-32.919638888889,-60.693944444444","['Paso', 'Chaco']",2,,-32.919638888889,-60.693944444444,55.0,538.0,Municipio Rosario,Municipio,Rosario,820210,Servicio de Catastro e Información Territorial,IGN
2018,4210,2018-03-05,Lunes,0.0,18:10:00,,0.0,2,"Automóvil,Bicicleta",Catamarca Y Rodriguez,2,1,0,0,1,0,0,"-32.936918, -60.657265",Calle,,ROSARIO,Rosario,Asfalto,No existe,II,Dentro,Urbana,Ninguna,No existe,Intersección,Bueno,Buena,Diurna,Otro,S/D,Ciclista,Atropello,Ninguna,Faltante,Ninguna,Sin restricción,"-32.936918, -60.657265","['Catamarca', 'Rodríguez']",2,,-32.936918,-60.657265,55.0,538.0,Municipio Rosario,Municipio,Rosario,820210,Servicio de Catastro e Información Territorial,IGN
2018,4211,2018-03-21,Miercoles,0.0,14:25:00,,0.0,2,"Automóvil,Moto/Ciclomotor",J.J.Paso Y Rep.Dominicana Bis,2,1,0,0,1,0,0,"-32.919555555556,-60.69025",Calle,,ROSARIO,Rosario,Asfalto,No existe,II,Dentro,Urbana,Ninguna,No existe,Intersección,Deteriorada,Buena,Diurna,Buen Tiempo,Lateral,S/D,Colisión,Ninguna,Faltante,Ninguna,Sin restricción,"-32.919555555556,-60.69025","['Paso', 'República Dominicana']",2,,-32.919555555556,-60.69025,55.0,538.0,Municipio Rosario,Municipio,Rosario,820210,Servicio de Catastro e Información Territorial,IGN
2018,4212,2018-04-18,Miercoles,0.0,20:25:00,,0.0,2,"Automóvil,Moto/Ciclomotor",Av. Arijon 2281,4,1,0,0,3,0,0,"-33.003527777778,-60.665972222222",Avenida,,ROSARIO,Rosario,Asfalto,Pavimento,II,Dentro,Urbana,Ninguna,No existe,Recta,Bueno,Buena,Nocturna,Buen Tiempo,De alcance,S/D,Colisión,Ninguna,Faltante,Ninguna,Sin restricción,"-33.003527777778,-60.665972222222",['Arijon 2281'],1,,-33.003527777778,-60.665972222222,55.0,538.0,Municipio Rosario,Municipio,Rosario,820210,Servicio de Catastro e Información Territorial,IGN
2018,4213,2018-03-31,Sabado,0.0,14:30:00,,0.0,2,"Moto/Ciclomotor,Automóvil",Catamarca Y Rodriguez,2,1,0,0,1,0,0,"-32.936918, -60.657265",Calle,,ROSARIO,Rosario,Asfalto,No existe,II,Dentro,Urbana,Ninguna,No existe,Intersección,Bueno,Buena,Diurna,Buen Tiempo,S/D,S/D,Colisión,Ninguna,Faltante,Ninguna,Sin restricción,"-32.936918, -60.657265","['Catamarca', 'Rodríguez']",2,,-32.936918,-60.657265,55.0,538.0,Municipio Rosario,Municipio,Rosario,820210,Servicio de Catastro e Información Territorial,IGN
2018,4214,2018-03-06,Martes,0.0,15:10:00,,0.0,2,"Bicicleta,Automóvil",J.J.Paso Y Albert Sabin,2,1,0,0,1,0,0,"-32.919527777778,-60.6885",Avenida,,ROSARIO,Rosario,Asfalto,No existe,II,Dentro,Urbana,Semáforo,Funciona,Intersección,Bueno,Buena,Diurna,Buen Tiempo,S/D,Ciclista,Atropello,Ninguna,Vertical,Vegetación,Sin restricción,"-32.919527777778,-60.6885","['Paso', 'Avenida Travesía Albert Sabin']",2,,-32.919527777778,-60.6885,55.0,538.0,Municipio Rosario,Municipio,Rosario,820210,Servicio de Catastro e Información Territorial,IGN
2018,4215,2018-04-10,Martes,0.0,19:20:00,,0.0,2,"Automóvil,Moto/Ciclomotor",Calle 2123 Y Bv. Avellaneda,2,1,0,0,1,0,0,"-33.015065316304, -60.689263143111",Avenida,,ROSARIO,Rosario,Asfalto,Pavimento,II,Dentro,Urbana,Ninguna,No existe,Intersección,Bueno,Buena,Atardecer,Buen Tiempo,Lateral,S/D,Colisión,Ninguna,Faltante,Ninguna,Sin restricción,"-33.015065316304, -60.689263143111","['Calle 2123', 'Avellaneda']",2,,-33.015065316304,-60.689263143111,55.0,538.0,Municipio Rosario,Municipio,Rosario,820210,Servicio de Catastro e Información Territorial,IGN
2018,4216,2018-03-01,Jueves,0.0,21:50:00,,0.0,2,"Automóvil,Moto/Ciclomotor",San Lorenzo Y Ricchieri,2,1,0,0,1,0,0,"-32.939714, -60.662228",Calle,,ROSARIO,Rosario,Asfalto,No existe,II,Dentro,Urbana,Ninguna,No existe,Intersección,Bueno,Reducida,Nocturna,Buen Tiempo,De alcance,S/D,Colisión,Ninguna,Faltante,Ninguna,Sin restricción,"-32.939714, -60.662228","['San Lorenzo', 'Ricchieri']",2,,-32.939714,-60.662228,55.0,538.0,Municipio Rosario,Municipio,Rosario,820210,Servicio de Catastro e Información Territorial,IGN
2018,4217,2018-04-16,Lunes,0.0,00:15:00,,0.0,2,"Moto/Ciclomotor,Automóvil",San Martin Y Av. Arijon,2,1,0,0,1,0,0,"-33.003027777778,-60.649277777778",Avenida,,ROSARIO,Rosario,Asfalto,No existe,II,Dentro,Urbana,Ninguna,Funciona,Intersección,Bueno,Buena,Nocturna,Otro,Lateral,S/D,Colisión,Ninguna,Vertical,"Cordón divisorio,Línea divisoria pintada",Sin restricción,"-33.003027777778,-60.649277777778","['San Martin', 'Avenida Manuel Arijón']",2,,-33.003027777778,-60.649277777778,55.0,538.0,Municipio Rosario,Municipio,Rosario,820210,Servicio de Catastro e Información Territorial,IGN
2018,4218,2018-03-28,Miercoles,0.0,15:30:00,,0.0,2,"Automóvil,Moto/Ciclomotor",Tucuman Y San Nicolas,2,1,0,0,1,0,0,"-32.935655, -60.671183",Calle,,ROSARIO,Rosario,Asfalto,No existe,II,Dentro,Urbana,Ninguna,No existe,Intersección,Bueno,Buena,Diurna,Buen Tiempo,De alcance,S/D,Colisión,S/D,Faltante,Ninguna,Sin restricción,"-32.935655, -60.671183","['Tucumán', 'San Nicolás']",2,,-32.935655,-60.671183,55.0,538.0,Municipio Rosario,Municipio,Rosario,820210,Servicio de Catastro e Información Territorial,IGN
2018,4219,2018-04-05,Jueves,0.0,20:30:00,,0.0,2,"Peatón,Automóvil",Av. Battle y Ordo?ez ,2,1,0,0,0,0,1,"-33.008781214885, -60.643595903060",Avenida,,ROSARIO,Rosario,Asfalto,No existe,II,Dentro,Urbana,Ninguna,No existe,Intersección,Bueno,Buena,S/D,S/D,S/D,Peatón,Atropello,Ninguna,Horizontal,Cordón divisorio,Sin restricción,"-33.008781214885, -60.643595903060",['Avenida Battle y Ordoñez'],1,,-33.008781214885,-60.64359590306,55.0,538.0,Municipio Rosario,Municipio,Rosario,820210,Servicio de Catastro e Información Territorial,IGN
2018,4220,2018-03-11,Domingo,0.0,12:15:00,,0.0,2,"Moto/Ciclomotor,Bicicleta",Bv. Avellaneda ,2,1,0,0,1,0,0,"-32.932236, -60.677478",Avenida,,ROSARIO,Rosario,Asfalto,No existe,II,Dentro,Urbana,Ninguna,No existe,Intersección,Bueno,Buena,Diurna,Buen Tiempo,S/D,Ciclista,Atropello,Ninguna,S/D,"Guardarrail,Cordón divisorio",Sin restricción,"-32.932236, -60.677478",['Avellaneda'],1,,-32.932236,-60.677478,55.0,538.0,Municipio Rosario,Municipio,Rosario,820210,Servicio de Catastro e Información Territorial,IGN
2018,4221,2018-03-28,Miercoles,0.0,01:50:00,,0.0,2,"Pickup/Utilitario,Moto/Ciclomotor",Santa Fe Y Av. Ovidio Lagos,3,1,0,0,2,0,0,"-32.940899, -60.661091",Avenida,,ROSARIO,Rosario,Asfalto,No existe,II,Dentro,Urbana,Semáforo,Funciona,Intersección,Bueno,Buena,Nocturna,Buen Tiempo,S/D,S/D,Colisión,Ninguna,"Horizontal,Vertical",Línea divisoria pintada,Sin restricción,"-32.940899, -60.661091","['Santa Fe', 'Avenida Ovidio Lagos']",2,,-32.940899,-60.661091,55.0,538.0,Municipio Rosario,Municipio,Rosario,820210,Servicio de Catastro e Información Territorial,IGN
2018,4222,2018-03-23,Viernes,0.0,16:50:00,,0.0,2,"Automóvil,Moto/Ciclomotor",Constitucion Y San Lorenzo,3,2,0,0,1,0,0,"-32.937761, -60.673097",Calle,,ROSARIO,Rosario,Asfalto,No existe,II,Dentro,Urbana,Ninguna,No existe,Intersección,Bueno,Buena,Diurna,Buen Tiempo,Otro,S/D,Colisión,Ninguna,Faltante,Ninguna,Sin restricción,"-32.937761, -60.673097","['Constitución', 'San Lorenzo']",2,,-32.937761,-60.673097,55.0,538.0,Municipio Rosario,Municipio,Rosario,820210,Servicio de Catastro e Información Territorial,IGN
2018,4223,2018-03-24,Sabado,0.0,05:00:00,,0.0,2,"Transporte de Pasajeros Urbano (> 8 asientos),Moto/Ciclomotor",Bv. Avellaneda Y San Lorenzo,5,3,1,0,1,0,0,"-32.936809, -60.678532",Avenida,,ROSARIO,Rosario,Asfalto,No existe,II,Dentro,Urbana,Semáforo,Funciona,Intersección,Bueno,Reducida,Amanecer,Buen Tiempo,Otro,S/D,Colisión,Ninguna,Vertical,Cordón divisorio,Sin restricción,"-32.936809, -60.678532","['Avellaneda', 'San Lorenzo']",2,,-32.936809,-60.678532,55.0,538.0,Municipio Rosario,Municipio,Rosario,820210,Servicio de Catastro e Información Territorial,IGN
2018,4224,2018-03-26,Lunes,0.0,17:30:00,,0.0,2,"Automóvil,Moto/Ciclomotor",Rodriguez Y Urquiza,2,1,0,0,1,0,0,"-32.939284, -60.657847",Calle,,ROSARIO,Rosario,Asfalto,No existe,II,Dentro,Urbana,Ninguna,No existe,Intersección,Bueno,Buena,Diurna,Buen Tiempo,Otro,S/D,Colisión,Ninguna,Faltante,Ninguna,Sin restricción,"-32.939284, -60.657847","['Rodríguez', 'Urquiza']",2,,-32.939284,-60.657847,55.0,538.0,Municipio Rosario,Municipio,Rosario,820210,Servicio de Catastro e Información Territorial,IGN
2018,4225,2018-03-27,Martes,0.0,17:40:00,,0.0,2,"Moto/Ciclomotor,Automóvil",Suipacha Y Salta,3,2,0,0,1,0,0,"-32.934799, -60.662407",Calle,,ROSARIO,Rosario,Asfalto,No existe,II,Dentro,Urbana,Semáforo,Funciona,Intersección,Bueno,S/D,Diurna,Buen Tiempo,De alcance,S/D,Colisión,Ninguna,"Horizontal,Vertical",Línea divisoria pintada,Sin restricción,"-32.934799, -60.662407","['Suipacha', 'Salta']",2,,-32.934799,-60.662407,55.0,538.0,Municipio Rosario,Municipio,Rosario,820210,Servicio de Catastro e Información Territorial,IGN
2018,4290,2018-03-07,Miercoles,0.0,19:00:00,,0.0,2,"Peatón,Automóvil",Laprida Y Montevideo,2,1,0,0,1,0,0,"-32.956833333333,-60.636666666667",Calle,,ROSARIO,Rosario,Asfalto,No existe,II,Dentro,Urbana,Señal Pare,No existe,Recta,S/D,S/D,Diurna,S/D,S/D,Peatón,Atropello,S/D,"Horizontal,Vertical",Ninguna,S/D,"-32.956833333333,-60.636666666667","['Laprida', 'Montevideo']",2,,-32.956833333333,-60.636666666667,55.0,538.0,Municipio Rosario,Municipio,Rosario,820210,Servicio de Catastro e Información Territorial,IGN
2018,4291,2018-03-12,Lunes,0.0,11:00:00,,0.0,2,"Peatón,Automóvil",Laprida Y Cordoba,2,1,0,0,1,0,0,"-32.947333333333,-60.633861111111",Calle,,ROSARIO,Rosario,Asfalto,No existe,II,Dentro,Urbana,Semáforo,Funciona,Recta,S/D,S/D,Diurna,S/D,S/D,Peatón,Atropello,S/D,"Horizontal,Vertical",Ninguna,S/D,"-32.947333333333,-60.633861111111","['Laprida', 'Córdoba']",2,,-32.947333333333,-60.633861111111,55.0,538.0,Municipio Rosario,Municipio,Rosario,820210,Servicio de Catastro e Información Territorial,IGN
2018,4292,2018-03-01,Jueves,0.0,06:20:00,,0.0,1,Moto/Ciclomotor,Bv. Rondeau 3500,1,1,0,0,0,0,0,"-32.883064, -60.695816",Avenida,,ROSARIO,Rosario,Asfalto,No existe,II,Dentro,Urbana,Semáforo,Funciona,Recta,Bueno,Buena,Amanecer,S/D,Contra objeto fijo,S/D,Colisión,Ninguna,"Horizontal,Vertical","Cordón divisorio,Vegetación",S/D,"-32.883064, -60.695816",['Rondeau 3500'],1,,-32.883064,-60.695816,55.0,538.0,Municipio Rosario,Municipio,Rosario,820210,Servicio de Catastro e Información Territorial,IGN
2018,4293,2018-03-15,Jueves,0.0,07:45:00,,0.0,2,"Peatón,Automóvil",3 De Febrero Y Buenos Aires,2,1,0,0,1,0,0,"-32.953722222222,-60.634305555556",Calle,,ROSARIO,Rosario,Asfalto,No existe,II,Dentro,Urbana,S/D,No existe,Recta,Bueno,S/D,Diurna,S/D,S/D,Peatón,Atropello,S/D,Horizontal,Ninguna,S/D,"-32.953722222222,-60.634305555556","['3 de Febrero', 'Buenos Aires']",2,,-32.953722222222,-60.634305555556,55.0,538.0,Municipio Rosario,Municipio,Rosario,820210,Servicio de Catastro e Información Territorial,IGN
2018,4294,2018-03-02,Viernes,0.0,19:40:00,,0.0,2,"Peatón,Tren",Vieytes ,2,1,0,0,1,0,0,"-32.887713, -60.700861",S/D,,ROSARIO,Rosario,Ripio,No existe,II,Dentro,Urbana,Ninguna,No existe,Paso a Nivel FFCC,Otro,Reducida p/ objetos,Atardecer,S/D,S/D,Peatón,Atropello,Ninguna,Faltante,Ninguna,Sin restricción,"-32.887713, -60.700861",['Vieytes'],1,,-32.887713,-60.700861,55.0,538.0,Municipio Rosario,Municipio,Rosario,820210,Servicio de Catastro e Información Territorial,IGN
2018,4295,2018-03-11,Domingo,0.0,05:30:00,,0.0,2,"Moto/Ciclomotor,Automóvil",Bv. Rondeau Y Matheu,2,1,0,0,1,0,0,"-32.888433, -60.694410",Avenida,,ROSARIO,Rosario,Asfalto,No existe,II,Dentro,Urbana,Semáforo,No existe,Intersección,Bueno,Reducida,Nocturna,Otro,Otro,S/D,Colisión,Otro,"Horizontal,Vertical","Cordón divisorio,Vegetación",S/D,"-32.888433, -60.694410","['Rondeau', 'Matheu']",2,,-32.888433,-60.69441,55.0,538.0,Municipio Rosario,Municipio,Rosario,820210,Servicio de Catastro e Información Territorial,IGN
2018,4296,2018-03-20,Martes,0.0,18:15:00,,0.0,2,"Peatón,Automóvil",Bv. Rondeau 3600,2,1,0,0,1,0,0,"-32.881461, -60.696295",Avenida,,ROSARIO,Rosario,Asfalto,No existe,II,Dentro,Urbana,Semáforo,Funciona,Recta,Bueno,Buena,Atardecer,Buen Tiempo,S/D,Peatón,Atropello,Ninguna,"Horizontal,Vertical","Cordón divisorio,Vegetación",Sin restricción,"-32.881461, -60.696295",['Rondeau 3600'],1,,-32.881461,-60.696295,55.0,538.0,Municipio Rosario,Municipio,Rosario,820210,Servicio de Catastro e Información Territorial,IGN
2018,4298,2018-03-19,Lunes,0.0,11:20:00,,0.0,2,"Moto/Ciclomotor,Automóvil",Av. Pellegrini Y F.More,2,1,0,0,1,0,0,"-32.948055555556,-60.693388888889",Avenida,,ROSARIO,Rosario,Asfalto,No existe,II,Dentro,Urbana,Semáforo,Funciona,Intersección,Bueno,Buena,Diurna,Buen Tiempo,De alcance,S/D,Colisión,S/D,Vertical,Cordón divisorio,Sin restricción,"-32.948055555556,-60.693388888889","['Pellegrini', 'Felipe Moré']",2,,-32.948055555556,-60.693388888889,55.0,538.0,Municipio Rosario,Municipio,Rosario,820210,Servicio de Catastro e Información Territorial,IGN
2018,4299,2018-03-22,Jueves,0.0,17:05:00,,0.0,2,"Moto/Ciclomotor,Automóvil",Ricardo Gutierrez Y A.Maza,2,1,0,0,1,0,0,"-32.880214, -60.690718",Calle,,ROSARIO,Rosario,Asfalto,No existe,II,Dentro,Urbana,Ninguna,No existe,Intersección,Deteriorada,Buena,Atardecer,Otro,Otro,S/D,Colisión,Ninguna,Faltante,Ninguna,Sin restricción,"-32.880214, -60.690718","['Ricardo Gutierrez', 'Maza']",2,,-32.880214,-60.690718,55.0,538.0,Municipio Rosario,Municipio,Rosario,820210,Servicio de Catastro e Información Territorial,IGN
2018,4301,2018-03-29,Jueves,0.0,10:50:00,,0.0,2,"Automóvil,Moto/Ciclomotor",Cordoba Y Castellanos,3,1,1,0,1,0,0,"-32.939805555556,-60.675055555556",Calle,,ROSARIO,Rosario,Asfalto,No existe,II,Dentro,Urbana,Semáforo,Funciona,Intersección,Bueno,Buena,Diurna,Buen Tiempo,De alcance,S/D,Colisión,Ninguna,"Horizontal,Vertical",Ninguna,Sin restricción,"-32.939805555556,-60.675055555556","['Córdoba', 'Aaron Castellanos']",2,,-32.939805555556,-60.675055555556,55.0,538.0,Municipio Rosario,Municipio,Rosario,820210,Servicio de Catastro e Información Territorial,IGN
2018,4302,2018-03-20,Martes,0.0,00:40:00,,0.0,2,"Automóvil,Moto/Ciclomotor",Lima Y E.Zeballos,3,1,1,0,1,0,0,"-32.946916666667,-60.685388888889",Calle,,ROSARIO,Rosario,Asfalto,No existe,II,Dentro,Urbana,Señal Pare,No existe,Intersección,Bueno,Buena,Nocturna,Buen Tiempo,De alcance,S/D,Colisión,Ninguna,Vertical,Ninguna,Sin restricción,"-32.946916666667,-60.685388888889","['Lima', 'Zeballos']",2,,-32.946916666667,-60.685388888889,55.0,538.0,Municipio Rosario,Municipio,Rosario,820210,Servicio de Catastro e Información Territorial,IGN
2018,4303,2018-03-08,Jueves,0.0,23:40:00,,0.0,2,"Automóvil,Transporte de Pasajeros Urbano (> 8 asientos)",Rioja Y Servando Bayo,2,1,0,0,1,0,0,"-32.93925,-60.684888888889",Calle,,ROSARIO,Rosario,Asfalto,No existe,II,Dentro,Urbana,Ninguna,No existe,Intersección,Bueno,Buena,Nocturna,Buen Tiempo,Lateral,S/D,Colisión,Ninguna,Faltante,Ninguna,Sin restricción,"-32.93925,-60.684888888889","['Rioja', 'Servando Bayo']",2,,-32.93925,-60.684888888889,55.0,538.0,Municipio Rosario,Municipio,Rosario,820210,Servicio de Catastro e Información Territorial,IGN
2018,4306,2018-03-20,Martes,0.0,19:15:00,,0.0,2,"Automóvil,Moto/Ciclomotor",Av. Pellegrini Y Gutenberg,3,2,0,0,1,0,0,"-32.9485,-60.690027777778",Avenida,,ROSARIO,Rosario,Asfalto,No existe,II,Dentro,Urbana,Ninguna,Funciona,Intersección,Bueno,Buena,"Nocturna,Con luz artificial",Buen Tiempo,De alcance,S/D,Colisión,Ninguna,Vertical,Cordón divisorio,Sin restricción,"-32.9485,-60.690027777778","['Pellegrini', 'Gutenberg']",2,,-32.9485,-60.690027777778,55.0,538.0,Municipio Rosario,Municipio,Rosario,820210,Servicio de Catastro e Información Territorial,IGN
2018,4308,2018-03-09,Viernes,0.0,19:20:00,,0.0,2,"Bicicleta,Automóvil",San Juan Y Bv. Avellaneda,2,1,0,0,1,0,0,"-32.942777777778,-60.680222222222",Avenida,,ROSARIO,Rosario,Asfalto,No existe,II,Dentro,Urbana,Semáforo,Funciona,Recta,Bueno,S/D,Diurna,S/D,S/D,Ciclista,Atropello,S/D,"Horizontal,Vertical",Cordón divisorio,Sin restricción,"-32.942777777778,-60.680222222222","['San Juan', 'Avellaneda']",2,,-32.942777777778,-60.680222222222,55.0,538.0,Municipio Rosario,Municipio,Rosario,820210,Servicio de Catastro e Información Territorial,IGN