anio_acci,nro_acci,fecha,desc_dia,fecha_aprox,hora_aprox,desc_ruta,km,cant_participantes,desc_participante,calle_avenida_km,total,heridos_leves,heridos_graves,heridos_gravisimos,ilesos,fallecidos,sin_datos,posicion_XY,desc_tipo_via,desc_ruta_ori,desc_loc,desc_dpto,desc_tipo_calzada,desc_tipo_banquina,desc_unidad_regional,desc_lugar_calzada,desc_zona,desc_prioridad,desc_estado_semaforo,desc_lugar_via,desc_estado_via,desc_estado_visibilidad,desc_luminosidad,desc_estado_clima,desc_tipo_colision,desc_tipo_atropello,desc_tipo_hecho,desc_pres_calzada,desc_senializacion,desc_separacion_via,desc_restriccion,forma_geocod,calle_lista,numero_calles,calles_osm,lat,lon,index_right,gid,fna,gna,nam,in1,fdc,sag
2018,4310,2018-03-02,Viernes,0.0,08:30:00,,0.0,2,"Moto/Ciclomotor,Automóvil",Gutenberg Y Bv. Avellaneda,2,1,0,0,1,0,0,"-32.9485,-60.690027777778",Avenida,,ROSARIO,Rosario,Asfalto,No existe,II,Dentro,Urbana,Semáforo,Funciona,Recta,Bueno,S/D,Diurna,S/D,De alcance,S/D,Colisión,S/D,Vertical,Cordón divisorio,Sin restricción,"-32.9485,-60.690027777778","['Gutenberg', 'Avellaneda']",2,,-32.9485,-60.690027777778,55.0,538.0,Municipio Rosario,Municipio,Rosario,820210,Servicio de Catastro e Información Territorial,IGN
2018,4312,2018-03-09,Viernes,0.0,23:00:00,,0.0,2,"Moto/Ciclomotor,Automóvil",Suipacha Y San Luis,3,2,0,0,1,0,0,"-32.944361111111,-60.664833333333",Calle,,ROSARIO,Rosario,Asfalto,No existe,II,Dentro,Urbana,Ninguna,No existe,Recta,Bueno,Buena,Nocturna,Buen Tiempo,Lateral,S/D,Colisión,Ninguna,Faltante,Ninguna,Sin restricción,"-32.944361111111,-60.664833333333","['Suipacha', 'San Luis']",2,,-32.944361111111,-60.664833333333,55.0,538.0,Municipio Rosario,Municipio,Rosario,820210,Servicio de Catastro e Información Territorial,IGN
2018,4314,2018-03-10,Sabado,0.0,12:00:00,,0.0,2,"Moto/Ciclomotor,Automóvil",Montevideo Y Lavalle,2,1,0,0,1,0,0,"-32.949027777778,-60.68025",Calle,,ROSARIO,Rosario,Asfalto,No existe,II,Dentro,Urbana,Ninguna,No existe,Recta,Bueno,Buena,Diurna,Buen Tiempo,Lateral,S/D,Colisión,Ninguna,Faltante,Ninguna,Sin restricción,"-32.949027777778,-60.68025","['Montevideo', 'Lavalle']",2,,-32.949027777778,-60.68025,55.0,538.0,Municipio Rosario,Municipio,Rosario,820210,Servicio de Catastro e Información Territorial,IGN
2018,4316,2018-03-17,Sabado,0.0,12:10:00,,0.0,2,"Moto/Ciclomotor,Automóvil",San Juan Y Bv. Avellaneda,2,1,0,0,1,0,0,"-32.942850,-60.680024",Avenida,,ROSARIO,Rosario,Asfalto,No existe,II,Dentro,Urbana,Semáforo,Funciona,Distribuidor,Bueno,Buena,Diurna,Buen Tiempo,Lateral,S/D,Colisión,Ninguna,"Horizontal,Vertical",Cordón divisorio,Sin restricción,"-32.942850,-60.680024","['San Juan', 'Avellaneda']",2,,-32.94285,-60.680024,55.0,538.0,Municipio Rosario,Municipio,Rosario,820210,Servicio de Catastro e Información Territorial,IGN
2018,4318,2018-03-03,Sabado,0.0,18:00:00,,0.0,2,"Moto/Ciclomotor,Taxi/Remis",San Juan Y Gutenberg,2,1,0,0,1,0,0,"-32.941333333333,-60.688222222222",Calle,,ROSARIO,Rosario,Asfalto,No existe,II,Dentro,Urbana,Ninguna,No existe,Intersección,Bueno,Buena,Diurna,Buen Tiempo,De alcance,S/D,Colisión,Ninguna,Faltante,Ninguna,Sin restricción,"-32.941333333333,-60.688222222222","['San Juan', 'Gutenberg']",2,,-32.941333333333,-60.688222222222,55.0,538.0,Municipio Rosario,Municipio,Rosario,820210,Servicio de Catastro e Información Territorial,IGN
2018,4320,2018-03-05,Lunes,0.0,13:15:00,,0.0,2,"Peatón,Pickup/Utilitario",9 De Julio Y Ricchieri,2,1,0,0,1,0,0,"-32.949416666667,-60.664694444444",Calle,,ROSARIO,Rosario,Asfalto,No existe,II,Dentro,Urbana,Señal Pare,No existe,Intersección,Bueno,Buena,Diurna,Buen Tiempo,S/D,Peatón,Atropello,Ninguna,Vertical,Ninguna,Sin restricción,"-32.949416666667,-60.664694444444","['9 de Julio', 'Ricchieri']",2,,-32.949416666667,-60.664694444444,55.0,538.0,Municipio Rosario,Municipio,Rosario,820210,Servicio de Catastro e Información Territorial,IGN
2018,4323,2018-03-06,Martes,0.0,15:30:00,,0.0,2,"Moto/Ciclomotor,Automóvil",Av. Pellegrini Y Carriego,5,2,0,0,3,0,0,"-32.948111111111,-60.691361111111",Avenida,,ROSARIO,Rosario,Asfalto,No existe,II,Dentro,Urbana,Ninguna,No existe,Intersección,Bueno,Buena,Diurna,Buen Tiempo,De alcance,S/D,Colisión,Ninguna,Horizontal,Ninguna,Sin restricción,"-32.948111111111,-60.691361111111","['Pellegrini', 'Carriego']",2,,-32.948111111111,-60.691361111111,55.0,538.0,Municipio Rosario,Municipio,Rosario,820210,Servicio de Catastro e Información Territorial,IGN
2018,4397,2018-04-01,Domingo,0.0,21:30:00,,0.0,2,"Peatón,Automóvil",ABORIGEN ARGENTINO  Y ROULLON,2,1,0,0,1,0,0,"-32.981123105010, -60.700624756247",Calle,,ROSARIO,Rosario,Asfalto,No existe,II,Dentro,Urbana,Ninguna,No existe,Intersección,Bueno,Buena,Nocturna,Otro,S/D,S/D,Atropello,Ninguna,Faltante,Ninguna,Sin restricción,"-32.981123105010, -60.700624756247","['Aborígenes Argentinos', 'Alfredo Rouillón']",2,,-32.98112310501,-60.700624756247,55.0,538.0,Municipio Rosario,Municipio,Rosario,820210,Servicio de Catastro e Información Territorial,IGN
2018,4398,2018-07-10,Martes,0.0,22:00:00,,0.0,2,"Moto/Ciclomotor,Otros",COLECTORA CIRCUNVALACI?N  Y SALVAT,3,1,0,0,1,0,1,"-32.882806933539, -60.709241376060",Calle,,ROSARIO,Rosario,Asfalto,No existe,II,Dentro,Urbana,Ninguna,No existe,Intersección,Bueno,Buena,Nocturna,Buen Tiempo,De alcance,S/D,Colisión,Ninguna,Faltante,Ninguna,Sin restricción,"-32.882806933539, -60.709241376060","['Colectora de Circunvalación', 'Salvat']",2,,-32.882806933539,-60.70924137606,55.0,538.0,Municipio Rosario,Municipio,Rosario,820210,Servicio de Catastro e Información Territorial,IGN
2018,4399,2018-03-07,Miercoles,0.0,17:17:00,,0.0,2,"Moto/Ciclomotor,Automóvil",9 De Julio Y Sucre,3,1,0,0,2,0,0,"-32.944527777778,-60.691888888889",Calle,,ROSARIO,Rosario,Asfalto,No existe,II,Dentro,Urbana,Ninguna,No existe,Intersección,Bueno,Buena,Diurna,Otro,De alcance,S/D,Colisión,Ninguna,Faltante,Ninguna,Sin restricción,"-32.944527777778,-60.691888888889","['9 de Julio', 'Sucre']",2,,-32.944527777778,-60.691888888889,55.0,538.0,Municipio Rosario,Municipio,Rosario,820210,Servicio de Catastro e Información Territorial,IGN
2018,4402,2018-03-09,Viernes,0.0,10:00:00,,0.0,2,"Automóvil,Peatón",Montevideo Y Servando Bayo,2,1,0,0,1,0,0,"-32.947833333333,-60.687055555556",Calle,,ROSARIO,Rosario,Asfalto,No existe,II,Dentro,Urbana,Ninguna,No existe,Intersección,Bueno,S/D,Diurna,Buen Tiempo,S/D,Peatón,Atropello,Ninguna,Faltante,Ninguna,Sin restricción,"-32.947833333333,-60.687055555556","['Montevideo', 'Servando Bayo']",2,,-32.947833333333,-60.687055555556,55.0,538.0,Municipio Rosario,Municipio,Rosario,820210,Servicio de Catastro e Información Territorial,IGN
2018,4404,2018-03-08,Jueves,0.0,10:05:00,,0.0,2,"Pickup/Utilitario,Moto/Ciclomotor",San Luis Y Alsina,2,1,0,0,1,0,0,"-32.942166666667,-60.677083333333",Calle,,ROSARIO,Rosario,Asfalto,No existe,II,Dentro,Urbana,S/D,No existe,Recta,Bueno,S/D,Diurna,Otro,De alcance,S/D,Colisión,Ninguna,Faltante,Ninguna,Sin restricción,"-32.942166666667,-60.677083333333","['San Luis', 'Alsina']",2,,-32.942166666667,-60.677083333333,55.0,538.0,Municipio Rosario,Municipio,Rosario,820210,Servicio de Catastro e Información Territorial,IGN
2018,4407,2018-03-17,Sabado,0.0,13:45:00,,0.0,2,"Moto/Ciclomotor,Automóvil",San Juan 3100,2,1,0,0,1,0,0,"-32.94525,-60.666555555556",Calle,,ROSARIO,Rosario,Asfalto,No existe,II,Dentro,Urbana,Semáforo,Funciona,Recta,Bueno,Buena,Diurna,Buen Tiempo,De alcance,S/D,Colisión,Ninguna,"Horizontal,Vertical",Cordón divisorio,Sin restricción,"-32.94525,-60.666555555556",['San Juan 3100'],1,,-32.94525,-60.666555555556,55.0,538.0,Municipio Rosario,Municipio,Rosario,820210,Servicio de Catastro e Información Territorial,IGN
2018,4410,2018-03-09,Viernes,0.0,19:20:00,,0.0,2,"Pickup/Utilitario,Bicicleta",San Juan Y Bv. Avellaneda,2,1,0,0,1,0,0,"-32.942777777778,-60.680222222222",Avenida,,ROSARIO,Rosario,Asfalto,No existe,II,Dentro,Urbana,Semáforo,Funciona,Intersección,Bueno,Buena,Diurna,Buen Tiempo,S/D,Ciclista,Atropello,Ninguna,"Horizontal,Vertical",Cordón divisorio,Sin restricción,"-32.942777777778,-60.680222222222","['San Juan', 'Avellaneda']",2,,-32.942777777778,-60.680222222222,55.0,538.0,Municipio Rosario,Municipio,Rosario,820210,Servicio de Catastro e Información Territorial,IGN
2018,4414,2018-03-26,Lunes,0.0,17:50:00,,0.0,2,"Bicicleta,Automóvil",San Luis Y Vera Mujica,2,1,0,0,1,0,0,"-32.943888888889,-60.667555555556",Calle,,ROSARIO,Rosario,Asfalto,No existe,II,Dentro,Urbana,Ninguna,No existe,Intersección,Bueno,Buena,Diurna,Buen Tiempo,S/D,Ciclista,Atropello,Ninguna,Faltante,Ninguna,Sin restricción,"-32.943888888889,-60.667555555556","['San Luis', 'Vera Mujíca']",2,,-32.943888888889,-60.667555555556,55.0,538.0,Municipio Rosario,Municipio,Rosario,820210,Servicio de Catastro e Información Territorial,IGN
2018,4417,2018-03-18,Domingo,0.0,09:00:00,,0.0,2,"Pickup/Utilitario,Moto/Ciclomotor",San Luis Y Ricchieri,2,1,0,0,1,0,0,"-32.944611111111,-60.663472222222",Calle,,ROSARIO,Rosario,Asfalto,No existe,II,Dentro,Urbana,Ninguna,No existe,Intersección,Bueno,Buena,Diurna,Buen Tiempo,De alcance,S/D,Colisión,Ninguna,Faltante,Ninguna,Sin restricción,"-32.944611111111,-60.663472222222","['San Luis', 'Ricchieri']",2,,-32.944611111111,-60.663472222222,55.0,538.0,Municipio Rosario,Municipio,Rosario,820210,Servicio de Catastro e Información Territorial,IGN
2018,4419,2018-03-27,Martes,0.0,10:40:00,,0.0,2,"Moto/Ciclomotor,Pickup/Utilitario",Mendoza Y Bv. Avellaneda,2,1,0,0,1,0,0,"-32.94425,-60.680305555556",Avenida,,ROSARIO,Rosario,Asfalto,No existe,II,Dentro,Urbana,Semáforo,Funciona,Intersección,Bueno,Buena,Diurna,Buen Tiempo,De alcance,S/D,Colisión,Ninguna,"Horizontal,Vertical",Cordón divisorio,Sin restricción,"-32.94425,-60.680305555556","['Mendoza', 'Avellaneda']",2,,-32.94425,-60.680305555556,55.0,538.0,Municipio Rosario,Municipio,Rosario,820210,Servicio de Catastro e Información Territorial,IGN
2018,4421,2018-03-21,Miercoles,0.0,09:30:00,,0.0,3,"Automóvil,Pickup/Utilitario,Automóvil",Av. Pellegrini Y Pascual Rosas,4,1,0,0,1,0,2,"-32.948611111111,-60.688666666667",Calle,,ROSARIO,Rosario,Asfalto,No existe,II,Dentro,Urbana,Ninguna,No existe,Intersección,Bueno,Buena,Diurna,Buen Tiempo,Múltiple,S/D,Colisión,Ninguna,Horizontal,Ninguna,Sin restricción,"-32.948611111111,-60.688666666667","['Pellegrini', 'Pascual Rosas']",2,,-32.948611111111,-60.688666666667,55.0,538.0,Municipio Rosario,Municipio,Rosario,820210,Servicio de Catastro e Información Territorial,IGN
2018,4423,2018-03-23,Viernes,0.0,18:00:00,,0.0,2,"Moto/Ciclomotor,Automóvil",Servando Bayo Y Montevideo,2,1,0,0,1,0,0,"-32.947833333333,-60.687055555556",Calle,,ROSARIO,Rosario,Asfalto,No existe,II,Dentro,Urbana,Ninguna,No existe,Intersección,Bueno,Buena,Diurna,Buen Tiempo,De alcance,S/D,Colisión,Ninguna,Faltante,Ninguna,Sin restricción,"-32.947833333333,-60.687055555556","['Servando Bayo', 'Montevideo']",2,,-32.947833333333,-60.687055555556,55.0,538.0,Municipio Rosario,Municipio,Rosario,820210,Servicio de Catastro e Información Territorial,IGN
2018,4425,2018-03-04,Domingo,0.0,18:30:00,,0.0,2,"Automóvil,Moto/Ciclomotor",Mendoza 7500,3,0,2,0,0,0,1,"-32.940506, -60.723359",Calle,,ROSARIO,Rosario,Asfalto,No existe,II,Dentro,Urbana,Semáforo,Funciona,Recta,Bueno,S/D,"Nocturna,Con luz artificial",S/D,De alcance,S/D,Colisión,Ninguna,Vertical,Cordón divisorio,S/D,"-32.940506, -60.723359",['Mendoza 7500'],1,,-32.940506,-60.723359,55.0,538.0,Municipio Rosario,Municipio,Rosario,820210,Servicio de Catastro e Información Territorial,IGN
2018,4426,2018-03-18,Domingo,0.0,11:50:00,,0.0,2,"Moto/Ciclomotor,Automóvil",3 De Febrero Y Iriondo,2,1,0,0,1,0,0,"-32.947166666667,-60.671222222222",Calle,,ROSARIO,Rosario,Asfalto,No existe,II,Dentro,Urbana,Ninguna,No existe,Intersección,Bueno,Buena,Diurna,Buen Tiempo,De alcance,S/D,Colisión,S/D,Faltante,Ninguna,Sin restricción,"-32.947166666667,-60.671222222222","['3 de Febrero', 'Iriondo']",2,,-32.947166666667,-60.671222222222,55.0,538.0,Municipio Rosario,Municipio,Rosario,820210,Servicio de Catastro e Información Territorial,IGN
2018,4427,2018-03-21,Miercoles,0.0,08:50:00,,0.0,2,"Automóvil,Pickup/Utilitario",Mendoza Y Crespo,2,1,0,0,1,0,0,"-32.946166666667,-60.669555555556",Calle,,ROSARIO,Rosario,Asfalto,No existe,II,Dentro,Urbana,Semáforo,No funciona,Intersección,Bueno,Buena,Diurna,Buen Tiempo,De alcance,S/D,Colisión,Ninguna,"Horizontal,Vertical",Ninguna,Sin restricción,"-32.946166666667,-60.669555555556","['Mendoza', 'Crespo']",2,,-32.946166666667,-60.669555555556,55.0,538.0,Municipio Rosario,Municipio,Rosario,820210,Servicio de Catastro e Información Territorial,IGN
2018,4428,2018-07-05,Jueves,0.0,14:55:00,,0.0,2,"Automóvil,Moto/Ciclomotor",COLECTORA CIRCUNVALACI?N Y DEAN FUNES,3,2,0,0,0,0,1,"-32.967705956982, -60.717721025660",Calle,,ROSARIO,Rosario,Asfalto,No existe,II,Dentro,Urbana,Ninguna,No existe,Cruce,Bueno,Buena,Diurna,Buen Tiempo,Frontal,S/D,Colisión,Ninguna,Faltante,Ninguna,Sin restricción,"-32.967705956982, -60.717721025660","['Colectora de Circunvalación', 'Deán Gregorio Funes']",2,,-32.967705956982,-60.71772102566,55.0,538.0,Municipio Rosario,Municipio,Rosario,820210,Servicio de Catastro e Información Territorial,IGN
2018,4429,2018-03-23,Viernes,0.0,08:00:00,,0.0,2,"Moto/Ciclomotor,Taxi/Remis",Mendoza Y Av. Ovidio Lagos,2,1,0,0,1,0,0,"-32.947388888889,-60.662722222222",Avenida,,ROSARIO,Rosario,Asfalto,No existe,II,Dentro,Urbana,Semáforo,Funciona,Intersección,Bueno,Buena,Diurna,Buen Tiempo,De alcance,S/D,Colisión,Ninguna,"Horizontal,Vertical",Ninguna,Sin restricción,"-32.947388888889,-60.662722222222","['Mendoza', 'Avenida Ovidio Lagos']",2,,-32.947388888889,-60.662722222222,55.0,538.0,Municipio Rosario,Municipio,Rosario,820210,Servicio de Catastro e Información Territorial,IGN
2018,4430,2018-03-15,Jueves,0.0,02:20:00,,0.0,2,"Automóvil,Moto/Ciclomotor",Ugarte Y Valentin Gomez,2,1,0,0,1,0,0,"-32.876261, -60.701402",Calle,,ROSARIO,Rosario,Asfalto,No existe,II,Dentro,Urbana,Ninguna,No existe,Recta,Bueno,Buena,"Nocturna,Con luz artificial",Buen Tiempo,De alcance,S/D,Colisión,S/D,Faltante,Ninguna,Sin restricción,"-32.876261, -60.701402","['Ugarte', 'Valentín Gómez']",2,,-32.876261,-60.701402,55.0,538.0,Municipio Rosario,Municipio,Rosario,820210,Servicio de Catastro e Información Territorial,IGN
2018,4431,2018-03-04,Domingo,0.0,20:00:00,,0.0,2,"Moto/Ciclomotor,Automóvil",Lima Y 3 De Febrero,3,2,0,0,1,0,0,"-32.944694444444,-60.684833333333",Calle,,ROSARIO,Rosario,Asfalto,No existe,II,Dentro,Urbana,Ninguna,No existe,Intersección,Bueno,Buena,"Nocturna,Con luz artificial",Buen Tiempo,De alcance,S/D,Colisión,Ninguna,Faltante,Ninguna,Sin restricción,"-32.944694444444,-60.684833333333","['Lima', '3 de Febrero']",2,,-32.944694444444,-60.684833333333,55.0,538.0,Municipio Rosario,Municipio,Rosario,820210,Servicio de Catastro e Información Territorial,IGN
2018,4433,2018-03-03,Sabado,0.0,09:50:00,,0.0,2,"Automóvil,Pickup/Utilitario",Juez Zuviria Y Navarro,2,0,1,0,1,0,0,"-32.931916666667,-60.7285",Calle,,ROSARIO,Rosario,Asfalto,No existe,II,Dentro,Urbana,Ninguna,No existe,Intersección,Bueno,Buena,Diurna,Buen Tiempo,Lateral,S/D,Colisión,Ninguna,Faltante,Ninguna,Sin restricción,"-32.931916666667,-60.7285","['Zuviria', 'Navarro']",2,,-32.931916666667,-60.7285,55.0,538.0,Municipio Rosario,Municipio,Rosario,820210,Servicio de Catastro e Información Territorial,IGN
2018,4434,2018-03-25,Domingo,0.0,13:00:00,,0.0,2,"Automóvil,Moto/Ciclomotor",Nicaragua Y Mendoza,2,0,1,0,1,0,0,"-32.940409, -60.720732",Calle,,ROSARIO,Rosario,Asfalto,No existe,II,Dentro,Urbana,Paso Peatonal,No existe,Recta,Bueno,S/D,"Diurna,Con luz artificial",S/D,Otro,S/D,Colisión,S/D,Horizontal,"Cordón divisorio,Línea divisoria pintada",S/D,"-32.940409, -60.720732","['Nicaragua', 'Mendoza']",2,,-32.940409,-60.720732,55.0,538.0,Municipio Rosario,Municipio,Rosario,820210,Servicio de Catastro e Información Territorial,IGN
2018,4436,2018-03-26,Lunes,0.0,16:00:00,,0.0,2,"Moto/Ciclomotor,Pickup/Utilitario",Donado Y Mendoza,3,2,0,0,1,0,0,"-32.940626, -60.726968",Calle,,ROSARIO,Rosario,Asfalto,No existe,II,Dentro,Urbana,Semáforo,Intermitente,Recta,Bueno,Buena,Diurna,Buen Tiempo,Otro,S/D,Colisión,S/D,"Horizontal,Vertical",Ninguna,S/D,"-32.940626, -60.726968","['Donado', 'Mendoza']",2,,-32.940626,-60.726968,55.0,538.0,Municipio Rosario,Municipio,Rosario,820210,Servicio de Catastro e Información Territorial,IGN
2018,4437,2018-03-01,Jueves,0.0,08:25:00,,0.0,3,"Automóvil,Taxi/Remis,Moto/Ciclomotor",J.J.Paso Y Acevedo Bis,4,0,1,0,2,0,1,"-32.921222222222,-60.749111111111",Calle,,ROSARIO,Rosario,Asfalto,No existe,II,Dentro,Urbana,Ninguna,No existe,Recta,Bueno,Buena,Diurna,Buen Tiempo,Múltiple,S/D,Colisión,Ninguna,Faltante,Ninguna,Sin restricción,"-32.921222222222,-60.749111111111","['Paso', 'Acevedo']",2,,-32.921222222222,-60.749111111111,55.0,538.0,Municipio Rosario,Municipio,Rosario,820210,Servicio de Catastro e Información Territorial,IGN
2018,4438,2018-03-03,Sabado,0.0,12:30:00,,0.0,1,Moto/Ciclomotor,Colombia Y Pje. Einstein,1,1,0,0,0,0,0,"-32.924944444444,-60.716833333333",Calle,,ROSARIO,Rosario,Asfalto,No existe,II,Dentro,Urbana,Ninguna,No existe,Recta,Bueno,Buena,Diurna,Buen Tiempo,S/D,S/D,Caída ocupante,Ninguna,Faltante,Ninguna,Sin restricción,"-32.924944444444,-60.716833333333","['Colombia', 'Einstein']",2,,-32.924944444444,-60.716833333333,55.0,538.0,Municipio Rosario,Municipio,Rosario,820210,Servicio de Catastro e Información Territorial,IGN
2018,4439,2018-03-24,Sabado,0.0,14:30:00,,0.0,2,"Moto/Ciclomotor,Automóvil",Pje. Huergo Y Estado de Israel,2,1,0,0,1,0,0,"-32.991566, -60.639553",Calle,,ROSARIO,Rosario,Asfalto,No existe,II,Dentro,Urbana,Otra Señal,No existe,Intersección,Bueno,Buena,Diurna,Buen Tiempo,Lateral,S/D,Colisión,S/D,Vertical,Ninguna,Sin restricción,"-32.991566, -60.639553","['Huergo', 'Estado de Israel']",2,,-32.991566,-60.639553,55.0,538.0,Municipio Rosario,Municipio,Rosario,820210,Servicio de Catastro e Información Territorial,IGN
2018,4440,2018-03-07,Miercoles,0.0,16:20:00,,0.0,2,"Moto/Ciclomotor,Automóvil",Bv. Avellaneda Y Pasco,2,1,0,0,1,0,0,"-32.95225,-60.682361111111",Avenida,,ROSARIO,Rosario,Asfalto,No existe,II,Dentro,Urbana,Ninguna,No existe,Recta,Bueno,Buena,Diurna,Buen Tiempo,Frontal,S/D,Colisión,Ninguna,Faltante,S/D,Sin restricción,"-32.95225,-60.682361111111","['Avellaneda', 'Pasco']",2,,-32.95225,-60.682361111111,55.0,538.0,Municipio Rosario,Municipio,Rosario,820210,Servicio de Catastro e Información Territorial,IGN
2018,4441,2018-03-06,Martes,0.0,08:45:00,,0.0,2,"Moto/Ciclomotor,Automóvil",Hilarion de la Quintana Y Buenos Aires,2,1,0,0,1,0,0,"-33.000810, -60.645012",Calle,,ROSARIO,Rosario,Asfalto,No existe,II,Dentro,Urbana,Ninguna,No existe,Intersección,Bueno,Buena,Diurna,Buen Tiempo,Lateral,S/D,Colisión,Ninguna,Faltante,Ninguna,Sin restricción,"-33.000810, -60.645012","['Hilarión de la Quintana', 'Buenos Aires']",2,,-33.00081,-60.645012,55.0,538.0,Municipio Rosario,Municipio,Rosario,820210,Servicio de Catastro e Información Territorial,IGN
2018,4442,2018-03-30,Viernes,0.0,02:45:00,,0.0,1,Moto/Ciclomotor,Jose Ingenieros Y Bv. Wilde Bis,1,1,0,0,0,0,0,"-32.917833333333,-60.739333333333",Calle,,ROSARIO,Rosario,Asfalto,No existe,II,Dentro,Urbana,Ninguna,No existe,Recta,Bueno,Buena,Nocturna,Buen Tiempo,S/D,S/D,Caída ocupante,Ninguna,Faltante,Ninguna,Sin restricción,"-32.917833333333,-60.739333333333","['José Ingenieros', 'Bulevar Wilde']",2,,-32.917833333333,-60.739333333333,55.0,538.0,Municipio Rosario,Municipio,Rosario,820210,Servicio de Catastro e Información Territorial,IGN
2018,4443,2018-03-06,Martes,0.0,15:30:00,,0.0,2,"Automóvil,Automóvil",Constitucion Y Pje. Gordillo,3,1,0,0,2,0,0,"-32.954916666667,-60.677472222222",Calle,,ROSARIO,Rosario,Asfalto,No existe,II,Dentro,Urbana,Ninguna,No existe,Recta,Bueno,Buena,Diurna,Buen Tiempo,Lateral,S/D,Colisión,Ninguna,Faltante,Ninguna,Sin restricción,"-32.954916666667,-60.677472222222","['Constitución', 'Gordillo']",2,,-32.954916666667,-60.677472222222,55.0,538.0,Municipio Rosario,Municipio,Rosario,820210,Servicio de Catastro e Información Territorial,IGN
2018,4444,2018-03-27,Martes,0.0,19:00:00,,0.0,2,"Moto/Ciclomotor,Pickup/Utilitario",Av. Pte.Peron Y Vera Mujica,2,1,0,0,1,0,0,"-32.956194444444,-60.670666666667",Avenida,,ROSARIO,Rosario,Asfalto,No existe,II,Dentro,Urbana,Semáforo,Funciona,Intersección,Bueno,Buena,Atardecer,Buen Tiempo,Lateral,S/D,Colisión,Ninguna,Vertical,Ninguna,Sin restricción,"-32.956194444444,-60.670666666667","['Avenida Presidente Perón', 'Vera Mujíca']",2,,-32.956194444444,-60.670666666667,55.0,538.0,Municipio Rosario,Municipio,Rosario,820210,Servicio de Catastro e Información Territorial,IGN
2018,4448,2018-03-01,Jueves,1.0,00:05:00,,0.0,2,"Automóvil,Automóvil",Av. Pte.Peron Y J.M.de Rosas,2,1,0,0,1,0,0,"-32.973194444444,-60.722",Calle,,ROSARIO,Rosario,Asfalto,Pavimento,II,S/D,Urbana,Semáforo,Funciona,Recta,Bueno,Buena,Nocturna,Buen Tiempo,Frontal,S/D,Colisión,S/D,Vertical,Ninguna,Sin restricción,"-32.973194444444,-60.722","['Avenida Presidente Perón', 'De Rosas']",2,,-32.973194444444,-60.722,55.0,538.0,Municipio Rosario,Municipio,Rosario,820210,Servicio de Catastro e Información Territorial,IGN
2018,4450,2018-03-06,Martes,0.0,13:30:00,,0.0,2,"Moto/Ciclomotor,Peatón",Godoy Cruz Y F.More,2,2,0,0,0,0,0,"-32.955194444444,-60.693138888889",Calle,,ROSARIO,Rosario,Asfalto,No existe,II,Dentro,Urbana,Ninguna,Funciona,Intersección,Bueno,Buena,Diurna,Otro,S/D,Peatón,Atropello,Ninguna,Vertical,Ninguna,Sin restricción,"-32.955194444444,-60.693138888889","['Avenida Presidente Perón', 'Felipe Moré']",2,,-32.955194444444,-60.693138888889,55.0,538.0,Municipio Rosario,Municipio,Rosario,820210,Servicio de Catastro e Información Territorial,IGN
2018,4451,2018-03-16,Viernes,0.0,21:30:00,,0.0,2,"Moto/Ciclomotor,Moto/Ciclomotor",Matienzo Y Saavedra,3,3,0,0,0,0,0,"-32.969305555556,-60.693583333333",Calle,,ROSARIO,Rosario,Asfalto,No existe,II,Dentro,Urbana,Ninguna,No existe,Intersección,Bueno,Buena,Nocturna,Otro,Lateral,S/D,Colisión,Ninguna,Faltante,Ninguna,Sin restricción,"-32.969305555556,-60.693583333333","['Matienzo', 'Saavedra']",2,,-32.969305555556,-60.693583333333,55.0,538.0,Municipio Rosario,Municipio,Rosario,820210,Servicio de Catastro e Información Territorial,IGN