anio_acci,nro_acci,fecha,desc_dia,fecha_aprox,hora_aprox,desc_ruta,km,cant_participantes,desc_participante,calle_avenida_km,total,heridos_leves,heridos_graves,heridos_gravisimos,ilesos,fallecidos,sin_datos,posicion_XY,desc_tipo_via,desc_ruta_ori,desc_loc,desc_dpto,desc_tipo_calzada,desc_tipo_banquina,desc_unidad_regional,desc_lugar_calzada,desc_zona,desc_prioridad,desc_estado_semaforo,desc_lugar_via,desc_estado_via,desc_estado_visibilidad,desc_luminosidad,desc_estado_clima,desc_tipo_colision,desc_tipo_atropello,desc_tipo_hecho,desc_pres_calzada,desc_senializacion,desc_separacion_via,desc_restriccion,forma_geocod,calle_lista,numero_calles,calles_osm,lat,lon,index_right,gid,fna,gna,nam,in1,fdc,sag
2018,4494,2018-05-29,Martes,0.0,16:15:00,,0.0,2,"Moto/Ciclomotor,Automóvil",Av. Genova Y Marcos Lenzoni Bis,3,2,0,0,1,0,0,"-32.915111111111,-60.682888888889",Calle,,ROSARIO,Rosario,Asfalto,Pavimento,II,Dentro,Urbana,Ninguna,No existe,Intersección,Bueno,Buena,Diurna,Buen Tiempo,Lateral,S/D,Colisión,Ninguna,Faltante,Cordón divisorio,Sin restricción,"-32.915111111111,-60.682888888889","['Genova', 'Marcos Lenzoni']",2,,-32.915111111111,-60.682888888889,55.0,538.0,Municipio Rosario,Municipio,Rosario,820210,Servicio de Catastro e Información Territorial,IGN
2018,4508,2018-03-01,Jueves,0.0,06:05:00,,0.0,2,"Bicicleta,Automóvil",J.M.Gutierrez Y Ayacucho,2,1,0,0,1,0,0,"-32.993647, -60.636763",Calle,,ROSARIO,Rosario,Asfalto,No existe,II,Dentro,Urbana,Ninguna,No existe,Intersección,Bueno,Buena,Amanecer,Buen Tiempo,S/D,Ciclista,Atropello,Ninguna,Horizontal,"Línea divisoria pintada,Ninguna",Sin restricción,"-32.993647, -60.636763","['Gutierrez', 'Ayacucho']",2,,-32.993647,-60.636763,55.0,538.0,Municipio Rosario,Municipio,Rosario,820210,Servicio de Catastro e Información Territorial,IGN
2018,4509,2018-03-21,Miercoles,0.0,20:30:00,,0.0,2,"Bicicleta,Automóvil",Serrano Y Av. Ntra.Sra.del Rosario,2,1,0,0,1,0,0,"-32.999350, -60.631893",Calle,,ROSARIO,Rosario,Asfalto,No existe,II,Dentro,Urbana,Ninguna,No existe,Intersección,Bueno,Buena,Nocturna,Buen Tiempo,S/D,Ciclista,Atropello,Ninguna,Faltante,Ninguna,Sin restricción,"-32.999350, -60.631893","['Serrano', 'Nuestra Señora del Rosario']",2,,-32.99935,-60.631893,55.0,538.0,Municipio Rosario,Municipio,Rosario,820210,Servicio de Catastro e Información Territorial,IGN
2018,4510,2018-03-23,Viernes,0.0,22:30:00,,0.0,2,"Automóvil,Moto/Ciclomotor",Buenos Aires Y Amenabar,2,1,0,0,1,0,0,"-32.973142, -60.639276",Calle,,ROSARIO,Rosario,Asfalto,No existe,II,Dentro,Urbana,Señal Pare,No existe,Intersección,Bueno,Buena,Nocturna,Buen Tiempo,Lateral,S/D,Colisión,Ninguna,Vertical,Ninguna,Sin restricción,"-32.973142, -60.639276","['Buenos Aires', 'Amenabar']",2,,-32.973142,-60.639276,55.0,538.0,Municipio Rosario,Municipio,Rosario,820210,Servicio de Catastro e Información Territorial,IGN
2018,4511,2018-03-23,Viernes,0.0,08:45:00,,0.0,2,"Automóvil,Automóvil",Gaboto Y Buenos Aires,2,1,0,0,1,0,0,"-32.974271, -60.639563",Calle,,ROSARIO,Rosario,Asfalto,No existe,II,Dentro,Urbana,Señal Pare,No existe,Intersección,Bueno,Buena,Diurna,Buen Tiempo,Lateral,S/D,Colisión,Ninguna,Vertical,Ninguna,Sin restricción,"-32.974271, -60.639563","['Gaboto', 'Buenos Aires']",2,,-32.974271,-60.639563,55.0,538.0,Municipio Rosario,Municipio,Rosario,820210,Servicio de Catastro e Información Territorial,IGN
2018,4513,2018-03-20,Martes,0.0,00:15:00,,0.0,2,"Automóvil,Bicicleta",Ayacucho Y Ayolas,2,1,0,0,1,0,0,"-32.978806, -60.634480",Calle,,ROSARIO,Rosario,Asfalto,No existe,II,Dentro,Urbana,Ninguna,No existe,Intersección,Bueno,Buena,Diurna,Buen Tiempo,S/D,Ciclista,Atropello,Ninguna,Faltante,Ninguna,Sin restricción,"-32.978806, -60.634480","['Ayacucho', 'Ayolas']",2,,-32.978806,-60.63448,55.0,538.0,Municipio Rosario,Municipio,Rosario,820210,Servicio de Catastro e Información Territorial,IGN
2018,4514,2018-03-27,Martes,0.0,16:40:00,,0.0,2,"Bicicleta,Moto/Ciclomotor",Av. Genova 8027,2,1,0,0,0,0,1,"-32.916645282536, -60.735899804759",Avenida,,ROSARIO,Rosario,Asfalto,No existe,II,Dentro,Urbana,Ninguna,No existe,Recta,Bueno,Buena,Diurna,Buen Tiempo,De alcance,S/D,Colisión,Ninguna,Faltante,Ninguna,Sin restricción,"-32.916645282536, -60.735899804759",['Genova 8027'],1,,-32.916645282536,-60.735899804759,55.0,538.0,Municipio Rosario,Municipio,Rosario,820210,Servicio de Catastro e Información Territorial,IGN
2018,4515,2018-03-15,Jueves,0.0,22:10:00,,0.0,2,"Moto/Ciclomotor,Peatón",Ayolas Y Buenos Aires,2,2,0,0,0,0,0,"-32.977745, -60.640408",Calle,,ROSARIO,Rosario,Asfalto,No existe,II,Dentro,Urbana,Semáforo,Funciona,Intersección,Bueno,Buena,Diurna,Buen Tiempo,S/D,Peatón,Atropello,Ninguna,Vertical,Ninguna,Sin restricción,"-32.977745, -60.640408","['Ayolas', 'Buenos Aires']",2,,-32.977745,-60.640408,55.0,538.0,Municipio Rosario,Municipio,Rosario,820210,Servicio de Catastro e Información Territorial,IGN
2018,4516,2018-03-15,Jueves,0.0,11:50:00,,0.0,2,"Moto/Ciclomotor,Moto/Ciclomotor",Pte.Quintana Bis Y Colon,2,2,0,0,0,0,0,"-32.984782, -60.634595",Calle,,ROSARIO,Rosario,Asfalto,No existe,II,Dentro,Urbana,Ninguna,No existe,Intersección,Bueno,Buena,Diurna,Buen Tiempo,S/D,S/D,Colisión,Ninguna,Faltante,Ninguna,Sin restricción,"-32.984782, -60.634595","['Quintana', 'Colon']",2,,-32.984782,-60.634595,55.0,538.0,Municipio Rosario,Municipio,Rosario,820210,Servicio de Catastro e Información Territorial,IGN
2018,4517,2018-03-05,Lunes,0.0,13:33:00,,0.0,2,"Automóvil,Moto/Ciclomotor",Albarracin Y Bv. Wilde,3,1,0,0,2,0,0,"-32.930002816742, -60.738860085009",Avenida,,ROSARIO,Rosario,Asfalto,No existe,II,Dentro,Urbana,Ninguna,No existe,Intersección,Bueno,Buena,Diurna,Buen Tiempo,Lateral,S/D,Colisión,Ninguna,Faltante,Cordón divisorio,Sin restricción,"-32.930002816742, -60.738860085009","['Albarracín', 'Bulevar Wilde']",2,,-32.930002816742,-60.738860085009,55.0,538.0,Municipio Rosario,Municipio,Rosario,820210,Servicio de Catastro e Información Territorial,IGN
2018,4518,2018-03-07,Miercoles,0.0,17:40:00,,0.0,2,"Automóvil,Moto/Ciclomotor",Av. Provincias Unidas Bis Y Gorriti,2,1,0,0,1,0,0,"-32.924328267630, -60.713313100196",Avenida,,ROSARIO,Rosario,Asfalto,No existe,II,Dentro,Urbana,Ninguna,No existe,Intersección,Bueno,Buena,Diurna,Buen Tiempo,Lateral,S/D,Colisión,Ninguna,Horizontal,Cordón divisorio,Sin restricción,"-32.924328267630, -60.713313100196","['Avenida Provincias Unidas', 'Gorriti']",2,,-32.92432826763,-60.713313100196,55.0,538.0,Municipio Rosario,Municipio,Rosario,820210,Servicio de Catastro e Información Territorial,IGN
2018,4520,2018-03-11,Domingo,0.0,18:20:00,,0.0,2,"Moto/Ciclomotor,Peatón",Pte.Quintana Bis 100,2,1,0,0,1,0,0,"-32.984945, -60.633571",Calle,,ROSARIO,Rosario,Asfalto,No existe,II,Dentro,Urbana,Ninguna,No existe,Recta,Con baches,Buena,Diurna,Buen Tiempo,S/D,Peatón,Atropello,Ninguna,Faltante,Ninguna,Sin restricción,"-32.984945, -60.633571",['Presidentequintana Bis 100'],1,,-32.984945,-60.633571,55.0,538.0,Municipio Rosario,Municipio,Rosario,820210,Servicio de Catastro e Información Territorial,IGN
2018,4521,2018-03-10,Sabado,0.0,18:45:00,,0.0,2,"Moto/Ciclomotor,Automóvil",Virasoro Y Chacabuco,2,1,0,0,1,0,0,"-32.972654, -60.628665",Calle,,ROSARIO,Rosario,Asfalto,No existe,II,Dentro,Urbana,Otra Señal,No existe,Intersección,Bueno,Buena,Diurna,Buen Tiempo,S/D,S/D,Colisión,Ninguna,Vertical,Ninguna,Sin restricción,"-32.972654, -60.628665","['Virasoro', 'Chacabuco']",2,,-32.972654,-60.628665,55.0,538.0,Municipio Rosario,Municipio,Rosario,820210,Servicio de Catastro e Información Territorial,IGN
2018,4522,2018-03-08,Jueves,0.0,13:10:00,,0.0,2,"Automóvil,Automóvil",Av. Brassey Y Venezuela,3,2,0,0,1,0,0,"-32.922804772910, -60.725329396583",Avenida,,ROSARIO,Rosario,Asfalto,No existe,II,Dentro,Urbana,Ninguna,No existe,Intersección,Bueno,Buena,Diurna,Buen Tiempo,Lateral,S/D,Colisión,Ninguna,Faltante,Ninguna,Sin restricción,"-32.922804772910, -60.725329396583","['Brassey', 'Venezuela']",2,,-32.92280477291,-60.725329396583,55.0,538.0,Municipio Rosario,Municipio,Rosario,820210,Servicio de Catastro e Información Territorial,IGN
2018,4523,2018-03-05,Lunes,0.0,00:00:00,,0.0,2,"Automóvil,Moto/Ciclomotor",Pte.Quintana Y Buenos Aires,3,2,0,0,1,0,0,"-32.983482, -60.641863",Calle,,ROSARIO,Rosario,Asfalto,No existe,II,Dentro,Urbana,Ninguna,No existe,Intersección,Bueno,Buena,Nocturna,Buen Tiempo,Lateral,S/D,Colisión,S/D,Faltante,Ninguna,Sin restricción,"-32.983482, -60.641863","['Quintana', 'Buenos Aires']",2,,-32.983482,-60.641863,55.0,538.0,Municipio Rosario,Municipio,Rosario,820210,Servicio de Catastro e Información Territorial,IGN
2018,4524,2018-03-13,Martes,0.0,17:30:00,,0.0,2,"Moto/Ciclomotor,Automóvil",Av. Pellegrini Y Dorrego,2,0,1,0,1,0,0,"-32.955380, -60.651957",Avenida,,ROSARIO,Rosario,Asfalto,No existe,II,Dentro,Urbana,Semáforo,Funciona,Intersección,Bueno,Buena,Diurna,Buen Tiempo,De alcance,S/D,Colisión,Ninguna,"Horizontal,Vertical","Cordón divisorio,Vegetación,Línea divisoria pintada",Sin restricción,"-32.955380, -60.651957","['Pellegrini', 'Dorrego']",2,,-32.95538,-60.651957,55.0,538.0,Municipio Rosario,Municipio,Rosario,820210,Servicio de Catastro e Información Territorial,IGN
2018,4525,2018-03-14,Miercoles,0.0,10:30:00,,0.0,2,"Bicicleta,Automóvil",Brasil Y Av. Eva Peron,2,1,0,0,1,0,0,"-32.931752622184, -60.719986436225",Avenida,,ROSARIO,Rosario,Asfalto,No existe,II,Dentro,Urbana,Semáforo,Funciona,Recta,Bueno,Buena,Diurna,Buen Tiempo,S/D,Ciclista,Atropello,Ninguna,Vertical,Cordón divisorio,Sin restricción,"-32.931752622184, -60.719986436225","['Brasil', 'Avenida Eva Perón']",2,,-32.931752622184,-60.719986436225,55.0,538.0,Municipio Rosario,Municipio,Rosario,820210,Servicio de Catastro e Información Territorial,IGN
2018,4526,2018-03-17,Sabado,0.0,06:30:00,,0.0,2,"Moto/Ciclomotor,Automóvil",Bv. 27 De Febrero Y San Martin,2,1,0,0,1,0,0,"-32.967924, -60.642017",Avenida,,ROSARIO,Rosario,Asfalto,No existe,II,Dentro,Urbana,Semáforo,Funciona,Intersección,Bueno,Buena,Amanecer,Buen Tiempo,Lateral,S/D,Colisión,Ninguna,"Horizontal,Vertical",Línea divisoria pintada,Sin restricción,"-32.967924, -60.642017","['27 de Febrero', 'San Martin']",2,,-32.967924,-60.642017,55.0,538.0,Municipio Rosario,Municipio,Rosario,820210,Servicio de Catastro e Información Territorial,IGN
2018,4527,2018-03-21,Miercoles,0.0,09:45:00,,0.0,2,"Moto/Ciclomotor,Pickup/Utilitario",Bv. Oro?o 2200,2,1,0,0,1,0,0,"-32.960432, -60.657600",Avenida,,ROSARIO,Rosario,Asfalto,No existe,II,Dentro,Urbana,Semáforo,Funciona,Recta,Bueno,Buena,Diurna,Buen Tiempo,De alcance,S/D,Colisión,Agua,"Horizontal,Vertical","Cordón divisorio,Línea divisoria pintada",Sin restricción,"-32.960432, -60.657600",['Nicasio Oroño?o 2200'],1,,-32.960432,-60.6576,55.0,538.0,Municipio Rosario,Municipio,Rosario,820210,Servicio de Catastro e Información Territorial,IGN
2018,4528,2018-03-22,Jueves,0.0,11:30:00,,0.0,2,"Moto/Ciclomotor,Automóvil",Dorrego Y Amenabar,2,1,0,0,1,0,0,"-32.970179, -60.655707",Calle,,ROSARIO,Rosario,Asfalto,No existe,II,Dentro,Urbana,Ninguna,No existe,Intersección,Bueno,Buena,Diurna,Buen Tiempo,De alcance,S/D,Colisión,Ninguna,Faltante,Ninguna,Sin restricción,"-32.970179, -60.655707","['Dorrego', 'Amenabar']",2,,-32.970179,-60.655707,55.0,538.0,Municipio Rosario,Municipio,Rosario,820210,Servicio de Catastro e Información Territorial,IGN
2018,4529,2018-03-15,Jueves,0.0,07:30:00,,0.0,2,"Automóvil,Moto/Ciclomotor",Donado Bis Y Bv. Argentino,2,1,0,0,1,0,0,"-32.924113690909, -60.727646825172",Calle,,ROSARIO,Rosario,Asfalto,No existe,II,Dentro,Urbana,Ninguna,No existe,Recta,Bueno,Buena,Diurna,Buen Tiempo,Lateral,S/D,Colisión,Ninguna,Faltante,Ninguna,Sin restricción,"-32.924113690909, -60.727646825172","['Donado', 'Argentino']",2,,-32.924113690909,-60.727646825172,55.0,538.0,Municipio Rosario,Municipio,Rosario,820210,Servicio de Catastro e Información Territorial,IGN
2018,4530,2018-03-16,Viernes,0.0,12:15:00,,0.0,1,Moto/Ciclomotor,Bv. Wilde Y Navarro,1,1,0,0,0,0,0,"-32.932166666667,-60.738805555556",Avenida,,ROSARIO,Rosario,Asfalto,No existe,II,Dentro,Urbana,Semáforo,Funciona,Recta,Bueno,Buena,Diurna,Buen Tiempo,S/D,S/D,Caída ocupante,Ninguna,Vertical,Cordón divisorio,Sin restricción,"-32.932166666667,-60.738805555556","['Bulevar Wilde', 'Navarro']",2,,-32.932166666667,-60.738805555556,55.0,538.0,Municipio Rosario,Municipio,Rosario,820210,Servicio de Catastro e Información Territorial,IGN
2018,4531,2018-03-18,Domingo,0.0,20:45:00,,0.0,2,"Automóvil,Moto/Ciclomotor",Alvarez Condarco Y Alippi,4,2,0,0,2,0,0,"-32.931333333333,-60.756888888889",Calle,,ROSARIO,Rosario,Asfalto,No existe,II,Dentro,Urbana,S/D,No existe,Recta,Con baches,Buena,Nocturna,S/D,Lateral,S/D,Colisión,Ninguna,Faltante,Ninguna,S/D,"-32.931333333333,-60.756888888889","['Álvarez Condarco', 'Alippi']",2,,-32.931333333333,-60.756888888889,55.0,538.0,Municipio Rosario,Municipio,Rosario,820210,Servicio de Catastro e Información Territorial,IGN
2018,4533,2018-03-21,Miercoles,0.0,14:20:00,,0.0,2,"Automóvil,Peatón",Gorriti Y Av. Provincias Unidas Bis,2,1,0,0,1,0,0,"-32.924416666667,-60.713416666667",Avenida,,ROSARIO,Rosario,Asfalto,No existe,II,Dentro,Urbana,Ninguna,No existe,Recta,Bueno,Buena,Diurna,Buen Tiempo,S/D,Peatón,Atropello,Ninguna,Faltante,Cordón divisorio,Sin restricción,"-32.924416666667,-60.713416666667","['Gorriti', 'Avenida Provincias Unidas']",2,,-32.924416666667,-60.713416666667,55.0,538.0,Municipio Rosario,Municipio,Rosario,820210,Servicio de Catastro e Información Territorial,IGN
2018,4534,2018-03-21,Miercoles,0.0,13:00:00,,0.0,2,"Automóvil,Moto/Ciclomotor",Donado Bis 600,2,1,0,0,1,0,0,"-32.922861111111,-60.727694444444",Calle,,ROSARIO,Rosario,Asfalto,No existe,II,Dentro,Urbana,Ninguna,No existe,Recta,Bueno,Buena,Diurna,Buen Tiempo,Lateral,S/D,Colisión,Ninguna,Faltante,Ninguna,Sin restricción,"-32.922861111111,-60.727694444444",['Donado Bis 600'],1,,-32.922861111111,-60.727694444444,55.0,538.0,Municipio Rosario,Municipio,Rosario,820210,Servicio de Catastro e Información Territorial,IGN
2018,4535,2018-03-23,Viernes,0.0,23:45:00,,0.0,2,"Moto/Ciclomotor,Moto/Ciclomotor",Velez Sarsfield Y Brasil Bis,4,1,3,0,0,0,0,"-32.926222222222,-60.720194444444",Calle,,ROSARIO,Rosario,Asfalto,No existe,II,Dentro,Urbana,Ninguna,No existe,Recta,Bueno,Buena,Nocturna,Buen Tiempo,Frontal,S/D,Colisión,Ninguna,Faltante,Ninguna,Sin restricción,"-32.926222222222,-60.720194444444","['Vélez Sarsfield', 'Brasil']",2,,-32.926222222222,-60.720194444444,55.0,538.0,Municipio Rosario,Municipio,Rosario,820210,Servicio de Catastro e Información Territorial,IGN
2018,4536,2018-03-25,Domingo,0.0,05:30:00,,0.0,1,Moto/Ciclomotor,Av. Provincias Unidas Y Navarro,3,2,0,0,0,0,1,"-32.9315,-60.712972222222",Avenida,,ROSARIO,Rosario,Asfalto,No existe,II,Dentro,Urbana,Ninguna,Funciona,Recta,Bueno,Buena,Amanecer,Buen Tiempo,Contra objeto fijo,S/D,"Caída ocupante,Colisión",Ninguna,Vertical,Cordón divisorio,Sin restricción,"-32.9315,-60.712972222222","['Avenida Provincias Unidas', 'Navarro']",2,,-32.9315,-60.712972222222,55.0,538.0,Municipio Rosario,Municipio,Rosario,820210,Servicio de Catastro e Información Territorial,IGN
2018,4574,2018-03-24,Sabado,0.0,10:30:00,,0.0,2,"Moto/Ciclomotor,Pickup/Utilitario",Anchorena Y Sarmiento,2,1,0,0,1,0,0,"-32.997799, -60.649117",Calle,,ROSARIO,Rosario,Asfalto,No existe,II,Dentro,Urbana,Ninguna,No existe,Intersección,Bueno,Buena,Diurna,Buen Tiempo,De alcance,S/D,Colisión,Ninguna,Faltante,Ninguna,Sin restricción,"-32.997799, -60.649117","['Anchorena', 'Sarmiento']",2,,-32.997799,-60.649117,55.0,538.0,Municipio Rosario,Municipio,Rosario,820210,Servicio de Catastro e Información Territorial,IGN
2018,4575,2018-03-23,Viernes,0.0,10:30:00,,0.0,2,"Moto/Ciclomotor,Peatón",Centeno Y San Martin,3,0,1,0,2,0,0,"-32.985215, -60.645578",Avenida,,ROSARIO,Rosario,Asfalto,No existe,II,Dentro,Urbana,Semáforo,Funciona,Recta,Bueno,Buena,Diurna,Buen Tiempo,S/D,Peatón,Atropello,Ninguna,"Horizontal,Vertical",Cordón divisorio,Sin restricción,"-32.985215, -60.645578","['Centeno', 'San Martin']",2,,-32.985215,-60.645578,55.0,538.0,Municipio Rosario,Municipio,Rosario,820210,Servicio de Catastro e Información Territorial,IGN
2018,4576,2018-03-05,Lunes,0.0,18:30:00,,0.0,2,"Automóvil,Moto/Ciclomotor",Centenario Y Paraguay,2,1,0,0,1,0,0,"-33.004400, -60.654640",Calle,,ROSARIO,Rosario,Asfalto,No existe,II,Dentro,Urbana,Ninguna,No existe,Recta,Bueno,Buena,Atardecer,Buen Tiempo,Lateral,S/D,Colisión,Ninguna,Faltante,Ninguna,Sin restricción,"-33.004400, -60.654640","['Centenario', 'Paraguay']",2,,-33.0044,-60.65464,55.0,538.0,Municipio Rosario,Municipio,Rosario,820210,Servicio de Catastro e Información Territorial,IGN
2018,4577,2018-03-01,Jueves,0.0,11:40:00,,0.0,2,"Moto/Ciclomotor,Moto/Ciclomotor",Lainez Y Laprida,2,1,0,0,1,0,0,"-33.005245, -60.646873",Calle,,ROSARIO,Rosario,Asfalto,No existe,II,Dentro,Urbana,Ninguna,No existe,Recta,Bueno,Buena,Diurna,Buen Tiempo,De alcance,S/D,Colisión,Ninguna,Faltante,Ninguna,Sin restricción,"-33.005245, -60.646873","['Láinez', 'Laprida']",2,,-33.005245,-60.646873,55.0,538.0,Municipio Rosario,Municipio,Rosario,820210,Servicio de Catastro e Información Territorial,IGN
2018,4578,2018-03-26,Lunes,0.0,14:00:00,,0.0,2,"Automóvil,Moto/Ciclomotor",Urquiza Y Santiago,2,1,0,0,1,0,0,"-32.939727501466, -60.655160696648",Calle,,ROSARIO,Rosario,Asfalto,No existe,II,Dentro,Urbana,Ninguna,No existe,Recta,Bueno,Buena,Diurna,Buen Tiempo,Lateral,S/D,Colisión,Ninguna,Horizontal,Ninguna,Sin restricción,"-32.939727501466, -60.655160696648","['Urquiza', 'Santiago']",2,,-32.939727501466,-60.655160696648,55.0,538.0,Municipio Rosario,Municipio,Rosario,820210,Servicio de Catastro e Información Territorial,IGN
2018,4579,2018-03-15,Jueves,0.0,17:35:00,,0.0,2,"Moto/Ciclomotor,Automóvil",Av. Belgrano Y Santa Fe,3,1,0,0,1,0,1,"-32.947497927638, -60.629526385841",Avenida,,ROSARIO,Rosario,Asfalto,No existe,II,Dentro,Urbana,Semáforo,Funciona,Curva,Bueno,Buena,Diurna,Buen Tiempo,De alcance,S/D,Colisión,S/D,"Horizontal,Vertical",Cordón divisorio,Sin restricción,"-32.947497927638, -60.629526385841","['Belgrano', 'Santa Fe']",2,,-32.947497927638,-60.629526385841,55.0,538.0,Municipio Rosario,Municipio,Rosario,820210,Servicio de Catastro e Información Territorial,IGN
2018,4580,2018-03-01,Jueves,0.0,17:15:00,,0.0,2,"Automóvil,Moto/Ciclomotor",Saavedra Y Callao,2,0,1,0,1,0,0,"-32.974007, -60.668017",Calle,,ROSARIO,Rosario,Asfalto,No existe,II,Dentro,Urbana,Ninguna,No existe,Curva,Bueno,Buena,Atardecer,Buen Tiempo,De alcance,S/D,Colisión,Ninguna,Faltante,Ninguna,Sin restricción,"-32.974007, -60.668017","['Saavedra', 'Callao']",2,,-32.974007,-60.668017,55.0,538.0,Municipio Rosario,Municipio,Rosario,820210,Servicio de Catastro e Información Territorial,IGN
2018,4581,2018-03-01,Jueves,0.0,11:30:00,,0.0,1,Transporte de Pasajeros Urbano (> 8 asientos),Salta Y Dorrego,3,2,0,0,0,0,1,"-32.937455737086, -60.647443542061",Calle,,ROSARIO,Rosario,Asfalto,No existe,II,Dentro,Urbana,Ninguna,No existe,Intersección,Bueno,Buena,Diurna,Buen Tiempo,S/D,S/D,Caída ocupante,S/D,Horizontal,Ninguna,Sin restricción,"-32.937455737086, -60.647443542061","['Salta', 'Dorrego']",2,,-32.937455737086,-60.647443542061,55.0,538.0,Municipio Rosario,Municipio,Rosario,820210,Servicio de Catastro e Información Territorial,IGN
2018,4583,2018-03-02,Viernes,0.0,12:25:00,,0.0,3,"Automóvil,Peatón,Peatón",Av. Corrientes Y Gaboto,3,2,0,0,1,0,0,"-32.972576, -60.649130",Calle,,ROSARIO,Rosario,Asfalto,No existe,II,Dentro,Urbana,Señal Pare,Funciona,Intersección,Bueno,Buena,Diurna,Buen Tiempo,S/D,Peatón,Atropello,Ninguna,"Horizontal,Vertical",Ninguna,Sin restricción,"-32.972576, -60.649130","['Corrientes', 'Gaboto']",2,,-32.972576,-60.64913,55.0,538.0,Municipio Rosario,Municipio,Rosario,820210,Servicio de Catastro e Información Territorial,IGN
2018,4584,2018-03-26,Lunes,0.0,23:00:00,,0.0,2,"Bicicleta,Automóvil",Italia Y Catamarca,2,1,0,0,1,0,0,"-32.938845993207, -60.646439648234",Calle,,ROSARIO,Rosario,Asfalto,No existe,II,Dentro,Urbana,Señal Pare,No existe,Intersección,Bueno,Buena,"Nocturna,Con luz artificial",Buen Tiempo,S/D,Ciclista,Atropello,S/D,"Horizontal,Vertical",Ninguna,Sin restricción,"-32.938845993207, -60.646439648234","['Italia', 'Catamarca']",2,,-32.938845993207,-60.646439648234,55.0,538.0,Municipio Rosario,Municipio,Rosario,820210,Servicio de Catastro e Información Territorial,IGN
2018,4585,2018-03-21,Miercoles,0.0,20:00:00,,0.0,2,"Moto/Ciclomotor,Automóvil",Bv. Segui Y Italia,3,2,0,0,1,0,0,"-32.977262, -60.656073",Avenida,,ROSARIO,Rosario,Asfalto,No existe,II,Dentro,Urbana,Semáforo,Funciona,Intersección,Bueno,Buena,"Nocturna,Con luz artificial",Buen Tiempo,De alcance,S/D,Colisión,Agua,"Horizontal,Vertical","Cordón divisorio,Vegetación",Sin restricción,"-32.977262, -60.656073","['Bulevar Juan Francisco Seguí', 'Italia']",2,,-32.977262,-60.656073,55.0,538.0,Municipio Rosario,Municipio,Rosario,820210,Servicio de Catastro e Información Territorial,IGN
2018,4587,2018-03-10,Sabado,0.0,16:10:00,,0.0,2,"Automóvil,Automóvil",Bv. Oro?o Y Ameghino,4,1,0,0,3,0,0,"-32.984406, -60.663454",Avenida,,ROSARIO,Rosario,Asfalto,No existe,II,Dentro,Urbana,Semáforo,Funciona,Recta,Bueno,Buena,Atardecer,Buen Tiempo,De alcance,S/D,Colisión,Ninguna,"Horizontal,Vertical","Cordón divisorio,Línea divisoria pintada",Sin restricción,"-32.984406, -60.663454","['Bulevar Nicasio Oroño', 'Ameghino']",2,,-32.984406,-60.663454,55.0,538.0,Municipio Rosario,Municipio,Rosario,820210,Servicio de Catastro e Información Territorial,IGN
2018,4588,2018-03-21,Miercoles,0.0,13:15:00,,0.0,2,"Automóvil,Automóvil",Bv. Oro?o Bis 149,3,1,0,0,2,0,0,"-32.932521477663, -60.650467447672",Avenida,,ROSARIO,Rosario,Asfalto,No existe,II,Dentro,Urbana,Semáforo,Funciona,Recta,Bueno,Buena,Diurna,Buen Tiempo,De alcance,S/D,Colisión,S/D,"Horizontal,Vertical",Cordón divisorio,Sin restricción,"-32.932521477663, -60.650467447672",['Nicasio Oroño?o Bis 149'],1,,-32.932521477663,-60.650467447672,55.0,538.0,Municipio Rosario,Municipio,Rosario,820210,Servicio de Catastro e Información Territorial,IGN
2018,4589,2018-03-05,Lunes,0.0,10:40:00,,0.0,2,"Automóvil,Automóvil",Entre Rios Y Bv. Segui,3,1,0,0,2,0,0,"-32.978484, -60.649138",Calle,,ROSARIO,Rosario,Asfalto,No existe,II,Dentro,Urbana,Ninguna,No existe,Intersección,Bueno,Buena,Diurna,Buen Tiempo,De alcance,S/D,Colisión,Ninguna,Vertical,Cordón divisorio,Sin restricción,"-32.978484, -60.649138","['Entre Ríos', 'Bulevar Juan Francisco Seguí']",2,,-32.978484,-60.649138,55.0,538.0,Municipio Rosario,Municipio,Rosario,820210,Servicio de Catastro e Información Territorial,IGN
2018,4590,2018-03-06,Martes,0.0,11:20:00,,0.0,2,"Moto/Ciclomotor,Automóvil",Italia Y Mr.Ross,2,1,0,0,1,0,0,"-32.986511, -60.658391",Calle,,ROSARIO,Rosario,Asfalto,No existe,II,Dentro,Urbana,Ninguna,No existe,Intersección,Deteriorada,Buena,Diurna,Buen Tiempo,S/D,S/D,Colisión,Ninguna,Faltante,Ninguna,Sin restricción,"-32.986511, -60.658391","['Italia', 'Rodrigo M. Ross']",2,,-32.986511,-60.658391,55.0,538.0,Municipio Rosario,Municipio,Rosario,820210,Servicio de Catastro e Información Territorial,IGN