anio_acci,nro_acci,fecha,desc_dia,fecha_aprox,hora_aprox,desc_ruta,km,cant_participantes,desc_participante,calle_avenida_km,total,heridos_leves,heridos_graves,heridos_gravisimos,ilesos,fallecidos,sin_datos,posicion_XY,desc_tipo_via,desc_ruta_ori,desc_loc,desc_dpto,desc_tipo_calzada,desc_tipo_banquina,desc_unidad_regional,desc_lugar_calzada,desc_zona,desc_prioridad,desc_estado_semaforo,desc_lugar_via,desc_estado_via,desc_estado_visibilidad,desc_luminosidad,desc_estado_clima,desc_tipo_colision,desc_tipo_atropello,desc_tipo_hecho,desc_pres_calzada,desc_senializacion,desc_separacion_via,desc_restriccion,forma_geocod,calle_lista,numero_calles,calles_osm,lat,lon,index_right,gid,fna,gna,nam,in1,fdc,sag
2018,4591,2018-03-18,Domingo,0.0,10:30:00,,0.0,2,"Moto/Ciclomotor,Automóvil",Balcarce 266,2,1,0,0,1,0,0,"-32.937499657595, -60.650317243967",Calle,,ROSARIO,Rosario,Asfalto,No existe,II,Dentro,Urbana,Señal Pare,No existe,Recta,Bueno,Buena,Diurna,Buen Tiempo,De alcance,S/D,Colisión,Ninguna,"Horizontal,Vertical",Ninguna,Sin restricción,"-32.937499657595, -60.650317243967",['Balcarce 266'],1,,-32.937499657595,-60.650317243967,55.0,538.0,Municipio Rosario,Municipio,Rosario,820210,Servicio de Catastro e Información Territorial,IGN
2018,4592,2018-03-09,Viernes,0.0,21:30:00,,0.0,2,"Automóvil,Moto/Ciclomotor",San Martin Y Calle 503,3,1,0,0,2,0,0,"-33.014986, -60.651854",Calle,,ROSARIO,Rosario,Asfalto,No existe,II,Dentro,Urbana,Ninguna,No existe,Recta,Deteriorada,Buena,"Nocturna,Con luz artificial",Buen Tiempo,De alcance,S/D,Colisión,Ninguna,Faltante,Cordón divisorio,Sin restricción,"-33.014986, -60.651854","['San Martin', 'Calle 503']",2,,-33.014986,-60.651854,55.0,538.0,Municipio Rosario,Municipio,Rosario,820210,Servicio de Catastro e Información Territorial,IGN
2018,4593,2018-03-14,Miercoles,0.0,09:45:00,,0.0,1,Transporte de Pasajeros Larga Distancia (> 8 asientos),Brown Y Alvear,2,1,0,0,1,0,0,"-32.934130803072, -60.652344993982",Calle,,ROSARIO,Rosario,Asfalto,No existe,II,Dentro,Urbana,Señal Pare,No existe,Recta,Bueno,Buena,Diurna,Buen Tiempo,S/D,S/D,Caída ocupante,S/D,"Horizontal,Vertical",Ninguna,Sin restricción,"-32.934130803072, -60.652344993982","['Brown', 'Alvear']",2,,-32.934130803072,-60.652344993982,55.0,538.0,Municipio Rosario,Municipio,Rosario,820210,Servicio de Catastro e Información Territorial,IGN
2018,4594,2018-03-15,Jueves,0.0,13:40:00,,0.0,2,"Bicicleta,Moto/Ciclomotor",Garibaldi Y San Martin,2,0,1,0,1,0,0,"-32.986347, -60.645796",Avenida,,ROSARIO,Rosario,Asfalto,No existe,II,Dentro,Urbana,Semáforo,Funciona,Intersección,Bueno,Buena,Diurna,Buen Tiempo,S/D,Ciclista,Atropello,Ninguna,"Horizontal,Vertical",Cordón divisorio,Sin restricción,"-32.986347, -60.645796","['José Garibaldi', 'San Martin']",2,,-32.986347,-60.645796,55.0,538.0,Municipio Rosario,Municipio,Rosario,820210,Servicio de Catastro e Información Territorial,IGN
2018,4596,2018-03-18,Domingo,0.0,01:45:00,,0.0,2,"Automóvil,Moto/Ciclomotor",Dean Funes Y Dorrego,3,2,0,0,1,0,0,"-32.973659, -60.656585",Calle,,ROSARIO,Rosario,Asfalto,No existe,II,Dentro,Urbana,Ninguna,No existe,Intersección,Bueno,Buena,"Nocturna,Con luz artificial",Buen Tiempo,De alcance,S/D,Colisión,Ninguna,Faltante,Ninguna,Sin restricción,"-32.973659, -60.656585","['Deán Gregorio Funes', 'Dorrego']",2,,-32.973659,-60.656585,55.0,538.0,Municipio Rosario,Municipio,Rosario,820210,Servicio de Catastro e Información Territorial,IGN
2018,4597,2018-03-10,Sabado,0.0,12:50:00,,0.0,2,"Bicicleta,Automóvil",Santa Fe ,2,1,0,0,1,0,0,"-32.943926230394, -60.644223265085",Calle,,ROSARIO,Rosario,Asfalto,No existe,II,Dentro,Urbana,Ninguna,No existe,Recta,Bueno,Buena,Diurna,Buen Tiempo,S/D,Ciclista,Atropello,Ninguna,S/D,Ninguna,Sin restricción,"-32.943926230394, -60.644223265085",['Santa Fe'],1,,-32.943926230394,-60.644223265085,55.0,538.0,Municipio Rosario,Municipio,Rosario,820210,Servicio de Catastro e Información Territorial,IGN
2018,4598,2018-03-12,Lunes,0.0,10:10:00,,0.0,2,"Automóvil,Peatón",Bv. Oro?o Y San Lorenzo,3,2,0,0,1,0,0,"-32.941404953920, -60.652774147425",Avenida,,ROSARIO,Rosario,Asfalto,No existe,II,Dentro,Urbana,Señal Pare,No existe,Intersección,S/D,S/D,Diurna,S/D,S/D,Peatón,Atropello,S/D,"Horizontal,Vertical",Cordón divisorio,Sin restricción,"-32.941404953920, -60.652774147425","['Bulevar Nicasio Oroño', 'San Lorenzo']",2,,-32.94140495392,-60.652774147425,55.0,538.0,Municipio Rosario,Municipio,Rosario,820210,Servicio de Catastro e Información Territorial,IGN
2018,4600,2018-03-11,Domingo,0.0,19:30:00,,0.0,2,"Moto/Ciclomotor,Automóvil",San Juan Y Av. Corrientes,2,1,0,0,1,0,0,"-32.949397936785, -60.643311314020",Avenida,,ROSARIO,Rosario,Asfalto,No existe,II,Dentro,Urbana,Semáforo,Funciona,Recta,S/D,S/D,Diurna,S/D,Lateral,S/D,Colisión,S/D,"Horizontal,Vertical",Ninguna,S/D,"-32.949397936785, -60.643311314020","['San Juan', 'Corrientes']",2,,-32.949397936785,-60.64331131402,55.0,538.0,Municipio Rosario,Municipio,Rosario,820210,Servicio de Catastro e Información Territorial,IGN
2018,4601,2018-03-12,Lunes,0.0,15:30:00,,0.0,2,"Transporte de Pasajeros Urbano (> 8 asientos),Transporte de Pasajeros Urbano (> 8 asientos)",Alvear Y San Lorenzo,8,6,0,0,0,0,2,"-32.941136733019, -60.654083065424",Calle,,ROSARIO,Rosario,Asfalto,No existe,II,Dentro,Urbana,Paso Peatonal,No existe,Intersección,S/D,S/D,Diurna,Buen Tiempo,Lateral,S/D,Colisión,S/D,Horizontal,Ninguna,S/D,"-32.941136733019, -60.654083065424","['Alvear', 'San Lorenzo']",2,,-32.941136733019,-60.654083065424,55.0,538.0,Municipio Rosario,Municipio,Rosario,820210,Servicio de Catastro e Información Territorial,IGN
2018,4604,2018-03-26,Lunes,0.0,16:00:00,,0.0,2,"Moto/Ciclomotor,Automóvil",Bv. 27 De Febrero Y Magallanes,2,1,0,0,1,0,0,"-32.959132345183, -60.703755464273",Calle,,ROSARIO,Rosario,S/D,No existe,II,Dentro,Urbana,Ninguna,No existe,Intersección,Bueno,Buena,Diurna,Otro,Lateral,S/D,Colisión,Ninguna,Faltante,Ninguna,Sin restricción,"-32.959132345183, -60.703755464273","['27 de Febrero', 'Magallanes']",2,,-32.959132345183,-60.703755464273,55.0,538.0,Municipio Rosario,Municipio,Rosario,820210,Servicio de Catastro e Información Territorial,IGN
2018,4605,2018-03-12,Lunes,0.0,22:20:00,,0.0,2,"Automóvil,Moto/Ciclomotor",Bv. Oro?o Y Tucuman,3,2,0,0,1,0,0,"-32.939033881151, -60.652194790278",Avenida,,ROSARIO,Rosario,Asfalto,No existe,II,Dentro,Urbana,Señal Pare,No existe,Intersección,S/D,S/D,"Nocturna,Con luz artificial",S/D,Lateral,S/D,Colisión,S/D,"Horizontal,Vertical",Cordón divisorio,S/D,"-32.939033881151, -60.652194790278","['Bulevar Nicasio Oroño', 'Tucumán']",2,,-32.939033881151,-60.652194790278,55.0,538.0,Municipio Rosario,Municipio,Rosario,820210,Servicio de Catastro e Información Territorial,IGN
2018,4607,2018-03-02,Viernes,0.0,16:00:00,,0.0,2,"Moto/Ciclomotor,Taxi/Remis",San Luis Y Alvear,2,1,0,0,1,0,0,"-32.946018353426, -60.655338339243",Calle,,ROSARIO,Rosario,Asfalto,No existe,II,Dentro,Urbana,Semáforo,Funciona,Intersección,S/D,S/D,Diurna,S/D,Lateral,S/D,Colisión,S/D,"Horizontal,Vertical",Ninguna,S/D,"-32.946018353426, -60.655338339243","['San Luis', 'Alvear']",2,,-32.946018353426,-60.655338339243,55.0,538.0,Municipio Rosario,Municipio,Rosario,820210,Servicio de Catastro e Información Territorial,IGN
2018,4608,2018-03-26,Lunes,0.0,21:00:00,,0.0,2,"Moto/Ciclomotor,Pickup/Utilitario",Camilo Aldao Y Pje. S.Temple,2,1,0,0,1,0,0,"-32.961685808166, -60.695150937753",Calle,,ROSARIO,Rosario,Asfalto,No existe,II,Dentro,Urbana,Ninguna,No existe,Intersección,Bueno,Buena,Nocturna,Otro,Lateral,S/D,Colisión,Agua,Faltante,Ninguna,Sin restricción,"-32.961685808166, -60.695150937753","['Camilo Aldao', 'Temple']",2,,-32.961685808166,-60.695150937753,55.0,538.0,Municipio Rosario,Municipio,Rosario,820210,Servicio de Catastro e Información Territorial,IGN
2018,4610,2018-03-14,Miercoles,0.0,20:50:00,,0.0,2,"Bicicleta,Automóvil",Buenos Aires Y 9 De Julio,2,1,0,0,1,0,0,"-32.954858914339, -60.634599499140",Calle,,ROSARIO,Rosario,Asfalto,No existe,II,Dentro,Urbana,Paso Peatonal,No existe,Intersección,S/D,S/D,Nocturna,S/D,S/D,Ciclista,Atropello,S/D,Horizontal,Ninguna,S/D,"-32.954858914339, -60.634599499140","['Buenos Aires', '9 de Julio']",2,,-32.954858914339,-60.63459949914,55.0,538.0,Municipio Rosario,Municipio,Rosario,820210,Servicio de Catastro e Información Territorial,IGN
2018,4611,2018-03-03,Sabado,0.0,,,0.0,2,"Moto/Ciclomotor,Automóvil",Santa Fe Y Garzon,3,2,0,0,1,0,0,"-32.935514689612, -60.705861306749",Calle,,ROSARIO,Rosario,Asfalto,No existe,II,Dentro,Urbana,Ninguna,S/D,Intersección,Bueno,S/D,S/D,Buen Tiempo,S/D,S/D,Colisión,S/D,S/D,Ninguna,Sin restricción,"-32.935514689612, -60.705861306749","['Santa Fe', 'Garzón']",2,,-32.935514689612,-60.705861306749,55.0,538.0,Municipio Rosario,Municipio,Rosario,820210,Servicio de Catastro e Información Territorial,IGN
2018,4612,2018-03-15,Jueves,0.0,07:30:00,,0.0,2,"Automóvil,Moto/Ciclomotor",Necochea Y Cochabamba,2,1,0,0,1,0,0,"-32.960899249041, -60.627218059931",Calle,,ROSARIO,Rosario,Asfalto,No existe,II,Dentro,Urbana,Paso Peatonal,No existe,Intersección,S/D,S/D,Diurna,S/D,Lateral,S/D,Colisión,S/D,Horizontal,Ninguna,S/D,"-32.960899249041, -60.627218059931","['Necochea', 'Cochabamba']",2,,-32.960899249041,-60.627218059931,55.0,538.0,Municipio Rosario,Municipio,Rosario,820210,Servicio de Catastro e Información Territorial,IGN
2018,4613,2018-03-02,Viernes,0.0,,,0.0,2,"Bicicleta,Automóvil",Av. Pellegrini 5000,2,2,0,0,0,0,0,"-32.947915480395, -60.692719977882",Calle,,ROSARIO,Rosario,Asfalto,No existe,II,S/D,Urbana,Ninguna,S/D,Recta,Bueno,S/D,S/D,Buen Tiempo,S/D,Ciclista,Atropello,S/D,S/D,Ninguna,Sin restricción,"-32.947915480395, -60.692719977882",['Pellegrini 5000'],1,,-32.947915480395,-60.692719977882,55.0,538.0,Municipio Rosario,Municipio,Rosario,820210,Servicio de Catastro e Información Territorial,IGN
2018,4614,2018-03-09,Viernes,0.0,,,0.0,2,"Peatón,Pickup/Utilitario",Urquiza Y Roullon,2,1,0,0,1,0,0,"-32.933159843410, -60.702572039995",Calle,,ROSARIO,Rosario,Asfalto,No existe,II,Dentro,Urbana,Ninguna,S/D,Intersección,Bueno,S/D,S/D,Buen Tiempo,S/D,Peatón,Atropello,S/D,S/D,Ninguna,Sin restricción,"-32.933159843410, -60.702572039995","['Urquiza', 'Alfredo Rouillón']",2,,-32.93315984341,-60.702572039995,55.0,538.0,Municipio Rosario,Municipio,Rosario,820210,Servicio de Catastro e Información Territorial,IGN
2018,4615,2018-03-28,Miercoles,0.0,,,0.0,2,"Automóvil,Moto/Ciclomotor",Av. Provincias Unidas Y Pasco,2,1,0,0,1,0,0,"-32.950926795925, -60.712206534776",Calle,,ROSARIO,Rosario,Asfalto,No existe,II,Dentro,Urbana,Ninguna,S/D,Intersección,Bueno,S/D,S/D,Buen Tiempo,De alcance,S/D,Colisión,S/D,S/D,Ninguna,Sin restricción,"-32.950926795925, -60.712206534776","['Avenida Provincias Unidas', 'Pasco']",2,,-32.950926795925,-60.712206534776,55.0,538.0,Municipio Rosario,Municipio,Rosario,820210,Servicio de Catastro e Información Territorial,IGN
2018,4618,2018-03-23,Viernes,0.0,11:55:00,,0.0,2,"Moto/Ciclomotor,Transporte de Pasajeros Urbano (> 8 asientos)",Los Cocos Y La Cumbre,2,1,0,0,1,0,0,"-32.885445222051, -60.707982363979",Calle,,ROSARIO,Rosario,Asfalto,No existe,II,S/D,Urbana,Ninguna,No existe,Intersección,Bueno,Buena,Diurna,Buen Tiempo,Lateral,S/D,Colisión,Ninguna,Faltante,Ninguna,Sin restricción,"-32.885445222051, -60.707982363979","['Los Cocos', 'La Cumbre']",2,,-32.885445222051,-60.707982363979,55.0,538.0,Municipio Rosario,Municipio,Rosario,820210,Servicio de Catastro e Información Territorial,IGN
2018,4619,2018-03-24,Sabado,0.0,15:00:00,,0.0,2,"Moto/Ciclomotor,Automóvil",MANGORE Y JOSE M ROSA,2,0,1,0,1,0,0,"-32.878191657023, -60.708058213484",Calle,,ROSARIO,Rosario,Asfalto,No existe,II,S/D,Urbana,Ninguna,No existe,Intersección,Bueno,Buena,Diurna,Buen Tiempo,Lateral,S/D,Colisión,Ninguna,Faltante,Ninguna,Sin restricción,"-32.878191657023, -60.708058213484","['Mangoré', 'Jose Rosa']",2,,-32.878191657023,-60.708058213484,55.0,538.0,Municipio Rosario,Municipio,Rosario,820210,Servicio de Catastro e Información Territorial,IGN
2018,4678,2018-06-06,Miercoles,0.0,09:40:00,,0.0,2,"Transporte de Pasajeros Larga Distancia (Piso  y  1/2),Moto/Ciclomotor",Formosa Y G.Carrasco,2,0,1,0,1,0,0,"-32.920361111111,-60.691583333333",Calle,,ROSARIO,Rosario,Asfalto,No existe,II,Dentro,Urbana,Ninguna,No existe,Cruce,Bueno,Buena,Diurna,Otro,Otro,S/D,Colisión,Otro,Faltante,Ninguna,Sin restricción,"-32.920361111111,-60.691583333333","['Formosa', 'Carrasco']",2,,-32.920361111111,-60.691583333333,55.0,538.0,Municipio Rosario,Municipio,Rosario,820210,Servicio de Catastro e Información Territorial,IGN
2018,4682,2018-03-15,Jueves,0.0,12:40:00,,0.0,2,"Automóvil,Automóvil",Bv. Oro?o 500,3,1,0,0,2,0,0,"-32.940222222222,-60.652555555556",Avenida,,ROSARIO,Rosario,Asfalto,No existe,II,Dentro,Urbana,Semáforo,Funciona,Recta,S/D,S/D,Diurna,S/D,De alcance,S/D,Colisión,S/D,"Horizontal,Vertical",Cordón divisorio,S/D,"-32.940222222222,-60.652555555556",['Nicasio Oroño?o 500'],1,,-32.940222222222,-60.652555555556,55.0,538.0,Municipio Rosario,Municipio,Rosario,820210,Servicio de Catastro e Información Territorial,IGN
2018,4685,2018-03-15,Jueves,0.0,15:50:00,,0.0,2,"Moto/Ciclomotor,Automóvil",Laprida Y San Lorenzo,2,1,0,0,1,0,0,"-32.947333333333,-60.633861111111",Calle,,ROSARIO,Rosario,Asfalto,No existe,II,Dentro,Urbana,Paso Peatonal,No existe,Intersección,S/D,S/D,Diurna,S/D,Lateral,S/D,Colisión,S/D,Horizontal,Ninguna,S/D,"-32.947333333333,-60.633861111111","['Laprida', 'San Lorenzo']",2,,-32.947333333333,-60.633861111111,55.0,538.0,Municipio Rosario,Municipio,Rosario,820210,Servicio de Catastro e Información Territorial,IGN
2018,4686,2018-03-14,Miercoles,0.0,11:20:00,,0.0,2,"Automóvil,Automóvil",Av. Jorge Newbery 8900,2,1,0,0,0,0,1,"-32.909071, -60.755967",Avenida,,ROSARIO,Rosario,Asfalto,No existe,II,Dentro,Urbana,Señal Ceda el Paso,No existe,Recta,Bueno,Buena,Diurna,Buen Tiempo,S/D,S/D,Colisión,S/D,Vertical,Ninguna,Sin restricción,"-32.909071, -60.755967",['Jorge Newbery 8900'],1,,-32.909071,-60.755967,55.0,538.0,Municipio Rosario,Municipio,Rosario,820210,Servicio de Catastro e Información Territorial,IGN
2018,4687,2018-03-16,Viernes,0.0,11:15:00,,0.0,4,"Taxi/Remis,Taxi/Remis,Automóvil,Automóvil",Av. Belgrano 800,6,3,0,0,3,0,0,"-32.948194444444,-60.629055555556",Avenida,,ROSARIO,Rosario,Asfalto,No existe,II,Dentro,Urbana,Semáforo,Funciona,Intersección,S/D,S/D,Diurna,S/D,Múltiple,S/D,Colisión,S/D,"Horizontal,Vertical",Cordón divisorio,S/D,"-32.948194444444,-60.629055555556",['Belgrano 800'],1,,-32.948194444444,-60.629055555556,55.0,538.0,Municipio Rosario,Municipio,Rosario,820210,Servicio de Catastro e Información Territorial,IGN
2018,4688,2018-03-23,Viernes,0.0,,,0.0,1,Moto/Ciclomotor,Acevedo Bis Y Av. Jorge Newbery,2,0,0,0,0,0,2,"-32.908518, -60.749380",Calle,,ROSARIO,Rosario,Tierra,No existe,II,Dentro,Urbana,Ninguna,No existe,Recta,Bueno,S/D,S/D,Buen Tiempo,S/D,S/D,Despiste,Material Suelto,Faltante,Ninguna,S/D,"-32.908518, -60.749380","['Acevedo', 'Jorge Newbery']",2,,-32.908518,-60.74938,55.0,538.0,Municipio Rosario,Municipio,Rosario,820210,Servicio de Catastro e Información Territorial,IGN
2018,4689,2018-03-30,Viernes,0.0,20:30:00,,0.0,1,Moto/Ciclomotor,Cullen Y Ugarte Y Villa del Parque,2,2,0,0,0,0,0,"-32.877925, -60.728554",Calle,,ROSARIO,Rosario,Asfalto,No existe,II,Dentro,Urbana,Ninguna,No existe,Recta,Bueno,Buena,Nocturna,Buen Tiempo,Contra objeto fijo,S/D,Colisión,Ninguna,Faltante,Ninguna,S/D,"-32.877925, -60.728554","['Cullen y Ugarte', 'Villa del Parque']",2,,-32.877925,-60.728554,55.0,538.0,Municipio Rosario,Municipio,Rosario,820210,Servicio de Catastro e Información Territorial,IGN
2018,4690,2018-03-16,Viernes,0.0,10:40:00,,0.0,2,"Moto/Ciclomotor,Automóvil",San Luis Y Balcarce,2,1,0,0,1,0,0,"-32.946555555556,-60.652611111111",Calle,,ROSARIO,Rosario,Asfalto,No existe,II,Dentro,Urbana,Paso Peatonal,No existe,Intersección,S/D,S/D,Diurna,S/D,Lateral,S/D,Colisión,S/D,Horizontal,Ninguna,S/D,"-32.946555555556,-60.652611111111","['San Luis', 'Balcarce']",2,,-32.946555555556,-60.652611111111,55.0,538.0,Municipio Rosario,Municipio,Rosario,820210,Servicio de Catastro e Información Territorial,IGN
2018,4691,2018-03-25,Domingo,0.0,18:00:00,,0.0,1,Moto/Ciclomotor,Polledo Y Grandoli,2,2,0,0,0,0,0,"-32.886788, -60.720550",Calle,,ROSARIO,Rosario,S/D,S/D,II,Dentro,Urbana,S/D,S/D,Intersección,S/D,S/D,S/D,S/D,S/D,S/D,Caída ocupante,S/D,S/D,S/D,S/D,"-32.886788, -60.720550","['Polledo', 'Avenida Abanderado Grandoli']",2,,-32.886788,-60.72055,55.0,538.0,Municipio Rosario,Municipio,Rosario,820210,Servicio de Catastro e Información Territorial,IGN
2018,4692,2018-03-01,Jueves,0.0,22:00:00,,0.0,2,"Moto/Ciclomotor,Pickup/Utilitario",Av. J.Suarez Y Bv. Bouchard,3,2,0,0,1,0,0,"-32.890216, -60.726917",Avenida,,ROSARIO,Rosario,Asfalto,No existe,II,Dentro,Urbana,S/D,S/D,Recta,Bueno,Buena,Nocturna,Buen Tiempo,Frontal,S/D,Colisión,S/D,S/D,S/D,Sin restricción,"-32.890216, -60.726917","['Suarez', 'Bouchard']",2,,-32.890216,-60.726917,55.0,538.0,Municipio Rosario,Municipio,Rosario,820210,Servicio de Catastro e Información Territorial,IGN
2018,4693,2018-03-15,Jueves,0.0,00:45:00,,0.0,2,"Otros,Otros",Urquiza Y San Martin,2,1,0,0,0,0,1,"-32.943333333333,-60.635861111111",Calle,,ROSARIO,Rosario,Asfalto,No existe,II,Dentro,Urbana,Paso Peatonal,No existe,Recta,S/D,S/D,Nocturna,S/D,S/D,S/D,Colisión,S/D,Horizontal,Ninguna,S/D,"-32.943333333333,-60.635861111111","['Urquiza', 'San Martin']",2,,-32.943333333333,-60.635861111111,55.0,538.0,Municipio Rosario,Municipio,Rosario,820210,Servicio de Catastro e Información Territorial,IGN
2018,4694,2018-03-16,Viernes,0.0,11:30:00,,0.0,2,"Automóvil,Pickup/Utilitario",Sarmiento Y Viamonte,3,2,0,0,1,0,0,"-32.965305555556,-60.642916666667",Calle,,ROSARIO,Rosario,Asfalto,No existe,II,Dentro,Urbana,S/D,No existe,Intersección,S/D,S/D,Diurna,S/D,Lateral,S/D,Colisión,S/D,Faltante,Ninguna,S/D,"-32.965305555556,-60.642916666667","['Sarmiento', 'Viamonte']",2,,-32.965305555556,-60.642916666667,55.0,538.0,Municipio Rosario,Municipio,Rosario,820210,Servicio de Catastro e Información Territorial,IGN
2018,4696,2018-03-17,Sabado,0.0,19:15:00,,0.0,2,"Peatón,Automóvil",Av. Pellegrini Y San Martin,2,1,0,0,1,0,0,"-32.957527777778,-60.639416666667",Avenida,,ROSARIO,Rosario,Asfalto,No existe,II,Dentro,Urbana,Semáforo,Funciona,Intersección,S/D,S/D,Atardecer,S/D,S/D,Peatón,Atropello,S/D,"Horizontal,Vertical",Cordón divisorio,S/D,"-32.957527777778,-60.639416666667","['Pellegrini', 'San Martin']",2,,-32.957527777778,-60.639416666667,55.0,538.0,Municipio Rosario,Municipio,Rosario,820210,Servicio de Catastro e Información Territorial,IGN
2018,4697,2018-03-19,Lunes,0.0,15:00:00,,0.0,2,"Moto/Ciclomotor,Automóvil",Cordoba 1900,2,1,0,0,1,0,0,"-32.944444444444,-60.649222222222",Calle,,ROSARIO,Rosario,Asfalto,No existe,II,Dentro,Urbana,Paso Peatonal,No existe,Recta,S/D,S/D,Diurna,S/D,Lateral,S/D,Colisión,S/D,Horizontal,Ninguna,S/D,"-32.944444444444,-60.649222222222",['Cordoba 1900'],1,,-32.944444444444,-60.649222222222,55.0,538.0,Municipio Rosario,Municipio,Rosario,820210,Servicio de Catastro e Información Territorial,IGN
2018,4700,2018-03-19,Lunes,0.0,20:15:00,,0.0,2,"Moto/Ciclomotor,Bicicleta",Bv. 27 De Febrero Y Maipu,2,1,0,0,1,0,0,"-32.968,-60.640722222222",Avenida,,ROSARIO,Rosario,Asfalto,No existe,II,Dentro,Urbana,Semáforo,Funciona,Intersección,S/D,S/D,Nocturna,S/D,S/D,Ciclista,Atropello,S/D,"Horizontal,Vertical",Cordón divisorio,S/D,"-32.968,-60.640722222222","['27 de Febrero', 'Maipú']",2,,-32.968,-60.640722222222,55.0,538.0,Municipio Rosario,Municipio,Rosario,820210,Servicio de Catastro e Información Territorial,IGN
2018,4701,2018-03-21,Miercoles,0.0,14:15:00,,0.0,2,"Moto/Ciclomotor,Automóvil",Entre Rios Y San Juan,3,2,0,0,1,0,0,"-32.949666666667,-60.641888888889",Calle,,ROSARIO,Rosario,Asfalto,No existe,II,Dentro,Urbana,Semáforo,Funciona,Intersección,S/D,S/D,Diurna,S/D,Lateral,S/D,Colisión,S/D,"Horizontal,Vertical",Ninguna,S/D,"-32.949666666667,-60.641888888889","['Entre Ríos', 'San Juan']",2,,-32.949666666667,-60.641888888889,55.0,538.0,Municipio Rosario,Municipio,Rosario,820210,Servicio de Catastro e Información Territorial,IGN
2018,4703,2018-03-21,Miercoles,0.0,00:30:00,,0.0,2,"Taxi/Remis,Automóvil",San Juan Y Italia,3,3,0,0,0,0,0,"-32.948416666667,-60.648805555556",Calle,,ROSARIO,Rosario,Asfalto,No existe,II,Dentro,Urbana,Paso Peatonal,No existe,Intersección,S/D,S/D,Nocturna,S/D,Lateral,S/D,Colisión,S/D,Horizontal,Ninguna,Sin restricción,"-32.948416666667,-60.648805555556","['San Juan', 'Italia']",2,,-32.948416666667,-60.648805555556,55.0,538.0,Municipio Rosario,Municipio,Rosario,820210,Servicio de Catastro e Información Territorial,IGN
2018,4704,2018-03-21,Miercoles,0.0,13:50:00,,0.0,2,"Automóvil,Peatón",Montevideo ,2,1,0,0,1,0,0,"-32.952222222222,-60.662527777778",Calle,,ROSARIO,Rosario,Asfalto,No existe,II,Dentro,Urbana,S/D,S/D,Recta,S/D,S/D,Diurna,S/D,S/D,Peatón,Atropello,S/D,S/D,Ninguna,S/D,"-32.952222222222,-60.662527777778",['Montevideo'],1,,-32.952222222222,-60.662527777778,55.0,538.0,Municipio Rosario,Municipio,Rosario,820210,Servicio de Catastro e Información Territorial,IGN
2018,4706,2018-03-22,Jueves,0.0,18:50:00,,0.0,2,"Bicicleta,Taxi/Remis",San Juan Y Mitre,2,0,0,0,1,0,1,"-32.949888888889,-60.640472222222",Calle,,ROSARIO,Rosario,Asfalto,No existe,II,Dentro,Urbana,Paso Peatonal,No existe,Intersección,S/D,S/D,Atardecer,S/D,S/D,S/D,Atropello,S/D,Horizontal,Ninguna,S/D,"-32.949888888889,-60.640472222222","['San Juan', 'Mitre']",2,,-32.949888888889,-60.640472222222,55.0,538.0,Municipio Rosario,Municipio,Rosario,820210,Servicio de Catastro e Información Territorial,IGN
2018,4707,2018-03-21,Miercoles,0.0,07:50:00,,0.0,2,"Bicicleta,Pickup/Utilitario",Mendoza Y Mitre,2,1,0,0,1,0,0,"-32.95125,-60.640805555556",Calle,,ROSARIO,Rosario,Asfalto,No existe,II,Dentro,Urbana,Señal Pare,No existe,Intersección,S/D,S/D,Diurna,S/D,S/D,Ciclista,Atropello,S/D,"Horizontal,Vertical",Ninguna,S/D,"-32.95125,-60.640805555556","['Mendoza', 'Mitre']",2,,-32.95125,-60.640805555556,55.0,538.0,Municipio Rosario,Municipio,Rosario,820210,Servicio de Catastro e Información Territorial,IGN
2018,4729,2018-02-02,Viernes,0.0,,,0.0,2,"Taxi/Remis,Automóvil",Cafferata Y Mendoza,3,1,0,0,2,0,0,"-32.945666666667,-60.672277777778",Calle,,ROSARIO,Rosario,S/D,S/D,II,S/D,Urbana,S/D,S/D,S/D,S/D,S/D,S/D,S/D,S/D,S/D,Colisión,S/D,S/D,S/D,S/D,"-32.945666666667,-60.672277777778","['Cafferata', 'Mendoza']",2,,-32.945666666667,-60.672277777778,55.0,538.0,Municipio Rosario,Municipio,Rosario,820210,Servicio de Catastro e Información Territorial,IGN