anio_acci,nro_acci,fecha,desc_dia,fecha_aprox,hora_aprox,desc_ruta,km,cant_participantes,desc_participante,calle_avenida_km,total,heridos_leves,heridos_graves,heridos_gravisimos,ilesos,fallecidos,sin_datos,posicion_XY,desc_tipo_via,desc_ruta_ori,desc_loc,desc_dpto,desc_tipo_calzada,desc_tipo_banquina,desc_unidad_regional,desc_lugar_calzada,desc_zona,desc_prioridad,desc_estado_semaforo,desc_lugar_via,desc_estado_via,desc_estado_visibilidad,desc_luminosidad,desc_estado_clima,desc_tipo_colision,desc_tipo_atropello,desc_tipo_hecho,desc_pres_calzada,desc_senializacion,desc_separacion_via,desc_restriccion,forma_geocod,calle_lista,numero_calles,calles_osm,lat,lon,index_right,gid,fna,gna,nam,in1,fdc,sag
2018,4736,2018-02-03,Sabado,0.0,,,0.0,2,"Automóvil,Moto/Ciclomotor",Av. Ovidio Lagos Y 3 De Febrero,2,1,0,0,1,0,0,"-32.948611111111,-60.663055555556",Avenida,,ROSARIO,Rosario,S/D,S/D,II,S/D,Urbana,S/D,S/D,S/D,S/D,S/D,S/D,S/D,S/D,S/D,Colisión,S/D,S/D,S/D,S/D,"-32.948611111111,-60.663055555556","['Avenida Ovidio Lagos', '3 de Febrero']",2,,-32.948611111111,-60.663055555556,55.0,538.0,Municipio Rosario,Municipio,Rosario,820210,Servicio de Catastro e Información Territorial,IGN
2018,4742,2018-02-04,Domingo,0.0,,,0.0,2,"Automóvil,Automóvil",Ayacucho Y Sanchez de Bustamante,3,1,0,0,2,0,0,"-33.001555555556,-60.636138888889",Calle,,ROSARIO,Rosario,S/D,S/D,II,S/D,Urbana,S/D,S/D,S/D,S/D,S/D,S/D,S/D,S/D,S/D,Colisión,S/D,S/D,S/D,S/D,"-33.001555555556,-60.636138888889","['Ayacucho', 'Sánchez de Bustamante']",2,,-33.001555555556,-60.636138888889,55.0,538.0,Municipio Rosario,Municipio,Rosario,820210,Servicio de Catastro e Información Territorial,IGN
2018,4754,2018-02-23,Viernes,0.0,,,0.0,2,"Taxi/Remis,Moto/Ciclomotor",Av. Provincias Unidas Y Neuquen,2,1,0,0,1,0,0,"-32.944583333333,-60.712416666667",Avenida,,ROSARIO,Rosario,Asfalto,No existe,II,Dentro,Urbana,S/D,S/D,Intersección,S/D,S/D,S/D,S/D,S/D,S/D,Colisión,S/D,S/D,S/D,S/D,"-32.944583333333,-60.712416666667","['Avenida Provincias Unidas', 'Neuquen']",2,,-32.944583333333,-60.712416666667,55.0,538.0,Municipio Rosario,Municipio,Rosario,820210,Servicio de Catastro e Información Territorial,IGN
2018,4764,2018-03-26,Lunes,0.0,12:40:00,,0.0,2,"Automóvil,Peatón",Dorrego Y Tucuman,2,1,0,0,1,0,0,"-32.939805555556,-60.648083333333",Calle,,ROSARIO,Rosario,Asfalto,No existe,II,Dentro,Urbana,Paso Peatonal,No existe,Intersección,S/D,S/D,Diurna,S/D,S/D,Peatón,Atropello,S/D,Horizontal,Ninguna,S/D,"-32.939805555556,-60.648083333333","['Dorrego', 'Tucumán']",2,,-32.939805555556,-60.648083333333,55.0,538.0,Municipio Rosario,Municipio,Rosario,820210,Servicio de Catastro e Información Territorial,IGN
2018,4765,2018-03-26,Lunes,0.0,09:30:00,,0.0,2,"Moto/Ciclomotor,Pickup/Utilitario",Bv. 27 De Febrero Y Maipu,2,1,0,0,1,0,0,"-32.968,-60.640722222222",Avenida,,ROSARIO,Rosario,Asfalto,No existe,II,Dentro,Urbana,Semáforo,Funciona,Intersección,S/D,S/D,Diurna,S/D,Lateral,S/D,Colisión,S/D,"Horizontal,Vertical",Cordón divisorio,S/D,"-32.968,-60.640722222222","['27 de Febrero', 'Maipú']",2,,-32.968,-60.640722222222,55.0,538.0,Municipio Rosario,Municipio,Rosario,820210,Servicio de Catastro e Información Territorial,IGN
2018,4766,2018-03-28,Miercoles,0.0,00:45:00,,0.0,2,"Taxi/Remis,Moto/Ciclomotor",Pte.Roca Y Salta,3,2,0,0,1,0,0,"-32.938194444444,-60.643361111111",Calle,,ROSARIO,Rosario,Asfalto,No existe,II,Dentro,Urbana,Semáforo,Funciona,Intersección,S/D,Buena,Diurna,S/D,Lateral,S/D,Colisión,S/D,Horizontal,Ninguna,S/D,"-32.938194444444,-60.643361111111","['Roca', 'Salta']",2,,-32.938194444444,-60.643361111111,55.0,538.0,Municipio Rosario,Municipio,Rosario,820210,Servicio de Catastro e Información Territorial,IGN
2018,4768,2018-03-17,Sabado,0.0,10:15:00,,0.0,2,"Peatón,Automóvil",Paraguay Y San Juan,2,0,1,0,1,0,0,"-32.949166666667,-60.644666666667",Calle,,ROSARIO,Rosario,Asfalto,No existe,II,Dentro,Urbana,Semáforo,Funciona,Intersección,S/D,S/D,Diurna,S/D,S/D,Peatón,Atropello,S/D,"Horizontal,Vertical",S/D,S/D,"-32.949166666667,-60.644666666667","['Paraguay', 'San Juan']",2,,-32.949166666667,-60.644666666667,55.0,538.0,Municipio Rosario,Municipio,Rosario,820210,Servicio de Catastro e Información Territorial,IGN
2018,4769,2018-03-28,Miercoles,0.0,18:00:00,,0.0,2,"Otros,Peatón",Raul Dominguez Y Av de los inmigrantes,2,1,0,0,1,0,0,"-32.949638888889,-60.627194444444",Calle,,ROSARIO,Rosario,Ripio,No existe,II,Dentro,Urbana,S/D,No existe,Recta,S/D,S/D,Diurna,S/D,S/D,Peatón,Atropello,S/D,Faltante,Ninguna,S/D,"-32.949638888889,-60.627194444444","['Raúl Dominguez', 'Los Inmigrantes']",2,,-32.949638888889,-60.627194444444,55.0,538.0,Municipio Rosario,Municipio,Rosario,820210,Servicio de Catastro e Información Territorial,IGN
2018,4771,2018-03-14,Miercoles,0.0,11:30:00,,0.0,1,Transporte de Pasajeros Urbano (> 8 asientos),Laprida Y San Juan,2,1,0,0,1,0,0,"-32.950972222222,-60.634972222222",Calle,,ROSARIO,Rosario,Asfalto,No existe,II,Dentro,Urbana,Señal Pare,No existe,Intersección,S/D,S/D,Diurna,S/D,S/D,S/D,Caída ocupante,S/D,"Horizontal,Vertical",Ninguna,S/D,"-32.950972222222,-60.634972222222","['Laprida', 'San Juan']",2,,-32.950972222222,-60.634972222222,55.0,538.0,Municipio Rosario,Municipio,Rosario,820210,Servicio de Catastro e Información Territorial,IGN
2018,4773,2018-03-19,Lunes,0.0,12:40:00,,0.0,2,"Pickup/Utilitario,Peatón",Alvear Y Jujuy,2,1,0,0,1,0,0,"-32.935305555556,-60.652611111111",Calle,,ROSARIO,Rosario,Asfalto,No existe,II,Dentro,Urbana,S/D,No existe,Intersección,S/D,S/D,Diurna,S/D,S/D,Peatón,Atropello,S/D,Faltante,Ninguna,S/D,"-32.935305555556,-60.652611111111","['Alvear', 'Jujuy']",2,,-32.935305555556,-60.652611111111,55.0,538.0,Municipio Rosario,Municipio,Rosario,820210,Servicio de Catastro e Información Territorial,IGN
2018,4775,2018-03-24,Sabado,0.0,17:35:00,,0.0,2,"Automóvil,Bicicleta",Av. Illia Y Mariano Moreno Bis,2,1,0,0,1,0,0,"-32.932807402207, -60.647704155582",Avenida,,ROSARIO,Rosario,Asfalto,No existe,II,Dentro,Urbana,Semáforo,Funciona,Recta,S/D,S/D,Diurna,S/D,S/D,Ciclista,Atropello,S/D,"Horizontal,Vertical",Cordón divisorio,S/D,"-32.932807402207, -60.647704155582","['Illia', 'Mariano Moreno']",2,,-32.932807402207,-60.647704155582,55.0,538.0,Municipio Rosario,Municipio,Rosario,820210,Servicio de Catastro e Información Territorial,IGN
2018,4777,2018-03-21,Miercoles,0.0,18:05:00,,0.0,3,"Automóvil,Automóvil,Automóvil",Entre Rios Y Rioja,3,1,0,0,1,0,1,"-32.947083333333,-60.64125",Calle,,ROSARIO,Rosario,Asfalto,No existe,II,Dentro,Urbana,Paso Peatonal,No existe,Intersección,S/D,S/D,Diurna,S/D,Múltiple,S/D,Colisión,S/D,Horizontal,Ninguna,S/D,"-32.947083333333,-60.64125","['Entre Ríos', 'Rioja']",2,,-32.947083333333,-60.64125,55.0,538.0,Municipio Rosario,Municipio,Rosario,820210,Servicio de Catastro e Información Territorial,IGN
2018,4778,2018-03-03,Sabado,0.0,04:00:00,,0.0,2,"Moto/Ciclomotor,Automóvil",Tucuman Y Av. Corrientes,2,2,0,0,0,0,0,"-32.941027777778,-60.641194444444",Avenida,,ROSARIO,Rosario,Asfalto,No existe,II,Dentro,Urbana,Semáforo,Funciona,Intersección,S/D,S/D,Nocturna,S/D,Lateral,S/D,Colisión,S/D,"Horizontal,Vertical",Ninguna,S/D,"-32.941027777778,-60.641194444444","['Tucumán', 'Corrientes']",2,,-32.941027777778,-60.641194444444,55.0,538.0,Municipio Rosario,Municipio,Rosario,820210,Servicio de Catastro e Información Territorial,IGN
2018,4780,2018-03-20,Martes,0.0,11:30:00,,0.0,2,"Peatón,Moto/Ciclomotor",Urquiza Y Paraguay,2,2,0,0,0,0,0,"-32.941944444444,-60.642861111111",Calle,,ROSARIO,Rosario,Asfalto,No existe,II,Dentro,Urbana,Paso Peatonal,No existe,Intersección,S/D,S/D,Diurna,S/D,S/D,Peatón,Atropello,S/D,Horizontal,Ninguna,S/D,"-32.941944444444,-60.642861111111","['Urquiza', 'Paraguay']",2,,-32.941944444444,-60.642861111111,55.0,538.0,Municipio Rosario,Municipio,Rosario,820210,Servicio de Catastro e Información Territorial,IGN
2018,4781,2018-03-10,Sabado,0.0,05:10:00,,0.0,2,"Automóvil,Moto/Ciclomotor",Mendoza Y Balcarce,2,0,1,0,1,0,0,"-32.949083333333,-60.65325",Calle,,ROSARIO,Rosario,Asfalto,No existe,II,Dentro,Urbana,Semáforo,Funciona,Intersección,S/D,S/D,Amanecer,S/D,Lateral,S/D,Colisión,S/D,"Horizontal,Vertical",Ninguna,S/D,"-32.949083333333,-60.65325","['Mendoza', 'Balcarce']",2,,-32.949083333333,-60.65325,55.0,538.0,Municipio Rosario,Municipio,Rosario,820210,Servicio de Catastro e Información Territorial,IGN
2018,4783,2018-03-02,Viernes,0.0,08:20:00,,0.0,2,"Automóvil,Moto/Ciclomotor",Dorrego Y Cordoba,4,3,0,0,1,0,0,"-32.944444444444,-60.649222222222",Calle,,ROSARIO,Rosario,Asfalto,No existe,II,Dentro,Urbana,Paso Peatonal,No existe,Intersección,S/D,S/D,Diurna,S/D,Lateral,S/D,Colisión,S/D,Horizontal,Ninguna,S/D,"-32.944444444444,-60.649222222222","['Dorrego', 'Córdoba']",2,,-32.944444444444,-60.649222222222,55.0,538.0,Municipio Rosario,Municipio,Rosario,820210,Servicio de Catastro e Información Territorial,IGN
2018,4786,2018-03-03,Sabado,0.0,09:10:00,,0.0,2,"Automóvil,Bicicleta",Ayacucho Y Riobamba,2,1,0,0,1,0,0,"-32.965027777778,-60.631055555556",Calle,,ROSARIO,Rosario,Asfalto,No existe,II,Dentro,Urbana,Semáforo,No existe,Intersección,S/D,S/D,Diurna,S/D,S/D,Ciclista,Atropello,S/D,Vertical,Ninguna,S/D,"-32.965027777778,-60.631055555556","['Ayacucho', 'Riobamba']",2,,-32.965027777778,-60.631055555556,55.0,538.0,Municipio Rosario,Municipio,Rosario,820210,Servicio de Catastro e Información Territorial,IGN
2018,4788,2018-02-05,Lunes,0.0,,,0.0,2,"Moto/Ciclomotor,Automóvil",Beruti Y Av. Uriburu,2,1,0,0,1,0,0,"-32.990111111111,-60.63025",Calle,,ROSARIO,Rosario,S/D,S/D,II,S/D,Urbana,S/D,S/D,S/D,S/D,S/D,S/D,S/D,S/D,S/D,Colisión,S/D,S/D,S/D,S/D,"-32.990111111111,-60.63025","['Luis Beruti', 'Uriburu']",2,,-32.990111111111,-60.63025,55.0,538.0,Municipio Rosario,Municipio,Rosario,820210,Servicio de Catastro e Información Territorial,IGN
2018,4801,2018-02-06,Martes,0.0,,,0.0,1,Moto/Ciclomotor,Juan Canals Y Mariano Moreno,1,1,0,0,0,0,0,"-32.987166666667,-60.661388888889",Calle,,ROSARIO,Rosario,S/D,S/D,II,S/D,Urbana,S/D,S/D,S/D,S/D,S/D,S/D,S/D,Atropello animal,S/D,Atropello,S/D,S/D,S/D,S/D,"-32.987166666667,-60.661388888889","['Juan Canals', 'Mariano Moreno']",2,,-32.987166666667,-60.661388888889,55.0,538.0,Municipio Rosario,Municipio,Rosario,820210,Servicio de Catastro e Información Territorial,IGN
2018,4813,2018-02-17,Sabado,0.0,19:15:00,,0.0,2,"Automóvil,Moto/Ciclomotor",Bv. Avellaneda Y Cochabamba,2,1,0,0,1,0,0,"-32.951055555556,-60.682305555556",Avenida,,ROSARIO,Rosario,Asfalto,No existe,II,Dentro,Urbana,S/D,S/D,Intersección,S/D,S/D,Atardecer,S/D,S/D,S/D,Colisión,S/D,S/D,S/D,S/D,"-32.951055555556,-60.682305555556","['Avellaneda', 'Cochabamba']",2,,-32.951055555556,-60.682305555556,55.0,538.0,Municipio Rosario,Municipio,Rosario,820210,Servicio de Catastro e Información Territorial,IGN
2018,4835,2018-04-27,Viernes,0.0,17:20:00,,0.0,2,"Automóvil,Automóvil",Catamarca Y Santiago,5,2,0,0,3,0,0,"-32.937417, -60.654525",Calle,,ROSARIO,Rosario,Asfalto,No existe,II,Dentro,Urbana,Ninguna,No existe,Intersección,Bueno,Buena,Diurna,Buen Tiempo,Otro,S/D,Colisión,Ninguna,"Horizontal,Vertical",Ninguna,Sin restricción,"-32.937417, -60.654525","['Catamarca', 'Santiago']",2,,-32.937417,-60.654525,55.0,538.0,Municipio Rosario,Municipio,Rosario,820210,Servicio de Catastro e Información Territorial,IGN
2018,4836,2018-04-16,Lunes,0.0,11:55:00,,0.0,2,"Automóvil,Bicicleta",Av. Francia Y Santa Fe,2,1,0,0,1,0,0,"-32.940168, -60.665159",Avenida,,ROSARIO,Rosario,Asfalto,No existe,II,Dentro,Urbana,Semáforo,Funciona,Intersección,Bueno,Buena,Diurna,Buen Tiempo,S/D,Ciclista,Atropello,Ninguna,"Horizontal,Vertical","Cordón divisorio,Línea divisoria pintada",Sin restricción,"-32.940168, -60.665159","['Avenida Francia', 'Santa Fe']",2,,-32.940168,-60.665159,55.0,538.0,Municipio Rosario,Municipio,Rosario,820210,Servicio de Catastro e Información Territorial,IGN
2018,4837,2018-04-10,Martes,0.0,17:50:00,,0.0,2,"Taxi/Remis,Peatón",Tucuman Y Pueyrredon,2,1,0,0,1,0,0,"-32.938345, -60.656187",Calle,,ROSARIO,Rosario,Asfalto,No existe,II,Dentro,Urbana,Ninguna,No existe,Recta,Bueno,Buena,Diurna,Buen Tiempo,S/D,Peatón,Atropello,Ninguna,Faltante,Ninguna,Sin restricción,"-32.938345, -60.656187","['Tucumán', 'Pueyrredón']",2,,-32.938345,-60.656187,55.0,538.0,Municipio Rosario,Municipio,Rosario,820210,Servicio de Catastro e Información Territorial,IGN
2018,4838,2018-04-12,Jueves,0.0,10:00:00,,0.0,2,"Moto/Ciclomotor,Automóvil",Av. Francia Y Santa Fe,2,1,0,0,1,0,0,"-32.940161, -60.665202",Calle,,ROSARIO,Rosario,Asfalto,No existe,II,Dentro,Urbana,Semáforo,Funciona,Intersección,Bueno,Buena,Diurna,Buen Tiempo,S/D,S/D,Colisión,Ninguna,"Horizontal,Vertical","Cordón divisorio,Línea divisoria pintada",Sin restricción,"-32.940161, -60.665202","['Avenida Francia', 'Santa Fe']",2,,-32.940161,-60.665202,55.0,538.0,Municipio Rosario,Municipio,Rosario,820210,Servicio de Catastro e Información Territorial,IGN
2018,4839,2018-04-19,Jueves,0.0,18:50:00,,0.0,2,"Pickup/Utilitario,Transporte Escolar",Catamarca Y Rodriguez,9,7,0,0,2,0,0,"-32.936916, -60.657260",Calle,,ROSARIO,Rosario,Asfalto,No existe,II,Dentro,Urbana,Ninguna,No existe,Intersección,Bueno,Buena,Diurna,Buen Tiempo,Lateral,S/D,Colisión,Ninguna,Faltante,Ninguna,Sin restricción,"-32.936916, -60.657260","['Catamarca', 'Rodríguez']",2,,-32.936916,-60.65726,55.0,538.0,Municipio Rosario,Municipio,Rosario,820210,Servicio de Catastro e Información Territorial,IGN
2018,4840,2018-04-03,Martes,0.0,18:15:00,,0.0,3,"Automóvil,Peatón,Peatón",Callao Y Santa Fe,3,2,0,0,1,0,0,"-32.941159, -60.659714",Calle,,ROSARIO,Rosario,Asfalto,No existe,II,Dentro,Urbana,Ninguna,Funciona,Intersección,Bueno,Reducida,Atardecer,Buen Tiempo,S/D,Peatón,Atropello,Ninguna,"Horizontal,Vertical",Línea divisoria pintada,Sin restricción,"-32.941159, -60.659714","['Callao', 'Santa Fe']",2,,-32.941159,-60.659714,55.0,538.0,Municipio Rosario,Municipio,Rosario,820210,Servicio de Catastro e Información Territorial,IGN
2018,4841,2018-04-04,Miercoles,0.0,16:45:00,,0.0,2,"Automóvil,Moto/Ciclomotor",Urquiza Y San Nicolas,2,0,1,0,1,0,0,"-32.936846, -60.671479",Calle,,ROSARIO,Rosario,Asfalto,No existe,II,Dentro,Urbana,Ninguna,No existe,Intersección,Bueno,Buena,Diurna,Buen Tiempo,S/D,S/D,Colisión,Ninguna,Faltante,Ninguna,Sin restricción,"-32.936846, -60.671479","['Urquiza', 'San Nicolás']",2,,-32.936846,-60.671479,55.0,538.0,Municipio Rosario,Municipio,Rosario,820210,Servicio de Catastro e Información Territorial,IGN
2018,4842,2018-04-06,Viernes,0.0,22:30:00,,0.0,2,"Moto/Ciclomotor,Automóvil",Pueyrredon Y Urquiza,2,1,0,0,1,0,0,"-32.939527, -60.656467",Calle,,ROSARIO,Rosario,Asfalto,No existe,II,Dentro,Urbana,Señal Pare,No existe,Intersección,Bueno,Buena,"Nocturna,Con luz artificial",Buen Tiempo,S/D,S/D,Colisión,Ninguna,Vertical,Ninguna,Sin restricción,"-32.939527, -60.656467","['Pueyrredón', 'Urquiza']",2,,-32.939527,-60.656467,55.0,538.0,Municipio Rosario,Municipio,Rosario,820210,Servicio de Catastro e Información Territorial,IGN
2018,4844,2018-04-11,Miercoles,0.0,23:20:00,,0.0,1,Moto/Ciclomotor,Santa Fe Y Suipacha,2,1,0,0,1,0,0,"-32.940425, -60.663800",Calle,,ROSARIO,Rosario,Asfalto,No existe,II,Dentro,Urbana,Semáforo,Funciona,Intersección,Bueno,Buena,"Nocturna,Con luz artificial",Buen Tiempo,S/D,S/D,Despiste,Ninguna,"Horizontal,Vertical",Línea divisoria pintada,Sin restricción,"-32.940425, -60.663800","['Santa Fe', 'Suipacha']",2,,-32.940425,-60.6638,55.0,538.0,Municipio Rosario,Municipio,Rosario,820210,Servicio de Catastro e Información Territorial,IGN
2018,4845,2018-04-29,Domingo,0.0,23:45:00,,0.0,2,"Moto/Ciclomotor,Pickup/Utilitario",San Nicolas Y Urquiza,3,1,0,0,2,0,0,"-32.936843, -60.671478",Calle,,ROSARIO,Rosario,Asfalto,No existe,II,Dentro,Urbana,Ninguna,No existe,Intersección,Bueno,Buena,Nocturna,Buen Tiempo,Otro,S/D,Colisión,Ninguna,Faltante,Ninguna,Sin restricción,"-32.936843, -60.671478","['San Nicolás', 'Urquiza']",2,,-32.936843,-60.671478,55.0,538.0,Municipio Rosario,Municipio,Rosario,820210,Servicio de Catastro e Información Territorial,IGN
2018,4846,2018-04-23,Lunes,0.0,18:45:00,,0.0,2,"Taxi/Remis,Transporte de Pasajeros Urbano (> 8 asientos)",San Luis 600,3,1,0,0,2,0,0,"-32.950190, -60.632414",Calle,,ROSARIO,Rosario,Asfalto,No existe,II,Dentro,Urbana,Ninguna,No existe,Recta,Bueno,S/D,Diurna,S/D,Otro,S/D,Colisión,S/D,Horizontal,Línea divisoria pintada,Sin restricción,"-32.950190, -60.632414",['San Luis 600'],1,,-32.95019,-60.632414,55.0,538.0,Municipio Rosario,Municipio,Rosario,820210,Servicio de Catastro e Información Territorial,IGN
2018,4847,2018-03-22,Jueves,0.0,09:20:00,,0.0,2,"Moto/Ciclomotor,Automóvil",Pje. Cajaraville Y Necochea,2,1,0,0,1,0,0,"-32.954429, -60.625629",Calle,,ROSARIO,Rosario,Asfalto,No existe,II,Dentro,Urbana,Ninguna,No existe,Intersección,Deteriorada,S/D,Diurna,S/D,Lateral,S/D,Colisión,Ninguna,Faltante,Ninguna,S/D,"-32.954429, -60.625629","['Cajaraville', 'Necochea']",2,,-32.954429,-60.625629,55.0,538.0,Municipio Rosario,Municipio,Rosario,820210,Servicio de Catastro e Información Territorial,IGN
2018,4849,2018-04-07,Sabado,0.0,11:00:00,,0.0,2,"Moto/Ciclomotor,Automóvil",Jujuy Y Balcarce,2,1,0,0,1,0,0,"-32.935944, -60.649286",Calle,,ROSARIO,Rosario,Asfalto,No existe,II,Dentro,Urbana,Paso Peatonal,No existe,Recta,Bueno,Buena,Diurna,S/D,Lateral,S/D,Colisión,Ninguna,Horizontal,Ninguna,Sin restricción,"-32.935944, -60.649286","['Jujuy', 'Balcarce']",2,,-32.935944,-60.649286,55.0,538.0,Municipio Rosario,Municipio,Rosario,820210,Servicio de Catastro e Información Territorial,IGN
2018,4852,2018-02-08,Jueves,0.0,,,0.0,2,"Bicicleta,Taxi/Remis",Casilda Y Rep.Dominicana,2,1,0,0,1,0,0,"-32.9285,-60.689861111111",Calle,,ROSARIO,Rosario,S/D,S/D,II,S/D,Urbana,S/D,S/D,S/D,S/D,S/D,S/D,S/D,S/D,Ciclista,Atropello,S/D,S/D,S/D,S/D,"-32.9285,-60.689861111111","['Casilda', 'República Dominicana']",2,,-32.9285,-60.689861111111,55.0,538.0,Municipio Rosario,Municipio,Rosario,820210,Servicio de Catastro e Información Territorial,IGN
2018,4855,2018-02-08,Jueves,0.0,,,0.0,2,"Moto/Ciclomotor,Moto/Ciclomotor",Dorrego Y Av. Battle y Ordo?ez,2,1,1,0,0,0,0,"-33.009194444444,-60.660305555556",Calle,,ROSARIO,Rosario,S/D,S/D,II,S/D,Urbana,S/D,S/D,S/D,S/D,S/D,S/D,S/D,S/D,S/D,Colisión,S/D,S/D,S/D,S/D,"-33.009194444444,-60.660305555556","['Dorrego', 'Avenida Battle y Ordoñez']",2,,-33.009194444444,-60.660305555556,55.0,538.0,Municipio Rosario,Municipio,Rosario,820210,Servicio de Catastro e Información Territorial,IGN
2018,4859,2018-02-21,Miercoles,0.0,,,0.0,2,"Automóvil,Peatón", ,2,1,0,0,1,0,0,"-32.9587, -60.69303",Calle,,ROSARIO,Rosario,Asfalto,No existe,II,S/D,S/D,S/D,S/D,S/D,S/D,S/D,S/D,S/D,S/D,Peatón,Atropello,S/D,S/D,S/D,S/D,"-32.9587, -60.69303",[''],0,,-32.9587,-60.69303,55.0,538.0,Municipio Rosario,Municipio,Rosario,820210,Servicio de Catastro e Información Territorial,IGN
2018,4890,2018-03-03,Sabado,0.0,14:05:00,,0.0,1,Automóvil,Av. De La Libertad 362,2,1,0,0,1,0,0,"-32.951833333333,-60.628277777778",Avenida,,ROSARIO,Rosario,Asfalto,No existe,II,Dentro,Urbana,S/D,No existe,Recta,S/D,S/D,Diurna,S/D,Contra objeto fijo,S/D,Colisión,S/D,Faltante,Ninguna,S/D,"-32.951833333333,-60.628277777778",['De La Libertad 362'],1,,-32.951833333333,-60.628277777778,55.0,538.0,Municipio Rosario,Municipio,Rosario,820210,Servicio de Catastro e Información Territorial,IGN
2018,4891,2018-04-09,Lunes,0.0,12:40:00,,0.0,2,"Taxi/Remis,Taxi/Remis",Mitre Y Urquiza,3,1,0,0,2,0,0,"-32.942794, -60.638676",Calle,,ROSARIO,Rosario,Asfalto,No existe,II,Dentro,Urbana,Paso Peatonal,No existe,Intersección,Bueno,Buena,Diurna,Buen Tiempo,Lateral,S/D,Colisión,Ninguna,Horizontal,Ninguna,Sin restricción,"-32.942794, -60.638676","['Mitre', 'Urquiza']",2,,-32.942794,-60.638676,55.0,538.0,Municipio Rosario,Municipio,Rosario,820210,Servicio de Catastro e Información Territorial,IGN
2018,4892,2018-03-04,Domingo,0.0,23:25:00,,0.0,2,"Automóvil,Automóvil",Buenos Aires Y Riobamba,2,1,0,0,1,0,0,"-32.964,-60.636861111111",Calle,,ROSARIO,Rosario,Asfalto,No existe,II,Dentro,Urbana,Ninguna,No existe,Intersección,Bueno,Buena,Nocturna,S/D,Lateral,S/D,Colisión,S/D,Faltante,Ninguna,S/D,"-32.964,-60.636861111111","['Buenos Aires', 'Riobamba']",2,,-32.964,-60.636861111111,55.0,538.0,Municipio Rosario,Municipio,Rosario,820210,Servicio de Catastro e Información Territorial,IGN
2018,4893,2018-04-27,Viernes,0.0,08:20:00,,0.0,2,"Bicicleta,Automóvil",Salta 1500,2,1,0,0,1,0,0,"-32.938360, -60.642389",Calle,,ROSARIO,Rosario,Asfalto,No existe,II,Dentro,Urbana,Semáforo,No existe,Recta,Bueno,Buena,Diurna,Buen Tiempo,S/D,Ciclista,Atropello,Ninguna,"Horizontal,Vertical",Línea divisoria pintada,Sin restricción,"-32.938360, -60.642389",['Salta 1500'],1,,-32.93836,-60.642389,55.0,538.0,Municipio Rosario,Municipio,Rosario,820210,Servicio de Catastro e Información Territorial,IGN
2018,4894,2018-03-05,Lunes,0.0,13:00:00,,0.0,2,"Moto/Ciclomotor,Transporte de Pasajeros Urbano (> 8 asientos)",Mendoza Y Mitre,3,1,0,0,2,0,0,"-32.95125,-60.640805555556",Calle,,ROSARIO,Rosario,Asfalto,No existe,II,Dentro,Urbana,Señal Pare,No existe,Intersección,Bueno,S/D,Diurna,Buen Tiempo,Lateral,S/D,Colisión,S/D,"Horizontal,Vertical",Ninguna,S/D,"-32.95125,-60.640805555556","['Mendoza', 'Mitre']",2,,-32.95125,-60.640805555556,55.0,538.0,Municipio Rosario,Municipio,Rosario,820210,Servicio de Catastro e Información Territorial,IGN
2018,4897,2018-03-06,Martes,0.0,12:00:00,,0.0,2,"Automóvil,Peatón",San Luis Y Mariano Moreno,2,1,0,0,1,0,0,"-32.946805555556,-60.651222222222",Calle,,ROSARIO,Rosario,Asfalto,No existe,II,Dentro,Urbana,Señal Pare,No existe,Intersección,S/D,S/D,Diurna,S/D,S/D,Peatón,Atropello,S/D,"Horizontal,Vertical",Ninguna,S/D,"-32.946805555556,-60.651222222222","['San Luis', 'Mariano Moreno']",2,,-32.946805555556,-60.651222222222,55.0,538.0,Municipio Rosario,Municipio,Rosario,820210,Servicio de Catastro e Información Territorial,IGN
2018,4898,2018-04-01,Domingo,0.0,12:30:00,,0.0,2,"Automóvil,Automóvil",Av. Caseros Bis Y Av. Francia Bis,3,2,0,0,1,0,0,"-32.928259, -60.662599",Avenida,,ROSARIO,Rosario,Asfalto,No existe,II,Dentro,Urbana,Semáforo,Funciona,Recta,Bueno,Buena,Diurna,Buen Tiempo,Contra objeto fijo,S/D,Colisión,Ninguna,"Horizontal,Vertical",Línea divisoria pintada,Sin restricción,"-32.928259, -60.662599","['Caseros', 'Avenida Francia']",2,,-32.928259,-60.662599,55.0,538.0,Municipio Rosario,Municipio,Rosario,820210,Servicio de Catastro e Información Territorial,IGN