anio_acci,nro_acci,fecha,desc_dia,fecha_aprox,hora_aprox,desc_ruta,km,cant_participantes,desc_participante,calle_avenida_km,total,heridos_leves,heridos_graves,heridos_gravisimos,ilesos,fallecidos,sin_datos,posicion_XY,desc_tipo_via,desc_ruta_ori,desc_loc,desc_dpto,desc_tipo_calzada,desc_tipo_banquina,desc_unidad_regional,desc_lugar_calzada,desc_zona,desc_prioridad,desc_estado_semaforo,desc_lugar_via,desc_estado_via,desc_estado_visibilidad,desc_luminosidad,desc_estado_clima,desc_tipo_colision,desc_tipo_atropello,desc_tipo_hecho,desc_pres_calzada,desc_senializacion,desc_separacion_via,desc_restriccion,forma_geocod,calle_lista,numero_calles,calles_osm,lat,lon,index_right,gid,fna,gna,nam,in1,fdc,sag
2018,4900,2018-04-09,Lunes,0.0,07:45:00,,0.0,2,"Automóvil,Bicicleta",Av. Central Y Av. Francia,2,1,0,0,1,0,0,"-32.929279, -60.663279",Avenida,,ROSARIO,Rosario,Asfalto,No existe,II,Dentro,Urbana,Semáforo,Funciona,Rotonda,Bueno,Buena,Diurna,Buen Tiempo,S/D,Ciclista,Atropello,Ninguna,"Horizontal,Vertical",Ninguna,Sin restricción,"-32.929279, -60.663279","['Central', 'Avenida Francia']",2,,-32.929279,-60.663279,55.0,538.0,Municipio Rosario,Municipio,Rosario,820210,Servicio de Catastro e Información Territorial,IGN
2018,4901,2018-03-09,Viernes,0.0,10:30:00,,0.0,2,"Pickup/Utilitario,Bicicleta",Ayacucho 1800,2,1,0,0,1,0,0,"-32.960444444444,-60.629888888889",Calle,,ROSARIO,Rosario,Asfalto,No existe,II,Dentro,Urbana,Ninguna,No existe,Recta,S/D,S/D,Diurna,S/D,S/D,Ciclista,Atropello,S/D,Faltante,Ninguna,S/D,"-32.960444444444,-60.629888888889",['Ayacucho 1800'],1,,-32.960444444444,-60.629888888889,55.0,538.0,Municipio Rosario,Municipio,Rosario,820210,Servicio de Catastro e Información Territorial,IGN
2018,4902,2018-04-04,Miercoles,0.0,15:00:00,,0.0,2,"Automóvil,Moto/Ciclomotor",Mendoza Y Furlong,4,1,1,0,2,0,0,"-32.940138888889,-60.735222222222",Calle,,ROSARIO,Rosario,Asfalto,Pavimento,II,Dentro,Urbana,Ninguna,No existe,Recta,Bueno,Buena,Diurna,Buen Tiempo,Otro,S/D,Colisión,Ninguna,Vertical,Cordón divisorio,Sin restricción,"-32.940138888889,-60.735222222222","['Mendoza', 'Furlong']",2,,-32.940138888889,-60.735222222222,55.0,538.0,Municipio Rosario,Municipio,Rosario,820210,Servicio de Catastro e Información Territorial,IGN
2018,4903,2018-04-10,Martes,0.0,20:10:00,,0.0,2,"Automóvil,Bicicleta",Av. Luis Carballo Y Pje. J.M.Estrada Bis,2,1,0,0,1,0,0,"-32.921990, -60.676931",Calle,,ROSARIO,Rosario,Asfalto,No existe,II,Dentro,Urbana,Paso Peatonal,No existe,Intersección,Bueno,S/D,Nocturna,Buen Tiempo,S/D,Ciclista,Atropello,Ninguna,Horizontal,Ninguna,Sin restricción,"-32.921990, -60.676931","['Avenida Doctor Luis Cándido Carballo', 'Estrada']",2,,-32.92199,-60.676931,55.0,538.0,Municipio Rosario,Municipio,Rosario,820210,Servicio de Catastro e Información Territorial,IGN
2018,4904,2018-03-10,Sabado,0.0,12:00:00,,0.0,2,"Moto/Ciclomotor,Automóvil",Buenos Aires Y Montevideo,3,2,0,0,1,0,0,"-32.957111111111,-60.635138888889",Calle,,ROSARIO,Rosario,Asfalto,No existe,II,Dentro,Urbana,Paso Peatonal,No existe,Intersección,S/D,S/D,Diurna,S/D,Lateral,S/D,Colisión,S/D,Horizontal,Ninguna,S/D,"-32.957111111111,-60.635138888889","['Buenos Aires', 'Montevideo']",2,,-32.957111111111,-60.635138888889,55.0,538.0,Municipio Rosario,Municipio,Rosario,820210,Servicio de Catastro e Información Territorial,IGN
2018,4905,2018-04-11,Miercoles,0.0,00:05:00,,0.0,2,"Automóvil,Moto/Ciclomotor",Bv. Avellaneda Y Av. Luis Carballo,2,1,0,0,1,0,0,"-32.922020, -60.674762",Avenida,,ROSARIO,Rosario,Asfalto,No existe,II,Dentro,Urbana,Semáforo,Funciona,Intersección,Bueno,S/D,Diurna,Buen Tiempo,Otro,S/D,Colisión,Ninguna,"Horizontal,Vertical","Cordón divisorio,Línea divisoria pintada",Sin restricción,"-32.922020, -60.674762","['Avellaneda', 'Avenida Doctor Luis Cándido Carballo']",2,,-32.92202,-60.674762,55.0,538.0,Municipio Rosario,Municipio,Rosario,820210,Servicio de Catastro e Información Territorial,IGN
2018,4906,2018-04-23,Lunes,0.0,22:05:00,,0.0,2,"Automóvil,Moto/Ciclomotor",MENDOZA  Y JUAN PABLO II,2,1,0,0,1,0,0,"-32.940513588677, -60.721772039776",Avenida,,ROSARIO,Rosario,Asfalto,No existe,II,Dentro,Urbana,Ninguna,Funciona,Intersección,Bueno,Buena,Nocturna,Buen Tiempo,Lateral,S/D,Colisión,S/D,Vertical,Ninguna,Sin restricción,"-32.940513588677, -60.721772039776","['Mendoza', 'Juan Pablo II']",2,,-32.940513588677,-60.721772039776,55.0,538.0,Municipio Rosario,Municipio,Rosario,820210,Servicio de Catastro e Información Territorial,IGN
2018,4907,2018-04-12,Jueves,0.0,,,0.0,2,"Moto/Ciclomotor,Automóvil",Junin Y Av. Francia Bis,3,2,0,0,1,0,0,"-32.926502, -60.661842",Avenida,,ROSARIO,Rosario,Asfalto,No existe,II,Dentro,Urbana,Semáforo,Funciona,Recta,Bueno,Buena,Diurna,Buen Tiempo,Otro,S/D,Colisión,Ninguna,Vertical,Ninguna,Sin restricción,"-32.926502, -60.661842","['Junín', 'Avenida Francia']",2,,-32.926502,-60.661842,55.0,538.0,Municipio Rosario,Municipio,Rosario,820210,Servicio de Catastro e Información Territorial,IGN
2018,4908,2018-03-10,Sabado,0.0,16:10:00,,0.0,2,"Moto/Ciclomotor,Pickup/Utilitario",L.N.Alem Y Ituzaingo,3,1,0,0,2,0,0,"-32.962472222222,-60.631916666667",Calle,,ROSARIO,Rosario,Asfalto,No existe,II,Dentro,Urbana,Señal Pare,No existe,Intersección,S/D,S/D,Diurna,S/D,Lateral,S/D,Colisión,S/D,"Horizontal,Vertical",Ninguna,S/D,"-32.962472222222,-60.631916666667","['Alem', 'Ituzaingó']",2,,-32.962472222222,-60.631916666667,55.0,538.0,Municipio Rosario,Municipio,Rosario,820210,Servicio de Catastro e Información Territorial,IGN
2018,4909,2018-04-21,Sabado,0.0,01:30:00,,0.0,2,"Automóvil,Moto/Ciclomotor",Velez Sarsfield Y Bahia Blanca Bis,3,2,0,0,1,0,0,"-32.925233, -60.688731",Calle,,ROSARIO,Rosario,Asfalto,No existe,II,Dentro,Urbana,S/D,No existe,Recta,Bueno,Buena,Nocturna,S/D,S/D,S/D,Colisión,Ninguna,Vertical,Ninguna,S/D,"-32.925233, -60.688731","['Vélez Sarsfield', 'Bahía Blanca']",2,,-32.925233,-60.688731,55.0,538.0,Municipio Rosario,Municipio,Rosario,820210,Servicio de Catastro e Información Territorial,IGN
2018,4910,2018-03-10,Sabado,0.0,22:00:00,,0.0,2,"Moto/Ciclomotor,Pickup/Utilitario",Bv. Oro?o Y Tucuman,2,1,0,0,1,0,0,"-32.939083333333,-60.652",Avenida,,ROSARIO,Rosario,Asfalto,No existe,II,Dentro,Urbana,Señal Pare,No existe,Intersección,S/D,S/D,"Nocturna,Con luz artificial",S/D,Lateral,S/D,Colisión,S/D,"Horizontal,Vertical",Cordón divisorio,S/D,"-32.939083333333,-60.652","['Bulevar Nicasio Oroño', 'Tucumán']",2,,-32.939083333333,-60.652,55.0,538.0,Municipio Rosario,Municipio,Rosario,820210,Servicio de Catastro e Información Territorial,IGN
2018,4911,2018-04-27,Viernes,0.0,,,0.0,1,Moto/Ciclomotor,Av. Alberdi Bis ,1,1,0,0,0,0,0,"-32.930032, -60.673730",Avenida,,ROSARIO,Rosario,Asfalto,No existe,II,Dentro,Urbana,Semáforo,Funciona,Intersección,Bueno,Buena,Nocturna,S/D,S/D,S/D,Despiste,Ninguna,"Horizontal,Vertical","Cordón divisorio,Vegetación,Línea divisoria pintada",Sin restricción,"-32.930032, -60.673730",['Alberdi Bis'],1,,-32.930032,-60.67373,55.0,538.0,Municipio Rosario,Municipio,Rosario,820210,Servicio de Catastro e Información Territorial,IGN
2018,4912,2018-03-10,Sabado,0.0,06:30:00,,0.0,2,"Transporte de Pasajeros Urbano (> 8 asientos),Automóvil",San Luis Y Entre Rios,3,2,0,0,1,0,0,"-32.948527777778,-60.641611111111",Calle,,ROSARIO,Rosario,Asfalto,No existe,II,Dentro,Urbana,Semáforo,Funciona,Intersección,S/D,S/D,Diurna,S/D,Lateral,S/D,Colisión,S/D,"Horizontal,Vertical",Ninguna,S/D,"-32.948527777778,-60.641611111111","['San Luis', 'Entre Ríos']",2,,-32.948527777778,-60.641611111111,55.0,538.0,Municipio Rosario,Municipio,Rosario,820210,Servicio de Catastro e Información Territorial,IGN
2018,4913,2018-04-21,Sabado,0.0,15:00:00,,0.0,2,"Moto/Ciclomotor,Automóvil",Rawson Bis Y Av. Luis Carballo,3,2,0,0,1,0,0,"-32.921935, -60.669403",Avenida,,ROSARIO,Rosario,Asfalto,No existe,II,Dentro,Urbana,Semáforo,Funciona,Recta,Bueno,Buena,Diurna,Buen Tiempo,Lateral,S/D,Colisión,Ninguna,"Horizontal,Vertical","Cordón divisorio,Vegetación,Línea divisoria pintada",Sin restricción,"-32.921935, -60.669403","['Rawson', 'Avenida Doctor Luis Cándido Carballo']",2,,-32.921935,-60.669403,55.0,538.0,Municipio Rosario,Municipio,Rosario,820210,Servicio de Catastro e Información Territorial,IGN
2018,4914,2018-04-09,Lunes,0.0,13:30:00,,0.0,2,"Automóvil,Moto/Ciclomotor",Mendoza Y Suipacha,2,1,0,0,1,0,0,"-32.946888888889,-60.665472222222",Calle,,ROSARIO,Rosario,Asfalto,No existe,II,Dentro,Urbana,Ninguna,Funciona,Intersección,Bueno,Buena,Diurna,Buen Tiempo,Lateral,S/D,Colisión,Ninguna,Vertical,Ninguna,Sin restricción,"-32.946888888889,-60.665472222222","['Mendoza', 'Suipacha']",2,,-32.946888888889,-60.665472222222,55.0,538.0,Municipio Rosario,Municipio,Rosario,820210,Servicio de Catastro e Información Territorial,IGN
2018,4915,2018-03-11,Domingo,0.0,06:30:00,,0.0,2,"Moto/Ciclomotor,Automóvil",Bv. Oro?o Y Montevideo,2,1,0,0,1,0,0,"-32.953388888889,-60.655861111111",Avenida,,ROSARIO,Rosario,Asfalto,No existe,II,Dentro,Urbana,S/D,Funciona,Intersección,S/D,Reducida,Amanecer,Lluvia,Lateral,S/D,Colisión,Agua,"Horizontal,Vertical",Cordón divisorio,S/D,"-32.953388888889,-60.655861111111","['Bulevar Nicasio Oroño', 'Montevideo']",2,,-32.953388888889,-60.655861111111,55.0,538.0,Municipio Rosario,Municipio,Rosario,820210,Servicio de Catastro e Información Territorial,IGN
2018,4916,2018-04-10,Martes,0.0,08:30:00,,0.0,2,"Moto/Ciclomotor,Automóvil",Albert Sabin Y J.J.Paso,2,1,0,0,1,0,0,"-32.919541, -60.689125",Calle,,ROSARIO,Rosario,Hormigón,No existe,II,Dentro,Urbana,Semáforo,Funciona,Intersección,Bueno,Buena,Amanecer,Buen Tiempo,S/D,S/D,Colisión,Otro,"Horizontal,Vertical","Cordón divisorio,Vegetación,Línea divisoria pintada",Sin restricción,"-32.919541, -60.689125","['Avenida Travesía Albert Sabin', 'Paso']",2,,-32.919541,-60.689125,55.0,538.0,Municipio Rosario,Municipio,Rosario,820210,Servicio de Catastro e Información Territorial,IGN
2018,4917,2018-03-10,Sabado,0.0,14:20:00,,0.0,2,"Moto/Ciclomotor,Automóvil",Av. Pellegrini Y Pte.Roca,2,1,0,0,1,0,0,"-32.956027777778,-60.647861111111",Avenida,,ROSARIO,Rosario,Asfalto,No existe,II,Dentro,Urbana,Semáforo,Funciona,Intersección,S/D,S/D,Diurna,S/D,De alcance,S/D,Colisión,S/D,"Horizontal,Vertical",Cordón divisorio,Sin restricción,"-32.956027777778,-60.647861111111","['Pellegrini', 'Roca']",2,,-32.956027777778,-60.647861111111,55.0,538.0,Municipio Rosario,Municipio,Rosario,820210,Servicio de Catastro e Información Territorial,IGN
2018,4918,2018-04-18,Miercoles,0.0,09:30:00,,0.0,2,"Moto/Ciclomotor,Automóvil",Albert Sabin Y J.J.Paso,2,1,0,0,1,0,0,"-32.919541, -60.689125",Avenida,,ROSARIO,Rosario,"Asfalto,Hormigón",No existe,II,Dentro,Urbana,Semáforo,Funciona,Recta,Bueno,Buena,Diurna,Buen Tiempo,Lateral,S/D,Colisión,Ninguna,"Horizontal,Vertical","Cordón divisorio,Vegetación,Línea divisoria pintada",Sin restricción,"-32.919541, -60.689125","['Avenida Travesía Albert Sabin', 'Paso']",2,,-32.919541,-60.689125,55.0,538.0,Municipio Rosario,Municipio,Rosario,820210,Servicio de Catastro e Información Territorial,IGN
2018,4919,2018-04-24,Martes,0.0,11:20:00,,0.0,2,"Automóvil,Moto/Ciclomotor",San Juan Y Ricchieri,2,1,0,0,1,0,0,"-32.947144009362, -60.664158190136",Calle,,ROSARIO,Rosario,Asfalto,No existe,II,Dentro,Urbana,Ninguna,No existe,Intersección,Bueno,Buena,Diurna,Buen Tiempo,Lateral,S/D,Colisión,Ninguna,Faltante,Ninguna,Sin restricción,"-32.947144009362, -60.664158190136","['San Juan', 'Ricchieri']",2,,-32.947144009362,-60.664158190136,55.0,538.0,Municipio Rosario,Municipio,Rosario,820210,Servicio de Catastro e Información Territorial,IGN
2018,4920,2018-04-16,Lunes,0.0,08:30:00,,0.0,2,"Automóvil,Moto/Ciclomotor",3 De Febrero Y Ricchieri,2,0,1,0,1,0,0,"-32.948361111111,-60.664444444444",Calle,,ROSARIO,Rosario,Asfalto,No existe,II,Dentro,Urbana,Ninguna,No existe,Recta,Bueno,Buena,Diurna,Buen Tiempo,De alcance,S/D,Colisión,Ninguna,S/D,Ninguna,Sin restricción,"-32.948361111111,-60.664444444444","['3 de Febrero', 'Ricchieri']",2,,-32.948361111111,-60.664444444444,55.0,538.0,Municipio Rosario,Municipio,Rosario,820210,Servicio de Catastro e Información Territorial,IGN
2018,4921,2018-04-09,Lunes,0.0,18:20:00,,0.0,2,"Moto/Ciclomotor,Automóvil",J.J.Paso Y Formosa Bis,2,0,1,0,1,0,0,"-32.919626, -60.691613",Calle,,ROSARIO,Rosario,Asfalto,No existe,II,Dentro,Urbana,Paso Peatonal,No existe,Intersección,Con baches,Reducida,Diurna,Buen Tiempo,Otro,S/D,Colisión,Otro,Horizontal,Línea divisoria pintada,Sin restricción,"-32.919626, -60.691613","['Paso', 'Formosa']",2,,-32.919626,-60.691613,55.0,538.0,Municipio Rosario,Municipio,Rosario,820210,Servicio de Catastro e Información Territorial,IGN
2018,4922,2018-04-15,Domingo,0.0,19:20:00,,0.0,2,"Automóvil,Moto/Ciclomotor",Mendoza 2770,3,1,0,0,2,0,0,"-32.947444444444,-60.662333333333",S/D,,ROSARIO,Rosario,Asfalto,No existe,II,S/D,S/D,Ninguna,No existe,Recta,Bueno,Buena,Atardecer,Buen Tiempo,De alcance,S/D,Colisión,Ninguna,Horizontal,Ninguna,Sin restricción,"-32.947444444444,-60.662333333333",['Mendoza 2770'],1,,-32.947444444444,-60.662333333333,55.0,538.0,Municipio Rosario,Municipio,Rosario,820210,Servicio de Catastro e Información Territorial,IGN
2018,4923,2018-04-06,Viernes,0.0,00:15:00,,0.0,2,"Automóvil,Automóvil",Av. Sorrento Y Av. Provincias Unidas,5,5,0,0,0,0,0,"-32.908024, -60.713875",Avenida,,ROSARIO,Rosario,Asfalto,No existe,II,Dentro,Urbana,Ninguna,No existe,Rotonda,Bueno,Buena,"Nocturna,Con luz artificial",S/D,S/D,S/D,Colisión,Ninguna,Faltante,Ninguna,Sin restricción,"-32.908024, -60.713875","['Sorrento', 'Avenida Provincias Unidas']",2,,-32.908024,-60.713875,55.0,538.0,Municipio Rosario,Municipio,Rosario,820210,Servicio de Catastro e Información Territorial,IGN
2018,4924,2018-04-13,Viernes,0.0,13:25:00,,0.0,2,"Moto/Ciclomotor,Moto/Ciclomotor",Barra Y La Republica,2,2,0,0,0,0,0,"-32.918467, -60.708015",Calle,,ROSARIO,Rosario,Asfalto,No existe,II,Dentro,Urbana,Ninguna,No existe,Recta,Bueno,Buena,Diurna,Buen Tiempo,Lateral,S/D,Colisión,Ninguna,Faltante,Ninguna,Sin restricción,"-32.918467, -60.708015","['Barra', 'La República']",2,,-32.918467,-60.708015,55.0,538.0,Municipio Rosario,Municipio,Rosario,820210,Servicio de Catastro e Información Territorial,IGN
2018,4925,2018-04-29,Domingo,0.0,06:40:00,,0.0,2,"Automóvil,Moto/Ciclomotor",J.B.Cordiviola Y Av. Provincias Unidas,5,1,0,0,4,0,0,"-32.914969, -60.713926",Avenida,,ROSARIO,Rosario,Asfalto,No existe,II,Dentro,Urbana,Señal Pare,No existe,Intersección,Bueno,Buena,Amanecer,Buen Tiempo,Lateral,S/D,Colisión,Ninguna,Vertical,Cordón divisorio,Sin restricción,"-32.914969, -60.713926","['Cordiviola', 'Avenida Provincias Unidas']",2,,-32.914969,-60.713926,55.0,538.0,Municipio Rosario,Municipio,Rosario,820210,Servicio de Catastro e Información Territorial,IGN
2018,4926,2018-04-22,Domingo,0.0,02:00:00,,0.0,2,"Automóvil,Moto/Ciclomotor",Av. Genova Y Av. Provincias Unidas,3,2,0,0,1,0,0,"-32.916064, -60.713907",Avenida,,ROSARIO,Rosario,Asfalto,No existe,II,Dentro,Urbana,Semáforo,Intermitente,Intersección,Bueno,Buena,Nocturna,S/D,S/D,S/D,Colisión,Ninguna,Vertical,"Cordón divisorio,Vegetación",S/D,"-32.916064, -60.713907","['Genova', 'Avenida Provincias Unidas']",2,,-32.916064,-60.713907,55.0,538.0,Municipio Rosario,Municipio,Rosario,820210,Servicio de Catastro e Información Territorial,IGN
2018,4928,2018-04-30,Lunes,0.0,20:50:00,,0.0,2,"Automóvil,Bicicleta",Montevideo 715,2,1,0,0,1,0,0,"-32.957055555556,-60.635388888889",Calle,,ROSARIO,Rosario,Asfalto,No existe,II,S/D,Urbana,S/D,S/D,Recta,S/D,S/D,Nocturna,S/D,S/D,Ciclista,Atropello,S/D,S/D,S/D,Sin restricción,"-32.957055555556,-60.635388888889",['Montevideo 715'],1,,-32.957055555556,-60.635388888889,55.0,538.0,Municipio Rosario,Municipio,Rosario,820210,Servicio de Catastro e Información Territorial,IGN
2018,4929,2018-04-30,Lunes,0.0,20:50:00,,0.0,2,"Automóvil,Automóvil",Balcarce Y Catamarca,3,2,0,0,1,0,0,"-32.938138888889,-60.650472222222",Calle,,ROSARIO,Rosario,Asfalto,No existe,II,S/D,Urbana,Señal Pare,S/D,Intersección,S/D,Buena,Nocturna,S/D,S/D,S/D,Colisión,Agua,S/D,Ninguna,S/D,"-32.938138888889,-60.650472222222","['Balcarce', 'Catamarca']",2,,-32.938138888889,-60.650472222222,55.0,538.0,Municipio Rosario,Municipio,Rosario,820210,Servicio de Catastro e Información Territorial,IGN
2018,4930,2018-04-30,Lunes,0.0,01:30:00,,0.0,2,"Moto/Ciclomotor,Otros",Santa Fe Y Mitre,2,1,0,0,0,0,1,"-32.944833333333,-60.639222222222",Calle,,ROSARIO,Rosario,Asfalto,No existe,II,S/D,Urbana,S/D,S/D,Intersección,S/D,S/D,Nocturna,S/D,S/D,S/D,Colisión,S/D,S/D,S/D,S/D,"-32.944833333333,-60.639222222222","['Santa Fe', 'Mitre']",2,,-32.944833333333,-60.639222222222,55.0,538.0,Municipio Rosario,Municipio,Rosario,820210,Servicio de Catastro e Información Territorial,IGN
2018,4931,2018-04-29,Domingo,0.0,04:30:00,,0.0,2,"Taxi/Remis,Automóvil",Balcarce Y San Luis,3,2,0,0,0,0,1,"-32.946555555556,-60.652611111111",Calle,,ROSARIO,Rosario,Asfalto,No existe,II,S/D,Urbana,S/D,S/D,Intersección,S/D,Buena,Nocturna,S/D,S/D,S/D,Colisión,S/D,S/D,S/D,S/D,"-32.946555555556,-60.652611111111","['Balcarce', 'San Luis']",2,,-32.946555555556,-60.652611111111,55.0,538.0,Municipio Rosario,Municipio,Rosario,820210,Servicio de Catastro e Información Territorial,IGN
2018,4932,2018-04-28,Sabado,0.0,22:20:00,,0.0,2,"Moto/Ciclomotor,Automóvil",Av. Pellegrini Y Av. Belgrano,3,2,0,0,1,0,0,"-32.960806043608, -60.621100511269",Avenida,,ROSARIO,Rosario,Asfalto,No existe,II,S/D,Urbana,S/D,No existe,Intersección,Bueno,S/D,Nocturna,S/D,S/D,S/D,Colisión,S/D,S/D,S/D,S/D,"-32.960806043608, -60.621100511269","['Pellegrini', 'Belgrano']",2,,-32.960806043608,-60.621100511269,55.0,538.0,Municipio Rosario,Municipio,Rosario,820210,Servicio de Catastro e Información Territorial,IGN
2018,4935,2018-02-11,Domingo,0.0,19:00:00,,0.0,2,"Moto/Ciclomotor,Automóvil",Av. Belgrano Y L.N.Alem,4,0,1,0,3,0,0,"-32.949305555556,-60.628611111111",Calle,,ROSARIO,Rosario,S/D,S/D,II,S/D,Urbana,S/D,S/D,S/D,S/D,S/D,S/D,S/D,S/D,S/D,Colisión,S/D,S/D,S/D,S/D,"-32.949305555556,-60.628611111111","['Belgrano', 'Alem']",2,,-32.949305555556,-60.628611111111,55.0,538.0,Municipio Rosario,Municipio,Rosario,820210,Servicio de Catastro e Información Territorial,IGN
2018,4936,2018-02-25,Domingo,0.0,21:25:00,,0.0,2,"Automóvil,Moto/Ciclomotor",Bv. Avellaneda Y La Paz,2,1,0,0,1,0,0,"-32.956777777778,-60.683722222222",Avenida,,ROSARIO,Rosario,Asfalto,No existe,II,Dentro,Urbana,S/D,S/D,Intersección,S/D,S/D,Nocturna,S/D,Lateral,S/D,Colisión,S/D,S/D,S/D,S/D,"-32.956777777778,-60.683722222222","['Avellaneda', 'La Paz']",2,,-32.956777777778,-60.683722222222,55.0,538.0,Municipio Rosario,Municipio,Rosario,820210,Servicio de Catastro e Información Territorial,IGN
2018,4938,2018-02-12,Lunes,0.0,05:20:00,,0.0,1,Moto/Ciclomotor,Av. Provincias Unidas 700,2,2,0,0,0,0,0,"-32.935722222222,-60.712944444444",Avenida,,ROSARIO,Rosario,S/D,S/D,II,S/D,Urbana,S/D,S/D,S/D,S/D,S/D,S/D,S/D,Contra objeto fijo,S/D,Colisión,S/D,S/D,S/D,S/D,"-32.935722222222,-60.712944444444",['Provincias Unidas 700'],1,,-32.935722222222,-60.712944444444,55.0,538.0,Municipio Rosario,Municipio,Rosario,820210,Servicio de Catastro e Información Territorial,IGN
2018,4939,2018-02-26,Lunes,0.0,10:30:00,,0.0,2,"Automóvil,Moto/Ciclomotor",Bv. Segui 3200,2,1,0,0,1,0,0,"-32.973944444444,-60.675111111111",Avenida,,ROSARIO,Rosario,Asfalto,No existe,II,Dentro,Urbana,S/D,S/D,Recta,S/D,S/D,S/D,S/D,Lateral,S/D,Colisión,S/D,S/D,S/D,S/D,"-32.973944444444,-60.675111111111",['Bulevar Juan Francisco Seguí 3200'],1,,-32.973944444444,-60.675111111111,55.0,538.0,Municipio Rosario,Municipio,Rosario,820210,Servicio de Catastro e Información Territorial,IGN
2018,4947,2018-02-27,Martes,0.0,16:55:00,,0.0,2,"Moto/Ciclomotor,Camión",Av. Francia 1780,2,1,0,0,1,0,0,"-32.969555555556,-60.672722222222",Avenida,,ROSARIO,Rosario,Asfalto,No existe,II,Dentro,Urbana,S/D,S/D,Recta,S/D,S/D,Diurna,S/D,Lateral,S/D,Colisión,S/D,S/D,S/D,S/D,"-32.969555555556,-60.672722222222",['Francia 1780'],1,,-32.969555555556,-60.672722222222,55.0,538.0,Municipio Rosario,Municipio,Rosario,820210,Servicio de Catastro e Información Territorial,IGN
2018,4948,2018-02-13,Martes,0.0,15:55:00,,0.0,3,"Automóvil,Automóvil,Automóvil",Albert Sabin Y Bv. Avellaneda,3,1,0,0,1,0,1,"-32.928833333333,-60.676694444444",Calle,,ROSARIO,Rosario,S/D,S/D,II,S/D,Urbana,S/D,S/D,S/D,S/D,S/D,S/D,S/D,Múltiple,S/D,Colisión,S/D,S/D,S/D,S/D,"-32.928833333333,-60.676694444444","['Avenida Travesía Albert Sabin', 'Avellaneda']",2,,-32.928833333333,-60.676694444444,55.0,538.0,Municipio Rosario,Municipio,Rosario,820210,Servicio de Catastro e Información Territorial,IGN
2018,4989,2018-07-16,Lunes,0.0,11:15:00,,0.0,2,"Peatón,Moto/Ciclomotor",Bv. Avellaneda 2300,2,1,0,0,1,0,0,"-32.956747592079, -60.683683769911",Avenida,,ROSARIO,Rosario,Asfalto,No existe,II,Dentro,Urbana,Paso Peatonal,No existe,Recta,Bueno,Buena,Diurna,Buen Tiempo,S/D,Peatón,Atropello,Ninguna,Horizontal,Cordón divisorio,Sin restricción,"-32.956747592079, -60.683683769911",['Avellaneda 2300'],1,,-32.956747592079,-60.683683769911,55.0,538.0,Municipio Rosario,Municipio,Rosario,820210,Servicio de Catastro e Información Territorial,IGN
2018,4990,2018-04-22,Domingo,0.0,07:55:00,,0.0,1,Automóvil,Av. Eudoro Carrasco 3600,2,1,0,0,1,0,0,"-32.881300, -60.687950",Avenida,,ROSARIO,Rosario,Asfalto,No existe,II,Dentro,Urbana,Paso Peatonal,No existe,Recta,Bueno,Buena,Amanecer,Buen Tiempo,Contra objeto fijo,S/D,Colisión,Ninguna,"Horizontal,Vertical",Línea divisoria pintada,Sin restricción,"-32.881300, -60.687950",['Eudnicasio Oroño Carrasco 3600'],1,,-32.8813,-60.68795,55.0,538.0,Municipio Rosario,Municipio,Rosario,820210,Servicio de Catastro e Información Territorial,IGN
2018,4991,2018-07-21,Sabado,0.0,09:10:00,,0.0,2,"Automóvil,Automóvil",Pasco Y Cafferata,2,1,0,0,1,0,0,"-32.953694366369, -60.674248506249",Calle,,ROSARIO,Rosario,Asfalto,No existe,II,Dentro,Urbana,Ninguna,No existe,Intersección,Bueno,Buena,Diurna,Buen Tiempo,Lateral,S/D,Colisión,Ninguna,Faltante,Ninguna,Sin restricción,"-32.953694366369, -60.674248506249","['Pasco', 'Cafferata']",2,,-32.953694366369,-60.674248506249,55.0,538.0,Municipio Rosario,Municipio,Rosario,820210,Servicio de Catastro e Información Territorial,IGN
2018,4992,2018-04-28,Sabado,0.0,09:10:00,,0.0,1,Automóvil,Lugones ,1,0,1,0,0,0,0,"-32.875853, -60.704953",Calle,,ROSARIO,Rosario,Asfalto,No existe,II,Dentro,Urbana,Otra Señal,No existe,Paso a Nivel FFCC,Bueno,Buena,Diurna,Buen Tiempo,De alcance,S/D,Colisión,Ninguna,Vertical,Barrera de hormigón,Sin restricción,"-32.875853, -60.704953",['Lugones'],1,,-32.875853,-60.704953,55.0,538.0,Municipio Rosario,Municipio,Rosario,820210,Servicio de Catastro e Información Territorial,IGN