anio_acci,nro_acci,fecha,desc_dia,fecha_aprox,hora_aprox,desc_ruta,km,cant_participantes,desc_participante,calle_avenida_km,total,heridos_leves,heridos_graves,heridos_gravisimos,ilesos,fallecidos,sin_datos,posicion_XY,desc_tipo_via,desc_ruta_ori,desc_loc,desc_dpto,desc_tipo_calzada,desc_tipo_banquina,desc_unidad_regional,desc_lugar_calzada,desc_zona,desc_prioridad,desc_estado_semaforo,desc_lugar_via,desc_estado_via,desc_estado_visibilidad,desc_luminosidad,desc_estado_clima,desc_tipo_colision,desc_tipo_atropello,desc_tipo_hecho,desc_pres_calzada,desc_senializacion,desc_separacion_via,desc_restriccion,forma_geocod,calle_lista,numero_calles,calles_osm,lat,lon,index_right,gid,fna,gna,nam,in1,fdc,sag
2018,4993,2018-04-28,Sabado,0.0,14:10:00,,0.0,2,"Pickup/Utilitario,Automóvil",Martin Fierro 300,3,1,0,0,2,0,0,"-32.876566, -60.690673",Calle,,ROSARIO,Rosario,Asfalto,No existe,II,Dentro,Urbana,Otra Señal,No existe,Recta,Bueno,Buena,Diurna,Buen Tiempo,Lateral,S/D,Colisión,Ninguna,Horizontal,Ninguna,Sin restricción,"-32.876566, -60.690673",['Martin Fierro 300'],1,,-32.876566,-60.690673,55.0,538.0,Municipio Rosario,Municipio,Rosario,820210,Servicio de Catastro e Información Territorial,IGN
2018,4994,2018-04-13,Viernes,0.0,17:20:00,,0.0,2,"Moto/Ciclomotor,Automóvil",Montevideo Y Vera Mujica,2,0,1,0,1,0,0,"-32.950992779328, -60.669376404423",Calle,,ROSARIO,Rosario,Asfalto,No existe,II,Dentro,Urbana,Ninguna,No existe,Intersección,Bueno,Buena,Diurna,Buen Tiempo,De alcance,S/D,Colisión,Ninguna,Faltante,Ninguna,Sin restricción,"-32.950992779328, -60.669376404423","['Montevideo', 'Vera Mujíca']",2,,-32.950992779328,-60.669376404423,55.0,538.0,Municipio Rosario,Municipio,Rosario,820210,Servicio de Catastro e Información Territorial,IGN
2018,4995,2018-07-25,Miercoles,0.0,17:15:00,,0.0,2,"Moto/Ciclomotor,Moto/Ciclomotor",Bv. Avellaneda Y Cochabamba,2,1,0,0,1,0,0,"-32.951119445714, -60.682230760278",Avenida,,ROSARIO,Rosario,Asfalto,No existe,II,Dentro,Urbana,Paso Peatonal,No existe,Intersección,Resbaladiza,Buena,Diurna,Lluvia,De alcance,S/D,Colisión,Otro,Horizontal,Cordón divisorio,Sin restricción,"-32.951119445714, -60.682230760278","['Avellaneda', 'Cochabamba']",2,,-32.951119445714,-60.682230760278,55.0,538.0,Municipio Rosario,Municipio,Rosario,820210,Servicio de Catastro e Información Territorial,IGN
2018,4996,2018-04-12,Jueves,0.0,12:10:00,,0.0,2,"Bicicleta,Automóvil",P.Araoz Y Valentin Gomez,4,2,0,0,2,0,0,"-32.889932, -60.698763",Calle,,ROSARIO,Rosario,Asfalto,No existe,II,Dentro,Urbana,Señal Pare,No existe,Intersección,Bueno,Buena,Diurna,Buen Tiempo,S/D,Ciclista,Atropello,Ninguna,Vertical,Ninguna,Sin restricción,"-32.889932, -60.698763","['Aráoz', 'Valentín Gómez']",2,,-32.889932,-60.698763,55.0,538.0,Municipio Rosario,Municipio,Rosario,820210,Servicio de Catastro e Información Territorial,IGN
2018,4997,2018-07-21,Sabado,0.0,,,0.0,2,"Automóvil,Moto/Ciclomotor",La Paz Y Fraga,2,1,0,0,1,0,0,"-32.955625556859, -60.709632207574",Calle,,ROSARIO,Rosario,Asfalto,No existe,II,Dentro,Urbana,Ninguna,No existe,Intersección,Bueno,S/D,S/D,Buen Tiempo,Frontal,S/D,Colisión,S/D,Faltante,Ninguna,Sin restricción,"-32.955625556859, -60.709632207574","['La Paz', 'Fraga']",2,,-32.955625556859,-60.709632207574,55.0,538.0,Municipio Rosario,Municipio,Rosario,820210,Servicio de Catastro e Información Territorial,IGN
2018,4998,2018-04-10,Martes,0.0,17:20:00,,0.0,2,"Moto/Ciclomotor,Automóvil",Mendoza Y Rio De Janeiro,2,1,0,0,1,0,0,"-32.943972222222,-60.681805555556",Avenida,,ROSARIO,Rosario,Asfalto,No existe,II,Dentro,Urbana,Semáforo,Funciona,Intersección,Bueno,S/D,Diurna,Buen Tiempo,Lateral,S/D,Colisión,Ninguna,Vertical,Ninguna,Sin restricción,"-32.943972222222,-60.681805555556","['Mendoza', 'Río de Janeiro']",2,,-32.943972222222,-60.681805555556,55.0,538.0,Municipio Rosario,Municipio,Rosario,820210,Servicio de Catastro e Información Territorial,IGN
2018,4999,2018-04-15,Domingo,0.0,00:45:00,,0.0,2,"Automóvil,Moto/Ciclomotor",Valentin Gomez 3900,3,2,0,0,1,0,0,"-32.879879, -60.700275",Calle,,ROSARIO,Rosario,Asfalto,No existe,II,Dentro,Urbana,Ninguna,No existe,Intersección,Bueno,Buena,Nocturna,Buen Tiempo,Frontal,S/D,Colisión,Ninguna,Faltante,Ninguna,Sin restricción,"-32.879879, -60.700275",['Valentin Gomez 3900'],1,,-32.879879,-60.700275,55.0,538.0,Municipio Rosario,Municipio,Rosario,820210,Servicio de Catastro e Información Territorial,IGN
2018,5000,2018-07-01,Domingo,1.0,,,0.0,2,"Automóvil,Moto/Ciclomotor",Viamonte Y Ecuador,3,2,0,0,1,0,0,"-32.956938095574, -60.714295382146",Calle,,ROSARIO,Rosario,Asfalto,No existe,II,Dentro,Urbana,Ninguna,No existe,Intersección,Bueno,S/D,S/D,Buen Tiempo,Frontal,S/D,Colisión,S/D,Faltante,Ninguna,Sin restricción,"-32.956938095574, -60.714295382146","['Viamonte', 'Ecuador']",2,,-32.956938095574,-60.714295382146,55.0,538.0,Municipio Rosario,Municipio,Rosario,820210,Servicio de Catastro e Información Territorial,IGN
2018,5001,2018-04-13,Viernes,0.0,23:00:00,,0.0,2,"Moto/Ciclomotor,Pickup/Utilitario",Bv. Rondeau 2500,2,1,0,0,1,0,0,"-32.889672, -60.693704",Avenida,,ROSARIO,Rosario,Asfalto,No existe,II,Dentro,Urbana,Semáforo,Funciona,Recta,Bueno,Buena,"Nocturna,Con luz artificial",Buen Tiempo,De alcance,S/D,Colisión,Ninguna,Vertical,"Cordón divisorio,Vegetación",Sin restricción,"-32.889672, -60.693704",['Rondeau 2500'],1,,-32.889672,-60.693704,55.0,538.0,Municipio Rosario,Municipio,Rosario,820210,Servicio de Catastro e Información Territorial,IGN
2018,5002,2018-07-15,Domingo,0.0,,,0.0,2,"Automóvil,Moto/Ciclomotor",Magallanes Y Zuviria,2,1,0,0,1,0,0,"-32.936688422674, -60.704718269808",Calle,,ROSARIO,Rosario,Asfalto,No existe,II,Dentro,Urbana,Ninguna,No existe,Intersección,Bueno,S/D,S/D,Buen Tiempo,Lateral,S/D,Colisión,S/D,Faltante,Ninguna,Sin restricción,"-32.936688422674, -60.704718269808","['Magallanes', 'Zuviría']",2,,-32.936688422674,-60.704718269808,55.0,538.0,Municipio Rosario,Municipio,Rosario,820210,Servicio de Catastro e Información Territorial,IGN
2018,5003,2018-04-12,Jueves,0.0,13:00:00,,0.0,2,"Moto/Ciclomotor,Automóvil",Cafferata Y Cordoba,2,1,0,0,1,0,0,"-32.940555555556,-60.671",Calle,,ROSARIO,Rosario,Asfalto,No existe,II,Dentro,Urbana,Ninguna,Funciona,Intersección,Bueno,Buena,Diurna,Buen Tiempo,Lateral,S/D,Colisión,Ninguna,Vertical,Ninguna,Sin restricción,"-32.940555555556,-60.671","['Cafferata', 'Córdoba']",2,,-32.940555555556,-60.671,55.0,538.0,Municipio Rosario,Municipio,Rosario,820210,Servicio de Catastro e Información Territorial,IGN
2018,5004,2018-04-09,Lunes,0.0,12:40:00,,0.0,2,"Automóvil,Moto/Ciclomotor",Ricardo Nu?ez Y Bv. Rondeau,2,1,0,0,1,0,0,"-32.884661, -60.695213",Calle,,ROSARIO,Rosario,Asfalto,No existe,II,Dentro,Urbana,Semáforo,Funciona,Intersección,Bueno,Buena,Diurna,Buen Tiempo,Frontal,S/D,Colisión,Ninguna,"Horizontal,Vertical","Cordón divisorio,Vegetación",Sin restricción,"-32.884661, -60.695213","['Ricardo Nuñez', 'Rondeau']",2,,-32.884661,-60.695213,55.0,538.0,Municipio Rosario,Municipio,Rosario,820210,Servicio de Catastro e Información Territorial,IGN
2018,5005,2018-07-09,Lunes,0.0,17:05:00,,0.0,1,Moto/Ciclomotor,Roullon Y Dean Funes,2,2,0,0,0,0,0,"-32.967166666667,-60.701194444444",Calle,,ROSARIO,Rosario,Asfalto,No existe,II,Dentro,Urbana,Ninguna,No existe,Intersección,Bueno,Buena,Diurna,Otro,S/D,S/D,Caída ocupante,Ninguna,Faltante,Ninguna,Sin restricción,"-32.967166666667,-60.701194444444","['Alfredo Rouillón', 'Deán Gregorio Funes']",2,,-32.967166666667,-60.701194444444,55.0,538.0,Municipio Rosario,Municipio,Rosario,820210,Servicio de Catastro e Información Territorial,IGN
2018,5006,2018-04-04,Miercoles,0.0,21:15:00,,0.0,2,"Automóvil,Moto/Ciclomotor",Iriarte Y Martin Fierro,3,2,0,0,1,0,0,"-32.876517, -60.690416",Calle,,ROSARIO,Rosario,Asfalto,No existe,II,Dentro,Urbana,Ninguna,No existe,Intersección,Bueno,Buena,"Nocturna,Con luz artificial",Buen Tiempo,Frontal,S/D,Colisión,Ninguna,Faltante,Ninguna,Sin restricción,"-32.876517, -60.690416","['Uriarte', 'Martin Fierro']",2,,-32.876517,-60.690416,55.0,538.0,Municipio Rosario,Municipio,Rosario,820210,Servicio de Catastro e Información Territorial,IGN
2018,5007,2018-07-15,Domingo,0.0,23:35:00,,0.0,2,"Moto/Ciclomotor,Automóvil",Bv. Segui Y Camilo Aldao,2,1,0,0,1,0,0,"-32.970555555556,-60.694805555556",Avenida,,ROSARIO,Rosario,Asfalto,No existe,II,Dentro,Urbana,Ninguna,No existe,Intersección,Bueno,Buena,Nocturna,Buen Tiempo,Lateral,S/D,Colisión,Ninguna,Faltante,Cordón divisorio,Sin restricción,"-32.970555555556,-60.694805555556","['Bulevar Juan Francisco Seguí', 'Camilo Aldao']",2,,-32.970555555556,-60.694805555556,55.0,538.0,Municipio Rosario,Municipio,Rosario,820210,Servicio de Catastro e Información Territorial,IGN
2018,5008,2018-04-15,Domingo,0.0,20:40:00,,0.0,1,Moto/Ciclomotor,9 De Julio Y San Nicolas,2,0,2,0,0,0,0,"-32.947694444444,-60.674222222222",Calle,,ROSARIO,Rosario,Asfalto,No existe,II,Dentro,Urbana,Ninguna,No existe,Intersección,Bueno,Buena,Amanecer,Buen Tiempo,S/D,S/D,Caída ocupante,Ninguna,Faltante,Ninguna,Sin restricción,"-32.947694444444,-60.674222222222","['9 de Julio', 'San Nicolás']",2,,-32.947694444444,-60.674222222222,55.0,538.0,Municipio Rosario,Municipio,Rosario,820210,Servicio de Catastro e Información Territorial,IGN
2018,5009,2018-04-02,Lunes,0.0,21:00:00,,0.0,2,"Moto/Ciclomotor,Transporte de Pasajeros Urbano (> 8 asientos)",San Patricio Y Valentin Gomez,2,1,0,0,1,0,0,"-32.877702, -60.700940",Calle,,ROSARIO,Rosario,Asfalto,No existe,II,Dentro,Urbana,Ninguna,No existe,Intersección,Bueno,Buena,"Nocturna,Con luz artificial",Buen Tiempo,Frontal,S/D,Colisión,Ninguna,Faltante,Ninguna,Sin restricción,"-32.877702, -60.700940","['San Patricio', 'Valentín Gómez']",2,,-32.877702,-60.70094,55.0,538.0,Municipio Rosario,Municipio,Rosario,820210,Servicio de Catastro e Información Territorial,IGN
2018,5010,2018-07-13,Viernes,0.0,16:30:00,,0.0,2,"Automóvil,Bicicleta",Bv. Avellaneda Y La Paz,2,1,0,0,1,0,0,"-32.956777777778,-60.683722222222",Avenida,,ROSARIO,Rosario,Asfalto,No existe,II,Dentro,Urbana,Paso Peatonal,No existe,Intersección,S/D,S/D,Diurna,S/D,S/D,Ciclista,Atropello,S/D,Horizontal,Cordón divisorio,S/D,"-32.956777777778,-60.683722222222","['Avellaneda', 'La Paz']",2,,-32.956777777778,-60.683722222222,55.0,538.0,Municipio Rosario,Municipio,Rosario,820210,Servicio de Catastro e Información Territorial,IGN
2018,5011,2018-04-25,Miercoles,0.0,15:35:00,,0.0,2,"Automóvil,Moto/Ciclomotor",Av. Pellegrini Y Crespo,3,1,0,0,2,0,0,"-32.951805555556,-60.670944444444",Avenida,,ROSARIO,Rosario,Asfalto,No existe,II,Dentro,Urbana,Ninguna,No funciona,Recta,Bueno,Buena,Diurna,Buen Tiempo,Contra objeto fijo,S/D,Colisión,Ninguna,Vertical,Ninguna,Sin restricción,"-32.951805555556,-60.670944444444","['Pellegrini', 'Crespo']",2,,-32.951805555556,-60.670944444444,55.0,538.0,Municipio Rosario,Municipio,Rosario,820210,Servicio de Catastro e Información Territorial,IGN
2018,5012,2018-04-16,Lunes,0.0,18:45:00,,0.0,3,"Automóvil,Moto/Ciclomotor,Moto/Ciclomotor",J.C.Paz Y Gurruchaga,4,3,0,0,1,0,0,"-32.904572, -60.686701",Calle,,ROSARIO,Rosario,Asfalto,No existe,II,Dentro,Urbana,Ninguna,No existe,Intersección,Deteriorada,S/D,Diurna,S/D,Múltiple,S/D,Colisión,S/D,Faltante,Ninguna,Sin restricción,"-32.904572, -60.686701","['Paz', 'Gurruchaga']",2,,-32.904572,-60.686701,55.0,538.0,Municipio Rosario,Municipio,Rosario,820210,Servicio de Catastro e Información Territorial,IGN
2018,5013,2018-07-21,Sabado,0.0,06:30:00,,0.0,1,Moto/Ciclomotor,Bv. 27 De Febrero Y Bv. Avellaneda,1,0,1,0,0,0,0,"-32.960444444444,-60.684416666667",Avenida,,ROSARIO,Rosario,Asfalto,No existe,II,Dentro,Urbana,Semáforo,Funciona,Intersección,Bueno,Buena,"Nocturna,Con luz artificial",Buen Tiempo,S/D,S/D,Caída ocupante,Ninguna,Vertical,Cordón divisorio,Sin restricción,"-32.960444444444,-60.684416666667","['27 de Febrero', 'Avellaneda']",2,,-32.960444444444,-60.684416666667,55.0,538.0,Municipio Rosario,Municipio,Rosario,820210,Servicio de Catastro e Información Territorial,IGN
2018,5014,2018-04-28,Sabado,0.0,13:30:00,,0.0,2,"Taxi/Remis,Moto/Ciclomotor",Bv. Avellaneda Y E.Zeballos,3,1,0,0,2,0,0,"-32.947638888889,-60.681444444444",Calle,,ROSARIO,Rosario,Asfalto,No existe,II,Dentro,Urbana,Ninguna,No existe,Intersección,Bueno,Buena,Diurna,Buen Tiempo,De alcance,S/D,Colisión,Ninguna,Faltante,Ninguna,Sin restricción,"-32.947638888889,-60.681444444444","['Avellaneda', 'Zeballos']",2,,-32.947638888889,-60.681444444444,55.0,538.0,Municipio Rosario,Municipio,Rosario,820210,Servicio de Catastro e Información Territorial,IGN
2018,5015,2018-07-04,Miercoles,0.0,12:00:00,,0.0,2,"Automóvil,Moto/Ciclomotor",Cerrito Y Lavalle,2,1,0,0,1,0,0,"-32.95475,-60.681666666667",Calle,,ROSARIO,Rosario,Asfalto,No existe,II,Dentro,Urbana,Señal Ceda el Paso,No existe,Recta,Bueno,Buena,Diurna,Buen Tiempo,Frontal,S/D,Colisión,Ninguna,Vertical,Ninguna,Sin restricción,"-32.95475,-60.681666666667","['Cerrito', 'Lavalle']",2,,-32.95475,-60.681666666667,55.0,538.0,Municipio Rosario,Municipio,Rosario,820210,Servicio de Catastro e Información Territorial,IGN
2018,5016,2018-04-14,Sabado,0.0,10:45:00,,0.0,2,"Moto/Ciclomotor,Peatón",Darragueira Y Baigorria,2,1,0,0,1,0,0,"-32.892084, -60.695803",Calle,,ROSARIO,Rosario,Asfalto,No existe,II,Dentro,Urbana,Ninguna,No existe,Intersección,Deteriorada,S/D,Diurna,S/D,S/D,Peatón,Atropello,S/D,Faltante,Ninguna,S/D,"-32.892084, -60.695803","['José Darragueira', 'Baigorria']",2,,-32.892084,-60.695803,55.0,538.0,Municipio Rosario,Municipio,Rosario,820210,Servicio de Catastro e Información Territorial,IGN
2018,5017,2018-07-07,Sabado,0.0,21:15:00,,0.0,2,"Automóvil,Moto/Ciclomotor",Ituzaingo Y Alsina,2,1,0,0,1,0,0,"-32.953861111111,-60.680027777778",Calle,,ROSARIO,Rosario,Asfalto,No existe,II,Dentro,Urbana,Ninguna,No existe,Intersección,Bueno,Buena,Nocturna,Buen Tiempo,Lateral,S/D,Colisión,Ninguna,Faltante,Ninguna,Sin restricción,"-32.953861111111,-60.680027777778","['Ituzaingó', 'Alsina']",2,,-32.953861111111,-60.680027777778,55.0,538.0,Municipio Rosario,Municipio,Rosario,820210,Servicio de Catastro e Información Territorial,IGN
2018,5018,2018-04-10,Martes,0.0,12:00:00,,0.0,2,"Moto/Ciclomotor,Peatón",Bv. Rondeau Y Baigorria,2,1,0,0,0,1,0,"-32.891562, -60.693437",Avenida,,ROSARIO,Rosario,Asfalto,No existe,II,Dentro,Urbana,Semáforo,Funciona,Intersección,Bueno,S/D,Diurna,S/D,S/D,Peatón,Atropello,S/D,"Horizontal,Vertical","Cordón divisorio,Vegetación",S/D,"-32.891562, -60.693437","['Rondeau', 'Baigorria']",2,,-32.891562,-60.693437,55.0,538.0,Municipio Rosario,Municipio,Rosario,820210,Servicio de Catastro e Información Territorial,IGN
2018,5019,2018-07-08,Domingo,0.0,09:00:00,,0.0,2,"Pickup/Utilitario,Moto/Ciclomotor",Bv. Avellaneda Y Bv. 27 de Febrero Bis,2,1,0,0,1,0,0,"-32.960444444444,-60.684416666667",Avenida,,ROSARIO,Rosario,Asfalto,No existe,II,Dentro,Urbana,Semáforo,Funciona,Recta,Bueno,Buena,Diurna,Buen Tiempo,Frontal,S/D,Colisión,Ninguna,Vertical,Cordón divisorio,Sin restricción,"-32.960444444444,-60.684416666667","['Avellaneda', '27 de Febrero']",2,,-32.960444444444,-60.684416666667,55.0,538.0,Municipio Rosario,Municipio,Rosario,820210,Servicio de Catastro e Información Territorial,IGN
2018,5020,2018-04-11,Miercoles,0.0,08:45:00,,0.0,2,"Bicicleta,Moto/Ciclomotor",Uriarte Y Av. Casiano Casas,2,2,0,0,0,0,0,"-32.901791, -60.703914",Calle,,ROSARIO,Rosario,Hormigón,No existe,II,Dentro,Urbana,Semáforo,Funciona,Intersección,Bueno,S/D,Diurna,S/D,S/D,Ciclista,Atropello,S/D,"Horizontal,Vertical",Cordón divisorio,S/D,"-32.901791, -60.703914","['Uriarte', 'Avenida Casiano Casas']",2,,-32.901791,-60.703914,55.0,538.0,Municipio Rosario,Municipio,Rosario,820210,Servicio de Catastro e Información Territorial,IGN
2018,5021,2018-04-01,Domingo,0.0,11:50:00,,0.0,2,"Moto/Ciclomotor,Automóvil",Laplace Y Blas Parera,3,2,0,0,1,0,0,"-32.902278, -60.701615",Calle,,ROSARIO,Rosario,Asfalto,No existe,II,Dentro,Urbana,Ninguna,No existe,Recta,"Resbaladiza,Deteriorada",Buena,"Nocturna,Con luz artificial",Lluvia,Lateral,S/D,Colisión,Agua,Faltante,Ninguna,Sin restricción,"-32.902278, -60.701615","['Laplace', 'Blas Parera']",2,,-32.902278,-60.701615,55.0,538.0,Municipio Rosario,Municipio,Rosario,820210,Servicio de Catastro e Información Territorial,IGN
2018,5022,2018-07-11,Miercoles,0.0,19:45:00,,0.0,2,"Moto/Ciclomotor,Automóvil",Rivarola Y Biancofiori,3,2,0,0,1,0,0,"-32.965833333333,-60.714083333333",Calle,,ROSARIO,Rosario,Asfalto,No existe,II,Dentro,Urbana,Ninguna,No existe,Recta,Bueno,Buena,Nocturna,Buen Tiempo,Frontal,S/D,Colisión,Ninguna,Faltante,Ninguna,Sin restricción,"-32.965833333333,-60.714083333333","['Rivarola', 'Biancofiori']",2,,-32.965833333333,-60.714083333333,55.0,538.0,Municipio Rosario,Municipio,Rosario,820210,Servicio de Catastro e Información Territorial,IGN
2018,5023,2018-04-26,Jueves,0.0,19:20:00,,0.0,2,"Automóvil,Taxi/Remis",San Juan Y Carriego,3,2,0,0,1,0,0,"-32.941111111111,-60.689611111111",Calle,,ROSARIO,Rosario,Asfalto,No existe,II,Dentro,Urbana,Semáforo,Funciona,Intersección,Bueno,Buena,Diurna,Buen Tiempo,De alcance,S/D,Colisión,Ninguna,Vertical,Ninguna,Sin restricción,"-32.941111111111,-60.689611111111","['San Juan', 'Carriego']",2,,-32.941111111111,-60.689611111111,55.0,538.0,Municipio Rosario,Municipio,Rosario,820210,Servicio de Catastro e Información Territorial,IGN
2018,5024,2018-07-16,Lunes,0.0,00:15:00,,0.0,2,"Moto/Ciclomotor,Automóvil",Rueda Y Iriondo,2,1,0,0,1,0,0,"-32.965388888889,-60.675833333333",Calle,,ROSARIO,Rosario,Asfalto,No existe,II,Dentro,Urbana,Ninguna,No existe,Recta,Bueno,Buena,Nocturna,Buen Tiempo,De alcance,S/D,Colisión,S/D,Faltante,Ninguna,Sin restricción,"-32.965388888889,-60.675833333333","['Rueda', 'Iriondo']",2,,-32.965388888889,-60.675833333333,55.0,538.0,Municipio Rosario,Municipio,Rosario,820210,Servicio de Catastro e Información Territorial,IGN
2018,5025,2018-04-05,Jueves,0.0,14:50:00,,0.0,2,"Automóvil,Moto/Ciclomotor",Av. Casiano Casas Y Blas Parera,2,0,1,0,1,0,0,"-32.902445, -60.702657",Avenida,,ROSARIO,Rosario,Asfalto,No existe,II,Dentro,Urbana,Ninguna,No existe,Recta,Bueno,Buena,Diurna,Buen Tiempo,Lateral,S/D,Colisión,Ninguna,Faltante,Cordón divisorio,Sin restricción,"-32.902445, -60.702657","['Avenida Casiano Casas', 'Blas Parera']",2,,-32.902445,-60.702657,55.0,538.0,Municipio Rosario,Municipio,Rosario,820210,Servicio de Catastro e Información Territorial,IGN
2018,5026,2018-07-20,Viernes,0.0,17:50:00,,0.0,2,"Bicicleta,Automóvil",Bv. Avellaneda Y Saavedra,2,1,0,0,1,0,0,"-32.970583333333,-60.687027777778",Avenida,,ROSARIO,Rosario,Asfalto,No existe,II,Dentro,Urbana,Ninguna,No existe,Recta,Bueno,Buena,Diurna,Buen Tiempo,S/D,Ciclista,Atropello,Ninguna,Faltante,Cordón divisorio,Sin restricción,"-32.970583333333,-60.687027777778","['Avellaneda', 'Saavedra']",2,,-32.970583333333,-60.687027777778,55.0,538.0,Municipio Rosario,Municipio,Rosario,820210,Servicio de Catastro e Información Territorial,IGN
2018,5027,2018-04-09,Lunes,0.0,15:50:00,,0.0,2,"Bicicleta,Automóvil",Av. Casiano Casas Y Washington,3,1,0,0,2,0,0,"-32.903470, -60.700742",Calle,,ROSARIO,Rosario,Asfalto,No existe,II,Dentro,Urbana,Semáforo,Funciona,Recta,Deteriorada,Buena,Diurna,Buen Tiempo,S/D,Ciclista,Atropello,Ninguna,"Horizontal,Vertical",Cordón divisorio,Sin restricción,"-32.903470, -60.700742","['Avenida Casiano Casas', 'Washington']",2,,-32.90347,-60.700742,55.0,538.0,Municipio Rosario,Municipio,Rosario,820210,Servicio de Catastro e Información Territorial,IGN
2018,5028,2018-07-20,Viernes,0.0,12:35:00,,0.0,2,"Moto/Ciclomotor,Automóvil",Crespo Y La Paz,2,1,0,0,1,0,0,"-32.958777777778,-60.672722222222",Calle,,ROSARIO,Rosario,Asfalto,No existe,II,Dentro,Urbana,Ninguna,No existe,Recta,Bueno,Buena,Diurna,Buen Tiempo,Frontal,S/D,Colisión,Ninguna,Horizontal,Ninguna,Sin restricción,"-32.958777777778,-60.672722222222","['Crespo', 'La Paz']",2,,-32.958777777778,-60.672722222222,55.0,538.0,Municipio Rosario,Municipio,Rosario,820210,Servicio de Catastro e Información Territorial,IGN
2018,5029,2018-04-09,Lunes,0.0,12:45:00,,0.0,2,"Moto/Ciclomotor,Automóvil",Donizetti Y Av. Sorrento,4,0,2,0,2,0,0,"-32.907333, -60.694564",Calle,,ROSARIO,Rosario,Asfalto,No existe,II,Dentro,Urbana,Ninguna,No existe,Intersección,Bueno,Buena,Diurna,Buen Tiempo,Lateral,S/D,Colisión,Ninguna,Vertical,Cordón divisorio,Reparación de Vía,"-32.907333, -60.694564","['Donizetti', 'Sorrento']",2,,-32.907333,-60.694564,55.0,538.0,Municipio Rosario,Municipio,Rosario,820210,Servicio de Catastro e Información Territorial,IGN
2018,5030,2018-07-20,Viernes,0.0,17:20:00,,0.0,2,"Automóvil,Pickup/Utilitario",Av. Uriburu 8500,3,1,0,0,2,0,0,"-32.992333333333,-60.731666666667",Avenida,,ROSARIO,Rosario,Asfalto,No existe,II,Dentro,Urbana,Ninguna,No existe,Recta,Bueno,Buena,Diurna,Buen Tiempo,Lateral,S/D,Colisión,Ninguna,Faltante,Cordón divisorio,Sin restricción,"-32.992333333333,-60.731666666667",['Uriburu 8500'],1,,-32.992333333333,-60.731666666667,55.0,538.0,Municipio Rosario,Municipio,Rosario,820210,Servicio de Catastro e Información Territorial,IGN
2018,5031,2018-07-24,Martes,0.0,10:30:00,,0.0,2,"Automóvil,Moto/Ciclomotor",Bv. 27 De Febrero Y Liniers,2,1,0,0,1,0,0,"-32.958722222222,-60.697833333333",Avenida,,ROSARIO,Rosario,Asfalto,No existe,II,Dentro,Urbana,Ninguna,No existe,Recta,Bueno,Buena,Diurna,S/D,Lateral,S/D,Colisión,Ninguna,Faltante,Cordón divisorio,S/D,"-32.958722222222,-60.697833333333","['27 de Febrero', 'Liniers']",2,,-32.958722222222,-60.697833333333,55.0,538.0,Municipio Rosario,Municipio,Rosario,820210,Servicio de Catastro e Información Territorial,IGN
2018,5032,2018-04-07,Sabado,0.0,05:30:00,,0.0,2,"Automóvil,Taxi/Remis",Av. Luis Carballo Y Bv. Avellaneda,3,1,0,1,0,0,1,"-32.921911, -60.674871",Avenida,,ROSARIO,Rosario,Asfalto,Pavimento,II,Dentro,Urbana,Semáforo,Funciona,Intersección,"Bueno,Resbaladiza",Buena,"Nocturna,Con luz artificial",Lluvia,Contra objeto fijo,S/D,Atropello,Agua,"Horizontal,Vertical",Cordón divisorio,Sin restricción,"-32.921911, -60.674871","['Avenida Doctor Luis Cándido Carballo', 'Avellaneda']",2,,-32.921911,-60.674871,55.0,538.0,Municipio Rosario,Municipio,Rosario,820210,Servicio de Catastro e Información Territorial,IGN
2018,5033,2018-04-27,Viernes,0.0,20:30:00,,0.0,2,"Moto/Ciclomotor,Automóvil",Cordoba Y Bv. Oro?o,2,1,0,0,1,0,0,"-32.943666666667,-60.653416666667",Calle,,ROSARIO,Rosario,Asfalto,No existe,II,S/D,Urbana,S/D,S/D,Intersección,S/D,S/D,Nocturna,S/D,S/D,S/D,Colisión,S/D,"Horizontal,Vertical",S/D,S/D,"-32.943666666667,-60.653416666667","['Córdoba', 'Bulevar Nicasio Oroño']",2,,-32.943666666667,-60.653416666667,55.0,538.0,Municipio Rosario,Municipio,Rosario,820210,Servicio de Catastro e Información Territorial,IGN