anio_acci,nro_acci,fecha,desc_dia,fecha_aprox,hora_aprox,desc_ruta,km,cant_participantes,desc_participante,calle_avenida_km,total,heridos_leves,heridos_graves,heridos_gravisimos,ilesos,fallecidos,sin_datos,posicion_XY,desc_tipo_via,desc_ruta_ori,desc_loc,desc_dpto,desc_tipo_calzada,desc_tipo_banquina,desc_unidad_regional,desc_lugar_calzada,desc_zona,desc_prioridad,desc_estado_semaforo,desc_lugar_via,desc_estado_via,desc_estado_visibilidad,desc_luminosidad,desc_estado_clima,desc_tipo_colision,desc_tipo_atropello,desc_tipo_hecho,desc_pres_calzada,desc_senializacion,desc_separacion_via,desc_restriccion,forma_geocod,calle_lista,numero_calles,calles_osm,lat,lon,index_right,gid,fna,gna,nam,in1,fdc,sag
2018,5034,2018-04-26,Jueves,0.0,14:15:00,,0.0,2,"Moto/Ciclomotor,Automóvil",L.N.Alem Y Pasco,2,1,0,0,1,0,0,"-32.961333333333,-60.631611111111",Calle,,ROSARIO,Rosario,Asfalto,No existe,II,S/D,Urbana,Señal Pare,S/D,Intersección,S/D,S/D,Diurna,S/D,Lateral,S/D,Colisión,S/D,S/D,S/D,S/D,"-32.961333333333,-60.631611111111","['Alem', 'Pasco']",2,,-32.961333333333,-60.631611111111,55.0,538.0,Municipio Rosario,Municipio,Rosario,820210,Servicio de Catastro e Información Territorial,IGN
2018,5035,2018-04-25,Miercoles,0.0,17:50:00,,0.0,2,"Moto/Ciclomotor,Peatón",9 De Julio 345,3,2,0,0,0,0,1,"-32.95575,-60.629416666667",Calle,,ROSARIO,Rosario,S/D,No existe,II,S/D,Urbana,S/D,S/D,Recta,S/D,S/D,Diurna,S/D,S/D,Peatón,Atropello,S/D,S/D,S/D,S/D,"-32.95575,-60.629416666667",['9 De Julio 345'],1,,-32.95575,-60.629416666667,55.0,538.0,Municipio Rosario,Municipio,Rosario,820210,Servicio de Catastro e Información Territorial,IGN
2018,5036,2018-04-25,Miercoles,0.0,16:15:00,,0.0,2,"Automóvil,Bicicleta",Rioja 2200,2,1,0,0,1,0,0,"-32.944833333333,-60.653694444444",Calle,,ROSARIO,Rosario,Asfalto,No existe,II,S/D,Urbana,S/D,S/D,Recta,S/D,S/D,Diurna,S/D,S/D,Ciclista,Atropello,S/D,S/D,Ninguna,S/D,"-32.944833333333,-60.653694444444",['Rioja 2200'],1,,-32.944833333333,-60.653694444444,55.0,538.0,Municipio Rosario,Municipio,Rosario,820210,Servicio de Catastro e Información Territorial,IGN
2018,5037,2018-04-25,Miercoles,0.0,12:10:00,,0.0,2,"Peatón,Automóvil",San Juan Y Laprida,3,1,0,0,1,1,0,"-32.950972222222,-60.634972222222",Calle,,ROSARIO,Rosario,Asfalto,No existe,II,S/D,Urbana,Señal Pare,No existe,Intersección,S/D,S/D,Diurna,S/D,S/D,Peatón,Atropello,S/D,Vertical,Ninguna,S/D,"-32.950972222222,-60.634972222222","['San Juan', 'Laprida']",2,,-32.950972222222,-60.634972222222,55.0,538.0,Municipio Rosario,Municipio,Rosario,820210,Servicio de Catastro e Información Territorial,IGN
2018,5038,2018-04-25,Miercoles,0.0,08:05:00,,0.0,2,"Automóvil,Moto/Ciclomotor",Pje. Cajaraville Y Necochea,2,1,0,0,1,0,0,"-32.954416666667,-60.625583333333",Calle,,ROSARIO,Rosario,S/D,No existe,II,S/D,Urbana,S/D,S/D,Intersección,S/D,S/D,Diurna,S/D,S/D,S/D,Colisión,S/D,S/D,S/D,S/D,"-32.954416666667,-60.625583333333","['Cajaraville', 'Necochea']",2,,-32.954416666667,-60.625583333333,55.0,538.0,Municipio Rosario,Municipio,Rosario,820210,Servicio de Catastro e Información Territorial,IGN
2018,5067,2018-04-16,Lunes,0.0,18:20:00,,0.0,1,Moto/Ciclomotor,Marcos Paz Y Valparaiso,2,2,0,0,0,0,0,"-32.943027777778,-60.682972222222",Calle,,ROSARIO,Rosario,Asfalto,No existe,II,Dentro,Urbana,Ninguna,Intermitente,Intersección,Bueno,Buena,Atardecer,Buen Tiempo,S/D,S/D,Caída ocupante,Ninguna,Vertical,Ninguna,Sin restricción,"-32.943027777778,-60.682972222222","['Marcos Paz', 'Valparaíso']",2,,-32.943027777778,-60.682972222222,55.0,538.0,Municipio Rosario,Municipio,Rosario,820210,Servicio de Catastro e Información Territorial,IGN
2018,5068,2018-07-24,Martes,0.0,16:00:00,,0.0,2,"Camión Chasis,Moto/Ciclomotor",Av. Pte.Peron 6800,2,0,1,0,1,0,0,"-32.968555555556,-60.71275",Avenida,,ROSARIO,Rosario,Asfalto,No existe,II,Dentro,Urbana,Ninguna,No existe,Recta,Bueno,Buena,Diurna,Buen Tiempo,Frontal,S/D,Colisión,Ninguna,Faltante,Cordón divisorio,Sin restricción,"-32.968555555556,-60.71275",['Presidenteperon 6800'],1,,-32.968555555556,-60.71275,55.0,538.0,Municipio Rosario,Municipio,Rosario,820210,Servicio de Catastro e Información Territorial,IGN
2018,5069,2018-04-10,Martes,0.0,12:30:00,,0.0,2,"Moto/Ciclomotor,Pickup/Utilitario",Bv. Avellaneda Bis Y Grondona,2,1,0,0,0,0,1,"-32.921295, -60.674580",Calle,,ROSARIO,Rosario,Hormigón,No existe,II,Dentro,Urbana,Semáforo,Funciona,Intersección,Bueno,Buena,Diurna,Buen Tiempo,S/D,S/D,Colisión,S/D,"Horizontal,Vertical","Cordón divisorio,Línea divisoria pintada",Sin restricción,"-32.921295, -60.674580","['Avellaneda', 'Grondona']",2,,-32.921295,-60.67458,55.0,538.0,Municipio Rosario,Municipio,Rosario,820210,Servicio de Catastro e Información Territorial,IGN
2018,5070,2018-04-03,Martes,0.0,03:30:00,,0.0,2,"Moto/Ciclomotor,Automóvil",Iriondo Y San Luis,2,1,0,0,1,0,0,"-32.943388888889,-60.670305555556",Calle,,ROSARIO,Rosario,Asfalto,No existe,II,Dentro,Urbana,Ninguna,No existe,Recta,Bueno,Buena,Diurna,Buen Tiempo,De alcance,S/D,Colisión,S/D,Faltante,Ninguna,Sin restricción,"-32.943388888889,-60.670305555556","['Iriondo', 'San Luis']",2,,-32.943388888889,-60.670305555556,55.0,538.0,Municipio Rosario,Municipio,Rosario,820210,Servicio de Catastro e Información Territorial,IGN
2018,5072,2018-04-07,Sabado,0.0,18:30:00,,0.0,2,"Automóvil,Automóvil",Cayetano Silva Y J.B.Justo,3,1,0,0,2,0,0,"-32.913948, -60.679175",Calle,,ROSARIO,Rosario,Asfalto,No existe,II,Dentro,Urbana,Ninguna,No existe,Intersección,Bueno,Buena,Nocturna,Lluvia,Múltiple,S/D,Colisión,Agua,Faltante,Ninguna,Sin restricción,"-32.913948, -60.679175","['Cayetano Silva', 'Justo']",2,,-32.913948,-60.679175,55.0,538.0,Municipio Rosario,Municipio,Rosario,820210,Servicio de Catastro e Información Territorial,IGN
2018,5073,2018-07-06,Viernes,0.0,19:00:00,,0.0,2,"Bicicleta,Automóvil",Irurtia Y Anderson,2,1,0,0,1,0,0,"-32.966916666667,-60.721444444444",Calle,,ROSARIO,Rosario,Asfalto,No existe,II,Dentro,Urbana,Ninguna,No existe,Intersección,Bueno,Buena,"Atardecer,Con luz artificial",Buen Tiempo,S/D,Ciclista,Atropello,Ninguna,Faltante,Ninguna,Sin restricción,"-32.966916666667,-60.721444444444","['Irurtia', 'Anderson']",2,,-32.966916666667,-60.721444444444,55.0,538.0,Municipio Rosario,Municipio,Rosario,820210,Servicio de Catastro e Información Territorial,IGN
2018,5074,2018-07-05,Jueves,0.0,19:50:00,,0.0,2,"Moto/Ciclomotor,Automóvil",Av. Provincias Unidas Y Bv. 27 De Febrero,2,1,0,0,1,0,0,"-32.95925,-60.711944444444",Avenida,,ROSARIO,Rosario,Asfalto,No existe,II,Dentro,Urbana,Semáforo,Funciona,Intersección,Bueno,Buena,"Atardecer,Con luz artificial",Buen Tiempo,Frontal,S/D,Colisión,Ninguna,"Horizontal,Vertical",Cordón divisorio,Sin restricción,"-32.95925,-60.711944444444","['Avenida Provincias Unidas', '27 de Febrero']",2,,-32.95925,-60.711944444444,55.0,538.0,Municipio Rosario,Municipio,Rosario,820210,Servicio de Catastro e Información Territorial,IGN
2018,5076,2018-03-04,Domingo,0.0,20:00:00,,0.0,2,"Automóvil,Moto/Ciclomotor",3 De Febrero 4250,3,2,0,0,1,0,0,"-32.945083333333,-60.682805555556",Calle,,ROSARIO,Rosario,Asfalto,No existe,II,Dentro,Urbana,Ninguna,No existe,Recta,Bueno,Buena,Diurna,Buen Tiempo,Frontal,S/D,Colisión,Ninguna,Vertical,Ninguna,Sin restricción,"-32.945083333333,-60.682805555556",['3 De Febrero 4250'],1,,-32.945083333333,-60.682805555556,55.0,538.0,Municipio Rosario,Municipio,Rosario,820210,Servicio de Catastro e Información Territorial,IGN
2018,5077,2018-07-06,Viernes,0.0,17:30:00,,0.0,2,"Automóvil,Automóvil",Av. Provincias Unidas Y Bv. 27 De Febrero,5,2,0,0,3,0,0,"-32.95925,-60.711944444444",Avenida,,ROSARIO,Rosario,Asfalto,No existe,II,Dentro,Urbana,Semáforo,Funciona,Intersección,Bueno,Buena,Diurna,Buen Tiempo,De alcance,S/D,Colisión,Ninguna,"Horizontal,Vertical",Cordón divisorio,Sin restricción,"-32.95925,-60.711944444444","['Avenida Provincias Unidas', '27 de Febrero']",2,,-32.95925,-60.711944444444,55.0,538.0,Municipio Rosario,Municipio,Rosario,820210,Servicio de Catastro e Información Territorial,IGN
2018,5081,2018-04-23,Lunes,0.0,21:50:00,,0.0,2,"Moto/Ciclomotor,Taxi/Remis",Mitre Y San Lorenzo,3,2,0,0,1,0,0,"-32.943861111111,-60.639",Calle,,ROSARIO,Rosario,Asfalto,No existe,II,S/D,Urbana,S/D,No existe,Intersección,S/D,Buena,"Nocturna,Con luz artificial",S/D,Lateral,S/D,Colisión,S/D,S/D,S/D,S/D,"-32.943861111111,-60.639","['Mitre', 'San Lorenzo']",2,,-32.943861111111,-60.639,55.0,538.0,Municipio Rosario,Municipio,Rosario,820210,Servicio de Catastro e Información Territorial,IGN
2018,5083,2018-04-12,Jueves,0.0,00:30:00,,0.0,2,"Automóvil,Moto/Ciclomotor",Rio De Janeiro Y Marcos Paz,2,0,1,0,1,0,0,"-32.943277777778,-60.681611111111",Calle,,ROSARIO,Rosario,Asfalto,No existe,II,Dentro,Urbana,Ninguna,No existe,Intersección,Bueno,Buena,Diurna,Buen Tiempo,Lateral,S/D,Colisión,S/D,Faltante,Ninguna,Sin restricción,"-32.943277777778,-60.681611111111","['Río de Janeiro', 'Marcos Paz']",2,,-32.943277777778,-60.681611111111,55.0,538.0,Municipio Rosario,Municipio,Rosario,820210,Servicio de Catastro e Información Territorial,IGN
2018,5084,2018-04-23,Lunes,0.0,10:40:00,,0.0,2,"Moto/Ciclomotor,Automóvil",Santa Fe Y Italia,2,1,0,0,1,0,0,"-32.943305555556,-60.647527777778",Calle,,ROSARIO,Rosario,Asfalto,No existe,II,S/D,Urbana,S/D,S/D,Intersección,S/D,S/D,Diurna,S/D,S/D,S/D,Colisión,S/D,S/D,S/D,S/D,"-32.943305555556,-60.647527777778","['Santa Fe', 'Italia']",2,,-32.943305555556,-60.647527777778,55.0,538.0,Municipio Rosario,Municipio,Rosario,820210,Servicio de Catastro e Información Territorial,IGN
2018,5086,2018-04-22,Domingo,0.0,18:00:00,,0.0,2,"Moto/Ciclomotor,Automóvil",Av. Belgrano 650,5,1,0,0,4,0,0,"-32.94675,-60.630916666667",Avenida,,ROSARIO,Rosario,Asfalto,S/D,II,S/D,Urbana,S/D,S/D,Recta,S/D,S/D,Diurna,Lluvia,S/D,S/D,Colisión,Agua,S/D,S/D,S/D,"-32.94675,-60.630916666667",['Belgrano 650'],1,,-32.94675,-60.630916666667,55.0,538.0,Municipio Rosario,Municipio,Rosario,820210,Servicio de Catastro e Información Territorial,IGN
2018,5088,2018-04-14,Sabado,0.0,20:00:00,,0.0,2,"Peatón,Automóvil",San Nicolas 1261,2,1,0,0,1,0,0,"-32.946194444444,-60.673805555556",Calle,,ROSARIO,Rosario,Asfalto,No existe,II,Dentro,Urbana,Ninguna,No existe,Recta,Bueno,Buena,Nocturna,Buen Tiempo,S/D,Peatón,Atropello,Ninguna,Faltante,Ninguna,Sin restricción,"-32.946194444444,-60.673805555556",['San Nicolas 1261'],1,,-32.946194444444,-60.673805555556,55.0,538.0,Municipio Rosario,Municipio,Rosario,820210,Servicio de Catastro e Información Territorial,IGN
2018,5090,2018-04-22,Domingo,0.0,10:20:00,,0.0,2,"Automóvil,Moto/Ciclomotor",Italia Y Mendoza,2,1,0,0,1,0,0,"-32.949777777778,-60.649166666667",Calle,,ROSARIO,Rosario,Asfalto,No existe,II,S/D,Urbana,Semáforo,Funciona,Intersección,Bueno,S/D,Diurna,S/D,Lateral,S/D,Colisión,S/D,Vertical,S/D,S/D,"-32.949777777778,-60.649166666667","['Italia', 'Mendoza']",2,,-32.949777777778,-60.649166666667,55.0,538.0,Municipio Rosario,Municipio,Rosario,820210,Servicio de Catastro e Información Territorial,IGN
2018,5093,2018-04-21,Sabado,0.0,17:00:00,,0.0,2,"Moto/Ciclomotor,Automóvil",Av. Pellegrini Y Sarmiento,2,1,0,0,1,0,0,"-32.957277777778,-60.640888888889",Calle,,ROSARIO,Rosario,Asfalto,No existe,II,S/D,Urbana,Semáforo,Funciona,Intersección,S/D,Buena,Diurna,S/D,Lateral,S/D,Colisión,S/D,Vertical,Cordón divisorio,S/D,"-32.957277777778,-60.640888888889","['Pellegrini', 'Sarmiento']",2,,-32.957277777778,-60.640888888889,55.0,538.0,Municipio Rosario,Municipio,Rosario,820210,Servicio de Catastro e Información Territorial,IGN
2018,5096,2018-04-20,Viernes,0.0,17:35:00,,0.0,2,"Peatón,Moto/Ciclomotor",Av. Belgrano Y Santa Fe,2,1,0,0,1,0,0,"-32.947555555556,-60.629722222222",Calle,,ROSARIO,Rosario,Asfalto,No existe,II,S/D,Urbana,S/D,S/D,Recta,S/D,S/D,Diurna,S/D,S/D,Peatón,Atropello,S/D,S/D,S/D,S/D,"-32.947555555556,-60.629722222222","['Belgrano', 'Santa Fe']",2,,-32.947555555556,-60.629722222222,55.0,538.0,Municipio Rosario,Municipio,Rosario,820210,Servicio de Catastro e Información Territorial,IGN
2018,5097,2018-04-20,Viernes,0.0,11:40:00,,0.0,2,"Bicicleta,Pickup/Utilitario",Mendoza Y Maipu,2,1,0,0,1,0,0,"-32.952,-60.636555555556",Calle,,ROSARIO,Rosario,Asfalto,No existe,II,S/D,Urbana,Semáforo,Funciona,Intersección,S/D,Buena,Diurna,S/D,S/D,S/D,Colisión,Ninguna,Vertical,S/D,S/D,"-32.952,-60.636555555556","['Mendoza', 'Maipú']",2,,-32.952,-60.636555555556,55.0,538.0,Municipio Rosario,Municipio,Rosario,820210,Servicio de Catastro e Información Territorial,IGN
2018,5098,2018-04-20,Viernes,0.0,08:40:00,,0.0,2,"Moto/Ciclomotor,Automóvil",Rioja 2741,2,1,0,0,1,0,0,"-32.943527777778,-60.660944444444",Avenida,,ROSARIO,Rosario,Asfalto,No existe,II,Dentro,Urbana,Ninguna,No existe,Intersección,Bueno,Buena,Diurna,Buen Tiempo,Lateral,S/D,Colisión,Ninguna,Faltante,Ninguna,Sin restricción,"-32.943527777778,-60.660944444444",['Rioja 2741'],1,,-32.943527777778,-60.660944444444,55.0,538.0,Municipio Rosario,Municipio,Rosario,820210,Servicio de Catastro e Información Territorial,IGN
2018,5099,2018-07-01,Domingo,0.0,21:50:00,,0.0,2,"Automóvil,Automóvil",Constitucion Y Urquiza,6,4,0,0,2,0,0,"-32.936603, -60.672803",Calle,,ROSARIO,Rosario,Asfalto,No existe,II,Dentro,Urbana,Ninguna,No existe,Intersección,Bueno,Buena,Amanecer,Buen Tiempo,S/D,S/D,Colisión,Ninguna,Faltante,Ninguna,Sin restricción,"-32.936603, -60.672803","['Constitución', 'Urquiza']",2,,-32.936603,-60.672803,55.0,538.0,Municipio Rosario,Municipio,Rosario,820210,Servicio de Catastro e Información Territorial,IGN
2018,5100,2018-04-18,Miercoles,0.0,19:00:00,,0.0,2,"Bicicleta,Pickup/Utilitario",San Luis Y Bv. Oro?o,2,1,0,0,1,0,0,"-32.946472222222,-60.653222222222",Calle,,ROSARIO,Rosario,Asfalto,No existe,II,S/D,Urbana,S/D,No existe,Recta,S/D,S/D,Atardecer,S/D,S/D,Ciclista,Atropello,S/D,S/D,Ninguna,Sin restricción,"-32.946472222222,-60.653222222222","['San Luis', 'Bulevar Nicasio Oroño']",2,,-32.946472222222,-60.653222222222,55.0,538.0,Municipio Rosario,Municipio,Rosario,820210,Servicio de Catastro e Información Territorial,IGN
2018,5101,2018-04-20,Viernes,0.0,11:30:00,,0.0,2,"Moto/Ciclomotor,Automóvil",Av. Francia Y E.Zeballos,2,1,0,0,1,0,0,"-32.950138888889,-60.667555555556",Calle,,ROSARIO,Rosario,Asfalto,No existe,II,Dentro,Urbana,Ninguna,No existe,Recta,S/D,Buena,Diurna,Buen Tiempo,Contra objeto fijo,S/D,Colisión,S/D,Horizontal,S/D,Sin restricción,"-32.950138888889,-60.667555555556","['Avenida Francia', 'Zeballos']",2,,-32.950138888889,-60.667555555556,55.0,538.0,Municipio Rosario,Municipio,Rosario,820210,Servicio de Catastro e Información Territorial,IGN
2018,5102,2018-04-18,Miercoles,0.0,17:50:00,,0.0,2,"Moto/Ciclomotor,Automóvil",Av. Wheelwright Y Dorrego,2,2,0,0,0,0,0,"-32.933655852107, -60.646480320623",Calle,,ROSARIO,Rosario,Asfalto,No existe,II,S/D,Urbana,S/D,No existe,Intersección,S/D,S/D,Diurna,S/D,S/D,S/D,Colisión,S/D,S/D,S/D,S/D,"-32.933655852107, -60.646480320623","['Avenida Guillermo Wheelwright', 'Dorrego']",2,,-32.933655852107,-60.646480320623,55.0,538.0,Municipio Rosario,Municipio,Rosario,820210,Servicio de Catastro e Información Territorial,IGN
2018,5103,2018-07-02,Lunes,0.0,19:45:00,,0.0,2,"Moto/Ciclomotor,Taxi/Remis",Grandoli Y Nicolas Laguna,2,1,0,0,1,0,0,"-32.886881, -60.724169",Calle,,ROSARIO,Rosario,Asfalto,No existe,II,Dentro,Urbana,Ninguna,No existe,Intersección,Deteriorada,Reducida,Nocturna,Buen Tiempo,Lateral,S/D,Colisión,S/D,Faltante,Ninguna,Sin restricción,"-32.886881, -60.724169","['Avenida Abanderado Grandoli', 'Laguna']",2,,-32.886881,-60.724169,55.0,538.0,Municipio Rosario,Municipio,Rosario,820210,Servicio de Catastro e Información Territorial,IGN
2018,5104,2018-07-14,Sabado,0.0,21:50:00,,0.0,2,"Automóvil,Automóvil",Castellanos Y Urquiza,2,2,0,0,0,0,0,"-32.936330, -60.674180",Calle,,ROSARIO,Rosario,Asfalto,No existe,II,Dentro,Urbana,Señal Pare,No existe,Intersección,Bueno,Buena,Nocturna,Buen Tiempo,"Contra objeto fijo,De alcance",S/D,Colisión,Ninguna,Vertical,Ninguna,Sin restricción,"-32.936330, -60.674180","['Aaron Castellanos', 'Urquiza']",2,,-32.93633,-60.67418,55.0,538.0,Municipio Rosario,Municipio,Rosario,820210,Servicio de Catastro e Información Territorial,IGN
2018,5105,2018-07-14,Sabado,0.0,18:45:00,,0.0,2,"Automóvil,Moto/Ciclomotor",Av. Jorge Newbery Y Acevedo Bis,2,1,0,0,1,0,0,"-32.908861111111,-60.749416666667",Avenida,,ROSARIO,Rosario,"Asfalto,Ripio",No existe,II,Dentro,Urbana,S/D,No existe,Intersección,Deteriorada,Reducida,Nocturna,S/D,S/D,S/D,Colisión,Ninguna,Faltante,Ninguna,S/D,"-32.908861111111,-60.749416666667","['Jorge Newbery', 'Acevedo']",2,,-32.908861111111,-60.749416666667,55.0,538.0,Municipio Rosario,Municipio,Rosario,820210,Servicio de Catastro e Información Territorial,IGN
2018,5106,2018-04-03,Martes,0.0,17:50:00,,0.0,2,"Automóvil,Peatón",San Juan Y Dorrego,2,1,0,0,1,0,0,"-32.948166666667,-60.650166666667",Calle,,ROSARIO,Rosario,Asfalto,No existe,II,S/D,Urbana,S/D,S/D,Intersección,S/D,S/D,Diurna,S/D,S/D,Peatón,Atropello,S/D,S/D,S/D,S/D,"-32.948166666667,-60.650166666667","['San Juan', 'Dorrego']",2,,-32.948166666667,-60.650166666667,55.0,538.0,Municipio Rosario,Municipio,Rosario,820210,Servicio de Catastro e Información Territorial,IGN
2018,5107,2018-07-21,Sabado,0.0,21:30:00,,0.0,2,"Moto/Ciclomotor,Peatón",Cafferata Y Santa Fe,2,1,0,0,1,0,0,"-32.939185, -60.670638",Calle,,ROSARIO,Rosario,Asfalto,No existe,II,Dentro,Urbana,Semáforo,Funciona,Intersección,Bueno,Buena,Nocturna,Buen Tiempo,S/D,Peatón,Atropello,Ninguna,"Horizontal,Vertical","Cordón divisorio,Línea divisoria pintada",Sin restricción,"-32.939185, -60.670638","['Cafferata', 'Santa Fe']",2,,-32.939185,-60.670638,55.0,538.0,Municipio Rosario,Municipio,Rosario,820210,Servicio de Catastro e Información Territorial,IGN
2018,5108,2018-04-03,Martes,0.0,11:10:00,,0.0,2,"Automóvil,Peatón",Paraguay Y San Juan,2,0,1,0,0,0,1,"-32.949166666667,-60.644666666667",Calle,,ROSARIO,Rosario,Asfalto,No existe,II,S/D,Urbana,S/D,S/D,Intersección,S/D,S/D,Diurna,S/D,S/D,Peatón,Atropello,S/D,S/D,S/D,S/D,"-32.949166666667,-60.644666666667","['Paraguay', 'San Juan']",2,,-32.949166666667,-60.644666666667,55.0,538.0,Municipio Rosario,Municipio,Rosario,820210,Servicio de Catastro e Información Territorial,IGN
2018,5110,2018-07-21,Sabado,0.0,22:15:00,,0.0,2,"Pickup/Utilitario,Automóvil",San Nicolas Y San Lorenzo,4,2,0,0,2,0,0,"-32.938024, -60.671769",Calle,,ROSARIO,Rosario,Asfalto,No existe,II,Dentro,Urbana,Ninguna,No existe,Intersección,Con baches,Buena,Nocturna,Buen Tiempo,Lateral,S/D,Colisión,Ninguna,Faltante,Ninguna,Sin restricción,"-32.938024, -60.671769","['San Nicolás', 'San Lorenzo']",2,,-32.938024,-60.671769,55.0,538.0,Municipio Rosario,Municipio,Rosario,820210,Servicio de Catastro e Información Territorial,IGN
2018,5111,2018-07-09,Lunes,0.0,08:40:00,,0.0,2,"Moto/Ciclomotor,Transporte de Pasajeros Urbano (> 8 asientos)",Medrano Y P.Araoz,2,1,0,0,1,0,0,"-32.890805555556,-60.702944444444",Calle,,ROSARIO,Rosario,Asfalto,No existe,II,Dentro,Urbana,Ninguna,No existe,Intersección,Bueno,Buena,Diurna,Buen Tiempo,Lateral,S/D,Colisión,Ninguna,Faltante,Ninguna,Sin restricción,"-32.890805555556,-60.702944444444","['Medrano', 'Aráoz']",2,,-32.890805555556,-60.702944444444,55.0,538.0,Municipio Rosario,Municipio,Rosario,820210,Servicio de Catastro e Información Territorial,IGN
2018,5115,2018-07-29,Domingo,0.0,11:50:00,,0.0,2,"Moto/Ciclomotor,Automóvil",Av. Ovidio Lagos Y San Lorenzo,4,1,0,0,3,0,0,"-32.939953, -60.660863",Calle,,ROSARIO,Rosario,Asfalto,No existe,II,Dentro,Urbana,Semáforo,Funciona,Intersección,Bueno,Buena,Diurna,Buen Tiempo,Lateral,S/D,Colisión,Ninguna,"Horizontal,Vertical",Ninguna,Sin restricción,"-32.939953, -60.660863","['Avenida Ovidio Lagos', 'San Lorenzo']",2,,-32.939953,-60.660863,55.0,538.0,Municipio Rosario,Municipio,Rosario,820210,Servicio de Catastro e Información Territorial,IGN
2018,5116,2018-07-29,Domingo,0.0,19:00:00,,0.0,2,"Bicicleta,Moto/Ciclomotor",Salta Y Av. Ovidio Lagos,2,1,0,0,1,0,0,"-32.935302, -60.659625",Avenida,,ROSARIO,Rosario,Asfalto,No existe,II,Dentro,Urbana,Semáforo,Funciona,Intersección,Bueno,Buena,Diurna,Buen Tiempo,S/D,Ciclista,Atropello,Ninguna,"Horizontal,Vertical",Línea divisoria pintada,Sin restricción,"-32.935302, -60.659625","['Salta', 'Avenida Ovidio Lagos']",2,,-32.935302,-60.659625,55.0,538.0,Municipio Rosario,Municipio,Rosario,820210,Servicio de Catastro e Información Territorial,IGN
2018,5117,2018-07-14,Sabado,0.0,19:40:00,,0.0,3,"Moto/Ciclomotor,Peatón,Peatón",Bv. Avellaneda Y San Lorenzo,3,2,0,0,1,0,0,"-32.936793, -60.678621",Calle,,ROSARIO,Rosario,Asfalto,No existe,II,Dentro,Urbana,Semáforo,Funciona,Intersección,Bueno,Buena,Diurna,Buen Tiempo,S/D,Peatón,Atropello,Ninguna,Vertical,Cordón divisorio,Sin restricción,"-32.936793, -60.678621","['Avellaneda', 'San Lorenzo']",2,,-32.936793,-60.678621,55.0,538.0,Municipio Rosario,Municipio,Rosario,820210,Servicio de Catastro e Información Territorial,IGN
2018,5118,2018-07-18,Miercoles,0.0,17:40:00,,0.0,2,"Taxi/Remis,Moto/Ciclomotor",Santa Fe Y Pueyrredon,2,1,0,0,1,0,0,"-32.941627, -60.656999",Calle,,ROSARIO,Rosario,Asfalto,No existe,II,Dentro,Urbana,Semáforo,Funciona,Intersección,Bueno,Buena,Atardecer,Buen Tiempo,Frontal,S/D,Colisión,Ninguna,"Horizontal,Vertical",Ninguna,Sin restricción,"-32.941627, -60.656999","['Santa Fe', 'Pueyrredón']",2,,-32.941627,-60.656999,55.0,538.0,Municipio Rosario,Municipio,Rosario,820210,Servicio de Catastro e Información Territorial,IGN
2018,5119,2018-07-18,Miercoles,0.0,08:45:00,,0.0,2,"Moto/Ciclomotor,Automóvil",Av. Ovidio Lagos Y Tucuman,2,1,0,0,1,0,0,"-32.937600, -60.660233",Calle,,ROSARIO,Rosario,Asfalto,No existe,II,Dentro,Urbana,Semáforo,Funciona,Intersección,Bueno,Buena,Diurna,Buen Tiempo,S/D,S/D,Colisión,Ninguna,"Horizontal,Vertical",Ninguna,Sin restricción,"-32.937600, -60.660233","['Avenida Ovidio Lagos', 'Tucumán']",2,,-32.9376,-60.660233,55.0,538.0,Municipio Rosario,Municipio,Rosario,820210,Servicio de Catastro e Información Territorial,IGN
2018,5120,2018-07-04,Miercoles,0.0,17:05:00,,0.0,2,"Automóvil,Moto/Ciclomotor",Catamarca Y Crespo,2,1,0,0,1,0,0,"-32.935248, -60.666780",Calle,,ROSARIO,Rosario,Asfalto,No existe,II,Dentro,Urbana,Semáforo,Funciona,Intersección,Bueno,Buena,Atardecer,Buen Tiempo,S/D,S/D,Colisión,Ninguna,Vertical,Ninguna,Sin restricción,"-32.935248, -60.666780","['Catamarca', 'Crespo']",2,,-32.935248,-60.66678,55.0,538.0,Municipio Rosario,Municipio,Rosario,820210,Servicio de Catastro e Información Territorial,IGN
2018,5121,2018-07-10,Martes,0.0,22:15:00,,0.0,2,"Bicicleta,Automóvil",J.J.Paso Y Campbell,3,1,0,0,2,0,0,"-32.920099, -60.708750",Calle,,ROSARIO,Rosario,Asfalto,No existe,II,Dentro,Urbana,Paso Peatonal,No existe,Intersección,Bueno,Buena,Nocturna,S/D,S/D,Ciclista,Atropello,S/D,Horizontal,Línea divisoria pintada,Sin restricción,"-32.920099, -60.708750","['Paso', 'Campbell']",2,,-32.920099,-60.70875,55.0,538.0,Municipio Rosario,Municipio,Rosario,820210,Servicio de Catastro e Información Territorial,IGN