anio_acci,nro_acci,fecha,desc_dia,fecha_aprox,hora_aprox,desc_ruta,km,cant_participantes,desc_participante,calle_avenida_km,total,heridos_leves,heridos_graves,heridos_gravisimos,ilesos,fallecidos,sin_datos,posicion_XY,desc_tipo_via,desc_ruta_ori,desc_loc,desc_dpto,desc_tipo_calzada,desc_tipo_banquina,desc_unidad_regional,desc_lugar_calzada,desc_zona,desc_prioridad,desc_estado_semaforo,desc_lugar_via,desc_estado_via,desc_estado_visibilidad,desc_luminosidad,desc_estado_clima,desc_tipo_colision,desc_tipo_atropello,desc_tipo_hecho,desc_pres_calzada,desc_senializacion,desc_separacion_via,desc_restriccion,forma_geocod,calle_lista,numero_calles,calles_osm,lat,lon,index_right,gid,fna,gna,nam,in1,fdc,sag
2018,5122,2018-07-13,Viernes,0.0,,,0.0,2,"Automóvil,Moto/Ciclomotor",Av. Provincias Unidas Y Av. Sorrento,3,1,0,0,2,0,0,"-32.908024, -60.713877",Avenida,,ROSARIO,Rosario,Hormigón,No existe,II,Dentro,Urbana,Ninguna,No existe,Intersección,Bueno,S/D,S/D,S/D,S/D,S/D,Colisión,S/D,Faltante,Guardarrail,S/D,"-32.908024, -60.713877","['Avenida Provincias Unidas', 'Sorrento']",2,,-32.908024,-60.713877,55.0,538.0,Municipio Rosario,Municipio,Rosario,820210,Servicio de Catastro e Información Territorial,IGN
2018,5123,2018-07-15,Domingo,0.0,18:20:00,,0.0,2,"Automóvil,Automóvil",J.J.Paso Y Colombia Bis,3,1,0,0,2,0,0,"-32.920444, -60.717013",Calle,,ROSARIO,Rosario,Asfalto,No existe,II,Dentro,Urbana,Ninguna,No existe,Recta,Bueno,Buena,Atardecer,Buen Tiempo,S/D,S/D,Colisión,Ninguna,Faltante,Cordón divisorio,Sin restricción,"-32.920444, -60.717013","['Paso', 'Colombia']",2,,-32.920444,-60.717013,55.0,538.0,Municipio Rosario,Municipio,Rosario,820210,Servicio de Catastro e Información Territorial,IGN
2018,5124,2018-07-16,Lunes,0.0,13:45:00,,0.0,2,"Moto/Ciclomotor,Automóvil",Brasil Bis Y J.J.Paso,2,1,0,0,1,0,0,"-32.920548, -60.720438",Calle,,ROSARIO,Rosario,Asfalto,No existe,II,Dentro,Urbana,Ninguna,No existe,Intersección,Bueno,S/D,Diurna,S/D,S/D,S/D,Colisión,S/D,Faltante,Cordón divisorio,S/D,"-32.920548, -60.720438","['Brasil', 'Paso']",2,,-32.920548,-60.720438,55.0,538.0,Municipio Rosario,Municipio,Rosario,820210,Servicio de Catastro e Información Territorial,IGN
2018,5125,2018-07-21,Sabado,0.0,08:20:00,,0.0,2,"Moto/Ciclomotor,Moto/Ciclomotor",Av. Genova 3000,3,0,1,0,2,0,0,"-32.915885, -60.708133",Avenida,,ROSARIO,Rosario,Asfalto,No existe,II,Dentro,Urbana,Ninguna,No existe,Recta,Bueno,Buena,Amanecer,S/D,S/D,S/D,Colisión,S/D,Faltante,Ninguna,S/D,"-32.915885, -60.708133",['Genova 3000'],1,,-32.915885,-60.708133,55.0,538.0,Municipio Rosario,Municipio,Rosario,820210,Servicio de Catastro e Información Territorial,IGN
2018,5126,2018-07-22,Domingo,0.0,06:00:00,,0.0,2,"Automóvil,Moto/Ciclomotor",Av. Genova Y Av. Provincias Unidas,3,1,0,0,2,0,0,"-32.916059, -60.713799",Avenida,,ROSARIO,Rosario,Asfalto,No existe,II,Dentro,Urbana,Semáforo,Funciona,Intersección,S/D,Buena,Amanecer,S/D,S/D,S/D,Colisión,Ninguna,Vertical,Cordón divisorio,S/D,"-32.916059, -60.713799","['Genova', 'Avenida Provincias Unidas']",2,,-32.916059,-60.713799,55.0,538.0,Municipio Rosario,Municipio,Rosario,820210,Servicio de Catastro e Información Territorial,IGN
2018,5127,2018-07-01,Domingo,0.0,14:25:00,,0.0,2,"Automóvil,Moto/Ciclomotor",Diaz Velez Y Junin,2,1,0,0,1,0,0,"-32.926818, -60.684627",Calle,,ROSARIO,Rosario,Asfalto,No existe,II,Dentro,Urbana,Ninguna,No existe,Intersección,Bueno,Buena,Diurna,Buen Tiempo,Lateral,S/D,Colisión,Ninguna,Faltante,Ninguna,Sin restricción,"-32.926818, -60.684627","['Díaz Vélez', 'Junín']",2,,-32.926818,-60.684627,55.0,538.0,Municipio Rosario,Municipio,Rosario,820210,Servicio de Catastro e Información Territorial,IGN
2018,5128,2018-07-03,Martes,0.0,13:30:00,,0.0,2,"Automóvil,Peatón",Suiza 235,2,1,0,0,1,0,0,"-32.927362, -60.687594",Calle,,ROSARIO,Rosario,Asfalto,No existe,II,Dentro,Urbana,Ninguna,No existe,Recta,Bueno,Buena,Diurna,Buen Tiempo,S/D,Peatón,Atropello,Ninguna,Faltante,Ninguna,Sin restricción,"-32.927362, -60.687594",['Suiza 235'],1,,-32.927362,-60.687594,55.0,538.0,Municipio Rosario,Municipio,Rosario,820210,Servicio de Catastro e Información Territorial,IGN
2018,5129,2018-01-01,Lunes,0.0,09:30:00,,0.0,2,"Taxi/Remis,Moto/Ciclomotor",Av. Pellegrini Y Laprida,2,0,1,0,1,0,0,"-32.957945936946, -60.636953114200",Calle,,ROSARIO,Rosario,Asfalto,No existe,II,S/D,Urbana,S/D,S/D,Intersección,S/D,S/D,Diurna,S/D,S/D,S/D,Colisión,S/D,S/D,S/D,S/D,"-32.957945936946, -60.636953114200","['Pellegrini', 'Laprida']",2,,-32.957945936946,-60.6369531142,55.0,538.0,Municipio Rosario,Municipio,Rosario,820210,Servicio de Catastro e Información Territorial,IGN
2018,5130,2018-07-11,Miercoles,0.0,09:30:00,,0.0,2,"Automóvil,Moto/Ciclomotor",Junin Y Av. Francia Bis,2,1,0,0,1,0,0,"-32.926503, -60.661843",Avenida,,ROSARIO,Rosario,Asfalto,No existe,II,Dentro,Urbana,Paso Peatonal,No existe,Recta,Bueno,Buena,Diurna,Buen Tiempo,Lateral,S/D,Colisión,Ninguna,Horizontal,"Cordón divisorio,Vegetación",Sin restricción,"-32.926503, -60.661843","['Junín', 'Avenida Francia']",2,,-32.926503,-60.661843,55.0,538.0,Municipio Rosario,Municipio,Rosario,820210,Servicio de Catastro e Información Territorial,IGN
2018,5131,2018-07-23,Lunes,0.0,09:55:00,,0.0,2,"Automóvil,Moto/Ciclomotor",Bv. Argentino Y Sarratea Bis,2,1,0,0,1,0,0,"-32.924509652681, -60.741166784764",Avenida,,ROSARIO,Rosario,Asfalto,No existe,II,Dentro,Urbana,Señal Pare,No existe,Recta,Otro,S/D,Diurna,Otro,De alcance,S/D,Colisión,Otro,Vertical,Ninguna,Sin restricción,"-32.924509652681, -60.741166784764","['Argentino', 'Sarratea']",2,,-32.924509652681,-60.741166784764,55.0,538.0,Municipio Rosario,Municipio,Rosario,820210,Servicio de Catastro e Información Territorial,IGN
2018,5132,2018-04-05,Jueves,0.0,12:20:00,,0.0,2,"Moto/Ciclomotor,Automóvil",Dorrego Y Rioja,2,0,0,0,1,0,1,"-32.945629233150, -60.649505852390",Calle,,ROSARIO,Rosario,Asfalto,No existe,II,S/D,Urbana,S/D,No existe,Intersección,Bueno,S/D,Diurna,S/D,S/D,S/D,Colisión,S/D,Faltante,S/D,S/D,"-32.945629233150, -60.649505852390","['Dorrego', 'Rioja']",2,,-32.94562923315,-60.64950585239,55.0,538.0,Municipio Rosario,Municipio,Rosario,820210,Servicio de Catastro e Información Territorial,IGN
2018,5133,2018-04-05,Jueves,0.0,07:30:00,,0.0,2,"Transporte de Pasajeros Urbano (> 8 asientos),Peatón",San Lorenzo Y Mitre,2,1,0,0,1,0,0,"-32.943869704036, -60.638948677707",Calle,,ROSARIO,Rosario,Asfalto,No existe,II,S/D,Urbana,S/D,S/D,Intersección,S/D,S/D,Diurna,S/D,S/D,Peatón,Atropello,S/D,S/D,S/D,S/D,"-32.943869704036, -60.638948677707","['San Lorenzo', 'Mitre']",2,,-32.943869704036,-60.638948677707,55.0,538.0,Municipio Rosario,Municipio,Rosario,820210,Servicio de Catastro e Información Territorial,IGN
2018,5134,2018-07-11,Miercoles,0.0,13:20:00,,0.0,2,"Moto/Ciclomotor,Automóvil",Albert Sabin Y Eguren,2,1,0,0,1,0,0,"-32.925928, -60.680908",Avenida,,ROSARIO,Rosario,Asfalto,No existe,II,Dentro,Urbana,Paso Peatonal,No existe,Recta,Bueno,Buena,Diurna,Buen Tiempo,Lateral,S/D,Colisión,Ninguna,Horizontal,Cordón divisorio,Sin restricción,"-32.925928, -60.680908","['Avenida Travesía Albert Sabin', 'Eguren']",2,,-32.925928,-60.680908,55.0,538.0,Municipio Rosario,Municipio,Rosario,820210,Servicio de Catastro e Información Territorial,IGN
2018,5135,2018-07-07,Sabado,0.0,21:45:00,,0.0,2,"Moto/Ciclomotor,Automóvil",Velez Sarsfield Y Av. Provincias Unidas Bis,5,2,0,0,3,0,0,"-32.926032275550, -60.713251100990",Avenida,,ROSARIO,Rosario,Asfalto,No existe,II,Dentro,Urbana,Semáforo,Funciona,Intersección,S/D,S/D,Nocturna,Buen Tiempo,Lateral,S/D,Colisión,Otro,"Horizontal,Vertical",Cordón divisorio,S/D,"-32.926032275550, -60.713251100990","['Vélez Sarsfield', 'Avenida Provincias Unidas']",2,,-32.92603227555,-60.71325110099,55.0,538.0,Municipio Rosario,Municipio,Rosario,820210,Servicio de Catastro e Información Territorial,IGN
2018,5136,2018-07-12,Jueves,0.0,21:45:00,,0.0,2,"Automóvil,Peatón",Av. Alberdi Bis 100,2,1,0,0,1,0,0,"-32.930283, -60.673631",Avenida,,ROSARIO,Rosario,Asfalto,No existe,II,Dentro,Urbana,Semáforo,Funciona,Intersección,Bueno,Buena,Nocturna,Buen Tiempo,S/D,Peatón,Atropello,Ninguna,"Horizontal,Vertical","Cordón divisorio,Vegetación",Sin restricción,"-32.930283, -60.673631",['Alberdi Bis 100'],1,,-32.930283,-60.673631,55.0,538.0,Municipio Rosario,Municipio,Rosario,820210,Servicio de Catastro e Información Territorial,IGN
2018,5137,2018-07-18,Miercoles,0.0,20:30:00,,0.0,2,"Automóvil,Moto/Ciclomotor",Av. Alberdi Bis Y Velez Sarsfield,3,2,0,0,1,0,0,"-32.924950, -60.677934",Avenida,,ROSARIO,Rosario,Asfalto,No existe,II,Dentro,Urbana,Semáforo,Funciona,Recta,"Bueno,Resbaladiza",Buena,"Nocturna,Con luz artificial",Lluvia,De alcance,S/D,Colisión,Agua,"Horizontal,Vertical","Cordón divisorio,Línea divisoria pintada",Sin restricción,"-32.924950, -60.677934","['Alberdi', 'Vélez Sarsfield']",2,,-32.92495,-60.677934,55.0,538.0,Municipio Rosario,Municipio,Rosario,820210,Servicio de Catastro e Información Territorial,IGN
2018,5138,2018-04-05,Jueves,0.0,11:30:00,,0.0,2,"Moto/Ciclomotor,Automóvil",Buenos Aires Y Bv. 27 De Febrero,2,1,0,0,1,0,0,"-32.968524569301, -60.638004540134",Calle,,ROSARIO,Rosario,S/D,No existe,II,S/D,Urbana,S/D,S/D,Intersección,S/D,S/D,Diurna,S/D,S/D,S/D,Colisión,S/D,S/D,S/D,S/D,"-32.968524569301, -60.638004540134","['Buenos Aires', '27 de Febrero']",2,,-32.968524569301,-60.638004540134,55.0,538.0,Municipio Rosario,Municipio,Rosario,820210,Servicio de Catastro e Información Territorial,IGN
2018,5139,2018-07-23,Lunes,0.0,07:30:00,,0.0,2,"Moto/Ciclomotor,Automóvil",Pje. J.M.Estrada Bis Y Av. Luis Carballo,2,1,0,0,1,0,0,"-32.921981, -60.676902",Avenida,,ROSARIO,Rosario,Asfalto,No existe,II,Dentro,Urbana,Semáforo,Funciona,Recta,Bueno,Buena,Diurna,Buen Tiempo,Frontal,S/D,Colisión,Ninguna,Vertical,Cordón divisorio,Sin restricción,"-32.921981, -60.676902","['Estrada', 'Avenida Doctor Luis Cándido Carballo']",2,,-32.921981,-60.676902,55.0,538.0,Municipio Rosario,Municipio,Rosario,820210,Servicio de Catastro e Información Territorial,IGN
2018,5140,2018-04-06,Viernes,0.0,10:55:00,,0.0,2,"Taxi/Remis,Automóvil",Espa?a 1137,3,1,0,0,2,0,0,"-32.949126833705, -60.647596119571",Calle,,ROSARIO,Rosario,Asfalto,No existe,II,S/D,Urbana,S/D,S/D,Recta,S/D,Buena,Diurna,Otro,S/D,S/D,Colisión,Agua,S/D,S/D,S/D,"-32.949126833705, -60.647596119571",['Espa?a 1137'],1,,-32.949126833705,-60.647596119571,55.0,538.0,Municipio Rosario,Municipio,Rosario,820210,Servicio de Catastro e Información Territorial,IGN
2018,5141,2018-04-06,Viernes,0.0,20:00:00,,0.0,2,"Moto/Ciclomotor,Taxi/Remis",Pte.Roca Y Urquiza,3,2,0,0,0,0,1,"-32.941723936824, -60.644291638065",Calle,,ROSARIO,Rosario,Asfalto,No existe,II,S/D,Urbana,S/D,S/D,Intersección,Bueno,S/D,"Nocturna,Con luz artificial",S/D,S/D,S/D,Colisión,S/D,S/D,Ninguna,S/D,"-32.941723936824, -60.644291638065","['Roca', 'Urquiza']",2,,-32.941723936824,-60.644291638065,55.0,538.0,Municipio Rosario,Municipio,Rosario,820210,Servicio de Catastro e Información Territorial,IGN
2018,5142,2018-04-06,Viernes,0.0,22:00:00,,0.0,2,"Pickup/Utilitario,Automóvil",Av. Pellegrini 900,2,1,0,0,1,0,0,"-32.957495325832, -60.639206169773",Avenida,,ROSARIO,Rosario,Asfalto,No existe,II,S/D,Urbana,S/D,S/D,Recta,S/D,S/D,"Nocturna,Con luz artificial",S/D,S/D,S/D,Colisión,S/D,S/D,Cordón divisorio,S/D,"-32.957495325832, -60.639206169773",['Pellegrini 900'],1,,-32.957495325832,-60.639206169773,55.0,538.0,Municipio Rosario,Municipio,Rosario,820210,Servicio de Catastro e Información Territorial,IGN
2018,5143,2018-04-08,Domingo,0.0,23:55:00,,0.0,2,"Taxi/Remis,Moto/Ciclomotor",J.M.de Rosas Y Mendoza,2,1,0,0,1,0,0,"-32.952731722621, -60.632511376072",Calle,,ROSARIO,Rosario,Asfalto,No existe,II,S/D,Urbana,S/D,S/D,Intersección,Bueno,S/D,"Nocturna,Con luz artificial",S/D,S/D,S/D,Colisión,S/D,S/D,S/D,S/D,"-32.952731722621, -60.632511376072","['De Rosas', 'Mendoza']",2,,-32.952731722621,-60.632511376072,55.0,538.0,Municipio Rosario,Municipio,Rosario,820210,Servicio de Catastro e Información Territorial,IGN
2018,5144,2018-04-08,Domingo,0.0,09:30:00,,0.0,2,"Automóvil,Transporte de Pasajeros Urbano (> 8 asientos)",Rioja Y Italia,2,1,0,0,1,0,0,"-32.945843809871, -60.648154019046",Calle,,ROSARIO,Rosario,Asfalto,No existe,II,S/D,Urbana,S/D,S/D,Intersección,S/D,S/D,Diurna,S/D,S/D,S/D,Colisión,S/D,S/D,Ninguna,S/D,"-32.945843809871, -60.648154019046","['Rioja', 'Italia']",2,,-32.945843809871,-60.648154019046,55.0,538.0,Municipio Rosario,Municipio,Rosario,820210,Servicio de Catastro e Información Territorial,IGN
2018,5145,2018-04-06,Viernes,0.0,10:15:00,,0.0,3,"Automóvil,Automóvil,Automóvil",9 De Julio Y Dorrego,5,2,0,0,3,0,0,"-32.951873415737, -60.651093720127",Calle,,ROSARIO,Rosario,Asfalto,No existe,II,S/D,Urbana,Semáforo,Funciona,Intersección,S/D,S/D,Diurna,Lluvia,S/D,S/D,Colisión,Agua,Vertical,Ninguna,S/D,"-32.951873415737, -60.651093720127","['9 de Julio', 'Dorrego']",2,,-32.951873415737,-60.651093720127,55.0,538.0,Municipio Rosario,Municipio,Rosario,820210,Servicio de Catastro e Información Territorial,IGN
2018,5146,2018-04-11,Miercoles,0.0,17:05:00,,0.0,2,"Bicicleta,Automóvil",3 De Febrero 1200,2,1,0,0,1,0,0,"-32.952431315212, -60.641351936985",Calle,,ROSARIO,Rosario,Asfalto,No existe,II,S/D,Urbana,S/D,S/D,Recta,Bueno,S/D,Diurna,S/D,S/D,Ciclista,Atropello,S/D,S/D,S/D,S/D,"-32.952431315212, -60.641351936985",['3 De Febrero 1200'],1,,-32.952431315212,-60.641351936985,55.0,538.0,Municipio Rosario,Municipio,Rosario,820210,Servicio de Catastro e Información Territorial,IGN
2018,5147,2018-04-13,Viernes,0.0,18:30:00,,0.0,2,"Automóvil,Automóvil",9 De Julio Y Balcarce,2,1,0,0,1,0,0,"-32.951358431606, -60.653754471470",Calle,,ROSARIO,Rosario,Asfalto,No existe,II,S/D,Urbana,S/D,S/D,Intersección,S/D,S/D,Atardecer,S/D,S/D,S/D,Colisión,S/D,S/D,Ninguna,S/D,"-32.951358431606, -60.653754471470","['9 de Julio', 'Balcarce']",2,,-32.951358431606,-60.65375447147,55.0,538.0,Municipio Rosario,Municipio,Rosario,820210,Servicio de Catastro e Información Territorial,IGN
2018,5148,2018-04-14,Sabado,0.0,09:00:00,,0.0,2,"Automóvil,Moto/Ciclomotor",Cerrito Y Necochea,3,1,0,0,2,0,0,"-32.964361780910, -60.628005264927",Calle,,ROSARIO,Rosario,Asfalto,No existe,II,S/D,Urbana,Señal Pare,No existe,S/D,Bueno,Buena,Diurna,S/D,S/D,S/D,Colisión,S/D,S/D,Ninguna,S/D,"-32.964361780910, -60.628005264927","['Cerrito', 'Necochea']",2,,-32.96436178091,-60.628005264927,55.0,538.0,Municipio Rosario,Municipio,Rosario,820210,Servicio de Catastro e Información Territorial,IGN
2018,5149,2018-04-14,Sabado,0.0,07:55:00,,0.0,2,"Moto/Ciclomotor,Automóvil",Mendoza Y Dorrego,2,1,0,0,1,0,0,"-32.949513071803, -60.650514362980",Calle,,ROSARIO,Rosario,Asfalto,No existe,II,S/D,Urbana,Semáforo,Funciona,Intersección,S/D,S/D,Diurna,S/D,Lateral,S/D,Colisión,S/D,Vertical,Ninguna,S/D,"-32.949513071803, -60.650514362980","['Mendoza', 'Dorrego']",2,,-32.949513071803,-60.65051436298,55.0,538.0,Municipio Rosario,Municipio,Rosario,820210,Servicio de Catastro e Información Territorial,IGN
2018,5150,2018-04-15,Domingo,0.0,08:10:00,,0.0,2,"Taxi/Remis,Moto/Ciclomotor",Av. Illia Y Sarmiento,2,0,1,0,1,0,0,"-32.939835661678, -60.636545418430",Calle,,ROSARIO,Rosario,Asfalto,No existe,II,S/D,Urbana,Semáforo,S/D,Intersección,S/D,S/D,Diurna,S/D,S/D,S/D,Colisión,S/D,S/D,Ninguna,S/D,"-32.939835661678, -60.636545418430","['Illia', 'Sarmiento']",2,,-32.939835661678,-60.63654541843,55.0,538.0,Municipio Rosario,Municipio,Rosario,820210,Servicio de Catastro e Información Territorial,IGN
2018,5156,2018-02-05,Lunes,0.0,01:00:00,,0.0,2,"Moto/Ciclomotor,Otros",San Martin Y Centenario,2,1,0,0,0,0,1,"-33.00425, -60.64952",Calle,,ROSARIO,Rosario,S/D,S/D,II,S/D,Urbana,S/D,S/D,S/D,S/D,S/D,S/D,S/D,S/D,S/D,Colisión,S/D,S/D,S/D,S/D,"-33.00425, -60.64952","['San Martin', 'Centenario']",2,,-33.00425,-60.64952,55.0,538.0,Municipio Rosario,Municipio,Rosario,820210,Servicio de Catastro e Información Territorial,IGN
2018,5158,2018-02-11,Domingo,0.0,18:00:00,,0.0,2,"Moto/Ciclomotor,Otros",ESPINOSA Y ROUILLON,2,0,1,0,0,0,1,"-32.97667, -60.70081",Calle,,ROSARIO,Rosario,S/D,S/D,II,S/D,Urbana,S/D,S/D,S/D,S/D,S/D,S/D,S/D,S/D,S/D,Colisión,S/D,S/D,S/D,S/D,"-32.97667, -60.70081","['Espinosa', 'Alfredo Rouillón']",2,,-32.97667,-60.70081,55.0,538.0,Municipio Rosario,Municipio,Rosario,820210,Servicio de Catastro e Información Territorial,IGN
2018,5159,2018-02-13,Martes,0.0,01:00:00,,0.0,2,"Moto/Ciclomotor,Otros",Ayolas ,2,1,0,0,0,0,1,"-32.97906, -60.63311",Calle,,ROSARIO,Rosario,S/D,S/D,II,S/D,Urbana,S/D,S/D,S/D,S/D,S/D,S/D,S/D,S/D,S/D,Colisión,S/D,S/D,S/D,S/D,"-32.97906, -60.63311",['Ayolas'],1,,-32.97906,-60.63311,55.0,538.0,Municipio Rosario,Municipio,Rosario,820210,Servicio de Catastro e Información Territorial,IGN
2018,5163,2018-07-29,Domingo,0.0,17:00:00,,0.0,2,"Moto/Ciclomotor,Automóvil",Acevedo Bis Y Pje. Nazca,2,1,0,0,1,0,0,"-32.916436336858, -60.749132067033",Calle,,ROSARIO,Rosario,Asfalto,No existe,II,Dentro,Urbana,Ninguna,No existe,Intersección,Bueno,Buena,Diurna,Otro,Lateral,S/D,Colisión,Ninguna,Faltante,Ninguna,S/D,"-32.916436336858, -60.749132067033","['Acevedo', 'Nazca']",2,,-32.916436336858,-60.749132067033,55.0,538.0,Municipio Rosario,Municipio,Rosario,820210,Servicio de Catastro e Información Territorial,IGN
2018,5165,2018-03-01,Jueves,0.0,15:20:00,,0.0,2,"Automóvil,Bicicleta",Dorrego Y Bv. Segui,2,1,0,0,1,0,0,"-32.977055555556,-60.657444444444",Calle,,ROSARIO,Rosario,Asfalto,No existe,II,Dentro,Urbana,Ninguna,No existe,Intersección,Bueno,S/D,Diurna,S/D,S/D,Ciclista,Atropello,Ninguna,Faltante,Vegetación,Sin restricción,"-32.977055555556,-60.657444444444","['Dorrego', 'Bulevar Juan Francisco Seguí']",2,,-32.977055555556,-60.657444444444,55.0,538.0,Municipio Rosario,Municipio,Rosario,820210,Servicio de Catastro e Información Territorial,IGN
2018,5167,2018-07-21,Sabado,0.0,12:25:00,,0.0,2,"Pickup/Utilitario,Moto/Ciclomotor",Ricardo Gutierrez Y Bv. Rondeau,2,1,0,0,1,0,0,"-32.881470, -60.696310",Avenida,,ROSARIO,Rosario,Asfalto,No existe,II,Dentro,Urbana,Semáforo,Funciona,Intersección,Bueno,Buena,Diurna,Buen Tiempo,De alcance,S/D,Colisión,Ninguna,"Horizontal,Vertical","Cordón divisorio,Vegetación,Línea divisoria pintada",Sin restricción,"-32.881470, -60.696310","['Ricardo Gutierrez', 'Rondeau']",2,,-32.88147,-60.69631,55.0,538.0,Municipio Rosario,Municipio,Rosario,820210,Servicio de Catastro e Información Territorial,IGN
2018,5168,2018-07-14,Sabado,0.0,18:00:00,,0.0,2,"Pickup/Utilitario,Moto/Ciclomotor",Bolivia Bis Y F.M.Esquiu,2,1,0,0,1,0,0,"-32.923166065933, -60.714587457878",Calle,,ROSARIO,Rosario,Asfalto,No existe,II,Dentro,Urbana,Ninguna,No existe,Recta,Bueno,S/D,Diurna,Otro,Frontal,S/D,Colisión,Otro,Faltante,Ninguna,S/D,"-32.923166065933, -60.714587457878","['Bolivia', 'Esquiú']",2,,-32.923166065933,-60.714587457878,55.0,538.0,Municipio Rosario,Municipio,Rosario,820210,Servicio de Catastro e Información Territorial,IGN
2018,5169,2018-07-19,Jueves,0.0,11:45:00,,0.0,2,"Automóvil,Moto/Ciclomotor",Iturraspe 3800,2,0,1,0,1,0,0,"-32.878450, -60.688425",Calle,,ROSARIO,Rosario,Asfalto,No existe,II,Dentro,Urbana,Ninguna,No existe,Cruce,Bueno,S/D,Diurna,Buen Tiempo,De alcance,S/D,Colisión,Ninguna,Faltante,Ninguna,Sin restricción,"-32.878450, -60.688425",['Iturraspe 3800'],1,,-32.87845,-60.688425,55.0,538.0,Municipio Rosario,Municipio,Rosario,820210,Servicio de Catastro e Información Territorial,IGN
2018,5170,2018-07-07,Sabado,0.0,19:10:00,,0.0,2,"Moto/Ciclomotor,Moto/Ciclomotor",Matheu Y Bv. Rondeau,2,1,0,0,1,0,0,"-32.888413, -60.694217",Avenida,,ROSARIO,Rosario,Asfalto,No existe,II,Dentro,Urbana,Semáforo,Funciona,Intersección,Bueno,Buena,Atardecer,Buen Tiempo,Frontal,S/D,Colisión,Ninguna,"Horizontal,Vertical","Cordón divisorio,Vegetación",Sin restricción,"-32.888413, -60.694217","['Matheu', 'Rondeau']",2,,-32.888413,-60.694217,55.0,538.0,Municipio Rosario,Municipio,Rosario,820210,Servicio de Catastro e Información Territorial,IGN
2018,5171,2018-07-30,Lunes,0.0,12:50:00,,0.0,2,"Automóvil,Bicicleta",Bv. Rondeau 3400,2,1,0,0,1,0,0,"-32.883726, -60.695474",Avenida,,ROSARIO,Rosario,Asfalto,No existe,II,Dentro,Urbana,Ninguna,Funciona,Recta,Bueno,Buena,Diurna,Buen Tiempo,S/D,Ciclista,Atropello,Ninguna,Vertical,"Cordón divisorio,Vegetación",Sin restricción,"-32.883726, -60.695474",['Rondeau 3400'],1,,-32.883726,-60.695474,55.0,538.0,Municipio Rosario,Municipio,Rosario,820210,Servicio de Catastro e Información Territorial,IGN
2018,5173,2018-04-20,Viernes,0.0,09:00:00,,0.0,2,"Automóvil,Peatón",Mendoza Y Servando Bayo,2,1,0,0,1,0,0,"-32.943286859484, -60.685901054916",Calle,,ROSARIO,Rosario,Asfalto,No existe,II,Dentro,Urbana,Ninguna,No existe,Intersección,Bueno,Buena,Diurna,Buen Tiempo,S/D,Peatón,Atropello,Ninguna,Horizontal,S/D,Sin restricción,"-32.943286859484, -60.685901054916","['Mendoza', 'Servando Bayo']",2,,-32.943286859484,-60.685901054916,55.0,538.0,Municipio Rosario,Municipio,Rosario,820210,Servicio de Catastro e Información Territorial,IGN
2018,5174,2018-07-13,Viernes,0.0,20:30:00,,0.0,2,"Automóvil,Moto/Ciclomotor",Junin Y Roullon Bis,2,1,0,0,1,0,0,"-32.927270850889, -60.702762654385",Calle,,ROSARIO,Rosario,Asfalto,No existe,II,Dentro,Urbana,Ninguna,No existe,Intersección,S/D,Buena,Nocturna,S/D,Lateral,S/D,Colisión,S/D,Faltante,Ninguna,S/D,"-32.927270850889, -60.702762654385","['Junín', 'Alfredo Rouillón']",2,,-32.927270850889,-60.702762654385,55.0,538.0,Municipio Rosario,Municipio,Rosario,820210,Servicio de Catastro e Información Territorial,IGN
2018,5175,2018-07-03,Martes,0.0,07:15:00,,0.0,2,"Bicicleta,Moto/Ciclomotor",Salta Y Ricchieri,3,1,0,0,2,0,0,"-32.935033, -60.661046",Calle,,ROSARIO,Rosario,Asfalto,No existe,II,Dentro,Urbana,Semáforo,Funciona,Intersección,Bueno,S/D,Diurna,Buen Tiempo,S/D,Ciclista,Atropello,Ninguna,"Horizontal,Vertical",Línea divisoria pintada,Sin restricción,"-32.935033, -60.661046","['Salta', 'Ricchieri']",2,,-32.935033,-60.661046,55.0,538.0,Municipio Rosario,Municipio,Rosario,820210,Servicio de Catastro e Información Territorial,IGN
2018,5176,2018-07-04,Miercoles,0.0,14:30:00,,0.0,2,"Camión,Moto/Ciclomotor",Junin 6554,2,1,0,0,1,0,0,"-32.927517614118, -60.711501291355",Calle,,ROSARIO,Rosario,Asfalto,No existe,II,Dentro,Urbana,S/D,No existe,Intersección,Bueno,Buena,Diurna,S/D,Lateral,S/D,Colisión,S/D,Faltante,Ninguna,S/D,"-32.927517614118, -60.711501291355",['Junin 6554'],1,,-32.927517614118,-60.711501291355,55.0,538.0,Municipio Rosario,Municipio,Rosario,820210,Servicio de Catastro e Información Territorial,IGN