anio_acci,nro_acci,fecha,desc_dia,fecha_aprox,hora_aprox,desc_ruta,km,cant_participantes,desc_participante,calle_avenida_km,total,heridos_leves,heridos_graves,heridos_gravisimos,ilesos,fallecidos,sin_datos,posicion_XY,desc_tipo_via,desc_ruta_ori,desc_loc,desc_dpto,desc_tipo_calzada,desc_tipo_banquina,desc_unidad_regional,desc_lugar_calzada,desc_zona,desc_prioridad,desc_estado_semaforo,desc_lugar_via,desc_estado_via,desc_estado_visibilidad,desc_luminosidad,desc_estado_clima,desc_tipo_colision,desc_tipo_atropello,desc_tipo_hecho,desc_pres_calzada,desc_senializacion,desc_separacion_via,desc_restriccion,forma_geocod,calle_lista,numero_calles,calles_osm,lat,lon,index_right,gid,fna,gna,nam,in1,fdc,sag
2018,5178,2018-04-05,Jueves,0.0,12:45:00,,0.0,2,"Moto/Ciclomotor,Automóvil",Montevideo Y Pueyrredon,2,1,0,0,1,0,0,"-32.952728235217, -60.659808525619",Calle,,ROSARIO,Rosario,Asfalto,No existe,II,Dentro,Urbana,Señal Pare,No existe,Recta,Bueno,Buena,Diurna,Buen Tiempo,De alcance,S/D,Colisión,Ninguna,Vertical,S/D,Sin restricción,"-32.952728235217, -60.659808525619","['Montevideo', 'Pueyrredón']",2,,-32.952728235217,-60.659808525619,55.0,538.0,Municipio Rosario,Municipio,Rosario,820210,Servicio de Catastro e Información Territorial,IGN
2018,5179,2018-07-13,Viernes,0.0,18:30:00,,0.0,2,"Peatón,Transporte de Pasajeros Urbano (> 8 asientos)",Av. Alberdi Bis Y J.J.Paso,2,0,1,0,1,0,0,"-32.919319, -60.682446",Avenida,,ROSARIO,Rosario,Asfalto,No existe,II,Dentro,Urbana,Semáforo,Funciona,Intersección,Bueno,Buena,Atardecer,Buen Tiempo,S/D,Peatón,Atropello,Ninguna,"Horizontal,Vertical","Cordón divisorio,Vegetación,Línea divisoria pintada",Sin restricción,"-32.919319, -60.682446","['Alberdi', 'Paso']",2,,-32.919319,-60.682446,55.0,538.0,Municipio Rosario,Municipio,Rosario,820210,Servicio de Catastro e Información Territorial,IGN
2018,5180,2018-07-20,Viernes,0.0,14:00:00,,0.0,2,"Peatón,Bicicleta",J.J.Paso Y Av. Alberdi Bis,2,1,0,0,1,0,0,"-32.919319, -60.682446",Avenida,,ROSARIO,Rosario,Asfalto,No existe,II,Dentro,Urbana,Semáforo,Funciona,Intersección,Bueno,S/D,Diurna,S/D,S/D,Peatón,Atropello,S/D,"Horizontal,Vertical","Cordón divisorio,Línea divisoria pintada",Sin restricción,"-32.919319, -60.682446","['Paso', 'Alberdi']",2,,-32.919319,-60.682446,55.0,538.0,Municipio Rosario,Municipio,Rosario,820210,Servicio de Catastro e Información Territorial,IGN
2018,5182,2018-07-15,Domingo,0.0,19:00:00,,0.0,2,"Moto/Ciclomotor,Automóvil",Cam De Las Carretas 8730,3,2,0,0,0,0,1,"-32.934388961700, -60.748980592274",Calle,,ROSARIO,Rosario,Asfalto,No existe,II,Fuera,Urbana,Ninguna,No existe,Recta,Deteriorada,Buena,Nocturna,S/D,De alcance,S/D,Colisión,S/D,Faltante,Ninguna,Sin restricción,"-32.934388961700, -60.748980592274",['Cam De Las Carretas 8730'],1,,-32.9343889617,-60.748980592274,55.0,538.0,Municipio Rosario,Municipio,Rosario,820210,Servicio de Catastro e Información Territorial,IGN
2018,5183,2018-07-28,Sabado,0.0,12:00:00,,0.0,2,"Moto/Ciclomotor,Peatón",Av. Genova Y Av. Alberdi Bis,2,1,0,0,1,0,0,"-32.915185, -60.685799",Avenida,,ROSARIO,Rosario,Asfalto,No existe,II,Dentro,Urbana,Semáforo,Funciona,Intersección,Bueno,S/D,Diurna,Buen Tiempo,S/D,Peatón,Atropello,Ninguna,"Horizontal,Vertical","Cordón divisorio,Línea divisoria pintada",S/D,"-32.915185, -60.685799","['Genova', 'Alberdi']",2,,-32.915185,-60.685799,55.0,538.0,Municipio Rosario,Municipio,Rosario,820210,Servicio de Catastro e Información Territorial,IGN
2018,5184,2018-07-09,Lunes,0.0,20:00:00,,0.0,2,"Automóvil,Moto/Ciclomotor",J.J.Paso 5802,4,1,1,0,2,0,0,"-32.919919, -60.702850",Avenida,,ROSARIO,Rosario,Asfalto,No existe,II,Dentro,Urbana,Paso Peatonal,No existe,Recta,Bueno,Buena,"Nocturna,Con luz artificial",Buen Tiempo,De alcance,S/D,Colisión,Ninguna,Horizontal,Línea divisoria pintada,Sin restricción,"-32.919919, -60.702850",['Juan José Paso 5802'],1,,-32.919919,-60.70285,55.0,538.0,Municipio Rosario,Municipio,Rosario,820210,Servicio de Catastro e Información Territorial,IGN
2018,5185,2018-04-23,Lunes,0.0,20:15:00,,0.0,2,"Automóvil,Automóvil",3 De Febrero Y Castellanos,6,2,0,0,4,0,0,"-32.946158700144, -60.676720161860",Calle,,ROSARIO,Rosario,Asfalto,No existe,II,Dentro,Urbana,Ninguna,No existe,Intersección,Bueno,Buena,Nocturna,Buen Tiempo,Lateral,S/D,Colisión,Ninguna,Faltante,Ninguna,Sin restricción,"-32.946158700144, -60.676720161860","['3 de Febrero', 'Aaron Castellanos']",2,,-32.946158700144,-60.67672016186,55.0,538.0,Municipio Rosario,Municipio,Rosario,820210,Servicio de Catastro e Información Territorial,IGN
2018,5187,2018-07-26,Jueves,0.0,21:35:00,,0.0,3,"Camión Chasis,Automóvil,Automóvil",Av. Sorrento Y Av. Provincias Unidas,8,7,0,0,1,0,0,"-32.908025, -60.713872",Avenida,,ROSARIO,Rosario,Asfalto,No existe,II,Dentro,Urbana,Señal Ceda el Paso,No existe,Recta,Bueno,S/D,Nocturna,Buen Tiempo,Múltiple,S/D,Colisión,S/D,Vertical,Ninguna,S/D,"-32.908025, -60.713872","['Sorrento', 'Avenida Provincias Unidas']",2,,-32.908025,-60.713872,55.0,538.0,Municipio Rosario,Municipio,Rosario,820210,Servicio de Catastro e Información Territorial,IGN
2018,5189,2018-07-03,Martes,0.0,12:30:00,,0.0,2,"Moto/Ciclomotor,Camión Chasis",Tarragona Bis Y Ayala Gauna,2,1,0,0,1,0,0,"-32.911890725795, -60.735305812215",Calle,,ROSARIO,Rosario,Asfalto,No existe,II,Dentro,Urbana,S/D,No existe,S/D,S/D,S/D,Diurna,S/D,S/D,S/D,Colisión,S/D,Faltante,Ninguna,S/D,"-32.911890725795, -60.735305812215","['Tarragona', 'Ayala Gauna']",2,,-32.911890725795,-60.735305812215,55.0,538.0,Municipio Rosario,Municipio,Rosario,820210,Servicio de Catastro e Información Territorial,IGN
2018,5190,2018-07-30,Lunes,0.0,11:20:00,,0.0,2,"Automóvil,Moto/Ciclomotor",G.Carrasco Y Solis Bis,3,1,0,0,2,0,0,"-32.920761, -60.704167",Calle,,ROSARIO,Rosario,Asfalto,No existe,II,Dentro,Urbana,Ninguna,No existe,Intersección,Bueno,Buena,Diurna,Buen Tiempo,S/D,S/D,Colisión,S/D,Faltante,Ninguna,Sin restricción,"-32.920761, -60.704167","['Carrasco', 'Solis']",2,,-32.920761,-60.704167,55.0,538.0,Municipio Rosario,Municipio,Rosario,820210,Servicio de Catastro e Información Territorial,IGN
2018,5191,2018-07-18,Miercoles,0.0,13:25:00,,0.0,2,"Moto/Ciclomotor,Automóvil",Av. Jorge Newbery Y Tarragona,3,2,0,0,1,0,0,"-32.908429669671, -60.735493952348",Avenida,,ROSARIO,Rosario,Asfalto,No existe,II,Dentro,Urbana,Señal Pare,No existe,Intersección,S/D,S/D,Diurna,S/D,Lateral,S/D,Colisión,S/D,Vertical,Ninguna,S/D,"-32.908429669671, -60.735493952348","['Jorge Newbery', 'Tarragona']",2,,-32.908429669671,-60.735493952348,55.0,538.0,Municipio Rosario,Municipio,Rosario,820210,Servicio de Catastro e Información Territorial,IGN
2018,5192,2018-07-31,Martes,0.0,21:15:00,,0.0,2,"Automóvil,Moto/Ciclomotor",Brasil Y J.J.Paso,3,1,1,0,1,0,0,"-32.920549, -60.720442",Calle,,ROSARIO,Rosario,Asfalto,No existe,II,Dentro,Urbana,Ninguna,No existe,Intersección,Bueno,S/D,Nocturna,S/D,S/D,S/D,Colisión,S/D,Faltante,Cordón divisorio,S/D,"-32.920549, -60.720442","['Brasil', 'Paso']",2,,-32.920549,-60.720442,55.0,538.0,Municipio Rosario,Municipio,Rosario,820210,Servicio de Catastro e Información Territorial,IGN
2018,5193,2018-04-27,Viernes,0.0,17:30:00,,0.0,2,"Peatón,Otros",Av. Pellegrini Y Vera Mujica,2,1,0,0,0,0,1,"-32.952165104635, -60.669715727218",Calle,,ROSARIO,Rosario,Asfalto,No existe,II,Dentro,Urbana,Ninguna,Funciona,Intersección,Bueno,Buena,Diurna,Buen Tiempo,S/D,Peatón,Atropello,Ninguna,Vertical,Cordón divisorio,Sin restricción,"-32.952165104635, -60.669715727218","['Pellegrini', 'Vera Mujíca']",2,,-32.952165104635,-60.669715727218,55.0,538.0,Municipio Rosario,Municipio,Rosario,820210,Servicio de Catastro e Información Territorial,IGN
2018,5195,2018-07-04,Miercoles,0.0,19:50:00,,0.0,2,"Moto/Ciclomotor,Automóvil",Alsina 3800,3,1,1,0,1,0,0,"-32.974489802150, -60.685232876469",Calle,,ROSARIO,Rosario,Asfalto,No existe,II,Dentro,Urbana,Ninguna,No existe,Intersección,Deteriorada,Buena,Nocturna,Buen Tiempo,Lateral,S/D,Colisión,Ninguna,Faltante,Ninguna,Sin restricción,"-32.974489802150, -60.685232876469",['Alsina 3800'],1,,-32.97448980215,-60.685232876469,55.0,538.0,Municipio Rosario,Municipio,Rosario,820210,Servicio de Catastro e Información Territorial,IGN
2018,5196,2018-07-25,Miercoles,0.0,15:10:00,,0.0,2,"Moto/Ciclomotor,Automóvil",Schweitzer Y Donado,3,1,0,0,2,0,0,"-32.913513394261, -60.728140830534",Calle,,ROSARIO,Rosario,Asfalto,No existe,II,Dentro,Urbana,S/D,No existe,Intersección,S/D,S/D,Diurna,S/D,Lateral,S/D,Colisión,S/D,Faltante,Cordón divisorio,S/D,"-32.913513394261, -60.728140830534","['Albert Schweitzer', 'Donado']",2,,-32.913513394261,-60.728140830534,55.0,538.0,Municipio Rosario,Municipio,Rosario,820210,Servicio de Catastro e Información Territorial,IGN
2018,5197,2018-07-06,Viernes,0.0,11:55:00,,0.0,2,"Moto/Ciclomotor,Pickup/Utilitario",Lamadrid Y Crespo,3,1,0,0,2,0,0,"-32.998106, -60.680753",Calle,,ROSARIO,Rosario,Asfalto,No existe,II,Dentro,Urbana,Ninguna,No existe,Intersección,Bueno,Buena,Diurna,Buen Tiempo,Lateral,S/D,Colisión,Ninguna,Faltante,Ninguna,Sin restricción,"-32.998106, -60.680753","['Lamadrid', 'Crespo']",2,,-32.998106,-60.680753,55.0,538.0,Municipio Rosario,Municipio,Rosario,820210,Servicio de Catastro e Información Territorial,IGN
2018,5198,2018-03-01,Jueves,0.0,01:35:00,,0.0,2,"Taxi/Remis,Moto/Ciclomotor",J.J.Paso Y Chaco Bis,2,1,0,0,1,0,0,"-32.919638888889,-60.693944444444",Calle,,ROSARIO,Rosario,Asfalto,No existe,II,Dentro,Urbana,Marca Vial,No existe,Paso a Nivel FFCC,Bueno,S/D,Nocturna,S/D,S/D,S/D,Colisión,Ninguna,"Horizontal,Vertical",Ninguna,Sin restricción,"-32.919638888889,-60.693944444444","['Paso', 'Chaco']",2,,-32.919638888889,-60.693944444444,55.0,538.0,Municipio Rosario,Municipio,Rosario,820210,Servicio de Catastro e Información Territorial,IGN
2018,5201,2018-07-08,Domingo,0.0,19:30:00,,0.0,2,"Moto/Ciclomotor,Automóvil",Av. Ovidio Lagos 3800,3,1,0,0,2,0,0,"-32.977284, -60.669896",Avenida,,ROSARIO,Rosario,Asfalto,No existe,II,Dentro,Urbana,Semáforo,No existe,Intersección,Bueno,Buena,Nocturna,Buen Tiempo,Lateral,S/D,Colisión,Ninguna,"Horizontal,Vertical","Cordón divisorio,Línea divisoria pintada",Sin restricción,"-32.977284, -60.669896",['Ovidio Lagos 3800'],1,,-32.977284,-60.669896,55.0,538.0,Municipio Rosario,Municipio,Rosario,820210,Servicio de Catastro e Información Territorial,IGN
2018,5205,2018-03-03,Sabado,0.0,16:20:00,,0.0,2,"Automóvil,Automóvil",Bv. Oro?o Y Saavedra,2,1,0,0,1,0,0,"-32.975194444444,-60.661416666667",Calle,,ROSARIO,Rosario,Asfalto,No existe,II,Dentro,Urbana,Semáforo,Funciona,Intersección,Bueno,S/D,Diurna,S/D,S/D,S/D,Colisión,Ninguna,"Horizontal,Vertical",Cordón divisorio,Sin restricción,"-32.975194444444,-60.661416666667","['Bulevar Nicasio Oroño', 'Saavedra']",2,,-32.975194444444,-60.661416666667,55.0,538.0,Municipio Rosario,Municipio,Rosario,820210,Servicio de Catastro e Información Territorial,IGN
2018,5206,2018-07-09,Lunes,0.0,21:50:00,,0.0,2,"Automóvil,Automóvil",Dr.Rivas Y Crespo,3,1,0,0,2,0,0,"-32.978282, -60.677648",Calle,,ROSARIO,Rosario,Asfalto,No existe,II,Dentro,Urbana,Ninguna,No existe,Recta,Bueno,Buena,Nocturna,Buen Tiempo,De alcance,S/D,Colisión,Ninguna,Faltante,Ninguna,Sin restricción,"-32.978282, -60.677648","['Doctor Francisco Riva', 'Crespo']",2,,-32.978282,-60.677648,55.0,538.0,Municipio Rosario,Municipio,Rosario,820210,Servicio de Catastro e Información Territorial,IGN
2018,5208,2018-07-08,Domingo,0.0,07:10:00,,0.0,2,"Automóvil,Automóvil",Bv. Avellaneda 4000,2,1,0,0,1,0,0,"-32.976355, -60.688594",Avenida,,ROSARIO,Rosario,Asfalto,No existe,II,Dentro,Urbana,Semáforo,Funciona,Intersección,Bueno,Buena,Amanecer,Buen Tiempo,Lateral,S/D,Colisión,Ninguna,Vertical,Ninguna,Sin restricción,"-32.976355, -60.688594",['Avellaneda 4000'],1,,-32.976355,-60.688594,55.0,538.0,Municipio Rosario,Municipio,Rosario,820210,Servicio de Catastro e Información Territorial,IGN
2018,5209,2018-07-11,Miercoles,0.0,20:45:00,,0.0,2,"Moto/Ciclomotor,Automóvil",Av. Ovidio Lagos Y Av. Ing.Acevedo,2,1,0,0,1,0,0,"-32.984012, -60.671648",Avenida,,ROSARIO,Rosario,Asfalto,No existe,II,Dentro,Urbana,Semáforo,Funciona,Intersección,Bueno,Buena,Nocturna,Buen Tiempo,Lateral,S/D,Colisión,Ninguna,"Horizontal,Vertical","Cordón divisorio,Línea divisoria pintada",Sin restricción,"-32.984012, -60.671648","['Avenida Ovidio Lagos', 'Acevedo']",2,,-32.984012,-60.671648,55.0,538.0,Municipio Rosario,Municipio,Rosario,820210,Servicio de Catastro e Información Territorial,IGN
2018,5211,2018-07-17,Martes,0.0,12:40:00,,0.0,2,"Moto/Ciclomotor,Automóvil",Cafferata Y Garay,2,1,0,0,0,0,1,"-32.968611, -60.678038",Calle,,ROSARIO,Rosario,Asfalto,No existe,II,Dentro,Urbana,Ninguna,No existe,Intersección,Deteriorada,S/D,Diurna,Buen Tiempo,Lateral,S/D,Colisión,S/D,Faltante,Ninguna,Sin restricción,"-32.968611, -60.678038","['Cafferata', 'Garay']",2,,-32.968611,-60.678038,55.0,538.0,Municipio Rosario,Municipio,Rosario,820210,Servicio de Catastro e Información Territorial,IGN
2018,5213,2018-03-04,Domingo,0.0,21:30:00,,0.0,2,"Moto/Ciclomotor,Moto/Ciclomotor",Cullen Y Av. Pellegrini,2,2,0,0,0,0,0,"-32.948555555556,-60.708722222222",Calle,,ROSARIO,Rosario,Asfalto,No existe,II,Dentro,Urbana,Semáforo,Funciona,Intersección,S/D,S/D,Nocturna,S/D,S/D,S/D,Colisión,Ninguna,"Horizontal,Vertical",Cordón divisorio,Sin restricción,"-32.948555555556,-60.708722222222","['Cullen', 'Pellegrini']",2,,-32.948555555556,-60.708722222222,55.0,538.0,Municipio Rosario,Municipio,Rosario,820210,Servicio de Catastro e Información Territorial,IGN
2018,5214,2018-07-14,Sabado,0.0,03:35:00,,0.0,2,"Moto/Ciclomotor,Automóvil",Bv. Segui Y Lavalle,2,1,0,0,1,0,0,"-32.971886, -60.686011",Avenida,,ROSARIO,Rosario,Asfalto,No existe,II,Dentro,Urbana,Paso Peatonal,No existe,Intersección,Bueno,Buena,Nocturna,Buen Tiempo,Lateral,S/D,Colisión,Ninguna,Horizontal,Cordón divisorio,Sin restricción,"-32.971886, -60.686011","['Bulevar Juan Francisco Seguí', 'Lavalle']",2,,-32.971886,-60.686011,55.0,538.0,Municipio Rosario,Municipio,Rosario,820210,Servicio de Catastro e Información Territorial,IGN
2018,5217,2018-04-16,Lunes,0.0,18:30:00,,0.0,2,"Moto/Ciclomotor,Taxi/Remis",Entre Rios Y 9 De Julio,2,1,0,0,1,0,0,"-32.953305555556,-60.642805555556",Calle,,ROSARIO,Rosario,Asfalto,No existe,II,S/D,Urbana,S/D,Funciona,Intersección,S/D,S/D,Atardecer,S/D,S/D,S/D,Colisión,S/D,Vertical,S/D,S/D,"-32.953305555556,-60.642805555556","['Entre Ríos', '9 de Julio']",2,,-32.953305555556,-60.642805555556,55.0,538.0,Municipio Rosario,Municipio,Rosario,820210,Servicio de Catastro e Información Territorial,IGN
2018,5218,2018-04-16,Lunes,0.0,09:10:00,,0.0,2,"Bicicleta,Automóvil",San Luis Y Mitre,2,1,0,0,1,0,0,"-32.948777777778,-60.640222222222",Calle,,ROSARIO,Rosario,S/D,No existe,II,S/D,Urbana,S/D,S/D,Intersección,S/D,S/D,Diurna,S/D,S/D,Ciclista,Atropello,S/D,S/D,S/D,S/D,"-32.948777777778,-60.640222222222","['San Luis', 'Mitre']",2,,-32.948777777778,-60.640222222222,55.0,538.0,Municipio Rosario,Municipio,Rosario,820210,Servicio de Catastro e Información Territorial,IGN
2018,5219,2018-04-17,Martes,0.0,21:30:00,,0.0,2,"Peatón,Automóvil",Av. Pellegrini 1600,4,1,0,0,3,0,0,"-32.956027777778,-60.647861111111",Avenida,,ROSARIO,Rosario,S/D,No existe,II,S/D,Urbana,S/D,S/D,Recta,S/D,S/D,Nocturna,S/D,S/D,Peatón,Atropello,S/D,S/D,S/D,S/D,"-32.956027777778,-60.647861111111",['Pellegrini 1600'],1,,-32.956027777778,-60.647861111111,55.0,538.0,Municipio Rosario,Municipio,Rosario,820210,Servicio de Catastro e Información Territorial,IGN
2018,5220,2018-04-18,Miercoles,0.0,14:20:00,,0.0,3,"Bicicleta,Bicicleta,Taxi/Remis",Riobamba Y Ayacucho,3,2,0,0,1,0,0,"-32.965027777778,-60.631055555556",Calle,,ROSARIO,Rosario,Asfalto,No existe,II,Dentro,Urbana,S/D,S/D,Intersección,S/D,S/D,Diurna,S/D,S/D,Ciclista,Atropello,S/D,S/D,S/D,S/D,"-32.965027777778,-60.631055555556","['Riobamba', 'Ayacucho']",2,,-32.965027777778,-60.631055555556,55.0,538.0,Municipio Rosario,Municipio,Rosario,820210,Servicio de Catastro e Información Territorial,IGN
2018,5222,2018-04-18,Miercoles,0.0,14:50:00,,0.0,2,"Peatón,Pickup/Utilitario",Av. Corrientes Y Urquiza,2,1,0,0,1,0,0,"-32.942194444444,-60.6415",Calle,,ROSARIO,Rosario,Asfalto,No existe,II,S/D,Urbana,S/D,S/D,Intersección,S/D,S/D,Diurna,S/D,S/D,Peatón,Atropello,S/D,S/D,S/D,S/D,"-32.942194444444,-60.6415","['Corrientes', 'Urquiza']",2,,-32.942194444444,-60.6415,55.0,538.0,Municipio Rosario,Municipio,Rosario,820210,Servicio de Catastro e Información Territorial,IGN
2018,5223,2018-04-18,Miercoles,0.0,16:45:00,,0.0,2,"Bicicleta,Automóvil",Cordoba Y Alvear,2,1,0,0,1,0,0,"-32.943555555556,-60.654027777778",Calle,,ROSARIO,Rosario,S/D,No existe,II,S/D,Urbana,S/D,S/D,Recta,S/D,S/D,Diurna,S/D,S/D,Ciclista,Atropello,S/D,S/D,Ninguna,S/D,"-32.943555555556,-60.654027777778","['Córdoba', 'Alvear']",2,,-32.943555555556,-60.654027777778,55.0,538.0,Municipio Rosario,Municipio,Rosario,820210,Servicio de Catastro e Información Territorial,IGN
2018,5224,2018-08-21,Martes,0.0,08:00:00,,0.0,2,"Automóvil,Automóvil",MORROW Y CULLEN Y UGARTE,3,1,0,0,2,0,0,"-32.87818, -60.73547",Calle,,ROSARIO,Rosario,Ripio,No existe,II,S/D,Urbana,Ninguna,No existe,Intersección,Deteriorada,Buena,Diurna,Buen Tiempo,Lateral,S/D,Colisión,Ninguna,Faltante,Ninguna,Sin restricción,"-32.87818, -60.73547","['Cullen y Ugarte', 'Morrow']",2,,-32.87818,-60.73547,55.0,538.0,Municipio Rosario,Municipio,Rosario,820210,Servicio de Catastro e Información Territorial,IGN
2018,5225,2018-08-17,Viernes,0.0,13:30:00,,0.0,2,"Moto/Ciclomotor,Automóvil",Grandoli Y Polledo,2,1,0,0,1,0,0,"-32.8868, -60.72054",Calle,,ROSARIO,Rosario,Asfalto,No existe,II,S/D,Urbana,Ninguna,No existe,Intersección,Otro,Buena,Diurna,Buen Tiempo,S/D,S/D,Colisión,Ninguna,Faltante,Ninguna,Sin restricción,"-32.8868, -60.72054","['Avenida Abanderado Grandoli', 'Polledo']",2,,-32.8868,-60.72054,55.0,538.0,Municipio Rosario,Municipio,Rosario,820210,Servicio de Catastro e Información Territorial,IGN
2018,5226,2018-08-17,Viernes,0.0,07:50:00,,0.0,2,"Automóvil,Camión Chasis",COLECTORA NORTE-SUR ,4,2,0,0,2,0,0,"-32.9587, -60.69303",S/D,,ROSARIO,Rosario,S/D,S/D,II,S/D,Urbana,S/D,S/D,S/D,S/D,S/D,S/D,S/D,S/D,S/D,S/D,S/D,S/D,S/D,S/D,"-32.9587, -60.69303",['Colectora Norte-sur'],1,,-32.9587,-60.69303,55.0,538.0,Municipio Rosario,Municipio,Rosario,820210,Servicio de Catastro e Información Territorial,IGN
2018,5227,2018-08-17,Viernes,0.0,09:00:00,,0.0,2,"Automóvil,Bicicleta",Av. Jorge Newbery Y Garcia del Cossio Bis,2,1,0,0,1,0,0,"-32.90883, -60.74702",Avenida,,ROSARIO,Rosario,Asfalto,Pavimento,II,S/D,Urbana,Ninguna,No existe,Intersección,Deteriorada,Buena,Diurna,Buen Tiempo,Lateral,Ciclista,Atropello,Ninguna,Faltante,Ninguna,Sin restricción,"-32.90883, -60.74702","['Jorge Newbery', 'García del Cossio']",2,,-32.90883,-60.74702,55.0,538.0,Municipio Rosario,Municipio,Rosario,820210,Servicio de Catastro e Información Territorial,IGN
2018,5233,2018-07-08,Domingo,0.0,22:50:00,,0.0,2,"Moto/Ciclomotor,Automóvil",Av. Ovidio Lagos Y Prevision y Hogar,3,1,0,0,2,0,0,"-33.017731, -60.679209",Calle,,ROSARIO,Rosario,Hormigón,No existe,II,Dentro,Urbana,Semáforo,Funciona,Recta,Bueno,Buena,"Nocturna,Con luz artificial",Buen Tiempo,De alcance,S/D,Colisión,Ninguna,"Horizontal,Vertical",Cordón divisorio,Sin restricción,"-33.017731, -60.679209","['Avenida Ovidio Lagos', '5 de Agosto']",2,,-33.017731,-60.679209,55.0,538.0,Municipio Rosario,Municipio,Rosario,820210,Servicio de Catastro e Información Territorial,IGN
2018,5234,2018-07-05,Jueves,0.0,20:45:00,,0.0,2,"Moto/Ciclomotor,Automóvil",Flor De Nacar Y Rosa Silvestre,2,1,0,0,1,0,0,"-33.018717, -60.660549",Calle,,ROSARIO,Rosario,Asfalto,No existe,II,Dentro,Urbana,Ninguna,No existe,Intersección,Bueno,Buena,Nocturna,Buen Tiempo,Frontal,S/D,Colisión,Ninguna,Faltante,Ninguna,Sin restricción,"-33.018717, -60.660549","['Flor de Nacar', 'Rosa Silvestre']",2,,-33.018717,-60.660549,55.0,538.0,Municipio Rosario,Municipio,Rosario,820210,Servicio de Catastro e Información Territorial,IGN
2018,5237,2018-07-06,Viernes,0.0,13:25:00,,0.0,2,"Moto/Ciclomotor,Pickup/Utilitario",Reg.11 de Infanteria Y Bv. Oro?o,3,2,0,0,1,0,0,"-32.999279, -60.665022",Avenida,,ROSARIO,Rosario,Hormigón,No existe,II,Dentro,Urbana,Ninguna,No existe,Recta,Bueno,Buena,Diurna,Buen Tiempo,Otro,S/D,Colisión,Ninguna,Horizontal,"Cordón divisorio,Vegetación,Línea divisoria pintada",Sin restricción,"-32.999279, -60.665022","['Regimiento 11', 'Bulevar Nicasio Oroño']",2,,-32.999279,-60.665022,55.0,538.0,Municipio Rosario,Municipio,Rosario,820210,Servicio de Catastro e Información Territorial,IGN
2018,5238,2018-07-22,Domingo,0.0,06:30:00,,0.0,1,Moto/Ciclomotor,Gral.Mosconi Y Bv. Avellaneda,2,0,0,0,1,1,0,"-32.983630, -60.688467",Avenida,,ROSARIO,Rosario,Asfalto,No existe,II,Dentro,Urbana,Ninguna,No existe,Recta,Bueno,Buena,"Nocturna,Con luz artificial",Buen Tiempo,S/D,S/D,Caída ocupante,Ninguna,Faltante,Ninguna,Sin restricción,"-32.983630, -60.688467","['Mosconi', 'Avellaneda']",2,,-32.98363,-60.688467,55.0,538.0,Municipio Rosario,Municipio,Rosario,820210,Servicio de Catastro e Información Territorial,IGN
2018,5240,2018-07-21,Sabado,0.0,03:00:00,,0.0,3,"Moto/Ciclomotor,Moto/Ciclomotor,Automóvil",Dr.Rivas Y Iriondo,4,2,1,0,1,0,0,"-32.978041, -60.679000",Calle,,ROSARIO,Rosario,Asfalto,No existe,II,Dentro,Urbana,Ninguna,No existe,Intersección,Bueno,Buena,"Nocturna,Con luz artificial",Buen Tiempo,Múltiple,S/D,Colisión,Ninguna,Faltante,Ninguna,Sin restricción,"-32.978041, -60.679000","['Doctor Francisco Riva', 'Iriondo']",2,,-32.978041,-60.679,55.0,538.0,Municipio Rosario,Municipio,Rosario,820210,Servicio de Catastro e Información Territorial,IGN
2018,5244,2018-07-21,Sabado,0.0,07:45:00,,0.0,2,"Moto/Ciclomotor,Automóvil",Santiago Y Hilarion de la Quintana,4,3,0,0,1,0,0,"-33.001618, -60.667731",Calle,,ROSARIO,Rosario,Asfalto,No existe,II,Dentro,Urbana,Ninguna,No existe,Intersección,Con baches,Buena,Diurna,Buen Tiempo,Lateral,S/D,Colisión,Ninguna,Faltante,Ninguna,Sin restricción,"-33.001618, -60.667731","['Santiago', 'Hilarión de la Quintana']",2,,-33.001618,-60.667731,55.0,538.0,Municipio Rosario,Municipio,Rosario,820210,Servicio de Catastro e Información Territorial,IGN
2018,5245,2018-04-05,Jueves,0.0,13:25:00,,0.0,2,"Bicicleta,Automóvil",3 De Febrero Y Vera Mujica,2,1,0,0,1,0,0,"-32.947646254328, -60.668538807562",Calle,,ROSARIO,Rosario,Asfalto,No existe,II,Dentro,Urbana,Ninguna,No existe,Intersección,Bueno,Buena,Diurna,Buen Tiempo,S/D,Ciclista,Atropello,Ninguna,Faltante,Ninguna,Sin restricción,"-32.947646254328, -60.668538807562","['3 de Febrero', 'Vera Mujíca']",2,,-32.947646254328,-60.668538807562,55.0,538.0,Municipio Rosario,Municipio,Rosario,820210,Servicio de Catastro e Información Territorial,IGN