anio_acci,nro_acci,fecha,desc_dia,fecha_aprox,hora_aprox,desc_ruta,km,cant_participantes,desc_participante,calle_avenida_km,total,heridos_leves,heridos_graves,heridos_gravisimos,ilesos,fallecidos,sin_datos,posicion_XY,desc_tipo_via,desc_ruta_ori,desc_loc,desc_dpto,desc_tipo_calzada,desc_tipo_banquina,desc_unidad_regional,desc_lugar_calzada,desc_zona,desc_prioridad,desc_estado_semaforo,desc_lugar_via,desc_estado_via,desc_estado_visibilidad,desc_luminosidad,desc_estado_clima,desc_tipo_colision,desc_tipo_atropello,desc_tipo_hecho,desc_pres_calzada,desc_senializacion,desc_separacion_via,desc_restriccion,forma_geocod,calle_lista,numero_calles,calles_osm,lat,lon,index_right,gid,fna,gna,nam,in1,fdc,sag
2018,5249,2018-07-26,Jueves,0.0,,,0.0,2,"Moto/Ciclomotor,Automóvil",Av. Francia Y Biedma,3,2,0,0,1,0,0,"-32.976482, -60.674275",Avenida,,ROSARIO,Rosario,Asfalto,No existe,II,Dentro,Urbana,Ninguna,No existe,Intersección,"Bueno,Resbaladiza",Reducida,Diurna,Lluvia,Lateral,S/D,Colisión,Agua,Horizontal,"Cordón divisorio,Vegetación",Sin restricción,"-32.976482, -60.674275","['Avenida Francia', 'Coronel Biedma']",2,,-32.976482,-60.674275,55.0,538.0,Municipio Rosario,Municipio,Rosario,820210,Servicio de Catastro e Información Territorial,IGN
2018,5250,2018-03-05,Lunes,0.0,18:45:00,,0.0,2,"Automóvil,Moto/Ciclomotor",Cerrito Y Alsina,2,1,0,0,1,0,0,"-32.955013, -60.680339",Calle,,ROSARIO,Rosario,Asfalto,No existe,II,Dentro,Urbana,Ninguna,No existe,Intersección,Bueno,S/D,Diurna,S/D,S/D,S/D,Colisión,Ninguna,Faltante,Ninguna,Sin restricción,"-32.955013, -60.680339","['Cerrito', 'Alsina']",2,,-32.955013,-60.680339,55.0,538.0,Municipio Rosario,Municipio,Rosario,820210,Servicio de Catastro e Información Territorial,IGN
2018,5252,2018-07-29,Domingo,0.0,17:30:00,,0.0,2,"Automóvil,Automóvil",Bv. Avellaneda 1500,2,1,0,0,1,0,0,"-32.947674545516, -60.681304304670",Avenida,,ROSARIO,Rosario,Asfalto,No existe,II,Dentro,Urbana,Semáforo,Funciona,Recta,Bueno,Buena,Diurna,Buen Tiempo,De alcance,S/D,Colisión,Ninguna,"Horizontal,Vertical",Cordón divisorio,Sin restricción,"-32.947674545516, -60.681304304670",['Avellaneda 1500'],1,,-32.947674545516,-60.68130430467,55.0,538.0,Municipio Rosario,Municipio,Rosario,820210,Servicio de Catastro e Información Territorial,IGN
2018,5255,2018-07-25,Miercoles,0.0,06:50:00,,0.0,2,"Peatón,Moto/Ciclomotor",Cordoba Y Cafferata,2,0,1,0,0,0,1,"-32.940553, -60.670947",Calle,,ROSARIO,Rosario,Asfalto,No existe,II,Dentro,Urbana,Semáforo,Funciona,Intersección,Bueno,Buena,Amanecer,Buen Tiempo,S/D,Peatón,Atropello,Ninguna,"Horizontal,Vertical",Ninguna,Sin restricción,"-32.940553, -60.670947","['Córdoba', 'Cafferata']",2,,-32.940553,-60.670947,55.0,538.0,Municipio Rosario,Municipio,Rosario,820210,Servicio de Catastro e Información Territorial,IGN
2018,5256,2018-07-23,Lunes,0.0,16:30:00,,0.0,2,"Moto/Ciclomotor,Automóvil",Pje. 2019 Y Constitucion,3,2,0,0,1,0,0,"-33.006386, -60.686344",Calle,,ROSARIO,Rosario,Asfalto,No existe,II,Dentro,Urbana,Ninguna,No existe,Intersección,Bueno,Buena,Diurna,Buen Tiempo,Lateral,S/D,Colisión,Ninguna,Faltante,Ninguna,Sin restricción,"-33.006386, -60.686344","['Calle 2019', 'Constitución']",2,,-33.006386,-60.686344,55.0,538.0,Municipio Rosario,Municipio,Rosario,820210,Servicio de Catastro e Información Territorial,IGN
2018,5258,2018-07-21,Sabado,0.0,14:30:00,,0.0,2,"Automóvil,Moto/Ciclomotor",Mendoza Y Ricchieri,3,1,0,0,2,0,0,"-32.947095188368, -60.664095251630",Calle,,ROSARIO,Rosario,Asfalto,No existe,II,Dentro,Urbana,Ninguna,No existe,Intersección,Bueno,Buena,Diurna,Buen Tiempo,De alcance,S/D,Colisión,Ninguna,Horizontal,Ninguna,Sin restricción,"-32.947095188368, -60.664095251630","['Mendoza', 'Ricchieri']",2,,-32.947095188368,-60.66409525163,55.0,538.0,Municipio Rosario,Municipio,Rosario,820210,Servicio de Catastro e Información Territorial,IGN
2018,5259,2018-07-23,Lunes,0.0,11:40:00,,0.0,2,"Automóvil,Bicicleta",Iriondo Y E.Zeballos,2,1,0,0,1,0,0,"-32.949348243941, -60.671820013593",Calle,,ROSARIO,Rosario,Asfalto,No existe,II,Dentro,Urbana,Ninguna,No existe,Intersección,Bueno,Buena,Diurna,Buen Tiempo,S/D,Ciclista,Atropello,Ninguna,Faltante,Ninguna,Sin restricción,"-32.949348243941, -60.671820013593","['Iriondo', 'Zeballos']",2,,-32.949348243941,-60.671820013593,55.0,538.0,Municipio Rosario,Municipio,Rosario,820210,Servicio de Catastro e Información Territorial,IGN
2018,5260,2018-07-01,Domingo,0.0,17:30:00,,0.0,2,"Automóvil,Camión Chasis",Camino Nuevo Soldini Y Calle 2106,2,1,0,0,1,0,0,"-33.021178, -60.687244",Calle,,ROSARIO,Rosario,Asfalto,No existe,II,Dentro,Urbana,Ninguna,No existe,Intersección,Bueno,Buena,Diurna,Buen Tiempo,Lateral,S/D,Colisión,Ninguna,Faltante,Línea divisoria pintada,Sin restricción,"-33.021178, -60.687244","['Camino Nuevo a Soldini', 'Calle 2106']",2,,-33.021178,-60.687244,55.0,538.0,Municipio Rosario,Municipio,Rosario,820210,Servicio de Catastro e Información Territorial,IGN
2018,5261,2018-07-18,Miercoles,0.0,14:30:00,,0.0,2,"Automóvil,Automóvil",Rui Barbosa Y Laprida,2,1,0,0,1,0,0,"-33.006268, -60.646841",Calle,,ROSARIO,Rosario,Asfalto,No existe,II,Dentro,Urbana,Ninguna,No existe,Intersección,Deteriorada,Buena,Diurna,Buen Tiempo,Frontal,S/D,Colisión,Ninguna,Faltante,Ninguna,Sin restricción,"-33.006268, -60.646841","['Rui Barbosa', 'Laprida']",2,,-33.006268,-60.646841,55.0,538.0,Municipio Rosario,Municipio,Rosario,820210,Servicio de Catastro e Información Territorial,IGN
2018,5262,2018-07-04,Miercoles,0.0,17:20:00,,0.0,1,Moto/Ciclomotor,Bv. Avellaneda Y Rioja,2,1,0,0,1,0,0,"-32.940250190962, -60.679394571851",Avenida,,ROSARIO,Rosario,Asfalto,No existe,II,Dentro,Urbana,Semáforo,Funciona,Intersección,Bueno,Buena,Diurna,Buen Tiempo,S/D,S/D,Caída ocupante,Ninguna,"Horizontal,Vertical",Ninguna,Sin restricción,"-32.940250190962, -60.679394571851","['Avellaneda', 'Rioja']",2,,-32.940250190962,-60.679394571851,55.0,538.0,Municipio Rosario,Municipio,Rosario,820210,Servicio de Catastro e Información Territorial,IGN
2018,5263,2018-07-22,Domingo,0.0,14:50:00,,0.0,2,"Automóvil,Moto/Ciclomotor",Ricchieri Y Montevideo,2,1,0,0,1,0,0,"-32.951644214858, -60.665253965925",Calle,,ROSARIO,Rosario,Asfalto,No existe,II,Dentro,Urbana,Semáforo,No existe,Intersección,Bueno,Buena,Diurna,Buen Tiempo,De alcance,S/D,Colisión,Ninguna,Vertical,Ninguna,Sin restricción,"-32.951644214858, -60.665253965925","['Ricchieri', 'Montevideo']",2,,-32.951644214858,-60.665253965925,55.0,538.0,Municipio Rosario,Municipio,Rosario,820210,Servicio de Catastro e Información Territorial,IGN
2018,5264,2018-07-11,Miercoles,0.0,16:00:00,,0.0,2,"Moto/Ciclomotor,Peatón",San Luis Y Av. Ovidio Lagos,2,1,0,0,1,0,0,"-32.944906505812, -60.662121145795",Calle,,ROSARIO,Rosario,Asfalto,No existe,II,Dentro,Urbana,Semáforo,Funciona,Intersección,Bueno,Buena,Diurna,Buen Tiempo,S/D,Peatón,Atropello,Ninguna,"Horizontal,Vertical",Ninguna,Sin restricción,"-32.944906505812, -60.662121145795","['San Luis', 'Avenida Ovidio Lagos']",2,,-32.944906505812,-60.662121145795,55.0,538.0,Municipio Rosario,Municipio,Rosario,820210,Servicio de Catastro e Información Territorial,IGN
2018,5267,2018-07-28,Sabado,0.0,14:25:00,,0.0,2,"Peatón,Automóvil",Ricchieri Y San Luis,3,2,0,0,1,0,0,"-32.944627556075, -60.663451521467",Calle,,ROSARIO,Rosario,Asfalto,No existe,II,Dentro,Urbana,Ninguna,No existe,Intersección,Bueno,Buena,Diurna,Buen Tiempo,S/D,Peatón,Atropello,Ninguna,Faltante,Ninguna,Sin restricción,"-32.944627556075, -60.663451521467","['Ricchieri', 'San Luis']",2,,-32.944627556075,-60.663451521467,55.0,538.0,Municipio Rosario,Municipio,Rosario,820210,Servicio de Catastro e Información Territorial,IGN
2018,5268,2018-07-06,Viernes,0.0,18:00:00,,0.0,2,"Automóvil,Pickup/Utilitario",Lavalle Y Rioja,4,1,0,0,3,0,0,"-32.940443310012, -60.678085653852",Calle,,ROSARIO,Rosario,Asfalto,No existe,II,Dentro,Urbana,Ninguna,No existe,Intersección,Bueno,Buena,Atardecer,Buen Tiempo,Lateral,S/D,Colisión,Ninguna,Faltante,Ninguna,Sin restricción,"-32.940443310012, -60.678085653852","['Lavalle', 'Rioja']",2,,-32.940443310012,-60.678085653852,55.0,538.0,Municipio Rosario,Municipio,Rosario,820210,Servicio de Catastro e Información Territorial,IGN
2018,5270,2018-07-20,Viernes,0.0,13:45:00,,0.0,2,"Moto/Ciclomotor,Automóvil",Italia Y Amenabar,2,1,0,0,1,0,0,"-32.970498675134, -60.654312370943",Calle,,ROSARIO,Rosario,Asfalto,No existe,II,S/D,Urbana,S/D,No existe,Intersección,Bueno,S/D,Diurna,S/D,Lateral,S/D,Colisión,Ninguna,S/D,Ninguna,S/D,"-32.970498675134, -60.654312370943","['Italia', 'Amenabar']",2,,-32.970498675134,-60.654312370943,55.0,538.0,Municipio Rosario,Municipio,Rosario,820210,Servicio de Catastro e Información Territorial,IGN
2018,5272,2018-07-04,Miercoles,0.0,12:40:00,,0.0,2,"Taxi/Remis,Moto/Ciclomotor",Av. Francia Y 9 De Julio,2,1,0,0,1,0,0,"-32.948897632827, -60.667421190809",Avenida,,ROSARIO,Rosario,Asfalto,No existe,II,Dentro,Urbana,Semáforo,No existe,Intersección,Bueno,Buena,Diurna,Buen Tiempo,De alcance,S/D,Colisión,Ninguna,"Horizontal,Vertical",Ninguna,Sin restricción,"-32.948897632827, -60.667421190809","['Avenida Francia', '9 de Julio']",2,,-32.948897632827,-60.667421190809,55.0,538.0,Municipio Rosario,Municipio,Rosario,820210,Servicio de Catastro e Información Territorial,IGN
2018,5273,2018-07-02,Lunes,0.0,14:30:00,,0.0,2,"Peatón,Automóvil",Virasoro Y San Martin,2,1,0,0,1,0,0,"-32.970155352380, -60.642617939639",Calle,,ROSARIO,Rosario,Asfalto,No existe,II,Dentro,Urbana,Ninguna,No existe,Intersección,Bueno,Buena,Diurna,Buen Tiempo,Lateral,S/D,Colisión,Ninguna,S/D,Ninguna,Sin restricción,"-32.970155352380, -60.642617939639","['Virasoro', 'San Martin']",2,,-32.97015535238,-60.642617939639,55.0,538.0,Municipio Rosario,Municipio,Rosario,820210,Servicio de Catastro e Información Territorial,IGN
2018,5274,2018-03-10,Sabado,0.0,,,0.0,2,"Moto/Ciclomotor,Automóvil",Garzon Y Pasco,2,1,0,0,1,0,0,"-32.950748,-60.705196",Calle,,ROSARIO,Rosario,Asfalto,No existe,II,Dentro,Urbana,S/D,No existe,Intersección,Bueno,S/D,S/D,S/D,S/D,S/D,Colisión,Ninguna,Faltante,Ninguna,S/D,"-32.950748,-60.705196","['Garzón', 'Pasco']",2,,-32.950748,-60.705196,55.0,538.0,Municipio Rosario,Municipio,Rosario,820210,Servicio de Catastro e Información Territorial,IGN
2018,5276,2018-04-26,Jueves,0.0,20:20:00,,0.0,3,"Automóvil,Automóvil,Automóvil",Av. Pte.Peron Y Alsina,3,1,0,0,0,0,2,"-32.957179,-60.680854",Calle,,ROSARIO,Rosario,Asfalto,No existe,II,Dentro,Urbana,Semáforo,Funciona,Intersección,Bueno,Buena,Atardecer,Buen Tiempo,Múltiple,S/D,Colisión,Ninguna,"Horizontal,Vertical",Ninguna,Sin restricción,"-32.957179,-60.680854","['Avenida Presidente Perón', 'Alsina']",2,,-32.957179,-60.680854,55.0,538.0,Municipio Rosario,Municipio,Rosario,820210,Servicio de Catastro e Información Territorial,IGN
2018,5277,2018-07-12,Jueves,0.0,22:10:00,,0.0,2,"Moto/Ciclomotor,Automóvil",Av. Corrientes 1925,2,1,0,0,1,0,0,"-32.958954447534, -60.645686386752",Calle,,ROSARIO,Rosario,Asfalto,No existe,II,S/D,Urbana,Ninguna,No existe,Recta,Bueno,Buena,Diurna,Buen Tiempo,De alcance,S/D,Colisión,Ninguna,S/D,Ninguna,Sin restricción,"-32.958954447534, -60.645686386752",['Corrientes 1925'],1,,-32.958954447534,-60.645686386752,55.0,538.0,Municipio Rosario,Municipio,Rosario,820210,Servicio de Catastro e Información Territorial,IGN
2018,5278,2018-03-12,Lunes,0.0,07:15:00,,0.0,1,Transporte de Pasajeros Urbano (> 8 asientos),Magallanes Y Mendoza,1,1,0,0,0,0,0,"-32.939993,-60.704482",Calle,,ROSARIO,Rosario,Asfalto,No existe,II,Dentro,Urbana,Semáforo,Funciona,Intersección,Bueno,S/D,Diurna,S/D,Contra objeto fijo,S/D,Colisión,Ninguna,"Horizontal,Vertical",S/D,Sin restricción,"-32.939993,-60.704482","['Magallanes', 'Mendoza']",2,,-32.939993,-60.704482,55.0,538.0,Municipio Rosario,Municipio,Rosario,820210,Servicio de Catastro e Información Territorial,IGN
2018,5279,2018-07-06,Viernes,0.0,17:20:00,,0.0,2,"Taxi/Remis,Automóvil",Suipacha Y La Paz,3,1,0,0,2,0,0,"-32.959490889337, -60.668667553591",Calle,,ROSARIO,Rosario,Asfalto,No existe,II,S/D,Urbana,Ninguna,No existe,Intersección,Otro,Buena,Diurna,Buen Tiempo,Lateral,S/D,Colisión,Ninguna,Faltante,Ninguna,Sin restricción,"-32.959490889337, -60.668667553591","['Suipacha', 'La Paz']",2,,-32.959490889337,-60.668667553591,55.0,538.0,Municipio Rosario,Municipio,Rosario,820210,Servicio de Catastro e Información Territorial,IGN
2018,5281,2018-07-03,Martes,0.0,11:30:00,,0.0,2,"Moto/Ciclomotor,Automóvil",Bv. Oro?o Y Riobamba,2,1,0,0,1,0,0,"-32.961250418451, -60.657724140810",Calle,,ROSARIO,Rosario,Asfalto,No existe,II,S/D,Urbana,Ninguna,No existe,Intersección,Bueno,Buena,Diurna,Buen Tiempo,Lateral,S/D,Colisión,Ninguna,S/D,Ninguna,Sin restricción,"-32.961250418451, -60.657724140810","['Bulevar Nicasio Oroño', 'Riobamba']",2,,-32.961250418451,-60.65772414081,55.0,538.0,Municipio Rosario,Municipio,Rosario,820210,Servicio de Catastro e Información Territorial,IGN
2018,5284,2018-07-25,Miercoles,0.0,10:20:00,,0.0,2,"Automóvil,Cuatriciclo",Laprida Y Centeno,2,1,0,0,1,0,0,"-32.985540503289, -60.643905399966",Calle,,ROSARIO,Rosario,Asfalto,No existe,II,S/D,Urbana,Ninguna,No existe,Intersección,Con baches,Buena,Diurna,Otro,Lateral,S/D,Colisión,Agua,Horizontal,Ninguna,Sin restricción,"-32.985540503289, -60.643905399966","['Laprida', 'Centeno']",2,,-32.985540503289,-60.643905399966,55.0,538.0,Municipio Rosario,Municipio,Rosario,820210,Servicio de Catastro e Información Territorial,IGN
2018,5286,2018-07-17,Martes,0.0,15:20:00,,0.0,2,"Automóvil,Moto/Ciclomotor",Ayacucho Y Amenabar,3,2,0,0,1,0,0,"-32.974275225427, -60.633369682955",Calle,,ROSARIO,Rosario,Asfalto,No existe,II,S/D,Urbana,Ninguna,No existe,Intersección,Bueno,Buena,Diurna,Buen Tiempo,Lateral,S/D,Colisión,Ninguna,Horizontal,Ninguna,Sin restricción,"-32.974275225427, -60.633369682955","['Ayacucho', 'Amenabar']",2,,-32.974275225427,-60.633369682955,55.0,538.0,Municipio Rosario,Municipio,Rosario,820210,Servicio de Catastro e Información Territorial,IGN
2018,5289,2018-07-15,Domingo,0.0,19:40:00,,0.0,2,"Pickup/Utilitario,Moto/Ciclomotor",L.N.Alem Y Bv. Segui,2,0,1,0,1,0,0,"-32.980841273095, -60.636502503085",Calle,,ROSARIO,Rosario,Asfalto,No existe,II,S/D,Urbana,Ninguna,No existe,Intersección,Bueno,Buena,Nocturna,Buen Tiempo,Lateral,S/D,Colisión,S/D,Horizontal,Vegetación,Sin restricción,"-32.980841273095, -60.636502503085","['Alem', 'Bulevar Juan Francisco Seguí']",2,,-32.980841273095,-60.636502503085,55.0,538.0,Municipio Rosario,Municipio,Rosario,820210,Servicio de Catastro e Información Territorial,IGN
2018,5291,2018-07-13,Viernes,0.0,11:45:00,,0.0,2,"Automóvil,Moto/Ciclomotor",Necochea Y Garay,2,1,0,0,1,0,0,"-32.977043265130, -60.631202458071",Calle,,ROSARIO,Rosario,Asfalto,No existe,II,S/D,Urbana,Ninguna,No existe,Intersección,Bueno,Buena,Diurna,Buen Tiempo,Lateral,S/D,Colisión,Ninguna,Faltante,Ninguna,Sin restricción,"-32.977043265130, -60.631202458071","['Necochea', 'Garay']",2,,-32.97704326513,-60.631202458071,55.0,538.0,Municipio Rosario,Municipio,Rosario,820210,Servicio de Catastro e Información Territorial,IGN
2018,5293,2018-07-10,Martes,0.0,15:05:00,,0.0,2,"Automóvil,Moto/Ciclomotor",Ayacucho Y 24 De Setiembre,2,1,0,0,1,0,0,"-32.982150191095, -60.635665653872",Calle,,ROSARIO,Rosario,Asfalto,No existe,II,S/D,Urbana,Ninguna,No existe,Intersección,Bueno,Buena,Diurna,Buen Tiempo,Lateral,S/D,Colisión,Ninguna,Faltante,Ninguna,Sin restricción,"-32.982150191095, -60.635665653872","['Ayacucho', '24 de Septiembre']",2,,-32.982150191095,-60.635665653872,55.0,538.0,Municipio Rosario,Municipio,Rosario,820210,Servicio de Catastro e Información Territorial,IGN
2018,5294,2018-07-07,Sabado,0.0,22:30:00,,0.0,2,"Taxi/Remis,Moto/Ciclomotor",Bv. Segui Y J.M.de Rosas,2,1,0,0,1,0,0,"-32.980304831292, -60.639506577181",Calle,,ROSARIO,Rosario,Asfalto,No existe,II,S/D,Urbana,Ninguna,No existe,Intersección,Bueno,Buena,Nocturna,Buen Tiempo,Lateral,S/D,Colisión,Ninguna,Horizontal,Ninguna,Sin restricción,"-32.980304831292, -60.639506577181","['Bulevar Juan Francisco Seguí', 'De Rosas']",2,,-32.980304831292,-60.639506577181,55.0,538.0,Municipio Rosario,Municipio,Rosario,820210,Servicio de Catastro e Información Territorial,IGN
2018,5297,2018-07-07,Sabado,0.0,19:10:00,,0.0,1,Moto/Ciclomotor,L.N.Alem Y Gaboto,1,1,0,0,0,0,0,"-32.975069159295, -60.635107754397",Calle,,ROSARIO,Rosario,Asfalto,No existe,II,S/D,Urbana,Semáforo,Funciona,Recta,Bueno,Buena,Nocturna,Buen Tiempo,Contra objeto fijo,S/D,Colisión,Ninguna,Vertical,Ninguna,Sin restricción,"-32.975069159295, -60.635107754397","['Alem', 'Gaboto']",2,,-32.975069159295,-60.635107754397,55.0,538.0,Municipio Rosario,Municipio,Rosario,820210,Servicio de Catastro e Información Territorial,IGN
2018,5298,2018-07-04,Miercoles,0.0,08:17:00,,0.0,2,"Peatón,Automóvil",Maipu Y Ayolas,2,1,0,0,1,0,0,"-32.977322214868, -60.643004177737",Calle,,ROSARIO,Rosario,Asfalto,No existe,II,S/D,Urbana,Ninguna,No existe,Recta,Bueno,Buena,Amanecer,Buen Tiempo,S/D,Peatón,Atropello,Ninguna,Vertical,Ninguna,Sin restricción,"-32.977322214868, -60.643004177737","['Maipú', 'Ayolas']",2,,-32.977322214868,-60.643004177737,55.0,538.0,Municipio Rosario,Municipio,Rosario,820210,Servicio de Catastro e Información Territorial,IGN
2018,5301,2018-07-02,Lunes,0.0,11:00:00,,0.0,1,Moto/Ciclomotor,Ayacucho Y 24 De Setiembre,1,1,0,0,0,0,0,"-32.982150191095, -60.635644196200",Calle,,ROSARIO,Rosario,Asfalto,No existe,II,S/D,Urbana,Ninguna,No existe,Recta,Bueno,Buena,Diurna,Buen Tiempo,S/D,S/D,Caída ocupante,Ninguna,Horizontal,Ninguna,Sin restricción,"-32.982150191095, -60.635644196200","['Ayacucho', '24 de Septiembre']",2,,-32.982150191095,-60.6356441962,55.0,538.0,Municipio Rosario,Municipio,Rosario,820210,Servicio de Catastro e Información Territorial,IGN
2018,5302,2018-08-22,Miercoles,0.0,17:20:00,,0.0,2,"Automóvil,Moto/Ciclomotor",Rivarola 7400,2,1,0,0,1,0,0,"-32.966055555556,-60.720222222222",Avenida,,ROSARIO,Rosario,Asfalto,No existe,II,Dentro,Urbana,Ninguna,No existe,Recta,Bueno,Buena,Diurna,Buen Tiempo,Frontal,S/D,Colisión,Ninguna,Faltante,Cordón divisorio,Sin restricción,"-32.966055555556,-60.720222222222",['Rivarola 7400'],1,,-32.966055555556,-60.720222222222,55.0,538.0,Municipio Rosario,Municipio,Rosario,820210,Servicio de Catastro e Información Territorial,IGN
2018,5303,2018-08-23,Jueves,0.0,06:50:00,,0.0,2,"Automóvil,Moto/Ciclomotor",Av. Pte.Peron Y Pascual Rosas,2,1,0,0,1,0,0,"-32.95834, -60.69112",Calle,,ROSARIO,Rosario,Asfalto,No existe,II,S/D,Urbana,S/D,S/D,Intersección,Bueno,Buena,Amanecer,Buen Tiempo,Lateral,S/D,Colisión,Ninguna,S/D,Cordón divisorio,Sin restricción,"-32.95834, -60.69112","['Avenida Presidente Perón', 'Pascual Rosas']",2,,-32.95834,-60.69112,55.0,538.0,Municipio Rosario,Municipio,Rosario,820210,Servicio de Catastro e Información Territorial,IGN
2018,5304,2018-08-26,Domingo,0.0,00:50:00,,0.0,2,"Moto/Ciclomotor,Automóvil",Ocampo Y Cullen,2,1,0,0,1,0,0,"-32.95793,-60.70840",Calle,,ROSARIO,Rosario,Asfalto,No existe,II,Dentro,Urbana,Ninguna,No existe,Intersección,Bueno,Reducida,Con luz artificial,Buen Tiempo,S/D,S/D,Colisión,Ninguna,Faltante,Ninguna,Sin restricción,"-32.95793,-60.70840","['Ocampo', 'Cullen']",2,,-32.95793,-60.7084,55.0,538.0,Municipio Rosario,Municipio,Rosario,820210,Servicio de Catastro e Información Territorial,IGN
2018,5305,2018-08-26,Domingo,0.0,19:30:00,,0.0,2,"Automóvil,Automóvil",Av. De Las Palmeras Y Av. Pte.Peron,5,2,0,0,3,0,0,"-32.98021, -60.73609",Calle,,ROSARIO,Rosario,Asfalto,No existe,II,Dentro,Urbana,Ninguna,No existe,Recta,Bueno,Buena,Atardecer,Buen Tiempo,Otro,S/D,Colisión,Ninguna,Faltante,Ninguna,Sin restricción,"-32.98021, -60.73609","['Las Palmas', 'Avenida Presidente Perón']",2,,-32.98021,-60.73609,55.0,538.0,Municipio Rosario,Municipio,Rosario,820210,Servicio de Catastro e Información Territorial,IGN
2018,5306,2018-08-08,Miercoles,0.0,12:15:00,,0.0,2,"Automóvil,Moto/Ciclomotor",P.Rivarola Y M.Gonzalez,5,2,0,0,3,0,0,"-32.96638,-60.73090",Avenida,,ROSARIO,Rosario,Asfalto,No existe,II,Fuera,Urbana,Ninguna,No existe,Intersección,S/D,Buena,Diurna,Buen Tiempo,Lateral,S/D,Colisión,Ninguna,Faltante,"Barrera de hormigón,Cordón divisorio",Sin restricción,"-32.96638,-60.73090","['Rivarola', 'Gonzalez']",2,,-32.96638,-60.7309,55.0,538.0,Municipio Rosario,Municipio,Rosario,820210,Servicio de Catastro e Información Territorial,IGN
2018,5307,2018-08-16,Jueves,0.0,16:35:00,,0.0,2,"Automóvil,Moto/Ciclomotor",Cochabamba Y Pascual Rosas,2,1,0,0,1,0,0,"-32.94984, -60.68895",Calle,,ROSARIO,Rosario,Asfalto,Pavimento,II,Fuera,Urbana,Ninguna,S/D,Intersección,Otro,Buena,Diurna,Buen Tiempo,S/D,S/D,Colisión,S/D,Faltante,Ninguna,Sin restricción,"-32.94984, -60.68895","['Cochabamba', 'Pascual Rosas']",2,,-32.94984,-60.68895,55.0,538.0,Municipio Rosario,Municipio,Rosario,820210,Servicio de Catastro e Información Territorial,IGN
2018,5308,2018-08-16,Jueves,0.0,17:00:00,,0.0,2,"Moto/Ciclomotor,Automóvil",Gaboto Y Matienzo,2,2,0,0,0,0,0,"-32.96463, -60.69374",Calle,,ROSARIO,Rosario,Asfalto,No existe,II,Fuera,Urbana,Ninguna,No existe,Intersección,Bueno,Buena,Diurna,Buen Tiempo,S/D,S/D,Atropello,Ninguna,Faltante,Ninguna,Sin restricción,"-32.96463, -60.69374","['Gaboto', 'Matienzo']",2,,-32.96463,-60.69374,55.0,538.0,Municipio Rosario,Municipio,Rosario,820210,Servicio de Catastro e Información Territorial,IGN
2018,5310,2018-08-16,Jueves,0.0,08:40:00,,0.0,3,"Automóvil,Peatón,Moto/Ciclomotor",Bv. Segui 5300,4,3,0,0,1,0,0,"-32.970555555556,-60.694805555556",Avenida,,ROSARIO,Rosario,Asfalto,No existe,II,Fuera,Urbana,Ninguna,No existe,Recta,Bueno,Buena,Diurna,Buen Tiempo,S/D,Peatón,Atropello,S/D,S/D,Barrera de hormigón,Sin restricción,"-32.970555555556,-60.694805555556",['Bulevar Juan Francisco Seguí 5300'],1,,-32.970555555556,-60.694805555556,55.0,538.0,Municipio Rosario,Municipio,Rosario,820210,Servicio de Catastro e Información Territorial,IGN
2018,5311,2018-08-20,Lunes,0.0,17:00:00,,0.0,2,"Automóvil,Moto/Ciclomotor",Bv. Segui Y Cullen,3,1,0,0,2,0,0,"-32.971027777778,-60.707944444444",Avenida,,ROSARIO,Rosario,Asfalto,S/D,II,S/D,Urbana,Ninguna,S/D,Intersección,Bueno,Buena,Diurna,Buen Tiempo,S/D,S/D,Colisión,S/D,S/D,Barrera de hormigón,Sin restricción,"-32.971027777778,-60.707944444444","['Bulevar Juan Francisco Seguí', 'Cullen']",2,,-32.971027777778,-60.707944444444,55.0,538.0,Municipio Rosario,Municipio,Rosario,820210,Servicio de Catastro e Información Territorial,IGN
2018,5312,2018-08-30,Jueves,0.0,15:55:00,,0.0,2,"Moto/Ciclomotor,Automóvil",Rodriguez Y 3 De Febrero,2,1,0,0,1,0,0,"-32.949083333333,-60.660361111111",Calle,,ROSARIO,Rosario,S/D,S/D,II,S/D,Urbana,S/D,S/D,Intersección,S/D,S/D,Diurna,S/D,S/D,S/D,Colisión,S/D,S/D,S/D,S/D,"-32.949083333333,-60.660361111111","['Rodríguez', '3 de Febrero']",2,,-32.949083333333,-60.660361111111,55.0,538.0,Municipio Rosario,Municipio,Rosario,820210,Servicio de Catastro e Información Territorial,IGN