anio_acci,nro_acci,fecha,desc_dia,fecha_aprox,hora_aprox,desc_ruta,km,cant_participantes,desc_participante,calle_avenida_km,total,heridos_leves,heridos_graves,heridos_gravisimos,ilesos,fallecidos,sin_datos,posicion_XY,desc_tipo_via,desc_ruta_ori,desc_loc,desc_dpto,desc_tipo_calzada,desc_tipo_banquina,desc_unidad_regional,desc_lugar_calzada,desc_zona,desc_prioridad,desc_estado_semaforo,desc_lugar_via,desc_estado_via,desc_estado_visibilidad,desc_luminosidad,desc_estado_clima,desc_tipo_colision,desc_tipo_atropello,desc_tipo_hecho,desc_pres_calzada,desc_senializacion,desc_separacion_via,desc_restriccion,forma_geocod,calle_lista,numero_calles,calles_osm,lat,lon,index_right,gid,fna,gna,nam,in1,fdc,sag
2018,5314,2018-04-21,Sabado,0.0,09:30:00,,0.0,2,"Automóvil,Moto/Ciclomotor",Mendoza Y Cafferata,2,1,0,0,1,0,0,"-32.945666666667,-60.672277777778",Calle,,ROSARIO,Rosario,Asfalto,No existe,II,Dentro,Urbana,Semáforo,Funciona,Recta,Bueno,Buena,Diurna,Buen Tiempo,De alcance,S/D,Colisión,S/D,Vertical,Ninguna,Sin restricción,"-32.945666666667,-60.672277777778","['Mendoza', 'Cafferata']",2,,-32.945666666667,-60.672277777778,55.0,538.0,Municipio Rosario,Municipio,Rosario,820210,Servicio de Catastro e Información Territorial,IGN
2018,5315,2018-04-12,Jueves,0.0,16:45:00,,0.0,2,"Moto/Ciclomotor,Pickup/Utilitario",Av. Francia Y Rioja,2,1,0,0,1,0,0,"-32.942638888889,-60.665916666667",Calle,,ROSARIO,Rosario,Asfalto,No existe,II,Dentro,Urbana,Semáforo,Funciona,Intersección,Bueno,Buena,Diurna,Buen Tiempo,De alcance,S/D,Colisión,Ninguna,Vertical,Ninguna,Sin restricción,"-32.942638888889,-60.665916666667","['Avenida Francia', 'Rioja']",2,,-32.942638888889,-60.665916666667,55.0,538.0,Municipio Rosario,Municipio,Rosario,820210,Servicio de Catastro e Información Territorial,IGN
2018,5316,2018-04-12,Jueves,0.0,10:30:00,,0.0,2,"Bicicleta,Automóvil",3 De Febrero Y Bv. Avellaneda,2,1,0,0,1,0,0,"-32.945444444444,-60.680638888889",Avenida,,ROSARIO,Rosario,Asfalto,No existe,II,Dentro,Urbana,Semáforo,Funciona,Intersección,Bueno,Buena,Diurna,Buen Tiempo,S/D,Ciclista,Atropello,Ninguna,Vertical,Cordón divisorio,Sin restricción,"-32.945444444444,-60.680638888889","['3 de Febrero', 'Avellaneda']",2,,-32.945444444444,-60.680638888889,55.0,538.0,Municipio Rosario,Municipio,Rosario,820210,Servicio de Catastro e Información Territorial,IGN
2018,5318,2018-07-26,Jueves,0.0,08:15:00,,0.0,2,"Moto/Ciclomotor,Automóvil",Bv. Avellaneda Y E.Zeballos,2,1,0,0,1,0,0,"-32.947638888889,-60.681444444444",Avenida,,ROSARIO,Rosario,Asfalto,No existe,II,Dentro,Urbana,Semáforo,Funciona,Intersección,Bueno,Buena,Diurna,Buen Tiempo,Lateral,S/D,Colisión,Ninguna,"Horizontal,Vertical",Cordón divisorio,Sin restricción,"-32.947638888889,-60.681444444444","['Avellaneda', 'Zeballos']",2,,-32.947638888889,-60.681444444444,55.0,538.0,Municipio Rosario,Municipio,Rosario,820210,Servicio de Catastro e Información Territorial,IGN
2018,5320,2018-07-02,Lunes,0.0,17:00:00,,0.0,2,"Automóvil,Automóvil",Montevideo Y Av. Ovidio Lagos,2,1,0,0,1,0,0,"-32.951972222222,-60.663916666667",Avenida,,ROSARIO,Rosario,Asfalto,No existe,II,Dentro,Urbana,Semáforo,Funciona,Intersección,Bueno,Buena,Atardecer,Buen Tiempo,De alcance,S/D,Colisión,Ninguna,"Horizontal,Vertical",Ninguna,Sin restricción,"-32.951972222222,-60.663916666667","['Montevideo', 'Avenida Ovidio Lagos']",2,,-32.951972222222,-60.663916666667,55.0,538.0,Municipio Rosario,Municipio,Rosario,820210,Servicio de Catastro e Información Territorial,IGN
2018,5323,2018-07-16,Lunes,0.0,06:10:00,,0.0,2,"Moto/Ciclomotor,Moto/Ciclomotor",Sucre Y Mendoza,3,2,0,0,1,0,0,"-32.94225,-60.691333333333",Calle,,ROSARIO,Rosario,Asfalto,No existe,II,Dentro,Urbana,Semáforo,Funciona,Intersección,Bueno,Buena,Amanecer,Buen Tiempo,Lateral,S/D,Colisión,Ninguna,"Horizontal,Vertical",Ninguna,Sin restricción,"-32.94225,-60.691333333333","['Sucre', 'Mendoza']",2,,-32.94225,-60.691333333333,55.0,538.0,Municipio Rosario,Municipio,Rosario,820210,Servicio de Catastro e Información Territorial,IGN
2018,5324,2018-07-27,Viernes,0.0,01:00:00,,0.0,2,"Vehículo Oficial,Automóvil",Av. Pellegrini Y Cafferata,8,3,0,0,5,0,0,"-32.951305555556,-60.673694444444",Avenida,,ROSARIO,Rosario,Asfalto,No existe,II,Dentro,Urbana,Semáforo,Funciona,Intersección,Bueno,Buena,Nocturna,Buen Tiempo,De alcance,S/D,Colisión,Ninguna,"Horizontal,Vertical",Ninguna,Sin restricción,"-32.951305555556,-60.673694444444","['Pellegrini', 'Cafferata']",2,,-32.951305555556,-60.673694444444,55.0,538.0,Municipio Rosario,Municipio,Rosario,820210,Servicio de Catastro e Información Territorial,IGN
2018,5326,2018-04-05,Jueves,0.0,07:15:00,,0.0,2,"Automóvil,Bicicleta",Av. Pellegrini Y Alsina,2,1,0,0,0,0,1,"-32.950472222222,-60.679138888889",Calle,,ROSARIO,Rosario,Asfalto,No existe,II,Dentro,Urbana,Semáforo,Funciona,Intersección,Bueno,Buena,Diurna,Buen Tiempo,S/D,Ciclista,Atropello,Ninguna,Vertical,Cordón divisorio,Sin restricción,"-32.950472222222,-60.679138888889","['Pellegrini', 'Alsina']",2,,-32.950472222222,-60.679138888889,55.0,538.0,Municipio Rosario,Municipio,Rosario,820210,Servicio de Catastro e Información Territorial,IGN
2018,5327,2018-07-04,Miercoles,0.0,10:40:00,,0.0,2,"Automóvil,Pickup/Utilitario", ,3,2,0,0,1,0,0,"-32.979746931818, -60.662423371006",Calle,,ROSARIO,Rosario,Asfalto,No existe,II,S/D,Urbana,Ninguna,No existe,Recta,Bueno,Buena,Diurna,Buen Tiempo,S/D,S/D,Colisión,Ninguna,Faltante,Ninguna,Sin restricción,"-32.979746931818, -60.662423371006",[''],0,,-32.979746931818,-60.662423371006,55.0,538.0,Municipio Rosario,Municipio,Rosario,820210,Servicio de Catastro e Información Territorial,IGN
2018,5330,2018-07-04,Miercoles,0.0,09:30:00,,0.0,2,"Moto/Ciclomotor,Automóvil",Bv. Oro?o Y Biedma,2,1,0,0,1,0,0,"-32.978666666667,-60.662027777778",Calle,,ROSARIO,Rosario,Asfalto,No existe,II,S/D,Urbana,Semáforo,Funciona,Curva,Bueno,Buena,Diurna,Buen Tiempo,Lateral,S/D,Colisión,Ninguna,Vertical,Ninguna,Sin restricción,"-32.978666666667,-60.662027777778","['Bulevar Nicasio Oroño', 'Coronel Biedma']",2,,-32.978666666667,-60.662027777778,55.0,538.0,Municipio Rosario,Municipio,Rosario,820210,Servicio de Catastro e Información Territorial,IGN
2018,5331,2018-07-14,Sabado,0.0,14:15:00,,0.0,2,"Automóvil,Pickup/Utilitario",Rioja Y Bv. Avellaneda,3,2,0,0,1,0,0,"-32.940222222222,-60.679583333333",Avenida,,ROSARIO,Rosario,Asfalto,No existe,II,Dentro,Urbana,Semáforo,Funciona,Intersección,Bueno,Buena,Diurna,Buen Tiempo,Lateral,S/D,Colisión,Ninguna,"Horizontal,Vertical",Cordón divisorio,Sin restricción,"-32.940222222222,-60.679583333333","['Rioja', 'Avellaneda']",2,,-32.940222222222,-60.679583333333,55.0,538.0,Municipio Rosario,Municipio,Rosario,820210,Servicio de Catastro e Información Territorial,IGN
2018,5334,2018-07-07,Sabado,0.0,07:45:00,,0.0,2,"Moto/Ciclomotor,Camión",Uruguay Y Callao,3,2,0,0,1,0,0,"-32.972833333333,-60.66775",Calle,,ROSARIO,Rosario,Asfalto,No existe,II,S/D,Urbana,Ninguna,No existe,Recta,Bueno,Buena,Diurna,Buen Tiempo,Lateral,S/D,Colisión,Ninguna,Faltante,Ninguna,Sin restricción,"-32.972833333333,-60.66775","['Uruguay', 'Callao']",2,,-32.972833333333,-60.66775,55.0,538.0,Municipio Rosario,Municipio,Rosario,820210,Servicio de Catastro e Información Territorial,IGN
2018,5335,2018-07-16,Lunes,0.0,18:30:00,,0.0,2,"Moto/Ciclomotor,Automóvil",F.More Y 9 De Julio,3,2,0,0,1,0,0,"-32.944416666667,-60.693583333333",Calle,,ROSARIO,Rosario,Asfalto,No existe,II,Dentro,Urbana,Ninguna,No existe,Intersección,Bueno,Buena,Atardecer,Buen Tiempo,Lateral,S/D,Colisión,Ninguna,Faltante,Ninguna,Sin restricción,"-32.944416666667,-60.693583333333","['Felipe Moré', '9 de Julio']",2,,-32.944416666667,-60.693583333333,55.0,538.0,Municipio Rosario,Municipio,Rosario,820210,Servicio de Catastro e Información Territorial,IGN
2018,5337,2018-07-04,Miercoles,0.0,09:15:00,,0.0,2,"Automóvil,Moto/Ciclomotor",Av. Arijon Y Entre Rios,2,1,0,0,1,0,0,"-33.003111111111,-60.651777777778",Avenida,,ROSARIO,Rosario,Asfalto,No existe,II,Dentro,Urbana,Semáforo,Funciona,Recta,Bueno,Buena,Diurna,Buen Tiempo,De alcance,S/D,Colisión,Ninguna,"Horizontal,Vertical",Línea divisoria pintada,Sin restricción,"-33.003111111111,-60.651777777778","['Avenida Manuel Arijón', 'Entre Ríos']",2,,-33.003111111111,-60.651777777778,55.0,538.0,Municipio Rosario,Municipio,Rosario,820210,Servicio de Catastro e Información Territorial,IGN
2018,5338,2018-07-27,Viernes,0.0,14:20:00,,0.0,2,"Moto/Ciclomotor,Automóvil",Pueyrredon Y 3 De Febrero,2,1,0,0,1,0,0,"-32.949333333333,-60.658972222222",Calle,,ROSARIO,Rosario,Asfalto,No existe,II,Dentro,Urbana,Ninguna,No existe,Intersección,Bueno,Buena,Diurna,Buen Tiempo,De alcance,S/D,Colisión,Ninguna,Faltante,Ninguna,Sin restricción,"-32.949333333333,-60.658972222222","['Pueyrredón', '3 de Febrero']",2,,-32.949333333333,-60.658972222222,55.0,538.0,Municipio Rosario,Municipio,Rosario,820210,Servicio de Catastro e Información Territorial,IGN
2018,5339,2018-07-07,Sabado,0.0,18:25:00,,0.0,2,"Moto/Ciclomotor,Bicicleta",Av. Arijon Y Av. Corrientes,3,3,0,0,0,0,0,"-33.003138888889,-60.65325",Calle,,ROSARIO,Rosario,Asfalto,No existe,II,Dentro,Urbana,Ninguna,No existe,Intersección,Bueno,Buena,Atardecer,Buen Tiempo,Lateral,S/D,Colisión,Ninguna,Faltante,Ninguna,Sin restricción,"-33.003138888889,-60.65325","['Avenida Manuel Arijón', 'Corrientes']",2,,-33.003138888889,-60.65325,55.0,538.0,Municipio Rosario,Municipio,Rosario,820210,Servicio de Catastro e Información Territorial,IGN
2018,5342,2018-07-07,Sabado,0.0,23:50:00,,0.0,2,"Moto/Ciclomotor,Taxi/Remis",Cafferata Y Marcos Paz,4,0,1,0,3,0,0,"-32.944972222222,-60.672083333333",Calle,,ROSARIO,Rosario,Asfalto,No existe,II,Dentro,Urbana,Señal Ceda el Paso,No existe,Intersección,Bueno,Buena,Nocturna,Buen Tiempo,Lateral,S/D,Colisión,Ninguna,Vertical,Ninguna,Sin restricción,"-32.944972222222,-60.672083333333","['Cafferata', 'Marcos Paz']",2,,-32.944972222222,-60.672083333333,55.0,538.0,Municipio Rosario,Municipio,Rosario,820210,Servicio de Catastro e Información Territorial,IGN
2018,5343,2018-07-05,Jueves,0.0,11:15:00,,0.0,2,"Camión Chasis,Peatón",Bv. Segui Y Av. Corrientes,2,1,0,0,1,0,0,"-32.97825,-60.650583333333",Calle,,ROSARIO,Rosario,Asfalto,No existe,II,S/D,Urbana,Ninguna,No existe,Recta,Bueno,Buena,Diurna,Buen Tiempo,S/D,Peatón,Atropello,Ninguna,Faltante,Ninguna,Sin restricción,"-32.97825,-60.650583333333","['Bulevar Juan Francisco Seguí', 'Corrientes']",2,,-32.97825,-60.650583333333,55.0,538.0,Municipio Rosario,Municipio,Rosario,820210,Servicio de Catastro e Información Territorial,IGN
2018,5345,2018-07-04,Miercoles,0.0,18:30:00,,0.0,2,"Automóvil,Automóvil",Bv. Segui Y Italia,4,1,0,0,3,0,0,"-32.977305555556,-60.656083333333",Avenida,,ROSARIO,Rosario,Asfalto,No existe,II,S/D,Urbana,Ninguna,No existe,Recta,Bueno,Buena,Atardecer,Buen Tiempo,Lateral,S/D,Colisión,Ninguna,S/D,Ninguna,Sin restricción,"-32.977305555556,-60.656083333333","['Bulevar Juan Francisco Seguí', 'Italia']",2,,-32.977305555556,-60.656083333333,55.0,538.0,Municipio Rosario,Municipio,Rosario,820210,Servicio de Catastro e Información Territorial,IGN
2018,5347,2018-07-26,Jueves,0.0,20:55:00,,0.0,2,"Automóvil,Moto/Ciclomotor",Montevideo Y Iriondo,2,1,0,0,1,0,0,"-32.9505,-60.672083333333",Calle,,ROSARIO,Rosario,Asfalto,No existe,II,Dentro,Urbana,Ninguna,No existe,Intersección,Bueno,Buena,"Nocturna,Con luz artificial",Buen Tiempo,Lateral,S/D,Colisión,Ninguna,Faltante,Ninguna,Sin restricción,"-32.9505,-60.672083333333","['Montevideo', 'Iriondo']",2,,-32.9505,-60.672083333333,55.0,538.0,Municipio Rosario,Municipio,Rosario,820210,Servicio de Catastro e Información Territorial,IGN
2018,5349,2018-07-04,Miercoles,0.0,17:45:00,,0.0,2,"Moto/Ciclomotor,Automóvil",Av. Battle y Ordo?ez Y Buenos Aires,2,1,0,0,1,0,0,"-33.008805555556,-60.644666666667",Calle,,ROSARIO,Rosario,Asfalto,No existe,II,Dentro,Urbana,Ninguna,Funciona,Intersección,Bueno,Buena,Atardecer,Buen Tiempo,Lateral,S/D,Colisión,Ninguna,"Horizontal,Vertical",Ninguna,Sin restricción,"-33.008805555556,-60.644666666667","['Avenida Battle y Ordoñez', 'Buenos Aires']",2,,-33.008805555556,-60.644666666667,55.0,538.0,Municipio Rosario,Municipio,Rosario,820210,Servicio de Catastro e Información Territorial,IGN
2018,5350,2018-07-08,Domingo,0.0,21:15:00,,0.0,2,"Moto/Ciclomotor,Peatón",San Luis Y Av. Ovidio Lagos,3,2,0,0,1,0,0,"-32.944861111111,-60.662111111111",Avenida,,ROSARIO,Rosario,Asfalto,No existe,II,Dentro,Urbana,Ninguna,Funciona,Intersección,Bueno,Buena,"Nocturna,Con luz artificial",Buen Tiempo,S/D,Peatón,Atropello,Ninguna,"Horizontal,Vertical",Ninguna,Sin restricción,"-32.944861111111,-60.662111111111","['San Luis', 'Avenida Ovidio Lagos']",2,,-32.944861111111,-60.662111111111,55.0,538.0,Municipio Rosario,Municipio,Rosario,820210,Servicio de Catastro e Información Territorial,IGN
2018,5351,2018-07-06,Viernes,0.0,08:35:00,,0.0,2,"Bicicleta,Automóvil",Av. Uriburu Y Paraguay,2,1,0,0,1,0,0,"-32.991055555556,-60.655222222222",Calle,,ROSARIO,Rosario,Asfalto,No existe,II,S/D,Urbana,Semáforo,Funciona,Recta,Bueno,Buena,Diurna,Buen Tiempo,S/D,Ciclista,Atropello,Ninguna,Vertical,Ninguna,Sin restricción,"-32.991055555556,-60.655222222222","['Uriburu', 'Paraguay']",2,,-32.991055555556,-60.655222222222,55.0,538.0,Municipio Rosario,Municipio,Rosario,820210,Servicio de Catastro e Información Territorial,IGN
2018,5353,2018-07-18,Miercoles,0.0,20:00:00,,0.0,2,"Moto/Ciclomotor,Automóvil",Av. Arijon Y Av. Corrientes,2,1,0,0,1,0,0,"-33.003138888889,-60.65325",Avenida,,ROSARIO,Rosario,Asfalto,No existe,II,Dentro,Urbana,Ninguna,No existe,Intersección,S/D,Buena,Nocturna,Buen Tiempo,De alcance,S/D,Colisión,Ninguna,Horizontal,Ninguna,Sin restricción,"-33.003138888889,-60.65325","['Avenida Manuel Arijón', 'Corrientes']",2,,-33.003138888889,-60.65325,55.0,538.0,Municipio Rosario,Municipio,Rosario,820210,Servicio de Catastro e Información Territorial,IGN
2018,5354,2018-07-09,Lunes,0.0,04:20:00,,0.0,2,"Automóvil,Automóvil",San Luis Y Av. Ovidio Lagos,2,1,0,0,1,0,0,"-32.944861111111,-60.662111111111",Avenida,,ROSARIO,Rosario,Asfalto,No existe,II,Dentro,Urbana,Semáforo,Funciona,Intersección,Bueno,Buena,"Nocturna,Con luz artificial",Buen Tiempo,De alcance,S/D,Colisión,Ninguna,"Horizontal,Vertical",Ninguna,Sin restricción,"-32.944861111111,-60.662111111111","['San Luis', 'Avenida Ovidio Lagos']",2,,-32.944861111111,-60.662111111111,55.0,538.0,Municipio Rosario,Municipio,Rosario,820210,Servicio de Catastro e Información Territorial,IGN
2018,5356,2018-07-26,Jueves,0.0,18:40:00,,0.0,2,"Peatón,Automóvil",Centeno Y San Martin,2,1,0,0,1,0,0,"-32.985194444444,-60.645638888889",Avenida,,ROSARIO,Rosario,Asfalto,No existe,II,S/D,Urbana,Ninguna,No existe,Curva,Bueno,Buena,Atardecer,Buen Tiempo,S/D,Peatón,Atropello,Ninguna,Vertical,Ninguna,Sin restricción,"-32.985194444444,-60.645638888889","['Centeno', 'San Martin']",2,,-32.985194444444,-60.645638888889,55.0,538.0,Municipio Rosario,Municipio,Rosario,820210,Servicio de Catastro e Información Territorial,IGN
2018,5357,2018-07-27,Viernes,0.0,14:35:00,,0.0,2,"Moto/Ciclomotor,Automóvil",J.M.Gutierrez ,2,1,0,0,1,0,0,"-33.00216794013979,-60.687999129295",Calle,,ROSARIO,Rosario,Asfalto,No existe,II,Dentro,Urbana,Ninguna,No existe,Intersección,Bueno,Buena,Diurna,Buen Tiempo,Lateral,S/D,Colisión,Ninguna,Faltante,Barrera de hormigón,Sin restricción,"-33.00216794013979,-60.687999129295",['J M Gutierrez'],1,,-33.00216794013979,-60.687999129295,55.0,538.0,Municipio Rosario,Municipio,Rosario,820210,Servicio de Catastro e Información Territorial,IGN
2018,5358,2018-07-20,Viernes,0.0,15:22:00,,0.0,2,"Moto/Ciclomotor,Automóvil",Av. Pellegrini Y Pje. Cardarelli,2,1,0,0,1,0,0,"-32.949222222222,-60.68525",Avenida,,ROSARIO,Rosario,Asfalto,No existe,II,Dentro,Urbana,Ninguna,No existe,Intersección,Bueno,Buena,Diurna,Buen Tiempo,Lateral,S/D,Colisión,Ninguna,Faltante,Cordón divisorio,Sin restricción,"-32.949222222222,-60.68525","['Pellegrini', 'Pasaje Cardarelli']",2,,-32.949222222222,-60.68525,55.0,538.0,Municipio Rosario,Municipio,Rosario,820210,Servicio de Catastro e Información Territorial,IGN
2018,5360,2018-07-13,Viernes,0.0,12:00:00,,0.0,2,"Moto/Ciclomotor,Automóvil",Av. Pellegrini Y Pascual Rosas,3,1,0,0,1,0,1,"-32.948611111111,-60.688666666667",Avenida,,ROSARIO,Rosario,Asfalto,No existe,II,Dentro,Urbana,Ninguna,No existe,Intersección,Bueno,Buena,Diurna,Buen Tiempo,Lateral,S/D,Colisión,Ninguna,Faltante,Cordón divisorio,Sin restricción,"-32.948611111111,-60.688666666667","['Pellegrini', 'Pascual Rosas']",2,,-32.948611111111,-60.688666666667,55.0,538.0,Municipio Rosario,Municipio,Rosario,820210,Servicio de Catastro e Información Territorial,IGN
2018,5370,2018-07-10,Martes,0.0,08:30:00,,0.0,2,"Automóvil,Moto/Ciclomotor",Av. Genova Y Chaco Bis,3,2,0,0,1,0,0,"-32.915527777778,-60.6965",Avenida,,ROSARIO,Rosario,"Asfalto,Hormigón",No existe,II,Dentro,Urbana,Señal Pare,No existe,Recta,Bueno,Buena,Diurna,Otro,Otro,S/D,Colisión,Otro,"Horizontal,Vertical",Ninguna,Sin restricción,"-32.915527777778,-60.6965","['Genova', 'Chaco']",2,,-32.915527777778,-60.6965,55.0,538.0,Municipio Rosario,Municipio,Rosario,820210,Servicio de Catastro e Información Territorial,IGN
2018,5377,2018-07-02,Lunes,0.0,11:15:00,,0.0,2,"Taxi/Remis,Taxi/Remis",Mendoza Y Laprida,2,1,0,0,1,0,0,"-32.952222222222,-60.635333333333",Calle,,ROSARIO,Rosario,Hormigón,No existe,II,Dentro,Urbana,Ninguna,No existe,Intersección,Bueno,Buena,Diurna,S/D,Lateral,S/D,Colisión,S/D,Faltante,Ninguna,Sin restricción,"-32.952222222222,-60.635333333333","['Mendoza', 'Laprida']",2,,-32.952222222222,-60.635333333333,55.0,538.0,Municipio Rosario,Municipio,Rosario,820210,Servicio de Catastro e Información Territorial,IGN
2018,5379,2018-07-06,Viernes,0.0,08:50:00,,0.0,2,"Peatón,Automóvil",Rioja Y J.M.de Rosas,2,1,0,0,1,0,0,"-32.949055555556,-60.631555555556",Calle,,ROSARIO,Rosario,Asfalto,No existe,II,Dentro,Urbana,Ninguna,No existe,Intersección,Bueno,S/D,Diurna,S/D,S/D,Peatón,Atropello,S/D,Faltante,Ninguna,S/D,"-32.949055555556,-60.631555555556","['Rioja', 'De Rosas']",2,,-32.949055555556,-60.631555555556,55.0,538.0,Municipio Rosario,Municipio,Rosario,820210,Servicio de Catastro e Información Territorial,IGN
2018,5381,2018-07-23,Lunes,0.0,20:30:00,,0.0,2,"Taxi/Remis,Automóvil",Urquiza Y Espa?a,2,1,0,0,1,0,0,"-32.941472222222,-60.645638888889",Calle,,ROSARIO,Rosario,Asfalto,No existe,II,Dentro,Urbana,Semáforo,Funciona,Intersección,Bueno,Buena,Diurna,Buen Tiempo,De alcance,S/D,Colisión,Ninguna,"Horizontal,Vertical",Ninguna,Sin restricción,"-32.941472222222,-60.645638888889","['Urquiza', 'España']",2,,-32.941472222222,-60.645638888889,55.0,538.0,Municipio Rosario,Municipio,Rosario,820210,Servicio de Catastro e Información Territorial,IGN
2018,5384,2018-07-05,Jueves,0.0,07:50:00,,0.0,2,"Moto/Ciclomotor,Automóvil",Rivadavia Y Bv. Oro?o Bis,2,1,0,0,0,0,1,"-32.932111111111,-60.65025",Avenida,,ROSARIO,Rosario,Asfalto,No existe,II,Dentro,Urbana,Semáforo,Funciona,Recta,S/D,Buena,Diurna,Buen Tiempo,De alcance,S/D,Colisión,Ninguna,"Horizontal,Vertical",Cordón divisorio,Sin restricción,"-32.932111111111,-60.65025","['Rivadavia', 'Bulevar Nicasio Oroño']",2,,-32.932111111111,-60.65025,55.0,538.0,Municipio Rosario,Municipio,Rosario,820210,Servicio de Catastro e Información Territorial,IGN
2018,5385,2018-07-25,Miercoles,0.0,14:00:00,,0.0,2,"Tracción animal / Carro,Pickup/Utilitario",Uriarte Y Rvdo.J.Margis,3,2,0,0,1,0,0,"-32.991111111111,-60.662138888889",Calle,,ROSARIO,Rosario,Asfalto,No existe,II,Dentro,Urbana,Ninguna,No existe,Intersección,Bueno,Buena,Diurna,Buen Tiempo,S/D,Peatón,Atropello,Ninguna,Faltante,Barrera de hormigón,Sin restricción,"-32.991111111111,-60.662138888889","['Uriarte', 'José Margis']",2,,-32.991111111111,-60.662138888889,55.0,538.0,Municipio Rosario,Municipio,Rosario,820210,Servicio de Catastro e Información Territorial,IGN
2018,5386,2018-07-22,Domingo,0.0,12:15:00,,0.0,2,"Moto/Ciclomotor,Automóvil",Urquiza Y Sarmiento,2,1,0,0,1,0,0,"-32.943,-60.637361111111",Calle,,ROSARIO,Rosario,Asfalto,No existe,II,Dentro,Urbana,Señal Pare,No existe,Intersección,Bueno,Buena,Diurna,Buen Tiempo,De alcance,S/D,Colisión,Ninguna,"Horizontal,Vertical",Ninguna,Sin restricción,"-32.943,-60.637361111111","['Urquiza', 'Sarmiento']",2,,-32.943,-60.637361111111,55.0,538.0,Municipio Rosario,Municipio,Rosario,820210,Servicio de Catastro e Información Territorial,IGN
2018,5387,2018-07-19,Jueves,0.0,01:00:00,,0.0,2,"Taxi/Remis,Automóvil",Paraguay Y Virasoro,4,1,0,0,3,0,0,"-32.968924, -60.649611",Calle,,ROSARIO,Rosario,Asfalto,No existe,II,Dentro,Urbana,Ninguna,No existe,Intersección,Deteriorada,S/D,"Nocturna,Con luz artificial",S/D,S/D,S/D,Colisión,S/D,Faltante,Ninguna,S/D,"-32.968924, -60.649611","['Paraguay', 'Virasoro']",2,,-32.968924,-60.649611,55.0,538.0,Municipio Rosario,Municipio,Rosario,820210,Servicio de Catastro e Información Territorial,IGN
2018,5390,2018-07-25,Miercoles,0.0,13:44:00,,0.0,2,"Moto/Ciclomotor,Taxi/Remis",San Martin Y Biedma,2,1,0,0,1,0,0,"-32.981722222222,-60.644916666667",Avenida,,ROSARIO,Rosario,Asfalto,No existe,II,Dentro,Urbana,Ninguna,No existe,Intersección,Bueno,Buena,Diurna,Buen Tiempo,Lateral,S/D,Colisión,Ninguna,Faltante,Cordón divisorio,Sin restricción,"-32.981722222222,-60.644916666667","['San Martin', 'Coronel Biedma']",2,,-32.981722222222,-60.644916666667,55.0,538.0,Municipio Rosario,Municipio,Rosario,820210,Servicio de Catastro e Información Territorial,IGN
2018,5391,2018-07-19,Jueves,0.0,13:59:00,,0.0,2,"Automóvil,Moto/Ciclomotor",Espa?a Y San Luis,2,1,0,0,1,0,0,"-32.947539, -60.647161",Calle,,ROSARIO,Rosario,Asfalto,No existe,II,Dentro,Urbana,Semáforo,Funciona,Intersección,Bueno,S/D,Diurna,S/D,S/D,S/D,Colisión,S/D,"Horizontal,Vertical",Ninguna,S/D,"-32.947539, -60.647161","['España', 'San Luis']",2,,-32.947539,-60.647161,55.0,538.0,Municipio Rosario,Municipio,Rosario,820210,Servicio de Catastro e Información Territorial,IGN
2018,5392,2018-07-29,Domingo,0.0,06:00:00,,0.0,2,"Bicicleta,Pickup/Utilitario",Bv. Oro?o 305,2,1,0,0,1,0,0,"-32.937972222222,-60.651722222222",Avenida,,ROSARIO,Rosario,Asfalto,No existe,II,Dentro,Urbana,Señal Pare,No existe,Recta,Bueno,Buena,Amanecer,Buen Tiempo,S/D,Ciclista,Atropello,Ninguna,"Horizontal,Vertical",Cordón divisorio,Sin restricción,"-32.937972222222,-60.651722222222",['Nicasio Oroño?o 305'],1,,-32.937972222222,-60.651722222222,55.0,538.0,Municipio Rosario,Municipio,Rosario,820210,Servicio de Catastro e Información Territorial,IGN