anio_acci,nro_acci,fecha,desc_dia,fecha_aprox,hora_aprox,desc_ruta,km,cant_participantes,desc_participante,calle_avenida_km,total,heridos_leves,heridos_graves,heridos_gravisimos,ilesos,fallecidos,sin_datos,posicion_XY,desc_tipo_via,desc_ruta_ori,desc_loc,desc_dpto,desc_tipo_calzada,desc_tipo_banquina,desc_unidad_regional,desc_lugar_calzada,desc_zona,desc_prioridad,desc_estado_semaforo,desc_lugar_via,desc_estado_via,desc_estado_visibilidad,desc_luminosidad,desc_estado_clima,desc_tipo_colision,desc_tipo_atropello,desc_tipo_hecho,desc_pres_calzada,desc_senializacion,desc_separacion_via,desc_restriccion,forma_geocod,calle_lista,numero_calles,calles_osm,lat,lon,index_right,gid,fna,gna,nam,in1,fdc,sag
2018,5394,2018-07-28,Sabado,0.0,18:05:00,,0.0,2,"Bicicleta,Automóvil",Mariano Moreno Y Brown,2,1,0,0,1,0,0,"-32.934888888889,-60.648222222222",Calle,,ROSARIO,Rosario,Asfalto,No existe,II,Dentro,Urbana,Ninguna,No existe,Intersección,Bueno,Buena,Diurna,Buen Tiempo,S/D,Ciclista,Atropello,Ninguna,Faltante,Ninguna,Sin restricción,"-32.934888888889,-60.648222222222","['Mariano Moreno', 'Brown']",2,,-32.934888888889,-60.648222222222,55.0,538.0,Municipio Rosario,Municipio,Rosario,820210,Servicio de Catastro e Información Territorial,IGN
2018,5395,2018-07-19,Jueves,0.0,20:18:00,,0.0,2,"Bicicleta,Automóvil",Bv. Oro?o 1200,2,1,0,0,1,0,0,"-32.949445, -60.654874",Avenida,,ROSARIO,Rosario,Asfalto,No existe,II,Dentro,Urbana,Semáforo,Funciona,Recta,Bueno,S/D,Nocturna,S/D,S/D,Ciclista,Atropello,S/D,"Horizontal,Vertical","Cordón divisorio,Vegetación",S/D,"-32.949445, -60.654874",['Nicasio Oroño?o 1200'],1,,-32.949445,-60.654874,55.0,538.0,Municipio Rosario,Municipio,Rosario,820210,Servicio de Catastro e Información Territorial,IGN
2018,5396,2018-03-10,Sabado,0.0,06:00:00,,0.0,2,"Moto/Ciclomotor,Moto/Ciclomotor",Av. Uriburu Y Rodriguez,2,2,0,0,0,0,0,"-32.991444444444,-60.671027777778",Calle,,ROSARIO,Rosario,Asfalto,No existe,II,Dentro,Urbana,Semáforo,Funciona,Intersección,Bueno,S/D,Amanecer,S/D,S/D,S/D,Colisión,Ninguna,"Horizontal,Vertical",Cordón divisorio,Sin restricción,"-32.991444444444,-60.671027777778","['Uriburu', 'Rodríguez']",2,,-32.991444444444,-60.671027777778,55.0,538.0,Municipio Rosario,Municipio,Rosario,820210,Servicio de Catastro e Información Territorial,IGN
2018,5397,2018-03-10,Sabado,0.0,17:15:00,,0.0,2,"Automóvil,Peatón",Camino de los Granaderos Y Palestina,2,1,0,0,1,0,0,"-32.885972222222,-60.71",Calle,,ROSARIO,Rosario,Asfalto,No existe,II,Dentro,Urbana,Ninguna,Funciona,Intersección,Bueno,S/D,Diurna,S/D,S/D,Peatón,Atropello,Ninguna,"Horizontal,Vertical",Cordón divisorio,Sin restricción,"-32.885972222222,-60.71","['Camino de los Granaderos', 'Palestina']",2,,-32.885972222222,-60.71,55.0,538.0,Municipio Rosario,Municipio,Rosario,820210,Servicio de Catastro e Información Territorial,IGN
2018,5398,2018-07-25,Miercoles,0.0,07:50:00,,0.0,2,"Moto/Ciclomotor,Moto/Ciclomotor",Bv. Segui Y Italia,2,1,0,0,1,0,0,"-32.977305555556,-60.656083333333",Calle,,ROSARIO,Rosario,Asfalto,No existe,II,Dentro,Urbana,Ninguna,No existe,Intersección,Bueno,Buena,Diurna,Lluvia,Lateral,S/D,Colisión,Ninguna,Faltante,Ninguna,Sin restricción,"-32.977305555556,-60.656083333333","['Bulevar Juan Francisco Seguí', 'Italia']",2,,-32.977305555556,-60.656083333333,55.0,538.0,Municipio Rosario,Municipio,Rosario,820210,Servicio de Catastro e Información Territorial,IGN
2018,5399,2018-07-20,Viernes,0.0,11:15:00,,0.0,3,"Peatón,Peatón,Automóvil",Rioja 2000,3,2,0,0,1,0,0,"-32.945319, -60.651198",Calle,,ROSARIO,Rosario,Asfalto,No existe,II,Dentro,Urbana,Señal Pare,No existe,Recta,Bueno,Buena,Diurna,S/D,S/D,Peatón,Atropello,Ninguna,"Horizontal,Vertical",Línea divisoria pintada,Sin restricción,"-32.945319, -60.651198",['Rioja 2000'],1,,-32.945319,-60.651198,55.0,538.0,Municipio Rosario,Municipio,Rosario,820210,Servicio de Catastro e Información Territorial,IGN
2018,5400,2018-03-10,Sabado,0.0,,,0.0,2,"Automóvil,Bicicleta",Matienzo Y Riobamba,2,1,0,0,1,0,0,"-32.954027777778,-60.694138888889",Calle,,ROSARIO,Rosario,Asfalto,No existe,II,Dentro,Urbana,Ninguna,No existe,Intersección,Bueno,S/D,Diurna,S/D,S/D,Ciclista,Atropello,Ninguna,Faltante,Ninguna,Sin restricción,"-32.954027777778,-60.694138888889","['Matienzo', 'Riobamba']",2,,-32.954027777778,-60.694138888889,55.0,538.0,Municipio Rosario,Municipio,Rosario,820210,Servicio de Catastro e Información Territorial,IGN
2018,5401,2018-07-01,Domingo,0.0,08:15:00,,0.0,2,"Taxi/Remis,Taxi/Remis",Av. Ovidio Lagos Y Bv. 27 De Febrero,2,1,0,0,0,0,1,"-32.963388888889,-60.666638888889",Avenida,,ROSARIO,Rosario,Asfalto,No existe,II,Dentro,Urbana,Semáforo,Funciona,Intersección,S/D,S/D,Diurna,S/D,Lateral,S/D,Colisión,S/D,"Horizontal,Vertical",Cordón divisorio,S/D,"-32.963388888889,-60.666638888889","['Avenida Ovidio Lagos', '27 de Febrero']",2,,-32.963388888889,-60.666638888889,55.0,538.0,Municipio Rosario,Municipio,Rosario,820210,Servicio de Catastro e Información Territorial,IGN
2018,5402,2018-07-22,Domingo,0.0,19:00:00,,0.0,2,"Automóvil,Moto/Ciclomotor",Colon Y Ituzaingo,2,1,0,0,1,0,0,"-32.962985, -60.629116",Calle,,ROSARIO,Rosario,Asfalto,No existe,II,Dentro,Urbana,Ninguna,No existe,Intersección,Bueno,S/D,Atardecer,Buen Tiempo,S/D,S/D,Colisión,Ninguna,Faltante,Ninguna,S/D,"-32.962985, -60.629116","['Colon', 'Ituzaingó']",2,,-32.962985,-60.629116,55.0,538.0,Municipio Rosario,Municipio,Rosario,820210,Servicio de Catastro e Información Territorial,IGN
2018,5403,2018-07-16,Lunes,0.0,16:40:00,,0.0,2,"Automóvil,Moto/Ciclomotor",Av. Bermudez Y Olegario V.Andrade,2,1,0,0,1,0,0,"-32.995689982204, -60.642832516363",Calle,,ROSARIO,Rosario,Asfalto,No existe,II,Dentro,Urbana,Ninguna,No existe,Intersección,Bueno,Buena,Atardecer,Buen Tiempo,Lateral,S/D,Colisión,Ninguna,Faltante,Ninguna,Sin restricción,"-32.995689982204, -60.642832516363","['Bermudez', 'Olegario V Andrade']",2,,-32.995689982204,-60.642832516363,55.0,538.0,Municipio Rosario,Municipio,Rosario,820210,Servicio de Catastro e Información Territorial,IGN
2018,5404,2018-03-10,Sabado,0.0,18:50:00,,0.0,2,"Automóvil,Moto/Ciclomotor",Riobamba Y Ecuador,3,2,0,0,1,0,0,"-32.954583333333,-60.714361111111",Calle,,ROSARIO,Rosario,Asfalto,No existe,II,Dentro,Urbana,Ninguna,No existe,Intersección,Bueno,S/D,Diurna,S/D,S/D,S/D,Colisión,Ninguna,Faltante,Ninguna,Sin restricción,"-32.954583333333,-60.714361111111","['Riobamba', 'Ecuador']",2,,-32.954583333333,-60.714361111111,55.0,538.0,Municipio Rosario,Municipio,Rosario,820210,Servicio de Catastro e Información Territorial,IGN
2018,5405,2018-07-02,Lunes,0.0,05:20:00,,0.0,2,"Automóvil,Automóvil",San Lorenzo Y Maipu,2,1,0,0,1,0,0,"-32.945388888889,-60.634777777778",Calle,,ROSARIO,Rosario,Asfalto,No existe,II,Dentro,Urbana,Señal Pare,No existe,Intersección,S/D,S/D,Nocturna,S/D,Lateral,S/D,Colisión,S/D,Vertical,Ninguna,Sin restricción,"-32.945388888889,-60.634777777778","['San Lorenzo', 'Maipú']",2,,-32.945388888889,-60.634777777778,55.0,538.0,Municipio Rosario,Municipio,Rosario,820210,Servicio de Catastro e Información Territorial,IGN
2018,5406,2018-07-23,Lunes,0.0,11:30:00,,0.0,2,"Peatón,Moto/Ciclomotor",San Luis Y Paraguay,2,1,0,0,1,0,0,"-32.948033, -60.644367",Calle,,ROSARIO,Rosario,Asfalto,No existe,II,S/D,Urbana,Ninguna,Funciona,Recta,Bueno,Buena,Diurna,Buen Tiempo,S/D,Peatón,Atropello,S/D,"Horizontal,Vertical",Ninguna,Sin restricción,"-32.948033, -60.644367","['San Luis', 'Paraguay']",2,,-32.948033,-60.644367,55.0,538.0,Municipio Rosario,Municipio,Rosario,820210,Servicio de Catastro e Información Territorial,IGN
2018,5407,2018-07-16,Lunes,0.0,20:30:00,,0.0,2,"Moto/Ciclomotor,Taxi/Remis",Bv. Segui Y Entre Rios,4,2,0,0,2,0,0,"-32.978666666667,-60.649194444444",Calle,,ROSARIO,Rosario,Asfalto,No existe,II,Dentro,Urbana,Ninguna,No existe,Intersección,Bueno,Buena,Nocturna,Buen Tiempo,Lateral,S/D,Colisión,Ninguna,Faltante,Ninguna,Sin restricción,"-32.978666666667,-60.649194444444","['Bulevar Juan Francisco Seguí', 'Entre Ríos']",2,,-32.978666666667,-60.649194444444,55.0,538.0,Municipio Rosario,Municipio,Rosario,820210,Servicio de Catastro e Información Territorial,IGN
2018,5409,2018-07-02,Lunes,0.0,17:15:00,,0.0,2,"Automóvil,Peatón",Rivadavia 2165,2,1,0,0,1,0,0,"-32.932194444444,-60.649805555556",Calle,,ROSARIO,Rosario,Asfalto,No existe,II,Dentro,Urbana,Semáforo,Funciona,Recta,S/D,S/D,Diurna,S/D,S/D,Peatón,Atropello,S/D,"Horizontal,Vertical",Ninguna,Sin restricción,"-32.932194444444,-60.649805555556",['Rivadavia 2165'],1,,-32.932194444444,-60.649805555556,55.0,538.0,Municipio Rosario,Municipio,Rosario,820210,Servicio de Catastro e Información Territorial,IGN
2018,5410,2018-07-23,Lunes,0.0,07:00:00,,0.0,2,"Moto/Ciclomotor,Moto/Ciclomotor",Av. Ntra.Sra.del Rosario Y Salva,2,2,0,0,0,0,0,"-32.999611111111,-60.640361111111",Avenida,,ROSARIO,Rosario,Asfalto,No existe,II,Dentro,Urbana,Ninguna,Funciona,Intersección,Bueno,Buena,Diurna,Buen Tiempo,Lateral,S/D,Colisión,Ninguna,Vertical,Ninguna,Sin restricción,"-32.999611111111,-60.640361111111","['Nuestra Señora del Rosario', 'Salva']",2,,-32.999611111111,-60.640361111111,55.0,538.0,Municipio Rosario,Municipio,Rosario,820210,Servicio de Catastro e Información Territorial,IGN
2018,5411,2018-07-23,Lunes,0.0,12:51:00,,0.0,2,"Moto/Ciclomotor,Automóvil",Sarmiento Y Av. Pellegrini,2,1,0,0,1,0,0,"-32.957200, -60.640835",Avenida,,ROSARIO,Rosario,Asfalto,No existe,II,Dentro,Urbana,Semáforo,Funciona,Intersección,Deteriorada,S/D,"Nocturna,Con luz artificial",Buen Tiempo,S/D,S/D,Colisión,Ninguna,"Horizontal,Vertical",Cordón divisorio,Sin restricción,"-32.957200, -60.640835","['Sarmiento', 'Pellegrini']",2,,-32.9572,-60.640835,55.0,538.0,Municipio Rosario,Municipio,Rosario,820210,Servicio de Catastro e Información Territorial,IGN
2018,5413,2018-07-19,Jueves,0.0,19:10:00,,0.0,2,"Bicicleta,Automóvil",Dr.Rivas Y Rodriguez,2,1,0,0,1,0,0,"-32.979972222222,-60.668138888889",Calle,,ROSARIO,Rosario,Asfalto,No existe,II,Dentro,Urbana,Ninguna,No existe,Intersección,Bueno,Buena,Atardecer,Buen Tiempo,S/D,Ciclista,Atropello,Ninguna,Faltante,Ninguna,Sin restricción,"-32.979972222222,-60.668138888889","['Doctor Francisco Riva', 'Rodríguez']",2,,-32.979972222222,-60.668138888889,55.0,538.0,Municipio Rosario,Municipio,Rosario,820210,Servicio de Catastro e Información Territorial,IGN
2018,5414,2018-07-03,Martes,0.0,09:30:00,,0.0,2,"Pickup/Utilitario,Moto/Ciclomotor",Sarmiento Y Riobamba,2,0,1,0,1,0,0,"-32.963,-60.642361111111",Calle,,ROSARIO,Rosario,Asfalto,No existe,II,Dentro,Urbana,Semáforo,Funciona,Intersección,S/D,S/D,Diurna,S/D,Lateral,S/D,Colisión,S/D,"Horizontal,Vertical",Ninguna,Sin restricción,"-32.963,-60.642361111111","['Sarmiento', 'Riobamba']",2,,-32.963,-60.642361111111,55.0,538.0,Municipio Rosario,Municipio,Rosario,820210,Servicio de Catastro e Información Territorial,IGN
2018,5415,2018-07-04,Miercoles,0.0,08:30:00,,0.0,2,"Moto/Ciclomotor,Automóvil",Colon Y Ituzaingo,2,1,0,0,1,0,0,"-32.962972222222,-60.629138888889",Calle,,ROSARIO,Rosario,Asfalto,No existe,II,Dentro,Urbana,Ninguna,No existe,Intersección,S/D,S/D,Diurna,S/D,Lateral,S/D,Colisión,S/D,Faltante,Ninguna,Sin restricción,"-32.962972222222,-60.629138888889","['Colon', 'Ituzaingó']",2,,-32.962972222222,-60.629138888889,55.0,538.0,Municipio Rosario,Municipio,Rosario,820210,Servicio de Catastro e Información Territorial,IGN
2018,5416,2018-03-14,Miercoles,0.0,,,0.0,2,"Automóvil,Moto/Ciclomotor",Bv. 27 De Febrero Y Lavalle,2,1,0,0,1,0,0,"-32.960638888889,-60.683166666667",Calle,,ROSARIO,Rosario,Asfalto,No existe,II,Dentro,Urbana,Semáforo,Funciona,Intersección,Bueno,S/D,S/D,S/D,S/D,S/D,Colisión,Ninguna,Vertical,Cordón divisorio,Sin restricción,"-32.960638888889,-60.683166666667","['27 de Febrero', 'Lavalle']",2,,-32.960638888889,-60.683166666667,55.0,538.0,Municipio Rosario,Municipio,Rosario,820210,Servicio de Catastro e Información Territorial,IGN
2018,5417,2018-07-23,Lunes,0.0,18:55:00,,0.0,2,"Bicicleta,Automóvil",9 De Julio Y Espa?a,2,1,0,0,0,0,1,"-32.952338, -60.648348",Calle,,ROSARIO,Rosario,Asfalto,No existe,II,Dentro,Urbana,Semáforo,Funciona,Intersección,Bueno,Buena,Diurna,Buen Tiempo,S/D,Peatón,Atropello,Ninguna,"Horizontal,Vertical",Ninguna,Sin restricción,"-32.952338, -60.648348","['9 de Julio', 'España']",2,,-32.952338,-60.648348,55.0,538.0,Municipio Rosario,Municipio,Rosario,820210,Servicio de Catastro e Información Territorial,IGN
2018,5418,2018-07-16,Lunes,0.0,08:35:00,,0.0,2,"Moto/Ciclomotor,Camión Chasis",Pueyrredon Y Rivadavia,2,1,0,0,1,0,0,"-32.931333333333,-60.6545",Calle,,ROSARIO,Rosario,Asfalto,No existe,II,Dentro,Urbana,Ninguna,No existe,Intersección,Bueno,S/D,Diurna,Buen Tiempo,Lateral,S/D,Colisión,Ninguna,Faltante,Ninguna,Sin restricción,"-32.931333333333,-60.6545","['Pueyrredón', 'Rivadavia']",2,,-32.931333333333,-60.6545,55.0,538.0,Municipio Rosario,Municipio,Rosario,820210,Servicio de Catastro e Información Territorial,IGN
2018,5420,2018-07-14,Sabado,0.0,02:30:00,,0.0,2,"Bicicleta,Automóvil",Santiago Y Centeno,2,1,0,0,1,0,0,"-32.981583333333,-60.665694444444",Calle,,ROSARIO,Rosario,Asfalto,No existe,II,Dentro,Urbana,Ninguna,No existe,Intersección,Bueno,Buena,Nocturna,Buen Tiempo,S/D,Ciclista,Atropello,Ninguna,Faltante,Ninguna,Sin restricción,"-32.981583333333,-60.665694444444","['Santiago', 'Centeno']",2,,-32.981583333333,-60.665694444444,55.0,538.0,Municipio Rosario,Municipio,Rosario,820210,Servicio de Catastro e Información Territorial,IGN
2018,5422,2018-07-14,Sabado,0.0,08:30:00,,0.0,2,"Camión c / Acoplado,Automóvil",Bv. Segui Y Rodriguez,4,3,0,0,1,0,0,"-32.975361111111,-60.666972222222",Calle,,ROSARIO,Rosario,Asfalto,No existe,II,Dentro,Urbana,Ninguna,No existe,Intersección,Bueno,Buena,Diurna,Buen Tiempo,Lateral,S/D,Colisión,Ninguna,Faltante,Ninguna,Sin restricción,"-32.975361111111,-60.666972222222","['Bulevar Juan Francisco Seguí', 'Rodríguez']",2,,-32.975361111111,-60.666972222222,55.0,538.0,Municipio Rosario,Municipio,Rosario,820210,Servicio de Catastro e Información Territorial,IGN
2018,5427,2018-07-12,Jueves,0.0,12:30:00,,0.0,2,"Moto/Ciclomotor,Pickup/Utilitario",Paraguay Y Benito Juarez,3,2,0,0,1,0,0,"-32.993111111111,-60.655138888889",Calle,,ROSARIO,Rosario,Asfalto,No existe,II,Dentro,Urbana,Ninguna,No existe,Intersección,Bueno,Buena,Diurna,Buen Tiempo,Lateral,S/D,Colisión,Ninguna,Faltante,Ninguna,Sin restricción,"-32.993111111111,-60.655138888889","['Paraguay', 'Benito Juárez']",2,,-32.993111111111,-60.655138888889,55.0,538.0,Municipio Rosario,Municipio,Rosario,820210,Servicio de Catastro e Información Territorial,IGN
2018,5429,2018-07-12,Jueves,0.0,15:30:00,,0.0,2,"Moto/Ciclomotor,Automóvil",Italia Y Biedma,2,0,1,0,1,0,0,"-32.979611111111,-60.656666666667",Calle,,ROSARIO,Rosario,Asfalto,No existe,II,Dentro,Urbana,Ninguna,No existe,Intersección,Bueno,Buena,Diurna,Buen Tiempo,Lateral,S/D,Colisión,Ninguna,Faltante,Ninguna,Sin restricción,"-32.979611111111,-60.656666666667","['Italia', 'Coronel Biedma']",2,,-32.979611111111,-60.656666666667,55.0,538.0,Municipio Rosario,Municipio,Rosario,820210,Servicio de Catastro e Información Territorial,IGN
2018,5430,2018-03-18,Domingo,0.0,12:30:00,,0.0,2,"Pickup/Utilitario,Moto/Ciclomotor",Gorriti Y Solis Bis,2,1,0,0,1,0,0,"-32.924083333333,-60.704055555556",Calle,,ROSARIO,Rosario,Asfalto,No existe,II,Dentro,Urbana,Ninguna,No existe,Intersección,Bueno,S/D,Diurna,S/D,S/D,S/D,Colisión,Ninguna,Faltante,Ninguna,Sin restricción,"-32.924083333333,-60.704055555556","['Gorriti', 'Solis']",2,,-32.924083333333,-60.704055555556,55.0,538.0,Municipio Rosario,Municipio,Rosario,820210,Servicio de Catastro e Información Territorial,IGN
2018,5432,2018-07-12,Jueves,0.0,08:30:00,,0.0,2,"Moto/Ciclomotor,Peatón",Bv. Oro?o Y Dean Funes,2,2,0,0,0,0,0,"-32.972916666667,-60.660611111111",Avenida,,ROSARIO,Rosario,Asfalto,No existe,II,Dentro,Urbana,Semáforo,Funciona,Intersección,Bueno,Buena,Diurna,Buen Tiempo,S/D,Peatón,Atropello,Ninguna,"Horizontal,Vertical",Ninguna,Sin restricción,"-32.972916666667,-60.660611111111","['Bulevar Nicasio Oroño', 'Deán Gregorio Funes']",2,,-32.972916666667,-60.660611111111,55.0,538.0,Municipio Rosario,Municipio,Rosario,820210,Servicio de Catastro e Información Territorial,IGN
2018,5433,2018-07-11,Miercoles,0.0,09:00:00,,0.0,2,"Bicicleta,Automóvil",Mitre Y Saavedra,2,1,0,0,1,0,0,"-32.977666666667,-60.647472222222",Calle,,ROSARIO,Rosario,Asfalto,No existe,II,Dentro,Urbana,Ninguna,No existe,Intersección,Bueno,Buena,Diurna,Buen Tiempo,S/D,Ciclista,Atropello,Ninguna,Faltante,Ninguna,Sin restricción,"-32.977666666667,-60.647472222222","['Mitre', 'Saavedra']",2,,-32.977666666667,-60.647472222222,55.0,538.0,Municipio Rosario,Municipio,Rosario,820210,Servicio de Catastro e Información Territorial,IGN
2018,5434,2018-07-11,Miercoles,0.0,20:15:00,,0.0,2,"Moto/Ciclomotor,Pickup/Utilitario",San Martin 4800,3,2,0,0,1,0,0,"-32.992888888889,-60.647277777778",Avenida,,ROSARIO,Rosario,Asfalto,No existe,II,S/D,Urbana,Ninguna,Funciona,Recta,Bueno,Buena,Nocturna,Buen Tiempo,Lateral,S/D,Colisión,Ninguna,Faltante,Ninguna,Sin restricción,"-32.992888888889,-60.647277777778",['San Martin 4800'],1,,-32.992888888889,-60.647277777778,55.0,538.0,Municipio Rosario,Municipio,Rosario,820210,Servicio de Catastro e Información Territorial,IGN
2018,5437,2018-07-10,Martes,0.0,15:30:00,,0.0,2,"Moto/Ciclomotor,Automóvil",Sarmiento Y Benito Juarez,2,1,0,0,1,0,0,"-32.992916666667,-60.649333333333",Calle,,ROSARIO,Rosario,Asfalto,No existe,II,Dentro,Urbana,Ninguna,No existe,Intersección,Bueno,Buena,Diurna,Buen Tiempo,Lateral,S/D,Colisión,Ninguna,Faltante,Ninguna,Sin restricción,"-32.992916666667,-60.649333333333","['Sarmiento', 'Benito Juárez']",2,,-32.992916666667,-60.649333333333,55.0,538.0,Municipio Rosario,Municipio,Rosario,820210,Servicio de Catastro e Información Territorial,IGN
2018,5439,2018-07-10,Martes,0.0,23:00:00,,0.0,2,"Automóvil,Moto/Ciclomotor",Santiago Y Bv. Segui,3,2,0,0,1,0,0,"-32.975833333333,-60.66425",Avenida,,ROSARIO,Rosario,Asfalto,No existe,II,Dentro,Urbana,Ninguna,No existe,Intersección,Bueno,Buena,Nocturna,Buen Tiempo,Lateral,S/D,Colisión,Ninguna,Faltante,Ninguna,Sin restricción,"-32.975833333333,-60.66425","['Santiago', 'Bulevar Juan Francisco Seguí']",2,,-32.975833333333,-60.66425,55.0,538.0,Municipio Rosario,Municipio,Rosario,820210,Servicio de Catastro e Información Territorial,IGN
2018,5440,2018-07-08,Domingo,0.0,16:45:00,,0.0,2,"Bicicleta,Automóvil",Av. Uriburu Y 1 de Mayo,2,1,0,0,1,0,0,"-32.990472222222,-60.640416666667",Calle,,ROSARIO,Rosario,Asfalto,No existe,II,Dentro,Urbana,Ninguna,No existe,S/D,Bueno,Buena,Amanecer,Buen Tiempo,S/D,Ciclista,Atropello,Ninguna,Faltante,Ninguna,Sin restricción,"-32.990472222222,-60.640416666667","['Uriburu', 'Primero de Mayo']",2,,-32.990472222222,-60.640416666667,55.0,538.0,Municipio Rosario,Municipio,Rosario,820210,Servicio de Catastro e Información Territorial,IGN
2018,5444,2018-08-30,Jueves,0.0,14:30:00,,0.0,2,"Bicicleta,Automóvil",Paraguay Y San Lorenzo,2,1,0,0,1,0,0,"-32.943111111111,-60.643166666667",Calle,,ROSARIO,Rosario,S/D,S/D,II,S/D,Urbana,S/D,S/D,Intersección,S/D,S/D,Diurna,S/D,S/D,Ciclista,Atropello,S/D,S/D,S/D,S/D,"-32.943111111111,-60.643166666667","['Paraguay', 'San Lorenzo']",2,,-32.943111111111,-60.643166666667,55.0,538.0,Municipio Rosario,Municipio,Rosario,820210,Servicio de Catastro e Información Territorial,IGN
2018,5446,2018-08-29,Miercoles,0.0,16:50:00,,0.0,2,"Automóvil,Bicicleta",Alvear Y San Lorenzo,2,1,0,0,1,0,0,"-32.941166666667,-60.654083333333",Calle,,ROSARIO,Rosario,S/D,S/D,II,S/D,Urbana,S/D,S/D,Intersección,Bueno,S/D,Diurna,S/D,S/D,Ciclista,Atropello,S/D,S/D,S/D,S/D,"-32.941166666667,-60.654083333333","['Alvear', 'San Lorenzo']",2,,-32.941166666667,-60.654083333333,55.0,538.0,Municipio Rosario,Municipio,Rosario,820210,Servicio de Catastro e Información Territorial,IGN
2018,5447,2018-08-26,Domingo,0.0,14:35:00,,0.0,2,"Automóvil,Moto/Ciclomotor",Av. Genova Y Albert Sabin,2,1,0,0,1,0,0,"-32.91537, -60.69185",Avenida,,ROSARIO,Rosario,Asfalto,Pavimento,II,Dentro,Urbana,Semáforo,Funciona,Intersección,Bueno,Buena,Diurna,Buen Tiempo,Lateral,S/D,Colisión,Ninguna,Vertical,Cordón divisorio,Sin restricción,"-32.91537, -60.69185","['Genova', 'Avenida Travesía Albert Sabin']",2,,-32.91537,-60.69185,55.0,538.0,Municipio Rosario,Municipio,Rosario,820210,Servicio de Catastro e Información Territorial,IGN
2018,5448,2018-08-29,Miercoles,0.0,21:35:00,,0.0,2,"Bicicleta,Automóvil",Ricchieri 600,2,1,0,0,1,0,0,"-32.939722222222,-60.662222222222",S/D,,ROSARIO,Rosario,S/D,S/D,II,S/D,S/D,S/D,S/D,Recta,S/D,S/D,Diurna,S/D,S/D,Ciclista,Atropello,S/D,S/D,S/D,S/D,"-32.939722222222,-60.662222222222",['Ricchieri 600'],1,,-32.939722222222,-60.662222222222,55.0,538.0,Municipio Rosario,Municipio,Rosario,820210,Servicio de Catastro e Información Territorial,IGN
2018,5449,2018-08-03,Viernes,0.0,13:20:00,,0.0,2,"Automóvil,Bicicleta",Av. Genova Y Mu?iz Bis,2,1,0,0,1,0,0,"-32.91525,-60.688",Calle,,ROSARIO,Rosario,S/D,S/D,II,Dentro,Urbana,S/D,S/D,S/D,S/D,S/D,S/D,S/D,Lateral,Ciclista,Atropello,S/D,S/D,S/D,S/D,"-32.91525,-60.688","['Genova', 'Muñiz']",2,,-32.91525,-60.688,55.0,538.0,Municipio Rosario,Municipio,Rosario,820210,Servicio de Catastro e Información Territorial,IGN
2018,5450,2018-08-13,Lunes,0.0,11:00:00,,0.0,2,"Peatón,Moto/Ciclomotor",Entre Rios 365,2,1,0,0,1,0,0,"-32.940916666667,-60.639694444444",Calle,,ROSARIO,Rosario,Asfalto,No existe,II,Dentro,Urbana,Otra Señal,No existe,Recta,Bueno,Buena,Diurna,Buen Tiempo,S/D,Peatón,Atropello,Ninguna,Faltante,Ninguna,Sin restricción,"-32.940916666667,-60.639694444444",['Entre Rios 365'],1,,-32.940916666667,-60.639694444444,55.0,538.0,Municipio Rosario,Municipio,Rosario,820210,Servicio de Catastro e Información Territorial,IGN
2018,5451,2018-08-29,Miercoles,0.0,,,0.0,2,"Automóvil,Moto/Ciclomotor",Mendoza Y Morrison,2,0,0,0,0,0,2,"-32.949305555556,-60.651888888889",Calle,,ROSARIO,Rosario,S/D,S/D,II,S/D,Urbana,S/D,S/D,Intersección,S/D,S/D,S/D,S/D,S/D,S/D,Colisión,S/D,S/D,S/D,S/D,"-32.949305555556,-60.651888888889","['Mendoza', 'Morrison']",2,,-32.949305555556,-60.651888888889,55.0,538.0,Municipio Rosario,Municipio,Rosario,820210,Servicio de Catastro e Información Territorial,IGN
2018,5452,2018-08-17,Viernes,0.0,16:05:00,,0.0,2,"Automóvil,Bicicleta",Catamarca Y Mariano Moreno,3,1,0,0,1,0,1,"-32.938388888889,-60.649138888889",Calle,,ROSARIO,Rosario,Asfalto,No existe,II,Dentro,Urbana,Señal Pare,No existe,Intersección,Bueno,Buena,Diurna,Buen Tiempo,S/D,Ciclista,Atropello,Ninguna,Vertical,Ninguna,Sin restricción,"-32.938388888889,-60.649138888889","['Catamarca', 'Mariano Moreno']",2,,-32.938388888889,-60.649138888889,55.0,538.0,Municipio Rosario,Municipio,Rosario,820210,Servicio de Catastro e Información Territorial,IGN