anio_acci,nro_acci,fecha,desc_dia,fecha_aprox,hora_aprox,desc_ruta,km,cant_participantes,desc_participante,calle_avenida_km,total,heridos_leves,heridos_graves,heridos_gravisimos,ilesos,fallecidos,sin_datos,posicion_XY,desc_tipo_via,desc_ruta_ori,desc_loc,desc_dpto,desc_tipo_calzada,desc_tipo_banquina,desc_unidad_regional,desc_lugar_calzada,desc_zona,desc_prioridad,desc_estado_semaforo,desc_lugar_via,desc_estado_via,desc_estado_visibilidad,desc_luminosidad,desc_estado_clima,desc_tipo_colision,desc_tipo_atropello,desc_tipo_hecho,desc_pres_calzada,desc_senializacion,desc_separacion_via,desc_restriccion,forma_geocod,calle_lista,numero_calles,calles_osm,lat,lon,index_right,gid,fna,gna,nam,in1,fdc,sag
2018,5453,2018-08-21,Martes,0.0,17:05:00,,0.0,3,"Pickup/Utilitario,Automóvil,Automóvil",Salta Y Entre Rios,3,1,0,0,1,0,1,"-32.938916666667,-60.639222222222",Calle,,ROSARIO,Rosario,Asfalto,No existe,II,S/D,Urbana,Ninguna,No existe,Intersección,Bueno,Buena,Diurna,Buen Tiempo,De alcance,S/D,Colisión,S/D,Faltante,Ninguna,Sin restricción,"-32.938916666667,-60.639222222222","['Salta', 'Entre Ríos']",2,,-32.938916666667,-60.639222222222,55.0,538.0,Municipio Rosario,Municipio,Rosario,820210,Servicio de Catastro e Información Territorial,IGN
2018,5454,2018-08-29,Miercoles,0.0,13:55:00,,0.0,2,"Moto/Ciclomotor,Automóvil",Pte.Roca Y San Lorenzo,2,1,0,0,1,0,0,"-32.942888888889,-60.644555555556",Calle,,ROSARIO,Rosario,S/D,S/D,II,S/D,Urbana,Señal Pare,S/D,Intersección,S/D,S/D,Diurna,S/D,S/D,S/D,Colisión,Ninguna,S/D,S/D,S/D,"-32.942888888889,-60.644555555556","['Roca', 'San Lorenzo']",2,,-32.942888888889,-60.644555555556,55.0,538.0,Municipio Rosario,Municipio,Rosario,820210,Servicio de Catastro e Información Territorial,IGN
2018,5455,2018-08-30,Jueves,0.0,20:00:00,,0.0,2,"Peatón,Moto/Ciclomotor",Paraguay Y Rioja,2,2,0,0,0,0,0,"-32.946583333333,-60.644027777778",Calle,,ROSARIO,Rosario,S/D,S/D,II,S/D,Urbana,S/D,S/D,Intersección,S/D,S/D,Nocturna,S/D,S/D,Peatón,Atropello,S/D,S/D,S/D,S/D,"-32.946583333333,-60.644027777778","['Paraguay', 'Rioja']",2,,-32.946583333333,-60.644027777778,55.0,538.0,Municipio Rosario,Municipio,Rosario,820210,Servicio de Catastro e Información Territorial,IGN
2018,5457,2018-08-29,Miercoles,0.0,07:45:00,,0.0,2,"Automóvil,Automóvil",Mendoza Y San Nicolas,3,2,0,0,0,0,1,"-32.945416666667,-60.673611111111",S/D,,ROSARIO,Rosario,S/D,S/D,II,S/D,Urbana,Semáforo,Funciona,Intersección,S/D,S/D,Diurna,S/D,Lateral,S/D,Colisión,S/D,S/D,S/D,Sin restricción,"-32.945416666667,-60.673611111111","['Mendoza', 'San Nicolás']",2,,-32.945416666667,-60.673611111111,55.0,538.0,Municipio Rosario,Municipio,Rosario,820210,Servicio de Catastro e Información Territorial,IGN
2018,5459,2018-08-29,Miercoles,0.0,14:25:00,,0.0,4,"Camión Chasis,Automóvil,Taxi/Remis,Pickup/Utilitario",Av. Francia 2700,5,3,0,0,0,0,2,"-32.963833333333,-60.671277777778",S/D,,ROSARIO,Rosario,S/D,S/D,II,S/D,Urbana,S/D,S/D,Recta,S/D,S/D,S/D,S/D,S/D,S/D,Colisión,S/D,S/D,S/D,S/D,"-32.963833333333,-60.671277777778",['Francia 2700'],1,,-32.963833333333,-60.671277777778,55.0,538.0,Municipio Rosario,Municipio,Rosario,820210,Servicio de Catastro e Información Territorial,IGN
2018,5461,2018-08-30,Jueves,0.0,10:15:00,,0.0,2,"Moto/Ciclomotor,Automóvil",9 De Julio Y Alsina,2,1,0,0,1,0,0,"-32.946972222222,-60.678305555556",Calle,,ROSARIO,Rosario,S/D,S/D,II,S/D,Urbana,Señal Pare,S/D,Intersección,S/D,S/D,Diurna,S/D,S/D,S/D,Colisión,S/D,S/D,S/D,S/D,"-32.946972222222,-60.678305555556","['9 de Julio', 'Alsina']",2,,-32.946972222222,-60.678305555556,55.0,538.0,Municipio Rosario,Municipio,Rosario,820210,Servicio de Catastro e Información Territorial,IGN
2018,5462,2018-08-20,Lunes,0.0,20:50:00,,0.0,2,"Peatón,Automóvil",Baigorria Y Anchoris,2,1,0,0,1,0,0,"-32.89325,-60.701111111111",Calle,,ROSARIO,Rosario,Asfalto,No existe,II,Dentro,Urbana,Ninguna,No existe,Recta,Bueno,Buena,Nocturna,Buen Tiempo,S/D,Peatón,Atropello,Ninguna,S/D,Cordón divisorio,Sin restricción,"-32.89325,-60.701111111111","['Baigorria', 'Anchoris']",2,,-32.89325,-60.701111111111,55.0,538.0,Municipio Rosario,Municipio,Rosario,820210,Servicio de Catastro e Información Territorial,IGN
2018,5463,2018-08-30,Jueves,0.0,13:50:00,,0.0,2,"Peatón,Automóvil",E.Zeballos Y Pueyrredon,2,1,0,0,1,0,0,"-32.951555555556,-60.659555555556",Calle,,ROSARIO,Rosario,S/D,S/D,II,S/D,Urbana,S/D,S/D,Intersección,S/D,S/D,Diurna,S/D,S/D,Peatón,Atropello,S/D,S/D,S/D,S/D,"-32.951555555556,-60.659555555556","['Zeballos', 'Pueyrredón']",2,,-32.951555555556,-60.659555555556,55.0,538.0,Municipio Rosario,Municipio,Rosario,820210,Servicio de Catastro e Información Territorial,IGN
2018,5464,2018-08-08,Miercoles,0.0,17:30:00,,0.0,2,"Moto/Ciclomotor,Pickup/Utilitario",Jose Ingenieros Y Nestor Fernandez Bis,2,1,0,0,0,0,1,"-32.916,-60.674388888889",Calle,,ROSARIO,Rosario,Asfalto,No existe,II,S/D,Urbana,Ninguna,No existe,Intersección,Bueno,Buena,Con luz artificial,Buen Tiempo,Lateral,S/D,Colisión,Ninguna,S/D,S/D,S/D,"-32.916,-60.674388888889","['José Ingenieros', 'Néstor Fernández']",2,,-32.916,-60.674388888889,55.0,538.0,Municipio Rosario,Municipio,Rosario,820210,Servicio de Catastro e Información Territorial,IGN
2018,5465,2018-08-31,Viernes,0.0,00:50:00,,0.0,2,"Automóvil,Moto/Ciclomotor",9 De Julio Y Bv. Avellaneda,3,1,0,0,2,0,0,"-32.9465,-60.680888888889",S/D,,ROSARIO,Rosario,S/D,S/D,II,S/D,Urbana,S/D,S/D,Intersección,S/D,S/D,Nocturna,S/D,S/D,S/D,Colisión,S/D,S/D,S/D,S/D,"-32.9465,-60.680888888889","['9 de Julio', 'Avellaneda']",2,,-32.9465,-60.680888888889,55.0,538.0,Municipio Rosario,Municipio,Rosario,820210,Servicio de Catastro e Información Territorial,IGN
2018,5466,2018-08-12,Domingo,0.0,19:45:00,,0.0,2,"Automóvil,Moto/Ciclomotor",Bv. Avellaneda Bis Y Almafuerte,3,1,0,0,2,0,0,"-32.917027777778,-60.673722222222",Calle,,ROSARIO,Rosario,Asfalto,S/D,II,S/D,Urbana,Otra Señal,Funciona,Intersección,Bueno,Buena,Con luz artificial,Buen Tiempo,S/D,S/D,S/D,Ninguna,S/D,Cordón divisorio,S/D,"-32.917027777778,-60.673722222222","['Avellaneda', 'Almafuerte']",2,,-32.917027777778,-60.673722222222,55.0,538.0,Municipio Rosario,Municipio,Rosario,820210,Servicio de Catastro e Información Territorial,IGN
2018,5467,2018-08-24,Viernes,0.0,17:20:00,,0.0,2,"Moto/Ciclomotor,Taxi/Remis",Albert Sabin Y Iguazu,2,1,0,0,1,0,0,"-32.921971620468, -60.686554887590",Calle,,ROSARIO,Rosario,Hormigón,Pavimento,II,S/D,Urbana,Ninguna,No existe,Intersección,Bueno,Buena,Diurna,Buen Tiempo,Lateral,S/D,Colisión,Ninguna,S/D,Ninguna,Sin restricción,"-32.921971620468, -60.686554887590","['Avenida Travesía Albert Sabin', 'Iguazu']",2,,-32.921971620468,-60.68655488759,55.0,538.0,Municipio Rosario,Municipio,Rosario,820210,Servicio de Catastro e Información Territorial,IGN
2018,5468,2018-07-23,Lunes,0.0,07:30:00,,0.0,2,"Moto/Ciclomotor,Pickup/Utilitario",Santa Fe Y Dorrego,2,1,0,0,1,0,0,"-32.943098, -60.648863",Calle,,ROSARIO,Rosario,Asfalto,No existe,II,Dentro,Urbana,Semáforo,Funciona,Recta,Bueno,S/D,Diurna,S/D,De alcance,S/D,Colisión,S/D,"Horizontal,Vertical",Línea divisoria pintada,S/D,"-32.943098, -60.648863","['Santa Fe', 'Dorrego']",2,,-32.943098,-60.648863,55.0,538.0,Municipio Rosario,Municipio,Rosario,820210,Servicio de Catastro e Información Territorial,IGN
2018,5469,2018-03-23,Viernes,0.0,19:45:00,,0.0,2,"Automóvil,Moto/Ciclomotor",San Juan Y L.N.Alem,2,1,0,0,1,0,0,"-32.952084, -60.629320",Calle,,ROSARIO,Rosario,Asfalto,No existe,II,Dentro,Urbana,Señal Pare,No existe,Intersección,Bueno,S/D,Atardecer,S/D,Lateral,S/D,Colisión,S/D,"Horizontal,Vertical",Línea divisoria pintada,Sin restricción,"-32.952084, -60.629320","['San Juan', 'Alem']",2,,-32.952084,-60.62932,55.0,538.0,Municipio Rosario,Municipio,Rosario,820210,Servicio de Catastro e Información Territorial,IGN
2018,5470,2018-07-23,Lunes,0.0,15:30:00,,0.0,2,"Moto/Ciclomotor,Automóvil",Maipu Y San Juan,2,1,0,0,1,0,0,"-32.950721, -60.636212",Calle,,ROSARIO,Rosario,Asfalto,No existe,II,Dentro,Urbana,Semáforo,Funciona,Intersección,Bueno,Buena,Diurna,S/D,S/D,S/D,Colisión,S/D,"Horizontal,Vertical",Línea divisoria pintada,Sin restricción,"-32.950721, -60.636212","['Maipú', 'San Juan']",2,,-32.950721,-60.636212,55.0,538.0,Municipio Rosario,Municipio,Rosario,820210,Servicio de Catastro e Información Territorial,IGN
2018,5471,2018-07-08,Domingo,0.0,09:30:00,,0.0,2,"Moto/Ciclomotor,Automóvil",Espa?a Y Garibaldi,3,1,0,0,2,0,0,"-32.984472222222,-60.656472222222",Calle,,ROSARIO,Rosario,Asfalto,No existe,II,Dentro,Urbana,Ninguna,No existe,Recta,Bueno,Buena,Diurna,Buen Tiempo,Lateral,S/D,Colisión,Ninguna,Faltante,Ninguna,Sin restricción,"-32.984472222222,-60.656472222222","['España', 'José Garibaldi']",2,,-32.984472222222,-60.656472222222,55.0,538.0,Municipio Rosario,Municipio,Rosario,820210,Servicio de Catastro e Información Territorial,IGN
2018,5472,2018-07-24,Martes,0.0,13:00:00,,0.0,2,"Bicicleta,Peatón",San Martin Y Santa Fe,2,1,0,0,1,0,0,"-32.945638, -60.636449",Calle,,ROSARIO,Rosario,Asfalto,No existe,II,Dentro,Urbana,Semáforo,Funciona,Intersección,Deteriorada,Buena,Diurna,S/D,S/D,"Ciclista,Peatón",Atropello,S/D,"Horizontal,Vertical",Línea divisoria pintada,Sin restricción,"-32.945638, -60.636449","['San Martin', 'Santa Fe']",2,,-32.945638,-60.636449,55.0,538.0,Municipio Rosario,Municipio,Rosario,820210,Servicio de Catastro e Información Territorial,IGN
2018,5473,2018-07-07,Sabado,0.0,11:45:00,,0.0,2,"Moto/Ciclomotor,Automóvil",San Martin Y Garibaldi,2,1,0,0,1,0,0,"-32.986333333333,-60.645888888889",Avenida,,ROSARIO,Rosario,Asfalto,No existe,II,Dentro,Urbana,Ninguna,No existe,Recta,Bueno,Buena,Diurna,Buen Tiempo,Lateral,S/D,Colisión,Ninguna,Faltante,Cordón divisorio,Sin restricción,"-32.986333333333,-60.645888888889","['San Martin', 'José Garibaldi']",2,,-32.986333333333,-60.645888888889,55.0,538.0,Municipio Rosario,Municipio,Rosario,820210,Servicio de Catastro e Información Territorial,IGN
2018,5474,2018-03-15,Jueves,0.0,18:00:00,,0.0,2,"Camión c / Semirremolque,Moto/Ciclomotor",Calle 1825 Y Av. Provincias Unidas,3,2,0,0,1,0,0,"-32.969555555556,-60.711472222222",Avenida,,ROSARIO,Rosario,Asfalto,No existe,II,Dentro,Urbana,Ninguna,No existe,Intersección,Bueno,Buena,Diurna,Buen Tiempo,Lateral,S/D,Colisión,Ninguna,S/D,Cordón divisorio,Sin restricción,"-32.969555555556,-60.711472222222","['Calle 1825', 'Avenida Provincias Unidas']",2,,-32.969555555556,-60.711472222222,55.0,538.0,Municipio Rosario,Municipio,Rosario,820210,Servicio de Catastro e Información Territorial,IGN
2018,5475,2018-07-24,Martes,0.0,18:30:00,,0.0,2,"Automóvil,Automóvil",Paraguay Y Rioja,3,2,0,0,1,0,0,"-32.946593, -60.644000",Calle,,ROSARIO,Rosario,Asfalto,No existe,II,Dentro,Urbana,Semáforo,Funciona,Intersección,Con baches,S/D,Diurna,S/D,S/D,S/D,Colisión,Ninguna,"Horizontal,Vertical",Línea divisoria pintada,Sin restricción,"-32.946593, -60.644000","['Paraguay', 'Rioja']",2,,-32.946593,-60.644,55.0,538.0,Municipio Rosario,Municipio,Rosario,820210,Servicio de Catastro e Información Territorial,IGN
2018,5476,2018-07-07,Sabado,0.0,10:55:00,,0.0,2,"Automóvil,Moto/Ciclomotor",Bv. Segui Y Callao,2,1,0,0,1,0,0,"-32.97525,-60.668361111111",Avenida,,ROSARIO,Rosario,Asfalto,No existe,II,Dentro,Urbana,Ninguna,No existe,Recta,Bueno,Buena,Diurna,Buen Tiempo,Lateral,S/D,Colisión,Ninguna,Faltante,Ninguna,Sin restricción,"-32.97525,-60.668361111111","['Bulevar Juan Francisco Seguí', 'Callao']",2,,-32.97525,-60.668361111111,55.0,538.0,Municipio Rosario,Municipio,Rosario,820210,Servicio de Catastro e Información Territorial,IGN
2018,5477,2018-07-25,Miercoles,0.0,08:55:00,,0.0,2,"Moto/Ciclomotor,Pickup/Utilitario",Tucuman Y Bv. Oro?o,3,2,0,0,1,0,0,"-32.939093, -60.652011",Avenida,,ROSARIO,Rosario,Asfalto,No existe,II,Dentro,Urbana,Señal Pare,No existe,Intersección,Bueno,Buena,Diurna,S/D,S/D,S/D,Colisión,S/D,"Horizontal,Vertical","Cordón divisorio,Vegetación",S/D,"-32.939093, -60.652011","['Tucumán', 'Bulevar Nicasio Oroño']",2,,-32.939093,-60.652011,55.0,538.0,Municipio Rosario,Municipio,Rosario,820210,Servicio de Catastro e Información Territorial,IGN
2018,5478,2018-07-25,Miercoles,0.0,15:00:00,,0.0,2,"Moto/Ciclomotor,Pickup/Utilitario",Rioja Y Espa?a,2,1,0,0,1,0,0,"-32.946060, -60.646827",Calle,,ROSARIO,Rosario,Asfalto,No existe,II,Dentro,Urbana,Semáforo,Funciona,Intersección,Bueno,S/D,Diurna,S/D,S/D,S/D,Colisión,S/D,"Horizontal,Vertical",Ninguna,S/D,"-32.946060, -60.646827","['Rioja', 'España']",2,,-32.94606,-60.646827,55.0,538.0,Municipio Rosario,Municipio,Rosario,820210,Servicio de Catastro e Información Territorial,IGN
2018,5479,2018-07-26,Jueves,0.0,19:40:00,,0.0,1,Taxi/Remis,E.Zeballos Y Entre Rios,2,1,0,0,1,0,0,"-32.954506, -60.643096",Calle,,ROSARIO,Rosario,Asfalto,No existe,II,Dentro,Urbana,Semáforo,Funciona,Intersección,Bueno,Buena,Nocturna,S/D,S/D,Peatón,Atropello,S/D,"Horizontal,Vertical",Línea divisoria pintada,S/D,"-32.954506, -60.643096","['Zeballos', 'Entre Ríos']",2,,-32.954506,-60.643096,55.0,538.0,Municipio Rosario,Municipio,Rosario,820210,Servicio de Catastro e Información Territorial,IGN
2018,5480,2018-03-16,Viernes,0.0,18:20:00,,0.0,2,"Moto/Ciclomotor,Peatón",Av. Francia Y Rioja,2,1,0,0,1,0,0,"-32.942638888889,-60.665916666667",Avenida,,ROSARIO,Rosario,Asfalto,No existe,II,Dentro,Urbana,Semáforo,Funciona,Intersección,Bueno,Buena,Diurna,Buen Tiempo,S/D,Peatón,Atropello,Ninguna,Vertical,Cordón divisorio,Sin restricción,"-32.942638888889,-60.665916666667","['Avenida Francia', 'Rioja']",2,,-32.942638888889,-60.665916666667,55.0,538.0,Municipio Rosario,Municipio,Rosario,820210,Servicio de Catastro e Información Territorial,IGN
2018,5481,2018-07-28,Sabado,0.0,18:30:00,,0.0,2,"Automóvil,Moto/Ciclomotor",E.Zeballos Y Pte.Roca,5,1,0,0,3,0,1,"-32.953752, -60.647277",Calle,,ROSARIO,Rosario,Asfalto,No existe,II,Dentro,Urbana,Paso Peatonal,Funciona,Intersección,Bueno,S/D,Atardecer,S/D,S/D,S/D,Colisión,Agua,Horizontal,Ninguna,S/D,"-32.953752, -60.647277","['Zeballos', 'Roca']",2,,-32.953752,-60.647277,55.0,538.0,Municipio Rosario,Municipio,Rosario,820210,Servicio de Catastro e Información Territorial,IGN
2018,5482,2018-07-08,Domingo,0.0,15:00:00,,0.0,2,"Moto/Ciclomotor,Automóvil",Pueyrredon Y Centeno,3,2,0,0,1,0,0,"-32.981298120480, -60.667041387278",Calle,,ROSARIO,Rosario,Asfalto,No existe,II,S/D,Urbana,Ninguna,No existe,Recta,Bueno,Buena,Atardecer,Buen Tiempo,Frontal,S/D,Colisión,Ninguna,S/D,Ninguna,Sin restricción,"-32.981298120480, -60.667041387278","['Pueyrredón', 'Centeno']",2,,-32.98129812048,-60.667041387278,55.0,538.0,Municipio Rosario,Municipio,Rosario,820210,Servicio de Catastro e Información Territorial,IGN
2018,5483,2018-07-29,Domingo,0.0,04:55:00,,0.0,1,Automóvil,Catamarca 1450,4,1,0,0,0,0,3,"-32.939737, -60.641599",Calle,,ROSARIO,Rosario,Asfalto,No existe,II,Dentro,Urbana,Semáforo,Funciona,Recta,Bueno,S/D,Nocturna,S/D,Contra objeto fijo,S/D,Colisión,S/D,"Horizontal,Vertical",Línea divisoria pintada,S/D,"-32.939737, -60.641599",['Catamarca 1450'],1,,-32.939737,-60.641599,55.0,538.0,Municipio Rosario,Municipio,Rosario,820210,Servicio de Catastro e Información Territorial,IGN
2018,5485,2018-07-23,Lunes,0.0,16:05:00,,0.0,2,"Moto/Ciclomotor,Automóvil",San Martin Y Olegario V.Andrade,2,1,0,0,1,0,0,"-32.995824964505, -60.647879686075",Calle,,ROSARIO,Rosario,Asfalto,No existe,II,S/D,Urbana,Ninguna,Funciona,Intersección,Bueno,Buena,Diurna,Buen Tiempo,Lateral,S/D,Colisión,Ninguna,Faltante,Ninguna,Sin restricción,"-32.995824964505, -60.647879686075","['San Martin', 'Olegario V Andrade']",2,,-32.995824964505,-60.647879686075,55.0,538.0,Municipio Rosario,Municipio,Rosario,820210,Servicio de Catastro e Información Territorial,IGN
2018,5486,2018-07-31,Martes,0.0,10:50:00,,0.0,1,Transporte de Pasajeros Urbano (> 8 asientos),Servando Bayo Y Santa Fe,2,1,0,0,1,0,0,"-32.936772, -60.684235",Calle,,ROSARIO,Rosario,Asfalto,No existe,II,Dentro,Urbana,Semáforo,Funciona,Intersección,Bueno,S/D,Diurna,S/D,S/D,S/D,Caída ocupante,Ninguna,"Horizontal,Vertical",Línea divisoria pintada,S/D,"-32.936772, -60.684235","['Servando Bayo', 'Santa Fe']",2,,-32.936772,-60.684235,55.0,538.0,Municipio Rosario,Municipio,Rosario,820210,Servicio de Catastro e Información Territorial,IGN
2018,5487,2018-07-23,Lunes,0.0,15:30:00,,0.0,2,"Moto/Ciclomotor,Peatón",Santiago Y Juan Canals,2,1,0,0,1,0,0,"-32.986194444444,-60.666861111111",Calle,,ROSARIO,Rosario,Asfalto,No existe,II,S/D,Urbana,Ninguna,No existe,Recta,Bueno,Buena,Diurna,Buen Tiempo,S/D,Peatón,Atropello,Ninguna,Faltante,Ninguna,Sin restricción,"-32.986194444444,-60.666861111111","['Santiago', 'Juan Canals']",2,,-32.986194444444,-60.666861111111,55.0,538.0,Municipio Rosario,Municipio,Rosario,820210,Servicio de Catastro e Información Territorial,IGN
2018,5488,2018-07-31,Martes,0.0,11:00:00,,0.0,2,"Moto/Ciclomotor,Automóvil",Rio De Janeiro Y Rioja,2,1,0,0,1,0,0,"-32.939961, -60.680799",Calle,,ROSARIO,Rosario,Asfalto,No existe,II,Dentro,Urbana,Ninguna,No existe,Intersección,Deteriorada,S/D,Diurna,S/D,S/D,S/D,Colisión,S/D,Faltante,Ninguna,Sin restricción,"-32.939961, -60.680799","['Río de Janeiro', 'Rioja']",2,,-32.939961,-60.680799,55.0,538.0,Municipio Rosario,Municipio,Rosario,820210,Servicio de Catastro e Información Territorial,IGN
2018,5490,2018-03-19,Lunes,0.0,04:10:00,,0.0,2,"Moto/Ciclomotor,Automóvil",Zelaya Y Superi,3,1,0,0,2,0,0,"-32.895027777778,-60.696055555556",Calle,,ROSARIO,Rosario,Asfalto,No existe,II,Dentro,Urbana,Ninguna,No existe,Intersección,S/D,S/D,Nocturna,S/D,S/D,S/D,Colisión,S/D,Faltante,Ninguna,Sin restricción,"-32.895027777778,-60.696055555556","['Zelaya', 'Superi']",2,,-32.895027777778,-60.696055555556,55.0,538.0,Municipio Rosario,Municipio,Rosario,820210,Servicio de Catastro e Información Territorial,IGN
2018,5491,2018-07-22,Domingo,0.0,19:20:00,,0.0,2,"Moto/Ciclomotor,Automóvil",Av. Battle y Ordo?ez Y Leiva,3,2,0,0,1,0,0,"-33.008611111111,-60.637666666667",Calle,,ROSARIO,Rosario,Asfalto,No existe,II,S/D,Urbana,Ninguna,No existe,Intersección,Bueno,Buena,Nocturna,Buen Tiempo,Lateral,S/D,Colisión,Ninguna,Faltante,Ninguna,Sin restricción,"-33.008611111111,-60.637666666667","['Avenida Battle y Ordoñez', 'Leiva']",2,,-33.008611111111,-60.637666666667,55.0,538.0,Municipio Rosario,Municipio,Rosario,820210,Servicio de Catastro e Información Territorial,IGN
2018,5492,2018-03-19,Lunes,0.0,05:10:00,,0.0,2,"Automóvil,Peatón",Neuquen 7200,3,2,0,0,1,0,0,"-32.94475,-60.718222222222",Calle,,ROSARIO,Rosario,Asfalto,No existe,II,Dentro,Urbana,Ninguna,No existe,Intersección,Bueno,S/D,Nocturna,S/D,S/D,Peatón,Atropello,Ninguna,Faltante,Ninguna,Sin restricción,"-32.94475,-60.718222222222",['Neuquen 7200'],1,,-32.94475,-60.718222222222,55.0,538.0,Municipio Rosario,Municipio,Rosario,820210,Servicio de Catastro e Información Territorial,IGN
2018,5493,2018-07-22,Domingo,0.0,11:25:00,,0.0,2,"Automóvil,Moto/Ciclomotor",Laprida Y Ameghino,2,1,0,0,1,0,0,"-32.987805555556,-60.6445",Calle,,ROSARIO,Rosario,Asfalto,No existe,II,S/D,Urbana,Ninguna,No existe,Intersección,Bueno,Buena,Diurna,Buen Tiempo,De alcance,S/D,Colisión,Ninguna,Faltante,Ninguna,Sin restricción,"-32.987805555556,-60.6445","['Laprida', 'Ameghino']",2,,-32.987805555556,-60.6445,55.0,538.0,Municipio Rosario,Municipio,Rosario,820210,Servicio de Catastro e Información Territorial,IGN
2018,5494,2018-07-21,Sabado,0.0,19:15:00,,0.0,2,"Moto/Ciclomotor,Automóvil",F.Frias Y Dragones de Rosario,2,1,0,0,1,0,0,"-33.012,-60.650972222222",Calle,,ROSARIO,Rosario,Asfalto,No existe,II,Dentro,Urbana,Ninguna,No existe,Intersección,Bueno,Buena,Atardecer,Buen Tiempo,Lateral,S/D,Colisión,Ninguna,Faltante,Ninguna,Sin restricción,"-33.012,-60.650972222222","['Frias', 'Dragones de Rosario']",2,,-33.012,-60.650972222222,55.0,538.0,Municipio Rosario,Municipio,Rosario,820210,Servicio de Catastro e Información Territorial,IGN
2018,5497,2018-07-21,Sabado,0.0,19:00:00,,0.0,2,"Moto/Ciclomotor,Automóvil",Av. Corrientes Y Av. Uriburu,2,1,0,0,1,0,0,"-32.990888888889,-60.653722222222",Avenida,,ROSARIO,Rosario,Asfalto,No existe,II,S/D,Urbana,Semáforo,Funciona,Intersección,S/D,Buena,Atardecer,Buen Tiempo,Lateral,S/D,Colisión,S/D,Vertical,Ninguna,Sin restricción,"-32.990888888889,-60.653722222222","['Corrientes', 'Uriburu']",2,,-32.990888888889,-60.653722222222,55.0,538.0,Municipio Rosario,Municipio,Rosario,820210,Servicio de Catastro e Información Territorial,IGN
2018,5500,2018-07-20,Viernes,0.0,15:15:00,,0.0,2,"Moto/Ciclomotor,Automóvil",Hilarion de la Quintana Y Serrano,3,2,0,0,1,0,0,"-33.000416666667,-60.631861111111",Calle,,ROSARIO,Rosario,Asfalto,No existe,II,S/D,Urbana,Ninguna,No existe,Intersección,Bueno,S/D,Diurna,Buen Tiempo,Lateral,S/D,Colisión,Ninguna,Faltante,Ninguna,Sin restricción,"-33.000416666667,-60.631861111111","['Hilarión de la Quintana', 'Serrano']",2,,-33.000416666667,-60.631861111111,55.0,538.0,Municipio Rosario,Municipio,Rosario,820210,Servicio de Catastro e Información Territorial,IGN
2018,5502,2018-07-19,Jueves,0.0,18:15:00,,0.0,2,"Automóvil,Moto/Ciclomotor",Mitre Y Gaboto,3,2,0,0,1,0,0,"-32.973083333333,-60.646333333333",Calle,,ROSARIO,Rosario,Asfalto,No existe,II,Dentro,Urbana,Ninguna,No existe,Intersección,Bueno,Buena,Atardecer,Buen Tiempo,Lateral,S/D,Colisión,Ninguna,Faltante,Ninguna,Sin restricción,"-32.973083333333,-60.646333333333","['Mitre', 'Gaboto']",2,,-32.973083333333,-60.646333333333,55.0,538.0,Municipio Rosario,Municipio,Rosario,820210,Servicio de Catastro e Información Territorial,IGN
2018,5503,2018-07-03,Martes,0.0,16:20:00,,0.0,2,"Moto/Ciclomotor,Automóvil",Av. Pellegrini Y Dorrego,2,1,0,0,1,0,0,"-32.955285185603, -60.651952027013",Avenida,,ROSARIO,Rosario,Asfalto,No existe,II,Dentro,Urbana,Semáforo,Funciona,Recta,S/D,S/D,Diurna,S/D,Lateral,S/D,Colisión,S/D,"Horizontal,Vertical",Cordón divisorio,Sin restricción,"-32.955285185603, -60.651952027013","['Pellegrini', 'Dorrego']",2,,-32.955285185603,-60.651952027013,55.0,538.0,Municipio Rosario,Municipio,Rosario,820210,Servicio de Catastro e Información Territorial,IGN
2018,5506,2018-07-19,Jueves,0.0,22:40:00,,0.0,2,"Automóvil,Automóvil",Juan Canals Y Callao,6,2,0,0,4,0,0,"-32.985472222222,-60.670916666667",Calle,,ROSARIO,Rosario,Asfalto,No existe,II,S/D,Urbana,Ninguna,No existe,Intersección,Bueno,Buena,Nocturna,Buen Tiempo,Lateral,S/D,Colisión,Ninguna,Faltante,Ninguna,Sin restricción,"-32.985472222222,-60.670916666667","['Juan Canals', 'Callao']",2,,-32.985472222222,-60.670916666667,55.0,538.0,Municipio Rosario,Municipio,Rosario,820210,Servicio de Catastro e Información Territorial,IGN