anio_acci,nro_acci,fecha,desc_dia,fecha_aprox,hora_aprox,desc_ruta,km,cant_participantes,desc_participante,calle_avenida_km,total,heridos_leves,heridos_graves,heridos_gravisimos,ilesos,fallecidos,sin_datos,posicion_XY,desc_tipo_via,desc_ruta_ori,desc_loc,desc_dpto,desc_tipo_calzada,desc_tipo_banquina,desc_unidad_regional,desc_lugar_calzada,desc_zona,desc_prioridad,desc_estado_semaforo,desc_lugar_via,desc_estado_via,desc_estado_visibilidad,desc_luminosidad,desc_estado_clima,desc_tipo_colision,desc_tipo_atropello,desc_tipo_hecho,desc_pres_calzada,desc_senializacion,desc_separacion_via,desc_restriccion,forma_geocod,calle_lista,numero_calles,calles_osm,lat,lon,index_right,gid,fna,gna,nam,in1,fdc,sag
2018,5507,2018-07-04,Miercoles,0.0,16:40:00,,0.0,2,"Automóvil,Bicicleta",L.N.Alem Y Riobamba,2,1,0,0,1,0,0,"-32.964748019007, -60.632468460729",Calle,,ROSARIO,Rosario,Asfalto,No existe,II,Dentro,Urbana,Señal Pare,No existe,Intersección,S/D,S/D,Diurna,S/D,S/D,Ciclista,Atropello,S/D,"Horizontal,Vertical",Ninguna,Sin restricción,"-32.964748019007, -60.632468460729","['Alem', 'Riobamba']",2,,-32.964748019007,-60.632468460729,55.0,538.0,Municipio Rosario,Municipio,Rosario,820210,Servicio de Catastro e Información Territorial,IGN
2018,5510,2018-07-05,Jueves,0.0,04:40:00,,0.0,1,Moto/Ciclomotor,Av. Pellegrini Y Bv. Oro?o,2,2,0,0,0,0,0,"-32.954491251734, -60.656114815404",Avenida,,ROSARIO,Rosario,Asfalto,No existe,II,Dentro,Urbana,Semáforo,Funciona,Intersección,S/D,S/D,Nocturna,S/D,S/D,S/D,Caída ocupante,S/D,"Horizontal,Vertical",Cordón divisorio,Sin restricción,"-32.954491251734, -60.656114815404","['Pellegrini', 'Bulevar Nicasio Oroño']",2,,-32.954491251734,-60.656114815404,55.0,538.0,Municipio Rosario,Municipio,Rosario,820210,Servicio de Catastro e Información Territorial,IGN
2018,5512,2018-07-05,Jueves,0.0,05:40:00,,0.0,2,"Moto/Ciclomotor,Pickup/Utilitario",Av. Corrientes Y Urquiza,2,1,0,0,1,0,0,"-32.942174681252, -60.641485168935",Avenida,,ROSARIO,Rosario,Asfalto,No existe,II,Dentro,Urbana,Semáforo,Funciona,Intersección,S/D,S/D,Nocturna,S/D,Lateral,S/D,Colisión,S/D,"Horizontal,Vertical",Ninguna,Sin restricción,"-32.942174681252, -60.641485168935","['Corrientes', 'Urquiza']",2,,-32.942174681252,-60.641485168935,55.0,538.0,Municipio Rosario,Municipio,Rosario,820210,Servicio de Catastro e Información Territorial,IGN
2018,5513,2018-07-17,Martes,0.0,17:40:00,,0.0,2,"Moto/Ciclomotor,Automóvil",Dorrego Y Coulin,2,1,0,0,1,0,0,"-32.989645154935, -60.660582627970",Calle,,ROSARIO,Rosario,Asfalto,No existe,II,S/D,Urbana,Ninguna,No existe,Intersección,Bueno,Buena,Diurna,Buen Tiempo,Lateral,S/D,Colisión,Ninguna,Faltante,Ninguna,Sin restricción,"-32.989645154935, -60.660582627970","['Dorrego', 'Coulin']",2,,-32.989645154935,-60.66058262797,55.0,538.0,Municipio Rosario,Municipio,Rosario,820210,Servicio de Catastro e Información Territorial,IGN
2018,5526,2018-08-06,Lunes,0.0,05:40:00,,0.0,2,"Moto/Ciclomotor,Automóvil",Av. De Las Palmeras 1400,2,1,0,0,1,0,0,"-32.97916, -60.73599",Calle,,ROSARIO,Rosario,Asfalto,Natural,II,Dentro,Urbana,Ninguna,No existe,Recta,Bueno,Buena,Amanecer,Buen Tiempo,Lateral,S/D,Colisión,Ninguna,Faltante,Ninguna,Sin restricción,"-32.97916, -60.73599",['De Las Palmeras 1400'],1,,-32.97916,-60.73599,55.0,538.0,Municipio Rosario,Municipio,Rosario,820210,Servicio de Catastro e Información Territorial,IGN
2018,5527,2018-08-14,Martes,0.0,23:00:00,,0.0,2,"Peatón,Transporte de Pasajeros Urbano (> 8 asientos)",Alberdi Y Almafuerte,2,1,0,0,0,0,1,"-32.917338674326, -60.683808222826",Calle,,ROSARIO,Rosario,S/D,S/D,II,S/D,Urbana,S/D,S/D,S/D,S/D,S/D,S/D,S/D,S/D,Peatón,Atropello,S/D,S/D,S/D,S/D,"-32.917338674326, -60.683808222826","['Alberdi', 'Almafuerte']",2,,-32.917338674326,-60.683808222826,55.0,538.0,Municipio Rosario,Municipio,Rosario,820210,Servicio de Catastro e Información Territorial,IGN
2018,5528,2018-08-07,Martes,0.0,10:30:00,,0.0,2,"Automóvil,Bicicleta",Bv. Avellaneda Y Virasoro,3,1,0,0,2,0,0,"-32.962583333333,-60.684944444444",Calle,,ROSARIO,Rosario,Asfalto,No existe,II,S/D,Urbana,Ninguna,No existe,Intersección,Bueno,Buena,Diurna,Buen Tiempo,S/D,Ciclista,Atropello,Ninguna,Faltante,Ninguna,Sin restricción,"-32.962583333333,-60.684944444444","['Avellaneda', 'Virasoro']",2,,-32.962583333333,-60.684944444444,55.0,538.0,Municipio Rosario,Municipio,Rosario,820210,Servicio de Catastro e Información Territorial,IGN
2018,5529,2018-08-07,Martes,0.0,11:55:00,,0.0,2,"Moto/Ciclomotor,Moto/Ciclomotor",Sanguinetti Y Pje. J.Casals,3,3,0,0,0,0,0,"-32.971861111111,-60.697555555556",Calle,,ROSARIO,Rosario,Asfalto,No existe,II,S/D,Urbana,Ninguna,No existe,Intersección,Bueno,Buena,Diurna,Buen Tiempo,Lateral,S/D,Colisión,Ninguna,Faltante,Ninguna,Sin restricción,"-32.971861111111,-60.697555555556","['Sanguinetti', 'Casals']",2,,-32.971861111111,-60.697555555556,55.0,538.0,Municipio Rosario,Municipio,Rosario,820210,Servicio de Catastro e Información Territorial,IGN
2018,5530,2018-08-26,Domingo,0.0,05:45:00,,0.0,2,"Automóvil,Taxi/Remis",Rioja Y Castellanos,2,2,0,0,0,0,0,"-32.940944444444,-60.675333333333",Calle,,ROSARIO,Rosario,S/D,S/D,II,S/D,Urbana,S/D,No existe,Intersección,S/D,S/D,Amanecer,S/D,S/D,S/D,S/D,S/D,Faltante,S/D,S/D,"-32.940944444444,-60.675333333333","['Rioja', 'Aaron Castellanos']",2,,-32.940944444444,-60.675333333333,55.0,538.0,Municipio Rosario,Municipio,Rosario,820210,Servicio de Catastro e Información Territorial,IGN
2018,5531,2018-08-16,Jueves,0.0,21:40:00,,0.0,2,"Automóvil,Automóvil",Cayetano Silva Bis Y Av. Genova,6,3,0,0,3,0,0,"-32.915,-60.679111111111",Calle,,ROSARIO,Rosario,Hormigón,S/D,II,Dentro,Urbana,Semáforo,Funciona,Intersección,Bueno,Buena,Con luz artificial,Buen Tiempo,Otro,S/D,Colisión,Ninguna,"Horizontal,Vertical",S/D,Sin restricción,"-32.915,-60.679111111111","['Cayetano Silva', 'Genova']",2,,-32.915,-60.679111111111,55.0,538.0,Municipio Rosario,Municipio,Rosario,820210,Servicio de Catastro e Información Territorial,IGN
2018,5532,2018-08-09,Jueves,0.0,11:40:00,,0.0,2,"Peatón,Transporte de Pasajeros Urbano (> 8 asientos)",Alberdi Y J.J.Paso,2,1,0,0,1,0,0,"-32.91933, -60.68242",Calle,,ROSARIO,Rosario,Asfalto,Pavimento,II,S/D,Urbana,Semáforo,S/D,Intersección,Bueno,Buena,Nocturna,Buen Tiempo,S/D,Peatón,Atropello,S/D,S/D,Cordón divisorio,Sin restricción,"-32.91933, -60.68242","['Alberdi', 'Paso']",2,,-32.91933,-60.68242,55.0,538.0,Municipio Rosario,Municipio,Rosario,820210,Servicio de Catastro e Información Territorial,IGN
2018,5533,2018-08-27,Lunes,0.0,10:20:00,,0.0,2,"Automóvil,Automóvil",San Luis Y San Nicolas,4,3,0,0,1,0,0,"-32.942916666667,-60.673",Calle,,ROSARIO,Rosario,S/D,S/D,II,S/D,Urbana,S/D,S/D,Intersección,Bueno,Buena,Diurna,S/D,S/D,S/D,Colisión,S/D,S/D,S/D,S/D,"-32.942916666667,-60.673","['San Luis', 'San Nicolás']",2,,-32.942916666667,-60.673,55.0,538.0,Municipio Rosario,Municipio,Rosario,820210,Servicio de Catastro e Información Territorial,IGN
2018,5534,2018-08-19,Domingo,0.0,23:30:00,,0.0,2,"Peatón,Automóvil",Pje. Einstein Y Campbell,2,1,0,0,0,0,1,"-32.92475,-60.70872",Calle,,ROSARIO,Rosario,S/D,S/D,II,S/D,Urbana,S/D,S/D,S/D,S/D,S/D,S/D,S/D,S/D,Peatón,Atropello,S/D,S/D,S/D,S/D,"-32.92475,-60.70872","['Einstein', 'Campbell']",2,,-32.92475,-60.70872,55.0,538.0,Municipio Rosario,Municipio,Rosario,820210,Servicio de Catastro e Información Territorial,IGN
2018,5536,2018-08-26,Domingo,0.0,00:30:00,,0.0,2,"Moto/Ciclomotor,Automóvil",Junin Y Solis,3,1,0,1,1,0,0,"-32.927333333333,-60.703916666667",Calle,,ROSARIO,Rosario,Asfalto,Pavimento,II,S/D,Urbana,S/D,Intermitente,Intersección,Bueno,Buena,Con luz artificial,S/D,S/D,S/D,Colisión,Ninguna,Vertical,S/D,S/D,"-32.927333333333,-60.703916666667","['Junín', 'Solis']",2,,-32.927333333333,-60.703916666667,55.0,538.0,Municipio Rosario,Municipio,Rosario,820210,Servicio de Catastro e Información Territorial,IGN
2018,5537,2018-08-17,Viernes,0.0,09:55:00,,0.0,2,"Automóvil,Moto/Ciclomotor",Pje. E.Gonzalez Y Rep.Dominicana,2,1,0,0,1,0,0,"-32.92889, -60.68987",Calle,,ROSARIO,Rosario,Asfalto,No existe,II,S/D,Urbana,S/D,Funciona,Intersección,S/D,Buena,Con luz artificial,Buen Tiempo,S/D,S/D,Colisión,Ninguna,Faltante,S/D,Sin restricción,"-32.92889, -60.68987","['Gonzalez', 'República Dominicana']",2,,-32.92889,-60.68987,55.0,538.0,Municipio Rosario,Municipio,Rosario,820210,Servicio de Catastro e Información Territorial,IGN
2018,5538,2018-08-28,Martes,0.0,19:15:00,,0.0,2,"Automóvil,Moto/Ciclomotor",Santa Fe Y Matienzo,2,1,0,0,1,0,0,"-32.935222222222,-60.694888888889",Calle,,ROSARIO,Rosario,Asfalto,Pavimento,II,S/D,Urbana,S/D,Funciona,S/D,S/D,Buena,Con luz artificial,Buen Tiempo,Lateral,S/D,Colisión,Ninguna,Faltante,Ninguna,Sin restricción,"-32.935222222222,-60.694888888889","['Santa Fe', 'Matienzo']",2,,-32.935222222222,-60.694888888889,55.0,538.0,Municipio Rosario,Municipio,Rosario,820210,Servicio de Catastro e Información Territorial,IGN
2018,5539,2018-08-26,Domingo,0.0,21:35:00,,0.0,2,"Taxi/Remis,Moto/Ciclomotor",Rioja Y Valparaiso,2,1,0,0,1,0,0,"-32.93975,-60.682166666667",Calle,,ROSARIO,Rosario,S/D,S/D,II,S/D,Urbana,S/D,S/D,Intersección,S/D,S/D,Nocturna,S/D,S/D,S/D,Colisión,S/D,S/D,S/D,S/D,"-32.93975,-60.682166666667","['Rioja', 'Valparaíso']",2,,-32.93975,-60.682166666667,55.0,538.0,Municipio Rosario,Municipio,Rosario,820210,Servicio de Catastro e Información Territorial,IGN
2018,5540,2018-08-16,Jueves,0.0,13:30:00,,0.0,2,"Moto/Ciclomotor,Pickup/Utilitario",Av. Alberdi Bis Y Del Valle Iberlucea,3,0,1,0,2,0,0,"-32.918722222222,-60.682611111111",Avenida,,ROSARIO,Rosario,Asfalto,No existe,II,S/D,Urbana,Otra Señal,No existe,Recta,Bueno,Buena,Diurna,Buen Tiempo,De alcance,Ciclista,Atropello,Ninguna,S/D,Línea divisoria pintada,Sin restricción,"-32.918722222222,-60.682611111111","['Alberdi', 'Del Valle Iberlucea']",2,,-32.918722222222,-60.682611111111,55.0,538.0,Municipio Rosario,Municipio,Rosario,820210,Servicio de Catastro e Información Territorial,IGN
2018,5542,2018-08-05,Domingo,0.0,19:45:00,,0.0,2,"Automóvil,Moto/Ciclomotor",Dean Funes Y Tte.Agneta,3,0,1,0,2,0,0,"-32.967111111111,-60.698805555556",Calle,,ROSARIO,Rosario,Asfalto,No existe,II,S/D,Urbana,Ninguna,No existe,Intersección,Bueno,Buena,"Nocturna,Con luz artificial",Buen Tiempo,Lateral,S/D,Colisión,Ninguna,Faltante,Ninguna,Sin restricción,"-32.967111111111,-60.698805555556","['Deán Gregorio Funes', 'Teniente Agneta']",2,,-32.967111111111,-60.698805555556,55.0,538.0,Municipio Rosario,Municipio,Rosario,820210,Servicio de Catastro e Información Territorial,IGN
2018,5543,2018-08-09,Jueves,0.0,22:15:00,,0.0,2,"Taxi/Remis,Moto/Ciclomotor",Cerrito Y Alsina,2,1,0,0,1,0,0,"-32.955,-60.680333333333",Calle,,ROSARIO,Rosario,S/D,S/D,II,Dentro,Urbana,S/D,S/D,S/D,S/D,S/D,S/D,S/D,S/D,S/D,S/D,S/D,S/D,S/D,S/D,"-32.955,-60.680333333333","['Cerrito', 'Alsina']",2,,-32.955,-60.680333333333,55.0,538.0,Municipio Rosario,Municipio,Rosario,820210,Servicio de Catastro e Información Territorial,IGN
2018,5544,2018-08-27,Lunes,0.0,07:55:00,,0.0,2,"Automóvil,Peatón",Mitre Y Virasoro,2,1,0,0,1,0,0,"-32.969666666667,-60.645416666667",S/D,,ROSARIO,Rosario,S/D,S/D,II,S/D,Urbana,Semáforo,S/D,Intersección,S/D,Buena,Diurna,S/D,S/D,Peatón,Atropello,S/D,Faltante,S/D,S/D,"-32.969666666667,-60.645416666667","['Mitre', 'Virasoro']",2,,-32.969666666667,-60.645416666667,55.0,538.0,Municipio Rosario,Municipio,Rosario,820210,Servicio de Catastro e Información Territorial,IGN
2018,5545,2018-08-06,Lunes,0.0,13:30:00,,0.0,2,"Moto/Ciclomotor,Taxi/Remis",Barra Y Pje. Lejarza,3,1,0,0,2,0,0,"-32.96675,-60.705805555556",Calle,,ROSARIO,Rosario,Asfalto,No existe,II,S/D,Urbana,Ninguna,No existe,Intersección,Bueno,Buena,Diurna,Buen Tiempo,Frontal,S/D,Colisión,Ninguna,Faltante,Ninguna,Sin restricción,"-32.96675,-60.705805555556","['Barra', 'Lejarza']",2,,-32.96675,-60.705805555556,55.0,538.0,Municipio Rosario,Municipio,Rosario,820210,Servicio de Catastro e Información Territorial,IGN
2018,5546,2018-08-10,Viernes,0.0,15:50:00,,0.0,2,"Moto/Ciclomotor,Automóvil",Ocampo Y Lavalle,2,1,0,0,1,0,0,"-32.959333333333,-60.682833333333",Calle,,ROSARIO,Rosario,Asfalto,No existe,II,Dentro,Urbana,Ninguna,No existe,Intersección,Bueno,Buena,Diurna,Buen Tiempo,Frontal,S/D,Colisión,Ninguna,Faltante,Ninguna,Sin restricción,"-32.959333333333,-60.682833333333","['Ocampo', 'Lavalle']",2,,-32.959333333333,-60.682833333333,55.0,538.0,Municipio Rosario,Municipio,Rosario,820210,Servicio de Catastro e Información Territorial,IGN
2018,5547,2018-08-25,Sabado,0.0,13:00:00,,0.0,2,"Moto/Ciclomotor,Automóvil",Miller Y Casiano Casas,4,2,0,0,2,0,0,"-32.901305555556,-60.706361111111",Calle,,ROSARIO,Rosario,Asfalto,No existe,II,Dentro,Urbana,Ninguna,No existe,Intersección,Bueno,Buena,Diurna,Buen Tiempo,Lateral,S/D,Otro,Ninguna,Faltante,"Barrera de hormigón,Cordón divisorio",S/D,"-32.901305555556,-60.706361111111","['Miller', 'Avenida Casiano Casas']",2,,-32.901305555556,-60.706361111111,55.0,538.0,Municipio Rosario,Municipio,Rosario,820210,Servicio de Catastro e Información Territorial,IGN
2018,5548,2018-08-14,Martes,0.0,13:20:00,,0.0,2,"Automóvil,Moto/Ciclomotor",Pje. Boedo Y M.Perdriel,2,1,0,0,1,0,0,"-32.894722222222,-60.706361111111",Calle,,ROSARIO,Rosario,Asfalto,No existe,II,Dentro,Urbana,Ninguna,No existe,Intersección,Bueno,Buena,Diurna,Buen Tiempo,Lateral,S/D,Colisión,Ninguna,S/D,Cordón divisorio,Sin restricción,"-32.894722222222,-60.706361111111","['Boedo', 'Perdriel']",2,,-32.894722222222,-60.706361111111,55.0,538.0,Municipio Rosario,Municipio,Rosario,820210,Servicio de Catastro e Información Territorial,IGN
2018,5549,2018-08-27,Lunes,0.0,17:10:00,,0.0,2,"Automóvil,Moto/Ciclomotor",Bv. Oro?o Y Av. Lugones,2,1,0,0,1,0,0,"-32.958166666667,-60.656944444444",Avenida,,ROSARIO,Rosario,S/D,S/D,II,S/D,Urbana,S/D,S/D,Intersección,Bueno,Buena,Diurna,S/D,S/D,S/D,Colisión,S/D,S/D,S/D,S/D,"-32.958166666667,-60.656944444444","['Bulevar Nicasio Oroño', 'Lugones']",2,,-32.958166666667,-60.656944444444,55.0,538.0,Municipio Rosario,Municipio,Rosario,820210,Servicio de Catastro e Información Territorial,IGN
2018,5550,2018-08-10,Viernes,0.0,19:30:00,,0.0,2,"Transporte de Pasajeros Urbano (> 8 asientos),Moto/Ciclomotor",Baigorria Y Zenon Pereyra,2,1,0,0,1,0,0,"-32.893805555556,-60.71275",Calle,,ROSARIO,Rosario,Asfalto,No existe,II,S/D,Urbana,Señal Pare,No existe,Intersección,Bueno,Buena,Atardecer,Buen Tiempo,Otro,S/D,Colisión,Ninguna,Horizontal,Ninguna,Sin restricción,"-32.893805555556,-60.71275","['Baigorria', 'Zenón Pereyra']",2,,-32.893805555556,-60.71275,55.0,538.0,Municipio Rosario,Municipio,Rosario,820210,Servicio de Catastro e Información Territorial,IGN
2018,5551,2018-08-27,Lunes,0.0,16:30:00,,0.0,2,"Taxi/Remis,Bicicleta",Tucuman Y Entre Rios,2,1,0,0,1,0,0,"-32.941305555556,-60.639805555556",Calle,,ROSARIO,Rosario,S/D,S/D,II,S/D,Urbana,S/D,S/D,Intersección,S/D,S/D,Diurna,S/D,S/D,Ciclista,Atropello,S/D,S/D,S/D,S/D,"-32.941305555556,-60.639805555556","['Tucumán', 'Entre Ríos']",2,,-32.941305555556,-60.639805555556,55.0,538.0,Municipio Rosario,Municipio,Rosario,820210,Servicio de Catastro e Información Territorial,IGN
2018,5554,2018-08-13,Lunes,0.0,07:15:00,,0.0,2,"Automóvil,Automóvil",Av. Provincias Unidas Y Rivarola,2,0,1,0,1,0,0,"-32.96575,-60.711666666667",Avenida,,ROSARIO,Rosario,Asfalto,Pavimento,II,S/D,Urbana,Ninguna,Funciona,Recta,Bueno,Buena,Diurna,Buen Tiempo,Frontal,S/D,Colisión,Ninguna,Faltante,Barrera de hormigón,Sin restricción,"-32.96575,-60.711666666667","['Avenida Provincias Unidas', 'Rivarola']",2,,-32.96575,-60.711666666667,55.0,538.0,Municipio Rosario,Municipio,Rosario,820210,Servicio de Catastro e Información Territorial,IGN
2018,5555,2018-08-23,Jueves,0.0,03:00:00,,0.0,2,"Automóvil,Bicicleta",Gianneo Y Av. Kennedy,2,1,0,0,1,0,0,"-32.889638888889,-60.711861111111",Calle,,ROSARIO,Rosario,Asfalto,No existe,II,Dentro,Urbana,Ninguna,S/D,Intersección,Bueno,Buena,Nocturna,Buen Tiempo,S/D,Ciclista,Atropello,Ninguna,Faltante,Ninguna,Sin restricción,"-32.889638888889,-60.711861111111","['Gianneo (Sur)', 'Kennedy']",2,,-32.889638888889,-60.711861111111,55.0,538.0,Municipio Rosario,Municipio,Rosario,820210,Servicio de Catastro e Información Territorial,IGN
2018,5556,2018-08-27,Lunes,0.0,18:00:00,,0.0,2,"Bicicleta,Moto/Ciclomotor",Bv. Oro?o Y Bv. 27 De Febrero,2,1,0,0,0,0,1,"-32.965027777778,-60.658666666667",Avenida,,ROSARIO,Rosario,S/D,S/D,II,S/D,Urbana,S/D,S/D,Intersección,S/D,S/D,Diurna,S/D,S/D,Ciclista,Atropello,S/D,S/D,S/D,S/D,"-32.965027777778,-60.658666666667","['Bulevar Nicasio Oroño', '27 de Febrero']",2,,-32.965027777778,-60.658666666667,55.0,538.0,Municipio Rosario,Municipio,Rosario,820210,Servicio de Catastro e Información Territorial,IGN
2018,5557,2018-08-28,Martes,0.0,17:05:00,,0.0,2,"Moto/Ciclomotor,Automóvil",9 De Julio Y Suipacha,2,1,0,0,1,0,0,"-32.949166666667,-60.666055555556",Calle,,ROSARIO,Rosario,S/D,S/D,II,S/D,Urbana,S/D,S/D,Intersección,S/D,S/D,Atardecer,S/D,S/D,S/D,Colisión,S/D,S/D,S/D,S/D,"-32.949166666667,-60.666055555556","['9 de Julio', 'Suipacha']",2,,-32.949166666667,-60.666055555556,55.0,538.0,Municipio Rosario,Municipio,Rosario,820210,Servicio de Catastro e Información Territorial,IGN
2018,5558,2018-08-10,Viernes,0.0,16:00:00,,0.0,3,"Automóvil,Camión c / Semirremolque,Moto/Ciclomotor",Av. Pte.Peron Y Roullon,3,1,0,0,2,0,0,"-32.962972222222,-60.701361111111",Avenida,,ROSARIO,Rosario,Asfalto,No existe,II,Dentro,Urbana,Semáforo,Funciona,Intersección,Bueno,Buena,Diurna,Buen Tiempo,Lateral,S/D,Colisión,Ninguna,Vertical,Cordón divisorio,Sin restricción,"-32.962972222222,-60.701361111111","['Avenida Presidente Perón', 'Alfredo Rouillón']",2,,-32.962972222222,-60.701361111111,55.0,538.0,Municipio Rosario,Municipio,Rosario,820210,Servicio de Catastro e Información Territorial,IGN
2018,5559,2018-08-21,Martes,0.0,17:00:00,,0.0,2,"Automóvil,Moto/Ciclomotor",Av. De La Libertad Y San Juan,2,1,0,0,1,0,0,"-32.952388888889,-60.627972222222",Avenida,,ROSARIO,Rosario,S/D,S/D,II,S/D,Urbana,S/D,S/D,Intersección,S/D,S/D,Atardecer,S/D,S/D,S/D,Colisión,S/D,S/D,S/D,S/D,"-32.952388888889,-60.627972222222","['De La Libertad', 'San Juan']",2,,-32.952388888889,-60.627972222222,55.0,538.0,Municipio Rosario,Municipio,Rosario,820210,Servicio de Catastro e Información Territorial,IGN
2018,5560,2018-08-13,Lunes,0.0,19:45:00,,0.0,2,"Moto/Ciclomotor,Automóvil",Bv. 27 De Febrero Y Garzon,2,0,1,0,1,0,0,"-32.959055555556,-60.704916666667",Calle,,ROSARIO,Rosario,Asfalto,No existe,II,S/D,Urbana,Ninguna,No existe,Intersección,Bueno,Buena,"Nocturna,Con luz artificial",Buen Tiempo,Lateral,S/D,Colisión,Ninguna,Faltante,Ninguna,Sin restricción,"-32.959055555556,-60.704916666667","['27 de Febrero', 'Garzón']",2,,-32.959055555556,-60.704916666667,55.0,538.0,Municipio Rosario,Municipio,Rosario,820210,Servicio de Catastro e Información Territorial,IGN
2018,5561,2018-08-24,Viernes,0.0,03:40:00,,0.0,2,"Automóvil,Moto/Ciclomotor",Mitre Y Av. Pellegrini,2,1,0,0,1,0,0,"-32.957027777778,-60.642277777778",Avenida,,ROSARIO,Rosario,S/D,S/D,II,S/D,Urbana,S/D,Intermitente,Intersección,S/D,S/D,Nocturna,S/D,S/D,S/D,Colisión,S/D,S/D,S/D,S/D,"-32.957027777778,-60.642277777778","['Mitre', 'Pellegrini']",2,,-32.957027777778,-60.642277777778,55.0,538.0,Municipio Rosario,Municipio,Rosario,820210,Servicio de Catastro e Información Territorial,IGN
2018,5562,2018-08-28,Martes,0.0,14:00:00,,0.0,2,"Automóvil,Automóvil",Av. Francia Y La Paz,2,1,0,0,1,0,0,"-32.95925,-60.670111111111",Avenida,,ROSARIO,Rosario,S/D,S/D,II,S/D,Urbana,Semáforo,S/D,Intersección,S/D,S/D,Diurna,S/D,S/D,S/D,Colisión,S/D,S/D,S/D,S/D,"-32.95925,-60.670111111111","['Avenida Francia', 'La Paz']",2,,-32.95925,-60.670111111111,55.0,538.0,Municipio Rosario,Municipio,Rosario,820210,Servicio de Catastro e Información Territorial,IGN
2018,5563,2018-08-27,Lunes,0.0,20:20:00,,0.0,2,"Bicicleta,Automóvil",Balcarce 900,2,1,0,0,1,0,0,"-32.945083333333,-60.652222222222",S/D,,ROSARIO,Rosario,S/D,S/D,II,S/D,S/D,S/D,S/D,Recta,S/D,S/D,Diurna,S/D,S/D,Ciclista,Atropello,S/D,S/D,S/D,S/D,"-32.945083333333,-60.652222222222",['Balcarce 900'],1,,-32.945083333333,-60.652222222222,55.0,538.0,Municipio Rosario,Municipio,Rosario,820210,Servicio de Catastro e Información Territorial,IGN
2018,5565,2018-08-23,Jueves,0.0,16:45:00,,0.0,2,"Bicicleta,Automóvil",E.Zeballos Y Laprida,2,1,0,0,1,0,0,"-32.95575,-60.636388888889",Calle,,ROSARIO,Rosario,S/D,S/D,II,S/D,Urbana,S/D,S/D,Intersección,S/D,S/D,Diurna,S/D,S/D,Ciclista,Atropello,S/D,S/D,S/D,S/D,"-32.95575,-60.636388888889","['Zeballos', 'Laprida']",2,,-32.95575,-60.636388888889,55.0,538.0,Municipio Rosario,Municipio,Rosario,820210,Servicio de Catastro e Información Territorial,IGN
2018,5566,2018-08-14,Martes,0.0,19:00:00,,0.0,2,"Automóvil,Moto/Ciclomotor",Bv. 27 De Febrero Y Av. Provincias Unidas,3,2,0,0,1,0,0,"-32.95925,-60.711944444444",Calle,,ROSARIO,Rosario,Asfalto,No existe,II,S/D,Urbana,Semáforo,Funciona,Recta,Bueno,Buena,"Atardecer,Con luz artificial",Buen Tiempo,Contra objeto fijo,S/D,Colisión,Ninguna,"Horizontal,Vertical",Cordón divisorio,Sin restricción,"-32.95925,-60.711944444444","['27 de Febrero', 'Avenida Provincias Unidas']",2,,-32.95925,-60.711944444444,55.0,538.0,Municipio Rosario,Municipio,Rosario,820210,Servicio de Catastro e Información Territorial,IGN
2018,5567,2018-08-18,Sabado,0.0,09:15:00,,0.0,2,"Moto/Ciclomotor,Automóvil",Ayacucho Y Pasco,3,1,0,0,2,0,0,"-32.961583333333,-60.630194444444",Calle,,ROSARIO,Rosario,S/D,S/D,II,S/D,Urbana,Señal Pare,S/D,Intersección,S/D,S/D,S/D,S/D,S/D,S/D,Colisión,Ninguna,S/D,S/D,S/D,"-32.961583333333,-60.630194444444","['Ayacucho', 'Pasco']",2,,-32.961583333333,-60.630194444444,55.0,538.0,Municipio Rosario,Municipio,Rosario,820210,Servicio de Catastro e Información Territorial,IGN
2018,5568,2018-08-24,Viernes,0.0,14:55:00,,0.0,2,"Pickup/Utilitario,Bicicleta",Riobamba Y Ayacucho,2,1,0,0,1,0,0,"-32.965027777778,-60.631055555556",Calle,,ROSARIO,Rosario,S/D,S/D,II,S/D,Urbana,S/D,S/D,Intersección,S/D,S/D,Diurna,S/D,S/D,Ciclista,Atropello,S/D,S/D,S/D,S/D,"-32.965027777778,-60.631055555556","['Riobamba', 'Ayacucho']",2,,-32.965027777778,-60.631055555556,55.0,538.0,Municipio Rosario,Municipio,Rosario,820210,Servicio de Catastro e Información Territorial,IGN
2018,5578,2018-07-14,Sabado,0.0,14:45:00,,0.0,2,"Bicicleta,Automóvil",San Juan Y Mitre,2,1,0,0,1,0,0,"-32.949888888889,-60.640472222222",Calle,,ROSARIO,Rosario,Asfalto,No existe,II,Dentro,Urbana,S/D,No existe,Intersección,Bueno,Buena,Diurna,S/D,S/D,Ciclista,Atropello,Ninguna,Faltante,S/D,S/D,"-32.949888888889,-60.640472222222","['San Juan', 'Mitre']",2,,-32.949888888889,-60.640472222222,55.0,538.0,Municipio Rosario,Municipio,Rosario,820210,Servicio de Catastro e Información Territorial,IGN